FeatureID	cFA01a	cFA01b	cFA05a	cFA05b	cFA09a	cFA09b	cFA13a	cFA13b	cFA17a	cFA17b	cFA21a	cFA21b	cFT01a	cFT01b	cFT05a	cFT05b	cFT09a	cFT09b	cFT13a	cFT13b	cFT17a	cFT17b	cFT21a	cFT21b	cNA01a	cNA01b	cNA01c	cNA05a	cNA05b	cNA05c	cNA09a	cNA09b	cNA09c	cNA13a	cNA13b	cNA13c	cNA17a	cNA17b	cNA17c	cNA21a	cNA21b	cNA21c
1-14-0-10-42-12 sp002787695|PF04563.18	0	0	0	0	0	0	0	0	0	0	0	0	0	0	0	0	0	0	0	0	0	0	0	0	0	2	0	0	0	0	0	0	0	0	0	0	0	0	0	0	0	0
1-14-0-10-55-24 sp002772745|PF04563.18	0	0	0	0	0	0	0	0	0	0	0	0	0	0	0	0	0	0	0	0	0	0	0	0	0	0	0	0	2	0	0	0	0	0	0	0	0	0	0	0	0	0
14-2 sp000403255|PF02275.21	0	0	3	1	4	0	2	0	0	0	2	0	0	0	0	0	0	2	0	0	2	0	0	1	0	0	1	1	3	0	0	0	2	1	0	0	0	1	0	0	3	0
14-2 sp000403255|PF04563.18	19	7	6	16	4	19	25	0	15	22	16	7	15	7	18	14	8	15	200	209	264	294	22	6	183	71	50	7	11	7	26	7	7	53	407	27	30	112	39	84	5	99
14-2 sp000403315|PF02275.21	0	0	0	0	0	0	0	0	0	0	0	0	0	0	2	0	0	0	0	0	0	0	4	0	4	71	79	0	260	45	20	199	241	26	50	16	6	415	100	46	25	42
14-2 sp000403315|PF04563.18	18	2	14	97	12	272	38	18	28	23	12	17	78	71	118	245	146	780	68	72	252	55	231	173	224	348	79	6	9	12	7	84	14	18	112	71	30	29	12	34	2	21
14-2 sp000403845|PF02275.21	2	0	8	0	4	0	12	2	0	0	10	0	2	1	4	4	8	4	4	5	4	8	3	4	2	135	140	8	123	65	4	14	3	3	69	6	7	5	43	0	73	24
14-2 sp000403845|PF04563.18	22	30	42	19	30	54	75	25	52	66	38	47	38	24	25	37	14	38	127	139	243	188	43	30	107	45	38	3	6	12	39	21	35	44	332	34	29	99	20	80	5	56
14-2 sp001940225|PF04563.18	18	0	0	8	32	2	11	45	19	7	35	24	2	2	7	12	4	2	2	20	2	2	2	2	17	9	2	2	0	6	16	0	0	6	11	8	3	5	0	0	0	2
1XD42-69 sp003612565|PF02275.21	0	0	0	0	0	0	0	0	0	2	0	0	0	0	0	0	0	0	2	0	0	2	2	0	2	9	17	66	90	32	18	71	53	0	0	25	0	75	20	1	4	0
1XD42-69 sp003612565|PF04563.18	5	0	6	4	8	4	3	0	5	13	11	4	3	11	1	7	6	2	15	2	9	4	1	6	4	4	229	2	27	2	0	2	0	5	2	191	5	5	2	1	2	4
1XD42-69 sp009911505|PF02275.21	14	12	2	8	0	4	16	18	18	22	0	0	0	2	17	6	22	42	34	31	24	16	12	0	8	26	41	277	107	201	70	100	45	22	29	14	12	77	39	20	29	9
1XD42-69 sp009911505|PF04563.18	391	231	15	225	17	299	515	588	289	329	33	10	52	132	884	879	1110	502	597	485	952	361	165	107	2	38	39	2	21	3	91	92	118	68	104	357	50	15	57	88	52	115
1XD8-76 sp003611955|PF02275.21	0	0	0	0	0	0	0	0	0	0	0	0	0	0	0	0	0	0	0	0	0	0	0	0	0	0	0	0	0	3	0	0	0	0	0	0	0	0	0	0	0	2
1XD8-76 sp003611955|PF04563.18	38	34	23	23	18	40	32	7	64	44	67	17	0	4	27	41	30	31	53	58	66	52	6	13	0	5	4	4	3	2	2	12	6	11	40	1	11	22	6	103	5	73
2-01-FULL-43-38 sp000997105|PF04563.18	0	0	0	0	0	0	0	0	0	0	0	0	0	0	0	0	0	0	0	0	0	0	0	0	0	0	0	0	0	0	0	0	2	0	0	0	0	0	0	0	0	0
2-01-FULL-50-11 sp001777585|PF04563.18	0	0	0	0	0	0	0	0	0	0	0	0	0	0	0	0	2	0	0	0	0	0	0	0	0	0	0	0	0	0	0	0	0	0	0	0	0	0	0	0	0	0
2-01-FULL-50-28 sp001816585|PF04563.18	0	0	0	0	0	0	0	0	0	0	0	0	0	0	0	0	0	0	0	0	0	0	0	0	0	0	0	0	0	0	0	0	0	0	0	0	0	0	0	0	2	0
2-02-FULL-38-15 sp001777055|PF04563.18	0	0	0	0	0	0	0	0	0	0	0	0	0	0	0	0	0	0	0	0	0	0	0	0	0	0	0	0	0	2	0	0	0	0	0	0	0	0	0	0	0	0
2-02-FULL-42-16 sp001818695|PF04563.18	0	0	0	0	0	0	0	0	0	0	0	0	0	0	0	0	0	0	0	0	0	0	0	0	0	0	0	0	0	2	0	0	0	0	0	0	0	0	0	0	0	0
2-02-FULL-66-22 sp001771285|PF04563.18	0	0	0	0	0	0	0	0	0	0	0	0	0	0	0	0	0	0	0	2	0	0	0	0	0	0	0	0	0	0	0	0	0	0	0	0	2	0	0	0	0	0
2-12-FULL-49-11 sp001794905|PF04563.18	0	0	0	0	0	0	0	0	0	0	0	0	0	0	0	0	0	0	0	0	0	0	0	0	0	0	0	0	0	2	0	0	0	0	0	0	0	0	0	0	0	0
21-14-0-10-42-9 sp002773845|PF04563.18	0	0	0	0	0	0	0	0	0	0	0	0	0	0	0	0	0	0	0	0	0	0	0	0	1	0	0	0	0	0	0	0	0	0	0	0	0	0	0	0	0	0
40CM-2-53-6 sp005882905|PF04563.18	0	0	0	0	0	0	0	0	0	0	0	0	0	0	0	0	0	0	0	0	0	0	0	0	0	0	0	0	0	0	0	0	2	0	0	0	0	0	0	0	0	0
43-108 sp001915545|PF04563.18	0	0	0	0	0	0	2	0	0	0	0	0	0	0	0	0	0	0	0	0	0	0	0	0	0	0	0	0	0	0	0	0	0	0	0	0	0	0	0	0	0	0
AF33-28 sp003477885|PF04563.18	41	9	0	23	1	15	22	25	29	17	0	0	0	13	11	15	10	8	19	11	16	17	6	10	1	2	3	4	3	7	6	0	1	0	3	0	0	0	2	1	2	3
AG-339-G14 sp902525735|PF04563.18	0	0	0	0	0	0	0	0	0	0	0	0	0	0	0	0	2	0	0	0	0	0	0	0	0	0	0	0	0	0	0	0	0	0	0	0	0	0	0	0	0	0
AM51-8 sp003478275|PF04563.18	0	0	0	0	0	0	0	0	0	0	0	0	0	0	0	0	0	0	0	0	0	0	0	0	0	0	0	0	0	0	0	0	0	0	0	0	0	2	0	1	0	0
Absicoccus porci|PF04563.18	0	0	0	0	0	0	0	0	0	0	0	0	0	0	0	0	0	0	0	0	0	0	0	0	0	0	2	0	0	0	0	0	0	0	0	0	0	0	0	0	0	0
Acetanaerobacterium elongatum|PF04563.18	0	0	0	0	0	0	0	0	0	0	0	0	0	0	0	0	0	1	0	0	0	0	0	0	0	1	0	0	0	0	0	0	0	0	0	0	0	0	0	0	0	0
Acetatifactor intestinalis|PF04563.18	13	4	4	1	4	0	6	10	10	16	2	2	2	3	7	17	11	11	18	7	22	4	1	5	8	11	5	2	5	5	11	4	2	23	22	28	3	3	1	3	1	7
Acetatifactor muris|PF02275.21	0	0	0	2	0	2	0	0	0	0	0	0	0	0	0	0	0	0	0	0	0	4	0	0	2	0	2	6	0	5	0	0	0	0	2	2	0	0	0	0	0	4
Acetatifactor muris|PF04563.18	608	435	206	346	315	432	495	223	620	486	654	349	86	76	405	525	320	387	356	529	654	527	153	109	31	32	9	27	19	16	40	12	8	17	42	24	46	21	32	50	29	75
Acetatifactor sp011959105|PF02275.21	2	0	10	0	2	0	2	0	2	0	4	0	0	0	2	0	2	0	2	2	10	2	2	0	8	0	28	0	0	0	0	2	0	12	87	36	20	0	35	16	133	49
Acetatifactor sp011959105|PF04563.18	142	23	117	21	132	61	128	104	124	205	113	17	40	96	84	44	137	54	193	109	537	202	94	74	281	11	207	4	2	2	7	7	7	321	1227	936	294	9	329	296	685	686
Acetatifactor sp900066565|PF04563.18	23	17	3	11	2	6	6	22	20	18	2	1	13	15	6	16	39	12	27	20	28	17	33	24	5	8	4	2	3	2	2	3	1	2	14	13	3	5	1	7	1	5
Acetitomaculum ruminis|PF04563.18	0	0	0	0	0	0	0	0	0	0	0	0	0	0	0	0	0	0	0	0	0	0	0	0	0	0	1	0	0	0	0	0	0	0	0	0	0	0	0	0	0	0
Acetoanaerobium sticklandii|PF04563.18	0	0	0	0	0	0	0	0	0	0	0	0	0	0	0	0	0	0	0	0	0	0	0	0	0	0	0	0	2	0	0	0	0	0	0	0	0	0	0	0	0	0
Acetobacterium sp003260995|PF04563.18	0	0	0	0	0	0	0	0	0	0	0	0	0	0	0	0	0	0	0	0	0	0	0	0	0	0	0	0	0	0	0	0	0	0	0	0	0	0	2	0	0	0
Acetomicrobium flavidum|PF04563.18	0	0	0	0	0	0	0	0	0	0	0	0	0	0	0	0	2	0	0	0	0	0	0	0	0	0	0	0	0	0	0	0	0	0	0	0	0	0	0	0	0	0
Acholeplasma granularum|PF04563.18	0	0	0	0	0	0	0	0	0	0	0	0	0	0	0	0	0	0	0	0	0	0	0	0	0	2	0	0	0	0	0	0	0	0	0	0	0	0	0	0	0	0
Achromobacter denitrificans|PF04563.18	0	0	0	0	0	0	0	0	0	0	0	0	0	0	0	0	0	0	0	0	0	0	0	2	0	0	0	0	0	0	0	0	0	0	0	0	0	0	0	0	0	0
Acidaminococcus intestini|PF04563.18	0	0	0	0	0	0	0	0	0	0	0	0	0	0	0	0	0	0	0	0	0	0	0	0	0	0	0	0	0	0	0	0	0	0	0	0	0	1	0	0	0	0
Acidiplasma aeolicum|PF04563.18	0	0	0	0	0	1	0	0	0	0	0	0	0	0	0	0	0	0	0	0	0	0	0	0	0	0	0	0	0	0	0	0	0	0	0	0	0	0	0	0	0	0
Acidithiobacillus ferrooxidans|PF02275.21	0	0	0	0	0	0	0	0	0	0	0	0	0	0	0	0	2	0	0	0	0	0	0	0	0	0	0	0	0	0	0	0	0	0	0	0	0	0	0	0	0	0
Acidoferrum sp003154775|PF04563.18	0	0	0	0	0	0	0	0	0	0	0	0	0	0	0	0	0	0	0	0	0	0	0	0	0	0	0	0	1	0	0	0	0	0	0	0	0	0	0	0	0	0
Acidovorax radicis|PF04563.18	0	0	0	0	0	0	0	0	0	0	0	0	0	0	0	0	0	0	0	0	0	2	0	0	0	0	0	0	0	0	0	0	0	0	1	0	1	0	0	1	0	0
Acidovorax_A avenae|PF04563.18	0	0	0	0	0	0	0	0	0	0	0	0	0	0	0	0	0	2	0	0	0	0	0	0	0	0	0	0	0	0	0	0	0	0	0	0	0	0	0	0	0	0
Acinetobacter johnsonii|PF04563.18	0	0	0	0	0	0	0	0	0	0	0	0	0	0	0	0	0	0	0	0	0	0	0	0	0	0	2	0	0	0	0	0	0	0	0	0	0	0	0	0	0	0
Acinetobacter tandoii|PF02275.21	0	0	2	0	0	0	0	0	0	0	0	0	0	0	0	0	0	0	0	0	0	0	0	0	0	0	0	0	0	0	0	0	0	0	0	0	0	0	0	0	0	0
Actinoalloteichus fjordicus|PF04563.18	0	0	0	0	0	0	0	0	0	0	0	0	0	0	0	0	0	0	0	0	0	0	0	0	0	0	0	0	0	0	0	0	0	0	0	0	0	0	0	0	0	2
Actinobaculum massiliense|PF04563.18	0	0	0	0	0	0	0	2	0	0	0	0	0	0	0	0	0	0	0	0	0	0	0	0	0	0	0	0	0	0	0	0	0	0	0	0	0	0	0	0	0	0
Actinocatenispora sera|PF04563.18	0	0	0	0	2	0	0	0	0	0	0	0	0	0	0	0	0	0	0	0	0	0	0	0	0	0	0	0	0	0	0	0	0	0	0	0	0	0	0	0	0	0
Actinomyces dentalis|PF04563.18	0	0	0	0	0	0	0	0	1	0	0	0	0	0	0	0	0	0	0	0	0	0	0	0	0	0	0	0	0	0	0	0	0	0	0	0	0	0	0	0	0	0
Actinomyces gerencseriae|PF04563.18	0	0	0	0	0	0	0	0	0	0	0	0	0	0	0	0	0	0	0	0	0	0	0	0	0	0	0	0	0	0	0	0	2	0	0	0	0	0	0	0	0	0
Actinomyces oris_A|PF04563.18	0	0	0	0	0	0	0	0	0	0	0	0	0	0	0	0	0	0	0	0	0	0	1	0	0	0	0	0	0	0	0	0	0	0	0	0	0	0	0	0	0	0
Actinomyces vulturis|PF04563.18	0	0	0	0	0	0	0	0	0	0	0	0	0	0	0	0	0	0	0	0	0	0	0	0	0	0	2	0	0	0	0	0	0	0	0	0	0	0	0	0	0	0
Actinopolyspora erythraea|PF04563.18	0	0	2	0	0	0	0	0	0	0	0	0	0	0	0	0	0	0	0	0	0	0	0	0	0	0	0	0	0	0	0	0	0	0	0	0	0	0	0	0	0	0
Actinotalea bogoriensis|PF04563.18	0	0	0	0	0	0	0	0	0	0	0	0	0	0	0	0	0	0	0	0	2	0	0	0	0	0	0	0	0	0	0	0	0	0	0	0	0	0	0	0	0	0
Acutalibacter muris|PF02275.21	0	0	0	0	0	0	0	0	0	0	0	0	0	0	0	2	0	0	0	0	0	2	0	0	2	2	5	20	5	7	6	0	1	0	0	0	0	0	0	0	0	0
Acutalibacter muris|PF04563.18	17	11	30	5	55	10	33	63	20	49	25	37	14	25	24	12	26	21	13	11	24	13	34	49	21	16	11	169	39	42	33	32	0	6	2	2	4	2	0	0	4	0
Acutalibacter ornithocaccae|PF04563.18	1	0	5	0	2	0	0	6	0	0	2	0	0	0	2	8	4	0	2	0	1	2	3	2	0	0	4	1	1	0	2	2	2	0	4	4	9	6	1	0	0	1
Acutalibacter sp009936055|PF02275.21	0	0	0	0	0	0	0	0	0	0	0	0	0	6	0	0	0	0	0	0	0	0	0	4	0	0	0	0	0	0	30	2	0	0	0	0	0	0	0	0	0	0
Acutalibacter sp009936055|PF04563.18	2	3	11	4	6	21	6	6	2	2	12	5	4	20	2	9	2	8	6	0	10	3	4	23	14	1	7	2	31	0	49	28	3	30	22	22	24	29	10	2	4	7
Acutalibacter timonensis|PF04563.18	0	0	8	0	0	0	0	0	0	2	0	0	0	0	0	0	4	0	0	0	0	0	2	0	0	0	0	0	1	0	0	0	0	0	0	0	0	0	0	0	0	0
Adlercreutzia caecimuris|PF02275.21	0	0	0	0	2	0	0	0	0	0	0	0	0	2	0	0	0	0	0	0	2	0	0	0	0	2	0	0	0	0	0	2	0	0	0	0	0	0	0	0	0	0
Adlercreutzia caecimuris|PF04563.18	0	2	12	0	4	0	0	4	0	0	0	0	0	4	4	2	2	0	2	8	14	0	0	2	0	0	0	8	0	0	0	0	0	0	2	0	0	0	2	2	4	2
Adlercreutzia equolifaciens|PF04563.18	0	0	0	0	0	0	0	0	0	0	0	0	0	0	0	0	2	0	0	0	2	0	0	3	0	0	0	0	0	0	0	0	0	0	0	0	0	0	0	0	0	0
Adlercreutzia mucosicola|PF02275.21	0	0	0	0	0	0	0	0	0	2	0	0	0	0	0	0	0	0	0	0	0	0	0	0	0	0	0	0	0	0	0	0	2	0	0	0	2	0	0	0	0	0
Adlercreutzia mucosicola|PF04563.18	0	0	10	0	4	0	0	0	0	2	6	2	0	0	0	0	0	0	0	0	14	0	0	0	2	0	2	18	0	0	4	0	0	0	0	2	4	0	0	0	0	0
Afipia birgiae|PF04563.18	0	0	0	0	0	0	0	0	0	0	0	0	0	0	0	0	0	0	0	0	0	0	0	0	0	0	0	0	0	0	0	0	0	0	0	0	0	0	2	0	0	0
Afipia sp001425835|PF04563.18	0	0	0	0	0	0	0	0	0	0	0	0	0	0	0	0	0	0	0	0	0	0	0	0	0	0	0	0	0	0	0	0	0	0	0	2	0	0	0	0	0	0
Agathobacter faecis|PF04563.18	0	0	1	0	0	1	0	2	0	0	0	0	0	0	0	0	0	0	0	0	2	0	0	0	0	0	0	0	1	0	2	0	0	0	0	0	0	0	0	0	0	0
Agathobacter ruminis|PF04563.18	0	0	0	0	0	0	0	0	0	0	0	0	0	0	0	0	0	0	0	0	0	0	0	0	0	1	0	0	0	0	0	0	0	0	0	0	1	0	0	0	0	0
Agathobacter sp000434275|PF04563.18	0	0	0	0	0	0	0	0	0	0	0	0	0	0	0	0	0	0	0	0	0	0	0	0	0	0	4	0	0	0	6	0	0	0	0	0	0	0	0	0	0	0
Agathobaculum desmolans|PF04563.18	2	0	0	0	0	0	0	0	0	0	0	0	0	0	0	0	0	0	0	0	0	0	0	2	0	0	0	2	0	1	0	0	0	4	2	0	1	1	4	6	0	0
Agathobaculum sp900291975|PF04563.18	0	0	0	0	0	0	0	0	0	0	0	0	0	0	0	0	0	0	0	0	0	0	0	1	0	0	0	2	3	1	0	0	0	0	0	0	0	0	0	0	0	0
Aggregatilinea lenta|PF04563.18	0	0	0	0	0	0	0	0	0	0	0	0	0	0	0	0	0	0	0	0	0	0	0	0	0	0	0	0	0	0	0	0	0	0	0	4	0	0	0	0	0	0
Agitococcus lubricus|PF04563.18	0	0	0	0	0	0	0	0	0	0	0	0	0	0	0	0	0	0	0	0	0	0	0	0	0	0	0	0	0	0	0	0	0	0	1	0	0	0	0	0	0	0
Agrobacterium arsenijevicii|PF04563.18	0	0	8	0	0	0	0	0	0	0	0	0	0	0	0	0	0	0	0	0	0	0	0	0	0	0	0	0	0	0	0	0	0	0	0	0	0	0	0	0	0	0
Agrobacterium fabrum|PF04563.18	0	0	2	0	0	0	0	0	0	0	0	0	0	0	0	0	0	0	0	0	0	0	0	0	0	0	0	0	0	0	0	0	0	0	0	0	0	0	0	0	0	0
Akkermansia glycaniphila|PF04563.18	0	0	0	0	0	0	0	0	0	0	0	0	0	0	0	0	0	0	0	0	0	0	0	0	0	0	0	0	0	0	0	2	0	0	0	0	0	0	2	0	0	0
Akkermansia muciniphila|PF04563.18	0	0	0	0	0	0	2	0	0	0	0	0	0	0	0	0	0	0	0	0	0	0	0	0	0	0	0	0	0	0	22	179	121	2	26	90	0	0	0	0	0	0
Akkermansia muciniphila_B|PF04563.18	0	0	0	0	0	0	0	0	0	0	0	0	0	0	0	0	0	0	0	0	0	0	0	0	0	0	0	0	0	0	0	2	0	0	0	0	0	0	0	0	0	0
Akkermansia sp001580195|PF04563.18	0	0	0	0	0	0	0	0	0	0	0	0	0	0	2	0	2	0	0	0	0	0	0	0	0	0	0	0	0	0	0	0	0	0	0	0	0	0	0	0	0	0
Alcaligenes faecalis|PF04563.18	2	0	0	0	0	0	0	0	0	0	0	0	0	0	0	0	0	0	0	0	0	0	0	0	0	0	0	0	0	0	0	0	0	0	0	0	0	0	0	0	0	0
Alginatibacterium sediminis|PF02275.21	0	0	0	0	0	0	0	0	0	0	0	0	0	0	0	0	0	0	0	0	0	0	0	0	0	0	0	0	0	0	0	0	0	0	0	0	0	0	0	0	2	0
Alistipes communis|PF04563.18	15	2	16	9	12	13	2	0	2	16	18	8	10	8	12	24	8	22	6	12	12	2	8	8	2	37	50	19	30	25	0	41	27	0	0	0	0	0	0	0	63	0
Alistipes excrementavium|PF04563.18	0	16	19	16	10	28	15	1	6	13	19	11	9	31	10	29	28	41	17	6	30	10	14	20	2	63	70	30	73	52	1	62	51	0	0	0	0	0	0	0	126	0
Alistipes finegoldii|PF04563.18	25	34	42	69	41	69	35	16	30	42	26	42	45	60	53	40	60	67	37	37	120	6	32	33	2	204	207	100	128	106	31	201	129	0	0	0	0	0	2	0	274	0
Alistipes putredinis|PF04563.18	4	0	8	5	2	6	8	2	3	6	2	0	6	2	3	4	4	13	6	0	9	0	4	8	11	28	58	22	15	5	4	33	24	0	0	0	0	0	0	0	52	0
Alistipes senegalensis|PF04563.18	13	25	8	39	40	57	17	10	14	37	38	14	29	53	21	53	30	59	19	12	45	8	11	28	11	132	181	110	89	57	8	155	80	0	0	0	0	0	0	0	225	0
Alistipes shahii|PF04563.18	48	47	80	47	82	59	43	28	28	52	42	29	46	69	68	65	37	118	45	39	138	15	45	70	24	205	221	107	166	111	27	189	149	0	0	0	0	0	0	0	323	0
Alistipes sp001941065|PF04563.18	10	18	22	20	41	42	31	11	8	22	30	18	17	38	48	38	28	72	25	18	53	10	39	33	10	116	113	33	75	50	2	96	65	0	0	0	0	0	0	0	139	0
Alistipes sp002362235|PF04563.18	0	0	0	0	4	2	0	0	0	0	0	0	2	0	2	0	0	2	4	0	2	0	2	0	0	1	0	1	1	4	0	4	3	0	0	0	0	0	0	0	0	0
Alistipes timonensis|PF04563.18	17	6	36	26	13	14	8	8	9	19	9	11	7	20	7	19	18	34	15	25	56	0	16	20	2	55	64	16	19	26	0	56	18	0	2	0	0	0	0	0	92	0
Alistipes_A ihumii|PF04563.18	0	0	0	0	0	0	0	0	0	0	0	0	0	0	0	0	0	0	0	0	0	0	0	0	0	0	0	0	0	0	0	1	0	0	0	0	0	0	0	0	0	0
Alistipes_A indistinctus|PF04563.18	0	1	31	0	6	5	2	0	0	0	2	0	0	3	8	3	10	12	7	7	17	0	4	2	2	6	12	1	3	1	0	9	8	0	0	0	0	0	0	0	16	0
Alloprevotella sp004562975|PF04563.18	0	0	0	0	0	0	0	0	0	0	0	0	0	0	0	0	0	0	0	0	0	0	0	0	0	2	0	0	0	0	0	1	0	0	0	0	0	0	0	0	0	0
Alloprevotella sp900095835|PF04563.18	0	0	0	0	0	0	0	0	0	0	0	0	0	0	0	0	0	0	0	0	0	0	0	0	0	0	0	0	0	0	0	0	0	0	1	0	0	0	0	0	0	0
Allosaccharopolyspora coralli|PF04563.18	0	0	0	0	0	0	0	0	0	0	0	0	0	0	0	0	0	0	0	0	0	0	0	2	0	0	0	0	0	0	0	0	0	0	0	0	0	0	0	0	0	0
Alpha-05 sp900079695|PF04563.18	0	0	0	0	0	0	0	0	0	0	0	0	0	0	0	0	0	0	0	0	0	0	0	0	0	0	0	0	2	0	0	0	0	0	0	0	0	0	0	0	0	0
Alteraurantiacibacter gangjinensis|PF04563.18	0	0	0	0	0	0	0	0	0	0	0	0	0	0	0	0	0	0	0	0	0	0	0	0	0	0	0	0	0	0	0	0	1	0	0	0	0	0	0	0	0	0
Amedibacterium intestinale|PF04563.18	0	0	0	0	0	0	0	0	0	0	0	0	0	0	0	0	0	0	0	0	0	0	0	0	0	0	0	0	0	0	0	0	0	1	0	0	0	0	0	0	0	0
Aminobacterium colombiense|PF04563.18	0	0	0	0	0	0	0	0	0	0	0	0	0	0	0	0	0	0	0	0	0	0	0	0	0	0	0	0	0	0	0	0	0	0	0	0	0	0	0	0	2	0
Aminomonas paucivorans|PF04563.18	0	0	0	0	0	0	0	0	0	0	0	0	0	0	0	0	2	0	0	0	0	0	0	0	0	0	0	0	0	0	0	0	0	0	0	0	0	0	0	0	0	0
Amulumruptor caecigallinarius|PF04563.18	0	0	0	0	0	2	0	0	0	1	2	0	0	0	0	2	1	0	0	0	0	0	0	0	4	16	6	2	5	6	2	4	11	0	7	2	2	5	4	0	2	0
An181 sp002160325|PF04563.18	0	0	8	0	0	0	0	0	3	2	4	0	0	0	0	0	0	0	0	0	4	2	3	0	0	0	0	0	0	0	2	0	0	4	6	0	3	0	1	0	3	3
An92 sp900199495|PF04563.18	2	4	145	1	13	16	2	16	9	7	10	4	6	12	4	26	18	10	0	10	21	15	4	14	0	4	21	11	10	15	6	7	19	0	6	7	6	14	26	17	10	26
Anaerobutyricum faecale|PF04563.18	7	4	26	5	6	5	5	6	3	6	5	4	0	4	5	11	8	4	3	10	12	2	4	3	2	1	2	1	0	2	2	2	3	4	2	2	2	2	0	4	2	5
Anaerobutyricum hallii|PF04563.18	0	0	0	0	0	0	0	0	0	0	0	0	0	0	0	0	0	0	0	0	0	0	0	0	0	2	0	0	0	0	0	0	0	0	0	0	0	0	0	0	0	0
Anaerococcus pacaensis|PF04563.18	0	0	0	0	0	0	0	0	0	0	0	0	0	0	0	0	0	0	0	0	0	0	0	0	0	0	0	0	0	0	0	0	0	0	0	0	0	0	0	0	0	2
Anaerocolumna aminovalerica|PF04563.18	0	0	0	0	0	0	0	0	1	0	0	0	0	0	0	0	0	1	0	0	0	0	1	0	1	0	0	0	1	0	0	0	0	0	0	0	0	0	0	0	0	0
Anaerocolumna sp000702945|PF04563.18	0	0	0	0	0	0	2	0	2	0	2	0	0	0	0	0	0	1	1	2	6	7	0	0	2	0	0	0	0	0	0	5	0	0	0	0	0	0	0	0	0	0
Anaerocolumna xylanovorans|PF04563.18	0	0	0	0	0	0	0	0	0	0	0	0	0	0	0	0	0	0	0	0	0	0	0	0	0	0	0	0	0	0	0	0	0	1	0	0	0	0	0	0	0	2
Anaerofilum faecale|PF04563.18	6	2	4	14	8	5	5	14	16	13	3	9	16	8	16	14	18	8	4	6	25	9	21	26	3	0	4	0	2	0	2	1	0	0	1	2	1	1	2	0	0	2
Anaeromassilibacillus senegalensis|PF04563.18	0	0	0	0	0	0	0	0	0	0	0	0	0	0	0	0	0	0	0	0	0	0	0	0	0	0	0	0	0	0	0	0	0	0	2	0	0	0	0	0	0	0
Anaerophaga thermohalophila_A|PF04563.18	0	0	0	0	0	0	0	0	0	0	0	0	0	0	0	0	0	0	0	0	0	0	0	0	0	0	0	0	0	0	0	0	2	0	0	0	0	0	2	0	0	0
Anaerosporobacter sp018372435|PF04563.18	0	0	0	0	0	0	0	0	0	0	0	0	0	0	0	0	0	0	2	0	0	0	0	0	0	0	0	0	0	0	0	0	0	0	0	0	0	0	0	0	0	0
Anaerostipes caccae|PF04563.18	2	0	0	3	0	6	5	0	5	2	0	0	0	0	0	0	0	0	0	2	2	0	0	5	0	0	0	0	0	0	0	0	0	0	0	0	5	0	0	0	0	0
Anaerostipes hadrus|PF04563.18	0	0	0	0	0	0	0	0	0	0	0	0	0	0	0	0	0	0	0	0	0	0	0	0	0	0	0	0	0	1	0	0	0	0	0	0	0	0	0	0	0	0
Anaerotignum faecicola|PF04563.18	0	0	0	0	0	0	0	0	0	1	2	0	0	0	0	0	2	0	0	0	0	0	0	0	0	0	0	0	0	0	0	0	0	0	0	0	0	0	0	0	0	0
Anaerotignum lactatifermentans|PF04563.18	0	1	6	2	2	5	0	7	0	0	2	1	0	2	0	0	2	0	0	0	0	0	0	2	0	0	0	0	0	0	0	0	0	0	0	0	0	0	0	0	0	0
Anaerotignum sp001304995|PF04563.18	0	0	6	3	0	0	0	2	0	2	0	0	0	0	0	0	0	2	0	0	0	0	2	2	0	0	0	0	0	0	0	0	2	0	0	0	0	0	0	0	0	0
Anaerotignum sp004557645|PF04563.18	0	2	0	0	0	0	0	0	0	0	0	0	0	2	0	2	0	0	0	0	0	0	0	0	0	0	0	0	0	0	0	0	0	0	0	0	0	0	2	0	0	0
Anaerotruncus colihominis|PF04563.18	6	4	10	2	4	0	0	12	14	2	0	0	0	0	0	0	0	2	0	0	0	0	0	0	0	0	0	0	0	0	0	0	0	0	0	0	0	0	2	0	0	0
Anaerotruncus massiliensis_A|PF04563.18	0	4	0	0	0	0	0	4	0	3	0	0	0	2	0	4	2	2	4	0	2	2	0	0	2	0	0	0	0	0	0	0	0	0	0	0	2	0	0	0	0	0
Anaerotruncus sp000403395|PF02275.21	0	0	0	0	0	2	2	0	0	0	0	0	0	0	0	0	0	0	0	0	0	0	0	0	0	4	1	2	4	0	0	0	0	0	2	0	0	3	0	0	0	0
Anaerotruncus sp000403395|PF04563.18	6	13	0	14	0	20	26	22	24	2	0	0	0	0	2	8	8	24	2	6	4	0	30	10	6	20	2	16	14	10	0	2	0	2	12	4	2	2	8	2	4	0
Anaerotruncus sp003612625|PF02275.21	0	0	0	0	0	0	0	0	0	0	0	0	0	0	0	0	0	0	0	0	0	0	0	0	0	1	0	5	0	0	0	0	0	0	0	0	0	0	0	0	0	0
Anaerotruncus sp003612625|PF04563.18	0	0	0	0	0	0	0	0	0	0	0	0	0	2	0	0	0	0	0	0	0	0	0	0	0	2	0	26	3	0	0	0	0	0	2	0	6	8	4	0	2	0
Anaerovibrio lipolyticus|PF04563.18	0	0	0	0	0	0	0	0	0	2	0	0	0	0	0	0	0	0	0	0	0	2	0	0	0	0	0	0	0	0	0	0	0	0	0	0	0	0	0	0	0	0
Anaerovibrio lipolyticus_A|PF04563.18	0	0	0	0	0	4	2	0	0	0	2	0	0	0	0	0	0	0	0	0	0	0	0	0	0	0	0	0	0	0	0	0	0	0	0	0	0	0	0	0	0	2
Anaerovibrio slackiae|PF04563.18	0	0	0	0	0	0	0	0	0	0	0	0	0	0	0	4	0	0	0	0	0	0	0	0	1	0	0	0	0	0	0	0	0	0	0	0	0	0	0	0	0	0
Anaerovorax odorimutans|PF04563.18	0	0	0	0	0	0	0	0	0	0	0	0	0	0	0	0	0	0	0	0	0	0	0	0	0	0	0	0	0	0	0	0	0	0	0	0	0	0	0	0	2	0
Angelakisella massiliensis|PF04563.18	0	0	2	2	5	2	2	2	0	3	10	6	2	4	2	10	4	2	2	6	4	2	4	2	0	0	2	0	0	2	0	0	2	0	2	0	4	5	0	0	0	1
Angelakisella sp004554485|PF04563.18	0	2	2	0	1	0	2	1	0	0	0	4	0	0	0	4	8	2	0	5	4	0	2	2	0	0	0	1	0	0	0	0	0	0	0	0	0	0	0	0	0	2
Aphodocola sp000434835|PF04563.18	0	0	0	0	0	0	0	0	0	0	0	0	0	0	0	0	0	0	0	0	0	0	0	0	0	0	0	0	2	0	0	0	0	0	0	0	0	0	0	0	0	0
Aphodomorpha intestinavium|PF04563.18	0	0	2	0	0	0	0	0	0	0	0	0	0	0	0	0	0	0	0	0	0	0	0	0	0	0	0	0	2	0	0	0	0	0	0	0	0	0	0	0	0	2
Apilactobacillus kunkeei|PF04563.18	0	0	0	0	0	0	0	0	0	0	2	0	0	0	0	0	0	0	0	0	0	0	0	0	0	0	0	0	0	0	0	0	0	0	0	0	0	0	0	0	0	0
Arcanobacterium_A sp000758825|PF04563.18	0	0	0	0	0	0	0	0	0	0	0	0	0	0	0	0	0	0	0	0	0	0	0	0	0	0	1	0	0	0	0	0	0	0	0	0	0	0	0	0	0	0
Arctic96AD-7 sp001627865|PF04563.18	0	0	0	0	0	0	0	0	0	0	0	0	0	0	0	0	0	0	0	0	0	0	0	0	0	0	2	0	0	0	0	0	0	0	0	0	0	0	0	0	0	0
Arthrobacter_E woluwensis|PF04563.18	0	0	0	0	0	0	0	0	0	0	0	0	0	0	0	0	0	0	0	0	0	0	0	0	0	0	0	0	0	0	0	0	0	0	0	4	0	0	0	0	0	0
Atopobium fossor|PF04563.18	0	0	0	0	0	0	0	0	0	0	0	0	0	0	0	0	0	0	0	0	0	0	0	0	0	0	2	0	0	0	0	0	0	0	0	0	0	0	0	0	0	0
Atopococcus tabaci|PF04563.18	0	0	0	0	0	0	0	2	0	0	0	0	0	0	0	0	0	0	0	0	0	0	0	0	0	0	0	0	0	0	0	0	0	0	0	0	0	0	0	0	0	0
Aurantimicrobium sp003194085|PF04563.18	0	0	0	0	0	0	2	0	0	0	0	0	0	0	0	0	0	0	0	0	0	0	0	0	0	0	0	0	0	0	0	0	0	0	0	0	0	0	0	0	0	0
B3-TA06 sp005223075|PF04563.18	0	0	0	0	0	0	0	0	0	0	0	0	0	0	0	0	0	0	0	0	0	0	0	0	0	0	0	0	0	0	0	0	0	0	0	0	0	0	0	0	2	0
BMS3Bbin08 sp002897775|PF04563.18	0	0	0	0	0	0	0	0	0	0	0	0	0	0	0	0	0	0	0	0	0	0	0	0	0	0	0	0	0	0	0	2	0	0	0	0	0	0	0	0	0	0
BX12 sp902363595|PF04563.18	3	1	3	0	2	1	0	1	4	0	0	0	2	0	4	4	0	2	2	6	0	2	0	4	0	5	3	4	0	1	0	0	0	0	4	2	1	0	2	0	1	0
Babela massiliensis|PF04563.18	0	0	0	0	0	0	0	0	0	0	0	0	0	0	0	0	0	0	0	0	0	0	0	0	0	0	0	0	0	0	0	0	2	0	0	0	0	0	0	0	0	0
Bacillus glycinifermentans|PF02275.21	0	0	0	0	0	0	0	0	0	0	0	0	0	0	0	0	0	0	0	0	0	0	0	0	0	0	0	0	2	0	0	0	0	0	0	0	0	0	0	0	0	0
Bacillus gobiensis|PF04563.18	0	0	0	0	0	0	0	0	0	0	0	0	0	0	0	0	0	0	0	0	0	0	0	0	0	0	0	0	0	0	0	0	2	0	0	0	0	0	0	0	0	0
Bacillus safensis|PF04563.18	0	0	0	0	0	0	0	0	0	0	0	0	0	0	0	0	0	0	0	0	0	0	0	0	0	0	0	0	2	0	0	0	0	0	0	0	0	0	0	0	0	0
Bacillus_A mycoides|PF04563.18	0	0	0	0	0	0	0	0	0	0	0	0	0	0	0	0	0	0	0	0	0	0	0	0	0	0	0	2	0	0	0	0	0	0	0	0	0	0	0	0	0	0
Bacillus_AN ligniniphilus|PF04563.18	0	0	0	0	0	0	0	0	0	0	0	0	0	0	0	0	0	0	0	0	4	0	0	0	0	0	0	0	0	0	0	0	0	0	0	0	0	0	0	0	0	0
Bacillus_AT mannanilyticus|PF04563.18	0	0	0	0	0	0	0	0	0	0	0	0	0	0	0	0	0	0	0	0	0	0	0	0	0	2	0	0	0	0	0	0	0	0	0	0	0	0	0	0	0	0
Bacillus_BL marinisedimentorum|PF04563.18	0	0	0	0	0	0	0	0	0	0	0	0	0	0	0	0	2	0	0	0	0	0	0	0	0	0	0	0	0	0	0	0	0	0	0	0	0	0	0	0	0	0
Bacillus_D sp001278805|PF04563.18	0	0	0	0	0	0	0	0	0	0	0	0	0	0	0	0	0	0	0	0	2	0	0	0	0	0	0	0	0	0	0	0	0	0	0	0	0	0	0	0	0	0
Bacillus_P indicus|PF04563.18	0	0	0	0	0	0	0	0	0	0	0	0	0	0	0	0	0	0	0	0	0	0	0	0	0	0	0	0	0	0	2	0	4	0	0	0	0	0	0	0	0	0
Bact-08 sp003542575|PF04563.18	0	0	0	0	0	0	0	0	0	0	0	0	0	0	0	0	0	0	0	0	0	0	0	0	0	0	0	0	2	0	0	0	0	0	0	0	0	0	0	0	0	2
Bacteroides massiliensis|PF04563.18	0	4	0	0	0	0	0	0	0	0	0	0	0	0	0	0	0	0	0	0	0	0	0	0	0	3	2	5	3	2	4	2	0	0	0	0	0	0	0	0	0	0
Bacteroides thetaiotaomicron|PF02275.21	0	0	0	0	0	0	0	0	0	0	0	0	0	0	0	0	0	0	0	0	0	0	0	0	0	0	2	0	0	0	0	0	0	0	0	0	0	0	0	0	0	0
Bacteroides uniformis|PF04563.18	0	0	0	0	0	0	0	0	0	0	0	0	0	0	0	0	0	0	0	0	0	0	0	0	0	0	0	0	0	0	0	0	2	0	0	0	0	0	0	0	0	0
Bacteroides_F pectinophilus|PF04563.18	0	0	0	0	0	0	1	0	0	0	0	0	0	0	0	0	0	0	0	0	0	0	0	0	0	0	0	0	1	0	0	0	0	0	0	0	0	0	4	0	0	0
Bariatricus comes|PF04563.18	1	0	0	0	0	0	0	0	0	0	0	0	0	0	0	0	0	0	0	0	0	0	0	0	0	0	0	0	0	0	0	0	0	0	0	0	0	0	0	0	0	0
Bariatricus massiliensis|PF04563.18	8	5	4	2	8	6	7	8	1	6	10	12	6	7	2	6	0	4	6	0	5	0	6	0	2	5	0	3	0	0	6	1	0	2	0	0	3	2	0	2	4	2
Barnesiella viscericola|PF04563.18	0	0	0	0	0	0	0	0	0	0	1	0	0	0	0	0	0	2	0	0	0	0	0	0	0	2	1	0	4	1	0	10	6	0	3	1	0	0	0	0	0	0
Bartonella bacilliformis|PF04563.18	0	0	0	0	0	0	0	0	0	0	0	0	0	0	0	0	0	0	0	0	0	0	0	0	0	0	0	0	0	0	0	0	0	0	0	0	0	0	0	0	0	2
Bartonella koehlerae|PF04563.18	0	0	0	0	0	0	0	0	0	0	0	0	0	0	0	0	0	0	0	0	0	0	0	0	0	0	0	0	0	0	0	0	0	0	0	0	0	1	0	0	0	0
Bavariicoccus seileri|PF04563.18	0	0	0	0	0	0	0	0	0	0	0	0	0	0	0	0	0	0	0	0	0	0	0	0	0	0	0	0	0	0	0	0	0	0	0	0	0	2	0	0	0	0
Beduini massiliensis|PF04563.18	0	0	0	0	0	0	0	0	0	0	0	0	0	0	0	0	2	0	0	0	0	0	0	0	0	0	0	0	0	0	0	0	0	0	0	0	0	0	0	0	0	0
Bifidobacterium animalis|PF04563.18	0	0	0	0	0	0	0	0	0	0	0	0	0	0	0	0	0	0	0	0	0	0	0	0	0	0	0	1	0	0	0	0	0	0	0	0	0	0	0	0	0	0
Bifidobacterium asteroides|PF04563.18	0	0	2	0	0	0	0	0	0	0	0	0	0	0	0	0	0	0	0	0	0	0	0	0	0	0	0	0	2	0	0	0	0	0	0	0	0	0	0	0	0	0
Bifidobacterium choerinum|PF04563.18	0	0	0	0	0	0	0	0	0	0	0	0	0	0	0	0	0	0	0	0	0	0	0	0	0	0	0	0	0	0	0	0	0	0	0	0	0	0	2	0	0	0
Bifidobacterium globosum|PF02275.21	0	0	0	0	0	0	0	0	0	0	0	0	0	0	0	0	0	0	0	0	0	0	0	0	0	0	0	13	0	0	0	0	0	0	0	0	0	0	0	0	0	0
Bifidobacterium globosum|PF04563.18	0	0	0	0	0	0	0	0	0	0	0	0	0	0	0	0	0	0	0	0	0	0	0	0	0	0	0	11	0	0	0	0	0	0	0	0	0	0	0	0	0	0
Bifidobacterium indicum|PF04563.18	0	0	0	0	0	0	0	0	0	0	0	0	0	0	0	0	0	0	0	0	0	0	0	0	0	0	0	0	0	0	0	0	0	0	2	0	0	0	0	0	0	0
Bifidobacterium minimum|PF04563.18	0	0	0	0	0	0	0	0	0	0	0	0	0	0	0	0	0	0	0	0	0	0	0	0	0	0	0	0	0	0	0	0	0	0	0	0	0	0	0	0	2	0
Bifidobacterium sp012932365|PF04563.18	0	0	0	0	0	0	0	0	0	0	0	0	0	0	0	0	0	0	0	0	0	0	0	0	0	0	0	0	0	0	0	2	0	0	0	0	0	0	0	0	0	0
Bilifractor cellulosolvens|PF04563.18	0	0	0	0	0	0	0	0	0	0	0	0	0	0	0	4	0	0	0	0	0	0	0	0	0	0	0	0	0	0	0	0	0	0	0	0	0	0	0	0	0	0
Bilifractor porci|PF04563.18	0	0	0	0	0	0	1	0	0	2	0	1	0	0	0	4	4	0	0	0	0	2	0	0	0	0	0	0	1	0	7	0	2	0	0	2	1	1	0	0	0	1
Bilifractor sp000702845|PF04563.18	0	0	0	0	2	0	0	0	0	0	0	0	0	0	0	0	0	0	0	0	0	0	2	3	0	0	0	0	0	0	0	0	0	0	0	0	0	0	0	0	0	0
Bittarella massiliensis|PF04563.18	2	0	20	0	13	2	4	0	2	3	0	3	4	2	2	10	2	10	0	0	2	4	0	2	4	0	1	2	2	2	2	0	0	1	7	9	3	11	4	8	1	0
Blautia coccoides|PF04563.18	7	6	0	4	2	15	13	9	15	4	6	8	3	2	6	11	0	8	8	19	4	10	2	0	0	0	0	0	0	0	0	0	0	0	0	0	4	0	1	0	0	4
Blautia hansenii|PF04563.18	0	0	0	0	0	0	0	0	0	0	0	0	0	0	0	0	0	2	2	0	0	0	2	0	0	0	0	0	0	2	0	0	0	0	6	0	0	3	0	6	0	0
Blautia ornithocaccae|PF04563.18	23	6	0	14	4	8	24	9	12	12	2	4	8	6	13	6	16	13	9	6	15	14	17	19	7	9	16	1	2	1	0	2	4	10	20	11	6	6	11	4	0	4
Blautia sp001304935|PF04563.18	32	9	12	10	10	10	19	20	29	6	31	5	3	4	14	19	20	6	14	19	29	15	0	9	2	6	4	2	0	0	10	1	2	2	7	4	11	6	0	4	2	4
Blautia stercoris|PF04563.18	0	0	0	0	0	0	0	1	0	0	0	0	0	0	0	0	0	0	0	0	0	0	0	0	0	2	1	0	5	2	0	2	0	0	4	4	0	1	1	0	5	2
Blautia_A avistercoris|PF04563.18	7	8	2	8	6	6	27	15	14	11	8	2	8	12	14	22	24	16	9	6	21	1	9	1	4	0	0	6	0	4	6	0	2	0	10	6	11	10	2	5	0	3
Blautia_A hydrogenotrophica|PF04563.18	8	6	4	2	2	10	2	6	6	8	0	2	1	0	4	6	5	0	27	13	23	8	1	4	0	0	2	3	2	0	5	5	0	4	13	4	2	10	1	2	10	2
Blautia_A massiliensis|PF04563.18	0	0	0	0	0	0	0	0	0	0	0	0	0	0	0	0	0	2	0	0	0	0	0	0	0	0	0	0	0	0	0	4	0	0	0	0	0	4	0	2	0	0
Blautia_A obeum|PF04563.18	0	2	5	0	3	2	0	1	2	4	4	1	0	0	4	8	2	3	3	0	5	0	0	0	0	6	3	0	0	0	0	0	0	4	0	2	0	0	0	0	1	0
Blautia_A schinkii_A|PF04563.18	3	2	0	4	2	5	3	11	2	7	0	0	3	2	0	4	1	0	4	2	1	2	4	8	0	0	0	4	0	0	0	0	0	0	5	0	6	1	1	0	2	1
Blautia_A sp900066505|PF04563.18	0	0	0	0	0	0	0	0	0	0	0	0	0	4	0	0	0	0	3	0	2	0	4	3	0	0	4	3	0	0	0	0	0	0	0	0	0	0	0	0	0	0
Blautia_A wexlerae|PF04563.18	0	0	0	0	0	0	0	0	0	0	0	0	0	0	0	0	0	0	0	0	0	0	0	0	0	0	0	1	0	0	0	0	0	0	0	0	0	0	0	0	0	0
Blochmannia floridanus|PF04563.18	0	0	0	0	0	0	0	0	0	0	0	0	0	0	0	0	0	1	0	0	0	0	0	0	0	0	0	0	0	0	0	0	0	0	0	0	0	0	0	0	0	0
Borkfalkia ceftriaxoniphila|PF04563.18	0	0	0	0	0	0	0	0	0	0	0	0	0	0	0	0	0	0	0	0	0	0	0	0	0	0	0	0	0	0	0	1	0	0	13	20	3	1	9	0	8	3
Brachybacterium muris|PF04563.18	0	0	0	0	0	0	0	0	0	0	0	0	0	0	0	0	2	0	0	0	0	0	0	0	0	0	0	0	0	0	0	0	0	0	0	0	0	0	0	0	0	0
Bradyrhizobium japonicum|PF04563.18	0	0	0	0	0	0	0	0	0	0	0	0	0	0	0	0	0	0	0	0	0	0	0	0	0	0	0	0	0	0	0	0	0	0	0	0	0	0	2	0	0	0
Brevibacillus brevis_C|PF04563.18	0	0	0	0	0	0	2	0	0	0	0	0	0	0	0	0	0	0	0	0	0	0	0	0	0	0	0	0	0	0	0	0	0	0	0	0	0	0	0	0	0	0
Brevibacillus formosus|PF04563.18	0	0	0	0	0	0	2	2	0	0	0	0	0	0	0	0	0	0	0	0	0	0	0	0	0	0	0	0	0	0	0	0	0	0	0	0	0	0	0	0	0	0
Brooklawnia cerclae|PF04563.18	0	0	0	0	0	0	0	0	0	0	0	0	0	0	0	0	0	1	0	0	0	0	0	0	0	0	0	0	0	0	0	0	0	0	0	0	0	0	0	0	0	0
Bryocella elongata|PF04563.18	0	0	0	0	0	0	0	0	0	0	0	0	0	0	0	0	0	0	0	0	0	0	0	0	0	0	0	0	0	0	0	0	2	0	0	0	0	0	0	0	0	0
Buchananella hordeovulneris|PF04563.18	0	0	2	0	0	0	0	0	0	0	0	0	0	0	0	0	0	0	0	0	0	0	0	0	0	0	0	0	0	0	0	0	0	0	0	0	0	0	0	0	0	0
Buchnera aphidicola_AT|PF04563.18	0	0	0	0	0	0	0	0	0	0	0	0	0	0	0	0	0	0	0	0	0	0	0	0	0	0	0	0	0	0	0	0	2	0	0	0	0	0	0	0	0	0
Buchnera aphidicola_F|PF04563.18	0	0	0	0	0	0	0	0	0	0	0	0	0	0	0	0	0	0	0	0	0	0	0	1	0	0	0	0	0	0	0	0	0	0	0	0	0	0	0	0	0	0
Bulleidia intestinalis|PF04563.18	0	0	0	0	0	0	1	0	0	0	0	0	0	0	0	2	0	0	0	0	0	0	0	0	0	0	0	0	0	0	0	0	0	0	0	0	0	0	0	0	0	0
Butyribacter intestini|PF04563.18	0	0	0	0	0	0	0	0	0	0	0	0	0	0	0	0	0	0	0	0	0	0	0	0	6	0	0	0	0	0	0	0	0	0	0	0	0	0	0	0	0	0
Butyribacter sp001916135|PF04563.18	1	0	0	0	0	0	2	0	0	0	0	0	0	0	2	0	0	0	0	0	0	0	2	2	0	0	0	0	0	0	2	0	0	0	0	0	0	0	0	0	0	0
Butyribacter sp003149875|PF04563.18	0	0	0	0	0	0	0	0	0	0	0	0	0	0	0	0	0	0	0	0	0	0	0	0	0	0	0	0	0	0	0	0	0	0	0	0	0	0	2	0	2	0
Butyribacter sp003524945|PF04563.18	0	0	0	0	0	0	0	0	0	0	0	0	2	1	0	0	0	0	0	0	0	0	0	0	0	0	0	0	0	0	0	0	0	3	4	3	0	0	4	6	1	3
Butyribacter sp003529475|PF04563.18	0	0	0	0	0	0	0	0	0	0	0	0	0	0	0	0	0	0	0	0	0	0	0	0	0	0	0	0	0	0	0	0	0	0	0	0	0	0	0	0	1	0
Butyribacter sp003612285|PF02275.21	2	0	0	0	0	0	0	0	0	0	0	0	0	0	0	0	0	0	0	0	0	0	0	0	0	0	0	0	2	12	0	0	9	0	0	0	0	0	0	0	0	2
Butyribacter sp003612285|PF04563.18	0	0	0	0	0	0	0	0	0	0	0	0	0	0	0	0	0	0	0	0	0	0	1	0	42	3	4	0	30	10	0	0	0	8	0	0	0	0	1	0	0	1
Butyricicoccus sp900604335|PF04563.18	0	0	0	0	0	0	0	0	0	0	0	0	0	0	0	0	0	0	0	0	0	0	0	0	0	0	0	0	0	1	0	0	0	0	0	0	0	0	0	0	0	0
Butyricicoccus_A porcorum|PF04563.18	0	0	0	0	0	0	0	0	0	0	0	0	0	0	0	0	0	0	0	0	0	0	0	0	0	0	0	1	3	0	0	0	0	0	0	0	0	0	4	0	0	0
Butyrivibrio fibrisolvens_C|PF04563.18	0	0	0	0	0	0	0	0	0	0	0	0	0	0	0	0	0	0	0	0	0	0	0	0	0	0	0	0	0	0	0	0	0	0	0	2	0	0	0	0	0	0
Butyrivibrio hungatei_A|PF04563.18	0	0	0	0	0	0	0	0	0	2	0	0	0	0	0	0	0	2	0	0	0	0	2	2	0	0	0	0	0	0	0	0	0	0	0	0	0	0	0	0	0	0
Butyrivibrio proteoclasticus|PF04563.18	2	0	0	2	0	0	4	0	0	0	0	0	0	0	0	0	0	2	0	0	0	0	0	0	0	0	0	0	0	0	0	1	0	0	0	0	0	0	0	0	0	0
Butyrivibrio proteoclasticus_A|PF04563.18	0	0	0	0	0	0	0	0	0	0	0	0	0	0	0	2	0	0	0	0	0	0	0	0	0	0	0	0	0	0	0	0	0	0	0	0	0	0	0	0	0	0
Butyrivibrio sp000420825|PF04563.18	0	0	0	0	0	0	0	0	0	0	0	0	0	0	0	0	0	0	0	0	0	0	0	0	0	0	0	0	0	0	0	0	0	0	0	0	0	0	0	2	0	0
Butyrivibrio sp000420845|PF04563.18	0	0	0	1	0	0	0	0	0	0	0	0	0	0	0	0	0	0	0	0	0	0	0	0	0	0	0	0	0	0	0	0	0	0	0	0	0	0	0	0	0	0
Butyrivibrio sp000420945|PF04563.18	0	0	0	0	0	0	0	0	0	0	1	0	0	2	0	0	0	0	0	0	0	0	0	0	0	0	0	0	0	0	0	0	0	0	0	0	0	0	0	0	0	0
Butyrivibrio sp000421405|PF04563.18	0	2	0	0	0	0	0	0	2	0	0	0	0	0	0	0	0	0	0	0	0	0	0	0	0	0	0	0	0	0	0	0	0	0	0	0	0	0	0	0	0	0
Butyrivibrio sp000424145|PF04563.18	0	0	0	0	0	0	0	0	0	0	0	0	0	0	0	0	0	0	0	0	0	0	0	0	0	1	0	0	0	0	0	1	0	0	0	2	0	1	0	0	0	0
Butyrivibrio sp000424385|PF04563.18	2	0	0	0	0	0	0	0	0	0	0	0	0	0	0	0	0	0	0	0	0	0	0	0	0	0	0	0	0	0	0	0	0	0	0	0	0	0	0	0	0	0
Butyrivibrio sp000424585|PF04563.18	0	0	0	0	0	1	0	1	0	0	0	0	0	0	0	0	0	1	0	0	0	1	0	1	0	0	0	0	0	0	0	0	0	0	0	0	0	0	0	0	0	0
Butyrivibrio sp000621565|PF04563.18	0	0	2	0	0	0	0	2	0	0	0	0	0	0	0	0	0	0	0	0	0	0	0	0	0	0	0	0	0	0	0	0	0	0	0	0	0	0	0	0	0	0
Butyrivibrio sp000703165|PF04563.18	4	0	0	6	6	0	2	2	5	0	2	0	0	0	0	4	0	0	0	0	0	0	0	0	2	1	2	0	0	0	0	0	0	0	0	0	0	0	0	0	0	0
Butyrivibrio sp900102515|PF04563.18	0	0	0	0	0	0	0	0	0	0	0	0	0	0	0	0	0	0	0	0	0	0	0	0	0	0	0	0	0	2	0	0	0	0	0	0	0	0	0	0	0	0
Butyrivibrio sp900104155|PF04563.18	0	0	0	0	0	0	0	0	0	0	2	0	0	0	0	0	0	0	0	0	0	0	0	0	0	0	0	0	0	0	0	0	0	0	0	0	0	0	0	0	0	0
Butyrivibrio sp900116865|PF04563.18	0	0	0	0	0	0	0	0	0	0	0	0	0	0	0	2	0	0	0	0	0	0	0	0	0	0	0	0	0	0	0	0	0	0	0	0	0	0	0	0	0	0
Butyrivibrio_A crossotus|PF04563.18	0	0	0	0	0	0	0	0	0	0	0	0	0	0	0	0	0	0	0	0	0	0	0	0	0	0	2	0	0	0	0	0	0	0	0	0	0	0	0	0	0	0
Bythopirellula sp002713555|PF04563.18	0	0	0	0	0	0	0	0	0	0	0	0	0	0	0	0	0	0	0	0	0	0	0	0	0	0	0	0	0	0	0	0	0	0	0	0	0	0	0	0	0	2
C-19 sp009917405|PF04563.18	0	0	0	0	0	0	0	0	0	0	0	0	0	0	0	0	0	0	0	0	0	0	0	0	0	0	0	0	0	0	0	0	0	0	0	0	0	0	0	0	2	0
C-53 sp003612525|PF04563.18	0	2	0	0	0	0	0	0	1	0	1	1	1	1	2	6	1	4	0	0	4	0	7	0	0	0	0	0	0	0	0	0	0	0	1	0	0	0	0	0	0	0
C254 sp002797315|PF04563.18	0	0	0	0	0	0	0	0	0	0	0	0	0	0	0	0	0	0	0	0	0	0	0	0	0	0	0	0	0	2	0	0	0	0	0	0	0	0	0	0	0	0
CAAEEV01 sp011038975|PF04563.18	0	0	0	0	0	0	0	0	0	0	0	0	0	0	0	0	2	0	0	0	0	0	0	0	0	0	0	0	0	0	0	0	0	0	0	0	0	0	0	0	0	0
CADDZO01 sp902812395|PF04563.18	0	0	0	0	0	0	0	0	0	0	0	0	0	0	0	0	0	0	0	0	0	0	0	0	0	0	0	0	0	0	0	0	0	0	0	0	0	0	1	0	0	0
CAG-1000 sp902764145|PF04563.18	0	0	0	0	0	0	0	0	0	0	0	0	0	0	0	0	0	0	0	0	0	0	0	0	0	0	0	0	1	0	0	0	0	0	0	0	0	0	0	0	0	0
CAG-1024 sp004554165|PF04563.18	2	0	2	0	0	2	4	4	0	0	2	0	0	0	0	0	2	8	0	0	0	0	0	0	0	0	0	0	0	0	0	0	0	0	0	0	0	0	0	0	0	0
CAG-1031 sp000431215|PF04563.18	2	0	0	0	0	0	0	0	0	0	0	0	0	0	0	0	4	0	0	0	0	0	0	0	0	8	4	7	7	6	0	0	0	0	0	0	0	0	0	0	0	0
CAG-115 sp003531585|PF04563.18	0	0	0	0	0	0	0	0	0	0	0	0	0	0	0	0	0	2	0	0	0	0	0	0	0	0	0	0	0	0	0	0	0	0	0	0	0	0	0	0	0	0
CAG-1193 sp000436255|PF04563.18	0	0	0	0	0	0	0	0	0	0	0	0	0	0	0	0	0	0	0	0	0	0	0	0	0	1	0	0	0	0	0	0	0	0	0	0	0	0	0	0	1	0
CAG-127 sp900319515|PF04563.18	0	0	1	0	0	0	0	1	0	0	6	0	0	0	0	0	0	0	0	0	0	0	0	0	0	0	0	0	0	0	0	0	0	0	0	0	0	0	0	0	0	0
CAG-1427 sp000435675|PF04563.18	0	0	0	0	0	0	0	0	0	0	0	0	0	0	0	0	0	0	0	0	0	0	0	0	0	0	0	0	0	0	0	0	0	0	0	0	0	0	0	4	0	0
CAG-177 sp000431775|PF04563.18	0	0	2	0	0	0	0	0	0	0	0	0	0	0	0	0	0	0	0	0	0	0	0	0	0	0	0	0	0	0	0	0	0	0	0	0	0	0	0	0	0	0
CAG-194 sp000432915|PF02275.21	0	0	0	0	0	0	0	0	0	0	0	0	0	0	0	0	0	0	0	0	0	0	0	0	4	0	0	0	0	0	0	0	0	0	0	0	0	0	0	0	0	0
CAG-194 sp000432915|PF04563.18	0	0	2	0	0	4	0	0	0	2	0	0	0	0	0	0	0	0	3	0	0	0	0	0	0	0	3	0	2	0	0	2	0	0	15	2	0	1	2	1	1	2
CAG-217 sp000436335|PF04563.18	0	0	0	0	0	0	0	0	0	0	0	0	0	0	0	0	1	0	0	0	0	0	0	0	0	0	0	0	0	0	0	0	0	0	0	0	0	0	0	0	2	0
CAG-245 sp000434195|PF04563.18	0	0	0	0	0	0	0	0	0	0	0	0	0	0	0	0	0	0	0	0	0	0	0	0	4	1	2	4	7	3	0	2	0	0	0	0	4	0	4	0	0	0
CAG-245 sp000435175|PF04563.18	0	0	0	0	0	0	0	0	0	0	0	0	0	0	0	0	0	0	0	0	0	0	0	0	1	0	2	3	7	2	1	2	0	0	1	0	1	2	0	0	0	0
CAG-273 sp003507395|PF02275.21	0	0	0	0	0	0	0	0	0	0	0	0	0	0	0	0	0	0	0	0	0	0	0	0	0	0	0	1	0	0	0	0	0	0	0	0	0	0	0	0	0	0
CAG-273 sp003507395|PF04563.18	2	0	0	0	0	0	0	0	0	4	0	0	0	0	0	0	0	0	0	0	0	0	2	0	9	0	0	2	0	3	0	0	0	2	0	0	0	3	3	0	2	0
CAG-313 sp003539625|PF04563.18	0	0	0	0	0	0	0	0	0	0	0	0	0	0	0	0	0	0	0	0	0	0	0	2	0	0	0	0	0	0	0	0	0	0	0	0	0	0	0	0	0	0
CAG-317 sp000433215|PF04563.18	7	2	10	4	3	4	1	3	3	4	8	6	2	0	5	5	1	8	2	0	0	0	7	0	0	0	1	0	0	0	4	0	0	2	2	0	1	0	0	0	0	0
CAG-317 sp011960265|PF02275.21	12	0	0	2	0	6	8	0	4	2	0	0	0	0	0	6	2	0	6	16	2	17	0	0	0	0	0	0	0	0	0	0	0	0	0	0	0	0	0	0	0	0
CAG-317 sp011960265|PF04563.18	83	4	0	2	2	32	57	28	61	30	0	0	0	0	9	8	4	0	44	70	22	120	0	2	0	1	0	0	0	0	0	0	0	0	0	0	0	0	0	0	0	0
CAG-349 sp003539515|PF04563.18	0	0	0	0	0	0	0	0	0	0	0	0	0	0	0	0	0	0	0	0	0	0	0	0	0	0	0	0	0	0	0	0	0	0	0	0	0	0	0	0	0	2
CAG-353 sp900066885|PF04563.18	2	0	0	0	0	0	0	0	0	0	0	0	0	0	0	0	0	0	0	0	0	0	0	0	0	0	0	0	0	0	0	0	0	0	0	0	0	0	0	0	0	0
CAG-41 sp001941225|PF04563.18	0	0	0	0	0	0	0	0	0	0	0	0	0	0	0	0	0	0	0	0	0	0	0	0	0	0	0	0	0	0	2	1	1	0	0	0	0	0	0	0	0	0
CAG-41 sp900066215|PF04563.18	0	0	0	2	0	0	0	2	0	2	0	0	0	0	1	1	6	0	0	0	0	0	0	0	9	3	1	6	0	0	1	0	0	0	2	0	0	0	2	0	0	0
CAG-45 sp000438375|PF04563.18	3	3	4	3	0	0	3	14	6	9	2	0	4	2	13	2	10	6	7	0	7	3	2	4	0	0	0	4	0	0	0	0	0	2	1	2	2	1	0	1	0	0
CAG-475 sp000434435|PF04563.18	0	0	0	0	0	0	0	0	0	0	0	0	0	0	0	0	0	0	0	0	0	0	0	0	0	0	0	0	0	0	0	3	3	0	1	2	0	6	2	0	1	0
CAG-475 sp900548005|PF04563.18	0	0	0	0	0	0	0	0	0	0	0	0	0	0	0	0	0	0	0	0	0	0	0	0	0	0	0	0	0	0	0	0	0	0	0	1	0	1	0	0	0	0
CAG-485 sp000437495|PF04563.18	0	0	0	0	0	0	0	0	0	0	0	0	2	0	0	0	0	0	0	0	0	0	2	0	0	6	12	0	0	4	0	0	0	0	2	0	0	0	0	0	0	0
CAG-485 sp002362485|PF02275.21	2	0	4	0	0	0	0	6	0	4	16	4	0	0	0	2	6	0	8	2	4	0	0	0	0	19	29	15	43	76	2	34	33	0	4	5	0	23	7	4	4	12
CAG-485 sp002362485|PF04563.18	1089	321	262	139	154	79	186	557	343	1310	496	332	102	85	236	145	534	517	611	477	536	690	152	50	76	142	292	251	262	237	96	249	173	114	141	349	77	336	230	143	6	401
CAG-485 sp002493045|PF04563.18	0	0	0	0	0	0	0	0	0	1	0	0	0	1	0	0	0	0	0	0	0	0	1	0	0	2	0	2	2	2	0	2	0	0	0	0	0	0	0	0	0	0
CAG-485 sp900321585|PF04563.18	0	0	0	0	0	0	0	0	0	0	0	0	0	0	0	0	0	0	0	0	0	0	0	0	0	8	7	2	1	4	0	1	5	0	0	0	0	1	0	0	0	0
CAG-488 sp000434915|PF04563.18	0	0	0	0	0	0	0	0	0	0	0	0	0	0	0	0	0	0	0	0	2	0	0	0	0	0	0	0	0	0	0	0	0	0	0	0	0	0	0	0	0	0
CAG-510 sp002432425|PF04563.18	2	0	4	2	1	2	0	3	0	0	4	2	0	1	0	0	0	2	6	0	0	0	2	0	0	7	9	0	1	2	0	0	1	0	2	3	0	0	0	6	3	0
CAG-533 sp000434495|PF04563.18	0	0	0	0	0	0	0	0	0	0	0	0	0	0	0	0	0	0	0	0	0	0	0	0	0	0	0	0	0	0	0	0	0	0	0	0	0	2	2	0	2	2
CAG-56 sp004793585|PF02275.21	0	0	0	0	0	0	0	0	0	0	0	0	0	0	0	0	0	0	0	0	0	0	0	0	0	0	0	10	0	0	0	0	0	0	0	0	0	10	2	0	3	0
CAG-56 sp004793585|PF04563.18	17	4	6	16	27	2	13	21	10	8	13	12	0	8	0	14	2	3	6	35	105	2	2	2	12	7	16	166	5	0	68	6	0	25	83	18	86	53	44	47	27	48
CAG-590 sp000431135|PF04563.18	0	0	0	0	0	0	0	0	0	0	0	0	0	0	0	0	0	0	0	0	2	0	0	0	2	0	0	0	0	0	2	0	0	0	0	2	2	0	0	2	0	0
CAG-603 sp900066105|PF02275.21	0	0	0	0	0	0	0	0	0	0	0	0	0	0	0	0	0	0	0	0	0	0	0	0	0	0	0	0	2	0	0	0	0	0	0	0	0	0	0	0	0	0
CAG-603 sp900066105|PF04563.18	2	0	0	0	0	0	0	0	0	4	0	0	0	0	0	0	0	0	4	0	0	0	0	0	0	6	2	4	0	0	2	0	2	22	2	2	4	0	0	14	22	0
CAG-603 sp900110975|PF04563.18	0	0	0	0	0	0	0	0	0	0	0	0	0	0	0	0	0	0	0	0	0	0	1	0	1	0	0	0	0	0	0	0	0	4	0	0	0	0	0	2	0	0
CAG-605 sp000433255|PF04563.18	0	0	0	0	0	2	0	0	0	0	0	0	0	0	2	0	0	0	0	0	0	0	2	2	0	0	0	0	0	0	2	0	0	0	0	0	0	2	0	0	0	3
CAG-605 sp000433475|PF04563.18	0	0	0	0	0	0	0	0	0	0	0	0	0	0	0	0	0	0	0	0	0	0	0	0	0	0	0	0	0	0	0	0	0	0	0	0	0	0	0	0	4	2
CAG-632 sp000431515|PF04563.18	0	0	0	0	0	0	0	0	0	0	0	0	0	0	2	0	0	0	2	0	2	0	0	0	0	0	2	0	0	0	4	0	0	2	0	2	5	0	0	6	0	2
CAG-710 sp000432595|PF04563.18	0	0	0	0	0	0	0	0	0	0	0	0	0	0	0	0	0	0	0	0	0	0	0	0	2	0	0	0	0	0	0	0	0	0	0	2	0	0	0	0	0	0
CAG-791 sp000431495|PF04563.18	0	0	0	0	0	0	0	5	0	0	2	0	0	0	3	4	0	4	0	0	6	0	1	2	0	0	0	0	0	0	0	1	0	1	0	0	0	0	0	0	1	0
CAG-791 sp900101015|PF04563.18	5	3	0	11	4	3	4	1	9	3	1	2	2	1	1	7	0	2	2	0	5	3	8	4	0	0	0	6	0	0	4	1	0	0	0	5	2	0	4	2	0	0
CAG-791 sp900107575|PF04563.18	0	0	0	0	0	0	0	0	0	0	0	0	0	0	0	0	0	0	0	0	0	0	0	0	0	0	0	0	0	0	0	0	0	0	0	0	0	0	0	0	0	2
CAG-791 sp900317475|PF04563.18	2	0	0	1	0	0	0	0	0	0	0	0	0	0	0	1	0	0	0	0	0	0	0	1	0	0	0	0	0	0	0	0	0	0	1	0	0	0	0	0	0	0
CAG-791 sp900318875|PF04563.18	0	0	0	0	0	0	0	0	0	0	0	0	0	0	0	0	0	0	0	0	0	0	0	0	0	0	0	0	0	0	0	0	0	2	0	0	0	0	0	0	2	2
CAG-791 sp900625025|PF04563.18	12	14	2	20	8	21	8	2	12	6	10	8	0	0	6	20	18	11	18	14	28	11	0	0	0	0	0	0	0	2	0	2	0	0	0	0	1	2	0	0	0	0
CAG-793 sp000433915|PF04563.18	0	0	0	0	0	0	0	0	0	0	0	0	0	0	0	0	0	0	0	0	0	0	0	0	0	1	0	5	0	0	2	0	0	0	0	2	1	2	0	0	3	0
CAG-83 sp000431575|PF04563.18	9	11	287	12	10	16	18	19	10	12	6	9	2	11	9	29	27	2	4	7	18	10	15	4	0	8	2	18	20	26	0	26	39	4	14	22	2	25	22	8	23	30
CAG-83 sp003487665|PF04563.18	0	0	2	0	1	1	2	8	2	6	0	2	2	0	0	2	4	0	0	0	1	2	2	0	0	1	4	6	2	3	0	0	2	2	3	7	1	9	4	4	1	8
CAG-83 sp004555205|PF04563.18	2	2	12	7	2	2	3	4	0	0	3	2	1	0	0	0	1	0	0	0	6	0	4	1	0	0	2	4	5	6	0	2	7	1	2	0	0	2	6	4	6	2
CAG-83 sp004557655|PF04563.18	0	8	4	5	4	6	4	2	2	6	6	8	10	2	4	11	10	10	0	4	4	0	0	0	0	1	0	11	10	4	2	9	19	3	2	4	3	4	21	6	10	8
CAG-83 sp900545585|PF04563.18	5	2	42	4	12	7	8	15	2	2	9	7	0	1	4	19	7	7	0	0	13	0	2	6	2	4	9	10	4	8	0	8	13	0	1	14	2	10	7	6	4	10
CAG-83 sp902765025|PF04563.18	7	4	91	4	48	8	20	11	2	4	10	16	6	6	6	29	17	6	1	7	14	4	7	16	2	9	4	32	5	6	4	26	17	0	10	15	2	12	11	5	8	9
CAG-841 sp000437375|PF04563.18	0	0	0	0	0	0	0	0	0	0	0	0	0	0	0	0	0	0	0	0	0	0	0	0	0	0	0	0	0	0	0	0	0	0	2	4	0	0	0	0	0	0
CAG-873 sp001689415|PF04563.18	0	0	0	0	0	0	0	0	0	2	0	0	0	0	0	0	0	0	0	0	0	0	0	0	0	0	0	0	1	0	0	1	4	0	0	0	0	0	0	0	0	0
CAG-873 sp001701165|PF04563.18	0	0	0	0	0	0	0	0	0	1	1	2	0	0	0	0	1	0	0	0	0	0	0	0	0	6	8	6	3	5	0	1	0	0	6	1	0	0	0	0	1	0
CAG-873 sp002633115|PF04563.18	0	0	0	0	0	0	0	0	0	0	0	0	0	0	0	0	0	0	0	0	0	0	0	0	0	5	5	4	3	1	2	6	3	0	1	2	2	0	4	0	0	0
CAG-873 sp004552485|PF04563.18	3	3	2	2	3	4	0	0	0	0	2	4	2	0	0	6	8	2	0	2	2	0	4	0	5	37	35	31	22	23	0	53	17	8	23	8	0	7	7	0	4	0
CAG-873 sp004553485|PF04563.18	0	0	0	0	0	0	0	0	0	0	0	0	0	0	0	0	0	0	0	0	0	0	0	0	2	40	39	20	22	27	2	0	1	0	12	11	0	0	0	0	1	0
CAG-873 sp011959565|PF04563.18	0	0	0	0	0	0	0	0	0	0	0	0	0	0	0	0	0	0	0	0	0	0	0	0	0	2	0	2	0	2	0	2	3	0	0	0	0	2	0	0	0	0
CAG-877 sp000433455|PF04563.18	0	0	0	0	0	0	0	0	0	0	0	0	0	0	0	0	0	0	0	0	0	0	0	2	0	0	0	0	0	0	0	0	0	4	0	0	0	0	0	0	0	0
CAG-882 sp000435595|PF04563.18	0	0	0	0	0	0	0	0	0	0	2	0	0	0	0	0	0	0	0	0	0	0	0	0	0	0	0	0	0	0	0	0	0	0	0	0	0	0	0	0	0	0
CAG-95 sp000403495|PF04563.18	3	5	3	2	12	6	4	0	1	0	0	6	2	2	0	2	2	12	17	10	68	36	4	16	8	2	1	9	7	2	0	2	0	1	3	2	6	2	0	6	3	2
CAG-95 sp009917455|PF02275.21	0	0	0	0	0	0	0	0	0	0	0	0	0	0	0	0	0	0	0	0	0	0	2	0	8	15	4	9	6	20	38	78	40	10	8	6	0	2	4	0	5	6
CAG-95 sp009917455|PF04563.18	35	41	18	31	21	88	40	9	56	52	65	49	12	7	26	59	45	61	30	64	119	58	15	31	231	176	35	66	33	52	596	311	132	146	207	54	42	26	18	76	91	143
CAG-95 sp900066375|PF04563.18	4	1	0	0	2	0	0	3	9	1	2	0	3	0	0	2	0	8	0	1	1	3	0	1	0	0	2	0	0	0	0	4	2	4	1	2	0	0	0	3	1	2
CAG-964 sp000435335|PF04563.18	0	0	0	0	0	0	0	0	0	0	0	0	0	0	0	0	0	0	0	0	0	0	0	0	0	2	0	0	0	0	0	0	0	0	0	0	0	0	0	0	0	0
CAIXLI01 sp009779745|PF04563.18	0	0	0	0	0	0	0	0	0	0	0	0	0	0	0	0	0	0	0	0	0	0	0	0	0	0	0	0	0	0	0	0	0	0	0	0	0	0	0	0	2	0
CAZU01 sp000432275|PF04563.18	0	0	0	0	2	0	0	0	0	0	0	0	0	0	0	0	0	0	0	0	0	0	0	0	0	0	0	0	0	0	0	0	0	0	0	0	0	0	0	0	0	0
CCUG-7971 spG000499525|PF04563.18	0	0	0	0	0	0	2	1	2	0	2	4	0	0	0	0	0	0	4	6	0	2	0	0	0	0	0	0	0	0	0	0	0	0	0	0	0	0	0	0	0	0
CG1-02-37-22 sp002785215|PF04563.18	0	0	0	0	0	0	0	0	0	0	0	0	0	0	0	0	0	0	2	0	0	0	0	0	0	0	0	0	0	0	0	0	0	0	0	0	0	0	0	0	0	0
CG2-30-36-39 sp001873435|PF04563.18	0	0	0	0	0	0	0	0	0	0	0	0	0	0	0	0	0	0	0	0	0	0	0	0	0	0	2	0	0	2	0	0	0	0	0	0	0	0	0	0	0	0
COE1 sp000403215|PF02275.21	0	0	0	2	0	0	0	0	0	0	0	0	2	0	0	14	0	6	0	0	0	0	0	0	0	29	44	0	17	17	0	2	1	44	15	9	2	1	12	2	58	2
COE1 sp000403215|PF04563.18	16	2	5	100	43	1	11	7	2	6	48	41	83	65	26	241	7	349	23	22	21	105	164	176	11	41	34	291	53	87	150	66	58	161	63	38	19	199	163	8	81	17
COE1 sp000403335|PF04563.18	18	12	0	13	36	10	22	34	32	22	16	12	31	23	24	10	14	21	44	41	28	33	53	30	491	291	310	355	99	52	732	194	313	234	144	249	79	396	243	2	5	0
CU05-9 sp007556525|PF04563.18	0	0	2	0	0	0	0	0	0	0	0	0	0	0	0	0	0	0	0	0	0	0	0	0	0	0	0	0	0	0	0	0	0	0	0	0	0	0	0	0	0	0
Caccocola sp002159945|PF04563.18	0	0	0	0	0	0	0	0	0	0	0	0	0	0	0	0	0	0	0	0	0	0	0	0	0	0	0	0	0	0	0	0	0	0	0	0	0	0	2	0	0	4
Caldicellulosiruptor naganoensis|PF04563.18	0	0	0	0	0	0	0	0	0	0	2	1	0	2	0	0	0	0	0	0	0	0	0	0	0	0	0	0	0	0	0	0	0	0	0	0	0	0	0	0	0	0
Caldicoprobacter oshimai|PF04563.18	0	0	2	0	0	0	0	0	0	0	4	0	0	0	0	0	0	0	0	0	0	0	0	0	0	0	0	0	0	0	0	0	0	0	0	0	0	0	0	0	0	0
Caloramator australicus|PF04563.18	0	0	4	0	0	0	0	0	0	0	0	0	0	0	0	0	0	0	2	0	0	0	0	0	0	0	0	0	0	0	0	0	0	0	0	0	0	0	0	0	0	0
Canibacter sp011752015|PF04563.18	0	0	0	0	0	0	0	0	0	0	0	0	0	0	0	0	0	0	0	0	0	0	0	0	0	0	0	1	0	0	0	0	0	0	0	0	0	0	0	0	0	0
Caproicibacter fermentans|PF04563.18	0	0	2	0	0	0	0	0	0	0	0	0	0	0	0	0	0	0	0	0	2	0	0	0	0	0	0	0	0	0	0	0	0	0	2	0	0	0	0	3	6	5
Caproicibacter sp900184925|PF04563.18	0	0	0	0	0	0	0	0	0	0	0	0	0	0	0	0	0	0	0	0	0	0	0	1	0	0	0	0	0	0	0	0	0	0	0	0	0	0	0	0	0	0
Caproiciproducens sp000752215|PF04563.18	1	0	0	0	0	0	0	0	0	0	0	0	0	0	0	0	0	0	0	0	0	0	0	0	0	0	1	0	0	0	0	1	1	0	0	1	0	2	0	0	0	0
Cardiobacterium hominis|PF04563.18	0	0	0	0	0	0	0	0	0	0	0	0	0	0	0	0	0	0	0	0	0	0	0	0	0	0	0	0	0	0	0	0	1	0	0	0	0	0	0	0	0	0
Carnobacterium_A jeotgali|PF04563.18	0	0	0	0	0	0	0	0	0	0	0	0	0	0	0	0	0	0	2	0	0	1	0	0	0	0	0	0	0	0	0	0	0	0	0	0	0	0	0	0	0	0
Catellicoccus marimammalium|PF04563.18	0	0	0	0	0	0	0	0	0	0	0	0	0	0	0	0	0	0	0	0	0	0	0	0	0	0	0	0	0	0	0	0	0	0	0	0	0	0	0	0	2	0
Catenibacillus sp902363555|PF04563.18	0	0	0	0	0	0	0	0	0	0	2	0	0	0	0	0	0	0	0	0	0	0	0	0	0	0	0	0	0	0	0	0	0	0	0	1	0	0	0	2	0	0
Centipeda artemidis|PF04563.18	0	0	4	0	0	0	0	0	0	0	0	0	0	0	0	0	0	0	0	0	0	0	0	0	0	0	0	0	0	0	0	0	0	0	0	0	0	0	0	0	0	0
Centipeda periodontii|PF04563.18	0	0	0	0	0	0	0	0	0	0	0	0	0	0	0	1	0	0	0	0	0	0	3	0	0	0	0	0	0	0	0	0	0	0	0	0	0	0	0	0	0	0
Cetobacterium_A somerae|PF04563.18	0	0	0	0	0	0	0	0	0	0	0	0	0	0	0	0	2	0	0	0	0	0	0	0	0	0	0	0	0	0	0	0	0	0	0	0	0	0	0	0	0	0
Chlamydophila avium|PF04563.18	0	0	0	0	0	0	0	0	0	0	0	0	0	0	0	0	0	0	0	0	0	0	0	0	0	6	0	0	0	0	0	0	0	0	0	0	0	0	0	0	0	0
Chlamydophila pecorum|PF04563.18	0	0	0	0	0	0	0	0	0	0	0	0	0	0	0	0	0	0	0	0	0	0	0	0	0	0	0	0	2	0	0	0	0	0	0	0	0	0	0	0	0	0
Chloroflexus aurantiacus|PF04563.18	0	0	0	0	0	0	0	0	0	0	0	0	0	0	0	0	0	0	0	0	0	0	0	0	0	0	0	0	0	0	0	0	2	0	0	0	0	0	0	0	0	0
Chloroherpeton thalassium|PF04563.18	0	0	0	0	2	0	0	0	0	0	0	0	0	0	0	0	0	0	0	0	0	0	0	0	0	0	0	0	0	0	0	0	0	0	0	0	0	0	0	0	0	0
Choladousia sp003612585|PF02275.21	0	0	0	0	0	0	0	0	0	0	0	0	0	2	0	0	0	0	0	0	0	0	0	0	0	0	0	0	0	0	0	0	0	0	0	0	0	0	0	0	0	0
Choladousia sp003612585|PF04563.18	4	3	4	9	1	6	2	11	9	9	0	0	7	1	4	4	15	12	0	2	0	4	3	0	6	6	3	58	1	17	0	0	3	2	14	17	20	10	5	4	11	2
Chryseobacterium sp000333355|PF02275.21	0	0	0	0	0	0	0	0	0	0	0	0	0	0	0	0	0	0	0	0	0	0	0	0	0	0	0	0	2	0	0	0	0	0	0	0	0	0	0	0	0	0
Chryseobacterium sp001424145|PF04563.18	0	0	0	0	0	0	0	0	0	0	0	0	0	0	0	0	0	0	0	0	0	0	0	0	0	0	0	0	0	0	0	0	0	0	0	0	0	0	0	0	2	0
Chryseolinea serpens|PF04563.18	0	0	0	0	0	0	0	0	0	0	0	0	0	0	0	0	0	0	0	0	0	0	0	0	0	0	0	1	0	0	0	0	0	0	0	0	0	0	0	0	0	0
Cloacibacterium normanense|PF04563.18	0	0	0	0	0	0	0	0	0	0	0	0	0	0	0	0	2	0	0	0	0	0	0	0	0	0	0	0	0	0	0	0	0	0	0	0	0	0	0	0	0	0
Clostridioides difficile|PF04563.18	0	0	0	0	0	0	0	0	0	0	2	2	0	0	0	0	0	0	1	0	0	0	0	0	0	0	0	0	0	0	0	0	0	0	0	0	0	0	0	0	0	0
Clostridioides_A mangenotii|PF04563.18	0	0	0	0	2	0	0	0	0	0	0	0	0	0	0	0	0	0	0	0	0	0	0	0	0	0	0	0	0	0	0	0	0	0	0	0	0	0	0	0	0	0
Clostridium baratii|PF04563.18	4	4	0	0	2	0	2	24	24	34	2	2	0	0	0	2	0	4	8	6	0	2	0	0	0	0	0	0	0	0	0	0	0	12	0	0	8	3	0	21	0	0
Clostridium butyricum|PF04563.18	0	0	0	0	0	0	0	0	6	0	0	0	0	0	0	0	0	0	0	0	0	0	0	0	0	0	0	0	0	0	0	0	0	2	0	0	0	0	0	2	0	0
Clostridium cagae|PF04563.18	0	0	0	0	0	0	0	0	0	0	0	0	0	0	0	0	0	0	0	0	0	0	0	0	1	0	0	0	0	2	0	0	0	0	2	0	0	0	0	0	0	0
Clostridium celatum|PF04563.18	60	23	0	2	30	19	19	283	411	276	87	36	0	0	38	27	2	41	100	22	0	11	0	0	10	0	0	6	4	0	0	0	0	110	9	6	48	4	0	337	0	4
Clostridium disporicum|PF04563.18	4	0	0	0	2	2	0	16	12	4	4	4	0	0	8	1	0	4	2	5	0	0	0	0	0	0	0	0	0	0	0	0	0	6	0	0	0	0	0	15	0	0
Clostridium gasigenes|PF04563.18	0	0	0	0	0	0	0	4	10	4	1	0	0	0	0	0	0	0	0	0	0	0	0	0	0	0	0	0	0	0	0	0	0	0	0	0	0	0	0	0	0	0
Clostridium neonatale|PF04563.18	0	1	0	0	0	0	0	0	0	6	0	2	0	0	0	0	0	0	0	0	0	0	0	0	0	0	0	0	0	0	0	0	0	2	0	0	0	0	0	2	0	0
Clostridium paraputrificum|PF04563.18	2	2	0	0	0	4	4	2	4	10	2	0	0	0	0	0	0	0	6	2	2	0	0	0	0	0	0	0	0	0	0	0	0	0	0	0	0	4	0	18	0	0
Clostridium saccharobutylicum|PF04563.18	0	0	0	0	0	0	0	4	13	4	0	0	0	0	0	0	0	0	0	0	0	0	0	0	0	0	0	0	0	0	0	0	0	0	0	0	0	0	0	0	0	0
Clostridium saccharoperbutylacetonicum|PF04563.18	0	0	0	0	0	0	2	0	0	0	0	0	0	0	0	0	0	0	0	0	0	0	0	0	0	0	2	0	2	0	0	0	0	2	1	0	2	0	0	2	0	0
Clostridium sartagoforme_A|PF04563.18	2	0	0	0	0	0	0	0	0	0	0	0	0	0	0	0	0	0	0	0	0	0	0	0	0	0	0	0	0	0	0	0	0	0	0	0	0	0	0	0	0	0
Clostridium septicum|PF04563.18	0	0	0	0	0	0	0	0	6	6	0	0	0	0	0	0	0	0	0	0	0	0	0	0	0	0	0	0	0	0	0	0	0	0	2	0	0	0	0	4	0	0
Clostridium sp000498355|PF04563.18	8	0	0	2	2	0	4	10	17	14	0	0	2	0	0	0	0	2	14	2	0	0	2	0	0	0	0	0	0	0	0	0	0	0	0	0	0	0	0	21	0	0
Clostridium sp012843905|PF04563.18	0	0	0	0	0	0	0	0	0	0	0	0	0	0	0	0	0	0	0	0	0	0	0	0	0	0	0	0	0	0	0	0	0	0	2	0	0	0	0	0	0	0
Clostridium thermobutyricum|PF04563.18	4	0	0	0	4	0	0	29	44	18	10	0	0	0	6	2	0	7	6	2	0	2	0	0	1	0	0	0	2	0	0	0	0	6	0	0	0	2	0	27	0	0
Clostridium vincentii|PF04563.18	0	0	0	0	0	0	0	0	0	0	0	0	0	0	2	0	0	0	2	0	0	0	0	0	2	0	0	0	0	0	0	0	0	0	0	0	2	0	0	6	0	0
Clostridium_A leptum|PF04563.18	2	2	4	5	2	4	2	2	2	6	2	0	2	2	10	10	8	2	6	2	12	0	2	0	0	0	0	0	3	1	0	0	0	2	2	6	0	0	1	4	0	0
Clostridium_AE oryzae|PF04563.18	0	0	0	0	0	0	0	0	0	0	0	0	0	0	0	0	0	0	0	0	0	0	0	0	2	0	0	0	0	0	0	0	0	0	0	0	0	0	0	0	0	0
Clostridium_AF grantii|PF04563.18	0	0	0	0	0	0	0	0	0	0	0	0	0	0	0	0	0	0	0	0	0	0	0	0	0	0	0	0	0	0	0	0	0	0	0	2	4	0	0	0	0	0
Clostridium_AG cavendishii|PF04563.18	0	0	0	0	0	0	0	0	0	0	0	0	0	0	0	0	0	0	4	0	0	0	0	0	0	0	0	0	1	0	0	0	0	0	0	0	0	0	0	0	0	0
Clostridium_AH fallax|PF04563.18	0	0	0	0	0	0	0	0	3	2	0	0	0	0	0	0	0	2	0	0	0	0	0	0	0	0	0	0	0	0	0	0	0	0	0	0	0	0	0	5	0	0
Clostridium_AI populeti|PF04563.18	0	0	0	0	0	0	0	0	0	0	0	0	0	0	0	0	0	0	0	0	0	0	0	0	0	0	0	0	0	0	0	0	0	0	2	0	0	2	0	1	0	0
Clostridium_AP scindens|PF04563.18	17	12	0	12	4	8	14	22	13	12	0	2	8	15	8	8	15	9	13	14	43	17	4	11	12	7	0	1	0	2	25	1	2	15	5	10	3	2	0	6	2	0
Clostridium_C acetireducens|PF04563.18	0	0	0	0	0	0	0	0	0	0	0	0	0	0	0	0	0	0	0	0	0	0	0	0	0	0	0	0	0	0	0	0	0	2	0	0	0	0	0	0	0	0
Clostridium_E sporosphaeroides|PF04563.18	0	0	0	0	0	4	0	0	0	0	0	0	0	0	0	0	0	0	0	0	0	0	0	0	0	0	0	0	1	0	0	0	1	0	0	0	0	0	0	0	0	0
Clostridium_H botulinum_B|PF04563.18	0	0	0	0	0	0	0	0	2	2	0	0	0	0	0	0	0	0	0	0	0	0	0	0	0	0	0	0	0	0	0	0	0	0	0	0	0	0	0	0	0	0
Clostridium_H bovifaecis|PF04563.18	0	0	0	0	0	0	0	0	0	0	0	0	0	0	0	0	0	0	0	0	0	0	0	0	0	0	0	1	0	0	0	0	0	0	0	0	0	0	0	0	0	0
Clostridium_H haemolyticum|PF04563.18	0	0	0	0	0	0	0	0	0	2	0	0	0	0	0	0	0	0	0	0	0	0	0	0	0	0	0	0	0	0	0	0	0	0	0	0	0	0	0	0	0	0
Clostridium_H novyi|PF04563.18	0	0	0	0	0	0	0	0	0	0	0	0	0	0	0	0	0	0	0	0	0	0	0	0	0	0	0	0	1	0	0	0	0	0	0	0	0	0	0	0	0	0
Clostridium_I akagii|PF04563.18	0	0	0	0	0	0	0	0	0	0	0	0	0	0	0	0	0	0	0	0	0	0	0	0	0	0	0	0	0	0	0	1	0	0	0	0	0	0	0	0	0	0
Clostridium_J sulfidigenes|PF04563.18	0	0	0	0	0	0	0	0	2	0	0	0	0	0	0	0	0	0	0	0	0	0	0	0	0	0	0	0	0	0	0	0	0	0	0	0	0	0	0	0	0	0
Clostridium_K cellulovorans|PF04563.18	0	0	0	0	0	0	0	0	0	4	0	4	0	0	0	0	0	0	3	0	0	0	0	0	0	0	0	0	0	0	0	0	0	0	0	0	0	0	0	4	0	0
Clostridium_N fimetarium|PF02275.21	0	0	0	0	0	0	0	0	0	0	0	0	0	0	0	0	0	0	0	0	0	0	0	0	0	0	0	1	0	0	0	0	0	0	0	0	0	0	0	0	0	0
Clostridium_N fimetarium|PF04563.18	0	0	0	0	0	0	1	0	0	0	0	0	0	0	0	1	0	0	2	0	0	0	0	0	0	0	0	0	0	0	0	0	0	6	0	0	4	0	0	2	0	0
Clostridium_P massiliamazoniense|PF04563.18	0	0	0	2	0	0	0	0	0	2	0	0	0	0	0	0	0	0	0	0	0	0	0	0	0	0	0	0	0	0	0	1	0	0	0	0	0	0	0	0	0	0
Clostridium_P perfringens|PF04563.18	0	2	0	0	0	0	0	6	5	7	2	0	0	0	4	2	0	2	0	0	0	0	0	0	0	0	0	0	3	0	0	0	0	0	0	2	2	0	0	2	0	0
Clostridium_P tarantellae|PF04563.18	0	0	0	0	0	0	0	0	0	0	0	0	0	0	0	0	0	0	2	0	0	0	0	0	0	0	0	0	0	0	0	0	0	0	0	0	0	0	0	0	0	0
Clostridium_Q saccharolyticum_A|PF04563.18	2	3	3	0	7	1	6	0	0	0	4	3	5	2	0	0	2	2	10	2	6	4	3	4	1	2	2	2	0	0	2	0	2	0	3	2	3	0	6	2	0	2
Clostridium_Q sp000435655|PF04563.18	0	4	0	0	0	2	0	0	0	2	0	0	0	0	0	0	0	0	0	0	0	0	0	0	0	0	0	3	0	0	0	0	1	0	0	6	0	0	4	2	0	0
Clostridium_Q sp009911305|PF02275.21	2	2	0	4	0	2	2	4	1	2	0	0	0	2	0	0	0	0	0	0	2	0	0	0	6	11	2	9	6	16	0	8	0	0	0	0	0	7	0	0	0	1
Clostridium_Q sp009911305|PF04563.18	300	170	0	175	2	211	470	703	410	230	2	2	219	73	13	17	5	15	18	131	70	79	113	82	32	69	65	189	37	33	18	47	8	5	24	26	30	70	14	13	12	12
Clostridium_Q symbiosum|PF04563.18	0	0	0	0	4	0	0	2	1	0	0	0	0	0	1	0	2	2	4	0	0	0	2	0	0	2	0	0	0	0	0	0	0	4	19	0	0	0	0	0	2	0
Clostridium_R aminophilum|PF04563.18	2	0	0	2	3	0	2	1	2	1	4	0	2	0	0	0	0	2	0	0	0	1	1	0	2	1	0	0	0	0	0	0	0	0	4	2	0	0	0	0	0	0
Clostridium_R aminophilum_A|PF04563.18	0	0	0	0	0	0	0	0	0	0	0	0	0	0	0	0	0	0	0	0	2	2	1	0	0	0	0	0	0	0	0	0	0	0	0	0	0	0	0	0	0	2
Clostridium_T intestinale|PF04563.18	2	0	0	0	0	0	0	2	4	4	2	0	0	0	0	0	0	6	0	0	0	0	0	0	0	0	0	0	0	0	0	0	0	4	0	0	0	0	0	0	0	0
Clostridium_Y thermoalcaliphilum|PF04563.18	0	0	0	0	2	0	0	0	0	0	0	0	0	0	0	0	0	2	0	0	0	0	0	0	0	0	0	0	0	0	0	0	0	0	0	1	0	0	0	0	0	0
Clostridium_Z hydrogeniformans|PF04563.18	0	0	0	0	0	0	0	0	6	0	0	0	0	0	0	0	0	0	0	0	0	0	0	0	0	0	0	0	0	0	0	0	0	0	0	0	0	0	0	0	0	0
Collimonas pratensis|PF04563.18	0	0	0	0	0	0	2	0	0	0	0	0	0	0	0	0	0	0	0	0	0	0	0	0	0	0	0	0	0	0	0	0	0	0	0	0	0	0	0	0	0	0
Companilactobacillus heilongjiangensis|PF04563.18	0	0	0	0	0	0	0	0	0	0	0	0	0	0	0	0	0	0	0	0	0	0	0	0	0	0	0	1	0	0	0	0	0	0	0	0	0	0	0	0	0	0
Coprobacillus cateniformis|PF04563.18	0	0	2	2	0	0	0	0	1	4	0	0	0	0	0	0	0	0	0	2	0	1	0	0	0	0	0	0	0	0	0	0	0	0	0	2	2	0	0	0	0	0
Coprobacter fastidiosus|PF02275.21	0	0	0	0	0	0	0	0	0	0	0	0	0	0	0	0	0	0	0	0	0	0	0	0	0	0	0	0	0	0	0	0	2	0	0	0	0	0	0	0	0	0
Coprococcus eutactus_A|PF04563.18	0	0	0	0	0	0	1	0	0	0	0	0	0	0	0	0	0	0	0	0	0	0	0	0	0	0	0	0	0	0	0	0	0	0	0	0	0	0	0	0	0	0
Coprococcus sp000154245|PF04563.18	0	0	0	0	0	0	0	0	0	0	0	0	0	0	0	0	0	0	0	0	0	0	2	0	0	0	0	0	0	0	0	0	0	0	0	0	0	0	0	0	0	0
Coprococcus sp900066115|PF04563.18	0	0	0	0	0	0	0	0	0	0	0	0	0	0	0	0	0	0	0	0	0	0	0	0	0	0	2	0	0	0	0	0	0	0	0	0	0	0	0	0	0	0
Coprococcus_A catus|PF04563.18	0	0	0	0	0	0	0	0	0	0	0	0	0	0	0	0	0	0	0	0	0	0	0	0	0	0	0	0	0	0	1	0	0	0	0	0	0	0	0	0	0	0
Coprocola sp000364165|PF04563.18	0	0	0	0	2	0	0	0	0	0	0	0	0	0	0	0	0	0	2	0	0	0	0	0	95	51	0	20	39	11	12	19	53	12	32	16	14	42	12	104	19	22
Copromonas sp000435795|PF04563.18	3	2	6	2	1	6	10	6	0	1	5	0	3	6	0	3	0	6	5	4	6	9	6	8	0	0	2	0	0	0	2	0	0	0	9	2	4	5	1	4	0	5
Copromonas sp900066535|PF04563.18	2	1	0	0	0	1	3	4	8	6	0	0	10	0	2	4	0	1	4	1	0	3	0	1	4	0	1	2	2	0	0	0	2	0	0	0	0	1	0	2	0	3
Copromorpha sp900066305|PF04563.18	0	0	0	0	0	0	0	0	0	0	0	0	0	0	0	0	6	0	0	0	0	0	0	0	0	0	0	1	0	0	0	0	0	0	0	0	0	0	0	0	0	0
Coprothermobacter proteolyticus|PF04563.18	0	0	0	0	0	0	0	0	0	0	0	0	0	0	0	0	0	0	0	0	0	0	0	0	0	0	0	0	2	0	0	0	0	0	0	0	0	0	0	0	0	0
Corynebacterium accolens|PF04563.18	2	0	0	0	0	0	2	0	0	0	0	0	0	0	0	2	0	0	2	2	2	0	0	0	0	0	0	0	0	0	0	0	0	0	0	0	0	0	0	0	0	0
Corynebacterium afermentans|PF04563.18	0	0	0	0	0	0	0	0	0	0	0	0	0	0	0	0	0	0	0	0	0	0	0	0	0	0	0	0	2	0	0	0	0	0	0	0	0	0	0	0	0	0
Corynebacterium casei|PF04563.18	0	0	0	0	0	0	0	0	0	0	2	0	0	0	0	0	0	0	0	0	0	0	0	0	0	0	0	0	0	0	0	0	0	0	0	0	0	0	0	0	0	0
Corynebacterium doosanense|PF04563.18	0	0	0	0	0	0	0	0	0	0	0	0	0	0	0	0	0	0	0	0	0	0	0	0	0	0	0	0	0	0	0	0	0	0	0	0	0	1	0	0	0	0
Corynebacterium jeddahense|PF04563.18	0	0	6	0	0	0	0	0	0	0	0	0	0	0	0	0	0	0	0	0	0	0	0	0	0	0	0	0	0	0	0	0	0	0	0	0	0	0	0	0	0	0
Corynebacterium mucifaciens|PF04563.18	0	0	0	0	0	0	0	0	0	2	0	0	0	0	0	0	0	0	0	0	0	0	0	0	0	0	0	0	0	0	0	0	0	0	0	0	0	0	0	0	0	0
Corynebacterium stationis|PF04563.18	0	0	0	0	0	0	0	0	0	0	0	2	0	0	0	0	0	0	0	0	0	0	0	0	0	0	0	0	0	0	0	0	0	0	0	0	0	0	0	0	0	0
Croceibacterium salegens|PF04563.18	0	0	0	0	0	0	0	0	0	0	0	0	0	0	0	0	0	0	0	0	0	0	0	0	0	0	0	0	0	0	0	0	0	0	0	0	0	0	0	0	0	2
Croceibacterium sp001427865|PF04563.18	0	0	0	0	0	0	2	0	0	0	0	0	0	0	0	0	0	0	0	0	0	0	0	0	0	0	0	0	0	0	0	0	0	0	0	0	0	0	0	0	0	0
Cryptobacteroides sp000433355|PF04563.18	0	0	0	0	0	0	0	0	0	0	0	0	0	0	0	0	0	0	0	0	0	0	0	0	0	0	0	0	0	2	0	0	0	0	0	0	0	0	0	0	0	0
Cryptobacteroides sp900317925|PF04563.18	0	0	0	0	0	0	0	0	0	2	0	6	0	0	0	0	0	0	0	0	0	0	0	0	0	0	0	0	0	0	0	0	0	0	0	0	0	0	0	0	0	0
Cryptobacteroides sp902787255|PF04563.18	0	0	0	0	0	0	0	0	0	0	0	0	0	0	0	0	0	0	0	0	0	0	0	0	0	2	0	0	0	0	0	0	0	0	0	0	0	0	0	0	0	0
Cryptobacteroides sp902792815|PF04563.18	0	0	0	0	0	0	0	0	0	0	0	0	0	0	0	0	0	0	0	0	2	0	0	0	0	0	0	0	0	2	0	0	0	0	0	0	0	0	0	0	0	0
Cuneatibacter caecimuris|PF04563.18	3	1	2	1	3	6	3	1	1	5	3	0	2	1	0	8	1	2	5	10	5	7	2	9	2	0	2	1	1	1	18	3	0	2	9	1	0	1	1	1	0	2
Cutibacterium acnes|PF04563.18	0	0	0	0	0	0	0	0	0	0	0	0	0	0	0	0	0	0	0	0	0	0	0	0	0	0	0	0	0	0	0	0	0	0	0	0	0	2	0	0	0	0
Cutibacterium namnetense|PF04563.18	0	0	0	0	0	0	0	0	0	0	0	0	0	0	0	0	0	0	2	0	0	0	0	0	0	0	0	0	0	0	0	0	0	0	0	0	0	0	0	0	0	0
Cycloclasticus sp002101225|PF04563.18	0	0	0	0	0	0	0	0	0	0	0	0	0	0	0	0	0	0	0	0	0	0	0	0	0	0	0	0	2	0	0	0	0	0	0	0	0	0	0	0	0	0
Cycloclasticus sp002101235|PF04563.18	0	0	0	0	0	0	0	0	0	0	0	0	0	0	0	0	0	0	0	0	0	0	0	0	0	0	0	0	2	0	0	0	0	0	0	0	0	0	0	0	0	0
D16-34 sp009911635|PF04563.18	0	0	0	0	0	0	0	0	0	0	0	0	0	0	0	0	0	0	0	0	0	0	0	0	0	1	0	0	0	0	0	0	0	2	0	0	0	0	0	0	0	0
D16-63 sp003612475|PF04563.18	0	0	0	0	0	0	0	0	0	0	0	0	0	0	0	0	0	0	0	0	2	0	0	0	0	0	0	0	0	0	0	0	0	0	0	0	0	2	0	0	0	0
DB1 sp001914235|PF04563.18	0	0	0	0	0	0	0	0	0	0	0	0	0	0	0	1	0	0	0	0	0	0	0	0	0	0	0	0	0	0	0	0	0	0	0	0	0	0	0	0	0	0
DONG20-135 sp009831105|PF04563.18	0	0	0	0	0	0	0	0	0	0	0	1	0	0	0	0	0	0	0	0	0	0	0	0	0	0	0	0	0	0	0	0	0	0	0	0	0	0	0	0	0	0
DRWE01 sp011388385|PF04563.18	0	0	0	0	0	0	0	0	0	0	0	0	0	0	0	0	0	0	0	0	0	0	0	0	0	0	2	0	0	0	0	0	0	0	0	0	0	0	0	0	0	0
DSGV01 sp011057325|PF04563.18	0	0	0	0	0	0	0	0	0	0	0	0	0	0	0	0	0	0	0	0	0	0	0	0	0	0	0	2	0	0	0	0	0	0	0	0	0	0	0	0	0	0
DSLN01 sp011048175|PF04563.18	0	0	0	0	0	0	0	0	0	0	0	0	0	0	0	0	0	0	0	0	0	0	0	0	0	0	0	0	0	0	2	0	0	0	0	0	0	0	0	0	0	0
DTIZ01 sp011370625|PF04563.18	0	0	0	0	0	0	0	0	0	0	0	0	0	0	0	0	0	0	0	0	0	0	0	0	0	4	2	0	0	0	0	0	0	0	0	0	0	0	0	0	0	0
DTLA01 sp011333425|PF04563.18	0	0	0	0	0	0	0	0	0	0	0	0	0	0	0	0	0	0	0	2	0	0	0	0	0	0	0	0	0	0	0	0	0	0	0	0	0	0	0	0	0	0
DTU010 sp002391385|PF04563.18	0	0	0	1	0	0	0	3	0	0	0	0	0	0	0	0	0	0	0	0	0	0	0	0	0	0	0	0	0	0	0	0	0	0	0	0	0	0	0	0	0	0
DTU010 sp900018335|PF04563.18	0	0	0	2	0	0	0	0	0	0	0	0	0	0	0	0	0	0	0	0	0	0	0	0	0	0	0	0	0	0	0	0	0	0	0	0	0	0	0	0	0	0
DTU018 sp001513155|PF04563.18	0	0	0	0	0	0	0	0	0	0	0	0	0	0	0	0	0	0	4	8	17	0	0	0	0	0	0	0	0	0	0	0	0	0	0	2	0	0	0	0	0	0
DTU027 sp002385745|PF04563.18	1	0	0	0	0	0	0	0	0	0	0	0	0	0	0	0	0	0	0	0	0	0	0	0	0	0	0	0	0	0	0	0	0	0	0	0	0	0	0	0	0	0
DTU072 sp001512685|PF04563.18	0	0	0	0	0	0	0	0	0	0	0	0	0	0	0	0	0	0	0	0	1	0	0	0	0	0	0	0	0	0	0	0	0	0	0	0	0	0	0	0	0	0
DTU086 sp001513335|PF04563.18	0	0	0	0	0	0	0	0	0	0	0	0	0	0	0	1	0	0	0	0	0	0	0	0	0	0	0	0	0	0	0	0	0	0	0	0	0	0	0	0	0	0
DTU089 sp001513045|PF04563.18	0	0	0	0	0	0	0	0	0	0	0	0	0	0	0	0	0	0	0	0	0	0	0	0	0	0	0	0	0	0	0	0	0	0	0	0	0	0	0	0	2	0
DTU098 sp001512635|PF04563.18	2	0	0	0	0	6	0	0	0	2	2	1	0	0	0	0	2	0	0	0	0	0	0	0	0	0	0	0	0	0	0	0	0	2	0	0	0	2	1	0	0	0
DUOU01 sp012838685|PF04563.18	0	0	0	0	0	0	0	0	0	0	0	0	0	0	0	0	0	0	0	0	0	0	0	0	0	0	2	0	0	0	0	0	0	0	0	0	0	0	0	0	0	0
DUPI01 sp012521575|PF04563.18	0	0	0	0	0	0	0	0	0	0	0	0	0	0	0	0	0	0	0	0	0	0	0	0	1	0	0	0	0	0	0	0	0	0	0	0	1	0	0	0	3	0
DUUS01 sp012841465|PF04563.18	0	0	0	0	0	0	0	0	0	0	0	0	0	0	0	0	0	0	0	0	0	0	0	0	0	8	2	0	4	0	0	14	6	0	0	0	0	0	0	0	10	0
Defluviitalea phaphyphila|PF04563.18	0	0	0	0	0	0	0	0	0	0	0	0	0	0	0	0	0	0	0	0	0	0	0	0	0	0	0	0	0	0	0	0	2	0	0	0	0	0	0	0	0	0
Deinococcus murrayi|PF04563.18	0	0	0	0	0	0	0	0	0	0	0	0	0	0	0	0	0	0	0	0	0	0	0	0	0	0	2	0	0	0	0	0	0	0	0	0	0	0	0	0	0	0
Dellaglioa algida|PF04563.18	0	0	0	0	0	0	0	0	0	0	0	2	0	0	0	0	0	0	0	2	0	0	0	0	0	0	0	0	0	0	0	0	0	0	0	0	0	0	0	0	0	0
Demequina oxidasica|PF04563.18	0	0	0	0	0	0	0	0	0	0	0	0	0	0	0	0	0	0	0	0	0	0	0	0	0	0	2	0	0	0	0	0	0	0	0	0	0	0	0	0	0	0
Dendrosporobacter quercicolus|PF04563.18	0	0	0	0	0	0	0	0	0	0	0	0	0	0	0	0	0	0	0	0	0	0	0	0	0	2	0	0	0	0	0	0	0	0	0	0	0	0	0	0	0	0
Desemzia incerta|PF04563.18	0	0	0	0	0	0	0	0	0	0	0	0	0	0	0	0	2	0	0	0	0	0	0	0	0	0	0	0	0	0	0	0	0	0	0	0	0	0	0	0	0	0
Desulfarculus baarsii|PF04563.18	0	0	0	0	0	0	0	0	0	0	0	1	0	0	0	0	0	0	0	0	0	0	0	0	0	0	0	0	0	0	0	0	0	0	0	2	0	0	0	0	0	0
Desulfobacula sp012031875|PF04563.18	0	0	0	0	0	0	0	0	0	0	0	0	0	0	0	0	0	0	0	0	0	0	0	0	0	0	2	0	0	0	0	0	0	0	0	0	0	0	0	0	0	0
Desulfofundulus australicus|PF04563.18	0	0	0	0	0	1	0	0	0	0	0	0	0	0	0	2	0	0	0	0	0	1	0	0	0	0	0	0	0	0	0	0	0	0	0	0	0	0	0	0	0	0
Desulfofundulus_A thermobenzoicus|PF04563.18	0	0	0	0	0	0	0	0	0	2	2	1	0	0	0	2	0	0	0	0	0	0	0	0	0	0	0	0	0	1	0	0	0	0	2	0	0	0	0	0	0	0
Desulfomonile tiedjei|PF04563.18	0	0	0	0	0	0	0	0	0	0	0	0	0	0	0	0	0	0	0	0	0	0	0	0	0	0	0	0	0	0	0	0	0	0	0	0	0	0	0	2	0	0
Desulfopertinax cowenii|PF04563.18	4	4	6	12	12	0	18	0	11	2	14	0	2	12	6	5	14	8	6	8	32	7	4	8	0	0	0	0	1	0	0	0	0	0	0	0	2	0	2	0	1	4
Desulforudis audaxviator|PF04563.18	30	13	15	18	4	12	17	0	29	27	28	14	1	0	15	12	26	16	11	8	41	23	0	0	0	0	0	0	0	0	0	0	0	0	0	0	0	0	0	0	2	0
Desulfosudis oleovorans|PF04563.18	0	0	0	0	0	0	0	0	0	0	0	0	0	0	0	0	0	0	0	0	0	0	0	0	0	0	0	0	0	0	0	0	0	0	0	0	0	0	1	0	0	0
Desulfotignum balticum|PF04563.18	0	0	0	0	0	0	0	0	0	0	0	0	0	0	0	0	0	0	0	0	0	0	0	0	0	0	0	0	0	2	0	0	0	0	0	0	0	0	0	0	0	0
Desulfotomaculum hydrothermale|PF04563.18	0	0	0	0	0	2	0	0	0	0	0	0	0	0	0	0	0	0	0	0	0	0	0	0	0	0	0	0	0	0	0	2	0	0	0	0	0	0	0	0	0	0
Desulfovibrio desulfuricans_A|PF04563.18	0	0	0	0	0	0	0	0	0	2	0	0	0	0	0	0	0	0	0	0	0	0	0	0	0	0	0	0	0	0	0	0	0	0	0	0	0	0	0	0	0	0
Desulfovibrio fairfieldensis|PF04563.18	0	0	0	0	0	0	0	0	0	0	0	0	0	0	0	0	0	0	0	0	0	0	0	0	0	0	0	0	0	0	0	0	0	0	0	2	0	0	0	2	0	0
Desulfovibrio sp011039135|PF04563.18	0	0	0	0	0	0	0	0	0	0	0	0	0	0	0	0	0	0	0	0	0	0	0	0	0	0	0	0	0	0	0	0	0	0	0	0	0	0	0	0	2	0
Desulfovirgula thermocuniculi|PF04563.18	0	0	0	0	0	0	0	0	0	0	4	2	0	0	2	1	0	0	0	2	0	0	0	0	0	0	0	0	0	0	0	0	0	0	0	0	0	0	1	0	0	0
Devosia sp001426345|PF04563.18	0	0	0	0	0	0	0	0	0	0	0	0	0	0	0	0	0	0	0	0	0	0	0	0	0	0	0	0	0	0	0	0	0	0	0	0	0	0	0	0	2	0
Dialister hominis|PF04563.18	0	0	0	0	0	0	0	0	0	0	0	0	0	0	0	0	0	0	0	0	0	0	0	0	0	0	0	0	0	0	0	0	0	0	0	0	0	1	0	0	0	0
Dialister micraerophilus|PF04563.18	0	0	0	0	0	0	0	0	0	0	0	0	0	0	0	0	0	0	0	0	2	0	0	0	0	0	0	0	0	0	0	0	0	0	0	0	0	0	0	0	0	0
Dialister succinatiphilus|PF04563.18	0	0	0	0	0	0	0	0	0	2	0	0	0	0	0	0	0	0	0	0	0	0	0	0	0	0	0	0	0	0	0	0	0	0	0	0	0	0	0	0	0	0
Dissulfurirhabdus thermomarina|PF04563.18	0	0	0	0	2	0	0	2	0	0	0	0	0	0	0	0	2	0	0	0	0	0	0	0	0	0	0	3	0	0	0	0	0	0	0	0	0	0	0	0	0	0
Domibacillus aminovorans|PF04563.18	0	0	0	0	0	0	0	0	0	0	0	0	0	0	0	0	0	0	0	0	0	0	0	0	0	0	0	0	0	0	0	0	0	4	0	0	0	0	0	0	0	0
Dorea formicigenerans|PF04563.18	0	0	0	0	0	0	2	0	0	0	0	0	0	0	0	0	0	0	0	0	0	0	0	0	0	0	1	0	0	0	0	0	2	0	0	0	0	3	2	0	0	5
Dorea_A longicatena|PF04563.18	2	1	0	0	2	1	0	1	1	0	2	0	0	2	0	0	0	0	0	0	0	0	0	1	0	0	0	2	0	0	0	0	0	0	0	0	0	0	0	0	0	0
Dorea_A longicatena_B|PF04563.18	0	0	0	0	0	0	0	0	0	0	0	0	0	0	0	0	0	0	0	0	0	0	0	0	0	0	0	0	0	0	0	0	0	1	0	0	0	0	0	0	0	0
Dubosiella newyorkensis|PF02275.21	14	2	8	2	26	2	8	33	69	51	28	50	0	0	68	26	32	10	4	0	0	0	0	0	72	5	17	0	67	0	14	0	2	2	0	0	440	42	142	0	0	0
Dubosiella newyorkensis|PF04563.18	105	152	248	16	271	30	96	802	810	1475	919	1327	0	0	381	181	1258	186	114	38	14	55	4	6	186	148	128	8	119	16	20	0	16	4	58	30	1324	387	448	0	0	6
Duncaniella dubosii|PF04563.18	1	0	0	2	0	0	0	1	0	2	0	0	0	0	0	0	2	2	0	0	0	0	0	0	0	6	2	25	5	4	0	8	4	1	0	0	0	0	2	0	0	0
Duncaniella sp001689575|PF04563.18	2	0	0	0	2	0	0	0	0	1	0	0	0	4	0	0	2	0	0	0	0	0	0	0	3	57	66	46	28	26	0	9	2	0	27	8	0	3	0	0	1	0
Dwaynesavagella sp000270205|PF04563.18	0	0	0	0	0	0	0	0	0	0	0	0	0	0	0	0	0	0	0	0	0	0	0	0	0	0	0	4	0	0	4	0	2	0	0	0	0	0	0	0	0	0
Dysosmobacter sp000403435|PF04563.18	23	20	87	29	67	56	48	39	16	74	14	16	47	29	32	51	53	42	8	23	63	17	34	11	35	205	301	231	167	217	90	234	140	46	215	264	73	383	316	93	224	122
Dysosmobacter welbionis|PF04563.18	4	2	92	3	47	19	16	9	17	17	19	18	8	9	8	21	18	12	12	12	15	11	18	10	2	26	28	77	52	37	22	90	28	14	48	63	14	76	56	24	45	44
ER4 sp000765235|PF04563.18	2	0	2	0	0	0	2	1	2	0	0	0	0	0	0	0	0	2	0	0	0	0	0	0	0	0	4	0	0	0	0	0	0	0	0	4	0	0	2	0	0	2
ER4 sp900317525|PF04563.18	2	0	2	0	2	0	4	2	0	0	2	2	0	2	0	2	0	0	0	0	0	2	0	2	0	0	0	0	0	0	1	1	0	0	1	4	0	1	2	0	0	6
Effusibacillus lacus|PF04563.18	0	0	0	0	0	0	0	0	0	0	0	0	0	0	0	0	0	0	0	0	0	0	0	0	0	0	0	1	0	2	0	0	0	0	0	0	0	0	0	0	0	0
Egerieisoma sp900543695|PF04563.18	10	10	0	7	2	0	9	21	13	3	0	0	4	2	14	4	21	6	22	13	9	11	16	21	2	0	2	0	0	0	0	0	2	0	2	2	0	0	0	0	0	0
Eikenella shayeganii|PF04563.18	0	0	0	0	0	0	0	0	0	0	0	0	0	0	0	1	0	0	0	0	0	0	2	0	0	0	0	0	0	0	0	0	0	0	0	0	0	0	0	0	0	0
Eisenbergiella porci|PF04563.18	30	3	0	5	0	16	30	40	32	11	13	2	11	17	8	23	1	12	40	20	30	19	12	22	4	13	0	14	4	1	10	1	3	4	11	4	7	1	6	5	4	20
Eisenbergiella sp900066775|PF04563.18	2	0	0	0	0	0	0	4	4	3	0	0	1	0	0	5	0	1	2	3	4	2	0	0	8	5	12	0	1	2	0	2	0	2	18	3	0	0	0	0	10	1
Eisenbergiella tayi|PF04563.18	24	10	12	11	17	11	23	48	7	25	25	20	6	15	23	50	9	17	17	15	23	14	10	8	3	6	2	10	5	1	37	4	12	0	12	3	18	11	16	9	1	5
Emergencia sp009935805|PF04563.18	0	1	4	0	4	0	0	0	0	2	0	0	0	0	0	0	1	0	0	0	0	0	0	0	0	0	0	1	0	0	0	0	0	0	0	0	0	0	0	0	0	0
Emergencia timonensis|PF04563.18	0	0	4	0	0	0	2	0	0	0	0	0	0	0	1	3	0	2	0	1	4	0	0	0	0	0	0	0	0	0	0	0	0	0	0	0	0	0	0	0	0	0
Enterenecus faecium|PF04563.18	0	0	12	4	13	5	0	2	2	7	8	3	9	4	0	3	8	10	2	7	9	2	7	0	0	8	27	14	10	10	0	19	21	8	14	24	4	6	8	0	8	5
Enterenecus sp004560375|PF04563.18	62	12	96	72	58	63	49	45	22	45	59	26	33	64	67	130	164	52	32	63	152	17	60	94	20	75	181	65	41	65	26	137	198	62	245	77	50	81	69	21	121	35
Enterobacter cloacae|PF04563.18	0	0	0	0	0	0	0	0	0	0	0	0	0	0	0	0	0	0	0	0	0	0	0	0	0	0	0	0	0	0	0	0	0	0	0	2	0	0	0	0	0	0
Enterobacter hormaechei_A|PF04563.18	0	0	0	0	0	0	0	0	0	2	0	0	0	0	0	0	0	0	0	0	0	0	0	0	0	0	0	0	0	0	0	0	0	0	0	0	0	0	0	0	0	0
Enterobacter kobei|PF04563.18	0	0	0	0	0	0	0	0	0	0	0	0	0	0	0	0	0	0	0	0	0	0	0	0	0	0	0	0	0	0	0	0	0	0	0	2	0	0	2	0	0	0
Enterocloster asparagiformis|PF04563.18	7	0	6	2	8	13	0	12	12	2	2	4	6	6	1	8	5	2	4	0	7	0	0	8	0	2	0	1	2	1	2	3	0	2	6	14	6	5	4	7	2	3
Enterocloster bolteae|PF04563.18	2	0	16	2	0	6	2	0	0	2	0	0	4	0	0	2	4	2	4	0	10	1	0	0	2	1	1	3	3	0	0	1	0	2	1	2	0	0	0	0	3	0
Enterocloster citroniae|PF04563.18	0	0	0	0	1	0	0	8	2	2	0	0	1	1	2	2	7	1	0	0	2	1	4	4	1	0	0	3	4	0	3	0	0	0	3	8	10	3	6	0	0	10
Enterocloster clostridioformis|PF04563.18	0	0	4	0	3	5	0	6	0	0	2	2	0	0	0	0	0	2	0	0	6	2	0	8	2	1	0	1	0	2	0	0	0	0	1	7	0	0	0	2	0	0
Enterocloster sp000155435|PF04563.18	3	6	10	1	0	4	0	4	2	3	0	0	10	9	0	7	0	4	2	0	0	0	2	1	2	3	2	7	0	0	3	2	3	10	11	6	20	7	3	9	6	7
Enterocloster sp000431375|PF04563.18	0	0	0	0	0	0	0	0	4	0	0	0	0	0	0	0	0	2	0	0	0	0	0	0	0	0	0	0	0	0	0	0	0	0	0	0	0	0	0	0	0	0
Enterococcus faecalis|PF04563.18	0	0	0	0	0	0	0	0	0	0	4	0	0	2	0	0	0	0	0	2	2	6	0	0	0	0	0	0	0	0	0	0	0	0	0	0	0	0	0	0	0	0
Enterococcus_A avium|PF02275.21	0	0	0	0	0	0	0	0	0	0	0	0	0	0	0	2	0	4	0	0	0	0	0	0	0	0	0	0	0	0	0	0	0	0	0	0	0	0	0	0	0	0
Enterococcus_B faecium|PF02275.21	0	0	0	0	0	0	0	0	0	0	0	0	0	0	0	2	0	2	0	0	0	0	0	0	0	0	0	0	0	0	0	0	0	0	0	0	0	0	0	0	0	0
Enterococcus_B faecium|PF04563.18	0	0	0	0	0	0	0	0	0	0	0	0	0	0	0	18	2	4	0	0	0	0	0	0	0	0	0	0	0	0	0	0	0	0	0	0	0	0	0	0	0	0
Enterococcus_D casseliflavus|PF04563.18	0	0	0	0	4	0	0	0	0	0	0	0	0	0	0	0	0	0	0	0	0	0	0	0	0	0	0	0	0	0	0	0	0	0	0	0	0	0	0	0	0	0
Enterococcus_D sp002850555|PF04563.18	0	0	2	0	0	0	0	0	0	0	0	0	0	0	0	0	0	0	0	0	0	0	0	0	0	0	0	0	0	0	0	0	0	0	0	0	0	0	0	0	0	0
Enterousia intestinigallinarum|PF02275.21	0	0	0	0	0	0	0	0	0	0	0	0	0	0	0	0	2	0	0	0	0	0	0	0	0	0	0	0	0	0	0	0	0	0	0	0	0	0	0	0	0	0
Enterousia sp902776515|PF02275.21	0	0	0	0	2	0	0	0	0	0	0	0	0	0	0	0	0	0	0	0	0	0	0	0	0	0	0	0	0	0	0	0	0	0	0	0	0	0	0	0	0	0
Epulopiscium_B sp000171335|PF04563.18	4	0	0	0	0	0	0	0	0	0	0	2	0	0	0	0	0	0	0	0	0	0	0	0	0	0	0	0	0	0	0	0	0	0	0	0	0	0	0	0	0	0
Erysipelatoclostridium ramosum|PF04563.18	14	39	1	8	48	7	4	10	24	12	79	65	0	8	9	4	2	0	22	39	18	31	6	30	18	2	0	2	0	2	7	0	0	0	1	0	0	4	0	4	0	0
Erysipelatoclostridium saccharogumia|PF04563.18	18	25	0	2	35	3	6	9	26	23	56	36	7	2	7	0	6	2	25	35	8	29	4	21	2	0	2	4	2	0	12	0	0	0	1	0	0	5	0	2	0	0
Erysipelatoclostridium spiroforme|PF04563.18	1	7	0	6	8	0	4	8	8	6	18	15	0	0	2	4	0	1	14	6	5	8	0	11	6	0	0	0	0	0	2	0	0	0	0	0	3	2	0	2	0	0
Erysipelothrix sp011400295|PF04563.18	0	0	0	0	0	0	0	0	0	0	0	0	0	0	0	0	0	0	0	0	0	0	0	0	0	0	0	0	0	0	0	0	0	0	0	0	0	0	0	0	2	0
Erythrobacter sp000744895|PF04563.18	0	0	0	0	0	0	0	0	0	0	0	0	0	0	0	0	0	0	1	0	0	0	0	0	0	0	0	0	0	0	0	0	0	0	0	0	0	0	0	0	0	0
Escherichia coli|PF04563.18	0	0	0	0	0	0	0	0	0	0	0	0	0	0	2	8	2	0	0	0	0	0	0	2	0	0	0	0	0	0	0	0	0	0	0	0	0	0	0	0	0	0
Ethanoligenens harbinense|PF04563.18	0	0	0	0	2	0	0	0	0	0	0	2	0	0	0	0	0	0	0	0	0	0	0	0	0	0	0	0	0	0	0	0	2	0	0	0	0	0	0	0	0	0
Eubacterium_C oxidoreducens|PF04563.18	4	0	0	0	0	2	2	0	0	5	0	0	0	7	2	0	0	3	0	0	0	0	4	0	0	0	0	0	4	2	0	0	0	1	1	0	0	2	1	9	2	0
Eubacterium_F sp000433735|PF04563.18	0	0	0	0	0	0	0	0	0	2	0	0	1	0	0	0	0	0	0	0	0	0	0	0	7	6	0	0	0	1	5	0	0	24	4	1	7	0	3	0	2	10
Eubacterium_F sp000434115|PF04563.18	22	3	1	5	8	7	18	12	8	0	0	8	17	36	3	8	6	7	2	0	2	0	4	0	5	0	1	3	1	2	19	0	4	6	6	0	4	7	2	7	0	1
Eubacterium_F sp003491505|PF04563.18	0	0	0	2	0	0	0	0	2	4	0	0	0	0	0	0	0	0	0	0	0	0	2	0	2	0	0	0	0	2	0	0	0	1	1	0	0	1	1	2	1	1
Eubacterium_F xylanophilum|PF04563.18	0	0	2	1	0	0	5	0	0	0	0	0	6	6	0	0	0	0	0	0	1	0	0	0	0	0	0	0	0	0	0	0	0	0	3	0	0	2	0	1	1	5
Eubacterium_G sp000434315|PF04563.18	0	0	0	0	0	0	0	0	0	0	0	0	0	0	0	0	0	0	1	2	0	0	0	0	0	0	0	2	2	0	4	0	0	2	0	0	0	2	0	4	0	4
Eubacterium_G sp000435815|PF04563.18	0	0	0	0	0	0	0	0	0	0	2	0	0	0	0	0	0	0	73	20	4	0	2	6	3	0	2	45	41	3	113	4	12	99	35	5	49	9	11	179	0	30
Eubacterium_G ventriosum|PF04563.18	0	0	0	0	0	0	0	0	0	0	0	0	0	0	0	0	0	0	6	10	0	0	0	0	2	0	0	12	8	0	29	2	0	17	4	0	5	5	6	34	0	0
Eubacterium_I ramulus|PF04563.18	0	0	0	0	0	0	0	0	0	0	0	0	2	0	0	0	0	0	0	0	0	0	0	0	0	0	0	0	0	0	0	0	0	0	1	0	0	1	0	2	0	0
Eubacterium_I sp000270305|PF04563.18	3	1	0	10	6	8	3	6	6	6	13	8	4	0	8	14	3	1	8	3	2	11	5	0	1	0	2	2	1	0	4	3	0	3	7	9	2	2	5	0	3	3
Eubacterium_I sp001941025|PF04563.18	2	0	4	0	0	0	0	0	4	0	0	4	0	0	2	2	2	2	0	0	0	0	0	0	0	1	0	0	0	0	0	0	0	0	1	0	0	0	0	0	0	0
Eubacterium_I sp900066595|PF04563.18	0	0	0	2	0	0	0	0	0	0	0	0	0	0	0	0	0	6	1	0	2	0	0	0	8	5	7	0	2	0	1	0	0	0	14	4	9	2	0	0	2	0
Eubacterium_J plexicaudatum|PF02275.21	0	0	0	0	0	0	0	0	0	0	0	0	0	0	0	0	0	0	0	0	0	0	0	0	0	25	11	83	149	67	43	82	117	0	0	0	0	135	37	2	13	2
Eubacterium_J plexicaudatum|PF04563.18	10	0	0	9	1	8	10	3	5	0	7	0	2	3	10	8	6	24	15	7	19	13	12	15	136	121	113	8	29	12	4	0	4	107	248	67	108	89	80	470	315	185
Eubacterium_O barkeri|PF04563.18	0	0	0	0	0	0	0	0	0	0	0	0	0	0	0	0	0	0	0	0	0	0	0	0	0	0	0	0	0	2	0	2	0	0	0	0	0	0	0	0	0	0
Eubacterium_Q ruminantium_A|PF04563.18	0	0	0	0	0	0	0	0	0	0	0	0	0	0	0	0	0	0	0	0	0	0	0	0	0	0	0	2	0	0	2	0	0	2	2	5	2	0	0	2	0	0
Eubacterium_Q sp000703065|PF04563.18	20	6	0	4	0	2	6	6	6	11	0	0	2	0	3	5	4	6	4	4	8	4	2	4	0	2	0	0	0	0	0	0	0	4	7	0	6	0	0	0	1	2
Eubacterium_Q sp900110635|PF04563.18	0	0	0	0	0	0	0	0	0	0	0	0	0	0	0	0	0	0	0	0	0	0	0	0	0	0	0	0	0	0	0	2	0	0	0	0	0	0	0	0	0	0
Eubacterium_R faecale|PF04563.18	0	0	0	6	0	0	0	4	0	0	0	0	0	0	0	0	0	0	0	0	0	0	0	0	0	0	0	0	0	0	0	0	0	0	0	0	0	0	2	0	0	0
Eubacterium_R faecavium|PF04563.18	0	0	0	0	0	0	0	0	0	0	0	0	0	0	0	0	0	0	0	0	4	0	0	0	0	0	0	0	0	0	0	2	0	0	0	0	0	0	0	0	0	0
Eubacterium_R sp000433975|PF04563.18	0	0	0	0	0	0	0	0	0	0	0	0	0	0	0	0	0	0	2	0	4	0	0	0	0	0	0	0	0	0	0	0	0	0	1	0	0	0	0	0	0	0
Eubacterium_R sp000436835|PF04563.18	0	0	0	0	2	0	0	0	0	0	4	0	0	0	0	0	0	0	12	6	10	4	0	0	2	2	0	18	1	0	0	1	1	7	11	17	0	3	4	4	12	7
Eubacterium_R sp900539325|PF04563.18	0	0	0	0	0	0	0	0	0	0	0	0	0	0	0	0	0	0	0	4	12	0	0	0	0	0	0	0	0	0	0	0	0	2	0	0	0	0	0	0	0	2
Eubacterium_S uniforme|PF04563.18	0	0	0	0	0	0	0	0	0	0	0	0	0	0	0	0	0	0	0	0	0	0	0	0	0	0	0	0	0	0	0	0	0	0	0	0	2	0	0	0	0	0
Eubacterium_T pyruvativorans|PF04563.18	0	0	0	0	0	0	0	0	0	0	0	0	0	0	0	0	0	0	2	0	0	0	0	0	0	0	0	0	0	0	0	0	0	2	0	0	0	0	0	0	0	0
Evtepia gabavorous|PF02275.21	0	0	4	0	0	0	0	0	0	0	0	0	0	0	0	0	0	0	0	0	0	0	0	0	0	0	0	0	0	0	0	0	0	0	0	0	0	0	0	0	0	0
Evtepia gabavorous|PF04563.18	4	0	33	1	18	12	6	39	22	17	26	11	9	6	4	2	4	10	8	7	10	2	10	6	0	12	4	3	3	1	0	5	6	0	8	0	1	8	14	5	7	2
Evtepia sp004556345|PF04563.18	2	0	9	0	13	2	2	20	5	8	8	10	4	2	2	9	4	0	3	16	10	2	0	4	1	1	6	7	0	2	0	0	4	2	2	3	1	3	2	2	1	0
Evtepia viridis|PF04563.18	0	2	0	0	0	0	0	0	0	4	0	0	0	0	0	0	0	0	0	0	0	0	0	0	0	0	0	0	0	0	0	0	0	0	0	0	0	0	0	0	0	0
Extibacter hylemonae|PF04563.18	2	2	0	0	0	4	2	2	0	0	0	0	0	1	0	5	4	3	0	2	12	0	1	0	0	0	0	0	0	0	0	0	0	4	1	1	5	2	0	2	1	2
Extibacter muris|PF04563.18	8	0	0	0	0	4	7	7	3	6	2	4	3	1	2	6	0	2	2	2	2	0	0	2	0	0	0	0	0	0	0	0	2	0	0	0	2	2	0	0	0	0
Ezakiella coagulans|PF04563.18	0	0	0	0	0	0	0	0	0	0	0	0	0	0	0	0	0	0	0	0	0	0	0	0	0	0	0	1	0	0	0	0	0	0	0	0	0	0	0	0	0	0
F0428 sp003043955|PF04563.18	0	0	0	0	0	0	0	0	0	0	0	0	0	0	0	0	0	0	0	0	0	0	0	0	0	0	0	3	0	0	0	0	0	0	0	0	0	0	0	0	0	0
F0540 sp000466585|PF04563.18	0	0	0	0	0	0	0	0	0	0	0	0	0	0	0	0	0	0	0	0	0	0	0	0	0	0	0	0	0	2	0	0	0	0	0	0	0	0	0	0	0	0
FD2005 sp000702525|PF04563.18	0	0	0	0	0	0	2	0	0	2	0	0	0	0	0	0	0	0	0	0	0	0	0	0	0	0	0	0	0	0	1	0	0	0	0	0	0	0	0	0	0	0
FW602-bin19 sp004322375|PF04563.18	0	0	0	0	0	0	0	0	0	0	0	0	0	0	0	0	0	0	0	0	0	0	0	0	0	0	0	0	0	2	0	0	0	0	0	0	0	0	0	0	0	0
Faecalibacillus intestinalis|PF04563.18	4	8	0	0	13	0	0	0	0	6	10	7	1	4	0	0	0	0	6	8	0	6	2	1	0	0	0	0	0	0	1	0	0	0	0	0	0	0	0	0	0	0
Faecalibacterium sp002160895|PF04563.18	0	0	0	0	0	0	0	0	0	0	2	2	0	1	0	0	2	0	2	0	4	0	0	0	0	0	0	0	2	0	0	6	9	0	0	0	0	10	3	0	4	0
Faecalibaculum rodentium|PF04563.18	0	0	0	0	0	0	0	0	0	0	0	0	0	0	0	0	0	0	0	0	0	0	0	0	0	0	0	0	0	0	0	0	0	0	0	0	0	0	0	2	0	0
Faecalimonas phoceensis|PF04563.18	0	0	0	0	0	0	0	0	0	1	0	0	0	0	0	0	0	0	0	4	0	0	0	0	0	0	0	0	0	0	0	0	0	2	0	0	0	0	0	0	0	0
Faecalimonas sp000209385|PF04563.18	0	1	0	0	0	0	0	0	2	0	0	0	0	0	0	4	2	0	3	0	2	0	0	0	2	0	5	2	2	0	2	0	1	4	0	2	3	0	1	6	0	0
Faecalimonas umbilicata|PF04563.18	2	1	0	0	0	2	0	8	4	0	0	2	0	1	0	2	0	3	6	0	4	0	0	0	0	0	0	0	0	0	0	0	0	0	0	0	0	2	0	1	4	2
Faecenecus gallistercoris|PF04563.18	0	0	0	0	0	0	0	0	0	0	0	0	0	0	0	0	0	0	0	0	0	0	0	0	0	0	2	0	0	0	0	0	0	0	0	0	0	0	2	1	0	0
Faecimonas sp900554315|PF04563.18	0	0	0	0	0	0	0	0	0	0	0	0	0	0	0	0	0	0	0	0	0	0	0	0	0	0	1	0	0	0	0	0	0	0	0	0	0	0	0	0	0	0
Faecisoma sp000432255|PF04563.18	0	0	0	0	0	0	0	0	0	0	0	0	0	0	0	0	0	0	0	0	0	0	0	0	2	0	0	0	0	0	0	0	0	0	0	0	0	0	0	0	0	0
Faecousia sp000434635|PF04563.18	2	1	0	0	0	0	2	0	0	0	0	0	1	0	0	0	0	0	0	0	0	0	0	0	0	1	0	4	0	1	0	0	0	0	1	1	0	1	0	0	0	0
Faecousia sp000435995|PF04563.18	0	0	4	0	3	0	0	0	0	0	0	0	0	0	0	0	1	0	0	0	2	0	0	0	0	1	0	0	2	0	0	0	0	0	0	0	0	0	0	0	0	0
Faecousia sp900315595|PF04563.18	2	3	6	0	7	8	4	6	2	0	2	0	0	0	0	4	2	0	0	4	0	1	0	0	0	0	0	3	1	1	0	2	8	0	11	6	0	8	16	2	8	2
Faecousia sp900316335|PF04563.18	0	0	0	0	0	0	0	0	0	0	0	0	0	0	0	0	0	0	2	0	0	0	0	0	0	3	0	4	0	0	0	0	0	0	0	0	0	0	0	0	2	0
Faecousia sp900544945|PF04563.18	0	0	0	0	0	0	0	0	0	0	0	0	0	0	0	0	0	0	0	0	0	0	0	4	0	1	0	0	2	0	0	0	0	0	0	0	2	6	0	0	1	1
Fibro-01 sp001462345|PF04563.18	0	0	0	0	0	0	0	0	0	0	0	0	0	0	0	0	0	0	0	0	0	0	0	0	0	0	0	0	0	0	0	0	0	0	0	0	0	0	0	0	2	0
Fimenecus sp000432435|PF04563.18	0	0	0	0	0	0	0	0	0	0	0	0	0	0	0	0	0	0	0	0	2	0	0	0	0	0	0	0	0	0	0	0	0	0	0	0	0	0	0	0	0	0
Fimenecus sp004555265|PF04563.18	0	0	0	0	0	0	0	0	0	0	0	0	0	0	1	0	0	0	0	0	0	0	0	0	0	0	0	0	0	0	0	0	0	0	0	0	0	0	0	0	0	0
Fimenecus sp900315985|PF04563.18	0	0	0	0	0	0	0	0	0	0	0	0	0	2	0	0	0	0	0	0	2	0	0	0	0	0	0	0	0	0	0	0	0	0	0	0	0	0	0	0	0	0
Fimicola cottocaccae|PF04563.18	0	0	0	0	0	0	0	0	0	0	0	0	0	0	0	0	2	0	0	0	0	0	0	0	2	0	0	0	0	0	0	0	0	0	0	0	0	0	0	0	0	0
Fimimorpha sp900045905|PF04563.18	0	0	0	0	0	0	0	0	0	1	0	0	0	0	0	0	0	0	0	0	0	0	4	0	2	0	0	15	2	2	0	0	0	0	0	0	1	0	0	1	0	0
Fimisoma sp000435715|PF04563.18	0	2	0	0	0	0	0	0	0	0	0	0	0	0	0	0	0	0	0	0	0	0	0	0	0	0	0	0	0	0	0	0	0	0	0	0	0	0	0	0	0	0
Fimivicinus sp900544715|PF04563.18	1	0	0	3	0	0	7	0	0	1	0	0	0	0	0	0	0	0	0	0	0	0	1	0	0	0	0	0	0	0	0	0	0	0	0	0	0	0	0	0	0	0
Fimousia sp001940245|PF04563.18	0	0	0	0	0	0	0	0	2	2	0	0	0	4	0	0	0	0	0	0	0	0	0	0	0	0	0	0	0	0	0	0	0	0	0	0	0	0	0	0	0	0
Firm-08 sp001604045|PF04563.18	0	0	0	0	1	0	0	0	0	0	0	4	0	0	0	0	0	0	0	0	0	0	0	2	0	0	0	0	0	0	0	0	0	0	0	0	0	0	0	0	0	0
Flavobacterium columnare|PF04563.18	0	0	0	0	0	0	0	0	0	0	0	0	0	0	0	0	0	0	0	0	0	0	0	0	0	0	0	0	0	0	0	0	2	0	0	0	0	0	0	0	0	0
Flavonifractor plautii|PF04563.18	2	0	25	9	22	6	10	8	10	14	8	8	6	6	12	20	9	8	6	8	11	4	4	4	3	11	18	14	16	26	6	21	22	9	23	14	4	12	24	10	26	17
Fluviibacterium sp003254465|PF04563.18	0	0	0	0	0	0	0	0	0	0	0	0	0	0	0	2	0	0	0	0	0	0	0	0	0	0	0	0	0	0	0	0	0	0	0	0	0	0	0	0	0	0
Fodinicola acaciae|PF04563.18	5	0	32	0	4	4	0	5	2	1	0	0	0	2	12	4	0	2	2	4	4	5	4	4	0	0	0	0	0	0	0	0	0	0	0	0	0	0	0	0	0	0
Fournierella massiliensis|PF04563.18	0	0	2	0	0	0	4	2	0	0	0	2	0	2	0	0	0	0	0	2	0	0	0	0	0	1	0	0	0	0	0	0	0	0	2	0	0	0	0	0	0	1
Frankia casuarinae|PF04563.18	0	0	6	0	0	0	0	0	0	0	0	0	0	0	0	0	0	0	0	0	0	0	0	0	0	0	0	0	0	0	0	0	0	0	0	0	0	0	0	0	0	0
Fulvimarina pelagi|PF04563.18	5	0	0	1	0	0	0	3	0	0	0	0	0	0	1	2	0	0	1	3	2	0	0	0	0	0	0	0	0	0	0	0	0	0	0	0	0	0	0	0	1	0
Fusicatenibacter saccharivorans|PF04563.18	4	0	0	1	0	0	3	2	0	1	0	0	1	1	0	8	4	0	4	0	2	0	1	1	0	0	1	2	0	0	0	0	0	0	0	0	0	0	0	0	0	0
G11 sp900103495|PF04563.18	0	0	0	0	0	0	0	0	0	0	0	0	0	0	0	0	0	0	4	0	0	0	0	0	0	0	0	0	2	0	4	0	0	0	2	0	0	0	0	2	0	0
GCA-000496135 sp000496135|PF04563.18	0	0	0	0	0	0	0	0	0	0	0	0	0	0	0	0	0	0	0	0	0	0	0	0	0	0	2	0	0	0	0	0	0	0	0	0	0	0	0	0	0	0
GCA-002772895 sp002772895|PF04563.18	0	0	0	0	0	0	0	0	0	0	0	0	0	0	0	0	0	0	0	0	0	0	0	2	0	0	0	0	0	0	0	0	0	0	0	0	0	0	0	0	0	0
GCA-002774445 sp002774445|PF04563.18	0	0	0	0	0	0	0	0	0	0	0	0	0	0	0	0	0	0	0	0	0	0	0	0	0	0	0	0	0	0	0	0	0	0	1	0	0	0	0	0	0	0
GCA-2684655 sp002684655|PF04563.18	0	0	0	0	0	0	0	0	0	0	0	0	0	0	0	0	0	0	0	0	0	0	0	0	0	0	0	0	4	0	0	0	0	0	0	0	0	0	0	0	0	0
GCA-2704665 sp002704665|PF04563.18	0	0	0	0	0	0	0	0	0	0	0	0	0	0	0	0	2	0	0	0	0	0	0	0	0	0	0	0	0	0	0	0	0	0	0	0	0	0	0	0	0	0
GCA-2724215 sp009841115|PF04563.18	0	0	0	0	0	0	0	0	0	0	0	0	0	0	0	0	0	0	0	0	0	0	0	0	0	0	0	0	0	0	0	0	1	0	0	0	0	0	0	0	0	0
GCA-900066495 sp900066495|PF04563.18	0	0	0	0	0	0	0	4	0	2	0	0	0	0	0	2	0	0	0	0	0	2	0	0	0	0	0	0	0	0	0	0	0	0	0	0	0	0	0	0	0	0
GCA-900066905 sp900066905|PF04563.18	0	0	0	0	0	0	0	1	0	0	0	0	0	0	0	0	0	0	0	0	0	0	3	0	0	0	0	0	0	0	0	2	0	2	0	0	0	0	0	2	2	0
GCF-000287355 sp000287355|PF04563.18	0	0	2	0	0	0	0	0	0	0	0	0	0	0	0	0	0	0	0	0	0	0	0	0	0	0	0	0	0	0	0	0	0	0	0	0	0	0	0	0	0	0
GW-Nitrospira-1 sp002839535|PF04563.18	0	0	0	0	0	0	0	0	0	0	0	0	0	0	0	0	0	0	0	0	0	0	0	0	0	2	0	0	0	0	0	0	0	0	0	0	0	0	0	0	0	0
GWA2-42-14 sp000998135|PF04563.18	0	0	0	0	0	0	0	0	0	0	0	0	0	0	0	0	0	0	0	0	0	0	0	0	0	0	0	0	0	0	0	2	0	0	0	0	0	0	0	0	0	0
GWB1-41-6 sp000997355|PF04563.18	0	0	0	0	0	0	0	0	0	0	0	0	0	0	0	0	0	0	0	0	0	0	0	0	0	2	0	0	0	0	0	0	0	0	0	0	0	0	0	0	0	0
GWC1-40-35 sp001775095|PF04563.18	0	0	0	0	0	0	0	0	0	0	0	0	0	0	0	0	0	0	0	0	0	0	0	0	0	0	0	0	2	0	0	0	0	0	0	0	0	0	0	0	0	0
GWC2-36-17 sp000992345|PF04563.18	0	0	0	0	0	0	0	0	0	0	0	0	0	0	0	0	4	0	0	0	0	0	0	0	0	0	0	0	0	0	0	0	0	0	0	0	0	0	0	0	0	0
GWC2-73-18 sp001794945|PF04563.18	2	0	0	0	0	0	0	0	0	0	0	0	0	0	0	0	0	0	0	0	0	0	0	0	0	0	0	0	0	0	0	0	0	0	0	0	0	0	0	0	0	0
Garciella nitratireducens|PF04563.18	0	0	0	0	0	0	0	0	0	0	0	0	0	0	0	0	0	0	0	0	0	0	0	0	2	0	0	0	0	0	0	0	0	0	0	0	0	0	0	0	0	0
Gemmiger formicilis|PF04563.18	0	0	0	0	0	0	0	0	0	1	0	0	0	1	0	2	0	0	0	0	0	0	0	0	0	0	1	0	0	0	0	0	0	0	0	0	0	0	0	0	0	0
Gemmiger qucibialis|PF04563.18	0	0	0	0	0	0	0	0	0	0	0	0	0	0	0	0	0	0	0	0	0	2	0	0	0	0	0	0	0	0	0	0	0	0	2	0	0	0	0	0	0	0
Gemmiger variabilis|PF04563.18	0	0	0	0	0	0	0	0	2	0	0	0	0	0	0	0	0	0	0	0	0	0	0	0	0	0	0	0	0	0	0	0	0	0	0	0	0	0	0	0	0	0
Gemmiger_A avium|PF04563.18	0	0	2	0	0	2	0	2	1	1	0	0	0	1	1	0	0	0	0	0	1	0	0	0	0	0	0	0	2	0	0	2	0	0	0	0	1	0	2	0	0	0
Geosporobacter ferrireducens|PF04563.18	0	0	0	0	0	0	0	0	0	0	0	0	0	0	0	0	0	0	0	0	0	0	0	0	0	0	0	0	0	0	0	2	0	0	0	0	0	0	0	0	0	0
Gilliamella bombi|PF04563.18	0	0	0	0	0	0	0	0	0	0	0	0	0	0	0	0	0	0	0	0	0	0	0	0	0	2	0	0	0	0	0	0	0	0	0	0	0	0	0	0	0	0
Gilvibacter sp002163875|PF04563.18	0	0	0	0	0	0	0	0	0	0	0	0	0	0	0	0	0	0	0	0	0	0	0	0	0	0	0	0	0	0	0	0	0	0	0	0	0	0	0	0	2	0
Glutamicibacter creatinolyticus|PF04563.18	0	0	0	0	0	0	0	0	0	0	6	14	0	0	0	0	0	0	0	0	0	0	0	0	0	0	0	0	0	0	0	0	0	0	0	0	0	0	0	0	0	0
Gp13-AA74 sp003225365|PF04563.18	0	0	0	0	0	0	0	0	0	0	0	0	0	0	0	0	0	0	0	0	0	0	0	0	0	0	0	0	0	0	0	0	2	0	0	0	0	0	0	0	0	0
Gracilibacillus massiliensis|PF04563.18	0	0	0	0	0	0	0	0	0	0	0	0	0	0	0	0	0	0	0	0	0	0	0	0	0	0	0	0	0	0	0	0	0	2	0	0	0	0	0	0	0	0
Gulbenkiania mobilis|PF04563.18	0	0	0	0	0	0	0	0	0	0	0	0	0	0	0	0	0	0	0	0	0	0	0	0	0	0	0	0	2	0	0	0	0	0	0	0	0	0	0	0	0	0
HRBIN24 sp002898715|PF04563.18	0	0	0	0	0	0	0	0	0	0	0	0	0	0	0	0	0	0	0	0	0	0	0	0	0	0	0	0	0	0	0	0	0	0	0	0	1	0	0	2	0	0
HRBIN32 sp011053555|PF04563.18	0	0	0	0	0	0	2	0	2	0	2	0	0	0	0	1	2	0	0	0	0	0	0	0	0	0	0	0	0	0	0	0	0	0	0	0	0	0	0	0	0	0
Halioglobus sp002699145|PF04563.18	0	0	0	0	0	0	0	0	0	0	0	0	0	0	0	0	0	0	0	0	0	0	0	0	0	0	0	0	0	0	0	0	0	0	0	0	0	0	2	0	0	2
Halobacillus dabanensis|PF04563.18	0	0	0	0	0	0	0	0	0	0	0	0	0	0	0	0	0	0	0	0	0	0	0	0	0	0	0	0	0	0	0	0	2	0	0	0	0	0	0	0	0	0
Halobacteroides halobius|PF04563.18	1	0	0	0	0	0	0	0	0	0	0	0	0	0	0	0	0	0	0	0	0	0	0	0	0	0	0	0	0	0	0	0	0	0	0	0	0	0	0	0	0	0
Halomonas fontilapidosi|PF04563.18	0	0	0	0	0	0	0	0	0	0	0	0	0	0	0	0	0	0	0	0	0	0	0	0	0	0	0	0	0	0	0	0	1	0	0	0	0	0	0	0	0	0
Halomonas sp000246875|PF04563.18	0	0	0	0	0	0	0	0	0	0	0	0	0	0	0	0	0	0	0	0	0	0	0	2	0	0	0	0	0	0	0	0	0	0	0	0	0	0	0	0	0	0
Halorhodospira halophila|PF04563.18	0	0	2	0	0	0	0	0	0	0	0	0	0	0	0	0	0	0	0	0	0	0	0	0	0	0	0	0	0	0	0	0	0	0	0	0	0	0	0	0	0	0
Harryflintia acetispora|PF04563.18	0	0	0	0	0	0	0	0	0	2	2	0	0	0	0	2	0	0	0	4	2	0	0	0	0	0	0	0	0	0	0	0	0	0	0	0	3	0	0	0	0	0
Hathewaya massiliensis|PF04563.18	0	0	0	0	0	0	0	0	0	0	0	0	0	0	0	0	0	0	0	0	0	0	0	0	0	0	0	0	0	0	0	0	0	0	0	0	2	2	0	0	0	0
Helicobacter_E bizzozeronii|PF04563.18	0	0	0	0	0	0	0	0	0	0	0	0	0	0	0	0	0	0	0	0	0	0	0	0	0	2	0	0	0	0	0	0	0	0	0	0	0	0	0	0	0	0
Helicobacter_I sp002272925|PF04563.18	0	0	0	0	0	0	0	0	0	0	0	0	0	0	0	0	0	0	0	0	0	0	0	0	0	0	4	0	0	0	0	0	0	0	0	0	0	0	0	0	0	0
Henriciella marina|PF04563.18	0	0	0	0	0	0	0	0	0	0	0	0	0	0	0	0	0	2	0	0	0	0	0	0	0	0	0	0	0	0	0	0	0	0	0	0	0	0	0	0	0	0
Hespellia stercorisuis|PF04563.18	0	0	0	2	0	0	2	0	0	0	0	0	0	0	0	0	0	3	4	4	0	0	0	0	0	0	0	0	0	0	0	0	0	0	0	0	0	2	0	0	0	0
Hungatella effluvii|PF04563.18	0	1	0	0	1	0	0	0	1	3	4	2	1	4	1	0	1	0	0	2	2	0	3	1	0	0	2	2	0	0	2	0	0	0	12	11	0	0	0	0	0	0
Hungatella_A hathewayi_A|PF04563.18	16	10	0	5	8	32	9	8	13	10	12	6	8	4	21	43	42	18	3	7	12	10	5	7	6	0	8	6	1	0	4	4	0	3	10	12	4	7	5	2	3	6
Hydrogenibacillus schlegelii|PF04563.18	0	0	0	0	0	0	0	0	0	0	4	0	0	0	0	0	4	0	0	0	0	0	0	0	0	0	0	0	0	0	0	0	0	0	0	0	0	0	4	0	0	0
Hydrogenobacter thermophilus|PF04563.18	0	0	0	0	0	0	0	0	0	0	0	0	0	0	0	0	0	0	0	0	0	0	0	0	0	2	0	0	0	0	0	0	0	0	0	0	0	0	0	0	0	0
Hydrogenophaga pseudoflava|PF04563.18	0	0	0	0	0	0	0	6	0	1	0	0	0	0	0	0	0	0	0	0	0	0	0	0	0	0	0	0	0	0	0	2	0	0	2	0	0	0	0	2	0	0
Hymenobacter terrenus|PF04563.18	0	0	0	0	0	0	0	0	0	0	4	0	0	0	0	0	0	0	0	0	0	0	0	0	0	0	2	0	0	0	0	0	2	0	0	0	0	0	0	0	5	0
Hyphobacterium sp002692855|PF04563.18	0	0	0	0	0	0	0	0	0	0	0	0	0	0	0	0	0	0	0	0	0	0	0	0	0	0	0	0	0	0	0	0	0	0	0	0	0	0	2	0	0	0
Hypnocyclicus thermotrophus|PF04563.18	0	0	0	0	0	0	0	0	0	0	0	0	0	0	0	0	0	0	0	0	0	0	0	0	0	0	0	2	0	0	0	0	0	0	0	0	0	0	0	0	0	0
Ideonella_A sakaiensis|PF04563.18	2	0	0	0	0	0	0	0	0	0	0	0	0	0	0	0	0	0	0	0	0	0	0	0	0	0	0	0	0	0	0	0	0	0	0	0	0	0	0	0	0	2
Intestinibacillus massiliensis|PF04563.18	0	0	0	0	0	0	0	0	0	0	0	0	0	0	0	0	0	0	0	0	0	0	0	0	0	0	0	3	2	4	0	0	0	0	0	0	0	0	0	0	0	2
Intestinibacter bartlettii|PF04563.18	0	0	0	0	0	0	0	0	0	4	2	0	0	0	0	0	0	0	0	0	0	0	0	0	0	0	0	0	0	0	0	0	0	0	0	0	2	0	0	0	0	0
Intestinimonas butyriciproducens|PF04563.18	0	0	4	9	2	4	6	6	0	0	2	0	6	2	2	10	5	0	4	0	0	2	9	6	0	1	0	3	1	3	2	4	4	2	6	2	0	2	7	6	4	1
Intestinimonas massiliensis|PF04563.18	16	8	249	12	52	15	40	37	9	34	20	25	20	13	9	21	24	20	5	12	30	14	17	8	0	15	11	27	14	13	6	33	10	7	33	37	10	26	34	10	24	9
Iodobacter sp000969645|PF04563.18	0	0	0	0	0	0	0	0	0	0	0	0	0	0	0	0	0	0	0	0	0	0	0	0	0	0	0	0	0	0	0	0	0	0	0	0	0	0	0	0	2	0
Izemoplasma_B sp000753575|PF04563.18	0	0	0	0	0	0	0	0	0	0	0	0	0	0	0	0	0	0	0	0	0	0	0	0	0	2	0	0	0	0	0	0	0	0	0	0	0	0	0	0	0	0
Izemoplasma_B sp000755705|PF04563.18	0	0	0	0	0	0	0	0	0	1	0	0	0	0	0	0	0	0	0	0	0	0	0	0	0	0	0	0	0	0	0	0	0	0	0	0	0	0	0	0	0	0
J25 sp004343725|PF04563.18	0	0	0	0	0	0	0	0	0	0	0	0	0	0	0	0	0	0	0	0	0	0	0	0	0	0	0	0	2	0	0	0	0	0	0	0	0	0	0	0	0	0
JAACEG01 sp011682665|PF04563.18	0	0	0	0	0	0	0	0	0	0	0	0	0	0	0	0	0	0	0	0	0	0	0	0	0	0	0	0	0	0	0	0	0	0	0	0	0	0	0	0	2	0
JAAUQQ01 sp012032745|PF04563.18	0	0	0	0	0	0	0	0	0	0	0	0	0	0	0	0	0	0	0	0	0	0	0	0	0	0	0	0	0	0	0	0	2	0	0	0	0	0	0	0	0	0
JAAYOI01 sp012520435|PF04563.18	0	0	0	0	0	0	0	0	0	0	0	0	0	0	0	0	0	0	0	0	0	0	0	0	0	0	0	0	0	0	0	1	0	0	0	0	0	0	0	1	0	0
JAAZBI01 sp012513875|PF04563.18	0	0	0	0	0	0	0	0	0	0	0	0	0	0	0	0	0	0	0	0	0	0	0	0	3	0	0	0	0	0	0	0	0	2	1	0	0	0	0	0	0	0
JABBTK01 sp011389885|PF04563.18	0	0	0	0	0	0	0	0	0	0	0	0	0	0	0	0	0	0	0	0	0	0	0	0	0	0	0	0	1	0	0	0	0	0	0	0	0	0	0	0	0	0
Janibacter hoylei|PF04563.18	0	0	0	0	0	0	0	0	0	0	0	0	0	0	0	0	0	0	0	2	0	0	0	0	0	0	0	0	0	0	0	0	0	0	0	0	0	0	0	0	0	0
Jeotgalicoccus psychrophilus|PF04563.18	0	0	0	0	0	0	0	0	0	2	4	12	0	0	0	0	0	0	1	0	0	0	0	0	0	0	0	0	0	0	0	0	0	0	0	0	0	0	0	0	0	0
Jeotgalicoccus saudimassiliensis|PF04563.18	0	0	2	0	0	0	0	0	0	0	4	0	0	0	0	0	0	0	0	0	0	2	0	0	0	0	0	0	0	0	0	0	0	0	0	0	0	0	0	0	0	0
Jiangella alkaliphila|PF04563.18	0	0	0	0	0	0	0	0	0	0	0	0	0	0	0	0	0	0	0	0	0	0	0	0	0	0	0	0	0	0	0	0	0	0	0	1	0	0	0	0	0	0
Jiangella gansuensis|PF04563.18	0	0	0	0	0	0	0	0	0	0	0	0	0	0	0	0	0	0	0	0	0	0	0	0	0	0	0	0	0	1	0	0	1	0	0	0	0	2	1	0	0	0
Jonquetella anthropi|PF04563.18	0	0	0	0	0	0	0	0	0	0	0	0	0	0	0	0	0	0	0	0	0	0	0	0	0	0	0	0	0	0	0	0	2	0	0	0	0	0	0	0	0	0
KA00134 sp001574395|PF04563.18	0	0	0	0	0	0	0	0	0	0	0	0	0	0	2	0	0	0	0	0	0	0	0	0	0	0	0	0	0	0	0	0	0	0	0	0	0	0	0	0	0	0
KBS-96 sp000381625|PF04563.18	0	0	0	0	0	0	0	0	0	0	0	0	0	0	0	0	0	0	0	0	0	0	0	0	0	0	0	0	0	0	0	0	2	0	0	0	0	0	0	0	0	0
Kandleria vitulina|PF04563.18	4	2	0	0	0	0	0	0	2	0	1	3	0	0	0	0	0	0	0	0	0	0	0	0	0	0	0	0	0	0	0	0	0	0	0	0	0	0	0	0	0	0
Kerstersia gyiorum|PF04563.18	0	0	0	0	0	0	0	0	0	0	0	0	0	0	0	0	0	0	0	0	0	2	0	0	0	0	0	0	0	0	0	0	0	0	0	0	0	0	0	0	0	0
Kineothrix alysoides|PF04563.18	17	2	2	14	21	2	15	21	9	3	27	7	2	3	4	18	3	2	0	11	0	0	0	0	10	9	2	5	6	0	0	0	0	0	2	2	6	8	2	0	2	1
Kineothrix sp000403275|PF02275.21	0	8	0	0	0	12	0	0	0	0	2	0	0	0	0	0	0	0	5	0	6	8	2	4	0	0	0	0	0	0	0	0	0	0	0	2	0	0	2	0	11	0
Kineothrix sp000403275|PF04563.18	376	2616	19	151	238	3586	109	243	141	834	188	132	48	341	74	123	51	17	2624	663	2663	1666	1430	1120	1	11	10	11	1	0	9	1	3	19	24	0	2	0	5	2	77	6
Kocuria flava|PF04563.18	0	0	0	0	0	0	0	0	0	0	0	0	0	0	0	0	0	0	0	0	0	0	0	0	0	0	0	0	0	0	0	0	2	0	0	0	0	0	0	0	2	0
Kocuria palustris|PF04563.18	0	0	2	0	0	0	0	0	0	0	0	0	0	0	0	0	0	0	0	0	0	0	0	0	0	0	0	0	0	0	0	0	0	0	0	0	0	0	0	0	0	0
Komagataeibacter swingsii|PF04563.18	0	0	0	0	0	0	0	0	0	0	0	0	0	0	0	0	0	0	0	0	0	0	0	0	0	0	0	0	2	0	0	0	0	0	0	0	0	0	0	0	0	0
Koribacter versatilis_A|PF04563.18	0	0	0	0	0	0	0	0	0	0	0	0	0	0	0	0	0	0	0	0	0	0	0	0	0	0	0	0	0	0	0	0	0	0	0	0	0	0	1	0	0	0
LZORAL124-50-18 sp002747395|PF04563.18	0	0	0	0	0	0	0	0	0	0	0	0	0	0	0	0	0	0	0	0	0	0	0	0	0	0	0	0	0	0	0	0	0	0	0	0	0	0	0	0	0	2
Lachnoanaerobaculum saburreum|PF04563.18	0	0	0	0	0	0	0	0	0	0	0	0	0	0	0	0	0	0	1	0	0	0	0	0	0	0	0	0	0	0	0	0	0	0	0	0	0	0	0	0	0	0
Lachnoanaerobaculum sp000209465|PF04563.18	0	0	0	0	0	0	0	0	0	0	0	0	0	0	0	0	0	0	9	0	0	0	0	0	1	0	0	1	4	2	0	0	0	4	0	0	2	0	6	4	0	0
Lachnoanaerobaculum sp000296385|PF04563.18	0	0	0	0	0	0	0	0	0	0	0	0	0	0	0	0	0	0	2	0	0	0	0	0	2	0	0	1	1	0	0	0	0	1	0	0	0	0	0	2	0	0
Lachnobacterium bovis_A|PF04563.18	0	0	0	0	0	0	0	0	0	0	0	0	0	0	0	0	0	0	0	0	0	0	0	0	0	0	0	0	0	0	0	0	0	0	0	0	0	0	0	1	0	0
Lachnoclostridium sp900078195|PF04563.18	0	0	0	0	1	0	0	0	0	0	0	0	0	0	0	0	0	0	0	0	0	0	0	0	0	0	0	0	0	0	0	0	0	0	0	0	0	0	0	0	0	0
Lachnoclostridium_A sp002160755|PF04563.18	17	5	49	9	17	27	21	35	10	25	9	8	29	25	8	30	16	16	13	8	31	5	53	33	0	13	12	7	1	1	7	14	5	12	61	33	23	14	5	7	2	11
Lachnoclostridium_A sp003464085|PF04563.18	0	0	0	0	0	1	0	0	0	6	0	0	0	0	0	2	2	0	0	0	3	0	0	0	0	0	0	0	0	0	0	0	0	0	0	0	0	0	0	0	0	0
Lachnoclostridium_B sp000765215|PF04563.18	9	18	40	7	23	18	17	8	15	13	14	9	5	4	15	26	8	11	19	8	17	19	2	9	1	2	6	18	0	5	9	2	6	2	4	10	19	12	0	0	2	7
Lachnoclostridium_B sp900066555|PF04563.18	1	0	0	0	0	4	4	11	2	0	2	0	3	6	0	0	0	0	4	0	7	0	4	3	0	1	10	0	0	0	3	0	0	0	5	2	0	1	0	1	0	2
Lachnospira eligens|PF04563.18	0	0	0	0	0	0	0	0	0	0	0	0	0	0	0	0	0	0	0	0	0	0	0	0	2	0	0	0	0	0	2	0	0	0	0	0	0	0	0	9	0	0
Lachnospira sp000436535|PF04563.18	0	0	0	0	0	0	0	0	0	0	0	0	0	0	0	0	0	0	0	0	0	0	0	0	0	0	0	0	0	0	0	2	0	0	0	0	0	1	2	0	0	0
Lachnospira sp000437735|PF04563.18	0	0	0	0	0	0	0	0	0	0	0	0	0	0	0	0	0	0	0	0	0	0	0	0	2	0	2	0	0	0	0	0	0	0	5	4	2	0	0	0	0	0
Lacrimispora aerotolerans|PF04563.18	0	0	0	2	11	1	1	7	1	0	3	4	2	3	4	1	2	2	2	4	2	10	2	0	0	0	0	2	0	0	0	1	0	0	0	0	0	0	0	2	0	0
Lacrimispora algidixylanolytica|PF02275.21	0	0	0	0	0	0	0	0	0	0	0	0	0	0	0	0	0	0	0	0	0	0	0	0	0	2	0	0	0	0	0	0	2	0	0	0	0	0	0	0	0	0
Lacrimispora algidixylanolytica|PF04563.18	0	0	0	0	0	2	0	0	0	0	0	0	0	0	0	0	0	4	2	0	0	0	2	2	0	0	0	0	0	0	0	2	0	0	0	0	0	0	0	1	0	0
Lacrimispora celerecrescens_B|PF04563.18	0	0	0	2	4	0	2	0	0	0	0	0	0	6	1	0	0	0	0	5	2	0	2	3	0	0	0	0	0	0	12	2	0	2	2	2	0	0	1	0	0	2
Lacrimispora indica|PF04563.18	0	4	0	0	0	0	0	0	0	0	4	0	0	6	0	0	2	0	0	0	0	0	0	0	1	2	2	2	0	0	1	0	0	6	0	0	0	0	0	0	0	1
Lacrimispora saccharolytica|PF04563.18	7	8	2	6	0	14	2	13	5	0	4	0	4	12	9	10	0	5	2	4	2	10	6	7	3	0	2	2	0	0	12	3	0	15	12	0	7	3	1	3	0	0
Lactiplantibacillus plantarum_A|PF02275.21	0	0	0	0	0	0	0	0	0	0	0	0	0	0	0	0	0	0	0	0	0	0	0	0	0	2	0	0	0	0	0	0	0	0	0	0	0	0	0	0	0	0
Lactobacillus acetotolerans|PF04563.18	0	0	0	0	0	0	0	0	0	0	0	0	0	0	0	0	0	0	0	2	0	0	0	0	0	0	0	0	0	0	0	0	0	0	0	0	0	0	0	0	0	0
Lactobacillus acidophilus|PF04563.18	0	0	0	0	0	0	0	0	0	0	0	0	0	0	0	0	2	0	0	0	0	0	0	0	0	0	0	0	0	0	0	0	0	0	0	0	0	0	0	0	0	0
Lactobacillus apis|PF04563.18	0	0	0	0	2	0	0	0	0	0	0	0	0	0	0	0	0	0	0	0	0	0	0	0	0	0	0	0	0	0	0	0	0	0	0	0	0	0	0	0	0	0
Lactobacillus gasseri|PF02275.21	0	0	0	0	0	0	0	2	3	0	0	2	0	0	0	0	0	0	0	0	0	0	0	0	0	0	0	14	0	0	4	0	0	0	0	0	0	0	0	0	0	0
Lactobacillus gasseri|PF04563.18	29	2	2	16	182	23	54	100	63	141	55	262	16	39	18	28	28	54	2	0	2	6	10	13	0	0	4	399	0	8	14	0	2	156	4	2	2	0	0	22	2	0
Lactobacillus hamsteri|PF04563.18	0	0	0	0	0	0	2	0	0	0	0	2	0	0	0	0	0	0	0	0	0	0	0	0	0	0	0	2	0	0	0	0	0	0	2	0	0	0	0	0	0	0
Lactobacillus hominis|PF02275.21	0	0	0	0	2	0	0	6	0	0	0	4	0	0	0	0	0	0	0	0	0	0	0	0	0	0	0	11	0	0	6	0	0	3	1	0	0	0	0	0	0	0
Lactobacillus hominis|PF04563.18	0	6	0	0	8	0	0	10	2	11	2	11	2	6	0	0	0	2	0	0	0	0	0	0	0	0	0	12	0	0	2	0	1	20	0	0	0	0	0	2	0	0
Lactobacillus jensenii|PF04563.18	0	0	0	0	0	0	2	0	0	0	0	0	0	0	0	0	0	0	0	0	0	0	0	0	0	0	0	0	0	0	0	0	0	0	0	0	0	0	0	0	0	0
Lactobacillus kalixensis|PF04563.18	0	0	0	0	0	0	0	0	0	0	0	0	0	0	0	0	0	0	0	0	0	0	0	0	0	0	0	0	0	0	0	2	0	0	0	0	0	0	0	0	0	0
Lactobacillus kefiranofaciens|PF04563.18	0	0	0	2	5	0	0	0	2	6	0	0	0	2	0	2	2	2	0	0	0	0	0	0	0	0	0	15	0	0	0	0	0	6	0	0	0	0	0	0	0	0
Lactobacillus rodentium|PF04563.18	0	0	0	0	12	2	2	0	2	6	0	2	0	0	0	2	0	0	0	2	0	0	0	0	0	0	0	2	0	0	0	0	0	0	0	0	0	0	0	0	0	0
Lactococcus garvieae|PF04563.18	0	0	8	2	2	0	0	0	0	0	0	0	0	0	0	0	4	0	0	0	0	0	0	0	0	0	0	0	0	0	0	0	0	0	0	0	0	0	0	0	0	0
Lactococcus lactis|PF04563.18	6	0	563	0	84	2	12	0	10	0	20	2	2	0	4	0	307	2	1	0	49	2	0	2	0	0	0	0	0	0	0	0	0	0	0	0	0	0	0	0	0	0
Lactonifactor longoviformis|PF04563.18	15	4	0	11	0	8	10	2	14	9	10	2	4	7	18	7	6	0	12	12	0	2	6	0	2	1	4	0	2	0	0	0	0	4	0	5	6	0	2	0	0	1
Latilactobacillus sakei|PF04563.18	0	0	0	0	0	0	0	0	0	0	0	0	0	0	0	0	0	0	0	0	0	0	0	0	0	0	0	0	0	0	0	0	0	0	0	0	0	0	0	0	2	0
Lawsonibacter asaccharolyticus|PF04563.18	6	6	80	18	20	19	14	17	5	6	15	9	17	16	8	18	12	14	4	2	17	6	14	16	0	4	5	6	7	11	2	5	4	0	16	15	3	14	15	15	2	12
Lawsonibacter sp000177015|PF04563.18	2	2	20	2	6	6	6	4	4	3	10	4	9	0	7	9	11	4	0	4	18	0	10	19	0	1	7	4	8	14	2	7	11	0	12	7	4	1	3	12	4	6
Lawsonibacter sp000492175|PF02275.21	0	0	8	0	6	0	0	0	0	0	0	0	0	0	0	2	4	0	0	0	0	0	0	0	2	11	12	9	23	8	0	4	6	2	5	2	0	12	4	2	11	10
Lawsonibacter sp000492175|PF04563.18	20	14	351	103	114	68	54	75	57	66	97	69	134	75	42	87	211	80	31	61	118	54	106	40	10	15	25	85	45	45	62	69	87	18	57	34	16	36	31	32	86	43
Lawsonibacter sp014287875|PF04563.18	6	4	65	13	43	14	26	10	2	17	18	23	9	6	12	33	23	22	4	15	25	3	11	16	0	8	6	12	8	16	16	14	19	5	12	6	4	15	13	10	11	10
Legionella longbeachae|PF04563.18	0	0	0	0	0	0	0	0	0	0	0	0	0	0	0	0	0	0	0	0	0	0	0	0	0	0	0	0	2	0	0	0	0	0	0	0	0	0	0	0	0	0
Legionella sp003989735|PF04563.18	0	0	0	0	0	0	0	0	0	0	0	0	0	0	0	0	0	0	0	0	0	0	0	0	0	0	0	0	0	0	0	2	0	0	0	0	0	0	0	0	0	0
Lentibacillus_A sediminis|PF04563.18	0	0	0	0	0	0	0	0	0	0	0	0	0	0	0	0	0	0	0	0	0	0	0	0	0	0	0	0	0	0	0	0	0	0	0	0	2	0	0	2	0	0
Leptolinea tardivitalis|PF04563.18	0	0	0	0	0	0	0	0	0	0	0	0	0	0	0	0	0	0	0	0	0	0	0	0	0	0	0	0	0	0	0	0	0	0	0	0	0	0	2	0	0	0
Leuconostoc carnosum|PF04563.18	0	0	0	0	0	0	0	0	0	0	0	0	0	0	0	0	0	0	0	0	0	0	0	0	0	0	0	0	0	0	0	2	0	0	0	0	0	0	0	0	2	0
Leuconostoc citreum|PF04563.18	0	0	4	0	0	0	0	0	0	0	0	0	0	0	0	0	2	0	0	0	0	0	0	0	0	0	0	0	0	0	0	0	0	0	0	0	0	0	0	0	0	0
Ligilactobacillus hayakitensis|PF04563.18	0	0	0	0	2	0	0	0	0	6	0	0	0	0	0	0	0	4	0	0	0	0	0	0	0	0	0	2	0	0	0	0	0	0	0	0	0	0	0	0	0	0
Limimonas halophila|PF04563.18	0	0	2	0	0	0	0	0	0	0	0	0	0	0	0	0	0	0	0	0	0	0	0	0	0	0	0	0	0	0	0	0	0	0	0	0	0	0	0	0	0	0
Limimorpha sp001543395|PF04563.18	0	0	2	6	6	0	0	2	0	0	0	0	0	0	2	0	4	2	0	0	0	2	0	0	0	6	0	6	0	0	6	6	3	0	0	0	0	0	0	0	0	0
Limiplasma merdipullorum|PF04563.18	0	0	0	0	0	0	0	0	0	0	0	0	0	0	2	0	0	0	0	0	0	0	0	0	0	0	0	0	0	0	0	0	0	0	0	0	0	0	0	0	0	0
Limisoma sp900548875|PF04563.18	0	0	0	0	0	2	0	0	0	0	2	0	0	2	0	0	0	0	2	0	0	0	0	2	0	0	0	0	0	2	0	0	0	0	0	0	0	0	0	0	2	0
Limivicinus sp002320035|PF04563.18	0	0	0	0	4	0	0	0	0	0	0	0	0	0	0	0	1	2	0	0	2	0	0	0	0	0	0	0	0	0	0	0	0	0	0	0	2	0	0	0	0	0
Limivivens sp900066135|PF04563.18	0	1	4	1	2	1	0	0	1	0	0	0	2	0	0	2	0	0	0	2	2	2	0	2	0	0	0	0	0	0	2	0	0	2	0	0	0	2	0	0	0	0
Limnochorda pilosa|PF04563.18	0	0	2	0	0	0	0	0	0	0	0	0	0	0	0	0	0	0	0	0	0	0	0	0	0	0	2	0	2	0	0	0	0	0	0	0	0	0	0	0	0	0
Limosilactobacillus reuteri|PF02275.21	0	0	0	0	0	0	0	0	4	0	0	2	0	0	0	0	2	0	0	0	0	0	0	0	0	0	2	8	0	0	4	0	0	0	0	0	0	0	0	0	0	0
Limosilactobacillus reuteri|PF04563.18	18	8	8	2	29	2	27	274	74	35	83	59	0	6	26	20	100	136	8	30	4	0	4	2	2	0	2	56	0	0	44	4	2	0	0	0	0	0	0	0	0	0
Limousia pullorum|PF04563.18	0	0	0	0	0	0	0	0	0	0	0	0	0	0	0	0	0	0	0	0	0	0	0	0	0	2	1	0	0	0	0	0	0	0	2	0	0	0	0	0	0	0
Listeria aquatica|PF02275.21	0	0	0	0	0	0	0	0	0	0	0	0	0	0	0	0	0	0	0	0	0	0	0	0	0	0	0	0	0	0	0	0	2	0	0	0	0	0	0	0	0	0
Litorilinea aerophila|PF04563.18	0	0	0	0	0	0	0	0	0	0	0	0	0	0	0	0	0	0	0	0	0	0	0	0	0	0	0	0	0	0	0	0	0	0	1	0	0	0	0	0	0	0
Luminiphilus syltensis|PF04563.18	0	0	0	0	0	0	0	0	0	0	0	0	0	0	0	0	0	0	0	0	0	0	0	0	0	0	0	0	0	0	0	4	0	0	0	0	0	0	0	0	0	0
Luxibacter massiliensis|PF04563.18	0	0	0	0	2	0	0	0	0	0	0	0	2	2	2	4	2	0	2	0	0	0	4	2	3	6	0	2	0	0	0	0	0	0	0	0	2	0	0	0	0	2
Lysobacter sp001428685|PF04563.18	0	0	0	0	0	0	0	0	0	0	0	0	0	0	0	0	0	0	0	0	0	0	0	0	0	0	0	0	0	0	0	0	0	0	0	2	0	0	0	0	0	0
MARSEILLE-P3954 sp900604345|PF04563.18	0	0	0	0	0	0	0	0	0	0	0	0	0	0	0	0	0	0	0	0	0	0	0	0	0	0	0	0	0	0	0	1	0	0	0	0	0	0	0	0	0	0
MD308 sp000403475|PF04563.18	14	4	3	10	12	37	14	17	16	6	12	14	40	49	67	183	34	49	67	13	96	12	32	63	30	12	18	131	10	1	36	11	5	31	56	13	86	32	24	76	11	21
MPNL01 sp002239005|PF04563.18	0	0	0	0	0	0	0	0	0	0	0	0	0	0	0	0	0	0	0	0	0	0	0	0	0	0	0	0	0	0	0	0	0	0	1	0	0	0	0	0	0	0
MVCY01 sp002049985|PF04563.18	0	0	0	0	0	0	0	0	0	0	0	0	0	0	0	0	0	0	0	0	0	0	0	0	0	0	2	0	0	0	0	0	0	0	0	0	0	0	0	0	0	0
MWDR01 sp002071695|PF04563.18	0	0	4	0	0	0	0	0	0	0	0	0	0	0	0	0	0	0	0	0	0	0	0	0	0	0	0	0	0	0	0	0	0	0	0	0	0	0	0	0	0	0
Mammaliicoccus lentus|PF04563.18	2	0	0	0	6	0	2	0	0	2	120	236	0	0	0	0	0	0	10	7	0	4	2	2	0	0	0	0	0	0	0	0	0	0	0	0	0	0	0	0	0	0
Mammaliicoccus vitulinus|PF04563.18	0	0	0	0	0	0	0	0	0	0	0	2	0	0	0	0	0	0	0	0	2	0	0	2	0	0	0	0	0	0	0	0	0	0	0	0	0	0	0	0	0	0
Marinisoma atlanticum|PF04563.18	0	0	0	0	0	0	0	0	0	0	0	0	0	0	0	0	0	0	0	0	0	0	0	0	0	0	0	0	0	0	0	0	0	0	0	0	0	0	0	0	2	0
Marmoricola ginsengisoli|PF04563.18	0	0	0	0	0	0	0	0	0	0	0	0	0	0	0	0	2	0	0	0	0	0	0	0	0	0	0	0	0	0	0	0	0	0	0	0	0	0	0	0	0	0
Marseille-P2935 sp900104565|PF04563.18	0	0	0	0	0	2	0	0	0	0	0	0	0	0	0	0	0	0	0	0	0	0	0	0	0	0	0	0	0	0	0	0	0	0	0	0	0	0	2	0	0	0
Marseille-P3106 sp900169975|PF04563.18	0	1	8	5	2	0	2	13	11	5	2	4	2	0	4	11	5	6	0	4	3	2	10	8	1	1	34	8	8	3	5	7	4	2	19	7	2	19	0	4	5	5
Marvinbryantia formatexigens|PF04563.18	18	9	4	17	16	15	17	18	14	14	10	3	6	7	6	37	17	21	4	13	25	10	35	24	1	0	0	2	2	0	2	0	2	3	1	3	5	8	6	1	3	7
Marvinbryantia sp900066075|PF04563.18	0	0	0	0	0	2	0	0	2	2	0	2	2	4	0	0	2	0	2	2	1	1	4	8	0	2	0	2	0	0	0	0	0	4	4	1	0	0	2	0	0	8
Massilia sp000745265|PF04563.18	2	0	0	0	0	0	0	0	0	0	0	0	0	0	0	0	0	0	0	0	0	0	0	0	0	0	0	0	0	0	0	0	0	0	0	0	0	0	0	0	0	0
Massilimaliae timonensis|PF04563.18	0	0	0	0	0	0	0	0	0	0	0	0	0	0	0	0	0	0	0	0	0	0	0	0	0	0	0	0	0	0	0	0	0	0	0	0	0	0	0	0	2	0
Massilistercora timonensis|PF04563.18	15	1	14	10	15	20	17	8	13	11	11	11	17	17	11	23	6	15	4	4	4	10	10	19	6	1	0	14	2	0	0	0	1	4	3	6	13	3	2	5	0	2
Mediterraneibacter cottocaccae|PF04563.18	2	0	0	0	11	3	6	0	6	5	0	2	1	1	6	4	3	5	0	1	11	2	2	2	0	4	4	2	1	3	2	0	0	0	7	1	14	1	1	2	1	0
Mediterraneibacter faecis|PF04563.18	0	0	0	0	0	0	0	0	0	0	0	0	0	0	0	0	0	0	0	0	0	0	0	0	0	0	0	0	0	0	0	2	0	0	0	0	2	0	0	0	0	0
Mediterraneibacter lactaris|PF04563.18	2	0	2	4	0	1	3	0	0	1	4	0	2	4	2	4	7	2	0	1	1	2	0	0	0	2	0	5	4	0	2	0	0	0	0	2	2	0	0	0	0	0
Mediterraneibacter massiliensis|PF04563.18	2	0	0	0	0	0	1	2	6	1	0	0	7	0	4	4	0	0	4	0	0	2	0	0	0	2	1	0	0	0	0	0	0	0	11	0	5	4	0	2	7	3
Mediterraneibacter torques|PF04563.18	5	12	0	2	0	3	8	18	9	3	2	0	2	0	13	11	15	8	18	16	16	12	7	18	2	0	0	0	0	0	0	0	2	0	4	0	0	0	2	0	0	0
Mediterraneibacter_A butyricigenes|PF04563.18	4	2	0	2	0	0	0	14	3	1	0	2	4	2	0	3	0	2	6	9	14	3	0	0	0	2	1	1	0	0	6	0	0	0	6	0	2	0	1	0	0	2
Megalodesulfovibrio gigas|PF04563.18	0	0	0	0	0	0	0	0	0	0	0	0	0	0	0	0	0	0	0	0	0	0	0	0	0	0	0	0	0	0	0	0	0	0	0	4	0	0	0	0	0	0
Merdicola sp900552655|PF04563.18	0	0	0	0	0	1	0	0	2	0	0	0	0	0	0	0	0	0	2	1	0	0	0	1	1	6	5	3	4	6	0	0	0	1	6	0	4	16	1	0	4	0
Merdisoma sp011959465|PF04563.18	134	19	41	62	91	52	116	143	92	142	31	52	242	124	66	77	85	74	192	129	75	50	37	60	17	10	4	73	11	3	35	18	18	21	13	7	14	4	3	24	28	4
Methanobacterium_A sp002494495|PF04563.18	0	0	0	0	0	0	0	0	0	0	0	0	0	0	0	0	0	0	0	0	0	0	0	0	0	0	0	0	2	0	0	0	0	0	0	0	0	0	0	0	0	0
Methanomethylophilus alvus|PF02275.21	0	0	0	0	0	0	0	0	0	0	0	0	0	0	0	0	0	0	0	0	0	0	0	0	0	0	0	0	0	0	0	2	0	0	0	0	0	0	0	0	0	0
Methanothrix_B thermoacetophila|PF04563.18	0	0	0	0	0	0	0	0	0	0	0	0	0	0	0	0	0	0	0	0	0	0	0	0	0	0	0	0	2	0	0	0	0	0	0	0	0	0	0	0	0	0
Methylobacillus flagellatus|PF04563.18	0	0	0	0	0	0	0	2	0	0	0	0	0	0	0	0	0	0	0	0	0	0	0	0	0	0	0	0	0	0	0	0	0	0	0	0	0	0	0	0	0	0
Methylobacterium nodulans|PF04563.18	0	0	0	0	0	0	0	4	0	2	0	1	0	0	2	0	0	0	0	0	0	0	0	0	0	2	0	0	0	0	0	0	0	0	0	0	0	0	0	0	1	0
Methylocystis rosea|PF04563.18	0	0	0	0	1	0	0	0	0	0	0	0	0	0	0	0	0	0	0	0	0	0	0	0	0	0	0	0	0	0	0	0	0	0	0	0	0	0	0	0	0	0
Methylomonas koyamae|PF04563.18	0	0	0	0	0	0	0	0	0	0	0	0	0	0	0	0	0	0	0	0	0	0	0	0	0	0	0	0	0	0	0	2	0	0	0	0	0	0	0	0	0	0
Methylotenera_A versatilis_B|PF04563.18	0	0	0	0	2	0	0	0	0	0	0	0	0	0	0	0	0	0	0	0	0	0	2	0	0	0	0	0	0	0	0	0	0	0	0	0	0	0	0	0	0	0
Methylotuvimicrobium buryatense|PF04563.18	0	0	0	0	0	0	0	0	0	0	0	0	0	0	0	0	0	0	0	0	0	0	0	0	0	0	0	0	0	0	0	0	0	0	0	0	0	0	0	0	2	0
Methylovirgula ligni|PF04563.18	0	0	0	0	0	0	0	0	0	0	0	0	0	0	0	0	0	0	0	0	0	0	0	0	0	0	0	0	0	0	0	2	0	0	0	0	0	0	0	0	0	0
Microbacterium sp001427145|PF04563.18	0	0	0	0	0	0	0	0	0	0	0	0	0	0	0	0	2	0	0	0	0	0	0	0	0	0	0	0	0	0	0	0	0	0	0	0	0	0	0	0	0	0
Microbacterium sp001427525|PF02275.21	0	0	0	0	0	0	0	0	0	0	0	0	0	0	0	0	0	0	0	0	0	0	0	0	0	0	2	0	0	0	0	0	0	0	0	0	0	0	0	0	0	0
Microvirga lotononidis|PF04563.18	0	0	0	0	0	0	0	0	0	0	0	0	0	0	0	0	1	0	0	0	0	0	0	0	0	0	0	0	0	0	0	0	0	0	0	0	0	0	0	0	0	0
Microvirga sp000745135|PF04563.18	0	0	0	0	0	0	0	0	0	0	0	0	0	0	0	0	0	0	0	0	0	0	0	0	0	0	0	0	1	0	0	0	0	0	0	0	0	0	0	0	0	0
Mobilisporobacter senegalensis|PF04563.18	0	0	0	0	0	0	0	0	0	0	0	0	0	0	0	0	0	0	4	0	0	0	0	0	0	0	0	3	0	0	1	0	2	0	0	0	1	0	2	7	0	1
Mobilitalea hemicellulosilytica_A|PF04563.18	0	2	0	0	0	0	0	2	1	0	0	0	0	0	1	0	0	0	2	0	0	0	0	0	0	0	0	0	0	0	0	0	0	0	0	0	0	1	0	0	0	0
Mobilitalea luporum|PF04563.18	0	0	0	0	0	0	0	0	0	0	0	0	0	0	0	0	0	0	0	0	0	0	0	0	0	2	0	0	0	0	1	0	0	0	0	0	0	0	0	0	0	0
Mobilitalea sp004294845|PF04563.18	0	0	0	2	0	0	0	0	0	0	0	0	0	2	0	2	0	0	2	0	0	2	0	2	0	0	0	0	0	0	0	0	2	2	1	0	0	0	0	0	0	0
Monaibacterium marinum|PF04563.18	0	0	0	0	0	0	0	0	0	0	0	0	0	0	0	0	0	0	0	0	0	0	0	0	0	0	2	0	0	0	0	0	0	0	0	0	0	0	0	0	0	0
Monoglobus pectinilyticus|PF04563.18	0	0	0	0	0	0	0	0	0	0	0	0	0	0	0	0	0	2	0	0	0	0	0	0	0	0	0	0	0	0	0	0	0	0	0	0	0	0	0	0	0	0
Moorella mulderi|PF04563.18	4	1	0	0	0	1	0	0	0	2	1	1	0	0	0	0	0	0	2	0	2	1	0	0	0	0	0	0	0	0	0	0	0	0	0	0	0	0	0	0	0	0
Mucinivorans hirudinis|PF04563.18	0	0	0	0	0	0	0	0	0	0	0	0	0	0	0	0	0	0	0	0	0	0	0	0	0	0	0	0	0	0	0	4	0	0	0	0	0	0	0	0	0	0
Muribaculum gordoncarteri|PF02275.21	0	0	0	0	0	0	0	0	0	0	0	0	0	0	0	0	2	0	0	0	0	0	0	0	0	0	0	0	0	0	0	0	0	8	35	11	0	0	0	0	98	0
Muribaculum gordoncarteri|PF04563.18	0	6	5	0	0	0	0	0	8	2	3	0	5	2	0	0	18	0	0	0	10	1	0	0	0	6	12	3	14	4	2	2	6	492	2657	3363	0	0	7	0	447	2
Muribaculum intestinale|PF04563.18	0	0	0	0	0	0	1	0	0	0	0	0	2	0	4	0	0	2	0	0	0	0	2	0	6	72	66	48	49	24	2	35	8	10	31	3	1	10	8	0	6	0
Muricomes contortus_B|PF04563.18	0	0	0	3	7	2	2	6	6	0	8	2	1	3	2	2	0	10	4	0	0	0	7	32	1	1	0	0	0	0	0	0	0	5	2	1	7	0	3	0	0	5
Muricomes fissicatena_A|PF04563.18	26	9	0	16	2	6	15	18	23	6	6	4	3	3	6	1	1	4	19	11	15	4	1	4	2	4	1	1	0	0	0	0	0	2	4	1	1	0	0	0	0	4
Murimonas intestini|PF04563.18	23	12	18	8	19	14	26	2	16	8	29	12	5	2	12	6	14	19	16	9	38	13	1	3	5	2	0	2	0	0	2	0	0	5	0	6	2	0	0	0	0	0
Mycobacterium asiaticum|PF04563.18	0	0	1	0	0	0	0	0	0	0	0	0	0	0	0	0	0	0	0	0	0	0	0	0	0	0	0	0	0	0	0	0	0	0	0	0	0	0	0	0	0	0
Mycobacterium shinjukuense|PF04563.18	0	0	2	0	0	0	0	0	0	0	0	0	0	0	0	0	0	0	0	0	0	0	0	0	0	0	0	0	0	0	0	0	0	0	0	0	0	0	0	0	0	0
NBD-18 sp003507735|PF02275.21	0	0	0	0	0	0	0	0	0	0	0	0	0	0	0	0	0	0	0	0	0	0	0	0	0	0	0	0	0	2	0	0	0	0	0	0	0	0	0	0	0	0
NC2004 sp000621905|PF04563.18	0	0	0	0	0	0	0	0	0	0	0	0	0	0	0	0	0	0	2	0	0	0	0	0	0	0	0	0	0	0	0	0	0	0	0	2	0	0	2	2	0	0
NK4A136 sp000621425|PF04563.18	0	0	0	0	2	1	0	2	0	0	1	0	0	0	0	0	0	0	0	0	0	0	0	0	0	0	0	0	0	0	0	0	0	0	0	0	1	0	0	1	0	0
NK4A144 sp000622025|PF04563.18	0	0	0	0	0	0	0	0	0	0	0	0	4	0	0	0	0	0	0	0	0	0	0	0	0	0	0	0	0	0	0	0	0	0	0	0	0	0	0	0	0	0
NK4A144 sp000701625|PF04563.18	0	0	0	0	0	0	0	0	0	0	0	0	0	0	0	0	2	0	2	0	0	0	0	0	0	0	0	0	0	0	0	0	0	0	0	0	0	0	0	0	0	0
Natronomonas sp009741925|PF04563.18	0	0	0	0	0	0	0	0	0	0	0	0	0	0	0	0	0	0	2	0	0	0	0	0	0	0	0	0	0	0	0	0	2	0	0	0	0	0	0	0	0	0
Natronospirillum operosum|PF04563.18	0	0	0	0	0	0	0	0	0	0	0	0	0	0	0	0	0	0	0	0	2	0	0	0	0	0	0	0	0	0	0	0	0	0	0	0	0	0	0	0	0	0
Neobittarella massiliensis|PF04563.18	0	0	2	0	0	0	0	0	0	0	1	0	0	2	0	0	0	0	0	0	0	0	0	0	0	0	0	0	0	0	0	0	1	0	0	0	2	0	0	0	0	0
Nesterenkonia massiliensis|PF04563.18	0	0	0	0	0	0	0	0	0	0	0	0	0	0	0	4	0	0	0	0	0	0	0	0	0	0	0	0	0	0	0	0	0	0	0	0	0	0	0	0	0	0
Niabella drilacis|PF04563.18	0	0	0	0	0	0	0	0	0	0	0	0	0	0	0	0	0	0	0	0	0	0	0	0	0	0	0	0	0	0	0	2	0	0	0	0	0	0	0	0	0	0
Nitrosomonas sp008015595|PF04563.18	0	0	0	0	0	0	0	0	0	0	0	0	0	0	0	0	0	0	0	0	0	0	0	0	0	0	0	0	0	0	0	0	0	0	0	2	0	0	0	0	0	0
Nitrosomonas sp900100485|PF04563.18	0	0	0	0	0	0	0	0	0	0	0	0	0	0	0	0	0	0	0	0	0	0	0	0	0	0	0	0	0	0	0	0	0	0	0	0	0	0	2	0	0	0
Nocardia seriolae|PF04563.18	0	0	0	0	0	0	0	0	0	1	0	0	0	0	0	0	0	0	0	0	0	0	0	0	0	0	0	0	0	0	0	0	0	0	0	0	0	0	0	0	0	0
Nocardioides cynanchi|PF04563.18	0	0	0	0	0	0	0	0	0	0	0	0	0	0	0	0	0	0	0	0	0	0	0	0	0	0	0	0	0	0	4	0	0	0	0	0	0	0	0	0	0	0
Nocardiopsis salina|PF04563.18	0	0	0	0	0	0	0	0	0	0	0	0	0	0	0	0	2	0	0	0	0	0	0	0	0	0	0	0	0	0	0	0	0	0	0	0	0	0	0	0	0	0
Nostoc calcicola|PF04563.18	0	0	0	0	0	0	0	0	0	0	0	0	0	0	0	0	0	0	0	0	0	0	0	0	0	0	0	0	0	0	0	0	0	0	1	0	0	0	0	0	0	0
Novosphingobium lindaniclasticum|PF04563.18	0	0	0	0	0	0	0	0	0	0	0	0	0	0	0	0	0	0	0	0	0	0	0	0	0	0	0	0	0	0	0	0	0	0	0	2	0	0	0	0	0	0
OLB9 sp001567255|PF04563.18	0	0	0	0	0	0	0	0	0	0	0	0	0	0	0	0	0	0	0	0	0	0	0	0	0	2	0	0	0	0	0	0	0	0	0	0	0	0	0	0	0	0
OLZORAL124-38-8 sp002747745|PF04563.18	0	0	0	0	0	0	0	0	0	0	0	0	0	0	0	0	0	0	0	0	0	0	0	0	0	0	0	0	0	0	0	0	2	0	0	0	0	0	0	0	0	0
Oceanicella actignis|PF04563.18	0	0	0	0	0	0	2	0	2	0	0	0	0	0	0	0	0	0	2	0	2	0	6	2	0	0	2	0	0	0	0	0	0	0	0	0	0	0	0	0	0	0
Oceanobacillus iheyensis|PF04563.18	0	0	0	0	0	0	0	0	0	0	0	0	2	0	0	0	0	0	0	0	0	0	0	0	0	0	0	0	0	0	0	0	0	0	0	0	0	0	0	0	0	0
Oceanobacillus jeddahense|PF04563.18	0	0	0	0	0	0	0	0	0	0	0	0	0	0	0	0	0	0	0	0	0	0	0	0	0	0	0	0	0	0	0	0	0	0	0	0	0	0	0	0	0	2
Oleibacter marinus|PF04563.18	0	0	0	0	0	0	0	0	0	0	0	0	0	0	0	0	0	0	0	0	0	0	0	0	0	2	0	0	0	0	0	0	0	0	0	0	0	0	0	0	0	0
Oliverpabstia intestinalis|PF04563.18	0	0	0	0	4	2	2	0	0	0	0	0	0	0	0	2	0	0	0	0	0	0	0	1	0	0	0	0	0	0	0	0	0	0	0	2	0	0	0	0	0	0
Onthocola_B sp000437355|PF04563.18	0	0	0	0	0	2	0	0	0	0	0	0	0	0	2	0	0	0	0	0	0	0	0	0	1	0	4	0	0	0	0	0	0	0	0	0	2	0	2	1	0	2
Onthomonas sp000421005|PF04563.18	4	0	0	0	1	4	0	0	0	0	4	3	0	1	0	0	0	2	0	0	0	0	1	0	0	0	0	0	0	0	0	0	3	0	0	0	0	3	2	0	0	0
Onthousia sp000438295|PF04563.18	0	0	0	0	0	0	0	0	0	0	0	0	0	0	0	0	0	0	0	0	0	0	0	0	0	0	0	0	0	0	0	0	0	3	0	2	0	0	0	0	0	0
Oribacterium sinus|PF04563.18	0	0	0	0	1	0	0	0	0	0	0	0	0	0	0	0	0	0	0	0	0	0	0	0	0	0	0	0	0	0	0	0	0	0	0	2	0	0	0	0	0	0
Oribacterium sp900107835|PF04563.18	0	0	0	0	0	0	0	0	0	0	0	0	0	0	0	0	0	0	0	0	0	2	0	0	0	0	0	0	0	0	0	0	0	0	0	0	0	0	0	0	0	0
Oribacterium sp900113415|PF04563.18	0	0	0	0	0	0	0	0	0	0	0	0	0	0	0	4	0	0	0	0	0	0	0	0	0	0	0	0	0	0	0	0	0	0	0	0	0	0	0	0	0	0
Oscillibacter ruminantium|PF04563.18	0	0	0	2	1	0	0	0	1	0	0	0	0	0	0	0	0	2	0	0	2	0	0	0	1	0	2	0	2	0	0	2	2	0	1	0	1	1	2	3	3	0
Oscillibacter valericigenes|PF04563.18	0	4	24	0	2	2	4	2	1	2	0	1	0	0	2	5	8	4	1	2	4	0	0	0	4	3	8	6	2	1	0	16	7	0	3	12	3	6	6	4	8	6
Ostreibacterium oceani|PF04563.18	0	0	0	0	0	0	0	0	0	0	2	0	0	0	0	0	0	0	0	0	0	0	0	0	0	0	0	0	0	0	0	0	0	0	0	0	0	0	0	0	0	0
PH28-bin88 sp000987045|PF04563.18	0	0	0	0	0	0	0	0	0	0	0	0	0	0	0	0	1	0	0	0	0	0	0	0	0	0	0	0	0	0	0	0	0	0	2	1	2	0	0	1	0	0
Paenibacillus etheri|PF04563.18	0	0	0	0	0	0	0	0	0	0	0	0	0	0	0	0	0	0	0	0	0	0	0	0	0	0	0	0	0	1	0	0	0	0	0	0	0	0	0	0	0	0
Paenibacillus_A ihumii|PF04563.18	2	0	0	0	0	0	0	0	0	0	0	0	0	0	0	0	0	0	0	0	2	1	0	0	0	0	0	0	0	0	0	0	0	0	0	0	0	0	0	0	0	0
Paenibacillus_AE antri|PF04563.18	0	0	0	0	0	0	0	0	0	0	0	0	0	0	0	0	0	0	0	0	0	0	0	0	0	0	0	0	1	0	0	0	0	0	0	0	0	0	0	0	0	0
Paenibacillus_F chitinolyticus|PF04563.18	0	0	0	0	0	0	2	0	0	0	0	0	0	0	0	0	0	0	0	1	0	0	0	0	0	0	0	0	0	0	0	0	0	0	0	0	0	0	0	0	0	0
Paenibacillus_K terrigena|PF04563.18	0	0	0	0	0	0	0	0	0	0	0	0	0	0	0	0	0	0	0	0	0	0	0	0	0	0	2	0	0	0	0	0	0	0	0	0	0	0	0	0	0	0
Paenibacillus_L sp007679495|PF04563.18	0	0	0	0	0	0	0	0	0	0	0	0	0	0	0	0	0	0	0	0	0	0	0	0	0	2	0	0	0	0	0	0	0	0	0	0	0	0	0	0	0	0
Paenibacillus_O beijingensis|PF04563.18	0	0	0	0	0	0	0	0	0	0	0	0	0	0	0	0	0	0	0	0	2	0	0	0	0	0	0	0	0	0	0	0	0	0	0	0	0	0	0	0	0	0
Paenibacillus_O humicus|PF04563.18	2	2	0	0	4	0	0	0	0	0	0	2	2	0	0	4	0	2	4	0	6	0	0	0	0	0	0	0	0	0	0	0	0	0	2	4	0	0	0	0	0	0
Paenibacillus_O pasadenensis|PF04563.18	0	0	2	1	2	0	0	0	0	0	0	2	0	4	0	0	0	0	0	0	0	0	0	0	2	0	0	0	0	0	0	0	0	0	0	0	0	0	0	0	0	0
Palleronia rufa|PF04563.18	0	0	0	0	0	0	0	0	0	0	0	0	0	0	0	0	0	2	0	0	0	0	0	0	0	0	0	0	0	0	0	1	0	0	0	0	0	0	0	0	0	0
Palsa-870 sp004299235|PF04563.18	0	0	0	0	0	0	0	0	0	0	0	0	0	0	0	0	0	0	0	0	0	0	0	0	0	0	1	0	0	0	0	0	0	0	0	0	0	0	0	0	0	0
Paludisphaera borealis|PF04563.18	0	0	0	0	0	0	0	0	0	0	2	0	0	0	0	0	0	0	0	0	0	0	0	0	0	0	0	0	0	0	0	0	0	0	0	0	0	0	0	0	0	0
Paludisphaera sp001610895|PF04563.18	0	0	0	0	0	0	0	0	0	0	0	0	2	0	0	0	0	0	0	0	0	0	0	0	0	0	0	0	0	0	0	0	0	0	0	0	0	0	0	0	0	0
Panacagrimonas perspica|PF04563.18	0	0	0	0	0	0	0	0	0	0	0	0	0	0	0	0	0	0	0	0	0	0	0	0	0	0	0	0	0	0	0	0	2	0	0	0	0	0	0	0	0	0
Papillibacter cinnamivorans|PF04563.18	2	0	1	0	0	0	0	2	2	2	0	0	0	0	0	0	0	0	0	5	0	2	0	0	0	0	7	1	2	0	0	2	1	0	1	0	0	0	0	0	2	2
Paraburkholderia kururiensis|PF04563.18	0	0	0	0	0	0	0	0	0	0	0	0	0	0	0	0	0	0	0	0	0	0	0	0	0	0	0	0	0	0	0	0	0	0	0	0	0	0	0	0	2	0
Paraclostridium bifermentans_A|PF04563.18	0	0	0	0	0	2	0	0	2	0	0	0	0	0	0	0	0	0	0	0	0	2	0	0	0	0	0	0	0	0	0	0	0	0	0	0	0	0	0	0	0	0
Paraclostridium sordellii|PF04563.18	0	0	0	0	0	0	0	2	0	4	1	0	0	0	0	0	0	0	4	0	0	0	0	0	0	0	0	0	0	0	0	0	0	0	0	0	0	0	0	0	0	0
Paraferrimonas sedimenticola|PF02275.21	0	0	0	0	0	0	0	0	0	0	0	0	0	0	0	0	0	0	0	0	0	0	0	0	0	2	0	0	0	0	0	0	0	0	0	0	0	0	0	0	0	0
Paralachnospira sp902363445|PF04563.18	8	0	0	3	0	3	2	2	0	7	0	1	2	5	1	2	5	0	2	9	1	0	4	5	0	3	1	1	0	0	2	0	2	0	4	3	2	3	0	4	2	3
Paramuribaculum intestinale|PF02275.21	0	0	251	0	49	0	0	2	0	0	26	37	0	0	0	0	0	0	0	0	0	0	0	0	0	0	0	0	0	0	0	0	0	0	0	0	0	0	0	0	0	0
Paramuribaculum intestinale|PF04563.18	2	4	658	8	4719	0	2	4	4	0	4193	2434	0	0	0	0	0	0	7	4	2	0	0	0	2	54	29	24	15	12	2	0	0	0	29	6	0	0	0	0	0	0
Paramuribaculum sp000431155|PF04563.18	0	0	0	0	0	0	0	0	0	0	0	0	0	0	0	0	2	0	0	0	0	0	0	0	0	2	9	27	4	5	0	0	0	0	0	0	0	0	0	0	6	0
Paramuribaculum sp001689565|PF04563.18	0	2	0	11	0	0	2	0	2	0	0	0	4	2	0	1	2	2	0	0	0	0	0	0	0	9	16	44	16	14	2	54	16	4	7	8	0	0	0	0	1	0
Paramuribaculum sp001701115|PF04563.18	0	0	1	0	2	0	0	0	2	0	0	0	0	0	0	0	0	0	0	0	0	0	0	0	0	2	1	0	0	2	3	7	0	0	0	0	0	0	0	0	0	0
Paramuribaculum sp900551515|PF04563.18	0	0	0	0	0	0	0	0	2	1	0	0	0	6	1	2	0	2	0	4	0	0	2	2	8	43	30	3	22	4	0	25	9	8	17	8	0	9	1	0	1	0
Parvibacter caecicola|PF04563.18	0	0	0	0	0	0	0	0	0	0	0	0	0	0	0	0	0	0	0	0	0	0	0	0	0	0	0	2	0	0	0	0	0	0	0	0	0	0	0	0	0	0
PeH17 sp900542285|PF04563.18	0	0	0	0	0	0	0	0	0	0	0	0	0	0	0	0	0	0	0	0	0	0	0	0	0	2	0	0	0	0	0	0	0	0	0	0	0	0	0	0	0	0
Pediococcus damnosus|PF04563.18	0	0	0	0	0	0	0	0	0	0	0	0	0	0	0	0	0	0	0	0	0	0	0	0	0	0	0	6	0	0	0	0	0	0	0	0	0	0	0	0	0	0
Pelolinea submarina|PF04563.18	0	0	0	0	0	0	0	0	0	0	0	0	0	0	0	0	0	0	0	0	0	0	0	0	0	0	0	0	0	0	0	0	0	0	0	0	0	0	2	0	0	0
Pelotomaculum thermopropionicum|PF04563.18	0	0	0	0	0	0	0	0	0	0	0	0	0	0	0	0	0	0	0	0	0	0	0	0	0	0	0	1	0	0	0	0	0	0	0	0	0	0	0	0	0	0
Petroclostridium xylanilyticum|PF04563.18	0	0	0	0	0	0	0	0	0	0	0	0	0	0	0	0	0	0	0	0	0	0	0	0	2	0	0	0	0	0	0	0	0	0	0	0	0	0	0	0	0	0
Phenylobacterium sp001429025|PF04563.18	1	0	0	0	0	0	0	0	0	0	0	0	0	0	0	0	0	0	0	0	0	0	0	0	0	0	0	0	0	0	0	0	0	0	0	0	0	0	0	0	0	0
Phil1 sp001940855|PF04563.18	0	0	0	0	0	0	0	0	0	0	0	0	0	0	0	0	0	0	0	0	0	0	0	0	0	0	0	0	0	0	6	1	3	0	0	0	0	0	0	0	0	1
Phil1 sp002069725|PF04563.18	0	0	4	0	0	0	0	0	0	0	0	0	0	0	0	0	0	0	0	0	0	0	0	0	0	0	0	0	0	0	0	0	0	0	0	0	0	0	0	0	0	0
Phocea massiliensis|PF04563.18	0	0	2	0	0	0	0	0	0	0	0	0	0	0	0	2	3	0	3	0	2	2	0	0	0	2	0	0	2	1	0	1	2	1	0	2	2	0	0	0	0	0
Photobacterium leiognathi|PF04563.18	0	0	0	0	0	0	0	0	0	0	0	0	0	0	0	0	0	0	0	0	0	0	0	2	0	0	0	0	0	0	0	0	0	0	0	0	0	0	0	0	0	0
Phragmitibacter flavus|PF04563.18	0	0	0	0	0	0	0	0	0	0	0	0	0	0	0	0	0	0	0	0	0	0	0	0	0	0	0	0	0	0	0	0	0	0	0	0	0	2	0	0	0	2
Pikeienuella piscinae|PF04563.18	0	0	0	0	0	0	0	0	0	0	0	0	0	0	0	0	0	0	0	0	2	0	0	0	0	0	0	0	0	0	0	0	0	0	0	0	0	0	0	0	0	0
Pistricoccus aurantiacus|PF04563.18	0	0	0	2	0	0	0	0	0	0	0	0	0	0	0	0	0	0	0	0	0	0	0	0	0	0	0	0	0	0	0	0	0	0	0	0	0	0	0	0	0	0
Porcincola intestinalis|PF04563.18	0	0	0	0	0	0	0	0	0	0	0	0	0	0	0	0	0	0	0	0	0	0	0	0	0	1	0	0	0	0	0	0	0	0	0	0	0	0	0	0	0	0
Pradoshia sp001183965|PF02275.21	0	0	0	0	0	0	0	0	0	0	0	0	0	0	0	0	0	0	0	0	0	0	0	0	0	0	0	0	2	0	0	0	0	0	0	0	0	0	0	0	0	0
Prevotella denticola|PF04563.18	0	0	0	0	0	0	0	0	0	0	0	0	0	0	0	0	0	0	0	0	0	0	0	0	0	0	2	0	0	0	0	0	0	0	0	0	0	0	0	0	0	0
Prevotella loescheii|PF04563.18	0	0	0	0	0	0	0	0	0	0	0	0	0	0	0	0	0	0	0	0	0	0	0	0	0	0	0	0	2	0	0	0	0	0	0	0	0	0	0	0	0	0
Prevotella multiformis|PF04563.18	0	0	0	0	0	0	0	0	0	0	2	0	0	0	0	0	0	0	0	0	0	0	0	0	0	0	0	0	0	1	0	0	0	0	0	0	0	0	0	0	0	0
Prevotella pectinovora|PF04563.18	0	0	0	0	2	0	0	0	0	0	0	0	0	0	0	0	0	0	0	0	0	0	0	0	0	1	0	0	0	1	0	0	0	0	0	0	0	0	0	0	0	0
Prevotella sp004555245|PF04563.18	0	0	0	0	0	0	0	0	0	0	0	0	0	0	0	0	0	0	0	0	0	0	0	0	0	0	2	0	0	0	0	0	0	0	0	0	0	0	0	0	0	0
Prevotella sp900314915|PF04563.18	0	0	0	0	4	0	0	0	0	0	0	0	0	0	0	0	0	0	0	0	0	0	0	0	0	0	0	0	0	0	0	0	0	0	0	0	0	0	0	0	0	0
Prevotella sp900317685|PF04563.18	0	0	0	0	0	0	0	0	0	0	0	0	0	0	0	0	0	0	0	0	0	0	0	0	0	0	0	0	0	0	0	0	0	0	0	0	0	0	0	0	0	2
Prevotella sp902776665|PF04563.18	0	0	0	0	0	0	0	0	0	0	0	0	0	0	0	0	0	0	0	0	0	0	0	0	0	0	0	0	0	0	0	0	0	0	0	0	0	0	0	0	1	0
Priestia megaterium|PF04563.18	0	0	0	0	0	0	0	0	0	0	0	0	0	0	0	0	0	0	0	0	0	0	0	0	0	0	0	0	0	2	0	0	0	0	0	0	0	0	0	0	0	0
Prochlorococcus sp003215555|PF04563.18	0	0	0	0	0	0	0	0	0	0	0	0	0	0	0	0	0	0	0	0	0	0	0	0	0	0	0	0	0	0	0	2	0	0	0	0	0	0	0	0	0	0
Proteiniphilum acetatigenes|PF04563.18	0	0	0	0	0	0	0	0	0	0	0	0	0	0	0	0	0	0	0	0	0	0	0	0	0	0	0	0	0	2	0	0	0	0	0	0	0	0	0	0	0	0
Proteiniphilum sp012837345|PF04563.18	0	0	0	0	0	0	0	0	0	0	0	0	0	0	0	0	0	0	0	0	0	0	0	0	0	0	0	0	0	2	0	0	0	0	0	0	0	0	0	0	0	0
Pseudoalteromonas ruthenica|PF04563.18	0	0	0	0	0	0	0	0	0	0	0	0	0	0	0	0	0	0	0	0	0	0	0	0	0	0	0	0	0	2	0	0	0	0	0	0	0	0	0	0	0	0
Pseudoalteromonas undina|PF04563.18	0	0	0	0	0	0	0	0	0	0	0	0	0	0	0	0	0	0	0	0	0	0	0	0	0	2	0	0	0	0	0	0	0	0	0	0	0	0	0	0	0	0
Pseudobutyricicoccus sp003477405|PF04563.18	0	0	0	0	0	0	2	2	0	0	0	0	2	0	6	2	2	2	2	0	2	0	2	2	0	4	0	1	6	2	0	4	0	2	0	0	0	3	1	1	2	0
Pseudobutyrivibrio ruminis_A|PF04563.18	0	0	0	0	0	0	0	0	0	0	0	0	0	0	0	0	0	0	0	0	0	0	2	0	0	0	0	0	0	0	0	0	0	0	0	0	0	0	0	0	0	0
Pseudodesulfovibrio piezophilus|PF04563.18	0	0	0	0	0	0	0	0	0	0	0	0	0	0	0	0	0	0	0	0	0	0	0	0	0	0	0	0	0	0	0	0	0	0	0	0	0	0	0	0	2	0
Pseudoduganella sp001191005|PF04563.18	0	0	0	0	0	0	0	0	0	0	0	0	0	0	0	0	0	0	0	0	0	0	0	0	0	0	0	0	0	0	0	0	0	0	0	0	2	0	0	0	0	0
Pseudoflavonifractor capillosus|PF04563.18	1	2	16	0	4	4	2	0	2	2	4	6	2	4	0	6	10	0	0	5	6	2	2	0	0	3	3	9	3	2	4	8	3	4	2	4	0	2	7	2	5	7
Pseudomonas_C caeni|PF04563.18	0	0	0	0	0	0	0	0	0	0	0	0	0	0	0	0	0	0	0	0	0	0	0	0	0	0	0	0	0	0	0	0	0	6	0	4	0	0	0	0	0	0
Pseudomonas_D pelagia|PF04563.18	0	0	0	0	0	0	0	0	0	0	0	0	0	0	0	0	0	0	0	0	0	0	0	0	0	0	0	0	4	0	0	0	0	0	0	0	0	0	0	0	0	0
Pseudorhodoferax sp001422405|PF04563.18	0	0	0	0	0	0	0	0	0	0	0	0	0	0	2	0	0	0	0	0	0	0	0	0	0	0	0	0	0	0	0	0	0	0	0	0	0	0	0	0	0	0
Pseudothermotoga_A caldifontis|PF04563.18	0	0	0	0	0	0	0	0	0	0	0	0	0	0	0	0	0	0	0	0	0	0	0	0	0	0	0	0	0	0	0	2	0	0	0	0	0	0	0	0	0	0
Pusillimonas noertemannii|PF04563.18	0	0	0	0	0	0	0	0	0	0	0	0	0	0	0	0	0	0	0	0	0	0	0	0	0	0	0	0	0	0	0	0	2	0	0	0	0	0	0	0	0	0
Pygmaiobacter massiliensis|PF04563.18	0	0	0	0	0	0	0	0	2	0	0	0	0	0	0	0	0	0	0	0	0	0	0	2	0	0	0	0	0	0	0	0	0	0	0	0	0	0	0	0	0	0
Pyrococcus kukulkanii|PF04563.18	0	0	0	0	0	0	0	0	0	0	0	0	0	0	0	0	0	0	0	0	0	0	0	0	0	0	0	1	0	0	0	0	0	0	0	0	0	0	0	0	0	0
QAKW01 sp003343605|PF04563.18	0	0	0	0	0	0	0	0	0	0	0	0	0	0	0	0	4	0	0	0	1	0	0	0	0	0	0	0	0	0	0	0	0	0	0	0	0	0	0	0	0	0
QALR01 sp900552255|PF04563.18	0	0	0	0	0	2	0	0	0	0	0	0	0	0	0	0	0	0	0	0	0	0	0	0	0	0	0	0	0	0	0	0	0	0	0	0	0	0	0	0	0	0
QAMM01 sp900552945|PF04563.18	0	0	0	0	0	0	0	0	0	0	0	0	0	0	0	0	0	0	0	0	0	0	0	0	0	0	0	0	0	0	0	0	0	0	0	0	0	1	0	0	1	0
QGNO01 sp003228195|PF04563.18	0	0	0	0	0	0	0	0	0	0	0	0	2	0	0	0	0	0	0	0	0	0	0	0	0	2	0	0	0	0	0	0	0	0	0	0	0	0	0	0	0	0
QHVH01 sp003222245|PF04563.18	0	0	0	0	0	0	0	0	0	0	0	0	0	0	0	0	0	0	0	0	0	0	0	0	0	0	0	0	0	0	0	0	0	0	0	0	0	1	0	0	0	0
QNEE01 sp003645085|PF04563.18	0	0	0	0	0	0	0	0	0	0	0	0	0	0	0	0	0	0	0	0	0	0	0	0	0	0	0	0	2	0	0	0	0	0	0	0	0	0	0	0	0	0
QWKK01 sp009911695|PF02275.21	0	0	0	0	0	0	0	0	0	0	0	0	0	0	0	0	0	0	0	0	2	0	0	0	0	4	0	2	0	0	0	0	0	0	0	0	0	0	0	0	0	0
QWKK01 sp009911695|PF04563.18	0	0	2	0	0	0	0	0	0	0	0	0	0	0	0	0	0	0	0	0	2	0	0	0	0	2	0	4	0	0	0	0	0	0	0	0	0	0	0	0	0	0
R196 sp004764705|PF04563.18	0	0	0	0	0	1	0	0	4	0	0	0	0	0	3	0	3	0	2	1	0	1	0	1	0	0	0	0	0	0	0	0	0	0	0	0	0	0	2	0	0	0
R501 sp902809825|PF04563.18	0	0	7	0	0	0	0	0	0	0	0	0	0	0	2	0	1	0	0	0	0	0	0	0	0	0	0	0	0	0	0	0	0	0	0	0	0	0	0	0	0	0
RBG-13-46-9 sp001804045|PF04563.18	0	0	0	0	0	0	0	0	0	0	0	0	0	0	0	0	0	0	0	0	0	0	0	0	0	0	0	0	0	0	2	0	0	0	0	0	0	0	0	0	0	0
RBG-16-48-13 sp001775995|PF04563.18	0	0	0	0	0	0	0	0	0	0	0	0	0	0	0	0	2	0	0	0	0	0	0	0	0	0	0	0	0	0	0	0	6	0	0	0	0	0	0	0	0	0
RBG-16-71-46 sp001780165|PF04563.18	0	0	0	0	0	0	2	0	0	0	0	0	0	0	0	0	0	0	0	0	0	0	0	0	0	0	0	0	0	0	0	0	0	0	0	0	0	0	0	0	0	0
RCIO01 sp004000235|PF04563.18	3	0	0	0	0	0	0	0	0	0	0	0	0	0	0	0	0	0	0	0	0	0	0	0	0	0	0	0	0	0	0	0	0	0	0	0	0	0	0	0	0	0
RUG099 sp001513255|PF04563.18	0	0	0	0	0	0	0	0	0	0	0	0	0	0	0	0	0	0	0	0	0	0	0	0	0	0	0	0	0	0	0	0	4	0	0	0	0	0	0	0	0	0
RUG115 sp900066395|PF04563.18	0	0	0	0	0	0	0	1	2	0	0	0	2	0	0	0	0	0	0	0	0	0	0	4	0	1	0	0	0	0	0	0	0	0	0	0	0	0	0	0	0	0
RUG11894 sp902773665|PF04563.18	0	0	0	0	0	0	0	0	0	0	0	0	0	0	0	2	0	0	0	0	0	0	0	0	0	0	0	0	0	0	0	0	0	0	0	0	0	0	0	0	0	0
RUG13038 sp902789425|PF04563.18	0	0	0	0	0	0	0	0	0	0	0	0	0	0	0	0	0	0	0	0	0	0	0	0	0	0	0	0	0	0	0	0	0	0	0	0	0	3	0	0	2	0
RUG13160 sp902786275|PF04563.18	0	0	0	0	0	0	2	0	2	5	0	0	0	0	0	0	0	0	0	0	0	4	0	0	4	1	0	0	3	0	0	0	4	0	3	0	1	0	13	10	4	0
RUG13615 sp902790905|PF04563.18	0	0	0	0	4	0	0	0	2	0	0	0	0	0	0	0	0	0	0	0	0	0	0	0	0	0	0	0	0	0	0	0	0	0	0	0	0	0	0	0	0	0
RUG472 sp902765005|PF04563.18	0	0	0	0	0	0	0	2	0	2	0	0	2	0	0	0	0	0	0	0	0	0	0	0	0	2	0	0	0	0	0	0	0	0	0	0	0	0	0	0	0	0
RUG521 sp900319675|PF04563.18	0	0	0	0	0	0	0	0	0	0	0	0	0	0	0	0	0	0	0	0	0	0	0	0	0	0	0	0	0	0	0	0	0	0	0	0	0	0	0	0	2	0
Rhizomicrobium palustre|PF04563.18	0	0	0	0	0	0	0	0	0	0	0	2	0	0	0	0	0	0	0	0	0	0	0	0	0	0	0	0	0	0	0	0	0	0	0	0	0	0	0	0	0	0
Rhodoferax sp003415675|PF04563.18	0	0	0	0	0	0	0	0	0	0	0	0	0	0	0	0	1	0	0	0	0	0	0	0	0	0	0	0	0	0	0	0	0	0	0	0	0	0	0	0	0	0
Rhodoligotrophos sp005281615|PF04563.18	0	0	0	0	0	0	0	0	0	0	0	0	0	0	0	0	0	0	0	0	0	0	0	0	0	0	0	0	0	0	0	2	0	0	0	0	0	0	0	0	0	0
Rhodospirillum rubrum|PF04563.18	0	0	0	0	0	0	0	0	0	0	0	0	0	0	0	0	0	0	0	0	0	0	0	0	0	0	0	0	0	0	0	0	2	0	2	6	0	0	0	0	0	0
Rhodovibrio salinarum|PF04563.18	0	0	0	0	0	0	0	0	0	0	0	0	0	0	0	0	0	0	0	0	0	0	0	0	0	0	0	0	0	0	0	0	0	0	0	2	0	0	0	0	0	0
Rikenella microfusus|PF04563.18	2	2	8	0	2	2	0	5	0	1	1	0	0	0	2	2	0	0	4	2	21	0	0	0	0	0	1	2	0	3	0	1	4	0	0	0	0	0	0	0	11	0
Robiginitomaculum_B sp002733735|PF04563.18	0	0	0	0	0	0	0	0	0	0	0	0	0	0	0	2	0	0	0	0	0	0	0	0	0	0	0	0	0	0	0	0	0	0	0	0	0	0	0	0	0	0
Robinsoniella peoriensis|PF04563.18	0	0	0	2	0	0	0	0	0	0	0	0	0	0	0	1	0	0	0	0	0	0	2	0	0	1	1	1	0	0	8	1	2	0	3	0	0	1	2	2	0	2
Romboutsia_B maritimum|PF04563.18	0	0	0	0	4	0	0	0	0	2	0	0	0	0	0	0	0	1	0	0	0	1	0	0	0	0	0	0	0	0	0	0	0	0	0	0	0	0	0	0	0	0
Romboutsia_D lituseburensis|PF04563.18	0	0	0	0	1	1	0	2	0	2	0	0	0	0	0	0	0	0	4	8	0	2	0	0	0	0	0	0	0	0	0	0	0	0	0	0	0	2	0	0	0	0
Romboutsia_D sp000686145|PF04563.18	0	0	0	0	2	0	1	0	0	8	2	4	0	2	0	2	0	2	4	5	0	4	0	0	0	0	0	0	0	0	0	0	0	0	0	0	0	0	0	0	0	0
Roseburia hominis|PF04563.18	4	1	2	15	7	14	13	2	5	7	25	10	3	0	7	5	2	6	10	6	21	6	3	5	0	1	0	3	1	1	0	0	0	4	3	3	8	0	2	3	1	2
Roseburia intestinalis|PF04563.18	2	3	0	5	1	5	2	1	4	2	0	3	2	1	2	0	0	4	0	1	0	0	0	2	0	0	0	0	0	0	0	0	0	0	0	2	0	0	0	0	0	2
Roseburia inulinivorans|PF04563.18	0	0	0	0	0	0	0	0	0	0	0	0	0	0	0	0	2	0	0	0	0	0	0	1	0	0	2	0	0	0	0	0	0	0	1	0	2	0	0	0	0	0
Roseburia sp001940165|PF04563.18	0	0	0	0	0	1	0	1	2	0	0	0	0	1	0	2	0	2	0	0	0	0	0	2	9	0	1	0	0	0	0	0	0	0	2	2	7	0	0	0	0	2
Roseivivax isoporae|PF04563.18	0	0	0	0	0	0	0	0	0	0	0	0	0	0	0	0	0	0	2	0	0	0	0	0	0	0	0	0	0	0	0	0	0	0	0	0	0	0	0	0	0	0
Rubellimicrobium thermophilum|PF04563.18	0	0	0	0	0	0	0	0	0	0	0	0	0	0	0	0	0	0	0	0	0	0	0	0	0	0	0	0	0	0	0	0	0	0	0	0	0	0	2	0	0	0
Rubritalea squalenifaciens|PF04563.18	0	0	0	0	0	0	0	0	0	0	0	0	0	0	0	0	0	0	0	0	0	0	0	0	0	0	0	0	2	0	0	0	0	0	0	0	0	0	0	0	0	0
Ruminiclostridium sufflavum|PF04563.18	0	0	0	0	0	0	0	0	0	0	0	0	0	0	0	0	0	0	0	0	0	0	0	0	0	0	0	0	0	0	0	2	0	0	0	0	0	0	0	0	0	0
Ruminiclostridium termitidis|PF04563.18	0	0	2	0	0	0	0	0	0	0	0	0	0	0	0	0	0	0	0	0	0	0	0	0	0	0	0	0	0	0	0	0	0	0	0	0	0	0	0	0	0	0
Ruminococcus flavefaciens_B|PF04563.18	0	0	0	0	0	0	0	0	0	0	0	0	0	0	0	0	0	0	0	0	0	0	0	0	0	0	0	0	0	0	0	0	0	0	0	0	0	2	0	0	0	0
Ruminococcus sp002438605|PF04563.18	0	0	0	0	0	0	0	0	0	0	0	0	0	0	0	0	0	0	2	0	0	0	0	0	0	0	0	0	2	0	0	0	0	0	0	0	6	0	0	0	0	0
Ruminococcus_B gnavus|PF04563.18	0	0	0	4	2	7	1	0	1	0	6	2	8	6	6	0	0	0	2	0	2	0	5	3	0	3	0	0	4	0	0	2	0	1	1	0	0	0	0	2	0	0
Ruminococcus_C sp000433635|PF04563.18	0	0	0	2	0	0	2	0	0	0	0	0	0	0	0	2	0	0	0	0	0	0	0	0	0	0	0	2	0	0	0	0	0	0	0	0	0	0	0	0	0	0
Ruminococcus_D albus|PF04563.18	0	0	0	0	0	0	0	0	0	0	2	0	0	0	0	0	0	0	0	0	0	0	0	0	0	0	0	0	0	0	0	0	0	0	0	0	0	0	0	0	0	0
Ruminococcus_D sp000434695|PF04563.18	0	0	0	0	0	0	0	0	0	0	0	0	0	0	0	0	0	0	0	0	0	0	0	0	0	0	0	0	2	0	0	0	0	0	0	0	0	0	2	0	2	0
Ruminococcus_D sp000621805|PF04563.18	0	0	0	0	0	0	0	0	0	0	0	0	0	0	0	0	0	0	0	0	0	0	0	0	0	0	0	0	0	0	0	0	0	0	0	0	2	0	0	0	0	0
Ruminococcus_E bromii_B|PF04563.18	0	0	0	0	0	0	0	0	0	0	0	0	0	0	0	0	0	0	0	0	2	0	0	0	0	0	0	0	0	0	0	0	0	0	0	0	0	0	1	0	0	0
Ruminococcus_E sp900100595|PF04563.18	0	0	0	0	0	0	0	0	0	0	0	0	0	0	2	0	0	0	0	0	0	0	0	0	0	0	0	0	0	0	1	0	0	0	0	0	0	0	0	0	0	0
Ruminococcus_F champanellensis|PF04563.18	4	3	2	0	0	2	5	4	3	5	0	0	2	5	2	4	0	3	5	4	0	3	7	0	4	1	0	0	0	0	0	0	0	0	0	0	0	0	0	0	0	0
Ruminococcus_G gauvreauii|PF04563.18	0	6	0	0	0	2	1	1	2	0	0	2	4	1	0	2	3	0	2	0	4	0	5	0	0	0	0	1	0	0	0	0	0	0	10	0	2	4	0	0	0	0
Ruthenibacterium lactatiformans|PF04563.18	0	0	0	0	2	0	2	0	0	0	0	2	0	0	0	0	0	0	0	0	0	0	0	0	0	0	0	0	0	0	0	0	1	0	0	0	0	0	0	0	0	0
Ruthenibacterium merdipullorum|PF04563.18	0	1	0	0	4	4	2	6	0	2	3	0	0	2	0	2	2	0	0	0	0	0	0	0	0	2	0	0	0	0	0	2	0	0	0	0	0	0	0	0	0	0
S0819 sp009295635|PF04563.18	0	0	0	0	0	0	0	0	2	0	0	0	0	0	0	0	0	0	0	0	0	0	0	0	0	0	0	0	0	0	0	0	0	0	0	0	0	0	0	0	0	1
S20-B6 sp002346745|PF04563.18	0	0	0	0	0	0	0	0	0	0	0	0	0	0	0	0	2	0	0	0	0	0	0	0	0	0	0	0	0	0	0	0	0	0	0	0	0	0	0	0	0	0
SHUM01 sp009691245|PF04563.18	0	0	0	0	0	0	0	0	0	0	0	0	0	0	0	0	0	0	0	0	0	0	0	0	0	0	0	0	0	0	0	0	0	0	4	0	0	0	0	0	0	0
SHVA01 sp009691195|PF04563.18	0	0	0	0	0	0	0	0	0	0	0	0	0	0	0	0	0	0	0	0	0	0	0	0	0	0	0	0	2	0	0	0	0	0	0	0	0	0	0	0	0	0
SR-FBR-E99 sp002403305|PF04563.18	0	0	0	0	0	0	0	0	0	0	0	0	0	0	0	0	0	0	0	0	0	0	0	0	0	0	0	0	0	0	0	2	0	0	0	0	0	0	0	0	0	0
SURF-21 sp003598015|PF04563.18	0	0	0	0	0	0	0	0	0	0	0	0	0	0	0	0	0	2	0	0	0	0	0	0	0	0	0	0	0	0	0	0	0	0	0	0	0	0	0	0	0	0
SZUA-533 sp003250375|PF04563.18	0	0	0	0	0	0	0	0	0	0	0	0	0	0	0	0	0	0	0	0	0	0	0	0	0	0	0	0	0	0	0	0	2	0	0	0	0	0	0	0	0	0
Saccharopolyspora spinosa|PF04563.18	0	0	0	0	0	0	0	0	0	0	0	0	0	0	0	0	0	0	0	0	0	0	0	0	0	0	0	0	0	0	0	0	0	0	0	0	0	0	0	0	2	0
Salibacterium halotolerans|PF04563.18	0	0	0	0	0	0	0	0	0	0	0	0	0	0	0	0	0	0	0	0	0	0	0	0	0	0	0	0	0	0	1	0	0	0	67	14	0	2	0	0	0	0
Salibacterium qingdaonense|PF04563.18	0	0	0	0	0	0	0	2	0	0	0	0	0	0	0	0	0	0	0	0	0	0	0	0	0	0	0	0	0	0	0	0	0	0	0	0	0	0	0	0	0	0
Salinimicrobium terrae|PF04563.18	0	0	0	0	0	0	0	0	0	0	0	0	0	0	0	0	2	0	0	0	0	0	0	0	0	0	0	0	0	0	0	0	0	0	0	0	0	0	0	0	0	0
Salipiger aestuarii|PF04563.18	0	0	0	0	0	0	0	0	0	0	0	0	0	0	0	0	0	0	0	0	0	0	0	0	0	0	0	0	0	0	0	0	0	0	0	0	0	0	2	0	0	0
Salmonella enterica|PF04563.18	6	0	0	2	2	0	0	0	0	2	0	17	2	0	2	0	0	4	12	4	8	4	2	0	0	2	0	0	0	0	0	0	0	0	0	0	0	0	0	0	0	0
Salsuginibacillus halophilus|PF04563.18	0	0	0	0	0	0	0	0	0	0	0	0	1	0	0	0	0	0	0	0	0	0	5	0	0	0	0	0	0	0	0	0	0	0	0	0	0	0	0	0	0	0
Scatomonas sp003481995|PF04563.18	0	0	0	0	0	0	0	2	0	3	0	0	0	0	0	0	0	0	1	0	0	0	0	2	0	0	0	0	0	0	0	0	0	0	0	0	0	0	0	0	0	0
Schaedlerella glycyrrhizinilytica_A|PF04563.18	2	2	0	1	11	8	8	7	13	9	4	2	7	6	8	9	5	3	7	6	13	10	6	8	0	2	1	3	4	0	0	0	1	0	0	0	0	0	0	1	0	0
Schaedlerella sp000403295|PF04563.18	161	100	24	154	63	162	356	243	257	218	110	66	170	139	83	228	55	131	38	77	172	120	132	239	25	29	7	87	2	6	26	6	13	60	246	163	208	16	101	123	16	246
Schaedlerella sp900066545|PF04563.18	0	0	0	0	0	0	0	0	0	0	0	0	0	0	0	0	0	0	0	0	0	0	0	0	0	0	0	0	0	0	3	0	0	0	8	0	0	1	0	2	0	0
Scybalousia sp900543675|PF04563.18	0	0	0	0	0	0	0	0	0	0	0	0	0	0	0	0	0	0	0	0	0	0	0	0	0	0	0	0	2	0	0	0	0	11	0	2	1	1	4	0	3	0
Secundilactobacillus odoratitofui|PF04563.18	0	0	0	2	0	0	0	2	0	0	0	0	0	0	0	0	0	0	0	0	0	0	0	0	0	0	0	2	0	0	0	0	0	0	0	0	0	0	0	0	0	0
Sedimenticola selenatireducens|PF04563.18	0	0	0	0	0	0	0	0	1	0	0	0	0	0	0	0	0	0	0	0	0	0	0	0	0	0	0	0	0	0	0	0	0	0	0	0	0	0	0	0	0	0
Selenomonas sputigena|PF04563.18	0	0	0	0	0	0	0	0	0	2	0	0	0	0	0	0	0	0	0	0	0	0	0	0	0	0	0	0	0	0	0	0	0	0	0	0	0	0	0	0	0	0
Selenomonas_A ruminantium_G|PF04563.18	1	0	0	4	0	0	6	10	1	3	0	0	2	0	18	18	10	7	25	21	19	10	0	4	0	0	0	1	0	0	0	2	2	0	0	0	0	0	0	0	1	0
Selenomonas_A sp000702005|PF04563.18	0	0	0	0	0	0	0	0	0	0	0	0	0	0	0	2	0	0	0	2	0	0	0	0	0	0	0	0	0	0	0	0	0	0	0	0	0	0	0	0	0	0
Selenomonas_B ruminantium_A|PF04563.18	8	2	8	2	4	0	8	0	2	8	12	8	0	0	2	4	4	10	6	0	15	6	0	0	0	0	0	0	0	0	0	0	0	0	0	0	0	0	0	0	0	0
Selenomonas_C bovis|PF04563.18	0	0	0	0	0	0	0	0	0	2	0	0	0	0	0	0	0	0	0	0	0	0	0	0	0	0	0	0	0	0	0	0	0	0	0	0	0	0	0	0	0	0
Sellimonas intestinalis|PF04563.18	2	1	2	4	0	2	2	6	6	0	0	4	4	4	0	4	1	5	0	4	6	2	2	2	5	0	1	0	0	0	4	0	0	2	8	3	3	0	0	6	1	2
Serratia_B rubidaea|PF04563.18	0	0	0	0	0	0	0	0	0	0	0	0	0	0	0	0	0	2	0	0	0	0	0	0	0	0	0	0	0	0	0	0	0	0	0	0	0	0	0	0	0	0
Shewanella japonica|PF04563.18	0	0	0	0	0	0	0	0	0	0	0	0	0	0	0	0	0	0	0	0	0	0	0	0	0	0	0	0	0	0	0	0	0	0	1	0	0	0	0	0	0	0
Shuttleworthia satelles|PF04563.18	0	0	2	0	0	0	4	0	0	0	0	2	0	0	0	0	4	0	2	0	0	0	0	0	0	0	0	0	0	0	0	0	0	0	0	0	0	0	0	0	0	0
Sodaliphilus pleomorphus|PF04563.18	0	0	0	0	0	0	0	0	0	0	0	0	0	0	0	0	0	0	0	0	0	0	0	0	0	1	1	0	0	0	0	0	0	0	1	2	0	0	0	0	0	0
Soleaferrea massiliensis|PF04563.18	0	0	0	0	0	0	0	0	0	2	0	0	0	0	2	0	0	0	1	0	0	0	2	0	0	0	1	0	0	0	0	0	0	0	0	0	0	0	0	0	0	0
SpSt-190 sp011055945|PF04563.18	0	0	0	0	0	0	0	0	0	0	0	0	4	0	0	0	0	0	0	0	0	0	0	0	0	0	0	0	0	0	0	0	0	0	2	0	0	0	0	0	0	2
Sporobacter termitidis|PF04563.18	0	0	0	0	0	0	0	0	0	0	0	0	0	0	0	2	0	1	0	0	0	0	0	0	0	0	0	0	0	0	0	0	0	0	0	0	0	0	0	0	0	0
Sporofaciens sp000403455|PF04563.18	427	184	217	265	572	475	452	509	351	291	513	449	252	194	423	666	283	351	337	177	754	184	130	190	97	52	11	36	11	2	44	7	29	74	61	43	18	1	4	13	18	19
Sporosarcina ureilytica|PF04563.18	0	0	0	0	0	0	0	0	0	0	0	0	0	0	0	0	0	0	0	0	0	0	0	0	0	0	0	1	0	0	0	0	0	0	0	0	0	0	0	0	0	0
Staphylococcus argenteus|PF04563.18	0	0	0	0	0	0	0	0	0	0	0	0	0	0	0	0	0	0	0	0	0	0	0	0	0	0	0	0	0	0	0	0	0	0	0	0	0	0	0	4	0	0
Staphylococcus aureus|PF04563.18	0	0	0	0	0	0	0	0	0	0	0	2	0	0	0	0	0	0	0	0	0	0	0	0	0	0	0	0	0	0	0	0	0	0	0	0	0	0	0	0	0	0
Staphylococcus capitis|PF04563.18	0	0	2	0	0	0	0	0	0	0	2	4	0	0	0	0	0	0	0	0	0	0	0	0	0	0	0	0	0	0	0	0	0	0	0	0	0	0	0	0	0	0
Staphylococcus condimenti|PF04563.18	0	0	0	0	0	0	0	0	0	0	6	0	0	0	0	0	0	0	0	0	0	0	0	0	0	0	0	0	0	0	0	0	0	0	0	0	0	0	0	0	0	0
Staphylococcus epidermidis|PF04563.18	0	0	0	0	0	0	0	2	0	0	2	0	0	0	0	0	0	0	0	0	0	0	0	0	0	0	0	0	0	0	0	0	0	0	0	0	0	0	0	0	0	0
Staphylococcus equorum|PF04563.18	0	0	0	0	0	0	0	0	0	0	20	11	0	0	0	0	0	0	0	2	0	0	0	0	0	0	0	0	0	0	0	0	0	0	0	0	0	0	0	0	0	0
Staphylococcus gallinarum|PF04563.18	0	0	0	0	0	0	0	0	0	0	2	10	0	0	0	0	0	0	4	6	0	0	0	0	0	0	0	0	0	0	0	0	0	0	0	0	0	0	0	2	0	0
Staphylococcus hominis|PF04563.18	0	0	0	0	0	0	0	0	0	2	2	0	0	0	0	0	0	0	0	0	0	0	0	0	0	0	0	0	0	0	0	0	0	0	0	0	0	0	0	0	0	0
Staphylococcus lloydii|PF04563.18	0	0	0	0	0	0	0	0	0	0	4	2	0	0	0	0	0	0	0	0	0	0	0	0	0	0	0	0	0	0	0	0	0	0	0	0	0	0	0	0	0	0
Staphylococcus lugdunensis|PF04563.18	0	0	0	0	0	0	0	0	0	0	0	0	0	0	0	0	0	0	0	0	0	0	0	0	0	0	0	0	0	0	0	0	0	0	0	0	0	0	2	0	0	0
Staphylococcus saprophyticus|PF04563.18	0	0	8	0	0	0	0	0	0	0	16	9	0	0	0	0	0	0	0	0	0	0	0	0	0	0	0	2	0	0	0	0	0	0	0	0	0	0	0	0	0	0
Staphylococcus simulans|PF04563.18	0	0	0	0	0	0	0	0	0	0	6	0	0	0	0	0	0	0	0	0	0	0	0	0	0	0	0	0	0	0	0	0	0	0	0	0	0	0	0	0	0	0
Staphylococcus succinus|PF04563.18	2	0	0	0	0	0	0	0	0	0	12	2	0	0	0	0	0	0	0	0	0	0	0	0	0	0	0	0	0	0	0	0	0	0	0	2	0	0	0	2	0	0
Staphylococcus ureilyticus|PF04563.18	2	0	0	0	0	0	0	0	0	0	94	41	0	0	0	0	0	0	0	2	0	0	0	0	0	0	0	0	0	0	4	0	0	0	2	0	4	0	0	2	2	0
Staphylococcus xylosus|PF02275.21	0	0	0	0	0	0	0	0	0	0	0	0	0	0	0	0	0	0	6	0	0	0	0	0	0	0	0	1	0	0	0	0	0	0	0	0	0	0	0	0	0	0
Staphylococcus xylosus|PF04563.18	4	2	0	0	0	0	0	4	2	0	24	5	0	0	0	0	0	0	30	12	8	6	4	4	0	0	0	22	0	0	0	0	0	2	2	0	28	0	0	0	0	0
Staphylospora marina|PF04563.18	0	0	0	0	0	0	0	0	0	0	0	0	0	0	0	0	0	0	0	0	0	0	2	0	0	0	0	0	0	0	0	0	0	0	0	0	0	0	0	0	0	0
Stella vacuolata|PF04563.18	0	0	0	0	0	0	0	0	0	0	0	2	2	0	0	0	0	0	0	0	0	0	0	0	0	0	0	0	0	0	0	0	0	0	0	0	0	0	0	0	0	0
Stomatobaculum longum|PF04563.18	0	3	0	0	0	0	0	1	0	2	0	0	0	0	1	0	0	0	0	0	0	0	0	1	0	0	0	0	0	0	0	0	0	0	0	0	1	0	2	0	0	0
Stomatobaculum naviforme|PF04563.18	0	0	0	1	0	0	0	0	0	0	0	0	0	0	0	0	0	0	0	0	0	0	2	0	1	0	1	0	0	1	2	0	1	0	2	0	0	0	0	0	0	0
Stoquefichus sp001244545|PF04563.18	0	0	0	0	0	0	0	0	1	0	0	0	0	0	0	0	0	0	1	0	4	2	0	0	0	0	0	0	0	0	2	0	0	0	0	0	0	0	0	0	4	0
Streptobacillus hongkongensis|PF04563.18	0	0	0	0	0	0	0	0	0	0	0	0	0	0	0	0	0	0	0	0	0	0	0	0	0	0	0	0	0	1	0	1	0	0	0	0	2	0	0	0	0	0
Streptococcus mitis_AR|PF04563.18	0	0	0	0	0	0	0	0	0	0	0	2	0	0	0	0	0	0	0	0	0	0	0	0	0	0	0	0	0	0	0	0	0	0	0	0	0	0	0	0	0	0
Streptococcus oralis_E|PF04563.18	0	0	0	0	0	0	0	0	0	0	0	0	0	0	0	2	0	0	0	0	0	0	0	0	0	0	0	0	0	0	0	0	0	0	0	0	0	0	0	0	0	0
Streptococcus thermophilus|PF04563.18	2	0	16	0	4	0	0	0	0	2	0	0	0	0	0	0	4	0	0	0	2	0	0	0	0	0	0	0	0	0	2	0	0	0	0	0	0	0	0	0	0	0
Succiniclasticum ruminis|PF04563.18	0	0	4	0	0	0	0	0	0	0	0	0	0	0	0	0	0	0	0	0	0	0	0	0	0	2	0	0	0	0	0	0	0	0	0	0	0	1	0	0	0	0
Succiniclasticum sp900315805|PF04563.18	0	0	0	1	0	0	0	0	0	0	0	0	0	0	0	0	0	0	0	0	0	0	0	0	0	0	0	0	0	0	0	0	0	0	0	0	1	0	0	0	0	0
Succiniclasticum sp900315925|PF04563.18	0	0	0	0	0	0	0	0	0	0	0	0	0	0	0	0	0	0	0	0	0	0	0	2	0	0	0	0	0	0	0	0	0	0	5	0	0	0	0	0	0	0
Suipraeoptans intestinalis|PF04563.18	0	6	8	0	8	0	0	0	0	0	8	2	4	1	3	8	0	0	42	24	66	25	1	4	4	2	1	1	2	4	2	0	0	3	2	8	2	1	2	1	4	11
Sulfuriferula_A nivalis|PF04563.18	0	0	0	0	0	0	0	0	0	0	0	0	0	0	0	0	0	0	0	0	0	0	0	0	0	0	0	0	0	0	0	0	0	0	0	0	0	0	0	0	2	0
Sulfurimonas autotrophica|PF04563.18	0	0	0	0	0	0	0	0	0	0	0	0	0	0	0	0	0	0	0	0	0	0	0	0	0	0	0	0	2	0	0	0	0	0	0	0	0	0	0	0	0	0
Sulfurimonas sp002781365|PF04563.18	0	0	0	0	0	0	0	0	0	0	0	0	0	0	0	0	0	0	0	0	0	0	0	0	0	0	0	0	0	0	0	0	0	0	0	0	0	0	0	0	2	0
Sulfurimonas sp009258225|PF04563.18	0	0	0	0	0	0	0	0	0	0	0	0	0	0	0	0	0	0	0	0	0	0	0	0	0	0	2	0	0	0	0	0	0	0	0	0	0	0	0	0	0	0
Sulfuritalea hydrogenivorans|PF04563.18	0	0	0	0	0	0	0	0	0	0	0	0	0	0	0	0	0	0	0	0	0	0	0	0	0	0	2	0	0	0	0	0	0	0	0	0	0	0	0	0	0	0
Superficieibacter sp001187865|PF04563.18	0	0	0	0	0	0	0	0	0	0	0	0	0	0	0	0	0	0	0	0	0	0	0	0	0	0	0	0	0	0	0	2	0	0	0	0	0	0	0	0	0	0
Symbiobacterium thermophilum|PF04563.18	0	0	0	0	0	0	0	0	0	0	0	0	0	0	0	0	0	0	0	0	0	0	0	0	0	0	1	0	1	0	0	2	0	0	0	0	0	0	0	0	0	0
Symbiothrix dinenymphae|PF04563.18	0	0	0	0	0	0	0	0	0	0	0	0	0	0	0	0	0	0	0	0	0	0	0	0	0	0	0	0	2	0	0	0	0	0	0	0	0	0	0	0	2	0
Syntrophomonas_B zehnderi|PF04563.18	0	0	0	0	0	0	0	0	0	2	0	0	0	0	0	0	0	0	0	0	0	0	0	0	0	0	0	0	0	0	0	0	0	0	0	0	0	0	0	0	0	0
TMED14 sp002167805|PF04563.18	0	0	0	0	0	0	0	0	0	0	0	0	0	0	0	0	0	0	0	0	0	0	0	0	0	0	0	0	0	0	0	2	0	0	0	0	0	0	0	0	0	0
Tahibacter aquaticus|PF04563.18	0	0	0	0	0	0	0	0	0	0	0	0	0	0	0	0	0	0	0	0	0	0	0	0	0	0	0	0	0	0	0	0	0	0	0	0	0	0	0	0	2	0
Tc-Br11-B2g6-7 sp001564055|PF04563.18	0	0	0	0	0	0	0	0	0	0	0	0	0	0	0	0	0	0	0	0	0	0	0	0	0	0	0	0	0	0	0	0	2	0	0	0	0	0	0	0	0	0
Tenacibaculum maritimum|PF04563.18	0	0	0	0	0	0	0	0	0	0	0	0	0	0	0	0	0	0	0	0	0	0	0	0	0	0	0	0	0	0	0	0	0	0	0	0	0	1	0	0	0	0
Tepidanaerobacter acetatoxydans|PF04563.18	0	0	0	0	0	0	2	0	0	0	0	0	0	1	0	0	0	0	0	0	0	0	0	0	0	0	0	0	0	0	0	0	0	0	0	0	0	0	0	0	0	0
Tepidimonas taiwanensis|PF04563.18	0	0	0	0	0	0	0	0	0	0	0	0	0	0	0	0	0	0	0	0	0	0	0	0	0	0	0	0	0	0	0	0	0	0	0	0	0	4	0	0	0	0
Tepidiphilus succinatimandens|PF04563.18	0	0	0	0	0	0	0	0	0	0	0	0	0	0	0	0	0	0	0	2	0	0	0	0	0	0	0	0	0	0	0	0	0	0	0	0	0	0	0	0	0	0
Teredinibacter purpureus|PF04563.18	0	0	0	0	0	0	0	0	0	0	0	0	0	0	0	0	0	0	0	0	0	0	0	0	0	0	2	0	0	0	0	0	0	0	0	0	0	0	0	0	0	0
Thermaerobacter marianensis|PF04563.18	0	2	0	0	0	0	0	0	0	0	0	0	0	0	0	0	0	0	0	0	0	0	0	0	0	0	0	0	0	0	0	0	0	0	0	0	0	0	0	0	0	0
Thermaerobacter subterraneus|PF04563.18	0	0	0	0	0	0	0	2	0	0	0	0	0	0	0	0	0	0	0	0	0	0	0	0	0	0	0	0	0	0	0	0	0	0	0	0	2	2	0	0	0	0
Thermicanus aegyptius|PF04563.18	0	0	0	0	0	0	0	0	0	0	0	0	0	0	0	0	0	0	0	0	0	0	0	0	0	0	0	0	2	0	0	0	0	0	0	0	0	0	0	0	0	0
Thermoclostridium sp001513105|PF04563.18	0	0	0	0	0	0	0	0	0	0	0	0	0	0	0	0	0	0	0	0	0	0	0	2	0	0	0	0	0	0	0	0	0	0	2	0	0	0	0	0	0	0
Thermococcus eurythermalis|PF04563.18	0	0	0	0	0	0	0	0	0	0	0	0	0	0	0	0	0	0	0	0	0	0	0	0	0	2	0	0	0	0	0	0	0	0	0	0	0	0	0	0	0	0
Thermococcus_A sp001317345|PF04563.18	0	0	0	0	0	0	0	0	0	0	0	0	0	0	0	0	0	0	0	0	0	0	0	0	0	0	0	0	0	0	0	2	0	0	0	0	0	0	0	0	0	0
Thermodesulfatator indicus|PF04563.18	0	0	0	0	0	0	0	0	0	0	0	0	0	0	0	0	0	0	0	0	0	0	0	0	0	0	0	0	0	0	0	0	0	0	0	0	0	0	0	0	2	0
Thermosulfurimonas_A marina|PF04563.18	0	0	0	0	0	0	0	0	0	0	0	0	0	0	0	0	0	0	0	0	0	0	0	2	0	0	0	0	0	0	0	0	0	0	0	0	0	0	0	0	0	0
Thermus antranikianii|PF04563.18	0	0	0	0	0	0	0	0	0	0	0	0	0	0	0	0	0	2	0	0	0	0	0	0	0	0	0	0	0	0	0	0	0	0	0	0	0	0	0	0	0	0
Thermus caliditerrae|PF04563.18	0	0	0	0	0	0	0	0	0	0	0	0	0	0	0	0	0	0	0	0	0	0	0	0	0	2	0	0	0	0	0	0	0	0	0	0	0	0	0	0	0	0
Thioalbus denitrificans|PF04563.18	0	0	0	0	0	0	0	0	2	0	0	0	0	0	0	0	0	0	0	0	0	0	0	0	0	0	0	0	0	0	0	0	0	0	0	0	0	0	0	0	0	0
Thiohalorhabdus denitrificans|PF04563.18	0	0	0	0	0	0	0	0	0	0	0	0	0	0	0	0	0	0	0	0	0	0	0	0	0	0	0	0	0	2	0	0	0	0	0	0	0	0	0	0	0	0
Thiohalospira halophila|PF04563.18	0	2	0	1	0	0	0	0	0	0	0	0	0	0	0	2	0	0	0	0	0	0	0	0	0	0	0	0	0	0	0	0	0	0	0	0	0	0	0	0	0	0
Thiolapillus sp003972985|PF04563.18	0	2	0	0	0	0	0	2	0	0	0	0	0	0	0	0	0	0	0	0	0	0	0	0	0	0	0	0	0	0	0	0	0	0	0	0	0	0	0	0	0	0
Thiothrix lacustris|PF04563.18	0	0	0	0	0	0	0	0	0	0	0	0	0	0	0	0	0	0	0	0	0	0	0	0	0	0	0	0	0	0	0	0	0	0	0	1	0	0	0	0	0	0
Tidjanibacter inops_A|PF04563.18	0	1	0	10	0	11	8	0	5	2	4	4	0	5	10	3	0	7	1	2	4	0	1	3	3	12	5	4	12	6	2	12	7	0	0	1	0	0	0	0	11	0
Timonella senegalensis|PF04563.18	0	0	0	0	0	0	0	0	0	0	0	0	0	0	0	0	0	0	0	0	0	0	0	0	0	0	0	0	2	0	0	0	0	0	0	0	0	0	0	0	0	0
Traorella massiliensis|PF02275.21	0	0	0	0	0	0	0	0	0	0	0	0	0	0	0	0	0	0	0	0	0	0	0	0	0	0	0	0	2	0	0	0	0	0	0	0	0	0	0	0	0	0
Treponema_D porcinum|PF04563.18	0	0	0	0	0	0	0	0	0	0	0	0	0	0	0	0	0	0	0	0	0	0	2	0	0	0	0	0	0	0	0	0	0	0	0	0	0	0	0	0	0	0
Turicibacter sanguinis|PF04563.18	0	0	0	0	0	0	0	0	0	0	0	0	0	0	0	0	0	0	0	0	0	0	0	0	1	1	6	0	0	0	4	0	0	0	0	1	2	2	2	2	0	0
Turicibacter sp001543345|PF04563.18	0	0	0	0	0	0	0	0	0	0	0	0	0	0	0	0	0	0	0	0	0	0	0	0	12	3	4	0	1	1	2	0	0	4	1	0	3	0	4	10	0	0
UBA1066 sp900314565|PF04563.18	0	0	0	0	0	0	0	0	0	0	0	0	6	5	0	0	3	0	0	0	0	0	9	3	0	0	1	0	0	0	0	2	0	0	0	0	0	0	0	0	0	0
UBA1067 sp900320855|PF04563.18	0	0	0	0	0	0	0	0	0	0	0	0	0	0	0	0	0	0	0	0	0	0	0	0	0	0	0	0	0	0	0	0	2	0	0	0	0	0	0	0	0	0
UBA10677 sp900543755|PF04563.18	0	0	0	0	0	0	0	0	0	0	0	0	0	0	0	0	0	0	0	0	0	0	0	0	0	2	0	0	0	0	0	2	2	0	6	5	2	2	0	0	0	0
UBA11361 sp005881495|PF04563.18	0	0	0	0	0	0	0	0	0	0	0	0	0	0	0	0	0	0	0	0	0	0	0	0	0	0	0	0	0	0	0	0	0	0	0	0	0	0	0	0	0	2
UBA11524 sp000437595|PF04563.18	0	0	0	0	2	0	0	0	0	0	0	0	0	0	0	0	0	0	0	0	0	0	1	0	0	0	0	0	0	0	0	0	0	0	0	0	0	0	0	0	0	0
UBA1195 sp902774175|PF04563.18	0	0	0	0	0	0	0	0	0	0	0	0	0	0	0	0	0	0	0	0	0	0	0	0	0	2	0	0	0	0	0	0	0	0	0	0	0	0	0	0	0	0
UBA12178 sp003538775|PF04563.18	0	0	0	0	0	0	0	0	0	0	0	0	0	0	0	0	0	0	0	0	0	0	0	0	0	0	0	0	0	0	0	0	0	0	0	0	0	0	0	0	2	0
UBA1248 sp902762505|PF04563.18	0	0	0	0	2	0	0	0	0	0	0	0	0	0	0	0	0	0	0	0	0	0	0	0	0	0	0	0	0	0	0	0	0	0	0	0	0	0	0	0	0	0
UBA12532 sp011048115|PF04563.18	0	0	0	0	0	0	0	0	0	0	0	0	0	0	0	0	0	0	0	0	0	0	0	0	0	0	0	0	0	0	0	0	0	0	0	0	0	0	0	0	1	0
UBA1258 sp900100895|PF04563.18	0	0	0	0	0	0	0	0	0	0	1	0	0	0	0	4	0	0	0	0	0	0	0	0	0	0	0	0	0	0	0	0	0	0	0	0	0	0	0	0	0	0
UBA1259 sp900320065|PF04563.18	0	0	0	0	0	0	0	0	0	0	0	0	0	0	0	0	0	0	0	0	0	0	0	0	0	0	0	0	0	0	0	0	0	0	0	1	1	14	10	1	5	0
UBA1394 sp900066845|PF04563.18	0	0	0	0	0	0	0	0	0	0	0	0	0	0	0	0	0	0	0	0	0	0	0	0	12	0	0	2	6	1	0	0	0	0	0	0	6	2	0	0	2	0
UBA1551 sp001871075|PF04563.18	0	0	0	0	0	0	0	0	0	0	0	0	0	0	0	0	0	0	0	0	0	0	0	0	0	0	0	0	0	2	0	0	0	0	0	0	0	0	0	0	0	0
UBA1711 sp900317125|PF04563.18	0	0	0	0	0	0	0	0	0	0	0	0	0	0	0	0	0	0	0	0	0	0	0	0	2	0	0	0	0	0	0	0	0	0	0	0	0	0	0	0	0	0
UBA1924 sp009827215|PF04563.18	0	0	0	0	0	0	0	0	0	0	0	0	0	0	0	0	0	0	0	0	0	0	0	0	0	0	0	0	0	0	0	0	0	0	0	0	0	0	0	0	0	2
UBA2135 sp002327685|PF04563.18	0	0	0	0	0	0	0	0	0	0	0	0	0	0	0	0	0	0	0	0	0	0	0	0	0	0	0	0	0	0	0	0	2	0	0	0	0	0	0	0	0	0
UBA2466 sp900299195|PF04563.18	0	0	0	0	0	0	0	0	0	0	0	0	0	0	0	0	0	0	0	0	0	0	0	0	0	2	0	0	0	0	0	2	0	0	0	0	0	0	0	0	0	0
UBA3206 sp002363705|PF04563.18	0	0	0	0	0	0	0	0	0	0	0	0	0	0	0	0	0	0	0	0	0	0	0	0	0	0	0	0	0	0	0	0	0	0	0	0	0	0	0	0	2	0
UBA3263 sp001689615|PF04563.18	9	5	1	2	6	2	0	2	0	4	0	2	4	0	0	3	1	1	0	0	0	0	0	0	0	6	5	27	8	7	4	15	2	0	8	6	2	0	0	0	5	0
UBA3282 sp003611805|PF02275.21	0	0	0	0	0	0	0	0	0	0	0	0	0	0	2	0	0	2	0	0	0	0	0	2	0	105	7	5	0	43	6	47	12	36	72	53	0	0	13	22	21	25
UBA3282 sp003611805|PF04563.18	108	21	5	37	1	30	65	67	84	63	1	0	37	52	44	68	44	62	110	66	75	40	43	61	49	1142	236	222	12	472	400	218	257	321	1449	723	218	22	325	340	157	1157
UBA3402 sp003478355|PF04563.18	5	2	0	1	2	5	4	4	5	0	5	0	3	4	2	6	0	0	0	0	1	4	0	4	6	2	1	0	0	1	3	3	2	0	5	2	2	2	1	2	0	4
UBA3569 sp002375895|PF04563.18	0	0	0	2	0	0	0	0	0	0	0	0	0	0	0	0	0	0	0	0	0	0	0	0	0	0	0	0	0	0	0	0	0	0	0	0	0	0	0	0	0	0
UBA3789 sp002369415|PF04563.18	0	0	0	0	0	0	0	0	0	0	0	0	0	0	0	0	0	0	0	0	0	0	0	0	0	0	0	0	1	0	0	0	0	0	0	0	0	0	0	0	0	0
UBA3789 sp902780585|PF04563.18	0	0	0	0	0	0	0	0	0	0	0	0	0	0	0	0	0	0	0	0	0	0	0	0	0	0	0	0	0	0	0	0	0	1	0	0	0	0	0	0	0	0
UBA3947 sp006351925|PF04563.18	4	0	0	2	0	0	0	4	1	2	0	0	0	0	2	2	0	0	2	0	0	0	0	0	0	0	0	0	0	0	0	0	0	0	0	0	0	0	0	2	0	0
UBA4285 sp902775895|PF04563.18	0	0	0	0	0	0	0	0	0	0	0	1	1	0	0	0	0	0	0	0	0	0	1	0	0	0	0	0	0	0	0	0	0	0	0	0	0	0	0	0	0	0
UBA4292 sp902790095|PF04563.18	0	0	0	0	0	0	0	0	0	0	0	0	0	0	0	0	0	0	0	0	0	0	0	0	0	0	0	2	0	0	0	0	0	0	0	0	0	0	0	0	0	0
UBA4421 sp003230835|PF04563.18	0	0	0	0	0	0	0	0	0	0	0	0	0	0	0	0	0	0	0	0	0	0	0	0	0	0	0	0	0	0	0	0	0	0	0	0	0	0	0	0	2	0
UBA4802 sp011332585|PF04563.18	0	0	0	0	0	0	0	0	0	0	0	0	0	0	0	0	0	0	0	0	0	0	0	0	0	2	0	0	0	0	3	0	0	0	2	0	0	0	4	0	0	4
UBA5026 sp900546745|PF04563.18	0	0	0	0	0	0	0	0	0	0	0	0	0	0	0	0	0	0	0	0	0	0	0	0	0	2	0	0	0	0	0	0	0	0	0	0	0	0	0	0	0	0
UBA5348 sp002411005|PF04563.18	0	0	0	0	0	0	0	0	0	0	0	0	0	0	0	0	0	0	0	0	0	0	0	1	0	0	0	0	0	0	0	0	0	0	0	0	0	0	0	0	0	0
UBA5734 sp002419365|PF04563.18	2	0	2	0	0	0	0	0	2	0	0	0	0	0	0	2	2	0	0	0	2	0	0	0	0	0	0	0	0	0	0	0	0	0	0	0	0	0	0	0	0	0
UBA5905 sp002437905|PF04563.18	6	0	0	0	0	0	1	0	0	0	0	1	0	0	0	0	0	0	0	2	0	2	0	0	0	0	0	0	0	0	0	0	0	0	1	0	0	0	0	0	2	0
UBA6100 sp009668945|PF04563.18	0	0	0	0	0	0	0	0	0	0	0	0	0	0	0	0	0	0	0	0	0	0	0	0	0	0	0	1	0	0	0	0	0	0	0	0	0	0	0	0	0	0
UBA6382 sp002439755|PF04563.18	0	0	0	0	0	0	0	0	0	0	0	0	0	0	0	0	2	0	0	0	2	0	0	0	0	0	2	0	4	2	0	0	0	0	0	0	0	0	0	0	0	0
UBA6382 sp900316315|PF04563.18	0	0	0	0	0	0	0	0	0	0	0	0	0	0	0	0	0	0	0	0	0	0	0	0	0	0	0	0	0	1	0	0	0	0	0	0	0	0	0	0	0	0
UBA644 sp002299265|PF04563.18	0	0	0	0	0	0	0	0	0	0	0	0	0	0	0	0	0	0	0	0	0	0	0	0	0	0	0	0	0	0	0	0	0	0	1	2	0	3	0	0	1	0
UBA6448 sp012799635|PF04563.18	0	0	0	0	0	0	0	0	0	0	0	0	0	0	2	0	0	0	0	0	0	0	0	0	0	0	0	0	0	0	0	0	0	0	0	0	0	0	1	0	0	0
UBA6857 sp902792985|PF04563.18	0	0	0	0	0	0	0	0	3	0	0	0	0	0	0	0	0	0	0	0	0	0	0	0	0	0	0	0	0	1	2	0	0	0	0	0	0	0	0	0	0	0
UBA6985 sp900314465|PF04563.18	0	2	0	0	0	0	0	0	0	0	0	0	0	0	0	0	0	0	0	0	0	0	0	0	0	0	1	0	5	0	0	0	1	0	0	0	0	0	0	2	0	0
UBA7050 sp003979345|PF04563.18	16	5	2	13	7	8	20	18	15	12	5	2	4	5	10	10	31	6	28	19	10	11	4	9	0	2	1	0	0	0	0	0	0	0	0	1	3	0	0	4	0	2
UBA7173 sp002491305|PF04563.18	0	0	0	0	0	0	0	0	0	0	0	0	0	0	0	0	0	0	2	0	0	1	0	0	9	54	58	82	52	33	11	46	23	4	17	6	6	20	11	0	9	2
UBA7173 sp004102805|PF04563.18	4	4	0	6	6	0	0	4	0	4	0	0	0	4	0	6	4	2	0	0	0	0	0	0	2	23	36	75	23	35	14	34	17	0	13	12	0	6	5	0	3	0
UBA7477 sp001940995|PF02275.21	0	0	0	0	0	0	0	0	0	0	0	0	0	0	2	0	0	0	0	0	0	0	0	0	0	8	14	1	15	0	0	0	0	0	0	0	0	0	0	0	8	0
UBA7805 sp002168195|PF02275.21	0	0	0	0	0	0	0	0	0	0	0	0	0	0	0	0	0	0	0	0	0	0	0	0	0	0	0	0	2	0	0	0	0	0	0	0	0	0	0	0	0	0
UBA7930 sp003453535|PF04563.18	0	0	0	0	0	0	0	0	0	0	0	0	0	0	0	0	2	0	0	0	0	0	0	0	0	0	0	0	0	0	0	0	0	0	0	0	0	0	0	0	0	0
UBA8087 sp002862305|PF04563.18	0	0	0	0	0	0	0	0	0	0	0	0	0	0	0	0	0	0	0	0	0	0	0	0	0	0	0	0	0	0	0	2	0	0	0	0	0	0	0	0	0	0
UBA8158 sp003449595|PF02275.21	0	0	0	0	0	0	0	0	0	0	0	0	0	0	0	0	0	0	0	0	0	0	0	0	0	0	0	0	0	2	0	0	0	0	0	0	0	0	0	0	0	0
UBA8260 sp003142035|PF04563.18	0	0	0	0	0	0	0	0	0	0	0	0	0	0	0	0	0	0	0	0	0	0	0	0	0	0	0	0	0	0	0	0	0	0	0	1	0	0	0	0	0	0
UBA8498 sp001773385|PF04563.18	0	0	0	0	0	0	0	0	0	0	0	0	0	0	0	0	0	0	0	0	0	0	0	0	0	0	2	0	0	0	0	0	0	0	0	0	0	0	0	0	0	0
UBA876 sp011049425|PF04563.18	0	0	0	0	0	0	0	0	0	0	0	0	0	0	0	0	0	0	0	0	0	0	0	0	0	2	0	0	0	0	0	0	0	0	0	0	0	0	0	0	0	0
UBA927 sp002430725|PF04563.18	0	0	0	0	0	0	0	0	0	1	0	0	0	0	0	0	0	0	2	1	0	0	0	0	0	0	0	0	0	0	0	0	0	0	0	0	0	0	0	0	0	0
UBA929 sp009782475|PF04563.18	0	0	0	0	0	0	0	0	0	0	0	0	0	0	0	0	0	0	0	0	0	0	0	0	0	0	0	0	0	0	0	2	0	2	0	0	0	0	0	0	0	0
UBA935 sp009787745|PF04563.18	0	0	0	0	0	0	0	0	0	0	0	0	0	0	0	0	0	0	0	0	0	0	0	0	0	2	0	0	0	0	0	0	0	0	0	0	0	0	0	0	0	0
UBA9414 sp003458885|PF04563.18	0	0	0	2	0	6	3	0	1	0	1	0	5	1	2	3	0	4	2	5	0	0	0	2	2	3	0	1	0	0	0	0	0	0	0	0	0	0	0	2	0	0
UBA946 sp009777725|PF04563.18	0	0	0	0	0	0	0	0	0	0	0	0	0	0	0	0	2	0	0	0	0	0	0	0	0	0	0	0	0	0	0	0	0	0	0	0	0	0	0	0	0	0
UBA961 sp009919265|PF04563.18	0	0	0	0	0	0	0	0	0	0	0	0	0	0	0	0	0	0	0	0	0	0	0	0	0	2	0	0	0	0	0	0	2	0	0	0	0	0	0	0	0	0
UBA9634 sp001799565|PF04563.18	0	0	0	0	0	0	0	0	0	0	0	0	0	0	0	0	0	0	0	0	0	0	0	0	0	0	2	0	0	0	0	0	0	0	0	0	0	0	0	0	0	0
UBA9936 sp001774105|PF04563.18	0	0	0	0	0	0	0	0	0	0	0	0	0	0	0	0	0	0	0	0	0	0	0	0	0	0	0	0	0	0	0	0	0	0	1	0	0	0	0	0	0	0
UMGS1071 sp900548305|PF04563.18	0	0	0	0	0	0	0	0	2	0	0	0	0	0	0	0	0	0	0	0	0	0	0	0	0	0	0	0	0	0	0	0	0	0	0	0	0	0	0	0	0	0
UMGS1375 sp900066615|PF04563.18	2	0	4	4	0	5	3	0	4	6	0	0	0	0	2	6	0	0	4	0	0	0	0	0	0	0	0	0	0	0	0	0	0	0	0	0	0	0	0	0	0	0
UMGS1449 sp902797995|PF04563.18	0	0	0	0	0	0	0	0	0	2	0	0	0	1	0	0	0	0	0	0	0	0	0	0	13	14	45	0	60	0	2	0	0	5	37	11	1	1	0	9	4	0
UMGS1490 sp900548185|PF04563.18	0	0	0	0	0	0	0	0	0	0	0	0	0	0	0	0	0	0	0	0	0	0	0	0	0	0	0	0	0	0	0	0	0	0	0	0	0	0	0	2	0	0
UMGS1994 sp900553945|PF04563.18	0	2	0	0	0	0	0	0	0	0	0	0	1	0	0	0	0	0	0	0	2	1	0	20	51	38	57	56	67	44	4	18	10	2	41	3	2	7	2	0	68	0
UMGS263 sp900540535|PF04563.18	0	0	0	0	0	0	0	0	0	0	0	0	0	0	0	0	0	0	0	0	4	0	0	0	0	0	0	0	0	0	0	0	0	0	0	0	0	0	0	0	0	0
UMGS872 sp900546275|PF02275.21	0	0	0	0	0	0	0	0	0	0	0	0	0	0	0	0	0	0	0	0	0	0	0	0	0	0	0	0	0	0	0	0	0	1	0	0	0	0	0	0	0	0
UMGS872 sp900546275|PF04563.18	0	0	0	0	0	0	0	0	0	0	0	0	0	2	0	0	0	0	0	0	0	0	0	0	0	0	0	0	0	0	0	1	0	0	0	0	0	0	0	2	0	0
V9D3004 sp000621985|PF04563.18	0	0	0	0	0	0	0	0	0	0	0	0	0	0	0	0	0	0	0	0	0	0	0	0	0	3	0	0	0	0	0	0	0	0	0	0	0	0	0	0	0	0
VAYN01 sp005885405|PF04563.18	0	0	0	0	2	0	0	0	0	0	0	0	0	0	0	0	0	0	0	0	0	0	0	0	0	0	0	0	0	0	0	0	0	0	0	0	0	0	0	0	0	0
VMFR01 sp007376135|PF04563.18	0	0	0	0	0	0	0	0	0	0	0	0	0	0	0	0	0	0	0	0	0	0	0	0	0	0	0	0	0	0	0	0	0	0	0	0	0	0	0	0	2	0
VMGA01 sp007376345|PF04563.18	0	0	0	0	0	0	0	0	0	0	0	0	0	0	0	0	0	0	0	0	0	0	0	0	0	0	0	0	0	0	0	4	0	0	0	0	0	0	0	0	2	0
VUNA01 sp002299625|PF04563.18	0	0	0	0	0	0	0	0	0	0	2	0	0	0	0	0	0	0	0	0	0	0	0	0	0	0	0	0	0	0	0	0	0	0	0	0	0	0	0	0	0	0
VXMT01 sp009840945|PF04563.18	0	0	0	0	0	0	0	0	0	0	0	0	0	0	0	0	0	0	0	0	0	0	0	0	0	0	0	0	1	0	0	0	0	0	0	0	0	0	0	0	0	0
VYCW01 sp009842325|PF04563.18	0	0	6	0	0	0	0	0	0	0	0	0	0	0	0	0	0	0	0	0	0	0	0	0	0	0	0	0	0	0	0	0	0	0	0	0	0	0	0	0	0	0
Vagococcus silagei|PF04563.18	0	0	0	0	0	0	0	0	0	0	0	0	0	0	0	0	2	0	0	0	0	0	0	0	0	0	0	0	0	0	0	0	0	0	0	0	0	0	0	0	0	0
Vagococcus vulneris|PF04563.18	0	0	0	0	0	0	0	0	0	0	0	0	0	1	0	0	0	0	0	0	0	0	0	0	0	0	0	1	0	0	0	0	0	0	0	0	0	0	0	0	0	0
Vagococcus_D fessus|PF02275.21	0	0	0	0	0	0	0	0	0	0	0	0	0	0	0	0	0	0	0	0	0	0	0	0	0	2	0	0	0	0	0	0	0	0	0	0	0	0	0	0	0	0
Veillonella_A sp000431435|PF04563.18	0	0	0	0	0	0	0	0	0	0	0	0	2	0	0	0	0	0	0	0	0	0	1	0	0	0	0	0	0	0	0	0	0	1	1	0	1	1	1	0	0	2
Velocimicrobium ethanolgignens|PF04563.18	0	0	0	0	0	0	0	0	0	0	0	0	0	0	2	0	1	1	0	0	0	0	0	0	0	0	0	0	0	0	0	0	0	2	2	0	0	2	0	0	0	4
Velocimicrobium porci|PF04563.18	0	0	0	0	0	0	0	0	0	0	0	0	0	0	0	0	0	0	0	0	0	2	1	0	0	0	0	0	0	0	0	0	0	0	5	1	0	0	0	1	1	0
Ventrimonas sp003481825|PF04563.18	2	0	2	0	4	0	3	0	2	5	0	2	0	1	0	2	0	0	0	2	3	0	3	3	0	0	1	1	0	0	8	0	3	0	2	4	3	2	1	0	0	3
Ventrimonas sp003611875|PF02275.21	0	0	3	0	0	0	0	0	0	0	0	0	0	0	0	0	1	0	0	0	0	0	0	0	0	12	11	15	12	2	0	29	15	2	25	0	6	13	7	2	8	22
Ventrimonas sp003611875|PF04563.18	9	2	0	3	2	68	20	6	2	5	1	4	14	5	20	33	14	90	0	0	20	4	16	3	17	10	8	24	6	4	187	48	16	35	30	20	3	6	7	38	10	44
Ventrisoma faecale|PF04563.18	10	8	10	4	4	16	9	7	5	5	10	4	3	7	23	29	9	5	8	4	10	0	13	10	12	7	10	10	0	1	18	1	4	11	38	27	14	19	10	18	4	11
Vibrio mediterranei|PF02275.21	0	0	0	0	0	0	0	0	0	0	0	0	0	0	0	0	0	0	0	0	0	0	0	0	0	0	2	0	0	0	0	0	0	0	0	0	0	0	0	0	0	0
Vogesella indigofera|PF04563.18	0	0	0	0	0	0	0	0	0	0	0	0	0	0	0	0	0	0	0	0	0	0	0	0	0	0	0	0	0	2	0	0	0	0	0	0	0	0	0	0	0	0
WH-5701 sp000153045|PF04563.18	0	0	0	0	0	0	0	0	0	0	0	0	0	0	0	0	0	2	0	0	0	0	0	0	0	0	0	0	0	0	0	0	0	0	0	0	0	0	0	0	0	0
WQUU01 sp009781925|PF04563.18	0	0	0	6	1	4	0	0	0	0	0	0	2	0	0	0	4	0	0	0	5	0	2	4	0	0	0	0	0	0	0	0	0	0	2	4	0	2	2	0	0	0
WRAF01 sp009783515|PF04563.18	0	0	0	0	0	0	0	0	0	0	0	0	0	0	0	0	0	0	0	0	0	0	0	0	0	1	0	0	0	0	0	0	0	0	0	0	0	0	0	0	0	0
WRAH01 sp009788085|PF04563.18	0	0	0	0	0	0	0	0	0	0	0	0	0	0	0	0	0	0	0	0	0	0	0	0	0	0	0	0	0	0	0	2	0	0	0	0	0	0	0	0	0	0
WRFX01 sp009787445|PF04563.18	0	0	0	0	0	0	0	0	0	0	0	0	0	0	0	0	2	0	0	0	0	0	0	0	0	0	0	0	0	0	0	0	0	0	0	0	0	0	0	0	0	0
WRJI01 sp009782825|PF04563.18	0	0	0	0	0	0	0	0	0	0	0	0	0	0	0	0	0	1	0	0	0	0	0	0	0	0	0	0	0	0	0	0	0	0	0	0	0	0	0	2	0	0
WRLJ01 sp009777685|PF04563.18	0	0	0	0	2	0	2	0	0	0	0	0	0	1	0	0	0	0	0	0	0	2	0	0	0	0	0	0	0	0	0	0	0	0	0	0	0	0	0	0	0	2
Waddlia chondrophila|PF04563.18	0	0	0	0	0	0	0	0	0	0	0	0	0	0	0	0	0	0	0	0	0	0	0	0	0	0	2	0	0	0	0	0	0	0	0	0	0	0	0	0	0	0
Weimeria bifida|PF04563.18	0	0	0	0	0	0	0	0	0	0	0	0	0	0	0	2	0	0	0	0	0	0	0	0	0	0	0	0	0	0	0	0	0	0	0	0	0	0	0	0	0	0
Weimeria sp900100095|PF04563.18	0	0	0	0	0	0	0	0	0	0	0	0	0	0	0	0	0	0	0	4	2	0	0	0	0	0	0	0	0	0	0	0	0	0	0	0	0	0	0	0	0	0
Weissella cibaria|PF04563.18	0	0	0	0	0	0	0	0	0	0	0	0	0	0	0	0	0	0	0	0	0	0	0	0	0	0	0	0	0	0	0	0	0	0	0	0	0	0	0	2	0	0
Weissella soli|PF04563.18	0	0	0	0	0	0	0	0	0	0	0	0	0	0	0	0	0	0	0	0	0	0	0	0	0	0	0	0	2	0	0	0	0	0	0	0	0	0	0	0	0	0
Wenzhouxiangella sp010499265|PF04563.18	0	0	0	0	0	0	0	0	0	0	0	0	0	0	0	0	0	0	0	0	0	0	0	0	0	0	2	0	0	0	0	0	0	0	0	0	0	0	0	0	0	0
Westeberhardia cardiocondylae|PF04563.18	0	0	0	0	0	0	0	0	0	0	0	0	0	0	0	0	0	0	0	0	0	0	0	0	0	0	0	0	0	0	0	0	0	0	0	0	0	0	0	0	2	0
XBB1006 sp900115795|PF04563.18	0	2	0	2	5	7	0	0	2	2	0	0	1	2	4	2	0	0	0	0	0	0	2	0	0	0	0	0	0	0	0	0	0	0	0	0	0	0	0	0	0	0
XBB2008 sp900102235|PF04563.18	2	0	0	0	0	0	0	2	2	0	0	0	0	0	0	8	2	2	2	0	0	0	1	3	0	0	0	2	0	1	0	4	0	0	0	0	0	0	0	0	0	2
XBD2001 sp900116395|PF04563.18	0	0	0	1	1	0	0	0	0	0	8	2	0	0	0	0	0	0	0	0	0	0	1	0	2	0	0	2	2	0	0	0	0	0	0	0	0	0	0	0	0	0
Xanthomonas campestris|PF04563.18	0	0	4	0	0	0	0	0	0	0	0	0	0	0	0	0	0	0	0	0	0	0	0	0	0	0	0	0	0	0	0	0	0	0	0	0	0	0	0	0	0	0
Xylanimonas cellulosilytica|PF04563.18	0	0	0	0	0	0	0	0	0	0	0	0	0	0	0	0	2	0	0	0	0	0	0	0	0	0	0	0	0	0	0	0	0	0	0	0	0	0	0	0	0	0
ZJ141 sp011038965|PF04563.18	0	0	0	0	0	0	0	0	0	0	0	0	0	0	0	0	0	0	0	0	0	0	0	0	0	0	0	1	0	0	0	0	0	0	0	0	0	0	0	0	0	0
Zhongshania aliphaticivorans|PF04563.18	0	0	0	0	0	0	0	0	0	0	0	0	0	0	0	0	0	0	0	0	0	0	0	0	0	0	0	0	0	0	0	0	0	0	0	0	0	0	0	0	2	0
