File Name,Precursor Mz,Area,Retention Time,Start Time,End Time,Molecule,Analyte Concentration,Calculated Concentration
CA_aminoacids.mzML,466.3163,1843573,5.72,5.66,5.87,GCA,,#N/A
CA_DCA_LCA_aminoacids.mzML,466.3163,490501024,5.73,5.66,5.87,GCA,,#N/A
CDCA_aminoacids.mzML,466.3163,0,5.66,5.66,5.87,GCA,,#N/A
DCA_aminoacids.mzML,466.3163,0,5.66,5.66,5.87,GCA,,#N/A
DCA_aminoacids_2.mzML,466.3163,2401934,5.74,5.66,5.87,GCA,,#N/A
GCA_std.mzML,466.3163,353117152,5.74,5.66,5.87,GCA,,#N/A
GCDCA_std.mzML,466.3163,356184,5.84,5.66,5.87,GCA,,#N/A
GDCA_std.mzML,466.3163,36694,5.71,5.66,5.87,GCA,,#N/A
GLCA_std.mzML,466.3163,0,5.66,5.66,5.87,GCA,,#N/A
GUDCA_std.mzML,466.3163,246,5.74,5.66,5.87,GCA,,#N/A
P2_A1_TLCA_Dny_BSH1_0h.mzML,466.3163,64986,5.74,5.66,5.87,GCA,,#N/A
P2_A2_TDCA_Dny_BSH1_0h.mzML,466.3163,65832,5.75,5.66,5.87,GCA,,#N/A
P2_A3_TCDCA_Dny_BSH1_0h.mzML,466.3163,62489,5.75,5.66,5.87,GCA,,#N/A
P2_A4_TUDCA_Dny_BSH1_0h.mzML,466.3163,60586,5.75,5.66,5.87,GCA,,#N/A
P2_A5_TCA_Dny_BSH1_0h.mzML,466.3163,277814,5.75,5.66,5.87,GCA,,#N/A
P2_A6_GLCA_Dny_BSH1_0h.mzML,466.3163,77640,5.75,5.66,5.87,GCA,,#N/A
P2_A7_GDCA_Dny_BSH1_0h.mzML,466.3163,130919,5.74,5.66,5.87,GCA,,#N/A
P2_A8_GCDCA_Dny_BSH1_0h.mzML,466.3163,662034,5.85,5.66,5.87,GCA,,#N/A
P2_A9_GUDCA_Dny_BSH1_0h.mzML,466.3163,76609,5.75,5.66,5.87,GCA,,#N/A
P2_A10_GCA_Dny_BSH1_0h.mzML,466.3163,793599040,5.75,5.66,5.87,GCA,,#N/A
P2_A11_BHI_50MeOH.mzML,466.3163,63736,5.75,5.66,5.87,GCA,,#N/A
P2_A12_BHI_50DMSO_25MeOH.mzML,466.3163,83754,5.77,5.66,5.87,GCA,,#N/A
P2_B1_TLCA_Dny_BSH2_0h.mzML,466.3163,67469,5.75,5.66,5.87,GCA,,#N/A
P2_B2_TDCA_Dny_BSH2_0h.mzML,466.3163,79296,5.76,5.66,5.87,GCA,,#N/A
P2_B3_TCDCA_Dny_BSH2_0h.mzML,466.3163,70418,5.76,5.66,5.87,GCA,,#N/A
P2_B4_TUDCA_Dny_BSH2_0h.mzML,466.3163,74292,5.75,5.66,5.87,GCA,,#N/A
P2_B5_TCA_Dny_BSH2_0h.mzML,466.3163,86194,5.76,5.66,5.87,GCA,,#N/A
P2_B6_GLCA_Dny_BSH2_0h.mzML,466.3163,80656,5.76,5.66,5.87,GCA,,#N/A
P2_B7_GDCA_Dny_BSH2_0h.mzML,466.3163,153301,5.75,5.66,5.87,GCA,,#N/A
P2_B8_GCDCA_Dny_BSH2_0h.mzML,466.3163,472219,5.76,5.66,5.87,GCA,,#N/A
P2_B9_GUDCA_Dny_BSH2_0h.mzML,466.3163,79173,5.75,5.66,5.87,GCA,,#N/A
P2_B10_GCA_Dny_BSH2_0h.mzML,466.3163,549369280,5.76,5.66,5.87,GCA,,#N/A
P2_B11_BHI_50MeOH.mzML,466.3163,89454,5.75,5.66,5.87,GCA,,#N/A
P2_B12_BHI_50DMSO_25MeOH.mzML,466.3163,59870,5.75,5.66,5.87,GCA,,#N/A
P2_C1_TLCA_Lgasseri_BSH_0h.mzML,466.3163,71500,5.76,5.66,5.87,GCA,,#N/A
P2_C2_TDCA_Lgasseri_BSH_0h.mzML,466.3163,97280,5.76,5.66,5.87,GCA,,#N/A
P2_C3_TCDCA_Lgasseri_BSH_0h.mzML,466.3163,75551,5.76,5.66,5.87,GCA,,#N/A
P2_C4_TUDCA_Lgasseri_BSH_0h.mzML,466.3163,75370,5.75,5.66,5.87,GCA,,#N/A
P2_C5_TCA_Lgasseri_BSH_0h.mzML,466.3163,78566,5.75,5.66,5.87,GCA,,#N/A
P2_C6_GLCA_Lgasseri_BSH_0h.mzML,466.3163,58641,5.76,5.66,5.87,GCA,,#N/A
P2_C7_GDCA_Lgasseri_BSH_0h.mzML,466.3163,107414,5.74,5.66,5.87,GCA,,#N/A
P2_C8_GCDCA_Lgasseri_BSH_0h.mzML,466.3163,428809,5.85,5.66,5.87,GCA,,#N/A
P2_C9_GUDCA_Lgasseri_BSH_0h.mzML,466.3163,73695,5.74,5.66,5.87,GCA,,#N/A
P2_C10_GCA_Lgasseri_BSH_0h.mzML,466.3163,524831616,5.75,5.66,5.87,GCA,,#N/A
P2_C11_BHI_50MeOH.mzML,466.3163,91324,5.76,5.66,5.87,GCA,,#N/A
P2_C12_BHI_50DMSO_25MeOH.mzML,466.3163,75060,5.75,5.66,5.87,GCA,,#N/A
P2_D1_TLCA_LCAG-95_BSH1208_0h.mzML,466.3163,79073,5.74,5.66,5.87,GCA,,#N/A
P2_D2_TDCA_LCAG-95_BSH1208_0h.mzML,466.3163,71764,5.74,5.66,5.87,GCA,,#N/A
P2_D3_TCDCA_LCAG-95_BSH1208_0h.mzML,466.3163,60915,5.74,5.66,5.87,GCA,,#N/A
P2_D4_TUDCA_LCAG-95_BSH1208_0h.mzML,466.3163,74085,5.75,5.66,5.87,GCA,,#N/A
P2_D5_TCA_LCAG-95_BSH1208_0h.mzML,466.3163,119571,5.74,5.66,5.87,GCA,,#N/A
P2_D6_GLCA_LCAG-95_BSH1208_0h.mzML,466.3163,74083,5.75,5.66,5.87,GCA,,#N/A
P2_D7_GDCA_LCAG-95_BSH1208_0h.mzML,466.3163,123109,5.73,5.66,5.87,GCA,,#N/A
P2_D8_GCDCA_LCAG-95_BSH1208_0h.mzML,466.3163,380715,5.75,5.66,5.87,GCA,,#N/A
P2_D9_GUDCA_LCAG-95_BSH1208_0h.mzML,466.3163,84357,5.74,5.66,5.87,GCA,,#N/A
P2_D10_GCA_LCAG-95_BSH1208_0h.mzML,466.3163,477785152,5.75,5.66,5.87,GCA,,#N/A
P2_D11_BHI_50MeOH.mzML,466.3163,75121,5.73,5.66,5.87,GCA,,#N/A
P2_D12_BHI_50DMSO_25MeOH.mzML,466.3163,80447,5.73,5.66,5.87,GCA,,#N/A
P2_E1_TLCA_Ep_BSH101_0h.mzML,466.3163,63566,5.74,5.66,5.87,GCA,,#N/A
P2_E2_TDCA_Ep_BSH101_0h.mzML,466.3163,83423,5.74,5.66,5.87,GCA,,#N/A
P2_E3_TCDCA_Ep_BSH101_0h.mzML,466.3163,71926,5.74,5.66,5.87,GCA,,#N/A
P2_E4_TUDCA_Ep_BSH101_0h.mzML,466.3163,74451,5.74,5.66,5.87,GCA,,#N/A
P2_E5_TCA_Ep_BSH101_0h.mzML,466.3163,97787,5.74,5.66,5.87,GCA,,#N/A
P2_E6_GLCA_Ep_BSH101_0h.mzML,466.3163,78473,5.73,5.66,5.87,GCA,,#N/A
P2_E7_GDCA_Ep_BSH101_0h.mzML,466.3163,158579,5.73,5.66,5.87,GCA,,#N/A
P2_E8_GCDCA_Ep_BSH101_0h.mzML,466.3163,511146,5.75,5.66,5.87,GCA,,#N/A
P2_E9_GUDCA_Ep_BSH101_0h.mzML,466.3163,80421,5.75,5.66,5.87,GCA,,#N/A
P2_E10_GCA_Ep_BSH101_0h.mzML,466.3163,543070208,5.75,5.66,5.87,GCA,,#N/A
P2_E11_BHI_50MeOH.mzML,466.3163,99495,5.75,5.66,5.87,GCA,,#N/A
P2_E12_BHI_50DMSO_25MeOH.mzML,466.3163,95006,5.75,5.66,5.87,GCA,,#N/A
P2_F1_TLCA_AZ-52_0h.mzML,466.3163,88537,5.75,5.66,5.87,GCA,,#N/A
P2_F2_TDCA_AZ-52_0h.mzML,466.3163,86516,5.75,5.66,5.87,GCA,,#N/A
P2_F3_TCDCA_AZ-52_0h.mzML,466.3163,77790,5.74,5.66,5.87,GCA,,#N/A
P2_F4_TUDCA_AZ-52_0h.mzML,466.3163,73179,5.74,5.66,5.87,GCA,,#N/A
P2_F5_TCA_AZ-52_0h.mzML,466.3163,87792,5.75,5.66,5.87,GCA,,#N/A
P2_F6_GLCA_AZ-52_0h.mzML,466.3163,92821,5.73,5.66,5.87,GCA,,#N/A
P2_F7_GDCA_AZ-52_0h.mzML,466.3163,138479,5.74,5.66,5.87,GCA,,#N/A
P2_F8_GCDCA_AZ-52_0h.mzML,466.3163,441392,5.74,5.66,5.87,GCA,,#N/A
P2_F9_GUDCA_AZ-52_0h.mzML,466.3163,86975,5.74,5.66,5.87,GCA,,#N/A
P2_F10_GCA_AZ-52_0h.mzML,466.3163,552406464,5.76,5.66,5.87,GCA,,#N/A
P2_F11_BHI_50MeOH.mzML,466.3163,113492,5.74,5.66,5.87,GCA,,#N/A
P2_F12_BHI_50DMSO_25MeOH.mzML,466.3163,103809,5.74,5.66,5.87,GCA,,#N/A
P2_G1_TLCA_EcAZ-1-cat_0h.mzML,466.3163,82897,5.74,5.66,5.87,GCA,,#N/A
P2_G2_TDCA_EcAZ-1-cat_0h.mzML,466.3163,91947,5.75,5.66,5.87,GCA,,#N/A
P2_G3_TCDCA_EcAZ-1-cat_0h.mzML,466.3163,82301,5.74,5.66,5.87,GCA,,#N/A
P2_G4_TUDCA_EcAZ-1-cat_0h.mzML,466.3163,84534,5.74,5.66,5.87,GCA,,#N/A
P2_G5_TCA_EcAZ-1-cat_0h.mzML,466.3163,97489,5.73,5.66,5.87,GCA,,#N/A
P2_G6_GLCA_EcAZ-1-cat_0h.mzML,466.3163,85886,5.75,5.66,5.87,GCA,,#N/A
P2_G7_GDCA_EcAZ-1-cat_0h.mzML,466.3163,154387,5.74,5.66,5.87,GCA,,#N/A
P2_G8_GCDCA_EcAZ-1-cat_0h.mzML,466.3163,501804,5.73,5.66,5.87,GCA,,#N/A
P2_G9_GUDCA_EcAZ-1-cat_0h.mzML,466.3163,86791,5.75,5.66,5.87,GCA,,#N/A
P2_G10_GCA_EcAZ-1-cat_0h.mzML,466.3163,618098496,5.74,5.66,5.87,GCA,,#N/A
P2_G11_BHI_50MeOH.mzML,466.3163,104413,5.75,5.66,5.87,GCA,,#N/A
P2_G12_BHI_50DMSO_25MeOH.mzML,466.3163,91833,5.74,5.66,5.87,GCA,,#N/A
P2_H1_TLCA_ctrl_0h.mzML,466.3163,86445,5.74,5.66,5.87,GCA,,#N/A
P2_H2_TDCA_ctrl_0h.mzML,466.3163,92696,5.74,5.66,5.87,GCA,,#N/A
P2_H3_TCDCA_ctrl_0h.mzML,466.3163,91782,5.76,5.66,5.87,GCA,,#N/A
P2_H4_TUDCA_ctrl_0h.mzML,466.3163,90295,5.75,5.66,5.87,GCA,,#N/A
P2_H5_TCA_ctrl_0h.mzML,466.3163,96130,5.75,5.66,5.87,GCA,,#N/A
P2_H6_GLCA_ctrl_0h.mzML,466.3163,95352,5.74,5.66,5.87,GCA,,#N/A
P2_H7_GDCA_ctrl_0h.mzML,466.3163,158562,5.73,5.66,5.87,GCA,,#N/A
P2_H8_GCDCA_ctrl_0h.mzML,466.3163,516442,5.75,5.66,5.87,GCA,,#N/A
P2_H9_GUDCA_ctrl_0h.mzML,466.3163,102507,5.75,5.66,5.87,GCA,,#N/A
P2_H10_GCA_ctrl_0h.mzML,466.3163,877284928,5.75,5.66,5.87,GCA,,#N/A
P2_H11_BHI_50MeOH.mzML,466.3163,107061,5.75,5.66,5.87,GCA,,#N/A
P2_H12_BHI_50DMSO_25MeOH.mzML,466.3163,86530,5.74,5.66,5.87,GCA,,#N/A
TCA_std.mzML,466.3163,0,5.66,5.66,5.87,GCA,,#N/A
TCDCA_std.mzML,466.3163,0,5.66,5.66,5.87,GCA,,#N/A
TDCA_std.mzML,466.3163,0,5.66,5.66,5.87,GCA,,#N/A
TLCA_std.mzML,466.3163,0,5.66,5.66,5.87,GCA,,#N/A
TUDCA_std.mzML,466.3163,9158,5.72,5.66,5.87,GCA,,#N/A
UDCA_aminoacids.mzML,466.3163,45056,5.71,5.66,5.87,GCA,,#N/A
CA_aminoacids.mzML,450.3214,3118,7.94,7.87,8.07,GCDCA,,#N/A
CA_DCA_LCA_aminoacids.mzML,450.3214,379653984,7.95,7.87,8.07,GCDCA,,#N/A
CDCA_aminoacids.mzML,450.3214,3728278,7.94,7.87,8.07,GCDCA,,#N/A
DCA_aminoacids.mzML,450.3214,0,7.87,7.87,8.07,GCDCA,,#N/A
DCA_aminoacids_2.mzML,450.3214,167569,7.96,7.87,8.07,GCDCA,,#N/A
GCA_std.mzML,450.3214,98753,7.95,7.87,8.07,GCDCA,,#N/A
GCDCA_std.mzML,450.3214,380745952,7.94,7.87,8.07,GCDCA,,#N/A
GDCA_std.mzML,450.3214,1294467,7.95,7.87,8.07,GCDCA,,#N/A
GLCA_std.mzML,450.3214,37561,7.96,7.87,8.07,GCDCA,,#N/A
GUDCA_std.mzML,450.3214,1788808,7.96,7.87,8.07,GCDCA,,#N/A
P2_A1_TLCA_Dny_BSH1_0h.mzML,450.3214,342,7.98,7.87,8.07,GCDCA,,#N/A
P2_A2_TDCA_Dny_BSH1_0h.mzML,450.3214,0,7.87,7.87,8.07,GCDCA,,#N/A
P2_A3_TCDCA_Dny_BSH1_0h.mzML,450.3214,392065,7.97,7.87,8.07,GCDCA,,#N/A
P2_A4_TUDCA_Dny_BSH1_0h.mzML,450.3214,974,7.99,7.87,8.07,GCDCA,,#N/A
P2_A5_TCA_Dny_BSH1_0h.mzML,450.3214,0,7.87,7.87,8.07,GCDCA,,#N/A
P2_A6_GLCA_Dny_BSH1_0h.mzML,450.3214,198761,7.98,7.87,8.07,GCDCA,,#N/A
P2_A7_GDCA_Dny_BSH1_0h.mzML,450.3214,2264,7.98,7.87,8.07,GCDCA,,#N/A
P2_A8_GCDCA_Dny_BSH1_0h.mzML,450.3214,687008640,7.97,7.87,8.07,GCDCA,,#N/A
P2_A9_GUDCA_Dny_BSH1_0h.mzML,450.3214,2796286,7.97,7.87,8.07,GCDCA,,#N/A
P2_A10_GCA_Dny_BSH1_0h.mzML,450.3214,48694,7.98,7.87,8.07,GCDCA,,#N/A
P2_A11_BHI_50MeOH.mzML,450.3214,0,7.87,7.87,8.07,GCDCA,,#N/A
P2_A12_BHI_50DMSO_25MeOH.mzML,450.3214,667,7.98,7.87,8.07,GCDCA,,#N/A
P2_B1_TLCA_Dny_BSH2_0h.mzML,450.3214,1332,7.97,7.87,8.07,GCDCA,,#N/A
P2_B2_TDCA_Dny_BSH2_0h.mzML,450.3214,4008,7.98,7.87,8.07,GCDCA,,#N/A
P2_B3_TCDCA_Dny_BSH2_0h.mzML,450.3214,24315,7.97,7.87,8.07,GCDCA,,#N/A
P2_B4_TUDCA_Dny_BSH2_0h.mzML,450.3214,4273,7.96,7.87,8.07,GCDCA,,#N/A
P2_B5_TCA_Dny_BSH2_0h.mzML,450.3214,714,7.97,7.87,8.07,GCDCA,,#N/A
P2_B6_GLCA_Dny_BSH2_0h.mzML,450.3214,151472,7.98,7.87,8.07,GCDCA,,#N/A
P2_B7_GDCA_Dny_BSH2_0h.mzML,450.3214,312231,7.98,7.87,8.07,GCDCA,,#N/A
P2_B8_GCDCA_Dny_BSH2_0h.mzML,450.3214,550667008,7.98,7.87,8.07,GCDCA,,#N/A
P2_B9_GUDCA_Dny_BSH2_0h.mzML,450.3214,4394244,7.97,7.87,8.07,GCDCA,,#N/A
P2_B10_GCA_Dny_BSH2_0h.mzML,450.3214,44853,7.97,7.87,8.07,GCDCA,,#N/A
P2_B11_BHI_50MeOH.mzML,450.3214,2239,7.98,7.87,8.07,GCDCA,,#N/A
P2_B12_BHI_50DMSO_25MeOH.mzML,450.3214,1272,7.96,7.87,8.07,GCDCA,,#N/A
P2_C1_TLCA_Lgasseri_BSH_0h.mzML,450.3214,0,7.87,7.87,8.07,GCDCA,,#N/A
P2_C2_TDCA_Lgasseri_BSH_0h.mzML,450.3214,2731,7.96,7.87,8.07,GCDCA,,#N/A
P2_C3_TCDCA_Lgasseri_BSH_0h.mzML,450.3214,30287,7.98,7.87,8.07,GCDCA,,#N/A
P2_C4_TUDCA_Lgasseri_BSH_0h.mzML,450.3214,0,7.87,7.87,8.07,GCDCA,,#N/A
P2_C5_TCA_Lgasseri_BSH_0h.mzML,450.3214,488,7.96,7.87,8.07,GCDCA,,#N/A
P2_C6_GLCA_Lgasseri_BSH_0h.mzML,450.3214,114046,7.98,7.87,8.07,GCDCA,,#N/A
P2_C7_GDCA_Lgasseri_BSH_0h.mzML,450.3214,5984,7.97,7.87,8.07,GCDCA,,#N/A
P2_C8_GCDCA_Lgasseri_BSH_0h.mzML,450.3214,531711968,7.97,7.87,8.07,GCDCA,,#N/A
P2_C9_GUDCA_Lgasseri_BSH_0h.mzML,450.3214,3872904,7.98,7.87,8.07,GCDCA,,#N/A
P2_C10_GCA_Lgasseri_BSH_0h.mzML,450.3214,35537,7.98,7.87,8.07,GCDCA,,#N/A
P2_C11_BHI_50MeOH.mzML,450.3214,3790,7.98,7.87,8.07,GCDCA,,#N/A
P2_C12_BHI_50DMSO_25MeOH.mzML,450.3214,3235,7.98,7.87,8.07,GCDCA,,#N/A
P2_D1_TLCA_LCAG-95_BSH1208_0h.mzML,450.3214,0,7.87,7.87,8.07,GCDCA,,#N/A
P2_D2_TDCA_LCAG-95_BSH1208_0h.mzML,450.3214,0,7.87,7.87,8.07,GCDCA,,#N/A
P2_D3_TCDCA_LCAG-95_BSH1208_0h.mzML,450.3214,123649,7.97,7.87,8.07,GCDCA,,#N/A
P2_D4_TUDCA_LCAG-95_BSH1208_0h.mzML,450.3214,0,7.87,7.87,8.07,GCDCA,,#N/A
P2_D5_TCA_LCAG-95_BSH1208_0h.mzML,450.3214,610,7.94,7.87,8.07,GCDCA,,#N/A
P2_D6_GLCA_LCAG-95_BSH1208_0h.mzML,450.3214,132044,7.98,7.87,8.07,GCDCA,,#N/A
P2_D7_GDCA_LCAG-95_BSH1208_0h.mzML,450.3214,0,7.87,7.87,8.07,GCDCA,,#N/A
P2_D8_GCDCA_LCAG-95_BSH1208_0h.mzML,450.3214,221275568,7.98,7.87,8.07,GCDCA,,#N/A
P2_D9_GUDCA_LCAG-95_BSH1208_0h.mzML,450.3214,2249024,7.97,7.87,8.07,GCDCA,,#N/A
P2_D10_GCA_LCAG-95_BSH1208_0h.mzML,450.3214,11926,7.96,7.87,8.07,GCDCA,,#N/A
P2_D11_BHI_50MeOH.mzML,450.3214,2116,8,7.87,8.07,GCDCA,,#N/A
P2_D12_BHI_50DMSO_25MeOH.mzML,450.3214,664,7.96,7.87,8.07,GCDCA,,#N/A
P2_E1_TLCA_Ep_BSH101_0h.mzML,450.3214,666,7.97,7.87,8.07,GCDCA,,#N/A
P2_E2_TDCA_Ep_BSH101_0h.mzML,450.3214,0,7.87,7.87,8.07,GCDCA,,#N/A
P2_E3_TCDCA_Ep_BSH101_0h.mzML,450.3214,22317,7.97,7.87,8.07,GCDCA,,#N/A
P2_E4_TUDCA_Ep_BSH101_0h.mzML,450.3214,0,7.87,7.87,8.07,GCDCA,,#N/A
P2_E5_TCA_Ep_BSH101_0h.mzML,450.3214,0,7.87,7.87,8.07,GCDCA,,#N/A
P2_E6_GLCA_Ep_BSH101_0h.mzML,450.3214,149997,7.97,7.87,8.07,GCDCA,,#N/A
P2_E7_GDCA_Ep_BSH101_0h.mzML,450.3214,16259,7.97,7.87,8.07,GCDCA,,#N/A
P2_E8_GCDCA_Ep_BSH101_0h.mzML,450.3214,601537408,7.96,7.87,8.07,GCDCA,,#N/A
P2_E9_GUDCA_Ep_BSH101_0h.mzML,450.3214,7208875,7.97,7.87,8.07,GCDCA,,#N/A
P2_E10_GCA_Ep_BSH101_0h.mzML,450.3214,39066,7.97,7.87,8.07,GCDCA,,#N/A
P2_E11_BHI_50MeOH.mzML,450.3214,462,7.99,7.87,8.07,GCDCA,,#N/A
P2_E12_BHI_50DMSO_25MeOH.mzML,450.3214,0,7.87,7.87,8.07,GCDCA,,#N/A
P2_F1_TLCA_AZ-52_0h.mzML,450.3214,623,7.95,7.87,8.07,GCDCA,,#N/A
P2_F2_TDCA_AZ-52_0h.mzML,450.3214,3328,7.97,7.87,8.07,GCDCA,,#N/A
P2_F3_TCDCA_AZ-52_0h.mzML,450.3214,35910,7.98,7.87,8.07,GCDCA,,#N/A
P2_F4_TUDCA_AZ-52_0h.mzML,450.3214,0,7.87,7.87,8.07,GCDCA,,#N/A
P2_F5_TCA_AZ-52_0h.mzML,450.3214,973,7.94,7.87,8.07,GCDCA,,#N/A
P2_F6_GLCA_AZ-52_0h.mzML,450.3214,176915,7.98,7.87,8.07,GCDCA,,#N/A
P2_F7_GDCA_AZ-52_0h.mzML,450.3214,12382,7.97,7.87,8.07,GCDCA,,#N/A
P2_F8_GCDCA_AZ-52_0h.mzML,450.3214,504203616,7.97,7.87,8.07,GCDCA,,#N/A
P2_F9_GUDCA_AZ-52_0h.mzML,450.3214,2437360,7.97,7.87,8.07,GCDCA,,#N/A
P2_F10_GCA_AZ-52_0h.mzML,450.3214,32472,7.97,7.87,8.07,GCDCA,,#N/A
P2_F11_BHI_50MeOH.mzML,450.3214,2276,7.96,7.87,8.07,GCDCA,,#N/A
P2_F12_BHI_50DMSO_25MeOH.mzML,450.3214,0,7.87,7.87,8.07,GCDCA,,#N/A
P2_G1_TLCA_EcAZ-1-cat_0h.mzML,450.3214,2685,7.98,7.87,8.07,GCDCA,,#N/A
P2_G2_TDCA_EcAZ-1-cat_0h.mzML,450.3214,2884,7.97,7.87,8.07,GCDCA,,#N/A
P2_G3_TCDCA_EcAZ-1-cat_0h.mzML,450.3214,23281,7.97,7.87,8.07,GCDCA,,#N/A
P2_G4_TUDCA_EcAZ-1-cat_0h.mzML,450.3214,0,7.87,7.87,8.07,GCDCA,,#N/A
P2_G5_TCA_EcAZ-1-cat_0h.mzML,450.3214,1446,7.95,7.87,8.07,GCDCA,,#N/A
P2_G6_GLCA_EcAZ-1-cat_0h.mzML,450.3214,172092,7.97,7.87,8.07,GCDCA,,#N/A
P2_G7_GDCA_EcAZ-1-cat_0h.mzML,450.3214,9410,7.98,7.87,8.07,GCDCA,,#N/A
P2_G8_GCDCA_EcAZ-1-cat_0h.mzML,450.3214,538141632,7.96,7.87,8.07,GCDCA,,#N/A
P2_G9_GUDCA_EcAZ-1-cat_0h.mzML,450.3214,4270000,7.98,7.87,8.07,GCDCA,,#N/A
P2_G10_GCA_EcAZ-1-cat_0h.mzML,450.3214,49797,7.97,7.87,8.07,GCDCA,,#N/A
P2_G11_BHI_50MeOH.mzML,450.3214,1977,7.98,7.87,8.07,GCDCA,,#N/A
P2_G12_BHI_50DMSO_25MeOH.mzML,450.3214,1384,7.96,7.87,8.07,GCDCA,,#N/A
P2_H1_TLCA_ctrl_0h.mzML,450.3214,1455,7.98,7.87,8.07,GCDCA,,#N/A
P2_H2_TDCA_ctrl_0h.mzML,450.3214,5338,7.99,7.87,8.07,GCDCA,,#N/A
P2_H3_TCDCA_ctrl_0h.mzML,450.3214,31628,7.98,7.87,8.07,GCDCA,,#N/A
P2_H4_TUDCA_ctrl_0h.mzML,450.3214,3404,7.99,7.87,8.07,GCDCA,,#N/A
P2_H5_TCA_ctrl_0h.mzML,450.3214,16543,7.97,7.87,8.07,GCDCA,,#N/A
P2_H6_GLCA_ctrl_0h.mzML,450.3214,215930,7.96,7.87,8.07,GCDCA,,#N/A
P2_H7_GDCA_ctrl_0h.mzML,450.3214,10652,7.95,7.87,8.07,GCDCA,,#N/A
P2_H8_GCDCA_ctrl_0h.mzML,450.3214,550524352,7.96,7.87,8.07,GCDCA,,#N/A
P2_H9_GUDCA_ctrl_0h.mzML,450.3214,5099413,7.97,7.87,8.07,GCDCA,,#N/A
P2_H10_GCA_ctrl_0h.mzML,450.3214,62847,7.97,7.87,8.07,GCDCA,,#N/A
P2_H11_BHI_50MeOH.mzML,450.3214,1965,7.98,7.87,8.07,GCDCA,,#N/A
P2_H12_BHI_50DMSO_25MeOH.mzML,450.3214,1699,7.98,7.87,8.07,GCDCA,,#N/A
TCA_std.mzML,450.3214,0,7.87,7.87,8.07,GCDCA,,#N/A
TCDCA_std.mzML,450.3214,0,7.87,7.87,8.07,GCDCA,,#N/A
TDCA_std.mzML,450.3214,0,7.87,7.87,8.07,GCDCA,,#N/A
TLCA_std.mzML,450.3214,0,7.87,7.87,8.07,GCDCA,,#N/A
TUDCA_std.mzML,450.3214,32856,7.96,7.87,8.07,GCDCA,,#N/A
UDCA_aminoacids.mzML,450.3214,37461,7.94,7.87,8.07,GCDCA,,#N/A
CA_aminoacids.mzML,450.3214,28218,8.27,8.2,8.42,GDCA,,#N/A
CA_DCA_LCA_aminoacids.mzML,450.3214,12175541,8.27,8.2,8.42,GDCA,,#N/A
CDCA_aminoacids.mzML,450.3214,0,8.2,8.2,8.42,GDCA,,#N/A
DCA_aminoacids.mzML,450.3214,11902321,8.27,8.2,8.42,GDCA,,#N/A
DCA_aminoacids_2.mzML,450.3214,2252084736,8.28,8.2,8.42,GDCA,,#N/A
GCA_std.mzML,450.3214,740861,8.27,8.2,8.42,GDCA,,#N/A
GCDCA_std.mzML,450.3214,533610,8.21,8.2,8.42,GDCA,,#N/A
GDCA_std.mzML,450.3214,575289472,8.28,8.2,8.42,GDCA,,#N/A
GLCA_std.mzML,450.3214,16782,8.28,8.2,8.42,GDCA,,#N/A
GUDCA_std.mzML,450.3214,99457,8.29,8.2,8.42,GDCA,,#N/A
P2_A1_TLCA_Dny_BSH1_0h.mzML,450.3214,26174,8.28,8.2,8.42,GDCA,,#N/A
P2_A2_TDCA_Dny_BSH1_0h.mzML,450.3214,2087056,8.28,8.2,8.42,GDCA,,#N/A
P2_A3_TCDCA_Dny_BSH1_0h.mzML,450.3214,21731,8.29,8.2,8.42,GDCA,,#N/A
P2_A4_TUDCA_Dny_BSH1_0h.mzML,450.3214,9342,8.27,8.2,8.42,GDCA,,#N/A
P2_A5_TCA_Dny_BSH1_0h.mzML,450.3214,14737,8.28,8.2,8.42,GDCA,,#N/A
P2_A6_GLCA_Dny_BSH1_0h.mzML,450.3214,83299,8.28,8.2,8.42,GDCA,,#N/A
P2_A7_GDCA_Dny_BSH1_0h.mzML,450.3214,820817216,8.28,8.2,8.42,GDCA,,#N/A
P2_A8_GCDCA_Dny_BSH1_0h.mzML,450.3214,2883518,8.2,8.2,8.42,GDCA,,#N/A
P2_A9_GUDCA_Dny_BSH1_0h.mzML,450.3214,101671,8.28,8.2,8.42,GDCA,,#N/A
P2_A10_GCA_Dny_BSH1_0h.mzML,450.3214,101267,8.28,8.2,8.42,GDCA,,#N/A
P2_A11_BHI_50MeOH.mzML,450.3214,588,8.27,8.2,8.42,GDCA,,#N/A
P2_A12_BHI_50DMSO_25MeOH.mzML,450.3214,39955,8.29,8.2,8.42,GDCA,,#N/A
P2_B1_TLCA_Dny_BSH2_0h.mzML,450.3214,37436,8.28,8.2,8.42,GDCA,,#N/A
P2_B2_TDCA_Dny_BSH2_0h.mzML,450.3214,52837,8.27,8.2,8.42,GDCA,,#N/A
P2_B3_TCDCA_Dny_BSH2_0h.mzML,450.3214,34908,8.28,8.2,8.42,GDCA,,#N/A
P2_B4_TUDCA_Dny_BSH2_0h.mzML,450.3214,38690,8.27,8.2,8.42,GDCA,,#N/A
P2_B5_TCA_Dny_BSH2_0h.mzML,450.3214,38925,8.29,8.2,8.42,GDCA,,#N/A
P2_B6_GLCA_Dny_BSH2_0h.mzML,450.3214,103899,8.28,8.2,8.42,GDCA,,#N/A
P2_B7_GDCA_Dny_BSH2_0h.mzML,450.3214,1418378240,8.28,8.2,8.42,GDCA,,#N/A
P2_B8_GCDCA_Dny_BSH2_0h.mzML,450.3214,2018693,8.2,8.2,8.42,GDCA,,#N/A
P2_B9_GUDCA_Dny_BSH2_0h.mzML,450.3214,133609,8.28,8.2,8.42,GDCA,,#N/A
P2_B10_GCA_Dny_BSH2_0h.mzML,450.3214,105206,8.29,8.2,8.42,GDCA,,#N/A
P2_B11_BHI_50MeOH.mzML,450.3214,37308,8.29,8.2,8.42,GDCA,,#N/A
P2_B12_BHI_50DMSO_25MeOH.mzML,450.3214,27617,8.28,8.2,8.42,GDCA,,#N/A
P2_C1_TLCA_Lgasseri_BSH_0h.mzML,450.3214,38733,8.28,8.2,8.42,GDCA,,#N/A
P2_C2_TDCA_Lgasseri_BSH_0h.mzML,450.3214,54815,8.28,8.2,8.42,GDCA,,#N/A
P2_C3_TCDCA_Lgasseri_BSH_0h.mzML,450.3214,46333,8.29,8.2,8.42,GDCA,,#N/A
P2_C4_TUDCA_Lgasseri_BSH_0h.mzML,450.3214,30602,8.28,8.2,8.42,GDCA,,#N/A
P2_C5_TCA_Lgasseri_BSH_0h.mzML,450.3214,32815,8.27,8.2,8.42,GDCA,,#N/A
P2_C6_GLCA_Lgasseri_BSH_0h.mzML,450.3214,69451,8.28,8.2,8.42,GDCA,,#N/A
P2_C7_GDCA_Lgasseri_BSH_0h.mzML,450.3214,1182631424,8.29,8.2,8.42,GDCA,,#N/A
P2_C8_GCDCA_Lgasseri_BSH_0h.mzML,450.3214,1363768,8.2,8.2,8.42,GDCA,,#N/A
P2_C9_GUDCA_Lgasseri_BSH_0h.mzML,450.3214,105751,8.29,8.2,8.42,GDCA,,#N/A
P2_C10_GCA_Lgasseri_BSH_0h.mzML,450.3214,87646,8.29,8.2,8.42,GDCA,,#N/A
P2_C11_BHI_50MeOH.mzML,450.3214,48885,8.29,8.2,8.42,GDCA,,#N/A
P2_C12_BHI_50DMSO_25MeOH.mzML,450.3214,37965,8.28,8.2,8.42,GDCA,,#N/A
P2_D1_TLCA_LCAG-95_BSH1208_0h.mzML,450.3214,31614,8.29,8.2,8.42,GDCA,,#N/A
P2_D2_TDCA_LCAG-95_BSH1208_0h.mzML,450.3214,323481,8.3,8.2,8.42,GDCA,,#N/A
P2_D3_TCDCA_LCAG-95_BSH1208_0h.mzML,450.3214,28897,8.3,8.2,8.42,GDCA,,#N/A
P2_D4_TUDCA_LCAG-95_BSH1208_0h.mzML,450.3214,31846,8.3,8.2,8.42,GDCA,,#N/A
P2_D5_TCA_LCAG-95_BSH1208_0h.mzML,450.3214,34533,8.3,8.2,8.42,GDCA,,#N/A
P2_D6_GLCA_LCAG-95_BSH1208_0h.mzML,450.3214,89305,8.29,8.2,8.42,GDCA,,#N/A
P2_D7_GDCA_LCAG-95_BSH1208_0h.mzML,450.3214,1096798592,8.28,8.2,8.42,GDCA,,#N/A
P2_D8_GCDCA_LCAG-95_BSH1208_0h.mzML,450.3214,872451,8.2,8.2,8.42,GDCA,,#N/A
P2_D9_GUDCA_LCAG-95_BSH1208_0h.mzML,450.3214,68806,8.29,8.2,8.42,GDCA,,#N/A
P2_D10_GCA_LCAG-95_BSH1208_0h.mzML,450.3214,76462,8.29,8.2,8.42,GDCA,,#N/A
P2_D11_BHI_50MeOH.mzML,450.3214,32221,8.3,8.2,8.42,GDCA,,#N/A
P2_D12_BHI_50DMSO_25MeOH.mzML,450.3214,36422,8.29,8.2,8.42,GDCA,,#N/A
P2_E1_TLCA_Ep_BSH101_0h.mzML,450.3214,34904,8.29,8.2,8.42,GDCA,,#N/A
P2_E2_TDCA_Ep_BSH101_0h.mzML,450.3214,46767,8.29,8.2,8.42,GDCA,,#N/A
P2_E3_TCDCA_Ep_BSH101_0h.mzML,450.3214,40083,8.29,8.2,8.42,GDCA,,#N/A
P2_E4_TUDCA_Ep_BSH101_0h.mzML,450.3214,39204,8.3,8.2,8.42,GDCA,,#N/A
P2_E5_TCA_Ep_BSH101_0h.mzML,450.3214,46443,8.3,8.2,8.42,GDCA,,#N/A
P2_E6_GLCA_Ep_BSH101_0h.mzML,450.3214,82783,8.3,8.2,8.42,GDCA,,#N/A
P2_E7_GDCA_Ep_BSH101_0h.mzML,450.3214,1469925632,8.29,8.2,8.42,GDCA,,#N/A
P2_E8_GCDCA_Ep_BSH101_0h.mzML,450.3214,1999282,8.2,8.2,8.42,GDCA,,#N/A
P2_E9_GUDCA_Ep_BSH101_0h.mzML,450.3214,154026,8.29,8.2,8.42,GDCA,,#N/A
P2_E10_GCA_Ep_BSH101_0h.mzML,450.3214,103907,8.3,8.2,8.42,GDCA,,#N/A
P2_E11_BHI_50MeOH.mzML,450.3214,45131,8.3,8.2,8.42,GDCA,,#N/A
P2_E12_BHI_50DMSO_25MeOH.mzML,450.3214,45500,8.3,8.2,8.42,GDCA,,#N/A
P2_F1_TLCA_AZ-52_0h.mzML,450.3214,44792,8.29,8.2,8.42,GDCA,,#N/A
P2_F2_TDCA_AZ-52_0h.mzML,450.3214,63708,8.3,8.2,8.42,GDCA,,#N/A
P2_F3_TCDCA_AZ-52_0h.mzML,450.3214,37097,8.3,8.2,8.42,GDCA,,#N/A
P2_F4_TUDCA_AZ-52_0h.mzML,450.3214,35990,8.29,8.2,8.42,GDCA,,#N/A
P2_F5_TCA_AZ-52_0h.mzML,450.3214,38738,8.29,8.2,8.42,GDCA,,#N/A
P2_F6_GLCA_AZ-52_0h.mzML,450.3214,124873,8.29,8.2,8.42,GDCA,,#N/A
P2_F7_GDCA_AZ-52_0h.mzML,450.3214,1159938560,8.29,8.2,8.42,GDCA,,#N/A
P2_F8_GCDCA_AZ-52_0h.mzML,450.3214,1655102,8.2,8.2,8.42,GDCA,,#N/A
P2_F9_GUDCA_AZ-52_0h.mzML,450.3214,78888,8.29,8.2,8.42,GDCA,,#N/A
P2_F10_GCA_AZ-52_0h.mzML,450.3214,84548,8.3,8.2,8.42,GDCA,,#N/A
P2_F11_BHI_50MeOH.mzML,450.3214,44955,8.29,8.2,8.42,GDCA,,#N/A
P2_F12_BHI_50DMSO_25MeOH.mzML,450.3214,41160,8.29,8.2,8.42,GDCA,,#N/A
P2_G1_TLCA_EcAZ-1-cat_0h.mzML,450.3214,40461,8.3,8.2,8.42,GDCA,,#N/A
P2_G2_TDCA_EcAZ-1-cat_0h.mzML,450.3214,45982,8.29,8.2,8.42,GDCA,,#N/A
P2_G3_TCDCA_EcAZ-1-cat_0h.mzML,450.3214,36441,8.29,8.2,8.42,GDCA,,#N/A
P2_G4_TUDCA_EcAZ-1-cat_0h.mzML,450.3214,46616,8.29,8.2,8.42,GDCA,,#N/A
P2_G5_TCA_EcAZ-1-cat_0h.mzML,450.3214,46628,8.29,8.2,8.42,GDCA,,#N/A
P2_G6_GLCA_EcAZ-1-cat_0h.mzML,450.3214,96584,8.29,8.2,8.42,GDCA,,#N/A
P2_G7_GDCA_EcAZ-1-cat_0h.mzML,450.3214,1344983808,8.29,8.2,8.42,GDCA,,#N/A
P2_G8_GCDCA_EcAZ-1-cat_0h.mzML,450.3214,2236227,8.2,8.2,8.42,GDCA,,#N/A
P2_G9_GUDCA_EcAZ-1-cat_0h.mzML,450.3214,67284,8.29,8.2,8.42,GDCA,,#N/A
P2_G10_GCA_EcAZ-1-cat_0h.mzML,450.3214,97707,8.29,8.2,8.42,GDCA,,#N/A
P2_G11_BHI_50MeOH.mzML,450.3214,49087,8.29,8.2,8.42,GDCA,,#N/A
P2_G12_BHI_50DMSO_25MeOH.mzML,450.3214,63938,8.28,8.2,8.42,GDCA,,#N/A
P2_H1_TLCA_ctrl_0h.mzML,450.3214,44744,8.28,8.2,8.42,GDCA,,#N/A
P2_H2_TDCA_ctrl_0h.mzML,450.3214,46289,8.3,8.2,8.42,GDCA,,#N/A
P2_H3_TCDCA_ctrl_0h.mzML,450.3214,42785,8.3,8.2,8.42,GDCA,,#N/A
P2_H4_TUDCA_ctrl_0h.mzML,450.3214,38456,8.3,8.2,8.42,GDCA,,#N/A
P2_H5_TCA_ctrl_0h.mzML,450.3214,54075,8.29,8.2,8.42,GDCA,,#N/A
P2_H6_GLCA_ctrl_0h.mzML,450.3214,115935,8.29,8.2,8.42,GDCA,,#N/A
P2_H7_GDCA_ctrl_0h.mzML,450.3214,1339724160,8.3,8.2,8.42,GDCA,,#N/A
P2_H8_GCDCA_ctrl_0h.mzML,450.3214,1825084,8.2,8.2,8.42,GDCA,,#N/A
P2_H9_GUDCA_ctrl_0h.mzML,450.3214,140280,8.29,8.2,8.42,GDCA,,#N/A
P2_H10_GCA_ctrl_0h.mzML,450.3214,152157,8.29,8.2,8.42,GDCA,,#N/A
P2_H11_BHI_50MeOH.mzML,450.3214,47253,8.29,8.2,8.42,GDCA,,#N/A
P2_H12_BHI_50DMSO_25MeOH.mzML,450.3214,51867,8.29,8.2,8.42,GDCA,,#N/A
TCA_std.mzML,450.3214,0,8.2,8.2,8.42,GDCA,,#N/A
TCDCA_std.mzML,450.3214,0,8.2,8.2,8.42,GDCA,,#N/A
TDCA_std.mzML,450.3214,0,8.2,8.2,8.42,GDCA,,#N/A
TLCA_std.mzML,450.3214,0,8.2,8.2,8.42,GDCA,,#N/A
TUDCA_std.mzML,450.3214,10580,8.28,8.2,8.42,GDCA,,#N/A
UDCA_aminoacids.mzML,450.3214,83373,8.27,8.2,8.42,GDCA,,#N/A
CA_aminoacids.mzML,434.3265,0,8.76,8.76,8.94,GLCA,,#N/A
CA_DCA_LCA_aminoacids.mzML,434.3265,207326272,8.84,8.76,8.94,GLCA,,#N/A
CDCA_aminoacids.mzML,434.3265,19784,8.76,8.76,8.94,GLCA,,#N/A
DCA_aminoacids.mzML,434.3265,226813,8.78,8.76,8.94,GLCA,,#N/A
DCA_aminoacids_2.mzML,434.3265,277587,8.78,8.76,8.94,GLCA,,#N/A
GCA_std.mzML,434.3265,12130,8.78,8.76,8.94,GLCA,,#N/A
GCDCA_std.mzML,434.3265,225645,8.84,8.76,8.94,GLCA,,#N/A
GDCA_std.mzML,434.3265,11901,8.76,8.76,8.94,GLCA,,#N/A
GLCA_std.mzML,434.3265,69098488,8.84,8.76,8.94,GLCA,,#N/A
GUDCA_std.mzML,434.3265,211482,8.85,8.76,8.94,GLCA,,#N/A
P2_A1_TLCA_Dny_BSH1_0h.mzML,434.3265,125413,8.84,8.76,8.94,GLCA,,#N/A
P2_A2_TDCA_Dny_BSH1_0h.mzML,434.3265,67303,8.77,8.76,8.94,GLCA,,#N/A
P2_A3_TCDCA_Dny_BSH1_0h.mzML,434.3265,31601,8.76,8.76,8.94,GLCA,,#N/A
P2_A4_TUDCA_Dny_BSH1_0h.mzML,434.3265,6008,8.76,8.76,8.94,GLCA,,#N/A
P2_A5_TCA_Dny_BSH1_0h.mzML,434.3265,12923,8.77,8.76,8.94,GLCA,,#N/A
P2_A6_GLCA_Dny_BSH1_0h.mzML,434.3265,334415840,8.84,8.76,8.94,GLCA,,#N/A
P2_A7_GDCA_Dny_BSH1_0h.mzML,434.3265,424275,8.79,8.76,8.94,GLCA,,#N/A
P2_A8_GCDCA_Dny_BSH1_0h.mzML,434.3265,237739,8.85,8.76,8.94,GLCA,,#N/A
P2_A9_GUDCA_Dny_BSH1_0h.mzML,434.3265,27341,8.78,8.76,8.94,GLCA,,#N/A
P2_A10_GCA_Dny_BSH1_0h.mzML,434.3265,14106,8.77,8.76,8.94,GLCA,,#N/A
P2_A11_BHI_50MeOH.mzML,434.3265,6583,8.8,8.76,8.94,GLCA,,#N/A
P2_A12_BHI_50DMSO_25MeOH.mzML,434.3265,3614,8.76,8.76,8.94,GLCA,,#N/A
P2_B1_TLCA_Dny_BSH2_0h.mzML,434.3265,3688,8.77,8.76,8.94,GLCA,,#N/A
P2_B2_TDCA_Dny_BSH2_0h.mzML,434.3265,4362,8.77,8.76,8.94,GLCA,,#N/A
P2_B3_TCDCA_Dny_BSH2_0h.mzML,434.3265,828,8.76,8.76,8.94,GLCA,,#N/A
P2_B4_TUDCA_Dny_BSH2_0h.mzML,434.3265,6903,8.76,8.76,8.94,GLCA,,#N/A
P2_B5_TCA_Dny_BSH2_0h.mzML,434.3265,6170,8.76,8.76,8.94,GLCA,,#N/A
P2_B6_GLCA_Dny_BSH2_0h.mzML,434.3265,276490336,8.85,8.76,8.94,GLCA,,#N/A
P2_B7_GDCA_Dny_BSH2_0h.mzML,434.3265,275153,8.84,8.76,8.94,GLCA,,#N/A
P2_B8_GCDCA_Dny_BSH2_0h.mzML,434.3265,278637,8.85,8.76,8.94,GLCA,,#N/A
P2_B9_GUDCA_Dny_BSH2_0h.mzML,434.3265,16158,8.76,8.76,8.94,GLCA,,#N/A
P2_B10_GCA_Dny_BSH2_0h.mzML,434.3265,15486,8.76,8.76,8.94,GLCA,,#N/A
P2_B11_BHI_50MeOH.mzML,434.3265,10320,8.76,8.76,8.94,GLCA,,#N/A
P2_B12_BHI_50DMSO_25MeOH.mzML,434.3265,5186,8.78,8.76,8.94,GLCA,,#N/A
P2_C1_TLCA_Lgasseri_BSH_0h.mzML,434.3265,22270,8.76,8.76,8.94,GLCA,,#N/A
P2_C2_TDCA_Lgasseri_BSH_0h.mzML,434.3265,24022,8.77,8.76,8.94,GLCA,,#N/A
P2_C3_TCDCA_Lgasseri_BSH_0h.mzML,434.3265,90770,8.76,8.76,8.94,GLCA,,#N/A
P2_C4_TUDCA_Lgasseri_BSH_0h.mzML,434.3265,16559,8.76,8.76,8.94,GLCA,,#N/A
P2_C5_TCA_Lgasseri_BSH_0h.mzML,434.3265,8937,8.8,8.76,8.94,GLCA,,#N/A
P2_C6_GLCA_Lgasseri_BSH_0h.mzML,434.3265,146110960,8.85,8.76,8.94,GLCA,,#N/A
P2_C7_GDCA_Lgasseri_BSH_0h.mzML,434.3265,173624,8.84,8.76,8.94,GLCA,,#N/A
P2_C8_GCDCA_Lgasseri_BSH_0h.mzML,434.3265,199231,8.84,8.76,8.94,GLCA,,#N/A
P2_C9_GUDCA_Lgasseri_BSH_0h.mzML,434.3265,0,8.76,8.76,8.94,GLCA,,#N/A
P2_C10_GCA_Lgasseri_BSH_0h.mzML,434.3265,21328,8.77,8.76,8.94,GLCA,,#N/A
P2_C11_BHI_50MeOH.mzML,434.3265,20292,8.77,8.76,8.94,GLCA,,#N/A
P2_C12_BHI_50DMSO_25MeOH.mzML,434.3265,21783,8.77,8.76,8.94,GLCA,,#N/A
P2_D1_TLCA_LCAG-95_BSH1208_0h.mzML,434.3265,89254,8.85,8.76,8.94,GLCA,,#N/A
P2_D2_TDCA_LCAG-95_BSH1208_0h.mzML,434.3265,15500,8.76,8.76,8.94,GLCA,,#N/A
P2_D3_TCDCA_LCAG-95_BSH1208_0h.mzML,434.3265,14668,8.76,8.76,8.94,GLCA,,#N/A
P2_D4_TUDCA_LCAG-95_BSH1208_0h.mzML,434.3265,9264,8.76,8.76,8.94,GLCA,,#N/A
P2_D5_TCA_LCAG-95_BSH1208_0h.mzML,434.3265,5402,8.77,8.76,8.94,GLCA,,#N/A
P2_D6_GLCA_LCAG-95_BSH1208_0h.mzML,434.3265,182279376,8.85,8.76,8.94,GLCA,,#N/A
P2_D7_GDCA_LCAG-95_BSH1208_0h.mzML,434.3265,302588,8.78,8.76,8.94,GLCA,,#N/A
P2_D8_GCDCA_LCAG-95_BSH1208_0h.mzML,434.3265,75677,8.76,8.76,8.94,GLCA,,#N/A
P2_D9_GUDCA_LCAG-95_BSH1208_0h.mzML,434.3265,3629,8.77,8.76,8.94,GLCA,,#N/A
P2_D10_GCA_LCAG-95_BSH1208_0h.mzML,434.3265,19051,8.78,8.76,8.94,GLCA,,#N/A
P2_D11_BHI_50MeOH.mzML,434.3265,3169,8.87,8.76,8.94,GLCA,,#N/A
P2_D12_BHI_50DMSO_25MeOH.mzML,434.3265,9763,8.78,8.76,8.94,GLCA,,#N/A
P2_E1_TLCA_Ep_BSH101_0h.mzML,434.3265,4954,8.77,8.76,8.94,GLCA,,#N/A
P2_E2_TDCA_Ep_BSH101_0h.mzML,434.3265,16981,8.77,8.76,8.94,GLCA,,#N/A
P2_E3_TCDCA_Ep_BSH101_0h.mzML,434.3265,6314,8.77,8.76,8.94,GLCA,,#N/A
P2_E4_TUDCA_Ep_BSH101_0h.mzML,434.3265,2663,8.76,8.76,8.94,GLCA,,#N/A
P2_E5_TCA_Ep_BSH101_0h.mzML,434.3265,20893,8.79,8.76,8.94,GLCA,,#N/A
P2_E6_GLCA_Ep_BSH101_0h.mzML,434.3265,277804608,8.85,8.76,8.94,GLCA,,#N/A
P2_E7_GDCA_Ep_BSH101_0h.mzML,434.3265,222871,8.85,8.76,8.94,GLCA,,#N/A
P2_E8_GCDCA_Ep_BSH101_0h.mzML,434.3265,270704,8.85,8.76,8.94,GLCA,,#N/A
P2_E9_GUDCA_Ep_BSH101_0h.mzML,434.3265,61808,8.76,8.76,8.94,GLCA,,#N/A
P2_E10_GCA_Ep_BSH101_0h.mzML,434.3265,0,8.76,8.76,8.94,GLCA,,#N/A
P2_E11_BHI_50MeOH.mzML,434.3265,10214,8.78,8.76,8.94,GLCA,,#N/A
P2_E12_BHI_50DMSO_25MeOH.mzML,434.3265,8093,8.76,8.76,8.94,GLCA,,#N/A
P2_F1_TLCA_AZ-52_0h.mzML,434.3265,12530,8.77,8.76,8.94,GLCA,,#N/A
P2_F2_TDCA_AZ-52_0h.mzML,434.3265,50060,8.77,8.76,8.94,GLCA,,#N/A
P2_F3_TCDCA_AZ-52_0h.mzML,434.3265,103699,8.76,8.76,8.94,GLCA,,#N/A
P2_F4_TUDCA_AZ-52_0h.mzML,434.3265,11449,8.77,8.76,8.94,GLCA,,#N/A
P2_F5_TCA_AZ-52_0h.mzML,434.3265,8729,8.78,8.76,8.94,GLCA,,#N/A
P2_F6_GLCA_AZ-52_0h.mzML,434.3265,267917600,8.84,8.76,8.94,GLCA,,#N/A
P2_F7_GDCA_AZ-52_0h.mzML,434.3265,201505,8.85,8.76,8.94,GLCA,,#N/A
P2_F8_GCDCA_AZ-52_0h.mzML,434.3265,216183,8.85,8.76,8.94,GLCA,,#N/A
P2_F9_GUDCA_AZ-52_0h.mzML,434.3265,21915,8.77,8.76,8.94,GLCA,,#N/A
P2_F10_GCA_AZ-52_0h.mzML,434.3265,559,8.76,8.76,8.94,GLCA,,#N/A
P2_F11_BHI_50MeOH.mzML,434.3265,12288,8.77,8.76,8.94,GLCA,,#N/A
P2_F12_BHI_50DMSO_25MeOH.mzML,434.3265,9204,8.78,8.76,8.94,GLCA,,#N/A
P2_G1_TLCA_EcAZ-1-cat_0h.mzML,434.3265,15355,8.76,8.76,8.94,GLCA,,#N/A
P2_G2_TDCA_EcAZ-1-cat_0h.mzML,434.3265,10026,8.79,8.76,8.94,GLCA,,#N/A
P2_G3_TCDCA_EcAZ-1-cat_0h.mzML,434.3265,13465,8.78,8.76,8.94,GLCA,,#N/A
P2_G4_TUDCA_EcAZ-1-cat_0h.mzML,434.3265,20190,8.77,8.76,8.94,GLCA,,#N/A
P2_G5_TCA_EcAZ-1-cat_0h.mzML,434.3265,8920,8.77,8.76,8.94,GLCA,,#N/A
P2_G6_GLCA_EcAZ-1-cat_0h.mzML,434.3265,297484224,8.84,8.76,8.94,GLCA,,#N/A
P2_G7_GDCA_EcAZ-1-cat_0h.mzML,434.3265,274922,8.85,8.76,8.94,GLCA,,#N/A
P2_G8_GCDCA_EcAZ-1-cat_0h.mzML,434.3265,269843,8.85,8.76,8.94,GLCA,,#N/A
P2_G9_GUDCA_EcAZ-1-cat_0h.mzML,434.3265,10237,8.76,8.76,8.94,GLCA,,#N/A
P2_G10_GCA_EcAZ-1-cat_0h.mzML,434.3265,5215,8.77,8.76,8.94,GLCA,,#N/A
P2_G11_BHI_50MeOH.mzML,434.3265,14588,8.78,8.76,8.94,GLCA,,#N/A
P2_G12_BHI_50DMSO_25MeOH.mzML,434.3265,20875,8.78,8.76,8.94,GLCA,,#N/A
P2_H1_TLCA_ctrl_0h.mzML,434.3265,8994,8.77,8.76,8.94,GLCA,,#N/A
P2_H2_TDCA_ctrl_0h.mzML,434.3265,5946,8.79,8.76,8.94,GLCA,,#N/A
P2_H3_TCDCA_ctrl_0h.mzML,434.3265,16479,8.78,8.76,8.94,GLCA,,#N/A
P2_H4_TUDCA_ctrl_0h.mzML,434.3265,7496,8.79,8.76,8.94,GLCA,,#N/A
P2_H5_TCA_ctrl_0h.mzML,434.3265,6437,8.85,8.76,8.94,GLCA,,#N/A
P2_H6_GLCA_ctrl_0h.mzML,434.3265,360424032,8.85,8.76,8.94,GLCA,,#N/A
P2_H7_GDCA_ctrl_0h.mzML,434.3265,299580,8.85,8.76,8.94,GLCA,,#N/A
P2_H8_GCDCA_ctrl_0h.mzML,434.3265,262141,8.85,8.76,8.94,GLCA,,#N/A
P2_H9_GUDCA_ctrl_0h.mzML,434.3265,18139,8.87,8.76,8.94,GLCA,,#N/A
P2_H10_GCA_ctrl_0h.mzML,434.3265,11648,8.76,8.76,8.94,GLCA,,#N/A
P2_H11_BHI_50MeOH.mzML,434.3265,1936,8.81,8.76,8.94,GLCA,,#N/A
P2_H12_BHI_50DMSO_25MeOH.mzML,434.3265,3848,8.77,8.76,8.94,GLCA,,#N/A
TCA_std.mzML,434.3265,10587,8.78,8.76,8.94,GLCA,,#N/A
TCDCA_std.mzML,434.3265,7785,8.78,8.76,8.94,GLCA,,#N/A
TDCA_std.mzML,434.3265,6287,8.77,8.76,8.94,GLCA,,#N/A
TLCA_std.mzML,434.3265,9409,8.77,8.76,8.94,GLCA,,#N/A
TUDCA_std.mzML,434.3265,2338,8.78,8.76,8.94,GLCA,,#N/A
UDCA_aminoacids.mzML,434.3265,151533,8.85,8.76,8.94,GLCA,,#N/A
CA_aminoacids.mzML,450.3214,0,5.73,5.73,6.01,GUDCA,,#N/A
CA_DCA_LCA_aminoacids.mzML,450.3214,230885744,5.83,5.73,6.01,GUDCA,,#N/A
CDCA_aminoacids.mzML,450.3214,0,5.73,5.73,6.01,GUDCA,,#N/A
DCA_aminoacids.mzML,450.3214,42994,5.83,5.73,6.01,GUDCA,,#N/A
DCA_aminoacids_2.mzML,450.3214,133554,5.85,5.73,6.01,GUDCA,,#N/A
GCA_std.mzML,450.3214,0,5.73,5.73,6.01,GUDCA,,#N/A
GCDCA_std.mzML,450.3214,64860,5.85,5.73,6.01,GUDCA,,#N/A
GDCA_std.mzML,450.3214,30547,5.84,5.73,6.01,GUDCA,,#N/A
GLCA_std.mzML,450.3214,79677,5.86,5.73,6.01,GUDCA,,#N/A
GUDCA_std.mzML,450.3214,182653360,5.85,5.73,6.01,GUDCA,,#N/A
P2_A1_TLCA_Dny_BSH1_0h.mzML,450.3214,0,5.73,5.73,6.01,GUDCA,,#N/A
P2_A2_TDCA_Dny_BSH1_0h.mzML,450.3214,0,5.73,5.73,6.01,GUDCA,,#N/A
P2_A3_TCDCA_Dny_BSH1_0h.mzML,450.3214,0,5.73,5.73,6.01,GUDCA,,#N/A
P2_A4_TUDCA_Dny_BSH1_0h.mzML,450.3214,73197,5.87,5.73,6.01,GUDCA,,#N/A
P2_A5_TCA_Dny_BSH1_0h.mzML,450.3214,0,5.73,5.73,6.01,GUDCA,,#N/A
P2_A6_GLCA_Dny_BSH1_0h.mzML,450.3214,218001,5.9,5.73,6.01,GUDCA,,#N/A
P2_A7_GDCA_Dny_BSH1_0h.mzML,450.3214,92322,5.87,5.73,6.01,GUDCA,,#N/A
P2_A8_GCDCA_Dny_BSH1_0h.mzML,450.3214,126473,5.86,5.73,6.01,GUDCA,,#N/A
P2_A9_GUDCA_Dny_BSH1_0h.mzML,450.3214,791623872,5.88,5.73,6.01,GUDCA,,#N/A
P2_A10_GCA_Dny_BSH1_0h.mzML,450.3214,0,5.73,5.73,6.01,GUDCA,,#N/A
P2_A11_BHI_50MeOH.mzML,450.3214,0,5.73,5.73,6.01,GUDCA,,#N/A
P2_A12_BHI_50DMSO_25MeOH.mzML,450.3214,0,5.73,5.73,6.01,GUDCA,,#N/A
P2_B1_TLCA_Dny_BSH2_0h.mzML,450.3214,343,5.87,5.73,6.01,GUDCA,,#N/A
P2_B2_TDCA_Dny_BSH2_0h.mzML,450.3214,0,5.73,5.73,6.01,GUDCA,,#N/A
P2_B3_TCDCA_Dny_BSH2_0h.mzML,450.3214,1732,5.86,5.73,6.01,GUDCA,,#N/A
P2_B4_TUDCA_Dny_BSH2_0h.mzML,450.3214,1096,5.86,5.73,6.01,GUDCA,,#N/A
P2_B5_TCA_Dny_BSH2_0h.mzML,450.3214,0,5.73,5.73,6.01,GUDCA,,#N/A
P2_B6_GLCA_Dny_BSH2_0h.mzML,450.3214,172707,5.91,5.73,6.01,GUDCA,,#N/A
P2_B7_GDCA_Dny_BSH2_0h.mzML,450.3214,72416,5.87,5.73,6.01,GUDCA,,#N/A
P2_B8_GCDCA_Dny_BSH2_0h.mzML,450.3214,103086,5.87,5.73,6.01,GUDCA,,#N/A
P2_B9_GUDCA_Dny_BSH2_0h.mzML,450.3214,597642112,5.86,5.73,6.01,GUDCA,,#N/A
P2_B10_GCA_Dny_BSH2_0h.mzML,450.3214,5049,5.88,5.73,6.01,GUDCA,,#N/A
P2_B11_BHI_50MeOH.mzML,450.3214,0,5.73,5.73,6.01,GUDCA,,#N/A
P2_B12_BHI_50DMSO_25MeOH.mzML,450.3214,0,5.73,5.73,6.01,GUDCA,,#N/A
P2_C1_TLCA_Lgasseri_BSH_0h.mzML,450.3214,0,5.73,5.73,6.01,GUDCA,,#N/A
P2_C2_TDCA_Lgasseri_BSH_0h.mzML,450.3214,0,5.73,5.73,6.01,GUDCA,,#N/A
P2_C3_TCDCA_Lgasseri_BSH_0h.mzML,450.3214,0,5.73,5.73,6.01,GUDCA,,#N/A
P2_C4_TUDCA_Lgasseri_BSH_0h.mzML,450.3214,4330,5.85,5.73,6.01,GUDCA,,#N/A
P2_C5_TCA_Lgasseri_BSH_0h.mzML,450.3214,0,5.73,5.73,6.01,GUDCA,,#N/A
P2_C6_GLCA_Lgasseri_BSH_0h.mzML,450.3214,100374,5.9,5.73,6.01,GUDCA,,#N/A
P2_C7_GDCA_Lgasseri_BSH_0h.mzML,450.3214,43030,5.85,5.73,6.01,GUDCA,,#N/A
P2_C8_GCDCA_Lgasseri_BSH_0h.mzML,450.3214,74845,5.87,5.73,6.01,GUDCA,,#N/A
P2_C9_GUDCA_Lgasseri_BSH_0h.mzML,450.3214,546450304,5.86,5.73,6.01,GUDCA,,#N/A
P2_C10_GCA_Lgasseri_BSH_0h.mzML,450.3214,4013,5.87,5.73,6.01,GUDCA,,#N/A
P2_C11_BHI_50MeOH.mzML,450.3214,0,5.73,5.73,6.01,GUDCA,,#N/A
P2_C12_BHI_50DMSO_25MeOH.mzML,450.3214,0,5.73,5.73,6.01,GUDCA,,#N/A
P2_D1_TLCA_LCAG-95_BSH1208_0h.mzML,450.3214,0,5.73,5.73,6.01,GUDCA,,#N/A
P2_D2_TDCA_LCAG-95_BSH1208_0h.mzML,450.3214,0,5.73,5.73,6.01,GUDCA,,#N/A
P2_D3_TCDCA_LCAG-95_BSH1208_0h.mzML,450.3214,0,5.73,5.73,6.01,GUDCA,,#N/A
P2_D4_TUDCA_LCAG-95_BSH1208_0h.mzML,450.3214,56813,5.86,5.73,6.01,GUDCA,,#N/A
P2_D5_TCA_LCAG-95_BSH1208_0h.mzML,450.3214,0,5.73,5.73,6.01,GUDCA,,#N/A
P2_D6_GLCA_LCAG-95_BSH1208_0h.mzML,450.3214,166394,5.9,5.73,6.01,GUDCA,,#N/A
P2_D7_GDCA_LCAG-95_BSH1208_0h.mzML,450.3214,29602,5.86,5.73,6.01,GUDCA,,#N/A
P2_D8_GCDCA_LCAG-95_BSH1208_0h.mzML,450.3214,50579,5.86,5.73,6.01,GUDCA,,#N/A
P2_D9_GUDCA_LCAG-95_BSH1208_0h.mzML,450.3214,444099808,5.86,5.73,6.01,GUDCA,,#N/A
P2_D10_GCA_LCAG-95_BSH1208_0h.mzML,450.3214,0,5.73,5.73,6.01,GUDCA,,#N/A
P2_D11_BHI_50MeOH.mzML,450.3214,0,5.73,5.73,6.01,GUDCA,,#N/A
P2_D12_BHI_50DMSO_25MeOH.mzML,450.3214,0,5.73,5.73,6.01,GUDCA,,#N/A
P2_E1_TLCA_Ep_BSH101_0h.mzML,450.3214,0,5.73,5.73,6.01,GUDCA,,#N/A
P2_E2_TDCA_Ep_BSH101_0h.mzML,450.3214,0,5.73,5.73,6.01,GUDCA,,#N/A
P2_E3_TCDCA_Ep_BSH101_0h.mzML,450.3214,0,5.73,5.73,6.01,GUDCA,,#N/A
P2_E4_TUDCA_Ep_BSH101_0h.mzML,450.3214,2057,5.85,5.73,6.01,GUDCA,,#N/A
P2_E5_TCA_Ep_BSH101_0h.mzML,450.3214,0,5.73,5.73,6.01,GUDCA,,#N/A
P2_E6_GLCA_Ep_BSH101_0h.mzML,450.3214,167087,5.9,5.73,6.01,GUDCA,,#N/A
P2_E7_GDCA_Ep_BSH101_0h.mzML,450.3214,65862,5.86,5.73,6.01,GUDCA,,#N/A
P2_E8_GCDCA_Ep_BSH101_0h.mzML,450.3214,98235,5.87,5.73,6.01,GUDCA,,#N/A
P2_E9_GUDCA_Ep_BSH101_0h.mzML,450.3214,579568384,5.85,5.73,6.01,GUDCA,,#N/A
P2_E10_GCA_Ep_BSH101_0h.mzML,450.3214,3360,5.94,5.73,6.01,GUDCA,,#N/A
P2_E11_BHI_50MeOH.mzML,450.3214,0,5.73,5.73,6.01,GUDCA,,#N/A
P2_E12_BHI_50DMSO_25MeOH.mzML,450.3214,0,5.73,5.73,6.01,GUDCA,,#N/A
P2_F1_TLCA_AZ-52_0h.mzML,450.3214,771,5.92,5.73,6.01,GUDCA,,#N/A
P2_F2_TDCA_AZ-52_0h.mzML,450.3214,0,5.73,5.73,6.01,GUDCA,,#N/A
P2_F3_TCDCA_AZ-52_0h.mzML,450.3214,0,5.73,5.73,6.01,GUDCA,,#N/A
P2_F4_TUDCA_AZ-52_0h.mzML,450.3214,4278,5.87,5.73,6.01,GUDCA,,#N/A
P2_F5_TCA_AZ-52_0h.mzML,450.3214,0,5.73,5.73,6.01,GUDCA,,#N/A
P2_F6_GLCA_AZ-52_0h.mzML,450.3214,213985,5.9,5.73,6.01,GUDCA,,#N/A
P2_F7_GDCA_AZ-52_0h.mzML,450.3214,52556,5.86,5.73,6.01,GUDCA,,#N/A
P2_F8_GCDCA_AZ-52_0h.mzML,450.3214,81627,5.85,5.73,6.01,GUDCA,,#N/A
P2_F9_GUDCA_AZ-52_0h.mzML,450.3214,355086496,5.86,5.73,6.01,GUDCA,,#N/A
P2_F10_GCA_AZ-52_0h.mzML,450.3214,0,5.73,5.73,6.01,GUDCA,,#N/A
P2_F11_BHI_50MeOH.mzML,450.3214,839,5.92,5.73,6.01,GUDCA,,#N/A
P2_F12_BHI_50DMSO_25MeOH.mzML,450.3214,0,5.73,5.73,6.01,GUDCA,,#N/A
P2_G1_TLCA_EcAZ-1-cat_0h.mzML,450.3214,0,5.73,5.73,6.01,GUDCA,,#N/A
P2_G2_TDCA_EcAZ-1-cat_0h.mzML,450.3214,0,5.73,5.73,6.01,GUDCA,,#N/A
P2_G3_TCDCA_EcAZ-1-cat_0h.mzML,450.3214,0,5.73,5.73,6.01,GUDCA,,#N/A
P2_G4_TUDCA_EcAZ-1-cat_0h.mzML,450.3214,3887,5.87,5.73,6.01,GUDCA,,#N/A
P2_G5_TCA_EcAZ-1-cat_0h.mzML,450.3214,0,5.73,5.73,6.01,GUDCA,,#N/A
P2_G6_GLCA_EcAZ-1-cat_0h.mzML,450.3214,202264,5.9,5.73,6.01,GUDCA,,#N/A
P2_G7_GDCA_EcAZ-1-cat_0h.mzML,450.3214,67589,5.87,5.73,6.01,GUDCA,,#N/A
P2_G8_GCDCA_EcAZ-1-cat_0h.mzML,450.3214,83684,5.85,5.73,6.01,GUDCA,,#N/A
P2_G9_GUDCA_EcAZ-1-cat_0h.mzML,450.3214,585392064,5.87,5.73,6.01,GUDCA,,#N/A
P2_G10_GCA_EcAZ-1-cat_0h.mzML,450.3214,0,5.73,5.73,6.01,GUDCA,,#N/A
P2_G11_BHI_50MeOH.mzML,450.3214,0,5.73,5.73,6.01,GUDCA,,#N/A
P2_G12_BHI_50DMSO_25MeOH.mzML,450.3214,0,5.73,5.73,6.01,GUDCA,,#N/A
P2_H1_TLCA_ctrl_0h.mzML,450.3214,0,5.73,5.73,6.01,GUDCA,,#N/A
P2_H2_TDCA_ctrl_0h.mzML,450.3214,0,5.73,5.73,6.01,GUDCA,,#N/A
P2_H3_TCDCA_ctrl_0h.mzML,450.3214,0,5.73,5.73,6.01,GUDCA,,#N/A
P2_H4_TUDCA_ctrl_0h.mzML,450.3214,0,5.73,5.73,6.01,GUDCA,,#N/A
P2_H5_TCA_ctrl_0h.mzML,450.3214,0,5.73,5.73,6.01,GUDCA,,#N/A
P2_H6_GLCA_ctrl_0h.mzML,450.3214,241121,5.89,5.73,6.01,GUDCA,,#N/A
P2_H7_GDCA_ctrl_0h.mzML,450.3214,63971,5.85,5.73,6.01,GUDCA,,#N/A
P2_H8_GCDCA_ctrl_0h.mzML,450.3214,97059,5.87,5.73,6.01,GUDCA,,#N/A
P2_H9_GUDCA_ctrl_0h.mzML,450.3214,684085760,5.86,5.73,6.01,GUDCA,,#N/A
P2_H10_GCA_ctrl_0h.mzML,450.3214,2996,5.98,5.73,6.01,GUDCA,,#N/A
P2_H11_BHI_50MeOH.mzML,450.3214,425,5.82,5.73,6.01,GUDCA,,#N/A
P2_H12_BHI_50DMSO_25MeOH.mzML,450.3214,0,5.73,5.73,6.01,GUDCA,,#N/A
TCA_std.mzML,450.3214,0,5.73,5.73,6.01,GUDCA,,#N/A
TCDCA_std.mzML,450.3214,0,5.73,5.73,6.01,GUDCA,,#N/A
TDCA_std.mzML,450.3214,0,5.73,5.73,6.01,GUDCA,,#N/A
TLCA_std.mzML,450.3214,0,5.73,5.73,6.01,GUDCA,,#N/A
TUDCA_std.mzML,450.3214,0,5.73,5.73,6.01,GUDCA,,#N/A
UDCA_aminoacids.mzML,450.3214,21883,5.83,5.73,6.01,GUDCA,,#N/A
CA_aminoacids.mzML,516.299,0,4.57,4.57,4.83,TCAA,,#N/A
CA_DCA_LCA_aminoacids.mzML,516.299,242402,4.76,4.57,4.83,TCAA,,#N/A
CDCA_aminoacids.mzML,516.299,0,4.57,4.57,4.83,TCAA,,#N/A
DCA_aminoacids.mzML,516.299,0,4.57,4.57,4.83,TCAA,,#N/A
DCA_aminoacids_2.mzML,516.299,0,4.57,4.57,4.83,TCAA,,#N/A
GCA_std.mzML,516.299,0,4.57,4.57,4.83,TCAA,,#N/A
GCDCA_std.mzML,516.299,0,4.57,4.57,4.83,TCAA,,#N/A
GDCA_std.mzML,516.299,0,4.57,4.57,4.83,TCAA,,#N/A
GLCA_std.mzML,516.299,0,4.57,4.57,4.83,TCAA,,#N/A
GUDCA_std.mzML,516.299,0,4.57,4.57,4.83,TCAA,,#N/A
P2_A1_TLCA_Dny_BSH1_0h.mzML,516.299,0,4.57,4.57,4.83,TCAA,,#N/A
P2_A2_TDCA_Dny_BSH1_0h.mzML,516.299,55353,4.73,4.57,4.83,TCAA,,#N/A
P2_A3_TCDCA_Dny_BSH1_0h.mzML,516.299,17350,4.72,4.57,4.83,TCAA,,#N/A
P2_A4_TUDCA_Dny_BSH1_0h.mzML,516.299,0,4.57,4.57,4.83,TCAA,,#N/A
P2_A5_TCA_Dny_BSH1_0h.mzML,516.299,74831616,4.63,4.57,4.83,TCAA,,#N/A
P2_A6_GLCA_Dny_BSH1_0h.mzML,516.299,0,4.57,4.57,4.83,TCAA,,#N/A
P2_A7_GDCA_Dny_BSH1_0h.mzML,516.299,0,4.57,4.57,4.83,TCAA,,#N/A
P2_A8_GCDCA_Dny_BSH1_0h.mzML,516.299,0,4.57,4.57,4.83,TCAA,,#N/A
P2_A9_GUDCA_Dny_BSH1_0h.mzML,516.299,0,4.57,4.57,4.83,TCAA,,#N/A
P2_A10_GCA_Dny_BSH1_0h.mzML,516.299,0,4.57,4.57,4.83,TCAA,,#N/A
P2_A11_BHI_50MeOH.mzML,516.299,0,4.57,4.57,4.83,TCAA,,#N/A
P2_A12_BHI_50DMSO_25MeOH.mzML,516.299,0,4.57,4.57,4.83,TCAA,,#N/A
P2_B1_TLCA_Dny_BSH2_0h.mzML,516.299,0,4.57,4.57,4.83,TCAA,,#N/A
P2_B2_TDCA_Dny_BSH2_0h.mzML,516.299,0,4.57,4.57,4.83,TCAA,,#N/A
P2_B3_TCDCA_Dny_BSH2_0h.mzML,516.299,18336,4.71,4.57,4.83,TCAA,,#N/A
P2_B4_TUDCA_Dny_BSH2_0h.mzML,516.299,0,4.57,4.57,4.83,TCAA,,#N/A
P2_B5_TCA_Dny_BSH2_0h.mzML,516.299,61521216,4.65,4.57,4.83,TCAA,,#N/A
P2_B6_GLCA_Dny_BSH2_0h.mzML,516.299,3838,4.82,4.57,4.83,TCAA,,#N/A
P2_B7_GDCA_Dny_BSH2_0h.mzML,516.299,0,4.57,4.57,4.83,TCAA,,#N/A
P2_B8_GCDCA_Dny_BSH2_0h.mzML,516.299,0,4.57,4.57,4.83,TCAA,,#N/A
P2_B9_GUDCA_Dny_BSH2_0h.mzML,516.299,0,4.57,4.57,4.83,TCAA,,#N/A
P2_B10_GCA_Dny_BSH2_0h.mzML,516.299,0,4.57,4.57,4.83,TCAA,,#N/A
P2_B11_BHI_50MeOH.mzML,516.299,0,4.57,4.57,4.83,TCAA,,#N/A
P2_B12_BHI_50DMSO_25MeOH.mzML,516.299,0,4.57,4.57,4.83,TCAA,,#N/A
P2_C1_TLCA_Lgasseri_BSH_0h.mzML,516.299,0,4.57,4.57,4.83,TCAA,,#N/A
P2_C2_TDCA_Lgasseri_BSH_0h.mzML,516.299,0,4.57,4.57,4.83,TCAA,,#N/A
P2_C3_TCDCA_Lgasseri_BSH_0h.mzML,516.299,0,4.57,4.57,4.83,TCAA,,#N/A
P2_C4_TUDCA_Lgasseri_BSH_0h.mzML,516.299,0,4.57,4.57,4.83,TCAA,,#N/A
P2_C5_TCA_Lgasseri_BSH_0h.mzML,516.299,12743404,4.7,4.57,4.83,TCAA,,#N/A
P2_C6_GLCA_Lgasseri_BSH_0h.mzML,516.299,0,4.57,4.57,4.83,TCAA,,#N/A
P2_C7_GDCA_Lgasseri_BSH_0h.mzML,516.299,0,4.57,4.57,4.83,TCAA,,#N/A
P2_C8_GCDCA_Lgasseri_BSH_0h.mzML,516.299,0,4.57,4.57,4.83,TCAA,,#N/A
P2_C9_GUDCA_Lgasseri_BSH_0h.mzML,516.299,0,4.57,4.57,4.83,TCAA,,#N/A
P2_C10_GCA_Lgasseri_BSH_0h.mzML,516.299,0,4.57,4.57,4.83,TCAA,,#N/A
P2_C11_BHI_50MeOH.mzML,516.299,0,4.57,4.57,4.83,TCAA,,#N/A
P2_C12_BHI_50DMSO_25MeOH.mzML,516.299,0,4.57,4.57,4.83,TCAA,,#N/A
P2_D1_TLCA_LCAG-95_BSH1208_0h.mzML,516.299,0,4.57,4.57,4.83,TCAA,,#N/A
P2_D2_TDCA_LCAG-95_BSH1208_0h.mzML,516.299,36739,4.72,4.57,4.83,TCAA,,#N/A
P2_D3_TCDCA_LCAG-95_BSH1208_0h.mzML,516.299,0,4.57,4.57,4.83,TCAA,,#N/A
P2_D4_TUDCA_LCAG-95_BSH1208_0h.mzML,516.299,0,4.57,4.57,4.83,TCAA,,#N/A
P2_D5_TCA_LCAG-95_BSH1208_0h.mzML,516.299,59964516,4.63,4.57,4.83,TCAA,,#N/A
P2_D6_GLCA_LCAG-95_BSH1208_0h.mzML,516.299,0,4.57,4.57,4.83,TCAA,,#N/A
P2_D7_GDCA_LCAG-95_BSH1208_0h.mzML,516.299,0,4.57,4.57,4.83,TCAA,,#N/A
P2_D8_GCDCA_LCAG-95_BSH1208_0h.mzML,516.299,0,4.57,4.57,4.83,TCAA,,#N/A
P2_D9_GUDCA_LCAG-95_BSH1208_0h.mzML,516.299,0,4.57,4.57,4.83,TCAA,,#N/A
P2_D10_GCA_LCAG-95_BSH1208_0h.mzML,516.299,0,4.57,4.57,4.83,TCAA,,#N/A
P2_D11_BHI_50MeOH.mzML,516.299,0,4.57,4.57,4.83,TCAA,,#N/A
P2_D12_BHI_50DMSO_25MeOH.mzML,516.299,0,4.57,4.57,4.83,TCAA,,#N/A
P2_E1_TLCA_Ep_BSH101_0h.mzML,516.299,0,4.57,4.57,4.83,TCAA,,#N/A
P2_E2_TDCA_Ep_BSH101_0h.mzML,516.299,19186,4.71,4.57,4.83,TCAA,,#N/A
P2_E3_TCDCA_Ep_BSH101_0h.mzML,516.299,0,4.57,4.57,4.83,TCAA,,#N/A
P2_E4_TUDCA_Ep_BSH101_0h.mzML,516.299,0,4.57,4.57,4.83,TCAA,,#N/A
P2_E5_TCA_Ep_BSH101_0h.mzML,516.299,57538312,4.62,4.57,4.83,TCAA,,#N/A
P2_E6_GLCA_Ep_BSH101_0h.mzML,516.299,0,4.57,4.57,4.83,TCAA,,#N/A
P2_E7_GDCA_Ep_BSH101_0h.mzML,516.299,0,4.57,4.57,4.83,TCAA,,#N/A
P2_E8_GCDCA_Ep_BSH101_0h.mzML,516.299,0,4.57,4.57,4.83,TCAA,,#N/A
P2_E9_GUDCA_Ep_BSH101_0h.mzML,516.299,0,4.57,4.57,4.83,TCAA,,#N/A
P2_E10_GCA_Ep_BSH101_0h.mzML,516.299,0,4.57,4.57,4.83,TCAA,,#N/A
P2_E11_BHI_50MeOH.mzML,516.299,0,4.57,4.57,4.83,TCAA,,#N/A
P2_E12_BHI_50DMSO_25MeOH.mzML,516.299,0,4.57,4.57,4.83,TCAA,,#N/A
P2_F1_TLCA_AZ-52_0h.mzML,516.299,0,4.57,4.57,4.83,TCAA,,#N/A
P2_F2_TDCA_AZ-52_0h.mzML,516.299,20441,4.71,4.57,4.83,TCAA,,#N/A
P2_F3_TCDCA_AZ-52_0h.mzML,516.299,0,4.57,4.57,4.83,TCAA,,#N/A
P2_F4_TUDCA_AZ-52_0h.mzML,516.299,0,4.57,4.57,4.83,TCAA,,#N/A
P2_F5_TCA_AZ-52_0h.mzML,516.299,50747540,4.64,4.57,4.83,TCAA,,#N/A
P2_F6_GLCA_AZ-52_0h.mzML,516.299,0,4.57,4.57,4.83,TCAA,,#N/A
P2_F7_GDCA_AZ-52_0h.mzML,516.299,0,4.57,4.57,4.83,TCAA,,#N/A
P2_F8_GCDCA_AZ-52_0h.mzML,516.299,3598,4.58,4.57,4.83,TCAA,,#N/A
P2_F9_GUDCA_AZ-52_0h.mzML,516.299,0,4.57,4.57,4.83,TCAA,,#N/A
P2_F10_GCA_AZ-52_0h.mzML,516.299,0,4.57,4.57,4.83,TCAA,,#N/A
P2_F11_BHI_50MeOH.mzML,516.299,0,4.57,4.57,4.83,TCAA,,#N/A
P2_F12_BHI_50DMSO_25MeOH.mzML,516.299,0,4.57,4.57,4.83,TCAA,,#N/A
P2_G1_TLCA_EcAZ-1-cat_0h.mzML,516.299,0,4.57,4.57,4.83,TCAA,,#N/A
P2_G2_TDCA_EcAZ-1-cat_0h.mzML,516.299,51264,4.71,4.57,4.83,TCAA,,#N/A
P2_G3_TCDCA_EcAZ-1-cat_0h.mzML,516.299,0,4.57,4.57,4.83,TCAA,,#N/A
P2_G4_TUDCA_EcAZ-1-cat_0h.mzML,516.299,0,4.57,4.57,4.83,TCAA,,#N/A
P2_G5_TCA_EcAZ-1-cat_0h.mzML,516.299,60512316,4.63,4.57,4.83,TCAA,,#N/A
P2_G6_GLCA_EcAZ-1-cat_0h.mzML,516.299,0,4.57,4.57,4.83,TCAA,,#N/A
P2_G7_GDCA_EcAZ-1-cat_0h.mzML,516.299,0,4.57,4.57,4.83,TCAA,,#N/A
P2_G8_GCDCA_EcAZ-1-cat_0h.mzML,516.299,0,4.57,4.57,4.83,TCAA,,#N/A
P2_G9_GUDCA_EcAZ-1-cat_0h.mzML,516.299,0,4.57,4.57,4.83,TCAA,,#N/A
P2_G10_GCA_EcAZ-1-cat_0h.mzML,516.299,0,4.57,4.57,4.83,TCAA,,#N/A
P2_G11_BHI_50MeOH.mzML,516.299,0,4.57,4.57,4.83,TCAA,,#N/A
P2_G12_BHI_50DMSO_25MeOH.mzML,516.299,0,4.57,4.57,4.83,TCAA,,#N/A
P2_H1_TLCA_ctrl_0h.mzML,516.299,0,4.57,4.57,4.83,TCAA,,#N/A
P2_H2_TDCA_ctrl_0h.mzML,516.299,30110,4.72,4.57,4.83,TCAA,,#N/A
P2_H3_TCDCA_ctrl_0h.mzML,516.299,0,4.57,4.57,4.83,TCAA,,#N/A
P2_H4_TUDCA_ctrl_0h.mzML,516.299,0,4.57,4.57,4.83,TCAA,,#N/A
P2_H5_TCA_ctrl_0h.mzML,516.299,59001256,4.62,4.57,4.83,TCAA,,#N/A
P2_H6_GLCA_ctrl_0h.mzML,516.299,0,4.57,4.57,4.83,TCAA,,#N/A
P2_H7_GDCA_ctrl_0h.mzML,516.299,0,4.57,4.57,4.83,TCAA,,#N/A
P2_H8_GCDCA_ctrl_0h.mzML,516.299,0,4.57,4.57,4.83,TCAA,,#N/A
P2_H9_GUDCA_ctrl_0h.mzML,516.299,0,4.57,4.57,4.83,TCAA,,#N/A
P2_H10_GCA_ctrl_0h.mzML,516.299,0,4.57,4.57,4.83,TCAA,,#N/A
P2_H11_BHI_50MeOH.mzML,516.299,9438,4.72,4.57,4.83,TCAA,,#N/A
P2_H12_BHI_50DMSO_25MeOH.mzML,516.299,0,4.57,4.57,4.83,TCAA,,#N/A
TCA_std.mzML,516.299,3266419,4.69,4.57,4.83,TCAA,,#N/A
TCDCA_std.mzML,516.299,0,4.57,4.57,4.83,TCAA,,#N/A
TDCA_std.mzML,516.299,1590,4.69,4.57,4.83,TCAA,,#N/A
TLCA_std.mzML,516.299,0,4.57,4.57,4.83,TCAA,,#N/A
TUDCA_std.mzML,516.299,0,4.57,4.57,4.83,TCAA,,#N/A
UDCA_aminoacids.mzML,516.299,19139,4.58,4.57,4.83,TCAA,,#N/A
CA_aminoacids.mzML,500.304,0,6.35,6.35,6.62,TCDCA,,#N/A
CA_DCA_LCA_aminoacids.mzML,500.304,9720,6.36,6.35,6.62,TCDCA,,#N/A
CDCA_aminoacids.mzML,500.304,0,6.35,6.35,6.62,TCDCA,,#N/A
DCA_aminoacids.mzML,500.304,0,6.35,6.35,6.62,TCDCA,,#N/A
DCA_aminoacids_2.mzML,500.304,78366,6.41,6.35,6.62,TCDCA,,#N/A
GCA_std.mzML,500.304,0,6.35,6.35,6.62,TCDCA,,#N/A
GCDCA_std.mzML,500.304,0,6.35,6.35,6.62,TCDCA,,#N/A
GDCA_std.mzML,500.304,0,6.35,6.35,6.62,TCDCA,,#N/A
GLCA_std.mzML,500.304,0,6.35,6.35,6.62,TCDCA,,#N/A
GUDCA_std.mzML,500.304,0,6.35,6.35,6.62,TCDCA,,#N/A
P2_A1_TLCA_Dny_BSH1_0h.mzML,500.304,872,6.5,6.35,6.62,TCDCA,,#N/A
P2_A2_TDCA_Dny_BSH1_0h.mzML,500.304,0,6.35,6.35,6.62,TCDCA,,#N/A
P2_A3_TCDCA_Dny_BSH1_0h.mzML,500.304,83246584,6.42,6.35,6.62,TCDCA,,#N/A
P2_A4_TUDCA_Dny_BSH1_0h.mzML,500.304,686107,6.49,6.35,6.62,TCDCA,,#N/A
P2_A5_TCA_Dny_BSH1_0h.mzML,500.304,138837,6.48,6.35,6.62,TCDCA,,#N/A
P2_A6_GLCA_Dny_BSH1_0h.mzML,500.304,2695,6.49,6.35,6.62,TCDCA,,#N/A
P2_A7_GDCA_Dny_BSH1_0h.mzML,500.304,0,6.35,6.35,6.62,TCDCA,,#N/A
P2_A8_GCDCA_Dny_BSH1_0h.mzML,500.304,0,6.35,6.35,6.62,TCDCA,,#N/A
P2_A9_GUDCA_Dny_BSH1_0h.mzML,500.304,0,6.35,6.35,6.62,TCDCA,,#N/A
P2_A10_GCA_Dny_BSH1_0h.mzML,500.304,0,6.35,6.35,6.62,TCDCA,,#N/A
P2_A11_BHI_50MeOH.mzML,500.304,0,6.35,6.35,6.62,TCDCA,,#N/A
P2_A12_BHI_50DMSO_25MeOH.mzML,500.304,0,6.35,6.35,6.62,TCDCA,,#N/A
P2_B1_TLCA_Dny_BSH2_0h.mzML,500.304,635,6.52,6.35,6.62,TCDCA,,#N/A
P2_B2_TDCA_Dny_BSH2_0h.mzML,500.304,0,6.35,6.35,6.62,TCDCA,,#N/A
P2_B3_TCDCA_Dny_BSH2_0h.mzML,500.304,72646792,6.39,6.35,6.62,TCDCA,,#N/A
P2_B4_TUDCA_Dny_BSH2_0h.mzML,500.304,640438,6.47,6.35,6.62,TCDCA,,#N/A
P2_B5_TCA_Dny_BSH2_0h.mzML,500.304,147454,6.49,6.35,6.62,TCDCA,,#N/A
P2_B6_GLCA_Dny_BSH2_0h.mzML,500.304,768,6.47,6.35,6.62,TCDCA,,#N/A
P2_B7_GDCA_Dny_BSH2_0h.mzML,500.304,0,6.35,6.35,6.62,TCDCA,,#N/A
P2_B8_GCDCA_Dny_BSH2_0h.mzML,500.304,0,6.35,6.35,6.62,TCDCA,,#N/A
P2_B9_GUDCA_Dny_BSH2_0h.mzML,500.304,0,6.35,6.35,6.62,TCDCA,,#N/A
P2_B10_GCA_Dny_BSH2_0h.mzML,500.304,0,6.35,6.35,6.62,TCDCA,,#N/A
P2_B11_BHI_50MeOH.mzML,500.304,0,6.35,6.35,6.62,TCDCA,,#N/A
P2_B12_BHI_50DMSO_25MeOH.mzML,500.304,0,6.35,6.35,6.62,TCDCA,,#N/A
P2_C1_TLCA_Lgasseri_BSH_0h.mzML,500.304,0,6.35,6.35,6.62,TCDCA,,#N/A
P2_C2_TDCA_Lgasseri_BSH_0h.mzML,500.304,0,6.35,6.35,6.62,TCDCA,,#N/A
P2_C3_TCDCA_Lgasseri_BSH_0h.mzML,500.304,257920,6.48,6.35,6.62,TCDCA,,#N/A
P2_C4_TUDCA_Lgasseri_BSH_0h.mzML,500.304,40019,6.46,6.35,6.62,TCDCA,,#N/A
P2_C5_TCA_Lgasseri_BSH_0h.mzML,500.304,0,6.35,6.35,6.62,TCDCA,,#N/A
P2_C6_GLCA_Lgasseri_BSH_0h.mzML,500.304,0,6.35,6.35,6.62,TCDCA,,#N/A
P2_C7_GDCA_Lgasseri_BSH_0h.mzML,500.304,0,6.35,6.35,6.62,TCDCA,,#N/A
P2_C8_GCDCA_Lgasseri_BSH_0h.mzML,500.304,0,6.35,6.35,6.62,TCDCA,,#N/A
P2_C9_GUDCA_Lgasseri_BSH_0h.mzML,500.304,0,6.35,6.35,6.62,TCDCA,,#N/A
P2_C10_GCA_Lgasseri_BSH_0h.mzML,500.304,0,6.35,6.35,6.62,TCDCA,,#N/A
P2_C11_BHI_50MeOH.mzML,500.304,0,6.35,6.35,6.62,TCDCA,,#N/A
P2_C12_BHI_50DMSO_25MeOH.mzML,500.304,0,6.35,6.35,6.62,TCDCA,,#N/A
P2_D1_TLCA_LCAG-95_BSH1208_0h.mzML,500.304,0,6.35,6.35,6.62,TCDCA,,#N/A
P2_D2_TDCA_LCAG-95_BSH1208_0h.mzML,500.304,0,6.35,6.35,6.62,TCDCA,,#N/A
P2_D3_TCDCA_LCAG-95_BSH1208_0h.mzML,500.304,48376584,6.44,6.35,6.62,TCDCA,,#N/A
P2_D4_TUDCA_LCAG-95_BSH1208_0h.mzML,500.304,393260,6.49,6.35,6.62,TCDCA,,#N/A
P2_D5_TCA_LCAG-95_BSH1208_0h.mzML,500.304,84315,6.48,6.35,6.62,TCDCA,,#N/A
P2_D6_GLCA_LCAG-95_BSH1208_0h.mzML,500.304,0,6.35,6.35,6.62,TCDCA,,#N/A
P2_D7_GDCA_LCAG-95_BSH1208_0h.mzML,500.304,0,6.35,6.35,6.62,TCDCA,,#N/A
P2_D8_GCDCA_LCAG-95_BSH1208_0h.mzML,500.304,0,6.35,6.35,6.62,TCDCA,,#N/A
P2_D9_GUDCA_LCAG-95_BSH1208_0h.mzML,500.304,0,6.35,6.35,6.62,TCDCA,,#N/A
P2_D10_GCA_LCAG-95_BSH1208_0h.mzML,500.304,0,6.35,6.35,6.62,TCDCA,,#N/A
P2_D11_BHI_50MeOH.mzML,500.304,0,6.35,6.35,6.62,TCDCA,,#N/A
P2_D12_BHI_50DMSO_25MeOH.mzML,500.304,0,6.35,6.35,6.62,TCDCA,,#N/A
P2_E1_TLCA_Ep_BSH101_0h.mzML,500.304,2709,6.47,6.35,6.62,TCDCA,,#N/A
P2_E2_TDCA_Ep_BSH101_0h.mzML,500.304,0,6.35,6.35,6.62,TCDCA,,#N/A
P2_E3_TCDCA_Ep_BSH101_0h.mzML,500.304,80445800,6.4,6.35,6.62,TCDCA,,#N/A
P2_E4_TUDCA_Ep_BSH101_0h.mzML,500.304,742451,6.48,6.35,6.62,TCDCA,,#N/A
P2_E5_TCA_Ep_BSH101_0h.mzML,500.304,151454,6.48,6.35,6.62,TCDCA,,#N/A
P2_E6_GLCA_Ep_BSH101_0h.mzML,500.304,0,6.35,6.35,6.62,TCDCA,,#N/A
P2_E7_GDCA_Ep_BSH101_0h.mzML,500.304,0,6.35,6.35,6.62,TCDCA,,#N/A
P2_E8_GCDCA_Ep_BSH101_0h.mzML,500.304,0,6.35,6.35,6.62,TCDCA,,#N/A
P2_E9_GUDCA_Ep_BSH101_0h.mzML,500.304,0,6.35,6.35,6.62,TCDCA,,#N/A
P2_E10_GCA_Ep_BSH101_0h.mzML,500.304,0,6.35,6.35,6.62,TCDCA,,#N/A
P2_E11_BHI_50MeOH.mzML,500.304,0,6.35,6.35,6.62,TCDCA,,#N/A
P2_E12_BHI_50DMSO_25MeOH.mzML,500.304,0,6.35,6.35,6.62,TCDCA,,#N/A
P2_F1_TLCA_AZ-52_0h.mzML,500.304,0,6.35,6.35,6.62,TCDCA,,#N/A
P2_F2_TDCA_AZ-52_0h.mzML,500.304,0,6.35,6.35,6.62,TCDCA,,#N/A
P2_F3_TCDCA_AZ-52_0h.mzML,500.304,2316275,6.48,6.35,6.62,TCDCA,,#N/A
P2_F4_TUDCA_AZ-52_0h.mzML,500.304,100039,6.48,6.35,6.62,TCDCA,,#N/A
P2_F5_TCA_AZ-52_0h.mzML,500.304,0,6.35,6.35,6.62,TCDCA,,#N/A
P2_F6_GLCA_AZ-52_0h.mzML,500.304,0,6.35,6.35,6.62,TCDCA,,#N/A
P2_F7_GDCA_AZ-52_0h.mzML,500.304,0,6.35,6.35,6.62,TCDCA,,#N/A
P2_F8_GCDCA_AZ-52_0h.mzML,500.304,0,6.35,6.35,6.62,TCDCA,,#N/A
P2_F9_GUDCA_AZ-52_0h.mzML,500.304,0,6.35,6.35,6.62,TCDCA,,#N/A
P2_F10_GCA_AZ-52_0h.mzML,500.304,0,6.35,6.35,6.62,TCDCA,,#N/A
P2_F11_BHI_50MeOH.mzML,500.304,0,6.35,6.35,6.62,TCDCA,,#N/A
P2_F12_BHI_50DMSO_25MeOH.mzML,500.304,0,6.35,6.35,6.62,TCDCA,,#N/A
P2_G1_TLCA_EcAZ-1-cat_0h.mzML,500.304,0,6.35,6.35,6.62,TCDCA,,#N/A
P2_G2_TDCA_EcAZ-1-cat_0h.mzML,500.304,2977,6.61,6.35,6.62,TCDCA,,#N/A
P2_G3_TCDCA_EcAZ-1-cat_0h.mzML,500.304,87911256,6.38,6.35,6.62,TCDCA,,#N/A
P2_G4_TUDCA_EcAZ-1-cat_0h.mzML,500.304,785738,6.47,6.35,6.62,TCDCA,,#N/A
P2_G5_TCA_EcAZ-1-cat_0h.mzML,500.304,149835,6.47,6.35,6.62,TCDCA,,#N/A
P2_G6_GLCA_EcAZ-1-cat_0h.mzML,500.304,0,6.35,6.35,6.62,TCDCA,,#N/A
P2_G7_GDCA_EcAZ-1-cat_0h.mzML,500.304,0,6.35,6.35,6.62,TCDCA,,#N/A
P2_G8_GCDCA_EcAZ-1-cat_0h.mzML,500.304,0,6.35,6.35,6.62,TCDCA,,#N/A
P2_G9_GUDCA_EcAZ-1-cat_0h.mzML,500.304,0,6.35,6.35,6.62,TCDCA,,#N/A
P2_G10_GCA_EcAZ-1-cat_0h.mzML,500.304,0,6.35,6.35,6.62,TCDCA,,#N/A
P2_G11_BHI_50MeOH.mzML,500.304,0,6.35,6.35,6.62,TCDCA,,#N/A
P2_G12_BHI_50DMSO_25MeOH.mzML,500.304,0,6.35,6.35,6.62,TCDCA,,#N/A
P2_H1_TLCA_ctrl_0h.mzML,500.304,146980,6.47,6.35,6.62,TCDCA,,#N/A
P2_H2_TDCA_ctrl_0h.mzML,500.304,2034,6.46,6.35,6.62,TCDCA,,#N/A
P2_H3_TCDCA_ctrl_0h.mzML,500.304,93123016,6.38,6.35,6.62,TCDCA,,#N/A
P2_H4_TUDCA_ctrl_0h.mzML,500.304,633392,6.47,6.35,6.62,TCDCA,,#N/A
P2_H5_TCA_ctrl_0h.mzML,500.304,160144,6.48,6.35,6.62,TCDCA,,#N/A
P2_H6_GLCA_ctrl_0h.mzML,500.304,725,6.48,6.35,6.62,TCDCA,,#N/A
P2_H7_GDCA_ctrl_0h.mzML,500.304,0,6.35,6.35,6.62,TCDCA,,#N/A
P2_H8_GCDCA_ctrl_0h.mzML,500.304,1062,6.48,6.35,6.62,TCDCA,,#N/A
P2_H9_GUDCA_ctrl_0h.mzML,500.304,0,6.35,6.35,6.62,TCDCA,,#N/A
P2_H10_GCA_ctrl_0h.mzML,500.304,0,6.35,6.35,6.62,TCDCA,,#N/A
P2_H11_BHI_50MeOH.mzML,500.304,0,6.35,6.35,6.62,TCDCA,,#N/A
P2_H12_BHI_50DMSO_25MeOH.mzML,500.304,0,6.35,6.35,6.62,TCDCA,,#N/A
TCA_std.mzML,500.304,11890,6.46,6.35,6.62,TCDCA,,#N/A
TCDCA_std.mzML,500.304,4130896,6.45,6.35,6.62,TCDCA,,#N/A
TDCA_std.mzML,500.304,0,6.35,6.35,6.62,TCDCA,,#N/A
TLCA_std.mzML,500.304,0,6.35,6.35,6.62,TCDCA,,#N/A
TUDCA_std.mzML,500.304,264347,6.47,6.35,6.62,TCDCA,,#N/A
UDCA_aminoacids.mzML,500.304,31708,6.41,6.35,6.62,TCDCA,,#N/A
CA_aminoacids.mzML,500.304,0,6.67,6.67,7,TDCA,,#N/A
CA_DCA_LCA_aminoacids.mzML,500.304,0,6.67,6.67,7,TDCA,,#N/A
CDCA_aminoacids.mzML,500.304,0,6.67,6.67,7,TDCA,,#N/A
DCA_aminoacids.mzML,500.304,908,6.82,6.67,7,TDCA,,#N/A
DCA_aminoacids_2.mzML,500.304,523488,6.9,6.67,7,TDCA,,#N/A
GCA_std.mzML,500.304,0,6.67,6.67,7,TDCA,,#N/A
GCDCA_std.mzML,500.304,0,6.67,6.67,7,TDCA,,#N/A
GDCA_std.mzML,500.304,0,6.67,6.67,7,TDCA,,#N/A
GLCA_std.mzML,500.304,0,6.67,6.67,7,TDCA,,#N/A
GUDCA_std.mzML,500.304,0,6.67,6.67,7,TDCA,,#N/A
P2_A1_TLCA_Dny_BSH1_0h.mzML,500.304,837911,6.84,6.67,7,TDCA,,#N/A
P2_A2_TDCA_Dny_BSH1_0h.mzML,500.304,404076800,6.74,6.67,7,TDCA,,#N/A
P2_A3_TCDCA_Dny_BSH1_0h.mzML,500.304,2998726,6.67,6.67,7,TDCA,,#N/A
P2_A4_TUDCA_Dny_BSH1_0h.mzML,500.304,203194,6.83,6.67,7,TDCA,,#N/A
P2_A5_TCA_Dny_BSH1_0h.mzML,500.304,918870,6.84,6.67,7,TDCA,,#N/A
P2_A6_GLCA_Dny_BSH1_0h.mzML,500.304,83466,6.85,6.67,7,TDCA,,#N/A
P2_A7_GDCA_Dny_BSH1_0h.mzML,500.304,78086,6.83,6.67,7,TDCA,,#N/A
P2_A8_GCDCA_Dny_BSH1_0h.mzML,500.304,9311,6.84,6.67,7,TDCA,,#N/A
P2_A9_GUDCA_Dny_BSH1_0h.mzML,500.304,1445,6.84,6.67,7,TDCA,,#N/A
P2_A10_GCA_Dny_BSH1_0h.mzML,500.304,4133,6.82,6.67,7,TDCA,,#N/A
P2_A11_BHI_50MeOH.mzML,500.304,595,6.83,6.67,7,TDCA,,#N/A
P2_A12_BHI_50DMSO_25MeOH.mzML,500.304,3755,6.86,6.67,7,TDCA,,#N/A
P2_B1_TLCA_Dny_BSH2_0h.mzML,500.304,361357,6.85,6.67,7,TDCA,,#N/A
P2_B2_TDCA_Dny_BSH2_0h.mzML,500.304,412223200,6.74,6.67,7,TDCA,,#N/A
P2_B3_TCDCA_Dny_BSH2_0h.mzML,500.304,2635806,6.67,6.67,7,TDCA,,#N/A
P2_B4_TUDCA_Dny_BSH2_0h.mzML,500.304,131002,6.81,6.67,7,TDCA,,#N/A
P2_B5_TCA_Dny_BSH2_0h.mzML,500.304,1206867,6.84,6.67,7,TDCA,,#N/A
P2_B6_GLCA_Dny_BSH2_0h.mzML,500.304,77732,6.83,6.67,7,TDCA,,#N/A
P2_B7_GDCA_Dny_BSH2_0h.mzML,500.304,11584,6.83,6.67,7,TDCA,,#N/A
P2_B8_GCDCA_Dny_BSH2_0h.mzML,500.304,6341,6.83,6.67,7,TDCA,,#N/A
P2_B9_GUDCA_Dny_BSH2_0h.mzML,500.304,1752,6.82,6.67,7,TDCA,,#N/A
P2_B10_GCA_Dny_BSH2_0h.mzML,500.304,3478,6.82,6.67,7,TDCA,,#N/A
P2_B11_BHI_50MeOH.mzML,500.304,3801,6.85,6.67,7,TDCA,,#N/A
P2_B12_BHI_50DMSO_25MeOH.mzML,500.304,1098,6.84,6.67,7,TDCA,,#N/A
P2_C1_TLCA_Lgasseri_BSH_0h.mzML,500.304,854,6.84,6.67,7,TDCA,,#N/A
P2_C2_TDCA_Lgasseri_BSH_0h.mzML,500.304,47307,6.84,6.67,7,TDCA,,#N/A
P2_C3_TCDCA_Lgasseri_BSH_0h.mzML,500.304,20635,6.83,6.67,7,TDCA,,#N/A
P2_C4_TUDCA_Lgasseri_BSH_0h.mzML,500.304,25004,6.91,6.67,7,TDCA,,#N/A
P2_C5_TCA_Lgasseri_BSH_0h.mzML,500.304,36132,6.83,6.67,7,TDCA,,#N/A
P2_C6_GLCA_Lgasseri_BSH_0h.mzML,500.304,7740,6.83,6.67,7,TDCA,,#N/A
P2_C7_GDCA_Lgasseri_BSH_0h.mzML,500.304,0,6.67,6.67,7,TDCA,,#N/A
P2_C8_GCDCA_Lgasseri_BSH_0h.mzML,500.304,0,6.67,6.67,7,TDCA,,#N/A
P2_C9_GUDCA_Lgasseri_BSH_0h.mzML,500.304,0,6.67,6.67,7,TDCA,,#N/A
P2_C10_GCA_Lgasseri_BSH_0h.mzML,500.304,0,6.67,6.67,7,TDCA,,#N/A
P2_C11_BHI_50MeOH.mzML,500.304,0,6.67,6.67,7,TDCA,,#N/A
P2_C12_BHI_50DMSO_25MeOH.mzML,500.304,0,6.67,6.67,7,TDCA,,#N/A
P2_D1_TLCA_LCAG-95_BSH1208_0h.mzML,500.304,165055,6.83,6.67,7,TDCA,,#N/A
P2_D2_TDCA_LCAG-95_BSH1208_0h.mzML,500.304,396954656,6.74,6.67,7,TDCA,,#N/A
P2_D3_TCDCA_LCAG-95_BSH1208_0h.mzML,500.304,1505913,6.81,6.67,7,TDCA,,#N/A
P2_D4_TUDCA_LCAG-95_BSH1208_0h.mzML,500.304,172328,6.82,6.67,7,TDCA,,#N/A
P2_D5_TCA_LCAG-95_BSH1208_0h.mzML,500.304,1050534,6.83,6.67,7,TDCA,,#N/A
P2_D6_GLCA_LCAG-95_BSH1208_0h.mzML,500.304,66794,6.83,6.67,7,TDCA,,#N/A
P2_D7_GDCA_LCAG-95_BSH1208_0h.mzML,500.304,15356,6.82,6.67,7,TDCA,,#N/A
P2_D8_GCDCA_LCAG-95_BSH1208_0h.mzML,500.304,4816,6.84,6.67,7,TDCA,,#N/A
P2_D9_GUDCA_LCAG-95_BSH1208_0h.mzML,500.304,3259,6.8,6.67,7,TDCA,,#N/A
P2_D10_GCA_LCAG-95_BSH1208_0h.mzML,500.304,3243,6.81,6.67,7,TDCA,,#N/A
P2_D11_BHI_50MeOH.mzML,500.304,641,6.86,6.67,7,TDCA,,#N/A
P2_D12_BHI_50DMSO_25MeOH.mzML,500.304,1071,6.82,6.67,7,TDCA,,#N/A
P2_E1_TLCA_Ep_BSH101_0h.mzML,500.304,176863,6.82,6.67,7,TDCA,,#N/A
P2_E2_TDCA_Ep_BSH101_0h.mzML,500.304,375828224,6.71,6.67,7,TDCA,,#N/A
P2_E3_TCDCA_Ep_BSH101_0h.mzML,500.304,2417377,6.67,6.67,7,TDCA,,#N/A
P2_E4_TUDCA_Ep_BSH101_0h.mzML,500.304,169446,6.83,6.67,7,TDCA,,#N/A
P2_E5_TCA_Ep_BSH101_0h.mzML,500.304,1195953,6.81,6.67,7,TDCA,,#N/A
P2_E6_GLCA_Ep_BSH101_0h.mzML,500.304,64569,6.83,6.67,7,TDCA,,#N/A
P2_E7_GDCA_Ep_BSH101_0h.mzML,500.304,7559,6.84,6.67,7,TDCA,,#N/A
P2_E8_GCDCA_Ep_BSH101_0h.mzML,500.304,6752,6.8,6.67,7,TDCA,,#N/A
P2_E9_GUDCA_Ep_BSH101_0h.mzML,500.304,1008,6.81,6.67,7,TDCA,,#N/A
P2_E10_GCA_Ep_BSH101_0h.mzML,500.304,941,6.82,6.67,7,TDCA,,#N/A
P2_E11_BHI_50MeOH.mzML,500.304,379,6.83,6.67,7,TDCA,,#N/A
P2_E12_BHI_50DMSO_25MeOH.mzML,500.304,5005,6.81,6.67,7,TDCA,,#N/A
P2_F1_TLCA_AZ-52_0h.mzML,500.304,169580,6.81,6.67,7,TDCA,,#N/A
P2_F2_TDCA_AZ-52_0h.mzML,500.304,298688480,6.75,6.67,7,TDCA,,#N/A
P2_F3_TCDCA_AZ-52_0h.mzML,500.304,371807,6.81,6.67,7,TDCA,,#N/A
P2_F4_TUDCA_AZ-52_0h.mzML,500.304,110246,6.8,6.67,7,TDCA,,#N/A
P2_F5_TCA_AZ-52_0h.mzML,500.304,803354,6.81,6.67,7,TDCA,,#N/A
P2_F6_GLCA_AZ-52_0h.mzML,500.304,68575,6.82,6.67,7,TDCA,,#N/A
P2_F7_GDCA_AZ-52_0h.mzML,500.304,2766,6.81,6.67,7,TDCA,,#N/A
P2_F8_GCDCA_AZ-52_0h.mzML,500.304,2862,6.85,6.67,7,TDCA,,#N/A
P2_F9_GUDCA_AZ-52_0h.mzML,500.304,1604,6.81,6.67,7,TDCA,,#N/A
P2_F10_GCA_AZ-52_0h.mzML,500.304,493,6.81,6.67,7,TDCA,,#N/A
P2_F11_BHI_50MeOH.mzML,500.304,1365,6.82,6.67,7,TDCA,,#N/A
P2_F12_BHI_50DMSO_25MeOH.mzML,500.304,3363,6.85,6.67,7,TDCA,,#N/A
P2_G1_TLCA_EcAZ-1-cat_0h.mzML,500.304,207808,6.81,6.67,7,TDCA,,#N/A
P2_G2_TDCA_EcAZ-1-cat_0h.mzML,500.304,429921440,6.7,6.67,7,TDCA,,#N/A
P2_G3_TCDCA_EcAZ-1-cat_0h.mzML,500.304,2649443,6.67,6.67,7,TDCA,,#N/A
P2_G4_TUDCA_EcAZ-1-cat_0h.mzML,500.304,160601,6.81,6.67,7,TDCA,,#N/A
P2_G5_TCA_EcAZ-1-cat_0h.mzML,500.304,1189020,6.8,6.67,7,TDCA,,#N/A
P2_G6_GLCA_EcAZ-1-cat_0h.mzML,500.304,77730,6.81,6.67,7,TDCA,,#N/A
P2_G7_GDCA_EcAZ-1-cat_0h.mzML,500.304,5436,6.82,6.67,7,TDCA,,#N/A
P2_G8_GCDCA_EcAZ-1-cat_0h.mzML,500.304,8443,6.8,6.67,7,TDCA,,#N/A
P2_G9_GUDCA_EcAZ-1-cat_0h.mzML,500.304,2705,6.83,6.67,7,TDCA,,#N/A
P2_G10_GCA_EcAZ-1-cat_0h.mzML,500.304,2511,6.79,6.67,7,TDCA,,#N/A
P2_G11_BHI_50MeOH.mzML,500.304,2257,6.8,6.67,7,TDCA,,#N/A
P2_G12_BHI_50DMSO_25MeOH.mzML,500.304,3621,6.84,6.67,7,TDCA,,#N/A
P2_H1_TLCA_ctrl_0h.mzML,500.304,976143,6.8,6.67,7,TDCA,,#N/A
P2_H2_TDCA_ctrl_0h.mzML,500.304,408170624,6.69,6.67,7,TDCA,,#N/A
P2_H3_TCDCA_ctrl_0h.mzML,500.304,2990331,6.68,6.67,7,TDCA,,#N/A
P2_H4_TUDCA_ctrl_0h.mzML,500.304,162793,6.8,6.67,7,TDCA,,#N/A
P2_H5_TCA_ctrl_0h.mzML,500.304,1269382,6.81,6.67,7,TDCA,,#N/A
P2_H6_GLCA_ctrl_0h.mzML,500.304,93567,6.8,6.67,7,TDCA,,#N/A
P2_H7_GDCA_ctrl_0h.mzML,500.304,7481,6.83,6.67,7,TDCA,,#N/A
P2_H8_GCDCA_ctrl_0h.mzML,500.304,8794,6.83,6.67,7,TDCA,,#N/A
P2_H9_GUDCA_ctrl_0h.mzML,500.304,4872,6.81,6.67,7,TDCA,,#N/A
P2_H10_GCA_ctrl_0h.mzML,500.304,7493,6.8,6.67,7,TDCA,,#N/A
P2_H11_BHI_50MeOH.mzML,500.304,2155,6.87,6.67,7,TDCA,,#N/A
P2_H12_BHI_50DMSO_25MeOH.mzML,500.304,2806,6.82,6.67,7,TDCA,,#N/A
TCA_std.mzML,500.304,86816,6.8,6.67,7,TDCA,,#N/A
TCDCA_std.mzML,500.304,110849,6.68,6.67,7,TDCA,,#N/A
TDCA_std.mzML,500.304,26638902,6.8,6.67,7,TDCA,,#N/A
TLCA_std.mzML,500.304,2321,6.82,6.67,7,TDCA,,#N/A
TUDCA_std.mzML,500.304,29442,6.8,6.67,7,TDCA,,#N/A
UDCA_aminoacids.mzML,500.304,1967,6.88,6.67,7,TDCA,,#N/A
CA_aminoacids.mzML,484.3091,0,8.54,8.54,8.77,TLCA,,#N/A
CA_DCA_LCA_aminoacids.mzML,484.3091,0,8.54,8.54,8.77,TLCA,,#N/A
CDCA_aminoacids.mzML,484.3091,0,8.54,8.54,8.77,TLCA,,#N/A
DCA_aminoacids.mzML,484.3091,0,8.54,8.54,8.77,TLCA,,#N/A
DCA_aminoacids_2.mzML,484.3091,0,8.54,8.54,8.77,TLCA,,#N/A
GCA_std.mzML,484.3091,0,8.54,8.54,8.77,TLCA,,#N/A
GCDCA_std.mzML,484.3091,0,8.54,8.54,8.77,TLCA,,#N/A
GDCA_std.mzML,484.3091,0,8.54,8.54,8.77,TLCA,,#N/A
GLCA_std.mzML,484.3091,0,8.54,8.54,8.77,TLCA,,#N/A
GUDCA_std.mzML,484.3091,0,8.54,8.54,8.77,TLCA,,#N/A
P2_A1_TLCA_Dny_BSH1_0h.mzML,484.3091,148144768,8.61,8.54,8.77,TLCA,,#N/A
P2_A2_TDCA_Dny_BSH1_0h.mzML,484.3091,372501,8.63,8.54,8.77,TLCA,,#N/A
P2_A3_TCDCA_Dny_BSH1_0h.mzML,484.3091,298412,8.63,8.54,8.77,TLCA,,#N/A
P2_A4_TUDCA_Dny_BSH1_0h.mzML,484.3091,153861,8.64,8.54,8.77,TLCA,,#N/A
P2_A5_TCA_Dny_BSH1_0h.mzML,484.3091,74185,8.64,8.54,8.77,TLCA,,#N/A
P2_A6_GLCA_Dny_BSH1_0h.mzML,484.3091,54547,8.63,8.54,8.77,TLCA,,#N/A
P2_A7_GDCA_Dny_BSH1_0h.mzML,484.3091,26444,8.63,8.54,8.77,TLCA,,#N/A
P2_A8_GCDCA_Dny_BSH1_0h.mzML,484.3091,3549,8.63,8.54,8.77,TLCA,,#N/A
P2_A9_GUDCA_Dny_BSH1_0h.mzML,484.3091,0,8.54,8.54,8.77,TLCA,,#N/A
P2_A10_GCA_Dny_BSH1_0h.mzML,484.3091,0,8.54,8.54,8.77,TLCA,,#N/A
P2_A11_BHI_50MeOH.mzML,484.3091,0,8.54,8.54,8.77,TLCA,,#N/A
P2_A12_BHI_50DMSO_25MeOH.mzML,484.3091,0,8.54,8.54,8.77,TLCA,,#N/A
P2_B1_TLCA_Dny_BSH2_0h.mzML,484.3091,140755424,8.59,8.54,8.77,TLCA,,#N/A
P2_B2_TDCA_Dny_BSH2_0h.mzML,484.3091,664970,8.62,8.54,8.77,TLCA,,#N/A
P2_B3_TCDCA_Dny_BSH2_0h.mzML,484.3091,300432,8.62,8.54,8.77,TLCA,,#N/A
P2_B4_TUDCA_Dny_BSH2_0h.mzML,484.3091,235212,8.62,8.54,8.77,TLCA,,#N/A
P2_B5_TCA_Dny_BSH2_0h.mzML,484.3091,63122,8.63,8.54,8.77,TLCA,,#N/A
P2_B6_GLCA_Dny_BSH2_0h.mzML,484.3091,45477,8.62,8.54,8.77,TLCA,,#N/A
P2_B7_GDCA_Dny_BSH2_0h.mzML,484.3091,38023,8.63,8.54,8.77,TLCA,,#N/A
P2_B8_GCDCA_Dny_BSH2_0h.mzML,484.3091,6995,8.64,8.54,8.77,TLCA,,#N/A
P2_B9_GUDCA_Dny_BSH2_0h.mzML,484.3091,0,8.54,8.54,8.77,TLCA,,#N/A
P2_B10_GCA_Dny_BSH2_0h.mzML,484.3091,0,8.54,8.54,8.77,TLCA,,#N/A
P2_B11_BHI_50MeOH.mzML,484.3091,0,8.54,8.54,8.77,TLCA,,#N/A
P2_B12_BHI_50DMSO_25MeOH.mzML,484.3091,0,8.54,8.54,8.77,TLCA,,#N/A
P2_C1_TLCA_Lgasseri_BSH_0h.mzML,484.3091,651875,8.63,8.54,8.77,TLCA,,#N/A
P2_C2_TDCA_Lgasseri_BSH_0h.mzML,484.3091,0,8.54,8.54,8.77,TLCA,,#N/A
P2_C3_TCDCA_Lgasseri_BSH_0h.mzML,484.3091,0,8.54,8.54,8.77,TLCA,,#N/A
P2_C4_TUDCA_Lgasseri_BSH_0h.mzML,484.3091,0,8.54,8.54,8.77,TLCA,,#N/A
P2_C5_TCA_Lgasseri_BSH_0h.mzML,484.3091,0,8.54,8.54,8.77,TLCA,,#N/A
P2_C6_GLCA_Lgasseri_BSH_0h.mzML,484.3091,936,8.63,8.54,8.77,TLCA,,#N/A
P2_C7_GDCA_Lgasseri_BSH_0h.mzML,484.3091,0,8.54,8.54,8.77,TLCA,,#N/A
P2_C8_GCDCA_Lgasseri_BSH_0h.mzML,484.3091,0,8.54,8.54,8.77,TLCA,,#N/A
P2_C9_GUDCA_Lgasseri_BSH_0h.mzML,484.3091,0,8.54,8.54,8.77,TLCA,,#N/A
P2_C10_GCA_Lgasseri_BSH_0h.mzML,484.3091,0,8.54,8.54,8.77,TLCA,,#N/A
P2_C11_BHI_50MeOH.mzML,484.3091,0,8.54,8.54,8.77,TLCA,,#N/A
P2_C12_BHI_50DMSO_25MeOH.mzML,484.3091,0,8.54,8.54,8.77,TLCA,,#N/A
P2_D1_TLCA_LCAG-95_BSH1208_0h.mzML,484.3091,80799376,8.62,8.54,8.77,TLCA,,#N/A
P2_D2_TDCA_LCAG-95_BSH1208_0h.mzML,484.3091,210652,8.64,8.54,8.77,TLCA,,#N/A
P2_D3_TCDCA_LCAG-95_BSH1208_0h.mzML,484.3091,119366,8.64,8.54,8.77,TLCA,,#N/A
P2_D4_TUDCA_LCAG-95_BSH1208_0h.mzML,484.3091,88365,8.64,8.54,8.77,TLCA,,#N/A
P2_D5_TCA_LCAG-95_BSH1208_0h.mzML,484.3091,15198,8.63,8.54,8.77,TLCA,,#N/A
P2_D6_GLCA_LCAG-95_BSH1208_0h.mzML,484.3091,12723,8.64,8.54,8.77,TLCA,,#N/A
P2_D7_GDCA_LCAG-95_BSH1208_0h.mzML,484.3091,3632,8.63,8.54,8.77,TLCA,,#N/A
P2_D8_GCDCA_LCAG-95_BSH1208_0h.mzML,484.3091,0,8.54,8.54,8.77,TLCA,,#N/A
P2_D9_GUDCA_LCAG-95_BSH1208_0h.mzML,484.3091,0,8.54,8.54,8.77,TLCA,,#N/A
P2_D10_GCA_LCAG-95_BSH1208_0h.mzML,484.3091,0,8.54,8.54,8.77,TLCA,,#N/A
P2_D11_BHI_50MeOH.mzML,484.3091,0,8.54,8.54,8.77,TLCA,,#N/A
P2_D12_BHI_50DMSO_25MeOH.mzML,484.3091,0,8.54,8.54,8.77,TLCA,,#N/A
P2_E1_TLCA_Ep_BSH101_0h.mzML,484.3091,89261672,8.61,8.54,8.77,TLCA,,#N/A
P2_E2_TDCA_Ep_BSH101_0h.mzML,484.3091,277271,8.62,8.54,8.77,TLCA,,#N/A
P2_E3_TCDCA_Ep_BSH101_0h.mzML,484.3091,233634,8.63,8.54,8.77,TLCA,,#N/A
P2_E4_TUDCA_Ep_BSH101_0h.mzML,484.3091,149554,8.64,8.54,8.77,TLCA,,#N/A
P2_E5_TCA_Ep_BSH101_0h.mzML,484.3091,42890,8.63,8.54,8.77,TLCA,,#N/A
P2_E6_GLCA_Ep_BSH101_0h.mzML,484.3091,14389,8.63,8.54,8.77,TLCA,,#N/A
P2_E7_GDCA_Ep_BSH101_0h.mzML,484.3091,2615,8.63,8.54,8.77,TLCA,,#N/A
P2_E8_GCDCA_Ep_BSH101_0h.mzML,484.3091,0,8.54,8.54,8.77,TLCA,,#N/A
P2_E9_GUDCA_Ep_BSH101_0h.mzML,484.3091,0,8.54,8.54,8.77,TLCA,,#N/A
P2_E10_GCA_Ep_BSH101_0h.mzML,484.3091,0,8.54,8.54,8.77,TLCA,,#N/A
P2_E11_BHI_50MeOH.mzML,484.3091,0,8.54,8.54,8.77,TLCA,,#N/A
P2_E12_BHI_50DMSO_25MeOH.mzML,484.3091,0,8.54,8.54,8.77,TLCA,,#N/A
P2_F1_TLCA_AZ-52_0h.mzML,484.3091,11797325,8.62,8.54,8.77,TLCA,,#N/A
P2_F2_TDCA_AZ-52_0h.mzML,484.3091,17617,8.62,8.54,8.77,TLCA,,#N/A
P2_F3_TCDCA_AZ-52_0h.mzML,484.3091,0,8.54,8.54,8.77,TLCA,,#N/A
P2_F4_TUDCA_AZ-52_0h.mzML,484.3091,0,8.54,8.54,8.77,TLCA,,#N/A
P2_F5_TCA_AZ-52_0h.mzML,484.3091,0,8.54,8.54,8.77,TLCA,,#N/A
P2_F6_GLCA_AZ-52_0h.mzML,484.3091,0,8.54,8.54,8.77,TLCA,,#N/A
P2_F7_GDCA_AZ-52_0h.mzML,484.3091,0,8.54,8.54,8.77,TLCA,,#N/A
P2_F8_GCDCA_AZ-52_0h.mzML,484.3091,0,8.54,8.54,8.77,TLCA,,#N/A
P2_F9_GUDCA_AZ-52_0h.mzML,484.3091,0,8.54,8.54,8.77,TLCA,,#N/A
P2_F10_GCA_AZ-52_0h.mzML,484.3091,0,8.54,8.54,8.77,TLCA,,#N/A
P2_F11_BHI_50MeOH.mzML,484.3091,0,8.54,8.54,8.77,TLCA,,#N/A
P2_F12_BHI_50DMSO_25MeOH.mzML,484.3091,0,8.54,8.54,8.77,TLCA,,#N/A
P2_G1_TLCA_EcAZ-1-cat_0h.mzML,484.3091,123123072,8.6,8.54,8.77,TLCA,,#N/A
P2_G2_TDCA_EcAZ-1-cat_0h.mzML,484.3091,503355,8.62,8.54,8.77,TLCA,,#N/A
P2_G3_TCDCA_EcAZ-1-cat_0h.mzML,484.3091,364157,8.63,8.54,8.77,TLCA,,#N/A
P2_G4_TUDCA_EcAZ-1-cat_0h.mzML,484.3091,191170,8.62,8.54,8.77,TLCA,,#N/A
P2_G5_TCA_EcAZ-1-cat_0h.mzML,484.3091,63543,8.61,8.54,8.77,TLCA,,#N/A
P2_G6_GLCA_EcAZ-1-cat_0h.mzML,484.3091,37118,8.62,8.54,8.77,TLCA,,#N/A
P2_G7_GDCA_EcAZ-1-cat_0h.mzML,484.3091,6478,8.63,8.54,8.77,TLCA,,#N/A
P2_G8_GCDCA_EcAZ-1-cat_0h.mzML,484.3091,0,8.54,8.54,8.77,TLCA,,#N/A
P2_G9_GUDCA_EcAZ-1-cat_0h.mzML,484.3091,2037,8.62,8.54,8.77,TLCA,,#N/A
P2_G10_GCA_EcAZ-1-cat_0h.mzML,484.3091,0,8.54,8.54,8.77,TLCA,,#N/A
P2_G11_BHI_50MeOH.mzML,484.3091,0,8.54,8.54,8.77,TLCA,,#N/A
P2_G12_BHI_50DMSO_25MeOH.mzML,484.3091,0,8.54,8.54,8.77,TLCA,,#N/A
P2_H1_TLCA_ctrl_0h.mzML,484.3091,107481592,8.61,8.54,8.77,TLCA,,#N/A
P2_H2_TDCA_ctrl_0h.mzML,484.3091,392807,8.63,8.54,8.77,TLCA,,#N/A
P2_H3_TCDCA_ctrl_0h.mzML,484.3091,323984,8.63,8.54,8.77,TLCA,,#N/A
P2_H4_TUDCA_ctrl_0h.mzML,484.3091,160061,8.63,8.54,8.77,TLCA,,#N/A
P2_H5_TCA_ctrl_0h.mzML,484.3091,38624,8.62,8.54,8.77,TLCA,,#N/A
P2_H6_GLCA_ctrl_0h.mzML,484.3091,21012,8.63,8.54,8.77,TLCA,,#N/A
P2_H7_GDCA_ctrl_0h.mzML,484.3091,1997,8.63,8.54,8.77,TLCA,,#N/A
P2_H8_GCDCA_ctrl_0h.mzML,484.3091,0,8.54,8.54,8.77,TLCA,,#N/A
P2_H9_GUDCA_ctrl_0h.mzML,484.3091,0,8.54,8.54,8.77,TLCA,,#N/A
P2_H10_GCA_ctrl_0h.mzML,484.3091,0,8.54,8.54,8.77,TLCA,,#N/A
P2_H11_BHI_50MeOH.mzML,484.3091,0,8.54,8.54,8.77,TLCA,,#N/A
P2_H12_BHI_50DMSO_25MeOH.mzML,484.3091,0,8.54,8.54,8.77,TLCA,,#N/A
TCA_std.mzML,484.3091,0,8.54,8.54,8.77,TLCA,,#N/A
TCDCA_std.mzML,484.3091,7623,8.61,8.54,8.77,TLCA,,#N/A
TDCA_std.mzML,484.3091,1910,8.62,8.54,8.77,TLCA,,#N/A
TLCA_std.mzML,484.3091,12279296,8.62,8.54,8.77,TLCA,,#N/A
TUDCA_std.mzML,484.3091,49857,8.62,8.54,8.77,TLCA,,#N/A
UDCA_aminoacids.mzML,484.3091,0,8.54,8.54,8.77,TLCA,,#N/A
CA_aminoacids.mzML,500.304,0,4.45,4.45,4.81,TUDCA,,#N/A
CA_DCA_LCA_aminoacids.mzML,500.304,0,4.45,4.45,4.81,TUDCA,,#N/A
CDCA_aminoacids.mzML,500.304,0,4.45,4.45,4.81,TUDCA,,#N/A
DCA_aminoacids.mzML,500.304,0,4.45,4.45,4.81,TUDCA,,#N/A
DCA_aminoacids_2.mzML,500.304,0,4.45,4.45,4.81,TUDCA,,#N/A
GCA_std.mzML,500.304,0,4.45,4.45,4.81,TUDCA,,#N/A
GCDCA_std.mzML,500.304,0,4.45,4.45,4.81,TUDCA,,#N/A
GDCA_std.mzML,500.304,0,4.45,4.45,4.81,TUDCA,,#N/A
GLCA_std.mzML,500.304,0,4.45,4.45,4.81,TUDCA,,#N/A
GUDCA_std.mzML,500.304,0,4.45,4.45,4.81,TUDCA,,#N/A
P2_A1_TLCA_Dny_BSH1_0h.mzML,500.304,3454,4.5,4.45,4.81,TUDCA,,#N/A
P2_A2_TDCA_Dny_BSH1_0h.mzML,500.304,0,4.45,4.45,4.81,TUDCA,,#N/A
P2_A3_TCDCA_Dny_BSH1_0h.mzML,500.304,24238,4.53,4.45,4.81,TUDCA,,#N/A
P2_A4_TUDCA_Dny_BSH1_0h.mzML,500.304,221476128,4.54,4.45,4.81,TUDCA,,#N/A
P2_A5_TCA_Dny_BSH1_0h.mzML,500.304,25790,4.58,4.45,4.81,TUDCA,,#N/A
P2_A6_GLCA_Dny_BSH1_0h.mzML,500.304,131704,4.66,4.45,4.81,TUDCA,,#N/A
P2_A7_GDCA_Dny_BSH1_0h.mzML,500.304,0,4.45,4.45,4.81,TUDCA,,#N/A
P2_A8_GCDCA_Dny_BSH1_0h.mzML,500.304,9078,4.52,4.45,4.81,TUDCA,,#N/A
P2_A9_GUDCA_Dny_BSH1_0h.mzML,500.304,0,4.45,4.45,4.81,TUDCA,,#N/A
P2_A10_GCA_Dny_BSH1_0h.mzML,500.304,0,4.45,4.45,4.81,TUDCA,,#N/A
P2_A11_BHI_50MeOH.mzML,500.304,0,4.45,4.45,4.81,TUDCA,,#N/A
P2_A12_BHI_50DMSO_25MeOH.mzML,500.304,0,4.45,4.45,4.81,TUDCA,,#N/A
P2_B1_TLCA_Dny_BSH2_0h.mzML,500.304,1727,4.58,4.45,4.81,TUDCA,,#N/A
P2_B2_TDCA_Dny_BSH2_0h.mzML,500.304,0,4.45,4.45,4.81,TUDCA,,#N/A
P2_B3_TCDCA_Dny_BSH2_0h.mzML,500.304,4241,4.8,4.45,4.81,TUDCA,,#N/A
P2_B4_TUDCA_Dny_BSH2_0h.mzML,500.304,139930320,4.55,4.45,4.81,TUDCA,,#N/A
P2_B5_TCA_Dny_BSH2_0h.mzML,500.304,16789,4.52,4.45,4.81,TUDCA,,#N/A
P2_B6_GLCA_Dny_BSH2_0h.mzML,500.304,66105,4.64,4.45,4.81,TUDCA,,#N/A
P2_B7_GDCA_Dny_BSH2_0h.mzML,500.304,0,4.45,4.45,4.81,TUDCA,,#N/A
P2_B8_GCDCA_Dny_BSH2_0h.mzML,500.304,4287,4.47,4.45,4.81,TUDCA,,#N/A
P2_B9_GUDCA_Dny_BSH2_0h.mzML,500.304,2073,4.6,4.45,4.81,TUDCA,,#N/A
P2_B10_GCA_Dny_BSH2_0h.mzML,500.304,7102,4.52,4.45,4.81,TUDCA,,#N/A
P2_B11_BHI_50MeOH.mzML,500.304,0,4.45,4.45,4.81,TUDCA,,#N/A
P2_B12_BHI_50DMSO_25MeOH.mzML,500.304,0,4.45,4.45,4.81,TUDCA,,#N/A
P2_C1_TLCA_Lgasseri_BSH_0h.mzML,500.304,4645,4.49,4.45,4.81,TUDCA,,#N/A
P2_C2_TDCA_Lgasseri_BSH_0h.mzML,500.304,7403,4.5,4.45,4.81,TUDCA,,#N/A
P2_C3_TCDCA_Lgasseri_BSH_0h.mzML,500.304,0,4.45,4.45,4.81,TUDCA,,#N/A
P2_C4_TUDCA_Lgasseri_BSH_0h.mzML,500.304,109341848,4.55,4.45,4.81,TUDCA,,#N/A
P2_C5_TCA_Lgasseri_BSH_0h.mzML,500.304,34424,4.62,4.45,4.81,TUDCA,,#N/A
P2_C6_GLCA_Lgasseri_BSH_0h.mzML,500.304,63155,4.63,4.45,4.81,TUDCA,,#N/A
P2_C7_GDCA_Lgasseri_BSH_0h.mzML,500.304,0,4.45,4.45,4.81,TUDCA,,#N/A
P2_C8_GCDCA_Lgasseri_BSH_0h.mzML,500.304,15375,4.5,4.45,4.81,TUDCA,,#N/A
P2_C9_GUDCA_Lgasseri_BSH_0h.mzML,500.304,19857,4.46,4.45,4.81,TUDCA,,#N/A
P2_C10_GCA_Lgasseri_BSH_0h.mzML,500.304,0,4.45,4.45,4.81,TUDCA,,#N/A
P2_C11_BHI_50MeOH.mzML,500.304,0,4.45,4.45,4.81,TUDCA,,#N/A
P2_C12_BHI_50DMSO_25MeOH.mzML,500.304,13568,4.5,4.45,4.81,TUDCA,,#N/A
P2_D1_TLCA_LCAG-95_BSH1208_0h.mzML,500.304,2559,4.54,4.45,4.81,TUDCA,,#N/A
P2_D2_TDCA_LCAG-95_BSH1208_0h.mzML,500.304,0,4.45,4.45,4.81,TUDCA,,#N/A
P2_D3_TCDCA_LCAG-95_BSH1208_0h.mzML,500.304,14976,4.68,4.45,4.81,TUDCA,,#N/A
P2_D4_TUDCA_LCAG-95_BSH1208_0h.mzML,500.304,136936368,4.55,4.45,4.81,TUDCA,,#N/A
P2_D5_TCA_LCAG-95_BSH1208_0h.mzML,500.304,13827,4.45,4.45,4.81,TUDCA,,#N/A
P2_D6_GLCA_LCAG-95_BSH1208_0h.mzML,500.304,88282,4.61,4.45,4.81,TUDCA,,#N/A
P2_D7_GDCA_LCAG-95_BSH1208_0h.mzML,500.304,0,4.45,4.45,4.81,TUDCA,,#N/A
P2_D8_GCDCA_LCAG-95_BSH1208_0h.mzML,500.304,0,4.45,4.45,4.81,TUDCA,,#N/A
P2_D9_GUDCA_LCAG-95_BSH1208_0h.mzML,500.304,0,4.45,4.45,4.81,TUDCA,,#N/A
P2_D10_GCA_LCAG-95_BSH1208_0h.mzML,500.304,0,4.45,4.45,4.81,TUDCA,,#N/A
P2_D11_BHI_50MeOH.mzML,500.304,0,4.45,4.45,4.81,TUDCA,,#N/A
P2_D12_BHI_50DMSO_25MeOH.mzML,500.304,0,4.45,4.45,4.81,TUDCA,,#N/A
P2_E1_TLCA_Ep_BSH101_0h.mzML,500.304,0,4.45,4.45,4.81,TUDCA,,#N/A
P2_E2_TDCA_Ep_BSH101_0h.mzML,500.304,0,4.45,4.45,4.81,TUDCA,,#N/A
P2_E3_TCDCA_Ep_BSH101_0h.mzML,500.304,33270,4.48,4.45,4.81,TUDCA,,#N/A
P2_E4_TUDCA_Ep_BSH101_0h.mzML,500.304,153526400,4.55,4.45,4.81,TUDCA,,#N/A
P2_E5_TCA_Ep_BSH101_0h.mzML,500.304,7917,4.57,4.45,4.81,TUDCA,,#N/A
P2_E6_GLCA_Ep_BSH101_0h.mzML,500.304,75393,4.62,4.45,4.81,TUDCA,,#N/A
P2_E7_GDCA_Ep_BSH101_0h.mzML,500.304,0,4.45,4.45,4.81,TUDCA,,#N/A
P2_E8_GCDCA_Ep_BSH101_0h.mzML,500.304,0,4.45,4.45,4.81,TUDCA,,#N/A
P2_E9_GUDCA_Ep_BSH101_0h.mzML,500.304,12271,4.5,4.45,4.81,TUDCA,,#N/A
P2_E10_GCA_Ep_BSH101_0h.mzML,500.304,0,4.45,4.45,4.81,TUDCA,,#N/A
P2_E11_BHI_50MeOH.mzML,500.304,0,4.45,4.45,4.81,TUDCA,,#N/A
P2_E12_BHI_50DMSO_25MeOH.mzML,500.304,21943,4.49,4.45,4.81,TUDCA,,#N/A
P2_F1_TLCA_AZ-52_0h.mzML,500.304,0,4.45,4.45,4.81,TUDCA,,#N/A
P2_F2_TDCA_AZ-52_0h.mzML,500.304,6227,4.51,4.45,4.81,TUDCA,,#N/A
P2_F3_TCDCA_AZ-52_0h.mzML,500.304,2029,4.61,4.45,4.81,TUDCA,,#N/A
P2_F4_TUDCA_AZ-52_0h.mzML,500.304,93297016,4.55,4.45,4.81,TUDCA,,#N/A
P2_F5_TCA_AZ-52_0h.mzML,500.304,0,4.45,4.45,4.81,TUDCA,,#N/A
P2_F6_GLCA_AZ-52_0h.mzML,500.304,100885,4.58,4.45,4.81,TUDCA,,#N/A
P2_F7_GDCA_AZ-52_0h.mzML,500.304,0,4.45,4.45,4.81,TUDCA,,#N/A
P2_F8_GCDCA_AZ-52_0h.mzML,500.304,0,4.45,4.45,4.81,TUDCA,,#N/A
P2_F9_GUDCA_AZ-52_0h.mzML,500.304,0,4.45,4.45,4.81,TUDCA,,#N/A
P2_F10_GCA_AZ-52_0h.mzML,500.304,0,4.45,4.45,4.81,TUDCA,,#N/A
P2_F11_BHI_50MeOH.mzML,500.304,0,4.45,4.45,4.81,TUDCA,,#N/A
P2_F12_BHI_50DMSO_25MeOH.mzML,500.304,19529,4.49,4.45,4.81,TUDCA,,#N/A
P2_G1_TLCA_EcAZ-1-cat_0h.mzML,500.304,0,4.45,4.45,4.81,TUDCA,,#N/A
P2_G2_TDCA_EcAZ-1-cat_0h.mzML,500.304,0,4.45,4.45,4.81,TUDCA,,#N/A
P2_G3_TCDCA_EcAZ-1-cat_0h.mzML,500.304,11489,4.6,4.45,4.81,TUDCA,,#N/A
P2_G4_TUDCA_EcAZ-1-cat_0h.mzML,500.304,173450288,4.53,4.45,4.81,TUDCA,,#N/A
P2_G5_TCA_EcAZ-1-cat_0h.mzML,500.304,0,4.45,4.45,4.81,TUDCA,,#N/A
P2_G6_GLCA_EcAZ-1-cat_0h.mzML,500.304,86528,4.59,4.45,4.81,TUDCA,,#N/A
P2_G7_GDCA_EcAZ-1-cat_0h.mzML,500.304,0,4.45,4.45,4.81,TUDCA,,#N/A
P2_G8_GCDCA_EcAZ-1-cat_0h.mzML,500.304,0,4.45,4.45,4.81,TUDCA,,#N/A
P2_G9_GUDCA_EcAZ-1-cat_0h.mzML,500.304,0,4.45,4.45,4.81,TUDCA,,#N/A
P2_G10_GCA_EcAZ-1-cat_0h.mzML,500.304,0,4.45,4.45,4.81,TUDCA,,#N/A
P2_G11_BHI_50MeOH.mzML,500.304,0,4.45,4.45,4.81,TUDCA,,#N/A
P2_G12_BHI_50DMSO_25MeOH.mzML,500.304,0,4.45,4.45,4.81,TUDCA,,#N/A
P2_H1_TLCA_ctrl_0h.mzML,500.304,0,4.45,4.45,4.81,TUDCA,,#N/A
P2_H2_TDCA_ctrl_0h.mzML,500.304,0,4.45,4.45,4.81,TUDCA,,#N/A
P2_H3_TCDCA_ctrl_0h.mzML,500.304,6580,4.62,4.45,4.81,TUDCA,,#N/A
P2_H4_TUDCA_ctrl_0h.mzML,500.304,117336200,4.53,4.45,4.81,TUDCA,,#N/A
P2_H5_TCA_ctrl_0h.mzML,500.304,6366,4.56,4.45,4.81,TUDCA,,#N/A
P2_H6_GLCA_ctrl_0h.mzML,500.304,111528,4.59,4.45,4.81,TUDCA,,#N/A
P2_H7_GDCA_ctrl_0h.mzML,500.304,0,4.45,4.45,4.81,TUDCA,,#N/A
P2_H8_GCDCA_ctrl_0h.mzML,500.304,0,4.45,4.45,4.81,TUDCA,,#N/A
P2_H9_GUDCA_ctrl_0h.mzML,500.304,0,4.45,4.45,4.81,TUDCA,,#N/A
P2_H10_GCA_ctrl_0h.mzML,500.304,0,4.45,4.45,4.81,TUDCA,,#N/A
P2_H11_BHI_50MeOH.mzML,500.304,0,4.45,4.45,4.81,TUDCA,,#N/A
P2_H12_BHI_50DMSO_25MeOH.mzML,500.304,0,4.45,4.45,4.81,TUDCA,,#N/A
TCA_std.mzML,500.304,9298,4.59,4.45,4.81,TUDCA,,#N/A
TCDCA_std.mzML,500.304,479,4.59,4.45,4.81,TUDCA,,#N/A
TDCA_std.mzML,500.304,0,4.45,4.45,4.81,TUDCA,,#N/A
TLCA_std.mzML,500.304,0,4.45,4.45,4.81,TUDCA,,#N/A
TUDCA_std.mzML,500.304,49948712,4.55,4.45,4.81,TUDCA,,#N/A
UDCA_aminoacids.mzML,500.304,0,4.45,4.45,4.81,TUDCA,,#N/A
CA_aminoacids.mzML,464.3371,0,6.35,6.35,6.49,Ala-UDCA,,#N/A
CA_DCA_LCA_aminoacids.mzML,464.3371,366697088,6.41,6.35,6.49,Ala-UDCA,,#N/A
CDCA_aminoacids.mzML,464.3371,0,6.35,6.35,6.49,Ala-UDCA,,#N/A
DCA_aminoacids.mzML,464.3371,0,6.35,6.35,6.49,Ala-UDCA,,#N/A
DCA_aminoacids_2.mzML,464.3371,220064,6.42,6.35,6.49,Ala-UDCA,,#N/A
GCA_std.mzML,464.3371,0,6.35,6.35,6.49,Ala-UDCA,,#N/A
GCDCA_std.mzML,464.3371,0,6.35,6.35,6.49,Ala-UDCA,,#N/A
GDCA_std.mzML,464.3371,0,6.35,6.35,6.49,Ala-UDCA,,#N/A
GLCA_std.mzML,464.3371,0,6.35,6.35,6.49,Ala-UDCA,,#N/A
GUDCA_std.mzML,464.3371,0,6.35,6.35,6.49,Ala-UDCA,,#N/A
P2_A1_TLCA_Dny_BSH1_0h.mzML,464.3371,0,6.35,6.35,6.49,Ala-UDCA,,#N/A
P2_A2_TDCA_Dny_BSH1_0h.mzML,464.3371,0,6.35,6.35,6.49,Ala-UDCA,,#N/A
P2_A3_TCDCA_Dny_BSH1_0h.mzML,464.3371,0,6.35,6.35,6.49,Ala-UDCA,,#N/A
P2_A4_TUDCA_Dny_BSH1_0h.mzML,464.3371,29041,6.45,6.35,6.49,Ala-UDCA,,#N/A
P2_A5_TCA_Dny_BSH1_0h.mzML,464.3371,0,6.35,6.35,6.49,Ala-UDCA,,#N/A
P2_A6_GLCA_Dny_BSH1_0h.mzML,464.3371,0,6.35,6.35,6.49,Ala-UDCA,,#N/A
P2_A7_GDCA_Dny_BSH1_0h.mzML,464.3371,0,6.35,6.35,6.49,Ala-UDCA,,#N/A
P2_A8_GCDCA_Dny_BSH1_0h.mzML,464.3371,0,6.35,6.35,6.49,Ala-UDCA,,#N/A
P2_A9_GUDCA_Dny_BSH1_0h.mzML,464.3371,177980,6.44,6.35,6.49,Ala-UDCA,,#N/A
P2_A10_GCA_Dny_BSH1_0h.mzML,464.3371,0,6.35,6.35,6.49,Ala-UDCA,,#N/A
P2_A11_BHI_50MeOH.mzML,464.3371,0,6.35,6.35,6.49,Ala-UDCA,,#N/A
P2_A12_BHI_50DMSO_25MeOH.mzML,464.3371,0,6.35,6.35,6.49,Ala-UDCA,,#N/A
P2_B1_TLCA_Dny_BSH2_0h.mzML,464.3371,0,6.35,6.35,6.49,Ala-UDCA,,#N/A
P2_B2_TDCA_Dny_BSH2_0h.mzML,464.3371,0,6.35,6.35,6.49,Ala-UDCA,,#N/A
P2_B3_TCDCA_Dny_BSH2_0h.mzML,464.3371,0,6.35,6.35,6.49,Ala-UDCA,,#N/A
P2_B4_TUDCA_Dny_BSH2_0h.mzML,464.3371,0,6.35,6.35,6.49,Ala-UDCA,,#N/A
P2_B5_TCA_Dny_BSH2_0h.mzML,464.3371,0,6.35,6.35,6.49,Ala-UDCA,,#N/A
P2_B6_GLCA_Dny_BSH2_0h.mzML,464.3371,0,6.35,6.35,6.49,Ala-UDCA,,#N/A
P2_B7_GDCA_Dny_BSH2_0h.mzML,464.3371,0,6.35,6.35,6.49,Ala-UDCA,,#N/A
P2_B8_GCDCA_Dny_BSH2_0h.mzML,464.3371,0,6.35,6.35,6.49,Ala-UDCA,,#N/A
P2_B9_GUDCA_Dny_BSH2_0h.mzML,464.3371,0,6.35,6.35,6.49,Ala-UDCA,,#N/A
P2_B10_GCA_Dny_BSH2_0h.mzML,464.3371,0,6.35,6.35,6.49,Ala-UDCA,,#N/A
P2_B11_BHI_50MeOH.mzML,464.3371,0,6.35,6.35,6.49,Ala-UDCA,,#N/A
P2_B12_BHI_50DMSO_25MeOH.mzML,464.3371,0,6.35,6.35,6.49,Ala-UDCA,,#N/A
P2_C1_TLCA_Lgasseri_BSH_0h.mzML,464.3371,0,6.35,6.35,6.49,Ala-UDCA,,#N/A
P2_C2_TDCA_Lgasseri_BSH_0h.mzML,464.3371,0,6.35,6.35,6.49,Ala-UDCA,,#N/A
P2_C3_TCDCA_Lgasseri_BSH_0h.mzML,464.3371,0,6.35,6.35,6.49,Ala-UDCA,,#N/A
P2_C4_TUDCA_Lgasseri_BSH_0h.mzML,464.3371,0,6.35,6.35,6.49,Ala-UDCA,,#N/A
P2_C5_TCA_Lgasseri_BSH_0h.mzML,464.3371,0,6.35,6.35,6.49,Ala-UDCA,,#N/A
P2_C6_GLCA_Lgasseri_BSH_0h.mzML,464.3371,0,6.35,6.35,6.49,Ala-UDCA,,#N/A
P2_C7_GDCA_Lgasseri_BSH_0h.mzML,464.3371,0,6.35,6.35,6.49,Ala-UDCA,,#N/A
P2_C8_GCDCA_Lgasseri_BSH_0h.mzML,464.3371,0,6.35,6.35,6.49,Ala-UDCA,,#N/A
P2_C9_GUDCA_Lgasseri_BSH_0h.mzML,464.3371,0,6.35,6.35,6.49,Ala-UDCA,,#N/A
P2_C10_GCA_Lgasseri_BSH_0h.mzML,464.3371,0,6.35,6.35,6.49,Ala-UDCA,,#N/A
P2_C11_BHI_50MeOH.mzML,464.3371,0,6.35,6.35,6.49,Ala-UDCA,,#N/A
P2_C12_BHI_50DMSO_25MeOH.mzML,464.3371,0,6.35,6.35,6.49,Ala-UDCA,,#N/A
P2_D1_TLCA_LCAG-95_BSH1208_0h.mzML,464.3371,0,6.35,6.35,6.49,Ala-UDCA,,#N/A
P2_D2_TDCA_LCAG-95_BSH1208_0h.mzML,464.3371,0,6.35,6.35,6.49,Ala-UDCA,,#N/A
P2_D3_TCDCA_LCAG-95_BSH1208_0h.mzML,464.3371,0,6.35,6.35,6.49,Ala-UDCA,,#N/A
P2_D4_TUDCA_LCAG-95_BSH1208_0h.mzML,464.3371,0,6.35,6.35,6.49,Ala-UDCA,,#N/A
P2_D5_TCA_LCAG-95_BSH1208_0h.mzML,464.3371,0,6.35,6.35,6.49,Ala-UDCA,,#N/A
P2_D6_GLCA_LCAG-95_BSH1208_0h.mzML,464.3371,0,6.35,6.35,6.49,Ala-UDCA,,#N/A
P2_D7_GDCA_LCAG-95_BSH1208_0h.mzML,464.3371,0,6.35,6.35,6.49,Ala-UDCA,,#N/A
P2_D8_GCDCA_LCAG-95_BSH1208_0h.mzML,464.3371,0,6.35,6.35,6.49,Ala-UDCA,,#N/A
P2_D9_GUDCA_LCAG-95_BSH1208_0h.mzML,464.3371,18998,6.44,6.35,6.49,Ala-UDCA,,#N/A
P2_D10_GCA_LCAG-95_BSH1208_0h.mzML,464.3371,0,6.35,6.35,6.49,Ala-UDCA,,#N/A
P2_D11_BHI_50MeOH.mzML,464.3371,0,6.35,6.35,6.49,Ala-UDCA,,#N/A
P2_D12_BHI_50DMSO_25MeOH.mzML,464.3371,0,6.35,6.35,6.49,Ala-UDCA,,#N/A
P2_E1_TLCA_Ep_BSH101_0h.mzML,464.3371,0,6.35,6.35,6.49,Ala-UDCA,,#N/A
P2_E2_TDCA_Ep_BSH101_0h.mzML,464.3371,0,6.35,6.35,6.49,Ala-UDCA,,#N/A
P2_E3_TCDCA_Ep_BSH101_0h.mzML,464.3371,0,6.35,6.35,6.49,Ala-UDCA,,#N/A
P2_E4_TUDCA_Ep_BSH101_0h.mzML,464.3371,0,6.35,6.35,6.49,Ala-UDCA,,#N/A
P2_E5_TCA_Ep_BSH101_0h.mzML,464.3371,0,6.35,6.35,6.49,Ala-UDCA,,#N/A
P2_E6_GLCA_Ep_BSH101_0h.mzML,464.3371,0,6.35,6.35,6.49,Ala-UDCA,,#N/A
P2_E7_GDCA_Ep_BSH101_0h.mzML,464.3371,0,6.35,6.35,6.49,Ala-UDCA,,#N/A
P2_E8_GCDCA_Ep_BSH101_0h.mzML,464.3371,0,6.35,6.35,6.49,Ala-UDCA,,#N/A
P2_E9_GUDCA_Ep_BSH101_0h.mzML,464.3371,0,6.35,6.35,6.49,Ala-UDCA,,#N/A
P2_E10_GCA_Ep_BSH101_0h.mzML,464.3371,0,6.35,6.35,6.49,Ala-UDCA,,#N/A
P2_E11_BHI_50MeOH.mzML,464.3371,0,6.35,6.35,6.49,Ala-UDCA,,#N/A
P2_E12_BHI_50DMSO_25MeOH.mzML,464.3371,0,6.35,6.35,6.49,Ala-UDCA,,#N/A
P2_F1_TLCA_AZ-52_0h.mzML,464.3371,0,6.35,6.35,6.49,Ala-UDCA,,#N/A
P2_F2_TDCA_AZ-52_0h.mzML,464.3371,0,6.35,6.35,6.49,Ala-UDCA,,#N/A
P2_F3_TCDCA_AZ-52_0h.mzML,464.3371,0,6.35,6.35,6.49,Ala-UDCA,,#N/A
P2_F4_TUDCA_AZ-52_0h.mzML,464.3371,0,6.35,6.35,6.49,Ala-UDCA,,#N/A
P2_F5_TCA_AZ-52_0h.mzML,464.3371,0,6.35,6.35,6.49,Ala-UDCA,,#N/A
P2_F6_GLCA_AZ-52_0h.mzML,464.3371,0,6.35,6.35,6.49,Ala-UDCA,,#N/A
P2_F7_GDCA_AZ-52_0h.mzML,464.3371,0,6.35,6.35,6.49,Ala-UDCA,,#N/A
P2_F8_GCDCA_AZ-52_0h.mzML,464.3371,0,6.35,6.35,6.49,Ala-UDCA,,#N/A
P2_F9_GUDCA_AZ-52_0h.mzML,464.3371,0,6.35,6.35,6.49,Ala-UDCA,,#N/A
P2_F10_GCA_AZ-52_0h.mzML,464.3371,0,6.35,6.35,6.49,Ala-UDCA,,#N/A
P2_F11_BHI_50MeOH.mzML,464.3371,0,6.35,6.35,6.49,Ala-UDCA,,#N/A
P2_F12_BHI_50DMSO_25MeOH.mzML,464.3371,0,6.35,6.35,6.49,Ala-UDCA,,#N/A
P2_G1_TLCA_EcAZ-1-cat_0h.mzML,464.3371,0,6.35,6.35,6.49,Ala-UDCA,,#N/A
P2_G2_TDCA_EcAZ-1-cat_0h.mzML,464.3371,0,6.35,6.35,6.49,Ala-UDCA,,#N/A
P2_G3_TCDCA_EcAZ-1-cat_0h.mzML,464.3371,0,6.35,6.35,6.49,Ala-UDCA,,#N/A
P2_G4_TUDCA_EcAZ-1-cat_0h.mzML,464.3371,0,6.35,6.35,6.49,Ala-UDCA,,#N/A
P2_G5_TCA_EcAZ-1-cat_0h.mzML,464.3371,0,6.35,6.35,6.49,Ala-UDCA,,#N/A
P2_G6_GLCA_EcAZ-1-cat_0h.mzML,464.3371,0,6.35,6.35,6.49,Ala-UDCA,,#N/A
P2_G7_GDCA_EcAZ-1-cat_0h.mzML,464.3371,0,6.35,6.35,6.49,Ala-UDCA,,#N/A
P2_G8_GCDCA_EcAZ-1-cat_0h.mzML,464.3371,0,6.35,6.35,6.49,Ala-UDCA,,#N/A
P2_G9_GUDCA_EcAZ-1-cat_0h.mzML,464.3371,0,6.35,6.35,6.49,Ala-UDCA,,#N/A
P2_G10_GCA_EcAZ-1-cat_0h.mzML,464.3371,0,6.35,6.35,6.49,Ala-UDCA,,#N/A
P2_G11_BHI_50MeOH.mzML,464.3371,0,6.35,6.35,6.49,Ala-UDCA,,#N/A
P2_G12_BHI_50DMSO_25MeOH.mzML,464.3371,0,6.35,6.35,6.49,Ala-UDCA,,#N/A
P2_H1_TLCA_ctrl_0h.mzML,464.3371,0,6.35,6.35,6.49,Ala-UDCA,,#N/A
P2_H2_TDCA_ctrl_0h.mzML,464.3371,0,6.35,6.35,6.49,Ala-UDCA,,#N/A
P2_H3_TCDCA_ctrl_0h.mzML,464.3371,0,6.35,6.35,6.49,Ala-UDCA,,#N/A
P2_H4_TUDCA_ctrl_0h.mzML,464.3371,0,6.35,6.35,6.49,Ala-UDCA,,#N/A
P2_H5_TCA_ctrl_0h.mzML,464.3371,0,6.35,6.35,6.49,Ala-UDCA,,#N/A
P2_H6_GLCA_ctrl_0h.mzML,464.3371,0,6.35,6.35,6.49,Ala-UDCA,,#N/A
P2_H7_GDCA_ctrl_0h.mzML,464.3371,0,6.35,6.35,6.49,Ala-UDCA,,#N/A
P2_H8_GCDCA_ctrl_0h.mzML,464.3371,0,6.35,6.35,6.49,Ala-UDCA,,#N/A
P2_H9_GUDCA_ctrl_0h.mzML,464.3371,0,6.35,6.35,6.49,Ala-UDCA,,#N/A
P2_H10_GCA_ctrl_0h.mzML,464.3371,0,6.35,6.35,6.49,Ala-UDCA,,#N/A
P2_H11_BHI_50MeOH.mzML,464.3371,0,6.35,6.35,6.49,Ala-UDCA,,#N/A
P2_H12_BHI_50DMSO_25MeOH.mzML,464.3371,0,6.35,6.35,6.49,Ala-UDCA,,#N/A
TCA_std.mzML,464.3371,0,6.35,6.35,6.49,Ala-UDCA,,#N/A
TCDCA_std.mzML,464.3371,0,6.35,6.35,6.49,Ala-UDCA,,#N/A
TDCA_std.mzML,464.3371,0,6.35,6.35,6.49,Ala-UDCA,,#N/A
TLCA_std.mzML,464.3371,0,6.35,6.35,6.49,Ala-UDCA,,#N/A
TUDCA_std.mzML,464.3371,0,6.35,6.35,6.49,Ala-UDCA,,#N/A
UDCA_aminoacids.mzML,464.3371,51804,6.43,6.35,6.49,Ala-UDCA,,#N/A
CA_aminoacids.mzML,506.384,0,8.51,8.51,8.6,Ile/Leu-UDCA,,#N/A
CA_DCA_LCA_aminoacids.mzML,506.384,448499904,8.55,8.51,8.6,Ile/Leu-UDCA,,#N/A
CDCA_aminoacids.mzML,506.384,0,8.51,8.51,8.6,Ile/Leu-UDCA,,#N/A
DCA_aminoacids.mzML,506.384,0,8.51,8.51,8.6,Ile/Leu-UDCA,,#N/A
DCA_aminoacids_2.mzML,506.384,582725,8.57,8.51,8.6,Ile/Leu-UDCA,,#N/A
GCA_std.mzML,506.384,0,8.51,8.51,8.6,Ile/Leu-UDCA,,#N/A
GCDCA_std.mzML,506.384,0,8.51,8.51,8.6,Ile/Leu-UDCA,,#N/A
GDCA_std.mzML,506.384,0,8.51,8.51,8.6,Ile/Leu-UDCA,,#N/A
GLCA_std.mzML,506.384,0,8.51,8.51,8.6,Ile/Leu-UDCA,,#N/A
GUDCA_std.mzML,506.384,0,8.51,8.51,8.6,Ile/Leu-UDCA,,#N/A
P2_A1_TLCA_Dny_BSH1_0h.mzML,506.384,0,8.51,8.51,8.6,Ile/Leu-UDCA,,#N/A
P2_A2_TDCA_Dny_BSH1_0h.mzML,506.384,0,8.51,8.51,8.6,Ile/Leu-UDCA,,#N/A
P2_A3_TCDCA_Dny_BSH1_0h.mzML,506.384,0,8.51,8.51,8.6,Ile/Leu-UDCA,,#N/A
P2_A4_TUDCA_Dny_BSH1_0h.mzML,506.384,0,8.51,8.51,8.6,Ile/Leu-UDCA,,#N/A
P2_A5_TCA_Dny_BSH1_0h.mzML,506.384,0,8.51,8.51,8.6,Ile/Leu-UDCA,,#N/A
P2_A6_GLCA_Dny_BSH1_0h.mzML,506.384,0,8.51,8.51,8.6,Ile/Leu-UDCA,,#N/A
P2_A7_GDCA_Dny_BSH1_0h.mzML,506.384,0,8.51,8.51,8.6,Ile/Leu-UDCA,,#N/A
P2_A8_GCDCA_Dny_BSH1_0h.mzML,506.384,0,8.51,8.51,8.6,Ile/Leu-UDCA,,#N/A
P2_A9_GUDCA_Dny_BSH1_0h.mzML,506.384,3982,8.57,8.51,8.6,Ile/Leu-UDCA,,#N/A
P2_A10_GCA_Dny_BSH1_0h.mzML,506.384,0,8.51,8.51,8.6,Ile/Leu-UDCA,,#N/A
P2_A11_BHI_50MeOH.mzML,506.384,0,8.51,8.51,8.6,Ile/Leu-UDCA,,#N/A
P2_A12_BHI_50DMSO_25MeOH.mzML,506.384,0,8.51,8.51,8.6,Ile/Leu-UDCA,,#N/A
P2_B1_TLCA_Dny_BSH2_0h.mzML,506.384,0,8.51,8.51,8.6,Ile/Leu-UDCA,,#N/A
P2_B2_TDCA_Dny_BSH2_0h.mzML,506.384,0,8.51,8.51,8.6,Ile/Leu-UDCA,,#N/A
P2_B3_TCDCA_Dny_BSH2_0h.mzML,506.384,0,8.51,8.51,8.6,Ile/Leu-UDCA,,#N/A
P2_B4_TUDCA_Dny_BSH2_0h.mzML,506.384,0,8.51,8.51,8.6,Ile/Leu-UDCA,,#N/A
P2_B5_TCA_Dny_BSH2_0h.mzML,506.384,0,8.51,8.51,8.6,Ile/Leu-UDCA,,#N/A
P2_B6_GLCA_Dny_BSH2_0h.mzML,506.384,0,8.51,8.51,8.6,Ile/Leu-UDCA,,#N/A
P2_B7_GDCA_Dny_BSH2_0h.mzML,506.384,0,8.51,8.51,8.6,Ile/Leu-UDCA,,#N/A
P2_B8_GCDCA_Dny_BSH2_0h.mzML,506.384,0,8.51,8.51,8.6,Ile/Leu-UDCA,,#N/A
P2_B9_GUDCA_Dny_BSH2_0h.mzML,506.384,0,8.51,8.51,8.6,Ile/Leu-UDCA,,#N/A
P2_B10_GCA_Dny_BSH2_0h.mzML,506.384,0,8.51,8.51,8.6,Ile/Leu-UDCA,,#N/A
P2_B11_BHI_50MeOH.mzML,506.384,0,8.51,8.51,8.6,Ile/Leu-UDCA,,#N/A
P2_B12_BHI_50DMSO_25MeOH.mzML,506.384,0,8.51,8.51,8.6,Ile/Leu-UDCA,,#N/A
P2_C1_TLCA_Lgasseri_BSH_0h.mzML,506.384,0,8.51,8.51,8.6,Ile/Leu-UDCA,,#N/A
P2_C2_TDCA_Lgasseri_BSH_0h.mzML,506.384,0,8.51,8.51,8.6,Ile/Leu-UDCA,,#N/A
P2_C3_TCDCA_Lgasseri_BSH_0h.mzML,506.384,0,8.51,8.51,8.6,Ile/Leu-UDCA,,#N/A
P2_C4_TUDCA_Lgasseri_BSH_0h.mzML,506.384,0,8.51,8.51,8.6,Ile/Leu-UDCA,,#N/A
P2_C5_TCA_Lgasseri_BSH_0h.mzML,506.384,0,8.51,8.51,8.6,Ile/Leu-UDCA,,#N/A
P2_C6_GLCA_Lgasseri_BSH_0h.mzML,506.384,0,8.51,8.51,8.6,Ile/Leu-UDCA,,#N/A
P2_C7_GDCA_Lgasseri_BSH_0h.mzML,506.384,0,8.51,8.51,8.6,Ile/Leu-UDCA,,#N/A
P2_C8_GCDCA_Lgasseri_BSH_0h.mzML,506.384,0,8.51,8.51,8.6,Ile/Leu-UDCA,,#N/A
P2_C9_GUDCA_Lgasseri_BSH_0h.mzML,506.384,0,8.51,8.51,8.6,Ile/Leu-UDCA,,#N/A
P2_C10_GCA_Lgasseri_BSH_0h.mzML,506.384,0,8.51,8.51,8.6,Ile/Leu-UDCA,,#N/A
P2_C11_BHI_50MeOH.mzML,506.384,0,8.51,8.51,8.6,Ile/Leu-UDCA,,#N/A
P2_C12_BHI_50DMSO_25MeOH.mzML,506.384,0,8.51,8.51,8.6,Ile/Leu-UDCA,,#N/A
P2_D1_TLCA_LCAG-95_BSH1208_0h.mzML,506.384,0,8.51,8.51,8.6,Ile/Leu-UDCA,,#N/A
P2_D2_TDCA_LCAG-95_BSH1208_0h.mzML,506.384,0,8.51,8.51,8.6,Ile/Leu-UDCA,,#N/A
P2_D3_TCDCA_LCAG-95_BSH1208_0h.mzML,506.384,0,8.51,8.51,8.6,Ile/Leu-UDCA,,#N/A
P2_D4_TUDCA_LCAG-95_BSH1208_0h.mzML,506.384,0,8.51,8.51,8.6,Ile/Leu-UDCA,,#N/A
P2_D5_TCA_LCAG-95_BSH1208_0h.mzML,506.384,0,8.51,8.51,8.6,Ile/Leu-UDCA,,#N/A
P2_D6_GLCA_LCAG-95_BSH1208_0h.mzML,506.384,0,8.51,8.51,8.6,Ile/Leu-UDCA,,#N/A
P2_D7_GDCA_LCAG-95_BSH1208_0h.mzML,506.384,0,8.51,8.51,8.6,Ile/Leu-UDCA,,#N/A
P2_D8_GCDCA_LCAG-95_BSH1208_0h.mzML,506.384,0,8.51,8.51,8.6,Ile/Leu-UDCA,,#N/A
P2_D9_GUDCA_LCAG-95_BSH1208_0h.mzML,506.384,0,8.51,8.51,8.6,Ile/Leu-UDCA,,#N/A
P2_D10_GCA_LCAG-95_BSH1208_0h.mzML,506.384,0,8.51,8.51,8.6,Ile/Leu-UDCA,,#N/A
P2_D11_BHI_50MeOH.mzML,506.384,0,8.51,8.51,8.6,Ile/Leu-UDCA,,#N/A
P2_D12_BHI_50DMSO_25MeOH.mzML,506.384,0,8.51,8.51,8.6,Ile/Leu-UDCA,,#N/A
P2_E1_TLCA_Ep_BSH101_0h.mzML,506.384,0,8.51,8.51,8.6,Ile/Leu-UDCA,,#N/A
P2_E2_TDCA_Ep_BSH101_0h.mzML,506.384,0,8.51,8.51,8.6,Ile/Leu-UDCA,,#N/A
P2_E3_TCDCA_Ep_BSH101_0h.mzML,506.384,0,8.51,8.51,8.6,Ile/Leu-UDCA,,#N/A
P2_E4_TUDCA_Ep_BSH101_0h.mzML,506.384,0,8.51,8.51,8.6,Ile/Leu-UDCA,,#N/A
P2_E5_TCA_Ep_BSH101_0h.mzML,506.384,0,8.51,8.51,8.6,Ile/Leu-UDCA,,#N/A
P2_E6_GLCA_Ep_BSH101_0h.mzML,506.384,0,8.51,8.51,8.6,Ile/Leu-UDCA,,#N/A
P2_E7_GDCA_Ep_BSH101_0h.mzML,506.384,0,8.51,8.51,8.6,Ile/Leu-UDCA,,#N/A
P2_E8_GCDCA_Ep_BSH101_0h.mzML,506.384,0,8.51,8.51,8.6,Ile/Leu-UDCA,,#N/A
P2_E9_GUDCA_Ep_BSH101_0h.mzML,506.384,0,8.51,8.51,8.6,Ile/Leu-UDCA,,#N/A
P2_E10_GCA_Ep_BSH101_0h.mzML,506.384,0,8.51,8.51,8.6,Ile/Leu-UDCA,,#N/A
P2_E11_BHI_50MeOH.mzML,506.384,0,8.51,8.51,8.6,Ile/Leu-UDCA,,#N/A
P2_E12_BHI_50DMSO_25MeOH.mzML,506.384,0,8.51,8.51,8.6,Ile/Leu-UDCA,,#N/A
P2_F1_TLCA_AZ-52_0h.mzML,506.384,0,8.51,8.51,8.6,Ile/Leu-UDCA,,#N/A
P2_F2_TDCA_AZ-52_0h.mzML,506.384,0,8.51,8.51,8.6,Ile/Leu-UDCA,,#N/A
P2_F3_TCDCA_AZ-52_0h.mzML,506.384,0,8.51,8.51,8.6,Ile/Leu-UDCA,,#N/A
P2_F4_TUDCA_AZ-52_0h.mzML,506.384,63969,8.56,8.51,8.6,Ile/Leu-UDCA,,#N/A
P2_F5_TCA_AZ-52_0h.mzML,506.384,0,8.51,8.51,8.6,Ile/Leu-UDCA,,#N/A
P2_F6_GLCA_AZ-52_0h.mzML,506.384,0,8.51,8.51,8.6,Ile/Leu-UDCA,,#N/A
P2_F7_GDCA_AZ-52_0h.mzML,506.384,0,8.51,8.51,8.6,Ile/Leu-UDCA,,#N/A
P2_F8_GCDCA_AZ-52_0h.mzML,506.384,0,8.51,8.51,8.6,Ile/Leu-UDCA,,#N/A
P2_F9_GUDCA_AZ-52_0h.mzML,506.384,0,8.51,8.51,8.6,Ile/Leu-UDCA,,#N/A
P2_F10_GCA_AZ-52_0h.mzML,506.384,0,8.51,8.51,8.6,Ile/Leu-UDCA,,#N/A
P2_F11_BHI_50MeOH.mzML,506.384,0,8.51,8.51,8.6,Ile/Leu-UDCA,,#N/A
P2_F12_BHI_50DMSO_25MeOH.mzML,506.384,0,8.51,8.51,8.6,Ile/Leu-UDCA,,#N/A
P2_G1_TLCA_EcAZ-1-cat_0h.mzML,506.384,0,8.51,8.51,8.6,Ile/Leu-UDCA,,#N/A
P2_G2_TDCA_EcAZ-1-cat_0h.mzML,506.384,0,8.51,8.51,8.6,Ile/Leu-UDCA,,#N/A
P2_G3_TCDCA_EcAZ-1-cat_0h.mzML,506.384,0,8.51,8.51,8.6,Ile/Leu-UDCA,,#N/A
P2_G4_TUDCA_EcAZ-1-cat_0h.mzML,506.384,0,8.51,8.51,8.6,Ile/Leu-UDCA,,#N/A
P2_G5_TCA_EcAZ-1-cat_0h.mzML,506.384,0,8.51,8.51,8.6,Ile/Leu-UDCA,,#N/A
P2_G6_GLCA_EcAZ-1-cat_0h.mzML,506.384,0,8.51,8.51,8.6,Ile/Leu-UDCA,,#N/A
P2_G7_GDCA_EcAZ-1-cat_0h.mzML,506.384,0,8.51,8.51,8.6,Ile/Leu-UDCA,,#N/A
P2_G8_GCDCA_EcAZ-1-cat_0h.mzML,506.384,0,8.51,8.51,8.6,Ile/Leu-UDCA,,#N/A
P2_G9_GUDCA_EcAZ-1-cat_0h.mzML,506.384,0,8.51,8.51,8.6,Ile/Leu-UDCA,,#N/A
P2_G10_GCA_EcAZ-1-cat_0h.mzML,506.384,0,8.51,8.51,8.6,Ile/Leu-UDCA,,#N/A
P2_G11_BHI_50MeOH.mzML,506.384,0,8.51,8.51,8.6,Ile/Leu-UDCA,,#N/A
P2_G12_BHI_50DMSO_25MeOH.mzML,506.384,0,8.51,8.51,8.6,Ile/Leu-UDCA,,#N/A
P2_H1_TLCA_ctrl_0h.mzML,506.384,0,8.51,8.51,8.6,Ile/Leu-UDCA,,#N/A
P2_H2_TDCA_ctrl_0h.mzML,506.384,0,8.51,8.51,8.6,Ile/Leu-UDCA,,#N/A
P2_H3_TCDCA_ctrl_0h.mzML,506.384,0,8.51,8.51,8.6,Ile/Leu-UDCA,,#N/A
P2_H4_TUDCA_ctrl_0h.mzML,506.384,0,8.51,8.51,8.6,Ile/Leu-UDCA,,#N/A
P2_H5_TCA_ctrl_0h.mzML,506.384,0,8.51,8.51,8.6,Ile/Leu-UDCA,,#N/A
P2_H6_GLCA_ctrl_0h.mzML,506.384,0,8.51,8.51,8.6,Ile/Leu-UDCA,,#N/A
P2_H7_GDCA_ctrl_0h.mzML,506.384,0,8.51,8.51,8.6,Ile/Leu-UDCA,,#N/A
P2_H8_GCDCA_ctrl_0h.mzML,506.384,0,8.51,8.51,8.6,Ile/Leu-UDCA,,#N/A
P2_H9_GUDCA_ctrl_0h.mzML,506.384,0,8.51,8.51,8.6,Ile/Leu-UDCA,,#N/A
P2_H10_GCA_ctrl_0h.mzML,506.384,0,8.51,8.51,8.6,Ile/Leu-UDCA,,#N/A
P2_H11_BHI_50MeOH.mzML,506.384,0,8.51,8.51,8.6,Ile/Leu-UDCA,,#N/A
P2_H12_BHI_50DMSO_25MeOH.mzML,506.384,0,8.51,8.51,8.6,Ile/Leu-UDCA,,#N/A
TCA_std.mzML,506.384,0,8.51,8.51,8.6,Ile/Leu-UDCA,,#N/A
TCDCA_std.mzML,506.384,0,8.51,8.51,8.6,Ile/Leu-UDCA,,#N/A
TDCA_std.mzML,506.384,0,8.51,8.51,8.6,Ile/Leu-UDCA,,#N/A
TLCA_std.mzML,506.384,0,8.51,8.51,8.6,Ile/Leu-UDCA,,#N/A
TUDCA_std.mzML,506.384,0,8.51,8.51,8.6,Ile/Leu-UDCA,,#N/A
UDCA_aminoacids.mzML,506.384,89224,8.56,8.51,8.6,Ile/Leu-UDCA,,#N/A
CA_aminoacids.mzML,579.3792,0,8.66,8.66,8.72,Trp-UDCA,,#N/A
CA_DCA_LCA_aminoacids.mzML,579.3792,3916643,8.67,8.66,8.72,Trp-UDCA,,#N/A
CDCA_aminoacids.mzML,579.3792,0,8.66,8.66,8.72,Trp-UDCA,,#N/A
DCA_aminoacids.mzML,579.3792,0,8.66,8.66,8.72,Trp-UDCA,,#N/A
DCA_aminoacids_2.mzML,579.3792,0,8.66,8.66,8.72,Trp-UDCA,,#N/A
GCA_std.mzML,579.3792,0,8.66,8.66,8.72,Trp-UDCA,,#N/A
GCDCA_std.mzML,579.3792,0,8.66,8.66,8.72,Trp-UDCA,,#N/A
GDCA_std.mzML,579.3792,0,8.66,8.66,8.72,Trp-UDCA,,#N/A
GLCA_std.mzML,579.3792,0,8.66,8.66,8.72,Trp-UDCA,,#N/A
GUDCA_std.mzML,579.3792,0,8.66,8.66,8.72,Trp-UDCA,,#N/A
P2_A1_TLCA_Dny_BSH1_0h.mzML,579.3792,43161,8.68,8.66,8.72,Trp-UDCA,,#N/A
P2_A2_TDCA_Dny_BSH1_0h.mzML,579.3792,2743,8.66,8.66,8.72,Trp-UDCA,,#N/A
P2_A3_TCDCA_Dny_BSH1_0h.mzML,579.3792,0,8.66,8.66,8.72,Trp-UDCA,,#N/A
P2_A4_TUDCA_Dny_BSH1_0h.mzML,579.3792,13369,8.71,8.66,8.72,Trp-UDCA,,#N/A
P2_A5_TCA_Dny_BSH1_0h.mzML,579.3792,2213,8.7,8.66,8.72,Trp-UDCA,,#N/A
P2_A6_GLCA_Dny_BSH1_0h.mzML,579.3792,0,8.66,8.66,8.72,Trp-UDCA,,#N/A
P2_A7_GDCA_Dny_BSH1_0h.mzML,579.3792,14399,8.71,8.66,8.72,Trp-UDCA,,#N/A
P2_A8_GCDCA_Dny_BSH1_0h.mzML,579.3792,8760,8.7,8.66,8.72,Trp-UDCA,,#N/A
P2_A9_GUDCA_Dny_BSH1_0h.mzML,579.3792,0,8.66,8.66,8.72,Trp-UDCA,,#N/A
P2_A10_GCA_Dny_BSH1_0h.mzML,579.3792,8402,8.67,8.66,8.72,Trp-UDCA,,#N/A
P2_A11_BHI_50MeOH.mzML,579.3792,3490,8.68,8.66,8.72,Trp-UDCA,,#N/A
P2_A12_BHI_50DMSO_25MeOH.mzML,579.3792,1337,8.68,8.66,8.72,Trp-UDCA,,#N/A
P2_B1_TLCA_Dny_BSH2_0h.mzML,579.3792,4153,8.7,8.66,8.72,Trp-UDCA,,#N/A
P2_B2_TDCA_Dny_BSH2_0h.mzML,579.3792,16131,8.68,8.66,8.72,Trp-UDCA,,#N/A
P2_B3_TCDCA_Dny_BSH2_0h.mzML,579.3792,19383,8.7,8.66,8.72,Trp-UDCA,,#N/A
P2_B4_TUDCA_Dny_BSH2_0h.mzML,579.3792,12100,8.69,8.66,8.72,Trp-UDCA,,#N/A
P2_B5_TCA_Dny_BSH2_0h.mzML,579.3792,23635,8.68,8.66,8.72,Trp-UDCA,,#N/A
P2_B6_GLCA_Dny_BSH2_0h.mzML,579.3792,5107,8.69,8.66,8.72,Trp-UDCA,,#N/A
P2_B7_GDCA_Dny_BSH2_0h.mzML,579.3792,42477,8.7,8.66,8.72,Trp-UDCA,,#N/A
P2_B8_GCDCA_Dny_BSH2_0h.mzML,579.3792,15870,8.69,8.66,8.72,Trp-UDCA,,#N/A
P2_B9_GUDCA_Dny_BSH2_0h.mzML,579.3792,6432,8.68,8.66,8.72,Trp-UDCA,,#N/A
P2_B10_GCA_Dny_BSH2_0h.mzML,579.3792,5007,8.68,8.66,8.72,Trp-UDCA,,#N/A
P2_B11_BHI_50MeOH.mzML,579.3792,2400,8.7,8.66,8.72,Trp-UDCA,,#N/A
P2_B12_BHI_50DMSO_25MeOH.mzML,579.3792,0,8.66,8.66,8.72,Trp-UDCA,,#N/A
P2_C1_TLCA_Lgasseri_BSH_0h.mzML,579.3792,0,8.66,8.66,8.72,Trp-UDCA,,#N/A
P2_C2_TDCA_Lgasseri_BSH_0h.mzML,579.3792,10310,8.66,8.66,8.72,Trp-UDCA,,#N/A
P2_C3_TCDCA_Lgasseri_BSH_0h.mzML,579.3792,12552,8.66,8.66,8.72,Trp-UDCA,,#N/A
P2_C4_TUDCA_Lgasseri_BSH_0h.mzML,579.3792,5264,8.68,8.66,8.72,Trp-UDCA,,#N/A
P2_C5_TCA_Lgasseri_BSH_0h.mzML,579.3792,11268,8.66,8.66,8.72,Trp-UDCA,,#N/A
P2_C6_GLCA_Lgasseri_BSH_0h.mzML,579.3792,8430,8.67,8.66,8.72,Trp-UDCA,,#N/A
P2_C7_GDCA_Lgasseri_BSH_0h.mzML,579.3792,12431,8.66,8.66,8.72,Trp-UDCA,,#N/A
P2_C8_GCDCA_Lgasseri_BSH_0h.mzML,579.3792,0,8.66,8.66,8.72,Trp-UDCA,,#N/A
P2_C9_GUDCA_Lgasseri_BSH_0h.mzML,579.3792,9141,8.69,8.66,8.72,Trp-UDCA,,#N/A
P2_C10_GCA_Lgasseri_BSH_0h.mzML,579.3792,4980,8.7,8.66,8.72,Trp-UDCA,,#N/A
P2_C11_BHI_50MeOH.mzML,579.3792,6758,8.66,8.66,8.72,Trp-UDCA,,#N/A
P2_C12_BHI_50DMSO_25MeOH.mzML,579.3792,0,8.66,8.66,8.72,Trp-UDCA,,#N/A
P2_D1_TLCA_LCAG-95_BSH1208_0h.mzML,579.3792,0,8.66,8.66,8.72,Trp-UDCA,,#N/A
P2_D2_TDCA_LCAG-95_BSH1208_0h.mzML,579.3792,3906,8.71,8.66,8.72,Trp-UDCA,,#N/A
P2_D3_TCDCA_LCAG-95_BSH1208_0h.mzML,579.3792,6708,8.7,8.66,8.72,Trp-UDCA,,#N/A
P2_D4_TUDCA_LCAG-95_BSH1208_0h.mzML,579.3792,25856,8.71,8.66,8.72,Trp-UDCA,,#N/A
P2_D5_TCA_LCAG-95_BSH1208_0h.mzML,579.3792,19684,8.68,8.66,8.72,Trp-UDCA,,#N/A
P2_D6_GLCA_LCAG-95_BSH1208_0h.mzML,579.3792,21624,8.69,8.66,8.72,Trp-UDCA,,#N/A
P2_D7_GDCA_LCAG-95_BSH1208_0h.mzML,579.3792,10569,8.68,8.66,8.72,Trp-UDCA,,#N/A
P2_D8_GCDCA_LCAG-95_BSH1208_0h.mzML,579.3792,19458,8.7,8.66,8.72,Trp-UDCA,,#N/A
P2_D9_GUDCA_LCAG-95_BSH1208_0h.mzML,579.3792,3711,8.66,8.66,8.72,Trp-UDCA,,#N/A
P2_D10_GCA_LCAG-95_BSH1208_0h.mzML,579.3792,12559,8.7,8.66,8.72,Trp-UDCA,,#N/A
P2_D11_BHI_50MeOH.mzML,579.3792,13606,8.69,8.66,8.72,Trp-UDCA,,#N/A
P2_D12_BHI_50DMSO_25MeOH.mzML,579.3792,0,8.66,8.66,8.72,Trp-UDCA,,#N/A
P2_E1_TLCA_Ep_BSH101_0h.mzML,579.3792,16299,8.67,8.66,8.72,Trp-UDCA,,#N/A
P2_E2_TDCA_Ep_BSH101_0h.mzML,579.3792,22024,8.71,8.66,8.72,Trp-UDCA,,#N/A
P2_E3_TCDCA_Ep_BSH101_0h.mzML,579.3792,14471,8.7,8.66,8.72,Trp-UDCA,,#N/A
P2_E4_TUDCA_Ep_BSH101_0h.mzML,579.3792,8864,8.71,8.66,8.72,Trp-UDCA,,#N/A
P2_E5_TCA_Ep_BSH101_0h.mzML,579.3792,23686,8.66,8.66,8.72,Trp-UDCA,,#N/A
P2_E6_GLCA_Ep_BSH101_0h.mzML,579.3792,11742,8.71,8.66,8.72,Trp-UDCA,,#N/A
P2_E7_GDCA_Ep_BSH101_0h.mzML,579.3792,18332,8.68,8.66,8.72,Trp-UDCA,,#N/A
P2_E8_GCDCA_Ep_BSH101_0h.mzML,579.3792,20327,8.69,8.66,8.72,Trp-UDCA,,#N/A
P2_E9_GUDCA_Ep_BSH101_0h.mzML,579.3792,56258,8.66,8.66,8.72,Trp-UDCA,,#N/A
P2_E10_GCA_Ep_BSH101_0h.mzML,579.3792,0,8.66,8.66,8.72,Trp-UDCA,,#N/A
P2_E11_BHI_50MeOH.mzML,579.3792,14626,8.71,8.66,8.72,Trp-UDCA,,#N/A
P2_E12_BHI_50DMSO_25MeOH.mzML,579.3792,0,8.66,8.66,8.72,Trp-UDCA,,#N/A
P2_F1_TLCA_AZ-52_0h.mzML,579.3792,0,8.66,8.66,8.72,Trp-UDCA,,#N/A
P2_F2_TDCA_AZ-52_0h.mzML,579.3792,10581,8.68,8.66,8.72,Trp-UDCA,,#N/A
P2_F3_TCDCA_AZ-52_0h.mzML,579.3792,25214,8.69,8.66,8.72,Trp-UDCA,,#N/A
P2_F4_TUDCA_AZ-52_0h.mzML,579.3792,16321,8.7,8.66,8.72,Trp-UDCA,,#N/A
P2_F5_TCA_AZ-52_0h.mzML,579.3792,0,8.66,8.66,8.72,Trp-UDCA,,#N/A
P2_F6_GLCA_AZ-52_0h.mzML,579.3792,21839,8.67,8.66,8.72,Trp-UDCA,,#N/A
P2_F7_GDCA_AZ-52_0h.mzML,579.3792,56279,8.71,8.66,8.72,Trp-UDCA,,#N/A
P2_F8_GCDCA_AZ-52_0h.mzML,579.3792,18932,8.69,8.66,8.72,Trp-UDCA,,#N/A
P2_F9_GUDCA_AZ-52_0h.mzML,579.3792,44967,8.69,8.66,8.72,Trp-UDCA,,#N/A
P2_F10_GCA_AZ-52_0h.mzML,579.3792,14579,8.69,8.66,8.72,Trp-UDCA,,#N/A
P2_F11_BHI_50MeOH.mzML,579.3792,13292,8.7,8.66,8.72,Trp-UDCA,,#N/A
P2_F12_BHI_50DMSO_25MeOH.mzML,579.3792,0,8.66,8.66,8.72,Trp-UDCA,,#N/A
P2_G1_TLCA_EcAZ-1-cat_0h.mzML,579.3792,0,8.66,8.66,8.72,Trp-UDCA,,#N/A
P2_G2_TDCA_EcAZ-1-cat_0h.mzML,579.3792,0,8.66,8.66,8.72,Trp-UDCA,,#N/A
P2_G3_TCDCA_EcAZ-1-cat_0h.mzML,579.3792,19523,8.71,8.66,8.72,Trp-UDCA,,#N/A
P2_G4_TUDCA_EcAZ-1-cat_0h.mzML,579.3792,8657,8.66,8.66,8.72,Trp-UDCA,,#N/A
P2_G5_TCA_EcAZ-1-cat_0h.mzML,579.3792,16376,8.71,8.66,8.72,Trp-UDCA,,#N/A
P2_G6_GLCA_EcAZ-1-cat_0h.mzML,579.3792,25363,8.69,8.66,8.72,Trp-UDCA,,#N/A
P2_G7_GDCA_EcAZ-1-cat_0h.mzML,579.3792,17966,8.68,8.66,8.72,Trp-UDCA,,#N/A
P2_G8_GCDCA_EcAZ-1-cat_0h.mzML,579.3792,0,8.66,8.66,8.72,Trp-UDCA,,#N/A
P2_G9_GUDCA_EcAZ-1-cat_0h.mzML,579.3792,8142,8.68,8.66,8.72,Trp-UDCA,,#N/A
P2_G10_GCA_EcAZ-1-cat_0h.mzML,579.3792,6933,8.66,8.66,8.72,Trp-UDCA,,#N/A
P2_G11_BHI_50MeOH.mzML,579.3792,20215,8.67,8.66,8.72,Trp-UDCA,,#N/A
P2_G12_BHI_50DMSO_25MeOH.mzML,579.3792,0,8.66,8.66,8.72,Trp-UDCA,,#N/A
P2_H1_TLCA_ctrl_0h.mzML,579.3792,0,8.66,8.66,8.72,Trp-UDCA,,#N/A
P2_H2_TDCA_ctrl_0h.mzML,579.3792,0,8.66,8.66,8.72,Trp-UDCA,,#N/A
P2_H3_TCDCA_ctrl_0h.mzML,579.3792,0,8.66,8.66,8.72,Trp-UDCA,,#N/A
P2_H4_TUDCA_ctrl_0h.mzML,579.3792,4918,8.68,8.66,8.72,Trp-UDCA,,#N/A
P2_H5_TCA_ctrl_0h.mzML,579.3792,0,8.66,8.66,8.72,Trp-UDCA,,#N/A
P2_H6_GLCA_ctrl_0h.mzML,579.3792,5287,8.71,8.66,8.72,Trp-UDCA,,#N/A
P2_H7_GDCA_ctrl_0h.mzML,579.3792,5830,8.68,8.66,8.72,Trp-UDCA,,#N/A
P2_H8_GCDCA_ctrl_0h.mzML,579.3792,0,8.66,8.66,8.72,Trp-UDCA,,#N/A
P2_H9_GUDCA_ctrl_0h.mzML,579.3792,16296,8.68,8.66,8.72,Trp-UDCA,,#N/A
P2_H10_GCA_ctrl_0h.mzML,579.3792,4868,8.66,8.66,8.72,Trp-UDCA,,#N/A
P2_H11_BHI_50MeOH.mzML,579.3792,7965,8.66,8.66,8.72,Trp-UDCA,,#N/A
P2_H12_BHI_50DMSO_25MeOH.mzML,579.3792,0,8.66,8.66,8.72,Trp-UDCA,,#N/A
TCA_std.mzML,579.3792,0,8.66,8.66,8.72,Trp-UDCA,,#N/A
TCDCA_std.mzML,579.3792,0,8.66,8.66,8.72,Trp-UDCA,,#N/A
TDCA_std.mzML,579.3792,0,8.66,8.66,8.72,Trp-UDCA,,#N/A
TLCA_std.mzML,579.3792,0,8.66,8.66,8.72,Trp-UDCA,,#N/A
TUDCA_std.mzML,579.3792,0,8.66,8.66,8.72,Trp-UDCA,,#N/A
UDCA_aminoacids.mzML,579.3792,2127388,8.68,8.66,8.72,Trp-UDCA,,#N/A
CA_aminoacids.mzML,556.3633,151947632,8.57,8.4,8.59,Tyr-UDCA,,#N/A
CA_DCA_LCA_aminoacids.mzML,556.3633,533246880,8.55,8.4,8.59,Tyr-UDCA,,#N/A
CDCA_aminoacids.mzML,556.3633,3715396,8.54,8.4,8.59,Tyr-UDCA,,#N/A
DCA_aminoacids.mzML,556.3633,5379500,8.59,8.4,8.59,Tyr-UDCA,,#N/A
DCA_aminoacids_2.mzML,556.3633,234306704,8.59,8.4,8.59,Tyr-UDCA,,#N/A
GCA_std.mzML,556.3633,0,8.4,8.4,8.59,Tyr-UDCA,,#N/A
GCDCA_std.mzML,556.3633,0,8.4,8.4,8.59,Tyr-UDCA,,#N/A
GDCA_std.mzML,556.3633,0,8.4,8.4,8.59,Tyr-UDCA,,#N/A
GLCA_std.mzML,556.3633,0,8.4,8.4,8.59,Tyr-UDCA,,#N/A
GUDCA_std.mzML,556.3633,0,8.4,8.4,8.59,Tyr-UDCA,,#N/A
P2_A1_TLCA_Dny_BSH1_0h.mzML,556.3633,0,8.4,8.4,8.59,Tyr-UDCA,,#N/A
P2_A2_TDCA_Dny_BSH1_0h.mzML,556.3633,19104,8.59,8.4,8.59,Tyr-UDCA,,#N/A
P2_A3_TCDCA_Dny_BSH1_0h.mzML,556.3633,23887,8.56,8.4,8.59,Tyr-UDCA,,#N/A
P2_A4_TUDCA_Dny_BSH1_0h.mzML,556.3633,2015,8.57,8.4,8.59,Tyr-UDCA,,#N/A
P2_A5_TCA_Dny_BSH1_0h.mzML,556.3633,49814,8.57,8.4,8.59,Tyr-UDCA,,#N/A
P2_A6_GLCA_Dny_BSH1_0h.mzML,556.3633,0,8.4,8.4,8.59,Tyr-UDCA,,#N/A
P2_A7_GDCA_Dny_BSH1_0h.mzML,556.3633,29860,8.59,8.4,8.59,Tyr-UDCA,,#N/A
P2_A8_GCDCA_Dny_BSH1_0h.mzML,556.3633,10940,8.55,8.4,8.59,Tyr-UDCA,,#N/A
P2_A9_GUDCA_Dny_BSH1_0h.mzML,556.3633,0,8.4,8.4,8.59,Tyr-UDCA,,#N/A
P2_A10_GCA_Dny_BSH1_0h.mzML,556.3633,46631,8.56,8.4,8.59,Tyr-UDCA,,#N/A
P2_A11_BHI_50MeOH.mzML,556.3633,0,8.4,8.4,8.59,Tyr-UDCA,,#N/A
P2_A12_BHI_50DMSO_25MeOH.mzML,556.3633,0,8.4,8.4,8.59,Tyr-UDCA,,#N/A
P2_B1_TLCA_Dny_BSH2_0h.mzML,556.3633,0,8.4,8.4,8.59,Tyr-UDCA,,#N/A
P2_B2_TDCA_Dny_BSH2_0h.mzML,556.3633,14097,8.59,8.4,8.59,Tyr-UDCA,,#N/A
P2_B3_TCDCA_Dny_BSH2_0h.mzML,556.3633,2802,8.52,8.4,8.59,Tyr-UDCA,,#N/A
P2_B4_TUDCA_Dny_BSH2_0h.mzML,556.3633,3918,8.56,8.4,8.59,Tyr-UDCA,,#N/A
P2_B5_TCA_Dny_BSH2_0h.mzML,556.3633,1961,8.48,8.4,8.59,Tyr-UDCA,,#N/A
P2_B6_GLCA_Dny_BSH2_0h.mzML,556.3633,1857,8.58,8.4,8.59,Tyr-UDCA,,#N/A
P2_B7_GDCA_Dny_BSH2_0h.mzML,556.3633,1789,8.52,8.4,8.59,Tyr-UDCA,,#N/A
P2_B8_GCDCA_Dny_BSH2_0h.mzML,556.3633,3145,8.54,8.4,8.59,Tyr-UDCA,,#N/A
P2_B9_GUDCA_Dny_BSH2_0h.mzML,556.3633,954,8.53,8.4,8.59,Tyr-UDCA,,#N/A
P2_B10_GCA_Dny_BSH2_0h.mzML,556.3633,2164,8.5,8.4,8.59,Tyr-UDCA,,#N/A
P2_B11_BHI_50MeOH.mzML,556.3633,2485,8.51,8.4,8.59,Tyr-UDCA,,#N/A
P2_B12_BHI_50DMSO_25MeOH.mzML,556.3633,0,8.4,8.4,8.59,Tyr-UDCA,,#N/A
P2_C1_TLCA_Lgasseri_BSH_0h.mzML,556.3633,0,8.4,8.4,8.59,Tyr-UDCA,,#N/A
P2_C2_TDCA_Lgasseri_BSH_0h.mzML,556.3633,7461,8.53,8.4,8.59,Tyr-UDCA,,#N/A
P2_C3_TCDCA_Lgasseri_BSH_0h.mzML,556.3633,17870,8.53,8.4,8.59,Tyr-UDCA,,#N/A
P2_C4_TUDCA_Lgasseri_BSH_0h.mzML,556.3633,8037,8.51,8.4,8.59,Tyr-UDCA,,#N/A
P2_C5_TCA_Lgasseri_BSH_0h.mzML,556.3633,6537,8.57,8.4,8.59,Tyr-UDCA,,#N/A
P2_C6_GLCA_Lgasseri_BSH_0h.mzML,556.3633,5213,8.56,8.4,8.59,Tyr-UDCA,,#N/A
P2_C7_GDCA_Lgasseri_BSH_0h.mzML,556.3633,10180,8.49,8.4,8.59,Tyr-UDCA,,#N/A
P2_C8_GCDCA_Lgasseri_BSH_0h.mzML,556.3633,5674,8.52,8.4,8.59,Tyr-UDCA,,#N/A
P2_C9_GUDCA_Lgasseri_BSH_0h.mzML,556.3633,3101,8.55,8.4,8.59,Tyr-UDCA,,#N/A
P2_C10_GCA_Lgasseri_BSH_0h.mzML,556.3633,4994,8.52,8.4,8.59,Tyr-UDCA,,#N/A
P2_C11_BHI_50MeOH.mzML,556.3633,1269,8.56,8.4,8.59,Tyr-UDCA,,#N/A
P2_C12_BHI_50DMSO_25MeOH.mzML,556.3633,0,8.4,8.4,8.59,Tyr-UDCA,,#N/A
P2_D1_TLCA_LCAG-95_BSH1208_0h.mzML,556.3633,0,8.4,8.4,8.59,Tyr-UDCA,,#N/A
P2_D2_TDCA_LCAG-95_BSH1208_0h.mzML,556.3633,0,8.4,8.4,8.59,Tyr-UDCA,,#N/A
P2_D3_TCDCA_LCAG-95_BSH1208_0h.mzML,556.3633,1418,8.57,8.4,8.59,Tyr-UDCA,,#N/A
P2_D4_TUDCA_LCAG-95_BSH1208_0h.mzML,556.3633,1381,8.57,8.4,8.59,Tyr-UDCA,,#N/A
P2_D5_TCA_LCAG-95_BSH1208_0h.mzML,556.3633,8073,8.48,8.4,8.59,Tyr-UDCA,,#N/A
P2_D6_GLCA_LCAG-95_BSH1208_0h.mzML,556.3633,16796,8.53,8.4,8.59,Tyr-UDCA,,#N/A
P2_D7_GDCA_LCAG-95_BSH1208_0h.mzML,556.3633,4623,8.55,8.4,8.59,Tyr-UDCA,,#N/A
P2_D8_GCDCA_LCAG-95_BSH1208_0h.mzML,556.3633,0,8.4,8.4,8.59,Tyr-UDCA,,#N/A
P2_D9_GUDCA_LCAG-95_BSH1208_0h.mzML,556.3633,3811,8.52,8.4,8.59,Tyr-UDCA,,#N/A
P2_D10_GCA_LCAG-95_BSH1208_0h.mzML,556.3633,0,8.4,8.4,8.59,Tyr-UDCA,,#N/A
P2_D11_BHI_50MeOH.mzML,556.3633,0,8.4,8.4,8.59,Tyr-UDCA,,#N/A
P2_D12_BHI_50DMSO_25MeOH.mzML,556.3633,0,8.4,8.4,8.59,Tyr-UDCA,,#N/A
P2_E1_TLCA_Ep_BSH101_0h.mzML,556.3633,0,8.4,8.4,8.59,Tyr-UDCA,,#N/A
P2_E2_TDCA_Ep_BSH101_0h.mzML,556.3633,5584,8.51,8.4,8.59,Tyr-UDCA,,#N/A
P2_E3_TCDCA_Ep_BSH101_0h.mzML,556.3633,1929,8.52,8.4,8.59,Tyr-UDCA,,#N/A
P2_E4_TUDCA_Ep_BSH101_0h.mzML,556.3633,0,8.4,8.4,8.59,Tyr-UDCA,,#N/A
P2_E5_TCA_Ep_BSH101_0h.mzML,556.3633,21372,8.52,8.4,8.59,Tyr-UDCA,,#N/A
P2_E6_GLCA_Ep_BSH101_0h.mzML,556.3633,1894,8.48,8.4,8.59,Tyr-UDCA,,#N/A
P2_E7_GDCA_Ep_BSH101_0h.mzML,556.3633,3777,8.52,8.4,8.59,Tyr-UDCA,,#N/A
P2_E8_GCDCA_Ep_BSH101_0h.mzML,556.3633,2546,8.52,8.4,8.59,Tyr-UDCA,,#N/A
P2_E9_GUDCA_Ep_BSH101_0h.mzML,556.3633,86254,8.53,8.4,8.59,Tyr-UDCA,,#N/A
P2_E10_GCA_Ep_BSH101_0h.mzML,556.3633,16391,8.56,8.4,8.59,Tyr-UDCA,,#N/A
P2_E11_BHI_50MeOH.mzML,556.3633,2664,8.57,8.4,8.59,Tyr-UDCA,,#N/A
P2_E12_BHI_50DMSO_25MeOH.mzML,556.3633,2316,8.56,8.4,8.59,Tyr-UDCA,,#N/A
P2_F1_TLCA_AZ-52_0h.mzML,556.3633,0,8.4,8.4,8.59,Tyr-UDCA,,#N/A
P2_F2_TDCA_AZ-52_0h.mzML,556.3633,4581,8.51,8.4,8.59,Tyr-UDCA,,#N/A
P2_F3_TCDCA_AZ-52_0h.mzML,556.3633,4260,8.57,8.4,8.59,Tyr-UDCA,,#N/A
P2_F4_TUDCA_AZ-52_0h.mzML,556.3633,5932,8.52,8.4,8.59,Tyr-UDCA,,#N/A
P2_F5_TCA_AZ-52_0h.mzML,556.3633,1844,8.54,8.4,8.59,Tyr-UDCA,,#N/A
P2_F6_GLCA_AZ-52_0h.mzML,556.3633,16440,8.57,8.4,8.59,Tyr-UDCA,,#N/A
P2_F7_GDCA_AZ-52_0h.mzML,556.3633,3023,8.47,8.4,8.59,Tyr-UDCA,,#N/A
P2_F8_GCDCA_AZ-52_0h.mzML,556.3633,9918,8.53,8.4,8.59,Tyr-UDCA,,#N/A
P2_F9_GUDCA_AZ-52_0h.mzML,556.3633,14515,8.54,8.4,8.59,Tyr-UDCA,,#N/A
P2_F10_GCA_AZ-52_0h.mzML,556.3633,0,8.4,8.4,8.59,Tyr-UDCA,,#N/A
P2_F11_BHI_50MeOH.mzML,556.3633,679,8.45,8.4,8.59,Tyr-UDCA,,#N/A
P2_F12_BHI_50DMSO_25MeOH.mzML,556.3633,0,8.4,8.4,8.59,Tyr-UDCA,,#N/A
P2_G1_TLCA_EcAZ-1-cat_0h.mzML,556.3633,0,8.4,8.4,8.59,Tyr-UDCA,,#N/A
P2_G2_TDCA_EcAZ-1-cat_0h.mzML,556.3633,0,8.4,8.4,8.59,Tyr-UDCA,,#N/A
P2_G3_TCDCA_EcAZ-1-cat_0h.mzML,556.3633,0,8.4,8.4,8.59,Tyr-UDCA,,#N/A
P2_G4_TUDCA_EcAZ-1-cat_0h.mzML,556.3633,3106,8.49,8.4,8.59,Tyr-UDCA,,#N/A
P2_G5_TCA_EcAZ-1-cat_0h.mzML,556.3633,0,8.4,8.4,8.59,Tyr-UDCA,,#N/A
P2_G6_GLCA_EcAZ-1-cat_0h.mzML,556.3633,5570,8.59,8.4,8.59,Tyr-UDCA,,#N/A
P2_G7_GDCA_EcAZ-1-cat_0h.mzML,556.3633,6016,8.56,8.4,8.59,Tyr-UDCA,,#N/A
P2_G8_GCDCA_EcAZ-1-cat_0h.mzML,556.3633,0,8.4,8.4,8.59,Tyr-UDCA,,#N/A
P2_G9_GUDCA_EcAZ-1-cat_0h.mzML,556.3633,988,8.53,8.4,8.59,Tyr-UDCA,,#N/A
P2_G10_GCA_EcAZ-1-cat_0h.mzML,556.3633,3640,8.51,8.4,8.59,Tyr-UDCA,,#N/A
P2_G11_BHI_50MeOH.mzML,556.3633,9995,8.52,8.4,8.59,Tyr-UDCA,,#N/A
P2_G12_BHI_50DMSO_25MeOH.mzML,556.3633,0,8.4,8.4,8.59,Tyr-UDCA,,#N/A
P2_H1_TLCA_ctrl_0h.mzML,556.3633,4204,8.58,8.4,8.59,Tyr-UDCA,,#N/A
P2_H2_TDCA_ctrl_0h.mzML,556.3633,0,8.4,8.4,8.59,Tyr-UDCA,,#N/A
P2_H3_TCDCA_ctrl_0h.mzML,556.3633,0,8.4,8.4,8.59,Tyr-UDCA,,#N/A
P2_H4_TUDCA_ctrl_0h.mzML,556.3633,0,8.4,8.4,8.59,Tyr-UDCA,,#N/A
P2_H5_TCA_ctrl_0h.mzML,556.3633,0,8.4,8.4,8.59,Tyr-UDCA,,#N/A
P2_H6_GLCA_ctrl_0h.mzML,556.3633,0,8.4,8.4,8.59,Tyr-UDCA,,#N/A
P2_H7_GDCA_ctrl_0h.mzML,556.3633,0,8.4,8.4,8.59,Tyr-UDCA,,#N/A
P2_H8_GCDCA_ctrl_0h.mzML,556.3633,0,8.4,8.4,8.59,Tyr-UDCA,,#N/A
P2_H9_GUDCA_ctrl_0h.mzML,556.3633,2255,8.57,8.4,8.59,Tyr-UDCA,,#N/A
P2_H10_GCA_ctrl_0h.mzML,556.3633,2422,8.57,8.4,8.59,Tyr-UDCA,,#N/A
P2_H11_BHI_50MeOH.mzML,556.3633,523,8.55,8.4,8.59,Tyr-UDCA,,#N/A
P2_H12_BHI_50DMSO_25MeOH.mzML,556.3633,0,8.4,8.4,8.59,Tyr-UDCA,,#N/A
TCA_std.mzML,556.3633,0,8.4,8.4,8.59,Tyr-UDCA,,#N/A
TCDCA_std.mzML,556.3633,0,8.4,8.4,8.59,Tyr-UDCA,,#N/A
TDCA_std.mzML,556.3633,0,8.4,8.4,8.59,Tyr-UDCA,,#N/A
TLCA_std.mzML,556.3633,0,8.4,8.4,8.59,Tyr-UDCA,,#N/A
TUDCA_std.mzML,556.3633,0,8.4,8.4,8.59,Tyr-UDCA,,#N/A
UDCA_aminoacids.mzML,556.3633,15538211,8.49,8.4,8.59,Tyr-UDCA,,#N/A
CA_aminoacids.mzML,521.3949,0,3.66,3.66,3.78,Lys-UDCA,,#N/A
CA_DCA_LCA_aminoacids.mzML,521.3949,3798,3.71,3.66,3.78,Lys-UDCA,,#N/A
CDCA_aminoacids.mzML,521.3949,0,3.66,3.66,3.78,Lys-UDCA,,#N/A
DCA_aminoacids.mzML,521.3949,0,3.66,3.66,3.78,Lys-UDCA,,#N/A
DCA_aminoacids_2.mzML,521.3949,0,3.66,3.66,3.78,Lys-UDCA,,#N/A
GCA_std.mzML,521.3949,0,3.66,3.66,3.78,Lys-UDCA,,#N/A
GCDCA_std.mzML,521.3949,0,3.66,3.66,3.78,Lys-UDCA,,#N/A
GDCA_std.mzML,521.3949,0,3.66,3.66,3.78,Lys-UDCA,,#N/A
GLCA_std.mzML,521.3949,0,3.66,3.66,3.78,Lys-UDCA,,#N/A
GUDCA_std.mzML,521.3949,0,3.66,3.66,3.78,Lys-UDCA,,#N/A
P2_A1_TLCA_Dny_BSH1_0h.mzML,521.3949,0,3.66,3.66,3.78,Lys-UDCA,,#N/A
P2_A2_TDCA_Dny_BSH1_0h.mzML,521.3949,0,3.66,3.66,3.78,Lys-UDCA,,#N/A
P2_A3_TCDCA_Dny_BSH1_0h.mzML,521.3949,0,3.66,3.66,3.78,Lys-UDCA,,#N/A
P2_A4_TUDCA_Dny_BSH1_0h.mzML,521.3949,0,3.66,3.66,3.78,Lys-UDCA,,#N/A
P2_A5_TCA_Dny_BSH1_0h.mzML,521.3949,0,3.66,3.66,3.78,Lys-UDCA,,#N/A
P2_A6_GLCA_Dny_BSH1_0h.mzML,521.3949,0,3.66,3.66,3.78,Lys-UDCA,,#N/A
P2_A7_GDCA_Dny_BSH1_0h.mzML,521.3949,0,3.66,3.66,3.78,Lys-UDCA,,#N/A
P2_A8_GCDCA_Dny_BSH1_0h.mzML,521.3949,0,3.66,3.66,3.78,Lys-UDCA,,#N/A
P2_A9_GUDCA_Dny_BSH1_0h.mzML,521.3949,19269,3.72,3.66,3.78,Lys-UDCA,,#N/A
P2_A10_GCA_Dny_BSH1_0h.mzML,521.3949,0,3.66,3.66,3.78,Lys-UDCA,,#N/A
P2_A11_BHI_50MeOH.mzML,521.3949,0,3.66,3.66,3.78,Lys-UDCA,,#N/A
P2_A12_BHI_50DMSO_25MeOH.mzML,521.3949,0,3.66,3.66,3.78,Lys-UDCA,,#N/A
P2_B1_TLCA_Dny_BSH2_0h.mzML,521.3949,0,3.66,3.66,3.78,Lys-UDCA,,#N/A
P2_B2_TDCA_Dny_BSH2_0h.mzML,521.3949,0,3.66,3.66,3.78,Lys-UDCA,,#N/A
P2_B3_TCDCA_Dny_BSH2_0h.mzML,521.3949,0,3.66,3.66,3.78,Lys-UDCA,,#N/A
P2_B4_TUDCA_Dny_BSH2_0h.mzML,521.3949,0,3.66,3.66,3.78,Lys-UDCA,,#N/A
P2_B5_TCA_Dny_BSH2_0h.mzML,521.3949,0,3.66,3.66,3.78,Lys-UDCA,,#N/A
P2_B6_GLCA_Dny_BSH2_0h.mzML,521.3949,0,3.66,3.66,3.78,Lys-UDCA,,#N/A
P2_B7_GDCA_Dny_BSH2_0h.mzML,521.3949,0,3.66,3.66,3.78,Lys-UDCA,,#N/A
P2_B8_GCDCA_Dny_BSH2_0h.mzML,521.3949,0,3.66,3.66,3.78,Lys-UDCA,,#N/A
P2_B9_GUDCA_Dny_BSH2_0h.mzML,521.3949,0,3.66,3.66,3.78,Lys-UDCA,,#N/A
P2_B10_GCA_Dny_BSH2_0h.mzML,521.3949,0,3.66,3.66,3.78,Lys-UDCA,,#N/A
P2_B11_BHI_50MeOH.mzML,521.3949,0,3.66,3.66,3.78,Lys-UDCA,,#N/A
P2_B12_BHI_50DMSO_25MeOH.mzML,521.3949,0,3.66,3.66,3.78,Lys-UDCA,,#N/A
P2_C1_TLCA_Lgasseri_BSH_0h.mzML,521.3949,0,3.66,3.66,3.78,Lys-UDCA,,#N/A
P2_C2_TDCA_Lgasseri_BSH_0h.mzML,521.3949,0,3.66,3.66,3.78,Lys-UDCA,,#N/A
P2_C3_TCDCA_Lgasseri_BSH_0h.mzML,521.3949,0,3.66,3.66,3.78,Lys-UDCA,,#N/A
P2_C4_TUDCA_Lgasseri_BSH_0h.mzML,521.3949,0,3.66,3.66,3.78,Lys-UDCA,,#N/A
P2_C5_TCA_Lgasseri_BSH_0h.mzML,521.3949,0,3.66,3.66,3.78,Lys-UDCA,,#N/A
P2_C6_GLCA_Lgasseri_BSH_0h.mzML,521.3949,0,3.66,3.66,3.78,Lys-UDCA,,#N/A
P2_C7_GDCA_Lgasseri_BSH_0h.mzML,521.3949,0,3.66,3.66,3.78,Lys-UDCA,,#N/A
P2_C8_GCDCA_Lgasseri_BSH_0h.mzML,521.3949,0,3.66,3.66,3.78,Lys-UDCA,,#N/A
P2_C9_GUDCA_Lgasseri_BSH_0h.mzML,521.3949,0,3.66,3.66,3.78,Lys-UDCA,,#N/A
P2_C10_GCA_Lgasseri_BSH_0h.mzML,521.3949,0,3.66,3.66,3.78,Lys-UDCA,,#N/A
P2_C11_BHI_50MeOH.mzML,521.3949,0,3.66,3.66,3.78,Lys-UDCA,,#N/A
P2_C12_BHI_50DMSO_25MeOH.mzML,521.3949,0,3.66,3.66,3.78,Lys-UDCA,,#N/A
P2_D1_TLCA_LCAG-95_BSH1208_0h.mzML,521.3949,0,3.66,3.66,3.78,Lys-UDCA,,#N/A
P2_D2_TDCA_LCAG-95_BSH1208_0h.mzML,521.3949,0,3.66,3.66,3.78,Lys-UDCA,,#N/A
P2_D3_TCDCA_LCAG-95_BSH1208_0h.mzML,521.3949,0,3.66,3.66,3.78,Lys-UDCA,,#N/A
P2_D4_TUDCA_LCAG-95_BSH1208_0h.mzML,521.3949,0,3.66,3.66,3.78,Lys-UDCA,,#N/A
P2_D5_TCA_LCAG-95_BSH1208_0h.mzML,521.3949,0,3.66,3.66,3.78,Lys-UDCA,,#N/A
P2_D6_GLCA_LCAG-95_BSH1208_0h.mzML,521.3949,0,3.66,3.66,3.78,Lys-UDCA,,#N/A
P2_D7_GDCA_LCAG-95_BSH1208_0h.mzML,521.3949,0,3.66,3.66,3.78,Lys-UDCA,,#N/A
P2_D8_GCDCA_LCAG-95_BSH1208_0h.mzML,521.3949,0,3.66,3.66,3.78,Lys-UDCA,,#N/A
P2_D9_GUDCA_LCAG-95_BSH1208_0h.mzML,521.3949,0,3.66,3.66,3.78,Lys-UDCA,,#N/A
P2_D10_GCA_LCAG-95_BSH1208_0h.mzML,521.3949,0,3.66,3.66,3.78,Lys-UDCA,,#N/A
P2_D11_BHI_50MeOH.mzML,521.3949,0,3.66,3.66,3.78,Lys-UDCA,,#N/A
P2_D12_BHI_50DMSO_25MeOH.mzML,521.3949,0,3.66,3.66,3.78,Lys-UDCA,,#N/A
P2_E1_TLCA_Ep_BSH101_0h.mzML,521.3949,0,3.66,3.66,3.78,Lys-UDCA,,#N/A
P2_E2_TDCA_Ep_BSH101_0h.mzML,521.3949,0,3.66,3.66,3.78,Lys-UDCA,,#N/A
P2_E3_TCDCA_Ep_BSH101_0h.mzML,521.3949,0,3.66,3.66,3.78,Lys-UDCA,,#N/A
P2_E4_TUDCA_Ep_BSH101_0h.mzML,521.3949,0,3.66,3.66,3.78,Lys-UDCA,,#N/A
P2_E5_TCA_Ep_BSH101_0h.mzML,521.3949,0,3.66,3.66,3.78,Lys-UDCA,,#N/A
P2_E6_GLCA_Ep_BSH101_0h.mzML,521.3949,0,3.66,3.66,3.78,Lys-UDCA,,#N/A
P2_E7_GDCA_Ep_BSH101_0h.mzML,521.3949,0,3.66,3.66,3.78,Lys-UDCA,,#N/A
P2_E8_GCDCA_Ep_BSH101_0h.mzML,521.3949,0,3.66,3.66,3.78,Lys-UDCA,,#N/A
P2_E9_GUDCA_Ep_BSH101_0h.mzML,521.3949,0,3.66,3.66,3.78,Lys-UDCA,,#N/A
P2_E10_GCA_Ep_BSH101_0h.mzML,521.3949,0,3.66,3.66,3.78,Lys-UDCA,,#N/A
P2_E11_BHI_50MeOH.mzML,521.3949,0,3.66,3.66,3.78,Lys-UDCA,,#N/A
P2_E12_BHI_50DMSO_25MeOH.mzML,521.3949,0,3.66,3.66,3.78,Lys-UDCA,,#N/A
P2_F1_TLCA_AZ-52_0h.mzML,521.3949,0,3.66,3.66,3.78,Lys-UDCA,,#N/A
P2_F2_TDCA_AZ-52_0h.mzML,521.3949,0,3.66,3.66,3.78,Lys-UDCA,,#N/A
P2_F3_TCDCA_AZ-52_0h.mzML,521.3949,0,3.66,3.66,3.78,Lys-UDCA,,#N/A
P2_F4_TUDCA_AZ-52_0h.mzML,521.3949,42272,3.74,3.66,3.78,Lys-UDCA,,#N/A
P2_F5_TCA_AZ-52_0h.mzML,521.3949,0,3.66,3.66,3.78,Lys-UDCA,,#N/A
P2_F6_GLCA_AZ-52_0h.mzML,521.3949,0,3.66,3.66,3.78,Lys-UDCA,,#N/A
P2_F7_GDCA_AZ-52_0h.mzML,521.3949,0,3.66,3.66,3.78,Lys-UDCA,,#N/A
P2_F8_GCDCA_AZ-52_0h.mzML,521.3949,0,3.66,3.66,3.78,Lys-UDCA,,#N/A
P2_F9_GUDCA_AZ-52_0h.mzML,521.3949,0,3.66,3.66,3.78,Lys-UDCA,,#N/A
P2_F10_GCA_AZ-52_0h.mzML,521.3949,0,3.66,3.66,3.78,Lys-UDCA,,#N/A
P2_F11_BHI_50MeOH.mzML,521.3949,0,3.66,3.66,3.78,Lys-UDCA,,#N/A
P2_F12_BHI_50DMSO_25MeOH.mzML,521.3949,0,3.66,3.66,3.78,Lys-UDCA,,#N/A
P2_G1_TLCA_EcAZ-1-cat_0h.mzML,521.3949,0,3.66,3.66,3.78,Lys-UDCA,,#N/A
P2_G2_TDCA_EcAZ-1-cat_0h.mzML,521.3949,0,3.66,3.66,3.78,Lys-UDCA,,#N/A
P2_G3_TCDCA_EcAZ-1-cat_0h.mzML,521.3949,0,3.66,3.66,3.78,Lys-UDCA,,#N/A
P2_G4_TUDCA_EcAZ-1-cat_0h.mzML,521.3949,0,3.66,3.66,3.78,Lys-UDCA,,#N/A
P2_G5_TCA_EcAZ-1-cat_0h.mzML,521.3949,0,3.66,3.66,3.78,Lys-UDCA,,#N/A
P2_G6_GLCA_EcAZ-1-cat_0h.mzML,521.3949,0,3.66,3.66,3.78,Lys-UDCA,,#N/A
P2_G7_GDCA_EcAZ-1-cat_0h.mzML,521.3949,0,3.66,3.66,3.78,Lys-UDCA,,#N/A
P2_G8_GCDCA_EcAZ-1-cat_0h.mzML,521.3949,0,3.66,3.66,3.78,Lys-UDCA,,#N/A
P2_G9_GUDCA_EcAZ-1-cat_0h.mzML,521.3949,0,3.66,3.66,3.78,Lys-UDCA,,#N/A
P2_G10_GCA_EcAZ-1-cat_0h.mzML,521.3949,0,3.66,3.66,3.78,Lys-UDCA,,#N/A
P2_G11_BHI_50MeOH.mzML,521.3949,0,3.66,3.66,3.78,Lys-UDCA,,#N/A
P2_G12_BHI_50DMSO_25MeOH.mzML,521.3949,0,3.66,3.66,3.78,Lys-UDCA,,#N/A
P2_H1_TLCA_ctrl_0h.mzML,521.3949,0,3.66,3.66,3.78,Lys-UDCA,,#N/A
P2_H2_TDCA_ctrl_0h.mzML,521.3949,0,3.66,3.66,3.78,Lys-UDCA,,#N/A
P2_H3_TCDCA_ctrl_0h.mzML,521.3949,0,3.66,3.66,3.78,Lys-UDCA,,#N/A
P2_H4_TUDCA_ctrl_0h.mzML,521.3949,0,3.66,3.66,3.78,Lys-UDCA,,#N/A
P2_H5_TCA_ctrl_0h.mzML,521.3949,0,3.66,3.66,3.78,Lys-UDCA,,#N/A
P2_H6_GLCA_ctrl_0h.mzML,521.3949,0,3.66,3.66,3.78,Lys-UDCA,,#N/A
P2_H7_GDCA_ctrl_0h.mzML,521.3949,0,3.66,3.66,3.78,Lys-UDCA,,#N/A
P2_H8_GCDCA_ctrl_0h.mzML,521.3949,0,3.66,3.66,3.78,Lys-UDCA,,#N/A
P2_H9_GUDCA_ctrl_0h.mzML,521.3949,0,3.66,3.66,3.78,Lys-UDCA,,#N/A
P2_H10_GCA_ctrl_0h.mzML,521.3949,0,3.66,3.66,3.78,Lys-UDCA,,#N/A
P2_H11_BHI_50MeOH.mzML,521.3949,0,3.66,3.66,3.78,Lys-UDCA,,#N/A
P2_H12_BHI_50DMSO_25MeOH.mzML,521.3949,0,3.66,3.66,3.78,Lys-UDCA,,#N/A
TCA_std.mzML,521.3949,0,3.66,3.66,3.78,Lys-UDCA,,#N/A
TCDCA_std.mzML,521.3949,0,3.66,3.66,3.78,Lys-UDCA,,#N/A
TDCA_std.mzML,521.3949,0,3.66,3.66,3.78,Lys-UDCA,,#N/A
TLCA_std.mzML,521.3949,0,3.66,3.66,3.78,Lys-UDCA,,#N/A
TUDCA_std.mzML,521.3949,0,3.66,3.66,3.78,Lys-UDCA,,#N/A
UDCA_aminoacids.mzML,521.3949,32042,3.68,3.66,3.78,Lys-UDCA,,#N/A
CA_aminoacids.mzML,540.3684,5410159,8.87,8.84,8.94,Phe-UDCA,,#N/A
CA_DCA_LCA_aminoacids.mzML,540.3684,424657376,8.89,8.84,8.94,Phe-UDCA,,#N/A
CDCA_aminoacids.mzML,540.3684,55595636,8.84,8.84,8.94,Phe-UDCA,,#N/A
DCA_aminoacids.mzML,540.3684,507499200,8.88,8.84,8.94,Phe-UDCA,,#N/A
DCA_aminoacids_2.mzML,540.3684,924903040,8.87,8.84,8.94,Phe-UDCA,,#N/A
GCA_std.mzML,540.3684,0,8.84,8.84,8.94,Phe-UDCA,,#N/A
GCDCA_std.mzML,540.3684,0,8.84,8.84,8.94,Phe-UDCA,,#N/A
GDCA_std.mzML,540.3684,0,8.84,8.84,8.94,Phe-UDCA,,#N/A
GLCA_std.mzML,540.3684,0,8.84,8.84,8.94,Phe-UDCA,,#N/A
GUDCA_std.mzML,540.3684,0,8.84,8.84,8.94,Phe-UDCA,,#N/A
P2_A1_TLCA_Dny_BSH1_0h.mzML,540.3684,171382,8.89,8.84,8.94,Phe-UDCA,,#N/A
P2_A2_TDCA_Dny_BSH1_0h.mzML,540.3684,642816,8.87,8.84,8.94,Phe-UDCA,,#N/A
P2_A3_TCDCA_Dny_BSH1_0h.mzML,540.3684,61095,8.84,8.84,8.94,Phe-UDCA,,#N/A
P2_A4_TUDCA_Dny_BSH1_0h.mzML,540.3684,122414,8.91,8.84,8.94,Phe-UDCA,,#N/A
P2_A5_TCA_Dny_BSH1_0h.mzML,540.3684,112402,8.91,8.84,8.94,Phe-UDCA,,#N/A
P2_A6_GLCA_Dny_BSH1_0h.mzML,540.3684,63442,8.89,8.84,8.94,Phe-UDCA,,#N/A
P2_A7_GDCA_Dny_BSH1_0h.mzML,540.3684,884810,8.87,8.84,8.94,Phe-UDCA,,#N/A
P2_A8_GCDCA_Dny_BSH1_0h.mzML,540.3684,92413,8.91,8.84,8.94,Phe-UDCA,,#N/A
P2_A9_GUDCA_Dny_BSH1_0h.mzML,540.3684,139386,8.91,8.84,8.94,Phe-UDCA,,#N/A
P2_A10_GCA_Dny_BSH1_0h.mzML,540.3684,120185,8.87,8.84,8.94,Phe-UDCA,,#N/A
P2_A11_BHI_50MeOH.mzML,540.3684,59699,8.91,8.84,8.94,Phe-UDCA,,#N/A
P2_A12_BHI_50DMSO_25MeOH.mzML,540.3684,84987,8.9,8.84,8.94,Phe-UDCA,,#N/A
P2_B1_TLCA_Dny_BSH2_0h.mzML,540.3684,53964,8.91,8.84,8.94,Phe-UDCA,,#N/A
P2_B2_TDCA_Dny_BSH2_0h.mzML,540.3684,174847,8.91,8.84,8.94,Phe-UDCA,,#N/A
P2_B3_TCDCA_Dny_BSH2_0h.mzML,540.3684,132346,8.91,8.84,8.94,Phe-UDCA,,#N/A
P2_B4_TUDCA_Dny_BSH2_0h.mzML,540.3684,161097,8.9,8.84,8.94,Phe-UDCA,,#N/A
P2_B5_TCA_Dny_BSH2_0h.mzML,540.3684,260368,8.91,8.84,8.94,Phe-UDCA,,#N/A
P2_B6_GLCA_Dny_BSH2_0h.mzML,540.3684,177564,8.88,8.84,8.94,Phe-UDCA,,#N/A
P2_B7_GDCA_Dny_BSH2_0h.mzML,540.3684,213269,8.9,8.84,8.94,Phe-UDCA,,#N/A
P2_B8_GCDCA_Dny_BSH2_0h.mzML,540.3684,247184,8.9,8.84,8.94,Phe-UDCA,,#N/A
P2_B9_GUDCA_Dny_BSH2_0h.mzML,540.3684,161448,8.91,8.84,8.94,Phe-UDCA,,#N/A
P2_B10_GCA_Dny_BSH2_0h.mzML,540.3684,139603,8.9,8.84,8.94,Phe-UDCA,,#N/A
P2_B11_BHI_50MeOH.mzML,540.3684,141611,8.9,8.84,8.94,Phe-UDCA,,#N/A
P2_B12_BHI_50DMSO_25MeOH.mzML,540.3684,8623,8.91,8.84,8.94,Phe-UDCA,,#N/A
P2_C1_TLCA_Lgasseri_BSH_0h.mzML,540.3684,10459,8.88,8.84,8.94,Phe-UDCA,,#N/A
P2_C2_TDCA_Lgasseri_BSH_0h.mzML,540.3684,222909,8.9,8.84,8.94,Phe-UDCA,,#N/A
P2_C3_TCDCA_Lgasseri_BSH_0h.mzML,540.3684,382844,8.9,8.84,8.94,Phe-UDCA,,#N/A
P2_C4_TUDCA_Lgasseri_BSH_0h.mzML,540.3684,265372,8.91,8.84,8.94,Phe-UDCA,,#N/A
P2_C5_TCA_Lgasseri_BSH_0h.mzML,540.3684,234620,8.91,8.84,8.94,Phe-UDCA,,#N/A
P2_C6_GLCA_Lgasseri_BSH_0h.mzML,540.3684,128495,8.87,8.84,8.94,Phe-UDCA,,#N/A
P2_C7_GDCA_Lgasseri_BSH_0h.mzML,540.3684,366529,8.91,8.84,8.94,Phe-UDCA,,#N/A
P2_C8_GCDCA_Lgasseri_BSH_0h.mzML,540.3684,219722,8.91,8.84,8.94,Phe-UDCA,,#N/A
P2_C9_GUDCA_Lgasseri_BSH_0h.mzML,540.3684,224071,8.9,8.84,8.94,Phe-UDCA,,#N/A
P2_C10_GCA_Lgasseri_BSH_0h.mzML,540.3684,138510,8.91,8.84,8.94,Phe-UDCA,,#N/A
P2_C11_BHI_50MeOH.mzML,540.3684,134093,8.9,8.84,8.94,Phe-UDCA,,#N/A
P2_C12_BHI_50DMSO_25MeOH.mzML,540.3684,8987,8.89,8.84,8.94,Phe-UDCA,,#N/A
P2_D1_TLCA_LCAG-95_BSH1208_0h.mzML,540.3684,28907,8.9,8.84,8.94,Phe-UDCA,,#N/A
P2_D2_TDCA_LCAG-95_BSH1208_0h.mzML,540.3684,63445,8.91,8.84,8.94,Phe-UDCA,,#N/A
P2_D3_TCDCA_LCAG-95_BSH1208_0h.mzML,540.3684,103981,8.91,8.84,8.94,Phe-UDCA,,#N/A
P2_D4_TUDCA_LCAG-95_BSH1208_0h.mzML,540.3684,63154,8.88,8.84,8.94,Phe-UDCA,,#N/A
P2_D5_TCA_LCAG-95_BSH1208_0h.mzML,540.3684,190713,8.9,8.84,8.94,Phe-UDCA,,#N/A
P2_D6_GLCA_LCAG-95_BSH1208_0h.mzML,540.3684,196813,8.91,8.84,8.94,Phe-UDCA,,#N/A
P2_D7_GDCA_LCAG-95_BSH1208_0h.mzML,540.3684,203570,8.91,8.84,8.94,Phe-UDCA,,#N/A
P2_D8_GCDCA_LCAG-95_BSH1208_0h.mzML,540.3684,210836,8.91,8.84,8.94,Phe-UDCA,,#N/A
P2_D9_GUDCA_LCAG-95_BSH1208_0h.mzML,540.3684,175533,8.92,8.84,8.94,Phe-UDCA,,#N/A
P2_D10_GCA_LCAG-95_BSH1208_0h.mzML,540.3684,137665,8.9,8.84,8.94,Phe-UDCA,,#N/A
P2_D11_BHI_50MeOH.mzML,540.3684,117867,8.91,8.84,8.94,Phe-UDCA,,#N/A
P2_D12_BHI_50DMSO_25MeOH.mzML,540.3684,30019,8.88,8.84,8.94,Phe-UDCA,,#N/A
P2_E1_TLCA_Ep_BSH101_0h.mzML,540.3684,16625,8.87,8.84,8.94,Phe-UDCA,,#N/A
P2_E2_TDCA_Ep_BSH101_0h.mzML,540.3684,265754,8.88,8.84,8.94,Phe-UDCA,,#N/A
P2_E3_TCDCA_Ep_BSH101_0h.mzML,540.3684,200990,8.91,8.84,8.94,Phe-UDCA,,#N/A
P2_E4_TUDCA_Ep_BSH101_0h.mzML,540.3684,119277,8.91,8.84,8.94,Phe-UDCA,,#N/A
P2_E5_TCA_Ep_BSH101_0h.mzML,540.3684,475792,8.91,8.84,8.94,Phe-UDCA,,#N/A
P2_E6_GLCA_Ep_BSH101_0h.mzML,540.3684,73421,8.92,8.84,8.94,Phe-UDCA,,#N/A
P2_E7_GDCA_Ep_BSH101_0h.mzML,540.3684,171684,8.91,8.84,8.94,Phe-UDCA,,#N/A
P2_E8_GCDCA_Ep_BSH101_0h.mzML,540.3684,234472,8.9,8.84,8.94,Phe-UDCA,,#N/A
P2_E9_GUDCA_Ep_BSH101_0h.mzML,540.3684,526584,8.91,8.84,8.94,Phe-UDCA,,#N/A
P2_E10_GCA_Ep_BSH101_0h.mzML,540.3684,288101,8.91,8.84,8.94,Phe-UDCA,,#N/A
P2_E11_BHI_50MeOH.mzML,540.3684,104355,8.9,8.84,8.94,Phe-UDCA,,#N/A
P2_E12_BHI_50DMSO_25MeOH.mzML,540.3684,101757,8.91,8.84,8.94,Phe-UDCA,,#N/A
P2_F1_TLCA_AZ-52_0h.mzML,540.3684,49942,8.91,8.84,8.94,Phe-UDCA,,#N/A
P2_F2_TDCA_AZ-52_0h.mzML,540.3684,238023,8.9,8.84,8.94,Phe-UDCA,,#N/A
P2_F3_TCDCA_AZ-52_0h.mzML,540.3684,215817,8.92,8.84,8.94,Phe-UDCA,,#N/A
P2_F4_TUDCA_AZ-52_0h.mzML,540.3684,293055,8.91,8.84,8.94,Phe-UDCA,,#N/A
P2_F5_TCA_AZ-52_0h.mzML,540.3684,113762,8.87,8.84,8.94,Phe-UDCA,,#N/A
P2_F6_GLCA_AZ-52_0h.mzML,540.3684,309654,8.91,8.84,8.94,Phe-UDCA,,#N/A
P2_F7_GDCA_AZ-52_0h.mzML,540.3684,316412,8.91,8.84,8.94,Phe-UDCA,,#N/A
P2_F8_GCDCA_AZ-52_0h.mzML,540.3684,380377,8.91,8.84,8.94,Phe-UDCA,,#N/A
P2_F9_GUDCA_AZ-52_0h.mzML,540.3684,401949,8.89,8.84,8.94,Phe-UDCA,,#N/A
P2_F10_GCA_AZ-52_0h.mzML,540.3684,167429,8.9,8.84,8.94,Phe-UDCA,,#N/A
P2_F11_BHI_50MeOH.mzML,540.3684,184378,8.91,8.84,8.94,Phe-UDCA,,#N/A
P2_F12_BHI_50DMSO_25MeOH.mzML,540.3684,78521,8.9,8.84,8.94,Phe-UDCA,,#N/A
P2_G1_TLCA_EcAZ-1-cat_0h.mzML,540.3684,73630,8.9,8.84,8.94,Phe-UDCA,,#N/A
P2_G2_TDCA_EcAZ-1-cat_0h.mzML,540.3684,27069,8.91,8.84,8.94,Phe-UDCA,,#N/A
P2_G3_TCDCA_EcAZ-1-cat_0h.mzML,540.3684,161251,8.91,8.84,8.94,Phe-UDCA,,#N/A
P2_G4_TUDCA_EcAZ-1-cat_0h.mzML,540.3684,241099,8.91,8.84,8.94,Phe-UDCA,,#N/A
P2_G5_TCA_EcAZ-1-cat_0h.mzML,540.3684,144907,8.88,8.84,8.94,Phe-UDCA,,#N/A
P2_G6_GLCA_EcAZ-1-cat_0h.mzML,540.3684,254291,8.86,8.84,8.94,Phe-UDCA,,#N/A
P2_G7_GDCA_EcAZ-1-cat_0h.mzML,540.3684,281934,8.9,8.84,8.94,Phe-UDCA,,#N/A
P2_G8_GCDCA_EcAZ-1-cat_0h.mzML,540.3684,227867,8.9,8.84,8.94,Phe-UDCA,,#N/A
P2_G9_GUDCA_EcAZ-1-cat_0h.mzML,540.3684,183471,8.91,8.84,8.94,Phe-UDCA,,#N/A
P2_G10_GCA_EcAZ-1-cat_0h.mzML,540.3684,254836,8.91,8.84,8.94,Phe-UDCA,,#N/A
P2_G11_BHI_50MeOH.mzML,540.3684,227934,8.92,8.84,8.94,Phe-UDCA,,#N/A
P2_G12_BHI_50DMSO_25MeOH.mzML,540.3684,15340,8.91,8.84,8.94,Phe-UDCA,,#N/A
P2_H1_TLCA_ctrl_0h.mzML,540.3684,107025,8.91,8.84,8.94,Phe-UDCA,,#N/A
P2_H2_TDCA_ctrl_0h.mzML,540.3684,74009,8.9,8.84,8.94,Phe-UDCA,,#N/A
P2_H3_TCDCA_ctrl_0h.mzML,540.3684,77117,8.91,8.84,8.94,Phe-UDCA,,#N/A
P2_H4_TUDCA_ctrl_0h.mzML,540.3684,143526,8.9,8.84,8.94,Phe-UDCA,,#N/A
P2_H5_TCA_ctrl_0h.mzML,540.3684,135460,8.9,8.84,8.94,Phe-UDCA,,#N/A
P2_H6_GLCA_ctrl_0h.mzML,540.3684,43788,8.9,8.84,8.94,Phe-UDCA,,#N/A
P2_H7_GDCA_ctrl_0h.mzML,540.3684,114404,8.91,8.84,8.94,Phe-UDCA,,#N/A
P2_H8_GCDCA_ctrl_0h.mzML,540.3684,159788,8.91,8.84,8.94,Phe-UDCA,,#N/A
P2_H9_GUDCA_ctrl_0h.mzML,540.3684,243300,8.91,8.84,8.94,Phe-UDCA,,#N/A
P2_H10_GCA_ctrl_0h.mzML,540.3684,108205,8.9,8.84,8.94,Phe-UDCA,,#N/A
P2_H11_BHI_50MeOH.mzML,540.3684,156891,8.91,8.84,8.94,Phe-UDCA,,#N/A
P2_H12_BHI_50DMSO_25MeOH.mzML,540.3684,79456,8.91,8.84,8.94,Phe-UDCA,,#N/A
TCA_std.mzML,540.3684,0,8.84,8.84,8.94,Phe-UDCA,,#N/A
TCDCA_std.mzML,540.3684,0,8.84,8.84,8.94,Phe-UDCA,,#N/A
TDCA_std.mzML,540.3684,0,8.84,8.84,8.94,Phe-UDCA,,#N/A
TLCA_std.mzML,540.3684,0,8.84,8.84,8.94,Phe-UDCA,,#N/A
TUDCA_std.mzML,540.3684,0,8.84,8.84,8.94,Phe-UDCA,,#N/A
UDCA_aminoacids.mzML,540.3684,981379,8.85,8.84,8.94,Phe-UDCA,,#N/A
CA_aminoacids.mzML,537.3898,1148382,3.83,3.7,3.98,Lys-CA,,#N/A
CA_DCA_LCA_aminoacids.mzML,537.3898,46990,3.82,3.7,3.98,Lys-CA,,#N/A
CDCA_aminoacids.mzML,537.3898,0,3.7,3.7,3.98,Lys-CA,,#N/A
DCA_aminoacids.mzML,537.3898,0,3.7,3.7,3.98,Lys-CA,,#N/A
DCA_aminoacids_2.mzML,537.3898,17304,3.84,3.7,3.98,Lys-CA,,#N/A
GCA_std.mzML,537.3898,0,3.7,3.7,3.98,Lys-CA,,#N/A
GCDCA_std.mzML,537.3898,0,3.7,3.7,3.98,Lys-CA,,#N/A
GDCA_std.mzML,537.3898,0,3.7,3.7,3.98,Lys-CA,,#N/A
GLCA_std.mzML,537.3898,0,3.7,3.7,3.98,Lys-CA,,#N/A
GUDCA_std.mzML,537.3898,0,3.7,3.7,3.98,Lys-CA,,#N/A
P2_A1_TLCA_Dny_BSH1_0h.mzML,537.3898,0,3.7,3.7,3.98,Lys-CA,,#N/A
P2_A2_TDCA_Dny_BSH1_0h.mzML,537.3898,0,3.7,3.7,3.98,Lys-CA,,#N/A
P2_A3_TCDCA_Dny_BSH1_0h.mzML,537.3898,0,3.7,3.7,3.98,Lys-CA,,#N/A
P2_A4_TUDCA_Dny_BSH1_0h.mzML,537.3898,0,3.7,3.7,3.98,Lys-CA,,#N/A
P2_A5_TCA_Dny_BSH1_0h.mzML,537.3898,92913,3.83,3.7,3.98,Lys-CA,,#N/A
P2_A6_GLCA_Dny_BSH1_0h.mzML,537.3898,0,3.7,3.7,3.98,Lys-CA,,#N/A
P2_A7_GDCA_Dny_BSH1_0h.mzML,537.3898,0,3.7,3.7,3.98,Lys-CA,,#N/A
P2_A8_GCDCA_Dny_BSH1_0h.mzML,537.3898,0,3.7,3.7,3.98,Lys-CA,,#N/A
P2_A9_GUDCA_Dny_BSH1_0h.mzML,537.3898,0,3.7,3.7,3.98,Lys-CA,,#N/A
P2_A10_GCA_Dny_BSH1_0h.mzML,537.3898,74308,3.83,3.7,3.98,Lys-CA,,#N/A
P2_A11_BHI_50MeOH.mzML,537.3898,0,3.7,3.7,3.98,Lys-CA,,#N/A
P2_A12_BHI_50DMSO_25MeOH.mzML,537.3898,0,3.7,3.7,3.98,Lys-CA,,#N/A
P2_B1_TLCA_Dny_BSH2_0h.mzML,537.3898,0,3.7,3.7,3.98,Lys-CA,,#N/A
P2_B2_TDCA_Dny_BSH2_0h.mzML,537.3898,0,3.7,3.7,3.98,Lys-CA,,#N/A
P2_B3_TCDCA_Dny_BSH2_0h.mzML,537.3898,0,3.7,3.7,3.98,Lys-CA,,#N/A
P2_B4_TUDCA_Dny_BSH2_0h.mzML,537.3898,0,3.7,3.7,3.98,Lys-CA,,#N/A
P2_B5_TCA_Dny_BSH2_0h.mzML,537.3898,0,3.7,3.7,3.98,Lys-CA,,#N/A
P2_B6_GLCA_Dny_BSH2_0h.mzML,537.3898,0,3.7,3.7,3.98,Lys-CA,,#N/A
P2_B7_GDCA_Dny_BSH2_0h.mzML,537.3898,0,3.7,3.7,3.98,Lys-CA,,#N/A
P2_B8_GCDCA_Dny_BSH2_0h.mzML,537.3898,0,3.7,3.7,3.98,Lys-CA,,#N/A
P2_B9_GUDCA_Dny_BSH2_0h.mzML,537.3898,0,3.7,3.7,3.98,Lys-CA,,#N/A
P2_B10_GCA_Dny_BSH2_0h.mzML,537.3898,0,3.7,3.7,3.98,Lys-CA,,#N/A
P2_B11_BHI_50MeOH.mzML,537.3898,0,3.7,3.7,3.98,Lys-CA,,#N/A
P2_B12_BHI_50DMSO_25MeOH.mzML,537.3898,0,3.7,3.7,3.98,Lys-CA,,#N/A
P2_C1_TLCA_Lgasseri_BSH_0h.mzML,537.3898,0,3.7,3.7,3.98,Lys-CA,,#N/A
P2_C2_TDCA_Lgasseri_BSH_0h.mzML,537.3898,0,3.7,3.7,3.98,Lys-CA,,#N/A
P2_C3_TCDCA_Lgasseri_BSH_0h.mzML,537.3898,0,3.7,3.7,3.98,Lys-CA,,#N/A
P2_C4_TUDCA_Lgasseri_BSH_0h.mzML,537.3898,0,3.7,3.7,3.98,Lys-CA,,#N/A
P2_C5_TCA_Lgasseri_BSH_0h.mzML,537.3898,0,3.7,3.7,3.98,Lys-CA,,#N/A
P2_C6_GLCA_Lgasseri_BSH_0h.mzML,537.3898,0,3.7,3.7,3.98,Lys-CA,,#N/A
P2_C7_GDCA_Lgasseri_BSH_0h.mzML,537.3898,0,3.7,3.7,3.98,Lys-CA,,#N/A
P2_C8_GCDCA_Lgasseri_BSH_0h.mzML,537.3898,0,3.7,3.7,3.98,Lys-CA,,#N/A
P2_C9_GUDCA_Lgasseri_BSH_0h.mzML,537.3898,0,3.7,3.7,3.98,Lys-CA,,#N/A
P2_C10_GCA_Lgasseri_BSH_0h.mzML,537.3898,0,3.7,3.7,3.98,Lys-CA,,#N/A
P2_C11_BHI_50MeOH.mzML,537.3898,0,3.7,3.7,3.98,Lys-CA,,#N/A
P2_C12_BHI_50DMSO_25MeOH.mzML,537.3898,0,3.7,3.7,3.98,Lys-CA,,#N/A
P2_D1_TLCA_LCAG-95_BSH1208_0h.mzML,537.3898,0,3.7,3.7,3.98,Lys-CA,,#N/A
P2_D2_TDCA_LCAG-95_BSH1208_0h.mzML,537.3898,0,3.7,3.7,3.98,Lys-CA,,#N/A
P2_D3_TCDCA_LCAG-95_BSH1208_0h.mzML,537.3898,0,3.7,3.7,3.98,Lys-CA,,#N/A
P2_D4_TUDCA_LCAG-95_BSH1208_0h.mzML,537.3898,0,3.7,3.7,3.98,Lys-CA,,#N/A
P2_D5_TCA_LCAG-95_BSH1208_0h.mzML,537.3898,0,3.7,3.7,3.98,Lys-CA,,#N/A
P2_D6_GLCA_LCAG-95_BSH1208_0h.mzML,537.3898,0,3.7,3.7,3.98,Lys-CA,,#N/A
P2_D7_GDCA_LCAG-95_BSH1208_0h.mzML,537.3898,0,3.7,3.7,3.98,Lys-CA,,#N/A
P2_D8_GCDCA_LCAG-95_BSH1208_0h.mzML,537.3898,0,3.7,3.7,3.98,Lys-CA,,#N/A
P2_D9_GUDCA_LCAG-95_BSH1208_0h.mzML,537.3898,0,3.7,3.7,3.98,Lys-CA,,#N/A
P2_D10_GCA_LCAG-95_BSH1208_0h.mzML,537.3898,0,3.7,3.7,3.98,Lys-CA,,#N/A
P2_D11_BHI_50MeOH.mzML,537.3898,0,3.7,3.7,3.98,Lys-CA,,#N/A
P2_D12_BHI_50DMSO_25MeOH.mzML,537.3898,0,3.7,3.7,3.98,Lys-CA,,#N/A
P2_E1_TLCA_Ep_BSH101_0h.mzML,537.3898,0,3.7,3.7,3.98,Lys-CA,,#N/A
P2_E2_TDCA_Ep_BSH101_0h.mzML,537.3898,0,3.7,3.7,3.98,Lys-CA,,#N/A
P2_E3_TCDCA_Ep_BSH101_0h.mzML,537.3898,0,3.7,3.7,3.98,Lys-CA,,#N/A
P2_E4_TUDCA_Ep_BSH101_0h.mzML,537.3898,0,3.7,3.7,3.98,Lys-CA,,#N/A
P2_E5_TCA_Ep_BSH101_0h.mzML,537.3898,0,3.7,3.7,3.98,Lys-CA,,#N/A
P2_E6_GLCA_Ep_BSH101_0h.mzML,537.3898,0,3.7,3.7,3.98,Lys-CA,,#N/A
P2_E7_GDCA_Ep_BSH101_0h.mzML,537.3898,0,3.7,3.7,3.98,Lys-CA,,#N/A
P2_E8_GCDCA_Ep_BSH101_0h.mzML,537.3898,0,3.7,3.7,3.98,Lys-CA,,#N/A
P2_E9_GUDCA_Ep_BSH101_0h.mzML,537.3898,0,3.7,3.7,3.98,Lys-CA,,#N/A
P2_E10_GCA_Ep_BSH101_0h.mzML,537.3898,0,3.7,3.7,3.98,Lys-CA,,#N/A
P2_E11_BHI_50MeOH.mzML,537.3898,0,3.7,3.7,3.98,Lys-CA,,#N/A
P2_E12_BHI_50DMSO_25MeOH.mzML,537.3898,0,3.7,3.7,3.98,Lys-CA,,#N/A
P2_F1_TLCA_AZ-52_0h.mzML,537.3898,0,3.7,3.7,3.98,Lys-CA,,#N/A
P2_F2_TDCA_AZ-52_0h.mzML,537.3898,1079,3.75,3.7,3.98,Lys-CA,,#N/A
P2_F3_TCDCA_AZ-52_0h.mzML,537.3898,0,3.7,3.7,3.98,Lys-CA,,#N/A
P2_F4_TUDCA_AZ-52_0h.mzML,537.3898,0,3.7,3.7,3.98,Lys-CA,,#N/A
P2_F5_TCA_AZ-52_0h.mzML,537.3898,5517,3.85,3.7,3.98,Lys-CA,,#N/A
P2_F6_GLCA_AZ-52_0h.mzML,537.3898,0,3.7,3.7,3.98,Lys-CA,,#N/A
P2_F7_GDCA_AZ-52_0h.mzML,537.3898,0,3.7,3.7,3.98,Lys-CA,,#N/A
P2_F8_GCDCA_AZ-52_0h.mzML,537.3898,0,3.7,3.7,3.98,Lys-CA,,#N/A
P2_F9_GUDCA_AZ-52_0h.mzML,537.3898,10882,3.87,3.7,3.98,Lys-CA,,#N/A
P2_F10_GCA_AZ-52_0h.mzML,537.3898,0,3.7,3.7,3.98,Lys-CA,,#N/A
P2_F11_BHI_50MeOH.mzML,537.3898,0,3.7,3.7,3.98,Lys-CA,,#N/A
P2_F12_BHI_50DMSO_25MeOH.mzML,537.3898,0,3.7,3.7,3.98,Lys-CA,,#N/A
P2_G1_TLCA_EcAZ-1-cat_0h.mzML,537.3898,0,3.7,3.7,3.98,Lys-CA,,#N/A
P2_G2_TDCA_EcAZ-1-cat_0h.mzML,537.3898,0,3.7,3.7,3.98,Lys-CA,,#N/A
P2_G3_TCDCA_EcAZ-1-cat_0h.mzML,537.3898,0,3.7,3.7,3.98,Lys-CA,,#N/A
P2_G4_TUDCA_EcAZ-1-cat_0h.mzML,537.3898,0,3.7,3.7,3.98,Lys-CA,,#N/A
P2_G5_TCA_EcAZ-1-cat_0h.mzML,537.3898,0,3.7,3.7,3.98,Lys-CA,,#N/A
P2_G6_GLCA_EcAZ-1-cat_0h.mzML,537.3898,0,3.7,3.7,3.98,Lys-CA,,#N/A
P2_G7_GDCA_EcAZ-1-cat_0h.mzML,537.3898,0,3.7,3.7,3.98,Lys-CA,,#N/A
P2_G8_GCDCA_EcAZ-1-cat_0h.mzML,537.3898,0,3.7,3.7,3.98,Lys-CA,,#N/A
P2_G9_GUDCA_EcAZ-1-cat_0h.mzML,537.3898,0,3.7,3.7,3.98,Lys-CA,,#N/A
P2_G10_GCA_EcAZ-1-cat_0h.mzML,537.3898,0,3.7,3.7,3.98,Lys-CA,,#N/A
P2_G11_BHI_50MeOH.mzML,537.3898,0,3.7,3.7,3.98,Lys-CA,,#N/A
P2_G12_BHI_50DMSO_25MeOH.mzML,537.3898,0,3.7,3.7,3.98,Lys-CA,,#N/A
P2_H1_TLCA_ctrl_0h.mzML,537.3898,0,3.7,3.7,3.98,Lys-CA,,#N/A
P2_H2_TDCA_ctrl_0h.mzML,537.3898,0,3.7,3.7,3.98,Lys-CA,,#N/A
P2_H3_TCDCA_ctrl_0h.mzML,537.3898,0,3.7,3.7,3.98,Lys-CA,,#N/A
P2_H4_TUDCA_ctrl_0h.mzML,537.3898,0,3.7,3.7,3.98,Lys-CA,,#N/A
P2_H5_TCA_ctrl_0h.mzML,537.3898,0,3.7,3.7,3.98,Lys-CA,,#N/A
P2_H6_GLCA_ctrl_0h.mzML,537.3898,0,3.7,3.7,3.98,Lys-CA,,#N/A
P2_H7_GDCA_ctrl_0h.mzML,537.3898,0,3.7,3.7,3.98,Lys-CA,,#N/A
P2_H8_GCDCA_ctrl_0h.mzML,537.3898,0,3.7,3.7,3.98,Lys-CA,,#N/A
P2_H9_GUDCA_ctrl_0h.mzML,537.3898,0,3.7,3.7,3.98,Lys-CA,,#N/A
P2_H10_GCA_ctrl_0h.mzML,537.3898,0,3.7,3.7,3.98,Lys-CA,,#N/A
P2_H11_BHI_50MeOH.mzML,537.3898,0,3.7,3.7,3.98,Lys-CA,,#N/A
P2_H12_BHI_50DMSO_25MeOH.mzML,537.3898,0,3.7,3.7,3.98,Lys-CA,,#N/A
TCA_std.mzML,537.3898,0,3.7,3.7,3.98,Lys-CA,,#N/A
TCDCA_std.mzML,537.3898,0,3.7,3.7,3.98,Lys-CA,,#N/A
TDCA_std.mzML,537.3898,0,3.7,3.7,3.98,Lys-CA,,#N/A
TLCA_std.mzML,537.3898,0,3.7,3.7,3.98,Lys-CA,,#N/A
TUDCA_std.mzML,537.3898,0,3.7,3.7,3.98,Lys-CA,,#N/A
UDCA_aminoacids.mzML,537.3898,160346,3.97,3.7,3.98,Lys-CA,,#N/A
CA_aminoacids.mzML,521.3949,4781,5.28,5.17,5.39,Lys-CDCA,,#N/A
CA_DCA_LCA_aminoacids.mzML,521.3949,62368,5.21,5.17,5.39,Lys-CDCA,,#N/A
CDCA_aminoacids.mzML,521.3949,1320588,5.26,5.17,5.39,Lys-CDCA,,#N/A
DCA_aminoacids.mzML,521.3949,0,5.17,5.17,5.39,Lys-CDCA,,#N/A
DCA_aminoacids_2.mzML,521.3949,783788,5.39,5.17,5.39,Lys-CDCA,,#N/A
GCA_std.mzML,521.3949,0,5.17,5.17,5.39,Lys-CDCA,,#N/A
GCDCA_std.mzML,521.3949,0,5.17,5.17,5.39,Lys-CDCA,,#N/A
GDCA_std.mzML,521.3949,0,5.17,5.17,5.39,Lys-CDCA,,#N/A
GLCA_std.mzML,521.3949,0,5.17,5.17,5.39,Lys-CDCA,,#N/A
GUDCA_std.mzML,521.3949,0,5.17,5.17,5.39,Lys-CDCA,,#N/A
P2_A1_TLCA_Dny_BSH1_0h.mzML,521.3949,0,5.17,5.17,5.39,Lys-CDCA,,#N/A
P2_A2_TDCA_Dny_BSH1_0h.mzML,521.3949,0,5.17,5.17,5.39,Lys-CDCA,,#N/A
P2_A3_TCDCA_Dny_BSH1_0h.mzML,521.3949,224885,5.27,5.17,5.39,Lys-CDCA,,#N/A
P2_A4_TUDCA_Dny_BSH1_0h.mzML,521.3949,0,5.17,5.17,5.39,Lys-CDCA,,#N/A
P2_A5_TCA_Dny_BSH1_0h.mzML,521.3949,0,5.17,5.17,5.39,Lys-CDCA,,#N/A
P2_A6_GLCA_Dny_BSH1_0h.mzML,521.3949,0,5.17,5.17,5.39,Lys-CDCA,,#N/A
P2_A7_GDCA_Dny_BSH1_0h.mzML,521.3949,0,5.17,5.17,5.39,Lys-CDCA,,#N/A
P2_A8_GCDCA_Dny_BSH1_0h.mzML,521.3949,116573,5.27,5.17,5.39,Lys-CDCA,,#N/A
P2_A9_GUDCA_Dny_BSH1_0h.mzML,521.3949,0,5.17,5.17,5.39,Lys-CDCA,,#N/A
P2_A10_GCA_Dny_BSH1_0h.mzML,521.3949,0,5.17,5.17,5.39,Lys-CDCA,,#N/A
P2_A11_BHI_50MeOH.mzML,521.3949,0,5.17,5.17,5.39,Lys-CDCA,,#N/A
P2_A12_BHI_50DMSO_25MeOH.mzML,521.3949,0,5.17,5.17,5.39,Lys-CDCA,,#N/A
P2_B1_TLCA_Dny_BSH2_0h.mzML,521.3949,0,5.17,5.17,5.39,Lys-CDCA,,#N/A
P2_B2_TDCA_Dny_BSH2_0h.mzML,521.3949,0,5.17,5.17,5.39,Lys-CDCA,,#N/A
P2_B3_TCDCA_Dny_BSH2_0h.mzML,521.3949,0,5.17,5.17,5.39,Lys-CDCA,,#N/A
P2_B4_TUDCA_Dny_BSH2_0h.mzML,521.3949,0,5.17,5.17,5.39,Lys-CDCA,,#N/A
P2_B5_TCA_Dny_BSH2_0h.mzML,521.3949,0,5.17,5.17,5.39,Lys-CDCA,,#N/A
P2_B6_GLCA_Dny_BSH2_0h.mzML,521.3949,0,5.17,5.17,5.39,Lys-CDCA,,#N/A
P2_B7_GDCA_Dny_BSH2_0h.mzML,521.3949,0,5.17,5.17,5.39,Lys-CDCA,,#N/A
P2_B8_GCDCA_Dny_BSH2_0h.mzML,521.3949,0,5.17,5.17,5.39,Lys-CDCA,,#N/A
P2_B9_GUDCA_Dny_BSH2_0h.mzML,521.3949,0,5.17,5.17,5.39,Lys-CDCA,,#N/A
P2_B10_GCA_Dny_BSH2_0h.mzML,521.3949,0,5.17,5.17,5.39,Lys-CDCA,,#N/A
P2_B11_BHI_50MeOH.mzML,521.3949,0,5.17,5.17,5.39,Lys-CDCA,,#N/A
P2_B12_BHI_50DMSO_25MeOH.mzML,521.3949,0,5.17,5.17,5.39,Lys-CDCA,,#N/A
P2_C1_TLCA_Lgasseri_BSH_0h.mzML,521.3949,0,5.17,5.17,5.39,Lys-CDCA,,#N/A
P2_C2_TDCA_Lgasseri_BSH_0h.mzML,521.3949,0,5.17,5.17,5.39,Lys-CDCA,,#N/A
P2_C3_TCDCA_Lgasseri_BSH_0h.mzML,521.3949,0,5.17,5.17,5.39,Lys-CDCA,,#N/A
P2_C4_TUDCA_Lgasseri_BSH_0h.mzML,521.3949,0,5.17,5.17,5.39,Lys-CDCA,,#N/A
P2_C5_TCA_Lgasseri_BSH_0h.mzML,521.3949,0,5.17,5.17,5.39,Lys-CDCA,,#N/A
P2_C6_GLCA_Lgasseri_BSH_0h.mzML,521.3949,0,5.17,5.17,5.39,Lys-CDCA,,#N/A
P2_C7_GDCA_Lgasseri_BSH_0h.mzML,521.3949,0,5.17,5.17,5.39,Lys-CDCA,,#N/A
P2_C8_GCDCA_Lgasseri_BSH_0h.mzML,521.3949,0,5.17,5.17,5.39,Lys-CDCA,,#N/A
P2_C9_GUDCA_Lgasseri_BSH_0h.mzML,521.3949,0,5.17,5.17,5.39,Lys-CDCA,,#N/A
P2_C10_GCA_Lgasseri_BSH_0h.mzML,521.3949,0,5.17,5.17,5.39,Lys-CDCA,,#N/A
P2_C11_BHI_50MeOH.mzML,521.3949,0,5.17,5.17,5.39,Lys-CDCA,,#N/A
P2_C12_BHI_50DMSO_25MeOH.mzML,521.3949,0,5.17,5.17,5.39,Lys-CDCA,,#N/A
P2_D1_TLCA_LCAG-95_BSH1208_0h.mzML,521.3949,0,5.17,5.17,5.39,Lys-CDCA,,#N/A
P2_D2_TDCA_LCAG-95_BSH1208_0h.mzML,521.3949,0,5.17,5.17,5.39,Lys-CDCA,,#N/A
P2_D3_TCDCA_LCAG-95_BSH1208_0h.mzML,521.3949,0,5.17,5.17,5.39,Lys-CDCA,,#N/A
P2_D4_TUDCA_LCAG-95_BSH1208_0h.mzML,521.3949,0,5.17,5.17,5.39,Lys-CDCA,,#N/A
P2_D5_TCA_LCAG-95_BSH1208_0h.mzML,521.3949,0,5.17,5.17,5.39,Lys-CDCA,,#N/A
P2_D6_GLCA_LCAG-95_BSH1208_0h.mzML,521.3949,0,5.17,5.17,5.39,Lys-CDCA,,#N/A
P2_D7_GDCA_LCAG-95_BSH1208_0h.mzML,521.3949,0,5.17,5.17,5.39,Lys-CDCA,,#N/A
P2_D8_GCDCA_LCAG-95_BSH1208_0h.mzML,521.3949,0,5.17,5.17,5.39,Lys-CDCA,,#N/A
P2_D9_GUDCA_LCAG-95_BSH1208_0h.mzML,521.3949,0,5.17,5.17,5.39,Lys-CDCA,,#N/A
P2_D10_GCA_LCAG-95_BSH1208_0h.mzML,521.3949,0,5.17,5.17,5.39,Lys-CDCA,,#N/A
P2_D11_BHI_50MeOH.mzML,521.3949,0,5.17,5.17,5.39,Lys-CDCA,,#N/A
P2_D12_BHI_50DMSO_25MeOH.mzML,521.3949,0,5.17,5.17,5.39,Lys-CDCA,,#N/A
P2_E1_TLCA_Ep_BSH101_0h.mzML,521.3949,0,5.17,5.17,5.39,Lys-CDCA,,#N/A
P2_E2_TDCA_Ep_BSH101_0h.mzML,521.3949,0,5.17,5.17,5.39,Lys-CDCA,,#N/A
P2_E3_TCDCA_Ep_BSH101_0h.mzML,521.3949,0,5.17,5.17,5.39,Lys-CDCA,,#N/A
P2_E4_TUDCA_Ep_BSH101_0h.mzML,521.3949,0,5.17,5.17,5.39,Lys-CDCA,,#N/A
P2_E5_TCA_Ep_BSH101_0h.mzML,521.3949,0,5.17,5.17,5.39,Lys-CDCA,,#N/A
P2_E6_GLCA_Ep_BSH101_0h.mzML,521.3949,0,5.17,5.17,5.39,Lys-CDCA,,#N/A
P2_E7_GDCA_Ep_BSH101_0h.mzML,521.3949,0,5.17,5.17,5.39,Lys-CDCA,,#N/A
P2_E8_GCDCA_Ep_BSH101_0h.mzML,521.3949,0,5.17,5.17,5.39,Lys-CDCA,,#N/A
P2_E9_GUDCA_Ep_BSH101_0h.mzML,521.3949,0,5.17,5.17,5.39,Lys-CDCA,,#N/A
P2_E10_GCA_Ep_BSH101_0h.mzML,521.3949,0,5.17,5.17,5.39,Lys-CDCA,,#N/A
P2_E11_BHI_50MeOH.mzML,521.3949,0,5.17,5.17,5.39,Lys-CDCA,,#N/A
P2_E12_BHI_50DMSO_25MeOH.mzML,521.3949,0,5.17,5.17,5.39,Lys-CDCA,,#N/A
P2_F1_TLCA_AZ-52_0h.mzML,521.3949,0,5.17,5.17,5.39,Lys-CDCA,,#N/A
P2_F2_TDCA_AZ-52_0h.mzML,521.3949,0,5.17,5.17,5.39,Lys-CDCA,,#N/A
P2_F3_TCDCA_AZ-52_0h.mzML,521.3949,219821,5.31,5.17,5.39,Lys-CDCA,,#N/A
P2_F4_TUDCA_AZ-52_0h.mzML,521.3949,0,5.17,5.17,5.39,Lys-CDCA,,#N/A
P2_F5_TCA_AZ-52_0h.mzML,521.3949,0,5.17,5.17,5.39,Lys-CDCA,,#N/A
P2_F6_GLCA_AZ-52_0h.mzML,521.3949,0,5.17,5.17,5.39,Lys-CDCA,,#N/A
P2_F7_GDCA_AZ-52_0h.mzML,521.3949,0,5.17,5.17,5.39,Lys-CDCA,,#N/A
P2_F8_GCDCA_AZ-52_0h.mzML,521.3949,0,5.17,5.17,5.39,Lys-CDCA,,#N/A
P2_F9_GUDCA_AZ-52_0h.mzML,521.3949,0,5.17,5.17,5.39,Lys-CDCA,,#N/A
P2_F10_GCA_AZ-52_0h.mzML,521.3949,0,5.17,5.17,5.39,Lys-CDCA,,#N/A
P2_F11_BHI_50MeOH.mzML,521.3949,0,5.17,5.17,5.39,Lys-CDCA,,#N/A
P2_F12_BHI_50DMSO_25MeOH.mzML,521.3949,0,5.17,5.17,5.39,Lys-CDCA,,#N/A
P2_G1_TLCA_EcAZ-1-cat_0h.mzML,521.3949,0,5.17,5.17,5.39,Lys-CDCA,,#N/A
P2_G2_TDCA_EcAZ-1-cat_0h.mzML,521.3949,0,5.17,5.17,5.39,Lys-CDCA,,#N/A
P2_G3_TCDCA_EcAZ-1-cat_0h.mzML,521.3949,0,5.17,5.17,5.39,Lys-CDCA,,#N/A
P2_G4_TUDCA_EcAZ-1-cat_0h.mzML,521.3949,0,5.17,5.17,5.39,Lys-CDCA,,#N/A
P2_G5_TCA_EcAZ-1-cat_0h.mzML,521.3949,0,5.17,5.17,5.39,Lys-CDCA,,#N/A
P2_G6_GLCA_EcAZ-1-cat_0h.mzML,521.3949,0,5.17,5.17,5.39,Lys-CDCA,,#N/A
P2_G7_GDCA_EcAZ-1-cat_0h.mzML,521.3949,0,5.17,5.17,5.39,Lys-CDCA,,#N/A
P2_G8_GCDCA_EcAZ-1-cat_0h.mzML,521.3949,0,5.17,5.17,5.39,Lys-CDCA,,#N/A
P2_G9_GUDCA_EcAZ-1-cat_0h.mzML,521.3949,0,5.17,5.17,5.39,Lys-CDCA,,#N/A
P2_G10_GCA_EcAZ-1-cat_0h.mzML,521.3949,0,5.17,5.17,5.39,Lys-CDCA,,#N/A
P2_G11_BHI_50MeOH.mzML,521.3949,0,5.17,5.17,5.39,Lys-CDCA,,#N/A
P2_G12_BHI_50DMSO_25MeOH.mzML,521.3949,0,5.17,5.17,5.39,Lys-CDCA,,#N/A
P2_H1_TLCA_ctrl_0h.mzML,521.3949,0,5.17,5.17,5.39,Lys-CDCA,,#N/A
P2_H2_TDCA_ctrl_0h.mzML,521.3949,0,5.17,5.17,5.39,Lys-CDCA,,#N/A
P2_H3_TCDCA_ctrl_0h.mzML,521.3949,0,5.17,5.17,5.39,Lys-CDCA,,#N/A
P2_H4_TUDCA_ctrl_0h.mzML,521.3949,0,5.17,5.17,5.39,Lys-CDCA,,#N/A
P2_H5_TCA_ctrl_0h.mzML,521.3949,0,5.17,5.17,5.39,Lys-CDCA,,#N/A
P2_H6_GLCA_ctrl_0h.mzML,521.3949,0,5.17,5.17,5.39,Lys-CDCA,,#N/A
P2_H7_GDCA_ctrl_0h.mzML,521.3949,0,5.17,5.17,5.39,Lys-CDCA,,#N/A
P2_H8_GCDCA_ctrl_0h.mzML,521.3949,0,5.17,5.17,5.39,Lys-CDCA,,#N/A
P2_H9_GUDCA_ctrl_0h.mzML,521.3949,0,5.17,5.17,5.39,Lys-CDCA,,#N/A
P2_H10_GCA_ctrl_0h.mzML,521.3949,0,5.17,5.17,5.39,Lys-CDCA,,#N/A
P2_H11_BHI_50MeOH.mzML,521.3949,0,5.17,5.17,5.39,Lys-CDCA,,#N/A
P2_H12_BHI_50DMSO_25MeOH.mzML,521.3949,0,5.17,5.17,5.39,Lys-CDCA,,#N/A
TCA_std.mzML,521.3949,0,5.17,5.17,5.39,Lys-CDCA,,#N/A
TCDCA_std.mzML,521.3949,0,5.17,5.17,5.39,Lys-CDCA,,#N/A
TDCA_std.mzML,521.3949,0,5.17,5.17,5.39,Lys-CDCA,,#N/A
TLCA_std.mzML,521.3949,0,5.17,5.17,5.39,Lys-CDCA,,#N/A
TUDCA_std.mzML,521.3949,0,5.17,5.17,5.39,Lys-CDCA,,#N/A
UDCA_aminoacids.mzML,521.3949,84666,5.25,5.17,5.39,Lys-CDCA,,#N/A
