File Name,Precursor Mz,Area,Retention Time,Start Time,End Time,Molecule,Analyte Concentration,Calculated Concentration
CA_aminoacids.mzML,466.3163,0,6.06,6.06,6.36,GCA,,#N/A
CA_DCA_LCA_aminoacids.mzML,466.3163,3470705,6.06,6.06,6.36,GCA,,#N/A
CDCA_aminoacids.mzML,466.3163,0,6.06,6.06,6.36,GCA,,#N/A
DCA_aminoacids.mzML,466.3163,0,6.06,6.06,6.36,GCA,,#N/A
DCA_aminoacids_2.mzML,466.3163,66573,6.28,6.06,6.36,GCA,,#N/A
GCA_std.mzML,466.3163,1151011,6.07,6.06,6.36,GCA,,#N/A
GCDCA_std.mzML,466.3163,57738,6.07,6.06,6.36,GCA,,#N/A
GDCA_std.mzML,466.3163,0,6.06,6.06,6.36,GCA,,#N/A
GLCA_std.mzML,466.3163,0,6.06,6.06,6.36,GCA,,#N/A
GUDCA_std.mzML,466.3163,0,6.06,6.06,6.36,GCA,,#N/A
P4_A1_TLCA_Dny_BSH1_0h.mzML,466.3163,96437,6.15,6.06,6.36,GCA,,#N/A
P4_A2_TDCA_Dny_BSH1_0h.mzML,466.3163,111311,6.12,6.06,6.36,GCA,,#N/A
P4_A3_TCDCA_Dny_BSH1_0h.mzML,466.3163,126453,6.14,6.06,6.36,GCA,,#N/A
P4_A4_TUDCA_Dny_BSH1_0h.mzML,466.3163,90895,6.12,6.06,6.36,GCA,,#N/A
P4_A5_TCA_Dny_BSH1_0h.mzML,466.3163,349220,6.12,6.06,6.36,GCA,,#N/A
P4_A6_GLCA_Dny_BSH1_0h.mzML,466.3163,116911,6.13,6.06,6.36,GCA,,#N/A
P4_A7_GDCA_Dny_BSH1_0h.mzML,466.3163,142099,6.14,6.06,6.36,GCA,,#N/A
P4_A8_GCDCA_Dny_BSH1_0h.mzML,466.3163,645965,6.21,6.06,6.36,GCA,,#N/A
P4_A9_GUDCA_Dny_BSH1_0h.mzML,466.3163,2755017,6.13,6.06,6.36,GCA,,#N/A
P4_A10_GCA_Dny_BSH1_0h.mzML,466.3163,1267302656,6.16,6.06,6.36,GCA,,#N/A
P4_A11_BHI_50MeOH.mzML,466.3163,13622952,6.13,6.06,6.36,GCA,,#N/A
P4_A12_BHI_50DMSO_25MeOH.mzML,466.3163,113250,6.13,6.06,6.36,GCA,,#N/A
P4_B1_TLCA_Dny_BSH2_0h.mzML,466.3163,141271,6.12,6.06,6.36,GCA,,#N/A
P4_B2_TDCA_Dny_BSH2_0h.mzML,466.3163,138735,6.13,6.06,6.36,GCA,,#N/A
P4_B3_TCDCA_Dny_BSH2_0h.mzML,466.3163,129079,6.12,6.06,6.36,GCA,,#N/A
P4_B4_TUDCA_Dny_BSH2_0h.mzML,466.3163,127624,6.13,6.06,6.36,GCA,,#N/A
P4_B5_TCA_Dny_BSH2_0h.mzML,466.3163,135261,6.14,6.06,6.36,GCA,,#N/A
P4_B6_GLCA_Dny_BSH2_0h.mzML,466.3163,131339,6.12,6.06,6.36,GCA,,#N/A
P4_B7_GDCA_Dny_BSH2_0h.mzML,466.3163,243371,6.14,6.06,6.36,GCA,,#N/A
P4_B8_GCDCA_Dny_BSH2_0h.mzML,466.3163,873672,6.21,6.06,6.36,GCA,,#N/A
P4_B9_GUDCA_Dny_BSH2_0h.mzML,466.3163,1077746,6.15,6.06,6.36,GCA,,#N/A
P4_B10_GCA_Dny_BSH2_0h.mzML,466.3163,1084196224,6.15,6.06,6.36,GCA,,#N/A
P4_B11_BHI_50MeOH.mzML,466.3163,171022,6.14,6.06,6.36,GCA,,#N/A
P4_B12_BHI_50DMSO_25MeOH.mzML,466.3163,142903,6.14,6.06,6.36,GCA,,#N/A
P4_C1_TLCA_Lgasseri_BSH_0h.mzML,466.3163,120599,6.16,6.06,6.36,GCA,,#N/A
P4_C2_TDCA_Lgasseri_BSH_0h.mzML,466.3163,128065,6.15,6.06,6.36,GCA,,#N/A
P4_C3_TCDCA_Lgasseri_BSH_0h.mzML,466.3163,140555,6.14,6.06,6.36,GCA,,#N/A
P4_C4_TUDCA_Lgasseri_BSH_0h.mzML,466.3163,136205,6.15,6.06,6.36,GCA,,#N/A
P4_C5_TCA_Lgasseri_BSH_0h.mzML,466.3163,135131,6.16,6.06,6.36,GCA,,#N/A
P4_C6_GLCA_Lgasseri_BSH_0h.mzML,466.3163,148329,6.15,6.06,6.36,GCA,,#N/A
P4_C7_GDCA_Lgasseri_BSH_0h.mzML,466.3163,191543,6.17,6.06,6.36,GCA,,#N/A
P4_C8_GCDCA_Lgasseri_BSH_0h.mzML,466.3163,420312,6.15,6.06,6.36,GCA,,#N/A
P4_C9_GUDCA_Lgasseri_BSH_0h.mzML,466.3163,157931,6.14,6.06,6.36,GCA,,#N/A
P4_C10_GCA_Lgasseri_BSH_0h.mzML,466.3163,492626272,6.16,6.06,6.36,GCA,,#N/A
P4_C11_BHI_50MeOH.mzML,466.3163,146554,6.16,6.06,6.36,GCA,,#N/A
P4_C12_BHI_50DMSO_25MeOH.mzML,466.3163,161763,6.15,6.06,6.36,GCA,,#N/A
P4_D1_TLCA_LCAG-95_BSH1208_0h.mzML,466.3163,3657,6.17,6.06,6.36,GCA,,#N/A
P4_D2_TDCA_LCAG-95_BSH1208_0h.mzML,466.3163,116014,6.16,6.06,6.36,GCA,,#N/A
P4_D3_TCDCA_LCAG-95_BSH1208_0h.mzML,466.3163,117323,6.15,6.06,6.36,GCA,,#N/A
P4_D4_TUDCA_LCAG-95_BSH1208_0h.mzML,466.3163,113066,6.16,6.06,6.36,GCA,,#N/A
P4_D5_TCA_LCAG-95_BSH1208_0h.mzML,466.3163,166235,6.19,6.06,6.36,GCA,,#N/A
P4_D6_GLCA_LCAG-95_BSH1208_0h.mzML,466.3163,122161,6.13,6.06,6.36,GCA,,#N/A
P4_D7_GDCA_LCAG-95_BSH1208_0h.mzML,466.3163,224123,6.16,6.06,6.36,GCA,,#N/A
P4_D8_GCDCA_LCAG-95_BSH1208_0h.mzML,466.3163,744420,6.24,6.06,6.36,GCA,,#N/A
P4_D9_GUDCA_LCAG-95_BSH1208_0h.mzML,466.3163,141118,6.14,6.06,6.36,GCA,,#N/A
P4_D10_GCA_LCAG-95_BSH1208_0h.mzML,466.3163,982146560,6.14,6.06,6.36,GCA,,#N/A
P4_D11_BHI_50MeOH.mzML,466.3163,135357,6.18,6.06,6.36,GCA,,#N/A
P4_D12_BHI_50DMSO_25MeOH.mzML,466.3163,117421,6.17,6.06,6.36,GCA,,#N/A
P4_E1_TLCA_Ep_BSH101_0h.mzML,466.3163,112084,6.14,6.06,6.36,GCA,,#N/A
P4_E2_TDCA_Ep_BSH101_0h.mzML,466.3163,107740,6.16,6.06,6.36,GCA,,#N/A
P4_E3_TCDCA_Ep_BSH101_0h.mzML,466.3163,111575,6.16,6.06,6.36,GCA,,#N/A
P4_E4_TUDCA_Ep_BSH101_0h.mzML,466.3163,120690,6.18,6.06,6.36,GCA,,#N/A
P4_E5_TCA_Ep_BSH101_0h.mzML,466.3163,123005,6.17,6.06,6.36,GCA,,#N/A
P4_E6_GLCA_Ep_BSH101_0h.mzML,466.3163,125102,6.18,6.06,6.36,GCA,,#N/A
P4_E7_GDCA_Ep_BSH101_0h.mzML,466.3163,222973,6.19,6.06,6.36,GCA,,#N/A
P4_E8_GCDCA_Ep_BSH101_0h.mzML,466.3163,824742,6.2,6.06,6.36,GCA,,#N/A
P4_E9_GUDCA_Ep_BSH101_0h.mzML,466.3163,125387,6.18,6.06,6.36,GCA,,#N/A
P4_E10_GCA_Ep_BSH101_0h.mzML,466.3163,430215232,6.19,6.06,6.36,GCA,,#N/A
P4_E11_BHI_50MeOH.mzML,466.3163,135498,6.17,6.06,6.36,GCA,,#N/A
P4_E12_BHI_50DMSO_25MeOH.mzML,466.3163,116063,6.14,6.06,6.36,GCA,,#N/A
P4_F1_TLCA_AZ-52_0h.mzML,466.3163,111209,6.19,6.06,6.36,GCA,,#N/A
P4_F2_TDCA_AZ-52_0h.mzML,466.3163,119956,6.2,6.06,6.36,GCA,,#N/A
P4_F3_TCDCA_AZ-52_0h.mzML,466.3163,124625,6.19,6.06,6.36,GCA,,#N/A
P4_F4_TUDCA_AZ-52_0h.mzML,466.3163,119218,6.19,6.06,6.36,GCA,,#N/A
P4_F5_TCA_AZ-52_0h.mzML,466.3163,120056,6.2,6.06,6.36,GCA,,#N/A
P4_F6_GLCA_AZ-52_0h.mzML,466.3163,116607,6.16,6.06,6.36,GCA,,#N/A
P4_F7_GDCA_AZ-52_0h.mzML,466.3163,187438,6.19,6.06,6.36,GCA,,#N/A
P4_F8_GCDCA_AZ-52_0h.mzML,466.3163,439267,6.2,6.06,6.36,GCA,,#N/A
P4_F9_GUDCA_AZ-52_0h.mzML,466.3163,127374,6.2,6.06,6.36,GCA,,#N/A
P4_F10_GCA_AZ-52_0h.mzML,466.3163,440722592,6.19,6.06,6.36,GCA,,#N/A
P4_F11_BHI_50MeOH.mzML,466.3163,174885,6.2,6.06,6.36,GCA,,#N/A
P4_F12_BHI_50DMSO_25MeOH.mzML,466.3163,178435,6.2,6.06,6.36,GCA,,#N/A
P4_G1_TLCA_EcAZ-1-cat_0h.mzML,466.3163,131135,6.21,6.06,6.36,GCA,,#N/A
P4_G2_TDCA_EcAZ-1-cat_0h.mzML,466.3163,131121,6.2,6.06,6.36,GCA,,#N/A
P4_G3_TCDCA_EcAZ-1-cat_0h.mzML,466.3163,114207,6.21,6.06,6.36,GCA,,#N/A
P4_G4_TUDCA_EcAZ-1-cat_0h.mzML,466.3163,137261,6.21,6.06,6.36,GCA,,#N/A
P4_G5_TCA_EcAZ-1-cat_0h.mzML,466.3163,141838,6.23,6.06,6.36,GCA,,#N/A
P4_G6_GLCA_EcAZ-1-cat_0h.mzML,466.3163,144214,6.2,6.06,6.36,GCA,,#N/A
P4_G7_GDCA_EcAZ-1-cat_0h.mzML,466.3163,186418,6.21,6.06,6.36,GCA,,#N/A
P4_G8_GCDCA_EcAZ-1-cat_0h.mzML,466.3163,512718,6.19,6.06,6.36,GCA,,#N/A
P4_G9_GUDCA_EcAZ-1-cat_0h.mzML,466.3163,148710,6.21,6.06,6.36,GCA,,#N/A
P4_G10_GCA_EcAZ-1-cat_0h.mzML,466.3163,633843840,6.21,6.06,6.36,GCA,,#N/A
P4_G11_BHI_50MeOH.mzML,466.3163,137214,6.21,6.06,6.36,GCA,,#N/A
P4_G12_BHI_50DMSO_25MeOH.mzML,466.3163,145248,6.19,6.06,6.36,GCA,,#N/A
P4_H1_TLCA_ctrl_0h.mzML,466.3163,140029,6.22,6.06,6.36,GCA,,#N/A
P4_H2_TDCA_ctrl_0h.mzML,466.3163,138838,6.19,6.06,6.36,GCA,,#N/A
P4_H3_TCDCA_ctrl_0h.mzML,466.3163,136249,6.16,6.06,6.36,GCA,,#N/A
P4_H4_TUDCA_ctrl_0h.mzML,466.3163,145678,6.17,6.06,6.36,GCA,,#N/A
P4_H5_TCA_ctrl_0h.mzML,466.3163,130268,6.17,6.06,6.36,GCA,,#N/A
P4_H6_GLCA_ctrl_0h.mzML,466.3163,132174,6.15,6.06,6.36,GCA,,#N/A
P4_H7_GDCA_ctrl_0h.mzML,466.3163,229394,6.15,6.06,6.36,GCA,,#N/A
P4_H8_GCDCA_ctrl_0h.mzML,466.3163,607658,6.17,6.06,6.36,GCA,,#N/A
P4_H9_GUDCA_ctrl_0h.mzML,466.3163,123130,6.17,6.06,6.36,GCA,,#N/A
P4_H10_GCA_ctrl_0h.mzML,466.3163,972195008,6.17,6.06,6.36,GCA,,#N/A
P4_H11_BHI_50MeOH.mzML,466.3163,143188,6.19,6.06,6.36,GCA,,#N/A
P4_H12_BHI_50DMSO_25MeOH.mzML,466.3163,151496,6.22,6.06,6.36,GCA,,#N/A
P7_A1_TLCA_Dny_BSH1_0h.mzML,466.3163,95827,6.21,6.06,6.36,GCA,,#N/A
P7_A2_TDCA_Dny_BSH1_0h.mzML,466.3163,84799,6.22,6.06,6.36,GCA,,#N/A
P7_A3_TCDCA_Dny_BSH1_0h.mzML,466.3163,91863,6.26,6.06,6.36,GCA,,#N/A
P7_A4_TUDCA_Dny_BSH1_0h.mzML,466.3163,83446,6.24,6.06,6.36,GCA,,#N/A
P7_A5_TCA_Dny_BSH1_0h.mzML,466.3163,224515,6.24,6.06,6.36,GCA,,#N/A
P7_A6_GLCA_Dny_BSH1_0h.mzML,466.3163,89443,6.24,6.06,6.36,GCA,,#N/A
P7_A7_GDCA_Dny_BSH1_0h.mzML,466.3163,148099,6.21,6.06,6.36,GCA,,#N/A
P7_A8_GCDCA_Dny_BSH1_0h.mzML,466.3163,725888,6.25,6.06,6.36,GCA,,#N/A
P7_A9_GUDCA_Dny_BSH1_0h.mzML,466.3163,165386,6.22,6.06,6.36,GCA,,#N/A
P7_A10_GCA_Dny_BSH1_0h.mzML,466.3163,1065558208,6.22,6.06,6.36,GCA,,#N/A
P7_A11_BHI_50MeOH.mzML,466.3163,63692,6.21,6.06,6.36,GCA,,#N/A
P7_A12_BHI_50DMSO_25MeOH.mzML,466.3163,101611,6.22,6.06,6.36,GCA,,#N/A
P7_B1_TLCA_Dny_BSH2_0h.mzML,466.3163,107360,6.23,6.06,6.36,GCA,,#N/A
P7_B2_TDCA_Dny_BSH2_0h.mzML,466.3163,105893,6.24,6.06,6.36,GCA,,#N/A
P7_B3_TCDCA_Dny_BSH2_0h.mzML,466.3163,121987,6.23,6.06,6.36,GCA,,#N/A
P7_B4_TUDCA_Dny_BSH2_0h.mzML,466.3163,103456,6.23,6.06,6.36,GCA,,#N/A
P7_B5_TCA_Dny_BSH2_0h.mzML,466.3163,95850,6.22,6.06,6.36,GCA,,#N/A
P7_B6_GLCA_Dny_BSH2_0h.mzML,466.3163,110976,6.2,6.06,6.36,GCA,,#N/A
P7_B7_GDCA_Dny_BSH2_0h.mzML,466.3163,291069,6.21,6.06,6.36,GCA,,#N/A
P7_B8_GCDCA_Dny_BSH2_0h.mzML,466.3163,631987,6.21,6.06,6.36,GCA,,#N/A
P7_B9_GUDCA_Dny_BSH2_0h.mzML,466.3163,1680718,6.22,6.06,6.36,GCA,,#N/A
P7_B10_GCA_Dny_BSH2_0h.mzML,466.3163,727450816,6.21,6.06,6.36,GCA,,#N/A
P7_B11_BHI_50MeOH.mzML,466.3163,202399,6.23,6.06,6.36,GCA,,#N/A
P7_B12_BHI_50DMSO_25MeOH.mzML,466.3163,118611,6.24,6.06,6.36,GCA,,#N/A
P7_C1_TLCA_Lgasseri_BSH_0h.mzML,466.3163,101084,6.21,6.06,6.36,GCA,,#N/A
P7_C2_TDCA_Lgasseri_BSH_0h.mzML,466.3163,101152,6.19,6.06,6.36,GCA,,#N/A
P7_C3_TCDCA_Lgasseri_BSH_0h.mzML,466.3163,137948,6.22,6.06,6.36,GCA,,#N/A
P7_C4_TUDCA_Lgasseri_BSH_0h.mzML,466.3163,108186,6.22,6.06,6.36,GCA,,#N/A
P7_C5_TCA_Lgasseri_BSH_0h.mzML,466.3163,111534,6.19,6.06,6.36,GCA,,#N/A
P7_C6_GLCA_Lgasseri_BSH_0h.mzML,466.3163,107113,6.22,6.06,6.36,GCA,,#N/A
P7_C7_GDCA_Lgasseri_BSH_0h.mzML,466.3163,186234,6.19,6.06,6.36,GCA,,#N/A
P7_C8_GCDCA_Lgasseri_BSH_0h.mzML,466.3163,458571,6.2,6.06,6.36,GCA,,#N/A
P7_C9_GUDCA_Lgasseri_BSH_0h.mzML,466.3163,231855,6.2,6.06,6.36,GCA,,#N/A
P7_C10_GCA_Lgasseri_BSH_0h.mzML,466.3163,439435008,6.22,6.06,6.36,GCA,,#N/A
P7_C11_BHI_50MeOH.mzML,466.3163,313757,6.19,6.06,6.36,GCA,,#N/A
P7_C12_BHI_50DMSO_25MeOH.mzML,466.3163,158812,6.22,6.06,6.36,GCA,,#N/A
P7_D1_TLCA_LCAG-95_BSH1208_0h.mzML,466.3163,79465,6.21,6.06,6.36,GCA,,#N/A
P7_D2_TDCA_LCAG-95_BSH1208_0h.mzML,466.3163,91007,6.23,6.06,6.36,GCA,,#N/A
P7_D3_TCDCA_LCAG-95_BSH1208_0h.mzML,466.3163,96163,6.2,6.06,6.36,GCA,,#N/A
P7_D4_TUDCA_LCAG-95_BSH1208_0h.mzML,466.3163,100141,6.21,6.06,6.36,GCA,,#N/A
P7_D5_TCA_LCAG-95_BSH1208_0h.mzML,466.3163,138488,6.2,6.06,6.36,GCA,,#N/A
P7_D6_GLCA_LCAG-95_BSH1208_0h.mzML,466.3163,260380,6.19,6.06,6.36,GCA,,#N/A
P7_D7_GDCA_LCAG-95_BSH1208_0h.mzML,466.3163,167990,6.19,6.06,6.36,GCA,,#N/A
P7_D8_GCDCA_LCAG-95_BSH1208_0h.mzML,466.3163,629764,6.19,6.06,6.36,GCA,,#N/A
P7_D9_GUDCA_LCAG-95_BSH1208_0h.mzML,466.3163,236371,6.18,6.06,6.36,GCA,,#N/A
P7_D10_GCA_LCAG-95_BSH1208_0h.mzML,466.3163,729627200,6.21,6.06,6.36,GCA,,#N/A
P7_D11_BHI_50MeOH.mzML,466.3163,143887,6.22,6.06,6.36,GCA,,#N/A
P7_D12_BHI_50DMSO_25MeOH.mzML,466.3163,112722,6.21,6.06,6.36,GCA,,#N/A
P7_E1_TLCA_Ep_BSH101_0h.mzML,466.3163,105287,6.19,6.06,6.36,GCA,,#N/A
P7_E2_TDCA_Ep_BSH101_0h.mzML,466.3163,112813,6.2,6.06,6.36,GCA,,#N/A
P7_E3_TCDCA_Ep_BSH101_0h.mzML,466.3163,110625,6.18,6.06,6.36,GCA,,#N/A
P7_E4_TUDCA_Ep_BSH101_0h.mzML,466.3163,108268,6.19,6.06,6.36,GCA,,#N/A
P7_E5_TCA_Ep_BSH101_0h.mzML,466.3163,110898,6.18,6.06,6.36,GCA,,#N/A
P7_E6_GLCA_Ep_BSH101_0h.mzML,466.3163,103765,6.2,6.06,6.36,GCA,,#N/A
P7_E7_GDCA_Ep_BSH101_0h.mzML,466.3163,191559,6.19,6.06,6.36,GCA,,#N/A
P7_E8_GCDCA_Ep_BSH101_0h.mzML,466.3163,607925,6.2,6.06,6.36,GCA,,#N/A
P7_E9_GUDCA_Ep_BSH101_0h.mzML,466.3163,244771,6.19,6.06,6.36,GCA,,#N/A
P7_E10_GCA_Ep_BSH101_0h.mzML,466.3163,401314016,6.21,6.06,6.36,GCA,,#N/A
P7_E11_BHI_50MeOH.mzML,466.3163,402751,6.21,6.06,6.36,GCA,,#N/A
P7_E12_BHI_50DMSO_25MeOH.mzML,466.3163,113175,6.18,6.06,6.36,GCA,,#N/A
P7_F1_TLCA_AZ-52_0h.mzML,466.3163,104326,6.2,6.06,6.36,GCA,,#N/A
P7_F2_TDCA_AZ-52_0h.mzML,466.3163,105080,6.22,6.06,6.36,GCA,,#N/A
P7_F3_TCDCA_AZ-52_0h.mzML,466.3163,108468,6.19,6.06,6.36,GCA,,#N/A
P7_F4_TUDCA_AZ-52_0h.mzML,466.3163,108325,6.19,6.06,6.36,GCA,,#N/A
P7_F5_TCA_AZ-52_0h.mzML,466.3163,108934,6.21,6.06,6.36,GCA,,#N/A
P7_F6_GLCA_AZ-52_0h.mzML,466.3163,110257,6.18,6.06,6.36,GCA,,#N/A
P7_F7_GDCA_AZ-52_0h.mzML,466.3163,187941,6.21,6.06,6.36,GCA,,#N/A
P7_F8_GCDCA_AZ-52_0h.mzML,466.3163,678726,6.2,6.06,6.36,GCA,,#N/A
P7_F9_GUDCA_AZ-52_0h.mzML,466.3163,113896,6.2,6.06,6.36,GCA,,#N/A
P7_F10_GCA_AZ-52_0h.mzML,466.3163,443555040,6.22,6.06,6.36,GCA,,#N/A
P7_F11_BHI_50MeOH.mzML,466.3163,216968,6.2,6.06,6.36,GCA,,#N/A
P7_F12_BHI_50DMSO_25MeOH.mzML,466.3163,114999,6.22,6.06,6.36,GCA,,#N/A
P7_G1_TLCA_EcAZ-1-cat_0h.mzML,466.3163,105392,6.2,6.06,6.36,GCA,,#N/A
P7_G2_TDCA_EcAZ-1-cat_0h.mzML,466.3163,105930,6.21,6.06,6.36,GCA,,#N/A
P7_G3_TCDCA_EcAZ-1-cat_0h.mzML,466.3163,112999,6.18,6.06,6.36,GCA,,#N/A
P7_G4_TUDCA_EcAZ-1-cat_0h.mzML,466.3163,110739,6.19,6.06,6.36,GCA,,#N/A
P7_G5_TCA_EcAZ-1-cat_0h.mzML,466.3163,119953,6.19,6.06,6.36,GCA,,#N/A
P7_G6_GLCA_EcAZ-1-cat_0h.mzML,466.3163,104849,6.18,6.06,6.36,GCA,,#N/A
P7_G7_GDCA_EcAZ-1-cat_0h.mzML,466.3163,134474,6.19,6.06,6.36,GCA,,#N/A
P7_G8_GCDCA_EcAZ-1-cat_0h.mzML,466.3163,615181,6.2,6.06,6.36,GCA,,#N/A
P7_G9_GUDCA_EcAZ-1-cat_0h.mzML,466.3163,445296,6.2,6.06,6.36,GCA,,#N/A
P7_G10_GCA_EcAZ-1-cat_0h.mzML,466.3163,437311776,6.19,6.06,6.36,GCA,,#N/A
P7_G11_BHI_50MeOH.mzML,466.3163,195902,6.19,6.06,6.36,GCA,,#N/A
P7_G12_BHI_50DMSO_25MeOH.mzML,466.3163,96209,6.18,6.06,6.36,GCA,,#N/A
P7_H1_TLCA_ctrl_0h.mzML,466.3163,99342,6.21,6.06,6.36,GCA,,#N/A
P7_H2_TDCA_ctrl_0h.mzML,466.3163,106536,6.18,6.06,6.36,GCA,,#N/A
P7_H3_TCDCA_ctrl_0h.mzML,466.3163,95163,6.19,6.06,6.36,GCA,,#N/A
P7_H4_TUDCA_ctrl_0h.mzML,466.3163,100097,6.18,6.06,6.36,GCA,,#N/A
P7_H5_TCA_ctrl_0h.mzML,466.3163,114709,6.19,6.06,6.36,GCA,,#N/A
P7_H6_GLCA_ctrl_0h.mzML,466.3163,209761,6.2,6.06,6.36,GCA,,#N/A
P7_H7_GDCA_ctrl_0h.mzML,466.3163,180454,6.2,6.06,6.36,GCA,,#N/A
P7_H8_GCDCA_ctrl_0h.mzML,466.3163,794920,6.17,6.06,6.36,GCA,,#N/A
P7_H9_GUDCA_ctrl_0h.mzML,466.3163,147403,6.17,6.06,6.36,GCA,,#N/A
P7_H10_GCA_ctrl_0h.mzML,466.3163,786435264,6.19,6.06,6.36,GCA,,#N/A
P7_H11_BHI_50MeOH.mzML,466.3163,123917,6.2,6.06,6.36,GCA,,#N/A
P7_H12_BHI_50DMSO_25MeOH.mzML,466.3163,115957,6.18,6.06,6.36,GCA,,#N/A
TCA_std.mzML,466.3163,0,6.06,6.06,6.36,GCA,,#N/A
TCDCA_std.mzML,466.3163,0,6.06,6.06,6.36,GCA,,#N/A
TDCA_std.mzML,466.3163,0,6.06,6.06,6.36,GCA,,#N/A
TLCA_std.mzML,466.3163,0,6.06,6.06,6.36,GCA,,#N/A
TUDCA_std.mzML,466.3163,0,6.06,6.06,6.36,GCA,,#N/A
UDCA_aminoacids.mzML,466.3163,0,6.06,6.06,6.36,GCA,,#N/A
CA_aminoacids.mzML,450.3214,8659,8.28,8.28,8.56,GCDCA,,#N/A
CA_DCA_LCA_aminoacids.mzML,450.3214,7488137,8.28,8.28,8.56,GCDCA,,#N/A
CDCA_aminoacids.mzML,450.3214,0,8.28,8.28,8.56,GCDCA,,#N/A
DCA_aminoacids.mzML,450.3214,4809820,8.28,8.28,8.56,GCDCA,,#N/A
DCA_aminoacids_2.mzML,450.3214,1218794880,8.28,8.28,8.56,GCDCA,,#N/A
GCA_std.mzML,450.3214,430652,8.28,8.28,8.56,GCDCA,,#N/A
GCDCA_std.mzML,450.3214,46313,8.53,8.28,8.56,GCDCA,,#N/A
GDCA_std.mzML,450.3214,319328064,8.28,8.28,8.56,GCDCA,,#N/A
GLCA_std.mzML,450.3214,15605,8.28,8.28,8.56,GCDCA,,#N/A
GUDCA_std.mzML,450.3214,75096,8.29,8.28,8.56,GCDCA,,#N/A
P4_A1_TLCA_Dny_BSH1_0h.mzML,450.3214,64550,8.49,8.28,8.56,GCDCA,,#N/A
P4_A2_TDCA_Dny_BSH1_0h.mzML,450.3214,3052782,8.48,8.28,8.56,GCDCA,,#N/A
P4_A3_TCDCA_Dny_BSH1_0h.mzML,450.3214,931085,8.36,8.28,8.56,GCDCA,,#N/A
P4_A4_TUDCA_Dny_BSH1_0h.mzML,450.3214,82060,8.55,8.28,8.56,GCDCA,,#N/A
P4_A5_TCA_Dny_BSH1_0h.mzML,450.3214,72037,8.49,8.28,8.56,GCDCA,,#N/A
P4_A6_GLCA_Dny_BSH1_0h.mzML,450.3214,601049,8.56,8.28,8.56,GCDCA,,#N/A
P4_A7_GDCA_Dny_BSH1_0h.mzML,450.3214,556753728,8.48,8.28,8.56,GCDCA,,#N/A
P4_A8_GCDCA_Dny_BSH1_0h.mzML,450.3214,599039424,8.34,8.28,8.56,GCDCA,,#N/A
P4_A9_GUDCA_Dny_BSH1_0h.mzML,450.3214,806017,8.36,8.28,8.56,GCDCA,,#N/A
P4_A10_GCA_Dny_BSH1_0h.mzML,450.3214,278061,8.49,8.28,8.56,GCDCA,,#N/A
P4_A11_BHI_50MeOH.mzML,450.3214,34796,8.49,8.28,8.56,GCDCA,,#N/A
P4_A12_BHI_50DMSO_25MeOH.mzML,450.3214,123143,8.48,8.28,8.56,GCDCA,,#N/A
P4_B1_TLCA_Dny_BSH2_0h.mzML,450.3214,116183,8.48,8.28,8.56,GCDCA,,#N/A
P4_B2_TDCA_Dny_BSH2_0h.mzML,450.3214,144124,8.48,8.28,8.56,GCDCA,,#N/A
P4_B3_TCDCA_Dny_BSH2_0h.mzML,450.3214,312960,8.56,8.28,8.56,GCDCA,,#N/A
P4_B4_TUDCA_Dny_BSH2_0h.mzML,450.3214,100776,8.56,8.28,8.56,GCDCA,,#N/A
P4_B5_TCA_Dny_BSH2_0h.mzML,450.3214,123316,8.49,8.28,8.56,GCDCA,,#N/A
P4_B6_GLCA_Dny_BSH2_0h.mzML,450.3214,1083361,8.56,8.28,8.56,GCDCA,,#N/A
P4_B7_GDCA_Dny_BSH2_0h.mzML,450.3214,2145811200,8.48,8.28,8.56,GCDCA,,#N/A
P4_B8_GCDCA_Dny_BSH2_0h.mzML,450.3214,1016139328,8.37,8.28,8.56,GCDCA,,#N/A
P4_B9_GUDCA_Dny_BSH2_0h.mzML,450.3214,6037994,8.36,8.28,8.56,GCDCA,,#N/A
P4_B10_GCA_Dny_BSH2_0h.mzML,450.3214,387100,8.48,8.28,8.56,GCDCA,,#N/A
P4_B11_BHI_50MeOH.mzML,450.3214,124154,8.48,8.28,8.56,GCDCA,,#N/A
P4_B12_BHI_50DMSO_25MeOH.mzML,450.3214,161026,8.5,8.28,8.56,GCDCA,,#N/A
P4_C1_TLCA_Lgasseri_BSH_0h.mzML,450.3214,179571,8.5,8.28,8.56,GCDCA,,#N/A
P4_C2_TDCA_Lgasseri_BSH_0h.mzML,450.3214,156974,8.5,8.28,8.56,GCDCA,,#N/A
P4_C3_TCDCA_Lgasseri_BSH_0h.mzML,450.3214,162206,8.49,8.28,8.56,GCDCA,,#N/A
P4_C4_TUDCA_Lgasseri_BSH_0h.mzML,450.3214,117424,8.48,8.28,8.56,GCDCA,,#N/A
P4_C5_TCA_Lgasseri_BSH_0h.mzML,450.3214,183142,8.5,8.28,8.56,GCDCA,,#N/A
P4_C6_GLCA_Lgasseri_BSH_0h.mzML,450.3214,826535,8.48,8.28,8.56,GCDCA,,#N/A
P4_C7_GDCA_Lgasseri_BSH_0h.mzML,450.3214,1372400000,8.49,8.28,8.56,GCDCA,,#N/A
P4_C8_GCDCA_Lgasseri_BSH_0h.mzML,450.3214,413985440,8.38,8.28,8.56,GCDCA,,#N/A
P4_C9_GUDCA_Lgasseri_BSH_0h.mzML,450.3214,3136877,8.35,8.28,8.56,GCDCA,,#N/A
P4_C10_GCA_Lgasseri_BSH_0h.mzML,450.3214,335365,8.49,8.28,8.56,GCDCA,,#N/A
P4_C11_BHI_50MeOH.mzML,450.3214,126159,8.48,8.28,8.56,GCDCA,,#N/A
P4_C12_BHI_50DMSO_25MeOH.mzML,450.3214,207292,8.49,8.28,8.56,GCDCA,,#N/A
P4_D1_TLCA_LCAG-95_BSH1208_0h.mzML,450.3214,41688,8.49,8.28,8.56,GCDCA,,#N/A
P4_D2_TDCA_LCAG-95_BSH1208_0h.mzML,450.3214,535386,8.49,8.28,8.56,GCDCA,,#N/A
P4_D3_TCDCA_LCAG-95_BSH1208_0h.mzML,450.3214,555271,8.49,8.28,8.56,GCDCA,,#N/A
P4_D4_TUDCA_LCAG-95_BSH1208_0h.mzML,450.3214,308276,8.56,8.28,8.56,GCDCA,,#N/A
P4_D5_TCA_LCAG-95_BSH1208_0h.mzML,450.3214,256831,8.56,8.28,8.56,GCDCA,,#N/A
P4_D6_GLCA_LCAG-95_BSH1208_0h.mzML,450.3214,895587,8.55,8.28,8.56,GCDCA,,#N/A
P4_D7_GDCA_LCAG-95_BSH1208_0h.mzML,450.3214,2062600960,8.49,8.28,8.56,GCDCA,,#N/A
P4_D8_GCDCA_LCAG-95_BSH1208_0h.mzML,450.3214,614162176,8.37,8.28,8.56,GCDCA,,#N/A
P4_D9_GUDCA_LCAG-95_BSH1208_0h.mzML,450.3214,5426716,8.37,8.28,8.56,GCDCA,,#N/A
P4_D10_GCA_LCAG-95_BSH1208_0h.mzML,450.3214,706686,8.52,8.28,8.56,GCDCA,,#N/A
P4_D11_BHI_50MeOH.mzML,450.3214,106582,8.48,8.28,8.56,GCDCA,,#N/A
P4_D12_BHI_50DMSO_25MeOH.mzML,450.3214,128183,8.49,8.28,8.56,GCDCA,,#N/A
P4_E1_TLCA_Ep_BSH101_0h.mzML,450.3214,206802,8.49,8.28,8.56,GCDCA,,#N/A
P4_E2_TDCA_Ep_BSH101_0h.mzML,450.3214,348268,8.51,8.28,8.56,GCDCA,,#N/A
P4_E3_TCDCA_Ep_BSH101_0h.mzML,450.3214,183426,8.49,8.28,8.56,GCDCA,,#N/A
P4_E4_TUDCA_Ep_BSH101_0h.mzML,450.3214,258785,8.5,8.28,8.56,GCDCA,,#N/A
P4_E5_TCA_Ep_BSH101_0h.mzML,450.3214,224652,8.5,8.28,8.56,GCDCA,,#N/A
P4_E6_GLCA_Ep_BSH101_0h.mzML,450.3214,767071,8.5,8.28,8.56,GCDCA,,#N/A
P4_E7_GDCA_Ep_BSH101_0h.mzML,450.3214,2140118912,8.49,8.28,8.56,GCDCA,,#N/A
P4_E8_GCDCA_Ep_BSH101_0h.mzML,450.3214,559009024,8.39,8.28,8.56,GCDCA,,#N/A
P4_E9_GUDCA_Ep_BSH101_0h.mzML,450.3214,4437955,8.38,8.28,8.56,GCDCA,,#N/A
P4_E10_GCA_Ep_BSH101_0h.mzML,450.3214,332911,8.49,8.28,8.56,GCDCA,,#N/A
P4_E11_BHI_50MeOH.mzML,450.3214,254646,8.5,8.28,8.56,GCDCA,,#N/A
P4_E12_BHI_50DMSO_25MeOH.mzML,450.3214,346084,8.56,8.28,8.56,GCDCA,,#N/A
P4_F1_TLCA_AZ-52_0h.mzML,450.3214,253579,8.56,8.28,8.56,GCDCA,,#N/A
P4_F2_TDCA_AZ-52_0h.mzML,450.3214,361110,8.5,8.28,8.56,GCDCA,,#N/A
P4_F3_TCDCA_AZ-52_0h.mzML,450.3214,297474,8.48,8.28,8.56,GCDCA,,#N/A
P4_F4_TUDCA_AZ-52_0h.mzML,450.3214,154629,8.49,8.28,8.56,GCDCA,,#N/A
P4_F5_TCA_AZ-52_0h.mzML,450.3214,133086,8.5,8.28,8.56,GCDCA,,#N/A
P4_F6_GLCA_AZ-52_0h.mzML,450.3214,1336935,8.51,8.28,8.56,GCDCA,,#N/A
P4_F7_GDCA_AZ-52_0h.mzML,450.3214,1191412864,8.5,8.28,8.56,GCDCA,,#N/A
P4_F8_GCDCA_AZ-52_0h.mzML,450.3214,490758880,8.4,8.28,8.56,GCDCA,,#N/A
P4_F9_GUDCA_AZ-52_0h.mzML,450.3214,4436221,8.38,8.28,8.56,GCDCA,,#N/A
P4_F10_GCA_AZ-52_0h.mzML,450.3214,355982,8.49,8.28,8.56,GCDCA,,#N/A
P4_F11_BHI_50MeOH.mzML,450.3214,300040,8.5,8.28,8.56,GCDCA,,#N/A
P4_F12_BHI_50DMSO_25MeOH.mzML,450.3214,192643,8.5,8.28,8.56,GCDCA,,#N/A
P4_G1_TLCA_EcAZ-1-cat_0h.mzML,450.3214,205204,8.51,8.28,8.56,GCDCA,,#N/A
P4_G2_TDCA_EcAZ-1-cat_0h.mzML,450.3214,317754,8.51,8.28,8.56,GCDCA,,#N/A
P4_G3_TCDCA_EcAZ-1-cat_0h.mzML,450.3214,248736,8.5,8.28,8.56,GCDCA,,#N/A
P4_G4_TUDCA_EcAZ-1-cat_0h.mzML,450.3214,67819,8.49,8.28,8.56,GCDCA,,#N/A
P4_G5_TCA_EcAZ-1-cat_0h.mzML,450.3214,273707,8.51,8.28,8.56,GCDCA,,#N/A
P4_G6_GLCA_EcAZ-1-cat_0h.mzML,450.3214,1375479,8.52,8.28,8.56,GCDCA,,#N/A
P4_G7_GDCA_EcAZ-1-cat_0h.mzML,450.3214,1109280384,8.5,8.28,8.56,GCDCA,,#N/A
P4_G8_GCDCA_EcAZ-1-cat_0h.mzML,450.3214,543838528,8.39,8.28,8.56,GCDCA,,#N/A
P4_G9_GUDCA_EcAZ-1-cat_0h.mzML,450.3214,5392515,8.39,8.28,8.56,GCDCA,,#N/A
P4_G10_GCA_EcAZ-1-cat_0h.mzML,450.3214,206763,8.49,8.28,8.56,GCDCA,,#N/A
P4_G11_BHI_50MeOH.mzML,450.3214,129990,8.5,8.28,8.56,GCDCA,,#N/A
P4_G12_BHI_50DMSO_25MeOH.mzML,450.3214,232796,8.52,8.28,8.56,GCDCA,,#N/A
P4_H1_TLCA_ctrl_0h.mzML,450.3214,69127,8.5,8.28,8.56,GCDCA,,#N/A
P4_H2_TDCA_ctrl_0h.mzML,450.3214,56325,8.49,8.28,8.56,GCDCA,,#N/A
P4_H3_TCDCA_ctrl_0h.mzML,450.3214,153768,8.5,8.28,8.56,GCDCA,,#N/A
P4_H4_TUDCA_ctrl_0h.mzML,450.3214,120891,8.5,8.28,8.56,GCDCA,,#N/A
P4_H5_TCA_ctrl_0h.mzML,450.3214,62446,8.5,8.28,8.56,GCDCA,,#N/A
P4_H6_GLCA_ctrl_0h.mzML,450.3214,782437,8.51,8.28,8.56,GCDCA,,#N/A
P4_H7_GDCA_ctrl_0h.mzML,450.3214,1857905920,8.5,8.28,8.56,GCDCA,,#N/A
P4_H8_GCDCA_ctrl_0h.mzML,450.3214,720954880,8.39,8.28,8.56,GCDCA,,#N/A
P4_H9_GUDCA_ctrl_0h.mzML,450.3214,7786961,8.39,8.28,8.56,GCDCA,,#N/A
P4_H10_GCA_ctrl_0h.mzML,450.3214,226107,8.5,8.28,8.56,GCDCA,,#N/A
P4_H11_BHI_50MeOH.mzML,450.3214,29334,8.48,8.28,8.56,GCDCA,,#N/A
P4_H12_BHI_50DMSO_25MeOH.mzML,450.3214,137458,8.5,8.28,8.56,GCDCA,,#N/A
P7_A1_TLCA_Dny_BSH1_0h.mzML,450.3214,87455,8.52,8.28,8.56,GCDCA,,#N/A
P7_A2_TDCA_Dny_BSH1_0h.mzML,450.3214,2061756,8.53,8.28,8.56,GCDCA,,#N/A
P7_A3_TCDCA_Dny_BSH1_0h.mzML,450.3214,538606,8.45,8.28,8.56,GCDCA,,#N/A
P7_A4_TUDCA_Dny_BSH1_0h.mzML,450.3214,59792,8.52,8.28,8.56,GCDCA,,#N/A
P7_A5_TCA_Dny_BSH1_0h.mzML,450.3214,96888,8.53,8.28,8.56,GCDCA,,#N/A
P7_A6_GLCA_Dny_BSH1_0h.mzML,450.3214,610090,8.45,8.28,8.56,GCDCA,,#N/A
P7_A7_GDCA_Dny_BSH1_0h.mzML,450.3214,1248084224,8.53,8.28,8.56,GCDCA,,#N/A
P7_A8_GCDCA_Dny_BSH1_0h.mzML,450.3214,969158400,8.42,8.28,8.56,GCDCA,,#N/A
P7_A9_GUDCA_Dny_BSH1_0h.mzML,450.3214,10449805,8.44,8.28,8.56,GCDCA,,#N/A
P7_A10_GCA_Dny_BSH1_0h.mzML,450.3214,290513,8.52,8.28,8.56,GCDCA,,#N/A
P7_A11_BHI_50MeOH.mzML,450.3214,25733,8.51,8.28,8.56,GCDCA,,#N/A
P7_A12_BHI_50DMSO_25MeOH.mzML,450.3214,26554,8.52,8.28,8.56,GCDCA,,#N/A
P7_B1_TLCA_Dny_BSH2_0h.mzML,450.3214,235738,8.54,8.28,8.56,GCDCA,,#N/A
P7_B2_TDCA_Dny_BSH2_0h.mzML,450.3214,261514,8.52,8.28,8.56,GCDCA,,#N/A
P7_B3_TCDCA_Dny_BSH2_0h.mzML,450.3214,2893839,8.52,8.28,8.56,GCDCA,,#N/A
P7_B4_TUDCA_Dny_BSH2_0h.mzML,450.3214,147829,8.53,8.28,8.56,GCDCA,,#N/A
P7_B5_TCA_Dny_BSH2_0h.mzML,450.3214,168059,8.53,8.28,8.56,GCDCA,,#N/A
P7_B6_GLCA_Dny_BSH2_0h.mzML,450.3214,1940974,8.52,8.28,8.56,GCDCA,,#N/A
P7_B7_GDCA_Dny_BSH2_0h.mzML,450.3214,2440676096,8.52,8.28,8.56,GCDCA,,#N/A
P7_B8_GCDCA_Dny_BSH2_0h.mzML,450.3214,810127104,8.42,8.28,8.56,GCDCA,,#N/A
P7_B9_GUDCA_Dny_BSH2_0h.mzML,450.3214,9401623,8.42,8.28,8.56,GCDCA,,#N/A
P7_B10_GCA_Dny_BSH2_0h.mzML,450.3214,537317,8.52,8.28,8.56,GCDCA,,#N/A
P7_B11_BHI_50MeOH.mzML,450.3214,206263,8.53,8.28,8.56,GCDCA,,#N/A
P7_B12_BHI_50DMSO_25MeOH.mzML,450.3214,110453,8.52,8.28,8.56,GCDCA,,#N/A
P7_C1_TLCA_Lgasseri_BSH_0h.mzML,450.3214,233615,8.52,8.28,8.56,GCDCA,,#N/A
P7_C2_TDCA_Lgasseri_BSH_0h.mzML,450.3214,498043,8.52,8.28,8.56,GCDCA,,#N/A
P7_C3_TCDCA_Lgasseri_BSH_0h.mzML,450.3214,11757861,8.52,8.28,8.56,GCDCA,,#N/A
P7_C4_TUDCA_Lgasseri_BSH_0h.mzML,450.3214,182873,8.53,8.28,8.56,GCDCA,,#N/A
P7_C5_TCA_Lgasseri_BSH_0h.mzML,450.3214,197053,8.55,8.28,8.56,GCDCA,,#N/A
P7_C6_GLCA_Lgasseri_BSH_0h.mzML,450.3214,7956460,8.52,8.28,8.56,GCDCA,,#N/A
P7_C7_GDCA_Lgasseri_BSH_0h.mzML,450.3214,1699372928,8.5,8.28,8.56,GCDCA,,#N/A
P7_C8_GCDCA_Lgasseri_BSH_0h.mzML,450.3214,629490944,8.42,8.28,8.56,GCDCA,,#N/A
P7_C9_GUDCA_Lgasseri_BSH_0h.mzML,450.3214,3946549,8.41,8.28,8.56,GCDCA,,#N/A
P7_C10_GCA_Lgasseri_BSH_0h.mzML,450.3214,289034,8.52,8.28,8.56,GCDCA,,#N/A
P7_C11_BHI_50MeOH.mzML,450.3214,310289,8.52,8.28,8.56,GCDCA,,#N/A
P7_C12_BHI_50DMSO_25MeOH.mzML,450.3214,163122,8.52,8.28,8.56,GCDCA,,#N/A
P7_D1_TLCA_LCAG-95_BSH1208_0h.mzML,450.3214,138753,8.52,8.28,8.56,GCDCA,,#N/A
P7_D2_TDCA_LCAG-95_BSH1208_0h.mzML,450.3214,1115343,8.52,8.28,8.56,GCDCA,,#N/A
P7_D3_TCDCA_LCAG-95_BSH1208_0h.mzML,450.3214,549541,8.42,8.28,8.56,GCDCA,,#N/A
P7_D4_TUDCA_LCAG-95_BSH1208_0h.mzML,450.3214,194995,8.52,8.28,8.56,GCDCA,,#N/A
P7_D5_TCA_LCAG-95_BSH1208_0h.mzML,450.3214,309100,8.52,8.28,8.56,GCDCA,,#N/A
P7_D6_GLCA_LCAG-95_BSH1208_0h.mzML,450.3214,32704472,8.52,8.28,8.56,GCDCA,,#N/A
P7_D7_GDCA_LCAG-95_BSH1208_0h.mzML,450.3214,1441476224,8.51,8.28,8.56,GCDCA,,#N/A
P7_D8_GCDCA_LCAG-95_BSH1208_0h.mzML,450.3214,572396352,8.41,8.28,8.56,GCDCA,,#N/A
P7_D9_GUDCA_LCAG-95_BSH1208_0h.mzML,450.3214,2390728,8.41,8.28,8.56,GCDCA,,#N/A
P7_D10_GCA_LCAG-95_BSH1208_0h.mzML,450.3214,322702,8.52,8.28,8.56,GCDCA,,#N/A
P7_D11_BHI_50MeOH.mzML,450.3214,144630,8.52,8.28,8.56,GCDCA,,#N/A
P7_D12_BHI_50DMSO_25MeOH.mzML,450.3214,245007,8.54,8.28,8.56,GCDCA,,#N/A
P7_E1_TLCA_Ep_BSH101_0h.mzML,450.3214,120907,8.52,8.28,8.56,GCDCA,,#N/A
P7_E2_TDCA_Ep_BSH101_0h.mzML,450.3214,128767,8.52,8.28,8.56,GCDCA,,#N/A
P7_E3_TCDCA_Ep_BSH101_0h.mzML,450.3214,149151,8.52,8.28,8.56,GCDCA,,#N/A
P7_E4_TUDCA_Ep_BSH101_0h.mzML,450.3214,153691,8.52,8.28,8.56,GCDCA,,#N/A
P7_E5_TCA_Ep_BSH101_0h.mzML,450.3214,237744,8.52,8.28,8.56,GCDCA,,#N/A
P7_E6_GLCA_Ep_BSH101_0h.mzML,450.3214,1028190,8.51,8.28,8.56,GCDCA,,#N/A
P7_E7_GDCA_Ep_BSH101_0h.mzML,450.3214,1777469824,8.51,8.28,8.56,GCDCA,,#N/A
P7_E8_GCDCA_Ep_BSH101_0h.mzML,450.3214,800893056,8.41,8.28,8.56,GCDCA,,#N/A
P7_E9_GUDCA_Ep_BSH101_0h.mzML,450.3214,6546207,8.41,8.28,8.56,GCDCA,,#N/A
P7_E10_GCA_Ep_BSH101_0h.mzML,450.3214,290283,8.53,8.28,8.56,GCDCA,,#N/A
P7_E11_BHI_50MeOH.mzML,450.3214,178467,8.52,8.28,8.56,GCDCA,,#N/A
P7_E12_BHI_50DMSO_25MeOH.mzML,450.3214,180033,8.53,8.28,8.56,GCDCA,,#N/A
P7_F1_TLCA_AZ-52_0h.mzML,450.3214,99174,8.51,8.28,8.56,GCDCA,,#N/A
P7_F2_TDCA_AZ-52_0h.mzML,450.3214,172217,8.54,8.28,8.56,GCDCA,,#N/A
P7_F3_TCDCA_AZ-52_0h.mzML,450.3214,277721,8.52,8.28,8.56,GCDCA,,#N/A
P7_F4_TUDCA_AZ-52_0h.mzML,450.3214,174359,8.52,8.28,8.56,GCDCA,,#N/A
P7_F5_TCA_AZ-52_0h.mzML,450.3214,1423821,8.52,8.28,8.56,GCDCA,,#N/A
P7_F6_GLCA_AZ-52_0h.mzML,450.3214,3183597,8.51,8.28,8.56,GCDCA,,#N/A
P7_F7_GDCA_AZ-52_0h.mzML,450.3214,1742173568,8.51,8.28,8.56,GCDCA,,#N/A
P7_F8_GCDCA_AZ-52_0h.mzML,450.3214,857613952,8.41,8.28,8.56,GCDCA,,#N/A
P7_F9_GUDCA_AZ-52_0h.mzML,450.3214,13528307,8.41,8.28,8.56,GCDCA,,#N/A
P7_F10_GCA_AZ-52_0h.mzML,450.3214,325734,8.54,8.28,8.56,GCDCA,,#N/A
P7_F11_BHI_50MeOH.mzML,450.3214,140021,8.51,8.28,8.56,GCDCA,,#N/A
P7_F12_BHI_50DMSO_25MeOH.mzML,450.3214,152183,8.52,8.28,8.56,GCDCA,,#N/A
P7_G1_TLCA_EcAZ-1-cat_0h.mzML,450.3214,156846,8.52,8.28,8.56,GCDCA,,#N/A
P7_G2_TDCA_EcAZ-1-cat_0h.mzML,450.3214,122086,8.53,8.28,8.56,GCDCA,,#N/A
P7_G3_TCDCA_EcAZ-1-cat_0h.mzML,450.3214,130705,8.52,8.28,8.56,GCDCA,,#N/A
P7_G4_TUDCA_EcAZ-1-cat_0h.mzML,450.3214,92757,8.53,8.28,8.56,GCDCA,,#N/A
P7_G5_TCA_EcAZ-1-cat_0h.mzML,450.3214,151657,8.52,8.28,8.56,GCDCA,,#N/A
P7_G6_GLCA_EcAZ-1-cat_0h.mzML,450.3214,925405,8.52,8.28,8.56,GCDCA,,#N/A
P7_G7_GDCA_EcAZ-1-cat_0h.mzML,450.3214,836482688,8.51,8.28,8.56,GCDCA,,#N/A
P7_G8_GCDCA_EcAZ-1-cat_0h.mzML,450.3214,776167168,8.4,8.28,8.56,GCDCA,,#N/A
P7_G9_GUDCA_EcAZ-1-cat_0h.mzML,450.3214,7111930,8.41,8.28,8.56,GCDCA,,#N/A
P7_G10_GCA_EcAZ-1-cat_0h.mzML,450.3214,267720,8.52,8.28,8.56,GCDCA,,#N/A
P7_G11_BHI_50MeOH.mzML,450.3214,127558,8.52,8.28,8.56,GCDCA,,#N/A
P7_G12_BHI_50DMSO_25MeOH.mzML,450.3214,159455,8.53,8.28,8.56,GCDCA,,#N/A
P7_H1_TLCA_ctrl_0h.mzML,450.3214,145777,8.52,8.28,8.56,GCDCA,,#N/A
P7_H2_TDCA_ctrl_0h.mzML,450.3214,200166,8.52,8.28,8.56,GCDCA,,#N/A
P7_H3_TCDCA_ctrl_0h.mzML,450.3214,139416,8.52,8.28,8.56,GCDCA,,#N/A
P7_H4_TUDCA_ctrl_0h.mzML,450.3214,167865,8.52,8.28,8.56,GCDCA,,#N/A
P7_H5_TCA_ctrl_0h.mzML,450.3214,109600,8.51,8.28,8.56,GCDCA,,#N/A
P7_H6_GLCA_ctrl_0h.mzML,450.3214,794986,8.52,8.28,8.56,GCDCA,,#N/A
P7_H7_GDCA_ctrl_0h.mzML,450.3214,1333367168,8.51,8.28,8.56,GCDCA,,#N/A
P7_H8_GCDCA_ctrl_0h.mzML,450.3214,929781824,8.4,8.28,8.56,GCDCA,,#N/A
P7_H9_GUDCA_ctrl_0h.mzML,450.3214,6461918,8.41,8.28,8.56,GCDCA,,#N/A
P7_H10_GCA_ctrl_0h.mzML,450.3214,265454,8.51,8.28,8.56,GCDCA,,#N/A
P7_H11_BHI_50MeOH.mzML,450.3214,167283,8.53,8.28,8.56,GCDCA,,#N/A
P7_H12_BHI_50DMSO_25MeOH.mzML,450.3214,148770,8.52,8.28,8.56,GCDCA,,#N/A
TCA_std.mzML,450.3214,0,8.28,8.28,8.56,GCDCA,,#N/A
TCDCA_std.mzML,450.3214,0,8.28,8.28,8.56,GCDCA,,#N/A
TDCA_std.mzML,450.3214,0,8.28,8.28,8.56,GCDCA,,#N/A
TLCA_std.mzML,450.3214,0,8.28,8.28,8.56,GCDCA,,#N/A
TUDCA_std.mzML,450.3214,7390,8.28,8.28,8.56,GCDCA,,#N/A
UDCA_aminoacids.mzML,450.3214,32980,8.28,8.28,8.56,GCDCA,,#N/A
CA_aminoacids.mzML,450.3214,0,8.43,8.43,8.62,GDCA,,#N/A
CA_DCA_LCA_aminoacids.mzML,450.3214,110525,8.6,8.43,8.62,GDCA,,#N/A
CDCA_aminoacids.mzML,450.3214,0,8.43,8.43,8.62,GDCA,,#N/A
DCA_aminoacids.mzML,450.3214,44959,8.54,8.43,8.62,GDCA,,#N/A
DCA_aminoacids_2.mzML,450.3214,53932520,8.43,8.43,8.62,GDCA,,#N/A
GCA_std.mzML,450.3214,18601,8.44,8.43,8.62,GDCA,,#N/A
GCDCA_std.mzML,450.3214,119095,8.53,8.43,8.62,GDCA,,#N/A
GDCA_std.mzML,450.3214,7750830,8.43,8.43,8.62,GDCA,,#N/A
GLCA_std.mzML,450.3214,5463,8.47,8.43,8.62,GDCA,,#N/A
GUDCA_std.mzML,450.3214,565,8.47,8.43,8.62,GDCA,,#N/A
P4_A1_TLCA_Dny_BSH1_0h.mzML,450.3214,63113,8.49,8.43,8.62,GDCA,,#N/A
P4_A2_TDCA_Dny_BSH1_0h.mzML,450.3214,3077604,8.48,8.43,8.62,GDCA,,#N/A
P4_A3_TCDCA_Dny_BSH1_0h.mzML,450.3214,175019,8.55,8.43,8.62,GDCA,,#N/A
P4_A4_TUDCA_Dny_BSH1_0h.mzML,450.3214,82083,8.55,8.43,8.62,GDCA,,#N/A
P4_A5_TCA_Dny_BSH1_0h.mzML,450.3214,93244,8.58,8.43,8.62,GDCA,,#N/A
P4_A6_GLCA_Dny_BSH1_0h.mzML,450.3214,550860,8.58,8.43,8.62,GDCA,,#N/A
P4_A7_GDCA_Dny_BSH1_0h.mzML,450.3214,557968512,8.48,8.43,8.62,GDCA,,#N/A
P4_A8_GCDCA_Dny_BSH1_0h.mzML,450.3214,22470220,8.43,8.43,8.62,GDCA,,#N/A
P4_A9_GUDCA_Dny_BSH1_0h.mzML,450.3214,183885,8.47,8.43,8.62,GDCA,,#N/A
P4_A10_GCA_Dny_BSH1_0h.mzML,450.3214,270653,8.49,8.43,8.62,GDCA,,#N/A
P4_A11_BHI_50MeOH.mzML,450.3214,34796,8.49,8.43,8.62,GDCA,,#N/A
P4_A12_BHI_50DMSO_25MeOH.mzML,450.3214,123107,8.48,8.43,8.62,GDCA,,#N/A
P4_B1_TLCA_Dny_BSH2_0h.mzML,450.3214,116183,8.48,8.43,8.62,GDCA,,#N/A
P4_B2_TDCA_Dny_BSH2_0h.mzML,450.3214,179498,8.59,8.43,8.62,GDCA,,#N/A
P4_B3_TCDCA_Dny_BSH2_0h.mzML,450.3214,362672,8.56,8.43,8.62,GDCA,,#N/A
P4_B4_TUDCA_Dny_BSH2_0h.mzML,450.3214,206407,8.56,8.43,8.62,GDCA,,#N/A
P4_B5_TCA_Dny_BSH2_0h.mzML,450.3214,192307,8.6,8.43,8.62,GDCA,,#N/A
P4_B6_GLCA_Dny_BSH2_0h.mzML,450.3214,1102786,8.56,8.43,8.62,GDCA,,#N/A
P4_B7_GDCA_Dny_BSH2_0h.mzML,450.3214,2150587648,8.48,8.43,8.62,GDCA,,#N/A
P4_B8_GCDCA_Dny_BSH2_0h.mzML,450.3214,89442488,8.43,8.43,8.62,GDCA,,#N/A
P4_B9_GUDCA_Dny_BSH2_0h.mzML,450.3214,777258,8.43,8.43,8.62,GDCA,,#N/A
P4_B10_GCA_Dny_BSH2_0h.mzML,450.3214,498547,8.58,8.43,8.62,GDCA,,#N/A
P4_B11_BHI_50MeOH.mzML,450.3214,120746,8.48,8.43,8.62,GDCA,,#N/A
P4_B12_BHI_50DMSO_25MeOH.mzML,450.3214,215785,8.57,8.43,8.62,GDCA,,#N/A
P4_C1_TLCA_Lgasseri_BSH_0h.mzML,450.3214,175749,8.5,8.43,8.62,GDCA,,#N/A
P4_C2_TDCA_Lgasseri_BSH_0h.mzML,450.3214,178530,8.5,8.43,8.62,GDCA,,#N/A
P4_C3_TCDCA_Lgasseri_BSH_0h.mzML,450.3214,119566,8.49,8.43,8.62,GDCA,,#N/A
P4_C4_TUDCA_Lgasseri_BSH_0h.mzML,450.3214,164819,8.48,8.43,8.62,GDCA,,#N/A
P4_C5_TCA_Lgasseri_BSH_0h.mzML,450.3214,181116,8.5,8.43,8.62,GDCA,,#N/A
P4_C6_GLCA_Lgasseri_BSH_0h.mzML,450.3214,676912,8.57,8.43,8.62,GDCA,,#N/A
P4_C7_GDCA_Lgasseri_BSH_0h.mzML,450.3214,1378888960,8.49,8.43,8.62,GDCA,,#N/A
P4_C8_GCDCA_Lgasseri_BSH_0h.mzML,450.3214,43800148,8.43,8.43,8.62,GDCA,,#N/A
P4_C9_GUDCA_Lgasseri_BSH_0h.mzML,450.3214,629164,8.51,8.43,8.62,GDCA,,#N/A
P4_C10_GCA_Lgasseri_BSH_0h.mzML,450.3214,650445,8.58,8.43,8.62,GDCA,,#N/A
P4_C11_BHI_50MeOH.mzML,450.3214,136323,8.48,8.43,8.62,GDCA,,#N/A
P4_C12_BHI_50DMSO_25MeOH.mzML,450.3214,573859,8.57,8.43,8.62,GDCA,,#N/A
P4_D1_TLCA_LCAG-95_BSH1208_0h.mzML,450.3214,482420,8.57,8.43,8.62,GDCA,,#N/A
P4_D2_TDCA_LCAG-95_BSH1208_0h.mzML,450.3214,554623,8.49,8.43,8.62,GDCA,,#N/A
P4_D3_TCDCA_LCAG-95_BSH1208_0h.mzML,450.3214,246091,8.49,8.43,8.62,GDCA,,#N/A
P4_D4_TUDCA_LCAG-95_BSH1208_0h.mzML,450.3214,378943,8.56,8.43,8.62,GDCA,,#N/A
P4_D5_TCA_LCAG-95_BSH1208_0h.mzML,450.3214,368161,8.56,8.43,8.62,GDCA,,#N/A
P4_D6_GLCA_LCAG-95_BSH1208_0h.mzML,450.3214,843026,8.59,8.43,8.62,GDCA,,#N/A
P4_D7_GDCA_LCAG-95_BSH1208_0h.mzML,450.3214,2072293632,8.49,8.43,8.62,GDCA,,#N/A
P4_D8_GCDCA_LCAG-95_BSH1208_0h.mzML,450.3214,60453796,8.43,8.43,8.62,GDCA,,#N/A
P4_D9_GUDCA_LCAG-95_BSH1208_0h.mzML,450.3214,690202,8.43,8.43,8.62,GDCA,,#N/A
P4_D10_GCA_LCAG-95_BSH1208_0h.mzML,450.3214,1457544,8.57,8.43,8.62,GDCA,,#N/A
P4_D11_BHI_50MeOH.mzML,450.3214,90112,8.48,8.43,8.62,GDCA,,#N/A
P4_D12_BHI_50DMSO_25MeOH.mzML,450.3214,128220,8.49,8.43,8.62,GDCA,,#N/A
P4_E1_TLCA_Ep_BSH101_0h.mzML,450.3214,727084,8.59,8.43,8.62,GDCA,,#N/A
P4_E2_TDCA_Ep_BSH101_0h.mzML,450.3214,910512,8.57,8.43,8.62,GDCA,,#N/A
P4_E3_TCDCA_Ep_BSH101_0h.mzML,450.3214,145319,8.49,8.43,8.62,GDCA,,#N/A
P4_E4_TUDCA_Ep_BSH101_0h.mzML,450.3214,528997,8.5,8.43,8.62,GDCA,,#N/A
P4_E5_TCA_Ep_BSH101_0h.mzML,450.3214,678646,8.58,8.43,8.62,GDCA,,#N/A
P4_E6_GLCA_Ep_BSH101_0h.mzML,450.3214,1108521,8.57,8.43,8.62,GDCA,,#N/A
P4_E7_GDCA_Ep_BSH101_0h.mzML,450.3214,2153579776,8.49,8.43,8.62,GDCA,,#N/A
P4_E8_GCDCA_Ep_BSH101_0h.mzML,450.3214,97155240,8.43,8.43,8.62,GDCA,,#N/A
P4_E9_GUDCA_Ep_BSH101_0h.mzML,450.3214,831711,8.43,8.43,8.62,GDCA,,#N/A
P4_E10_GCA_Ep_BSH101_0h.mzML,450.3214,269223,8.49,8.43,8.62,GDCA,,#N/A
P4_E11_BHI_50MeOH.mzML,450.3214,369028,8.61,8.43,8.62,GDCA,,#N/A
P4_E12_BHI_50DMSO_25MeOH.mzML,450.3214,549163,8.56,8.43,8.62,GDCA,,#N/A
P4_F1_TLCA_AZ-52_0h.mzML,450.3214,495544,8.56,8.43,8.62,GDCA,,#N/A
P4_F2_TDCA_AZ-52_0h.mzML,450.3214,208416,8.5,8.43,8.62,GDCA,,#N/A
P4_F3_TCDCA_AZ-52_0h.mzML,450.3214,792450,8.57,8.43,8.62,GDCA,,#N/A
P4_F4_TUDCA_AZ-52_0h.mzML,450.3214,452830,8.57,8.43,8.62,GDCA,,#N/A
P4_F5_TCA_AZ-52_0h.mzML,450.3214,125349,8.5,8.43,8.62,GDCA,,#N/A
P4_F6_GLCA_AZ-52_0h.mzML,450.3214,1554817,8.57,8.43,8.62,GDCA,,#N/A
P4_F7_GDCA_AZ-52_0h.mzML,450.3214,1200777984,8.5,8.43,8.62,GDCA,,#N/A
P4_F8_GCDCA_AZ-52_0h.mzML,450.3214,91564976,8.43,8.43,8.62,GDCA,,#N/A
P4_F9_GUDCA_AZ-52_0h.mzML,450.3214,345911,8.43,8.43,8.62,GDCA,,#N/A
P4_F10_GCA_AZ-52_0h.mzML,450.3214,191014,8.49,8.43,8.62,GDCA,,#N/A
P4_F11_BHI_50MeOH.mzML,450.3214,333401,8.5,8.43,8.62,GDCA,,#N/A
P4_F12_BHI_50DMSO_25MeOH.mzML,450.3214,341452,8.62,8.43,8.62,GDCA,,#N/A
P4_G1_TLCA_EcAZ-1-cat_0h.mzML,450.3214,188830,8.51,8.43,8.62,GDCA,,#N/A
P4_G2_TDCA_EcAZ-1-cat_0h.mzML,450.3214,375950,8.51,8.43,8.62,GDCA,,#N/A
P4_G3_TCDCA_EcAZ-1-cat_0h.mzML,450.3214,206411,8.5,8.43,8.62,GDCA,,#N/A
P4_G4_TUDCA_EcAZ-1-cat_0h.mzML,450.3214,61047,8.49,8.43,8.62,GDCA,,#N/A
P4_G5_TCA_EcAZ-1-cat_0h.mzML,450.3214,273785,8.51,8.43,8.62,GDCA,,#N/A
P4_G6_GLCA_EcAZ-1-cat_0h.mzML,450.3214,974818,8.52,8.43,8.62,GDCA,,#N/A
P4_G7_GDCA_EcAZ-1-cat_0h.mzML,450.3214,1121063680,8.5,8.43,8.62,GDCA,,#N/A
P4_G8_GCDCA_EcAZ-1-cat_0h.mzML,450.3214,87088448,8.43,8.43,8.62,GDCA,,#N/A
P4_G9_GUDCA_EcAZ-1-cat_0h.mzML,450.3214,1490512,8.43,8.43,8.62,GDCA,,#N/A
P4_G10_GCA_EcAZ-1-cat_0h.mzML,450.3214,57922,8.49,8.43,8.62,GDCA,,#N/A
P4_G11_BHI_50MeOH.mzML,450.3214,626083,8.59,8.43,8.62,GDCA,,#N/A
P4_G12_BHI_50DMSO_25MeOH.mzML,450.3214,164957,8.52,8.43,8.62,GDCA,,#N/A
P4_H1_TLCA_ctrl_0h.mzML,450.3214,69147,8.5,8.43,8.62,GDCA,,#N/A
P4_H2_TDCA_ctrl_0h.mzML,450.3214,388740,8.58,8.43,8.62,GDCA,,#N/A
P4_H3_TCDCA_ctrl_0h.mzML,450.3214,72992,8.5,8.43,8.62,GDCA,,#N/A
P4_H4_TUDCA_ctrl_0h.mzML,450.3214,116783,8.5,8.43,8.62,GDCA,,#N/A
P4_H5_TCA_ctrl_0h.mzML,450.3214,88681,8.5,8.43,8.62,GDCA,,#N/A
P4_H6_GLCA_ctrl_0h.mzML,450.3214,62946,8.51,8.43,8.62,GDCA,,#N/A
P4_H7_GDCA_ctrl_0h.mzML,450.3214,1898540032,8.5,8.43,8.62,GDCA,,#N/A
P4_H8_GCDCA_ctrl_0h.mzML,450.3214,184789440,8.43,8.43,8.62,GDCA,,#N/A
P4_H9_GUDCA_ctrl_0h.mzML,450.3214,2192380,8.43,8.43,8.62,GDCA,,#N/A
P4_H10_GCA_ctrl_0h.mzML,450.3214,138069,8.5,8.43,8.62,GDCA,,#N/A
P4_H11_BHI_50MeOH.mzML,450.3214,29508,8.62,8.43,8.62,GDCA,,#N/A
P4_H12_BHI_50DMSO_25MeOH.mzML,450.3214,125297,8.5,8.43,8.62,GDCA,,#N/A
P7_A1_TLCA_Dny_BSH1_0h.mzML,450.3214,87430,8.52,8.43,8.62,GDCA,,#N/A
P7_A2_TDCA_Dny_BSH1_0h.mzML,450.3214,2063622,8.53,8.43,8.62,GDCA,,#N/A
P7_A3_TCDCA_Dny_BSH1_0h.mzML,450.3214,565787,8.45,8.43,8.62,GDCA,,#N/A
P7_A4_TUDCA_Dny_BSH1_0h.mzML,450.3214,56415,8.52,8.43,8.62,GDCA,,#N/A
P7_A5_TCA_Dny_BSH1_0h.mzML,450.3214,100504,8.53,8.43,8.62,GDCA,,#N/A
P7_A6_GLCA_Dny_BSH1_0h.mzML,450.3214,655902,8.61,8.43,8.62,GDCA,,#N/A
P7_A7_GDCA_Dny_BSH1_0h.mzML,450.3214,1256537088,8.53,8.43,8.62,GDCA,,#N/A
P7_A8_GCDCA_Dny_BSH1_0h.mzML,450.3214,483548640,8.43,8.43,8.62,GDCA,,#N/A
P7_A9_GUDCA_Dny_BSH1_0h.mzML,450.3214,6517833,8.44,8.43,8.62,GDCA,,#N/A
P7_A10_GCA_Dny_BSH1_0h.mzML,450.3214,280995,8.52,8.43,8.62,GDCA,,#N/A
P7_A11_BHI_50MeOH.mzML,450.3214,21098,8.51,8.43,8.62,GDCA,,#N/A
P7_A12_BHI_50DMSO_25MeOH.mzML,450.3214,26562,8.52,8.43,8.62,GDCA,,#N/A
P7_B1_TLCA_Dny_BSH2_0h.mzML,450.3214,267392,8.54,8.43,8.62,GDCA,,#N/A
P7_B2_TDCA_Dny_BSH2_0h.mzML,450.3214,326818,8.59,8.43,8.62,GDCA,,#N/A
P7_B3_TCDCA_Dny_BSH2_0h.mzML,450.3214,2646732,8.52,8.43,8.62,GDCA,,#N/A
P7_B4_TUDCA_Dny_BSH2_0h.mzML,450.3214,139109,8.53,8.43,8.62,GDCA,,#N/A
P7_B5_TCA_Dny_BSH2_0h.mzML,450.3214,164949,8.53,8.43,8.62,GDCA,,#N/A
P7_B6_GLCA_Dny_BSH2_0h.mzML,450.3214,2170659,8.52,8.43,8.62,GDCA,,#N/A
P7_B7_GDCA_Dny_BSH2_0h.mzML,450.3214,2482332928,8.52,8.43,8.62,GDCA,,#N/A
P7_B8_GCDCA_Dny_BSH2_0h.mzML,450.3214,239862320,8.43,8.43,8.62,GDCA,,#N/A
P7_B9_GUDCA_Dny_BSH2_0h.mzML,450.3214,4612328,8.43,8.43,8.62,GDCA,,#N/A
P7_B10_GCA_Dny_BSH2_0h.mzML,450.3214,139997,8.52,8.43,8.62,GDCA,,#N/A
P7_B11_BHI_50MeOH.mzML,450.3214,263852,8.6,8.43,8.62,GDCA,,#N/A
P7_B12_BHI_50DMSO_25MeOH.mzML,450.3214,108281,8.52,8.43,8.62,GDCA,,#N/A
P7_C1_TLCA_Lgasseri_BSH_0h.mzML,450.3214,233620,8.52,8.43,8.62,GDCA,,#N/A
P7_C2_TDCA_Lgasseri_BSH_0h.mzML,450.3214,483831,8.52,8.43,8.62,GDCA,,#N/A
P7_C3_TCDCA_Lgasseri_BSH_0h.mzML,450.3214,10483555,8.52,8.43,8.62,GDCA,,#N/A
P7_C4_TUDCA_Lgasseri_BSH_0h.mzML,450.3214,184782,8.53,8.43,8.62,GDCA,,#N/A
P7_C5_TCA_Lgasseri_BSH_0h.mzML,450.3214,275843,8.59,8.43,8.62,GDCA,,#N/A
P7_C6_GLCA_Lgasseri_BSH_0h.mzML,450.3214,7557523,8.52,8.43,8.62,GDCA,,#N/A
P7_C7_GDCA_Lgasseri_BSH_0h.mzML,450.3214,1696131328,8.5,8.43,8.62,GDCA,,#N/A
P7_C8_GCDCA_Lgasseri_BSH_0h.mzML,450.3214,216451440,8.43,8.43,8.62,GDCA,,#N/A
P7_C9_GUDCA_Lgasseri_BSH_0h.mzML,450.3214,1128930,8.43,8.43,8.62,GDCA,,#N/A
P7_C10_GCA_Lgasseri_BSH_0h.mzML,450.3214,253517,8.58,8.43,8.62,GDCA,,#N/A
P7_C11_BHI_50MeOH.mzML,450.3214,374381,8.6,8.43,8.62,GDCA,,#N/A
P7_C12_BHI_50DMSO_25MeOH.mzML,450.3214,182528,8.58,8.43,8.62,GDCA,,#N/A
P7_D1_TLCA_LCAG-95_BSH1208_0h.mzML,450.3214,191252,8.58,8.43,8.62,GDCA,,#N/A
P7_D2_TDCA_LCAG-95_BSH1208_0h.mzML,450.3214,1082624,8.52,8.43,8.62,GDCA,,#N/A
P7_D3_TCDCA_LCAG-95_BSH1208_0h.mzML,450.3214,274949,8.61,8.43,8.62,GDCA,,#N/A
P7_D4_TUDCA_LCAG-95_BSH1208_0h.mzML,450.3214,189720,8.52,8.43,8.62,GDCA,,#N/A
P7_D5_TCA_LCAG-95_BSH1208_0h.mzML,450.3214,258823,8.52,8.43,8.62,GDCA,,#N/A
P7_D6_GLCA_LCAG-95_BSH1208_0h.mzML,450.3214,31869680,8.52,8.43,8.62,GDCA,,#N/A
P7_D7_GDCA_LCAG-95_BSH1208_0h.mzML,450.3214,1445806848,8.51,8.43,8.62,GDCA,,#N/A
P7_D8_GCDCA_LCAG-95_BSH1208_0h.mzML,450.3214,114900664,8.43,8.43,8.62,GDCA,,#N/A
P7_D9_GUDCA_LCAG-95_BSH1208_0h.mzML,450.3214,775606,8.43,8.43,8.62,GDCA,,#N/A
P7_D10_GCA_LCAG-95_BSH1208_0h.mzML,450.3214,200340,8.52,8.43,8.62,GDCA,,#N/A
P7_D11_BHI_50MeOH.mzML,450.3214,280926,8.59,8.43,8.62,GDCA,,#N/A
P7_D12_BHI_50DMSO_25MeOH.mzML,450.3214,314442,8.54,8.43,8.62,GDCA,,#N/A
P7_E1_TLCA_Ep_BSH101_0h.mzML,450.3214,121628,8.52,8.43,8.62,GDCA,,#N/A
P7_E2_TDCA_Ep_BSH101_0h.mzML,450.3214,165809,8.6,8.43,8.62,GDCA,,#N/A
P7_E3_TCDCA_Ep_BSH101_0h.mzML,450.3214,171851,8.52,8.43,8.62,GDCA,,#N/A
P7_E4_TUDCA_Ep_BSH101_0h.mzML,450.3214,217437,8.59,8.43,8.62,GDCA,,#N/A
P7_E5_TCA_Ep_BSH101_0h.mzML,450.3214,230592,8.52,8.43,8.62,GDCA,,#N/A
P7_E6_GLCA_Ep_BSH101_0h.mzML,450.3214,1202352,8.6,8.43,8.62,GDCA,,#N/A
P7_E7_GDCA_Ep_BSH101_0h.mzML,450.3214,1785392128,8.51,8.43,8.62,GDCA,,#N/A
P7_E8_GCDCA_Ep_BSH101_0h.mzML,450.3214,198090256,8.43,8.43,8.62,GDCA,,#N/A
P7_E9_GUDCA_Ep_BSH101_0h.mzML,450.3214,1169026,8.43,8.43,8.62,GDCA,,#N/A
P7_E10_GCA_Ep_BSH101_0h.mzML,450.3214,188037,8.53,8.43,8.62,GDCA,,#N/A
P7_E11_BHI_50MeOH.mzML,450.3214,254005,8.58,8.43,8.62,GDCA,,#N/A
P7_E12_BHI_50DMSO_25MeOH.mzML,450.3214,179603,8.53,8.43,8.62,GDCA,,#N/A
P7_F1_TLCA_AZ-52_0h.mzML,450.3214,245294,8.59,8.43,8.62,GDCA,,#N/A
P7_F2_TDCA_AZ-52_0h.mzML,450.3214,255583,8.6,8.43,8.62,GDCA,,#N/A
P7_F3_TCDCA_AZ-52_0h.mzML,450.3214,248631,8.52,8.43,8.62,GDCA,,#N/A
P7_F4_TUDCA_AZ-52_0h.mzML,450.3214,171682,8.52,8.43,8.62,GDCA,,#N/A
P7_F5_TCA_AZ-52_0h.mzML,450.3214,1316273,8.52,8.43,8.62,GDCA,,#N/A
P7_F6_GLCA_AZ-52_0h.mzML,450.3214,3318142,8.51,8.43,8.62,GDCA,,#N/A
P7_F7_GDCA_AZ-52_0h.mzML,450.3214,1746263296,8.51,8.43,8.62,GDCA,,#N/A
P7_F8_GCDCA_AZ-52_0h.mzML,450.3214,181741392,8.43,8.43,8.62,GDCA,,#N/A
P7_F9_GUDCA_AZ-52_0h.mzML,450.3214,3675569,8.43,8.43,8.62,GDCA,,#N/A
P7_F10_GCA_AZ-52_0h.mzML,450.3214,292900,8.61,8.43,8.62,GDCA,,#N/A
P7_F11_BHI_50MeOH.mzML,450.3214,84815,8.51,8.43,8.62,GDCA,,#N/A
P7_F12_BHI_50DMSO_25MeOH.mzML,450.3214,146725,8.52,8.43,8.62,GDCA,,#N/A
P7_G1_TLCA_EcAZ-1-cat_0h.mzML,450.3214,204270,8.59,8.43,8.62,GDCA,,#N/A
P7_G2_TDCA_EcAZ-1-cat_0h.mzML,450.3214,116215,8.53,8.43,8.62,GDCA,,#N/A
P7_G3_TCDCA_EcAZ-1-cat_0h.mzML,450.3214,104686,8.52,8.43,8.62,GDCA,,#N/A
P7_G4_TUDCA_EcAZ-1-cat_0h.mzML,450.3214,89054,8.53,8.43,8.62,GDCA,,#N/A
P7_G5_TCA_EcAZ-1-cat_0h.mzML,450.3214,123052,8.52,8.43,8.62,GDCA,,#N/A
P7_G6_GLCA_EcAZ-1-cat_0h.mzML,450.3214,1291650,8.6,8.43,8.62,GDCA,,#N/A
P7_G7_GDCA_EcAZ-1-cat_0h.mzML,450.3214,840919872,8.51,8.43,8.62,GDCA,,#N/A
P7_G8_GCDCA_EcAZ-1-cat_0h.mzML,450.3214,203572400,8.43,8.43,8.62,GDCA,,#N/A
P7_G9_GUDCA_EcAZ-1-cat_0h.mzML,450.3214,3589702,8.52,8.43,8.62,GDCA,,#N/A
P7_G10_GCA_EcAZ-1-cat_0h.mzML,450.3214,135026,8.52,8.43,8.62,GDCA,,#N/A
P7_G11_BHI_50MeOH.mzML,450.3214,274392,8.6,8.43,8.62,GDCA,,#N/A
P7_G12_BHI_50DMSO_25MeOH.mzML,450.3214,236758,8.61,8.43,8.62,GDCA,,#N/A
P7_H1_TLCA_ctrl_0h.mzML,450.3214,143705,8.52,8.43,8.62,GDCA,,#N/A
P7_H2_TDCA_ctrl_0h.mzML,450.3214,215307,8.52,8.43,8.62,GDCA,,#N/A
P7_H3_TCDCA_ctrl_0h.mzML,450.3214,112145,8.52,8.43,8.62,GDCA,,#N/A
P7_H4_TUDCA_ctrl_0h.mzML,450.3214,166571,8.52,8.43,8.62,GDCA,,#N/A
P7_H5_TCA_ctrl_0h.mzML,450.3214,84754,8.51,8.43,8.62,GDCA,,#N/A
P7_H6_GLCA_ctrl_0h.mzML,450.3214,696469,8.6,8.43,8.62,GDCA,,#N/A
P7_H7_GDCA_ctrl_0h.mzML,450.3214,1338710528,8.51,8.43,8.62,GDCA,,#N/A
P7_H8_GCDCA_ctrl_0h.mzML,450.3214,155211168,8.43,8.43,8.62,GDCA,,#N/A
P7_H9_GUDCA_ctrl_0h.mzML,450.3214,1233712,8.43,8.43,8.62,GDCA,,#N/A
P7_H10_GCA_ctrl_0h.mzML,450.3214,145690,8.51,8.43,8.62,GDCA,,#N/A
P7_H11_BHI_50MeOH.mzML,450.3214,250525,8.59,8.43,8.62,GDCA,,#N/A
P7_H12_BHI_50DMSO_25MeOH.mzML,450.3214,145811,8.52,8.43,8.62,GDCA,,#N/A
TCA_std.mzML,450.3214,0,8.43,8.43,8.62,GDCA,,#N/A
TCDCA_std.mzML,450.3214,0,8.43,8.43,8.62,GDCA,,#N/A
TDCA_std.mzML,450.3214,0,8.43,8.43,8.62,GDCA,,#N/A
TLCA_std.mzML,450.3214,0,8.43,8.43,8.62,GDCA,,#N/A
TUDCA_std.mzML,450.3214,0,8.43,8.43,8.62,GDCA,,#N/A
UDCA_aminoacids.mzML,450.3214,0,8.43,8.43,8.62,GDCA,,#N/A
CA_aminoacids.mzML,434.3265,0,8.84,8.84,8.99,GLCA,,#N/A
CA_DCA_LCA_aminoacids.mzML,434.3265,170780000,8.84,8.84,8.99,GLCA,,#N/A
CDCA_aminoacids.mzML,434.3265,0,8.84,8.84,8.99,GLCA,,#N/A
DCA_aminoacids.mzML,434.3265,0,8.84,8.84,8.99,GLCA,,#N/A
DCA_aminoacids_2.mzML,434.3265,0,8.84,8.84,8.99,GLCA,,#N/A
GCA_std.mzML,434.3265,907,8.89,8.84,8.99,GLCA,,#N/A
GCDCA_std.mzML,434.3265,175998,8.84,8.84,8.99,GLCA,,#N/A
GDCA_std.mzML,434.3265,2643,8.84,8.84,8.99,GLCA,,#N/A
GLCA_std.mzML,434.3265,56587872,8.84,8.84,8.99,GLCA,,#N/A
GUDCA_std.mzML,434.3265,179071,8.85,8.84,8.99,GLCA,,#N/A
P4_A1_TLCA_Dny_BSH1_0h.mzML,434.3265,307714,8.9,8.84,8.99,GLCA,,#N/A
P4_A2_TDCA_Dny_BSH1_0h.mzML,434.3265,0,8.84,8.84,8.99,GLCA,,#N/A
P4_A3_TCDCA_Dny_BSH1_0h.mzML,434.3265,50088,8.84,8.84,8.99,GLCA,,#N/A
P4_A4_TUDCA_Dny_BSH1_0h.mzML,434.3265,0,8.84,8.84,8.99,GLCA,,#N/A
P4_A5_TCA_Dny_BSH1_0h.mzML,434.3265,0,8.84,8.84,8.99,GLCA,,#N/A
P4_A6_GLCA_Dny_BSH1_0h.mzML,434.3265,680947712,8.89,8.84,8.99,GLCA,,#N/A
P4_A7_GDCA_Dny_BSH1_0h.mzML,434.3265,260312,8.89,8.84,8.99,GLCA,,#N/A
P4_A8_GCDCA_Dny_BSH1_0h.mzML,434.3265,358247,8.9,8.84,8.99,GLCA,,#N/A
P4_A9_GUDCA_Dny_BSH1_0h.mzML,434.3265,0,8.84,8.84,8.99,GLCA,,#N/A
P4_A10_GCA_Dny_BSH1_0h.mzML,434.3265,20116,8.91,8.84,8.99,GLCA,,#N/A
P4_A11_BHI_50MeOH.mzML,434.3265,0,8.84,8.84,8.99,GLCA,,#N/A
P4_A12_BHI_50DMSO_25MeOH.mzML,434.3265,0,8.84,8.84,8.99,GLCA,,#N/A
P4_B1_TLCA_Dny_BSH2_0h.mzML,434.3265,15364,8.91,8.84,8.99,GLCA,,#N/A
P4_B2_TDCA_Dny_BSH2_0h.mzML,434.3265,0,8.84,8.84,8.99,GLCA,,#N/A
P4_B3_TCDCA_Dny_BSH2_0h.mzML,434.3265,0,8.84,8.84,8.99,GLCA,,#N/A
P4_B4_TUDCA_Dny_BSH2_0h.mzML,434.3265,57086,8.9,8.84,8.99,GLCA,,#N/A
P4_B5_TCA_Dny_BSH2_0h.mzML,434.3265,26185,8.84,8.84,8.99,GLCA,,#N/A
P4_B6_GLCA_Dny_BSH2_0h.mzML,434.3265,839549952,8.88,8.84,8.99,GLCA,,#N/A
P4_B7_GDCA_Dny_BSH2_0h.mzML,434.3265,483078,8.89,8.84,8.99,GLCA,,#N/A
P4_B8_GCDCA_Dny_BSH2_0h.mzML,434.3265,943723,8.9,8.84,8.99,GLCA,,#N/A
P4_B9_GUDCA_Dny_BSH2_0h.mzML,434.3265,190695,8.87,8.84,8.99,GLCA,,#N/A
P4_B10_GCA_Dny_BSH2_0h.mzML,434.3265,50749,8.89,8.84,8.99,GLCA,,#N/A
P4_B11_BHI_50MeOH.mzML,434.3265,7817,8.84,8.84,8.99,GLCA,,#N/A
P4_B12_BHI_50DMSO_25MeOH.mzML,434.3265,0,8.84,8.84,8.99,GLCA,,#N/A
P4_C1_TLCA_Lgasseri_BSH_0h.mzML,434.3265,23505,8.89,8.84,8.99,GLCA,,#N/A
P4_C2_TDCA_Lgasseri_BSH_0h.mzML,434.3265,1280,8.84,8.84,8.99,GLCA,,#N/A
P4_C3_TCDCA_Lgasseri_BSH_0h.mzML,434.3265,80116,8.84,8.84,8.99,GLCA,,#N/A
P4_C4_TUDCA_Lgasseri_BSH_0h.mzML,434.3265,44202,8.84,8.84,8.99,GLCA,,#N/A
P4_C5_TCA_Lgasseri_BSH_0h.mzML,434.3265,18692,8.84,8.84,8.99,GLCA,,#N/A
P4_C6_GLCA_Lgasseri_BSH_0h.mzML,434.3265,1036629504,8.89,8.84,8.99,GLCA,,#N/A
P4_C7_GDCA_Lgasseri_BSH_0h.mzML,434.3265,412792,8.9,8.84,8.99,GLCA,,#N/A
P4_C8_GCDCA_Lgasseri_BSH_0h.mzML,434.3265,565244,8.89,8.84,8.99,GLCA,,#N/A
P4_C9_GUDCA_Lgasseri_BSH_0h.mzML,434.3265,197680,8.84,8.84,8.99,GLCA,,#N/A
P4_C10_GCA_Lgasseri_BSH_0h.mzML,434.3265,135311,8.89,8.84,8.99,GLCA,,#N/A
P4_C11_BHI_50MeOH.mzML,434.3265,30711,8.86,8.84,8.99,GLCA,,#N/A
P4_C12_BHI_50DMSO_25MeOH.mzML,434.3265,72642,8.85,8.84,8.99,GLCA,,#N/A
P4_D1_TLCA_LCAG-95_BSH1208_0h.mzML,434.3265,204149,8.84,8.84,8.99,GLCA,,#N/A
P4_D2_TDCA_LCAG-95_BSH1208_0h.mzML,434.3265,0,8.84,8.84,8.99,GLCA,,#N/A
P4_D3_TCDCA_LCAG-95_BSH1208_0h.mzML,434.3265,110676,8.84,8.84,8.99,GLCA,,#N/A
P4_D4_TUDCA_LCAG-95_BSH1208_0h.mzML,434.3265,148045,8.84,8.84,8.99,GLCA,,#N/A
P4_D5_TCA_LCAG-95_BSH1208_0h.mzML,434.3265,110643,8.84,8.84,8.99,GLCA,,#N/A
P4_D6_GLCA_LCAG-95_BSH1208_0h.mzML,434.3265,614375360,8.89,8.84,8.99,GLCA,,#N/A
P4_D7_GDCA_LCAG-95_BSH1208_0h.mzML,434.3265,508254,8.84,8.84,8.99,GLCA,,#N/A
P4_D8_GCDCA_LCAG-95_BSH1208_0h.mzML,434.3265,437761,8.84,8.84,8.99,GLCA,,#N/A
P4_D9_GUDCA_LCAG-95_BSH1208_0h.mzML,434.3265,94060,8.84,8.84,8.99,GLCA,,#N/A
P4_D10_GCA_LCAG-95_BSH1208_0h.mzML,434.3265,172536,8.84,8.84,8.99,GLCA,,#N/A
P4_D11_BHI_50MeOH.mzML,434.3265,106001,8.84,8.84,8.99,GLCA,,#N/A
P4_D12_BHI_50DMSO_25MeOH.mzML,434.3265,181738,8.84,8.84,8.99,GLCA,,#N/A
P4_E1_TLCA_Ep_BSH101_0h.mzML,434.3265,153660,8.84,8.84,8.99,GLCA,,#N/A
P4_E2_TDCA_Ep_BSH101_0h.mzML,434.3265,226645,8.84,8.84,8.99,GLCA,,#N/A
P4_E3_TCDCA_Ep_BSH101_0h.mzML,434.3265,0,8.84,8.84,8.99,GLCA,,#N/A
P4_E4_TUDCA_Ep_BSH101_0h.mzML,434.3265,107233,8.86,8.84,8.99,GLCA,,#N/A
P4_E5_TCA_Ep_BSH101_0h.mzML,434.3265,341101,8.84,8.84,8.99,GLCA,,#N/A
P4_E6_GLCA_Ep_BSH101_0h.mzML,434.3265,737100672,8.9,8.84,8.99,GLCA,,#N/A
P4_E7_GDCA_Ep_BSH101_0h.mzML,434.3265,464673,8.9,8.84,8.99,GLCA,,#N/A
P4_E8_GCDCA_Ep_BSH101_0h.mzML,434.3265,740593,8.89,8.84,8.99,GLCA,,#N/A
P4_E9_GUDCA_Ep_BSH101_0h.mzML,434.3265,285404,8.84,8.84,8.99,GLCA,,#N/A
P4_E10_GCA_Ep_BSH101_0h.mzML,434.3265,341819,8.84,8.84,8.99,GLCA,,#N/A
P4_E11_BHI_50MeOH.mzML,434.3265,74883,8.84,8.84,8.99,GLCA,,#N/A
P4_E12_BHI_50DMSO_25MeOH.mzML,434.3265,0,8.84,8.84,8.99,GLCA,,#N/A
P4_F1_TLCA_AZ-52_0h.mzML,434.3265,54038,8.93,8.84,8.99,GLCA,,#N/A
P4_F2_TDCA_AZ-52_0h.mzML,434.3265,217134,8.86,8.84,8.99,GLCA,,#N/A
P4_F3_TCDCA_AZ-52_0h.mzML,434.3265,335900,8.84,8.84,8.99,GLCA,,#N/A
P4_F4_TUDCA_AZ-52_0h.mzML,434.3265,202297,8.85,8.84,8.99,GLCA,,#N/A
P4_F5_TCA_AZ-52_0h.mzML,434.3265,24647,8.93,8.84,8.99,GLCA,,#N/A
P4_F6_GLCA_AZ-52_0h.mzML,434.3265,1027618880,8.89,8.84,8.99,GLCA,,#N/A
P4_F7_GDCA_AZ-52_0h.mzML,434.3265,701170,8.89,8.84,8.99,GLCA,,#N/A
P4_F8_GCDCA_AZ-52_0h.mzML,434.3265,591867,8.91,8.84,8.99,GLCA,,#N/A
P4_F9_GUDCA_AZ-52_0h.mzML,434.3265,272845,8.84,8.84,8.99,GLCA,,#N/A
P4_F10_GCA_AZ-52_0h.mzML,434.3265,473036,8.84,8.84,8.99,GLCA,,#N/A
P4_F11_BHI_50MeOH.mzML,434.3265,299174,8.84,8.84,8.99,GLCA,,#N/A
P4_F12_BHI_50DMSO_25MeOH.mzML,434.3265,30165,8.94,8.84,8.99,GLCA,,#N/A
P4_G1_TLCA_EcAZ-1-cat_0h.mzML,434.3265,284186,8.87,8.84,8.99,GLCA,,#N/A
P4_G2_TDCA_EcAZ-1-cat_0h.mzML,434.3265,203859,8.84,8.84,8.99,GLCA,,#N/A
P4_G3_TCDCA_EcAZ-1-cat_0h.mzML,434.3265,426465,8.84,8.84,8.99,GLCA,,#N/A
P4_G4_TUDCA_EcAZ-1-cat_0h.mzML,434.3265,176600,8.92,8.84,8.99,GLCA,,#N/A
P4_G5_TCA_EcAZ-1-cat_0h.mzML,434.3265,173740,8.91,8.84,8.99,GLCA,,#N/A
P4_G6_GLCA_EcAZ-1-cat_0h.mzML,434.3265,1062350976,8.89,8.84,8.99,GLCA,,#N/A
P4_G7_GDCA_EcAZ-1-cat_0h.mzML,434.3265,834646,8.9,8.84,8.99,GLCA,,#N/A
P4_G8_GCDCA_EcAZ-1-cat_0h.mzML,434.3265,768986,8.89,8.84,8.99,GLCA,,#N/A
P4_G9_GUDCA_EcAZ-1-cat_0h.mzML,434.3265,724105,8.84,8.84,8.99,GLCA,,#N/A
P4_G10_GCA_EcAZ-1-cat_0h.mzML,434.3265,327836,8.91,8.84,8.99,GLCA,,#N/A
P4_G11_BHI_50MeOH.mzML,434.3265,77754,8.92,8.84,8.99,GLCA,,#N/A
P4_G12_BHI_50DMSO_25MeOH.mzML,434.3265,495592,8.84,8.84,8.99,GLCA,,#N/A
P4_H1_TLCA_ctrl_0h.mzML,434.3265,420923,8.85,8.84,8.99,GLCA,,#N/A
P4_H2_TDCA_ctrl_0h.mzML,434.3265,292206,8.84,8.84,8.99,GLCA,,#N/A
P4_H3_TCDCA_ctrl_0h.mzML,434.3265,616967,8.84,8.84,8.99,GLCA,,#N/A
P4_H4_TUDCA_ctrl_0h.mzML,434.3265,222927,8.88,8.84,8.99,GLCA,,#N/A
P4_H5_TCA_ctrl_0h.mzML,434.3265,595999,8.84,8.84,8.99,GLCA,,#N/A
P4_H6_GLCA_ctrl_0h.mzML,434.3265,862440896,8.91,8.84,8.99,GLCA,,#N/A
P4_H7_GDCA_ctrl_0h.mzML,434.3265,964741,8.84,8.84,8.99,GLCA,,#N/A
P4_H8_GCDCA_ctrl_0h.mzML,434.3265,877783,8.91,8.84,8.99,GLCA,,#N/A
P4_H9_GUDCA_ctrl_0h.mzML,434.3265,591181,8.84,8.84,8.99,GLCA,,#N/A
P4_H10_GCA_ctrl_0h.mzML,434.3265,101607,8.92,8.84,8.99,GLCA,,#N/A
P4_H11_BHI_50MeOH.mzML,434.3265,173809,8.89,8.84,8.99,GLCA,,#N/A
P4_H12_BHI_50DMSO_25MeOH.mzML,434.3265,200611,8.87,8.84,8.99,GLCA,,#N/A
P7_A1_TLCA_Dny_BSH1_0h.mzML,434.3265,646872,8.91,8.84,8.99,GLCA,,#N/A
P7_A2_TDCA_Dny_BSH1_0h.mzML,434.3265,352369,8.93,8.84,8.99,GLCA,,#N/A
P7_A3_TCDCA_Dny_BSH1_0h.mzML,434.3265,335009,8.86,8.84,8.99,GLCA,,#N/A
P7_A4_TUDCA_Dny_BSH1_0h.mzML,434.3265,469036,8.86,8.84,8.99,GLCA,,#N/A
P7_A5_TCA_Dny_BSH1_0h.mzML,434.3265,201986,8.87,8.84,8.99,GLCA,,#N/A
P7_A6_GLCA_Dny_BSH1_0h.mzML,434.3265,505266304,8.9,8.84,8.99,GLCA,,#N/A
P7_A7_GDCA_Dny_BSH1_0h.mzML,434.3265,1137481,8.84,8.84,8.99,GLCA,,#N/A
P7_A8_GCDCA_Dny_BSH1_0h.mzML,434.3265,1223624,8.91,8.84,8.99,GLCA,,#N/A
P7_A9_GUDCA_Dny_BSH1_0h.mzML,434.3265,578013,8.86,8.84,8.99,GLCA,,#N/A
P7_A10_GCA_Dny_BSH1_0h.mzML,434.3265,408058,8.91,8.84,8.99,GLCA,,#N/A
P7_A11_BHI_50MeOH.mzML,434.3265,378066,8.91,8.84,8.99,GLCA,,#N/A
P7_A12_BHI_50DMSO_25MeOH.mzML,434.3265,390889,8.93,8.84,8.99,GLCA,,#N/A
P7_B1_TLCA_Dny_BSH2_0h.mzML,434.3265,300040,8.84,8.84,8.99,GLCA,,#N/A
P7_B2_TDCA_Dny_BSH2_0h.mzML,434.3265,444887,8.93,8.84,8.99,GLCA,,#N/A
P7_B3_TCDCA_Dny_BSH2_0h.mzML,434.3265,1625645,8.9,8.84,8.99,GLCA,,#N/A
P7_B4_TUDCA_Dny_BSH2_0h.mzML,434.3265,214213,8.94,8.84,8.99,GLCA,,#N/A
P7_B5_TCA_Dny_BSH2_0h.mzML,434.3265,146372,8.85,8.84,8.99,GLCA,,#N/A
P7_B6_GLCA_Dny_BSH2_0h.mzML,434.3265,714306752,8.9,8.84,8.99,GLCA,,#N/A
P7_B7_GDCA_Dny_BSH2_0h.mzML,434.3265,911536,8.91,8.84,8.99,GLCA,,#N/A
P7_B8_GCDCA_Dny_BSH2_0h.mzML,434.3265,871277,8.91,8.84,8.99,GLCA,,#N/A
P7_B9_GUDCA_Dny_BSH2_0h.mzML,434.3265,553662,8.84,8.84,8.99,GLCA,,#N/A
P7_B10_GCA_Dny_BSH2_0h.mzML,434.3265,549389,8.84,8.84,8.99,GLCA,,#N/A
P7_B11_BHI_50MeOH.mzML,434.3265,393883,8.91,8.84,8.99,GLCA,,#N/A
P7_B12_BHI_50DMSO_25MeOH.mzML,434.3265,356083,8.86,8.84,8.99,GLCA,,#N/A
P7_C1_TLCA_Lgasseri_BSH_0h.mzML,434.3265,632914,8.84,8.84,8.99,GLCA,,#N/A
P7_C2_TDCA_Lgasseri_BSH_0h.mzML,434.3265,892693,8.9,8.84,8.99,GLCA,,#N/A
P7_C3_TCDCA_Lgasseri_BSH_0h.mzML,434.3265,3429668,8.9,8.84,8.99,GLCA,,#N/A
P7_C4_TUDCA_Lgasseri_BSH_0h.mzML,434.3265,438002,8.85,8.84,8.99,GLCA,,#N/A
P7_C5_TCA_Lgasseri_BSH_0h.mzML,434.3265,280595,8.86,8.84,8.99,GLCA,,#N/A
P7_C6_GLCA_Lgasseri_BSH_0h.mzML,434.3265,727567104,8.9,8.84,8.99,GLCA,,#N/A
P7_C7_GDCA_Lgasseri_BSH_0h.mzML,434.3265,846935,8.9,8.84,8.99,GLCA,,#N/A
P7_C8_GCDCA_Lgasseri_BSH_0h.mzML,434.3265,973917,8.9,8.84,8.99,GLCA,,#N/A
P7_C9_GUDCA_Lgasseri_BSH_0h.mzML,434.3265,530148,8.9,8.84,8.99,GLCA,,#N/A
P7_C10_GCA_Lgasseri_BSH_0h.mzML,434.3265,621951,8.85,8.84,8.99,GLCA,,#N/A
P7_C11_BHI_50MeOH.mzML,434.3265,471633,8.91,8.84,8.99,GLCA,,#N/A
P7_C12_BHI_50DMSO_25MeOH.mzML,434.3265,268793,8.84,8.84,8.99,GLCA,,#N/A
P7_D1_TLCA_LCAG-95_BSH1208_0h.mzML,434.3265,777222,8.84,8.84,8.99,GLCA,,#N/A
P7_D2_TDCA_LCAG-95_BSH1208_0h.mzML,434.3265,598201,8.9,8.84,8.99,GLCA,,#N/A
P7_D3_TCDCA_LCAG-95_BSH1208_0h.mzML,434.3265,585347,8.84,8.84,8.99,GLCA,,#N/A
P7_D4_TUDCA_LCAG-95_BSH1208_0h.mzML,434.3265,361116,8.86,8.84,8.99,GLCA,,#N/A
P7_D5_TCA_LCAG-95_BSH1208_0h.mzML,434.3265,987783,8.9,8.84,8.99,GLCA,,#N/A
P7_D6_GLCA_LCAG-95_BSH1208_0h.mzML,434.3265,513048768,8.9,8.84,8.99,GLCA,,#N/A
P7_D7_GDCA_LCAG-95_BSH1208_0h.mzML,434.3265,1156420,8.91,8.84,8.99,GLCA,,#N/A
P7_D8_GCDCA_LCAG-95_BSH1208_0h.mzML,434.3265,794630,8.9,8.84,8.99,GLCA,,#N/A
P7_D9_GUDCA_LCAG-95_BSH1208_0h.mzML,434.3265,673089,8.84,8.84,8.99,GLCA,,#N/A
P7_D10_GCA_LCAG-95_BSH1208_0h.mzML,434.3265,607561,8.86,8.84,8.99,GLCA,,#N/A
P7_D11_BHI_50MeOH.mzML,434.3265,483866,8.86,8.84,8.99,GLCA,,#N/A
P7_D12_BHI_50DMSO_25MeOH.mzML,434.3265,385021,8.85,8.84,8.99,GLCA,,#N/A
P7_E1_TLCA_Ep_BSH101_0h.mzML,434.3265,447424,8.91,8.84,8.99,GLCA,,#N/A
P7_E2_TDCA_Ep_BSH101_0h.mzML,434.3265,760309,8.84,8.84,8.99,GLCA,,#N/A
P7_E3_TCDCA_Ep_BSH101_0h.mzML,434.3265,783348,8.84,8.84,8.99,GLCA,,#N/A
P7_E4_TUDCA_Ep_BSH101_0h.mzML,434.3265,559880,8.91,8.84,8.99,GLCA,,#N/A
P7_E5_TCA_Ep_BSH101_0h.mzML,434.3265,2353765,8.9,8.84,8.99,GLCA,,#N/A
P7_E6_GLCA_Ep_BSH101_0h.mzML,434.3265,575527744,8.91,8.84,8.99,GLCA,,#N/A
P7_E7_GDCA_Ep_BSH101_0h.mzML,434.3265,1038645,8.9,8.84,8.99,GLCA,,#N/A
P7_E8_GCDCA_Ep_BSH101_0h.mzML,434.3265,1004024,8.91,8.84,8.99,GLCA,,#N/A
P7_E9_GUDCA_Ep_BSH101_0h.mzML,434.3265,1033250,8.84,8.84,8.99,GLCA,,#N/A
P7_E10_GCA_Ep_BSH101_0h.mzML,434.3265,886685,8.84,8.84,8.99,GLCA,,#N/A
P7_E11_BHI_50MeOH.mzML,434.3265,354912,8.84,8.84,8.99,GLCA,,#N/A
P7_E12_BHI_50DMSO_25MeOH.mzML,434.3265,434810,8.86,8.84,8.99,GLCA,,#N/A
P7_F1_TLCA_AZ-52_0h.mzML,434.3265,622789,8.85,8.84,8.99,GLCA,,#N/A
P7_F2_TDCA_AZ-52_0h.mzML,434.3265,555624,8.85,8.84,8.99,GLCA,,#N/A
P7_F3_TCDCA_AZ-52_0h.mzML,434.3265,350588,8.89,8.84,8.99,GLCA,,#N/A
P7_F4_TUDCA_AZ-52_0h.mzML,434.3265,499521,8.91,8.84,8.99,GLCA,,#N/A
P7_F5_TCA_AZ-52_0h.mzML,434.3265,2088798,8.9,8.84,8.99,GLCA,,#N/A
P7_F6_GLCA_AZ-52_0h.mzML,434.3265,646415424,8.9,8.84,8.99,GLCA,,#N/A
P7_F7_GDCA_AZ-52_0h.mzML,434.3265,908424,8.89,8.84,8.99,GLCA,,#N/A
P7_F8_GCDCA_AZ-52_0h.mzML,434.3265,1097376,8.9,8.84,8.99,GLCA,,#N/A
P7_F9_GUDCA_AZ-52_0h.mzML,434.3265,629003,8.91,8.84,8.99,GLCA,,#N/A
P7_F10_GCA_AZ-52_0h.mzML,434.3265,536657,8.85,8.84,8.99,GLCA,,#N/A
P7_F11_BHI_50MeOH.mzML,434.3265,579536,8.85,8.84,8.99,GLCA,,#N/A
P7_F12_BHI_50DMSO_25MeOH.mzML,434.3265,573642,8.84,8.84,8.99,GLCA,,#N/A
P7_G1_TLCA_EcAZ-1-cat_0h.mzML,434.3265,653805,8.86,8.84,8.99,GLCA,,#N/A
P7_G2_TDCA_EcAZ-1-cat_0h.mzML,434.3265,647682,8.84,8.84,8.99,GLCA,,#N/A
P7_G3_TCDCA_EcAZ-1-cat_0h.mzML,434.3265,728241,8.85,8.84,8.99,GLCA,,#N/A
P7_G4_TUDCA_EcAZ-1-cat_0h.mzML,434.3265,784340,8.84,8.84,8.99,GLCA,,#N/A
P7_G5_TCA_EcAZ-1-cat_0h.mzML,434.3265,633391,8.86,8.84,8.99,GLCA,,#N/A
P7_G6_GLCA_EcAZ-1-cat_0h.mzML,434.3265,765541824,8.9,8.84,8.99,GLCA,,#N/A
P7_G7_GDCA_EcAZ-1-cat_0h.mzML,434.3265,1439402,8.9,8.84,8.99,GLCA,,#N/A
P7_G8_GCDCA_EcAZ-1-cat_0h.mzML,434.3265,2666037,8.91,8.84,8.99,GLCA,,#N/A
P7_G9_GUDCA_EcAZ-1-cat_0h.mzML,434.3265,306186,8.84,8.84,8.99,GLCA,,#N/A
P7_G10_GCA_EcAZ-1-cat_0h.mzML,434.3265,801965,8.84,8.84,8.99,GLCA,,#N/A
P7_G11_BHI_50MeOH.mzML,434.3265,886744,8.84,8.84,8.99,GLCA,,#N/A
P7_G12_BHI_50DMSO_25MeOH.mzML,434.3265,579767,8.85,8.84,8.99,GLCA,,#N/A
P7_H1_TLCA_ctrl_0h.mzML,434.3265,699580,8.85,8.84,8.99,GLCA,,#N/A
P7_H2_TDCA_ctrl_0h.mzML,434.3265,767742,8.84,8.84,8.99,GLCA,,#N/A
P7_H3_TCDCA_ctrl_0h.mzML,434.3265,797938,8.85,8.84,8.99,GLCA,,#N/A
P7_H4_TUDCA_ctrl_0h.mzML,434.3265,465953,8.93,8.84,8.99,GLCA,,#N/A
P7_H5_TCA_ctrl_0h.mzML,434.3265,624218,8.91,8.84,8.99,GLCA,,#N/A
P7_H6_GLCA_ctrl_0h.mzML,434.3265,442162080,8.9,8.84,8.99,GLCA,,#N/A
P7_H7_GDCA_ctrl_0h.mzML,434.3265,1120523,8.84,8.84,8.99,GLCA,,#N/A
P7_H8_GCDCA_ctrl_0h.mzML,434.3265,1003760,8.9,8.84,8.99,GLCA,,#N/A
P7_H9_GUDCA_ctrl_0h.mzML,434.3265,369306,8.9,8.84,8.99,GLCA,,#N/A
P7_H10_GCA_ctrl_0h.mzML,434.3265,515332,8.85,8.84,8.99,GLCA,,#N/A
P7_H11_BHI_50MeOH.mzML,434.3265,695202,8.84,8.84,8.99,GLCA,,#N/A
P7_H12_BHI_50DMSO_25MeOH.mzML,434.3265,623976,8.85,8.84,8.99,GLCA,,#N/A
TCA_std.mzML,434.3265,0,8.84,8.84,8.99,GLCA,,#N/A
TCDCA_std.mzML,434.3265,0,8.84,8.84,8.99,GLCA,,#N/A
TDCA_std.mzML,434.3265,0,8.84,8.84,8.99,GLCA,,#N/A
TLCA_std.mzML,434.3265,0,8.84,8.84,8.99,GLCA,,#N/A
TUDCA_std.mzML,434.3265,0,8.84,8.84,8.99,GLCA,,#N/A
UDCA_aminoacids.mzML,434.3265,110720,8.85,8.84,8.99,GLCA,,#N/A
CA_aminoacids.mzML,450.3214,0,6.19,6.19,6.53,GUDCA,,#N/A
CA_DCA_LCA_aminoacids.mzML,450.3214,1278610,6.19,6.19,6.53,GUDCA,,#N/A
CDCA_aminoacids.mzML,450.3214,0,6.19,6.19,6.53,GUDCA,,#N/A
DCA_aminoacids.mzML,450.3214,0,6.19,6.19,6.53,GUDCA,,#N/A
DCA_aminoacids_2.mzML,450.3214,0,6.19,6.19,6.53,GUDCA,,#N/A
GCA_std.mzML,450.3214,3890,6.28,6.19,6.53,GUDCA,,#N/A
GCDCA_std.mzML,450.3214,0,6.19,6.19,6.53,GUDCA,,#N/A
GDCA_std.mzML,450.3214,715,6.2,6.19,6.53,GUDCA,,#N/A
GLCA_std.mzML,450.3214,0,6.19,6.19,6.53,GUDCA,,#N/A
GUDCA_std.mzML,450.3214,651288,6.19,6.19,6.53,GUDCA,,#N/A
P4_A1_TLCA_Dny_BSH1_0h.mzML,450.3214,0,6.19,6.19,6.53,GUDCA,,#N/A
P4_A2_TDCA_Dny_BSH1_0h.mzML,450.3214,2040,6.44,6.19,6.53,GUDCA,,#N/A
P4_A3_TCDCA_Dny_BSH1_0h.mzML,450.3214,0,6.19,6.19,6.53,GUDCA,,#N/A
P4_A4_TUDCA_Dny_BSH1_0h.mzML,450.3214,69410,6.27,6.19,6.53,GUDCA,,#N/A
P4_A5_TCA_Dny_BSH1_0h.mzML,450.3214,0,6.19,6.19,6.53,GUDCA,,#N/A
P4_A6_GLCA_Dny_BSH1_0h.mzML,450.3214,388053,6.28,6.19,6.53,GUDCA,,#N/A
P4_A7_GDCA_Dny_BSH1_0h.mzML,450.3214,41402,6.26,6.19,6.53,GUDCA,,#N/A
P4_A8_GCDCA_Dny_BSH1_0h.mzML,450.3214,140461,6.25,6.19,6.53,GUDCA,,#N/A
P4_A9_GUDCA_Dny_BSH1_0h.mzML,450.3214,308980832,6.26,6.19,6.53,GUDCA,,#N/A
P4_A10_GCA_Dny_BSH1_0h.mzML,450.3214,19626,6.49,6.19,6.53,GUDCA,,#N/A
P4_A11_BHI_50MeOH.mzML,450.3214,0,6.19,6.19,6.53,GUDCA,,#N/A
P4_A12_BHI_50DMSO_25MeOH.mzML,450.3214,0,6.19,6.19,6.53,GUDCA,,#N/A
P4_B1_TLCA_Dny_BSH2_0h.mzML,450.3214,0,6.19,6.19,6.53,GUDCA,,#N/A
P4_B2_TDCA_Dny_BSH2_0h.mzML,450.3214,0,6.19,6.19,6.53,GUDCA,,#N/A
P4_B3_TCDCA_Dny_BSH2_0h.mzML,450.3214,1540,6.29,6.19,6.53,GUDCA,,#N/A
P4_B4_TUDCA_Dny_BSH2_0h.mzML,450.3214,5914,6.46,6.19,6.53,GUDCA,,#N/A
P4_B5_TCA_Dny_BSH2_0h.mzML,450.3214,0,6.19,6.19,6.53,GUDCA,,#N/A
P4_B6_GLCA_Dny_BSH2_0h.mzML,450.3214,477259,6.26,6.19,6.53,GUDCA,,#N/A
P4_B7_GDCA_Dny_BSH2_0h.mzML,450.3214,85302,6.28,6.19,6.53,GUDCA,,#N/A
P4_B8_GCDCA_Dny_BSH2_0h.mzML,450.3214,1603300,6.25,6.19,6.53,GUDCA,,#N/A
P4_B9_GUDCA_Dny_BSH2_0h.mzML,450.3214,822642560,6.28,6.19,6.53,GUDCA,,#N/A
P4_B10_GCA_Dny_BSH2_0h.mzML,450.3214,37796,6.33,6.19,6.53,GUDCA,,#N/A
P4_B11_BHI_50MeOH.mzML,450.3214,1523,6.47,6.19,6.53,GUDCA,,#N/A
P4_B12_BHI_50DMSO_25MeOH.mzML,450.3214,1553,6.42,6.19,6.53,GUDCA,,#N/A
P4_C1_TLCA_Lgasseri_BSH_0h.mzML,450.3214,6083,6.48,6.19,6.53,GUDCA,,#N/A
P4_C2_TDCA_Lgasseri_BSH_0h.mzML,450.3214,0,6.19,6.19,6.53,GUDCA,,#N/A
P4_C3_TCDCA_Lgasseri_BSH_0h.mzML,450.3214,4293,6.47,6.19,6.53,GUDCA,,#N/A
P4_C4_TUDCA_Lgasseri_BSH_0h.mzML,450.3214,2347,6.48,6.19,6.53,GUDCA,,#N/A
P4_C5_TCA_Lgasseri_BSH_0h.mzML,450.3214,1937,6.45,6.19,6.53,GUDCA,,#N/A
P4_C6_GLCA_Lgasseri_BSH_0h.mzML,450.3214,630027,6.3,6.19,6.53,GUDCA,,#N/A
P4_C7_GDCA_Lgasseri_BSH_0h.mzML,450.3214,39463,6.29,6.19,6.53,GUDCA,,#N/A
P4_C8_GCDCA_Lgasseri_BSH_0h.mzML,450.3214,185295,6.28,6.19,6.53,GUDCA,,#N/A
P4_C9_GUDCA_Lgasseri_BSH_0h.mzML,450.3214,395759904,6.26,6.19,6.53,GUDCA,,#N/A
P4_C10_GCA_Lgasseri_BSH_0h.mzML,450.3214,29894,6.46,6.19,6.53,GUDCA,,#N/A
P4_C11_BHI_50MeOH.mzML,450.3214,4893,6.5,6.19,6.53,GUDCA,,#N/A
P4_C12_BHI_50DMSO_25MeOH.mzML,450.3214,2439,6.49,6.19,6.53,GUDCA,,#N/A
P4_D1_TLCA_LCAG-95_BSH1208_0h.mzML,450.3214,10422,6.39,6.19,6.53,GUDCA,,#N/A
P4_D2_TDCA_LCAG-95_BSH1208_0h.mzML,450.3214,0,6.19,6.19,6.53,GUDCA,,#N/A
P4_D3_TCDCA_LCAG-95_BSH1208_0h.mzML,450.3214,4337,6.4,6.19,6.53,GUDCA,,#N/A
P4_D4_TUDCA_LCAG-95_BSH1208_0h.mzML,450.3214,88937,6.29,6.19,6.53,GUDCA,,#N/A
P4_D5_TCA_LCAG-95_BSH1208_0h.mzML,450.3214,8318,6.49,6.19,6.53,GUDCA,,#N/A
P4_D6_GLCA_LCAG-95_BSH1208_0h.mzML,450.3214,405131,6.29,6.19,6.53,GUDCA,,#N/A
P4_D7_GDCA_LCAG-95_BSH1208_0h.mzML,450.3214,70462,6.28,6.19,6.53,GUDCA,,#N/A
P4_D8_GCDCA_LCAG-95_BSH1208_0h.mzML,450.3214,131535,6.29,6.19,6.53,GUDCA,,#N/A
P4_D9_GUDCA_LCAG-95_BSH1208_0h.mzML,450.3214,954779584,6.28,6.19,6.53,GUDCA,,#N/A
P4_D10_GCA_LCAG-95_BSH1208_0h.mzML,450.3214,47608,6.38,6.19,6.53,GUDCA,,#N/A
P4_D11_BHI_50MeOH.mzML,450.3214,3367,6.49,6.19,6.53,GUDCA,,#N/A
P4_D12_BHI_50DMSO_25MeOH.mzML,450.3214,8479,6.39,6.19,6.53,GUDCA,,#N/A
P4_E1_TLCA_Ep_BSH101_0h.mzML,450.3214,5975,6.44,6.19,6.53,GUDCA,,#N/A
P4_E2_TDCA_Ep_BSH101_0h.mzML,450.3214,5551,6.51,6.19,6.53,GUDCA,,#N/A
P4_E3_TCDCA_Ep_BSH101_0h.mzML,450.3214,0,6.19,6.19,6.53,GUDCA,,#N/A
P4_E4_TUDCA_Ep_BSH101_0h.mzML,450.3214,13004,6.49,6.19,6.53,GUDCA,,#N/A
P4_E5_TCA_Ep_BSH101_0h.mzML,450.3214,4001,6.48,6.19,6.53,GUDCA,,#N/A
P4_E6_GLCA_Ep_BSH101_0h.mzML,450.3214,370922,6.32,6.19,6.53,GUDCA,,#N/A
P4_E7_GDCA_Ep_BSH101_0h.mzML,450.3214,93528,6.32,6.19,6.53,GUDCA,,#N/A
P4_E8_GCDCA_Ep_BSH101_0h.mzML,450.3214,1825471,6.32,6.19,6.53,GUDCA,,#N/A
P4_E9_GUDCA_Ep_BSH101_0h.mzML,450.3214,566595392,6.28,6.19,6.53,GUDCA,,#N/A
P4_E10_GCA_Ep_BSH101_0h.mzML,450.3214,30655,6.52,6.19,6.53,GUDCA,,#N/A
P4_E11_BHI_50MeOH.mzML,450.3214,3892,6.39,6.19,6.53,GUDCA,,#N/A
P4_E12_BHI_50DMSO_25MeOH.mzML,450.3214,2887,6.49,6.19,6.53,GUDCA,,#N/A
P4_F1_TLCA_AZ-52_0h.mzML,450.3214,0,6.19,6.19,6.53,GUDCA,,#N/A
P4_F2_TDCA_AZ-52_0h.mzML,450.3214,997,6.49,6.19,6.53,GUDCA,,#N/A
P4_F3_TCDCA_AZ-52_0h.mzML,450.3214,1240,6.48,6.19,6.53,GUDCA,,#N/A
P4_F4_TUDCA_AZ-52_0h.mzML,450.3214,7859,6.51,6.19,6.53,GUDCA,,#N/A
P4_F5_TCA_AZ-52_0h.mzML,450.3214,10226,6.51,6.19,6.53,GUDCA,,#N/A
P4_F6_GLCA_AZ-52_0h.mzML,450.3214,625089,6.31,6.19,6.53,GUDCA,,#N/A
P4_F7_GDCA_AZ-52_0h.mzML,450.3214,16114,6.3,6.19,6.53,GUDCA,,#N/A
P4_F8_GCDCA_AZ-52_0h.mzML,450.3214,39481,6.32,6.19,6.53,GUDCA,,#N/A
P4_F9_GUDCA_AZ-52_0h.mzML,450.3214,572352128,6.31,6.19,6.53,GUDCA,,#N/A
P4_F10_GCA_AZ-52_0h.mzML,450.3214,23334,6.51,6.19,6.53,GUDCA,,#N/A
P4_F11_BHI_50MeOH.mzML,450.3214,5675,6.5,6.19,6.53,GUDCA,,#N/A
P4_F12_BHI_50DMSO_25MeOH.mzML,450.3214,2625,6.46,6.19,6.53,GUDCA,,#N/A
P4_G1_TLCA_EcAZ-1-cat_0h.mzML,450.3214,0,6.19,6.19,6.53,GUDCA,,#N/A
P4_G2_TDCA_EcAZ-1-cat_0h.mzML,450.3214,1356,6.45,6.19,6.53,GUDCA,,#N/A
P4_G3_TCDCA_EcAZ-1-cat_0h.mzML,450.3214,0,6.19,6.19,6.53,GUDCA,,#N/A
P4_G4_TUDCA_EcAZ-1-cat_0h.mzML,450.3214,9167,6.5,6.19,6.53,GUDCA,,#N/A
P4_G5_TCA_EcAZ-1-cat_0h.mzML,450.3214,1784,6.5,6.19,6.53,GUDCA,,#N/A
P4_G6_GLCA_EcAZ-1-cat_0h.mzML,450.3214,568912,6.36,6.19,6.53,GUDCA,,#N/A
P4_G7_GDCA_EcAZ-1-cat_0h.mzML,450.3214,26973,6.31,6.19,6.53,GUDCA,,#N/A
P4_G8_GCDCA_EcAZ-1-cat_0h.mzML,450.3214,46961,6.3,6.19,6.53,GUDCA,,#N/A
P4_G9_GUDCA_EcAZ-1-cat_0h.mzML,450.3214,662621824,6.33,6.19,6.53,GUDCA,,#N/A
P4_G10_GCA_EcAZ-1-cat_0h.mzML,450.3214,11495,6.47,6.19,6.53,GUDCA,,#N/A
P4_G11_BHI_50MeOH.mzML,450.3214,0,6.19,6.19,6.53,GUDCA,,#N/A
P4_G12_BHI_50DMSO_25MeOH.mzML,450.3214,12159,6.52,6.19,6.53,GUDCA,,#N/A
P4_H1_TLCA_ctrl_0h.mzML,450.3214,2891,6.46,6.19,6.53,GUDCA,,#N/A
P4_H2_TDCA_ctrl_0h.mzML,450.3214,1343,6.44,6.19,6.53,GUDCA,,#N/A
P4_H3_TCDCA_ctrl_0h.mzML,450.3214,0,6.19,6.19,6.53,GUDCA,,#N/A
P4_H4_TUDCA_ctrl_0h.mzML,450.3214,1475,6.5,6.19,6.53,GUDCA,,#N/A
P4_H5_TCA_ctrl_0h.mzML,450.3214,0,6.19,6.19,6.53,GUDCA,,#N/A
P4_H6_GLCA_ctrl_0h.mzML,450.3214,411921,6.32,6.19,6.53,GUDCA,,#N/A
P4_H7_GDCA_ctrl_0h.mzML,450.3214,66189,6.3,6.19,6.53,GUDCA,,#N/A
P4_H8_GCDCA_ctrl_0h.mzML,450.3214,71736,6.29,6.19,6.53,GUDCA,,#N/A
P4_H9_GUDCA_ctrl_0h.mzML,450.3214,1003559296,6.3,6.19,6.53,GUDCA,,#N/A
P4_H10_GCA_ctrl_0h.mzML,450.3214,12659,6.5,6.19,6.53,GUDCA,,#N/A
P4_H11_BHI_50MeOH.mzML,450.3214,1171,6.44,6.19,6.53,GUDCA,,#N/A
P4_H12_BHI_50DMSO_25MeOH.mzML,450.3214,535,6.44,6.19,6.53,GUDCA,,#N/A
P7_A1_TLCA_Dny_BSH1_0h.mzML,450.3214,0,6.19,6.19,6.53,GUDCA,,#N/A
P7_A2_TDCA_Dny_BSH1_0h.mzML,450.3214,0,6.19,6.19,6.53,GUDCA,,#N/A
P7_A3_TCDCA_Dny_BSH1_0h.mzML,450.3214,0,6.19,6.19,6.53,GUDCA,,#N/A
P7_A4_TUDCA_Dny_BSH1_0h.mzML,450.3214,23142,6.4,6.19,6.53,GUDCA,,#N/A
P7_A5_TCA_Dny_BSH1_0h.mzML,450.3214,0,6.19,6.19,6.53,GUDCA,,#N/A
P7_A6_GLCA_Dny_BSH1_0h.mzML,450.3214,252549,6.41,6.19,6.53,GUDCA,,#N/A
P7_A7_GDCA_Dny_BSH1_0h.mzML,450.3214,103553,6.37,6.19,6.53,GUDCA,,#N/A
P7_A8_GCDCA_Dny_BSH1_0h.mzML,450.3214,627927,6.38,6.19,6.53,GUDCA,,#N/A
P7_A9_GUDCA_Dny_BSH1_0h.mzML,450.3214,1669546880,6.37,6.19,6.53,GUDCA,,#N/A
P7_A10_GCA_Dny_BSH1_0h.mzML,450.3214,189113,6.34,6.19,6.53,GUDCA,,#N/A
P7_A11_BHI_50MeOH.mzML,450.3214,251,6.19,6.19,6.53,GUDCA,,#N/A
P7_A12_BHI_50DMSO_25MeOH.mzML,450.3214,0,6.19,6.19,6.53,GUDCA,,#N/A
P7_B1_TLCA_Dny_BSH2_0h.mzML,450.3214,994,6.41,6.19,6.53,GUDCA,,#N/A
P7_B2_TDCA_Dny_BSH2_0h.mzML,450.3214,719,6.37,6.19,6.53,GUDCA,,#N/A
P7_B3_TCDCA_Dny_BSH2_0h.mzML,450.3214,181934,6.36,6.19,6.53,GUDCA,,#N/A
P7_B4_TUDCA_Dny_BSH2_0h.mzML,450.3214,1525,6.51,6.19,6.53,GUDCA,,#N/A
P7_B5_TCA_Dny_BSH2_0h.mzML,450.3214,0,6.19,6.19,6.53,GUDCA,,#N/A
P7_B6_GLCA_Dny_BSH2_0h.mzML,450.3214,404900,6.38,6.19,6.53,GUDCA,,#N/A
P7_B7_GDCA_Dny_BSH2_0h.mzML,450.3214,147401,6.36,6.19,6.53,GUDCA,,#N/A
P7_B8_GCDCA_Dny_BSH2_0h.mzML,450.3214,154394,6.32,6.19,6.53,GUDCA,,#N/A
P7_B9_GUDCA_Dny_BSH2_0h.mzML,450.3214,1144513920,6.36,6.19,6.53,GUDCA,,#N/A
P7_B10_GCA_Dny_BSH2_0h.mzML,450.3214,14987000,6.35,6.19,6.53,GUDCA,,#N/A
P7_B11_BHI_50MeOH.mzML,450.3214,11188,6.36,6.19,6.53,GUDCA,,#N/A
P7_B12_BHI_50DMSO_25MeOH.mzML,450.3214,3256,6.37,6.19,6.53,GUDCA,,#N/A
P7_C1_TLCA_Lgasseri_BSH_0h.mzML,450.3214,2102,6.4,6.19,6.53,GUDCA,,#N/A
P7_C2_TDCA_Lgasseri_BSH_0h.mzML,450.3214,5697,6.33,6.19,6.53,GUDCA,,#N/A
P7_C3_TCDCA_Lgasseri_BSH_0h.mzML,450.3214,901937,6.37,6.19,6.53,GUDCA,,#N/A
P7_C4_TUDCA_Lgasseri_BSH_0h.mzML,450.3214,257,6.19,6.19,6.53,GUDCA,,#N/A
P7_C5_TCA_Lgasseri_BSH_0h.mzML,450.3214,0,6.19,6.19,6.53,GUDCA,,#N/A
P7_C6_GLCA_Lgasseri_BSH_0h.mzML,450.3214,943329,6.38,6.19,6.53,GUDCA,,#N/A
P7_C7_GDCA_Lgasseri_BSH_0h.mzML,450.3214,530415,6.34,6.19,6.53,GUDCA,,#N/A
P7_C8_GCDCA_Lgasseri_BSH_0h.mzML,450.3214,2145016,6.34,6.19,6.53,GUDCA,,#N/A
P7_C9_GUDCA_Lgasseri_BSH_0h.mzML,450.3214,176091920,6.34,6.19,6.53,GUDCA,,#N/A
P7_C10_GCA_Lgasseri_BSH_0h.mzML,450.3214,1031086,6.36,6.19,6.53,GUDCA,,#N/A
P7_C11_BHI_50MeOH.mzML,450.3214,19341,6.34,6.19,6.53,GUDCA,,#N/A
P7_C12_BHI_50DMSO_25MeOH.mzML,450.3214,36279,6.36,6.19,6.53,GUDCA,,#N/A
P7_D1_TLCA_LCAG-95_BSH1208_0h.mzML,450.3214,0,6.19,6.19,6.53,GUDCA,,#N/A
P7_D2_TDCA_LCAG-95_BSH1208_0h.mzML,450.3214,0,6.19,6.19,6.53,GUDCA,,#N/A
P7_D3_TCDCA_LCAG-95_BSH1208_0h.mzML,450.3214,0,6.19,6.19,6.53,GUDCA,,#N/A
P7_D4_TUDCA_LCAG-95_BSH1208_0h.mzML,450.3214,42761,6.35,6.19,6.53,GUDCA,,#N/A
P7_D5_TCA_LCAG-95_BSH1208_0h.mzML,450.3214,0,6.19,6.19,6.53,GUDCA,,#N/A
P7_D6_GLCA_LCAG-95_BSH1208_0h.mzML,450.3214,325671,6.38,6.19,6.53,GUDCA,,#N/A
P7_D7_GDCA_LCAG-95_BSH1208_0h.mzML,450.3214,55124,6.34,6.19,6.53,GUDCA,,#N/A
P7_D8_GCDCA_LCAG-95_BSH1208_0h.mzML,450.3214,404570,6.34,6.19,6.53,GUDCA,,#N/A
P7_D9_GUDCA_LCAG-95_BSH1208_0h.mzML,450.3214,345442304,6.33,6.19,6.53,GUDCA,,#N/A
P7_D10_GCA_LCAG-95_BSH1208_0h.mzML,450.3214,580870,6.37,6.19,6.53,GUDCA,,#N/A
P7_D11_BHI_50MeOH.mzML,450.3214,997,6.46,6.19,6.53,GUDCA,,#N/A
P7_D12_BHI_50DMSO_25MeOH.mzML,450.3214,38510,6.37,6.19,6.53,GUDCA,,#N/A
P7_E1_TLCA_Ep_BSH101_0h.mzML,450.3214,0,6.19,6.19,6.53,GUDCA,,#N/A
P7_E2_TDCA_Ep_BSH101_0h.mzML,450.3214,0,6.19,6.19,6.53,GUDCA,,#N/A
P7_E3_TCDCA_Ep_BSH101_0h.mzML,450.3214,0,6.19,6.19,6.53,GUDCA,,#N/A
P7_E4_TUDCA_Ep_BSH101_0h.mzML,450.3214,0,6.19,6.19,6.53,GUDCA,,#N/A
P7_E5_TCA_Ep_BSH101_0h.mzML,450.3214,0,6.19,6.19,6.53,GUDCA,,#N/A
P7_E6_GLCA_Ep_BSH101_0h.mzML,450.3214,256762,6.38,6.19,6.53,GUDCA,,#N/A
P7_E7_GDCA_Ep_BSH101_0h.mzML,450.3214,142466,6.34,6.19,6.53,GUDCA,,#N/A
P7_E8_GCDCA_Ep_BSH101_0h.mzML,450.3214,425765,6.35,6.19,6.53,GUDCA,,#N/A
P7_E9_GUDCA_Ep_BSH101_0h.mzML,450.3214,889431360,6.32,6.19,6.53,GUDCA,,#N/A
P7_E10_GCA_Ep_BSH101_0h.mzML,450.3214,1663262,6.34,6.19,6.53,GUDCA,,#N/A
P7_E11_BHI_50MeOH.mzML,450.3214,109173,6.35,6.19,6.53,GUDCA,,#N/A
P7_E12_BHI_50DMSO_25MeOH.mzML,450.3214,930,6.47,6.19,6.53,GUDCA,,#N/A
P7_F1_TLCA_AZ-52_0h.mzML,450.3214,951,6.5,6.19,6.53,GUDCA,,#N/A
P7_F2_TDCA_AZ-52_0h.mzML,450.3214,0,6.19,6.19,6.53,GUDCA,,#N/A
P7_F3_TCDCA_AZ-52_0h.mzML,450.3214,404,6.51,6.19,6.53,GUDCA,,#N/A
P7_F4_TUDCA_AZ-52_0h.mzML,450.3214,584,6.32,6.19,6.53,GUDCA,,#N/A
P7_F5_TCA_AZ-52_0h.mzML,450.3214,5270,6.36,6.19,6.53,GUDCA,,#N/A
P7_F6_GLCA_AZ-52_0h.mzML,450.3214,313497,6.36,6.19,6.53,GUDCA,,#N/A
P7_F7_GDCA_AZ-52_0h.mzML,450.3214,270997,6.35,6.19,6.53,GUDCA,,#N/A
P7_F8_GCDCA_AZ-52_0h.mzML,450.3214,4911222,6.33,6.19,6.53,GUDCA,,#N/A
P7_F9_GUDCA_AZ-52_0h.mzML,450.3214,1170424192,6.32,6.19,6.53,GUDCA,,#N/A
P7_F10_GCA_AZ-52_0h.mzML,450.3214,82039,6.33,6.19,6.53,GUDCA,,#N/A
P7_F11_BHI_50MeOH.mzML,450.3214,0,6.19,6.19,6.53,GUDCA,,#N/A
P7_F12_BHI_50DMSO_25MeOH.mzML,450.3214,0,6.19,6.19,6.53,GUDCA,,#N/A
P7_G1_TLCA_EcAZ-1-cat_0h.mzML,450.3214,0,6.19,6.19,6.53,GUDCA,,#N/A
P7_G2_TDCA_EcAZ-1-cat_0h.mzML,450.3214,0,6.19,6.19,6.53,GUDCA,,#N/A
P7_G3_TCDCA_EcAZ-1-cat_0h.mzML,450.3214,0,6.19,6.19,6.53,GUDCA,,#N/A
P7_G4_TUDCA_EcAZ-1-cat_0h.mzML,450.3214,0,6.19,6.19,6.53,GUDCA,,#N/A
P7_G5_TCA_EcAZ-1-cat_0h.mzML,450.3214,0,6.19,6.19,6.53,GUDCA,,#N/A
P7_G6_GLCA_EcAZ-1-cat_0h.mzML,450.3214,398681,6.38,6.19,6.53,GUDCA,,#N/A
P7_G7_GDCA_EcAZ-1-cat_0h.mzML,450.3214,23043,6.32,6.19,6.53,GUDCA,,#N/A
P7_G8_GCDCA_EcAZ-1-cat_0h.mzML,450.3214,163318,6.35,6.19,6.53,GUDCA,,#N/A
P7_G9_GUDCA_EcAZ-1-cat_0h.mzML,450.3214,613663680,6.33,6.19,6.53,GUDCA,,#N/A
P7_G10_GCA_EcAZ-1-cat_0h.mzML,450.3214,458268,6.33,6.19,6.53,GUDCA,,#N/A
P7_G11_BHI_50MeOH.mzML,450.3214,0,6.19,6.19,6.53,GUDCA,,#N/A
P7_G12_BHI_50DMSO_25MeOH.mzML,450.3214,0,6.19,6.19,6.53,GUDCA,,#N/A
P7_H1_TLCA_ctrl_0h.mzML,450.3214,0,6.19,6.19,6.53,GUDCA,,#N/A
P7_H2_TDCA_ctrl_0h.mzML,450.3214,0,6.19,6.19,6.53,GUDCA,,#N/A
P7_H3_TCDCA_ctrl_0h.mzML,450.3214,0,6.19,6.19,6.53,GUDCA,,#N/A
P7_H4_TUDCA_ctrl_0h.mzML,450.3214,0,6.19,6.19,6.53,GUDCA,,#N/A
P7_H5_TCA_ctrl_0h.mzML,450.3214,0,6.19,6.19,6.53,GUDCA,,#N/A
P7_H6_GLCA_ctrl_0h.mzML,450.3214,288137,6.36,6.19,6.53,GUDCA,,#N/A
P7_H7_GDCA_ctrl_0h.mzML,450.3214,44437,6.35,6.19,6.53,GUDCA,,#N/A
P7_H8_GCDCA_ctrl_0h.mzML,450.3214,124835,6.33,6.19,6.53,GUDCA,,#N/A
P7_H9_GUDCA_ctrl_0h.mzML,450.3214,829438144,6.3,6.19,6.53,GUDCA,,#N/A
P7_H10_GCA_ctrl_0h.mzML,450.3214,45357,6.3,6.19,6.53,GUDCA,,#N/A
P7_H11_BHI_50MeOH.mzML,450.3214,0,6.19,6.19,6.53,GUDCA,,#N/A
P7_H12_BHI_50DMSO_25MeOH.mzML,450.3214,0,6.19,6.19,6.53,GUDCA,,#N/A
TCA_std.mzML,450.3214,0,6.19,6.19,6.53,GUDCA,,#N/A
TCDCA_std.mzML,450.3214,0,6.19,6.19,6.53,GUDCA,,#N/A
TDCA_std.mzML,450.3214,0,6.19,6.19,6.53,GUDCA,,#N/A
TLCA_std.mzML,450.3214,0,6.19,6.19,6.53,GUDCA,,#N/A
TUDCA_std.mzML,450.3214,0,6.19,6.19,6.53,GUDCA,,#N/A
UDCA_aminoacids.mzML,450.3214,2793,6.23,6.19,6.53,GUDCA,,#N/A
CA_aminoacids.mzML,516.299,0,4.79,4.79,5.18,TCAA,,#N/A
CA_DCA_LCA_aminoacids.mzML,516.299,0,4.79,4.79,5.18,TCAA,,#N/A
CDCA_aminoacids.mzML,516.299,0,4.79,4.79,5.18,TCAA,,#N/A
DCA_aminoacids.mzML,516.299,0,4.79,4.79,5.18,TCAA,,#N/A
DCA_aminoacids_2.mzML,516.299,1321,4.96,4.79,5.18,TCAA,,#N/A
GCA_std.mzML,516.299,0,4.79,4.79,5.18,TCAA,,#N/A
GCDCA_std.mzML,516.299,0,4.79,4.79,5.18,TCAA,,#N/A
GDCA_std.mzML,516.299,0,4.79,4.79,5.18,TCAA,,#N/A
GLCA_std.mzML,516.299,0,4.79,4.79,5.18,TCAA,,#N/A
GUDCA_std.mzML,516.299,0,4.79,4.79,5.18,TCAA,,#N/A
P4_A1_TLCA_Dny_BSH1_0h.mzML,516.299,0,4.79,4.79,5.18,TCAA,,#N/A
P4_A2_TDCA_Dny_BSH1_0h.mzML,516.299,24819,5.1,4.79,5.18,TCAA,,#N/A
P4_A3_TCDCA_Dny_BSH1_0h.mzML,516.299,0,4.79,4.79,5.18,TCAA,,#N/A
P4_A4_TUDCA_Dny_BSH1_0h.mzML,516.299,0,4.79,4.79,5.18,TCAA,,#N/A
P4_A5_TCA_Dny_BSH1_0h.mzML,516.299,63788144,4.9,4.79,5.18,TCAA,,#N/A
P4_A6_GLCA_Dny_BSH1_0h.mzML,516.299,0,4.79,4.79,5.18,TCAA,,#N/A
P4_A7_GDCA_Dny_BSH1_0h.mzML,516.299,0,4.79,4.79,5.18,TCAA,,#N/A
P4_A8_GCDCA_Dny_BSH1_0h.mzML,516.299,0,4.79,4.79,5.18,TCAA,,#N/A
P4_A9_GUDCA_Dny_BSH1_0h.mzML,516.299,0,4.79,4.79,5.18,TCAA,,#N/A
P4_A10_GCA_Dny_BSH1_0h.mzML,516.299,0,4.79,4.79,5.18,TCAA,,#N/A
P4_A11_BHI_50MeOH.mzML,516.299,0,4.79,4.79,5.18,TCAA,,#N/A
P4_A12_BHI_50DMSO_25MeOH.mzML,516.299,0,4.79,4.79,5.18,TCAA,,#N/A
P4_B1_TLCA_Dny_BSH2_0h.mzML,516.299,0,4.79,4.79,5.18,TCAA,,#N/A
P4_B2_TDCA_Dny_BSH2_0h.mzML,516.299,33556,5.17,4.79,5.18,TCAA,,#N/A
P4_B3_TCDCA_Dny_BSH2_0h.mzML,516.299,0,4.79,4.79,5.18,TCAA,,#N/A
P4_B4_TUDCA_Dny_BSH2_0h.mzML,516.299,0,4.79,4.79,5.18,TCAA,,#N/A
P4_B5_TCA_Dny_BSH2_0h.mzML,516.299,99288544,4.93,4.79,5.18,TCAA,,#N/A
P4_B6_GLCA_Dny_BSH2_0h.mzML,516.299,0,4.79,4.79,5.18,TCAA,,#N/A
P4_B7_GDCA_Dny_BSH2_0h.mzML,516.299,0,4.79,4.79,5.18,TCAA,,#N/A
P4_B8_GCDCA_Dny_BSH2_0h.mzML,516.299,0,4.79,4.79,5.18,TCAA,,#N/A
P4_B9_GUDCA_Dny_BSH2_0h.mzML,516.299,0,4.79,4.79,5.18,TCAA,,#N/A
P4_B10_GCA_Dny_BSH2_0h.mzML,516.299,0,4.79,4.79,5.18,TCAA,,#N/A
P4_B11_BHI_50MeOH.mzML,516.299,0,4.79,4.79,5.18,TCAA,,#N/A
P4_B12_BHI_50DMSO_25MeOH.mzML,516.299,0,4.79,4.79,5.18,TCAA,,#N/A
P4_C1_TLCA_Lgasseri_BSH_0h.mzML,516.299,0,4.79,4.79,5.18,TCAA,,#N/A
P4_C2_TDCA_Lgasseri_BSH_0h.mzML,516.299,0,4.79,4.79,5.18,TCAA,,#N/A
P4_C3_TCDCA_Lgasseri_BSH_0h.mzML,516.299,0,4.79,4.79,5.18,TCAA,,#N/A
P4_C4_TUDCA_Lgasseri_BSH_0h.mzML,516.299,0,4.79,4.79,5.18,TCAA,,#N/A
P4_C5_TCA_Lgasseri_BSH_0h.mzML,516.299,10129781,4.94,4.79,5.18,TCAA,,#N/A
P4_C6_GLCA_Lgasseri_BSH_0h.mzML,516.299,3050,4.85,4.79,5.18,TCAA,,#N/A
P4_C7_GDCA_Lgasseri_BSH_0h.mzML,516.299,0,4.79,4.79,5.18,TCAA,,#N/A
P4_C8_GCDCA_Lgasseri_BSH_0h.mzML,516.299,0,4.79,4.79,5.18,TCAA,,#N/A
P4_C9_GUDCA_Lgasseri_BSH_0h.mzML,516.299,0,4.79,4.79,5.18,TCAA,,#N/A
P4_C10_GCA_Lgasseri_BSH_0h.mzML,516.299,0,4.79,4.79,5.18,TCAA,,#N/A
P4_C11_BHI_50MeOH.mzML,516.299,0,4.79,4.79,5.18,TCAA,,#N/A
P4_C12_BHI_50DMSO_25MeOH.mzML,516.299,0,4.79,4.79,5.18,TCAA,,#N/A
P4_D1_TLCA_LCAG-95_BSH1208_0h.mzML,516.299,0,4.79,4.79,5.18,TCAA,,#N/A
P4_D2_TDCA_LCAG-95_BSH1208_0h.mzML,516.299,22976,4.96,4.79,5.18,TCAA,,#N/A
P4_D3_TCDCA_LCAG-95_BSH1208_0h.mzML,516.299,8305,5.18,4.79,5.18,TCAA,,#N/A
P4_D4_TUDCA_LCAG-95_BSH1208_0h.mzML,516.299,0,4.79,4.79,5.18,TCAA,,#N/A
P4_D5_TCA_LCAG-95_BSH1208_0h.mzML,516.299,91777056,4.95,4.79,5.18,TCAA,,#N/A
P4_D6_GLCA_LCAG-95_BSH1208_0h.mzML,516.299,0,4.79,4.79,5.18,TCAA,,#N/A
P4_D7_GDCA_LCAG-95_BSH1208_0h.mzML,516.299,1260,4.82,4.79,5.18,TCAA,,#N/A
P4_D8_GCDCA_LCAG-95_BSH1208_0h.mzML,516.299,1379,4.8,4.79,5.18,TCAA,,#N/A
P4_D9_GUDCA_LCAG-95_BSH1208_0h.mzML,516.299,0,4.79,4.79,5.18,TCAA,,#N/A
P4_D10_GCA_LCAG-95_BSH1208_0h.mzML,516.299,0,4.79,4.79,5.18,TCAA,,#N/A
P4_D11_BHI_50MeOH.mzML,516.299,0,4.79,4.79,5.18,TCAA,,#N/A
P4_D12_BHI_50DMSO_25MeOH.mzML,516.299,0,4.79,4.79,5.18,TCAA,,#N/A
P4_E1_TLCA_Ep_BSH101_0h.mzML,516.299,0,4.79,4.79,5.18,TCAA,,#N/A
P4_E2_TDCA_Ep_BSH101_0h.mzML,516.299,7942,5.01,4.79,5.18,TCAA,,#N/A
P4_E3_TCDCA_Ep_BSH101_0h.mzML,516.299,0,4.79,4.79,5.18,TCAA,,#N/A
P4_E4_TUDCA_Ep_BSH101_0h.mzML,516.299,0,4.79,4.79,5.18,TCAA,,#N/A
P4_E5_TCA_Ep_BSH101_0h.mzML,516.299,70562304,4.95,4.79,5.18,TCAA,,#N/A
P4_E6_GLCA_Ep_BSH101_0h.mzML,516.299,0,4.79,4.79,5.18,TCAA,,#N/A
P4_E7_GDCA_Ep_BSH101_0h.mzML,516.299,0,4.79,4.79,5.18,TCAA,,#N/A
P4_E8_GCDCA_Ep_BSH101_0h.mzML,516.299,0,4.79,4.79,5.18,TCAA,,#N/A
P4_E9_GUDCA_Ep_BSH101_0h.mzML,516.299,0,4.79,4.79,5.18,TCAA,,#N/A
P4_E10_GCA_Ep_BSH101_0h.mzML,516.299,0,4.79,4.79,5.18,TCAA,,#N/A
P4_E11_BHI_50MeOH.mzML,516.299,1685,4.85,4.79,5.18,TCAA,,#N/A
P4_E12_BHI_50DMSO_25MeOH.mzML,516.299,0,4.79,4.79,5.18,TCAA,,#N/A
P4_F1_TLCA_AZ-52_0h.mzML,516.299,18393,5.09,4.79,5.18,TCAA,,#N/A
P4_F2_TDCA_AZ-52_0h.mzML,516.299,24297,4.96,4.79,5.18,TCAA,,#N/A
P4_F3_TCDCA_AZ-52_0h.mzML,516.299,0,4.79,4.79,5.18,TCAA,,#N/A
P4_F4_TUDCA_AZ-52_0h.mzML,516.299,0,4.79,4.79,5.18,TCAA,,#N/A
P4_F5_TCA_AZ-52_0h.mzML,516.299,33036060,4.99,4.79,5.18,TCAA,,#N/A
P4_F6_GLCA_AZ-52_0h.mzML,516.299,0,4.79,4.79,5.18,TCAA,,#N/A
P4_F7_GDCA_AZ-52_0h.mzML,516.299,0,4.79,4.79,5.18,TCAA,,#N/A
P4_F8_GCDCA_AZ-52_0h.mzML,516.299,0,4.79,4.79,5.18,TCAA,,#N/A
P4_F9_GUDCA_AZ-52_0h.mzML,516.299,0,4.79,4.79,5.18,TCAA,,#N/A
P4_F10_GCA_AZ-52_0h.mzML,516.299,1183,4.85,4.79,5.18,TCAA,,#N/A
P4_F11_BHI_50MeOH.mzML,516.299,0,4.79,4.79,5.18,TCAA,,#N/A
P4_F12_BHI_50DMSO_25MeOH.mzML,516.299,0,4.79,4.79,5.18,TCAA,,#N/A
P4_G1_TLCA_EcAZ-1-cat_0h.mzML,516.299,0,4.79,4.79,5.18,TCAA,,#N/A
P4_G2_TDCA_EcAZ-1-cat_0h.mzML,516.299,5583,4.99,4.79,5.18,TCAA,,#N/A
P4_G3_TCDCA_EcAZ-1-cat_0h.mzML,516.299,1173,4.89,4.79,5.18,TCAA,,#N/A
P4_G4_TUDCA_EcAZ-1-cat_0h.mzML,516.299,0,4.79,4.79,5.18,TCAA,,#N/A
P4_G5_TCA_EcAZ-1-cat_0h.mzML,516.299,46431124,5.02,4.79,5.18,TCAA,,#N/A
P4_G6_GLCA_EcAZ-1-cat_0h.mzML,516.299,0,4.79,4.79,5.18,TCAA,,#N/A
P4_G7_GDCA_EcAZ-1-cat_0h.mzML,516.299,0,4.79,4.79,5.18,TCAA,,#N/A
P4_G8_GCDCA_EcAZ-1-cat_0h.mzML,516.299,0,4.79,4.79,5.18,TCAA,,#N/A
P4_G9_GUDCA_EcAZ-1-cat_0h.mzML,516.299,0,4.79,4.79,5.18,TCAA,,#N/A
P4_G10_GCA_EcAZ-1-cat_0h.mzML,516.299,1392,4.9,4.79,5.18,TCAA,,#N/A
P4_G11_BHI_50MeOH.mzML,516.299,0,4.79,4.79,5.18,TCAA,,#N/A
P4_G12_BHI_50DMSO_25MeOH.mzML,516.299,1160,4.86,4.79,5.18,TCAA,,#N/A
P4_H1_TLCA_ctrl_0h.mzML,516.299,0,4.79,4.79,5.18,TCAA,,#N/A
P4_H2_TDCA_ctrl_0h.mzML,516.299,0,4.79,4.79,5.18,TCAA,,#N/A
P4_H3_TCDCA_ctrl_0h.mzML,516.299,6960,5.18,4.79,5.18,TCAA,,#N/A
P4_H4_TUDCA_ctrl_0h.mzML,516.299,0,4.79,4.79,5.18,TCAA,,#N/A
P4_H5_TCA_ctrl_0h.mzML,516.299,93242984,4.93,4.79,5.18,TCAA,,#N/A
P4_H6_GLCA_ctrl_0h.mzML,516.299,0,4.79,4.79,5.18,TCAA,,#N/A
P4_H7_GDCA_ctrl_0h.mzML,516.299,0,4.79,4.79,5.18,TCAA,,#N/A
P4_H8_GCDCA_ctrl_0h.mzML,516.299,0,4.79,4.79,5.18,TCAA,,#N/A
P4_H9_GUDCA_ctrl_0h.mzML,516.299,1573,4.87,4.79,5.18,TCAA,,#N/A
P4_H10_GCA_ctrl_0h.mzML,516.299,2782,4.79,4.79,5.18,TCAA,,#N/A
P4_H11_BHI_50MeOH.mzML,516.299,0,4.79,4.79,5.18,TCAA,,#N/A
P4_H12_BHI_50DMSO_25MeOH.mzML,516.299,0,4.79,4.79,5.18,TCAA,,#N/A
P7_A1_TLCA_Dny_BSH1_0h.mzML,516.299,0,4.79,4.79,5.18,TCAA,,#N/A
P7_A2_TDCA_Dny_BSH1_0h.mzML,516.299,14897,5.05,4.79,5.18,TCAA,,#N/A
P7_A3_TCDCA_Dny_BSH1_0h.mzML,516.299,0,4.79,4.79,5.18,TCAA,,#N/A
P7_A4_TUDCA_Dny_BSH1_0h.mzML,516.299,0,4.79,4.79,5.18,TCAA,,#N/A
P7_A5_TCA_Dny_BSH1_0h.mzML,516.299,88986352,5,4.79,5.18,TCAA,,#N/A
P7_A6_GLCA_Dny_BSH1_0h.mzML,516.299,0,4.79,4.79,5.18,TCAA,,#N/A
P7_A7_GDCA_Dny_BSH1_0h.mzML,516.299,0,4.79,4.79,5.18,TCAA,,#N/A
P7_A8_GCDCA_Dny_BSH1_0h.mzML,516.299,0,4.79,4.79,5.18,TCAA,,#N/A
P7_A9_GUDCA_Dny_BSH1_0h.mzML,516.299,6726,4.81,4.79,5.18,TCAA,,#N/A
P7_A10_GCA_Dny_BSH1_0h.mzML,516.299,1712,4.8,4.79,5.18,TCAA,,#N/A
P7_A11_BHI_50MeOH.mzML,516.299,0,4.79,4.79,5.18,TCAA,,#N/A
P7_A12_BHI_50DMSO_25MeOH.mzML,516.299,0,4.79,4.79,5.18,TCAA,,#N/A
P7_B1_TLCA_Dny_BSH2_0h.mzML,516.299,0,4.79,4.79,5.18,TCAA,,#N/A
P7_B2_TDCA_Dny_BSH2_0h.mzML,516.299,4208,5.08,4.79,5.18,TCAA,,#N/A
P7_B3_TCDCA_Dny_BSH2_0h.mzML,516.299,0,4.79,4.79,5.18,TCAA,,#N/A
P7_B4_TUDCA_Dny_BSH2_0h.mzML,516.299,0,4.79,4.79,5.18,TCAA,,#N/A
P7_B5_TCA_Dny_BSH2_0h.mzML,516.299,75690280,5,4.79,5.18,TCAA,,#N/A
P7_B6_GLCA_Dny_BSH2_0h.mzML,516.299,0,4.79,4.79,5.18,TCAA,,#N/A
P7_B7_GDCA_Dny_BSH2_0h.mzML,516.299,0,4.79,4.79,5.18,TCAA,,#N/A
P7_B8_GCDCA_Dny_BSH2_0h.mzML,516.299,0,4.79,4.79,5.18,TCAA,,#N/A
P7_B9_GUDCA_Dny_BSH2_0h.mzML,516.299,0,4.79,4.79,5.18,TCAA,,#N/A
P7_B10_GCA_Dny_BSH2_0h.mzML,516.299,0,4.79,4.79,5.18,TCAA,,#N/A
P7_B11_BHI_50MeOH.mzML,516.299,0,4.79,4.79,5.18,TCAA,,#N/A
P7_B12_BHI_50DMSO_25MeOH.mzML,516.299,0,4.79,4.79,5.18,TCAA,,#N/A
P7_C1_TLCA_Lgasseri_BSH_0h.mzML,516.299,929,4.89,4.79,5.18,TCAA,,#N/A
P7_C2_TDCA_Lgasseri_BSH_0h.mzML,516.299,0,4.79,4.79,5.18,TCAA,,#N/A
P7_C3_TCDCA_Lgasseri_BSH_0h.mzML,516.299,0,4.79,4.79,5.18,TCAA,,#N/A
P7_C4_TUDCA_Lgasseri_BSH_0h.mzML,516.299,0,4.79,4.79,5.18,TCAA,,#N/A
P7_C5_TCA_Lgasseri_BSH_0h.mzML,516.299,60933856,4.98,4.79,5.18,TCAA,,#N/A
P7_C6_GLCA_Lgasseri_BSH_0h.mzML,516.299,0,4.79,4.79,5.18,TCAA,,#N/A
P7_C7_GDCA_Lgasseri_BSH_0h.mzML,516.299,1649,4.8,4.79,5.18,TCAA,,#N/A
P7_C8_GCDCA_Lgasseri_BSH_0h.mzML,516.299,0,4.79,4.79,5.18,TCAA,,#N/A
P7_C9_GUDCA_Lgasseri_BSH_0h.mzML,516.299,0,4.79,4.79,5.18,TCAA,,#N/A
P7_C10_GCA_Lgasseri_BSH_0h.mzML,516.299,0,4.79,4.79,5.18,TCAA,,#N/A
P7_C11_BHI_50MeOH.mzML,516.299,0,4.79,4.79,5.18,TCAA,,#N/A
P7_C12_BHI_50DMSO_25MeOH.mzML,516.299,0,4.79,4.79,5.18,TCAA,,#N/A
P7_D1_TLCA_LCAG-95_BSH1208_0h.mzML,516.299,0,4.79,4.79,5.18,TCAA,,#N/A
P7_D2_TDCA_LCAG-95_BSH1208_0h.mzML,516.299,64772,5.01,4.79,5.18,TCAA,,#N/A
P7_D3_TCDCA_LCAG-95_BSH1208_0h.mzML,516.299,0,4.79,4.79,5.18,TCAA,,#N/A
P7_D4_TUDCA_LCAG-95_BSH1208_0h.mzML,516.299,0,4.79,4.79,5.18,TCAA,,#N/A
P7_D5_TCA_LCAG-95_BSH1208_0h.mzML,516.299,77407536,4.99,4.79,5.18,TCAA,,#N/A
P7_D6_GLCA_LCAG-95_BSH1208_0h.mzML,516.299,104534,5.03,4.79,5.18,TCAA,,#N/A
P7_D7_GDCA_LCAG-95_BSH1208_0h.mzML,516.299,0,4.79,4.79,5.18,TCAA,,#N/A
P7_D8_GCDCA_LCAG-95_BSH1208_0h.mzML,516.299,0,4.79,4.79,5.18,TCAA,,#N/A
P7_D9_GUDCA_LCAG-95_BSH1208_0h.mzML,516.299,0,4.79,4.79,5.18,TCAA,,#N/A
P7_D10_GCA_LCAG-95_BSH1208_0h.mzML,516.299,0,4.79,4.79,5.18,TCAA,,#N/A
P7_D11_BHI_50MeOH.mzML,516.299,0,4.79,4.79,5.18,TCAA,,#N/A
P7_D12_BHI_50DMSO_25MeOH.mzML,516.299,0,4.79,4.79,5.18,TCAA,,#N/A
P7_E1_TLCA_Ep_BSH101_0h.mzML,516.299,0,4.79,4.79,5.18,TCAA,,#N/A
P7_E2_TDCA_Ep_BSH101_0h.mzML,516.299,24061,5.04,4.79,5.18,TCAA,,#N/A
P7_E3_TCDCA_Ep_BSH101_0h.mzML,516.299,0,4.79,4.79,5.18,TCAA,,#N/A
P7_E4_TUDCA_Ep_BSH101_0h.mzML,516.299,0,4.79,4.79,5.18,TCAA,,#N/A
P7_E5_TCA_Ep_BSH101_0h.mzML,516.299,87040696,4.98,4.79,5.18,TCAA,,#N/A
P7_E6_GLCA_Ep_BSH101_0h.mzML,516.299,1091060,5,4.79,5.18,TCAA,,#N/A
P7_E7_GDCA_Ep_BSH101_0h.mzML,516.299,0,4.79,4.79,5.18,TCAA,,#N/A
P7_E8_GCDCA_Ep_BSH101_0h.mzML,516.299,0,4.79,4.79,5.18,TCAA,,#N/A
P7_E9_GUDCA_Ep_BSH101_0h.mzML,516.299,0,4.79,4.79,5.18,TCAA,,#N/A
P7_E10_GCA_Ep_BSH101_0h.mzML,516.299,0,4.79,4.79,5.18,TCAA,,#N/A
P7_E11_BHI_50MeOH.mzML,516.299,0,4.79,4.79,5.18,TCAA,,#N/A
P7_E12_BHI_50DMSO_25MeOH.mzML,516.299,0,4.79,4.79,5.18,TCAA,,#N/A
P7_F1_TLCA_AZ-52_0h.mzML,516.299,0,4.79,4.79,5.18,TCAA,,#N/A
P7_F2_TDCA_AZ-52_0h.mzML,516.299,0,4.79,4.79,5.18,TCAA,,#N/A
P7_F3_TCDCA_AZ-52_0h.mzML,516.299,0,4.79,4.79,5.18,TCAA,,#N/A
P7_F4_TUDCA_AZ-52_0h.mzML,516.299,0,4.79,4.79,5.18,TCAA,,#N/A
P7_F5_TCA_AZ-52_0h.mzML,516.299,78793520,4.97,4.79,5.18,TCAA,,#N/A
P7_F6_GLCA_AZ-52_0h.mzML,516.299,0,4.79,4.79,5.18,TCAA,,#N/A
P7_F7_GDCA_AZ-52_0h.mzML,516.299,0,4.79,4.79,5.18,TCAA,,#N/A
P7_F8_GCDCA_AZ-52_0h.mzML,516.299,0,4.79,4.79,5.18,TCAA,,#N/A
P7_F9_GUDCA_AZ-52_0h.mzML,516.299,0,4.79,4.79,5.18,TCAA,,#N/A
P7_F10_GCA_AZ-52_0h.mzML,516.299,0,4.79,4.79,5.18,TCAA,,#N/A
P7_F11_BHI_50MeOH.mzML,516.299,1809,4.79,4.79,5.18,TCAA,,#N/A
P7_F12_BHI_50DMSO_25MeOH.mzML,516.299,0,4.79,4.79,5.18,TCAA,,#N/A
P7_G1_TLCA_EcAZ-1-cat_0h.mzML,516.299,0,4.79,4.79,5.18,TCAA,,#N/A
P7_G2_TDCA_EcAZ-1-cat_0h.mzML,516.299,44988,5.01,4.79,5.18,TCAA,,#N/A
P7_G3_TCDCA_EcAZ-1-cat_0h.mzML,516.299,0,4.79,4.79,5.18,TCAA,,#N/A
P7_G4_TUDCA_EcAZ-1-cat_0h.mzML,516.299,0,4.79,4.79,5.18,TCAA,,#N/A
P7_G5_TCA_EcAZ-1-cat_0h.mzML,516.299,73375408,4.97,4.79,5.18,TCAA,,#N/A
P7_G6_GLCA_EcAZ-1-cat_0h.mzML,516.299,0,4.79,4.79,5.18,TCAA,,#N/A
P7_G7_GDCA_EcAZ-1-cat_0h.mzML,516.299,0,4.79,4.79,5.18,TCAA,,#N/A
P7_G8_GCDCA_EcAZ-1-cat_0h.mzML,516.299,0,4.79,4.79,5.18,TCAA,,#N/A
P7_G9_GUDCA_EcAZ-1-cat_0h.mzML,516.299,0,4.79,4.79,5.18,TCAA,,#N/A
P7_G10_GCA_EcAZ-1-cat_0h.mzML,516.299,0,4.79,4.79,5.18,TCAA,,#N/A
P7_G11_BHI_50MeOH.mzML,516.299,0,4.79,4.79,5.18,TCAA,,#N/A
P7_G12_BHI_50DMSO_25MeOH.mzML,516.299,0,4.79,4.79,5.18,TCAA,,#N/A
P7_H1_TLCA_ctrl_0h.mzML,516.299,0,4.79,4.79,5.18,TCAA,,#N/A
P7_H2_TDCA_ctrl_0h.mzML,516.299,61170,4.98,4.79,5.18,TCAA,,#N/A
P7_H3_TCDCA_ctrl_0h.mzML,516.299,0,4.79,4.79,5.18,TCAA,,#N/A
P7_H4_TUDCA_ctrl_0h.mzML,516.299,0,4.79,4.79,5.18,TCAA,,#N/A
P7_H5_TCA_ctrl_0h.mzML,516.299,82394416,4.95,4.79,5.18,TCAA,,#N/A
P7_H6_GLCA_ctrl_0h.mzML,516.299,0,4.79,4.79,5.18,TCAA,,#N/A
P7_H7_GDCA_ctrl_0h.mzML,516.299,0,4.79,4.79,5.18,TCAA,,#N/A
P7_H8_GCDCA_ctrl_0h.mzML,516.299,0,4.79,4.79,5.18,TCAA,,#N/A
P7_H9_GUDCA_ctrl_0h.mzML,516.299,1089,4.88,4.79,5.18,TCAA,,#N/A
P7_H10_GCA_ctrl_0h.mzML,516.299,0,4.79,4.79,5.18,TCAA,,#N/A
P7_H11_BHI_50MeOH.mzML,516.299,0,4.79,4.79,5.18,TCAA,,#N/A
P7_H12_BHI_50DMSO_25MeOH.mzML,516.299,0,4.79,4.79,5.18,TCAA,,#N/A
TCA_std.mzML,516.299,178444,4.79,4.79,5.18,TCAA,,#N/A
TCDCA_std.mzML,516.299,16377,4.99,4.79,5.18,TCAA,,#N/A
TDCA_std.mzML,516.299,0,4.79,4.79,5.18,TCAA,,#N/A
TLCA_std.mzML,516.299,0,4.79,4.79,5.18,TCAA,,#N/A
TUDCA_std.mzML,516.299,0,4.79,4.79,5.18,TCAA,,#N/A
UDCA_aminoacids.mzML,516.299,6328,4.86,4.79,5.18,TCAA,,#N/A
CA_aminoacids.mzML,500.304,0,6.57,6.57,7.09,TCDCA,,#N/A
CA_DCA_LCA_aminoacids.mzML,500.304,15446,7.06,6.57,7.09,TCDCA,,#N/A
CDCA_aminoacids.mzML,500.304,0,6.57,6.57,7.09,TCDCA,,#N/A
DCA_aminoacids.mzML,500.304,908,6.82,6.57,7.09,TCDCA,,#N/A
DCA_aminoacids_2.mzML,500.304,523488,6.9,6.57,7.09,TCDCA,,#N/A
GCA_std.mzML,500.304,0,6.57,6.57,7.09,TCDCA,,#N/A
GCDCA_std.mzML,500.304,0,6.57,6.57,7.09,TCDCA,,#N/A
GDCA_std.mzML,500.304,0,6.57,6.57,7.09,TCDCA,,#N/A
GLCA_std.mzML,500.304,0,6.57,6.57,7.09,TCDCA,,#N/A
GUDCA_std.mzML,500.304,0,6.57,6.57,7.09,TCDCA,,#N/A
P4_A1_TLCA_Dny_BSH1_0h.mzML,500.304,144597,7.08,6.57,7.09,TCDCA,,#N/A
P4_A2_TDCA_Dny_BSH1_0h.mzML,500.304,235445312,7.02,6.57,7.09,TCDCA,,#N/A
P4_A3_TCDCA_Dny_BSH1_0h.mzML,500.304,144962592,6.65,6.57,7.09,TCDCA,,#N/A
P4_A4_TUDCA_Dny_BSH1_0h.mzML,500.304,294582,6.7,6.57,7.09,TCDCA,,#N/A
P4_A5_TCA_Dny_BSH1_0h.mzML,500.304,338387,7.05,6.57,7.09,TCDCA,,#N/A
P4_A6_GLCA_Dny_BSH1_0h.mzML,500.304,41032,7.06,6.57,7.09,TCDCA,,#N/A
P4_A7_GDCA_Dny_BSH1_0h.mzML,500.304,25986,7.06,6.57,7.09,TCDCA,,#N/A
P4_A8_GCDCA_Dny_BSH1_0h.mzML,500.304,0,6.57,6.57,7.09,TCDCA,,#N/A
P4_A9_GUDCA_Dny_BSH1_0h.mzML,500.304,0,6.57,6.57,7.09,TCDCA,,#N/A
P4_A10_GCA_Dny_BSH1_0h.mzML,500.304,1474,6.79,6.57,7.09,TCDCA,,#N/A
P4_A11_BHI_50MeOH.mzML,500.304,0,6.57,6.57,7.09,TCDCA,,#N/A
P4_A12_BHI_50DMSO_25MeOH.mzML,500.304,0,6.57,6.57,7.09,TCDCA,,#N/A
P4_B1_TLCA_Dny_BSH2_0h.mzML,500.304,230021,7.03,6.57,7.09,TCDCA,,#N/A
P4_B2_TDCA_Dny_BSH2_0h.mzML,500.304,424764576,7.01,6.57,7.09,TCDCA,,#N/A
P4_B3_TCDCA_Dny_BSH2_0h.mzML,500.304,154853680,6.62,6.57,7.09,TCDCA,,#N/A
P4_B4_TUDCA_Dny_BSH2_0h.mzML,500.304,784270,6.68,6.57,7.09,TCDCA,,#N/A
P4_B5_TCA_Dny_BSH2_0h.mzML,500.304,931657,7.06,6.57,7.09,TCDCA,,#N/A
P4_B6_GLCA_Dny_BSH2_0h.mzML,500.304,63865,7.01,6.57,7.09,TCDCA,,#N/A
P4_B7_GDCA_Dny_BSH2_0h.mzML,500.304,0,6.57,6.57,7.09,TCDCA,,#N/A
P4_B8_GCDCA_Dny_BSH2_0h.mzML,500.304,0,6.57,6.57,7.09,TCDCA,,#N/A
P4_B9_GUDCA_Dny_BSH2_0h.mzML,500.304,0,6.57,6.57,7.09,TCDCA,,#N/A
P4_B10_GCA_Dny_BSH2_0h.mzML,500.304,1078,7.08,6.57,7.09,TCDCA,,#N/A
P4_B11_BHI_50MeOH.mzML,500.304,1329,6.68,6.57,7.09,TCDCA,,#N/A
P4_B12_BHI_50DMSO_25MeOH.mzML,500.304,1545,7.05,6.57,7.09,TCDCA,,#N/A
P4_C1_TLCA_Lgasseri_BSH_0h.mzML,500.304,1184,7.08,6.57,7.09,TCDCA,,#N/A
P4_C2_TDCA_Lgasseri_BSH_0h.mzML,500.304,2444667,7.06,6.57,7.09,TCDCA,,#N/A
P4_C3_TCDCA_Lgasseri_BSH_0h.mzML,500.304,419935,6.68,6.57,7.09,TCDCA,,#N/A
P4_C4_TUDCA_Lgasseri_BSH_0h.mzML,500.304,0,6.57,6.57,7.09,TCDCA,,#N/A
P4_C5_TCA_Lgasseri_BSH_0h.mzML,500.304,0,6.57,6.57,7.09,TCDCA,,#N/A
P4_C6_GLCA_Lgasseri_BSH_0h.mzML,500.304,9248,7.03,6.57,7.09,TCDCA,,#N/A
P4_C7_GDCA_Lgasseri_BSH_0h.mzML,500.304,0,6.57,6.57,7.09,TCDCA,,#N/A
P4_C8_GCDCA_Lgasseri_BSH_0h.mzML,500.304,0,6.57,6.57,7.09,TCDCA,,#N/A
P4_C9_GUDCA_Lgasseri_BSH_0h.mzML,500.304,0,6.57,6.57,7.09,TCDCA,,#N/A
P4_C10_GCA_Lgasseri_BSH_0h.mzML,500.304,0,6.57,6.57,7.09,TCDCA,,#N/A
P4_C11_BHI_50MeOH.mzML,500.304,0,6.57,6.57,7.09,TCDCA,,#N/A
P4_C12_BHI_50DMSO_25MeOH.mzML,500.304,0,6.57,6.57,7.09,TCDCA,,#N/A
P4_D1_TLCA_LCAG-95_BSH1208_0h.mzML,500.304,13821,7.07,6.57,7.09,TCDCA,,#N/A
P4_D2_TDCA_LCAG-95_BSH1208_0h.mzML,500.304,460756160,7,6.57,7.09,TCDCA,,#N/A
P4_D3_TCDCA_LCAG-95_BSH1208_0h.mzML,500.304,104710784,6.65,6.57,7.09,TCDCA,,#N/A
P4_D4_TUDCA_LCAG-95_BSH1208_0h.mzML,500.304,829303,6.68,6.57,7.09,TCDCA,,#N/A
P4_D5_TCA_LCAG-95_BSH1208_0h.mzML,500.304,579148,7.08,6.57,7.09,TCDCA,,#N/A
P4_D6_GLCA_LCAG-95_BSH1208_0h.mzML,500.304,41651,7.07,6.57,7.09,TCDCA,,#N/A
P4_D7_GDCA_LCAG-95_BSH1208_0h.mzML,500.304,0,6.57,6.57,7.09,TCDCA,,#N/A
P4_D8_GCDCA_LCAG-95_BSH1208_0h.mzML,500.304,0,6.57,6.57,7.09,TCDCA,,#N/A
P4_D9_GUDCA_LCAG-95_BSH1208_0h.mzML,500.304,0,6.57,6.57,7.09,TCDCA,,#N/A
P4_D10_GCA_LCAG-95_BSH1208_0h.mzML,500.304,0,6.57,6.57,7.09,TCDCA,,#N/A
P4_D11_BHI_50MeOH.mzML,500.304,0,6.57,6.57,7.09,TCDCA,,#N/A
P4_D12_BHI_50DMSO_25MeOH.mzML,500.304,0,6.57,6.57,7.09,TCDCA,,#N/A
P4_E1_TLCA_Ep_BSH101_0h.mzML,500.304,119901,7.05,6.57,7.09,TCDCA,,#N/A
P4_E2_TDCA_Ep_BSH101_0h.mzML,500.304,144036784,7.05,6.57,7.09,TCDCA,,#N/A
P4_E3_TCDCA_Ep_BSH101_0h.mzML,500.304,93236944,6.67,6.57,7.09,TCDCA,,#N/A
P4_E4_TUDCA_Ep_BSH101_0h.mzML,500.304,544242,6.71,6.57,7.09,TCDCA,,#N/A
P4_E5_TCA_Ep_BSH101_0h.mzML,500.304,442697,7.08,6.57,7.09,TCDCA,,#N/A
P4_E6_GLCA_Ep_BSH101_0h.mzML,500.304,18479,7.05,6.57,7.09,TCDCA,,#N/A
P4_E7_GDCA_Ep_BSH101_0h.mzML,500.304,0,6.57,6.57,7.09,TCDCA,,#N/A
P4_E8_GCDCA_Ep_BSH101_0h.mzML,500.304,0,6.57,6.57,7.09,TCDCA,,#N/A
P4_E9_GUDCA_Ep_BSH101_0h.mzML,500.304,0,6.57,6.57,7.09,TCDCA,,#N/A
P4_E10_GCA_Ep_BSH101_0h.mzML,500.304,0,6.57,6.57,7.09,TCDCA,,#N/A
P4_E11_BHI_50MeOH.mzML,500.304,0,6.57,6.57,7.09,TCDCA,,#N/A
P4_E12_BHI_50DMSO_25MeOH.mzML,500.304,0,6.57,6.57,7.09,TCDCA,,#N/A
P4_F1_TLCA_AZ-52_0h.mzML,500.304,55344,7.08,6.57,7.09,TCDCA,,#N/A
P4_F2_TDCA_AZ-52_0h.mzML,500.304,50344864,7.08,6.57,7.09,TCDCA,,#N/A
P4_F3_TCDCA_AZ-52_0h.mzML,500.304,3412219,6.72,6.57,7.09,TCDCA,,#N/A
P4_F4_TUDCA_AZ-52_0h.mzML,500.304,2895,6.69,6.57,7.09,TCDCA,,#N/A
P4_F5_TCA_AZ-52_0h.mzML,500.304,73877,7.08,6.57,7.09,TCDCA,,#N/A
P4_F6_GLCA_AZ-52_0h.mzML,500.304,45189,7.06,6.57,7.09,TCDCA,,#N/A
P4_F7_GDCA_AZ-52_0h.mzML,500.304,0,6.57,6.57,7.09,TCDCA,,#N/A
P4_F8_GCDCA_AZ-52_0h.mzML,500.304,0,6.57,6.57,7.09,TCDCA,,#N/A
P4_F9_GUDCA_AZ-52_0h.mzML,500.304,0,6.57,6.57,7.09,TCDCA,,#N/A
P4_F10_GCA_AZ-52_0h.mzML,500.304,0,6.57,6.57,7.09,TCDCA,,#N/A
P4_F11_BHI_50MeOH.mzML,500.304,0,6.57,6.57,7.09,TCDCA,,#N/A
P4_F12_BHI_50DMSO_25MeOH.mzML,500.304,0,6.57,6.57,7.09,TCDCA,,#N/A
P4_G1_TLCA_EcAZ-1-cat_0h.mzML,500.304,41269,7.08,6.57,7.09,TCDCA,,#N/A
P4_G2_TDCA_EcAZ-1-cat_0h.mzML,500.304,83329864,7.08,6.57,7.09,TCDCA,,#N/A
P4_G3_TCDCA_EcAZ-1-cat_0h.mzML,500.304,69038840,6.7,6.57,7.09,TCDCA,,#N/A
P4_G4_TUDCA_EcAZ-1-cat_0h.mzML,500.304,501083,6.71,6.57,7.09,TCDCA,,#N/A
P4_G5_TCA_EcAZ-1-cat_0h.mzML,500.304,44152,7.08,6.57,7.09,TCDCA,,#N/A
P4_G6_GLCA_EcAZ-1-cat_0h.mzML,500.304,14278,7.08,6.57,7.09,TCDCA,,#N/A
P4_G7_GDCA_EcAZ-1-cat_0h.mzML,500.304,1392,7.05,6.57,7.09,TCDCA,,#N/A
P4_G8_GCDCA_EcAZ-1-cat_0h.mzML,500.304,0,6.57,6.57,7.09,TCDCA,,#N/A
P4_G9_GUDCA_EcAZ-1-cat_0h.mzML,500.304,0,6.57,6.57,7.09,TCDCA,,#N/A
P4_G10_GCA_EcAZ-1-cat_0h.mzML,500.304,0,6.57,6.57,7.09,TCDCA,,#N/A
P4_G11_BHI_50MeOH.mzML,500.304,0,6.57,6.57,7.09,TCDCA,,#N/A
P4_G12_BHI_50DMSO_25MeOH.mzML,500.304,0,6.57,6.57,7.09,TCDCA,,#N/A
P4_H1_TLCA_ctrl_0h.mzML,500.304,30023,7.08,6.57,7.09,TCDCA,,#N/A
P4_H2_TDCA_ctrl_0h.mzML,500.304,170717120,7.08,6.57,7.09,TCDCA,,#N/A
P4_H3_TCDCA_ctrl_0h.mzML,500.304,229686560,6.75,6.57,7.09,TCDCA,,#N/A
P4_H4_TUDCA_ctrl_0h.mzML,500.304,1049484,6.78,6.57,7.09,TCDCA,,#N/A
P4_H5_TCA_ctrl_0h.mzML,500.304,447994,7.08,6.57,7.09,TCDCA,,#N/A
P4_H6_GLCA_ctrl_0h.mzML,500.304,35006,7.08,6.57,7.09,TCDCA,,#N/A
P4_H7_GDCA_ctrl_0h.mzML,500.304,0,6.57,6.57,7.09,TCDCA,,#N/A
P4_H8_GCDCA_ctrl_0h.mzML,500.304,0,6.57,6.57,7.09,TCDCA,,#N/A
P4_H9_GUDCA_ctrl_0h.mzML,500.304,0,6.57,6.57,7.09,TCDCA,,#N/A
P4_H10_GCA_ctrl_0h.mzML,500.304,0,6.57,6.57,7.09,TCDCA,,#N/A
P4_H11_BHI_50MeOH.mzML,500.304,0,6.57,6.57,7.09,TCDCA,,#N/A
P4_H12_BHI_50DMSO_25MeOH.mzML,500.304,0,6.57,6.57,7.09,TCDCA,,#N/A
P7_A1_TLCA_Dny_BSH1_0h.mzML,500.304,0,6.57,6.57,7.09,TCDCA,,#N/A
P7_A2_TDCA_Dny_BSH1_0h.mzML,500.304,1379791,7.08,6.57,7.09,TCDCA,,#N/A
P7_A3_TCDCA_Dny_BSH1_0h.mzML,500.304,130084032,6.87,6.57,7.09,TCDCA,,#N/A
P7_A4_TUDCA_Dny_BSH1_0h.mzML,500.304,356028,6.9,6.57,7.09,TCDCA,,#N/A
P7_A5_TCA_Dny_BSH1_0h.mzML,500.304,112188,6.91,6.57,7.09,TCDCA,,#N/A
P7_A6_GLCA_Dny_BSH1_0h.mzML,500.304,0,6.57,6.57,7.09,TCDCA,,#N/A
P7_A7_GDCA_Dny_BSH1_0h.mzML,500.304,0,6.57,6.57,7.09,TCDCA,,#N/A
P7_A8_GCDCA_Dny_BSH1_0h.mzML,500.304,0,6.57,6.57,7.09,TCDCA,,#N/A
P7_A9_GUDCA_Dny_BSH1_0h.mzML,500.304,1495,6.75,6.57,7.09,TCDCA,,#N/A
P7_A10_GCA_Dny_BSH1_0h.mzML,500.304,0,6.57,6.57,7.09,TCDCA,,#N/A
P7_A11_BHI_50MeOH.mzML,500.304,0,6.57,6.57,7.09,TCDCA,,#N/A
P7_A12_BHI_50DMSO_25MeOH.mzML,500.304,0,6.57,6.57,7.09,TCDCA,,#N/A
P7_B1_TLCA_Dny_BSH2_0h.mzML,500.304,0,6.57,6.57,7.09,TCDCA,,#N/A
P7_B2_TDCA_Dny_BSH2_0h.mzML,500.304,24797384,7.08,6.57,7.09,TCDCA,,#N/A
P7_B3_TCDCA_Dny_BSH2_0h.mzML,500.304,103495224,6.84,6.57,7.09,TCDCA,,#N/A
P7_B4_TUDCA_Dny_BSH2_0h.mzML,500.304,565666,6.87,6.57,7.09,TCDCA,,#N/A
P7_B5_TCA_Dny_BSH2_0h.mzML,500.304,122785,6.87,6.57,7.09,TCDCA,,#N/A
P7_B6_GLCA_Dny_BSH2_0h.mzML,500.304,0,6.57,6.57,7.09,TCDCA,,#N/A
P7_B7_GDCA_Dny_BSH2_0h.mzML,500.304,0,6.57,6.57,7.09,TCDCA,,#N/A
P7_B8_GCDCA_Dny_BSH2_0h.mzML,500.304,0,6.57,6.57,7.09,TCDCA,,#N/A
P7_B9_GUDCA_Dny_BSH2_0h.mzML,500.304,0,6.57,6.57,7.09,TCDCA,,#N/A
P7_B10_GCA_Dny_BSH2_0h.mzML,500.304,0,6.57,6.57,7.09,TCDCA,,#N/A
P7_B11_BHI_50MeOH.mzML,500.304,0,6.57,6.57,7.09,TCDCA,,#N/A
P7_B12_BHI_50DMSO_25MeOH.mzML,500.304,0,6.57,6.57,7.09,TCDCA,,#N/A
P7_C1_TLCA_Lgasseri_BSH_0h.mzML,500.304,0,6.57,6.57,7.09,TCDCA,,#N/A
P7_C2_TDCA_Lgasseri_BSH_0h.mzML,500.304,2711221,7.08,6.57,7.09,TCDCA,,#N/A
P7_C3_TCDCA_Lgasseri_BSH_0h.mzML,500.304,8798884,6.88,6.57,7.09,TCDCA,,#N/A
P7_C4_TUDCA_Lgasseri_BSH_0h.mzML,500.304,141239,6.87,6.57,7.09,TCDCA,,#N/A
P7_C5_TCA_Lgasseri_BSH_0h.mzML,500.304,43887,7.08,6.57,7.09,TCDCA,,#N/A
P7_C6_GLCA_Lgasseri_BSH_0h.mzML,500.304,0,6.57,6.57,7.09,TCDCA,,#N/A
P7_C7_GDCA_Lgasseri_BSH_0h.mzML,500.304,0,6.57,6.57,7.09,TCDCA,,#N/A
P7_C8_GCDCA_Lgasseri_BSH_0h.mzML,500.304,0,6.57,6.57,7.09,TCDCA,,#N/A
P7_C9_GUDCA_Lgasseri_BSH_0h.mzML,500.304,0,6.57,6.57,7.09,TCDCA,,#N/A
P7_C10_GCA_Lgasseri_BSH_0h.mzML,500.304,0,6.57,6.57,7.09,TCDCA,,#N/A
P7_C11_BHI_50MeOH.mzML,500.304,0,6.57,6.57,7.09,TCDCA,,#N/A
P7_C12_BHI_50DMSO_25MeOH.mzML,500.304,0,6.57,6.57,7.09,TCDCA,,#N/A
P7_D1_TLCA_LCAG-95_BSH1208_0h.mzML,500.304,13517,7.08,6.57,7.09,TCDCA,,#N/A
P7_D2_TDCA_LCAG-95_BSH1208_0h.mzML,500.304,75636648,7.08,6.57,7.09,TCDCA,,#N/A
P7_D3_TCDCA_LCAG-95_BSH1208_0h.mzML,500.304,79991016,6.84,6.57,7.09,TCDCA,,#N/A
P7_D4_TUDCA_LCAG-95_BSH1208_0h.mzML,500.304,717865,6.84,6.57,7.09,TCDCA,,#N/A
P7_D5_TCA_LCAG-95_BSH1208_0h.mzML,500.304,118371,7.08,6.57,7.09,TCDCA,,#N/A
P7_D6_GLCA_LCAG-95_BSH1208_0h.mzML,500.304,4555,7.08,6.57,7.09,TCDCA,,#N/A
P7_D7_GDCA_LCAG-95_BSH1208_0h.mzML,500.304,0,6.57,6.57,7.09,TCDCA,,#N/A
P7_D8_GCDCA_LCAG-95_BSH1208_0h.mzML,500.304,0,6.57,6.57,7.09,TCDCA,,#N/A
P7_D9_GUDCA_LCAG-95_BSH1208_0h.mzML,500.304,0,6.57,6.57,7.09,TCDCA,,#N/A
P7_D10_GCA_LCAG-95_BSH1208_0h.mzML,500.304,0,6.57,6.57,7.09,TCDCA,,#N/A
P7_D11_BHI_50MeOH.mzML,500.304,0,6.57,6.57,7.09,TCDCA,,#N/A
P7_D12_BHI_50DMSO_25MeOH.mzML,500.304,0,6.57,6.57,7.09,TCDCA,,#N/A
P7_E1_TLCA_Ep_BSH101_0h.mzML,500.304,37214,7.08,6.57,7.09,TCDCA,,#N/A
P7_E2_TDCA_Ep_BSH101_0h.mzML,500.304,129755168,7.08,6.57,7.09,TCDCA,,#N/A
P7_E3_TCDCA_Ep_BSH101_0h.mzML,500.304,93804880,6.79,6.57,7.09,TCDCA,,#N/A
P7_E4_TUDCA_Ep_BSH101_0h.mzML,500.304,579211,6.84,6.57,7.09,TCDCA,,#N/A
P7_E5_TCA_Ep_BSH101_0h.mzML,500.304,282579,7.08,6.57,7.09,TCDCA,,#N/A
P7_E6_GLCA_Ep_BSH101_0h.mzML,500.304,1115,7.08,6.57,7.09,TCDCA,,#N/A
P7_E7_GDCA_Ep_BSH101_0h.mzML,500.304,0,6.57,6.57,7.09,TCDCA,,#N/A
P7_E8_GCDCA_Ep_BSH101_0h.mzML,500.304,0,6.57,6.57,7.09,TCDCA,,#N/A
P7_E9_GUDCA_Ep_BSH101_0h.mzML,500.304,0,6.57,6.57,7.09,TCDCA,,#N/A
P7_E10_GCA_Ep_BSH101_0h.mzML,500.304,0,6.57,6.57,7.09,TCDCA,,#N/A
P7_E11_BHI_50MeOH.mzML,500.304,0,6.57,6.57,7.09,TCDCA,,#N/A
P7_E12_BHI_50DMSO_25MeOH.mzML,500.304,0,6.57,6.57,7.09,TCDCA,,#N/A
P7_F1_TLCA_AZ-52_0h.mzML,500.304,10691,7.08,6.57,7.09,TCDCA,,#N/A
P7_F2_TDCA_AZ-52_0h.mzML,500.304,16264733,7.08,6.57,7.09,TCDCA,,#N/A
P7_F3_TCDCA_AZ-52_0h.mzML,500.304,18315468,6.83,6.57,7.09,TCDCA,,#N/A
P7_F4_TUDCA_AZ-52_0h.mzML,500.304,488134,6.82,6.57,7.09,TCDCA,,#N/A
P7_F5_TCA_AZ-52_0h.mzML,500.304,67261,7.08,6.57,7.09,TCDCA,,#N/A
P7_F6_GLCA_AZ-52_0h.mzML,500.304,1828,7.08,6.57,7.09,TCDCA,,#N/A
P7_F7_GDCA_AZ-52_0h.mzML,500.304,0,6.57,6.57,7.09,TCDCA,,#N/A
P7_F8_GCDCA_AZ-52_0h.mzML,500.304,0,6.57,6.57,7.09,TCDCA,,#N/A
P7_F9_GUDCA_AZ-52_0h.mzML,500.304,0,6.57,6.57,7.09,TCDCA,,#N/A
P7_F10_GCA_AZ-52_0h.mzML,500.304,0,6.57,6.57,7.09,TCDCA,,#N/A
P7_F11_BHI_50MeOH.mzML,500.304,0,6.57,6.57,7.09,TCDCA,,#N/A
P7_F12_BHI_50DMSO_25MeOH.mzML,500.304,0,6.57,6.57,7.09,TCDCA,,#N/A
P7_G1_TLCA_EcAZ-1-cat_0h.mzML,500.304,7259,7.08,6.57,7.09,TCDCA,,#N/A
P7_G2_TDCA_EcAZ-1-cat_0h.mzML,500.304,187436544,7.08,6.57,7.09,TCDCA,,#N/A
P7_G3_TCDCA_EcAZ-1-cat_0h.mzML,500.304,121804016,6.79,6.57,7.09,TCDCA,,#N/A
P7_G4_TUDCA_EcAZ-1-cat_0h.mzML,500.304,956719,6.84,6.57,7.09,TCDCA,,#N/A
P7_G5_TCA_EcAZ-1-cat_0h.mzML,500.304,235617,7.08,6.57,7.09,TCDCA,,#N/A
P7_G6_GLCA_EcAZ-1-cat_0h.mzML,500.304,1566,7.08,6.57,7.09,TCDCA,,#N/A
P7_G7_GDCA_EcAZ-1-cat_0h.mzML,500.304,0,6.57,6.57,7.09,TCDCA,,#N/A
P7_G8_GCDCA_EcAZ-1-cat_0h.mzML,500.304,0,6.57,6.57,7.09,TCDCA,,#N/A
P7_G9_GUDCA_EcAZ-1-cat_0h.mzML,500.304,0,6.57,6.57,7.09,TCDCA,,#N/A
P7_G10_GCA_EcAZ-1-cat_0h.mzML,500.304,0,6.57,6.57,7.09,TCDCA,,#N/A
P7_G11_BHI_50MeOH.mzML,500.304,0,6.57,6.57,7.09,TCDCA,,#N/A
P7_G12_BHI_50DMSO_25MeOH.mzML,500.304,0,6.57,6.57,7.09,TCDCA,,#N/A
P7_H1_TLCA_ctrl_0h.mzML,500.304,26361,7.08,6.57,7.09,TCDCA,,#N/A
P7_H2_TDCA_ctrl_0h.mzML,500.304,312075456,7.06,6.57,7.09,TCDCA,,#N/A
P7_H3_TCDCA_ctrl_0h.mzML,500.304,152552896,6.79,6.57,7.09,TCDCA,,#N/A
P7_H4_TUDCA_ctrl_0h.mzML,500.304,872320,6.84,6.57,7.09,TCDCA,,#N/A
P7_H5_TCA_ctrl_0h.mzML,500.304,328718,7.08,6.57,7.09,TCDCA,,#N/A
P7_H6_GLCA_ctrl_0h.mzML,500.304,13078,7.08,6.57,7.09,TCDCA,,#N/A
P7_H7_GDCA_ctrl_0h.mzML,500.304,0,6.57,6.57,7.09,TCDCA,,#N/A
P7_H8_GCDCA_ctrl_0h.mzML,500.304,769,6.61,6.57,7.09,TCDCA,,#N/A
P7_H9_GUDCA_ctrl_0h.mzML,500.304,0,6.57,6.57,7.09,TCDCA,,#N/A
P7_H10_GCA_ctrl_0h.mzML,500.304,0,6.57,6.57,7.09,TCDCA,,#N/A
P7_H11_BHI_50MeOH.mzML,500.304,0,6.57,6.57,7.09,TCDCA,,#N/A
P7_H12_BHI_50DMSO_25MeOH.mzML,500.304,0,6.57,6.57,7.09,TCDCA,,#N/A
TCA_std.mzML,500.304,86816,6.8,6.57,7.09,TCDCA,,#N/A
TCDCA_std.mzML,500.304,314435,6.57,6.57,7.09,TCDCA,,#N/A
TDCA_std.mzML,500.304,27125126,6.8,6.57,7.09,TCDCA,,#N/A
TLCA_std.mzML,500.304,2321,6.82,6.57,7.09,TCDCA,,#N/A
TUDCA_std.mzML,500.304,110331,6.8,6.57,7.09,TCDCA,,#N/A
UDCA_aminoacids.mzML,500.304,1967,6.88,6.57,7.09,TCDCA,,#N/A
CA_aminoacids.mzML,500.304,0,6.97,6.97,7.42,TDCA,,#N/A
CA_DCA_LCA_aminoacids.mzML,500.304,81782,7.13,6.97,7.42,TDCA,,#N/A
CDCA_aminoacids.mzML,500.304,0,6.97,6.97,7.42,TDCA,,#N/A
DCA_aminoacids.mzML,500.304,0,6.97,6.97,7.42,TDCA,,#N/A
DCA_aminoacids_2.mzML,500.304,39535,7.29,6.97,7.42,TDCA,,#N/A
GCA_std.mzML,500.304,0,6.97,6.97,7.42,TDCA,,#N/A
GCDCA_std.mzML,500.304,0,6.97,6.97,7.42,TDCA,,#N/A
GDCA_std.mzML,500.304,0,6.97,6.97,7.42,TDCA,,#N/A
GLCA_std.mzML,500.304,0,6.97,6.97,7.42,TDCA,,#N/A
GUDCA_std.mzML,500.304,0,6.97,6.97,7.42,TDCA,,#N/A
P4_A1_TLCA_Dny_BSH1_0h.mzML,500.304,263436,7.08,6.97,7.42,TDCA,,#N/A
P4_A2_TDCA_Dny_BSH1_0h.mzML,500.304,303327744,7.02,6.97,7.42,TDCA,,#N/A
P4_A3_TCDCA_Dny_BSH1_0h.mzML,500.304,1750347,6.97,6.97,7.42,TDCA,,#N/A
P4_A4_TUDCA_Dny_BSH1_0h.mzML,500.304,5705,7.04,6.97,7.42,TDCA,,#N/A
P4_A5_TCA_Dny_BSH1_0h.mzML,500.304,540815,7.05,6.97,7.42,TDCA,,#N/A
P4_A6_GLCA_Dny_BSH1_0h.mzML,500.304,59694,7.06,6.97,7.42,TDCA,,#N/A
P4_A7_GDCA_Dny_BSH1_0h.mzML,500.304,28979,7.06,6.97,7.42,TDCA,,#N/A
P4_A8_GCDCA_Dny_BSH1_0h.mzML,500.304,0,6.97,6.97,7.42,TDCA,,#N/A
P4_A9_GUDCA_Dny_BSH1_0h.mzML,500.304,0,6.97,6.97,7.42,TDCA,,#N/A
P4_A10_GCA_Dny_BSH1_0h.mzML,500.304,0,6.97,6.97,7.42,TDCA,,#N/A
P4_A11_BHI_50MeOH.mzML,500.304,0,6.97,6.97,7.42,TDCA,,#N/A
P4_A12_BHI_50DMSO_25MeOH.mzML,500.304,1100,7.2,6.97,7.42,TDCA,,#N/A
P4_B1_TLCA_Dny_BSH2_0h.mzML,500.304,354089,7.03,6.97,7.42,TDCA,,#N/A
P4_B2_TDCA_Dny_BSH2_0h.mzML,500.304,489755456,7.01,6.97,7.42,TDCA,,#N/A
P4_B3_TCDCA_Dny_BSH2_0h.mzML,500.304,1667443,6.97,6.97,7.42,TDCA,,#N/A
P4_B4_TUDCA_Dny_BSH2_0h.mzML,500.304,14502,7.03,6.97,7.42,TDCA,,#N/A
P4_B5_TCA_Dny_BSH2_0h.mzML,500.304,1452816,7.06,6.97,7.42,TDCA,,#N/A
P4_B6_GLCA_Dny_BSH2_0h.mzML,500.304,71642,7.01,6.97,7.42,TDCA,,#N/A
P4_B7_GDCA_Dny_BSH2_0h.mzML,500.304,0,6.97,6.97,7.42,TDCA,,#N/A
P4_B8_GCDCA_Dny_BSH2_0h.mzML,500.304,0,6.97,6.97,7.42,TDCA,,#N/A
P4_B9_GUDCA_Dny_BSH2_0h.mzML,500.304,0,6.97,6.97,7.42,TDCA,,#N/A
P4_B10_GCA_Dny_BSH2_0h.mzML,500.304,1078,7.08,6.97,7.42,TDCA,,#N/A
P4_B11_BHI_50MeOH.mzML,500.304,0,6.97,6.97,7.42,TDCA,,#N/A
P4_B12_BHI_50DMSO_25MeOH.mzML,500.304,1545,7.05,6.97,7.42,TDCA,,#N/A
P4_C1_TLCA_Lgasseri_BSH_0h.mzML,500.304,5399,7.1,6.97,7.42,TDCA,,#N/A
P4_C2_TDCA_Lgasseri_BSH_0h.mzML,500.304,5347777,7.06,6.97,7.42,TDCA,,#N/A
P4_C3_TCDCA_Lgasseri_BSH_0h.mzML,500.304,1613,7.01,6.97,7.42,TDCA,,#N/A
P4_C4_TUDCA_Lgasseri_BSH_0h.mzML,500.304,0,6.97,6.97,7.42,TDCA,,#N/A
P4_C5_TCA_Lgasseri_BSH_0h.mzML,500.304,0,6.97,6.97,7.42,TDCA,,#N/A
P4_C6_GLCA_Lgasseri_BSH_0h.mzML,500.304,11285,7.03,6.97,7.42,TDCA,,#N/A
P4_C7_GDCA_Lgasseri_BSH_0h.mzML,500.304,0,6.97,6.97,7.42,TDCA,,#N/A
P4_C8_GCDCA_Lgasseri_BSH_0h.mzML,500.304,0,6.97,6.97,7.42,TDCA,,#N/A
P4_C9_GUDCA_Lgasseri_BSH_0h.mzML,500.304,999,7.37,6.97,7.42,TDCA,,#N/A
P4_C10_GCA_Lgasseri_BSH_0h.mzML,500.304,0,6.97,6.97,7.42,TDCA,,#N/A
P4_C11_BHI_50MeOH.mzML,500.304,0,6.97,6.97,7.42,TDCA,,#N/A
P4_C12_BHI_50DMSO_25MeOH.mzML,500.304,0,6.97,6.97,7.42,TDCA,,#N/A
P4_D1_TLCA_LCAG-95_BSH1208_0h.mzML,500.304,27912,7.07,6.97,7.42,TDCA,,#N/A
P4_D2_TDCA_LCAG-95_BSH1208_0h.mzML,500.304,605979840,7,6.97,7.42,TDCA,,#N/A
P4_D3_TCDCA_LCAG-95_BSH1208_0h.mzML,500.304,1300836,6.97,6.97,7.42,TDCA,,#N/A
P4_D4_TUDCA_LCAG-95_BSH1208_0h.mzML,500.304,21569,7.04,6.97,7.42,TDCA,,#N/A
P4_D5_TCA_LCAG-95_BSH1208_0h.mzML,500.304,1435923,7.08,6.97,7.42,TDCA,,#N/A
P4_D6_GLCA_LCAG-95_BSH1208_0h.mzML,500.304,68776,7.07,6.97,7.42,TDCA,,#N/A
P4_D7_GDCA_LCAG-95_BSH1208_0h.mzML,500.304,0,6.97,6.97,7.42,TDCA,,#N/A
P4_D8_GCDCA_LCAG-95_BSH1208_0h.mzML,500.304,0,6.97,6.97,7.42,TDCA,,#N/A
P4_D9_GUDCA_LCAG-95_BSH1208_0h.mzML,500.304,0,6.97,6.97,7.42,TDCA,,#N/A
P4_D10_GCA_LCAG-95_BSH1208_0h.mzML,500.304,0,6.97,6.97,7.42,TDCA,,#N/A
P4_D11_BHI_50MeOH.mzML,500.304,0,6.97,6.97,7.42,TDCA,,#N/A
P4_D12_BHI_50DMSO_25MeOH.mzML,500.304,0,6.97,6.97,7.42,TDCA,,#N/A
P4_E1_TLCA_Ep_BSH101_0h.mzML,500.304,234846,7.05,6.97,7.42,TDCA,,#N/A
P4_E2_TDCA_Ep_BSH101_0h.mzML,500.304,251442768,7.05,6.97,7.42,TDCA,,#N/A
P4_E3_TCDCA_Ep_BSH101_0h.mzML,500.304,1151419,6.97,6.97,7.42,TDCA,,#N/A
P4_E4_TUDCA_Ep_BSH101_0h.mzML,500.304,1704,7.16,6.97,7.42,TDCA,,#N/A
P4_E5_TCA_Ep_BSH101_0h.mzML,500.304,995679,7.08,6.97,7.42,TDCA,,#N/A
P4_E6_GLCA_Ep_BSH101_0h.mzML,500.304,59996,7.11,6.97,7.42,TDCA,,#N/A
P4_E7_GDCA_Ep_BSH101_0h.mzML,500.304,0,6.97,6.97,7.42,TDCA,,#N/A
P4_E8_GCDCA_Ep_BSH101_0h.mzML,500.304,0,6.97,6.97,7.42,TDCA,,#N/A
P4_E9_GUDCA_Ep_BSH101_0h.mzML,500.304,0,6.97,6.97,7.42,TDCA,,#N/A
P4_E10_GCA_Ep_BSH101_0h.mzML,500.304,0,6.97,6.97,7.42,TDCA,,#N/A
P4_E11_BHI_50MeOH.mzML,500.304,0,6.97,6.97,7.42,TDCA,,#N/A
P4_E12_BHI_50DMSO_25MeOH.mzML,500.304,0,6.97,6.97,7.42,TDCA,,#N/A
P4_F1_TLCA_AZ-52_0h.mzML,500.304,194822,7.11,6.97,7.42,TDCA,,#N/A
P4_F2_TDCA_AZ-52_0h.mzML,500.304,139396384,7.08,6.97,7.42,TDCA,,#N/A
P4_F3_TCDCA_AZ-52_0h.mzML,500.304,65192,6.98,6.97,7.42,TDCA,,#N/A
P4_F4_TUDCA_AZ-52_0h.mzML,500.304,1216,7.34,6.97,7.42,TDCA,,#N/A
P4_F5_TCA_AZ-52_0h.mzML,500.304,343230,7.09,6.97,7.42,TDCA,,#N/A
P4_F6_GLCA_AZ-52_0h.mzML,500.304,107380,7.06,6.97,7.42,TDCA,,#N/A
P4_F7_GDCA_AZ-52_0h.mzML,500.304,0,6.97,6.97,7.42,TDCA,,#N/A
P4_F8_GCDCA_AZ-52_0h.mzML,500.304,1149,7.41,6.97,7.42,TDCA,,#N/A
P4_F9_GUDCA_AZ-52_0h.mzML,500.304,0,6.97,6.97,7.42,TDCA,,#N/A
P4_F10_GCA_AZ-52_0h.mzML,500.304,0,6.97,6.97,7.42,TDCA,,#N/A
P4_F11_BHI_50MeOH.mzML,500.304,0,6.97,6.97,7.42,TDCA,,#N/A
P4_F12_BHI_50DMSO_25MeOH.mzML,500.304,0,6.97,6.97,7.42,TDCA,,#N/A
P4_G1_TLCA_EcAZ-1-cat_0h.mzML,500.304,277836,7.11,6.97,7.42,TDCA,,#N/A
P4_G2_TDCA_EcAZ-1-cat_0h.mzML,500.304,313631424,7.1,6.97,7.42,TDCA,,#N/A
P4_G3_TCDCA_EcAZ-1-cat_0h.mzML,500.304,1254507,6.97,6.97,7.42,TDCA,,#N/A
P4_G4_TUDCA_EcAZ-1-cat_0h.mzML,500.304,7967,7.07,6.97,7.42,TDCA,,#N/A
P4_G5_TCA_EcAZ-1-cat_0h.mzML,500.304,676720,7.16,6.97,7.42,TDCA,,#N/A
P4_G6_GLCA_EcAZ-1-cat_0h.mzML,500.304,123449,7.14,6.97,7.42,TDCA,,#N/A
P4_G7_GDCA_EcAZ-1-cat_0h.mzML,500.304,1392,7.05,6.97,7.42,TDCA,,#N/A
P4_G8_GCDCA_EcAZ-1-cat_0h.mzML,500.304,1550,7.11,6.97,7.42,TDCA,,#N/A
P4_G9_GUDCA_EcAZ-1-cat_0h.mzML,500.304,0,6.97,6.97,7.42,TDCA,,#N/A
P4_G10_GCA_EcAZ-1-cat_0h.mzML,500.304,0,6.97,6.97,7.42,TDCA,,#N/A
P4_G11_BHI_50MeOH.mzML,500.304,0,6.97,6.97,7.42,TDCA,,#N/A
P4_G12_BHI_50DMSO_25MeOH.mzML,500.304,0,6.97,6.97,7.42,TDCA,,#N/A
P4_H1_TLCA_ctrl_0h.mzML,500.304,550208,7.14,6.97,7.42,TDCA,,#N/A
P4_H2_TDCA_ctrl_0h.mzML,500.304,483166624,7.09,6.97,7.42,TDCA,,#N/A
P4_H3_TCDCA_ctrl_0h.mzML,500.304,4228486,6.97,6.97,7.42,TDCA,,#N/A
P4_H4_TUDCA_ctrl_0h.mzML,500.304,18702,6.97,6.97,7.42,TDCA,,#N/A
P4_H5_TCA_ctrl_0h.mzML,500.304,1472385,7.1,6.97,7.42,TDCA,,#N/A
P4_H6_GLCA_ctrl_0h.mzML,500.304,72754,7.08,6.97,7.42,TDCA,,#N/A
P4_H7_GDCA_ctrl_0h.mzML,500.304,0,6.97,6.97,7.42,TDCA,,#N/A
P4_H8_GCDCA_ctrl_0h.mzML,500.304,0,6.97,6.97,7.42,TDCA,,#N/A
P4_H9_GUDCA_ctrl_0h.mzML,500.304,0,6.97,6.97,7.42,TDCA,,#N/A
P4_H10_GCA_ctrl_0h.mzML,500.304,0,6.97,6.97,7.42,TDCA,,#N/A
P4_H11_BHI_50MeOH.mzML,500.304,0,6.97,6.97,7.42,TDCA,,#N/A
P4_H12_BHI_50DMSO_25MeOH.mzML,500.304,0,6.97,6.97,7.42,TDCA,,#N/A
P7_A1_TLCA_Dny_BSH1_0h.mzML,500.304,269127,7.21,6.97,7.42,TDCA,,#N/A
P7_A2_TDCA_Dny_BSH1_0h.mzML,500.304,417205152,7.17,6.97,7.42,TDCA,,#N/A
P7_A3_TCDCA_Dny_BSH1_0h.mzML,500.304,8370661,6.97,6.97,7.42,TDCA,,#N/A
P7_A4_TUDCA_Dny_BSH1_0h.mzML,500.304,20400,6.98,6.97,7.42,TDCA,,#N/A
P7_A5_TCA_Dny_BSH1_0h.mzML,500.304,1027418,7.23,6.97,7.42,TDCA,,#N/A
P7_A6_GLCA_Dny_BSH1_0h.mzML,500.304,52633,7.19,6.97,7.42,TDCA,,#N/A
P7_A7_GDCA_Dny_BSH1_0h.mzML,500.304,35540,7.2,6.97,7.42,TDCA,,#N/A
P7_A8_GCDCA_Dny_BSH1_0h.mzML,500.304,0,6.97,6.97,7.42,TDCA,,#N/A
P7_A9_GUDCA_Dny_BSH1_0h.mzML,500.304,0,6.97,6.97,7.42,TDCA,,#N/A
P7_A10_GCA_Dny_BSH1_0h.mzML,500.304,0,6.97,6.97,7.42,TDCA,,#N/A
P7_A11_BHI_50MeOH.mzML,500.304,0,6.97,6.97,7.42,TDCA,,#N/A
P7_A12_BHI_50DMSO_25MeOH.mzML,500.304,0,6.97,6.97,7.42,TDCA,,#N/A
P7_B1_TLCA_Dny_BSH2_0h.mzML,500.304,512994,7.2,6.97,7.42,TDCA,,#N/A
P7_B2_TDCA_Dny_BSH2_0h.mzML,500.304,517854560,7.14,6.97,7.42,TDCA,,#N/A
P7_B3_TCDCA_Dny_BSH2_0h.mzML,500.304,3085813,6.97,6.97,7.42,TDCA,,#N/A
P7_B4_TUDCA_Dny_BSH2_0h.mzML,500.304,10789,7.17,6.97,7.42,TDCA,,#N/A
P7_B5_TCA_Dny_BSH2_0h.mzML,500.304,1123536,7.18,6.97,7.42,TDCA,,#N/A
P7_B6_GLCA_Dny_BSH2_0h.mzML,500.304,95848,7.15,6.97,7.42,TDCA,,#N/A
P7_B7_GDCA_Dny_BSH2_0h.mzML,500.304,2912,7.17,6.97,7.42,TDCA,,#N/A
P7_B8_GCDCA_Dny_BSH2_0h.mzML,500.304,0,6.97,6.97,7.42,TDCA,,#N/A
P7_B9_GUDCA_Dny_BSH2_0h.mzML,500.304,0,6.97,6.97,7.42,TDCA,,#N/A
P7_B10_GCA_Dny_BSH2_0h.mzML,500.304,0,6.97,6.97,7.42,TDCA,,#N/A
P7_B11_BHI_50MeOH.mzML,500.304,0,6.97,6.97,7.42,TDCA,,#N/A
P7_B12_BHI_50DMSO_25MeOH.mzML,500.304,0,6.97,6.97,7.42,TDCA,,#N/A
P7_C1_TLCA_Lgasseri_BSH_0h.mzML,500.304,15705,7.19,6.97,7.42,TDCA,,#N/A
P7_C2_TDCA_Lgasseri_BSH_0h.mzML,500.304,57142356,7.14,6.97,7.42,TDCA,,#N/A
P7_C3_TCDCA_Lgasseri_BSH_0h.mzML,500.304,1762291,7.2,6.97,7.42,TDCA,,#N/A
P7_C4_TUDCA_Lgasseri_BSH_0h.mzML,500.304,0,6.97,6.97,7.42,TDCA,,#N/A
P7_C5_TCA_Lgasseri_BSH_0h.mzML,500.304,608264,7.17,6.97,7.42,TDCA,,#N/A
P7_C6_GLCA_Lgasseri_BSH_0h.mzML,500.304,50166,7.14,6.97,7.42,TDCA,,#N/A
P7_C7_GDCA_Lgasseri_BSH_0h.mzML,500.304,0,6.97,6.97,7.42,TDCA,,#N/A
P7_C8_GCDCA_Lgasseri_BSH_0h.mzML,500.304,0,6.97,6.97,7.42,TDCA,,#N/A
P7_C9_GUDCA_Lgasseri_BSH_0h.mzML,500.304,0,6.97,6.97,7.42,TDCA,,#N/A
P7_C10_GCA_Lgasseri_BSH_0h.mzML,500.304,0,6.97,6.97,7.42,TDCA,,#N/A
P7_C11_BHI_50MeOH.mzML,500.304,0,6.97,6.97,7.42,TDCA,,#N/A
P7_C12_BHI_50DMSO_25MeOH.mzML,500.304,0,6.97,6.97,7.42,TDCA,,#N/A
P7_D1_TLCA_LCAG-95_BSH1208_0h.mzML,500.304,231455,7.16,6.97,7.42,TDCA,,#N/A
P7_D2_TDCA_LCAG-95_BSH1208_0h.mzML,500.304,543442368,7.11,6.97,7.42,TDCA,,#N/A
P7_D3_TCDCA_LCAG-95_BSH1208_0h.mzML,500.304,1699229,6.97,6.97,7.42,TDCA,,#N/A
P7_D4_TUDCA_LCAG-95_BSH1208_0h.mzML,500.304,16235,6.98,6.97,7.42,TDCA,,#N/A
P7_D5_TCA_LCAG-95_BSH1208_0h.mzML,500.304,1195312,7.18,6.97,7.42,TDCA,,#N/A
P7_D6_GLCA_LCAG-95_BSH1208_0h.mzML,500.304,88429,7.16,6.97,7.42,TDCA,,#N/A
P7_D7_GDCA_LCAG-95_BSH1208_0h.mzML,500.304,4524,7.16,6.97,7.42,TDCA,,#N/A
P7_D8_GCDCA_LCAG-95_BSH1208_0h.mzML,500.304,1249,7.12,6.97,7.42,TDCA,,#N/A
P7_D9_GUDCA_LCAG-95_BSH1208_0h.mzML,500.304,0,6.97,6.97,7.42,TDCA,,#N/A
P7_D10_GCA_LCAG-95_BSH1208_0h.mzML,500.304,0,6.97,6.97,7.42,TDCA,,#N/A
P7_D11_BHI_50MeOH.mzML,500.304,0,6.97,6.97,7.42,TDCA,,#N/A
P7_D12_BHI_50DMSO_25MeOH.mzML,500.304,1174,7.14,6.97,7.42,TDCA,,#N/A
P7_E1_TLCA_Ep_BSH101_0h.mzML,500.304,460093,7.13,6.97,7.42,TDCA,,#N/A
P7_E2_TDCA_Ep_BSH101_0h.mzML,500.304,568161408,7.1,6.97,7.42,TDCA,,#N/A
P7_E3_TCDCA_Ep_BSH101_0h.mzML,500.304,2664466,7.14,6.97,7.42,TDCA,,#N/A
P7_E4_TUDCA_Ep_BSH101_0h.mzML,500.304,13080,7.12,6.97,7.42,TDCA,,#N/A
P7_E5_TCA_Ep_BSH101_0h.mzML,500.304,1290153,7.15,6.97,7.42,TDCA,,#N/A
P7_E6_GLCA_Ep_BSH101_0h.mzML,500.304,86954,7.17,6.97,7.42,TDCA,,#N/A
P7_E7_GDCA_Ep_BSH101_0h.mzML,500.304,2003,7.19,6.97,7.42,TDCA,,#N/A
P7_E8_GCDCA_Ep_BSH101_0h.mzML,500.304,1192,7.12,6.97,7.42,TDCA,,#N/A
P7_E9_GUDCA_Ep_BSH101_0h.mzML,500.304,1061,7.11,6.97,7.42,TDCA,,#N/A
P7_E10_GCA_Ep_BSH101_0h.mzML,500.304,0,6.97,6.97,7.42,TDCA,,#N/A
P7_E11_BHI_50MeOH.mzML,500.304,0,6.97,6.97,7.42,TDCA,,#N/A
P7_E12_BHI_50DMSO_25MeOH.mzML,500.304,0,6.97,6.97,7.42,TDCA,,#N/A
P7_F1_TLCA_AZ-52_0h.mzML,500.304,238639,7.15,6.97,7.42,TDCA,,#N/A
P7_F2_TDCA_AZ-52_0h.mzML,500.304,302343168,7.16,6.97,7.42,TDCA,,#N/A
P7_F3_TCDCA_AZ-52_0h.mzML,500.304,2091117,7.15,6.97,7.42,TDCA,,#N/A
P7_F4_TUDCA_AZ-52_0h.mzML,500.304,4375,7.1,6.97,7.42,TDCA,,#N/A
P7_F5_TCA_AZ-52_0h.mzML,500.304,1102732,7.17,6.97,7.42,TDCA,,#N/A
P7_F6_GLCA_AZ-52_0h.mzML,500.304,78764,7.12,6.97,7.42,TDCA,,#N/A
P7_F7_GDCA_AZ-52_0h.mzML,500.304,0,6.97,6.97,7.42,TDCA,,#N/A
P7_F8_GCDCA_AZ-52_0h.mzML,500.304,0,6.97,6.97,7.42,TDCA,,#N/A
P7_F9_GUDCA_AZ-52_0h.mzML,500.304,0,6.97,6.97,7.42,TDCA,,#N/A
P7_F10_GCA_AZ-52_0h.mzML,500.304,0,6.97,6.97,7.42,TDCA,,#N/A
P7_F11_BHI_50MeOH.mzML,500.304,0,6.97,6.97,7.42,TDCA,,#N/A
P7_F12_BHI_50DMSO_25MeOH.mzML,500.304,0,6.97,6.97,7.42,TDCA,,#N/A
P7_G1_TLCA_EcAZ-1-cat_0h.mzML,500.304,285724,7.15,6.97,7.42,TDCA,,#N/A
P7_G2_TDCA_EcAZ-1-cat_0h.mzML,500.304,588719104,7.1,6.97,7.42,TDCA,,#N/A
P7_G3_TCDCA_EcAZ-1-cat_0h.mzML,500.304,1424919,6.97,6.97,7.42,TDCA,,#N/A
P7_G4_TUDCA_EcAZ-1-cat_0h.mzML,500.304,22652,7.09,6.97,7.42,TDCA,,#N/A
P7_G5_TCA_EcAZ-1-cat_0h.mzML,500.304,1183555,7.14,6.97,7.42,TDCA,,#N/A
P7_G6_GLCA_EcAZ-1-cat_0h.mzML,500.304,109241,7.12,6.97,7.42,TDCA,,#N/A
P7_G7_GDCA_EcAZ-1-cat_0h.mzML,500.304,0,6.97,6.97,7.42,TDCA,,#N/A
P7_G8_GCDCA_EcAZ-1-cat_0h.mzML,500.304,0,6.97,6.97,7.42,TDCA,,#N/A
P7_G9_GUDCA_EcAZ-1-cat_0h.mzML,500.304,0,6.97,6.97,7.42,TDCA,,#N/A
P7_G10_GCA_EcAZ-1-cat_0h.mzML,500.304,0,6.97,6.97,7.42,TDCA,,#N/A
P7_G11_BHI_50MeOH.mzML,500.304,0,6.97,6.97,7.42,TDCA,,#N/A
P7_G12_BHI_50DMSO_25MeOH.mzML,500.304,0,6.97,6.97,7.42,TDCA,,#N/A
P7_H1_TLCA_ctrl_0h.mzML,500.304,266431,7.15,6.97,7.42,TDCA,,#N/A
P7_H2_TDCA_ctrl_0h.mzML,500.304,673993536,7.06,6.97,7.42,TDCA,,#N/A
P7_H3_TCDCA_ctrl_0h.mzML,500.304,1336909,6.97,6.97,7.42,TDCA,,#N/A
P7_H4_TUDCA_ctrl_0h.mzML,500.304,432448,7.11,6.97,7.42,TDCA,,#N/A
P7_H5_TCA_ctrl_0h.mzML,500.304,1383295,7.14,6.97,7.42,TDCA,,#N/A
P7_H6_GLCA_ctrl_0h.mzML,500.304,105090,7.11,6.97,7.42,TDCA,,#N/A
P7_H7_GDCA_ctrl_0h.mzML,500.304,0,6.97,6.97,7.42,TDCA,,#N/A
P7_H8_GCDCA_ctrl_0h.mzML,500.304,1456,7.1,6.97,7.42,TDCA,,#N/A
P7_H9_GUDCA_ctrl_0h.mzML,500.304,0,6.97,6.97,7.42,TDCA,,#N/A
P7_H10_GCA_ctrl_0h.mzML,500.304,0,6.97,6.97,7.42,TDCA,,#N/A
P7_H11_BHI_50MeOH.mzML,500.304,0,6.97,6.97,7.42,TDCA,,#N/A
P7_H12_BHI_50DMSO_25MeOH.mzML,500.304,0,6.97,6.97,7.42,TDCA,,#N/A
TCA_std.mzML,500.304,286,6.99,6.97,7.42,TDCA,,#N/A
TCDCA_std.mzML,500.304,16092,7.04,6.97,7.42,TDCA,,#N/A
TDCA_std.mzML,500.304,1087305,6.97,6.97,7.42,TDCA,,#N/A
TLCA_std.mzML,500.304,0,6.97,6.97,7.42,TDCA,,#N/A
TUDCA_std.mzML,500.304,24545,7,6.97,7.42,TDCA,,#N/A
UDCA_aminoacids.mzML,500.304,0,6.97,6.97,7.42,TDCA,,#N/A
CA_aminoacids.mzML,484.3091,0,8.58,8.58,8.78,TLCA,,#N/A
CA_DCA_LCA_aminoacids.mzML,484.3091,0,8.58,8.58,8.78,TLCA,,#N/A
CDCA_aminoacids.mzML,484.3091,0,8.58,8.58,8.78,TLCA,,#N/A
DCA_aminoacids.mzML,484.3091,0,8.58,8.58,8.78,TLCA,,#N/A
DCA_aminoacids_2.mzML,484.3091,0,8.58,8.58,8.78,TLCA,,#N/A
GCA_std.mzML,484.3091,0,8.58,8.58,8.78,TLCA,,#N/A
GCDCA_std.mzML,484.3091,0,8.58,8.58,8.78,TLCA,,#N/A
GDCA_std.mzML,484.3091,0,8.58,8.58,8.78,TLCA,,#N/A
GLCA_std.mzML,484.3091,0,8.58,8.58,8.78,TLCA,,#N/A
GUDCA_std.mzML,484.3091,0,8.58,8.58,8.78,TLCA,,#N/A
P4_A1_TLCA_Dny_BSH1_0h.mzML,484.3091,146694800,8.64,8.58,8.78,TLCA,,#N/A
P4_A2_TDCA_Dny_BSH1_0h.mzML,484.3091,0,8.58,8.58,8.78,TLCA,,#N/A
P4_A3_TCDCA_Dny_BSH1_0h.mzML,484.3091,25576,8.67,8.58,8.78,TLCA,,#N/A
P4_A4_TUDCA_Dny_BSH1_0h.mzML,484.3091,0,8.58,8.58,8.78,TLCA,,#N/A
P4_A5_TCA_Dny_BSH1_0h.mzML,484.3091,0,8.58,8.58,8.78,TLCA,,#N/A
P4_A6_GLCA_Dny_BSH1_0h.mzML,484.3091,0,8.58,8.58,8.78,TLCA,,#N/A
P4_A7_GDCA_Dny_BSH1_0h.mzML,484.3091,0,8.58,8.58,8.78,TLCA,,#N/A
P4_A8_GCDCA_Dny_BSH1_0h.mzML,484.3091,0,8.58,8.58,8.78,TLCA,,#N/A
P4_A9_GUDCA_Dny_BSH1_0h.mzML,484.3091,0,8.58,8.58,8.78,TLCA,,#N/A
P4_A10_GCA_Dny_BSH1_0h.mzML,484.3091,0,8.58,8.58,8.78,TLCA,,#N/A
P4_A11_BHI_50MeOH.mzML,484.3091,0,8.58,8.58,8.78,TLCA,,#N/A
P4_A12_BHI_50DMSO_25MeOH.mzML,484.3091,0,8.58,8.58,8.78,TLCA,,#N/A
P4_B1_TLCA_Dny_BSH2_0h.mzML,484.3091,169648688,8.64,8.58,8.78,TLCA,,#N/A
P4_B2_TDCA_Dny_BSH2_0h.mzML,484.3091,0,8.58,8.58,8.78,TLCA,,#N/A
P4_B3_TCDCA_Dny_BSH2_0h.mzML,484.3091,0,8.58,8.58,8.78,TLCA,,#N/A
P4_B4_TUDCA_Dny_BSH2_0h.mzML,484.3091,65091,8.65,8.58,8.78,TLCA,,#N/A
P4_B5_TCA_Dny_BSH2_0h.mzML,484.3091,0,8.58,8.58,8.78,TLCA,,#N/A
P4_B6_GLCA_Dny_BSH2_0h.mzML,484.3091,0,8.58,8.58,8.78,TLCA,,#N/A
P4_B7_GDCA_Dny_BSH2_0h.mzML,484.3091,0,8.58,8.58,8.78,TLCA,,#N/A
P4_B8_GCDCA_Dny_BSH2_0h.mzML,484.3091,0,8.58,8.58,8.78,TLCA,,#N/A
P4_B9_GUDCA_Dny_BSH2_0h.mzML,484.3091,0,8.58,8.58,8.78,TLCA,,#N/A
P4_B10_GCA_Dny_BSH2_0h.mzML,484.3091,0,8.58,8.58,8.78,TLCA,,#N/A
P4_B11_BHI_50MeOH.mzML,484.3091,0,8.58,8.58,8.78,TLCA,,#N/A
P4_B12_BHI_50DMSO_25MeOH.mzML,484.3091,0,8.58,8.58,8.78,TLCA,,#N/A
P4_C1_TLCA_Lgasseri_BSH_0h.mzML,484.3091,4541673,8.64,8.58,8.78,TLCA,,#N/A
P4_C2_TDCA_Lgasseri_BSH_0h.mzML,484.3091,0,8.58,8.58,8.78,TLCA,,#N/A
P4_C3_TCDCA_Lgasseri_BSH_0h.mzML,484.3091,0,8.58,8.58,8.78,TLCA,,#N/A
P4_C4_TUDCA_Lgasseri_BSH_0h.mzML,484.3091,0,8.58,8.58,8.78,TLCA,,#N/A
P4_C5_TCA_Lgasseri_BSH_0h.mzML,484.3091,0,8.58,8.58,8.78,TLCA,,#N/A
P4_C6_GLCA_Lgasseri_BSH_0h.mzML,484.3091,0,8.58,8.58,8.78,TLCA,,#N/A
P4_C7_GDCA_Lgasseri_BSH_0h.mzML,484.3091,0,8.58,8.58,8.78,TLCA,,#N/A
P4_C8_GCDCA_Lgasseri_BSH_0h.mzML,484.3091,10539,8.62,8.58,8.78,TLCA,,#N/A
P4_C9_GUDCA_Lgasseri_BSH_0h.mzML,484.3091,0,8.58,8.58,8.78,TLCA,,#N/A
P4_C10_GCA_Lgasseri_BSH_0h.mzML,484.3091,0,8.58,8.58,8.78,TLCA,,#N/A
P4_C11_BHI_50MeOH.mzML,484.3091,0,8.58,8.58,8.78,TLCA,,#N/A
P4_C12_BHI_50DMSO_25MeOH.mzML,484.3091,0,8.58,8.58,8.78,TLCA,,#N/A
P4_D1_TLCA_LCAG-95_BSH1208_0h.mzML,484.3091,32792496,8.65,8.58,8.78,TLCA,,#N/A
P4_D2_TDCA_LCAG-95_BSH1208_0h.mzML,484.3091,0,8.58,8.58,8.78,TLCA,,#N/A
P4_D3_TCDCA_LCAG-95_BSH1208_0h.mzML,484.3091,0,8.58,8.58,8.78,TLCA,,#N/A
P4_D4_TUDCA_LCAG-95_BSH1208_0h.mzML,484.3091,0,8.58,8.58,8.78,TLCA,,#N/A
P4_D5_TCA_LCAG-95_BSH1208_0h.mzML,484.3091,0,8.58,8.58,8.78,TLCA,,#N/A
P4_D6_GLCA_LCAG-95_BSH1208_0h.mzML,484.3091,0,8.58,8.58,8.78,TLCA,,#N/A
P4_D7_GDCA_LCAG-95_BSH1208_0h.mzML,484.3091,0,8.58,8.58,8.78,TLCA,,#N/A
P4_D8_GCDCA_LCAG-95_BSH1208_0h.mzML,484.3091,0,8.58,8.58,8.78,TLCA,,#N/A
P4_D9_GUDCA_LCAG-95_BSH1208_0h.mzML,484.3091,0,8.58,8.58,8.78,TLCA,,#N/A
P4_D10_GCA_LCAG-95_BSH1208_0h.mzML,484.3091,0,8.58,8.58,8.78,TLCA,,#N/A
P4_D11_BHI_50MeOH.mzML,484.3091,0,8.58,8.58,8.78,TLCA,,#N/A
P4_D12_BHI_50DMSO_25MeOH.mzML,484.3091,0,8.58,8.58,8.78,TLCA,,#N/A
P4_E1_TLCA_Ep_BSH101_0h.mzML,484.3091,159245616,8.64,8.58,8.78,TLCA,,#N/A
P4_E2_TDCA_Ep_BSH101_0h.mzML,484.3091,0,8.58,8.58,8.78,TLCA,,#N/A
P4_E3_TCDCA_Ep_BSH101_0h.mzML,484.3091,0,8.58,8.58,8.78,TLCA,,#N/A
P4_E4_TUDCA_Ep_BSH101_0h.mzML,484.3091,0,8.58,8.58,8.78,TLCA,,#N/A
P4_E5_TCA_Ep_BSH101_0h.mzML,484.3091,0,8.58,8.58,8.78,TLCA,,#N/A
P4_E6_GLCA_Ep_BSH101_0h.mzML,484.3091,0,8.58,8.58,8.78,TLCA,,#N/A
P4_E7_GDCA_Ep_BSH101_0h.mzML,484.3091,0,8.58,8.58,8.78,TLCA,,#N/A
P4_E8_GCDCA_Ep_BSH101_0h.mzML,484.3091,0,8.58,8.58,8.78,TLCA,,#N/A
P4_E9_GUDCA_Ep_BSH101_0h.mzML,484.3091,0,8.58,8.58,8.78,TLCA,,#N/A
P4_E10_GCA_Ep_BSH101_0h.mzML,484.3091,0,8.58,8.58,8.78,TLCA,,#N/A
P4_E11_BHI_50MeOH.mzML,484.3091,0,8.58,8.58,8.78,TLCA,,#N/A
P4_E12_BHI_50DMSO_25MeOH.mzML,484.3091,0,8.58,8.58,8.78,TLCA,,#N/A
P4_F1_TLCA_AZ-52_0h.mzML,484.3091,56696684,8.65,8.58,8.78,TLCA,,#N/A
P4_F2_TDCA_AZ-52_0h.mzML,484.3091,0,8.58,8.58,8.78,TLCA,,#N/A
P4_F3_TCDCA_AZ-52_0h.mzML,484.3091,0,8.58,8.58,8.78,TLCA,,#N/A
P4_F4_TUDCA_AZ-52_0h.mzML,484.3091,0,8.58,8.58,8.78,TLCA,,#N/A
P4_F5_TCA_AZ-52_0h.mzML,484.3091,0,8.58,8.58,8.78,TLCA,,#N/A
P4_F6_GLCA_AZ-52_0h.mzML,484.3091,0,8.58,8.58,8.78,TLCA,,#N/A
P4_F7_GDCA_AZ-52_0h.mzML,484.3091,0,8.58,8.58,8.78,TLCA,,#N/A
P4_F8_GCDCA_AZ-52_0h.mzML,484.3091,0,8.58,8.58,8.78,TLCA,,#N/A
P4_F9_GUDCA_AZ-52_0h.mzML,484.3091,0,8.58,8.58,8.78,TLCA,,#N/A
P4_F10_GCA_AZ-52_0h.mzML,484.3091,0,8.58,8.58,8.78,TLCA,,#N/A
P4_F11_BHI_50MeOH.mzML,484.3091,0,8.58,8.58,8.78,TLCA,,#N/A
P4_F12_BHI_50DMSO_25MeOH.mzML,484.3091,0,8.58,8.58,8.78,TLCA,,#N/A
P4_G1_TLCA_EcAZ-1-cat_0h.mzML,484.3091,176338080,8.66,8.58,8.78,TLCA,,#N/A
P4_G2_TDCA_EcAZ-1-cat_0h.mzML,484.3091,0,8.58,8.58,8.78,TLCA,,#N/A
P4_G3_TCDCA_EcAZ-1-cat_0h.mzML,484.3091,0,8.58,8.58,8.78,TLCA,,#N/A
P4_G4_TUDCA_EcAZ-1-cat_0h.mzML,484.3091,0,8.58,8.58,8.78,TLCA,,#N/A
P4_G5_TCA_EcAZ-1-cat_0h.mzML,484.3091,0,8.58,8.58,8.78,TLCA,,#N/A
P4_G6_GLCA_EcAZ-1-cat_0h.mzML,484.3091,0,8.58,8.58,8.78,TLCA,,#N/A
P4_G7_GDCA_EcAZ-1-cat_0h.mzML,484.3091,0,8.58,8.58,8.78,TLCA,,#N/A
P4_G8_GCDCA_EcAZ-1-cat_0h.mzML,484.3091,0,8.58,8.58,8.78,TLCA,,#N/A
P4_G9_GUDCA_EcAZ-1-cat_0h.mzML,484.3091,0,8.58,8.58,8.78,TLCA,,#N/A
P4_G10_GCA_EcAZ-1-cat_0h.mzML,484.3091,0,8.58,8.58,8.78,TLCA,,#N/A
P4_G11_BHI_50MeOH.mzML,484.3091,0,8.58,8.58,8.78,TLCA,,#N/A
P4_G12_BHI_50DMSO_25MeOH.mzML,484.3091,0,8.58,8.58,8.78,TLCA,,#N/A
P4_H1_TLCA_ctrl_0h.mzML,484.3091,155055056,8.66,8.58,8.78,TLCA,,#N/A
P4_H2_TDCA_ctrl_0h.mzML,484.3091,0,8.58,8.58,8.78,TLCA,,#N/A
P4_H3_TCDCA_ctrl_0h.mzML,484.3091,0,8.58,8.58,8.78,TLCA,,#N/A
P4_H4_TUDCA_ctrl_0h.mzML,484.3091,0,8.58,8.58,8.78,TLCA,,#N/A
P4_H5_TCA_ctrl_0h.mzML,484.3091,0,8.58,8.58,8.78,TLCA,,#N/A
P4_H6_GLCA_ctrl_0h.mzML,484.3091,0,8.58,8.58,8.78,TLCA,,#N/A
P4_H7_GDCA_ctrl_0h.mzML,484.3091,0,8.58,8.58,8.78,TLCA,,#N/A
P4_H8_GCDCA_ctrl_0h.mzML,484.3091,0,8.58,8.58,8.78,TLCA,,#N/A
P4_H9_GUDCA_ctrl_0h.mzML,484.3091,0,8.58,8.58,8.78,TLCA,,#N/A
P4_H10_GCA_ctrl_0h.mzML,484.3091,0,8.58,8.58,8.78,TLCA,,#N/A
P4_H11_BHI_50MeOH.mzML,484.3091,0,8.58,8.58,8.78,TLCA,,#N/A
P4_H12_BHI_50DMSO_25MeOH.mzML,484.3091,0,8.58,8.58,8.78,TLCA,,#N/A
P7_A1_TLCA_Dny_BSH1_0h.mzML,484.3091,202564544,8.67,8.58,8.78,TLCA,,#N/A
P7_A2_TDCA_Dny_BSH1_0h.mzML,484.3091,0,8.58,8.58,8.78,TLCA,,#N/A
P7_A3_TCDCA_Dny_BSH1_0h.mzML,484.3091,0,8.58,8.58,8.78,TLCA,,#N/A
P7_A4_TUDCA_Dny_BSH1_0h.mzML,484.3091,0,8.58,8.58,8.78,TLCA,,#N/A
P7_A5_TCA_Dny_BSH1_0h.mzML,484.3091,0,8.58,8.58,8.78,TLCA,,#N/A
P7_A6_GLCA_Dny_BSH1_0h.mzML,484.3091,0,8.58,8.58,8.78,TLCA,,#N/A
P7_A7_GDCA_Dny_BSH1_0h.mzML,484.3091,0,8.58,8.58,8.78,TLCA,,#N/A
P7_A8_GCDCA_Dny_BSH1_0h.mzML,484.3091,0,8.58,8.58,8.78,TLCA,,#N/A
P7_A9_GUDCA_Dny_BSH1_0h.mzML,484.3091,0,8.58,8.58,8.78,TLCA,,#N/A
P7_A10_GCA_Dny_BSH1_0h.mzML,484.3091,0,8.58,8.58,8.78,TLCA,,#N/A
P7_A11_BHI_50MeOH.mzML,484.3091,0,8.58,8.58,8.78,TLCA,,#N/A
P7_A12_BHI_50DMSO_25MeOH.mzML,484.3091,0,8.58,8.58,8.78,TLCA,,#N/A
P7_B1_TLCA_Dny_BSH2_0h.mzML,484.3091,190777648,8.67,8.58,8.78,TLCA,,#N/A
P7_B2_TDCA_Dny_BSH2_0h.mzML,484.3091,3660212,8.68,8.58,8.78,TLCA,,#N/A
P7_B3_TCDCA_Dny_BSH2_0h.mzML,484.3091,36994,8.7,8.58,8.78,TLCA,,#N/A
P7_B4_TUDCA_Dny_BSH2_0h.mzML,484.3091,0,8.58,8.58,8.78,TLCA,,#N/A
P7_B5_TCA_Dny_BSH2_0h.mzML,484.3091,0,8.58,8.58,8.78,TLCA,,#N/A
P7_B6_GLCA_Dny_BSH2_0h.mzML,484.3091,0,8.58,8.58,8.78,TLCA,,#N/A
P7_B7_GDCA_Dny_BSH2_0h.mzML,484.3091,0,8.58,8.58,8.78,TLCA,,#N/A
P7_B8_GCDCA_Dny_BSH2_0h.mzML,484.3091,0,8.58,8.58,8.78,TLCA,,#N/A
P7_B9_GUDCA_Dny_BSH2_0h.mzML,484.3091,0,8.58,8.58,8.78,TLCA,,#N/A
P7_B10_GCA_Dny_BSH2_0h.mzML,484.3091,0,8.58,8.58,8.78,TLCA,,#N/A
P7_B11_BHI_50MeOH.mzML,484.3091,0,8.58,8.58,8.78,TLCA,,#N/A
P7_B12_BHI_50DMSO_25MeOH.mzML,484.3091,0,8.58,8.58,8.78,TLCA,,#N/A
P7_C1_TLCA_Lgasseri_BSH_0h.mzML,484.3091,13990412,8.67,8.58,8.78,TLCA,,#N/A
P7_C2_TDCA_Lgasseri_BSH_0h.mzML,484.3091,0,8.58,8.58,8.78,TLCA,,#N/A
P7_C3_TCDCA_Lgasseri_BSH_0h.mzML,484.3091,0,8.58,8.58,8.78,TLCA,,#N/A
P7_C4_TUDCA_Lgasseri_BSH_0h.mzML,484.3091,0,8.58,8.58,8.78,TLCA,,#N/A
P7_C5_TCA_Lgasseri_BSH_0h.mzML,484.3091,0,8.58,8.58,8.78,TLCA,,#N/A
P7_C6_GLCA_Lgasseri_BSH_0h.mzML,484.3091,0,8.58,8.58,8.78,TLCA,,#N/A
P7_C7_GDCA_Lgasseri_BSH_0h.mzML,484.3091,0,8.58,8.58,8.78,TLCA,,#N/A
P7_C8_GCDCA_Lgasseri_BSH_0h.mzML,484.3091,0,8.58,8.58,8.78,TLCA,,#N/A
P7_C9_GUDCA_Lgasseri_BSH_0h.mzML,484.3091,0,8.58,8.58,8.78,TLCA,,#N/A
P7_C10_GCA_Lgasseri_BSH_0h.mzML,484.3091,0,8.58,8.58,8.78,TLCA,,#N/A
P7_C11_BHI_50MeOH.mzML,484.3091,0,8.58,8.58,8.78,TLCA,,#N/A
P7_C12_BHI_50DMSO_25MeOH.mzML,484.3091,0,8.58,8.58,8.78,TLCA,,#N/A
P7_D1_TLCA_LCAG-95_BSH1208_0h.mzML,484.3091,90954768,8.67,8.58,8.78,TLCA,,#N/A
P7_D2_TDCA_LCAG-95_BSH1208_0h.mzML,484.3091,0,8.58,8.58,8.78,TLCA,,#N/A
P7_D3_TCDCA_LCAG-95_BSH1208_0h.mzML,484.3091,0,8.58,8.58,8.78,TLCA,,#N/A
P7_D4_TUDCA_LCAG-95_BSH1208_0h.mzML,484.3091,0,8.58,8.58,8.78,TLCA,,#N/A
P7_D5_TCA_LCAG-95_BSH1208_0h.mzML,484.3091,0,8.58,8.58,8.78,TLCA,,#N/A
P7_D6_GLCA_LCAG-95_BSH1208_0h.mzML,484.3091,0,8.58,8.58,8.78,TLCA,,#N/A
P7_D7_GDCA_LCAG-95_BSH1208_0h.mzML,484.3091,0,8.58,8.58,8.78,TLCA,,#N/A
P7_D8_GCDCA_LCAG-95_BSH1208_0h.mzML,484.3091,0,8.58,8.58,8.78,TLCA,,#N/A
P7_D9_GUDCA_LCAG-95_BSH1208_0h.mzML,484.3091,0,8.58,8.58,8.78,TLCA,,#N/A
P7_D10_GCA_LCAG-95_BSH1208_0h.mzML,484.3091,0,8.58,8.58,8.78,TLCA,,#N/A
P7_D11_BHI_50MeOH.mzML,484.3091,0,8.58,8.58,8.78,TLCA,,#N/A
P7_D12_BHI_50DMSO_25MeOH.mzML,484.3091,0,8.58,8.58,8.78,TLCA,,#N/A
P7_E1_TLCA_Ep_BSH101_0h.mzML,484.3091,136225392,8.66,8.58,8.78,TLCA,,#N/A
P7_E2_TDCA_Ep_BSH101_0h.mzML,484.3091,0,8.58,8.58,8.78,TLCA,,#N/A
P7_E3_TCDCA_Ep_BSH101_0h.mzML,484.3091,0,8.58,8.58,8.78,TLCA,,#N/A
P7_E4_TUDCA_Ep_BSH101_0h.mzML,484.3091,0,8.58,8.58,8.78,TLCA,,#N/A
P7_E5_TCA_Ep_BSH101_0h.mzML,484.3091,0,8.58,8.58,8.78,TLCA,,#N/A
P7_E6_GLCA_Ep_BSH101_0h.mzML,484.3091,0,8.58,8.58,8.78,TLCA,,#N/A
P7_E7_GDCA_Ep_BSH101_0h.mzML,484.3091,0,8.58,8.58,8.78,TLCA,,#N/A
P7_E8_GCDCA_Ep_BSH101_0h.mzML,484.3091,0,8.58,8.58,8.78,TLCA,,#N/A
P7_E9_GUDCA_Ep_BSH101_0h.mzML,484.3091,0,8.58,8.58,8.78,TLCA,,#N/A
P7_E10_GCA_Ep_BSH101_0h.mzML,484.3091,0,8.58,8.58,8.78,TLCA,,#N/A
P7_E11_BHI_50MeOH.mzML,484.3091,0,8.58,8.58,8.78,TLCA,,#N/A
P7_E12_BHI_50DMSO_25MeOH.mzML,484.3091,0,8.58,8.58,8.78,TLCA,,#N/A
P7_F1_TLCA_AZ-52_0h.mzML,484.3091,76008176,8.67,8.58,8.78,TLCA,,#N/A
P7_F2_TDCA_AZ-52_0h.mzML,484.3091,0,8.58,8.58,8.78,TLCA,,#N/A
P7_F3_TCDCA_AZ-52_0h.mzML,484.3091,0,8.58,8.58,8.78,TLCA,,#N/A
P7_F4_TUDCA_AZ-52_0h.mzML,484.3091,0,8.58,8.58,8.78,TLCA,,#N/A
P7_F5_TCA_AZ-52_0h.mzML,484.3091,0,8.58,8.58,8.78,TLCA,,#N/A
P7_F6_GLCA_AZ-52_0h.mzML,484.3091,0,8.58,8.58,8.78,TLCA,,#N/A
P7_F7_GDCA_AZ-52_0h.mzML,484.3091,0,8.58,8.58,8.78,TLCA,,#N/A
P7_F8_GCDCA_AZ-52_0h.mzML,484.3091,0,8.58,8.58,8.78,TLCA,,#N/A
P7_F9_GUDCA_AZ-52_0h.mzML,484.3091,0,8.58,8.58,8.78,TLCA,,#N/A
P7_F10_GCA_AZ-52_0h.mzML,484.3091,0,8.58,8.58,8.78,TLCA,,#N/A
P7_F11_BHI_50MeOH.mzML,484.3091,0,8.58,8.58,8.78,TLCA,,#N/A
P7_F12_BHI_50DMSO_25MeOH.mzML,484.3091,0,8.58,8.58,8.78,TLCA,,#N/A
P7_G1_TLCA_EcAZ-1-cat_0h.mzML,484.3091,151801456,8.67,8.58,8.78,TLCA,,#N/A
P7_G2_TDCA_EcAZ-1-cat_0h.mzML,484.3091,0,8.58,8.58,8.78,TLCA,,#N/A
P7_G3_TCDCA_EcAZ-1-cat_0h.mzML,484.3091,53225,8.68,8.58,8.78,TLCA,,#N/A
P7_G4_TUDCA_EcAZ-1-cat_0h.mzML,484.3091,45051,8.68,8.58,8.78,TLCA,,#N/A
P7_G5_TCA_EcAZ-1-cat_0h.mzML,484.3091,0,8.58,8.58,8.78,TLCA,,#N/A
P7_G6_GLCA_EcAZ-1-cat_0h.mzML,484.3091,0,8.58,8.58,8.78,TLCA,,#N/A
P7_G7_GDCA_EcAZ-1-cat_0h.mzML,484.3091,0,8.58,8.58,8.78,TLCA,,#N/A
P7_G8_GCDCA_EcAZ-1-cat_0h.mzML,484.3091,0,8.58,8.58,8.78,TLCA,,#N/A
P7_G9_GUDCA_EcAZ-1-cat_0h.mzML,484.3091,0,8.58,8.58,8.78,TLCA,,#N/A
P7_G10_GCA_EcAZ-1-cat_0h.mzML,484.3091,0,8.58,8.58,8.78,TLCA,,#N/A
P7_G11_BHI_50MeOH.mzML,484.3091,0,8.58,8.58,8.78,TLCA,,#N/A
P7_G12_BHI_50DMSO_25MeOH.mzML,484.3091,0,8.58,8.58,8.78,TLCA,,#N/A
P7_H1_TLCA_ctrl_0h.mzML,484.3091,154137472,8.67,8.58,8.78,TLCA,,#N/A
P7_H2_TDCA_ctrl_0h.mzML,484.3091,0,8.58,8.58,8.78,TLCA,,#N/A
P7_H3_TCDCA_ctrl_0h.mzML,484.3091,53517,8.65,8.58,8.78,TLCA,,#N/A
P7_H4_TUDCA_ctrl_0h.mzML,484.3091,0,8.58,8.58,8.78,TLCA,,#N/A
P7_H5_TCA_ctrl_0h.mzML,484.3091,0,8.58,8.58,8.78,TLCA,,#N/A
P7_H6_GLCA_ctrl_0h.mzML,484.3091,0,8.58,8.58,8.78,TLCA,,#N/A
P7_H7_GDCA_ctrl_0h.mzML,484.3091,0,8.58,8.58,8.78,TLCA,,#N/A
P7_H8_GCDCA_ctrl_0h.mzML,484.3091,0,8.58,8.58,8.78,TLCA,,#N/A
P7_H9_GUDCA_ctrl_0h.mzML,484.3091,0,8.58,8.58,8.78,TLCA,,#N/A
P7_H10_GCA_ctrl_0h.mzML,484.3091,0,8.58,8.58,8.78,TLCA,,#N/A
P7_H11_BHI_50MeOH.mzML,484.3091,0,8.58,8.58,8.78,TLCA,,#N/A
P7_H12_BHI_50DMSO_25MeOH.mzML,484.3091,0,8.58,8.58,8.78,TLCA,,#N/A
TCA_std.mzML,484.3091,0,8.58,8.58,8.78,TLCA,,#N/A
TCDCA_std.mzML,484.3091,7623,8.61,8.58,8.78,TLCA,,#N/A
TDCA_std.mzML,484.3091,1910,8.62,8.58,8.78,TLCA,,#N/A
TLCA_std.mzML,484.3091,12139475,8.62,8.58,8.78,TLCA,,#N/A
TUDCA_std.mzML,484.3091,49871,8.62,8.58,8.78,TLCA,,#N/A
UDCA_aminoacids.mzML,484.3091,0,8.58,8.58,8.78,TLCA,,#N/A
CA_aminoacids.mzML,500.304,3543,5.1,4.74,5.12,TUDCA,,#N/A
CA_DCA_LCA_aminoacids.mzML,500.304,601468,4.84,4.74,5.12,TUDCA,,#N/A
CDCA_aminoacids.mzML,500.304,0,4.74,4.74,5.12,TUDCA,,#N/A
DCA_aminoacids.mzML,500.304,0,4.74,4.74,5.12,TUDCA,,#N/A
DCA_aminoacids_2.mzML,500.304,0,4.74,4.74,5.12,TUDCA,,#N/A
GCA_std.mzML,500.304,0,4.74,4.74,5.12,TUDCA,,#N/A
GCDCA_std.mzML,500.304,0,4.74,4.74,5.12,TUDCA,,#N/A
GDCA_std.mzML,500.304,0,4.74,4.74,5.12,TUDCA,,#N/A
GLCA_std.mzML,500.304,0,4.74,4.74,5.12,TUDCA,,#N/A
GUDCA_std.mzML,500.304,0,4.74,4.74,5.12,TUDCA,,#N/A
P4_A1_TLCA_Dny_BSH1_0h.mzML,500.304,7940,4.88,4.74,5.12,TUDCA,,#N/A
P4_A2_TDCA_Dny_BSH1_0h.mzML,500.304,1053,4.8,4.74,5.12,TUDCA,,#N/A
P4_A3_TCDCA_Dny_BSH1_0h.mzML,500.304,3706,4.85,4.74,5.12,TUDCA,,#N/A
P4_A4_TUDCA_Dny_BSH1_0h.mzML,500.304,157858448,4.78,4.74,5.12,TUDCA,,#N/A
P4_A5_TCA_Dny_BSH1_0h.mzML,500.304,10244,4.82,4.74,5.12,TUDCA,,#N/A
P4_A6_GLCA_Dny_BSH1_0h.mzML,500.304,164096,4.87,4.74,5.12,TUDCA,,#N/A
P4_A7_GDCA_Dny_BSH1_0h.mzML,500.304,12009,4.87,4.74,5.12,TUDCA,,#N/A
P4_A8_GCDCA_Dny_BSH1_0h.mzML,500.304,4900,4.87,4.74,5.12,TUDCA,,#N/A
P4_A9_GUDCA_Dny_BSH1_0h.mzML,500.304,2878,4.84,4.74,5.12,TUDCA,,#N/A
P4_A10_GCA_Dny_BSH1_0h.mzML,500.304,993,4.76,4.74,5.12,TUDCA,,#N/A
P4_A11_BHI_50MeOH.mzML,500.304,8535,4.86,4.74,5.12,TUDCA,,#N/A
P4_A12_BHI_50DMSO_25MeOH.mzML,500.304,0,4.74,4.74,5.12,TUDCA,,#N/A
P4_B1_TLCA_Dny_BSH2_0h.mzML,500.304,1607,4.82,4.74,5.12,TUDCA,,#N/A
P4_B2_TDCA_Dny_BSH2_0h.mzML,500.304,2876,4.8,4.74,5.12,TUDCA,,#N/A
P4_B3_TCDCA_Dny_BSH2_0h.mzML,500.304,3267,4.74,4.74,5.12,TUDCA,,#N/A
P4_B4_TUDCA_Dny_BSH2_0h.mzML,500.304,187673648,4.78,4.74,5.12,TUDCA,,#N/A
P4_B5_TCA_Dny_BSH2_0h.mzML,500.304,6650,4.82,4.74,5.12,TUDCA,,#N/A
P4_B6_GLCA_Dny_BSH2_0h.mzML,500.304,155249,4.84,4.74,5.12,TUDCA,,#N/A
P4_B7_GDCA_Dny_BSH2_0h.mzML,500.304,25167,4.9,4.74,5.12,TUDCA,,#N/A
P4_B8_GCDCA_Dny_BSH2_0h.mzML,500.304,0,4.74,4.74,5.12,TUDCA,,#N/A
P4_B9_GUDCA_Dny_BSH2_0h.mzML,500.304,1328,4.8,4.74,5.12,TUDCA,,#N/A
P4_B10_GCA_Dny_BSH2_0h.mzML,500.304,0,4.74,4.74,5.12,TUDCA,,#N/A
P4_B11_BHI_50MeOH.mzML,500.304,0,4.74,4.74,5.12,TUDCA,,#N/A
P4_B12_BHI_50DMSO_25MeOH.mzML,500.304,0,4.74,4.74,5.12,TUDCA,,#N/A
P4_C1_TLCA_Lgasseri_BSH_0h.mzML,500.304,6373,4.89,4.74,5.12,TUDCA,,#N/A
P4_C2_TDCA_Lgasseri_BSH_0h.mzML,500.304,0,4.74,4.74,5.12,TUDCA,,#N/A
P4_C3_TCDCA_Lgasseri_BSH_0h.mzML,500.304,9366,4.88,4.74,5.12,TUDCA,,#N/A
P4_C4_TUDCA_Lgasseri_BSH_0h.mzML,500.304,100382080,4.8,4.74,5.12,TUDCA,,#N/A
P4_C5_TCA_Lgasseri_BSH_0h.mzML,500.304,2790,4.84,4.74,5.12,TUDCA,,#N/A
P4_C6_GLCA_Lgasseri_BSH_0h.mzML,500.304,227706,4.85,4.74,5.12,TUDCA,,#N/A
P4_C7_GDCA_Lgasseri_BSH_0h.mzML,500.304,4886,4.84,4.74,5.12,TUDCA,,#N/A
P4_C8_GCDCA_Lgasseri_BSH_0h.mzML,500.304,2433,4.77,4.74,5.12,TUDCA,,#N/A
P4_C9_GUDCA_Lgasseri_BSH_0h.mzML,500.304,7317,4.89,4.74,5.12,TUDCA,,#N/A
P4_C10_GCA_Lgasseri_BSH_0h.mzML,500.304,0,4.74,4.74,5.12,TUDCA,,#N/A
P4_C11_BHI_50MeOH.mzML,500.304,0,4.74,4.74,5.12,TUDCA,,#N/A
P4_C12_BHI_50DMSO_25MeOH.mzML,500.304,0,4.74,4.74,5.12,TUDCA,,#N/A
P4_D1_TLCA_LCAG-95_BSH1208_0h.mzML,500.304,0,4.74,4.74,5.12,TUDCA,,#N/A
P4_D2_TDCA_LCAG-95_BSH1208_0h.mzML,500.304,12219,4.91,4.74,5.12,TUDCA,,#N/A
P4_D3_TCDCA_LCAG-95_BSH1208_0h.mzML,500.304,15342,4.92,4.74,5.12,TUDCA,,#N/A
P4_D4_TUDCA_LCAG-95_BSH1208_0h.mzML,500.304,236477824,4.78,4.74,5.12,TUDCA,,#N/A
P4_D5_TCA_LCAG-95_BSH1208_0h.mzML,500.304,12434,4.85,4.74,5.12,TUDCA,,#N/A
P4_D6_GLCA_LCAG-95_BSH1208_0h.mzML,500.304,150871,4.84,4.74,5.12,TUDCA,,#N/A
P4_D7_GDCA_LCAG-95_BSH1208_0h.mzML,500.304,10886,4.89,4.74,5.12,TUDCA,,#N/A
P4_D8_GCDCA_LCAG-95_BSH1208_0h.mzML,500.304,34507,4.85,4.74,5.12,TUDCA,,#N/A
P4_D9_GUDCA_LCAG-95_BSH1208_0h.mzML,500.304,0,4.74,4.74,5.12,TUDCA,,#N/A
P4_D10_GCA_LCAG-95_BSH1208_0h.mzML,500.304,5143,4.83,4.74,5.12,TUDCA,,#N/A
P4_D11_BHI_50MeOH.mzML,500.304,0,4.74,4.74,5.12,TUDCA,,#N/A
P4_D12_BHI_50DMSO_25MeOH.mzML,500.304,1971,4.86,4.74,5.12,TUDCA,,#N/A
P4_E1_TLCA_Ep_BSH101_0h.mzML,500.304,6914,4.89,4.74,5.12,TUDCA,,#N/A
P4_E2_TDCA_Ep_BSH101_0h.mzML,500.304,990,4.87,4.74,5.12,TUDCA,,#N/A
P4_E3_TCDCA_Ep_BSH101_0h.mzML,500.304,13608,4.93,4.74,5.12,TUDCA,,#N/A
P4_E4_TUDCA_Ep_BSH101_0h.mzML,500.304,142762224,4.82,4.74,5.12,TUDCA,,#N/A
P4_E5_TCA_Ep_BSH101_0h.mzML,500.304,0,4.74,4.74,5.12,TUDCA,,#N/A
P4_E6_GLCA_Ep_BSH101_0h.mzML,500.304,135584,4.85,4.74,5.12,TUDCA,,#N/A
P4_E7_GDCA_Ep_BSH101_0h.mzML,500.304,6429,4.92,4.74,5.12,TUDCA,,#N/A
P4_E8_GCDCA_Ep_BSH101_0h.mzML,500.304,4503,4.89,4.74,5.12,TUDCA,,#N/A
P4_E9_GUDCA_Ep_BSH101_0h.mzML,500.304,0,4.74,4.74,5.12,TUDCA,,#N/A
P4_E10_GCA_Ep_BSH101_0h.mzML,500.304,9663,4.94,4.74,5.12,TUDCA,,#N/A
P4_E11_BHI_50MeOH.mzML,500.304,8682,5.1,4.74,5.12,TUDCA,,#N/A
P4_E12_BHI_50DMSO_25MeOH.mzML,500.304,5988,4.9,4.74,5.12,TUDCA,,#N/A
P4_F1_TLCA_AZ-52_0h.mzML,500.304,1112,4.86,4.74,5.12,TUDCA,,#N/A
P4_F2_TDCA_AZ-52_0h.mzML,500.304,0,4.74,4.74,5.12,TUDCA,,#N/A
P4_F3_TCDCA_AZ-52_0h.mzML,500.304,7955,4.93,4.74,5.12,TUDCA,,#N/A
P4_F4_TUDCA_AZ-52_0h.mzML,500.304,88480352,4.84,4.74,5.12,TUDCA,,#N/A
P4_F5_TCA_AZ-52_0h.mzML,500.304,1716,4.88,4.74,5.12,TUDCA,,#N/A
P4_F6_GLCA_AZ-52_0h.mzML,500.304,244092,4.86,4.74,5.12,TUDCA,,#N/A
P4_F7_GDCA_AZ-52_0h.mzML,500.304,1107,4.84,4.74,5.12,TUDCA,,#N/A
P4_F8_GCDCA_AZ-52_0h.mzML,500.304,1111,4.86,4.74,5.12,TUDCA,,#N/A
P4_F9_GUDCA_AZ-52_0h.mzML,500.304,0,4.74,4.74,5.12,TUDCA,,#N/A
P4_F10_GCA_AZ-52_0h.mzML,500.304,10060,4.93,4.74,5.12,TUDCA,,#N/A
P4_F11_BHI_50MeOH.mzML,500.304,5666,4.92,4.74,5.12,TUDCA,,#N/A
P4_F12_BHI_50DMSO_25MeOH.mzML,500.304,3769,4.85,4.74,5.12,TUDCA,,#N/A
P4_G1_TLCA_EcAZ-1-cat_0h.mzML,500.304,5722,4.96,4.74,5.12,TUDCA,,#N/A
P4_G2_TDCA_EcAZ-1-cat_0h.mzML,500.304,6071,4.93,4.74,5.12,TUDCA,,#N/A
P4_G3_TCDCA_EcAZ-1-cat_0h.mzML,500.304,5420,4.96,4.74,5.12,TUDCA,,#N/A
P4_G4_TUDCA_EcAZ-1-cat_0h.mzML,500.304,140592416,4.84,4.74,5.12,TUDCA,,#N/A
P4_G5_TCA_EcAZ-1-cat_0h.mzML,500.304,9978,4.95,4.74,5.12,TUDCA,,#N/A
P4_G6_GLCA_EcAZ-1-cat_0h.mzML,500.304,250324,4.88,4.74,5.12,TUDCA,,#N/A
P4_G7_GDCA_EcAZ-1-cat_0h.mzML,500.304,5464,4.94,4.74,5.12,TUDCA,,#N/A
P4_G8_GCDCA_EcAZ-1-cat_0h.mzML,500.304,5336,4.93,4.74,5.12,TUDCA,,#N/A
P4_G9_GUDCA_EcAZ-1-cat_0h.mzML,500.304,8732,4.97,4.74,5.12,TUDCA,,#N/A
P4_G10_GCA_EcAZ-1-cat_0h.mzML,500.304,0,4.74,4.74,5.12,TUDCA,,#N/A
P4_G11_BHI_50MeOH.mzML,500.304,4583,4.92,4.74,5.12,TUDCA,,#N/A
P4_G12_BHI_50DMSO_25MeOH.mzML,500.304,1404,4.92,4.74,5.12,TUDCA,,#N/A
P4_H1_TLCA_ctrl_0h.mzML,500.304,7892,4.98,4.74,5.12,TUDCA,,#N/A
P4_H2_TDCA_ctrl_0h.mzML,500.304,6069,4.94,4.74,5.12,TUDCA,,#N/A
P4_H3_TCDCA_ctrl_0h.mzML,500.304,18419,4.89,4.74,5.12,TUDCA,,#N/A
P4_H4_TUDCA_ctrl_0h.mzML,500.304,263200384,4.83,4.74,5.12,TUDCA,,#N/A
P4_H5_TCA_ctrl_0h.mzML,500.304,23591,4.85,4.74,5.12,TUDCA,,#N/A
P4_H6_GLCA_ctrl_0h.mzML,500.304,185783,4.85,4.74,5.12,TUDCA,,#N/A
P4_H7_GDCA_ctrl_0h.mzML,500.304,20416,4.9,4.74,5.12,TUDCA,,#N/A
P4_H8_GCDCA_ctrl_0h.mzML,500.304,1663,4.82,4.74,5.12,TUDCA,,#N/A
P4_H9_GUDCA_ctrl_0h.mzML,500.304,6304,4.89,4.74,5.12,TUDCA,,#N/A
P4_H10_GCA_ctrl_0h.mzML,500.304,5514,4.88,4.74,5.12,TUDCA,,#N/A
P4_H11_BHI_50MeOH.mzML,500.304,3884,4.95,4.74,5.12,TUDCA,,#N/A
P4_H12_BHI_50DMSO_25MeOH.mzML,500.304,1065,4.94,4.74,5.12,TUDCA,,#N/A
P7_A1_TLCA_Dny_BSH1_0h.mzML,500.304,4187,4.92,4.74,5.12,TUDCA,,#N/A
P7_A2_TDCA_Dny_BSH1_0h.mzML,500.304,0,4.74,4.74,5.12,TUDCA,,#N/A
P7_A3_TCDCA_Dny_BSH1_0h.mzML,500.304,0,4.74,4.74,5.12,TUDCA,,#N/A
P7_A4_TUDCA_Dny_BSH1_0h.mzML,500.304,131478616,4.95,4.74,5.12,TUDCA,,#N/A
P7_A5_TCA_Dny_BSH1_0h.mzML,500.304,5487,4.94,4.74,5.12,TUDCA,,#N/A
P7_A6_GLCA_Dny_BSH1_0h.mzML,500.304,202428,5,4.74,5.12,TUDCA,,#N/A
P7_A7_GDCA_Dny_BSH1_0h.mzML,500.304,4900,4.95,4.74,5.12,TUDCA,,#N/A
P7_A8_GCDCA_Dny_BSH1_0h.mzML,500.304,1173,4.92,4.74,5.12,TUDCA,,#N/A
P7_A9_GUDCA_Dny_BSH1_0h.mzML,500.304,29081,4.96,4.74,5.12,TUDCA,,#N/A
P7_A10_GCA_Dny_BSH1_0h.mzML,500.304,0,4.74,4.74,5.12,TUDCA,,#N/A
P7_A11_BHI_50MeOH.mzML,500.304,0,4.74,4.74,5.12,TUDCA,,#N/A
P7_A12_BHI_50DMSO_25MeOH.mzML,500.304,0,4.74,4.74,5.12,TUDCA,,#N/A
P7_B1_TLCA_Dny_BSH2_0h.mzML,500.304,0,4.74,4.74,5.12,TUDCA,,#N/A
P7_B2_TDCA_Dny_BSH2_0h.mzML,500.304,0,4.74,4.74,5.12,TUDCA,,#N/A
P7_B3_TCDCA_Dny_BSH2_0h.mzML,500.304,51168,4.95,4.74,5.12,TUDCA,,#N/A
P7_B4_TUDCA_Dny_BSH2_0h.mzML,500.304,143895488,4.91,4.74,5.12,TUDCA,,#N/A
P7_B5_TCA_Dny_BSH2_0h.mzML,500.304,18369,4.92,4.74,5.12,TUDCA,,#N/A
P7_B6_GLCA_Dny_BSH2_0h.mzML,500.304,208931,4.98,4.74,5.12,TUDCA,,#N/A
P7_B7_GDCA_Dny_BSH2_0h.mzML,500.304,0,4.74,4.74,5.12,TUDCA,,#N/A
P7_B8_GCDCA_Dny_BSH2_0h.mzML,500.304,7436,4.93,4.74,5.12,TUDCA,,#N/A
P7_B9_GUDCA_Dny_BSH2_0h.mzML,500.304,0,4.74,4.74,5.12,TUDCA,,#N/A
P7_B10_GCA_Dny_BSH2_0h.mzML,500.304,10338,4.94,4.74,5.12,TUDCA,,#N/A
P7_B11_BHI_50MeOH.mzML,500.304,591,4.9,4.74,5.12,TUDCA,,#N/A
P7_B12_BHI_50DMSO_25MeOH.mzML,500.304,3644,4.95,4.74,5.12,TUDCA,,#N/A
P7_C1_TLCA_Lgasseri_BSH_0h.mzML,500.304,0,4.74,4.74,5.12,TUDCA,,#N/A
P7_C2_TDCA_Lgasseri_BSH_0h.mzML,500.304,0,4.74,4.74,5.12,TUDCA,,#N/A
P7_C3_TCDCA_Lgasseri_BSH_0h.mzML,500.304,52039,4.99,4.74,5.12,TUDCA,,#N/A
P7_C4_TUDCA_Lgasseri_BSH_0h.mzML,500.304,143219856,4.91,4.74,5.12,TUDCA,,#N/A
P7_C5_TCA_Lgasseri_BSH_0h.mzML,500.304,1594,4.89,4.74,5.12,TUDCA,,#N/A
P7_C6_GLCA_Lgasseri_BSH_0h.mzML,500.304,207663,4.97,4.74,5.12,TUDCA,,#N/A
P7_C7_GDCA_Lgasseri_BSH_0h.mzML,500.304,4318,4.92,4.74,5.12,TUDCA,,#N/A
P7_C8_GCDCA_Lgasseri_BSH_0h.mzML,500.304,2369,4.83,4.74,5.12,TUDCA,,#N/A
P7_C9_GUDCA_Lgasseri_BSH_0h.mzML,500.304,0,4.74,4.74,5.12,TUDCA,,#N/A
P7_C10_GCA_Lgasseri_BSH_0h.mzML,500.304,25614,4.99,4.74,5.12,TUDCA,,#N/A
P7_C11_BHI_50MeOH.mzML,500.304,0,4.74,4.74,5.12,TUDCA,,#N/A
P7_C12_BHI_50DMSO_25MeOH.mzML,500.304,0,4.74,4.74,5.12,TUDCA,,#N/A
P7_D1_TLCA_LCAG-95_BSH1208_0h.mzML,500.304,0,4.74,4.74,5.12,TUDCA,,#N/A
P7_D2_TDCA_LCAG-95_BSH1208_0h.mzML,500.304,23406,4.95,4.74,5.12,TUDCA,,#N/A
P7_D3_TCDCA_LCAG-95_BSH1208_0h.mzML,500.304,14887,4.9,4.74,5.12,TUDCA,,#N/A
P7_D4_TUDCA_LCAG-95_BSH1208_0h.mzML,500.304,172491328,4.91,4.74,5.12,TUDCA,,#N/A
P7_D5_TCA_LCAG-95_BSH1208_0h.mzML,500.304,51804,4.9,4.74,5.12,TUDCA,,#N/A
P7_D6_GLCA_LCAG-95_BSH1208_0h.mzML,500.304,148352,4.95,4.74,5.12,TUDCA,,#N/A
P7_D7_GDCA_LCAG-95_BSH1208_0h.mzML,500.304,11607,4.93,4.74,5.12,TUDCA,,#N/A
P7_D8_GCDCA_LCAG-95_BSH1208_0h.mzML,500.304,0,4.74,4.74,5.12,TUDCA,,#N/A
P7_D9_GUDCA_LCAG-95_BSH1208_0h.mzML,500.304,4822,4.9,4.74,5.12,TUDCA,,#N/A
P7_D10_GCA_LCAG-95_BSH1208_0h.mzML,500.304,38477,4.97,4.74,5.12,TUDCA,,#N/A
P7_D11_BHI_50MeOH.mzML,500.304,0,4.74,4.74,5.12,TUDCA,,#N/A
P7_D12_BHI_50DMSO_25MeOH.mzML,500.304,909,4.84,4.74,5.12,TUDCA,,#N/A
P7_E1_TLCA_Ep_BSH101_0h.mzML,500.304,12721,4.91,4.74,5.12,TUDCA,,#N/A
P7_E2_TDCA_Ep_BSH101_0h.mzML,500.304,598124,4.92,4.74,5.12,TUDCA,,#N/A
P7_E3_TCDCA_Ep_BSH101_0h.mzML,500.304,909936,4.95,4.74,5.12,TUDCA,,#N/A
P7_E4_TUDCA_Ep_BSH101_0h.mzML,500.304,85629016,4.9,4.74,5.12,TUDCA,,#N/A
P7_E5_TCA_Ep_BSH101_0h.mzML,500.304,3131,4.88,4.74,5.12,TUDCA,,#N/A
P7_E6_GLCA_Ep_BSH101_0h.mzML,500.304,181178,4.95,4.74,5.12,TUDCA,,#N/A
P7_E7_GDCA_Ep_BSH101_0h.mzML,500.304,2253,4.91,4.74,5.12,TUDCA,,#N/A
P7_E8_GCDCA_Ep_BSH101_0h.mzML,500.304,0,4.74,4.74,5.12,TUDCA,,#N/A
P7_E9_GUDCA_Ep_BSH101_0h.mzML,500.304,4918,4.92,4.74,5.12,TUDCA,,#N/A
P7_E10_GCA_Ep_BSH101_0h.mzML,500.304,0,4.74,4.74,5.12,TUDCA,,#N/A
P7_E11_BHI_50MeOH.mzML,500.304,0,4.74,4.74,5.12,TUDCA,,#N/A
P7_E12_BHI_50DMSO_25MeOH.mzML,500.304,13523,4.92,4.74,5.12,TUDCA,,#N/A
P7_F1_TLCA_AZ-52_0h.mzML,500.304,7573,4.94,4.74,5.12,TUDCA,,#N/A
P7_F2_TDCA_AZ-52_0h.mzML,500.304,0,4.74,4.74,5.12,TUDCA,,#N/A
P7_F3_TCDCA_AZ-52_0h.mzML,500.304,7989,4.93,4.74,5.12,TUDCA,,#N/A
P7_F4_TUDCA_AZ-52_0h.mzML,500.304,222137968,4.88,4.74,5.12,TUDCA,,#N/A
P7_F5_TCA_AZ-52_0h.mzML,500.304,6294,4.89,4.74,5.12,TUDCA,,#N/A
P7_F6_GLCA_AZ-52_0h.mzML,500.304,157524,4.93,4.74,5.12,TUDCA,,#N/A
P7_F7_GDCA_AZ-52_0h.mzML,500.304,11159,4.93,4.74,5.12,TUDCA,,#N/A
P7_F8_GCDCA_AZ-52_0h.mzML,500.304,1316,4.91,4.74,5.12,TUDCA,,#N/A
P7_F9_GUDCA_AZ-52_0h.mzML,500.304,0,4.74,4.74,5.12,TUDCA,,#N/A
P7_F10_GCA_AZ-52_0h.mzML,500.304,47787,4.98,4.74,5.12,TUDCA,,#N/A
P7_F11_BHI_50MeOH.mzML,500.304,0,4.74,4.74,5.12,TUDCA,,#N/A
P7_F12_BHI_50DMSO_25MeOH.mzML,500.304,6037,4.93,4.74,5.12,TUDCA,,#N/A
P7_G1_TLCA_EcAZ-1-cat_0h.mzML,500.304,1289,4.92,4.74,5.12,TUDCA,,#N/A
P7_G2_TDCA_EcAZ-1-cat_0h.mzML,500.304,3139,4.75,4.74,5.12,TUDCA,,#N/A
P7_G3_TCDCA_EcAZ-1-cat_0h.mzML,500.304,63125,4.94,4.74,5.12,TUDCA,,#N/A
P7_G4_TUDCA_EcAZ-1-cat_0h.mzML,500.304,224134000,4.88,4.74,5.12,TUDCA,,#N/A
P7_G5_TCA_EcAZ-1-cat_0h.mzML,500.304,22978,4.91,4.74,5.12,TUDCA,,#N/A
P7_G6_GLCA_EcAZ-1-cat_0h.mzML,500.304,245505,4.93,4.74,5.12,TUDCA,,#N/A
P7_G7_GDCA_EcAZ-1-cat_0h.mzML,500.304,9394,4.94,4.74,5.12,TUDCA,,#N/A
P7_G8_GCDCA_EcAZ-1-cat_0h.mzML,500.304,11016,4.93,4.74,5.12,TUDCA,,#N/A
P7_G9_GUDCA_EcAZ-1-cat_0h.mzML,500.304,7285,4.93,4.74,5.12,TUDCA,,#N/A
P7_G10_GCA_EcAZ-1-cat_0h.mzML,500.304,4940,4.93,4.74,5.12,TUDCA,,#N/A
P7_G11_BHI_50MeOH.mzML,500.304,0,4.74,4.74,5.12,TUDCA,,#N/A
P7_G12_BHI_50DMSO_25MeOH.mzML,500.304,0,4.74,4.74,5.12,TUDCA,,#N/A
P7_H1_TLCA_ctrl_0h.mzML,500.304,7512,4.76,4.74,5.12,TUDCA,,#N/A
P7_H2_TDCA_ctrl_0h.mzML,500.304,0,4.74,4.74,5.12,TUDCA,,#N/A
P7_H3_TCDCA_ctrl_0h.mzML,500.304,9608,4.95,4.74,5.12,TUDCA,,#N/A
P7_H4_TUDCA_ctrl_0h.mzML,500.304,124003824,4.89,4.74,5.12,TUDCA,,#N/A
P7_H5_TCA_ctrl_0h.mzML,500.304,5395,4.87,4.74,5.12,TUDCA,,#N/A
P7_H6_GLCA_ctrl_0h.mzML,500.304,185510,4.92,4.74,5.12,TUDCA,,#N/A
P7_H7_GDCA_ctrl_0h.mzML,500.304,4738,4.88,4.74,5.12,TUDCA,,#N/A
P7_H8_GCDCA_ctrl_0h.mzML,500.304,2335,4.9,4.74,5.12,TUDCA,,#N/A
P7_H9_GUDCA_ctrl_0h.mzML,500.304,0,4.74,4.74,5.12,TUDCA,,#N/A
P7_H10_GCA_ctrl_0h.mzML,500.304,4387,4.92,4.74,5.12,TUDCA,,#N/A
P7_H11_BHI_50MeOH.mzML,500.304,0,4.74,4.74,5.12,TUDCA,,#N/A
P7_H12_BHI_50DMSO_25MeOH.mzML,500.304,1264,4.9,4.74,5.12,TUDCA,,#N/A
TCA_std.mzML,500.304,0,4.74,4.74,5.12,TUDCA,,#N/A
TCDCA_std.mzML,500.304,0,4.74,4.74,5.12,TUDCA,,#N/A
TDCA_std.mzML,500.304,0,4.74,4.74,5.12,TUDCA,,#N/A
TLCA_std.mzML,500.304,0,4.74,4.74,5.12,TUDCA,,#N/A
TUDCA_std.mzML,500.304,2400686,4.74,4.74,5.12,TUDCA,,#N/A
UDCA_aminoacids.mzML,500.304,0,4.74,4.74,5.12,TUDCA,,#N/A
CA_aminoacids.mzML,464.3371,0,6.81,6.81,6.97,Ala-UDCA,,#N/A
CA_DCA_LCA_aminoacids.mzML,464.3371,1166372,6.82,6.81,6.97,Ala-UDCA,,#N/A
CDCA_aminoacids.mzML,464.3371,0,6.81,6.81,6.97,Ala-UDCA,,#N/A
DCA_aminoacids.mzML,464.3371,0,6.81,6.81,6.97,Ala-UDCA,,#N/A
DCA_aminoacids_2.mzML,464.3371,0,6.81,6.81,6.97,Ala-UDCA,,#N/A
GCA_std.mzML,464.3371,0,6.81,6.81,6.97,Ala-UDCA,,#N/A
GCDCA_std.mzML,464.3371,0,6.81,6.81,6.97,Ala-UDCA,,#N/A
GDCA_std.mzML,464.3371,0,6.81,6.81,6.97,Ala-UDCA,,#N/A
GLCA_std.mzML,464.3371,0,6.81,6.81,6.97,Ala-UDCA,,#N/A
GUDCA_std.mzML,464.3371,0,6.81,6.81,6.97,Ala-UDCA,,#N/A
P4_A1_TLCA_Dny_BSH1_0h.mzML,464.3371,0,6.81,6.81,6.97,Ala-UDCA,,#N/A
P4_A2_TDCA_Dny_BSH1_0h.mzML,464.3371,0,6.81,6.81,6.97,Ala-UDCA,,#N/A
P4_A3_TCDCA_Dny_BSH1_0h.mzML,464.3371,0,6.81,6.81,6.97,Ala-UDCA,,#N/A
P4_A4_TUDCA_Dny_BSH1_0h.mzML,464.3371,11262,6.83,6.81,6.97,Ala-UDCA,,#N/A
P4_A5_TCA_Dny_BSH1_0h.mzML,464.3371,0,6.81,6.81,6.97,Ala-UDCA,,#N/A
P4_A6_GLCA_Dny_BSH1_0h.mzML,464.3371,0,6.81,6.81,6.97,Ala-UDCA,,#N/A
P4_A7_GDCA_Dny_BSH1_0h.mzML,464.3371,0,6.81,6.81,6.97,Ala-UDCA,,#N/A
P4_A8_GCDCA_Dny_BSH1_0h.mzML,464.3371,0,6.81,6.81,6.97,Ala-UDCA,,#N/A
P4_A9_GUDCA_Dny_BSH1_0h.mzML,464.3371,86695,6.85,6.81,6.97,Ala-UDCA,,#N/A
P4_A10_GCA_Dny_BSH1_0h.mzML,464.3371,0,6.81,6.81,6.97,Ala-UDCA,,#N/A
P4_A11_BHI_50MeOH.mzML,464.3371,0,6.81,6.81,6.97,Ala-UDCA,,#N/A
P4_A12_BHI_50DMSO_25MeOH.mzML,464.3371,0,6.81,6.81,6.97,Ala-UDCA,,#N/A
P4_B1_TLCA_Dny_BSH2_0h.mzML,464.3371,0,6.81,6.81,6.97,Ala-UDCA,,#N/A
P4_B2_TDCA_Dny_BSH2_0h.mzML,464.3371,0,6.81,6.81,6.97,Ala-UDCA,,#N/A
P4_B3_TCDCA_Dny_BSH2_0h.mzML,464.3371,0,6.81,6.81,6.97,Ala-UDCA,,#N/A
P4_B4_TUDCA_Dny_BSH2_0h.mzML,464.3371,0,6.81,6.81,6.97,Ala-UDCA,,#N/A
P4_B5_TCA_Dny_BSH2_0h.mzML,464.3371,0,6.81,6.81,6.97,Ala-UDCA,,#N/A
P4_B6_GLCA_Dny_BSH2_0h.mzML,464.3371,0,6.81,6.81,6.97,Ala-UDCA,,#N/A
P4_B7_GDCA_Dny_BSH2_0h.mzML,464.3371,0,6.81,6.81,6.97,Ala-UDCA,,#N/A
P4_B8_GCDCA_Dny_BSH2_0h.mzML,464.3371,0,6.81,6.81,6.97,Ala-UDCA,,#N/A
P4_B9_GUDCA_Dny_BSH2_0h.mzML,464.3371,0,6.81,6.81,6.97,Ala-UDCA,,#N/A
P4_B10_GCA_Dny_BSH2_0h.mzML,464.3371,0,6.81,6.81,6.97,Ala-UDCA,,#N/A
P4_B11_BHI_50MeOH.mzML,464.3371,0,6.81,6.81,6.97,Ala-UDCA,,#N/A
P4_B12_BHI_50DMSO_25MeOH.mzML,464.3371,0,6.81,6.81,6.97,Ala-UDCA,,#N/A
P4_C1_TLCA_Lgasseri_BSH_0h.mzML,464.3371,0,6.81,6.81,6.97,Ala-UDCA,,#N/A
P4_C2_TDCA_Lgasseri_BSH_0h.mzML,464.3371,0,6.81,6.81,6.97,Ala-UDCA,,#N/A
P4_C3_TCDCA_Lgasseri_BSH_0h.mzML,464.3371,0,6.81,6.81,6.97,Ala-UDCA,,#N/A
P4_C4_TUDCA_Lgasseri_BSH_0h.mzML,464.3371,0,6.81,6.81,6.97,Ala-UDCA,,#N/A
P4_C5_TCA_Lgasseri_BSH_0h.mzML,464.3371,0,6.81,6.81,6.97,Ala-UDCA,,#N/A
P4_C6_GLCA_Lgasseri_BSH_0h.mzML,464.3371,0,6.81,6.81,6.97,Ala-UDCA,,#N/A
P4_C7_GDCA_Lgasseri_BSH_0h.mzML,464.3371,0,6.81,6.81,6.97,Ala-UDCA,,#N/A
P4_C8_GCDCA_Lgasseri_BSH_0h.mzML,464.3371,0,6.81,6.81,6.97,Ala-UDCA,,#N/A
P4_C9_GUDCA_Lgasseri_BSH_0h.mzML,464.3371,0,6.81,6.81,6.97,Ala-UDCA,,#N/A
P4_C10_GCA_Lgasseri_BSH_0h.mzML,464.3371,0,6.81,6.81,6.97,Ala-UDCA,,#N/A
P4_C11_BHI_50MeOH.mzML,464.3371,0,6.81,6.81,6.97,Ala-UDCA,,#N/A
P4_C12_BHI_50DMSO_25MeOH.mzML,464.3371,0,6.81,6.81,6.97,Ala-UDCA,,#N/A
P4_D1_TLCA_LCAG-95_BSH1208_0h.mzML,464.3371,0,6.81,6.81,6.97,Ala-UDCA,,#N/A
P4_D2_TDCA_LCAG-95_BSH1208_0h.mzML,464.3371,0,6.81,6.81,6.97,Ala-UDCA,,#N/A
P4_D3_TCDCA_LCAG-95_BSH1208_0h.mzML,464.3371,0,6.81,6.81,6.97,Ala-UDCA,,#N/A
P4_D4_TUDCA_LCAG-95_BSH1208_0h.mzML,464.3371,1630,6.83,6.81,6.97,Ala-UDCA,,#N/A
P4_D5_TCA_LCAG-95_BSH1208_0h.mzML,464.3371,0,6.81,6.81,6.97,Ala-UDCA,,#N/A
P4_D6_GLCA_LCAG-95_BSH1208_0h.mzML,464.3371,0,6.81,6.81,6.97,Ala-UDCA,,#N/A
P4_D7_GDCA_LCAG-95_BSH1208_0h.mzML,464.3371,0,6.81,6.81,6.97,Ala-UDCA,,#N/A
P4_D8_GCDCA_LCAG-95_BSH1208_0h.mzML,464.3371,0,6.81,6.81,6.97,Ala-UDCA,,#N/A
P4_D9_GUDCA_LCAG-95_BSH1208_0h.mzML,464.3371,4276,6.86,6.81,6.97,Ala-UDCA,,#N/A
P4_D10_GCA_LCAG-95_BSH1208_0h.mzML,464.3371,0,6.81,6.81,6.97,Ala-UDCA,,#N/A
P4_D11_BHI_50MeOH.mzML,464.3371,0,6.81,6.81,6.97,Ala-UDCA,,#N/A
P4_D12_BHI_50DMSO_25MeOH.mzML,464.3371,0,6.81,6.81,6.97,Ala-UDCA,,#N/A
P4_E1_TLCA_Ep_BSH101_0h.mzML,464.3371,0,6.81,6.81,6.97,Ala-UDCA,,#N/A
P4_E2_TDCA_Ep_BSH101_0h.mzML,464.3371,0,6.81,6.81,6.97,Ala-UDCA,,#N/A
P4_E3_TCDCA_Ep_BSH101_0h.mzML,464.3371,0,6.81,6.81,6.97,Ala-UDCA,,#N/A
P4_E4_TUDCA_Ep_BSH101_0h.mzML,464.3371,0,6.81,6.81,6.97,Ala-UDCA,,#N/A
P4_E5_TCA_Ep_BSH101_0h.mzML,464.3371,0,6.81,6.81,6.97,Ala-UDCA,,#N/A
P4_E6_GLCA_Ep_BSH101_0h.mzML,464.3371,0,6.81,6.81,6.97,Ala-UDCA,,#N/A
P4_E7_GDCA_Ep_BSH101_0h.mzML,464.3371,0,6.81,6.81,6.97,Ala-UDCA,,#N/A
P4_E8_GCDCA_Ep_BSH101_0h.mzML,464.3371,0,6.81,6.81,6.97,Ala-UDCA,,#N/A
P4_E9_GUDCA_Ep_BSH101_0h.mzML,464.3371,0,6.81,6.81,6.97,Ala-UDCA,,#N/A
P4_E10_GCA_Ep_BSH101_0h.mzML,464.3371,0,6.81,6.81,6.97,Ala-UDCA,,#N/A
P4_E11_BHI_50MeOH.mzML,464.3371,0,6.81,6.81,6.97,Ala-UDCA,,#N/A
P4_E12_BHI_50DMSO_25MeOH.mzML,464.3371,0,6.81,6.81,6.97,Ala-UDCA,,#N/A
P4_F1_TLCA_AZ-52_0h.mzML,464.3371,0,6.81,6.81,6.97,Ala-UDCA,,#N/A
P4_F2_TDCA_AZ-52_0h.mzML,464.3371,0,6.81,6.81,6.97,Ala-UDCA,,#N/A
P4_F3_TCDCA_AZ-52_0h.mzML,464.3371,0,6.81,6.81,6.97,Ala-UDCA,,#N/A
P4_F4_TUDCA_AZ-52_0h.mzML,464.3371,0,6.81,6.81,6.97,Ala-UDCA,,#N/A
P4_F5_TCA_AZ-52_0h.mzML,464.3371,0,6.81,6.81,6.97,Ala-UDCA,,#N/A
P4_F6_GLCA_AZ-52_0h.mzML,464.3371,0,6.81,6.81,6.97,Ala-UDCA,,#N/A
P4_F7_GDCA_AZ-52_0h.mzML,464.3371,0,6.81,6.81,6.97,Ala-UDCA,,#N/A
P4_F8_GCDCA_AZ-52_0h.mzML,464.3371,0,6.81,6.81,6.97,Ala-UDCA,,#N/A
P4_F9_GUDCA_AZ-52_0h.mzML,464.3371,0,6.81,6.81,6.97,Ala-UDCA,,#N/A
P4_F10_GCA_AZ-52_0h.mzML,464.3371,0,6.81,6.81,6.97,Ala-UDCA,,#N/A
P4_F11_BHI_50MeOH.mzML,464.3371,0,6.81,6.81,6.97,Ala-UDCA,,#N/A
P4_F12_BHI_50DMSO_25MeOH.mzML,464.3371,0,6.81,6.81,6.97,Ala-UDCA,,#N/A
P4_G1_TLCA_EcAZ-1-cat_0h.mzML,464.3371,0,6.81,6.81,6.97,Ala-UDCA,,#N/A
P4_G2_TDCA_EcAZ-1-cat_0h.mzML,464.3371,0,6.81,6.81,6.97,Ala-UDCA,,#N/A
P4_G3_TCDCA_EcAZ-1-cat_0h.mzML,464.3371,0,6.81,6.81,6.97,Ala-UDCA,,#N/A
P4_G4_TUDCA_EcAZ-1-cat_0h.mzML,464.3371,0,6.81,6.81,6.97,Ala-UDCA,,#N/A
P4_G5_TCA_EcAZ-1-cat_0h.mzML,464.3371,0,6.81,6.81,6.97,Ala-UDCA,,#N/A
P4_G6_GLCA_EcAZ-1-cat_0h.mzML,464.3371,0,6.81,6.81,6.97,Ala-UDCA,,#N/A
P4_G7_GDCA_EcAZ-1-cat_0h.mzML,464.3371,0,6.81,6.81,6.97,Ala-UDCA,,#N/A
P4_G8_GCDCA_EcAZ-1-cat_0h.mzML,464.3371,0,6.81,6.81,6.97,Ala-UDCA,,#N/A
P4_G9_GUDCA_EcAZ-1-cat_0h.mzML,464.3371,0,6.81,6.81,6.97,Ala-UDCA,,#N/A
P4_G10_GCA_EcAZ-1-cat_0h.mzML,464.3371,0,6.81,6.81,6.97,Ala-UDCA,,#N/A
P4_G11_BHI_50MeOH.mzML,464.3371,0,6.81,6.81,6.97,Ala-UDCA,,#N/A
P4_G12_BHI_50DMSO_25MeOH.mzML,464.3371,0,6.81,6.81,6.97,Ala-UDCA,,#N/A
P4_H1_TLCA_ctrl_0h.mzML,464.3371,0,6.81,6.81,6.97,Ala-UDCA,,#N/A
P4_H2_TDCA_ctrl_0h.mzML,464.3371,0,6.81,6.81,6.97,Ala-UDCA,,#N/A
P4_H3_TCDCA_ctrl_0h.mzML,464.3371,0,6.81,6.81,6.97,Ala-UDCA,,#N/A
P4_H4_TUDCA_ctrl_0h.mzML,464.3371,0,6.81,6.81,6.97,Ala-UDCA,,#N/A
P4_H5_TCA_ctrl_0h.mzML,464.3371,0,6.81,6.81,6.97,Ala-UDCA,,#N/A
P4_H6_GLCA_ctrl_0h.mzML,464.3371,0,6.81,6.81,6.97,Ala-UDCA,,#N/A
P4_H7_GDCA_ctrl_0h.mzML,464.3371,0,6.81,6.81,6.97,Ala-UDCA,,#N/A
P4_H8_GCDCA_ctrl_0h.mzML,464.3371,0,6.81,6.81,6.97,Ala-UDCA,,#N/A
P4_H9_GUDCA_ctrl_0h.mzML,464.3371,0,6.81,6.81,6.97,Ala-UDCA,,#N/A
P4_H10_GCA_ctrl_0h.mzML,464.3371,0,6.81,6.81,6.97,Ala-UDCA,,#N/A
P4_H11_BHI_50MeOH.mzML,464.3371,0,6.81,6.81,6.97,Ala-UDCA,,#N/A
P4_H12_BHI_50DMSO_25MeOH.mzML,464.3371,0,6.81,6.81,6.97,Ala-UDCA,,#N/A
P7_A1_TLCA_Dny_BSH1_0h.mzML,464.3371,0,6.81,6.81,6.97,Ala-UDCA,,#N/A
P7_A2_TDCA_Dny_BSH1_0h.mzML,464.3371,0,6.81,6.81,6.97,Ala-UDCA,,#N/A
P7_A3_TCDCA_Dny_BSH1_0h.mzML,464.3371,0,6.81,6.81,6.97,Ala-UDCA,,#N/A
P7_A4_TUDCA_Dny_BSH1_0h.mzML,464.3371,0,6.81,6.81,6.97,Ala-UDCA,,#N/A
P7_A5_TCA_Dny_BSH1_0h.mzML,464.3371,0,6.81,6.81,6.97,Ala-UDCA,,#N/A
P7_A6_GLCA_Dny_BSH1_0h.mzML,464.3371,0,6.81,6.81,6.97,Ala-UDCA,,#N/A
P7_A7_GDCA_Dny_BSH1_0h.mzML,464.3371,0,6.81,6.81,6.97,Ala-UDCA,,#N/A
P7_A8_GCDCA_Dny_BSH1_0h.mzML,464.3371,0,6.81,6.81,6.97,Ala-UDCA,,#N/A
P7_A9_GUDCA_Dny_BSH1_0h.mzML,464.3371,18880,6.97,6.81,6.97,Ala-UDCA,,#N/A
P7_A10_GCA_Dny_BSH1_0h.mzML,464.3371,0,6.81,6.81,6.97,Ala-UDCA,,#N/A
P7_A11_BHI_50MeOH.mzML,464.3371,0,6.81,6.81,6.97,Ala-UDCA,,#N/A
P7_A12_BHI_50DMSO_25MeOH.mzML,464.3371,0,6.81,6.81,6.97,Ala-UDCA,,#N/A
P7_B1_TLCA_Dny_BSH2_0h.mzML,464.3371,0,6.81,6.81,6.97,Ala-UDCA,,#N/A
P7_B2_TDCA_Dny_BSH2_0h.mzML,464.3371,0,6.81,6.81,6.97,Ala-UDCA,,#N/A
P7_B3_TCDCA_Dny_BSH2_0h.mzML,464.3371,0,6.81,6.81,6.97,Ala-UDCA,,#N/A
P7_B4_TUDCA_Dny_BSH2_0h.mzML,464.3371,0,6.81,6.81,6.97,Ala-UDCA,,#N/A
P7_B5_TCA_Dny_BSH2_0h.mzML,464.3371,0,6.81,6.81,6.97,Ala-UDCA,,#N/A
P7_B6_GLCA_Dny_BSH2_0h.mzML,464.3371,0,6.81,6.81,6.97,Ala-UDCA,,#N/A
P7_B7_GDCA_Dny_BSH2_0h.mzML,464.3371,0,6.81,6.81,6.97,Ala-UDCA,,#N/A
P7_B8_GCDCA_Dny_BSH2_0h.mzML,464.3371,0,6.81,6.81,6.97,Ala-UDCA,,#N/A
P7_B9_GUDCA_Dny_BSH2_0h.mzML,464.3371,0,6.81,6.81,6.97,Ala-UDCA,,#N/A
P7_B10_GCA_Dny_BSH2_0h.mzML,464.3371,0,6.81,6.81,6.97,Ala-UDCA,,#N/A
P7_B11_BHI_50MeOH.mzML,464.3371,0,6.81,6.81,6.97,Ala-UDCA,,#N/A
P7_B12_BHI_50DMSO_25MeOH.mzML,464.3371,0,6.81,6.81,6.97,Ala-UDCA,,#N/A
P7_C1_TLCA_Lgasseri_BSH_0h.mzML,464.3371,0,6.81,6.81,6.97,Ala-UDCA,,#N/A
P7_C2_TDCA_Lgasseri_BSH_0h.mzML,464.3371,0,6.81,6.81,6.97,Ala-UDCA,,#N/A
P7_C3_TCDCA_Lgasseri_BSH_0h.mzML,464.3371,0,6.81,6.81,6.97,Ala-UDCA,,#N/A
P7_C4_TUDCA_Lgasseri_BSH_0h.mzML,464.3371,0,6.81,6.81,6.97,Ala-UDCA,,#N/A
P7_C5_TCA_Lgasseri_BSH_0h.mzML,464.3371,0,6.81,6.81,6.97,Ala-UDCA,,#N/A
P7_C6_GLCA_Lgasseri_BSH_0h.mzML,464.3371,0,6.81,6.81,6.97,Ala-UDCA,,#N/A
P7_C7_GDCA_Lgasseri_BSH_0h.mzML,464.3371,0,6.81,6.81,6.97,Ala-UDCA,,#N/A
P7_C8_GCDCA_Lgasseri_BSH_0h.mzML,464.3371,0,6.81,6.81,6.97,Ala-UDCA,,#N/A
P7_C9_GUDCA_Lgasseri_BSH_0h.mzML,464.3371,0,6.81,6.81,6.97,Ala-UDCA,,#N/A
P7_C10_GCA_Lgasseri_BSH_0h.mzML,464.3371,0,6.81,6.81,6.97,Ala-UDCA,,#N/A
P7_C11_BHI_50MeOH.mzML,464.3371,0,6.81,6.81,6.97,Ala-UDCA,,#N/A
P7_C12_BHI_50DMSO_25MeOH.mzML,464.3371,0,6.81,6.81,6.97,Ala-UDCA,,#N/A
P7_D1_TLCA_LCAG-95_BSH1208_0h.mzML,464.3371,0,6.81,6.81,6.97,Ala-UDCA,,#N/A
P7_D2_TDCA_LCAG-95_BSH1208_0h.mzML,464.3371,0,6.81,6.81,6.97,Ala-UDCA,,#N/A
P7_D3_TCDCA_LCAG-95_BSH1208_0h.mzML,464.3371,0,6.81,6.81,6.97,Ala-UDCA,,#N/A
P7_D4_TUDCA_LCAG-95_BSH1208_0h.mzML,464.3371,0,6.81,6.81,6.97,Ala-UDCA,,#N/A
P7_D5_TCA_LCAG-95_BSH1208_0h.mzML,464.3371,0,6.81,6.81,6.97,Ala-UDCA,,#N/A
P7_D6_GLCA_LCAG-95_BSH1208_0h.mzML,464.3371,0,6.81,6.81,6.97,Ala-UDCA,,#N/A
P7_D7_GDCA_LCAG-95_BSH1208_0h.mzML,464.3371,0,6.81,6.81,6.97,Ala-UDCA,,#N/A
P7_D8_GCDCA_LCAG-95_BSH1208_0h.mzML,464.3371,0,6.81,6.81,6.97,Ala-UDCA,,#N/A
P7_D9_GUDCA_LCAG-95_BSH1208_0h.mzML,464.3371,1409,6.95,6.81,6.97,Ala-UDCA,,#N/A
P7_D10_GCA_LCAG-95_BSH1208_0h.mzML,464.3371,0,6.81,6.81,6.97,Ala-UDCA,,#N/A
P7_D11_BHI_50MeOH.mzML,464.3371,0,6.81,6.81,6.97,Ala-UDCA,,#N/A
P7_D12_BHI_50DMSO_25MeOH.mzML,464.3371,0,6.81,6.81,6.97,Ala-UDCA,,#N/A
P7_E1_TLCA_Ep_BSH101_0h.mzML,464.3371,0,6.81,6.81,6.97,Ala-UDCA,,#N/A
P7_E2_TDCA_Ep_BSH101_0h.mzML,464.3371,0,6.81,6.81,6.97,Ala-UDCA,,#N/A
P7_E3_TCDCA_Ep_BSH101_0h.mzML,464.3371,0,6.81,6.81,6.97,Ala-UDCA,,#N/A
P7_E4_TUDCA_Ep_BSH101_0h.mzML,464.3371,0,6.81,6.81,6.97,Ala-UDCA,,#N/A
P7_E5_TCA_Ep_BSH101_0h.mzML,464.3371,0,6.81,6.81,6.97,Ala-UDCA,,#N/A
P7_E6_GLCA_Ep_BSH101_0h.mzML,464.3371,0,6.81,6.81,6.97,Ala-UDCA,,#N/A
P7_E7_GDCA_Ep_BSH101_0h.mzML,464.3371,0,6.81,6.81,6.97,Ala-UDCA,,#N/A
P7_E8_GCDCA_Ep_BSH101_0h.mzML,464.3371,0,6.81,6.81,6.97,Ala-UDCA,,#N/A
P7_E9_GUDCA_Ep_BSH101_0h.mzML,464.3371,0,6.81,6.81,6.97,Ala-UDCA,,#N/A
P7_E10_GCA_Ep_BSH101_0h.mzML,464.3371,0,6.81,6.81,6.97,Ala-UDCA,,#N/A
P7_E11_BHI_50MeOH.mzML,464.3371,0,6.81,6.81,6.97,Ala-UDCA,,#N/A
P7_E12_BHI_50DMSO_25MeOH.mzML,464.3371,0,6.81,6.81,6.97,Ala-UDCA,,#N/A
P7_F1_TLCA_AZ-52_0h.mzML,464.3371,0,6.81,6.81,6.97,Ala-UDCA,,#N/A
P7_F2_TDCA_AZ-52_0h.mzML,464.3371,0,6.81,6.81,6.97,Ala-UDCA,,#N/A
P7_F3_TCDCA_AZ-52_0h.mzML,464.3371,0,6.81,6.81,6.97,Ala-UDCA,,#N/A
P7_F4_TUDCA_AZ-52_0h.mzML,464.3371,0,6.81,6.81,6.97,Ala-UDCA,,#N/A
P7_F5_TCA_AZ-52_0h.mzML,464.3371,0,6.81,6.81,6.97,Ala-UDCA,,#N/A
P7_F6_GLCA_AZ-52_0h.mzML,464.3371,0,6.81,6.81,6.97,Ala-UDCA,,#N/A
P7_F7_GDCA_AZ-52_0h.mzML,464.3371,0,6.81,6.81,6.97,Ala-UDCA,,#N/A
P7_F8_GCDCA_AZ-52_0h.mzML,464.3371,0,6.81,6.81,6.97,Ala-UDCA,,#N/A
P7_F9_GUDCA_AZ-52_0h.mzML,464.3371,0,6.81,6.81,6.97,Ala-UDCA,,#N/A
P7_F10_GCA_AZ-52_0h.mzML,464.3371,0,6.81,6.81,6.97,Ala-UDCA,,#N/A
P7_F11_BHI_50MeOH.mzML,464.3371,0,6.81,6.81,6.97,Ala-UDCA,,#N/A
P7_F12_BHI_50DMSO_25MeOH.mzML,464.3371,0,6.81,6.81,6.97,Ala-UDCA,,#N/A
P7_G1_TLCA_EcAZ-1-cat_0h.mzML,464.3371,0,6.81,6.81,6.97,Ala-UDCA,,#N/A
P7_G2_TDCA_EcAZ-1-cat_0h.mzML,464.3371,0,6.81,6.81,6.97,Ala-UDCA,,#N/A
P7_G3_TCDCA_EcAZ-1-cat_0h.mzML,464.3371,0,6.81,6.81,6.97,Ala-UDCA,,#N/A
P7_G4_TUDCA_EcAZ-1-cat_0h.mzML,464.3371,0,6.81,6.81,6.97,Ala-UDCA,,#N/A
P7_G5_TCA_EcAZ-1-cat_0h.mzML,464.3371,0,6.81,6.81,6.97,Ala-UDCA,,#N/A
P7_G6_GLCA_EcAZ-1-cat_0h.mzML,464.3371,0,6.81,6.81,6.97,Ala-UDCA,,#N/A
P7_G7_GDCA_EcAZ-1-cat_0h.mzML,464.3371,0,6.81,6.81,6.97,Ala-UDCA,,#N/A
P7_G8_GCDCA_EcAZ-1-cat_0h.mzML,464.3371,0,6.81,6.81,6.97,Ala-UDCA,,#N/A
P7_G9_GUDCA_EcAZ-1-cat_0h.mzML,464.3371,0,6.81,6.81,6.97,Ala-UDCA,,#N/A
P7_G10_GCA_EcAZ-1-cat_0h.mzML,464.3371,0,6.81,6.81,6.97,Ala-UDCA,,#N/A
P7_G11_BHI_50MeOH.mzML,464.3371,0,6.81,6.81,6.97,Ala-UDCA,,#N/A
P7_G12_BHI_50DMSO_25MeOH.mzML,464.3371,0,6.81,6.81,6.97,Ala-UDCA,,#N/A
P7_H1_TLCA_ctrl_0h.mzML,464.3371,0,6.81,6.81,6.97,Ala-UDCA,,#N/A
P7_H2_TDCA_ctrl_0h.mzML,464.3371,0,6.81,6.81,6.97,Ala-UDCA,,#N/A
P7_H3_TCDCA_ctrl_0h.mzML,464.3371,0,6.81,6.81,6.97,Ala-UDCA,,#N/A
P7_H4_TUDCA_ctrl_0h.mzML,464.3371,0,6.81,6.81,6.97,Ala-UDCA,,#N/A
P7_H5_TCA_ctrl_0h.mzML,464.3371,0,6.81,6.81,6.97,Ala-UDCA,,#N/A
P7_H6_GLCA_ctrl_0h.mzML,464.3371,0,6.81,6.81,6.97,Ala-UDCA,,#N/A
P7_H7_GDCA_ctrl_0h.mzML,464.3371,0,6.81,6.81,6.97,Ala-UDCA,,#N/A
P7_H8_GCDCA_ctrl_0h.mzML,464.3371,0,6.81,6.81,6.97,Ala-UDCA,,#N/A
P7_H9_GUDCA_ctrl_0h.mzML,464.3371,0,6.81,6.81,6.97,Ala-UDCA,,#N/A
P7_H10_GCA_ctrl_0h.mzML,464.3371,0,6.81,6.81,6.97,Ala-UDCA,,#N/A
P7_H11_BHI_50MeOH.mzML,464.3371,0,6.81,6.81,6.97,Ala-UDCA,,#N/A
P7_H12_BHI_50DMSO_25MeOH.mzML,464.3371,0,6.81,6.81,6.97,Ala-UDCA,,#N/A
TCA_std.mzML,464.3371,0,6.81,6.81,6.97,Ala-UDCA,,#N/A
TCDCA_std.mzML,464.3371,0,6.81,6.81,6.97,Ala-UDCA,,#N/A
TDCA_std.mzML,464.3371,0,6.81,6.81,6.97,Ala-UDCA,,#N/A
TLCA_std.mzML,464.3371,0,6.81,6.81,6.97,Ala-UDCA,,#N/A
TUDCA_std.mzML,464.3371,0,6.81,6.81,6.97,Ala-UDCA,,#N/A
UDCA_aminoacids.mzML,464.3371,25454,6.91,6.81,6.97,Ala-UDCA,,#N/A
CA_aminoacids.mzML,506.384,83485,8.45,8.42,8.72,Ile/Leu-UDCA,,#N/A
CA_DCA_LCA_aminoacids.mzML,506.384,492110688,8.55,8.42,8.72,Ile/Leu-UDCA,,#N/A
CDCA_aminoacids.mzML,506.384,0,8.42,8.42,8.72,Ile/Leu-UDCA,,#N/A
DCA_aminoacids.mzML,506.384,0,8.42,8.42,8.72,Ile/Leu-UDCA,,#N/A
DCA_aminoacids_2.mzML,506.384,811352,8.71,8.42,8.72,Ile/Leu-UDCA,,#N/A
GCA_std.mzML,506.384,0,8.42,8.42,8.72,Ile/Leu-UDCA,,#N/A
GCDCA_std.mzML,506.384,0,8.42,8.42,8.72,Ile/Leu-UDCA,,#N/A
GDCA_std.mzML,506.384,0,8.42,8.42,8.72,Ile/Leu-UDCA,,#N/A
GLCA_std.mzML,506.384,0,8.42,8.42,8.72,Ile/Leu-UDCA,,#N/A
GUDCA_std.mzML,506.384,0,8.42,8.42,8.72,Ile/Leu-UDCA,,#N/A
P4_A1_TLCA_Dny_BSH1_0h.mzML,506.384,0,8.42,8.42,8.72,Ile/Leu-UDCA,,#N/A
P4_A2_TDCA_Dny_BSH1_0h.mzML,506.384,0,8.42,8.42,8.72,Ile/Leu-UDCA,,#N/A
P4_A3_TCDCA_Dny_BSH1_0h.mzML,506.384,0,8.42,8.42,8.72,Ile/Leu-UDCA,,#N/A
P4_A4_TUDCA_Dny_BSH1_0h.mzML,506.384,0,8.42,8.42,8.72,Ile/Leu-UDCA,,#N/A
P4_A5_TCA_Dny_BSH1_0h.mzML,506.384,0,8.42,8.42,8.72,Ile/Leu-UDCA,,#N/A
P4_A6_GLCA_Dny_BSH1_0h.mzML,506.384,0,8.42,8.42,8.72,Ile/Leu-UDCA,,#N/A
P4_A7_GDCA_Dny_BSH1_0h.mzML,506.384,0,8.42,8.42,8.72,Ile/Leu-UDCA,,#N/A
P4_A8_GCDCA_Dny_BSH1_0h.mzML,506.384,0,8.42,8.42,8.72,Ile/Leu-UDCA,,#N/A
P4_A9_GUDCA_Dny_BSH1_0h.mzML,506.384,0,8.42,8.42,8.72,Ile/Leu-UDCA,,#N/A
P4_A10_GCA_Dny_BSH1_0h.mzML,506.384,0,8.42,8.42,8.72,Ile/Leu-UDCA,,#N/A
P4_A11_BHI_50MeOH.mzML,506.384,0,8.42,8.42,8.72,Ile/Leu-UDCA,,#N/A
P4_A12_BHI_50DMSO_25MeOH.mzML,506.384,0,8.42,8.42,8.72,Ile/Leu-UDCA,,#N/A
P4_B1_TLCA_Dny_BSH2_0h.mzML,506.384,0,8.42,8.42,8.72,Ile/Leu-UDCA,,#N/A
P4_B2_TDCA_Dny_BSH2_0h.mzML,506.384,0,8.42,8.42,8.72,Ile/Leu-UDCA,,#N/A
P4_B3_TCDCA_Dny_BSH2_0h.mzML,506.384,0,8.42,8.42,8.72,Ile/Leu-UDCA,,#N/A
P4_B4_TUDCA_Dny_BSH2_0h.mzML,506.384,0,8.42,8.42,8.72,Ile/Leu-UDCA,,#N/A
P4_B5_TCA_Dny_BSH2_0h.mzML,506.384,0,8.42,8.42,8.72,Ile/Leu-UDCA,,#N/A
P4_B6_GLCA_Dny_BSH2_0h.mzML,506.384,0,8.42,8.42,8.72,Ile/Leu-UDCA,,#N/A
P4_B7_GDCA_Dny_BSH2_0h.mzML,506.384,0,8.42,8.42,8.72,Ile/Leu-UDCA,,#N/A
P4_B8_GCDCA_Dny_BSH2_0h.mzML,506.384,0,8.42,8.42,8.72,Ile/Leu-UDCA,,#N/A
P4_B9_GUDCA_Dny_BSH2_0h.mzML,506.384,0,8.42,8.42,8.72,Ile/Leu-UDCA,,#N/A
P4_B10_GCA_Dny_BSH2_0h.mzML,506.384,0,8.42,8.42,8.72,Ile/Leu-UDCA,,#N/A
P4_B11_BHI_50MeOH.mzML,506.384,0,8.42,8.42,8.72,Ile/Leu-UDCA,,#N/A
P4_B12_BHI_50DMSO_25MeOH.mzML,506.384,0,8.42,8.42,8.72,Ile/Leu-UDCA,,#N/A
P4_C1_TLCA_Lgasseri_BSH_0h.mzML,506.384,0,8.42,8.42,8.72,Ile/Leu-UDCA,,#N/A
P4_C2_TDCA_Lgasseri_BSH_0h.mzML,506.384,0,8.42,8.42,8.72,Ile/Leu-UDCA,,#N/A
P4_C3_TCDCA_Lgasseri_BSH_0h.mzML,506.384,0,8.42,8.42,8.72,Ile/Leu-UDCA,,#N/A
P4_C4_TUDCA_Lgasseri_BSH_0h.mzML,506.384,0,8.42,8.42,8.72,Ile/Leu-UDCA,,#N/A
P4_C5_TCA_Lgasseri_BSH_0h.mzML,506.384,0,8.42,8.42,8.72,Ile/Leu-UDCA,,#N/A
P4_C6_GLCA_Lgasseri_BSH_0h.mzML,506.384,0,8.42,8.42,8.72,Ile/Leu-UDCA,,#N/A
P4_C7_GDCA_Lgasseri_BSH_0h.mzML,506.384,0,8.42,8.42,8.72,Ile/Leu-UDCA,,#N/A
P4_C8_GCDCA_Lgasseri_BSH_0h.mzML,506.384,0,8.42,8.42,8.72,Ile/Leu-UDCA,,#N/A
P4_C9_GUDCA_Lgasseri_BSH_0h.mzML,506.384,0,8.42,8.42,8.72,Ile/Leu-UDCA,,#N/A
P4_C10_GCA_Lgasseri_BSH_0h.mzML,506.384,0,8.42,8.42,8.72,Ile/Leu-UDCA,,#N/A
P4_C11_BHI_50MeOH.mzML,506.384,0,8.42,8.42,8.72,Ile/Leu-UDCA,,#N/A
P4_C12_BHI_50DMSO_25MeOH.mzML,506.384,0,8.42,8.42,8.72,Ile/Leu-UDCA,,#N/A
P4_D1_TLCA_LCAG-95_BSH1208_0h.mzML,506.384,0,8.42,8.42,8.72,Ile/Leu-UDCA,,#N/A
P4_D2_TDCA_LCAG-95_BSH1208_0h.mzML,506.384,0,8.42,8.42,8.72,Ile/Leu-UDCA,,#N/A
P4_D3_TCDCA_LCAG-95_BSH1208_0h.mzML,506.384,0,8.42,8.42,8.72,Ile/Leu-UDCA,,#N/A
P4_D4_TUDCA_LCAG-95_BSH1208_0h.mzML,506.384,0,8.42,8.42,8.72,Ile/Leu-UDCA,,#N/A
P4_D5_TCA_LCAG-95_BSH1208_0h.mzML,506.384,0,8.42,8.42,8.72,Ile/Leu-UDCA,,#N/A
P4_D6_GLCA_LCAG-95_BSH1208_0h.mzML,506.384,0,8.42,8.42,8.72,Ile/Leu-UDCA,,#N/A
P4_D7_GDCA_LCAG-95_BSH1208_0h.mzML,506.384,0,8.42,8.42,8.72,Ile/Leu-UDCA,,#N/A
P4_D8_GCDCA_LCAG-95_BSH1208_0h.mzML,506.384,0,8.42,8.42,8.72,Ile/Leu-UDCA,,#N/A
P4_D9_GUDCA_LCAG-95_BSH1208_0h.mzML,506.384,0,8.42,8.42,8.72,Ile/Leu-UDCA,,#N/A
P4_D10_GCA_LCAG-95_BSH1208_0h.mzML,506.384,0,8.42,8.42,8.72,Ile/Leu-UDCA,,#N/A
P4_D11_BHI_50MeOH.mzML,506.384,0,8.42,8.42,8.72,Ile/Leu-UDCA,,#N/A
P4_D12_BHI_50DMSO_25MeOH.mzML,506.384,0,8.42,8.42,8.72,Ile/Leu-UDCA,,#N/A
P4_E1_TLCA_Ep_BSH101_0h.mzML,506.384,0,8.42,8.42,8.72,Ile/Leu-UDCA,,#N/A
P4_E2_TDCA_Ep_BSH101_0h.mzML,506.384,0,8.42,8.42,8.72,Ile/Leu-UDCA,,#N/A
P4_E3_TCDCA_Ep_BSH101_0h.mzML,506.384,0,8.42,8.42,8.72,Ile/Leu-UDCA,,#N/A
P4_E4_TUDCA_Ep_BSH101_0h.mzML,506.384,0,8.42,8.42,8.72,Ile/Leu-UDCA,,#N/A
P4_E5_TCA_Ep_BSH101_0h.mzML,506.384,0,8.42,8.42,8.72,Ile/Leu-UDCA,,#N/A
P4_E6_GLCA_Ep_BSH101_0h.mzML,506.384,0,8.42,8.42,8.72,Ile/Leu-UDCA,,#N/A
P4_E7_GDCA_Ep_BSH101_0h.mzML,506.384,0,8.42,8.42,8.72,Ile/Leu-UDCA,,#N/A
P4_E8_GCDCA_Ep_BSH101_0h.mzML,506.384,0,8.42,8.42,8.72,Ile/Leu-UDCA,,#N/A
P4_E9_GUDCA_Ep_BSH101_0h.mzML,506.384,0,8.42,8.42,8.72,Ile/Leu-UDCA,,#N/A
P4_E10_GCA_Ep_BSH101_0h.mzML,506.384,0,8.42,8.42,8.72,Ile/Leu-UDCA,,#N/A
P4_E11_BHI_50MeOH.mzML,506.384,0,8.42,8.42,8.72,Ile/Leu-UDCA,,#N/A
P4_E12_BHI_50DMSO_25MeOH.mzML,506.384,0,8.42,8.42,8.72,Ile/Leu-UDCA,,#N/A
P4_F1_TLCA_AZ-52_0h.mzML,506.384,0,8.42,8.42,8.72,Ile/Leu-UDCA,,#N/A
P4_F2_TDCA_AZ-52_0h.mzML,506.384,0,8.42,8.42,8.72,Ile/Leu-UDCA,,#N/A
P4_F3_TCDCA_AZ-52_0h.mzML,506.384,0,8.42,8.42,8.72,Ile/Leu-UDCA,,#N/A
P4_F4_TUDCA_AZ-52_0h.mzML,506.384,0,8.42,8.42,8.72,Ile/Leu-UDCA,,#N/A
P4_F5_TCA_AZ-52_0h.mzML,506.384,0,8.42,8.42,8.72,Ile/Leu-UDCA,,#N/A
P4_F6_GLCA_AZ-52_0h.mzML,506.384,0,8.42,8.42,8.72,Ile/Leu-UDCA,,#N/A
P4_F7_GDCA_AZ-52_0h.mzML,506.384,0,8.42,8.42,8.72,Ile/Leu-UDCA,,#N/A
P4_F8_GCDCA_AZ-52_0h.mzML,506.384,0,8.42,8.42,8.72,Ile/Leu-UDCA,,#N/A
P4_F9_GUDCA_AZ-52_0h.mzML,506.384,0,8.42,8.42,8.72,Ile/Leu-UDCA,,#N/A
P4_F10_GCA_AZ-52_0h.mzML,506.384,0,8.42,8.42,8.72,Ile/Leu-UDCA,,#N/A
P4_F11_BHI_50MeOH.mzML,506.384,0,8.42,8.42,8.72,Ile/Leu-UDCA,,#N/A
P4_F12_BHI_50DMSO_25MeOH.mzML,506.384,0,8.42,8.42,8.72,Ile/Leu-UDCA,,#N/A
P4_G1_TLCA_EcAZ-1-cat_0h.mzML,506.384,0,8.42,8.42,8.72,Ile/Leu-UDCA,,#N/A
P4_G2_TDCA_EcAZ-1-cat_0h.mzML,506.384,0,8.42,8.42,8.72,Ile/Leu-UDCA,,#N/A
P4_G3_TCDCA_EcAZ-1-cat_0h.mzML,506.384,0,8.42,8.42,8.72,Ile/Leu-UDCA,,#N/A
P4_G4_TUDCA_EcAZ-1-cat_0h.mzML,506.384,0,8.42,8.42,8.72,Ile/Leu-UDCA,,#N/A
P4_G5_TCA_EcAZ-1-cat_0h.mzML,506.384,0,8.42,8.42,8.72,Ile/Leu-UDCA,,#N/A
P4_G6_GLCA_EcAZ-1-cat_0h.mzML,506.384,0,8.42,8.42,8.72,Ile/Leu-UDCA,,#N/A
P4_G7_GDCA_EcAZ-1-cat_0h.mzML,506.384,0,8.42,8.42,8.72,Ile/Leu-UDCA,,#N/A
P4_G8_GCDCA_EcAZ-1-cat_0h.mzML,506.384,0,8.42,8.42,8.72,Ile/Leu-UDCA,,#N/A
P4_G9_GUDCA_EcAZ-1-cat_0h.mzML,506.384,0,8.42,8.42,8.72,Ile/Leu-UDCA,,#N/A
P4_G10_GCA_EcAZ-1-cat_0h.mzML,506.384,0,8.42,8.42,8.72,Ile/Leu-UDCA,,#N/A
P4_G11_BHI_50MeOH.mzML,506.384,0,8.42,8.42,8.72,Ile/Leu-UDCA,,#N/A
P4_G12_BHI_50DMSO_25MeOH.mzML,506.384,0,8.42,8.42,8.72,Ile/Leu-UDCA,,#N/A
P4_H1_TLCA_ctrl_0h.mzML,506.384,0,8.42,8.42,8.72,Ile/Leu-UDCA,,#N/A
P4_H2_TDCA_ctrl_0h.mzML,506.384,0,8.42,8.42,8.72,Ile/Leu-UDCA,,#N/A
P4_H3_TCDCA_ctrl_0h.mzML,506.384,0,8.42,8.42,8.72,Ile/Leu-UDCA,,#N/A
P4_H4_TUDCA_ctrl_0h.mzML,506.384,0,8.42,8.42,8.72,Ile/Leu-UDCA,,#N/A
P4_H5_TCA_ctrl_0h.mzML,506.384,0,8.42,8.42,8.72,Ile/Leu-UDCA,,#N/A
P4_H6_GLCA_ctrl_0h.mzML,506.384,0,8.42,8.42,8.72,Ile/Leu-UDCA,,#N/A
P4_H7_GDCA_ctrl_0h.mzML,506.384,0,8.42,8.42,8.72,Ile/Leu-UDCA,,#N/A
P4_H8_GCDCA_ctrl_0h.mzML,506.384,0,8.42,8.42,8.72,Ile/Leu-UDCA,,#N/A
P4_H9_GUDCA_ctrl_0h.mzML,506.384,0,8.42,8.42,8.72,Ile/Leu-UDCA,,#N/A
P4_H10_GCA_ctrl_0h.mzML,506.384,0,8.42,8.42,8.72,Ile/Leu-UDCA,,#N/A
P4_H11_BHI_50MeOH.mzML,506.384,0,8.42,8.42,8.72,Ile/Leu-UDCA,,#N/A
P4_H12_BHI_50DMSO_25MeOH.mzML,506.384,0,8.42,8.42,8.72,Ile/Leu-UDCA,,#N/A
P7_A1_TLCA_Dny_BSH1_0h.mzML,506.384,0,8.42,8.42,8.72,Ile/Leu-UDCA,,#N/A
P7_A2_TDCA_Dny_BSH1_0h.mzML,506.384,0,8.42,8.42,8.72,Ile/Leu-UDCA,,#N/A
P7_A3_TCDCA_Dny_BSH1_0h.mzML,506.384,0,8.42,8.42,8.72,Ile/Leu-UDCA,,#N/A
P7_A4_TUDCA_Dny_BSH1_0h.mzML,506.384,0,8.42,8.42,8.72,Ile/Leu-UDCA,,#N/A
P7_A5_TCA_Dny_BSH1_0h.mzML,506.384,0,8.42,8.42,8.72,Ile/Leu-UDCA,,#N/A
P7_A6_GLCA_Dny_BSH1_0h.mzML,506.384,0,8.42,8.42,8.72,Ile/Leu-UDCA,,#N/A
P7_A7_GDCA_Dny_BSH1_0h.mzML,506.384,0,8.42,8.42,8.72,Ile/Leu-UDCA,,#N/A
P7_A8_GCDCA_Dny_BSH1_0h.mzML,506.384,0,8.42,8.42,8.72,Ile/Leu-UDCA,,#N/A
P7_A9_GUDCA_Dny_BSH1_0h.mzML,506.384,0,8.42,8.42,8.72,Ile/Leu-UDCA,,#N/A
P7_A10_GCA_Dny_BSH1_0h.mzML,506.384,0,8.42,8.42,8.72,Ile/Leu-UDCA,,#N/A
P7_A11_BHI_50MeOH.mzML,506.384,0,8.42,8.42,8.72,Ile/Leu-UDCA,,#N/A
P7_A12_BHI_50DMSO_25MeOH.mzML,506.384,0,8.42,8.42,8.72,Ile/Leu-UDCA,,#N/A
P7_B1_TLCA_Dny_BSH2_0h.mzML,506.384,0,8.42,8.42,8.72,Ile/Leu-UDCA,,#N/A
P7_B2_TDCA_Dny_BSH2_0h.mzML,506.384,0,8.42,8.42,8.72,Ile/Leu-UDCA,,#N/A
P7_B3_TCDCA_Dny_BSH2_0h.mzML,506.384,0,8.42,8.42,8.72,Ile/Leu-UDCA,,#N/A
P7_B4_TUDCA_Dny_BSH2_0h.mzML,506.384,0,8.42,8.42,8.72,Ile/Leu-UDCA,,#N/A
P7_B5_TCA_Dny_BSH2_0h.mzML,506.384,0,8.42,8.42,8.72,Ile/Leu-UDCA,,#N/A
P7_B6_GLCA_Dny_BSH2_0h.mzML,506.384,0,8.42,8.42,8.72,Ile/Leu-UDCA,,#N/A
P7_B7_GDCA_Dny_BSH2_0h.mzML,506.384,0,8.42,8.42,8.72,Ile/Leu-UDCA,,#N/A
P7_B8_GCDCA_Dny_BSH2_0h.mzML,506.384,0,8.42,8.42,8.72,Ile/Leu-UDCA,,#N/A
P7_B9_GUDCA_Dny_BSH2_0h.mzML,506.384,0,8.42,8.42,8.72,Ile/Leu-UDCA,,#N/A
P7_B10_GCA_Dny_BSH2_0h.mzML,506.384,0,8.42,8.42,8.72,Ile/Leu-UDCA,,#N/A
P7_B11_BHI_50MeOH.mzML,506.384,0,8.42,8.42,8.72,Ile/Leu-UDCA,,#N/A
P7_B12_BHI_50DMSO_25MeOH.mzML,506.384,0,8.42,8.42,8.72,Ile/Leu-UDCA,,#N/A
P7_C1_TLCA_Lgasseri_BSH_0h.mzML,506.384,0,8.42,8.42,8.72,Ile/Leu-UDCA,,#N/A
P7_C2_TDCA_Lgasseri_BSH_0h.mzML,506.384,0,8.42,8.42,8.72,Ile/Leu-UDCA,,#N/A
P7_C3_TCDCA_Lgasseri_BSH_0h.mzML,506.384,0,8.42,8.42,8.72,Ile/Leu-UDCA,,#N/A
P7_C4_TUDCA_Lgasseri_BSH_0h.mzML,506.384,0,8.42,8.42,8.72,Ile/Leu-UDCA,,#N/A
P7_C5_TCA_Lgasseri_BSH_0h.mzML,506.384,0,8.42,8.42,8.72,Ile/Leu-UDCA,,#N/A
P7_C6_GLCA_Lgasseri_BSH_0h.mzML,506.384,0,8.42,8.42,8.72,Ile/Leu-UDCA,,#N/A
P7_C7_GDCA_Lgasseri_BSH_0h.mzML,506.384,0,8.42,8.42,8.72,Ile/Leu-UDCA,,#N/A
P7_C8_GCDCA_Lgasseri_BSH_0h.mzML,506.384,0,8.42,8.42,8.72,Ile/Leu-UDCA,,#N/A
P7_C9_GUDCA_Lgasseri_BSH_0h.mzML,506.384,0,8.42,8.42,8.72,Ile/Leu-UDCA,,#N/A
P7_C10_GCA_Lgasseri_BSH_0h.mzML,506.384,0,8.42,8.42,8.72,Ile/Leu-UDCA,,#N/A
P7_C11_BHI_50MeOH.mzML,506.384,0,8.42,8.42,8.72,Ile/Leu-UDCA,,#N/A
P7_C12_BHI_50DMSO_25MeOH.mzML,506.384,0,8.42,8.42,8.72,Ile/Leu-UDCA,,#N/A
P7_D1_TLCA_LCAG-95_BSH1208_0h.mzML,506.384,0,8.42,8.42,8.72,Ile/Leu-UDCA,,#N/A
P7_D2_TDCA_LCAG-95_BSH1208_0h.mzML,506.384,0,8.42,8.42,8.72,Ile/Leu-UDCA,,#N/A
P7_D3_TCDCA_LCAG-95_BSH1208_0h.mzML,506.384,0,8.42,8.42,8.72,Ile/Leu-UDCA,,#N/A
P7_D4_TUDCA_LCAG-95_BSH1208_0h.mzML,506.384,0,8.42,8.42,8.72,Ile/Leu-UDCA,,#N/A
P7_D5_TCA_LCAG-95_BSH1208_0h.mzML,506.384,0,8.42,8.42,8.72,Ile/Leu-UDCA,,#N/A
P7_D6_GLCA_LCAG-95_BSH1208_0h.mzML,506.384,0,8.42,8.42,8.72,Ile/Leu-UDCA,,#N/A
P7_D7_GDCA_LCAG-95_BSH1208_0h.mzML,506.384,0,8.42,8.42,8.72,Ile/Leu-UDCA,,#N/A
P7_D8_GCDCA_LCAG-95_BSH1208_0h.mzML,506.384,0,8.42,8.42,8.72,Ile/Leu-UDCA,,#N/A
P7_D9_GUDCA_LCAG-95_BSH1208_0h.mzML,506.384,0,8.42,8.42,8.72,Ile/Leu-UDCA,,#N/A
P7_D10_GCA_LCAG-95_BSH1208_0h.mzML,506.384,0,8.42,8.42,8.72,Ile/Leu-UDCA,,#N/A
P7_D11_BHI_50MeOH.mzML,506.384,0,8.42,8.42,8.72,Ile/Leu-UDCA,,#N/A
P7_D12_BHI_50DMSO_25MeOH.mzML,506.384,0,8.42,8.42,8.72,Ile/Leu-UDCA,,#N/A
P7_E1_TLCA_Ep_BSH101_0h.mzML,506.384,0,8.42,8.42,8.72,Ile/Leu-UDCA,,#N/A
P7_E2_TDCA_Ep_BSH101_0h.mzML,506.384,0,8.42,8.42,8.72,Ile/Leu-UDCA,,#N/A
P7_E3_TCDCA_Ep_BSH101_0h.mzML,506.384,0,8.42,8.42,8.72,Ile/Leu-UDCA,,#N/A
P7_E4_TUDCA_Ep_BSH101_0h.mzML,506.384,0,8.42,8.42,8.72,Ile/Leu-UDCA,,#N/A
P7_E5_TCA_Ep_BSH101_0h.mzML,506.384,0,8.42,8.42,8.72,Ile/Leu-UDCA,,#N/A
P7_E6_GLCA_Ep_BSH101_0h.mzML,506.384,0,8.42,8.42,8.72,Ile/Leu-UDCA,,#N/A
P7_E7_GDCA_Ep_BSH101_0h.mzML,506.384,0,8.42,8.42,8.72,Ile/Leu-UDCA,,#N/A
P7_E8_GCDCA_Ep_BSH101_0h.mzML,506.384,0,8.42,8.42,8.72,Ile/Leu-UDCA,,#N/A
P7_E9_GUDCA_Ep_BSH101_0h.mzML,506.384,0,8.42,8.42,8.72,Ile/Leu-UDCA,,#N/A
P7_E10_GCA_Ep_BSH101_0h.mzML,506.384,0,8.42,8.42,8.72,Ile/Leu-UDCA,,#N/A
P7_E11_BHI_50MeOH.mzML,506.384,0,8.42,8.42,8.72,Ile/Leu-UDCA,,#N/A
P7_E12_BHI_50DMSO_25MeOH.mzML,506.384,0,8.42,8.42,8.72,Ile/Leu-UDCA,,#N/A
P7_F1_TLCA_AZ-52_0h.mzML,506.384,0,8.42,8.42,8.72,Ile/Leu-UDCA,,#N/A
P7_F2_TDCA_AZ-52_0h.mzML,506.384,0,8.42,8.42,8.72,Ile/Leu-UDCA,,#N/A
P7_F3_TCDCA_AZ-52_0h.mzML,506.384,0,8.42,8.42,8.72,Ile/Leu-UDCA,,#N/A
P7_F4_TUDCA_AZ-52_0h.mzML,506.384,0,8.42,8.42,8.72,Ile/Leu-UDCA,,#N/A
P7_F5_TCA_AZ-52_0h.mzML,506.384,0,8.42,8.42,8.72,Ile/Leu-UDCA,,#N/A
P7_F6_GLCA_AZ-52_0h.mzML,506.384,0,8.42,8.42,8.72,Ile/Leu-UDCA,,#N/A
P7_F7_GDCA_AZ-52_0h.mzML,506.384,0,8.42,8.42,8.72,Ile/Leu-UDCA,,#N/A
P7_F8_GCDCA_AZ-52_0h.mzML,506.384,0,8.42,8.42,8.72,Ile/Leu-UDCA,,#N/A
P7_F9_GUDCA_AZ-52_0h.mzML,506.384,0,8.42,8.42,8.72,Ile/Leu-UDCA,,#N/A
P7_F10_GCA_AZ-52_0h.mzML,506.384,0,8.42,8.42,8.72,Ile/Leu-UDCA,,#N/A
P7_F11_BHI_50MeOH.mzML,506.384,0,8.42,8.42,8.72,Ile/Leu-UDCA,,#N/A
P7_F12_BHI_50DMSO_25MeOH.mzML,506.384,0,8.42,8.42,8.72,Ile/Leu-UDCA,,#N/A
P7_G1_TLCA_EcAZ-1-cat_0h.mzML,506.384,0,8.42,8.42,8.72,Ile/Leu-UDCA,,#N/A
P7_G2_TDCA_EcAZ-1-cat_0h.mzML,506.384,0,8.42,8.42,8.72,Ile/Leu-UDCA,,#N/A
P7_G3_TCDCA_EcAZ-1-cat_0h.mzML,506.384,0,8.42,8.42,8.72,Ile/Leu-UDCA,,#N/A
P7_G4_TUDCA_EcAZ-1-cat_0h.mzML,506.384,0,8.42,8.42,8.72,Ile/Leu-UDCA,,#N/A
P7_G5_TCA_EcAZ-1-cat_0h.mzML,506.384,0,8.42,8.42,8.72,Ile/Leu-UDCA,,#N/A
P7_G6_GLCA_EcAZ-1-cat_0h.mzML,506.384,0,8.42,8.42,8.72,Ile/Leu-UDCA,,#N/A
P7_G7_GDCA_EcAZ-1-cat_0h.mzML,506.384,0,8.42,8.42,8.72,Ile/Leu-UDCA,,#N/A
P7_G8_GCDCA_EcAZ-1-cat_0h.mzML,506.384,0,8.42,8.42,8.72,Ile/Leu-UDCA,,#N/A
P7_G9_GUDCA_EcAZ-1-cat_0h.mzML,506.384,0,8.42,8.42,8.72,Ile/Leu-UDCA,,#N/A
P7_G10_GCA_EcAZ-1-cat_0h.mzML,506.384,0,8.42,8.42,8.72,Ile/Leu-UDCA,,#N/A
P7_G11_BHI_50MeOH.mzML,506.384,0,8.42,8.42,8.72,Ile/Leu-UDCA,,#N/A
P7_G12_BHI_50DMSO_25MeOH.mzML,506.384,0,8.42,8.42,8.72,Ile/Leu-UDCA,,#N/A
P7_H1_TLCA_ctrl_0h.mzML,506.384,0,8.42,8.42,8.72,Ile/Leu-UDCA,,#N/A
P7_H2_TDCA_ctrl_0h.mzML,506.384,0,8.42,8.42,8.72,Ile/Leu-UDCA,,#N/A
P7_H3_TCDCA_ctrl_0h.mzML,506.384,0,8.42,8.42,8.72,Ile/Leu-UDCA,,#N/A
P7_H4_TUDCA_ctrl_0h.mzML,506.384,0,8.42,8.42,8.72,Ile/Leu-UDCA,,#N/A
P7_H5_TCA_ctrl_0h.mzML,506.384,0,8.42,8.42,8.72,Ile/Leu-UDCA,,#N/A
P7_H6_GLCA_ctrl_0h.mzML,506.384,0,8.42,8.42,8.72,Ile/Leu-UDCA,,#N/A
P7_H7_GDCA_ctrl_0h.mzML,506.384,0,8.42,8.42,8.72,Ile/Leu-UDCA,,#N/A
P7_H8_GCDCA_ctrl_0h.mzML,506.384,0,8.42,8.42,8.72,Ile/Leu-UDCA,,#N/A
P7_H9_GUDCA_ctrl_0h.mzML,506.384,0,8.42,8.42,8.72,Ile/Leu-UDCA,,#N/A
P7_H10_GCA_ctrl_0h.mzML,506.384,0,8.42,8.42,8.72,Ile/Leu-UDCA,,#N/A
P7_H11_BHI_50MeOH.mzML,506.384,0,8.42,8.42,8.72,Ile/Leu-UDCA,,#N/A
P7_H12_BHI_50DMSO_25MeOH.mzML,506.384,0,8.42,8.42,8.72,Ile/Leu-UDCA,,#N/A
TCA_std.mzML,506.384,0,8.42,8.42,8.72,Ile/Leu-UDCA,,#N/A
TCDCA_std.mzML,506.384,0,8.42,8.42,8.72,Ile/Leu-UDCA,,#N/A
TDCA_std.mzML,506.384,0,8.42,8.42,8.72,Ile/Leu-UDCA,,#N/A
TLCA_std.mzML,506.384,0,8.42,8.42,8.72,Ile/Leu-UDCA,,#N/A
TUDCA_std.mzML,506.384,0,8.42,8.42,8.72,Ile/Leu-UDCA,,#N/A
UDCA_aminoacids.mzML,506.384,489099,8.42,8.42,8.72,Ile/Leu-UDCA,,#N/A
CA_aminoacids.mzML,579.3792,0,8.52,8.52,8.67,Trp-UDCA,,#N/A
CA_DCA_LCA_aminoacids.mzML,579.3792,265580240,8.57,8.52,8.67,Trp-UDCA,,#N/A
CDCA_aminoacids.mzML,579.3792,0,8.52,8.52,8.67,Trp-UDCA,,#N/A
DCA_aminoacids.mzML,579.3792,0,8.52,8.52,8.67,Trp-UDCA,,#N/A
DCA_aminoacids_2.mzML,579.3792,0,8.52,8.52,8.67,Trp-UDCA,,#N/A
GCA_std.mzML,579.3792,0,8.52,8.52,8.67,Trp-UDCA,,#N/A
GCDCA_std.mzML,579.3792,0,8.52,8.52,8.67,Trp-UDCA,,#N/A
GDCA_std.mzML,579.3792,0,8.52,8.52,8.67,Trp-UDCA,,#N/A
GLCA_std.mzML,579.3792,0,8.52,8.52,8.67,Trp-UDCA,,#N/A
GUDCA_std.mzML,579.3792,0,8.52,8.52,8.67,Trp-UDCA,,#N/A
P4_A1_TLCA_Dny_BSH1_0h.mzML,579.3792,0,8.52,8.52,8.67,Trp-UDCA,,#N/A
P4_A2_TDCA_Dny_BSH1_0h.mzML,579.3792,20188,8.61,8.52,8.67,Trp-UDCA,,#N/A
P4_A3_TCDCA_Dny_BSH1_0h.mzML,579.3792,9508,8.62,8.52,8.67,Trp-UDCA,,#N/A
P4_A4_TUDCA_Dny_BSH1_0h.mzML,579.3792,0,8.52,8.52,8.67,Trp-UDCA,,#N/A
P4_A5_TCA_Dny_BSH1_0h.mzML,579.3792,0,8.52,8.52,8.67,Trp-UDCA,,#N/A
P4_A6_GLCA_Dny_BSH1_0h.mzML,579.3792,15633,8.66,8.52,8.67,Trp-UDCA,,#N/A
P4_A7_GDCA_Dny_BSH1_0h.mzML,579.3792,0,8.52,8.52,8.67,Trp-UDCA,,#N/A
P4_A8_GCDCA_Dny_BSH1_0h.mzML,579.3792,0,8.52,8.52,8.67,Trp-UDCA,,#N/A
P4_A9_GUDCA_Dny_BSH1_0h.mzML,579.3792,15204,8.66,8.52,8.67,Trp-UDCA,,#N/A
P4_A10_GCA_Dny_BSH1_0h.mzML,579.3792,0,8.52,8.52,8.67,Trp-UDCA,,#N/A
P4_A11_BHI_50MeOH.mzML,579.3792,0,8.52,8.52,8.67,Trp-UDCA,,#N/A
P4_A12_BHI_50DMSO_25MeOH.mzML,579.3792,24627,8.63,8.52,8.67,Trp-UDCA,,#N/A
P4_B1_TLCA_Dny_BSH2_0h.mzML,579.3792,0,8.52,8.52,8.67,Trp-UDCA,,#N/A
P4_B2_TDCA_Dny_BSH2_0h.mzML,579.3792,27500,8.63,8.52,8.67,Trp-UDCA,,#N/A
P4_B3_TCDCA_Dny_BSH2_0h.mzML,579.3792,87975,8.65,8.52,8.67,Trp-UDCA,,#N/A
P4_B4_TUDCA_Dny_BSH2_0h.mzML,579.3792,78942,8.62,8.52,8.67,Trp-UDCA,,#N/A
P4_B5_TCA_Dny_BSH2_0h.mzML,579.3792,42450,8.63,8.52,8.67,Trp-UDCA,,#N/A
P4_B6_GLCA_Dny_BSH2_0h.mzML,579.3792,112880,8.65,8.52,8.67,Trp-UDCA,,#N/A
P4_B7_GDCA_Dny_BSH2_0h.mzML,579.3792,505457,8.65,8.52,8.67,Trp-UDCA,,#N/A
P4_B8_GCDCA_Dny_BSH2_0h.mzML,579.3792,0,8.52,8.52,8.67,Trp-UDCA,,#N/A
P4_B9_GUDCA_Dny_BSH2_0h.mzML,579.3792,99686,8.52,8.52,8.67,Trp-UDCA,,#N/A
P4_B10_GCA_Dny_BSH2_0h.mzML,579.3792,67504,8.61,8.52,8.67,Trp-UDCA,,#N/A
P4_B11_BHI_50MeOH.mzML,579.3792,21087,8.66,8.52,8.67,Trp-UDCA,,#N/A
P4_B12_BHI_50DMSO_25MeOH.mzML,579.3792,0,8.52,8.52,8.67,Trp-UDCA,,#N/A
P4_C1_TLCA_Lgasseri_BSH_0h.mzML,579.3792,0,8.52,8.52,8.67,Trp-UDCA,,#N/A
P4_C2_TDCA_Lgasseri_BSH_0h.mzML,579.3792,78647,8.62,8.52,8.67,Trp-UDCA,,#N/A
P4_C3_TCDCA_Lgasseri_BSH_0h.mzML,579.3792,105391,8.65,8.52,8.67,Trp-UDCA,,#N/A
P4_C4_TUDCA_Lgasseri_BSH_0h.mzML,579.3792,121849,8.66,8.52,8.67,Trp-UDCA,,#N/A
P4_C5_TCA_Lgasseri_BSH_0h.mzML,579.3792,26195,8.63,8.52,8.67,Trp-UDCA,,#N/A
P4_C6_GLCA_Lgasseri_BSH_0h.mzML,579.3792,0,8.52,8.52,8.67,Trp-UDCA,,#N/A
P4_C7_GDCA_Lgasseri_BSH_0h.mzML,579.3792,513747,8.54,8.52,8.67,Trp-UDCA,,#N/A
P4_C8_GCDCA_Lgasseri_BSH_0h.mzML,579.3792,3769,8.66,8.52,8.67,Trp-UDCA,,#N/A
P4_C9_GUDCA_Lgasseri_BSH_0h.mzML,579.3792,120380,8.65,8.52,8.67,Trp-UDCA,,#N/A
P4_C10_GCA_Lgasseri_BSH_0h.mzML,579.3792,172713,8.61,8.52,8.67,Trp-UDCA,,#N/A
P4_C11_BHI_50MeOH.mzML,579.3792,0,8.52,8.52,8.67,Trp-UDCA,,#N/A
P4_C12_BHI_50DMSO_25MeOH.mzML,579.3792,0,8.52,8.52,8.67,Trp-UDCA,,#N/A
P4_D1_TLCA_LCAG-95_BSH1208_0h.mzML,579.3792,0,8.52,8.52,8.67,Trp-UDCA,,#N/A
P4_D2_TDCA_LCAG-95_BSH1208_0h.mzML,579.3792,61921,8.66,8.52,8.67,Trp-UDCA,,#N/A
P4_D3_TCDCA_LCAG-95_BSH1208_0h.mzML,579.3792,17160,8.52,8.52,8.67,Trp-UDCA,,#N/A
P4_D4_TUDCA_LCAG-95_BSH1208_0h.mzML,579.3792,178159,8.64,8.52,8.67,Trp-UDCA,,#N/A
P4_D5_TCA_LCAG-95_BSH1208_0h.mzML,579.3792,145022,8.52,8.52,8.67,Trp-UDCA,,#N/A
P4_D6_GLCA_LCAG-95_BSH1208_0h.mzML,579.3792,151363,8.65,8.52,8.67,Trp-UDCA,,#N/A
P4_D7_GDCA_LCAG-95_BSH1208_0h.mzML,579.3792,30504,8.66,8.52,8.67,Trp-UDCA,,#N/A
P4_D8_GCDCA_LCAG-95_BSH1208_0h.mzML,579.3792,56687,8.66,8.52,8.67,Trp-UDCA,,#N/A
P4_D9_GUDCA_LCAG-95_BSH1208_0h.mzML,579.3792,413946,8.66,8.52,8.67,Trp-UDCA,,#N/A
P4_D10_GCA_LCAG-95_BSH1208_0h.mzML,579.3792,92362,8.65,8.52,8.67,Trp-UDCA,,#N/A
P4_D11_BHI_50MeOH.mzML,579.3792,62602,8.66,8.52,8.67,Trp-UDCA,,#N/A
P4_D12_BHI_50DMSO_25MeOH.mzML,579.3792,0,8.52,8.52,8.67,Trp-UDCA,,#N/A
P4_E1_TLCA_Ep_BSH101_0h.mzML,579.3792,0,8.52,8.52,8.67,Trp-UDCA,,#N/A
P4_E2_TDCA_Ep_BSH101_0h.mzML,579.3792,142897,8.65,8.52,8.67,Trp-UDCA,,#N/A
P4_E3_TCDCA_Ep_BSH101_0h.mzML,579.3792,162268,8.64,8.52,8.67,Trp-UDCA,,#N/A
P4_E4_TUDCA_Ep_BSH101_0h.mzML,579.3792,188960,8.66,8.52,8.67,Trp-UDCA,,#N/A
P4_E5_TCA_Ep_BSH101_0h.mzML,579.3792,51057,8.66,8.52,8.67,Trp-UDCA,,#N/A
P4_E6_GLCA_Ep_BSH101_0h.mzML,579.3792,156291,8.66,8.52,8.67,Trp-UDCA,,#N/A
P4_E7_GDCA_Ep_BSH101_0h.mzML,579.3792,93175,8.64,8.52,8.67,Trp-UDCA,,#N/A
P4_E8_GCDCA_Ep_BSH101_0h.mzML,579.3792,1311,8.52,8.52,8.67,Trp-UDCA,,#N/A
P4_E9_GUDCA_Ep_BSH101_0h.mzML,579.3792,61278,8.64,8.52,8.67,Trp-UDCA,,#N/A
P4_E10_GCA_Ep_BSH101_0h.mzML,579.3792,104892,8.52,8.52,8.67,Trp-UDCA,,#N/A
P4_E11_BHI_50MeOH.mzML,579.3792,74979,8.63,8.52,8.67,Trp-UDCA,,#N/A
P4_E12_BHI_50DMSO_25MeOH.mzML,579.3792,0,8.52,8.52,8.67,Trp-UDCA,,#N/A
P4_F1_TLCA_AZ-52_0h.mzML,579.3792,0,8.52,8.52,8.67,Trp-UDCA,,#N/A
P4_F2_TDCA_AZ-52_0h.mzML,579.3792,0,8.52,8.52,8.67,Trp-UDCA,,#N/A
P4_F3_TCDCA_AZ-52_0h.mzML,579.3792,0,8.52,8.52,8.67,Trp-UDCA,,#N/A
P4_F4_TUDCA_AZ-52_0h.mzML,579.3792,260,8.52,8.52,8.67,Trp-UDCA,,#N/A
P4_F5_TCA_AZ-52_0h.mzML,579.3792,158244,8.65,8.52,8.67,Trp-UDCA,,#N/A
P4_F6_GLCA_AZ-52_0h.mzML,579.3792,51181,8.52,8.52,8.67,Trp-UDCA,,#N/A
P4_F7_GDCA_AZ-52_0h.mzML,579.3792,337936,8.65,8.52,8.67,Trp-UDCA,,#N/A
P4_F8_GCDCA_AZ-52_0h.mzML,579.3792,0,8.52,8.52,8.67,Trp-UDCA,,#N/A
P4_F9_GUDCA_AZ-52_0h.mzML,579.3792,136733,8.62,8.52,8.67,Trp-UDCA,,#N/A
P4_F10_GCA_AZ-52_0h.mzML,579.3792,152569,8.65,8.52,8.67,Trp-UDCA,,#N/A
P4_F11_BHI_50MeOH.mzML,579.3792,0,8.52,8.52,8.67,Trp-UDCA,,#N/A
P4_F12_BHI_50DMSO_25MeOH.mzML,579.3792,0,8.52,8.52,8.67,Trp-UDCA,,#N/A
P4_G1_TLCA_EcAZ-1-cat_0h.mzML,579.3792,0,8.52,8.52,8.67,Trp-UDCA,,#N/A
P4_G2_TDCA_EcAZ-1-cat_0h.mzML,579.3792,0,8.52,8.52,8.67,Trp-UDCA,,#N/A
P4_G3_TCDCA_EcAZ-1-cat_0h.mzML,579.3792,69640,8.64,8.52,8.67,Trp-UDCA,,#N/A
P4_G4_TUDCA_EcAZ-1-cat_0h.mzML,579.3792,74486,8.6,8.52,8.67,Trp-UDCA,,#N/A
P4_G5_TCA_EcAZ-1-cat_0h.mzML,579.3792,121050,8.52,8.52,8.67,Trp-UDCA,,#N/A
P4_G6_GLCA_EcAZ-1-cat_0h.mzML,579.3792,55686,8.66,8.52,8.67,Trp-UDCA,,#N/A
P4_G7_GDCA_EcAZ-1-cat_0h.mzML,579.3792,12693,8.66,8.52,8.67,Trp-UDCA,,#N/A
P4_G8_GCDCA_EcAZ-1-cat_0h.mzML,579.3792,0,8.52,8.52,8.67,Trp-UDCA,,#N/A
P4_G9_GUDCA_EcAZ-1-cat_0h.mzML,579.3792,56109,8.64,8.52,8.67,Trp-UDCA,,#N/A
P4_G10_GCA_EcAZ-1-cat_0h.mzML,579.3792,57636,8.61,8.52,8.67,Trp-UDCA,,#N/A
P4_G11_BHI_50MeOH.mzML,579.3792,0,8.52,8.52,8.67,Trp-UDCA,,#N/A
P4_G12_BHI_50DMSO_25MeOH.mzML,579.3792,0,8.52,8.52,8.67,Trp-UDCA,,#N/A
P4_H1_TLCA_ctrl_0h.mzML,579.3792,0,8.52,8.52,8.67,Trp-UDCA,,#N/A
P4_H2_TDCA_ctrl_0h.mzML,579.3792,0,8.52,8.52,8.67,Trp-UDCA,,#N/A
P4_H3_TCDCA_ctrl_0h.mzML,579.3792,0,8.52,8.52,8.67,Trp-UDCA,,#N/A
P4_H4_TUDCA_ctrl_0h.mzML,579.3792,0,8.52,8.52,8.67,Trp-UDCA,,#N/A
P4_H5_TCA_ctrl_0h.mzML,579.3792,0,8.52,8.52,8.67,Trp-UDCA,,#N/A
P4_H6_GLCA_ctrl_0h.mzML,579.3792,0,8.52,8.52,8.67,Trp-UDCA,,#N/A
P4_H7_GDCA_ctrl_0h.mzML,579.3792,0,8.52,8.52,8.67,Trp-UDCA,,#N/A
P4_H8_GCDCA_ctrl_0h.mzML,579.3792,0,8.52,8.52,8.67,Trp-UDCA,,#N/A
P4_H9_GUDCA_ctrl_0h.mzML,579.3792,0,8.52,8.52,8.67,Trp-UDCA,,#N/A
P4_H10_GCA_ctrl_0h.mzML,579.3792,0,8.52,8.52,8.67,Trp-UDCA,,#N/A
P4_H11_BHI_50MeOH.mzML,579.3792,0,8.52,8.52,8.67,Trp-UDCA,,#N/A
P4_H12_BHI_50DMSO_25MeOH.mzML,579.3792,0,8.52,8.52,8.67,Trp-UDCA,,#N/A
P7_A1_TLCA_Dny_BSH1_0h.mzML,579.3792,385113,8.55,8.52,8.67,Trp-UDCA,,#N/A
P7_A2_TDCA_Dny_BSH1_0h.mzML,579.3792,0,8.52,8.52,8.67,Trp-UDCA,,#N/A
P7_A3_TCDCA_Dny_BSH1_0h.mzML,579.3792,346,8.52,8.52,8.67,Trp-UDCA,,#N/A
P7_A4_TUDCA_Dny_BSH1_0h.mzML,579.3792,0,8.52,8.52,8.67,Trp-UDCA,,#N/A
P7_A5_TCA_Dny_BSH1_0h.mzML,579.3792,0,8.52,8.52,8.67,Trp-UDCA,,#N/A
P7_A6_GLCA_Dny_BSH1_0h.mzML,579.3792,0,8.52,8.52,8.67,Trp-UDCA,,#N/A
P7_A7_GDCA_Dny_BSH1_0h.mzML,579.3792,0,8.52,8.52,8.67,Trp-UDCA,,#N/A
P7_A8_GCDCA_Dny_BSH1_0h.mzML,579.3792,0,8.52,8.52,8.67,Trp-UDCA,,#N/A
P7_A9_GUDCA_Dny_BSH1_0h.mzML,579.3792,1252,8.66,8.52,8.67,Trp-UDCA,,#N/A
P7_A10_GCA_Dny_BSH1_0h.mzML,579.3792,0,8.52,8.52,8.67,Trp-UDCA,,#N/A
P7_A11_BHI_50MeOH.mzML,579.3792,0,8.52,8.52,8.67,Trp-UDCA,,#N/A
P7_A12_BHI_50DMSO_25MeOH.mzML,579.3792,0,8.52,8.52,8.67,Trp-UDCA,,#N/A
P7_B1_TLCA_Dny_BSH2_0h.mzML,579.3792,0,8.52,8.52,8.67,Trp-UDCA,,#N/A
P7_B2_TDCA_Dny_BSH2_0h.mzML,579.3792,128491,8.55,8.52,8.67,Trp-UDCA,,#N/A
P7_B3_TCDCA_Dny_BSH2_0h.mzML,579.3792,0,8.52,8.52,8.67,Trp-UDCA,,#N/A
P7_B4_TUDCA_Dny_BSH2_0h.mzML,579.3792,0,8.52,8.52,8.67,Trp-UDCA,,#N/A
P7_B5_TCA_Dny_BSH2_0h.mzML,579.3792,4807,8.52,8.52,8.67,Trp-UDCA,,#N/A
P7_B6_GLCA_Dny_BSH2_0h.mzML,579.3792,0,8.52,8.52,8.67,Trp-UDCA,,#N/A
P7_B7_GDCA_Dny_BSH2_0h.mzML,579.3792,15866,8.6,8.52,8.67,Trp-UDCA,,#N/A
P7_B8_GCDCA_Dny_BSH2_0h.mzML,579.3792,0,8.52,8.52,8.67,Trp-UDCA,,#N/A
P7_B9_GUDCA_Dny_BSH2_0h.mzML,579.3792,0,8.52,8.52,8.67,Trp-UDCA,,#N/A
P7_B10_GCA_Dny_BSH2_0h.mzML,579.3792,0,8.52,8.52,8.67,Trp-UDCA,,#N/A
P7_B11_BHI_50MeOH.mzML,579.3792,0,8.52,8.52,8.67,Trp-UDCA,,#N/A
P7_B12_BHI_50DMSO_25MeOH.mzML,579.3792,0,8.52,8.52,8.67,Trp-UDCA,,#N/A
P7_C1_TLCA_Lgasseri_BSH_0h.mzML,579.3792,779,8.52,8.52,8.67,Trp-UDCA,,#N/A
P7_C2_TDCA_Lgasseri_BSH_0h.mzML,579.3792,0,8.52,8.52,8.67,Trp-UDCA,,#N/A
P7_C3_TCDCA_Lgasseri_BSH_0h.mzML,579.3792,5892,8.52,8.52,8.67,Trp-UDCA,,#N/A
P7_C4_TUDCA_Lgasseri_BSH_0h.mzML,579.3792,0,8.52,8.52,8.67,Trp-UDCA,,#N/A
P7_C5_TCA_Lgasseri_BSH_0h.mzML,579.3792,0,8.52,8.52,8.67,Trp-UDCA,,#N/A
P7_C6_GLCA_Lgasseri_BSH_0h.mzML,579.3792,0,8.52,8.52,8.67,Trp-UDCA,,#N/A
P7_C7_GDCA_Lgasseri_BSH_0h.mzML,579.3792,0,8.52,8.52,8.67,Trp-UDCA,,#N/A
P7_C8_GCDCA_Lgasseri_BSH_0h.mzML,579.3792,27671,8.52,8.52,8.67,Trp-UDCA,,#N/A
P7_C9_GUDCA_Lgasseri_BSH_0h.mzML,579.3792,0,8.52,8.52,8.67,Trp-UDCA,,#N/A
P7_C10_GCA_Lgasseri_BSH_0h.mzML,579.3792,16888,8.52,8.52,8.67,Trp-UDCA,,#N/A
P7_C11_BHI_50MeOH.mzML,579.3792,0,8.52,8.52,8.67,Trp-UDCA,,#N/A
P7_C12_BHI_50DMSO_25MeOH.mzML,579.3792,35418,8.58,8.52,8.67,Trp-UDCA,,#N/A
P7_D1_TLCA_LCAG-95_BSH1208_0h.mzML,579.3792,31160,8.66,8.52,8.67,Trp-UDCA,,#N/A
P7_D2_TDCA_LCAG-95_BSH1208_0h.mzML,579.3792,7596,8.61,8.52,8.67,Trp-UDCA,,#N/A
P7_D3_TCDCA_LCAG-95_BSH1208_0h.mzML,579.3792,0,8.52,8.52,8.67,Trp-UDCA,,#N/A
P7_D4_TUDCA_LCAG-95_BSH1208_0h.mzML,579.3792,0,8.52,8.52,8.67,Trp-UDCA,,#N/A
P7_D5_TCA_LCAG-95_BSH1208_0h.mzML,579.3792,0,8.52,8.52,8.67,Trp-UDCA,,#N/A
P7_D6_GLCA_LCAG-95_BSH1208_0h.mzML,579.3792,68611,8.53,8.52,8.67,Trp-UDCA,,#N/A
P7_D7_GDCA_LCAG-95_BSH1208_0h.mzML,579.3792,169640,8.56,8.52,8.67,Trp-UDCA,,#N/A
P7_D8_GCDCA_LCAG-95_BSH1208_0h.mzML,579.3792,0,8.52,8.52,8.67,Trp-UDCA,,#N/A
P7_D9_GUDCA_LCAG-95_BSH1208_0h.mzML,579.3792,8169,8.66,8.52,8.67,Trp-UDCA,,#N/A
P7_D10_GCA_LCAG-95_BSH1208_0h.mzML,579.3792,0,8.52,8.52,8.67,Trp-UDCA,,#N/A
P7_D11_BHI_50MeOH.mzML,579.3792,0,8.52,8.52,8.67,Trp-UDCA,,#N/A
P7_D12_BHI_50DMSO_25MeOH.mzML,579.3792,1249,8.66,8.52,8.67,Trp-UDCA,,#N/A
P7_E1_TLCA_Ep_BSH101_0h.mzML,579.3792,0,8.52,8.52,8.67,Trp-UDCA,,#N/A
P7_E2_TDCA_Ep_BSH101_0h.mzML,579.3792,13303,8.52,8.52,8.67,Trp-UDCA,,#N/A
P7_E3_TCDCA_Ep_BSH101_0h.mzML,579.3792,0,8.52,8.52,8.67,Trp-UDCA,,#N/A
P7_E4_TUDCA_Ep_BSH101_0h.mzML,579.3792,0,8.52,8.52,8.67,Trp-UDCA,,#N/A
P7_E5_TCA_Ep_BSH101_0h.mzML,579.3792,0,8.52,8.52,8.67,Trp-UDCA,,#N/A
P7_E6_GLCA_Ep_BSH101_0h.mzML,579.3792,4875,8.52,8.52,8.67,Trp-UDCA,,#N/A
P7_E7_GDCA_Ep_BSH101_0h.mzML,579.3792,0,8.52,8.52,8.67,Trp-UDCA,,#N/A
P7_E8_GCDCA_Ep_BSH101_0h.mzML,579.3792,0,8.52,8.52,8.67,Trp-UDCA,,#N/A
P7_E9_GUDCA_Ep_BSH101_0h.mzML,579.3792,0,8.52,8.52,8.67,Trp-UDCA,,#N/A
P7_E10_GCA_Ep_BSH101_0h.mzML,579.3792,0,8.52,8.52,8.67,Trp-UDCA,,#N/A
P7_E11_BHI_50MeOH.mzML,579.3792,0,8.52,8.52,8.67,Trp-UDCA,,#N/A
P7_E12_BHI_50DMSO_25MeOH.mzML,579.3792,30209,8.63,8.52,8.67,Trp-UDCA,,#N/A
P7_F1_TLCA_AZ-52_0h.mzML,579.3792,0,8.52,8.52,8.67,Trp-UDCA,,#N/A
P7_F2_TDCA_AZ-52_0h.mzML,579.3792,18842,8.66,8.52,8.67,Trp-UDCA,,#N/A
P7_F3_TCDCA_AZ-52_0h.mzML,579.3792,41191,8.53,8.52,8.67,Trp-UDCA,,#N/A
P7_F4_TUDCA_AZ-52_0h.mzML,579.3792,0,8.52,8.52,8.67,Trp-UDCA,,#N/A
P7_F5_TCA_AZ-52_0h.mzML,579.3792,0,8.52,8.52,8.67,Trp-UDCA,,#N/A
P7_F6_GLCA_AZ-52_0h.mzML,579.3792,6656,8.66,8.52,8.67,Trp-UDCA,,#N/A
P7_F7_GDCA_AZ-52_0h.mzML,579.3792,0,8.52,8.52,8.67,Trp-UDCA,,#N/A
P7_F8_GCDCA_AZ-52_0h.mzML,579.3792,0,8.52,8.52,8.67,Trp-UDCA,,#N/A
P7_F9_GUDCA_AZ-52_0h.mzML,579.3792,0,8.52,8.52,8.67,Trp-UDCA,,#N/A
P7_F10_GCA_AZ-52_0h.mzML,579.3792,0,8.52,8.52,8.67,Trp-UDCA,,#N/A
P7_F11_BHI_50MeOH.mzML,579.3792,915,8.66,8.52,8.67,Trp-UDCA,,#N/A
P7_F12_BHI_50DMSO_25MeOH.mzML,579.3792,11285,8.61,8.52,8.67,Trp-UDCA,,#N/A
P7_G1_TLCA_EcAZ-1-cat_0h.mzML,579.3792,0,8.52,8.52,8.67,Trp-UDCA,,#N/A
P7_G2_TDCA_EcAZ-1-cat_0h.mzML,579.3792,0,8.52,8.52,8.67,Trp-UDCA,,#N/A
P7_G3_TCDCA_EcAZ-1-cat_0h.mzML,579.3792,0,8.52,8.52,8.67,Trp-UDCA,,#N/A
P7_G4_TUDCA_EcAZ-1-cat_0h.mzML,579.3792,0,8.52,8.52,8.67,Trp-UDCA,,#N/A
P7_G5_TCA_EcAZ-1-cat_0h.mzML,579.3792,0,8.52,8.52,8.67,Trp-UDCA,,#N/A
P7_G6_GLCA_EcAZ-1-cat_0h.mzML,579.3792,0,8.52,8.52,8.67,Trp-UDCA,,#N/A
P7_G7_GDCA_EcAZ-1-cat_0h.mzML,579.3792,0,8.52,8.52,8.67,Trp-UDCA,,#N/A
P7_G8_GCDCA_EcAZ-1-cat_0h.mzML,579.3792,0,8.52,8.52,8.67,Trp-UDCA,,#N/A
P7_G9_GUDCA_EcAZ-1-cat_0h.mzML,579.3792,0,8.52,8.52,8.67,Trp-UDCA,,#N/A
P7_G10_GCA_EcAZ-1-cat_0h.mzML,579.3792,0,8.52,8.52,8.67,Trp-UDCA,,#N/A
P7_G11_BHI_50MeOH.mzML,579.3792,15346,8.52,8.52,8.67,Trp-UDCA,,#N/A
P7_G12_BHI_50DMSO_25MeOH.mzML,579.3792,0,8.52,8.52,8.67,Trp-UDCA,,#N/A
P7_H1_TLCA_ctrl_0h.mzML,579.3792,22734,8.53,8.52,8.67,Trp-UDCA,,#N/A
P7_H2_TDCA_ctrl_0h.mzML,579.3792,0,8.52,8.52,8.67,Trp-UDCA,,#N/A
P7_H3_TCDCA_ctrl_0h.mzML,579.3792,13156,8.58,8.52,8.67,Trp-UDCA,,#N/A
P7_H4_TUDCA_ctrl_0h.mzML,579.3792,0,8.52,8.52,8.67,Trp-UDCA,,#N/A
P7_H5_TCA_ctrl_0h.mzML,579.3792,0,8.52,8.52,8.67,Trp-UDCA,,#N/A
P7_H6_GLCA_ctrl_0h.mzML,579.3792,0,8.52,8.52,8.67,Trp-UDCA,,#N/A
P7_H7_GDCA_ctrl_0h.mzML,579.3792,0,8.52,8.52,8.67,Trp-UDCA,,#N/A
P7_H8_GCDCA_ctrl_0h.mzML,579.3792,9605,8.63,8.52,8.67,Trp-UDCA,,#N/A
P7_H9_GUDCA_ctrl_0h.mzML,579.3792,0,8.52,8.52,8.67,Trp-UDCA,,#N/A
P7_H10_GCA_ctrl_0h.mzML,579.3792,19945,8.65,8.52,8.67,Trp-UDCA,,#N/A
P7_H11_BHI_50MeOH.mzML,579.3792,0,8.52,8.52,8.67,Trp-UDCA,,#N/A
P7_H12_BHI_50DMSO_25MeOH.mzML,579.3792,0,8.52,8.52,8.67,Trp-UDCA,,#N/A
TCA_std.mzML,579.3792,0,8.52,8.52,8.67,Trp-UDCA,,#N/A
TCDCA_std.mzML,579.3792,0,8.52,8.52,8.67,Trp-UDCA,,#N/A
TDCA_std.mzML,579.3792,0,8.52,8.52,8.67,Trp-UDCA,,#N/A
TLCA_std.mzML,579.3792,0,8.52,8.52,8.67,Trp-UDCA,,#N/A
TUDCA_std.mzML,579.3792,0,8.52,8.52,8.67,Trp-UDCA,,#N/A
UDCA_aminoacids.mzML,579.3792,91322,8.61,8.52,8.67,Trp-UDCA,,#N/A
CA_aminoacids.mzML,556.3633,170424352,8.57,8.46,8.62,Tyr-UDCA,,#N/A
CA_DCA_LCA_aminoacids.mzML,556.3633,582436096,8.55,8.46,8.62,Tyr-UDCA,,#N/A
CDCA_aminoacids.mzML,556.3633,3721475,8.54,8.46,8.62,Tyr-UDCA,,#N/A
DCA_aminoacids.mzML,556.3633,13947029,8.6,8.46,8.62,Tyr-UDCA,,#N/A
DCA_aminoacids_2.mzML,556.3633,1018951424,8.61,8.46,8.62,Tyr-UDCA,,#N/A
GCA_std.mzML,556.3633,0,8.46,8.46,8.62,Tyr-UDCA,,#N/A
GCDCA_std.mzML,556.3633,0,8.46,8.46,8.62,Tyr-UDCA,,#N/A
GDCA_std.mzML,556.3633,0,8.46,8.46,8.62,Tyr-UDCA,,#N/A
GLCA_std.mzML,556.3633,0,8.46,8.46,8.62,Tyr-UDCA,,#N/A
GUDCA_std.mzML,556.3633,0,8.46,8.46,8.62,Tyr-UDCA,,#N/A
P4_A1_TLCA_Dny_BSH1_0h.mzML,556.3633,0,8.46,8.46,8.62,Tyr-UDCA,,#N/A
P4_A2_TDCA_Dny_BSH1_0h.mzML,556.3633,0,8.46,8.46,8.62,Tyr-UDCA,,#N/A
P4_A3_TCDCA_Dny_BSH1_0h.mzML,556.3633,19225,8.61,8.46,8.62,Tyr-UDCA,,#N/A
P4_A4_TUDCA_Dny_BSH1_0h.mzML,556.3633,0,8.46,8.46,8.62,Tyr-UDCA,,#N/A
P4_A5_TCA_Dny_BSH1_0h.mzML,556.3633,22963,8.58,8.46,8.62,Tyr-UDCA,,#N/A
P4_A6_GLCA_Dny_BSH1_0h.mzML,556.3633,0,8.46,8.46,8.62,Tyr-UDCA,,#N/A
P4_A7_GDCA_Dny_BSH1_0h.mzML,556.3633,0,8.46,8.46,8.62,Tyr-UDCA,,#N/A
P4_A8_GCDCA_Dny_BSH1_0h.mzML,556.3633,6147,8.61,8.46,8.62,Tyr-UDCA,,#N/A
P4_A9_GUDCA_Dny_BSH1_0h.mzML,556.3633,0,8.46,8.46,8.62,Tyr-UDCA,,#N/A
P4_A10_GCA_Dny_BSH1_0h.mzML,556.3633,633,8.46,8.46,8.62,Tyr-UDCA,,#N/A
P4_A11_BHI_50MeOH.mzML,556.3633,0,8.46,8.46,8.62,Tyr-UDCA,,#N/A
P4_A12_BHI_50DMSO_25MeOH.mzML,556.3633,0,8.46,8.46,8.62,Tyr-UDCA,,#N/A
P4_B1_TLCA_Dny_BSH2_0h.mzML,556.3633,0,8.46,8.46,8.62,Tyr-UDCA,,#N/A
P4_B2_TDCA_Dny_BSH2_0h.mzML,556.3633,23932,8.61,8.46,8.62,Tyr-UDCA,,#N/A
P4_B3_TCDCA_Dny_BSH2_0h.mzML,556.3633,0,8.46,8.46,8.62,Tyr-UDCA,,#N/A
P4_B4_TUDCA_Dny_BSH2_0h.mzML,556.3633,0,8.46,8.46,8.62,Tyr-UDCA,,#N/A
P4_B5_TCA_Dny_BSH2_0h.mzML,556.3633,0,8.46,8.46,8.62,Tyr-UDCA,,#N/A
P4_B6_GLCA_Dny_BSH2_0h.mzML,556.3633,0,8.46,8.46,8.62,Tyr-UDCA,,#N/A
P4_B7_GDCA_Dny_BSH2_0h.mzML,556.3633,0,8.46,8.46,8.62,Tyr-UDCA,,#N/A
P4_B8_GCDCA_Dny_BSH2_0h.mzML,556.3633,0,8.46,8.46,8.62,Tyr-UDCA,,#N/A
P4_B9_GUDCA_Dny_BSH2_0h.mzML,556.3633,4862,8.61,8.46,8.62,Tyr-UDCA,,#N/A
P4_B10_GCA_Dny_BSH2_0h.mzML,556.3633,0,8.46,8.46,8.62,Tyr-UDCA,,#N/A
P4_B11_BHI_50MeOH.mzML,556.3633,36026,8.58,8.46,8.62,Tyr-UDCA,,#N/A
P4_B12_BHI_50DMSO_25MeOH.mzML,556.3633,0,8.46,8.46,8.62,Tyr-UDCA,,#N/A
P4_C1_TLCA_Lgasseri_BSH_0h.mzML,556.3633,0,8.46,8.46,8.62,Tyr-UDCA,,#N/A
P4_C2_TDCA_Lgasseri_BSH_0h.mzML,556.3633,0,8.46,8.46,8.62,Tyr-UDCA,,#N/A
P4_C3_TCDCA_Lgasseri_BSH_0h.mzML,556.3633,0,8.46,8.46,8.62,Tyr-UDCA,,#N/A
P4_C4_TUDCA_Lgasseri_BSH_0h.mzML,556.3633,0,8.46,8.46,8.62,Tyr-UDCA,,#N/A
P4_C5_TCA_Lgasseri_BSH_0h.mzML,556.3633,0,8.46,8.46,8.62,Tyr-UDCA,,#N/A
P4_C6_GLCA_Lgasseri_BSH_0h.mzML,556.3633,0,8.46,8.46,8.62,Tyr-UDCA,,#N/A
P4_C7_GDCA_Lgasseri_BSH_0h.mzML,556.3633,0,8.46,8.46,8.62,Tyr-UDCA,,#N/A
P4_C8_GCDCA_Lgasseri_BSH_0h.mzML,556.3633,0,8.46,8.46,8.62,Tyr-UDCA,,#N/A
P4_C9_GUDCA_Lgasseri_BSH_0h.mzML,556.3633,0,8.46,8.46,8.62,Tyr-UDCA,,#N/A
P4_C10_GCA_Lgasseri_BSH_0h.mzML,556.3633,87721,8.58,8.46,8.62,Tyr-UDCA,,#N/A
P4_C11_BHI_50MeOH.mzML,556.3633,0,8.46,8.46,8.62,Tyr-UDCA,,#N/A
P4_C12_BHI_50DMSO_25MeOH.mzML,556.3633,0,8.46,8.46,8.62,Tyr-UDCA,,#N/A
P4_D1_TLCA_LCAG-95_BSH1208_0h.mzML,556.3633,0,8.46,8.46,8.62,Tyr-UDCA,,#N/A
P4_D2_TDCA_LCAG-95_BSH1208_0h.mzML,556.3633,0,8.46,8.46,8.62,Tyr-UDCA,,#N/A
P4_D3_TCDCA_LCAG-95_BSH1208_0h.mzML,556.3633,100090,8.58,8.46,8.62,Tyr-UDCA,,#N/A
P4_D4_TUDCA_LCAG-95_BSH1208_0h.mzML,556.3633,160636,8.56,8.46,8.62,Tyr-UDCA,,#N/A
P4_D5_TCA_LCAG-95_BSH1208_0h.mzML,556.3633,0,8.46,8.46,8.62,Tyr-UDCA,,#N/A
P4_D6_GLCA_LCAG-95_BSH1208_0h.mzML,556.3633,70022,8.55,8.46,8.62,Tyr-UDCA,,#N/A
P4_D7_GDCA_LCAG-95_BSH1208_0h.mzML,556.3633,0,8.46,8.46,8.62,Tyr-UDCA,,#N/A
P4_D8_GCDCA_LCAG-95_BSH1208_0h.mzML,556.3633,2678,8.48,8.46,8.62,Tyr-UDCA,,#N/A
P4_D9_GUDCA_LCAG-95_BSH1208_0h.mzML,556.3633,2051,8.47,8.46,8.62,Tyr-UDCA,,#N/A
P4_D10_GCA_LCAG-95_BSH1208_0h.mzML,556.3633,0,8.46,8.46,8.62,Tyr-UDCA,,#N/A
P4_D11_BHI_50MeOH.mzML,556.3633,0,8.46,8.46,8.62,Tyr-UDCA,,#N/A
P4_D12_BHI_50DMSO_25MeOH.mzML,556.3633,0,8.46,8.46,8.62,Tyr-UDCA,,#N/A
P4_E1_TLCA_Ep_BSH101_0h.mzML,556.3633,0,8.46,8.46,8.62,Tyr-UDCA,,#N/A
P4_E2_TDCA_Ep_BSH101_0h.mzML,556.3633,0,8.46,8.46,8.62,Tyr-UDCA,,#N/A
P4_E3_TCDCA_Ep_BSH101_0h.mzML,556.3633,28815,8.58,8.46,8.62,Tyr-UDCA,,#N/A
P4_E4_TUDCA_Ep_BSH101_0h.mzML,556.3633,0,8.46,8.46,8.62,Tyr-UDCA,,#N/A
P4_E5_TCA_Ep_BSH101_0h.mzML,556.3633,0,8.46,8.46,8.62,Tyr-UDCA,,#N/A
P4_E6_GLCA_Ep_BSH101_0h.mzML,556.3633,0,8.46,8.46,8.62,Tyr-UDCA,,#N/A
P4_E7_GDCA_Ep_BSH101_0h.mzML,556.3633,0,8.46,8.46,8.62,Tyr-UDCA,,#N/A
P4_E8_GCDCA_Ep_BSH101_0h.mzML,556.3633,0,8.46,8.46,8.62,Tyr-UDCA,,#N/A
P4_E9_GUDCA_Ep_BSH101_0h.mzML,556.3633,0,8.46,8.46,8.62,Tyr-UDCA,,#N/A
P4_E10_GCA_Ep_BSH101_0h.mzML,556.3633,71789,8.5,8.46,8.62,Tyr-UDCA,,#N/A
P4_E11_BHI_50MeOH.mzML,556.3633,1089,8.46,8.46,8.62,Tyr-UDCA,,#N/A
P4_E12_BHI_50DMSO_25MeOH.mzML,556.3633,0,8.46,8.46,8.62,Tyr-UDCA,,#N/A
P4_F1_TLCA_AZ-52_0h.mzML,556.3633,0,8.46,8.46,8.62,Tyr-UDCA,,#N/A
P4_F2_TDCA_AZ-52_0h.mzML,556.3633,0,8.46,8.46,8.62,Tyr-UDCA,,#N/A
P4_F3_TCDCA_AZ-52_0h.mzML,556.3633,0,8.46,8.46,8.62,Tyr-UDCA,,#N/A
P4_F4_TUDCA_AZ-52_0h.mzML,556.3633,0,8.46,8.46,8.62,Tyr-UDCA,,#N/A
P4_F5_TCA_AZ-52_0h.mzML,556.3633,0,8.46,8.46,8.62,Tyr-UDCA,,#N/A
P4_F6_GLCA_AZ-52_0h.mzML,556.3633,0,8.46,8.46,8.62,Tyr-UDCA,,#N/A
P4_F7_GDCA_AZ-52_0h.mzML,556.3633,0,8.46,8.46,8.62,Tyr-UDCA,,#N/A
P4_F8_GCDCA_AZ-52_0h.mzML,556.3633,0,8.46,8.46,8.62,Tyr-UDCA,,#N/A
P4_F9_GUDCA_AZ-52_0h.mzML,556.3633,0,8.46,8.46,8.62,Tyr-UDCA,,#N/A
P4_F10_GCA_AZ-52_0h.mzML,556.3633,0,8.46,8.46,8.62,Tyr-UDCA,,#N/A
P4_F11_BHI_50MeOH.mzML,556.3633,0,8.46,8.46,8.62,Tyr-UDCA,,#N/A
P4_F12_BHI_50DMSO_25MeOH.mzML,556.3633,0,8.46,8.46,8.62,Tyr-UDCA,,#N/A
P4_G1_TLCA_EcAZ-1-cat_0h.mzML,556.3633,0,8.46,8.46,8.62,Tyr-UDCA,,#N/A
P4_G2_TDCA_EcAZ-1-cat_0h.mzML,556.3633,0,8.46,8.46,8.62,Tyr-UDCA,,#N/A
P4_G3_TCDCA_EcAZ-1-cat_0h.mzML,556.3633,3300,8.47,8.46,8.62,Tyr-UDCA,,#N/A
P4_G4_TUDCA_EcAZ-1-cat_0h.mzML,556.3633,4641,8.47,8.46,8.62,Tyr-UDCA,,#N/A
P4_G5_TCA_EcAZ-1-cat_0h.mzML,556.3633,0,8.46,8.46,8.62,Tyr-UDCA,,#N/A
P4_G6_GLCA_EcAZ-1-cat_0h.mzML,556.3633,212762,8.56,8.46,8.62,Tyr-UDCA,,#N/A
P4_G7_GDCA_EcAZ-1-cat_0h.mzML,556.3633,0,8.46,8.46,8.62,Tyr-UDCA,,#N/A
P4_G8_GCDCA_EcAZ-1-cat_0h.mzML,556.3633,0,8.46,8.46,8.62,Tyr-UDCA,,#N/A
P4_G9_GUDCA_EcAZ-1-cat_0h.mzML,556.3633,0,8.46,8.46,8.62,Tyr-UDCA,,#N/A
P4_G10_GCA_EcAZ-1-cat_0h.mzML,556.3633,0,8.46,8.46,8.62,Tyr-UDCA,,#N/A
P4_G11_BHI_50MeOH.mzML,556.3633,0,8.46,8.46,8.62,Tyr-UDCA,,#N/A
P4_G12_BHI_50DMSO_25MeOH.mzML,556.3633,0,8.46,8.46,8.62,Tyr-UDCA,,#N/A
P4_H1_TLCA_ctrl_0h.mzML,556.3633,0,8.46,8.46,8.62,Tyr-UDCA,,#N/A
P4_H2_TDCA_ctrl_0h.mzML,556.3633,0,8.46,8.46,8.62,Tyr-UDCA,,#N/A
P4_H3_TCDCA_ctrl_0h.mzML,556.3633,3971,8.5,8.46,8.62,Tyr-UDCA,,#N/A
P4_H4_TUDCA_ctrl_0h.mzML,556.3633,0,8.46,8.46,8.62,Tyr-UDCA,,#N/A
P4_H5_TCA_ctrl_0h.mzML,556.3633,0,8.46,8.46,8.62,Tyr-UDCA,,#N/A
P4_H6_GLCA_ctrl_0h.mzML,556.3633,0,8.46,8.46,8.62,Tyr-UDCA,,#N/A
P4_H7_GDCA_ctrl_0h.mzML,556.3633,0,8.46,8.46,8.62,Tyr-UDCA,,#N/A
P4_H8_GCDCA_ctrl_0h.mzML,556.3633,0,8.46,8.46,8.62,Tyr-UDCA,,#N/A
P4_H9_GUDCA_ctrl_0h.mzML,556.3633,0,8.46,8.46,8.62,Tyr-UDCA,,#N/A
P4_H10_GCA_ctrl_0h.mzML,556.3633,0,8.46,8.46,8.62,Tyr-UDCA,,#N/A
P4_H11_BHI_50MeOH.mzML,556.3633,2244,8.47,8.46,8.62,Tyr-UDCA,,#N/A
P4_H12_BHI_50DMSO_25MeOH.mzML,556.3633,0,8.46,8.46,8.62,Tyr-UDCA,,#N/A
P7_A1_TLCA_Dny_BSH1_0h.mzML,556.3633,0,8.46,8.46,8.62,Tyr-UDCA,,#N/A
P7_A2_TDCA_Dny_BSH1_0h.mzML,556.3633,0,8.46,8.46,8.62,Tyr-UDCA,,#N/A
P7_A3_TCDCA_Dny_BSH1_0h.mzML,556.3633,0,8.46,8.46,8.62,Tyr-UDCA,,#N/A
P7_A4_TUDCA_Dny_BSH1_0h.mzML,556.3633,0,8.46,8.46,8.62,Tyr-UDCA,,#N/A
P7_A5_TCA_Dny_BSH1_0h.mzML,556.3633,0,8.46,8.46,8.62,Tyr-UDCA,,#N/A
P7_A6_GLCA_Dny_BSH1_0h.mzML,556.3633,0,8.46,8.46,8.62,Tyr-UDCA,,#N/A
P7_A7_GDCA_Dny_BSH1_0h.mzML,556.3633,0,8.46,8.46,8.62,Tyr-UDCA,,#N/A
P7_A8_GCDCA_Dny_BSH1_0h.mzML,556.3633,0,8.46,8.46,8.62,Tyr-UDCA,,#N/A
P7_A9_GUDCA_Dny_BSH1_0h.mzML,556.3633,0,8.46,8.46,8.62,Tyr-UDCA,,#N/A
P7_A10_GCA_Dny_BSH1_0h.mzML,556.3633,0,8.46,8.46,8.62,Tyr-UDCA,,#N/A
P7_A11_BHI_50MeOH.mzML,556.3633,0,8.46,8.46,8.62,Tyr-UDCA,,#N/A
P7_A12_BHI_50DMSO_25MeOH.mzML,556.3633,0,8.46,8.46,8.62,Tyr-UDCA,,#N/A
P7_B1_TLCA_Dny_BSH2_0h.mzML,556.3633,0,8.46,8.46,8.62,Tyr-UDCA,,#N/A
P7_B2_TDCA_Dny_BSH2_0h.mzML,556.3633,0,8.46,8.46,8.62,Tyr-UDCA,,#N/A
P7_B3_TCDCA_Dny_BSH2_0h.mzML,556.3633,0,8.46,8.46,8.62,Tyr-UDCA,,#N/A
P7_B4_TUDCA_Dny_BSH2_0h.mzML,556.3633,0,8.46,8.46,8.62,Tyr-UDCA,,#N/A
P7_B5_TCA_Dny_BSH2_0h.mzML,556.3633,0,8.46,8.46,8.62,Tyr-UDCA,,#N/A
P7_B6_GLCA_Dny_BSH2_0h.mzML,556.3633,0,8.46,8.46,8.62,Tyr-UDCA,,#N/A
P7_B7_GDCA_Dny_BSH2_0h.mzML,556.3633,8840,8.49,8.46,8.62,Tyr-UDCA,,#N/A
P7_B8_GCDCA_Dny_BSH2_0h.mzML,556.3633,0,8.46,8.46,8.62,Tyr-UDCA,,#N/A
P7_B9_GUDCA_Dny_BSH2_0h.mzML,556.3633,53891,8.57,8.46,8.62,Tyr-UDCA,,#N/A
P7_B10_GCA_Dny_BSH2_0h.mzML,556.3633,0,8.46,8.46,8.62,Tyr-UDCA,,#N/A
P7_B11_BHI_50MeOH.mzML,556.3633,0,8.46,8.46,8.62,Tyr-UDCA,,#N/A
P7_B12_BHI_50DMSO_25MeOH.mzML,556.3633,0,8.46,8.46,8.62,Tyr-UDCA,,#N/A
P7_C1_TLCA_Lgasseri_BSH_0h.mzML,556.3633,0,8.46,8.46,8.62,Tyr-UDCA,,#N/A
P7_C2_TDCA_Lgasseri_BSH_0h.mzML,556.3633,0,8.46,8.46,8.62,Tyr-UDCA,,#N/A
P7_C3_TCDCA_Lgasseri_BSH_0h.mzML,556.3633,0,8.46,8.46,8.62,Tyr-UDCA,,#N/A
P7_C4_TUDCA_Lgasseri_BSH_0h.mzML,556.3633,0,8.46,8.46,8.62,Tyr-UDCA,,#N/A
P7_C5_TCA_Lgasseri_BSH_0h.mzML,556.3633,0,8.46,8.46,8.62,Tyr-UDCA,,#N/A
P7_C6_GLCA_Lgasseri_BSH_0h.mzML,556.3633,14074,8.53,8.46,8.62,Tyr-UDCA,,#N/A
P7_C7_GDCA_Lgasseri_BSH_0h.mzML,556.3633,0,8.46,8.46,8.62,Tyr-UDCA,,#N/A
P7_C8_GCDCA_Lgasseri_BSH_0h.mzML,556.3633,0,8.46,8.46,8.62,Tyr-UDCA,,#N/A
P7_C9_GUDCA_Lgasseri_BSH_0h.mzML,556.3633,0,8.46,8.46,8.62,Tyr-UDCA,,#N/A
P7_C10_GCA_Lgasseri_BSH_0h.mzML,556.3633,0,8.46,8.46,8.62,Tyr-UDCA,,#N/A
P7_C11_BHI_50MeOH.mzML,556.3633,12440,8.59,8.46,8.62,Tyr-UDCA,,#N/A
P7_C12_BHI_50DMSO_25MeOH.mzML,556.3633,0,8.46,8.46,8.62,Tyr-UDCA,,#N/A
P7_D1_TLCA_LCAG-95_BSH1208_0h.mzML,556.3633,0,8.46,8.46,8.62,Tyr-UDCA,,#N/A
P7_D2_TDCA_LCAG-95_BSH1208_0h.mzML,556.3633,6157,8.6,8.46,8.62,Tyr-UDCA,,#N/A
P7_D3_TCDCA_LCAG-95_BSH1208_0h.mzML,556.3633,0,8.46,8.46,8.62,Tyr-UDCA,,#N/A
P7_D4_TUDCA_LCAG-95_BSH1208_0h.mzML,556.3633,0,8.46,8.46,8.62,Tyr-UDCA,,#N/A
P7_D5_TCA_LCAG-95_BSH1208_0h.mzML,556.3633,0,8.46,8.46,8.62,Tyr-UDCA,,#N/A
P7_D6_GLCA_LCAG-95_BSH1208_0h.mzML,556.3633,25924,8.52,8.46,8.62,Tyr-UDCA,,#N/A
P7_D7_GDCA_LCAG-95_BSH1208_0h.mzML,556.3633,0,8.46,8.46,8.62,Tyr-UDCA,,#N/A
P7_D8_GCDCA_LCAG-95_BSH1208_0h.mzML,556.3633,0,8.46,8.46,8.62,Tyr-UDCA,,#N/A
P7_D9_GUDCA_LCAG-95_BSH1208_0h.mzML,556.3633,0,8.46,8.46,8.62,Tyr-UDCA,,#N/A
P7_D10_GCA_LCAG-95_BSH1208_0h.mzML,556.3633,0,8.46,8.46,8.62,Tyr-UDCA,,#N/A
P7_D11_BHI_50MeOH.mzML,556.3633,0,8.46,8.46,8.62,Tyr-UDCA,,#N/A
P7_D12_BHI_50DMSO_25MeOH.mzML,556.3633,0,8.46,8.46,8.62,Tyr-UDCA,,#N/A
P7_E1_TLCA_Ep_BSH101_0h.mzML,556.3633,0,8.46,8.46,8.62,Tyr-UDCA,,#N/A
P7_E2_TDCA_Ep_BSH101_0h.mzML,556.3633,0,8.46,8.46,8.62,Tyr-UDCA,,#N/A
P7_E3_TCDCA_Ep_BSH101_0h.mzML,556.3633,0,8.46,8.46,8.62,Tyr-UDCA,,#N/A
P7_E4_TUDCA_Ep_BSH101_0h.mzML,556.3633,0,8.46,8.46,8.62,Tyr-UDCA,,#N/A
P7_E5_TCA_Ep_BSH101_0h.mzML,556.3633,0,8.46,8.46,8.62,Tyr-UDCA,,#N/A
P7_E6_GLCA_Ep_BSH101_0h.mzML,556.3633,0,8.46,8.46,8.62,Tyr-UDCA,,#N/A
P7_E7_GDCA_Ep_BSH101_0h.mzML,556.3633,0,8.46,8.46,8.62,Tyr-UDCA,,#N/A
P7_E8_GCDCA_Ep_BSH101_0h.mzML,556.3633,0,8.46,8.46,8.62,Tyr-UDCA,,#N/A
P7_E9_GUDCA_Ep_BSH101_0h.mzML,556.3633,0,8.46,8.46,8.62,Tyr-UDCA,,#N/A
P7_E10_GCA_Ep_BSH101_0h.mzML,556.3633,0,8.46,8.46,8.62,Tyr-UDCA,,#N/A
P7_E11_BHI_50MeOH.mzML,556.3633,0,8.46,8.46,8.62,Tyr-UDCA,,#N/A
P7_E12_BHI_50DMSO_25MeOH.mzML,556.3633,0,8.46,8.46,8.62,Tyr-UDCA,,#N/A
P7_F1_TLCA_AZ-52_0h.mzML,556.3633,0,8.46,8.46,8.62,Tyr-UDCA,,#N/A
P7_F2_TDCA_AZ-52_0h.mzML,556.3633,0,8.46,8.46,8.62,Tyr-UDCA,,#N/A
P7_F3_TCDCA_AZ-52_0h.mzML,556.3633,0,8.46,8.46,8.62,Tyr-UDCA,,#N/A
P7_F4_TUDCA_AZ-52_0h.mzML,556.3633,0,8.46,8.46,8.62,Tyr-UDCA,,#N/A
P7_F5_TCA_AZ-52_0h.mzML,556.3633,0,8.46,8.46,8.62,Tyr-UDCA,,#N/A
P7_F6_GLCA_AZ-52_0h.mzML,556.3633,0,8.46,8.46,8.62,Tyr-UDCA,,#N/A
P7_F7_GDCA_AZ-52_0h.mzML,556.3633,0,8.46,8.46,8.62,Tyr-UDCA,,#N/A
P7_F8_GCDCA_AZ-52_0h.mzML,556.3633,0,8.46,8.46,8.62,Tyr-UDCA,,#N/A
P7_F9_GUDCA_AZ-52_0h.mzML,556.3633,0,8.46,8.46,8.62,Tyr-UDCA,,#N/A
P7_F10_GCA_AZ-52_0h.mzML,556.3633,0,8.46,8.46,8.62,Tyr-UDCA,,#N/A
P7_F11_BHI_50MeOH.mzML,556.3633,0,8.46,8.46,8.62,Tyr-UDCA,,#N/A
P7_F12_BHI_50DMSO_25MeOH.mzML,556.3633,0,8.46,8.46,8.62,Tyr-UDCA,,#N/A
P7_G1_TLCA_EcAZ-1-cat_0h.mzML,556.3633,0,8.46,8.46,8.62,Tyr-UDCA,,#N/A
P7_G2_TDCA_EcAZ-1-cat_0h.mzML,556.3633,0,8.46,8.46,8.62,Tyr-UDCA,,#N/A
P7_G3_TCDCA_EcAZ-1-cat_0h.mzML,556.3633,0,8.46,8.46,8.62,Tyr-UDCA,,#N/A
P7_G4_TUDCA_EcAZ-1-cat_0h.mzML,556.3633,0,8.46,8.46,8.62,Tyr-UDCA,,#N/A
P7_G5_TCA_EcAZ-1-cat_0h.mzML,556.3633,0,8.46,8.46,8.62,Tyr-UDCA,,#N/A
P7_G6_GLCA_EcAZ-1-cat_0h.mzML,556.3633,0,8.46,8.46,8.62,Tyr-UDCA,,#N/A
P7_G7_GDCA_EcAZ-1-cat_0h.mzML,556.3633,0,8.46,8.46,8.62,Tyr-UDCA,,#N/A
P7_G8_GCDCA_EcAZ-1-cat_0h.mzML,556.3633,0,8.46,8.46,8.62,Tyr-UDCA,,#N/A
P7_G9_GUDCA_EcAZ-1-cat_0h.mzML,556.3633,0,8.46,8.46,8.62,Tyr-UDCA,,#N/A
P7_G10_GCA_EcAZ-1-cat_0h.mzML,556.3633,0,8.46,8.46,8.62,Tyr-UDCA,,#N/A
P7_G11_BHI_50MeOH.mzML,556.3633,0,8.46,8.46,8.62,Tyr-UDCA,,#N/A
P7_G12_BHI_50DMSO_25MeOH.mzML,556.3633,0,8.46,8.46,8.62,Tyr-UDCA,,#N/A
P7_H1_TLCA_ctrl_0h.mzML,556.3633,2268,8.51,8.46,8.62,Tyr-UDCA,,#N/A
P7_H2_TDCA_ctrl_0h.mzML,556.3633,6370,8.6,8.46,8.62,Tyr-UDCA,,#N/A
P7_H3_TCDCA_ctrl_0h.mzML,556.3633,0,8.46,8.46,8.62,Tyr-UDCA,,#N/A
P7_H4_TUDCA_ctrl_0h.mzML,556.3633,0,8.46,8.46,8.62,Tyr-UDCA,,#N/A
P7_H5_TCA_ctrl_0h.mzML,556.3633,0,8.46,8.46,8.62,Tyr-UDCA,,#N/A
P7_H6_GLCA_ctrl_0h.mzML,556.3633,0,8.46,8.46,8.62,Tyr-UDCA,,#N/A
P7_H7_GDCA_ctrl_0h.mzML,556.3633,0,8.46,8.46,8.62,Tyr-UDCA,,#N/A
P7_H8_GCDCA_ctrl_0h.mzML,556.3633,0,8.46,8.46,8.62,Tyr-UDCA,,#N/A
P7_H9_GUDCA_ctrl_0h.mzML,556.3633,0,8.46,8.46,8.62,Tyr-UDCA,,#N/A
P7_H10_GCA_ctrl_0h.mzML,556.3633,0,8.46,8.46,8.62,Tyr-UDCA,,#N/A
P7_H11_BHI_50MeOH.mzML,556.3633,0,8.46,8.46,8.62,Tyr-UDCA,,#N/A
P7_H12_BHI_50DMSO_25MeOH.mzML,556.3633,0,8.46,8.46,8.62,Tyr-UDCA,,#N/A
TCA_std.mzML,556.3633,0,8.46,8.46,8.62,Tyr-UDCA,,#N/A
TCDCA_std.mzML,556.3633,0,8.46,8.46,8.62,Tyr-UDCA,,#N/A
TDCA_std.mzML,556.3633,0,8.46,8.46,8.62,Tyr-UDCA,,#N/A
TLCA_std.mzML,556.3633,0,8.46,8.46,8.62,Tyr-UDCA,,#N/A
TUDCA_std.mzML,556.3633,0,8.46,8.46,8.62,Tyr-UDCA,,#N/A
UDCA_aminoacids.mzML,556.3633,14490159,8.49,8.46,8.62,Tyr-UDCA,,#N/A
CA_aminoacids.mzML,521.3949,0,3.62,3.62,3.9,Lys-UDCA,,#N/A
CA_DCA_LCA_aminoacids.mzML,521.3949,3798,3.71,3.62,3.9,Lys-UDCA,,#N/A
CDCA_aminoacids.mzML,521.3949,0,3.62,3.62,3.9,Lys-UDCA,,#N/A
DCA_aminoacids.mzML,521.3949,0,3.62,3.62,3.9,Lys-UDCA,,#N/A
DCA_aminoacids_2.mzML,521.3949,0,3.62,3.62,3.9,Lys-UDCA,,#N/A
GCA_std.mzML,521.3949,0,3.62,3.62,3.9,Lys-UDCA,,#N/A
GCDCA_std.mzML,521.3949,0,3.62,3.62,3.9,Lys-UDCA,,#N/A
GDCA_std.mzML,521.3949,0,3.62,3.62,3.9,Lys-UDCA,,#N/A
GLCA_std.mzML,521.3949,0,3.62,3.62,3.9,Lys-UDCA,,#N/A
GUDCA_std.mzML,521.3949,0,3.62,3.62,3.9,Lys-UDCA,,#N/A
P4_A1_TLCA_Dny_BSH1_0h.mzML,521.3949,0,3.62,3.62,3.9,Lys-UDCA,,#N/A
P4_A2_TDCA_Dny_BSH1_0h.mzML,521.3949,0,3.62,3.62,3.9,Lys-UDCA,,#N/A
P4_A3_TCDCA_Dny_BSH1_0h.mzML,521.3949,0,3.62,3.62,3.9,Lys-UDCA,,#N/A
P4_A4_TUDCA_Dny_BSH1_0h.mzML,521.3949,0,3.62,3.62,3.9,Lys-UDCA,,#N/A
P4_A5_TCA_Dny_BSH1_0h.mzML,521.3949,0,3.62,3.62,3.9,Lys-UDCA,,#N/A
P4_A6_GLCA_Dny_BSH1_0h.mzML,521.3949,0,3.62,3.62,3.9,Lys-UDCA,,#N/A
P4_A7_GDCA_Dny_BSH1_0h.mzML,521.3949,0,3.62,3.62,3.9,Lys-UDCA,,#N/A
P4_A8_GCDCA_Dny_BSH1_0h.mzML,521.3949,0,3.62,3.62,3.9,Lys-UDCA,,#N/A
P4_A9_GUDCA_Dny_BSH1_0h.mzML,521.3949,0,3.62,3.62,3.9,Lys-UDCA,,#N/A
P4_A10_GCA_Dny_BSH1_0h.mzML,521.3949,0,3.62,3.62,3.9,Lys-UDCA,,#N/A
P4_A11_BHI_50MeOH.mzML,521.3949,0,3.62,3.62,3.9,Lys-UDCA,,#N/A
P4_A12_BHI_50DMSO_25MeOH.mzML,521.3949,0,3.62,3.62,3.9,Lys-UDCA,,#N/A
P4_B1_TLCA_Dny_BSH2_0h.mzML,521.3949,0,3.62,3.62,3.9,Lys-UDCA,,#N/A
P4_B2_TDCA_Dny_BSH2_0h.mzML,521.3949,0,3.62,3.62,3.9,Lys-UDCA,,#N/A
P4_B3_TCDCA_Dny_BSH2_0h.mzML,521.3949,0,3.62,3.62,3.9,Lys-UDCA,,#N/A
P4_B4_TUDCA_Dny_BSH2_0h.mzML,521.3949,0,3.62,3.62,3.9,Lys-UDCA,,#N/A
P4_B5_TCA_Dny_BSH2_0h.mzML,521.3949,0,3.62,3.62,3.9,Lys-UDCA,,#N/A
P4_B6_GLCA_Dny_BSH2_0h.mzML,521.3949,0,3.62,3.62,3.9,Lys-UDCA,,#N/A
P4_B7_GDCA_Dny_BSH2_0h.mzML,521.3949,0,3.62,3.62,3.9,Lys-UDCA,,#N/A
P4_B8_GCDCA_Dny_BSH2_0h.mzML,521.3949,0,3.62,3.62,3.9,Lys-UDCA,,#N/A
P4_B9_GUDCA_Dny_BSH2_0h.mzML,521.3949,0,3.62,3.62,3.9,Lys-UDCA,,#N/A
P4_B10_GCA_Dny_BSH2_0h.mzML,521.3949,0,3.62,3.62,3.9,Lys-UDCA,,#N/A
P4_B11_BHI_50MeOH.mzML,521.3949,0,3.62,3.62,3.9,Lys-UDCA,,#N/A
P4_B12_BHI_50DMSO_25MeOH.mzML,521.3949,0,3.62,3.62,3.9,Lys-UDCA,,#N/A
P4_C1_TLCA_Lgasseri_BSH_0h.mzML,521.3949,0,3.62,3.62,3.9,Lys-UDCA,,#N/A
P4_C2_TDCA_Lgasseri_BSH_0h.mzML,521.3949,0,3.62,3.62,3.9,Lys-UDCA,,#N/A
P4_C3_TCDCA_Lgasseri_BSH_0h.mzML,521.3949,0,3.62,3.62,3.9,Lys-UDCA,,#N/A
P4_C4_TUDCA_Lgasseri_BSH_0h.mzML,521.3949,0,3.62,3.62,3.9,Lys-UDCA,,#N/A
P4_C5_TCA_Lgasseri_BSH_0h.mzML,521.3949,0,3.62,3.62,3.9,Lys-UDCA,,#N/A
P4_C6_GLCA_Lgasseri_BSH_0h.mzML,521.3949,0,3.62,3.62,3.9,Lys-UDCA,,#N/A
P4_C7_GDCA_Lgasseri_BSH_0h.mzML,521.3949,0,3.62,3.62,3.9,Lys-UDCA,,#N/A
P4_C8_GCDCA_Lgasseri_BSH_0h.mzML,521.3949,0,3.62,3.62,3.9,Lys-UDCA,,#N/A
P4_C9_GUDCA_Lgasseri_BSH_0h.mzML,521.3949,0,3.62,3.62,3.9,Lys-UDCA,,#N/A
P4_C10_GCA_Lgasseri_BSH_0h.mzML,521.3949,0,3.62,3.62,3.9,Lys-UDCA,,#N/A
P4_C11_BHI_50MeOH.mzML,521.3949,0,3.62,3.62,3.9,Lys-UDCA,,#N/A
P4_C12_BHI_50DMSO_25MeOH.mzML,521.3949,0,3.62,3.62,3.9,Lys-UDCA,,#N/A
P4_D1_TLCA_LCAG-95_BSH1208_0h.mzML,521.3949,0,3.62,3.62,3.9,Lys-UDCA,,#N/A
P4_D2_TDCA_LCAG-95_BSH1208_0h.mzML,521.3949,0,3.62,3.62,3.9,Lys-UDCA,,#N/A
P4_D3_TCDCA_LCAG-95_BSH1208_0h.mzML,521.3949,0,3.62,3.62,3.9,Lys-UDCA,,#N/A
P4_D4_TUDCA_LCAG-95_BSH1208_0h.mzML,521.3949,0,3.62,3.62,3.9,Lys-UDCA,,#N/A
P4_D5_TCA_LCAG-95_BSH1208_0h.mzML,521.3949,0,3.62,3.62,3.9,Lys-UDCA,,#N/A
P4_D6_GLCA_LCAG-95_BSH1208_0h.mzML,521.3949,0,3.62,3.62,3.9,Lys-UDCA,,#N/A
P4_D7_GDCA_LCAG-95_BSH1208_0h.mzML,521.3949,0,3.62,3.62,3.9,Lys-UDCA,,#N/A
P4_D8_GCDCA_LCAG-95_BSH1208_0h.mzML,521.3949,0,3.62,3.62,3.9,Lys-UDCA,,#N/A
P4_D9_GUDCA_LCAG-95_BSH1208_0h.mzML,521.3949,0,3.62,3.62,3.9,Lys-UDCA,,#N/A
P4_D10_GCA_LCAG-95_BSH1208_0h.mzML,521.3949,0,3.62,3.62,3.9,Lys-UDCA,,#N/A
P4_D11_BHI_50MeOH.mzML,521.3949,0,3.62,3.62,3.9,Lys-UDCA,,#N/A
P4_D12_BHI_50DMSO_25MeOH.mzML,521.3949,0,3.62,3.62,3.9,Lys-UDCA,,#N/A
P4_E1_TLCA_Ep_BSH101_0h.mzML,521.3949,0,3.62,3.62,3.9,Lys-UDCA,,#N/A
P4_E2_TDCA_Ep_BSH101_0h.mzML,521.3949,0,3.62,3.62,3.9,Lys-UDCA,,#N/A
P4_E3_TCDCA_Ep_BSH101_0h.mzML,521.3949,0,3.62,3.62,3.9,Lys-UDCA,,#N/A
P4_E4_TUDCA_Ep_BSH101_0h.mzML,521.3949,0,3.62,3.62,3.9,Lys-UDCA,,#N/A
P4_E5_TCA_Ep_BSH101_0h.mzML,521.3949,0,3.62,3.62,3.9,Lys-UDCA,,#N/A
P4_E6_GLCA_Ep_BSH101_0h.mzML,521.3949,0,3.62,3.62,3.9,Lys-UDCA,,#N/A
P4_E7_GDCA_Ep_BSH101_0h.mzML,521.3949,0,3.62,3.62,3.9,Lys-UDCA,,#N/A
P4_E8_GCDCA_Ep_BSH101_0h.mzML,521.3949,0,3.62,3.62,3.9,Lys-UDCA,,#N/A
P4_E9_GUDCA_Ep_BSH101_0h.mzML,521.3949,0,3.62,3.62,3.9,Lys-UDCA,,#N/A
P4_E10_GCA_Ep_BSH101_0h.mzML,521.3949,0,3.62,3.62,3.9,Lys-UDCA,,#N/A
P4_E11_BHI_50MeOH.mzML,521.3949,0,3.62,3.62,3.9,Lys-UDCA,,#N/A
P4_E12_BHI_50DMSO_25MeOH.mzML,521.3949,0,3.62,3.62,3.9,Lys-UDCA,,#N/A
P4_F1_TLCA_AZ-52_0h.mzML,521.3949,0,3.62,3.62,3.9,Lys-UDCA,,#N/A
P4_F2_TDCA_AZ-52_0h.mzML,521.3949,0,3.62,3.62,3.9,Lys-UDCA,,#N/A
P4_F3_TCDCA_AZ-52_0h.mzML,521.3949,0,3.62,3.62,3.9,Lys-UDCA,,#N/A
P4_F4_TUDCA_AZ-52_0h.mzML,521.3949,0,3.62,3.62,3.9,Lys-UDCA,,#N/A
P4_F5_TCA_AZ-52_0h.mzML,521.3949,0,3.62,3.62,3.9,Lys-UDCA,,#N/A
P4_F6_GLCA_AZ-52_0h.mzML,521.3949,0,3.62,3.62,3.9,Lys-UDCA,,#N/A
P4_F7_GDCA_AZ-52_0h.mzML,521.3949,0,3.62,3.62,3.9,Lys-UDCA,,#N/A
P4_F8_GCDCA_AZ-52_0h.mzML,521.3949,0,3.62,3.62,3.9,Lys-UDCA,,#N/A
P4_F9_GUDCA_AZ-52_0h.mzML,521.3949,0,3.62,3.62,3.9,Lys-UDCA,,#N/A
P4_F10_GCA_AZ-52_0h.mzML,521.3949,0,3.62,3.62,3.9,Lys-UDCA,,#N/A
P4_F11_BHI_50MeOH.mzML,521.3949,0,3.62,3.62,3.9,Lys-UDCA,,#N/A
P4_F12_BHI_50DMSO_25MeOH.mzML,521.3949,0,3.62,3.62,3.9,Lys-UDCA,,#N/A
P4_G1_TLCA_EcAZ-1-cat_0h.mzML,521.3949,0,3.62,3.62,3.9,Lys-UDCA,,#N/A
P4_G2_TDCA_EcAZ-1-cat_0h.mzML,521.3949,0,3.62,3.62,3.9,Lys-UDCA,,#N/A
P4_G3_TCDCA_EcAZ-1-cat_0h.mzML,521.3949,0,3.62,3.62,3.9,Lys-UDCA,,#N/A
P4_G4_TUDCA_EcAZ-1-cat_0h.mzML,521.3949,0,3.62,3.62,3.9,Lys-UDCA,,#N/A
P4_G5_TCA_EcAZ-1-cat_0h.mzML,521.3949,0,3.62,3.62,3.9,Lys-UDCA,,#N/A
P4_G6_GLCA_EcAZ-1-cat_0h.mzML,521.3949,0,3.62,3.62,3.9,Lys-UDCA,,#N/A
P4_G7_GDCA_EcAZ-1-cat_0h.mzML,521.3949,0,3.62,3.62,3.9,Lys-UDCA,,#N/A
P4_G8_GCDCA_EcAZ-1-cat_0h.mzML,521.3949,0,3.62,3.62,3.9,Lys-UDCA,,#N/A
P4_G9_GUDCA_EcAZ-1-cat_0h.mzML,521.3949,0,3.62,3.62,3.9,Lys-UDCA,,#N/A
P4_G10_GCA_EcAZ-1-cat_0h.mzML,521.3949,0,3.62,3.62,3.9,Lys-UDCA,,#N/A
P4_G11_BHI_50MeOH.mzML,521.3949,0,3.62,3.62,3.9,Lys-UDCA,,#N/A
P4_G12_BHI_50DMSO_25MeOH.mzML,521.3949,0,3.62,3.62,3.9,Lys-UDCA,,#N/A
P4_H1_TLCA_ctrl_0h.mzML,521.3949,0,3.62,3.62,3.9,Lys-UDCA,,#N/A
P4_H2_TDCA_ctrl_0h.mzML,521.3949,0,3.62,3.62,3.9,Lys-UDCA,,#N/A
P4_H3_TCDCA_ctrl_0h.mzML,521.3949,0,3.62,3.62,3.9,Lys-UDCA,,#N/A
P4_H4_TUDCA_ctrl_0h.mzML,521.3949,0,3.62,3.62,3.9,Lys-UDCA,,#N/A
P4_H5_TCA_ctrl_0h.mzML,521.3949,0,3.62,3.62,3.9,Lys-UDCA,,#N/A
P4_H6_GLCA_ctrl_0h.mzML,521.3949,0,3.62,3.62,3.9,Lys-UDCA,,#N/A
P4_H7_GDCA_ctrl_0h.mzML,521.3949,0,3.62,3.62,3.9,Lys-UDCA,,#N/A
P4_H8_GCDCA_ctrl_0h.mzML,521.3949,0,3.62,3.62,3.9,Lys-UDCA,,#N/A
P4_H9_GUDCA_ctrl_0h.mzML,521.3949,0,3.62,3.62,3.9,Lys-UDCA,,#N/A
P4_H10_GCA_ctrl_0h.mzML,521.3949,0,3.62,3.62,3.9,Lys-UDCA,,#N/A
P4_H11_BHI_50MeOH.mzML,521.3949,0,3.62,3.62,3.9,Lys-UDCA,,#N/A
P4_H12_BHI_50DMSO_25MeOH.mzML,521.3949,0,3.62,3.62,3.9,Lys-UDCA,,#N/A
P7_A1_TLCA_Dny_BSH1_0h.mzML,521.3949,0,3.62,3.62,3.9,Lys-UDCA,,#N/A
P7_A2_TDCA_Dny_BSH1_0h.mzML,521.3949,0,3.62,3.62,3.9,Lys-UDCA,,#N/A
P7_A3_TCDCA_Dny_BSH1_0h.mzML,521.3949,0,3.62,3.62,3.9,Lys-UDCA,,#N/A
P7_A4_TUDCA_Dny_BSH1_0h.mzML,521.3949,0,3.62,3.62,3.9,Lys-UDCA,,#N/A
P7_A5_TCA_Dny_BSH1_0h.mzML,521.3949,0,3.62,3.62,3.9,Lys-UDCA,,#N/A
P7_A6_GLCA_Dny_BSH1_0h.mzML,521.3949,0,3.62,3.62,3.9,Lys-UDCA,,#N/A
P7_A7_GDCA_Dny_BSH1_0h.mzML,521.3949,0,3.62,3.62,3.9,Lys-UDCA,,#N/A
P7_A8_GCDCA_Dny_BSH1_0h.mzML,521.3949,0,3.62,3.62,3.9,Lys-UDCA,,#N/A
P7_A9_GUDCA_Dny_BSH1_0h.mzML,521.3949,0,3.62,3.62,3.9,Lys-UDCA,,#N/A
P7_A10_GCA_Dny_BSH1_0h.mzML,521.3949,0,3.62,3.62,3.9,Lys-UDCA,,#N/A
P7_A11_BHI_50MeOH.mzML,521.3949,0,3.62,3.62,3.9,Lys-UDCA,,#N/A
P7_A12_BHI_50DMSO_25MeOH.mzML,521.3949,0,3.62,3.62,3.9,Lys-UDCA,,#N/A
P7_B1_TLCA_Dny_BSH2_0h.mzML,521.3949,0,3.62,3.62,3.9,Lys-UDCA,,#N/A
P7_B2_TDCA_Dny_BSH2_0h.mzML,521.3949,0,3.62,3.62,3.9,Lys-UDCA,,#N/A
P7_B3_TCDCA_Dny_BSH2_0h.mzML,521.3949,0,3.62,3.62,3.9,Lys-UDCA,,#N/A
P7_B4_TUDCA_Dny_BSH2_0h.mzML,521.3949,0,3.62,3.62,3.9,Lys-UDCA,,#N/A
P7_B5_TCA_Dny_BSH2_0h.mzML,521.3949,0,3.62,3.62,3.9,Lys-UDCA,,#N/A
P7_B6_GLCA_Dny_BSH2_0h.mzML,521.3949,0,3.62,3.62,3.9,Lys-UDCA,,#N/A
P7_B7_GDCA_Dny_BSH2_0h.mzML,521.3949,0,3.62,3.62,3.9,Lys-UDCA,,#N/A
P7_B8_GCDCA_Dny_BSH2_0h.mzML,521.3949,0,3.62,3.62,3.9,Lys-UDCA,,#N/A
P7_B9_GUDCA_Dny_BSH2_0h.mzML,521.3949,0,3.62,3.62,3.9,Lys-UDCA,,#N/A
P7_B10_GCA_Dny_BSH2_0h.mzML,521.3949,0,3.62,3.62,3.9,Lys-UDCA,,#N/A
P7_B11_BHI_50MeOH.mzML,521.3949,0,3.62,3.62,3.9,Lys-UDCA,,#N/A
P7_B12_BHI_50DMSO_25MeOH.mzML,521.3949,0,3.62,3.62,3.9,Lys-UDCA,,#N/A
P7_C1_TLCA_Lgasseri_BSH_0h.mzML,521.3949,0,3.62,3.62,3.9,Lys-UDCA,,#N/A
P7_C2_TDCA_Lgasseri_BSH_0h.mzML,521.3949,0,3.62,3.62,3.9,Lys-UDCA,,#N/A
P7_C3_TCDCA_Lgasseri_BSH_0h.mzML,521.3949,0,3.62,3.62,3.9,Lys-UDCA,,#N/A
P7_C4_TUDCA_Lgasseri_BSH_0h.mzML,521.3949,0,3.62,3.62,3.9,Lys-UDCA,,#N/A
P7_C5_TCA_Lgasseri_BSH_0h.mzML,521.3949,0,3.62,3.62,3.9,Lys-UDCA,,#N/A
P7_C6_GLCA_Lgasseri_BSH_0h.mzML,521.3949,0,3.62,3.62,3.9,Lys-UDCA,,#N/A
P7_C7_GDCA_Lgasseri_BSH_0h.mzML,521.3949,0,3.62,3.62,3.9,Lys-UDCA,,#N/A
P7_C8_GCDCA_Lgasseri_BSH_0h.mzML,521.3949,0,3.62,3.62,3.9,Lys-UDCA,,#N/A
P7_C9_GUDCA_Lgasseri_BSH_0h.mzML,521.3949,0,3.62,3.62,3.9,Lys-UDCA,,#N/A
P7_C10_GCA_Lgasseri_BSH_0h.mzML,521.3949,0,3.62,3.62,3.9,Lys-UDCA,,#N/A
P7_C11_BHI_50MeOH.mzML,521.3949,0,3.62,3.62,3.9,Lys-UDCA,,#N/A
P7_C12_BHI_50DMSO_25MeOH.mzML,521.3949,0,3.62,3.62,3.9,Lys-UDCA,,#N/A
P7_D1_TLCA_LCAG-95_BSH1208_0h.mzML,521.3949,0,3.62,3.62,3.9,Lys-UDCA,,#N/A
P7_D2_TDCA_LCAG-95_BSH1208_0h.mzML,521.3949,0,3.62,3.62,3.9,Lys-UDCA,,#N/A
P7_D3_TCDCA_LCAG-95_BSH1208_0h.mzML,521.3949,0,3.62,3.62,3.9,Lys-UDCA,,#N/A
P7_D4_TUDCA_LCAG-95_BSH1208_0h.mzML,521.3949,0,3.62,3.62,3.9,Lys-UDCA,,#N/A
P7_D5_TCA_LCAG-95_BSH1208_0h.mzML,521.3949,0,3.62,3.62,3.9,Lys-UDCA,,#N/A
P7_D6_GLCA_LCAG-95_BSH1208_0h.mzML,521.3949,0,3.62,3.62,3.9,Lys-UDCA,,#N/A
P7_D7_GDCA_LCAG-95_BSH1208_0h.mzML,521.3949,0,3.62,3.62,3.9,Lys-UDCA,,#N/A
P7_D8_GCDCA_LCAG-95_BSH1208_0h.mzML,521.3949,0,3.62,3.62,3.9,Lys-UDCA,,#N/A
P7_D9_GUDCA_LCAG-95_BSH1208_0h.mzML,521.3949,0,3.62,3.62,3.9,Lys-UDCA,,#N/A
P7_D10_GCA_LCAG-95_BSH1208_0h.mzML,521.3949,0,3.62,3.62,3.9,Lys-UDCA,,#N/A
P7_D11_BHI_50MeOH.mzML,521.3949,0,3.62,3.62,3.9,Lys-UDCA,,#N/A
P7_D12_BHI_50DMSO_25MeOH.mzML,521.3949,0,3.62,3.62,3.9,Lys-UDCA,,#N/A
P7_E1_TLCA_Ep_BSH101_0h.mzML,521.3949,0,3.62,3.62,3.9,Lys-UDCA,,#N/A
P7_E2_TDCA_Ep_BSH101_0h.mzML,521.3949,0,3.62,3.62,3.9,Lys-UDCA,,#N/A
P7_E3_TCDCA_Ep_BSH101_0h.mzML,521.3949,0,3.62,3.62,3.9,Lys-UDCA,,#N/A
P7_E4_TUDCA_Ep_BSH101_0h.mzML,521.3949,0,3.62,3.62,3.9,Lys-UDCA,,#N/A
P7_E5_TCA_Ep_BSH101_0h.mzML,521.3949,0,3.62,3.62,3.9,Lys-UDCA,,#N/A
P7_E6_GLCA_Ep_BSH101_0h.mzML,521.3949,0,3.62,3.62,3.9,Lys-UDCA,,#N/A
P7_E7_GDCA_Ep_BSH101_0h.mzML,521.3949,0,3.62,3.62,3.9,Lys-UDCA,,#N/A
P7_E8_GCDCA_Ep_BSH101_0h.mzML,521.3949,0,3.62,3.62,3.9,Lys-UDCA,,#N/A
P7_E9_GUDCA_Ep_BSH101_0h.mzML,521.3949,0,3.62,3.62,3.9,Lys-UDCA,,#N/A
P7_E10_GCA_Ep_BSH101_0h.mzML,521.3949,0,3.62,3.62,3.9,Lys-UDCA,,#N/A
P7_E11_BHI_50MeOH.mzML,521.3949,0,3.62,3.62,3.9,Lys-UDCA,,#N/A
P7_E12_BHI_50DMSO_25MeOH.mzML,521.3949,0,3.62,3.62,3.9,Lys-UDCA,,#N/A
P7_F1_TLCA_AZ-52_0h.mzML,521.3949,0,3.62,3.62,3.9,Lys-UDCA,,#N/A
P7_F2_TDCA_AZ-52_0h.mzML,521.3949,0,3.62,3.62,3.9,Lys-UDCA,,#N/A
P7_F3_TCDCA_AZ-52_0h.mzML,521.3949,0,3.62,3.62,3.9,Lys-UDCA,,#N/A
P7_F4_TUDCA_AZ-52_0h.mzML,521.3949,0,3.62,3.62,3.9,Lys-UDCA,,#N/A
P7_F5_TCA_AZ-52_0h.mzML,521.3949,0,3.62,3.62,3.9,Lys-UDCA,,#N/A
P7_F6_GLCA_AZ-52_0h.mzML,521.3949,0,3.62,3.62,3.9,Lys-UDCA,,#N/A
P7_F7_GDCA_AZ-52_0h.mzML,521.3949,0,3.62,3.62,3.9,Lys-UDCA,,#N/A
P7_F8_GCDCA_AZ-52_0h.mzML,521.3949,0,3.62,3.62,3.9,Lys-UDCA,,#N/A
P7_F9_GUDCA_AZ-52_0h.mzML,521.3949,0,3.62,3.62,3.9,Lys-UDCA,,#N/A
P7_F10_GCA_AZ-52_0h.mzML,521.3949,0,3.62,3.62,3.9,Lys-UDCA,,#N/A
P7_F11_BHI_50MeOH.mzML,521.3949,0,3.62,3.62,3.9,Lys-UDCA,,#N/A
P7_F12_BHI_50DMSO_25MeOH.mzML,521.3949,0,3.62,3.62,3.9,Lys-UDCA,,#N/A
P7_G1_TLCA_EcAZ-1-cat_0h.mzML,521.3949,0,3.62,3.62,3.9,Lys-UDCA,,#N/A
P7_G2_TDCA_EcAZ-1-cat_0h.mzML,521.3949,0,3.62,3.62,3.9,Lys-UDCA,,#N/A
P7_G3_TCDCA_EcAZ-1-cat_0h.mzML,521.3949,0,3.62,3.62,3.9,Lys-UDCA,,#N/A
P7_G4_TUDCA_EcAZ-1-cat_0h.mzML,521.3949,0,3.62,3.62,3.9,Lys-UDCA,,#N/A
P7_G5_TCA_EcAZ-1-cat_0h.mzML,521.3949,0,3.62,3.62,3.9,Lys-UDCA,,#N/A
P7_G6_GLCA_EcAZ-1-cat_0h.mzML,521.3949,0,3.62,3.62,3.9,Lys-UDCA,,#N/A
P7_G7_GDCA_EcAZ-1-cat_0h.mzML,521.3949,0,3.62,3.62,3.9,Lys-UDCA,,#N/A
P7_G8_GCDCA_EcAZ-1-cat_0h.mzML,521.3949,0,3.62,3.62,3.9,Lys-UDCA,,#N/A
P7_G9_GUDCA_EcAZ-1-cat_0h.mzML,521.3949,0,3.62,3.62,3.9,Lys-UDCA,,#N/A
P7_G10_GCA_EcAZ-1-cat_0h.mzML,521.3949,0,3.62,3.62,3.9,Lys-UDCA,,#N/A
P7_G11_BHI_50MeOH.mzML,521.3949,0,3.62,3.62,3.9,Lys-UDCA,,#N/A
P7_G12_BHI_50DMSO_25MeOH.mzML,521.3949,0,3.62,3.62,3.9,Lys-UDCA,,#N/A
P7_H1_TLCA_ctrl_0h.mzML,521.3949,0,3.62,3.62,3.9,Lys-UDCA,,#N/A
P7_H2_TDCA_ctrl_0h.mzML,521.3949,0,3.62,3.62,3.9,Lys-UDCA,,#N/A
P7_H3_TCDCA_ctrl_0h.mzML,521.3949,0,3.62,3.62,3.9,Lys-UDCA,,#N/A
P7_H4_TUDCA_ctrl_0h.mzML,521.3949,0,3.62,3.62,3.9,Lys-UDCA,,#N/A
P7_H5_TCA_ctrl_0h.mzML,521.3949,0,3.62,3.62,3.9,Lys-UDCA,,#N/A
P7_H6_GLCA_ctrl_0h.mzML,521.3949,0,3.62,3.62,3.9,Lys-UDCA,,#N/A
P7_H7_GDCA_ctrl_0h.mzML,521.3949,0,3.62,3.62,3.9,Lys-UDCA,,#N/A
P7_H8_GCDCA_ctrl_0h.mzML,521.3949,0,3.62,3.62,3.9,Lys-UDCA,,#N/A
P7_H9_GUDCA_ctrl_0h.mzML,521.3949,0,3.62,3.62,3.9,Lys-UDCA,,#N/A
P7_H10_GCA_ctrl_0h.mzML,521.3949,0,3.62,3.62,3.9,Lys-UDCA,,#N/A
P7_H11_BHI_50MeOH.mzML,521.3949,0,3.62,3.62,3.9,Lys-UDCA,,#N/A
P7_H12_BHI_50DMSO_25MeOH.mzML,521.3949,0,3.62,3.62,3.9,Lys-UDCA,,#N/A
TCA_std.mzML,521.3949,0,3.62,3.62,3.9,Lys-UDCA,,#N/A
TCDCA_std.mzML,521.3949,0,3.62,3.62,3.9,Lys-UDCA,,#N/A
TDCA_std.mzML,521.3949,0,3.62,3.62,3.9,Lys-UDCA,,#N/A
TLCA_std.mzML,521.3949,0,3.62,3.62,3.9,Lys-UDCA,,#N/A
TUDCA_std.mzML,521.3949,0,3.62,3.62,3.9,Lys-UDCA,,#N/A
UDCA_aminoacids.mzML,521.3949,153895,3.62,3.62,3.9,Lys-UDCA,,#N/A
CA_aminoacids.mzML,540.3684,4251540,8.87,8.86,8.98,Phe-UDCA,,#N/A
CA_DCA_LCA_aminoacids.mzML,540.3684,369432192,8.89,8.86,8.98,Phe-UDCA,,#N/A
CDCA_aminoacids.mzML,540.3684,18727812,8.86,8.86,8.98,Phe-UDCA,,#N/A
DCA_aminoacids.mzML,540.3684,447440960,8.88,8.86,8.98,Phe-UDCA,,#N/A
DCA_aminoacids_2.mzML,540.3684,843673920,8.87,8.86,8.98,Phe-UDCA,,#N/A
GCA_std.mzML,540.3684,0,8.86,8.86,8.98,Phe-UDCA,,#N/A
GCDCA_std.mzML,540.3684,0,8.86,8.86,8.98,Phe-UDCA,,#N/A
GDCA_std.mzML,540.3684,0,8.86,8.86,8.98,Phe-UDCA,,#N/A
GLCA_std.mzML,540.3684,0,8.86,8.86,8.98,Phe-UDCA,,#N/A
GUDCA_std.mzML,540.3684,0,8.86,8.86,8.98,Phe-UDCA,,#N/A
P4_A1_TLCA_Dny_BSH1_0h.mzML,540.3684,213892,8.92,8.86,8.98,Phe-UDCA,,#N/A
P4_A2_TDCA_Dny_BSH1_0h.mzML,540.3684,1574099,8.92,8.86,8.98,Phe-UDCA,,#N/A
P4_A3_TCDCA_Dny_BSH1_0h.mzML,540.3684,722049,8.89,8.86,8.98,Phe-UDCA,,#N/A
P4_A4_TUDCA_Dny_BSH1_0h.mzML,540.3684,187768,8.91,8.86,8.98,Phe-UDCA,,#N/A
P4_A5_TCA_Dny_BSH1_0h.mzML,540.3684,208613,8.9,8.86,8.98,Phe-UDCA,,#N/A
P4_A6_GLCA_Dny_BSH1_0h.mzML,540.3684,292376,8.92,8.86,8.98,Phe-UDCA,,#N/A
P4_A7_GDCA_Dny_BSH1_0h.mzML,540.3684,1083227,8.91,8.86,8.98,Phe-UDCA,,#N/A
P4_A8_GCDCA_Dny_BSH1_0h.mzML,540.3684,437561,8.88,8.86,8.98,Phe-UDCA,,#N/A
P4_A9_GUDCA_Dny_BSH1_0h.mzML,540.3684,172299,8.9,8.86,8.98,Phe-UDCA,,#N/A
P4_A10_GCA_Dny_BSH1_0h.mzML,540.3684,198102,8.91,8.86,8.98,Phe-UDCA,,#N/A
P4_A11_BHI_50MeOH.mzML,540.3684,176306,8.89,8.86,8.98,Phe-UDCA,,#N/A
P4_A12_BHI_50DMSO_25MeOH.mzML,540.3684,236976,8.89,8.86,8.98,Phe-UDCA,,#N/A
P4_B1_TLCA_Dny_BSH2_0h.mzML,540.3684,301011,8.9,8.86,8.98,Phe-UDCA,,#N/A
P4_B2_TDCA_Dny_BSH2_0h.mzML,540.3684,398391,8.88,8.86,8.98,Phe-UDCA,,#N/A
P4_B3_TCDCA_Dny_BSH2_0h.mzML,540.3684,859360,8.9,8.86,8.98,Phe-UDCA,,#N/A
P4_B4_TUDCA_Dny_BSH2_0h.mzML,540.3684,927170,8.9,8.86,8.98,Phe-UDCA,,#N/A
P4_B5_TCA_Dny_BSH2_0h.mzML,540.3684,467951,8.91,8.86,8.98,Phe-UDCA,,#N/A
P4_B6_GLCA_Dny_BSH2_0h.mzML,540.3684,255022,8.91,8.86,8.98,Phe-UDCA,,#N/A
P4_B7_GDCA_Dny_BSH2_0h.mzML,540.3684,1042482,8.91,8.86,8.98,Phe-UDCA,,#N/A
P4_B8_GCDCA_Dny_BSH2_0h.mzML,540.3684,190072,8.9,8.86,8.98,Phe-UDCA,,#N/A
P4_B9_GUDCA_Dny_BSH2_0h.mzML,540.3684,825202,8.91,8.86,8.98,Phe-UDCA,,#N/A
P4_B10_GCA_Dny_BSH2_0h.mzML,540.3684,976635,8.91,8.86,8.98,Phe-UDCA,,#N/A
P4_B11_BHI_50MeOH.mzML,540.3684,531242,8.88,8.86,8.98,Phe-UDCA,,#N/A
P4_B12_BHI_50DMSO_25MeOH.mzML,540.3684,16590,8.92,8.86,8.98,Phe-UDCA,,#N/A
P4_C1_TLCA_Lgasseri_BSH_0h.mzML,540.3684,281465,8.91,8.86,8.98,Phe-UDCA,,#N/A
P4_C2_TDCA_Lgasseri_BSH_0h.mzML,540.3684,663739,8.9,8.86,8.98,Phe-UDCA,,#N/A
P4_C3_TCDCA_Lgasseri_BSH_0h.mzML,540.3684,1218199,8.89,8.86,8.98,Phe-UDCA,,#N/A
P4_C4_TUDCA_Lgasseri_BSH_0h.mzML,540.3684,918722,8.9,8.86,8.98,Phe-UDCA,,#N/A
P4_C5_TCA_Lgasseri_BSH_0h.mzML,540.3684,684776,8.91,8.86,8.98,Phe-UDCA,,#N/A
P4_C6_GLCA_Lgasseri_BSH_0h.mzML,540.3684,612163,8.91,8.86,8.98,Phe-UDCA,,#N/A
P4_C7_GDCA_Lgasseri_BSH_0h.mzML,540.3684,632226,8.92,8.86,8.98,Phe-UDCA,,#N/A
P4_C8_GCDCA_Lgasseri_BSH_0h.mzML,540.3684,988929,8.91,8.86,8.98,Phe-UDCA,,#N/A
P4_C9_GUDCA_Lgasseri_BSH_0h.mzML,540.3684,937953,8.9,8.86,8.98,Phe-UDCA,,#N/A
P4_C10_GCA_Lgasseri_BSH_0h.mzML,540.3684,960584,8.91,8.86,8.98,Phe-UDCA,,#N/A
P4_C11_BHI_50MeOH.mzML,540.3684,541961,8.9,8.86,8.98,Phe-UDCA,,#N/A
P4_C12_BHI_50DMSO_25MeOH.mzML,540.3684,343440,8.88,8.86,8.98,Phe-UDCA,,#N/A
P4_D1_TLCA_LCAG-95_BSH1208_0h.mzML,540.3684,19422,8.92,8.86,8.98,Phe-UDCA,,#N/A
P4_D2_TDCA_LCAG-95_BSH1208_0h.mzML,540.3684,1004726,8.91,8.86,8.98,Phe-UDCA,,#N/A
P4_D3_TCDCA_LCAG-95_BSH1208_0h.mzML,540.3684,886672,8.9,8.86,8.98,Phe-UDCA,,#N/A
P4_D4_TUDCA_LCAG-95_BSH1208_0h.mzML,540.3684,1392632,8.91,8.86,8.98,Phe-UDCA,,#N/A
P4_D5_TCA_LCAG-95_BSH1208_0h.mzML,540.3684,1381956,8.91,8.86,8.98,Phe-UDCA,,#N/A
P4_D6_GLCA_LCAG-95_BSH1208_0h.mzML,540.3684,845766,8.91,8.86,8.98,Phe-UDCA,,#N/A
P4_D7_GDCA_LCAG-95_BSH1208_0h.mzML,540.3684,912350,8.93,8.86,8.98,Phe-UDCA,,#N/A
P4_D8_GCDCA_LCAG-95_BSH1208_0h.mzML,540.3684,1112878,8.91,8.86,8.98,Phe-UDCA,,#N/A
P4_D9_GUDCA_LCAG-95_BSH1208_0h.mzML,540.3684,1400608,8.91,8.86,8.98,Phe-UDCA,,#N/A
P4_D10_GCA_LCAG-95_BSH1208_0h.mzML,540.3684,360290,8.9,8.86,8.98,Phe-UDCA,,#N/A
P4_D11_BHI_50MeOH.mzML,540.3684,700914,8.9,8.86,8.98,Phe-UDCA,,#N/A
P4_D12_BHI_50DMSO_25MeOH.mzML,540.3684,352208,8.9,8.86,8.98,Phe-UDCA,,#N/A
P4_E1_TLCA_Ep_BSH101_0h.mzML,540.3684,320189,8.92,8.86,8.98,Phe-UDCA,,#N/A
P4_E2_TDCA_Ep_BSH101_0h.mzML,540.3684,684892,8.91,8.86,8.98,Phe-UDCA,,#N/A
P4_E3_TCDCA_Ep_BSH101_0h.mzML,540.3684,1082415,8.9,8.86,8.98,Phe-UDCA,,#N/A
P4_E4_TUDCA_Ep_BSH101_0h.mzML,540.3684,986461,8.9,8.86,8.98,Phe-UDCA,,#N/A
P4_E5_TCA_Ep_BSH101_0h.mzML,540.3684,644974,8.9,8.86,8.98,Phe-UDCA,,#N/A
P4_E6_GLCA_Ep_BSH101_0h.mzML,540.3684,972609,8.9,8.86,8.98,Phe-UDCA,,#N/A
P4_E7_GDCA_Ep_BSH101_0h.mzML,540.3684,997767,8.9,8.86,8.98,Phe-UDCA,,#N/A
P4_E8_GCDCA_Ep_BSH101_0h.mzML,540.3684,771455,8.91,8.86,8.98,Phe-UDCA,,#N/A
P4_E9_GUDCA_Ep_BSH101_0h.mzML,540.3684,1046622,8.91,8.86,8.98,Phe-UDCA,,#N/A
P4_E10_GCA_Ep_BSH101_0h.mzML,540.3684,682350,8.9,8.86,8.98,Phe-UDCA,,#N/A
P4_E11_BHI_50MeOH.mzML,540.3684,651687,8.91,8.86,8.98,Phe-UDCA,,#N/A
P4_E12_BHI_50DMSO_25MeOH.mzML,540.3684,77247,8.89,8.86,8.98,Phe-UDCA,,#N/A
P4_F1_TLCA_AZ-52_0h.mzML,540.3684,351984,8.91,8.86,8.98,Phe-UDCA,,#N/A
P4_F2_TDCA_AZ-52_0h.mzML,540.3684,576525,8.92,8.86,8.98,Phe-UDCA,,#N/A
P4_F3_TCDCA_AZ-52_0h.mzML,540.3684,1263793,8.91,8.86,8.98,Phe-UDCA,,#N/A
P4_F4_TUDCA_AZ-52_0h.mzML,540.3684,1167450,8.91,8.86,8.98,Phe-UDCA,,#N/A
P4_F5_TCA_AZ-52_0h.mzML,540.3684,1090055,8.91,8.86,8.98,Phe-UDCA,,#N/A
P4_F6_GLCA_AZ-52_0h.mzML,540.3684,468827,8.92,8.86,8.98,Phe-UDCA,,#N/A
P4_F7_GDCA_AZ-52_0h.mzML,540.3684,853813,8.91,8.86,8.98,Phe-UDCA,,#N/A
P4_F8_GCDCA_AZ-52_0h.mzML,540.3684,820358,8.89,8.86,8.98,Phe-UDCA,,#N/A
P4_F9_GUDCA_AZ-52_0h.mzML,540.3684,639119,8.91,8.86,8.98,Phe-UDCA,,#N/A
P4_F10_GCA_AZ-52_0h.mzML,540.3684,893906,8.91,8.86,8.98,Phe-UDCA,,#N/A
P4_F11_BHI_50MeOH.mzML,540.3684,784410,8.91,8.86,8.98,Phe-UDCA,,#N/A
P4_F12_BHI_50DMSO_25MeOH.mzML,540.3684,236011,8.92,8.86,8.98,Phe-UDCA,,#N/A
P4_G1_TLCA_EcAZ-1-cat_0h.mzML,540.3684,0,8.86,8.86,8.98,Phe-UDCA,,#N/A
P4_G2_TDCA_EcAZ-1-cat_0h.mzML,540.3684,408049,8.9,8.86,8.98,Phe-UDCA,,#N/A
P4_G3_TCDCA_EcAZ-1-cat_0h.mzML,540.3684,695164,8.91,8.86,8.98,Phe-UDCA,,#N/A
P4_G4_TUDCA_EcAZ-1-cat_0h.mzML,540.3684,753570,8.91,8.86,8.98,Phe-UDCA,,#N/A
P4_G5_TCA_EcAZ-1-cat_0h.mzML,540.3684,780301,8.91,8.86,8.98,Phe-UDCA,,#N/A
P4_G6_GLCA_EcAZ-1-cat_0h.mzML,540.3684,1499928,8.91,8.86,8.98,Phe-UDCA,,#N/A
P4_G7_GDCA_EcAZ-1-cat_0h.mzML,540.3684,730264,8.92,8.86,8.98,Phe-UDCA,,#N/A
P4_G8_GCDCA_EcAZ-1-cat_0h.mzML,540.3684,1060626,8.91,8.86,8.98,Phe-UDCA,,#N/A
P4_G9_GUDCA_EcAZ-1-cat_0h.mzML,540.3684,715567,8.91,8.86,8.98,Phe-UDCA,,#N/A
P4_G10_GCA_EcAZ-1-cat_0h.mzML,540.3684,626827,8.91,8.86,8.98,Phe-UDCA,,#N/A
P4_G11_BHI_50MeOH.mzML,540.3684,348095,8.91,8.86,8.98,Phe-UDCA,,#N/A
P4_G12_BHI_50DMSO_25MeOH.mzML,540.3684,115771,8.9,8.86,8.98,Phe-UDCA,,#N/A
P4_H1_TLCA_ctrl_0h.mzML,540.3684,95260,8.91,8.86,8.98,Phe-UDCA,,#N/A
P4_H2_TDCA_ctrl_0h.mzML,540.3684,165785,8.91,8.86,8.98,Phe-UDCA,,#N/A
P4_H3_TCDCA_ctrl_0h.mzML,540.3684,421441,8.9,8.86,8.98,Phe-UDCA,,#N/A
P4_H4_TUDCA_ctrl_0h.mzML,540.3684,119222,8.92,8.86,8.98,Phe-UDCA,,#N/A
P4_H5_TCA_ctrl_0h.mzML,540.3684,256306,8.92,8.86,8.98,Phe-UDCA,,#N/A
P4_H6_GLCA_ctrl_0h.mzML,540.3684,0,8.86,8.86,8.98,Phe-UDCA,,#N/A
P4_H7_GDCA_ctrl_0h.mzML,540.3684,316623,8.93,8.86,8.98,Phe-UDCA,,#N/A
P4_H8_GCDCA_ctrl_0h.mzML,540.3684,203381,8.91,8.86,8.98,Phe-UDCA,,#N/A
P4_H9_GUDCA_ctrl_0h.mzML,540.3684,246692,8.9,8.86,8.98,Phe-UDCA,,#N/A
P4_H10_GCA_ctrl_0h.mzML,540.3684,149081,8.92,8.86,8.98,Phe-UDCA,,#N/A
P4_H11_BHI_50MeOH.mzML,540.3684,156643,8.91,8.86,8.98,Phe-UDCA,,#N/A
P4_H12_BHI_50DMSO_25MeOH.mzML,540.3684,109955,8.93,8.86,8.98,Phe-UDCA,,#N/A
P7_A1_TLCA_Dny_BSH1_0h.mzML,540.3684,205521,8.93,8.86,8.98,Phe-UDCA,,#N/A
P7_A2_TDCA_Dny_BSH1_0h.mzML,540.3684,449981,8.93,8.86,8.98,Phe-UDCA,,#N/A
P7_A3_TCDCA_Dny_BSH1_0h.mzML,540.3684,301470,8.89,8.86,8.98,Phe-UDCA,,#N/A
P7_A4_TUDCA_Dny_BSH1_0h.mzML,540.3684,140975,8.92,8.86,8.98,Phe-UDCA,,#N/A
P7_A5_TCA_Dny_BSH1_0h.mzML,540.3684,179129,8.91,8.86,8.98,Phe-UDCA,,#N/A
P7_A6_GLCA_Dny_BSH1_0h.mzML,540.3684,51311,8.94,8.86,8.98,Phe-UDCA,,#N/A
P7_A7_GDCA_Dny_BSH1_0h.mzML,540.3684,792913,8.92,8.86,8.98,Phe-UDCA,,#N/A
P7_A8_GCDCA_Dny_BSH1_0h.mzML,540.3684,473275,8.89,8.86,8.98,Phe-UDCA,,#N/A
P7_A9_GUDCA_Dny_BSH1_0h.mzML,540.3684,398326,8.93,8.86,8.98,Phe-UDCA,,#N/A
P7_A10_GCA_Dny_BSH1_0h.mzML,540.3684,314704,8.91,8.86,8.98,Phe-UDCA,,#N/A
P7_A11_BHI_50MeOH.mzML,540.3684,116800,8.91,8.86,8.98,Phe-UDCA,,#N/A
P7_A12_BHI_50DMSO_25MeOH.mzML,540.3684,339212,8.93,8.86,8.98,Phe-UDCA,,#N/A
P7_B1_TLCA_Dny_BSH2_0h.mzML,540.3684,182857,8.91,8.86,8.98,Phe-UDCA,,#N/A
P7_B2_TDCA_Dny_BSH2_0h.mzML,540.3684,332558,8.93,8.86,8.98,Phe-UDCA,,#N/A
P7_B3_TCDCA_Dny_BSH2_0h.mzML,540.3684,269029,8.92,8.86,8.98,Phe-UDCA,,#N/A
P7_B4_TUDCA_Dny_BSH2_0h.mzML,540.3684,202586,8.92,8.86,8.98,Phe-UDCA,,#N/A
P7_B5_TCA_Dny_BSH2_0h.mzML,540.3684,230887,8.93,8.86,8.98,Phe-UDCA,,#N/A
P7_B6_GLCA_Dny_BSH2_0h.mzML,540.3684,0,8.86,8.86,8.98,Phe-UDCA,,#N/A
P7_B7_GDCA_Dny_BSH2_0h.mzML,540.3684,450515,8.92,8.86,8.98,Phe-UDCA,,#N/A
P7_B8_GCDCA_Dny_BSH2_0h.mzML,540.3684,237754,8.92,8.86,8.98,Phe-UDCA,,#N/A
P7_B9_GUDCA_Dny_BSH2_0h.mzML,540.3684,310508,8.91,8.86,8.98,Phe-UDCA,,#N/A
P7_B10_GCA_Dny_BSH2_0h.mzML,540.3684,314250,8.91,8.86,8.98,Phe-UDCA,,#N/A
P7_B11_BHI_50MeOH.mzML,540.3684,234761,8.91,8.86,8.98,Phe-UDCA,,#N/A
P7_B12_BHI_50DMSO_25MeOH.mzML,540.3684,177829,8.9,8.86,8.98,Phe-UDCA,,#N/A
P7_C1_TLCA_Lgasseri_BSH_0h.mzML,540.3684,113526,8.92,8.86,8.98,Phe-UDCA,,#N/A
P7_C2_TDCA_Lgasseri_BSH_0h.mzML,540.3684,234385,8.93,8.86,8.98,Phe-UDCA,,#N/A
P7_C3_TCDCA_Lgasseri_BSH_0h.mzML,540.3684,194029,8.92,8.86,8.98,Phe-UDCA,,#N/A
P7_C4_TUDCA_Lgasseri_BSH_0h.mzML,540.3684,181442,8.9,8.86,8.98,Phe-UDCA,,#N/A
P7_C5_TCA_Lgasseri_BSH_0h.mzML,540.3684,155810,8.91,8.86,8.98,Phe-UDCA,,#N/A
P7_C6_GLCA_Lgasseri_BSH_0h.mzML,540.3684,0,8.86,8.86,8.98,Phe-UDCA,,#N/A
P7_C7_GDCA_Lgasseri_BSH_0h.mzML,540.3684,247532,8.88,8.86,8.98,Phe-UDCA,,#N/A
P7_C8_GCDCA_Lgasseri_BSH_0h.mzML,540.3684,569126,8.92,8.86,8.98,Phe-UDCA,,#N/A
P7_C9_GUDCA_Lgasseri_BSH_0h.mzML,540.3684,197688,8.91,8.86,8.98,Phe-UDCA,,#N/A
P7_C10_GCA_Lgasseri_BSH_0h.mzML,540.3684,389743,8.92,8.86,8.98,Phe-UDCA,,#N/A
P7_C11_BHI_50MeOH.mzML,540.3684,140465,8.91,8.86,8.98,Phe-UDCA,,#N/A
P7_C12_BHI_50DMSO_25MeOH.mzML,540.3684,201734,8.92,8.86,8.98,Phe-UDCA,,#N/A
P7_D1_TLCA_LCAG-95_BSH1208_0h.mzML,540.3684,144706,8.92,8.86,8.98,Phe-UDCA,,#N/A
P7_D2_TDCA_LCAG-95_BSH1208_0h.mzML,540.3684,234288,8.92,8.86,8.98,Phe-UDCA,,#N/A
P7_D3_TCDCA_LCAG-95_BSH1208_0h.mzML,540.3684,255371,8.92,8.86,8.98,Phe-UDCA,,#N/A
P7_D4_TUDCA_LCAG-95_BSH1208_0h.mzML,540.3684,223241,8.92,8.86,8.98,Phe-UDCA,,#N/A
P7_D5_TCA_LCAG-95_BSH1208_0h.mzML,540.3684,518972,8.91,8.86,8.98,Phe-UDCA,,#N/A
P7_D6_GLCA_LCAG-95_BSH1208_0h.mzML,540.3684,203758,8.93,8.86,8.98,Phe-UDCA,,#N/A
P7_D7_GDCA_LCAG-95_BSH1208_0h.mzML,540.3684,178214,8.92,8.86,8.98,Phe-UDCA,,#N/A
P7_D8_GCDCA_LCAG-95_BSH1208_0h.mzML,540.3684,41592,8.91,8.86,8.98,Phe-UDCA,,#N/A
P7_D9_GUDCA_LCAG-95_BSH1208_0h.mzML,540.3684,184894,8.93,8.86,8.98,Phe-UDCA,,#N/A
P7_D10_GCA_LCAG-95_BSH1208_0h.mzML,540.3684,216595,8.93,8.86,8.98,Phe-UDCA,,#N/A
P7_D11_BHI_50MeOH.mzML,540.3684,200329,8.94,8.86,8.98,Phe-UDCA,,#N/A
P7_D12_BHI_50DMSO_25MeOH.mzML,540.3684,222970,8.92,8.86,8.98,Phe-UDCA,,#N/A
P7_E1_TLCA_Ep_BSH101_0h.mzML,540.3684,124477,8.92,8.86,8.98,Phe-UDCA,,#N/A
P7_E2_TDCA_Ep_BSH101_0h.mzML,540.3684,250728,8.92,8.86,8.98,Phe-UDCA,,#N/A
P7_E3_TCDCA_Ep_BSH101_0h.mzML,540.3684,403712,8.91,8.86,8.98,Phe-UDCA,,#N/A
P7_E4_TUDCA_Ep_BSH101_0h.mzML,540.3684,318706,8.92,8.86,8.98,Phe-UDCA,,#N/A
P7_E5_TCA_Ep_BSH101_0h.mzML,540.3684,403442,8.93,8.86,8.98,Phe-UDCA,,#N/A
P7_E6_GLCA_Ep_BSH101_0h.mzML,540.3684,70833,8.94,8.86,8.98,Phe-UDCA,,#N/A
P7_E7_GDCA_Ep_BSH101_0h.mzML,540.3684,270971,8.92,8.86,8.98,Phe-UDCA,,#N/A
P7_E8_GCDCA_Ep_BSH101_0h.mzML,540.3684,210775,8.92,8.86,8.98,Phe-UDCA,,#N/A
P7_E9_GUDCA_Ep_BSH101_0h.mzML,540.3684,134624,8.92,8.86,8.98,Phe-UDCA,,#N/A
P7_E10_GCA_Ep_BSH101_0h.mzML,540.3684,278604,8.92,8.86,8.98,Phe-UDCA,,#N/A
P7_E11_BHI_50MeOH.mzML,540.3684,202000,8.92,8.86,8.98,Phe-UDCA,,#N/A
P7_E12_BHI_50DMSO_25MeOH.mzML,540.3684,277861,8.9,8.86,8.98,Phe-UDCA,,#N/A
P7_F1_TLCA_AZ-52_0h.mzML,540.3684,187073,8.92,8.86,8.98,Phe-UDCA,,#N/A
P7_F2_TDCA_AZ-52_0h.mzML,540.3684,193333,8.93,8.86,8.98,Phe-UDCA,,#N/A
P7_F3_TCDCA_AZ-52_0h.mzML,540.3684,227694,8.89,8.86,8.98,Phe-UDCA,,#N/A
P7_F4_TUDCA_AZ-52_0h.mzML,540.3684,164057,8.92,8.86,8.98,Phe-UDCA,,#N/A
P7_F5_TCA_AZ-52_0h.mzML,540.3684,291330,8.91,8.86,8.98,Phe-UDCA,,#N/A
P7_F6_GLCA_AZ-52_0h.mzML,540.3684,4440,8.98,8.86,8.98,Phe-UDCA,,#N/A
P7_F7_GDCA_AZ-52_0h.mzML,540.3684,211668,8.91,8.86,8.98,Phe-UDCA,,#N/A
P7_F8_GCDCA_AZ-52_0h.mzML,540.3684,271680,8.9,8.86,8.98,Phe-UDCA,,#N/A
P7_F9_GUDCA_AZ-52_0h.mzML,540.3684,193180,8.92,8.86,8.98,Phe-UDCA,,#N/A
P7_F10_GCA_AZ-52_0h.mzML,540.3684,180151,8.93,8.86,8.98,Phe-UDCA,,#N/A
P7_F11_BHI_50MeOH.mzML,540.3684,205236,8.92,8.86,8.98,Phe-UDCA,,#N/A
P7_F12_BHI_50DMSO_25MeOH.mzML,540.3684,236796,8.92,8.86,8.98,Phe-UDCA,,#N/A
P7_G1_TLCA_EcAZ-1-cat_0h.mzML,540.3684,223797,8.92,8.86,8.98,Phe-UDCA,,#N/A
P7_G2_TDCA_EcAZ-1-cat_0h.mzML,540.3684,199590,8.93,8.86,8.98,Phe-UDCA,,#N/A
P7_G3_TCDCA_EcAZ-1-cat_0h.mzML,540.3684,367507,8.91,8.86,8.98,Phe-UDCA,,#N/A
P7_G4_TUDCA_EcAZ-1-cat_0h.mzML,540.3684,114310,8.91,8.86,8.98,Phe-UDCA,,#N/A
P7_G5_TCA_EcAZ-1-cat_0h.mzML,540.3684,194634,8.91,8.86,8.98,Phe-UDCA,,#N/A
P7_G6_GLCA_EcAZ-1-cat_0h.mzML,540.3684,87607,8.93,8.86,8.98,Phe-UDCA,,#N/A
P7_G7_GDCA_EcAZ-1-cat_0h.mzML,540.3684,356414,8.93,8.86,8.98,Phe-UDCA,,#N/A
P7_G8_GCDCA_EcAZ-1-cat_0h.mzML,540.3684,238163,8.92,8.86,8.98,Phe-UDCA,,#N/A
P7_G9_GUDCA_EcAZ-1-cat_0h.mzML,540.3684,233623,8.91,8.86,8.98,Phe-UDCA,,#N/A
P7_G10_GCA_EcAZ-1-cat_0h.mzML,540.3684,155089,8.93,8.86,8.98,Phe-UDCA,,#N/A
P7_G11_BHI_50MeOH.mzML,540.3684,179127,8.93,8.86,8.98,Phe-UDCA,,#N/A
P7_G12_BHI_50DMSO_25MeOH.mzML,540.3684,159334,8.91,8.86,8.98,Phe-UDCA,,#N/A
P7_H1_TLCA_ctrl_0h.mzML,540.3684,223728,8.91,8.86,8.98,Phe-UDCA,,#N/A
P7_H2_TDCA_ctrl_0h.mzML,540.3684,333890,8.92,8.86,8.98,Phe-UDCA,,#N/A
P7_H3_TCDCA_ctrl_0h.mzML,540.3684,203016,8.92,8.86,8.98,Phe-UDCA,,#N/A
P7_H4_TUDCA_ctrl_0h.mzML,540.3684,155724,8.92,8.86,8.98,Phe-UDCA,,#N/A
P7_H5_TCA_ctrl_0h.mzML,540.3684,197465,8.92,8.86,8.98,Phe-UDCA,,#N/A
P7_H6_GLCA_ctrl_0h.mzML,540.3684,46913,8.88,8.86,8.98,Phe-UDCA,,#N/A
P7_H7_GDCA_ctrl_0h.mzML,540.3684,295645,8.91,8.86,8.98,Phe-UDCA,,#N/A
P7_H8_GCDCA_ctrl_0h.mzML,540.3684,239396,8.92,8.86,8.98,Phe-UDCA,,#N/A
P7_H9_GUDCA_ctrl_0h.mzML,540.3684,106676,8.91,8.86,8.98,Phe-UDCA,,#N/A
P7_H10_GCA_ctrl_0h.mzML,540.3684,128501,8.92,8.86,8.98,Phe-UDCA,,#N/A
P7_H11_BHI_50MeOH.mzML,540.3684,139325,8.92,8.86,8.98,Phe-UDCA,,#N/A
P7_H12_BHI_50DMSO_25MeOH.mzML,540.3684,97819,8.92,8.86,8.98,Phe-UDCA,,#N/A
TCA_std.mzML,540.3684,0,8.86,8.86,8.98,Phe-UDCA,,#N/A
TCDCA_std.mzML,540.3684,0,8.86,8.86,8.98,Phe-UDCA,,#N/A
TDCA_std.mzML,540.3684,0,8.86,8.86,8.98,Phe-UDCA,,#N/A
TLCA_std.mzML,540.3684,0,8.86,8.86,8.98,Phe-UDCA,,#N/A
TUDCA_std.mzML,540.3684,0,8.86,8.86,8.98,Phe-UDCA,,#N/A
UDCA_aminoacids.mzML,540.3684,676416,8.88,8.86,8.98,Phe-UDCA,,#N/A
CA_aminoacids.mzML,537.3898,1996534,4.29,4.24,4.39,Lys-CA,,#N/A
CA_DCA_LCA_aminoacids.mzML,537.3898,1819750,4.28,4.24,4.39,Lys-CA,,#N/A
CDCA_aminoacids.mzML,537.3898,0,4.24,4.24,4.39,Lys-CA,,#N/A
DCA_aminoacids.mzML,537.3898,0,4.24,4.24,4.39,Lys-CA,,#N/A
DCA_aminoacids_2.mzML,537.3898,123537,4.29,4.24,4.39,Lys-CA,,#N/A
GCA_std.mzML,537.3898,0,4.24,4.24,4.39,Lys-CA,,#N/A
GCDCA_std.mzML,537.3898,0,4.24,4.24,4.39,Lys-CA,,#N/A
GDCA_std.mzML,537.3898,0,4.24,4.24,4.39,Lys-CA,,#N/A
GLCA_std.mzML,537.3898,0,4.24,4.24,4.39,Lys-CA,,#N/A
GUDCA_std.mzML,537.3898,0,4.24,4.24,4.39,Lys-CA,,#N/A
P4_A1_TLCA_Dny_BSH1_0h.mzML,537.3898,0,4.24,4.24,4.39,Lys-CA,,#N/A
P4_A2_TDCA_Dny_BSH1_0h.mzML,537.3898,0,4.24,4.24,4.39,Lys-CA,,#N/A
P4_A3_TCDCA_Dny_BSH1_0h.mzML,537.3898,0,4.24,4.24,4.39,Lys-CA,,#N/A
P4_A4_TUDCA_Dny_BSH1_0h.mzML,537.3898,0,4.24,4.24,4.39,Lys-CA,,#N/A
P4_A5_TCA_Dny_BSH1_0h.mzML,537.3898,3836,4.24,4.24,4.39,Lys-CA,,#N/A
P4_A6_GLCA_Dny_BSH1_0h.mzML,537.3898,0,4.24,4.24,4.39,Lys-CA,,#N/A
P4_A7_GDCA_Dny_BSH1_0h.mzML,537.3898,0,4.24,4.24,4.39,Lys-CA,,#N/A
P4_A8_GCDCA_Dny_BSH1_0h.mzML,537.3898,0,4.24,4.24,4.39,Lys-CA,,#N/A
P4_A9_GUDCA_Dny_BSH1_0h.mzML,537.3898,0,4.24,4.24,4.39,Lys-CA,,#N/A
P4_A10_GCA_Dny_BSH1_0h.mzML,537.3898,0,4.24,4.24,4.39,Lys-CA,,#N/A
P4_A11_BHI_50MeOH.mzML,537.3898,0,4.24,4.24,4.39,Lys-CA,,#N/A
P4_A12_BHI_50DMSO_25MeOH.mzML,537.3898,0,4.24,4.24,4.39,Lys-CA,,#N/A
P4_B1_TLCA_Dny_BSH2_0h.mzML,537.3898,0,4.24,4.24,4.39,Lys-CA,,#N/A
P4_B2_TDCA_Dny_BSH2_0h.mzML,537.3898,0,4.24,4.24,4.39,Lys-CA,,#N/A
P4_B3_TCDCA_Dny_BSH2_0h.mzML,537.3898,0,4.24,4.24,4.39,Lys-CA,,#N/A
P4_B4_TUDCA_Dny_BSH2_0h.mzML,537.3898,0,4.24,4.24,4.39,Lys-CA,,#N/A
P4_B5_TCA_Dny_BSH2_0h.mzML,537.3898,0,4.24,4.24,4.39,Lys-CA,,#N/A
P4_B6_GLCA_Dny_BSH2_0h.mzML,537.3898,0,4.24,4.24,4.39,Lys-CA,,#N/A
P4_B7_GDCA_Dny_BSH2_0h.mzML,537.3898,0,4.24,4.24,4.39,Lys-CA,,#N/A
P4_B8_GCDCA_Dny_BSH2_0h.mzML,537.3898,0,4.24,4.24,4.39,Lys-CA,,#N/A
P4_B9_GUDCA_Dny_BSH2_0h.mzML,537.3898,0,4.24,4.24,4.39,Lys-CA,,#N/A
P4_B10_GCA_Dny_BSH2_0h.mzML,537.3898,0,4.24,4.24,4.39,Lys-CA,,#N/A
P4_B11_BHI_50MeOH.mzML,537.3898,0,4.24,4.24,4.39,Lys-CA,,#N/A
P4_B12_BHI_50DMSO_25MeOH.mzML,537.3898,0,4.24,4.24,4.39,Lys-CA,,#N/A
P4_C1_TLCA_Lgasseri_BSH_0h.mzML,537.3898,0,4.24,4.24,4.39,Lys-CA,,#N/A
P4_C2_TDCA_Lgasseri_BSH_0h.mzML,537.3898,0,4.24,4.24,4.39,Lys-CA,,#N/A
P4_C3_TCDCA_Lgasseri_BSH_0h.mzML,537.3898,0,4.24,4.24,4.39,Lys-CA,,#N/A
P4_C4_TUDCA_Lgasseri_BSH_0h.mzML,537.3898,0,4.24,4.24,4.39,Lys-CA,,#N/A
P4_C5_TCA_Lgasseri_BSH_0h.mzML,537.3898,0,4.24,4.24,4.39,Lys-CA,,#N/A
P4_C6_GLCA_Lgasseri_BSH_0h.mzML,537.3898,0,4.24,4.24,4.39,Lys-CA,,#N/A
P4_C7_GDCA_Lgasseri_BSH_0h.mzML,537.3898,0,4.24,4.24,4.39,Lys-CA,,#N/A
P4_C8_GCDCA_Lgasseri_BSH_0h.mzML,537.3898,0,4.24,4.24,4.39,Lys-CA,,#N/A
P4_C9_GUDCA_Lgasseri_BSH_0h.mzML,537.3898,0,4.24,4.24,4.39,Lys-CA,,#N/A
P4_C10_GCA_Lgasseri_BSH_0h.mzML,537.3898,0,4.24,4.24,4.39,Lys-CA,,#N/A
P4_C11_BHI_50MeOH.mzML,537.3898,0,4.24,4.24,4.39,Lys-CA,,#N/A
P4_C12_BHI_50DMSO_25MeOH.mzML,537.3898,0,4.24,4.24,4.39,Lys-CA,,#N/A
P4_D1_TLCA_LCAG-95_BSH1208_0h.mzML,537.3898,0,4.24,4.24,4.39,Lys-CA,,#N/A
P4_D2_TDCA_LCAG-95_BSH1208_0h.mzML,537.3898,0,4.24,4.24,4.39,Lys-CA,,#N/A
P4_D3_TCDCA_LCAG-95_BSH1208_0h.mzML,537.3898,0,4.24,4.24,4.39,Lys-CA,,#N/A
P4_D4_TUDCA_LCAG-95_BSH1208_0h.mzML,537.3898,0,4.24,4.24,4.39,Lys-CA,,#N/A
P4_D5_TCA_LCAG-95_BSH1208_0h.mzML,537.3898,0,4.24,4.24,4.39,Lys-CA,,#N/A
P4_D6_GLCA_LCAG-95_BSH1208_0h.mzML,537.3898,0,4.24,4.24,4.39,Lys-CA,,#N/A
P4_D7_GDCA_LCAG-95_BSH1208_0h.mzML,537.3898,0,4.24,4.24,4.39,Lys-CA,,#N/A
P4_D8_GCDCA_LCAG-95_BSH1208_0h.mzML,537.3898,0,4.24,4.24,4.39,Lys-CA,,#N/A
P4_D9_GUDCA_LCAG-95_BSH1208_0h.mzML,537.3898,0,4.24,4.24,4.39,Lys-CA,,#N/A
P4_D10_GCA_LCAG-95_BSH1208_0h.mzML,537.3898,0,4.24,4.24,4.39,Lys-CA,,#N/A
P4_D11_BHI_50MeOH.mzML,537.3898,0,4.24,4.24,4.39,Lys-CA,,#N/A
P4_D12_BHI_50DMSO_25MeOH.mzML,537.3898,0,4.24,4.24,4.39,Lys-CA,,#N/A
P4_E1_TLCA_Ep_BSH101_0h.mzML,537.3898,0,4.24,4.24,4.39,Lys-CA,,#N/A
P4_E2_TDCA_Ep_BSH101_0h.mzML,537.3898,0,4.24,4.24,4.39,Lys-CA,,#N/A
P4_E3_TCDCA_Ep_BSH101_0h.mzML,537.3898,0,4.24,4.24,4.39,Lys-CA,,#N/A
P4_E4_TUDCA_Ep_BSH101_0h.mzML,537.3898,0,4.24,4.24,4.39,Lys-CA,,#N/A
P4_E5_TCA_Ep_BSH101_0h.mzML,537.3898,0,4.24,4.24,4.39,Lys-CA,,#N/A
P4_E6_GLCA_Ep_BSH101_0h.mzML,537.3898,0,4.24,4.24,4.39,Lys-CA,,#N/A
P4_E7_GDCA_Ep_BSH101_0h.mzML,537.3898,0,4.24,4.24,4.39,Lys-CA,,#N/A
P4_E8_GCDCA_Ep_BSH101_0h.mzML,537.3898,0,4.24,4.24,4.39,Lys-CA,,#N/A
P4_E9_GUDCA_Ep_BSH101_0h.mzML,537.3898,0,4.24,4.24,4.39,Lys-CA,,#N/A
P4_E10_GCA_Ep_BSH101_0h.mzML,537.3898,0,4.24,4.24,4.39,Lys-CA,,#N/A
P4_E11_BHI_50MeOH.mzML,537.3898,0,4.24,4.24,4.39,Lys-CA,,#N/A
P4_E12_BHI_50DMSO_25MeOH.mzML,537.3898,0,4.24,4.24,4.39,Lys-CA,,#N/A
P4_F1_TLCA_AZ-52_0h.mzML,537.3898,0,4.24,4.24,4.39,Lys-CA,,#N/A
P4_F2_TDCA_AZ-52_0h.mzML,537.3898,0,4.24,4.24,4.39,Lys-CA,,#N/A
P4_F3_TCDCA_AZ-52_0h.mzML,537.3898,0,4.24,4.24,4.39,Lys-CA,,#N/A
P4_F4_TUDCA_AZ-52_0h.mzML,537.3898,0,4.24,4.24,4.39,Lys-CA,,#N/A
P4_F5_TCA_AZ-52_0h.mzML,537.3898,0,4.24,4.24,4.39,Lys-CA,,#N/A
P4_F6_GLCA_AZ-52_0h.mzML,537.3898,0,4.24,4.24,4.39,Lys-CA,,#N/A
P4_F7_GDCA_AZ-52_0h.mzML,537.3898,0,4.24,4.24,4.39,Lys-CA,,#N/A
P4_F8_GCDCA_AZ-52_0h.mzML,537.3898,0,4.24,4.24,4.39,Lys-CA,,#N/A
P4_F9_GUDCA_AZ-52_0h.mzML,537.3898,0,4.24,4.24,4.39,Lys-CA,,#N/A
P4_F10_GCA_AZ-52_0h.mzML,537.3898,0,4.24,4.24,4.39,Lys-CA,,#N/A
P4_F11_BHI_50MeOH.mzML,537.3898,0,4.24,4.24,4.39,Lys-CA,,#N/A
P4_F12_BHI_50DMSO_25MeOH.mzML,537.3898,0,4.24,4.24,4.39,Lys-CA,,#N/A
P4_G1_TLCA_EcAZ-1-cat_0h.mzML,537.3898,0,4.24,4.24,4.39,Lys-CA,,#N/A
P4_G2_TDCA_EcAZ-1-cat_0h.mzML,537.3898,0,4.24,4.24,4.39,Lys-CA,,#N/A
P4_G3_TCDCA_EcAZ-1-cat_0h.mzML,537.3898,0,4.24,4.24,4.39,Lys-CA,,#N/A
P4_G4_TUDCA_EcAZ-1-cat_0h.mzML,537.3898,0,4.24,4.24,4.39,Lys-CA,,#N/A
P4_G5_TCA_EcAZ-1-cat_0h.mzML,537.3898,0,4.24,4.24,4.39,Lys-CA,,#N/A
P4_G6_GLCA_EcAZ-1-cat_0h.mzML,537.3898,0,4.24,4.24,4.39,Lys-CA,,#N/A
P4_G7_GDCA_EcAZ-1-cat_0h.mzML,537.3898,0,4.24,4.24,4.39,Lys-CA,,#N/A
P4_G8_GCDCA_EcAZ-1-cat_0h.mzML,537.3898,0,4.24,4.24,4.39,Lys-CA,,#N/A
P4_G9_GUDCA_EcAZ-1-cat_0h.mzML,537.3898,0,4.24,4.24,4.39,Lys-CA,,#N/A
P4_G10_GCA_EcAZ-1-cat_0h.mzML,537.3898,0,4.24,4.24,4.39,Lys-CA,,#N/A
P4_G11_BHI_50MeOH.mzML,537.3898,0,4.24,4.24,4.39,Lys-CA,,#N/A
P4_G12_BHI_50DMSO_25MeOH.mzML,537.3898,0,4.24,4.24,4.39,Lys-CA,,#N/A
P4_H1_TLCA_ctrl_0h.mzML,537.3898,0,4.24,4.24,4.39,Lys-CA,,#N/A
P4_H2_TDCA_ctrl_0h.mzML,537.3898,0,4.24,4.24,4.39,Lys-CA,,#N/A
P4_H3_TCDCA_ctrl_0h.mzML,537.3898,0,4.24,4.24,4.39,Lys-CA,,#N/A
P4_H4_TUDCA_ctrl_0h.mzML,537.3898,0,4.24,4.24,4.39,Lys-CA,,#N/A
P4_H5_TCA_ctrl_0h.mzML,537.3898,0,4.24,4.24,4.39,Lys-CA,,#N/A
P4_H6_GLCA_ctrl_0h.mzML,537.3898,0,4.24,4.24,4.39,Lys-CA,,#N/A
P4_H7_GDCA_ctrl_0h.mzML,537.3898,0,4.24,4.24,4.39,Lys-CA,,#N/A
P4_H8_GCDCA_ctrl_0h.mzML,537.3898,0,4.24,4.24,4.39,Lys-CA,,#N/A
P4_H9_GUDCA_ctrl_0h.mzML,537.3898,0,4.24,4.24,4.39,Lys-CA,,#N/A
P4_H10_GCA_ctrl_0h.mzML,537.3898,0,4.24,4.24,4.39,Lys-CA,,#N/A
P4_H11_BHI_50MeOH.mzML,537.3898,0,4.24,4.24,4.39,Lys-CA,,#N/A
P4_H12_BHI_50DMSO_25MeOH.mzML,537.3898,0,4.24,4.24,4.39,Lys-CA,,#N/A
P7_A1_TLCA_Dny_BSH1_0h.mzML,537.3898,0,4.24,4.24,4.39,Lys-CA,,#N/A
P7_A2_TDCA_Dny_BSH1_0h.mzML,537.3898,0,4.24,4.24,4.39,Lys-CA,,#N/A
P7_A3_TCDCA_Dny_BSH1_0h.mzML,537.3898,0,4.24,4.24,4.39,Lys-CA,,#N/A
P7_A4_TUDCA_Dny_BSH1_0h.mzML,537.3898,0,4.24,4.24,4.39,Lys-CA,,#N/A
P7_A5_TCA_Dny_BSH1_0h.mzML,537.3898,20831,4.33,4.24,4.39,Lys-CA,,#N/A
P7_A6_GLCA_Dny_BSH1_0h.mzML,537.3898,0,4.24,4.24,4.39,Lys-CA,,#N/A
P7_A7_GDCA_Dny_BSH1_0h.mzML,537.3898,0,4.24,4.24,4.39,Lys-CA,,#N/A
P7_A8_GCDCA_Dny_BSH1_0h.mzML,537.3898,0,4.24,4.24,4.39,Lys-CA,,#N/A
P7_A9_GUDCA_Dny_BSH1_0h.mzML,537.3898,0,4.24,4.24,4.39,Lys-CA,,#N/A
P7_A10_GCA_Dny_BSH1_0h.mzML,537.3898,30193,4.33,4.24,4.39,Lys-CA,,#N/A
P7_A11_BHI_50MeOH.mzML,537.3898,0,4.24,4.24,4.39,Lys-CA,,#N/A
P7_A12_BHI_50DMSO_25MeOH.mzML,537.3898,0,4.24,4.24,4.39,Lys-CA,,#N/A
P7_B1_TLCA_Dny_BSH2_0h.mzML,537.3898,0,4.24,4.24,4.39,Lys-CA,,#N/A
P7_B2_TDCA_Dny_BSH2_0h.mzML,537.3898,0,4.24,4.24,4.39,Lys-CA,,#N/A
P7_B3_TCDCA_Dny_BSH2_0h.mzML,537.3898,0,4.24,4.24,4.39,Lys-CA,,#N/A
P7_B4_TUDCA_Dny_BSH2_0h.mzML,537.3898,0,4.24,4.24,4.39,Lys-CA,,#N/A
P7_B5_TCA_Dny_BSH2_0h.mzML,537.3898,0,4.24,4.24,4.39,Lys-CA,,#N/A
P7_B6_GLCA_Dny_BSH2_0h.mzML,537.3898,0,4.24,4.24,4.39,Lys-CA,,#N/A
P7_B7_GDCA_Dny_BSH2_0h.mzML,537.3898,0,4.24,4.24,4.39,Lys-CA,,#N/A
P7_B8_GCDCA_Dny_BSH2_0h.mzML,537.3898,0,4.24,4.24,4.39,Lys-CA,,#N/A
P7_B9_GUDCA_Dny_BSH2_0h.mzML,537.3898,0,4.24,4.24,4.39,Lys-CA,,#N/A
P7_B10_GCA_Dny_BSH2_0h.mzML,537.3898,0,4.24,4.24,4.39,Lys-CA,,#N/A
P7_B11_BHI_50MeOH.mzML,537.3898,0,4.24,4.24,4.39,Lys-CA,,#N/A
P7_B12_BHI_50DMSO_25MeOH.mzML,537.3898,0,4.24,4.24,4.39,Lys-CA,,#N/A
P7_C1_TLCA_Lgasseri_BSH_0h.mzML,537.3898,0,4.24,4.24,4.39,Lys-CA,,#N/A
P7_C2_TDCA_Lgasseri_BSH_0h.mzML,537.3898,0,4.24,4.24,4.39,Lys-CA,,#N/A
P7_C3_TCDCA_Lgasseri_BSH_0h.mzML,537.3898,0,4.24,4.24,4.39,Lys-CA,,#N/A
P7_C4_TUDCA_Lgasseri_BSH_0h.mzML,537.3898,0,4.24,4.24,4.39,Lys-CA,,#N/A
P7_C5_TCA_Lgasseri_BSH_0h.mzML,537.3898,0,4.24,4.24,4.39,Lys-CA,,#N/A
P7_C6_GLCA_Lgasseri_BSH_0h.mzML,537.3898,0,4.24,4.24,4.39,Lys-CA,,#N/A
P7_C7_GDCA_Lgasseri_BSH_0h.mzML,537.3898,0,4.24,4.24,4.39,Lys-CA,,#N/A
P7_C8_GCDCA_Lgasseri_BSH_0h.mzML,537.3898,0,4.24,4.24,4.39,Lys-CA,,#N/A
P7_C9_GUDCA_Lgasseri_BSH_0h.mzML,537.3898,0,4.24,4.24,4.39,Lys-CA,,#N/A
P7_C10_GCA_Lgasseri_BSH_0h.mzML,537.3898,0,4.24,4.24,4.39,Lys-CA,,#N/A
P7_C11_BHI_50MeOH.mzML,537.3898,0,4.24,4.24,4.39,Lys-CA,,#N/A
P7_C12_BHI_50DMSO_25MeOH.mzML,537.3898,0,4.24,4.24,4.39,Lys-CA,,#N/A
P7_D1_TLCA_LCAG-95_BSH1208_0h.mzML,537.3898,0,4.24,4.24,4.39,Lys-CA,,#N/A
P7_D2_TDCA_LCAG-95_BSH1208_0h.mzML,537.3898,0,4.24,4.24,4.39,Lys-CA,,#N/A
P7_D3_TCDCA_LCAG-95_BSH1208_0h.mzML,537.3898,0,4.24,4.24,4.39,Lys-CA,,#N/A
P7_D4_TUDCA_LCAG-95_BSH1208_0h.mzML,537.3898,0,4.24,4.24,4.39,Lys-CA,,#N/A
P7_D5_TCA_LCAG-95_BSH1208_0h.mzML,537.3898,0,4.24,4.24,4.39,Lys-CA,,#N/A
P7_D6_GLCA_LCAG-95_BSH1208_0h.mzML,537.3898,0,4.24,4.24,4.39,Lys-CA,,#N/A
P7_D7_GDCA_LCAG-95_BSH1208_0h.mzML,537.3898,0,4.24,4.24,4.39,Lys-CA,,#N/A
P7_D8_GCDCA_LCAG-95_BSH1208_0h.mzML,537.3898,0,4.24,4.24,4.39,Lys-CA,,#N/A
P7_D9_GUDCA_LCAG-95_BSH1208_0h.mzML,537.3898,0,4.24,4.24,4.39,Lys-CA,,#N/A
P7_D10_GCA_LCAG-95_BSH1208_0h.mzML,537.3898,0,4.24,4.24,4.39,Lys-CA,,#N/A
P7_D11_BHI_50MeOH.mzML,537.3898,0,4.24,4.24,4.39,Lys-CA,,#N/A
P7_D12_BHI_50DMSO_25MeOH.mzML,537.3898,0,4.24,4.24,4.39,Lys-CA,,#N/A
P7_E1_TLCA_Ep_BSH101_0h.mzML,537.3898,0,4.24,4.24,4.39,Lys-CA,,#N/A
P7_E2_TDCA_Ep_BSH101_0h.mzML,537.3898,0,4.24,4.24,4.39,Lys-CA,,#N/A
P7_E3_TCDCA_Ep_BSH101_0h.mzML,537.3898,0,4.24,4.24,4.39,Lys-CA,,#N/A
P7_E4_TUDCA_Ep_BSH101_0h.mzML,537.3898,0,4.24,4.24,4.39,Lys-CA,,#N/A
P7_E5_TCA_Ep_BSH101_0h.mzML,537.3898,0,4.24,4.24,4.39,Lys-CA,,#N/A
P7_E6_GLCA_Ep_BSH101_0h.mzML,537.3898,0,4.24,4.24,4.39,Lys-CA,,#N/A
P7_E7_GDCA_Ep_BSH101_0h.mzML,537.3898,0,4.24,4.24,4.39,Lys-CA,,#N/A
P7_E8_GCDCA_Ep_BSH101_0h.mzML,537.3898,0,4.24,4.24,4.39,Lys-CA,,#N/A
P7_E9_GUDCA_Ep_BSH101_0h.mzML,537.3898,0,4.24,4.24,4.39,Lys-CA,,#N/A
P7_E10_GCA_Ep_BSH101_0h.mzML,537.3898,0,4.24,4.24,4.39,Lys-CA,,#N/A
P7_E11_BHI_50MeOH.mzML,537.3898,0,4.24,4.24,4.39,Lys-CA,,#N/A
P7_E12_BHI_50DMSO_25MeOH.mzML,537.3898,0,4.24,4.24,4.39,Lys-CA,,#N/A
P7_F1_TLCA_AZ-52_0h.mzML,537.3898,0,4.24,4.24,4.39,Lys-CA,,#N/A
P7_F2_TDCA_AZ-52_0h.mzML,537.3898,0,4.24,4.24,4.39,Lys-CA,,#N/A
P7_F3_TCDCA_AZ-52_0h.mzML,537.3898,0,4.24,4.24,4.39,Lys-CA,,#N/A
P7_F4_TUDCA_AZ-52_0h.mzML,537.3898,0,4.24,4.24,4.39,Lys-CA,,#N/A
P7_F5_TCA_AZ-52_0h.mzML,537.3898,0,4.24,4.24,4.39,Lys-CA,,#N/A
P7_F6_GLCA_AZ-52_0h.mzML,537.3898,0,4.24,4.24,4.39,Lys-CA,,#N/A
P7_F7_GDCA_AZ-52_0h.mzML,537.3898,0,4.24,4.24,4.39,Lys-CA,,#N/A
P7_F8_GCDCA_AZ-52_0h.mzML,537.3898,0,4.24,4.24,4.39,Lys-CA,,#N/A
P7_F9_GUDCA_AZ-52_0h.mzML,537.3898,0,4.24,4.24,4.39,Lys-CA,,#N/A
P7_F10_GCA_AZ-52_0h.mzML,537.3898,0,4.24,4.24,4.39,Lys-CA,,#N/A
P7_F11_BHI_50MeOH.mzML,537.3898,0,4.24,4.24,4.39,Lys-CA,,#N/A
P7_F12_BHI_50DMSO_25MeOH.mzML,537.3898,0,4.24,4.24,4.39,Lys-CA,,#N/A
P7_G1_TLCA_EcAZ-1-cat_0h.mzML,537.3898,0,4.24,4.24,4.39,Lys-CA,,#N/A
P7_G2_TDCA_EcAZ-1-cat_0h.mzML,537.3898,0,4.24,4.24,4.39,Lys-CA,,#N/A
P7_G3_TCDCA_EcAZ-1-cat_0h.mzML,537.3898,0,4.24,4.24,4.39,Lys-CA,,#N/A
P7_G4_TUDCA_EcAZ-1-cat_0h.mzML,537.3898,0,4.24,4.24,4.39,Lys-CA,,#N/A
P7_G5_TCA_EcAZ-1-cat_0h.mzML,537.3898,0,4.24,4.24,4.39,Lys-CA,,#N/A
P7_G6_GLCA_EcAZ-1-cat_0h.mzML,537.3898,0,4.24,4.24,4.39,Lys-CA,,#N/A
P7_G7_GDCA_EcAZ-1-cat_0h.mzML,537.3898,0,4.24,4.24,4.39,Lys-CA,,#N/A
P7_G8_GCDCA_EcAZ-1-cat_0h.mzML,537.3898,0,4.24,4.24,4.39,Lys-CA,,#N/A
P7_G9_GUDCA_EcAZ-1-cat_0h.mzML,537.3898,0,4.24,4.24,4.39,Lys-CA,,#N/A
P7_G10_GCA_EcAZ-1-cat_0h.mzML,537.3898,0,4.24,4.24,4.39,Lys-CA,,#N/A
P7_G11_BHI_50MeOH.mzML,537.3898,0,4.24,4.24,4.39,Lys-CA,,#N/A
P7_G12_BHI_50DMSO_25MeOH.mzML,537.3898,0,4.24,4.24,4.39,Lys-CA,,#N/A
P7_H1_TLCA_ctrl_0h.mzML,537.3898,0,4.24,4.24,4.39,Lys-CA,,#N/A
P7_H2_TDCA_ctrl_0h.mzML,537.3898,0,4.24,4.24,4.39,Lys-CA,,#N/A
P7_H3_TCDCA_ctrl_0h.mzML,537.3898,0,4.24,4.24,4.39,Lys-CA,,#N/A
P7_H4_TUDCA_ctrl_0h.mzML,537.3898,0,4.24,4.24,4.39,Lys-CA,,#N/A
P7_H5_TCA_ctrl_0h.mzML,537.3898,0,4.24,4.24,4.39,Lys-CA,,#N/A
P7_H6_GLCA_ctrl_0h.mzML,537.3898,0,4.24,4.24,4.39,Lys-CA,,#N/A
P7_H7_GDCA_ctrl_0h.mzML,537.3898,0,4.24,4.24,4.39,Lys-CA,,#N/A
P7_H8_GCDCA_ctrl_0h.mzML,537.3898,0,4.24,4.24,4.39,Lys-CA,,#N/A
P7_H9_GUDCA_ctrl_0h.mzML,537.3898,0,4.24,4.24,4.39,Lys-CA,,#N/A
P7_H10_GCA_ctrl_0h.mzML,537.3898,0,4.24,4.24,4.39,Lys-CA,,#N/A
P7_H11_BHI_50MeOH.mzML,537.3898,0,4.24,4.24,4.39,Lys-CA,,#N/A
P7_H12_BHI_50DMSO_25MeOH.mzML,537.3898,0,4.24,4.24,4.39,Lys-CA,,#N/A
TCA_std.mzML,537.3898,0,4.24,4.24,4.39,Lys-CA,,#N/A
TCDCA_std.mzML,537.3898,0,4.24,4.24,4.39,Lys-CA,,#N/A
TDCA_std.mzML,537.3898,0,4.24,4.24,4.39,Lys-CA,,#N/A
TLCA_std.mzML,537.3898,0,4.24,4.24,4.39,Lys-CA,,#N/A
TUDCA_std.mzML,537.3898,0,4.24,4.24,4.39,Lys-CA,,#N/A
UDCA_aminoacids.mzML,537.3898,14763,4.25,4.24,4.39,Lys-CA,,#N/A
CA_aminoacids.mzML,521.3949,95681,5.92,5.78,5.95,Lys-CDCA,,#N/A
CA_DCA_LCA_aminoacids.mzML,521.3949,1513082,5.84,5.78,5.95,Lys-CDCA,,#N/A
CDCA_aminoacids.mzML,521.3949,3038037,5.85,5.78,5.95,Lys-CDCA,,#N/A
DCA_aminoacids.mzML,521.3949,0,5.78,5.78,5.95,Lys-CDCA,,#N/A
DCA_aminoacids_2.mzML,521.3949,77014,5.8,5.78,5.95,Lys-CDCA,,#N/A
GCA_std.mzML,521.3949,0,5.78,5.78,5.95,Lys-CDCA,,#N/A
GCDCA_std.mzML,521.3949,0,5.78,5.78,5.95,Lys-CDCA,,#N/A
GDCA_std.mzML,521.3949,0,5.78,5.78,5.95,Lys-CDCA,,#N/A
GLCA_std.mzML,521.3949,0,5.78,5.78,5.95,Lys-CDCA,,#N/A
GUDCA_std.mzML,521.3949,0,5.78,5.78,5.95,Lys-CDCA,,#N/A
P4_A1_TLCA_Dny_BSH1_0h.mzML,521.3949,0,5.78,5.78,5.95,Lys-CDCA,,#N/A
P4_A2_TDCA_Dny_BSH1_0h.mzML,521.3949,21210,5.94,5.78,5.95,Lys-CDCA,,#N/A
P4_A3_TCDCA_Dny_BSH1_0h.mzML,521.3949,22469,5.78,5.78,5.95,Lys-CDCA,,#N/A
P4_A4_TUDCA_Dny_BSH1_0h.mzML,521.3949,0,5.78,5.78,5.95,Lys-CDCA,,#N/A
P4_A5_TCA_Dny_BSH1_0h.mzML,521.3949,0,5.78,5.78,5.95,Lys-CDCA,,#N/A
P4_A6_GLCA_Dny_BSH1_0h.mzML,521.3949,0,5.78,5.78,5.95,Lys-CDCA,,#N/A
P4_A7_GDCA_Dny_BSH1_0h.mzML,521.3949,279,5.78,5.78,5.95,Lys-CDCA,,#N/A
P4_A8_GCDCA_Dny_BSH1_0h.mzML,521.3949,0,5.78,5.78,5.95,Lys-CDCA,,#N/A
P4_A9_GUDCA_Dny_BSH1_0h.mzML,521.3949,0,5.78,5.78,5.95,Lys-CDCA,,#N/A
P4_A10_GCA_Dny_BSH1_0h.mzML,521.3949,0,5.78,5.78,5.95,Lys-CDCA,,#N/A
P4_A11_BHI_50MeOH.mzML,521.3949,0,5.78,5.78,5.95,Lys-CDCA,,#N/A
P4_A12_BHI_50DMSO_25MeOH.mzML,521.3949,0,5.78,5.78,5.95,Lys-CDCA,,#N/A
P4_B1_TLCA_Dny_BSH2_0h.mzML,521.3949,0,5.78,5.78,5.95,Lys-CDCA,,#N/A
P4_B2_TDCA_Dny_BSH2_0h.mzML,521.3949,0,5.78,5.78,5.95,Lys-CDCA,,#N/A
P4_B3_TCDCA_Dny_BSH2_0h.mzML,521.3949,0,5.78,5.78,5.95,Lys-CDCA,,#N/A
P4_B4_TUDCA_Dny_BSH2_0h.mzML,521.3949,0,5.78,5.78,5.95,Lys-CDCA,,#N/A
P4_B5_TCA_Dny_BSH2_0h.mzML,521.3949,0,5.78,5.78,5.95,Lys-CDCA,,#N/A
P4_B6_GLCA_Dny_BSH2_0h.mzML,521.3949,0,5.78,5.78,5.95,Lys-CDCA,,#N/A
P4_B7_GDCA_Dny_BSH2_0h.mzML,521.3949,0,5.78,5.78,5.95,Lys-CDCA,,#N/A
P4_B8_GCDCA_Dny_BSH2_0h.mzML,521.3949,0,5.78,5.78,5.95,Lys-CDCA,,#N/A
P4_B9_GUDCA_Dny_BSH2_0h.mzML,521.3949,0,5.78,5.78,5.95,Lys-CDCA,,#N/A
P4_B10_GCA_Dny_BSH2_0h.mzML,521.3949,0,5.78,5.78,5.95,Lys-CDCA,,#N/A
P4_B11_BHI_50MeOH.mzML,521.3949,0,5.78,5.78,5.95,Lys-CDCA,,#N/A
P4_B12_BHI_50DMSO_25MeOH.mzML,521.3949,0,5.78,5.78,5.95,Lys-CDCA,,#N/A
P4_C1_TLCA_Lgasseri_BSH_0h.mzML,521.3949,0,5.78,5.78,5.95,Lys-CDCA,,#N/A
P4_C2_TDCA_Lgasseri_BSH_0h.mzML,521.3949,0,5.78,5.78,5.95,Lys-CDCA,,#N/A
P4_C3_TCDCA_Lgasseri_BSH_0h.mzML,521.3949,0,5.78,5.78,5.95,Lys-CDCA,,#N/A
P4_C4_TUDCA_Lgasseri_BSH_0h.mzML,521.3949,0,5.78,5.78,5.95,Lys-CDCA,,#N/A
P4_C5_TCA_Lgasseri_BSH_0h.mzML,521.3949,0,5.78,5.78,5.95,Lys-CDCA,,#N/A
P4_C6_GLCA_Lgasseri_BSH_0h.mzML,521.3949,0,5.78,5.78,5.95,Lys-CDCA,,#N/A
P4_C7_GDCA_Lgasseri_BSH_0h.mzML,521.3949,0,5.78,5.78,5.95,Lys-CDCA,,#N/A
P4_C8_GCDCA_Lgasseri_BSH_0h.mzML,521.3949,0,5.78,5.78,5.95,Lys-CDCA,,#N/A
P4_C9_GUDCA_Lgasseri_BSH_0h.mzML,521.3949,0,5.78,5.78,5.95,Lys-CDCA,,#N/A
P4_C10_GCA_Lgasseri_BSH_0h.mzML,521.3949,0,5.78,5.78,5.95,Lys-CDCA,,#N/A
P4_C11_BHI_50MeOH.mzML,521.3949,0,5.78,5.78,5.95,Lys-CDCA,,#N/A
P4_C12_BHI_50DMSO_25MeOH.mzML,521.3949,0,5.78,5.78,5.95,Lys-CDCA,,#N/A
P4_D1_TLCA_LCAG-95_BSH1208_0h.mzML,521.3949,0,5.78,5.78,5.95,Lys-CDCA,,#N/A
P4_D2_TDCA_LCAG-95_BSH1208_0h.mzML,521.3949,0,5.78,5.78,5.95,Lys-CDCA,,#N/A
P4_D3_TCDCA_LCAG-95_BSH1208_0h.mzML,521.3949,0,5.78,5.78,5.95,Lys-CDCA,,#N/A
P4_D4_TUDCA_LCAG-95_BSH1208_0h.mzML,521.3949,0,5.78,5.78,5.95,Lys-CDCA,,#N/A
P4_D5_TCA_LCAG-95_BSH1208_0h.mzML,521.3949,0,5.78,5.78,5.95,Lys-CDCA,,#N/A
P4_D6_GLCA_LCAG-95_BSH1208_0h.mzML,521.3949,0,5.78,5.78,5.95,Lys-CDCA,,#N/A
P4_D7_GDCA_LCAG-95_BSH1208_0h.mzML,521.3949,0,5.78,5.78,5.95,Lys-CDCA,,#N/A
P4_D8_GCDCA_LCAG-95_BSH1208_0h.mzML,521.3949,0,5.78,5.78,5.95,Lys-CDCA,,#N/A
P4_D9_GUDCA_LCAG-95_BSH1208_0h.mzML,521.3949,0,5.78,5.78,5.95,Lys-CDCA,,#N/A
P4_D10_GCA_LCAG-95_BSH1208_0h.mzML,521.3949,0,5.78,5.78,5.95,Lys-CDCA,,#N/A
P4_D11_BHI_50MeOH.mzML,521.3949,0,5.78,5.78,5.95,Lys-CDCA,,#N/A
P4_D12_BHI_50DMSO_25MeOH.mzML,521.3949,0,5.78,5.78,5.95,Lys-CDCA,,#N/A
P4_E1_TLCA_Ep_BSH101_0h.mzML,521.3949,0,5.78,5.78,5.95,Lys-CDCA,,#N/A
P4_E2_TDCA_Ep_BSH101_0h.mzML,521.3949,0,5.78,5.78,5.95,Lys-CDCA,,#N/A
P4_E3_TCDCA_Ep_BSH101_0h.mzML,521.3949,0,5.78,5.78,5.95,Lys-CDCA,,#N/A
P4_E4_TUDCA_Ep_BSH101_0h.mzML,521.3949,0,5.78,5.78,5.95,Lys-CDCA,,#N/A
P4_E5_TCA_Ep_BSH101_0h.mzML,521.3949,0,5.78,5.78,5.95,Lys-CDCA,,#N/A
P4_E6_GLCA_Ep_BSH101_0h.mzML,521.3949,0,5.78,5.78,5.95,Lys-CDCA,,#N/A
P4_E7_GDCA_Ep_BSH101_0h.mzML,521.3949,0,5.78,5.78,5.95,Lys-CDCA,,#N/A
P4_E8_GCDCA_Ep_BSH101_0h.mzML,521.3949,2190,5.9,5.78,5.95,Lys-CDCA,,#N/A
P4_E9_GUDCA_Ep_BSH101_0h.mzML,521.3949,0,5.78,5.78,5.95,Lys-CDCA,,#N/A
P4_E10_GCA_Ep_BSH101_0h.mzML,521.3949,0,5.78,5.78,5.95,Lys-CDCA,,#N/A
P4_E11_BHI_50MeOH.mzML,521.3949,0,5.78,5.78,5.95,Lys-CDCA,,#N/A
P4_E12_BHI_50DMSO_25MeOH.mzML,521.3949,0,5.78,5.78,5.95,Lys-CDCA,,#N/A
P4_F1_TLCA_AZ-52_0h.mzML,521.3949,0,5.78,5.78,5.95,Lys-CDCA,,#N/A
P4_F2_TDCA_AZ-52_0h.mzML,521.3949,0,5.78,5.78,5.95,Lys-CDCA,,#N/A
P4_F3_TCDCA_AZ-52_0h.mzML,521.3949,4994,5.85,5.78,5.95,Lys-CDCA,,#N/A
P4_F4_TUDCA_AZ-52_0h.mzML,521.3949,0,5.78,5.78,5.95,Lys-CDCA,,#N/A
P4_F5_TCA_AZ-52_0h.mzML,521.3949,0,5.78,5.78,5.95,Lys-CDCA,,#N/A
P4_F6_GLCA_AZ-52_0h.mzML,521.3949,0,5.78,5.78,5.95,Lys-CDCA,,#N/A
P4_F7_GDCA_AZ-52_0h.mzML,521.3949,0,5.78,5.78,5.95,Lys-CDCA,,#N/A
P4_F8_GCDCA_AZ-52_0h.mzML,521.3949,0,5.78,5.78,5.95,Lys-CDCA,,#N/A
P4_F9_GUDCA_AZ-52_0h.mzML,521.3949,0,5.78,5.78,5.95,Lys-CDCA,,#N/A
P4_F10_GCA_AZ-52_0h.mzML,521.3949,0,5.78,5.78,5.95,Lys-CDCA,,#N/A
P4_F11_BHI_50MeOH.mzML,521.3949,0,5.78,5.78,5.95,Lys-CDCA,,#N/A
P4_F12_BHI_50DMSO_25MeOH.mzML,521.3949,0,5.78,5.78,5.95,Lys-CDCA,,#N/A
P4_G1_TLCA_EcAZ-1-cat_0h.mzML,521.3949,0,5.78,5.78,5.95,Lys-CDCA,,#N/A
P4_G2_TDCA_EcAZ-1-cat_0h.mzML,521.3949,0,5.78,5.78,5.95,Lys-CDCA,,#N/A
P4_G3_TCDCA_EcAZ-1-cat_0h.mzML,521.3949,0,5.78,5.78,5.95,Lys-CDCA,,#N/A
P4_G4_TUDCA_EcAZ-1-cat_0h.mzML,521.3949,0,5.78,5.78,5.95,Lys-CDCA,,#N/A
P4_G5_TCA_EcAZ-1-cat_0h.mzML,521.3949,0,5.78,5.78,5.95,Lys-CDCA,,#N/A
P4_G6_GLCA_EcAZ-1-cat_0h.mzML,521.3949,0,5.78,5.78,5.95,Lys-CDCA,,#N/A
P4_G7_GDCA_EcAZ-1-cat_0h.mzML,521.3949,0,5.78,5.78,5.95,Lys-CDCA,,#N/A
P4_G8_GCDCA_EcAZ-1-cat_0h.mzML,521.3949,0,5.78,5.78,5.95,Lys-CDCA,,#N/A
P4_G9_GUDCA_EcAZ-1-cat_0h.mzML,521.3949,0,5.78,5.78,5.95,Lys-CDCA,,#N/A
P4_G10_GCA_EcAZ-1-cat_0h.mzML,521.3949,0,5.78,5.78,5.95,Lys-CDCA,,#N/A
P4_G11_BHI_50MeOH.mzML,521.3949,0,5.78,5.78,5.95,Lys-CDCA,,#N/A
P4_G12_BHI_50DMSO_25MeOH.mzML,521.3949,0,5.78,5.78,5.95,Lys-CDCA,,#N/A
P4_H1_TLCA_ctrl_0h.mzML,521.3949,0,5.78,5.78,5.95,Lys-CDCA,,#N/A
P4_H2_TDCA_ctrl_0h.mzML,521.3949,0,5.78,5.78,5.95,Lys-CDCA,,#N/A
P4_H3_TCDCA_ctrl_0h.mzML,521.3949,0,5.78,5.78,5.95,Lys-CDCA,,#N/A
P4_H4_TUDCA_ctrl_0h.mzML,521.3949,0,5.78,5.78,5.95,Lys-CDCA,,#N/A
P4_H5_TCA_ctrl_0h.mzML,521.3949,0,5.78,5.78,5.95,Lys-CDCA,,#N/A
P4_H6_GLCA_ctrl_0h.mzML,521.3949,0,5.78,5.78,5.95,Lys-CDCA,,#N/A
P4_H7_GDCA_ctrl_0h.mzML,521.3949,0,5.78,5.78,5.95,Lys-CDCA,,#N/A
P4_H8_GCDCA_ctrl_0h.mzML,521.3949,0,5.78,5.78,5.95,Lys-CDCA,,#N/A
P4_H9_GUDCA_ctrl_0h.mzML,521.3949,0,5.78,5.78,5.95,Lys-CDCA,,#N/A
P4_H10_GCA_ctrl_0h.mzML,521.3949,0,5.78,5.78,5.95,Lys-CDCA,,#N/A
P4_H11_BHI_50MeOH.mzML,521.3949,0,5.78,5.78,5.95,Lys-CDCA,,#N/A
P4_H12_BHI_50DMSO_25MeOH.mzML,521.3949,0,5.78,5.78,5.95,Lys-CDCA,,#N/A
P7_A1_TLCA_Dny_BSH1_0h.mzML,521.3949,0,5.78,5.78,5.95,Lys-CDCA,,#N/A
P7_A2_TDCA_Dny_BSH1_0h.mzML,521.3949,0,5.78,5.78,5.95,Lys-CDCA,,#N/A
P7_A3_TCDCA_Dny_BSH1_0h.mzML,521.3949,170364,5.9,5.78,5.95,Lys-CDCA,,#N/A
P7_A4_TUDCA_Dny_BSH1_0h.mzML,521.3949,0,5.78,5.78,5.95,Lys-CDCA,,#N/A
P7_A5_TCA_Dny_BSH1_0h.mzML,521.3949,0,5.78,5.78,5.95,Lys-CDCA,,#N/A
P7_A6_GLCA_Dny_BSH1_0h.mzML,521.3949,0,5.78,5.78,5.95,Lys-CDCA,,#N/A
P7_A7_GDCA_Dny_BSH1_0h.mzML,521.3949,0,5.78,5.78,5.95,Lys-CDCA,,#N/A
P7_A8_GCDCA_Dny_BSH1_0h.mzML,521.3949,56387,5.9,5.78,5.95,Lys-CDCA,,#N/A
P7_A9_GUDCA_Dny_BSH1_0h.mzML,521.3949,0,5.78,5.78,5.95,Lys-CDCA,,#N/A
P7_A10_GCA_Dny_BSH1_0h.mzML,521.3949,0,5.78,5.78,5.95,Lys-CDCA,,#N/A
P7_A11_BHI_50MeOH.mzML,521.3949,0,5.78,5.78,5.95,Lys-CDCA,,#N/A
P7_A12_BHI_50DMSO_25MeOH.mzML,521.3949,0,5.78,5.78,5.95,Lys-CDCA,,#N/A
P7_B1_TLCA_Dny_BSH2_0h.mzML,521.3949,0,5.78,5.78,5.95,Lys-CDCA,,#N/A
P7_B2_TDCA_Dny_BSH2_0h.mzML,521.3949,0,5.78,5.78,5.95,Lys-CDCA,,#N/A
P7_B3_TCDCA_Dny_BSH2_0h.mzML,521.3949,0,5.78,5.78,5.95,Lys-CDCA,,#N/A
P7_B4_TUDCA_Dny_BSH2_0h.mzML,521.3949,0,5.78,5.78,5.95,Lys-CDCA,,#N/A
P7_B5_TCA_Dny_BSH2_0h.mzML,521.3949,0,5.78,5.78,5.95,Lys-CDCA,,#N/A
P7_B6_GLCA_Dny_BSH2_0h.mzML,521.3949,0,5.78,5.78,5.95,Lys-CDCA,,#N/A
P7_B7_GDCA_Dny_BSH2_0h.mzML,521.3949,0,5.78,5.78,5.95,Lys-CDCA,,#N/A
P7_B8_GCDCA_Dny_BSH2_0h.mzML,521.3949,0,5.78,5.78,5.95,Lys-CDCA,,#N/A
P7_B9_GUDCA_Dny_BSH2_0h.mzML,521.3949,0,5.78,5.78,5.95,Lys-CDCA,,#N/A
P7_B10_GCA_Dny_BSH2_0h.mzML,521.3949,0,5.78,5.78,5.95,Lys-CDCA,,#N/A
P7_B11_BHI_50MeOH.mzML,521.3949,0,5.78,5.78,5.95,Lys-CDCA,,#N/A
P7_B12_BHI_50DMSO_25MeOH.mzML,521.3949,0,5.78,5.78,5.95,Lys-CDCA,,#N/A
P7_C1_TLCA_Lgasseri_BSH_0h.mzML,521.3949,0,5.78,5.78,5.95,Lys-CDCA,,#N/A
P7_C2_TDCA_Lgasseri_BSH_0h.mzML,521.3949,0,5.78,5.78,5.95,Lys-CDCA,,#N/A
P7_C3_TCDCA_Lgasseri_BSH_0h.mzML,521.3949,0,5.78,5.78,5.95,Lys-CDCA,,#N/A
P7_C4_TUDCA_Lgasseri_BSH_0h.mzML,521.3949,0,5.78,5.78,5.95,Lys-CDCA,,#N/A
P7_C5_TCA_Lgasseri_BSH_0h.mzML,521.3949,0,5.78,5.78,5.95,Lys-CDCA,,#N/A
P7_C6_GLCA_Lgasseri_BSH_0h.mzML,521.3949,0,5.78,5.78,5.95,Lys-CDCA,,#N/A
P7_C7_GDCA_Lgasseri_BSH_0h.mzML,521.3949,0,5.78,5.78,5.95,Lys-CDCA,,#N/A
P7_C8_GCDCA_Lgasseri_BSH_0h.mzML,521.3949,0,5.78,5.78,5.95,Lys-CDCA,,#N/A
P7_C9_GUDCA_Lgasseri_BSH_0h.mzML,521.3949,0,5.78,5.78,5.95,Lys-CDCA,,#N/A
P7_C10_GCA_Lgasseri_BSH_0h.mzML,521.3949,0,5.78,5.78,5.95,Lys-CDCA,,#N/A
P7_C11_BHI_50MeOH.mzML,521.3949,0,5.78,5.78,5.95,Lys-CDCA,,#N/A
P7_C12_BHI_50DMSO_25MeOH.mzML,521.3949,0,5.78,5.78,5.95,Lys-CDCA,,#N/A
P7_D1_TLCA_LCAG-95_BSH1208_0h.mzML,521.3949,0,5.78,5.78,5.95,Lys-CDCA,,#N/A
P7_D2_TDCA_LCAG-95_BSH1208_0h.mzML,521.3949,0,5.78,5.78,5.95,Lys-CDCA,,#N/A
P7_D3_TCDCA_LCAG-95_BSH1208_0h.mzML,521.3949,0,5.78,5.78,5.95,Lys-CDCA,,#N/A
P7_D4_TUDCA_LCAG-95_BSH1208_0h.mzML,521.3949,0,5.78,5.78,5.95,Lys-CDCA,,#N/A
P7_D5_TCA_LCAG-95_BSH1208_0h.mzML,521.3949,0,5.78,5.78,5.95,Lys-CDCA,,#N/A
P7_D6_GLCA_LCAG-95_BSH1208_0h.mzML,521.3949,0,5.78,5.78,5.95,Lys-CDCA,,#N/A
P7_D7_GDCA_LCAG-95_BSH1208_0h.mzML,521.3949,0,5.78,5.78,5.95,Lys-CDCA,,#N/A
P7_D8_GCDCA_LCAG-95_BSH1208_0h.mzML,521.3949,0,5.78,5.78,5.95,Lys-CDCA,,#N/A
P7_D9_GUDCA_LCAG-95_BSH1208_0h.mzML,521.3949,0,5.78,5.78,5.95,Lys-CDCA,,#N/A
P7_D10_GCA_LCAG-95_BSH1208_0h.mzML,521.3949,0,5.78,5.78,5.95,Lys-CDCA,,#N/A
P7_D11_BHI_50MeOH.mzML,521.3949,0,5.78,5.78,5.95,Lys-CDCA,,#N/A
P7_D12_BHI_50DMSO_25MeOH.mzML,521.3949,0,5.78,5.78,5.95,Lys-CDCA,,#N/A
P7_E1_TLCA_Ep_BSH101_0h.mzML,521.3949,0,5.78,5.78,5.95,Lys-CDCA,,#N/A
P7_E2_TDCA_Ep_BSH101_0h.mzML,521.3949,0,5.78,5.78,5.95,Lys-CDCA,,#N/A
P7_E3_TCDCA_Ep_BSH101_0h.mzML,521.3949,0,5.78,5.78,5.95,Lys-CDCA,,#N/A
P7_E4_TUDCA_Ep_BSH101_0h.mzML,521.3949,0,5.78,5.78,5.95,Lys-CDCA,,#N/A
P7_E5_TCA_Ep_BSH101_0h.mzML,521.3949,0,5.78,5.78,5.95,Lys-CDCA,,#N/A
P7_E6_GLCA_Ep_BSH101_0h.mzML,521.3949,0,5.78,5.78,5.95,Lys-CDCA,,#N/A
P7_E7_GDCA_Ep_BSH101_0h.mzML,521.3949,0,5.78,5.78,5.95,Lys-CDCA,,#N/A
P7_E8_GCDCA_Ep_BSH101_0h.mzML,521.3949,0,5.78,5.78,5.95,Lys-CDCA,,#N/A
P7_E9_GUDCA_Ep_BSH101_0h.mzML,521.3949,0,5.78,5.78,5.95,Lys-CDCA,,#N/A
P7_E10_GCA_Ep_BSH101_0h.mzML,521.3949,0,5.78,5.78,5.95,Lys-CDCA,,#N/A
P7_E11_BHI_50MeOH.mzML,521.3949,0,5.78,5.78,5.95,Lys-CDCA,,#N/A
P7_E12_BHI_50DMSO_25MeOH.mzML,521.3949,0,5.78,5.78,5.95,Lys-CDCA,,#N/A
P7_F1_TLCA_AZ-52_0h.mzML,521.3949,0,5.78,5.78,5.95,Lys-CDCA,,#N/A
P7_F2_TDCA_AZ-52_0h.mzML,521.3949,0,5.78,5.78,5.95,Lys-CDCA,,#N/A
P7_F3_TCDCA_AZ-52_0h.mzML,521.3949,55991,5.89,5.78,5.95,Lys-CDCA,,#N/A
P7_F4_TUDCA_AZ-52_0h.mzML,521.3949,0,5.78,5.78,5.95,Lys-CDCA,,#N/A
P7_F5_TCA_AZ-52_0h.mzML,521.3949,0,5.78,5.78,5.95,Lys-CDCA,,#N/A
P7_F6_GLCA_AZ-52_0h.mzML,521.3949,0,5.78,5.78,5.95,Lys-CDCA,,#N/A
P7_F7_GDCA_AZ-52_0h.mzML,521.3949,0,5.78,5.78,5.95,Lys-CDCA,,#N/A
P7_F8_GCDCA_AZ-52_0h.mzML,521.3949,0,5.78,5.78,5.95,Lys-CDCA,,#N/A
P7_F9_GUDCA_AZ-52_0h.mzML,521.3949,0,5.78,5.78,5.95,Lys-CDCA,,#N/A
P7_F10_GCA_AZ-52_0h.mzML,521.3949,0,5.78,5.78,5.95,Lys-CDCA,,#N/A
P7_F11_BHI_50MeOH.mzML,521.3949,0,5.78,5.78,5.95,Lys-CDCA,,#N/A
P7_F12_BHI_50DMSO_25MeOH.mzML,521.3949,0,5.78,5.78,5.95,Lys-CDCA,,#N/A
P7_G1_TLCA_EcAZ-1-cat_0h.mzML,521.3949,0,5.78,5.78,5.95,Lys-CDCA,,#N/A
P7_G2_TDCA_EcAZ-1-cat_0h.mzML,521.3949,0,5.78,5.78,5.95,Lys-CDCA,,#N/A
P7_G3_TCDCA_EcAZ-1-cat_0h.mzML,521.3949,0,5.78,5.78,5.95,Lys-CDCA,,#N/A
P7_G4_TUDCA_EcAZ-1-cat_0h.mzML,521.3949,0,5.78,5.78,5.95,Lys-CDCA,,#N/A
P7_G5_TCA_EcAZ-1-cat_0h.mzML,521.3949,0,5.78,5.78,5.95,Lys-CDCA,,#N/A
P7_G6_GLCA_EcAZ-1-cat_0h.mzML,521.3949,0,5.78,5.78,5.95,Lys-CDCA,,#N/A
P7_G7_GDCA_EcAZ-1-cat_0h.mzML,521.3949,0,5.78,5.78,5.95,Lys-CDCA,,#N/A
P7_G8_GCDCA_EcAZ-1-cat_0h.mzML,521.3949,0,5.78,5.78,5.95,Lys-CDCA,,#N/A
P7_G9_GUDCA_EcAZ-1-cat_0h.mzML,521.3949,0,5.78,5.78,5.95,Lys-CDCA,,#N/A
P7_G10_GCA_EcAZ-1-cat_0h.mzML,521.3949,0,5.78,5.78,5.95,Lys-CDCA,,#N/A
P7_G11_BHI_50MeOH.mzML,521.3949,0,5.78,5.78,5.95,Lys-CDCA,,#N/A
P7_G12_BHI_50DMSO_25MeOH.mzML,521.3949,0,5.78,5.78,5.95,Lys-CDCA,,#N/A
P7_H1_TLCA_ctrl_0h.mzML,521.3949,0,5.78,5.78,5.95,Lys-CDCA,,#N/A
P7_H2_TDCA_ctrl_0h.mzML,521.3949,0,5.78,5.78,5.95,Lys-CDCA,,#N/A
P7_H3_TCDCA_ctrl_0h.mzML,521.3949,0,5.78,5.78,5.95,Lys-CDCA,,#N/A
P7_H4_TUDCA_ctrl_0h.mzML,521.3949,0,5.78,5.78,5.95,Lys-CDCA,,#N/A
P7_H5_TCA_ctrl_0h.mzML,521.3949,0,5.78,5.78,5.95,Lys-CDCA,,#N/A
P7_H6_GLCA_ctrl_0h.mzML,521.3949,0,5.78,5.78,5.95,Lys-CDCA,,#N/A
P7_H7_GDCA_ctrl_0h.mzML,521.3949,0,5.78,5.78,5.95,Lys-CDCA,,#N/A
P7_H8_GCDCA_ctrl_0h.mzML,521.3949,0,5.78,5.78,5.95,Lys-CDCA,,#N/A
P7_H9_GUDCA_ctrl_0h.mzML,521.3949,0,5.78,5.78,5.95,Lys-CDCA,,#N/A
P7_H10_GCA_ctrl_0h.mzML,521.3949,0,5.78,5.78,5.95,Lys-CDCA,,#N/A
P7_H11_BHI_50MeOH.mzML,521.3949,0,5.78,5.78,5.95,Lys-CDCA,,#N/A
P7_H12_BHI_50DMSO_25MeOH.mzML,521.3949,0,5.78,5.78,5.95,Lys-CDCA,,#N/A
TCA_std.mzML,521.3949,0,5.78,5.78,5.95,Lys-CDCA,,#N/A
TCDCA_std.mzML,521.3949,0,5.78,5.78,5.95,Lys-CDCA,,#N/A
TDCA_std.mzML,521.3949,0,5.78,5.78,5.95,Lys-CDCA,,#N/A
TLCA_std.mzML,521.3949,0,5.78,5.78,5.95,Lys-CDCA,,#N/A
TUDCA_std.mzML,521.3949,0,5.78,5.78,5.95,Lys-CDCA,,#N/A
UDCA_aminoacids.mzML,521.3949,15944,5.86,5.78,5.95,Lys-CDCA,,#N/A
