File Name,Precursor Mz,Area,Retention Time,Start Time,End Time,Molecule,Analyte Concentration,Calculated Concentration
CA_aminoacids.mzML,466.3163,1876709,5.72,5.66,5.84,GCA,,#N/A
CA_DCA_LCA_aminoacids.mzML,466.3163,469079424,5.73,5.66,5.84,GCA,,#N/A
CDCA_aminoacids.mzML,466.3163,0,5.66,5.66,5.84,GCA,,#N/A
DCA_aminoacids.mzML,466.3163,0,5.66,5.66,5.84,GCA,,#N/A
DCA_aminoacids_2.mzML,466.3163,2362482,5.74,5.66,5.84,GCA,,#N/A
GCA_std.mzML,466.3163,350752704,5.74,5.66,5.84,GCA,,#N/A
GCDCA_std.mzML,466.3163,279242,5.83,5.66,5.84,GCA,,#N/A
GDCA_std.mzML,466.3163,36694,5.71,5.66,5.84,GCA,,#N/A
GLCA_std.mzML,466.3163,0,5.66,5.66,5.84,GCA,,#N/A
GUDCA_std.mzML,466.3163,246,5.74,5.66,5.84,GCA,,#N/A
P1_A1_TLCA_Dny_BSH1_48h.mzML,466.3163,0,5.66,5.66,5.84,GCA,,#N/A
P1_A2_TDCA_Dny_BSH1_48h.mzML,466.3163,27335,5.76,5.66,5.84,GCA,,#N/A
P1_A3_TCDCA_Dny_BSH1_48h.mzML,466.3163,0,5.66,5.66,5.84,GCA,,#N/A
P1_A4_TUDCA_Dny_BSH1_48h.mzML,466.3163,0,5.66,5.66,5.84,GCA,,#N/A
P1_A5_TCA_Dny_BSH1_48h.mzML,466.3163,108301,5.75,5.66,5.84,GCA,,#N/A
P1_A6_GLCA_Dny_BSH1_48h.mzML,466.3163,0,5.66,5.66,5.84,GCA,,#N/A
P1_A7_GDCA_Dny_BSH1_48h.mzML,466.3163,0,5.66,5.66,5.84,GCA,,#N/A
P1_A8_GCDCA_Dny_BSH1_48h.mzML,466.3163,20136,5.83,5.66,5.84,GCA,,#N/A
P1_A9_GUDCA_Dny_BSH1_48h.mzML,466.3163,0,5.66,5.66,5.84,GCA,,#N/A
P1_A10_GCA_Dny_BSH1_48h.mzML,466.3163,509022,5.75,5.66,5.84,GCA,,#N/A
P1_A11_BHI_50MeOH.mzML,466.3163,0,5.66,5.66,5.84,GCA,,#N/A
P1_A12_BHI_50DMSO_25MeOH.mzML,466.3163,0,5.66,5.66,5.84,GCA,,#N/A
P1_B1_TLCA_Dny_BSH2_48h.mzML,466.3163,67524,5.74,5.66,5.84,GCA,,#N/A
P1_B2_TDCA_Dny_BSH2_48h.mzML,466.3163,76069,5.74,5.66,5.84,GCA,,#N/A
P1_B3_TCDCA_Dny_BSH2_48h.mzML,466.3163,67789,5.74,5.66,5.84,GCA,,#N/A
P1_B4_TUDCA_Dny_BSH2_48h.mzML,466.3163,75009,5.73,5.66,5.84,GCA,,#N/A
P1_B5_TCA_Dny_BSH2_48h.mzML,466.3163,75811,5.73,5.66,5.84,GCA,,#N/A
P1_B6_GLCA_Dny_BSH2_48h.mzML,466.3163,73357,5.74,5.66,5.84,GCA,,#N/A
P1_B7_GDCA_Dny_BSH2_48h.mzML,466.3163,142803,5.71,5.66,5.84,GCA,,#N/A
P1_B8_GCDCA_Dny_BSH2_48h.mzML,466.3163,389090,5.73,5.66,5.84,GCA,,#N/A
P1_B9_GUDCA_Dny_BSH2_48h.mzML,466.3163,69463,5.74,5.66,5.84,GCA,,#N/A
P1_B10_GCA_Dny_BSH2_48h.mzML,466.3163,522213120,5.72,5.66,5.84,GCA,,#N/A
P1_B11_BHI_50MeOH.mzML,466.3163,86255,5.74,5.66,5.84,GCA,,#N/A
P1_B12_BHI_50DMSO_25MeOH.mzML,466.3163,78591,5.74,5.66,5.84,GCA,,#N/A
P1_C1_TLCA_Lgasseri_BSH_48h.mzML,466.3163,62485,5.74,5.66,5.84,GCA,,#N/A
P1_C2_TDCA_Lgasseri_BSH_48h.mzML,466.3163,70230,5.73,5.66,5.84,GCA,,#N/A
P1_C3_TCDCA_Lgasseri_BSH_48h.mzML,466.3163,63123,5.73,5.66,5.84,GCA,,#N/A
P1_C4_TUDCA_Lgasseri_BSH_48h.mzML,466.3163,73723,5.72,5.66,5.84,GCA,,#N/A
P1_C5_TCA_Lgasseri_BSH_48h.mzML,466.3163,83616,5.72,5.66,5.84,GCA,,#N/A
P1_C6_GLCA_Lgasseri_BSH_48h.mzML,466.3163,75703,5.73,5.66,5.84,GCA,,#N/A
P1_C7_GDCA_Lgasseri_BSH_48h.mzML,466.3163,150245,5.71,5.66,5.84,GCA,,#N/A
P1_C8_GCDCA_Lgasseri_BSH_48h.mzML,466.3163,420428,5.82,5.66,5.84,GCA,,#N/A
P1_C9_GUDCA_Lgasseri_BSH_48h.mzML,466.3163,67986,5.72,5.66,5.84,GCA,,#N/A
P1_C10_GCA_Lgasseri_BSH_48h.mzML,466.3163,521824320,5.74,5.66,5.84,GCA,,#N/A
P1_C11_BHI_50MeOH.mzML,466.3163,78085,5.73,5.66,5.84,GCA,,#N/A
P1_C12_BHI_50DMSO_25MeOH.mzML,466.3163,75664,5.72,5.66,5.84,GCA,,#N/A
P1_D1_TLCA_LCAG-95_BSH1208_48h.mzML,466.3163,6199,5.72,5.66,5.84,GCA,,#N/A
P1_D2_TDCA_LCAG-95_BSH1208_48h.mzML,466.3163,4499,5.71,5.66,5.84,GCA,,#N/A
P1_D3_TCDCA_LCAG-95_BSH1208_48h.mzML,466.3163,8849,5.73,5.66,5.84,GCA,,#N/A
P1_D4_TUDCA_LCAG-95_BSH1208_48h.mzML,466.3163,9705,5.74,5.66,5.84,GCA,,#N/A
P1_D5_TCA_LCAG-95_BSH1208_48h.mzML,466.3163,157033,5.73,5.66,5.84,GCA,,#N/A
P1_D6_GLCA_LCAG-95_BSH1208_48h.mzML,466.3163,6407,5.72,5.66,5.84,GCA,,#N/A
P1_D7_GDCA_LCAG-95_BSH1208_48h.mzML,466.3163,24274,5.73,5.66,5.84,GCA,,#N/A
P1_D8_GCDCA_LCAG-95_BSH1208_48h.mzML,466.3163,77475,5.82,5.66,5.84,GCA,,#N/A
P1_D9_GUDCA_LCAG-95_BSH1208_48h.mzML,466.3163,3058,5.73,5.66,5.84,GCA,,#N/A
P1_D10_GCA_LCAG-95_BSH1208_48h.mzML,466.3163,78371168,5.73,5.66,5.84,GCA,,#N/A
P1_D11_BHI_50MeOH.mzML,466.3163,8190,5.72,5.66,5.84,GCA,,#N/A
P1_D12_BHI_50DMSO_25MeOH.mzML,466.3163,17627,5.71,5.66,5.84,GCA,,#N/A
P1_E1_TLCA_Ep_BSH101_48h.mzML,466.3163,72486,5.73,5.66,5.84,GCA,,#N/A
P1_E2_TDCA_Ep_BSH101_48h.mzML,466.3163,85401,5.72,5.66,5.84,GCA,,#N/A
P1_E3_TCDCA_Ep_BSH101_48h.mzML,466.3163,74262,5.72,5.66,5.84,GCA,,#N/A
P1_E4_TUDCA_Ep_BSH101_48h.mzML,466.3163,79004,5.73,5.66,5.84,GCA,,#N/A
P1_E5_TCA_Ep_BSH101_48h.mzML,466.3163,83064,5.72,5.66,5.84,GCA,,#N/A
P1_E6_GLCA_Ep_BSH101_48h.mzML,466.3163,85908,5.72,5.66,5.84,GCA,,#N/A
P1_E7_GDCA_Ep_BSH101_48h.mzML,466.3163,168293,5.72,5.66,5.84,GCA,,#N/A
P1_E8_GCDCA_Ep_BSH101_48h.mzML,466.3163,481077,5.73,5.66,5.84,GCA,,#N/A
P1_E9_GUDCA_Ep_BSH101_48h.mzML,466.3163,91928,5.73,5.66,5.84,GCA,,#N/A
P1_E10_GCA_Ep_BSH101_48h.mzML,466.3163,595617344,5.74,5.66,5.84,GCA,,#N/A
P1_E11_BHI_50MeOH.mzML,466.3163,88617,5.73,5.66,5.84,GCA,,#N/A
P1_E12_BHI_50DMSO_25MeOH.mzML,466.3163,83892,5.73,5.66,5.84,GCA,,#N/A
P1_F1_TLCA_AZ-52_48h.mzML,466.3163,67496,5.73,5.66,5.84,GCA,,#N/A
P1_F2_TDCA_AZ-52_48h.mzML,466.3163,77534,5.73,5.66,5.84,GCA,,#N/A
P1_F3_TCDCA_AZ-52_48h.mzML,466.3163,75017,5.72,5.66,5.84,GCA,,#N/A
P1_F4_TUDCA_AZ-52_48h.mzML,466.3163,71615,5.72,5.66,5.84,GCA,,#N/A
P1_F5_TCA_AZ-52_48h.mzML,466.3163,94508,5.72,5.66,5.84,GCA,,#N/A
P1_F6_GLCA_AZ-52_48h.mzML,466.3163,80242,5.73,5.66,5.84,GCA,,#N/A
P1_F7_GDCA_AZ-52_48h.mzML,466.3163,152986,5.71,5.66,5.84,GCA,,#N/A
P1_F8_GCDCA_AZ-52_48h.mzML,466.3163,409837,5.83,5.66,5.84,GCA,,#N/A
P1_F9_GUDCA_AZ-52_48h.mzML,466.3163,152262,5.74,5.66,5.84,GCA,,#N/A
P1_F10_GCA_AZ-52_48h.mzML,466.3163,562747648,5.73,5.66,5.84,GCA,,#N/A
P1_F11_BHI_50MeOH.mzML,466.3163,2107280,5.73,5.66,5.84,GCA,,#N/A
P1_F12_BHI_50DMSO_25MeOH.mzML,466.3163,74685,5.73,5.66,5.84,GCA,,#N/A
P1_G1_TLCA_EcAZ-1-cat_48h.mzML,466.3163,66872,5.73,5.66,5.84,GCA,,#N/A
P1_G2_TDCA_EcAZ-1-cat_48h.mzML,466.3163,74657,5.73,5.66,5.84,GCA,,#N/A
P1_G3_TCDCA_EcAZ-1-cat_48h.mzML,466.3163,77524,5.73,5.66,5.84,GCA,,#N/A
P1_G4_TUDCA_EcAZ-1-cat_48h.mzML,466.3163,67805,5.73,5.66,5.84,GCA,,#N/A
P1_G5_TCA_EcAZ-1-cat_48h.mzML,466.3163,73043,5.74,5.66,5.84,GCA,,#N/A
P1_G6_GLCA_EcAZ-1-cat_48h.mzML,466.3163,74349,5.72,5.66,5.84,GCA,,#N/A
P1_G7_GDCA_EcAZ-1-cat_48h.mzML,466.3163,150856,5.73,5.66,5.84,GCA,,#N/A
P1_G8_GCDCA_EcAZ-1-cat_48h.mzML,466.3163,543485,5.73,5.66,5.84,GCA,,#N/A
P1_G9_GUDCA_EcAZ-1-cat_48h.mzML,466.3163,74718,5.75,5.66,5.84,GCA,,#N/A
P1_G10_GCA_EcAZ-1-cat_48h.mzML,466.3163,560544256,5.75,5.66,5.84,GCA,,#N/A
P1_G11_BHI_50MeOH.mzML,466.3163,86129,5.73,5.66,5.84,GCA,,#N/A
P1_G12_BHI_50DMSO_25MeOH.mzML,466.3163,71904,5.73,5.66,5.84,GCA,,#N/A
P1_H1_TLCA_ctrl_48h.mzML,466.3163,92985,5.76,5.66,5.84,GCA,,#N/A
P1_H2_TDCA_ctrl_48h.mzML,466.3163,111539,5.75,5.66,5.84,GCA,,#N/A
P1_H3_TCDCA_ctrl_48h.mzML,466.3163,91941,5.75,5.66,5.84,GCA,,#N/A
P1_H4_TUDCA_ctrl_48h.mzML,466.3163,97384,5.75,5.66,5.84,GCA,,#N/A
P1_H5_TCA_ctrl_48h.mzML,466.3163,83097,5.74,5.66,5.84,GCA,,#N/A
P1_H6_GLCA_ctrl_48h.mzML,466.3163,84015,5.75,5.66,5.84,GCA,,#N/A
P1_H7_GDCA_ctrl_48h.mzML,466.3163,207796,5.75,5.66,5.84,GCA,,#N/A
P1_H8_GCDCA_ctrl_48h.mzML,466.3163,523266,5.73,5.66,5.84,GCA,,#N/A
P1_H9_GUDCA_ctrl_48h.mzML,466.3163,95725,5.74,5.66,5.84,GCA,,#N/A
P1_H10_GCA_ctrl_48h.mzML,466.3163,754847936,5.75,5.66,5.84,GCA,,#N/A
P1_H11_BHI_50MeOH.mzML,466.3163,91262,5.75,5.66,5.84,GCA,,#N/A
P1_H12_BHI_50DMSO_25MeOH.mzML,466.3163,99302,5.74,5.66,5.84,GCA,,#N/A
TCA_std.mzML,466.3163,0,5.66,5.66,5.84,GCA,,#N/A
TCDCA_std.mzML,466.3163,0,5.66,5.66,5.84,GCA,,#N/A
TDCA_std.mzML,466.3163,0,5.66,5.66,5.84,GCA,,#N/A
TLCA_std.mzML,466.3163,0,5.66,5.66,5.84,GCA,,#N/A
TUDCA_std.mzML,466.3163,9158,5.72,5.66,5.84,GCA,,#N/A
UDCA_aminoacids.mzML,466.3163,45056,5.71,5.66,5.84,GCA,,#N/A
CA_aminoacids.mzML,450.3214,3118,7.94,7.87,8.06,GCDCA,,#N/A
CA_DCA_LCA_aminoacids.mzML,450.3214,379471680,7.95,7.87,8.06,GCDCA,,#N/A
CDCA_aminoacids.mzML,450.3214,3723661,7.94,7.87,8.06,GCDCA,,#N/A
DCA_aminoacids.mzML,450.3214,0,7.87,7.87,8.06,GCDCA,,#N/A
DCA_aminoacids_2.mzML,450.3214,167569,7.96,7.87,8.06,GCDCA,,#N/A
GCA_std.mzML,450.3214,98753,7.95,7.87,8.06,GCDCA,,#N/A
GCDCA_std.mzML,450.3214,379850496,7.94,7.87,8.06,GCDCA,,#N/A
GDCA_std.mzML,450.3214,1289816,7.95,7.87,8.06,GCDCA,,#N/A
GLCA_std.mzML,450.3214,35141,7.96,7.87,8.06,GCDCA,,#N/A
GUDCA_std.mzML,450.3214,1784540,7.96,7.87,8.06,GCDCA,,#N/A
P1_A1_TLCA_Dny_BSH1_48h.mzML,450.3214,0,7.87,7.87,8.06,GCDCA,,#N/A
P1_A2_TDCA_Dny_BSH1_48h.mzML,450.3214,0,7.87,7.87,8.06,GCDCA,,#N/A
P1_A3_TCDCA_Dny_BSH1_48h.mzML,450.3214,13094,7.97,7.87,8.06,GCDCA,,#N/A
P1_A4_TUDCA_Dny_BSH1_48h.mzML,450.3214,0,7.87,7.87,8.06,GCDCA,,#N/A
P1_A5_TCA_Dny_BSH1_48h.mzML,450.3214,0,7.87,7.87,8.06,GCDCA,,#N/A
P1_A6_GLCA_Dny_BSH1_48h.mzML,450.3214,44943,7.98,7.87,8.06,GCDCA,,#N/A
P1_A7_GDCA_Dny_BSH1_48h.mzML,450.3214,549,8.03,7.87,8.06,GCDCA,,#N/A
P1_A8_GCDCA_Dny_BSH1_48h.mzML,450.3214,61956,7.98,7.87,8.06,GCDCA,,#N/A
P1_A9_GUDCA_Dny_BSH1_48h.mzML,450.3214,17832,8.02,7.87,8.06,GCDCA,,#N/A
P1_A10_GCA_Dny_BSH1_48h.mzML,450.3214,0,7.87,7.87,8.06,GCDCA,,#N/A
P1_A11_BHI_50MeOH.mzML,450.3214,0,7.87,7.87,8.06,GCDCA,,#N/A
P1_A12_BHI_50DMSO_25MeOH.mzML,450.3214,0,7.87,7.87,8.06,GCDCA,,#N/A
P1_B1_TLCA_Dny_BSH2_48h.mzML,450.3214,376,8.02,7.87,8.06,GCDCA,,#N/A
P1_B2_TDCA_Dny_BSH2_48h.mzML,450.3214,0,7.87,7.87,8.06,GCDCA,,#N/A
P1_B3_TCDCA_Dny_BSH2_48h.mzML,450.3214,10493,7.97,7.87,8.06,GCDCA,,#N/A
P1_B4_TUDCA_Dny_BSH2_48h.mzML,450.3214,0,7.87,7.87,8.06,GCDCA,,#N/A
P1_B5_TCA_Dny_BSH2_48h.mzML,450.3214,0,7.87,7.87,8.06,GCDCA,,#N/A
P1_B6_GLCA_Dny_BSH2_48h.mzML,450.3214,156623,7.98,7.87,8.06,GCDCA,,#N/A
P1_B7_GDCA_Dny_BSH2_48h.mzML,450.3214,879,7.98,7.87,8.06,GCDCA,,#N/A
P1_B8_GCDCA_Dny_BSH2_48h.mzML,450.3214,359633024,7.97,7.87,8.06,GCDCA,,#N/A
P1_B9_GUDCA_Dny_BSH2_48h.mzML,450.3214,2848803,7.96,7.87,8.06,GCDCA,,#N/A
P1_B10_GCA_Dny_BSH2_48h.mzML,450.3214,24735,7.96,7.87,8.06,GCDCA,,#N/A
P1_B11_BHI_50MeOH.mzML,450.3214,0,7.87,7.87,8.06,GCDCA,,#N/A
P1_B12_BHI_50DMSO_25MeOH.mzML,450.3214,0,7.87,7.87,8.06,GCDCA,,#N/A
P1_C1_TLCA_Lgasseri_BSH_48h.mzML,450.3214,749,7.98,7.87,8.06,GCDCA,,#N/A
P1_C2_TDCA_Lgasseri_BSH_48h.mzML,450.3214,0,7.87,7.87,8.06,GCDCA,,#N/A
P1_C3_TCDCA_Lgasseri_BSH_48h.mzML,450.3214,22971,7.96,7.87,8.06,GCDCA,,#N/A
P1_C4_TUDCA_Lgasseri_BSH_48h.mzML,450.3214,0,7.87,7.87,8.06,GCDCA,,#N/A
P1_C5_TCA_Lgasseri_BSH_48h.mzML,450.3214,826,7.98,7.87,8.06,GCDCA,,#N/A
P1_C6_GLCA_Lgasseri_BSH_48h.mzML,450.3214,171773,7.96,7.87,8.06,GCDCA,,#N/A
P1_C7_GDCA_Lgasseri_BSH_48h.mzML,450.3214,365223,7.94,7.87,8.06,GCDCA,,#N/A
P1_C8_GCDCA_Lgasseri_BSH_48h.mzML,450.3214,130181912,7.95,7.87,8.06,GCDCA,,#N/A
P1_C9_GUDCA_Lgasseri_BSH_48h.mzML,450.3214,913039,7.95,7.87,8.06,GCDCA,,#N/A
P1_C10_GCA_Lgasseri_BSH_48h.mzML,450.3214,10224,7.96,7.87,8.06,GCDCA,,#N/A
P1_C11_BHI_50MeOH.mzML,450.3214,1756,7.99,7.87,8.06,GCDCA,,#N/A
P1_C12_BHI_50DMSO_25MeOH.mzML,450.3214,607,7.98,7.87,8.06,GCDCA,,#N/A
P1_D1_TLCA_LCAG-95_BSH1208_48h.mzML,450.3214,516,7.98,7.87,8.06,GCDCA,,#N/A
P1_D2_TDCA_LCAG-95_BSH1208_48h.mzML,450.3214,0,7.87,7.87,8.06,GCDCA,,#N/A
P1_D3_TCDCA_LCAG-95_BSH1208_48h.mzML,450.3214,21723,7.94,7.87,8.06,GCDCA,,#N/A
P1_D4_TUDCA_LCAG-95_BSH1208_48h.mzML,450.3214,0,7.87,7.87,8.06,GCDCA,,#N/A
P1_D5_TCA_LCAG-95_BSH1208_48h.mzML,450.3214,0,7.87,7.87,8.06,GCDCA,,#N/A
P1_D6_GLCA_LCAG-95_BSH1208_48h.mzML,450.3214,45121,7.96,7.87,8.06,GCDCA,,#N/A
P1_D7_GDCA_LCAG-95_BSH1208_48h.mzML,450.3214,0,7.87,7.87,8.06,GCDCA,,#N/A
P1_D8_GCDCA_LCAG-95_BSH1208_48h.mzML,450.3214,35113,7.96,7.87,8.06,GCDCA,,#N/A
P1_D9_GUDCA_LCAG-95_BSH1208_48h.mzML,450.3214,0,7.87,7.87,8.06,GCDCA,,#N/A
P1_D10_GCA_LCAG-95_BSH1208_48h.mzML,450.3214,0,7.87,7.87,8.06,GCDCA,,#N/A
P1_D11_BHI_50MeOH.mzML,450.3214,352,7.98,7.87,8.06,GCDCA,,#N/A
P1_D12_BHI_50DMSO_25MeOH.mzML,450.3214,0,7.87,7.87,8.06,GCDCA,,#N/A
P1_E1_TLCA_Ep_BSH101_48h.mzML,450.3214,0,7.87,7.87,8.06,GCDCA,,#N/A
P1_E2_TDCA_Ep_BSH101_48h.mzML,450.3214,980,7.97,7.87,8.06,GCDCA,,#N/A
P1_E3_TCDCA_Ep_BSH101_48h.mzML,450.3214,17364,7.95,7.87,8.06,GCDCA,,#N/A
P1_E4_TUDCA_Ep_BSH101_48h.mzML,450.3214,0,7.87,7.87,8.06,GCDCA,,#N/A
P1_E5_TCA_Ep_BSH101_48h.mzML,450.3214,1007,7.94,7.87,8.06,GCDCA,,#N/A
P1_E6_GLCA_Ep_BSH101_48h.mzML,450.3214,205196,7.95,7.87,8.06,GCDCA,,#N/A
P1_E7_GDCA_Ep_BSH101_48h.mzML,450.3214,0,7.87,7.87,8.06,GCDCA,,#N/A
P1_E8_GCDCA_Ep_BSH101_48h.mzML,450.3214,397290176,7.95,7.87,8.06,GCDCA,,#N/A
P1_E9_GUDCA_Ep_BSH101_48h.mzML,450.3214,3165300,7.95,7.87,8.06,GCDCA,,#N/A
P1_E10_GCA_Ep_BSH101_48h.mzML,450.3214,83782,7.96,7.87,8.06,GCDCA,,#N/A
P1_E11_BHI_50MeOH.mzML,450.3214,0,7.87,7.87,8.06,GCDCA,,#N/A
P1_E12_BHI_50DMSO_25MeOH.mzML,450.3214,1076,7.96,7.87,8.06,GCDCA,,#N/A
P1_F1_TLCA_AZ-52_48h.mzML,450.3214,0,7.87,7.87,8.06,GCDCA,,#N/A
P1_F2_TDCA_AZ-52_48h.mzML,450.3214,0,7.87,7.87,8.06,GCDCA,,#N/A
P1_F3_TCDCA_AZ-52_48h.mzML,450.3214,53527,7.96,7.87,8.06,GCDCA,,#N/A
P1_F4_TUDCA_AZ-52_48h.mzML,450.3214,0,7.87,7.87,8.06,GCDCA,,#N/A
P1_F5_TCA_AZ-52_48h.mzML,450.3214,0,7.87,7.87,8.06,GCDCA,,#N/A
P1_F6_GLCA_AZ-52_48h.mzML,450.3214,176897,7.96,7.87,8.06,GCDCA,,#N/A
P1_F7_GDCA_AZ-52_48h.mzML,450.3214,730,8.01,7.87,8.06,GCDCA,,#N/A
P1_F8_GCDCA_AZ-52_48h.mzML,450.3214,161351216,7.96,7.87,8.06,GCDCA,,#N/A
P1_F9_GUDCA_AZ-52_48h.mzML,450.3214,1584085,7.95,7.87,8.06,GCDCA,,#N/A
P1_F10_GCA_AZ-52_48h.mzML,450.3214,7360,7.95,7.87,8.06,GCDCA,,#N/A
P1_F11_BHI_50MeOH.mzML,450.3214,1705,7.97,7.87,8.06,GCDCA,,#N/A
P1_F12_BHI_50DMSO_25MeOH.mzML,450.3214,0,7.87,7.87,8.06,GCDCA,,#N/A
P1_G1_TLCA_EcAZ-1-cat_48h.mzML,450.3214,0,7.87,7.87,8.06,GCDCA,,#N/A
P1_G2_TDCA_EcAZ-1-cat_48h.mzML,450.3214,761,7.97,7.87,8.06,GCDCA,,#N/A
P1_G3_TCDCA_EcAZ-1-cat_48h.mzML,450.3214,6504,7.95,7.87,8.06,GCDCA,,#N/A
P1_G4_TUDCA_EcAZ-1-cat_48h.mzML,450.3214,658,8.01,7.87,8.06,GCDCA,,#N/A
P1_G5_TCA_EcAZ-1-cat_48h.mzML,450.3214,0,7.87,7.87,8.06,GCDCA,,#N/A
P1_G6_GLCA_EcAZ-1-cat_48h.mzML,450.3214,168629,7.96,7.87,8.06,GCDCA,,#N/A
P1_G7_GDCA_EcAZ-1-cat_48h.mzML,450.3214,1022,8.03,7.87,8.06,GCDCA,,#N/A
P1_G8_GCDCA_EcAZ-1-cat_48h.mzML,450.3214,317078208,7.96,7.87,8.06,GCDCA,,#N/A
P1_G9_GUDCA_EcAZ-1-cat_48h.mzML,450.3214,1857231,7.97,7.87,8.06,GCDCA,,#N/A
P1_G10_GCA_EcAZ-1-cat_48h.mzML,450.3214,17779,7.97,7.87,8.06,GCDCA,,#N/A
P1_G11_BHI_50MeOH.mzML,450.3214,0,7.87,7.87,8.06,GCDCA,,#N/A
P1_G12_BHI_50DMSO_25MeOH.mzML,450.3214,0,7.87,7.87,8.06,GCDCA,,#N/A
P1_H1_TLCA_ctrl_48h.mzML,450.3214,1005,7.98,7.87,8.06,GCDCA,,#N/A
P1_H2_TDCA_ctrl_48h.mzML,450.3214,3331,7.99,7.87,8.06,GCDCA,,#N/A
P1_H3_TCDCA_ctrl_48h.mzML,450.3214,6912,7.97,7.87,8.06,GCDCA,,#N/A
P1_H4_TUDCA_ctrl_48h.mzML,450.3214,1425,7.99,7.87,8.06,GCDCA,,#N/A
P1_H5_TCA_ctrl_48h.mzML,450.3214,0,7.87,7.87,8.06,GCDCA,,#N/A
P1_H6_GLCA_ctrl_48h.mzML,450.3214,156118,7.98,7.87,8.06,GCDCA,,#N/A
P1_H7_GDCA_ctrl_48h.mzML,450.3214,18563,7.96,7.87,8.06,GCDCA,,#N/A
P1_H8_GCDCA_ctrl_48h.mzML,450.3214,441151424,7.97,7.87,8.06,GCDCA,,#N/A
P1_H9_GUDCA_ctrl_48h.mzML,450.3214,5321476,7.98,7.87,8.06,GCDCA,,#N/A
P1_H10_GCA_ctrl_48h.mzML,450.3214,51539,7.97,7.87,8.06,GCDCA,,#N/A
P1_H11_BHI_50MeOH.mzML,450.3214,1425,7.99,7.87,8.06,GCDCA,,#N/A
P1_H12_BHI_50DMSO_25MeOH.mzML,450.3214,736,8,7.87,8.06,GCDCA,,#N/A
TCA_std.mzML,450.3214,0,7.87,7.87,8.06,GCDCA,,#N/A
TCDCA_std.mzML,450.3214,0,7.87,7.87,8.06,GCDCA,,#N/A
TDCA_std.mzML,450.3214,0,7.87,7.87,8.06,GCDCA,,#N/A
TLCA_std.mzML,450.3214,0,7.87,7.87,8.06,GCDCA,,#N/A
TUDCA_std.mzML,450.3214,32856,7.96,7.87,8.06,GCDCA,,#N/A
UDCA_aminoacids.mzML,450.3214,37461,7.94,7.87,8.06,GCDCA,,#N/A
CA_aminoacids.mzML,450.3214,28218,8.27,8.2,8.45,GDCA,,#N/A
CA_DCA_LCA_aminoacids.mzML,450.3214,12116645,8.27,8.2,8.45,GDCA,,#N/A
CDCA_aminoacids.mzML,450.3214,0,8.2,8.2,8.45,GDCA,,#N/A
DCA_aminoacids.mzML,450.3214,11902321,8.27,8.2,8.45,GDCA,,#N/A
DCA_aminoacids_2.mzML,450.3214,2270916608,8.28,8.2,8.45,GDCA,,#N/A
GCA_std.mzML,450.3214,746112,8.27,8.2,8.45,GDCA,,#N/A
GCDCA_std.mzML,450.3214,608164,8.21,8.2,8.45,GDCA,,#N/A
GDCA_std.mzML,450.3214,579270656,8.28,8.2,8.45,GDCA,,#N/A
GLCA_std.mzML,450.3214,16782,8.28,8.2,8.45,GDCA,,#N/A
GUDCA_std.mzML,450.3214,99095,8.29,8.2,8.45,GDCA,,#N/A
P1_A1_TLCA_Dny_BSH1_48h.mzML,450.3214,41027,8.34,8.2,8.45,GDCA,,#N/A
P1_A2_TDCA_Dny_BSH1_48h.mzML,450.3214,671229,8.29,8.2,8.45,GDCA,,#N/A
P1_A3_TCDCA_Dny_BSH1_48h.mzML,450.3214,22302,8.33,8.2,8.45,GDCA,,#N/A
P1_A4_TUDCA_Dny_BSH1_48h.mzML,450.3214,42004,8.33,8.2,8.45,GDCA,,#N/A
P1_A5_TCA_Dny_BSH1_48h.mzML,450.3214,32084,8.34,8.2,8.45,GDCA,,#N/A
P1_A6_GLCA_Dny_BSH1_48h.mzML,450.3214,25328,8.33,8.2,8.45,GDCA,,#N/A
P1_A7_GDCA_Dny_BSH1_48h.mzML,450.3214,311511,8.29,8.2,8.45,GDCA,,#N/A
P1_A8_GCDCA_Dny_BSH1_48h.mzML,450.3214,28027,8.33,8.2,8.45,GDCA,,#N/A
P1_A9_GUDCA_Dny_BSH1_48h.mzML,450.3214,69393,8.34,8.2,8.45,GDCA,,#N/A
P1_A10_GCA_Dny_BSH1_48h.mzML,450.3214,21393,8.33,8.2,8.45,GDCA,,#N/A
P1_A11_BHI_50MeOH.mzML,450.3214,26643,8.33,8.2,8.45,GDCA,,#N/A
P1_A12_BHI_50DMSO_25MeOH.mzML,450.3214,37244,8.33,8.2,8.45,GDCA,,#N/A
P1_B1_TLCA_Dny_BSH2_48h.mzML,450.3214,70950,8.32,8.2,8.45,GDCA,,#N/A
P1_B2_TDCA_Dny_BSH2_48h.mzML,450.3214,81871,8.3,8.2,8.45,GDCA,,#N/A
P1_B3_TCDCA_Dny_BSH2_48h.mzML,450.3214,77380,8.32,8.2,8.45,GDCA,,#N/A
P1_B4_TUDCA_Dny_BSH2_48h.mzML,450.3214,51762,8.3,8.2,8.45,GDCA,,#N/A
P1_B5_TCA_Dny_BSH2_48h.mzML,450.3214,71100,8.29,8.2,8.45,GDCA,,#N/A
P1_B6_GLCA_Dny_BSH2_48h.mzML,450.3214,157245,8.29,8.2,8.45,GDCA,,#N/A
P1_B7_GDCA_Dny_BSH2_48h.mzML,450.3214,1353802496,8.27,8.2,8.45,GDCA,,#N/A
P1_B8_GCDCA_Dny_BSH2_48h.mzML,450.3214,177549,8.3,8.2,8.45,GDCA,,#N/A
P1_B9_GUDCA_Dny_BSH2_48h.mzML,450.3214,467629,8.44,8.2,8.45,GDCA,,#N/A
P1_B10_GCA_Dny_BSH2_48h.mzML,450.3214,142035,8.29,8.2,8.45,GDCA,,#N/A
P1_B11_BHI_50MeOH.mzML,450.3214,92858,8.32,8.2,8.45,GDCA,,#N/A
P1_B12_BHI_50DMSO_25MeOH.mzML,450.3214,81977,8.33,8.2,8.45,GDCA,,#N/A
P1_C1_TLCA_Lgasseri_BSH_48h.mzML,450.3214,57793,8.33,8.2,8.45,GDCA,,#N/A
P1_C2_TDCA_Lgasseri_BSH_48h.mzML,450.3214,167846,8.28,8.2,8.45,GDCA,,#N/A
P1_C3_TCDCA_Lgasseri_BSH_48h.mzML,450.3214,59461,8.33,8.2,8.45,GDCA,,#N/A
P1_C4_TUDCA_Lgasseri_BSH_48h.mzML,450.3214,93366,8.31,8.2,8.45,GDCA,,#N/A
P1_C5_TCA_Lgasseri_BSH_48h.mzML,450.3214,61356,8.31,8.2,8.45,GDCA,,#N/A
P1_C6_GLCA_Lgasseri_BSH_48h.mzML,450.3214,516824,8.28,8.2,8.45,GDCA,,#N/A
P1_C7_GDCA_Lgasseri_BSH_48h.mzML,450.3214,1047353216,8.28,8.2,8.45,GDCA,,#N/A
P1_C8_GCDCA_Lgasseri_BSH_48h.mzML,450.3214,5998989,8.27,8.2,8.45,GDCA,,#N/A
P1_C9_GUDCA_Lgasseri_BSH_48h.mzML,450.3214,374919,8.42,8.2,8.45,GDCA,,#N/A
P1_C10_GCA_Lgasseri_BSH_48h.mzML,450.3214,83015,8.29,8.2,8.45,GDCA,,#N/A
P1_C11_BHI_50MeOH.mzML,450.3214,88293,8.33,8.2,8.45,GDCA,,#N/A
P1_C12_BHI_50DMSO_25MeOH.mzML,450.3214,84286,8.32,8.2,8.45,GDCA,,#N/A
P1_D1_TLCA_LCAG-95_BSH1208_48h.mzML,450.3214,19696,8.32,8.2,8.45,GDCA,,#N/A
P1_D2_TDCA_LCAG-95_BSH1208_48h.mzML,450.3214,447686,8.27,8.2,8.45,GDCA,,#N/A
P1_D3_TCDCA_LCAG-95_BSH1208_48h.mzML,450.3214,25095,8.32,8.2,8.45,GDCA,,#N/A
P1_D4_TUDCA_LCAG-95_BSH1208_48h.mzML,450.3214,21928,8.32,8.2,8.45,GDCA,,#N/A
P1_D5_TCA_LCAG-95_BSH1208_48h.mzML,450.3214,21858,8.3,8.2,8.45,GDCA,,#N/A
P1_D6_GLCA_LCAG-95_BSH1208_48h.mzML,450.3214,35867,8.34,8.2,8.45,GDCA,,#N/A
P1_D7_GDCA_LCAG-95_BSH1208_48h.mzML,450.3214,15149963,8.28,8.2,8.45,GDCA,,#N/A
P1_D8_GCDCA_LCAG-95_BSH1208_48h.mzML,450.3214,29573,8.32,8.2,8.45,GDCA,,#N/A
P1_D9_GUDCA_LCAG-95_BSH1208_48h.mzML,450.3214,29860,8.32,8.2,8.45,GDCA,,#N/A
P1_D10_GCA_LCAG-95_BSH1208_48h.mzML,450.3214,37400,8.32,8.2,8.45,GDCA,,#N/A
P1_D11_BHI_50MeOH.mzML,450.3214,26480,8.32,8.2,8.45,GDCA,,#N/A
P1_D12_BHI_50DMSO_25MeOH.mzML,450.3214,20081,8.33,8.2,8.45,GDCA,,#N/A
P1_E1_TLCA_Ep_BSH101_48h.mzML,450.3214,80730,8.29,8.2,8.45,GDCA,,#N/A
P1_E2_TDCA_Ep_BSH101_48h.mzML,450.3214,91242,8.27,8.2,8.45,GDCA,,#N/A
P1_E3_TCDCA_Ep_BSH101_48h.mzML,450.3214,89724,8.32,8.2,8.45,GDCA,,#N/A
P1_E4_TUDCA_Ep_BSH101_48h.mzML,450.3214,88813,8.28,8.2,8.45,GDCA,,#N/A
P1_E5_TCA_Ep_BSH101_48h.mzML,450.3214,89252,8.29,8.2,8.45,GDCA,,#N/A
P1_E6_GLCA_Ep_BSH101_48h.mzML,450.3214,154363,8.28,8.2,8.45,GDCA,,#N/A
P1_E7_GDCA_Ep_BSH101_48h.mzML,450.3214,1649950720,8.26,8.2,8.45,GDCA,,#N/A
P1_E8_GCDCA_Ep_BSH101_48h.mzML,450.3214,1251423,8.26,8.2,8.45,GDCA,,#N/A
P1_E9_GUDCA_Ep_BSH101_48h.mzML,450.3214,174432,8.28,8.2,8.45,GDCA,,#N/A
P1_E10_GCA_Ep_BSH101_48h.mzML,450.3214,159067,8.29,8.2,8.45,GDCA,,#N/A
P1_E11_BHI_50MeOH.mzML,450.3214,92223,8.32,8.2,8.45,GDCA,,#N/A
P1_E12_BHI_50DMSO_25MeOH.mzML,450.3214,108623,8.32,8.2,8.45,GDCA,,#N/A
P1_F1_TLCA_AZ-52_48h.mzML,450.3214,65353,8.28,8.2,8.45,GDCA,,#N/A
P1_F2_TDCA_AZ-52_48h.mzML,450.3214,348575,8.27,8.2,8.45,GDCA,,#N/A
P1_F3_TCDCA_AZ-52_48h.mzML,450.3214,81943,8.33,8.2,8.45,GDCA,,#N/A
P1_F4_TUDCA_AZ-52_48h.mzML,450.3214,72743,8.33,8.2,8.45,GDCA,,#N/A
P1_F5_TCA_AZ-52_48h.mzML,450.3214,61557,8.32,8.2,8.45,GDCA,,#N/A
P1_F6_GLCA_AZ-52_48h.mzML,450.3214,162183,8.27,8.2,8.45,GDCA,,#N/A
P1_F7_GDCA_AZ-52_48h.mzML,450.3214,1470356224,8.28,8.2,8.45,GDCA,,#N/A
P1_F8_GCDCA_AZ-52_48h.mzML,450.3214,628414,8.2,8.2,8.45,GDCA,,#N/A
P1_F9_GUDCA_AZ-52_48h.mzML,450.3214,215332,8.29,8.2,8.45,GDCA,,#N/A
P1_F10_GCA_AZ-52_48h.mzML,450.3214,141836,8.28,8.2,8.45,GDCA,,#N/A
P1_F11_BHI_50MeOH.mzML,450.3214,77986,8.33,8.2,8.45,GDCA,,#N/A
P1_F12_BHI_50DMSO_25MeOH.mzML,450.3214,79857,8.32,8.2,8.45,GDCA,,#N/A
P1_G1_TLCA_EcAZ-1-cat_48h.mzML,450.3214,62049,8.28,8.2,8.45,GDCA,,#N/A
P1_G2_TDCA_EcAZ-1-cat_48h.mzML,450.3214,95134,8.35,8.2,8.45,GDCA,,#N/A
P1_G3_TCDCA_EcAZ-1-cat_48h.mzML,450.3214,82678,8.35,8.2,8.45,GDCA,,#N/A
P1_G4_TUDCA_EcAZ-1-cat_48h.mzML,450.3214,88414,8.35,8.2,8.45,GDCA,,#N/A
P1_G5_TCA_EcAZ-1-cat_48h.mzML,450.3214,76702,8.35,8.2,8.45,GDCA,,#N/A
P1_G6_GLCA_EcAZ-1-cat_48h.mzML,450.3214,163621,8.27,8.2,8.45,GDCA,,#N/A
P1_G7_GDCA_EcAZ-1-cat_48h.mzML,450.3214,1646492032,8.29,8.2,8.45,GDCA,,#N/A
P1_G8_GCDCA_EcAZ-1-cat_48h.mzML,450.3214,549091,8.2,8.2,8.45,GDCA,,#N/A
P1_G9_GUDCA_EcAZ-1-cat_48h.mzML,450.3214,167018,8.28,8.2,8.45,GDCA,,#N/A
P1_G10_GCA_EcAZ-1-cat_48h.mzML,450.3214,161290,8.36,8.2,8.45,GDCA,,#N/A
P1_G11_BHI_50MeOH.mzML,450.3214,85447,8.34,8.2,8.45,GDCA,,#N/A
P1_G12_BHI_50DMSO_25MeOH.mzML,450.3214,86924,8.34,8.2,8.45,GDCA,,#N/A
P1_H1_TLCA_ctrl_48h.mzML,450.3214,51389,8.31,8.2,8.45,GDCA,,#N/A
P1_H2_TDCA_ctrl_48h.mzML,450.3214,62858,8.31,8.2,8.45,GDCA,,#N/A
P1_H3_TCDCA_ctrl_48h.mzML,450.3214,85982,8.37,8.2,8.45,GDCA,,#N/A
P1_H4_TUDCA_ctrl_48h.mzML,450.3214,60176,8.3,8.2,8.45,GDCA,,#N/A
P1_H5_TCA_ctrl_48h.mzML,450.3214,43283,8.29,8.2,8.45,GDCA,,#N/A
P1_H6_GLCA_ctrl_48h.mzML,450.3214,96463,8.31,8.2,8.45,GDCA,,#N/A
P1_H7_GDCA_ctrl_48h.mzML,450.3214,1660372352,8.3,8.2,8.45,GDCA,,#N/A
P1_H8_GCDCA_ctrl_48h.mzML,450.3214,1059527,8.2,8.2,8.45,GDCA,,#N/A
P1_H9_GUDCA_ctrl_48h.mzML,450.3214,224846,8.31,8.2,8.45,GDCA,,#N/A
P1_H10_GCA_ctrl_48h.mzML,450.3214,127005,8.3,8.2,8.45,GDCA,,#N/A
P1_H11_BHI_50MeOH.mzML,450.3214,47612,8.3,8.2,8.45,GDCA,,#N/A
P1_H12_BHI_50DMSO_25MeOH.mzML,450.3214,49787,8.29,8.2,8.45,GDCA,,#N/A
TCA_std.mzML,450.3214,0,8.2,8.2,8.45,GDCA,,#N/A
TCDCA_std.mzML,450.3214,0,8.2,8.2,8.45,GDCA,,#N/A
TDCA_std.mzML,450.3214,0,8.2,8.2,8.45,GDCA,,#N/A
TLCA_std.mzML,450.3214,0,8.2,8.2,8.45,GDCA,,#N/A
TUDCA_std.mzML,450.3214,10580,8.28,8.2,8.45,GDCA,,#N/A
UDCA_aminoacids.mzML,450.3214,83373,8.27,8.2,8.45,GDCA,,#N/A
CA_aminoacids.mzML,434.3265,0,8.76,8.76,8.95,GLCA,,#N/A
CA_DCA_LCA_aminoacids.mzML,434.3265,207625648,8.84,8.76,8.95,GLCA,,#N/A
CDCA_aminoacids.mzML,434.3265,19784,8.76,8.76,8.95,GLCA,,#N/A
DCA_aminoacids.mzML,434.3265,226813,8.78,8.76,8.95,GLCA,,#N/A
DCA_aminoacids_2.mzML,434.3265,277587,8.78,8.76,8.95,GLCA,,#N/A
GCA_std.mzML,434.3265,12130,8.78,8.76,8.95,GLCA,,#N/A
GCDCA_std.mzML,434.3265,225645,8.84,8.76,8.95,GLCA,,#N/A
GDCA_std.mzML,434.3265,11901,8.76,8.76,8.95,GLCA,,#N/A
GLCA_std.mzML,434.3265,69184232,8.84,8.76,8.95,GLCA,,#N/A
GUDCA_std.mzML,434.3265,211482,8.85,8.76,8.95,GLCA,,#N/A
P1_A1_TLCA_Dny_BSH1_48h.mzML,434.3265,69702,8.76,8.76,8.95,GLCA,,#N/A
P1_A2_TDCA_Dny_BSH1_48h.mzML,434.3265,18279,8.84,8.76,8.95,GLCA,,#N/A
P1_A3_TCDCA_Dny_BSH1_48h.mzML,434.3265,51364,8.76,8.76,8.95,GLCA,,#N/A
P1_A4_TUDCA_Dny_BSH1_48h.mzML,434.3265,50532,8.76,8.76,8.95,GLCA,,#N/A
P1_A5_TCA_Dny_BSH1_48h.mzML,434.3265,35200,8.78,8.76,8.95,GLCA,,#N/A
P1_A6_GLCA_Dny_BSH1_48h.mzML,434.3265,30675166,8.84,8.76,8.95,GLCA,,#N/A
P1_A7_GDCA_Dny_BSH1_48h.mzML,434.3265,139857,8.76,8.76,8.95,GLCA,,#N/A
P1_A8_GCDCA_Dny_BSH1_48h.mzML,434.3265,75548,8.76,8.76,8.95,GLCA,,#N/A
P1_A9_GUDCA_Dny_BSH1_48h.mzML,434.3265,18698,8.76,8.76,8.95,GLCA,,#N/A
P1_A10_GCA_Dny_BSH1_48h.mzML,434.3265,57193,8.76,8.76,8.95,GLCA,,#N/A
P1_A11_BHI_50MeOH.mzML,434.3265,68800,8.77,8.76,8.95,GLCA,,#N/A
P1_A12_BHI_50DMSO_25MeOH.mzML,434.3265,43685,8.76,8.76,8.95,GLCA,,#N/A
P1_B1_TLCA_Dny_BSH2_48h.mzML,434.3265,108824,8.76,8.76,8.95,GLCA,,#N/A
P1_B2_TDCA_Dny_BSH2_48h.mzML,434.3265,50027,8.76,8.76,8.95,GLCA,,#N/A
P1_B3_TCDCA_Dny_BSH2_48h.mzML,434.3265,59972,8.76,8.76,8.95,GLCA,,#N/A
P1_B4_TUDCA_Dny_BSH2_48h.mzML,434.3265,27748,8.79,8.76,8.95,GLCA,,#N/A
P1_B5_TCA_Dny_BSH2_48h.mzML,434.3265,16866,8.76,8.76,8.95,GLCA,,#N/A
P1_B6_GLCA_Dny_BSH2_48h.mzML,434.3265,305377984,8.84,8.76,8.95,GLCA,,#N/A
P1_B7_GDCA_Dny_BSH2_48h.mzML,434.3265,702682,8.85,8.76,8.95,GLCA,,#N/A
P1_B8_GCDCA_Dny_BSH2_48h.mzML,434.3265,338227,8.85,8.76,8.95,GLCA,,#N/A
P1_B9_GUDCA_Dny_BSH2_48h.mzML,434.3265,72616,8.76,8.76,8.95,GLCA,,#N/A
P1_B10_GCA_Dny_BSH2_48h.mzML,434.3265,102465,8.76,8.76,8.95,GLCA,,#N/A
P1_B11_BHI_50MeOH.mzML,434.3265,79073,8.76,8.76,8.95,GLCA,,#N/A
P1_B12_BHI_50DMSO_25MeOH.mzML,434.3265,23726,8.76,8.76,8.95,GLCA,,#N/A
P1_C1_TLCA_Lgasseri_BSH_48h.mzML,434.3265,13746,8.84,8.76,8.95,GLCA,,#N/A
P1_C2_TDCA_Lgasseri_BSH_48h.mzML,434.3265,27030,8.76,8.76,8.95,GLCA,,#N/A
P1_C3_TCDCA_Lgasseri_BSH_48h.mzML,434.3265,76623,8.76,8.76,8.95,GLCA,,#N/A
P1_C4_TUDCA_Lgasseri_BSH_48h.mzML,434.3265,77942,8.76,8.76,8.95,GLCA,,#N/A
P1_C5_TCA_Lgasseri_BSH_48h.mzML,434.3265,29667,8.77,8.76,8.95,GLCA,,#N/A
P1_C6_GLCA_Lgasseri_BSH_48h.mzML,434.3265,145755136,8.85,8.76,8.95,GLCA,,#N/A
P1_C7_GDCA_Lgasseri_BSH_48h.mzML,434.3265,367538,8.76,8.76,8.95,GLCA,,#N/A
P1_C8_GCDCA_Lgasseri_BSH_48h.mzML,434.3265,123934,8.76,8.76,8.95,GLCA,,#N/A
P1_C9_GUDCA_Lgasseri_BSH_48h.mzML,434.3265,111116,8.76,8.76,8.95,GLCA,,#N/A
P1_C10_GCA_Lgasseri_BSH_48h.mzML,434.3265,62835,8.76,8.76,8.95,GLCA,,#N/A
P1_C11_BHI_50MeOH.mzML,434.3265,44372,8.76,8.76,8.95,GLCA,,#N/A
P1_C12_BHI_50DMSO_25MeOH.mzML,434.3265,36805,8.76,8.76,8.95,GLCA,,#N/A
P1_D1_TLCA_LCAG-95_BSH1208_48h.mzML,434.3265,44208,8.78,8.76,8.95,GLCA,,#N/A
P1_D2_TDCA_LCAG-95_BSH1208_48h.mzML,434.3265,29968,8.88,8.76,8.95,GLCA,,#N/A
P1_D3_TCDCA_LCAG-95_BSH1208_48h.mzML,434.3265,37939,8.76,8.76,8.95,GLCA,,#N/A
P1_D4_TUDCA_LCAG-95_BSH1208_48h.mzML,434.3265,62782,8.76,8.76,8.95,GLCA,,#N/A
P1_D5_TCA_LCAG-95_BSH1208_48h.mzML,434.3265,30486,8.76,8.76,8.95,GLCA,,#N/A
P1_D6_GLCA_LCAG-95_BSH1208_48h.mzML,434.3265,12566710,8.85,8.76,8.95,GLCA,,#N/A
P1_D7_GDCA_LCAG-95_BSH1208_48h.mzML,434.3265,86455,8.76,8.76,8.95,GLCA,,#N/A
P1_D8_GCDCA_LCAG-95_BSH1208_48h.mzML,434.3265,61735,8.77,8.76,8.95,GLCA,,#N/A
P1_D9_GUDCA_LCAG-95_BSH1208_48h.mzML,434.3265,21126,8.76,8.76,8.95,GLCA,,#N/A
P1_D10_GCA_LCAG-95_BSH1208_48h.mzML,434.3265,106555,8.76,8.76,8.95,GLCA,,#N/A
P1_D11_BHI_50MeOH.mzML,434.3265,45548,8.76,8.76,8.95,GLCA,,#N/A
P1_D12_BHI_50DMSO_25MeOH.mzML,434.3265,40897,8.78,8.76,8.95,GLCA,,#N/A
P1_E1_TLCA_Ep_BSH101_48h.mzML,434.3265,36409,8.85,8.76,8.95,GLCA,,#N/A
P1_E2_TDCA_Ep_BSH101_48h.mzML,434.3265,44919,8.76,8.76,8.95,GLCA,,#N/A
P1_E3_TCDCA_Ep_BSH101_48h.mzML,434.3265,27987,8.76,8.76,8.95,GLCA,,#N/A
P1_E4_TUDCA_Ep_BSH101_48h.mzML,434.3265,66676,8.78,8.76,8.95,GLCA,,#N/A
P1_E5_TCA_Ep_BSH101_48h.mzML,434.3265,66842,8.85,8.76,8.95,GLCA,,#N/A
P1_E6_GLCA_Ep_BSH101_48h.mzML,434.3265,339759488,8.85,8.76,8.95,GLCA,,#N/A
P1_E7_GDCA_Ep_BSH101_48h.mzML,434.3265,586702,8.84,8.76,8.95,GLCA,,#N/A
P1_E8_GCDCA_Ep_BSH101_48h.mzML,434.3265,332085,8.85,8.76,8.95,GLCA,,#N/A
P1_E9_GUDCA_Ep_BSH101_48h.mzML,434.3265,98603,8.76,8.76,8.95,GLCA,,#N/A
P1_E10_GCA_Ep_BSH101_48h.mzML,434.3265,77680,8.76,8.76,8.95,GLCA,,#N/A
P1_E11_BHI_50MeOH.mzML,434.3265,80272,8.78,8.76,8.95,GLCA,,#N/A
P1_E12_BHI_50DMSO_25MeOH.mzML,434.3265,89429,8.76,8.76,8.95,GLCA,,#N/A
P1_F1_TLCA_AZ-52_48h.mzML,434.3265,27827,8.76,8.76,8.95,GLCA,,#N/A
P1_F2_TDCA_AZ-52_48h.mzML,434.3265,5686,8.76,8.76,8.95,GLCA,,#N/A
P1_F3_TCDCA_AZ-52_48h.mzML,434.3265,98413,8.76,8.76,8.95,GLCA,,#N/A
P1_F4_TUDCA_AZ-52_48h.mzML,434.3265,100761,8.76,8.76,8.95,GLCA,,#N/A
P1_F5_TCA_AZ-52_48h.mzML,434.3265,72462,8.76,8.76,8.95,GLCA,,#N/A
P1_F6_GLCA_AZ-52_48h.mzML,434.3265,192320544,8.85,8.76,8.95,GLCA,,#N/A
P1_F7_GDCA_AZ-52_48h.mzML,434.3265,357194,8.77,8.76,8.95,GLCA,,#N/A
P1_F8_GCDCA_AZ-52_48h.mzML,434.3265,108878,8.76,8.76,8.95,GLCA,,#N/A
P1_F9_GUDCA_AZ-52_48h.mzML,434.3265,43983,8.76,8.76,8.95,GLCA,,#N/A
P1_F10_GCA_AZ-52_48h.mzML,434.3265,0,8.76,8.76,8.95,GLCA,,#N/A
P1_F11_BHI_50MeOH.mzML,434.3265,57424,8.77,8.76,8.95,GLCA,,#N/A
P1_F12_BHI_50DMSO_25MeOH.mzML,434.3265,53307,8.76,8.76,8.95,GLCA,,#N/A
P1_G1_TLCA_EcAZ-1-cat_48h.mzML,434.3265,545,8.76,8.76,8.95,GLCA,,#N/A
P1_G2_TDCA_EcAZ-1-cat_48h.mzML,434.3265,54161,8.77,8.76,8.95,GLCA,,#N/A
P1_G3_TCDCA_EcAZ-1-cat_48h.mzML,434.3265,49240,8.77,8.76,8.95,GLCA,,#N/A
P1_G4_TUDCA_EcAZ-1-cat_48h.mzML,434.3265,72670,8.76,8.76,8.95,GLCA,,#N/A
P1_G5_TCA_EcAZ-1-cat_48h.mzML,434.3265,12971,8.76,8.76,8.95,GLCA,,#N/A
P1_G6_GLCA_EcAZ-1-cat_48h.mzML,434.3265,323144416,8.85,8.76,8.95,GLCA,,#N/A
P1_G7_GDCA_EcAZ-1-cat_48h.mzML,434.3265,392842,8.78,8.76,8.95,GLCA,,#N/A
P1_G8_GCDCA_EcAZ-1-cat_48h.mzML,434.3265,287612,8.84,8.76,8.95,GLCA,,#N/A
P1_G9_GUDCA_EcAZ-1-cat_48h.mzML,434.3265,35147,8.82,8.76,8.95,GLCA,,#N/A
P1_G10_GCA_EcAZ-1-cat_48h.mzML,434.3265,30245,8.76,8.76,8.95,GLCA,,#N/A
P1_G11_BHI_50MeOH.mzML,434.3265,60988,8.76,8.76,8.95,GLCA,,#N/A
P1_G12_BHI_50DMSO_25MeOH.mzML,434.3265,89837,8.76,8.76,8.95,GLCA,,#N/A
P1_H1_TLCA_ctrl_48h.mzML,434.3265,33661,8.78,8.76,8.95,GLCA,,#N/A
P1_H2_TDCA_ctrl_48h.mzML,434.3265,31993,8.78,8.76,8.95,GLCA,,#N/A
P1_H3_TCDCA_ctrl_48h.mzML,434.3265,1546,8.76,8.76,8.95,GLCA,,#N/A
P1_H4_TUDCA_ctrl_48h.mzML,434.3265,10473,8.78,8.76,8.95,GLCA,,#N/A
P1_H5_TCA_ctrl_48h.mzML,434.3265,12283,8.77,8.76,8.95,GLCA,,#N/A
P1_H6_GLCA_ctrl_48h.mzML,434.3265,287244000,8.85,8.76,8.95,GLCA,,#N/A
P1_H7_GDCA_ctrl_48h.mzML,434.3265,290034,8.85,8.76,8.95,GLCA,,#N/A
P1_H8_GCDCA_ctrl_48h.mzML,434.3265,420228,8.85,8.76,8.95,GLCA,,#N/A
P1_H9_GUDCA_ctrl_48h.mzML,434.3265,3582,8.86,8.76,8.95,GLCA,,#N/A
P1_H10_GCA_ctrl_48h.mzML,434.3265,14876,8.76,8.76,8.95,GLCA,,#N/A
P1_H11_BHI_50MeOH.mzML,434.3265,11206,8.78,8.76,8.95,GLCA,,#N/A
P1_H12_BHI_50DMSO_25MeOH.mzML,434.3265,36747,8.77,8.76,8.95,GLCA,,#N/A
TCA_std.mzML,434.3265,10587,8.78,8.76,8.95,GLCA,,#N/A
TCDCA_std.mzML,434.3265,7785,8.78,8.76,8.95,GLCA,,#N/A
TDCA_std.mzML,434.3265,6287,8.77,8.76,8.95,GLCA,,#N/A
TLCA_std.mzML,434.3265,9409,8.77,8.76,8.95,GLCA,,#N/A
TUDCA_std.mzML,434.3265,2338,8.78,8.76,8.95,GLCA,,#N/A
UDCA_aminoacids.mzML,434.3265,151533,8.85,8.76,8.95,GLCA,,#N/A
CA_aminoacids.mzML,450.3214,0,5.78,5.78,6,GUDCA,,#N/A
CA_DCA_LCA_aminoacids.mzML,450.3214,212467504,5.83,5.78,6,GUDCA,,#N/A
CDCA_aminoacids.mzML,450.3214,0,5.78,5.78,6,GUDCA,,#N/A
DCA_aminoacids.mzML,450.3214,43000,5.83,5.78,6,GUDCA,,#N/A
DCA_aminoacids_2.mzML,450.3214,133573,5.85,5.78,6,GUDCA,,#N/A
GCA_std.mzML,450.3214,0,5.78,5.78,6,GUDCA,,#N/A
GCDCA_std.mzML,450.3214,64869,5.85,5.78,6,GUDCA,,#N/A
GDCA_std.mzML,450.3214,30542,5.84,5.78,6,GUDCA,,#N/A
GLCA_std.mzML,450.3214,79666,5.86,5.78,6,GUDCA,,#N/A
GUDCA_std.mzML,450.3214,178773680,5.85,5.78,6,GUDCA,,#N/A
P1_A1_TLCA_Dny_BSH1_48h.mzML,450.3214,0,5.78,5.78,6,GUDCA,,#N/A
P1_A2_TDCA_Dny_BSH1_48h.mzML,450.3214,0,5.78,5.78,6,GUDCA,,#N/A
P1_A3_TCDCA_Dny_BSH1_48h.mzML,450.3214,0,5.78,5.78,6,GUDCA,,#N/A
P1_A4_TUDCA_Dny_BSH1_48h.mzML,450.3214,654369,5.86,5.78,6,GUDCA,,#N/A
P1_A5_TCA_Dny_BSH1_48h.mzML,450.3214,88211,6,5.78,6,GUDCA,,#N/A
P1_A6_GLCA_Dny_BSH1_48h.mzML,450.3214,108265,5.89,5.78,6,GUDCA,,#N/A
P1_A7_GDCA_Dny_BSH1_48h.mzML,450.3214,29468,5.85,5.78,6,GUDCA,,#N/A
P1_A8_GCDCA_Dny_BSH1_48h.mzML,450.3214,16759,5.87,5.78,6,GUDCA,,#N/A
P1_A9_GUDCA_Dny_BSH1_48h.mzML,450.3214,86528944,5.87,5.78,6,GUDCA,,#N/A
P1_A10_GCA_Dny_BSH1_48h.mzML,450.3214,201351,6,5.78,6,GUDCA,,#N/A
P1_A11_BHI_50MeOH.mzML,450.3214,0,5.78,5.78,6,GUDCA,,#N/A
P1_A12_BHI_50DMSO_25MeOH.mzML,450.3214,520,5.95,5.78,6,GUDCA,,#N/A
P1_B1_TLCA_Dny_BSH2_48h.mzML,450.3214,1150,5.85,5.78,6,GUDCA,,#N/A
P1_B2_TDCA_Dny_BSH2_48h.mzML,450.3214,0,5.78,5.78,6,GUDCA,,#N/A
P1_B3_TCDCA_Dny_BSH2_48h.mzML,450.3214,0,5.78,5.78,6,GUDCA,,#N/A
P1_B4_TUDCA_Dny_BSH2_48h.mzML,450.3214,1492,5.85,5.78,6,GUDCA,,#N/A
P1_B5_TCA_Dny_BSH2_48h.mzML,450.3214,918,5.99,5.78,6,GUDCA,,#N/A
P1_B6_GLCA_Dny_BSH2_48h.mzML,450.3214,191346,5.91,5.78,6,GUDCA,,#N/A
P1_B7_GDCA_Dny_BSH2_48h.mzML,450.3214,66749,5.84,5.78,6,GUDCA,,#N/A
P1_B8_GCDCA_Dny_BSH2_48h.mzML,450.3214,113136,5.85,5.78,6,GUDCA,,#N/A
P1_B9_GUDCA_Dny_BSH2_48h.mzML,450.3214,651356480,5.85,5.78,6,GUDCA,,#N/A
P1_B10_GCA_Dny_BSH2_48h.mzML,450.3214,39734,5.84,5.78,6,GUDCA,,#N/A
P1_B11_BHI_50MeOH.mzML,450.3214,0,5.78,5.78,6,GUDCA,,#N/A
P1_B12_BHI_50DMSO_25MeOH.mzML,450.3214,0,5.78,5.78,6,GUDCA,,#N/A
P1_C1_TLCA_Lgasseri_BSH_48h.mzML,450.3214,0,5.78,5.78,6,GUDCA,,#N/A
P1_C2_TDCA_Lgasseri_BSH_48h.mzML,450.3214,580,5.98,5.78,6,GUDCA,,#N/A
P1_C3_TCDCA_Lgasseri_BSH_48h.mzML,450.3214,384,5.85,5.78,6,GUDCA,,#N/A
P1_C4_TUDCA_Lgasseri_BSH_48h.mzML,450.3214,24984,5.85,5.78,6,GUDCA,,#N/A
P1_C5_TCA_Lgasseri_BSH_48h.mzML,450.3214,873331,6,5.78,6,GUDCA,,#N/A
P1_C6_GLCA_Lgasseri_BSH_48h.mzML,450.3214,206361,5.88,5.78,6,GUDCA,,#N/A
P1_C7_GDCA_Lgasseri_BSH_48h.mzML,450.3214,73383,5.84,5.78,6,GUDCA,,#N/A
P1_C8_GCDCA_Lgasseri_BSH_48h.mzML,450.3214,292339,5.84,5.78,6,GUDCA,,#N/A
P1_C9_GUDCA_Lgasseri_BSH_48h.mzML,450.3214,553354560,5.85,5.78,6,GUDCA,,#N/A
P1_C10_GCA_Lgasseri_BSH_48h.mzML,450.3214,93862,6,5.78,6,GUDCA,,#N/A
P1_C11_BHI_50MeOH.mzML,450.3214,0,5.78,5.78,6,GUDCA,,#N/A
P1_C12_BHI_50DMSO_25MeOH.mzML,450.3214,0,5.78,5.78,6,GUDCA,,#N/A
P1_D1_TLCA_LCAG-95_BSH1208_48h.mzML,450.3214,0,5.78,5.78,6,GUDCA,,#N/A
P1_D2_TDCA_LCAG-95_BSH1208_48h.mzML,450.3214,0,5.78,5.78,6,GUDCA,,#N/A
P1_D3_TCDCA_LCAG-95_BSH1208_48h.mzML,450.3214,0,5.78,5.78,6,GUDCA,,#N/A
P1_D4_TUDCA_LCAG-95_BSH1208_48h.mzML,450.3214,116121,5.85,5.78,6,GUDCA,,#N/A
P1_D5_TCA_LCAG-95_BSH1208_48h.mzML,450.3214,205997,6,5.78,6,GUDCA,,#N/A
P1_D6_GLCA_LCAG-95_BSH1208_48h.mzML,450.3214,74217,5.88,5.78,6,GUDCA,,#N/A
P1_D7_GDCA_LCAG-95_BSH1208_48h.mzML,450.3214,0,5.78,5.78,6,GUDCA,,#N/A
P1_D8_GCDCA_LCAG-95_BSH1208_48h.mzML,450.3214,766,5.84,5.78,6,GUDCA,,#N/A
P1_D9_GUDCA_LCAG-95_BSH1208_48h.mzML,450.3214,1505983,5.85,5.78,6,GUDCA,,#N/A
P1_D10_GCA_LCAG-95_BSH1208_48h.mzML,450.3214,213922,6,5.78,6,GUDCA,,#N/A
P1_D11_BHI_50MeOH.mzML,450.3214,0,5.78,5.78,6,GUDCA,,#N/A
P1_D12_BHI_50DMSO_25MeOH.mzML,450.3214,670,5.8,5.78,6,GUDCA,,#N/A
P1_E1_TLCA_Ep_BSH101_48h.mzML,450.3214,0,5.78,5.78,6,GUDCA,,#N/A
P1_E2_TDCA_Ep_BSH101_48h.mzML,450.3214,0,5.78,5.78,6,GUDCA,,#N/A
P1_E3_TCDCA_Ep_BSH101_48h.mzML,450.3214,478,5.83,5.78,6,GUDCA,,#N/A
P1_E4_TUDCA_Ep_BSH101_48h.mzML,450.3214,4590,5.86,5.78,6,GUDCA,,#N/A
P1_E5_TCA_Ep_BSH101_48h.mzML,450.3214,1606,5.99,5.78,6,GUDCA,,#N/A
P1_E6_GLCA_Ep_BSH101_48h.mzML,450.3214,228056,5.88,5.78,6,GUDCA,,#N/A
P1_E7_GDCA_Ep_BSH101_48h.mzML,450.3214,83620,5.83,5.78,6,GUDCA,,#N/A
P1_E8_GCDCA_Ep_BSH101_48h.mzML,450.3214,152734,5.85,5.78,6,GUDCA,,#N/A
P1_E9_GUDCA_Ep_BSH101_48h.mzML,450.3214,682788800,5.84,5.78,6,GUDCA,,#N/A
P1_E10_GCA_Ep_BSH101_48h.mzML,450.3214,22650,5.86,5.78,6,GUDCA,,#N/A
P1_E11_BHI_50MeOH.mzML,450.3214,0,5.78,5.78,6,GUDCA,,#N/A
P1_E12_BHI_50DMSO_25MeOH.mzML,450.3214,0,5.78,5.78,6,GUDCA,,#N/A
P1_F1_TLCA_AZ-52_48h.mzML,450.3214,1530,5.85,5.78,6,GUDCA,,#N/A
P1_F2_TDCA_AZ-52_48h.mzML,450.3214,0,5.78,5.78,6,GUDCA,,#N/A
P1_F3_TCDCA_AZ-52_48h.mzML,450.3214,0,5.78,5.78,6,GUDCA,,#N/A
P1_F4_TUDCA_AZ-52_48h.mzML,450.3214,130844,5.84,5.78,6,GUDCA,,#N/A
P1_F5_TCA_AZ-52_48h.mzML,450.3214,630957,6,5.78,6,GUDCA,,#N/A
P1_F6_GLCA_AZ-52_48h.mzML,450.3214,212970,5.9,5.78,6,GUDCA,,#N/A
P1_F7_GDCA_AZ-52_48h.mzML,450.3214,66377,5.86,5.78,6,GUDCA,,#N/A
P1_F8_GCDCA_AZ-52_48h.mzML,450.3214,80437,5.85,5.78,6,GUDCA,,#N/A
P1_F9_GUDCA_AZ-52_48h.mzML,450.3214,578573440,5.86,5.78,6,GUDCA,,#N/A
P1_F10_GCA_AZ-52_48h.mzML,450.3214,30579,6,5.78,6,GUDCA,,#N/A
P1_F11_BHI_50MeOH.mzML,450.3214,0,5.78,5.78,6,GUDCA,,#N/A
P1_F12_BHI_50DMSO_25MeOH.mzML,450.3214,0,5.78,5.78,6,GUDCA,,#N/A
P1_G1_TLCA_EcAZ-1-cat_48h.mzML,450.3214,0,5.78,5.78,6,GUDCA,,#N/A
P1_G2_TDCA_EcAZ-1-cat_48h.mzML,450.3214,0,5.78,5.78,6,GUDCA,,#N/A
P1_G3_TCDCA_EcAZ-1-cat_48h.mzML,450.3214,1338,5.86,5.78,6,GUDCA,,#N/A
P1_G4_TUDCA_EcAZ-1-cat_48h.mzML,450.3214,4247,5.84,5.78,6,GUDCA,,#N/A
P1_G5_TCA_EcAZ-1-cat_48h.mzML,450.3214,0,5.78,5.78,6,GUDCA,,#N/A
P1_G6_GLCA_EcAZ-1-cat_48h.mzML,450.3214,202344,5.89,5.78,6,GUDCA,,#N/A
P1_G7_GDCA_EcAZ-1-cat_48h.mzML,450.3214,77421,5.86,5.78,6,GUDCA,,#N/A
P1_G8_GCDCA_EcAZ-1-cat_48h.mzML,450.3214,87728,5.86,5.78,6,GUDCA,,#N/A
P1_G9_GUDCA_EcAZ-1-cat_48h.mzML,450.3214,668405888,5.87,5.78,6,GUDCA,,#N/A
P1_G10_GCA_EcAZ-1-cat_48h.mzML,450.3214,13936,5.88,5.78,6,GUDCA,,#N/A
P1_G11_BHI_50MeOH.mzML,450.3214,0,5.78,5.78,6,GUDCA,,#N/A
P1_G12_BHI_50DMSO_25MeOH.mzML,450.3214,0,5.78,5.78,6,GUDCA,,#N/A
P1_H1_TLCA_ctrl_48h.mzML,450.3214,0,5.78,5.78,6,GUDCA,,#N/A
P1_H2_TDCA_ctrl_48h.mzML,450.3214,0,5.78,5.78,6,GUDCA,,#N/A
P1_H3_TCDCA_ctrl_48h.mzML,450.3214,1443,5.86,5.78,6,GUDCA,,#N/A
P1_H4_TUDCA_ctrl_48h.mzML,450.3214,7813,5.88,5.78,6,GUDCA,,#N/A
P1_H5_TCA_ctrl_48h.mzML,450.3214,0,5.78,5.78,6,GUDCA,,#N/A
P1_H6_GLCA_ctrl_48h.mzML,450.3214,191759,5.91,5.78,6,GUDCA,,#N/A
P1_H7_GDCA_ctrl_48h.mzML,450.3214,84587,5.87,5.78,6,GUDCA,,#N/A
P1_H8_GCDCA_ctrl_48h.mzML,450.3214,118955,5.86,5.78,6,GUDCA,,#N/A
P1_H9_GUDCA_ctrl_48h.mzML,450.3214,748328832,5.87,5.78,6,GUDCA,,#N/A
P1_H10_GCA_ctrl_48h.mzML,450.3214,7314,5.88,5.78,6,GUDCA,,#N/A
P1_H11_BHI_50MeOH.mzML,450.3214,0,5.78,5.78,6,GUDCA,,#N/A
P1_H12_BHI_50DMSO_25MeOH.mzML,450.3214,0,5.78,5.78,6,GUDCA,,#N/A
TCA_std.mzML,450.3214,0,5.78,5.78,6,GUDCA,,#N/A
TCDCA_std.mzML,450.3214,0,5.78,5.78,6,GUDCA,,#N/A
TDCA_std.mzML,450.3214,0,5.78,5.78,6,GUDCA,,#N/A
TLCA_std.mzML,450.3214,0,5.78,5.78,6,GUDCA,,#N/A
TUDCA_std.mzML,450.3214,0,5.78,5.78,6,GUDCA,,#N/A
UDCA_aminoacids.mzML,450.3214,19531,5.83,5.78,6,GUDCA,,#N/A
CA_aminoacids.mzML,516.299,0,4.53,4.53,4.85,TCAA,,#N/A
CA_DCA_LCA_aminoacids.mzML,516.299,242402,4.76,4.53,4.85,TCAA,,#N/A
CDCA_aminoacids.mzML,516.299,0,4.53,4.53,4.85,TCAA,,#N/A
DCA_aminoacids.mzML,516.299,0,4.53,4.53,4.85,TCAA,,#N/A
DCA_aminoacids_2.mzML,516.299,0,4.53,4.53,4.85,TCAA,,#N/A
GCA_std.mzML,516.299,0,4.53,4.53,4.85,TCAA,,#N/A
GCDCA_std.mzML,516.299,0,4.53,4.53,4.85,TCAA,,#N/A
GDCA_std.mzML,516.299,0,4.53,4.53,4.85,TCAA,,#N/A
GLCA_std.mzML,516.299,0,4.53,4.53,4.85,TCAA,,#N/A
GUDCA_std.mzML,516.299,0,4.53,4.53,4.85,TCAA,,#N/A
P1_A1_TLCA_Dny_BSH1_48h.mzML,516.299,0,4.53,4.53,4.85,TCAA,,#N/A
P1_A2_TDCA_Dny_BSH1_48h.mzML,516.299,0,4.53,4.53,4.85,TCAA,,#N/A
P1_A3_TCDCA_Dny_BSH1_48h.mzML,516.299,0,4.53,4.53,4.85,TCAA,,#N/A
P1_A4_TUDCA_Dny_BSH1_48h.mzML,516.299,0,4.53,4.53,4.85,TCAA,,#N/A
P1_A5_TCA_Dny_BSH1_48h.mzML,516.299,10706,4.71,4.53,4.85,TCAA,,#N/A
P1_A6_GLCA_Dny_BSH1_48h.mzML,516.299,0,4.53,4.53,4.85,TCAA,,#N/A
P1_A7_GDCA_Dny_BSH1_48h.mzML,516.299,0,4.53,4.53,4.85,TCAA,,#N/A
P1_A8_GCDCA_Dny_BSH1_48h.mzML,516.299,0,4.53,4.53,4.85,TCAA,,#N/A
P1_A9_GUDCA_Dny_BSH1_48h.mzML,516.299,0,4.53,4.53,4.85,TCAA,,#N/A
P1_A10_GCA_Dny_BSH1_48h.mzML,516.299,10102,4.7,4.53,4.85,TCAA,,#N/A
P1_A11_BHI_50MeOH.mzML,516.299,0,4.53,4.53,4.85,TCAA,,#N/A
P1_A12_BHI_50DMSO_25MeOH.mzML,516.299,0,4.53,4.53,4.85,TCAA,,#N/A
P1_B1_TLCA_Dny_BSH2_48h.mzML,516.299,0,4.53,4.53,4.85,TCAA,,#N/A
P1_B2_TDCA_Dny_BSH2_48h.mzML,516.299,38210,4.69,4.53,4.85,TCAA,,#N/A
P1_B3_TCDCA_Dny_BSH2_48h.mzML,516.299,0,4.53,4.53,4.85,TCAA,,#N/A
P1_B4_TUDCA_Dny_BSH2_48h.mzML,516.299,0,4.53,4.53,4.85,TCAA,,#N/A
P1_B5_TCA_Dny_BSH2_48h.mzML,516.299,55697596,4.62,4.53,4.85,TCAA,,#N/A
P1_B6_GLCA_Dny_BSH2_48h.mzML,516.299,7858,4.7,4.53,4.85,TCAA,,#N/A
P1_B7_GDCA_Dny_BSH2_48h.mzML,516.299,0,4.53,4.53,4.85,TCAA,,#N/A
P1_B8_GCDCA_Dny_BSH2_48h.mzML,516.299,0,4.53,4.53,4.85,TCAA,,#N/A
P1_B9_GUDCA_Dny_BSH2_48h.mzML,516.299,0,4.53,4.53,4.85,TCAA,,#N/A
P1_B10_GCA_Dny_BSH2_48h.mzML,516.299,0,4.53,4.53,4.85,TCAA,,#N/A
P1_B11_BHI_50MeOH.mzML,516.299,0,4.53,4.53,4.85,TCAA,,#N/A
P1_B12_BHI_50DMSO_25MeOH.mzML,516.299,0,4.53,4.53,4.85,TCAA,,#N/A
P1_C1_TLCA_Lgasseri_BSH_48h.mzML,516.299,0,4.53,4.53,4.85,TCAA,,#N/A
P1_C2_TDCA_Lgasseri_BSH_48h.mzML,516.299,0,4.53,4.53,4.85,TCAA,,#N/A
P1_C3_TCDCA_Lgasseri_BSH_48h.mzML,516.299,0,4.53,4.53,4.85,TCAA,,#N/A
P1_C4_TUDCA_Lgasseri_BSH_48h.mzML,516.299,0,4.53,4.53,4.85,TCAA,,#N/A
P1_C5_TCA_Lgasseri_BSH_48h.mzML,516.299,0,4.53,4.53,4.85,TCAA,,#N/A
P1_C6_GLCA_Lgasseri_BSH_48h.mzML,516.299,0,4.53,4.53,4.85,TCAA,,#N/A
P1_C7_GDCA_Lgasseri_BSH_48h.mzML,516.299,0,4.53,4.53,4.85,TCAA,,#N/A
P1_C8_GCDCA_Lgasseri_BSH_48h.mzML,516.299,0,4.53,4.53,4.85,TCAA,,#N/A
P1_C9_GUDCA_Lgasseri_BSH_48h.mzML,516.299,0,4.53,4.53,4.85,TCAA,,#N/A
P1_C10_GCA_Lgasseri_BSH_48h.mzML,516.299,0,4.53,4.53,4.85,TCAA,,#N/A
P1_C11_BHI_50MeOH.mzML,516.299,0,4.53,4.53,4.85,TCAA,,#N/A
P1_C12_BHI_50DMSO_25MeOH.mzML,516.299,0,4.53,4.53,4.85,TCAA,,#N/A
P1_D1_TLCA_LCAG-95_BSH1208_48h.mzML,516.299,0,4.53,4.53,4.85,TCAA,,#N/A
P1_D2_TDCA_LCAG-95_BSH1208_48h.mzML,516.299,0,4.53,4.53,4.85,TCAA,,#N/A
P1_D3_TCDCA_LCAG-95_BSH1208_48h.mzML,516.299,0,4.53,4.53,4.85,TCAA,,#N/A
P1_D4_TUDCA_LCAG-95_BSH1208_48h.mzML,516.299,0,4.53,4.53,4.85,TCAA,,#N/A
P1_D5_TCA_LCAG-95_BSH1208_48h.mzML,516.299,7423501,4.67,4.53,4.85,TCAA,,#N/A
P1_D6_GLCA_LCAG-95_BSH1208_48h.mzML,516.299,0,4.53,4.53,4.85,TCAA,,#N/A
P1_D7_GDCA_LCAG-95_BSH1208_48h.mzML,516.299,0,4.53,4.53,4.85,TCAA,,#N/A
P1_D8_GCDCA_LCAG-95_BSH1208_48h.mzML,516.299,0,4.53,4.53,4.85,TCAA,,#N/A
P1_D9_GUDCA_LCAG-95_BSH1208_48h.mzML,516.299,0,4.53,4.53,4.85,TCAA,,#N/A
P1_D10_GCA_LCAG-95_BSH1208_48h.mzML,516.299,0,4.53,4.53,4.85,TCAA,,#N/A
P1_D11_BHI_50MeOH.mzML,516.299,0,4.53,4.53,4.85,TCAA,,#N/A
P1_D12_BHI_50DMSO_25MeOH.mzML,516.299,0,4.53,4.53,4.85,TCAA,,#N/A
P1_E1_TLCA_Ep_BSH101_48h.mzML,516.299,2468,4.55,4.53,4.85,TCAA,,#N/A
P1_E2_TDCA_Ep_BSH101_48h.mzML,516.299,66043,4.68,4.53,4.85,TCAA,,#N/A
P1_E3_TCDCA_Ep_BSH101_48h.mzML,516.299,220,4.53,4.53,4.85,TCAA,,#N/A
P1_E4_TUDCA_Ep_BSH101_48h.mzML,516.299,0,4.53,4.53,4.85,TCAA,,#N/A
P1_E5_TCA_Ep_BSH101_48h.mzML,516.299,65501664,4.6,4.53,4.85,TCAA,,#N/A
P1_E6_GLCA_Ep_BSH101_48h.mzML,516.299,21324,4.69,4.53,4.85,TCAA,,#N/A
P1_E7_GDCA_Ep_BSH101_48h.mzML,516.299,0,4.53,4.53,4.85,TCAA,,#N/A
P1_E8_GCDCA_Ep_BSH101_48h.mzML,516.299,0,4.53,4.53,4.85,TCAA,,#N/A
P1_E9_GUDCA_Ep_BSH101_48h.mzML,516.299,0,4.53,4.53,4.85,TCAA,,#N/A
P1_E10_GCA_Ep_BSH101_48h.mzML,516.299,1779,4.56,4.53,4.85,TCAA,,#N/A
P1_E11_BHI_50MeOH.mzML,516.299,0,4.53,4.53,4.85,TCAA,,#N/A
P1_E12_BHI_50DMSO_25MeOH.mzML,516.299,0,4.53,4.53,4.85,TCAA,,#N/A
P1_F1_TLCA_AZ-52_48h.mzML,516.299,0,4.53,4.53,4.85,TCAA,,#N/A
P1_F2_TDCA_AZ-52_48h.mzML,516.299,0,4.53,4.53,4.85,TCAA,,#N/A
P1_F3_TCDCA_AZ-52_48h.mzML,516.299,0,4.53,4.53,4.85,TCAA,,#N/A
P1_F4_TUDCA_AZ-52_48h.mzML,516.299,0,4.53,4.53,4.85,TCAA,,#N/A
P1_F5_TCA_AZ-52_48h.mzML,516.299,202616,4.67,4.53,4.85,TCAA,,#N/A
P1_F6_GLCA_AZ-52_48h.mzML,516.299,0,4.53,4.53,4.85,TCAA,,#N/A
P1_F7_GDCA_AZ-52_48h.mzML,516.299,0,4.53,4.53,4.85,TCAA,,#N/A
P1_F8_GCDCA_AZ-52_48h.mzML,516.299,0,4.53,4.53,4.85,TCAA,,#N/A
P1_F9_GUDCA_AZ-52_48h.mzML,516.299,0,4.53,4.53,4.85,TCAA,,#N/A
P1_F10_GCA_AZ-52_48h.mzML,516.299,0,4.53,4.53,4.85,TCAA,,#N/A
P1_F11_BHI_50MeOH.mzML,516.299,0,4.53,4.53,4.85,TCAA,,#N/A
P1_F12_BHI_50DMSO_25MeOH.mzML,516.299,0,4.53,4.53,4.85,TCAA,,#N/A
P1_G1_TLCA_EcAZ-1-cat_48h.mzML,516.299,0,4.53,4.53,4.85,TCAA,,#N/A
P1_G2_TDCA_EcAZ-1-cat_48h.mzML,516.299,12032,4.7,4.53,4.85,TCAA,,#N/A
P1_G3_TCDCA_EcAZ-1-cat_48h.mzML,516.299,0,4.53,4.53,4.85,TCAA,,#N/A
P1_G4_TUDCA_EcAZ-1-cat_48h.mzML,516.299,0,4.53,4.53,4.85,TCAA,,#N/A
P1_G5_TCA_EcAZ-1-cat_48h.mzML,516.299,54026704,4.63,4.53,4.85,TCAA,,#N/A
P1_G6_GLCA_EcAZ-1-cat_48h.mzML,516.299,27198,4.68,4.53,4.85,TCAA,,#N/A
P1_G7_GDCA_EcAZ-1-cat_48h.mzML,516.299,0,4.53,4.53,4.85,TCAA,,#N/A
P1_G8_GCDCA_EcAZ-1-cat_48h.mzML,516.299,0,4.53,4.53,4.85,TCAA,,#N/A
P1_G9_GUDCA_EcAZ-1-cat_48h.mzML,516.299,0,4.53,4.53,4.85,TCAA,,#N/A
P1_G10_GCA_EcAZ-1-cat_48h.mzML,516.299,0,4.53,4.53,4.85,TCAA,,#N/A
P1_G11_BHI_50MeOH.mzML,516.299,0,4.53,4.53,4.85,TCAA,,#N/A
P1_G12_BHI_50DMSO_25MeOH.mzML,516.299,0,4.53,4.53,4.85,TCAA,,#N/A
P1_H1_TLCA_ctrl_48h.mzML,516.299,0,4.53,4.53,4.85,TCAA,,#N/A
P1_H2_TDCA_ctrl_48h.mzML,516.299,126406,4.71,4.53,4.85,TCAA,,#N/A
P1_H3_TCDCA_ctrl_48h.mzML,516.299,0,4.53,4.53,4.85,TCAA,,#N/A
P1_H4_TUDCA_ctrl_48h.mzML,516.299,0,4.53,4.53,4.85,TCAA,,#N/A
P1_H5_TCA_ctrl_48h.mzML,516.299,63882372,4.65,4.53,4.85,TCAA,,#N/A
P1_H6_GLCA_ctrl_48h.mzML,516.299,29641,4.69,4.53,4.85,TCAA,,#N/A
P1_H7_GDCA_ctrl_48h.mzML,516.299,3649,4.58,4.53,4.85,TCAA,,#N/A
P1_H8_GCDCA_ctrl_48h.mzML,516.299,0,4.53,4.53,4.85,TCAA,,#N/A
P1_H9_GUDCA_ctrl_48h.mzML,516.299,0,4.53,4.53,4.85,TCAA,,#N/A
P1_H10_GCA_ctrl_48h.mzML,516.299,0,4.53,4.53,4.85,TCAA,,#N/A
P1_H11_BHI_50MeOH.mzML,516.299,0,4.53,4.53,4.85,TCAA,,#N/A
P1_H12_BHI_50DMSO_25MeOH.mzML,516.299,24944,4.71,4.53,4.85,TCAA,,#N/A
TCA_std.mzML,516.299,3288833,4.69,4.53,4.85,TCAA,,#N/A
TCDCA_std.mzML,516.299,677,4.85,4.53,4.85,TCAA,,#N/A
TDCA_std.mzML,516.299,1590,4.69,4.53,4.85,TCAA,,#N/A
TLCA_std.mzML,516.299,0,4.53,4.53,4.85,TCAA,,#N/A
TUDCA_std.mzML,516.299,0,4.53,4.53,4.85,TCAA,,#N/A
UDCA_aminoacids.mzML,516.299,25881,4.58,4.53,4.85,TCAA,,#N/A
CA_aminoacids.mzML,500.304,0,6.33,6.33,6.63,TCDCA,,#N/A
CA_DCA_LCA_aminoacids.mzML,500.304,5841,6.36,6.33,6.63,TCDCA,,#N/A
CDCA_aminoacids.mzML,500.304,0,6.33,6.33,6.63,TCDCA,,#N/A
DCA_aminoacids.mzML,500.304,0,6.33,6.33,6.63,TCDCA,,#N/A
DCA_aminoacids_2.mzML,500.304,78377,6.41,6.33,6.63,TCDCA,,#N/A
GCA_std.mzML,500.304,0,6.33,6.33,6.63,TCDCA,,#N/A
GCDCA_std.mzML,500.304,0,6.33,6.33,6.63,TCDCA,,#N/A
GDCA_std.mzML,500.304,0,6.33,6.33,6.63,TCDCA,,#N/A
GLCA_std.mzML,500.304,0,6.33,6.33,6.63,TCDCA,,#N/A
GUDCA_std.mzML,500.304,0,6.33,6.33,6.63,TCDCA,,#N/A
P1_A1_TLCA_Dny_BSH1_48h.mzML,500.304,0,6.33,6.33,6.63,TCDCA,,#N/A
P1_A2_TDCA_Dny_BSH1_48h.mzML,500.304,0,6.33,6.33,6.63,TCDCA,,#N/A
P1_A3_TCDCA_Dny_BSH1_48h.mzML,500.304,19739,6.51,6.33,6.63,TCDCA,,#N/A
P1_A4_TUDCA_Dny_BSH1_48h.mzML,500.304,27886,6.34,6.33,6.63,TCDCA,,#N/A
P1_A5_TCA_Dny_BSH1_48h.mzML,500.304,10759,6.62,6.33,6.63,TCDCA,,#N/A
P1_A6_GLCA_Dny_BSH1_48h.mzML,500.304,818,6.6,6.33,6.63,TCDCA,,#N/A
P1_A7_GDCA_Dny_BSH1_48h.mzML,500.304,0,6.33,6.33,6.63,TCDCA,,#N/A
P1_A8_GCDCA_Dny_BSH1_48h.mzML,500.304,649,6.54,6.33,6.63,TCDCA,,#N/A
P1_A9_GUDCA_Dny_BSH1_48h.mzML,500.304,0,6.33,6.33,6.63,TCDCA,,#N/A
P1_A10_GCA_Dny_BSH1_48h.mzML,500.304,0,6.33,6.33,6.63,TCDCA,,#N/A
P1_A11_BHI_50MeOH.mzML,500.304,0,6.33,6.33,6.63,TCDCA,,#N/A
P1_A12_BHI_50DMSO_25MeOH.mzML,500.304,704,6.58,6.33,6.63,TCDCA,,#N/A
P1_B1_TLCA_Dny_BSH2_48h.mzML,500.304,629,6.45,6.33,6.63,TCDCA,,#N/A
P1_B2_TDCA_Dny_BSH2_48h.mzML,500.304,44276,6.62,6.33,6.63,TCDCA,,#N/A
P1_B3_TCDCA_Dny_BSH2_48h.mzML,500.304,65182924,6.41,6.33,6.63,TCDCA,,#N/A
P1_B4_TUDCA_Dny_BSH2_48h.mzML,500.304,465353,6.48,6.33,6.63,TCDCA,,#N/A
P1_B5_TCA_Dny_BSH2_48h.mzML,500.304,145957,6.47,6.33,6.63,TCDCA,,#N/A
P1_B6_GLCA_Dny_BSH2_48h.mzML,500.304,22092,6.47,6.33,6.63,TCDCA,,#N/A
P1_B7_GDCA_Dny_BSH2_48h.mzML,500.304,0,6.33,6.33,6.63,TCDCA,,#N/A
P1_B8_GCDCA_Dny_BSH2_48h.mzML,500.304,3717,6.57,6.33,6.63,TCDCA,,#N/A
P1_B9_GUDCA_Dny_BSH2_48h.mzML,500.304,4232,6.56,6.33,6.63,TCDCA,,#N/A
P1_B10_GCA_Dny_BSH2_48h.mzML,500.304,7929,6.42,6.33,6.63,TCDCA,,#N/A
P1_B11_BHI_50MeOH.mzML,500.304,0,6.33,6.33,6.63,TCDCA,,#N/A
P1_B12_BHI_50DMSO_25MeOH.mzML,500.304,1621,6.55,6.33,6.63,TCDCA,,#N/A
P1_C1_TLCA_Lgasseri_BSH_48h.mzML,500.304,892,6.62,6.33,6.63,TCDCA,,#N/A
P1_C2_TDCA_Lgasseri_BSH_48h.mzML,500.304,0,6.33,6.33,6.63,TCDCA,,#N/A
P1_C3_TCDCA_Lgasseri_BSH_48h.mzML,500.304,6173,6.56,6.33,6.63,TCDCA,,#N/A
P1_C4_TUDCA_Lgasseri_BSH_48h.mzML,500.304,0,6.33,6.33,6.63,TCDCA,,#N/A
P1_C5_TCA_Lgasseri_BSH_48h.mzML,500.304,3192,6.59,6.33,6.63,TCDCA,,#N/A
P1_C6_GLCA_Lgasseri_BSH_48h.mzML,500.304,1687,6.38,6.33,6.63,TCDCA,,#N/A
P1_C7_GDCA_Lgasseri_BSH_48h.mzML,500.304,276,6.6,6.33,6.63,TCDCA,,#N/A
P1_C8_GCDCA_Lgasseri_BSH_48h.mzML,500.304,13983,6.62,6.33,6.63,TCDCA,,#N/A
P1_C9_GUDCA_Lgasseri_BSH_48h.mzML,500.304,20616,6.6,6.33,6.63,TCDCA,,#N/A
P1_C10_GCA_Lgasseri_BSH_48h.mzML,500.304,30039,6.61,6.33,6.63,TCDCA,,#N/A
P1_C11_BHI_50MeOH.mzML,500.304,0,6.33,6.33,6.63,TCDCA,,#N/A
P1_C12_BHI_50DMSO_25MeOH.mzML,500.304,8524,6.48,6.33,6.63,TCDCA,,#N/A
P1_D1_TLCA_LCAG-95_BSH1208_48h.mzML,500.304,0,6.33,6.33,6.63,TCDCA,,#N/A
P1_D2_TDCA_LCAG-95_BSH1208_48h.mzML,500.304,0,6.33,6.33,6.63,TCDCA,,#N/A
P1_D3_TCDCA_LCAG-95_BSH1208_48h.mzML,500.304,275540,6.46,6.33,6.63,TCDCA,,#N/A
P1_D4_TUDCA_LCAG-95_BSH1208_48h.mzML,500.304,5549,6.46,6.33,6.63,TCDCA,,#N/A
P1_D5_TCA_LCAG-95_BSH1208_48h.mzML,500.304,455,6.56,6.33,6.63,TCDCA,,#N/A
P1_D6_GLCA_LCAG-95_BSH1208_48h.mzML,500.304,0,6.33,6.33,6.63,TCDCA,,#N/A
P1_D7_GDCA_LCAG-95_BSH1208_48h.mzML,500.304,0,6.33,6.33,6.63,TCDCA,,#N/A
P1_D8_GCDCA_LCAG-95_BSH1208_48h.mzML,500.304,0,6.33,6.33,6.63,TCDCA,,#N/A
P1_D9_GUDCA_LCAG-95_BSH1208_48h.mzML,500.304,821,6.58,6.33,6.63,TCDCA,,#N/A
P1_D10_GCA_LCAG-95_BSH1208_48h.mzML,500.304,3420,6.53,6.33,6.63,TCDCA,,#N/A
P1_D11_BHI_50MeOH.mzML,500.304,0,6.33,6.33,6.63,TCDCA,,#N/A
P1_D12_BHI_50DMSO_25MeOH.mzML,500.304,516,6.54,6.33,6.63,TCDCA,,#N/A
P1_E1_TLCA_Ep_BSH101_48h.mzML,500.304,3825,6.58,6.33,6.63,TCDCA,,#N/A
P1_E2_TDCA_Ep_BSH101_48h.mzML,500.304,16049440,6.62,6.33,6.63,TCDCA,,#N/A
P1_E3_TCDCA_Ep_BSH101_48h.mzML,500.304,75267840,6.38,6.33,6.63,TCDCA,,#N/A
P1_E4_TUDCA_Ep_BSH101_48h.mzML,500.304,654137,6.46,6.33,6.63,TCDCA,,#N/A
P1_E5_TCA_Ep_BSH101_48h.mzML,500.304,108974,6.46,6.33,6.63,TCDCA,,#N/A
P1_E6_GLCA_Ep_BSH101_48h.mzML,500.304,27029,6.45,6.33,6.63,TCDCA,,#N/A
P1_E7_GDCA_Ep_BSH101_48h.mzML,500.304,1541,6.45,6.33,6.63,TCDCA,,#N/A
P1_E8_GCDCA_Ep_BSH101_48h.mzML,500.304,5444,6.58,6.33,6.63,TCDCA,,#N/A
P1_E9_GUDCA_Ep_BSH101_48h.mzML,500.304,10604,6.56,6.33,6.63,TCDCA,,#N/A
P1_E10_GCA_Ep_BSH101_48h.mzML,500.304,12530,6.59,6.33,6.63,TCDCA,,#N/A
P1_E11_BHI_50MeOH.mzML,500.304,0,6.33,6.33,6.63,TCDCA,,#N/A
P1_E12_BHI_50DMSO_25MeOH.mzML,500.304,8069,6.62,6.33,6.63,TCDCA,,#N/A
P1_F1_TLCA_AZ-52_48h.mzML,500.304,1062,6.57,6.33,6.63,TCDCA,,#N/A
P1_F2_TDCA_AZ-52_48h.mzML,500.304,0,6.33,6.33,6.63,TCDCA,,#N/A
P1_F3_TCDCA_AZ-52_48h.mzML,500.304,37972,6.48,6.33,6.63,TCDCA,,#N/A
P1_F4_TUDCA_AZ-52_48h.mzML,500.304,2474,6.57,6.33,6.63,TCDCA,,#N/A
P1_F5_TCA_AZ-52_48h.mzML,500.304,456,6.51,6.33,6.63,TCDCA,,#N/A
P1_F6_GLCA_AZ-52_48h.mzML,500.304,1839,6.59,6.33,6.63,TCDCA,,#N/A
P1_F7_GDCA_AZ-52_48h.mzML,500.304,0,6.33,6.33,6.63,TCDCA,,#N/A
P1_F8_GCDCA_AZ-52_48h.mzML,500.304,22278,6.48,6.33,6.63,TCDCA,,#N/A
P1_F9_GUDCA_AZ-52_48h.mzML,500.304,6492,6.6,6.33,6.63,TCDCA,,#N/A
P1_F10_GCA_AZ-52_48h.mzML,500.304,13341,6.58,6.33,6.63,TCDCA,,#N/A
P1_F11_BHI_50MeOH.mzML,500.304,0,6.33,6.33,6.63,TCDCA,,#N/A
P1_F12_BHI_50DMSO_25MeOH.mzML,500.304,1455,6.6,6.33,6.63,TCDCA,,#N/A
P1_G1_TLCA_EcAZ-1-cat_48h.mzML,500.304,0,6.33,6.33,6.63,TCDCA,,#N/A
P1_G2_TDCA_EcAZ-1-cat_48h.mzML,500.304,38989,6.62,6.33,6.63,TCDCA,,#N/A
P1_G3_TCDCA_EcAZ-1-cat_48h.mzML,500.304,62084800,6.4,6.33,6.63,TCDCA,,#N/A
P1_G4_TUDCA_EcAZ-1-cat_48h.mzML,500.304,433691,6.47,6.33,6.63,TCDCA,,#N/A
P1_G5_TCA_EcAZ-1-cat_48h.mzML,500.304,92516,6.48,6.33,6.63,TCDCA,,#N/A
P1_G6_GLCA_EcAZ-1-cat_48h.mzML,500.304,2824,6.49,6.33,6.63,TCDCA,,#N/A
P1_G7_GDCA_EcAZ-1-cat_48h.mzML,500.304,0,6.33,6.33,6.63,TCDCA,,#N/A
P1_G8_GCDCA_EcAZ-1-cat_48h.mzML,500.304,0,6.33,6.33,6.63,TCDCA,,#N/A
P1_G9_GUDCA_EcAZ-1-cat_48h.mzML,500.304,1273,6.58,6.33,6.63,TCDCA,,#N/A
P1_G10_GCA_EcAZ-1-cat_48h.mzML,500.304,7281,6.62,6.33,6.63,TCDCA,,#N/A
P1_G11_BHI_50MeOH.mzML,500.304,0,6.33,6.33,6.63,TCDCA,,#N/A
P1_G12_BHI_50DMSO_25MeOH.mzML,500.304,0,6.33,6.33,6.63,TCDCA,,#N/A
P1_H1_TLCA_ctrl_48h.mzML,500.304,16428,6.48,6.33,6.63,TCDCA,,#N/A
P1_H2_TDCA_ctrl_48h.mzML,500.304,821111,6.62,6.33,6.63,TCDCA,,#N/A
P1_H3_TCDCA_ctrl_48h.mzML,500.304,67738152,6.43,6.33,6.63,TCDCA,,#N/A
P1_H4_TUDCA_ctrl_48h.mzML,500.304,956432,6.48,6.33,6.63,TCDCA,,#N/A
P1_H5_TCA_ctrl_48h.mzML,500.304,153889,6.48,6.33,6.63,TCDCA,,#N/A
P1_H6_GLCA_ctrl_48h.mzML,500.304,0,6.33,6.33,6.63,TCDCA,,#N/A
P1_H7_GDCA_ctrl_48h.mzML,500.304,0,6.33,6.33,6.63,TCDCA,,#N/A
P1_H8_GCDCA_ctrl_48h.mzML,500.304,0,6.33,6.33,6.63,TCDCA,,#N/A
P1_H9_GUDCA_ctrl_48h.mzML,500.304,571,6.52,6.33,6.63,TCDCA,,#N/A
P1_H10_GCA_ctrl_48h.mzML,500.304,0,6.33,6.33,6.63,TCDCA,,#N/A
P1_H11_BHI_50MeOH.mzML,500.304,0,6.33,6.33,6.63,TCDCA,,#N/A
P1_H12_BHI_50DMSO_25MeOH.mzML,500.304,0,6.33,6.33,6.63,TCDCA,,#N/A
TCA_std.mzML,500.304,11888,6.46,6.33,6.63,TCDCA,,#N/A
TCDCA_std.mzML,500.304,4149237,6.45,6.33,6.63,TCDCA,,#N/A
TDCA_std.mzML,500.304,0,6.33,6.33,6.63,TCDCA,,#N/A
TLCA_std.mzML,500.304,0,6.33,6.33,6.63,TCDCA,,#N/A
TUDCA_std.mzML,500.304,289608,6.47,6.33,6.63,TCDCA,,#N/A
UDCA_aminoacids.mzML,500.304,31703,6.41,6.33,6.63,TCDCA,,#N/A
CA_aminoacids.mzML,500.304,0,6.61,6.61,7.08,TDCA,,#N/A
CA_DCA_LCA_aminoacids.mzML,500.304,15446,7.06,6.61,7.08,TDCA,,#N/A
CDCA_aminoacids.mzML,500.304,0,6.61,6.61,7.08,TDCA,,#N/A
DCA_aminoacids.mzML,500.304,908,6.82,6.61,7.08,TDCA,,#N/A
DCA_aminoacids_2.mzML,500.304,523488,6.9,6.61,7.08,TDCA,,#N/A
GCA_std.mzML,500.304,0,6.61,6.61,7.08,TDCA,,#N/A
GCDCA_std.mzML,500.304,0,6.61,6.61,7.08,TDCA,,#N/A
GDCA_std.mzML,500.304,0,6.61,6.61,7.08,TDCA,,#N/A
GLCA_std.mzML,500.304,0,6.61,6.61,7.08,TDCA,,#N/A
GUDCA_std.mzML,500.304,0,6.61,6.61,7.08,TDCA,,#N/A
P1_A1_TLCA_Dny_BSH1_48h.mzML,500.304,1436,6.83,6.61,7.08,TDCA,,#N/A
P1_A2_TDCA_Dny_BSH1_48h.mzML,500.304,123060,6.81,6.61,7.08,TDCA,,#N/A
P1_A3_TCDCA_Dny_BSH1_48h.mzML,500.304,95217,6.8,6.61,7.08,TDCA,,#N/A
P1_A4_TUDCA_Dny_BSH1_48h.mzML,500.304,154142,6.73,6.61,7.08,TDCA,,#N/A
P1_A5_TCA_Dny_BSH1_48h.mzML,500.304,55613,6.83,6.61,7.08,TDCA,,#N/A
P1_A6_GLCA_Dny_BSH1_48h.mzML,500.304,15625,6.66,6.61,7.08,TDCA,,#N/A
P1_A7_GDCA_Dny_BSH1_48h.mzML,500.304,22249,6.79,6.61,7.08,TDCA,,#N/A
P1_A8_GCDCA_Dny_BSH1_48h.mzML,500.304,6125,6.84,6.61,7.08,TDCA,,#N/A
P1_A9_GUDCA_Dny_BSH1_48h.mzML,500.304,2466,6.79,6.61,7.08,TDCA,,#N/A
P1_A10_GCA_Dny_BSH1_48h.mzML,500.304,3123,6.85,6.61,7.08,TDCA,,#N/A
P1_A11_BHI_50MeOH.mzML,500.304,0,6.61,6.61,7.08,TDCA,,#N/A
P1_A12_BHI_50DMSO_25MeOH.mzML,500.304,4237,6.83,6.61,7.08,TDCA,,#N/A
P1_B1_TLCA_Dny_BSH2_48h.mzML,500.304,160522,6.8,6.61,7.08,TDCA,,#N/A
P1_B2_TDCA_Dny_BSH2_48h.mzML,500.304,463724896,6.71,6.61,7.08,TDCA,,#N/A
P1_B3_TCDCA_Dny_BSH2_48h.mzML,500.304,2989946,6.61,6.61,7.08,TDCA,,#N/A
P1_B4_TUDCA_Dny_BSH2_48h.mzML,500.304,239913,6.8,6.61,7.08,TDCA,,#N/A
P1_B5_TCA_Dny_BSH2_48h.mzML,500.304,1158418,6.8,6.61,7.08,TDCA,,#N/A
P1_B6_GLCA_Dny_BSH2_48h.mzML,500.304,151376,6.8,6.61,7.08,TDCA,,#N/A
P1_B7_GDCA_Dny_BSH2_48h.mzML,500.304,56088,6.78,6.61,7.08,TDCA,,#N/A
P1_B8_GCDCA_Dny_BSH2_48h.mzML,500.304,59227,6.81,6.61,7.08,TDCA,,#N/A
P1_B9_GUDCA_Dny_BSH2_48h.mzML,500.304,60675,6.82,6.61,7.08,TDCA,,#N/A
P1_B10_GCA_Dny_BSH2_48h.mzML,500.304,70345,6.83,6.61,7.08,TDCA,,#N/A
P1_B11_BHI_50MeOH.mzML,500.304,2384,6.8,6.61,7.08,TDCA,,#N/A
P1_B12_BHI_50DMSO_25MeOH.mzML,500.304,46572,6.81,6.61,7.08,TDCA,,#N/A
P1_C1_TLCA_Lgasseri_BSH_48h.mzML,500.304,18880,6.84,6.61,7.08,TDCA,,#N/A
P1_C2_TDCA_Lgasseri_BSH_48h.mzML,500.304,116108,6.78,6.61,7.08,TDCA,,#N/A
P1_C3_TCDCA_Lgasseri_BSH_48h.mzML,500.304,69211,6.72,6.61,7.08,TDCA,,#N/A
P1_C4_TUDCA_Lgasseri_BSH_48h.mzML,500.304,20663,6.76,6.61,7.08,TDCA,,#N/A
P1_C5_TCA_Lgasseri_BSH_48h.mzML,500.304,38432,6.8,6.61,7.08,TDCA,,#N/A
P1_C6_GLCA_Lgasseri_BSH_48h.mzML,500.304,36341,6.8,6.61,7.08,TDCA,,#N/A
P1_C7_GDCA_Lgasseri_BSH_48h.mzML,500.304,33269,6.79,6.61,7.08,TDCA,,#N/A
P1_C8_GCDCA_Lgasseri_BSH_48h.mzML,500.304,72323,6.63,6.61,7.08,TDCA,,#N/A
P1_C9_GUDCA_Lgasseri_BSH_48h.mzML,500.304,127792,6.7,6.61,7.08,TDCA,,#N/A
P1_C10_GCA_Lgasseri_BSH_48h.mzML,500.304,39093,6.89,6.61,7.08,TDCA,,#N/A
P1_C11_BHI_50MeOH.mzML,500.304,1265,6.96,6.61,7.08,TDCA,,#N/A
P1_C12_BHI_50DMSO_25MeOH.mzML,500.304,93851,6.73,6.61,7.08,TDCA,,#N/A
P1_D1_TLCA_LCAG-95_BSH1208_48h.mzML,500.304,30253,6.79,6.61,7.08,TDCA,,#N/A
P1_D2_TDCA_LCAG-95_BSH1208_48h.mzML,500.304,32323622,6.77,6.61,7.08,TDCA,,#N/A
P1_D3_TCDCA_LCAG-95_BSH1208_48h.mzML,500.304,102825,6.78,6.61,7.08,TDCA,,#N/A
P1_D4_TUDCA_LCAG-95_BSH1208_48h.mzML,500.304,47207,6.78,6.61,7.08,TDCA,,#N/A
P1_D5_TCA_LCAG-95_BSH1208_48h.mzML,500.304,73000,6.78,6.61,7.08,TDCA,,#N/A
P1_D6_GLCA_LCAG-95_BSH1208_48h.mzML,500.304,25232,6.82,6.61,7.08,TDCA,,#N/A
P1_D7_GDCA_LCAG-95_BSH1208_48h.mzML,500.304,11138,6.82,6.61,7.08,TDCA,,#N/A
P1_D8_GCDCA_LCAG-95_BSH1208_48h.mzML,500.304,6754,6.81,6.61,7.08,TDCA,,#N/A
P1_D9_GUDCA_LCAG-95_BSH1208_48h.mzML,500.304,35248,6.79,6.61,7.08,TDCA,,#N/A
P1_D10_GCA_LCAG-95_BSH1208_48h.mzML,500.304,24911,6.76,6.61,7.08,TDCA,,#N/A
P1_D11_BHI_50MeOH.mzML,500.304,0,6.61,6.61,7.08,TDCA,,#N/A
P1_D12_BHI_50DMSO_25MeOH.mzML,500.304,25404,6.83,6.61,7.08,TDCA,,#N/A
P1_E1_TLCA_Ep_BSH101_48h.mzML,500.304,281676,6.8,6.61,7.08,TDCA,,#N/A
P1_E2_TDCA_Ep_BSH101_48h.mzML,500.304,506293088,6.67,6.61,7.08,TDCA,,#N/A
P1_E3_TCDCA_Ep_BSH101_48h.mzML,500.304,3041612,6.61,6.61,7.08,TDCA,,#N/A
P1_E4_TUDCA_Ep_BSH101_48h.mzML,500.304,439370,6.79,6.61,7.08,TDCA,,#N/A
P1_E5_TCA_Ep_BSH101_48h.mzML,500.304,1366928,6.79,6.61,7.08,TDCA,,#N/A
P1_E6_GLCA_Ep_BSH101_48h.mzML,500.304,239797,6.78,6.61,7.08,TDCA,,#N/A
P1_E7_GDCA_Ep_BSH101_48h.mzML,500.304,49904,6.78,6.61,7.08,TDCA,,#N/A
P1_E8_GCDCA_Ep_BSH101_48h.mzML,500.304,85878,6.8,6.61,7.08,TDCA,,#N/A
P1_E9_GUDCA_Ep_BSH101_48h.mzML,500.304,120053,6.78,6.61,7.08,TDCA,,#N/A
P1_E10_GCA_Ep_BSH101_48h.mzML,500.304,83372,6.79,6.61,7.08,TDCA,,#N/A
P1_E11_BHI_50MeOH.mzML,500.304,3665,6.81,6.61,7.08,TDCA,,#N/A
P1_E12_BHI_50DMSO_25MeOH.mzML,500.304,105500,6.79,6.61,7.08,TDCA,,#N/A
P1_F1_TLCA_AZ-52_48h.mzML,500.304,14251,6.92,6.61,7.08,TDCA,,#N/A
P1_F2_TDCA_AZ-52_48h.mzML,500.304,302736,6.79,6.61,7.08,TDCA,,#N/A
P1_F3_TCDCA_AZ-52_48h.mzML,500.304,118683,6.76,6.61,7.08,TDCA,,#N/A
P1_F4_TUDCA_AZ-52_48h.mzML,500.304,34971,6.77,6.61,7.08,TDCA,,#N/A
P1_F5_TCA_AZ-52_48h.mzML,500.304,70674,6.83,6.61,7.08,TDCA,,#N/A
P1_F6_GLCA_AZ-52_48h.mzML,500.304,40253,6.9,6.61,7.08,TDCA,,#N/A
P1_F7_GDCA_AZ-52_48h.mzML,500.304,19027,6.77,6.61,7.08,TDCA,,#N/A
P1_F8_GCDCA_AZ-52_48h.mzML,500.304,57290,6.83,6.61,7.08,TDCA,,#N/A
P1_F9_GUDCA_AZ-52_48h.mzML,500.304,80070,6.91,6.61,7.08,TDCA,,#N/A
P1_F10_GCA_AZ-52_48h.mzML,500.304,101062,6.85,6.61,7.08,TDCA,,#N/A
P1_F11_BHI_50MeOH.mzML,500.304,479,6.79,6.61,7.08,TDCA,,#N/A
P1_F12_BHI_50DMSO_25MeOH.mzML,500.304,38283,6.83,6.61,7.08,TDCA,,#N/A
P1_G1_TLCA_EcAZ-1-cat_48h.mzML,500.304,238102,6.81,6.61,7.08,TDCA,,#N/A
P1_G2_TDCA_EcAZ-1-cat_48h.mzML,500.304,479362368,6.69,6.61,7.08,TDCA,,#N/A
P1_G3_TCDCA_EcAZ-1-cat_48h.mzML,500.304,3441033,6.61,6.61,7.08,TDCA,,#N/A
P1_G4_TUDCA_EcAZ-1-cat_48h.mzML,500.304,371978,6.79,6.61,7.08,TDCA,,#N/A
P1_G5_TCA_EcAZ-1-cat_48h.mzML,500.304,1198008,6.81,6.61,7.08,TDCA,,#N/A
P1_G6_GLCA_EcAZ-1-cat_48h.mzML,500.304,161282,6.79,6.61,7.08,TDCA,,#N/A
P1_G7_GDCA_EcAZ-1-cat_48h.mzML,500.304,19383,6.81,6.61,7.08,TDCA,,#N/A
P1_G8_GCDCA_EcAZ-1-cat_48h.mzML,500.304,78896,6.81,6.61,7.08,TDCA,,#N/A
P1_G9_GUDCA_EcAZ-1-cat_48h.mzML,500.304,108435,6.81,6.61,7.08,TDCA,,#N/A
P1_G10_GCA_EcAZ-1-cat_48h.mzML,500.304,166437,6.82,6.61,7.08,TDCA,,#N/A
P1_G11_BHI_50MeOH.mzML,500.304,1890,6.82,6.61,7.08,TDCA,,#N/A
P1_G12_BHI_50DMSO_25MeOH.mzML,500.304,93018,6.94,6.61,7.08,TDCA,,#N/A
P1_H1_TLCA_ctrl_48h.mzML,500.304,276616,6.82,6.61,7.08,TDCA,,#N/A
P1_H2_TDCA_ctrl_48h.mzML,500.304,607887872,6.67,6.61,7.08,TDCA,,#N/A
P1_H3_TCDCA_ctrl_48h.mzML,500.304,3886582,6.61,6.61,7.08,TDCA,,#N/A
P1_H4_TUDCA_ctrl_48h.mzML,500.304,389332,6.8,6.61,7.08,TDCA,,#N/A
P1_H5_TCA_ctrl_48h.mzML,500.304,1162205,6.81,6.61,7.08,TDCA,,#N/A
P1_H6_GLCA_ctrl_48h.mzML,500.304,81729,6.82,6.61,7.08,TDCA,,#N/A
P1_H7_GDCA_ctrl_48h.mzML,500.304,11778,6.8,6.61,7.08,TDCA,,#N/A
P1_H8_GCDCA_ctrl_48h.mzML,500.304,14628,6.8,6.61,7.08,TDCA,,#N/A
P1_H9_GUDCA_ctrl_48h.mzML,500.304,98604,6.82,6.61,7.08,TDCA,,#N/A
P1_H10_GCA_ctrl_48h.mzML,500.304,3335,6.83,6.61,7.08,TDCA,,#N/A
P1_H11_BHI_50MeOH.mzML,500.304,4112,6.82,6.61,7.08,TDCA,,#N/A
P1_H12_BHI_50DMSO_25MeOH.mzML,500.304,8632,6.83,6.61,7.08,TDCA,,#N/A
TCA_std.mzML,500.304,86816,6.8,6.61,7.08,TDCA,,#N/A
TCDCA_std.mzML,500.304,203510,6.62,6.61,7.08,TDCA,,#N/A
TDCA_std.mzML,500.304,27082240,6.8,6.61,7.08,TDCA,,#N/A
TLCA_std.mzML,500.304,2321,6.82,6.61,7.08,TDCA,,#N/A
TUDCA_std.mzML,500.304,79056,6.8,6.61,7.08,TDCA,,#N/A
UDCA_aminoacids.mzML,500.304,1967,6.88,6.61,7.08,TDCA,,#N/A
CA_aminoacids.mzML,484.3091,0,8.55,8.55,8.77,TLCA,,#N/A
CA_DCA_LCA_aminoacids.mzML,484.3091,0,8.55,8.55,8.77,TLCA,,#N/A
CDCA_aminoacids.mzML,484.3091,0,8.55,8.55,8.77,TLCA,,#N/A
DCA_aminoacids.mzML,484.3091,0,8.55,8.55,8.77,TLCA,,#N/A
DCA_aminoacids_2.mzML,484.3091,0,8.55,8.55,8.77,TLCA,,#N/A
GCA_std.mzML,484.3091,0,8.55,8.55,8.77,TLCA,,#N/A
GCDCA_std.mzML,484.3091,0,8.55,8.55,8.77,TLCA,,#N/A
GDCA_std.mzML,484.3091,0,8.55,8.55,8.77,TLCA,,#N/A
GLCA_std.mzML,484.3091,0,8.55,8.55,8.77,TLCA,,#N/A
GUDCA_std.mzML,484.3091,0,8.55,8.55,8.77,TLCA,,#N/A
P1_A1_TLCA_Dny_BSH1_48h.mzML,484.3091,3748744,8.61,8.55,8.77,TLCA,,#N/A
P1_A2_TDCA_Dny_BSH1_48h.mzML,484.3091,0,8.55,8.55,8.77,TLCA,,#N/A
P1_A3_TCDCA_Dny_BSH1_48h.mzML,484.3091,0,8.55,8.55,8.77,TLCA,,#N/A
P1_A4_TUDCA_Dny_BSH1_48h.mzML,484.3091,0,8.55,8.55,8.77,TLCA,,#N/A
P1_A5_TCA_Dny_BSH1_48h.mzML,484.3091,0,8.55,8.55,8.77,TLCA,,#N/A
P1_A6_GLCA_Dny_BSH1_48h.mzML,484.3091,0,8.55,8.55,8.77,TLCA,,#N/A
P1_A7_GDCA_Dny_BSH1_48h.mzML,484.3091,0,8.55,8.55,8.77,TLCA,,#N/A
P1_A8_GCDCA_Dny_BSH1_48h.mzML,484.3091,0,8.55,8.55,8.77,TLCA,,#N/A
P1_A9_GUDCA_Dny_BSH1_48h.mzML,484.3091,0,8.55,8.55,8.77,TLCA,,#N/A
P1_A10_GCA_Dny_BSH1_48h.mzML,484.3091,0,8.55,8.55,8.77,TLCA,,#N/A
P1_A11_BHI_50MeOH.mzML,484.3091,0,8.55,8.55,8.77,TLCA,,#N/A
P1_A12_BHI_50DMSO_25MeOH.mzML,484.3091,0,8.55,8.55,8.77,TLCA,,#N/A
P1_B1_TLCA_Dny_BSH2_48h.mzML,484.3091,90855480,8.6,8.55,8.77,TLCA,,#N/A
P1_B2_TDCA_Dny_BSH2_48h.mzML,484.3091,197550,8.61,8.55,8.77,TLCA,,#N/A
P1_B3_TCDCA_Dny_BSH2_48h.mzML,484.3091,121415,8.61,8.55,8.77,TLCA,,#N/A
P1_B4_TUDCA_Dny_BSH2_48h.mzML,484.3091,90273,8.61,8.55,8.77,TLCA,,#N/A
P1_B5_TCA_Dny_BSH2_48h.mzML,484.3091,0,8.55,8.55,8.77,TLCA,,#N/A
P1_B6_GLCA_Dny_BSH2_48h.mzML,484.3091,1794,8.56,8.55,8.77,TLCA,,#N/A
P1_B7_GDCA_Dny_BSH2_48h.mzML,484.3091,4723,8.55,8.55,8.77,TLCA,,#N/A
P1_B8_GCDCA_Dny_BSH2_48h.mzML,484.3091,2104,8.58,8.55,8.77,TLCA,,#N/A
P1_B9_GUDCA_Dny_BSH2_48h.mzML,484.3091,0,8.55,8.55,8.77,TLCA,,#N/A
P1_B10_GCA_Dny_BSH2_48h.mzML,484.3091,0,8.55,8.55,8.77,TLCA,,#N/A
P1_B11_BHI_50MeOH.mzML,484.3091,0,8.55,8.55,8.77,TLCA,,#N/A
P1_B12_BHI_50DMSO_25MeOH.mzML,484.3091,0,8.55,8.55,8.77,TLCA,,#N/A
P1_C1_TLCA_Lgasseri_BSH_48h.mzML,484.3091,278135,8.61,8.55,8.77,TLCA,,#N/A
P1_C2_TDCA_Lgasseri_BSH_48h.mzML,484.3091,8172,8.59,8.55,8.77,TLCA,,#N/A
P1_C3_TCDCA_Lgasseri_BSH_48h.mzML,484.3091,0,8.55,8.55,8.77,TLCA,,#N/A
P1_C4_TUDCA_Lgasseri_BSH_48h.mzML,484.3091,0,8.55,8.55,8.77,TLCA,,#N/A
P1_C5_TCA_Lgasseri_BSH_48h.mzML,484.3091,0,8.55,8.55,8.77,TLCA,,#N/A
P1_C6_GLCA_Lgasseri_BSH_48h.mzML,484.3091,0,8.55,8.55,8.77,TLCA,,#N/A
P1_C7_GDCA_Lgasseri_BSH_48h.mzML,484.3091,0,8.55,8.55,8.77,TLCA,,#N/A
P1_C8_GCDCA_Lgasseri_BSH_48h.mzML,484.3091,0,8.55,8.55,8.77,TLCA,,#N/A
P1_C9_GUDCA_Lgasseri_BSH_48h.mzML,484.3091,0,8.55,8.55,8.77,TLCA,,#N/A
P1_C10_GCA_Lgasseri_BSH_48h.mzML,484.3091,0,8.55,8.55,8.77,TLCA,,#N/A
P1_C11_BHI_50MeOH.mzML,484.3091,0,8.55,8.55,8.77,TLCA,,#N/A
P1_C12_BHI_50DMSO_25MeOH.mzML,484.3091,0,8.55,8.55,8.77,TLCA,,#N/A
P1_D1_TLCA_LCAG-95_BSH1208_48h.mzML,484.3091,1088064,8.62,8.55,8.77,TLCA,,#N/A
P1_D2_TDCA_LCAG-95_BSH1208_48h.mzML,484.3091,0,8.55,8.55,8.77,TLCA,,#N/A
P1_D3_TCDCA_LCAG-95_BSH1208_48h.mzML,484.3091,0,8.55,8.55,8.77,TLCA,,#N/A
P1_D4_TUDCA_LCAG-95_BSH1208_48h.mzML,484.3091,0,8.55,8.55,8.77,TLCA,,#N/A
P1_D5_TCA_LCAG-95_BSH1208_48h.mzML,484.3091,0,8.55,8.55,8.77,TLCA,,#N/A
P1_D6_GLCA_LCAG-95_BSH1208_48h.mzML,484.3091,0,8.55,8.55,8.77,TLCA,,#N/A
P1_D7_GDCA_LCAG-95_BSH1208_48h.mzML,484.3091,0,8.55,8.55,8.77,TLCA,,#N/A
P1_D8_GCDCA_LCAG-95_BSH1208_48h.mzML,484.3091,0,8.55,8.55,8.77,TLCA,,#N/A
P1_D9_GUDCA_LCAG-95_BSH1208_48h.mzML,484.3091,0,8.55,8.55,8.77,TLCA,,#N/A
P1_D10_GCA_LCAG-95_BSH1208_48h.mzML,484.3091,0,8.55,8.55,8.77,TLCA,,#N/A
P1_D11_BHI_50MeOH.mzML,484.3091,0,8.55,8.55,8.77,TLCA,,#N/A
P1_D12_BHI_50DMSO_25MeOH.mzML,484.3091,0,8.55,8.55,8.77,TLCA,,#N/A
P1_E1_TLCA_Ep_BSH101_48h.mzML,484.3091,116174032,8.6,8.55,8.77,TLCA,,#N/A
P1_E2_TDCA_Ep_BSH101_48h.mzML,484.3091,325406,8.61,8.55,8.77,TLCA,,#N/A
P1_E3_TCDCA_Ep_BSH101_48h.mzML,484.3091,248323,8.61,8.55,8.77,TLCA,,#N/A
P1_E4_TUDCA_Ep_BSH101_48h.mzML,484.3091,239361,8.63,8.55,8.77,TLCA,,#N/A
P1_E5_TCA_Ep_BSH101_48h.mzML,484.3091,0,8.55,8.55,8.77,TLCA,,#N/A
P1_E6_GLCA_Ep_BSH101_48h.mzML,484.3091,57219,8.61,8.55,8.77,TLCA,,#N/A
P1_E7_GDCA_Ep_BSH101_48h.mzML,484.3091,0,8.55,8.55,8.77,TLCA,,#N/A
P1_E8_GCDCA_Ep_BSH101_48h.mzML,484.3091,15573,8.59,8.55,8.77,TLCA,,#N/A
P1_E9_GUDCA_Ep_BSH101_48h.mzML,484.3091,0,8.55,8.55,8.77,TLCA,,#N/A
P1_E10_GCA_Ep_BSH101_48h.mzML,484.3091,0,8.55,8.55,8.77,TLCA,,#N/A
P1_E11_BHI_50MeOH.mzML,484.3091,2114,8.56,8.55,8.77,TLCA,,#N/A
P1_E12_BHI_50DMSO_25MeOH.mzML,484.3091,0,8.55,8.55,8.77,TLCA,,#N/A
P1_F1_TLCA_AZ-52_48h.mzML,484.3091,487752,8.62,8.55,8.77,TLCA,,#N/A
P1_F2_TDCA_AZ-52_48h.mzML,484.3091,0,8.55,8.55,8.77,TLCA,,#N/A
P1_F3_TCDCA_AZ-52_48h.mzML,484.3091,0,8.55,8.55,8.77,TLCA,,#N/A
P1_F4_TUDCA_AZ-52_48h.mzML,484.3091,0,8.55,8.55,8.77,TLCA,,#N/A
P1_F5_TCA_AZ-52_48h.mzML,484.3091,0,8.55,8.55,8.77,TLCA,,#N/A
P1_F6_GLCA_AZ-52_48h.mzML,484.3091,0,8.55,8.55,8.77,TLCA,,#N/A
P1_F7_GDCA_AZ-52_48h.mzML,484.3091,0,8.55,8.55,8.77,TLCA,,#N/A
P1_F8_GCDCA_AZ-52_48h.mzML,484.3091,0,8.55,8.55,8.77,TLCA,,#N/A
P1_F9_GUDCA_AZ-52_48h.mzML,484.3091,0,8.55,8.55,8.77,TLCA,,#N/A
P1_F10_GCA_AZ-52_48h.mzML,484.3091,0,8.55,8.55,8.77,TLCA,,#N/A
P1_F11_BHI_50MeOH.mzML,484.3091,3499,8.56,8.55,8.77,TLCA,,#N/A
P1_F12_BHI_50DMSO_25MeOH.mzML,484.3091,0,8.55,8.55,8.77,TLCA,,#N/A
P1_G1_TLCA_EcAZ-1-cat_48h.mzML,484.3091,91204912,8.61,8.55,8.77,TLCA,,#N/A
P1_G2_TDCA_EcAZ-1-cat_48h.mzML,484.3091,303469,8.61,8.55,8.77,TLCA,,#N/A
P1_G3_TCDCA_EcAZ-1-cat_48h.mzML,484.3091,196392,8.63,8.55,8.77,TLCA,,#N/A
P1_G4_TUDCA_EcAZ-1-cat_48h.mzML,484.3091,173502,8.62,8.55,8.77,TLCA,,#N/A
P1_G5_TCA_EcAZ-1-cat_48h.mzML,484.3091,73124,8.6,8.55,8.77,TLCA,,#N/A
P1_G6_GLCA_EcAZ-1-cat_48h.mzML,484.3091,0,8.55,8.55,8.77,TLCA,,#N/A
P1_G7_GDCA_EcAZ-1-cat_48h.mzML,484.3091,0,8.55,8.55,8.77,TLCA,,#N/A
P1_G8_GCDCA_EcAZ-1-cat_48h.mzML,484.3091,0,8.55,8.55,8.77,TLCA,,#N/A
P1_G9_GUDCA_EcAZ-1-cat_48h.mzML,484.3091,0,8.55,8.55,8.77,TLCA,,#N/A
P1_G10_GCA_EcAZ-1-cat_48h.mzML,484.3091,0,8.55,8.55,8.77,TLCA,,#N/A
P1_G11_BHI_50MeOH.mzML,484.3091,0,8.55,8.55,8.77,TLCA,,#N/A
P1_G12_BHI_50DMSO_25MeOH.mzML,484.3091,0,8.55,8.55,8.77,TLCA,,#N/A
P1_H1_TLCA_ctrl_48h.mzML,484.3091,134702544,8.6,8.55,8.77,TLCA,,#N/A
P1_H2_TDCA_ctrl_48h.mzML,484.3091,1116234,8.62,8.55,8.77,TLCA,,#N/A
P1_H3_TCDCA_ctrl_48h.mzML,484.3091,332125,8.61,8.55,8.77,TLCA,,#N/A
P1_H4_TUDCA_ctrl_48h.mzML,484.3091,217532,8.62,8.55,8.77,TLCA,,#N/A
P1_H5_TCA_ctrl_48h.mzML,484.3091,65971,8.61,8.55,8.77,TLCA,,#N/A
P1_H6_GLCA_ctrl_48h.mzML,484.3091,42045,8.63,8.55,8.77,TLCA,,#N/A
P1_H7_GDCA_ctrl_48h.mzML,484.3091,9424,8.63,8.55,8.77,TLCA,,#N/A
P1_H8_GCDCA_ctrl_48h.mzML,484.3091,10323,8.6,8.55,8.77,TLCA,,#N/A
P1_H9_GUDCA_ctrl_48h.mzML,484.3091,0,8.55,8.55,8.77,TLCA,,#N/A
P1_H10_GCA_ctrl_48h.mzML,484.3091,1260,8.55,8.55,8.77,TLCA,,#N/A
P1_H11_BHI_50MeOH.mzML,484.3091,0,8.55,8.55,8.77,TLCA,,#N/A
P1_H12_BHI_50DMSO_25MeOH.mzML,484.3091,0,8.55,8.55,8.77,TLCA,,#N/A
TCA_std.mzML,484.3091,0,8.55,8.55,8.77,TLCA,,#N/A
TCDCA_std.mzML,484.3091,7623,8.61,8.55,8.77,TLCA,,#N/A
TDCA_std.mzML,484.3091,1910,8.62,8.55,8.77,TLCA,,#N/A
TLCA_std.mzML,484.3091,12282809,8.62,8.55,8.77,TLCA,,#N/A
TUDCA_std.mzML,484.3091,49857,8.62,8.55,8.77,TLCA,,#N/A
UDCA_aminoacids.mzML,484.3091,0,8.55,8.55,8.77,TLCA,,#N/A
CA_aminoacids.mzML,500.304,0,4.36,4.36,4.78,TUDCA,,#N/A
CA_DCA_LCA_aminoacids.mzML,500.304,0,4.36,4.36,4.78,TUDCA,,#N/A
CDCA_aminoacids.mzML,500.304,0,4.36,4.36,4.78,TUDCA,,#N/A
DCA_aminoacids.mzML,500.304,0,4.36,4.36,4.78,TUDCA,,#N/A
DCA_aminoacids_2.mzML,500.304,0,4.36,4.36,4.78,TUDCA,,#N/A
GCA_std.mzML,500.304,0,4.36,4.36,4.78,TUDCA,,#N/A
GCDCA_std.mzML,500.304,0,4.36,4.36,4.78,TUDCA,,#N/A
GDCA_std.mzML,500.304,0,4.36,4.36,4.78,TUDCA,,#N/A
GLCA_std.mzML,500.304,0,4.36,4.36,4.78,TUDCA,,#N/A
GUDCA_std.mzML,500.304,0,4.36,4.36,4.78,TUDCA,,#N/A
P1_A1_TLCA_Dny_BSH1_48h.mzML,500.304,0,4.36,4.36,4.78,TUDCA,,#N/A
P1_A2_TDCA_Dny_BSH1_48h.mzML,500.304,0,4.36,4.36,4.78,TUDCA,,#N/A
P1_A3_TCDCA_Dny_BSH1_48h.mzML,500.304,0,4.36,4.36,4.78,TUDCA,,#N/A
P1_A4_TUDCA_Dny_BSH1_48h.mzML,500.304,180551600,4.51,4.36,4.78,TUDCA,,#N/A
P1_A5_TCA_Dny_BSH1_48h.mzML,500.304,74407,4.59,4.36,4.78,TUDCA,,#N/A
P1_A6_GLCA_Dny_BSH1_48h.mzML,500.304,79018,4.61,4.36,4.78,TUDCA,,#N/A
P1_A7_GDCA_Dny_BSH1_48h.mzML,500.304,1635,4.57,4.36,4.78,TUDCA,,#N/A
P1_A8_GCDCA_Dny_BSH1_48h.mzML,500.304,0,4.36,4.36,4.78,TUDCA,,#N/A
P1_A9_GUDCA_Dny_BSH1_48h.mzML,500.304,14718,4.61,4.36,4.78,TUDCA,,#N/A
P1_A10_GCA_Dny_BSH1_48h.mzML,500.304,0,4.36,4.36,4.78,TUDCA,,#N/A
P1_A11_BHI_50MeOH.mzML,500.304,0,4.36,4.36,4.78,TUDCA,,#N/A
P1_A12_BHI_50DMSO_25MeOH.mzML,500.304,0,4.36,4.36,4.78,TUDCA,,#N/A
P1_B1_TLCA_Dny_BSH2_48h.mzML,500.304,0,4.36,4.36,4.78,TUDCA,,#N/A
P1_B2_TDCA_Dny_BSH2_48h.mzML,500.304,0,4.36,4.36,4.78,TUDCA,,#N/A
P1_B3_TCDCA_Dny_BSH2_48h.mzML,500.304,0,4.36,4.36,4.78,TUDCA,,#N/A
P1_B4_TUDCA_Dny_BSH2_48h.mzML,500.304,157153472,4.53,4.36,4.78,TUDCA,,#N/A
P1_B5_TCA_Dny_BSH2_48h.mzML,500.304,30227,4.57,4.36,4.78,TUDCA,,#N/A
P1_B6_GLCA_Dny_BSH2_48h.mzML,500.304,97746,4.61,4.36,4.78,TUDCA,,#N/A
P1_B7_GDCA_Dny_BSH2_48h.mzML,500.304,0,4.36,4.36,4.78,TUDCA,,#N/A
P1_B8_GCDCA_Dny_BSH2_48h.mzML,500.304,0,4.36,4.36,4.78,TUDCA,,#N/A
P1_B9_GUDCA_Dny_BSH2_48h.mzML,500.304,10639,4.51,4.36,4.78,TUDCA,,#N/A
P1_B10_GCA_Dny_BSH2_48h.mzML,500.304,0,4.36,4.36,4.78,TUDCA,,#N/A
P1_B11_BHI_50MeOH.mzML,500.304,0,4.36,4.36,4.78,TUDCA,,#N/A
P1_B12_BHI_50DMSO_25MeOH.mzML,500.304,0,4.36,4.36,4.78,TUDCA,,#N/A
P1_C1_TLCA_Lgasseri_BSH_48h.mzML,500.304,0,4.36,4.36,4.78,TUDCA,,#N/A
P1_C2_TDCA_Lgasseri_BSH_48h.mzML,500.304,4326,4.38,4.36,4.78,TUDCA,,#N/A
P1_C3_TCDCA_Lgasseri_BSH_48h.mzML,500.304,4113,4.52,4.36,4.78,TUDCA,,#N/A
P1_C4_TUDCA_Lgasseri_BSH_48h.mzML,500.304,22569,4.57,4.36,4.78,TUDCA,,#N/A
P1_C5_TCA_Lgasseri_BSH_48h.mzML,500.304,20603,4.49,4.36,4.78,TUDCA,,#N/A
P1_C6_GLCA_Lgasseri_BSH_48h.mzML,500.304,0,4.36,4.36,4.78,TUDCA,,#N/A
P1_C7_GDCA_Lgasseri_BSH_48h.mzML,500.304,0,4.36,4.36,4.78,TUDCA,,#N/A
P1_C8_GCDCA_Lgasseri_BSH_48h.mzML,500.304,0,4.36,4.36,4.78,TUDCA,,#N/A
P1_C9_GUDCA_Lgasseri_BSH_48h.mzML,500.304,0,4.36,4.36,4.78,TUDCA,,#N/A
P1_C10_GCA_Lgasseri_BSH_48h.mzML,500.304,0,4.36,4.36,4.78,TUDCA,,#N/A
P1_C11_BHI_50MeOH.mzML,500.304,0,4.36,4.36,4.78,TUDCA,,#N/A
P1_C12_BHI_50DMSO_25MeOH.mzML,500.304,0,4.36,4.36,4.78,TUDCA,,#N/A
P1_D1_TLCA_LCAG-95_BSH1208_48h.mzML,500.304,0,4.36,4.36,4.78,TUDCA,,#N/A
P1_D2_TDCA_LCAG-95_BSH1208_48h.mzML,500.304,9128,4.47,4.36,4.78,TUDCA,,#N/A
P1_D3_TCDCA_LCAG-95_BSH1208_48h.mzML,500.304,228788,4.58,4.36,4.78,TUDCA,,#N/A
P1_D4_TUDCA_LCAG-95_BSH1208_48h.mzML,500.304,9267194,4.58,4.36,4.78,TUDCA,,#N/A
P1_D5_TCA_LCAG-95_BSH1208_48h.mzML,500.304,123468,4.58,4.36,4.78,TUDCA,,#N/A
P1_D6_GLCA_LCAG-95_BSH1208_48h.mzML,500.304,0,4.36,4.36,4.78,TUDCA,,#N/A
P1_D7_GDCA_LCAG-95_BSH1208_48h.mzML,500.304,0,4.36,4.36,4.78,TUDCA,,#N/A
P1_D8_GCDCA_LCAG-95_BSH1208_48h.mzML,500.304,0,4.36,4.36,4.78,TUDCA,,#N/A
P1_D9_GUDCA_LCAG-95_BSH1208_48h.mzML,500.304,0,4.36,4.36,4.78,TUDCA,,#N/A
P1_D10_GCA_LCAG-95_BSH1208_48h.mzML,500.304,0,4.36,4.36,4.78,TUDCA,,#N/A
P1_D11_BHI_50MeOH.mzML,500.304,2802,4.49,4.36,4.78,TUDCA,,#N/A
P1_D12_BHI_50DMSO_25MeOH.mzML,500.304,0,4.36,4.36,4.78,TUDCA,,#N/A
P1_E1_TLCA_Ep_BSH101_48h.mzML,500.304,0,4.36,4.36,4.78,TUDCA,,#N/A
P1_E2_TDCA_Ep_BSH101_48h.mzML,500.304,0,4.36,4.36,4.78,TUDCA,,#N/A
P1_E3_TCDCA_Ep_BSH101_48h.mzML,500.304,25787,4.46,4.36,4.78,TUDCA,,#N/A
P1_E4_TUDCA_Ep_BSH101_48h.mzML,500.304,192767216,4.51,4.36,4.78,TUDCA,,#N/A
P1_E5_TCA_Ep_BSH101_48h.mzML,500.304,9112,4.55,4.36,4.78,TUDCA,,#N/A
P1_E6_GLCA_Ep_BSH101_48h.mzML,500.304,98188,4.58,4.36,4.78,TUDCA,,#N/A
P1_E7_GDCA_Ep_BSH101_48h.mzML,500.304,0,4.36,4.36,4.78,TUDCA,,#N/A
P1_E8_GCDCA_Ep_BSH101_48h.mzML,500.304,0,4.36,4.36,4.78,TUDCA,,#N/A
P1_E9_GUDCA_Ep_BSH101_48h.mzML,500.304,0,4.36,4.36,4.78,TUDCA,,#N/A
P1_E10_GCA_Ep_BSH101_48h.mzML,500.304,0,4.36,4.36,4.78,TUDCA,,#N/A
P1_E11_BHI_50MeOH.mzML,500.304,0,4.36,4.36,4.78,TUDCA,,#N/A
P1_E12_BHI_50DMSO_25MeOH.mzML,500.304,0,4.36,4.36,4.78,TUDCA,,#N/A
P1_F1_TLCA_AZ-52_48h.mzML,500.304,6919,4.51,4.36,4.78,TUDCA,,#N/A
P1_F2_TDCA_AZ-52_48h.mzML,500.304,0,4.36,4.36,4.78,TUDCA,,#N/A
P1_F3_TCDCA_AZ-52_48h.mzML,500.304,0,4.36,4.36,4.78,TUDCA,,#N/A
P1_F4_TUDCA_AZ-52_48h.mzML,500.304,110873,4.58,4.36,4.78,TUDCA,,#N/A
P1_F5_TCA_AZ-52_48h.mzML,500.304,0,4.36,4.36,4.78,TUDCA,,#N/A
P1_F6_GLCA_AZ-52_48h.mzML,500.304,0,4.36,4.36,4.78,TUDCA,,#N/A
P1_F7_GDCA_AZ-52_48h.mzML,500.304,0,4.36,4.36,4.78,TUDCA,,#N/A
P1_F8_GCDCA_AZ-52_48h.mzML,500.304,0,4.36,4.36,4.78,TUDCA,,#N/A
P1_F9_GUDCA_AZ-52_48h.mzML,500.304,0,4.36,4.36,4.78,TUDCA,,#N/A
P1_F10_GCA_AZ-52_48h.mzML,500.304,0,4.36,4.36,4.78,TUDCA,,#N/A
P1_F11_BHI_50MeOH.mzML,500.304,5722,4.39,4.36,4.78,TUDCA,,#N/A
P1_F12_BHI_50DMSO_25MeOH.mzML,500.304,0,4.36,4.36,4.78,TUDCA,,#N/A
P1_G1_TLCA_EcAZ-1-cat_48h.mzML,500.304,0,4.36,4.36,4.78,TUDCA,,#N/A
P1_G2_TDCA_EcAZ-1-cat_48h.mzML,500.304,0,4.36,4.36,4.78,TUDCA,,#N/A
P1_G3_TCDCA_EcAZ-1-cat_48h.mzML,500.304,24911,4.62,4.36,4.78,TUDCA,,#N/A
P1_G4_TUDCA_EcAZ-1-cat_48h.mzML,500.304,161346864,4.49,4.36,4.78,TUDCA,,#N/A
P1_G5_TCA_EcAZ-1-cat_48h.mzML,500.304,4024,4.58,4.36,4.78,TUDCA,,#N/A
P1_G6_GLCA_EcAZ-1-cat_48h.mzML,500.304,96522,4.59,4.36,4.78,TUDCA,,#N/A
P1_G7_GDCA_EcAZ-1-cat_48h.mzML,500.304,0,4.36,4.36,4.78,TUDCA,,#N/A
P1_G8_GCDCA_EcAZ-1-cat_48h.mzML,500.304,0,4.36,4.36,4.78,TUDCA,,#N/A
P1_G9_GUDCA_EcAZ-1-cat_48h.mzML,500.304,0,4.36,4.36,4.78,TUDCA,,#N/A
P1_G10_GCA_EcAZ-1-cat_48h.mzML,500.304,0,4.36,4.36,4.78,TUDCA,,#N/A
P1_G11_BHI_50MeOH.mzML,500.304,0,4.36,4.36,4.78,TUDCA,,#N/A
P1_G12_BHI_50DMSO_25MeOH.mzML,500.304,0,4.36,4.36,4.78,TUDCA,,#N/A
P1_H1_TLCA_ctrl_48h.mzML,500.304,1333,4.4,4.36,4.78,TUDCA,,#N/A
P1_H2_TDCA_ctrl_48h.mzML,500.304,13260,4.59,4.36,4.78,TUDCA,,#N/A
P1_H3_TCDCA_ctrl_48h.mzML,500.304,10846,4.6,4.36,4.78,TUDCA,,#N/A
P1_H4_TUDCA_ctrl_48h.mzML,500.304,222430704,4.5,4.36,4.78,TUDCA,,#N/A
P1_H5_TCA_ctrl_48h.mzML,500.304,20761,4.57,4.36,4.78,TUDCA,,#N/A
P1_H6_GLCA_ctrl_48h.mzML,500.304,82165,4.6,4.36,4.78,TUDCA,,#N/A
P1_H7_GDCA_ctrl_48h.mzML,500.304,0,4.36,4.36,4.78,TUDCA,,#N/A
P1_H8_GCDCA_ctrl_48h.mzML,500.304,0,4.36,4.36,4.78,TUDCA,,#N/A
P1_H9_GUDCA_ctrl_48h.mzML,500.304,0,4.36,4.36,4.78,TUDCA,,#N/A
P1_H10_GCA_ctrl_48h.mzML,500.304,1800,4.39,4.36,4.78,TUDCA,,#N/A
P1_H11_BHI_50MeOH.mzML,500.304,0,4.36,4.36,4.78,TUDCA,,#N/A
P1_H12_BHI_50DMSO_25MeOH.mzML,500.304,4796,4.42,4.36,4.78,TUDCA,,#N/A
TCA_std.mzML,500.304,9298,4.59,4.36,4.78,TUDCA,,#N/A
TCDCA_std.mzML,500.304,479,4.59,4.36,4.78,TUDCA,,#N/A
TDCA_std.mzML,500.304,0,4.36,4.36,4.78,TUDCA,,#N/A
TLCA_std.mzML,500.304,0,4.36,4.36,4.78,TUDCA,,#N/A
TUDCA_std.mzML,500.304,49547840,4.55,4.36,4.78,TUDCA,,#N/A
UDCA_aminoacids.mzML,500.304,0,4.36,4.36,4.78,TUDCA,,#N/A
CA_aminoacids.mzML,464.3371,0,6.34,6.34,6.56,Ala-UDCA,,#N/A
CA_DCA_LCA_aminoacids.mzML,464.3371,402654656,6.41,6.34,6.56,Ala-UDCA,,#N/A
CDCA_aminoacids.mzML,464.3371,0,6.34,6.34,6.56,Ala-UDCA,,#N/A
DCA_aminoacids.mzML,464.3371,0,6.34,6.34,6.56,Ala-UDCA,,#N/A
DCA_aminoacids_2.mzML,464.3371,225054,6.42,6.34,6.56,Ala-UDCA,,#N/A
GCA_std.mzML,464.3371,0,6.34,6.34,6.56,Ala-UDCA,,#N/A
GCDCA_std.mzML,464.3371,0,6.34,6.34,6.56,Ala-UDCA,,#N/A
GDCA_std.mzML,464.3371,0,6.34,6.34,6.56,Ala-UDCA,,#N/A
GLCA_std.mzML,464.3371,0,6.34,6.34,6.56,Ala-UDCA,,#N/A
GUDCA_std.mzML,464.3371,0,6.34,6.34,6.56,Ala-UDCA,,#N/A
P1_A1_TLCA_Dny_BSH1_48h.mzML,464.3371,0,6.34,6.34,6.56,Ala-UDCA,,#N/A
P1_A2_TDCA_Dny_BSH1_48h.mzML,464.3371,0,6.34,6.34,6.56,Ala-UDCA,,#N/A
P1_A3_TCDCA_Dny_BSH1_48h.mzML,464.3371,0,6.34,6.34,6.56,Ala-UDCA,,#N/A
P1_A4_TUDCA_Dny_BSH1_48h.mzML,464.3371,713041,6.45,6.34,6.56,Ala-UDCA,,#N/A
P1_A5_TCA_Dny_BSH1_48h.mzML,464.3371,0,6.34,6.34,6.56,Ala-UDCA,,#N/A
P1_A6_GLCA_Dny_BSH1_48h.mzML,464.3371,0,6.34,6.34,6.56,Ala-UDCA,,#N/A
P1_A7_GDCA_Dny_BSH1_48h.mzML,464.3371,0,6.34,6.34,6.56,Ala-UDCA,,#N/A
P1_A8_GCDCA_Dny_BSH1_48h.mzML,464.3371,0,6.34,6.34,6.56,Ala-UDCA,,#N/A
P1_A9_GUDCA_Dny_BSH1_48h.mzML,464.3371,2075024,6.45,6.34,6.56,Ala-UDCA,,#N/A
P1_A10_GCA_Dny_BSH1_48h.mzML,464.3371,0,6.34,6.34,6.56,Ala-UDCA,,#N/A
P1_A11_BHI_50MeOH.mzML,464.3371,0,6.34,6.34,6.56,Ala-UDCA,,#N/A
P1_A12_BHI_50DMSO_25MeOH.mzML,464.3371,0,6.34,6.34,6.56,Ala-UDCA,,#N/A
P1_B1_TLCA_Dny_BSH2_48h.mzML,464.3371,0,6.34,6.34,6.56,Ala-UDCA,,#N/A
P1_B2_TDCA_Dny_BSH2_48h.mzML,464.3371,0,6.34,6.34,6.56,Ala-UDCA,,#N/A
P1_B3_TCDCA_Dny_BSH2_48h.mzML,464.3371,1681,6.35,6.34,6.56,Ala-UDCA,,#N/A
P1_B4_TUDCA_Dny_BSH2_48h.mzML,464.3371,0,6.34,6.34,6.56,Ala-UDCA,,#N/A
P1_B5_TCA_Dny_BSH2_48h.mzML,464.3371,0,6.34,6.34,6.56,Ala-UDCA,,#N/A
P1_B6_GLCA_Dny_BSH2_48h.mzML,464.3371,0,6.34,6.34,6.56,Ala-UDCA,,#N/A
P1_B7_GDCA_Dny_BSH2_48h.mzML,464.3371,0,6.34,6.34,6.56,Ala-UDCA,,#N/A
P1_B8_GCDCA_Dny_BSH2_48h.mzML,464.3371,0,6.34,6.34,6.56,Ala-UDCA,,#N/A
P1_B9_GUDCA_Dny_BSH2_48h.mzML,464.3371,0,6.34,6.34,6.56,Ala-UDCA,,#N/A
P1_B10_GCA_Dny_BSH2_48h.mzML,464.3371,0,6.34,6.34,6.56,Ala-UDCA,,#N/A
P1_B11_BHI_50MeOH.mzML,464.3371,0,6.34,6.34,6.56,Ala-UDCA,,#N/A
P1_B12_BHI_50DMSO_25MeOH.mzML,464.3371,0,6.34,6.34,6.56,Ala-UDCA,,#N/A
P1_C1_TLCA_Lgasseri_BSH_48h.mzML,464.3371,0,6.34,6.34,6.56,Ala-UDCA,,#N/A
P1_C2_TDCA_Lgasseri_BSH_48h.mzML,464.3371,0,6.34,6.34,6.56,Ala-UDCA,,#N/A
P1_C3_TCDCA_Lgasseri_BSH_48h.mzML,464.3371,0,6.34,6.34,6.56,Ala-UDCA,,#N/A
P1_C4_TUDCA_Lgasseri_BSH_48h.mzML,464.3371,0,6.34,6.34,6.56,Ala-UDCA,,#N/A
P1_C5_TCA_Lgasseri_BSH_48h.mzML,464.3371,0,6.34,6.34,6.56,Ala-UDCA,,#N/A
P1_C6_GLCA_Lgasseri_BSH_48h.mzML,464.3371,0,6.34,6.34,6.56,Ala-UDCA,,#N/A
P1_C7_GDCA_Lgasseri_BSH_48h.mzML,464.3371,0,6.34,6.34,6.56,Ala-UDCA,,#N/A
P1_C8_GCDCA_Lgasseri_BSH_48h.mzML,464.3371,0,6.34,6.34,6.56,Ala-UDCA,,#N/A
P1_C9_GUDCA_Lgasseri_BSH_48h.mzML,464.3371,0,6.34,6.34,6.56,Ala-UDCA,,#N/A
P1_C10_GCA_Lgasseri_BSH_48h.mzML,464.3371,0,6.34,6.34,6.56,Ala-UDCA,,#N/A
P1_C11_BHI_50MeOH.mzML,464.3371,0,6.34,6.34,6.56,Ala-UDCA,,#N/A
P1_C12_BHI_50DMSO_25MeOH.mzML,464.3371,0,6.34,6.34,6.56,Ala-UDCA,,#N/A
P1_D1_TLCA_LCAG-95_BSH1208_48h.mzML,464.3371,0,6.34,6.34,6.56,Ala-UDCA,,#N/A
P1_D2_TDCA_LCAG-95_BSH1208_48h.mzML,464.3371,0,6.34,6.34,6.56,Ala-UDCA,,#N/A
P1_D3_TCDCA_LCAG-95_BSH1208_48h.mzML,464.3371,0,6.34,6.34,6.56,Ala-UDCA,,#N/A
P1_D4_TUDCA_LCAG-95_BSH1208_48h.mzML,464.3371,56119,6.43,6.34,6.56,Ala-UDCA,,#N/A
P1_D5_TCA_LCAG-95_BSH1208_48h.mzML,464.3371,0,6.34,6.34,6.56,Ala-UDCA,,#N/A
P1_D6_GLCA_LCAG-95_BSH1208_48h.mzML,464.3371,0,6.34,6.34,6.56,Ala-UDCA,,#N/A
P1_D7_GDCA_LCAG-95_BSH1208_48h.mzML,464.3371,0,6.34,6.34,6.56,Ala-UDCA,,#N/A
P1_D8_GCDCA_LCAG-95_BSH1208_48h.mzML,464.3371,0,6.34,6.34,6.56,Ala-UDCA,,#N/A
P1_D9_GUDCA_LCAG-95_BSH1208_48h.mzML,464.3371,84210,6.43,6.34,6.56,Ala-UDCA,,#N/A
P1_D10_GCA_LCAG-95_BSH1208_48h.mzML,464.3371,0,6.34,6.34,6.56,Ala-UDCA,,#N/A
P1_D11_BHI_50MeOH.mzML,464.3371,0,6.34,6.34,6.56,Ala-UDCA,,#N/A
P1_D12_BHI_50DMSO_25MeOH.mzML,464.3371,0,6.34,6.34,6.56,Ala-UDCA,,#N/A
P1_E1_TLCA_Ep_BSH101_48h.mzML,464.3371,0,6.34,6.34,6.56,Ala-UDCA,,#N/A
P1_E2_TDCA_Ep_BSH101_48h.mzML,464.3371,0,6.34,6.34,6.56,Ala-UDCA,,#N/A
P1_E3_TCDCA_Ep_BSH101_48h.mzML,464.3371,0,6.34,6.34,6.56,Ala-UDCA,,#N/A
P1_E4_TUDCA_Ep_BSH101_48h.mzML,464.3371,0,6.34,6.34,6.56,Ala-UDCA,,#N/A
P1_E5_TCA_Ep_BSH101_48h.mzML,464.3371,0,6.34,6.34,6.56,Ala-UDCA,,#N/A
P1_E6_GLCA_Ep_BSH101_48h.mzML,464.3371,0,6.34,6.34,6.56,Ala-UDCA,,#N/A
P1_E7_GDCA_Ep_BSH101_48h.mzML,464.3371,0,6.34,6.34,6.56,Ala-UDCA,,#N/A
P1_E8_GCDCA_Ep_BSH101_48h.mzML,464.3371,0,6.34,6.34,6.56,Ala-UDCA,,#N/A
P1_E9_GUDCA_Ep_BSH101_48h.mzML,464.3371,0,6.34,6.34,6.56,Ala-UDCA,,#N/A
P1_E10_GCA_Ep_BSH101_48h.mzML,464.3371,0,6.34,6.34,6.56,Ala-UDCA,,#N/A
P1_E11_BHI_50MeOH.mzML,464.3371,0,6.34,6.34,6.56,Ala-UDCA,,#N/A
P1_E12_BHI_50DMSO_25MeOH.mzML,464.3371,0,6.34,6.34,6.56,Ala-UDCA,,#N/A
P1_F1_TLCA_AZ-52_48h.mzML,464.3371,0,6.34,6.34,6.56,Ala-UDCA,,#N/A
P1_F2_TDCA_AZ-52_48h.mzML,464.3371,0,6.34,6.34,6.56,Ala-UDCA,,#N/A
P1_F3_TCDCA_AZ-52_48h.mzML,464.3371,0,6.34,6.34,6.56,Ala-UDCA,,#N/A
P1_F4_TUDCA_AZ-52_48h.mzML,464.3371,224581,6.43,6.34,6.56,Ala-UDCA,,#N/A
P1_F5_TCA_AZ-52_48h.mzML,464.3371,0,6.34,6.34,6.56,Ala-UDCA,,#N/A
P1_F6_GLCA_AZ-52_48h.mzML,464.3371,0,6.34,6.34,6.56,Ala-UDCA,,#N/A
P1_F7_GDCA_AZ-52_48h.mzML,464.3371,0,6.34,6.34,6.56,Ala-UDCA,,#N/A
P1_F8_GCDCA_AZ-52_48h.mzML,464.3371,0,6.34,6.34,6.56,Ala-UDCA,,#N/A
P1_F9_GUDCA_AZ-52_48h.mzML,464.3371,71049,6.44,6.34,6.56,Ala-UDCA,,#N/A
P1_F10_GCA_AZ-52_48h.mzML,464.3371,0,6.34,6.34,6.56,Ala-UDCA,,#N/A
P1_F11_BHI_50MeOH.mzML,464.3371,0,6.34,6.34,6.56,Ala-UDCA,,#N/A
P1_F12_BHI_50DMSO_25MeOH.mzML,464.3371,0,6.34,6.34,6.56,Ala-UDCA,,#N/A
P1_G1_TLCA_EcAZ-1-cat_48h.mzML,464.3371,0,6.34,6.34,6.56,Ala-UDCA,,#N/A
P1_G2_TDCA_EcAZ-1-cat_48h.mzML,464.3371,0,6.34,6.34,6.56,Ala-UDCA,,#N/A
P1_G3_TCDCA_EcAZ-1-cat_48h.mzML,464.3371,0,6.34,6.34,6.56,Ala-UDCA,,#N/A
P1_G4_TUDCA_EcAZ-1-cat_48h.mzML,464.3371,0,6.34,6.34,6.56,Ala-UDCA,,#N/A
P1_G5_TCA_EcAZ-1-cat_48h.mzML,464.3371,0,6.34,6.34,6.56,Ala-UDCA,,#N/A
P1_G6_GLCA_EcAZ-1-cat_48h.mzML,464.3371,0,6.34,6.34,6.56,Ala-UDCA,,#N/A
P1_G7_GDCA_EcAZ-1-cat_48h.mzML,464.3371,0,6.34,6.34,6.56,Ala-UDCA,,#N/A
P1_G8_GCDCA_EcAZ-1-cat_48h.mzML,464.3371,0,6.34,6.34,6.56,Ala-UDCA,,#N/A
P1_G9_GUDCA_EcAZ-1-cat_48h.mzML,464.3371,0,6.34,6.34,6.56,Ala-UDCA,,#N/A
P1_G10_GCA_EcAZ-1-cat_48h.mzML,464.3371,0,6.34,6.34,6.56,Ala-UDCA,,#N/A
P1_G11_BHI_50MeOH.mzML,464.3371,0,6.34,6.34,6.56,Ala-UDCA,,#N/A
P1_G12_BHI_50DMSO_25MeOH.mzML,464.3371,0,6.34,6.34,6.56,Ala-UDCA,,#N/A
P1_H1_TLCA_ctrl_48h.mzML,464.3371,0,6.34,6.34,6.56,Ala-UDCA,,#N/A
P1_H2_TDCA_ctrl_48h.mzML,464.3371,0,6.34,6.34,6.56,Ala-UDCA,,#N/A
P1_H3_TCDCA_ctrl_48h.mzML,464.3371,0,6.34,6.34,6.56,Ala-UDCA,,#N/A
P1_H4_TUDCA_ctrl_48h.mzML,464.3371,0,6.34,6.34,6.56,Ala-UDCA,,#N/A
P1_H5_TCA_ctrl_48h.mzML,464.3371,0,6.34,6.34,6.56,Ala-UDCA,,#N/A
P1_H6_GLCA_ctrl_48h.mzML,464.3371,0,6.34,6.34,6.56,Ala-UDCA,,#N/A
P1_H7_GDCA_ctrl_48h.mzML,464.3371,0,6.34,6.34,6.56,Ala-UDCA,,#N/A
P1_H8_GCDCA_ctrl_48h.mzML,464.3371,0,6.34,6.34,6.56,Ala-UDCA,,#N/A
P1_H9_GUDCA_ctrl_48h.mzML,464.3371,0,6.34,6.34,6.56,Ala-UDCA,,#N/A
P1_H10_GCA_ctrl_48h.mzML,464.3371,0,6.34,6.34,6.56,Ala-UDCA,,#N/A
P1_H11_BHI_50MeOH.mzML,464.3371,0,6.34,6.34,6.56,Ala-UDCA,,#N/A
P1_H12_BHI_50DMSO_25MeOH.mzML,464.3371,0,6.34,6.34,6.56,Ala-UDCA,,#N/A
TCA_std.mzML,464.3371,0,6.34,6.34,6.56,Ala-UDCA,,#N/A
TCDCA_std.mzML,464.3371,0,6.34,6.34,6.56,Ala-UDCA,,#N/A
TDCA_std.mzML,464.3371,0,6.34,6.34,6.56,Ala-UDCA,,#N/A
TLCA_std.mzML,464.3371,0,6.34,6.34,6.56,Ala-UDCA,,#N/A
TUDCA_std.mzML,464.3371,0,6.34,6.34,6.56,Ala-UDCA,,#N/A
UDCA_aminoacids.mzML,464.3371,43771,6.43,6.34,6.56,Ala-UDCA,,#N/A
CA_aminoacids.mzML,506.384,81790,8.45,8.43,8.66,Ile/Leu-UDCA,,#N/A
CA_DCA_LCA_aminoacids.mzML,506.384,491944928,8.55,8.43,8.66,Ile/Leu-UDCA,,#N/A
CDCA_aminoacids.mzML,506.384,0,8.43,8.43,8.66,Ile/Leu-UDCA,,#N/A
DCA_aminoacids.mzML,506.384,0,8.43,8.43,8.66,Ile/Leu-UDCA,,#N/A
DCA_aminoacids_2.mzML,506.384,632848,8.57,8.43,8.66,Ile/Leu-UDCA,,#N/A
GCA_std.mzML,506.384,0,8.43,8.43,8.66,Ile/Leu-UDCA,,#N/A
GCDCA_std.mzML,506.384,0,8.43,8.43,8.66,Ile/Leu-UDCA,,#N/A
GDCA_std.mzML,506.384,0,8.43,8.43,8.66,Ile/Leu-UDCA,,#N/A
GLCA_std.mzML,506.384,0,8.43,8.43,8.66,Ile/Leu-UDCA,,#N/A
GUDCA_std.mzML,506.384,0,8.43,8.43,8.66,Ile/Leu-UDCA,,#N/A
P1_A1_TLCA_Dny_BSH1_48h.mzML,506.384,0,8.43,8.43,8.66,Ile/Leu-UDCA,,#N/A
P1_A2_TDCA_Dny_BSH1_48h.mzML,506.384,0,8.43,8.43,8.66,Ile/Leu-UDCA,,#N/A
P1_A3_TCDCA_Dny_BSH1_48h.mzML,506.384,0,8.43,8.43,8.66,Ile/Leu-UDCA,,#N/A
P1_A4_TUDCA_Dny_BSH1_48h.mzML,506.384,302430,8.56,8.43,8.66,Ile/Leu-UDCA,,#N/A
P1_A5_TCA_Dny_BSH1_48h.mzML,506.384,0,8.43,8.43,8.66,Ile/Leu-UDCA,,#N/A
P1_A6_GLCA_Dny_BSH1_48h.mzML,506.384,0,8.43,8.43,8.66,Ile/Leu-UDCA,,#N/A
P1_A7_GDCA_Dny_BSH1_48h.mzML,506.384,0,8.43,8.43,8.66,Ile/Leu-UDCA,,#N/A
P1_A8_GCDCA_Dny_BSH1_48h.mzML,506.384,0,8.43,8.43,8.66,Ile/Leu-UDCA,,#N/A
P1_A9_GUDCA_Dny_BSH1_48h.mzML,506.384,952628,8.56,8.43,8.66,Ile/Leu-UDCA,,#N/A
P1_A10_GCA_Dny_BSH1_48h.mzML,506.384,0,8.43,8.43,8.66,Ile/Leu-UDCA,,#N/A
P1_A11_BHI_50MeOH.mzML,506.384,0,8.43,8.43,8.66,Ile/Leu-UDCA,,#N/A
P1_A12_BHI_50DMSO_25MeOH.mzML,506.384,0,8.43,8.43,8.66,Ile/Leu-UDCA,,#N/A
P1_B1_TLCA_Dny_BSH2_48h.mzML,506.384,0,8.43,8.43,8.66,Ile/Leu-UDCA,,#N/A
P1_B2_TDCA_Dny_BSH2_48h.mzML,506.384,0,8.43,8.43,8.66,Ile/Leu-UDCA,,#N/A
P1_B3_TCDCA_Dny_BSH2_48h.mzML,506.384,0,8.43,8.43,8.66,Ile/Leu-UDCA,,#N/A
P1_B4_TUDCA_Dny_BSH2_48h.mzML,506.384,0,8.43,8.43,8.66,Ile/Leu-UDCA,,#N/A
P1_B5_TCA_Dny_BSH2_48h.mzML,506.384,0,8.43,8.43,8.66,Ile/Leu-UDCA,,#N/A
P1_B6_GLCA_Dny_BSH2_48h.mzML,506.384,0,8.43,8.43,8.66,Ile/Leu-UDCA,,#N/A
P1_B7_GDCA_Dny_BSH2_48h.mzML,506.384,0,8.43,8.43,8.66,Ile/Leu-UDCA,,#N/A
P1_B8_GCDCA_Dny_BSH2_48h.mzML,506.384,0,8.43,8.43,8.66,Ile/Leu-UDCA,,#N/A
P1_B9_GUDCA_Dny_BSH2_48h.mzML,506.384,0,8.43,8.43,8.66,Ile/Leu-UDCA,,#N/A
P1_B10_GCA_Dny_BSH2_48h.mzML,506.384,0,8.43,8.43,8.66,Ile/Leu-UDCA,,#N/A
P1_B11_BHI_50MeOH.mzML,506.384,0,8.43,8.43,8.66,Ile/Leu-UDCA,,#N/A
P1_B12_BHI_50DMSO_25MeOH.mzML,506.384,0,8.43,8.43,8.66,Ile/Leu-UDCA,,#N/A
P1_C1_TLCA_Lgasseri_BSH_48h.mzML,506.384,0,8.43,8.43,8.66,Ile/Leu-UDCA,,#N/A
P1_C2_TDCA_Lgasseri_BSH_48h.mzML,506.384,0,8.43,8.43,8.66,Ile/Leu-UDCA,,#N/A
P1_C3_TCDCA_Lgasseri_BSH_48h.mzML,506.384,0,8.43,8.43,8.66,Ile/Leu-UDCA,,#N/A
P1_C4_TUDCA_Lgasseri_BSH_48h.mzML,506.384,0,8.43,8.43,8.66,Ile/Leu-UDCA,,#N/A
P1_C5_TCA_Lgasseri_BSH_48h.mzML,506.384,0,8.43,8.43,8.66,Ile/Leu-UDCA,,#N/A
P1_C6_GLCA_Lgasseri_BSH_48h.mzML,506.384,0,8.43,8.43,8.66,Ile/Leu-UDCA,,#N/A
P1_C7_GDCA_Lgasseri_BSH_48h.mzML,506.384,0,8.43,8.43,8.66,Ile/Leu-UDCA,,#N/A
P1_C8_GCDCA_Lgasseri_BSH_48h.mzML,506.384,0,8.43,8.43,8.66,Ile/Leu-UDCA,,#N/A
P1_C9_GUDCA_Lgasseri_BSH_48h.mzML,506.384,0,8.43,8.43,8.66,Ile/Leu-UDCA,,#N/A
P1_C10_GCA_Lgasseri_BSH_48h.mzML,506.384,0,8.43,8.43,8.66,Ile/Leu-UDCA,,#N/A
P1_C11_BHI_50MeOH.mzML,506.384,0,8.43,8.43,8.66,Ile/Leu-UDCA,,#N/A
P1_C12_BHI_50DMSO_25MeOH.mzML,506.384,0,8.43,8.43,8.66,Ile/Leu-UDCA,,#N/A
P1_D1_TLCA_LCAG-95_BSH1208_48h.mzML,506.384,0,8.43,8.43,8.66,Ile/Leu-UDCA,,#N/A
P1_D2_TDCA_LCAG-95_BSH1208_48h.mzML,506.384,0,8.43,8.43,8.66,Ile/Leu-UDCA,,#N/A
P1_D3_TCDCA_LCAG-95_BSH1208_48h.mzML,506.384,0,8.43,8.43,8.66,Ile/Leu-UDCA,,#N/A
P1_D4_TUDCA_LCAG-95_BSH1208_48h.mzML,506.384,10702,8.57,8.43,8.66,Ile/Leu-UDCA,,#N/A
P1_D5_TCA_LCAG-95_BSH1208_48h.mzML,506.384,0,8.43,8.43,8.66,Ile/Leu-UDCA,,#N/A
P1_D6_GLCA_LCAG-95_BSH1208_48h.mzML,506.384,0,8.43,8.43,8.66,Ile/Leu-UDCA,,#N/A
P1_D7_GDCA_LCAG-95_BSH1208_48h.mzML,506.384,0,8.43,8.43,8.66,Ile/Leu-UDCA,,#N/A
P1_D8_GCDCA_LCAG-95_BSH1208_48h.mzML,506.384,0,8.43,8.43,8.66,Ile/Leu-UDCA,,#N/A
P1_D9_GUDCA_LCAG-95_BSH1208_48h.mzML,506.384,17251,8.56,8.43,8.66,Ile/Leu-UDCA,,#N/A
P1_D10_GCA_LCAG-95_BSH1208_48h.mzML,506.384,0,8.43,8.43,8.66,Ile/Leu-UDCA,,#N/A
P1_D11_BHI_50MeOH.mzML,506.384,0,8.43,8.43,8.66,Ile/Leu-UDCA,,#N/A
P1_D12_BHI_50DMSO_25MeOH.mzML,506.384,0,8.43,8.43,8.66,Ile/Leu-UDCA,,#N/A
P1_E1_TLCA_Ep_BSH101_48h.mzML,506.384,0,8.43,8.43,8.66,Ile/Leu-UDCA,,#N/A
P1_E2_TDCA_Ep_BSH101_48h.mzML,506.384,0,8.43,8.43,8.66,Ile/Leu-UDCA,,#N/A
P1_E3_TCDCA_Ep_BSH101_48h.mzML,506.384,0,8.43,8.43,8.66,Ile/Leu-UDCA,,#N/A
P1_E4_TUDCA_Ep_BSH101_48h.mzML,506.384,0,8.43,8.43,8.66,Ile/Leu-UDCA,,#N/A
P1_E5_TCA_Ep_BSH101_48h.mzML,506.384,0,8.43,8.43,8.66,Ile/Leu-UDCA,,#N/A
P1_E6_GLCA_Ep_BSH101_48h.mzML,506.384,0,8.43,8.43,8.66,Ile/Leu-UDCA,,#N/A
P1_E7_GDCA_Ep_BSH101_48h.mzML,506.384,0,8.43,8.43,8.66,Ile/Leu-UDCA,,#N/A
P1_E8_GCDCA_Ep_BSH101_48h.mzML,506.384,0,8.43,8.43,8.66,Ile/Leu-UDCA,,#N/A
P1_E9_GUDCA_Ep_BSH101_48h.mzML,506.384,0,8.43,8.43,8.66,Ile/Leu-UDCA,,#N/A
P1_E10_GCA_Ep_BSH101_48h.mzML,506.384,0,8.43,8.43,8.66,Ile/Leu-UDCA,,#N/A
P1_E11_BHI_50MeOH.mzML,506.384,0,8.43,8.43,8.66,Ile/Leu-UDCA,,#N/A
P1_E12_BHI_50DMSO_25MeOH.mzML,506.384,0,8.43,8.43,8.66,Ile/Leu-UDCA,,#N/A
P1_F1_TLCA_AZ-52_48h.mzML,506.384,0,8.43,8.43,8.66,Ile/Leu-UDCA,,#N/A
P1_F2_TDCA_AZ-52_48h.mzML,506.384,0,8.43,8.43,8.66,Ile/Leu-UDCA,,#N/A
P1_F3_TCDCA_AZ-52_48h.mzML,506.384,0,8.43,8.43,8.66,Ile/Leu-UDCA,,#N/A
P1_F4_TUDCA_AZ-52_48h.mzML,506.384,2803220,8.55,8.43,8.66,Ile/Leu-UDCA,,#N/A
P1_F5_TCA_AZ-52_48h.mzML,506.384,0,8.43,8.43,8.66,Ile/Leu-UDCA,,#N/A
P1_F6_GLCA_AZ-52_48h.mzML,506.384,0,8.43,8.43,8.66,Ile/Leu-UDCA,,#N/A
P1_F7_GDCA_AZ-52_48h.mzML,506.384,0,8.43,8.43,8.66,Ile/Leu-UDCA,,#N/A
P1_F8_GCDCA_AZ-52_48h.mzML,506.384,0,8.43,8.43,8.66,Ile/Leu-UDCA,,#N/A
P1_F9_GUDCA_AZ-52_48h.mzML,506.384,861672,8.56,8.43,8.66,Ile/Leu-UDCA,,#N/A
P1_F10_GCA_AZ-52_48h.mzML,506.384,0,8.43,8.43,8.66,Ile/Leu-UDCA,,#N/A
P1_F11_BHI_50MeOH.mzML,506.384,0,8.43,8.43,8.66,Ile/Leu-UDCA,,#N/A
P1_F12_BHI_50DMSO_25MeOH.mzML,506.384,0,8.43,8.43,8.66,Ile/Leu-UDCA,,#N/A
P1_G1_TLCA_EcAZ-1-cat_48h.mzML,506.384,0,8.43,8.43,8.66,Ile/Leu-UDCA,,#N/A
P1_G2_TDCA_EcAZ-1-cat_48h.mzML,506.384,0,8.43,8.43,8.66,Ile/Leu-UDCA,,#N/A
P1_G3_TCDCA_EcAZ-1-cat_48h.mzML,506.384,0,8.43,8.43,8.66,Ile/Leu-UDCA,,#N/A
P1_G4_TUDCA_EcAZ-1-cat_48h.mzML,506.384,0,8.43,8.43,8.66,Ile/Leu-UDCA,,#N/A
P1_G5_TCA_EcAZ-1-cat_48h.mzML,506.384,0,8.43,8.43,8.66,Ile/Leu-UDCA,,#N/A
P1_G6_GLCA_EcAZ-1-cat_48h.mzML,506.384,0,8.43,8.43,8.66,Ile/Leu-UDCA,,#N/A
P1_G7_GDCA_EcAZ-1-cat_48h.mzML,506.384,0,8.43,8.43,8.66,Ile/Leu-UDCA,,#N/A
P1_G8_GCDCA_EcAZ-1-cat_48h.mzML,506.384,0,8.43,8.43,8.66,Ile/Leu-UDCA,,#N/A
P1_G9_GUDCA_EcAZ-1-cat_48h.mzML,506.384,0,8.43,8.43,8.66,Ile/Leu-UDCA,,#N/A
P1_G10_GCA_EcAZ-1-cat_48h.mzML,506.384,0,8.43,8.43,8.66,Ile/Leu-UDCA,,#N/A
P1_G11_BHI_50MeOH.mzML,506.384,0,8.43,8.43,8.66,Ile/Leu-UDCA,,#N/A
P1_G12_BHI_50DMSO_25MeOH.mzML,506.384,0,8.43,8.43,8.66,Ile/Leu-UDCA,,#N/A
P1_H1_TLCA_ctrl_48h.mzML,506.384,0,8.43,8.43,8.66,Ile/Leu-UDCA,,#N/A
P1_H2_TDCA_ctrl_48h.mzML,506.384,0,8.43,8.43,8.66,Ile/Leu-UDCA,,#N/A
P1_H3_TCDCA_ctrl_48h.mzML,506.384,0,8.43,8.43,8.66,Ile/Leu-UDCA,,#N/A
P1_H4_TUDCA_ctrl_48h.mzML,506.384,0,8.43,8.43,8.66,Ile/Leu-UDCA,,#N/A
P1_H5_TCA_ctrl_48h.mzML,506.384,0,8.43,8.43,8.66,Ile/Leu-UDCA,,#N/A
P1_H6_GLCA_ctrl_48h.mzML,506.384,0,8.43,8.43,8.66,Ile/Leu-UDCA,,#N/A
P1_H7_GDCA_ctrl_48h.mzML,506.384,0,8.43,8.43,8.66,Ile/Leu-UDCA,,#N/A
P1_H8_GCDCA_ctrl_48h.mzML,506.384,0,8.43,8.43,8.66,Ile/Leu-UDCA,,#N/A
P1_H9_GUDCA_ctrl_48h.mzML,506.384,0,8.43,8.43,8.66,Ile/Leu-UDCA,,#N/A
P1_H10_GCA_ctrl_48h.mzML,506.384,0,8.43,8.43,8.66,Ile/Leu-UDCA,,#N/A
P1_H11_BHI_50MeOH.mzML,506.384,0,8.43,8.43,8.66,Ile/Leu-UDCA,,#N/A
P1_H12_BHI_50DMSO_25MeOH.mzML,506.384,0,8.43,8.43,8.66,Ile/Leu-UDCA,,#N/A
TCA_std.mzML,506.384,0,8.43,8.43,8.66,Ile/Leu-UDCA,,#N/A
TCDCA_std.mzML,506.384,0,8.43,8.43,8.66,Ile/Leu-UDCA,,#N/A
TDCA_std.mzML,506.384,0,8.43,8.43,8.66,Ile/Leu-UDCA,,#N/A
TLCA_std.mzML,506.384,0,8.43,8.43,8.66,Ile/Leu-UDCA,,#N/A
TUDCA_std.mzML,506.384,0,8.43,8.43,8.66,Ile/Leu-UDCA,,#N/A
UDCA_aminoacids.mzML,506.384,302761,8.43,8.43,8.66,Ile/Leu-UDCA,,#N/A
CA_aminoacids.mzML,579.3792,0,8.61,8.61,8.7,Trp-UDCA,,#N/A
CA_DCA_LCA_aminoacids.mzML,579.3792,12556469,8.61,8.61,8.7,Trp-UDCA,,#N/A
CDCA_aminoacids.mzML,579.3792,0,8.61,8.61,8.7,Trp-UDCA,,#N/A
DCA_aminoacids.mzML,579.3792,0,8.61,8.61,8.7,Trp-UDCA,,#N/A
DCA_aminoacids_2.mzML,579.3792,0,8.61,8.61,8.7,Trp-UDCA,,#N/A
GCA_std.mzML,579.3792,0,8.61,8.61,8.7,Trp-UDCA,,#N/A
GCDCA_std.mzML,579.3792,0,8.61,8.61,8.7,Trp-UDCA,,#N/A
GDCA_std.mzML,579.3792,0,8.61,8.61,8.7,Trp-UDCA,,#N/A
GLCA_std.mzML,579.3792,0,8.61,8.61,8.7,Trp-UDCA,,#N/A
GUDCA_std.mzML,579.3792,0,8.61,8.61,8.7,Trp-UDCA,,#N/A
P1_A1_TLCA_Dny_BSH1_48h.mzML,579.3792,107554,8.61,8.61,8.7,Trp-UDCA,,#N/A
P1_A2_TDCA_Dny_BSH1_48h.mzML,579.3792,107946,8.64,8.61,8.7,Trp-UDCA,,#N/A
P1_A3_TCDCA_Dny_BSH1_48h.mzML,579.3792,0,8.61,8.61,8.7,Trp-UDCA,,#N/A
P1_A4_TUDCA_Dny_BSH1_48h.mzML,579.3792,15506,8.62,8.61,8.7,Trp-UDCA,,#N/A
P1_A5_TCA_Dny_BSH1_48h.mzML,579.3792,25022,8.67,8.61,8.7,Trp-UDCA,,#N/A
P1_A6_GLCA_Dny_BSH1_48h.mzML,579.3792,18148,8.66,8.61,8.7,Trp-UDCA,,#N/A
P1_A7_GDCA_Dny_BSH1_48h.mzML,579.3792,75928,8.63,8.61,8.7,Trp-UDCA,,#N/A
P1_A8_GCDCA_Dny_BSH1_48h.mzML,579.3792,94288,8.63,8.61,8.7,Trp-UDCA,,#N/A
P1_A9_GUDCA_Dny_BSH1_48h.mzML,579.3792,53668,8.64,8.61,8.7,Trp-UDCA,,#N/A
P1_A10_GCA_Dny_BSH1_48h.mzML,579.3792,38305,8.64,8.61,8.7,Trp-UDCA,,#N/A
P1_A11_BHI_50MeOH.mzML,579.3792,80164,8.68,8.61,8.7,Trp-UDCA,,#N/A
P1_A12_BHI_50DMSO_25MeOH.mzML,579.3792,105152,8.67,8.61,8.7,Trp-UDCA,,#N/A
P1_B1_TLCA_Dny_BSH2_48h.mzML,579.3792,73493,8.67,8.61,8.7,Trp-UDCA,,#N/A
P1_B2_TDCA_Dny_BSH2_48h.mzML,579.3792,50640,8.64,8.61,8.7,Trp-UDCA,,#N/A
P1_B3_TCDCA_Dny_BSH2_48h.mzML,579.3792,77769,8.67,8.61,8.7,Trp-UDCA,,#N/A
P1_B4_TUDCA_Dny_BSH2_48h.mzML,579.3792,19740,8.66,8.61,8.7,Trp-UDCA,,#N/A
P1_B5_TCA_Dny_BSH2_48h.mzML,579.3792,38421,8.66,8.61,8.7,Trp-UDCA,,#N/A
P1_B6_GLCA_Dny_BSH2_48h.mzML,579.3792,88576,8.66,8.61,8.7,Trp-UDCA,,#N/A
P1_B7_GDCA_Dny_BSH2_48h.mzML,579.3792,104048,8.64,8.61,8.7,Trp-UDCA,,#N/A
P1_B8_GCDCA_Dny_BSH2_48h.mzML,579.3792,200324,8.68,8.61,8.7,Trp-UDCA,,#N/A
P1_B9_GUDCA_Dny_BSH2_48h.mzML,579.3792,132044,8.67,8.61,8.7,Trp-UDCA,,#N/A
P1_B10_GCA_Dny_BSH2_48h.mzML,579.3792,115062,8.64,8.61,8.7,Trp-UDCA,,#N/A
P1_B11_BHI_50MeOH.mzML,579.3792,165822,8.67,8.61,8.7,Trp-UDCA,,#N/A
P1_B12_BHI_50DMSO_25MeOH.mzML,579.3792,128276,8.65,8.61,8.7,Trp-UDCA,,#N/A
P1_C1_TLCA_Lgasseri_BSH_48h.mzML,579.3792,70508,8.67,8.61,8.7,Trp-UDCA,,#N/A
P1_C2_TDCA_Lgasseri_BSH_48h.mzML,579.3792,76813,8.68,8.61,8.7,Trp-UDCA,,#N/A
P1_C3_TCDCA_Lgasseri_BSH_48h.mzML,579.3792,67439,8.66,8.61,8.7,Trp-UDCA,,#N/A
P1_C4_TUDCA_Lgasseri_BSH_48h.mzML,579.3792,139667,8.64,8.61,8.7,Trp-UDCA,,#N/A
P1_C5_TCA_Lgasseri_BSH_48h.mzML,579.3792,44919,8.65,8.61,8.7,Trp-UDCA,,#N/A
P1_C6_GLCA_Lgasseri_BSH_48h.mzML,579.3792,337175,8.67,8.61,8.7,Trp-UDCA,,#N/A
P1_C7_GDCA_Lgasseri_BSH_48h.mzML,579.3792,335237,8.63,8.61,8.7,Trp-UDCA,,#N/A
P1_C8_GCDCA_Lgasseri_BSH_48h.mzML,579.3792,145054,8.67,8.61,8.7,Trp-UDCA,,#N/A
P1_C9_GUDCA_Lgasseri_BSH_48h.mzML,579.3792,303708,8.68,8.61,8.7,Trp-UDCA,,#N/A
P1_C10_GCA_Lgasseri_BSH_48h.mzML,579.3792,34033,8.63,8.61,8.7,Trp-UDCA,,#N/A
P1_C11_BHI_50MeOH.mzML,579.3792,112886,8.65,8.61,8.7,Trp-UDCA,,#N/A
P1_C12_BHI_50DMSO_25MeOH.mzML,579.3792,190189,8.68,8.61,8.7,Trp-UDCA,,#N/A
P1_D1_TLCA_LCAG-95_BSH1208_48h.mzML,579.3792,50304,8.68,8.61,8.7,Trp-UDCA,,#N/A
P1_D2_TDCA_LCAG-95_BSH1208_48h.mzML,579.3792,28450,8.66,8.61,8.7,Trp-UDCA,,#N/A
P1_D3_TCDCA_LCAG-95_BSH1208_48h.mzML,579.3792,54027,8.67,8.61,8.7,Trp-UDCA,,#N/A
P1_D4_TUDCA_LCAG-95_BSH1208_48h.mzML,579.3792,28518,8.68,8.61,8.7,Trp-UDCA,,#N/A
P1_D5_TCA_LCAG-95_BSH1208_48h.mzML,579.3792,29995,8.66,8.61,8.7,Trp-UDCA,,#N/A
P1_D6_GLCA_LCAG-95_BSH1208_48h.mzML,579.3792,51784,8.68,8.61,8.7,Trp-UDCA,,#N/A
P1_D7_GDCA_LCAG-95_BSH1208_48h.mzML,579.3792,86615,8.64,8.61,8.7,Trp-UDCA,,#N/A
P1_D8_GCDCA_LCAG-95_BSH1208_48h.mzML,579.3792,10008,8.61,8.61,8.7,Trp-UDCA,,#N/A
P1_D9_GUDCA_LCAG-95_BSH1208_48h.mzML,579.3792,60961,8.68,8.61,8.7,Trp-UDCA,,#N/A
P1_D10_GCA_LCAG-95_BSH1208_48h.mzML,579.3792,40549,8.62,8.61,8.7,Trp-UDCA,,#N/A
P1_D11_BHI_50MeOH.mzML,579.3792,118500,8.68,8.61,8.7,Trp-UDCA,,#N/A
P1_D12_BHI_50DMSO_25MeOH.mzML,579.3792,19134,8.66,8.61,8.7,Trp-UDCA,,#N/A
P1_E1_TLCA_Ep_BSH101_48h.mzML,579.3792,102473,8.67,8.61,8.7,Trp-UDCA,,#N/A
P1_E2_TDCA_Ep_BSH101_48h.mzML,579.3792,55061,8.65,8.61,8.7,Trp-UDCA,,#N/A
P1_E3_TCDCA_Ep_BSH101_48h.mzML,579.3792,144195,8.67,8.61,8.7,Trp-UDCA,,#N/A
P1_E4_TUDCA_Ep_BSH101_48h.mzML,579.3792,147444,8.67,8.61,8.7,Trp-UDCA,,#N/A
P1_E5_TCA_Ep_BSH101_48h.mzML,579.3792,196741,8.65,8.61,8.7,Trp-UDCA,,#N/A
P1_E6_GLCA_Ep_BSH101_48h.mzML,579.3792,181053,8.65,8.61,8.7,Trp-UDCA,,#N/A
P1_E7_GDCA_Ep_BSH101_48h.mzML,579.3792,130543,8.64,8.61,8.7,Trp-UDCA,,#N/A
P1_E8_GCDCA_Ep_BSH101_48h.mzML,579.3792,67303,8.63,8.61,8.7,Trp-UDCA,,#N/A
P1_E9_GUDCA_Ep_BSH101_48h.mzML,579.3792,187932,8.68,8.61,8.7,Trp-UDCA,,#N/A
P1_E10_GCA_Ep_BSH101_48h.mzML,579.3792,102645,8.65,8.61,8.7,Trp-UDCA,,#N/A
P1_E11_BHI_50MeOH.mzML,579.3792,135210,8.67,8.61,8.7,Trp-UDCA,,#N/A
P1_E12_BHI_50DMSO_25MeOH.mzML,579.3792,223524,8.64,8.61,8.7,Trp-UDCA,,#N/A
P1_F1_TLCA_AZ-52_48h.mzML,579.3792,0,8.61,8.61,8.7,Trp-UDCA,,#N/A
P1_F2_TDCA_AZ-52_48h.mzML,579.3792,74386,8.67,8.61,8.7,Trp-UDCA,,#N/A
P1_F3_TCDCA_AZ-52_48h.mzML,579.3792,109133,8.64,8.61,8.7,Trp-UDCA,,#N/A
P1_F4_TUDCA_AZ-52_48h.mzML,579.3792,41287,8.66,8.61,8.7,Trp-UDCA,,#N/A
P1_F5_TCA_AZ-52_48h.mzML,579.3792,107360,8.67,8.61,8.7,Trp-UDCA,,#N/A
P1_F6_GLCA_AZ-52_48h.mzML,579.3792,111305,8.67,8.61,8.7,Trp-UDCA,,#N/A
P1_F7_GDCA_AZ-52_48h.mzML,579.3792,208648,8.63,8.61,8.7,Trp-UDCA,,#N/A
P1_F8_GCDCA_AZ-52_48h.mzML,579.3792,48283,8.64,8.61,8.7,Trp-UDCA,,#N/A
P1_F9_GUDCA_AZ-52_48h.mzML,579.3792,197330,8.68,8.61,8.7,Trp-UDCA,,#N/A
P1_F10_GCA_AZ-52_48h.mzML,579.3792,97523,8.63,8.61,8.7,Trp-UDCA,,#N/A
P1_F11_BHI_50MeOH.mzML,579.3792,110095,8.62,8.61,8.7,Trp-UDCA,,#N/A
P1_F12_BHI_50DMSO_25MeOH.mzML,579.3792,44276,8.65,8.61,8.7,Trp-UDCA,,#N/A
P1_G1_TLCA_EcAZ-1-cat_48h.mzML,579.3792,0,8.61,8.61,8.7,Trp-UDCA,,#N/A
P1_G2_TDCA_EcAZ-1-cat_48h.mzML,579.3792,66379,8.66,8.61,8.7,Trp-UDCA,,#N/A
P1_G3_TCDCA_EcAZ-1-cat_48h.mzML,579.3792,146016,8.63,8.61,8.7,Trp-UDCA,,#N/A
P1_G4_TUDCA_EcAZ-1-cat_48h.mzML,579.3792,0,8.61,8.61,8.7,Trp-UDCA,,#N/A
P1_G5_TCA_EcAZ-1-cat_48h.mzML,579.3792,64546,8.64,8.61,8.7,Trp-UDCA,,#N/A
P1_G6_GLCA_EcAZ-1-cat_48h.mzML,579.3792,175626,8.68,8.61,8.7,Trp-UDCA,,#N/A
P1_G7_GDCA_EcAZ-1-cat_48h.mzML,579.3792,232290,8.68,8.61,8.7,Trp-UDCA,,#N/A
P1_G8_GCDCA_EcAZ-1-cat_48h.mzML,579.3792,165424,8.68,8.61,8.7,Trp-UDCA,,#N/A
P1_G9_GUDCA_EcAZ-1-cat_48h.mzML,579.3792,86366,8.67,8.61,8.7,Trp-UDCA,,#N/A
P1_G10_GCA_EcAZ-1-cat_48h.mzML,579.3792,71014,8.61,8.61,8.7,Trp-UDCA,,#N/A
P1_G11_BHI_50MeOH.mzML,579.3792,111301,8.67,8.61,8.7,Trp-UDCA,,#N/A
P1_G12_BHI_50DMSO_25MeOH.mzML,579.3792,124823,8.67,8.61,8.7,Trp-UDCA,,#N/A
P1_H1_TLCA_ctrl_48h.mzML,579.3792,6235,8.69,8.61,8.7,Trp-UDCA,,#N/A
P1_H2_TDCA_ctrl_48h.mzML,579.3792,70660,8.65,8.61,8.7,Trp-UDCA,,#N/A
P1_H3_TCDCA_ctrl_48h.mzML,579.3792,264773,8.69,8.61,8.7,Trp-UDCA,,#N/A
P1_H4_TUDCA_ctrl_48h.mzML,579.3792,12396,8.68,8.61,8.7,Trp-UDCA,,#N/A
P1_H5_TCA_ctrl_48h.mzML,579.3792,11462,8.68,8.61,8.7,Trp-UDCA,,#N/A
P1_H6_GLCA_ctrl_48h.mzML,579.3792,4392,8.69,8.61,8.7,Trp-UDCA,,#N/A
P1_H7_GDCA_ctrl_48h.mzML,579.3792,6695,8.64,8.61,8.7,Trp-UDCA,,#N/A
P1_H8_GCDCA_ctrl_48h.mzML,579.3792,174904,8.64,8.61,8.7,Trp-UDCA,,#N/A
P1_H9_GUDCA_ctrl_48h.mzML,579.3792,0,8.61,8.61,8.7,Trp-UDCA,,#N/A
P1_H10_GCA_ctrl_48h.mzML,579.3792,98487,8.69,8.61,8.7,Trp-UDCA,,#N/A
P1_H11_BHI_50MeOH.mzML,579.3792,5119,8.68,8.61,8.7,Trp-UDCA,,#N/A
P1_H12_BHI_50DMSO_25MeOH.mzML,579.3792,6009,8.67,8.61,8.7,Trp-UDCA,,#N/A
TCA_std.mzML,579.3792,0,8.61,8.61,8.7,Trp-UDCA,,#N/A
TCDCA_std.mzML,579.3792,0,8.61,8.61,8.7,Trp-UDCA,,#N/A
TDCA_std.mzML,579.3792,0,8.61,8.61,8.7,Trp-UDCA,,#N/A
TLCA_std.mzML,579.3792,0,8.61,8.61,8.7,Trp-UDCA,,#N/A
TUDCA_std.mzML,579.3792,0,8.61,8.61,8.7,Trp-UDCA,,#N/A
UDCA_aminoacids.mzML,579.3792,844314,8.68,8.61,8.7,Trp-UDCA,,#N/A
CA_aminoacids.mzML,556.3633,59722456,8.56,8.39,8.56,Tyr-UDCA,,#N/A
CA_DCA_LCA_aminoacids.mzML,556.3633,322315936,8.55,8.39,8.56,Tyr-UDCA,,#N/A
CDCA_aminoacids.mzML,556.3633,3064386,8.54,8.39,8.56,Tyr-UDCA,,#N/A
DCA_aminoacids.mzML,556.3633,110514,8.56,8.39,8.56,Tyr-UDCA,,#N/A
DCA_aminoacids_2.mzML,556.3633,905094,8.56,8.39,8.56,Tyr-UDCA,,#N/A
GCA_std.mzML,556.3633,0,8.39,8.39,8.56,Tyr-UDCA,,#N/A
GCDCA_std.mzML,556.3633,0,8.39,8.39,8.56,Tyr-UDCA,,#N/A
GDCA_std.mzML,556.3633,0,8.39,8.39,8.56,Tyr-UDCA,,#N/A
GLCA_std.mzML,556.3633,0,8.39,8.39,8.56,Tyr-UDCA,,#N/A
GUDCA_std.mzML,556.3633,0,8.39,8.39,8.56,Tyr-UDCA,,#N/A
P1_A1_TLCA_Dny_BSH1_48h.mzML,556.3633,23003,8.5,8.39,8.56,Tyr-UDCA,,#N/A
P1_A2_TDCA_Dny_BSH1_48h.mzML,556.3633,29118,8.5,8.39,8.56,Tyr-UDCA,,#N/A
P1_A3_TCDCA_Dny_BSH1_48h.mzML,556.3633,193829,8.55,8.39,8.56,Tyr-UDCA,,#N/A
P1_A4_TUDCA_Dny_BSH1_48h.mzML,556.3633,18666,8.53,8.39,8.56,Tyr-UDCA,,#N/A
P1_A5_TCA_Dny_BSH1_48h.mzML,556.3633,437143,8.56,8.39,8.56,Tyr-UDCA,,#N/A
P1_A6_GLCA_Dny_BSH1_48h.mzML,556.3633,21027,8.51,8.39,8.56,Tyr-UDCA,,#N/A
P1_A7_GDCA_Dny_BSH1_48h.mzML,556.3633,9339,8.53,8.39,8.56,Tyr-UDCA,,#N/A
P1_A8_GCDCA_Dny_BSH1_48h.mzML,556.3633,274777,8.55,8.39,8.56,Tyr-UDCA,,#N/A
P1_A9_GUDCA_Dny_BSH1_48h.mzML,556.3633,13632,8.49,8.39,8.56,Tyr-UDCA,,#N/A
P1_A10_GCA_Dny_BSH1_48h.mzML,556.3633,399777,8.56,8.39,8.56,Tyr-UDCA,,#N/A
P1_A11_BHI_50MeOH.mzML,556.3633,11722,8.51,8.39,8.56,Tyr-UDCA,,#N/A
P1_A12_BHI_50DMSO_25MeOH.mzML,556.3633,17915,8.52,8.39,8.56,Tyr-UDCA,,#N/A
P1_B1_TLCA_Dny_BSH2_48h.mzML,556.3633,30893,8.56,8.39,8.56,Tyr-UDCA,,#N/A
P1_B2_TDCA_Dny_BSH2_48h.mzML,556.3633,23838,8.51,8.39,8.56,Tyr-UDCA,,#N/A
P1_B3_TCDCA_Dny_BSH2_48h.mzML,556.3633,19363,8.5,8.39,8.56,Tyr-UDCA,,#N/A
P1_B4_TUDCA_Dny_BSH2_48h.mzML,556.3633,10887,8.53,8.39,8.56,Tyr-UDCA,,#N/A
P1_B5_TCA_Dny_BSH2_48h.mzML,556.3633,8292,8.51,8.39,8.56,Tyr-UDCA,,#N/A
P1_B6_GLCA_Dny_BSH2_48h.mzML,556.3633,38214,8.52,8.39,8.56,Tyr-UDCA,,#N/A
P1_B7_GDCA_Dny_BSH2_48h.mzML,556.3633,37991,8.5,8.39,8.56,Tyr-UDCA,,#N/A
P1_B8_GCDCA_Dny_BSH2_48h.mzML,556.3633,8187,8.51,8.39,8.56,Tyr-UDCA,,#N/A
P1_B9_GUDCA_Dny_BSH2_48h.mzML,556.3633,24287,8.51,8.39,8.56,Tyr-UDCA,,#N/A
P1_B10_GCA_Dny_BSH2_48h.mzML,556.3633,50591,8.5,8.39,8.56,Tyr-UDCA,,#N/A
P1_B11_BHI_50MeOH.mzML,556.3633,26322,8.5,8.39,8.56,Tyr-UDCA,,#N/A
P1_B12_BHI_50DMSO_25MeOH.mzML,556.3633,41129,8.51,8.39,8.56,Tyr-UDCA,,#N/A
P1_C1_TLCA_Lgasseri_BSH_48h.mzML,556.3633,16962,8.5,8.39,8.56,Tyr-UDCA,,#N/A
P1_C2_TDCA_Lgasseri_BSH_48h.mzML,556.3633,23506,8.5,8.39,8.56,Tyr-UDCA,,#N/A
P1_C3_TCDCA_Lgasseri_BSH_48h.mzML,556.3633,218246,8.55,8.39,8.56,Tyr-UDCA,,#N/A
P1_C4_TUDCA_Lgasseri_BSH_48h.mzML,556.3633,58835,8.47,8.39,8.56,Tyr-UDCA,,#N/A
P1_C5_TCA_Lgasseri_BSH_48h.mzML,556.3633,21905,8.52,8.39,8.56,Tyr-UDCA,,#N/A
P1_C6_GLCA_Lgasseri_BSH_48h.mzML,556.3633,53695,8.5,8.39,8.56,Tyr-UDCA,,#N/A
P1_C7_GDCA_Lgasseri_BSH_48h.mzML,556.3633,40663,8.51,8.39,8.56,Tyr-UDCA,,#N/A
P1_C8_GCDCA_Lgasseri_BSH_48h.mzML,556.3633,272831,8.56,8.39,8.56,Tyr-UDCA,,#N/A
P1_C9_GUDCA_Lgasseri_BSH_48h.mzML,556.3633,55082,8.51,8.39,8.56,Tyr-UDCA,,#N/A
P1_C10_GCA_Lgasseri_BSH_48h.mzML,556.3633,23122,8.51,8.39,8.56,Tyr-UDCA,,#N/A
P1_C11_BHI_50MeOH.mzML,556.3633,26389,8.52,8.39,8.56,Tyr-UDCA,,#N/A
P1_C12_BHI_50DMSO_25MeOH.mzML,556.3633,36436,8.51,8.39,8.56,Tyr-UDCA,,#N/A
P1_D1_TLCA_LCAG-95_BSH1208_48h.mzML,556.3633,13741,8.51,8.39,8.56,Tyr-UDCA,,#N/A
P1_D2_TDCA_LCAG-95_BSH1208_48h.mzML,556.3633,8665,8.52,8.39,8.56,Tyr-UDCA,,#N/A
P1_D3_TCDCA_LCAG-95_BSH1208_48h.mzML,556.3633,132349,8.54,8.39,8.56,Tyr-UDCA,,#N/A
P1_D4_TUDCA_LCAG-95_BSH1208_48h.mzML,556.3633,17672,8.5,8.39,8.56,Tyr-UDCA,,#N/A
P1_D5_TCA_LCAG-95_BSH1208_48h.mzML,556.3633,24108,8.56,8.39,8.56,Tyr-UDCA,,#N/A
P1_D6_GLCA_LCAG-95_BSH1208_48h.mzML,556.3633,12843,8.5,8.39,8.56,Tyr-UDCA,,#N/A
P1_D7_GDCA_LCAG-95_BSH1208_48h.mzML,556.3633,30851,8.52,8.39,8.56,Tyr-UDCA,,#N/A
P1_D8_GCDCA_LCAG-95_BSH1208_48h.mzML,556.3633,174267,8.55,8.39,8.56,Tyr-UDCA,,#N/A
P1_D9_GUDCA_LCAG-95_BSH1208_48h.mzML,556.3633,12936,8.5,8.39,8.56,Tyr-UDCA,,#N/A
P1_D10_GCA_LCAG-95_BSH1208_48h.mzML,556.3633,41946,8.56,8.39,8.56,Tyr-UDCA,,#N/A
P1_D11_BHI_50MeOH.mzML,556.3633,13102,8.5,8.39,8.56,Tyr-UDCA,,#N/A
P1_D12_BHI_50DMSO_25MeOH.mzML,556.3633,7444,8.51,8.39,8.56,Tyr-UDCA,,#N/A
P1_E1_TLCA_Ep_BSH101_48h.mzML,556.3633,25072,8.5,8.39,8.56,Tyr-UDCA,,#N/A
P1_E2_TDCA_Ep_BSH101_48h.mzML,556.3633,33005,8.5,8.39,8.56,Tyr-UDCA,,#N/A
P1_E3_TCDCA_Ep_BSH101_48h.mzML,556.3633,40838,8.51,8.39,8.56,Tyr-UDCA,,#N/A
P1_E4_TUDCA_Ep_BSH101_48h.mzML,556.3633,35369,8.52,8.39,8.56,Tyr-UDCA,,#N/A
P1_E5_TCA_Ep_BSH101_48h.mzML,556.3633,31557,8.52,8.39,8.56,Tyr-UDCA,,#N/A
P1_E6_GLCA_Ep_BSH101_48h.mzML,556.3633,40981,8.51,8.39,8.56,Tyr-UDCA,,#N/A
P1_E7_GDCA_Ep_BSH101_48h.mzML,556.3633,71830,8.48,8.39,8.56,Tyr-UDCA,,#N/A
P1_E8_GCDCA_Ep_BSH101_48h.mzML,556.3633,25274,8.52,8.39,8.56,Tyr-UDCA,,#N/A
P1_E9_GUDCA_Ep_BSH101_48h.mzML,556.3633,52145,8.51,8.39,8.56,Tyr-UDCA,,#N/A
P1_E10_GCA_Ep_BSH101_48h.mzML,556.3633,49581,8.5,8.39,8.56,Tyr-UDCA,,#N/A
P1_E11_BHI_50MeOH.mzML,556.3633,40780,8.51,8.39,8.56,Tyr-UDCA,,#N/A
P1_E12_BHI_50DMSO_25MeOH.mzML,556.3633,40652,8.52,8.39,8.56,Tyr-UDCA,,#N/A
P1_F1_TLCA_AZ-52_48h.mzML,556.3633,15924,8.5,8.39,8.56,Tyr-UDCA,,#N/A
P1_F2_TDCA_AZ-52_48h.mzML,556.3633,23737,8.52,8.39,8.56,Tyr-UDCA,,#N/A
P1_F3_TCDCA_AZ-52_48h.mzML,556.3633,416632,8.55,8.39,8.56,Tyr-UDCA,,#N/A
P1_F4_TUDCA_AZ-52_48h.mzML,556.3633,33812,8.55,8.39,8.56,Tyr-UDCA,,#N/A
P1_F5_TCA_AZ-52_48h.mzML,556.3633,71860,8.56,8.39,8.56,Tyr-UDCA,,#N/A
P1_F6_GLCA_AZ-52_48h.mzML,556.3633,63807,8.52,8.39,8.56,Tyr-UDCA,,#N/A
P1_F7_GDCA_AZ-52_48h.mzML,556.3633,51792,8.5,8.39,8.56,Tyr-UDCA,,#N/A
P1_F8_GCDCA_AZ-52_48h.mzML,556.3633,289166,8.55,8.39,8.56,Tyr-UDCA,,#N/A
P1_F9_GUDCA_AZ-52_48h.mzML,556.3633,51183,8.55,8.39,8.56,Tyr-UDCA,,#N/A
P1_F10_GCA_AZ-52_48h.mzML,556.3633,44704,8.52,8.39,8.56,Tyr-UDCA,,#N/A
P1_F11_BHI_50MeOH.mzML,556.3633,48172,8.51,8.39,8.56,Tyr-UDCA,,#N/A
P1_F12_BHI_50DMSO_25MeOH.mzML,556.3633,44978,8.5,8.39,8.56,Tyr-UDCA,,#N/A
P1_G1_TLCA_EcAZ-1-cat_48h.mzML,556.3633,19794,8.48,8.39,8.56,Tyr-UDCA,,#N/A
P1_G2_TDCA_EcAZ-1-cat_48h.mzML,556.3633,45580,8.52,8.39,8.56,Tyr-UDCA,,#N/A
P1_G3_TCDCA_EcAZ-1-cat_48h.mzML,556.3633,46254,8.52,8.39,8.56,Tyr-UDCA,,#N/A
P1_G4_TUDCA_EcAZ-1-cat_48h.mzML,556.3633,44338,8.52,8.39,8.56,Tyr-UDCA,,#N/A
P1_G5_TCA_EcAZ-1-cat_48h.mzML,556.3633,21589,8.51,8.39,8.56,Tyr-UDCA,,#N/A
P1_G6_GLCA_EcAZ-1-cat_48h.mzML,556.3633,48116,8.51,8.39,8.56,Tyr-UDCA,,#N/A
P1_G7_GDCA_EcAZ-1-cat_48h.mzML,556.3633,53387,8.55,8.39,8.56,Tyr-UDCA,,#N/A
P1_G8_GCDCA_EcAZ-1-cat_48h.mzML,556.3633,16956,8.52,8.39,8.56,Tyr-UDCA,,#N/A
P1_G9_GUDCA_EcAZ-1-cat_48h.mzML,556.3633,42276,8.53,8.39,8.56,Tyr-UDCA,,#N/A
P1_G10_GCA_EcAZ-1-cat_48h.mzML,556.3633,40342,8.52,8.39,8.56,Tyr-UDCA,,#N/A
P1_G11_BHI_50MeOH.mzML,556.3633,27148,8.51,8.39,8.56,Tyr-UDCA,,#N/A
P1_G12_BHI_50DMSO_25MeOH.mzML,556.3633,54988,8.52,8.39,8.56,Tyr-UDCA,,#N/A
P1_H1_TLCA_ctrl_48h.mzML,556.3633,2973,8.52,8.39,8.56,Tyr-UDCA,,#N/A
P1_H2_TDCA_ctrl_48h.mzML,556.3633,18337,8.52,8.39,8.56,Tyr-UDCA,,#N/A
P1_H3_TCDCA_ctrl_48h.mzML,556.3633,43940,8.56,8.39,8.56,Tyr-UDCA,,#N/A
P1_H4_TUDCA_ctrl_48h.mzML,556.3633,3639,8.52,8.39,8.56,Tyr-UDCA,,#N/A
P1_H5_TCA_ctrl_48h.mzML,556.3633,7865,8.52,8.39,8.56,Tyr-UDCA,,#N/A
P1_H6_GLCA_ctrl_48h.mzML,556.3633,0,8.39,8.39,8.56,Tyr-UDCA,,#N/A
P1_H7_GDCA_ctrl_48h.mzML,556.3633,2041,8.44,8.39,8.56,Tyr-UDCA,,#N/A
P1_H8_GCDCA_ctrl_48h.mzML,556.3633,40864,8.52,8.39,8.56,Tyr-UDCA,,#N/A
P1_H9_GUDCA_ctrl_48h.mzML,556.3633,3222,8.48,8.39,8.56,Tyr-UDCA,,#N/A
P1_H10_GCA_ctrl_48h.mzML,556.3633,17349,8.49,8.39,8.56,Tyr-UDCA,,#N/A
P1_H11_BHI_50MeOH.mzML,556.3633,3718,8.54,8.39,8.56,Tyr-UDCA,,#N/A
P1_H12_BHI_50DMSO_25MeOH.mzML,556.3633,4560,8.55,8.39,8.56,Tyr-UDCA,,#N/A
TCA_std.mzML,556.3633,0,8.39,8.39,8.56,Tyr-UDCA,,#N/A
TCDCA_std.mzML,556.3633,0,8.39,8.39,8.56,Tyr-UDCA,,#N/A
TDCA_std.mzML,556.3633,0,8.39,8.39,8.56,Tyr-UDCA,,#N/A
TLCA_std.mzML,556.3633,0,8.39,8.39,8.56,Tyr-UDCA,,#N/A
TUDCA_std.mzML,556.3633,0,8.39,8.39,8.56,Tyr-UDCA,,#N/A
UDCA_aminoacids.mzML,556.3633,14697575,8.49,8.39,8.56,Tyr-UDCA,,#N/A
CA_aminoacids.mzML,521.3949,0,3.69,3.69,3.89,Lys-UDCA,,#N/A
CA_DCA_LCA_aminoacids.mzML,521.3949,3798,3.71,3.69,3.89,Lys-UDCA,,#N/A
CDCA_aminoacids.mzML,521.3949,0,3.69,3.69,3.89,Lys-UDCA,,#N/A
DCA_aminoacids.mzML,521.3949,0,3.69,3.69,3.89,Lys-UDCA,,#N/A
DCA_aminoacids_2.mzML,521.3949,0,3.69,3.69,3.89,Lys-UDCA,,#N/A
GCA_std.mzML,521.3949,0,3.69,3.69,3.89,Lys-UDCA,,#N/A
GCDCA_std.mzML,521.3949,0,3.69,3.69,3.89,Lys-UDCA,,#N/A
GDCA_std.mzML,521.3949,0,3.69,3.69,3.89,Lys-UDCA,,#N/A
GLCA_std.mzML,521.3949,0,3.69,3.69,3.89,Lys-UDCA,,#N/A
GUDCA_std.mzML,521.3949,0,3.69,3.69,3.89,Lys-UDCA,,#N/A
P1_A1_TLCA_Dny_BSH1_48h.mzML,521.3949,0,3.69,3.69,3.89,Lys-UDCA,,#N/A
P1_A2_TDCA_Dny_BSH1_48h.mzML,521.3949,0,3.69,3.69,3.89,Lys-UDCA,,#N/A
P1_A3_TCDCA_Dny_BSH1_48h.mzML,521.3949,0,3.69,3.69,3.89,Lys-UDCA,,#N/A
P1_A4_TUDCA_Dny_BSH1_48h.mzML,521.3949,226941,3.76,3.69,3.89,Lys-UDCA,,#N/A
P1_A5_TCA_Dny_BSH1_48h.mzML,521.3949,0,3.69,3.69,3.89,Lys-UDCA,,#N/A
P1_A6_GLCA_Dny_BSH1_48h.mzML,521.3949,0,3.69,3.69,3.89,Lys-UDCA,,#N/A
P1_A7_GDCA_Dny_BSH1_48h.mzML,521.3949,0,3.69,3.69,3.89,Lys-UDCA,,#N/A
P1_A8_GCDCA_Dny_BSH1_48h.mzML,521.3949,0,3.69,3.69,3.89,Lys-UDCA,,#N/A
P1_A9_GUDCA_Dny_BSH1_48h.mzML,521.3949,608787,3.77,3.69,3.89,Lys-UDCA,,#N/A
P1_A10_GCA_Dny_BSH1_48h.mzML,521.3949,0,3.69,3.69,3.89,Lys-UDCA,,#N/A
P1_A11_BHI_50MeOH.mzML,521.3949,0,3.69,3.69,3.89,Lys-UDCA,,#N/A
P1_A12_BHI_50DMSO_25MeOH.mzML,521.3949,0,3.69,3.69,3.89,Lys-UDCA,,#N/A
P1_B1_TLCA_Dny_BSH2_48h.mzML,521.3949,0,3.69,3.69,3.89,Lys-UDCA,,#N/A
P1_B2_TDCA_Dny_BSH2_48h.mzML,521.3949,0,3.69,3.69,3.89,Lys-UDCA,,#N/A
P1_B3_TCDCA_Dny_BSH2_48h.mzML,521.3949,0,3.69,3.69,3.89,Lys-UDCA,,#N/A
P1_B4_TUDCA_Dny_BSH2_48h.mzML,521.3949,0,3.69,3.69,3.89,Lys-UDCA,,#N/A
P1_B5_TCA_Dny_BSH2_48h.mzML,521.3949,0,3.69,3.69,3.89,Lys-UDCA,,#N/A
P1_B6_GLCA_Dny_BSH2_48h.mzML,521.3949,0,3.69,3.69,3.89,Lys-UDCA,,#N/A
P1_B7_GDCA_Dny_BSH2_48h.mzML,521.3949,0,3.69,3.69,3.89,Lys-UDCA,,#N/A
P1_B8_GCDCA_Dny_BSH2_48h.mzML,521.3949,0,3.69,3.69,3.89,Lys-UDCA,,#N/A
P1_B9_GUDCA_Dny_BSH2_48h.mzML,521.3949,0,3.69,3.69,3.89,Lys-UDCA,,#N/A
P1_B10_GCA_Dny_BSH2_48h.mzML,521.3949,0,3.69,3.69,3.89,Lys-UDCA,,#N/A
P1_B11_BHI_50MeOH.mzML,521.3949,0,3.69,3.69,3.89,Lys-UDCA,,#N/A
P1_B12_BHI_50DMSO_25MeOH.mzML,521.3949,0,3.69,3.69,3.89,Lys-UDCA,,#N/A
P1_C1_TLCA_Lgasseri_BSH_48h.mzML,521.3949,0,3.69,3.69,3.89,Lys-UDCA,,#N/A
P1_C2_TDCA_Lgasseri_BSH_48h.mzML,521.3949,0,3.69,3.69,3.89,Lys-UDCA,,#N/A
P1_C3_TCDCA_Lgasseri_BSH_48h.mzML,521.3949,0,3.69,3.69,3.89,Lys-UDCA,,#N/A
P1_C4_TUDCA_Lgasseri_BSH_48h.mzML,521.3949,0,3.69,3.69,3.89,Lys-UDCA,,#N/A
P1_C5_TCA_Lgasseri_BSH_48h.mzML,521.3949,0,3.69,3.69,3.89,Lys-UDCA,,#N/A
P1_C6_GLCA_Lgasseri_BSH_48h.mzML,521.3949,0,3.69,3.69,3.89,Lys-UDCA,,#N/A
P1_C7_GDCA_Lgasseri_BSH_48h.mzML,521.3949,0,3.69,3.69,3.89,Lys-UDCA,,#N/A
P1_C8_GCDCA_Lgasseri_BSH_48h.mzML,521.3949,0,3.69,3.69,3.89,Lys-UDCA,,#N/A
P1_C9_GUDCA_Lgasseri_BSH_48h.mzML,521.3949,0,3.69,3.69,3.89,Lys-UDCA,,#N/A
P1_C10_GCA_Lgasseri_BSH_48h.mzML,521.3949,0,3.69,3.69,3.89,Lys-UDCA,,#N/A
P1_C11_BHI_50MeOH.mzML,521.3949,0,3.69,3.69,3.89,Lys-UDCA,,#N/A
P1_C12_BHI_50DMSO_25MeOH.mzML,521.3949,0,3.69,3.69,3.89,Lys-UDCA,,#N/A
P1_D1_TLCA_LCAG-95_BSH1208_48h.mzML,521.3949,0,3.69,3.69,3.89,Lys-UDCA,,#N/A
P1_D2_TDCA_LCAG-95_BSH1208_48h.mzML,521.3949,0,3.69,3.69,3.89,Lys-UDCA,,#N/A
P1_D3_TCDCA_LCAG-95_BSH1208_48h.mzML,521.3949,0,3.69,3.69,3.89,Lys-UDCA,,#N/A
P1_D4_TUDCA_LCAG-95_BSH1208_48h.mzML,521.3949,0,3.69,3.69,3.89,Lys-UDCA,,#N/A
P1_D5_TCA_LCAG-95_BSH1208_48h.mzML,521.3949,0,3.69,3.69,3.89,Lys-UDCA,,#N/A
P1_D6_GLCA_LCAG-95_BSH1208_48h.mzML,521.3949,0,3.69,3.69,3.89,Lys-UDCA,,#N/A
P1_D7_GDCA_LCAG-95_BSH1208_48h.mzML,521.3949,0,3.69,3.69,3.89,Lys-UDCA,,#N/A
P1_D8_GCDCA_LCAG-95_BSH1208_48h.mzML,521.3949,0,3.69,3.69,3.89,Lys-UDCA,,#N/A
P1_D9_GUDCA_LCAG-95_BSH1208_48h.mzML,521.3949,0,3.69,3.69,3.89,Lys-UDCA,,#N/A
P1_D10_GCA_LCAG-95_BSH1208_48h.mzML,521.3949,0,3.69,3.69,3.89,Lys-UDCA,,#N/A
P1_D11_BHI_50MeOH.mzML,521.3949,0,3.69,3.69,3.89,Lys-UDCA,,#N/A
P1_D12_BHI_50DMSO_25MeOH.mzML,521.3949,0,3.69,3.69,3.89,Lys-UDCA,,#N/A
P1_E1_TLCA_Ep_BSH101_48h.mzML,521.3949,0,3.69,3.69,3.89,Lys-UDCA,,#N/A
P1_E2_TDCA_Ep_BSH101_48h.mzML,521.3949,0,3.69,3.69,3.89,Lys-UDCA,,#N/A
P1_E3_TCDCA_Ep_BSH101_48h.mzML,521.3949,0,3.69,3.69,3.89,Lys-UDCA,,#N/A
P1_E4_TUDCA_Ep_BSH101_48h.mzML,521.3949,0,3.69,3.69,3.89,Lys-UDCA,,#N/A
P1_E5_TCA_Ep_BSH101_48h.mzML,521.3949,0,3.69,3.69,3.89,Lys-UDCA,,#N/A
P1_E6_GLCA_Ep_BSH101_48h.mzML,521.3949,0,3.69,3.69,3.89,Lys-UDCA,,#N/A
P1_E7_GDCA_Ep_BSH101_48h.mzML,521.3949,0,3.69,3.69,3.89,Lys-UDCA,,#N/A
P1_E8_GCDCA_Ep_BSH101_48h.mzML,521.3949,0,3.69,3.69,3.89,Lys-UDCA,,#N/A
P1_E9_GUDCA_Ep_BSH101_48h.mzML,521.3949,0,3.69,3.69,3.89,Lys-UDCA,,#N/A
P1_E10_GCA_Ep_BSH101_48h.mzML,521.3949,0,3.69,3.69,3.89,Lys-UDCA,,#N/A
P1_E11_BHI_50MeOH.mzML,521.3949,0,3.69,3.69,3.89,Lys-UDCA,,#N/A
P1_E12_BHI_50DMSO_25MeOH.mzML,521.3949,0,3.69,3.69,3.89,Lys-UDCA,,#N/A
P1_F1_TLCA_AZ-52_48h.mzML,521.3949,0,3.69,3.69,3.89,Lys-UDCA,,#N/A
P1_F2_TDCA_AZ-52_48h.mzML,521.3949,0,3.69,3.69,3.89,Lys-UDCA,,#N/A
P1_F3_TCDCA_AZ-52_48h.mzML,521.3949,0,3.69,3.69,3.89,Lys-UDCA,,#N/A
P1_F4_TUDCA_AZ-52_48h.mzML,521.3949,2134474,3.72,3.69,3.89,Lys-UDCA,,#N/A
P1_F5_TCA_AZ-52_48h.mzML,521.3949,0,3.69,3.69,3.89,Lys-UDCA,,#N/A
P1_F6_GLCA_AZ-52_48h.mzML,521.3949,0,3.69,3.69,3.89,Lys-UDCA,,#N/A
P1_F7_GDCA_AZ-52_48h.mzML,521.3949,0,3.69,3.69,3.89,Lys-UDCA,,#N/A
P1_F8_GCDCA_AZ-52_48h.mzML,521.3949,0,3.69,3.69,3.89,Lys-UDCA,,#N/A
P1_F9_GUDCA_AZ-52_48h.mzML,521.3949,449157,3.74,3.69,3.89,Lys-UDCA,,#N/A
P1_F10_GCA_AZ-52_48h.mzML,521.3949,0,3.69,3.69,3.89,Lys-UDCA,,#N/A
P1_F11_BHI_50MeOH.mzML,521.3949,0,3.69,3.69,3.89,Lys-UDCA,,#N/A
P1_F12_BHI_50DMSO_25MeOH.mzML,521.3949,0,3.69,3.69,3.89,Lys-UDCA,,#N/A
P1_G1_TLCA_EcAZ-1-cat_48h.mzML,521.3949,0,3.69,3.69,3.89,Lys-UDCA,,#N/A
P1_G2_TDCA_EcAZ-1-cat_48h.mzML,521.3949,0,3.69,3.69,3.89,Lys-UDCA,,#N/A
P1_G3_TCDCA_EcAZ-1-cat_48h.mzML,521.3949,0,3.69,3.69,3.89,Lys-UDCA,,#N/A
P1_G4_TUDCA_EcAZ-1-cat_48h.mzML,521.3949,0,3.69,3.69,3.89,Lys-UDCA,,#N/A
P1_G5_TCA_EcAZ-1-cat_48h.mzML,521.3949,0,3.69,3.69,3.89,Lys-UDCA,,#N/A
P1_G6_GLCA_EcAZ-1-cat_48h.mzML,521.3949,0,3.69,3.69,3.89,Lys-UDCA,,#N/A
P1_G7_GDCA_EcAZ-1-cat_48h.mzML,521.3949,0,3.69,3.69,3.89,Lys-UDCA,,#N/A
P1_G8_GCDCA_EcAZ-1-cat_48h.mzML,521.3949,0,3.69,3.69,3.89,Lys-UDCA,,#N/A
P1_G9_GUDCA_EcAZ-1-cat_48h.mzML,521.3949,0,3.69,3.69,3.89,Lys-UDCA,,#N/A
P1_G10_GCA_EcAZ-1-cat_48h.mzML,521.3949,0,3.69,3.69,3.89,Lys-UDCA,,#N/A
P1_G11_BHI_50MeOH.mzML,521.3949,0,3.69,3.69,3.89,Lys-UDCA,,#N/A
P1_G12_BHI_50DMSO_25MeOH.mzML,521.3949,0,3.69,3.69,3.89,Lys-UDCA,,#N/A
P1_H1_TLCA_ctrl_48h.mzML,521.3949,0,3.69,3.69,3.89,Lys-UDCA,,#N/A
P1_H2_TDCA_ctrl_48h.mzML,521.3949,0,3.69,3.69,3.89,Lys-UDCA,,#N/A
P1_H3_TCDCA_ctrl_48h.mzML,521.3949,0,3.69,3.69,3.89,Lys-UDCA,,#N/A
P1_H4_TUDCA_ctrl_48h.mzML,521.3949,0,3.69,3.69,3.89,Lys-UDCA,,#N/A
P1_H5_TCA_ctrl_48h.mzML,521.3949,0,3.69,3.69,3.89,Lys-UDCA,,#N/A
P1_H6_GLCA_ctrl_48h.mzML,521.3949,0,3.69,3.69,3.89,Lys-UDCA,,#N/A
P1_H7_GDCA_ctrl_48h.mzML,521.3949,0,3.69,3.69,3.89,Lys-UDCA,,#N/A
P1_H8_GCDCA_ctrl_48h.mzML,521.3949,0,3.69,3.69,3.89,Lys-UDCA,,#N/A
P1_H9_GUDCA_ctrl_48h.mzML,521.3949,0,3.69,3.69,3.89,Lys-UDCA,,#N/A
P1_H10_GCA_ctrl_48h.mzML,521.3949,0,3.69,3.69,3.89,Lys-UDCA,,#N/A
P1_H11_BHI_50MeOH.mzML,521.3949,0,3.69,3.69,3.89,Lys-UDCA,,#N/A
P1_H12_BHI_50DMSO_25MeOH.mzML,521.3949,0,3.69,3.69,3.89,Lys-UDCA,,#N/A
TCA_std.mzML,521.3949,0,3.69,3.69,3.89,Lys-UDCA,,#N/A
TCDCA_std.mzML,521.3949,0,3.69,3.69,3.89,Lys-UDCA,,#N/A
TDCA_std.mzML,521.3949,0,3.69,3.69,3.89,Lys-UDCA,,#N/A
TLCA_std.mzML,521.3949,0,3.69,3.69,3.89,Lys-UDCA,,#N/A
TUDCA_std.mzML,521.3949,0,3.69,3.69,3.89,Lys-UDCA,,#N/A
UDCA_aminoacids.mzML,521.3949,77706,3.8,3.69,3.89,Lys-UDCA,,#N/A
CA_aminoacids.mzML,540.3684,2547368,8.87,8.83,8.89,Phe-UDCA,,#N/A
CA_DCA_LCA_aminoacids.mzML,540.3684,94388472,8.88,8.83,8.89,Phe-UDCA,,#N/A
CDCA_aminoacids.mzML,540.3684,82619008,8.84,8.83,8.89,Phe-UDCA,,#N/A
DCA_aminoacids.mzML,540.3684,407353664,8.88,8.83,8.89,Phe-UDCA,,#N/A
DCA_aminoacids_2.mzML,540.3684,584108480,8.87,8.83,8.89,Phe-UDCA,,#N/A
GCA_std.mzML,540.3684,0,8.83,8.83,8.89,Phe-UDCA,,#N/A
GCDCA_std.mzML,540.3684,0,8.83,8.83,8.89,Phe-UDCA,,#N/A
GDCA_std.mzML,540.3684,0,8.83,8.83,8.89,Phe-UDCA,,#N/A
GLCA_std.mzML,540.3684,0,8.83,8.83,8.89,Phe-UDCA,,#N/A
GUDCA_std.mzML,540.3684,0,8.83,8.83,8.89,Phe-UDCA,,#N/A
P1_A1_TLCA_Dny_BSH1_48h.mzML,540.3684,729635,8.88,8.83,8.89,Phe-UDCA,,#N/A
P1_A2_TDCA_Dny_BSH1_48h.mzML,540.3684,4548406,8.88,8.83,8.89,Phe-UDCA,,#N/A
P1_A3_TCDCA_Dny_BSH1_48h.mzML,540.3684,118115,8.84,8.83,8.89,Phe-UDCA,,#N/A
P1_A4_TUDCA_Dny_BSH1_48h.mzML,540.3684,305722,8.87,8.83,8.89,Phe-UDCA,,#N/A
P1_A5_TCA_Dny_BSH1_48h.mzML,540.3684,287468,8.87,8.83,8.89,Phe-UDCA,,#N/A
P1_A6_GLCA_Dny_BSH1_48h.mzML,540.3684,593204,8.88,8.83,8.89,Phe-UDCA,,#N/A
P1_A7_GDCA_Dny_BSH1_48h.mzML,540.3684,2912191,8.88,8.83,8.89,Phe-UDCA,,#N/A
P1_A8_GCDCA_Dny_BSH1_48h.mzML,540.3684,260988,8.84,8.83,8.89,Phe-UDCA,,#N/A
P1_A9_GUDCA_Dny_BSH1_48h.mzML,540.3684,211181,8.87,8.83,8.89,Phe-UDCA,,#N/A
P1_A10_GCA_Dny_BSH1_48h.mzML,540.3684,241492,8.88,8.83,8.89,Phe-UDCA,,#N/A
P1_A11_BHI_50MeOH.mzML,540.3684,242610,8.87,8.83,8.89,Phe-UDCA,,#N/A
P1_A12_BHI_50DMSO_25MeOH.mzML,540.3684,391119,8.87,8.83,8.89,Phe-UDCA,,#N/A
P1_B1_TLCA_Dny_BSH2_48h.mzML,540.3684,269411,8.88,8.83,8.89,Phe-UDCA,,#N/A
P1_B2_TDCA_Dny_BSH2_48h.mzML,540.3684,295945,8.88,8.83,8.89,Phe-UDCA,,#N/A
P1_B3_TCDCA_Dny_BSH2_48h.mzML,540.3684,287713,8.87,8.83,8.89,Phe-UDCA,,#N/A
P1_B4_TUDCA_Dny_BSH2_48h.mzML,540.3684,198971,8.86,8.83,8.89,Phe-UDCA,,#N/A
P1_B5_TCA_Dny_BSH2_48h.mzML,540.3684,258490,8.88,8.83,8.89,Phe-UDCA,,#N/A
P1_B6_GLCA_Dny_BSH2_48h.mzML,540.3684,577249,8.88,8.83,8.89,Phe-UDCA,,#N/A
P1_B7_GDCA_Dny_BSH2_48h.mzML,540.3684,526019,8.88,8.83,8.89,Phe-UDCA,,#N/A
P1_B8_GCDCA_Dny_BSH2_48h.mzML,540.3684,466049,8.87,8.83,8.89,Phe-UDCA,,#N/A
P1_B9_GUDCA_Dny_BSH2_48h.mzML,540.3684,548883,8.88,8.83,8.89,Phe-UDCA,,#N/A
P1_B10_GCA_Dny_BSH2_48h.mzML,540.3684,588231,8.88,8.83,8.89,Phe-UDCA,,#N/A
P1_B11_BHI_50MeOH.mzML,540.3684,503203,8.86,8.83,8.89,Phe-UDCA,,#N/A
P1_B12_BHI_50DMSO_25MeOH.mzML,540.3684,343788,8.87,8.83,8.89,Phe-UDCA,,#N/A
P1_C1_TLCA_Lgasseri_BSH_48h.mzML,540.3684,308439,8.87,8.83,8.89,Phe-UDCA,,#N/A
P1_C2_TDCA_Lgasseri_BSH_48h.mzML,540.3684,388786,8.87,8.83,8.89,Phe-UDCA,,#N/A
P1_C3_TCDCA_Lgasseri_BSH_48h.mzML,540.3684,290934,8.88,8.83,8.89,Phe-UDCA,,#N/A
P1_C4_TUDCA_Lgasseri_BSH_48h.mzML,540.3684,630924,8.87,8.83,8.89,Phe-UDCA,,#N/A
P1_C5_TCA_Lgasseri_BSH_48h.mzML,540.3684,440187,8.87,8.83,8.89,Phe-UDCA,,#N/A
P1_C6_GLCA_Lgasseri_BSH_48h.mzML,540.3684,604020,8.88,8.83,8.89,Phe-UDCA,,#N/A
P1_C7_GDCA_Lgasseri_BSH_48h.mzML,540.3684,982236,8.87,8.83,8.89,Phe-UDCA,,#N/A
P1_C8_GCDCA_Lgasseri_BSH_48h.mzML,540.3684,658645,8.88,8.83,8.89,Phe-UDCA,,#N/A
P1_C9_GUDCA_Lgasseri_BSH_48h.mzML,540.3684,692273,8.88,8.83,8.89,Phe-UDCA,,#N/A
P1_C10_GCA_Lgasseri_BSH_48h.mzML,540.3684,434008,8.88,8.83,8.89,Phe-UDCA,,#N/A
P1_C11_BHI_50MeOH.mzML,540.3684,552146,8.88,8.83,8.89,Phe-UDCA,,#N/A
P1_C12_BHI_50DMSO_25MeOH.mzML,540.3684,295462,8.87,8.83,8.89,Phe-UDCA,,#N/A
P1_D1_TLCA_LCAG-95_BSH1208_48h.mzML,540.3684,209722,8.87,8.83,8.89,Phe-UDCA,,#N/A
P1_D2_TDCA_LCAG-95_BSH1208_48h.mzML,540.3684,340268,8.87,8.83,8.89,Phe-UDCA,,#N/A
P1_D3_TCDCA_LCAG-95_BSH1208_48h.mzML,540.3684,269042,8.86,8.83,8.89,Phe-UDCA,,#N/A
P1_D4_TUDCA_LCAG-95_BSH1208_48h.mzML,540.3684,195371,8.88,8.83,8.89,Phe-UDCA,,#N/A
P1_D5_TCA_LCAG-95_BSH1208_48h.mzML,540.3684,263252,8.86,8.83,8.89,Phe-UDCA,,#N/A
P1_D6_GLCA_LCAG-95_BSH1208_48h.mzML,540.3684,256350,8.87,8.83,8.89,Phe-UDCA,,#N/A
P1_D7_GDCA_LCAG-95_BSH1208_48h.mzML,540.3684,518756,8.87,8.83,8.89,Phe-UDCA,,#N/A
P1_D8_GCDCA_LCAG-95_BSH1208_48h.mzML,540.3684,287300,8.87,8.83,8.89,Phe-UDCA,,#N/A
P1_D9_GUDCA_LCAG-95_BSH1208_48h.mzML,540.3684,368404,8.87,8.83,8.89,Phe-UDCA,,#N/A
P1_D10_GCA_LCAG-95_BSH1208_48h.mzML,540.3684,463751,8.88,8.83,8.89,Phe-UDCA,,#N/A
P1_D11_BHI_50MeOH.mzML,540.3684,294445,8.88,8.83,8.89,Phe-UDCA,,#N/A
P1_D12_BHI_50DMSO_25MeOH.mzML,540.3684,191633,8.88,8.83,8.89,Phe-UDCA,,#N/A
P1_E1_TLCA_Ep_BSH101_48h.mzML,540.3684,367780,8.88,8.83,8.89,Phe-UDCA,,#N/A
P1_E2_TDCA_Ep_BSH101_48h.mzML,540.3684,498582,8.86,8.83,8.89,Phe-UDCA,,#N/A
P1_E3_TCDCA_Ep_BSH101_48h.mzML,540.3684,644404,8.87,8.83,8.89,Phe-UDCA,,#N/A
P1_E4_TUDCA_Ep_BSH101_48h.mzML,540.3684,557076,8.87,8.83,8.89,Phe-UDCA,,#N/A
P1_E5_TCA_Ep_BSH101_48h.mzML,540.3684,626411,8.88,8.83,8.89,Phe-UDCA,,#N/A
P1_E6_GLCA_Ep_BSH101_48h.mzML,540.3684,470561,8.88,8.83,8.89,Phe-UDCA,,#N/A
P1_E7_GDCA_Ep_BSH101_48h.mzML,540.3684,1011330,8.86,8.83,8.89,Phe-UDCA,,#N/A
P1_E8_GCDCA_Ep_BSH101_48h.mzML,540.3684,505689,8.88,8.83,8.89,Phe-UDCA,,#N/A
P1_E9_GUDCA_Ep_BSH101_48h.mzML,540.3684,501844,8.87,8.83,8.89,Phe-UDCA,,#N/A
P1_E10_GCA_Ep_BSH101_48h.mzML,540.3684,470206,8.88,8.83,8.89,Phe-UDCA,,#N/A
P1_E11_BHI_50MeOH.mzML,540.3684,536265,8.87,8.83,8.89,Phe-UDCA,,#N/A
P1_E12_BHI_50DMSO_25MeOH.mzML,540.3684,793475,8.88,8.83,8.89,Phe-UDCA,,#N/A
P1_F1_TLCA_AZ-52_48h.mzML,540.3684,377262,8.88,8.83,8.89,Phe-UDCA,,#N/A
P1_F2_TDCA_AZ-52_48h.mzML,540.3684,766745,8.87,8.83,8.89,Phe-UDCA,,#N/A
P1_F3_TCDCA_AZ-52_48h.mzML,540.3684,216590,8.87,8.83,8.89,Phe-UDCA,,#N/A
P1_F4_TUDCA_AZ-52_48h.mzML,540.3684,549787,8.88,8.83,8.89,Phe-UDCA,,#N/A
P1_F5_TCA_AZ-52_48h.mzML,540.3684,456088,8.88,8.83,8.89,Phe-UDCA,,#N/A
P1_F6_GLCA_AZ-52_48h.mzML,540.3684,698612,8.88,8.83,8.89,Phe-UDCA,,#N/A
P1_F7_GDCA_AZ-52_48h.mzML,540.3684,861883,8.87,8.83,8.89,Phe-UDCA,,#N/A
P1_F8_GCDCA_AZ-52_48h.mzML,540.3684,151668,8.87,8.83,8.89,Phe-UDCA,,#N/A
P1_F9_GUDCA_AZ-52_48h.mzML,540.3684,553738,8.88,8.83,8.89,Phe-UDCA,,#N/A
P1_F10_GCA_AZ-52_48h.mzML,540.3684,542595,8.87,8.83,8.89,Phe-UDCA,,#N/A
P1_F11_BHI_50MeOH.mzML,540.3684,420412,8.88,8.83,8.89,Phe-UDCA,,#N/A
P1_F12_BHI_50DMSO_25MeOH.mzML,540.3684,404070,8.88,8.83,8.89,Phe-UDCA,,#N/A
P1_G1_TLCA_EcAZ-1-cat_48h.mzML,540.3684,254693,8.87,8.83,8.89,Phe-UDCA,,#N/A
P1_G2_TDCA_EcAZ-1-cat_48h.mzML,540.3684,329179,8.86,8.83,8.89,Phe-UDCA,,#N/A
P1_G3_TCDCA_EcAZ-1-cat_48h.mzML,540.3684,536323,8.87,8.83,8.89,Phe-UDCA,,#N/A
P1_G4_TUDCA_EcAZ-1-cat_48h.mzML,540.3684,607085,8.88,8.83,8.89,Phe-UDCA,,#N/A
P1_G5_TCA_EcAZ-1-cat_48h.mzML,540.3684,420069,8.88,8.83,8.89,Phe-UDCA,,#N/A
P1_G6_GLCA_EcAZ-1-cat_48h.mzML,540.3684,719276,8.87,8.83,8.89,Phe-UDCA,,#N/A
P1_G7_GDCA_EcAZ-1-cat_48h.mzML,540.3684,946300,8.88,8.83,8.89,Phe-UDCA,,#N/A
P1_G8_GCDCA_EcAZ-1-cat_48h.mzML,540.3684,566600,8.88,8.83,8.89,Phe-UDCA,,#N/A
P1_G9_GUDCA_EcAZ-1-cat_48h.mzML,540.3684,455664,8.88,8.83,8.89,Phe-UDCA,,#N/A
P1_G10_GCA_EcAZ-1-cat_48h.mzML,540.3684,563772,8.88,8.83,8.89,Phe-UDCA,,#N/A
P1_G11_BHI_50MeOH.mzML,540.3684,423841,8.88,8.83,8.89,Phe-UDCA,,#N/A
P1_G12_BHI_50DMSO_25MeOH.mzML,540.3684,589489,8.87,8.83,8.89,Phe-UDCA,,#N/A
P1_H1_TLCA_ctrl_48h.mzML,540.3684,28590,8.88,8.83,8.89,Phe-UDCA,,#N/A
P1_H2_TDCA_ctrl_48h.mzML,540.3684,54683,8.87,8.83,8.89,Phe-UDCA,,#N/A
P1_H3_TCDCA_ctrl_48h.mzML,540.3684,397665,8.88,8.83,8.89,Phe-UDCA,,#N/A
P1_H4_TUDCA_ctrl_48h.mzML,540.3684,70769,8.87,8.83,8.89,Phe-UDCA,,#N/A
P1_H5_TCA_ctrl_48h.mzML,540.3684,39554,8.87,8.83,8.89,Phe-UDCA,,#N/A
P1_H6_GLCA_ctrl_48h.mzML,540.3684,0,8.83,8.83,8.89,Phe-UDCA,,#N/A
P1_H7_GDCA_ctrl_48h.mzML,540.3684,39598,8.88,8.83,8.89,Phe-UDCA,,#N/A
P1_H8_GCDCA_ctrl_48h.mzML,540.3684,571970,8.88,8.83,8.89,Phe-UDCA,,#N/A
P1_H9_GUDCA_ctrl_48h.mzML,540.3684,80140,8.88,8.83,8.89,Phe-UDCA,,#N/A
P1_H10_GCA_ctrl_48h.mzML,540.3684,102922,8.88,8.83,8.89,Phe-UDCA,,#N/A
P1_H11_BHI_50MeOH.mzML,540.3684,24850,8.88,8.83,8.89,Phe-UDCA,,#N/A
P1_H12_BHI_50DMSO_25MeOH.mzML,540.3684,37231,8.87,8.83,8.89,Phe-UDCA,,#N/A
TCA_std.mzML,540.3684,0,8.83,8.83,8.89,Phe-UDCA,,#N/A
TCDCA_std.mzML,540.3684,0,8.83,8.83,8.89,Phe-UDCA,,#N/A
TDCA_std.mzML,540.3684,0,8.83,8.83,8.89,Phe-UDCA,,#N/A
TLCA_std.mzML,540.3684,0,8.83,8.83,8.89,Phe-UDCA,,#N/A
TUDCA_std.mzML,540.3684,0,8.83,8.83,8.89,Phe-UDCA,,#N/A
UDCA_aminoacids.mzML,540.3684,123453,8.85,8.83,8.89,Phe-UDCA,,#N/A
CA_aminoacids.mzML,537.3898,1148916,3.83,3.74,4.06,Lys-CA,,#N/A
CA_DCA_LCA_aminoacids.mzML,537.3898,46990,3.82,3.74,4.06,Lys-CA,,#N/A
CDCA_aminoacids.mzML,537.3898,0,3.74,3.74,4.06,Lys-CA,,#N/A
DCA_aminoacids.mzML,537.3898,0,3.74,3.74,4.06,Lys-CA,,#N/A
DCA_aminoacids_2.mzML,537.3898,17304,3.84,3.74,4.06,Lys-CA,,#N/A
GCA_std.mzML,537.3898,0,3.74,3.74,4.06,Lys-CA,,#N/A
GCDCA_std.mzML,537.3898,0,3.74,3.74,4.06,Lys-CA,,#N/A
GDCA_std.mzML,537.3898,0,3.74,3.74,4.06,Lys-CA,,#N/A
GLCA_std.mzML,537.3898,0,3.74,3.74,4.06,Lys-CA,,#N/A
GUDCA_std.mzML,537.3898,0,3.74,3.74,4.06,Lys-CA,,#N/A
P1_A1_TLCA_Dny_BSH1_48h.mzML,537.3898,0,3.74,3.74,4.06,Lys-CA,,#N/A
P1_A2_TDCA_Dny_BSH1_48h.mzML,537.3898,0,3.74,3.74,4.06,Lys-CA,,#N/A
P1_A3_TCDCA_Dny_BSH1_48h.mzML,537.3898,0,3.74,3.74,4.06,Lys-CA,,#N/A
P1_A4_TUDCA_Dny_BSH1_48h.mzML,537.3898,0,3.74,3.74,4.06,Lys-CA,,#N/A
P1_A5_TCA_Dny_BSH1_48h.mzML,537.3898,1061585,3.88,3.74,4.06,Lys-CA,,#N/A
P1_A6_GLCA_Dny_BSH1_48h.mzML,537.3898,0,3.74,3.74,4.06,Lys-CA,,#N/A
P1_A7_GDCA_Dny_BSH1_48h.mzML,537.3898,0,3.74,3.74,4.06,Lys-CA,,#N/A
P1_A8_GCDCA_Dny_BSH1_48h.mzML,537.3898,0,3.74,3.74,4.06,Lys-CA,,#N/A
P1_A9_GUDCA_Dny_BSH1_48h.mzML,537.3898,0,3.74,3.74,4.06,Lys-CA,,#N/A
P1_A10_GCA_Dny_BSH1_48h.mzML,537.3898,823463,3.88,3.74,4.06,Lys-CA,,#N/A
P1_A11_BHI_50MeOH.mzML,537.3898,0,3.74,3.74,4.06,Lys-CA,,#N/A
P1_A12_BHI_50DMSO_25MeOH.mzML,537.3898,0,3.74,3.74,4.06,Lys-CA,,#N/A
P1_B1_TLCA_Dny_BSH2_48h.mzML,537.3898,0,3.74,3.74,4.06,Lys-CA,,#N/A
P1_B2_TDCA_Dny_BSH2_48h.mzML,537.3898,0,3.74,3.74,4.06,Lys-CA,,#N/A
P1_B3_TCDCA_Dny_BSH2_48h.mzML,537.3898,0,3.74,3.74,4.06,Lys-CA,,#N/A
P1_B4_TUDCA_Dny_BSH2_48h.mzML,537.3898,0,3.74,3.74,4.06,Lys-CA,,#N/A
P1_B5_TCA_Dny_BSH2_48h.mzML,537.3898,0,3.74,3.74,4.06,Lys-CA,,#N/A
P1_B6_GLCA_Dny_BSH2_48h.mzML,537.3898,0,3.74,3.74,4.06,Lys-CA,,#N/A
P1_B7_GDCA_Dny_BSH2_48h.mzML,537.3898,0,3.74,3.74,4.06,Lys-CA,,#N/A
P1_B8_GCDCA_Dny_BSH2_48h.mzML,537.3898,0,3.74,3.74,4.06,Lys-CA,,#N/A
P1_B9_GUDCA_Dny_BSH2_48h.mzML,537.3898,0,3.74,3.74,4.06,Lys-CA,,#N/A
P1_B10_GCA_Dny_BSH2_48h.mzML,537.3898,0,3.74,3.74,4.06,Lys-CA,,#N/A
P1_B11_BHI_50MeOH.mzML,537.3898,0,3.74,3.74,4.06,Lys-CA,,#N/A
P1_B12_BHI_50DMSO_25MeOH.mzML,537.3898,0,3.74,3.74,4.06,Lys-CA,,#N/A
P1_C1_TLCA_Lgasseri_BSH_48h.mzML,537.3898,0,3.74,3.74,4.06,Lys-CA,,#N/A
P1_C2_TDCA_Lgasseri_BSH_48h.mzML,537.3898,0,3.74,3.74,4.06,Lys-CA,,#N/A
P1_C3_TCDCA_Lgasseri_BSH_48h.mzML,537.3898,0,3.74,3.74,4.06,Lys-CA,,#N/A
P1_C4_TUDCA_Lgasseri_BSH_48h.mzML,537.3898,0,3.74,3.74,4.06,Lys-CA,,#N/A
P1_C5_TCA_Lgasseri_BSH_48h.mzML,537.3898,0,3.74,3.74,4.06,Lys-CA,,#N/A
P1_C6_GLCA_Lgasseri_BSH_48h.mzML,537.3898,0,3.74,3.74,4.06,Lys-CA,,#N/A
P1_C7_GDCA_Lgasseri_BSH_48h.mzML,537.3898,0,3.74,3.74,4.06,Lys-CA,,#N/A
P1_C8_GCDCA_Lgasseri_BSH_48h.mzML,537.3898,0,3.74,3.74,4.06,Lys-CA,,#N/A
P1_C9_GUDCA_Lgasseri_BSH_48h.mzML,537.3898,0,3.74,3.74,4.06,Lys-CA,,#N/A
P1_C10_GCA_Lgasseri_BSH_48h.mzML,537.3898,0,3.74,3.74,4.06,Lys-CA,,#N/A
P1_C11_BHI_50MeOH.mzML,537.3898,0,3.74,3.74,4.06,Lys-CA,,#N/A
P1_C12_BHI_50DMSO_25MeOH.mzML,537.3898,0,3.74,3.74,4.06,Lys-CA,,#N/A
P1_D1_TLCA_LCAG-95_BSH1208_48h.mzML,537.3898,0,3.74,3.74,4.06,Lys-CA,,#N/A
P1_D2_TDCA_LCAG-95_BSH1208_48h.mzML,537.3898,0,3.74,3.74,4.06,Lys-CA,,#N/A
P1_D3_TCDCA_LCAG-95_BSH1208_48h.mzML,537.3898,0,3.74,3.74,4.06,Lys-CA,,#N/A
P1_D4_TUDCA_LCAG-95_BSH1208_48h.mzML,537.3898,0,3.74,3.74,4.06,Lys-CA,,#N/A
P1_D5_TCA_LCAG-95_BSH1208_48h.mzML,537.3898,0,3.74,3.74,4.06,Lys-CA,,#N/A
P1_D6_GLCA_LCAG-95_BSH1208_48h.mzML,537.3898,0,3.74,3.74,4.06,Lys-CA,,#N/A
P1_D7_GDCA_LCAG-95_BSH1208_48h.mzML,537.3898,0,3.74,3.74,4.06,Lys-CA,,#N/A
P1_D8_GCDCA_LCAG-95_BSH1208_48h.mzML,537.3898,0,3.74,3.74,4.06,Lys-CA,,#N/A
P1_D9_GUDCA_LCAG-95_BSH1208_48h.mzML,537.3898,0,3.74,3.74,4.06,Lys-CA,,#N/A
P1_D10_GCA_LCAG-95_BSH1208_48h.mzML,537.3898,0,3.74,3.74,4.06,Lys-CA,,#N/A
P1_D11_BHI_50MeOH.mzML,537.3898,0,3.74,3.74,4.06,Lys-CA,,#N/A
P1_D12_BHI_50DMSO_25MeOH.mzML,537.3898,0,3.74,3.74,4.06,Lys-CA,,#N/A
P1_E1_TLCA_Ep_BSH101_48h.mzML,537.3898,0,3.74,3.74,4.06,Lys-CA,,#N/A
P1_E2_TDCA_Ep_BSH101_48h.mzML,537.3898,0,3.74,3.74,4.06,Lys-CA,,#N/A
P1_E3_TCDCA_Ep_BSH101_48h.mzML,537.3898,0,3.74,3.74,4.06,Lys-CA,,#N/A
P1_E4_TUDCA_Ep_BSH101_48h.mzML,537.3898,0,3.74,3.74,4.06,Lys-CA,,#N/A
P1_E5_TCA_Ep_BSH101_48h.mzML,537.3898,0,3.74,3.74,4.06,Lys-CA,,#N/A
P1_E6_GLCA_Ep_BSH101_48h.mzML,537.3898,0,3.74,3.74,4.06,Lys-CA,,#N/A
P1_E7_GDCA_Ep_BSH101_48h.mzML,537.3898,0,3.74,3.74,4.06,Lys-CA,,#N/A
P1_E8_GCDCA_Ep_BSH101_48h.mzML,537.3898,0,3.74,3.74,4.06,Lys-CA,,#N/A
P1_E9_GUDCA_Ep_BSH101_48h.mzML,537.3898,0,3.74,3.74,4.06,Lys-CA,,#N/A
P1_E10_GCA_Ep_BSH101_48h.mzML,537.3898,0,3.74,3.74,4.06,Lys-CA,,#N/A
P1_E11_BHI_50MeOH.mzML,537.3898,0,3.74,3.74,4.06,Lys-CA,,#N/A
P1_E12_BHI_50DMSO_25MeOH.mzML,537.3898,0,3.74,3.74,4.06,Lys-CA,,#N/A
P1_F1_TLCA_AZ-52_48h.mzML,537.3898,0,3.74,3.74,4.06,Lys-CA,,#N/A
P1_F2_TDCA_AZ-52_48h.mzML,537.3898,0,3.74,3.74,4.06,Lys-CA,,#N/A
P1_F3_TCDCA_AZ-52_48h.mzML,537.3898,0,3.74,3.74,4.06,Lys-CA,,#N/A
P1_F4_TUDCA_AZ-52_48h.mzML,537.3898,0,3.74,3.74,4.06,Lys-CA,,#N/A
P1_F5_TCA_AZ-52_48h.mzML,537.3898,376144,3.84,3.74,4.06,Lys-CA,,#N/A
P1_F6_GLCA_AZ-52_48h.mzML,537.3898,0,3.74,3.74,4.06,Lys-CA,,#N/A
P1_F7_GDCA_AZ-52_48h.mzML,537.3898,0,3.74,3.74,4.06,Lys-CA,,#N/A
P1_F8_GCDCA_AZ-52_48h.mzML,537.3898,0,3.74,3.74,4.06,Lys-CA,,#N/A
P1_F9_GUDCA_AZ-52_48h.mzML,537.3898,0,3.74,3.74,4.06,Lys-CA,,#N/A
P1_F10_GCA_AZ-52_48h.mzML,537.3898,10612,3.86,3.74,4.06,Lys-CA,,#N/A
P1_F11_BHI_50MeOH.mzML,537.3898,0,3.74,3.74,4.06,Lys-CA,,#N/A
P1_F12_BHI_50DMSO_25MeOH.mzML,537.3898,0,3.74,3.74,4.06,Lys-CA,,#N/A
P1_G1_TLCA_EcAZ-1-cat_48h.mzML,537.3898,0,3.74,3.74,4.06,Lys-CA,,#N/A
P1_G2_TDCA_EcAZ-1-cat_48h.mzML,537.3898,0,3.74,3.74,4.06,Lys-CA,,#N/A
P1_G3_TCDCA_EcAZ-1-cat_48h.mzML,537.3898,0,3.74,3.74,4.06,Lys-CA,,#N/A
P1_G4_TUDCA_EcAZ-1-cat_48h.mzML,537.3898,0,3.74,3.74,4.06,Lys-CA,,#N/A
P1_G5_TCA_EcAZ-1-cat_48h.mzML,537.3898,0,3.74,3.74,4.06,Lys-CA,,#N/A
P1_G6_GLCA_EcAZ-1-cat_48h.mzML,537.3898,0,3.74,3.74,4.06,Lys-CA,,#N/A
P1_G7_GDCA_EcAZ-1-cat_48h.mzML,537.3898,0,3.74,3.74,4.06,Lys-CA,,#N/A
P1_G8_GCDCA_EcAZ-1-cat_48h.mzML,537.3898,0,3.74,3.74,4.06,Lys-CA,,#N/A
P1_G9_GUDCA_EcAZ-1-cat_48h.mzML,537.3898,0,3.74,3.74,4.06,Lys-CA,,#N/A
P1_G10_GCA_EcAZ-1-cat_48h.mzML,537.3898,0,3.74,3.74,4.06,Lys-CA,,#N/A
P1_G11_BHI_50MeOH.mzML,537.3898,0,3.74,3.74,4.06,Lys-CA,,#N/A
P1_G12_BHI_50DMSO_25MeOH.mzML,537.3898,0,3.74,3.74,4.06,Lys-CA,,#N/A
P1_H1_TLCA_ctrl_48h.mzML,537.3898,0,3.74,3.74,4.06,Lys-CA,,#N/A
P1_H2_TDCA_ctrl_48h.mzML,537.3898,0,3.74,3.74,4.06,Lys-CA,,#N/A
P1_H3_TCDCA_ctrl_48h.mzML,537.3898,0,3.74,3.74,4.06,Lys-CA,,#N/A
P1_H4_TUDCA_ctrl_48h.mzML,537.3898,0,3.74,3.74,4.06,Lys-CA,,#N/A
P1_H5_TCA_ctrl_48h.mzML,537.3898,0,3.74,3.74,4.06,Lys-CA,,#N/A
P1_H6_GLCA_ctrl_48h.mzML,537.3898,0,3.74,3.74,4.06,Lys-CA,,#N/A
P1_H7_GDCA_ctrl_48h.mzML,537.3898,0,3.74,3.74,4.06,Lys-CA,,#N/A
P1_H8_GCDCA_ctrl_48h.mzML,537.3898,0,3.74,3.74,4.06,Lys-CA,,#N/A
P1_H9_GUDCA_ctrl_48h.mzML,537.3898,0,3.74,3.74,4.06,Lys-CA,,#N/A
P1_H10_GCA_ctrl_48h.mzML,537.3898,0,3.74,3.74,4.06,Lys-CA,,#N/A
P1_H11_BHI_50MeOH.mzML,537.3898,0,3.74,3.74,4.06,Lys-CA,,#N/A
P1_H12_BHI_50DMSO_25MeOH.mzML,537.3898,7355,3.85,3.74,4.06,Lys-CA,,#N/A
TCA_std.mzML,537.3898,0,3.74,3.74,4.06,Lys-CA,,#N/A
TCDCA_std.mzML,537.3898,0,3.74,3.74,4.06,Lys-CA,,#N/A
TDCA_std.mzML,537.3898,0,3.74,3.74,4.06,Lys-CA,,#N/A
TLCA_std.mzML,537.3898,0,3.74,3.74,4.06,Lys-CA,,#N/A
TUDCA_std.mzML,537.3898,0,3.74,3.74,4.06,Lys-CA,,#N/A
UDCA_aminoacids.mzML,537.3898,255311,3.97,3.74,4.06,Lys-CA,,#N/A
CA_aminoacids.mzML,521.3949,4781,5.28,5.24,5.45,Lys-CDCA,,#N/A
CA_DCA_LCA_aminoacids.mzML,521.3949,9729,5.24,5.24,5.45,Lys-CDCA,,#N/A
CDCA_aminoacids.mzML,521.3949,1252601,5.26,5.24,5.45,Lys-CDCA,,#N/A
DCA_aminoacids.mzML,521.3949,1710,5.45,5.24,5.45,Lys-CDCA,,#N/A
DCA_aminoacids_2.mzML,521.3949,8056369,5.45,5.24,5.45,Lys-CDCA,,#N/A
GCA_std.mzML,521.3949,0,5.24,5.24,5.45,Lys-CDCA,,#N/A
GCDCA_std.mzML,521.3949,0,5.24,5.24,5.45,Lys-CDCA,,#N/A
GDCA_std.mzML,521.3949,0,5.24,5.24,5.45,Lys-CDCA,,#N/A
GLCA_std.mzML,521.3949,0,5.24,5.24,5.45,Lys-CDCA,,#N/A
GUDCA_std.mzML,521.3949,0,5.24,5.24,5.45,Lys-CDCA,,#N/A
P1_A1_TLCA_Dny_BSH1_48h.mzML,521.3949,0,5.24,5.24,5.45,Lys-CDCA,,#N/A
P1_A2_TDCA_Dny_BSH1_48h.mzML,521.3949,0,5.24,5.24,5.45,Lys-CDCA,,#N/A
P1_A3_TCDCA_Dny_BSH1_48h.mzML,521.3949,565776,5.32,5.24,5.45,Lys-CDCA,,#N/A
P1_A4_TUDCA_Dny_BSH1_48h.mzML,521.3949,0,5.24,5.24,5.45,Lys-CDCA,,#N/A
P1_A5_TCA_Dny_BSH1_48h.mzML,521.3949,0,5.24,5.24,5.45,Lys-CDCA,,#N/A
P1_A6_GLCA_Dny_BSH1_48h.mzML,521.3949,0,5.24,5.24,5.45,Lys-CDCA,,#N/A
P1_A7_GDCA_Dny_BSH1_48h.mzML,521.3949,0,5.24,5.24,5.45,Lys-CDCA,,#N/A
P1_A8_GCDCA_Dny_BSH1_48h.mzML,521.3949,885892,5.32,5.24,5.45,Lys-CDCA,,#N/A
P1_A9_GUDCA_Dny_BSH1_48h.mzML,521.3949,1764,5.33,5.24,5.45,Lys-CDCA,,#N/A
P1_A10_GCA_Dny_BSH1_48h.mzML,521.3949,0,5.24,5.24,5.45,Lys-CDCA,,#N/A
P1_A11_BHI_50MeOH.mzML,521.3949,0,5.24,5.24,5.45,Lys-CDCA,,#N/A
P1_A12_BHI_50DMSO_25MeOH.mzML,521.3949,0,5.24,5.24,5.45,Lys-CDCA,,#N/A
P1_B1_TLCA_Dny_BSH2_48h.mzML,521.3949,0,5.24,5.24,5.45,Lys-CDCA,,#N/A
P1_B2_TDCA_Dny_BSH2_48h.mzML,521.3949,0,5.24,5.24,5.45,Lys-CDCA,,#N/A
P1_B3_TCDCA_Dny_BSH2_48h.mzML,521.3949,0,5.24,5.24,5.45,Lys-CDCA,,#N/A
P1_B4_TUDCA_Dny_BSH2_48h.mzML,521.3949,0,5.24,5.24,5.45,Lys-CDCA,,#N/A
P1_B5_TCA_Dny_BSH2_48h.mzML,521.3949,0,5.24,5.24,5.45,Lys-CDCA,,#N/A
P1_B6_GLCA_Dny_BSH2_48h.mzML,521.3949,0,5.24,5.24,5.45,Lys-CDCA,,#N/A
P1_B7_GDCA_Dny_BSH2_48h.mzML,521.3949,0,5.24,5.24,5.45,Lys-CDCA,,#N/A
P1_B8_GCDCA_Dny_BSH2_48h.mzML,521.3949,0,5.24,5.24,5.45,Lys-CDCA,,#N/A
P1_B9_GUDCA_Dny_BSH2_48h.mzML,521.3949,0,5.24,5.24,5.45,Lys-CDCA,,#N/A
P1_B10_GCA_Dny_BSH2_48h.mzML,521.3949,0,5.24,5.24,5.45,Lys-CDCA,,#N/A
P1_B11_BHI_50MeOH.mzML,521.3949,0,5.24,5.24,5.45,Lys-CDCA,,#N/A
P1_B12_BHI_50DMSO_25MeOH.mzML,521.3949,991,5.41,5.24,5.45,Lys-CDCA,,#N/A
P1_C1_TLCA_Lgasseri_BSH_48h.mzML,521.3949,0,5.24,5.24,5.45,Lys-CDCA,,#N/A
P1_C2_TDCA_Lgasseri_BSH_48h.mzML,521.3949,0,5.24,5.24,5.45,Lys-CDCA,,#N/A
P1_C3_TCDCA_Lgasseri_BSH_48h.mzML,521.3949,0,5.24,5.24,5.45,Lys-CDCA,,#N/A
P1_C4_TUDCA_Lgasseri_BSH_48h.mzML,521.3949,0,5.24,5.24,5.45,Lys-CDCA,,#N/A
P1_C5_TCA_Lgasseri_BSH_48h.mzML,521.3949,0,5.24,5.24,5.45,Lys-CDCA,,#N/A
P1_C6_GLCA_Lgasseri_BSH_48h.mzML,521.3949,0,5.24,5.24,5.45,Lys-CDCA,,#N/A
P1_C7_GDCA_Lgasseri_BSH_48h.mzML,521.3949,0,5.24,5.24,5.45,Lys-CDCA,,#N/A
P1_C8_GCDCA_Lgasseri_BSH_48h.mzML,521.3949,0,5.24,5.24,5.45,Lys-CDCA,,#N/A
P1_C9_GUDCA_Lgasseri_BSH_48h.mzML,521.3949,0,5.24,5.24,5.45,Lys-CDCA,,#N/A
P1_C10_GCA_Lgasseri_BSH_48h.mzML,521.3949,0,5.24,5.24,5.45,Lys-CDCA,,#N/A
P1_C11_BHI_50MeOH.mzML,521.3949,0,5.24,5.24,5.45,Lys-CDCA,,#N/A
P1_C12_BHI_50DMSO_25MeOH.mzML,521.3949,0,5.24,5.24,5.45,Lys-CDCA,,#N/A
P1_D1_TLCA_LCAG-95_BSH1208_48h.mzML,521.3949,0,5.24,5.24,5.45,Lys-CDCA,,#N/A
P1_D2_TDCA_LCAG-95_BSH1208_48h.mzML,521.3949,0,5.24,5.24,5.45,Lys-CDCA,,#N/A
P1_D3_TCDCA_LCAG-95_BSH1208_48h.mzML,521.3949,0,5.24,5.24,5.45,Lys-CDCA,,#N/A
P1_D4_TUDCA_LCAG-95_BSH1208_48h.mzML,521.3949,0,5.24,5.24,5.45,Lys-CDCA,,#N/A
P1_D5_TCA_LCAG-95_BSH1208_48h.mzML,521.3949,0,5.24,5.24,5.45,Lys-CDCA,,#N/A
P1_D6_GLCA_LCAG-95_BSH1208_48h.mzML,521.3949,0,5.24,5.24,5.45,Lys-CDCA,,#N/A
P1_D7_GDCA_LCAG-95_BSH1208_48h.mzML,521.3949,0,5.24,5.24,5.45,Lys-CDCA,,#N/A
P1_D8_GCDCA_LCAG-95_BSH1208_48h.mzML,521.3949,0,5.24,5.24,5.45,Lys-CDCA,,#N/A
P1_D9_GUDCA_LCAG-95_BSH1208_48h.mzML,521.3949,0,5.24,5.24,5.45,Lys-CDCA,,#N/A
P1_D10_GCA_LCAG-95_BSH1208_48h.mzML,521.3949,0,5.24,5.24,5.45,Lys-CDCA,,#N/A
P1_D11_BHI_50MeOH.mzML,521.3949,0,5.24,5.24,5.45,Lys-CDCA,,#N/A
P1_D12_BHI_50DMSO_25MeOH.mzML,521.3949,0,5.24,5.24,5.45,Lys-CDCA,,#N/A
P1_E1_TLCA_Ep_BSH101_48h.mzML,521.3949,0,5.24,5.24,5.45,Lys-CDCA,,#N/A
P1_E2_TDCA_Ep_BSH101_48h.mzML,521.3949,0,5.24,5.24,5.45,Lys-CDCA,,#N/A
P1_E3_TCDCA_Ep_BSH101_48h.mzML,521.3949,0,5.24,5.24,5.45,Lys-CDCA,,#N/A
P1_E4_TUDCA_Ep_BSH101_48h.mzML,521.3949,0,5.24,5.24,5.45,Lys-CDCA,,#N/A
P1_E5_TCA_Ep_BSH101_48h.mzML,521.3949,0,5.24,5.24,5.45,Lys-CDCA,,#N/A
P1_E6_GLCA_Ep_BSH101_48h.mzML,521.3949,0,5.24,5.24,5.45,Lys-CDCA,,#N/A
P1_E7_GDCA_Ep_BSH101_48h.mzML,521.3949,0,5.24,5.24,5.45,Lys-CDCA,,#N/A
P1_E8_GCDCA_Ep_BSH101_48h.mzML,521.3949,0,5.24,5.24,5.45,Lys-CDCA,,#N/A
P1_E9_GUDCA_Ep_BSH101_48h.mzML,521.3949,0,5.24,5.24,5.45,Lys-CDCA,,#N/A
P1_E10_GCA_Ep_BSH101_48h.mzML,521.3949,0,5.24,5.24,5.45,Lys-CDCA,,#N/A
P1_E11_BHI_50MeOH.mzML,521.3949,0,5.24,5.24,5.45,Lys-CDCA,,#N/A
P1_E12_BHI_50DMSO_25MeOH.mzML,521.3949,0,5.24,5.24,5.45,Lys-CDCA,,#N/A
P1_F1_TLCA_AZ-52_48h.mzML,521.3949,0,5.24,5.24,5.45,Lys-CDCA,,#N/A
P1_F2_TDCA_AZ-52_48h.mzML,521.3949,0,5.24,5.24,5.45,Lys-CDCA,,#N/A
P1_F3_TCDCA_AZ-52_48h.mzML,521.3949,752811,5.29,5.24,5.45,Lys-CDCA,,#N/A
P1_F4_TUDCA_AZ-52_48h.mzML,521.3949,0,5.24,5.24,5.45,Lys-CDCA,,#N/A
P1_F5_TCA_AZ-52_48h.mzML,521.3949,0,5.24,5.24,5.45,Lys-CDCA,,#N/A
P1_F6_GLCA_AZ-52_48h.mzML,521.3949,0,5.24,5.24,5.45,Lys-CDCA,,#N/A
P1_F7_GDCA_AZ-52_48h.mzML,521.3949,0,5.24,5.24,5.45,Lys-CDCA,,#N/A
P1_F8_GCDCA_AZ-52_48h.mzML,521.3949,1387945,5.3,5.24,5.45,Lys-CDCA,,#N/A
P1_F9_GUDCA_AZ-52_48h.mzML,521.3949,4680,5.3,5.24,5.45,Lys-CDCA,,#N/A
P1_F10_GCA_AZ-52_48h.mzML,521.3949,0,5.24,5.24,5.45,Lys-CDCA,,#N/A
P1_F11_BHI_50MeOH.mzML,521.3949,0,5.24,5.24,5.45,Lys-CDCA,,#N/A
P1_F12_BHI_50DMSO_25MeOH.mzML,521.3949,0,5.24,5.24,5.45,Lys-CDCA,,#N/A
P1_G1_TLCA_EcAZ-1-cat_48h.mzML,521.3949,0,5.24,5.24,5.45,Lys-CDCA,,#N/A
P1_G2_TDCA_EcAZ-1-cat_48h.mzML,521.3949,0,5.24,5.24,5.45,Lys-CDCA,,#N/A
P1_G3_TCDCA_EcAZ-1-cat_48h.mzML,521.3949,0,5.24,5.24,5.45,Lys-CDCA,,#N/A
P1_G4_TUDCA_EcAZ-1-cat_48h.mzML,521.3949,0,5.24,5.24,5.45,Lys-CDCA,,#N/A
P1_G5_TCA_EcAZ-1-cat_48h.mzML,521.3949,0,5.24,5.24,5.45,Lys-CDCA,,#N/A
P1_G6_GLCA_EcAZ-1-cat_48h.mzML,521.3949,0,5.24,5.24,5.45,Lys-CDCA,,#N/A
P1_G7_GDCA_EcAZ-1-cat_48h.mzML,521.3949,0,5.24,5.24,5.45,Lys-CDCA,,#N/A
P1_G8_GCDCA_EcAZ-1-cat_48h.mzML,521.3949,0,5.24,5.24,5.45,Lys-CDCA,,#N/A
P1_G9_GUDCA_EcAZ-1-cat_48h.mzML,521.3949,0,5.24,5.24,5.45,Lys-CDCA,,#N/A
P1_G10_GCA_EcAZ-1-cat_48h.mzML,521.3949,0,5.24,5.24,5.45,Lys-CDCA,,#N/A
P1_G11_BHI_50MeOH.mzML,521.3949,0,5.24,5.24,5.45,Lys-CDCA,,#N/A
P1_G12_BHI_50DMSO_25MeOH.mzML,521.3949,0,5.24,5.24,5.45,Lys-CDCA,,#N/A
P1_H1_TLCA_ctrl_48h.mzML,521.3949,0,5.24,5.24,5.45,Lys-CDCA,,#N/A
P1_H2_TDCA_ctrl_48h.mzML,521.3949,0,5.24,5.24,5.45,Lys-CDCA,,#N/A
P1_H3_TCDCA_ctrl_48h.mzML,521.3949,0,5.24,5.24,5.45,Lys-CDCA,,#N/A
P1_H4_TUDCA_ctrl_48h.mzML,521.3949,0,5.24,5.24,5.45,Lys-CDCA,,#N/A
P1_H5_TCA_ctrl_48h.mzML,521.3949,0,5.24,5.24,5.45,Lys-CDCA,,#N/A
P1_H6_GLCA_ctrl_48h.mzML,521.3949,0,5.24,5.24,5.45,Lys-CDCA,,#N/A
P1_H7_GDCA_ctrl_48h.mzML,521.3949,0,5.24,5.24,5.45,Lys-CDCA,,#N/A
P1_H8_GCDCA_ctrl_48h.mzML,521.3949,0,5.24,5.24,5.45,Lys-CDCA,,#N/A
P1_H9_GUDCA_ctrl_48h.mzML,521.3949,0,5.24,5.24,5.45,Lys-CDCA,,#N/A
P1_H10_GCA_ctrl_48h.mzML,521.3949,0,5.24,5.24,5.45,Lys-CDCA,,#N/A
P1_H11_BHI_50MeOH.mzML,521.3949,0,5.24,5.24,5.45,Lys-CDCA,,#N/A
P1_H12_BHI_50DMSO_25MeOH.mzML,521.3949,0,5.24,5.24,5.45,Lys-CDCA,,#N/A
TCA_std.mzML,521.3949,0,5.24,5.24,5.45,Lys-CDCA,,#N/A
TCDCA_std.mzML,521.3949,0,5.24,5.24,5.45,Lys-CDCA,,#N/A
TDCA_std.mzML,521.3949,0,5.24,5.24,5.45,Lys-CDCA,,#N/A
TLCA_std.mzML,521.3949,0,5.24,5.24,5.45,Lys-CDCA,,#N/A
TUDCA_std.mzML,521.3949,0,5.24,5.24,5.45,Lys-CDCA,,#N/A
UDCA_aminoacids.mzML,521.3949,63691,5.25,5.24,5.45,Lys-CDCA,,#N/A
