File Name,Precursor Mz,Area,Retention Time,Start Time,End Time,Molecule,Analyte Concentration,Calculated Concentration
CA_aminoacids.mzML,466.3163,0,6.15,6.15,6.34,GCA,,#N/A
CA_DCA_LCA_aminoacids.mzML,466.3163,1529178,6.21,6.15,6.34,GCA,,#N/A
CDCA_aminoacids.mzML,466.3163,0,6.15,6.15,6.34,GCA,,#N/A
DCA_aminoacids.mzML,466.3163,0,6.15,6.15,6.34,GCA,,#N/A
DCA_aminoacids_2.mzML,466.3163,58937,6.28,6.15,6.34,GCA,,#N/A
GCA_std.mzML,466.3163,453522,6.15,6.15,6.34,GCA,,#N/A
GCDCA_std.mzML,466.3163,4194,6.15,6.15,6.34,GCA,,#N/A
GDCA_std.mzML,466.3163,0,6.15,6.15,6.34,GCA,,#N/A
GLCA_std.mzML,466.3163,0,6.15,6.15,6.34,GCA,,#N/A
GUDCA_std.mzML,466.3163,0,6.15,6.15,6.34,GCA,,#N/A
P6_A1_TLCA_Dny_BSH1_48h.mzML,466.3163,0,6.15,6.15,6.34,GCA,,#N/A
P6_A2_TDCA_Dny_BSH1_48h.mzML,466.3163,0,6.15,6.15,6.34,GCA,,#N/A
P6_A3_TCDCA_Dny_BSH1_48h.mzML,466.3163,0,6.15,6.15,6.34,GCA,,#N/A
P6_A4_TUDCA_Dny_BSH1_48h.mzML,466.3163,0,6.15,6.15,6.34,GCA,,#N/A
P6_A5_TCA_Dny_BSH1_48h.mzML,466.3163,353929,6.29,6.15,6.34,GCA,,#N/A
P6_A6_GLCA_Dny_BSH1_48h.mzML,466.3163,0,6.15,6.15,6.34,GCA,,#N/A
P6_A7_GDCA_Dny_BSH1_48h.mzML,466.3163,0,6.15,6.15,6.34,GCA,,#N/A
P6_A8_GCDCA_Dny_BSH1_48h.mzML,466.3163,12001,6.34,6.15,6.34,GCA,,#N/A
P6_A9_GUDCA_Dny_BSH1_48h.mzML,466.3163,0,6.15,6.15,6.34,GCA,,#N/A
P6_A10_GCA_Dny_BSH1_48h.mzML,466.3163,277694,6.34,6.15,6.34,GCA,,#N/A
P6_A11_BHI_50MeOH.mzML,466.3163,0,6.15,6.15,6.34,GCA,,#N/A
P6_A12_BHI_50DMSO_25MeOH.mzML,466.3163,0,6.15,6.15,6.34,GCA,,#N/A
P6_B1_TLCA_Dny_BSH2_48h.mzML,466.3163,108295,6.29,6.15,6.34,GCA,,#N/A
P6_B2_TDCA_Dny_BSH2_48h.mzML,466.3163,104980,6.26,6.15,6.34,GCA,,#N/A
P6_B3_TCDCA_Dny_BSH2_48h.mzML,466.3163,115168,6.3,6.15,6.34,GCA,,#N/A
P6_B4_TUDCA_Dny_BSH2_48h.mzML,466.3163,115481,6.29,6.15,6.34,GCA,,#N/A
P6_B5_TCA_Dny_BSH2_48h.mzML,466.3163,106474,6.28,6.15,6.34,GCA,,#N/A
P6_B6_GLCA_Dny_BSH2_48h.mzML,466.3163,96385,6.28,6.15,6.34,GCA,,#N/A
P6_B7_GDCA_Dny_BSH2_48h.mzML,466.3163,163233,6.31,6.15,6.34,GCA,,#N/A
P6_B8_GCDCA_Dny_BSH2_48h.mzML,466.3163,168279,6.33,6.15,6.34,GCA,,#N/A
P6_B9_GUDCA_Dny_BSH2_48h.mzML,466.3163,49343,6.34,6.15,6.34,GCA,,#N/A
P6_B10_GCA_Dny_BSH2_48h.mzML,466.3163,527944480,6.34,6.15,6.34,GCA,,#N/A
P6_B11_BHI_50MeOH.mzML,466.3163,52865,6.34,6.15,6.34,GCA,,#N/A
P6_B12_BHI_50DMSO_25MeOH.mzML,466.3163,96729,6.32,6.15,6.34,GCA,,#N/A
P6_C1_TLCA_Lgasseri_BSH_48h.mzML,466.3163,92044,6.31,6.15,6.34,GCA,,#N/A
P6_C2_TDCA_Lgasseri_BSH_48h.mzML,466.3163,96479,6.28,6.15,6.34,GCA,,#N/A
P6_C3_TCDCA_Lgasseri_BSH_48h.mzML,466.3163,104587,6.25,6.15,6.34,GCA,,#N/A
P6_C4_TUDCA_Lgasseri_BSH_48h.mzML,466.3163,90338,6.25,6.15,6.34,GCA,,#N/A
P6_C5_TCA_Lgasseri_BSH_48h.mzML,466.3163,114954,6.27,6.15,6.34,GCA,,#N/A
P6_C6_GLCA_Lgasseri_BSH_48h.mzML,466.3163,91788,6.3,6.15,6.34,GCA,,#N/A
P6_C7_GDCA_Lgasseri_BSH_48h.mzML,466.3163,193551,6.26,6.15,6.34,GCA,,#N/A
P6_C8_GCDCA_Lgasseri_BSH_48h.mzML,466.3163,487593,6.28,6.15,6.34,GCA,,#N/A
P6_C9_GUDCA_Lgasseri_BSH_48h.mzML,466.3163,132722,6.29,6.15,6.34,GCA,,#N/A
P6_C10_GCA_Lgasseri_BSH_48h.mzML,466.3163,886080896,6.34,6.15,6.34,GCA,,#N/A
P6_C11_BHI_50MeOH.mzML,466.3163,119980,6.33,6.15,6.34,GCA,,#N/A
P6_C12_BHI_50DMSO_25MeOH.mzML,466.3163,133160,6.34,6.15,6.34,GCA,,#N/A
P6_D1_TLCA_LCAG-95_BSH1208_48h.mzML,466.3163,17426,6.33,6.15,6.34,GCA,,#N/A
P6_D2_TDCA_LCAG-95_BSH1208_48h.mzML,466.3163,14351,6.31,6.15,6.34,GCA,,#N/A
P6_D3_TCDCA_LCAG-95_BSH1208_48h.mzML,466.3163,23194,6.29,6.15,6.34,GCA,,#N/A
P6_D4_TUDCA_LCAG-95_BSH1208_48h.mzML,466.3163,28994,6.29,6.15,6.34,GCA,,#N/A
P6_D5_TCA_LCAG-95_BSH1208_48h.mzML,466.3163,409602,6.27,6.15,6.34,GCA,,#N/A
P6_D6_GLCA_LCAG-95_BSH1208_48h.mzML,466.3163,574708,6.25,6.15,6.34,GCA,,#N/A
P6_D7_GDCA_LCAG-95_BSH1208_48h.mzML,466.3163,63852,6.27,6.15,6.34,GCA,,#N/A
P6_D8_GCDCA_LCAG-95_BSH1208_48h.mzML,466.3163,122999,6.29,6.15,6.34,GCA,,#N/A
P6_D9_GUDCA_LCAG-95_BSH1208_48h.mzML,466.3163,33287,6.28,6.15,6.34,GCA,,#N/A
P6_D10_GCA_LCAG-95_BSH1208_48h.mzML,466.3163,267231600,6.27,6.15,6.34,GCA,,#N/A
P6_D11_BHI_50MeOH.mzML,466.3163,91591,6.3,6.15,6.34,GCA,,#N/A
P6_D12_BHI_50DMSO_25MeOH.mzML,466.3163,57080,6.31,6.15,6.34,GCA,,#N/A
P6_E1_TLCA_Ep_BSH101_48h.mzML,466.3163,75310,6.32,6.15,6.34,GCA,,#N/A
P6_E2_TDCA_Ep_BSH101_48h.mzML,466.3163,101541,6.31,6.15,6.34,GCA,,#N/A
P6_E3_TCDCA_Ep_BSH101_48h.mzML,466.3163,76009,6.32,6.15,6.34,GCA,,#N/A
P6_E4_TUDCA_Ep_BSH101_48h.mzML,466.3163,101460,6.3,6.15,6.34,GCA,,#N/A
P6_E5_TCA_Ep_BSH101_48h.mzML,466.3163,113569,6.28,6.15,6.34,GCA,,#N/A
P6_E6_GLCA_Ep_BSH101_48h.mzML,466.3163,99486,6.23,6.15,6.34,GCA,,#N/A
P6_E7_GDCA_Ep_BSH101_48h.mzML,466.3163,200160,6.23,6.15,6.34,GCA,,#N/A
P6_E8_GCDCA_Ep_BSH101_48h.mzML,466.3163,516826,6.27,6.15,6.34,GCA,,#N/A
P6_E9_GUDCA_Ep_BSH101_48h.mzML,466.3163,143871,6.26,6.15,6.34,GCA,,#N/A
P6_E10_GCA_Ep_BSH101_48h.mzML,466.3163,1556881664,6.25,6.15,6.34,GCA,,#N/A
P6_E11_BHI_50MeOH.mzML,466.3163,170997,6.32,6.15,6.34,GCA,,#N/A
P6_E12_BHI_50DMSO_25MeOH.mzML,466.3163,244520,6.33,6.15,6.34,GCA,,#N/A
P6_F1_TLCA_AZ-52_48h.mzML,466.3163,108912,6.26,6.15,6.34,GCA,,#N/A
P6_F2_TDCA_AZ-52_48h.mzML,466.3163,98126,6.26,6.15,6.34,GCA,,#N/A
P6_F3_TCDCA_AZ-52_48h.mzML,466.3163,98235,6.32,6.15,6.34,GCA,,#N/A
P6_F4_TUDCA_AZ-52_48h.mzML,466.3163,100592,6.3,6.15,6.34,GCA,,#N/A
P6_F5_TCA_AZ-52_48h.mzML,466.3163,158709,6.29,6.15,6.34,GCA,,#N/A
P6_F6_GLCA_AZ-52_48h.mzML,466.3163,102680,6.33,6.15,6.34,GCA,,#N/A
P6_F7_GDCA_AZ-52_48h.mzML,466.3163,194667,6.31,6.15,6.34,GCA,,#N/A
P6_F8_GCDCA_AZ-52_48h.mzML,466.3163,402035,6.31,6.15,6.34,GCA,,#N/A
P6_F9_GUDCA_AZ-52_48h.mzML,466.3163,129634,6.3,6.15,6.34,GCA,,#N/A
P6_F10_GCA_AZ-52_48h.mzML,466.3163,899525376,6.3,6.15,6.34,GCA,,#N/A
P6_F11_BHI_50MeOH.mzML,466.3163,149284,6.24,6.15,6.34,GCA,,#N/A
P6_F12_BHI_50DMSO_25MeOH.mzML,466.3163,126345,6.26,6.15,6.34,GCA,,#N/A
P6_G1_TLCA_EcAZ-1-cat_48h.mzML,466.3163,116220,6.25,6.15,6.34,GCA,,#N/A
P6_G2_TDCA_EcAZ-1-cat_48h.mzML,466.3163,108835,6.24,6.15,6.34,GCA,,#N/A
P6_G3_TCDCA_EcAZ-1-cat_48h.mzML,466.3163,122012,6.27,6.15,6.34,GCA,,#N/A
P6_G4_TUDCA_EcAZ-1-cat_48h.mzML,466.3163,115037,6.26,6.15,6.34,GCA,,#N/A
P6_G5_TCA_EcAZ-1-cat_48h.mzML,466.3163,111371,6.27,6.15,6.34,GCA,,#N/A
P6_G6_GLCA_EcAZ-1-cat_48h.mzML,466.3163,104173,6.29,6.15,6.34,GCA,,#N/A
P6_G7_GDCA_EcAZ-1-cat_48h.mzML,466.3163,224040,6.25,6.15,6.34,GCA,,#N/A
P6_G8_GCDCA_EcAZ-1-cat_48h.mzML,466.3163,473717,6.28,6.15,6.34,GCA,,#N/A
P6_G9_GUDCA_EcAZ-1-cat_48h.mzML,466.3163,994915,6.27,6.15,6.34,GCA,,#N/A
P6_G10_GCA_EcAZ-1-cat_48h.mzML,466.3163,949709568,6.29,6.15,6.34,GCA,,#N/A
P6_G11_BHI_50MeOH.mzML,466.3163,148328,6.29,6.15,6.34,GCA,,#N/A
P6_G12_BHI_50DMSO_25MeOH.mzML,466.3163,125290,6.27,6.15,6.34,GCA,,#N/A
P6_H1_TLCA_ctrl_48h.mzML,466.3163,97728,6.33,6.15,6.34,GCA,,#N/A
P6_H2_TDCA_ctrl_48h.mzML,466.3163,122540,6.31,6.15,6.34,GCA,,#N/A
P6_H3_TCDCA_ctrl_48h.mzML,466.3163,108507,6.29,6.15,6.34,GCA,,#N/A
P6_H4_TUDCA_ctrl_48h.mzML,466.3163,121655,6.27,6.15,6.34,GCA,,#N/A
P6_H5_TCA_ctrl_48h.mzML,466.3163,110616,6.25,6.15,6.34,GCA,,#N/A
P6_H6_GLCA_ctrl_48h.mzML,466.3163,97128,6.23,6.15,6.34,GCA,,#N/A
P6_H7_GDCA_ctrl_48h.mzML,466.3163,219797,6.24,6.15,6.34,GCA,,#N/A
P6_H8_GCDCA_ctrl_48h.mzML,466.3163,535794,6.24,6.15,6.34,GCA,,#N/A
P6_H9_GUDCA_ctrl_48h.mzML,466.3163,524197,6.26,6.15,6.34,GCA,,#N/A
P6_H10_GCA_ctrl_48h.mzML,466.3163,466728512,6.24,6.15,6.34,GCA,,#N/A
P6_H11_BHI_50MeOH.mzML,466.3163,142467,6.31,6.15,6.34,GCA,,#N/A
P6_H12_BHI_50DMSO_25MeOH.mzML,466.3163,129190,6.31,6.15,6.34,GCA,,#N/A
P9_A1_TLCA_Dny_BSH1_48h.mzML,466.3163,0,6.15,6.15,6.34,GCA,,#N/A
P9_A2_TDCA_Dny_BSH1_48h.mzML,466.3163,0,6.15,6.15,6.34,GCA,,#N/A
P9_A3_TCDCA_Dny_BSH1_48h.mzML,466.3163,0,6.15,6.15,6.34,GCA,,#N/A
P9_A4_TUDCA_Dny_BSH1_48h.mzML,466.3163,0,6.15,6.15,6.34,GCA,,#N/A
P9_A5_TCA_Dny_BSH1_48h.mzML,466.3163,86324,6.15,6.15,6.34,GCA,,#N/A
P9_A6_GLCA_Dny_BSH1_48h.mzML,466.3163,0,6.15,6.15,6.34,GCA,,#N/A
P9_A7_GDCA_Dny_BSH1_48h.mzML,466.3163,0,6.15,6.15,6.34,GCA,,#N/A
P9_A8_GCDCA_Dny_BSH1_48h.mzML,466.3163,39832,6.23,6.15,6.34,GCA,,#N/A
P9_A9_GUDCA_Dny_BSH1_48h.mzML,466.3163,0,6.15,6.15,6.34,GCA,,#N/A
P9_A10_GCA_Dny_BSH1_48h.mzML,466.3163,179803,6.15,6.15,6.34,GCA,,#N/A
P9_A11_BHI_50MeOH.mzML,466.3163,733,6.15,6.15,6.34,GCA,,#N/A
P9_A12_BHI_50DMSO_25MeOH.mzML,466.3163,0,6.15,6.15,6.34,GCA,,#N/A
P9_B1_TLCA_Dny_BSH2_48h.mzML,466.3163,26390,6.15,6.15,6.34,GCA,,#N/A
P9_B2_TDCA_Dny_BSH2_48h.mzML,466.3163,33680,6.15,6.15,6.34,GCA,,#N/A
P9_B3_TCDCA_Dny_BSH2_48h.mzML,466.3163,22924,6.15,6.15,6.34,GCA,,#N/A
P9_B4_TUDCA_Dny_BSH2_48h.mzML,466.3163,18300,6.16,6.15,6.34,GCA,,#N/A
P9_B5_TCA_Dny_BSH2_48h.mzML,466.3163,40221,6.17,6.15,6.34,GCA,,#N/A
P9_B6_GLCA_Dny_BSH2_48h.mzML,466.3163,24339,6.15,6.15,6.34,GCA,,#N/A
P9_B7_GDCA_Dny_BSH2_48h.mzML,466.3163,54341,6.16,6.15,6.34,GCA,,#N/A
P9_B8_GCDCA_Dny_BSH2_48h.mzML,466.3163,278334,6.17,6.15,6.34,GCA,,#N/A
P9_B9_GUDCA_Dny_BSH2_48h.mzML,466.3163,44101,6.15,6.15,6.34,GCA,,#N/A
P9_B10_GCA_Dny_BSH2_48h.mzML,466.3163,318757088,6.17,6.15,6.34,GCA,,#N/A
P9_B11_BHI_50MeOH.mzML,466.3163,13928,6.16,6.15,6.34,GCA,,#N/A
P9_B12_BHI_50DMSO_25MeOH.mzML,466.3163,15461,6.15,6.15,6.34,GCA,,#N/A
P9_C1_TLCA_Lgasseri_BSH_48h.mzML,466.3163,84146,6.18,6.15,6.34,GCA,,#N/A
P9_C2_TDCA_Lgasseri_BSH_48h.mzML,466.3163,48469,6.15,6.15,6.34,GCA,,#N/A
P9_C3_TCDCA_Lgasseri_BSH_48h.mzML,466.3163,37043,6.15,6.15,6.34,GCA,,#N/A
P9_C4_TUDCA_Lgasseri_BSH_48h.mzML,466.3163,62849,6.17,6.15,6.34,GCA,,#N/A
P9_C5_TCA_Lgasseri_BSH_48h.mzML,466.3163,51913,6.16,6.15,6.34,GCA,,#N/A
P9_C6_GLCA_Lgasseri_BSH_48h.mzML,466.3163,36289,6.15,6.15,6.34,GCA,,#N/A
P9_C7_GDCA_Lgasseri_BSH_48h.mzML,466.3163,118906,6.18,6.15,6.34,GCA,,#N/A
P9_C8_GCDCA_Lgasseri_BSH_48h.mzML,466.3163,517308,6.26,6.15,6.34,GCA,,#N/A
P9_C9_GUDCA_Lgasseri_BSH_48h.mzML,466.3163,195230,6.16,6.15,6.34,GCA,,#N/A
P9_C10_GCA_Lgasseri_BSH_48h.mzML,466.3163,554033408,6.18,6.15,6.34,GCA,,#N/A
P9_C11_BHI_50MeOH.mzML,466.3163,125639,6.19,6.15,6.34,GCA,,#N/A
P9_C12_BHI_50DMSO_25MeOH.mzML,466.3163,73211,6.2,6.15,6.34,GCA,,#N/A
P9_D1_TLCA_LCAG-95_BSH1208_48h.mzML,466.3163,216265,6.19,6.15,6.34,GCA,,#N/A
P9_D2_TDCA_LCAG-95_BSH1208_48h.mzML,466.3163,6516,6.16,6.15,6.34,GCA,,#N/A
P9_D3_TCDCA_LCAG-95_BSH1208_48h.mzML,466.3163,11102,6.18,6.15,6.34,GCA,,#N/A
P9_D4_TUDCA_LCAG-95_BSH1208_48h.mzML,466.3163,13383,6.2,6.15,6.34,GCA,,#N/A
P9_D5_TCA_LCAG-95_BSH1208_48h.mzML,466.3163,310501,6.18,6.15,6.34,GCA,,#N/A
P9_D6_GLCA_LCAG-95_BSH1208_48h.mzML,466.3163,2041,6.2,6.15,6.34,GCA,,#N/A
P9_D7_GDCA_LCAG-95_BSH1208_48h.mzML,466.3163,21368,6.15,6.15,6.34,GCA,,#N/A
P9_D8_GCDCA_LCAG-95_BSH1208_48h.mzML,466.3163,219424,6.26,6.15,6.34,GCA,,#N/A
P9_D9_GUDCA_LCAG-95_BSH1208_48h.mzML,466.3163,195955,6.19,6.15,6.34,GCA,,#N/A
P9_D10_GCA_LCAG-95_BSH1208_48h.mzML,466.3163,280237568,6.2,6.15,6.34,GCA,,#N/A
P9_D11_BHI_50MeOH.mzML,466.3163,32040,6.17,6.15,6.34,GCA,,#N/A
P9_D12_BHI_50DMSO_25MeOH.mzML,466.3163,38237,6.17,6.15,6.34,GCA,,#N/A
P9_E1_TLCA_Ep_BSH101_48h.mzML,466.3163,82077,6.19,6.15,6.34,GCA,,#N/A
P9_E2_TDCA_Ep_BSH101_48h.mzML,466.3163,82937,6.2,6.15,6.34,GCA,,#N/A
P9_E3_TCDCA_Ep_BSH101_48h.mzML,466.3163,61647,6.21,6.15,6.34,GCA,,#N/A
P9_E4_TUDCA_Ep_BSH101_48h.mzML,466.3163,69574,6.19,6.15,6.34,GCA,,#N/A
P9_E5_TCA_Ep_BSH101_48h.mzML,466.3163,78831,6.19,6.15,6.34,GCA,,#N/A
P9_E6_GLCA_Ep_BSH101_48h.mzML,466.3163,69837,6.19,6.15,6.34,GCA,,#N/A
P9_E7_GDCA_Ep_BSH101_48h.mzML,466.3163,151529,6.22,6.15,6.34,GCA,,#N/A
P9_E8_GCDCA_Ep_BSH101_48h.mzML,466.3163,451598,6.29,6.15,6.34,GCA,,#N/A
P9_E9_GUDCA_Ep_BSH101_48h.mzML,466.3163,100038,6.22,6.15,6.34,GCA,,#N/A
P9_E10_GCA_Ep_BSH101_48h.mzML,466.3163,902793408,6.23,6.15,6.34,GCA,,#N/A
P9_E11_BHI_50MeOH.mzML,466.3163,106367,6.2,6.15,6.34,GCA,,#N/A
P9_E12_BHI_50DMSO_25MeOH.mzML,466.3163,79033,6.17,6.15,6.34,GCA,,#N/A
P9_F1_TLCA_AZ-52_48h.mzML,466.3163,89791,6.23,6.15,6.34,GCA,,#N/A
P9_F2_TDCA_AZ-52_48h.mzML,466.3163,81572,6.21,6.15,6.34,GCA,,#N/A
P9_F3_TCDCA_AZ-52_48h.mzML,466.3163,53375,6.22,6.15,6.34,GCA,,#N/A
P9_F4_TUDCA_AZ-52_48h.mzML,466.3163,80149,6.18,6.15,6.34,GCA,,#N/A
P9_F5_TCA_AZ-52_48h.mzML,466.3163,125023,6.22,6.15,6.34,GCA,,#N/A
P9_F6_GLCA_AZ-52_48h.mzML,466.3163,81856,6.22,6.15,6.34,GCA,,#N/A
P9_F7_GDCA_AZ-52_48h.mzML,466.3163,162161,6.21,6.15,6.34,GCA,,#N/A
P9_F8_GCDCA_AZ-52_48h.mzML,466.3163,562731,6.24,6.15,6.34,GCA,,#N/A
P9_F9_GUDCA_AZ-52_48h.mzML,466.3163,127756,6.23,6.15,6.34,GCA,,#N/A
P9_F10_GCA_AZ-52_48h.mzML,466.3163,926072576,6.25,6.15,6.34,GCA,,#N/A
P9_F11_BHI_50MeOH.mzML,466.3163,92602,6.21,6.15,6.34,GCA,,#N/A
P9_F12_BHI_50DMSO_25MeOH.mzML,466.3163,94046,6.21,6.15,6.34,GCA,,#N/A
P9_G1_TLCA_EcAZ-1-cat_48h.mzML,466.3163,83551,6.25,6.15,6.34,GCA,,#N/A
P9_G2_TDCA_EcAZ-1-cat_48h.mzML,466.3163,90228,6.25,6.15,6.34,GCA,,#N/A
P9_G3_TCDCA_EcAZ-1-cat_48h.mzML,466.3163,83386,6.23,6.15,6.34,GCA,,#N/A
P9_G4_TUDCA_EcAZ-1-cat_48h.mzML,466.3163,92697,6.24,6.15,6.34,GCA,,#N/A
P9_G5_TCA_EcAZ-1-cat_48h.mzML,466.3163,84849,6.24,6.15,6.34,GCA,,#N/A
P9_G6_GLCA_EcAZ-1-cat_48h.mzML,466.3163,94764,6.26,6.15,6.34,GCA,,#N/A
P9_G7_GDCA_EcAZ-1-cat_48h.mzML,466.3163,186062,6.25,6.15,6.34,GCA,,#N/A
P9_G8_GCDCA_EcAZ-1-cat_48h.mzML,466.3163,596749,6.27,6.15,6.34,GCA,,#N/A
P9_G9_GUDCA_EcAZ-1-cat_48h.mzML,466.3163,89620,6.24,6.15,6.34,GCA,,#N/A
P9_G10_GCA_EcAZ-1-cat_48h.mzML,466.3163,1039981824,6.25,6.15,6.34,GCA,,#N/A
P9_G11_BHI_50MeOH.mzML,466.3163,123327,6.24,6.15,6.34,GCA,,#N/A
P9_G12_BHI_50DMSO_25MeOH.mzML,466.3163,100009,6.23,6.15,6.34,GCA,,#N/A
P9_H1_TLCA_ctrl_48h.mzML,466.3163,115990,6.25,6.15,6.34,GCA,,#N/A
P9_H2_TDCA_ctrl_48h.mzML,466.3163,112364,6.26,6.15,6.34,GCA,,#N/A
P9_H3_TCDCA_ctrl_48h.mzML,466.3163,90603,6.26,6.15,6.34,GCA,,#N/A
P9_H4_TUDCA_ctrl_48h.mzML,466.3163,98586,6.24,6.15,6.34,GCA,,#N/A
P9_H5_TCA_ctrl_48h.mzML,466.3163,108890,6.25,6.15,6.34,GCA,,#N/A
P9_H6_GLCA_ctrl_48h.mzML,466.3163,114879,6.25,6.15,6.34,GCA,,#N/A
P9_H7_GDCA_ctrl_48h.mzML,466.3163,139071,6.23,6.15,6.34,GCA,,#N/A
P9_H8_GCDCA_ctrl_48h.mzML,466.3163,668173,6.21,6.15,6.34,GCA,,#N/A
P9_H9_GUDCA_ctrl_48h.mzML,466.3163,180408,6.23,6.15,6.34,GCA,,#N/A
P9_H10_GCA_ctrl_48h.mzML,466.3163,875000768,6.24,6.15,6.34,GCA,,#N/A
P9_H11_BHI_50MeOH.mzML,466.3163,145992,6.23,6.15,6.34,GCA,,#N/A
P9_H12_BHI_50DMSO_25MeOH.mzML,466.3163,141820,6.25,6.15,6.34,GCA,,#N/A
TCA_std.mzML,466.3163,0,6.15,6.15,6.34,GCA,,#N/A
TCDCA_std.mzML,466.3163,0,6.15,6.15,6.34,GCA,,#N/A
TDCA_std.mzML,466.3163,0,6.15,6.15,6.34,GCA,,#N/A
TLCA_std.mzML,466.3163,0,6.15,6.15,6.34,GCA,,#N/A
TUDCA_std.mzML,466.3163,0,6.15,6.15,6.34,GCA,,#N/A
UDCA_aminoacids.mzML,466.3163,0,6.15,6.15,6.34,GCA,,#N/A
CA_aminoacids.mzML,450.3214,0,8.35,8.35,8.49,GCDCA,,#N/A
CA_DCA_LCA_aminoacids.mzML,450.3214,1230557,8.36,8.35,8.49,GCDCA,,#N/A
CDCA_aminoacids.mzML,450.3214,0,8.35,8.35,8.49,GCDCA,,#N/A
DCA_aminoacids.mzML,450.3214,0,8.35,8.35,8.49,GCDCA,,#N/A
DCA_aminoacids_2.mzML,450.3214,102101512,8.35,8.35,8.49,GCDCA,,#N/A
GCA_std.mzML,450.3214,46136,8.36,8.35,8.49,GCDCA,,#N/A
GCDCA_std.mzML,450.3214,436685,8.47,8.35,8.49,GCDCA,,#N/A
GDCA_std.mzML,450.3214,14257834,8.35,8.35,8.49,GCDCA,,#N/A
GLCA_std.mzML,450.3214,3772,8.47,8.35,8.49,GCDCA,,#N/A
GUDCA_std.mzML,450.3214,5999,8.4,8.35,8.49,GCDCA,,#N/A
P6_A1_TLCA_Dny_BSH1_48h.mzML,450.3214,0,8.35,8.35,8.49,GCDCA,,#N/A
P6_A2_TDCA_Dny_BSH1_48h.mzML,450.3214,10853,8.46,8.35,8.49,GCDCA,,#N/A
P6_A3_TCDCA_Dny_BSH1_48h.mzML,450.3214,101841,8.45,8.35,8.49,GCDCA,,#N/A
P6_A4_TUDCA_Dny_BSH1_48h.mzML,450.3214,0,8.35,8.35,8.49,GCDCA,,#N/A
P6_A5_TCA_Dny_BSH1_48h.mzML,450.3214,0,8.35,8.35,8.49,GCDCA,,#N/A
P6_A6_GLCA_Dny_BSH1_48h.mzML,450.3214,113400,8.46,8.35,8.49,GCDCA,,#N/A
P6_A7_GDCA_Dny_BSH1_48h.mzML,450.3214,11594,8.48,8.35,8.49,GCDCA,,#N/A
P6_A8_GCDCA_Dny_BSH1_48h.mzML,450.3214,301714,8.45,8.35,8.49,GCDCA,,#N/A
P6_A9_GUDCA_Dny_BSH1_48h.mzML,450.3214,12674,8.45,8.35,8.49,GCDCA,,#N/A
P6_A10_GCA_Dny_BSH1_48h.mzML,450.3214,0,8.35,8.35,8.49,GCDCA,,#N/A
P6_A11_BHI_50MeOH.mzML,450.3214,15290,8.44,8.35,8.49,GCDCA,,#N/A
P6_A12_BHI_50DMSO_25MeOH.mzML,450.3214,17317,8.45,8.35,8.49,GCDCA,,#N/A
P6_B1_TLCA_Dny_BSH2_48h.mzML,450.3214,15693,8.44,8.35,8.49,GCDCA,,#N/A
P6_B2_TDCA_Dny_BSH2_48h.mzML,450.3214,20725,8.44,8.35,8.49,GCDCA,,#N/A
P6_B3_TCDCA_Dny_BSH2_48h.mzML,450.3214,22525,8.45,8.35,8.49,GCDCA,,#N/A
P6_B4_TUDCA_Dny_BSH2_48h.mzML,450.3214,0,8.35,8.35,8.49,GCDCA,,#N/A
P6_B5_TCA_Dny_BSH2_48h.mzML,450.3214,0,8.35,8.35,8.49,GCDCA,,#N/A
P6_B6_GLCA_Dny_BSH2_48h.mzML,450.3214,246034,8.48,8.35,8.49,GCDCA,,#N/A
P6_B7_GDCA_Dny_BSH2_48h.mzML,450.3214,10173,8.46,8.35,8.49,GCDCA,,#N/A
P6_B8_GCDCA_Dny_BSH2_48h.mzML,450.3214,586693376,8.46,8.35,8.49,GCDCA,,#N/A
P6_B9_GUDCA_Dny_BSH2_48h.mzML,450.3214,4880799,8.45,8.35,8.49,GCDCA,,#N/A
P6_B10_GCA_Dny_BSH2_48h.mzML,450.3214,41951,8.45,8.35,8.49,GCDCA,,#N/A
P6_B11_BHI_50MeOH.mzML,450.3214,13186,8.45,8.35,8.49,GCDCA,,#N/A
P6_B12_BHI_50DMSO_25MeOH.mzML,450.3214,0,8.35,8.35,8.49,GCDCA,,#N/A
P6_C1_TLCA_Lgasseri_BSH_48h.mzML,450.3214,0,8.35,8.35,8.49,GCDCA,,#N/A
P6_C2_TDCA_Lgasseri_BSH_48h.mzML,450.3214,5527,8.45,8.35,8.49,GCDCA,,#N/A
P6_C3_TCDCA_Lgasseri_BSH_48h.mzML,450.3214,35576,8.44,8.35,8.49,GCDCA,,#N/A
P6_C4_TUDCA_Lgasseri_BSH_48h.mzML,450.3214,0,8.35,8.35,8.49,GCDCA,,#N/A
P6_C5_TCA_Lgasseri_BSH_48h.mzML,450.3214,12330,8.45,8.35,8.49,GCDCA,,#N/A
P6_C6_GLCA_Lgasseri_BSH_48h.mzML,450.3214,206826,8.48,8.35,8.49,GCDCA,,#N/A
P6_C7_GDCA_Lgasseri_BSH_48h.mzML,450.3214,23945,8.48,8.35,8.49,GCDCA,,#N/A
P6_C8_GCDCA_Lgasseri_BSH_48h.mzML,450.3214,421437344,8.44,8.35,8.49,GCDCA,,#N/A
P6_C9_GUDCA_Lgasseri_BSH_48h.mzML,450.3214,3069574,8.44,8.35,8.49,GCDCA,,#N/A
P6_C10_GCA_Lgasseri_BSH_48h.mzML,450.3214,44563,8.45,8.35,8.49,GCDCA,,#N/A
P6_C11_BHI_50MeOH.mzML,450.3214,20366,8.45,8.35,8.49,GCDCA,,#N/A
P6_C12_BHI_50DMSO_25MeOH.mzML,450.3214,0,8.35,8.35,8.49,GCDCA,,#N/A
P6_D1_TLCA_LCAG-95_BSH1208_48h.mzML,450.3214,0,8.35,8.35,8.49,GCDCA,,#N/A
P6_D2_TDCA_LCAG-95_BSH1208_48h.mzML,450.3214,981,8.35,8.35,8.49,GCDCA,,#N/A
P6_D3_TCDCA_LCAG-95_BSH1208_48h.mzML,450.3214,51336,8.44,8.35,8.49,GCDCA,,#N/A
P6_D4_TUDCA_LCAG-95_BSH1208_48h.mzML,450.3214,1663,8.43,8.35,8.49,GCDCA,,#N/A
P6_D5_TCA_LCAG-95_BSH1208_48h.mzML,450.3214,4371,8.43,8.35,8.49,GCDCA,,#N/A
P6_D6_GLCA_LCAG-95_BSH1208_48h.mzML,450.3214,509248,8.45,8.35,8.49,GCDCA,,#N/A
P6_D7_GDCA_LCAG-95_BSH1208_48h.mzML,450.3214,0,8.35,8.35,8.49,GCDCA,,#N/A
P6_D8_GCDCA_LCAG-95_BSH1208_48h.mzML,450.3214,570781,8.45,8.35,8.49,GCDCA,,#N/A
P6_D9_GUDCA_LCAG-95_BSH1208_48h.mzML,450.3214,3738,8.44,8.35,8.49,GCDCA,,#N/A
P6_D10_GCA_LCAG-95_BSH1208_48h.mzML,450.3214,0,8.35,8.35,8.49,GCDCA,,#N/A
P6_D11_BHI_50MeOH.mzML,450.3214,0,8.35,8.35,8.49,GCDCA,,#N/A
P6_D12_BHI_50DMSO_25MeOH.mzML,450.3214,0,8.35,8.35,8.49,GCDCA,,#N/A
P6_E1_TLCA_Ep_BSH101_48h.mzML,450.3214,0,8.35,8.35,8.49,GCDCA,,#N/A
P6_E2_TDCA_Ep_BSH101_48h.mzML,450.3214,0,8.35,8.35,8.49,GCDCA,,#N/A
P6_E3_TCDCA_Ep_BSH101_48h.mzML,450.3214,33328,8.43,8.35,8.49,GCDCA,,#N/A
P6_E4_TUDCA_Ep_BSH101_48h.mzML,450.3214,0,8.35,8.35,8.49,GCDCA,,#N/A
P6_E5_TCA_Ep_BSH101_48h.mzML,450.3214,0,8.35,8.35,8.49,GCDCA,,#N/A
P6_E6_GLCA_Ep_BSH101_48h.mzML,450.3214,353712,8.46,8.35,8.49,GCDCA,,#N/A
P6_E7_GDCA_Ep_BSH101_48h.mzML,450.3214,89391,8.48,8.35,8.49,GCDCA,,#N/A
P6_E8_GCDCA_Ep_BSH101_48h.mzML,450.3214,687552512,8.43,8.35,8.49,GCDCA,,#N/A
P6_E9_GUDCA_Ep_BSH101_48h.mzML,450.3214,5228027,8.44,8.35,8.49,GCDCA,,#N/A
P6_E10_GCA_Ep_BSH101_48h.mzML,450.3214,92241,8.44,8.35,8.49,GCDCA,,#N/A
P6_E11_BHI_50MeOH.mzML,450.3214,0,8.35,8.35,8.49,GCDCA,,#N/A
P6_E12_BHI_50DMSO_25MeOH.mzML,450.3214,5891,8.42,8.35,8.49,GCDCA,,#N/A
P6_F1_TLCA_AZ-52_48h.mzML,450.3214,0,8.35,8.35,8.49,GCDCA,,#N/A
P6_F2_TDCA_AZ-52_48h.mzML,450.3214,2267,8.43,8.35,8.49,GCDCA,,#N/A
P6_F3_TCDCA_AZ-52_48h.mzML,450.3214,66468,8.44,8.35,8.49,GCDCA,,#N/A
P6_F4_TUDCA_AZ-52_48h.mzML,450.3214,48660,8.44,8.35,8.49,GCDCA,,#N/A
P6_F5_TCA_AZ-52_48h.mzML,450.3214,2123,8.41,8.35,8.49,GCDCA,,#N/A
P6_F6_GLCA_AZ-52_48h.mzML,450.3214,301757,8.46,8.35,8.49,GCDCA,,#N/A
P6_F7_GDCA_AZ-52_48h.mzML,450.3214,2221547,8.48,8.35,8.49,GCDCA,,#N/A
P6_F8_GCDCA_AZ-52_48h.mzML,450.3214,357687936,8.43,8.35,8.49,GCDCA,,#N/A
P6_F9_GUDCA_AZ-52_48h.mzML,450.3214,1606354,8.43,8.35,8.49,GCDCA,,#N/A
P6_F10_GCA_AZ-52_48h.mzML,450.3214,63666,8.44,8.35,8.49,GCDCA,,#N/A
P6_F11_BHI_50MeOH.mzML,450.3214,4205,8.43,8.35,8.49,GCDCA,,#N/A
P6_F12_BHI_50DMSO_25MeOH.mzML,450.3214,4885,8.44,8.35,8.49,GCDCA,,#N/A
P6_G1_TLCA_EcAZ-1-cat_48h.mzML,450.3214,0,8.35,8.35,8.49,GCDCA,,#N/A
P6_G2_TDCA_EcAZ-1-cat_48h.mzML,450.3214,0,8.35,8.35,8.49,GCDCA,,#N/A
P6_G3_TCDCA_EcAZ-1-cat_48h.mzML,450.3214,23198,8.45,8.35,8.49,GCDCA,,#N/A
P6_G4_TUDCA_EcAZ-1-cat_48h.mzML,450.3214,0,8.35,8.35,8.49,GCDCA,,#N/A
P6_G5_TCA_EcAZ-1-cat_48h.mzML,450.3214,0,8.35,8.35,8.49,GCDCA,,#N/A
P6_G6_GLCA_EcAZ-1-cat_48h.mzML,450.3214,241951,8.47,8.35,8.49,GCDCA,,#N/A
P6_G7_GDCA_EcAZ-1-cat_48h.mzML,450.3214,144180,8.48,8.35,8.49,GCDCA,,#N/A
P6_G8_GCDCA_EcAZ-1-cat_48h.mzML,450.3214,642408192,8.45,8.35,8.49,GCDCA,,#N/A
P6_G9_GUDCA_EcAZ-1-cat_48h.mzML,450.3214,3848899,8.44,8.35,8.49,GCDCA,,#N/A
P6_G10_GCA_EcAZ-1-cat_48h.mzML,450.3214,68198,8.45,8.35,8.49,GCDCA,,#N/A
P6_G11_BHI_50MeOH.mzML,450.3214,16919,8.44,8.35,8.49,GCDCA,,#N/A
P6_G12_BHI_50DMSO_25MeOH.mzML,450.3214,9055,8.44,8.35,8.49,GCDCA,,#N/A
P6_H1_TLCA_ctrl_48h.mzML,450.3214,10192,8.45,8.35,8.49,GCDCA,,#N/A
P6_H2_TDCA_ctrl_48h.mzML,450.3214,14425,8.43,8.35,8.49,GCDCA,,#N/A
P6_H3_TCDCA_ctrl_48h.mzML,450.3214,17773,8.43,8.35,8.49,GCDCA,,#N/A
P6_H4_TUDCA_ctrl_48h.mzML,450.3214,6930,8.48,8.35,8.49,GCDCA,,#N/A
P6_H5_TCA_ctrl_48h.mzML,450.3214,26695,8.44,8.35,8.49,GCDCA,,#N/A
P6_H6_GLCA_ctrl_48h.mzML,450.3214,346954,8.45,8.35,8.49,GCDCA,,#N/A
P6_H7_GDCA_ctrl_48h.mzML,450.3214,517711,8.48,8.35,8.49,GCDCA,,#N/A
P6_H8_GCDCA_ctrl_48h.mzML,450.3214,390601280,8.42,8.35,8.49,GCDCA,,#N/A
P6_H9_GUDCA_ctrl_48h.mzML,450.3214,5057284,8.43,8.35,8.49,GCDCA,,#N/A
P6_H10_GCA_ctrl_48h.mzML,450.3214,21804,8.44,8.35,8.49,GCDCA,,#N/A
P6_H11_BHI_50MeOH.mzML,450.3214,0,8.35,8.35,8.49,GCDCA,,#N/A
P6_H12_BHI_50DMSO_25MeOH.mzML,450.3214,17496,8.44,8.35,8.49,GCDCA,,#N/A
P9_A1_TLCA_Dny_BSH1_48h.mzML,450.3214,84880,8.48,8.35,8.49,GCDCA,,#N/A
P9_A2_TDCA_Dny_BSH1_48h.mzML,450.3214,919566,8.47,8.35,8.49,GCDCA,,#N/A
P9_A3_TCDCA_Dny_BSH1_48h.mzML,450.3214,43963,8.48,8.35,8.49,GCDCA,,#N/A
P9_A4_TUDCA_Dny_BSH1_48h.mzML,450.3214,132450,8.48,8.35,8.49,GCDCA,,#N/A
P9_A5_TCA_Dny_BSH1_48h.mzML,450.3214,102334,8.48,8.35,8.49,GCDCA,,#N/A
P9_A6_GLCA_Dny_BSH1_48h.mzML,450.3214,100686,8.48,8.35,8.49,GCDCA,,#N/A
P9_A7_GDCA_Dny_BSH1_48h.mzML,450.3214,365621,8.48,8.35,8.49,GCDCA,,#N/A
P9_A8_GCDCA_Dny_BSH1_48h.mzML,450.3214,44234,8.48,8.35,8.49,GCDCA,,#N/A
P9_A9_GUDCA_Dny_BSH1_48h.mzML,450.3214,76674,8.48,8.35,8.49,GCDCA,,#N/A
P9_A10_GCA_Dny_BSH1_48h.mzML,450.3214,69439,8.48,8.35,8.49,GCDCA,,#N/A
P9_A11_BHI_50MeOH.mzML,450.3214,76851,8.48,8.35,8.49,GCDCA,,#N/A
P9_A12_BHI_50DMSO_25MeOH.mzML,450.3214,46140,8.48,8.35,8.49,GCDCA,,#N/A
P9_B1_TLCA_Dny_BSH2_48h.mzML,450.3214,103127,8.48,8.35,8.49,GCDCA,,#N/A
P9_B2_TDCA_Dny_BSH2_48h.mzML,450.3214,137418,8.48,8.35,8.49,GCDCA,,#N/A
P9_B3_TCDCA_Dny_BSH2_48h.mzML,450.3214,107151,8.48,8.35,8.49,GCDCA,,#N/A
P9_B4_TUDCA_Dny_BSH2_48h.mzML,450.3214,97559,8.48,8.35,8.49,GCDCA,,#N/A
P9_B5_TCA_Dny_BSH2_48h.mzML,450.3214,66484,8.48,8.35,8.49,GCDCA,,#N/A
P9_B6_GLCA_Dny_BSH2_48h.mzML,450.3214,245100,8.48,8.35,8.49,GCDCA,,#N/A
P9_B7_GDCA_Dny_BSH2_48h.mzML,450.3214,797836544,8.48,8.35,8.49,GCDCA,,#N/A
P9_B8_GCDCA_Dny_BSH2_48h.mzML,450.3214,241852624,8.37,8.35,8.49,GCDCA,,#N/A
P9_B9_GUDCA_Dny_BSH2_48h.mzML,450.3214,1011458,8.37,8.35,8.49,GCDCA,,#N/A
P9_B10_GCA_Dny_BSH2_48h.mzML,450.3214,78817,8.48,8.35,8.49,GCDCA,,#N/A
P9_B11_BHI_50MeOH.mzML,450.3214,99330,8.48,8.35,8.49,GCDCA,,#N/A
P9_B12_BHI_50DMSO_25MeOH.mzML,450.3214,96354,8.48,8.35,8.49,GCDCA,,#N/A
P9_C1_TLCA_Lgasseri_BSH_48h.mzML,450.3214,67720,8.48,8.35,8.49,GCDCA,,#N/A
P9_C2_TDCA_Lgasseri_BSH_48h.mzML,450.3214,422085,8.48,8.35,8.49,GCDCA,,#N/A
P9_C3_TCDCA_Lgasseri_BSH_48h.mzML,450.3214,98960,8.48,8.35,8.49,GCDCA,,#N/A
P9_C4_TUDCA_Lgasseri_BSH_48h.mzML,450.3214,134339,8.48,8.35,8.49,GCDCA,,#N/A
P9_C5_TCA_Lgasseri_BSH_48h.mzML,450.3214,57592,8.48,8.35,8.49,GCDCA,,#N/A
P9_C6_GLCA_Lgasseri_BSH_48h.mzML,450.3214,401504,8.48,8.35,8.49,GCDCA,,#N/A
P9_C7_GDCA_Lgasseri_BSH_48h.mzML,450.3214,636089984,8.48,8.35,8.49,GCDCA,,#N/A
P9_C8_GCDCA_Lgasseri_BSH_48h.mzML,450.3214,167350544,8.37,8.35,8.49,GCDCA,,#N/A
P9_C9_GUDCA_Lgasseri_BSH_48h.mzML,450.3214,794420,8.37,8.35,8.49,GCDCA,,#N/A
P9_C10_GCA_Lgasseri_BSH_48h.mzML,450.3214,106748,8.48,8.35,8.49,GCDCA,,#N/A
P9_C11_BHI_50MeOH.mzML,450.3214,62128,8.48,8.35,8.49,GCDCA,,#N/A
P9_C12_BHI_50DMSO_25MeOH.mzML,450.3214,54564,8.48,8.35,8.49,GCDCA,,#N/A
P9_D1_TLCA_LCAG-95_BSH1208_48h.mzML,450.3214,99253,8.48,8.35,8.49,GCDCA,,#N/A
P9_D2_TDCA_LCAG-95_BSH1208_48h.mzML,450.3214,396093,8.48,8.35,8.49,GCDCA,,#N/A
P9_D3_TCDCA_LCAG-95_BSH1208_48h.mzML,450.3214,52558,8.48,8.35,8.49,GCDCA,,#N/A
P9_D4_TUDCA_LCAG-95_BSH1208_48h.mzML,450.3214,9919,8.48,8.35,8.49,GCDCA,,#N/A
P9_D5_TCA_LCAG-95_BSH1208_48h.mzML,450.3214,14384,8.48,8.35,8.49,GCDCA,,#N/A
P9_D6_GLCA_LCAG-95_BSH1208_48h.mzML,450.3214,210057,8.41,8.35,8.49,GCDCA,,#N/A
P9_D7_GDCA_LCAG-95_BSH1208_48h.mzML,450.3214,13892892,8.48,8.35,8.49,GCDCA,,#N/A
P9_D8_GCDCA_LCAG-95_BSH1208_48h.mzML,450.3214,64968,8.48,8.35,8.49,GCDCA,,#N/A
P9_D9_GUDCA_LCAG-95_BSH1208_48h.mzML,450.3214,11923,8.48,8.35,8.49,GCDCA,,#N/A
P9_D10_GCA_LCAG-95_BSH1208_48h.mzML,450.3214,39285,8.48,8.35,8.49,GCDCA,,#N/A
P9_D11_BHI_50MeOH.mzML,450.3214,44784,8.48,8.35,8.49,GCDCA,,#N/A
P9_D12_BHI_50DMSO_25MeOH.mzML,450.3214,24679,8.48,8.35,8.49,GCDCA,,#N/A
P9_E1_TLCA_Ep_BSH101_48h.mzML,450.3214,57128,8.48,8.35,8.49,GCDCA,,#N/A
P9_E2_TDCA_Ep_BSH101_48h.mzML,450.3214,31998,8.48,8.35,8.49,GCDCA,,#N/A
P9_E3_TCDCA_Ep_BSH101_48h.mzML,450.3214,47803,8.48,8.35,8.49,GCDCA,,#N/A
P9_E4_TUDCA_Ep_BSH101_48h.mzML,450.3214,27404,8.48,8.35,8.49,GCDCA,,#N/A
P9_E5_TCA_Ep_BSH101_48h.mzML,450.3214,37853,8.48,8.35,8.49,GCDCA,,#N/A
P9_E6_GLCA_Ep_BSH101_48h.mzML,450.3214,302759,8.42,8.35,8.49,GCDCA,,#N/A
P9_E7_GDCA_Ep_BSH101_48h.mzML,450.3214,319599808,8.48,8.35,8.49,GCDCA,,#N/A
P9_E8_GCDCA_Ep_BSH101_48h.mzML,450.3214,424714208,8.4,8.35,8.49,GCDCA,,#N/A
P9_E9_GUDCA_Ep_BSH101_48h.mzML,450.3214,2351426,8.39,8.35,8.49,GCDCA,,#N/A
P9_E10_GCA_Ep_BSH101_48h.mzML,450.3214,57484,8.48,8.35,8.49,GCDCA,,#N/A
P9_E11_BHI_50MeOH.mzML,450.3214,40126,8.48,8.35,8.49,GCDCA,,#N/A
P9_E12_BHI_50DMSO_25MeOH.mzML,450.3214,32071,8.48,8.35,8.49,GCDCA,,#N/A
P9_F1_TLCA_AZ-52_48h.mzML,450.3214,26028,8.48,8.35,8.49,GCDCA,,#N/A
P9_F2_TDCA_AZ-52_48h.mzML,450.3214,84977,8.48,8.35,8.49,GCDCA,,#N/A
P9_F3_TCDCA_AZ-52_48h.mzML,450.3214,59474,8.48,8.35,8.49,GCDCA,,#N/A
P9_F4_TUDCA_AZ-52_48h.mzML,450.3214,7484,8.48,8.35,8.49,GCDCA,,#N/A
P9_F5_TCA_AZ-52_48h.mzML,450.3214,8256,8.41,8.35,8.49,GCDCA,,#N/A
P9_F6_GLCA_AZ-52_48h.mzML,450.3214,266417,8.44,8.35,8.49,GCDCA,,#N/A
P9_F7_GDCA_AZ-52_48h.mzML,450.3214,378486240,8.48,8.35,8.49,GCDCA,,#N/A
P9_F8_GCDCA_AZ-52_48h.mzML,450.3214,240458016,8.41,8.35,8.49,GCDCA,,#N/A
P9_F9_GUDCA_AZ-52_48h.mzML,450.3214,1806919,8.41,8.35,8.49,GCDCA,,#N/A
P9_F10_GCA_AZ-52_48h.mzML,450.3214,32068,8.48,8.35,8.49,GCDCA,,#N/A
P9_F11_BHI_50MeOH.mzML,450.3214,26038,8.48,8.35,8.49,GCDCA,,#N/A
P9_F12_BHI_50DMSO_25MeOH.mzML,450.3214,12820,8.48,8.35,8.49,GCDCA,,#N/A
P9_G1_TLCA_EcAZ-1-cat_48h.mzML,450.3214,15215,8.48,8.35,8.49,GCDCA,,#N/A
P9_G2_TDCA_EcAZ-1-cat_48h.mzML,450.3214,8130,8.48,8.35,8.49,GCDCA,,#N/A
P9_G3_TCDCA_EcAZ-1-cat_48h.mzML,450.3214,4385,8.41,8.35,8.49,GCDCA,,#N/A
P9_G4_TUDCA_EcAZ-1-cat_48h.mzML,450.3214,176,8.35,8.35,8.49,GCDCA,,#N/A
P9_G5_TCA_EcAZ-1-cat_48h.mzML,450.3214,4397,8.48,8.35,8.49,GCDCA,,#N/A
P9_G6_GLCA_EcAZ-1-cat_48h.mzML,450.3214,380718,8.44,8.35,8.49,GCDCA,,#N/A
P9_G7_GDCA_EcAZ-1-cat_48h.mzML,450.3214,320359488,8.48,8.35,8.49,GCDCA,,#N/A
P9_G8_GCDCA_EcAZ-1-cat_48h.mzML,450.3214,527078912,8.41,8.35,8.49,GCDCA,,#N/A
P9_G9_GUDCA_EcAZ-1-cat_48h.mzML,450.3214,3666548,8.41,8.35,8.49,GCDCA,,#N/A
P9_G10_GCA_EcAZ-1-cat_48h.mzML,450.3214,57043,8.48,8.35,8.49,GCDCA,,#N/A
P9_G11_BHI_50MeOH.mzML,450.3214,13203,8.48,8.35,8.49,GCDCA,,#N/A
P9_G12_BHI_50DMSO_25MeOH.mzML,450.3214,6031,8.48,8.35,8.49,GCDCA,,#N/A
P9_H1_TLCA_ctrl_48h.mzML,450.3214,6208,8.41,8.35,8.49,GCDCA,,#N/A
P9_H2_TDCA_ctrl_48h.mzML,450.3214,9239,8.48,8.35,8.49,GCDCA,,#N/A
P9_H3_TCDCA_ctrl_48h.mzML,450.3214,10348,8.48,8.35,8.49,GCDCA,,#N/A
P9_H4_TUDCA_ctrl_48h.mzML,450.3214,3964,8.48,8.35,8.49,GCDCA,,#N/A
P9_H5_TCA_ctrl_48h.mzML,450.3214,1734,8.48,8.35,8.49,GCDCA,,#N/A
P9_H6_GLCA_ctrl_48h.mzML,450.3214,393097,8.44,8.35,8.49,GCDCA,,#N/A
P9_H7_GDCA_ctrl_48h.mzML,450.3214,357552640,8.48,8.35,8.49,GCDCA,,#N/A
P9_H8_GCDCA_ctrl_48h.mzML,450.3214,465669248,8.4,8.35,8.49,GCDCA,,#N/A
P9_H9_GUDCA_ctrl_48h.mzML,450.3214,6806346,8.41,8.35,8.49,GCDCA,,#N/A
P9_H10_GCA_ctrl_48h.mzML,450.3214,64399,8.48,8.35,8.49,GCDCA,,#N/A
P9_H11_BHI_50MeOH.mzML,450.3214,18297,8.48,8.35,8.49,GCDCA,,#N/A
P9_H12_BHI_50DMSO_25MeOH.mzML,450.3214,4692,8.48,8.35,8.49,GCDCA,,#N/A
TCA_std.mzML,450.3214,0,8.35,8.35,8.49,GCDCA,,#N/A
TCDCA_std.mzML,450.3214,0,8.35,8.35,8.49,GCDCA,,#N/A
TDCA_std.mzML,450.3214,0,8.35,8.35,8.49,GCDCA,,#N/A
TLCA_std.mzML,450.3214,0,8.35,8.35,8.49,GCDCA,,#N/A
TUDCA_std.mzML,450.3214,0,8.35,8.35,8.49,GCDCA,,#N/A
UDCA_aminoacids.mzML,450.3214,3122,8.36,8.35,8.49,GCDCA,,#N/A
CA_aminoacids.mzML,450.3214,0,8.49,8.49,8.58,GDCA,,#N/A
CA_DCA_LCA_aminoacids.mzML,450.3214,1173398,8.52,8.49,8.58,GDCA,,#N/A
CDCA_aminoacids.mzML,450.3214,0,8.49,8.49,8.58,GDCA,,#N/A
DCA_aminoacids.mzML,450.3214,44665,8.54,8.49,8.58,GDCA,,#N/A
DCA_aminoacids_2.mzML,450.3214,5248893,8.49,8.49,8.58,GDCA,,#N/A
GCA_std.mzML,450.3214,4646,8.5,8.49,8.58,GDCA,,#N/A
GCDCA_std.mzML,450.3214,65426,8.53,8.49,8.58,GDCA,,#N/A
GDCA_std.mzML,450.3214,1094258,8.49,8.49,8.58,GDCA,,#N/A
GLCA_std.mzML,450.3214,1247,8.49,8.49,8.58,GDCA,,#N/A
GUDCA_std.mzML,450.3214,8128,8.51,8.49,8.58,GDCA,,#N/A
P6_A1_TLCA_Dny_BSH1_48h.mzML,450.3214,334084,8.55,8.49,8.58,GDCA,,#N/A
P6_A2_TDCA_Dny_BSH1_48h.mzML,450.3214,1658481,8.53,8.49,8.58,GDCA,,#N/A
P6_A3_TCDCA_Dny_BSH1_48h.mzML,450.3214,30784,8.49,8.49,8.58,GDCA,,#N/A
P6_A4_TUDCA_Dny_BSH1_48h.mzML,450.3214,0,8.49,8.49,8.58,GDCA,,#N/A
P6_A5_TCA_Dny_BSH1_48h.mzML,450.3214,0,8.49,8.49,8.58,GDCA,,#N/A
P6_A6_GLCA_Dny_BSH1_48h.mzML,450.3214,42679,8.53,8.49,8.58,GDCA,,#N/A
P6_A7_GDCA_Dny_BSH1_48h.mzML,450.3214,933375,8.54,8.49,8.58,GDCA,,#N/A
P6_A8_GCDCA_Dny_BSH1_48h.mzML,450.3214,4150,8.49,8.49,8.58,GDCA,,#N/A
P6_A9_GUDCA_Dny_BSH1_48h.mzML,450.3214,0,8.49,8.49,8.58,GDCA,,#N/A
P6_A10_GCA_Dny_BSH1_48h.mzML,450.3214,2235,8.51,8.49,8.58,GDCA,,#N/A
P6_A11_BHI_50MeOH.mzML,450.3214,0,8.49,8.49,8.58,GDCA,,#N/A
P6_A12_BHI_50DMSO_25MeOH.mzML,450.3214,0,8.49,8.49,8.58,GDCA,,#N/A
P6_B1_TLCA_Dny_BSH2_48h.mzML,450.3214,45219,8.52,8.49,8.58,GDCA,,#N/A
P6_B2_TDCA_Dny_BSH2_48h.mzML,450.3214,96846,8.54,8.49,8.58,GDCA,,#N/A
P6_B3_TCDCA_Dny_BSH2_48h.mzML,450.3214,79511,8.53,8.49,8.58,GDCA,,#N/A
P6_B4_TUDCA_Dny_BSH2_48h.mzML,450.3214,47946,8.54,8.49,8.58,GDCA,,#N/A
P6_B5_TCA_Dny_BSH2_48h.mzML,450.3214,20384,8.52,8.49,8.58,GDCA,,#N/A
P6_B6_GLCA_Dny_BSH2_48h.mzML,450.3214,125151,8.49,8.49,8.58,GDCA,,#N/A
P6_B7_GDCA_Dny_BSH2_48h.mzML,450.3214,1871752320,8.53,8.49,8.58,GDCA,,#N/A
P6_B8_GCDCA_Dny_BSH2_48h.mzML,450.3214,10948287,8.49,8.49,8.58,GDCA,,#N/A
P6_B9_GUDCA_Dny_BSH2_48h.mzML,450.3214,366797,8.53,8.49,8.58,GDCA,,#N/A
P6_B10_GCA_Dny_BSH2_48h.mzML,450.3214,231569,8.53,8.49,8.58,GDCA,,#N/A
P6_B11_BHI_50MeOH.mzML,450.3214,18667,8.51,8.49,8.58,GDCA,,#N/A
P6_B12_BHI_50DMSO_25MeOH.mzML,450.3214,19951,8.52,8.49,8.58,GDCA,,#N/A
P6_C1_TLCA_Lgasseri_BSH_48h.mzML,450.3214,0,8.49,8.49,8.58,GDCA,,#N/A
P6_C2_TDCA_Lgasseri_BSH_48h.mzML,450.3214,689576,8.55,8.49,8.58,GDCA,,#N/A
P6_C3_TCDCA_Lgasseri_BSH_48h.mzML,450.3214,16264,8.52,8.49,8.58,GDCA,,#N/A
P6_C4_TUDCA_Lgasseri_BSH_48h.mzML,450.3214,99415,8.54,8.49,8.58,GDCA,,#N/A
P6_C5_TCA_Lgasseri_BSH_48h.mzML,450.3214,77886,8.53,8.49,8.58,GDCA,,#N/A
P6_C6_GLCA_Lgasseri_BSH_48h.mzML,450.3214,203713,8.53,8.49,8.58,GDCA,,#N/A
P6_C7_GDCA_Lgasseri_BSH_48h.mzML,450.3214,1431031296,8.54,8.49,8.58,GDCA,,#N/A
P6_C8_GCDCA_Lgasseri_BSH_48h.mzML,450.3214,5706436,8.49,8.49,8.58,GDCA,,#N/A
P6_C9_GUDCA_Lgasseri_BSH_48h.mzML,450.3214,584858,8.54,8.49,8.58,GDCA,,#N/A
P6_C10_GCA_Lgasseri_BSH_48h.mzML,450.3214,133128,8.52,8.49,8.58,GDCA,,#N/A
P6_C11_BHI_50MeOH.mzML,450.3214,109259,8.52,8.49,8.58,GDCA,,#N/A
P6_C12_BHI_50DMSO_25MeOH.mzML,450.3214,98904,8.52,8.49,8.58,GDCA,,#N/A
P6_D1_TLCA_LCAG-95_BSH1208_48h.mzML,450.3214,0,8.49,8.49,8.58,GDCA,,#N/A
P6_D2_TDCA_LCAG-95_BSH1208_48h.mzML,450.3214,1539224,8.52,8.49,8.58,GDCA,,#N/A
P6_D3_TCDCA_LCAG-95_BSH1208_48h.mzML,450.3214,0,8.49,8.49,8.58,GDCA,,#N/A
P6_D4_TUDCA_LCAG-95_BSH1208_48h.mzML,450.3214,0,8.49,8.49,8.58,GDCA,,#N/A
P6_D5_TCA_LCAG-95_BSH1208_48h.mzML,450.3214,9234,8.5,8.49,8.58,GDCA,,#N/A
P6_D6_GLCA_LCAG-95_BSH1208_48h.mzML,450.3214,387018,8.54,8.49,8.58,GDCA,,#N/A
P6_D7_GDCA_LCAG-95_BSH1208_48h.mzML,450.3214,28446210,8.54,8.49,8.58,GDCA,,#N/A
P6_D8_GCDCA_LCAG-95_BSH1208_48h.mzML,450.3214,0,8.49,8.49,8.58,GDCA,,#N/A
P6_D9_GUDCA_LCAG-95_BSH1208_48h.mzML,450.3214,104893,8.55,8.49,8.58,GDCA,,#N/A
P6_D10_GCA_LCAG-95_BSH1208_48h.mzML,450.3214,7966,8.51,8.49,8.58,GDCA,,#N/A
P6_D11_BHI_50MeOH.mzML,450.3214,107116,8.57,8.49,8.58,GDCA,,#N/A
P6_D12_BHI_50DMSO_25MeOH.mzML,450.3214,7337,8.5,8.49,8.58,GDCA,,#N/A
P6_E1_TLCA_Ep_BSH101_48h.mzML,450.3214,131435,8.52,8.49,8.58,GDCA,,#N/A
P6_E2_TDCA_Ep_BSH101_48h.mzML,450.3214,40502,8.51,8.49,8.58,GDCA,,#N/A
P6_E3_TCDCA_Ep_BSH101_48h.mzML,450.3214,175954,8.52,8.49,8.58,GDCA,,#N/A
P6_E4_TUDCA_Ep_BSH101_48h.mzML,450.3214,103096,8.52,8.49,8.58,GDCA,,#N/A
P6_E5_TCA_Ep_BSH101_48h.mzML,450.3214,71049,8.52,8.49,8.58,GDCA,,#N/A
P6_E6_GLCA_Ep_BSH101_48h.mzML,450.3214,132884,8.52,8.49,8.58,GDCA,,#N/A
P6_E7_GDCA_Ep_BSH101_48h.mzML,450.3214,1894770176,8.53,8.49,8.58,GDCA,,#N/A
P6_E8_GCDCA_Ep_BSH101_48h.mzML,450.3214,3183817,8.49,8.49,8.58,GDCA,,#N/A
P6_E9_GUDCA_Ep_BSH101_48h.mzML,450.3214,423129,8.52,8.49,8.58,GDCA,,#N/A
P6_E10_GCA_Ep_BSH101_48h.mzML,450.3214,423279,8.52,8.49,8.58,GDCA,,#N/A
P6_E11_BHI_50MeOH.mzML,450.3214,617128,8.54,8.49,8.58,GDCA,,#N/A
P6_E12_BHI_50DMSO_25MeOH.mzML,450.3214,115461,8.51,8.49,8.58,GDCA,,#N/A
P6_F1_TLCA_AZ-52_48h.mzML,450.3214,183360,8.52,8.49,8.58,GDCA,,#N/A
P6_F2_TDCA_AZ-52_48h.mzML,450.3214,714948,8.52,8.49,8.58,GDCA,,#N/A
P6_F3_TCDCA_AZ-52_48h.mzML,450.3214,80745,8.51,8.49,8.58,GDCA,,#N/A
P6_F4_TUDCA_AZ-52_48h.mzML,450.3214,271509,8.57,8.49,8.58,GDCA,,#N/A
P6_F5_TCA_AZ-52_48h.mzML,450.3214,4567,8.49,8.49,8.58,GDCA,,#N/A
P6_F6_GLCA_AZ-52_48h.mzML,450.3214,127859,8.51,8.49,8.58,GDCA,,#N/A
P6_F7_GDCA_AZ-52_48h.mzML,450.3214,1944037632,8.52,8.49,8.58,GDCA,,#N/A
P6_F8_GCDCA_AZ-52_48h.mzML,450.3214,848863,8.52,8.49,8.58,GDCA,,#N/A
P6_F9_GUDCA_AZ-52_48h.mzML,450.3214,356391,8.52,8.49,8.58,GDCA,,#N/A
P6_F10_GCA_AZ-52_48h.mzML,450.3214,235799,8.52,8.49,8.58,GDCA,,#N/A
P6_F11_BHI_50MeOH.mzML,450.3214,98926,8.54,8.49,8.58,GDCA,,#N/A
P6_F12_BHI_50DMSO_25MeOH.mzML,450.3214,309584,8.53,8.49,8.58,GDCA,,#N/A
P6_G1_TLCA_EcAZ-1-cat_48h.mzML,450.3214,31408,8.52,8.49,8.58,GDCA,,#N/A
P6_G2_TDCA_EcAZ-1-cat_48h.mzML,450.3214,142215,8.53,8.49,8.58,GDCA,,#N/A
P6_G3_TCDCA_EcAZ-1-cat_48h.mzML,450.3214,56574,8.53,8.49,8.58,GDCA,,#N/A
P6_G4_TUDCA_EcAZ-1-cat_48h.mzML,450.3214,19977,8.51,8.49,8.58,GDCA,,#N/A
P6_G5_TCA_EcAZ-1-cat_48h.mzML,450.3214,55172,8.52,8.49,8.58,GDCA,,#N/A
P6_G6_GLCA_EcAZ-1-cat_48h.mzML,450.3214,277707,8.53,8.49,8.58,GDCA,,#N/A
P6_G7_GDCA_EcAZ-1-cat_48h.mzML,450.3214,1977172480,8.52,8.49,8.58,GDCA,,#N/A
P6_G8_GCDCA_EcAZ-1-cat_48h.mzML,450.3214,8040044,8.49,8.49,8.58,GDCA,,#N/A
P6_G9_GUDCA_EcAZ-1-cat_48h.mzML,450.3214,376922,8.54,8.49,8.58,GDCA,,#N/A
P6_G10_GCA_EcAZ-1-cat_48h.mzML,450.3214,280961,8.53,8.49,8.58,GDCA,,#N/A
P6_G11_BHI_50MeOH.mzML,450.3214,63807,8.52,8.49,8.58,GDCA,,#N/A
P6_G12_BHI_50DMSO_25MeOH.mzML,450.3214,157563,8.53,8.49,8.58,GDCA,,#N/A
P6_H1_TLCA_ctrl_48h.mzML,450.3214,201172,8.53,8.49,8.58,GDCA,,#N/A
P6_H2_TDCA_ctrl_48h.mzML,450.3214,60322,8.51,8.49,8.58,GDCA,,#N/A
P6_H3_TCDCA_ctrl_48h.mzML,450.3214,191087,8.52,8.49,8.58,GDCA,,#N/A
P6_H4_TUDCA_ctrl_48h.mzML,450.3214,170652,8.52,8.49,8.58,GDCA,,#N/A
P6_H5_TCA_ctrl_48h.mzML,450.3214,11925,8.5,8.49,8.58,GDCA,,#N/A
P6_H6_GLCA_ctrl_48h.mzML,450.3214,284286,8.54,8.49,8.58,GDCA,,#N/A
P6_H7_GDCA_ctrl_48h.mzML,450.3214,1444217728,8.53,8.49,8.58,GDCA,,#N/A
P6_H8_GCDCA_ctrl_48h.mzML,450.3214,2455605,8.53,8.49,8.58,GDCA,,#N/A
P6_H9_GUDCA_ctrl_48h.mzML,450.3214,188634,8.52,8.49,8.58,GDCA,,#N/A
P6_H10_GCA_ctrl_48h.mzML,450.3214,113171,8.53,8.49,8.58,GDCA,,#N/A
P6_H11_BHI_50MeOH.mzML,450.3214,333925,8.52,8.49,8.58,GDCA,,#N/A
P6_H12_BHI_50DMSO_25MeOH.mzML,450.3214,6497,8.5,8.49,8.58,GDCA,,#N/A
P9_A1_TLCA_Dny_BSH1_48h.mzML,450.3214,98120,8.49,8.49,8.58,GDCA,,#N/A
P9_A2_TDCA_Dny_BSH1_48h.mzML,450.3214,156105,8.49,8.49,8.58,GDCA,,#N/A
P9_A3_TCDCA_Dny_BSH1_48h.mzML,450.3214,120323,8.58,8.49,8.58,GDCA,,#N/A
P9_A4_TUDCA_Dny_BSH1_48h.mzML,450.3214,21698,8.49,8.49,8.58,GDCA,,#N/A
P9_A5_TCA_Dny_BSH1_48h.mzML,450.3214,76428,8.58,8.49,8.58,GDCA,,#N/A
P9_A6_GLCA_Dny_BSH1_48h.mzML,450.3214,701646,8.56,8.49,8.58,GDCA,,#N/A
P9_A7_GDCA_Dny_BSH1_48h.mzML,450.3214,123295,8.49,8.49,8.58,GDCA,,#N/A
P9_A8_GCDCA_Dny_BSH1_48h.mzML,450.3214,191172,8.57,8.49,8.58,GDCA,,#N/A
P9_A9_GUDCA_Dny_BSH1_48h.mzML,450.3214,228515,8.56,8.49,8.58,GDCA,,#N/A
P9_A10_GCA_Dny_BSH1_48h.mzML,450.3214,135491,8.57,8.49,8.58,GDCA,,#N/A
P9_A11_BHI_50MeOH.mzML,450.3214,246724,8.56,8.49,8.58,GDCA,,#N/A
P9_A12_BHI_50DMSO_25MeOH.mzML,450.3214,122995,8.58,8.49,8.58,GDCA,,#N/A
P9_B1_TLCA_Dny_BSH2_48h.mzML,450.3214,130638,8.57,8.49,8.58,GDCA,,#N/A
P9_B2_TDCA_Dny_BSH2_48h.mzML,450.3214,110345,8.58,8.49,8.58,GDCA,,#N/A
P9_B3_TCDCA_Dny_BSH2_48h.mzML,450.3214,180510,8.57,8.49,8.58,GDCA,,#N/A
P9_B4_TUDCA_Dny_BSH2_48h.mzML,450.3214,85452,8.57,8.49,8.58,GDCA,,#N/A
P9_B5_TCA_Dny_BSH2_48h.mzML,450.3214,115468,8.56,8.49,8.58,GDCA,,#N/A
P9_B6_GLCA_Dny_BSH2_48h.mzML,450.3214,397573,8.57,8.49,8.58,GDCA,,#N/A
P9_B7_GDCA_Dny_BSH2_48h.mzML,450.3214,488001088,8.49,8.49,8.58,GDCA,,#N/A
P9_B8_GCDCA_Dny_BSH2_48h.mzML,450.3214,130635,8.58,8.49,8.58,GDCA,,#N/A
P9_B9_GUDCA_Dny_BSH2_48h.mzML,450.3214,182237,8.57,8.49,8.58,GDCA,,#N/A
P9_B10_GCA_Dny_BSH2_48h.mzML,450.3214,205054,8.57,8.49,8.58,GDCA,,#N/A
P9_B11_BHI_50MeOH.mzML,450.3214,68378,8.49,8.49,8.58,GDCA,,#N/A
P9_B12_BHI_50DMSO_25MeOH.mzML,450.3214,78567,8.55,8.49,8.58,GDCA,,#N/A
P9_C1_TLCA_Lgasseri_BSH_48h.mzML,450.3214,100239,8.56,8.49,8.58,GDCA,,#N/A
P9_C2_TDCA_Lgasseri_BSH_48h.mzML,450.3214,970203,8.57,8.49,8.58,GDCA,,#N/A
P9_C3_TCDCA_Lgasseri_BSH_48h.mzML,450.3214,283272,8.58,8.49,8.58,GDCA,,#N/A
P9_C4_TUDCA_Lgasseri_BSH_48h.mzML,450.3214,641553,8.57,8.49,8.58,GDCA,,#N/A
P9_C5_TCA_Lgasseri_BSH_48h.mzML,450.3214,408400,8.57,8.49,8.58,GDCA,,#N/A
P9_C6_GLCA_Lgasseri_BSH_48h.mzML,450.3214,513445,8.5,8.49,8.58,GDCA,,#N/A
P9_C7_GDCA_Lgasseri_BSH_48h.mzML,450.3214,588835136,8.49,8.49,8.58,GDCA,,#N/A
P9_C8_GCDCA_Lgasseri_BSH_48h.mzML,450.3214,425815,8.57,8.49,8.58,GDCA,,#N/A
P9_C9_GUDCA_Lgasseri_BSH_48h.mzML,450.3214,322160,8.57,8.49,8.58,GDCA,,#N/A
P9_C10_GCA_Lgasseri_BSH_48h.mzML,450.3214,162207,8.5,8.49,8.58,GDCA,,#N/A
P9_C11_BHI_50MeOH.mzML,450.3214,146083,8.5,8.49,8.58,GDCA,,#N/A
P9_C12_BHI_50DMSO_25MeOH.mzML,450.3214,35109,8.5,8.49,8.58,GDCA,,#N/A
P9_D1_TLCA_LCAG-95_BSH1208_48h.mzML,450.3214,281312,8.57,8.49,8.58,GDCA,,#N/A
P9_D2_TDCA_LCAG-95_BSH1208_48h.mzML,450.3214,1015289,8.5,8.49,8.58,GDCA,,#N/A
P9_D3_TCDCA_LCAG-95_BSH1208_48h.mzML,450.3214,247543,8.58,8.49,8.58,GDCA,,#N/A
P9_D4_TUDCA_LCAG-95_BSH1208_48h.mzML,450.3214,43026,8.58,8.49,8.58,GDCA,,#N/A
P9_D5_TCA_LCAG-95_BSH1208_48h.mzML,450.3214,151970,8.57,8.49,8.58,GDCA,,#N/A
P9_D6_GLCA_LCAG-95_BSH1208_48h.mzML,450.3214,539077,8.58,8.49,8.58,GDCA,,#N/A
P9_D7_GDCA_LCAG-95_BSH1208_48h.mzML,450.3214,18197414,8.49,8.49,8.58,GDCA,,#N/A
P9_D8_GCDCA_LCAG-95_BSH1208_48h.mzML,450.3214,255567,8.58,8.49,8.58,GDCA,,#N/A
P9_D9_GUDCA_LCAG-95_BSH1208_48h.mzML,450.3214,78406,8.5,8.49,8.58,GDCA,,#N/A
P9_D10_GCA_LCAG-95_BSH1208_48h.mzML,450.3214,220797,8.58,8.49,8.58,GDCA,,#N/A
P9_D11_BHI_50MeOH.mzML,450.3214,143404,8.57,8.49,8.58,GDCA,,#N/A
P9_D12_BHI_50DMSO_25MeOH.mzML,450.3214,203153,8.57,8.49,8.58,GDCA,,#N/A
P9_E1_TLCA_Ep_BSH101_48h.mzML,450.3214,302252,8.58,8.49,8.58,GDCA,,#N/A
P9_E2_TDCA_Ep_BSH101_48h.mzML,450.3214,182665,8.51,8.49,8.58,GDCA,,#N/A
P9_E3_TCDCA_Ep_BSH101_48h.mzML,450.3214,84281,8.58,8.49,8.58,GDCA,,#N/A
P9_E4_TUDCA_Ep_BSH101_48h.mzML,450.3214,144499,8.5,8.49,8.58,GDCA,,#N/A
P9_E5_TCA_Ep_BSH101_48h.mzML,450.3214,171956,8.5,8.49,8.58,GDCA,,#N/A
P9_E6_GLCA_Ep_BSH101_48h.mzML,450.3214,131145,8.51,8.49,8.58,GDCA,,#N/A
P9_E7_GDCA_Ep_BSH101_48h.mzML,450.3214,1191187712,8.5,8.49,8.58,GDCA,,#N/A
P9_E8_GCDCA_Ep_BSH101_48h.mzML,450.3214,116783,8.58,8.49,8.58,GDCA,,#N/A
P9_E9_GUDCA_Ep_BSH101_48h.mzML,450.3214,497016,8.52,8.49,8.58,GDCA,,#N/A
P9_E10_GCA_Ep_BSH101_48h.mzML,450.3214,196359,8.51,8.49,8.58,GDCA,,#N/A
P9_E11_BHI_50MeOH.mzML,450.3214,19422,8.49,8.49,8.58,GDCA,,#N/A
P9_E12_BHI_50DMSO_25MeOH.mzML,450.3214,132732,8.57,8.49,8.58,GDCA,,#N/A
P9_F1_TLCA_AZ-52_48h.mzML,450.3214,48063,8.5,8.49,8.58,GDCA,,#N/A
P9_F2_TDCA_AZ-52_48h.mzML,450.3214,375164,8.5,8.49,8.58,GDCA,,#N/A
P9_F3_TCDCA_AZ-52_48h.mzML,450.3214,76682,8.57,8.49,8.58,GDCA,,#N/A
P9_F4_TUDCA_AZ-52_48h.mzML,450.3214,154291,8.51,8.49,8.58,GDCA,,#N/A
P9_F5_TCA_AZ-52_48h.mzML,450.3214,182819,8.51,8.49,8.58,GDCA,,#N/A
P9_F6_GLCA_AZ-52_48h.mzML,450.3214,243896,8.51,8.49,8.58,GDCA,,#N/A
P9_F7_GDCA_AZ-52_48h.mzML,450.3214,1269357568,8.5,8.49,8.58,GDCA,,#N/A
P9_F8_GCDCA_AZ-52_48h.mzML,450.3214,93542,8.51,8.49,8.58,GDCA,,#N/A
P9_F9_GUDCA_AZ-52_48h.mzML,450.3214,286451,8.52,8.49,8.58,GDCA,,#N/A
P9_F10_GCA_AZ-52_48h.mzML,450.3214,205167,8.51,8.49,8.58,GDCA,,#N/A
P9_F11_BHI_50MeOH.mzML,450.3214,334966,8.57,8.49,8.58,GDCA,,#N/A
P9_F12_BHI_50DMSO_25MeOH.mzML,450.3214,113853,8.51,8.49,8.58,GDCA,,#N/A
P9_G1_TLCA_EcAZ-1-cat_48h.mzML,450.3214,61684,8.5,8.49,8.58,GDCA,,#N/A
P9_G2_TDCA_EcAZ-1-cat_48h.mzML,450.3214,166605,8.51,8.49,8.58,GDCA,,#N/A
P9_G3_TCDCA_EcAZ-1-cat_48h.mzML,450.3214,96977,8.51,8.49,8.58,GDCA,,#N/A
P9_G4_TUDCA_EcAZ-1-cat_48h.mzML,450.3214,162027,8.53,8.49,8.58,GDCA,,#N/A
P9_G5_TCA_EcAZ-1-cat_48h.mzML,450.3214,104884,8.51,8.49,8.58,GDCA,,#N/A
P9_G6_GLCA_EcAZ-1-cat_48h.mzML,450.3214,293437,8.58,8.49,8.58,GDCA,,#N/A
P9_G7_GDCA_EcAZ-1-cat_48h.mzML,450.3214,1563074816,8.5,8.49,8.58,GDCA,,#N/A
P9_G8_GCDCA_EcAZ-1-cat_48h.mzML,450.3214,1382587,8.51,8.49,8.58,GDCA,,#N/A
P9_G9_GUDCA_EcAZ-1-cat_48h.mzML,450.3214,256057,8.51,8.49,8.58,GDCA,,#N/A
P9_G10_GCA_EcAZ-1-cat_48h.mzML,450.3214,184019,8.52,8.49,8.58,GDCA,,#N/A
P9_G11_BHI_50MeOH.mzML,450.3214,209908,8.52,8.49,8.58,GDCA,,#N/A
P9_G12_BHI_50DMSO_25MeOH.mzML,450.3214,102395,8.52,8.49,8.58,GDCA,,#N/A
P9_H1_TLCA_ctrl_48h.mzML,450.3214,49722,8.51,8.49,8.58,GDCA,,#N/A
P9_H2_TDCA_ctrl_48h.mzML,450.3214,83910,8.51,8.49,8.58,GDCA,,#N/A
P9_H3_TCDCA_ctrl_48h.mzML,450.3214,108844,8.51,8.49,8.58,GDCA,,#N/A
P9_H4_TUDCA_ctrl_48h.mzML,450.3214,75799,8.51,8.49,8.58,GDCA,,#N/A
P9_H5_TCA_ctrl_48h.mzML,450.3214,71235,8.51,8.49,8.58,GDCA,,#N/A
P9_H6_GLCA_ctrl_48h.mzML,450.3214,101891,8.58,8.49,8.58,GDCA,,#N/A
P9_H7_GDCA_ctrl_48h.mzML,450.3214,1157432576,8.5,8.49,8.58,GDCA,,#N/A
P9_H8_GCDCA_ctrl_48h.mzML,450.3214,206860,8.51,8.49,8.58,GDCA,,#N/A
P9_H9_GUDCA_ctrl_48h.mzML,450.3214,239264,8.51,8.49,8.58,GDCA,,#N/A
P9_H10_GCA_ctrl_48h.mzML,450.3214,129046,8.51,8.49,8.58,GDCA,,#N/A
P9_H11_BHI_50MeOH.mzML,450.3214,50983,8.51,8.49,8.58,GDCA,,#N/A
P9_H12_BHI_50DMSO_25MeOH.mzML,450.3214,68176,8.51,8.49,8.58,GDCA,,#N/A
TCA_std.mzML,450.3214,0,8.49,8.49,8.58,GDCA,,#N/A
TCDCA_std.mzML,450.3214,0,8.49,8.49,8.58,GDCA,,#N/A
TDCA_std.mzML,450.3214,0,8.49,8.49,8.58,GDCA,,#N/A
TLCA_std.mzML,450.3214,0,8.49,8.49,8.58,GDCA,,#N/A
TUDCA_std.mzML,450.3214,0,8.49,8.49,8.58,GDCA,,#N/A
UDCA_aminoacids.mzML,450.3214,0,8.49,8.49,8.58,GDCA,,#N/A
CA_aminoacids.mzML,434.3265,0,8.86,8.86,8.97,GLCA,,#N/A
CA_DCA_LCA_aminoacids.mzML,434.3265,35378452,8.86,8.86,8.97,GLCA,,#N/A
CDCA_aminoacids.mzML,434.3265,0,8.86,8.86,8.97,GLCA,,#N/A
DCA_aminoacids.mzML,434.3265,0,8.86,8.86,8.97,GLCA,,#N/A
DCA_aminoacids_2.mzML,434.3265,0,8.86,8.86,8.97,GLCA,,#N/A
GCA_std.mzML,434.3265,907,8.89,8.86,8.97,GLCA,,#N/A
GCDCA_std.mzML,434.3265,23920,8.86,8.86,8.97,GLCA,,#N/A
GDCA_std.mzML,434.3265,1099,8.88,8.86,8.97,GLCA,,#N/A
GLCA_std.mzML,434.3265,9238521,8.86,8.86,8.97,GLCA,,#N/A
GUDCA_std.mzML,434.3265,28951,8.86,8.86,8.97,GLCA,,#N/A
P6_A1_TLCA_Dny_BSH1_48h.mzML,434.3265,684326,8.93,8.86,8.97,GLCA,,#N/A
P6_A2_TDCA_Dny_BSH1_48h.mzML,434.3265,353759,8.88,8.86,8.97,GLCA,,#N/A
P6_A3_TCDCA_Dny_BSH1_48h.mzML,434.3265,347865,8.9,8.86,8.97,GLCA,,#N/A
P6_A4_TUDCA_Dny_BSH1_48h.mzML,434.3265,344131,8.93,8.86,8.97,GLCA,,#N/A
P6_A5_TCA_Dny_BSH1_48h.mzML,434.3265,529606,8.91,8.86,8.97,GLCA,,#N/A
P6_A6_GLCA_Dny_BSH1_48h.mzML,434.3265,59306768,8.91,8.86,8.97,GLCA,,#N/A
P6_A7_GDCA_Dny_BSH1_48h.mzML,434.3265,667416,8.86,8.86,8.97,GLCA,,#N/A
P6_A8_GCDCA_Dny_BSH1_48h.mzML,434.3265,235954,8.93,8.86,8.97,GLCA,,#N/A
P6_A9_GUDCA_Dny_BSH1_48h.mzML,434.3265,277373,8.93,8.86,8.97,GLCA,,#N/A
P6_A10_GCA_Dny_BSH1_48h.mzML,434.3265,267714,8.92,8.86,8.97,GLCA,,#N/A
P6_A11_BHI_50MeOH.mzML,434.3265,333080,8.87,8.86,8.97,GLCA,,#N/A
P6_A12_BHI_50DMSO_25MeOH.mzML,434.3265,474948,8.86,8.86,8.97,GLCA,,#N/A
P6_B1_TLCA_Dny_BSH2_48h.mzML,434.3265,146151,8.93,8.86,8.97,GLCA,,#N/A
P6_B2_TDCA_Dny_BSH2_48h.mzML,434.3265,407286,8.88,8.86,8.97,GLCA,,#N/A
P6_B3_TCDCA_Dny_BSH2_48h.mzML,434.3265,390601,8.94,8.86,8.97,GLCA,,#N/A
P6_B4_TUDCA_Dny_BSH2_48h.mzML,434.3265,301681,8.88,8.86,8.97,GLCA,,#N/A
P6_B5_TCA_Dny_BSH2_48h.mzML,434.3265,206250,8.86,8.86,8.97,GLCA,,#N/A
P6_B6_GLCA_Dny_BSH2_48h.mzML,434.3265,607735168,8.9,8.86,8.97,GLCA,,#N/A
P6_B7_GDCA_Dny_BSH2_48h.mzML,434.3265,387714,8.91,8.86,8.97,GLCA,,#N/A
P6_B8_GCDCA_Dny_BSH2_48h.mzML,434.3265,1082959,8.91,8.86,8.97,GLCA,,#N/A
P6_B9_GUDCA_Dny_BSH2_48h.mzML,434.3265,539450,8.86,8.86,8.97,GLCA,,#N/A
P6_B10_GCA_Dny_BSH2_48h.mzML,434.3265,564425,8.91,8.86,8.97,GLCA,,#N/A
P6_B11_BHI_50MeOH.mzML,434.3265,316533,8.92,8.86,8.97,GLCA,,#N/A
P6_B12_BHI_50DMSO_25MeOH.mzML,434.3265,337455,8.91,8.86,8.97,GLCA,,#N/A
P6_C1_TLCA_Lgasseri_BSH_48h.mzML,434.3265,737166,8.91,8.86,8.97,GLCA,,#N/A
P6_C2_TDCA_Lgasseri_BSH_48h.mzML,434.3265,228045,8.87,8.86,8.97,GLCA,,#N/A
P6_C3_TCDCA_Lgasseri_BSH_48h.mzML,434.3265,489265,8.93,8.86,8.97,GLCA,,#N/A
P6_C4_TUDCA_Lgasseri_BSH_48h.mzML,434.3265,684127,8.86,8.86,8.97,GLCA,,#N/A
P6_C5_TCA_Lgasseri_BSH_48h.mzML,434.3265,159034,8.93,8.86,8.97,GLCA,,#N/A
P6_C6_GLCA_Lgasseri_BSH_48h.mzML,434.3265,188149296,8.92,8.86,8.97,GLCA,,#N/A
P6_C7_GDCA_Lgasseri_BSH_48h.mzML,434.3265,410999,8.91,8.86,8.97,GLCA,,#N/A
P6_C8_GCDCA_Lgasseri_BSH_48h.mzML,434.3265,190759,8.87,8.86,8.97,GLCA,,#N/A
P6_C9_GUDCA_Lgasseri_BSH_48h.mzML,434.3265,194537,8.86,8.86,8.97,GLCA,,#N/A
P6_C10_GCA_Lgasseri_BSH_48h.mzML,434.3265,94823,8.89,8.86,8.97,GLCA,,#N/A
P6_C11_BHI_50MeOH.mzML,434.3265,402824,8.9,8.86,8.97,GLCA,,#N/A
P6_C12_BHI_50DMSO_25MeOH.mzML,434.3265,158567,8.93,8.86,8.97,GLCA,,#N/A
P6_D1_TLCA_LCAG-95_BSH1208_48h.mzML,434.3265,512760,8.91,8.86,8.97,GLCA,,#N/A
P6_D2_TDCA_LCAG-95_BSH1208_48h.mzML,434.3265,364472,8.89,8.86,8.97,GLCA,,#N/A
P6_D3_TCDCA_LCAG-95_BSH1208_48h.mzML,434.3265,97619,8.89,8.86,8.97,GLCA,,#N/A
P6_D4_TUDCA_LCAG-95_BSH1208_48h.mzML,434.3265,209073,8.86,8.86,8.97,GLCA,,#N/A
P6_D5_TCA_LCAG-95_BSH1208_48h.mzML,434.3265,191220,8.87,8.86,8.97,GLCA,,#N/A
P6_D6_GLCA_LCAG-95_BSH1208_48h.mzML,434.3265,69034504,8.91,8.86,8.97,GLCA,,#N/A
P6_D7_GDCA_LCAG-95_BSH1208_48h.mzML,434.3265,432857,8.86,8.86,8.97,GLCA,,#N/A
P6_D8_GCDCA_LCAG-95_BSH1208_48h.mzML,434.3265,292418,8.89,8.86,8.97,GLCA,,#N/A
P6_D9_GUDCA_LCAG-95_BSH1208_48h.mzML,434.3265,213703,8.9,8.86,8.97,GLCA,,#N/A
P6_D10_GCA_LCAG-95_BSH1208_48h.mzML,434.3265,252095,8.9,8.86,8.97,GLCA,,#N/A
P6_D11_BHI_50MeOH.mzML,434.3265,241148,8.93,8.86,8.97,GLCA,,#N/A
P6_D12_BHI_50DMSO_25MeOH.mzML,434.3265,288893,8.86,8.86,8.97,GLCA,,#N/A
P6_E1_TLCA_Ep_BSH101_48h.mzML,434.3265,549177,8.91,8.86,8.97,GLCA,,#N/A
P6_E2_TDCA_Ep_BSH101_48h.mzML,434.3265,330834,8.9,8.86,8.97,GLCA,,#N/A
P6_E3_TCDCA_Ep_BSH101_48h.mzML,434.3265,186428,8.93,8.86,8.97,GLCA,,#N/A
P6_E4_TUDCA_Ep_BSH101_48h.mzML,434.3265,278166,8.93,8.86,8.97,GLCA,,#N/A
P6_E5_TCA_Ep_BSH101_48h.mzML,434.3265,438895,8.91,8.86,8.97,GLCA,,#N/A
P6_E6_GLCA_Ep_BSH101_48h.mzML,434.3265,650221312,8.91,8.86,8.97,GLCA,,#N/A
P6_E7_GDCA_Ep_BSH101_48h.mzML,434.3265,525753,8.91,8.86,8.97,GLCA,,#N/A
P6_E8_GCDCA_Ep_BSH101_48h.mzML,434.3265,1007157,8.91,8.86,8.97,GLCA,,#N/A
P6_E9_GUDCA_Ep_BSH101_48h.mzML,434.3265,334375,8.92,8.86,8.97,GLCA,,#N/A
P6_E10_GCA_Ep_BSH101_48h.mzML,434.3265,310610,8.92,8.86,8.97,GLCA,,#N/A
P6_E11_BHI_50MeOH.mzML,434.3265,113585,8.93,8.86,8.97,GLCA,,#N/A
P6_E12_BHI_50DMSO_25MeOH.mzML,434.3265,369655,8.92,8.86,8.97,GLCA,,#N/A
P6_F1_TLCA_AZ-52_48h.mzML,434.3265,273587,8.92,8.86,8.97,GLCA,,#N/A
P6_F2_TDCA_AZ-52_48h.mzML,434.3265,114854,8.95,8.86,8.97,GLCA,,#N/A
P6_F3_TCDCA_AZ-52_48h.mzML,434.3265,280867,8.9,8.86,8.97,GLCA,,#N/A
P6_F4_TUDCA_AZ-52_48h.mzML,434.3265,211889,8.93,8.86,8.97,GLCA,,#N/A
P6_F5_TCA_AZ-52_48h.mzML,434.3265,256356,8.89,8.86,8.97,GLCA,,#N/A
P6_F6_GLCA_AZ-52_48h.mzML,434.3265,268496064,8.91,8.86,8.97,GLCA,,#N/A
P6_F7_GDCA_AZ-52_48h.mzML,434.3265,138259,8.91,8.86,8.97,GLCA,,#N/A
P6_F8_GCDCA_AZ-52_48h.mzML,434.3265,602814,8.91,8.86,8.97,GLCA,,#N/A
P6_F9_GUDCA_AZ-52_48h.mzML,434.3265,409191,8.91,8.86,8.97,GLCA,,#N/A
P6_F10_GCA_AZ-52_48h.mzML,434.3265,353527,8.91,8.86,8.97,GLCA,,#N/A
P6_F11_BHI_50MeOH.mzML,434.3265,44643,8.96,8.86,8.97,GLCA,,#N/A
P6_F12_BHI_50DMSO_25MeOH.mzML,434.3265,222939,8.89,8.86,8.97,GLCA,,#N/A
P6_G1_TLCA_EcAZ-1-cat_48h.mzML,434.3265,67449,8.86,8.86,8.97,GLCA,,#N/A
P6_G2_TDCA_EcAZ-1-cat_48h.mzML,434.3265,188910,8.94,8.86,8.97,GLCA,,#N/A
P6_G3_TCDCA_EcAZ-1-cat_48h.mzML,434.3265,153924,8.93,8.86,8.97,GLCA,,#N/A
P6_G4_TUDCA_EcAZ-1-cat_48h.mzML,434.3265,364921,8.93,8.86,8.97,GLCA,,#N/A
P6_G5_TCA_EcAZ-1-cat_48h.mzML,434.3265,322154,8.9,8.86,8.97,GLCA,,#N/A
P6_G6_GLCA_EcAZ-1-cat_48h.mzML,434.3265,491199360,8.91,8.86,8.97,GLCA,,#N/A
P6_G7_GDCA_EcAZ-1-cat_48h.mzML,434.3265,370662,8.9,8.86,8.97,GLCA,,#N/A
P6_G8_GCDCA_EcAZ-1-cat_48h.mzML,434.3265,994906,8.92,8.86,8.97,GLCA,,#N/A
P6_G9_GUDCA_EcAZ-1-cat_48h.mzML,434.3265,431139,8.91,8.86,8.97,GLCA,,#N/A
P6_G10_GCA_EcAZ-1-cat_48h.mzML,434.3265,488321,8.9,8.86,8.97,GLCA,,#N/A
P6_G11_BHI_50MeOH.mzML,434.3265,163355,8.86,8.86,8.97,GLCA,,#N/A
P6_G12_BHI_50DMSO_25MeOH.mzML,434.3265,81829,8.96,8.86,8.97,GLCA,,#N/A
P6_H1_TLCA_ctrl_48h.mzML,434.3265,280173,8.94,8.86,8.97,GLCA,,#N/A
P6_H2_TDCA_ctrl_48h.mzML,434.3265,487621,8.91,8.86,8.97,GLCA,,#N/A
P6_H3_TCDCA_ctrl_48h.mzML,434.3265,588244,8.93,8.86,8.97,GLCA,,#N/A
P6_H4_TUDCA_ctrl_48h.mzML,434.3265,295247,8.91,8.86,8.97,GLCA,,#N/A
P6_H5_TCA_ctrl_48h.mzML,434.3265,335752,8.91,8.86,8.97,GLCA,,#N/A
P6_H6_GLCA_ctrl_48h.mzML,434.3265,464547200,8.9,8.86,8.97,GLCA,,#N/A
P6_H7_GDCA_ctrl_48h.mzML,434.3265,462347,8.91,8.86,8.97,GLCA,,#N/A
P6_H8_GCDCA_ctrl_48h.mzML,434.3265,736977,8.91,8.86,8.97,GLCA,,#N/A
P6_H9_GUDCA_ctrl_48h.mzML,434.3265,189967,8.91,8.86,8.97,GLCA,,#N/A
P6_H10_GCA_ctrl_48h.mzML,434.3265,137525,8.91,8.86,8.97,GLCA,,#N/A
P6_H11_BHI_50MeOH.mzML,434.3265,190529,8.94,8.86,8.97,GLCA,,#N/A
P6_H12_BHI_50DMSO_25MeOH.mzML,434.3265,176528,8.86,8.86,8.97,GLCA,,#N/A
P9_A1_TLCA_Dny_BSH1_48h.mzML,434.3265,426571,8.89,8.86,8.97,GLCA,,#N/A
P9_A2_TDCA_Dny_BSH1_48h.mzML,434.3265,376707,8.91,8.86,8.97,GLCA,,#N/A
P9_A3_TCDCA_Dny_BSH1_48h.mzML,434.3265,444861,8.93,8.86,8.97,GLCA,,#N/A
P9_A4_TUDCA_Dny_BSH1_48h.mzML,434.3265,457356,8.9,8.86,8.97,GLCA,,#N/A
P9_A5_TCA_Dny_BSH1_48h.mzML,434.3265,389949,8.89,8.86,8.97,GLCA,,#N/A
P9_A6_GLCA_Dny_BSH1_48h.mzML,434.3265,53550492,8.89,8.86,8.97,GLCA,,#N/A
P9_A7_GDCA_Dny_BSH1_48h.mzML,434.3265,431131,8.89,8.86,8.97,GLCA,,#N/A
P9_A8_GCDCA_Dny_BSH1_48h.mzML,434.3265,343831,8.89,8.86,8.97,GLCA,,#N/A
P9_A9_GUDCA_Dny_BSH1_48h.mzML,434.3265,270004,8.9,8.86,8.97,GLCA,,#N/A
P9_A10_GCA_Dny_BSH1_48h.mzML,434.3265,393472,8.9,8.86,8.97,GLCA,,#N/A
P9_A11_BHI_50MeOH.mzML,434.3265,341618,8.89,8.86,8.97,GLCA,,#N/A
P9_A12_BHI_50DMSO_25MeOH.mzML,434.3265,418468,8.9,8.86,8.97,GLCA,,#N/A
P9_B1_TLCA_Dny_BSH2_48h.mzML,434.3265,387622,8.91,8.86,8.97,GLCA,,#N/A
P9_B2_TDCA_Dny_BSH2_48h.mzML,434.3265,312204,8.9,8.86,8.97,GLCA,,#N/A
P9_B3_TCDCA_Dny_BSH2_48h.mzML,434.3265,302236,8.89,8.86,8.97,GLCA,,#N/A
P9_B4_TUDCA_Dny_BSH2_48h.mzML,434.3265,310681,8.9,8.86,8.97,GLCA,,#N/A
P9_B5_TCA_Dny_BSH2_48h.mzML,434.3265,424806,8.9,8.86,8.97,GLCA,,#N/A
P9_B6_GLCA_Dny_BSH2_48h.mzML,434.3265,285391808,8.89,8.86,8.97,GLCA,,#N/A
P9_B7_GDCA_Dny_BSH2_48h.mzML,434.3265,360303,8.89,8.86,8.97,GLCA,,#N/A
P9_B8_GCDCA_Dny_BSH2_48h.mzML,434.3265,605827,8.89,8.86,8.97,GLCA,,#N/A
P9_B9_GUDCA_Dny_BSH2_48h.mzML,434.3265,345715,8.91,8.86,8.97,GLCA,,#N/A
P9_B10_GCA_Dny_BSH2_48h.mzML,434.3265,289724,8.9,8.86,8.97,GLCA,,#N/A
P9_B11_BHI_50MeOH.mzML,434.3265,414948,8.89,8.86,8.97,GLCA,,#N/A
P9_B12_BHI_50DMSO_25MeOH.mzML,434.3265,453379,8.92,8.86,8.97,GLCA,,#N/A
P9_C1_TLCA_Lgasseri_BSH_48h.mzML,434.3265,387094,8.9,8.86,8.97,GLCA,,#N/A
P9_C2_TDCA_Lgasseri_BSH_48h.mzML,434.3265,189563,8.88,8.86,8.97,GLCA,,#N/A
P9_C3_TCDCA_Lgasseri_BSH_48h.mzML,434.3265,204618,8.9,8.86,8.97,GLCA,,#N/A
P9_C4_TUDCA_Lgasseri_BSH_48h.mzML,434.3265,191177,8.91,8.86,8.97,GLCA,,#N/A
P9_C5_TCA_Lgasseri_BSH_48h.mzML,434.3265,945091,8.89,8.86,8.97,GLCA,,#N/A
P9_C6_GLCA_Lgasseri_BSH_48h.mzML,434.3265,172922448,8.9,8.86,8.97,GLCA,,#N/A
P9_C7_GDCA_Lgasseri_BSH_48h.mzML,434.3265,574352,8.91,8.86,8.97,GLCA,,#N/A
P9_C8_GCDCA_Lgasseri_BSH_48h.mzML,434.3265,402076,8.89,8.86,8.97,GLCA,,#N/A
P9_C9_GUDCA_Lgasseri_BSH_48h.mzML,434.3265,350818,8.91,8.86,8.97,GLCA,,#N/A
P9_C10_GCA_Lgasseri_BSH_48h.mzML,434.3265,284506,8.92,8.86,8.97,GLCA,,#N/A
P9_C11_BHI_50MeOH.mzML,434.3265,539289,8.9,8.86,8.97,GLCA,,#N/A
P9_C12_BHI_50DMSO_25MeOH.mzML,434.3265,398108,8.91,8.86,8.97,GLCA,,#N/A
P9_D1_TLCA_LCAG-95_BSH1208_48h.mzML,434.3265,303896,8.9,8.86,8.97,GLCA,,#N/A
P9_D2_TDCA_LCAG-95_BSH1208_48h.mzML,434.3265,349752,8.91,8.86,8.97,GLCA,,#N/A
P9_D3_TCDCA_LCAG-95_BSH1208_48h.mzML,434.3265,363388,8.91,8.86,8.97,GLCA,,#N/A
P9_D4_TUDCA_LCAG-95_BSH1208_48h.mzML,434.3265,384083,8.92,8.86,8.97,GLCA,,#N/A
P9_D5_TCA_LCAG-95_BSH1208_48h.mzML,434.3265,362388,8.91,8.86,8.97,GLCA,,#N/A
P9_D6_GLCA_LCAG-95_BSH1208_48h.mzML,434.3265,29322022,8.89,8.86,8.97,GLCA,,#N/A
P9_D7_GDCA_LCAG-95_BSH1208_48h.mzML,434.3265,350423,8.91,8.86,8.97,GLCA,,#N/A
P9_D8_GCDCA_LCAG-95_BSH1208_48h.mzML,434.3265,276247,8.9,8.86,8.97,GLCA,,#N/A
P9_D9_GUDCA_LCAG-95_BSH1208_48h.mzML,434.3265,468709,8.91,8.86,8.97,GLCA,,#N/A
P9_D10_GCA_LCAG-95_BSH1208_48h.mzML,434.3265,279846,8.9,8.86,8.97,GLCA,,#N/A
P9_D11_BHI_50MeOH.mzML,434.3265,179279,8.91,8.86,8.97,GLCA,,#N/A
P9_D12_BHI_50DMSO_25MeOH.mzML,434.3265,321155,8.89,8.86,8.97,GLCA,,#N/A
P9_E1_TLCA_Ep_BSH101_48h.mzML,434.3265,398726,8.9,8.86,8.97,GLCA,,#N/A
P9_E2_TDCA_Ep_BSH101_48h.mzML,434.3265,326688,8.94,8.86,8.97,GLCA,,#N/A
P9_E3_TCDCA_Ep_BSH101_48h.mzML,434.3265,369312,8.9,8.86,8.97,GLCA,,#N/A
P9_E4_TUDCA_Ep_BSH101_48h.mzML,434.3265,361601,8.91,8.86,8.97,GLCA,,#N/A
P9_E5_TCA_Ep_BSH101_48h.mzML,434.3265,354426,8.91,8.86,8.97,GLCA,,#N/A
P9_E6_GLCA_Ep_BSH101_48h.mzML,434.3265,424655616,8.9,8.86,8.97,GLCA,,#N/A
P9_E7_GDCA_Ep_BSH101_48h.mzML,434.3265,363052,8.9,8.86,8.97,GLCA,,#N/A
P9_E8_GCDCA_Ep_BSH101_48h.mzML,434.3265,639444,8.91,8.86,8.97,GLCA,,#N/A
P9_E9_GUDCA_Ep_BSH101_48h.mzML,434.3265,407131,8.9,8.86,8.97,GLCA,,#N/A
P9_E10_GCA_Ep_BSH101_48h.mzML,434.3265,337822,8.91,8.86,8.97,GLCA,,#N/A
P9_E11_BHI_50MeOH.mzML,434.3265,288210,8.91,8.86,8.97,GLCA,,#N/A
P9_E12_BHI_50DMSO_25MeOH.mzML,434.3265,313313,8.91,8.86,8.97,GLCA,,#N/A
P9_F1_TLCA_AZ-52_48h.mzML,434.3265,287042,8.89,8.86,8.97,GLCA,,#N/A
P9_F2_TDCA_AZ-52_48h.mzML,434.3265,281806,8.92,8.86,8.97,GLCA,,#N/A
P9_F3_TCDCA_AZ-52_48h.mzML,434.3265,137835,8.9,8.86,8.97,GLCA,,#N/A
P9_F4_TUDCA_AZ-52_48h.mzML,434.3265,507280,8.91,8.86,8.97,GLCA,,#N/A
P9_F5_TCA_AZ-52_48h.mzML,434.3265,327273,8.9,8.86,8.97,GLCA,,#N/A
P9_F6_GLCA_AZ-52_48h.mzML,434.3265,231916864,8.9,8.86,8.97,GLCA,,#N/A
P9_F7_GDCA_AZ-52_48h.mzML,434.3265,279636,8.89,8.86,8.97,GLCA,,#N/A
P9_F8_GCDCA_AZ-52_48h.mzML,434.3265,343921,8.89,8.86,8.97,GLCA,,#N/A
P9_F9_GUDCA_AZ-52_48h.mzML,434.3265,277389,8.91,8.86,8.97,GLCA,,#N/A
P9_F10_GCA_AZ-52_48h.mzML,434.3265,224591,8.91,8.86,8.97,GLCA,,#N/A
P9_F11_BHI_50MeOH.mzML,434.3265,297159,8.91,8.86,8.97,GLCA,,#N/A
P9_F12_BHI_50DMSO_25MeOH.mzML,434.3265,327485,8.9,8.86,8.97,GLCA,,#N/A
P9_G1_TLCA_EcAZ-1-cat_48h.mzML,434.3265,237684,8.9,8.86,8.97,GLCA,,#N/A
P9_G2_TDCA_EcAZ-1-cat_48h.mzML,434.3265,222419,8.92,8.86,8.97,GLCA,,#N/A
P9_G3_TCDCA_EcAZ-1-cat_48h.mzML,434.3265,145613,8.91,8.86,8.97,GLCA,,#N/A
P9_G4_TUDCA_EcAZ-1-cat_48h.mzML,434.3265,120300,8.91,8.86,8.97,GLCA,,#N/A
P9_G5_TCA_EcAZ-1-cat_48h.mzML,434.3265,257261,8.91,8.86,8.97,GLCA,,#N/A
P9_G6_GLCA_EcAZ-1-cat_48h.mzML,434.3265,529255936,8.89,8.86,8.97,GLCA,,#N/A
P9_G7_GDCA_EcAZ-1-cat_48h.mzML,434.3265,474870,8.9,8.86,8.97,GLCA,,#N/A
P9_G8_GCDCA_EcAZ-1-cat_48h.mzML,434.3265,879140,8.91,8.86,8.97,GLCA,,#N/A
P9_G9_GUDCA_EcAZ-1-cat_48h.mzML,434.3265,267413,8.91,8.86,8.97,GLCA,,#N/A
P9_G10_GCA_EcAZ-1-cat_48h.mzML,434.3265,209761,8.91,8.86,8.97,GLCA,,#N/A
P9_G11_BHI_50MeOH.mzML,434.3265,181377,8.92,8.86,8.97,GLCA,,#N/A
P9_G12_BHI_50DMSO_25MeOH.mzML,434.3265,281552,8.92,8.86,8.97,GLCA,,#N/A
P9_H1_TLCA_ctrl_48h.mzML,434.3265,194581,8.93,8.86,8.97,GLCA,,#N/A
P9_H2_TDCA_ctrl_48h.mzML,434.3265,206951,8.91,8.86,8.97,GLCA,,#N/A
P9_H3_TCDCA_ctrl_48h.mzML,434.3265,139771,8.9,8.86,8.97,GLCA,,#N/A
P9_H4_TUDCA_ctrl_48h.mzML,434.3265,247366,8.91,8.86,8.97,GLCA,,#N/A
P9_H5_TCA_ctrl_48h.mzML,434.3265,150265,8.9,8.86,8.97,GLCA,,#N/A
P9_H6_GLCA_ctrl_48h.mzML,434.3265,640228096,8.9,8.86,8.97,GLCA,,#N/A
P9_H7_GDCA_ctrl_48h.mzML,434.3265,422550,8.9,8.86,8.97,GLCA,,#N/A
P9_H8_GCDCA_ctrl_48h.mzML,434.3265,742628,8.9,8.86,8.97,GLCA,,#N/A
P9_H9_GUDCA_ctrl_48h.mzML,434.3265,125163,8.93,8.86,8.97,GLCA,,#N/A
P9_H10_GCA_ctrl_48h.mzML,434.3265,156145,8.91,8.86,8.97,GLCA,,#N/A
P9_H11_BHI_50MeOH.mzML,434.3265,267162,8.92,8.86,8.97,GLCA,,#N/A
P9_H12_BHI_50DMSO_25MeOH.mzML,434.3265,248820,8.86,8.86,8.97,GLCA,,#N/A
TCA_std.mzML,434.3265,0,8.86,8.86,8.97,GLCA,,#N/A
TCDCA_std.mzML,434.3265,0,8.86,8.86,8.97,GLCA,,#N/A
TDCA_std.mzML,434.3265,0,8.86,8.86,8.97,GLCA,,#N/A
TLCA_std.mzML,434.3265,0,8.86,8.86,8.97,GLCA,,#N/A
TUDCA_std.mzML,434.3265,0,8.86,8.86,8.97,GLCA,,#N/A
UDCA_aminoacids.mzML,434.3265,16408,8.86,8.86,8.97,GLCA,,#N/A
CA_aminoacids.mzML,450.3214,0,6.3,6.3,6.5,GUDCA,,#N/A
CA_DCA_LCA_aminoacids.mzML,450.3214,259599,6.3,6.3,6.5,GUDCA,,#N/A
CDCA_aminoacids.mzML,450.3214,0,6.3,6.3,6.5,GUDCA,,#N/A
DCA_aminoacids.mzML,450.3214,0,6.3,6.3,6.5,GUDCA,,#N/A
DCA_aminoacids_2.mzML,450.3214,0,6.3,6.3,6.5,GUDCA,,#N/A
GCA_std.mzML,450.3214,2771,6.38,6.3,6.5,GUDCA,,#N/A
GCDCA_std.mzML,450.3214,0,6.3,6.3,6.5,GUDCA,,#N/A
GDCA_std.mzML,450.3214,0,6.3,6.3,6.5,GUDCA,,#N/A
GLCA_std.mzML,450.3214,0,6.3,6.3,6.5,GUDCA,,#N/A
GUDCA_std.mzML,450.3214,222013,6.31,6.3,6.5,GUDCA,,#N/A
P6_A1_TLCA_Dny_BSH1_48h.mzML,450.3214,1254,6.31,6.3,6.5,GUDCA,,#N/A
P6_A2_TDCA_Dny_BSH1_48h.mzML,450.3214,0,6.3,6.3,6.5,GUDCA,,#N/A
P6_A3_TCDCA_Dny_BSH1_48h.mzML,450.3214,0,6.3,6.3,6.5,GUDCA,,#N/A
P6_A4_TUDCA_Dny_BSH1_48h.mzML,450.3214,1816765,6.44,6.3,6.5,GUDCA,,#N/A
P6_A5_TCA_Dny_BSH1_48h.mzML,450.3214,0,6.3,6.3,6.5,GUDCA,,#N/A
P6_A6_GLCA_Dny_BSH1_48h.mzML,450.3214,228947,6.47,6.3,6.5,GUDCA,,#N/A
P6_A7_GDCA_Dny_BSH1_48h.mzML,450.3214,44424,6.47,6.3,6.5,GUDCA,,#N/A
P6_A8_GCDCA_Dny_BSH1_48h.mzML,450.3214,45691,6.46,6.3,6.5,GUDCA,,#N/A
P6_A9_GUDCA_Dny_BSH1_48h.mzML,450.3214,159073616,6.46,6.3,6.5,GUDCA,,#N/A
P6_A10_GCA_Dny_BSH1_48h.mzML,450.3214,1205,6.45,6.3,6.5,GUDCA,,#N/A
P6_A11_BHI_50MeOH.mzML,450.3214,931,6.4,6.3,6.5,GUDCA,,#N/A
P6_A12_BHI_50DMSO_25MeOH.mzML,450.3214,4110,6.36,6.3,6.5,GUDCA,,#N/A
P6_B1_TLCA_Dny_BSH2_48h.mzML,450.3214,0,6.3,6.3,6.5,GUDCA,,#N/A
P6_B2_TDCA_Dny_BSH2_48h.mzML,450.3214,0,6.3,6.3,6.5,GUDCA,,#N/A
P6_B3_TCDCA_Dny_BSH2_48h.mzML,450.3214,0,6.3,6.3,6.5,GUDCA,,#N/A
P6_B4_TUDCA_Dny_BSH2_48h.mzML,450.3214,1623,6.44,6.3,6.5,GUDCA,,#N/A
P6_B5_TCA_Dny_BSH2_48h.mzML,450.3214,0,6.3,6.3,6.5,GUDCA,,#N/A
P6_B6_GLCA_Dny_BSH2_48h.mzML,450.3214,263479,6.46,6.3,6.5,GUDCA,,#N/A
P6_B7_GDCA_Dny_BSH2_48h.mzML,450.3214,86463,6.47,6.3,6.5,GUDCA,,#N/A
P6_B8_GCDCA_Dny_BSH2_48h.mzML,450.3214,96119,6.49,6.3,6.5,GUDCA,,#N/A
P6_B9_GUDCA_Dny_BSH2_48h.mzML,450.3214,929838592,6.46,6.3,6.5,GUDCA,,#N/A
P6_B10_GCA_Dny_BSH2_48h.mzML,450.3214,82931,6.42,6.3,6.5,GUDCA,,#N/A
P6_B11_BHI_50MeOH.mzML,450.3214,0,6.3,6.3,6.5,GUDCA,,#N/A
P6_B12_BHI_50DMSO_25MeOH.mzML,450.3214,0,6.3,6.3,6.5,GUDCA,,#N/A
P6_C1_TLCA_Lgasseri_BSH_48h.mzML,450.3214,0,6.3,6.3,6.5,GUDCA,,#N/A
P6_C2_TDCA_Lgasseri_BSH_48h.mzML,450.3214,0,6.3,6.3,6.5,GUDCA,,#N/A
P6_C3_TCDCA_Lgasseri_BSH_48h.mzML,450.3214,0,6.3,6.3,6.5,GUDCA,,#N/A
P6_C4_TUDCA_Lgasseri_BSH_48h.mzML,450.3214,18627,6.4,6.3,6.5,GUDCA,,#N/A
P6_C5_TCA_Lgasseri_BSH_48h.mzML,450.3214,0,6.3,6.3,6.5,GUDCA,,#N/A
P6_C6_GLCA_Lgasseri_BSH_48h.mzML,450.3214,180236,6.49,6.3,6.5,GUDCA,,#N/A
P6_C7_GDCA_Lgasseri_BSH_48h.mzML,450.3214,110653,6.42,6.3,6.5,GUDCA,,#N/A
P6_C8_GCDCA_Lgasseri_BSH_48h.mzML,450.3214,142319,6.42,6.3,6.5,GUDCA,,#N/A
P6_C9_GUDCA_Lgasseri_BSH_48h.mzML,450.3214,1236838784,6.45,6.3,6.5,GUDCA,,#N/A
P6_C10_GCA_Lgasseri_BSH_48h.mzML,450.3214,99952,6.44,6.3,6.5,GUDCA,,#N/A
P6_C11_BHI_50MeOH.mzML,450.3214,0,6.3,6.3,6.5,GUDCA,,#N/A
P6_C12_BHI_50DMSO_25MeOH.mzML,450.3214,3942,6.32,6.3,6.5,GUDCA,,#N/A
P6_D1_TLCA_LCAG-95_BSH1208_48h.mzML,450.3214,874,6.43,6.3,6.5,GUDCA,,#N/A
P6_D2_TDCA_LCAG-95_BSH1208_48h.mzML,450.3214,930,6.43,6.3,6.5,GUDCA,,#N/A
P6_D3_TCDCA_LCAG-95_BSH1208_48h.mzML,450.3214,0,6.3,6.3,6.5,GUDCA,,#N/A
P6_D4_TUDCA_LCAG-95_BSH1208_48h.mzML,450.3214,347270,6.41,6.3,6.5,GUDCA,,#N/A
P6_D5_TCA_LCAG-95_BSH1208_48h.mzML,450.3214,0,6.3,6.3,6.5,GUDCA,,#N/A
P6_D6_GLCA_LCAG-95_BSH1208_48h.mzML,450.3214,285210,6.45,6.3,6.5,GUDCA,,#N/A
P6_D7_GDCA_LCAG-95_BSH1208_48h.mzML,450.3214,0,6.3,6.3,6.5,GUDCA,,#N/A
P6_D8_GCDCA_LCAG-95_BSH1208_48h.mzML,450.3214,0,6.3,6.3,6.5,GUDCA,,#N/A
P6_D9_GUDCA_LCAG-95_BSH1208_48h.mzML,450.3214,12571578,6.42,6.3,6.5,GUDCA,,#N/A
P6_D10_GCA_LCAG-95_BSH1208_48h.mzML,450.3214,1042,6.38,6.3,6.5,GUDCA,,#N/A
P6_D11_BHI_50MeOH.mzML,450.3214,873,6.32,6.3,6.5,GUDCA,,#N/A
P6_D12_BHI_50DMSO_25MeOH.mzML,450.3214,0,6.3,6.3,6.5,GUDCA,,#N/A
P6_E1_TLCA_Ep_BSH101_48h.mzML,450.3214,0,6.3,6.3,6.5,GUDCA,,#N/A
P6_E2_TDCA_Ep_BSH101_48h.mzML,450.3214,1370,6.44,6.3,6.5,GUDCA,,#N/A
P6_E3_TCDCA_Ep_BSH101_48h.mzML,450.3214,2596,6.42,6.3,6.5,GUDCA,,#N/A
P6_E4_TUDCA_Ep_BSH101_48h.mzML,450.3214,8222,6.41,6.3,6.5,GUDCA,,#N/A
P6_E5_TCA_Ep_BSH101_48h.mzML,450.3214,0,6.3,6.3,6.5,GUDCA,,#N/A
P6_E6_GLCA_Ep_BSH101_48h.mzML,450.3214,303958,6.42,6.3,6.5,GUDCA,,#N/A
P6_E7_GDCA_Ep_BSH101_48h.mzML,450.3214,108465,6.4,6.3,6.5,GUDCA,,#N/A
P6_E8_GCDCA_Ep_BSH101_48h.mzML,450.3214,153424,6.4,6.3,6.5,GUDCA,,#N/A
P6_E9_GUDCA_Ep_BSH101_48h.mzML,450.3214,1260581248,6.42,6.3,6.5,GUDCA,,#N/A
P6_E10_GCA_Ep_BSH101_48h.mzML,450.3214,1226335,6.39,6.3,6.5,GUDCA,,#N/A
P6_E11_BHI_50MeOH.mzML,450.3214,1988,6.32,6.3,6.5,GUDCA,,#N/A
P6_E12_BHI_50DMSO_25MeOH.mzML,450.3214,5896,6.48,6.3,6.5,GUDCA,,#N/A
P6_F1_TLCA_AZ-52_48h.mzML,450.3214,477,6.4,6.3,6.5,GUDCA,,#N/A
P6_F2_TDCA_AZ-52_48h.mzML,450.3214,0,6.3,6.3,6.5,GUDCA,,#N/A
P6_F3_TCDCA_AZ-52_48h.mzML,450.3214,926,6.41,6.3,6.5,GUDCA,,#N/A
P6_F4_TUDCA_AZ-52_48h.mzML,450.3214,83052,6.41,6.3,6.5,GUDCA,,#N/A
P6_F5_TCA_AZ-52_48h.mzML,450.3214,2346,6.41,6.3,6.5,GUDCA,,#N/A
P6_F6_GLCA_AZ-52_48h.mzML,450.3214,200930,6.45,6.3,6.5,GUDCA,,#N/A
P6_F7_GDCA_AZ-52_48h.mzML,450.3214,101587,6.42,6.3,6.5,GUDCA,,#N/A
P6_F8_GCDCA_AZ-52_48h.mzML,450.3214,140040,6.42,6.3,6.5,GUDCA,,#N/A
P6_F9_GUDCA_AZ-52_48h.mzML,450.3214,785666304,6.42,6.3,6.5,GUDCA,,#N/A
P6_F10_GCA_AZ-52_48h.mzML,450.3214,272348,6.42,6.3,6.5,GUDCA,,#N/A
P6_F11_BHI_50MeOH.mzML,450.3214,3272,6.41,6.3,6.5,GUDCA,,#N/A
P6_F12_BHI_50DMSO_25MeOH.mzML,450.3214,0,6.3,6.3,6.5,GUDCA,,#N/A
P6_G1_TLCA_EcAZ-1-cat_48h.mzML,450.3214,0,6.3,6.3,6.5,GUDCA,,#N/A
P6_G2_TDCA_EcAZ-1-cat_48h.mzML,450.3214,0,6.3,6.3,6.5,GUDCA,,#N/A
P6_G3_TCDCA_EcAZ-1-cat_48h.mzML,450.3214,799,6.42,6.3,6.5,GUDCA,,#N/A
P6_G4_TUDCA_EcAZ-1-cat_48h.mzML,450.3214,3943,6.41,6.3,6.5,GUDCA,,#N/A
P6_G5_TCA_EcAZ-1-cat_48h.mzML,450.3214,1198,6.42,6.3,6.5,GUDCA,,#N/A
P6_G6_GLCA_EcAZ-1-cat_48h.mzML,450.3214,208260,6.45,6.3,6.5,GUDCA,,#N/A
P6_G7_GDCA_EcAZ-1-cat_48h.mzML,450.3214,118015,6.42,6.3,6.5,GUDCA,,#N/A
P6_G8_GCDCA_EcAZ-1-cat_48h.mzML,450.3214,191958,6.41,6.3,6.5,GUDCA,,#N/A
P6_G9_GUDCA_EcAZ-1-cat_48h.mzML,450.3214,1078928256,6.42,6.3,6.5,GUDCA,,#N/A
P6_G10_GCA_EcAZ-1-cat_48h.mzML,450.3214,86763,6.41,6.3,6.5,GUDCA,,#N/A
P6_G11_BHI_50MeOH.mzML,450.3214,682,6.32,6.3,6.5,GUDCA,,#N/A
P6_G12_BHI_50DMSO_25MeOH.mzML,450.3214,0,6.3,6.3,6.5,GUDCA,,#N/A
P6_H1_TLCA_ctrl_48h.mzML,450.3214,947,6.3,6.3,6.5,GUDCA,,#N/A
P6_H2_TDCA_ctrl_48h.mzML,450.3214,3223,6.47,6.3,6.5,GUDCA,,#N/A
P6_H3_TCDCA_ctrl_48h.mzML,450.3214,6173,6.42,6.3,6.5,GUDCA,,#N/A
P6_H4_TUDCA_ctrl_48h.mzML,450.3214,12016,6.4,6.3,6.5,GUDCA,,#N/A
P6_H5_TCA_ctrl_48h.mzML,450.3214,310,6.35,6.3,6.5,GUDCA,,#N/A
P6_H6_GLCA_ctrl_48h.mzML,450.3214,218091,6.4,6.3,6.5,GUDCA,,#N/A
P6_H7_GDCA_ctrl_48h.mzML,450.3214,70928,6.38,6.3,6.5,GUDCA,,#N/A
P6_H8_GCDCA_ctrl_48h.mzML,450.3214,95471,6.37,6.3,6.5,GUDCA,,#N/A
P6_H9_GUDCA_ctrl_48h.mzML,450.3214,543815936,6.4,6.3,6.5,GUDCA,,#N/A
P6_H10_GCA_ctrl_48h.mzML,450.3214,106961,6.36,6.3,6.5,GUDCA,,#N/A
P6_H11_BHI_50MeOH.mzML,450.3214,2602,6.42,6.3,6.5,GUDCA,,#N/A
P6_H12_BHI_50DMSO_25MeOH.mzML,450.3214,3390,6.44,6.3,6.5,GUDCA,,#N/A
P9_A1_TLCA_Dny_BSH1_48h.mzML,450.3214,7169,6.39,6.3,6.5,GUDCA,,#N/A
P9_A2_TDCA_Dny_BSH1_48h.mzML,450.3214,6609,6.49,6.3,6.5,GUDCA,,#N/A
P9_A3_TCDCA_Dny_BSH1_48h.mzML,450.3214,1993,6.47,6.3,6.5,GUDCA,,#N/A
P9_A4_TUDCA_Dny_BSH1_48h.mzML,450.3214,142246,6.3,6.3,6.5,GUDCA,,#N/A
P9_A5_TCA_Dny_BSH1_48h.mzML,450.3214,2948752,6.43,6.3,6.5,GUDCA,,#N/A
P9_A6_GLCA_Dny_BSH1_48h.mzML,450.3214,70319,6.3,6.3,6.5,GUDCA,,#N/A
P9_A7_GDCA_Dny_BSH1_48h.mzML,450.3214,8023,6.49,6.3,6.5,GUDCA,,#N/A
P9_A8_GCDCA_Dny_BSH1_48h.mzML,450.3214,6709,6.3,6.3,6.5,GUDCA,,#N/A
P9_A9_GUDCA_Dny_BSH1_48h.mzML,450.3214,48413856,6.3,6.3,6.5,GUDCA,,#N/A
P9_A10_GCA_Dny_BSH1_48h.mzML,450.3214,2628360,6.45,6.3,6.5,GUDCA,,#N/A
P9_A11_BHI_50MeOH.mzML,450.3214,6487,6.45,6.3,6.5,GUDCA,,#N/A
P9_A12_BHI_50DMSO_25MeOH.mzML,450.3214,6408,6.4,6.3,6.5,GUDCA,,#N/A
P9_B1_TLCA_Dny_BSH2_48h.mzML,450.3214,2047,6.48,6.3,6.5,GUDCA,,#N/A
P9_B2_TDCA_Dny_BSH2_48h.mzML,450.3214,4301,6.38,6.3,6.5,GUDCA,,#N/A
P9_B3_TCDCA_Dny_BSH2_48h.mzML,450.3214,5334,6.39,6.3,6.5,GUDCA,,#N/A
P9_B4_TUDCA_Dny_BSH2_48h.mzML,450.3214,994,6.34,6.3,6.5,GUDCA,,#N/A
P9_B5_TCA_Dny_BSH2_48h.mzML,450.3214,10553,6.46,6.3,6.5,GUDCA,,#N/A
P9_B6_GLCA_Dny_BSH2_48h.mzML,450.3214,40614,6.31,6.3,6.5,GUDCA,,#N/A
P9_B7_GDCA_Dny_BSH2_48h.mzML,450.3214,14073,6.3,6.3,6.5,GUDCA,,#N/A
P9_B8_GCDCA_Dny_BSH2_48h.mzML,450.3214,32605,6.3,6.3,6.5,GUDCA,,#N/A
P9_B9_GUDCA_Dny_BSH2_48h.mzML,450.3214,153395728,6.3,6.3,6.5,GUDCA,,#N/A
P9_B10_GCA_Dny_BSH2_48h.mzML,450.3214,9594,6.3,6.3,6.5,GUDCA,,#N/A
P9_B11_BHI_50MeOH.mzML,450.3214,2166,6.35,6.3,6.5,GUDCA,,#N/A
P9_B12_BHI_50DMSO_25MeOH.mzML,450.3214,0,6.3,6.3,6.5,GUDCA,,#N/A
P9_C1_TLCA_Lgasseri_BSH_48h.mzML,450.3214,5048,6.45,6.3,6.5,GUDCA,,#N/A
P9_C2_TDCA_Lgasseri_BSH_48h.mzML,450.3214,13012,6.44,6.3,6.5,GUDCA,,#N/A
P9_C3_TCDCA_Lgasseri_BSH_48h.mzML,450.3214,9461,6.37,6.3,6.5,GUDCA,,#N/A
P9_C4_TUDCA_Lgasseri_BSH_48h.mzML,450.3214,21056,6.3,6.3,6.5,GUDCA,,#N/A
P9_C5_TCA_Lgasseri_BSH_48h.mzML,450.3214,5812526,6.44,6.3,6.5,GUDCA,,#N/A
P9_C6_GLCA_Lgasseri_BSH_48h.mzML,450.3214,42673,6.31,6.3,6.5,GUDCA,,#N/A
P9_C7_GDCA_Lgasseri_BSH_48h.mzML,450.3214,35279,6.3,6.3,6.5,GUDCA,,#N/A
P9_C8_GCDCA_Lgasseri_BSH_48h.mzML,450.3214,61989,6.31,6.3,6.5,GUDCA,,#N/A
P9_C9_GUDCA_Lgasseri_BSH_48h.mzML,450.3214,275347456,6.3,6.3,6.5,GUDCA,,#N/A
P9_C10_GCA_Lgasseri_BSH_48h.mzML,450.3214,195254,6.45,6.3,6.5,GUDCA,,#N/A
P9_C11_BHI_50MeOH.mzML,450.3214,3977,6.48,6.3,6.5,GUDCA,,#N/A
P9_C12_BHI_50DMSO_25MeOH.mzML,450.3214,6437,6.45,6.3,6.5,GUDCA,,#N/A
P9_D1_TLCA_LCAG-95_BSH1208_48h.mzML,450.3214,6123,6.44,6.3,6.5,GUDCA,,#N/A
P9_D2_TDCA_LCAG-95_BSH1208_48h.mzML,450.3214,10994,6.39,6.3,6.5,GUDCA,,#N/A
P9_D3_TCDCA_LCAG-95_BSH1208_48h.mzML,450.3214,4155,6.44,6.3,6.5,GUDCA,,#N/A
P9_D4_TUDCA_LCAG-95_BSH1208_48h.mzML,450.3214,215938,6.31,6.3,6.5,GUDCA,,#N/A
P9_D5_TCA_LCAG-95_BSH1208_48h.mzML,450.3214,2094419,6.47,6.3,6.5,GUDCA,,#N/A
P9_D6_GLCA_LCAG-95_BSH1208_48h.mzML,450.3214,125373,6.34,6.3,6.5,GUDCA,,#N/A
P9_D7_GDCA_LCAG-95_BSH1208_48h.mzML,450.3214,6004,6.45,6.3,6.5,GUDCA,,#N/A
P9_D8_GCDCA_LCAG-95_BSH1208_48h.mzML,450.3214,1976,6.45,6.3,6.5,GUDCA,,#N/A
P9_D9_GUDCA_LCAG-95_BSH1208_48h.mzML,450.3214,3103016,6.32,6.3,6.5,GUDCA,,#N/A
P9_D10_GCA_LCAG-95_BSH1208_48h.mzML,450.3214,1509549,6.48,6.3,6.5,GUDCA,,#N/A
P9_D11_BHI_50MeOH.mzML,450.3214,14258,6.43,6.3,6.5,GUDCA,,#N/A
P9_D12_BHI_50DMSO_25MeOH.mzML,450.3214,5087,6.45,6.3,6.5,GUDCA,,#N/A
P9_E1_TLCA_Ep_BSH101_48h.mzML,450.3214,6385,6.46,6.3,6.5,GUDCA,,#N/A
P9_E2_TDCA_Ep_BSH101_48h.mzML,450.3214,3756,6.45,6.3,6.5,GUDCA,,#N/A
P9_E3_TCDCA_Ep_BSH101_48h.mzML,450.3214,372,6.48,6.3,6.5,GUDCA,,#N/A
P9_E4_TUDCA_Ep_BSH101_48h.mzML,450.3214,4712,6.49,6.3,6.5,GUDCA,,#N/A
P9_E5_TCA_Ep_BSH101_48h.mzML,450.3214,24556,6.46,6.3,6.5,GUDCA,,#N/A
P9_E6_GLCA_Ep_BSH101_48h.mzML,450.3214,197711,6.37,6.3,6.5,GUDCA,,#N/A
P9_E7_GDCA_Ep_BSH101_48h.mzML,450.3214,63334,6.36,6.3,6.5,GUDCA,,#N/A
P9_E8_GCDCA_Ep_BSH101_48h.mzML,450.3214,66349,6.33,6.3,6.5,GUDCA,,#N/A
P9_E9_GUDCA_Ep_BSH101_48h.mzML,450.3214,756540800,6.32,6.3,6.5,GUDCA,,#N/A
P9_E10_GCA_Ep_BSH101_48h.mzML,450.3214,43349,6.33,6.3,6.5,GUDCA,,#N/A
P9_E11_BHI_50MeOH.mzML,450.3214,3977,6.36,6.3,6.5,GUDCA,,#N/A
P9_E12_BHI_50DMSO_25MeOH.mzML,450.3214,4720,6.44,6.3,6.5,GUDCA,,#N/A
P9_F1_TLCA_AZ-52_48h.mzML,450.3214,0,6.3,6.3,6.5,GUDCA,,#N/A
P9_F2_TDCA_AZ-52_48h.mzML,450.3214,358,6.3,6.3,6.5,GUDCA,,#N/A
P9_F3_TCDCA_AZ-52_48h.mzML,450.3214,0,6.3,6.3,6.5,GUDCA,,#N/A
P9_F4_TUDCA_AZ-52_48h.mzML,450.3214,46365,6.32,6.3,6.5,GUDCA,,#N/A
P9_F5_TCA_AZ-52_48h.mzML,450.3214,1083679,6.49,6.3,6.5,GUDCA,,#N/A
P9_F6_GLCA_AZ-52_48h.mzML,450.3214,200658,6.37,6.3,6.5,GUDCA,,#N/A
P9_F7_GDCA_AZ-52_48h.mzML,450.3214,49421,6.35,6.3,6.5,GUDCA,,#N/A
P9_F8_GCDCA_AZ-52_48h.mzML,450.3214,92102,6.37,6.3,6.5,GUDCA,,#N/A
P9_F9_GUDCA_AZ-52_48h.mzML,450.3214,666123712,6.35,6.3,6.5,GUDCA,,#N/A
P9_F10_GCA_AZ-52_48h.mzML,450.3214,32116,6.37,6.3,6.5,GUDCA,,#N/A
P9_F11_BHI_50MeOH.mzML,450.3214,0,6.3,6.3,6.5,GUDCA,,#N/A
P9_F12_BHI_50DMSO_25MeOH.mzML,450.3214,0,6.3,6.3,6.5,GUDCA,,#N/A
P9_G1_TLCA_EcAZ-1-cat_48h.mzML,450.3214,0,6.3,6.3,6.5,GUDCA,,#N/A
P9_G2_TDCA_EcAZ-1-cat_48h.mzML,450.3214,0,6.3,6.3,6.5,GUDCA,,#N/A
P9_G3_TCDCA_EcAZ-1-cat_48h.mzML,450.3214,665,6.49,6.3,6.5,GUDCA,,#N/A
P9_G4_TUDCA_EcAZ-1-cat_48h.mzML,450.3214,1321,6.36,6.3,6.5,GUDCA,,#N/A
P9_G5_TCA_EcAZ-1-cat_48h.mzML,450.3214,3913,6.48,6.3,6.5,GUDCA,,#N/A
P9_G6_GLCA_EcAZ-1-cat_48h.mzML,450.3214,281408,6.38,6.3,6.5,GUDCA,,#N/A
P9_G7_GDCA_EcAZ-1-cat_48h.mzML,450.3214,81190,6.37,6.3,6.5,GUDCA,,#N/A
P9_G8_GCDCA_EcAZ-1-cat_48h.mzML,450.3214,111074,6.36,6.3,6.5,GUDCA,,#N/A
P9_G9_GUDCA_EcAZ-1-cat_48h.mzML,450.3214,1106572032,6.38,6.3,6.5,GUDCA,,#N/A
P9_G10_GCA_EcAZ-1-cat_48h.mzML,450.3214,67187,6.34,6.3,6.5,GUDCA,,#N/A
P9_G11_BHI_50MeOH.mzML,450.3214,1096,6.49,6.3,6.5,GUDCA,,#N/A
P9_G12_BHI_50DMSO_25MeOH.mzML,450.3214,0,6.3,6.3,6.5,GUDCA,,#N/A
P9_H1_TLCA_ctrl_48h.mzML,450.3214,714,6.32,6.3,6.5,GUDCA,,#N/A
P9_H2_TDCA_ctrl_48h.mzML,450.3214,0,6.3,6.3,6.5,GUDCA,,#N/A
P9_H3_TCDCA_ctrl_48h.mzML,450.3214,0,6.3,6.3,6.5,GUDCA,,#N/A
P9_H4_TUDCA_ctrl_48h.mzML,450.3214,0,6.3,6.3,6.5,GUDCA,,#N/A
P9_H5_TCA_ctrl_48h.mzML,450.3214,445,6.3,6.3,6.5,GUDCA,,#N/A
P9_H6_GLCA_ctrl_48h.mzML,450.3214,276554,6.38,6.3,6.5,GUDCA,,#N/A
P9_H7_GDCA_ctrl_48h.mzML,450.3214,46326,6.37,6.3,6.5,GUDCA,,#N/A
P9_H8_GCDCA_ctrl_48h.mzML,450.3214,110417,6.36,6.3,6.5,GUDCA,,#N/A
P9_H9_GUDCA_ctrl_48h.mzML,450.3214,1013983488,6.37,6.3,6.5,GUDCA,,#N/A
P9_H10_GCA_ctrl_48h.mzML,450.3214,30745,6.35,6.3,6.5,GUDCA,,#N/A
P9_H11_BHI_50MeOH.mzML,450.3214,0,6.3,6.3,6.5,GUDCA,,#N/A
P9_H12_BHI_50DMSO_25MeOH.mzML,450.3214,0,6.3,6.3,6.5,GUDCA,,#N/A
TCA_std.mzML,450.3214,0,6.3,6.3,6.5,GUDCA,,#N/A
TCDCA_std.mzML,450.3214,0,6.3,6.3,6.5,GUDCA,,#N/A
TDCA_std.mzML,450.3214,0,6.3,6.3,6.5,GUDCA,,#N/A
TLCA_std.mzML,450.3214,0,6.3,6.3,6.5,GUDCA,,#N/A
TUDCA_std.mzML,450.3214,0,6.3,6.3,6.5,GUDCA,,#N/A
UDCA_aminoacids.mzML,450.3214,526,6.33,6.3,6.5,GUDCA,,#N/A
CA_aminoacids.mzML,516.299,0,4.95,4.95,5.15,TCAA,,#N/A
CA_DCA_LCA_aminoacids.mzML,516.299,0,4.95,4.95,5.15,TCAA,,#N/A
CDCA_aminoacids.mzML,516.299,0,4.95,4.95,5.15,TCAA,,#N/A
DCA_aminoacids.mzML,516.299,0,4.95,4.95,5.15,TCAA,,#N/A
DCA_aminoacids_2.mzML,516.299,692,4.96,4.95,5.15,TCAA,,#N/A
GCA_std.mzML,516.299,0,4.95,4.95,5.15,TCAA,,#N/A
GCDCA_std.mzML,516.299,0,4.95,4.95,5.15,TCAA,,#N/A
GDCA_std.mzML,516.299,0,4.95,4.95,5.15,TCAA,,#N/A
GLCA_std.mzML,516.299,0,4.95,4.95,5.15,TCAA,,#N/A
GUDCA_std.mzML,516.299,0,4.95,4.95,5.15,TCAA,,#N/A
P6_A1_TLCA_Dny_BSH1_48h.mzML,516.299,0,4.95,4.95,5.15,TCAA,,#N/A
P6_A2_TDCA_Dny_BSH1_48h.mzML,516.299,0,4.95,4.95,5.15,TCAA,,#N/A
P6_A3_TCDCA_Dny_BSH1_48h.mzML,516.299,0,4.95,4.95,5.15,TCAA,,#N/A
P6_A4_TUDCA_Dny_BSH1_48h.mzML,516.299,0,4.95,4.95,5.15,TCAA,,#N/A
P6_A5_TCA_Dny_BSH1_48h.mzML,516.299,0,4.95,4.95,5.15,TCAA,,#N/A
P6_A6_GLCA_Dny_BSH1_48h.mzML,516.299,0,4.95,4.95,5.15,TCAA,,#N/A
P6_A7_GDCA_Dny_BSH1_48h.mzML,516.299,0,4.95,4.95,5.15,TCAA,,#N/A
P6_A8_GCDCA_Dny_BSH1_48h.mzML,516.299,0,4.95,4.95,5.15,TCAA,,#N/A
P6_A9_GUDCA_Dny_BSH1_48h.mzML,516.299,0,4.95,4.95,5.15,TCAA,,#N/A
P6_A10_GCA_Dny_BSH1_48h.mzML,516.299,0,4.95,4.95,5.15,TCAA,,#N/A
P6_A11_BHI_50MeOH.mzML,516.299,0,4.95,4.95,5.15,TCAA,,#N/A
P6_A12_BHI_50DMSO_25MeOH.mzML,516.299,0,4.95,4.95,5.15,TCAA,,#N/A
P6_B1_TLCA_Dny_BSH2_48h.mzML,516.299,0,4.95,4.95,5.15,TCAA,,#N/A
P6_B2_TDCA_Dny_BSH2_48h.mzML,516.299,82892,5.04,4.95,5.15,TCAA,,#N/A
P6_B3_TCDCA_Dny_BSH2_48h.mzML,516.299,0,4.95,4.95,5.15,TCAA,,#N/A
P6_B4_TUDCA_Dny_BSH2_48h.mzML,516.299,0,4.95,4.95,5.15,TCAA,,#N/A
P6_B5_TCA_Dny_BSH2_48h.mzML,516.299,84855160,5.04,4.95,5.15,TCAA,,#N/A
P6_B6_GLCA_Dny_BSH2_48h.mzML,516.299,0,4.95,4.95,5.15,TCAA,,#N/A
P6_B7_GDCA_Dny_BSH2_48h.mzML,516.299,0,4.95,4.95,5.15,TCAA,,#N/A
P6_B8_GCDCA_Dny_BSH2_48h.mzML,516.299,0,4.95,4.95,5.15,TCAA,,#N/A
P6_B9_GUDCA_Dny_BSH2_48h.mzML,516.299,0,4.95,4.95,5.15,TCAA,,#N/A
P6_B10_GCA_Dny_BSH2_48h.mzML,516.299,0,4.95,4.95,5.15,TCAA,,#N/A
P6_B11_BHI_50MeOH.mzML,516.299,0,4.95,4.95,5.15,TCAA,,#N/A
P6_B12_BHI_50DMSO_25MeOH.mzML,516.299,0,4.95,4.95,5.15,TCAA,,#N/A
P6_C1_TLCA_Lgasseri_BSH_48h.mzML,516.299,0,4.95,4.95,5.15,TCAA,,#N/A
P6_C2_TDCA_Lgasseri_BSH_48h.mzML,516.299,0,4.95,4.95,5.15,TCAA,,#N/A
P6_C3_TCDCA_Lgasseri_BSH_48h.mzML,516.299,0,4.95,4.95,5.15,TCAA,,#N/A
P6_C4_TUDCA_Lgasseri_BSH_48h.mzML,516.299,0,4.95,4.95,5.15,TCAA,,#N/A
P6_C5_TCA_Lgasseri_BSH_48h.mzML,516.299,0,4.95,4.95,5.15,TCAA,,#N/A
P6_C6_GLCA_Lgasseri_BSH_48h.mzML,516.299,0,4.95,4.95,5.15,TCAA,,#N/A
P6_C7_GDCA_Lgasseri_BSH_48h.mzML,516.299,0,4.95,4.95,5.15,TCAA,,#N/A
P6_C8_GCDCA_Lgasseri_BSH_48h.mzML,516.299,0,4.95,4.95,5.15,TCAA,,#N/A
P6_C9_GUDCA_Lgasseri_BSH_48h.mzML,516.299,0,4.95,4.95,5.15,TCAA,,#N/A
P6_C10_GCA_Lgasseri_BSH_48h.mzML,516.299,0,4.95,4.95,5.15,TCAA,,#N/A
P6_C11_BHI_50MeOH.mzML,516.299,0,4.95,4.95,5.15,TCAA,,#N/A
P6_C12_BHI_50DMSO_25MeOH.mzML,516.299,0,4.95,4.95,5.15,TCAA,,#N/A
P6_D1_TLCA_LCAG-95_BSH1208_48h.mzML,516.299,0,4.95,4.95,5.15,TCAA,,#N/A
P6_D2_TDCA_LCAG-95_BSH1208_48h.mzML,516.299,0,4.95,4.95,5.15,TCAA,,#N/A
P6_D3_TCDCA_LCAG-95_BSH1208_48h.mzML,516.299,0,4.95,4.95,5.15,TCAA,,#N/A
P6_D4_TUDCA_LCAG-95_BSH1208_48h.mzML,516.299,0,4.95,4.95,5.15,TCAA,,#N/A
P6_D5_TCA_LCAG-95_BSH1208_48h.mzML,516.299,22143222,5.05,4.95,5.15,TCAA,,#N/A
P6_D6_GLCA_LCAG-95_BSH1208_48h.mzML,516.299,43777,5.06,4.95,5.15,TCAA,,#N/A
P6_D7_GDCA_LCAG-95_BSH1208_48h.mzML,516.299,0,4.95,4.95,5.15,TCAA,,#N/A
P6_D8_GCDCA_LCAG-95_BSH1208_48h.mzML,516.299,0,4.95,4.95,5.15,TCAA,,#N/A
P6_D9_GUDCA_LCAG-95_BSH1208_48h.mzML,516.299,0,4.95,4.95,5.15,TCAA,,#N/A
P6_D10_GCA_LCAG-95_BSH1208_48h.mzML,516.299,0,4.95,4.95,5.15,TCAA,,#N/A
P6_D11_BHI_50MeOH.mzML,516.299,0,4.95,4.95,5.15,TCAA,,#N/A
P6_D12_BHI_50DMSO_25MeOH.mzML,516.299,0,4.95,4.95,5.15,TCAA,,#N/A
P6_E1_TLCA_Ep_BSH101_48h.mzML,516.299,0,4.95,4.95,5.15,TCAA,,#N/A
P6_E2_TDCA_Ep_BSH101_48h.mzML,516.299,0,4.95,4.95,5.15,TCAA,,#N/A
P6_E3_TCDCA_Ep_BSH101_48h.mzML,516.299,0,4.95,4.95,5.15,TCAA,,#N/A
P6_E4_TUDCA_Ep_BSH101_48h.mzML,516.299,0,4.95,4.95,5.15,TCAA,,#N/A
P6_E5_TCA_Ep_BSH101_48h.mzML,516.299,93813048,5.05,4.95,5.15,TCAA,,#N/A
P6_E6_GLCA_Ep_BSH101_48h.mzML,516.299,0,4.95,4.95,5.15,TCAA,,#N/A
P6_E7_GDCA_Ep_BSH101_48h.mzML,516.299,0,4.95,4.95,5.15,TCAA,,#N/A
P6_E8_GCDCA_Ep_BSH101_48h.mzML,516.299,0,4.95,4.95,5.15,TCAA,,#N/A
P6_E9_GUDCA_Ep_BSH101_48h.mzML,516.299,0,4.95,4.95,5.15,TCAA,,#N/A
P6_E10_GCA_Ep_BSH101_48h.mzML,516.299,0,4.95,4.95,5.15,TCAA,,#N/A
P6_E11_BHI_50MeOH.mzML,516.299,0,4.95,4.95,5.15,TCAA,,#N/A
P6_E12_BHI_50DMSO_25MeOH.mzML,516.299,0,4.95,4.95,5.15,TCAA,,#N/A
P6_F1_TLCA_AZ-52_48h.mzML,516.299,0,4.95,4.95,5.15,TCAA,,#N/A
P6_F2_TDCA_AZ-52_48h.mzML,516.299,0,4.95,4.95,5.15,TCAA,,#N/A
P6_F3_TCDCA_AZ-52_48h.mzML,516.299,0,4.95,4.95,5.15,TCAA,,#N/A
P6_F4_TUDCA_AZ-52_48h.mzML,516.299,0,4.95,4.95,5.15,TCAA,,#N/A
P6_F5_TCA_AZ-52_48h.mzML,516.299,2738,5.02,4.95,5.15,TCAA,,#N/A
P6_F6_GLCA_AZ-52_48h.mzML,516.299,1403,4.97,4.95,5.15,TCAA,,#N/A
P6_F7_GDCA_AZ-52_48h.mzML,516.299,0,4.95,4.95,5.15,TCAA,,#N/A
P6_F8_GCDCA_AZ-52_48h.mzML,516.299,0,4.95,4.95,5.15,TCAA,,#N/A
P6_F9_GUDCA_AZ-52_48h.mzML,516.299,0,4.95,4.95,5.15,TCAA,,#N/A
P6_F10_GCA_AZ-52_48h.mzML,516.299,0,4.95,4.95,5.15,TCAA,,#N/A
P6_F11_BHI_50MeOH.mzML,516.299,0,4.95,4.95,5.15,TCAA,,#N/A
P6_F12_BHI_50DMSO_25MeOH.mzML,516.299,0,4.95,4.95,5.15,TCAA,,#N/A
P6_G1_TLCA_EcAZ-1-cat_48h.mzML,516.299,0,4.95,4.95,5.15,TCAA,,#N/A
P6_G2_TDCA_EcAZ-1-cat_48h.mzML,516.299,11844,5.1,4.95,5.15,TCAA,,#N/A
P6_G3_TCDCA_EcAZ-1-cat_48h.mzML,516.299,0,4.95,4.95,5.15,TCAA,,#N/A
P6_G4_TUDCA_EcAZ-1-cat_48h.mzML,516.299,0,4.95,4.95,5.15,TCAA,,#N/A
P6_G5_TCA_EcAZ-1-cat_48h.mzML,516.299,95238040,5.01,4.95,5.15,TCAA,,#N/A
P6_G6_GLCA_EcAZ-1-cat_48h.mzML,516.299,0,4.95,4.95,5.15,TCAA,,#N/A
P6_G7_GDCA_EcAZ-1-cat_48h.mzML,516.299,0,4.95,4.95,5.15,TCAA,,#N/A
P6_G8_GCDCA_EcAZ-1-cat_48h.mzML,516.299,0,4.95,4.95,5.15,TCAA,,#N/A
P6_G9_GUDCA_EcAZ-1-cat_48h.mzML,516.299,0,4.95,4.95,5.15,TCAA,,#N/A
P6_G10_GCA_EcAZ-1-cat_48h.mzML,516.299,428872,5.07,4.95,5.15,TCAA,,#N/A
P6_G11_BHI_50MeOH.mzML,516.299,0,4.95,4.95,5.15,TCAA,,#N/A
P6_G12_BHI_50DMSO_25MeOH.mzML,516.299,0,4.95,4.95,5.15,TCAA,,#N/A
P6_H1_TLCA_ctrl_48h.mzML,516.299,0,4.95,4.95,5.15,TCAA,,#N/A
P6_H2_TDCA_ctrl_48h.mzML,516.299,35092,5.14,4.95,5.15,TCAA,,#N/A
P6_H3_TCDCA_ctrl_48h.mzML,516.299,0,4.95,4.95,5.15,TCAA,,#N/A
P6_H4_TUDCA_ctrl_48h.mzML,516.299,0,4.95,4.95,5.15,TCAA,,#N/A
P6_H5_TCA_ctrl_48h.mzML,516.299,81054752,5.03,4.95,5.15,TCAA,,#N/A
P6_H6_GLCA_ctrl_48h.mzML,516.299,0,4.95,4.95,5.15,TCAA,,#N/A
P6_H7_GDCA_ctrl_48h.mzML,516.299,1760,4.95,4.95,5.15,TCAA,,#N/A
P6_H8_GCDCA_ctrl_48h.mzML,516.299,18667,5.02,4.95,5.15,TCAA,,#N/A
P6_H9_GUDCA_ctrl_48h.mzML,516.299,0,4.95,4.95,5.15,TCAA,,#N/A
P6_H10_GCA_ctrl_48h.mzML,516.299,0,4.95,4.95,5.15,TCAA,,#N/A
P6_H11_BHI_50MeOH.mzML,516.299,0,4.95,4.95,5.15,TCAA,,#N/A
P6_H12_BHI_50DMSO_25MeOH.mzML,516.299,0,4.95,4.95,5.15,TCAA,,#N/A
P9_A1_TLCA_Dny_BSH1_48h.mzML,516.299,0,4.95,4.95,5.15,TCAA,,#N/A
P9_A2_TDCA_Dny_BSH1_48h.mzML,516.299,0,4.95,4.95,5.15,TCAA,,#N/A
P9_A3_TCDCA_Dny_BSH1_48h.mzML,516.299,0,4.95,4.95,5.15,TCAA,,#N/A
P9_A4_TUDCA_Dny_BSH1_48h.mzML,516.299,0,4.95,4.95,5.15,TCAA,,#N/A
P9_A5_TCA_Dny_BSH1_48h.mzML,516.299,55154,4.96,4.95,5.15,TCAA,,#N/A
P9_A6_GLCA_Dny_BSH1_48h.mzML,516.299,0,4.95,4.95,5.15,TCAA,,#N/A
P9_A7_GDCA_Dny_BSH1_48h.mzML,516.299,0,4.95,4.95,5.15,TCAA,,#N/A
P9_A8_GCDCA_Dny_BSH1_48h.mzML,516.299,0,4.95,4.95,5.15,TCAA,,#N/A
P9_A9_GUDCA_Dny_BSH1_48h.mzML,516.299,0,4.95,4.95,5.15,TCAA,,#N/A
P9_A10_GCA_Dny_BSH1_48h.mzML,516.299,8079,4.98,4.95,5.15,TCAA,,#N/A
P9_A11_BHI_50MeOH.mzML,516.299,0,4.95,4.95,5.15,TCAA,,#N/A
P9_A12_BHI_50DMSO_25MeOH.mzML,516.299,0,4.95,4.95,5.15,TCAA,,#N/A
P9_B1_TLCA_Dny_BSH2_48h.mzML,516.299,0,4.95,4.95,5.15,TCAA,,#N/A
P9_B2_TDCA_Dny_BSH2_48h.mzML,516.299,13130,4.97,4.95,5.15,TCAA,,#N/A
P9_B3_TCDCA_Dny_BSH2_48h.mzML,516.299,0,4.95,4.95,5.15,TCAA,,#N/A
P9_B4_TUDCA_Dny_BSH2_48h.mzML,516.299,0,4.95,4.95,5.15,TCAA,,#N/A
P9_B5_TCA_Dny_BSH2_48h.mzML,516.299,36155516,4.96,4.95,5.15,TCAA,,#N/A
P9_B6_GLCA_Dny_BSH2_48h.mzML,516.299,0,4.95,4.95,5.15,TCAA,,#N/A
P9_B7_GDCA_Dny_BSH2_48h.mzML,516.299,2089,4.96,4.95,5.15,TCAA,,#N/A
P9_B8_GCDCA_Dny_BSH2_48h.mzML,516.299,0,4.95,4.95,5.15,TCAA,,#N/A
P9_B9_GUDCA_Dny_BSH2_48h.mzML,516.299,0,4.95,4.95,5.15,TCAA,,#N/A
P9_B10_GCA_Dny_BSH2_48h.mzML,516.299,0,4.95,4.95,5.15,TCAA,,#N/A
P9_B11_BHI_50MeOH.mzML,516.299,0,4.95,4.95,5.15,TCAA,,#N/A
P9_B12_BHI_50DMSO_25MeOH.mzML,516.299,0,4.95,4.95,5.15,TCAA,,#N/A
P9_C1_TLCA_Lgasseri_BSH_48h.mzML,516.299,0,4.95,4.95,5.15,TCAA,,#N/A
P9_C2_TDCA_Lgasseri_BSH_48h.mzML,516.299,0,4.95,4.95,5.15,TCAA,,#N/A
P9_C3_TCDCA_Lgasseri_BSH_48h.mzML,516.299,4876,5.04,4.95,5.15,TCAA,,#N/A
P9_C4_TUDCA_Lgasseri_BSH_48h.mzML,516.299,0,4.95,4.95,5.15,TCAA,,#N/A
P9_C5_TCA_Lgasseri_BSH_48h.mzML,516.299,0,4.95,4.95,5.15,TCAA,,#N/A
P9_C6_GLCA_Lgasseri_BSH_48h.mzML,516.299,0,4.95,4.95,5.15,TCAA,,#N/A
P9_C7_GDCA_Lgasseri_BSH_48h.mzML,516.299,0,4.95,4.95,5.15,TCAA,,#N/A
P9_C8_GCDCA_Lgasseri_BSH_48h.mzML,516.299,0,4.95,4.95,5.15,TCAA,,#N/A
P9_C9_GUDCA_Lgasseri_BSH_48h.mzML,516.299,0,4.95,4.95,5.15,TCAA,,#N/A
P9_C10_GCA_Lgasseri_BSH_48h.mzML,516.299,0,4.95,4.95,5.15,TCAA,,#N/A
P9_C11_BHI_50MeOH.mzML,516.299,0,4.95,4.95,5.15,TCAA,,#N/A
P9_C12_BHI_50DMSO_25MeOH.mzML,516.299,0,4.95,4.95,5.15,TCAA,,#N/A
P9_D1_TLCA_LCAG-95_BSH1208_48h.mzML,516.299,15070,4.97,4.95,5.15,TCAA,,#N/A
P9_D2_TDCA_LCAG-95_BSH1208_48h.mzML,516.299,6348,4.95,4.95,5.15,TCAA,,#N/A
P9_D3_TCDCA_LCAG-95_BSH1208_48h.mzML,516.299,0,4.95,4.95,5.15,TCAA,,#N/A
P9_D4_TUDCA_LCAG-95_BSH1208_48h.mzML,516.299,0,4.95,4.95,5.15,TCAA,,#N/A
P9_D5_TCA_LCAG-95_BSH1208_48h.mzML,516.299,17176242,4.98,4.95,5.15,TCAA,,#N/A
P9_D6_GLCA_LCAG-95_BSH1208_48h.mzML,516.299,3996,5.01,4.95,5.15,TCAA,,#N/A
P9_D7_GDCA_LCAG-95_BSH1208_48h.mzML,516.299,0,4.95,4.95,5.15,TCAA,,#N/A
P9_D8_GCDCA_LCAG-95_BSH1208_48h.mzML,516.299,0,4.95,4.95,5.15,TCAA,,#N/A
P9_D9_GUDCA_LCAG-95_BSH1208_48h.mzML,516.299,0,4.95,4.95,5.15,TCAA,,#N/A
P9_D10_GCA_LCAG-95_BSH1208_48h.mzML,516.299,0,4.95,4.95,5.15,TCAA,,#N/A
P9_D11_BHI_50MeOH.mzML,516.299,0,4.95,4.95,5.15,TCAA,,#N/A
P9_D12_BHI_50DMSO_25MeOH.mzML,516.299,0,4.95,4.95,5.15,TCAA,,#N/A
P9_E1_TLCA_Ep_BSH101_48h.mzML,516.299,0,4.95,4.95,5.15,TCAA,,#N/A
P9_E2_TDCA_Ep_BSH101_48h.mzML,516.299,46110,5.03,4.95,5.15,TCAA,,#N/A
P9_E3_TCDCA_Ep_BSH101_48h.mzML,516.299,0,4.95,4.95,5.15,TCAA,,#N/A
P9_E4_TUDCA_Ep_BSH101_48h.mzML,516.299,0,4.95,4.95,5.15,TCAA,,#N/A
P9_E5_TCA_Ep_BSH101_48h.mzML,516.299,52539336,4.98,4.95,5.15,TCAA,,#N/A
P9_E6_GLCA_Ep_BSH101_48h.mzML,516.299,0,4.95,4.95,5.15,TCAA,,#N/A
P9_E7_GDCA_Ep_BSH101_48h.mzML,516.299,0,4.95,4.95,5.15,TCAA,,#N/A
P9_E8_GCDCA_Ep_BSH101_48h.mzML,516.299,0,4.95,4.95,5.15,TCAA,,#N/A
P9_E9_GUDCA_Ep_BSH101_48h.mzML,516.299,0,4.95,4.95,5.15,TCAA,,#N/A
P9_E10_GCA_Ep_BSH101_48h.mzML,516.299,0,4.95,4.95,5.15,TCAA,,#N/A
P9_E11_BHI_50MeOH.mzML,516.299,0,4.95,4.95,5.15,TCAA,,#N/A
P9_E12_BHI_50DMSO_25MeOH.mzML,516.299,0,4.95,4.95,5.15,TCAA,,#N/A
P9_F1_TLCA_AZ-52_48h.mzML,516.299,32518,5.07,4.95,5.15,TCAA,,#N/A
P9_F2_TDCA_AZ-52_48h.mzML,516.299,0,4.95,4.95,5.15,TCAA,,#N/A
P9_F3_TCDCA_AZ-52_48h.mzML,516.299,0,4.95,4.95,5.15,TCAA,,#N/A
P9_F4_TUDCA_AZ-52_48h.mzML,516.299,0,4.95,4.95,5.15,TCAA,,#N/A
P9_F5_TCA_AZ-52_48h.mzML,516.299,568868,5.03,4.95,5.15,TCAA,,#N/A
P9_F6_GLCA_AZ-52_48h.mzML,516.299,0,4.95,4.95,5.15,TCAA,,#N/A
P9_F7_GDCA_AZ-52_48h.mzML,516.299,0,4.95,4.95,5.15,TCAA,,#N/A
P9_F8_GCDCA_AZ-52_48h.mzML,516.299,0,4.95,4.95,5.15,TCAA,,#N/A
P9_F9_GUDCA_AZ-52_48h.mzML,516.299,0,4.95,4.95,5.15,TCAA,,#N/A
P9_F10_GCA_AZ-52_48h.mzML,516.299,0,4.95,4.95,5.15,TCAA,,#N/A
P9_F11_BHI_50MeOH.mzML,516.299,0,4.95,4.95,5.15,TCAA,,#N/A
P9_F12_BHI_50DMSO_25MeOH.mzML,516.299,0,4.95,4.95,5.15,TCAA,,#N/A
P9_G1_TLCA_EcAZ-1-cat_48h.mzML,516.299,0,4.95,4.95,5.15,TCAA,,#N/A
P9_G2_TDCA_EcAZ-1-cat_48h.mzML,516.299,0,4.95,4.95,5.15,TCAA,,#N/A
P9_G3_TCDCA_EcAZ-1-cat_48h.mzML,516.299,0,4.95,4.95,5.15,TCAA,,#N/A
P9_G4_TUDCA_EcAZ-1-cat_48h.mzML,516.299,780095,5.07,4.95,5.15,TCAA,,#N/A
P9_G5_TCA_EcAZ-1-cat_48h.mzML,516.299,67789232,5.04,4.95,5.15,TCAA,,#N/A
P9_G6_GLCA_EcAZ-1-cat_48h.mzML,516.299,0,4.95,4.95,5.15,TCAA,,#N/A
P9_G7_GDCA_EcAZ-1-cat_48h.mzML,516.299,2987,5.01,4.95,5.15,TCAA,,#N/A
P9_G8_GCDCA_EcAZ-1-cat_48h.mzML,516.299,0,4.95,4.95,5.15,TCAA,,#N/A
P9_G9_GUDCA_EcAZ-1-cat_48h.mzML,516.299,0,4.95,4.95,5.15,TCAA,,#N/A
P9_G10_GCA_EcAZ-1-cat_48h.mzML,516.299,0,4.95,4.95,5.15,TCAA,,#N/A
P9_G11_BHI_50MeOH.mzML,516.299,0,4.95,4.95,5.15,TCAA,,#N/A
P9_G12_BHI_50DMSO_25MeOH.mzML,516.299,0,4.95,4.95,5.15,TCAA,,#N/A
P9_H1_TLCA_ctrl_48h.mzML,516.299,0,4.95,4.95,5.15,TCAA,,#N/A
P9_H2_TDCA_ctrl_48h.mzML,516.299,19667,5.06,4.95,5.15,TCAA,,#N/A
P9_H3_TCDCA_ctrl_48h.mzML,516.299,0,4.95,4.95,5.15,TCAA,,#N/A
P9_H4_TUDCA_ctrl_48h.mzML,516.299,0,4.95,4.95,5.15,TCAA,,#N/A
P9_H5_TCA_ctrl_48h.mzML,516.299,76260024,5.02,4.95,5.15,TCAA,,#N/A
P9_H6_GLCA_ctrl_48h.mzML,516.299,0,4.95,4.95,5.15,TCAA,,#N/A
P9_H7_GDCA_ctrl_48h.mzML,516.299,0,4.95,4.95,5.15,TCAA,,#N/A
P9_H8_GCDCA_ctrl_48h.mzML,516.299,0,4.95,4.95,5.15,TCAA,,#N/A
P9_H9_GUDCA_ctrl_48h.mzML,516.299,0,4.95,4.95,5.15,TCAA,,#N/A
P9_H10_GCA_ctrl_48h.mzML,516.299,0,4.95,4.95,5.15,TCAA,,#N/A
P9_H11_BHI_50MeOH.mzML,516.299,0,4.95,4.95,5.15,TCAA,,#N/A
P9_H12_BHI_50DMSO_25MeOH.mzML,516.299,0,4.95,4.95,5.15,TCAA,,#N/A
TCA_std.mzML,516.299,44819,4.95,4.95,5.15,TCAA,,#N/A
TCDCA_std.mzML,516.299,6828,4.99,4.95,5.15,TCAA,,#N/A
TDCA_std.mzML,516.299,0,4.95,4.95,5.15,TCAA,,#N/A
TLCA_std.mzML,516.299,0,4.95,4.95,5.15,TCAA,,#N/A
TUDCA_std.mzML,516.299,0,4.95,4.95,5.15,TCAA,,#N/A
UDCA_aminoacids.mzML,516.299,995,5.07,4.95,5.15,TCAA,,#N/A
CA_aminoacids.mzML,500.304,0,6.7,6.7,7.02,TCDCA,,#N/A
CA_DCA_LCA_aminoacids.mzML,500.304,0,6.7,6.7,7.02,TCDCA,,#N/A
CDCA_aminoacids.mzML,500.304,0,6.7,6.7,7.02,TCDCA,,#N/A
DCA_aminoacids.mzML,500.304,907,6.82,6.7,7.02,TCDCA,,#N/A
DCA_aminoacids_2.mzML,500.304,523413,6.9,6.7,7.02,TCDCA,,#N/A
GCA_std.mzML,500.304,0,6.7,6.7,7.02,TCDCA,,#N/A
GCDCA_std.mzML,500.304,0,6.7,6.7,7.02,TCDCA,,#N/A
GDCA_std.mzML,500.304,0,6.7,6.7,7.02,TCDCA,,#N/A
GLCA_std.mzML,500.304,0,6.7,6.7,7.02,TCDCA,,#N/A
GUDCA_std.mzML,500.304,0,6.7,6.7,7.02,TCDCA,,#N/A
P6_A1_TLCA_Dny_BSH1_48h.mzML,500.304,0,6.7,6.7,7.02,TCDCA,,#N/A
P6_A2_TDCA_Dny_BSH1_48h.mzML,500.304,0,6.7,6.7,7.02,TCDCA,,#N/A
P6_A3_TCDCA_Dny_BSH1_48h.mzML,500.304,0,6.7,6.7,7.02,TCDCA,,#N/A
P6_A4_TUDCA_Dny_BSH1_48h.mzML,500.304,3581,6.71,6.7,7.02,TCDCA,,#N/A
P6_A5_TCA_Dny_BSH1_48h.mzML,500.304,0,6.7,6.7,7.02,TCDCA,,#N/A
P6_A6_GLCA_Dny_BSH1_48h.mzML,500.304,0,6.7,6.7,7.02,TCDCA,,#N/A
P6_A7_GDCA_Dny_BSH1_48h.mzML,500.304,0,6.7,6.7,7.02,TCDCA,,#N/A
P6_A8_GCDCA_Dny_BSH1_48h.mzML,500.304,0,6.7,6.7,7.02,TCDCA,,#N/A
P6_A9_GUDCA_Dny_BSH1_48h.mzML,500.304,0,6.7,6.7,7.02,TCDCA,,#N/A
P6_A10_GCA_Dny_BSH1_48h.mzML,500.304,0,6.7,6.7,7.02,TCDCA,,#N/A
P6_A11_BHI_50MeOH.mzML,500.304,0,6.7,6.7,7.02,TCDCA,,#N/A
P6_A12_BHI_50DMSO_25MeOH.mzML,500.304,0,6.7,6.7,7.02,TCDCA,,#N/A
P6_B1_TLCA_Dny_BSH2_48h.mzML,500.304,0,6.7,6.7,7.02,TCDCA,,#N/A
P6_B2_TDCA_Dny_BSH2_48h.mzML,500.304,0,6.7,6.7,7.02,TCDCA,,#N/A
P6_B3_TCDCA_Dny_BSH2_48h.mzML,500.304,121738344,6.88,6.7,7.02,TCDCA,,#N/A
P6_B4_TUDCA_Dny_BSH2_48h.mzML,500.304,799984,6.91,6.7,7.02,TCDCA,,#N/A
P6_B5_TCA_Dny_BSH2_48h.mzML,500.304,113781,6.9,6.7,7.02,TCDCA,,#N/A
P6_B6_GLCA_Dny_BSH2_48h.mzML,500.304,0,6.7,6.7,7.02,TCDCA,,#N/A
P6_B7_GDCA_Dny_BSH2_48h.mzML,500.304,0,6.7,6.7,7.02,TCDCA,,#N/A
P6_B8_GCDCA_Dny_BSH2_48h.mzML,500.304,0,6.7,6.7,7.02,TCDCA,,#N/A
P6_B9_GUDCA_Dny_BSH2_48h.mzML,500.304,0,6.7,6.7,7.02,TCDCA,,#N/A
P6_B10_GCA_Dny_BSH2_48h.mzML,500.304,0,6.7,6.7,7.02,TCDCA,,#N/A
P6_B11_BHI_50MeOH.mzML,500.304,0,6.7,6.7,7.02,TCDCA,,#N/A
P6_B12_BHI_50DMSO_25MeOH.mzML,500.304,0,6.7,6.7,7.02,TCDCA,,#N/A
P6_C1_TLCA_Lgasseri_BSH_48h.mzML,500.304,0,6.7,6.7,7.02,TCDCA,,#N/A
P6_C2_TDCA_Lgasseri_BSH_48h.mzML,500.304,0,6.7,6.7,7.02,TCDCA,,#N/A
P6_C3_TCDCA_Lgasseri_BSH_48h.mzML,500.304,0,6.7,6.7,7.02,TCDCA,,#N/A
P6_C4_TUDCA_Lgasseri_BSH_48h.mzML,500.304,0,6.7,6.7,7.02,TCDCA,,#N/A
P6_C5_TCA_Lgasseri_BSH_48h.mzML,500.304,0,6.7,6.7,7.02,TCDCA,,#N/A
P6_C6_GLCA_Lgasseri_BSH_48h.mzML,500.304,0,6.7,6.7,7.02,TCDCA,,#N/A
P6_C7_GDCA_Lgasseri_BSH_48h.mzML,500.304,0,6.7,6.7,7.02,TCDCA,,#N/A
P6_C8_GCDCA_Lgasseri_BSH_48h.mzML,500.304,0,6.7,6.7,7.02,TCDCA,,#N/A
P6_C9_GUDCA_Lgasseri_BSH_48h.mzML,500.304,0,6.7,6.7,7.02,TCDCA,,#N/A
P6_C10_GCA_Lgasseri_BSH_48h.mzML,500.304,0,6.7,6.7,7.02,TCDCA,,#N/A
P6_C11_BHI_50MeOH.mzML,500.304,0,6.7,6.7,7.02,TCDCA,,#N/A
P6_C12_BHI_50DMSO_25MeOH.mzML,500.304,0,6.7,6.7,7.02,TCDCA,,#N/A
P6_D1_TLCA_LCAG-95_BSH1208_48h.mzML,500.304,0,6.7,6.7,7.02,TCDCA,,#N/A
P6_D2_TDCA_LCAG-95_BSH1208_48h.mzML,500.304,0,6.7,6.7,7.02,TCDCA,,#N/A
P6_D3_TCDCA_LCAG-95_BSH1208_48h.mzML,500.304,2374,6.87,6.7,7.02,TCDCA,,#N/A
P6_D4_TUDCA_LCAG-95_BSH1208_48h.mzML,500.304,0,6.7,6.7,7.02,TCDCA,,#N/A
P6_D5_TCA_LCAG-95_BSH1208_48h.mzML,500.304,0,6.7,6.7,7.02,TCDCA,,#N/A
P6_D6_GLCA_LCAG-95_BSH1208_48h.mzML,500.304,64173,6.9,6.7,7.02,TCDCA,,#N/A
P6_D7_GDCA_LCAG-95_BSH1208_48h.mzML,500.304,0,6.7,6.7,7.02,TCDCA,,#N/A
P6_D8_GCDCA_LCAG-95_BSH1208_48h.mzML,500.304,0,6.7,6.7,7.02,TCDCA,,#N/A
P6_D9_GUDCA_LCAG-95_BSH1208_48h.mzML,500.304,0,6.7,6.7,7.02,TCDCA,,#N/A
P6_D10_GCA_LCAG-95_BSH1208_48h.mzML,500.304,1143,6.88,6.7,7.02,TCDCA,,#N/A
P6_D11_BHI_50MeOH.mzML,500.304,0,6.7,6.7,7.02,TCDCA,,#N/A
P6_D12_BHI_50DMSO_25MeOH.mzML,500.304,0,6.7,6.7,7.02,TCDCA,,#N/A
P6_E1_TLCA_Ep_BSH101_48h.mzML,500.304,0,6.7,6.7,7.02,TCDCA,,#N/A
P6_E2_TDCA_Ep_BSH101_48h.mzML,500.304,0,6.7,6.7,7.02,TCDCA,,#N/A
P6_E3_TCDCA_Ep_BSH101_48h.mzML,500.304,125399240,6.83,6.7,7.02,TCDCA,,#N/A
P6_E4_TUDCA_Ep_BSH101_48h.mzML,500.304,686748,6.89,6.7,7.02,TCDCA,,#N/A
P6_E5_TCA_Ep_BSH101_48h.mzML,500.304,124981,6.9,6.7,7.02,TCDCA,,#N/A
P6_E6_GLCA_Ep_BSH101_48h.mzML,500.304,0,6.7,6.7,7.02,TCDCA,,#N/A
P6_E7_GDCA_Ep_BSH101_48h.mzML,500.304,0,6.7,6.7,7.02,TCDCA,,#N/A
P6_E8_GCDCA_Ep_BSH101_48h.mzML,500.304,0,6.7,6.7,7.02,TCDCA,,#N/A
P6_E9_GUDCA_Ep_BSH101_48h.mzML,500.304,0,6.7,6.7,7.02,TCDCA,,#N/A
P6_E10_GCA_Ep_BSH101_48h.mzML,500.304,0,6.7,6.7,7.02,TCDCA,,#N/A
P6_E11_BHI_50MeOH.mzML,500.304,0,6.7,6.7,7.02,TCDCA,,#N/A
P6_E12_BHI_50DMSO_25MeOH.mzML,500.304,0,6.7,6.7,7.02,TCDCA,,#N/A
P6_F1_TLCA_AZ-52_48h.mzML,500.304,0,6.7,6.7,7.02,TCDCA,,#N/A
P6_F2_TDCA_AZ-52_48h.mzML,500.304,0,6.7,6.7,7.02,TCDCA,,#N/A
P6_F3_TCDCA_AZ-52_48h.mzML,500.304,261548,6.84,6.7,7.02,TCDCA,,#N/A
P6_F4_TUDCA_AZ-52_48h.mzML,500.304,0,6.7,6.7,7.02,TCDCA,,#N/A
P6_F5_TCA_AZ-52_48h.mzML,500.304,0,6.7,6.7,7.02,TCDCA,,#N/A
P6_F6_GLCA_AZ-52_48h.mzML,500.304,0,6.7,6.7,7.02,TCDCA,,#N/A
P6_F7_GDCA_AZ-52_48h.mzML,500.304,0,6.7,6.7,7.02,TCDCA,,#N/A
P6_F8_GCDCA_AZ-52_48h.mzML,500.304,0,6.7,6.7,7.02,TCDCA,,#N/A
P6_F9_GUDCA_AZ-52_48h.mzML,500.304,0,6.7,6.7,7.02,TCDCA,,#N/A
P6_F10_GCA_AZ-52_48h.mzML,500.304,0,6.7,6.7,7.02,TCDCA,,#N/A
P6_F11_BHI_50MeOH.mzML,500.304,0,6.7,6.7,7.02,TCDCA,,#N/A
P6_F12_BHI_50DMSO_25MeOH.mzML,500.304,0,6.7,6.7,7.02,TCDCA,,#N/A
P6_G1_TLCA_EcAZ-1-cat_48h.mzML,500.304,0,6.7,6.7,7.02,TCDCA,,#N/A
P6_G2_TDCA_EcAZ-1-cat_48h.mzML,500.304,0,6.7,6.7,7.02,TCDCA,,#N/A
P6_G3_TCDCA_EcAZ-1-cat_48h.mzML,500.304,151885360,6.83,6.7,7.02,TCDCA,,#N/A
P6_G4_TUDCA_EcAZ-1-cat_48h.mzML,500.304,748611,6.88,6.7,7.02,TCDCA,,#N/A
P6_G5_TCA_EcAZ-1-cat_48h.mzML,500.304,124568,6.91,6.7,7.02,TCDCA,,#N/A
P6_G6_GLCA_EcAZ-1-cat_48h.mzML,500.304,0,6.7,6.7,7.02,TCDCA,,#N/A
P6_G7_GDCA_EcAZ-1-cat_48h.mzML,500.304,0,6.7,6.7,7.02,TCDCA,,#N/A
P6_G8_GCDCA_EcAZ-1-cat_48h.mzML,500.304,0,6.7,6.7,7.02,TCDCA,,#N/A
P6_G9_GUDCA_EcAZ-1-cat_48h.mzML,500.304,0,6.7,6.7,7.02,TCDCA,,#N/A
P6_G10_GCA_EcAZ-1-cat_48h.mzML,500.304,0,6.7,6.7,7.02,TCDCA,,#N/A
P6_G11_BHI_50MeOH.mzML,500.304,0,6.7,6.7,7.02,TCDCA,,#N/A
P6_G12_BHI_50DMSO_25MeOH.mzML,500.304,0,6.7,6.7,7.02,TCDCA,,#N/A
P6_H1_TLCA_ctrl_48h.mzML,500.304,0,6.7,6.7,7.02,TCDCA,,#N/A
P6_H2_TDCA_ctrl_48h.mzML,500.304,0,6.7,6.7,7.02,TCDCA,,#N/A
P6_H3_TCDCA_ctrl_48h.mzML,500.304,85584560,6.84,6.7,7.02,TCDCA,,#N/A
P6_H4_TUDCA_ctrl_48h.mzML,500.304,1147338,6.88,6.7,7.02,TCDCA,,#N/A
P6_H5_TCA_ctrl_48h.mzML,500.304,173618,6.91,6.7,7.02,TCDCA,,#N/A
P6_H6_GLCA_ctrl_48h.mzML,500.304,0,6.7,6.7,7.02,TCDCA,,#N/A
P6_H7_GDCA_ctrl_48h.mzML,500.304,0,6.7,6.7,7.02,TCDCA,,#N/A
P6_H8_GCDCA_ctrl_48h.mzML,500.304,0,6.7,6.7,7.02,TCDCA,,#N/A
P6_H9_GUDCA_ctrl_48h.mzML,500.304,0,6.7,6.7,7.02,TCDCA,,#N/A
P6_H10_GCA_ctrl_48h.mzML,500.304,0,6.7,6.7,7.02,TCDCA,,#N/A
P6_H11_BHI_50MeOH.mzML,500.304,0,6.7,6.7,7.02,TCDCA,,#N/A
P6_H12_BHI_50DMSO_25MeOH.mzML,500.304,0,6.7,6.7,7.02,TCDCA,,#N/A
P9_A1_TLCA_Dny_BSH1_48h.mzML,500.304,0,6.7,6.7,7.02,TCDCA,,#N/A
P9_A2_TDCA_Dny_BSH1_48h.mzML,500.304,38487,7,6.7,7.02,TCDCA,,#N/A
P9_A3_TCDCA_Dny_BSH1_48h.mzML,500.304,0,6.7,6.7,7.02,TCDCA,,#N/A
P9_A4_TUDCA_Dny_BSH1_48h.mzML,500.304,0,6.7,6.7,7.02,TCDCA,,#N/A
P9_A5_TCA_Dny_BSH1_48h.mzML,500.304,0,6.7,6.7,7.02,TCDCA,,#N/A
P9_A6_GLCA_Dny_BSH1_48h.mzML,500.304,0,6.7,6.7,7.02,TCDCA,,#N/A
P9_A7_GDCA_Dny_BSH1_48h.mzML,500.304,0,6.7,6.7,7.02,TCDCA,,#N/A
P9_A8_GCDCA_Dny_BSH1_48h.mzML,500.304,0,6.7,6.7,7.02,TCDCA,,#N/A
P9_A9_GUDCA_Dny_BSH1_48h.mzML,500.304,0,6.7,6.7,7.02,TCDCA,,#N/A
P9_A10_GCA_Dny_BSH1_48h.mzML,500.304,0,6.7,6.7,7.02,TCDCA,,#N/A
P9_A11_BHI_50MeOH.mzML,500.304,0,6.7,6.7,7.02,TCDCA,,#N/A
P9_A12_BHI_50DMSO_25MeOH.mzML,500.304,0,6.7,6.7,7.02,TCDCA,,#N/A
P9_B1_TLCA_Dny_BSH2_48h.mzML,500.304,39695,7.02,6.7,7.02,TCDCA,,#N/A
P9_B2_TDCA_Dny_BSH2_48h.mzML,500.304,305632000,6.99,6.7,7.02,TCDCA,,#N/A
P9_B3_TCDCA_Dny_BSH2_48h.mzML,500.304,24562158,6.7,6.7,7.02,TCDCA,,#N/A
P9_B4_TUDCA_Dny_BSH2_48h.mzML,500.304,139414,6.71,6.7,7.02,TCDCA,,#N/A
P9_B5_TCA_Dny_BSH2_48h.mzML,500.304,77854,7.02,6.7,7.02,TCDCA,,#N/A
P9_B6_GLCA_Dny_BSH2_48h.mzML,500.304,3325,7,6.7,7.02,TCDCA,,#N/A
P9_B7_GDCA_Dny_BSH2_48h.mzML,500.304,0,6.7,6.7,7.02,TCDCA,,#N/A
P9_B8_GCDCA_Dny_BSH2_48h.mzML,500.304,0,6.7,6.7,7.02,TCDCA,,#N/A
P9_B9_GUDCA_Dny_BSH2_48h.mzML,500.304,0,6.7,6.7,7.02,TCDCA,,#N/A
P9_B10_GCA_Dny_BSH2_48h.mzML,500.304,0,6.7,6.7,7.02,TCDCA,,#N/A
P9_B11_BHI_50MeOH.mzML,500.304,0,6.7,6.7,7.02,TCDCA,,#N/A
P9_B12_BHI_50DMSO_25MeOH.mzML,500.304,0,6.7,6.7,7.02,TCDCA,,#N/A
P9_C1_TLCA_Lgasseri_BSH_48h.mzML,500.304,0,6.7,6.7,7.02,TCDCA,,#N/A
P9_C2_TDCA_Lgasseri_BSH_48h.mzML,500.304,34749,7.02,6.7,7.02,TCDCA,,#N/A
P9_C3_TCDCA_Lgasseri_BSH_48h.mzML,500.304,0,6.7,6.7,7.02,TCDCA,,#N/A
P9_C4_TUDCA_Lgasseri_BSH_48h.mzML,500.304,0,6.7,6.7,7.02,TCDCA,,#N/A
P9_C5_TCA_Lgasseri_BSH_48h.mzML,500.304,0,6.7,6.7,7.02,TCDCA,,#N/A
P9_C6_GLCA_Lgasseri_BSH_48h.mzML,500.304,0,6.7,6.7,7.02,TCDCA,,#N/A
P9_C7_GDCA_Lgasseri_BSH_48h.mzML,500.304,0,6.7,6.7,7.02,TCDCA,,#N/A
P9_C8_GCDCA_Lgasseri_BSH_48h.mzML,500.304,0,6.7,6.7,7.02,TCDCA,,#N/A
P9_C9_GUDCA_Lgasseri_BSH_48h.mzML,500.304,0,6.7,6.7,7.02,TCDCA,,#N/A
P9_C10_GCA_Lgasseri_BSH_48h.mzML,500.304,0,6.7,6.7,7.02,TCDCA,,#N/A
P9_C11_BHI_50MeOH.mzML,500.304,0,6.7,6.7,7.02,TCDCA,,#N/A
P9_C12_BHI_50DMSO_25MeOH.mzML,500.304,0,6.7,6.7,7.02,TCDCA,,#N/A
P9_D1_TLCA_LCAG-95_BSH1208_48h.mzML,500.304,0,6.7,6.7,7.02,TCDCA,,#N/A
P9_D2_TDCA_LCAG-95_BSH1208_48h.mzML,500.304,8562191,7.02,6.7,7.02,TCDCA,,#N/A
P9_D3_TCDCA_LCAG-95_BSH1208_48h.mzML,500.304,1131,6.73,6.7,7.02,TCDCA,,#N/A
P9_D4_TUDCA_LCAG-95_BSH1208_48h.mzML,500.304,0,6.7,6.7,7.02,TCDCA,,#N/A
P9_D5_TCA_LCAG-95_BSH1208_48h.mzML,500.304,3528,7.02,6.7,7.02,TCDCA,,#N/A
P9_D6_GLCA_LCAG-95_BSH1208_48h.mzML,500.304,0,6.7,6.7,7.02,TCDCA,,#N/A
P9_D7_GDCA_LCAG-95_BSH1208_48h.mzML,500.304,0,6.7,6.7,7.02,TCDCA,,#N/A
P9_D8_GCDCA_LCAG-95_BSH1208_48h.mzML,500.304,0,6.7,6.7,7.02,TCDCA,,#N/A
P9_D9_GUDCA_LCAG-95_BSH1208_48h.mzML,500.304,0,6.7,6.7,7.02,TCDCA,,#N/A
P9_D10_GCA_LCAG-95_BSH1208_48h.mzML,500.304,0,6.7,6.7,7.02,TCDCA,,#N/A
P9_D11_BHI_50MeOH.mzML,500.304,0,6.7,6.7,7.02,TCDCA,,#N/A
P9_D12_BHI_50DMSO_25MeOH.mzML,500.304,0,6.7,6.7,7.02,TCDCA,,#N/A
P9_E1_TLCA_Ep_BSH101_48h.mzML,500.304,5557,7.01,6.7,7.02,TCDCA,,#N/A
P9_E2_TDCA_Ep_BSH101_48h.mzML,500.304,112326952,7.02,6.7,7.02,TCDCA,,#N/A
P9_E3_TCDCA_Ep_BSH101_48h.mzML,500.304,50364344,6.72,6.7,7.02,TCDCA,,#N/A
P9_E4_TUDCA_Ep_BSH101_48h.mzML,500.304,483921,6.75,6.7,7.02,TCDCA,,#N/A
P9_E5_TCA_Ep_BSH101_48h.mzML,500.304,21538,7.02,6.7,7.02,TCDCA,,#N/A
P9_E6_GLCA_Ep_BSH101_48h.mzML,500.304,0,6.7,6.7,7.02,TCDCA,,#N/A
P9_E7_GDCA_Ep_BSH101_48h.mzML,500.304,0,6.7,6.7,7.02,TCDCA,,#N/A
P9_E8_GCDCA_Ep_BSH101_48h.mzML,500.304,0,6.7,6.7,7.02,TCDCA,,#N/A
P9_E9_GUDCA_Ep_BSH101_48h.mzML,500.304,0,6.7,6.7,7.02,TCDCA,,#N/A
P9_E10_GCA_Ep_BSH101_48h.mzML,500.304,0,6.7,6.7,7.02,TCDCA,,#N/A
P9_E11_BHI_50MeOH.mzML,500.304,0,6.7,6.7,7.02,TCDCA,,#N/A
P9_E12_BHI_50DMSO_25MeOH.mzML,500.304,0,6.7,6.7,7.02,TCDCA,,#N/A
P9_F1_TLCA_AZ-52_48h.mzML,500.304,0,6.7,6.7,7.02,TCDCA,,#N/A
P9_F2_TDCA_AZ-52_48h.mzML,500.304,0,6.7,6.7,7.02,TCDCA,,#N/A
P9_F3_TCDCA_AZ-52_48h.mzML,500.304,0,6.7,6.7,7.02,TCDCA,,#N/A
P9_F4_TUDCA_AZ-52_48h.mzML,500.304,944,6.85,6.7,7.02,TCDCA,,#N/A
P9_F5_TCA_AZ-52_48h.mzML,500.304,0,6.7,6.7,7.02,TCDCA,,#N/A
P9_F6_GLCA_AZ-52_48h.mzML,500.304,0,6.7,6.7,7.02,TCDCA,,#N/A
P9_F7_GDCA_AZ-52_48h.mzML,500.304,0,6.7,6.7,7.02,TCDCA,,#N/A
P9_F8_GCDCA_AZ-52_48h.mzML,500.304,0,6.7,6.7,7.02,TCDCA,,#N/A
P9_F9_GUDCA_AZ-52_48h.mzML,500.304,0,6.7,6.7,7.02,TCDCA,,#N/A
P9_F10_GCA_AZ-52_48h.mzML,500.304,0,6.7,6.7,7.02,TCDCA,,#N/A
P9_F11_BHI_50MeOH.mzML,500.304,0,6.7,6.7,7.02,TCDCA,,#N/A
P9_F12_BHI_50DMSO_25MeOH.mzML,500.304,0,6.7,6.7,7.02,TCDCA,,#N/A
P9_G1_TLCA_EcAZ-1-cat_48h.mzML,500.304,0,6.7,6.7,7.02,TCDCA,,#N/A
P9_G2_TDCA_EcAZ-1-cat_48h.mzML,500.304,18133364,7.02,6.7,7.02,TCDCA,,#N/A
P9_G3_TCDCA_EcAZ-1-cat_48h.mzML,500.304,79908640,6.78,6.7,7.02,TCDCA,,#N/A
P9_G4_TUDCA_EcAZ-1-cat_48h.mzML,500.304,503714,6.81,6.7,7.02,TCDCA,,#N/A
P9_G5_TCA_EcAZ-1-cat_48h.mzML,500.304,62767,6.74,6.7,7.02,TCDCA,,#N/A
P9_G6_GLCA_EcAZ-1-cat_48h.mzML,500.304,0,6.7,6.7,7.02,TCDCA,,#N/A
P9_G7_GDCA_EcAZ-1-cat_48h.mzML,500.304,0,6.7,6.7,7.02,TCDCA,,#N/A
P9_G8_GCDCA_EcAZ-1-cat_48h.mzML,500.304,0,6.7,6.7,7.02,TCDCA,,#N/A
P9_G9_GUDCA_EcAZ-1-cat_48h.mzML,500.304,0,6.7,6.7,7.02,TCDCA,,#N/A
P9_G10_GCA_EcAZ-1-cat_48h.mzML,500.304,0,6.7,6.7,7.02,TCDCA,,#N/A
P9_G11_BHI_50MeOH.mzML,500.304,0,6.7,6.7,7.02,TCDCA,,#N/A
P9_G12_BHI_50DMSO_25MeOH.mzML,500.304,0,6.7,6.7,7.02,TCDCA,,#N/A
P9_H1_TLCA_ctrl_48h.mzML,500.304,0,6.7,6.7,7.02,TCDCA,,#N/A
P9_H2_TDCA_ctrl_48h.mzML,500.304,6857562,7.02,6.7,7.02,TCDCA,,#N/A
P9_H3_TCDCA_ctrl_48h.mzML,500.304,69276800,6.79,6.7,7.02,TCDCA,,#N/A
P9_H4_TUDCA_ctrl_48h.mzML,500.304,1095801,6.77,6.7,7.02,TCDCA,,#N/A
P9_H5_TCA_ctrl_48h.mzML,500.304,143582,6.83,6.7,7.02,TCDCA,,#N/A
P9_H6_GLCA_ctrl_48h.mzML,500.304,0,6.7,6.7,7.02,TCDCA,,#N/A
P9_H7_GDCA_ctrl_48h.mzML,500.304,0,6.7,6.7,7.02,TCDCA,,#N/A
P9_H8_GCDCA_ctrl_48h.mzML,500.304,0,6.7,6.7,7.02,TCDCA,,#N/A
P9_H9_GUDCA_ctrl_48h.mzML,500.304,0,6.7,6.7,7.02,TCDCA,,#N/A
P9_H10_GCA_ctrl_48h.mzML,500.304,0,6.7,6.7,7.02,TCDCA,,#N/A
P9_H11_BHI_50MeOH.mzML,500.304,0,6.7,6.7,7.02,TCDCA,,#N/A
P9_H12_BHI_50DMSO_25MeOH.mzML,500.304,0,6.7,6.7,7.02,TCDCA,,#N/A
TCA_std.mzML,500.304,86829,6.8,6.7,7.02,TCDCA,,#N/A
TCDCA_std.mzML,500.304,108884,6.71,6.7,7.02,TCDCA,,#N/A
TDCA_std.mzML,500.304,26576048,6.8,6.7,7.02,TCDCA,,#N/A
TLCA_std.mzML,500.304,2321,6.82,6.7,7.02,TCDCA,,#N/A
TUDCA_std.mzML,500.304,63347,6.8,6.7,7.02,TCDCA,,#N/A
UDCA_aminoacids.mzML,500.304,1967,6.88,6.7,7.02,TCDCA,,#N/A
CA_aminoacids.mzML,500.304,0,7.07,7.07,7.38,TDCA,,#N/A
CA_DCA_LCA_aminoacids.mzML,500.304,69420,7.13,7.07,7.38,TDCA,,#N/A
CDCA_aminoacids.mzML,500.304,0,7.07,7.07,7.38,TDCA,,#N/A
DCA_aminoacids.mzML,500.304,0,7.07,7.07,7.38,TDCA,,#N/A
DCA_aminoacids_2.mzML,500.304,38841,7.29,7.07,7.38,TDCA,,#N/A
GCA_std.mzML,500.304,0,7.07,7.07,7.38,TDCA,,#N/A
GCDCA_std.mzML,500.304,0,7.07,7.07,7.38,TDCA,,#N/A
GDCA_std.mzML,500.304,0,7.07,7.07,7.38,TDCA,,#N/A
GLCA_std.mzML,500.304,0,7.07,7.07,7.38,TDCA,,#N/A
GUDCA_std.mzML,500.304,0,7.07,7.07,7.38,TDCA,,#N/A
P6_A1_TLCA_Dny_BSH1_48h.mzML,500.304,0,7.07,7.07,7.38,TDCA,,#N/A
P6_A2_TDCA_Dny_BSH1_48h.mzML,500.304,195680,7.23,7.07,7.38,TDCA,,#N/A
P6_A3_TCDCA_Dny_BSH1_48h.mzML,500.304,0,7.07,7.07,7.38,TDCA,,#N/A
P6_A4_TUDCA_Dny_BSH1_48h.mzML,500.304,1797,7.11,7.07,7.38,TDCA,,#N/A
P6_A5_TCA_Dny_BSH1_48h.mzML,500.304,0,7.07,7.07,7.38,TDCA,,#N/A
P6_A6_GLCA_Dny_BSH1_48h.mzML,500.304,0,7.07,7.07,7.38,TDCA,,#N/A
P6_A7_GDCA_Dny_BSH1_48h.mzML,500.304,34922,7.24,7.07,7.38,TDCA,,#N/A
P6_A8_GCDCA_Dny_BSH1_48h.mzML,500.304,0,7.07,7.07,7.38,TDCA,,#N/A
P6_A9_GUDCA_Dny_BSH1_48h.mzML,500.304,0,7.07,7.07,7.38,TDCA,,#N/A
P6_A10_GCA_Dny_BSH1_48h.mzML,500.304,0,7.07,7.07,7.38,TDCA,,#N/A
P6_A11_BHI_50MeOH.mzML,500.304,0,7.07,7.07,7.38,TDCA,,#N/A
P6_A12_BHI_50DMSO_25MeOH.mzML,500.304,0,7.07,7.07,7.38,TDCA,,#N/A
P6_B1_TLCA_Dny_BSH2_48h.mzML,500.304,257179,7.25,7.07,7.38,TDCA,,#N/A
P6_B2_TDCA_Dny_BSH2_48h.mzML,500.304,697130240,7.15,7.07,7.38,TDCA,,#N/A
P6_B3_TCDCA_Dny_BSH2_48h.mzML,500.304,1278260,7.07,7.07,7.38,TDCA,,#N/A
P6_B4_TUDCA_Dny_BSH2_48h.mzML,500.304,26355,7.22,7.07,7.38,TDCA,,#N/A
P6_B5_TCA_Dny_BSH2_48h.mzML,500.304,1502304,7.22,7.07,7.38,TDCA,,#N/A
P6_B6_GLCA_Dny_BSH2_48h.mzML,500.304,75250,7.2,7.07,7.38,TDCA,,#N/A
P6_B7_GDCA_Dny_BSH2_48h.mzML,500.304,3901,7.36,7.07,7.38,TDCA,,#N/A
P6_B8_GCDCA_Dny_BSH2_48h.mzML,500.304,0,7.07,7.07,7.38,TDCA,,#N/A
P6_B9_GUDCA_Dny_BSH2_48h.mzML,500.304,0,7.07,7.07,7.38,TDCA,,#N/A
P6_B10_GCA_Dny_BSH2_48h.mzML,500.304,1277,7.31,7.07,7.38,TDCA,,#N/A
P6_B11_BHI_50MeOH.mzML,500.304,1192,7.23,7.07,7.38,TDCA,,#N/A
P6_B12_BHI_50DMSO_25MeOH.mzML,500.304,0,7.07,7.07,7.38,TDCA,,#N/A
P6_C1_TLCA_Lgasseri_BSH_48h.mzML,500.304,0,7.07,7.07,7.38,TDCA,,#N/A
P6_C2_TDCA_Lgasseri_BSH_48h.mzML,500.304,114500,7.22,7.07,7.38,TDCA,,#N/A
P6_C3_TCDCA_Lgasseri_BSH_48h.mzML,500.304,0,7.07,7.07,7.38,TDCA,,#N/A
P6_C4_TUDCA_Lgasseri_BSH_48h.mzML,500.304,0,7.07,7.07,7.38,TDCA,,#N/A
P6_C5_TCA_Lgasseri_BSH_48h.mzML,500.304,0,7.07,7.07,7.38,TDCA,,#N/A
P6_C6_GLCA_Lgasseri_BSH_48h.mzML,500.304,0,7.07,7.07,7.38,TDCA,,#N/A
P6_C7_GDCA_Lgasseri_BSH_48h.mzML,500.304,0,7.07,7.07,7.38,TDCA,,#N/A
P6_C8_GCDCA_Lgasseri_BSH_48h.mzML,500.304,0,7.07,7.07,7.38,TDCA,,#N/A
P6_C9_GUDCA_Lgasseri_BSH_48h.mzML,500.304,0,7.07,7.07,7.38,TDCA,,#N/A
P6_C10_GCA_Lgasseri_BSH_48h.mzML,500.304,0,7.07,7.07,7.38,TDCA,,#N/A
P6_C11_BHI_50MeOH.mzML,500.304,0,7.07,7.07,7.38,TDCA,,#N/A
P6_C12_BHI_50DMSO_25MeOH.mzML,500.304,0,7.07,7.07,7.38,TDCA,,#N/A
P6_D1_TLCA_LCAG-95_BSH1208_48h.mzML,500.304,250850,7.28,7.07,7.38,TDCA,,#N/A
P6_D2_TDCA_LCAG-95_BSH1208_48h.mzML,500.304,95518800,7.27,7.07,7.38,TDCA,,#N/A
P6_D3_TCDCA_LCAG-95_BSH1208_48h.mzML,500.304,0,7.07,7.07,7.38,TDCA,,#N/A
P6_D4_TUDCA_LCAG-95_BSH1208_48h.mzML,500.304,0,7.07,7.07,7.38,TDCA,,#N/A
P6_D5_TCA_LCAG-95_BSH1208_48h.mzML,500.304,118336,7.22,7.07,7.38,TDCA,,#N/A
P6_D6_GLCA_LCAG-95_BSH1208_48h.mzML,500.304,105173,7.2,7.07,7.38,TDCA,,#N/A
P6_D7_GDCA_LCAG-95_BSH1208_48h.mzML,500.304,19895,7.22,7.07,7.38,TDCA,,#N/A
P6_D8_GCDCA_LCAG-95_BSH1208_48h.mzML,500.304,0,7.07,7.07,7.38,TDCA,,#N/A
P6_D9_GUDCA_LCAG-95_BSH1208_48h.mzML,500.304,0,7.07,7.07,7.38,TDCA,,#N/A
P6_D10_GCA_LCAG-95_BSH1208_48h.mzML,500.304,0,7.07,7.07,7.38,TDCA,,#N/A
P6_D11_BHI_50MeOH.mzML,500.304,0,7.07,7.07,7.38,TDCA,,#N/A
P6_D12_BHI_50DMSO_25MeOH.mzML,500.304,0,7.07,7.07,7.38,TDCA,,#N/A
P6_E1_TLCA_Ep_BSH101_48h.mzML,500.304,286261,7.28,7.07,7.38,TDCA,,#N/A
P6_E2_TDCA_Ep_BSH101_48h.mzML,500.304,820256384,7.17,7.07,7.38,TDCA,,#N/A
P6_E3_TCDCA_Ep_BSH101_48h.mzML,500.304,1649601,7.07,7.07,7.38,TDCA,,#N/A
P6_E4_TUDCA_Ep_BSH101_48h.mzML,500.304,350495,7.27,7.07,7.38,TDCA,,#N/A
P6_E5_TCA_Ep_BSH101_48h.mzML,500.304,1626924,7.25,7.07,7.38,TDCA,,#N/A
P6_E6_GLCA_Ep_BSH101_48h.mzML,500.304,91867,7.22,7.07,7.38,TDCA,,#N/A
P6_E7_GDCA_Ep_BSH101_48h.mzML,500.304,3204,7.22,7.07,7.38,TDCA,,#N/A
P6_E8_GCDCA_Ep_BSH101_48h.mzML,500.304,0,7.07,7.07,7.38,TDCA,,#N/A
P6_E9_GUDCA_Ep_BSH101_48h.mzML,500.304,1584,7.24,7.07,7.38,TDCA,,#N/A
P6_E10_GCA_Ep_BSH101_48h.mzML,500.304,7318,7.16,7.07,7.38,TDCA,,#N/A
P6_E11_BHI_50MeOH.mzML,500.304,0,7.07,7.07,7.38,TDCA,,#N/A
P6_E12_BHI_50DMSO_25MeOH.mzML,500.304,21165,7.27,7.07,7.38,TDCA,,#N/A
P6_F1_TLCA_AZ-52_48h.mzML,500.304,0,7.07,7.07,7.38,TDCA,,#N/A
P6_F2_TDCA_AZ-52_48h.mzML,500.304,318498,7.18,7.07,7.38,TDCA,,#N/A
P6_F3_TCDCA_AZ-52_48h.mzML,500.304,9306,7.23,7.07,7.38,TDCA,,#N/A
P6_F4_TUDCA_AZ-52_48h.mzML,500.304,0,7.07,7.07,7.38,TDCA,,#N/A
P6_F5_TCA_AZ-52_48h.mzML,500.304,0,7.07,7.07,7.38,TDCA,,#N/A
P6_F6_GLCA_AZ-52_48h.mzML,500.304,0,7.07,7.07,7.38,TDCA,,#N/A
P6_F7_GDCA_AZ-52_48h.mzML,500.304,0,7.07,7.07,7.38,TDCA,,#N/A
P6_F8_GCDCA_AZ-52_48h.mzML,500.304,0,7.07,7.07,7.38,TDCA,,#N/A
P6_F9_GUDCA_AZ-52_48h.mzML,500.304,0,7.07,7.07,7.38,TDCA,,#N/A
P6_F10_GCA_AZ-52_48h.mzML,500.304,0,7.07,7.07,7.38,TDCA,,#N/A
P6_F11_BHI_50MeOH.mzML,500.304,0,7.07,7.07,7.38,TDCA,,#N/A
P6_F12_BHI_50DMSO_25MeOH.mzML,500.304,0,7.07,7.07,7.38,TDCA,,#N/A
P6_G1_TLCA_EcAZ-1-cat_48h.mzML,500.304,271779,7.2,7.07,7.38,TDCA,,#N/A
P6_G2_TDCA_EcAZ-1-cat_48h.mzML,500.304,745261760,7.12,7.07,7.38,TDCA,,#N/A
P6_G3_TCDCA_EcAZ-1-cat_48h.mzML,500.304,1114270,7.08,7.07,7.38,TDCA,,#N/A
P6_G4_TUDCA_EcAZ-1-cat_48h.mzML,500.304,36359,7.16,7.07,7.38,TDCA,,#N/A
P6_G5_TCA_EcAZ-1-cat_48h.mzML,500.304,1738400,7.21,7.07,7.38,TDCA,,#N/A
P6_G6_GLCA_EcAZ-1-cat_48h.mzML,500.304,70842,7.23,7.07,7.38,TDCA,,#N/A
P6_G7_GDCA_EcAZ-1-cat_48h.mzML,500.304,2121,7.27,7.07,7.38,TDCA,,#N/A
P6_G8_GCDCA_EcAZ-1-cat_48h.mzML,500.304,0,7.07,7.07,7.38,TDCA,,#N/A
P6_G9_GUDCA_EcAZ-1-cat_48h.mzML,500.304,0,7.07,7.07,7.38,TDCA,,#N/A
P6_G10_GCA_EcAZ-1-cat_48h.mzML,500.304,1269,7.15,7.07,7.38,TDCA,,#N/A
P6_G11_BHI_50MeOH.mzML,500.304,0,7.07,7.07,7.38,TDCA,,#N/A
P6_G12_BHI_50DMSO_25MeOH.mzML,500.304,0,7.07,7.07,7.38,TDCA,,#N/A
P6_H1_TLCA_ctrl_48h.mzML,500.304,267573,7.3,7.07,7.38,TDCA,,#N/A
P6_H2_TDCA_ctrl_48h.mzML,500.304,762652864,7.16,7.07,7.38,TDCA,,#N/A
P6_H3_TCDCA_ctrl_48h.mzML,500.304,625381,7.07,7.07,7.38,TDCA,,#N/A
P6_H4_TUDCA_ctrl_48h.mzML,500.304,54687,7.22,7.07,7.38,TDCA,,#N/A
P6_H5_TCA_ctrl_48h.mzML,500.304,1393840,7.23,7.07,7.38,TDCA,,#N/A
P6_H6_GLCA_ctrl_48h.mzML,500.304,71167,7.21,7.07,7.38,TDCA,,#N/A
P6_H7_GDCA_ctrl_48h.mzML,500.304,20716,7.22,7.07,7.38,TDCA,,#N/A
P6_H8_GCDCA_ctrl_48h.mzML,500.304,0,7.07,7.07,7.38,TDCA,,#N/A
P6_H9_GUDCA_ctrl_48h.mzML,500.304,630,7.19,7.07,7.38,TDCA,,#N/A
P6_H10_GCA_ctrl_48h.mzML,500.304,1116,7.21,7.07,7.38,TDCA,,#N/A
P6_H11_BHI_50MeOH.mzML,500.304,0,7.07,7.07,7.38,TDCA,,#N/A
P6_H12_BHI_50DMSO_25MeOH.mzML,500.304,0,7.07,7.07,7.38,TDCA,,#N/A
P9_A1_TLCA_Dny_BSH1_48h.mzML,500.304,0,7.07,7.07,7.38,TDCA,,#N/A
P9_A2_TDCA_Dny_BSH1_48h.mzML,500.304,53732,7.07,7.07,7.38,TDCA,,#N/A
P9_A3_TCDCA_Dny_BSH1_48h.mzML,500.304,0,7.07,7.07,7.38,TDCA,,#N/A
P9_A4_TUDCA_Dny_BSH1_48h.mzML,500.304,735,7.22,7.07,7.38,TDCA,,#N/A
P9_A5_TCA_Dny_BSH1_48h.mzML,500.304,0,7.07,7.07,7.38,TDCA,,#N/A
P9_A6_GLCA_Dny_BSH1_48h.mzML,500.304,0,7.07,7.07,7.38,TDCA,,#N/A
P9_A7_GDCA_Dny_BSH1_48h.mzML,500.304,3894,7.07,7.07,7.38,TDCA,,#N/A
P9_A8_GCDCA_Dny_BSH1_48h.mzML,500.304,0,7.07,7.07,7.38,TDCA,,#N/A
P9_A9_GUDCA_Dny_BSH1_48h.mzML,500.304,0,7.07,7.07,7.38,TDCA,,#N/A
P9_A10_GCA_Dny_BSH1_48h.mzML,500.304,0,7.07,7.07,7.38,TDCA,,#N/A
P9_A11_BHI_50MeOH.mzML,500.304,0,7.07,7.07,7.38,TDCA,,#N/A
P9_A12_BHI_50DMSO_25MeOH.mzML,500.304,0,7.07,7.07,7.38,TDCA,,#N/A
P9_B1_TLCA_Dny_BSH2_48h.mzML,500.304,86159,7.07,7.07,7.38,TDCA,,#N/A
P9_B2_TDCA_Dny_BSH2_48h.mzML,500.304,113784288,7.07,7.07,7.38,TDCA,,#N/A
P9_B3_TCDCA_Dny_BSH2_48h.mzML,500.304,165897,7.08,7.07,7.38,TDCA,,#N/A
P9_B4_TUDCA_Dny_BSH2_48h.mzML,500.304,0,7.07,7.07,7.38,TDCA,,#N/A
P9_B5_TCA_Dny_BSH2_48h.mzML,500.304,495005,7.1,7.07,7.38,TDCA,,#N/A
P9_B6_GLCA_Dny_BSH2_48h.mzML,500.304,9488,7.09,7.07,7.38,TDCA,,#N/A
P9_B7_GDCA_Dny_BSH2_48h.mzML,500.304,0,7.07,7.07,7.38,TDCA,,#N/A
P9_B8_GCDCA_Dny_BSH2_48h.mzML,500.304,0,7.07,7.07,7.38,TDCA,,#N/A
P9_B9_GUDCA_Dny_BSH2_48h.mzML,500.304,0,7.07,7.07,7.38,TDCA,,#N/A
P9_B10_GCA_Dny_BSH2_48h.mzML,500.304,0,7.07,7.07,7.38,TDCA,,#N/A
P9_B11_BHI_50MeOH.mzML,500.304,0,7.07,7.07,7.38,TDCA,,#N/A
P9_B12_BHI_50DMSO_25MeOH.mzML,500.304,0,7.07,7.07,7.38,TDCA,,#N/A
P9_C1_TLCA_Lgasseri_BSH_48h.mzML,500.304,0,7.07,7.07,7.38,TDCA,,#N/A
P9_C2_TDCA_Lgasseri_BSH_48h.mzML,500.304,154858,7.08,7.07,7.38,TDCA,,#N/A
P9_C3_TCDCA_Lgasseri_BSH_48h.mzML,500.304,0,7.07,7.07,7.38,TDCA,,#N/A
P9_C4_TUDCA_Lgasseri_BSH_48h.mzML,500.304,0,7.07,7.07,7.38,TDCA,,#N/A
P9_C5_TCA_Lgasseri_BSH_48h.mzML,500.304,0,7.07,7.07,7.38,TDCA,,#N/A
P9_C6_GLCA_Lgasseri_BSH_48h.mzML,500.304,0,7.07,7.07,7.38,TDCA,,#N/A
P9_C7_GDCA_Lgasseri_BSH_48h.mzML,500.304,0,7.07,7.07,7.38,TDCA,,#N/A
P9_C8_GCDCA_Lgasseri_BSH_48h.mzML,500.304,0,7.07,7.07,7.38,TDCA,,#N/A
P9_C9_GUDCA_Lgasseri_BSH_48h.mzML,500.304,0,7.07,7.07,7.38,TDCA,,#N/A
P9_C10_GCA_Lgasseri_BSH_48h.mzML,500.304,0,7.07,7.07,7.38,TDCA,,#N/A
P9_C11_BHI_50MeOH.mzML,500.304,0,7.07,7.07,7.38,TDCA,,#N/A
P9_C12_BHI_50DMSO_25MeOH.mzML,500.304,0,7.07,7.07,7.38,TDCA,,#N/A
P9_D1_TLCA_LCAG-95_BSH1208_48h.mzML,500.304,54940,7.1,7.07,7.38,TDCA,,#N/A
P9_D2_TDCA_LCAG-95_BSH1208_48h.mzML,500.304,51291976,7.08,7.07,7.38,TDCA,,#N/A
P9_D3_TCDCA_LCAG-95_BSH1208_48h.mzML,500.304,0,7.07,7.07,7.38,TDCA,,#N/A
P9_D4_TUDCA_LCAG-95_BSH1208_48h.mzML,500.304,0,7.07,7.07,7.38,TDCA,,#N/A
P9_D5_TCA_LCAG-95_BSH1208_48h.mzML,500.304,88589,7.13,7.07,7.38,TDCA,,#N/A
P9_D6_GLCA_LCAG-95_BSH1208_48h.mzML,500.304,0,7.07,7.07,7.38,TDCA,,#N/A
P9_D7_GDCA_LCAG-95_BSH1208_48h.mzML,500.304,2256,7.08,7.07,7.38,TDCA,,#N/A
P9_D8_GCDCA_LCAG-95_BSH1208_48h.mzML,500.304,0,7.07,7.07,7.38,TDCA,,#N/A
P9_D9_GUDCA_LCAG-95_BSH1208_48h.mzML,500.304,0,7.07,7.07,7.38,TDCA,,#N/A
P9_D10_GCA_LCAG-95_BSH1208_48h.mzML,500.304,0,7.07,7.07,7.38,TDCA,,#N/A
P9_D11_BHI_50MeOH.mzML,500.304,0,7.07,7.07,7.38,TDCA,,#N/A
P9_D12_BHI_50DMSO_25MeOH.mzML,500.304,0,7.07,7.07,7.38,TDCA,,#N/A
P9_E1_TLCA_Ep_BSH101_48h.mzML,500.304,207485,7.11,7.07,7.38,TDCA,,#N/A
P9_E2_TDCA_Ep_BSH101_48h.mzML,500.304,335922656,7.08,7.07,7.38,TDCA,,#N/A
P9_E3_TCDCA_Ep_BSH101_48h.mzML,500.304,196816,7.07,7.07,7.38,TDCA,,#N/A
P9_E4_TUDCA_Ep_BSH101_48h.mzML,500.304,10378,7.08,7.07,7.38,TDCA,,#N/A
P9_E5_TCA_Ep_BSH101_48h.mzML,500.304,942270,7.12,7.07,7.38,TDCA,,#N/A
P9_E6_GLCA_Ep_BSH101_48h.mzML,500.304,40532,7.17,7.07,7.38,TDCA,,#N/A
P9_E7_GDCA_Ep_BSH101_48h.mzML,500.304,761,7.19,7.07,7.38,TDCA,,#N/A
P9_E8_GCDCA_Ep_BSH101_48h.mzML,500.304,0,7.07,7.07,7.38,TDCA,,#N/A
P9_E9_GUDCA_Ep_BSH101_48h.mzML,500.304,0,7.07,7.07,7.38,TDCA,,#N/A
P9_E10_GCA_Ep_BSH101_48h.mzML,500.304,0,7.07,7.07,7.38,TDCA,,#N/A
P9_E11_BHI_50MeOH.mzML,500.304,0,7.07,7.07,7.38,TDCA,,#N/A
P9_E12_BHI_50DMSO_25MeOH.mzML,500.304,0,7.07,7.07,7.38,TDCA,,#N/A
P9_F1_TLCA_AZ-52_48h.mzML,500.304,0,7.07,7.07,7.38,TDCA,,#N/A
P9_F2_TDCA_AZ-52_48h.mzML,500.304,93502,7.12,7.07,7.38,TDCA,,#N/A
P9_F3_TCDCA_AZ-52_48h.mzML,500.304,0,7.07,7.07,7.38,TDCA,,#N/A
P9_F4_TUDCA_AZ-52_48h.mzML,500.304,0,7.07,7.07,7.38,TDCA,,#N/A
P9_F5_TCA_AZ-52_48h.mzML,500.304,0,7.07,7.07,7.38,TDCA,,#N/A
P9_F6_GLCA_AZ-52_48h.mzML,500.304,0,7.07,7.07,7.38,TDCA,,#N/A
P9_F7_GDCA_AZ-52_48h.mzML,500.304,0,7.07,7.07,7.38,TDCA,,#N/A
P9_F8_GCDCA_AZ-52_48h.mzML,500.304,0,7.07,7.07,7.38,TDCA,,#N/A
P9_F9_GUDCA_AZ-52_48h.mzML,500.304,0,7.07,7.07,7.38,TDCA,,#N/A
P9_F10_GCA_AZ-52_48h.mzML,500.304,0,7.07,7.07,7.38,TDCA,,#N/A
P9_F11_BHI_50MeOH.mzML,500.304,0,7.07,7.07,7.38,TDCA,,#N/A
P9_F12_BHI_50DMSO_25MeOH.mzML,500.304,0,7.07,7.07,7.38,TDCA,,#N/A
P9_G1_TLCA_EcAZ-1-cat_48h.mzML,500.304,241253,7.22,7.07,7.38,TDCA,,#N/A
P9_G2_TDCA_EcAZ-1-cat_48h.mzML,500.304,525134656,7.12,7.07,7.38,TDCA,,#N/A
P9_G3_TCDCA_EcAZ-1-cat_48h.mzML,500.304,291307,7.07,7.07,7.38,TDCA,,#N/A
P9_G4_TUDCA_EcAZ-1-cat_48h.mzML,500.304,20941,7.17,7.07,7.38,TDCA,,#N/A
P9_G5_TCA_EcAZ-1-cat_48h.mzML,500.304,1324947,7.2,7.07,7.38,TDCA,,#N/A
P9_G6_GLCA_EcAZ-1-cat_48h.mzML,500.304,66951,7.15,7.07,7.38,TDCA,,#N/A
P9_G7_GDCA_EcAZ-1-cat_48h.mzML,500.304,0,7.07,7.07,7.38,TDCA,,#N/A
P9_G8_GCDCA_EcAZ-1-cat_48h.mzML,500.304,0,7.07,7.07,7.38,TDCA,,#N/A
P9_G9_GUDCA_EcAZ-1-cat_48h.mzML,500.304,0,7.07,7.07,7.38,TDCA,,#N/A
P9_G10_GCA_EcAZ-1-cat_48h.mzML,500.304,0,7.07,7.07,7.38,TDCA,,#N/A
P9_G11_BHI_50MeOH.mzML,500.304,0,7.07,7.07,7.38,TDCA,,#N/A
P9_G12_BHI_50DMSO_25MeOH.mzML,500.304,0,7.07,7.07,7.38,TDCA,,#N/A
P9_H1_TLCA_ctrl_48h.mzML,500.304,277483,7.18,7.07,7.38,TDCA,,#N/A
P9_H2_TDCA_ctrl_48h.mzML,500.304,580219008,7.12,7.07,7.38,TDCA,,#N/A
P9_H3_TCDCA_ctrl_48h.mzML,500.304,278242,7.07,7.07,7.38,TDCA,,#N/A
P9_H4_TUDCA_ctrl_48h.mzML,500.304,11879,7.12,7.07,7.38,TDCA,,#N/A
P9_H5_TCA_ctrl_48h.mzML,500.304,1403465,7.24,7.07,7.38,TDCA,,#N/A
P9_H6_GLCA_ctrl_48h.mzML,500.304,67268,7.18,7.07,7.38,TDCA,,#N/A
P9_H7_GDCA_ctrl_48h.mzML,500.304,0,7.07,7.07,7.38,TDCA,,#N/A
P9_H8_GCDCA_ctrl_48h.mzML,500.304,0,7.07,7.07,7.38,TDCA,,#N/A
P9_H9_GUDCA_ctrl_48h.mzML,500.304,0,7.07,7.07,7.38,TDCA,,#N/A
P9_H10_GCA_ctrl_48h.mzML,500.304,0,7.07,7.07,7.38,TDCA,,#N/A
P9_H11_BHI_50MeOH.mzML,500.304,0,7.07,7.07,7.38,TDCA,,#N/A
P9_H12_BHI_50DMSO_25MeOH.mzML,500.304,0,7.07,7.07,7.38,TDCA,,#N/A
TCA_std.mzML,500.304,0,7.07,7.07,7.38,TDCA,,#N/A
TCDCA_std.mzML,500.304,6586,7.08,7.07,7.38,TDCA,,#N/A
TDCA_std.mzML,500.304,463019,7.07,7.07,7.38,TDCA,,#N/A
TLCA_std.mzML,500.304,0,7.07,7.07,7.38,TDCA,,#N/A
TUDCA_std.mzML,500.304,8665,7.15,7.07,7.38,TDCA,,#N/A
UDCA_aminoacids.mzML,500.304,0,7.07,7.07,7.38,TDCA,,#N/A
CA_aminoacids.mzML,484.3091,0,8.63,8.63,8.76,TLCA,,#N/A
CA_DCA_LCA_aminoacids.mzML,484.3091,0,8.63,8.63,8.76,TLCA,,#N/A
CDCA_aminoacids.mzML,484.3091,0,8.63,8.63,8.76,TLCA,,#N/A
DCA_aminoacids.mzML,484.3091,0,8.63,8.63,8.76,TLCA,,#N/A
DCA_aminoacids_2.mzML,484.3091,0,8.63,8.63,8.76,TLCA,,#N/A
GCA_std.mzML,484.3091,0,8.63,8.63,8.76,TLCA,,#N/A
GCDCA_std.mzML,484.3091,0,8.63,8.63,8.76,TLCA,,#N/A
GDCA_std.mzML,484.3091,0,8.63,8.63,8.76,TLCA,,#N/A
GLCA_std.mzML,484.3091,0,8.63,8.63,8.76,TLCA,,#N/A
GUDCA_std.mzML,484.3091,0,8.63,8.63,8.76,TLCA,,#N/A
P6_A1_TLCA_Dny_BSH1_48h.mzML,484.3091,5691844,8.69,8.63,8.76,TLCA,,#N/A
P6_A2_TDCA_Dny_BSH1_48h.mzML,484.3091,0,8.63,8.63,8.76,TLCA,,#N/A
P6_A3_TCDCA_Dny_BSH1_48h.mzML,484.3091,0,8.63,8.63,8.76,TLCA,,#N/A
P6_A4_TUDCA_Dny_BSH1_48h.mzML,484.3091,0,8.63,8.63,8.76,TLCA,,#N/A
P6_A5_TCA_Dny_BSH1_48h.mzML,484.3091,0,8.63,8.63,8.76,TLCA,,#N/A
P6_A6_GLCA_Dny_BSH1_48h.mzML,484.3091,0,8.63,8.63,8.76,TLCA,,#N/A
P6_A7_GDCA_Dny_BSH1_48h.mzML,484.3091,0,8.63,8.63,8.76,TLCA,,#N/A
P6_A8_GCDCA_Dny_BSH1_48h.mzML,484.3091,0,8.63,8.63,8.76,TLCA,,#N/A
P6_A9_GUDCA_Dny_BSH1_48h.mzML,484.3091,0,8.63,8.63,8.76,TLCA,,#N/A
P6_A10_GCA_Dny_BSH1_48h.mzML,484.3091,0,8.63,8.63,8.76,TLCA,,#N/A
P6_A11_BHI_50MeOH.mzML,484.3091,0,8.63,8.63,8.76,TLCA,,#N/A
P6_A12_BHI_50DMSO_25MeOH.mzML,484.3091,0,8.63,8.63,8.76,TLCA,,#N/A
P6_B1_TLCA_Dny_BSH2_48h.mzML,484.3091,130767648,8.68,8.63,8.76,TLCA,,#N/A
P6_B2_TDCA_Dny_BSH2_48h.mzML,484.3091,0,8.63,8.63,8.76,TLCA,,#N/A
P6_B3_TCDCA_Dny_BSH2_48h.mzML,484.3091,0,8.63,8.63,8.76,TLCA,,#N/A
P6_B4_TUDCA_Dny_BSH2_48h.mzML,484.3091,0,8.63,8.63,8.76,TLCA,,#N/A
P6_B5_TCA_Dny_BSH2_48h.mzML,484.3091,0,8.63,8.63,8.76,TLCA,,#N/A
P6_B6_GLCA_Dny_BSH2_48h.mzML,484.3091,0,8.63,8.63,8.76,TLCA,,#N/A
P6_B7_GDCA_Dny_BSH2_48h.mzML,484.3091,0,8.63,8.63,8.76,TLCA,,#N/A
P6_B8_GCDCA_Dny_BSH2_48h.mzML,484.3091,0,8.63,8.63,8.76,TLCA,,#N/A
P6_B9_GUDCA_Dny_BSH2_48h.mzML,484.3091,0,8.63,8.63,8.76,TLCA,,#N/A
P6_B10_GCA_Dny_BSH2_48h.mzML,484.3091,0,8.63,8.63,8.76,TLCA,,#N/A
P6_B11_BHI_50MeOH.mzML,484.3091,0,8.63,8.63,8.76,TLCA,,#N/A
P6_B12_BHI_50DMSO_25MeOH.mzML,484.3091,0,8.63,8.63,8.76,TLCA,,#N/A
P6_C1_TLCA_Lgasseri_BSH_48h.mzML,484.3091,505196,8.69,8.63,8.76,TLCA,,#N/A
P6_C2_TDCA_Lgasseri_BSH_48h.mzML,484.3091,0,8.63,8.63,8.76,TLCA,,#N/A
P6_C3_TCDCA_Lgasseri_BSH_48h.mzML,484.3091,0,8.63,8.63,8.76,TLCA,,#N/A
P6_C4_TUDCA_Lgasseri_BSH_48h.mzML,484.3091,0,8.63,8.63,8.76,TLCA,,#N/A
P6_C5_TCA_Lgasseri_BSH_48h.mzML,484.3091,0,8.63,8.63,8.76,TLCA,,#N/A
P6_C6_GLCA_Lgasseri_BSH_48h.mzML,484.3091,0,8.63,8.63,8.76,TLCA,,#N/A
P6_C7_GDCA_Lgasseri_BSH_48h.mzML,484.3091,0,8.63,8.63,8.76,TLCA,,#N/A
P6_C8_GCDCA_Lgasseri_BSH_48h.mzML,484.3091,0,8.63,8.63,8.76,TLCA,,#N/A
P6_C9_GUDCA_Lgasseri_BSH_48h.mzML,484.3091,0,8.63,8.63,8.76,TLCA,,#N/A
P6_C10_GCA_Lgasseri_BSH_48h.mzML,484.3091,0,8.63,8.63,8.76,TLCA,,#N/A
P6_C11_BHI_50MeOH.mzML,484.3091,0,8.63,8.63,8.76,TLCA,,#N/A
P6_C12_BHI_50DMSO_25MeOH.mzML,484.3091,0,8.63,8.63,8.76,TLCA,,#N/A
P6_D1_TLCA_LCAG-95_BSH1208_48h.mzML,484.3091,2935173,8.69,8.63,8.76,TLCA,,#N/A
P6_D2_TDCA_LCAG-95_BSH1208_48h.mzML,484.3091,0,8.63,8.63,8.76,TLCA,,#N/A
P6_D3_TCDCA_LCAG-95_BSH1208_48h.mzML,484.3091,0,8.63,8.63,8.76,TLCA,,#N/A
P6_D4_TUDCA_LCAG-95_BSH1208_48h.mzML,484.3091,0,8.63,8.63,8.76,TLCA,,#N/A
P6_D5_TCA_LCAG-95_BSH1208_48h.mzML,484.3091,0,8.63,8.63,8.76,TLCA,,#N/A
P6_D6_GLCA_LCAG-95_BSH1208_48h.mzML,484.3091,0,8.63,8.63,8.76,TLCA,,#N/A
P6_D7_GDCA_LCAG-95_BSH1208_48h.mzML,484.3091,0,8.63,8.63,8.76,TLCA,,#N/A
P6_D8_GCDCA_LCAG-95_BSH1208_48h.mzML,484.3091,0,8.63,8.63,8.76,TLCA,,#N/A
P6_D9_GUDCA_LCAG-95_BSH1208_48h.mzML,484.3091,0,8.63,8.63,8.76,TLCA,,#N/A
P6_D10_GCA_LCAG-95_BSH1208_48h.mzML,484.3091,0,8.63,8.63,8.76,TLCA,,#N/A
P6_D11_BHI_50MeOH.mzML,484.3091,0,8.63,8.63,8.76,TLCA,,#N/A
P6_D12_BHI_50DMSO_25MeOH.mzML,484.3091,0,8.63,8.63,8.76,TLCA,,#N/A
P6_E1_TLCA_Ep_BSH101_48h.mzML,484.3091,172742080,8.68,8.63,8.76,TLCA,,#N/A
P6_E2_TDCA_Ep_BSH101_48h.mzML,484.3091,0,8.63,8.63,8.76,TLCA,,#N/A
P6_E3_TCDCA_Ep_BSH101_48h.mzML,484.3091,0,8.63,8.63,8.76,TLCA,,#N/A
P6_E4_TUDCA_Ep_BSH101_48h.mzML,484.3091,103634,8.67,8.63,8.76,TLCA,,#N/A
P6_E5_TCA_Ep_BSH101_48h.mzML,484.3091,0,8.63,8.63,8.76,TLCA,,#N/A
P6_E6_GLCA_Ep_BSH101_48h.mzML,484.3091,0,8.63,8.63,8.76,TLCA,,#N/A
P6_E7_GDCA_Ep_BSH101_48h.mzML,484.3091,0,8.63,8.63,8.76,TLCA,,#N/A
P6_E8_GCDCA_Ep_BSH101_48h.mzML,484.3091,0,8.63,8.63,8.76,TLCA,,#N/A
P6_E9_GUDCA_Ep_BSH101_48h.mzML,484.3091,0,8.63,8.63,8.76,TLCA,,#N/A
P6_E10_GCA_Ep_BSH101_48h.mzML,484.3091,0,8.63,8.63,8.76,TLCA,,#N/A
P6_E11_BHI_50MeOH.mzML,484.3091,0,8.63,8.63,8.76,TLCA,,#N/A
P6_E12_BHI_50DMSO_25MeOH.mzML,484.3091,0,8.63,8.63,8.76,TLCA,,#N/A
P6_F1_TLCA_AZ-52_48h.mzML,484.3091,652237,8.68,8.63,8.76,TLCA,,#N/A
P6_F2_TDCA_AZ-52_48h.mzML,484.3091,0,8.63,8.63,8.76,TLCA,,#N/A
P6_F3_TCDCA_AZ-52_48h.mzML,484.3091,0,8.63,8.63,8.76,TLCA,,#N/A
P6_F4_TUDCA_AZ-52_48h.mzML,484.3091,0,8.63,8.63,8.76,TLCA,,#N/A
P6_F5_TCA_AZ-52_48h.mzML,484.3091,0,8.63,8.63,8.76,TLCA,,#N/A
P6_F6_GLCA_AZ-52_48h.mzML,484.3091,0,8.63,8.63,8.76,TLCA,,#N/A
P6_F7_GDCA_AZ-52_48h.mzML,484.3091,0,8.63,8.63,8.76,TLCA,,#N/A
P6_F8_GCDCA_AZ-52_48h.mzML,484.3091,0,8.63,8.63,8.76,TLCA,,#N/A
P6_F9_GUDCA_AZ-52_48h.mzML,484.3091,0,8.63,8.63,8.76,TLCA,,#N/A
P6_F10_GCA_AZ-52_48h.mzML,484.3091,0,8.63,8.63,8.76,TLCA,,#N/A
P6_F11_BHI_50MeOH.mzML,484.3091,0,8.63,8.63,8.76,TLCA,,#N/A
P6_F12_BHI_50DMSO_25MeOH.mzML,484.3091,0,8.63,8.63,8.76,TLCA,,#N/A
P6_G1_TLCA_EcAZ-1-cat_48h.mzML,484.3091,141729152,8.67,8.63,8.76,TLCA,,#N/A
P6_G2_TDCA_EcAZ-1-cat_48h.mzML,484.3091,0,8.63,8.63,8.76,TLCA,,#N/A
P6_G3_TCDCA_EcAZ-1-cat_48h.mzML,484.3091,0,8.63,8.63,8.76,TLCA,,#N/A
P6_G4_TUDCA_EcAZ-1-cat_48h.mzML,484.3091,0,8.63,8.63,8.76,TLCA,,#N/A
P6_G5_TCA_EcAZ-1-cat_48h.mzML,484.3091,0,8.63,8.63,8.76,TLCA,,#N/A
P6_G6_GLCA_EcAZ-1-cat_48h.mzML,484.3091,0,8.63,8.63,8.76,TLCA,,#N/A
P6_G7_GDCA_EcAZ-1-cat_48h.mzML,484.3091,0,8.63,8.63,8.76,TLCA,,#N/A
P6_G8_GCDCA_EcAZ-1-cat_48h.mzML,484.3091,0,8.63,8.63,8.76,TLCA,,#N/A
P6_G9_GUDCA_EcAZ-1-cat_48h.mzML,484.3091,0,8.63,8.63,8.76,TLCA,,#N/A
P6_G10_GCA_EcAZ-1-cat_48h.mzML,484.3091,0,8.63,8.63,8.76,TLCA,,#N/A
P6_G11_BHI_50MeOH.mzML,484.3091,0,8.63,8.63,8.76,TLCA,,#N/A
P6_G12_BHI_50DMSO_25MeOH.mzML,484.3091,0,8.63,8.63,8.76,TLCA,,#N/A
P6_H1_TLCA_ctrl_48h.mzML,484.3091,150097152,8.67,8.63,8.76,TLCA,,#N/A
P6_H2_TDCA_ctrl_48h.mzML,484.3091,0,8.63,8.63,8.76,TLCA,,#N/A
P6_H3_TCDCA_ctrl_48h.mzML,484.3091,0,8.63,8.63,8.76,TLCA,,#N/A
P6_H4_TUDCA_ctrl_48h.mzML,484.3091,163590,8.69,8.63,8.76,TLCA,,#N/A
P6_H5_TCA_ctrl_48h.mzML,484.3091,0,8.63,8.63,8.76,TLCA,,#N/A
P6_H6_GLCA_ctrl_48h.mzML,484.3091,0,8.63,8.63,8.76,TLCA,,#N/A
P6_H7_GDCA_ctrl_48h.mzML,484.3091,0,8.63,8.63,8.76,TLCA,,#N/A
P6_H8_GCDCA_ctrl_48h.mzML,484.3091,0,8.63,8.63,8.76,TLCA,,#N/A
P6_H9_GUDCA_ctrl_48h.mzML,484.3091,0,8.63,8.63,8.76,TLCA,,#N/A
P6_H10_GCA_ctrl_48h.mzML,484.3091,0,8.63,8.63,8.76,TLCA,,#N/A
P6_H11_BHI_50MeOH.mzML,484.3091,0,8.63,8.63,8.76,TLCA,,#N/A
P6_H12_BHI_50DMSO_25MeOH.mzML,484.3091,0,8.63,8.63,8.76,TLCA,,#N/A
P9_A1_TLCA_Dny_BSH1_48h.mzML,484.3091,5999732,8.64,8.63,8.76,TLCA,,#N/A
P9_A2_TDCA_Dny_BSH1_48h.mzML,484.3091,0,8.63,8.63,8.76,TLCA,,#N/A
P9_A3_TCDCA_Dny_BSH1_48h.mzML,484.3091,0,8.63,8.63,8.76,TLCA,,#N/A
P9_A4_TUDCA_Dny_BSH1_48h.mzML,484.3091,0,8.63,8.63,8.76,TLCA,,#N/A
P9_A5_TCA_Dny_BSH1_48h.mzML,484.3091,0,8.63,8.63,8.76,TLCA,,#N/A
P9_A6_GLCA_Dny_BSH1_48h.mzML,484.3091,0,8.63,8.63,8.76,TLCA,,#N/A
P9_A7_GDCA_Dny_BSH1_48h.mzML,484.3091,0,8.63,8.63,8.76,TLCA,,#N/A
P9_A8_GCDCA_Dny_BSH1_48h.mzML,484.3091,0,8.63,8.63,8.76,TLCA,,#N/A
P9_A9_GUDCA_Dny_BSH1_48h.mzML,484.3091,0,8.63,8.63,8.76,TLCA,,#N/A
P9_A10_GCA_Dny_BSH1_48h.mzML,484.3091,0,8.63,8.63,8.76,TLCA,,#N/A
P9_A11_BHI_50MeOH.mzML,484.3091,0,8.63,8.63,8.76,TLCA,,#N/A
P9_A12_BHI_50DMSO_25MeOH.mzML,484.3091,0,8.63,8.63,8.76,TLCA,,#N/A
P9_B1_TLCA_Dny_BSH2_48h.mzML,484.3091,91221000,8.64,8.63,8.76,TLCA,,#N/A
P9_B2_TDCA_Dny_BSH2_48h.mzML,484.3091,0,8.63,8.63,8.76,TLCA,,#N/A
P9_B3_TCDCA_Dny_BSH2_48h.mzML,484.3091,31734,8.65,8.63,8.76,TLCA,,#N/A
P9_B4_TUDCA_Dny_BSH2_48h.mzML,484.3091,0,8.63,8.63,8.76,TLCA,,#N/A
P9_B5_TCA_Dny_BSH2_48h.mzML,484.3091,0,8.63,8.63,8.76,TLCA,,#N/A
P9_B6_GLCA_Dny_BSH2_48h.mzML,484.3091,0,8.63,8.63,8.76,TLCA,,#N/A
P9_B7_GDCA_Dny_BSH2_48h.mzML,484.3091,0,8.63,8.63,8.76,TLCA,,#N/A
P9_B8_GCDCA_Dny_BSH2_48h.mzML,484.3091,10448,8.63,8.63,8.76,TLCA,,#N/A
P9_B9_GUDCA_Dny_BSH2_48h.mzML,484.3091,0,8.63,8.63,8.76,TLCA,,#N/A
P9_B10_GCA_Dny_BSH2_48h.mzML,484.3091,0,8.63,8.63,8.76,TLCA,,#N/A
P9_B11_BHI_50MeOH.mzML,484.3091,0,8.63,8.63,8.76,TLCA,,#N/A
P9_B12_BHI_50DMSO_25MeOH.mzML,484.3091,0,8.63,8.63,8.76,TLCA,,#N/A
P9_C1_TLCA_Lgasseri_BSH_48h.mzML,484.3091,234405,8.65,8.63,8.76,TLCA,,#N/A
P9_C2_TDCA_Lgasseri_BSH_48h.mzML,484.3091,0,8.63,8.63,8.76,TLCA,,#N/A
P9_C3_TCDCA_Lgasseri_BSH_48h.mzML,484.3091,0,8.63,8.63,8.76,TLCA,,#N/A
P9_C4_TUDCA_Lgasseri_BSH_48h.mzML,484.3091,0,8.63,8.63,8.76,TLCA,,#N/A
P9_C5_TCA_Lgasseri_BSH_48h.mzML,484.3091,0,8.63,8.63,8.76,TLCA,,#N/A
P9_C6_GLCA_Lgasseri_BSH_48h.mzML,484.3091,0,8.63,8.63,8.76,TLCA,,#N/A
P9_C7_GDCA_Lgasseri_BSH_48h.mzML,484.3091,0,8.63,8.63,8.76,TLCA,,#N/A
P9_C8_GCDCA_Lgasseri_BSH_48h.mzML,484.3091,0,8.63,8.63,8.76,TLCA,,#N/A
P9_C9_GUDCA_Lgasseri_BSH_48h.mzML,484.3091,0,8.63,8.63,8.76,TLCA,,#N/A
P9_C10_GCA_Lgasseri_BSH_48h.mzML,484.3091,0,8.63,8.63,8.76,TLCA,,#N/A
P9_C11_BHI_50MeOH.mzML,484.3091,0,8.63,8.63,8.76,TLCA,,#N/A
P9_C12_BHI_50DMSO_25MeOH.mzML,484.3091,0,8.63,8.63,8.76,TLCA,,#N/A
P9_D1_TLCA_LCAG-95_BSH1208_48h.mzML,484.3091,3788808,8.66,8.63,8.76,TLCA,,#N/A
P9_D2_TDCA_LCAG-95_BSH1208_48h.mzML,484.3091,0,8.63,8.63,8.76,TLCA,,#N/A
P9_D3_TCDCA_LCAG-95_BSH1208_48h.mzML,484.3091,0,8.63,8.63,8.76,TLCA,,#N/A
P9_D4_TUDCA_LCAG-95_BSH1208_48h.mzML,484.3091,0,8.63,8.63,8.76,TLCA,,#N/A
P9_D5_TCA_LCAG-95_BSH1208_48h.mzML,484.3091,0,8.63,8.63,8.76,TLCA,,#N/A
P9_D6_GLCA_LCAG-95_BSH1208_48h.mzML,484.3091,0,8.63,8.63,8.76,TLCA,,#N/A
P9_D7_GDCA_LCAG-95_BSH1208_48h.mzML,484.3091,0,8.63,8.63,8.76,TLCA,,#N/A
P9_D8_GCDCA_LCAG-95_BSH1208_48h.mzML,484.3091,0,8.63,8.63,8.76,TLCA,,#N/A
P9_D9_GUDCA_LCAG-95_BSH1208_48h.mzML,484.3091,0,8.63,8.63,8.76,TLCA,,#N/A
P9_D10_GCA_LCAG-95_BSH1208_48h.mzML,484.3091,0,8.63,8.63,8.76,TLCA,,#N/A
P9_D11_BHI_50MeOH.mzML,484.3091,0,8.63,8.63,8.76,TLCA,,#N/A
P9_D12_BHI_50DMSO_25MeOH.mzML,484.3091,0,8.63,8.63,8.76,TLCA,,#N/A
P9_E1_TLCA_Ep_BSH101_48h.mzML,484.3091,126524976,8.65,8.63,8.76,TLCA,,#N/A
P9_E2_TDCA_Ep_BSH101_48h.mzML,484.3091,0,8.63,8.63,8.76,TLCA,,#N/A
P9_E3_TCDCA_Ep_BSH101_48h.mzML,484.3091,43176,8.64,8.63,8.76,TLCA,,#N/A
P9_E4_TUDCA_Ep_BSH101_48h.mzML,484.3091,55233,8.66,8.63,8.76,TLCA,,#N/A
P9_E5_TCA_Ep_BSH101_48h.mzML,484.3091,0,8.63,8.63,8.76,TLCA,,#N/A
P9_E6_GLCA_Ep_BSH101_48h.mzML,484.3091,0,8.63,8.63,8.76,TLCA,,#N/A
P9_E7_GDCA_Ep_BSH101_48h.mzML,484.3091,21645,8.64,8.63,8.76,TLCA,,#N/A
P9_E8_GCDCA_Ep_BSH101_48h.mzML,484.3091,0,8.63,8.63,8.76,TLCA,,#N/A
P9_E9_GUDCA_Ep_BSH101_48h.mzML,484.3091,0,8.63,8.63,8.76,TLCA,,#N/A
P9_E10_GCA_Ep_BSH101_48h.mzML,484.3091,0,8.63,8.63,8.76,TLCA,,#N/A
P9_E11_BHI_50MeOH.mzML,484.3091,0,8.63,8.63,8.76,TLCA,,#N/A
P9_E12_BHI_50DMSO_25MeOH.mzML,484.3091,0,8.63,8.63,8.76,TLCA,,#N/A
P9_F1_TLCA_AZ-52_48h.mzML,484.3091,318543,8.67,8.63,8.76,TLCA,,#N/A
P9_F2_TDCA_AZ-52_48h.mzML,484.3091,0,8.63,8.63,8.76,TLCA,,#N/A
P9_F3_TCDCA_AZ-52_48h.mzML,484.3091,0,8.63,8.63,8.76,TLCA,,#N/A
P9_F4_TUDCA_AZ-52_48h.mzML,484.3091,0,8.63,8.63,8.76,TLCA,,#N/A
P9_F5_TCA_AZ-52_48h.mzML,484.3091,0,8.63,8.63,8.76,TLCA,,#N/A
P9_F6_GLCA_AZ-52_48h.mzML,484.3091,0,8.63,8.63,8.76,TLCA,,#N/A
P9_F7_GDCA_AZ-52_48h.mzML,484.3091,0,8.63,8.63,8.76,TLCA,,#N/A
P9_F8_GCDCA_AZ-52_48h.mzML,484.3091,0,8.63,8.63,8.76,TLCA,,#N/A
P9_F9_GUDCA_AZ-52_48h.mzML,484.3091,0,8.63,8.63,8.76,TLCA,,#N/A
P9_F10_GCA_AZ-52_48h.mzML,484.3091,0,8.63,8.63,8.76,TLCA,,#N/A
P9_F11_BHI_50MeOH.mzML,484.3091,0,8.63,8.63,8.76,TLCA,,#N/A
P9_F12_BHI_50DMSO_25MeOH.mzML,484.3091,0,8.63,8.63,8.76,TLCA,,#N/A
P9_G1_TLCA_EcAZ-1-cat_48h.mzML,484.3091,134189112,8.66,8.63,8.76,TLCA,,#N/A
P9_G2_TDCA_EcAZ-1-cat_48h.mzML,484.3091,0,8.63,8.63,8.76,TLCA,,#N/A
P9_G3_TCDCA_EcAZ-1-cat_48h.mzML,484.3091,34919,8.65,8.63,8.76,TLCA,,#N/A
P9_G4_TUDCA_EcAZ-1-cat_48h.mzML,484.3091,39581,8.65,8.63,8.76,TLCA,,#N/A
P9_G5_TCA_EcAZ-1-cat_48h.mzML,484.3091,0,8.63,8.63,8.76,TLCA,,#N/A
P9_G6_GLCA_EcAZ-1-cat_48h.mzML,484.3091,0,8.63,8.63,8.76,TLCA,,#N/A
P9_G7_GDCA_EcAZ-1-cat_48h.mzML,484.3091,0,8.63,8.63,8.76,TLCA,,#N/A
P9_G8_GCDCA_EcAZ-1-cat_48h.mzML,484.3091,0,8.63,8.63,8.76,TLCA,,#N/A
P9_G9_GUDCA_EcAZ-1-cat_48h.mzML,484.3091,0,8.63,8.63,8.76,TLCA,,#N/A
P9_G10_GCA_EcAZ-1-cat_48h.mzML,484.3091,0,8.63,8.63,8.76,TLCA,,#N/A
P9_G11_BHI_50MeOH.mzML,484.3091,0,8.63,8.63,8.76,TLCA,,#N/A
P9_G12_BHI_50DMSO_25MeOH.mzML,484.3091,0,8.63,8.63,8.76,TLCA,,#N/A
P9_H1_TLCA_ctrl_48h.mzML,484.3091,177448960,8.66,8.63,8.76,TLCA,,#N/A
P9_H2_TDCA_ctrl_48h.mzML,484.3091,0,8.63,8.63,8.76,TLCA,,#N/A
P9_H3_TCDCA_ctrl_48h.mzML,484.3091,0,8.63,8.63,8.76,TLCA,,#N/A
P9_H4_TUDCA_ctrl_48h.mzML,484.3091,61885,8.67,8.63,8.76,TLCA,,#N/A
P9_H5_TCA_ctrl_48h.mzML,484.3091,0,8.63,8.63,8.76,TLCA,,#N/A
P9_H6_GLCA_ctrl_48h.mzML,484.3091,0,8.63,8.63,8.76,TLCA,,#N/A
P9_H7_GDCA_ctrl_48h.mzML,484.3091,0,8.63,8.63,8.76,TLCA,,#N/A
P9_H8_GCDCA_ctrl_48h.mzML,484.3091,0,8.63,8.63,8.76,TLCA,,#N/A
P9_H9_GUDCA_ctrl_48h.mzML,484.3091,0,8.63,8.63,8.76,TLCA,,#N/A
P9_H10_GCA_ctrl_48h.mzML,484.3091,0,8.63,8.63,8.76,TLCA,,#N/A
P9_H11_BHI_50MeOH.mzML,484.3091,0,8.63,8.63,8.76,TLCA,,#N/A
P9_H12_BHI_50DMSO_25MeOH.mzML,484.3091,0,8.63,8.63,8.76,TLCA,,#N/A
TCA_std.mzML,484.3091,0,8.63,8.63,8.76,TLCA,,#N/A
TCDCA_std.mzML,484.3091,1778,8.63,8.63,8.76,TLCA,,#N/A
TDCA_std.mzML,484.3091,0,8.63,8.63,8.76,TLCA,,#N/A
TLCA_std.mzML,484.3091,5487299,8.63,8.63,8.76,TLCA,,#N/A
TUDCA_std.mzML,484.3091,26752,8.63,8.63,8.76,TLCA,,#N/A
UDCA_aminoacids.mzML,484.3091,0,8.63,8.63,8.76,TLCA,,#N/A
CA_aminoacids.mzML,500.304,10017,5.15,4.89,5.16,TUDCA,,#N/A
CA_DCA_LCA_aminoacids.mzML,500.304,211560,4.92,4.89,5.16,TUDCA,,#N/A
CDCA_aminoacids.mzML,500.304,0,4.89,4.89,5.16,TUDCA,,#N/A
DCA_aminoacids.mzML,500.304,0,4.89,4.89,5.16,TUDCA,,#N/A
DCA_aminoacids_2.mzML,500.304,0,4.89,4.89,5.16,TUDCA,,#N/A
GCA_std.mzML,500.304,0,4.89,4.89,5.16,TUDCA,,#N/A
GCDCA_std.mzML,500.304,0,4.89,4.89,5.16,TUDCA,,#N/A
GDCA_std.mzML,500.304,0,4.89,4.89,5.16,TUDCA,,#N/A
GLCA_std.mzML,500.304,0,4.89,4.89,5.16,TUDCA,,#N/A
GUDCA_std.mzML,500.304,0,4.89,4.89,5.16,TUDCA,,#N/A
P6_A1_TLCA_Dny_BSH1_48h.mzML,500.304,7341,5.05,4.89,5.16,TUDCA,,#N/A
P6_A2_TDCA_Dny_BSH1_48h.mzML,500.304,9747,5,4.89,5.16,TUDCA,,#N/A
P6_A3_TCDCA_Dny_BSH1_48h.mzML,500.304,64261,5.02,4.89,5.16,TUDCA,,#N/A
P6_A4_TUDCA_Dny_BSH1_48h.mzML,500.304,285196576,4.93,4.89,5.16,TUDCA,,#N/A
P6_A5_TCA_Dny_BSH1_48h.mzML,500.304,25243,4.97,4.89,5.16,TUDCA,,#N/A
P6_A6_GLCA_Dny_BSH1_48h.mzML,500.304,219156,5.02,4.89,5.16,TUDCA,,#N/A
P6_A7_GDCA_Dny_BSH1_48h.mzML,500.304,10400,4.98,4.89,5.16,TUDCA,,#N/A
P6_A8_GCDCA_Dny_BSH1_48h.mzML,500.304,27662,5.06,4.89,5.16,TUDCA,,#N/A
P6_A9_GUDCA_Dny_BSH1_48h.mzML,500.304,98271,5.07,4.89,5.16,TUDCA,,#N/A
P6_A10_GCA_Dny_BSH1_48h.mzML,500.304,11805,5.07,4.89,5.16,TUDCA,,#N/A
P6_A11_BHI_50MeOH.mzML,500.304,2219,5.05,4.89,5.16,TUDCA,,#N/A
P6_A12_BHI_50DMSO_25MeOH.mzML,500.304,29223,5.07,4.89,5.16,TUDCA,,#N/A
P6_B1_TLCA_Dny_BSH2_48h.mzML,500.304,0,4.89,4.89,5.16,TUDCA,,#N/A
P6_B2_TDCA_Dny_BSH2_48h.mzML,500.304,4143,4.92,4.89,5.16,TUDCA,,#N/A
P6_B3_TCDCA_Dny_BSH2_48h.mzML,500.304,7207,4.94,4.89,5.16,TUDCA,,#N/A
P6_B4_TUDCA_Dny_BSH2_48h.mzML,500.304,238865824,4.92,4.89,5.16,TUDCA,,#N/A
P6_B5_TCA_Dny_BSH2_48h.mzML,500.304,16079,4.96,4.89,5.16,TUDCA,,#N/A
P6_B6_GLCA_Dny_BSH2_48h.mzML,500.304,197539,4.98,4.89,5.16,TUDCA,,#N/A
P6_B7_GDCA_Dny_BSH2_48h.mzML,500.304,3515,4.94,4.89,5.16,TUDCA,,#N/A
P6_B8_GCDCA_Dny_BSH2_48h.mzML,500.304,9021,5.01,4.89,5.16,TUDCA,,#N/A
P6_B9_GUDCA_Dny_BSH2_48h.mzML,500.304,2828,5.04,4.89,5.16,TUDCA,,#N/A
P6_B10_GCA_Dny_BSH2_48h.mzML,500.304,1221,4.91,4.89,5.16,TUDCA,,#N/A
P6_B11_BHI_50MeOH.mzML,500.304,6191,5.08,4.89,5.16,TUDCA,,#N/A
P6_B12_BHI_50DMSO_25MeOH.mzML,500.304,9731,5.07,4.89,5.16,TUDCA,,#N/A
P6_C1_TLCA_Lgasseri_BSH_48h.mzML,500.304,0,4.89,4.89,5.16,TUDCA,,#N/A
P6_C2_TDCA_Lgasseri_BSH_48h.mzML,500.304,0,4.89,4.89,5.16,TUDCA,,#N/A
P6_C3_TCDCA_Lgasseri_BSH_48h.mzML,500.304,0,4.89,4.89,5.16,TUDCA,,#N/A
P6_C4_TUDCA_Lgasseri_BSH_48h.mzML,500.304,43891,4.96,4.89,5.16,TUDCA,,#N/A
P6_C5_TCA_Lgasseri_BSH_48h.mzML,500.304,0,4.89,4.89,5.16,TUDCA,,#N/A
P6_C6_GLCA_Lgasseri_BSH_48h.mzML,500.304,0,4.89,4.89,5.16,TUDCA,,#N/A
P6_C7_GDCA_Lgasseri_BSH_48h.mzML,500.304,0,4.89,4.89,5.16,TUDCA,,#N/A
P6_C8_GCDCA_Lgasseri_BSH_48h.mzML,500.304,36947,5.01,4.89,5.16,TUDCA,,#N/A
P6_C9_GUDCA_Lgasseri_BSH_48h.mzML,500.304,2724,4.9,4.89,5.16,TUDCA,,#N/A
P6_C10_GCA_Lgasseri_BSH_48h.mzML,500.304,46776,5.07,4.89,5.16,TUDCA,,#N/A
P6_C11_BHI_50MeOH.mzML,500.304,1612,5.02,4.89,5.16,TUDCA,,#N/A
P6_C12_BHI_50DMSO_25MeOH.mzML,500.304,17447,5.02,4.89,5.16,TUDCA,,#N/A
P6_D1_TLCA_LCAG-95_BSH1208_48h.mzML,500.304,3685,5.04,4.89,5.16,TUDCA,,#N/A
P6_D2_TDCA_LCAG-95_BSH1208_48h.mzML,500.304,13944,5.09,4.89,5.16,TUDCA,,#N/A
P6_D3_TCDCA_LCAG-95_BSH1208_48h.mzML,500.304,0,4.89,4.89,5.16,TUDCA,,#N/A
P6_D4_TUDCA_LCAG-95_BSH1208_48h.mzML,500.304,35552596,5.03,4.89,5.16,TUDCA,,#N/A
P6_D5_TCA_LCAG-95_BSH1208_48h.mzML,500.304,5056,4.97,4.89,5.16,TUDCA,,#N/A
P6_D6_GLCA_LCAG-95_BSH1208_48h.mzML,500.304,40502,4.97,4.89,5.16,TUDCA,,#N/A
P6_D7_GDCA_LCAG-95_BSH1208_48h.mzML,500.304,10097,4.97,4.89,5.16,TUDCA,,#N/A
P6_D8_GCDCA_LCAG-95_BSH1208_48h.mzML,500.304,0,4.89,4.89,5.16,TUDCA,,#N/A
P6_D9_GUDCA_LCAG-95_BSH1208_48h.mzML,500.304,1767,4.91,4.89,5.16,TUDCA,,#N/A
P6_D10_GCA_LCAG-95_BSH1208_48h.mzML,500.304,27628,5,4.89,5.16,TUDCA,,#N/A
P6_D11_BHI_50MeOH.mzML,500.304,10431,5.06,4.89,5.16,TUDCA,,#N/A
P6_D12_BHI_50DMSO_25MeOH.mzML,500.304,19319,5.07,4.89,5.16,TUDCA,,#N/A
P6_E1_TLCA_Ep_BSH101_48h.mzML,500.304,5043,5.05,4.89,5.16,TUDCA,,#N/A
P6_E2_TDCA_Ep_BSH101_48h.mzML,500.304,2078,4.99,4.89,5.16,TUDCA,,#N/A
P6_E3_TCDCA_Ep_BSH101_48h.mzML,500.304,12400,5.04,4.89,5.16,TUDCA,,#N/A
P6_E4_TUDCA_Ep_BSH101_48h.mzML,500.304,288170624,4.98,4.89,5.16,TUDCA,,#N/A
P6_E5_TCA_Ep_BSH101_48h.mzML,500.304,20359,4.98,4.89,5.16,TUDCA,,#N/A
P6_E6_GLCA_Ep_BSH101_48h.mzML,500.304,180715,4.97,4.89,5.16,TUDCA,,#N/A
P6_E7_GDCA_Ep_BSH101_48h.mzML,500.304,10214,4.97,4.89,5.16,TUDCA,,#N/A
P6_E8_GCDCA_Ep_BSH101_48h.mzML,500.304,0,4.89,4.89,5.16,TUDCA,,#N/A
P6_E9_GUDCA_Ep_BSH101_48h.mzML,500.304,0,4.89,4.89,5.16,TUDCA,,#N/A
P6_E10_GCA_Ep_BSH101_48h.mzML,500.304,0,4.89,4.89,5.16,TUDCA,,#N/A
P6_E11_BHI_50MeOH.mzML,500.304,26209,5.09,4.89,5.16,TUDCA,,#N/A
P6_E12_BHI_50DMSO_25MeOH.mzML,500.304,49925,5.05,4.89,5.16,TUDCA,,#N/A
P6_F1_TLCA_AZ-52_48h.mzML,500.304,4600,4.92,4.89,5.16,TUDCA,,#N/A
P6_F2_TDCA_AZ-52_48h.mzML,500.304,0,4.89,4.89,5.16,TUDCA,,#N/A
P6_F3_TCDCA_AZ-52_48h.mzML,500.304,10060,5.02,4.89,5.16,TUDCA,,#N/A
P6_F4_TUDCA_AZ-52_48h.mzML,500.304,114261,5.04,4.89,5.16,TUDCA,,#N/A
P6_F5_TCA_AZ-52_48h.mzML,500.304,5268,5.04,4.89,5.16,TUDCA,,#N/A
P6_F6_GLCA_AZ-52_48h.mzML,500.304,13096,5.05,4.89,5.16,TUDCA,,#N/A
P6_F7_GDCA_AZ-52_48h.mzML,500.304,12572,5.08,4.89,5.16,TUDCA,,#N/A
P6_F8_GCDCA_AZ-52_48h.mzML,500.304,8579,5.06,4.89,5.16,TUDCA,,#N/A
P6_F9_GUDCA_AZ-52_48h.mzML,500.304,27029,5.04,4.89,5.16,TUDCA,,#N/A
P6_F10_GCA_AZ-52_48h.mzML,500.304,7501,5.05,4.89,5.16,TUDCA,,#N/A
P6_F11_BHI_50MeOH.mzML,500.304,7693,5.1,4.89,5.16,TUDCA,,#N/A
P6_F12_BHI_50DMSO_25MeOH.mzML,500.304,0,4.89,4.89,5.16,TUDCA,,#N/A
P6_G1_TLCA_EcAZ-1-cat_48h.mzML,500.304,0,4.89,4.89,5.16,TUDCA,,#N/A
P6_G2_TDCA_EcAZ-1-cat_48h.mzML,500.304,0,4.89,4.89,5.16,TUDCA,,#N/A
P6_G3_TCDCA_EcAZ-1-cat_48h.mzML,500.304,14514,4.97,4.89,5.16,TUDCA,,#N/A
P6_G4_TUDCA_EcAZ-1-cat_48h.mzML,500.304,237760336,4.9,4.89,5.16,TUDCA,,#N/A
P6_G5_TCA_EcAZ-1-cat_48h.mzML,500.304,16624,4.93,4.89,5.16,TUDCA,,#N/A
P6_G6_GLCA_EcAZ-1-cat_48h.mzML,500.304,150076,5,4.89,5.16,TUDCA,,#N/A
P6_G7_GDCA_EcAZ-1-cat_48h.mzML,500.304,19461,4.95,4.89,5.16,TUDCA,,#N/A
P6_G8_GCDCA_EcAZ-1-cat_48h.mzML,500.304,0,4.89,4.89,5.16,TUDCA,,#N/A
P6_G9_GUDCA_EcAZ-1-cat_48h.mzML,500.304,17927,4.95,4.89,5.16,TUDCA,,#N/A
P6_G10_GCA_EcAZ-1-cat_48h.mzML,500.304,0,4.89,4.89,5.16,TUDCA,,#N/A
P6_G11_BHI_50MeOH.mzML,500.304,3283,4.97,4.89,5.16,TUDCA,,#N/A
P6_G12_BHI_50DMSO_25MeOH.mzML,500.304,1359,4.96,4.89,5.16,TUDCA,,#N/A
P6_H1_TLCA_ctrl_48h.mzML,500.304,9935,5.11,4.89,5.16,TUDCA,,#N/A
P6_H2_TDCA_ctrl_48h.mzML,500.304,978,5,4.89,5.16,TUDCA,,#N/A
P6_H3_TCDCA_ctrl_48h.mzML,500.304,33061,5.04,4.89,5.16,TUDCA,,#N/A
P6_H4_TUDCA_ctrl_48h.mzML,500.304,266482416,4.97,4.89,5.16,TUDCA,,#N/A
P6_H5_TCA_ctrl_48h.mzML,500.304,15002,4.95,4.89,5.16,TUDCA,,#N/A
P6_H6_GLCA_ctrl_48h.mzML,500.304,167504,4.98,4.89,5.16,TUDCA,,#N/A
P6_H7_GDCA_ctrl_48h.mzML,500.304,40876,4.99,4.89,5.16,TUDCA,,#N/A
P6_H8_GCDCA_ctrl_48h.mzML,500.304,4218,4.99,4.89,5.16,TUDCA,,#N/A
P6_H9_GUDCA_ctrl_48h.mzML,500.304,12699,4.97,4.89,5.16,TUDCA,,#N/A
P6_H10_GCA_ctrl_48h.mzML,500.304,6806,5.02,4.89,5.16,TUDCA,,#N/A
P6_H11_BHI_50MeOH.mzML,500.304,4756,5.06,4.89,5.16,TUDCA,,#N/A
P6_H12_BHI_50DMSO_25MeOH.mzML,500.304,0,4.89,4.89,5.16,TUDCA,,#N/A
P9_A1_TLCA_Dny_BSH1_48h.mzML,500.304,414,4.89,4.89,5.16,TUDCA,,#N/A
P9_A2_TDCA_Dny_BSH1_48h.mzML,500.304,0,4.89,4.89,5.16,TUDCA,,#N/A
P9_A3_TCDCA_Dny_BSH1_48h.mzML,500.304,0,4.89,4.89,5.16,TUDCA,,#N/A
P9_A4_TUDCA_Dny_BSH1_48h.mzML,500.304,15088897,4.89,4.89,5.16,TUDCA,,#N/A
P9_A5_TCA_Dny_BSH1_48h.mzML,500.304,1905,4.89,4.89,5.16,TUDCA,,#N/A
P9_A6_GLCA_Dny_BSH1_48h.mzML,500.304,0,4.89,4.89,5.16,TUDCA,,#N/A
P9_A7_GDCA_Dny_BSH1_48h.mzML,500.304,0,4.89,4.89,5.16,TUDCA,,#N/A
P9_A8_GCDCA_Dny_BSH1_48h.mzML,500.304,0,4.89,4.89,5.16,TUDCA,,#N/A
P9_A9_GUDCA_Dny_BSH1_48h.mzML,500.304,0,4.89,4.89,5.16,TUDCA,,#N/A
P9_A10_GCA_Dny_BSH1_48h.mzML,500.304,0,4.89,4.89,5.16,TUDCA,,#N/A
P9_A11_BHI_50MeOH.mzML,500.304,0,4.89,4.89,5.16,TUDCA,,#N/A
P9_A12_BHI_50DMSO_25MeOH.mzML,500.304,0,4.89,4.89,5.16,TUDCA,,#N/A
P9_B1_TLCA_Dny_BSH2_48h.mzML,500.304,0,4.89,4.89,5.16,TUDCA,,#N/A
P9_B2_TDCA_Dny_BSH2_48h.mzML,500.304,0,4.89,4.89,5.16,TUDCA,,#N/A
P9_B3_TCDCA_Dny_BSH2_48h.mzML,500.304,0,4.89,4.89,5.16,TUDCA,,#N/A
P9_B4_TUDCA_Dny_BSH2_48h.mzML,500.304,18580054,4.89,4.89,5.16,TUDCA,,#N/A
P9_B5_TCA_Dny_BSH2_48h.mzML,500.304,0,4.89,4.89,5.16,TUDCA,,#N/A
P9_B6_GLCA_Dny_BSH2_48h.mzML,500.304,14674,4.9,4.89,5.16,TUDCA,,#N/A
P9_B7_GDCA_Dny_BSH2_48h.mzML,500.304,4596,4.92,4.89,5.16,TUDCA,,#N/A
P9_B8_GCDCA_Dny_BSH2_48h.mzML,500.304,0,4.89,4.89,5.16,TUDCA,,#N/A
P9_B9_GUDCA_Dny_BSH2_48h.mzML,500.304,3686,4.92,4.89,5.16,TUDCA,,#N/A
P9_B10_GCA_Dny_BSH2_48h.mzML,500.304,0,4.89,4.89,5.16,TUDCA,,#N/A
P9_B11_BHI_50MeOH.mzML,500.304,0,4.89,4.89,5.16,TUDCA,,#N/A
P9_B12_BHI_50DMSO_25MeOH.mzML,500.304,2471,4.9,4.89,5.16,TUDCA,,#N/A
P9_C1_TLCA_Lgasseri_BSH_48h.mzML,500.304,3726,4.89,4.89,5.16,TUDCA,,#N/A
P9_C2_TDCA_Lgasseri_BSH_48h.mzML,500.304,0,4.89,4.89,5.16,TUDCA,,#N/A
P9_C3_TCDCA_Lgasseri_BSH_48h.mzML,500.304,4459,4.9,4.89,5.16,TUDCA,,#N/A
P9_C4_TUDCA_Lgasseri_BSH_48h.mzML,500.304,33635,4.9,4.89,5.16,TUDCA,,#N/A
P9_C5_TCA_Lgasseri_BSH_48h.mzML,500.304,0,4.89,4.89,5.16,TUDCA,,#N/A
P9_C6_GLCA_Lgasseri_BSH_48h.mzML,500.304,7870,4.94,4.89,5.16,TUDCA,,#N/A
P9_C7_GDCA_Lgasseri_BSH_48h.mzML,500.304,0,4.89,4.89,5.16,TUDCA,,#N/A
P9_C8_GCDCA_Lgasseri_BSH_48h.mzML,500.304,0,4.89,4.89,5.16,TUDCA,,#N/A
P9_C9_GUDCA_Lgasseri_BSH_48h.mzML,500.304,13229,4.89,4.89,5.16,TUDCA,,#N/A
P9_C10_GCA_Lgasseri_BSH_48h.mzML,500.304,6967,4.9,4.89,5.16,TUDCA,,#N/A
P9_C11_BHI_50MeOH.mzML,500.304,0,4.89,4.89,5.16,TUDCA,,#N/A
P9_C12_BHI_50DMSO_25MeOH.mzML,500.304,4484,4.91,4.89,5.16,TUDCA,,#N/A
P9_D1_TLCA_LCAG-95_BSH1208_48h.mzML,500.304,2020,4.94,4.89,5.16,TUDCA,,#N/A
P9_D2_TDCA_LCAG-95_BSH1208_48h.mzML,500.304,0,4.89,4.89,5.16,TUDCA,,#N/A
P9_D3_TCDCA_LCAG-95_BSH1208_48h.mzML,500.304,1725,4.89,4.89,5.16,TUDCA,,#N/A
P9_D4_TUDCA_LCAG-95_BSH1208_48h.mzML,500.304,16193226,4.89,4.89,5.16,TUDCA,,#N/A
P9_D5_TCA_LCAG-95_BSH1208_48h.mzML,500.304,233,4.89,4.89,5.16,TUDCA,,#N/A
P9_D6_GLCA_LCAG-95_BSH1208_48h.mzML,500.304,0,4.89,4.89,5.16,TUDCA,,#N/A
P9_D7_GDCA_LCAG-95_BSH1208_48h.mzML,500.304,9364,4.89,4.89,5.16,TUDCA,,#N/A
P9_D8_GCDCA_LCAG-95_BSH1208_48h.mzML,500.304,9982,4.95,4.89,5.16,TUDCA,,#N/A
P9_D9_GUDCA_LCAG-95_BSH1208_48h.mzML,500.304,9796,4.94,4.89,5.16,TUDCA,,#N/A
P9_D10_GCA_LCAG-95_BSH1208_48h.mzML,500.304,11093,5,4.89,5.16,TUDCA,,#N/A
P9_D11_BHI_50MeOH.mzML,500.304,2404,4.89,4.89,5.16,TUDCA,,#N/A
P9_D12_BHI_50DMSO_25MeOH.mzML,500.304,0,4.89,4.89,5.16,TUDCA,,#N/A
P9_E1_TLCA_Ep_BSH101_48h.mzML,500.304,0,4.89,4.89,5.16,TUDCA,,#N/A
P9_E2_TDCA_Ep_BSH101_48h.mzML,500.304,3791,4.92,4.89,5.16,TUDCA,,#N/A
P9_E3_TCDCA_Ep_BSH101_48h.mzML,500.304,8660,4.96,4.89,5.16,TUDCA,,#N/A
P9_E4_TUDCA_Ep_BSH101_48h.mzML,500.304,92396248,4.89,4.89,5.16,TUDCA,,#N/A
P9_E5_TCA_Ep_BSH101_48h.mzML,500.304,0,4.89,4.89,5.16,TUDCA,,#N/A
P9_E6_GLCA_Ep_BSH101_48h.mzML,500.304,92845,4.96,4.89,5.16,TUDCA,,#N/A
P9_E7_GDCA_Ep_BSH101_48h.mzML,500.304,8503,4.92,4.89,5.16,TUDCA,,#N/A
P9_E8_GCDCA_Ep_BSH101_48h.mzML,500.304,0,4.89,4.89,5.16,TUDCA,,#N/A
P9_E9_GUDCA_Ep_BSH101_48h.mzML,500.304,0,4.89,4.89,5.16,TUDCA,,#N/A
P9_E10_GCA_Ep_BSH101_48h.mzML,500.304,1982,4.97,4.89,5.16,TUDCA,,#N/A
P9_E11_BHI_50MeOH.mzML,500.304,0,4.89,4.89,5.16,TUDCA,,#N/A
P9_E12_BHI_50DMSO_25MeOH.mzML,500.304,0,4.89,4.89,5.16,TUDCA,,#N/A
P9_F1_TLCA_AZ-52_48h.mzML,500.304,1523,4.94,4.89,5.16,TUDCA,,#N/A
P9_F2_TDCA_AZ-52_48h.mzML,500.304,3745,4.96,4.89,5.16,TUDCA,,#N/A
P9_F3_TCDCA_AZ-52_48h.mzML,500.304,1287,4.9,4.89,5.16,TUDCA,,#N/A
P9_F4_TUDCA_AZ-52_48h.mzML,500.304,793710,4.89,4.89,5.16,TUDCA,,#N/A
P9_F5_TCA_AZ-52_48h.mzML,500.304,0,4.89,4.89,5.16,TUDCA,,#N/A
P9_F6_GLCA_AZ-52_48h.mzML,500.304,4651,4.99,4.89,5.16,TUDCA,,#N/A
P9_F7_GDCA_AZ-52_48h.mzML,500.304,3739,4.97,4.89,5.16,TUDCA,,#N/A
P9_F8_GCDCA_AZ-52_48h.mzML,500.304,2689,4.99,4.89,5.16,TUDCA,,#N/A
P9_F9_GUDCA_AZ-52_48h.mzML,500.304,1906,4.99,4.89,5.16,TUDCA,,#N/A
P9_F10_GCA_AZ-52_48h.mzML,500.304,4398,4.97,4.89,5.16,TUDCA,,#N/A
P9_F11_BHI_50MeOH.mzML,500.304,5358,4.95,4.89,5.16,TUDCA,,#N/A
P9_F12_BHI_50DMSO_25MeOH.mzML,500.304,0,4.89,4.89,5.16,TUDCA,,#N/A
P9_G1_TLCA_EcAZ-1-cat_48h.mzML,500.304,1214,4.98,4.89,5.16,TUDCA,,#N/A
P9_G2_TDCA_EcAZ-1-cat_48h.mzML,500.304,4284,4.98,4.89,5.16,TUDCA,,#N/A
P9_G3_TCDCA_EcAZ-1-cat_48h.mzML,500.304,4069,4.97,4.89,5.16,TUDCA,,#N/A
P9_G4_TUDCA_EcAZ-1-cat_48h.mzML,500.304,148384912,4.89,4.89,5.16,TUDCA,,#N/A
P9_G5_TCA_EcAZ-1-cat_48h.mzML,500.304,8316,4.89,4.89,5.16,TUDCA,,#N/A
P9_G6_GLCA_EcAZ-1-cat_48h.mzML,500.304,138811,4.96,4.89,5.16,TUDCA,,#N/A
P9_G7_GDCA_EcAZ-1-cat_48h.mzML,500.304,6259,4.96,4.89,5.16,TUDCA,,#N/A
P9_G8_GCDCA_EcAZ-1-cat_48h.mzML,500.304,0,4.89,4.89,5.16,TUDCA,,#N/A
P9_G9_GUDCA_EcAZ-1-cat_48h.mzML,500.304,2126,4.95,4.89,5.16,TUDCA,,#N/A
P9_G10_GCA_EcAZ-1-cat_48h.mzML,500.304,1495,5.01,4.89,5.16,TUDCA,,#N/A
P9_G11_BHI_50MeOH.mzML,500.304,0,4.89,4.89,5.16,TUDCA,,#N/A
P9_G12_BHI_50DMSO_25MeOH.mzML,500.304,2375,4.94,4.89,5.16,TUDCA,,#N/A
P9_H1_TLCA_ctrl_48h.mzML,500.304,6693,5,4.89,5.16,TUDCA,,#N/A
P9_H2_TDCA_ctrl_48h.mzML,500.304,2459,4.94,4.89,5.16,TUDCA,,#N/A
P9_H3_TCDCA_ctrl_48h.mzML,500.304,5496,4.95,4.89,5.16,TUDCA,,#N/A
P9_H4_TUDCA_ctrl_48h.mzML,500.304,187947248,4.9,4.89,5.16,TUDCA,,#N/A
P9_H5_TCA_ctrl_48h.mzML,500.304,5169,4.91,4.89,5.16,TUDCA,,#N/A
P9_H6_GLCA_ctrl_48h.mzML,500.304,145845,4.96,4.89,5.16,TUDCA,,#N/A
P9_H7_GDCA_ctrl_48h.mzML,500.304,3362,4.96,4.89,5.16,TUDCA,,#N/A
P9_H8_GCDCA_ctrl_48h.mzML,500.304,954,4.96,4.89,5.16,TUDCA,,#N/A
P9_H9_GUDCA_ctrl_48h.mzML,500.304,1227,4.95,4.89,5.16,TUDCA,,#N/A
P9_H10_GCA_ctrl_48h.mzML,500.304,2532,4.98,4.89,5.16,TUDCA,,#N/A
P9_H11_BHI_50MeOH.mzML,500.304,2378,4.91,4.89,5.16,TUDCA,,#N/A
P9_H12_BHI_50DMSO_25MeOH.mzML,500.304,0,4.89,4.89,5.16,TUDCA,,#N/A
TCA_std.mzML,500.304,0,4.89,4.89,5.16,TUDCA,,#N/A
TCDCA_std.mzML,500.304,0,4.89,4.89,5.16,TUDCA,,#N/A
TDCA_std.mzML,500.304,0,4.89,4.89,5.16,TUDCA,,#N/A
TLCA_std.mzML,500.304,0,4.89,4.89,5.16,TUDCA,,#N/A
TUDCA_std.mzML,500.304,497663,4.89,4.89,5.16,TUDCA,,#N/A
UDCA_aminoacids.mzML,500.304,0,4.89,4.89,5.16,TUDCA,,#N/A
CA_aminoacids.mzML,464.3371,0,6.98,6.98,7.11,Ala-UDCA,,#N/A
CA_DCA_LCA_aminoacids.mzML,464.3371,1336888,7.04,6.98,7.11,Ala-UDCA,,#N/A
CDCA_aminoacids.mzML,464.3371,0,6.98,6.98,7.11,Ala-UDCA,,#N/A
DCA_aminoacids.mzML,464.3371,0,6.98,6.98,7.11,Ala-UDCA,,#N/A
DCA_aminoacids_2.mzML,464.3371,0,6.98,6.98,7.11,Ala-UDCA,,#N/A
GCA_std.mzML,464.3371,0,6.98,6.98,7.11,Ala-UDCA,,#N/A
GCDCA_std.mzML,464.3371,0,6.98,6.98,7.11,Ala-UDCA,,#N/A
GDCA_std.mzML,464.3371,0,6.98,6.98,7.11,Ala-UDCA,,#N/A
GLCA_std.mzML,464.3371,0,6.98,6.98,7.11,Ala-UDCA,,#N/A
GUDCA_std.mzML,464.3371,0,6.98,6.98,7.11,Ala-UDCA,,#N/A
P6_A1_TLCA_Dny_BSH1_48h.mzML,464.3371,0,6.98,6.98,7.11,Ala-UDCA,,#N/A
P6_A2_TDCA_Dny_BSH1_48h.mzML,464.3371,0,6.98,6.98,7.11,Ala-UDCA,,#N/A
P6_A3_TCDCA_Dny_BSH1_48h.mzML,464.3371,0,6.98,6.98,7.11,Ala-UDCA,,#N/A
P6_A4_TUDCA_Dny_BSH1_48h.mzML,464.3371,1837232,7.05,6.98,7.11,Ala-UDCA,,#N/A
P6_A5_TCA_Dny_BSH1_48h.mzML,464.3371,0,6.98,6.98,7.11,Ala-UDCA,,#N/A
P6_A6_GLCA_Dny_BSH1_48h.mzML,464.3371,0,6.98,6.98,7.11,Ala-UDCA,,#N/A
P6_A7_GDCA_Dny_BSH1_48h.mzML,464.3371,0,6.98,6.98,7.11,Ala-UDCA,,#N/A
P6_A8_GCDCA_Dny_BSH1_48h.mzML,464.3371,0,6.98,6.98,7.11,Ala-UDCA,,#N/A
P6_A9_GUDCA_Dny_BSH1_48h.mzML,464.3371,4625949,7.07,6.98,7.11,Ala-UDCA,,#N/A
P6_A10_GCA_Dny_BSH1_48h.mzML,464.3371,0,6.98,6.98,7.11,Ala-UDCA,,#N/A
P6_A11_BHI_50MeOH.mzML,464.3371,0,6.98,6.98,7.11,Ala-UDCA,,#N/A
P6_A12_BHI_50DMSO_25MeOH.mzML,464.3371,0,6.98,6.98,7.11,Ala-UDCA,,#N/A
P6_B1_TLCA_Dny_BSH2_48h.mzML,464.3371,0,6.98,6.98,7.11,Ala-UDCA,,#N/A
P6_B2_TDCA_Dny_BSH2_48h.mzML,464.3371,0,6.98,6.98,7.11,Ala-UDCA,,#N/A
P6_B3_TCDCA_Dny_BSH2_48h.mzML,464.3371,0,6.98,6.98,7.11,Ala-UDCA,,#N/A
P6_B4_TUDCA_Dny_BSH2_48h.mzML,464.3371,0,6.98,6.98,7.11,Ala-UDCA,,#N/A
P6_B5_TCA_Dny_BSH2_48h.mzML,464.3371,0,6.98,6.98,7.11,Ala-UDCA,,#N/A
P6_B6_GLCA_Dny_BSH2_48h.mzML,464.3371,0,6.98,6.98,7.11,Ala-UDCA,,#N/A
P6_B7_GDCA_Dny_BSH2_48h.mzML,464.3371,0,6.98,6.98,7.11,Ala-UDCA,,#N/A
P6_B8_GCDCA_Dny_BSH2_48h.mzML,464.3371,0,6.98,6.98,7.11,Ala-UDCA,,#N/A
P6_B9_GUDCA_Dny_BSH2_48h.mzML,464.3371,0,6.98,6.98,7.11,Ala-UDCA,,#N/A
P6_B10_GCA_Dny_BSH2_48h.mzML,464.3371,0,6.98,6.98,7.11,Ala-UDCA,,#N/A
P6_B11_BHI_50MeOH.mzML,464.3371,0,6.98,6.98,7.11,Ala-UDCA,,#N/A
P6_B12_BHI_50DMSO_25MeOH.mzML,464.3371,0,6.98,6.98,7.11,Ala-UDCA,,#N/A
P6_C1_TLCA_Lgasseri_BSH_48h.mzML,464.3371,0,6.98,6.98,7.11,Ala-UDCA,,#N/A
P6_C2_TDCA_Lgasseri_BSH_48h.mzML,464.3371,0,6.98,6.98,7.11,Ala-UDCA,,#N/A
P6_C3_TCDCA_Lgasseri_BSH_48h.mzML,464.3371,0,6.98,6.98,7.11,Ala-UDCA,,#N/A
P6_C4_TUDCA_Lgasseri_BSH_48h.mzML,464.3371,0,6.98,6.98,7.11,Ala-UDCA,,#N/A
P6_C5_TCA_Lgasseri_BSH_48h.mzML,464.3371,0,6.98,6.98,7.11,Ala-UDCA,,#N/A
P6_C6_GLCA_Lgasseri_BSH_48h.mzML,464.3371,0,6.98,6.98,7.11,Ala-UDCA,,#N/A
P6_C7_GDCA_Lgasseri_BSH_48h.mzML,464.3371,0,6.98,6.98,7.11,Ala-UDCA,,#N/A
P6_C8_GCDCA_Lgasseri_BSH_48h.mzML,464.3371,0,6.98,6.98,7.11,Ala-UDCA,,#N/A
P6_C9_GUDCA_Lgasseri_BSH_48h.mzML,464.3371,0,6.98,6.98,7.11,Ala-UDCA,,#N/A
P6_C10_GCA_Lgasseri_BSH_48h.mzML,464.3371,0,6.98,6.98,7.11,Ala-UDCA,,#N/A
P6_C11_BHI_50MeOH.mzML,464.3371,0,6.98,6.98,7.11,Ala-UDCA,,#N/A
P6_C12_BHI_50DMSO_25MeOH.mzML,464.3371,0,6.98,6.98,7.11,Ala-UDCA,,#N/A
P6_D1_TLCA_LCAG-95_BSH1208_48h.mzML,464.3371,0,6.98,6.98,7.11,Ala-UDCA,,#N/A
P6_D2_TDCA_LCAG-95_BSH1208_48h.mzML,464.3371,0,6.98,6.98,7.11,Ala-UDCA,,#N/A
P6_D3_TCDCA_LCAG-95_BSH1208_48h.mzML,464.3371,0,6.98,6.98,7.11,Ala-UDCA,,#N/A
P6_D4_TUDCA_LCAG-95_BSH1208_48h.mzML,464.3371,163234,7.05,6.98,7.11,Ala-UDCA,,#N/A
P6_D5_TCA_LCAG-95_BSH1208_48h.mzML,464.3371,0,6.98,6.98,7.11,Ala-UDCA,,#N/A
P6_D6_GLCA_LCAG-95_BSH1208_48h.mzML,464.3371,0,6.98,6.98,7.11,Ala-UDCA,,#N/A
P6_D7_GDCA_LCAG-95_BSH1208_48h.mzML,464.3371,0,6.98,6.98,7.11,Ala-UDCA,,#N/A
P6_D8_GCDCA_LCAG-95_BSH1208_48h.mzML,464.3371,0,6.98,6.98,7.11,Ala-UDCA,,#N/A
P6_D9_GUDCA_LCAG-95_BSH1208_48h.mzML,464.3371,173414,7.03,6.98,7.11,Ala-UDCA,,#N/A
P6_D10_GCA_LCAG-95_BSH1208_48h.mzML,464.3371,0,6.98,6.98,7.11,Ala-UDCA,,#N/A
P6_D11_BHI_50MeOH.mzML,464.3371,0,6.98,6.98,7.11,Ala-UDCA,,#N/A
P6_D12_BHI_50DMSO_25MeOH.mzML,464.3371,0,6.98,6.98,7.11,Ala-UDCA,,#N/A
P6_E1_TLCA_Ep_BSH101_48h.mzML,464.3371,0,6.98,6.98,7.11,Ala-UDCA,,#N/A
P6_E2_TDCA_Ep_BSH101_48h.mzML,464.3371,0,6.98,6.98,7.11,Ala-UDCA,,#N/A
P6_E3_TCDCA_Ep_BSH101_48h.mzML,464.3371,0,6.98,6.98,7.11,Ala-UDCA,,#N/A
P6_E4_TUDCA_Ep_BSH101_48h.mzML,464.3371,0,6.98,6.98,7.11,Ala-UDCA,,#N/A
P6_E5_TCA_Ep_BSH101_48h.mzML,464.3371,0,6.98,6.98,7.11,Ala-UDCA,,#N/A
P6_E6_GLCA_Ep_BSH101_48h.mzML,464.3371,0,6.98,6.98,7.11,Ala-UDCA,,#N/A
P6_E7_GDCA_Ep_BSH101_48h.mzML,464.3371,0,6.98,6.98,7.11,Ala-UDCA,,#N/A
P6_E8_GCDCA_Ep_BSH101_48h.mzML,464.3371,0,6.98,6.98,7.11,Ala-UDCA,,#N/A
P6_E9_GUDCA_Ep_BSH101_48h.mzML,464.3371,0,6.98,6.98,7.11,Ala-UDCA,,#N/A
P6_E10_GCA_Ep_BSH101_48h.mzML,464.3371,0,6.98,6.98,7.11,Ala-UDCA,,#N/A
P6_E11_BHI_50MeOH.mzML,464.3371,0,6.98,6.98,7.11,Ala-UDCA,,#N/A
P6_E12_BHI_50DMSO_25MeOH.mzML,464.3371,0,6.98,6.98,7.11,Ala-UDCA,,#N/A
P6_F1_TLCA_AZ-52_48h.mzML,464.3371,0,6.98,6.98,7.11,Ala-UDCA,,#N/A
P6_F2_TDCA_AZ-52_48h.mzML,464.3371,0,6.98,6.98,7.11,Ala-UDCA,,#N/A
P6_F3_TCDCA_AZ-52_48h.mzML,464.3371,0,6.98,6.98,7.11,Ala-UDCA,,#N/A
P6_F4_TUDCA_AZ-52_48h.mzML,464.3371,123584,7,6.98,7.11,Ala-UDCA,,#N/A
P6_F5_TCA_AZ-52_48h.mzML,464.3371,0,6.98,6.98,7.11,Ala-UDCA,,#N/A
P6_F6_GLCA_AZ-52_48h.mzML,464.3371,0,6.98,6.98,7.11,Ala-UDCA,,#N/A
P6_F7_GDCA_AZ-52_48h.mzML,464.3371,0,6.98,6.98,7.11,Ala-UDCA,,#N/A
P6_F8_GCDCA_AZ-52_48h.mzML,464.3371,0,6.98,6.98,7.11,Ala-UDCA,,#N/A
P6_F9_GUDCA_AZ-52_48h.mzML,464.3371,28050,7.01,6.98,7.11,Ala-UDCA,,#N/A
P6_F10_GCA_AZ-52_48h.mzML,464.3371,0,6.98,6.98,7.11,Ala-UDCA,,#N/A
P6_F11_BHI_50MeOH.mzML,464.3371,0,6.98,6.98,7.11,Ala-UDCA,,#N/A
P6_F12_BHI_50DMSO_25MeOH.mzML,464.3371,0,6.98,6.98,7.11,Ala-UDCA,,#N/A
P6_G1_TLCA_EcAZ-1-cat_48h.mzML,464.3371,0,6.98,6.98,7.11,Ala-UDCA,,#N/A
P6_G2_TDCA_EcAZ-1-cat_48h.mzML,464.3371,0,6.98,6.98,7.11,Ala-UDCA,,#N/A
P6_G3_TCDCA_EcAZ-1-cat_48h.mzML,464.3371,0,6.98,6.98,7.11,Ala-UDCA,,#N/A
P6_G4_TUDCA_EcAZ-1-cat_48h.mzML,464.3371,0,6.98,6.98,7.11,Ala-UDCA,,#N/A
P6_G5_TCA_EcAZ-1-cat_48h.mzML,464.3371,0,6.98,6.98,7.11,Ala-UDCA,,#N/A
P6_G6_GLCA_EcAZ-1-cat_48h.mzML,464.3371,0,6.98,6.98,7.11,Ala-UDCA,,#N/A
P6_G7_GDCA_EcAZ-1-cat_48h.mzML,464.3371,0,6.98,6.98,7.11,Ala-UDCA,,#N/A
P6_G8_GCDCA_EcAZ-1-cat_48h.mzML,464.3371,0,6.98,6.98,7.11,Ala-UDCA,,#N/A
P6_G9_GUDCA_EcAZ-1-cat_48h.mzML,464.3371,0,6.98,6.98,7.11,Ala-UDCA,,#N/A
P6_G10_GCA_EcAZ-1-cat_48h.mzML,464.3371,0,6.98,6.98,7.11,Ala-UDCA,,#N/A
P6_G11_BHI_50MeOH.mzML,464.3371,0,6.98,6.98,7.11,Ala-UDCA,,#N/A
P6_G12_BHI_50DMSO_25MeOH.mzML,464.3371,0,6.98,6.98,7.11,Ala-UDCA,,#N/A
P6_H1_TLCA_ctrl_48h.mzML,464.3371,0,6.98,6.98,7.11,Ala-UDCA,,#N/A
P6_H2_TDCA_ctrl_48h.mzML,464.3371,0,6.98,6.98,7.11,Ala-UDCA,,#N/A
P6_H3_TCDCA_ctrl_48h.mzML,464.3371,0,6.98,6.98,7.11,Ala-UDCA,,#N/A
P6_H4_TUDCA_ctrl_48h.mzML,464.3371,0,6.98,6.98,7.11,Ala-UDCA,,#N/A
P6_H5_TCA_ctrl_48h.mzML,464.3371,0,6.98,6.98,7.11,Ala-UDCA,,#N/A
P6_H6_GLCA_ctrl_48h.mzML,464.3371,0,6.98,6.98,7.11,Ala-UDCA,,#N/A
P6_H7_GDCA_ctrl_48h.mzML,464.3371,0,6.98,6.98,7.11,Ala-UDCA,,#N/A
P6_H8_GCDCA_ctrl_48h.mzML,464.3371,0,6.98,6.98,7.11,Ala-UDCA,,#N/A
P6_H9_GUDCA_ctrl_48h.mzML,464.3371,0,6.98,6.98,7.11,Ala-UDCA,,#N/A
P6_H10_GCA_ctrl_48h.mzML,464.3371,0,6.98,6.98,7.11,Ala-UDCA,,#N/A
P6_H11_BHI_50MeOH.mzML,464.3371,0,6.98,6.98,7.11,Ala-UDCA,,#N/A
P6_H12_BHI_50DMSO_25MeOH.mzML,464.3371,0,6.98,6.98,7.11,Ala-UDCA,,#N/A
P9_A1_TLCA_Dny_BSH1_48h.mzML,464.3371,0,6.98,6.98,7.11,Ala-UDCA,,#N/A
P9_A2_TDCA_Dny_BSH1_48h.mzML,464.3371,0,6.98,6.98,7.11,Ala-UDCA,,#N/A
P9_A3_TCDCA_Dny_BSH1_48h.mzML,464.3371,0,6.98,6.98,7.11,Ala-UDCA,,#N/A
P9_A4_TUDCA_Dny_BSH1_48h.mzML,464.3371,0,6.98,6.98,7.11,Ala-UDCA,,#N/A
P9_A5_TCA_Dny_BSH1_48h.mzML,464.3371,0,6.98,6.98,7.11,Ala-UDCA,,#N/A
P9_A6_GLCA_Dny_BSH1_48h.mzML,464.3371,0,6.98,6.98,7.11,Ala-UDCA,,#N/A
P9_A7_GDCA_Dny_BSH1_48h.mzML,464.3371,0,6.98,6.98,7.11,Ala-UDCA,,#N/A
P9_A8_GCDCA_Dny_BSH1_48h.mzML,464.3371,0,6.98,6.98,7.11,Ala-UDCA,,#N/A
P9_A9_GUDCA_Dny_BSH1_48h.mzML,464.3371,0,6.98,6.98,7.11,Ala-UDCA,,#N/A
P9_A10_GCA_Dny_BSH1_48h.mzML,464.3371,0,6.98,6.98,7.11,Ala-UDCA,,#N/A
P9_A11_BHI_50MeOH.mzML,464.3371,0,6.98,6.98,7.11,Ala-UDCA,,#N/A
P9_A12_BHI_50DMSO_25MeOH.mzML,464.3371,0,6.98,6.98,7.11,Ala-UDCA,,#N/A
P9_B1_TLCA_Dny_BSH2_48h.mzML,464.3371,0,6.98,6.98,7.11,Ala-UDCA,,#N/A
P9_B2_TDCA_Dny_BSH2_48h.mzML,464.3371,0,6.98,6.98,7.11,Ala-UDCA,,#N/A
P9_B3_TCDCA_Dny_BSH2_48h.mzML,464.3371,0,6.98,6.98,7.11,Ala-UDCA,,#N/A
P9_B4_TUDCA_Dny_BSH2_48h.mzML,464.3371,0,6.98,6.98,7.11,Ala-UDCA,,#N/A
P9_B5_TCA_Dny_BSH2_48h.mzML,464.3371,0,6.98,6.98,7.11,Ala-UDCA,,#N/A
P9_B6_GLCA_Dny_BSH2_48h.mzML,464.3371,0,6.98,6.98,7.11,Ala-UDCA,,#N/A
P9_B7_GDCA_Dny_BSH2_48h.mzML,464.3371,0,6.98,6.98,7.11,Ala-UDCA,,#N/A
P9_B8_GCDCA_Dny_BSH2_48h.mzML,464.3371,0,6.98,6.98,7.11,Ala-UDCA,,#N/A
P9_B9_GUDCA_Dny_BSH2_48h.mzML,464.3371,0,6.98,6.98,7.11,Ala-UDCA,,#N/A
P9_B10_GCA_Dny_BSH2_48h.mzML,464.3371,0,6.98,6.98,7.11,Ala-UDCA,,#N/A
P9_B11_BHI_50MeOH.mzML,464.3371,0,6.98,6.98,7.11,Ala-UDCA,,#N/A
P9_B12_BHI_50DMSO_25MeOH.mzML,464.3371,0,6.98,6.98,7.11,Ala-UDCA,,#N/A
P9_C1_TLCA_Lgasseri_BSH_48h.mzML,464.3371,0,6.98,6.98,7.11,Ala-UDCA,,#N/A
P9_C2_TDCA_Lgasseri_BSH_48h.mzML,464.3371,0,6.98,6.98,7.11,Ala-UDCA,,#N/A
P9_C3_TCDCA_Lgasseri_BSH_48h.mzML,464.3371,0,6.98,6.98,7.11,Ala-UDCA,,#N/A
P9_C4_TUDCA_Lgasseri_BSH_48h.mzML,464.3371,0,6.98,6.98,7.11,Ala-UDCA,,#N/A
P9_C5_TCA_Lgasseri_BSH_48h.mzML,464.3371,0,6.98,6.98,7.11,Ala-UDCA,,#N/A
P9_C6_GLCA_Lgasseri_BSH_48h.mzML,464.3371,0,6.98,6.98,7.11,Ala-UDCA,,#N/A
P9_C7_GDCA_Lgasseri_BSH_48h.mzML,464.3371,0,6.98,6.98,7.11,Ala-UDCA,,#N/A
P9_C8_GCDCA_Lgasseri_BSH_48h.mzML,464.3371,0,6.98,6.98,7.11,Ala-UDCA,,#N/A
P9_C9_GUDCA_Lgasseri_BSH_48h.mzML,464.3371,0,6.98,6.98,7.11,Ala-UDCA,,#N/A
P9_C10_GCA_Lgasseri_BSH_48h.mzML,464.3371,0,6.98,6.98,7.11,Ala-UDCA,,#N/A
P9_C11_BHI_50MeOH.mzML,464.3371,0,6.98,6.98,7.11,Ala-UDCA,,#N/A
P9_C12_BHI_50DMSO_25MeOH.mzML,464.3371,0,6.98,6.98,7.11,Ala-UDCA,,#N/A
P9_D1_TLCA_LCAG-95_BSH1208_48h.mzML,464.3371,0,6.98,6.98,7.11,Ala-UDCA,,#N/A
P9_D2_TDCA_LCAG-95_BSH1208_48h.mzML,464.3371,0,6.98,6.98,7.11,Ala-UDCA,,#N/A
P9_D3_TCDCA_LCAG-95_BSH1208_48h.mzML,464.3371,0,6.98,6.98,7.11,Ala-UDCA,,#N/A
P9_D4_TUDCA_LCAG-95_BSH1208_48h.mzML,464.3371,2980,7.07,6.98,7.11,Ala-UDCA,,#N/A
P9_D5_TCA_LCAG-95_BSH1208_48h.mzML,464.3371,0,6.98,6.98,7.11,Ala-UDCA,,#N/A
P9_D6_GLCA_LCAG-95_BSH1208_48h.mzML,464.3371,0,6.98,6.98,7.11,Ala-UDCA,,#N/A
P9_D7_GDCA_LCAG-95_BSH1208_48h.mzML,464.3371,0,6.98,6.98,7.11,Ala-UDCA,,#N/A
P9_D8_GCDCA_LCAG-95_BSH1208_48h.mzML,464.3371,0,6.98,6.98,7.11,Ala-UDCA,,#N/A
P9_D9_GUDCA_LCAG-95_BSH1208_48h.mzML,464.3371,11071,7.08,6.98,7.11,Ala-UDCA,,#N/A
P9_D10_GCA_LCAG-95_BSH1208_48h.mzML,464.3371,0,6.98,6.98,7.11,Ala-UDCA,,#N/A
P9_D11_BHI_50MeOH.mzML,464.3371,0,6.98,6.98,7.11,Ala-UDCA,,#N/A
P9_D12_BHI_50DMSO_25MeOH.mzML,464.3371,0,6.98,6.98,7.11,Ala-UDCA,,#N/A
P9_E1_TLCA_Ep_BSH101_48h.mzML,464.3371,0,6.98,6.98,7.11,Ala-UDCA,,#N/A
P9_E2_TDCA_Ep_BSH101_48h.mzML,464.3371,0,6.98,6.98,7.11,Ala-UDCA,,#N/A
P9_E3_TCDCA_Ep_BSH101_48h.mzML,464.3371,0,6.98,6.98,7.11,Ala-UDCA,,#N/A
P9_E4_TUDCA_Ep_BSH101_48h.mzML,464.3371,0,6.98,6.98,7.11,Ala-UDCA,,#N/A
P9_E5_TCA_Ep_BSH101_48h.mzML,464.3371,0,6.98,6.98,7.11,Ala-UDCA,,#N/A
P9_E6_GLCA_Ep_BSH101_48h.mzML,464.3371,0,6.98,6.98,7.11,Ala-UDCA,,#N/A
P9_E7_GDCA_Ep_BSH101_48h.mzML,464.3371,0,6.98,6.98,7.11,Ala-UDCA,,#N/A
P9_E8_GCDCA_Ep_BSH101_48h.mzML,464.3371,0,6.98,6.98,7.11,Ala-UDCA,,#N/A
P9_E9_GUDCA_Ep_BSH101_48h.mzML,464.3371,0,6.98,6.98,7.11,Ala-UDCA,,#N/A
P9_E10_GCA_Ep_BSH101_48h.mzML,464.3371,0,6.98,6.98,7.11,Ala-UDCA,,#N/A
P9_E11_BHI_50MeOH.mzML,464.3371,0,6.98,6.98,7.11,Ala-UDCA,,#N/A
P9_E12_BHI_50DMSO_25MeOH.mzML,464.3371,0,6.98,6.98,7.11,Ala-UDCA,,#N/A
P9_F1_TLCA_AZ-52_48h.mzML,464.3371,0,6.98,6.98,7.11,Ala-UDCA,,#N/A
P9_F2_TDCA_AZ-52_48h.mzML,464.3371,0,6.98,6.98,7.11,Ala-UDCA,,#N/A
P9_F3_TCDCA_AZ-52_48h.mzML,464.3371,0,6.98,6.98,7.11,Ala-UDCA,,#N/A
P9_F4_TUDCA_AZ-52_48h.mzML,464.3371,2412,7.07,6.98,7.11,Ala-UDCA,,#N/A
P9_F5_TCA_AZ-52_48h.mzML,464.3371,0,6.98,6.98,7.11,Ala-UDCA,,#N/A
P9_F6_GLCA_AZ-52_48h.mzML,464.3371,0,6.98,6.98,7.11,Ala-UDCA,,#N/A
P9_F7_GDCA_AZ-52_48h.mzML,464.3371,0,6.98,6.98,7.11,Ala-UDCA,,#N/A
P9_F8_GCDCA_AZ-52_48h.mzML,464.3371,0,6.98,6.98,7.11,Ala-UDCA,,#N/A
P9_F9_GUDCA_AZ-52_48h.mzML,464.3371,1035,7.11,6.98,7.11,Ala-UDCA,,#N/A
P9_F10_GCA_AZ-52_48h.mzML,464.3371,0,6.98,6.98,7.11,Ala-UDCA,,#N/A
P9_F11_BHI_50MeOH.mzML,464.3371,0,6.98,6.98,7.11,Ala-UDCA,,#N/A
P9_F12_BHI_50DMSO_25MeOH.mzML,464.3371,0,6.98,6.98,7.11,Ala-UDCA,,#N/A
P9_G1_TLCA_EcAZ-1-cat_48h.mzML,464.3371,0,6.98,6.98,7.11,Ala-UDCA,,#N/A
P9_G2_TDCA_EcAZ-1-cat_48h.mzML,464.3371,0,6.98,6.98,7.11,Ala-UDCA,,#N/A
P9_G3_TCDCA_EcAZ-1-cat_48h.mzML,464.3371,0,6.98,6.98,7.11,Ala-UDCA,,#N/A
P9_G4_TUDCA_EcAZ-1-cat_48h.mzML,464.3371,0,6.98,6.98,7.11,Ala-UDCA,,#N/A
P9_G5_TCA_EcAZ-1-cat_48h.mzML,464.3371,0,6.98,6.98,7.11,Ala-UDCA,,#N/A
P9_G6_GLCA_EcAZ-1-cat_48h.mzML,464.3371,0,6.98,6.98,7.11,Ala-UDCA,,#N/A
P9_G7_GDCA_EcAZ-1-cat_48h.mzML,464.3371,0,6.98,6.98,7.11,Ala-UDCA,,#N/A
P9_G8_GCDCA_EcAZ-1-cat_48h.mzML,464.3371,0,6.98,6.98,7.11,Ala-UDCA,,#N/A
P9_G9_GUDCA_EcAZ-1-cat_48h.mzML,464.3371,0,6.98,6.98,7.11,Ala-UDCA,,#N/A
P9_G10_GCA_EcAZ-1-cat_48h.mzML,464.3371,0,6.98,6.98,7.11,Ala-UDCA,,#N/A
P9_G11_BHI_50MeOH.mzML,464.3371,0,6.98,6.98,7.11,Ala-UDCA,,#N/A
P9_G12_BHI_50DMSO_25MeOH.mzML,464.3371,0,6.98,6.98,7.11,Ala-UDCA,,#N/A
P9_H1_TLCA_ctrl_48h.mzML,464.3371,0,6.98,6.98,7.11,Ala-UDCA,,#N/A
P9_H2_TDCA_ctrl_48h.mzML,464.3371,0,6.98,6.98,7.11,Ala-UDCA,,#N/A
P9_H3_TCDCA_ctrl_48h.mzML,464.3371,0,6.98,6.98,7.11,Ala-UDCA,,#N/A
P9_H4_TUDCA_ctrl_48h.mzML,464.3371,0,6.98,6.98,7.11,Ala-UDCA,,#N/A
P9_H5_TCA_ctrl_48h.mzML,464.3371,0,6.98,6.98,7.11,Ala-UDCA,,#N/A
P9_H6_GLCA_ctrl_48h.mzML,464.3371,0,6.98,6.98,7.11,Ala-UDCA,,#N/A
P9_H7_GDCA_ctrl_48h.mzML,464.3371,0,6.98,6.98,7.11,Ala-UDCA,,#N/A
P9_H8_GCDCA_ctrl_48h.mzML,464.3371,0,6.98,6.98,7.11,Ala-UDCA,,#N/A
P9_H9_GUDCA_ctrl_48h.mzML,464.3371,0,6.98,6.98,7.11,Ala-UDCA,,#N/A
P9_H10_GCA_ctrl_48h.mzML,464.3371,0,6.98,6.98,7.11,Ala-UDCA,,#N/A
P9_H11_BHI_50MeOH.mzML,464.3371,0,6.98,6.98,7.11,Ala-UDCA,,#N/A
P9_H12_BHI_50DMSO_25MeOH.mzML,464.3371,0,6.98,6.98,7.11,Ala-UDCA,,#N/A
TCA_std.mzML,464.3371,0,6.98,6.98,7.11,Ala-UDCA,,#N/A
TCDCA_std.mzML,464.3371,0,6.98,6.98,7.11,Ala-UDCA,,#N/A
TDCA_std.mzML,464.3371,0,6.98,6.98,7.11,Ala-UDCA,,#N/A
TLCA_std.mzML,464.3371,0,6.98,6.98,7.11,Ala-UDCA,,#N/A
TUDCA_std.mzML,464.3371,0,6.98,6.98,7.11,Ala-UDCA,,#N/A
UDCA_aminoacids.mzML,464.3371,4194,7.05,6.98,7.11,Ala-UDCA,,#N/A
CA_aminoacids.mzML,506.384,0,8.6,8.6,8.72,Ile/Leu-UDCA,,#N/A
CA_DCA_LCA_aminoacids.mzML,506.384,26130006,8.6,8.6,8.72,Ile/Leu-UDCA,,#N/A
CDCA_aminoacids.mzML,506.384,0,8.6,8.6,8.72,Ile/Leu-UDCA,,#N/A
DCA_aminoacids.mzML,506.384,0,8.6,8.6,8.72,Ile/Leu-UDCA,,#N/A
DCA_aminoacids_2.mzML,506.384,127866,8.71,8.6,8.72,Ile/Leu-UDCA,,#N/A
GCA_std.mzML,506.384,0,8.6,8.6,8.72,Ile/Leu-UDCA,,#N/A
GCDCA_std.mzML,506.384,0,8.6,8.6,8.72,Ile/Leu-UDCA,,#N/A
GDCA_std.mzML,506.384,0,8.6,8.6,8.72,Ile/Leu-UDCA,,#N/A
GLCA_std.mzML,506.384,0,8.6,8.6,8.72,Ile/Leu-UDCA,,#N/A
GUDCA_std.mzML,506.384,0,8.6,8.6,8.72,Ile/Leu-UDCA,,#N/A
P6_A1_TLCA_Dny_BSH1_48h.mzML,506.384,0,8.6,8.6,8.72,Ile/Leu-UDCA,,#N/A
P6_A2_TDCA_Dny_BSH1_48h.mzML,506.384,0,8.6,8.6,8.72,Ile/Leu-UDCA,,#N/A
P6_A3_TCDCA_Dny_BSH1_48h.mzML,506.384,0,8.6,8.6,8.72,Ile/Leu-UDCA,,#N/A
P6_A4_TUDCA_Dny_BSH1_48h.mzML,506.384,828365,8.67,8.6,8.72,Ile/Leu-UDCA,,#N/A
P6_A5_TCA_Dny_BSH1_48h.mzML,506.384,0,8.6,8.6,8.72,Ile/Leu-UDCA,,#N/A
P6_A6_GLCA_Dny_BSH1_48h.mzML,506.384,0,8.6,8.6,8.72,Ile/Leu-UDCA,,#N/A
P6_A7_GDCA_Dny_BSH1_48h.mzML,506.384,0,8.6,8.6,8.72,Ile/Leu-UDCA,,#N/A
P6_A8_GCDCA_Dny_BSH1_48h.mzML,506.384,0,8.6,8.6,8.72,Ile/Leu-UDCA,,#N/A
P6_A9_GUDCA_Dny_BSH1_48h.mzML,506.384,3228360,8.67,8.6,8.72,Ile/Leu-UDCA,,#N/A
P6_A10_GCA_Dny_BSH1_48h.mzML,506.384,0,8.6,8.6,8.72,Ile/Leu-UDCA,,#N/A
P6_A11_BHI_50MeOH.mzML,506.384,0,8.6,8.6,8.72,Ile/Leu-UDCA,,#N/A
P6_A12_BHI_50DMSO_25MeOH.mzML,506.384,0,8.6,8.6,8.72,Ile/Leu-UDCA,,#N/A
P6_B1_TLCA_Dny_BSH2_48h.mzML,506.384,0,8.6,8.6,8.72,Ile/Leu-UDCA,,#N/A
P6_B2_TDCA_Dny_BSH2_48h.mzML,506.384,0,8.6,8.6,8.72,Ile/Leu-UDCA,,#N/A
P6_B3_TCDCA_Dny_BSH2_48h.mzML,506.384,0,8.6,8.6,8.72,Ile/Leu-UDCA,,#N/A
P6_B4_TUDCA_Dny_BSH2_48h.mzML,506.384,0,8.6,8.6,8.72,Ile/Leu-UDCA,,#N/A
P6_B5_TCA_Dny_BSH2_48h.mzML,506.384,0,8.6,8.6,8.72,Ile/Leu-UDCA,,#N/A
P6_B6_GLCA_Dny_BSH2_48h.mzML,506.384,0,8.6,8.6,8.72,Ile/Leu-UDCA,,#N/A
P6_B7_GDCA_Dny_BSH2_48h.mzML,506.384,0,8.6,8.6,8.72,Ile/Leu-UDCA,,#N/A
P6_B8_GCDCA_Dny_BSH2_48h.mzML,506.384,0,8.6,8.6,8.72,Ile/Leu-UDCA,,#N/A
P6_B9_GUDCA_Dny_BSH2_48h.mzML,506.384,0,8.6,8.6,8.72,Ile/Leu-UDCA,,#N/A
P6_B10_GCA_Dny_BSH2_48h.mzML,506.384,0,8.6,8.6,8.72,Ile/Leu-UDCA,,#N/A
P6_B11_BHI_50MeOH.mzML,506.384,0,8.6,8.6,8.72,Ile/Leu-UDCA,,#N/A
P6_B12_BHI_50DMSO_25MeOH.mzML,506.384,0,8.6,8.6,8.72,Ile/Leu-UDCA,,#N/A
P6_C1_TLCA_Lgasseri_BSH_48h.mzML,506.384,0,8.6,8.6,8.72,Ile/Leu-UDCA,,#N/A
P6_C2_TDCA_Lgasseri_BSH_48h.mzML,506.384,0,8.6,8.6,8.72,Ile/Leu-UDCA,,#N/A
P6_C3_TCDCA_Lgasseri_BSH_48h.mzML,506.384,0,8.6,8.6,8.72,Ile/Leu-UDCA,,#N/A
P6_C4_TUDCA_Lgasseri_BSH_48h.mzML,506.384,0,8.6,8.6,8.72,Ile/Leu-UDCA,,#N/A
P6_C5_TCA_Lgasseri_BSH_48h.mzML,506.384,0,8.6,8.6,8.72,Ile/Leu-UDCA,,#N/A
P6_C6_GLCA_Lgasseri_BSH_48h.mzML,506.384,0,8.6,8.6,8.72,Ile/Leu-UDCA,,#N/A
P6_C7_GDCA_Lgasseri_BSH_48h.mzML,506.384,0,8.6,8.6,8.72,Ile/Leu-UDCA,,#N/A
P6_C8_GCDCA_Lgasseri_BSH_48h.mzML,506.384,0,8.6,8.6,8.72,Ile/Leu-UDCA,,#N/A
P6_C9_GUDCA_Lgasseri_BSH_48h.mzML,506.384,0,8.6,8.6,8.72,Ile/Leu-UDCA,,#N/A
P6_C10_GCA_Lgasseri_BSH_48h.mzML,506.384,0,8.6,8.6,8.72,Ile/Leu-UDCA,,#N/A
P6_C11_BHI_50MeOH.mzML,506.384,0,8.6,8.6,8.72,Ile/Leu-UDCA,,#N/A
P6_C12_BHI_50DMSO_25MeOH.mzML,506.384,0,8.6,8.6,8.72,Ile/Leu-UDCA,,#N/A
P6_D1_TLCA_LCAG-95_BSH1208_48h.mzML,506.384,0,8.6,8.6,8.72,Ile/Leu-UDCA,,#N/A
P6_D2_TDCA_LCAG-95_BSH1208_48h.mzML,506.384,0,8.6,8.6,8.72,Ile/Leu-UDCA,,#N/A
P6_D3_TCDCA_LCAG-95_BSH1208_48h.mzML,506.384,0,8.6,8.6,8.72,Ile/Leu-UDCA,,#N/A
P6_D4_TUDCA_LCAG-95_BSH1208_48h.mzML,506.384,0,8.6,8.6,8.72,Ile/Leu-UDCA,,#N/A
P6_D5_TCA_LCAG-95_BSH1208_48h.mzML,506.384,0,8.6,8.6,8.72,Ile/Leu-UDCA,,#N/A
P6_D6_GLCA_LCAG-95_BSH1208_48h.mzML,506.384,0,8.6,8.6,8.72,Ile/Leu-UDCA,,#N/A
P6_D7_GDCA_LCAG-95_BSH1208_48h.mzML,506.384,0,8.6,8.6,8.72,Ile/Leu-UDCA,,#N/A
P6_D8_GCDCA_LCAG-95_BSH1208_48h.mzML,506.384,0,8.6,8.6,8.72,Ile/Leu-UDCA,,#N/A
P6_D9_GUDCA_LCAG-95_BSH1208_48h.mzML,506.384,0,8.6,8.6,8.72,Ile/Leu-UDCA,,#N/A
P6_D10_GCA_LCAG-95_BSH1208_48h.mzML,506.384,0,8.6,8.6,8.72,Ile/Leu-UDCA,,#N/A
P6_D11_BHI_50MeOH.mzML,506.384,0,8.6,8.6,8.72,Ile/Leu-UDCA,,#N/A
P6_D12_BHI_50DMSO_25MeOH.mzML,506.384,0,8.6,8.6,8.72,Ile/Leu-UDCA,,#N/A
P6_E1_TLCA_Ep_BSH101_48h.mzML,506.384,0,8.6,8.6,8.72,Ile/Leu-UDCA,,#N/A
P6_E2_TDCA_Ep_BSH101_48h.mzML,506.384,0,8.6,8.6,8.72,Ile/Leu-UDCA,,#N/A
P6_E3_TCDCA_Ep_BSH101_48h.mzML,506.384,0,8.6,8.6,8.72,Ile/Leu-UDCA,,#N/A
P6_E4_TUDCA_Ep_BSH101_48h.mzML,506.384,0,8.6,8.6,8.72,Ile/Leu-UDCA,,#N/A
P6_E5_TCA_Ep_BSH101_48h.mzML,506.384,0,8.6,8.6,8.72,Ile/Leu-UDCA,,#N/A
P6_E6_GLCA_Ep_BSH101_48h.mzML,506.384,0,8.6,8.6,8.72,Ile/Leu-UDCA,,#N/A
P6_E7_GDCA_Ep_BSH101_48h.mzML,506.384,0,8.6,8.6,8.72,Ile/Leu-UDCA,,#N/A
P6_E8_GCDCA_Ep_BSH101_48h.mzML,506.384,0,8.6,8.6,8.72,Ile/Leu-UDCA,,#N/A
P6_E9_GUDCA_Ep_BSH101_48h.mzML,506.384,0,8.6,8.6,8.72,Ile/Leu-UDCA,,#N/A
P6_E10_GCA_Ep_BSH101_48h.mzML,506.384,0,8.6,8.6,8.72,Ile/Leu-UDCA,,#N/A
P6_E11_BHI_50MeOH.mzML,506.384,0,8.6,8.6,8.72,Ile/Leu-UDCA,,#N/A
P6_E12_BHI_50DMSO_25MeOH.mzML,506.384,0,8.6,8.6,8.72,Ile/Leu-UDCA,,#N/A
P6_F1_TLCA_AZ-52_48h.mzML,506.384,0,8.6,8.6,8.72,Ile/Leu-UDCA,,#N/A
P6_F2_TDCA_AZ-52_48h.mzML,506.384,0,8.6,8.6,8.72,Ile/Leu-UDCA,,#N/A
P6_F3_TCDCA_AZ-52_48h.mzML,506.384,0,8.6,8.6,8.72,Ile/Leu-UDCA,,#N/A
P6_F4_TUDCA_AZ-52_48h.mzML,506.384,2823941,8.65,8.6,8.72,Ile/Leu-UDCA,,#N/A
P6_F5_TCA_AZ-52_48h.mzML,506.384,0,8.6,8.6,8.72,Ile/Leu-UDCA,,#N/A
P6_F6_GLCA_AZ-52_48h.mzML,506.384,0,8.6,8.6,8.72,Ile/Leu-UDCA,,#N/A
P6_F7_GDCA_AZ-52_48h.mzML,506.384,0,8.6,8.6,8.72,Ile/Leu-UDCA,,#N/A
P6_F8_GCDCA_AZ-52_48h.mzML,506.384,0,8.6,8.6,8.72,Ile/Leu-UDCA,,#N/A
P6_F9_GUDCA_AZ-52_48h.mzML,506.384,1085029,8.65,8.6,8.72,Ile/Leu-UDCA,,#N/A
P6_F10_GCA_AZ-52_48h.mzML,506.384,0,8.6,8.6,8.72,Ile/Leu-UDCA,,#N/A
P6_F11_BHI_50MeOH.mzML,506.384,0,8.6,8.6,8.72,Ile/Leu-UDCA,,#N/A
P6_F12_BHI_50DMSO_25MeOH.mzML,506.384,0,8.6,8.6,8.72,Ile/Leu-UDCA,,#N/A
P6_G1_TLCA_EcAZ-1-cat_48h.mzML,506.384,0,8.6,8.6,8.72,Ile/Leu-UDCA,,#N/A
P6_G2_TDCA_EcAZ-1-cat_48h.mzML,506.384,0,8.6,8.6,8.72,Ile/Leu-UDCA,,#N/A
P6_G3_TCDCA_EcAZ-1-cat_48h.mzML,506.384,0,8.6,8.6,8.72,Ile/Leu-UDCA,,#N/A
P6_G4_TUDCA_EcAZ-1-cat_48h.mzML,506.384,0,8.6,8.6,8.72,Ile/Leu-UDCA,,#N/A
P6_G5_TCA_EcAZ-1-cat_48h.mzML,506.384,0,8.6,8.6,8.72,Ile/Leu-UDCA,,#N/A
P6_G6_GLCA_EcAZ-1-cat_48h.mzML,506.384,0,8.6,8.6,8.72,Ile/Leu-UDCA,,#N/A
P6_G7_GDCA_EcAZ-1-cat_48h.mzML,506.384,0,8.6,8.6,8.72,Ile/Leu-UDCA,,#N/A
P6_G8_GCDCA_EcAZ-1-cat_48h.mzML,506.384,0,8.6,8.6,8.72,Ile/Leu-UDCA,,#N/A
P6_G9_GUDCA_EcAZ-1-cat_48h.mzML,506.384,0,8.6,8.6,8.72,Ile/Leu-UDCA,,#N/A
P6_G10_GCA_EcAZ-1-cat_48h.mzML,506.384,0,8.6,8.6,8.72,Ile/Leu-UDCA,,#N/A
P6_G11_BHI_50MeOH.mzML,506.384,0,8.6,8.6,8.72,Ile/Leu-UDCA,,#N/A
P6_G12_BHI_50DMSO_25MeOH.mzML,506.384,0,8.6,8.6,8.72,Ile/Leu-UDCA,,#N/A
P6_H1_TLCA_ctrl_48h.mzML,506.384,0,8.6,8.6,8.72,Ile/Leu-UDCA,,#N/A
P6_H2_TDCA_ctrl_48h.mzML,506.384,0,8.6,8.6,8.72,Ile/Leu-UDCA,,#N/A
P6_H3_TCDCA_ctrl_48h.mzML,506.384,0,8.6,8.6,8.72,Ile/Leu-UDCA,,#N/A
P6_H4_TUDCA_ctrl_48h.mzML,506.384,0,8.6,8.6,8.72,Ile/Leu-UDCA,,#N/A
P6_H5_TCA_ctrl_48h.mzML,506.384,0,8.6,8.6,8.72,Ile/Leu-UDCA,,#N/A
P6_H6_GLCA_ctrl_48h.mzML,506.384,0,8.6,8.6,8.72,Ile/Leu-UDCA,,#N/A
P6_H7_GDCA_ctrl_48h.mzML,506.384,0,8.6,8.6,8.72,Ile/Leu-UDCA,,#N/A
P6_H8_GCDCA_ctrl_48h.mzML,506.384,0,8.6,8.6,8.72,Ile/Leu-UDCA,,#N/A
P6_H9_GUDCA_ctrl_48h.mzML,506.384,0,8.6,8.6,8.72,Ile/Leu-UDCA,,#N/A
P6_H10_GCA_ctrl_48h.mzML,506.384,0,8.6,8.6,8.72,Ile/Leu-UDCA,,#N/A
P6_H11_BHI_50MeOH.mzML,506.384,0,8.6,8.6,8.72,Ile/Leu-UDCA,,#N/A
P6_H12_BHI_50DMSO_25MeOH.mzML,506.384,0,8.6,8.6,8.72,Ile/Leu-UDCA,,#N/A
P9_A1_TLCA_Dny_BSH1_48h.mzML,506.384,0,8.6,8.6,8.72,Ile/Leu-UDCA,,#N/A
P9_A2_TDCA_Dny_BSH1_48h.mzML,506.384,0,8.6,8.6,8.72,Ile/Leu-UDCA,,#N/A
P9_A3_TCDCA_Dny_BSH1_48h.mzML,506.384,0,8.6,8.6,8.72,Ile/Leu-UDCA,,#N/A
P9_A4_TUDCA_Dny_BSH1_48h.mzML,506.384,497286,8.63,8.6,8.72,Ile/Leu-UDCA,,#N/A
P9_A5_TCA_Dny_BSH1_48h.mzML,506.384,0,8.6,8.6,8.72,Ile/Leu-UDCA,,#N/A
P9_A6_GLCA_Dny_BSH1_48h.mzML,506.384,0,8.6,8.6,8.72,Ile/Leu-UDCA,,#N/A
P9_A7_GDCA_Dny_BSH1_48h.mzML,506.384,0,8.6,8.6,8.72,Ile/Leu-UDCA,,#N/A
P9_A8_GCDCA_Dny_BSH1_48h.mzML,506.384,0,8.6,8.6,8.72,Ile/Leu-UDCA,,#N/A
P9_A9_GUDCA_Dny_BSH1_48h.mzML,506.384,1125486,8.64,8.6,8.72,Ile/Leu-UDCA,,#N/A
P9_A10_GCA_Dny_BSH1_48h.mzML,506.384,0,8.6,8.6,8.72,Ile/Leu-UDCA,,#N/A
P9_A11_BHI_50MeOH.mzML,506.384,0,8.6,8.6,8.72,Ile/Leu-UDCA,,#N/A
P9_A12_BHI_50DMSO_25MeOH.mzML,506.384,0,8.6,8.6,8.72,Ile/Leu-UDCA,,#N/A
P9_B1_TLCA_Dny_BSH2_48h.mzML,506.384,0,8.6,8.6,8.72,Ile/Leu-UDCA,,#N/A
P9_B2_TDCA_Dny_BSH2_48h.mzML,506.384,0,8.6,8.6,8.72,Ile/Leu-UDCA,,#N/A
P9_B3_TCDCA_Dny_BSH2_48h.mzML,506.384,0,8.6,8.6,8.72,Ile/Leu-UDCA,,#N/A
P9_B4_TUDCA_Dny_BSH2_48h.mzML,506.384,0,8.6,8.6,8.72,Ile/Leu-UDCA,,#N/A
P9_B5_TCA_Dny_BSH2_48h.mzML,506.384,0,8.6,8.6,8.72,Ile/Leu-UDCA,,#N/A
P9_B6_GLCA_Dny_BSH2_48h.mzML,506.384,0,8.6,8.6,8.72,Ile/Leu-UDCA,,#N/A
P9_B7_GDCA_Dny_BSH2_48h.mzML,506.384,0,8.6,8.6,8.72,Ile/Leu-UDCA,,#N/A
P9_B8_GCDCA_Dny_BSH2_48h.mzML,506.384,0,8.6,8.6,8.72,Ile/Leu-UDCA,,#N/A
P9_B9_GUDCA_Dny_BSH2_48h.mzML,506.384,0,8.6,8.6,8.72,Ile/Leu-UDCA,,#N/A
P9_B10_GCA_Dny_BSH2_48h.mzML,506.384,0,8.6,8.6,8.72,Ile/Leu-UDCA,,#N/A
P9_B11_BHI_50MeOH.mzML,506.384,0,8.6,8.6,8.72,Ile/Leu-UDCA,,#N/A
P9_B12_BHI_50DMSO_25MeOH.mzML,506.384,0,8.6,8.6,8.72,Ile/Leu-UDCA,,#N/A
P9_C1_TLCA_Lgasseri_BSH_48h.mzML,506.384,0,8.6,8.6,8.72,Ile/Leu-UDCA,,#N/A
P9_C2_TDCA_Lgasseri_BSH_48h.mzML,506.384,0,8.6,8.6,8.72,Ile/Leu-UDCA,,#N/A
P9_C3_TCDCA_Lgasseri_BSH_48h.mzML,506.384,0,8.6,8.6,8.72,Ile/Leu-UDCA,,#N/A
P9_C4_TUDCA_Lgasseri_BSH_48h.mzML,506.384,0,8.6,8.6,8.72,Ile/Leu-UDCA,,#N/A
P9_C5_TCA_Lgasseri_BSH_48h.mzML,506.384,0,8.6,8.6,8.72,Ile/Leu-UDCA,,#N/A
P9_C6_GLCA_Lgasseri_BSH_48h.mzML,506.384,0,8.6,8.6,8.72,Ile/Leu-UDCA,,#N/A
P9_C7_GDCA_Lgasseri_BSH_48h.mzML,506.384,0,8.6,8.6,8.72,Ile/Leu-UDCA,,#N/A
P9_C8_GCDCA_Lgasseri_BSH_48h.mzML,506.384,0,8.6,8.6,8.72,Ile/Leu-UDCA,,#N/A
P9_C9_GUDCA_Lgasseri_BSH_48h.mzML,506.384,0,8.6,8.6,8.72,Ile/Leu-UDCA,,#N/A
P9_C10_GCA_Lgasseri_BSH_48h.mzML,506.384,0,8.6,8.6,8.72,Ile/Leu-UDCA,,#N/A
P9_C11_BHI_50MeOH.mzML,506.384,0,8.6,8.6,8.72,Ile/Leu-UDCA,,#N/A
P9_C12_BHI_50DMSO_25MeOH.mzML,506.384,0,8.6,8.6,8.72,Ile/Leu-UDCA,,#N/A
P9_D1_TLCA_LCAG-95_BSH1208_48h.mzML,506.384,0,8.6,8.6,8.72,Ile/Leu-UDCA,,#N/A
P9_D2_TDCA_LCAG-95_BSH1208_48h.mzML,506.384,0,8.6,8.6,8.72,Ile/Leu-UDCA,,#N/A
P9_D3_TCDCA_LCAG-95_BSH1208_48h.mzML,506.384,0,8.6,8.6,8.72,Ile/Leu-UDCA,,#N/A
P9_D4_TUDCA_LCAG-95_BSH1208_48h.mzML,506.384,19177,8.64,8.6,8.72,Ile/Leu-UDCA,,#N/A
P9_D5_TCA_LCAG-95_BSH1208_48h.mzML,506.384,0,8.6,8.6,8.72,Ile/Leu-UDCA,,#N/A
P9_D6_GLCA_LCAG-95_BSH1208_48h.mzML,506.384,0,8.6,8.6,8.72,Ile/Leu-UDCA,,#N/A
P9_D7_GDCA_LCAG-95_BSH1208_48h.mzML,506.384,0,8.6,8.6,8.72,Ile/Leu-UDCA,,#N/A
P9_D8_GCDCA_LCAG-95_BSH1208_48h.mzML,506.384,0,8.6,8.6,8.72,Ile/Leu-UDCA,,#N/A
P9_D9_GUDCA_LCAG-95_BSH1208_48h.mzML,506.384,47868,8.65,8.6,8.72,Ile/Leu-UDCA,,#N/A
P9_D10_GCA_LCAG-95_BSH1208_48h.mzML,506.384,0,8.6,8.6,8.72,Ile/Leu-UDCA,,#N/A
P9_D11_BHI_50MeOH.mzML,506.384,0,8.6,8.6,8.72,Ile/Leu-UDCA,,#N/A
P9_D12_BHI_50DMSO_25MeOH.mzML,506.384,0,8.6,8.6,8.72,Ile/Leu-UDCA,,#N/A
P9_E1_TLCA_Ep_BSH101_48h.mzML,506.384,0,8.6,8.6,8.72,Ile/Leu-UDCA,,#N/A
P9_E2_TDCA_Ep_BSH101_48h.mzML,506.384,0,8.6,8.6,8.72,Ile/Leu-UDCA,,#N/A
P9_E3_TCDCA_Ep_BSH101_48h.mzML,506.384,0,8.6,8.6,8.72,Ile/Leu-UDCA,,#N/A
P9_E4_TUDCA_Ep_BSH101_48h.mzML,506.384,0,8.6,8.6,8.72,Ile/Leu-UDCA,,#N/A
P9_E5_TCA_Ep_BSH101_48h.mzML,506.384,0,8.6,8.6,8.72,Ile/Leu-UDCA,,#N/A
P9_E6_GLCA_Ep_BSH101_48h.mzML,506.384,0,8.6,8.6,8.72,Ile/Leu-UDCA,,#N/A
P9_E7_GDCA_Ep_BSH101_48h.mzML,506.384,0,8.6,8.6,8.72,Ile/Leu-UDCA,,#N/A
P9_E8_GCDCA_Ep_BSH101_48h.mzML,506.384,0,8.6,8.6,8.72,Ile/Leu-UDCA,,#N/A
P9_E9_GUDCA_Ep_BSH101_48h.mzML,506.384,0,8.6,8.6,8.72,Ile/Leu-UDCA,,#N/A
P9_E10_GCA_Ep_BSH101_48h.mzML,506.384,0,8.6,8.6,8.72,Ile/Leu-UDCA,,#N/A
P9_E11_BHI_50MeOH.mzML,506.384,0,8.6,8.6,8.72,Ile/Leu-UDCA,,#N/A
P9_E12_BHI_50DMSO_25MeOH.mzML,506.384,0,8.6,8.6,8.72,Ile/Leu-UDCA,,#N/A
P9_F1_TLCA_AZ-52_48h.mzML,506.384,0,8.6,8.6,8.72,Ile/Leu-UDCA,,#N/A
P9_F2_TDCA_AZ-52_48h.mzML,506.384,0,8.6,8.6,8.72,Ile/Leu-UDCA,,#N/A
P9_F3_TCDCA_AZ-52_48h.mzML,506.384,0,8.6,8.6,8.72,Ile/Leu-UDCA,,#N/A
P9_F4_TUDCA_AZ-52_48h.mzML,506.384,2639091,8.65,8.6,8.72,Ile/Leu-UDCA,,#N/A
P9_F5_TCA_AZ-52_48h.mzML,506.384,0,8.6,8.6,8.72,Ile/Leu-UDCA,,#N/A
P9_F6_GLCA_AZ-52_48h.mzML,506.384,0,8.6,8.6,8.72,Ile/Leu-UDCA,,#N/A
P9_F7_GDCA_AZ-52_48h.mzML,506.384,0,8.6,8.6,8.72,Ile/Leu-UDCA,,#N/A
P9_F8_GCDCA_AZ-52_48h.mzML,506.384,0,8.6,8.6,8.72,Ile/Leu-UDCA,,#N/A
P9_F9_GUDCA_AZ-52_48h.mzML,506.384,769832,8.65,8.6,8.72,Ile/Leu-UDCA,,#N/A
P9_F10_GCA_AZ-52_48h.mzML,506.384,0,8.6,8.6,8.72,Ile/Leu-UDCA,,#N/A
P9_F11_BHI_50MeOH.mzML,506.384,0,8.6,8.6,8.72,Ile/Leu-UDCA,,#N/A
P9_F12_BHI_50DMSO_25MeOH.mzML,506.384,0,8.6,8.6,8.72,Ile/Leu-UDCA,,#N/A
P9_G1_TLCA_EcAZ-1-cat_48h.mzML,506.384,0,8.6,8.6,8.72,Ile/Leu-UDCA,,#N/A
P9_G2_TDCA_EcAZ-1-cat_48h.mzML,506.384,0,8.6,8.6,8.72,Ile/Leu-UDCA,,#N/A
P9_G3_TCDCA_EcAZ-1-cat_48h.mzML,506.384,0,8.6,8.6,8.72,Ile/Leu-UDCA,,#N/A
P9_G4_TUDCA_EcAZ-1-cat_48h.mzML,506.384,0,8.6,8.6,8.72,Ile/Leu-UDCA,,#N/A
P9_G5_TCA_EcAZ-1-cat_48h.mzML,506.384,0,8.6,8.6,8.72,Ile/Leu-UDCA,,#N/A
P9_G6_GLCA_EcAZ-1-cat_48h.mzML,506.384,0,8.6,8.6,8.72,Ile/Leu-UDCA,,#N/A
P9_G7_GDCA_EcAZ-1-cat_48h.mzML,506.384,0,8.6,8.6,8.72,Ile/Leu-UDCA,,#N/A
P9_G8_GCDCA_EcAZ-1-cat_48h.mzML,506.384,0,8.6,8.6,8.72,Ile/Leu-UDCA,,#N/A
P9_G9_GUDCA_EcAZ-1-cat_48h.mzML,506.384,0,8.6,8.6,8.72,Ile/Leu-UDCA,,#N/A
P9_G10_GCA_EcAZ-1-cat_48h.mzML,506.384,0,8.6,8.6,8.72,Ile/Leu-UDCA,,#N/A
P9_G11_BHI_50MeOH.mzML,506.384,0,8.6,8.6,8.72,Ile/Leu-UDCA,,#N/A
P9_G12_BHI_50DMSO_25MeOH.mzML,506.384,0,8.6,8.6,8.72,Ile/Leu-UDCA,,#N/A
P9_H1_TLCA_ctrl_48h.mzML,506.384,0,8.6,8.6,8.72,Ile/Leu-UDCA,,#N/A
P9_H2_TDCA_ctrl_48h.mzML,506.384,0,8.6,8.6,8.72,Ile/Leu-UDCA,,#N/A
P9_H3_TCDCA_ctrl_48h.mzML,506.384,0,8.6,8.6,8.72,Ile/Leu-UDCA,,#N/A
P9_H4_TUDCA_ctrl_48h.mzML,506.384,0,8.6,8.6,8.72,Ile/Leu-UDCA,,#N/A
P9_H5_TCA_ctrl_48h.mzML,506.384,0,8.6,8.6,8.72,Ile/Leu-UDCA,,#N/A
P9_H6_GLCA_ctrl_48h.mzML,506.384,0,8.6,8.6,8.72,Ile/Leu-UDCA,,#N/A
P9_H7_GDCA_ctrl_48h.mzML,506.384,0,8.6,8.6,8.72,Ile/Leu-UDCA,,#N/A
P9_H8_GCDCA_ctrl_48h.mzML,506.384,0,8.6,8.6,8.72,Ile/Leu-UDCA,,#N/A
P9_H9_GUDCA_ctrl_48h.mzML,506.384,0,8.6,8.6,8.72,Ile/Leu-UDCA,,#N/A
P9_H10_GCA_ctrl_48h.mzML,506.384,0,8.6,8.6,8.72,Ile/Leu-UDCA,,#N/A
P9_H11_BHI_50MeOH.mzML,506.384,0,8.6,8.6,8.72,Ile/Leu-UDCA,,#N/A
P9_H12_BHI_50DMSO_25MeOH.mzML,506.384,0,8.6,8.6,8.72,Ile/Leu-UDCA,,#N/A
TCA_std.mzML,506.384,0,8.6,8.6,8.72,Ile/Leu-UDCA,,#N/A
TCDCA_std.mzML,506.384,0,8.6,8.6,8.72,Ile/Leu-UDCA,,#N/A
TDCA_std.mzML,506.384,0,8.6,8.6,8.72,Ile/Leu-UDCA,,#N/A
TLCA_std.mzML,506.384,0,8.6,8.6,8.72,Ile/Leu-UDCA,,#N/A
TUDCA_std.mzML,506.384,0,8.6,8.6,8.72,Ile/Leu-UDCA,,#N/A
UDCA_aminoacids.mzML,506.384,118124,8.68,8.6,8.72,Ile/Leu-UDCA,,#N/A
CA_aminoacids.mzML,579.3792,877418,8.77,8.65,8.77,Trp-UDCA,,#N/A
CA_DCA_LCA_aminoacids.mzML,579.3792,22293488,8.77,8.65,8.77,Trp-UDCA,,#N/A
CDCA_aminoacids.mzML,579.3792,42732704,8.77,8.65,8.77,Trp-UDCA,,#N/A
DCA_aminoacids.mzML,579.3792,0,8.65,8.65,8.77,Trp-UDCA,,#N/A
DCA_aminoacids_2.mzML,579.3792,0,8.65,8.65,8.77,Trp-UDCA,,#N/A
GCA_std.mzML,579.3792,0,8.65,8.65,8.77,Trp-UDCA,,#N/A
GCDCA_std.mzML,579.3792,0,8.65,8.65,8.77,Trp-UDCA,,#N/A
GDCA_std.mzML,579.3792,0,8.65,8.65,8.77,Trp-UDCA,,#N/A
GLCA_std.mzML,579.3792,0,8.65,8.65,8.77,Trp-UDCA,,#N/A
GUDCA_std.mzML,579.3792,0,8.65,8.65,8.77,Trp-UDCA,,#N/A
P6_A1_TLCA_Dny_BSH1_48h.mzML,579.3792,1547900,8.77,8.65,8.77,Trp-UDCA,,#N/A
P6_A2_TDCA_Dny_BSH1_48h.mzML,579.3792,587802,8.72,8.65,8.77,Trp-UDCA,,#N/A
P6_A3_TCDCA_Dny_BSH1_48h.mzML,579.3792,311621,8.72,8.65,8.77,Trp-UDCA,,#N/A
P6_A4_TUDCA_Dny_BSH1_48h.mzML,579.3792,283167,8.67,8.65,8.77,Trp-UDCA,,#N/A
P6_A5_TCA_Dny_BSH1_48h.mzML,579.3792,504397,8.71,8.65,8.77,Trp-UDCA,,#N/A
P6_A6_GLCA_Dny_BSH1_48h.mzML,579.3792,1116649,8.75,8.65,8.77,Trp-UDCA,,#N/A
P6_A7_GDCA_Dny_BSH1_48h.mzML,579.3792,914446,8.73,8.65,8.77,Trp-UDCA,,#N/A
P6_A8_GCDCA_Dny_BSH1_48h.mzML,579.3792,289370,8.71,8.65,8.77,Trp-UDCA,,#N/A
P6_A9_GUDCA_Dny_BSH1_48h.mzML,579.3792,238573,8.69,8.65,8.77,Trp-UDCA,,#N/A
P6_A10_GCA_Dny_BSH1_48h.mzML,579.3792,544727,8.72,8.65,8.77,Trp-UDCA,,#N/A
P6_A11_BHI_50MeOH.mzML,579.3792,320361,8.69,8.65,8.77,Trp-UDCA,,#N/A
P6_A12_BHI_50DMSO_25MeOH.mzML,579.3792,568331,8.68,8.65,8.77,Trp-UDCA,,#N/A
P6_B1_TLCA_Dny_BSH2_48h.mzML,579.3792,344618,8.73,8.65,8.77,Trp-UDCA,,#N/A
P6_B2_TDCA_Dny_BSH2_48h.mzML,579.3792,0,8.65,8.65,8.77,Trp-UDCA,,#N/A
P6_B3_TCDCA_Dny_BSH2_48h.mzML,579.3792,206049,8.72,8.65,8.77,Trp-UDCA,,#N/A
P6_B4_TUDCA_Dny_BSH2_48h.mzML,579.3792,487001,8.68,8.65,8.77,Trp-UDCA,,#N/A
P6_B5_TCA_Dny_BSH2_48h.mzML,579.3792,266036,8.72,8.65,8.77,Trp-UDCA,,#N/A
P6_B6_GLCA_Dny_BSH2_48h.mzML,579.3792,1314796,8.72,8.65,8.77,Trp-UDCA,,#N/A
P6_B7_GDCA_Dny_BSH2_48h.mzML,579.3792,359519,8.71,8.65,8.77,Trp-UDCA,,#N/A
P6_B8_GCDCA_Dny_BSH2_48h.mzML,579.3792,397955,8.71,8.65,8.77,Trp-UDCA,,#N/A
P6_B9_GUDCA_Dny_BSH2_48h.mzML,579.3792,483808,8.71,8.65,8.77,Trp-UDCA,,#N/A
P6_B10_GCA_Dny_BSH2_48h.mzML,579.3792,474546,8.73,8.65,8.77,Trp-UDCA,,#N/A
P6_B11_BHI_50MeOH.mzML,579.3792,95251,8.7,8.65,8.77,Trp-UDCA,,#N/A
P6_B12_BHI_50DMSO_25MeOH.mzML,579.3792,247687,8.66,8.65,8.77,Trp-UDCA,,#N/A
P6_C1_TLCA_Lgasseri_BSH_48h.mzML,579.3792,900411,8.73,8.65,8.77,Trp-UDCA,,#N/A
P6_C2_TDCA_Lgasseri_BSH_48h.mzML,579.3792,63160,8.72,8.65,8.77,Trp-UDCA,,#N/A
P6_C3_TCDCA_Lgasseri_BSH_48h.mzML,579.3792,0,8.65,8.65,8.77,Trp-UDCA,,#N/A
P6_C4_TUDCA_Lgasseri_BSH_48h.mzML,579.3792,0,8.65,8.65,8.77,Trp-UDCA,,#N/A
P6_C5_TCA_Lgasseri_BSH_48h.mzML,579.3792,218784,8.72,8.65,8.77,Trp-UDCA,,#N/A
P6_C6_GLCA_Lgasseri_BSH_48h.mzML,579.3792,1793075,8.76,8.65,8.77,Trp-UDCA,,#N/A
P6_C7_GDCA_Lgasseri_BSH_48h.mzML,579.3792,0,8.65,8.65,8.77,Trp-UDCA,,#N/A
P6_C8_GCDCA_Lgasseri_BSH_48h.mzML,579.3792,847007,8.72,8.65,8.77,Trp-UDCA,,#N/A
P6_C9_GUDCA_Lgasseri_BSH_48h.mzML,579.3792,1838102,8.72,8.65,8.77,Trp-UDCA,,#N/A
P6_C10_GCA_Lgasseri_BSH_48h.mzML,579.3792,2279690,8.73,8.65,8.77,Trp-UDCA,,#N/A
P6_C11_BHI_50MeOH.mzML,579.3792,67248,8.68,8.65,8.77,Trp-UDCA,,#N/A
P6_C12_BHI_50DMSO_25MeOH.mzML,579.3792,501282,8.67,8.65,8.77,Trp-UDCA,,#N/A
P6_D1_TLCA_LCAG-95_BSH1208_48h.mzML,579.3792,437471,8.72,8.65,8.77,Trp-UDCA,,#N/A
P6_D2_TDCA_LCAG-95_BSH1208_48h.mzML,579.3792,399207,8.7,8.65,8.77,Trp-UDCA,,#N/A
P6_D3_TCDCA_LCAG-95_BSH1208_48h.mzML,579.3792,76750,8.71,8.65,8.77,Trp-UDCA,,#N/A
P6_D4_TUDCA_LCAG-95_BSH1208_48h.mzML,579.3792,0,8.65,8.65,8.77,Trp-UDCA,,#N/A
P6_D5_TCA_LCAG-95_BSH1208_48h.mzML,579.3792,86064,8.71,8.65,8.77,Trp-UDCA,,#N/A
P6_D6_GLCA_LCAG-95_BSH1208_48h.mzML,579.3792,0,8.65,8.65,8.77,Trp-UDCA,,#N/A
P6_D7_GDCA_LCAG-95_BSH1208_48h.mzML,579.3792,0,8.65,8.65,8.77,Trp-UDCA,,#N/A
P6_D8_GCDCA_LCAG-95_BSH1208_48h.mzML,579.3792,0,8.65,8.65,8.77,Trp-UDCA,,#N/A
P6_D9_GUDCA_LCAG-95_BSH1208_48h.mzML,579.3792,0,8.65,8.65,8.77,Trp-UDCA,,#N/A
P6_D10_GCA_LCAG-95_BSH1208_48h.mzML,579.3792,724234,8.74,8.65,8.77,Trp-UDCA,,#N/A
P6_D11_BHI_50MeOH.mzML,579.3792,914401,8.71,8.65,8.77,Trp-UDCA,,#N/A
P6_D12_BHI_50DMSO_25MeOH.mzML,579.3792,205961,8.66,8.65,8.77,Trp-UDCA,,#N/A
P6_E1_TLCA_Ep_BSH101_48h.mzML,579.3792,133584,8.71,8.65,8.77,Trp-UDCA,,#N/A
P6_E2_TDCA_Ep_BSH101_48h.mzML,579.3792,996231,8.76,8.65,8.77,Trp-UDCA,,#N/A
P6_E3_TCDCA_Ep_BSH101_48h.mzML,579.3792,139004,8.67,8.65,8.77,Trp-UDCA,,#N/A
P6_E4_TUDCA_Ep_BSH101_48h.mzML,579.3792,447298,8.71,8.65,8.77,Trp-UDCA,,#N/A
P6_E5_TCA_Ep_BSH101_48h.mzML,579.3792,0,8.65,8.65,8.77,Trp-UDCA,,#N/A
P6_E6_GLCA_Ep_BSH101_48h.mzML,579.3792,0,8.65,8.65,8.77,Trp-UDCA,,#N/A
P6_E7_GDCA_Ep_BSH101_48h.mzML,579.3792,98635,8.73,8.65,8.77,Trp-UDCA,,#N/A
P6_E8_GCDCA_Ep_BSH101_48h.mzML,579.3792,532304,8.72,8.65,8.77,Trp-UDCA,,#N/A
P6_E9_GUDCA_Ep_BSH101_48h.mzML,579.3792,351003,8.7,8.65,8.77,Trp-UDCA,,#N/A
P6_E10_GCA_Ep_BSH101_48h.mzML,579.3792,115277,8.65,8.65,8.77,Trp-UDCA,,#N/A
P6_E11_BHI_50MeOH.mzML,579.3792,1889092,8.75,8.65,8.77,Trp-UDCA,,#N/A
P6_E12_BHI_50DMSO_25MeOH.mzML,579.3792,281376,8.68,8.65,8.77,Trp-UDCA,,#N/A
P6_F1_TLCA_AZ-52_48h.mzML,579.3792,583306,8.74,8.65,8.77,Trp-UDCA,,#N/A
P6_F2_TDCA_AZ-52_48h.mzML,579.3792,858097,8.76,8.65,8.77,Trp-UDCA,,#N/A
P6_F3_TCDCA_AZ-52_48h.mzML,579.3792,94505,8.7,8.65,8.77,Trp-UDCA,,#N/A
P6_F4_TUDCA_AZ-52_48h.mzML,579.3792,558499,8.71,8.65,8.77,Trp-UDCA,,#N/A
P6_F5_TCA_AZ-52_48h.mzML,579.3792,185580,8.67,8.65,8.77,Trp-UDCA,,#N/A
P6_F6_GLCA_AZ-52_48h.mzML,579.3792,758356,8.71,8.65,8.77,Trp-UDCA,,#N/A
P6_F7_GDCA_AZ-52_48h.mzML,579.3792,528430,8.7,8.65,8.77,Trp-UDCA,,#N/A
P6_F8_GCDCA_AZ-52_48h.mzML,579.3792,146041,8.69,8.65,8.77,Trp-UDCA,,#N/A
P6_F9_GUDCA_AZ-52_48h.mzML,579.3792,212771,8.71,8.65,8.77,Trp-UDCA,,#N/A
P6_F10_GCA_AZ-52_48h.mzML,579.3792,344293,8.69,8.65,8.77,Trp-UDCA,,#N/A
P6_F11_BHI_50MeOH.mzML,579.3792,432626,8.71,8.65,8.77,Trp-UDCA,,#N/A
P6_F12_BHI_50DMSO_25MeOH.mzML,579.3792,627200,8.71,8.65,8.77,Trp-UDCA,,#N/A
P6_G1_TLCA_EcAZ-1-cat_48h.mzML,579.3792,372214,8.74,8.65,8.77,Trp-UDCA,,#N/A
P6_G2_TDCA_EcAZ-1-cat_48h.mzML,579.3792,145937,8.72,8.65,8.77,Trp-UDCA,,#N/A
P6_G3_TCDCA_EcAZ-1-cat_48h.mzML,579.3792,251155,8.71,8.65,8.77,Trp-UDCA,,#N/A
P6_G4_TUDCA_EcAZ-1-cat_48h.mzML,579.3792,172057,8.71,8.65,8.77,Trp-UDCA,,#N/A
P6_G5_TCA_EcAZ-1-cat_48h.mzML,579.3792,536119,8.7,8.65,8.77,Trp-UDCA,,#N/A
P6_G6_GLCA_EcAZ-1-cat_48h.mzML,579.3792,450866,8.75,8.65,8.77,Trp-UDCA,,#N/A
P6_G7_GDCA_EcAZ-1-cat_48h.mzML,579.3792,704407,8.72,8.65,8.77,Trp-UDCA,,#N/A
P6_G8_GCDCA_EcAZ-1-cat_48h.mzML,579.3792,1122143,8.72,8.65,8.77,Trp-UDCA,,#N/A
P6_G9_GUDCA_EcAZ-1-cat_48h.mzML,579.3792,637199,8.75,8.65,8.77,Trp-UDCA,,#N/A
P6_G10_GCA_EcAZ-1-cat_48h.mzML,579.3792,1114048,8.72,8.65,8.77,Trp-UDCA,,#N/A
P6_G11_BHI_50MeOH.mzML,579.3792,586729,8.73,8.65,8.77,Trp-UDCA,,#N/A
P6_G12_BHI_50DMSO_25MeOH.mzML,579.3792,650059,8.72,8.65,8.77,Trp-UDCA,,#N/A
P6_H1_TLCA_ctrl_48h.mzML,579.3792,110336,8.72,8.65,8.77,Trp-UDCA,,#N/A
P6_H2_TDCA_ctrl_48h.mzML,579.3792,0,8.65,8.65,8.77,Trp-UDCA,,#N/A
P6_H3_TCDCA_ctrl_48h.mzML,579.3792,136029,8.69,8.65,8.77,Trp-UDCA,,#N/A
P6_H4_TUDCA_ctrl_48h.mzML,579.3792,0,8.65,8.65,8.77,Trp-UDCA,,#N/A
P6_H5_TCA_ctrl_48h.mzML,579.3792,111343,8.67,8.65,8.77,Trp-UDCA,,#N/A
P6_H6_GLCA_ctrl_48h.mzML,579.3792,14387,8.65,8.65,8.77,Trp-UDCA,,#N/A
P6_H7_GDCA_ctrl_48h.mzML,579.3792,0,8.65,8.65,8.77,Trp-UDCA,,#N/A
P6_H8_GCDCA_ctrl_48h.mzML,579.3792,694136,8.75,8.65,8.77,Trp-UDCA,,#N/A
P6_H9_GUDCA_ctrl_48h.mzML,579.3792,33216,8.69,8.65,8.77,Trp-UDCA,,#N/A
P6_H10_GCA_ctrl_48h.mzML,579.3792,33869,8.67,8.65,8.77,Trp-UDCA,,#N/A
P6_H11_BHI_50MeOH.mzML,579.3792,117134,8.67,8.65,8.77,Trp-UDCA,,#N/A
P6_H12_BHI_50DMSO_25MeOH.mzML,579.3792,41192,8.65,8.65,8.77,Trp-UDCA,,#N/A
P9_A1_TLCA_Dny_BSH1_48h.mzML,579.3792,47742,8.68,8.65,8.77,Trp-UDCA,,#N/A
P9_A2_TDCA_Dny_BSH1_48h.mzML,579.3792,177890,8.68,8.65,8.77,Trp-UDCA,,#N/A
P9_A3_TCDCA_Dny_BSH1_48h.mzML,579.3792,0,8.65,8.65,8.77,Trp-UDCA,,#N/A
P9_A4_TUDCA_Dny_BSH1_48h.mzML,579.3792,39815,8.65,8.65,8.77,Trp-UDCA,,#N/A
P9_A5_TCA_Dny_BSH1_48h.mzML,579.3792,66509,8.67,8.65,8.77,Trp-UDCA,,#N/A
P9_A6_GLCA_Dny_BSH1_48h.mzML,579.3792,496259,8.68,8.65,8.77,Trp-UDCA,,#N/A
P9_A7_GDCA_Dny_BSH1_48h.mzML,579.3792,441005,8.72,8.65,8.77,Trp-UDCA,,#N/A
P9_A8_GCDCA_Dny_BSH1_48h.mzML,579.3792,330017,8.7,8.65,8.77,Trp-UDCA,,#N/A
P9_A9_GUDCA_Dny_BSH1_48h.mzML,579.3792,95321,8.65,8.65,8.77,Trp-UDCA,,#N/A
P9_A10_GCA_Dny_BSH1_48h.mzML,579.3792,89161,8.67,8.65,8.77,Trp-UDCA,,#N/A
P9_A11_BHI_50MeOH.mzML,579.3792,127600,8.69,8.65,8.77,Trp-UDCA,,#N/A
P9_A12_BHI_50DMSO_25MeOH.mzML,579.3792,39288,8.66,8.65,8.77,Trp-UDCA,,#N/A
P9_B1_TLCA_Dny_BSH2_48h.mzML,579.3792,62101,8.69,8.65,8.77,Trp-UDCA,,#N/A
P9_B2_TDCA_Dny_BSH2_48h.mzML,579.3792,93863,8.66,8.65,8.77,Trp-UDCA,,#N/A
P9_B3_TCDCA_Dny_BSH2_48h.mzML,579.3792,103075,8.66,8.65,8.77,Trp-UDCA,,#N/A
P9_B4_TUDCA_Dny_BSH2_48h.mzML,579.3792,0,8.65,8.65,8.77,Trp-UDCA,,#N/A
P9_B5_TCA_Dny_BSH2_48h.mzML,579.3792,148940,8.7,8.65,8.77,Trp-UDCA,,#N/A
P9_B6_GLCA_Dny_BSH2_48h.mzML,579.3792,290602,8.68,8.65,8.77,Trp-UDCA,,#N/A
P9_B7_GDCA_Dny_BSH2_48h.mzML,579.3792,37770,8.65,8.65,8.77,Trp-UDCA,,#N/A
P9_B8_GCDCA_Dny_BSH2_48h.mzML,579.3792,80951,8.68,8.65,8.77,Trp-UDCA,,#N/A
P9_B9_GUDCA_Dny_BSH2_48h.mzML,579.3792,99531,8.69,8.65,8.77,Trp-UDCA,,#N/A
P9_B10_GCA_Dny_BSH2_48h.mzML,579.3792,56534,8.7,8.65,8.77,Trp-UDCA,,#N/A
P9_B11_BHI_50MeOH.mzML,579.3792,0,8.65,8.65,8.77,Trp-UDCA,,#N/A
P9_B12_BHI_50DMSO_25MeOH.mzML,579.3792,0,8.65,8.65,8.77,Trp-UDCA,,#N/A
P9_C1_TLCA_Lgasseri_BSH_48h.mzML,579.3792,0,8.65,8.65,8.77,Trp-UDCA,,#N/A
P9_C2_TDCA_Lgasseri_BSH_48h.mzML,579.3792,572801,8.69,8.65,8.77,Trp-UDCA,,#N/A
P9_C3_TCDCA_Lgasseri_BSH_48h.mzML,579.3792,158916,8.68,8.65,8.77,Trp-UDCA,,#N/A
P9_C4_TUDCA_Lgasseri_BSH_48h.mzML,579.3792,831283,8.69,8.65,8.77,Trp-UDCA,,#N/A
P9_C5_TCA_Lgasseri_BSH_48h.mzML,579.3792,378497,8.69,8.65,8.77,Trp-UDCA,,#N/A
P9_C6_GLCA_Lgasseri_BSH_48h.mzML,579.3792,383230,8.66,8.65,8.77,Trp-UDCA,,#N/A
P9_C7_GDCA_Lgasseri_BSH_48h.mzML,579.3792,1841294,8.71,8.65,8.77,Trp-UDCA,,#N/A
P9_C8_GCDCA_Lgasseri_BSH_48h.mzML,579.3792,482018,8.68,8.65,8.77,Trp-UDCA,,#N/A
P9_C9_GUDCA_Lgasseri_BSH_48h.mzML,579.3792,174418,8.67,8.65,8.77,Trp-UDCA,,#N/A
P9_C10_GCA_Lgasseri_BSH_48h.mzML,579.3792,83899,8.68,8.65,8.77,Trp-UDCA,,#N/A
P9_C11_BHI_50MeOH.mzML,579.3792,74144,8.66,8.65,8.77,Trp-UDCA,,#N/A
P9_C12_BHI_50DMSO_25MeOH.mzML,579.3792,251273,8.65,8.65,8.77,Trp-UDCA,,#N/A
P9_D1_TLCA_LCAG-95_BSH1208_48h.mzML,579.3792,101854,8.67,8.65,8.77,Trp-UDCA,,#N/A
P9_D2_TDCA_LCAG-95_BSH1208_48h.mzML,579.3792,500676,8.7,8.65,8.77,Trp-UDCA,,#N/A
P9_D3_TCDCA_LCAG-95_BSH1208_48h.mzML,579.3792,698616,8.73,8.65,8.77,Trp-UDCA,,#N/A
P9_D4_TUDCA_LCAG-95_BSH1208_48h.mzML,579.3792,0,8.65,8.65,8.77,Trp-UDCA,,#N/A
P9_D5_TCA_LCAG-95_BSH1208_48h.mzML,579.3792,58111,8.66,8.65,8.77,Trp-UDCA,,#N/A
P9_D6_GLCA_LCAG-95_BSH1208_48h.mzML,579.3792,1058719,8.67,8.65,8.77,Trp-UDCA,,#N/A
P9_D7_GDCA_LCAG-95_BSH1208_48h.mzML,579.3792,211485,8.66,8.65,8.77,Trp-UDCA,,#N/A
P9_D8_GCDCA_LCAG-95_BSH1208_48h.mzML,579.3792,371996,8.67,8.65,8.77,Trp-UDCA,,#N/A
P9_D9_GUDCA_LCAG-95_BSH1208_48h.mzML,579.3792,630845,8.69,8.65,8.77,Trp-UDCA,,#N/A
P9_D10_GCA_LCAG-95_BSH1208_48h.mzML,579.3792,351115,8.68,8.65,8.77,Trp-UDCA,,#N/A
P9_D11_BHI_50MeOH.mzML,579.3792,555907,8.69,8.65,8.77,Trp-UDCA,,#N/A
P9_D12_BHI_50DMSO_25MeOH.mzML,579.3792,44586,8.65,8.65,8.77,Trp-UDCA,,#N/A
P9_E1_TLCA_Ep_BSH101_48h.mzML,579.3792,342891,8.7,8.65,8.77,Trp-UDCA,,#N/A
P9_E2_TDCA_Ep_BSH101_48h.mzML,579.3792,232623,8.66,8.65,8.77,Trp-UDCA,,#N/A
P9_E3_TCDCA_Ep_BSH101_48h.mzML,579.3792,78906,8.67,8.65,8.77,Trp-UDCA,,#N/A
P9_E4_TUDCA_Ep_BSH101_48h.mzML,579.3792,115650,8.7,8.65,8.77,Trp-UDCA,,#N/A
P9_E5_TCA_Ep_BSH101_48h.mzML,579.3792,327963,8.69,8.65,8.77,Trp-UDCA,,#N/A
P9_E6_GLCA_Ep_BSH101_48h.mzML,579.3792,397998,8.67,8.65,8.77,Trp-UDCA,,#N/A
P9_E7_GDCA_Ep_BSH101_48h.mzML,579.3792,255434,8.69,8.65,8.77,Trp-UDCA,,#N/A
P9_E8_GCDCA_Ep_BSH101_48h.mzML,579.3792,487012,8.67,8.65,8.77,Trp-UDCA,,#N/A
P9_E9_GUDCA_Ep_BSH101_48h.mzML,579.3792,298017,8.66,8.65,8.77,Trp-UDCA,,#N/A
P9_E10_GCA_Ep_BSH101_48h.mzML,579.3792,94747,8.69,8.65,8.77,Trp-UDCA,,#N/A
P9_E11_BHI_50MeOH.mzML,579.3792,107696,8.68,8.65,8.77,Trp-UDCA,,#N/A
P9_E12_BHI_50DMSO_25MeOH.mzML,579.3792,66963,8.67,8.65,8.77,Trp-UDCA,,#N/A
P9_F1_TLCA_AZ-52_48h.mzML,579.3792,29493,8.65,8.65,8.77,Trp-UDCA,,#N/A
P9_F2_TDCA_AZ-52_48h.mzML,579.3792,0,8.65,8.65,8.77,Trp-UDCA,,#N/A
P9_F3_TCDCA_AZ-52_48h.mzML,579.3792,0,8.65,8.65,8.77,Trp-UDCA,,#N/A
P9_F4_TUDCA_AZ-52_48h.mzML,579.3792,1096878,8.75,8.65,8.77,Trp-UDCA,,#N/A
P9_F5_TCA_AZ-52_48h.mzML,579.3792,416515,8.7,8.65,8.77,Trp-UDCA,,#N/A
P9_F6_GLCA_AZ-52_48h.mzML,579.3792,513673,8.7,8.65,8.77,Trp-UDCA,,#N/A
P9_F7_GDCA_AZ-52_48h.mzML,579.3792,921982,8.71,8.65,8.77,Trp-UDCA,,#N/A
P9_F8_GCDCA_AZ-52_48h.mzML,579.3792,248392,8.69,8.65,8.77,Trp-UDCA,,#N/A
P9_F9_GUDCA_AZ-52_48h.mzML,579.3792,247006,8.69,8.65,8.77,Trp-UDCA,,#N/A
P9_F10_GCA_AZ-52_48h.mzML,579.3792,20438,8.65,8.65,8.77,Trp-UDCA,,#N/A
P9_F11_BHI_50MeOH.mzML,579.3792,667902,8.73,8.65,8.77,Trp-UDCA,,#N/A
P9_F12_BHI_50DMSO_25MeOH.mzML,579.3792,89385,8.72,8.65,8.77,Trp-UDCA,,#N/A
P9_G1_TLCA_EcAZ-1-cat_48h.mzML,579.3792,0,8.65,8.65,8.77,Trp-UDCA,,#N/A
P9_G2_TDCA_EcAZ-1-cat_48h.mzML,579.3792,44716,8.65,8.65,8.77,Trp-UDCA,,#N/A
P9_G3_TCDCA_EcAZ-1-cat_48h.mzML,579.3792,780058,8.71,8.65,8.77,Trp-UDCA,,#N/A
P9_G4_TUDCA_EcAZ-1-cat_48h.mzML,579.3792,0,8.65,8.65,8.77,Trp-UDCA,,#N/A
P9_G5_TCA_EcAZ-1-cat_48h.mzML,579.3792,183564,8.69,8.65,8.77,Trp-UDCA,,#N/A
P9_G6_GLCA_EcAZ-1-cat_48h.mzML,579.3792,671830,8.71,8.65,8.77,Trp-UDCA,,#N/A
P9_G7_GDCA_EcAZ-1-cat_48h.mzML,579.3792,294893,8.68,8.65,8.77,Trp-UDCA,,#N/A
P9_G8_GCDCA_EcAZ-1-cat_48h.mzML,579.3792,1070948,8.75,8.65,8.77,Trp-UDCA,,#N/A
P9_G9_GUDCA_EcAZ-1-cat_48h.mzML,579.3792,255025,8.71,8.65,8.77,Trp-UDCA,,#N/A
P9_G10_GCA_EcAZ-1-cat_48h.mzML,579.3792,194695,8.67,8.65,8.77,Trp-UDCA,,#N/A
P9_G11_BHI_50MeOH.mzML,579.3792,157022,8.68,8.65,8.77,Trp-UDCA,,#N/A
P9_G12_BHI_50DMSO_25MeOH.mzML,579.3792,0,8.65,8.65,8.77,Trp-UDCA,,#N/A
P9_H1_TLCA_ctrl_48h.mzML,579.3792,0,8.65,8.65,8.77,Trp-UDCA,,#N/A
P9_H2_TDCA_ctrl_48h.mzML,579.3792,95840,8.71,8.65,8.77,Trp-UDCA,,#N/A
P9_H3_TCDCA_ctrl_48h.mzML,579.3792,141378,8.66,8.65,8.77,Trp-UDCA,,#N/A
P9_H4_TUDCA_ctrl_48h.mzML,579.3792,0,8.65,8.65,8.77,Trp-UDCA,,#N/A
P9_H5_TCA_ctrl_48h.mzML,579.3792,70316,8.67,8.65,8.77,Trp-UDCA,,#N/A
P9_H6_GLCA_ctrl_48h.mzML,579.3792,25743,8.66,8.65,8.77,Trp-UDCA,,#N/A
P9_H7_GDCA_ctrl_48h.mzML,579.3792,0,8.65,8.65,8.77,Trp-UDCA,,#N/A
P9_H8_GCDCA_ctrl_48h.mzML,579.3792,263085,8.7,8.65,8.77,Trp-UDCA,,#N/A
P9_H9_GUDCA_ctrl_48h.mzML,579.3792,0,8.65,8.65,8.77,Trp-UDCA,,#N/A
P9_H10_GCA_ctrl_48h.mzML,579.3792,810,8.65,8.65,8.77,Trp-UDCA,,#N/A
P9_H11_BHI_50MeOH.mzML,579.3792,139400,8.67,8.65,8.77,Trp-UDCA,,#N/A
P9_H12_BHI_50DMSO_25MeOH.mzML,579.3792,136189,8.66,8.65,8.77,Trp-UDCA,,#N/A
TCA_std.mzML,579.3792,0,8.65,8.65,8.77,Trp-UDCA,,#N/A
TCDCA_std.mzML,579.3792,0,8.65,8.65,8.77,Trp-UDCA,,#N/A
TDCA_std.mzML,579.3792,0,8.65,8.65,8.77,Trp-UDCA,,#N/A
TLCA_std.mzML,579.3792,0,8.65,8.65,8.77,Trp-UDCA,,#N/A
TUDCA_std.mzML,579.3792,0,8.65,8.65,8.77,Trp-UDCA,,#N/A
UDCA_aminoacids.mzML,579.3792,11010427,8.77,8.65,8.77,Trp-UDCA,,#N/A
CA_aminoacids.mzML,556.3633,10886500,8.54,8.41,8.55,Tyr-UDCA,,#N/A
CA_DCA_LCA_aminoacids.mzML,556.3633,106597672,8.54,8.41,8.55,Tyr-UDCA,,#N/A
CDCA_aminoacids.mzML,556.3633,1715124,8.54,8.41,8.55,Tyr-UDCA,,#N/A
DCA_aminoacids.mzML,556.3633,7426,8.54,8.41,8.55,Tyr-UDCA,,#N/A
DCA_aminoacids_2.mzML,556.3633,358238,8.53,8.41,8.55,Tyr-UDCA,,#N/A
GCA_std.mzML,556.3633,0,8.41,8.41,8.55,Tyr-UDCA,,#N/A
GCDCA_std.mzML,556.3633,0,8.41,8.41,8.55,Tyr-UDCA,,#N/A
GDCA_std.mzML,556.3633,0,8.41,8.41,8.55,Tyr-UDCA,,#N/A
GLCA_std.mzML,556.3633,0,8.41,8.41,8.55,Tyr-UDCA,,#N/A
GUDCA_std.mzML,556.3633,0,8.41,8.41,8.55,Tyr-UDCA,,#N/A
P6_A1_TLCA_Dny_BSH1_48h.mzML,556.3633,6608,8.47,8.41,8.55,Tyr-UDCA,,#N/A
P6_A2_TDCA_Dny_BSH1_48h.mzML,556.3633,0,8.41,8.41,8.55,Tyr-UDCA,,#N/A
P6_A3_TCDCA_Dny_BSH1_48h.mzML,556.3633,0,8.41,8.41,8.55,Tyr-UDCA,,#N/A
P6_A4_TUDCA_Dny_BSH1_48h.mzML,556.3633,30232,8.49,8.41,8.55,Tyr-UDCA,,#N/A
P6_A5_TCA_Dny_BSH1_48h.mzML,556.3633,15521,8.52,8.41,8.55,Tyr-UDCA,,#N/A
P6_A6_GLCA_Dny_BSH1_48h.mzML,556.3633,2035,8.44,8.41,8.55,Tyr-UDCA,,#N/A
P6_A7_GDCA_Dny_BSH1_48h.mzML,556.3633,0,8.41,8.41,8.55,Tyr-UDCA,,#N/A
P6_A8_GCDCA_Dny_BSH1_48h.mzML,556.3633,0,8.41,8.41,8.55,Tyr-UDCA,,#N/A
P6_A9_GUDCA_Dny_BSH1_48h.mzML,556.3633,0,8.41,8.41,8.55,Tyr-UDCA,,#N/A
P6_A10_GCA_Dny_BSH1_48h.mzML,556.3633,97466,8.53,8.41,8.55,Tyr-UDCA,,#N/A
P6_A11_BHI_50MeOH.mzML,556.3633,0,8.41,8.41,8.55,Tyr-UDCA,,#N/A
P6_A12_BHI_50DMSO_25MeOH.mzML,556.3633,23125,8.52,8.41,8.55,Tyr-UDCA,,#N/A
P6_B1_TLCA_Dny_BSH2_48h.mzML,556.3633,0,8.41,8.41,8.55,Tyr-UDCA,,#N/A
P6_B2_TDCA_Dny_BSH2_48h.mzML,556.3633,30820,8.54,8.41,8.55,Tyr-UDCA,,#N/A
P6_B3_TCDCA_Dny_BSH2_48h.mzML,556.3633,0,8.41,8.41,8.55,Tyr-UDCA,,#N/A
P6_B4_TUDCA_Dny_BSH2_48h.mzML,556.3633,0,8.41,8.41,8.55,Tyr-UDCA,,#N/A
P6_B5_TCA_Dny_BSH2_48h.mzML,556.3633,0,8.41,8.41,8.55,Tyr-UDCA,,#N/A
P6_B6_GLCA_Dny_BSH2_48h.mzML,556.3633,31511,8.54,8.41,8.55,Tyr-UDCA,,#N/A
P6_B7_GDCA_Dny_BSH2_48h.mzML,556.3633,4484,8.45,8.41,8.55,Tyr-UDCA,,#N/A
P6_B8_GCDCA_Dny_BSH2_48h.mzML,556.3633,14133,8.42,8.41,8.55,Tyr-UDCA,,#N/A
P6_B9_GUDCA_Dny_BSH2_48h.mzML,556.3633,0,8.41,8.41,8.55,Tyr-UDCA,,#N/A
P6_B10_GCA_Dny_BSH2_48h.mzML,556.3633,0,8.41,8.41,8.55,Tyr-UDCA,,#N/A
P6_B11_BHI_50MeOH.mzML,556.3633,2319,8.51,8.41,8.55,Tyr-UDCA,,#N/A
P6_B12_BHI_50DMSO_25MeOH.mzML,556.3633,0,8.41,8.41,8.55,Tyr-UDCA,,#N/A
P6_C1_TLCA_Lgasseri_BSH_48h.mzML,556.3633,2391,8.43,8.41,8.55,Tyr-UDCA,,#N/A
P6_C2_TDCA_Lgasseri_BSH_48h.mzML,556.3633,0,8.41,8.41,8.55,Tyr-UDCA,,#N/A
P6_C3_TCDCA_Lgasseri_BSH_48h.mzML,556.3633,0,8.41,8.41,8.55,Tyr-UDCA,,#N/A
P6_C4_TUDCA_Lgasseri_BSH_48h.mzML,556.3633,35148,8.46,8.41,8.55,Tyr-UDCA,,#N/A
P6_C5_TCA_Lgasseri_BSH_48h.mzML,556.3633,15077,8.49,8.41,8.55,Tyr-UDCA,,#N/A
P6_C6_GLCA_Lgasseri_BSH_48h.mzML,556.3633,20938,8.47,8.41,8.55,Tyr-UDCA,,#N/A
P6_C7_GDCA_Lgasseri_BSH_48h.mzML,556.3633,0,8.41,8.41,8.55,Tyr-UDCA,,#N/A
P6_C8_GCDCA_Lgasseri_BSH_48h.mzML,556.3633,17643,8.54,8.41,8.55,Tyr-UDCA,,#N/A
P6_C9_GUDCA_Lgasseri_BSH_48h.mzML,556.3633,26472,8.47,8.41,8.55,Tyr-UDCA,,#N/A
P6_C10_GCA_Lgasseri_BSH_48h.mzML,556.3633,3478,8.45,8.41,8.55,Tyr-UDCA,,#N/A
P6_C11_BHI_50MeOH.mzML,556.3633,0,8.41,8.41,8.55,Tyr-UDCA,,#N/A
P6_C12_BHI_50DMSO_25MeOH.mzML,556.3633,10197,8.49,8.41,8.55,Tyr-UDCA,,#N/A
P6_D1_TLCA_LCAG-95_BSH1208_48h.mzML,556.3633,0,8.41,8.41,8.55,Tyr-UDCA,,#N/A
P6_D2_TDCA_LCAG-95_BSH1208_48h.mzML,556.3633,0,8.41,8.41,8.55,Tyr-UDCA,,#N/A
P6_D3_TCDCA_LCAG-95_BSH1208_48h.mzML,556.3633,0,8.41,8.41,8.55,Tyr-UDCA,,#N/A
P6_D4_TUDCA_LCAG-95_BSH1208_48h.mzML,556.3633,0,8.41,8.41,8.55,Tyr-UDCA,,#N/A
P6_D5_TCA_LCAG-95_BSH1208_48h.mzML,556.3633,0,8.41,8.41,8.55,Tyr-UDCA,,#N/A
P6_D6_GLCA_LCAG-95_BSH1208_48h.mzML,556.3633,0,8.41,8.41,8.55,Tyr-UDCA,,#N/A
P6_D7_GDCA_LCAG-95_BSH1208_48h.mzML,556.3633,0,8.41,8.41,8.55,Tyr-UDCA,,#N/A
P6_D8_GCDCA_LCAG-95_BSH1208_48h.mzML,556.3633,0,8.41,8.41,8.55,Tyr-UDCA,,#N/A
P6_D9_GUDCA_LCAG-95_BSH1208_48h.mzML,556.3633,0,8.41,8.41,8.55,Tyr-UDCA,,#N/A
P6_D10_GCA_LCAG-95_BSH1208_48h.mzML,556.3633,5463,8.5,8.41,8.55,Tyr-UDCA,,#N/A
P6_D11_BHI_50MeOH.mzML,556.3633,11502,8.51,8.41,8.55,Tyr-UDCA,,#N/A
P6_D12_BHI_50DMSO_25MeOH.mzML,556.3633,0,8.41,8.41,8.55,Tyr-UDCA,,#N/A
P6_E1_TLCA_Ep_BSH101_48h.mzML,556.3633,0,8.41,8.41,8.55,Tyr-UDCA,,#N/A
P6_E2_TDCA_Ep_BSH101_48h.mzML,556.3633,23181,8.48,8.41,8.55,Tyr-UDCA,,#N/A
P6_E3_TCDCA_Ep_BSH101_48h.mzML,556.3633,0,8.41,8.41,8.55,Tyr-UDCA,,#N/A
P6_E4_TUDCA_Ep_BSH101_48h.mzML,556.3633,0,8.41,8.41,8.55,Tyr-UDCA,,#N/A
P6_E5_TCA_Ep_BSH101_48h.mzML,556.3633,0,8.41,8.41,8.55,Tyr-UDCA,,#N/A
P6_E6_GLCA_Ep_BSH101_48h.mzML,556.3633,0,8.41,8.41,8.55,Tyr-UDCA,,#N/A
P6_E7_GDCA_Ep_BSH101_48h.mzML,556.3633,0,8.41,8.41,8.55,Tyr-UDCA,,#N/A
P6_E8_GCDCA_Ep_BSH101_48h.mzML,556.3633,0,8.41,8.41,8.55,Tyr-UDCA,,#N/A
P6_E9_GUDCA_Ep_BSH101_48h.mzML,556.3633,0,8.41,8.41,8.55,Tyr-UDCA,,#N/A
P6_E10_GCA_Ep_BSH101_48h.mzML,556.3633,149,8.41,8.41,8.55,Tyr-UDCA,,#N/A
P6_E11_BHI_50MeOH.mzML,556.3633,116978,8.52,8.41,8.55,Tyr-UDCA,,#N/A
P6_E12_BHI_50DMSO_25MeOH.mzML,556.3633,4565,8.5,8.41,8.55,Tyr-UDCA,,#N/A
P6_F1_TLCA_AZ-52_48h.mzML,556.3633,0,8.41,8.41,8.55,Tyr-UDCA,,#N/A
P6_F2_TDCA_AZ-52_48h.mzML,556.3633,2213,8.42,8.41,8.55,Tyr-UDCA,,#N/A
P6_F3_TCDCA_AZ-52_48h.mzML,556.3633,0,8.41,8.41,8.55,Tyr-UDCA,,#N/A
P6_F4_TUDCA_AZ-52_48h.mzML,556.3633,0,8.41,8.41,8.55,Tyr-UDCA,,#N/A
P6_F5_TCA_AZ-52_48h.mzML,556.3633,0,8.41,8.41,8.55,Tyr-UDCA,,#N/A
P6_F6_GLCA_AZ-52_48h.mzML,556.3633,17891,8.47,8.41,8.55,Tyr-UDCA,,#N/A
P6_F7_GDCA_AZ-52_48h.mzML,556.3633,0,8.41,8.41,8.55,Tyr-UDCA,,#N/A
P6_F8_GCDCA_AZ-52_48h.mzML,556.3633,0,8.41,8.41,8.55,Tyr-UDCA,,#N/A
P6_F9_GUDCA_AZ-52_48h.mzML,556.3633,16171,8.47,8.41,8.55,Tyr-UDCA,,#N/A
P6_F10_GCA_AZ-52_48h.mzML,556.3633,14984,8.54,8.41,8.55,Tyr-UDCA,,#N/A
P6_F11_BHI_50MeOH.mzML,556.3633,15668,8.47,8.41,8.55,Tyr-UDCA,,#N/A
P6_F12_BHI_50DMSO_25MeOH.mzML,556.3633,0,8.41,8.41,8.55,Tyr-UDCA,,#N/A
P6_G1_TLCA_EcAZ-1-cat_48h.mzML,556.3633,0,8.41,8.41,8.55,Tyr-UDCA,,#N/A
P6_G2_TDCA_EcAZ-1-cat_48h.mzML,556.3633,0,8.41,8.41,8.55,Tyr-UDCA,,#N/A
P6_G3_TCDCA_EcAZ-1-cat_48h.mzML,556.3633,1989,8.43,8.41,8.55,Tyr-UDCA,,#N/A
P6_G4_TUDCA_EcAZ-1-cat_48h.mzML,556.3633,0,8.41,8.41,8.55,Tyr-UDCA,,#N/A
P6_G5_TCA_EcAZ-1-cat_48h.mzML,556.3633,14670,8.49,8.41,8.55,Tyr-UDCA,,#N/A
P6_G6_GLCA_EcAZ-1-cat_48h.mzML,556.3633,0,8.41,8.41,8.55,Tyr-UDCA,,#N/A
P6_G7_GDCA_EcAZ-1-cat_48h.mzML,556.3633,0,8.41,8.41,8.55,Tyr-UDCA,,#N/A
P6_G8_GCDCA_EcAZ-1-cat_48h.mzML,556.3633,0,8.41,8.41,8.55,Tyr-UDCA,,#N/A
P6_G9_GUDCA_EcAZ-1-cat_48h.mzML,556.3633,0,8.41,8.41,8.55,Tyr-UDCA,,#N/A
P6_G10_GCA_EcAZ-1-cat_48h.mzML,556.3633,33055,8.53,8.41,8.55,Tyr-UDCA,,#N/A
P6_G11_BHI_50MeOH.mzML,556.3633,11472,8.49,8.41,8.55,Tyr-UDCA,,#N/A
P6_G12_BHI_50DMSO_25MeOH.mzML,556.3633,60105,8.54,8.41,8.55,Tyr-UDCA,,#N/A
P6_H1_TLCA_ctrl_48h.mzML,556.3633,0,8.41,8.41,8.55,Tyr-UDCA,,#N/A
P6_H2_TDCA_ctrl_48h.mzML,556.3633,0,8.41,8.41,8.55,Tyr-UDCA,,#N/A
P6_H3_TCDCA_ctrl_48h.mzML,556.3633,6722,8.49,8.41,8.55,Tyr-UDCA,,#N/A
P6_H4_TUDCA_ctrl_48h.mzML,556.3633,0,8.41,8.41,8.55,Tyr-UDCA,,#N/A
P6_H5_TCA_ctrl_48h.mzML,556.3633,0,8.41,8.41,8.55,Tyr-UDCA,,#N/A
P6_H6_GLCA_ctrl_48h.mzML,556.3633,0,8.41,8.41,8.55,Tyr-UDCA,,#N/A
P6_H7_GDCA_ctrl_48h.mzML,556.3633,0,8.41,8.41,8.55,Tyr-UDCA,,#N/A
P6_H8_GCDCA_ctrl_48h.mzML,556.3633,17257,8.52,8.41,8.55,Tyr-UDCA,,#N/A
P6_H9_GUDCA_ctrl_48h.mzML,556.3633,0,8.41,8.41,8.55,Tyr-UDCA,,#N/A
P6_H10_GCA_ctrl_48h.mzML,556.3633,915,8.46,8.41,8.55,Tyr-UDCA,,#N/A
P6_H11_BHI_50MeOH.mzML,556.3633,0,8.41,8.41,8.55,Tyr-UDCA,,#N/A
P6_H12_BHI_50DMSO_25MeOH.mzML,556.3633,0,8.41,8.41,8.55,Tyr-UDCA,,#N/A
P9_A1_TLCA_Dny_BSH1_48h.mzML,556.3633,0,8.41,8.41,8.55,Tyr-UDCA,,#N/A
P9_A2_TDCA_Dny_BSH1_48h.mzML,556.3633,44084,8.54,8.41,8.55,Tyr-UDCA,,#N/A
P9_A3_TCDCA_Dny_BSH1_48h.mzML,556.3633,0,8.41,8.41,8.55,Tyr-UDCA,,#N/A
P9_A4_TUDCA_Dny_BSH1_48h.mzML,556.3633,7552,8.48,8.41,8.55,Tyr-UDCA,,#N/A
P9_A5_TCA_Dny_BSH1_48h.mzML,556.3633,0,8.41,8.41,8.55,Tyr-UDCA,,#N/A
P9_A6_GLCA_Dny_BSH1_48h.mzML,556.3633,3871,8.49,8.41,8.55,Tyr-UDCA,,#N/A
P9_A7_GDCA_Dny_BSH1_48h.mzML,556.3633,6939,8.49,8.41,8.55,Tyr-UDCA,,#N/A
P9_A8_GCDCA_Dny_BSH1_48h.mzML,556.3633,0,8.41,8.41,8.55,Tyr-UDCA,,#N/A
P9_A9_GUDCA_Dny_BSH1_48h.mzML,556.3633,0,8.41,8.41,8.55,Tyr-UDCA,,#N/A
P9_A10_GCA_Dny_BSH1_48h.mzML,556.3633,0,8.41,8.41,8.55,Tyr-UDCA,,#N/A
P9_A11_BHI_50MeOH.mzML,556.3633,0,8.41,8.41,8.55,Tyr-UDCA,,#N/A
P9_A12_BHI_50DMSO_25MeOH.mzML,556.3633,0,8.41,8.41,8.55,Tyr-UDCA,,#N/A
P9_B1_TLCA_Dny_BSH2_48h.mzML,556.3633,0,8.41,8.41,8.55,Tyr-UDCA,,#N/A
P9_B2_TDCA_Dny_BSH2_48h.mzML,556.3633,2542,8.43,8.41,8.55,Tyr-UDCA,,#N/A
P9_B3_TCDCA_Dny_BSH2_48h.mzML,556.3633,0,8.41,8.41,8.55,Tyr-UDCA,,#N/A
P9_B4_TUDCA_Dny_BSH2_48h.mzML,556.3633,0,8.41,8.41,8.55,Tyr-UDCA,,#N/A
P9_B5_TCA_Dny_BSH2_48h.mzML,556.3633,0,8.41,8.41,8.55,Tyr-UDCA,,#N/A
P9_B6_GLCA_Dny_BSH2_48h.mzML,556.3633,6758,8.54,8.41,8.55,Tyr-UDCA,,#N/A
P9_B7_GDCA_Dny_BSH2_48h.mzML,556.3633,0,8.41,8.41,8.55,Tyr-UDCA,,#N/A
P9_B8_GCDCA_Dny_BSH2_48h.mzML,556.3633,0,8.41,8.41,8.55,Tyr-UDCA,,#N/A
P9_B9_GUDCA_Dny_BSH2_48h.mzML,556.3633,0,8.41,8.41,8.55,Tyr-UDCA,,#N/A
P9_B10_GCA_Dny_BSH2_48h.mzML,556.3633,0,8.41,8.41,8.55,Tyr-UDCA,,#N/A
P9_B11_BHI_50MeOH.mzML,556.3633,0,8.41,8.41,8.55,Tyr-UDCA,,#N/A
P9_B12_BHI_50DMSO_25MeOH.mzML,556.3633,8334,8.49,8.41,8.55,Tyr-UDCA,,#N/A
P9_C1_TLCA_Lgasseri_BSH_48h.mzML,556.3633,0,8.41,8.41,8.55,Tyr-UDCA,,#N/A
P9_C2_TDCA_Lgasseri_BSH_48h.mzML,556.3633,38070,8.54,8.41,8.55,Tyr-UDCA,,#N/A
P9_C3_TCDCA_Lgasseri_BSH_48h.mzML,556.3633,71094,8.53,8.41,8.55,Tyr-UDCA,,#N/A
P9_C4_TUDCA_Lgasseri_BSH_48h.mzML,556.3633,37771,8.5,8.41,8.55,Tyr-UDCA,,#N/A
P9_C5_TCA_Lgasseri_BSH_48h.mzML,556.3633,0,8.41,8.41,8.55,Tyr-UDCA,,#N/A
P9_C6_GLCA_Lgasseri_BSH_48h.mzML,556.3633,0,8.41,8.41,8.55,Tyr-UDCA,,#N/A
P9_C7_GDCA_Lgasseri_BSH_48h.mzML,556.3633,0,8.41,8.41,8.55,Tyr-UDCA,,#N/A
P9_C8_GCDCA_Lgasseri_BSH_48h.mzML,556.3633,0,8.41,8.41,8.55,Tyr-UDCA,,#N/A
P9_C9_GUDCA_Lgasseri_BSH_48h.mzML,556.3633,0,8.41,8.41,8.55,Tyr-UDCA,,#N/A
P9_C10_GCA_Lgasseri_BSH_48h.mzML,556.3633,0,8.41,8.41,8.55,Tyr-UDCA,,#N/A
P9_C11_BHI_50MeOH.mzML,556.3633,4161,8.47,8.41,8.55,Tyr-UDCA,,#N/A
P9_C12_BHI_50DMSO_25MeOH.mzML,556.3633,0,8.41,8.41,8.55,Tyr-UDCA,,#N/A
P9_D1_TLCA_LCAG-95_BSH1208_48h.mzML,556.3633,0,8.41,8.41,8.55,Tyr-UDCA,,#N/A
P9_D2_TDCA_LCAG-95_BSH1208_48h.mzML,556.3633,0,8.41,8.41,8.55,Tyr-UDCA,,#N/A
P9_D3_TCDCA_LCAG-95_BSH1208_48h.mzML,556.3633,0,8.41,8.41,8.55,Tyr-UDCA,,#N/A
P9_D4_TUDCA_LCAG-95_BSH1208_48h.mzML,556.3633,0,8.41,8.41,8.55,Tyr-UDCA,,#N/A
P9_D5_TCA_LCAG-95_BSH1208_48h.mzML,556.3633,0,8.41,8.41,8.55,Tyr-UDCA,,#N/A
P9_D6_GLCA_LCAG-95_BSH1208_48h.mzML,556.3633,174639,8.53,8.41,8.55,Tyr-UDCA,,#N/A
P9_D7_GDCA_LCAG-95_BSH1208_48h.mzML,556.3633,0,8.41,8.41,8.55,Tyr-UDCA,,#N/A
P9_D8_GCDCA_LCAG-95_BSH1208_48h.mzML,556.3633,596,8.41,8.41,8.55,Tyr-UDCA,,#N/A
P9_D9_GUDCA_LCAG-95_BSH1208_48h.mzML,556.3633,0,8.41,8.41,8.55,Tyr-UDCA,,#N/A
P9_D10_GCA_LCAG-95_BSH1208_48h.mzML,556.3633,0,8.41,8.41,8.55,Tyr-UDCA,,#N/A
P9_D11_BHI_50MeOH.mzML,556.3633,6148,8.49,8.41,8.55,Tyr-UDCA,,#N/A
P9_D12_BHI_50DMSO_25MeOH.mzML,556.3633,0,8.41,8.41,8.55,Tyr-UDCA,,#N/A
P9_E1_TLCA_Ep_BSH101_48h.mzML,556.3633,0,8.41,8.41,8.55,Tyr-UDCA,,#N/A
P9_E2_TDCA_Ep_BSH101_48h.mzML,556.3633,1934,8.46,8.41,8.55,Tyr-UDCA,,#N/A
P9_E3_TCDCA_Ep_BSH101_48h.mzML,556.3633,0,8.41,8.41,8.55,Tyr-UDCA,,#N/A
P9_E4_TUDCA_Ep_BSH101_48h.mzML,556.3633,0,8.41,8.41,8.55,Tyr-UDCA,,#N/A
P9_E5_TCA_Ep_BSH101_48h.mzML,556.3633,0,8.41,8.41,8.55,Tyr-UDCA,,#N/A
P9_E6_GLCA_Ep_BSH101_48h.mzML,556.3633,83329,8.53,8.41,8.55,Tyr-UDCA,,#N/A
P9_E7_GDCA_Ep_BSH101_48h.mzML,556.3633,0,8.41,8.41,8.55,Tyr-UDCA,,#N/A
P9_E8_GCDCA_Ep_BSH101_48h.mzML,556.3633,0,8.41,8.41,8.55,Tyr-UDCA,,#N/A
P9_E9_GUDCA_Ep_BSH101_48h.mzML,556.3633,40989,8.52,8.41,8.55,Tyr-UDCA,,#N/A
P9_E10_GCA_Ep_BSH101_48h.mzML,556.3633,0,8.41,8.41,8.55,Tyr-UDCA,,#N/A
P9_E11_BHI_50MeOH.mzML,556.3633,6082,8.49,8.41,8.55,Tyr-UDCA,,#N/A
P9_E12_BHI_50DMSO_25MeOH.mzML,556.3633,0,8.41,8.41,8.55,Tyr-UDCA,,#N/A
P9_F1_TLCA_AZ-52_48h.mzML,556.3633,0,8.41,8.41,8.55,Tyr-UDCA,,#N/A
P9_F2_TDCA_AZ-52_48h.mzML,556.3633,3664,8.43,8.41,8.55,Tyr-UDCA,,#N/A
P9_F3_TCDCA_AZ-52_48h.mzML,556.3633,0,8.41,8.41,8.55,Tyr-UDCA,,#N/A
P9_F4_TUDCA_AZ-52_48h.mzML,556.3633,0,8.41,8.41,8.55,Tyr-UDCA,,#N/A
P9_F5_TCA_AZ-52_48h.mzML,556.3633,40561,8.52,8.41,8.55,Tyr-UDCA,,#N/A
P9_F6_GLCA_AZ-52_48h.mzML,556.3633,0,8.41,8.41,8.55,Tyr-UDCA,,#N/A
P9_F7_GDCA_AZ-52_48h.mzML,556.3633,0,8.41,8.41,8.55,Tyr-UDCA,,#N/A
P9_F8_GCDCA_AZ-52_48h.mzML,556.3633,0,8.41,8.41,8.55,Tyr-UDCA,,#N/A
P9_F9_GUDCA_AZ-52_48h.mzML,556.3633,0,8.41,8.41,8.55,Tyr-UDCA,,#N/A
P9_F10_GCA_AZ-52_48h.mzML,556.3633,0,8.41,8.41,8.55,Tyr-UDCA,,#N/A
P9_F11_BHI_50MeOH.mzML,556.3633,17170,8.5,8.41,8.55,Tyr-UDCA,,#N/A
P9_F12_BHI_50DMSO_25MeOH.mzML,556.3633,0,8.41,8.41,8.55,Tyr-UDCA,,#N/A
P9_G1_TLCA_EcAZ-1-cat_48h.mzML,556.3633,2035,8.5,8.41,8.55,Tyr-UDCA,,#N/A
P9_G2_TDCA_EcAZ-1-cat_48h.mzML,556.3633,7844,8.5,8.41,8.55,Tyr-UDCA,,#N/A
P9_G3_TCDCA_EcAZ-1-cat_48h.mzML,556.3633,0,8.41,8.41,8.55,Tyr-UDCA,,#N/A
P9_G4_TUDCA_EcAZ-1-cat_48h.mzML,556.3633,0,8.41,8.41,8.55,Tyr-UDCA,,#N/A
P9_G5_TCA_EcAZ-1-cat_48h.mzML,556.3633,1857,8.42,8.41,8.55,Tyr-UDCA,,#N/A
P9_G6_GLCA_EcAZ-1-cat_48h.mzML,556.3633,1765,8.43,8.41,8.55,Tyr-UDCA,,#N/A
P9_G7_GDCA_EcAZ-1-cat_48h.mzML,556.3633,3823,8.42,8.41,8.55,Tyr-UDCA,,#N/A
P9_G8_GCDCA_EcAZ-1-cat_48h.mzML,556.3633,0,8.41,8.41,8.55,Tyr-UDCA,,#N/A
P9_G9_GUDCA_EcAZ-1-cat_48h.mzML,556.3633,0,8.41,8.41,8.55,Tyr-UDCA,,#N/A
P9_G10_GCA_EcAZ-1-cat_48h.mzML,556.3633,0,8.41,8.41,8.55,Tyr-UDCA,,#N/A
P9_G11_BHI_50MeOH.mzML,556.3633,0,8.41,8.41,8.55,Tyr-UDCA,,#N/A
P9_G12_BHI_50DMSO_25MeOH.mzML,556.3633,0,8.41,8.41,8.55,Tyr-UDCA,,#N/A
P9_H1_TLCA_ctrl_48h.mzML,556.3633,0,8.41,8.41,8.55,Tyr-UDCA,,#N/A
P9_H2_TDCA_ctrl_48h.mzML,556.3633,0,8.41,8.41,8.55,Tyr-UDCA,,#N/A
P9_H3_TCDCA_ctrl_48h.mzML,556.3633,0,8.41,8.41,8.55,Tyr-UDCA,,#N/A
P9_H4_TUDCA_ctrl_48h.mzML,556.3633,0,8.41,8.41,8.55,Tyr-UDCA,,#N/A
P9_H5_TCA_ctrl_48h.mzML,556.3633,0,8.41,8.41,8.55,Tyr-UDCA,,#N/A
P9_H6_GLCA_ctrl_48h.mzML,556.3633,0,8.41,8.41,8.55,Tyr-UDCA,,#N/A
P9_H7_GDCA_ctrl_48h.mzML,556.3633,0,8.41,8.41,8.55,Tyr-UDCA,,#N/A
P9_H8_GCDCA_ctrl_48h.mzML,556.3633,0,8.41,8.41,8.55,Tyr-UDCA,,#N/A
P9_H9_GUDCA_ctrl_48h.mzML,556.3633,0,8.41,8.41,8.55,Tyr-UDCA,,#N/A
P9_H10_GCA_ctrl_48h.mzML,556.3633,0,8.41,8.41,8.55,Tyr-UDCA,,#N/A
P9_H11_BHI_50MeOH.mzML,556.3633,0,8.41,8.41,8.55,Tyr-UDCA,,#N/A
P9_H12_BHI_50DMSO_25MeOH.mzML,556.3633,0,8.41,8.41,8.55,Tyr-UDCA,,#N/A
TCA_std.mzML,556.3633,0,8.41,8.41,8.55,Tyr-UDCA,,#N/A
TCDCA_std.mzML,556.3633,0,8.41,8.41,8.55,Tyr-UDCA,,#N/A
TDCA_std.mzML,556.3633,0,8.41,8.41,8.55,Tyr-UDCA,,#N/A
TLCA_std.mzML,556.3633,0,8.41,8.41,8.55,Tyr-UDCA,,#N/A
TUDCA_std.mzML,556.3633,0,8.41,8.41,8.55,Tyr-UDCA,,#N/A
UDCA_aminoacids.mzML,556.3633,15413099,8.49,8.41,8.55,Tyr-UDCA,,#N/A
CA_aminoacids.mzML,521.3949,0,4.18,4.18,4.34,Lys-UDCA,,#N/A
CA_DCA_LCA_aminoacids.mzML,521.3949,284847,4.18,4.18,4.34,Lys-UDCA,,#N/A
CDCA_aminoacids.mzML,521.3949,0,4.18,4.18,4.34,Lys-UDCA,,#N/A
DCA_aminoacids.mzML,521.3949,0,4.18,4.18,4.34,Lys-UDCA,,#N/A
DCA_aminoacids_2.mzML,521.3949,0,4.18,4.18,4.34,Lys-UDCA,,#N/A
GCA_std.mzML,521.3949,0,4.18,4.18,4.34,Lys-UDCA,,#N/A
GCDCA_std.mzML,521.3949,0,4.18,4.18,4.34,Lys-UDCA,,#N/A
GDCA_std.mzML,521.3949,0,4.18,4.18,4.34,Lys-UDCA,,#N/A
GLCA_std.mzML,521.3949,0,4.18,4.18,4.34,Lys-UDCA,,#N/A
GUDCA_std.mzML,521.3949,0,4.18,4.18,4.34,Lys-UDCA,,#N/A
P6_A1_TLCA_Dny_BSH1_48h.mzML,521.3949,0,4.18,4.18,4.34,Lys-UDCA,,#N/A
P6_A2_TDCA_Dny_BSH1_48h.mzML,521.3949,0,4.18,4.18,4.34,Lys-UDCA,,#N/A
P6_A3_TCDCA_Dny_BSH1_48h.mzML,521.3949,0,4.18,4.18,4.34,Lys-UDCA,,#N/A
P6_A4_TUDCA_Dny_BSH1_48h.mzML,521.3949,413721,4.27,4.18,4.34,Lys-UDCA,,#N/A
P6_A5_TCA_Dny_BSH1_48h.mzML,521.3949,0,4.18,4.18,4.34,Lys-UDCA,,#N/A
P6_A6_GLCA_Dny_BSH1_48h.mzML,521.3949,0,4.18,4.18,4.34,Lys-UDCA,,#N/A
P6_A7_GDCA_Dny_BSH1_48h.mzML,521.3949,0,4.18,4.18,4.34,Lys-UDCA,,#N/A
P6_A8_GCDCA_Dny_BSH1_48h.mzML,521.3949,0,4.18,4.18,4.34,Lys-UDCA,,#N/A
P6_A9_GUDCA_Dny_BSH1_48h.mzML,521.3949,1294294,4.26,4.18,4.34,Lys-UDCA,,#N/A
P6_A10_GCA_Dny_BSH1_48h.mzML,521.3949,0,4.18,4.18,4.34,Lys-UDCA,,#N/A
P6_A11_BHI_50MeOH.mzML,521.3949,0,4.18,4.18,4.34,Lys-UDCA,,#N/A
P6_A12_BHI_50DMSO_25MeOH.mzML,521.3949,0,4.18,4.18,4.34,Lys-UDCA,,#N/A
P6_B1_TLCA_Dny_BSH2_48h.mzML,521.3949,2367,4.2,4.18,4.34,Lys-UDCA,,#N/A
P6_B2_TDCA_Dny_BSH2_48h.mzML,521.3949,0,4.18,4.18,4.34,Lys-UDCA,,#N/A
P6_B3_TCDCA_Dny_BSH2_48h.mzML,521.3949,0,4.18,4.18,4.34,Lys-UDCA,,#N/A
P6_B4_TUDCA_Dny_BSH2_48h.mzML,521.3949,0,4.18,4.18,4.34,Lys-UDCA,,#N/A
P6_B5_TCA_Dny_BSH2_48h.mzML,521.3949,0,4.18,4.18,4.34,Lys-UDCA,,#N/A
P6_B6_GLCA_Dny_BSH2_48h.mzML,521.3949,0,4.18,4.18,4.34,Lys-UDCA,,#N/A
P6_B7_GDCA_Dny_BSH2_48h.mzML,521.3949,0,4.18,4.18,4.34,Lys-UDCA,,#N/A
P6_B8_GCDCA_Dny_BSH2_48h.mzML,521.3949,0,4.18,4.18,4.34,Lys-UDCA,,#N/A
P6_B9_GUDCA_Dny_BSH2_48h.mzML,521.3949,0,4.18,4.18,4.34,Lys-UDCA,,#N/A
P6_B10_GCA_Dny_BSH2_48h.mzML,521.3949,0,4.18,4.18,4.34,Lys-UDCA,,#N/A
P6_B11_BHI_50MeOH.mzML,521.3949,0,4.18,4.18,4.34,Lys-UDCA,,#N/A
P6_B12_BHI_50DMSO_25MeOH.mzML,521.3949,0,4.18,4.18,4.34,Lys-UDCA,,#N/A
P6_C1_TLCA_Lgasseri_BSH_48h.mzML,521.3949,0,4.18,4.18,4.34,Lys-UDCA,,#N/A
P6_C2_TDCA_Lgasseri_BSH_48h.mzML,521.3949,0,4.18,4.18,4.34,Lys-UDCA,,#N/A
P6_C3_TCDCA_Lgasseri_BSH_48h.mzML,521.3949,0,4.18,4.18,4.34,Lys-UDCA,,#N/A
P6_C4_TUDCA_Lgasseri_BSH_48h.mzML,521.3949,0,4.18,4.18,4.34,Lys-UDCA,,#N/A
P6_C5_TCA_Lgasseri_BSH_48h.mzML,521.3949,0,4.18,4.18,4.34,Lys-UDCA,,#N/A
P6_C6_GLCA_Lgasseri_BSH_48h.mzML,521.3949,0,4.18,4.18,4.34,Lys-UDCA,,#N/A
P6_C7_GDCA_Lgasseri_BSH_48h.mzML,521.3949,0,4.18,4.18,4.34,Lys-UDCA,,#N/A
P6_C8_GCDCA_Lgasseri_BSH_48h.mzML,521.3949,0,4.18,4.18,4.34,Lys-UDCA,,#N/A
P6_C9_GUDCA_Lgasseri_BSH_48h.mzML,521.3949,0,4.18,4.18,4.34,Lys-UDCA,,#N/A
P6_C10_GCA_Lgasseri_BSH_48h.mzML,521.3949,0,4.18,4.18,4.34,Lys-UDCA,,#N/A
P6_C11_BHI_50MeOH.mzML,521.3949,0,4.18,4.18,4.34,Lys-UDCA,,#N/A
P6_C12_BHI_50DMSO_25MeOH.mzML,521.3949,0,4.18,4.18,4.34,Lys-UDCA,,#N/A
P6_D1_TLCA_LCAG-95_BSH1208_48h.mzML,521.3949,0,4.18,4.18,4.34,Lys-UDCA,,#N/A
P6_D2_TDCA_LCAG-95_BSH1208_48h.mzML,521.3949,0,4.18,4.18,4.34,Lys-UDCA,,#N/A
P6_D3_TCDCA_LCAG-95_BSH1208_48h.mzML,521.3949,0,4.18,4.18,4.34,Lys-UDCA,,#N/A
P6_D4_TUDCA_LCAG-95_BSH1208_48h.mzML,521.3949,1425,4.21,4.18,4.34,Lys-UDCA,,#N/A
P6_D5_TCA_LCAG-95_BSH1208_48h.mzML,521.3949,0,4.18,4.18,4.34,Lys-UDCA,,#N/A
P6_D6_GLCA_LCAG-95_BSH1208_48h.mzML,521.3949,0,4.18,4.18,4.34,Lys-UDCA,,#N/A
P6_D7_GDCA_LCAG-95_BSH1208_48h.mzML,521.3949,0,4.18,4.18,4.34,Lys-UDCA,,#N/A
P6_D8_GCDCA_LCAG-95_BSH1208_48h.mzML,521.3949,0,4.18,4.18,4.34,Lys-UDCA,,#N/A
P6_D9_GUDCA_LCAG-95_BSH1208_48h.mzML,521.3949,5884,4.23,4.18,4.34,Lys-UDCA,,#N/A
P6_D10_GCA_LCAG-95_BSH1208_48h.mzML,521.3949,0,4.18,4.18,4.34,Lys-UDCA,,#N/A
P6_D11_BHI_50MeOH.mzML,521.3949,0,4.18,4.18,4.34,Lys-UDCA,,#N/A
P6_D12_BHI_50DMSO_25MeOH.mzML,521.3949,0,4.18,4.18,4.34,Lys-UDCA,,#N/A
P6_E1_TLCA_Ep_BSH101_48h.mzML,521.3949,0,4.18,4.18,4.34,Lys-UDCA,,#N/A
P6_E2_TDCA_Ep_BSH101_48h.mzML,521.3949,0,4.18,4.18,4.34,Lys-UDCA,,#N/A
P6_E3_TCDCA_Ep_BSH101_48h.mzML,521.3949,0,4.18,4.18,4.34,Lys-UDCA,,#N/A
P6_E4_TUDCA_Ep_BSH101_48h.mzML,521.3949,0,4.18,4.18,4.34,Lys-UDCA,,#N/A
P6_E5_TCA_Ep_BSH101_48h.mzML,521.3949,0,4.18,4.18,4.34,Lys-UDCA,,#N/A
P6_E6_GLCA_Ep_BSH101_48h.mzML,521.3949,0,4.18,4.18,4.34,Lys-UDCA,,#N/A
P6_E7_GDCA_Ep_BSH101_48h.mzML,521.3949,0,4.18,4.18,4.34,Lys-UDCA,,#N/A
P6_E8_GCDCA_Ep_BSH101_48h.mzML,521.3949,0,4.18,4.18,4.34,Lys-UDCA,,#N/A
P6_E9_GUDCA_Ep_BSH101_48h.mzML,521.3949,0,4.18,4.18,4.34,Lys-UDCA,,#N/A
P6_E10_GCA_Ep_BSH101_48h.mzML,521.3949,0,4.18,4.18,4.34,Lys-UDCA,,#N/A
P6_E11_BHI_50MeOH.mzML,521.3949,0,4.18,4.18,4.34,Lys-UDCA,,#N/A
P6_E12_BHI_50DMSO_25MeOH.mzML,521.3949,0,4.18,4.18,4.34,Lys-UDCA,,#N/A
P6_F1_TLCA_AZ-52_48h.mzML,521.3949,0,4.18,4.18,4.34,Lys-UDCA,,#N/A
P6_F2_TDCA_AZ-52_48h.mzML,521.3949,0,4.18,4.18,4.34,Lys-UDCA,,#N/A
P6_F3_TCDCA_AZ-52_48h.mzML,521.3949,0,4.18,4.18,4.34,Lys-UDCA,,#N/A
P6_F4_TUDCA_AZ-52_48h.mzML,521.3949,953139,4.22,4.18,4.34,Lys-UDCA,,#N/A
P6_F5_TCA_AZ-52_48h.mzML,521.3949,0,4.18,4.18,4.34,Lys-UDCA,,#N/A
P6_F6_GLCA_AZ-52_48h.mzML,521.3949,0,4.18,4.18,4.34,Lys-UDCA,,#N/A
P6_F7_GDCA_AZ-52_48h.mzML,521.3949,0,4.18,4.18,4.34,Lys-UDCA,,#N/A
P6_F8_GCDCA_AZ-52_48h.mzML,521.3949,0,4.18,4.18,4.34,Lys-UDCA,,#N/A
P6_F9_GUDCA_AZ-52_48h.mzML,521.3949,256370,4.22,4.18,4.34,Lys-UDCA,,#N/A
P6_F10_GCA_AZ-52_48h.mzML,521.3949,0,4.18,4.18,4.34,Lys-UDCA,,#N/A
P6_F11_BHI_50MeOH.mzML,521.3949,0,4.18,4.18,4.34,Lys-UDCA,,#N/A
P6_F12_BHI_50DMSO_25MeOH.mzML,521.3949,0,4.18,4.18,4.34,Lys-UDCA,,#N/A
P6_G1_TLCA_EcAZ-1-cat_48h.mzML,521.3949,0,4.18,4.18,4.34,Lys-UDCA,,#N/A
P6_G2_TDCA_EcAZ-1-cat_48h.mzML,521.3949,0,4.18,4.18,4.34,Lys-UDCA,,#N/A
P6_G3_TCDCA_EcAZ-1-cat_48h.mzML,521.3949,0,4.18,4.18,4.34,Lys-UDCA,,#N/A
P6_G4_TUDCA_EcAZ-1-cat_48h.mzML,521.3949,0,4.18,4.18,4.34,Lys-UDCA,,#N/A
P6_G5_TCA_EcAZ-1-cat_48h.mzML,521.3949,0,4.18,4.18,4.34,Lys-UDCA,,#N/A
P6_G6_GLCA_EcAZ-1-cat_48h.mzML,521.3949,0,4.18,4.18,4.34,Lys-UDCA,,#N/A
P6_G7_GDCA_EcAZ-1-cat_48h.mzML,521.3949,0,4.18,4.18,4.34,Lys-UDCA,,#N/A
P6_G8_GCDCA_EcAZ-1-cat_48h.mzML,521.3949,0,4.18,4.18,4.34,Lys-UDCA,,#N/A
P6_G9_GUDCA_EcAZ-1-cat_48h.mzML,521.3949,0,4.18,4.18,4.34,Lys-UDCA,,#N/A
P6_G10_GCA_EcAZ-1-cat_48h.mzML,521.3949,0,4.18,4.18,4.34,Lys-UDCA,,#N/A
P6_G11_BHI_50MeOH.mzML,521.3949,0,4.18,4.18,4.34,Lys-UDCA,,#N/A
P6_G12_BHI_50DMSO_25MeOH.mzML,521.3949,0,4.18,4.18,4.34,Lys-UDCA,,#N/A
P6_H1_TLCA_ctrl_48h.mzML,521.3949,0,4.18,4.18,4.34,Lys-UDCA,,#N/A
P6_H2_TDCA_ctrl_48h.mzML,521.3949,0,4.18,4.18,4.34,Lys-UDCA,,#N/A
P6_H3_TCDCA_ctrl_48h.mzML,521.3949,0,4.18,4.18,4.34,Lys-UDCA,,#N/A
P6_H4_TUDCA_ctrl_48h.mzML,521.3949,0,4.18,4.18,4.34,Lys-UDCA,,#N/A
P6_H5_TCA_ctrl_48h.mzML,521.3949,0,4.18,4.18,4.34,Lys-UDCA,,#N/A
P6_H6_GLCA_ctrl_48h.mzML,521.3949,0,4.18,4.18,4.34,Lys-UDCA,,#N/A
P6_H7_GDCA_ctrl_48h.mzML,521.3949,0,4.18,4.18,4.34,Lys-UDCA,,#N/A
P6_H8_GCDCA_ctrl_48h.mzML,521.3949,0,4.18,4.18,4.34,Lys-UDCA,,#N/A
P6_H9_GUDCA_ctrl_48h.mzML,521.3949,0,4.18,4.18,4.34,Lys-UDCA,,#N/A
P6_H10_GCA_ctrl_48h.mzML,521.3949,0,4.18,4.18,4.34,Lys-UDCA,,#N/A
P6_H11_BHI_50MeOH.mzML,521.3949,0,4.18,4.18,4.34,Lys-UDCA,,#N/A
P6_H12_BHI_50DMSO_25MeOH.mzML,521.3949,0,4.18,4.18,4.34,Lys-UDCA,,#N/A
P9_A1_TLCA_Dny_BSH1_48h.mzML,521.3949,0,4.18,4.18,4.34,Lys-UDCA,,#N/A
P9_A2_TDCA_Dny_BSH1_48h.mzML,521.3949,0,4.18,4.18,4.34,Lys-UDCA,,#N/A
P9_A3_TCDCA_Dny_BSH1_48h.mzML,521.3949,0,4.18,4.18,4.34,Lys-UDCA,,#N/A
P9_A4_TUDCA_Dny_BSH1_48h.mzML,521.3949,0,4.18,4.18,4.34,Lys-UDCA,,#N/A
P9_A5_TCA_Dny_BSH1_48h.mzML,521.3949,0,4.18,4.18,4.34,Lys-UDCA,,#N/A
P9_A6_GLCA_Dny_BSH1_48h.mzML,521.3949,0,4.18,4.18,4.34,Lys-UDCA,,#N/A
P9_A7_GDCA_Dny_BSH1_48h.mzML,521.3949,0,4.18,4.18,4.34,Lys-UDCA,,#N/A
P9_A8_GCDCA_Dny_BSH1_48h.mzML,521.3949,0,4.18,4.18,4.34,Lys-UDCA,,#N/A
P9_A9_GUDCA_Dny_BSH1_48h.mzML,521.3949,0,4.18,4.18,4.34,Lys-UDCA,,#N/A
P9_A10_GCA_Dny_BSH1_48h.mzML,521.3949,0,4.18,4.18,4.34,Lys-UDCA,,#N/A
P9_A11_BHI_50MeOH.mzML,521.3949,0,4.18,4.18,4.34,Lys-UDCA,,#N/A
P9_A12_BHI_50DMSO_25MeOH.mzML,521.3949,0,4.18,4.18,4.34,Lys-UDCA,,#N/A
P9_B1_TLCA_Dny_BSH2_48h.mzML,521.3949,0,4.18,4.18,4.34,Lys-UDCA,,#N/A
P9_B2_TDCA_Dny_BSH2_48h.mzML,521.3949,0,4.18,4.18,4.34,Lys-UDCA,,#N/A
P9_B3_TCDCA_Dny_BSH2_48h.mzML,521.3949,0,4.18,4.18,4.34,Lys-UDCA,,#N/A
P9_B4_TUDCA_Dny_BSH2_48h.mzML,521.3949,0,4.18,4.18,4.34,Lys-UDCA,,#N/A
P9_B5_TCA_Dny_BSH2_48h.mzML,521.3949,0,4.18,4.18,4.34,Lys-UDCA,,#N/A
P9_B6_GLCA_Dny_BSH2_48h.mzML,521.3949,0,4.18,4.18,4.34,Lys-UDCA,,#N/A
P9_B7_GDCA_Dny_BSH2_48h.mzML,521.3949,0,4.18,4.18,4.34,Lys-UDCA,,#N/A
P9_B8_GCDCA_Dny_BSH2_48h.mzML,521.3949,0,4.18,4.18,4.34,Lys-UDCA,,#N/A
P9_B9_GUDCA_Dny_BSH2_48h.mzML,521.3949,0,4.18,4.18,4.34,Lys-UDCA,,#N/A
P9_B10_GCA_Dny_BSH2_48h.mzML,521.3949,0,4.18,4.18,4.34,Lys-UDCA,,#N/A
P9_B11_BHI_50MeOH.mzML,521.3949,0,4.18,4.18,4.34,Lys-UDCA,,#N/A
P9_B12_BHI_50DMSO_25MeOH.mzML,521.3949,0,4.18,4.18,4.34,Lys-UDCA,,#N/A
P9_C1_TLCA_Lgasseri_BSH_48h.mzML,521.3949,0,4.18,4.18,4.34,Lys-UDCA,,#N/A
P9_C2_TDCA_Lgasseri_BSH_48h.mzML,521.3949,0,4.18,4.18,4.34,Lys-UDCA,,#N/A
P9_C3_TCDCA_Lgasseri_BSH_48h.mzML,521.3949,0,4.18,4.18,4.34,Lys-UDCA,,#N/A
P9_C4_TUDCA_Lgasseri_BSH_48h.mzML,521.3949,0,4.18,4.18,4.34,Lys-UDCA,,#N/A
P9_C5_TCA_Lgasseri_BSH_48h.mzML,521.3949,0,4.18,4.18,4.34,Lys-UDCA,,#N/A
P9_C6_GLCA_Lgasseri_BSH_48h.mzML,521.3949,0,4.18,4.18,4.34,Lys-UDCA,,#N/A
P9_C7_GDCA_Lgasseri_BSH_48h.mzML,521.3949,0,4.18,4.18,4.34,Lys-UDCA,,#N/A
P9_C8_GCDCA_Lgasseri_BSH_48h.mzML,521.3949,0,4.18,4.18,4.34,Lys-UDCA,,#N/A
P9_C9_GUDCA_Lgasseri_BSH_48h.mzML,521.3949,0,4.18,4.18,4.34,Lys-UDCA,,#N/A
P9_C10_GCA_Lgasseri_BSH_48h.mzML,521.3949,0,4.18,4.18,4.34,Lys-UDCA,,#N/A
P9_C11_BHI_50MeOH.mzML,521.3949,0,4.18,4.18,4.34,Lys-UDCA,,#N/A
P9_C12_BHI_50DMSO_25MeOH.mzML,521.3949,0,4.18,4.18,4.34,Lys-UDCA,,#N/A
P9_D1_TLCA_LCAG-95_BSH1208_48h.mzML,521.3949,0,4.18,4.18,4.34,Lys-UDCA,,#N/A
P9_D2_TDCA_LCAG-95_BSH1208_48h.mzML,521.3949,0,4.18,4.18,4.34,Lys-UDCA,,#N/A
P9_D3_TCDCA_LCAG-95_BSH1208_48h.mzML,521.3949,0,4.18,4.18,4.34,Lys-UDCA,,#N/A
P9_D4_TUDCA_LCAG-95_BSH1208_48h.mzML,521.3949,0,4.18,4.18,4.34,Lys-UDCA,,#N/A
P9_D5_TCA_LCAG-95_BSH1208_48h.mzML,521.3949,0,4.18,4.18,4.34,Lys-UDCA,,#N/A
P9_D6_GLCA_LCAG-95_BSH1208_48h.mzML,521.3949,0,4.18,4.18,4.34,Lys-UDCA,,#N/A
P9_D7_GDCA_LCAG-95_BSH1208_48h.mzML,521.3949,0,4.18,4.18,4.34,Lys-UDCA,,#N/A
P9_D8_GCDCA_LCAG-95_BSH1208_48h.mzML,521.3949,0,4.18,4.18,4.34,Lys-UDCA,,#N/A
P9_D9_GUDCA_LCAG-95_BSH1208_48h.mzML,521.3949,0,4.18,4.18,4.34,Lys-UDCA,,#N/A
P9_D10_GCA_LCAG-95_BSH1208_48h.mzML,521.3949,0,4.18,4.18,4.34,Lys-UDCA,,#N/A
P9_D11_BHI_50MeOH.mzML,521.3949,0,4.18,4.18,4.34,Lys-UDCA,,#N/A
P9_D12_BHI_50DMSO_25MeOH.mzML,521.3949,0,4.18,4.18,4.34,Lys-UDCA,,#N/A
P9_E1_TLCA_Ep_BSH101_48h.mzML,521.3949,0,4.18,4.18,4.34,Lys-UDCA,,#N/A
P9_E2_TDCA_Ep_BSH101_48h.mzML,521.3949,0,4.18,4.18,4.34,Lys-UDCA,,#N/A
P9_E3_TCDCA_Ep_BSH101_48h.mzML,521.3949,0,4.18,4.18,4.34,Lys-UDCA,,#N/A
P9_E4_TUDCA_Ep_BSH101_48h.mzML,521.3949,0,4.18,4.18,4.34,Lys-UDCA,,#N/A
P9_E5_TCA_Ep_BSH101_48h.mzML,521.3949,0,4.18,4.18,4.34,Lys-UDCA,,#N/A
P9_E6_GLCA_Ep_BSH101_48h.mzML,521.3949,0,4.18,4.18,4.34,Lys-UDCA,,#N/A
P9_E7_GDCA_Ep_BSH101_48h.mzML,521.3949,0,4.18,4.18,4.34,Lys-UDCA,,#N/A
P9_E8_GCDCA_Ep_BSH101_48h.mzML,521.3949,0,4.18,4.18,4.34,Lys-UDCA,,#N/A
P9_E9_GUDCA_Ep_BSH101_48h.mzML,521.3949,0,4.18,4.18,4.34,Lys-UDCA,,#N/A
P9_E10_GCA_Ep_BSH101_48h.mzML,521.3949,0,4.18,4.18,4.34,Lys-UDCA,,#N/A
P9_E11_BHI_50MeOH.mzML,521.3949,0,4.18,4.18,4.34,Lys-UDCA,,#N/A
P9_E12_BHI_50DMSO_25MeOH.mzML,521.3949,0,4.18,4.18,4.34,Lys-UDCA,,#N/A
P9_F1_TLCA_AZ-52_48h.mzML,521.3949,0,4.18,4.18,4.34,Lys-UDCA,,#N/A
P9_F2_TDCA_AZ-52_48h.mzML,521.3949,0,4.18,4.18,4.34,Lys-UDCA,,#N/A
P9_F3_TCDCA_AZ-52_48h.mzML,521.3949,0,4.18,4.18,4.34,Lys-UDCA,,#N/A
P9_F4_TUDCA_AZ-52_48h.mzML,521.3949,173566,4.18,4.18,4.34,Lys-UDCA,,#N/A
P9_F5_TCA_AZ-52_48h.mzML,521.3949,0,4.18,4.18,4.34,Lys-UDCA,,#N/A
P9_F6_GLCA_AZ-52_48h.mzML,521.3949,0,4.18,4.18,4.34,Lys-UDCA,,#N/A
P9_F7_GDCA_AZ-52_48h.mzML,521.3949,0,4.18,4.18,4.34,Lys-UDCA,,#N/A
P9_F8_GCDCA_AZ-52_48h.mzML,521.3949,0,4.18,4.18,4.34,Lys-UDCA,,#N/A
P9_F9_GUDCA_AZ-52_48h.mzML,521.3949,47420,4.19,4.18,4.34,Lys-UDCA,,#N/A
P9_F10_GCA_AZ-52_48h.mzML,521.3949,0,4.18,4.18,4.34,Lys-UDCA,,#N/A
P9_F11_BHI_50MeOH.mzML,521.3949,0,4.18,4.18,4.34,Lys-UDCA,,#N/A
P9_F12_BHI_50DMSO_25MeOH.mzML,521.3949,0,4.18,4.18,4.34,Lys-UDCA,,#N/A
P9_G1_TLCA_EcAZ-1-cat_48h.mzML,521.3949,0,4.18,4.18,4.34,Lys-UDCA,,#N/A
P9_G2_TDCA_EcAZ-1-cat_48h.mzML,521.3949,0,4.18,4.18,4.34,Lys-UDCA,,#N/A
P9_G3_TCDCA_EcAZ-1-cat_48h.mzML,521.3949,0,4.18,4.18,4.34,Lys-UDCA,,#N/A
P9_G4_TUDCA_EcAZ-1-cat_48h.mzML,521.3949,0,4.18,4.18,4.34,Lys-UDCA,,#N/A
P9_G5_TCA_EcAZ-1-cat_48h.mzML,521.3949,0,4.18,4.18,4.34,Lys-UDCA,,#N/A
P9_G6_GLCA_EcAZ-1-cat_48h.mzML,521.3949,0,4.18,4.18,4.34,Lys-UDCA,,#N/A
P9_G7_GDCA_EcAZ-1-cat_48h.mzML,521.3949,0,4.18,4.18,4.34,Lys-UDCA,,#N/A
P9_G8_GCDCA_EcAZ-1-cat_48h.mzML,521.3949,0,4.18,4.18,4.34,Lys-UDCA,,#N/A
P9_G9_GUDCA_EcAZ-1-cat_48h.mzML,521.3949,0,4.18,4.18,4.34,Lys-UDCA,,#N/A
P9_G10_GCA_EcAZ-1-cat_48h.mzML,521.3949,0,4.18,4.18,4.34,Lys-UDCA,,#N/A
P9_G11_BHI_50MeOH.mzML,521.3949,0,4.18,4.18,4.34,Lys-UDCA,,#N/A
P9_G12_BHI_50DMSO_25MeOH.mzML,521.3949,0,4.18,4.18,4.34,Lys-UDCA,,#N/A
P9_H1_TLCA_ctrl_48h.mzML,521.3949,0,4.18,4.18,4.34,Lys-UDCA,,#N/A
P9_H2_TDCA_ctrl_48h.mzML,521.3949,0,4.18,4.18,4.34,Lys-UDCA,,#N/A
P9_H3_TCDCA_ctrl_48h.mzML,521.3949,0,4.18,4.18,4.34,Lys-UDCA,,#N/A
P9_H4_TUDCA_ctrl_48h.mzML,521.3949,0,4.18,4.18,4.34,Lys-UDCA,,#N/A
P9_H5_TCA_ctrl_48h.mzML,521.3949,0,4.18,4.18,4.34,Lys-UDCA,,#N/A
P9_H6_GLCA_ctrl_48h.mzML,521.3949,0,4.18,4.18,4.34,Lys-UDCA,,#N/A
P9_H7_GDCA_ctrl_48h.mzML,521.3949,0,4.18,4.18,4.34,Lys-UDCA,,#N/A
P9_H8_GCDCA_ctrl_48h.mzML,521.3949,0,4.18,4.18,4.34,Lys-UDCA,,#N/A
P9_H9_GUDCA_ctrl_48h.mzML,521.3949,0,4.18,4.18,4.34,Lys-UDCA,,#N/A
P9_H10_GCA_ctrl_48h.mzML,521.3949,0,4.18,4.18,4.34,Lys-UDCA,,#N/A
P9_H11_BHI_50MeOH.mzML,521.3949,0,4.18,4.18,4.34,Lys-UDCA,,#N/A
P9_H12_BHI_50DMSO_25MeOH.mzML,521.3949,0,4.18,4.18,4.34,Lys-UDCA,,#N/A
TCA_std.mzML,521.3949,0,4.18,4.18,4.34,Lys-UDCA,,#N/A
TCDCA_std.mzML,521.3949,0,4.18,4.18,4.34,Lys-UDCA,,#N/A
TDCA_std.mzML,521.3949,0,4.18,4.18,4.34,Lys-UDCA,,#N/A
TLCA_std.mzML,521.3949,0,4.18,4.18,4.34,Lys-UDCA,,#N/A
TUDCA_std.mzML,521.3949,0,4.18,4.18,4.34,Lys-UDCA,,#N/A
UDCA_aminoacids.mzML,521.3949,1047210,4.18,4.18,4.34,Lys-UDCA,,#N/A
CA_aminoacids.mzML,540.3684,4966397,8.87,8.85,8.99,Phe-UDCA,,#N/A
CA_DCA_LCA_aminoacids.mzML,540.3684,405295936,8.89,8.85,8.99,Phe-UDCA,,#N/A
CDCA_aminoacids.mzML,540.3684,37508700,8.85,8.85,8.99,Phe-UDCA,,#N/A
DCA_aminoacids.mzML,540.3684,507010560,8.88,8.85,8.99,Phe-UDCA,,#N/A
DCA_aminoacids_2.mzML,540.3684,901595904,8.87,8.85,8.99,Phe-UDCA,,#N/A
GCA_std.mzML,540.3684,0,8.85,8.85,8.99,Phe-UDCA,,#N/A
GCDCA_std.mzML,540.3684,0,8.85,8.85,8.99,Phe-UDCA,,#N/A
GDCA_std.mzML,540.3684,0,8.85,8.85,8.99,Phe-UDCA,,#N/A
GLCA_std.mzML,540.3684,0,8.85,8.85,8.99,Phe-UDCA,,#N/A
GUDCA_std.mzML,540.3684,0,8.85,8.85,8.99,Phe-UDCA,,#N/A
P6_A1_TLCA_Dny_BSH1_48h.mzML,540.3684,4544608,8.95,8.85,8.99,Phe-UDCA,,#N/A
P6_A2_TDCA_Dny_BSH1_48h.mzML,540.3684,14493417,8.93,8.85,8.99,Phe-UDCA,,#N/A
P6_A3_TCDCA_Dny_BSH1_48h.mzML,540.3684,3291567,8.9,8.85,8.99,Phe-UDCA,,#N/A
P6_A4_TUDCA_Dny_BSH1_48h.mzML,540.3684,1700174,8.93,8.85,8.99,Phe-UDCA,,#N/A
P6_A5_TCA_Dny_BSH1_48h.mzML,540.3684,2454640,8.93,8.85,8.99,Phe-UDCA,,#N/A
P6_A6_GLCA_Dny_BSH1_48h.mzML,540.3684,3774682,8.93,8.85,8.99,Phe-UDCA,,#N/A
P6_A7_GDCA_Dny_BSH1_48h.mzML,540.3684,11674323,8.93,8.85,8.99,Phe-UDCA,,#N/A
P6_A8_GCDCA_Dny_BSH1_48h.mzML,540.3684,3353193,8.89,8.85,8.99,Phe-UDCA,,#N/A
P6_A9_GUDCA_Dny_BSH1_48h.mzML,540.3684,977338,8.93,8.85,8.99,Phe-UDCA,,#N/A
P6_A10_GCA_Dny_BSH1_48h.mzML,540.3684,1990333,8.92,8.85,8.99,Phe-UDCA,,#N/A
P6_A11_BHI_50MeOH.mzML,540.3684,1838022,8.92,8.85,8.99,Phe-UDCA,,#N/A
P6_A12_BHI_50DMSO_25MeOH.mzML,540.3684,3562633,8.93,8.85,8.99,Phe-UDCA,,#N/A
P6_B1_TLCA_Dny_BSH2_48h.mzML,540.3684,2205612,8.93,8.85,8.99,Phe-UDCA,,#N/A
P6_B2_TDCA_Dny_BSH2_48h.mzML,540.3684,1202147,8.92,8.85,8.99,Phe-UDCA,,#N/A
P6_B3_TCDCA_Dny_BSH2_48h.mzML,540.3684,1851563,8.93,8.85,8.99,Phe-UDCA,,#N/A
P6_B4_TUDCA_Dny_BSH2_48h.mzML,540.3684,2268361,8.94,8.85,8.99,Phe-UDCA,,#N/A
P6_B5_TCA_Dny_BSH2_48h.mzML,540.3684,1890103,8.92,8.85,8.99,Phe-UDCA,,#N/A
P6_B6_GLCA_Dny_BSH2_48h.mzML,540.3684,3046961,8.93,8.85,8.99,Phe-UDCA,,#N/A
P6_B7_GDCA_Dny_BSH2_48h.mzML,540.3684,1481218,8.93,8.85,8.99,Phe-UDCA,,#N/A
P6_B8_GCDCA_Dny_BSH2_48h.mzML,540.3684,2892096,8.91,8.85,8.99,Phe-UDCA,,#N/A
P6_B9_GUDCA_Dny_BSH2_48h.mzML,540.3684,2889969,8.93,8.85,8.99,Phe-UDCA,,#N/A
P6_B10_GCA_Dny_BSH2_48h.mzML,540.3684,1418099,8.93,8.85,8.99,Phe-UDCA,,#N/A
P6_B11_BHI_50MeOH.mzML,540.3684,2212135,8.9,8.85,8.99,Phe-UDCA,,#N/A
P6_B12_BHI_50DMSO_25MeOH.mzML,540.3684,2225166,8.93,8.85,8.99,Phe-UDCA,,#N/A
P6_C1_TLCA_Lgasseri_BSH_48h.mzML,540.3684,2565660,8.93,8.85,8.99,Phe-UDCA,,#N/A
P6_C2_TDCA_Lgasseri_BSH_48h.mzML,540.3684,1018359,8.91,8.85,8.99,Phe-UDCA,,#N/A
P6_C3_TCDCA_Lgasseri_BSH_48h.mzML,540.3684,328422,8.93,8.85,8.99,Phe-UDCA,,#N/A
P6_C4_TUDCA_Lgasseri_BSH_48h.mzML,540.3684,870836,8.92,8.85,8.99,Phe-UDCA,,#N/A
P6_C5_TCA_Lgasseri_BSH_48h.mzML,540.3684,2307389,8.93,8.85,8.99,Phe-UDCA,,#N/A
P6_C6_GLCA_Lgasseri_BSH_48h.mzML,540.3684,4165204,8.9,8.85,8.99,Phe-UDCA,,#N/A
P6_C7_GDCA_Lgasseri_BSH_48h.mzML,540.3684,290752,8.9,8.85,8.99,Phe-UDCA,,#N/A
P6_C8_GCDCA_Lgasseri_BSH_48h.mzML,540.3684,2730800,8.92,8.85,8.99,Phe-UDCA,,#N/A
P6_C9_GUDCA_Lgasseri_BSH_48h.mzML,540.3684,4106421,8.92,8.85,8.99,Phe-UDCA,,#N/A
P6_C10_GCA_Lgasseri_BSH_48h.mzML,540.3684,4107418,8.92,8.85,8.99,Phe-UDCA,,#N/A
P6_C11_BHI_50MeOH.mzML,540.3684,935148,8.91,8.85,8.99,Phe-UDCA,,#N/A
P6_C12_BHI_50DMSO_25MeOH.mzML,540.3684,4426933,8.93,8.85,8.99,Phe-UDCA,,#N/A
P6_D1_TLCA_LCAG-95_BSH1208_48h.mzML,540.3684,1928093,8.93,8.85,8.99,Phe-UDCA,,#N/A
P6_D2_TDCA_LCAG-95_BSH1208_48h.mzML,540.3684,1922245,8.93,8.85,8.99,Phe-UDCA,,#N/A
P6_D3_TCDCA_LCAG-95_BSH1208_48h.mzML,540.3684,482448,8.89,8.85,8.99,Phe-UDCA,,#N/A
P6_D4_TUDCA_LCAG-95_BSH1208_48h.mzML,540.3684,378245,8.91,8.85,8.99,Phe-UDCA,,#N/A
P6_D5_TCA_LCAG-95_BSH1208_48h.mzML,540.3684,207675,8.91,8.85,8.99,Phe-UDCA,,#N/A
P6_D6_GLCA_LCAG-95_BSH1208_48h.mzML,540.3684,123201,8.93,8.85,8.99,Phe-UDCA,,#N/A
P6_D7_GDCA_LCAG-95_BSH1208_48h.mzML,540.3684,214420,8.92,8.85,8.99,Phe-UDCA,,#N/A
P6_D8_GCDCA_LCAG-95_BSH1208_48h.mzML,540.3684,555500,8.89,8.85,8.99,Phe-UDCA,,#N/A
P6_D9_GUDCA_LCAG-95_BSH1208_48h.mzML,540.3684,180598,8.92,8.85,8.99,Phe-UDCA,,#N/A
P6_D10_GCA_LCAG-95_BSH1208_48h.mzML,540.3684,1830161,8.92,8.85,8.99,Phe-UDCA,,#N/A
P6_D11_BHI_50MeOH.mzML,540.3684,2610234,8.89,8.85,8.99,Phe-UDCA,,#N/A
P6_D12_BHI_50DMSO_25MeOH.mzML,540.3684,1469846,8.92,8.85,8.99,Phe-UDCA,,#N/A
P6_E1_TLCA_Ep_BSH101_48h.mzML,540.3684,1193641,8.93,8.85,8.99,Phe-UDCA,,#N/A
P6_E2_TDCA_Ep_BSH101_48h.mzML,540.3684,2912515,8.92,8.85,8.99,Phe-UDCA,,#N/A
P6_E3_TCDCA_Ep_BSH101_48h.mzML,540.3684,1893600,8.93,8.85,8.99,Phe-UDCA,,#N/A
P6_E4_TUDCA_Ep_BSH101_48h.mzML,540.3684,1914104,8.93,8.85,8.99,Phe-UDCA,,#N/A
P6_E5_TCA_Ep_BSH101_48h.mzML,540.3684,38044,8.93,8.85,8.99,Phe-UDCA,,#N/A
P6_E6_GLCA_Ep_BSH101_48h.mzML,540.3684,0,8.85,8.85,8.99,Phe-UDCA,,#N/A
P6_E7_GDCA_Ep_BSH101_48h.mzML,540.3684,186009,8.91,8.85,8.99,Phe-UDCA,,#N/A
P6_E8_GCDCA_Ep_BSH101_48h.mzML,540.3684,2058468,8.9,8.85,8.99,Phe-UDCA,,#N/A
P6_E9_GUDCA_Ep_BSH101_48h.mzML,540.3684,1973444,8.92,8.85,8.99,Phe-UDCA,,#N/A
P6_E10_GCA_Ep_BSH101_48h.mzML,540.3684,2736331,8.92,8.85,8.99,Phe-UDCA,,#N/A
P6_E11_BHI_50MeOH.mzML,540.3684,4626743,8.93,8.85,8.99,Phe-UDCA,,#N/A
P6_E12_BHI_50DMSO_25MeOH.mzML,540.3684,3740781,8.92,8.85,8.99,Phe-UDCA,,#N/A
P6_F1_TLCA_AZ-52_48h.mzML,540.3684,1928921,8.92,8.85,8.99,Phe-UDCA,,#N/A
P6_F2_TDCA_AZ-52_48h.mzML,540.3684,4031810,8.91,8.85,8.99,Phe-UDCA,,#N/A
P6_F3_TCDCA_AZ-52_48h.mzML,540.3684,1946751,8.9,8.85,8.99,Phe-UDCA,,#N/A
P6_F4_TUDCA_AZ-52_48h.mzML,540.3684,2251764,8.92,8.85,8.99,Phe-UDCA,,#N/A
P6_F5_TCA_AZ-52_48h.mzML,540.3684,1380498,8.91,8.85,8.99,Phe-UDCA,,#N/A
P6_F6_GLCA_AZ-52_48h.mzML,540.3684,3178463,8.89,8.85,8.99,Phe-UDCA,,#N/A
P6_F7_GDCA_AZ-52_48h.mzML,540.3684,1866248,8.91,8.85,8.99,Phe-UDCA,,#N/A
P6_F8_GCDCA_AZ-52_48h.mzML,540.3684,1872625,8.89,8.85,8.99,Phe-UDCA,,#N/A
P6_F9_GUDCA_AZ-52_48h.mzML,540.3684,1096408,8.93,8.85,8.99,Phe-UDCA,,#N/A
P6_F10_GCA_AZ-52_48h.mzML,540.3684,1630416,8.93,8.85,8.99,Phe-UDCA,,#N/A
P6_F11_BHI_50MeOH.mzML,540.3684,1736460,8.92,8.85,8.99,Phe-UDCA,,#N/A
P6_F12_BHI_50DMSO_25MeOH.mzML,540.3684,1907634,8.91,8.85,8.99,Phe-UDCA,,#N/A
P6_G1_TLCA_EcAZ-1-cat_48h.mzML,540.3684,1770272,8.9,8.85,8.99,Phe-UDCA,,#N/A
P6_G2_TDCA_EcAZ-1-cat_48h.mzML,540.3684,1175705,8.93,8.85,8.99,Phe-UDCA,,#N/A
P6_G3_TCDCA_EcAZ-1-cat_48h.mzML,540.3684,1535764,8.93,8.85,8.99,Phe-UDCA,,#N/A
P6_G4_TUDCA_EcAZ-1-cat_48h.mzML,540.3684,1882458,8.93,8.85,8.99,Phe-UDCA,,#N/A
P6_G5_TCA_EcAZ-1-cat_48h.mzML,540.3684,2472440,8.92,8.85,8.99,Phe-UDCA,,#N/A
P6_G6_GLCA_EcAZ-1-cat_48h.mzML,540.3684,1621131,8.92,8.85,8.99,Phe-UDCA,,#N/A
P6_G7_GDCA_EcAZ-1-cat_48h.mzML,540.3684,2318410,8.9,8.85,8.99,Phe-UDCA,,#N/A
P6_G8_GCDCA_EcAZ-1-cat_48h.mzML,540.3684,3293979,8.92,8.85,8.99,Phe-UDCA,,#N/A
P6_G9_GUDCA_EcAZ-1-cat_48h.mzML,540.3684,1871898,8.93,8.85,8.99,Phe-UDCA,,#N/A
P6_G10_GCA_EcAZ-1-cat_48h.mzML,540.3684,2399175,8.92,8.85,8.99,Phe-UDCA,,#N/A
P6_G11_BHI_50MeOH.mzML,540.3684,2117100,8.93,8.85,8.99,Phe-UDCA,,#N/A
P6_G12_BHI_50DMSO_25MeOH.mzML,540.3684,2278628,8.92,8.85,8.99,Phe-UDCA,,#N/A
P6_H1_TLCA_ctrl_48h.mzML,540.3684,326213,8.91,8.85,8.99,Phe-UDCA,,#N/A
P6_H2_TDCA_ctrl_48h.mzML,540.3684,550127,8.91,8.85,8.99,Phe-UDCA,,#N/A
P6_H3_TCDCA_ctrl_48h.mzML,540.3684,2063773,8.92,8.85,8.99,Phe-UDCA,,#N/A
P6_H4_TUDCA_ctrl_48h.mzML,540.3684,390352,8.93,8.85,8.99,Phe-UDCA,,#N/A
P6_H5_TCA_ctrl_48h.mzML,540.3684,658076,8.91,8.85,8.99,Phe-UDCA,,#N/A
P6_H6_GLCA_ctrl_48h.mzML,540.3684,236012,8.93,8.85,8.99,Phe-UDCA,,#N/A
P6_H7_GDCA_ctrl_48h.mzML,540.3684,465065,8.9,8.85,8.99,Phe-UDCA,,#N/A
P6_H8_GCDCA_ctrl_48h.mzML,540.3684,2102721,8.93,8.85,8.99,Phe-UDCA,,#N/A
P6_H9_GUDCA_ctrl_48h.mzML,540.3684,226137,8.92,8.85,8.99,Phe-UDCA,,#N/A
P6_H10_GCA_ctrl_48h.mzML,540.3684,260244,8.92,8.85,8.99,Phe-UDCA,,#N/A
P6_H11_BHI_50MeOH.mzML,540.3684,398353,8.89,8.85,8.99,Phe-UDCA,,#N/A
P6_H12_BHI_50DMSO_25MeOH.mzML,540.3684,373100,8.9,8.85,8.99,Phe-UDCA,,#N/A
P9_A1_TLCA_Dny_BSH1_48h.mzML,540.3684,2480230,8.93,8.85,8.99,Phe-UDCA,,#N/A
P9_A2_TDCA_Dny_BSH1_48h.mzML,540.3684,9276218,8.91,8.85,8.99,Phe-UDCA,,#N/A
P9_A3_TCDCA_Dny_BSH1_48h.mzML,540.3684,1660211,8.88,8.85,8.99,Phe-UDCA,,#N/A
P9_A4_TUDCA_Dny_BSH1_48h.mzML,540.3684,2076116,8.9,8.85,8.99,Phe-UDCA,,#N/A
P9_A5_TCA_Dny_BSH1_48h.mzML,540.3684,1978959,8.91,8.85,8.99,Phe-UDCA,,#N/A
P9_A6_GLCA_Dny_BSH1_48h.mzML,540.3684,4020210,8.92,8.85,8.99,Phe-UDCA,,#N/A
P9_A7_GDCA_Dny_BSH1_48h.mzML,540.3684,6694643,8.91,8.85,8.99,Phe-UDCA,,#N/A
P9_A8_GCDCA_Dny_BSH1_48h.mzML,540.3684,2714863,8.88,8.85,8.99,Phe-UDCA,,#N/A
P9_A9_GUDCA_Dny_BSH1_48h.mzML,540.3684,1229681,8.91,8.85,8.99,Phe-UDCA,,#N/A
P9_A10_GCA_Dny_BSH1_48h.mzML,540.3684,875285,8.92,8.85,8.99,Phe-UDCA,,#N/A
P9_A11_BHI_50MeOH.mzML,540.3684,822766,8.92,8.85,8.99,Phe-UDCA,,#N/A
P9_A12_BHI_50DMSO_25MeOH.mzML,540.3684,551104,8.91,8.85,8.99,Phe-UDCA,,#N/A
P9_B1_TLCA_Dny_BSH2_48h.mzML,540.3684,372688,8.89,8.85,8.99,Phe-UDCA,,#N/A
P9_B2_TDCA_Dny_BSH2_48h.mzML,540.3684,1465267,8.92,8.85,8.99,Phe-UDCA,,#N/A
P9_B3_TCDCA_Dny_BSH2_48h.mzML,540.3684,1031726,8.91,8.85,8.99,Phe-UDCA,,#N/A
P9_B4_TUDCA_Dny_BSH2_48h.mzML,540.3684,958498,8.88,8.85,8.99,Phe-UDCA,,#N/A
P9_B5_TCA_Dny_BSH2_48h.mzML,540.3684,1139631,8.92,8.85,8.99,Phe-UDCA,,#N/A
P9_B6_GLCA_Dny_BSH2_48h.mzML,540.3684,1570081,8.92,8.85,8.99,Phe-UDCA,,#N/A
P9_B7_GDCA_Dny_BSH2_48h.mzML,540.3684,1488890,8.91,8.85,8.99,Phe-UDCA,,#N/A
P9_B8_GCDCA_Dny_BSH2_48h.mzML,540.3684,1314970,8.91,8.85,8.99,Phe-UDCA,,#N/A
P9_B9_GUDCA_Dny_BSH2_48h.mzML,540.3684,662109,8.91,8.85,8.99,Phe-UDCA,,#N/A
P9_B10_GCA_Dny_BSH2_48h.mzML,540.3684,678212,8.91,8.85,8.99,Phe-UDCA,,#N/A
P9_B11_BHI_50MeOH.mzML,540.3684,404391,8.91,8.85,8.99,Phe-UDCA,,#N/A
P9_B12_BHI_50DMSO_25MeOH.mzML,540.3684,561460,8.91,8.85,8.99,Phe-UDCA,,#N/A
P9_C1_TLCA_Lgasseri_BSH_48h.mzML,540.3684,877572,8.89,8.85,8.99,Phe-UDCA,,#N/A
P9_C2_TDCA_Lgasseri_BSH_48h.mzML,540.3684,3217553,8.92,8.85,8.99,Phe-UDCA,,#N/A
P9_C3_TCDCA_Lgasseri_BSH_48h.mzML,540.3684,1863318,8.92,8.85,8.99,Phe-UDCA,,#N/A
P9_C4_TUDCA_Lgasseri_BSH_48h.mzML,540.3684,4090210,8.91,8.85,8.99,Phe-UDCA,,#N/A
P9_C5_TCA_Lgasseri_BSH_48h.mzML,540.3684,1925623,8.91,8.85,8.99,Phe-UDCA,,#N/A
P9_C6_GLCA_Lgasseri_BSH_48h.mzML,540.3684,2971097,8.91,8.85,8.99,Phe-UDCA,,#N/A
P9_C7_GDCA_Lgasseri_BSH_48h.mzML,540.3684,5232910,8.91,8.85,8.99,Phe-UDCA,,#N/A
P9_C8_GCDCA_Lgasseri_BSH_48h.mzML,540.3684,4186417,8.91,8.85,8.99,Phe-UDCA,,#N/A
P9_C9_GUDCA_Lgasseri_BSH_48h.mzML,540.3684,3295694,8.91,8.85,8.99,Phe-UDCA,,#N/A
P9_C10_GCA_Lgasseri_BSH_48h.mzML,540.3684,1393720,8.88,8.85,8.99,Phe-UDCA,,#N/A
P9_C11_BHI_50MeOH.mzML,540.3684,1932746,8.92,8.85,8.99,Phe-UDCA,,#N/A
P9_C12_BHI_50DMSO_25MeOH.mzML,540.3684,1171290,8.91,8.85,8.99,Phe-UDCA,,#N/A
P9_D1_TLCA_LCAG-95_BSH1208_48h.mzML,540.3684,1236787,8.91,8.85,8.99,Phe-UDCA,,#N/A
P9_D2_TDCA_LCAG-95_BSH1208_48h.mzML,540.3684,2577627,8.91,8.85,8.99,Phe-UDCA,,#N/A
P9_D3_TCDCA_LCAG-95_BSH1208_48h.mzML,540.3684,1784753,8.89,8.85,8.99,Phe-UDCA,,#N/A
P9_D4_TUDCA_LCAG-95_BSH1208_48h.mzML,540.3684,170061,8.91,8.85,8.99,Phe-UDCA,,#N/A
P9_D5_TCA_LCAG-95_BSH1208_48h.mzML,540.3684,1238002,8.91,8.85,8.99,Phe-UDCA,,#N/A
P9_D6_GLCA_LCAG-95_BSH1208_48h.mzML,540.3684,4731130,8.93,8.85,8.99,Phe-UDCA,,#N/A
P9_D7_GDCA_LCAG-95_BSH1208_48h.mzML,540.3684,1797699,8.91,8.85,8.99,Phe-UDCA,,#N/A
P9_D8_GCDCA_LCAG-95_BSH1208_48h.mzML,540.3684,4250753,8.92,8.85,8.99,Phe-UDCA,,#N/A
P9_D9_GUDCA_LCAG-95_BSH1208_48h.mzML,540.3684,4065139,8.89,8.85,8.99,Phe-UDCA,,#N/A
P9_D10_GCA_LCAG-95_BSH1208_48h.mzML,540.3684,2887613,8.92,8.85,8.99,Phe-UDCA,,#N/A
P9_D11_BHI_50MeOH.mzML,540.3684,2928345,8.91,8.85,8.99,Phe-UDCA,,#N/A
P9_D12_BHI_50DMSO_25MeOH.mzML,540.3684,1049036,8.91,8.85,8.99,Phe-UDCA,,#N/A
P9_E1_TLCA_Ep_BSH101_48h.mzML,540.3684,1628696,8.92,8.85,8.99,Phe-UDCA,,#N/A
P9_E2_TDCA_Ep_BSH101_48h.mzML,540.3684,1634112,8.92,8.85,8.99,Phe-UDCA,,#N/A
P9_E3_TCDCA_Ep_BSH101_48h.mzML,540.3684,1193952,8.92,8.85,8.99,Phe-UDCA,,#N/A
P9_E4_TUDCA_Ep_BSH101_48h.mzML,540.3684,1873414,8.91,8.85,8.99,Phe-UDCA,,#N/A
P9_E5_TCA_Ep_BSH101_48h.mzML,540.3684,3729417,8.91,8.85,8.99,Phe-UDCA,,#N/A
P9_E6_GLCA_Ep_BSH101_48h.mzML,540.3684,3584853,8.91,8.85,8.99,Phe-UDCA,,#N/A
P9_E7_GDCA_Ep_BSH101_48h.mzML,540.3684,1464039,8.91,8.85,8.99,Phe-UDCA,,#N/A
P9_E8_GCDCA_Ep_BSH101_48h.mzML,540.3684,3162343,8.92,8.85,8.99,Phe-UDCA,,#N/A
P9_E9_GUDCA_Ep_BSH101_48h.mzML,540.3684,3238556,8.92,8.85,8.99,Phe-UDCA,,#N/A
P9_E10_GCA_Ep_BSH101_48h.mzML,540.3684,802669,8.91,8.85,8.99,Phe-UDCA,,#N/A
P9_E11_BHI_50MeOH.mzML,540.3684,1421033,8.91,8.85,8.99,Phe-UDCA,,#N/A
P9_E12_BHI_50DMSO_25MeOH.mzML,540.3684,919197,8.89,8.85,8.99,Phe-UDCA,,#N/A
P9_F1_TLCA_AZ-52_48h.mzML,540.3684,989429,8.91,8.85,8.99,Phe-UDCA,,#N/A
P9_F2_TDCA_AZ-52_48h.mzML,540.3684,2866012,8.92,8.85,8.99,Phe-UDCA,,#N/A
P9_F3_TCDCA_AZ-52_48h.mzML,540.3684,1712582,8.9,8.85,8.99,Phe-UDCA,,#N/A
P9_F4_TUDCA_AZ-52_48h.mzML,540.3684,2979136,8.89,8.85,8.99,Phe-UDCA,,#N/A
P9_F5_TCA_AZ-52_48h.mzML,540.3684,2458589,8.92,8.85,8.99,Phe-UDCA,,#N/A
P9_F6_GLCA_AZ-52_48h.mzML,540.3684,3422021,8.92,8.85,8.99,Phe-UDCA,,#N/A
P9_F7_GDCA_AZ-52_48h.mzML,540.3684,4014543,8.93,8.85,8.99,Phe-UDCA,,#N/A
P9_F8_GCDCA_AZ-52_48h.mzML,540.3684,3451373,8.93,8.85,8.99,Phe-UDCA,,#N/A
P9_F9_GUDCA_AZ-52_48h.mzML,540.3684,1717852,8.91,8.85,8.99,Phe-UDCA,,#N/A
P9_F10_GCA_AZ-52_48h.mzML,540.3684,2140157,8.92,8.85,8.99,Phe-UDCA,,#N/A
P9_F11_BHI_50MeOH.mzML,540.3684,1572102,8.89,8.85,8.99,Phe-UDCA,,#N/A
P9_F12_BHI_50DMSO_25MeOH.mzML,540.3684,743512,8.91,8.85,8.99,Phe-UDCA,,#N/A
P9_G1_TLCA_EcAZ-1-cat_48h.mzML,540.3684,1006419,8.92,8.85,8.99,Phe-UDCA,,#N/A
P9_G2_TDCA_EcAZ-1-cat_48h.mzML,540.3684,1716296,8.92,8.85,8.99,Phe-UDCA,,#N/A
P9_G3_TCDCA_EcAZ-1-cat_48h.mzML,540.3684,2681249,8.92,8.85,8.99,Phe-UDCA,,#N/A
P9_G4_TUDCA_EcAZ-1-cat_48h.mzML,540.3684,2433615,8.93,8.85,8.99,Phe-UDCA,,#N/A
P9_G5_TCA_EcAZ-1-cat_48h.mzML,540.3684,2840410,8.93,8.85,8.99,Phe-UDCA,,#N/A
P9_G6_GLCA_EcAZ-1-cat_48h.mzML,540.3684,2778669,8.89,8.85,8.99,Phe-UDCA,,#N/A
P9_G7_GDCA_EcAZ-1-cat_48h.mzML,540.3684,2062193,8.92,8.85,8.99,Phe-UDCA,,#N/A
P9_G8_GCDCA_EcAZ-1-cat_48h.mzML,540.3684,2163425,8.93,8.85,8.99,Phe-UDCA,,#N/A
P9_G9_GUDCA_EcAZ-1-cat_48h.mzML,540.3684,1165358,8.93,8.85,8.99,Phe-UDCA,,#N/A
P9_G10_GCA_EcAZ-1-cat_48h.mzML,540.3684,1068931,8.92,8.85,8.99,Phe-UDCA,,#N/A
P9_G11_BHI_50MeOH.mzML,540.3684,1566985,8.92,8.85,8.99,Phe-UDCA,,#N/A
P9_G12_BHI_50DMSO_25MeOH.mzML,540.3684,613728,8.92,8.85,8.99,Phe-UDCA,,#N/A
P9_H1_TLCA_ctrl_48h.mzML,540.3684,277461,8.9,8.85,8.99,Phe-UDCA,,#N/A
P9_H2_TDCA_ctrl_48h.mzML,540.3684,369413,8.9,8.85,8.99,Phe-UDCA,,#N/A
P9_H3_TCDCA_ctrl_48h.mzML,540.3684,1170039,8.9,8.85,8.99,Phe-UDCA,,#N/A
P9_H4_TUDCA_ctrl_48h.mzML,540.3684,267948,8.92,8.85,8.99,Phe-UDCA,,#N/A
P9_H5_TCA_ctrl_48h.mzML,540.3684,356140,8.92,8.85,8.99,Phe-UDCA,,#N/A
P9_H6_GLCA_ctrl_48h.mzML,540.3684,75114,8.93,8.85,8.99,Phe-UDCA,,#N/A
P9_H7_GDCA_ctrl_48h.mzML,540.3684,115334,8.92,8.85,8.99,Phe-UDCA,,#N/A
P9_H8_GCDCA_ctrl_48h.mzML,540.3684,1258698,8.92,8.85,8.99,Phe-UDCA,,#N/A
P9_H9_GUDCA_ctrl_48h.mzML,540.3684,152029,8.91,8.85,8.99,Phe-UDCA,,#N/A
P9_H10_GCA_ctrl_48h.mzML,540.3684,145681,8.92,8.85,8.99,Phe-UDCA,,#N/A
P9_H11_BHI_50MeOH.mzML,540.3684,318434,8.92,8.85,8.99,Phe-UDCA,,#N/A
P9_H12_BHI_50DMSO_25MeOH.mzML,540.3684,1339780,8.92,8.85,8.99,Phe-UDCA,,#N/A
TCA_std.mzML,540.3684,0,8.85,8.85,8.99,Phe-UDCA,,#N/A
TCDCA_std.mzML,540.3684,0,8.85,8.85,8.99,Phe-UDCA,,#N/A
TDCA_std.mzML,540.3684,0,8.85,8.85,8.99,Phe-UDCA,,#N/A
TLCA_std.mzML,540.3684,0,8.85,8.85,8.99,Phe-UDCA,,#N/A
TUDCA_std.mzML,540.3684,0,8.85,8.85,8.99,Phe-UDCA,,#N/A
UDCA_aminoacids.mzML,540.3684,829220,8.85,8.85,8.99,Phe-UDCA,,#N/A
CA_aminoacids.mzML,537.3898,2020288,4.29,4.24,4.42,Lys-CA,,#N/A
CA_DCA_LCA_aminoacids.mzML,537.3898,1824801,4.28,4.24,4.42,Lys-CA,,#N/A
CDCA_aminoacids.mzML,537.3898,0,4.24,4.24,4.42,Lys-CA,,#N/A
DCA_aminoacids.mzML,537.3898,0,4.24,4.24,4.42,Lys-CA,,#N/A
DCA_aminoacids_2.mzML,537.3898,123537,4.29,4.24,4.42,Lys-CA,,#N/A
GCA_std.mzML,537.3898,0,4.24,4.24,4.42,Lys-CA,,#N/A
GCDCA_std.mzML,537.3898,0,4.24,4.24,4.42,Lys-CA,,#N/A
GDCA_std.mzML,537.3898,0,4.24,4.24,4.42,Lys-CA,,#N/A
GLCA_std.mzML,537.3898,0,4.24,4.24,4.42,Lys-CA,,#N/A
GUDCA_std.mzML,537.3898,0,4.24,4.24,4.42,Lys-CA,,#N/A
P6_A1_TLCA_Dny_BSH1_48h.mzML,537.3898,0,4.24,4.24,4.42,Lys-CA,,#N/A
P6_A2_TDCA_Dny_BSH1_48h.mzML,537.3898,0,4.24,4.24,4.42,Lys-CA,,#N/A
P6_A3_TCDCA_Dny_BSH1_48h.mzML,537.3898,0,4.24,4.24,4.42,Lys-CA,,#N/A
P6_A4_TUDCA_Dny_BSH1_48h.mzML,537.3898,0,4.24,4.24,4.42,Lys-CA,,#N/A
P6_A5_TCA_Dny_BSH1_48h.mzML,537.3898,1742763,4.42,4.24,4.42,Lys-CA,,#N/A
P6_A6_GLCA_Dny_BSH1_48h.mzML,537.3898,0,4.24,4.24,4.42,Lys-CA,,#N/A
P6_A7_GDCA_Dny_BSH1_48h.mzML,537.3898,0,4.24,4.24,4.42,Lys-CA,,#N/A
P6_A8_GCDCA_Dny_BSH1_48h.mzML,537.3898,0,4.24,4.24,4.42,Lys-CA,,#N/A
P6_A9_GUDCA_Dny_BSH1_48h.mzML,537.3898,0,4.24,4.24,4.42,Lys-CA,,#N/A
P6_A10_GCA_Dny_BSH1_48h.mzML,537.3898,2283769,4.35,4.24,4.42,Lys-CA,,#N/A
P6_A11_BHI_50MeOH.mzML,537.3898,0,4.24,4.24,4.42,Lys-CA,,#N/A
P6_A12_BHI_50DMSO_25MeOH.mzML,537.3898,0,4.24,4.24,4.42,Lys-CA,,#N/A
P6_B1_TLCA_Dny_BSH2_48h.mzML,537.3898,0,4.24,4.24,4.42,Lys-CA,,#N/A
P6_B2_TDCA_Dny_BSH2_48h.mzML,537.3898,0,4.24,4.24,4.42,Lys-CA,,#N/A
P6_B3_TCDCA_Dny_BSH2_48h.mzML,537.3898,0,4.24,4.24,4.42,Lys-CA,,#N/A
P6_B4_TUDCA_Dny_BSH2_48h.mzML,537.3898,0,4.24,4.24,4.42,Lys-CA,,#N/A
P6_B5_TCA_Dny_BSH2_48h.mzML,537.3898,0,4.24,4.24,4.42,Lys-CA,,#N/A
P6_B6_GLCA_Dny_BSH2_48h.mzML,537.3898,0,4.24,4.24,4.42,Lys-CA,,#N/A
P6_B7_GDCA_Dny_BSH2_48h.mzML,537.3898,0,4.24,4.24,4.42,Lys-CA,,#N/A
P6_B8_GCDCA_Dny_BSH2_48h.mzML,537.3898,0,4.24,4.24,4.42,Lys-CA,,#N/A
P6_B9_GUDCA_Dny_BSH2_48h.mzML,537.3898,0,4.24,4.24,4.42,Lys-CA,,#N/A
P6_B10_GCA_Dny_BSH2_48h.mzML,537.3898,0,4.24,4.24,4.42,Lys-CA,,#N/A
P6_B11_BHI_50MeOH.mzML,537.3898,0,4.24,4.24,4.42,Lys-CA,,#N/A
P6_B12_BHI_50DMSO_25MeOH.mzML,537.3898,0,4.24,4.24,4.42,Lys-CA,,#N/A
P6_C1_TLCA_Lgasseri_BSH_48h.mzML,537.3898,0,4.24,4.24,4.42,Lys-CA,,#N/A
P6_C2_TDCA_Lgasseri_BSH_48h.mzML,537.3898,0,4.24,4.24,4.42,Lys-CA,,#N/A
P6_C3_TCDCA_Lgasseri_BSH_48h.mzML,537.3898,0,4.24,4.24,4.42,Lys-CA,,#N/A
P6_C4_TUDCA_Lgasseri_BSH_48h.mzML,537.3898,0,4.24,4.24,4.42,Lys-CA,,#N/A
P6_C5_TCA_Lgasseri_BSH_48h.mzML,537.3898,0,4.24,4.24,4.42,Lys-CA,,#N/A
P6_C6_GLCA_Lgasseri_BSH_48h.mzML,537.3898,0,4.24,4.24,4.42,Lys-CA,,#N/A
P6_C7_GDCA_Lgasseri_BSH_48h.mzML,537.3898,0,4.24,4.24,4.42,Lys-CA,,#N/A
P6_C8_GCDCA_Lgasseri_BSH_48h.mzML,537.3898,0,4.24,4.24,4.42,Lys-CA,,#N/A
P6_C9_GUDCA_Lgasseri_BSH_48h.mzML,537.3898,0,4.24,4.24,4.42,Lys-CA,,#N/A
P6_C10_GCA_Lgasseri_BSH_48h.mzML,537.3898,0,4.24,4.24,4.42,Lys-CA,,#N/A
P6_C11_BHI_50MeOH.mzML,537.3898,0,4.24,4.24,4.42,Lys-CA,,#N/A
P6_C12_BHI_50DMSO_25MeOH.mzML,537.3898,0,4.24,4.24,4.42,Lys-CA,,#N/A
P6_D1_TLCA_LCAG-95_BSH1208_48h.mzML,537.3898,0,4.24,4.24,4.42,Lys-CA,,#N/A
P6_D2_TDCA_LCAG-95_BSH1208_48h.mzML,537.3898,0,4.24,4.24,4.42,Lys-CA,,#N/A
P6_D3_TCDCA_LCAG-95_BSH1208_48h.mzML,537.3898,0,4.24,4.24,4.42,Lys-CA,,#N/A
P6_D4_TUDCA_LCAG-95_BSH1208_48h.mzML,537.3898,0,4.24,4.24,4.42,Lys-CA,,#N/A
P6_D5_TCA_LCAG-95_BSH1208_48h.mzML,537.3898,0,4.24,4.24,4.42,Lys-CA,,#N/A
P6_D6_GLCA_LCAG-95_BSH1208_48h.mzML,537.3898,0,4.24,4.24,4.42,Lys-CA,,#N/A
P6_D7_GDCA_LCAG-95_BSH1208_48h.mzML,537.3898,0,4.24,4.24,4.42,Lys-CA,,#N/A
P6_D8_GCDCA_LCAG-95_BSH1208_48h.mzML,537.3898,0,4.24,4.24,4.42,Lys-CA,,#N/A
P6_D9_GUDCA_LCAG-95_BSH1208_48h.mzML,537.3898,0,4.24,4.24,4.42,Lys-CA,,#N/A
P6_D10_GCA_LCAG-95_BSH1208_48h.mzML,537.3898,0,4.24,4.24,4.42,Lys-CA,,#N/A
P6_D11_BHI_50MeOH.mzML,537.3898,0,4.24,4.24,4.42,Lys-CA,,#N/A
P6_D12_BHI_50DMSO_25MeOH.mzML,537.3898,0,4.24,4.24,4.42,Lys-CA,,#N/A
P6_E1_TLCA_Ep_BSH101_48h.mzML,537.3898,0,4.24,4.24,4.42,Lys-CA,,#N/A
P6_E2_TDCA_Ep_BSH101_48h.mzML,537.3898,0,4.24,4.24,4.42,Lys-CA,,#N/A
P6_E3_TCDCA_Ep_BSH101_48h.mzML,537.3898,0,4.24,4.24,4.42,Lys-CA,,#N/A
P6_E4_TUDCA_Ep_BSH101_48h.mzML,537.3898,0,4.24,4.24,4.42,Lys-CA,,#N/A
P6_E5_TCA_Ep_BSH101_48h.mzML,537.3898,0,4.24,4.24,4.42,Lys-CA,,#N/A
P6_E6_GLCA_Ep_BSH101_48h.mzML,537.3898,0,4.24,4.24,4.42,Lys-CA,,#N/A
P6_E7_GDCA_Ep_BSH101_48h.mzML,537.3898,0,4.24,4.24,4.42,Lys-CA,,#N/A
P6_E8_GCDCA_Ep_BSH101_48h.mzML,537.3898,0,4.24,4.24,4.42,Lys-CA,,#N/A
P6_E9_GUDCA_Ep_BSH101_48h.mzML,537.3898,0,4.24,4.24,4.42,Lys-CA,,#N/A
P6_E10_GCA_Ep_BSH101_48h.mzML,537.3898,0,4.24,4.24,4.42,Lys-CA,,#N/A
P6_E11_BHI_50MeOH.mzML,537.3898,0,4.24,4.24,4.42,Lys-CA,,#N/A
P6_E12_BHI_50DMSO_25MeOH.mzML,537.3898,0,4.24,4.24,4.42,Lys-CA,,#N/A
P6_F1_TLCA_AZ-52_48h.mzML,537.3898,0,4.24,4.24,4.42,Lys-CA,,#N/A
P6_F2_TDCA_AZ-52_48h.mzML,537.3898,0,4.24,4.24,4.42,Lys-CA,,#N/A
P6_F3_TCDCA_AZ-52_48h.mzML,537.3898,0,4.24,4.24,4.42,Lys-CA,,#N/A
P6_F4_TUDCA_AZ-52_48h.mzML,537.3898,0,4.24,4.24,4.42,Lys-CA,,#N/A
P6_F5_TCA_AZ-52_48h.mzML,537.3898,546544,4.32,4.24,4.42,Lys-CA,,#N/A
P6_F6_GLCA_AZ-52_48h.mzML,537.3898,0,4.24,4.24,4.42,Lys-CA,,#N/A
P6_F7_GDCA_AZ-52_48h.mzML,537.3898,0,4.24,4.24,4.42,Lys-CA,,#N/A
P6_F8_GCDCA_AZ-52_48h.mzML,537.3898,0,4.24,4.24,4.42,Lys-CA,,#N/A
P6_F9_GUDCA_AZ-52_48h.mzML,537.3898,0,4.24,4.24,4.42,Lys-CA,,#N/A
P6_F10_GCA_AZ-52_48h.mzML,537.3898,0,4.24,4.24,4.42,Lys-CA,,#N/A
P6_F11_BHI_50MeOH.mzML,537.3898,0,4.24,4.24,4.42,Lys-CA,,#N/A
P6_F12_BHI_50DMSO_25MeOH.mzML,537.3898,0,4.24,4.24,4.42,Lys-CA,,#N/A
P6_G1_TLCA_EcAZ-1-cat_48h.mzML,537.3898,0,4.24,4.24,4.42,Lys-CA,,#N/A
P6_G2_TDCA_EcAZ-1-cat_48h.mzML,537.3898,0,4.24,4.24,4.42,Lys-CA,,#N/A
P6_G3_TCDCA_EcAZ-1-cat_48h.mzML,537.3898,0,4.24,4.24,4.42,Lys-CA,,#N/A
P6_G4_TUDCA_EcAZ-1-cat_48h.mzML,537.3898,0,4.24,4.24,4.42,Lys-CA,,#N/A
P6_G5_TCA_EcAZ-1-cat_48h.mzML,537.3898,0,4.24,4.24,4.42,Lys-CA,,#N/A
P6_G6_GLCA_EcAZ-1-cat_48h.mzML,537.3898,0,4.24,4.24,4.42,Lys-CA,,#N/A
P6_G7_GDCA_EcAZ-1-cat_48h.mzML,537.3898,0,4.24,4.24,4.42,Lys-CA,,#N/A
P6_G8_GCDCA_EcAZ-1-cat_48h.mzML,537.3898,0,4.24,4.24,4.42,Lys-CA,,#N/A
P6_G9_GUDCA_EcAZ-1-cat_48h.mzML,537.3898,0,4.24,4.24,4.42,Lys-CA,,#N/A
P6_G10_GCA_EcAZ-1-cat_48h.mzML,537.3898,0,4.24,4.24,4.42,Lys-CA,,#N/A
P6_G11_BHI_50MeOH.mzML,537.3898,0,4.24,4.24,4.42,Lys-CA,,#N/A
P6_G12_BHI_50DMSO_25MeOH.mzML,537.3898,0,4.24,4.24,4.42,Lys-CA,,#N/A
P6_H1_TLCA_ctrl_48h.mzML,537.3898,0,4.24,4.24,4.42,Lys-CA,,#N/A
P6_H2_TDCA_ctrl_48h.mzML,537.3898,0,4.24,4.24,4.42,Lys-CA,,#N/A
P6_H3_TCDCA_ctrl_48h.mzML,537.3898,0,4.24,4.24,4.42,Lys-CA,,#N/A
P6_H4_TUDCA_ctrl_48h.mzML,537.3898,0,4.24,4.24,4.42,Lys-CA,,#N/A
P6_H5_TCA_ctrl_48h.mzML,537.3898,0,4.24,4.24,4.42,Lys-CA,,#N/A
P6_H6_GLCA_ctrl_48h.mzML,537.3898,0,4.24,4.24,4.42,Lys-CA,,#N/A
P6_H7_GDCA_ctrl_48h.mzML,537.3898,0,4.24,4.24,4.42,Lys-CA,,#N/A
P6_H8_GCDCA_ctrl_48h.mzML,537.3898,0,4.24,4.24,4.42,Lys-CA,,#N/A
P6_H9_GUDCA_ctrl_48h.mzML,537.3898,0,4.24,4.24,4.42,Lys-CA,,#N/A
P6_H10_GCA_ctrl_48h.mzML,537.3898,0,4.24,4.24,4.42,Lys-CA,,#N/A
P6_H11_BHI_50MeOH.mzML,537.3898,0,4.24,4.24,4.42,Lys-CA,,#N/A
P6_H12_BHI_50DMSO_25MeOH.mzML,537.3898,0,4.24,4.24,4.42,Lys-CA,,#N/A
P9_A1_TLCA_Dny_BSH1_48h.mzML,537.3898,0,4.24,4.24,4.42,Lys-CA,,#N/A
P9_A2_TDCA_Dny_BSH1_48h.mzML,537.3898,0,4.24,4.24,4.42,Lys-CA,,#N/A
P9_A3_TCDCA_Dny_BSH1_48h.mzML,537.3898,0,4.24,4.24,4.42,Lys-CA,,#N/A
P9_A4_TUDCA_Dny_BSH1_48h.mzML,537.3898,0,4.24,4.24,4.42,Lys-CA,,#N/A
P9_A5_TCA_Dny_BSH1_48h.mzML,537.3898,276031,4.24,4.24,4.42,Lys-CA,,#N/A
P9_A6_GLCA_Dny_BSH1_48h.mzML,537.3898,0,4.24,4.24,4.42,Lys-CA,,#N/A
P9_A7_GDCA_Dny_BSH1_48h.mzML,537.3898,0,4.24,4.24,4.42,Lys-CA,,#N/A
P9_A8_GCDCA_Dny_BSH1_48h.mzML,537.3898,0,4.24,4.24,4.42,Lys-CA,,#N/A
P9_A9_GUDCA_Dny_BSH1_48h.mzML,537.3898,0,4.24,4.24,4.42,Lys-CA,,#N/A
P9_A10_GCA_Dny_BSH1_48h.mzML,537.3898,451946,4.24,4.24,4.42,Lys-CA,,#N/A
P9_A11_BHI_50MeOH.mzML,537.3898,0,4.24,4.24,4.42,Lys-CA,,#N/A
P9_A12_BHI_50DMSO_25MeOH.mzML,537.3898,0,4.24,4.24,4.42,Lys-CA,,#N/A
P9_B1_TLCA_Dny_BSH2_48h.mzML,537.3898,0,4.24,4.24,4.42,Lys-CA,,#N/A
P9_B2_TDCA_Dny_BSH2_48h.mzML,537.3898,0,4.24,4.24,4.42,Lys-CA,,#N/A
P9_B3_TCDCA_Dny_BSH2_48h.mzML,537.3898,0,4.24,4.24,4.42,Lys-CA,,#N/A
P9_B4_TUDCA_Dny_BSH2_48h.mzML,537.3898,0,4.24,4.24,4.42,Lys-CA,,#N/A
P9_B5_TCA_Dny_BSH2_48h.mzML,537.3898,0,4.24,4.24,4.42,Lys-CA,,#N/A
P9_B6_GLCA_Dny_BSH2_48h.mzML,537.3898,0,4.24,4.24,4.42,Lys-CA,,#N/A
P9_B7_GDCA_Dny_BSH2_48h.mzML,537.3898,0,4.24,4.24,4.42,Lys-CA,,#N/A
P9_B8_GCDCA_Dny_BSH2_48h.mzML,537.3898,0,4.24,4.24,4.42,Lys-CA,,#N/A
P9_B9_GUDCA_Dny_BSH2_48h.mzML,537.3898,0,4.24,4.24,4.42,Lys-CA,,#N/A
P9_B10_GCA_Dny_BSH2_48h.mzML,537.3898,0,4.24,4.24,4.42,Lys-CA,,#N/A
P9_B11_BHI_50MeOH.mzML,537.3898,0,4.24,4.24,4.42,Lys-CA,,#N/A
P9_B12_BHI_50DMSO_25MeOH.mzML,537.3898,0,4.24,4.24,4.42,Lys-CA,,#N/A
P9_C1_TLCA_Lgasseri_BSH_48h.mzML,537.3898,0,4.24,4.24,4.42,Lys-CA,,#N/A
P9_C2_TDCA_Lgasseri_BSH_48h.mzML,537.3898,0,4.24,4.24,4.42,Lys-CA,,#N/A
P9_C3_TCDCA_Lgasseri_BSH_48h.mzML,537.3898,0,4.24,4.24,4.42,Lys-CA,,#N/A
P9_C4_TUDCA_Lgasseri_BSH_48h.mzML,537.3898,0,4.24,4.24,4.42,Lys-CA,,#N/A
P9_C5_TCA_Lgasseri_BSH_48h.mzML,537.3898,0,4.24,4.24,4.42,Lys-CA,,#N/A
P9_C6_GLCA_Lgasseri_BSH_48h.mzML,537.3898,0,4.24,4.24,4.42,Lys-CA,,#N/A
P9_C7_GDCA_Lgasseri_BSH_48h.mzML,537.3898,0,4.24,4.24,4.42,Lys-CA,,#N/A
P9_C8_GCDCA_Lgasseri_BSH_48h.mzML,537.3898,0,4.24,4.24,4.42,Lys-CA,,#N/A
P9_C9_GUDCA_Lgasseri_BSH_48h.mzML,537.3898,0,4.24,4.24,4.42,Lys-CA,,#N/A
P9_C10_GCA_Lgasseri_BSH_48h.mzML,537.3898,0,4.24,4.24,4.42,Lys-CA,,#N/A
P9_C11_BHI_50MeOH.mzML,537.3898,0,4.24,4.24,4.42,Lys-CA,,#N/A
P9_C12_BHI_50DMSO_25MeOH.mzML,537.3898,0,4.24,4.24,4.42,Lys-CA,,#N/A
P9_D1_TLCA_LCAG-95_BSH1208_48h.mzML,537.3898,0,4.24,4.24,4.42,Lys-CA,,#N/A
P9_D2_TDCA_LCAG-95_BSH1208_48h.mzML,537.3898,0,4.24,4.24,4.42,Lys-CA,,#N/A
P9_D3_TCDCA_LCAG-95_BSH1208_48h.mzML,537.3898,0,4.24,4.24,4.42,Lys-CA,,#N/A
P9_D4_TUDCA_LCAG-95_BSH1208_48h.mzML,537.3898,0,4.24,4.24,4.42,Lys-CA,,#N/A
P9_D5_TCA_LCAG-95_BSH1208_48h.mzML,537.3898,0,4.24,4.24,4.42,Lys-CA,,#N/A
P9_D6_GLCA_LCAG-95_BSH1208_48h.mzML,537.3898,0,4.24,4.24,4.42,Lys-CA,,#N/A
P9_D7_GDCA_LCAG-95_BSH1208_48h.mzML,537.3898,0,4.24,4.24,4.42,Lys-CA,,#N/A
P9_D8_GCDCA_LCAG-95_BSH1208_48h.mzML,537.3898,0,4.24,4.24,4.42,Lys-CA,,#N/A
P9_D9_GUDCA_LCAG-95_BSH1208_48h.mzML,537.3898,0,4.24,4.24,4.42,Lys-CA,,#N/A
P9_D10_GCA_LCAG-95_BSH1208_48h.mzML,537.3898,0,4.24,4.24,4.42,Lys-CA,,#N/A
P9_D11_BHI_50MeOH.mzML,537.3898,0,4.24,4.24,4.42,Lys-CA,,#N/A
P9_D12_BHI_50DMSO_25MeOH.mzML,537.3898,0,4.24,4.24,4.42,Lys-CA,,#N/A
P9_E1_TLCA_Ep_BSH101_48h.mzML,537.3898,0,4.24,4.24,4.42,Lys-CA,,#N/A
P9_E2_TDCA_Ep_BSH101_48h.mzML,537.3898,0,4.24,4.24,4.42,Lys-CA,,#N/A
P9_E3_TCDCA_Ep_BSH101_48h.mzML,537.3898,0,4.24,4.24,4.42,Lys-CA,,#N/A
P9_E4_TUDCA_Ep_BSH101_48h.mzML,537.3898,0,4.24,4.24,4.42,Lys-CA,,#N/A
P9_E5_TCA_Ep_BSH101_48h.mzML,537.3898,0,4.24,4.24,4.42,Lys-CA,,#N/A
P9_E6_GLCA_Ep_BSH101_48h.mzML,537.3898,0,4.24,4.24,4.42,Lys-CA,,#N/A
P9_E7_GDCA_Ep_BSH101_48h.mzML,537.3898,0,4.24,4.24,4.42,Lys-CA,,#N/A
P9_E8_GCDCA_Ep_BSH101_48h.mzML,537.3898,0,4.24,4.24,4.42,Lys-CA,,#N/A
P9_E9_GUDCA_Ep_BSH101_48h.mzML,537.3898,0,4.24,4.24,4.42,Lys-CA,,#N/A
P9_E10_GCA_Ep_BSH101_48h.mzML,537.3898,0,4.24,4.24,4.42,Lys-CA,,#N/A
P9_E11_BHI_50MeOH.mzML,537.3898,0,4.24,4.24,4.42,Lys-CA,,#N/A
P9_E12_BHI_50DMSO_25MeOH.mzML,537.3898,0,4.24,4.24,4.42,Lys-CA,,#N/A
P9_F1_TLCA_AZ-52_48h.mzML,537.3898,0,4.24,4.24,4.42,Lys-CA,,#N/A
P9_F2_TDCA_AZ-52_48h.mzML,537.3898,0,4.24,4.24,4.42,Lys-CA,,#N/A
P9_F3_TCDCA_AZ-52_48h.mzML,537.3898,0,4.24,4.24,4.42,Lys-CA,,#N/A
P9_F4_TUDCA_AZ-52_48h.mzML,537.3898,0,4.24,4.24,4.42,Lys-CA,,#N/A
P9_F5_TCA_AZ-52_48h.mzML,537.3898,289869,4.26,4.24,4.42,Lys-CA,,#N/A
P9_F6_GLCA_AZ-52_48h.mzML,537.3898,0,4.24,4.24,4.42,Lys-CA,,#N/A
P9_F7_GDCA_AZ-52_48h.mzML,537.3898,0,4.24,4.24,4.42,Lys-CA,,#N/A
P9_F8_GCDCA_AZ-52_48h.mzML,537.3898,0,4.24,4.24,4.42,Lys-CA,,#N/A
P9_F9_GUDCA_AZ-52_48h.mzML,537.3898,0,4.24,4.24,4.42,Lys-CA,,#N/A
P9_F10_GCA_AZ-52_48h.mzML,537.3898,0,4.24,4.24,4.42,Lys-CA,,#N/A
P9_F11_BHI_50MeOH.mzML,537.3898,0,4.24,4.24,4.42,Lys-CA,,#N/A
P9_F12_BHI_50DMSO_25MeOH.mzML,537.3898,0,4.24,4.24,4.42,Lys-CA,,#N/A
P9_G1_TLCA_EcAZ-1-cat_48h.mzML,537.3898,0,4.24,4.24,4.42,Lys-CA,,#N/A
P9_G2_TDCA_EcAZ-1-cat_48h.mzML,537.3898,0,4.24,4.24,4.42,Lys-CA,,#N/A
P9_G3_TCDCA_EcAZ-1-cat_48h.mzML,537.3898,0,4.24,4.24,4.42,Lys-CA,,#N/A
P9_G4_TUDCA_EcAZ-1-cat_48h.mzML,537.3898,0,4.24,4.24,4.42,Lys-CA,,#N/A
P9_G5_TCA_EcAZ-1-cat_48h.mzML,537.3898,0,4.24,4.24,4.42,Lys-CA,,#N/A
P9_G6_GLCA_EcAZ-1-cat_48h.mzML,537.3898,0,4.24,4.24,4.42,Lys-CA,,#N/A
P9_G7_GDCA_EcAZ-1-cat_48h.mzML,537.3898,0,4.24,4.24,4.42,Lys-CA,,#N/A
P9_G8_GCDCA_EcAZ-1-cat_48h.mzML,537.3898,0,4.24,4.24,4.42,Lys-CA,,#N/A
P9_G9_GUDCA_EcAZ-1-cat_48h.mzML,537.3898,0,4.24,4.24,4.42,Lys-CA,,#N/A
P9_G10_GCA_EcAZ-1-cat_48h.mzML,537.3898,0,4.24,4.24,4.42,Lys-CA,,#N/A
P9_G11_BHI_50MeOH.mzML,537.3898,0,4.24,4.24,4.42,Lys-CA,,#N/A
P9_G12_BHI_50DMSO_25MeOH.mzML,537.3898,0,4.24,4.24,4.42,Lys-CA,,#N/A
P9_H1_TLCA_ctrl_48h.mzML,537.3898,0,4.24,4.24,4.42,Lys-CA,,#N/A
P9_H2_TDCA_ctrl_48h.mzML,537.3898,0,4.24,4.24,4.42,Lys-CA,,#N/A
P9_H3_TCDCA_ctrl_48h.mzML,537.3898,0,4.24,4.24,4.42,Lys-CA,,#N/A
P9_H4_TUDCA_ctrl_48h.mzML,537.3898,0,4.24,4.24,4.42,Lys-CA,,#N/A
P9_H5_TCA_ctrl_48h.mzML,537.3898,0,4.24,4.24,4.42,Lys-CA,,#N/A
P9_H6_GLCA_ctrl_48h.mzML,537.3898,0,4.24,4.24,4.42,Lys-CA,,#N/A
P9_H7_GDCA_ctrl_48h.mzML,537.3898,0,4.24,4.24,4.42,Lys-CA,,#N/A
P9_H8_GCDCA_ctrl_48h.mzML,537.3898,0,4.24,4.24,4.42,Lys-CA,,#N/A
P9_H9_GUDCA_ctrl_48h.mzML,537.3898,0,4.24,4.24,4.42,Lys-CA,,#N/A
P9_H10_GCA_ctrl_48h.mzML,537.3898,0,4.24,4.24,4.42,Lys-CA,,#N/A
P9_H11_BHI_50MeOH.mzML,537.3898,0,4.24,4.24,4.42,Lys-CA,,#N/A
P9_H12_BHI_50DMSO_25MeOH.mzML,537.3898,0,4.24,4.24,4.42,Lys-CA,,#N/A
TCA_std.mzML,537.3898,0,4.24,4.24,4.42,Lys-CA,,#N/A
TCDCA_std.mzML,537.3898,0,4.24,4.24,4.42,Lys-CA,,#N/A
TDCA_std.mzML,537.3898,0,4.24,4.24,4.42,Lys-CA,,#N/A
TLCA_std.mzML,537.3898,0,4.24,4.24,4.42,Lys-CA,,#N/A
TUDCA_std.mzML,537.3898,0,4.24,4.24,4.42,Lys-CA,,#N/A
UDCA_aminoacids.mzML,537.3898,14763,4.25,4.24,4.42,Lys-CA,,#N/A
CA_aminoacids.mzML,521.3949,95681,5.92,5.78,5.95,Lys-CDCA,,#N/A
CA_DCA_LCA_aminoacids.mzML,521.3949,1513082,5.84,5.78,5.95,Lys-CDCA,,#N/A
CDCA_aminoacids.mzML,521.3949,3038037,5.85,5.78,5.95,Lys-CDCA,,#N/A
DCA_aminoacids.mzML,521.3949,0,5.78,5.78,5.95,Lys-CDCA,,#N/A
DCA_aminoacids_2.mzML,521.3949,77014,5.8,5.78,5.95,Lys-CDCA,,#N/A
GCA_std.mzML,521.3949,0,5.78,5.78,5.95,Lys-CDCA,,#N/A
GCDCA_std.mzML,521.3949,0,5.78,5.78,5.95,Lys-CDCA,,#N/A
GDCA_std.mzML,521.3949,0,5.78,5.78,5.95,Lys-CDCA,,#N/A
GLCA_std.mzML,521.3949,0,5.78,5.78,5.95,Lys-CDCA,,#N/A
GUDCA_std.mzML,521.3949,0,5.78,5.78,5.95,Lys-CDCA,,#N/A
P6_A1_TLCA_Dny_BSH1_48h.mzML,521.3949,0,5.78,5.78,5.95,Lys-CDCA,,#N/A
P6_A2_TDCA_Dny_BSH1_48h.mzML,521.3949,0,5.78,5.78,5.95,Lys-CDCA,,#N/A
P6_A3_TCDCA_Dny_BSH1_48h.mzML,521.3949,1152159,5.94,5.78,5.95,Lys-CDCA,,#N/A
P6_A4_TUDCA_Dny_BSH1_48h.mzML,521.3949,0,5.78,5.78,5.95,Lys-CDCA,,#N/A
P6_A5_TCA_Dny_BSH1_48h.mzML,521.3949,0,5.78,5.78,5.95,Lys-CDCA,,#N/A
P6_A6_GLCA_Dny_BSH1_48h.mzML,521.3949,0,5.78,5.78,5.95,Lys-CDCA,,#N/A
P6_A7_GDCA_Dny_BSH1_48h.mzML,521.3949,0,5.78,5.78,5.95,Lys-CDCA,,#N/A
P6_A8_GCDCA_Dny_BSH1_48h.mzML,521.3949,2030189,5.86,5.78,5.95,Lys-CDCA,,#N/A
P6_A9_GUDCA_Dny_BSH1_48h.mzML,521.3949,0,5.78,5.78,5.95,Lys-CDCA,,#N/A
P6_A10_GCA_Dny_BSH1_48h.mzML,521.3949,0,5.78,5.78,5.95,Lys-CDCA,,#N/A
P6_A11_BHI_50MeOH.mzML,521.3949,0,5.78,5.78,5.95,Lys-CDCA,,#N/A
P6_A12_BHI_50DMSO_25MeOH.mzML,521.3949,0,5.78,5.78,5.95,Lys-CDCA,,#N/A
P6_B1_TLCA_Dny_BSH2_48h.mzML,521.3949,0,5.78,5.78,5.95,Lys-CDCA,,#N/A
P6_B2_TDCA_Dny_BSH2_48h.mzML,521.3949,0,5.78,5.78,5.95,Lys-CDCA,,#N/A
P6_B3_TCDCA_Dny_BSH2_48h.mzML,521.3949,0,5.78,5.78,5.95,Lys-CDCA,,#N/A
P6_B4_TUDCA_Dny_BSH2_48h.mzML,521.3949,0,5.78,5.78,5.95,Lys-CDCA,,#N/A
P6_B5_TCA_Dny_BSH2_48h.mzML,521.3949,0,5.78,5.78,5.95,Lys-CDCA,,#N/A
P6_B6_GLCA_Dny_BSH2_48h.mzML,521.3949,0,5.78,5.78,5.95,Lys-CDCA,,#N/A
P6_B7_GDCA_Dny_BSH2_48h.mzML,521.3949,0,5.78,5.78,5.95,Lys-CDCA,,#N/A
P6_B8_GCDCA_Dny_BSH2_48h.mzML,521.3949,0,5.78,5.78,5.95,Lys-CDCA,,#N/A
P6_B9_GUDCA_Dny_BSH2_48h.mzML,521.3949,0,5.78,5.78,5.95,Lys-CDCA,,#N/A
P6_B10_GCA_Dny_BSH2_48h.mzML,521.3949,0,5.78,5.78,5.95,Lys-CDCA,,#N/A
P6_B11_BHI_50MeOH.mzML,521.3949,0,5.78,5.78,5.95,Lys-CDCA,,#N/A
P6_B12_BHI_50DMSO_25MeOH.mzML,521.3949,0,5.78,5.78,5.95,Lys-CDCA,,#N/A
P6_C1_TLCA_Lgasseri_BSH_48h.mzML,521.3949,0,5.78,5.78,5.95,Lys-CDCA,,#N/A
P6_C2_TDCA_Lgasseri_BSH_48h.mzML,521.3949,0,5.78,5.78,5.95,Lys-CDCA,,#N/A
P6_C3_TCDCA_Lgasseri_BSH_48h.mzML,521.3949,0,5.78,5.78,5.95,Lys-CDCA,,#N/A
P6_C4_TUDCA_Lgasseri_BSH_48h.mzML,521.3949,0,5.78,5.78,5.95,Lys-CDCA,,#N/A
P6_C5_TCA_Lgasseri_BSH_48h.mzML,521.3949,0,5.78,5.78,5.95,Lys-CDCA,,#N/A
P6_C6_GLCA_Lgasseri_BSH_48h.mzML,521.3949,0,5.78,5.78,5.95,Lys-CDCA,,#N/A
P6_C7_GDCA_Lgasseri_BSH_48h.mzML,521.3949,0,5.78,5.78,5.95,Lys-CDCA,,#N/A
P6_C8_GCDCA_Lgasseri_BSH_48h.mzML,521.3949,0,5.78,5.78,5.95,Lys-CDCA,,#N/A
P6_C9_GUDCA_Lgasseri_BSH_48h.mzML,521.3949,0,5.78,5.78,5.95,Lys-CDCA,,#N/A
P6_C10_GCA_Lgasseri_BSH_48h.mzML,521.3949,0,5.78,5.78,5.95,Lys-CDCA,,#N/A
P6_C11_BHI_50MeOH.mzML,521.3949,0,5.78,5.78,5.95,Lys-CDCA,,#N/A
P6_C12_BHI_50DMSO_25MeOH.mzML,521.3949,0,5.78,5.78,5.95,Lys-CDCA,,#N/A
P6_D1_TLCA_LCAG-95_BSH1208_48h.mzML,521.3949,0,5.78,5.78,5.95,Lys-CDCA,,#N/A
P6_D2_TDCA_LCAG-95_BSH1208_48h.mzML,521.3949,0,5.78,5.78,5.95,Lys-CDCA,,#N/A
P6_D3_TCDCA_LCAG-95_BSH1208_48h.mzML,521.3949,0,5.78,5.78,5.95,Lys-CDCA,,#N/A
P6_D4_TUDCA_LCAG-95_BSH1208_48h.mzML,521.3949,0,5.78,5.78,5.95,Lys-CDCA,,#N/A
P6_D5_TCA_LCAG-95_BSH1208_48h.mzML,521.3949,0,5.78,5.78,5.95,Lys-CDCA,,#N/A
P6_D6_GLCA_LCAG-95_BSH1208_48h.mzML,521.3949,0,5.78,5.78,5.95,Lys-CDCA,,#N/A
P6_D7_GDCA_LCAG-95_BSH1208_48h.mzML,521.3949,0,5.78,5.78,5.95,Lys-CDCA,,#N/A
P6_D8_GCDCA_LCAG-95_BSH1208_48h.mzML,521.3949,0,5.78,5.78,5.95,Lys-CDCA,,#N/A
P6_D9_GUDCA_LCAG-95_BSH1208_48h.mzML,521.3949,0,5.78,5.78,5.95,Lys-CDCA,,#N/A
P6_D10_GCA_LCAG-95_BSH1208_48h.mzML,521.3949,0,5.78,5.78,5.95,Lys-CDCA,,#N/A
P6_D11_BHI_50MeOH.mzML,521.3949,0,5.78,5.78,5.95,Lys-CDCA,,#N/A
P6_D12_BHI_50DMSO_25MeOH.mzML,521.3949,0,5.78,5.78,5.95,Lys-CDCA,,#N/A
P6_E1_TLCA_Ep_BSH101_48h.mzML,521.3949,0,5.78,5.78,5.95,Lys-CDCA,,#N/A
P6_E2_TDCA_Ep_BSH101_48h.mzML,521.3949,0,5.78,5.78,5.95,Lys-CDCA,,#N/A
P6_E3_TCDCA_Ep_BSH101_48h.mzML,521.3949,0,5.78,5.78,5.95,Lys-CDCA,,#N/A
P6_E4_TUDCA_Ep_BSH101_48h.mzML,521.3949,0,5.78,5.78,5.95,Lys-CDCA,,#N/A
P6_E5_TCA_Ep_BSH101_48h.mzML,521.3949,0,5.78,5.78,5.95,Lys-CDCA,,#N/A
P6_E6_GLCA_Ep_BSH101_48h.mzML,521.3949,0,5.78,5.78,5.95,Lys-CDCA,,#N/A
P6_E7_GDCA_Ep_BSH101_48h.mzML,521.3949,0,5.78,5.78,5.95,Lys-CDCA,,#N/A
P6_E8_GCDCA_Ep_BSH101_48h.mzML,521.3949,0,5.78,5.78,5.95,Lys-CDCA,,#N/A
P6_E9_GUDCA_Ep_BSH101_48h.mzML,521.3949,0,5.78,5.78,5.95,Lys-CDCA,,#N/A
P6_E10_GCA_Ep_BSH101_48h.mzML,521.3949,0,5.78,5.78,5.95,Lys-CDCA,,#N/A
P6_E11_BHI_50MeOH.mzML,521.3949,0,5.78,5.78,5.95,Lys-CDCA,,#N/A
P6_E12_BHI_50DMSO_25MeOH.mzML,521.3949,0,5.78,5.78,5.95,Lys-CDCA,,#N/A
P6_F1_TLCA_AZ-52_48h.mzML,521.3949,0,5.78,5.78,5.95,Lys-CDCA,,#N/A
P6_F2_TDCA_AZ-52_48h.mzML,521.3949,0,5.78,5.78,5.95,Lys-CDCA,,#N/A
P6_F3_TCDCA_AZ-52_48h.mzML,521.3949,681512,5.85,5.78,5.95,Lys-CDCA,,#N/A
P6_F4_TUDCA_AZ-52_48h.mzML,521.3949,0,5.78,5.78,5.95,Lys-CDCA,,#N/A
P6_F5_TCA_AZ-52_48h.mzML,521.3949,0,5.78,5.78,5.95,Lys-CDCA,,#N/A
P6_F6_GLCA_AZ-52_48h.mzML,521.3949,0,5.78,5.78,5.95,Lys-CDCA,,#N/A
P6_F7_GDCA_AZ-52_48h.mzML,521.3949,0,5.78,5.78,5.95,Lys-CDCA,,#N/A
P6_F8_GCDCA_AZ-52_48h.mzML,521.3949,513094,5.87,5.78,5.95,Lys-CDCA,,#N/A
P6_F9_GUDCA_AZ-52_48h.mzML,521.3949,0,5.78,5.78,5.95,Lys-CDCA,,#N/A
P6_F10_GCA_AZ-52_48h.mzML,521.3949,0,5.78,5.78,5.95,Lys-CDCA,,#N/A
P6_F11_BHI_50MeOH.mzML,521.3949,0,5.78,5.78,5.95,Lys-CDCA,,#N/A
P6_F12_BHI_50DMSO_25MeOH.mzML,521.3949,0,5.78,5.78,5.95,Lys-CDCA,,#N/A
P6_G1_TLCA_EcAZ-1-cat_48h.mzML,521.3949,0,5.78,5.78,5.95,Lys-CDCA,,#N/A
P6_G2_TDCA_EcAZ-1-cat_48h.mzML,521.3949,0,5.78,5.78,5.95,Lys-CDCA,,#N/A
P6_G3_TCDCA_EcAZ-1-cat_48h.mzML,521.3949,0,5.78,5.78,5.95,Lys-CDCA,,#N/A
P6_G4_TUDCA_EcAZ-1-cat_48h.mzML,521.3949,0,5.78,5.78,5.95,Lys-CDCA,,#N/A
P6_G5_TCA_EcAZ-1-cat_48h.mzML,521.3949,0,5.78,5.78,5.95,Lys-CDCA,,#N/A
P6_G6_GLCA_EcAZ-1-cat_48h.mzML,521.3949,0,5.78,5.78,5.95,Lys-CDCA,,#N/A
P6_G7_GDCA_EcAZ-1-cat_48h.mzML,521.3949,0,5.78,5.78,5.95,Lys-CDCA,,#N/A
P6_G8_GCDCA_EcAZ-1-cat_48h.mzML,521.3949,0,5.78,5.78,5.95,Lys-CDCA,,#N/A
P6_G9_GUDCA_EcAZ-1-cat_48h.mzML,521.3949,0,5.78,5.78,5.95,Lys-CDCA,,#N/A
P6_G10_GCA_EcAZ-1-cat_48h.mzML,521.3949,0,5.78,5.78,5.95,Lys-CDCA,,#N/A
P6_G11_BHI_50MeOH.mzML,521.3949,0,5.78,5.78,5.95,Lys-CDCA,,#N/A
P6_G12_BHI_50DMSO_25MeOH.mzML,521.3949,0,5.78,5.78,5.95,Lys-CDCA,,#N/A
P6_H1_TLCA_ctrl_48h.mzML,521.3949,0,5.78,5.78,5.95,Lys-CDCA,,#N/A
P6_H2_TDCA_ctrl_48h.mzML,521.3949,0,5.78,5.78,5.95,Lys-CDCA,,#N/A
P6_H3_TCDCA_ctrl_48h.mzML,521.3949,0,5.78,5.78,5.95,Lys-CDCA,,#N/A
P6_H4_TUDCA_ctrl_48h.mzML,521.3949,0,5.78,5.78,5.95,Lys-CDCA,,#N/A
P6_H5_TCA_ctrl_48h.mzML,521.3949,0,5.78,5.78,5.95,Lys-CDCA,,#N/A
P6_H6_GLCA_ctrl_48h.mzML,521.3949,0,5.78,5.78,5.95,Lys-CDCA,,#N/A
P6_H7_GDCA_ctrl_48h.mzML,521.3949,0,5.78,5.78,5.95,Lys-CDCA,,#N/A
P6_H8_GCDCA_ctrl_48h.mzML,521.3949,0,5.78,5.78,5.95,Lys-CDCA,,#N/A
P6_H9_GUDCA_ctrl_48h.mzML,521.3949,0,5.78,5.78,5.95,Lys-CDCA,,#N/A
P6_H10_GCA_ctrl_48h.mzML,521.3949,0,5.78,5.78,5.95,Lys-CDCA,,#N/A
P6_H11_BHI_50MeOH.mzML,521.3949,0,5.78,5.78,5.95,Lys-CDCA,,#N/A
P6_H12_BHI_50DMSO_25MeOH.mzML,521.3949,0,5.78,5.78,5.95,Lys-CDCA,,#N/A
P9_A1_TLCA_Dny_BSH1_48h.mzML,521.3949,0,5.78,5.78,5.95,Lys-CDCA,,#N/A
P9_A2_TDCA_Dny_BSH1_48h.mzML,521.3949,733999,5.94,5.78,5.95,Lys-CDCA,,#N/A
P9_A3_TCDCA_Dny_BSH1_48h.mzML,521.3949,0,5.78,5.78,5.95,Lys-CDCA,,#N/A
P9_A4_TUDCA_Dny_BSH1_48h.mzML,521.3949,0,5.78,5.78,5.95,Lys-CDCA,,#N/A
P9_A5_TCA_Dny_BSH1_48h.mzML,521.3949,0,5.78,5.78,5.95,Lys-CDCA,,#N/A
P9_A6_GLCA_Dny_BSH1_48h.mzML,521.3949,0,5.78,5.78,5.95,Lys-CDCA,,#N/A
P9_A7_GDCA_Dny_BSH1_48h.mzML,521.3949,75685,5.94,5.78,5.95,Lys-CDCA,,#N/A
P9_A8_GCDCA_Dny_BSH1_48h.mzML,521.3949,28240,5.78,5.78,5.95,Lys-CDCA,,#N/A
P9_A9_GUDCA_Dny_BSH1_48h.mzML,521.3949,0,5.78,5.78,5.95,Lys-CDCA,,#N/A
P9_A10_GCA_Dny_BSH1_48h.mzML,521.3949,0,5.78,5.78,5.95,Lys-CDCA,,#N/A
P9_A11_BHI_50MeOH.mzML,521.3949,0,5.78,5.78,5.95,Lys-CDCA,,#N/A
P9_A12_BHI_50DMSO_25MeOH.mzML,521.3949,0,5.78,5.78,5.95,Lys-CDCA,,#N/A
P9_B1_TLCA_Dny_BSH2_48h.mzML,521.3949,0,5.78,5.78,5.95,Lys-CDCA,,#N/A
P9_B2_TDCA_Dny_BSH2_48h.mzML,521.3949,0,5.78,5.78,5.95,Lys-CDCA,,#N/A
P9_B3_TCDCA_Dny_BSH2_48h.mzML,521.3949,0,5.78,5.78,5.95,Lys-CDCA,,#N/A
P9_B4_TUDCA_Dny_BSH2_48h.mzML,521.3949,0,5.78,5.78,5.95,Lys-CDCA,,#N/A
P9_B5_TCA_Dny_BSH2_48h.mzML,521.3949,0,5.78,5.78,5.95,Lys-CDCA,,#N/A
P9_B6_GLCA_Dny_BSH2_48h.mzML,521.3949,0,5.78,5.78,5.95,Lys-CDCA,,#N/A
P9_B7_GDCA_Dny_BSH2_48h.mzML,521.3949,0,5.78,5.78,5.95,Lys-CDCA,,#N/A
P9_B8_GCDCA_Dny_BSH2_48h.mzML,521.3949,0,5.78,5.78,5.95,Lys-CDCA,,#N/A
P9_B9_GUDCA_Dny_BSH2_48h.mzML,521.3949,0,5.78,5.78,5.95,Lys-CDCA,,#N/A
P9_B10_GCA_Dny_BSH2_48h.mzML,521.3949,0,5.78,5.78,5.95,Lys-CDCA,,#N/A
P9_B11_BHI_50MeOH.mzML,521.3949,0,5.78,5.78,5.95,Lys-CDCA,,#N/A
P9_B12_BHI_50DMSO_25MeOH.mzML,521.3949,0,5.78,5.78,5.95,Lys-CDCA,,#N/A
P9_C1_TLCA_Lgasseri_BSH_48h.mzML,521.3949,0,5.78,5.78,5.95,Lys-CDCA,,#N/A
P9_C2_TDCA_Lgasseri_BSH_48h.mzML,521.3949,0,5.78,5.78,5.95,Lys-CDCA,,#N/A
P9_C3_TCDCA_Lgasseri_BSH_48h.mzML,521.3949,0,5.78,5.78,5.95,Lys-CDCA,,#N/A
P9_C4_TUDCA_Lgasseri_BSH_48h.mzML,521.3949,0,5.78,5.78,5.95,Lys-CDCA,,#N/A
P9_C5_TCA_Lgasseri_BSH_48h.mzML,521.3949,0,5.78,5.78,5.95,Lys-CDCA,,#N/A
P9_C6_GLCA_Lgasseri_BSH_48h.mzML,521.3949,0,5.78,5.78,5.95,Lys-CDCA,,#N/A
P9_C7_GDCA_Lgasseri_BSH_48h.mzML,521.3949,0,5.78,5.78,5.95,Lys-CDCA,,#N/A
P9_C8_GCDCA_Lgasseri_BSH_48h.mzML,521.3949,0,5.78,5.78,5.95,Lys-CDCA,,#N/A
P9_C9_GUDCA_Lgasseri_BSH_48h.mzML,521.3949,0,5.78,5.78,5.95,Lys-CDCA,,#N/A
P9_C10_GCA_Lgasseri_BSH_48h.mzML,521.3949,0,5.78,5.78,5.95,Lys-CDCA,,#N/A
P9_C11_BHI_50MeOH.mzML,521.3949,0,5.78,5.78,5.95,Lys-CDCA,,#N/A
P9_C12_BHI_50DMSO_25MeOH.mzML,521.3949,0,5.78,5.78,5.95,Lys-CDCA,,#N/A
P9_D1_TLCA_LCAG-95_BSH1208_48h.mzML,521.3949,0,5.78,5.78,5.95,Lys-CDCA,,#N/A
P9_D2_TDCA_LCAG-95_BSH1208_48h.mzML,521.3949,0,5.78,5.78,5.95,Lys-CDCA,,#N/A
P9_D3_TCDCA_LCAG-95_BSH1208_48h.mzML,521.3949,0,5.78,5.78,5.95,Lys-CDCA,,#N/A
P9_D4_TUDCA_LCAG-95_BSH1208_48h.mzML,521.3949,0,5.78,5.78,5.95,Lys-CDCA,,#N/A
P9_D5_TCA_LCAG-95_BSH1208_48h.mzML,521.3949,0,5.78,5.78,5.95,Lys-CDCA,,#N/A
P9_D6_GLCA_LCAG-95_BSH1208_48h.mzML,521.3949,0,5.78,5.78,5.95,Lys-CDCA,,#N/A
P9_D7_GDCA_LCAG-95_BSH1208_48h.mzML,521.3949,0,5.78,5.78,5.95,Lys-CDCA,,#N/A
P9_D8_GCDCA_LCAG-95_BSH1208_48h.mzML,521.3949,0,5.78,5.78,5.95,Lys-CDCA,,#N/A
P9_D9_GUDCA_LCAG-95_BSH1208_48h.mzML,521.3949,0,5.78,5.78,5.95,Lys-CDCA,,#N/A
P9_D10_GCA_LCAG-95_BSH1208_48h.mzML,521.3949,0,5.78,5.78,5.95,Lys-CDCA,,#N/A
P9_D11_BHI_50MeOH.mzML,521.3949,0,5.78,5.78,5.95,Lys-CDCA,,#N/A
P9_D12_BHI_50DMSO_25MeOH.mzML,521.3949,0,5.78,5.78,5.95,Lys-CDCA,,#N/A
P9_E1_TLCA_Ep_BSH101_48h.mzML,521.3949,0,5.78,5.78,5.95,Lys-CDCA,,#N/A
P9_E2_TDCA_Ep_BSH101_48h.mzML,521.3949,0,5.78,5.78,5.95,Lys-CDCA,,#N/A
P9_E3_TCDCA_Ep_BSH101_48h.mzML,521.3949,0,5.78,5.78,5.95,Lys-CDCA,,#N/A
P9_E4_TUDCA_Ep_BSH101_48h.mzML,521.3949,0,5.78,5.78,5.95,Lys-CDCA,,#N/A
P9_E5_TCA_Ep_BSH101_48h.mzML,521.3949,0,5.78,5.78,5.95,Lys-CDCA,,#N/A
P9_E6_GLCA_Ep_BSH101_48h.mzML,521.3949,0,5.78,5.78,5.95,Lys-CDCA,,#N/A
P9_E7_GDCA_Ep_BSH101_48h.mzML,521.3949,0,5.78,5.78,5.95,Lys-CDCA,,#N/A
P9_E8_GCDCA_Ep_BSH101_48h.mzML,521.3949,0,5.78,5.78,5.95,Lys-CDCA,,#N/A
P9_E9_GUDCA_Ep_BSH101_48h.mzML,521.3949,0,5.78,5.78,5.95,Lys-CDCA,,#N/A
P9_E10_GCA_Ep_BSH101_48h.mzML,521.3949,0,5.78,5.78,5.95,Lys-CDCA,,#N/A
P9_E11_BHI_50MeOH.mzML,521.3949,0,5.78,5.78,5.95,Lys-CDCA,,#N/A
P9_E12_BHI_50DMSO_25MeOH.mzML,521.3949,0,5.78,5.78,5.95,Lys-CDCA,,#N/A
P9_F1_TLCA_AZ-52_48h.mzML,521.3949,0,5.78,5.78,5.95,Lys-CDCA,,#N/A
P9_F2_TDCA_AZ-52_48h.mzML,521.3949,0,5.78,5.78,5.95,Lys-CDCA,,#N/A
P9_F3_TCDCA_AZ-52_48h.mzML,521.3949,178001,5.78,5.78,5.95,Lys-CDCA,,#N/A
P9_F4_TUDCA_AZ-52_48h.mzML,521.3949,0,5.78,5.78,5.95,Lys-CDCA,,#N/A
P9_F5_TCA_AZ-52_48h.mzML,521.3949,0,5.78,5.78,5.95,Lys-CDCA,,#N/A
P9_F6_GLCA_AZ-52_48h.mzML,521.3949,0,5.78,5.78,5.95,Lys-CDCA,,#N/A
P9_F7_GDCA_AZ-52_48h.mzML,521.3949,0,5.78,5.78,5.95,Lys-CDCA,,#N/A
P9_F8_GCDCA_AZ-52_48h.mzML,521.3949,361821,5.81,5.78,5.95,Lys-CDCA,,#N/A
P9_F9_GUDCA_AZ-52_48h.mzML,521.3949,0,5.78,5.78,5.95,Lys-CDCA,,#N/A
P9_F10_GCA_AZ-52_48h.mzML,521.3949,0,5.78,5.78,5.95,Lys-CDCA,,#N/A
P9_F11_BHI_50MeOH.mzML,521.3949,0,5.78,5.78,5.95,Lys-CDCA,,#N/A
P9_F12_BHI_50DMSO_25MeOH.mzML,521.3949,0,5.78,5.78,5.95,Lys-CDCA,,#N/A
P9_G1_TLCA_EcAZ-1-cat_48h.mzML,521.3949,0,5.78,5.78,5.95,Lys-CDCA,,#N/A
P9_G2_TDCA_EcAZ-1-cat_48h.mzML,521.3949,0,5.78,5.78,5.95,Lys-CDCA,,#N/A
P9_G3_TCDCA_EcAZ-1-cat_48h.mzML,521.3949,0,5.78,5.78,5.95,Lys-CDCA,,#N/A
P9_G4_TUDCA_EcAZ-1-cat_48h.mzML,521.3949,0,5.78,5.78,5.95,Lys-CDCA,,#N/A
P9_G5_TCA_EcAZ-1-cat_48h.mzML,521.3949,0,5.78,5.78,5.95,Lys-CDCA,,#N/A
P9_G6_GLCA_EcAZ-1-cat_48h.mzML,521.3949,0,5.78,5.78,5.95,Lys-CDCA,,#N/A
P9_G7_GDCA_EcAZ-1-cat_48h.mzML,521.3949,0,5.78,5.78,5.95,Lys-CDCA,,#N/A
P9_G8_GCDCA_EcAZ-1-cat_48h.mzML,521.3949,0,5.78,5.78,5.95,Lys-CDCA,,#N/A
P9_G9_GUDCA_EcAZ-1-cat_48h.mzML,521.3949,0,5.78,5.78,5.95,Lys-CDCA,,#N/A
P9_G10_GCA_EcAZ-1-cat_48h.mzML,521.3949,0,5.78,5.78,5.95,Lys-CDCA,,#N/A
P9_G11_BHI_50MeOH.mzML,521.3949,0,5.78,5.78,5.95,Lys-CDCA,,#N/A
P9_G12_BHI_50DMSO_25MeOH.mzML,521.3949,0,5.78,5.78,5.95,Lys-CDCA,,#N/A
P9_H1_TLCA_ctrl_48h.mzML,521.3949,0,5.78,5.78,5.95,Lys-CDCA,,#N/A
P9_H2_TDCA_ctrl_48h.mzML,521.3949,0,5.78,5.78,5.95,Lys-CDCA,,#N/A
P9_H3_TCDCA_ctrl_48h.mzML,521.3949,0,5.78,5.78,5.95,Lys-CDCA,,#N/A
P9_H4_TUDCA_ctrl_48h.mzML,521.3949,0,5.78,5.78,5.95,Lys-CDCA,,#N/A
P9_H5_TCA_ctrl_48h.mzML,521.3949,0,5.78,5.78,5.95,Lys-CDCA,,#N/A
P9_H6_GLCA_ctrl_48h.mzML,521.3949,0,5.78,5.78,5.95,Lys-CDCA,,#N/A
P9_H7_GDCA_ctrl_48h.mzML,521.3949,0,5.78,5.78,5.95,Lys-CDCA,,#N/A
P9_H8_GCDCA_ctrl_48h.mzML,521.3949,0,5.78,5.78,5.95,Lys-CDCA,,#N/A
P9_H9_GUDCA_ctrl_48h.mzML,521.3949,0,5.78,5.78,5.95,Lys-CDCA,,#N/A
P9_H10_GCA_ctrl_48h.mzML,521.3949,0,5.78,5.78,5.95,Lys-CDCA,,#N/A
P9_H11_BHI_50MeOH.mzML,521.3949,0,5.78,5.78,5.95,Lys-CDCA,,#N/A
P9_H12_BHI_50DMSO_25MeOH.mzML,521.3949,0,5.78,5.78,5.95,Lys-CDCA,,#N/A
TCA_std.mzML,521.3949,0,5.78,5.78,5.95,Lys-CDCA,,#N/A
TCDCA_std.mzML,521.3949,0,5.78,5.78,5.95,Lys-CDCA,,#N/A
TDCA_std.mzML,521.3949,0,5.78,5.78,5.95,Lys-CDCA,,#N/A
TLCA_std.mzML,521.3949,0,5.78,5.78,5.95,Lys-CDCA,,#N/A
TUDCA_std.mzML,521.3949,0,5.78,5.78,5.95,Lys-CDCA,,#N/A
UDCA_aminoacids.mzML,521.3949,15944,5.86,5.78,5.95,Lys-CDCA,,#N/A
