FeatureID	cFT01a	cFT01b	cFT05a	cFT05b	cFT09a	cFT09b	cNA01a	cNA01b	cNA01c	cNA05a	cNA05b	cNA05c	cNA09a	cNA09b	cNA09c
PF08455.13	3	5	5	9	1	35	4	9	9	4	9	7	7	19	18
PF00176.26	10	7	5	10	4	36	16	83	110	48	160	160	29	171	140
PF00271.34	25	33	73	46	44	110	124	244	319	296	540	847	245	533	491
PF01565.26	8	8	6	9	4	5	16	13	16	8	15	13	13	9	8
PF04030.17	0	0	0	0	0	0	0	0	0	0	0	1	0	1	0
PF08447.15	13	21	17	11	8	27	58	47	50	20	23	45	72	47	50
PF00015.24	96	129	98	86	35	148	456	286	269	192	74	282	431	196	188
PF08448.13	7	12	10	7	6	12	40	20	36	19	21	23	39	42	36
PF00512.28	71	88	98	93	59	138	433	628	752	479	781	1413	650	800	853
PF02518.29	115	183	169	156	102	223	671	861	1055	686	1069	1834	986	1113	1125
PF01025.22	0	3	6	0	6	4	10	8	13	12	16	12	21	9	13
PF00012.23	64	95	78	75	77	106	240	164	138	144	146	149	100	133	113
PF06100.14	0	0	1	0	2	1	5	13	10	15	9	40	9	18	30
PF00359.25	6	12	8	3	3	25	15	7	4	13	8	13	19	11	11
PF02302.20	3	13	10	5	34	32	26	16	13	17	10	15	29	10	13
PF02378.21	42	30	51	28	52	56	169	48	37	84	30	49	755	52	34
PF04167.16	0	0	0	1	1	0	7	2	0	2	0	1	15	2	0
PF00521.23	12	8	18	12	7	14	49	53	77	69	55	121	61	100	76
PF03989.16	60	48	95	58	42	84	270	186	314	302	236	502	275	361	342
PF01544.21	0	0	1	1	2	2	10	3	7	2	11	7	4	11	11
PF00471.23	2	2	1	1	0	3	14	4	2	5	5	4	8	2	8
PF00122.23	12	8	15	15	31	21	51	75	90	60	110	149	79	111	127
PF00702.29	12	9	15	16	30	21	58	73	94	63	106	150	82	102	128
PF10543.12	0	1	1	0	0	0	6	1	2	3	4	9	6	2	0
PF10552.12	0	0	0	0	0	0	0	0	0	0	0	0	0	0	0
PF00692.22	2	1	1	1	3	1	5	8	9	12	7	17	10	9	17
PF06605.14	0	0	0	0	0	0	0	8	9	2	22	11	4	1	4
PF18013.4	0	0	0	0	1	2	0	1	9	2	2	9	2	11	3
PF01551.25	2	3	12	11	5	15	19	101	124	78	167	227	94	130	114
PF01521.23	0	0	0	0	1	0	1	0	0	0	0	1	1	1	0
PF08282.15	3	1	16	4	11	13	40	42	41	17	36	53	32	31	29
PF01219.22	0	0	0	0	1	0	3	2	0	1	1	2	3	1	0
PF00654.23	0	0	1	1	1	0	9	1	8	6	15	27	12	15	17
PF17767.4	2	4	2	1	3	3	8	16	20	6	11	25	26	26	21
PF04095.19	2	4	2	1	3	3	8	18	17	5	8	34	25	24	22
PF17956.4	2	4	2	1	3	3	8	14	19	6	7	22	25	24	16
PF00583.28	6	13	7	7	7	13	87	85	113	86	140	204	88	115	101
PF00005.30	351	527	390	409	234	489	2244	1108	1376	1122	1298	2381	3134	1486	1618
PF02687.24	63	95	184	284	69	209	331	754	917	718	1292	1957	3181	1237	1217
PF12704.10	9	17	20	14	16	16	55	96	130	109	196	275	80	177	174
PF08245.15	6	6	16	15	7	12	56	60	80	40	69	133	78	107	80
PF08353.13	2	2	1	3	3	0	1	0	2	7	0	2	10	2	1
PF13328.9	6	14	7	10	7	12	17	30	48	25	45	79	52	63	48
PF04607.20	14	22	8	15	9	17	73	38	67	38	47	94	121	69	66
PF02824.24	8	15	9	20	15	20	36	60	73	35	65	113	66	92	71
PF19296.2	5	13	5	8	5	9	10	15	28	19	14	42	45	36	34
PF13291.9	6	13	6	10	7	10	17	29	47	24	45	78	50	60	47
PF13460.9	0	0	0	0	2	0	0	0	0	0	1	1	3	3	1
PF13520.9	0	1	0	0	4	6	9	2	2	13	12	17	38	14	7
PF00580.24	7	9	11	14	7	23	28	57	77	50	60	115	34	88	78
PF13361.9	7	10	11	13	7	18	39	60	107	68	70	141	54	130	115
PF00890.27	24	18	14	16	8	23	12	21	45	40	50	64	34	54	43
PF00056.26	6	6	18	10	6	22	34	13	29	26	19	21	36	17	8
PF02866.21	6	6	18	10	6	22	34	13	29	26	18	20	36	17	8
PF00478.28	7	17	21	11	8	13	29	19	28	24	20	35	39	32	32
PF00588.22	2	2	7	2	2	4	13	17	22	18	24	33	12	16	12
PF01288.23	1	0	0	0	0	0	1	4	0	0	3	6	0	5	3
PF01227.25	0	0	0	1	1	1	5	3	8	2	2	11	5	7	4
PF00528.25	83	95	87	108	35	127	1160	340	370	292	263	632	3672	506	462
PF01594.19	0	1	4	3	5	2	30	27	30	10	17	38	70	27	27
PF02776.21	5	1	11	3	4	8	27	36	34	40	33	83	41	41	52
PF00205.25	5	1	11	3	3	8	26	33	30	40	28	73	40	39	49
PF02775.24	149	185	179	167	73	317	1853	269	364	254	212	222	714	174	177
PF07517.17	7	20	13	19	5	25	25	39	59	49	53	99	42	83	57
PF01043.23	7	20	11	18	5	25	25	39	59	49	53	99	42	83	56
PF07516.16	7	20	12	19	5	25	24	39	59	49	54	97	38	79	57
PF02810.18	10	24	12	20	6	32	38	52	82	63	70	144	55	85	64
PF00665.29	8	13	12	3	25	15	73	136	163	243	282	467	195	258	378
PF13333.9	0	1	4	0	10	5	19	44	55	106	63	183	35	52	28
PF00872.21	2	5	11	7	12	5	42	51	115	44	180	136	68	118	64
PF05524.16	13	31	21	9	24	46	58	21	16	25	13	19	54	28	21
PF00391.26	163	255	172	187	105	293	1391	204	243	308	153	146	1147	159	139
PF02896.21	164	256	173	186	104	292	1387	200	241	276	149	132	1136	149	133
PF00977.24	1	1	4	2	3	8	11	19	13	10	6	13	25	14	14
PF00180.23	0	4	6	3	6	8	22	27	24	15	19	25	23	27	23
PF00330.23	7	9	9	12	8	15	50	24	37	28	21	34	84	55	36
PF01195.22	0	0	1	0	1	0	2	4	4	1	3	6	1	7	5
PF01751.25	6	12	18	27	14	23	52	182	201	165	278	399	91	221	190
PF01131.23	2	9	5	16	11	13	19	150	161	125	248	337	50	203	171
PF01396.22	1	5	1	13	5	9	29	35	35	26	55	43	28	42	40
PF13495.9	3	0	1	2	1	0	6	17	9	16	9	36	19	12	15
PF00589.25	89	97	79	50	44	96	262	450	656	649	1035	1583	384	727	742
PF07690.19	5	6	13	14	20	11	80	58	65	78	93	210	488	103	83
PF00664.26	7	13	15	18	19	23	167	177	203	150	209	402	195	250	305
PF04079.19	1	1	1	0	1	1	3	0	7	0	4	6	3	3	3
PF12850.10	1	1	3	1	1	3	15	4	14	4	3	15	10	20	11
PF14691.9	16	24	30	22	7	21	53	40	50	61	35	57	61	71	52
PF07992.17	79	86	111	66	42	126	132	83	94	147	94	128	128	129	108
PF00310.24	1	0	2	3	2	1	82	33	52	20	29	88	20	48	50
PF04898.17	1	0	2	3	2	1	59	31	41	19	20	75	12	44	45
PF01645.20	1	0	3	4	2	3	88	45	53	19	25	86	17	54	47
PF01493.22	1	0	2	3	3	1	74	34	43	19	25	77	13	46	46
PF00282.22	0	0	1	0	1	1	0	2	0	1	4	6	2	9	5
PF13508.10	0	1	1	0	1	1	50	6	5	2	10	23	29	3	8
PF01321.21	8	2	7	10	6	13	16	14	24	17	14	25	23	26	18
PF03960.18	0	1	1	2	4	7	38	7	7	3	4	1	200	4	1
PF17757.4	5	2	9	10	11	14	28	46	67	39	56	87	34	87	77
PF02559.19	5	3	4	9	6	11	23	27	31	23	37	49	31	50	53
PF00270.32	8	14	15	17	22	24	61	91	147	107	168	270	86	207	190
PF03461.18	3	0	3	7	6	8	8	24	29	20	35	45	12	50	46
PF05833.14	1	1	3	4	1	3	15	3	7	7	8	10	12	15	13
PF05670.16	1	1	3	4	1	3	15	3	7	7	8	10	12	15	13
PF02653.19	37	33	38	32	10	32	114	82	61	61	54	126	667	86	83
PF00224.24	6	2	11	10	8	11	24	8	10	40	18	26	24	18	19
PF02887.19	6	2	9	10	6	11	24	8	10	40	18	25	23	18	15
PF01210.26	2	1	3	4	5	1	8	4	8	4	7	12	8	6	7
PF07479.17	2	1	3	4	5	1	8	4	7	5	7	12	8	5	7
PF20618.1	2	1	3	4	5	1	8	4	7	5	5	7	8	4	5
PF00483.26	136	188	146	115	70	200	555	95	122	238	88	94	600	96	79
PF00348.20	1	6	9	3	1	8	6	17	11	8	10	23	8	22	20
PF01180.24	2	7	3	0	2	1	5	17	21	10	24	37	12	36	29
PF13421.9	0	3	1	4	1	6	8	5	4	4	8	18	10	6	7
PF00849.25	2	5	8	7	5	14	17	27	22	30	35	46	26	42	41
PF00690.29	3	4	7	13	11	13	28	25	25	30	22	37	41	30	25
PF00689.24	3	4	7	13	11	13	28	25	25	30	23	37	41	29	26
PF06736.14	0	0	0	0	1	0	0	0	0	0	1	0	0	0	0
PF05382.16	1	0	0	0	0	0	0	0	0	0	0	0	0	0	0
PF05263.14	0	0	0	0	0	0	0	0	0	0	0	0	0	0	0
PF14657.9	3	1	0	3	2	5	10	77	104	88	227	300	37	132	174
PF14659.9	7	16	5	3	5	10	73	166	274	220	432	583	79	240	307
PF06146.15	0	0	0	0	0	0	0	0	1	0	0	0	6	0	1
PF00392.24	12	13	18	10	21	34	42	50	65	69	62	102	49	64	69
PF02080.24	6	5	10	7	4	7	40	18	40	23	70	90	48	55	62
PF00367.23	31	12	42	20	29	36	130	31	13	62	19	30	707	37	16
PF00358.23	2	4	8	5	18	19	39	21	11	37	13	30	94	23	16
PF01047.25	1	0	2	1	3	0	4	12	22	8	8	16	6	10	6
PF00881.27	4	2	9	3	5	11	24	43	33	27	40	72	67	70	54
PF00106.28	3	3	2	5	3	6	12	29	36	21	43	54	14	57	62
PF13292.9	2	4	5	0	4	7	15	10	15	10	14	25	21	21	19
PF02779.27	20	23	22	11	17	20	68	18	33	34	27	42	89	48	48
PF02780.23	20	22	23	11	17	21	68	19	33	34	26	40	85	44	48
PF01554.21	20	22	21	16	48	20	235	395	540	387	495	1096	987	677	654
PF01261.27	11	15	8	11	5	7	59	35	45	83	38	84	157	69	42
PF01479.28	22	31	27	40	28	58	100	77	61	60	62	82	135	75	72
PF02861.23	8	12	14	7	26	38	32	79	110	68	96	227	78	156	134
PF00004.32	19	32	49	38	58	100	180	147	196	171	171	333	188	255	210
PF17871.4	9	8	28	14	32	55	93	54	80	62	76	137	71	106	84
PF07724.17	17	22	41	34	44	70	134	85	117	107	102	196	147	152	133
PF10431.12	17	15	40	33	41	68	132	85	111	105	94	192	143	146	128
PF01370.24	3	3	1	3	1	5	14	23	42	14	32	56	33	34	32
PF13522.9	2	3	3	3	2	3	19	22	27	13	17	40	24	21	21
PF00156.30	1	6	19	10	10	21	95	41	51	28	47	97	83	59	39
PF18072.4	8	12	19	16	12	19	26	43	43	37	48	75	86	49	68
PF00586.27	4	3	5	8	4	12	16	22	19	13	20	26	20	27	43
PF02769.25	11	15	24	23	16	33	44	64	63	52	71	106	110	77	105
PF13507.9	8	12	18	16	12	19	28	42	43	37	48	75	88	47	61
PF01259.21	5	3	7	3	1	6	18	14	12	6	23	21	23	16	13
PF00128.27	47	52	70	83	43	100	205	116	198	173	171	346	312	285	199
PF02806.21	20	21	25	18	15	25	105	43	47	58	39	52	132	58	54
PF08240.15	19	15	33	14	7	33	25	27	13	41	27	49	67	45	23
PF00107.29	19	15	33	14	7	33	25	25	7	39	17	36	67	47	25
PF06541.14	0	2	0	1	1	2	26	11	22	3	7	18	61	30	21
PF02922.21	22	25	30	29	19	41	117	60	72	70	59	83	169	98	98
PF12848.10	3	13	6	9	6	12	27	42	73	49	98	138	48	84	90
PF16326.8	0	0	2	1	0	2	5	15	13	8	22	27	11	14	15
PF03577.18	0	2	3	0	5	4	18	4	10	10	17	23	8	6	6
PF11797.11	0	0	0	0	0	0	0	0	0	0	0	0	0	0	0
PF01018.25	0	0	2	0	7	3	10	15	9	13	17	20	10	17	21
PF01926.26	12	16	26	19	25	35	68	107	149	93	131	215	128	157	145
PF09269.14	0	0	2	0	5	3	10	14	6	10	10	13	10	8	17
PF00171.25	63	22	33	36	14	38	44	23	16	42	29	37	84	52	33
PF00696.31	11	19	21	16	18	34	46	44	53	35	45	82	76	63	52
PF02881.22	4	3	6	13	9	9	13	22	24	23	20	58	17	34	31
PF00448.25	5	6	9	16	11	12	20	31	37	24	24	67	25	43	34
PF02978.22	2	1	6	9	4	7	9	16	18	17	13	40	10	21	18
PF00753.30	35	46	33	28	30	46	142	130	126	100	125	217	233	144	137
PF07521.15	18	25	15	17	12	24	61	41	35	43	32	60	88	45	33
PF17770.4	4	17	9	11	9	17	41	23	19	24	24	39	61	23	24
PF01118.27	3	2	7	4	1	11	20	21	20	18	22	30	25	34	29
PF02774.21	1	2	7	4	1	10	17	14	16	12	13	15	22	23	24
PF01081.22	2	2	5	3	4	2	47	9	6	19	4	10	59	9	10
PF01263.23	4	8	2	4	5	8	16	18	19	17	17	34	22	21	23
PF13347.9	1	4	0	1	3	3	68	31	22	19	22	50	255	21	42
PF01232.26	1	2	1	1	2	5	69	11	23	14	16	22	156	22	21
PF08125.16	1	2	1	1	2	5	69	11	23	14	16	23	156	22	21
PF00356.24	8	12	7	9	1	27	67	67	52	30	50	85	108	71	72
PF13377.9	10	13	10	9	2	30	114	72	53	37	61	94	144	77	78
PF00206.23	9	10	9	13	10	13	37	24	29	30	36	78	56	42	34
PF10397.12	1	8	2	3	5	8	21	11	11	21	14	34	38	15	20
PF02926.20	3	1	7	3	5	5	20	20	14	13	15	29	28	17	12
PF01170.21	2	2	4	1	1	7	9	10	9	7	11	21	8	10	10
PF05103.16	1	0	0	0	2	0	2	1	1	5	4	1	4	1	3
PF08230.14	0	0	0	0	2	1	1	5	8	0	2	2	0	3	0
PF00155.24	24	11	31	33	21	43	155	99	107	72	134	170	141	125	116
PF01381.25	29	40	29	20	23	38	249	201	283	210	340	627	371	271	280
PF01209.21	0	0	0	0	0	0	0	2	0	0	0	5	1	1	2
PF06018.17	8	5	12	7	1	19	38	7	6	21	1	8	67	2	3
PF08222.14	8	5	12	7	1	19	38	7	6	21	1	8	67	2	3
PF12464.11	0	1	0	0	1	0	6	5	11	4	8	12	10	17	5
PF00132.27	8	24	16	10	14	11	42	29	58	34	50	101	64	69	42
PF02686.18	0	1	0	1	1	0	0	2	7	0	1	1	3	3	2
PF02903.17	3	3	1	7	5	5	7	13	9	10	8	30	18	25	11
PF07274.15	0	0	0	0	1	0	0	0	0	0	0	0	0	0	0
PF01425.24	1	1	2	2	1	4	17	6	17	4	12	5	8	18	17
PF01476.23	2	14	14	10	7	13	55	63	96	53	95	191	42	101	130
PF03610.19	1	4	14	2	19	9	43	9	8	9	9	2	29	2	4
PF03830.18	6	29	63	27	23	32	76	10	15	8	9	0	67	1	5
PF03609.17	9	45	72	41	54	50	88	8	5	7	11	1	235	0	6
PF03613.17	10	44	32	27	26	18	71	8	6	13	11	0	213	1	6
PF02934.18	0	0	3	2	7	4	17	14	10	6	3	20	13	16	21
PF02637.21	0	0	3	2	7	4	17	14	10	6	3	20	13	16	21
PF02403.25	3	7	11	7	7	6	29	22	26	25	19	36	55	40	30
PF00587.28	18	33	39	35	36	54	112	118	127	94	134	225	144	181	160
PF12849.10	1	1	0	0	1	2	1	15	22	16	41	68	5	24	30
PF01668.21	2	0	1	0	2	0	4	2	3	5	4	9	3	8	2
PF01411.22	7	6	16	18	7	23	29	33	47	25	31	81	62	50	37
PF07973.17	9	9	21	29	18	33	55	76	84	49	74	152	82	109	89
PF02272.22	11	13	25	36	15	35	62	75	96	54	63	141	132	100	101
PF13145.9	1	1	5	4	2	8	2	2	7	0	4	0	4	4	3
PF01596.20	0	1	3	2	1	2	8	8	5	2	6	4	5	5	3
PF08439.13	1	2	1	3	3	2	14	2	2	7	6	2	7	5	3
PF01432.23	1	4	7	4	5	9	26	3	18	21	24	26	10	16	13
PF06054.14	0	0	0	0	1	0	0	0	0	2	5	5	0	0	7
PF01027.23	1	4	1	0	3	0	15	1	1	3	4	5	16	3	1
PF01966.25	52	62	89	75	49	141	306	199	179	145	110	260	399	170	153
PF04892.15	3	4	1	1	2	2	7	19	13	9	21	31	20	14	11
PF01264.24	2	0	1	0	2	1	3	12	5	5	2	14	14	7	11
PF06335.15	0	0	0	0	0	0	0	0	0	1	0	0	0	0	0
PF04657.16	0	0	0	0	2	0	1	0	5	0	2	1	12	2	8
PF01761.23	2	1	2	1	0	1	4	9	7	3	12	17	18	13	14
PF09335.14	0	0	0	1	1	0	1	0	1	5	2	7	4	3	5
PF00497.23	8	3	7	4	9	12	54	38	32	31	53	76	88	72	66
PF02874.26	128	118	133	174	77	194	358	141	191	194	108	171	528	128	143
PF00006.28	134	123	143	183	80	205	372	166	212	209	124	203	559	156	167
PF00306.30	25	29	36	40	25	72	105	52	51	47	16	39	177	24	40
PF00213.21	2	8	10	9	2	12	58	18	17	18	8	21	45	5	10
PF00119.23	4	3	7	12	1	5	56	10	14	10	3	13	161	11	12
PF01694.25	2	2	0	0	1	2	1	8	5	2	7	12	12	10	7
PF01592.19	1	1	3	1	3	2	71	19	17	8	15	11	22	4	3
PF13527.10	1	0	4	0	1	4	14	4	12	7	8	7	15	16	8
PF17668.4	0	0	3	0	1	1	8	1	0	0	2	0	8	5	1
PF04997.15	21	38	49	56	23	69	116	95	114	117	112	159	188	140	81
PF00623.23	32	58	69	81	32	110	188	173	212	205	208	292	299	244	155
PF04983.21	22	38	50	56	24	69	116	96	114	116	112	159	187	139	81
PF05000.20	22	38	50	56	24	69	116	97	113	118	113	160	187	139	82
PF04998.20	22	41	52	57	24	72	118	97	113	121	115	159	188	140	82
PF19200.3	0	1	3	2	1	7	2	0	1	1	0	0	1	0	0
PF05913.14	0	1	3	2	1	7	2	0	1	1	0	0	1	0	0
PF04563.18	23	23	46	33	35	66	147	87	103	85	94	149	227	97	93
PF04561.17	43	46	74	60	52	123	259	166	182	159	169	293	423	181	170
PF04565.19	23	24	46	33	35	67	147	88	102	85	93	149	227	96	93
PF10385.12	23	24	46	33	35	67	147	88	102	85	93	149	227	96	91
PF00562.31	24	25	47	36	35	69	147	88	105	88	93	152	227	96	95
PF04560.23	18	25	46	36	35	68	145	88	105	83	93	152	221	96	96
PF05649.16	1	2	6	1	3	6	3	3	9	13	14	30	7	13	10
PF01431.24	1	2	6	1	3	6	3	3	9	13	14	30	7	13	10
PF01943.20	1	4	0	2	0	7	14	21	24	19	20	61	62	41	25
PF14667.9	1	3	0	3	0	7	10	23	25	22	20	62	54	36	26
PF01368.23	8	8	19	23	11	17	41	48	57	41	48	68	84	63	76
PF02833.17	4	1	10	5	3	5	4	3	3	12	10	5	11	10	9
PF01595.23	4	4	2	13	5	7	28	18	19	17	24	48	58	31	19
PF00571.31	32	50	58	56	36	52	151	91	133	139	127	231	319	163	132
PF03471.20	4	4	2	13	5	8	29	18	20	18	25	50	59	30	20
PF17760.4	2	7	7	3	8	5	16	25	49	21	61	69	20	43	62
PF17755.4	2	7	7	3	8	5	16	26	50	27	66	73	23	47	59
PF04263.19	1	0	2	2	0	0	3	2	5	4	5	7	1	13	10
PF04265.17	1	0	2	2	0	0	3	2	6	4	5	7	0	14	10
PF00582.29	0	2	0	4	2	1	11	0	3	8	2	7	30	7	3
PF19300.2	2	3	9	3	1	8	31	18	14	13	10	36	85	31	18
PF08352.15	17	24	17	20	20	29	125	52	42	34	37	80	111	83	63
PF01134.25	0	1	6	1	5	4	14	22	25	10	25	43	17	24	28
PF13932.9	0	1	5	1	4	4	11	21	22	9	20	41	12	21	21
PF01406.22	1	3	7	2	2	8	12	11	23	19	17	32	16	22	23
PF09190.14	1	3	6	1	1	8	10	9	19	13	16	25	13	18	16
PF01138.24	18	20	28	51	12	33	71	128	140	114	133	221	220	160	135
PF03725.18	12	14	23	33	11	25	50	102	122	92	118	182	170	127	100
PF03726.17	7	9	11	17	5	15	33	58	64	48	57	92	101	63	43
PF00013.32	44	48	74	78	46	111	187	143	154	144	118	194	302	137	121
PF00575.26	192	182	208	254	98	340	979	450	463	433	367	577	865	433	403
PF00009.30	291	460	502	596	240	745	2334	551	789	712	457	664	2545	569	545
PF03144.28	277	452	481	568	225	686	2254	446	626	579	298	364	2410	425	369
PF03143.20	160	272	293	330	132	367	1616	231	310	343	119	104	1763	174	159
PF00133.25	19	32	35	42	24	52	97	95	158	97	160	226	188	185	178
PF08264.16	22	35	40	48	27	60	101	103	167	100	167	236	196	193	179
PF06827.17	0	0	1	0	9	1	1	6	8	9	18	17	21	15	16
PF00091.28	7	9	20	21	13	21	44	16	24	23	13	39	53	25	7
PF12327.11	7	9	20	21	12	21	44	16	24	19	12	27	52	20	7
PF00126.30	4	4	9	7	7	6	38	54	48	53	73	99	42	67	83
PF03466.23	4	3	10	6	7	6	35	55	49	51	71	101	43	67	83
PF04055.24	42	41	61	43	36	48	162	160	209	139	260	372	226	280	281
PF13394.9	2	2	0	0	6	1	8	9	13	7	17	30	18	29	25
PF01029.21	1	1	6	8	2	9	7	12	15	3	11	17	15	15	14
PF01189.20	1	2	5	4	0	6	15	17	23	6	25	25	13	21	20
PF04226.16	0	0	0	2	5	4	0	0	0	17	0	0	31	0	1
PF00551.22	4	5	7	9	5	12	21	26	22	21	22	26	12	22	16
PF02911.21	2	3	1	0	1	5	11	12	14	6	6	21	5	16	11
PF06983.16	0	0	0	0	1	0	0	4	1	0	1	0	1	0	1
PF12072.11	35	38	60	52	40	93	151	77	84	84	50	83	190	55	53
PF01182.23	10	7	9	8	16	10	33	9	10	13	11	12	35	11	8
PF00712.22	3	5	2	2	0	7	32	3	11	11	13	17	46	10	9
PF02767.19	3	5	2	2	0	7	32	3	11	11	13	17	46	10	9
PF02768.18	3	5	2	2	0	7	32	3	11	11	13	17	46	10	9
PF01116.23	42	78	55	68	33	80	349	30	79	92	37	58	334	44	41
PF03129.23	17	28	29	31	29	53	89	99	112	74	129	206	96	149	139
PF03477.19	14	16	19	20	19	25	60	51	73	42	44	92	76	67	68
PF14681.9	0	2	5	3	3	7	12	4	8	12	5	9	12	9	5
PF01053.23	4	6	3	3	3	9	50	16	15	27	21	31	29	28	10
PF02646.19	0	1	0	0	1	0	0	1	6	6	9	10	0	4	7
PF16745.8	0	2	1	0	2	3	10	7	6	4	2	14	15	4	6
PF03193.19	0	2	1	0	2	3	11	9	8	5	3	15	15	4	6
PF01588.23	11	10	18	15	18	23	46	34	69	52	53	89	77	72	74
PF03483.20	3	2	6	3	5	6	18	18	30	22	17	49	31	34	39
PF03484.18	3	2	6	3	4	5	17	17	28	22	14	44	30	33	39
PF17759.4	3	2	6	3	4	5	17	17	28	22	14	44	30	33	39
PF03147.17	3	2	6	3	4	5	17	17	28	22	14	43	30	33	38
PF02912.21	3	1	1	6	1	3	10	9	28	9	14	37	17	28	14
PF01409.23	3	1	1	6	1	3	10	9	28	9	13	38	17	28	14
PF02421.21	4	4	6	2	2	5	16	36	76	42	57	111	52	73	61
PF17910.4	4	4	5	2	2	5	15	36	72	41	53	109	52	70	60
PF07670.17	8	8	12	5	4	10	32	73	154	82	117	235	110	149	135
PF07664.15	4	4	6	2	2	5	16	36	76	41	58	111	52	71	64
PF00704.31	2	3	7	3	3	4	11	20	16	15	27	26	23	25	13
PF02839.17	0	0	0	0	2	0	0	0	2	0	1	0	0	0	0
PF03067.18	0	0	0	0	1	0	0	0	1	0	0	0	0	0	0
PF01872.20	0	0	4	1	0	2	8	2	6	5	14	12	16	13	18
PF01336.28	10	10	21	24	14	39	107	99	146	83	101	171	151	142	130
PF00152.23	10	8	21	23	13	31	94	80	126	66	94	140	115	111	103
PF02938.17	2	2	7	8	5	7	50	34	42	28	16	44	44	42	33
PF13393.9	3	3	3	5	2	7	25	25	28	13	27	36	26	23	27
PF13413.9	0	0	0	0	0	0	0	1	0	3	1	0	2	0	0
PF00675.23	9	10	6	4	5	14	29	13	32	22	33	33	27	25	28
PF05193.24	13	13	9	6	5	23	46	21	49	34	45	50	50	40	38
PF03780.16	10	7	8	6	9	7	26	10	8	10	6	5	45	5	8
PF16363.8	11	11	18	16	9	46	74	32	44	46	32	68	95	52	65
PF10509.12	5	4	7	4	2	8	11	15	10	12	8	21	44	15	35
PF00288.29	6	6	10	5	5	10	21	22	22	25	19	44	65	35	46
PF08544.16	6	3	1	3	2	4	7	15	19	19	8	37	25	28	20
PF01136.22	9	2	6	6	3	2	15	37	41	18	20	51	37	24	25
PF16325.8	2	0	4	3	2	2	5	16	11	8	5	7	9	3	5
PF00687.24	6	29	23	29	18	51	115	36	53	34	16	25	115	33	36
PF01765.22	7	7	6	7	8	13	17	12	15	16	11	21	10	7	8
PF00871.20	11	12	11	15	5	14	69	19	27	22	9	18	77	20	24
PF14492.9	113	174	188	233	91	324	624	226	291	265	203	293	657	240	205
PF00679.27	122	181	199	241	99	335	666	268	382	302	263	392	694	318	282
PF07242.14	0	0	0	0	1	0	0	0	0	0	0	0	0	0	0
PF04397.18	9	16	27	13	6	25	93	153	172	115	213	335	161	195	190
PF00480.23	6	17	16	9	11	29	37	23	31	22	35	53	32	31	61
PF00817.23	0	0	1	2	4	2	14	10	22	16	29	55	22	49	68
PF11798.11	0	0	0	0	2	0	0	1	0	1	0	2	0	0	0
PF11799.11	0	0	1	2	4	2	14	10	21	15	28	55	22	49	68
PF02729.24	11	6	11	4	6	14	17	22	26	23	33	49	32	46	36
PF00185.27	11	6	11	4	6	14	17	22	26	23	33	49	33	46	36
PF01316.24	1	1	2	0	0	1	1	3	3	1	2	10	5	3	1
PF02863.21	1	1	2	0	0	1	1	3	3	1	2	10	5	3	1
PF01225.28	3	3	11	4	2	5	35	26	27	13	28	53	32	41	34
PF02875.24	4	4	15	12	4	12	51	51	61	27	49	96	65	91	63
PF04321.20	0	2	3	3	2	5	13	9	2	6	10	15	11	16	11
PF00230.23	5	2	0	1	1	8	6	1	4	10	5	3	6	2	2
PF18073.4	1	0	1	1	1	2	3	9	9	8	6	17	4	19	18
PF13481.9	1	1	2	2	3	2	11	88	117	120	196	347	17	131	159
PF13541.9	1	0	1	1	3	3	7	19	16	9	11	34	7	36	38
PF01196.22	9	11	12	14	4	31	79	24	21	15	17	12	50	16	10
PF01193.27	19	21	39	42	12	70	183	48	57	43	42	40	159	45	28
PF01000.29	19	20	39	42	12	70	183	48	57	43	42	40	159	45	28
PF03118.18	19	21	39	42	12	72	187	50	62	85	53	123	169	48	31
PF00411.22	11	17	21	32	7	26	73	38	43	25	29	26	85	26	30
PF01176.22	0	4	0	5	1	5	8	8	6	11	6	10	5	8	4
PF13276.9	0	4	6	0	8	10	34	54	80	93	66	144	46	63	23
PF00406.25	5	5	3	15	1	5	23	14	10	12	11	15	20	11	8
PF05191.17	5	4	3	14	1	5	23	14	7	11	4	5	19	9	5
PF00828.22	7	11	17	35	7	28	73	30	21	30	20	19	69	23	17
PF00347.26	28	28	40	48	18	86	116	108	96	78	68	74	68	34	46
PF06480.18	5	1	5	6	4	21	19	27	34	43	30	69	29	35	39
PF17862.4	6	11	14	18	16	28	41	52	53	64	50	113	64	66	62
PF01434.21	6	18	15	19	19	29	43	52	54	64	50	110	64	68	61
PF07650.20	12	17	23	39	9	58	74	55	88	48	46	69	84	60	57
PF00189.23	11	17	18	33	5	54	67	43	74	35	37	52	61	41	41
PF00237.22	8	5	22	38	10	26	41	33	52	27	14	23	26	26	25
PF00573.25	6	16	32	34	8	45	35	24	31	23	23	31	31	24	18
PF14821.9	1	4	5	2	2	7	13	15	13	5	9	12	24	11	9
PF00291.28	6	7	11	15	9	19	75	50	41	32	38	55	61	68	38
PF04239.15	1	0	0	0	1	0	0	0	1	1	0	1	3	2	1
PF01243.23	2	0	0	0	1	0	0	1	5	7	3	11	18	8	9
PF14480.9	5	6	6	5	1	10	12	29	33	25	18	37	20	34	20
PF11490.11	4	2	2	1	1	1	0	14	9	7	2	19	2	11	7
PF02811.22	8	14	16	12	10	39	53	84	131	84	97	230	95	108	109
PF00929.27	6	8	10	9	3	17	31	39	57	44	36	70	47	57	45
PF07733.15	8	11	17	12	7	37	49	86	145	89	95	224	83	120	115
PF17657.4	5	9	12	9	7	32	36	67	104	59	65	165	66	94	94
PF14579.9	5	8	12	9	7	31	36	65	98	56	63	132	65	93	83
PF02852.25	4	9	11	11	9	30	23	15	21	19	18	29	30	23	20
PF04073.18	1	0	2	2	5	4	9	17	8	7	5	16	7	23	24
PF02163.25	6	3	17	10	8	21	22	46	51	38	56	91	53	81	50
PF17820.4	2	3	10	3	4	7	12	27	29	22	39	62	25	32	27
PF02739.19	2	0	7	5	5	13	12	21	20	14	25	41	22	39	38
PF01367.23	2	0	7	5	5	13	11	21	20	13	25	41	22	39	37
PF00476.23	2	0	7	5	7	13	12	90	94	31	96	91	28	98	110
PF01527.23	2	1	7	1	4	5	15	35	42	38	42	82	29	29	11
PF00889.22	3	5	22	17	7	42	54	36	35	20	17	31	61	25	30
PF00318.23	16	9	15	28	6	38	97	42	60	39	31	52	52	40	30
PF00465.22	25	30	19	21	8	40	95	26	51	48	36	56	123	46	53
PF13180.9	7	3	9	8	6	18	32	35	32	27	28	34	60	56	40
PF05362.16	2	3	3	7	5	12	17	17	25	15	15	19	12	34	28
PF00342.22	15	10	15	27	22	44	150	17	35	45	20	34	151	23	28
PF10458.12	2	2	5	8	3	10	13	31	48	33	40	73	37	48	44
PF01938.23	2	1	2	5	1	1	12	17	26	20	26	34	15	34	33
PF05958.14	2	1	1	4	0	5	20	35	36	15	20	48	28	45	35
PF01418.20	3	11	3	6	2	4	16	11	14	10	6	20	27	8	12
PF01380.25	25	25	13	23	6	13	64	42	59	33	37	77	103	38	48
PF02673.21	0	0	2	0	2	0	2	4	8	2	7	10	19	9	5
PF13177.9	4	15	10	13	9	15	20	28	26	18	22	60	48	34	35
PF03951.22	1	2	6	3	0	5	45	19	41	22	17	36	36	32	22
PF00120.27	5	3	9	4	4	12	339	51	108	51	64	99	61	90	61
PF01330.24	0	1	0	2	0	0	3	7	5	2	4	9	5	6	5
PF14520.9	5	11	3	5	0	3	14	37	40	26	33	67	31	54	33
PF07499.16	0	1	0	2	0	0	3	7	5	2	4	8	4	6	5
PF01624.23	2	5	38	17	15	25	20	75	152	60	193	261	46	88	71
PF05188.20	2	3	1	4	1	3	12	24	27	13	35	57	22	35	30
PF05192.21	2	3	1	4	1	3	13	24	27	13	36	57	22	37	30
PF05190.21	2	3	1	4	1	3	13	24	27	13	35	57	22	37	30
PF00488.24	6	5	5	11	2	5	29	52	51	41	62	114	76	73	71
PF03446.18	1	0	0	4	1	1	2	2	0	2	2	5	10	9	4
PF14833.9	1	0	0	3	1	0	2	1	0	0	2	5	3	5	3
PF01925.22	0	0	0	0	1	1	0	8	4	4	16	7	12	11	9
PF00226.34	3	8	6	7	3	11	24	35	27	18	27	31	26	37	29
PF01556.21	3	5	5	6	2	7	21	28	19	16	21	25	20	27	25
PF00684.22	3	5	5	6	2	7	18	27	18	15	20	25	20	25	25
PF13537.9	1	3	6	8	12	17	129	37	50	58	41	57	61	56	47
PF00733.24	1	2	1	3	5	11	96	20	25	52	22	33	34	37	32
PF05257.19	1	0	1	2	10	3	9	63	79	71	114	170	102	111	115
PF13545.9	2	1	0	0	1	3	18	14	18	7	15	20	26	22	12
PF01869.23	4	6	7	14	5	8	69	32	70	47	43	94	64	58	69
PF09989.12	1	1	2	6	2	2	28	13	29	20	20	35	30	24	31
PF06050.16	19	21	15	20	6	20	91	24	42	57	32	53	71	39	38
PF00440.26	6	7	17	8	8	21	87	63	104	102	129	256	163	109	99
PF14278.9	1	1	1	3	1	1	6	8	3	2	11	12	34	13	10
PF17191.7	1	2	4	1	1	6	10	9	19	14	23	31	20	32	17
PF19833.2	1	2	5	1	2	6	12	9	19	15	25	31	20	30	17
PF09182.13	0	0	0	0	1	0	0	0	0	1	0	1	0	1	0
PF03764.21	117	177	192	237	92	333	632	239	329	285	225	311	678	263	234
PF06800.15	0	0	0	0	0	0	0	0	0	3	0	0	0	1	0
PF06962.15	0	0	1	0	0	0	1	0	0	0	0	0	0	0	0
PF13167.9	1	4	5	2	3	5	5	15	18	8	24	29	9	23	17
PF16360.8	1	4	5	2	3	5	5	15	18	8	24	29	9	23	17
PF01467.29	7	7	3	10	5	4	19	20	16	17	17	22	44	19	23
PF13649.9	4	12	5	3	6	3	19	28	44	16	25	57	47	34	25
PF05636.14	0	0	0	1	1	0	8	5	1	3	2	11	11	6	5
PF01709.23	5	2	4	3	4	6	16	11	21	12	12	13	22	15	13
PF00162.22	27	61	66	57	30	86	194	32	51	93	39	38	132	33	31
PF02733.20	11	5	7	1	2	12	3	4	10	12	2	5	1	7	3
PF06874.14	6	3	8	4	0	3	23	5	14	12	14	19	20	14	13
PF01408.25	10	26	15	18	10	14	46	16	36	67	24	47	126	40	29
PF02894.20	7	21	12	14	6	9	39	8	23	65	14	21	121	24	19
PF02664.18	0	0	1	1	1	8	10	1	2	4	4	2	4	3	1
PF00248.24	7	6	12	8	11	15	72	69	69	56	61	115	87	125	142
PF13597.9	11	15	17	18	13	23	53	43	71	38	42	89	78	60	65
PF13353.9	22	22	24	25	16	20	56	37	55	33	43	53	73	58	53
PF02361.19	1	0	1	2	0	1	5	7	3	4	5	22	23	18	10
PF12705.10	4	5	9	7	2	11	28	40	45	44	32	76	31	72	68
PF00163.22	14	23	14	30	20	43	72	31	31	25	19	23	100	23	18
PF09371.13	2	0	2	5	4	5	1	19	26	13	13	55	13	31	31
PF16921.8	2	0	2	5	4	5	1	19	26	13	14	55	13	31	32
PF12836.10	3	0	5	10	5	6	11	30	31	19	20	65	22	49	38
PF17674.4	2	0	3	7	5	6	2	32	40	18	15	84	22	53	53
PF08706.14	0	1	0	0	1	1	2	20	24	6	12	31	6	7	10
PF19263.2	0	1	0	0	1	1	0	22	27	33	36	85	7	25	24
PF03288.19	0	1	0	0	1	1	0	14	20	24	21	59	9	10	9
PF17900.4	0	2	0	0	2	0	0	3	0	3	2	1	5	0	3
PF01433.23	0	2	0	0	2	0	0	16	24	9	20	56	9	20	37
PF11838.11	0	2	0	0	1	0	0	0	0	3	0	0	5	0	0
PF09250.14	0	0	0	0	2	0	0	0	1	1	0	0	0	0	1
PF08708.14	0	0	0	0	2	0	0	0	0	0	0	0	0	0	0
PF02229.19	0	0	0	0	0	0	0	3	4	2	6	8	2	2	0
PF03180.17	1	0	0	0	1	0	24	3	3	5	3	8	17	10	5
PF09383.13	0	0	0	0	3	0	6	11	12	1	6	12	11	7	6
PF01497.21	1	2	6	0	3	5	5	17	8	2	21	16	5	26	16
PF00300.25	3	2	3	4	6	9	35	12	15	16	15	32	52	27	18
PF03717.18	6	8	9	6	5	18	26	43	62	32	38	80	59	66	63
PF00905.25	10	16	16	13	12	27	64	85	106	50	70	136	115	124	103
PF00496.25	20	51	33	52	50	74	543	95	74	103	32	58	788	82	62
PF16658.8	3	4	4	10	5	8	17	17	41	21	29	46	25	22	28
PF00154.24	6	3	2	6	11	7	10	21	30	12	22	45	23	26	22
PF05675.15	0	0	0	0	0	0	0	0	1	0	0	0	0	0	0
PF03595.20	0	0	0	0	1	0	0	0	0	0	0	0	0	0	0
PF02568.17	1	0	4	3	4	3	12	14	9	8	7	13	22	8	7
PF02525.20	1	2	0	0	1	0	2	7	4	1	9	16	3	9	5
PF00999.24	0	0	1	1	8	3	28	7	16	8	23	40	39	34	32
PF00118.27	28	42	42	64	38	72	151	151	93	116	56	67	119	61	72
PF00072.27	145	204	218	175	100	274	910	906	1037	674	1004	1763	1391	1157	1149
PF00486.31	36	39	51	35	31	51	128	283	372	291	466	816	247	405	460
PF06156.16	0	0	0	0	1	0	0	0	0	0	0	0	1	0	0
PF07155.15	3	3	2	0	0	2	11	4	12	2	4	11	50	3	6
PF06418.17	2	3	2	4	2	6	51	20	31	20	33	22	30	29	23
PF00117.31	3	13	9	12	8	15	86	47	60	57	72	82	82	75	64
PF05014.18	0	0	0	0	1	1	0	0	0	1	0	3	2	0	0
PF01712.22	0	0	0	0	0	0	0	0	1	2	0	0	1	2	0
PF02645.19	9	13	13	10	13	17	58	26	30	21	9	41	107	34	22
PF00216.24	3	8	12	14	9	18	78	16	26	25	16	40	127	13	18
PF04545.19	18	22	30	24	19	33	49	96	123	102	135	243	106	159	167
PF01832.23	2	1	3	9	2	11	5	43	72	25	62	70	16	67	70
PF00912.25	4	9	5	5	7	8	19	21	25	11	20	38	32	39	18
PF05697.16	2	10	18	28	14	32	38	30	29	13	20	34	13	34	26
PF00254.31	5	8	20	33	14	38	48	38	39	13	24	44	30	41	32
PF05698.17	3	10	23	31	14	37	40	34	28	13	15	31	21	38	27
PF03979.17	6	6	11	5	5	5	10	16	24	28	8	23	19	18	19
PF00140.23	6	9	11	8	7	10	13	17	37	31	16	31	21	26	24
PF04542.17	25	32	38	30	22	43	89	141	175	154	177	359	129	194	205
PF04539.19	14	13	17	15	8	17	35	40	56	44	25	59	37	62	45
PF01327.24	0	0	1	0	1	4	11	2	2	3	8	10	4	11	4
PF04851.18	24	29	61	34	32	61	95	274	403	195	601	717	209	400	413
PF12344.11	2	2	6	3	5	6	20	23	38	19	21	41	22	37	30
PF02151.22	3	2	9	4	7	7	24	32	58	25	30	70	30	60	49
PF07977.16	0	0	1	1	2	0	2	3	16	4	13	19	5	18	7
PF02734.20	8	9	16	17	8	16	39	12	19	19	11	12	31	11	14
PF01987.20	0	2	1	5	3	5	6	7	7	5	3	10	9	5	4
PF00265.21	1	0	0	0	2	0	1	2	3	1	8	9	1	4	5
PF03462.21	5	10	15	9	4	15	21	25	56	35	48	64	18	49	49
PF00472.23	5	10	15	9	4	15	21	28	58	35	51	75	18	49	50
PF11967.11	0	0	1	2	1	0	2	7	4	9	10	15	16	7	8
PF02565.18	0	0	1	2	1	0	2	7	4	9	11	16	16	6	8
PF00464.22	2	2	4	7	3	7	22	19	23	14	14	27	18	17	14
PF08032.15	1	2	3	2	2	2	4	11	7	9	13	19	6	7	6
PF00557.27	12	8	18	17	10	35	49	41	51	34	40	51	68	66	44
PF02603.19	3	6	3	1	3	4	6	5	3	8	5	9	19	10	7
PF07475.15	3	6	3	1	3	4	6	5	3	8	5	9	19	10	7
PF00393.22	0	0	0	0	0	1	0	0	0	2	0	0	7	2	0
PF02705.19	0	0	0	0	3	0	1	2	2	1	2	6	1	3	2
PF02588.18	5	4	6	4	2	1	14	10	15	14	9	33	28	10	18
PF00364.25	13	17	11	20	16	26	31	14	47	38	17	31	45	21	39
PF02817.20	1	1	0	0	5	7	0	2	2	2	1	3	0	3	6
PF00198.26	1	1	0	0	5	7	0	2	2	2	1	4	1	4	7
PF12706.10	5	6	7	6	4	4	27	20	23	10	18	40	26	20	13
PF17768.4	2	2	3	6	3	2	4	19	20	12	24	34	11	29	29
PF10141.12	0	0	0	0	2	0	0	2	0	1	0	0	0	0	0
PF03449.18	2	0	3	1	3	9	7	9	14	4	13	20	13	11	17
PF01272.22	2	0	4	1	3	9	7	7	14	4	13	20	13	11	16
PF13518.9	0	3	0	2	10	2	6	21	44	4	28	13	31	36	22
PF00676.23	8	10	1	1	5	3	1	0	0	6	2	3	8	6	4
PF02901.18	224	307	152	177	85	186	733	109	124	201	34	53	1018	74	72
PF01228.24	241	329	150	177	87	198	834	113	136	231	37	59	1468	76	75
PF06071.16	2	2	1	5	6	5	10	7	23	10	21	22	17	15	25
PF00694.22	7	7	6	6	5	8	42	20	21	25	10	20	58	37	25
PF00579.28	4	9	6	8	6	10	27	27	42	20	41	60	34	49	45
PF00343.23	15	28	17	37	13	41	121	54	86	37	50	92	207	60	71
PF00854.24	2	0	0	0	2	8	4	6	14	1	18	28	8	17	15
PF01654.20	0	0	1	0	0	0	0	2	4	4	6	11	10	3	4
PF00149.31	5	6	9	17	6	19	84	52	75	56	116	222	94	105	92
PF14437.9	0	1	0	0	3	1	3	3	2	1	1	6	4	6	4
PF02746.19	2	0	1	0	0	0	1	2	4	5	2	14	4	3	5
PF13378.9	2	0	2	0	0	0	3	2	7	5	4	20	4	5	7
PF00378.23	25	27	20	12	6	21	150	25	31	36	12	15	46	17	15
PF13302.10	1	5	3	2	5	6	52	62	62	40	73	106	78	60	68
PF00710.23	2	1	1	1	2	0	3	4	9	4	4	5	4	9	2
PF17763.4	2	1	1	1	2	0	3	4	9	4	4	5	4	9	2
PF00772.24	3	3	4	4	4	5	23	12	21	19	27	50	24	21	20
PF03796.18	3	3	4	4	4	4	24	13	22	26	44	61	24	21	19
PF16555.8	0	0	0	0	0	0	0	0	0	1	0	1	0	0	0
PF04760.18	15	17	18	27	13	67	57	65	79	71	69	169	113	86	100
PF11987.11	9	10	11	15	9	38	32	38	55	42	48	110	59	58	65
PF08545.13	1	1	1	0	1	3	4	7	7	8	6	20	6	14	13
PF08541.13	1	0	1	0	1	3	3	7	7	6	6	21	5	14	10
PF00289.25	1	1	2	2	4	1	5	3	4	3	6	7	2	6	5
PF02786.20	7	13	12	24	15	21	147	105	127	83	95	222	108	161	144
PF02785.22	1	1	2	2	4	1	5	3	4	3	6	7	2	6	5
PF03255.17	0	1	2	1	1	0	3	4	12	6	3	8	10	17	10
PF00581.23	3	1	0	0	0	1	4	4	8	6	14	14	6	9	11
PF02583.20	1	0	1	1	0	1	5	1	8	2	0	2	1	2	1
PF09334.14	25	33	29	28	34	52	91	64	131	76	114	142	142	141	124
PF19303.2	4	5	4	3	11	7	25	16	37	24	36	43	33	41	33
PF13561.9	5	12	17	18	9	20	92	30	47	36	50	76	99	61	53
PF01960.21	0	0	1	6	1	1	0	8	6	2	4	15	2	14	8
PF00202.24	3	14	4	4	2	6	21	17	13	17	26	34	12	28	20
PF14622.9	0	2	0	1	0	0	6	8	3	2	6	7	7	15	9
PF00035.29	0	2	0	1	0	0	6	8	3	2	6	7	7	15	9
PF00884.26	6	7	11	12	7	7	10	21	41	33	32	83	47	84	82
PF00324.24	0	0	0	0	2	0	0	0	0	4	1	0	2	1	2
PF13793.9	4	2	12	10	7	8	34	12	15	11	12	27	62	28	24
PF14572.9	3	0	9	5	7	6	20	4	9	7	5	23	26	16	17
PF13603.9	10	16	14	10	8	21	39	24	56	37	58	77	61	71	68
PF00232.21	2	5	8	12	19	41	66	24	31	14	16	25	19	23	18
PF03315.18	0	0	0	1	1	1	1	0	6	5	18	15	3	4	5
PF01842.28	3	1	3	8	3	10	16	17	21	15	13	24	22	22	26
PF00403.29	10	7	10	4	23	10	28	31	47	21	49	57	26	55	66
PF03054.19	0	2	4	0	2	0	16	16	17	11	16	35	19	18	20
PF20259.1	0	1	2	0	0	0	13	9	12	3	9	21	10	8	12
PF20258.1	0	1	2	0	0	0	10	9	10	3	7	18	10	9	12
PF01541.27	1	0	4	1	5	4	9	17	28	7	22	47	8	29	24
PF08459.14	1	0	3	1	4	4	4	17	27	7	20	44	8	29	24
PF00763.26	5	3	4	1	4	5	8	8	5	7	2	10	9	10	3
PF02882.22	5	3	4	1	4	5	8	8	5	7	2	10	9	10	3
PF13742.9	2	0	1	2	2	2	18	9	5	7	9	12	11	10	5
PF02601.18	2	0	1	2	2	4	27	15	8	7	10	16	16	11	7
PF01728.22	1	1	3	3	2	1	3	13	3	4	2	8	11	6	7
PF03793.22	6	12	16	15	0	21	23	70	53	121	42	98	48	90	83
PF01245.23	8	7	16	9	13	12	55	18	21	16	12	19	22	23	10
PF01883.22	0	0	0	0	0	1	0	4	1	2	5	8	5	3	6
PF07730.16	0	3	0	1	3	1	2	9	10	6	9	21	7	13	7
PF00390.22	3	1	7	5	0	6	11	12	14	8	9	15	14	16	14
PF03949.18	4	1	5	4	0	5	10	12	12	8	8	15	13	16	14
PF03390.18	0	1	0	0	0	0	0	0	0	2	0	2	0	0	0
PF00204.28	4	5	13	14	4	13	35	55	78	53	73	108	48	72	57
PF00986.24	4	5	13	14	4	12	35	54	76	48	67	103	48	66	54
PF04464.17	0	1	14	4	3	1	13	6	7	4	4	7	17	14	13
PF12674.10	0	0	0	1	0	0	1	3	2	3	6	15	20	2	6
PF01048.23	12	14	5	12	6	22	28	27	39	22	35	70	46	35	58
PF00877.22	15	12	26	23	11	47	77	120	147	113	224	281	186	140	166
PF08206.14	1	0	8	4	3	3	10	16	17	9	8	15	11	20	20
PF17876.4	2	0	9	5	4	3	15	20	21	10	20	31	11	27	22
PF00773.22	2	0	9	6	4	3	15	21	22	10	21	31	13	27	22
PF00510.21	0	0	0	0	0	0	0	0	0	0	1	0	0	0	0
PF01266.27	8	5	11	3	6	21	16	8	15	24	22	25	10	19	9
PF16901.8	0	0	0	0	0	1	0	0	0	0	4	0	0	1	1
PF03600.19	2	1	1	0	0	0	3	3	4	2	10	19	9	11	11
PF03211.16	0	0	0	0	0	0	0	0	0	0	0	0	0	0	0
PF07715.18	5	17	30	14	26	51	58	117	263	189	390	643	133	218	236
PF00593.27	4	17	25	8	22	42	27	92	198	133	321	525	85	153	169
PF01142.21	0	0	0	0	0	0	0	0	0	0	0	0	0	0	2
PF02787.22	3	6	5	11	6	10	69	51	61	40	44	107	53	77	69
PF02142.25	5	9	11	14	10	15	89	56	71	44	55	122	91	90	78
PF10091.12	0	0	0	0	2	0	3	0	2	3	3	6	2	2	3
PF06165.14	1	3	0	0	6	2	41	40	62	18	20	59	21	26	37
PF17167.7	1	3	0	0	5	3	51	43	75	15	17	55	23	25	36
PF01546.31	18	11	18	15	11	31	35	25	45	59	55	93	38	55	66
PF07687.17	14	9	14	9	5	11	25	18	38	49	42	74	29	35	52
PF04956.16	0	0	0	0	0	0	0	0	0	0	0	0	0	0	1
PF03840.17	0	1	4	3	3	5	18	2	3	2	4	2	86	3	6
PF00873.22	3	5	12	3	4	14	23	60	79	42	119	180	71	119	94
PF05134.16	0	0	0	1	0	0	0	0	0	0	0	0	0	1	0
PF00293.31	8	2	7	6	4	11	52	38	42	36	29	74	95	51	51
PF13857.9	0	0	1	1	1	2	31	6	5	2	2	4	0	2	2
PF12796.10	0	5	5	1	1	4	37	11	21	7	11	6	1	6	4
PF16957.8	0	0	0	0	0	0	1	0	0	3	1	0	0	0	0
PF00775.24	0	0	0	0	0	0	0	0	1	0	0	2	0	0	0
PF00361.23	2	1	1	1	6	6	37	37	49	20	24	65	97	62	61
PF07859.16	1	1	2	2	0	2	6	8	12	4	8	13	7	11	9
PF00730.28	0	2	4	2	0	1	20	18	7	13	8	31	38	27	20
PF00633.26	0	2	3	0	0	0	17	14	6	10	6	31	28	19	12
PF00437.23	2	0	3	5	2	9	15	25	29	9	15	35	28	37	31
PF14890.9	0	0	0	0	2	0	0	2	6	1	5	4	5	2	1
PF14528.9	0	0	0	0	1	0	0	12	29	12	33	53	8	14	8
PF00903.28	0	2	0	1	0	3	0	4	3	4	5	4	7	2	5
PF05954.14	0	0	0	0	0	1	2	19	18	7	17	19	7	33	14
PF04717.15	0	0	0	0	0	0	0	5	3	2	2	8	0	7	0
PF10106.12	0	0	0	0	0	1	0	1	0	1	1	0	6	1	0
PF20071.2	5816	4373	7686	2926	10787	8986	1768	7579	3994	11792	4448	1179	903	4852	3827
PF05232.15	0	0	0	0	0	0	0	2	0	0	0	0	0	0	0
PF00115.23	0	0	0	0	0	1	0	2	1	1	1	3	0	3	3
PF13411.9	12	14	13	13	9	15	41	43	57	43	90	122	72	57	80
PF07739.16	0	2	0	4	2	0	8	14	11	7	12	29	12	14	4
PF01791.12	2	5	4	1	4	6	7	4	18	14	12	15	12	15	7
PF01156.22	0	1	2	1	0	3	3	1	3	14	0	4	16	9	2
PF00239.24	244	326	252	145	165	296	461	960	1207	1318	1721	2525	812	1398	1488
PF07508.16	254	339	276	149	169	304	456	1008	1321	1433	1849	2741	812	1524	1628
PF13408.9	248	329	261	148	166	309	441	914	1209	1360	1696	2565	769	1358	1422
PF14287.9	198	291	231	113	138	273	348	608	843	1152	1275	1918	666	1003	996
PF20188.1	0	0	0	0	0	0	0	0	13	9	18	19	1	9	7
PF02195.21	4	3	3	5	16	7	19	149	234	193	312	542	134	285	255
PF03432.17	2	1	6	5	11	8	32	288	354	414	602	976	168	419	471
PF13443.9	4	8	11	4	3	6	33	27	44	26	46	58	38	41	58
PF13154.9	0	0	3	2	2	3	1	29	35	39	68	123	8	56	100
PF13155.9	5	6	10	7	7	17	12	50	75	68	119	208	29	93	120
PF19044.3	1	0	1	0	7	2	10	118	178	162	294	487	40	242	250
PF02534.17	3	0	2	2	15	0	13	149	248	206	373	516	50	254	323
PF06970.14	0	0	0	0	5	0	6	58	100	105	161	257	26	90	112
PF19481.2	0	0	1	0	4	0	8	84	103	124	206	287	60	132	156
PF00389.33	12	10	5	14	6	10	57	30	27	32	23	46	76	49	30
PF02826.22	12	10	6	15	6	10	57	31	30	33	23	49	79	51	36
PF13610.9	2	3	1	0	15	1	8	5	12	2	5	5	14	4	18
PF02913.22	5	6	2	1	3	1	5	5	5	1	5	1	1	1	4
PF00561.23	0	4	4	3	1	4	20	9	25	45	57	83	8	26	38
PF00535.29	20	14	28	29	18	37	181	195	196	88	146	308	358	269	234
PF13018.9	0	0	0	0	0	0	0	1	0	0	1	0	0	0	1
PF05860.16	0	0	0	0	0	0	0	1	0	1	0	1	0	0	2
PF05594.17	0	0	0	0	0	0	0	0	0	13	0	0	0	0	2
PF13332.9	0	0	0	0	0	0	0	0	0	2	0	0	0	0	1
PF03543.17	0	0	0	0	0	0	0	0	0	0	0	0	0	0	1
PF01281.22	0	2	3	0	1	5	6	8	8	3	6	7	7	2	9
PF03948.17	0	2	3	0	1	5	6	8	8	3	6	7	7	2	9
PF00668.23	6	3	0	4	0	4	10	21	20	21	19	50	30	26	24
PF00501.31	19	12	16	12	5	29	63	90	78	52	73	165	63	89	80
PF13193.9	11	5	5	5	1	9	28	40	35	23	33	69	29	34	34
PF00550.28	7	9	4	8	2	20	32	35	43	24	30	70	60	29	30
PF00975.23	0	0	0	1	0	0	1	1	1	0	4	1	0	2	3
PF01807.23	5	6	8	5	9	13	13	59	101	65	132	190	32	106	89
PF08275.14	5	6	8	5	5	13	11	16	25	18	27	35	22	29	18
PF10410.12	5	6	8	5	4	13	9	15	25	18	25	35	22	28	18
PF02661.21	8	6	4	7	4	14	32	37	41	38	86	120	53	36	53
PF00756.23	1	2	1	2	3	0	26	8	22	19	14	19	37	24	22
PF16296.8	0	0	0	0	0	0	0	0	0	0	0	0	0	0	0
PF13579.9	0	0	0	0	0	0	0	2	0	1	2	1	0	4	2
PF13692.9	0	1	4	4	1	4	7	20	10	2	13	21	16	22	20
PF01979.23	6	16	23	20	12	36	46	39	58	39	50	101	71	80	63
PF19516.2	0	0	0	0	0	0	0	0	0	0	0	0	0	0	0
PF02502.21	1	1	2	3	0	1	18	3	7	7	3	12	19	13	12
PF13247.9	0	2	1	0	1	1	0	0	1	1	1	1	3	0	1
PF14711.9	0	0	0	0	0	0	0	0	0	0	0	0	1	0	0
PF00899.24	0	1	1	3	0	2	7	9	16	6	15	21	22	12	23
PF09508.13	10	16	6	13	4	21	23	22	17	17	13	30	44	24	25
PF17385.5	10	16	6	13	4	21	23	22	17	17	13	30	44	24	25
PF17386.5	10	16	6	13	4	21	23	22	17	17	13	30	44	24	25
PF11296.11	0	0	0	0	0	0	0	0	0	0	0	0	0	0	1
PF12262.11	0	0	0	0	0	0	0	0	0	0	0	0	0	0	2
PF03403.16	0	0	0	0	0	0	0	1	0	0	0	1	0	3	5
PF04748.16	0	0	0	0	0	0	0	0	0	0	0	0	0	1	0
PF03059.19	0	0	0	0	0	0	0	0	0	0	0	2	0	0	0
PF00672.28	90	97	89	61	28	101	330	263	288	275	267	447	366	304	362
PF13426.10	3	7	3	2	3	3	5	6	8	1	17	14	0	20	7
PF00989.28	2	2	5	2	3	2	6	8	7	14	19	21	5	10	12
PF05763.15	0	0	0	0	0	0	0	0	2	0	0	0	0	0	2
PF09406.13	0	0	0	0	0	0	1	0	0	0	1	0	0	0	0
PF14690.9	2	5	4	3	2	3	4	5	3	7	6	9	10	11	11
PF01610.20	9	10	6	6	3	10	10	51	43	63	83	162	30	45	44
PF02357.22	13	14	34	22	24	26	58	20	25	19	23	23	28	18	21
PF00467.32	5	4	14	11	9	28	37	19	39	28	15	19	18	11	13
PF05222.18	0	3	5	6	2	4	10	6	10	9	4	9	11	5	5
PF01262.24	0	3	5	6	2	4	10	6	10	9	4	9	11	5	5
PF01312.22	4	2	7	9	0	3	21	14	11	13	2	8	35	14	12
PF08207.15	8	8	10	11	9	12	91	20	24	20	11	19	87	18	10
PF01132.23	8	8	10	11	9	12	91	20	24	20	11	19	87	18	10
PF09285.14	8	8	10	11	9	12	91	20	24	20	11	19	87	18	10
PF02915.20	29	47	77	54	44	93	308	42	58	89	47	42	188	34	31
PF03952.19	2	6	19	12	27	28	98	29	60	48	27	39	67	38	36
PF00113.25	2	6	19	12	27	29	98	33	63	49	28	49	67	42	38
PF01391.21	0	8	4	0	0	0	22	12	6	31	6	20	31	13	12
PF12846.10	0	0	2	0	2	0	0	12	16	30	31	59	6	31	32
PF02447.19	2	6	1	1	0	2	10	1	11	7	5	7	33	1	6
PF11741.11	0	0	0	0	0	0	0	0	2	0	3	0	0	0	0
PF01520.21	3	5	6	12	4	15	12	41	35	20	17	69	12	31	21
PF01346.21	0	0	0	0	0	1	0	0	0	2	6	6	2	1	2
PF04392.15	1	1	1	0	1	2	16	4	13	5	3	6	22	5	4
PF01743.23	1	3	4	4	0	3	8	13	13	9	10	26	7	19	18
PF02367.20	2	0	0	0	0	0	1	1	1	1	4	8	7	10	4
PF06207.14	0	4	3	4	1	2	0	2	3	1	1	0	2	3	2
PF02812.21	85	65	39	30	29	54	214	51	92	148	67	57	196	55	64
PF00208.24	85	65	39	30	29	54	214	51	93	148	67	57	198	55	64
PF02597.23	1	0	0	0	0	1	0	1	1	0	0	1	0	1	2
PF02391.20	0	0	0	0	0	0	0	0	0	0	0	0	0	1	0
PF03485.19	6	3	3	3	1	6	11	12	26	13	21	26	19	26	34
PF00750.22	6	3	3	3	1	6	11	12	26	13	23	27	19	26	35
PF05746.18	6	3	3	4	1	6	12	12	26	13	23	28	19	26	34
PF06689.16	8	5	11	16	7	9	27	19	21	30	13	38	62	30	31
PF18008.4	0	0	0	0	0	0	0	0	0	2	0	0	0	0	0
PF04394.17	0	0	0	0	0	0	0	0	0	1	0	0	0	0	0
PF00861.25	14	8	27	25	4	38	45	51	51	39	15	22	42	27	23
PF01384.23	0	0	0	0	0	0	0	2	12	9	31	62	0	18	14
PF06834.14	0	0	0	0	0	0	0	0	0	0	0	1	0	0	1
PF00625.24	1	2	4	4	1	5	4	6	4	4	10	12	12	9	13
PF01293.23	109	146	162	167	66	225	621	105	153	279	91	95	1035	88	89
PF03734.17	7	4	8	9	4	23	15	20	22	9	20	22	25	36	28
PF02670.19	1	2	4	0	0	2	3	6	12	9	6	9	13	7	13
PF08436.15	1	2	4	0	0	2	3	6	12	9	6	9	13	7	13
PF13288.9	1	2	4	0	0	2	3	6	12	9	6	9	13	7	13
PF08503.13	0	0	1	0	1	0	0	0	0	0	0	1	2	1	1
PF14602.9	1	3	1	1	1	3	9	10	11	11	20	19	26	26	15
PF14493.9	0	0	0	0	0	0	0	2	4	3	9	11	3	3	4
PF12323.11	0	0	0	1	0	0	47	1	2	24	21	36	2	3	2
PF01385.22	0	0	1	0	1	0	52	6	9	24	19	44	2	3	4
PF07282.14	3	2	7	8	1	5	51	12	9	26	21	52	11	6	3
PF13565.9	3	8	0	0	0	1	7	8	11	6	24	14	43	8	24
PF13439.9	2	2	7	7	4	3	14	56	39	28	53	94	44	87	70
PF00534.23	18	22	26	34	28	47	180	119	93	72	90	187	256	168	138
PF13156.9	0	0	0	0	0	0	0	2	1	0	2	1	0	1	0
PF02384.19	7	13	13	14	10	18	56	90	111	137	237	385	152	160	161
PF18135.4	0	1	0	0	0	2	0	0	1	0	2	2	0	1	0
PF13403.9	0	0	0	0	1	0	0	17	27	3	10	18	1	35	27
PF19514.2	1	0	0	0	0	0	1	26	22	39	48	83	7	30	28
PF01784.21	0	0	1	0	0	2	1	2	2	0	3	8	5	5	4
PF16575.8	0	0	0	0	0	0	0	0	0	0	1	0	0	0	0
PF01012.24	90	126	107	99	40	154	768	102	118	163	56	64	408	64	65
PF00766.22	49	79	71	68	34	110	390	64	68	95	47	47	278	46	44
PF00459.28	0	0	1	0	0	0	0	8	3	2	3	11	8	5	11
PF03167.22	0	1	4	2	1	8	8	8	11	3	17	17	17	20	13
PF00251.23	2	3	11	6	11	5	92	25	25	22	47	62	59	32	33
PF00834.22	2	3	1	0	0	1	5	10	8	2	8	20	13	8	6
PF06390.15	0	0	0	0	0	0	0	0	0	0	0	1	0	0	0
PF18269.4	8	5	14	11	3	11	27	13	23	15	9	18	31	24	18
PF04860.15	0	0	0	0	0	0	1	36	42	20	49	44	8	47	53
PF04650.20	0	1	3	1	4	10	0	0	0	28	1	1	18	0	1
PF17965.4	0	7	27	0	54	49	0	0	0	92	0	7	0	0	0
PF17966.4	0	12	36	4	56	70	0	0	0	143	0	9	32	0	0
PF00746.24	5	8	52	39	25	56	11	30	27	116	53	108	61	55	54
PF07554.16	45	107	297	105	114	220	202	38	50	252	28	9	513	71	109
PF07564.14	0	0	0	0	0	3	33	2	0	1014	3	0	33	0	0
PF01468.20	0	0	0	0	0	1	2	0	0	77	1	0	2	0	0
PF20585.1	0	0	0	0	0	0	0	0	0	3	0	0	4	0	0
PF18957.3	0	1	1	3	7	10	0	0	0	2	0	0	3	0	0
PF08428.13	0	7	3	10	22	31	0	0	0	19	0	0	24	0	0
PF01719.20	0	0	0	0	0	0	1	2	0	1	3	1	2	0	0
PF00910.25	0	0	0	0	0	0	0	1	0	1	5	1	2	0	0
PF13102.9	1	3	10	6	6	7	12	57	85	111	188	335	36	133	108
PF00027.32	4	6	5	1	1	6	19	21	21	12	31	44	27	33	19
PF00578.24	2	1	4	4	2	2	4	5	14	18	16	21	23	10	12
PF00253.24	5	6	12	9	1	18	50	14	15	11	8	8	28	4	6
PF18076.4	0	0	0	0	0	0	0	1	0	0	1	2	0	1	0
PF12557.11	0	0	0	0	0	0	0	0	1	0	0	0	0	0	0
PF02572.18	1	0	0	0	0	4	6	2	3	2	1	3	6	2	7
PF04313.17	9	10	7	8	2	15	60	61	83	51	184	146	136	122	117
PF18766.4	8	8	7	8	2	13	58	65	87	55	187	162	136	121	120
PF11867.11	5	3	4	5	0	2	36	24	21	31	64	66	49	38	45
PF13491.9	2	2	3	3	0	4	5	10	14	7	12	23	18	18	14
PF17854.4	2	3	4	5	3	7	14	20	30	13	25	42	27	31	20
PF01580.21	2	3	5	11	5	11	22	43	57	76	74	174	51	72	43
PF09397.13	2	3	4	5	3	7	14	19	29	11	23	42	26	29	18
PF13631.9	0	0	0	0	0	0	0	0	0	0	0	0	0	1	0
PF05223.14	1	0	0	1	0	0	1	4	6	0	0	4	0	3	6
PF00892.23	12	0	3	8	1	7	16	47	57	33	72	114	73	81	115
PF00353.22	0	0	0	0	0	0	0	0	8	0	26	120	0	15	47
PF01850.24	4	2	0	1	2	3	9	5	6	3	2	4	5	0	6
PF00148.22	0	0	0	0	0	0	0	0	0	0	6	1	0	1	0
PF08369.13	0	0	0	0	0	0	0	0	0	0	1	0	0	0	0
PF13435.9	0	0	0	0	0	0	0	0	0	0	0	2	0	3	1
PF13447.9	0	0	0	0	0	0	0	0	0	0	0	1	0	0	0
PF01957.21	5	4	1	9	1	4	15	4	3	7	3	10	25	5	1
PF13187.9	9	8	16	5	5	18	151	32	35	28	22	38	262	36	43
PF02662.19	4	1	2	3	1	4	1	0	0	3	1	1	3	1	2
PF01584.22	48	81	51	51	33	108	257	100	97	119	39	68	372	65	57
PF17293.5	0	0	0	0	2	0	0	26	32	42	97	168	3	59	49
PF09820.12	26	19	19	15	4	38	74	72	49	56	34	61	121	104	83
PF08011.14	22	15	17	14	3	38	67	66	41	47	31	57	99	95	69
PF13676.9	1	1	0	0	2	1	4	4	3	2	17	2	3	2	5
PF13310.9	0	5	5	6	1	5	14	18	43	19	47	91	34	34	71
PF13472.9	2	5	15	10	2	13	34	45	42	24	17	58	51	69	50
PF02706.18	1	0	2	2	1	1	4	3	3	0	1	11	6	8	5
PF13807.9	0	1	2	0	2	2	1	2	2	1	9	15	0	6	5
PF13614.9	7	9	6	5	6	10	34	69	120	133	138	249	59	109	123
PF13715.9	6	18	31	15	23	52	60	106	246	177	346	562	136	200	217
PF06305.14	0	0	0	0	0	0	0	0	0	1	0	0	0	1	0
PF07219.16	0	0	0	0	0	0	0	0	0	0	0	0	0	1	0
PF14559.9	7	2	20	6	9	7	11	15	23	31	15	34	19	19	21
PF13432.9	5	11	13	7	4	12	20	33	46	49	48	144	17	67	64
PF01713.24	3	2	4	7	0	2	6	21	23	19	23	41	30	25	28
PF02743.21	18	29	13	13	4	16	49	83	66	50	20	75	61	75	70
PF13675.9	0	0	0	0	0	0	0	0	0	0	0	1	0	1	0
PF01636.26	6	9	7	8	2	11	20	15	16	20	24	28	34	32	19
PF13524.9	0	1	1	4	1	2	4	13	3	1	10	5	17	13	5
PF05050.15	0	0	1	0	0	0	2	2	8	4	4	4	5	10	8
PF05067.15	2	1	3	2	1	0	14	2	3	2	10	1	7	5	4
PF13679.9	0	0	0	2	1	1	2	0	3	3	0	1	4	5	3
PF08298.14	0	0	0	1	0	1	1	0	0	0	1	0	0	0	0
PF06798.15	0	0	0	1	0	1	1	0	0	0	1	0	0	0	0
PF02254.21	5	6	10	6	0	6	39	15	39	22	37	30	28	28	36
PF13549.9	0	0	0	0	0	0	0	0	0	0	0	2	0	1	2
PF01555.21	0	1	2	0	1	4	14	65	93	58	142	179	25	98	89
PF18755.4	0	0	0	0	0	0	0	0	0	0	0	1	1	4	1
PF02515.20	0	1	0	0	0	1	0	3	5	8	1	6	1	7	7
PF00482.26	6	2	5	4	2	6	45	18	16	12	7	24	60	26	27
PF16586.8	0	0	0	0	0	0	2	3	3	2	1	4	4	6	3
PF12904.10	0	0	0	0	0	1	0	2	0	0	1	2	0	0	1
PF16886.8	44	24	30	44	12	41	52	20	27	34	23	30	68	28	23
PF00731.23	1	2	1	2	2	1	4	5	5	9	7	10	6	10	10
PF01909.26	2	0	1	0	0	4	11	11	16	7	35	27	15	18	9
PF20129.2	0	0	0	0	0	0	0	0	0	1	0	0	0	0	0
PF02699.18	2	3	4	6	3	7	11	4	5	6	3	5	79	9	4
PF02618.19	0	1	17	3	49	15	2	5	13	21	9	17	10	27	20
PF07883.14	3	2	4	3	4	2	20	25	16	16	34	47	48	41	36
PF02129.21	2	1	14	2	2	3	7	4	9	4	15	11	7	19	16
PF08530.13	2	1	14	2	2	3	5	0	1	2	4	2	1	11	6
PF16640.8	1	2	1	0	0	0	0	4	1	3	9	6	0	8	7
PF13185.9	0	0	1	0	0	1	1	3	0	1	5	0	1	8	7
PF00990.24	17	28	25	14	7	35	207	132	155	62	69	173	261	129	109
PF01121.23	1	0	1	1	1	12	3	5	5	4	6	7	4	13	8
PF13414.9	0	0	0	2	0	2	2	8	16	9	14	19	3	9	17
PF13181.9	7	9	14	6	5	12	30	49	56	34	58	108	51	59	62
PF00515.31	0	0	0	2	1	2	0	5	15	6	17	32	1	13	16
PF00685.30	0	0	0	0	0	0	0	0	1	0	0	1	0	0	0
PF00308.21	2	3	4	0	0	2	23	12	17	16	20	26	26	12	17
PF08299.14	2	3	4	0	0	2	23	12	17	16	20	26	26	12	16
PF03838.17	0	0	0	0	1	2	0	4	6	2	2	4	1	4	3
PF07261.14	2	4	2	10	2	9	25	14	9	7	2	12	35	10	8
PF05025.16	1	2	0	1	2	4	3	2	1	1	1	1	5	0	0
PF01820.24	2	2	3	0	0	3	14	14	17	8	15	34	5	17	15
PF07478.16	3	2	3	0	0	3	14	14	16	8	16	35	5	20	16
PF00311.20	0	0	0	0	0	0	0	0	2	1	0	3	1	1	1
PF02092.20	0	0	0	1	0	0	1	0	0	2	1	1	6	0	1
PF01165.23	24	30	40	37	13	50	225	21	15	19	13	9	192	8	13
PF07702.16	1	1	3	2	6	6	9	1	4	17	8	6	12	1	6
PF00908.20	0	2	0	0	0	3	4	3	5	5	3	7	4	4	1
PF13450.9	7	2	3	2	0	2	10	18	11	7	2	23	12	26	12
PF03275.16	3	1	2	2	0	2	8	7	7	5	2	12	8	11	5
PF01451.24	1	2	0	1	1	4	3	5	6	2	6	11	1	12	13
PF00312.25	9	6	9	4	2	13	57	12	17	15	17	16	70	18	16
PF01649.21	2	4	1	7	2	9	52	5	12	7	7	5	87	8	5
PF03602.18	0	0	1	0	0	3	5	3	3	2	2	5	13	4	4
PF14490.9	3	6	2	3	0	2	10	18	18	13	16	24	10	32	21
PF13604.9	3	6	2	3	0	2	12	23	21	14	24	33	20	35	25
PF18335.4	3	6	2	3	0	2	9	17	16	12	16	23	9	26	17
PF13538.9	3	6	4	4	1	2	16	26	34	22	38	48	28	56	47
PF17774.4	0	2	0	1	0	0	5	3	3	5	0	6	8	5	6
PF02325.20	0	0	0	0	0	0	0	0	0	2	0	0	2	0	0
PF04472.15	0	2	2	1	3	3	19	11	6	5	6	3	18	6	1
PF02491.23	0	0	1	0	0	1	0	2	3	4	6	5	1	2	3
PF14450.9	5	6	4	4	1	15	5	14	13	14	12	21	21	9	15
PF01795.22	3	12	18	14	11	15	23	11	22	20	9	17	30	9	6
PF02381.21	16	8	20	12	22	20	40	8	22	4	8	16	80	12	12
PF04085.17	1	1	4	4	2	3	9	3	8	4	3	9	14	11	7
PF06723.16	5	11	8	11	5	5	53	15	23	22	15	43	61	30	18
PF06160.15	0	0	2	0	3	3	14	1	2	0	3	0	3	0	0
PF01809.21	0	0	0	0	0	0	1	0	0	0	0	3	13	1	1
PF02823.19	1	2	3	2	3	7	12	2	7	12	5	3	10	2	8
PF00401.23	1	2	2	2	3	7	12	2	6	12	3	3	11	2	7
PF00231.22	19	24	25	18	5	27	51	24	36	28	18	18	41	15	19
PF00430.21	5	9	9	5	8	11	48	17	14	19	4	5	38	11	9
PF00137.24	16	21	12	17	7	19	73	8	7	24	9	5	221	8	18
PF13630.9	3	3	4	3	0	2	53	5	16	3	9	11	35	2	4
PF07963.15	0	0	1	0	0	0	86	28	22	6	16	25	577	63	48
PF02878.19	20	32	36	21	43	59	100	37	66	76	42	82	107	54	64
PF02879.19	20	32	36	21	43	59	100	37	67	76	41	81	107	54	64
PF02880.19	20	32	36	21	43	59	100	37	67	76	41	81	107	54	64
PF00408.23	16	22	32	12	43	42	66	28	49	47	32	57	53	37	41
PF19293.2	4	1	3	1	5	6	12	10	7	1	8	9	7	11	7
PF02457.19	4	1	3	1	5	6	12	10	7	1	8	9	7	11	7
PF12974.10	0	2	0	1	0	2	1	0	0	0	1	0	2	1	1
PF01515.22	8	10	13	11	7	18	57	21	33	26	20	46	75	13	15
PF00121.21	30	42	37	33	18	49	128	28	38	34	16	19	108	26	15
PF00044.27	231	290	245	277	107	310	2037	156	204	305	109	77	1891	105	100
PF02800.23	232	292	247	277	108	312	1991	156	205	306	109	78	1905	105	100
PF04198.16	0	0	0	0	0	1	4	4	1	4	1	1	2	0	4
PF00574.26	2	6	7	4	3	5	15	40	60	25	60	87	49	50	50
PF10298.12	1	6	4	4	6	3	8	10	4	9	6	11	13	2	9
PF14527.9	1	6	4	4	6	3	9	10	6	11	7	12	14	5	10
PF02650.17	1	6	4	4	6	3	9	10	6	11	7	12	14	5	10
PF01933.21	0	0	0	0	0	0	1	0	1	2	0	3	0	0	2
PF03668.18	1	1	2	0	2	1	7	11	10	7	14	20	21	10	7
PF03729.16	0	0	0	0	0	4	30	3	8	6	11	10	37	28	11
PF02482.22	30	25	19	19	16	27	156	12	20	49	11	9	129	10	18
PF16321.8	30	25	18	19	16	26	152	12	16	46	7	8	128	7	13
PF06619.14	0	0	0	0	0	0	0	0	0	0	0	0	0	0	0
PF03829.16	0	0	0	0	0	0	1	0	0	1	0	0	1	1	0
PF13743.9	0	0	0	0	0	0	1	0	0	2	0	0	6	0	0
PF05389.15	3	6	1	2	2	14	44	9	11	10	9	11	79	12	7
PF00381.22	15	22	16	8	7	19	87	16	25	28	12	13	757	14	20
PF08860.13	0	0	0	0	0	0	0	0	0	0	0	0	2	0	0
PF06014.14	0	0	0	0	0	0	0	0	0	0	0	0	0	0	0
PF01638.20	4	3	3	4	2	3	17	14	36	23	55	74	26	51	72
PF00453.21	3	6	7	5	1	13	32	13	21	12	13	19	34	11	13
PF01632.22	2	4	5	3	3	6	19	8	10	10	7	13	18	14	9
PF05198.19	2	2	8	8	2	15	14	11	10	13	11	16	15	12	11
PF00707.25	2	2	8	8	2	15	14	11	10	13	11	16	15	12	11
PF14794.9	0	0	0	0	0	0	0	0	0	1	0	0	1	0	0
PF01230.26	0	3	2	1	1	1	14	6	6	10	2	7	15	9	7
PF12732.10	0	0	0	0	0	0	0	0	0	0	0	0	0	0	1
PF13616.9	0	1	2	0	2	4	7	7	16	3	14	21	11	5	14
PF13514.9	0	2	1	0	1	0	0	3	2	1	1	0	0	0	0
PF06133.14	0	0	0	0	0	0	1	2	2	4	0	0	2	1	0
PF03217.17	0	0	0	0	0	0	0	0	0	1	1	0	0	0	0
PF00294.27	16	9	31	22	21	37	142	56	59	60	39	102	200	89	70
PF00781.27	3	1	2	1	2	4	7	7	4	4	5	14	19	12	7
PF19279.2	3	1	2	1	1	2	4	5	2	2	3	13	6	9	5
PF07537.14	0	0	1	0	0	0	1	2	0	3	1	1	0	0	0
PF01653.21	4	4	4	3	3	8	8	29	25	20	20	42	23	51	32
PF03120.19	4	4	3	3	3	8	8	29	25	20	19	42	22	49	32
PF03119.19	3	1	2	3	3	6	2	13	9	13	7	9	11	15	8
PF12826.10	4	4	4	4	4	12	8	36	43	20	30	55	22	52	34
PF00533.29	4	4	3	3	3	8	8	29	25	20	19	41	22	50	32
PF11148.11	0	0	0	0	0	0	0	0	0	0	0	0	1	0	0
PF03176.18	0	0	2	0	2	4	8	48	72	34	69	125	34	82	84
PF13416.9	67	180	157	232	58	187	627	190	222	146	78	232	1238	221	209
PF13245.9	1	1	6	2	1	0	6	5	16	10	20	18	13	30	29
PF04131.17	3	5	2	2	2	7	0	4	5	1	0	2	1	0	2
PF03372.26	2	1	2	2	3	4	8	6	12	16	19	27	9	9	13
PF13425.9	0	0	0	0	0	0	1	0	2	3	1	1	4	2	2
PF07972.14	0	0	0	0	0	0	0	0	0	0	0	0	2	0	0
PF00950.20	0	0	1	1	0	1	0	2	4	2	3	5	6	4	6
PF04138.17	2	1	0	1	0	1	4	6	6	3	1	10	14	4	7
PF02527.18	0	0	0	0	1	1	4	5	5	0	3	6	4	2	10
PF02674.19	0	0	3	0	0	0	5	1	7	0	3	4	9	4	4
PF03358.18	3	3	8	3	2	4	17	36	33	34	56	118	34	63	58
PF03123.18	1	1	1	0	0	4	8	4	2	4	0	1	34	5	5
PF00874.23	3	4	9	4	4	28	32	16	6	12	10	9	73	11	13
PF08244.15	2	3	10	6	11	4	87	22	16	9	21	31	33	24	17
PF07685.17	0	0	1	2	1	6	3	17	20	11	33	41	4	44	35
PF06115.14	0	0	1	0	2	0	9	0	0	1	0	0	4	0	0
PF04914.15	0	0	0	0	0	0	0	1	0	1	1	1	0	0	0
PF03062.22	1	0	2	3	2	7	26	69	45	22	22	106	119	74	34
PF01470.20	0	1	2	3	0	0	4	1	0	0	0	3	3	0	0
PF02322.18	0	0	0	0	0	0	0	2	4	3	4	7	7	2	0
PF01040.21	0	0	1	0	0	1	1	1	0	3	4	8	8	5	5
PF03051.18	1	1	3	0	2	11	3	6	4	14	8	12	9	4	9
PF00860.23	9	4	3	5	4	8	26	9	15	13	18	20	85	18	16
PF01276.23	1	0	2	1	1	1	5	8	9	2	3	6	7	9	8
PF03711.18	1	0	2	1	1	1	5	8	9	2	3	6	2	9	8
PF00011.24	0	1	0	2	0	4	6	14	3	2	0	3	15	3	6
PF02096.23	5	11	4	10	2	6	27	11	23	14	8	37	64	14	16
PF00825.21	0	1	0	3	0	2	10	3	2	3	6	2	15	4	1
PF00468.20	2	0	1	2	0	2	8	1	2	3	2	4	45	1	2
PF02255.19	0	1	4	2	37	15	19	5	1	2	3	0	4	0	0
PF00383.26	2	7	3	1	0	6	11	13	10	16	16	41	11	21	28
PF00398.23	0	3	1	4	4	4	5	8	11	5	13	10	10	13	9
PF06257.14	0	0	0	1	0	3	1	1	0	0	0	1	8	1	1
PF12804.10	7	1	4	5	1	3	28	8	15	12	24	21	22	14	11
PF03636.18	0	1	3	3	8	6	0	1	3	3	2	1	4	1	1
PF03632.18	0	1	3	3	8	6	0	1	3	3	2	1	4	1	1
PF03633.18	0	1	3	3	8	6	0	1	2	3	2	1	4	1	1
PF13419.9	8	62	50	45	15	46	52	51	64	35	52	93	220	59	67
PF19276.2	0	0	0	0	0	0	1	0	0	2	3	0	0	2	1
PF05066.16	0	0	0	1	0	1	0	0	0	1	0	0	3	0	0
PF00275.23	5	3	9	8	3	6	35	25	32	36	43	71	43	32	38
PF03547.21	0	2	0	2	4	0	16	14	12	7	8	22	46	17	18
PF01197.21	4	9	13	8	7	11	87	9	16	12	11	7	179	4	7
PF01648.23	0	1	0	2	2	1	8	5	4	0	6	9	7	8	7
PF01168.23	0	2	7	2	7	4	17	17	21	14	23	34	13	32	24
PF00842.24	0	1	1	2	5	3	9	12	15	10	16	29	6	25	16
PF04977.18	0	0	2	2	1	0	1	0	2	5	1	1	6	3	2
PF01430.22	2	0	2	3	0	0	7	7	3	6	3	9	3	9	6
PF01207.20	0	0	2	2	3	1	9	11	18	8	13	29	7	15	15
PF00164.28	12	23	17	34	10	39	138	24	46	26	21	20	59	25	18
PF00177.24	21	21	37	43	15	57	84	30	48	27	23	27	35	26	26
PF00338.25	5	11	7	12	2	11	33	20	20	18	13	18	20	17	11
PF00297.25	13	13	30	29	8	45	49	33	58	38	32	46	35	45	27
PF00276.23	5	6	4	10	1	23	13	14	18	24	9	12	6	11	10
PF00181.26	11	19	27	34	8	40	48	43	46	49	29	45	56	45	36
PF03947.21	11	19	27	34	8	40	48	43	46	49	29	45	56	45	36
PF00252.21	11	15	18	28	6	38	46	29	65	30	33	26	72	31	24
PF00831.26	7	9	15	13	6	25	10	17	29	17	12	15	9	9	16
PF00366.23	1	10	11	21	2	17	28	17	36	20	18	19	17	17	14
PF00238.22	8	12	33	34	6	38	39	37	44	34	18	25	78	20	23
PF17136.7	4	4	12	9	7	26	27	16	34	24	8	12	13	8	8
PF00281.22	11	19	19	27	9	45	70	70	50	38	35	41	80	53	29
PF00673.24	11	19	19	27	9	45	70	70	50	38	35	41	80	53	29
PF00410.22	9	13	9	15	0	18	52	22	21	17	6	22	56	14	16
PF00333.23	5	16	15	24	9	40	96	37	41	21	22	25	73	35	31
PF03719.18	5	16	15	24	9	40	96	37	41	21	22	25	73	35	31
PF00327.23	9	4	3	8	2	7	15	10	9	9	5	8	8	11	5
PF05532.15	1	0	0	1	3	3	1	0	0	20	0	0	6	2	0
PF00344.23	10	18	25	17	6	39	155	39	48	39	33	44	447	43	43
PF00444.21	1	3	1	3	0	2	1	1	6	1	4	3	4	1	3
PF00416.25	10	11	24	27	9	41	47	30	44	23	18	15	36	21	18
PF00572.21	4	9	7	15	10	22	65	15	22	16	14	22	32	14	18
PF00380.22	3	3	6	13	5	8	50	14	7	15	5	7	52	12	6
PF01965.27	2	1	0	2	1	3	11	10	12	10	13	51	17	23	23
PF13671.9	0	0	0	0	2	3	9	5	10	2	4	13	6	2	6
PF00749.24	9	7	13	10	4	19	56	41	58	36	44	91	77	70	64
PF19269.2	3	2	7	4	1	7	29	19	23	16	19	35	43	25	26
PF03946.17	15	15	18	17	7	26	76	29	48	28	19	23	73	22	21
PF00298.22	14	15	18	17	7	26	76	29	48	28	20	23	73	22	21
PF00466.23	2	11	10	15	11	32	133	22	27	11	7	18	101	13	8
PF16320.8	18	15	30	34	8	58	192	49	31	23	22	29	95	17	23
PF00542.22	18	15	30	34	8	58	195	49	31	23	22	29	95	18	25
PF02575.19	0	0	1	1	0	0	1	4	1	4	0	9	3	10	1
PF02132.18	1	1	0	1	0	2	2	8	6	0	1	10	6	4	7
PF13662.9	1	1	1	1	0	2	3	9	6	1	3	10	6	5	8
PF06153.14	1	1	1	0	0	0	5	0	0	2	0	0	5	1	2
PF00814.28	3	5	2	1	0	4	14	7	18	20	7	21	23	23	15
PF00709.24	1	3	3	9	4	7	30	12	14	22	10	15	21	22	13
PF00166.24	1	4	7	10	3	12	28	15	10	6	3	8	12	7	9
PF05496.15	3	2	3	3	3	6	6	12	15	14	14	29	13	22	12
PF17864.4	0	1	1	0	2	2	5	9	10	8	8	16	8	15	5
PF05491.16	0	1	1	0	2	2	5	9	10	8	8	16	8	15	5
PF06135.15	3	2	0	2	2	5	12	4	3	4	0	5	12	2	4
PF06949.14	0	0	7	3	3	4	10	5	1	10	3	11	31	2	1
PF20297.1	3	2	4	7	0	2	6	21	21	15	22	40	30	20	24
PF01177.25	0	1	0	1	2	0	6	7	2	3	4	15	4	10	7
PF01725.19	1	1	1	0	1	2	7	4	6	2	3	9	5	12	11
PF06103.14	0	0	0	0	0	1	1	0	0	10	0	0	9	0	0
PF03009.20	4	7	10	4	0	2	11	4	10	9	21	19	14	14	22
PF00438.23	2	2	5	8	4	4	50	9	22	19	20	33	25	33	26
PF02772.19	2	2	5	8	4	4	50	10	22	19	20	33	26	33	26
PF02773.19	2	2	5	8	4	4	50	10	22	19	20	33	26	33	27
PF03352.16	0	0	0	1	0	0	2	1	4	7	8	8	5	8	8
PF01569.24	3	1	2	1	0	4	10	3	8	3	6	9	29	5	6
PF01895.22	4	6	10	4	6	16	65	87	82	52	77	167	129	93	99
PF00210.27	0	0	1	1	1	1	3	3	0	3	4	1	15	3	2
PF09364.13	2	0	1	2	6	9	5	0	0	9	1	2	35	0	0
PF03894.18	2	0	1	2	6	9	5	0	0	9	1	2	35	0	0
PF09363.13	2	0	1	2	6	9	5	0	0	9	1	2	35	0	0
PF00258.28	8	8	12	2	13	13	45	10	16	12	21	13	17	7	11
PF09168.13	0	0	0	0	0	0	0	0	0	1	0	0	0	0	1
PF01250.20	9	14	14	8	7	18	69	21	20	19	8	21	27	12	18
PF10035.12	5	4	6	4	2	1	14	10	15	14	9	33	28	10	18
PF00829.24	3	4	5	11	1	19	59	14	21	13	8	12	32	12	10
PF01016.22	5	12	17	16	16	24	69	27	25	20	11	15	185	7	16
PF02463.22	9	7	13	7	11	17	28	51	53	49	59	106	48	86	74
PF01192.25	2	2	4	1	0	4	6	5	8	4	8	11	11	4	6
PF00830.22	4	9	7	7	3	7	42	7	5	4	3	10	271	5	2
PF13684.9	7	6	12	14	7	13	40	12	17	17	11	13	32	11	12
PF06470.16	6	2	6	1	3	11	11	28	26	17	21	40	14	36	38
PF04297.17	0	0	0	0	0	2	2	1	5	1	13	7	5	4	1
PF00886.22	3	9	16	12	13	19	60	27	37	11	14	13	23	16	19
PF10502.12	2	5	10	4	11	9	7	13	27	9	24	32	18	21	25
PF01726.19	0	3	1	1	0	6	13	6	4	3	3	17	42	0	4
PF00717.26	0	4	1	1	0	6	17	13	13	6	13	23	48	7	11
PF03672.16	0	0	0	0	0	1	1	0	0	1	0	0	3	0	0
PF13641.9	0	0	0	0	0	0	3	4	10	2	7	10	6	13	7
PF01255.22	0	1	1	3	0	1	4	8	7	5	7	18	10	13	7
PF01148.23	0	1	0	0	0	0	6	2	6	7	6	7	30	9	5
PF02576.20	0	1	0	0	0	2	2	6	5	2	5	11	4	12	5
PF17384.5	0	1	0	0	0	2	2	3	4	2	5	10	3	10	5
PF08529.14	3	3	5	5	6	5	2	26	30	19	36	35	14	38	23
PF13184.9	3	3	5	5	6	5	2	26	30	19	36	35	14	38	23
PF02033.21	1	0	2	0	0	0	1	3	3	3	4	7	2	7	8
PF00436.28	9	8	10	4	1	16	27	19	25	27	15	36	35	28	20
PF12917.10	0	0	0	0	0	0	0	2	3	0	3	5	0	5	0
PF01628.24	0	2	1	0	4	3	10	18	9	8	14	23	14	14	8
PF06421.15	7	4	10	7	7	7	14	22	39	17	35	56	20	34	31
PF04343.16	0	0	0	0	0	0	0	0	1	1	1	1	1	0	1
PF00365.23	27	24	28	38	28	62	200	56	90	68	59	103	223	64	69
PF14714.9	3	4	5	2	2	5	9	14	29	10	15	38	23	22	21
PF13174.9	3	1	10	3	8	8	3	13	14	10	60	65	7	26	38
PF03572.21	1	2	9	4	4	9	7	26	43	24	44	64	13	42	35
PF01471.21	0	5	2	2	0	0	11	20	11	15	9	54	13	36	21
PF02481.18	0	1	1	0	0	0	1	6	6	3	5	15	8	17	8
PF01084.23	7	7	6	7	1	9	50	12	21	18	15	17	82	16	10
PF13396.9	1	0	1	1	1	5	8	15	18	13	13	14	22	18	21
PF13091.9	6	2	4	2	3	10	18	42	44	47	43	80	62	52	65
PF02899.20	10	6	0	3	4	10	56	48	73	88	125	234	172	97	81
PF00227.29	0	0	0	0	0	0	0	0	1	2	1	0	0	1	0
PF05525.16	0	0	0	0	0	0	9	0	1	4	4	5	4	0	2
PF00160.24	2	0	6	1	3	1	6	1	4	7	3	8	20	7	5
PF02386.19	2	5	3	3	3	5	35	16	29	12	14	38	58	22	32
PF00082.25	7	8	31	11	25	28	35	37	89	54	58	137	76	97	98
PF02225.25	1	0	0	0	1	0	0	1	0	0	1	0	1	0	1
PF06280.15	1	0	0	0	1	0	2	0	0	1	0	0	3	0	0
PF09136.13	1	0	0	0	1	0	0	1	0	0	0	0	0	0	0
PF00988.25	0	0	2	1	0	1	7	5	3	8	7	14	7	17	8
PF03441.17	0	0	0	0	1	0	0	0	0	0	1	1	0	1	0
PF00395.23	64	87	25	18	34	9	175	181	213	435	347	500	1859	464	380
PF05345.15	0	0	0	0	0	0	0	0	1	0	0	10	0	2	6
PF02634.18	0	0	0	0	0	0	1	0	1	1	1	1	0	2	0
PF12627.10	1	3	3	4	0	3	8	13	12	9	9	25	7	19	17
PF12626.10	0	0	0	0	0	0	0	0	1	0	0	0	0	0	0
PF12146.11	1	2	4	2	7	6	22	28	25	13	24	35	48	29	42
PF04832.15	0	0	0	0	0	0	0	0	1	0	0	0	0	0	1
PF06745.16	0	0	0	0	0	0	0	0	0	0	0	3	0	3	1
PF13086.9	2	2	1	1	1	5	7	11	5	11	9	12	3	7	10
PF13087.9	2	2	1	1	1	5	7	11	5	11	11	12	3	7	11
PF01593.27	0	1	0	1	0	0	1	7	6	8	13	14	9	11	6
PF00355.29	0	0	0	0	2	0	0	2	2	4	3	9	2	2	0
PF00848.22	0	0	0	0	0	0	0	0	0	1	1	2	1	1	1
PF02867.18	0	1	1	0	2	2	1	10	25	13	43	58	1	23	11
PF03401.17	0	0	0	2	0	0	1	4	1	1	5	1	17	3	7
PF18014.4	0	0	0	0	0	0	0	0	1	0	0	0	0	0	0
PF00669.23	716	1159	1073	731	372	1354	5913	538	572	1390	132	98	4029	158	198
PF00700.24	782	1228	1098	743	375	1412	5549	495	514	1263	127	87	3871	139	172
PF00682.22	42	41	61	56	29	71	178	67	118	99	42	84	270	70	87
PF02436.21	40	37	54	47	24	68	149	48	88	79	24	54	225	38	49
PF01973.21	3	3	5	1	0	20	4	4	4	2	5	4	0	1	1
PF01073.22	0	0	0	0	0	0	0	0	0	0	1	0	0	0	0
PF02784.19	1	0	0	0	3	6	8	17	26	12	26	38	29	32	25
PF00278.25	1	0	0	0	3	4	9	16	31	11	23	37	28	30	25
PF05378.16	5	0	0	0	0	0	1	2	1	0	4	1	1	1	0
PF01968.21	5	0	0	0	0	0	1	2	1	0	5	1	1	1	0
PF03703.17	0	1	0	0	0	1	3	1	1	6	1	3	4	2	2
PF13519.9	0	0	0	0	1	5	9	10	27	13	25	24	15	27	30
PF08191.14	0	0	0	0	0	0	0	0	0	0	16	0	0	0	0
PF13585.9	0	0	0	0	0	0	2	2	5	0	5	8	0	5	4
PF11638.11	1	3	2	0	0	1	13	10	17	11	14	25	15	8	11
PF20434.1	0	0	2	1	1	2	9	14	10	8	13	19	10	30	33
PF19890.2	1	0	0	2	3	0	11	9	5	2	1	4	8	5	5
PF08543.15	0	1	4	3	4	4	15	15	14	17	12	45	18	23	18
PF02581.20	0	2	0	0	1	0	1	5	8	5	8	12	5	15	19
PF16338.8	1	2	2	0	1	1	16	4	16	6	16	26	8	23	16
PF13802.9	0	2	1	4	1	5	17	19	18	5	8	23	16	40	30
PF01055.29	8	53	174	61	46	133	42	33	54	22	48	90	109	82	85
PF17137.7	3	2	5	2	3	3	17	7	29	14	44	68	15	31	30
PF12182.11	0	0	0	0	0	0	0	0	0	1	0	0	0	0	0
PF02872.21	1	3	1	1	1	4	50	3	8	9	8	20	38	13	17
PF13476.9	5	4	6	3	1	12	8	33	15	14	31	59	17	33	22
PF13558.9	4	6	5	4	2	10	6	36	35	17	24	77	17	47	33
PF01773.23	0	0	0	0	1	2	0	0	0	1	1	2	5	0	1
PF07662.16	0	0	0	0	1	2	0	0	0	1	1	2	5	0	1
PF02574.19	2	3	0	3	3	6	10	10	17	11	9	24	18	22	19
PF02737.21	21	32	38	39	13	101	383	60	73	68	14	12	175	14	21
PF00725.25	21	32	38	39	13	101	383	60	73	68	14	12	175	14	22
PF00370.24	41	46	63	48	23	102	169	47	59	86	40	91	66	78	62
PF02782.19	41	46	63	48	23	102	169	47	59	85	40	91	65	78	63
PF13192.9	0	1	0	0	0	0	0	2	3	4	3	0	4	3	3
PF10417.12	1	0	0	0	0	0	2	1	4	3	2	3	2	2	4
PF02449.18	6	7	2	2	0	2	16	13	10	42	18	69	27	39	33
PF08532.13	6	7	2	2	0	2	16	16	10	43	17	73	27	42	34
PF08533.13	6	5	2	2	0	1	14	4	7	9	5	10	25	13	17
PF17762.4	2	3	2	4	1	3	6	9	13	4	20	30	6	15	13
PF06570.14	0	0	0	0	0	0	0	0	1	0	0	0	0	0	0
PF01676.21	13	17	42	23	19	37	58	29	67	33	45	60	75	52	35
PF02885.20	0	1	5	5	4	2	2	6	4	5	4	6	6	6	8
PF00591.24	0	1	5	5	4	2	2	6	4	5	4	5	6	6	8
PF07831.16	0	1	5	5	3	2	2	6	3	5	2	2	4	5	3
PF01782.21	0	0	0	0	0	0	4	2	3	4	4	4	6	5	3
PF05239.19	0	1	0	0	0	1	7	3	4	4	3	3	8	4	3
PF13083.9	7	7	11	9	4	16	59	12	19	13	6	20	39	18	10
PF01715.20	0	0	0	2	0	7	1	5	8	2	7	15	6	9	8
PF11240.11	0	0	0	0	0	0	0	0	0	0	0	0	1	0	0
PF01812.23	0	1	0	0	0	2	1	3	5	2	4	4	8	2	0
PF00485.21	3	6	6	6	3	8	15	20	23	20	15	60	25	24	19
PF05437.15	0	0	0	0	0	0	1	0	1	1	0	0	2	2	1
PF01783.26	3	3	2	3	0	9	44	3	7	5	3	8	75	2	1
PF02620.20	4	7	15	14	6	22	64	10	11	13	5	11	91	7	13
PF01149.27	0	0	0	0	0	1	0	1	0	0	0	1	1	1	0
PF06831.17	0	0	0	0	0	1	0	1	0	0	0	1	1	4	0
PF00085.23	26	17	12	12	6	21	32	4	5	15	11	10	115	5	5
PF03413.22	2	5	0	8	5	10	15	18	13	22	2	27	9	22	7
PF00809.25	7	19	2	2	5	7	16	13	15	22	8	33	39	26	15
PF04266.17	0	0	0	0	0	1	2	1	4	2	2	9	0	8	3
PF01475.22	3	3	3	2	0	10	21	5	2	4	4	11	34	6	4
PF02353.23	0	0	0	0	0	0	1	3	3	1	2	2	1	2	5
PF01268.22	24	43	17	16	10	28	33	14	15	59	15	33	94	16	12
PF02222.25	0	0	0	0	2	0	1	2	4	2	7	15	1	6	4
PF17769.4	0	0	0	0	0	0	0	0	0	1	0	0	0	0	2
PF02350.22	1	1	2	4	2	1	3	14	3	3	8	21	7	15	8
PF04262.17	2	0	0	0	0	2	0	0	1	6	0	1	3	1	2
PF00909.24	0	2	0	0	0	1	134	29	41	5	21	32	8	21	13
PF01416.23	2	0	0	0	0	0	11	6	17	11	5	17	14	22	18
PF01808.21	3	1	6	10	3	9	18	14	11	15	13	19	21	24	12
PF03976.17	4	8	6	6	4	18	10	8	1	15	0	2	5	10	8
PF00203.24	5	8	15	11	2	26	33	29	34	21	9	16	48	17	13
PF06750.16	0	0	0	0	1	1	32	8	2	5	1	4	92	5	8
PF05848.14	0	0	0	0	0	0	0	0	0	2	0	2	3	1	0
PF17727.4	0	0	0	0	0	0	0	0	0	2	0	2	3	1	0
PF00313.25	17	26	52	39	24	63	282	23	48	12	18	6	1256	10	18
PF01988.22	0	0	1	0	0	0	0	0	0	0	0	0	0	0	0
PF00939.22	0	0	0	0	0	0	0	1	1	2	1	0	1	1	3
PF07929.14	1	0	0	1	2	4	1	0	2	1	2	8	1	1	6
PF01270.20	0	0	1	1	0	0	2	4	10	2	2	12	6	5	9
PF02133.18	1	1	3	2	1	3	4	0	0	2	3	0	2	0	1
PF04260.15	0	0	0	0	0	0	1	1	0	1	1	1	3	2	3
PF02540.20	6	10	20	10	10	15	29	17	35	31	46	70	41	41	47
PF00958.25	4	7	11	6	9	9	24	18	28	30	38	44	39	28	29
PF12698.10	3	3	3	10	4	4	9	36	39	21	33	67	48	70	55
PF08402.13	32	48	25	16	15	45	35	17	30	17	22	29	86	20	22
PF03611.17	11	12	4	3	0	9	3	3	5	7	2	10	8	5	4
PF03099.22	1	0	2	4	3	3	2	7	6	5	7	13	9	16	6
PF10437.12	0	0	0	1	1	0	0	0	0	0	0	0	3	0	0
PF00173.31	0	0	0	0	0	3	0	0	0	0	0	0	4	0	0
PF01545.24	0	0	0	0	2	0	5	8	12	33	31	69	12	17	24
PF16916.8	0	0	0	0	1	0	5	7	4	7	4	9	12	6	13
PF13412.9	8	3	2	7	1	6	31	34	34	28	48	99	38	29	38
PF01037.24	0	2	2	1	0	1	2	3	2	2	4	9	5	2	8
PF00375.21	6	2	4	5	2	3	27	8	19	17	15	22	146	18	16
PF01087.25	3	9	3	4	1	10	13	10	11	18	4	21	25	15	45
PF02744.20	3	9	3	4	1	10	13	10	11	18	4	21	25	15	45
PF13350.9	0	0	0	0	1	0	0	0	1	1	1	1	0	3	1
PF04204.19	1	0	3	1	1	1	4	4	3	3	1	5	9	3	5
PF12784.10	41	53	37	17	15	39	120	57	80	87	80	148	132	69	74
PF03606.18	3	5	1	4	2	4	2	2	3	4	2	3	10	3	3
PF03853.18	0	0	0	3	2	1	7	5	8	6	14	12	7	9	7
PF19258.2	0	0	0	0	7	0	0	0	0	0	1	1	2	1	0
PF01022.23	2	2	0	0	0	4	13	7	15	8	12	16	10	8	8
PF12822.10	2	5	1	1	1	1	6	9	7	9	5	23	30	13	15
PF03590.18	1	1	0	0	1	4	14	5	8	5	7	8	13	13	9
PF01641.21	0	0	1	0	0	0	0	1	3	0	1	0	0	2	3
PF07969.14	0	0	2	2	0	0	1	0	5	3	3	3	8	3	6
PF00334.22	0	0	0	1	0	0	3	2	3	0	4	1	7	2	3
PF02541.19	1	2	0	1	0	3	18	11	5	6	5	13	9	16	9
PF02146.20	6	0	2	4	0	4	16	1	5	11	5	6	22	4	3
PF01904.21	0	0	0	0	0	0	0	0	0	0	1	0	1	0	0
PF06028.14	0	0	0	0	0	0	0	0	0	2	0	0	0	0	0
PF04203.16	10	11	18	17	8	35	32	36	58	23	63	74	46	64	96
PF04011.15	0	0	0	1	0	0	1	2	1	0	2	2	1	0	0
PF01435.21	0	0	0	0	1	2	3	0	0	0	6	2	1	6	2
PF04960.18	0	0	0	1	1	0	1	1	2	3	1	4	1	1	0
PF01171.23	3	3	3	1	2	4	3	13	14	7	18	26	10	17	11
PF09179.14	0	0	0	0	1	0	0	0	0	0	0	1	2	1	0
PF02837.21	24	41	127	35	49	87	102	104	147	90	79	147	418	170	212
PF00703.24	24	41	128	34	49	88	94	104	140	93	80	144	405	166	209
PF02836.20	24	46	135	37	52	93	94	103	145	101	77	139	485	169	230
PF02929.20	4	17	63	15	23	36	41	46	40	49	37	65	264	63	118
PF06026.17	0	0	0	0	0	0	0	0	0	0	0	0	1	0	1
PF13468.9	0	0	0	0	0	0	0	0	0	0	0	0	0	0	0
PF01741.21	0	0	0	0	0	1	3	1	2	1	0	2	2	1	1
PF03807.20	1	2	4	0	1	5	8	7	2	5	5	5	10	9	5
PF14748.9	1	2	4	0	1	5	8	7	2	4	5	5	10	9	5
PF00268.24	0	0	0	0	0	0	0	0	0	0	1	0	2	1	0
PF08343.13	0	0	0	0	0	1	0	0	0	0	1	0	1	0	0
PF00317.24	0	1	1	0	1	2	0	3	3	2	9	12	1	9	3
PF12169.11	4	9	6	8	7	11	17	18	15	9	12	34	30	18	18
PF02223.20	0	2	0	0	0	0	0	1	0	3	3	1	4	0	2
PF00590.23	4	1	5	8	2	10	10	53	21	16	34	55	14	81	69
PF13089.9	5	3	4	5	4	10	23	19	10	11	8	26	25	15	15
PF02503.20	5	3	4	5	4	10	23	19	10	11	8	26	26	16	15
PF17941.4	5	3	5	5	4	10	23	19	10	11	8	26	26	16	14
PF13090.9	5	3	5	5	4	10	23	19	10	11	8	26	26	16	14
PF00795.25	3	6	11	4	4	7	29	19	32	35	45	102	38	41	39
PF02589.18	0	1	0	2	1	0	1	1	0	3	1	4	8	2	1
PF13183.9	10	11	9	14	3	8	5	5	6	11	18	16	12	12	14
PF02873.19	3	2	4	8	1	4	11	8	11	7	10	10	12	6	4
PF12802.10	0	1	2	0	1	1	11	7	4	8	12	17	4	12	13
PF02566.22	0	0	0	0	0	0	0	0	2	0	0	0	3	1	1
PF13473.9	0	0	0	0	0	0	0	0	0	0	0	1	1	1	0
PF02274.20	2	2	0	5	0	5	9	2	6	8	1	2	27	0	4
PF07907.14	0	0	0	0	0	0	2	1	5	0	1	1	2	2	0
PF01098.22	1	3	2	3	2	4	25	29	30	18	33	58	115	40	38
PF00083.27	0	0	0	1	1	1	4	4	4	1	9	11	14	5	11
PF00596.24	10	8	4	5	2	9	21	13	12	17	9	15	31	20	12
PF02610.18	17	17	7	2	2	6	38	19	21	17	16	25	41	20	24
PF11762.11	17	17	7	2	2	6	32	18	18	15	16	24	36	14	21
PF04002.18	0	2	2	2	1	3	5	4	6	10	13	19	9	10	9
PF04093.15	0	1	1	0	0	4	2	3	7	0	2	7	18	7	2
PF00532.24	0	0	0	0	0	2	6	4	11	3	1	6	7	9	4
PF00994.27	6	1	4	5	1	1	6	7	17	19	8	13	11	10	14
PF18146.4	1	1	1	3	1	1	2	7	6	7	3	11	5	6	7
PF02464.20	1	2	1	3	2	1	4	8	8	7	6	14	6	8	11
PF00108.26	42	62	52	48	36	78	501	64	79	68	35	35	134	37	25
PF02803.21	42	62	54	49	38	80	501	64	78	68	35	35	135	37	25
PF13344.9	0	2	0	0	2	1	6	4	3	2	4	8	6	5	4
PF13242.9	6	3	2	0	2	1	13	11	5	5	11	15	15	27	15
PF10282.12	1	4	0	1	1	9	10	10	5	8	0	5	24	8	12
PF00266.22	6	7	10	14	7	10	59	38	38	48	45	74	73	68	32
PF08866.13	0	0	0	0	0	0	0	0	0	0	0	0	0	0	0
PF05256.15	0	0	1	0	0	0	0	0	0	0	0	0	0	0	0
PF05979.15	0	0	0	1	1	1	2	0	3	1	3	1	1	1	1
PF04296.16	0	0	1	1	0	3	0	4	3	1	1	3	0	4	3
PF01248.29	0	1	0	0	2	0	1	2	6	0	3	3	3	3	3
PF01509.21	0	0	2	3	0	3	4	8	3	2	8	42	5	7	7
PF16198.8	0	0	2	3	0	3	4	8	3	2	8	41	5	7	7
PF03444.18	0	0	0	0	0	0	0	2	0	5	5	6	9	2	5
PF04452.17	0	2	0	1	0	3	2	6	5	1	1	4	3	6	5
PF14698.9	3	2	6	7	2	3	13	9	11	6	5	19	17	17	10
PF08279.15	14	8	6	14	8	23	23	57	38	53	84	111	61	71	74
PF02237.20	0	0	2	3	2	3	2	7	4	2	4	7	2	8	2
PF11151.11	0	0	0	0	0	0	0	0	0	0	0	0	1	0	0
PF16124.8	1	1	1	5	8	3	5	15	33	15	28	45	9	31	28
PF00186.22	0	0	2	2	0	1	2	4	4	1	3	5	6	7	2
PF01351.21	0	0	1	1	0	0	4	6	12	2	7	10	2	9	7
PF17961.4	0	0	0	0	0	0	0	0	0	1	0	0	2	0	0
PF10425.12	0	0	0	0	0	0	0	0	0	1	0	0	2	0	0
PF00926.22	0	1	2	0	1	2	0	1	4	8	11	5	1	7	3
PF00925.23	0	1	2	0	1	2	0	1	4	8	11	5	1	7	3
PF09586.13	0	1	4	0	0	1	11	9	10	21	23	35	39	25	13
PF07638.14	0	0	0	0	0	0	0	0	0	0	1	2	1	2	3
PF19295.2	1	3	1	1	2	2	6	6	11	4	20	21	1	3	11
PF01458.20	2	6	4	2	3	3	10	11	21	8	25	28	10	11	21
PF00196.22	1	1	6	2	3	3	13	20	22	23	30	60	24	29	25
PF01145.28	31	29	36	19	21	37	38	29	49	57	43	57	88	50	55
PF16875.8	4	15	9	8	4	14	53	24	19	22	23	57	115	41	27
PF02065.21	4	15	9	8	4	14	53	36	26	22	30	87	115	52	35
PF16874.8	4	15	9	8	4	14	53	24	19	22	23	57	115	41	27
PF13596.9	0	0	0	0	0	0	0	2	0	1	1	0	0	0	1
PF02424.18	0	0	3	0	0	3	4	10	3	6	14	11	12	9	15
PF03787.18	0	0	2	6	0	1	13	2	3	0	1	1	1	0	1
PF01590.29	2	1	1	3	0	2	9	22	18	6	14	25	12	23	11
PF02224.21	0	1	0	2	2	2	2	10	8	6	2	8	5	6	8
PF00691.23	7	5	12	14	6	13	26	23	25	16	23	67	37	35	20
PF04016.15	0	0	0	0	0	0	0	1	0	0	0	0	0	0	0
PF04310.15	0	0	0	0	0	0	0	0	0	0	0	0	0	0	0
PF16330.8	0	0	0	0	0	0	0	0	0	0	0	0	0	0	0
PF00490.24	0	0	1	0	1	2	0	2	5	1	2	5	0	3	2
PF17931.4	0	0	0	0	0	0	0	0	0	0	0	0	0	0	0
PF13768.9	0	0	0	0	0	1	0	0	1	0	0	3	0	4	3
PF02569.18	0	2	6	4	6	3	2	2	4	2	3	15	2	8	5
PF16732.8	0	0	0	0	0	0	0	0	1	0	0	0	0	0	0
PF20437.1	0	0	0	0	0	0	0	0	1	1	1	0	0	0	3
PF13654.9	0	0	0	0	0	0	0	0	1	1	1	0	0	0	3
PF20436.1	0	0	0	0	0	0	0	0	1	1	1	0	0	0	3
PF00415.21	0	0	3	5	0	0	0	5	0	3	7	43	3	16	0
PF13540.9	0	0	0	0	0	0	0	7	3	1	4	4	2	3	3
PF18019.4	0	1	1	2	0	1	2	2	7	1	1	6	0	3	3
PF01627.26	40	67	39	43	25	66	164	83	92	74	40	79	208	71	69
PF13646.9	0	0	0	0	0	0	0	2	0	1	7	2	0	3	2
PF03130.19	0	0	0	0	0	0	0	2	0	0	0	1	0	0	0
PF01924.19	0	0	0	0	0	0	0	1	0	0	1	1	0	0	0
PF13186.9	2	4	2	1	1	3	3	6	13	8	16	31	13	18	16
PF06426.17	0	0	0	0	0	0	0	1	1	0	0	2	1	2	3
PF17938.4	0	0	0	0	0	0	0	0	0	0	0	0	0	1	0
PF20131.2	0	0	0	0	0	0	0	1	0	0	0	0	0	0	0
PF02638.18	3	1	0	0	0	4	2	1	2	5	2	12	0	6	4
PF02368.21	104	161	869	509	250	559	215	222	542	255	131	146	826	285	419
PF01548.20	51	50	112	66	45	108	360	241	241	246	416	435	914	372	381
PF08502.13	1	3	3	4	5	1	8	14	17	13	16	24	31	28	27
PF01702.21	1	2	6	0	2	5	4	5	12	8	3	14	11	14	13
PF17912.4	145	249	133	126	56	150	1372	62	111	176	30	42	1710	45	59
PF03459.20	95	181	82	93	30	94	979	46	71	148	20	32	1258	28	41
PF09549.13	0	0	0	0	0	0	0	0	0	0	0	0	0	0	0
PF13365.9	15	11	9	12	3	18	30	28	30	15	20	36	58	44	36
PF00498.29	0	0	0	3	0	13	10	29	23	18	9	51	13	33	17
PF01755.20	0	0	0	0	0	0	0	0	1	1	0	1	0	0	1
PF05420.14	0	0	1	0	0	0	0	0	0	0	0	0	0	0	0
PF02690.18	2	6	10	2	6	16	60	59	52	28	40	110	120	56	55
PF02558.19	0	0	0	0	1	0	3	2	3	4	2	10	0	9	8
PF08546.14	0	0	0	0	1	0	1	1	2	2	1	2	0	2	1
PF04224.15	0	0	0	0	0	0	0	0	0	0	0	0	0	0	0
PF03553.17	7	8	4	5	4	2	25	9	14	20	24	29	120	29	18
PF01964.21	0	0	2	0	1	2	0	4	6	1	6	8	1	8	2
PF02113.18	0	0	0	0	0	0	0	0	2	4	4	13	0	4	2
PF13286.9	1	2	4	3	0	1	12	4	10	4	6	19	9	17	8
PF02627.23	2	1	3	1	0	4	2	5	3	4	9	6	3	10	7
PF12682.10	0	1	0	0	1	1	6	11	13	10	15	34	9	32	26
PF01738.21	0	0	0	0	0	0	0	0	0	1	0	1	0	1	2
PF12697.10	0	1	0	0	0	0	5	7	7	5	5	18	5	5	10
PF00754.28	32	118	480	148	144	347	90	38	36	116	35	13	396	123	155
PF00404.21	0	0	0	0	0	0	3	6	2	8	3	6	9	26	17
PF11655.11	0	0	0	0	0	0	0	3	2	1	0	0	0	4	6
PF12843.10	0	0	0	0	0	0	0	0	0	0	0	0	0	0	1
PF02838.18	17	37	140	42	46	106	37	20	18	36	15	19	149	55	55
PF00728.25	14	22	59	21	17	43	13	15	10	25	11	11	52	49	36
PF16347.8	0	1	0	0	1	0	0	0	2	1	4	10	1	14	9
PF13098.9	0	0	0	0	0	0	0	0	0	1	0	0	2	5	2
PF16576.8	1	4	0	2	1	2	5	23	18	11	35	61	17	43	39
PF03797.22	0	1	0	0	0	0	0	2	1	1	2	0	0	35	29
PF07244.18	0	0	4	0	0	0	5	7	29	8	44	96	12	38	36
PF01103.26	1	0	0	0	0	1	2	6	14	4	21	34	1	10	11
PF02321.21	2	0	0	0	0	6	14	18	66	22	60	106	2	53	36
PF05221.20	2	8	1	3	0	5	12	28	22	24	6	29	29	27	37
PF00670.24	2	6	1	3	0	4	6	15	13	14	5	16	15	15	21
PF00144.27	0	0	0	2	1	2	21	15	40	56	59	84	43	45	37
PF02910.23	3	1	3	0	3	4	3	17	38	19	43	59	22	41	36
PF01325.22	1	1	0	0	0	0	5	7	8	4	6	30	3	10	11
PF02742.18	1	1	0	0	0	0	5	4	6	3	4	35	3	9	10
PF04966.15	0	0	0	0	0	0	0	1	1	0	0	0	0	2	4
PF04023.17	3	2	1	1	2	1	6	14	43	15	15	43	26	29	22
PF14376.9	0	0	0	0	0	0	0	0	0	0	0	0	1	2	2
PF03150.17	0	0	0	0	0	0	0	0	0	0	0	0	1	3	2
PF00034.24	0	0	0	0	0	0	0	0	3	0	4	3	1	5	3
PF07498.15	1	1	3	1	0	3	6	15	9	4	5	9	15	13	15
PF07497.15	3	2	6	4	2	9	16	18	21	9	15	23	18	25	24
PF07719.20	0	0	3	2	0	6	10	5	13	11	9	10	34	22	24
PF00263.24	0	0	0	0	0	0	0	0	1	1	1	1	3	8	6
PF11104.11	14	3	2	10	0	5	11	10	2	4	1	10	12	7	8
PF01634.21	0	1	1	0	0	1	0	8	9	3	6	10	4	8	5
PF08029.14	0	0	0	0	0	0	0	0	0	1	0	0	0	3	0
PF00920.24	9	7	20	9	7	10	28	16	36	16	21	25	45	26	24
PF14498.9	0	2	6	2	1	1	12	3	8	13	7	8	26	16	14
PF11013.11	0	0	0	0	0	0	0	2	1	3	5	8	1	8	2
PF01740.24	0	0	0	0	0	0	7	8	12	6	10	16	28	11	10
PF00432.24	0	0	0	0	0	0	0	0	0	0	0	0	2	6	4
PF01531.19	0	0	0	0	0	0	2	6	4	3	0	7	8	13	8
PF01762.24	0	0	0	0	0	0	0	0	0	0	0	0	0	4	2
PF03814.18	0	0	0	0	0	0	1	0	0	0	0	0	0	1	4
PF03781.19	0	1	0	0	3	1	1	1	2	1	7	16	0	13	8
PF01212.24	2	5	3	5	1	12	28	9	18	4	12	12	12	14	13
PF01882.21	0	1	0	0	1	2	6	7	3	3	7	14	13	27	17
PF07991.15	6	6	16	26	10	19	157	32	34	20	19	24	185	32	27
PF01450.22	6	6	16	26	10	19	157	32	34	20	19	24	185	32	28
PF16499.8	0	0	0	0	0	2	8	0	6	0	4	1	4	5	4
PF17801.4	0	0	0	0	0	1	3	3	3	5	9	19	2	12	7
PF01050.21	0	0	0	1	0	0	9	6	4	1	2	3	5	7	7
PF06733.18	2	1	4	1	0	1	8	15	7	5	7	19	10	15	19
PF13307.9	2	4	4	3	2	1	8	19	16	7	8	25	12	27	37
PF01891.19	0	0	0	1	0	0	0	1	0	0	6	3	7	7	5
PF13190.9	0	0	0	1	0	0	0	1	0	0	6	3	3	6	4
PF07589.14	0	0	0	0	0	0	0	0	0	0	1	1	1	11	2
PF17297.5	1	2	3	4	3	6	12	4	0	13	3	5	30	8	7
PF00821.21	1	2	3	4	3	6	12	4	0	13	3	5	30	8	7
PF01510.28	0	0	1	2	4	1	11	50	83	24	73	76	22	81	73
PF12838.10	180	191	195	195	73	350	1919	232	336	230	186	153	946	166	148
PF12971.10	6	0	1	0	1	6	3	6	5	16	12	14	16	12	9
PF05089.15	6	0	1	0	1	6	3	6	5	16	12	14	16	12	9
PF12972.10	6	0	1	0	1	6	3	6	5	16	12	14	16	12	9
PF07085.15	4	1	9	5	3	5	4	3	4	14	10	6	11	11	8
PF16385.8	3	0	0	0	0	0	0	1	7	1	2	10	2	3	6
PF01256.20	0	0	0	3	2	1	7	5	8	6	14	12	6	9	7
PF02590.20	0	0	0	0	2	2	1	6	3	6	6	5	3	9	7
PF02472.19	0	3	7	2	3	6	9	12	49	51	26	35	10	18	9
PF20511.1	0	1	1	2	1	1	9	10	10	7	4	25	11	14	14
PF12437.11	4	1	3	1	4	7	295	31	66	29	47	60	26	59	39
PF18318.4	4	1	3	1	4	7	293	31	64	29	47	60	28	57	39
PF14849.9	0	2	0	1	0	0	0	3	3	0	4	12	1	2	4
PF03629.21	0	0	0	0	0	1	4	3	5	3	20	24	3	13	11
PF01204.21	0	0	3	0	3	3	2	4	4	7	5	9	2	12	6
PF02073.18	3	3	2	4	1	4	13	10	10	16	9	28	20	15	22
PF12951.10	0	0	0	0	0	0	0	5	4	0	0	0	22	119	95
PF18582.4	0	0	0	0	0	0	0	0	0	0	1	0	0	2	0
PF01042.24	2	0	0	1	0	2	20	0	5	4	6	9	19	4	2
PF09374.13	0	0	0	0	0	0	0	1	1	0	3	1	0	3	0
PF00924.21	2	1	1	0	2	3	8	11	16	6	21	26	18	11	7
PF00209.21	2	2	8	6	0	6	18	36	38	46	26	28	106	40	38
PF00109.29	2	3	6	8	1	9	11	21	22	17	19	45	21	22	26
PF02801.25	2	3	6	8	1	9	11	21	22	17	19	46	21	22	26
PF04551.17	0	0	1	0	3	4	8	13	10	7	15	26	7	17	17
PF01757.25	4	2	1	1	1	1	17	23	18	6	10	35	49	48	41
PF12715.10	0	0	0	0	0	0	0	0	2	0	1	0	1	3	0
PF02492.22	6	4	3	3	5	5	14	12	23	7	17	28	19	23	24
PF00708.21	0	0	1	1	1	3	1	0	1	1	1	1	2	5	7
PF07503.15	0	0	0	0	0	0	0	0	0	2	0	0	4	8	6
PF01300.21	0	4	3	3	0	3	8	5	4	6	12	18	10	10	10
PF17788.4	0	0	0	0	0	0	0	0	0	1	0	0	2	4	3
PF13593.9	0	0	0	0	0	0	0	0	0	0	0	0	0	0	3
PF00069.28	2	3	6	6	2	8	9	50	33	34	35	68	34	81	63
PF03983.15	0	0	0	0	0	0	0	0	0	0	0	0	0	5	2
PF08305.14	5	14	59	16	23	37	4	0	4	17	7	0	59	29	41
PF03692.18	0	1	1	0	0	0	2	6	2	0	4	1	8	6	5
PF08238.15	18	47	25	15	6	18	72	189	359	255	369	555	149	505	644
PF04519.16	2	6	1	5	3	12	47	20	19	11	5	12	37	20	6
PF02594.19	0	0	0	0	0	0	0	0	0	0	0	0	0	1	0
PF01120.20	0	9	4	1	0	5	9	4	8	11	11	21	12	23	14
PF13899.9	0	0	1	1	1	1	3	1	11	0	7	12	3	7	2
PF05656.17	0	0	0	0	1	0	0	1	2	2	0	5	0	8	2
PF02535.25	1	0	7	1	0	1	5	11	9	10	18	15	12	18	7
PF03435.21	0	3	1	2	1	5	5	7	7	13	11	24	9	10	5
PF16653.8	0	3	1	2	1	5	4	6	7	13	11	23	8	10	5
PF03755.16	1	2	4	2	3	2	9	5	13	6	2	19	5	9	6
PF08340.14	1	2	4	2	3	2	9	5	13	6	2	19	5	9	6
PF07549.17	2	7	15	18	3	27	67	41	78	25	38	86	216	56	35
PF02355.19	4	8	22	24	6	32	94	48	92	40	47	108	296	75	43
PF13202.9	0	0	0	0	1	0	0	0	2	0	0	0	0	10	6
PF03641.17	0	0	0	0	0	0	1	0	0	0	0	0	1	5	2
PF17291.5	0	0	0	0	0	0	0	0	0	0	0	1	3	8	5
PF13402.9	4	12	25	24	9	20	3	7	8	8	6	6	22	34	28
PF05977.16	1	1	0	0	0	0	0	0	1	3	2	1	14	6	5
PF19528.2	0	1	0	0	0	0	7	10	7	2	9	19	19	15	7
PF19580.2	0	0	0	0	0	1	1	1	1	0	2	3	0	3	6
PF03030.19	4	0	7	7	3	7	14	7	13	9	12	8	25	14	17
PF04715.16	0	0	0	0	0	0	0	1	2	0	0	2	1	2	2
PF00425.21	0	0	1	1	1	0	0	1	2	0	4	6	1	4	5
PF00697.25	0	0	0	0	0	0	0	1	3	0	2	6	0	3	0
PF13088.9	4	5	19	6	8	19	6	1	3	20	4	0	30	15	29
PF00507.22	0	0	0	0	0	0	2	1	0	0	1	2	2	0	3
PF06044.15	0	0	0	0	0	0	1	1	0	0	0	1	2	3	4
PF17726.4	0	0	0	0	0	0	1	1	0	0	0	1	2	3	5
PF01835.22	0	0	1	0	1	2	1	5	9	3	20	30	3	14	17
PF07703.17	0	0	0	0	0	0	0	0	1	0	0	1	0	7	8
PF00207.25	0	0	1	0	1	2	1	5	11	4	22	30	3	12	17
PF07678.17	0	0	0	0	0	0	0	0	0	0	0	0	0	6	6
PF17973.4	0	0	1	0	1	2	1	5	9	3	20	30	3	11	19
PF00285.24	5	6	7	11	4	10	26	10	17	26	8	18	64	12	11
PF13482.9	1	1	0	1	0	0	13	1	5	2	0	2	44	3	3
PF05157.18	0	0	0	1	0	0	9	7	10	2	1	6	15	7	8
PF03023.17	0	0	0	0	0	0	3	3	0	1	3	2	15	9	2
PF00081.25	1	0	0	0	0	1	1	3	1	1	2	1	1	1	0
PF02777.21	1	0	0	0	0	1	1	3	1	1	2	1	1	1	0
PF11958.11	0	0	0	0	0	0	0	0	0	0	0	0	0	2	1
PF00662.23	0	0	0	0	1	0	7	5	12	5	7	22	23	12	17
PF00499.23	0	0	0	0	0	0	1	0	0	0	1	2	1	3	4
PF01512.20	33	35	42	48	25	32	57	28	32	67	18	23	67	38	25
PF10531.12	17	21	34	33	23	17	56	34	42	66	69	62	50	66	53
PF10589.12	19	13	24	20	16	13	26	15	10	46	9	8	43	17	12
PF01522.24	2	2	9	8	2	13	42	37	29	18	18	58	46	49	34
PF02470.23	0	0	0	0	3	0	0	0	0	0	2	3	2	7	0
PF07399.14	0	0	0	0	0	0	0	0	0	0	0	0	0	1	2
PF06325.16	2	4	1	5	0	0	3	6	2	3	6	10	7	12	11
PF02446.20	5	4	4	8	5	11	20	18	24	17	20	23	28	13	22
PF00919.23	3	5	14	10	9	6	25	27	23	21	29	51	27	39	44
PF18693.4	0	3	10	2	3	4	16	12	7	2	5	19	13	19	13
PF04408.26	0	0	0	0	2	0	0	0	0	0	1	0	2	9	5
PF08482.13	0	0	0	0	0	0	0	0	0	0	0	0	0	4	1
PF04028.16	0	0	0	0	0	0	0	0	0	0	0	0	0	2	0
PF18565.4	5	12	51	10	19	37	15	12	31	37	24	22	71	42	58
PF16193.8	3	2	3	3	3	7	12	11	19	12	14	26	23	25	22
PF12002.11	3	2	3	3	3	7	12	11	19	12	14	26	23	25	22
PF02283.19	0	0	1	1	0	5	0	4	8	1	6	9	2	6	10
PF01301.22	1	1	0	1	0	5	3	4	10	6	12	9	11	21	12
PF13505.9	0	1	0	0	0	0	1	4	3	1	5	5	3	3	1
PF18765.4	0	1	0	0	0	3	1	1	8	2	3	16	7	3	5
PF16870.8	0	0	0	0	0	0	0	0	0	0	0	1	2	3	1
PF01663.25	0	0	0	0	0	0	0	0	3	0	4	7	0	5	3
PF09382.13	1	1	1	5	7	2	6	14	26	11	23	37	8	21	21
PF00570.26	1	1	1	5	7	2	5	13	31	12	24	37	8	23	23
PF01643.20	1	1	2	1	1	1	3	4	6	6	1	9	6	9	8
PF07786.15	0	0	0	0	0	1	1	3	7	2	6	6	9	11	5
PF04235.15	0	0	0	0	0	0	0	0	0	0	3	3	0	3	3
PF01704.21	0	0	0	0	1	1	8	8	5	3	0	5	13	7	4
PF08241.15	2	5	2	5	1	1	21	24	26	10	36	45	29	31	31
PF04991.16	3	5	2	3	1	1	27	2	15	5	7	5	7	4	4
PF04379.17	0	0	0	0	0	0	0	0	0	0	0	0	1	0	0
PF02698.20	3	1	2	2	1	3	9	1	10	7	15	18	17	15	8
PF07726.14	0	0	2	0	0	1	10	6	7	8	13	20	24	14	17
PF17863.4	0	0	2	0	0	1	10	6	8	8	13	20	24	14	19
PF12541.11	0	0	0	0	1	0	2	11	1	4	1	9	4	11	3
PF04015.15	0	7	1	2	3	4	17	7	13	9	16	22	24	22	18
PF17785.4	0	0	1	0	0	0	6	10	6	3	0	15	8	13	11
PF10672.12	0	1	1	1	1	1	11	16	11	8	4	25	15	19	19
PF02678.19	0	1	1	0	0	0	0	0	0	0	0	0	0	0	1
PF17954.4	0	1	1	0	0	0	0	0	0	0	0	0	0	0	1
PF13502.9	0	0	0	0	0	0	0	1	3	4	11	17	3	7	7
PF13667.9	0	0	1	0	0	1	0	1	5	0	4	7	0	6	2
PF07732.18	0	0	0	0	1	0	0	0	0	1	1	2	0	0	6
PF00394.25	0	0	0	0	0	0	0	0	0	0	1	1	0	0	3
PF07731.17	0	0	0	0	1	0	0	0	0	1	1	2	0	0	5
PF06940.14	0	0	0	0	0	0	0	0	0	0	0	0	0	0	1
PF02844.18	2	4	7	8	3	10	22	11	15	6	11	24	17	30	18
PF01071.22	2	4	7	8	3	10	22	11	15	6	11	24	17	30	18
PF02843.19	2	4	7	8	2	10	21	11	15	6	11	24	17	30	18
PF01618.19	11	6	15	12	3	19	50	24	35	26	38	49	80	33	35
PF08323.14	16	16	17	20	24	41	132	27	32	32	25	37	170	24	32
PF10996.11	14	8	6	6	3	7	20	18	17	18	8	21	27	22	9
PF14057.9	54	61	66	70	31	88	403	46	59	68	27	24	322	30	31
PF02086.18	1	3	0	1	1	0	22	22	17	11	16	30	25	16	31
PF02537.18	0	0	0	0	0	0	0	0	0	0	2	1	5	0	1
PF03331.16	0	0	1	0	0	0	2	2	10	3	11	12	3	12	5
PF20154.2	0	1	0	0	1	1	13	9	11	23	16	53	16	9	12
PF01578.23	0	0	0	0	0	0	0	0	0	5	1	4	0	6	4
PF05140.17	0	2	0	0	1	0	0	0	0	0	0	1	2	3	1
PF09375.13	0	0	0	0	0	0	0	1	1	0	0	0	0	0	1
PF13437.9	1	2	2	3	0	4	2	9	27	8	12	16	24	23	19
PF10722.12	0	0	0	0	0	0	2	0	0	1	1	0	1	1	0
PF00701.25	11	16	9	10	2	30	19	16	16	10	24	17	43	22	23
PF07221.14	5	2	4	2	1	4	4	3	9	9	11	15	10	12	4
PF12900.10	0	0	0	1	5	1	2	2	2	7	6	14	1	3	7
PF03013.17	0	0	0	0	0	0	0	1	0	0	0	0	0	1	0
PF07691.15	0	0	0	0	0	0	0	3	4	1	11	11	4	14	8
PF02607.20	2	3	2	3	1	5	9	8	8	8	6	19	14	14	13
PF02310.22	3	8	12	9	5	17	32	27	38	30	37	57	56	48	34
PF02965.20	0	0	0	0	0	1	0	3	4	3	1	4	3	4	5
PF01326.22	298	441	294	350	155	482	2649	347	414	490	247	222	2159	230	205
PF01642.25	3	4	9	7	6	15	15	17	40	23	32	41	27	47	21
PF13669.9	1	0	4	0	5	0	6	1	10	7	8	3	4	4	9
PF02082.23	1	0	1	0	0	1	6	2	2	6	2	8	11	8	7
PF01039.25	19	14	18	21	3	29	95	50	60	77	46	64	228	63	45
PF14864.9	0	0	0	0	0	0	0	0	1	0	1	0	0	5	1
PF02075.20	0	1	0	0	0	0	0	0	3	2	3	13	3	3	2
PF04909.17	0	0	1	0	1	0	7	4	8	4	9	11	7	15	16
PF00303.22	0	4	3	3	1	3	8	10	3	3	7	20	9	5	8
PF10609.12	0	3	5	2	0	6	8	6	3	10	8	6	10	15	8
PF04845.16	0	0	0	0	0	0	0	0	0	0	0	0	2	1	1
PF03977.16	9	9	12	8	4	22	69	28	23	26	19	29	305	26	27
PF02684.18	0	0	0	0	0	0	1	2	2	0	5	4	0	0	5
PF02550.18	6	5	10	4	4	7	29	6	21	17	15	22	15	18	15
PF13336.9	6	5	11	5	4	7	29	6	23	18	15	22	15	18	15
PF01619.21	0	0	0	0	0	0	0	0	0	1	1	0	1	4	4
PF00199.22	0	0	0	0	0	0	0	0	1	2	0	0	2	1	2
PF06628.15	0	0	0	0	0	0	0	0	1	2	0	0	2	1	2
PF18011.4	0	0	0	0	0	0	0	0	0	1	0	0	0	1	1
PF19567.2	0	0	1	0	0	0	0	3	3	0	5	8	7	4	3
PF02397.19	6	5	5	5	1	5	21	34	17	11	13	47	82	40	43
PF04932.18	0	1	1	2	2	2	9	19	17	4	7	33	37	16	21
PF19805.2	0	0	0	0	0	0	0	0	0	0	0	0	0	2	2
PF00933.24	10	6	13	17	7	13	93	96	84	68	76	147	172	129	111
PF01058.25	0	0	2	0	0	2	1	0	4	3	4	9	2	5	3
PF14720.9	0	0	0	0	0	0	0	0	0	0	0	0	0	3	0
PF01155.22	0	0	0	1	0	0	0	0	0	0	0	1	1	1	1
PF02636.20	0	0	0	0	0	0	0	0	0	0	0	0	1	1	1
PF13385.9	0	13	23	12	12	18	35	23	38	80	56	94	160	59	56
PF13004.10	0	0	0	0	2	1	0	1	5	0	9	18	0	11	11
PF08534.13	1	1	4	0	1	2	12	4	3	1	5	7	6	3	6
PF13246.9	0	0	0	0	1	1	1	4	5	3	9	11	0	10	4
PF07669.14	0	4	5	4	1	2	15	13	10	22	35	64	20	18	17
PF12950.10	0	0	0	0	0	0	0	0	0	0	1	0	1	4	2
PF00520.34	0	0	0	0	0	0	2	0	2	0	0	0	0	0	1
PF02548.18	0	0	0	0	0	1	0	1	3	0	2	9	0	4	4
PF13905.9	0	0	0	0	0	0	0	0	0	0	1	1	0	3	2
PF07698.14	0	0	0	1	0	0	1	0	2	0	7	8	3	1	5
PF01202.25	0	1	1	1	0	3	6	9	4	6	1	8	3	5	6
PF16355.8	5	10	47	5	17	32	16	8	32	38	24	23	68	34	52
PF06415.16	11	9	33	18	14	30	49	15	58	29	38	51	55	41	25
PF03061.25	1	1	0	1	1	1	15	5	6	3	3	9	15	8	5
PF00158.29	0	1	1	0	1	0	2	21	26	17	47	62	9	29	22
PF02954.22	0	1	0	0	0	0	4	15	12	16	30	47	4	24	13
PF02609.19	1	0	0	0	0	2	1	1	2	1	2	1	3	2	0
PF03739.17	1	0	1	0	1	1	1	3	4	4	11	13	4	8	6
PF01553.24	2	1	3	0	1	4	14	11	16	1	11	31	25	19	12
PF11412.11	0	0	0	0	0	0	0	0	0	0	0	0	0	3	1
PF09180.14	2	12	6	2	4	6	8	14	23	19	25	35	10	31	32
PF01061.27	0	3	1	1	1	2	10	18	20	24	27	56	32	22	29
PF07335.14	0	0	0	0	0	0	0	0	0	0	0	0	1	1	0
PF00494.22	0	0	0	0	0	0	0	0	0	0	1	1	0	2	1
PF07494.14	1	0	0	0	4	0	4	65	104	29	193	264	18	82	96
PF14537.9	0	0	0	0	0	0	0	0	0	1	0	1	0	2	0
PF13287.9	0	4	3	0	0	4	372	80	122	170	36	31	545	73	103
PF12679.10	1	3	0	0	0	1	11	13	28	17	24	30	23	26	24
PF13500.9	0	1	2	0	0	0	0	3	5	1	3	8	1	1	2
PF01235.20	30	26	18	9	4	16	129	18	13	17	11	28	256	12	23
PF13379.9	0	0	0	0	0	0	0	9	5	5	4	10	1	6	3
PF00023.33	0	0	1	1	1	2	1	3	2	0	0	1	0	2	1
PF03950.21	6	5	7	6	3	12	27	22	34	20	24	53	32	41	36
PF17764.4	0	2	2	3	2	4	6	14	16	7	12	27	10	29	26
PF18319.4	0	2	2	3	2	4	6	14	16	7	11	26	10	29	26
PF18074.4	0	2	2	2	2	4	4	14	10	6	8	18	9	24	20
PF06258.14	0	0	0	0	0	0	0	0	0	0	0	0	1	3	0
PF00768.23	1	3	7	6	2	7	13	28	26	15	18	24	30	51	30
PF01678.22	0	2	4	4	6	8	18	26	36	16	32	32	18	26	20
PF08281.15	7	9	6	5	11	14	41	110	116	115	184	303	45	148	145
PF13673.10	3	6	8	1	1	6	29	32	45	37	65	98	37	46	53
PF04127.18	1	2	3	7	0	7	1	8	2	5	9	4	6	13	8
PF13376.9	1	0	2	0	0	0	6	5	9	7	14	11	8	6	6
PF01041.20	5	7	8	5	6	7	26	42	45	32	36	72	62	56	54
PF16401.8	0	0	0	0	0	0	0	0	0	0	1	0	0	5	1
PF05691.15	0	0	0	0	0	0	0	0	0	0	0	0	0	6	4
PF00456.24	7	5	14	15	6	16	44	19	20	34	15	26	58	19	21
PF05343.17	2	4	2	2	2	14	4	3	3	6	2	3	0	10	3
PF10150.12	1	3	4	2	5	4	2	8	13	3	9	16	5	14	11
PF07555.16	4	17	90	25	30	67	24	5	9	11	6	8	111	14	22
PF06725.14	1	1	2	2	0	4	3	1	4	2	3	5	2	0	0
PF00218.24	0	0	0	0	1	0	0	3	2	1	0	3	1	2	1
PF02021.20	0	0	0	1	0	0	1	1	3	1	2	3	1	5	1
PF03819.20	0	1	1	0	2	2	0	10	3	6	17	14	7	12	10
PF01612.23	1	1	0	1	0	2	1	8	9	4	21	17	4	16	9
PF02606.17	0	0	0	0	0	0	0	0	2	0	2	4	2	3	1
PF16654.8	0	1	3	1	0	4	6	8	6	4	3	10	8	12	10
PF00585.21	0	0	0	0	0	0	0	0	0	0	0	0	2	3	0
PF02517.19	4	8	3	0	3	9	34	45	38	39	62	109	116	55	49
PF19576.2	0	0	0	0	0	0	1	2	1	1	2	11	0	5	1
PF13444.9	0	0	0	0	0	0	0	2	3	1	5	7	0	1	1
PF14238.9	0	0	0	0	0	2	0	1	2	10	14	4	3	11	5
PF01613.21	2	4	6	4	1	4	39	12	21	12	10	21	49	14	15
PF00217.22	0	0	0	0	0	0	0	0	0	2	0	0	3	1	1
PF02012.23	0	0	6	0	3	0	0	15	12	42	37	78	9	32	10
PF00667.23	1	1	1	0	1	3	0	5	7	0	0	2	0	4	3
PF00175.24	10	7	15	17	4	25	14	25	35	28	18	33	59	33	26
PF13477.9	0	1	0	3	0	4	4	5	2	3	3	9	6	13	13
PF10555.12	0	1	0	0	4	6	2	6	6	3	4	5	4	8	7
PF00953.24	0	1	2	1	4	6	8	8	12	11	17	20	28	19	15
PF03033.23	2	2	3	5	2	4	8	4	7	8	9	18	22	5	9
PF04101.19	2	3	5	6	4	6	13	4	9	9	9	23	22	8	13
PF08478.13	0	0	1	0	0	1	0	0	6	4	1	1	4	5	3
PF17815.4	0	0	0	0	0	0	0	0	0	0	0	0	2	5	2
PF13529.9	0	0	2	3	3	1	61	11	29	22	18	24	27	21	31
PF04616.17	2	3	5	11	4	4	57	34	45	19	15	74	37	42	41
PF01128.22	1	4	1	2	2	1	3	5	6	4	1	15	8	7	5
PF12127.11	1	0	0	0	0	0	5	4	3	1	5	5	0	5	3
PF05690.17	0	0	1	1	0	0	1	1	2	2	4	1	1	1	2
PF05593.17	5	18	0	0	7	0	41	383	240	877	266	1044	37	284	96
PF15523.9	0	0	0	0	0	0	0	0	0	0	0	0	0	8	1
PF06574.15	0	0	1	2	0	0	2	8	7	2	5	14	11	10	14
PF01687.20	0	0	1	2	0	0	2	8	7	2	5	14	11	10	14
PF01075.20	0	0	0	0	0	1	1	3	0	0	5	10	2	2	1
PF00852.22	0	0	0	0	0	0	0	2	0	0	0	2	1	1	0
PF02577.17	0	0	0	0	0	0	0	0	1	0	0	2	0	2	1
PF01078.24	0	0	0	0	2	1	4	13	9	1	5	20	3	21	21
PF13335.9	0	0	0	0	2	1	4	8	9	1	5	14	3	19	19
PF02660.18	1	0	3	0	0	1	9	5	8	7	3	8	20	7	4
PF01855.22	149	186	173	169	70	324	1848	243	352	235	208	172	707	150	134
PF17147.7	142	179	159	163	64	312	1831	227	332	219	177	136	685	130	116
PF01558.21	150	181	164	170	67	313	1816	228	339	210	196	137	691	131	122
PF10371.12	149	179	148	160	47	302	1768	198	293	199	144	111	671	114	102
PF13484.9	5	12	6	5	1	5	20	9	19	39	14	25	60	19	14
PF08308.14	2	0	0	0	0	1	13	21	11	5	10	7	18	26	25
PF07717.19	0	0	0	0	2	0	0	0	0	0	1	0	2	5	4
PF11898.11	0	0	0	0	2	0	0	0	0	0	1	0	2	5	4
PF06144.16	2	1	1	2	2	3	5	11	4	3	4	13	7	12	9
PF16353.8	3	17	64	15	24	38	41	46	39	49	37	64	264	60	116
PF00916.23	0	0	0	0	0	0	7	7	6	6	9	14	26	12	11
PF03772.19	0	0	0	0	1	2	4	21	16	5	9	26	18	20	15
PF06826.15	8	2	8	4	4	8	6	4	12	14	32	54	32	16	12
PF08019.15	0	0	0	0	0	0	0	0	0	0	0	0	0	2	2
PF03808.16	0	2	0	0	1	0	0	6	1	2	3	12	6	10	5
PF17930.4	0	0	0	0	0	0	0	0	0	0	0	0	0	1	0
PF06230.14	0	0	0	0	0	0	0	0	0	0	0	0	0	1	0
PF00376.26	0	0	0	0	0	0	2	2	2	1	2	0	1	0	2
PF04298.15	1	0	0	0	3	1	6	3	4	3	0	6	8	5	4
PF11396.11	0	0	0	1	0	0	0	2	2	0	1	5	0	1	2
PF02602.18	1	0	1	5	0	4	8	9	8	4	8	15	3	22	9
PF13342.9	0	0	0	5	0	0	2	2	10	4	8	20	12	22	33
PF01923.21	2	2	4	1	1	0	3	7	5	0	3	6	2	3	4
PF12392.11	4	2	2	2	1	0	8	15	21	9	5	29	23	16	10
PF12419.11	2	1	0	1	0	0	0	9	0	1	0	6	1	8	2
PF03330.21	0	0	0	0	0	0	0	0	0	0	0	0	0	1	0
PF01513.24	1	2	1	2	0	1	4	6	6	7	3	11	12	10	8
PF20143.2	1	2	1	2	0	0	3	6	6	7	3	11	12	10	8
PF01501.23	0	0	0	1	0	0	4	6	3	1	2	7	10	5	9
PF02554.17	3	0	2	1	1	4	67	23	23	20	18	36	211	18	27
PF13722.9	2	0	2	1	1	4	59	20	19	15	14	32	206	15	23
PF12801.10	3	0	2	3	2	3	38	12	38	15	26	54	43	37	41
PF00076.25	2	5	3	4	1	1	0	0	2	0	1	0	2	0	2
PF00474.20	5	12	6	3	2	11	33	14	20	25	28	35	145	43	29
PF06925.14	0	0	2	1	2	1	5	0	1	1	0	1	0	2	3
PF01258.20	0	0	0	0	0	0	1	2	1	0	1	0	0	7	4
PF13085.9	1	0	3	2	0	3	11	3	8	9	10	21	8	9	6
PF01127.25	0	0	0	0	0	0	0	0	0	0	0	1	1	0	1
PF19116.3	0	0	0	0	0	0	0	0	0	0	0	0	0	27	0
PF17803.4	0	0	0	0	0	0	0	0	1	0	6	1	0	2	0
PF03186.16	0	1	2	1	0	0	0	7	5	3	19	12	0	11	12
PF02371.19	50	52	109	66	42	107	372	244	256	242	406	428	952	363	372
PF07275.14	0	1	2	0	7	1	6	71	96	115	199	357	72	114	150
PF13560.9	1	2	3	1	1	0	9	9	7	7	13	22	7	18	27
PF18430.4	7	6	9	4	7	5	20	20	20	16	21	48	47	20	21
PF01695.20	5	4	4	3	12	8	28	81	147	182	246	394	64	155	278
PF02311.22	6	6	12	2	1	6	37	61	64	32	44	93	90	89	83
PF12833.10	21	22	27	11	10	21	146	237	237	152	257	484	282	361	327
PF10881.11	2	2	1	1	1	5	7	10	4	11	6	12	3	6	10
PF05272.14	1	1	0	0	0	0	2	93	136	57	151	171	16	141	148
PF03389.18	1	2	5	3	7	2	36	159	228	183	399	502	176	245	284
PF13655.9	5	3	0	0	0	0	1	39	36	22	55	73	25	52	55
PF00078.30	29	15	11	12	13	16	59	201	267	185	477	652	184	414	460
PF08388.14	9	8	4	4	3	8	8	69	93	70	105	267	57	100	141
PF13449.9	0	0	0	0	0	0	0	0	0	0	1	0	0	0	0
PF11940.11	0	0	0	0	1	0	0	1	0	0	1	1	0	0	1
PF17432.5	0	0	0	0	1	0	0	1	0	0	1	1	0	0	1
PF13224.9	0	0	0	0	0	0	0	2	0	0	0	0	0	0	0
PF01205.22	1	0	0	1	0	1	3	5	3	5	4	8	3	3	4
PF04324.18	5	1	4	2	1	8	4	2	6	7	5	10	3	9	3
PF08442.13	0	0	0	0	0	1	0	0	0	0	0	0	0	2	1
PF00549.22	3	3	8	11	3	7	6	0	2	5	0	2	2	7	2
PF13340.9	0	0	3	0	2	1	8	11	26	24	75	124	11	46	51
PF11713.11	0	0	0	0	0	0	0	0	0	0	1	0	0	0	0
PF08774.14	0	0	0	0	0	1	1	4	9	10	15	26	3	15	18
PF07228.15	1	0	4	3	2	3	7	9	13	11	6	13	8	25	20
PF13424.9	5	7	3	9	0	5	17	15	16	8	31	36	30	26	35
PF12770.10	0	0	0	0	0	1	2	1	13	5	23	40	3	6	5
PF04245.16	0	0	0	0	0	0	0	4	1	2	1	14	0	5	6
PF03069.18	0	0	0	0	0	0	0	0	0	2	0	2	0	0	1
PF03880.18	0	0	0	0	1	3	5	9	12	2	14	14	7	10	5
PF01494.22	0	1	3	0	2	2	2	11	8	8	4	12	0	12	13
PF04404.15	0	0	0	0	0	0	0	0	0	0	0	0	0	1	1
PF07187.14	0	0	0	0	0	0	0	0	0	0	0	0	0	0	0
PF01571.24	0	0	2	1	0	0	0	2	3	7	3	6	3	9	4
PF08669.14	0	0	2	1	0	0	0	1	3	6	1	6	2	8	4
PF01734.25	7	1	2	4	4	0	17	11	7	3	9	26	11	7	10
PF00211.23	0	0	0	0	0	0	8	11	8	6	9	19	30	15	21
PF02055.19	2	0	0	0	0	0	0	4	8	2	12	32	0	10	8
PF17189.7	0	0	0	0	0	1	1	0	1	0	1	6	0	0	2
PF05175.17	1	1	4	5	3	2	7	10	7	6	15	34	22	12	20
PF02615.17	3	1	4	2	0	6	2	1	3	6	0	2	8	0	2
PF04879.19	2	5	5	2	3	1	11	6	8	27	6	8	20	5	7
PF00384.25	2	5	5	2	3	1	12	9	9	34	7	8	21	9	14
PF01568.24	1	1	3	1	2	0	12	9	9	27	8	9	20	7	12
PF01797.19	9	5	2	1	0	5	16	25	22	15	54	65	13	40	41
PF00563.23	11	27	19	10	3	15	112	60	88	34	34	81	109	56	42
PF04168.15	0	0	0	0	0	0	6	3	1	0	4	2	0	4	0
PF01986.19	0	0	0	0	0	0	0	0	0	0	0	1	0	0	0
PF10518.12	0	0	0	0	1	0	1	0	1	3	2	1	0	0	2
PF02317.20	0	0	0	0	0	0	0	0	1	0	0	1	0	2	0
PF14863.9	0	0	0	1	0	1	5	0	2	0	2	0	1	1	0
PF04962.15	2	5	3	0	1	3	11	4	17	7	8	13	14	8	10
PF13548.9	0	0	0	0	0	0	0	0	0	0	0	0	0	0	1
PF13374.9	1	0	0	1	0	1	3	2	6	2	14	18	1	6	10
PF16197.8	0	0	0	0	0	0	0	5	4	0	3	4	0	2	2
PF00698.24	2	0	1	3	0	0	9	11	16	8	9	20	9	19	13
PF14765.9	0	0	0	0	0	0	0	3	2	0	3	2	0	0	0
PF08659.13	0	0	0	0	0	0	0	3	4	0	3	3	0	0	2
PF09826.12	2	0	1	0	0	3	1	0	7	2	2	1	3	2	3
PF08309.14	0	0	0	0	0	0	0	0	0	0	3	0	0	0	2
PF00111.30	6	9	5	4	1	1	6	17	20	15	18	40	15	28	21
PF01799.23	2	7	2	0	0	0	3	1	3	3	5	7	3	8	7
PF01315.25	3	6	3	0	0	1	6	7	9	8	9	19	8	15	12
PF02738.21	3	6	3	0	0	1	6	7	9	8	9	19	8	17	13
PF20256.1	3	6	4	0	0	1	8	8	11	10	15	24	8	23	18
PF03699.16	0	0	0	0	0	0	0	1	0	1	1	0	0	1	0
PF00174.22	0	0	0	0	0	0	0	0	0	0	0	0	0	1	1
PF03404.19	0	0	0	0	0	0	0	0	0	0	0	0	0	1	0
PF02504.18	19	24	35	29	5	31	24	16	11	12	2	12	13	12	9
PF04231.16	0	0	1	1	3	3	2	7	10	9	12	30	2	12	9
PF13564.9	0	0	0	0	0	0	0	1	0	0	0	0	0	0	1
PF13305.9	0	0	1	0	0	0	2	1	4	4	6	6	3	3	3
PF01526.20	0	0	0	0	3	0	0	0	0	0	0	0	0	0	0
PF13732.9	1	0	1	4	2	2	1	6	13	3	11	17	4	11	15
PF00543.25	0	1	0	0	0	1	137	29	41	5	19	32	7	21	14
PF16450.8	0	0	0	0	0	0	0	0	0	0	0	1	0	0	0
PF01877.20	0	0	0	0	0	0	0	0	0	0	0	0	0	0	0
PF13589.9	6	11	11	20	16	30	92	77	68	34	43	83	65	54	58
PF01119.22	0	1	1	6	5	10	7	11	19	10	16	22	11	13	13
PF08676.14	0	1	1	6	4	10	7	11	19	10	16	22	11	13	13
PF04375.17	0	0	0	0	0	0	0	1	0	0	0	0	0	0	0
PF09982.12	0	0	0	0	0	0	0	0	0	0	2	0	0	2	1
PF03481.16	0	4	3	2	0	3	6	5	3	4	7	11	7	6	3
PF17773.4	0	0	0	0	0	0	0	0	0	0	1	0	0	1	0
PF14198.9	3	7	7	0	2	4	8	50	54	31	93	94	30	79	96
PF01420.22	3	7	0	9	0	9	25	12	33	19	46	66	74	22	41
PF18938.3	0	0	0	0	0	0	0	0	0	0	0	0	0	0	0
PF18651.4	0	0	0	0	0	0	0	0	0	0	0	0	0	0	0
PF20009.2	0	0	0	0	0	0	0	0	0	0	0	1	0	6	10
PF19076.3	0	0	0	0	0	0	0	0	0	0	0	0	0	0	0
PF07338.16	0	0	0	0	0	0	0	0	0	0	3	0	0	0	0
PF13937.9	0	0	0	0	0	0	0	0	1	0	0	0	0	0	0
PF04816.15	0	0	0	0	0	0	0	0	0	0	0	0	0	0	1
PF13936.9	0	1	1	0	2	1	1	13	25	17	13	34	20	33	8
PF02657.18	0	0	0	0	0	0	1	0	1	2	3	4	0	2	1
PF14258.9	0	0	0	0	1	0	0	0	0	0	0	0	0	1	1
PF13415.9	0	0	0	0	0	0	0	0	1	0	0	0	0	0	0
PF13188.10	2	1	1	3	0	2	9	22	24	14	23	49	25	32	26
PF01928.24	0	0	0	0	0	0	0	3	0	1	3	2	5	1	3
PF05235.17	0	0	0	0	0	0	0	0	0	0	2	0	0	0	0
PF20592.1	0	0	0	0	0	0	0	0	0	0	0	0	0	0	0
PF07501.15	4	2	2	4	3	6	7	22	21	4	7	22	13	18	7
PF18267.4	1	2	1	0	0	1	11	1	1	3	2	2	2	3	4
PF03460.20	7	2	14	22	8	25	36	25	8	10	12	18	37	24	13
PF01077.25	7	2	13	22	8	24	36	23	8	10	11	18	35	21	11
PF06271.15	0	1	1	0	0	4	2	2	1	0	4	1	8	0	2
PF01026.24	1	0	1	0	1	1	8	10	5	7	4	12	9	6	9
PF08291.14	0	0	1	0	0	0	0	1	0	0	0	0	0	1	0
PF05099.16	0	0	0	0	0	0	0	0	0	0	0	0	0	0	1
PF09339.13	0	0	1	2	0	2	2	0	0	1	2	6	2	3	1
PF01614.21	0	0	1	2	0	2	1	0	0	1	2	6	2	1	1
PF08450.15	0	0	0	0	0	0	0	1	0	0	0	0	0	1	0
PF03918.17	0	0	0	0	0	0	0	0	0	0	0	0	0	0	0
PF11950.11	0	0	0	0	0	0	0	1	1	0	0	2	1	0	2
PF13487.9	0	5	3	6	1	10	19	25	27	5	6	12	39	17	15
PF04227.15	0	0	0	0	0	0	5	2	4	7	1	5	2	3	1
PF00309.23	0	1	0	0	0	1	2	3	5	3	10	17	1	3	5
PF04963.16	0	1	0	0	0	1	2	3	5	4	11	17	1	4	6
PF04552.16	0	1	0	0	0	1	2	3	5	4	11	17	1	4	6
PF10986.11	0	0	0	0	0	0	0	2	0	0	0	0	0	0	0
PF02005.19	0	0	0	0	0	0	0	0	1	0	0	0	0	0	0
PF00067.25	1	1	1	0	1	3	0	7	10	0	2	0	0	0	5
PF13533.9	0	0	1	1	1	2	8	18	16	8	20	27	24	34	29
PF13175.9	1	3	0	3	0	9	17	21	29	19	34	65	22	25	45
PF14716.9	0	0	0	0	0	0	0	0	1	0	0	1	0	0	0
PF11349.11	0	0	0	0	0	0	0	0	0	1	0	0	0	0	0
PF04026.15	18	40	31	10	14	28	83	22	28	60	40	43	84	28	23
PF19302.2	5	13	15	20	4	19	37	29	48	19	45	64	65	54	45
PF00764.22	4	1	4	12	1	5	31	12	23	14	17	29	32	46	27
PF01813.20	21	25	14	16	5	16	28	11	6	13	3	3	44	9	8
PF07882.15	23	26	41	23	12	28	32	4	4	29	1	3	24	8	7
PF02952.20	37	41	57	39	20	41	130	24	28	56	8	23	146	24	20
PF02632.17	0	1	0	1	0	0	0	4	4	1	1	5	140	8	4
PF02127.18	6	4	13	9	5	19	17	21	23	6	14	43	36	34	28
PF05167.15	1	4	1	2	2	6	18	6	8	9	11	14	19	15	18
PF12010.11	0	7	1	2	2	19	25	9	4	37	13	8	65	24	23
PF06838.14	0	1	2	0	0	4	5	6	3	5	9	14	11	8	9
PF07264.14	0	0	0	0	0	0	0	1	0	0	0	0	0	0	0
PF12005.11	0	0	0	0	0	0	0	0	0	0	0	0	0	1	0
PF02011.18	0	0	0	0	0	0	0	0	1	0	0	0	0	0	0
PF09991.12	0	0	0	0	0	0	0	0	0	0	1	0	1	0	0
PF13407.9	214	251	227	294	78	221	542	128	136	288	57	119	495	116	113
PF16078.8	0	0	0	0	0	0	0	0	0	0	0	1	2	0	0
PF13672.9	1	1	2	1	2	4	7	17	16	10	8	34	7	12	13
PF13173.9	1	1	5	1	2	0	21	29	24	29	35	75	31	48	22
PF13635.9	1	1	4	1	2	0	16	24	20	23	24	67	27	48	21
PF12644.10	0	0	0	0	0	0	0	1	0	0	0	0	0	0	0
PF07788.14	0	0	0	0	0	0	0	1	0	0	0	0	0	0	0
PF09163.14	0	0	0	0	0	0	0	0	0	0	0	0	0	0	0
PF01863.20	4	0	2	2	1	1	2	0	7	9	5	3	6	3	7
PF07833.14	1	0	0	0	10	0	79	35	9	7	38	6	18	17	13
PF17202.7	6	5	5	10	4	9	34	26	27	8	8	27	43	18	15
PF10418.12	14	12	23	16	6	36	26	19	26	33	12	26	79	21	25
PF11545.11	0	0	0	0	0	0	0	0	1	0	0	0	0	0	0
PF00290.23	0	0	0	0	0	1	0	2	2	1	2	3	0	3	2
PF13510.9	17	23	23	15	5	22	39	12	12	40	9	14	58	13	24
PF10588.12	8	12	18	11	5	17	32	11	12	33	8	13	54	12	20
PF00037.30	56	64	85	80	54	117	272	109	127	151	92	139	502	148	114
PF01817.24	1	0	0	5	3	7	10	9	13	3	7	20	5	10	12
PF02153.20	0	1	0	0	0	0	4	6	6	3	6	9	7	6	8
PF16177.8	0	0	0	0	0	0	0	1	1	0	1	2	0	0	0
PF13125.9	0	0	0	0	0	0	0	1	0	0	0	0	0	0	0
PF01257.22	17	10	26	17	16	13	15	5	6	28	5	4	50	8	3
PF13237.9	5	2	9	4	4	5	27	19	20	25	13	37	21	22	24
PF01496.22	44	37	36	51	7	36	80	19	17	47	6	9	176	10	8
PF14194.9	0	0	1	0	1	0	0	28	22	42	48	100	9	35	32
PF12844.10	4	7	6	4	2	6	26	48	43	38	58	123	49	39	73
PF01967.24	1	0	0	0	0	0	0	0	1	1	1	1	0	0	2
PF01758.19	0	0	3	0	0	2	0	0	1	2	2	2	2	2	1
PF13623.9	1	1	0	0	1	4	1	3	4	2	11	10	1	7	2
PF00732.22	0	0	1	0	0	0	0	0	1	0	1	0	0	1	1
PF05199.16	0	0	1	0	0	0	0	0	1	0	1	0	0	1	1
PF12895.10	1	0	3	0	1	1	1	0	4	2	2	2	0	0	5
PF18942.3	0	0	1	0	0	0	0	0	2	0	0	6	0	2	2
PF10825.11	0	0	1	0	0	0	2	0	0	2	2	1	23	3	0
PF02167.18	0	0	0	0	0	0	0	0	0	0	0	1	0	0	0
PF13144.9	0	0	0	0	0	0	0	0	0	0	0	1	0	1	0
PF14535.9	6	4	5	2	1	7	15	11	15	11	9	12	13	12	17
PF02771.19	91	116	105	100	50	165	520	101	106	121	77	73	206	66	66
PF02770.22	91	116	104	100	50	165	520	101	106	121	77	72	206	66	65
PF00441.27	91	116	104	100	50	165	520	101	106	121	77	73	206	63	66
PF18952.3	1	2	7	3	1	2	37	0	17	1	1	2	2	0	0
PF01547.28	72	161	126	144	42	212	921	129	151	127	50	120	622	111	88
PF07683.17	2	0	1	2	2	3	4	2	7	3	7	8	4	5	9
PF01915.25	9	4	7	14	6	9	54	84	71	60	70	128	87	107	94
PF00150.21	1	0	2	0	2	1	7	5	13	22	10	7	14	7	2
PF12161.11	5	3	8	11	6	7	26	39	59	46	90	116	92	66	91
PF18537.4	20	19	10	12	4	14	27	2	4	42	3	3	25	5	2
PF03598.18	20	20	10	13	4	14	27	2	4	42	3	3	25	5	2
PF19436.2	21	20	11	13	4	16	27	2	4	42	3	4	26	5	2
PF03063.23	21	19	9	6	6	13	12	6	28	70	25	47	36	21	18
PF03060.18	0	1	0	4	0	3	9	12	11	7	9	27	7	15	8
PF05598.14	26	49	64	27	24	55	154	158	208	371	343	749	268	324	288
PF01076.22	5	0	1	3	12	0	15	153	226	183	344	599	125	245	239
PF09338.14	190	190	180	143	65	191	120	11	9	102	3	2	112	7	11
PF04723.17	51	47	49	24	14	48	60	5	1	25	1	0	129	2	2
PF19789.2	0	1	0	2	1	4	4	10	13	8	9	4	11	12	2
PF13290.9	0	4	14	8	2	11	261	70	128	166	69	90	396	102	144
PF05729.15	0	1	0	0	0	0	4	1	0	2	2	3	7	3	1
PF12750.10	0	0	0	0	1	0	0	8	4	5	9	22	0	6	4
PF19478.2	0	1	2	3	1	0	3	40	51	38	71	110	11	68	53
PF14193.9	1	0	0	0	1	0	1	11	14	11	20	28	3	15	15
PF18852.4	0	0	0	0	0	0	0	4	8	8	10	20	7	7	13
PF08401.14	0	1	3	0	9	1	8	120	171	156	315	479	103	223	266
PF06114.16	2	3	2	4	7	1	13	65	104	118	201	359	84	129	186
PF14191.9	0	1	4	0	11	1	8	142	190	203	374	552	107	241	293
PF14195.9	0	1	3	0	10	1	7	107	167	189	282	499	98	176	232
PF12645.10	0	2	2	0	1	1	5	28	30	28	44	61	14	23	36
PF00301.23	15	13	15	8	8	25	33	15	19	16	18	14	96	11	10
PF02920.18	51	68	45	32	19	54	87	56	85	168	136	188	62	94	123
PF14283.9	0	0	0	0	3	0	6	52	72	60	134	200	44	72	102
PF12666.10	0	0	0	1	3	0	0	20	41	23	37	64	18	38	51
PF12642.10	0	0	0	0	0	0	0	0	0	0	1	0	0	1	1
PF00042.25	0	0	0	0	0	0	1	0	1	0	1	0	0	0	0
PF12728.10	1	0	2	2	2	7	7	18	27	24	50	76	7	26	19
PF02545.17	1	3	6	1	1	1	6	1	4	2	5	2	2	4	6
PF13620.9	0	0	0	0	0	0	7	5	9	24	7	3	19	3	2
PF04413.19	0	0	0	0	3	2	1	4	4	2	14	19	1	8	4
PF03575.20	1	0	0	0	1	1	12	6	8	0	12	10	15	14	14
PF04613.17	1	0	1	0	0	0	0	3	3	2	3	5	0	5	2
PF11028.11	1	0	0	1	2	1	2	8	14	6	31	43	2	10	16
PF02417.18	0	0	1	0	0	2	5	2	12	6	10	11	11	7	7
PF13304.9	2	4	4	1	1	7	22	24	38	18	52	67	59	29	52
PF12186.11	1	1	0	0	2	3	3	5	7	6	16	15	5	5	11
PF01502.21	1	0	1	0	1	2	5	6	3	4	2	6	16	4	5
PF01503.20	1	0	1	0	1	2	5	4	3	3	3	4	13	4	5
PF08328.14	0	0	0	0	0	0	0	2	1	1	2	3	1	3	1
PF12008.11	3	4	2	0	1	2	12	14	26	9	45	38	19	17	26
PF04973.15	0	0	1	0	0	1	1	1	0	1	2	2	2	0	2
PF16403.8	0	1	3	2	2	16	1	5	7	4	1	0	6	6	3
PF02190.19	2	1	3	4	4	10	15	13	21	11	12	18	9	27	21
PF04327.15	1	2	7	3	1	6	18	6	7	2	1	4	14	3	1
PF01032.21	1	0	1	1	1	3	4	7	11	7	14	17	32	23	10
PF05582.15	0	0	0	0	0	0	0	0	0	0	0	0	0	0	0
PF01867.19	0	0	0	0	0	0	28	5	9	3	5	1	6	13	7
PF04468.15	1	3	3	4	2	6	18	10	16	8	18	23	16	17	19
PF09491.13	0	0	0	1	0	1	3	2	5	7	0	1	3	1	1
PF07355.15	69	97	76	45	16	87	53	5	3	79	1	0	60	3	7
PF05544.14	18	22	26	28	9	19	25	1	1	9	0	0	11	0	0
PF19571.2	0	1	0	0	0	1	4	3	1	1	1	1	5	1	1
PF13751.9	20	31	27	21	17	22	50	122	162	148	188	361	158	274	224
PF02604.22	2	1	1	2	0	3	24	7	58	23	24	43	26	22	24
PF13401.9	2	5	2	2	0	1	3	30	34	27	33	59	49	48	43
PF09299.14	3	2	0	0	0	0	6	27	14	14	62	57	42	56	65
PF20020.2	1	0	1	0	0	0	1	10	3	1	5	13	2	18	10
PF05164.16	3	3	3	0	2	3	7	2	5	6	1	6	11	4	4
PF00269.23	16	49	28	23	12	30	45	6	18	53	4	5	47	4	10
PF02616.17	0	0	0	3	1	2	2	6	5	2	1	5	8	19	8
PF01992.19	10	19	10	11	3	21	18	5	1	10	6	2	20	4	8
PF19568.2	0	0	0	1	0	1	1	5	3	2	3	5	3	3	3
PF18980.3	1	2	0	3	1	1	9	5	7	3	2	2	11	7	7
PF01946.20	4	8	1	1	1	1	1	5	4	0	1	9	1	2	3
PF18075.4	4	0	2	1	4	3	7	7	5	6	5	34	31	11	8
PF12663.10	1	2	0	0	1	1	3	2	5	4	12	7	7	6	2
PF13847.9	3	0	3	2	2	4	22	29	17	8	24	31	19	29	33
PF14082.9	0	1	0	0	0	0	1	0	1	1	1	1	0	0	0
PF18828.4	0	0	2	0	5	1	3	21	32	57	49	103	16	43	47
PF05713.14	1	0	1	1	2	0	9	32	49	43	92	114	26	58	61
PF13588.9	1	0	0	1	0	4	3	3	4	2	3	5	16	12	5
PF08463.13	5	7	3	2	2	7	4	9	8	6	10	11	20	21	12
PF13263.9	2	0	1	1	0	2	1	2	0	2	0	3	7	1	4
PF02906.17	16	17	27	17	13	45	60	31	40	62	33	53	89	38	45
PF02256.20	7	8	16	9	4	16	22	5	6	22	8	9	36	8	11
PF12687.10	1	0	0	1	4	0	2	46	85	69	141	180	69	87	95
PF13150.9	0	0	0	0	0	0	0	0	0	1	3	4	0	1	0
PF12991.10	0	0	0	0	1	0	0	8	7	8	25	44	0	4	4
PF01656.26	4	4	3	2	3	12	10	23	22	31	43	54	35	58	40
PF01609.24	48	36	38	26	33	38	398	368	530	458	1140	1612	421	524	605
PF02401.21	42	25	21	27	11	41	148	40	34	32	28	21	134	22	26
PF04060.16	11	8	14	9	5	14	53	17	26	33	15	16	59	25	12
PF13375.9	18	24	23	34	9	20	42	20	27	36	13	18	35	28	21
PF14266.9	2	2	15	12	0	12	4	2	2	12	0	0	20	5	4
PF12685.10	1	1	3	4	0	1	1	6	6	6	4	11	3	6	12
PF03313.18	5	3	1	7	4	8	8	7	17	6	24	22	5	8	10
PF13458.9	2	0	8	3	6	4	33	4	8	3	9	5	88	9	4
PF00941.24	0	1	1	0	0	0	3	1	1	2	1	3	2	6	7
PF03450.20	0	1	0	0	0	0	3	1	1	2	1	3	2	6	7
PF02629.22	4	5	13	14	5	7	15	3	7	14	5	12	18	13	11
PF04199.16	0	0	2	1	0	1	3	1	0	1	0	1	2	1	0
PF01311.23	2	2	4	3	1	5	23	4	1	2	1	7	39	7	4
PF12733.10	1	2	1	0	0	4	4	3	1	33	15	11	8	5	1
PF02561.17	13	20	29	1	5	31	53	16	14	11	5	3	45	10	5
PF02465.21	82	79	66	26	20	110	153	23	60	101	20	7	101	31	24
PF07195.15	107	102	90	38	26	141	345	44	82	166	26	11	182	43	37
PF20074.2	5	13	12	9	2	6	19	2	0	12	0	1	21	0	1
PF06429.16	87	93	130	96	28	143	305	85	127	61	30	51	300	54	50
PF01814.26	0	5	13	6	5	18	30	22	28	15	11	30	49	37	30
PF07194.14	32	62	34	33	23	61	154	65	71	69	28	48	185	50	39
PF02895.17	32	62	34	33	23	61	154	65	71	70	28	49	185	50	40
PF01139.20	2	0	1	0	1	2	10	7	20	6	28	22	4	19	21
PF05076.16	0	0	0	0	0	0	0	6	4	2	0	8	5	3	4
PF09951.12	0	0	1	0	1	2	1	9	3	0	0	1	6	5	4
PF12673.10	0	3	3	0	3	0	18	30	48	22	8	82	19	39	61
PF08220.15	2	5	6	4	1	9	11	6	21	21	27	32	15	19	13
PF00455.25	2	5	6	4	1	8	10	2	7	7	10	12	12	4	3
PF03788.17	1	0	0	0	0	1	3	1	1	0	1	1	2	2	0
PF03116.18	5	1	0	6	0	3	18	9	15	7	13	31	57	19	11
PF06580.16	4	7	8	3	2	6	29	52	62	18	32	84	69	116	92
PF04233.17	0	0	2	1	2	2	2	6	7	2	12	21	2	32	12
PF03496.17	0	0	0	0	0	0	0	5	1	0	4	8	1	2	2
PF13479.9	0	0	0	0	0	0	0	3	7	11	6	29	2	13	5
PF01507.22	0	2	3	2	1	7	8	12	33	20	20	48	18	49	32
PF13714.9	0	0	0	0	0	0	4	1	6	5	1	2	0	0	0
PF12958.10	0	0	0	0	2	0	7	25	33	20	36	48	33	33	33
PF14236.9	0	0	0	2	2	0	0	20	2	4	14	61	0	3	0
PF17746.4	0	0	2	0	0	0	6	10	0	1	2	12	8	8	2
PF03749.16	0	0	2	0	0	0	6	10	0	1	2	12	8	8	2
PF07943.16	0	1	1	0	1	3	1	12	5	6	8	15	10	21	12
PF08769.14	0	3	2	0	1	4	12	9	9	9	4	5	21	7	5
PF18144.4	0	0	0	0	0	0	0	1	2	1	1	3	5	0	3
PF10048.12	0	0	0	0	0	0	0	0	0	1	0	0	0	0	0
PF08013.14	2	3	1	0	2	1	1	0	0	0	0	0	8	2	1
PF01487.18	0	0	2	1	1	2	0	3	0	2	3	1	0	5	1
PF13320.9	4	7	32	9	11	18	12	4	3	18	5	2	52	25	20
PF02719.18	2	1	4	7	3	5	16	21	24	11	8	41	23	19	8
PF08485.13	1	0	0	0	0	0	2	1	0	2	2	2	1	0	0
PF12911.10	1	2	1	9	2	11	38	17	18	8	10	25	76	22	26
PF07804.15	1	1	1	1	0	2	2	10	20	3	9	21	9	11	8
PF20613.1	0	0	0	0	0	0	0	0	0	0	0	0	0	0	0
PF00801.23	0	0	0	1	0	10	4	0	0	0	2	0	3	0	1
PF01113.23	1	1	1	2	1	4	6	7	7	2	7	7	3	5	7
PF05173.17	1	1	1	2	1	4	6	7	7	1	6	6	3	5	7
PF05922.19	0	0	0	0	0	0	2	0	0	1	0	0	3	0	0
PF07532.14	9	20	97	8	39	59	11	8	5	43	12	4	63	35	63
PF19192.3	0	0	0	0	0	0	0	0	0	0	0	0	0	0	2
PF19191.3	0	0	0	0	0	0	0	0	0	0	0	0	1	2	0
PF14284.9	0	0	0	0	0	0	0	13	17	29	41	83	5	43	29
PF09357.13	0	0	0	0	0	1	0	2	4	2	4	3	0	2	2
PF07693.17	0	0	2	3	0	0	2	6	5	5	12	7	17	6	2
PF13238.9	1	0	0	0	0	0	50	4	12	10	24	23	29	4	12
PF00923.22	6	2	5	4	2	4	30	4	8	4	1	6	9	1	1
PF10991.11	0	1	0	1	0	0	1	14	24	16	12	22	3	10	12
PF10926.11	0	4	0	0	0	2	2	33	41	15	46	54	5	46	32
PF05673.16	3	1	1	1	1	2	4	8	12	13	4	13	7	17	6
PF14202.9	0	0	0	0	1	0	5	12	15	20	36	53	11	27	21
PF15583.9	0	0	0	0	0	0	0	2	0	0	0	0	0	0	1
PF14568.9	0	0	2	0	1	0	1	8	7	7	19	38	2	14	78
PF14080.9	0	0	1	0	1	1	0	2	0	0	0	0	2	1	3
PF14062.9	1	1	0	0	0	1	0	2	0	1	0	0	0	1	1
PF00145.20	20	32	6	3	6	5	10	171	245	93	209	281	60	274	277
PF00326.24	1	3	7	1	5	6	5	16	15	7	30	55	8	23	29
PF07881.15	23	26	41	23	11	28	32	4	5	29	1	3	24	8	7
PF13853.9	0	0	0	0	0	0	0	0	0	0	0	1	0	0	0
PF00183.21	14	25	25	28	25	30	147	101	79	46	42	101	90	58	84
PF00639.24	1	0	1	0	1	0	3	13	6	0	22	48	7	18	13
PF13448.9	0	0	0	0	0	0	0	0	0	0	0	1	0	0	0
PF01716.21	0	0	0	0	0	0	0	0	0	0	0	0	0	1	0
PF18998.3	5	23	19	29	12	31	320	164	191	115	122	197	412	196	231
PF20597.1	0	0	0	0	0	1	7	0	2	0	1	1	0	0	0
PF18205.4	0	0	0	0	0	0	0	0	0	0	1	0	0	0	0
PF19778.2	0	0	0	0	0	0	2	2	1	2	3	3	4	5	3
PF13151.9	0	0	0	0	0	1	2	1	1	3	4	1	6	6	6
PF19553.2	1	0	1	1	2	0	3	6	8	4	14	12	6	9	6
PF10646.12	0	4	5	4	0	0	8	15	17	12	8	6	6	14	14
PF19364.2	32	44	47	31	9	33	10	1	1	26	4	0	11	3	5
PF13707.9	0	0	0	0	0	0	4	6	3	2	6	12	14	3	5
PF00460.23	87	94	122	96	25	141	273	86	114	53	29	46	293	50	46
PF02028.20	0	0	0	0	0	2	1	1	0	0	2	2	0	2	4
PF14203.9	0	0	3	0	1	2	3	24	33	24	61	64	28	35	41
PF17295.5	0	0	10	5	2	9	1	7	10	10	17	14	2	11	12
PF04326.17	16	27	9	8	6	9	70	96	83	75	189	254	92	99	104
PF13749.9	19	25	6	8	6	11	75	85	87	75	157	229	96	101	106
PF08002.14	0	1	2	0	0	0	0	2	3	2	2	2	2	3	2
PF13702.9	2	0	0	1	0	0	3	14	15	2	21	21	14	11	15
PF13586.9	3	8	14	8	1	22	9	26	13	10	37	37	48	45	36
PF13358.9	7	10	5	2	2	4	14	20	30	22	70	92	80	47	41
PF03050.17	37	45	38	15	43	37	78	149	163	60	286	287	138	108	105
PF13817.9	20	26	20	12	10	22	45	61	59	26	62	74	48	43	33
PF18610.4	9	6	19	20	4	15	87	3	8	0	5	4	7	1	4
PF17802.4	2	12	79	57	267	62	226	1464	2036	2826	3557	5834	690	3086	5050
PF18202.4	0	0	4	0	0	7	0	13	5	16	24	17	31	12	15
PF12636.10	0	0	2	0	0	0	2	2	5	3	7	14	2	1	2
PF03235.17	4	3	5	4	2	9	31	39	29	20	36	73	28	22	18
PF03652.18	1	0	6	2	2	7	8	4	8	10	11	10	3	9	9
PF13166.9	0	2	0	0	0	0	1	2	4	4	14	10	2	1	3
PF17853.4	12	19	13	6	7	8	49	31	37	24	25	38	114	57	40
PF13556.9	8	12	11	7	7	6	42	19	35	14	17	25	97	35	23
PF02508.17	7	5	3	8	3	12	47	18	24	12	16	31	105	30	27
PF00793.23	0	2	0	5	1	4	17	6	16	9	11	35	10	25	23
PF18840.4	0	5	2	1	3	1	16	78	114	129	219	390	70	134	164
PF11175.11	0	2	1	1	0	0	0	0	0	1	2	3	7	2	1
PF03644.16	0	0	0	1	0	10	0	0	0	0	2	0	3	0	2
PF18911.3	0	0	0	0	2	0	0	7	6	0	2	12	0	7	7
PF01074.25	0	0	1	3	0	23	6	5	12	3	12	6	4	16	14
PF09261.14	0	0	1	3	0	22	6	5	12	2	12	6	4	15	14
PF07748.16	0	0	1	3	0	22	6	5	12	3	12	6	4	15	14
PF17677.4	0	0	1	3	0	22	6	5	12	2	12	6	4	15	14
PF14524.9	0	2	2	2	4	5	9	3	9	2	0	9	15	14	11
PF02441.22	3	2	3	7	0	12	2	9	3	6	9	6	9	15	14
PF01229.20	0	0	2	0	0	0	2	0	1	2	1	2	0	0	0
PF02342.21	5	5	10	10	1	12	3	5	0	10	3	3	2	2	3
PF08501.14	1	2	1	0	1	0	3	5	2	2	3	4	8	9	5
PF18317.4	1	2	1	0	1	0	4	3	2	0	1	4	3	9	6
PF02614.17	2	4	3	1	1	7	52	7	11	7	25	23	54	19	16
PF16107.8	0	0	1	0	0	0	0	11	2	1	1	14	1	5	1
PF05717.16	14	10	0	0	0	3	7	17	17	10	45	50	13	13	18
PF05136.16	0	0	0	0	1	0	1	8	11	3	14	21	3	7	4
PF00882.21	1	0	1	1	1	3	3	4	5	1	3	4	4	2	0
PF10369.12	1	0	0	5	0	3	10	6	12	5	5	15	11	7	6
PF16736.8	1	0	0	2	0	1	2	10	10	12	28	37	3	13	23
PF17678.4	0	1	1	0	0	5	0	2	8	4	19	28	2	6	6
PF07971.15	0	1	1	0	0	5	0	2	8	4	20	29	2	6	6
PF13306.9	52	144	454	208	168	378	823	395	368	344	182	337	1228	293	371
PF03422.18	3	1	9	3	4	6	6	4	3	0	10	1	52	18	18
PF17851.4	0	1	1	0	2	1	30	11	19	25	5	12	16	13	13
PF02219.20	3	5	5	4	2	5	8	7	12	12	10	8	18	10	9
PF05683.15	5	3	3	8	1	3	9	7	18	6	10	29	11	16	15
PF18842.4	0	0	0	0	0	0	1	6	9	5	15	14	2	4	3
PF18830.4	0	0	4	1	3	0	5	76	96	71	191	220	55	133	154
PF14096.9	1	0	0	0	0	0	0	0	0	0	1	0	0	0	0
PF07005.14	1	1	0	0	0	2	3	1	2	0	2	7	3	11	3
PF17042.8	1	1	0	0	0	2	3	1	2	0	2	7	3	11	3
PF10076.12	0	0	0	0	0	0	0	0	0	1	3	0	6	0	5
PF04865.17	0	0	1	0	1	4	4	13	20	11	5	10	7	20	15
PF10934.11	0	0	0	0	0	0	1	1	1	0	1	2	2	1	5
PF08890.14	0	0	0	0	0	0	5	1	2	0	0	2	6	0	1
PF09393.13	0	0	1	0	0	0	5	6	6	2	0	2	3	1	1
PF17481.5	0	0	0	0	1	1	10	7	8	0	5	2	12	3	5
PF04984.17	0	0	0	0	1	1	10	7	10	0	5	5	12	5	7
PF17482.5	0	0	0	0	1	1	10	7	10	0	5	5	12	5	7
PF04883.15	0	0	0	0	0	0	0	8	12	4	25	10	3	9	10
PF06810.14	0	0	0	0	0	0	1	2	3	1	3	1	0	3	2
PF05133.17	0	0	0	0	1	0	0	3	1	4	11	17	0	6	1
PF04466.16	0	0	0	0	0	0	0	5	7	7	15	29	0	2	2
PF17288.5	0	0	0	0	0	0	0	1	0	1	4	7	0	0	0
PF03747.17	0	1	1	0	0	1	4	6	2	5	7	10	7	15	9
PF05037.16	0	0	0	0	0	0	0	0	1	0	0	0	0	0	0
PF04295.16	2	0	1	0	0	1	20	6	9	9	7	4	12	9	10
PF18152.4	0	2	0	0	0	0	7	4	6	4	6	8	0	5	7
PF04223.15	0	0	0	1	0	0	0	1	0	0	1	2	0	0	1
PF06808.15	4	2	2	1	3	9	18	10	17	14	19	24	50	25	26
PF06130.15	26	16	14	18	6	4	18	4	4	10	0	0	12	6	8
PF02562.19	3	2	3	5	4	5	10	4	13	14	12	27	8	16	17
PF03354.18	0	1	0	0	0	0	0	51	61	13	65	50	5	59	75
PF20441.1	0	1	0	0	0	0	0	58	67	13	68	55	5	65	77
PF01557.21	0	0	0	0	0	0	0	2	2	0	7	3	1	5	0
PF05063.17	0	0	0	0	3	0	0	6	9	5	20	34	2	16	19
PF18789.4	0	0	0	0	3	0	0	15	32	15	32	46	6	31	20
PF01297.20	0	0	1	0	0	1	3	2	2	0	2	1	1	3	1
PF08376.13	0	0	0	0	0	0	0	0	1	0	1	0	0	0	0
PF02595.18	1	0	0	0	0	1	1	2	3	1	2	2	6	5	2
PF09913.12	2	2	2	3	1	0	3	2	2	2	1	3	4	4	0
PF06180.14	2	0	1	0	0	3	0	11	8	5	8	6	2	24	13
PF13149.9	0	0	0	0	1	2	0	5	10	3	20	37	1	7	9
PF20164.1	0	0	0	0	0	0	0	0	0	0	0	0	0	7	0
PF05425.16	0	0	0	0	0	0	0	0	0	0	0	1	0	0	0
PF09678.13	0	0	0	0	0	0	0	0	0	0	0	2	0	1	0
PF06769.17	3	2	1	2	1	1	3	9	25	8	15	15	17	10	13
PF07366.15	0	7	9	1	0	0	3	1	5	2	2	5	3	0	0
PF17179.7	9	5	8	5	3	16	7	1	6	7	0	0	38	4	0
PF14310.9	9	4	7	14	5	9	52	82	68	56	69	126	82	101	90
PF03473.20	0	0	1	0	0	0	1	1	4	2	1	1	0	0	2
PF20501.1	0	0	0	1	0	1	0	5	3	1	1	5	5	4	6
PF04039.16	0	0	0	1	0	1	0	5	3	1	1	5	5	4	6
PF02305.20	0	0	0	0	0	0	1	0	0	5	0	0	1	0	0
PF14322.9	10	5	14	3	12	26	30	30	100	56	113	172	59	71	58
PF07980.14	12	6	14	4	14	26	32	35	108	62	135	204	69	83	65
PF01298.21	0	0	0	0	0	0	0	0	0	0	0	0	0	0	0
PF02107.19	0	0	0	0	0	0	0	0	0	1	0	0	0	0	0
PF00296.23	0	0	0	0	0	1	0	0	1	4	3	3	0	1	1
PF03861.17	0	0	1	0	1	2	15	7	14	4	8	11	6	4	8
PF09856.12	0	0	0	0	0	0	0	0	1	0	1	0	0	0	0
PF07949.15	0	2	13	15	4	14	22	31	8	7	9	20	40	12	5
PF07352.15	0	0	0	0	0	0	0	2	1	2	2	1	4	4	3
PF06074.15	0	0	0	0	0	0	0	3	7	7	13	20	2	19	9
PF10124.12	0	0	0	0	0	0	0	0	9	1	3	0	0	3	0
PF07030.15	0	0	0	0	1	0	0	1	2	0	1	4	0	3	1
PF12730.10	5	4	2	6	2	5	18	90	142	79	192	281	177	124	123
PF01063.22	3	4	4	4	1	4	38	6	12	15	19	26	26	16	9
PF04439.15	0	0	0	0	0	2	7	8	7	1	5	23	4	5	2
PF06486.14	1	0	0	0	0	1	1	5	7	5	8	22	2	8	3
PF01473.23	330	105	83	253	41	119	602	104	282	507	75	84	85	169	60
PF19085.3	75	23	8	11	0	12	144	18	56	126	9	11	33	31	5
PF19127.3	80	27	73	149	23	105	222	44	102	177	49	69	92	95	48
PF01183.23	2	2	3	3	1	12	44	44	37	23	20	54	60	56	49
PF04293.16	0	0	0	0	0	0	0	0	0	0	0	1	0	0	0
PF20008.2	0	0	0	1	0	0	0	0	1	0	3	2	1	0	0
PF00188.29	2	3	1	0	3	2	17	29	46	28	38	73	19	54	60
PF09479.13	9	33	172	35	183	218	367	415	446	402	341	331	485	311	518
PF14014.9	1	0	2	0	0	0	2	2	1	0	2	7	2	1	1
PF04378.16	0	0	0	0	0	0	0	0	0	0	0	1	0	0	1
PF06472.18	0	0	0	0	0	0	0	0	0	0	1	0	0	0	0
PF02951.17	0	0	0	0	0	0	0	0	0	0	0	0	0	0	1
PF02955.19	0	0	0	0	0	0	0	0	0	0	0	0	0	0	1
PF13204.9	0	0	0	0	0	1	2	4	3	2	3	3	4	7	3
PF02324.19	0	0	0	0	0	0	0	0	0	0	0	1	0	0	0
PF13457.9	0	0	0	0	0	0	0	0	0	6	0	6	0	0	0
PF13632.9	0	0	0	0	0	0	0	2	3	1	2	2	2	2	0
PF13531.9	0	2	0	1	0	0	0	2	0	1	0	3	0	7	4
PF12399.11	2	1	1	2	2	0	4	6	4	8	7	7	3	6	7
PF00771.23	5	7	9	10	5	18	35	22	24	14	18	29	72	18	26
PF17391.5	4	4	6	2	1	3	4	6	10	1	14	9	4	12	17
PF01175.21	4	4	6	2	1	3	4	6	10	1	14	9	4	12	17
PF17392.5	4	4	6	2	1	3	4	6	10	1	14	9	4	12	17
PF09035.13	0	0	0	0	0	0	0	2	2	3	9	16	2	8	14
PF10105.12	0	1	1	0	0	0	0	5	5	2	0	4	1	3	4
PF01823.22	0	0	0	0	0	0	0	1	0	0	0	0	0	0	0
PF20142.2	0	0	0	0	0	0	0	0	0	0	1	0	0	0	1
PF12156.11	0	0	0	0	0	0	0	0	0	0	1	1	0	2	0
PF05895.15	0	0	0	0	0	0	0	0	0	0	2	2	0	1	0
PF05662.17	0	0	0	0	0	0	0	8	0	0	6	0	0	0	0
PF05658.17	0	0	0	0	0	0	0	0	0	0	10	0	0	0	0
PF06175.14	0	0	0	0	0	0	0	0	0	0	0	2	0	0	0
PF10162.12	0	0	0	0	0	0	0	1	0	0	0	0	0	0	0
PF18962.3	0	0	0	0	0	0	0	8	5	0	5	5	0	14	10
PF12847.10	3	0	0	1	2	4	8	11	5	2	3	8	12	4	4
PF06545.14	3	3	8	10	3	6	6	0	2	5	1	1	2	0	1
PF00722.24	0	0	1	0	0	2	2	3	15	3	10	12	2	10	4
PF02608.17	11	22	4	4	1	11	69	31	23	32	16	26	122	32	25
PF08874.13	1	5	0	0	0	2	9	10	5	10	18	52	13	20	16
PF12395.11	1	5	0	0	0	2	9	10	5	10	18	52	13	20	16
PF09547.13	1	3	6	2	1	5	8	12	17	18	9	24	12	16	18
PF20438.1	1	3	6	2	1	5	8	12	17	18	9	24	12	16	18
PF20439.1	1	3	6	2	1	5	8	12	17	18	9	24	12	16	18
PF13451.9	4	2	3	9	1	2	31	2	8	4	6	3	98	6	8
PF01746.24	2	2	1	2	0	1	11	4	7	2	14	14	4	10	8
PF08903.14	0	5	0	3	1	2	3	0	13	2	10	9	7	5	12
PF12224.11	0	0	0	0	1	0	2	17	16	7	41	47	13	26	27
PF06751.14	0	2	2	0	2	1	0	0	0	3	0	0	3	0	1
PF00936.22	54	29	31	20	7	25	87	12	11	22	1	5	10	14	8
PF06134.14	2	1	0	0	1	2	1	1	0	1	0	1	3	1	0
PF05816.14	2	6	9	9	3	11	14	15	13	12	4	17	12	13	7
PF07728.17	0	1	1	2	0	2	5	6	7	2	3	13	1	4	8
PF13624.9	1	1	2	2	1	2	1	1	1	0	2	1	2	2	1
PF17937.4	0	0	0	0	0	0	0	0	0	0	0	0	0	1	0
PF18059.4	0	0	0	0	0	0	0	0	0	0	0	1	0	0	0
PF19425.2	0	0	0	0	0	0	0	1	1	2	2	2	1	1	3
PF07635.14	0	0	0	0	0	0	0	0	1	0	3	2	0	0	1
PF07626.14	0	0	0	0	0	0	0	1	1	0	1	0	0	0	1
PF07637.14	0	0	0	0	0	0	0	1	1	0	1	0	0	0	1
PF07631.14	0	0	0	0	0	0	0	1	1	0	1	0	0	0	1
PF07627.14	0	0	0	0	0	0	0	1	1	0	1	0	0	0	1
PF07624.14	0	0	0	0	0	0	0	1	1	0	1	0	0	0	1
PF01035.23	0	0	1	2	0	0	4	4	5	1	5	10	11	7	8
PF04357.16	0	1	0	1	0	1	0	0	12	2	19	21	1	7	5
PF13488.9	0	0	0	0	0	0	0	0	1	0	1	9	0	0	2
PF20057.2	0	0	0	0	0	0	0	0	0	0	0	0	0	1	0
PF10415.12	5	0	1	3	2	2	3	2	6	2	9	12	0	5	2
PF12345.11	0	0	0	0	0	0	0	0	0	0	1	0	0	0	0
PF02018.20	3	10	6	6	0	16	33	9	24	4	25	31	5	19	4
PF07550.14	0	0	0	0	0	0	0	0	0	0	0	1	0	0	0
PF07995.14	0	0	0	0	0	0	0	3	0	0	1	1	0	2	0
PF13517.9	0	0	0	0	3	0	0	14	13	3	9	34	6	10	14
PF09414.13	0	0	0	2	0	1	1	1	1	0	0	2	0	1	3
PF06490.14	0	0	0	0	0	0	0	0	0	0	0	2	0	0	0
PF04229.17	0	0	0	0	0	0	2	1	6	13	8	16	0	0	2
PF03916.17	0	0	0	0	0	0	0	0	0	2	0	0	0	0	3
PF17899.4	0	0	0	0	0	0	0	1	0	0	1	0	0	1	0
PF05299.15	0	0	0	0	0	0	0	1	0	0	1	0	0	1	0
PF00724.23	3	3	4	1	2	8	3	8	4	10	3	11	4	7	12
PF02091.18	0	0	0	0	0	0	0	0	1	0	2	0	0	0	0
PF08787.14	0	0	0	0	0	0	0	0	0	0	0	0	0	0	0
PF17892.4	0	0	0	0	4	0	0	0	1	0	2	0	0	0	0
PF17963.4	0	0	0	0	18	0	0	1	7	3	61	21	1	21	1
PF18931.3	1	0	0	0	0	0	0	0	1	3	1	2	2	1	3
PF04754.15	2	3	3	1	1	2	10	15	16	5	5	11	19	25	15
PF10145.12	0	0	0	0	2	1	3	125	168	69	192	233	50	193	162
PF02511.18	0	0	0	0	1	2	1	2	3	3	5	1	0	0	0
PF04014.21	1	6	3	0	1	5	22	7	8	7	7	13	20	7	11
PF06908.14	0	0	0	0	0	0	0	1	4	5	10	13	4	9	13
PF13346.9	0	2	0	1	0	0	6	19	15	7	23	27	56	25	17
PF12837.10	0	0	1	0	1	0	5	1	8	2	8	5	4	4	6
PF15937.8	0	0	0	0	0	0	1	1	2	0	1	1	1	1	2
PF13470.9	6	2	1	0	0	1	17	11	10	2	10	9	34	6	10
PF04221.15	5	10	3	0	1	3	14	12	11	8	6	9	39	8	11
PF05016.18	0	6	1	1	1	6	15	19	15	6	10	25	62	12	17
PF06964.15	2	4	12	8	4	10	12	26	15	15	24	53	18	34	14
PF13007.10	26	31	26	10	22	25	44	103	115	34	178	141	113	67	56
PF13643.9	0	1	0	1	1	1	0	0	0	0	5	3	1	0	0
PF01583.23	0	1	1	1	0	2	2	1	0	2	1	2	2	2	3
PF03965.19	7	21	30	33	8	13	246	49	67	76	70	123	208	57	65
PF19546.2	0	3	0	0	1	3	8	50	57	16	27	66	12	58	47
PF17761.4	4	4	15	7	2	10	42	49	56	42	79	125	84	55	58
PF06250.14	4	6	15	7	2	10	44	50	54	42	85	129	88	53	60
PF04509.15	32	37	52	54	20	54	151	58	53	54	14	42	272	56	27
PF01052.23	22	23	33	39	16	29	112	35	41	36	14	33	208	28	31
PF04647.18	16	14	5	4	0	3	31	7	18	52	21	65	485	11	8
PF07697.14	0	0	0	1	0	0	1	0	2	0	7	8	0	0	5
PF09424.13	0	0	1	1	0	5	2	2	1	2	6	2	5	1	5
PF04020.16	0	0	0	1	0	0	0	0	0	0	0	0	1	0	0
PF00462.27	0	2	0	1	1	3	1	1	7	2	0	0	3	1	0
PF07602.14	0	0	1	0	0	0	2	1	0	1	1	0	3	1	1
PF05569.14	27	32	48	75	21	17	347	179	245	181	213	486	504	234	239
PF00544.22	0	0	0	0	0	0	153	72	72	80	26	5	208	40	55
PF13229.9	1	4	6	6	1	5	11	21	21	12	13	17	24	26	19
PF18283.4	0	0	0	0	0	0	10	17	28	10	8	1	30	11	18
PF02547.18	2	3	2	0	1	1	3	10	19	7	19	35	11	19	13
PF13721.9	0	0	0	0	0	0	0	1	1	0	0	0	0	1	0
PF03938.17	2	3	0	2	6	3	3	0	10	2	3	5	0	2	7
PF11392.11	1	0	1	0	0	1	0	0	0	0	1	0	0	0	0
PF12860.10	0	0	0	0	0	0	0	0	0	0	2	4	0	1	1
PF09852.12	0	0	0	0	0	0	0	1	0	0	0	0	0	0	0
PF11985.11	0	0	0	0	0	1	0	1	0	0	4	0	1	1	8
PF13165.9	2	3	5	2	0	6	17	5	8	4	2	1	35	2	0
PF02914.18	0	0	0	0	0	0	0	3	2	2	2	3	1	4	8
PF13303.9	2	2	0	0	0	1	1	2	5	1	1	5	16	3	9
PF18824.4	0	0	0	0	0	0	0	1	1	1	2	2	0	2	1
PF14078.9	0	0	0	0	0	0	0	0	0	0	0	0	0	0	0
PF01070.21	2	2	5	0	0	0	8	1	3	0	0	6	8	12	7
PF02682.19	0	0	0	0	0	0	0	0	1	2	0	3	0	0	1
PF03328.17	0	0	0	1	0	0	3	2	1	2	3	3	4	14	10
PF14804.9	4	3	5	4	2	9	18	5	14	8	3	13	30	8	6
PF01424.25	4	3	5	4	2	9	18	5	14	10	4	13	30	9	6
PF03737.18	0	0	0	0	0	0	0	2	0	1	0	6	0	2	1
PF20038.2	0	0	0	0	0	0	0	1	2	0	0	0	0	0	0
PF01066.24	2	1	1	1	1	3	4	4	3	4	8	29	19	9	8
PF01144.26	13	7	6	8	6	10	43	16	18	42	11	9	29	12	16
PF09039.14	0	0	0	0	0	0	0	1	0	2	6	2	1	0	1
PF03746.19	0	0	1	1	1	0	0	0	0	1	1	0	0	2	1
PF01566.21	0	0	1	0	1	0	0	0	1	2	0	0	0	1	0
PF07286.15	0	0	0	0	0	1	0	0	1	0	0	1	0	0	1
PF08497.13	0	3	1	2	2	3	9	11	13	7	14	18	8	8	13
PF11842.11	0	3	1	2	2	3	9	11	13	7	14	17	8	8	13
PF00215.27	1	3	2	1	0	4	9	7	10	6	7	13	13	13	10
PF00302.21	0	1	0	0	0	1	2	0	4	9	10	16	5	1	6
PF02754.19	10	4	2	20	6	7	8	2	5	6	23	16	17	14	16
PF15714.8	0	1	0	0	1	2	3	4	5	2	3	8	6	2	2
PF12710.10	0	1	0	1	2	1	4	9	10	9	16	26	8	11	10
PF07873.14	0	0	0	1	0	0	4	3	8	2	0	7	6	1	1
PF04232.15	0	0	0	0	0	0	2	0	0	0	0	0	6	1	0
PF02411.18	0	0	0	0	0	0	1	0	0	0	0	0	0	0	0
PF05170.17	0	0	0	1	0	0	0	1	0	0	3	1	0	1	0
PF13493.9	1	0	0	1	0	0	8	2	1	6	3	1	5	4	6
PF13840.9	2	1	1	5	0	3	6	4	4	3	11	5	6	8	11
PF06677.15	0	0	0	0	0	0	0	0	0	0	0	0	0	0	0
PF13860.9	1	1	1	1	0	2	2	0	2	1	1	16	12	0	2
PF18934.3	1	0	0	0	0	4	3	1	2	6	1	3	1	6	6
PF20458.1	0	0	0	0	0	0	0	0	0	0	0	0	0	0	1
PF07993.15	4	0	0	1	0	2	0	5	0	2	3	12	0	4	2
PF07394.15	0	0	0	0	0	0	0	1	0	0	1	0	0	3	1
PF01348.24	2	1	0	1	3	0	5	33	38	35	131	107	63	114	111
PF08495.13	2	3	6	5	2	9	10	14	4	18	5	11	24	13	6
PF10442.12	2	2	3	0	1	2	3	6	2	12	2	7	14	8	4
PF04630.15	0	0	0	0	0	0	0	0	0	0	0	0	0	1	0
PF08797.14	0	0	0	0	0	0	1	2	0	2	3	2	3	1	1
PF01292.23	0	0	0	0	0	0	0	0	1	0	0	1	0	0	2
PF14814.9	0	0	0	0	0	0	0	1	0	0	0	0	0	0	0
PF11794.11	1	0	0	0	0	0	6	5	9	5	13	14	10	8	5
PF03241.16	1	0	0	0	0	0	6	5	9	4	13	11	10	8	5
PF00857.23	0	0	0	0	0	5	9	8	8	3	2	10	12	6	7
PF13343.9	3	1	0	1	1	7	6	1	2	1	2	5	7	3	1
PF13380.9	0	0	0	0	1	0	0	0	0	0	0	1	0	1	3
PF10593.12	0	0	0	1	1	1	6	1	4	4	3	3	2	0	1
PF10592.12	0	1	1	0	0	0	8	12	11	13	3	25	3	5	6
PF09924.12	0	0	0	3	0	0	1	3	5	5	11	5	1	8	3
PF00487.27	0	0	0	0	0	0	0	2	0	0	0	0	0	1	2
PF08818.14	1	1	1	1	0	0	2	3	10	2	7	19	1	11	11
PF12681.10	0	0	2	0	0	0	3	5	2	5	5	8	12	3	3
PF20148.2	1	0	0	0	1	0	6	25	42	15	16	18	34	43	44
PF05580.15	0	0	1	0	1	5	1	3	8	2	1	23	2	9	15
PF11888.11	0	0	0	0	0	0	0	5	11	11	16	28	0	1	0
PF15572.9	0	0	0	0	0	0	0	1	0	0	2	4	0	1	1
PF11760.11	0	0	0	0	0	1	0	4	2	4	5	6	1	14	19
PF01890.19	0	0	0	0	0	1	0	4	2	4	5	6	1	14	19
PF13296.9	0	0	0	0	0	0	0	0	0	1	1	0	0	1	0
PF18991.3	3	1	4	2	0	5	0	0	1	0	0	0	4	2	0
PF13569.9	3	2	5	2	0	8	2	0	9	3	0	4	11	7	1
PF03448.20	1	3	1	0	2	1	8	11	12	17	9	31	15	10	3
PF01769.19	1	3	0	0	2	1	8	7	12	17	9	26	15	9	3
PF07606.14	0	0	0	0	0	0	0	0	0	0	0	0	0	0	1
PF13442.9	0	0	0	0	0	0	0	0	0	0	1	4	1	6	1
PF06695.14	0	0	0	0	0	0	0	2	2	2	1	1	2	1	2
PF13595.9	0	0	0	0	1	0	0	2	4	14	22	37	1	14	14
PF04967.15	0	0	0	0	0	0	0	0	0	0	0	0	0	1	0
PF12225.11	2	6	0	1	0	0	0	0	1	4	1	1	1	2	2
PF17200.7	2	6	1	3	1	8	31	9	12	2	1	7	17	9	7
PF00089.29	0	0	0	0	0	0	0	0	0	0	1	0	0	1	0
PF09002.14	0	0	0	0	0	0	0	0	0	0	0	0	0	1	0
PF02798.23	0	0	0	0	0	0	0	0	0	0	0	2	0	0	1
PF00043.28	0	0	0	0	0	0	0	0	0	0	0	3	0	0	0
PF11734.11	2	2	0	1	1	2	1	7	9	3	9	17	8	10	5
PF05853.15	0	0	0	0	0	0	2	0	2	2	2	1	2	1	2
PF03551.17	0	1	2	1	1	6	6	20	21	17	39	35	18	20	19
PF10400.12	0	0	0	0	0	1	0	1	2	1	1	1	1	4	3
PF07848.15	0	0	0	0	0	0	0	0	0	0	0	0	0	1	0
PF08223.14	0	0	0	0	0	0	0	0	0	0	0	0	0	1	0
PF07729.15	3	3	7	4	3	15	9	10	18	17	13	22	6	24	24
PF01386.22	0	1	4	0	1	3	5	4	2	1	6	3	3	3	5
PF14693.9	0	1	4	0	1	3	5	4	2	1	6	3	3	3	5
PF13116.9	0	0	0	0	0	0	0	1	0	0	1	2	1	0	1
PF16199.8	1	0	1	0	0	1	5	3	1	2	3	3	6	12	2
PF11520.11	0	0	0	0	0	0	0	0	0	0	1	0	0	0	0
PF02631.19	0	2	0	1	0	1	7	4	1	1	6	11	11	2	6
PF14319.9	3	10	5	3	2	10	45	10	4	8	11	15	16	11	9
PF04986.16	3	10	5	3	2	10	148	17	6	10	11	24	19	15	11
PF18974.3	0	0	0	1	0	0	1	2	1	0	0	0	0	0	0
PF13699.9	0	0	0	0	0	0	0	0	0	0	0	6	0	0	1
PF00092.31	0	0	2	4	3	3	16	21	27	22	21	68	37	30	21
PF14489.9	0	1	1	2	1	1	0	0	1	0	5	7	0	3	1
PF04383.16	0	0	5	0	0	0	21	11	14	11	26	23	9	6	11
PF05693.16	0	2	2	2	0	2	2	12	30	4	38	48	6	34	30
PF11897.11	1	1	2	2	1	3	0	9	20	4	28	33	2	16	15
PF12439.11	0	1	3	1	0	4	6	4	11	9	7	22	4	8	2
PF06202.17	0	1	3	1	0	4	6	4	12	9	7	22	4	8	2
PF03065.18	0	0	1	2	1	1	2	6	9	3	11	13	8	13	9
PF12708.10	0	1	7	3	1	4	6	4	10	1	5	4	9	9	7
PF00295.20	0	0	2	0	0	0	12	9	12	5	10	9	32	20	13
PF01095.22	0	0	0	0	0	0	244	40	83	97	18	14	315	29	48
PF07495.16	1	0	0	0	2	0	3	15	26	10	56	72	1	22	22
PF13636.9	0	1	2	1	0	1	8	10	12	4	11	16	4	8	8
PF02591.18	0	1	0	0	0	0	0	0	8	2	7	11	2	3	4
PF04205.17	3	2	6	3	1	7	12	6	16	11	18	28	8	13	13
PF03993.15	5	5	13	20	62	40	8	48	42	30	34	35	19	18	34
PF02308.19	2	0	1	1	2	0	2	6	4	6	2	4	6	4	3
PF13205.9	0	0	0	0	0	0	0	2	7	0	11	6	1	7	10
PF12831.10	0	0	0	0	0	0	0	3	6	2	15	19	1	4	8
PF10459.12	0	0	0	0	0	0	0	4	4	0	8	15	0	4	6
PF02475.19	0	0	1	0	1	0	0	0	2	1	3	8	1	4	4
PF13368.9	0	0	0	3	3	3	3	15	39	18	37	64	3	30	18
PF01975.20	0	0	0	0	0	0	0	1	1	1	5	6	3	3	1
PF04390.15	0	0	0	0	0	0	0	0	0	0	1	3	0	3	2
PF06824.14	1	0	0	0	0	0	0	1	2	0	2	5	2	6	0
PF14128.9	0	0	0	0	0	1	0	2	2	0	2	1	1	3	1
PF05681.17	10	5	9	5	1	5	6	9	19	15	12	32	9	19	20
PF16314.8	0	0	0	0	0	1	0	1	3	3	10	5	1	5	3
PF02347.19	1	0	4	2	3	2	1	14	18	14	19	24	7	10	13
PF13525.9	0	1	1	1	1	3	0	4	4	0	11	17	4	6	6
PF14805.9	1	0	0	0	0	2	0	1	1	1	6	1	0	0	3
PF02897.18	0	0	0	0	0	0	0	0	1	0	2	4	0	1	0
PF02405.19	0	0	0	0	0	0	0	1	1	2	1	4	0	0	0
PF01464.23	2	1	3	1	2	6	3	7	9	8	10	8	2	10	10
PF18935.3	0	0	0	0	0	1	1	2	6	1	11	23	2	14	6
PF13100.9	0	1	1	0	0	1	0	1	1	0	9	13	0	2	1
PF14134.9	0	0	1	0	1	1	3	2	5	4	2	9	0	0	0
PF00329.22	0	0	0	1	1	3	3	1	4	4	7	10	3	7	3
PF00346.22	0	0	0	1	1	3	4	1	6	5	7	10	3	6	3
PF19838.2	1	0	1	0	1	0	0	1	9	1	13	18	3	13	7
PF14123.9	0	0	0	0	0	1	0	1	2	2	2	3	3	1	3
PF08666.15	4	0	7	3	1	11	21	25	20	13	15	15	21	27	22
PF13740.9	0	0	1	2	0	0	2	2	7	5	7	22	3	7	7
PF14127.9	0	0	0	0	0	0	0	1	0	1	2	6	0	2	0
PF04773.16	0	0	0	0	0	0	1	8	11	2	21	27	8	16	18
PF16344.8	0	0	0	0	0	0	0	1	8	2	12	17	1	6	10
PF03571.18	0	0	6	0	2	0	0	14	14	8	26	32	2	18	12
PF02666.18	0	1	0	0	1	0	2	1	3	1	3	6	2	5	4
PF08665.15	0	3	7	4	2	7	30	9	13	12	18	16	18	13	10
PF07676.15	3	16	24	8	18	34	34	72	139	68	161	270	24	99	119
PF03169.18	2	0	2	0	1	1	2	3	15	2	14	20	5	11	10
PF02749.19	1	0	1	3	1	4	0	0	4	1	10	6	0	7	2
PF01729.22	1	0	1	3	1	4	0	0	5	1	11	7	1	7	3
PF03308.19	0	1	0	0	1	0	0	1	8	2	11	8	1	10	6
PF05896.14	0	0	0	0	0	1	0	1	5	2	12	11	0	8	2
PF11973.11	0	0	0	0	0	1	0	1	5	2	12	11	0	8	2
PF00970.27	5	3	9	7	0	9	2	11	18	20	14	25	12	17	13
PF07837.15	0	2	1	0	2	5	0	4	6	3	9	11	6	6	5
PF02971.17	0	2	1	0	2	5	0	4	6	3	9	11	6	6	5
PF04961.15	1	1	0	1	3	6	0	5	6	6	8	9	5	6	5
PF00221.22	2	1	2	2	3	3	5	2	6	6	14	19	8	6	6
PF04172.19	1	0	0	0	0	0	1	4	2	3	5	5	6	4	4
PF20600.1	0	1	0	0	0	1	0	2	4	0	2	8	1	2	6
PF06971.16	1	2	5	3	2	1	9	3	5	8	5	10	16	10	10
PF01252.21	1	2	4	1	0	3	9	5	7	8	11	16	21	9	15
PF19577.2	0	0	0	0	1	0	0	0	0	0	0	0	0	1	0
PF02585.20	2	0	4	0	1	0	0	6	4	6	5	17	2	0	3
PF02498.20	0	1	0	1	0	0	3	3	9	1	14	8	1	5	14
PF03374.17	0	0	0	0	0	0	0	0	0	0	1	2	0	0	1
PF18956.3	0	0	0	0	0	0	0	2	3	0	3	4	4	0	2
PF09709.13	0	0	2	0	0	1	1	3	10	2	1	2	7	8	5
PF20463.1	0	1	0	0	0	0	4	5	6	3	6	9	7	6	8
PF12897.10	6	3	2	2	0	5	18	7	10	10	4	9	23	14	10
PF01011.24	0	0	0	0	0	0	0	0	2	0	4	0	0	0	1
PF13734.9	1	1	2	1	1	4	2	20	50	19	57	119	8	25	32
PF01640.20	1	1	2	1	1	4	2	20	50	19	53	117	8	23	31
PF09968.12	0	0	0	0	0	0	0	1	0	0	0	0	0	0	0
PF07610.14	0	0	2	0	0	0	0	2	4	2	14	28	1	12	6
PF04443.15	0	0	0	0	0	0	0	0	0	0	1	0	0	0	0
PF13650.9	0	0	0	0	0	0	1	1	0	2	0	0	1	3	1
PF13195.9	0	0	0	0	0	0	0	1	1	0	1	0	0	0	0
PF18741.4	0	0	0	0	0	0	1	1	1	0	1	0	0	0	0
PF11784.11	0	0	0	0	0	0	0	0	0	0	1	0	0	0	0
PF08124.14	0	0	0	0	0	0	0	0	1	0	0	0	0	0	0
PF02278.21	0	0	0	0	0	0	0	0	1	0	0	0	0	0	0
PF02884.20	0	0	0	0	0	0	0	0	1	0	0	0	0	0	0
PF06210.14	0	0	0	0	0	0	0	1	0	0	1	0	0	0	0
PF17919.4	7	4	1	3	1	0	2	5	10	0	17	12	0	2	5
PF04453.17	0	0	0	0	0	0	0	0	0	0	0	0	0	2	1
PF05359.14	0	0	0	0	0	0	0	0	0	0	3	0	0	4	0
PF13191.9	0	0	0	0	0	0	0	0	1	1	3	1	1	1	2
PF10622.12	0	0	0	0	0	0	0	0	0	0	0	1	0	0	0
PF10108.12	0	0	0	0	0	0	0	0	0	0	1	0	0	0	0
PF05368.16	1	0	0	0	0	0	0	0	0	0	0	0	0	0	1
PF12320.11	0	0	1	0	0	2	2	4	6	3	3	4	5	4	6
PF07705.14	1	0	0	0	0	0	0	0	4	6	14	17	0	1	8
PF08411.13	0	0	0	0	0	0	0	0	0	0	1	0	0	0	0
PF07331.14	0	0	0	3	0	1	0	2	1	2	2	4	10	1	3
PF17651.4	3	3	0	1	1	1	2	10	1	10	0	10	14	10	9
PF14574.9	3	5	0	1	1	1	2	10	1	9	0	10	14	10	9
PF08468.14	0	0	0	0	0	0	0	0	0	0	1	0	0	1	0
PF12771.10	0	0	0	0	0	0	1	4	0	16	10	14	0	3	1
PF04632.15	0	0	0	0	0	0	0	0	0	0	0	0	0	0	3
PF17850.4	0	0	0	0	0	1	0	0	0	0	1	1	0	0	1
PF12857.10	0	0	0	0	0	0	0	0	0	0	0	0	0	0	1
PF03721.17	1	1	1	4	3	2	17	13	7	6	21	47	30	27	19
PF00984.22	1	1	1	4	3	2	17	13	7	6	22	46	30	27	19
PF03720.18	1	1	0	3	3	2	17	14	4	5	13	29	29	23	16
PF11974.11	0	0	0	0	0	0	0	0	0	0	0	1	0	0	2
PF17972.4	0	0	0	0	0	0	0	0	0	0	0	1	0	0	2
PF17962.4	0	0	0	0	0	0	0	0	0	0	0	1	0	0	3
PF16123.8	0	0	0	0	0	0	0	0	0	0	0	0	0	1	0
PF02578.18	0	0	0	0	2	4	2	4	6	1	8	15	10	13	10
PF07661.16	0	0	0	0	0	0	0	0	0	0	0	0	0	0	1
PF07593.15	0	0	0	0	0	0	0	2	0	0	2	1	0	0	1
PF13573.9	0	0	0	0	0	0	0	0	0	0	0	10	0	36	16
PF20314.1	0	0	0	0	0	0	0	0	0	0	0	0	0	1	0
PF13489.9	1	3	0	1	0	0	3	11	3	4	4	19	0	8	11
PF07876.15	1	0	0	0	0	0	1	3	4	1	2	7	3	1	0
PF18967.3	0	0	0	0	0	0	0	1	1	0	0	3	0	1	0
PF14842.9	9	10	22	8	7	17	45	15	21	23	7	26	46	14	17
PF14841.9	9	10	22	8	7	17	45	15	21	23	7	26	46	14	17
PF01706.19	9	10	22	8	8	17	46	16	25	25	15	39	48	17	19
PF01888.20	0	2	0	0	0	0	1	8	7	1	7	6	3	16	17
PF00584.23	1	5	2	6	0	5	26	7	8	4	0	7	14	4	3
PF03786.16	4	3	3	2	0	11	25	4	6	9	9	11	57	16	15
PF15975.8	14	7	13	5	8	11	10	6	21	23	10	5	37	15	21
PF05139.17	0	0	0	1	0	2	0	0	0	0	0	1	0	0	0
PF03682.16	1	0	0	0	0	0	0	0	0	0	0	0	0	0	1
PF13710.9	1	0	0	4	0	1	7	4	2	3	3	15	8	5	4
PF13946.9	0	0	0	0	0	0	0	0	0	2	2	0	27	0	1
PF00041.24	8	35	116	15	25	90	19	40	69	31	27	6	49	70	58
PF13808.9	9	9	1	3	1	2	69	52	31	40	114	142	4	23	38
PF04332.18	0	0	0	0	0	0	0	0	1	0	0	0	0	0	0
PF09481.13	0	0	0	0	0	0	0	1	0	0	0	1	0	0	0
PF09369.13	2	5	1	1	0	2	5	1	2	0	13	4	2	3	3
PF09839.12	0	0	0	0	0	0	0	0	0	0	1	0	0	0	0
PF00331.23	2	10	4	2	0	4	33	0	16	0	4	2	1	3	0
PF03576.17	0	0	0	0	0	0	0	0	0	0	2	1	0	1	0
PF13581.9	0	0	4	1	1	1	1	6	7	5	4	5	3	7	4
PF02621.17	0	0	0	0	0	0	0	0	0	0	0	0	0	0	1
PF01948.21	1	0	0	2	0	5	4	3	5	1	1	2	6	5	2
PF02748.18	1	0	0	2	0	5	5	7	6	1	7	10	7	7	6
PF05043.16	1	0	5	4	2	19	10	3	1	2	3	5	3	1	2
PF12683.10	3	1	1	5	0	3	32	0	10	13	5	4	55	5	2
PF05521.14	0	0	0	0	0	0	0	11	7	4	9	15	2	8	14
PF03713.16	0	0	0	0	0	0	2	0	1	0	0	1	1	1	1
PF06089.15	0	0	0	0	0	0	0	0	0	0	0	0	1	1	4
PF08531.13	2	2	2	7	3	3	7	12	2	10	3	18	26	20	11
PF05592.14	2	2	2	7	3	3	7	12	2	10	3	17	26	19	11
PF17389.5	2	2	2	7	5	3	10	14	9	11	15	33	29	21	16
PF17390.5	2	2	2	7	3	3	7	12	2	10	2	15	24	17	10
PF16189.8	2	0	1	5	3	9	9	10	17	9	13	16	18	16	14
PF16188.8	2	0	1	5	3	9	9	10	17	9	13	16	18	15	14
PF00815.23	0	2	2	0	0	3	10	6	9	7	2	9	13	4	5
PF09861.12	1	4	7	3	1	3	11	7	10	7	1	6	4	1	3
PF13555.9	1	2	1	1	1	2	1	10	21	7	6	22	7	18	13
PF03480.16	4	1	8	1	0	13	49	8	22	20	12	13	42	9	15
PF07679.19	0	0	0	0	0	0	0	1	0	0	2	0	0	10	1
PF01436.24	0	4	3	0	1	0	37	8	8	0	4	0	0	4	4
PF04122.15	0	0	0	0	0	0	0	3	0	3	6	3	0	0	0
PF03534.16	0	0	0	0	0	0	0	0	0	0	1	2	0	0	1
PF12256.11	0	0	0	0	0	0	0	0	0	0	0	2	0	0	1
PF07863.14	0	0	0	0	0	0	0	1	6	7	8	21	0	10	7
PF02613.18	1	3	0	0	1	0	1	0	0	1	0	0	0	2	0
PF12411.11	0	0	0	0	0	0	0	0	0	0	0	0	0	0	0
PF13280.9	3	3	3	6	5	5	11	51	38	35	55	101	46	61	98
PF01856.20	0	0	0	0	0	0	0	0	0	0	1	0	0	0	0
PF01798.21	0	0	0	0	0	0	0	0	0	0	1	0	0	0	0
PF04339.15	0	0	0	0	0	0	0	0	0	0	0	0	0	1	0
PF01223.26	0	0	0	0	0	0	0	1	0	0	2	3	1	2	4
PF04216.15	0	0	1	0	0	0	0	0	0	0	1	0	0	0	0
PF02639.17	0	0	0	0	0	0	0	1	1	0	1	0	0	0	0
PF17125.8	0	2	2	2	0	4	8	9	13	4	15	18	6	11	9
PF17126.8	0	1	2	1	0	1	8	7	9	3	5	10	4	8	6
PF02635.18	0	0	1	0	1	0	1	0	0	2	0	1	1	1	0
PF14265.9	0	0	0	0	1	0	1	0	1	0	1	0	1	1	0
PF05231.17	0	0	0	0	0	0	0	0	0	0	0	0	0	1	0
PF07396.14	0	0	0	0	0	0	1	3	4	3	7	5	0	2	4
PF03591.17	1	0	1	0	0	2	3	1	1	2	0	1	5	3	1
PF12791.10	0	0	0	0	0	0	0	0	0	0	1	1	0	0	0
PF14526.9	0	1	0	3	0	8	4	13	22	11	29	39	16	24	29
PF05635.14	0	0	0	0	0	0	0	2	5	1	8	6	6	9	4
PF14815.9	0	1	2	1	0	1	8	11	1	3	4	13	13	10	10
PF14289.9	0	0	0	0	0	0	0	1	2	1	3	4	1	3	0
PF04982.16	0	0	0	0	0	0	0	0	0	0	0	1	0	0	0
PF02669.18	0	0	0	0	0	0	0	0	0	1	0	2	0	0	1
PF07695.14	0	0	0	0	0	0	0	0	2	0	0	0	0	1	1
PF01375.20	0	0	0	0	0	0	0	0	0	0	0	1	0	0	0
PF00850.22	0	0	0	0	0	0	0	0	1	0	2	0	0	1	0
PF09210.14	0	0	0	1	0	0	0	0	0	0	1	1	0	0	0
PF03476.19	0	0	0	0	0	0	0	0	0	0	0	0	0	0	0
PF03206.17	0	0	0	0	0	0	0	0	0	0	0	0	0	0	0
PF01347.25	0	0	0	0	0	0	0	0	0	0	1	0	0	0	0
PF20030.2	0	0	0	0	0	0	0	0	1	0	0	1	0	0	0
PF17868.4	0	0	0	0	0	0	0	0	1	0	0	1	0	0	0
PF02423.18	0	0	0	0	0	0	0	0	1	0	0	1	0	5	2
PF19732.2	0	0	0	1	1	1	1	1	4	3	2	10	5	8	11
PF13606.9	0	0	0	0	0	1	1	0	1	2	1	2	0	0	0
PF01874.19	0	0	0	1	0	0	0	0	0	0	0	1	1	0	0
PF07927.15	7	10	14	3	2	22	35	6	5	9	15	3	49	4	7
PF18443.4	0	0	0	0	0	0	0	0	0	0	0	0	0	0	1
PF18426.4	0	0	0	0	0	0	0	0	0	0	0	0	0	0	1
PF04228.16	0	0	0	0	0	0	0	1	0	0	3	3	0	3	0
PF00759.22	0	0	0	0	0	0	0	5	6	3	0	5	4	2	7
PF00942.21	0	0	0	0	0	0	0	2	0	0	0	0	0	0	1
PF13843.9	0	0	0	0	0	0	0	0	0	0	0	0	0	1	0
PF09546.13	0	0	1	0	0	0	1	4	5	3	5	8	6	6	7
PF07293.14	0	0	0	0	0	0	0	0	0	0	0	0	1	0	0
PF06691.14	1	1	1	2	2	1	1	6	0	1	1	3	2	4	0
PF04389.20	0	0	1	0	1	0	0	1	0	2	4	6	1	3	2
PF07934.15	0	0	1	0	0	0	2	2	1	3	2	0	10	6	4
PF03705.18	5	7	6	9	1	18	55	20	14	8	6	8	75	7	6
PF01739.21	5	7	6	9	1	18	57	20	14	8	7	8	76	7	6
PF00902.21	0	0	0	0	0	0	0	1	1	1	0	4	0	1	0
PF02557.20	0	0	1	0	1	3	9	4	8	3	8	10	12	11	9
PF13199.9	0	0	0	0	0	0	0	0	0	0	0	0	0	0	0
PF07583.14	0	0	0	0	0	0	0	0	0	0	2	2	0	1	0
PF07587.14	0	0	0	0	0	0	0	0	0	0	2	2	0	1	0
PF00400.35	0	0	0	0	0	0	0	14	21	0	1	36	0	0	13
PF13492.9	0	0	0	0	0	0	0	1	0	0	1	0	0	1	0
PF13602.9	0	0	0	0	0	0	0	0	0	1	0	0	0	0	1
PF13459.9	0	0	0	0	0	0	0	1	0	0	0	0	0	0	0
PF05201.18	1	0	1	0	0	3	3	4	3	5	5	5	1	5	1
PF01488.23	1	2	1	0	0	3	3	6	4	0	6	8	2	11	5
PF00745.23	0	0	1	0	0	1	0	2	1	0	4	0	1	5	1
PF05036.16	0	1	1	2	0	0	1	1	3	2	1	1	0	3	4
PF11791.11	0	0	0	0	0	0	0	1	0	0	0	0	0	0	0
PF06434.16	0	0	0	0	0	0	0	1	0	0	0	0	0	0	0
PF04076.16	0	0	0	0	0	0	0	0	0	0	0	0	0	0	0
PF13351.9	0	0	0	0	0	0	0	5	4	10	15	49	1	16	8
PF13101.9	0	0	0	0	0	0	0	5	4	10	18	55	2	18	8
PF00112.26	1	1	4	0	2	11	4	12	17	14	16	6	16	20	21
PF13483.9	4	3	6	3	0	10	1	6	4	3	7	3	5	8	11
PF14010.9	0	0	0	0	0	0	0	0	1	0	0	1	0	0	0
PF04366.15	0	0	0	0	0	0	0	0	0	0	1	0	0	0	0
PF00545.23	0	0	0	0	0	0	2	1	1	0	0	0	2	2	0
PF02265.19	0	0	1	0	0	0	0	1	2	1	6	9	0	3	3
PF12729.10	42	41	34	24	9	33	88	70	44	51	19	29	86	34	33
PF12081.11	0	0	0	0	0	0	0	2	2	0	6	7	0	2	1
PF12080.11	0	0	0	0	0	0	0	2	2	0	6	7	0	2	1
PF00449.23	0	0	1	0	1	0	8	3	5	1	10	18	2	6	3
PF12099.11	0	0	1	0	1	0	0	2	5	0	12	19	1	19	9
PF06969.19	0	1	0	0	0	5	7	7	14	5	5	15	6	9	8
PF03544.17	0	0	5	1	2	1	13	16	37	38	27	27	8	7	8
PF03631.18	0	0	0	2	0	0	6	5	10	3	12	18	41	12	11
PF07584.14	0	0	0	0	1	4	2	6	15	2	11	16	8	15	16
PF04402.17	1	0	0	0	0	3	7	4	4	4	3	9	9	3	2
PF14121.9	0	0	0	0	0	0	1	5	2	1	14	19	0	6	1
PF02261.19	0	0	2	1	0	1	1	2	4	1	4	4	0	6	2
PF01790.21	2	2	1	1	0	2	2	2	7	5	4	8	16	10	4
PF03486.17	3	2	2	6	0	7	10	14	17	13	8	15	8	25	20
PF02544.19	0	0	0	0	0	0	0	1	3	0	2	6	3	3	0
PF01930.20	0	1	1	0	0	1	2	0	3	1	2	6	3	1	2
PF07885.19	0	0	0	0	0	1	0	2	4	0	8	8	2	5	7
PF14905.9	0	1	0	0	0	2	0	18	21	18	53	90	1	19	20
PF03237.18	0	0	0	0	0	0	0	1	5	1	7	6	0	4	7
PF00930.24	1	1	0	0	1	0	1	3	2	2	7	8	1	5	4
PF08522.13	0	0	0	0	0	0	1	2	4	2	5	3	0	2	5
PF16141.8	0	0	0	0	0	0	0	0	1	0	0	0	0	2	1
PF12741.10	0	0	0	1	0	1	1	2	1	1	3	2	1	3	4
PF07660.17	0	0	0	3	0	1	0	6	19	9	29	50	1	6	14
PF14491.9	0	0	1	0	0	0	1	3	0	3	6	12	3	3	6
PF12680.10	0	1	1	0	1	1	0	1	5	2	11	5	13	4	6
PF09992.12	0	0	0	1	4	0	1	0	3	7	10	9	5	2	6
PF03816.17	5	6	7	5	3	8	32	22	18	11	12	31	35	24	12
PF00479.25	0	0	0	0	0	0	0	0	0	1	1	1	0	1	3
PF02781.19	0	0	0	0	0	0	0	0	0	1	1	1	0	1	3
PF04371.18	0	0	0	0	0	1	0	1	2	0	4	5	0	3	2
PF08364.14	0	0	0	0	0	0	0	0	1	0	0	1	0	0	0
PF01575.22	0	0	0	0	1	0	0	0	1	0	1	2	0	2	2
PF16331.8	0	0	0	0	0	0	0	0	0	0	1	0	0	0	0
PF04052.16	0	0	0	0	0	0	0	0	0	0	0	0	0	0	0
PF00656.25	1	0	0	0	0	0	0	5	0	2	1	1	6	0	1
PF04820.17	0	0	0	0	0	0	0	0	1	0	0	0	0	2	0
PF03776.17	1	1	1	1	0	1	4	0	3	1	0	2	8	2	1
PF01794.22	0	0	0	1	0	0	0	0	2	1	0	1	3	0	0
PF07519.14	0	0	0	0	0	0	0	0	0	0	0	0	1	0	2
PF05230.14	0	0	0	0	0	0	0	0	0	0	0	0	0	0	1
PF01730.19	0	0	0	0	0	0	2	0	0	0	1	2	0	1	1
PF08984.14	2	2	1	1	0	0	10	6	2	6	2	3	32	1	8
PF04069.15	2	0	0	0	0	0	1	6	1	7	1	1	2	5	0
PF04230.16	5	3	6	4	1	18	1	10	8	10	7	19	22	17	17
PF03773.16	0	0	0	0	0	0	0	3	0	1	1	5	0	3	4
PF05661.15	0	0	0	0	0	0	0	0	0	0	0	0	0	0	1
PF00374.22	0	0	0	0	0	0	1	0	0	1	3	2	0	0	7
PF03806.16	0	0	0	0	0	3	0	1	0	1	1	4	3	0	0
PF03934.16	0	0	0	0	0	0	0	0	0	0	0	0	0	1	2
PF09963.12	0	0	0	0	0	0	0	0	0	0	2	0	0	0	0
PF00677.20	0	0	0	0	0	0	0	0	2	2	4	0	0	4	8
PF04237.16	1	0	0	0	1	1	3	4	1	1	0	6	2	2	4
PF03006.23	2	3	1	7	1	5	17	1	4	5	1	3	209	4	0
PF11276.11	0	0	0	0	0	2	0	0	4	0	7	11	0	5	5
PF00529.23	0	0	0	0	0	0	0	0	3	4	1	1	0	1	1
PF16153.8	0	0	0	0	0	0	0	0	4	1	10	12	0	12	3
PF10758.12	0	0	0	1	0	0	0	3	14	12	8	26	0	14	5
PF13431.9	0	0	0	0	0	1	0	0	2	0	1	0	0	1	1
PF00885.22	0	0	0	1	0	1	1	1	0	0	1	1	2	3	0
PF01253.25	0	0	0	0	0	0	0	0	1	0	2	3	0	0	0
PF03648.17	0	0	0	0	0	0	0	0	0	0	0	0	0	1	2
PF07488.15	0	0	1	0	0	0	0	0	1	0	2	1	0	0	1
PF07477.15	0	0	1	0	0	0	0	0	1	0	2	1	0	0	1
PF19040.3	0	0	0	0	0	0	0	0	0	0	0	0	0	2	2
PF05949.15	0	0	0	0	0	0	0	0	0	0	1	0	0	0	0
PF14036.9	0	0	0	0	0	0	0	0	0	0	0	0	0	0	0
PF06039.18	0	0	0	0	0	0	0	0	0	0	0	0	0	0	0
PF14504.9	0	0	0	0	0	0	0	0	0	0	0	0	0	0	0
PF03447.19	1	2	3	4	0	3	15	12	7	8	6	9	13	12	11
PF00742.22	1	2	3	4	0	3	15	12	7	8	6	9	13	12	10
PF10112.12	1	1	1	1	0	6	13	15	3	2	6	12	8	10	9
PF00032.20	0	0	0	0	0	0	0	0	0	0	0	0	0	0	0
PF02230.19	0	0	0	0	0	0	2	1	0	0	1	1	0	0	0
PF07408.14	0	0	0	0	0	0	0	0	0	0	0	0	0	0	0
PF14542.9	0	0	0	0	0	0	0	1	0	0	1	2	0	0	0
PF04264.16	0	0	0	0	0	0	1	0	0	0	1	0	0	1	0
PF01379.23	1	0	0	5	0	4	5	6	3	1	4	4	0	6	4
PF03900.18	0	0	0	0	0	3	0	3	0	1	2	2	0	0	1
PF05650.14	0	0	0	0	0	0	0	0	2	0	0	0	0	0	0
PF13521.9	0	0	0	0	1	0	0	0	0	0	0	0	0	0	0
PF02628.18	0	0	0	0	0	0	0	0	0	0	1	0	0	0	0
PF05220.15	0	0	0	0	0	0	0	0	0	0	1	0	0	0	0
PF19342.2	0	0	0	0	0	0	0	0	0	0	1	0	0	0	0
PF02624.19	0	0	0	1	0	0	0	0	0	0	0	1	0	0	1
PF03963.17	18	20	25	12	5	24	15	13	17	20	5	4	39	6	14
PF13861.9	1	1	0	0	0	0	0	0	2	2	1	0	0	1	1
PF16491.8	0	0	0	0	0	0	0	0	0	0	0	0	0	2	0
PF17967.4	0	0	0	0	0	0	0	0	0	0	0	0	0	0	0
PF11852.11	0	0	0	0	0	0	0	0	6	1	7	7	0	1	6
PF11138.11	1	0	0	0	0	0	0	0	0	0	1	0	0	0	0
PF12508.11	1	0	0	0	1	0	0	2	9	11	27	50	1	18	11
PF10117.12	0	0	2	0	0	1	0	1	0	0	0	0	0	0	0
PF07689.15	0	0	0	0	0	0	0	1	2	0	2	2	0	0	0
PF03382.17	0	0	0	2	0	6	20	1	8	21	20	3	42	14	6
PF17883.4	0	0	0	20	0	58	0	0	0	175	0	0	274	0	0
PF01935.20	0	1	1	2	0	1	2	13	30	27	31	42	12	30	34
PF03596.16	0	0	0	0	0	0	0	0	0	2	0	0	0	0	0
PF13542.9	0	0	0	0	0	1	1	15	4	2	2	20	2	12	2
PF13719.9	0	0	0	0	0	0	0	0	1	0	0	0	0	0	1
PF11906.11	0	0	0	0	0	0	0	0	2	0	0	0	0	0	1
PF13814.9	0	0	0	0	0	0	0	0	0	0	5	1	0	2	0
PF09286.14	0	0	0	0	0	0	0	0	0	0	0	1	0	0	0
PF13970.9	0	0	0	0	0	0	0	0	0	0	1	0	0	0	0
PF15902.8	0	0	0	0	0	0	0	0	0	0	3	0	0	0	1
PF10396.12	1	0	0	1	0	0	2	12	10	10	14	23	5	13	9
PF12631.10	1	0	0	1	0	0	2	12	10	10	14	23	5	13	9
PF01274.25	0	0	0	0	0	0	0	0	0	0	1	0	0	1	2
PF10011.12	0	0	0	0	0	0	0	1	0	0	0	0	0	0	1
PF14234.9	0	0	0	0	0	0	0	0	0	0	2	0	0	0	0
PF04359.17	0	0	0	0	0	0	0	0	0	0	0	0	0	1	0
PF02275.21	0	0	1	0	0	1	9	10	14	19	39	43	19	29	17
PF06776.15	0	0	0	0	0	0	0	0	0	0	1	1	0	0	0
PF00325.23	0	0	0	0	0	0	0	0	0	0	0	0	0	0	1
PF13362.9	0	0	0	0	0	0	0	1	0	0	0	1	0	0	0
PF06629.15	0	0	0	0	0	0	0	0	0	0	0	0	0	0	1
PF14064.9	0	0	0	0	0	0	0	0	0	0	0	1	0	0	0
PF02643.18	0	0	0	0	0	0	0	0	0	0	0	0	0	2	2
PF09822.12	0	0	0	0	0	0	0	12	5	2	10	14	12	18	13
PF03992.19	0	0	1	0	0	0	0	0	1	0	0	2	1	3	1
PF01008.20	1	0	0	0	0	0	2	5	2	2	2	3	3	4	2
PF07136.14	0	2	1	4	0	0	5	7	8	5	5	12	13	7	10
PF04536.17	0	1	1	1	2	1	9	3	10	4	7	19	11	8	5
PF14253.9	0	0	0	0	0	0	3	7	3	0	8	9	2	5	6
PF01226.20	0	0	1	0	0	1	4	1	3	1	4	2	4	3	3
PF13612.9	0	0	1	0	3	0	19	6	6	5	36	24	10	17	22
PF08028.14	0	0	0	0	0	0	0	0	0	0	0	1	0	1	0
PF06296.15	0	0	0	0	0	0	3	0	0	0	0	1	0	0	0
PF07510.14	0	3	0	0	1	2	2	8	5	7	13	26	12	8	2
PF14088.9	1	2	0	0	0	0	0	2	3	2	4	12	1	5	2
PF16254.8	0	0	0	0	0	0	0	0	0	0	1	0	0	0	0
PF09940.12	0	0	0	0	0	0	0	0	0	0	1	0	0	0	0
PF16221.8	0	0	0	0	0	0	0	0	0	0	1	0	0	0	0
PF01161.23	5	0	0	0	0	0	10	14	8	7	12	22	14	9	25
PF06974.16	0	0	0	0	0	0	0	0	1	0	0	0	0	0	0
PF07722.16	10	5	0	1	0	3	8	9	1	14	3	6	9	10	2
PF03704.20	1	1	7	7	2	5	0	2	2	3	2	1	3	5	2
PF00931.25	0	3	2	2	1	1	0	3	0	0	3	3	2	0	0
PF14525.9	0	0	0	0	0	0	0	0	0	0	0	0	0	0	1
PF18655.4	0	0	0	0	4	0	1	1	2	0	12	0	0	5	0
PF17936.4	0	0	0	0	4	0	1	7	4	0	12	0	0	5	0
PF05616.16	0	0	0	0	4	0	1	1	2	0	12	0	0	5	0
PF05168.17	0	3	1	1	0	3	5	1	4	0	8	8	13	3	3
PF13534.9	8	7	11	6	4	8	13	17	19	14	6	11	30	16	10
PF04041.16	0	3	0	3	0	9	23	9	6	12	5	25	26	17	19
PF07168.14	0	0	0	0	0	0	0	0	0	0	2	2	0	0	0
PF14235.9	0	0	0	0	0	0	0	0	0	0	0	0	0	0	2
PF14293.9	0	0	0	0	0	0	0	5	5	18	17	47	2	16	14
PF12696.10	4	1	1	1	3	0	2	16	18	48	49	108	8	46	34
PF08842.13	0	0	1	0	0	0	2	4	6	1	10	16	0	2	5
PF16249.8	0	0	0	0	1	0	0	1	4	1	3	3	0	5	4
PF12988.10	0	0	0	0	0	0	0	2	2	0	10	14	0	5	6
PF13720.9	0	1	2	0	1	2	1	0	6	4	2	9	3	5	5
PF10962.11	0	0	0	0	0	0	0	0	0	0	0	1	0	0	0
PF20583.1	0	0	0	0	0	0	0	0	0	0	0	1	0	0	0
PF11297.11	0	0	0	0	0	0	1	1	0	0	2	3	1	0	0
PF11387.11	0	0	0	0	1	0	1	1	3	0	2	3	3	3	0
PF06245.14	1	4	2	4	1	4	7	14	15	10	3	12	14	23	12
PF05685.15	3	2	5	2	2	7	18	13	8	5	15	17	46	16	16
PF08242.15	0	0	0	0	0	0	1	16	5	0	0	7	0	6	0
PF18564.4	0	0	0	0	0	0	0	1	0	0	1	0	0	1	0
PF08341.14	0	0	0	0	6	2	6	65	70	80	108	196	12	100	97
PF13727.9	5	4	4	6	3	6	17	31	16	10	6	37	45	32	26
PF17132.7	0	0	0	0	0	0	1	1	3	1	3	5	4	11	9
PF08668.15	4	9	10	7	1	5	17	17	13	11	10	27	66	16	18
PF13572.9	0	0	0	0	0	0	0	0	0	2	5	6	0	6	3
PF14464.9	1	0	0	0	0	0	3	4	0	0	0	1	0	0	1
PF01094.31	0	0	0	0	0	0	0	0	0	0	0	0	0	1	0
PF00805.25	0	0	0	0	0	8	1	0	3	11	19	20	2	2	6
PF17655.4	0	0	0	0	0	0	0	0	1	0	0	0	0	0	0
PF03160.17	1	4	19	8	11	31	9	9	19	10	24	9	28	7	25
PF12799.10	32	18	8	0	3	1	11	0	1	10	2	11	2	0	4
PF13855.9	0	0	3	0	3	1	11	0	1	0	4	0	1	2	2
PF13308.9	0	0	2	1	1	1	0	3	1	0	1	1	2	0	3
PF02668.19	0	0	0	0	0	0	0	0	0	0	0	0	0	0	1
PF05226.14	0	0	0	0	0	0	8	11	7	4	9	7	30	10	14
PF02571.17	2	0	1	0	1	1	0	19	5	5	12	14	5	24	28
PF19991.2	0	0	0	0	0	0	0	0	2	0	0	1	0	0	2
PF12894.10	1	4	1	1	0	1	1	0	0	0	0	2	0	0	0
PF00962.25	1	3	3	4	0	2	5	5	4	2	13	2	0	7	4
PF03972.17	0	0	0	0	0	0	0	0	3	0	0	0	0	0	1
PF19305.2	0	0	0	0	0	0	0	0	3	1	1	0	0	0	1
PF11378.11	0	0	0	0	0	0	0	1	0	0	0	0	0	0	0
PF02452.20	2	1	3	1	1	4	13	8	17	18	21	34	65	24	36
PF08239.14	25	26	34	31	14	70	143	109	101	67	41	122	200	85	94
PF00075.27	7	4	4	3	3	3	3	7	14	2	23	19	2	7	7
PF14516.9	1	3	5	3	1	3	13	14	12	6	6	65	37	15	22
PF03475.17	0	0	0	0	0	0	0	0	0	0	0	1	0	0	0
PF04285.15	0	0	0	0	0	0	0	0	0	0	0	0	0	4	0
PF01523.19	0	0	0	0	1	0	0	2	0	6	2	2	2	4	1
PF19290.2	0	0	1	0	6	0	3	2	0	7	3	3	4	5	2
PF19289.2	1	1	2	0	6	1	6	2	5	10	7	3	7	7	2
PF03321.16	1	0	0	0	0	0	1	8	17	1	8	15	1	6	4
PF04025.15	0	0	2	0	0	0	0	0	2	1	0	2	4	0	2
PF04012.15	0	0	1	0	0	1	1	1	0	2	1	1	2	0	1
PF03601.17	3	5	3	3	1	9	11	4	6	1	4	0	8	7	5
PF00627.34	0	0	0	0	0	1	0	0	0	0	0	0	0	0	0
PF19238.2	1	3	2	2	1	1	9	8	8	9	6	8	15	8	8
PF04459.15	1	3	2	2	1	1	9	8	8	9	6	8	15	8	8
PF02789.20	0	0	0	0	0	0	0	0	0	0	0	0	0	0	0
PF00883.24	0	0	0	0	0	1	0	0	0	0	1	0	0	1	1
PF14697.9	0	8	1	3	2	5	2	1	4	3	3	1	5	2	6
PF13509.9	0	0	2	4	0	8	8	4	2	10	2	16	18	6	16
PF17783.4	0	0	1	2	0	4	4	2	1	5	1	8	9	3	8
PF01991.21	9	11	8	12	1	11	7	5	3	14	1	1	10	2	2
PF01990.20	8	5	5	1	1	2	5	1	0	6	1	0	6	1	1
PF09084.14	3	17	14	9	0	11	11	5	8	3	5	14	6	11	12
PF13354.9	0	0	0	0	0	0	2	0	5	5	3	9	2	1	0
PF02580.19	1	0	0	2	0	0	4	2	5	3	1	0	6	8	1
PF00699.23	0	0	0	0	1	0	0	1	0	0	3	0	0	1	1
PF02293.18	0	0	0	0	0	0	1	0	1	0	2	1	1	0	0
PF03618.17	0	0	0	0	0	0	0	0	1	0	0	0	0	0	0
PF08274.15	0	0	0	0	0	0	0	0	0	0	0	0	0	0	0
PF03831.17	0	0	0	0	0	0	0	0	0	0	0	0	0	0	0
PF13370.9	1	0	0	0	0	0	1	0	1	0	0	2	3	2	1
PF03418.17	0	0	0	0	0	0	0	4	5	3	8	7	0	14	10
PF07561.14	2	2	2	4	0	0	12	8	6	2	0	2	9	10	2
PF13399.9	0	0	0	0	0	0	2	0	1	1	0	2	0	0	1
PF19864.2	1	1	3	2	2	0	11	3	7	5	5	7	19	14	8
PF02056.19	1	4	7	0	2	4	10	12	5	5	2	9	11	10	8
PF11975.11	1	4	7	0	2	4	10	12	5	5	2	9	11	10	4
PF12800.10	0	0	0	0	0	1	0	3	0	12	0	14	8	10	2
PF12795.10	0	0	0	0	0	0	0	1	0	0	0	1	0	1	0
PF12794.10	0	0	0	0	0	0	0	1	0	0	0	0	0	0	0
PF00316.23	0	0	0	0	0	0	0	0	0	0	0	0	0	0	1
PF18913.3	0	0	0	0	0	0	0	0	0	0	0	0	0	0	1
PF14286.9	0	1	1	0	0	1	9	4	5	5	7	2	17	9	6
PF06445.18	7	3	3	7	0	1	13	24	23	22	30	46	37	22	27
PF09594.13	0	0	0	0	0	0	0	0	0	0	1	1	2	0	0
PF00079.23	1	0	0	0	1	1	7	0	3	0	1	1	13	3	2
PF02514.19	0	0	0	0	0	0	0	1	6	2	9	23	0	3	4
PF01936.21	1	2	0	1	3	1	12	1	5	1	4	2	13	9	11
PF12872.10	0	4	0	2	6	2	22	0	6	1	2	0	25	13	17
PF05651.16	0	0	2	0	0	1	1	2	5	2	0	1	2	2	2
PF13618.9	0	0	0	0	0	0	0	0	0	0	0	1	0	0	0
PF01343.21	0	2	3	0	5	6	5	2	2	4	5	18	4	4	12
PF03040.17	0	0	0	0	0	0	0	0	0	0	0	1	0	0	0
PF12899.10	0	0	0	0	0	0	0	0	0	0	0	1	0	0	0
PF11941.11	1	1	2	0	0	0	7	2	6	3	0	2	11	9	4
PF05838.15	0	0	0	0	0	0	0	1	1	0	3	1	0	0	0
PF11832.11	0	0	0	0	0	0	0	0	0	0	0	0	0	0	1
PF01661.24	3	2	0	0	0	0	5	5	0	2	4	3	1	2	3
PF17914.4	0	0	0	0	0	0	0	0	0	0	0	1	0	1	0
PF13384.9	3	1	0	0	0	2	4	6	1	6	5	30	4	6	5
PF13189.9	9	10	11	7	3	12	60	20	11	22	18	38	66	24	26
PF13830.9	0	0	0	0	0	0	0	0	0	0	0	0	0	0	0
PF02720.20	0	0	0	0	0	0	0	2	0	0	0	0	0	1	0
PF13349.9	1	1	1	1	1	5	3	7	18	11	5	19	11	15	13
PF02306.18	0	0	0	0	0	0	0	0	0	1	0	0	0	0	0
PF04140.17	0	0	0	0	0	0	0	0	1	0	0	0	0	0	0
PF12079.11	0	0	0	0	0	0	0	0	0	0	0	0	0	0	1
PF14219.9	0	0	0	0	0	0	0	0	0	0	0	0	0	1	1
PF08461.13	0	0	0	0	0	0	0	0	0	0	1	0	0	0	0
PF02203.18	0	0	0	0	0	0	0	0	1	0	0	0	0	0	0
PF01206.20	0	1	1	1	1	0	1	0	1	2	0	0	2	1	0
PF18204.4	0	0	0	0	0	0	0	0	2	0	0	0	0	0	0
PF04289.15	0	0	0	0	0	0	0	0	0	0	1	0	0	0	0
PF05840.16	0	0	0	0	0	0	2	0	0	2	0	0	1	0	0
PF19866.2	0	0	0	0	0	0	0	0	0	0	0	0	0	1	0
PF14326.9	0	0	0	0	0	0	0	0	0	0	1	1	0	1	0
PF11845.11	0	0	0	0	0	0	0	0	0	0	2	1	0	0	1
PF11997.11	0	1	1	0	0	0	1	0	0	0	1	0	0	0	0
PF17995.4	1	3	6	6	1	6	7	3	2	24	1	2	23	3	3
PF18080.4	0	0	0	0	0	0	7	2	2	24	1	2	18	1	0
PF12905.10	0	0	0	0	0	0	7	2	2	24	1	2	18	1	0
PF17451.5	0	0	0	0	0	0	7	2	2	24	1	2	18	1	0
PF17974.4	0	0	0	0	0	0	7	2	2	24	1	2	18	1	0
PF06430.15	1	0	0	0	4	0	0	0	0	0	0	0	0	0	0
PF13689.9	0	0	0	0	0	0	0	0	0	0	0	1	0	0	0
PF05150.15	0	0	0	0	0	0	0	0	0	0	0	0	0	0	0
PF02599.19	2	11	8	3	1	22	18	8	4	6	4	8	36	9	2
PF18563.4	0	0	0	0	0	0	0	1	0	0	0	1	0	0	1
PF00553.22	0	0	0	0	0	0	0	0	1	1	1	0	1	0	0
PF18047.4	0	0	0	0	0	0	0	0	0	1	0	0	0	0	0
PF18065.4	0	0	0	0	0	0	0	0	0	1	0	0	0	0	0
PF18208.4	0	0	0	0	0	0	0	0	0	1	0	0	1	0	0
PF12242.11	0	0	0	0	0	0	0	0	0	0	0	0	0	0	0
PF12241.11	0	0	0	0	0	0	0	0	0	0	0	0	0	0	0
PF07055.15	0	0	0	0	0	0	0	0	0	0	0	0	0	0	0
PF12625.10	0	0	0	0	0	0	0	2	0	0	0	0	0	0	1
PF05991.14	1	3	0	2	2	3	7	10	19	13	4	37	16	28	26
PF00636.29	1	1	1	0	0	2	1	5	2	1	3	5	2	1	2
PF02542.19	1	0	0	0	3	1	2	4	2	4	1	5	3	4	3
PF14584.9	0	1	0	1	0	0	7	4	2	3	2	7	9	2	2
PF03417.19	0	0	1	0	0	0	2	1	3	3	10	11	0	2	5
PF12116.11	0	0	1	0	0	0	1	0	1	1	2	2	0	2	3
PF02049.21	2	7	3	5	1	0	10	2	0	2	0	1	6	2	3
PF01514.20	7	9	11	8	1	26	19	9	17	29	10	10	21	11	6
PF08345.14	6	9	11	8	1	26	19	9	17	29	10	10	21	11	6
PF02108.19	0	4	6	8	1	12	14	10	7	8	5	10	8	13	4
PF02050.19	3	1	3	0	1	4	1	7	4	7	2	2	0	8	2
PF02120.19	22	37	51	55	19	76	14	52	38	25	4	21	17	35	17
PF12611.11	20	11	16	12	1	12	4	8	4	4	4	5	14	7	4
PF20560.1	1	0	0	1	0	4	5	0	1	1	1	0	1	1	0
PF13677.9	6	5	12	14	5	12	26	10	16	13	2	17	29	16	7
PF02154.18	8	10	11	14	6	10	52	16	23	18	6	22	106	7	20
PF04347.16	3	5	9	6	0	5	18	5	4	5	0	5	43	5	2
PF00813.23	6	4	7	9	2	4	28	7	8	5	1	10	66	8	8
PF01313.22	0	0	0	1	0	4	6	1	7	6	2	1	18	1	1
PF03975.16	3	6	6	6	1	6	11	4	5	9	3	4	19	2	7
PF02623.18	7	6	5	3	2	11	30	10	5	7	0	1	144	2	2
PF05130.15	27	34	27	15	10	19	64	15	13	20	4	13	37	7	11
PF04316.16	10	23	10	6	7	11	39	8	6	10	1	4	20	1	1
PF01339.20	5	12	4	8	1	12	39	19	25	20	4	17	56	12	10
PF07238.17	4	3	1	6	2	4	33	13	9	12	13	22	56	12	21
PF04166.15	0	0	0	0	0	1	1	3	4	4	5	7	0	2	2
PF19642.2	0	1	1	0	0	1	0	3	2	2	1	3	9	1	0
PF01625.24	0	0	0	0	0	1	0	1	0	0	0	0	0	2	2
PF20140.2	0	0	0	0	0	0	0	0	0	0	0	0	0	0	0
PF11611.11	1	1	0	1	0	3	18	2	1	2	2	1	2	0	1
PF01985.24	0	0	0	0	1	3	1	2	2	0	0	2	1	2	1
PF06107.14	0	0	0	0	0	0	0	2	0	0	0	2	0	1	1
PF12821.10	0	0	0	0	0	0	0	1	4	0	0	4	0	1	0
PF06738.15	2	0	0	1	0	1	3	0	4	1	5	2	2	1	5
PF03795.17	0	0	0	0	0	0	4	5	1	1	4	2	6	6	8
PF09419.13	0	0	0	0	0	0	5	1	2	0	1	0	0	0	0
PF02579.20	1	1	1	0	0	1	7	2	1	2	1	3	5	4	0
PF13311.9	0	0	0	0	1	2	6	2	3	1	3	5	7	5	7
PF09578.13	0	0	0	0	0	0	3	2	3	1	2	3	7	1	4
PF20316.1	0	0	0	0	0	0	10	1	0	7	0	1	2	0	1
PF13682.9	11	12	19	13	2	11	45	14	22	32	1	27	23	16	15
PF08348.14	0	0	0	0	2	0	3	2	1	2	2	3	1	1	3
PF13309.9	0	0	0	0	2	0	3	2	1	2	2	3	1	1	3
PF10114.12	1	2	2	4	1	1	29	13	21	4	7	15	22	18	5
PF13515.9	0	0	0	0	0	0	0	2	0	0	0	2	0	1	1
PF02110.18	0	0	1	0	0	0	1	1	1	5	4	9	2	4	6
PF18936.3	0	0	0	0	0	0	15	0	0	0	1	0	53	1	1
PF04294.16	8	5	1	4	3	6	12	15	16	11	8	14	20	24	13
PF12229.11	15	7	13	6	9	17	15	31	18	17	15	27	30	37	24
PF08486.13	1	1	0	5	1	4	5	18	8	10	9	21	9	27	18
PF12700.10	1	5	3	0	0	3	22	9	8	6	4	13	29	16	18
PF20069.2	4	6	5	2	0	13	4	7	5	5	4	3	18	3	1
PF00420.27	0	1	0	0	0	1	1	1	1	1	2	3	4	4	3
PF07451.14	0	0	1	1	1	0	1	6	4	3	3	7	3	9	8
PF09858.12	0	0	0	1	0	0	21	1	4	2	0	1	84	2	1
PF15565.9	0	0	0	0	0	0	1	0	0	0	0	0	0	0	0
PF00800.21	1	0	0	4	3	2	8	7	8	1	5	11	5	8	11
PF12643.10	0	0	0	0	0	0	2	0	0	1	0	0	0	0	0
PF19641.2	0	1	0	0	0	0	0	4	4	0	3	10	0	0	1
PF19700.2	0	0	0	0	0	0	0	0	1	0	0	3	3	1	1
PF06252.15	0	0	0	0	0	0	0	0	2	0	1	0	0	0	1
PF17289.5	0	0	0	0	0	0	0	0	1	1	4	0	0	0	0
PF11962.11	0	0	0	0	0	0	0	0	0	1	3	0	0	0	1
PF15919.8	1	4	2	1	4	7	45	14	11	0	7	7	33	7	7
PF04531.16	0	0	0	0	0	0	0	0	0	1	2	0	0	0	2
PF14285.9	0	0	1	0	0	3	7	4	5	11	7	10	6	8	11
PF20464.1	2	0	0	0	0	0	0	9	9	4	19	27	0	10	16
PF20465.1	2	0	0	0	0	0	0	9	10	5	20	27	1	13	17
PF20473.1	0	0	0	0	0	0	0	9	8	3	23	25	1	10	17
PF20466.1	0	0	0	0	0	0	0	7	7	3	20	25	1	9	17
PF20467.1	0	0	0	0	0	0	0	7	7	3	20	25	1	9	17
PF12637.10	0	0	1	1	0	2	5	1	0	2	1	1	6	1	2
PF02245.19	0	0	0	0	0	0	0	0	1	0	1	0	5	2	3
PF18975.3	0	1	1	1	0	6	10	5	6	4	3	12	11	10	6
PF12724.10	3	2	4	3	1	9	7	12	12	5	10	32	20	16	8
PF09719.13	0	4	1	0	0	4	6	16	6	3	6	13	14	9	9
PF04246.15	0	0	0	0	0	0	0	0	0	0	0	0	0	0	0
PF13735.9	0	3	4	4	0	3	7	11	7	8	4	11	5	10	12
PF18912.3	0	0	2	1	0	3	1	3	3	1	1	3	5	6	4
PF05857.14	0	0	0	0	0	1	0	11	10	13	11	27	18	24	17
PF06961.16	0	0	0	0	0	0	2	0	2	0	0	2	18	0	2
PF05504.14	0	0	0	0	0	0	0	2	1	3	0	0	0	2	1
PF03323.16	1	0	1	0	0	0	0	5	16	3	8	18	9	9	13
PF05135.16	0	0	0	1	0	0	0	12	7	0	5	5	1	10	5
PF04474.15	0	0	0	0	0	0	0	1	0	2	2	1	0	1	1
PF14512.9	0	0	0	0	0	0	4	1	0	2	0	1	3	1	1
PF10694.12	0	0	0	0	0	0	0	0	0	0	0	0	0	0	0
PF12647.10	0	0	0	0	0	0	1	3	0	0	0	3	3	0	1
PF02130.20	3	1	1	1	0	3	3	1	5	8	5	7	2	6	7
PF06898.14	0	0	2	0	0	1	0	8	7	3	6	17	5	12	7
PF09670.13	0	0	0	0	0	1	5	0	0	0	0	0	1	1	0
PF09579.13	3	1	0	1	1	1	6	3	3	0	0	3	6	2	3
PF10844.11	0	0	0	0	0	0	0	2	2	1	3	0	0	0	0
PF20155.2	0	0	0	0	0	0	0	6	7	4	7	8	7	5	13
PF09648.13	0	0	0	0	0	0	0	0	0	0	1	1	0	0	1
PF05762.17	1	2	0	2	0	0	2	1	2	1	1	3	0	5	1
PF01906.20	0	0	2	1	1	0	3	0	2	0	4	2	8	6	2
PF12571.11	0	0	0	0	1	0	1	2	4	1	4	10	8	10	5
PF13884.9	0	0	0	0	0	0	1	2	16	8	5	9	2	3	6
PF01244.24	0	1	1	1	1	1	4	2	4	2	4	3	1	4	1
PF05684.15	9	4	4	5	0	5	7	0	0	8	0	0	17	0	0
PF03612.17	0	0	0	0	0	0	1	0	0	0	0	0	1	0	1
PF07663.14	0	0	0	0	0	0	1	0	0	0	0	0	1	0	1
PF03608.16	0	1	0	0	0	0	2	0	0	0	0	0	1	0	0
PF06923.14	0	0	0	0	0	0	1	0	0	0	0	0	0	0	1
PF14359.9	0	0	1	1	0	0	0	10	12	15	25	32	0	17	10
PF16260.8	0	0	0	0	0	0	1	1	0	0	0	1	0	0	2
PF14070.9	1	1	1	1	1	2	37	2	48	3	27	4	218	5	1
PF09346.13	0	2	4	1	2	4	22	8	9	5	25	29	16	15	72
PF09548.13	0	0	0	0	0	1	1	3	0	3	2	6	3	2	0
PF01885.19	0	0	0	1	0	1	0	3	0	2	1	1	1	0	1
PF06177.14	0	1	1	1	0	0	1	3	0	1	2	2	8	1	1
PF09581.13	0	0	0	1	0	0	0	0	2	0	2	6	0	4	3
PF17866.4	1	0	0	0	1	0	3	1	2	7	5	4	1	2	1
PF13228.9	1	2	0	4	0	2	12	9	6	2	9	8	15	8	13
PF14221.9	0	0	0	0	0	0	0	1	0	0	0	0	1	0	0
PF14277.9	0	0	0	0	0	0	0	4	4	1	1	4	11	1	1
PF05195.19	0	0	2	2	0	2	2	2	3	4	4	4	2	6	2
PF08101.14	0	0	0	0	0	0	0	0	0	0	0	1	0	0	0
PF13530.9	1	0	4	0	1	1	10	1	0	1	2	1	11	7	1
PF02493.23	0	6	0	0	0	0	0	15	5	30	15	13	12	59	54
PF02567.19	0	0	0	1	0	0	1	2	4	0	0	7	1	3	7
PF04414.15	0	0	0	0	0	0	1	0	0	0	0	0	0	0	1
PF08006.14	0	4	0	0	0	3	4	5	7	4	5	8	7	13	11
PF02390.20	0	1	2	0	3	1	2	4	2	3	5	7	5	5	8
PF02570.18	0	0	0	1	0	5	3	4	1	1	11	8	2	7	5
PF04493.17	0	0	0	0	0	0	0	0	1	0	0	0	0	0	0
PF20250.1	33	23	11	8	12	21	23	38	35	21	4	57	36	31	23
PF03961.16	33	23	11	8	12	21	23	38	35	21	4	59	36	31	23
PF01469.21	0	0	0	0	0	0	0	0	6	0	0	0	0	6	0
PF14344.9	0	0	0	0	0	0	1	0	0	3	0	1	1	1	0
PF02369.19	0	0	0	0	0	0	1	1	1	1	0	21	0	0	1
PF07523.15	1	1	1	0	2	2	67	14	35	21	6	6	54	18	28
PF18947.3	12	6	9	3	1	1	6	15	11	12	6	13	14	10	12
PF17848.4	0	0	2	1	0	0	0	1	1	1	0	2	2	3	1
PF00484.22	0	0	0	0	1	0	3	2	1	0	1	1	1	4	0
PF06912.14	0	1	0	0	0	0	3	1	0	4	1	0	3	1	1
PF01019.24	0	0	2	2	0	1	2	2	2	1	1	1	0	0	1
PF09186.14	0	0	0	1	0	1	3	5	1	4	1	6	3	3	4
PF14124.9	0	0	0	0	0	0	0	1	0	1	1	0	0	1	2
PF04070.15	0	0	0	0	0	0	1	0	1	1	0	3	15	0	4
PF02277.20	1	0	0	1	0	1	0	6	6	1	11	10	4	22	16
PF09693.13	0	0	0	0	0	0	0	0	0	0	0	1	0	0	0
PF05065.16	0	0	0	0	2	0	0	45	61	12	49	50	8	54	63
PF01844.26	1	1	0	0	0	0	9	10	21	3	17	18	4	6	12
PF03419.16	0	0	0	1	0	0	1	2	2	2	3	4	7	8	2
PF03750.16	0	0	0	0	0	0	0	0	0	0	0	0	0	0	0
PF13490.9	1	2	1	0	0	0	3	12	8	10	19	52	17	10	16
PF13711.9	0	1	0	0	1	0	2	0	0	2	1	4	6	0	1
PF05534.15	0	0	0	0	0	0	3	3	1	0	7	1	4	2	2
PF11188.11	0	0	0	0	0	0	2	1	1	2	4	4	4	5	0
PF02681.17	0	1	0	0	1	1	2	0	0	1	0	0	1	0	1
PF10727.12	0	0	0	0	0	0	1	1	0	0	0	3	0	1	0
PF10728.12	0	0	0	0	0	0	1	1	1	0	0	3	0	2	1
PF16822.8	0	0	0	0	0	0	5	5	3	6	2	10	5	5	0
PF03592.19	0	0	0	0	0	0	0	1	0	6	4	14	0	1	1
PF14689.9	0	2	0	0	1	1	2	13	7	2	4	6	4	4	5
PF14501.9	17	16	28	22	14	31	110	237	288	199	312	462	242	301	315
PF13786.9	0	1	0	0	0	2	3	9	15	15	10	46	4	12	12
PF14268.9	1	0	0	0	0	0	2	5	5	0	7	3	9	0	2
PF12959.10	0	0	0	0	1	0	0	9	15	10	23	31	6	22	21
PF12960.10	7	5	2	0	1	2	6	121	136	53	328	234	79	216	248
PF08757.14	0	1	4	1	3	4	7	53	20	13	11	63	54	66	38
PF13546.9	15	38	17	16	10	15	141	90	54	92	164	204	472	149	123
PF20574.1	1	0	0	0	0	0	1	1	1	4	3	2	0	0	0
PF19552.2	0	0	0	0	1	0	0	12	9	23	44	54	6	17	18
PF05105.15	0	0	0	0	0	0	1	16	20	6	22	21	9	25	28
PF19498.2	29	36	49	15	6	64	170	125	168	46	114	154	99	116	125
PF12995.10	18	12	10	6	2	14	51	49	57	24	38	44	28	53	45
PF18843.4	0	0	0	0	3	0	0	16	28	15	40	54	4	42	32
PF12962.10	0	0	0	0	0	0	0	0	4	0	1	4	2	5	1
PF18987.3	0	1	0	0	1	0	1	15	19	29	26	57	5	24	19
PF14706.9	0	1	0	0	0	0	2	4	7	0	2	5	0	0	0
PF02281.19	0	0	0	0	0	0	2	4	6	0	1	5	0	0	0
PF17922.4	0	0	0	0	0	1	3	2	2	4	3	7	7	6	4
PF13784.9	3	1	0	0	1	0	0	3	4	1	4	6	1	0	2
PF12652.10	0	3	0	1	1	2	9	0	2	1	1	2	4	6	4
PF12773.10	3	0	0	2	0	1	2	5	6	4	3	12	23	1	4
PF18739.4	2	0	0	0	0	0	0	0	2	1	0	0	2	2	0
PF09509.13	6	2	0	0	0	0	0	1	1	0	0	2	2	0	0
PF14280.9	0	0	3	0	0	0	0	0	0	1	0	0	1	0	0
PF12639.10	0	0	1	0	0	2	0	0	0	0	1	2	1	0	2
PF20296.1	0	0	0	1	0	0	0	0	0	0	0	0	0	0	0
PF04471.15	1	2	2	0	1	2	3	5	6	9	10	17	10	11	8
PF20612.1	0	0	0	0	0	0	0	0	0	1	2	3	0	0	0
PF01371.22	0	0	0	1	0	3	2	1	0	1	0	3	12	1	1
PF13701.9	5	2	5	2	3	11	56	84	47	26	102	97	115	57	79
PF01774.20	0	0	0	0	0	0	2	3	1	0	2	3	1	3	3
PF02814.18	0	0	0	0	0	0	1	1	0	0	1	3	3	0	1
PF00547.21	0	0	0	0	0	0	1	0	0	1	2	3	0	0	1
PF04952.17	0	0	0	0	0	2	5	5	1	0	3	15	0	2	1
PF08379.13	0	0	0	0	0	0	0	3	1	0	4	5	0	1	2
PF01841.22	12	10	18	8	12	27	65	46	66	34	43	61	97	56	61
PF14403.9	0	0	1	0	0	1	16	5	2	1	3	4	0	5	1
PF06289.14	4	3	0	4	0	3	7	0	7	4	1	2	19	0	0
PF20379.1	0	0	0	0	1	0	0	23	33	11	56	59	20	32	38
PF03748.17	1	1	2	3	1	4	9	8	11	0	1	5	14	3	6
PF14190.9	0	0	0	0	0	0	0	1	0	0	1	1	0	1	3
PF18941.3	1	0	0	2	0	1	2	11	22	17	14	39	1	17	13
PF17989.4	3	2	0	0	0	1	2	39	52	37	112	115	9	85	77
PF16226.8	0	0	1	1	1	5	9	9	9	4	9	5	2	12	10
PF11372.11	0	0	0	0	0	1	1	0	1	1	1	2	2	2	0
PF16242.8	0	1	0	0	0	0	0	1	0	0	5	11	2	2	2
PF11667.11	1	1	0	0	0	1	8	6	2	5	10	8	23	2	3
PF18796.4	0	0	0	0	0	0	0	1	0	3	8	4	0	3	3
PF13730.9	0	0	0	0	0	0	3	13	21	19	35	59	1	17	29
PF13463.9	0	0	0	0	0	0	1	1	2	1	0	2	1	4	3
PF14058.9	0	0	0	0	0	1	0	5	4	11	19	26	4	15	7
PF07505.14	0	0	0	0	0	0	0	5	7	3	8	6	4	5	4
PF20323.1	0	1	0	0	0	0	3	2	1	4	6	5	3	2	3
PF13783.9	0	1	2	0	0	1	8	1	4	3	3	5	19	1	1
PF12957.10	0	0	0	0	0	0	3	3	8	7	20	14	0	10	24
PF09681.13	0	1	1	0	2	0	0	33	42	43	60	101	7	38	42
PF13683.9	1	0	2	0	0	3	20	6	25	12	17	23	7	4	0
PF18676.4	2	3	2	0	2	0	2	14	25	15	22	21	13	54	43
PF09587.13	2	1	1	2	0	1	6	9	13	6	8	13	19	12	18
PF19776.2	0	0	0	0	0	0	0	1	0	5	2	1	7	3	0
PF19537.2	0	0	0	0	0	0	0	3	4	1	6	6	0	7	2
PF07441.14	0	0	0	0	0	0	0	0	0	0	0	5	1	3	1
PF02036.20	0	4	0	0	3	12	8	17	12	0	5	16	12	13	12
PF03309.17	1	1	0	2	1	4	3	6	6	1	4	10	6	6	8
PF10087.12	0	0	0	0	0	0	2	1	1	0	0	1	0	0	0
PF12672.10	0	0	0	0	0	2	1	2	4	3	1	3	0	1	1
PF05119.15	0	0	1	0	1	0	1	13	11	4	23	14	1	21	12
PF12686.10	1	0	1	0	0	0	3	5	0	2	4	11	7	4	4
PF18832.4	0	0	0	0	0	0	0	7	1	1	2	4	1	3	2
PF04277.16	4	8	6	6	1	9	24	17	10	16	3	11	59	9	5
PF09827.12	0	0	0	1	0	0	6	4	3	2	3	7	2	5	10
PF08747.14	1	0	2	0	0	2	4	0	1	1	1	1	2	1	2
PF15978.8	0	1	0	1	0	0	1	5	5	0	15	0	27	19	19
PF06527.14	0	2	0	1	0	0	3	7	5	3	14	13	27	24	21
PF08722.14	0	1	0	0	0	0	1	3	3	0	27	2	12	2	4
PF08721.14	0	1	0	0	0	0	1	3	2	0	7	0	12	2	4
PF18657.4	55	12	26	28	35	9	1	38	67	38	103	156	27	96	139
PF14205.9	0	0	0	0	0	2	19	4	7	2	8	8	4	7	4
PF08843.14	1	7	3	1	1	4	11	7	18	8	33	48	6	12	12
PF13338.9	1	1	1	0	0	0	3	4	3	8	4	14	8	3	6
PF18864.4	0	1	0	0	0	0	0	0	0	0	0	1	1	0	0
PF14430.9	0	0	0	0	0	0	2	0	0	0	0	2	2	0	0
PF04365.16	1	0	2	1	0	2	4	3	4	2	3	9	13	1	1
PF13788.9	0	0	0	0	0	0	0	1	5	3	1	1	1	1	0
PF04191.16	0	0	0	0	0	1	1	2	5	2	9	1	3	0	5
PF02592.18	1	2	2	4	3	4	7	7	2	0	7	0	4	5	10
PF06508.16	1	0	0	1	0	0	3	4	4	0	1	4	1	3	3
PF06397.15	0	0	0	0	0	1	0	0	0	1	0	0	0	0	1
PF01880.21	1	0	0	0	1	4	14	1	3	1	2	0	1	3	1
PF12676.10	0	0	0	0	0	0	1	4	1	0	4	8	3	0	2
PF03690.16	0	0	0	0	0	0	1	2	0	0	0	1	0	0	0
PF06182.14	0	0	0	0	0	0	5	6	4	3	4	13	25	12	14
PF08845.13	0	0	0	0	0	1	0	5	10	5	1	13	1	5	9
PF14282.9	9	3	3	2	1	2	1	12	2	5	14	11	16	17	8
PF02659.18	0	0	0	0	0	0	3	2	3	2	3	13	5	6	5
PF09605.13	0	0	0	0	0	0	0	0	0	0	0	2	0	0	2
PF20016.2	0	0	0	0	0	0	1	1	0	1	3	1	1	0	1
PF14393.9	0	3	0	2	0	2	8	13	7	5	0	17	18	5	13
PF09134.13	0	0	0	0	0	0	1	1	4	0	4	3	1	0	0
PF09455.13	0	0	0	0	0	0	5	7	3	0	0	0	0	0	2
PF14907.9	5	9	9	3	3	7	6	3	8	8	1	1	4	3	2
PF14337.9	0	0	0	0	0	0	1	1	1	0	0	1	0	0	0
PF16935.8	1	3	2	1	0	3	12	2	1	4	0	0	27	0	0
PF20042.2	6	6	4	1	1	3	3	7	6	6	6	2	4	0	2
PF07081.14	1	2	0	1	0	1	11	4	5	23	7	38	7	1	3
PF20599.1	0	1	0	0	0	0	3	0	3	5	11	11	18	7	13
PF01699.27	0	0	0	4	0	0	10	14	24	14	22	32	16	20	24
PF04854.17	2	6	3	2	2	0	13	16	8	12	10	9	72	5	17
PF07007.15	2	1	0	0	0	0	0	0	2	1	0	2	0	0	1
PF01637.21	0	1	1	3	1	4	3	13	6	12	9	26	10	13	7
PF03008.17	0	2	2	3	1	4	3	18	6	6	5	26	13	13	7
PF10127.12	0	0	3	0	0	2	0	2	2	0	1	6	1	6	4
PF03161.16	0	0	0	0	0	0	0	1	0	2	0	8	0	0	4
PF15738.8	1	1	1	0	1	0	2	5	0	4	7	5	7	3	4
PF18813.4	0	0	0	0	1	1	2	0	0	1	1	2	1	0	0
PF06267.15	0	0	0	0	0	0	0	0	0	0	0	0	0	1	0
PF06505.14	0	0	0	0	0	0	0	0	0	0	0	1	0	0	0
PF02830.21	0	1	3	3	0	1	0	0	1	1	1	2	0	0	0
PF14317.9	0	0	1	2	1	0	4	0	2	0	0	3	9	5	2
PF14834.9	0	0	0	0	0	0	0	0	0	0	0	0	0	0	1
PF01996.19	0	3	1	0	0	3	2	4	2	1	2	13	20	9	5
PF06889.14	0	2	0	0	2	2	5	2	5	4	6	5	6	3	5
PF11563.11	0	0	0	0	0	0	0	0	0	0	1	0	0	0	0
PF03895.18	0	0	0	0	0	0	0	1	0	0	1	0	0	0	0
PF10626.12	0	0	0	0	0	0	0	0	2	0	14	4	0	7	2
PF12992.10	0	0	0	0	0	0	0	0	0	0	0	0	0	0	0
PF13226.9	0	0	0	0	0	0	0	0	0	0	0	0	0	1	0
PF06463.16	1	1	0	0	0	0	3	1	5	3	0	2	0	1	7
PF06934.14	0	0	0	0	0	0	0	0	1	0	0	0	0	0	0
PF20001.2	0	0	0	0	0	0	0	0	0	0	0	0	0	0	1
PF07944.15	2	0	2	1	0	1	12	11	14	5	9	38	13	21	14
PF13568.9	0	0	0	2	0	1	4	4	9	2	8	19	1	3	5
PF04738.16	0	0	0	0	0	0	0	0	0	0	2	0	0	3	0
PF14028.9	0	0	0	0	0	0	0	0	0	0	1	0	0	1	0
PF12675.10	0	0	2	3	0	3	6	11	3	10	9	17	20	11	8
PF19570.2	1	0	0	0	0	0	0	2	2	2	7	5	0	3	4
PF04353.16	0	0	0	0	0	0	0	0	0	1	0	0	0	0	0
PF02696.17	0	0	0	0	0	0	0	0	0	0	1	1	0	0	0
PF05960.14	0	0	0	0	0	1	6	7	7	2	4	14	10	9	9
PF06956.14	0	0	0	0	0	0	0	0	0	0	0	0	0	0	0
PF06224.15	0	0	0	0	0	0	0	0	0	0	1	0	0	1	0
PF01717.21	0	0	0	0	0	0	0	0	0	0	1	0	0	0	0
PF02348.22	4	1	4	4	0	11	1	17	12	3	4	25	6	9	5
PF01564.20	0	1	1	0	0	1	2	13	10	2	2	18	4	17	9
PF04356.15	0	0	0	0	0	0	0	0	0	0	0	1	0	0	0
PF17874.4	1	1	3	1	1	3	2	5	3	5	6	9	0	4	3
PF09312.14	0	0	0	0	0	0	0	1	2	0	0	0	0	0	0
PF01972.19	0	1	0	0	0	0	0	1	0	0	0	0	0	0	0
PF08481.13	0	0	2	2	0	2	5	0	5	5	15	0	0	0	0
PF03453.20	2	0	0	0	0	0	2	0	6	9	3	1	1	1	0
PF03454.18	2	0	0	0	0	0	2	0	6	9	3	1	1	1	0
PF17948.4	0	0	0	0	0	0	0	0	0	0	0	0	0	0	0
PF04958.15	0	0	0	0	0	0	0	0	0	0	1	0	0	0	0
PF08713.14	0	0	0	0	1	1	2	6	11	8	8	38	6	14	8
PF14801.9	0	0	0	0	0	0	0	0	0	0	0	0	0	0	0
PF08704.13	0	0	0	0	0	0	0	0	0	0	0	0	0	0	0
PF17932.4	0	0	0	0	0	0	0	0	1	1	0	3	0	0	0
PF09661.13	0	0	0	0	0	0	0	1	0	0	2	1	0	0	1
PF18946.3	0	0	0	0	0	0	0	0	0	0	0	1	0	0	0
PF19783.2	0	0	0	0	0	0	0	0	1	0	0	0	0	1	0
PF15507.9	0	0	0	0	0	0	0	0	1	0	0	0	0	0	0
PF02973.19	0	0	0	0	0	0	0	0	0	0	0	0	0	0	1
PF03412.18	0	1	2	1	0	1	2	0	3	3	1	1	2	6	3
PF13417.9	0	0	0	0	1	0	0	0	0	0	4	2	0	1	0
PF18096.4	0	0	1	0	1	0	0	0	1	1	3	7	1	2	3
PF01963.20	0	0	1	0	0	0	1	0	2	0	7	2	0	5	1
PF10935.11	0	0	0	0	0	0	0	0	0	0	0	0	0	0	1
PF19328.2	0	0	0	0	0	0	0	0	0	1	1	1	0	1	0
PF17203.7	0	0	0	0	0	0	0	0	0	0	2	1	0	0	0
PF13780.9	0	0	0	0	0	0	0	0	0	1	0	1	0	2	1
PF01135.22	0	0	0	0	0	0	0	0	0	0	0	2	0	1	0
PF19078.3	0	0	0	0	0	0	0	0	0	0	0	1	0	0	0
PF00059.24	0	0	0	0	1	0	0	4	0	1	1	2	0	7	1
PF06594.14	0	0	0	0	0	0	0	0	0	0	0	1	0	0	0
PF07072.14	0	0	0	0	0	0	0	0	0	0	0	0	0	1	0
PF13977.9	0	0	0	0	0	0	0	0	0	0	0	0	0	1	0
PF16881.8	0	0	0	0	0	0	0	1	0	0	0	0	0	0	2
PF09326.14	0	0	0	0	0	0	0	0	0	0	0	0	0	0	0
PF09976.12	0	0	0	0	0	0	0	0	0	0	0	1	2	1	0
PF00141.26	0	0	0	0	0	0	0	2	2	0	2	2	0	2	1
PF04830.16	0	0	0	0	0	0	0	0	0	1	0	0	0	0	0
PF02171.20	0	0	0	0	0	0	0	0	0	0	0	1	0	0	1
PF09239.14	0	0	0	0	0	0	0	1	0	0	0	0	0	0	0
PF06966.15	0	0	0	0	0	0	0	0	0	0	0	2	0	0	0
PF16924.8	0	0	0	0	0	0	0	1	1	2	2	2	4	2	3
PF18989.3	1	6	9	9	5	7	29	31	12	3	1	27	60	17	21
PF13231.9	0	0	0	0	0	1	22	16	11	9	7	21	62	27	20
PF03646.18	8	29	19	6	1	27	12	6	12	8	1	5	19	6	4
PF07581.15	0	0	1	1	2	3	2	7	20	11	16	4	5	11	15
PF19510.2	0	0	0	0	0	0	5	9	7	0	1	7	16	9	19
PF02485.24	0	0	0	0	0	0	0	0	0	0	0	0	0	1	1
PF18922.3	0	0	0	1	0	0	2	1	2	0	0	3	5	6	3
PF04724.16	0	0	0	0	0	0	1	5	2	1	0	4	4	7	5
PF05523.14	0	0	0	0	0	0	0	0	4	2	1	6	4	4	7
PF08759.14	1	0	0	0	0	0	3	4	8	0	11	2	7	7	13
PF14264.9	0	0	0	0	0	0	7	5	5	3	0	5	23	4	3
PF09359.13	0	0	0	0	0	0	2	14	5	1	3	16	8	7	5
PF16316.8	0	0	0	1	0	0	3	8	1	2	9	16	12	12	11
PF04794.15	0	2	0	0	0	1	2	5	1	2	0	6	6	6	1
PF19554.2	0	0	1	1	0	0	7	3	6	0	3	13	12	4	5
PF13526.9	0	0	0	4	0	2	10	9	6	2	5	5	14	8	13
PF07745.16	0	0	0	0	0	8	37	11	26	13	16	29	37	17	22
PF11738.11	4	0	1	0	0	2	2	8	12	3	17	16	13	7	19
PF06161.14	0	2	3	1	1	3	6	6	4	2	0	13	21	2	3
PF20462.1	0	1	0	0	2	3	3	6	3	1	1	4	3	5	4
PF03588.17	0	0	0	0	0	0	2	0	2	0	0	1	1	2	0
PF02617.20	0	0	0	0	0	0	1	0	2	2	2	0	0	1	0
PF12965.10	0	0	0	0	0	0	0	4	1	1	0	2	0	0	2
PF10006.12	0	0	0	0	0	0	0	8	2	1	2	4	0	4	3
PF18050.4	0	0	0	0	0	1	1	2	6	2	6	7	5	12	23
PF13474.9	0	0	0	0	0	1	0	0	0	0	3	1	0	4	3
PF07592.14	1	2	11	5	2	1	13	16	17	15	9	23	24	43	26
PF14358.9	1	0	0	0	0	0	3	2	5	3	8	8	3	4	6
PF12669.10	0	0	0	1	0	0	0	2	1	0	1	3	0	2	2
PF04434.20	4	2	1	1	0	2	6	8	5	4	1	8	9	20	14
PF17124.8	0	0	0	0	0	0	0	0	0	0	0	0	0	0	0
PF13566.9	0	0	0	0	0	0	2	4	4	0	2	7	19	4	3
PF06452.14	2	10	3	2	0	4	28	0	4	1	1	0	1	4	1
PF18988.3	0	1	0	0	0	0	2	2	1	1	0	1	12	2	1
PF15979.8	1	1	0	2	2	6	5	4	7	2	0	7	2	13	4
PF17829.4	1	1	0	2	2	6	5	4	6	1	0	7	2	13	4
PF13366.9	1	1	3	2	0	1	2	11	8	5	5	58	17	5	16
PF08849.14	0	0	1	1	1	2	2	1	0	2	1	5	3	3	1
PF13592.9	0	0	0	0	0	1	1	3	6	3	3	11	14	12	15
PF20442.1	0	2	0	2	0	2	5	2	2	2	2	4	11	6	2
PF13337.9	0	2	0	3	0	2	5	2	2	5	3	4	13	6	2
PF13182.9	0	0	0	0	0	1	2	1	3	2	13	19	5	8	2
PF05017.17	0	0	0	4	0	0	5	150	224	19	168	127	8	197	191
PF20251.1	0	0	1	0	1	0	5	9	11	9	9	24	7	8	9
PF10923.11	1	1	2	1	0	2	10	1	9	9	1	4	24	14	4
PF05686.15	0	0	0	0	1	0	0	1	2	0	6	9	8	3	8
PF19092.3	0	0	0	1	0	0	0	0	0	0	0	2	2	5	2
PF09860.12	0	1	0	0	0	0	2	0	3	2	0	1	2	0	0
PF02445.19	0	0	0	2	2	4	0	0	3	1	3	6	0	0	0
PF02829.17	0	0	1	0	2	1	1	0	1	2	0	0	1	2	0
PF09234.13	0	1	1	0	0	7	1	1	0	0	0	0	0	1	0
PF09515.13	1	0	0	0	0	0	1	4	1	0	0	2	3	2	3
PF07348.15	0	0	0	0	0	0	0	1	1	0	0	2	2	2	0
PF03706.16	0	0	0	2	0	0	10	4	5	9	11	8	13	9	10
PF16927.8	2	4	2	3	0	2	14	30	17	4	7	34	25	26	26
PF16472.8	1	1	0	0	0	1	7	12	14	10	22	46	9	17	13
PF08367.14	4	9	3	2	3	5	16	15	16	19	8	13	33	14	16
PF18907.3	0	1	0	1	0	1	2	2	2	3	0	0	4	8	3
PF09986.12	0	5	3	0	0	3	15	6	3	1	0	9	9	2	8
PF12725.10	0	1	1	1	1	1	3	2	2	4	4	2	11	5	1
PF19275.2	1	1	1	0	0	0	0	2	0	1	2	4	3	5	4
PF10021.12	0	0	0	0	0	1	0	0	0	0	0	0	0	0	0
PF14478.9	0	0	0	0	0	0	0	1	0	2	3	2	3	2	2
PF16990.8	0	0	0	0	0	0	2	0	2	0	0	0	0	0	0
PF02677.17	0	0	0	0	0	0	3	2	1	0	3	7	7	4	8
PF13023.9	1	0	1	0	0	0	0	1	2	5	1	0	1	1	0
PF02732.18	0	0	0	0	0	0	0	1	0	7	3	14	0	0	0
PF08719.14	0	1	0	0	0	0	0	2	0	1	0	4	1	2	3
PF18127.4	0	0	0	0	0	0	0	2	0	0	0	12	0	0	4
PF10047.12	0	1	0	0	0	1	1	0	0	0	0	0	0	0	0
PF14020.9	0	0	0	0	0	0	3	0	1	0	4	4	0	0	0
PF10547.12	0	0	0	0	0	0	0	0	0	0	0	0	0	0	0
PF00959.22	0	0	0	0	0	0	0	0	3	3	0	11	0	0	5
PF20195.1	0	0	0	0	0	0	0	0	4	4	1	3	2	0	5
PF05704.15	0	0	0	0	0	0	0	0	0	0	0	0	0	0	0
PF14281.9	0	0	0	0	0	0	0	0	0	0	0	0	0	0	0
PF19601.2	1	2	1	0	0	0	7	4	2	1	0	4	12	0	1
PF03799.18	0	0	1	0	0	1	0	0	4	5	1	13	6	4	2
PF20335.1	1	0	0	0	0	0	0	0	1	0	0	1	0	1	0
PF17117.8	0	0	0	0	0	3	0	0	7	0	0	2	0	0	0
PF13739.9	0	0	2	0	0	2	1	2	3	0	3	6	1	2	4
PF16661.8	0	0	0	1	0	2	2	11	2	3	1	10	6	9	4
PF19306.2	0	0	0	0	0	0	4	1	6	0	2	1	5	8	8
PF08494.14	0	0	0	0	0	0	4	1	7	0	2	1	5	8	8
PF01693.19	0	0	0	0	1	0	0	1	1	0	4	6	0	4	3
PF12997.10	1	4	0	2	0	2	14	4	3	3	1	4	23	2	3
PF01899.19	0	0	0	0	0	0	3	1	2	0	1	2	1	0	2
PF03334.17	0	0	0	0	0	0	1	0	2	0	0	2	0	6	1
PF19753.2	14	24	26	34	16	60	54	56	54	18	10	44	120	66	30
PF10704.12	0	0	0	0	0	0	2	1	1	2	1	2	7	3	3
PF09365.13	0	3	0	0	0	3	19	2	6	4	12	9	6	4	7
PF18560.4	0	0	1	0	0	1	1	5	13	9	3	3	11	16	11
PF19511.2	0	0	0	0	0	0	1	2	0	6	14	13	2	8	21
PF18555.4	0	0	0	0	0	0	2	15	16	20	36	49	7	33	51
PF07090.14	0	0	0	0	0	2	3	3	13	4	5	1	6	10	11
PF11208.11	0	4	6	3	1	5	36	4	17	9	18	32	29	11	17
PF18928.3	0	0	0	0	0	0	0	1	2	4	6	6	8	5	6
PF11436.11	0	0	0	0	0	0	0	0	0	0	0	0	0	0	0
PF10026.12	0	1	1	0	0	0	2	1	4	1	1	1	1	1	0
PF13567.9	0	0	0	0	0	1	2	9	11	4	5	5	14	9	9
PF19623.2	0	0	2	3	1	1	2	5	6	1	0	1	0	2	2
PF18475.4	0	0	1	0	0	1	0	8	1	1	0	5	2	4	3
PF14094.9	2	0	0	0	1	2	3	2	3	0	1	0	1	1	0
PF03885.16	0	0	1	2	1	2	6	4	1	1	0	4	1	2	1
PF06968.16	1	3	5	3	0	0	2	12	6	1	15	20	8	15	11
PF14107.9	0	0	0	0	0	0	2	9	12	4	4	3	2	6	8
PF09553.13	0	0	1	0	0	0	2	1	1	0	0	2	4	1	1
PF10137.12	0	0	0	0	0	0	0	0	0	1	1	0	0	0	0
PF01969.20	1	1	0	0	1	1	4	6	1	4	1	8	1	8	5
PF19845.2	0	2	0	1	0	0	1	3	4	3	1	5	11	4	2
PF19694.2	2	0	0	0	1	1	2	2	7	11	8	17	4	8	14
PF20037.2	0	0	0	0	1	1	2	3	0	1	0	2	13	1	1
PF12869.10	0	0	0	0	0	0	0	0	0	0	0	0	0	1	0
PF04074.15	1	1	4	3	1	6	0	2	7	4	1	2	10	0	1
PF19610.2	0	1	4	2	2	10	14	6	14	3	4	12	6	10	10
PF09704.13	1	0	1	1	0	2	0	0	4	0	1	1	2	4	5
PF05107.15	0	1	2	0	1	1	2	0	3	1	6	4	1	4	3
PF03714.17	0	0	2	5	0	6	0	0	1	10	1	0	0	1	2
PF10040.12	1	0	0	1	0	0	0	0	0	0	0	0	0	0	1
PF12945.10	0	1	0	3	0	2	6	4	3	2	0	1	8	4	3
PF13750.9	0	0	0	0	0	0	0	4	6	2	7	1	8	10	13
PF13203.9	0	0	0	0	0	1	2	7	5	1	3	8	1	12	6
PF09967.12	0	0	0	1	0	1	2	8	4	1	3	9	1	12	5
PF09527.13	0	1	2	2	1	2	19	1	3	1	0	7	44	2	1
PF10020.12	0	0	0	0	0	0	1	0	0	0	4	3	0	6	10
PF19668.2	0	0	0	0	0	0	0	1	0	1	2	0	0	1	0
PF05194.15	0	0	0	0	0	0	0	1	0	0	1	2	0	0	1
PF08590.13	0	0	0	0	0	0	0	0	0	0	7	0	0	0	0
PF16468.8	0	0	0	0	0	0	0	0	3	0	2	2	0	1	0
PF13772.9	0	0	0	0	0	0	0	0	0	0	2	0	0	0	0
PF00261.23	0	0	1	2	0	6	0	0	0	0	0	1	0	0	0
PF09966.12	0	0	1	0	0	2	2	1	3	1	2	13	1	2	5
PF07486.15	0	8	4	5	2	9	12	17	26	19	7	30	21	18	15
PF19909.2	0	0	0	2	0	9	1	6	13	2	3	11	1	11	9
PF17786.4	0	0	0	0	0	0	0	5	0	1	1	5	1	6	1
PF17753.4	0	0	1	0	0	1	12	7	3	3	2	12	6	13	5
PF14243.9	0	0	0	0	0	0	0	0	0	0	0	0	0	0	0
PF04446.15	0	0	1	0	0	1	0	0	0	0	1	1	0	0	0
PF14413.9	0	0	1	0	0	1	0	0	0	0	0	0	0	0	0
PF01051.24	1	0	0	1	6	0	3	5	5	1	1	1	0	3	7
PF19453.2	0	0	0	0	0	0	0	0	0	0	0	0	0	0	0
PF11007.11	2	4	2	3	0	1	6	0	0	2	0	2	4	1	1
PF14104.9	0	0	0	0	0	0	0	1	1	0	0	1	0	0	1
PF15595.9	0	0	0	0	0	0	2	0	0	0	4	2	0	1	0
PF13240.9	0	4	4	6	5	5	13	8	17	15	12	17	38	10	7
PF14561.9	0	0	0	0	0	0	0	0	1	0	0	0	0	0	1
PF12746.10	0	2	0	1	0	0	6	5	10	5	1	5	11	11	8
PF20582.1	0	2	2	2	1	3	4	1	3	2	7	8	8	4	7
PF05209.16	0	0	2	2	0	3	0	2	7	0	2	2	11	3	0
PF03775.19	1	1	2	2	0	4	0	2	7	0	2	4	11	3	1
PF11443.11	0	0	0	0	0	2	4	0	1	0	0	3	1	1	1
PF05731.14	0	0	0	0	0	0	0	0	3	0	1	0	18	4	3
PF12840.10	0	1	1	0	2	0	2	5	3	0	3	7	5	3	2
PF03848.17	0	0	0	0	0	1	0	0	0	0	2	0	1	2	4
PF13026.9	0	2	0	3	0	1	1	4	1	4	0	1	4	5	2
PF18977.3	0	1	0	0	0	0	1	1	2	0	0	0	2	2	0
PF20047.2	2	0	1	0	0	2	3	11	4	14	4	8	15	8	12
PF20218.1	0	0	0	0	0	0	0	0	0	0	0	0	0	0	0
PF16146.8	0	0	0	0	0	1	32	16	5	6	1	1	57	0	1
PF13690.9	0	3	0	0	0	0	23	2	3	7	1	0	31	1	1
PF00475.21	0	0	3	2	0	2	3	5	2	1	4	7	8	3	4
PF02410.18	0	0	1	1	0	3	5	2	1	1	1	5	6	2	2
PF20317.1	1	0	0	0	1	0	1	4	4	1	10	10	5	4	11
PF09391.13	0	0	0	0	1	0	0	2	6	4	1	7	1	5	6
PF14103.9	0	0	0	0	0	0	0	0	0	0	0	0	0	0	0
PF08889.14	0	0	0	0	0	0	1	1	0	3	1	5	3	1	2
PF13685.9	0	0	0	0	0	2	7	7	4	1	15	11	2	6	5
PF19677.2	0	0	0	0	0	0	1	2	4	1	1	0	1	3	3
PF08020.14	0	0	0	1	0	0	2	1	4	1	0	5	11	5	2
PF13578.9	0	3	0	0	0	0	0	0	0	1	0	2	4	2	2
PF18982.3	0	0	0	0	0	0	2	2	3	1	3	11	0	5	0
PF13835.9	0	0	0	0	0	0	0	2	2	2	1	5	0	0	0
PF07429.14	0	1	0	0	0	0	0	0	0	0	0	0	0	0	0
PF14423.9	0	0	0	0	0	0	0	0	0	11	9	29	0	0	0
PF08928.13	0	0	0	0	0	0	0	1	0	2	0	6	0	1	1
PF08929.13	0	0	0	0	0	0	0	1	0	12	2	25	0	1	1
PF14433.9	0	0	0	0	0	0	0	0	1	0	1	1	0	0	0
PF14206.9	0	0	0	0	0	0	0	0	0	0	0	5	1	0	0
PF17836.4	2	1	2	0	0	0	0	0	1	4	1	4	0	3	1
PF11922.11	0	2	1	0	1	3	2	2	7	3	2	3	6	6	3
PF15609.9	0	0	0	0	0	0	0	1	0	1	0	0	0	0	2
PF12500.11	0	0	0	0	0	0	0	1	0	1	0	0	0	0	2
PF14018.9	2	0	0	2	6	6	10	0	0	0	2	0	6	0	0
PF15617.9	0	0	0	0	0	0	0	0	0	0	1	0	1	0	0
PF02675.18	0	0	0	0	0	0	0	0	0	0	3	1	1	3	3
PF17284.5	0	0	1	0	0	0	2	1	3	0	1	3	1	4	0
PF00491.24	0	1	0	0	0	0	2	0	1	0	0	0	0	0	0
PF18425.4	0	0	0	0	0	2	0	2	9	4	4	19	7	19	16
PF20312.1	2	1	2	1	1	0	2	3	1	6	4	4	0	0	0
PF02654.18	0	0	0	0	0	0	0	4	4	0	10	13	6	8	11
PF13687.9	0	1	1	0	1	0	5	10	5	1	4	4	8	7	4
PF10096.12	0	0	0	0	0	0	1	0	0	0	0	0	3	5	2
PF02655.17	0	0	0	0	0	1	10	7	1	0	1	6	9	5	2
PF03102.17	2	0	6	3	1	10	3	20	10	5	7	11	9	17	12
PF07922.14	0	0	0	0	0	0	2	1	5	5	1	9	4	8	5
PF14897.9	0	0	1	0	0	1	6	7	10	0	2	10	13	13	6
PF10135.12	0	1	1	1	0	2	6	5	3	0	0	0	18	6	2
PF02981.18	0	0	0	0	0	0	0	0	0	0	0	0	0	0	0
PF02980.19	0	0	0	0	0	0	0	0	0	0	0	0	0	0	0
PF16902.8	0	0	0	0	0	0	0	0	0	0	0	0	0	0	0
PF09254.14	0	0	0	0	0	0	0	0	2	0	2	0	0	0	0
PF00080.23	0	0	0	1	0	0	0	0	1	0	0	5	0	3	2
PF17996.4	0	0	0	1	1	0	7	0	4	0	2	1	1	2	4
PF04994.16	4	0	2	1	0	0	7	1	7	0	6	1	10	0	1
PF17827.4	1	0	2	1	0	1	5	5	8	2	6	21	8	10	16
PF11258.11	1	1	3	1	1	7	30	12	12	8	5	11	25	13	9
PF17479.5	1	1	3	1	1	7	30	12	12	8	5	11	25	13	9
PF06081.14	0	0	0	0	1	1	3	4	4	1	10	15	5	5	10
PF11728.11	0	0	0	0	0	1	1	3	2	0	3	4	2	0	2
PF13289.9	0	4	0	0	0	0	31	5	5	6	21	14	6	1	2
PF12762.10	0	0	1	0	0	0	2	0	3	5	9	16	8	5	11
PF18984.3	2	7	7	5	0	6	17	14	20	14	8	22	29	24	11
PF18983.3	2	6	6	5	0	5	17	14	20	13	7	22	28	24	11
PF07456.14	0	0	0	1	0	0	2	3	2	2	2	5	10	6	3
PF07009.14	0	0	0	1	0	0	0	2	3	0	2	1	1	3	3
PF08876.14	0	0	2	0	1	1	3	1	5	4	4	1	14	8	1
PF13601.9	0	0	0	0	0	0	0	0	2	2	3	0	2	0	1
PF13787.9	0	0	0	0	0	0	1	2	2	2	4	11	1	2	1
PF02016.18	0	0	0	0	0	0	0	7	5	3	12	20	5	7	5
PF17676.4	0	0	0	0	0	0	0	7	5	3	12	20	5	7	5
PF14199.9	2	3	1	2	2	1	8	3	8	7	7	6	13	12	10
PF17225.6	0	0	0	0	0	0	2	1	2	4	5	3	23	10	8
PF06283.14	0	0	0	0	0	1	1	0	0	0	1	0	1	1	1
PF14257.9	1	1	1	0	0	4	6	3	4	0	3	7	9	6	2
PF09148.13	0	0	1	0	0	5	2	3	1	1	2	1	1	0	3
PF07878.14	0	0	0	0	0	0	0	0	1	0	0	0	0	0	1
PF07826.14	2	0	1	4	2	3	4	9	6	7	1	18	6	6	6
PF20260.1	0	2	0	1	0	3	2	6	5	1	1	4	2	6	5
PF08487.13	0	0	0	0	0	1	0	0	0	0	0	3	0	2	3
PF16369.8	0	0	0	0	0	0	3	4	5	0	0	8	0	4	3
PF09212.13	0	0	0	0	0	0	0	0	1	0	0	0	0	2	2
PF02156.18	2	0	0	0	1	2	2	2	5	0	1	4	1	7	5
PF13570.9	0	0	0	0	0	0	1	1	0	1	5	2	5	2	4
PF08765.14	1	0	0	1	0	0	2	0	2	0	0	1	4	1	0
PF20456.1	1	0	0	1	0	2	6	1	0	2	0	1	1	1	4
PF19484.2	0	1	0	0	0	1	18	34	12	7	9	61	60	48	23
PF04018.16	0	0	0	1	0	0	4	4	1	5	0	4	9	2	7
PF14751.9	0	2	0	0	0	0	6	4	4	1	1	6	6	5	2
PF01978.22	0	0	0	0	0	0	5	1	5	0	3	2	0	4	2
PF11495.11	0	0	0	0	0	0	0	0	0	0	1	2	0	0	0
PF00246.27	2	1	2	3	0	2	4	0	3	2	6	3	1	1	2
PF13241.9	0	1	1	1	2	0	4	1	1	1	0	3	2	8	4
PF18588.4	0	0	0	0	0	0	0	0	0	0	0	0	0	0	0
PF16738.8	0	0	1	5	0	2	0	5	6	1	15	15	1	14	6
PF16561.8	0	0	1	5	0	2	0	0	0	0	0	0	0	1	0
PF19539.2	0	0	0	0	0	0	0	0	0	1	0	0	0	2	1
PF10387.12	0	0	0	0	0	0	1	0	0	1	1	1	3	1	1
PF18994.3	0	0	0	0	0	0	0	8	8	1	16	8	2	0	3
PF05709.14	0	0	0	0	0	0	0	5	9	3	4	16	0	16	4
PF20469.1	1	3	0	2	0	3	7	8	3	2	4	27	9	4	9
PF03283.16	0	0	0	0	0	0	0	0	0	0	2	0	0	1	0
PF14192.9	1	0	0	0	0	0	0	4	17	5	13	22	2	21	32
PF03852.18	0	1	2	1	0	2	3	3	3	2	3	5	1	3	1
PF09565.13	0	0	0	0	0	0	1	0	0	1	1	1	2	1	0
PF06855.15	0	0	0	0	0	0	0	1	5	1	1	3	1	1	2
PF13005.10	12	20	8	1	19	12	31	54	75	14	133	96	82	37	30
PF06094.15	0	0	0	0	0	0	0	11	5	1	2	8	2	6	10
PF01680.20	0	2	2	1	0	0	1	1	0	2	1	8	2	2	2
PF00142.21	0	0	0	0	0	0	0	0	0	0	2	0	4	2	0
PF00350.26	0	0	0	0	0	0	0	0	1	0	1	0	0	0	1
PF14414.9	0	0	0	0	0	0	0	1	0	0	0	0	0	0	0
PF02652.17	0	0	2	2	0	2	4	1	0	0	3	2	1	1	0
PF05183.15	0	0	0	0	0	0	0	2	4	2	4	1	2	3	0
PF01810.21	1	0	0	2	0	0	0	4	3	9	9	38	3	6	16
PF13577.9	0	0	0	0	0	0	0	1	0	0	1	0	0	1	1
PF14534.9	0	0	0	0	0	0	0	1	0	0	0	1	0	0	0
PF12158.11	0	0	0	0	0	1	10	1	1	4	0	0	14	1	2
PF06353.15	0	0	0	0	0	0	0	0	0	0	5	3	1	1	2
PF19538.2	0	0	0	1	0	1	7	5	2	1	1	3	4	2	2
PF20573.1	0	0	0	0	0	0	1	1	1	1	2	0	2	2	2
PF12650.10	0	0	1	0	0	0	20	2	2	2	3	2	16	6	5
PF20040.2	0	1	0	1	0	0	0	0	2	1	0	2	0	0	2
PF03928.17	3	0	2	1	0	0	6	4	2	0	0	0	4	2	0
PF03319.16	5	0	1	3	1	2	4	0	0	1	2	0	3	0	1
PF18427.4	0	0	4	0	1	5	32	5	2	3	0	1	1	0	1
PF08841.13	0	0	4	0	1	5	32	5	2	3	0	1	1	0	1
PF02287.18	0	0	0	1	0	0	4	2	0	1	0	0	0	0	2
PF02286.18	2	3	0	0	0	1	65	7	7	0	0	1	4	0	3
PF11580.11	2	4	0	2	0	1	23	4	11	16	17	42	32	14	16
PF15428.9	0	0	0	0	0	0	3	1	0	0	0	1	0	2	0
PF14136.9	0	0	0	0	0	1	0	3	10	14	14	39	0	11	11
PF16657.8	5	4	5	7	4	10	2	5	8	12	2	4	10	5	6
PF20446.1	0	0	8	3	3	3	10	13	5	4	5	5	6	4	11
PF09818.12	0	0	8	3	3	3	10	13	5	4	6	11	7	5	10
PF18218.4	0	0	0	0	0	0	0	4	4	4	24	15	0	0	10
PF02522.17	0	0	0	0	0	1	14	1	6	7	7	21	5	3	1
PF05708.15	0	0	0	0	0	0	9	0	0	0	4	0	1	0	0
PF12671.10	0	0	0	0	0	0	0	0	0	0	0	1	0	1	2
PF13551.9	2	0	0	0	0	0	1	3	2	0	1	11	8	1	5
PF10412.12	0	0	0	0	0	0	0	2	1	2	3	3	0	2	2
PF20313.1	0	0	0	1	0	2	3	4	6	1	9	15	8	9	12
PF13958.9	0	1	0	0	0	0	8	3	2	1	2	14	8	5	3
PF07892.14	0	2	0	0	0	0	4	0	0	0	1	1	0	3	3
PF12910.10	0	0	0	0	0	0	1	0	0	0	0	0	0	0	0
PF13466.9	0	0	0	0	0	0	0	1	4	0	1	1	0	1	1
PF08445.13	1	1	0	0	0	0	4	0	1	0	0	1	0	0	0
PF07179.15	1	5	2	2	1	3	8	0	5	3	0	4	4	2	5
PF11796.11	0	0	0	0	0	0	0	1	0	0	1	3	0	1	0
PF09664.13	0	0	0	0	0	0	0	1	0	0	1	3	0	1	0
PF09660.13	0	0	0	0	0	0	0	1	0	1	1	0	1	1	2
PF18889.3	6	12	6	0	6	0	0	49	64	26	130	169	48	161	146
PF20623.1	0	0	0	0	0	0	0	17	53	2	14	14	0	0	1
PF01345.21	9	3	28	18	91	59	13	154	390	40	134	119	51	42	86
PF07613.14	0	2	0	0	0	0	4	0	2	4	2	12	12	0	4
PF14056.9	0	1	0	0	0	0	0	1	2	0	0	2	1	0	1
PF14076.9	0	0	0	0	0	0	0	2	0	0	0	4	3	4	2
PF01402.24	0	0	0	0	0	0	3	0	2	3	2	4	4	2	2
PF05973.17	0	0	0	0	0	0	0	1	0	2	0	2	0	0	1
PF10651.12	0	0	0	0	0	0	0	0	0	0	0	0	0	1	0
PF03406.16	0	1	0	0	0	0	0	0	0	0	0	0	0	0	0
PF19639.2	0	1	0	0	0	0	0	2	0	1	0	2	1	2	1
PF13279.9	2	0	0	0	0	1	0	0	2	2	1	2	1	4	2
PF13391.9	0	0	0	0	0	0	3	3	3	0	2	4	6	4	5
PF04480.15	0	0	0	0	0	0	0	1	0	1	0	1	1	1	0
PF07853.14	0	1	0	0	1	1	5	2	4	1	5	5	11	5	3
PF09297.14	0	0	1	2	0	0	4	1	5	4	2	9	8	6	11
PF11187.11	0	1	0	0	0	0	2	6	7	1	12	6	4	15	25
PF07454.14	0	0	0	0	0	1	1	5	4	1	3	8	0	15	5
PF06782.14	0	0	6	0	0	1	3	31	15	2	4	5	4	19	0
PF12670.10	0	0	0	0	0	0	1	3	1	2	3	2	2	1	1
PF09552.13	0	0	0	0	0	0	0	0	0	0	0	0	0	0	0
PF12953.10	0	0	0	0	0	0	2	2	0	0	1	4	2	1	2
PF19499.2	0	1	0	4	6	3	7	1	0	3	1	4	6	15	6
PF03883.17	0	2	1	0	0	1	1	6	7	6	5	12	4	6	7
PF07866.14	0	2	0	1	0	0	1	1	2	0	3	3	1	2	3
PF03862.16	0	0	0	0	0	0	5	3	5	3	2	2	10	4	1
PF13782.9	0	0	0	0	0	0	0	1	3	1	0	3	3	3	3
PF01174.22	0	1	0	0	0	0	0	2	0	1	0	4	1	0	0
PF03932.17	1	1	1	2	1	4	0	2	2	1	3	6	3	3	3
PF12893.10	1	0	0	0	0	0	0	2	0	0	0	2	2	1	1
PF18088.4	0	0	1	0	0	0	0	0	0	0	0	1	1	0	0
PF11070.11	0	1	0	0	0	1	0	1	1	0	1	0	0	1	3
PF08867.14	0	0	0	0	0	0	1	1	3	1	1	4	0	1	2
PF10143.12	1	2	7	3	1	0	3	2	3	1	5	3	8	3	3
PF08645.14	0	0	0	0	0	0	0	2	0	0	2	2	0	0	0
PF19830.2	0	0	0	0	0	0	1	1	6	1	1	0	6	1	5
PF05426.15	0	0	0	0	0	0	0	0	0	0	0	0	0	1	0
PF07940.16	0	0	0	0	0	0	0	5	5	1	5	7	4	1	1
PF07470.16	0	0	2	0	0	0	15	12	12	6	9	21	35	30	25
PF13535.9	0	0	0	0	0	0	2	3	1	2	0	9	0	6	3
PF18603.4	0	0	0	0	0	0	2	2	1	0	0	9	0	5	3
PF08922.14	0	0	0	1	0	0	1	0	4	0	1	7	1	1	1
PF03733.16	0	2	2	0	0	0	4	2	2	2	26	8	65	16	2
PF10974.11	0	0	0	0	1	0	2	1	1	0	0	2	11	2	0
PF12558.11	1	0	1	0	0	0	4	6	2	2	1	2	4	5	2
PF01939.19	0	0	0	0	0	1	0	0	0	4	1	7	1	0	0
PF13395.9	0	0	2	1	0	0	1	0	1	5	1	1	1	5	4
PF20578.1	0	0	3	0	1	2	1	1	0	1	0	0	10	4	8
PF13274.9	0	0	1	0	0	1	1	0	0	3	6	10	3	3	3
PF03881.17	0	0	1	0	0	2	0	0	0	0	0	2	0	0	0
PF16467.8	0	0	0	0	0	0	0	0	0	0	0	0	0	0	0
PF12996.10	0	1	0	1	1	2	2	11	2	1	7	4	9	9	4
PF02900.21	0	1	0	0	3	0	6	10	11	1	4	20	10	9	10
PF01871.20	0	1	0	0	3	0	6	10	10	1	4	20	10	9	10
PF01970.19	0	1	1	1	0	2	3	1	4	4	13	14	4	8	11
PF07556.14	0	0	0	2	1	0	8	12	10	4	6	13	28	16	12
PF11913.11	0	0	0	0	0	0	0	1	1	0	0	0	3	2	0
PF19848.2	0	0	0	0	0	1	1	0	3	2	0	0	1	0	2
PF13271.9	2	2	1	0	0	0	1	2	2	3	5	5	1	0	1
PF14270.9	0	1	0	1	0	0	4	3	2	3	0	5	10	4	1
PF09823.12	0	1	0	0	0	0	0	0	0	0	0	1	0	0	3
PF04072.17	0	0	0	0	0	0	0	5	3	0	3	14	0	8	13
PF14871.9	0	0	0	0	0	0	0	0	0	2	2	4	1	1	0
PF16962.8	0	1	0	0	0	0	2	0	0	3	0	1	2	0	1
PF13275.9	2	0	0	0	0	0	2	1	0	0	1	1	5	1	3
PF01980.19	0	0	0	1	0	0	0	1	1	0	2	1	2	1	5
PF10604.12	0	0	0	0	0	0	1	4	0	7	6	23	2	5	5
PF04066.16	0	0	0	0	0	0	1	0	1	0	1	0	2	6	3
PF01937.22	0	0	2	0	0	2	0	0	0	0	0	1	0	1	0
PF11449.11	0	0	4	0	0	2	11	3	1	4	2	3	8	8	2
PF05899.15	0	0	0	0	0	0	0	0	0	0	1	0	0	0	0
PF01478.21	0	1	0	0	1	1	32	11	7	6	4	5	92	12	13
PF18960.3	0	0	0	0	1	1	0	4	10	5	3	12	5	9	5
PF09115.13	0	4	4	4	2	3	2	5	5	3	2	7	11	8	5
PF03458.16	0	0	0	0	0	0	0	2	0	4	2	8	4	4	4
PF13657.9	0	0	1	0	0	1	0	0	4	2	10	16	1	5	4
PF12889.10	1	0	0	0	0	0	6	2	1	0	0	0	1	1	0
PF04985.17	0	0	0	0	0	0	0	1	2	2	1	6	0	0	0
PF10662.12	1	0	1	1	0	1	0	4	0	1	1	0	0	1	1
PF12450.11	0	0	0	0	0	0	0	3	0	0	0	11	0	5	0
PF12034.11	0	0	0	0	0	0	0	3	0	0	0	11	0	5	0
PF02683.18	0	1	1	1	1	1	6	2	10	0	7	11	5	4	4
PF08902.14	1	1	1	0	0	1	4	7	9	4	6	20	6	4	3
PF06414.15	1	0	0	4	1	1	1	1	4	7	0	7	5	5	3
PF13539.9	1	0	1	3	0	0	7	5	3	2	0	5	8	4	6
PF18937.3	0	1	1	3	0	2	2	3	1	1	2	3	5	3	4
PF12810.10	0	0	0	0	0	0	0	51	59	12	51	51	2	80	103
PF18927.3	0	0	0	0	0	0	0	0	0	0	1	1	0	0	0
PF01220.22	0	0	0	0	0	0	0	1	3	0	2	5	1	5	4
PF10086.12	0	2	0	0	0	0	2	0	5	0	2	6	6	3	3
PF18917.3	0	1	0	0	0	0	0	2	0	0	0	3	11	3	0
PF11583.11	0	0	0	0	0	0	0	0	0	0	0	0	0	0	0
PF14196.9	0	0	0	0	0	0	0	4	2	2	1	6	2	4	1
PF04463.15	0	0	3	0	8	3	13	1	8	1	3	0	3	0	1
PF17782.4	0	1	0	0	0	0	0	1	1	0	2	10	4	4	3
PF04993.16	0	0	0	0	0	0	1	2	3	2	3	8	7	3	2
PF19502.2	0	1	0	1	0	2	0	2	1	0	1	0	0	0	1
PF07875.15	0	0	1	1	0	0	4	6	2	0	0	5	1	1	3
PF01944.20	0	1	0	0	1	0	0	2	1	0	2	3	7	2	3
PF18310.4	0	0	0	0	0	0	2	2	3	2	1	2	4	6	2
PF18954.3	0	0	0	0	0	0	0	3	1	3	1	2	0	2	2
PF08378.14	0	0	0	0	0	0	6	8	5	0	2	5	2	2	2
PF02834.19	0	0	0	0	0	0	0	0	0	0	0	0	0	0	0
PF20610.1	0	0	0	0	0	0	0	8	3	1	2	3	2	0	0
PF18389.4	0	0	0	1	0	0	0	0	0	0	1	0	2	0	3
PF03616.17	3	1	0	0	0	1	11	0	4	10	3	4	5	3	2
PF04346.15	1	0	0	0	0	1	0	2	0	4	1	3	4	1	1
PF10916.11	0	0	0	0	0	0	0	0	0	0	1	0	0	0	0
PF18948.3	0	1	0	0	1	0	5	2	1	1	0	1	9	3	4
PF06631.14	0	0	0	0	0	0	0	0	0	0	0	0	0	0	0
PF16993.8	0	0	1	0	0	1	0	0	0	0	1	1	0	1	0
PF07247.15	0	2	0	0	0	0	0	0	0	2	0	1	2	1	1
PF13575.9	0	0	0	0	0	0	0	0	1	1	0	0	0	2	0
PF05147.16	0	0	0	0	0	0	0	0	1	2	0	0	1	2	1
PF04024.15	0	0	0	0	1	0	0	3	2	1	3	7	0	5	3
PF08808.14	0	0	0	0	0	0	0	0	1	0	2	1	1	1	0
PF13930.9	0	0	1	0	0	1	0	1	1	2	1	2	2	4	1
PF04488.18	0	0	0	1	0	0	0	0	1	0	1	0	0	2	1
PF19842.2	0	0	0	0	0	0	0	0	0	0	0	1	2	0	0
PF16161.8	1	2	2	2	0	1	8	3	1	0	1	5	7	2	2
PF08707.14	0	0	0	0	0	0	0	2	1	0	1	1	0	0	1
PF07905.14	2	1	1	0	0	0	0	1	2	1	3	2	2	1	0
PF05552.15	0	2	4	0	7	3	78	0	4	4	17	4	14	2	3
PF13248.9	0	1	0	0	1	1	0	0	0	0	0	1	3	2	0
PF09551.13	0	0	0	0	0	1	0	0	0	0	1	0	1	3	1
PF04290.15	1	1	0	0	1	0	4	1	2	3	1	2	19	2	1
PF16163.8	0	0	0	0	0	0	0	0	0	0	0	0	0	0	0
PF04422.16	0	1	0	0	0	0	0	0	1	2	1	3	3	2	3
PF04432.16	0	2	1	0	0	0	0	1	2	2	1	5	4	2	3
PF11700.11	2	0	2	0	0	0	4	0	1	4	0	6	8	0	0
PF09960.12	0	1	3	2	1	0	0	1	0	0	0	0	0	0	0
PF16933.8	0	0	1	0	0	0	0	0	0	0	1	0	1	0	0
PF16173.8	1	0	0	0	0	0	0	0	0	0	0	0	0	0	0
PF16116.8	1	0	0	0	0	0	0	0	0	0	0	0	0	0	0
PF18082.4	0	0	3	1	0	1	0	0	0	0	0	0	3	3	2
PF18164.4	0	0	3	1	0	1	0	0	0	0	0	0	3	3	2
PF07751.14	0	0	0	0	0	0	2	1	2	6	10	13	10	6	5
PF12664.10	0	0	0	0	0	0	0	0	0	0	2	2	0	1	1
PF20369.1	1	0	1	0	0	1	8	2	4	3	2	8	7	6	1
PF13382.9	0	1	1	0	0	2	2	2	2	5	3	0	3	7	5
PF06935.14	0	0	0	0	0	0	0	0	0	0	0	0	1	0	0
PF12668.10	0	0	0	0	0	0	1	0	0	1	3	1	1	1	3
PF20275.1	0	0	0	0	0	0	0	0	0	0	0	0	0	0	0
PF20293.1	0	0	0	0	0	0	0	0	0	0	0	1	0	0	0
PF10088.12	0	0	0	0	0	0	1	0	1	1	0	1	1	0	0
PF02625.19	0	1	0	0	0	0	0	1	0	0	1	1	2	0	2
PF13478.9	0	1	0	0	0	0	0	1	0	0	0	1	2	0	2
PF00481.24	0	0	0	1	1	0	0	0	0	0	0	0	0	0	0
PF01887.19	0	0	1	0	0	1	0	0	0	0	1	0	0	0	2
PF20257.1	0	0	1	0	0	1	0	0	0	0	1	0	0	0	2
PF10576.12	0	0	1	0	0	0	5	1	1	0	1	1	0	1	1
PF16757.8	0	1	1	0	0	1	0	0	2	1	3	8	0	4	2
PF02001.19	1	1	0	0	0	1	3	2	0	1	0	1	0	4	0
PF14024.9	0	0	0	0	1	0	0	2	11	9	12	27	2	21	28
PF16152.8	0	0	2	0	1	0	1	2	0	0	0	0	7	0	0
PF18128.4	1	0	1	0	1	4	1	6	3	5	2	10	1	9	5
PF18133.4	1	0	1	0	1	4	1	6	3	5	2	10	1	9	5
PF00595.27	2	3	2	3	0	1	1	2	1	0	0	1	0	2	2
PF04309.15	1	1	0	1	0	2	1	0	2	0	0	0	0	1	0
PF05336.16	2	0	2	2	0	0	1	1	0	0	0	1	1	1	0
PF13244.9	0	0	0	0	0	0	0	1	0	0	0	1	5	3	4
PF02152.21	1	0	0	0	0	1	2	4	0	0	2	12	0	6	4
PF14399.9	0	0	0	0	0	0	1	2	4	0	1	1	0	0	1
PF06685.14	0	1	0	0	0	1	0	6	5	4	14	19	1	3	4
PF02074.18	2	0	1	0	0	1	15	3	1	2	3	2	1	1	1
PF19644.2	0	0	22	4	17	0	2	0	0	0	1	0	2	0	0
PF07314.14	0	0	0	1	0	1	1	0	2	0	0	0	2	0	0
PF00135.31	0	0	0	0	4	2	11	11	7	12	6	6	17	11	5
PF02586.17	0	0	0	0	0	0	0	4	4	4	1	9	1	6	2
PF04256.15	0	0	0	1	0	0	1	1	2	5	2	12	3	4	11
PF12695.10	3	0	0	1	0	0	1	0	1	1	0	0	3	1	0
PF14487.9	1	0	0	0	0	0	0	0	0	0	0	0	0	0	0
PF10719.12	1	1	0	1	0	2	6	2	2	2	0	3	16	0	2
PF07196.16	12	10	23	8	3	33	11	2	3	22	0	0	17	11	6
PF13607.9	0	0	0	0	1	0	0	0	0	1	0	1	0	1	2
PF01361.24	0	1	0	1	2	2	4	2	8	4	11	7	2	6	2
PF09932.12	0	0	0	0	0	0	1	0	2	0	0	1	0	0	0
PF13250.9	0	1	1	0	0	0	0	0	0	0	0	0	0	0	0
PF10544.12	0	1	1	0	0	0	0	0	4	2	4	6	0	3	1
PF06152.14	0	0	0	0	0	0	0	0	1	0	0	6	0	1	1
PF20536.1	0	0	0	0	0	0	0	0	0	0	0	0	0	0	0
PF20378.1	0	0	0	0	0	0	0	0	0	0	0	0	0	0	0
PF06854.14	0	0	0	0	0	0	0	0	3	1	1	0	0	1	1
PF05866.14	0	0	0	0	0	0	0	0	0	0	0	3	0	0	0
PF03864.18	0	0	0	0	0	1	0	6	10	6	10	12	1	3	2
PF19645.2	0	0	0	0	0	0	0	0	0	0	3	1	0	0	1
PF12961.10	0	0	0	0	0	0	0	1	12	7	5	10	6	9	5
PF11167.11	0	0	2	0	1	1	1	0	2	3	1	0	8	3	4
PF07514.14	0	0	0	0	0	0	0	1	0	0	2	0	0	1	0
PF11230.11	0	2	0	0	0	1	0	0	0	0	2	0	0	1	2
PF16980.8	0	0	0	0	0	0	1	0	0	1	2	0	0	1	0
PF13440.9	0	1	0	1	0	1	0	1	8	3	13	19	0	8	4
PF11185.11	0	1	0	0	1	1	0	5	3	3	4	12	18	6	7
PF06056.15	0	0	0	0	0	0	0	1	1	2	5	6	0	3	1
PF20476.1	0	0	0	0	0	0	2	1	1	0	2	1	2	0	0
PF14461.9	0	0	0	0	0	0	5	2	3	0	2	0	1	0	0
PF18145.4	0	0	0	0	0	0	6	1	3	0	2	0	2	1	1
PF03070.19	0	0	0	0	0	0	0	1	3	1	4	7	1	5	6
PF08974.13	0	0	0	0	1	2	0	0	0	0	0	0	2	2	2
PF01934.20	0	0	0	2	0	1	0	3	0	2	3	3	2	2	2
PF15655.9	0	0	0	0	0	0	4	0	4	3	3	2	0	0	3
PF10060.12	0	1	0	0	0	0	0	1	0	0	0	0	0	1	0
PF02288.18	0	0	0	0	1	2	17	1	1	0	0	0	2	0	0
PF11457.11	0	2	0	0	0	0	1	4	0	3	0	5	11	3	6
PF13176.9	2	4	3	2	0	2	10	6	8	8	10	6	18	8	12
PF09388.13	1	0	1	0	0	19	0	0	0	0	0	0	0	1	1
PF02026.19	0	0	0	0	0	1	0	1	0	0	0	0	0	2	0
PF12718.10	0	0	0	0	0	1	9	1	3	12	1	0	0	6	1
PF20240.1	0	0	0	0	0	0	4	3	2	6	9	17	3	7	2
PF13580.9	3	0	1	0	0	0	1	18	5	0	7	13	4	10	19
PF06188.15	0	0	0	1	0	5	0	0	0	0	0	1	0	1	0
PF13027.9	0	0	0	0	0	0	0	0	0	0	0	0	0	0	0
PF03990.17	0	0	3	0	0	0	0	0	2	0	0	0	3	3	0
PF18735.4	2	0	0	1	0	1	1	0	1	0	4	1	2	0	0
PF13629.9	0	0	0	0	0	0	0	2	0	0	0	1	4	1	1
PF14262.9	0	0	0	0	0	0	0	5	3	1	2	6	1	6	7
PF03415.17	0	0	1	0	0	3	0	5	1	0	5	8	0	11	0
PF04071.15	0	0	0	0	0	1	0	2	1	0	0	1	3	0	2
PF11761.11	0	0	0	0	0	0	0	1	1	1	0	1	0	0	0
PF18737.4	0	0	0	0	0	0	0	3	0	0	0	0	0	0	0
PF18887.3	6	6	28	10	12	11	6	17	12	42	36	78	9	31	9
PF17118.8	0	0	0	0	0	0	2	3	1	0	0	0	0	0	1
PF18768.4	0	0	0	0	0	0	0	2	0	0	0	0	0	0	0
PF20247.1	0	0	0	1	0	0	0	0	0	0	0	0	1	0	0
PF18899.3	0	1	0	0	0	1	0	5	1	6	2	17	2	4	0
PF17728.4	1	0	0	0	0	0	2	0	9	9	9	20	1	7	1
PF06616.14	1	0	0	0	0	0	2	0	9	9	9	20	1	7	1
PF14343.9	0	0	0	0	0	0	2	1	2	1	0	3	0	3	1
PF16697.8	0	0	0	0	0	0	0	1	0	0	0	0	3	1	1
PF14378.9	0	0	0	1	0	0	0	1	1	1	0	0	2	0	0
PF12476.11	0	0	0	0	0	2	1	3	1	0	1	6	0	2	1
PF09983.12	2	0	0	1	0	3	3	4	1	0	2	8	0	4	0
PF04586.20	0	1	0	1	2	0	0	6	6	3	3	24	3	16	3
PF12641.10	0	0	0	0	0	3	1	0	0	0	1	0	1	0	0
PF14594.9	0	0	0	0	0	0	1	3	9	2	1	10	4	10	6
PF07811.15	0	0	0	0	0	1	0	1	1	2	0	0	0	0	1
PF01242.22	1	0	0	0	0	0	0	1	1	0	2	2	1	0	1
PF09721.13	0	0	0	0	0	0	0	1	0	0	0	0	1	0	1
PF07799.15	0	0	0	0	0	0	3	0	0	0	0	3	0	2	1
PF06048.14	0	0	0	0	0	0	0	0	3	0	0	0	0	1	0
PF18662.4	0	0	0	0	0	0	0	0	3	0	0	0	0	1	0
PF01112.21	1	0	0	0	1	1	0	0	1	3	0	1	0	0	0
PF14025.9	0	0	1	0	0	2	0	1	0	0	0	0	0	1	0
PF20092.2	0	0	0	1	0	2	0	0	0	0	1	2	1	1	3
PF08863.13	0	0	0	0	0	0	2	1	1	0	0	0	0	1	0
PF05565.14	0	0	0	0	0	0	0	0	1	0	0	0	0	0	0
PF16677.8	0	0	0	0	0	0	0	0	0	0	0	1	0	0	0
PF19540.2	0	1	0	0	0	0	0	6	9	1	5	7	0	1	3
PF11202.11	0	0	1	0	0	2	0	0	0	0	0	0	1	1	0
PF15608.9	0	0	1	0	0	2	0	0	0	0	0	0	1	1	0
PF03190.18	1	0	2	0	0	2	2	1	4	2	3	2	1	1	1
PF12646.10	0	0	1	0	0	1	1	1	2	2	1	0	0	1	0
PF00719.22	0	1	0	0	0	1	4	0	1	0	1	0	0	1	0
PF09512.13	0	0	0	0	0	1	0	0	0	0	1	0	0	1	0
PF14367.9	2	1	0	0	0	0	0	1	0	1	0	0	0	0	0
PF03683.16	0	0	0	0	0	0	0	2	1	0	0	0	0	0	0
PF11848.11	1	0	0	0	0	0	1	1	1	0	0	0	0	0	0
PF06067.14	0	0	0	0	0	0	1	1	3	1	4	6	0	3	2
PF05448.15	0	0	0	0	0	0	1	0	3	2	5	9	0	5	3
PF06496.14	0	0	0	0	0	0	0	0	0	0	0	0	0	0	0
PF03845.16	0	0	0	0	0	0	0	2	0	1	2	1	1	2	5
PF11369.11	0	0	0	0	0	1	3	3	3	1	2	3	8	3	1
PF12408.11	0	0	0	0	0	0	12	0	2	1	0	1	14	3	6
PF13420.10	0	0	0	0	0	2	1	0	2	1	0	1	0	3	3
PF02486.22	0	0	0	0	0	0	0	1	1	2	1	2	2	1	2
PF13563.9	0	0	0	0	0	0	1	0	1	1	2	1	2	0	4
PF08817.13	0	0	0	0	0	0	0	0	0	1	0	0	0	0	0
PF06013.15	1	0	2	1	0	1	0	2	0	10	2	7	0	1	2
PF16982.8	0	0	0	0	0	0	0	0	1	0	0	2	0	0	2
PF09588.13	0	0	0	0	2	0	2	1	3	5	12	9	1	13	11
PF12760.10	0	0	0	0	0	0	0	0	2	1	3	1	2	0	1
PF20063.2	0	0	0	0	0	0	0	0	1	1	3	1	0	1	3
PF10066.12	0	0	0	0	0	0	1	0	0	0	1	0	2	0	1
PF18862.4	0	0	0	0	0	0	0	0	2	0	13	2	6	0	7
PF14133.9	0	0	1	0	0	1	1	3	0	2	0	1	0	2	1
PF13651.9	0	0	0	0	0	0	5	2	4	0	3	2	0	0	0
PF13599.9	0	0	0	0	0	0	1	0	15	8	12	22	5	6	25
PF06197.16	0	0	0	0	0	0	0	0	1	1	0	0	2	4	3
PF14200.9	0	0	0	0	13	8	50	18	47	5	34	34	27	14	22
PF13218.9	0	0	0	0	0	0	4	2	3	0	0	0	4	3	2
PF10077.12	0	0	0	0	0	0	4	2	3	0	0	0	4	3	2
PF08000.14	0	0	0	0	0	0	5	1	1	0	0	0	13	0	0
PF01881.19	0	0	0	0	0	0	0	0	1	0	1	2	0	0	3
PF10022.12	0	0	0	0	0	0	4	3	4	4	8	10	14	20	17
PF20234.1	0	0	0	0	0	0	0	0	2	0	0	0	0	0	0
PF09682.13	0	0	0	0	0	0	0	0	1	0	2	5	1	3	4
PF00932.22	0	0	3	0	1	2	4	18	4	4	4	7	24	17	17
PF15417.9	0	0	0	0	0	0	2	5	15	1	10	14	1	1	6
PF14307.9	0	0	0	0	1	0	1	3	0	1	0	3	2	3	3
PF05711.14	0	0	0	0	0	0	0	1	1	0	5	3	2	1	2
PF16994.8	0	0	0	0	0	0	8	2	2	0	2	2	10	7	6
PF19483.2	0	0	0	0	0	0	0	0	1	0	0	0	0	0	0
PF11599.11	0	0	0	0	0	0	1	0	3	0	0	0	0	0	1
PF03869.17	0	0	0	0	0	0	1	1	0	0	0	0	2	0	2
PF12535.11	0	0	0	0	0	0	0	3	1	1	1	0	1	2	4
PF19501.2	0	0	0	0	0	0	3	3	3	2	1	3	4	5	4
PF15580.9	0	0	0	0	0	0	0	0	0	0	1	0	0	0	0
PF08958.13	0	0	0	0	0	0	2	0	0	0	0	0	0	2	0
PF18476.4	0	1	0	0	0	0	0	2	4	3	1	0	3	0	2
PF03073.18	0	0	0	0	0	0	0	0	1	0	1	1	1	0	0
PF08972.14	0	0	1	0	0	1	0	0	1	0	0	0	1	0	0
PF14607.9	0	0	1	0	0	1	2	1	1	1	0	3	0	2	4
PF14606.9	0	0	1	0	0	1	2	1	1	1	0	3	0	2	4
PF03205.17	0	0	0	0	0	0	2	0	1	1	0	0	5	1	1
PF13079.9	0	0	0	0	0	0	1	0	0	0	0	0	0	2	1
PF10990.11	0	0	0	0	0	0	0	0	0	0	0	0	1	0	1
PF02927.17	0	0	0	0	0	0	0	5	6	3	0	5	4	2	6
PF05057.17	0	0	0	1	0	2	8	12	17	6	17	43	19	24	41
PF12164.11	0	0	1	0	1	2	0	2	2	0	1	4	0	5	6
PF17957.4	0	0	1	1	0	0	11	7	6	6	1	1	11	5	9
PF06686.14	0	0	0	0	0	0	0	7	3	0	0	8	4	5	6
PF06965.15	0	0	0	0	0	0	1	0	1	0	3	3	1	2	0
PF04976.15	0	0	0	0	0	0	1	0	0	1	0	0	0	0	0
PF00245.23	0	0	0	0	0	0	3	1	13	7	14	15	2	8	5
PF12892.10	10	2	10	20	110	60	10	53	80	0	40	5	0	0	20
PF09972.12	0	0	0	0	0	0	0	0	0	0	1	1	0	0	0
PF17210.6	0	1	1	0	0	0	15	8	7	116	5	10	23	6	2
PF06833.14	0	0	0	0	0	0	2	0	0	4	0	0	1	0	0
PF10620.12	0	0	0	0	0	0	0	0	0	2	0	0	0	1	0
PF03818.16	0	0	0	0	0	0	1	0	0	0	0	0	0	0	0
PF07450.14	0	0	0	0	0	0	1	0	0	0	0	0	0	0	0
PF02633.17	0	0	0	0	0	0	0	3	0	0	0	3	4	8	3
PF03892.17	0	0	0	0	0	0	0	0	0	2	0	0	0	0	0
PF03927.16	0	0	0	0	0	0	0	0	0	1	0	0	1	0	0
PF02335.18	0	0	1	0	0	0	0	0	1	12	0	0	0	0	0
PF03100.18	0	0	0	0	0	0	0	0	1	2	0	0	0	0	0
PF16327.8	0	0	0	0	0	0	0	0	0	5	0	1	0	0	1
PF06675.14	0	0	0	0	0	0	0	0	0	1	0	0	0	0	0
PF00762.22	0	0	0	0	0	1	0	1	1	0	1	0	0	0	0
PF18819.4	0	0	0	0	0	0	0	1	0	0	0	0	0	0	0
PF01106.20	0	0	1	0	0	0	1	0	0	1	1	0	0	1	0
PF02909.20	0	0	0	0	0	0	0	0	1	0	0	0	1	1	0
PF02626.18	0	1	0	0	0	0	1	0	3	1	0	2	0	1	1
PF02538.17	2	0	0	0	0	0	2	0	0	1	1	1	1	0	0
PF05707.15	0	0	0	0	0	0	0	1	1	0	0	4	0	1	0
PF04115.15	0	0	0	0	0	0	0	0	0	0	0	0	0	0	0
PF14336.9	0	0	0	0	0	0	0	0	1	0	0	0	0	0	0
PF14276.9	0	1	0	0	0	0	0	0	1	0	0	0	0	0	0
PF14397.9	0	0	0	0	0	0	0	0	1	1	0	3	1	0	0
PF01894.20	0	0	1	2	0	1	3	2	1	0	1	1	2	1	2
PF03437.18	0	0	0	1	0	0	3	0	1	2	0	0	1	1	1
PF05621.14	0	0	0	0	1	0	0	1	1	2	7	14	1	13	6
PF14903.9	0	0	0	0	0	0	4	4	34	10	16	35	6	0	6
PF08331.13	0	0	0	0	0	0	0	0	1	2	3	7	0	5	2
PF09962.12	0	0	0	0	0	0	0	0	0	0	0	1	0	0	0
PF19823.2	0	0	0	0	0	3	1	0	0	2	0	0	0	1	0
PF14102.9	0	0	0	0	0	0	0	0	0	0	0	0	0	0	0
PF08664.13	0	0	0	1	0	0	0	0	0	2	0	0	0	0	0
PF16868.8	3	1	0	2	0	2	18	2	2	4	4	5	25	11	5
PF08905.14	0	0	0	0	0	1	1	0	0	0	0	1	1	0	0
PF06506.14	0	1	0	0	0	0	3	3	2	5	1	5	0	3	2
PF13660.9	0	0	0	1	0	1	0	2	0	0	0	4	1	3	2
PF05161.16	0	0	0	1	0	1	0	2	0	0	0	4	1	3	2
PF18933.3	0	0	0	0	0	0	0	0	0	0	2	1	0	0	0
PF08139.15	0	0	0	0	0	0	1	2	3	0	7	15	0	2	2
PF14112.9	0	0	0	0	0	0	0	1	0	0	1	0	1	2	2
PF19598.2	0	0	0	0	0	0	0	1	0	2	1	4	2	3	4
PF12963.10	0	0	0	0	0	0	0	0	2	0	3	5	0	3	7
PF08218.14	0	0	0	1	0	0	0	1	0	0	1	0	4	3	1
PF05128.15	0	0	0	0	0	0	0	0	0	1	1	2	0	0	0
PF06406.14	0	0	0	0	0	0	0	0	2	1	6	1	8	12	11
PF14209.9	0	0	0	0	0	0	1	1	0	0	0	2	1	0	0
PF11775.11	0	0	0	0	0	0	0	4	1	3	4	0	0	10	4
PF19854.2	0	0	0	0	0	0	1	10	14	14	32	42	1	51	92
PF13200.9	2	0	0	0	0	1	3	0	0	2	1	2	2	0	0
PF17032.8	0	0	0	0	0	0	0	0	0	0	0	1	0	0	1
PF14446.9	0	0	0	0	0	1	0	0	1	0	0	0	2	1	0
PF10947.11	0	0	0	0	0	1	0	0	1	0	0	0	2	1	0
PF09639.13	0	0	0	0	0	0	1	0	0	0	0	0	0	0	0
PF10097.12	0	0	1	0	1	0	1	0	2	0	0	0	0	0	0
PF18573.4	0	0	0	0	0	0	4	0	1	10	1	2	9	0	1
PF11368.11	0	0	0	0	0	0	0	0	0	0	0	0	0	1	0
PF17645.4	0	0	0	0	1	0	0	0	0	0	0	0	0	0	1
PF10123.12	0	0	0	0	0	0	0	2	7	7	14	14	0	0	1
PF14532.9	0	1	0	0	0	0	3	3	2	4	2	9	0	1	1
PF17209.6	0	0	0	0	1	0	0	0	0	2	0	0	0	0	1
PF06262.14	0	1	0	0	0	0	0	0	0	0	0	0	0	1	0
PF10263.12	0	0	0	0	0	0	0	7	1	1	8	3	2	5	2
PF01977.19	0	0	0	0	0	0	0	0	1	0	0	0	1	0	2
PF03594.16	0	0	0	0	0	0	0	0	0	0	1	0	4	0	0
PF04620.15	0	0	0	0	1	0	0	0	0	0	1	0	2	0	1
PF18978.3	0	0	0	0	0	0	1	2	0	1	0	0	0	1	1
PF13627.9	0	0	0	0	0	0	0	0	2	0	1	0	3	2	0
PF11193.11	0	0	1	0	1	1	3	4	6	0	3	4	1	1	3
PF04525.15	0	0	0	0	0	0	1	0	0	0	0	2	1	1	1
PF19799.2	0	0	0	0	0	0	0	0	0	0	0	1	0	1	0
PF05145.15	0	0	0	0	0	0	0	4	0	0	2	2	0	8	1
PF03802.17	0	0	0	1	0	0	0	0	0	0	0	0	0	0	0
PF05489.15	0	0	0	0	0	0	0	0	2	0	1	0	0	2	2
PF06995.14	0	0	1	0	0	0	0	0	4	3	3	1	1	5	3
PF09684.13	0	0	0	0	0	0	0	0	3	1	7	9	2	9	5
PF13644.9	0	0	0	0	0	0	0	1	4	10	12	56	11	24	76
PF18481.4	0	0	0	0	0	0	1	1	1	5	2	12	3	5	11
PF19407.2	3	3	13	11	5	15	0	0	1	3	1	4	25	5	7
PF04143.17	0	0	0	0	0	0	0	0	1	0	1	0	3	1	0
PF18705.4	0	0	0	0	0	0	0	0	1	0	0	0	1	0	0
PF09560.13	0	0	0	0	0	0	0	0	0	1	1	0	0	1	0
PF11823.11	1	0	0	0	0	0	0	0	0	0	0	0	1	1	0
PF20124.2	0	0	0	0	0	0	0	0	0	0	0	0	2	0	0
PF07287.14	0	0	0	0	0	0	2	1	3	1	0	1	6	11	3
PF01989.19	0	0	0	0	0	0	0	0	0	0	0	1	0	0	0
PF04412.16	0	0	0	0	0	1	0	0	0	0	1	1	0	0	0
PF20377.1	0	0	0	0	0	0	1	0	0	0	0	1	4	0	0
PF04951.16	0	0	0	0	0	0	0	1	0	0	0	1	0	0	0
PF06458.15	0	0	0	1	2	0	0	0	0	2	9	2	31	1	2
PF14101.9	0	0	0	0	0	0	0	0	0	1	0	0	0	2	1
PF03630.17	0	0	0	0	0	0	0	0	1	0	1	1	0	1	1
PF16169.8	0	0	0	0	0	0	0	1	0	0	0	0	0	0	1
PF02796.18	0	0	0	0	0	0	0	0	4	2	1	5	1	1	2
PF14249.9	1	0	0	1	0	0	0	2	6	2	6	2	0	0	1
PF13552.9	0	0	0	0	0	0	2	0	1	0	2	1	0	2	0
PF02667.17	0	0	1	0	0	1	0	1	0	1	0	1	2	0	2
PF19595.2	0	0	0	0	0	0	0	3	0	0	1	5	0	3	2
PF11672.11	0	0	0	0	0	0	0	1	2	0	3	1	0	2	2
PF20529.1	0	0	0	0	0	0	0	1	1	0	0	0	0	0	0
PF03956.16	0	0	0	0	0	0	0	0	1	0	1	7	5	1	3
PF16554.8	1	1	3	3	0	0	6	2	0	0	1	0	7	0	2
PF09043.14	3	4	6	5	1	1	7	0	1	2	2	1	7	1	1
PF12544.11	3	1	2	0	0	0	3	0	0	1	3	0	15	1	2
PF14184.9	0	0	0	0	0	0	0	0	0	0	0	0	1	0	1
PF20097.2	0	0	0	0	0	0	0	0	0	1	0	0	1	0	0
PF01427.20	0	0	0	0	0	0	0	0	0	0	1	1	0	0	3
PF15563.9	0	0	0	0	0	0	0	0	0	0	0	2	1	0	0
PF14246.9	0	0	0	0	0	0	0	0	0	0	1	1	1	1	0
PF03457.17	5	0	5	0	12	5	0	8	2	2	7	17	6	14	9
PF05728.15	1	0	0	0	0	0	4	1	1	3	1	5	4	1	1
PF09529.13	0	0	0	0	0	0	0	0	0	0	1	0	0	0	0
PF19605.2	0	0	0	0	0	1	0	0	1	0	0	2	0	2	3
PF16929.8	0	0	0	0	0	0	0	0	0	0	1	0	0	1	0
PF15432.9	0	0	0	0	0	0	0	0	0	0	0	0	0	0	1
PF16011.8	2	2	4	1	0	0	4	0	1	4	0	0	5	0	0
PF20122.2	1	0	0	0	0	0	1	3	0	0	0	1	0	3	0
PF18730.4	0	0	0	0	0	0	0	0	0	0	0	0	1	1	2
PF06249.15	16	9	2	2	2	1	4	0	0	0	0	0	0	0	0
PF19062.3	0	0	0	0	0	0	0	0	0	0	2	1	2	0	0
PF14588.9	0	1	0	0	0	1	0	0	0	0	0	1	0	0	0
PF16481.8	0	0	0	0	0	0	1	0	0	1	0	0	1	0	0
PF08359.14	0	0	2	0	0	0	0	0	0	0	0	0	0	1	0
PF07694.15	0	0	0	0	0	0	0	0	0	0	2	0	1	0	1
PF12787.10	1	0	3	0	0	0	0	2	5	1	1	11	0	2	2
PF16569.8	0	2	16	15	1	10	0	0	1	1	2	0	27	1	4
PF01633.23	0	0	0	1	0	1	1	0	0	0	0	0	1	0	0
PF04587.18	1	0	0	2	0	0	1	0	0	3	0	0	0	0	0
PF07385.15	0	0	1	2	1	2	0	0	2	0	2	4	2	2	4
PF08484.14	0	0	0	2	0	0	1	10	0	0	0	6	0	2	0
PF14486.9	0	0	0	0	0	0	0	0	0	2	1	4	0	0	0
PF08901.14	0	0	0	0	0	1	0	0	0	0	0	0	2	0	2
PF16729.8	0	0	0	0	0	0	0	0	0	1	0	0	0	0	0
PF04279.18	0	0	0	0	0	0	0	0	0	0	0	0	0	0	0
PF06149.15	0	0	1	0	0	0	1	1	2	2	0	0	0	0	0
PF06166.15	2	0	1	1	0	0	2	1	0	0	2	0	8	0	0
PF18002.4	0	1	0	0	0	0	0	0	0	0	0	0	25	0	4
PF12873.10	0	0	0	0	0	0	0	0	1	1	0	0	0	1	0
PF05045.15	0	0	1	0	0	0	0	0	0	1	0	0	0	0	0
PF02596.18	0	0	0	0	0	0	0	0	0	0	0	0	0	1	0
PF01208.20	1	0	0	0	1	0	0	5	1	2	4	2	3	3	6
PF12832.10	0	0	0	0	0	0	1	1	1	0	2	3	15	2	2
PF09106.14	0	0	1	1	0	0	0	0	0	0	0	1	0	0	2
PF09107.14	0	0	1	1	0	0	0	0	0	0	0	1	0	0	2
PF12390.11	0	0	0	0	0	0	0	0	0	0	1	0	0	0	0
PF03841.16	0	0	0	0	0	0	1	0	0	0	1	0	0	0	0
PF10668.12	0	0	0	0	0	0	2	0	1	0	4	2	2	3	2
PF02126.21	0	0	4	0	1	0	6	3	1	1	1	0	0	0	1
PF06560.14	0	0	0	0	0	1	0	1	0	0	0	0	0	2	3
PF13823.9	1	0	0	0	1	1	0	0	0	2	0	0	0	0	0
PF20383.1	0	0	0	1	0	0	0	0	0	0	0	0	0	0	0
PF06792.14	0	0	0	0	0	1	0	0	0	0	0	0	0	0	0
PF03812.16	0	0	0	0	0	1	0	0	0	0	0	0	0	0	0
PF09711.13	0	0	0	0	0	0	0	0	0	0	0	0	1	0	0
PF16593.8	0	0	2	1	0	0	0	0	0	2	0	0	0	2	2
PF16592.8	0	0	2	1	0	0	0	0	0	2	0	0	0	2	2
PF16595.8	0	0	2	1	0	0	0	0	0	2	0	0	0	2	2
PF00893.22	0	0	0	0	0	0	0	0	0	0	1	0	0	0	1
PF09563.13	0	0	0	1	0	1	0	0	0	0	0	2	0	0	0
PF14213.9	0	0	0	0	0	0	0	0	0	0	0	0	2	0	1
PF07580.17	0	0	0	0	0	0	0	0	2	3	0	2	5	0	0
PF17128.7	0	0	0	0	0	0	0	1	0	1	0	2	2	9	7
PF01519.19	0	0	0	0	0	0	0	0	0	0	0	1	1	1	0
PF09471.13	0	0	18	4	2	2	0	0	4	6	8	8	0	2	2
PF18742.4	0	0	1	0	0	0	0	0	0	0	1	1	0	1	0
PF04693.15	0	0	0	0	0	0	0	0	0	0	1	0	0	0	0
PF18106.4	0	0	0	0	0	0	0	0	0	0	1	0	2	1	1
PF18540.4	0	0	0	0	0	0	0	0	0	0	0	0	0	0	0
PF08878.14	0	0	0	0	0	0	0	0	0	0	0	1	0	1	0
PF20453.1	0	0	0	0	0	1	0	0	0	0	1	0	3	0	0
PF12952.10	0	0	0	0	0	0	0	0	0	0	0	0	0	0	0
PF12215.11	0	0	0	0	0	0	0	0	0	0	0	0	1	0	0
PF04685.16	0	0	0	0	0	0	0	0	0	0	0	0	1	0	0
PF09903.12	1	0	0	0	0	0	0	0	0	0	0	1	0	0	0
PF16138.8	0	0	0	0	0	1	0	0	0	0	0	0	1	1	1
PF19615.2	0	0	0	1	0	0	0	0	0	0	0	0	2	0	0
PF09499.13	0	0	0	0	0	0	0	0	0	0	0	0	0	0	0
PF09837.12	0	0	0	0	0	0	0	0	0	0	0	1	0	0	0
PF11731.11	0	0	0	0	0	0	0	0	1	1	0	0	1	1	1
PF08681.14	0	0	0	0	0	0	1	1	2	0	0	0	0	1	1
PF18495.4	0	0	0	0	0	0	0	0	3	1	3	4	0	0	1
PF16219.8	0	1	1	0	1	0	10	14	12	7	4	12	7	1	5
PF12651.10	0	0	0	0	0	0	0	0	0	0	0	0	0	0	0
PF00847.23	0	0	0	0	0	0	0	2	0	1	0	5	0	1	2
PF11288.11	0	0	0	0	0	0	1	2	0	0	0	0	0	0	0
PF07862.14	0	0	0	0	0	0	1	1	0	0	0	0	0	0	0
PF09848.12	0	0	0	0	0	0	3	0	0	0	0	0	1	2	0
PF12120.11	0	0	0	0	0	0	0	0	0	1	0	0	1	0	2
PF13496.9	0	0	0	0	0	0	0	2	1	0	2	5	0	0	0
PF18211.4	0	1	0	0	0	0	0	0	0	0	1	0	0	0	0
PF14297.9	0	0	0	0	0	0	0	0	0	0	1	0	0	0	1
PF13427.9	1	0	0	0	0	2	4	1	3	0	0	3	0	0	3
PF06500.14	0	0	0	0	0	0	0	0	1	2	3	2	0	0	1
PF08840.14	0	0	0	0	0	0	0	1	1	0	2	1	0	1	1
PF14354.9	0	0	0	0	0	0	0	0	0	0	0	0	1	0	1
PF13392.9	0	1	0	0	0	0	0	2	6	1	8	10	0	4	10
PF04556.15	0	1	0	0	0	0	2	0	0	0	2	3	2	1	2
PF00368.21	0	0	0	0	0	0	0	0	1	0	1	0	0	0	0
PF18780.4	0	0	0	0	0	0	0	0	0	0	0	0	0	0	2
PF09376.13	0	0	0	0	0	0	0	0	0	0	0	0	0	0	1
PF12077.11	1	0	0	0	0	0	0	0	0	0	0	0	0	0	0
PF07976.15	0	0	0	0	0	0	0	0	0	0	0	0	0	0	2
PF14312.9	0	0	0	0	0	0	0	7	0	0	0	0	0	0	7
PF18470.4	0	0	0	0	0	0	0	0	1	0	0	0	0	0	0
PF18541.4	0	0	0	0	0	0	1	0	1	3	1	0	1	0	0
PF17893.4	0	0	0	0	0	0	0	0	1	0	0	0	0	0	0
PF17894.4	0	0	0	0	0	0	0	0	1	0	0	0	0	0	0
PF18525.4	0	0	0	0	0	0	0	0	1	0	0	0	0	0	0
PF04306.16	0	0	0	0	0	0	0	0	0	0	0	1	0	0	0
PF15723.8	0	0	0	0	0	0	0	0	0	0	0	0	0	0	0
PF08327.14	0	0	0	0	0	0	0	1	0	0	0	1	0	1	0
PF16656.8	0	0	0	5	0	2	0	1	0	2	0	1	3	0	3
PF14827.9	0	0	0	0	0	0	0	0	0	0	0	0	0	0	1
PF13511.9	0	0	0	0	0	0	0	0	0	0	0	0	0	0	0
PF04244.16	0	0	0	0	0	0	0	0	0	0	0	1	0	0	0
PF00450.25	0	0	0	0	0	0	0	0	0	1	0	0	0	0	0
PF19620.2	0	0	0	0	0	0	0	0	0	1	0	0	0	0	0
PF18851.4	0	0	0	0	0	0	0	0	0	0	0	0	0	0	0
PF19304.2	0	0	0	0	0	0	0	0	0	0	1	1	0	1	0
PF04916.16	0	0	0	0	0	0	0	0	0	0	0	0	0	0	0
PF06897.15	0	0	0	0	0	0	1	0	0	0	0	0	0	0	0
PF12281.11	0	0	0	0	0	0	1	0	0	0	0	0	0	0	0
PF14539.9	0	0	0	0	0	0	0	0	0	0	0	0	0	0	0
PF02040.18	0	0	0	0	0	0	0	0	0	0	0	0	0	0	1
PF03626.17	0	0	0	0	0	0	0	0	0	0	2	0	0	0	0
PF10605.12	0	0	0	0	0	0	0	0	0	0	1	0	0	0	0
PF06167.15	0	0	0	0	0	0	0	0	0	0	0	0	0	0	1
PF08022.15	0	0	0	1	0	0	0	0	0	0	0	0	0	0	0
PF17775.4	0	0	0	0	0	0	0	0	0	0	0	0	0	0	1
PF11625.11	0	0	0	0	0	0	0	0	0	0	0	0	0	1	0
PF00146.24	0	0	0	0	2	0	0	0	5	0	3	7	3	3	4
PF03537.16	0	0	0	0	0	0	0	0	0	0	0	0	0	0	1
PF05015.16	1	1	0	0	0	0	0	2	0	1	1	3	1	0	0
PF18370.4	0	0	0	0	0	0	0	1	1	0	0	1	0	0	0
PF11071.11	0	0	0	0	0	0	0	1	0	0	0	0	0	0	0
PF01833.27	0	0	0	0	0	0	0	0	0	1	1	0	0	8	4
PF19081.3	0	0	0	0	0	0	0	0	0	0	1	0	0	0	14
PF11617.11	0	0	0	0	0	0	0	0	2	0	0	0	0	0	17
PF03599.19	16	23	3	3	4	9	11	3	1	29	2	1	27	2	2
PF04445.16	0	0	0	0	0	0	0	0	0	0	0	1	0	0	0
PF12368.11	0	0	0	0	0	0	0	0	0	0	0	0	0	1	0
PF04013.15	0	0	0	0	0	0	0	0	0	0	0	0	0	0	1
PF02735.19	0	0	0	0	0	0	0	2	0	0	1	0	0	2	0
PF06739.14	0	0	0	0	0	0	0	0	0	0	3	0	0	0	0
PF19408.2	0	0	0	0	0	0	0	0	0	0	4	0	0	2	0
PF12055.11	0	0	0	0	0	0	0	0	0	0	1	0	0	0	0
PF00127.23	0	0	0	0	0	0	0	0	0	0	1	0	0	0	0
PF14063.9	0	1	1	0	0	0	0	1	1	1	2	3	0	1	1
PF03649.16	0	0	0	0	0	0	0	1	1	0	2	0	0	0	0
PF18004.4	0	0	0	0	0	0	5	4	6	0	2	4	2	1	0
PF07699.16	0	0	0	0	0	0	0	0	0	0	0	0	0	0	0
PF11307.11	0	0	0	0	1	0	0	1	0	2	1	2	0	1	1
PF13020.9	0	0	0	0	0	0	0	1	1	0	0	0	0	0	0
PF10708.12	0	0	0	0	0	0	0	0	0	0	1	0	0	0	0
PF13367.9	0	0	0	0	0	0	0	0	0	0	1	0	0	0	0
PF03055.18	0	0	0	0	0	0	0	0	1	0	0	1	0	0	1
PF13590.9	0	0	0	0	0	0	0	0	1	0	0	0	0	0	0
PF14819.9	0	0	0	0	0	0	0	0	0	0	0	1	0	0	0
PF20157.2	0	0	0	0	0	0	0	1	1	0	0	0	0	0	0
PF02730.18	1	0	0	0	0	0	1	0	1	5	0	3	0	0	0
PF01314.21	1	0	0	0	0	0	1	0	1	5	0	3	0	0	0
PF11827.11	0	0	0	0	0	0	0	0	0	0	0	0	0	0	0
PF14175.9	0	0	0	0	0	0	0	0	0	0	0	0	0	0	0
PF00648.24	0	0	0	0	0	0	0	0	0	0	1	0	0	2	1
PF13277.9	0	0	0	0	0	0	0	0	1	3	1	0	0	1	1
PF16147.8	0	0	0	0	0	0	0	0	0	0	0	1	0	0	0
PF06864.15	0	0	0	0	0	0	0	0	0	0	0	1	0	0	0
PF07675.14	0	0	0	0	0	1	6	4	15	3	16	25	5	5	8
PF16271.8	0	0	0	0	0	0	0	0	1	0	3	3	0	0	1
PF05402.15	1	0	2	0	0	0	0	2	0	1	1	3	2	0	0
PF14279.9	0	0	0	0	0	0	1	1	1	0	2	0	0	1	1
PF16483.8	0	0	0	0	0	0	0	0	0	2	0	0	0	0	1
PF03022.19	0	0	0	0	0	0	0	0	0	2	0	0	0	0	0
PF04893.20	0	0	1	0	0	1	9	0	8	2	0	0	1	0	0
PF10065.12	0	0	0	0	0	0	0	0	0	0	0	0	2	3	0
PF00565.20	0	0	0	0	0	0	0	0	0	0	0	0	1	3	3
PF02702.20	0	0	0	0	0	0	8	0	1	6	3	1	1	2	6
PF14873.9	0	0	0	0	0	0	0	0	0	0	0	0	1	2	1
PF17939.4	0	0	0	0	0	0	0	0	0	0	0	0	0	0	1
PF08338.14	0	0	0	0	0	0	0	0	0	0	0	0	0	1	0
PF03279.16	0	0	0	0	0	0	1	3	5	1	5	11	1	1	1
PF11984.11	0	0	0	0	0	0	0	0	0	0	0	0	0	1	0
PF11578.11	0	0	0	0	0	0	0	1	1	0	0	4	0	0	0
PF15495.9	0	0	1	0	0	0	0	0	7	4	6	18	0	6	2
PF16889.8	0	0	0	0	0	0	0	5	0	1	1	6	1	1	0
PF02104.18	0	0	0	0	0	0	0	0	0	0	0	0	0	0	2
PF10828.11	0	0	0	0	0	0	0	1	0	0	0	0	0	0	0
PF04351.16	0	0	0	0	0	0	0	0	1	0	0	0	0	0	0
PF07884.17	0	0	0	0	0	0	0	0	1	0	1	0	0	0	0
PF17650.4	3	1	0	0	0	0	1	0	1	7	0	1	11	2	1
PF06125.14	0	0	0	0	0	0	0	0	0	1	1	0	1	1	0
PF18024.4	0	0	0	0	0	0	0	0	0	1	1	1	1	1	0
PF02563.19	0	1	4	0	2	0	2	1	2	5	12	12	0	5	6
PF19112.3	0	0	0	0	0	0	0	0	0	0	0	0	0	1	0
PF11953.11	0	0	0	0	0	0	0	0	0	0	0	0	0	1	0
PF06938.14	0	0	0	0	0	0	0	0	1	0	0	0	0	0	0
PF08269.14	1	0	0	0	0	0	3	0	0	4	0	3	0	0	1
PF20429.1	0	0	0	0	0	0	0	0	1	0	0	0	0	0	0
PF13738.9	0	0	0	0	0	0	0	0	0	0	0	0	0	0	0
PF04319.16	0	0	0	0	0	0	0	0	0	0	0	0	1	0	0
PF04461.16	0	0	0	0	0	0	0	0	0	0	0	0	0	1	0
PF07411.15	0	0	0	0	2	0	0	0	0	0	0	0	0	0	0
PF13207.9	0	0	0	0	0	0	0	0	0	1	1	1	0	0	0
PF01861.19	0	0	0	0	0	0	0	0	0	1	1	0	0	0	0
PF14824.9	0	1	0	0	0	0	0	1	0	1	0	1	0	1	0
PF05962.14	0	0	0	0	0	1	0	0	0	0	0	1	0	0	2
PF11300.11	0	0	0	0	0	0	0	1	1	0	1	0	0	0	0
PF13726.9	1	1	0	0	0	1	1	0	0	0	0	0	0	0	0
PF16112.8	0	0	0	0	0	0	0	0	0	0	0	0	0	0	0
PF19524.2	0	0	0	0	1	0	1	0	0	0	0	0	0	0	0
PF02805.19	0	0	0	0	0	0	0	0	0	0	0	0	0	0	0
PF19875.2	0	0	0	0	0	0	1	0	1	0	0	0	0	0	0
PF15601.9	0	0	0	0	0	0	0	0	0	0	0	1	1	1	0
PF13331.9	0	0	0	0	0	1	0	0	0	1	1	2	0	0	0
PF12513.11	0	0	1	0	0	1	1	1	4	3	1	3	2	0	3
PF13111.9	0	0	0	0	0	1	0	1	2	1	11	37	4	7	1
PF18157.4	0	0	0	0	0	1	0	1	2	1	11	37	4	7	1
PF13032.9	0	0	0	0	0	1	0	1	2	1	11	37	4	7	1
PF18155.4	0	0	0	0	0	0	0	1	1	13	11	71	5	27	1
PF18154.4	0	0	0	0	0	0	0	0	1	4	2	13	1	5	0
PF12083.11	0	0	0	0	0	0	0	1	0	0	5	9	0	1	1
PF10898.11	0	0	1	0	0	0	0	0	0	1	0	0	0	0	0
PF14431.9	0	0	0	0	0	0	0	0	0	0	0	0	0	0	0
PF04283.15	0	0	0	0	0	0	0	0	0	0	0	0	0	0	0
PF13773.9	0	0	0	0	0	0	0	0	0	0	0	0	0	0	0
PF18374.4	0	0	0	0	0	0	0	0	0	0	0	1	0	0	0
PF06347.16	0	0	0	0	0	0	0	0	0	0	0	0	0	0	0
PF16884.8	0	0	0	0	0	0	0	0	0	0	1	0	0	0	1
PF13429.9	0	0	0	0	0	0	0	0	1	0	0	0	0	0	0
PF02622.18	0	0	0	0	0	0	0	0	1	1	3	2	0	0	2
PF13410.9	0	0	0	0	1	0	0	0	0	0	1	0	0	0	1
PF09130.14	0	0	0	0	0	0	0	0	0	0	0	0	0	1	1
PF14229.9	0	0	0	0	0	0	0	0	1	0	1	1	0	7	3
PF19045.3	0	0	0	0	0	0	0	0	0	0	0	1	0	1	1
PF03239.17	0	0	0	0	0	0	0	0	0	0	0	0	0	0	1
PF04381.15	0	0	0	0	0	0	0	0	0	0	1	0	0	0	0
PF13576.9	0	0	0	0	0	0	0	0	3	0	0	0	0	0	0
PF11199.11	0	0	0	0	0	0	0	0	0	0	0	0	0	0	1
PF04511.18	0	0	0	0	0	0	0	0	0	0	0	0	0	0	0
PF07591.14	0	0	0	0	0	0	0	0	1	0	0	1	0	1	0
PF18083.4	0	0	0	0	0	0	0	0	0	0	1	0	0	0	1
PF20622.1	0	0	0	0	0	0	0	4	0	0	0	0	0	0	0
PF14341.9	0	0	0	0	0	0	0	0	0	0	0	0	0	0	0
PF17689.4	0	0	0	0	0	0	0	0	1	0	0	0	0	0	0
PF04602.15	0	0	0	0	0	0	0	0	1	0	0	0	0	0	0
PF14896.9	0	0	0	0	0	0	0	0	1	0	0	0	0	0	0
PF01750.21	0	0	0	0	0	0	0	0	0	0	1	0	0	0	1
PF17831.4	0	0	0	0	0	0	0	0	0	0	1	1	0	1	0
PF10989.11	0	0	0	0	0	0	0	0	0	0	0	0	0	1	0
PF04107.16	0	0	1	1	0	0	7	0	1	1	0	0	0	1	0
PF07341.14	0	0	0	0	0	0	0	1	0	0	0	0	0	0	0
PF01672.19	0	0	0	0	0	0	0	0	0	0	0	0	0	1	1
PF16231.8	0	0	0	0	0	0	0	0	0	0	0	0	0	0	0
PF13360.9	0	1	0	0	0	0	0	0	1	0	4	4	0	7	4
PF17170.7	0	0	0	0	1	1	3	2	2	1	8	16	1	5	2
PF13318.9	0	0	0	0	0	0	0	0	0	0	1	0	0	0	0
PF02304.18	0	1	1	0	0	0	0	2	3	0	3	2	0	3	1
PF12982.10	0	0	0	0	0	0	0	0	0	0	1	0	0	0	0
PF20013.2	0	0	0	0	0	0	0	0	0	0	0	1	0	0	0
PF20014.2	0	0	0	0	0	0	0	0	0	0	0	1	0	0	0
PF19345.2	0	0	0	0	0	0	0	0	0	0	0	0	0	1	0
PF06368.14	0	1	0	0	0	0	0	0	1	0	0	0	0	1	0
PF14349.9	0	0	2	0	4	6	6	6	8	2	64	74	6	18	23
PF05970.17	0	0	0	0	0	0	0	2	3	4	9	13	3	2	4
PF11181.11	0	0	0	0	0	0	0	0	1	0	2	1	0	0	0
PF19841.2	0	0	0	0	0	0	0	0	1	0	2	7	1	4	4
PF11716.11	0	0	0	0	0	0	0	1	0	0	2	0	0	1	2
PF07398.14	0	0	0	0	0	0	0	0	0	0	2	0	0	0	1
PF00419.23	0	0	0	0	0	0	0	0	0	0	0	0	0	1	0
PF19310.2	0	1	1	0	0	0	0	1	8	3	8	9	0	2	7
PF11992.11	0	0	0	0	0	0	0	1	1	2	0	1	6	5	4
PF13844.9	0	0	0	0	0	0	0	2	0	0	0	0	0	0	0
PF20310.1	0	0	0	0	0	0	1	0	0	0	1	2	0	0	0
PF18583.4	0	0	0	0	0	0	0	0	0	0	0	0	0	1	1
PF19291.2	0	0	0	0	0	0	0	0	0	0	1	0	0	0	0
PF00723.24	0	0	0	0	0	0	0	0	1	0	2	0	0	0	0
PF03968.17	0	0	0	0	0	0	0	0	0	0	0	0	0	1	1
PF03463.18	0	0	0	0	0	0	0	0	0	0	1	0	0	0	0
PF03464.18	0	0	0	0	0	0	0	0	0	0	1	0	0	0	0
PF03465.18	0	0	0	0	0	0	0	0	0	0	1	0	0	0	0
PF10118.12	0	0	0	0	0	0	0	0	0	0	1	0	0	0	0
PF00382.22	0	0	0	0	0	0	0	0	0	0	0	4	0	2	0
PF18760.4	0	0	0	0	0	0	0	0	0	0	0	1	0	0	0
PF16263.8	0	0	0	0	0	0	0	0	0	0	0	0	0	0	0
PF04964.17	0	0	0	0	0	0	0	0	0	0	0	1	0	0	0
PF10119.12	0	0	0	0	0	0	0	0	0	0	0	0	0	1	0
PF05872.15	0	0	0	0	0	2	2	1	1	0	0	1	9	11	2
PF16582.8	0	0	0	0	0	0	0	2	1	0	4	6	0	1	2
PF17092.8	0	0	0	0	0	0	0	0	0	0	1	0	0	0	0
PF20091.2	0	0	1	0	0	0	1	0	0	1	0	0	0	2	2
PF19557.2	0	0	0	0	0	0	0	0	0	0	0	0	0	0	1
PF15345.9	0	0	0	0	0	0	0	0	0	0	0	1	0	0	0
PF19190.3	0	0	2	0	0	0	0	0	4	2	8	28	0	0	0
PF17131.7	0	0	0	0	0	0	0	0	0	0	1	0	0	0	0
PF04315.15	0	0	0	0	0	0	0	0	0	0	0	0	0	0	1
PF02649.17	0	0	0	0	0	0	0	0	0	1	0	0	1	0	0
PF07319.14	0	0	0	0	0	0	0	0	0	1	0	0	0	0	0
PF13454.9	0	0	0	0	0	0	0	0	0	1	0	0	0	1	0
PF02821.19	0	0	0	0	0	0	0	0	0	0	0	0	0	0	0
PF05975.15	0	0	0	0	0	0	0	0	0	1	0	0	0	0	0
PF06737.17	0	0	0	0	0	0	0	0	0	0	0	0	0	1	0
PF10031.12	0	0	0	0	0	0	0	0	0	0	0	0	0	0	0
PF18711.4	0	0	0	0	0	0	0	0	0	1	0	0	0	0	0
PF12867.10	0	0	0	0	0	0	0	0	0	1	0	0	0	0	0
PF18674.4	0	0	0	0	0	0	0	0	0	0	0	0	0	0	0
PF14306.9	0	0	0	0	0	0	0	0	0	1	0	1	0	1	0
PF01747.20	0	0	0	0	0	0	0	0	0	1	0	1	0	1	0
PF10099.12	0	0	0	0	0	0	0	0	0	1	0	2	0	0	0
PF10804.11	0	0	0	0	0	0	0	0	0	0	0	0	0	0	0
PF02790.18	0	0	0	0	0	0	0	0	0	2	0	0	1	0	0
PF00116.23	0	0	0	0	0	0	0	0	0	2	0	0	1	0	0
PF16591.8	0	0	0	0	0	0	0	0	0	0	0	0	0	0	0
PF07364.15	0	0	0	0	0	0	0	0	0	0	0	0	0	0	0
PF07171.15	0	0	0	0	0	0	0	0	0	0	0	0	0	0	0
PF00264.23	0	0	0	0	0	0	0	0	0	0	0	0	0	1	0
PF00743.22	0	0	0	0	0	0	0	0	0	0	0	0	0	0	0
PF00457.20	0	0	0	0	0	0	0	0	0	0	2	0	0	0	0
PF11924.11	0	0	0	0	0	0	0	0	0	0	0	0	0	0	0
PF08990.14	0	0	0	0	0	0	0	0	1	0	0	0	0	0	0
PF18369.4	0	0	0	0	0	0	0	0	2	0	0	0	0	0	0
PF18836.4	0	0	0	0	0	0	0	0	0	0	0	0	6	0	0
PF10138.12	0	0	0	0	0	0	0	0	0	0	1	0	0	0	0
PF12089.11	0	0	0	0	0	0	0	0	0	1	0	0	0	0	0
PF13471.9	0	0	0	0	0	0	0	0	0	0	0	0	0	1	0
PF06030.15	0	0	0	0	0	0	0	0	0	0	0	2	0	0	1
PF05787.16	0	0	0	0	0	0	0	0	0	0	1	1	0	2	1
PF03777.16	0	0	0	0	0	0	0	0	0	0	0	0	0	0	1
PF16250.8	0	0	0	0	0	0	0	1	0	0	0	0	0	0	0
PF03405.17	0	0	0	0	0	0	0	0	0	0	0	0	0	0	1
PF14522.9	0	0	0	0	0	0	0	0	0	0	0	0	0	2	2
PF10590.12	0	0	0	0	0	0	0	0	0	0	0	0	0	0	1
PF01455.21	0	0	0	0	0	0	0	0	0	0	0	0	0	1	0
PF01344.28	0	0	0	0	0	0	0	0	0	0	0	3	0	7	0
PF04170.15	0	0	0	0	0	0	0	0	0	0	0	0	0	1	0
PF17804.4	0	0	0	0	0	0	0	0	0	0	0	0	0	2	2
PF11818.11	0	0	0	0	0	0	0	0	0	0	0	0	0	2	2
PF17810.4	0	0	0	0	0	2	0	2	3	2	5	7	1	3	4
PF17944.4	0	0	0	0	0	2	0	2	3	2	5	7	1	3	4
PF07332.14	0	0	0	0	0	0	1	0	0	0	0	0	1	1	2
PF08471.13	0	0	0	0	0	0	0	0	0	0	0	0	0	2	1
PF13387.9	0	0	0	0	0	0	0	0	0	1	5	6	1	2	1
PF02416.19	0	0	0	0	0	0	1	0	0	2	0	0	1	0	1
PF07681.15	0	0	0	0	0	0	0	0	2	0	2	4	0	1	1
PF19543.2	0	0	0	0	0	0	2	0	0	4	0	0	4	2	1
PF10017.12	0	0	0	0	0	0	0	0	0	0	1	0	0	0	0
PF04891.15	0	0	0	0	0	0	0	0	0	0	0	0	0	0	1
PF18415.4	0	0	0	0	0	0	0	0	1	0	0	0	0	0	0
PF19804.2	0	0	0	0	0	0	0	0	0	0	0	0	0	0	0
PF13372.9	0	0	0	0	0	0	0	0	0	0	2	0	0	0	1
PF11896.11	0	0	0	0	0	0	0	0	1	0	1	0	0	0	0
PF20330.1	0	0	1	0	0	0	0	0	0	0	0	0	0	1	0
PF01940.19	0	0	0	0	0	0	0	0	0	0	1	0	0	0	0
PF10092.12	0	0	0	0	0	0	0	0	0	0	0	0	0	0	0
PF05618.14	0	0	0	0	0	0	0	0	0	0	2	0	0	0	0
PF07167.16	0	0	0	0	0	0	0	0	0	0	1	0	0	1	0
PF08521.13	0	0	0	0	0	0	0	0	0	0	0	0	0	1	0
PF19051.3	0	0	0	0	0	0	0	0	1	0	2	0	0	0	3
PF13464.9	0	0	0	0	0	0	0	1	0	0	1	0	0	0	0
PF00686.22	4	0	0	2	0	4	0	2	11	8	20	20	4	0	6
PF15632.9	0	0	0	0	0	0	0	0	3	0	4	6	0	0	1
PF07559.17	0	0	0	0	0	0	0	0	1	0	0	2	0	1	1
PF13547.9	0	0	0	0	0	0	0	0	0	0	1	0	0	0	0
PF13550.9	0	0	0	0	0	0	0	0	0	0	1	0	0	0	0
PF00030.22	0	0	0	0	0	0	0	0	0	0	1	0	0	0	0
PF05270.16	0	0	0	0	0	0	0	0	0	0	1	0	0	0	0
PF17149.7	0	0	0	0	0	0	0	0	0	0	1	0	0	0	0
PF18431.4	0	0	0	0	0	0	0	0	0	0	0	1	0	0	0
PF06835.16	0	0	0	0	0	0	0	0	2	2	1	4	1	0	0
PF10720.12	0	0	0	0	0	0	0	0	1	0	0	0	0	0	0
PF09314.14	0	0	1	1	0	0	0	0	0	1	0	0	0	1	0
PF10647.12	0	0	0	0	0	0	0	0	0	0	0	1	0	1	0
PF20594.1	0	0	0	0	0	0	0	0	0	0	0	1	0	0	0
PF08751.14	0	0	0	0	0	0	0	0	0	0	0	1	0	0	0
PF12418.11	0	0	0	0	0	0	0	0	0	0	0	0	0	2	2
PF12806.10	0	0	0	0	0	0	0	0	0	0	0	0	0	2	2
PF17991.4	0	0	0	0	0	0	0	0	0	0	0	0	0	1	1
PF10803.11	0	0	0	0	0	0	0	0	0	0	0	0	0	1	0
PF01878.21	0	0	0	0	0	0	0	0	0	0	0	2	0	0	0
PF14016.9	0	0	0	0	0	0	0	0	0	0	0	0	0	0	0
PF18053.4	0	0	0	0	0	0	0	0	0	0	1	0	0	0	0
PF10069.12	0	0	0	0	0	0	0	0	0	0	0	0	0	0	0
PF17150.7	0	0	0	0	0	0	0	0	0	0	0	0	0	0	0
PF09458.13	0	0	0	0	0	0	0	0	0	0	0	0	0	0	1
PF00240.26	61	60	43	68	23	20	3	13	20	5	0	4	0	0	0
PF14030.9	0	0	0	0	0	0	0	0	0	0	1	0	0	0	0
PF07931.15	0	0	0	0	0	0	1	0	2	0	0	1	0	0	0
PF14595.9	0	0	0	0	0	0	0	0	1	0	0	0	0	0	0
PF02233.19	0	0	0	0	0	0	0	0	0	1	0	0	0	0	1
PF05088.15	0	0	0	0	0	0	0	0	0	0	0	0	0	1	0
PF14566.9	0	0	0	0	0	0	0	0	1	0	0	0	0	0	0
PF10988.11	0	1	2	1	3	1	2	0	4	0	4	8	1	4	2
PF00463.24	0	0	0	1	0	0	0	0	0	0	0	0	0	0	0
PF04728.16	0	0	0	2	0	0	0	0	0	0	0	0	0	0	0
PF10799.11	0	0	0	0	0	1	0	0	0	0	0	0	0	0	0
PF08421.14	0	0	0	0	0	0	1	10	0	0	0	6	0	2	0
PF13438.9	0	0	0	0	0	0	0	0	1	0	0	0	0	1	0
PF13688.9	0	0	0	0	0	0	0	1	0	0	0	1	0	0	0
PF01483.23	0	0	0	0	0	0	0	1	0	0	1	0	0	0	0
PF19503.2	0	0	0	0	0	0	0	0	0	0	0	0	0	0	0
PF11954.11	0	0	0	0	0	0	0	0	0	0	0	0	0	0	0
PF03741.19	0	0	0	0	0	0	0	0	1	0	1	0	0	0	1
PF02467.19	0	1	0	0	0	0	0	0	0	0	0	0	1	0	0
PF13834.9	0	0	0	0	0	0	0	0	0	1	0	0	0	0	0
PF09949.12	0	0	0	0	0	0	0	0	0	1	0	0	0	0	0
PF13196.9	0	0	0	0	0	0	0	1	0	0	0	0	0	0	1
PF03423.16	0	0	0	0	0	0	0	0	0	2	1	0	1	0	0
PF02388.19	0	0	0	0	0	0	3	0	0	0	2	0	1	2	0
PF11273.11	0	0	0	0	0	0	0	0	0	1	0	0	0	0	0
PF08148.15	0	0	0	0	0	0	0	0	0	2	0	0	0	0	0
PF13709.9	0	0	0	0	0	0	0	0	0	0	1	1	0	0	0
PF06080.15	0	0	0	0	0	0	0	0	0	0	0	0	0	1	0
PF13622.9	0	0	0	0	0	0	0	0	1	0	1	1	0	0	0
PF08850.14	0	0	0	0	0	0	0	0	0	0	0	1	0	0	0
PF06832.15	0	0	0	0	0	0	0	0	0	0	0	0	0	1	0
PF18206.4	0	0	0	0	0	0	0	0	1	0	0	0	0	0	0
PF18040.4	0	0	0	0	0	0	0	0	1	0	0	0	0	0	0
PF04675.17	0	0	0	0	0	0	0	0	0	0	0	0	0	3	0
PF01068.24	0	0	0	0	0	0	0	1	2	0	3	2	1	3	0
PF04679.18	0	0	0	0	0	0	0	1	1	0	3	2	1	3	1
PF03573.16	0	0	0	0	0	0	0	0	1	0	1	0	0	0	0
PF14743.9	0	0	0	0	0	0	0	0	1	0	0	0	0	0	0
PF05751.14	0	0	0	0	0	0	0	0	0	0	1	0	0	0	0
PF10102.12	0	0	0	0	0	0	0	1	0	0	0	0	0	0	0
PF11191.11	0	0	0	0	0	0	0	0	0	0	0	1	0	0	0
PF18140.4	0	0	0	0	0	0	0	0	0	0	1	1	0	0	0
PF00629.26	0	0	0	0	0	0	0	0	0	0	0	1	0	0	2
PF12576.11	0	0	0	0	0	0	0	0	0	0	0	0	0	1	0
PF04465.15	0	0	0	0	1	0	0	0	0	0	0	0	0	0	0
PF03212.17	0	0	0	0	0	0	0	0	0	0	2	0	0	0	0
PF16132.8	0	0	0	0	0	0	0	0	0	0	0	0	0	0	1
PF04348.16	0	0	0	0	0	0	0	0	0	0	1	0	0	0	0
PF08267.15	0	0	0	0	0	0	0	0	0	0	1	0	0	0	0
PF18914.3	0	0	0	0	0	0	0	0	0	0	0	0	0	1	1
PF09585.13	0	0	0	0	0	0	0	0	0	0	1	0	0	0	0
PF10128.12	0	0	0	0	0	0	0	0	1	0	0	0	0	0	0
PF20171.1	0	0	0	0	0	0	0	0	1	0	0	0	0	0	0
PF14718.9	0	0	0	0	0	0	0	1	0	0	0	1	0	1	0
PF04325.16	0	0	0	1	0	0	0	0	0	0	0	0	0	0	0
PF05321.14	0	0	0	0	0	1	0	0	0	0	0	0	0	0	0
PF11168.11	0	1	0	0	0	0	0	0	0	0	0	0	0	0	1
PF09349.13	0	0	0	0	0	0	0	0	1	0	0	0	0	0	0
PF08021.14	0	0	0	0	0	0	0	0	1	0	1	1	0	0	0
PF04954.16	0	0	0	0	0	0	0	0	1	0	1	1	0	0	0
PF00657.25	0	0	0	0	0	0	0	0	0	0	0	1	0	0	0
PF01389.20	0	0	0	0	0	0	0	1	0	0	0	0	0	0	0
PF08899.14	0	0	0	0	0	0	0	0	0	0	1	0	0	0	0
PF04444.17	0	0	0	0	0	0	0	0	0	0	0	2	0	0	0
PF03445.16	0	0	0	0	0	0	0	0	1	0	0	0	0	0	0
PF10335.12	0	0	0	0	0	0	0	0	1	0	0	0	0	0	0
PF17806.4	0	0	0	0	0	0	0	0	0	1	0	0	0	0	1
PF12388.11	0	0	0	0	0	0	0	0	0	0	0	0	0	0	0
PF03583.17	0	0	0	0	0	0	0	0	1	0	0	0	0	0	0
PF01323.23	0	0	2	0	1	0	4	0	0	0	1	0	0	0	0
PF05048.16	0	0	0	0	0	0	0	2	0	0	0	0	0	3	2
PF04307.17	0	0	0	0	0	0	0	0	1	0	1	0	0	0	0
PF07752.14	0	0	0	0	0	0	0	0	0	0	0	0	0	0	0
PF02359.21	0	0	0	0	0	0	0	0	0	0	0	2	0	0	1
PF02933.20	0	0	0	0	0	0	0	0	0	0	0	2	0	0	1
PF01941.22	0	0	0	0	0	0	0	0	0	0	0	0	0	0	1
PF05101.16	0	0	0	0	0	0	0	0	0	0	0	0	0	1	0
PF11299.11	0	0	0	0	0	0	0	0	0	1	0	0	0	0	1
PF10368.12	0	0	0	0	0	0	0	0	0	0	0	0	2	0	0
PF01597.22	0	0	0	0	0	0	1	0	1	2	3	2	1	1	2
PF14237.9	0	0	0	1	5	0	9	0	2	4	12	13	17	6	5
PF03740.16	0	0	0	0	0	2	1	0	0	3	2	5	0	2	3
PF19029.3	0	0	0	0	0	0	0	0	0	0	0	0	0	0	0
PF16798.8	0	0	0	0	0	0	0	0	0	0	0	0	0	1	0
PF14509.9	1	2	0	1	0	2	3	11	9	12	47	75	5	24	22
PF17915.4	0	0	0	0	0	0	0	0	0	1	0	0	0	0	0
PF13369.9	0	0	0	0	0	0	0	0	0	0	0	0	0	0	1
PF07758.14	0	0	0	0	0	0	0	0	0	0	0	0	0	0	0
PF18273.4	0	0	0	0	0	0	0	1	0	0	1	2	0	0	0
PF02976.18	0	0	0	0	0	0	0	0	2	0	0	0	0	0	0
PF14402.9	0	0	0	0	0	0	0	0	0	0	0	2	0	0	1
PF18895.3	0	0	0	0	0	0	0	1	0	0	1	0	0	0	0
PF10079.12	0	0	0	0	0	0	0	0	0	0	0	1	0	0	0
PF03710.18	0	0	0	0	0	0	0	0	0	0	0	4	0	0	0
PF08335.14	0	0	0	0	0	0	0	0	0	0	1	5	0	0	0
PF10432.12	0	0	0	0	0	0	0	1	0	0	0	0	1	0	0
PF10698.12	0	0	0	0	0	0	0	0	0	0	1	1	0	0	0
PF15579.9	0	0	0	0	0	0	0	0	0	0	1	0	0	0	0
PF03411.16	0	0	0	0	0	0	0	0	0	0	1	0	0	0	0
PF04116.16	0	0	0	0	0	0	0	1	0	0	2	0	0	0	1
PF16743.8	0	0	0	0	0	0	0	0	0	0	0	0	0	0	0
PF14696.9	0	0	0	0	0	0	0	0	0	0	1	0	0	0	0
PF18483.4	0	0	0	0	0	0	0	0	0	0	0	0	0	0	0
PF17041.8	0	0	0	0	0	0	0	0	0	0	0	0	0	0	0
PF19077.3	0	0	0	0	0	0	0	0	0	0	1	0	0	0	0
PF09330.14	0	0	0	0	0	0	0	0	0	0	0	0	0	0	0
PF07603.14	0	0	0	0	0	0	0	0	0	0	0	0	0	1	0
PF04505.15	0	0	0	0	2	0	4	0	0	1	8	3	1	1	4
PF02925.19	0	0	0	0	0	0	0	0	0	1	0	0	0	0	0
PF00963.21	1	2	4	1	0	6	0	0	3	0	1	0	14	6	13
PF08406.13	0	0	0	0	0	0	0	0	0	0	0	1	0	0	0
PF01875.20	0	0	0	0	0	0	0	0	2	0	0	1	0	0	0
PF08798.14	0	0	0	0	0	0	0	0	0	0	0	0	0	1	0
PF09829.12	0	0	0	0	0	0	0	0	0	0	0	1	0	0	0
PF13456.9	0	0	0	0	0	0	0	0	0	0	0	2	0	0	0
PF03605.17	0	0	0	0	0	0	1	0	2	2	2	3	0	1	3
PF07542.14	0	0	0	0	0	0	0	0	0	0	1	0	0	0	0
PF04971.15	0	0	0	0	0	0	0	0	0	0	0	0	0	0	1
PF14169.9	0	0	0	0	0	0	0	0	0	0	0	0	0	0	0
PF10057.12	0	0	0	0	0	0	0	0	0	0	0	0	1	0	0
PF11907.11	0	0	0	0	0	0	0	0	0	0	0	1	0	0	1
PF09899.12	0	0	0	0	0	0	0	0	1	0	2	0	0	0	0
PF14332.9	0	0	0	0	0	0	0	0	0	1	0	0	0	0	0
PF17517.5	0	0	0	0	0	0	0	0	1	0	0	0	0	0	0
PF12902.10	0	0	0	0	0	0	0	0	0	0	0	1	0	0	0
PF06276.15	0	0	0	0	0	0	0	0	0	0	0	0	0	0	0
PF11575.11	0	0	0	0	0	0	0	0	0	0	0	0	0	0	0
PF18731.4	0	0	0	0	1	0	0	0	1	3	0	0	1	0	1
PF03958.20	0	0	0	0	0	0	0	0	1	0	3	0	0	0	2
PF09423.13	0	0	0	0	0	0	0	0	0	0	0	1	0	1	0
PF20239.1	0	0	0	0	0	0	0	0	0	0	1	0	0	0	0
PF00060.29	0	0	0	0	0	0	0	0	0	0	0	0	0	0	1
PF13640.9	0	0	0	0	0	0	0	1	0	0	1	0	0	2	0
PF03079.17	0	0	0	0	0	0	0	0	0	0	0	0	0	0	1
PF13400.9	0	0	0	0	0	0	0	0	1	0	0	0	0	0	1
PF15935.8	0	0	0	0	0	0	0	0	0	0	1	0	0	0	0
PF19034.3	0	0	0	0	0	0	0	0	0	0	1	0	0	0	0
PF19952.2	1	0	0	0	0	0	0	0	0	0	3	0	0	0	0
PF13103.9	0	0	0	0	0	0	0	2	3	0	7	13	1	0	1
PF18305.4	0	0	0	0	0	0	0	0	0	0	2	0	0	0	0
PF04957.15	0	0	0	1	0	0	0	0	0	0	0	0	0	0	0
PF02694.18	0	0	0	0	0	1	0	0	0	0	0	0	0	0	0
PF16119.8	0	1	0	0	1	1	0	0	2	0	5	6	0	1	1
PF18029.4	0	0	0	0	0	0	0	0	0	0	0	0	0	0	2
PF03109.19	0	0	1	0	0	0	0	0	0	0	1	1	0	1	0
PF02600.19	0	0	0	0	0	0	0	0	0	0	0	0	0	0	0
PF05187.16	0	0	0	0	0	0	1	0	0	0	0	0	0	0	0
PF07452.15	0	0	0	0	0	0	0	0	0	0	2	0	0	0	0
PF05761.17	0	0	0	0	0	0	0	0	0	0	0	0	0	1	0
PF05721.16	0	0	0	0	0	0	0	0	0	0	1	1	0	0	0
PF06253.14	0	0	0	0	0	0	0	0	0	0	0	0	0	0	1
PF11306.11	1	0	0	0	0	0	0	0	2	0	2	8	1	1	1
PF16897.8	0	0	0	0	0	0	0	0	0	0	1	0	0	0	0
PF08271.15	0	0	0	0	0	0	0	0	0	0	0	2	0	1	0
PF00328.25	0	0	0	0	0	1	0	6	5	1	16	20	4	5	5
PF09994.12	0	0	0	0	0	0	0	0	0	0	0	0	0	0	0
PF14742.9	0	0	0	0	0	0	0	0	1	0	0	1	0	0	0
PF13872.9	0	0	0	0	0	0	0	0	0	0	0	0	0	0	1
PF13871.9	0	0	0	0	0	0	0	0	0	0	0	0	0	0	1
PF04687.15	0	0	0	0	0	0	0	0	0	2	0	0	0	0	0
PF14098.9	0	0	0	0	0	0	0	0	0	0	0	0	2	0	0
PF14069.9	0	0	0	0	0	0	1	0	0	0	0	0	0	0	0
PF10628.12	0	0	0	0	0	0	7	0	1	1	2	0	11	0	1
PF06719.16	0	0	0	0	0	0	0	0	0	0	0	0	0	0	0
PF06977.14	0	0	0	0	0	0	0	1	0	0	0	0	0	0	0
PF02494.19	0	0	0	0	0	0	0	1	0	0	0	0	0	0	6
PF11751.11	0	0	0	0	0	0	0	3	1	2	5	5	1	3	0
PF03743.17	0	0	0	0	0	0	0	0	0	0	0	0	0	1	0
PF00201.21	0	0	0	0	0	0	1	0	0	0	1	0	3	0	0
PF05227.16	0	0	0	0	0	0	0	0	0	0	0	1	0	0	1
PF02374.18	0	0	0	0	0	0	0	0	0	0	1	1	0	0	0
PF17886.4	0	0	0	0	0	0	0	0	0	0	1	1	0	0	0
PF09923.12	0	0	0	0	0	0	0	0	0	0	0	0	0	0	0
PF00875.21	0	0	0	0	1	0	0	0	0	0	1	0	0	1	0
PF06993.15	0	0	0	0	0	0	0	1	0	0	0	0	0	0	0
PF03524.18	0	0	0	0	0	0	0	0	0	0	0	0	0	0	0
PF07506.14	0	0	0	0	0	0	0	0	0	0	0	0	0	0	0
PF01921.21	0	0	1	0	0	0	0	0	0	0	0	1	0	1	0
PF11887.11	0	0	0	0	0	0	0	0	0	0	0	0	0	1	0
PF01363.24	0	0	0	0	0	0	0	0	0	0	0	0	0	0	0
PF02205.23	0	0	0	0	0	0	0	0	0	0	0	0	2	0	0
PF05995.15	0	0	0	0	0	0	0	0	1	0	0	0	0	0	0
PF13731.9	0	0	0	0	0	0	0	0	1	0	0	0	0	0	0
PF16118.8	0	0	0	0	0	0	0	0	0	0	0	0	0	0	0
PF10741.12	0	0	0	0	0	0	0	0	0	0	1	0	0	0	0
PF12973.10	0	0	0	0	0	0	0	0	0	0	1	0	0	1	0
PF18339.4	0	0	0	0	0	0	0	0	0	0	0	0	0	0	1
PF18337.4	0	0	0	0	0	0	0	0	0	0	0	0	0	0	1
PF12137.11	0	0	0	0	0	0	0	0	0	0	0	0	0	0	1
PF06097.14	0	0	0	0	0	0	0	0	1	0	0	0	0	0	0
PF14471.9	0	0	0	0	0	0	0	0	0	0	1	0	0	2	0
PF00421.22	0	0	0	0	0	0	0	0	0	0	0	1	0	0	1
PF00360.23	0	0	0	0	0	0	0	0	0	0	0	0	0	0	0
PF18823.4	0	0	0	0	1	0	0	2	2	54	44	98	18	56	53
PF20169.1	0	0	0	0	0	0	0	0	0	0	2	0	0	0	1
PF06282.14	0	0	0	0	0	0	0	0	0	0	0	1	0	0	0
PF04886.15	0	0	0	0	0	0	0	0	1	0	0	0	0	0	0
PF00028.20	0	0	0	0	0	0	0	1	0	0	0	2	0	0	0
PF07819.16	0	0	0	0	0	0	0	1	0	0	0	0	10	2	2
PF18551.4	0	0	0	0	0	0	0	0	0	0	0	1	0	1	0
PF04546.16	0	0	0	0	0	0	0	0	1	0	0	0	0	0	0
PF10652.12	0	0	0	0	0	0	0	0	0	0	0	0	0	1	0
PF03886.16	0	0	0	0	0	0	0	0	0	0	0	0	0	1	1
PF19530.2	0	0	0	0	0	0	0	0	0	1	0	1	0	0	0
PF05034.16	0	1	0	0	0	0	0	0	0	0	0	0	2	0	0
PF07476.14	0	1	0	0	0	0	0	0	0	0	0	0	2	0	0
PF02963.19	0	0	0	0	0	0	0	0	0	0	0	1	0	0	0
PF03771.19	0	0	0	0	0	0	0	0	0	0	0	2	0	0	0
PF08443.14	0	0	0	0	0	0	0	0	0	0	2	2	0	0	0
PF10670.12	0	0	0	0	0	0	0	0	0	0	0	0	0	0	0
PF01341.20	0	0	0	0	0	0	0	0	0	0	0	0	0	0	1
PF05163.15	0	0	0	0	0	0	0	0	0	0	0	0	0	1	0
PF08542.14	0	0	0	0	0	0	0	0	0	0	0	0	0	0	0
PF18458.4	0	0	0	0	0	0	0	0	0	0	0	0	0	0	0
PF16203.8	0	0	0	0	0	0	0	0	0	0	0	0	0	0	0
PF01837.19	0	0	0	0	0	0	0	0	0	0	0	0	0	1	0
PF01474.19	0	0	0	0	0	0	0	0	0	0	0	0	0	1	1
PF10761.12	0	0	0	0	0	0	0	0	0	0	0	0	0	1	0
PF03320.16	0	0	0	0	0	0	0	0	0	0	0	0	0	0	0
PF08827.14	0	0	0	0	0	0	0	0	0	0	0	0	1	0	0
PF02530.17	0	0	0	0	0	0	0	0	0	0	0	0	0	2	0
PF13356.9	0	0	0	0	0	0	0	0	1	0	0	0	0	0	2
PF03104.22	0	0	0	0	0	0	0	0	0	0	1	0	0	0	0
PF00136.24	0	0	0	0	0	0	0	0	0	0	1	0	0	0	0
PF11750.11	0	0	0	0	0	0	0	0	0	0	2	1	0	0	1
PF09341.13	0	0	0	0	0	0	0	1	0	0	0	0	0	0	0
PF06439.14	0	0	0	0	0	0	0	0	1	0	2	0	0	1	2
PF04151.18	0	0	0	0	0	0	0	0	1	0	0	0	0	1	0
PF13906.9	0	0	0	0	0	0	0	0	0	0	0	0	0	1	0
PF05547.14	0	1	0	0	0	1	0	2	5	2	8	30	0	2	7
PF07642.14	0	0	0	0	0	0	0	0	0	0	0	0	0	1	0
PF07520.14	0	0	0	0	0	0	0	0	0	0	0	0	0	1	0
PF02778.17	0	0	0	0	0	0	0	0	0	0	0	0	0	0	0
PF01974.20	0	0	0	0	0	0	0	0	0	0	0	0	0	0	0
PF04280.18	0	0	0	0	0	0	0	0	1	0	0	1	0	0	0
PF19582.2	0	0	0	0	0	0	0	0	0	0	0	2	0	0	0
PF08126.14	0	0	0	0	0	0	0	0	0	0	1	0	0	0	0
PF01364.21	1	0	0	0	0	0	0	4	5	7	19	27	0	10	9
PF18798.4	0	0	0	0	0	0	0	1	0	0	0	0	0	0	0
PF18853.4	0	0	0	0	0	0	0	1	0	0	0	0	0	0	0
PF18858.4	0	0	0	0	0	0	0	1	0	0	0	0	0	0	0
PF03414.16	0	0	0	0	0	0	0	0	1	0	0	0	0	0	0
PF13976.9	0	0	0	0	0	0	0	2	1	0	0	0	0	0	0
PF07727.17	0	0	0	0	0	0	0	0	1	1	1	0	0	0	1
PF01789.19	0	0	0	0	0	0	0	0	0	0	0	1	0	0	0
PF07126.15	0	0	0	0	0	0	0	0	0	0	1	0	0	0	0
PF07099.14	0	0	0	0	0	0	0	0	0	0	1	0	0	0	0
PF04972.20	0	0	0	0	0	0	0	0	0	0	0	2	0	0	0
PF13746.9	0	0	0	0	0	0	0	1	1	0	0	0	0	0	1
PF11614.11	0	0	0	0	0	0	0	1	1	0	0	0	0	0	1
PF02412.21	0	0	0	0	0	0	0	0	0	0	0	0	0	0	3
PF04257.17	0	0	0	0	0	0	0	0	2	0	2	0	0	1	0
PF17946.4	0	0	0	0	0	0	0	0	2	0	2	0	0	1	0
PF08907.14	0	0	0	0	0	0	0	1	0	0	0	0	0	0	0
PF18363.4	0	0	0	0	0	0	0	0	0	0	0	1	0	0	0
PF18365.4	0	0	0	0	0	0	0	0	0	0	0	1	0	0	0
PF18327.4	0	0	0	0	0	0	0	0	0	0	0	0	0	0	0
PF14850.9	0	0	0	0	0	0	0	0	0	0	0	0	0	0	0
PF11564.11	0	0	0	0	0	0	0	0	1	0	0	0	0	0	0
PF20558.1	0	0	0	0	0	0	0	0	0	0	0	0	0	1	0
PF09674.13	0	1	0	0	0	0	1	1	0	0	2	2	0	1	3
PF02415.20	0	0	0	0	0	0	0	0	1	0	3	0	0	2	0
PF04734.16	0	0	0	0	1	0	0	0	0	0	0	1	0	0	0
PF19086.3	0	0	0	0	0	0	0	0	0	0	0	1	0	0	0
PF12094.11	0	0	0	0	0	0	0	0	0	0	0	0	0	0	0
PF12401.11	0	0	0	0	0	0	0	0	0	0	0	0	0	0	0
PF06240.16	0	0	0	0	0	0	0	0	0	1	0	1	0	0	0
PF19327.2	0	0	0	0	0	0	0	0	0	0	1	0	0	0	0
PF09830.12	0	0	0	0	0	0	0	0	0	0	1	0	0	0	0
PF06259.15	0	0	0	0	0	0	0	0	0	0	0	0	0	0	0
PF04200.15	0	0	0	0	0	0	0	0	0	0	0	5	0	0	0
PF17652.4	0	0	0	0	0	0	0	0	0	1	1	0	0	0	0
PF03548.18	0	0	0	0	0	0	0	1	0	0	5	3	1	1	1
PF17992.4	0	0	0	0	0	0	0	0	0	0	1	0	0	0	0
PF18085.4	0	0	0	0	0	0	0	0	0	0	0	0	0	0	0
PF02676.17	0	0	0	0	0	0	0	0	0	0	0	0	0	0	0
PF18884.3	0	0	0	0	0	0	0	0	5	0	4	0	0	3	2
PF10094.12	0	0	0	0	0	0	0	0	0	0	0	1	0	0	0
PF02630.17	0	0	0	0	0	0	0	0	0	0	0	0	0	1	0
PF11376.11	0	0	0	0	0	0	0	1	0	0	0	0	0	0	0
PF11189.11	0	0	0	0	0	0	0	0	0	0	1	0	0	0	0
PF04261.15	0	0	1	0	0	0	0	0	0	0	0	0	0	0	0
PF03640.18	0	0	0	0	0	0	0	0	4	0	0	0	0	0	0
PF00827.20	0	0	0	0	0	0	0	0	0	0	1	0	0	0	0
PF17999.4	0	0	0	0	0	1	1	0	0	0	2	0	2	0	1
PF07073.15	0	0	0	0	0	0	0	1	1	0	0	0	0	0	0
PF10973.11	0	0	0	0	0	0	0	0	0	0	1	0	0	0	0
PF16510.8	0	0	0	0	0	0	0	0	0	0	0	1	0	0	0
PF01218.21	0	0	0	0	0	0	0	0	1	0	0	0	0	0	0
PF06181.14	0	0	0	0	0	0	0	0	0	0	0	0	0	0	1
PF07916.14	0	0	0	0	0	0	0	1	1	0	0	0	0	0	0
PF06078.14	0	0	0	0	0	0	0	0	0	0	0	0	0	1	0
PF05985.14	1	2	1	1	0	0	0	0	1	0	0	0	0	0	0
PF18406.4	0	0	0	0	0	0	0	0	0	0	0	1	0	1	0
PF01710.19	1	0	0	0	0	0	0	0	2	2	8	7	4	6	6
PF18950.3	0	0	0	0	0	0	0	0	0	0	0	0	0	0	0
PF08433.13	0	0	0	0	0	0	0	0	2	0	9	5	3	5	7
PF16477.8	0	0	0	0	0	0	0	0	0	1	1	2	1	0	0
PF19906.2	0	0	0	0	0	0	0	0	0	0	0	0	4	1	0
PF07947.17	0	0	0	0	0	0	0	0	0	0	0	1	2	0	0
PF13613.9	0	0	0	0	0	0	0	0	0	1	0	2	0	0	0
PF13359.9	0	0	0	0	0	0	0	0	0	1	0	2	0	0	0
PF02870.18	0	0	0	0	0	0	0	1	2	0	0	2	1	1	3
PF09413.13	0	0	0	0	1	0	0	0	0	0	0	0	5	0	0
PF19448.2	0	0	0	0	0	0	0	0	0	0	3	0	0	0	2
PF05154.19	0	0	0	0	0	0	1	0	0	1	1	2	20	1	1
PF09862.12	0	0	0	0	0	0	0	1	0	0	1	0	1	0	0
PF14620.9	0	0	0	0	0	0	0	0	0	2	0	0	1	1	0
PF17723.4	0	0	0	0	0	0	0	0	0	0	1	0	1	0	0
PF18435.4	0	0	0	0	0	0	0	0	0	2	1	0	2	0	0
PF19773.2	0	0	0	0	1	0	0	2	1	4	5	17	0	1	3
PF00413.27	0	0	0	0	0	0	1	0	0	1	0	1	13	0	1
PF14353.9	0	0	0	0	0	1	2	1	0	1	2	1	5	0	0
PF07157.15	0	0	0	0	0	0	0	1	0	0	1	0	0	0	0
PF13605.9	0	0	0	0	0	0	0	0	2	2	7	13	0	1	0
PF13571.9	0	0	0	0	0	0	0	2	0	0	1	8	0	0	1
PF13148.9	0	0	0	0	0	0	0	5	14	36	42	80	2	13	17
PF13776.9	0	0	0	0	0	0	0	0	2	3	10	13	0	0	0
PF07994.15	1	0	8	4	2	3	8	4	8	12	10	10	6	10	4
PF01658.20	1	0	8	4	2	3	8	4	8	12	10	10	6	10	4
PF03815.22	0	0	0	0	0	0	0	0	0	0	0	1	0	0	0
PF02395.19	0	0	0	0	0	0	0	0	0	0	0	2	0	0	0
PF19898.2	0	0	0	0	0	0	0	2	3	5	15	34	0	2	0
PF14294.9	2	0	3	1	7	2	5	48	112	143	286	551	24	165	111
PF00022.22	44	48	21	66	23	17	39	12	14	1	7	2	7	1	8
PF14311.9	0	0	0	0	0	0	0	0	0	0	3	0	0	0	0
PF01903.20	0	0	0	0	0	0	0	0	0	0	0	1	0	0	0
PF05567.14	0	0	0	0	0	0	0	0	0	0	0	1	0	0	0
PF06213.15	0	0	0	0	0	0	0	0	0	0	0	0	0	1	0
PF03738.17	0	0	0	0	0	0	0	0	1	0	1	0	0	0	1
PF04610.17	0	0	0	0	0	0	0	0	0	0	0	0	0	0	0
PF09411.13	0	0	0	0	0	0	0	2	1	2	10	7	1	4	4
PF19451.2	0	0	0	0	0	0	0	0	0	0	0	0	0	0	0
PF19992.2	0	0	0	0	0	0	0	0	0	0	0	1	0	0	0
PF14394.9	0	0	0	0	0	0	0	0	0	0	0	0	0	0	0
PF02366.21	0	0	0	0	0	0	3	0	5	0	1	3	2	2	2
PF04566.16	0	0	0	0	0	0	0	0	0	0	0	0	0	0	2
PF04567.20	0	0	0	0	0	0	0	0	0	0	0	0	0	0	2
PF13480.10	0	0	0	1	0	0	2	0	1	2	3	2	1	1	2
PF02709.17	0	0	0	0	0	0	1	0	3	1	6	9	0	3	6
PF03091.18	0	0	0	0	0	0	0	0	0	0	1	0	0	0	0
PF10131.12	0	0	0	0	0	0	0	0	0	0	1	0	0	0	3
PF19420.2	0	0	0	0	0	0	0	0	0	0	1	0	0	0	0
PF13462.9	0	0	0	0	0	0	0	1	0	0	0	0	0	0	0
PF06821.16	0	0	0	0	0	0	0	0	0	0	0	0	0	0	1
PF01472.23	0	0	0	0	0	0	0	0	1	0	0	0	0	0	1
PF19851.2	0	0	0	0	0	0	0	0	1	0	0	0	0	0	0
PF13282.9	0	0	0	0	0	0	0	0	0	0	1	0	0	1	0
PF11249.11	0	0	0	0	0	0	0	0	0	0	0	1	0	1	0
PF01865.19	0	0	0	0	0	0	0	0	0	0	1	0	0	0	0
PF05159.17	0	0	0	0	0	0	0	0	0	0	0	1	0	0	0
PF17207.6	0	0	0	0	0	0	0	1	0	0	0	0	0	0	0
PF00493.26	0	0	0	0	0	0	0	1	0	0	0	0	0	0	0
PF17855.4	0	0	0	0	0	0	0	1	0	0	0	0	0	0	0
PF08886.14	0	0	0	0	0	0	0	0	0	0	0	0	0	0	1
PF09459.13	0	0	0	0	0	0	0	0	0	0	0	0	0	1	0
PF18799.4	0	0	0	0	0	0	0	0	0	0	0	0	0	0	1
PF11871.11	0	0	0	0	0	0	0	0	1	0	0	0	0	0	0
PF09620.13	0	0	0	0	0	0	0	0	0	0	0	0	0	0	0
PF10101.12	0	0	0	0	1	0	3	0	0	0	0	2	11	6	5
PF19403.2	0	0	0	0	0	0	0	0	0	0	0	7	0	0	0
PF12228.11	0	0	0	0	0	0	0	1	1	0	0	0	0	0	1
PF03625.17	0	0	0	0	0	0	0	0	0	0	0	1	0	0	0
PF02239.19	0	0	0	0	1	0	0	0	0	0	0	0	0	1	0
PF13433.9	0	0	1	0	0	0	0	0	0	0	0	0	0	2	1
PF06241.15	0	0	0	0	0	0	0	0	0	0	1	0	0	0	0
PF14497.9	0	0	0	0	0	0	0	0	0	0	0	0	0	1	0
PF03695.16	0	0	0	0	0	0	0	0	0	0	0	0	0	0	0
PF09603.13	0	0	0	0	0	0	0	0	0	0	0	0	0	1	0
PF04336.15	0	0	0	0	0	0	0	0	0	0	0	0	0	1	0
PF07143.14	0	0	0	0	0	0	0	1	0	0	0	0	0	0	0
PF17186.7	0	0	0	0	0	0	0	1	0	0	0	0	0	0	0
PF20094.2	0	0	0	0	0	0	0	0	0	0	1	0	0	0	0
PF02119.19	0	0	0	0	0	0	0	0	0	0	2	0	0	0	0
PF14126.9	0	0	0	0	0	1	0	0	2	0	1	0	0	0	1
PF18939.3	0	0	0	0	0	0	0	0	2	2	8	14	2	1	8
PF14100.9	0	0	0	0	0	0	0	0	0	0	0	0	0	0	0
PF13621.9	0	0	0	0	0	0	0	0	0	0	1	0	0	0	0
PF18964.3	0	0	0	0	0	0	0	0	0	0	0	0	0	0	0
PF19666.2	0	0	0	0	0	0	0	0	0	0	0	1	0	0	0
PF16976.8	0	0	0	0	0	0	0	4	1	1	2	7	0	4	0
PF16160.8	0	0	0	0	0	0	0	0	0	0	0	1	0	0	0
PF13428.9	0	0	0	0	0	0	1	0	1	0	0	0	0	0	1
PF08212.15	0	0	0	0	0	0	0	0	0	0	0	0	0	1	1
PF01914.20	0	0	0	0	0	0	0	0	0	0	0	0	0	1	0
PF09028.13	0	0	0	0	0	0	0	0	0	0	0	0	0	2	0
PF11821.11	0	0	0	0	0	0	0	0	0	0	0	0	0	1	0
PF20216.1	0	0	0	0	0	1	0	1	0	0	2	3	0	1	3
PF19821.2	0	0	0	0	0	0	0	0	0	0	0	0	0	1	0
PF12236.11	0	0	0	0	0	0	0	0	0	0	0	0	0	0	1
PF06803.15	0	0	0	0	0	0	0	0	0	0	0	0	0	0	1
PF04362.17	0	0	0	0	0	0	0	0	0	0	0	0	0	1	0
PF03379.16	0	0	0	0	0	0	0	0	1	0	0	0	0	0	0
PF18930.3	0	0	0	0	0	0	0	0	0	0	1	0	0	0	0
PF04185.17	0	0	0	0	0	0	0	0	0	0	0	0	0	3	1
PF05947.15	0	0	0	0	0	0	0	0	0	0	1	0	0	0	0
PF14710.9	0	0	0	0	0	0	0	1	0	0	0	0	0	0	0
PF03929.19	0	0	0	0	0	0	0	0	0	0	0	1	0	0	0
PF19962.2	0	0	0	0	0	0	0	0	0	0	0	1	0	0	0
PF00351.24	0	0	0	0	0	0	0	0	1	0	0	0	0	0	0
PF01956.19	0	0	0	0	0	0	0	0	0	0	0	0	0	0	1
PF11398.11	0	0	0	0	0	0	0	0	0	0	0	0	0	0	2
PF14338.9	0	0	0	0	0	0	0	0	0	1	1	0	0	0	0
PF19054.3	0	0	0	0	0	0	0	0	0	0	0	0	0	1	0
PF14261.9	0	0	0	0	0	0	0	0	0	0	0	1	0	0	0
PF11687.11	0	0	0	0	0	0	0	0	0	0	0	0	0	0	0
PF13516.9	0	0	2	0	3	1	11	0	1	0	2	0	1	0	0
PF06338.14	0	0	0	0	0	0	0	0	0	0	0	0	0	0	0
PF11858.11	0	0	0	0	0	0	2	0	0	0	1	0	0	0	0
PF14581.9	0	0	0	0	0	0	0	0	0	0	0	0	0	0	0
PF07784.14	0	0	0	0	0	0	2	0	0	0	0	0	1	0	0
PF13648.9	0	0	0	0	0	0	0	0	0	0	1	0	0	0	0
PF14502.9	0	0	0	0	0	0	3	0	0	0	0	0	1	0	0
PF14503.9	0	0	0	0	0	0	3	0	0	0	0	0	1	0	0
PF10797.12	0	0	0	0	0	0	1	0	0	0	1	0	0	0	1
PF10941.11	0	0	1	0	0	0	0	0	0	0	0	0	0	0	0
PF10110.12	0	0	0	0	0	0	2	0	1	3	1	2	2	0	0
PF04304.16	0	0	0	0	0	0	0	0	0	0	2	1	1	0	0
PF03899.18	0	0	0	0	0	0	2	0	0	0	0	1	0	0	0
PF04282.16	0	0	0	0	0	0	0	1	0	0	1	0	0	0	0
PF18143.4	0	0	0	0	1	0	0	3	2	0	1	2	0	0	0
PF10882.11	0	0	1	0	0	0	1	1	1	3	5	9	0	0	0
PF11074.11	0	0	0	0	0	0	1	0	2	0	0	0	0	0	0
PF00274.22	4	1	5	4	7	4	11	0	6	0	1	0	1	0	2
PF14505.9	0	0	0	0	0	0	3	0	1	0	0	0	0	0	0
PF14131.9	0	0	0	0	0	0	0	0	0	0	0	1	0	0	0
PF06612.14	0	0	0	0	1	0	0	0	0	0	0	0	0	0	0
PF03083.19	0	0	0	0	0	0	0	0	0	0	0	0	0	0	0
PF06998.14	0	0	1	1	1	0	2	0	1	0	0	0	4	0	0
PF13406.9	0	0	0	0	0	0	0	0	0	1	0	0	0	0	0
PF12512.11	0	0	0	0	0	0	0	0	0	0	0	0	0	0	1
PF06945.16	0	0	0	0	0	0	0	0	0	0	0	0	0	0	1
PF07622.14	0	0	0	0	0	0	0	0	0	0	1	0	0	0	0
PF09055.14	0	0	0	0	0	0	0	0	1	0	0	0	0	0	0
PF03561.18	0	0	0	0	0	0	0	0	2	0	0	0	0	0	0
PF04403.16	0	0	0	0	0	0	0	0	0	0	0	0	0	0	1
PF04406.17	0	0	0	0	0	0	0	0	0	0	0	0	0	0	0
PF04344.16	0	0	0	0	0	0	0	0	0	0	0	0	0	2	0
PF04454.15	0	0	0	0	0	0	0	0	0	0	0	0	0	0	0
PF04894.15	0	0	0	0	0	0	0	0	0	0	1	0	0	0	1
PF04895.15	0	0	0	0	0	0	0	0	0	0	1	0	0	0	1
PF09929.12	0	0	0	0	0	0	0	0	0	0	0	2	0	0	0
PF03971.17	0	0	0	0	0	0	0	0	0	0	0	0	0	0	0
PF01152.24	0	0	0	0	0	0	0	0	0	0	0	0	0	1	1
PF08333.14	0	0	0	0	0	0	0	0	0	0	0	0	0	0	0
PF05974.15	0	0	0	0	0	0	0	0	0	0	0	0	0	0	0
PF09828.12	0	0	0	0	0	0	0	0	0	0	0	1	0	0	0
PF05869.14	0	0	0	0	0	0	0	0	0	0	0	0	1	0	0
PF19780.2	0	0	0	0	0	0	0	0	1	0	0	0	0	0	0
PF13532.9	0	0	0	0	0	0	0	0	0	0	0	0	0	0	0
PF05138.15	0	0	0	0	0	0	0	0	0	0	1	0	0	0	0
PF19649.2	0	0	0	0	0	0	0	0	0	0	0	0	0	0	0
PF18921.3	0	0	0	0	0	0	0	0	0	0	0	1	0	0	0
PF04564.18	0	0	0	0	0	0	0	0	0	0	0	1	0	0	0
PF12937.10	0	0	0	0	0	0	0	0	0	0	0	1	0	0	0
PF09844.12	0	0	0	0	0	0	0	0	0	0	0	0	0	1	0
PF01976.20	0	0	0	0	0	0	0	0	0	0	0	1	0	0	0
PF13386.9	0	0	0	0	0	0	0	1	0	1	0	3	2	0	3
PF09127.14	0	0	0	0	0	0	0	0	0	0	1	0	0	0	0
PF18902.3	0	0	0	0	0	0	0	0	0	0	0	0	0	1	0
PF17164.7	0	0	0	0	0	0	0	0	1	0	0	0	0	0	0
PF10342.12	0	0	0	0	0	0	0	0	0	0	0	0	0	1	0
PF10294.12	0	0	0	0	0	0	0	1	0	0	0	0	0	0	0
PF12727.10	0	0	0	0	0	0	1	0	2	5	1	0	0	0	0
PF20245.1	0	0	0	0	0	0	0	0	0	0	0	0	0	0	1
PF14508.9	1	2	0	1	0	2	3	11	9	12	47	75	5	23	22
PF10566.12	1	2	0	1	0	2	3	11	9	12	47	75	5	23	22
PF09249.14	0	0	0	0	0	0	0	0	0	0	0	1	0	0	0
PF16864.8	0	0	0	0	0	0	0	0	0	0	0	0	0	0	1
PF00891.21	0	0	1	0	0	0	0	1	1	1	1	4	0	1	6
PF01982.19	0	0	0	0	0	0	0	0	0	0	0	1	0	0	0
PF01912.21	0	0	0	0	0	0	0	0	0	0	0	1	0	0	0
PF16655.8	0	0	0	0	0	0	0	0	0	0	0	1	0	0	0
PF13600.9	0	0	0	0	0	0	0	0	0	0	0	1	0	1	0
PF13598.9	0	0	0	0	0	0	0	0	0	0	0	1	0	1	0
PF07586.14	0	0	0	0	0	0	0	0	0	0	0	0	0	1	0
PF17765.4	0	0	0	0	0	0	0	0	0	0	1	0	0	0	0
PF17152.7	0	0	0	0	0	0	0	0	0	0	0	0	0	0	0
PF10070.12	0	0	0	0	0	0	0	0	1	0	0	0	0	0	1
PF01020.20	2	1	2	3	1	0	0	0	0	0	0	0	0	0	0
PF09723.13	0	0	0	0	0	0	0	0	1	0	1	0	0	0	0
PF10771.12	0	0	0	0	0	0	1	0	3	0	0	0	4	3	1
PF00995.26	0	0	0	0	0	0	0	0	0	0	0	0	0	0	0
PF12282.11	0	0	0	0	0	0	0	0	0	0	1	0	0	0	0
PF07568.15	0	0	0	0	0	0	0	0	1	0	1	0	0	0	0
PF13409.9	0	0	0	0	0	0	0	0	0	0	0	0	0	0	1
PF00429.22	0	0	0	0	0	0	0	0	4	0	0	1	0	0	1
PF02516.17	0	0	0	0	0	0	0	0	1	0	0	0	0	0	0
PF13759.9	0	0	0	0	0	0	0	0	0	0	0	0	0	0	1
PF09360.13	0	0	0	0	0	0	0	0	0	0	0	2	0	0	0
PF02007.21	0	0	0	0	0	0	0	0	0	0	0	1	0	0	0
PF06849.15	0	0	0	0	0	0	0	0	0	0	0	1	0	0	0
PF06973.15	0	0	0	0	0	0	0	0	0	0	0	1	0	0	0
PF00129.21	8	7	5	17	4	1	5	1	3	1	1	0	0	0	0
PF07654.18	15	9	16	24	14	3	11	2	6	2	2	2	0	0	0
PF00969.22	0	0	0	0	0	0	0	0	0	0	0	0	0	0	0
PF04828.17	0	0	0	0	0	0	0	1	1	0	5	4	0	1	1
PF20050.2	0	0	0	0	0	0	0	0	0	0	2	1	0	1	0
PF03833.16	0	0	0	0	0	0	0	0	0	0	0	0	0	1	0
PF16113.8	0	0	0	0	0	0	0	1	0	0	0	1	0	0	0
PF11824.11	0	0	0	0	0	0	0	1	0	0	0	0	0	0	0
PF01732.19	0	0	0	0	0	0	0	0	0	0	1	0	0	0	0
PF17792.4	0	0	0	0	0	0	0	0	0	0	0	0	0	0	0
PF05996.15	0	0	0	0	0	0	0	0	0	0	0	0	0	0	1
PF00982.24	0	0	0	0	0	0	0	0	0	0	1	1	0	0	0
PF16350.8	0	0	0	0	0	0	0	0	0	2	0	1	0	0	0
PF19313.2	0	0	0	0	0	0	0	0	0	0	2	0	0	1	0
PF05400.16	0	0	0	0	0	0	0	1	0	0	0	0	0	0	0
PF06942.15	0	0	0	0	0	0	0	0	0	0	0	0	0	0	0
PF05277.15	0	0	0	0	0	0	0	0	0	0	0	1	0	0	0
PF06841.15	0	0	0	0	0	0	0	0	0	0	0	0	0	0	1
PF10899.11	0	0	0	0	0	0	0	0	0	0	1	0	0	0	0
PF06155.15	0	0	0	0	0	0	0	0	0	0	0	0	0	0	1
PF03942.18	0	0	0	0	0	0	0	0	1	0	0	1	0	0	0
PF11808.11	0	0	0	0	0	0	0	0	0	0	0	0	0	0	0
PF13230.9	0	0	0	0	0	0	0	0	1	0	1	0	0	2	0
PF20432.1	0	0	0	0	0	0	0	0	0	0	0	0	0	0	0
PF09722.13	0	0	0	0	0	0	0	0	0	0	0	0	0	0	0
PF11320.11	0	0	0	0	0	0	0	0	0	0	0	2	0	0	0
PF12245.11	0	0	0	0	0	0	8	0	18	0	0	0	0	1	0
PF17653.4	0	0	0	0	0	0	0	1	0	0	0	0	0	0	0
PF16187.8	0	0	0	0	0	0	0	0	0	0	0	0	0	0	1
PF05861.15	0	0	0	0	0	0	0	0	0	0	0	0	0	0	0
PF14870.9	0	0	0	0	0	0	0	0	0	3	0	0	0	0	0
PF14529.9	0	0	1	0	0	0	0	0	0	0	0	0	0	0	0
PF06002.15	0	0	0	0	0	0	0	0	0	0	2	2	0	0	0
PF03202.16	0	0	0	0	0	0	0	0	0	0	0	0	0	1	0
PF14267.9	0	0	0	0	0	0	0	0	1	3	3	5	2	5	4
PF14130.9	0	0	0	0	0	0	0	0	1	0	1	0	0	1	0
PF09572.13	0	0	0	0	0	0	0	0	0	0	0	0	0	0	0
PF17127.7	1	0	0	0	0	0	0	0	4	0	4	3	0	1	1
PF20283.1	0	0	0	0	0	0	0	0	1	1	0	1	1	0	0
PF06941.15	0	0	0	0	0	0	0	0	0	1	1	0	0	0	0
PF14518.9	0	0	0	0	0	0	0	0	0	0	0	0	0	0	0
PF07721.17	0	0	0	0	1	0	1	0	0	0	1	0	0	0	0
PF10142.12	0	0	0	0	0	0	0	0	0	0	0	1	0	0	0
PF13941.9	0	0	0	0	0	0	0	0	2	0	0	0	0	0	0
PF07307.14	0	0	0	0	0	0	0	0	0	0	0	0	0	1	0
PF19278.2	5	0	0	0	0	0	1	2	1	0	2	0	0	1	0
PF10559.12	0	0	0	0	0	0	0	0	2	0	0	0	0	0	1
PF11862.11	0	0	0	0	0	0	0	0	0	0	0	0	0	0	0
PF09407.13	0	0	0	0	0	0	0	2	0	0	0	1	0	3	0
PF20217.1	0	1	0	0	0	0	0	0	0	3	5	8	0	1	1
PF07463.14	0	0	0	0	0	0	0	1	1	0	1	0	0	0	2
PF18643.4	0	0	0	0	0	0	7	0	5	1	0	1	24	0	1
PF16480.8	0	0	0	0	0	0	0	16	0	0	0	6	1	7	0
PF06189.15	0	0	0	0	0	0	0	5	0	0	1	3	0	0	0
PF13031.9	0	0	0	0	0	0	0	1	1	0	0	1	2	1	0
PF15652.9	0	0	0	0	0	0	0	5	0	0	0	4	0	2	0
PF15616.9	0	0	0	0	0	0	0	0	0	0	0	1	0	0	0
PF14021.9	0	0	0	0	0	0	0	1	0	0	0	0	0	0	0
PF14208.9	0	0	0	0	0	0	0	3	0	0	6	5	0	3	3
PF20187.1	0	0	1	0	0	0	0	0	0	0	5	1	2	2	8
PF14081.9	0	0	0	0	0	0	0	0	0	0	1	0	0	3	0
PF18839.4	0	0	0	0	0	0	0	0	0	0	0	1	0	0	0
PF18709.4	0	0	0	0	0	0	0	0	0	0	0	0	0	0	0
PF14022.9	0	0	0	0	0	0	0	2	0	2	1	4	0	0	0
PF18903.3	0	0	0	0	0	0	0	0	0	0	0	2	0	0	0
PF13708.9	0	0	0	0	0	0	0	1	1	0	4	1	0	0	0
PF14207.9	0	0	0	0	0	0	0	1	0	0	0	0	0	0	0
PF09511.13	0	0	0	0	0	1	4	0	2	1	0	5	0	0	0
PF20563.1	0	0	0	0	0	0	0	0	0	1	0	1	4	3	2
PF09195.14	0	0	0	0	0	0	0	0	0	0	0	1	0	0	1
PF17425.5	0	0	4	2	0	6	11	3	3	3	3	2	52	3	0
PF05935.14	0	0	4	2	0	6	11	3	3	4	3	2	52	3	0
PF18756.4	0	0	0	0	0	0	0	5	3	2	5	5	1	6	8
PF20282.1	0	1	0	0	0	0	0	1	0	0	0	0	0	0	0
PF20288.1	0	0	0	0	0	0	0	0	1	0	0	0	0	0	0
PF14460.9	0	0	0	0	0	0	0	0	0	2	4	7	0	2	4
PF14072.9	1	0	0	0	0	0	1	0	0	0	0	0	5	0	0
PF13809.9	0	0	0	0	0	0	0	0	0	0	0	0	0	3	1
PF03691.17	0	0	0	0	0	0	4	2	1	1	0	0	0	0	0
PF14163.9	0	0	0	0	0	0	0	1	0	0	1	1	0	0	0
PF01910.20	0	0	0	0	0	0	0	0	0	0	1	0	0	0	0
PF07538.14	0	0	0	0	0	1	0	0	0	0	0	0	0	2	0
PF06381.14	0	0	0	0	0	0	0	4	0	3	0	1	0	0	1
PF07158.14	0	0	0	0	0	0	1	0	0	0	0	0	0	0	0
PF12797.10	0	0	0	0	0	0	0	0	0	0	0	0	2	0	0
PF14132.9	0	0	3	0	0	1	0	0	1	2	4	6	0	0	2
PF02893.23	0	0	0	0	0	0	0	0	0	0	0	0	0	0	0
PF19822.2	0	0	0	0	0	0	0	0	0	0	0	0	1	0	2
PF14137.9	0	0	0	0	1	0	0	0	1	1	1	1	1	2	4
PF20276.1	0	0	0	0	0	0	0	0	0	0	2	0	1	1	2
PF20289.1	0	0	0	0	0	0	0	0	0	0	0	0	0	1	0
PF08955.13	0	0	0	0	0	0	0	0	0	0	0	1	0	0	0
PF09012.13	0	0	0	0	0	0	0	0	0	0	1	0	0	0	0
PF03425.16	0	0	0	0	0	0	0	0	0	0	0	1	0	0	0
PF02057.18	0	0	0	0	0	0	0	0	0	0	0	2	0	0	0
PF20075.2	0	0	0	0	0	0	0	0	0	0	1	0	0	1	1
PF12684.10	0	0	0	0	0	0	0	0	0	0	0	1	0	1	0
PF20541.1	0	1	0	0	0	0	0	0	2	6	4	10	0	0	2
PF07453.16	0	0	0	0	0	0	0	0	0	0	0	1	0	0	0
PF12532.11	0	0	0	0	0	0	0	0	0	0	0	2	1	0	0
PF16473.8	0	0	0	0	0	0	0	2	1	0	0	4	2	0	0
PF18812.4	0	0	0	0	0	0	0	0	0	0	0	0	0	0	0
PF08346.15	0	0	0	0	0	0	0	0	0	0	1	0	0	0	0
PF09669.13	0	0	0	0	0	0	0	0	0	2	1	2	0	0	0
PF14410.9	0	0	0	0	0	0	0	0	2	0	0	0	0	0	0
PF03959.16	0	0	0	0	0	0	0	0	2	0	0	0	0	0	0
PF01187.21	0	0	0	0	0	0	1	0	0	0	0	0	0	0	0
PF16162.8	0	0	0	0	0	0	0	0	0	0	0	0	3	0	0
PF17101.8	0	0	0	0	0	0	0	0	2	0	0	0	0	0	0
PF11380.11	0	0	0	0	0	0	0	0	2	0	0	0	0	0	0
PF08942.13	0	0	0	0	0	0	5	2	1	0	0	1	3	4	2
PF19506.2	0	0	0	0	0	0	0	0	1	0	0	0	1	0	0
PF04965.17	0	1	0	0	0	0	0	0	1	0	0	1	0	0	0
PF11155.11	0	0	0	0	0	0	0	0	2	0	0	0	0	0	0
PF18818.4	0	0	0	0	0	0	0	0	3	6	12	16	2	13	6
PF05738.16	0	0	0	0	0	0	0	21	0	102	0	0	0	1	0
PF17201.7	0	0	0	0	0	0	0	0	0	0	0	0	0	0	0
PF06763.14	0	0	0	0	0	0	0	0	2	0	1	3	0	0	0
PF10109.12	0	0	0	0	0	0	0	0	2	0	0	3	1	0	1
PF08548.14	0	0	0	0	0	0	0	0	0	0	0	0	0	0	1
PF01246.23	0	0	0	0	0	0	0	0	0	0	0	0	0	0	0
PF01007.23	0	0	0	0	0	0	0	0	0	0	0	0	0	0	0
PF14292.9	0	0	0	0	1	0	6	8	11	6	15	17	6	6	11
PF16411.8	0	0	0	0	0	6	0	13	13	8	29	63	1	17	15
PF15780.8	0	0	0	0	0	0	0	0	0	0	0	0	0	0	0
PF13084.9	0	0	0	0	0	0	0	0	1	0	1	7	0	3	1
PF19509.2	0	0	0	0	2	0	0	2	2	10	14	27	2	12	10
PF12989.10	0	0	0	0	0	0	0	0	0	0	1	4	2	1	0
PF12964.10	0	0	0	0	0	0	0	0	1	1	1	3	0	0	0
PF18932.3	0	0	0	0	0	0	0	0	1	1	5	4	0	0	0
PF20449.1	0	0	0	0	0	0	0	1	1	2	0	0	0	0	0
PF08989.13	0	0	0	0	0	0	0	0	1	1	2	3	0	1	1
PF14300.9	0	0	0	1	0	0	1	0	1	6	2	16	1	6	3
PF04335.16	0	0	0	0	0	0	0	0	0	0	0	0	0	0	0
PF14390.9	0	0	0	0	0	0	0	0	0	0	0	0	0	0	0
PF07432.16	0	0	0	0	0	0	0	1	0	1	0	4	0	1	0
PF06713.14	0	0	0	0	0	0	1	0	0	3	3	3	0	0	0
PF14125.9	0	0	0	0	0	0	0	2	0	1	2	5	0	1	2
PF19652.2	0	0	0	0	0	0	0	0	3	0	4	3	1	0	1
PF07075.14	0	0	0	0	0	0	0	0	0	0	0	0	0	0	0
PF03825.19	0	0	0	0	0	0	1	0	2	0	2	1	1	2	2
PF06321.14	0	0	0	0	0	0	0	0	0	0	0	0	0	0	0
PF14684.9	1	2	1	2	2	5	3	9	22	11	18	33	2	13	16
PF14685.9	0	0	1	2	1	2	0	2	6	4	12	17	2	6	6
PF05117.15	0	0	0	0	0	0	0	1	0	0	2	1	0	1	0
PF16283.8	0	0	0	0	0	0	0	0	0	0	0	0	0	0	0
PF14900.9	2	8	11	2	8	26	11	7	15	3	26	42	4	6	8
PF13201.9	0	1	3	1	2	7	4	5	11	4	18	22	2	4	5
PF15283.9	0	0	0	0	0	0	0	0	0	0	0	0	0	0	0
PF05258.15	0	0	0	0	0	0	0	0	1	0	1	0	0	1	0
PF14371.9	0	0	0	0	0	0	0	0	0	0	0	0	0	0	0
PF09112.13	0	0	0	0	0	0	0	0	0	0	0	0	0	0	0
PF09113.13	0	0	0	0	0	0	0	0	0	0	0	0	0	0	0
PF14052.9	0	0	0	0	0	0	0	2	2	1	7	13	0	1	3
PF16217.8	0	0	0	0	0	0	0	0	2	0	7	8	0	2	2
PF13584.9	0	0	2	0	0	0	0	5	4	3	10	19	2	9	6
PF11644.11	0	0	0	0	0	0	0	0	0	1	0	2	0	0	0
PF16585.8	0	0	0	0	0	0	0	0	0	0	0	1	0	1	1
PF19755.2	1	0	2	0	0	0	2	1	1	2	4	8	4	4	3
PF19573.2	0	0	1	0	0	0	0	0	1	0	1	4	0	0	2
PF12864.10	0	0	0	0	0	0	0	0	1	0	3	4	0	0	2
PF16115.8	0	0	0	0	0	0	0	0	5	1	6	8	0	3	0
PF17116.8	0	0	0	1	1	0	0	1	0	1	3	10	0	2	0
PF18174.4	0	0	0	0	0	0	0	2	0	0	2	2	0	0	0
PF18175.4	0	0	0	0	0	0	0	2	0	0	2	2	0	0	0
PF06293.17	0	0	0	0	0	0	0	0	0	0	0	0	0	0	0
PF09640.13	0	0	0	0	0	0	0	0	1	0	1	3	0	1	1
PF18347.4	1	0	0	0	2	0	0	1	0	0	1	3	0	1	2
PF04087.17	0	0	0	0	0	0	1	0	1	1	2	6	1	3	0
PF14902.9	0	0	0	0	1	1	0	1	2	1	4	4	1	1	3
PF14109.9	0	0	0	0	0	0	0	0	0	0	0	0	0	0	0
PF11325.11	0	0	0	0	0	0	1	0	0	2	0	2	0	0	0
PF14092.9	0	0	0	1	0	0	1	1	1	0	2	6	0	6	4
PF16352.8	0	0	0	0	0	0	0	2	3	0	3	14	1	2	3
PF11810.11	0	0	2	0	0	1	1	1	3	0	1	1	2	0	0
PF07959.15	0	0	1	0	0	0	1	2	0	1	3	4	10	6	4
PF07813.15	0	0	0	0	0	0	0	0	0	0	0	0	0	0	0
PF02253.18	0	0	0	1	0	1	0	0	1	0	2	7	0	2	2
PF03724.19	0	0	0	0	0	2	0	1	6	5	5	12	0	5	2
PF17145.7	0	0	0	0	0	0	0	0	4	0	4	13	0	3	0
PF19572.2	0	0	0	0	0	0	0	1	3	0	1	4	0	1	4
PF19515.2	1	0	0	0	0	0	0	0	1	0	1	3	0	2	0
PF08885.14	0	0	0	0	0	0	0	1	2	1	1	4	0	1	0
PF16266.8	0	0	0	0	0	0	0	1	1	0	4	4	1	1	0
PF16288.8	0	0	0	0	0	0	0	0	0	0	0	0	0	0	0
PF14129.9	0	0	0	0	0	1	0	1	2	2	4	6	0	2	1
PF18348.4	0	0	0	0	0	0	0	0	0	0	0	0	0	0	1
PF16109.8	0	0	1	0	0	0	1	0	0	0	4	2	1	1	0
PF13562.9	0	0	0	0	0	1	0	0	0	0	4	11	0	0	1
PF07313.15	0	0	1	0	0	0	1	1	2	0	0	4	0	1	4
PF18451.4	0	0	0	0	0	0	0	0	0	0	0	0	0	0	0
PF07022.16	0	0	0	0	0	0	0	0	0	0	0	0	0	0	0
PF04301.16	0	0	0	0	0	0	0	1	0	1	3	10	0	2	5
PF06123.15	0	0	0	0	0	0	0	0	1	0	2	8	0	1	1
PF13404.9	0	0	0	0	0	0	0	0	0	0	0	0	1	0	0
PF07659.14	0	0	0	2	0	2	0	0	4	0	2	2	0	0	0
PF11777.11	0	0	0	0	0	0	0	1	1	0	1	2	0	1	0
PF15869.8	0	0	0	0	0	0	0	1	2	1	1	3	0	2	1
PF19762.2	0	0	0	0	0	0	0	0	0	0	0	0	0	0	0
PF14114.9	0	0	0	0	0	0	0	0	0	0	0	0	0	0	0
PF15569.9	0	0	0	0	0	0	0	0	0	0	0	3	1	2	4
PF01983.19	0	0	0	0	0	0	0	0	0	0	0	0	0	1	0
PF13298.9	0	0	0	0	0	0	0	0	1	0	1	1	0	0	0
PF06441.15	0	0	0	0	0	1	0	0	0	0	0	0	0	0	0
PF09851.12	0	0	0	0	0	0	0	0	2	0	1	2	0	0	0
PF03922.17	0	0	0	0	0	0	0	0	0	0	0	0	0	0	0
PF07044.14	0	0	0	0	0	0	0	0	1	0	0	0	0	0	0
PF12969.10	0	0	0	0	0	0	0	0	0	0	1	1	0	0	1
PF01329.22	0	0	0	0	0	0	0	0	1	0	0	2	0	0	0
PF05845.15	0	0	0	0	0	0	0	0	0	0	0	0	0	1	0
PF18883.3	0	0	0	0	0	0	0	1	0	0	0	0	0	0	0
PF02727.19	0	0	0	0	0	0	0	0	0	0	0	1	0	0	0
PF02728.19	0	0	0	0	0	0	0	0	0	0	0	1	0	0	0
PF01179.23	0	0	0	0	0	0	0	0	0	0	0	1	0	0	0
PF16841.8	0	0	0	0	0	0	0	0	0	0	0	0	0	0	2
PF14898.9	0	0	0	0	0	0	0	0	0	0	1	1	0	0	1
PF03349.19	1	1	0	1	0	0	1	1	2	2	2	4	4	2	4
PF19910.2	0	0	0	0	0	0	0	0	0	0	0	1	0	0	1
PF16584.8	0	0	0	0	0	1	1	0	1	0	0	5	0	1	0
PF19368.2	0	0	0	0	0	0	1	0	3	1	0	6	0	1	2
PF12954.10	0	0	0	0	0	0	1	1	2	0	2	1	3	1	0
PF14899.9	0	0	0	0	0	0	0	0	0	0	1	0	0	1	1
PF20329.1	0	0	0	0	0	0	1	0	3	2	9	10	3	10	0
PF14054.9	0	0	0	0	0	0	1	2	5	5	7	14	0	3	3
PF12667.10	1	1	1	2	0	2	4	0	5	2	1	6	0	1	1
PF17415.5	1	1	1	2	0	2	4	0	5	2	1	6	0	1	1
PF19886.2	0	0	2	0	0	0	1	0	8	0	3	11	0	5	4
PF10503.12	1	0	0	0	0	0	3	3	2	2	3	6	1	6	5
PF13723.9	0	0	0	0	0	0	0	0	2	2	1	6	0	2	0
PF14717.9	0	1	0	0	1	1	0	0	1	0	0	2	1	0	0
PF16820.8	0	3	6	0	3	9	0	3	0	0	3	0	0	0	2
PF05096.15	0	0	0	0	0	0	0	0	1	1	1	4	0	1	1
PF16120.8	0	0	1	0	0	2	0	1	3	1	3	9	0	2	4
PF09697.13	0	0	0	0	0	0	2	3	4	1	4	3	3	1	2
PF15892.8	0	0	0	0	1	0	0	1	2	0	3	2	0	3	1
PF16464.8	0	0	0	0	0	0	0	0	1	3	5	9	0	3	1
PF16371.8	1	1	0	1	3	4	2	11	22	5	39	64	0	19	20
PF16370.8	1	1	0	1	3	4	2	11	22	5	39	64	0	19	20
PF16702.8	0	0	1	0	0	0	0	1	0	0	1	4	0	0	0
PF14093.9	0	0	0	0	0	0	0	1	2	0	4	8	0	1	0
PF11790.11	0	0	0	0	0	0	0	1	4	6	6	10	1	11	7
PF17162.7	0	0	0	0	1	1	0	4	2	1	5	12	1	2	3
PF17148.7	0	1	0	0	2	1	0	8	6	3	10	26	1	2	8
PF16313.8	0	1	0	0	2	1	0	8	6	3	10	26	1	2	8
PF04342.15	0	0	0	0	0	0	0	1	0	0	0	1	0	0	1
PF03253.17	0	0	0	0	0	0	0	1	1	0	3	4	0	2	1
PF13859.9	0	0	0	0	0	0	0	0	3	1	2	3	0	4	2
PF16227.8	0	0	0	0	1	0	0	1	4	1	5	10	1	4	4
PF12984.10	0	0	0	0	1	1	0	0	1	0	1	12	0	1	2
PF14386.9	0	0	0	0	1	0	0	0	1	2	3	1	0	2	0
PF19904.2	0	0	0	1	2	0	4	4	13	5	21	45	4	18	12
PF14060.9	0	1	0	0	0	0	0	2	3	0	4	7	0	2	2
PF16387.8	1	0	0	0	0	2	0	0	1	0	8	1	0	2	0
PF19579.2	0	0	0	0	0	1	0	0	0	0	0	1	0	1	0
PF14511.9	0	0	0	0	0	1	0	0	0	1	4	3	0	0	0
PF14055.9	0	0	0	0	0	1	1	1	1	1	1	1	0	0	0
PF04193.17	0	0	0	0	0	0	0	0	0	0	0	1	0	0	0
PF13712.9	0	0	0	0	0	1	1	2	1	0	3	4	0	1	1
PF09919.12	0	0	0	0	0	0	0	0	1	0	0	2	0	0	0
PF13944.9	0	0	0	0	1	0	0	0	0	0	5	4	0	2	0
PF13371.9	0	0	0	0	0	0	0	1	0	2	7	5	1	1	1
PF16361.8	3	7	16	10	17	19	16	7	20	12	23	34	40	15	15
PF09087.14	0	0	0	0	0	0	0	1	6	2	8	9	3	2	2
PF10438.12	0	0	0	0	0	0	0	1	6	2	8	9	3	2	2
PF18990.3	0	0	0	0	0	0	0	1	2	0	2	6	0	1	3
PF16270.8	0	0	0	0	0	1	0	0	0	0	3	0	0	0	0
PF17138.7	0	0	0	0	0	0	0	1	1	3	5	9	0	2	2
PF17141.7	0	0	0	0	0	0	0	1	1	3	5	9	0	2	2
PF14391.9	0	0	0	0	0	0	0	1	2	0	4	9	0	1	2
PF16269.8	0	0	0	0	0	1	0	0	1	0	1	4	0	0	0
PF03092.19	0	0	0	0	1	0	0	0	2	0	5	7	0	3	2
PF14587.9	0	0	0	0	0	1	1	0	1	0	1	4	0	0	2
PF11860.11	0	0	0	0	1	0	1	1	1	1	1	4	0	3	2
PF19808.2	0	0	0	0	0	0	0	0	0	0	2	3	0	2	2
PF06356.14	0	0	0	0	0	0	0	0	0	2	0	2	0	2	1
PF03837.17	0	0	0	0	1	0	0	0	0	1	3	10	0	3	6
PF18763.4	0	0	0	0	1	0	0	1	2	54	44	98	18	56	52
PF11756.11	0	0	0	0	0	0	0	0	0	1	2	0	0	0	1
PF19556.2	0	0	0	0	0	0	0	1	0	4	2	2	5	1	4
PF13497.9	0	0	0	0	0	0	0	0	4	2	5	6	0	0	0
PF06863.15	0	0	0	0	0	0	0	0	0	0	0	0	0	0	0
PF06742.14	0	0	0	0	0	0	0	0	0	0	0	0	0	2	0
PF04286.15	0	0	0	0	0	0	0	0	0	0	1	0	0	0	0
PF11737.11	0	0	0	0	0	0	0	0	0	0	0	0	0	0	1
PF02788.19	0	0	0	0	0	0	0	0	0	0	0	1	0	0	0
PF00016.23	0	0	0	0	0	0	0	0	0	0	0	1	0	0	0
PF04234.15	0	0	0	0	0	0	0	0	0	0	1	0	0	0	0
PF12391.11	0	0	0	0	0	0	0	0	1	0	0	0	0	0	0
PF09615.13	0	0	0	0	0	0	0	0	0	0	1	0	0	2	0
PF05695.15	0	0	0	0	0	0	0	0	1	0	0	2	0	0	0
PF00737.23	0	0	0	0	0	0	0	0	0	1	0	0	0	0	0
PF00124.22	0	0	0	0	0	0	0	0	0	0	1	0	1	0	1
PF02392.19	0	0	0	0	0	0	0	1	0	0	0	0	0	0	0
PF19775.2	0	0	0	0	0	0	0	0	0	0	0	0	0	0	0
PF03203.17	0	0	0	0	0	0	0	1	0	0	0	0	0	0	0
PF09538.13	0	0	0	0	0	0	0	0	0	1	0	0	0	0	0
PF12545.11	0	0	0	0	0	0	0	1	0	0	0	0	0	0	0
PF04273.16	0	0	0	0	0	0	0	1	0	0	0	0	0	0	0
PF18888.3	0	0	0	0	0	0	0	0	10	0	0	0	0	0	0
PF13418.9	0	0	0	0	0	0	0	0	1	0	0	0	0	0	0
PF06779.17	0	0	0	0	0	0	0	0	0	0	0	1	0	0	0
PF14417.9	0	0	1	0	0	0	0	0	0	0	0	0	0	0	0
PF02407.19	0	0	0	0	0	0	0	0	0	0	1	0	0	2	1
PF18692.4	0	0	0	0	0	0	0	0	0	0	0	0	0	1	0
PF08800.13	0	0	0	0	0	0	0	0	0	0	0	0	0	0	1
PF20546.1	0	0	0	0	0	0	0	0	0	0	0	1	0	0	0
PF16192.8	0	0	0	0	0	0	4	0	5	1	2	5	6	4	1
PF16285.8	0	0	0	0	0	0	0	0	0	0	0	0	0	0	0
PF03811.16	0	0	0	0	0	0	0	0	0	0	0	1	0	0	0
PF16140.8	0	0	0	0	0	0	0	0	0	0	0	0	0	0	0
PF20423.1	0	0	0	0	0	0	0	0	0	0	0	0	0	0	0
PF06315.14	0	0	0	0	0	0	0	0	0	0	0	0	0	0	0
PF05610.14	0	0	0	0	0	0	0	0	0	0	1	0	0	0	0
PF16444.8	0	0	0	0	0	0	0	0	0	0	0	0	0	0	0
PF10386.12	0	0	0	0	0	0	0	0	0	0	0	0	0	0	0
PF17194.7	0	0	0	0	0	0	0	0	0	0	0	1	0	0	0
PF11459.11	0	0	0	0	0	0	0	0	0	0	0	1	0	0	0
PF17236.5	0	0	0	0	0	0	0	0	0	0	0	0	0	0	0
PF08973.13	0	0	0	0	0	0	0	0	0	0	0	0	0	0	0
PF18294.4	0	0	0	0	0	0	0	0	0	0	0	0	0	0	0
PF07714.20	0	0	0	0	0	0	0	0	0	0	0	0	0	0	0
PF19527.2	0	0	0	0	0	0	0	0	0	0	0	0	0	0	0
PF16151.8	0	0	0	0	0	0	0	0	0	0	0	0	0	0	0
PF18979.3	0	0	0	0	0	0	0	0	0	0	0	0	0	0	0
PF11236.11	0	0	0	0	0	0	0	0	0	0	0	0	0	0	0
PF01697.30	0	0	0	0	0	0	0	0	0	0	0	0	0	0	0
PF15562.9	0	0	0	0	0	0	0	0	0	0	0	0	0	0	0
PF13858.9	0	0	0	0	0	0	0	0	0	0	0	0	0	0	0
PF16375.8	1	0	0	0	0	0	0	0	0	0	0	1	0	0	0
PF20620.1	1	0	0	0	0	0	0	0	0	0	0	1	0	0	0
PF02987.19	0	0	0	0	0	0	0	0	0	0	0	0	0	0	0
PF16272.8	0	0	0	0	0	0	0	0	0	0	0	0	0	0	0
PF16255.8	0	0	0	0	0	0	0	0	0	0	0	0	0	0	0
PF05430.14	0	0	0	0	0	0	0	0	0	0	0	0	0	0	0
PF16427.8	0	0	0	0	0	0	0	0	0	0	0	0	0	0	0
PF07632.14	0	0	0	0	0	0	0	0	0	0	0	0	0	0	0
PF16961.8	0	0	0	0	0	0	0	0	0	0	0	0	0	0	0
PF18620.4	0	0	0	0	0	0	0	0	0	0	0	0	0	0	2
PF19529.2	0	0	0	0	0	0	0	0	0	0	0	0	0	0	0
PF06537.14	0	0	0	0	0	0	0	0	0	0	0	0	0	0	0
PF19569.2	0	0	0	0	0	0	0	0	0	0	0	0	0	0	0
PF12812.10	0	0	0	0	0	0	0	0	0	0	0	0	0	0	0
PF19480.2	0	0	0	0	0	0	0	0	0	0	0	0	0	0	0
PF18120.4	0	0	0	0	0	0	0	1	0	0	0	0	0	0	0
PF16476.8	0	0	0	0	0	0	0	0	0	1	0	0	0	0	0
PF20186.1	0	0	0	0	0	0	0	0	0	3	2	7	0	0	0
PF19512.2	0	0	0	0	1	0	0	1	5	8	17	16	0	9	3
PF18847.4	0	0	0	0	0	0	0	1	1	1	1	6	0	0	0
PF01166.21	4	3	0	3	0	2	4	0	2	0	0	0	0	0	1
PF04045.17	3	5	1	2	1	2	1	0	0	0	0	0	0	0	0
PF06623.14	7	2	11	7	10	2	6	1	3	1	1	2	0	0	0
PF05056.15	0	0	0	0	0	0	0	0	0	0	0	1	0	0	0
PF00241.23	14	11	18	21	18	7	11	5	9	2	7	0	3	0	3
PF04758.17	4	4	1	2	7	2	1	1	0	0	0	0	0	0	0
PF12301.11	0	1	0	0	0	0	2	0	0	0	0	0	0	0	0
PF03247.17	0	0	0	1	1	1	0	0	0	0	0	0	0	0	0
PF10702.12	0	0	0	0	0	0	0	0	0	0	0	0	1	0	0
PF17917.4	0	0	0	0	0	0	0	0	0	1	0	0	0	0	0
PF03732.20	0	0	0	0	0	0	0	0	1	0	0	0	0	0	0
PF00098.26	0	0	0	0	0	0	0	0	0	0	0	0	0	0	0
PF00307.34	1	0	0	1	0	0	0	0	0	0	0	0	0	0	0
PF03953.20	4	1	2	5	1	2	3	0	1	0	1	0	0	0	0
PF12970.10	0	0	0	0	0	0	0	0	0	0	1	0	0	0	0
PF06032.15	0	0	0	0	0	0	0	0	0	0	1	0	0	0	1
PF08284.14	0	0	0	0	0	0	0	0	0	0	0	0	0	0	0
PF13501.9	0	0	0	0	0	0	0	0	0	0	0	0	0	1	0
PF08770.14	0	0	0	0	0	0	0	0	0	0	0	0	0	1	0
PF04752.15	0	0	0	0	0	0	0	0	0	0	0	0	0	1	0
PF04248.15	0	0	0	0	0	0	0	0	0	0	0	0	0	2	0
PF11870.11	0	0	0	0	0	0	0	0	0	0	0	1	0	0	0
PF13924.9	0	0	0	0	0	0	0	0	0	0	0	0	0	0	0
PF18093.4	0	0	0	0	0	0	0	0	0	0	0	1	0	0	0
PF09580.13	0	0	0	0	0	0	0	0	0	0	0	0	0	1	0
PF10563.12	0	0	0	0	0	0	0	1	0	0	0	0	0	0	0
PF03301.16	0	0	0	0	0	0	0	0	1	0	0	0	0	0	0
PF05114.16	0	0	0	0	0	0	0	0	1	0	0	0	0	0	0
PF11255.11	0	0	0	0	0	0	0	0	0	0	1	0	0	0	0
PF04123.16	0	0	0	0	0	0	0	1	0	0	0	0	0	0	1
PF09937.12	0	0	0	0	0	0	0	0	1	0	0	0	0	0	0
PF20609.1	0	0	0	0	0	0	0	0	1	0	0	0	0	0	0
PF06450.15	0	0	0	0	0	0	0	0	0	0	0	1	0	0	0
PF18863.4	0	0	0	0	0	0	0	0	0	0	0	0	0	1	0
PF06996.14	0	0	0	0	0	0	0	0	0	0	0	0	0	0	1
PF04187.16	0	0	0	0	0	0	0	0	0	0	0	1	0	0	0
PF20360.1	0	0	0	0	0	0	0	0	0	0	0	0	0	0	1
PF07596.14	0	0	0	0	0	0	0	0	1	0	0	0	0	0	1
PF20177.1	0	0	0	0	0	0	0	0	0	0	1	0	0	0	1
PF07372.15	0	0	0	0	0	0	0	0	1	0	0	0	0	0	0
PF08460.13	0	0	0	0	0	0	0	0	0	0	7	0	0	0	0
PF12385.11	0	0	0	0	0	0	1	0	3	0	1	0	0	0	0
PF01036.21	0	0	0	0	0	0	0	0	0	0	0	0	0	0	1
PF19350.2	0	0	0	0	0	0	0	0	0	0	0	0	0	1	0
PF06183.16	0	0	0	0	0	0	0	0	0	0	1	0	0	0	0
PF02358.19	0	0	0	0	0	0	0	0	0	0	0	1	0	0	0
PF11072.11	0	0	0	0	0	0	0	0	0	0	1	0	0	0	0
PF06877.14	0	0	0	0	0	1	0	0	0	0	0	0	0	0	0
PF03272.16	0	0	2	1	2	3	0	0	1	3	1	1	5	2	2
PF19630.2	0	0	0	0	0	0	0	0	0	0	1	0	0	0	0
PF14041.9	0	0	0	0	0	0	0	0	0	0	0	0	0	0	0
PF06634.15	0	0	0	0	0	0	0	0	0	0	0	0	0	1	0
PF13700.9	0	0	0	0	3	0	0	0	0	0	0	0	0	0	0
PF08877.13	0	0	1	0	0	0	0	0	0	0	0	0	0	0	0
PF00223.22	0	0	0	0	0	0	0	0	0	0	0	1	0	0	0
PF13559.9	0	0	0	0	0	0	0	0	0	0	0	0	0	0	1
PF13755.9	0	0	0	0	0	0	0	0	0	0	0	0	0	1	0
PF13756.9	0	0	0	0	0	0	0	0	0	0	0	0	0	1	0
PF08477.16	0	0	0	0	0	0	0	0	1	0	0	1	0	0	0
PF16095.8	0	0	0	0	0	0	0	0	1	0	0	1	0	0	0
PF04945.16	0	0	0	0	0	0	0	0	2	0	0	0	0	0	0
PF19335.2	0	0	0	0	0	0	0	0	1	0	0	0	0	0	0
PF03924.16	0	0	0	0	0	0	0	0	0	0	0	1	0	0	0
PF03693.17	0	0	0	0	0	0	0	0	2	0	0	0	0	1	0
PF01477.26	0	0	0	0	0	0	0	1	0	0	0	0	0	0	0
PF14715.9	0	0	0	0	0	0	0	0	0	0	0	1	0	0	0
PF07723.16	0	0	0	0	0	0	0	0	0	0	0	0	0	0	0
PF01169.22	0	0	0	0	0	0	0	0	0	0	0	2	0	0	0
PF02543.18	0	0	0	0	0	0	0	0	0	0	1	0	0	0	0
PF16861.8	0	0	0	0	0	0	0	0	0	0	1	0	0	0	0
PF05876.15	0	0	1	0	0	0	0	3	8	3	8	14	0	4	2
PF20454.1	0	0	1	0	0	0	0	3	8	3	8	14	0	4	2
PF20342.1	0	0	0	0	0	0	0	0	0	0	0	1	0	0	0
PF03744.16	0	0	0	0	0	0	0	2	0	0	1	0	0	0	0
PF09950.12	0	0	0	0	0	0	0	0	1	0	0	1	0	0	1
PF16208.8	0	2	0	1	0	1	0	1	1	0	0	0	0	0	0
PF00038.24	0	2	0	1	0	1	0	1	1	0	0	0	0	0	0
PF06866.14	0	0	0	0	0	0	0	0	0	0	0	0	0	0	0
PF18216.4	2	0	0	0	0	0	0	0	0	0	1	0	0	0	0
PF09569.13	0	0	0	0	0	0	0	0	0	0	0	1	0	0	0
PF01337.21	0	0	0	0	0	0	0	0	0	0	0	1	0	0	0
PF19786.2	3	0	0	0	0	0	2	1	3	2	0	0	0	0	0
PF16280.8	0	0	0	0	0	0	0	1	0	1	0	0	0	0	0
PF17924.4	0	0	0	0	0	0	0	0	0	0	0	1	0	0	0
PF09979.12	1	0	0	0	0	0	0	0	1	0	1	6	0	0	1
PF03994.17	0	0	0	0	0	0	0	0	0	2	0	0	2	0	0
PF13785.9	0	1	0	0	0	0	0	0	0	1	0	0	0	1	0
PF05342.17	0	0	0	0	0	0	0	0	0	1	0	0	2	0	0
PF09956.12	0	0	0	0	0	0	0	0	0	0	0	2	0	0	0
PF05008.18	0	0	0	0	0	0	1	0	0	2	0	0	2	0	0
PF18061.4	0	0	0	0	0	0	1	0	0	3	1	0	1	0	0
PF18070.4	0	0	0	0	0	0	1	0	0	3	1	0	1	0	0
PF16813.8	0	0	0	0	0	0	0	0	0	0	0	0	0	0	0
PF17994.4	0	0	0	0	0	0	0	0	0	0	0	1	1	0	0
PF18860.4	0	0	0	0	0	0	0	0	0	1	0	0	0	0	0
PF02210.27	0	0	0	0	0	0	2	1	1	13	0	0	7	0	0
PF12654.10	0	0	0	0	0	0	0	0	0	4	0	1	0	0	0
PF10133.12	1	0	0	0	0	0	0	0	0	2	0	0	0	0	0
PF09077.14	0	0	0	0	0	0	0	0	0	0	0	0	1	0	0
PF12788.10	0	0	0	0	0	0	0	0	0	0	0	0	0	0	0
PF10050.12	0	0	0	1	0	0	0	0	0	0	0	0	2	0	1
PF02958.23	0	0	0	0	0	0	0	0	0	0	0	0	0	0	3
PF12939.10	0	0	0	0	0	0	0	0	0	0	0	0	0	0	1
PF18159.4	0	0	0	0	0	0	0	0	0	0	0	0	1	0	0
PF15644.9	0	0	0	0	0	0	0	1	1	0	0	0	0	1	0
PF14305.9	0	0	0	0	0	0	0	0	0	0	0	0	2	0	1
PF10706.12	1	0	0	0	0	0	0	0	1	0	0	0	0	1	0
PF02556.17	0	0	0	0	0	0	0	0	0	0	0	0	1	0	0
PF20572.1	0	0	0	0	0	0	0	0	1	1	1	0	0	0	0
PF08780.14	0	0	0	0	0	0	0	0	0	0	0	0	1	0	1
PF08937.14	0	0	0	1	0	0	1	0	0	0	0	0	0	0	0
PF09157.14	0	0	0	0	0	0	0	0	0	0	0	0	3	0	0
PF14031.9	0	0	0	0	0	0	0	0	0	0	0	0	2	0	0
PF20385.1	0	0	0	0	0	0	0	0	0	2	1	0	0	0	0
PF13523.9	0	0	0	0	0	0	0	0	0	0	0	0	5	0	0
PF03200.19	0	0	0	0	0	0	0	1	0	0	1	1	0	0	0
PF00788.26	0	0	0	0	0	0	0	0	0	0	0	0	0	1	0
PF03479.18	0	0	0	0	0	0	22	0	0	0	0	0	0	0	0
PF14411.9	0	0	0	0	0	0	0	0	0	0	0	0	2	2	1
PF14583.9	0	0	0	0	0	0	0	1	0	2	0	0	2	9	0
PF02892.18	0	0	0	0	0	0	1	0	0	0	0	0	0	1	0
PF14335.9	0	0	0	0	0	0	0	0	0	0	0	3	0	1	1
PF20197.1	0	0	0	0	0	0	0	2	0	1	0	2	0	0	1
PF04029.17	0	0	0	0	0	0	0	0	0	0	0	1	0	1	0
PF16912.8	0	0	0	0	0	0	0	0	0	0	0	1	1	1	1
PF10633.12	0	0	0	0	0	0	2	6	0	2	0	4	0	2	2
PF11518.11	0	0	0	0	0	0	1	1	0	0	4	1	17	8	5
PF20076.2	0	0	0	0	0	0	0	0	0	0	0	0	0	0	1
PF05732.14	0	0	0	0	0	0	0	0	0	0	0	0	0	0	1
PF20591.1	0	0	0	0	0	0	0	1	0	0	1	1	0	2	1
PF12358.11	0	0	0	0	0	0	0	0	0	0	0	0	0	1	1
PF18740.4	0	0	0	0	0	0	0	0	0	0	0	0	0	1	1
PF15711.8	0	0	0	0	0	0	0	1	0	0	0	0	0	0	0
PF09505.13	0	0	0	0	0	0	0	0	0	0	0	0	1	0	0
PF04361.16	0	0	0	0	0	0	0	0	0	0	0	2	0	0	0
PF11383.11	0	0	0	0	0	0	0	0	0	0	0	0	0	0	0
PF09215.13	0	0	0	0	0	0	0	0	0	0	0	1	0	0	0
PF10488.12	0	0	0	0	0	0	0	0	0	0	0	0	0	0	0
PF01779.20	1	2	1	0	0	0	0	0	0	0	1	0	0	0	0
PF17489.5	0	0	0	0	0	0	0	0	0	0	0	0	0	0	0
PF02994.17	0	0	0	0	0	0	0	0	0	0	0	0	0	0	0
PF17490.5	0	0	0	0	0	0	0	0	0	0	0	0	0	0	0
PF14135.9	0	0	0	0	0	0	0	0	0	0	0	0	0	0	1
PF12693.10	0	0	0	0	0	0	0	0	0	0	0	0	0	1	0
PF12792.10	0	0	0	0	0	0	0	0	1	0	0	0	0	0	0
PF05572.16	0	0	0	0	0	0	0	0	0	0	0	0	0	0	1
PF09367.13	0	0	0	0	0	0	0	0	0	0	1	0	0	0	1
PF08869.14	0	0	0	0	0	0	0	0	0	0	0	0	0	0	0
PF05275.14	0	0	0	0	0	0	0	0	1	0	0	0	0	0	0
PF06045.14	0	0	0	0	0	0	0	0	0	0	0	0	0	1	0
PF14686.9	0	0	0	0	0	0	0	0	0	0	0	0	0	1	0
PF14683.9	0	0	0	0	0	0	0	0	0	0	0	0	0	1	0
PF14347.9	0	0	0	0	0	0	0	0	0	0	0	1	0	0	0
PF02128.18	0	0	0	0	0	0	0	0	0	0	0	0	0	0	0
PF13717.9	0	0	0	0	0	0	0	0	1	0	0	0	0	0	0
PF07704.14	0	0	0	0	0	0	0	0	0	0	0	0	0	0	1
PF08823.14	0	0	0	0	0	0	0	0	0	0	0	0	0	0	0
PF20581.1	0	0	0	0	0	0	0	0	0	0	0	0	0	1	0
PF20580.1	0	0	0	0	0	0	0	0	0	0	0	0	0	1	0
PF20181.1	0	0	0	0	0	0	0	0	0	0	1	1	0	0	0
PF03707.19	0	0	0	0	0	0	0	0	0	0	3	0	0	0	0
PF13619.9	0	0	0	0	0	0	0	0	0	0	1	0	0	0	0
PF07310.16	0	0	0	0	0	0	0	0	0	0	1	0	0	0	0
PF06791.16	0	0	0	0	0	0	0	0	0	0	1	0	0	0	0
PF09718.13	0	0	0	0	0	0	0	0	0	0	1	0	0	0	0
PF13398.9	0	0	0	0	0	0	0	0	1	1	3	1	16	0	1
PF16938.8	0	0	0	0	0	0	0	1	0	0	1	1	0	0	0
PF13910.9	0	0	0	0	0	0	0	2	0	0	0	2	0	0	0
PF19880.2	0	0	1	0	0	0	0	5	4	1	0	9	0	3	0
PF11753.11	0	0	0	0	0	0	0	1	0	0	0	0	0	0	0
PF04655.17	0	0	0	0	0	0	2	0	3	0	4	2	0	0	0
PF08792.13	0	0	0	0	0	0	1	0	0	0	0	0	0	0	0
PF14470.9	0	0	0	0	0	0	0	0	2	0	0	0	0	0	0
PF11114.11	0	0	0	0	0	0	0	0	0	0	1	0	0	1	0
PF00652.25	0	0	0	0	0	0	0	0	1	0	0	0	0	0	0
PF08909.14	0	0	2	0	0	0	1	0	0	0	0	0	0	0	0
PF00165.26	0	0	0	0	0	0	0	0	2	0	0	0	0	0	0
PF08950.13	0	0	0	0	0	0	0	0	1	0	0	0	0	0	0
PF14436.9	0	0	2	0	0	2	0	0	1	0	0	3	0	4	1
PF13637.9	0	0	1	0	0	1	3	0	2	0	0	0	0	0	0
PF13038.9	0	0	0	0	0	0	1	0	0	0	0	0	0	0	0
PF14412.9	0	0	0	0	0	0	0	0	0	0	1	0	0	0	0
PF20202.1	0	1	0	0	0	0	0	0	4	0	0	0	0	0	0
PF06777.14	0	0	1	0	0	0	3	0	2	0	0	0	0	0	0
PF18259.4	0	0	0	0	0	3	42	3	9	0	0	0	0	0	0
PF02089.18	0	0	0	0	0	0	1	0	0	0	0	0	0	0	0
PF16949.8	0	0	0	0	0	0	0	0	2	0	0	0	0	0	0
PF14454.9	0	0	0	0	0	0	0	0	0	0	1	2	3	3	2
PF10902.11	0	0	0	0	0	0	0	0	0	1	0	3	0	1	1
PF20338.1	0	0	0	0	0	0	0	0	0	1	0	2	0	3	1
PF05069.16	0	0	0	0	0	0	0	0	1	1	4	4	0	5	2
PF10043.12	0	0	0	0	0	0	0	0	0	1	1	0	3	1	0
PF07071.14	0	0	0	0	0	0	0	0	0	0	0	0	0	0	1
PF05035.15	0	0	0	0	0	0	1	0	0	0	0	0	0	0	0
PF06277.14	0	1	0	0	1	0	0	0	0	0	0	0	0	1	0
PF10364.12	0	0	0	0	0	0	0	0	0	0	0	1	0	0	0
PF14435.9	0	0	0	0	0	0	0	0	0	0	0	0	0	0	0
PF10054.12	0	0	0	1	0	0	0	0	0	1	0	0	0	0	0
PF09922.12	0	0	0	0	0	0	0	0	0	0	0	0	0	1	0
PF19266.2	0	0	0	0	0	0	0	0	0	0	0	0	0	0	0
PF15657.9	0	0	0	0	0	0	0	0	0	0	0	0	0	0	0
PF04255.17	0	0	0	0	0	0	0	0	0	0	0	0	1	0	0
PF18480.4	0	0	0	0	0	0	0	0	0	0	0	0	0	0	0
PF10140.12	0	0	0	0	0	0	0	0	0	0	0	0	0	0	0
PF04485.15	0	0	0	0	0	0	0	0	0	0	1	0	0	0	0
PF05597.14	0	0	0	0	0	0	0	1	0	0	0	0	0	0	0
PF20000.2	0	0	0	0	0	0	0	0	0	0	0	0	0	1	0
PF01804.21	0	0	0	0	0	0	0	0	0	0	0	0	0	1	0
PF11190.11	0	0	0	0	0	0	0	0	0	0	0	1	0	0	0
PF09614.13	0	0	0	0	0	0	0	0	0	0	1	0	0	0	0
PF18834.4	0	0	0	0	0	0	0	0	0	0	0	0	0	0	1
PF18838.4	0	0	0	0	0	0	0	0	0	0	0	0	0	0	1
PF13927.9	0	0	0	0	0	0	0	0	0	0	0	0	0	2	0
PF06037.14	0	0	0	0	0	0	0	0	0	0	1	0	0	0	0
PF11721.11	0	0	0	0	0	0	0	0	0	0	0	2	0	0	2
PF16751.8	0	0	0	0	0	0	0	0	0	0	0	0	0	0	1
PF14790.9	0	0	0	0	0	0	0	0	0	0	0	1	0	0	0
PF14789.9	0	0	0	0	0	0	0	0	0	0	0	1	0	0	0
PF13441.9	0	0	0	0	0	0	0	0	0	0	0	0	0	2	0
PF18331.4	0	0	0	0	0	0	0	0	0	0	0	0	0	1	0
PF09093.14	0	0	0	0	0	0	0	0	1	0	0	0	0	0	1
PF18612.4	0	0	0	1	0	0	0	0	0	0	0	0	0	0	0
PF01764.28	0	0	0	0	0	0	0	0	0	1	0	0	0	0	0
PF02697.17	0	0	0	0	0	0	0	0	0	0	0	0	0	0	1
PF14251.9	0	0	0	0	0	0	0	0	0	0	0	0	0	1	0
PF14791.9	0	0	0	0	0	0	0	0	1	0	0	0	0	0	0
PF09472.13	0	0	0	0	0	0	0	0	0	0	0	1	0	0	0
PF01028.23	0	0	0	0	0	0	0	1	0	0	0	0	0	0	0
PF13030.9	0	0	0	0	0	0	0	1	0	0	0	0	0	0	0
PF20248.1	0	0	0	0	0	0	0	0	0	0	0	2	0	0	1
PF06226.16	0	0	0	0	0	0	0	1	0	0	0	0	0	0	0
PF04303.16	0	0	0	0	0	0	0	0	0	0	0	1	0	0	0
PF00352.24	0	0	0	0	0	0	0	0	0	0	2	0	0	0	0
PF08946.13	0	0	0	0	0	0	0	0	0	0	0	0	0	0	0
PF11868.11	0	0	0	0	0	0	0	0	1	0	0	0	0	0	0
PF08858.13	0	0	0	0	0	0	0	0	0	0	0	0	0	0	1
PF06693.14	0	0	0	0	0	0	0	0	0	0	0	0	0	1	0
PF17805.4	0	0	0	0	0	0	0	0	0	0	0	0	1	0	0
PF13430.9	0	0	0	0	0	0	0	0	0	0	0	0	0	0	0
PF07285.14	0	0	0	0	0	0	0	0	1	0	0	0	0	0	0
PF19277.2	0	0	0	0	0	0	0	0	0	0	0	1	0	0	0
PF05990.15	0	0	0	0	0	0	0	0	0	0	0	0	0	0	0
PF19858.2	0	0	0	0	0	0	0	0	0	0	0	1	0	0	0
PF09537.13	0	0	0	0	0	0	0	0	1	0	0	0	0	0	0
PF17159.7	0	0	0	0	0	0	0	0	0	0	0	0	0	0	1
PF12769.10	0	0	0	0	0	0	0	0	0	0	0	0	0	1	0
PF05228.16	0	0	0	0	0	0	0	0	0	0	0	0	0	0	0
PF11141.11	0	0	0	0	0	0	0	1	0	0	0	0	0	0	0
PF18953.3	0	0	0	0	0	0	0	0	0	0	0	0	0	0	0
PF20026.2	0	0	0	0	0	0	0	0	0	0	0	0	0	0	0
PF09347.13	0	0	0	0	0	0	0	1	0	0	0	0	0	0	0
PF04577.17	0	0	0	0	0	0	0	0	1	0	0	0	0	0	0
PF08753.14	0	0	0	0	0	0	0	0	0	0	0	0	0	1	0
PF11117.11	0	0	0	0	0	0	0	0	0	0	0	0	0	1	0
PF02469.25	0	0	0	0	0	0	0	0	0	0	0	2	0	0	0
PF00024.29	0	0	0	0	0	0	0	0	0	0	0	1	0	0	0
PF16074.8	0	0	0	0	1	0	0	0	0	0	0	0	0	0	0
PF04010.16	0	0	0	0	0	0	0	0	0	0	0	0	0	0	0
PF09577.13	0	0	0	0	0	0	0	0	1	0	0	0	0	0	0
PF06684.14	0	0	0	0	0	0	0	0	0	0	0	0	0	0	0
PF18961.3	0	0	0	0	0	0	0	1	0	0	0	0	0	0	0
PF20374.1	0	0	0	0	0	0	0	0	0	0	0	1	0	0	0
PF18352.4	0	0	0	0	0	0	0	0	0	0	0	0	0	0	1
PF11863.11	0	0	0	0	0	0	0	0	0	0	0	1	0	0	0
PF13208.9	0	0	0	0	0	0	0	0	0	0	0	0	0	0	0
PF15615.9	0	0	0	0	0	0	0	0	0	0	0	0	0	0	0
PF19587.2	0	0	0	0	0	0	0	0	0	0	0	1	0	0	0
PF12206.11	0	0	0	0	0	0	0	0	0	0	0	0	0	0	0
PF14550.9	0	0	0	0	0	1	0	0	0	0	0	1	0	1	0
PF19474.2	0	0	0	0	0	0	0	0	0	0	0	0	0	0	1
PF06319.15	0	0	0	0	0	0	0	0	0	0	1	0	0	0	0
PF11417.11	0	0	0	0	0	1	0	0	0	1	1	0	0	0	1
PF20586.1	0	0	0	0	0	0	0	0	0	2	0	0	0	0	0
PF16334.8	0	0	0	0	0	0	0	0	0	0	1	1	0	0	0
PF17168.7	0	0	0	0	0	0	0	0	0	0	1	1	0	0	0
PF16335.8	0	0	0	0	0	0	0	0	0	0	1	1	0	0	0
PF08760.14	0	0	0	0	0	0	0	0	0	0	1	1	0	0	0
PF05893.17	0	0	0	0	0	0	0	0	0	0	1	0	0	0	0
PF19629.2	0	0	0	0	0	0	0	1	0	0	0	0	0	0	0
PF12102.11	0	0	0	0	0	0	0	0	0	0	0	2	0	0	0
PF14239.9	0	0	0	0	0	0	0	0	1	0	0	0	1	0	0
PF10343.12	0	0	0	0	0	0	0	0	0	0	0	1	0	0	0
PF03659.17	0	0	0	0	0	0	0	0	0	0	0	0	0	1	0
PF09900.12	0	0	0	0	0	0	0	0	0	0	1	0	0	0	0
PF16126.8	0	0	0	0	0	0	0	0	0	0	0	0	0	1	0
PF07553.14	0	0	0	0	0	0	0	0	0	0	3	0	0	0	0
PF16760.8	0	0	0	0	0	0	0	0	0	0	0	0	0	0	0
PF13011.9	0	0	0	0	0	0	0	0	0	0	0	0	0	0	0
PF18640.4	0	0	0	0	0	0	0	0	0	0	0	0	0	0	1
PF12367.11	0	0	0	0	0	0	0	0	0	0	0	0	0	0	1
PF14008.9	0	0	0	0	0	0	0	0	0	0	0	0	0	0	1
PF09698.13	0	0	0	0	0	0	0	0	0	0	0	1	0	0	0
PF09217.13	0	0	0	0	0	0	0	0	0	0	0	0	0	0	0
PF09019.14	0	0	0	0	0	0	0	0	0	0	0	0	0	0	0
PF12128.11	0	0	0	0	0	0	0	0	0	0	1	0	0	0	0
PF20510.1	0	0	0	0	0	0	0	0	0	0	1	0	0	0	0
PF04209.16	0	0	0	0	0	0	0	0	0	0	1	0	0	0	0
PF11874.11	1	0	0	0	0	0	0	0	0	0	0	0	0	0	0
PF17660.4	0	0	0	0	0	0	0	0	0	0	0	0	0	5	0
PF09945.12	0	0	0	0	0	0	0	0	0	0	0	1	0	0	0
PF08712.14	0	0	0	0	0	0	0	0	0	0	2	0	0	0	0
PF03232.16	0	0	0	0	0	0	0	0	0	0	0	2	0	0	0
PF18291.4	0	0	0	0	0	0	0	0	0	1	0	0	0	0	0
PF14066.9	0	0	0	0	0	0	0	0	1	0	0	0	0	0	0
PF06199.14	0	0	0	0	0	0	0	0	1	0	0	0	0	0	0
PF09832.12	0	0	0	0	0	0	0	0	0	0	0	0	0	0	0
