FeatureID	cFA13a	cFA13b	cFA17a	cFA17b	cFA21a	cFA21b	cFT13a	cFT13b	cFT17a	cFT17b	cFT21a	cFT21b
PF08455.13	2	4	0	1	0	0	1	1	2	1	10	2
PF00176.26	3	7	2	2	0	0	2	1	3	5	13	2
PF00271.34	29	35	27	40	46	45	24	30	32	60	36	18
PF01565.26	7	7	5	6	5	2	6	4	2	10	4	1
PF04030.17	0	0	0	0	0	0	0	0	0	0	0	0
PF08447.15	7	11	10	16	1	3	12	24	26	30	18	5
PF00015.24	78	137	70	116	26	27	74	95	94	287	207	49
PF08448.13	5	7	9	15	2	3	7	19	22	23	14	5
PF00512.28	67	127	57	96	49	63	60	84	104	210	109	44
PF02518.29	112	190	87	171	112	114	119	162	192	384	235	71
PF01025.22	7	3	2	6	9	5	0	3	4	5	2	0
PF00012.23	54	76	37	74	70	105	17	101	55	67	86	23
PF06100.14	0	2	0	1	1	1	0	0	0	0	1	1
PF00359.25	9	7	3	6	3	6	0	2	1	3	10	3
PF02302.20	6	12	9	36	35	54	1	3	0	13	12	7
PF02378.21	11	34	22	76	28	94	17	25	15	66	45	16
PF04167.16	0	0	0	0	2	1	0	1	0	1	0	0
PF00521.23	8	11	20	18	30	32	8	15	7	23	7	6
PF03989.16	38	46	106	92	156	148	25	76	30	121	42	20
PF01544.21	0	1	0	0	0	1	0	1	0	1	0	1
PF00471.23	3	0	3	3	4	3	0	3	3	4	6	1
PF00122.23	15	17	11	27	14	19	6	11	8	27	16	7
PF00702.29	15	16	11	27	13	16	6	11	9	26	18	7
PF10543.12	0	1	0	0	0	2	0	0	0	0	2	1
PF10552.12	0	0	0	0	0	0	0	0	0	0	0	0
PF00692.22	0	0	0	2	2	2	1	2	2	1	3	1
PF06605.14	0	0	0	0	1	0	0	0	0	0	1	1
PF18013.4	2	1	0	8	4	6	3	1	0	0	0	0
PF01551.25	9	9	5	21	15	11	7	12	12	26	14	6
PF01521.23	0	0	0	0	1	0	0	0	0	0	0	0
PF08282.15	1	16	12	23	20	25	3	3	5	12	6	2
PF01219.22	0	1	1	2	0	1	0	0	0	0	0	0
PF00654.23	0	1	1	2	3	5	1	2	1	3	0	0
PF17767.4	3	8	3	4	2	4	1	1	1	8	0	0
PF04095.19	3	8	3	4	2	4	1	1	1	8	0	0
PF17956.4	3	8	3	4	1	4	1	1	1	8	0	0
PF00583.28	6	10	11	9	6	4	4	9	6	14	12	8
PF00005.30	247	328	192	471	307	405	231	384	289	948	600	169
PF02687.24	84	135	103	96	55	90	44	63	19	75	100	43
PF12704.10	9	16	9	13	10	10	13	10	5	15	24	3
PF08245.15	6	14	12	22	18	22	5	11	12	16	15	2
PF08353.13	1	2	1	2	1	2	0	1	0	0	1	1
PF13328.9	3	10	3	20	16	14	3	7	5	16	14	1
PF04607.20	7	15	8	27	16	18	10	10	8	44	30	4
PF02824.24	5	11	6	28	25	23	5	9	7	29	19	3
PF19296.2	1	8	2	13	11	8	3	6	4	12	11	1
PF13291.9	1	9	3	19	15	14	3	6	4	15	13	1
PF13460.9	0	0	0	0	1	0	0	0	1	0	0	0
PF13520.9	2	2	2	1	1	1	1	2	1	0	1	0
PF00580.24	7	15	6	10	9	7	10	1	6	16	12	2
PF13361.9	10	20	8	10	9	8	11	3	6	17	14	2
PF00890.27	10	18	6	21	18	41	7	14	11	27	21	9
PF00056.26	3	13	14	35	13	45	5	7	4	14	6	3
PF02866.21	3	13	14	35	13	45	5	7	4	14	6	3
PF00478.28	16	19	16	19	16	21	4	8	9	17	10	6
PF00588.22	6	7	1	5	5	8	1	2	2	6	3	0
PF01288.23	1	0	0	0	1	1	0	1	0	0	0	0
PF01227.25	0	1	0	0	1	1	0	0	0	1	2	0
PF00528.25	53	63	53	81	56	86	41	66	47	264	124	38
PF01594.19	1	5	4	4	7	2	0	1	1	10	7	1
PF02776.21	6	15	4	12	7	13	3	6	1	22	9	3
PF00205.25	6	14	4	11	7	13	3	6	1	18	8	3
PF02775.24	120	209	126	233	158	281	66	138	79	357	228	80
PF07517.17	11	23	8	25	12	19	7	16	14	35	14	3
PF01043.23	11	23	6	25	12	19	7	15	14	33	13	3
PF07516.16	11	23	8	25	12	19	7	15	14	37	14	3
PF02810.18	14	23	7	23	18	15	7	17	16	41	16	5
PF00665.29	8	9	8	15	10	13	1	13	9	19	8	3
PF13333.9	2	0	3	5	3	3	1	3	6	8	1	3
PF00872.21	7	12	6	20	7	12	3	3	7	8	1	0
PF05524.16	9	25	12	54	11	33	24	23	19	66	36	12
PF00391.26	127	181	122	280	179	300	110	176	160	489	314	95
PF02896.21	128	182	123	277	177	293	110	176	160	490	314	93
PF00977.24	0	3	1	1	2	3	5	4	2	4	5	2
PF00180.23	4	9	3	10	5	14	4	4	2	11	12	1
PF00330.23	10	6	10	9	12	9	8	8	8	17	9	2
PF01195.22	1	0	0	0	0	0	0	0	2	0	0	0
PF01751.25	14	35	9	36	28	34	8	15	19	36	19	9
PF01131.23	5	16	4	25	7	15	3	7	14	17	9	5
PF01396.22	5	12	3	11	0	3	0	0	12	6	6	2
PF13495.9	0	1	2	1	1	0	1	1	0	7	1	0
PF00589.25	37	58	74	72	50	33	30	86	39	140	96	31
PF07690.19	7	10	10	12	16	16	6	5	14	21	7	5
PF00664.26	9	15	7	19	9	16	6	8	17	27	16	6
PF04079.19	0	2	0	1	1	1	1	0	0	0	0	0
PF12850.10	2	3	2	3	1	3	1	1	2	3	4	0
PF14691.9	13	24	11	11	12	20	10	27	17	41	16	11
PF07992.17	62	93	56	73	75	73	32	73	60	125	78	33
PF00310.24	1	3	0	1	2	0	0	1	1	3	0	1
PF04898.17	1	3	0	0	1	0	0	1	1	1	0	1
PF01645.20	1	3	0	0	1	0	0	3	3	5	3	1
PF01493.22	1	3	0	1	1	0	0	3	1	2	0	1
PF00282.22	0	0	0	0	0	0	0	0	0	0	0	0
PF13508.10	2	1	0	1	0	2	1	2	1	5	2	0
PF01321.21	14	11	6	8	6	12	4	3	8	25	4	3
PF03960.18	1	11	5	17	6	19	1	1	1	2	0	0
PF17757.4	3	5	8	8	11	10	3	8	6	8	5	5
PF02559.19	3	2	3	3	6	6	4	5	3	9	6	3
PF00270.32	15	21	12	22	35	37	13	10	17	31	10	8
PF03461.18	2	1	3	3	5	5	2	3	1	3	2	2
PF05833.14	1	3	1	2	0	0	1	5	1	1	2	0
PF05670.16	1	3	1	2	0	0	1	5	1	1	2	0
PF02653.19	14	27	10	26	6	29	19	18	13	81	53	19
PF00224.24	4	14	15	16	19	32	3	6	1	10	10	3
PF02887.19	4	13	15	16	18	22	3	6	1	9	10	3
PF01210.26	1	4	2	3	3	4	2	1	1	2	0	0
PF07479.17	1	4	2	3	3	4	2	1	1	2	0	0
PF20618.1	1	4	2	3	3	4	2	1	1	2	0	0
PF00483.26	68	146	74	157	97	126	72	125	58	375	241	66
PF00348.20	8	2	10	7	11	10	3	1	3	12	3	4
PF01180.24	2	4	4	4	1	7	0	2	1	3	2	1
PF13421.9	4	4	1	1	0	0	3	1	2	4	6	3
PF00849.25	3	5	3	5	11	11	2	3	2	12	4	2
PF00690.29	10	10	8	9	9	9	3	8	5	21	9	2
PF00689.24	10	10	8	9	9	9	3	8	5	21	9	2
PF06736.14	0	0	0	0	0	0	0	0	0	0	0	0
PF05382.16	0	0	0	0	0	0	0	0	0	0	0	0
PF05263.14	1	0	0	0	0	0	0	0	0	0	0	0
PF14657.9	1	4	3	5	0	2	1	1	0	4	0	0
PF14659.9	4	9	7	9	7	7	7	7	0	7	10	6
PF06146.15	0	0	0	0	0	1	0	0	0	0	0	0
PF00392.24	11	19	14	22	9	22	14	12	10	23	17	4
PF02080.24	5	9	3	6	24	13	4	1	9	29	18	2
PF00367.23	7	17	12	46	14	22	14	22	13	29	30	9
PF00358.23	1	8	9	22	14	21	0	1	1	4	16	4
PF01047.25	3	1	0	1	1	2	0	1	1	2	0	0
PF00881.27	1	7	4	6	11	10	0	4	5	11	5	1
PF00106.28	5	8	3	4	1	2	1	2	4	2	7	3
PF13292.9	6	2	3	10	0	3	3	4	4	4	4	0
PF02779.27	12	22	13	22	16	23	11	15	9	28	12	1
PF02780.23	11	22	13	21	15	23	11	15	8	28	12	1
PF01554.21	24	30	8	33	14	31	7	24	28	39	36	8
PF01261.27	12	12	2	10	6	9	4	4	4	10	13	3
PF01479.28	32	32	20	44	37	40	25	26	40	84	53	12
PF02861.23	16	34	12	18	42	52	12	16	24	44	28	12
PF00004.32	40	110	44	63	67	86	23	31	54	70	44	14
PF17871.4	22	73	31	30	36	51	8	14	15	29	18	9
PF07724.17	30	89	36	39	46	60	14	26	32	59	39	15
PF10431.12	29	86	36	39	45	58	13	24	30	54	37	15
PF01370.24	3	13	3	7	4	2	3	5	0	13	7	2
PF13522.9	2	8	4	5	5	3	6	3	5	8	2	2
PF00156.30	6	10	11	19	17	19	10	7	9	25	16	2
PF18072.4	9	24	8	24	39	32	20	13	17	36	9	6
PF00586.27	6	10	9	7	5	10	2	6	4	11	8	2
PF02769.25	15	36	17	31	62	61	22	19	25	48	17	8
PF13507.9	9	27	8	24	39	33	20	13	20	36	9	6
PF01259.21	1	3	3	1	4	5	2	2	1	8	4	2
PF00128.27	46	69	25	91	49	71	36	51	55	114	61	26
PF02806.21	14	33	12	30	30	46	17	19	21	51	31	13
PF08240.15	17	15	11	20	9	6	6	25	9	35	14	7
PF00107.29	17	15	11	20	9	6	6	25	10	36	14	7
PF06541.14	4	0	2	3	1	0	4	4	1	5	4	2
PF02922.21	20	37	14	39	32	47	20	24	27	62	33	15
PF12848.10	11	7	3	15	18	22	2	4	6	26	13	4
PF16326.8	3	1	0	5	2	4	0	1	1	5	4	1
PF03577.18	0	4	0	4	6	11	0	2	0	2	1	0
PF11797.11	0	0	0	0	0	0	0	0	0	0	0	0
PF01018.25	3	5	1	1	2	5	3	2	4	7	3	0
PF01926.26	23	40	20	38	34	33	19	25	15	52	28	4
PF09269.14	3	4	1	1	1	2	3	1	3	6	3	0
PF00171.25	55	45	32	44	40	45	10	21	14	44	32	19
PF00696.31	3	21	16	16	18	21	8	18	11	27	17	4
PF02881.22	10	7	5	12	11	17	5	6	11	14	8	3
PF00448.25	10	7	6	12	11	17	7	9	11	18	12	4
PF02978.22	6	2	5	8	7	10	4	4	8	12	6	3
PF00753.30	23	35	27	53	21	32	21	26	17	54	47	16
PF07521.15	13	18	14	15	6	11	12	12	13	33	15	10
PF17770.4	9	9	9	9	5	9	4	6	6	16	5	4
PF01118.27	4	5	1	7	6	17	2	5	6	7	6	0
PF02774.21	4	5	1	5	4	7	2	5	5	5	5	0
PF01081.22	4	3	1	2	1	0	1	0	1	2	1	1
PF01263.23	4	5	2	14	1	5	4	3	8	18	7	2
PF13347.9	5	3	4	2	6	5	1	3	1	14	1	3
PF01232.26	1	6	1	1	1	0	1	2	0	4	4	2
PF08125.16	1	6	1	1	1	0	1	2	0	4	4	2
PF00356.24	6	9	6	14	5	9	5	3	5	12	4	8
PF13377.9	7	9	6	18	4	9	8	4	9	15	7	9
PF00206.23	6	14	12	16	10	11	6	9	7	18	21	2
PF10397.12	1	7	3	6	4	4	6	6	4	11	13	1
PF02926.20	4	5	2	6	3	1	3	4	5	11	8	2
PF01170.21	2	0	2	2	2	0	3	4	4	9	10	2
PF05103.16	0	0	0	1	0	0	0	1	0	0	1	0
PF08230.14	2	0	0	0	3	2	0	0	0	0	0	0
PF00155.24	20	28	21	37	25	33	15	14	23	47	39	6
PF01381.25	17	18	33	25	23	19	18	30	18	31	28	9
PF01209.21	0	0	0	0	4	2	0	0	0	2	2	0
PF06018.17	5	9	8	16	2	3	7	17	13	18	8	4
PF08222.14	5	9	8	16	2	3	7	17	13	18	8	4
PF12464.11	0	0	0	1	1	2	1	0	4	3	3	0
PF00132.27	14	19	14	27	21	38	14	35	13	83	41	6
PF02686.18	0	1	0	0	0	1	0	0	0	1	0	0
PF02903.17	4	0	0	5	2	0	1	3	3	8	5	2
PF07274.15	0	0	0	0	0	0	0	0	0	0	0	0
PF01425.24	0	2	2	5	2	5	0	0	0	1	0	1
PF01476.23	3	7	7	39	30	23	4	13	18	25	11	2
PF03610.19	6	14	12	23	10	25	5	4	13	8	4	1
PF03830.18	23	54	39	73	54	82	22	42	13	54	25	4
PF03609.17	28	63	33	110	54	90	28	58	13	107	59	18
PF03613.17	16	42	21	68	32	71	24	26	12	81	54	9
PF02934.18	0	4	2	2	2	3	1	0	0	3	0	0
PF02637.21	0	4	2	2	2	3	1	0	0	3	0	0
PF02403.25	4	4	3	15	4	14	5	7	7	20	4	1
PF00587.28	23	37	17	55	29	53	25	27	28	84	26	7
PF12849.10	1	0	2	1	6	6	0	2	0	2	0	0
PF01668.21	0	1	3	2	0	1	2	1	0	1	1	2
PF01411.22	8	9	9	12	20	19	3	12	24	23	9	5
PF07973.17	13	13	13	24	32	30	6	16	30	39	15	8
PF02272.22	16	19	15	19	37	30	13	14	37	35	20	6
PF13145.9	4	1	2	1	0	1	0	0	4	5	2	0
PF01596.20	1	1	0	3	1	2	0	0	0	0	0	1
PF08439.13	2	1	0	2	0	0	1	1	0	0	0	1
PF01432.23	3	9	5	12	18	11	3	6	4	7	3	1
PF06054.14	0	0	0	0	0	0	0	0	0	0	0	0
PF01027.23	4	6	4	3	1	2	0	2	1	3	0	0
PF01966.25	65	73	41	103	65	75	47	72	119	201	105	28
PF04892.15	1	0	0	2	0	0	1	0	1	6	5	0
PF01264.24	1	3	3	2	3	0	0	0	0	3	1	0
PF06335.15	0	0	0	0	0	0	0	0	0	0	0	0
PF04657.16	0	0	2	0	0	0	0	0	0	0	0	0
PF01761.23	3	4	0	4	1	2	2	1	0	2	4	0
PF09335.14	0	0	1	0	0	0	1	0	1	1	0	0
PF00497.23	5	7	4	4	5	14	4	4	5	8	1	3
PF02874.26	130	168	74	169	142	175	67	111	99	305	217	79
PF00006.28	134	180	80	185	149	184	71	122	111	316	226	79
PF00306.30	41	70	29	73	42	62	28	36	29	118	76	14
PF00213.21	4	10	6	9	7	17	6	6	10	40	24	9
PF00119.23	7	5	4	8	10	12	5	8	2	20	12	2
PF01694.25	0	1	2	2	2	1	0	0	1	5	1	0
PF01592.19	1	0	1	7	0	4	1	2	1	6	3	0
PF13527.10	1	3	4	2	2	2	0	3	1	6	1	0
PF17668.4	0	0	3	1	1	1	0	0	0	0	0	0
PF04997.15	42	66	30	56	67	79	29	34	56	102	60	16
PF00623.23	57	94	43	89	115	137	48	54	87	160	91	23
PF04983.21	42	65	31	56	68	80	30	35	58	102	61	17
PF05000.20	42	65	31	55	68	80	30	35	58	102	60	17
PF04998.20	46	67	32	58	71	81	30	37	58	106	61	17
PF19200.3	0	0	0	1	0	0	0	0	1	0	4	0
PF05913.14	0	0	0	1	0	0	0	0	1	0	4	0
PF04563.18	39	43	27	58	70	64	28	31	41	88	49	17
PF04561.17	70	71	47	82	135	103	55	57	76	167	93	32
PF04565.19	39	43	27	58	70	64	28	31	41	86	49	17
PF10385.12	39	43	27	58	70	64	28	31	41	86	49	17
PF00562.31	41	44	27	59	70	65	28	33	41	90	50	17
PF04560.23	41	43	27	59	69	65	27	31	40	89	50	17
PF05649.16	3	5	4	8	7	10	0	3	0	9	2	0
PF01431.24	3	5	4	8	7	10	0	3	0	9	2	0
PF01943.20	0	3	2	1	4	3	1	1	2	6	4	1
PF14667.9	0	4	2	1	4	4	1	1	1	4	4	1
PF01368.23	14	17	9	8	18	18	12	6	13	15	13	3
PF02833.17	6	7	3	1	1	7	2	3	0	2	2	2
PF01595.23	5	3	2	9	8	16	2	6	8	16	7	2
PF00571.31	55	60	35	72	77	105	17	38	37	75	44	18
PF03471.20	5	4	2	9	9	16	2	6	9	16	7	2
PF17760.4	3	3	3	3	11	3	2	4	5	11	4	6
PF17755.4	3	3	3	3	11	3	2	4	5	11	4	6
PF04263.19	1	0	0	1	1	1	0	0	1	2	1	0
PF04265.17	1	0	0	1	1	1	0	0	1	2	1	0
PF00582.29	0	3	1	4	4	10	1	1	1	3	2	0
PF19300.2	3	7	6	4	2	3	2	1	2	10	4	0
PF08352.15	13	18	13	28	19	40	20	13	15	21	13	8
PF01134.25	1	3	2	5	6	7	1	4	3	1	1	0
PF13932.9	1	3	2	4	5	6	1	4	3	1	1	0
PF01406.22	6	5	2	6	7	14	6	3	3	11	5	2
PF09190.14	6	5	2	5	7	14	6	3	2	11	4	2
PF01138.24	23	38	19	42	58	34	14	10	41	33	26	14
PF03725.18	15	28	14	31	52	31	12	9	28	22	17	8
PF03726.17	9	18	9	18	25	16	7	4	17	16	11	5
PF00013.32	68	72	40	96	79	67	32	60	99	134	69	26
PF00575.26	158	219	118	341	356	248	150	231	171	637	303	88
PF00009.30	413	529	338	639	534	691	255	378	372	1000	652	172
PF03144.28	398	492	305	581	463	567	235	372	342	954	620	164
PF03143.20	231	315	205	370	279	368	143	208	186	520	362	87
PF00133.25	35	31	21	34	55	64	16	25	28	64	32	18
PF08264.16	40	33	22	30	56	63	17	25	27	66	35	21
PF06827.17	1	6	2	1	4	3	2	1	0	0	1	0
PF00091.28	18	14	14	20	12	13	2	10	8	30	7	3
PF12327.11	18	14	14	21	12	13	2	10	8	30	7	3
PF00126.30	4	6	2	5	3	1	4	6	5	7	5	0
PF03466.23	5	5	1	4	3	1	4	7	5	7	5	0
PF04055.24	45	56	31	64	28	41	41	63	44	102	52	20
PF13394.9	3	6	1	7	4	3	1	2	2	7	3	1
PF01029.21	3	8	2	9	1	4	2	2	4	9	3	0
PF01189.20	4	4	1	6	2	1	3	2	4	9	2	0
PF04226.16	0	5	4	1	5	5	0	0	0	0	1	1
PF00551.22	5	6	8	7	8	22	6	1	6	9	8	5
PF02911.21	3	2	3	1	3	7	4	1	4	7	3	1
PF06983.16	0	0	0	0	0	0	0	0	0	1	1	0
PF12072.11	56	53	30	74	51	50	24	55	79	116	55	18
PF01182.23	6	15	11	38	21	44	22	11	9	65	38	5
PF00712.22	3	1	2	6	12	8	1	2	2	8	2	0
PF02767.19	3	1	2	6	12	8	1	1	2	8	2	0
PF02768.18	3	1	2	6	12	8	1	1	2	8	2	0
PF01116.23	45	81	33	87	63	114	39	65	38	142	87	22
PF03129.23	20	37	14	44	28	43	20	23	22	68	24	6
PF03477.19	15	18	14	30	18	21	18	15	21	37	24	7
PF14681.9	0	3	3	5	1	3	0	4	2	4	7	0
PF01053.23	3	1	1	5	5	1	7	0	2	7	5	1
PF02646.19	0	0	0	0	0	2	0	0	0	0	0	0
PF16745.8	0	2	2	1	2	3	1	0	3	1	0	1
PF03193.19	0	2	2	1	2	3	1	0	3	1	0	1
PF01588.23	12	18	13	17	15	32	8	6	13	25	13	7
PF03483.20	1	6	3	4	3	7	3	1	4	13	5	1
PF03484.18	1	6	3	4	3	7	3	1	4	13	5	1
PF17759.4	1	6	3	4	3	7	3	1	4	13	5	1
PF03147.17	1	6	3	4	3	7	3	1	4	13	5	1
PF02912.21	1	1	2	2	5	4	1	0	4	5	1	0
PF01409.23	1	1	2	2	5	4	1	0	4	5	1	0
PF02421.21	1	6	0	3	4	3	4	1	2	8	2	2
PF17910.4	1	4	0	3	4	2	4	1	2	8	2	2
PF07670.17	2	10	0	6	8	6	8	2	4	16	5	4
PF07664.15	1	6	0	3	4	3	4	1	2	8	2	2
PF00704.31	3	12	4	1	4	3	2	6	1	5	2	1
PF02839.17	0	0	0	0	0	0	0	0	0	0	0	0
PF03067.18	0	0	0	0	0	0	0	0	1	0	0	0
PF01872.20	2	2	3	6	1	4	0	1	2	2	0	1
PF01336.28	23	30	10	32	29	34	28	9	28	43	30	7
PF00152.23	19	31	10	30	26	31	25	8	27	39	27	6
PF02938.17	6	10	1	5	14	14	7	3	8	12	10	1
PF13393.9	1	7	3	6	3	8	2	3	4	10	3	1
PF13413.9	0	0	1	1	1	1	0	0	1	0	0	1
PF00675.23	7	10	10	12	14	15	14	6	10	16	8	3
PF05193.24	10	13	15	22	23	23	18	7	10	27	10	3
PF03780.16	2	0	5	4	4	6	3	4	7	14	7	5
PF16363.8	17	14	7	21	18	28	17	16	20	54	30	3
PF10509.12	3	8	5	11	12	39	6	6	5	9	10	3
PF00288.29	5	17	6	13	17	46	7	6	6	13	14	3
PF08544.16	3	11	5	11	15	36	7	5	5	13	13	3
PF01136.22	3	7	3	2	3	3	8	4	5	5	4	3
PF16325.8	1	2	2	1	1	0	2	1	2	2	3	2
PF00687.24	24	16	15	36	29	31	16	12	22	48	33	12
PF01765.22	7	11	6	16	13	19	4	7	4	11	5	4
PF00871.20	9	15	7	23	13	10	4	8	13	19	19	3
PF14492.9	167	188	113	220	220	280	93	158	150	430	259	81
PF00679.27	170	201	117	234	227	291	99	163	160	447	266	83
PF07242.14	0	0	0	0	0	0	0	0	0	0	0	0
PF04397.18	11	12	13	5	7	6	5	8	9	14	17	4
PF00480.23	8	17	13	22	22	36	8	7	6	14	12	1
PF00817.23	3	3	1	3	1	1	1	2	1	2	2	0
PF11798.11	0	0	0	0	0	0	0	0	0	0	0	0
PF11799.11	3	3	1	2	0	1	1	2	1	2	2	0
PF02729.24	5	8	5	8	16	10	4	6	2	10	7	2
PF00185.27	5	8	5	8	16	10	4	6	2	10	7	2
PF01316.24	0	1	0	1	1	3	0	1	0	2	1	1
PF02863.21	0	1	0	1	1	3	0	1	0	2	1	1
PF01225.28	1	7	6	8	9	13	1	4	4	5	9	0
PF02875.24	5	11	9	18	16	19	3	8	9	13	12	1
PF04321.20	2	3	0	2	5	4	2	1	2	8	6	2
PF00230.23	0	2	5	4	0	1	0	10	2	20	2	2
PF18073.4	1	1	0	3	1	2	0	6	0	5	1	1
PF13481.9	2	1	1	5	0	2	0	7	1	7	1	1
PF13541.9	2	1	0	3	1	3	0	6	0	8	2	1
PF01196.22	17	20	13	26	24	24	23	12	23	45	23	6
PF01193.27	35	31	22	48	53	61	19	27	44	67	34	21
PF01000.29	35	31	22	48	53	60	19	27	44	67	34	21
PF03118.18	35	31	22	48	53	60	19	28	45	67	34	21
PF00411.22	15	18	15	26	18	24	7	20	6	30	16	5
PF01176.22	3	5	2	2	2	5	0	2	2	6	1	0
PF13276.9	4	1	4	6	6	4	1	3	7	9	2	3
PF00406.25	11	9	5	8	6	8	1	0	5	12	11	1
PF05191.17	11	7	4	6	4	7	1	0	5	7	11	1
PF00828.22	18	17	14	20	23	23	10	12	30	30	21	8
PF00347.26	58	50	30	54	80	80	66	32	38	102	72	36
PF06480.18	5	13	4	8	8	7	3	4	10	11	7	1
PF17862.4	10	22	10	18	18	21	11	8	17	21	15	2
PF01434.21	11	23	10	18	19	22	12	10	18	26	17	2
PF07650.20	29	27	16	38	31	44	15	26	27	60	34	7
PF00189.23	26	21	13	31	29	41	13	20	26	52	30	6
PF00237.22	16	20	7	17	16	18	5	14	18	35	24	4
PF00573.25	23	22	10	27	24	25	10	24	18	51	19	5
PF14821.9	4	6	1	3	1	3	0	3	3	4	4	0
PF00291.28	11	13	5	16	12	13	0	6	6	15	9	2
PF04239.15	0	0	0	2	0	0	0	0	0	0	0	0
PF01243.23	0	0	0	1	1	1	2	0	0	0	1	0
PF14480.9	1	3	1	6	2	4	2	1	6	11	13	1
PF11490.11	1	0	1	2	1	3	1	1	2	5	2	0
PF02811.22	9	16	9	21	12	19	6	12	15	34	30	7
PF00929.27	1	7	1	10	7	8	4	2	9	19	15	4
PF07733.15	6	11	4	20	14	19	7	8	17	35	32	8
PF17657.4	6	9	4	15	11	14	4	7	12	24	22	5
PF14579.9	6	9	4	14	11	13	4	7	11	24	22	5
PF02852.25	6	8	8	13	9	10	3	10	9	20	15	3
PF04073.18	2	3	0	3	0	4	2	2	4	2	0	0
PF02163.25	8	12	7	16	13	6	13	9	7	24	16	0
PF17820.4	2	4	3	10	8	2	5	3	4	16	9	2
PF02739.19	3	8	4	5	6	15	3	1	4	7	7	3
PF01367.23	3	8	4	5	6	15	3	1	4	7	6	3
PF00476.23	3	8	4	5	6	15	3	3	4	7	6	3
PF01527.23	3	4	7	6	5	2	2	3	1	12	2	0
PF00889.22	17	18	10	33	28	35	15	14	27	47	19	3
PF00318.23	19	16	8	23	20	37	18	16	16	44	30	11
PF00465.22	23	16	14	26	18	35	8	11	9	35	27	14
PF13180.9	7	18	11	8	6	10	8	8	7	17	12	0
PF05362.16	5	7	5	15	9	7	1	6	12	11	6	2
PF00342.22	14	22	13	32	21	25	8	13	16	42	36	12
PF10458.12	7	8	5	6	7	13	5	4	4	11	5	5
PF01938.23	6	4	3	3	4	5	2	2	3	7	3	0
PF05958.14	1	5	3	5	4	5	2	6	6	6	4	1
PF01418.20	3	6	5	3	5	5	5	5	9	13	6	2
PF01380.25	15	33	16	25	22	25	19	21	25	59	25	10
PF02673.21	0	0	2	2	0	2	0	1	0	2	3	0
PF13177.9	8	7	4	12	4	13	1	7	10	18	16	3
PF03951.22	5	7	0	6	3	4	2	4	8	12	5	1
PF00120.27	14	19	3	12	8	11	3	7	12	19	7	4
PF01330.24	0	0	0	3	0	2	0	0	1	1	0	0
PF14520.9	6	5	1	7	7	5	7	7	7	23	8	6
PF07499.16	0	0	0	1	0	2	0	0	1	1	0	0
PF01624.23	17	81	9	13	24	39	2	16	3	7	6	2
PF05188.20	6	0	0	6	4	5	1	1	1	7	3	1
PF05192.21	6	0	0	6	4	6	1	1	1	7	3	1
PF05190.21	6	0	0	6	4	6	1	1	1	7	3	1
PF00488.24	11	3	3	11	9	12	9	2	4	12	10	5
PF03446.18	1	3	2	0	1	2	0	0	2	0	0	0
PF14833.9	0	2	2	0	0	1	0	0	2	0	0	0
PF01925.22	0	1	0	0	1	0	0	0	0	0	1	0
PF00226.34	7	13	3	5	8	9	3	4	4	4	11	9
PF01556.21	6	9	3	4	8	8	3	2	2	3	8	8
PF00684.22	6	8	3	4	8	7	3	2	2	3	8	8
PF13537.9	4	9	7	11	8	20	0	3	1	12	8	11
PF00733.24	1	3	1	3	0	3	1	1	2	10	7	11
PF05257.19	8	4	3	4	0	3	0	1	7	2	3	0
PF13545.9	1	1	0	5	1	1	3	0	2	4	2	0
PF01869.23	5	15	3	13	6	4	6	2	9	17	13	0
PF09989.12	1	5	0	5	2	1	3	0	3	6	3	0
PF06050.16	11	33	8	30	13	19	7	10	6	44	36	10
PF00440.26	8	11	11	19	14	8	9	9	9	19	18	10
PF14278.9	1	1	4	4	0	3	0	0	1	2	0	0
PF17191.7	5	4	1	4	5	2	2	2	1	3	1	1
PF19833.2	5	4	2	4	6	4	2	2	1	3	1	1
PF09182.13	0	0	0	0	0	0	0	0	0	0	0	0
PF03764.21	167	193	117	231	263	360	94	161	155	440	262	84
PF06800.15	0	0	0	0	0	0	0	0	0	0	0	0
PF06962.15	0	0	0	0	0	1	0	0	0	0	0	0
PF13167.9	5	7	5	4	5	2	5	4	1	10	0	2
PF16360.8	5	7	5	4	5	2	5	4	1	10	0	2
PF01467.29	7	8	4	2	1	1	5	6	7	11	1	4
PF13649.9	7	3	5	5	4	5	0	0	3	7	12	6
PF05636.14	1	0	0	0	0	0	0	0	1	2	1	0
PF01709.23	4	4	3	6	7	7	2	5	2	14	8	3
PF00162.22	48	59	33	105	59	122	49	44	62	177	131	24
PF02733.20	1	1	3	7	2	4	2	5	3	4	6	3
PF06874.14	4	8	9	1	6	0	6	7	3	17	8	6
PF01408.25	22	21	14	11	34	39	8	9	22	26	16	9
PF02894.20	18	17	8	6	21	13	3	6	16	15	12	6
PF02664.18	1	0	0	2	1	1	0	2	0	2	1	0
PF00248.24	6	5	3	11	5	9	7	9	6	22	10	1
PF13597.9	11	16	12	28	17	19	14	15	19	36	22	7
PF13353.9	15	27	12	17	12	14	9	18	21	25	18	8
PF02361.19	0	1	1	0	0	0	0	1	0	1	1	1
PF12705.10	5	9	2	8	1	3	1	1	6	14	6	0
PF00163.22	28	25	14	36	26	27	22	22	37	61	40	9
PF09371.13	3	6	2	3	8	3	0	4	5	9	4	2
PF16921.8	3	6	2	3	8	3	0	4	5	9	4	2
PF12836.10	3	8	5	4	9	3	3	4	7	10	7	4
PF17674.4	4	7	2	3	11	3	0	6	8	12	6	2
PF08706.14	0	0	0	0	0	0	1	0	0	0	0	1
PF19263.2	0	0	0	0	0	0	1	0	0	0	0	1
PF03288.19	0	0	0	0	0	0	1	0	0	0	0	1
PF17900.4	1	0	1	1	0	1	0	0	0	1	0	0
PF01433.23	1	0	1	1	0	1	0	0	0	1	1	0
PF11838.11	1	0	1	1	0	1	0	0	0	1	0	0
PF09250.14	0	0	0	0	0	0	0	0	0	0	0	0
PF08708.14	0	0	0	0	0	0	0	0	0	0	0	0
PF02229.19	1	0	0	0	0	0	0	0	0	0	0	0
PF03180.17	0	0	0	2	1	1	0	2	1	3	3	2
PF09383.13	0	0	0	1	1	0	1	0	1	2	1	0
PF01497.21	3	5	1	4	7	4	1	2	5	6	9	1
PF00300.25	1	7	2	6	4	2	2	6	2	6	3	1
PF03717.18	7	16	8	14	7	7	4	9	20	29	17	3
PF00905.25	16	25	14	29	17	21	10	18	25	46	32	5
PF00496.25	26	52	41	97	42	81	42	27	31	82	68	12
PF16658.8	3	5	2	4	4	4	3	2	5	8	11	0
PF00154.24	3	8	5	12	4	14	1	2	5	6	7	2
PF05675.15	0	0	0	0	0	0	0	0	0	0	0	0
PF03595.20	0	0	0	0	0	0	0	0	0	0	0	0
PF02568.17	2	6	1	4	1	1	0	0	1	4	2	2
PF02525.20	1	0	1	3	7	1	1	0	1	1	2	1
PF00999.24	1	2	2	2	12	4	0	2	2	3	1	0
PF00118.27	63	66	21	75	32	36	32	37	42	82	138	28
PF00072.27	123	203	103	195	77	86	124	171	201	431	235	76
PF00486.31	24	83	23	41	32	23	16	25	31	53	36	12
PF06156.16	0	0	0	0	0	0	0	0	0	0	0	0
PF07155.15	0	3	2	3	1	0	1	3	1	4	3	1
PF06418.17	1	2	2	3	2	7	0	1	2	2	2	1
PF00117.31	5	16	13	11	17	23	2	8	7	7	8	4
PF05014.18	0	0	0	0	0	0	0	0	0	0	0	0
PF01712.22	0	0	0	0	0	0	0	0	0	0	0	0
PF02645.19	18	12	6	24	8	16	21	11	31	46	20	5
PF00216.24	9	11	8	10	6	14	8	5	14	17	17	1
PF04545.19	18	28	19	33	19	34	17	18	34	53	26	8
PF01832.23	8	4	0	5	10	4	3	2	1	8	4	2
PF00912.25	7	9	6	12	10	14	6	9	3	17	14	1
PF05697.16	11	19	10	19	23	39	20	7	14	41	15	8
PF00254.31	11	25	12	24	23	35	19	13	22	31	15	8
PF05698.17	11	23	11	19	13	27	18	10	22	28	15	8
PF03979.17	6	10	6	7	8	7	4	7	12	18	4	2
PF00140.23	6	12	6	18	10	15	4	7	11	20	4	2
PF04542.17	23	43	20	44	33	44	25	39	38	74	41	12
PF04539.19	15	24	15	24	14	24	7	14	17	31	12	4
PF01327.24	0	4	0	2	1	1	1	0	0	0	1	0
PF04851.18	34	97	31	37	36	48	10	39	16	36	26	15
PF12344.11	1	4	5	5	6	5	1	6	5	5	3	3
PF02151.22	3	4	4	10	1	5	2	9	7	8	3	4
PF07977.16	1	1	1	2	3	1	0	0	2	3	1	1
PF02734.20	6	23	9	21	7	23	8	12	13	23	16	4
PF01987.20	0	0	2	2	1	0	1	1	1	6	2	1
PF00265.21	0	0	0	2	0	1	1	1	0	0	0	0
PF03462.21	10	11	15	19	12	12	9	5	16	27	15	2
PF00472.23	10	11	15	19	12	12	8	5	16	27	15	2
PF11967.11	0	0	1	3	0	2	0	0	1	1	0	0
PF02565.18	0	0	1	3	0	2	0	0	1	1	0	0
PF00464.22	1	10	5	8	7	10	6	3	4	11	5	1
PF08032.15	3	3	1	3	2	6	0	0	1	3	3	0
PF00557.27	23	23	6	16	49	32	9	11	17	35	11	7
PF02603.19	3	5	2	7	2	3	2	6	1	9	2	2
PF07475.15	3	5	2	7	2	3	2	6	1	9	2	2
PF00393.22	1	1	0	0	1	1	0	0	0	0	0	0
PF02705.19	0	1	0	1	1	2	0	0	0	0	0	0
PF02588.18	1	5	0	4	1	1	1	4	2	13	3	1
PF00364.25	11	24	9	28	13	31	11	14	6	32	17	5
PF02817.20	2	4	1	1	0	8	2	1	1	0	0	0
PF00198.26	2	4	1	1	0	8	2	1	1	0	0	0
PF12706.10	8	6	5	6	4	8	4	3	3	8	9	1
PF17768.4	1	4	3	2	11	0	2	0	1	1	4	1
PF10141.12	0	0	0	0	0	0	0	0	0	0	0	0
PF03449.18	1	5	2	4	4	13	0	4	6	6	5	4
PF01272.22	1	5	2	4	4	13	0	4	6	6	5	4
PF13518.9	3	2	0	5	2	4	1	0	1	1	2	1
PF00676.23	1	10	1	0	3	5	2	1	1	3	2	1
PF02901.18	177	182	164	303	199	256	101	266	104	457	433	98
PF01228.24	176	176	156	303	190	240	111	261	109	487	464	104
PF06071.16	5	7	2	4	8	5	1	3	6	11	9	0
PF00694.22	10	2	3	6	7	7	1	6	6	13	6	0
PF00579.28	9	6	9	7	7	7	3	5	6	24	15	2
PF00343.23	14	16	19	41	33	29	24	18	19	70	44	15
PF00854.24	0	0	0	10	8	18	2	0	0	4	0	0
PF01654.20	0	0	0	0	3	3	1	0	0	1	0	0
PF00149.31	12	2	5	17	8	18	4	3	10	14	15	2
PF14437.9	0	0	0	0	0	0	0	0	1	5	1	1
PF02746.19	0	0	0	2	0	0	0	0	0	0	1	0
PF13378.9	0	0	0	2	0	0	0	0	0	0	1	0
PF00378.23	16	39	25	31	16	26	13	21	11	51	43	9
PF13302.10	4	4	2	6	7	6	2	5	2	9	8	5
PF00710.23	0	0	2	2	0	3	1	2	1	5	0	0
PF17763.4	0	0	2	2	0	3	1	2	1	5	0	0
PF00772.24	3	4	4	3	5	3	2	2	7	19	14	1
PF03796.18	3	4	4	3	5	3	2	2	7	18	14	1
PF16555.8	2	0	0	0	0	0	0	0	0	0	0	0
PF04760.18	23	16	21	43	28	29	17	15	39	45	27	3
PF11987.11	13	9	12	30	21	25	11	8	21	24	15	2
PF08545.13	2	2	1	6	5	7	1	0	1	8	1	0
PF08541.13	0	2	1	5	5	7	1	0	1	6	0	0
PF00289.25	2	5	1	0	2	0	0	1	1	3	1	0
PF02786.20	8	23	5	36	20	38	8	13	27	33	17	6
PF02785.22	2	5	1	0	2	0	0	1	1	3	1	0
PF03255.17	3	1	3	2	0	1	2	1	1	6	2	1
PF00581.23	1	0	1	0	1	1	0	0	0	0	2	1
PF02583.20	0	0	0	1	0	0	0	0	0	1	1	0
PF09334.14	31	28	24	28	31	62	11	20	29	39	36	15
PF19303.2	4	8	7	9	9	22	3	4	9	7	7	1
PF13561.9	14	18	14	11	15	11	2	9	2	13	9	5
PF01960.21	2	1	2	1	3	0	0	4	1	0	3	1
PF00202.24	7	4	4	5	4	5	2	6	5	5	8	2
PF14622.9	0	1	1	1	1	1	1	0	2	1	4	0
PF00035.29	0	1	1	1	1	1	1	0	2	1	4	0
PF00884.26	5	7	5	11	7	20	6	2	0	26	3	2
PF00324.24	1	1	0	0	0	0	0	1	1	3	1	0
PF13793.9	2	5	6	12	11	13	8	4	7	20	5	2
PF14572.9	2	4	5	8	10	11	5	4	4	11	4	1
PF13603.9	13	11	7	13	24	25	4	9	15	27	14	8
PF00232.21	5	16	8	59	45	81	2	1	4	8	9	1
PF03315.18	0	2	2	2	1	2	0	0	1	2	0	0
PF01842.28	4	4	4	4	8	13	0	1	3	4	1	4
PF00403.29	3	8	4	29	8	10	2	5	4	7	3	6
PF03054.19	0	1	1	2	4	3	0	1	2	3	1	1
PF20259.1	0	1	1	1	4	3	0	0	2	3	1	1
PF20258.1	0	1	1	1	4	3	0	0	2	3	1	1
PF01541.27	3	1	0	6	3	5	1	3	2	6	0	1
PF08459.14	2	0	0	6	3	5	1	3	2	6	0	1
PF00763.26	4	2	1	1	4	2	2	2	2	2	2	0
PF02882.22	4	2	1	1	4	2	2	2	2	2	2	0
PF13742.9	1	7	2	8	2	6	1	3	2	7	5	2
PF02601.18	1	7	2	8	2	7	1	3	2	10	6	2
PF01728.22	0	1	1	0	1	1	0	0	0	1	2	0
PF03793.22	16	27	10	14	14	33	5	24	23	48	19	3
PF01245.23	12	6	6	11	13	7	12	8	12	23	4	3
PF01883.22	1	0	0	4	2	3	1	2	0	1	1	0
PF07730.16	1	0	0	2	0	1	0	1	0	10	1	0
PF00390.22	0	5	4	5	4	11	0	3	0	5	4	3
PF03949.18	0	7	5	4	3	10	0	5	0	5	4	3
PF03390.18	0	0	0	0	0	0	0	0	0	0	0	0
PF00204.28	9	17	5	15	22	19	6	9	7	23	13	4
PF00986.24	9	17	5	15	10	9	6	8	7	22	12	4
PF04464.17	2	3	2	9	3	10	3	0	0	3	0	1
PF12674.10	0	0	0	1	0	2	0	0	0	0	0	0
PF01048.23	5	13	7	11	8	5	3	4	8	17	15	3
PF00877.22	20	30	10	48	26	38	20	25	45	67	15	6
PF08206.14	4	3	0	4	0	2	3	1	3	8	3	0
PF17876.4	4	3	2	6	2	3	4	1	3	9	4	0
PF00773.22	4	3	2	6	2	3	4	1	3	9	4	0
PF00510.21	0	0	0	0	0	0	0	0	0	0	0	0
PF01266.27	4	3	9	9	3	5	3	6	5	10	9	2
PF16901.8	0	0	0	0	0	0	0	0	0	0	0	0
PF03600.19	0	2	0	0	0	0	0	0	0	1	1	0
PF03211.16	0	0	0	0	0	0	0	0	0	0	0	0
PF07715.18	10	42	26	108	159	340	24	41	15	139	22	7
PF00593.27	9	39	20	97	137	284	20	33	11	125	18	4
PF01142.21	0	0	0	0	0	0	0	0	0	0	0	0
PF02787.22	3	9	2	18	9	19	4	6	13	15	8	3
PF02142.25	5	14	6	29	17	38	9	11	13	24	10	5
PF10091.12	0	0	0	1	0	0	0	0	0	0	1	0
PF06165.14	0	1	0	3	1	0	2	2	1	3	5	1
PF17167.7	0	1	0	2	1	0	2	2	1	3	4	1
PF01546.31	11	25	18	23	18	39	2	19	14	19	17	8
PF07687.17	8	17	14	19	17	33	2	15	9	14	11	6
PF04956.16	0	0	0	0	0	0	0	0	0	0	0	0
PF03840.17	0	1	1	2	1	4	1	1	4	4	0	1
PF00873.22	4	13	4	17	23	18	3	6	13	12	6	1
PF05134.16	0	0	0	0	0	0	0	0	0	0	0	0
PF00293.31	3	8	2	4	7	3	9	5	2	8	10	4
PF13857.9	4	5	0	3	2	6	0	0	0	2	2	0
PF12796.10	6	6	2	5	2	6	0	0	0	4	6	1
PF16957.8	0	0	0	1	0	0	0	0	0	0	0	0
PF00775.24	0	0	0	0	0	0	0	0	0	0	0	0
PF00361.23	1	3	3	10	19	18	2	5	3	12	4	0
PF07859.16	1	1	0	2	1	0	0	0	1	3	1	0
PF00730.28	1	5	4	2	1	1	3	1	4	3	3	1
PF00633.26	1	5	3	1	1	1	3	1	4	2	3	1
PF00437.23	1	2	0	4	0	1	2	2	0	2	1	0
PF14890.9	0	0	0	0	0	1	0	0	0	0	0	0
PF14528.9	1	0	0	0	0	0	0	0	0	0	0	0
PF00903.28	0	0	2	0	1	0	0	0	0	4	1	0
PF05954.14	1	0	1	4	0	1	0	0	0	0	0	0
PF04717.15	0	0	0	0	0	0	0	0	0	0	1	0
PF10106.12	0	0	0	0	0	0	0	0	0	0	0	0
PF20071.2	8725	3888	4693	3750	7049	2873	7070	5577	11423	5950	9085	3220
PF05232.15	0	0	0	0	0	0	0	0	0	0	0	0
PF00115.23	0	0	0	0	4	0	0	0	0	0	0	0
PF13411.9	9	17	8	14	8	6	5	7	6	20	7	5
PF07739.16	0	0	0	0	0	1	1	0	0	2	2	0
PF01791.12	0	9	3	5	6	11	2	3	2	7	6	0
PF01156.22	0	3	0	1	0	0	1	2	0	1	1	1
PF00239.24	118	190	159	250	219	193	70	222	70	195	259	79
PF07508.16	126	196	170	259	238	201	70	230	76	203	262	85
PF13408.9	122	190	166	247	234	197	72	229	79	202	258	82
PF14287.9	88	154	129	217	206	182	51	191	55	152	209	64
PF20188.1	0	0	0	0	0	1	0	0	0	0	0	0
PF02195.21	4	5	2	4	2	3	2	3	1	5	2	2
PF03432.17	4	4	1	3	3	6	3	3	1	3	1	0
PF13443.9	2	3	5	8	2	2	3	1	3	7	6	3
PF13154.9	0	5	0	0	1	2	0	1	0	0	0	0
PF13155.9	1	15	4	6	7	15	0	8	2	9	6	2
PF19044.3	0	2	0	2	0	1	0	0	0	0	1	0
PF02534.17	2	0	2	0	2	0	0	3	1	0	3	1
PF06970.14	0	0	0	0	0	0	0	0	0	0	2	0
PF19481.2	0	0	1	0	0	0	0	0	1	0	0	0
PF00389.33	7	24	10	16	6	16	10	10	6	34	16	1
PF02826.22	7	28	10	16	6	18	10	10	6	35	16	1
PF13610.9	0	0	1	0	0	2	2	4	3	0	3	4
PF02913.22	2	3	4	1	2	0	3	2	0	2	1	1
PF00561.23	4	3	0	3	4	2	5	2	0	7	1	1
PF00535.29	23	30	22	28	24	21	22	12	32	53	56	9
PF13018.9	0	0	0	0	0	0	0	0	0	0	0	0
PF05860.16	0	0	0	0	0	0	0	0	0	0	0	0
PF05594.17	0	0	0	0	0	0	0	0	0	0	0	0
PF13332.9	0	0	0	0	0	0	0	0	0	0	0	0
PF03543.17	0	0	0	0	0	0	0	0	0	0	0	0
PF01281.22	3	2	0	8	4	3	0	3	2	10	6	1
PF03948.17	3	2	0	8	4	3	0	3	2	10	6	1
PF00668.23	10	2	0	3	2	5	1	9	1	8	1	0
PF00501.31	18	18	5	17	21	19	12	21	9	40	14	10
PF13193.9	5	6	2	5	9	11	6	13	2	15	6	5
PF00550.28	11	5	4	10	11	13	5	12	4	16	4	1
PF00975.23	0	0	0	0	0	0	0	0	0	0	0	0
PF01807.23	1	11	4	6	6	14	0	7	2	9	6	2
PF08275.14	1	11	4	6	6	13	0	6	2	9	6	2
PF10410.12	1	11	4	6	6	13	0	6	2	9	6	2
PF02661.21	3	4	6	4	5	3	1	5	1	5	5	2
PF00756.23	3	0	4	1	2	4	0	0	3	2	3	0
PF16296.8	1	0	0	0	0	0	0	0	0	0	0	0
PF13579.9	0	0	0	0	1	1	0	0	1	0	0	0
PF13692.9	0	3	0	2	3	1	1	1	1	6	1	1
PF01979.23	12	34	17	32	19	30	15	16	26	36	15	7
PF19516.2	0	0	0	0	0	0	0	0	0	0	0	0
PF02502.21	0	2	0	2	2	3	1	4	2	3	5	0
PF13247.9	0	1	0	1	0	0	0	0	0	0	0	0
PF14711.9	0	0	0	0	0	0	0	0	0	0	0	0
PF00899.24	0	1	0	3	1	1	2	0	3	3	1	0
PF09508.13	5	6	6	23	2	1	11	8	22	27	34	7
PF17385.5	5	6	6	23	2	1	11	8	22	27	34	7
PF17386.5	5	6	6	23	2	1	11	8	22	27	34	7
PF11296.11	1	0	0	0	0	0	0	0	0	0	0	0
PF12262.11	0	0	0	0	0	0	0	0	0	0	0	0
PF03403.16	0	0	0	0	0	0	0	0	0	0	0	0
PF04748.16	0	0	0	0	0	0	0	0	0	0	0	0
PF03059.19	0	0	0	0	0	0	0	0	0	0	0	0
PF00672.28	69	126	64	91	17	21	49	78	73	202	138	37
PF13426.10	1	2	0	0	1	1	0	0	2	0	4	1
PF00989.28	2	4	0	3	0	3	1	6	1	1	2	1
PF05763.15	0	0	0	0	0	0	0	0	0	0	0	0
PF09406.13	0	0	0	0	0	0	0	0	0	0	0	0
PF14690.9	1	1	3	2	0	0	0	2	0	6	7	1
PF01610.20	4	9	12	8	2	2	10	9	6	16	11	3
PF02357.22	14	20	9	26	39	34	4	14	19	38	19	8
PF00467.32	14	10	8	18	48	33	4	16	19	25	21	8
PF05222.18	3	2	5	4	1	4	3	8	3	13	2	1
PF01262.24	3	2	5	4	1	4	3	8	3	13	2	1
PF01312.22	7	3	3	1	2	1	5	7	5	7	2	2
PF08207.15	8	13	10	15	7	14	8	16	22	23	19	7
PF01132.23	8	13	10	15	7	14	8	16	22	23	19	7
PF09285.14	8	14	10	15	7	14	8	16	22	25	19	7
PF02915.20	53	56	42	96	70	82	86	153	94	173	104	32
PF03952.19	8	33	33	69	76	135	7	12	4	23	9	5
PF00113.25	8	33	33	69	76	135	7	12	4	23	9	6
PF01391.21	0	5	4	5	2	0	0	0	0	0	2	0
PF12846.10	3	0	1	1	0	0	0	0	0	0	0	1
PF02447.19	2	0	1	1	0	0	0	0	0	1	0	1
PF11741.11	0	0	0	0	0	0	0	0	0	0	0	0
PF01520.21	10	12	4	8	6	6	4	7	8	11	13	5
PF01346.21	0	3	0	4	6	6	0	3	1	1	0	0
PF04392.15	1	1	3	2	1	3	1	0	1	0	0	0
PF01743.23	3	4	1	3	3	0	2	1	2	5	4	2
PF02367.20	4	3	1	2	0	0	0	0	0	2	0	0
PF06207.14	1	2	1	1	2	4	3	4	1	7	2	1
PF02812.21	48	127	76	108	38	71	14	43	22	88	83	19
PF00208.24	48	127	76	108	38	70	14	43	22	88	83	19
PF02597.23	0	0	0	0	0	0	0	0	0	0	0	0
PF02391.20	0	0	1	0	0	0	0	0	0	0	0	0
PF03485.19	2	3	6	15	7	6	0	4	1	11	5	1
PF00750.22	2	3	6	15	7	6	0	4	1	11	5	1
PF05746.18	2	3	6	15	7	6	0	4	1	11	5	1
PF06689.16	5	8	5	8	8	6	4	9	12	15	12	4
PF18008.4	0	0	0	0	0	0	0	0	0	0	0	0
PF04394.17	0	0	0	0	0	0	0	0	0	0	0	0
PF00861.25	27	26	13	33	35	30	13	9	19	49	19	16
PF01384.23	0	0	1	1	0	0	0	0	0	3	0	0
PF06834.14	0	0	0	0	0	0	0	0	0	0	0	0
PF00625.24	6	3	2	4	2	3	0	2	2	2	0	0
PF01293.23	129	140	102	173	141	161	92	148	113	424	305	90
PF03734.17	6	6	2	6	7	3	2	4	3	7	6	5
PF02670.19	5	1	1	0	0	2	1	3	1	4	2	0
PF08436.15	5	1	1	0	0	2	1	3	1	4	2	0
PF13288.9	5	1	1	0	0	2	1	3	1	4	2	0
PF08503.13	1	1	1	0	1	0	0	0	0	0	0	0
PF14602.9	1	1	1	1	1	0	1	0	2	8	2	0
PF14493.9	1	1	0	0	2	0	0	0	0	2	0	0
PF12323.11	0	0	1	0	0	0	0	0	0	1	0	0
PF01385.22	0	1	1	0	1	0	0	0	0	2	0	0
PF07282.14	1	2	1	1	2	4	0	1	2	2	0	0
PF13565.9	0	1	0	2	0	0	3	2	5	15	4	1
PF13439.9	5	11	3	8	10	12	9	7	5	19	9	2
PF00534.23	17	36	29	65	43	71	25	20	20	74	38	9
PF13156.9	0	0	0	0	0	0	0	0	0	0	0	0
PF02384.19	8	5	9	11	9	8	5	9	5	24	7	7
PF18135.4	0	0	0	0	0	0	0	0	0	0	0	0
PF13403.9	0	0	0	0	0	0	0	0	0	0	0	0
PF19514.2	1	0	0	0	1	0	0	0	0	0	1	0
PF01784.21	0	2	0	4	1	1	1	2	2	4	2	0
PF16575.8	0	0	0	0	0	0	0	0	0	0	0	0
PF01012.24	67	102	80	158	97	148	50	112	61	257	176	48
PF00766.22	33	73	53	121	65	111	30	80	40	153	100	28
PF00459.28	0	1	0	0	1	0	0	1	0	0	0	0
PF03167.22	2	1	1	1	1	0	0	4	0	0	3	0
PF00251.23	5	11	8	26	16	21	0	1	0	6	4	1
PF00834.22	2	2	0	2	2	0	2	2	1	4	0	0
PF06390.15	0	0	0	0	0	0	0	0	0	0	0	0
PF18269.4	11	13	4	6	4	6	5	11	13	18	12	5
PF04860.15	0	0	0	0	0	0	0	0	0	0	0	0
PF04650.20	2	2	3	4	8	14	1	2	0	2	0	0
PF17965.4	12	7	14	15	50	76	0	8	11	0	0	0
PF17966.4	14	16	22	18	69	105	0	10	11	4	0	0
PF00746.24	5	16	7	10	13	17	18	29	21	53	8	1
PF07554.16	79	101	163	195	185	414	131	357	74	357	97	26
PF07564.14	0	123	33	75	0	66	0	0	0	0	0	33
PF01468.20	0	9	2	5	0	4	0	0	0	0	0	2
PF20585.1	0	0	0	2	0	0	0	0	0	0	0	0
PF18957.3	0	3	1	1	0	3	0	2	0	0	1	0
PF08428.13	0	14	4	3	1	11	0	6	0	2	3	0
PF01719.20	0	0	0	0	0	0	0	0	0	0	0	0
PF00910.25	0	0	0	0	0	0	0	0	0	0	0	0
PF13102.9	1	2	3	3	5	2	0	2	0	7	0	1
PF00027.32	0	1	0	7	3	1	6	1	3	22	9	2
PF00578.24	0	4	5	3	5	11	1	0	1	8	3	0
PF00253.24	14	5	12	15	20	13	3	6	4	19	5	6
PF18076.4	0	0	0	0	18	21	0	0	0	0	0	0
PF12557.11	0	0	0	0	0	0	0	0	0	0	0	0
PF02572.18	0	2	0	0	0	2	2	1	1	4	2	0
PF04313.17	2	1	11	3	7	14	8	14	5	13	5	3
PF18766.4	2	1	11	3	8	12	6	14	4	13	4	3
PF11867.11	0	0	0	0	2	8	0	2	1	5	2	2
PF13491.9	5	3	1	2	6	1	0	4	6	5	4	1
PF17854.4	5	5	2	4	9	2	1	4	6	5	5	1
PF01580.21	5	5	2	8	11	2	2	5	8	6	8	2
PF09397.13	5	5	2	4	9	2	1	4	6	5	5	1
PF13631.9	0	0	0	0	0	0	0	0	0	0	0	0
PF05223.14	0	0	1	1	1	1	0	1	5	1	4	0
PF00892.23	0	4	10	4	6	5	5	6	2	5	6	2
PF00353.22	0	0	0	0	0	0	0	0	0	0	0	0
PF01850.24	0	2	5	2	2	0	2	0	1	5	6	0
PF00148.22	0	0	0	0	0	0	0	0	0	0	0	0
PF08369.13	0	0	0	0	0	0	0	0	0	0	0	0
PF13435.9	0	0	0	0	0	0	0	0	0	0	0	0
PF13447.9	0	0	0	0	0	0	0	0	0	0	0	0
PF01957.21	6	8	7	5	1	14	5	1	4	6	4	3
PF13187.9	9	13	7	11	6	9	3	8	9	15	9	4
PF02662.19	4	4	1	2	2	2	0	2	1	8	5	2
PF01584.22	38	54	27	58	17	25	60	68	85	181	135	26
PF17293.5	0	1	0	0	2	0	0	0	0	0	0	1
PF09820.12	9	9	6	11	4	3	3	7	6	10	13	10
PF08011.14	9	9	6	10	2	3	3	6	6	8	9	9
PF13676.9	1	0	0	0	6	1	0	1	0	1	1	0
PF13310.9	1	2	2	2	5	5	3	3	0	6	1	4
PF13472.9	3	2	3	2	14	9	3	2	9	11	10	1
PF02706.18	1	3	0	6	3	6	0	0	0	1	0	0
PF13807.9	1	2	0	2	1	0	1	3	1	5	1	0
PF13614.9	7	7	5	9	5	8	2	9	4	16	4	2
PF13715.9	10	44	25	110	159	336	25	40	13	138	20	7
PF06305.14	0	0	0	0	0	0	0	0	0	0	0	0
PF07219.16	0	0	0	0	0	0	0	0	0	0	0	0
PF14559.9	10	11	2	3	4	0	1	12	1	18	7	0
PF13432.9	7	11	5	26	37	39	4	9	4	21	9	4
PF01713.24	5	4	3	6	4	8	4	2	1	4	6	3
PF02743.21	13	24	15	18	10	3	15	13	9	37	33	7
PF13675.9	0	0	0	0	0	0	0	0	0	0	0	0
PF01636.26	0	9	4	8	5	11	3	9	6	16	14	2
PF13524.9	1	0	1	0	0	0	0	0	2	0	1	1
PF05050.15	0	1	0	0	0	0	0	0	0	0	0	0
PF05067.15	0	1	2	6	3	2	0	2	0	4	2	0
PF13679.9	0	1	1	1	1	0	0	0	1	2	1	0
PF08298.14	1	3	2	6	2	0	2	1	0	1	0	0
PF06798.15	1	3	2	6	2	0	2	1	0	1	0	0
PF02254.21	6	6	1	4	8	6	4	2	7	29	16	2
PF13549.9	0	0	0	0	0	0	0	0	0	0	0	0
PF01555.21	0	1	0	3	1	2	0	2	1	0	2	3
PF18755.4	0	0	0	0	0	0	0	0	0	0	0	0
PF02515.20	0	0	0	1	1	0	0	0	1	0	2	0
PF00482.26	0	5	9	3	2	0	0	2	2	2	1	2
PF16586.8	0	0	0	0	1	2	0	1	0	0	0	0
PF12904.10	0	0	0	0	0	1	0	0	0	0	0	0
PF16886.8	29	28	15	25	35	27	8	16	16	51	38	18
PF00731.23	3	0	3	1	1	1	0	3	3	3	2	0
PF01909.26	1	1	0	1	1	0	0	3	0	6	1	0
PF20129.2	0	0	0	0	0	0	0	0	0	0	0	0
PF02699.18	3	1	1	5	5	0	4	2	4	11	3	0
PF02618.19	3	4	3	5	2	3	0	1	3	6	2	1
PF07883.14	3	4	2	5	2	2	3	2	1	2	2	0
PF02129.21	0	0	0	0	1	0	0	1	0	3	1	0
PF08530.13	0	0	0	0	1	0	0	1	0	3	1	0
PF16640.8	0	0	0	0	0	0	1	0	0	2	1	0
PF13185.9	0	0	0	0	0	0	0	0	0	0	0	0
PF00990.24	12	21	8	26	5	14	19	13	17	50	27	19
PF01121.23	2	4	1	2	0	2	0	1	3	1	0	0
PF13414.9	1	1	2	2	10	24	1	1	3	10	4	0
PF13181.9	6	11	5	17	3	16	7	11	3	16	6	1
PF00515.31	0	0	0	2	1	0	1	0	1	2	1	0
PF00685.30	0	0	0	0	0	0	0	0	0	0	0	0
PF00308.21	2	2	1	1	0	0	4	2	2	3	1	0
PF08299.14	2	2	1	1	0	0	4	2	2	3	1	0
PF03838.17	0	0	1	1	3	1	0	1	0	1	0	0
PF07261.14	2	0	2	8	5	1	4	4	2	6	4	2
PF05025.16	0	2	0	1	2	2	0	4	2	10	3	1
PF01820.24	2	4	1	6	4	5	2	1	1	1	5	0
PF07478.16	2	4	2	6	4	5	2	1	1	1	5	0
PF00311.20	0	0	0	1	0	0	0	0	0	0	0	0
PF02092.20	1	1	0	1	1	0	0	0	0	0	0	0
PF01165.23	31	32	18	50	28	30	15	32	28	62	33	9
PF07702.16	4	6	6	7	3	9	0	4	1	9	2	2
PF00908.20	1	1	0	2	0	3	2	2	0	2	2	0
PF13450.9	1	2	2	2	0	1	1	1	3	4	3	0
PF03275.16	2	0	1	2	0	1	1	1	3	3	2	0
PF01451.24	1	1	1	0	0	1	0	1	2	1	0	0
PF00312.25	6	9	6	7	10	7	3	5	11	16	12	1
PF01649.21	1	3	2	5	3	6	3	1	4	11	5	5
PF03602.18	1	1	0	2	0	0	1	1	0	6	2	0
PF14490.9	5	4	1	3	3	1	8	3	5	13	7	4
PF13604.9	5	4	1	4	3	2	8	3	5	14	7	4
PF18335.4	5	4	1	3	3	1	8	3	5	13	7	4
PF13538.9	7	5	1	4	5	2	9	3	5	17	7	4
PF17774.4	1	1	0	1	1	1	2	0	1	1	2	0
PF02325.20	0	0	0	0	0	0	0	0	0	0	0	0
PF04472.15	0	6	0	2	4	2	2	3	3	6	1	4
PF02491.23	0	0	1	1	2	3	0	0	0	2	0	0
PF14450.9	3	1	3	5	5	4	1	3	6	5	7	4
PF01795.22	2	20	14	13	13	19	5	4	7	10	6	1
PF02381.21	14	6	14	16	4	14	10	18	24	22	8	4
PF04085.17	1	2	1	4	4	2	4	2	2	3	4	1
PF06723.16	11	7	5	10	2	7	10	5	11	22	19	2
PF06160.15	1	8	2	2	3	1	1	0	0	0	0	0
PF01809.21	0	0	1	0	0	1	0	0	0	1	0	0
PF02823.19	4	6	3	7	2	13	2	3	11	8	9	1
PF00401.23	4	7	3	7	2	13	2	1	11	7	9	1
PF00231.22	9	20	10	23	15	19	11	16	13	48	42	11
PF00430.21	5	13	6	20	12	14	11	14	10	30	18	2
PF00137.24	9	9	6	20	7	8	12	9	5	37	13	4
PF13630.9	4	7	3	3	1	5	5	16	0	9	3	2
PF07963.15	0	0	0	0	0	0	0	0	0	0	0	0
PF02878.19	18	40	12	51	56	75	35	32	32	88	64	21
PF02879.19	18	40	12	51	56	75	35	32	32	88	64	21
PF02880.19	18	40	12	51	56	75	35	32	32	88	64	21
PF00408.23	16	37	11	34	52	72	16	21	19	50	28	9
PF19293.2	2	1	0	7	4	2	2	0	1	6	9	1
PF02457.19	2	1	0	7	4	2	2	0	1	6	9	1
PF12974.10	0	0	0	0	0	0	0	0	0	0	0	0
PF01515.22	6	17	9	5	9	19	7	9	14	31	22	8
PF00121.21	18	29	16	39	31	53	23	28	30	108	67	13
PF00044.27	153	268	186	499	345	477	108	278	117	678	482	131
PF02800.23	153	268	187	501	347	478	109	278	117	685	483	131
PF04198.16	1	1	0	0	0	2	1	0	0	0	0	0
PF00574.26	5	6	3	6	6	11	2	2	6	10	6	1
PF10298.12	9	1	3	6	3	2	8	2	4	12	9	5
PF14527.9	9	1	3	6	3	2	8	2	4	12	9	5
PF02650.17	9	1	3	6	3	2	8	2	4	12	9	5
PF01933.21	0	1	0	0	0	1	0	0	0	0	0	0
PF03668.18	0	1	1	2	1	4	1	1	3	10	1	2
PF03729.16	0	3	0	6	8	3	0	0	0	1	0	0
PF02482.22	7	22	9	40	29	38	11	13	7	29	31	12
PF16321.8	7	22	9	39	14	29	11	13	6	28	31	12
PF06619.14	0	0	0	0	0	0	0	0	0	0	0	0
PF03829.16	0	0	0	0	0	0	0	0	0	0	0	0
PF13743.9	0	1	0	0	0	0	0	0	0	0	0	0
PF05389.15	3	7	3	3	3	2	1	5	10	9	4	2
PF00381.22	9	16	4	22	14	20	19	20	23	66	46	5
PF08860.13	0	0	0	0	0	0	0	0	0	0	0	0
PF06014.14	0	0	0	0	0	0	0	0	0	0	0	0
PF01638.20	0	2	1	5	5	2	3	1	1	4	5	1
PF00453.21	5	5	3	6	7	8	1	9	5	9	8	4
PF01632.22	4	4	2	10	4	5	2	3	3	15	3	3
PF05198.19	3	4	4	6	9	11	2	5	3	4	4	2
PF00707.25	3	4	4	6	9	11	2	5	3	4	4	2
PF14794.9	0	0	0	0	0	0	0	0	0	0	0	0
PF01230.26	0	2	2	6	7	6	0	2	0	8	1	0
PF12732.10	0	0	0	0	0	3	0	0	0	1	0	0
PF13616.9	0	0	0	6	0	1	0	8	0	7	0	0
PF13514.9	0	2	1	2	0	0	1	0	0	0	0	0
PF06133.14	0	1	0	0	0	0	0	2	0	1	1	0
PF03217.17	0	0	0	0	0	0	0	0	0	0	0	0
PF00294.27	22	23	17	56	27	32	5	16	12	43	25	3
PF00781.27	0	3	2	5	0	0	1	1	2	5	0	0
PF19279.2	0	1	1	3	0	0	1	1	0	1	0	0
PF07537.14	0	2	1	1	0	3	0	0	0	0	0	0
PF01653.21	2	1	1	1	3	1	1	3	1	9	2	1
PF03120.19	2	1	1	1	3	1	1	3	1	9	2	1
PF03119.19	2	0	1	0	0	1	1	0	0	0	1	1
PF12826.10	2	1	1	4	3	2	2	5	3	15	2	1
PF00533.29	2	1	1	1	3	1	1	3	1	9	2	1
PF11148.11	0	0	0	0	0	0	0	0	0	0	0	0
PF03176.18	4	0	2	0	0	2	0	0	0	0	0	0
PF13416.9	94	160	77	233	139	197	139	167	150	541	276	51
PF13245.9	4	4	1	0	1	1	1	1	0	3	1	0
PF04131.17	2	6	1	4	2	5	1	2	1	11	12	0
PF03372.26	2	2	2	3	4	2	0	1	0	0	2	1
PF13425.9	0	0	0	0	0	0	0	0	0	0	0	0
PF07972.14	0	0	1	0	0	0	0	0	0	0	0	0
PF00950.20	0	0	0	0	0	0	0	0	1	0	0	0
PF04138.17	1	0	1	2	2	0	1	0	0	0	1	0
PF02527.18	0	1	1	0	1	1	0	0	2	1	0	0
PF02674.19	0	3	0	0	1	1	0	1	0	2	1	0
PF03358.18	2	3	4	5	2	2	4	1	2	5	6	3
PF03123.18	3	3	1	0	0	0	0	0	0	1	1	1
PF00874.23	19	18	5	5	2	5	0	6	4	12	7	2
PF08244.15	5	11	8	26	16	21	0	1	0	6	4	1
PF07685.17	1	2	0	3	5	1	2	2	2	4	3	1
PF06115.14	0	1	2	3	1	2	0	0	0	1	0	0
PF04914.15	0	0	0	0	0	0	0	0	0	0	0	0
PF03062.22	4	3	1	5	1	1	1	0	0	2	3	0
PF01470.20	2	0	0	1	0	1	0	0	0	1	0	0
PF02322.18	0	0	0	0	2	1	0	0	0	1	0	0
PF01040.21	0	0	0	0	0	1	0	1	0	0	0	0
PF03051.18	2	11	2	23	14	22	1	7	3	15	4	0
PF00860.23	0	4	2	6	1	2	1	1	5	8	6	0
PF01276.23	0	3	3	1	2	1	2	1	3	9	6	0
PF03711.18	0	3	3	1	2	1	2	1	3	9	6	0
PF00011.24	1	0	0	0	1	0	0	0	0	2	0	0
PF02096.23	4	4	3	9	7	6	2	3	4	11	7	3
PF00825.21	0	0	1	1	2	1	0	1	0	7	1	0
PF00468.20	3	0	1	1	4	4	0	3	1	4	2	0
PF02255.19	0	11	2	18	12	22	1	0	0	6	5	0
PF00383.26	1	0	1	3	3	4	1	3	3	4	7	3
PF00398.23	3	5	1	12	3	1	0	0	2	10	2	0
PF06257.14	0	1	1	0	0	0	0	0	0	1	1	0
PF12804.10	2	10	6	11	3	4	5	3	2	5	4	0
PF03636.18	0	12	5	2	2	7	9	2	0	45	3	6
PF03632.18	0	12	5	2	2	7	9	2	0	44	3	6
PF03633.18	0	12	5	2	2	7	9	2	0	44	3	6
PF13419.9	34	72	22	73	50	56	36	52	20	132	69	11
PF19276.2	0	0	0	0	1	0	0	0	0	0	0	0
PF05066.16	0	0	1	0	0	1	0	0	0	0	0	0
PF00275.23	8	8	5	14	4	7	5	4	4	15	10	2
PF03547.21	0	0	4	0	2	0	2	4	0	4	0	0
PF01197.21	4	5	7	7	2	10	5	9	2	13	13	1
PF01648.23	1	0	0	0	0	0	1	1	2	3	3	2
PF01168.23	0	8	2	7	5	6	2	4	3	3	1	0
PF00842.24	0	3	2	3	3	4	1	3	2	1	1	0
PF04977.18	1	1	0	3	1	0	0	0	1	0	0	0
PF01430.22	0	0	1	0	1	2	1	1	0	1	1	0
PF01207.20	0	3	2	4	4	4	0	1	5	2	1	1
PF00164.28	24	22	12	35	21	30	20	19	11	33	22	8
PF00177.24	38	33	20	42	36	46	13	18	27	61	38	6
PF00338.25	8	12	0	8	6	7	3	2	4	18	12	3
PF00297.25	26	18	7	25	24	18	8	21	18	39	20	3
PF00276.23	8	10	6	15	6	8	1	5	8	11	13	4
PF00181.26	25	20	22	26	23	23	16	16	12	48	22	15
PF03947.21	25	20	22	26	23	23	16	16	12	48	22	15
PF00252.21	29	22	17	18	28	31	10	16	7	36	31	13
PF00831.26	14	9	7	7	20	18	5	7	7	25	13	4
PF00366.23	22	12	3	12	21	24	9	9	9	31	23	7
PF00238.22	24	33	18	24	33	28	15	16	24	50	29	10
PF17136.7	13	11	8	16	17	14	4	14	16	22	19	4
PF00281.22	44	22	21	48	36	37	9	25	22	71	40	24
PF00673.24	44	22	21	48	36	37	9	25	22	71	40	24
PF00410.22	15	11	8	18	15	25	9	12	14	33	25	3
PF00333.23	25	24	14	26	20	37	10	14	22	42	28	12
PF03719.18	25	24	14	26	20	37	10	14	22	42	28	12
PF00327.23	3	3	3	2	3	3	3	3	1	7	5	2
PF05532.15	0	7	2	2	2	5	0	0	0	0	0	0
PF00344.23	24	31	16	16	27	34	10	10	24	55	39	6
PF00444.21	1	2	1	3	4	2	0	0	0	1	2	0
PF00416.25	22	18	12	25	16	23	8	13	12	40	17	9
PF00572.21	11	13	8	6	7	7	3	6	13	28	15	5
PF00380.22	6	5	3	11	2	3	2	5	3	17	17	1
PF01965.27	0	2	1	5	3	4	3	6	5	6	8	0
PF13671.9	0	1	1	2	0	1	0	0	0	3	0	1
PF00749.24	18	20	13	19	10	16	14	16	13	24	32	4
PF19269.2	8	8	5	8	5	3	4	7	5	7	13	1
PF03946.17	15	19	11	19	19	12	1	9	11	30	18	7
PF00298.22	15	19	11	19	19	12	1	9	11	30	18	7
PF00466.23	15	23	13	23	22	17	12	13	21	43	21	7
PF16320.8	22	21	16	25	33	26	16	20	38	53	33	11
PF00542.22	22	23	16	25	33	27	16	20	38	54	33	11
PF02575.19	0	0	1	1	0	1	0	0	0	1	3	1
PF02132.18	2	4	0	4	0	2	0	4	1	6	6	0
PF13662.9	2	5	0	4	0	2	0	4	1	6	6	0
PF06153.14	0	0	1	0	0	0	1	0	0	0	0	0
PF00814.28	0	4	2	2	1	2	2	5	5	13	6	1
PF00709.24	2	7	3	8	6	6	2	1	5	4	4	0
PF00166.24	1	8	3	6	4	5	4	3	2	18	9	3
PF05496.15	2	5	3	0	3	1	2	1	1	4	2	0
PF17864.4	1	4	2	0	1	0	0	0	0	3	2	0
PF05491.16	1	4	2	0	1	0	0	0	0	3	2	0
PF06135.15	1	2	4	3	0	1	1	1	1	1	4	3
PF06949.14	0	4	0	4	1	3	0	1	2	6	3	0
PF20297.1	5	4	3	6	4	6	4	2	1	4	6	3
PF01177.25	1	0	3	3	2	1	1	1	0	4	0	1
PF01725.19	2	1	0	2	3	1	1	1	2	7	2	0
PF06103.14	0	0	2	0	1	2	0	0	0	0	0	0
PF03009.20	4	6	3	8	1	1	3	3	3	5	3	0
PF00438.23	7	8	3	7	2	2	2	6	4	14	14	0
PF02772.19	7	8	3	7	2	2	2	6	4	14	14	0
PF02773.19	7	8	3	7	2	2	2	6	4	14	14	0
PF03352.16	2	1	1	3	0	1	3	1	2	4	2	1
PF01569.24	2	2	0	0	2	2	0	1	0	1	3	0
PF01895.22	8	13	18	17	19	31	5	7	2	20	11	7
PF00210.27	1	0	0	1	0	3	1	0	0	1	0	0
PF09364.13	0	11	2	3	2	8	1	4	0	0	0	1
PF03894.18	0	11	2	3	2	8	1	4	0	0	0	1
PF09363.13	0	11	2	3	2	8	1	4	0	0	0	1
PF00258.28	1	6	4	19	6	15	3	8	1	6	11	2
PF09168.13	0	0	0	0	0	0	0	0	0	0	0	0
PF01250.20	17	13	8	15	16	28	9	18	7	30	22	10
PF10035.12	1	3	0	4	1	1	1	4	2	12	3	1
PF00829.24	6	11	2	5	7	10	2	5	6	13	8	0
PF01016.22	20	13	14	16	12	20	4	14	16	34	26	10
PF02463.22	6	13	5	17	13	13	7	11	10	26	8	7
PF01192.25	1	4	0	2	0	3	1	2	2	4	3	0
PF00830.22	6	5	7	6	3	5	3	7	3	12	7	1
PF13684.9	5	23	8	19	7	23	8	10	12	24	12	3
PF06470.16	2	4	3	6	5	5	2	7	3	11	3	3
PF04297.17	0	0	3	1	1	0	1	0	1	0	1	0
PF00886.22	14	5	2	17	10	12	9	9	13	26	5	1
PF10502.12	1	3	1	4	5	5	1	2	2	4	2	0
PF01726.19	2	4	0	2	0	0	2	1	0	4	5	1
PF00717.26	2	6	0	4	0	0	2	1	0	4	5	1
PF03672.16	0	0	0	1	0	1	0	0	0	0	0	0
PF13641.9	0	0	0	1	2	1	0	0	0	0	0	0
PF01255.22	1	3	2	2	5	1	1	2	1	3	3	1
PF01148.23	2	2	1	3	0	1	1	0	1	2	1	1
PF02576.20	0	0	2	2	3	4	1	1	1	1	0	0
PF17384.5	0	0	1	2	0	3	1	1	1	1	0	0
PF08529.14	4	6	4	9	10	9	3	5	6	9	8	4
PF13184.9	4	6	4	9	10	9	3	5	6	9	8	4
PF02033.21	2	0	5	0	1	1	1	1	0	0	2	1
PF00436.28	1	5	8	15	8	8	6	6	10	18	16	4
PF12917.10	0	0	0	0	0	0	0	0	0	0	0	0
PF01628.24	2	3	1	6	7	5	0	2	3	0	1	1
PF06421.15	2	7	2	5	4	5	3	3	5	6	2	0
PF04343.16	0	0	0	0	0	3	0	0	0	0	0	0
PF00365.23	27	40	27	78	52	68	23	31	31	84	61	13
PF14714.9	2	6	2	7	7	5	3	4	0	6	4	0
PF13174.9	7	8	7	4	26	24	6	8	5	24	5	1
PF03572.21	3	9	6	25	30	50	8	7	3	22	8	0
PF01471.21	0	1	3	3	1	0	0	0	0	6	4	0
PF02481.18	1	1	0	1	2	1	0	0	0	1	0	0
PF01084.23	8	3	3	6	4	8	4	4	4	24	14	1
PF13396.9	3	4	1	7	3	4	5	2	4	7	4	4
PF13091.9	7	9	3	18	7	9	10	9	9	19	10	8
PF02899.20	0	4	3	5	6	5	2	3	1	11	5	0
PF00227.29	0	0	0	0	0	0	0	0	0	0	0	0
PF05525.16	0	0	0	0	0	0	0	0	0	0	1	0
PF00160.24	1	4	0	4	3	6	0	0	0	6	1	1
PF02386.19	2	0	2	3	7	1	0	5	4	3	7	1
PF00082.25	9	39	10	55	30	31	13	22	12	62	9	0
PF02225.25	1	1	0	0	0	0	0	0	0	0	0	0
PF06280.15	0	1	0	0	1	4	2	5	0	3	1	0
PF09136.13	0	1	0	0	0	0	0	0	0	0	1	0
PF00988.25	1	1	1	0	4	4	0	1	0	1	2	0
PF03441.17	0	0	0	0	0	0	0	0	0	0	0	0
PF00395.23	17	37	9	21	6	19	0	11	6	26	65	4
PF05345.15	0	0	0	0	0	0	0	0	0	0	0	0
PF02634.18	0	0	0	0	0	0	0	0	0	0	0	0
PF12627.10	3	4	1	3	3	0	2	1	2	5	4	2
PF12626.10	0	0	0	0	0	0	0	0	0	0	0	0
PF12146.11	1	4	3	10	5	6	3	4	5	12	3	5
PF04832.15	0	0	0	0	0	0	0	0	0	0	0	0
PF06745.16	0	0	0	0	0	0	0	0	0	0	0	0
PF13086.9	0	0	0	3	5	2	1	0	0	1	1	0
PF13087.9	0	0	0	3	5	2	1	0	0	1	1	0
PF01593.27	0	2	0	0	0	1	5	1	0	6	2	0
PF00355.29	0	0	0	0	0	0	0	0	0	0	1	0
PF00848.22	0	0	0	0	0	0	0	0	0	0	1	0
PF02867.18	1	2	0	3	1	3	1	0	2	4	0	0
PF03401.17	0	0	0	0	0	0	0	0	0	0	1	0
PF18014.4	0	0	0	0	0	0	0	0	0	0	0	0
PF00669.23	576	1124	688	1094	680	804	304	1012	356	1236	1048	277
PF00700.24	615	1156	701	1118	719	864	285	1030	353	1100	1054	270
PF00682.22	39	58	40	71	43	72	32	49	45	148	90	25
PF02436.21	37	56	39	70	39	62	27	49	45	138	81	24
PF01973.21	0	0	0	0	0	0	0	0	0	0	9	1
PF01073.22	0	0	0	0	0	0	0	0	0	0	0	0
PF02784.19	1	2	0	0	4	4	1	5	2	5	6	1
PF00278.25	0	2	3	0	2	5	0	5	1	6	5	1
PF05378.16	0	0	0	0	0	0	0	1	0	0	0	0
PF01968.21	0	0	0	0	0	0	0	1	0	0	0	0
PF03703.17	0	1	0	2	0	0	1	0	0	1	0	1
PF13519.9	0	0	1	2	0	0	1	0	0	1	0	0
PF08191.14	0	0	0	0	0	0	0	0	0	0	0	0
PF13585.9	0	0	0	0	0	0	0	0	0	1	0	0
PF11638.11	1	1	1	1	0	0	3	2	2	3	0	0
PF20434.1	0	3	1	0	1	0	0	1	1	0	0	0
PF19890.2	0	2	0	5	0	4	0	0	2	1	1	1
PF08543.15	0	1	1	2	1	0	0	2	1	1	0	1
PF02581.20	1	0	0	1	2	0	1	1	1	0	0	0
PF16338.8	1	2	7	8	21	33	4	12	0	19	2	0
PF13802.9	0	4	1	1	9	7	0	2	3	2	2	1
PF01055.29	34	35	18	42	34	40	20	55	43	87	28	4
PF17137.7	2	8	9	13	29	36	4	14	2	26	3	0
PF12182.11	0	0	0	0	0	0	0	0	0	0	0	0
PF02872.21	0	0	1	4	4	5	0	1	3	4	7	0
PF13476.9	4	7	4	10	5	5	1	4	10	7	3	3
PF13558.9	3	6	2	9	5	3	6	3	12	12	6	2
PF01773.23	0	0	1	0	0	1	0	0	0	0	0	1
PF07662.16	0	0	1	0	0	1	0	0	0	0	0	1
PF02574.19	3	3	0	7	3	2	4	4	1	3	4	3
PF02737.21	18	57	31	64	33	34	24	38	33	132	80	18
PF00725.25	18	57	31	64	33	34	24	38	33	132	80	18
PF00370.24	22	29	24	35	12	21	32	46	33	133	50	16
PF02782.19	22	29	24	35	12	21	31	46	33	132	50	16
PF13192.9	1	3	1	2	0	2	1	0	0	1	0	1
PF10417.12	0	2	2	0	0	0	0	0	0	1	1	0
PF02449.18	4	2	0	1	0	1	0	1	5	16	1	4
PF08532.13	4	2	0	1	0	1	0	1	5	18	1	4
PF08533.13	4	2	0	1	0	1	0	1	5	14	1	4
PF17762.4	3	2	1	4	1	2	1	2	1	5	2	1
PF06570.14	0	1	0	0	0	0	0	0	0	0	0	0
PF01676.21	19	24	11	38	25	43	17	13	23	42	29	5
PF02885.20	2	5	3	4	0	2	1	1	1	2	4	0
PF00591.24	2	5	3	4	0	2	1	1	1	2	4	0
PF07831.16	2	5	3	4	0	2	1	1	1	2	3	0
PF01782.21	0	0	0	1	0	0	0	0	1	2	0	1
PF05239.19	1	1	0	2	0	1	0	0	1	1	0	1
PF13083.9	10	5	5	11	4	3	2	5	11	16	10	5
PF01715.20	1	2	1	4	1	2	1	1	1	1	1	1
PF11240.11	0	0	0	0	0	0	0	0	0	0	0	0
PF01812.23	0	0	0	1	1	0	1	3	0	2	0	0
PF00485.21	4	2	5	6	6	9	4	3	2	3	2	0
PF05437.15	0	1	0	0	0	0	0	0	0	0	0	0
PF01783.26	3	8	4	3	3	3	2	9	6	11	7	2
PF02620.20	15	10	4	16	4	11	10	6	27	24	17	4
PF01149.27	0	1	1	2	3	1	0	0	0	0	0	0
PF06831.17	0	1	1	2	3	1	0	0	0	0	0	0
PF00085.23	10	8	6	11	8	8	3	5	4	21	14	5
PF03413.22	0	5	0	7	0	0	3	0	2	6	6	2
PF00809.25	2	2	3	11	9	7	5	7	2	7	8	2
PF04266.17	0	0	0	0	0	0	0	0	0	0	0	0
PF01475.22	4	3	4	3	4	1	2	7	4	7	4	2
PF02353.23	0	0	0	0	0	0	0	0	0	0	0	0
PF01268.22	15	23	8	30	11	19	6	14	4	13	19	8
PF02222.25	0	5	0	0	8	7	0	0	0	1	0	0
PF17769.4	0	3	0	0	0	1	0	0	0	0	0	0
PF02350.22	0	1	3	0	2	3	1	2	0	0	1	0
PF04262.17	0	3	0	2	0	0	1	0	0	0	0	0
PF00909.24	0	1	0	1	0	0	0	0	1	1	0	1
PF01416.23	3	5	4	4	0	2	2	0	0	8	6	0
PF01808.21	4	8	3	6	7	19	6	3	3	5	5	1
PF03976.17	4	4	4	0	6	2	2	8	6	2	10	0
PF00203.24	13	14	9	15	22	23	7	12	5	27	13	6
PF06750.16	0	0	0	0	0	0	0	0	0	0	1	0
PF05848.14	0	0	0	0	1	0	0	0	0	0	0	0
PF17727.4	0	0	0	0	1	0	0	0	0	0	0	0
PF00313.25	30	44	36	65	32	38	34	32	28	86	26	11
PF01988.22	0	0	0	0	0	1	0	0	0	0	0	0
PF00939.22	0	0	0	0	0	0	0	0	0	0	1	0
PF07929.14	0	0	0	0	3	6	0	1	1	1	0	0
PF01270.20	0	0	0	0	0	0	0	1	0	1	0	0
PF02133.18	1	4	1	1	6	2	3	5	1	2	0	2
PF04260.15	1	0	0	0	0	0	0	0	0	0	0	0
PF02540.20	1	13	8	17	17	20	5	8	7	14	6	0
PF00958.25	3	13	10	11	14	12	1	5	3	7	5	0
PF12698.10	4	2	1	2	6	11	7	3	3	15	2	0
PF08402.13	12	19	9	32	34	29	7	14	7	29	41	15
PF03611.17	1	0	1	0	2	0	1	2	0	0	2	2
PF03099.22	3	2	3	3	3	0	1	1	2	1	1	1
PF10437.12	0	1	0	0	0	1	0	0	0	0	0	0
PF00173.31	0	2	0	0	0	0	0	0	0	0	0	0
PF01545.24	0	0	0	3	2	2	1	0	0	1	1	0
PF16916.8	0	0	0	3	2	2	0	0	0	1	1	0
PF13412.9	1	4	2	6	2	1	4	5	5	4	7	2
PF01037.24	1	2	0	6	2	1	2	0	2	1	2	0
PF00375.21	5	12	5	9	4	2	2	4	1	12	4	3
PF01087.25	4	4	1	4	1	3	4	5	9	16	8	1
PF02744.20	4	4	1	4	1	3	4	5	9	16	8	1
PF13350.9	0	1	0	0	0	0	0	0	0	0	0	0
PF04204.19	1	2	0	0	2	3	0	2	2	3	0	0
PF12784.10	14	28	23	33	17	17	16	29	18	41	42	12
PF03606.18	0	1	0	0	0	0	0	0	1	2	5	0
PF03853.18	1	0	1	4	2	2	1	1	0	6	0	0
PF19258.2	0	0	0	0	0	0	0	0	2	0	0	0
PF01022.23	3	0	2	1	2	0	1	4	2	5	0	0
PF12822.10	2	6	1	9	0	1	5	2	3	27	12	5
PF03590.18	1	4	0	1	2	3	0	0	1	1	1	1
PF01641.21	0	0	0	1	1	1	0	0	0	0	1	0
PF07969.14	0	2	1	2	0	0	0	0	0	1	0	0
PF00334.22	0	1	0	4	1	1	0	0	1	0	1	0
PF02541.19	2	1	0	1	1	0	1	1	2	0	6	1
PF02146.20	1	4	3	1	1	3	0	1	1	4	4	0
PF01904.21	0	0	0	0	0	0	0	0	0	0	0	0
PF06028.14	0	1	0	0	0	0	0	0	0	0	0	0
PF04203.16	12	11	1	12	4	4	13	14	14	31	26	4
PF04011.15	0	1	0	3	2	3	0	0	0	1	0	1
PF01435.21	0	0	0	0	5	3	0	0	0	0	1	1
PF04960.18	0	2	0	0	0	0	0	0	1	0	0	0
PF01171.23	2	2	1	4	2	6	3	0	0	3	1	1
PF09179.14	0	0	1	0	0	0	0	0	0	0	0	0
PF02837.21	57	53	20	49	19	51	48	92	40	110	26	9
PF00703.24	57	52	21	50	19	50	48	86	37	109	26	8
PF02836.20	65	55	23	54	21	63	62	125	47	124	27	9
PF02929.20	29	22	10	27	11	41	31	49	21	51	12	3
PF06026.17	0	1	0	0	0	0	0	0	0	0	0	0
PF13468.9	0	0	0	0	0	1	0	0	0	0	0	0
PF01741.21	0	0	0	0	2	0	0	0	0	0	0	0
PF03807.20	2	1	1	0	1	2	0	2	2	3	3	0
PF14748.9	2	1	1	0	1	2	0	2	2	3	3	0
PF00268.24	0	0	0	0	0	0	0	0	0	0	0	0
PF08343.13	0	0	0	0	0	0	0	0	0	0	0	0
PF00317.24	0	2	0	2	0	1	1	0	2	4	0	0
PF12169.11	6	6	2	10	2	7	1	4	9	13	15	3
PF02223.20	0	1	0	0	2	0	0	0	1	1	1	0
PF00590.23	1	11	7	2	6	4	2	3	5	9	4	3
PF13089.9	3	7	3	7	1	5	0	3	2	12	4	3
PF02503.20	3	7	3	7	1	5	0	3	2	12	4	3
PF17941.4	3	7	3	7	1	5	0	3	2	12	4	3
PF13090.9	3	7	3	7	1	5	0	3	2	12	4	3
PF00795.25	1	6	6	8	4	11	4	7	4	13	5	0
PF02589.18	1	0	1	0	0	0	0	1	0	0	0	1
PF13183.9	5	4	3	3	5	9	3	1	2	18	6	8
PF02873.19	5	4	1	5	3	2	4	2	2	8	3	0
PF12802.10	0	1	0	0	0	3	1	1	1	1	0	0
PF02566.22	0	0	0	0	1	0	0	0	0	0	0	0
PF13473.9	0	0	0	0	0	0	0	0	0	0	0	0
PF02274.20	2	4	1	0	0	3	0	0	0	0	4	0
PF07907.14	0	0	1	0	0	0	0	0	0	0	0	0
PF01098.22	6	3	2	7	2	6	4	4	6	14	5	3
PF00083.27	0	0	0	0	0	0	0	0	0	1	0	0
PF00596.24	2	5	4	9	3	6	1	6	1	17	9	2
PF02610.18	2	8	2	5	4	7	2	4	6	8	8	1
PF11762.11	2	8	2	5	4	7	2	3	6	8	8	1
PF04002.18	2	4	1	5	0	1	0	0	2	3	0	0
PF04093.15	0	1	0	3	0	0	0	0	0	0	1	0
PF00532.24	2	1	0	0	0	1	0	0	0	1	0	0
PF00994.27	1	6	2	3	5	2	1	3	3	5	2	1
PF18146.4	0	3	0	1	3	1	1	1	2	2	2	1
PF02464.20	0	4	0	2	3	2	1	1	2	2	2	1
PF00108.26	29	72	43	107	54	63	43	91	38	180	102	25
PF02803.21	30	73	47	111	56	63	44	96	41	186	102	25
PF13344.9	0	0	0	0	1	0	1	0	1	3	1	0
PF13242.9	1	4	0	1	1	0	2	2	1	6	2	0
PF10282.12	0	3	0	0	1	3	1	2	2	3	6	2
PF00266.22	7	12	6	24	14	27	8	14	7	31	14	7
PF08866.13	0	0	0	0	0	1	0	0	0	0	0	0
PF05256.15	0	0	0	0	0	0	0	0	0	0	0	0
PF05979.15	0	1	0	1	0	1	0	0	0	1	0	0
PF04296.16	1	2	0	1	0	1	2	0	1	2	0	0
PF01248.29	0	0	0	2	0	1	0	1	0	2	1	0
PF01509.21	2	2	1	5	1	1	1	1	1	2	1	0
PF16198.8	2	2	1	4	1	1	1	1	1	2	1	0
PF03444.18	0	1	0	0	0	2	0	2	0	0	0	0
PF04452.17	0	2	1	2	3	3	2	1	1	2	0	0
PF14698.9	4	1	5	4	0	1	0	1	2	6	6	0
PF08279.15	11	9	10	8	7	5	2	7	7	12	11	6
PF02237.20	3	1	3	2	3	0	1	1	2	0	1	1
PF11151.11	0	0	0	0	0	0	0	0	0	0	0	0
PF16124.8	2	6	1	7	12	8	0	1	0	12	1	0
PF00186.22	1	1	0	2	2	5	1	0	0	5	1	0
PF01351.21	1	0	0	3	1	0	1	0	0	1	0	0
PF17961.4	0	0	0	0	0	0	0	0	0	0	0	0
PF10425.12	0	0	0	0	0	0	0	0	0	0	0	0
PF00926.22	0	0	1	0	1	2	0	0	1	1	1	0
PF00925.23	0	0	1	0	1	2	0	0	1	1	1	0
PF09586.13	10	4	0	0	1	5	0	4	3	3	2	0
PF07638.14	0	0	0	0	0	0	0	0	0	0	0	0
PF19295.2	0	1	2	5	1	8	0	1	0	0	0	0
PF01458.20	1	3	4	11	2	11	1	1	4	2	5	1
PF00196.22	3	4	1	1	0	3	0	1	2	10	3	2
PF01145.28	19	40	27	50	24	30	22	34	38	74	36	8
PF16875.8	7	8	5	11	4	12	3	7	4	25	10	2
PF02065.21	7	8	5	12	4	12	3	7	4	25	10	2
PF16874.8	7	8	5	11	4	12	3	7	4	25	10	2
PF13596.9	0	0	0	0	0	0	0	0	0	0	0	0
PF02424.18	1	0	1	1	1	1	0	0	1	2	1	0
PF03787.18	0	0	0	1	0	0	0	0	0	0	0	0
PF01590.29	3	1	0	1	2	1	0	1	0	4	1	0
PF02224.21	0	3	3	0	2	4	0	0	1	2	2	1
PF00691.23	9	12	3	6	8	11	10	6	9	30	17	2
PF04016.15	0	0	0	0	0	0	0	0	0	0	0	0
PF04310.15	0	0	0	0	0	0	0	0	0	0	0	0
PF16330.8	0	0	0	0	0	0	0	0	0	0	0	0
PF00490.24	0	0	2	5	0	1	0	0	0	1	0	0
PF17931.4	0	0	0	0	0	0	0	0	0	0	0	0
PF13768.9	0	0	0	0	0	0	0	0	0	0	0	0
PF02569.18	4	1	2	4	1	0	1	2	1	7	0	0
PF16732.8	0	0	0	0	0	0	0	0	0	0	0	0
PF20437.1	0	0	1	0	0	1	0	0	0	0	0	0
PF13654.9	0	0	1	0	0	1	0	0	0	0	0	0
PF20436.1	0	0	1	0	0	1	0	0	0	0	0	0
PF00415.21	0	0	0	0	0	0	0	1	0	0	0	0
PF13540.9	0	0	0	0	0	0	0	1	0	0	0	0
PF18019.4	0	0	0	0	0	1	1	0	1	1	1	0
PF01627.26	31	38	23	46	15	21	46	59	75	120	102	16
PF13646.9	1	0	0	0	0	0	0	0	2	0	0	0
PF03130.19	0	0	0	0	0	0	0	0	0	0	0	0
PF01924.19	0	0	0	0	0	0	0	0	0	0	0	0
PF13186.9	3	3	3	5	7	3	3	5	5	7	3	0
PF06426.17	0	0	0	0	0	0	0	0	0	0	0	0
PF17938.4	0	0	0	0	0	0	0	0	0	0	0	0
PF20131.2	0	0	0	0	0	0	0	0	0	0	0	0
PF02638.18	0	1	1	0	0	0	1	0	0	0	0	0
PF02368.21	261	275	85	309	18	32	213	455	246	416	111	37
PF01548.20	50	47	48	64	44	24	42	55	54	113	102	21
PF08502.13	1	0	1	1	3	10	2	0	0	8	8	0
PF01702.21	0	5	1	1	4	0	0	0	1	5	0	0
PF17912.4	83	73	80	180	109	135	57	157	83	352	266	64
PF03459.20	64	59	55	124	87	94	46	101	56	256	192	45
PF09549.13	0	0	0	0	0	0	0	0	0	0	0	0
PF13365.9	4	17	10	9	6	6	2	5	4	17	24	1
PF00498.29	0	0	1	1	2	0	0	1	1	1	1	1
PF01755.20	0	0	0	0	0	0	0	0	0	0	0	0
PF05420.14	0	0	0	0	0	0	0	0	0	0	0	0
PF02690.18	6	18	22	20	34	54	4	8	2	20	12	8
PF02558.19	0	0	0	1	1	2	0	0	1	0	0	0
PF08546.14	0	0	0	1	1	2	0	0	1	0	0	0
PF04224.15	0	0	0	0	0	0	0	0	0	0	0	0
PF03553.17	3	5	1	1	3	3	1	0	4	7	7	2
PF01964.21	0	0	0	4	4	5	2	0	2	2	0	0
PF02113.18	0	0	0	0	0	0	0	0	0	0	0	0
PF13286.9	2	0	2	0	0	1	0	1	2	8	5	1
PF02627.23	3	0	3	0	0	0	0	1	1	0	1	0
PF12682.10	0	0	1	2	1	1	0	0	0	1	0	0
PF01738.21	0	0	0	0	0	0	0	0	0	0	0	0
PF12697.10	2	1	0	0	1	4	0	0	0	3	0	0
PF00754.28	147	127	113	135	116	213	108	251	108	408	70	7
PF00404.21	2	4	3	0	0	0	0	0	0	3	0	0
PF11655.11	0	0	0	0	0	0	0	0	0	0	0	0
PF12843.10	0	0	0	0	0	0	0	0	0	0	0	0
PF02838.18	36	33	32	47	53	109	36	78	31	101	22	3
PF00728.25	13	18	17	20	34	60	14	35	14	43	14	2
PF16347.8	0	0	0	1	0	4	0	0	0	2	0	0
PF13098.9	0	0	0	0	0	0	0	0	0	0	0	0
PF16576.8	3	9	3	3	3	10	1	0	3	1	1	0
PF03797.22	0	1	0	0	0	0	0	1	0	0	0	0
PF07244.18	0	0	0	8	4	20	0	12	0	4	0	0
PF01103.26	0	0	0	2	4	2	0	1	0	0	0	0
PF02321.21	0	8	4	14	10	2	2	2	2	4	0	0
PF05221.20	1	0	0	1	2	0	4	1	8	13	3	1
PF00670.24	1	0	0	1	1	0	3	1	7	12	3	1
PF00144.27	0	1	0	1	2	7	1	0	1	2	0	0
PF02910.23	2	7	0	10	11	29	1	4	3	8	4	0
PF01325.22	1	2	0	0	1	0	0	0	1	3	2	1
PF02742.18	1	2	0	0	1	0	0	0	1	3	2	1
PF04966.15	0	0	0	0	0	0	0	0	0	0	0	0
PF04023.17	0	3	0	2	4	0	1	0	0	4	0	0
PF14376.9	0	0	0	0	0	0	0	0	0	0	0	0
PF03150.17	0	0	0	0	0	0	0	0	0	0	0	0
PF00034.24	0	0	0	0	0	1	0	0	0	0	0	0
PF07498.15	0	2	3	3	5	4	1	2	4	3	2	0
PF07497.15	1	9	4	16	6	6	3	6	7	8	7	0
PF07719.20	3	6	3	14	15	18	1	5	3	11	3	3
PF00263.24	0	0	0	0	0	0	0	0	0	0	0	0
PF11104.11	14	7	6	10	4	4	4	1	5	6	3	3
PF01634.21	0	0	0	1	1	2	0	1	1	0	0	1
PF08029.14	0	0	0	0	1	2	0	0	0	0	0	0
PF00920.24	12	7	3	6	8	11	6	4	6	8	10	3
PF14498.9	1	0	0	0	3	7	1	2	0	2	0	0
PF11013.11	0	0	0	0	3	2	0	0	0	1	0	0
PF01740.24	0	0	1	1	0	0	0	1	0	1	1	0
PF00432.24	0	0	0	0	0	0	0	0	0	0	0	0
PF01531.19	0	0	0	1	0	0	2	0	0	3	1	0
PF01762.24	0	0	0	0	0	0	0	0	0	0	0	0
PF03814.18	0	0	0	0	0	0	0	0	0	1	0	0
PF03781.19	0	1	1	1	0	0	0	1	2	2	1	0
PF01212.24	6	12	11	18	7	13	2	3	1	18	4	1
PF01882.21	0	0	1	3	5	3	0	1	0	1	1	1
PF07991.15	11	14	11	10	20	20	7	12	22	24	30	4
PF01450.22	11	14	11	10	20	20	7	12	22	24	30	4
PF16499.8	0	0	0	0	0	0	0	0	0	1	1	0
PF17801.4	0	0	0	0	0	0	1	0	0	1	1	0
PF01050.21	0	0	0	1	0	0	2	5	2	9	6	1
PF06733.18	1	1	0	0	1	0	0	0	0	1	2	0
PF13307.9	1	2	1	1	2	0	1	2	3	2	3	3
PF01891.19	0	0	0	0	0	0	0	0	0	1	0	0
PF13190.9	0	0	0	0	0	0	0	0	0	0	0	0
PF07589.14	0	0	0	0	0	0	0	0	0	0	0	0
PF17297.5	2	5	3	2	4	2	0	2	3	2	6	0
PF00821.21	2	5	3	2	4	2	0	2	3	2	6	0
PF01510.28	0	0	1	1	3	3	2	1	1	1	2	1
PF12838.10	141	200	134	231	169	307	72	161	93	385	240	91
PF12971.10	11	9	9	7	1	3	1	4	4	7	2	1
PF05089.15	11	9	9	7	1	3	1	4	4	7	2	1
PF12972.10	11	9	9	7	1	3	1	4	4	7	2	1
PF07085.15	6	7	4	1	1	7	2	3	0	2	4	2
PF16385.8	0	2	2	0	1	5	1	1	0	4	0	0
PF01256.20	1	0	1	4	2	2	1	1	0	6	0	0
PF02590.20	0	1	0	2	0	3	0	0	1	0	1	1
PF02472.19	2	1	7	19	48	70	1	8	2	21	5	0
PF20511.1	3	2	0	3	8	17	3	2	2	6	5	1
PF12437.11	8	9	2	6	5	7	1	3	4	7	2	2
PF18318.4	8	9	2	7	5	7	1	3	4	7	2	2
PF14849.9	1	2	1	8	4	2	1	0	2	0	0	0
PF03629.21	0	0	0	1	10	6	0	0	0	0	0	0
PF01204.21	1	1	0	1	0	1	1	1	0	0	0	0
PF02073.18	4	12	3	4	0	1	3	3	4	7	7	0
PF12951.10	0	1	0	0	0	0	0	0	0	0	0	0
PF18582.4	0	0	0	0	0	0	0	0	0	0	0	0
PF01042.24	0	1	0	2	0	1	1	0	0	6	1	0
PF09374.13	0	0	0	0	0	0	0	0	0	0	0	0
PF00924.21	2	2	0	3	4	4	2	0	2	4	3	1
PF00209.21	8	8	2	10	2	4	2	10	4	10	16	2
PF00109.29	4	7	2	5	9	11	5	7	2	15	5	0
PF02801.25	4	7	2	5	9	11	5	7	2	15	5	0
PF04551.17	1	2	1	3	3	3	2	2	4	3	1	0
PF01757.25	0	3	1	5	1	0	1	2	0	2	4	2
PF12715.10	0	0	0	0	1	0	0	0	0	0	0	0
PF02492.22	0	2	3	7	1	5	2	4	1	4	6	0
PF00708.21	0	0	2	3	0	2	0	1	0	0	0	0
PF07503.15	0	0	0	0	0	0	0	0	0	0	0	0
PF01300.21	1	2	1	2	2	3	1	4	4	5	2	0
PF17788.4	0	0	0	0	0	0	0	0	0	0	0	0
PF13593.9	0	0	0	0	0	0	0	0	0	0	0	0
PF00069.28	7	8	2	10	2	7	2	9	5	18	7	1
PF03983.15	0	0	0	0	0	0	0	0	0	0	0	0
PF08305.14	20	18	9	10	3	12	9	30	13	32	8	1
PF03692.18	0	0	0	0	2	0	1	0	0	0	0	0
PF08238.15	10	6	13	7	0	21	0	32	0	35	20	6
PF04519.16	1	6	1	4	0	2	6	2	2	11	7	0
PF02594.19	0	0	0	0	0	0	0	0	0	0	0	0
PF01120.20	4	1	3	2	17	19	2	0	1	2	4	0
PF13899.9	0	0	0	4	4	0	0	2	2	7	1	0
PF05656.17	0	0	0	0	1	0	0	0	0	0	0	0
PF02535.25	0	0	0	1	1	0	0	0	0	0	0	1
PF03435.21	0	1	0	1	4	4	1	3	0	2	2	0
PF16653.8	0	1	0	1	4	4	1	3	0	2	2	0
PF03755.16	6	5	3	5	0	1	4	1	4	10	4	4
PF08340.14	6	5	3	5	0	1	4	1	4	10	4	4
PF07549.17	8	13	8	17	28	30	8	5	11	22	12	1
PF02355.19	8	25	12	32	32	36	14	8	16	38	22	2
PF13202.9	0	0	0	0	0	0	0	0	0	0	0	0
PF03641.17	0	0	0	0	0	0	0	0	0	0	0	0
PF17291.5	0	0	0	0	0	0	0	0	0	0	0	0
PF13402.9	12	22	5	8	8	3	9	14	9	25	18	2
PF05977.16	0	0	0	0	1	0	0	0	0	1	0	0
PF19528.2	1	0	0	2	0	0	3	0	2	3	5	0
PF19580.2	0	1	0	2	1	1	1	0	1	0	0	0
PF03030.19	2	7	3	9	12	24	0	2	1	5	3	2
PF04715.16	0	0	0	0	0	0	0	0	0	0	0	0
PF00425.21	0	1	0	0	3	0	1	0	0	2	0	0
PF00697.25	0	0	0	0	0	0	0	0	0	0	0	0
PF13088.9	11	5	5	9	5	6	10	13	9	17	1	0
PF00507.22	1	2	0	1	0	0	0	0	1	1	0	1
PF06044.15	0	0	0	0	0	0	0	0	0	0	0	0
PF17726.4	0	0	0	0	0	0	0	0	0	0	0	0
PF01835.22	0	0	0	3	5	3	3	1	1	2	0	2
PF07703.17	0	1	0	0	0	0	0	0	0	0	0	0
PF00207.25	0	1	0	3	5	3	3	1	1	2	0	2
PF07678.17	0	0	0	0	0	0	0	0	0	0	0	0
PF17973.4	0	0	0	3	5	3	3	1	1	2	0	2
PF00285.24	4	2	5	7	1	4	2	6	2	11	8	3
PF13482.9	0	1	1	0	0	0	0	0	0	2	1	0
PF05157.18	0	0	0	1	0	0	0	0	0	0	0	0
PF03023.17	0	0	0	0	0	0	0	0	0	1	0	1
PF00081.25	0	0	0	2	3	3	0	0	0	0	0	0
PF02777.21	0	0	0	2	3	3	0	0	0	0	0	0
PF11958.11	0	0	0	0	0	0	0	0	0	0	0	0
PF00662.23	0	1	1	3	8	7	0	2	2	1	0	0
PF00499.23	0	0	0	0	0	2	0	0	0	0	1	0
PF01512.20	23	30	29	42	16	22	13	26	20	49	37	15
PF10531.12	14	21	26	38	34	63	27	18	11	54	37	10
PF10589.12	11	13	17	17	8	8	2	16	4	25	15	3
PF01522.24	6	4	3	6	2	2	0	2	9	7	4	4
PF02470.23	0	0	0	0	1	0	0	1	1	2	0	0
PF07399.14	0	0	0	0	0	0	0	0	0	0	0	0
PF06325.16	2	1	1	3	1	1	1	1	0	2	3	0
PF02446.20	5	12	4	10	11	7	3	5	2	9	5	1
PF00919.23	8	7	4	11	5	12	14	14	16	17	15	2
PF18693.4	1	2	2	6	3	7	12	8	14	11	10	2
PF04408.26	0	0	1	1	0	0	0	0	1	1	0	2
PF08482.13	0	0	0	1	0	0	0	0	0	0	0	0
PF04028.16	0	0	1	0	0	0	0	0	0	0	0	0
PF18565.4	20	17	9	12	4	5	13	26	11	24	9	0
PF16193.8	1	2	2	1	4	2	2	1	2	1	1	1
PF12002.11	1	2	2	1	4	2	2	1	2	1	1	1
PF02283.19	0	1	0	0	0	0	0	1	0	0	1	0
PF01301.22	0	3	1	1	1	2	0	1	0	4	1	1
PF13505.9	0	0	2	1	0	3	1	1	0	3	0	0
PF18765.4	0	0	0	0	1	0	0	0	0	0	0	0
PF16870.8	0	0	0	0	1	0	0	0	0	0	0	0
PF01663.25	1	0	0	0	1	1	0	0	1	0	1	0
PF09382.13	1	5	1	6	9	7	0	1	0	11	0	0
PF00570.26	1	5	1	6	9	7	0	1	0	11	0	0
PF01643.20	2	3	1	1	1	1	1	3	1	2	0	0
PF07786.15	1	0	0	0	0	0	0	1	0	1	0	0
PF04235.15	0	0	0	0	4	1	0	0	0	0	0	0
PF01704.21	0	0	0	1	0	0	2	0	3	5	3	0
PF08241.15	2	2	2	1	3	2	0	4	2	1	1	1
PF04991.16	8	14	2	3	0	0	1	2	3	9	3	1
PF04379.17	0	0	0	0	0	0	0	0	0	0	0	0
PF02698.20	1	1	1	1	1	2	0	2	2	3	1	0
PF07726.14	2	1	0	5	3	3	1	1	2	1	0	0
PF17863.4	2	1	0	5	3	3	2	1	2	1	0	0
PF12541.11	0	0	1	0	0	0	0	1	0	1	0	0
PF04015.15	5	1	5	6	1	4	4	4	5	9	11	1
PF17785.4	0	0	0	0	1	0	0	0	0	1	1	1
PF10672.12	1	1	0	0	1	0	0	1	0	7	2	1
PF02678.19	0	0	0	0	0	0	0	0	0	0	0	0
PF17954.4	0	0	0	0	0	0	0	0	0	0	0	0
PF13502.9	0	0	0	0	0	0	0	0	0	0	0	0
PF13667.9	0	0	0	4	4	5	1	0	1	2	0	0
PF07732.18	0	0	0	0	1	0	0	0	0	0	0	0
PF00394.25	0	0	0	0	0	0	0	0	0	0	0	0
PF07731.17	0	0	0	0	1	0	0	0	0	0	0	0
PF06940.14	0	0	0	0	0	0	0	0	0	0	0	0
PF02844.18	4	10	5	7	6	12	5	1	5	12	8	4
PF01071.22	4	10	5	7	6	12	5	1	5	12	8	4
PF02843.19	4	10	5	7	6	12	5	1	5	12	8	4
PF01618.19	6	10	9	13	23	44	11	15	9	40	11	9
PF08323.14	7	23	23	52	28	56	8	12	8	39	19	5
PF10996.11	4	9	5	6	1	2	8	6	7	17	10	6
PF14057.9	56	72	44	89	60	61	37	80	33	168	137	23
PF02086.18	2	0	0	1	0	1	0	1	0	0	0	0
PF02537.18	0	0	0	0	0	1	0	0	0	0	0	0
PF03331.16	0	1	1	2	3	0	0	0	2	3	1	1
PF20154.2	0	0	0	0	0	1	0	1	0	1	2	0
PF01578.23	0	0	0	0	0	0	0	0	1	0	0	0
PF05140.17	0	0	0	0	0	0	0	0	0	0	0	0
PF09375.13	0	0	1	0	0	0	0	0	0	0	0	0
PF13437.9	1	1	0	1	1	1	1	1	4	13	2	2
PF10722.12	0	1	0	0	0	0	0	0	0	0	0	0
PF00701.25	1	5	3	13	8	16	12	2	12	46	24	3
PF07221.14	0	0	3	3	13	10	3	1	0	2	1	1
PF12900.10	0	2	0	2	1	0	2	1	0	0	1	1
PF03013.17	0	0	0	0	0	0	0	0	0	0	0	0
PF07691.15	0	0	0	0	0	0	0	0	0	0	1	0
PF02607.20	1	2	0	4	2	1	4	4	1	3	3	1
PF02310.22	2	12	3	18	16	35	9	11	3	20	9	3
PF02965.20	1	0	1	1	1	1	0	0	0	0	1	0
PF01326.22	234	300	222	423	296	442	166	293	277	819	552	162
PF01642.25	1	12	5	22	18	40	6	11	5	28	5	1
PF13669.9	0	3	1	3	2	3	0	1	0	4	3	0
PF02082.23	0	2	3	1	1	1	0	3	1	0	0	0
PF01039.25	31	54	24	52	17	28	17	28	16	67	42	11
PF14864.9	0	0	0	0	0	0	0	0	0	0	0	0
PF02075.20	0	0	0	0	4	0	0	0	0	0	0	0
PF04909.17	1	0	1	0	1	0	1	1	0	1	2	0
PF00303.22	0	2	1	4	1	3	2	3	2	8	2	2
PF10609.12	1	2	4	6	3	6	1	0	3	6	2	0
PF04845.16	0	0	0	0	0	0	0	0	0	0	0	0
PF03977.16	8	14	10	10	7	13	4	8	7	22	23	4
PF02684.18	0	0	0	0	1	0	0	1	0	0	0	0
PF02550.18	2	14	13	8	6	7	4	5	3	18	9	1
PF13336.9	2	16	13	10	6	7	4	5	3	18	11	1
PF01619.21	0	0	0	0	0	0	0	0	0	0	0	0
PF00199.22	0	0	0	0	1	2	0	0	0	0	0	0
PF06628.15	0	0	0	0	1	2	0	0	0	0	0	0
PF18011.4	0	0	0	0	0	0	0	0	0	0	0	0
PF19567.2	0	0	1	2	0	0	0	0	0	3	0	0
PF02397.19	5	6	2	5	1	3	5	2	6	5	3	5
PF04932.18	3	7	0	0	0	2	1	1	0	2	1	0
PF19805.2	0	0	0	0	0	0	0	0	0	0	0	0
PF00933.24	17	18	11	9	17	20	11	17	26	23	12	1
PF01058.25	0	1	0	0	3	0	0	0	0	1	0	0
PF14720.9	0	0	0	0	0	0	0	0	0	0	0	0
PF01155.22	0	0	0	0	0	0	0	0	0	0	0	0
PF02636.20	0	0	0	0	0	0	0	0	0	0	0	0
PF13385.9	20	9	6	13	9	18	34	68	20	38	2	0
PF13004.10	0	0	0	0	0	0	0	0	0	1	0	0
PF08534.13	0	1	0	1	0	2	0	1	0	2	0	1
PF13246.9	0	1	0	1	1	3	0	0	0	1	0	0
PF07669.14	2	3	1	5	0	2	1	4	0	4	3	0
PF12950.10	0	0	0	0	0	0	0	0	0	0	0	0
PF00520.34	0	0	0	0	0	0	0	0	1	0	0	0
PF02548.18	1	0	1	0	2	0	0	0	0	0	0	0
PF13905.9	0	0	0	0	5	3	0	0	0	0	0	0
PF07698.14	0	1	0	0	0	4	0	0	0	0	0	0
PF01202.25	1	1	1	1	3	3	0	3	0	2	2	2
PF16355.8	16	20	8	16	5	8	10	24	10	18	6	0
PF06415.16	13	15	10	34	23	34	11	6	13	31	21	4
PF03061.25	0	2	1	2	3	2	0	0	2	0	0	0
PF00158.29	2	1	1	1	4	3	0	1	1	2	0	1
PF02954.22	1	3	1	2	4	3	0	2	0	2	1	1
PF02609.19	0	0	0	0	0	1	0	0	0	0	0	0
PF03739.17	0	0	1	0	4	4	0	1	1	3	1	0
PF01553.24	2	3	1	1	4	3	1	2	2	4	0	0
PF11412.11	0	0	0	0	3	0	0	1	0	0	0	0
PF09180.14	3	12	4	13	6	10	10	7	8	20	10	3
PF01061.27	2	1	1	0	1	2	1	0	0	5	1	0
PF07335.14	0	0	0	0	0	0	0	0	0	0	0	0
PF00494.22	0	0	0	0	0	0	0	0	0	0	0	0
PF07494.14	0	3	0	0	8	9	11	0	1	3	0	0
PF14537.9	0	0	0	0	0	3	1	1	0	0	0	0
PF13287.9	3	6	0	0	29	57	1	2	4	11	11	0
PF12679.10	1	2	0	0	0	0	2	1	0	0	1	0
PF13500.9	0	3	1	0	1	0	0	3	0	1	2	1
PF01235.20	17	13	7	21	6	15	10	23	9	31	12	4
PF13379.9	0	0	0	0	0	0	0	0	0	2	0	1
PF00023.33	1	3	0	2	2	6	0	0	0	0	0	0
PF03950.21	10	12	8	11	5	13	10	9	8	17	19	3
PF17764.4	3	2	4	5	2	1	3	3	2	6	5	2
PF18319.4	3	2	4	6	2	1	3	3	2	7	5	2
PF18074.4	2	1	4	5	1	0	3	3	2	6	5	2
PF06258.14	0	0	0	0	0	0	0	0	0	0	0	0
PF00768.23	4	7	1	5	1	3	4	4	6	10	5	3
PF01678.22	2	8	0	4	0	6	0	4	6	14	2	2
PF08281.15	6	15	1	15	16	12	9	24	5	23	10	4
PF13673.10	2	6	2	1	1	2	5	1	1	8	6	1
PF04127.18	4	1	1	9	5	1	4	8	3	14	5	1
PF13376.9	1	4	2	0	0	0	1	3	0	4	3	1
PF01041.20	4	5	4	5	1	5	6	3	10	16	1	4
PF16401.8	0	0	0	0	0	0	0	0	0	0	0	0
PF05691.15	0	0	0	0	0	0	0	0	0	0	0	0
PF00456.24	7	9	6	16	22	14	5	8	4	23	5	1
PF05343.17	3	8	4	4	7	6	0	1	1	5	5	2
PF10150.12	0	3	1	1	6	5	3	4	4	9	6	0
PF07555.16	24	20	16	31	19	49	24	43	19	65	9	1
PF06725.14	4	5	1	2	2	2	1	3	7	4	1	0
PF00218.24	0	1	0	0	0	0	0	0	0	0	0	0
PF02021.20	0	0	1	0	2	1	0	0	0	1	1	0
PF03819.20	3	2	1	0	4	2	4	0	3	3	2	1
PF01612.23	0	2	1	0	2	6	1	0	0	3	1	0
PF02606.17	0	0	0	0	1	0	0	1	0	0	0	0
PF16654.8	2	3	1	3	7	5	2	0	4	6	2	1
PF00585.21	0	0	0	0	0	0	0	0	0	0	0	0
PF02517.19	3	2	1	2	2	1	1	1	0	5	5	1
PF19576.2	0	1	0	0	1	1	0	0	1	0	0	0
PF13444.9	0	0	0	0	0	2	0	1	0	0	0	0
PF14238.9	0	0	0	0	0	0	0	0	0	0	0	0
PF01613.21	2	4	4	11	5	7	1	6	4	11	6	3
PF00217.22	1	0	2	0	0	1	0	0	0	0	0	0
PF02012.23	0	0	0	0	0	0	0	0	0	0	0	0
PF00667.23	0	1	0	0	0	0	1	1	1	0	2	1
PF00175.24	10	14	9	14	15	14	13	8	18	27	23	13
PF13477.9	1	2	0	1	0	0	2	0	3	6	1	0
PF10555.12	3	2	1	0	3	0	2	1	0	3	1	1
PF00953.24	3	3	1	2	7	3	3	1	0	5	1	1
PF03033.23	0	2	0	6	4	6	1	2	1	7	1	2
PF04101.19	1	2	0	6	4	7	1	4	3	8	6	3
PF08478.13	1	1	0	0	0	1	0	0	0	0	0	0
PF17815.4	0	0	0	0	0	0	0	0	0	0	0	0
PF13529.9	1	2	2	1	0	5	0	2	3	0	1	0
PF04616.17	5	2	5	0	4	2	0	3	7	7	0	1
PF01128.22	0	3	0	0	1	2	2	0	2	2	4	0
PF12127.11	0	1	0	0	0	5	0	0	0	0	0	1
PF05690.17	0	0	0	0	2	0	0	0	0	1	0	0
PF05593.17	9	9	27	36	0	0	0	97	167	241	108	0
PF15523.9	0	0	0	0	0	0	0	0	0	0	0	0
PF06574.15	0	1	0	2	2	1	0	0	3	1	1	1
PF01687.20	0	2	0	3	2	1	0	0	3	1	1	1
PF01075.20	0	0	0	5	3	3	1	0	0	2	0	0
PF00852.22	0	0	0	0	0	0	0	0	0	0	0	0
PF02577.17	0	0	0	0	1	1	0	0	0	1	0	0
PF01078.24	1	1	0	0	1	1	1	0	0	3	1	0
PF13335.9	1	1	0	0	1	1	0	0	0	3	1	0
PF02660.18	1	0	1	2	0	1	1	0	1	2	2	1
PF01855.22	114	196	122	220	158	281	66	133	75	346	231	80
PF17147.7	111	189	118	208	154	272	59	131	71	327	220	75
PF01558.21	115	195	116	215	151	280	63	131	72	331	224	76
PF10371.12	110	154	95	161	126	220	58	129	70	317	219	75
PF13484.9	6	11	2	9	7	6	2	1	4	5	15	1
PF08308.14	0	1	0	3	0	0	2	2	2	2	8	0
PF07717.19	0	0	1	0	0	0	0	0	1	1	0	2
PF11898.11	0	0	1	0	0	0	0	0	1	1	0	2
PF06144.16	1	1	2	2	5	6	0	0	1	3	2	0
PF16353.8	30	21	10	28	11	40	31	49	21	51	12	3
PF00916.23	0	0	0	0	0	0	0	0	0	1	1	0
PF03772.19	1	1	0	1	1	0	0	0	1	1	1	0
PF06826.15	4	8	4	4	14	12	2	6	6	6	4	4
PF08019.15	0	0	0	0	0	0	0	0	0	0	0	0
PF03808.16	0	0	0	6	0	0	3	0	10	3	16	0
PF17930.4	0	0	0	0	0	0	0	0	0	0	0	0
PF06230.14	0	0	0	0	0	0	0	0	0	0	0	0
PF00376.26	0	0	0	0	0	0	1	0	0	2	0	0
PF04298.15	3	1	0	1	1	0	0	2	1	3	2	1
PF11396.11	0	1	1	2	4	0	0	0	0	2	0	0
PF02602.18	1	7	4	3	2	0	2	4	3	2	1	2
PF13342.9	0	0	0	0	0	0	0	0	0	0	0	5
PF01923.21	0	2	1	2	0	1	0	1	0	1	5	1
PF12392.11	1	5	1	0	0	0	4	2	3	1	1	1
PF12419.11	1	3	1	1	0	0	1	0	1	2	0	0
PF03330.21	0	0	0	0	0	0	0	0	0	0	0	0
PF01513.24	3	1	0	2	4	2	0	0	1	2	0	1
PF20143.2	3	0	0	2	3	2	0	0	1	2	0	1
PF01501.23	0	0	0	1	0	0	0	0	0	0	0	0
PF02554.17	1	1	0	1	0	6	0	0	2	0	1	1
PF13722.9	1	1	0	1	0	4	0	0	1	0	1	1
PF12801.10	2	5	0	5	2	2	0	0	4	3	0	0
PF00076.25	1	0	1	0	0	3	1	3	0	2	0	0
PF00474.20	6	2	6	2	2	11	4	1	0	8	3	3
PF06925.14	1	0	0	0	0	0	0	1	0	0	0	0
PF01258.20	0	0	0	0	2	1	0	0	0	0	0	0
PF13085.9	0	1	0	6	2	12	1	1	1	1	1	1
PF01127.25	0	0	0	0	0	0	0	0	0	0	0	0
PF19116.3	0	0	0	0	0	0	0	0	0	0	0	0
PF17803.4	0	0	0	0	0	0	0	0	0	0	0	0
PF03186.16	1	1	0	1	1	1	1	0	0	1	1	0
PF02371.19	49	46	44	63	43	26	40	57	53	106	110	20
PF07275.14	0	2	1	0	0	1	2	1	1	0	0	0
PF13560.9	0	1	3	0	0	0	2	2	1	0	1	0
PF18430.4	4	3	9	11	7	2	5	9	1	6	6	0
PF01695.20	2	7	2	2	1	3	1	5	3	10	4	2
PF02311.22	3	9	5	8	2	4	5	4	5	7	8	4
PF12833.10	7	18	5	18	9	12	16	16	14	42	35	10
PF10881.11	0	0	0	3	2	1	1	0	0	1	1	0
PF05272.14	0	0	0	0	0	0	0	0	0	1	1	0
PF03389.18	2	3	2	2	0	3	0	3	4	3	2	3
PF13655.9	3	6	2	6	0	1	0	0	0	2	1	3
PF00078.30	16	26	25	20	8	5	4	11	6	20	21	9
PF08388.14	6	14	7	12	1	3	3	4	4	9	9	5
PF13449.9	0	0	0	0	0	0	0	0	0	0	0	0
PF11940.11	0	0	0	0	0	0	0	0	0	0	0	0
PF17432.5	0	0	0	0	0	0	0	0	0	0	0	0
PF13224.9	0	0	0	0	0	0	0	0	0	0	0	0
PF01205.22	1	0	0	0	3	1	0	1	0	3	1	0
PF04324.18	4	1	8	8	2	4	1	4	3	5	6	0
PF08442.13	0	0	1	0	1	1	0	0	0	0	0	0
PF00549.22	2	5	4	3	8	9	2	2	2	5	4	2
PF13340.9	1	1	1	4	1	3	0	2	19	6	1	0
PF11713.11	0	0	0	0	0	0	0	0	0	0	0	0
PF08774.14	0	0	0	0	0	0	0	0	0	0	0	0
PF07228.15	0	2	2	1	0	0	1	3	2	7	3	0
PF13424.9	6	11	0	4	1	3	1	5	3	4	3	0
PF12770.10	0	0	0	0	0	0	0	0	0	1	0	0
PF04245.16	0	0	0	0	0	0	0	0	0	0	1	0
PF03069.18	0	0	0	0	0	0	0	0	0	0	0	0
PF03880.18	5	2	1	2	3	9	2	0	4	7	1	0
PF01494.22	1	2	0	1	0	2	0	3	0	0	1	0
PF04404.15	0	0	0	0	0	0	0	0	0	0	0	0
PF07187.14	0	0	0	0	0	0	0	0	0	0	0	0
PF01571.24	1	2	1	7	5	7	1	1	3	6	1	0
PF08669.14	1	2	1	7	5	7	1	1	3	6	1	0
PF01734.25	1	2	3	6	3	5	0	1	3	2	1	1
PF00211.23	1	0	0	0	0	0	0	1	0	0	0	0
PF02055.19	0	0	0	0	0	0	0	0	0	0	0	0
PF17189.7	0	0	0	0	0	0	0	1	0	0	0	0
PF05175.17	4	5	2	5	5	3	0	1	5	4	5	0
PF02615.17	1	1	1	3	2	2	2	1	1	2	3	2
PF04879.19	0	4	4	2	1	2	1	0	0	3	2	1
PF00384.25	0	4	8	4	1	2	1	0	0	3	2	1
PF01568.24	0	2	3	2	1	2	1	0	0	1	0	0
PF01797.19	1	3	1	0	0	1	1	4	1	8	6	2
PF00563.23	12	16	11	13	6	10	13	12	11	28	22	11
PF04168.15	0	0	0	0	0	0	0	0	0	0	0	0
PF01986.19	0	0	0	0	0	0	0	0	0	0	0	0
PF10518.12	0	1	1	0	0	0	0	0	0	0	0	0
PF02317.20	0	0	0	0	0	0	0	0	0	0	0	0
PF14863.9	0	0	1	3	3	2	0	0	0	0	0	0
PF04962.15	0	0	1	3	4	1	1	1	0	1	2	1
PF13548.9	0	0	0	0	0	0	0	0	0	0	0	0
PF13374.9	1	1	0	0	0	0	1	3	1	2	1	0
PF16197.8	1	0	0	0	0	0	0	0	0	0	0	0
PF00698.24	2	7	1	3	1	2	1	0	1	2	1	0
PF14765.9	0	0	0	0	0	0	0	0	0	0	0	0
PF08659.13	0	0	0	0	0	0	0	0	0	0	0	0
PF09826.12	0	1	0	0	0	0	1	0	0	2	1	0
PF08309.14	0	0	0	0	0	0	0	0	0	0	0	0
PF00111.30	0	3	1	2	3	6	3	2	2	2	6	3
PF01799.23	0	1	0	0	0	0	0	1	0	0	2	0
PF01315.25	0	0	0	0	0	2	0	1	0	0	2	0
PF02738.21	0	0	0	0	0	2	0	1	0	0	2	0
PF20256.1	0	0	0	0	0	2	0	2	0	0	2	0
PF03699.16	0	0	0	0	0	0	0	0	0	0	0	0
PF00174.22	0	0	0	0	0	0	0	0	0	0	0	0
PF03404.19	0	0	0	0	0	0	0	0	0	0	0	0
PF02504.18	15	14	12	15	11	9	4	20	15	38	12	11
PF04231.16	1	1	1	3	1	2	1	1	0	0	2	1
PF13564.9	0	0	0	0	0	0	0	0	0	0	0	0
PF13305.9	0	0	0	0	1	0	0	0	0	0	0	0
PF01526.20	0	0	0	0	0	0	0	0	0	0	0	0
PF13732.9	1	5	1	4	6	2	2	1	6	4	0	0
PF00543.25	0	0	0	1	0	0	1	0	0	3	1	0
PF16450.8	0	0	0	0	0	0	0	0	0	0	0	0
PF01877.20	0	0	0	0	0	0	0	0	0	0	0	0
PF13589.9	12	10	4	19	20	5	11	11	12	14	29	7
PF01119.22	3	4	1	2	2	0	4	1	1	1	3	1
PF08676.14	3	4	1	1	2	0	4	1	1	1	3	1
PF04375.17	0	0	0	0	0	0	0	0	0	0	0	0
PF09982.12	0	0	0	0	0	0	0	0	0	0	0	0
PF03481.16	1	2	0	1	2	0	1	3	4	2	2	0
PF17773.4	0	0	0	0	0	1	0	0	0	0	0	0
PF14198.9	1	6	2	3	2	2	1	6	2	4	6	1
PF01420.22	0	0	1	2	0	2	1	6	5	10	6	2
PF18938.3	0	0	0	0	0	0	0	0	0	0	0	0
PF18651.4	0	0	0	0	0	0	0	0	0	0	0	0
PF20009.2	0	0	0	0	0	0	0	0	0	0	0	0
PF19076.3	0	0	0	0	0	0	0	0	0	0	0	0
PF07338.16	0	0	0	0	0	0	0	0	0	0	0	0
PF13937.9	0	0	0	0	0	0	0	0	0	0	0	0
PF04816.15	0	0	0	0	0	0	0	0	0	0	0	0
PF13936.9	1	1	2	1	2	1	0	1	0	1	1	0
PF02657.18	0	0	0	0	0	0	0	0	0	0	0	0
PF14258.9	0	0	0	0	0	0	0	0	1	0	0	0
PF13415.9	0	0	0	0	0	0	0	0	0	0	0	0
PF13188.10	0	0	0	1	1	2	0	3	2	1	0	0
PF01928.24	0	0	0	0	0	0	0	0	0	0	1	0
PF05235.17	0	0	0	0	0	0	0	0	0	0	0	0
PF20592.1	0	0	0	0	0	0	0	0	0	0	0	0
PF07501.15	5	8	4	5	1	3	5	4	5	11	6	1
PF18267.4	2	1	1	0	0	0	0	2	0	1	1	1
PF03460.20	5	6	9	8	4	12	5	14	7	34	17	3
PF01077.25	4	6	8	8	4	10	5	13	7	34	17	3
PF06271.15	0	0	0	4	0	1	1	1	0	6	4	1
PF01026.24	0	1	0	4	6	0	0	3	0	5	1	0
PF08291.14	0	0	0	0	0	0	0	0	0	0	0	0
PF05099.16	0	0	0	0	1	0	0	0	1	0	0	0
PF09339.13	0	1	1	1	0	0	0	0	0	1	0	0
PF01614.21	0	1	1	1	0	0	0	0	0	1	0	0
PF08450.15	0	0	0	0	0	0	0	0	0	0	0	0
PF03918.17	0	0	0	0	1	0	0	0	0	0	0	0
PF11950.11	0	0	0	0	0	0	0	0	0	1	0	0
PF13487.9	4	3	2	7	0	0	3	8	6	15	7	4
PF04227.15	0	0	0	0	0	2	0	0	0	0	0	0
PF00309.23	0	0	0	0	1	2	2	0	0	1	0	0
PF04963.16	0	0	0	0	1	2	2	0	0	1	0	0
PF04552.16	0	0	0	0	1	2	3	0	0	1	0	0
PF10986.11	0	0	0	0	0	0	0	0	0	0	0	0
PF02005.19	0	0	0	0	0	0	0	0	0	0	0	0
PF00067.25	0	1	0	0	0	0	1	1	1	0	2	1
PF13533.9	2	0	0	3	0	0	1	1	1	3	1	0
PF13175.9	2	0	2	1	2	1	3	1	1	6	11	2
PF14716.9	0	0	0	0	0	0	0	0	0	0	0	0
PF11349.11	0	0	0	0	0	0	0	0	0	0	0	0
PF04026.15	10	36	11	36	20	20	8	29	26	45	30	6
PF19302.2	13	7	5	7	21	13	5	10	7	26	12	4
PF00764.22	5	4	3	4	4	6	1	1	4	9	4	4
PF01813.20	15	9	2	14	13	15	2	9	6	17	20	8
PF07882.15	13	10	19	46	25	37	24	31	31	82	50	13
PF02952.20	19	17	23	56	31	41	26	37	39	100	56	16
PF02632.17	2	0	1	2	0	1	3	4	0	5	2	1
PF02127.18	7	9	9	14	10	11	7	3	8	22	8	0
PF05167.15	0	7	1	4	1	1	5	2	5	3	1	6
PF12010.11	1	0	2	1	3	3	3	19	2	26	4	1
PF06838.14	2	0	0	0	0	1	0	0	0	1	3	0
PF07264.14	0	0	0	0	0	0	0	0	0	0	0	0
PF12005.11	0	0	0	0	0	0	0	0	0	0	0	0
PF02011.18	0	0	0	0	0	0	0	0	0	0	0	0
PF09991.12	0	0	0	0	0	0	0	0	0	0	0	0
PF13407.9	158	360	110	286	103	246	153	274	175	652	312	76
PF16078.8	0	0	0	0	1	0	0	0	0	0	0	0
PF13672.9	0	1	1	1	2	3	1	1	2	2	1	0
PF13173.9	1	2	1	2	2	3	1	1	0	2	2	0
PF13635.9	1	2	1	4	2	2	1	1	0	2	1	0
PF12644.10	0	0	0	0	0	0	0	0	0	0	0	0
PF07788.14	0	0	0	0	0	0	0	0	0	0	0	0
PF09163.14	0	0	0	0	0	0	0	0	0	0	0	0
PF01863.20	0	0	1	4	2	3	1	3	0	4	3	0
PF07833.14	3	0	0	1	0	8	0	0	2	0	0	0
PF17202.7	3	5	2	7	2	1	0	6	0	3	10	0
PF10418.12	14	17	11	14	15	14	15	14	19	39	22	12
PF11545.11	0	0	0	0	0	0	0	0	0	0	0	0
PF00290.23	1	0	0	0	0	0	0	0	0	0	0	0
PF13510.9	15	12	14	8	3	10	10	7	12	23	24	9
PF10588.12	10	8	11	6	2	3	4	4	11	15	15	6
PF00037.30	35	69	53	60	35	59	24	73	34	118	75	15
PF01817.24	1	1	2	5	2	3	3	6	2	4	0	1
PF02153.20	0	2	0	1	1	0	0	0	0	1	2	0
PF16177.8	0	0	0	0	0	0	0	0	0	0	0	0
PF13125.9	0	0	0	0	0	0	0	0	0	0	0	0
PF01257.22	11	11	12	22	8	9	6	14	5	19	16	3
PF13237.9	4	6	1	8	3	9	3	2	1	6	5	1
PF01496.22	38	39	22	20	38	30	12	11	26	49	42	13
PF14194.9	0	0	0	0	0	0	0	0	0	0	0	0
PF12844.10	1	5	0	6	2	3	2	6	1	2	4	1
PF01967.24	0	0	0	0	0	0	0	0	0	0	1	0
PF01758.19	1	1	1	0	0	0	0	0	1	0	1	0
PF13623.9	0	6	0	5	7	8	1	4	1	9	1	0
PF00732.22	0	0	0	0	0	0	0	0	0	0	0	0
PF05199.16	0	0	0	0	0	0	0	0	0	0	0	0
PF12895.10	0	1	2	2	0	0	5	2	1	7	1	0
PF18942.3	0	0	1	0	1	0	0	4	0	0	0	0
PF10825.11	0	1	1	0	1	0	0	0	0	0	0	0
PF02167.18	0	0	0	0	0	0	0	0	0	0	0	0
PF13144.9	0	0	0	0	0	0	0	0	0	0	0	0
PF14535.9	3	4	3	2	0	1	4	1	4	16	3	3
PF02771.19	62	111	71	173	91	136	58	143	80	294	190	48
PF02770.22	62	111	71	173	91	136	58	143	80	294	190	48
PF00441.27	62	110	72	174	91	136	58	142	81	295	191	49
PF18952.3	6	0	0	2	2	0	0	1	2	9	0	0
PF01547.28	78	150	54	163	105	127	99	144	123	526	238	50
PF07683.17	0	1	2	1	0	4	0	3	0	1	0	0
PF01915.25	16	16	8	6	13	12	3	5	20	8	10	0
PF00150.21	2	0	1	2	0	0	2	0	1	2	1	1
PF12161.11	5	3	6	7	5	6	2	4	2	15	6	5
PF18537.4	4	7	5	12	4	4	4	14	2	21	8	5
PF03598.18	4	7	5	12	4	4	4	14	2	23	8	5
PF19436.2	4	8	5	12	4	4	4	14	4	23	8	5
PF03063.23	6	9	3	8	5	3	2	7	3	13	12	9
PF03060.18	10	9	3	2	0	0	2	2	4	11	2	1
PF05598.14	23	26	14	32	13	14	8	26	14	35	33	6
PF01076.22	5	2	0	0	1	1	0	1	2	2	4	3
PF09338.14	127	156	93	130	93	80	36	80	42	165	142	77
PF04723.17	32	30	22	25	16	19	13	32	12	68	49	14
PF19789.2	2	0	1	3	0	0	0	0	0	1	0	0
PF13290.9	5	12	2	8	29	32	5	5	3	10	13	0
PF05729.15	0	0	0	0	1	1	0	0	1	1	1	0
PF12750.10	0	0	0	0	0	0	0	0	0	0	0	0
PF19478.2	0	1	0	0	1	0	0	0	1	0	1	1
PF14193.9	0	0	0	0	0	0	0	1	0	0	0	0
PF18852.4	0	0	0	0	0	0	1	0	0	0	0	0
PF08401.14	0	2	1	0	0	2	2	1	1	0	0	0
PF06114.16	1	2	1	0	1	1	3	1	1	0	1	1
PF14191.9	0	2	1	0	0	5	2	3	1	0	0	0
PF14195.9	0	2	1	0	0	3	2	3	1	0	1	1
PF12645.10	3	0	0	3	1	1	1	0	0	0	2	0
PF00301.23	2	11	10	20	10	24	4	24	3	12	15	4
PF02920.18	28	37	47	42	27	18	14	58	35	99	68	23
PF14283.9	0	1	0	1	0	0	0	0	0	0	0	0
PF12666.10	0	0	1	0	0	0	0	0	0	0	0	0
PF12642.10	0	0	0	0	0	0	0	0	0	0	0	0
PF00042.25	0	0	0	0	0	0	0	0	0	0	0	0
PF12728.10	1	1	0	4	1	1	1	5	2	2	0	0
PF02545.17	1	0	1	1	0	2	0	2	0	1	1	0
PF13620.9	0	0	0	0	0	0	0	0	1	0	0	0
PF04413.19	0	0	0	1	0	0	0	0	0	0	0	0
PF03575.20	1	1	0	2	0	0	0	1	0	0	1	0
PF04613.17	0	0	0	2	0	1	0	0	0	0	0	0
PF11028.11	0	1	1	0	4	2	1	0	0	4	3	0
PF02417.18	1	1	1	1	0	0	0	1	0	1	1	1
PF13304.9	4	2	1	5	1	1	0	4	1	5	5	1
PF12186.11	0	1	0	2	3	8	0	0	0	1	0	0
PF01502.21	0	2	0	0	2	1	3	2	1	1	3	1
PF01503.20	0	1	0	1	2	0	3	2	1	1	2	1
PF08328.14	0	1	1	0	2	3	0	0	0	0	0	0
PF12008.11	1	0	2	2	0	1	2	1	2	2	2	1
PF04973.15	0	0	0	0	0	0	0	0	0	0	0	0
PF16403.8	1	5	0	0	0	0	1	1	0	4	2	4
PF02190.19	4	5	2	11	7	6	1	4	12	8	5	2
PF04327.15	4	6	2	4	1	2	1	4	10	2	3	0
PF01032.21	1	0	2	3	3	1	1	1	1	0	3	0
PF05582.15	0	0	0	0	0	2	0	0	0	0	0	0
PF01867.19	0	0	0	0	1	0	3	0	1	5	0	0
PF04468.15	1	1	0	3	8	4	3	4	2	8	2	1
PF09491.13	0	0	0	0	0	0	0	0	0	1	0	0
PF07355.15	37	66	28	42	30	35	16	36	15	52	69	33
PF05544.14	11	23	15	23	11	5	5	26	11	43	10	9
PF19571.2	0	4	1	0	1	0	0	1	4	0	1	1
PF13751.9	13	12	11	18	11	7	7	22	15	45	28	4
PF02604.22	3	3	1	1	0	2	4	6	2	5	6	0
PF13401.9	1	3	1	4	2	2	3	1	1	2	3	1
PF09299.14	1	2	1	0	1	1	1	0	1	2	10	1
PF20020.2	1	2	1	0	0	0	0	0	0	0	0	0
PF05164.16	0	2	2	2	1	1	0	0	1	8	3	1
PF00269.23	8	57	86	92	80	94	34	60	14	77	51	28
PF02616.17	0	1	0	0	1	0	0	1	0	1	2	0
PF01992.19	8	12	5	8	14	9	2	6	10	11	18	8
PF19568.2	0	0	0	0	0	0	0	1	0	0	0	0
PF18980.3	1	0	2	1	1	0	1	0	5	4	6	0
PF01946.20	0	0	1	1	0	1	1	2	0	0	6	1
PF18075.4	0	3	2	6	1	5	3	2	2	9	3	0
PF12663.10	1	0	0	3	0	0	2	2	1	2	1	0
PF13847.9	0	2	4	3	1	4	0	2	1	4	2	0
PF14082.9	1	0	0	0	0	0	0	0	1	0	0	0
PF18828.4	0	2	1	0	0	1	1	1	0	0	0	0
PF05713.14	0	1	0	0	0	2	0	2	0	1	0	0
PF13588.9	2	2	1	1	1	0	0	0	0	0	0	1
PF08463.13	2	4	4	3	3	3	2	2	1	4	3	1
PF13263.9	1	1	1	0	0	0	0	1	1	5	1	0
PF02906.17	14	18	12	21	6	14	10	22	16	35	27	7
PF02256.20	10	6	7	4	2	3	4	3	11	13	13	5
PF12687.10	0	0	0	1	0	0	0	0	0	0	2	0
PF13150.9	0	0	0	0	0	0	0	0	0	0	0	0
PF12991.10	0	0	0	0	0	0	0	0	0	0	0	0
PF01656.26	1	5	1	5	3	2	5	2	3	2	3	2
PF01609.24	20	19	22	43	29	26	8	35	19	61	51	15
PF02401.21	25	23	29	25	33	24	6	28	6	92	32	9
PF04060.16	6	9	1	5	4	9	2	12	8	16	13	2
PF13375.9	13	20	14	26	9	14	11	14	16	30	23	13
PF14266.9	4	0	2	2	6	4	0	2	0	3	0	0
PF12685.10	1	0	0	1	4	0	1	0	4	1	2	3
PF03313.18	2	3	2	4	11	7	1	2	2	4	4	0
PF13458.9	2	7	3	6	2	9	6	5	4	7	10	0
PF00941.24	0	1	0	1	0	1	0	0	0	0	0	0
PF03450.20	0	1	0	1	0	1	0	0	0	0	0	0
PF02629.22	3	8	3	4	7	15	2	2	8	7	5	3
PF04199.16	0	0	1	2	0	0	0	0	0	0	1	0
PF01311.23	1	3	0	1	0	0	2	2	4	6	4	0
PF12733.10	3	6	3	7	0	0	0	0	0	3	3	0
PF02561.17	6	21	9	11	1	2	12	19	8	66	19	7
PF02465.21	41	126	46	56	9	11	18	76	19	111	59	12
PF07195.15	69	202	69	77	15	13	25	105	28	136	86	18
PF20074.2	5	7	2	3	2	4	1	7	2	10	4	3
PF06429.16	50	106	49	123	27	16	74	105	70	434	177	42
PF01814.26	4	4	1	4	5	6	3	1	5	11	8	2
PF07194.14	26	34	18	45	13	16	44	53	69	117	99	15
PF02895.17	26	34	18	45	13	16	44	53	69	117	99	15
PF01139.20	0	2	0	0	0	0	0	0	0	1	1	0
PF05076.16	1	1	0	0	0	0	0	0	0	0	1	0
PF09951.12	1	1	0	0	0	0	0	0	0	0	2	0
PF12673.10	0	3	0	0	5	0	6	3	12	5	6	0
PF08220.15	2	2	2	6	4	5	2	1	3	16	3	1
PF00455.25	2	2	2	6	3	4	2	1	3	15	3	1
PF03788.17	0	1	0	0	0	0	0	0	0	0	0	0
PF03116.18	1	8	4	4	1	6	1	2	2	5	6	1
PF06580.16	2	4	4	2	2	1	4	3	4	12	5	2
PF04233.17	0	1	0	0	1	1	0	0	0	0	0	0
PF03496.17	0	0	0	0	0	0	0	0	0	0	0	0
PF13479.9	0	0	0	0	0	0	0	0	0	0	0	0
PF01507.22	1	1	1	4	2	0	1	1	1	4	0	0
PF13714.9	0	1	0	0	0	0	0	0	1	1	0	0
PF12958.10	0	0	0	0	0	0	0	0	0	0	0	0
PF14236.9	0	0	0	0	0	0	0	0	0	0	0	2
PF17746.4	0	3	0	0	0	0	1	0	3	0	2	1
PF03749.16	0	3	0	0	0	0	1	0	3	0	2	1
PF07943.16	0	1	0	1	0	1	2	2	0	2	3	2
PF08769.14	1	0	1	4	4	3	1	2	0	2	0	0
PF18144.4	0	0	0	0	0	0	0	0	0	0	0	0
PF10048.12	0	0	0	0	0	0	0	0	0	0	0	0
PF08013.14	0	0	2	4	2	2	1	2	3	11	3	1
PF01487.18	1	1	0	2	0	2	0	0	0	1	0	0
PF13320.9	16	8	5	11	0	2	5	17	3	22	5	1
PF02719.18	3	1	0	7	2	4	5	1	2	4	1	1
PF08485.13	0	0	0	0	0	1	0	0	0	0	0	0
PF12911.10	4	4	3	5	4	7	2	1	0	8	3	2
PF07804.15	2	1	0	1	1	0	1	1	1	5	5	2
PF20613.1	0	0	0	0	0	0	0	0	0	0	0	1
PF00801.23	0	0	0	0	3	0	0	0	0	1	0	0
PF01113.23	4	1	0	1	3	3	1	2	2	7	3	0
PF05173.17	4	1	0	1	3	3	1	2	2	7	3	0
PF05922.19	0	0	0	0	1	4	2	5	0	3	1	0
PF07532.14	23	11	11	6	3	4	9	44	19	23	15	0
PF19192.3	0	0	0	0	0	0	0	0	0	0	0	0
PF19191.3	0	0	0	0	0	0	0	0	0	0	0	0
PF14284.9	0	0	0	0	0	0	0	0	0	0	0	0
PF09357.13	0	0	0	0	0	0	0	0	0	0	0	0
PF07693.17	0	0	0	2	1	0	0	0	0	0	0	0
PF13238.9	0	1	0	0	0	0	1	2	0	0	0	0
PF00923.22	2	2	6	1	3	0	1	2	5	6	4	1
PF10991.11	0	0	0	0	0	0	0	0	1	0	1	0
PF10926.11	0	0	1	1	0	0	0	0	2	0	4	1
PF05673.16	0	1	0	0	0	0	0	1	0	0	3	0
PF14202.9	0	2	0	0	0	1	0	0	0	3	1	1
PF15583.9	0	0	0	0	0	0	0	0	0	0	2	0
PF14568.9	1	0	0	1	0	0	0	0	0	0	2	0
PF14080.9	0	0	0	0	0	0	0	0	0	0	3	0
PF14062.9	0	0	0	1	0	0	0	0	0	1	2	0
PF00145.20	8	0	14	25	1	3	1	2	0	4	17	1
PF00326.24	3	7	7	14	14	30	5	6	4	18	1	0
PF07881.15	13	10	19	46	25	37	24	31	31	82	50	13
PF13853.9	0	0	0	0	0	0	0	0	0	0	0	0
PF00183.21	15	6	2	28	44	15	14	19	21	26	47	12
PF00639.24	0	4	0	4	16	10	2	2	1	5	0	0
PF13448.9	0	0	0	0	0	0	0	0	0	0	0	0
PF01716.21	0	0	0	0	0	0	0	0	0	0	0	0
PF18998.3	4	5	2	3	131	132	8	19	20	36	25	2
PF20597.1	0	0	0	0	0	0	0	2	0	1	0	0
PF18205.4	0	0	0	0	0	0	0	0	0	0	0	0
PF19778.2	0	0	0	0	0	0	0	2	0	0	0	0
PF13151.9	0	0	0	4	0	3	0	0	0	0	2	1
PF19553.2	1	1	0	0	0	1	0	0	0	1	0	0
PF10646.12	0	0	2	2	4	1	1	0	5	2	6	2
PF19364.2	21	28	17	28	25	18	13	21	10	38	45	29
PF13707.9	0	0	1	0	2	0	0	0	0	0	0	0
PF00460.23	52	101	43	123	25	18	77	101	66	432	178	40
PF02028.20	0	0	0	1	0	0	0	0	2	0	0	0
PF14203.9	4	2	5	0	0	0	1	3	0	0	0	0
PF17295.5	0	0	0	2	0	1	0	0	0	3	2	2
PF04326.17	9	8	10	15	13	15	3	10	10	14	21	10
PF13749.9	8	7	9	15	4	6	3	11	10	14	20	10
PF08002.14	0	0	1	1	0	0	0	0	0	2	1	1
PF13702.9	0	1	0	0	0	0	0	0	0	0	0	0
PF13586.9	1	2	0	4	0	2	3	6	3	3	4	3
PF13358.9	0	2	2	4	1	1	3	1	4	18	9	6
PF03050.17	12	47	28	42	28	36	17	51	25	53	46	17
PF13817.9	6	31	19	22	4	10	8	29	13	28	32	10
PF18610.4	5	3	0	2	2	2	21	22	7	29	1	3
PF17802.4	38	24	16	6	0	18	17	62	58	92	12	1
PF18202.4	0	0	0	0	0	0	0	0	0	0	0	0
PF12636.10	0	0	0	0	1	0	0	1	0	0	3	0
PF03235.17	6	3	6	6	3	2	2	2	0	10	2	0
PF03652.18	0	3	3	6	4	8	2	0	1	7	5	0
PF13166.9	0	0	0	0	0	0	0	0	0	0	0	0
PF17853.4	5	5	4	9	5	4	7	19	6	28	15	5
PF13556.9	5	5	3	7	4	5	5	14	6	23	11	5
PF02508.17	5	5	4	5	6	5	2	9	1	14	6	5
PF00793.23	1	0	2	3	4	5	1	2	0	4	3	0
PF18840.4	1	0	0	1	1	0	0	2	1	0	1	0
PF11175.11	0	0	0	0	0	0	0	0	0	0	0	0
PF03644.16	0	0	0	0	0	0	0	0	0	0	0	0
PF18911.3	0	0	2	0	0	0	0	0	0	0	0	1
PF01074.25	0	0	1	0	0	0	2	4	3	4	2	0
PF09261.14	1	1	1	0	0	0	2	5	4	4	2	0
PF07748.16	1	1	0	0	0	0	2	5	4	3	2	0
PF17677.4	1	0	0	0	0	0	2	5	4	3	2	0
PF14524.9	0	1	0	1	0	0	1	1	3	2	3	0
PF02441.22	4	1	1	9	5	1	4	8	3	14	5	2
PF01229.20	0	0	0	1	0	0	0	0	1	0	0	0
PF02342.21	7	6	5	1	2	5	3	4	5	6	3	2
PF08501.14	0	0	2	2	0	4	1	4	2	3	1	1
PF18317.4	0	0	2	2	0	1	1	3	2	3	1	1
PF02614.17	3	4	0	4	0	1	1	3	1	5	6	2
PF16107.8	0	0	0	0	0	0	0	1	0	0	0	0
PF05717.16	1	0	1	1	7	6	0	3	1	6	17	6
PF05136.16	1	1	0	3	0	0	0	0	0	0	0	0
PF00882.21	2	2	0	0	0	2	0	0	0	0	0	0
PF10369.12	4	0	0	0	1	4	1	4	1	7	1	2
PF16736.8	1	1	0	0	0	2	0	0	0	1	0	0
PF17678.4	0	1	0	0	7	10	0	1	0	2	1	0
PF07971.15	0	1	0	0	8	11	0	1	0	2	1	0
PF13306.9	169	153	74	159	52	48	145	212	179	435	187	27
PF03422.18	0	0	0	0	0	1	3	9	11	2	0	0
PF17851.4	0	1	2	0	0	0	0	1	1	2	0	0
PF02219.20	4	7	1	2	3	4	3	1	4	4	5	0
PF05683.15	3	3	2	5	13	18	7	2	5	11	5	1
PF18842.4	0	0	0	0	0	0	0	0	0	0	0	0
PF18830.4	0	1	1	0	1	2	0	1	0	0	1	0
PF14096.9	0	0	0	0	0	0	0	0	0	0	0	0
PF07005.14	0	0	0	0	0	0	0	0	0	0	0	0
PF17042.8	0	0	0	0	0	0	0	0	0	0	0	0
PF10076.12	0	0	0	0	0	0	0	0	0	0	0	0
PF04865.17	0	0	1	4	1	0	0	0	3	0	0	0
PF10934.11	0	0	0	0	0	0	0	0	0	0	0	0
PF08890.14	0	0	0	0	0	0	0	0	0	1	0	0
PF09393.13	0	0	0	0	0	0	0	0	0	0	0	0
PF17481.5	2	0	0	4	0	0	0	0	5	0	1	0
PF04984.17	2	0	0	4	0	0	0	0	5	3	2	0
PF17482.5	2	0	0	2	0	0	0	0	5	3	2	0
PF04883.15	0	0	0	1	0	0	1	0	0	0	0	0
PF06810.14	1	0	0	0	0	0	0	0	0	0	0	0
PF05133.17	0	0	0	0	0	0	0	0	0	0	1	0
PF04466.16	0	1	0	0	0	0	0	0	0	0	0	0
PF17288.5	0	1	0	0	0	0	0	0	0	0	0	0
PF03747.17	0	0	1	2	1	1	1	1	1	2	1	0
PF05037.16	0	0	0	0	0	0	0	0	0	0	0	0
PF04295.16	0	1	0	1	1	0	0	2	0	0	0	0
PF18152.4	1	0	0	1	1	0	0	0	0	1	1	0
PF04223.15	1	0	0	0	0	1	0	0	0	0	0	0
PF06808.15	3	6	2	2	0	1	0	1	1	2	5	0
PF06130.15	12	10	14	18	10	12	8	12	12	6	20	10
PF02562.19	5	3	1	1	1	3	2	3	0	6	2	1
PF03354.18	0	1	0	0	0	0	0	0	0	2	0	0
PF20441.1	0	1	0	0	0	0	0	0	0	2	0	0
PF01557.21	0	0	0	0	0	0	0	0	0	0	0	0
PF05063.17	0	0	0	0	0	0	0	0	1	0	0	0
PF18789.4	0	1	0	0	0	0	0	0	0	0	0	0
PF01297.20	0	0	0	0	0	0	0	0	1	0	2	0
PF08376.13	0	0	0	0	0	0	0	0	0	0	0	0
PF02595.18	1	2	1	1	1	2	0	0	2	1	0	1
PF09913.12	1	0	3	0	1	1	0	1	1	2	1	0
PF06180.14	2	2	0	0	3	2	1	6	3	1	2	2
PF13149.9	0	0	0	3	4	5	1	2	0	0	0	0
PF20164.1	0	0	0	0	0	0	0	0	0	0	0	0
PF05425.16	0	0	0	0	0	0	0	0	0	0	0	0
PF09678.13	0	0	0	0	0	0	0	0	0	0	0	0
PF06769.17	0	0	0	4	3	1	3	3	0	2	7	0
PF07366.15	1	9	1	4	2	5	4	5	2	12	7	2
PF17179.7	6	8	2	2	3	4	4	1	1	9	5	1
PF14310.9	15	16	8	6	11	11	3	5	20	8	10	0
PF03473.20	0	1	0	1	0	0	0	0	0	0	0	0
PF20501.1	0	0	0	0	0	0	0	0	1	1	0	0
PF04039.16	0	0	0	0	0	0	0	0	1	1	0	0
PF02305.20	0	0	0	0	0	0	0	0	0	0	0	0
PF14322.9	5	22	17	49	91	218	7	17	5	57	9	0
PF07980.14	5	23	18	50	91	220	9	19	5	59	10	0
PF01298.21	0	0	0	0	0	0	0	0	0	0	0	0
PF02107.19	0	0	0	0	0	0	0	0	0	0	0	0
PF00296.23	0	0	0	0	1	0	0	0	1	0	0	0
PF03861.17	0	0	0	0	0	0	0	1	1	0	0	0
PF09856.12	0	0	0	0	0	0	0	0	0	0	0	0
PF07949.15	6	11	6	15	5	3	7	2	10	18	9	4
PF07352.15	0	0	0	0	0	0	0	0	0	0	0	0
PF06074.15	0	0	0	1	1	0	0	0	0	0	0	0
PF10124.12	0	0	0	0	0	0	0	0	0	0	0	0
PF07030.15	0	0	0	0	0	0	0	0	0	0	0	0
PF12730.10	10	10	4	5	2	8	0	0	0	1	3	1
PF01063.22	1	4	2	3	5	9	3	4	3	7	8	1
PF04439.15	0	0	1	2	0	0	1	0	1	6	6	0
PF06486.14	1	3	1	0	0	1	0	0	0	0	1	0
PF01473.23	370	847	252	262	68	256	42	153	107	251	108	24
PF19085.3	98	214	63	65	7	3	6	27	9	48	30	7
PF19127.3	138	295	89	114	56	118	27	63	40	102	44	9
PF01183.23	3	2	2	3	1	1	6	3	7	11	8	0
PF04293.16	0	0	0	0	0	0	0	0	0	0	0	0
PF20008.2	0	0	0	0	0	0	0	1	0	1	0	0
PF00188.29	1	2	1	4	0	0	12	5	7	26	11	5
PF09479.13	36	121	77	287	21	24	21	55	31	81	60	12
PF14014.9	0	0	0	0	0	0	0	0	0	0	0	0
PF04378.16	0	0	0	0	0	0	0	0	0	0	0	0
PF06472.18	0	1	0	0	0	0	0	0	0	0	0	0
PF02951.17	0	0	0	0	0	0	0	0	0	0	0	1
PF02955.19	0	0	0	0	0	0	0	0	0	0	0	1
PF13204.9	0	0	0	0	1	2	0	1	0	0	0	0
PF02324.19	0	0	0	0	0	0	0	0	0	0	0	0
PF13457.9	0	0	0	0	0	0	0	0	0	0	0	0
PF13632.9	0	0	0	0	0	0	0	0	0	0	0	0
PF13531.9	1	0	0	0	0	0	0	0	1	0	0	0
PF12399.11	0	1	0	0	0	0	0	0	0	2	0	1
PF00771.23	6	19	6	10	4	6	6	3	11	19	11	3
PF17391.5	0	6	1	4	2	6	6	5	1	10	6	2
PF01175.21	0	6	1	4	2	6	6	5	1	10	6	2
PF17392.5	0	6	1	4	2	6	6	5	1	10	6	2
PF09035.13	0	0	0	0	0	0	0	0	0	0	0	0
PF10105.12	1	2	0	0	0	1	1	1	0	2	0	0
PF01823.22	0	0	0	0	0	0	0	0	0	0	0	0
PF20142.2	0	0	0	0	0	0	0	0	0	0	0	0
PF12156.11	0	0	0	0	0	0	0	0	0	0	0	0
PF05895.15	0	0	0	0	0	0	0	0	0	0	0	0
PF05662.17	0	0	0	0	0	0	0	0	0	0	0	0
PF05658.17	0	0	0	0	0	0	0	0	0	0	0	0
PF06175.14	0	0	0	0	0	0	0	0	0	0	0	0
PF10162.12	0	0	0	0	0	0	0	0	0	0	0	0
PF18962.3	0	0	0	0	0	1	0	1	1	0	0	0
PF12847.10	1	1	1	5	3	2	2	0	4	1	2	0
PF06545.14	2	5	3	3	6	6	2	2	2	5	4	2
PF00722.24	3	0	0	0	2	3	0	0	0	2	0	0
PF02608.17	4	15	11	23	2	1	11	11	9	46	29	4
PF08874.13	0	1	0	2	1	2	0	0	0	1	3	1
PF12395.11	0	1	0	2	1	2	0	0	0	1	3	1
PF09547.13	0	5	5	9	2	2	3	1	1	4	2	0
PF20438.1	0	5	5	9	2	2	3	1	1	4	2	0
PF20439.1	0	5	5	9	2	2	3	1	1	4	2	0
PF13451.9	3	2	1	1	6	4	2	1	5	10	3	4
PF01746.24	1	4	0	5	1	1	0	1	1	3	3	0
PF08903.14	3	1	1	4	1	1	0	1	1	3	2	1
PF12224.11	0	0	0	0	0	0	0	0	0	0	0	0
PF06751.14	1	5	1	1	1	1	0	1	0	6	2	0
PF00936.22	47	32	22	34	30	20	7	16	21	53	20	17
PF06134.14	1	0	1	5	1	0	1	1	0	2	0	0
PF05816.14	4	5	4	5	3	5	3	7	6	14	10	2
PF07728.17	0	1	1	0	0	0	1	3	1	2	1	0
PF13624.9	1	0	1	0	0	1	0	0	3	3	0	0
PF17937.4	0	0	0	0	0	0	0	0	0	0	0	0
PF18059.4	0	0	0	0	0	0	0	0	0	0	0	0
PF19425.2	0	0	0	0	0	0	0	0	0	0	0	0
PF07635.14	0	0	0	0	0	0	0	0	1	0	0	0
PF07626.14	0	0	0	0	0	0	0	0	1	0	0	0
PF07637.14	0	0	0	0	0	0	0	0	1	0	0	0
PF07631.14	0	0	0	0	0	0	0	0	1	0	0	0
PF07627.14	0	0	0	0	0	0	0	0	1	0	0	0
PF07624.14	0	0	0	0	0	0	0	0	1	0	0	0
PF01035.23	1	1	0	1	1	1	1	0	0	1	1	1
PF04357.16	0	0	0	0	3	2	0	1	1	1	0	0
PF13488.9	0	0	0	0	3	2	0	0	0	0	0	0
PF20057.2	0	0	0	0	0	0	0	0	0	0	0	0
PF10415.12	1	3	3	6	4	2	0	2	1	1	2	1
PF12345.11	0	0	0	0	0	0	0	0	0	0	0	0
PF02018.20	4	1	1	6	1	0	2	8	13	11	2	0
PF07550.14	0	0	0	0	0	0	0	0	0	0	0	0
PF07995.14	0	0	0	0	0	0	0	0	0	0	0	0
PF13517.9	0	0	0	0	0	0	0	0	0	0	0	0
PF09414.13	3	0	0	1	2	1	0	1	2	0	0	1
PF06490.14	0	0	0	0	0	0	0	0	0	0	0	0
PF04229.17	0	0	0	0	1	0	0	0	0	0	0	0
PF03916.17	0	0	0	0	0	0	0	0	0	0	0	0
PF17899.4	0	0	0	0	0	0	0	0	0	0	0	0
PF05299.15	0	0	0	0	0	0	0	0	0	0	0	0
PF00724.23	2	6	2	6	10	2	0	2	1	4	12	1
PF02091.18	0	0	0	0	0	0	0	0	0	0	0	0
PF08787.14	0	0	0	0	0	0	0	0	0	0	0	0
PF17892.4	0	0	0	0	0	0	0	0	0	0	0	0
PF17963.4	0	0	0	0	0	0	0	0	0	0	0	0
PF18931.3	2	0	0	0	1	0	0	0	0	0	0	0
PF04754.15	0	1	1	0	1	4	1	1	0	2	1	1
PF10145.12	1	0	1	10	1	2	0	0	0	0	4	0
PF02511.18	0	0	0	0	0	0	0	0	0	1	0	0
PF04014.21	1	2	7	2	0	5	1	7	0	4	3	1
PF06908.14	0	1	0	0	0	0	0	0	0	0	0	0
PF13346.9	0	1	0	3	1	1	0	0	1	0	2	2
PF12837.10	1	1	1	0	1	0	0	3	0	4	0	0
PF15937.8	0	0	0	0	0	0	0	0	0	0	0	0
PF13470.9	1	3	0	3	0	2	0	0	1	4	1	0
PF04221.15	2	4	5	2	2	2	7	7	4	10	8	2
PF05016.18	2	6	2	4	0	1	0	3	0	7	5	0
PF06964.15	0	3	4	7	0	2	2	7	2	15	5	1
PF13007.10	5	39	20	23	4	18	12	33	18	35	42	16
PF13643.9	0	1	2	1	2	0	0	0	0	0	0	0
PF01583.23	0	1	0	0	0	0	0	0	0	4	1	0
PF03965.19	28	37	17	19	16	11	5	15	20	24	22	5
PF19546.2	2	1	1	3	1	0	2	0	0	1	1	1
PF17761.4	6	10	8	9	10	6	3	10	2	16	12	5
PF06250.14	6	10	10	9	10	6	3	10	2	16	12	5
PF04509.15	46	31	16	31	26	22	21	38	46	74	44	23
PF01052.23	31	23	10	18	16	17	15	25	23	51	30	13
PF04647.18	1	5	2	0	5	7	0	5	0	4	8	4
PF07697.14	0	1	0	0	0	4	0	0	0	0	0	0
PF09424.13	2	0	0	1	4	4	0	1	0	0	0	0
PF04020.16	0	0	0	0	1	0	0	0	0	0	1	0
PF00462.27	1	1	2	2	0	1	1	1	2	6	0	0
PF07602.14	0	0	0	0	0	0	0	0	0	0	0	0
PF05569.14	36	71	16	24	38	43	6	17	17	30	36	8
PF00544.22	0	0	0	0	0	0	0	0	0	0	0	0
PF13229.9	2	2	1	2	1	6	0	1	0	7	1	1
PF18283.4	0	0	0	0	0	0	0	0	0	0	0	0
PF02547.18	0	2	1	5	4	6	3	1	4	6	2	0
PF13721.9	0	0	0	0	0	0	0	0	0	0	0	0
PF03938.17	1	2	2	16	8	8	1	0	1	16	1	0
PF11392.11	0	0	0	0	0	1	0	0	0	0	0	0
PF12860.10	1	0	0	0	0	0	0	0	0	0	0	0
PF09852.12	0	0	0	0	0	0	0	0	0	0	0	0
PF11985.11	0	0	0	0	0	0	0	0	0	0	0	0
PF13165.9	2	4	1	6	1	2	4	1	5	5	4	0
PF02914.18	0	0	0	0	0	0	0	0	0	0	0	0
PF13303.9	1	1	0	1	1	1	0	1	2	3	0	1
PF18824.4	0	0	0	0	0	0	0	0	0	0	0	0
PF14078.9	0	0	0	0	0	0	0	0	0	0	1	0
PF01070.21	0	2	2	6	0	0	0	0	0	0	0	0
PF02682.19	1	0	0	0	0	0	0	0	0	0	0	0
PF03328.17	0	0	0	0	0	0	0	1	0	1	0	0
PF14804.9	6	4	3	5	1	2	1	2	2	8	9	0
PF01424.25	6	4	3	5	1	2	1	2	2	8	9	0
PF03737.18	0	0	0	0	0	0	0	0	0	0	0	0
PF20038.2	0	0	0	0	0	0	0	0	0	0	0	0
PF01066.24	0	2	3	1	3	3	0	0	1	7	0	0
PF01144.26	16	33	13	25	6	14	2	8	5	22	17	3
PF09039.14	0	0	0	0	0	0	0	0	0	0	0	0
PF03746.19	0	0	1	0	0	0	0	1	0	0	0	0
PF01566.21	1	2	0	1	0	0	0	0	0	0	0	2
PF07286.15	0	0	2	1	0	0	0	0	0	0	0	1
PF08497.13	0	1	0	1	1	2	1	1	0	3	4	0
PF11842.11	0	1	0	1	1	1	1	1	0	3	4	0
PF00215.27	0	1	3	8	2	8	1	1	1	1	4	0
PF00302.21	0	0	0	2	0	0	2	0	1	2	1	2
PF02754.19	2	8	4	7	4	8	2	4	0	16	8	4
PF15714.8	0	1	3	2	0	0	0	3	0	2	0	1
PF12710.10	0	0	0	3	3	2	0	2	0	0	0	0
PF07873.14	0	0	0	1	0	0	0	0	3	1	2	0
PF04232.15	0	0	0	0	0	0	0	0	0	0	0	0
PF02411.18	0	0	0	0	0	0	0	0	0	0	0	0
PF05170.17	0	0	0	0	0	0	0	0	0	0	0	0
PF13493.9	0	0	0	0	0	0	0	1	1	0	1	1
PF13840.9	0	1	1	1	1	4	0	0	1	2	0	1
PF06677.15	0	0	0	0	0	0	0	0	0	0	0	0
PF13860.9	3	0	2	0	0	3	1	8	1	5	1	1
PF18934.3	0	1	0	0	0	0	0	0	1	0	1	0
PF20458.1	0	0	0	0	0	0	0	0	0	0	0	0
PF07993.15	0	0	0	1	1	2	1	5	0	5	1	0
PF07394.15	0	0	0	0	0	0	0	0	0	0	0	0
PF01348.24	0	0	1	1	1	0	0	0	0	1	3	0
PF08495.13	2	5	0	9	1	2	6	5	9	29	13	3
PF10442.12	1	5	0	3	0	0	3	3	4	3	6	0
PF04630.15	0	0	0	0	0	0	0	0	0	0	0	0
PF08797.14	0	0	0	2	0	3	0	0	0	0	1	0
PF01292.23	0	0	0	0	0	0	0	0	0	0	0	0
PF14814.9	0	0	0	0	0	0	0	0	0	0	0	0
PF11794.11	0	0	0	1	0	0	0	0	0	1	0	0
PF03241.16	0	0	0	1	0	0	0	0	0	1	0	0
PF00857.23	1	1	2	0	1	0	0	0	3	2	3	0
PF13343.9	1	0	1	1	1	0	0	1	0	2	1	1
PF13380.9	0	0	0	0	0	0	0	0	0	0	0	0
PF10593.12	0	0	0	0	0	0	0	1	0	0	0	0
PF10592.12	0	0	1	0	0	0	0	0	0	0	0	0
PF09924.12	2	4	0	0	0	0	2	2	2	1	0	0
PF00487.27	0	0	0	0	0	0	0	0	0	0	0	0
PF08818.14	0	0	0	1	0	0	0	0	0	0	2	1
PF12681.10	2	0	0	0	0	1	0	1	0	3	2	2
PF20148.2	1	1	3	0	0	0	0	4	0	2	1	0
PF05580.15	2	0	0	0	0	0	2	0	0	3	3	0
PF11888.11	0	0	0	0	0	0	0	0	0	0	0	0
PF15572.9	0	0	0	0	0	0	0	0	0	0	0	0
PF11760.11	0	2	0	0	2	0	0	0	0	1	1	0
PF01890.19	0	2	0	0	2	0	0	0	0	1	1	0
PF13296.9	0	0	0	0	0	0	0	0	0	0	0	0
PF18991.3	0	3	0	2	1	1	0	0	2	4	1	0
PF13569.9	0	5	2	3	2	1	0	0	2	7	2	0
PF03448.20	2	0	2	3	8	2	4	3	6	6	7	1
PF01769.19	2	0	2	2	8	2	1	3	3	5	4	0
PF07606.14	0	0	0	0	0	0	0	0	0	0	0	0
PF13442.9	0	0	0	0	0	0	0	0	0	0	0	0
PF06695.14	0	1	0	1	0	0	0	0	0	0	1	0
PF13595.9	0	0	0	0	0	0	0	0	1	0	0	0
PF04967.15	0	0	0	0	0	0	0	0	0	0	0	0
PF12225.11	0	2	0	2	1	2	1	1	0	3	5	0
PF17200.7	0	0	1	7	1	0	6	3	6	24	13	2
PF00089.29	0	0	0	0	0	0	0	0	0	0	0	0
PF09002.14	0	0	0	0	0	0	0	0	0	0	0	0
PF02798.23	0	0	0	0	0	0	0	0	0	0	0	0
PF00043.28	0	0	0	0	0	0	0	0	0	0	0	0
PF11734.11	1	1	1	2	1	5	1	0	0	3	0	1
PF05853.15	1	1	0	1	0	1	0	0	1	0	1	1
PF03551.17	3	0	2	0	1	2	0	2	2	5	1	0
PF10400.12	0	0	0	0	0	0	0	0	0	0	0	0
PF07848.15	0	0	0	0	0	0	0	0	0	0	0	0
PF08223.14	0	0	0	0	0	0	0	0	0	0	0	0
PF07729.15	3	5	3	7	1	6	5	1	5	6	3	0
PF01386.22	0	2	0	6	8	5	0	4	0	4	0	0
PF14693.9	0	2	0	6	8	5	0	4	0	4	0	0
PF13116.9	0	0	0	0	0	0	0	0	0	0	0	0
PF16199.8	0	2	1	1	0	1	0	2	0	1	0	0
PF11520.11	0	0	0	0	0	0	0	0	0	0	0	0
PF02631.19	0	2	1	0	1	0	4	0	1	0	0	0
PF14319.9	2	2	0	1	2	1	0	2	0	3	2	0
PF04986.16	2	2	0	1	2	1	0	2	0	3	3	0
PF18974.3	0	0	0	0	0	0	0	1	0	0	0	0
PF13699.9	0	0	0	0	0	0	0	0	0	0	0	0
PF00092.31	2	0	0	3	1	0	1	1	2	2	1	0
PF14489.9	1	0	1	1	0	1	1	1	0	3	1	2
PF04383.16	0	0	1	1	2	2	1	3	1	3	3	0
PF05693.16	2	2	0	8	6	0	4	4	0	0	0	0
PF11897.11	1	2	0	6	19	7	6	2	0	4	1	0
PF12439.11	1	1	0	1	8	22	2	0	0	9	0	1
PF06202.17	1	1	0	1	8	22	2	0	0	9	0	1
PF03065.18	0	1	0	3	5	17	0	0	0	2	1	0
PF12708.10	1	2	0	2	0	0	0	1	0	5	2	0
PF00295.20	0	0	0	1	0	0	0	0	0	1	1	0
PF01095.22	0	0	0	0	0	0	0	0	0	0	1	0
PF07495.16	0	2	0	0	1	0	2	0	1	2	0	0
PF13636.9	3	0	0	2	2	0	2	1	0	1	0	0
PF02591.18	0	1	0	1	7	6	0	0	0	1	0	0
PF04205.17	3	0	3	9	9	4	2	4	4	5	10	0
PF03993.15	22	70	38	148	84	118	0	15	9	50	25	0
PF02308.19	0	1	0	0	2	0	0	0	0	1	0	1
PF13205.9	0	1	0	1	6	1	0	0	0	0	0	0
PF12831.10	0	0	0	0	0	0	0	0	0	0	0	0
PF10459.12	0	0	0	0	0	0	0	0	0	0	0	0
PF02475.19	0	0	0	0	0	0	1	0	1	0	0	0
PF13368.9	0	0	0	14	6	18	3	3	9	6	3	0
PF01975.20	0	0	1	0	2	0	0	0	0	0	1	0
PF04390.15	0	0	0	0	0	1	0	0	0	0	0	0
PF06824.14	1	0	0	0	2	2	0	0	0	0	0	0
PF14128.9	0	0	0	2	0	0	0	0	1	0	0	0
PF05681.17	8	5	3	11	11	15	5	5	3	18	7	2
PF16314.8	0	0	0	1	0	0	0	0	0	0	0	0
PF02347.19	0	5	2	16	10	14	2	5	2	4	1	0
PF13525.9	1	0	1	2	2	1	0	0	1	3	1	0
PF14805.9	0	0	0	0	0	0	0	0	0	0	0	0
PF02897.18	0	0	0	0	0	0	0	0	0	0	0	0
PF02405.19	0	0	0	0	0	1	0	0	0	1	0	0
PF01464.23	3	2	3	6	11	8	2	0	1	5	3	1
PF18935.3	0	0	0	0	2	0	1	1	0	0	0	0
PF13100.9	0	1	0	2	2	4	0	0	0	2	0	0
PF14134.9	0	1	0	2	9	4	0	1	0	3	0	0
PF00329.22	1	3	0	6	9	11	1	0	2	3	0	0
PF00346.22	1	3	0	6	17	21	1	0	2	3	0	0
PF19838.2	0	1	0	0	3	1	0	0	1	1	1	1
PF14123.9	0	2	0	1	2	2	0	0	0	1	0	0
PF08666.15	1	2	1	1	1	2	0	4	0	4	5	1
PF13740.9	0	0	0	1	3	2	0	0	0	1	0	0
PF14127.9	1	0	0	0	1	1	0	0	0	0	0	0
PF04773.16	0	0	0	1	0	0	0	0	0	0	0	0
PF16344.8	0	0	0	1	0	0	0	0	0	0	0	0
PF03571.18	0	0	0	4	4	4	0	0	0	4	2	0
PF02666.18	1	1	0	1	0	1	0	0	0	0	0	0
PF08665.15	1	2	1	5	1	5	0	9	0	2	1	0
PF07676.15	9	51	24	110	128	199	28	40	18	111	19	0
PF03169.18	0	4	0	3	2	3	1	0	1	1	1	0
PF02749.19	1	3	1	7	0	0	0	0	0	1	2	0
PF01729.22	1	3	1	7	0	0	0	0	0	1	2	0
PF03308.19	0	0	1	0	0	1	0	0	2	0	1	0
PF05896.14	1	0	0	0	1	0	1	0	0	0	0	0
PF11973.11	1	0	0	0	1	0	1	0	0	0	0	0
PF00970.27	3	6	4	6	6	11	5	1	4	15	9	6
PF07837.15	1	0	3	3	4	4	2	3	2	9	2	1
PF02971.17	1	0	3	3	4	4	2	3	2	9	2	1
PF04961.15	1	2	5	3	3	4	2	3	3	9	3	0
PF00221.22	1	6	0	4	3	4	0	4	0	4	1	2
PF04172.19	0	0	1	0	0	1	0	0	0	0	2	0
PF20600.1	0	0	0	0	1	1	0	1	0	2	0	0
PF06971.16	1	3	0	1	0	7	0	0	6	2	1	1
PF01252.21	1	1	1	1	2	1	0	0	2	4	1	0
PF19577.2	0	0	0	0	0	0	0	0	0	0	0	0
PF02585.20	5	2	5	0	8	13	1	9	0	30	0	0
PF02498.20	0	2	0	0	0	0	0	1	0	2	1	0
PF03374.17	0	0	0	0	0	0	0	0	0	0	0	0
PF18956.3	0	0	0	0	0	1	0	0	0	0	0	0
PF09709.13	2	0	1	2	2	1	2	2	1	8	2	0
PF20463.1	0	2	0	1	1	0	0	0	0	1	2	0
PF12897.10	4	12	3	2	0	0	1	0	3	2	1	0
PF01011.24	0	0	0	0	0	0	0	0	0	0	0	0
PF13734.9	1	4	2	8	10	25	1	2	2	6	3	1
PF01640.20	1	3	1	8	10	25	1	2	2	5	2	1
PF09968.12	0	0	0	0	0	0	0	0	0	0	0	0
PF07610.14	0	1	0	1	0	0	0	0	0	1	0	0
PF04443.15	0	0	0	0	0	1	0	1	0	0	0	0
PF13650.9	0	0	0	0	1	0	0	0	0	0	0	0
PF13195.9	0	0	0	0	3	1	0	0	0	0	0	0
PF18741.4	0	0	0	0	3	1	0	0	0	0	0	0
PF11784.11	0	0	0	0	0	0	0	0	0	0	0	0
PF08124.14	0	0	0	0	0	0	0	0	0	0	0	0
PF02278.21	0	0	0	0	0	0	0	0	0	0	0	0
PF02884.20	0	0	0	0	0	0	0	0	0	0	0	0
PF06210.14	0	0	0	0	0	0	0	0	0	0	0	0
PF17919.4	2	0	0	1	1	1	0	2	2	3	1	0
PF04453.17	0	0	0	0	0	0	0	0	0	0	0	0
PF05359.14	0	0	0	0	0	0	0	0	0	0	0	0
PF13191.9	0	0	0	0	0	0	0	1	0	0	0	0
PF10622.12	0	0	0	0	0	0	0	0	0	0	0	0
PF10108.12	0	0	0	0	0	0	0	0	0	0	0	0
PF05368.16	0	0	0	0	0	0	0	0	0	1	0	0
PF12320.11	1	2	1	1	1	0	0	0	0	0	0	0
PF07705.14	0	0	1	0	0	0	0	0	0	1	1	0
PF08411.13	0	0	0	0	0	0	0	0	0	0	0	0
PF07331.14	0	1	0	2	0	0	0	0	0	0	0	0
PF17651.4	0	0	0	1	1	2	1	1	1	1	2	2
PF14574.9	0	0	0	2	1	2	2	2	2	1	3	4
PF08468.14	0	0	0	0	0	0	0	0	0	0	0	0
PF12771.10	0	0	0	1	0	0	0	0	0	0	1	0
PF04632.15	0	0	0	0	0	0	0	0	1	0	0	0
PF17850.4	0	0	0	0	0	0	0	0	0	0	0	0
PF12857.10	0	0	0	0	0	0	0	0	0	0	0	0
PF03721.17	1	3	3	1	2	5	4	4	5	14	8	0
PF00984.22	1	3	3	1	2	5	4	4	5	14	8	0
PF03720.18	1	2	0	0	1	2	2	0	4	6	5	0
PF11974.11	0	0	0	0	0	0	0	0	0	0	0	0
PF17972.4	0	0	0	0	0	0	0	0	0	0	0	0
PF17962.4	0	0	0	0	0	0	0	0	0	0	0	0
PF16123.8	0	0	0	0	1	0	0	0	0	0	0	0
PF02578.18	0	4	1	1	0	1	1	0	0	2	1	0
PF07661.16	0	0	0	0	0	0	0	0	0	0	0	0
PF07593.15	0	0	0	0	0	0	0	0	0	0	0	0
PF13573.9	0	0	0	0	0	0	0	0	0	0	0	0
PF20314.1	0	0	0	0	0	0	0	0	0	0	0	0
PF13489.9	2	3	1	0	0	0	2	0	2	5	0	1
PF07876.15	0	1	0	0	0	0	1	0	0	1	0	0
PF18967.3	0	0	0	0	0	0	0	0	0	0	0	0
PF14842.9	7	11	8	11	8	3	8	22	12	26	21	12
PF14841.9	7	11	8	11	8	3	8	22	12	26	21	12
PF01706.19	7	12	8	11	8	3	9	22	12	26	21	12
PF01888.20	0	0	0	0	1	0	0	0	2	1	2	3
PF00584.23	3	6	2	4	5	18	1	6	6	10	3	1
PF03786.16	2	1	0	1	1	4	0	3	2	9	8	5
PF15975.8	7	7	9	13	2	2	6	15	11	24	12	1
PF05139.17	0	0	0	0	0	0	0	0	0	1	0	0
PF03682.16	1	0	0	0	0	0	0	0	0	0	0	0
PF13710.9	2	0	0	0	0	1	1	3	1	5	1	0
PF13946.9	0	0	0	0	0	0	0	0	0	0	0	0
PF00041.24	9	7	6	10	13	18	13	26	29	34	34	3
PF13808.9	1	4	2	4	4	2	0	5	3	3	10	1
PF04332.18	0	0	0	0	0	0	0	0	0	0	0	0
PF09481.13	0	0	0	0	0	0	0	0	0	0	0	0
PF09369.13	0	0	3	1	0	0	3	3	0	1	0	0
PF09839.12	0	0	0	0	0	0	0	0	0	0	0	0
PF00331.23	1	0	0	5	1	0	2	8	14	6	4	2
PF03576.17	0	0	0	0	0	1	0	0	0	0	0	0
PF13581.9	0	0	0	0	0	1	0	1	0	2	1	0
PF02621.17	0	0	0	0	0	0	0	0	0	0	0	0
PF01948.21	2	1	2	0	0	2	0	0	0	0	0	0
PF02748.18	2	1	2	0	0	2	1	0	1	3	0	0
PF05043.16	6	4	2	3	1	3	0	3	1	4	5	0
PF12683.10	5	8	5	3	0	3	2	2	1	5	1	2
PF05521.14	0	0	0	0	0	0	0	0	0	0	0	0
PF03713.16	0	0	0	0	0	0	0	0	0	0	0	0
PF06089.15	0	0	0	0	0	0	1	0	0	0	0	0
PF08531.13	0	4	5	0	1	6	0	1	1	0	0	2
PF05592.14	0	4	5	0	1	6	0	1	1	0	0	2
PF17389.5	0	5	5	1	1	6	0	1	2	0	0	2
PF17390.5	0	4	5	0	1	6	0	1	1	0	0	2
PF16189.8	13	6	3	4	3	10	4	3	5	17	1	2
PF16188.8	13	6	3	4	3	10	4	3	5	16	1	2
PF00815.23	2	1	1	0	1	4	2	0	1	2	3	0
PF09861.12	1	5	1	3	4	3	2	2	4	6	7	3
PF13555.9	1	1	1	4	0	0	1	0	1	3	3	1
PF03480.16	4	11	6	5	2	1	1	6	1	2	3	1
PF07679.19	0	0	0	0	0	0	0	0	0	0	0	0
PF01436.24	1	3	0	5	0	0	2	0	3	0	0	0
PF04122.15	0	0	0	0	0	0	0	0	0	0	0	0
PF03534.16	0	0	0	0	0	0	0	0	0	0	0	0
PF12256.11	0	0	0	0	0	0	0	0	0	0	0	0
PF07863.14	0	0	0	0	0	0	0	0	1	0	0	0
PF02613.18	0	0	1	0	0	0	0	1	3	1	3	9
PF12411.11	0	0	0	0	0	0	0	0	0	0	0	1
PF13280.9	3	0	4	5	17	12	6	4	5	11	2	0
PF01856.20	0	0	0	0	0	0	0	0	0	0	0	0
PF01798.21	0	0	0	0	0	0	0	0	0	0	0	0
PF04339.15	0	0	0	0	0	0	0	0	0	0	0	0
PF01223.26	0	0	0	0	0	0	0	0	0	1	0	0
PF04216.15	0	0	0	0	0	0	0	0	0	0	0	0
PF02639.17	0	0	0	0	0	0	0	0	1	0	1	0
PF17125.8	4	1	0	3	2	1	2	1	1	1	0	0
PF17126.8	2	0	0	2	1	0	1	0	0	0	0	0
PF02635.18	0	1	1	0	0	0	0	1	0	0	0	0
PF14265.9	0	0	1	1	0	1	0	0	0	0	0	0
PF05231.17	0	0	0	0	0	0	0	0	0	0	0	0
PF07396.14	0	0	1	0	1	2	0	0	0	0	1	0
PF03591.17	0	0	0	0	0	2	0	1	1	1	3	1
PF12791.10	0	0	0	0	0	0	0	0	0	0	0	0
PF14526.9	0	6	1	1	1	2	1	1	3	5	2	2
PF05635.14	0	0	0	1	0	0	0	0	0	0	0	0
PF14815.9	0	4	0	0	0	0	1	0	3	1	2	1
PF14289.9	0	1	1	0	5	7	0	0	0	0	0	0
PF04982.16	0	0	0	0	0	0	0	0	0	0	0	0
PF02669.18	0	0	0	1	0	0	0	0	0	0	0	0
PF07695.14	0	0	0	0	0	0	0	0	0	0	0	0
PF01375.20	0	0	0	0	0	0	0	0	0	0	0	0
PF00850.22	0	0	0	0	0	0	0	0	0	0	0	0
PF09210.14	0	1	0	0	0	0	0	0	0	0	0	0
PF03476.19	0	0	0	0	0	0	0	0	0	0	0	0
PF03206.17	0	0	0	0	0	0	0	0	0	0	0	0
PF01347.25	0	0	0	0	0	0	0	0	0	0	0	0
PF20030.2	0	0	0	0	1	0	0	0	0	0	0	0
PF17868.4	0	0	0	0	1	0	0	0	0	0	0	0
PF02423.18	0	0	1	1	0	0	0	0	0	3	0	0
PF19732.2	0	1	0	0	0	0	0	0	1	1	0	0
PF13606.9	1	2	0	1	0	0	0	0	0	0	0	0
PF01874.19	0	0	0	0	0	0	0	0	0	0	0	0
PF07927.15	6	5	12	15	17	20	5	10	6	18	20	2
PF18443.4	0	0	0	0	0	0	0	0	0	0	0	0
PF18426.4	0	0	0	0	0	0	0	0	0	0	0	0
PF04228.16	0	0	0	0	1	1	0	0	0	0	0	0
PF00759.22	0	0	1	0	0	0	1	1	0	2	2	0
PF00942.21	0	0	0	0	0	0	0	0	0	0	0	0
PF13843.9	0	0	0	0	0	0	0	0	0	0	0	0
PF09546.13	0	0	0	0	0	0	0	0	0	1	0	0
PF07293.14	0	0	0	0	0	0	0	0	0	0	0	0
PF06691.14	0	1	0	2	0	0	4	1	1	2	1	0
PF04389.20	1	0	0	0	2	3	0	1	0	0	1	0
PF07934.15	0	0	1	1	0	0	0	0	0	0	0	0
PF03705.18	5	3	3	7	3	0	7	10	2	18	10	3
PF01739.21	5	3	3	8	3	0	7	10	3	20	10	3
PF00902.21	0	0	0	0	0	0	0	0	0	1	0	0
PF02557.20	1	4	1	4	2	3	0	1	0	0	0	1
PF13199.9	0	0	0	0	0	0	0	0	0	0	0	0
PF07583.14	0	0	0	0	0	0	0	0	0	0	0	0
PF07587.14	0	0	0	0	0	0	0	0	0	0	0	0
PF00400.35	0	0	0	0	0	0	0	0	0	0	0	0
PF13492.9	0	0	0	0	0	0	0	0	0	0	0	0
PF13602.9	0	0	0	0	0	0	0	0	0	0	0	0
PF13459.9	0	0	0	0	0	0	0	0	0	0	0	0
PF05201.18	1	0	0	0	1	1	0	0	0	2	0	0
PF01488.23	1	0	1	0	1	1	1	1	1	4	1	0
PF00745.23	1	0	0	0	1	1	0	0	0	2	0	0
PF05036.16	0	0	1	0	0	1	0	0	0	1	1	1
PF11791.11	0	0	0	0	0	0	0	0	0	0	0	0
PF06434.16	0	0	0	0	0	0	0	0	0	0	0	0
PF04076.16	0	0	0	0	0	0	0	0	0	0	0	0
PF13351.9	0	0	0	0	1	0	0	0	0	0	0	0
PF13101.9	0	0	0	0	2	0	0	0	0	0	0	0
PF00112.26	3	10	1	23	12	20	1	4	2	13	4	0
PF13483.9	4	1	0	5	1	2	1	7	0	0	1	3
PF14010.9	0	0	0	0	0	0	0	0	0	0	0	0
PF04366.15	0	0	0	0	0	0	0	0	0	0	0	0
PF00545.23	0	0	0	0	0	0	0	1	0	0	0	0
PF02265.19	0	0	0	1	0	0	0	1	0	1	0	0
PF12729.10	33	56	28	39	8	15	23	38	34	113	71	14
PF12081.11	0	0	0	1	0	3	2	1	0	7	0	0
PF12080.11	0	0	0	1	0	3	2	1	0	7	0	0
PF00449.23	2	1	2	1	1	1	0	1	0	1	0	0
PF12099.11	0	0	0	0	7	4	0	0	1	0	0	0
PF06969.19	5	1	0	2	0	1	0	0	0	1	0	0
PF03544.17	1	7	3	13	59	104	2	2	2	13	3	1
PF03631.18	0	1	1	0	1	0	0	0	1	0	0	0
PF07584.14	0	0	0	3	1	0	0	1	0	2	0	0
PF04402.17	2	0	3	3	2	2	4	0	0	3	2	1
PF14121.9	0	0	0	1	1	4	0	0	0	0	0	0
PF02261.19	2	2	0	0	0	2	0	1	0	4	0	0
PF01790.21	1	0	2	1	0	1	0	0	1	2	0	0
PF03486.17	0	0	0	1	1	2	2	1	3	4	2	2
PF02544.19	0	0	0	0	0	0	0	0	0	0	0	0
PF01930.20	0	0	1	1	0	0	0	1	1	2	1	1
PF07885.19	0	0	1	0	0	4	0	0	0	0	0	0
PF14905.9	0	0	0	3	11	4	0	0	1	2	2	0
PF03237.18	0	0	0	0	0	0	0	0	0	0	0	0
PF00930.24	1	0	3	4	3	8	0	0	1	3	1	0
PF08522.13	0	0	0	0	2	0	0	0	1	0	0	0
PF16141.8	0	0	0	0	0	1	0	0	0	0	0	0
PF12741.10	1	0	0	0	1	2	0	0	1	0	0	0
PF07660.17	0	0	2	1	0	1	0	1	2	1	2	0
PF14491.9	0	0	0	2	1	1	0	0	0	0	0	1
PF12680.10	0	0	0	0	0	0	0	0	0	0	0	0
PF09992.12	0	0	0	0	2	0	0	0	0	1	0	0
PF03816.17	9	8	5	9	8	5	5	3	3	8	7	3
PF00479.25	0	0	0	0	0	1	0	0	1	0	0	0
PF02781.19	0	0	0	0	0	1	0	0	1	0	0	0
PF04371.18	0	0	0	3	0	0	0	0	0	1	0	1
PF08364.14	0	0	0	0	0	0	0	0	0	0	0	0
PF01575.22	0	0	0	0	1	0	0	0	0	2	0	0
PF16331.8	0	0	0	0	0	0	0	0	0	0	0	0
PF04052.16	0	0	0	0	0	0	0	0	0	0	0	0
PF00656.25	0	0	0	0	0	0	0	0	0	0	0	0
PF04820.17	0	0	0	0	0	0	0	0	0	0	0	0
PF03776.17	1	0	0	0	2	1	0	0	0	3	0	1
PF01794.22	0	0	0	0	0	0	0	0	0	0	0	0
PF07519.14	0	0	0	0	0	0	0	0	0	0	0	0
PF05230.14	0	0	0	0	0	0	0	0	0	0	0	0
PF01730.19	0	0	0	0	0	0	0	0	0	0	0	0
PF08984.14	0	1	1	0	1	1	2	1	0	7	4	2
PF04069.15	1	1	1	2	1	0	0	0	1	0	3	1
PF04230.16	1	0	1	1	0	0	2	1	4	1	6	0
PF03773.16	0	0	0	0	1	0	0	0	0	0	0	0
PF05661.15	0	0	0	0	0	0	0	0	0	0	0	0
PF00374.22	0	0	0	0	0	0	0	0	0	0	0	0
PF03806.16	0	0	1	0	0	0	0	0	0	1	0	0
PF03934.16	0	0	0	0	0	0	0	0	0	0	0	0
PF09963.12	0	0	0	0	0	0	0	0	0	0	0	0
PF00677.20	2	0	0	4	2	2	2	2	2	0	0	0
PF04237.16	0	1	0	0	0	0	0	0	0	1	1	0
PF03006.23	2	3	0	1	2	1	1	2	3	2	3	2
PF11276.11	0	0	0	0	0	0	0	0	0	0	1	0
PF00529.23	0	0	0	0	0	0	0	0	0	0	0	0
PF16153.8	0	0	0	0	0	1	0	0	0	1	0	0
PF10758.12	0	0	0	0	0	0	0	0	0	0	0	0
PF13431.9	0	0	0	0	0	0	0	0	0	0	0	0
PF00885.22	0	0	0	0	0	1	0	0	0	0	1	0
PF01253.25	0	0	0	0	1	0	0	0	0	0	0	0
PF03648.17	0	0	0	0	0	0	0	0	0	0	0	0
PF07488.15	0	0	0	0	0	0	0	0	0	0	0	0
PF07477.15	0	0	0	0	0	0	0	0	0	0	0	0
PF19040.3	0	0	0	0	0	0	0	0	0	0	0	0
PF05949.15	0	0	0	0	0	0	0	0	0	0	0	0
PF14036.9	0	0	0	0	0	0	0	1	0	0	0	0
PF06039.18	0	0	0	0	0	0	1	0	0	0	0	0
PF14504.9	0	0	0	0	0	0	0	0	0	0	0	0
PF03447.19	4	0	0	4	4	3	2	2	2	6	0	1
PF00742.22	4	0	0	4	4	3	2	2	2	6	0	1
PF10112.12	1	2	0	6	1	2	4	1	1	7	3	3
PF00032.20	0	0	0	0	1	0	0	0	0	0	0	0
PF02230.19	0	0	0	0	0	0	0	0	0	1	0	0
PF07408.14	0	0	0	0	0	0	0	1	0	0	0	0
PF14542.9	0	0	0	0	0	1	0	0	0	0	0	0
PF04264.16	0	0	0	0	0	1	0	0	0	0	0	0
PF01379.23	1	4	3	1	1	1	1	1	1	0	1	2
PF03900.18	0	0	0	1	1	1	0	0	0	0	0	1
PF05650.14	0	0	0	0	0	0	0	0	0	0	0	0
PF13521.9	0	0	0	0	0	0	0	0	0	0	0	0
PF02628.18	0	0	0	0	0	0	0	0	0	0	0	0
PF05220.15	0	0	0	0	0	0	0	0	0	0	0	0
PF19342.2	0	0	0	0	0	0	0	0	0	0	0	0
PF02624.19	0	0	0	0	0	0	0	0	0	0	0	0
PF03963.17	19	34	16	15	7	11	15	9	18	68	19	10
PF13861.9	4	6	4	0	0	0	1	1	0	2	1	0
PF16491.8	0	0	0	0	0	0	0	0	0	0	0	0
PF17967.4	0	0	0	0	0	0	0	0	0	0	0	0
PF11852.11	0	0	0	0	0	0	0	0	0	0	0	0
PF11138.11	0	0	0	0	0	0	0	0	0	0	0	0
PF12508.11	0	0	1	1	0	0	0	0	0	0	0	0
PF10117.12	0	0	0	0	0	0	0	1	0	0	0	0
PF07689.15	0	0	0	0	0	0	0	0	0	0	0	0
PF03382.17	0	2	2	0	2	4	0	0	0	4	0	0
PF17883.4	0	20	20	0	20	40	0	0	0	39	0	0
PF01935.20	1	1	0	0	0	1	0	0	0	2	0	1
PF03596.16	0	0	0	0	0	0	0	0	0	0	0	0
PF13542.9	1	0	3	2	0	0	0	0	0	0	0	0
PF13719.9	0	0	0	0	0	0	0	0	0	0	0	0
PF11906.11	0	0	0	0	0	0	0	0	0	0	0	0
PF13814.9	0	0	0	0	0	0	0	0	0	0	0	0
PF09286.14	0	0	0	0	0	0	0	0	0	0	0	0
PF13970.9	0	0	0	0	0	0	0	0	0	0	0	0
PF15902.8	0	0	0	0	0	0	0	0	0	0	0	0
PF10396.12	0	1	2	1	2	2	0	0	1	3	0	0
PF12631.10	0	1	2	1	2	2	0	0	1	3	0	0
PF01274.25	0	0	0	0	0	0	0	0	0	0	0	0
PF10011.12	0	0	0	0	0	0	0	0	0	0	0	0
PF14234.9	0	0	0	0	0	0	0	0	0	0	0	0
PF04359.17	0	0	0	0	0	0	0	0	0	0	0	0
PF02275.21	0	0	0	1	1	1	0	1	1	0	1	0
PF06776.15	0	0	0	0	0	0	0	0	0	0	0	0
PF00325.23	0	0	0	0	0	0	0	0	0	0	0	0
PF13362.9	0	0	0	0	0	0	0	0	0	0	0	0
PF06629.15	0	0	0	0	0	1	0	0	0	0	0	0
PF14064.9	0	0	0	0	0	0	0	0	0	0	0	0
PF02643.18	0	0	0	0	0	0	0	0	0	0	0	0
PF09822.12	0	0	0	0	0	0	0	0	0	0	0	0
PF03992.19	0	1	1	0	2	1	0	0	0	0	0	0
PF01008.20	0	0	0	0	0	0	0	0	0	3	1	2
PF07136.14	0	1	3	3	0	0	2	0	0	3	0	0
PF04536.17	0	3	2	4	3	3	1	2	2	4	3	0
PF14253.9	0	0	0	0	0	1	0	0	0	0	0	0
PF01226.20	0	1	0	0	0	1	0	1	0	0	1	0
PF13612.9	0	0	0	0	1	2	0	0	0	1	0	1
PF08028.14	0	0	0	0	0	0	0	0	0	1	0	0
PF06296.15	0	0	0	0	0	0	0	0	0	0	0	0
PF07510.14	0	2	1	0	0	0	0	0	0	0	1	0
PF14088.9	1	1	0	0	0	0	2	1	0	0	1	1
PF16254.8	0	0	0	0	0	0	0	0	0	0	0	0
PF09940.12	0	0	0	0	0	0	0	0	0	0	0	0
PF16221.8	0	0	0	0	0	0	0	0	0	0	0	0
PF01161.23	0	4	2	3	1	1	0	2	1	3	0	1
PF06974.16	0	0	0	0	0	0	0	0	0	0	0	0
PF07722.16	2	16	8	4	0	0	0	2	0	4	4	2
PF03704.20	4	5	1	2	4	3	0	1	0	1	0	1
PF00931.25	0	1	0	0	2	0	0	1	0	0	1	0
PF14525.9	0	0	0	0	0	0	0	0	0	0	0	0
PF18655.4	0	0	0	0	0	3	0	0	1	0	0	0
PF17936.4	0	0	0	0	0	3	0	0	1	0	0	0
PF05616.16	0	0	0	0	0	3	0	0	1	0	0	0
PF05168.17	1	0	1	0	0	0	0	0	1	2	0	0
PF13534.9	3	1	4	9	0	4	4	0	7	8	11	4
PF04041.16	0	0	0	3	3	1	0	1	0	5	1	1
PF07168.14	0	0	0	0	0	0	0	0	0	0	0	0
PF14235.9	0	0	0	0	0	0	0	0	0	0	0	0
PF14293.9	0	0	0	0	0	0	0	0	0	1	0	0
PF12696.10	0	2	0	1	1	0	0	0	1	1	2	1
PF08842.13	0	0	0	0	1	2	0	1	0	0	1	0
PF16249.8	0	0	0	0	0	0	0	0	0	0	0	0
PF12988.10	0	0	0	0	0	0	0	0	0	0	0	0
PF13720.9	1	2	1	0	0	7	2	1	0	1	0	0
PF10962.11	0	0	0	0	0	0	0	0	0	0	0	0
PF20583.1	0	0	0	0	0	0	0	0	0	0	0	0
PF11297.11	0	0	1	0	0	1	0	0	0	0	0	0
PF11387.11	0	0	0	1	1	0	0	0	0	0	1	0
PF06245.14	3	4	1	3	6	16	2	1	3	8	5	1
PF05685.15	0	1	4	1	1	1	2	1	0	7	7	2
PF08242.15	0	0	0	0	0	0	0	0	0	0	0	0
PF18564.4	0	0	0	0	0	0	0	0	0	0	0	0
PF08341.14	0	0	0	0	0	1	0	1	1	1	0	0
PF13727.9	7	1	2	7	1	5	5	2	3	4	2	5
PF17132.7	0	0	0	1	0	0	0	1	0	0	0	0
PF08668.15	7	8	8	4	5	5	2	6	1	10	7	1
PF13572.9	0	0	0	0	0	0	0	0	0	0	0	0
PF14464.9	0	0	0	0	0	0	0	0	0	0	0	0
PF01094.31	0	0	0	0	0	0	0	0	0	0	0	0
PF00805.25	1	0	0	0	0	1	0	0	0	0	0	0
PF17655.4	0	0	0	0	0	0	0	0	0	0	0	0
PF03160.17	11	21	14	51	12	14	6	12	15	59	6	2
PF12799.10	1	0	9	13	4	4	0	4	0	0	18	4
PF13855.9	1	0	4	7	4	4	0	0	0	0	0	3
PF13308.9	0	0	0	2	0	1	2	0	1	6	6	0
PF02668.19	0	0	0	0	0	0	0	0	0	0	1	0
PF05226.14	0	0	0	0	0	0	0	1	0	0	0	0
PF02571.17	0	1	1	0	0	1	1	0	1	2	1	0
PF19991.2	0	0	0	0	0	0	0	0	0	0	0	0
PF12894.10	1	1	0	0	0	0	0	1	0	0	0	0
PF00962.25	1	3	3	1	1	2	3	0	1	0	1	0
PF03972.17	0	0	0	0	0	0	0	0	0	0	0	0
PF19305.2	0	0	0	0	0	0	0	0	0	0	0	0
PF11378.11	0	0	0	0	0	0	0	0	0	0	0	0
PF02452.20	2	2	4	4	1	2	0	0	3	0	3	0
PF08239.14	30	38	12	32	8	6	44	37	113	141	39	13
PF00075.27	4	4	0	1	2	6	0	2	1	4	3	0
PF14516.9	4	2	0	0	2	3	1	2	2	1	1	0
PF03475.17	0	0	0	0	0	0	0	0	0	0	0	0
PF04285.15	0	2	2	0	2	0	4	0	0	0	0	0
PF01523.19	0	1	1	3	1	0	0	1	0	0	0	0
PF19290.2	0	3	1	8	3	1	2	1	0	1	0	0
PF19289.2	1	4	2	8	3	2	2	1	0	1	0	0
PF03321.16	0	0	0	0	0	2	2	1	0	2	0	0
PF04025.15	0	0	0	0	0	0	0	0	0	3	2	0
PF04012.15	0	1	0	0	0	0	0	0	0	0	1	0
PF03601.17	1	2	0	0	1	2	2	4	1	16	4	2
PF00627.34	1	2	1	3	0	1	0	0	0	1	0	0
PF19238.2	0	1	0	0	1	0	0	1	3	5	4	2
PF04459.15	0	1	0	0	1	0	0	1	3	5	4	2
PF02789.20	0	0	1	0	0	0	0	0	0	0	0	0
PF00883.24	0	0	1	0	0	0	0	0	0	1	2	0
PF14697.9	2	1	3	2	0	0	1	1	4	9	10	0
PF13509.9	2	2	2	2	0	2	0	4	6	4	6	4
PF17783.4	1	1	1	1	0	1	0	2	3	2	3	2
PF01991.21	5	3	5	3	4	7	4	3	5	8	3	1
PF01990.20	2	4	1	1	0	4	1	2	1	0	6	1
PF09084.14	8	8	3	41	10	12	33	25	20	107	42	5
PF13354.9	0	0	1	0	0	0	0	0	0	0	0	0
PF02580.19	0	0	1	0	0	0	1	0	0	1	0	0
PF00699.23	0	0	1	0	0	0	0	0	0	2	0	0
PF02293.18	0	0	0	0	0	0	0	0	0	0	0	0
PF03618.17	0	0	0	0	0	0	0	0	0	0	0	0
PF08274.15	0	0	0	0	0	0	0	0	0	0	0	0
PF03831.17	0	0	0	0	0	0	0	0	0	0	0	0
PF13370.9	0	1	0	0	1	0	0	0	0	0	0	0
PF03418.17	1	1	1	0	0	0	0	1	0	0	1	0
PF07561.14	4	0	0	0	2	0	0	2	0	2	2	0
PF13399.9	0	0	1	0	1	0	0	0	1	0	0	0
PF19864.2	3	0	3	3	0	1	1	3	2	5	0	1
PF02056.19	3	2	2	0	0	3	0	0	1	0	0	0
PF11975.11	3	2	2	0	0	3	0	0	1	0	0	0
PF12800.10	1	11	2	0	0	0	0	2	0	7	0	0
PF12795.10	0	0	0	0	0	0	0	0	0	0	0	0
PF12794.10	0	0	0	0	0	0	0	0	0	0	0	0
PF00316.23	0	0	0	0	0	0	0	0	0	0	0	0
PF18913.3	0	0	0	0	0	0	0	0	0	0	0	0
PF14286.9	0	0	0	0	0	0	2	2	0	1	1	0
PF06445.18	6	8	4	5	5	3	2	5	0	8	6	2
PF09594.13	0	0	0	0	0	0	0	0	0	0	0	0
PF00079.23	0	0	0	0	5	5	0	0	2	4	0	0
PF02514.19	0	0	0	0	0	0	0	1	0	0	0	1
PF01936.21	0	0	1	0	0	0	0	1	0	5	2	0
PF12872.10	0	0	2	0	0	0	0	2	0	7	3	0
PF05651.16	1	1	1	0	2	0	1	0	0	0	0	0
PF13618.9	0	0	0	0	0	0	0	0	0	0	0	0
PF01343.21	0	1	1	3	5	12	4	2	4	6	0	0
PF03040.17	0	0	0	0	0	0	0	0	0	0	0	0
PF12899.10	0	0	0	0	0	0	0	0	0	0	0	0
PF11941.11	0	4	2	25	1	9	0	2	0	2	2	1
PF05838.15	0	0	0	0	0	0	0	0	0	0	0	0
PF11832.11	0	0	0	0	0	0	0	0	0	0	0	0
PF01661.24	0	1	0	2	1	0	2	1	1	6	5	0
PF17914.4	0	0	0	0	0	0	0	0	0	0	0	0
PF13384.9	0	0	0	1	0	0	0	0	0	0	1	0
PF13189.9	4	7	4	9	7	5	6	5	4	24	10	2
PF13830.9	0	0	0	0	0	0	0	0	0	0	0	0
PF02720.20	0	0	0	0	0	0	0	0	0	0	0	0
PF13349.9	2	2	0	0	3	6	0	0	2	1	0	0
PF02306.18	0	0	0	0	0	0	0	0	0	0	0	0
PF04140.17	0	0	0	0	0	0	0	0	0	0	0	0
PF12079.11	0	0	0	0	0	0	0	0	0	0	0	0
PF14219.9	0	0	0	0	0	0	0	0	0	0	0	0
PF08461.13	0	0	0	0	0	0	0	0	0	0	0	0
PF02203.18	0	0	0	0	0	0	0	0	0	0	0	0
PF01206.20	0	3	1	0	0	1	0	1	0	0	1	0
PF18204.4	0	0	0	0	0	0	0	0	0	0	0	0
PF04289.15	0	0	0	0	0	0	0	0	0	0	0	0
PF05840.16	0	0	0	0	0	0	0	0	0	0	0	0
PF19866.2	0	0	0	0	0	0	0	0	0	0	0	0
PF14326.9	0	0	0	0	0	0	0	0	0	0	0	0
PF11845.11	0	0	0	0	0	0	0	0	0	0	0	0
PF11997.11	2	0	0	1	0	0	0	1	0	1	0	1
PF17995.4	6	1	2	3	0	0	1	4	2	2	1	0
PF18080.4	0	0	0	0	0	0	0	0	1	0	0	0
PF12905.10	0	0	0	0	0	0	0	0	1	0	0	0
PF17451.5	0	0	0	0	0	0	0	0	1	0	0	0
PF17974.4	0	0	0	0	0	0	0	0	1	0	0	0
PF06430.15	0	0	0	0	0	0	0	0	1	0	0	0
PF13689.9	0	0	0	0	0	0	0	0	0	0	0	0
PF05150.15	0	0	0	0	0	0	0	0	0	0	0	0
PF02599.19	0	2	0	6	3	3	4	7	3	24	6	2
PF18563.4	0	0	0	0	0	1	0	0	0	0	0	0
PF00553.22	0	0	0	0	0	1	0	0	0	0	0	0
PF18047.4	0	0	0	0	0	0	0	0	0	0	0	0
PF18065.4	0	0	0	0	0	0	0	0	0	0	0	0
PF18208.4	0	0	0	0	0	0	0	0	0	0	0	0
PF12242.11	0	0	0	0	0	0	0	0	0	0	0	0
PF12241.11	0	0	0	0	0	0	0	0	0	0	0	0
PF07055.15	0	0	0	0	0	0	0	0	0	0	0	0
PF12625.10	0	0	0	0	0	0	0	0	0	0	0	0
PF05991.14	0	4	2	6	1	0	3	1	5	4	2	2
PF00636.29	0	1	0	0	0	0	0	0	1	0	0	1
PF02542.19	1	2	0	0	1	0	0	1	0	0	0	0
PF14584.9	0	0	0	2	0	0	0	1	2	2	1	0
PF03417.19	0	0	0	1	0	0	0	0	0	0	0	0
PF12116.11	0	1	0	0	2	0	0	1	0	0	0	0
PF02049.21	0	0	0	1	0	0	1	0	0	6	2	0
PF01514.20	10	13	8	15	2	5	8	13	10	30	19	6
PF08345.14	9	13	8	15	2	5	8	13	9	29	19	6
PF02108.19	5	3	3	5	3	2	7	4	17	16	12	4
PF02050.19	2	3	0	0	0	0	3	1	5	4	3	1
PF02120.19	45	95	22	66	10	15	39	29	81	116	61	12
PF12611.11	11	31	17	11	6	7	3	7	5	45	10	6
PF20560.1	2	0	1	0	0	0	1	2	2	9	0	1
PF13677.9	7	12	3	6	2	4	9	6	8	24	15	2
PF02154.18	12	12	5	4	4	6	5	11	4	20	14	4
PF04347.16	7	3	4	5	3	2	6	6	7	15	3	1
PF00813.23	7	6	5	3	2	0	3	4	2	13	6	0
PF01313.22	2	0	0	0	2	2	0	3	0	1	1	1
PF03975.16	0	6	0	2	0	1	3	1	2	5	5	3
PF02623.18	3	5	1	16	1	0	13	12	12	54	17	12
PF05130.15	15	50	24	36	23	20	19	37	12	79	52	14
PF04316.16	5	14	5	12	7	4	8	8	5	26	14	1
PF01339.20	2	2	2	6	3	0	5	3	13	18	16	6
PF07238.17	2	5	1	1	1	0	2	1	5	3	1	1
PF04166.15	1	1	2	0	1	3	1	0	0	1	0	0
PF19642.2	0	1	0	1	0	0	2	1	1	2	0	0
PF01625.24	0	0	0	0	0	2	0	0	0	0	0	0
PF20140.2	0	0	0	0	0	0	0	0	0	0	0	0
PF11611.11	1	0	0	0	0	0	0	0	0	0	1	0
PF01985.24	1	0	0	0	0	0	0	0	1	1	0	0
PF06107.14	0	0	0	0	1	0	0	0	0	1	0	0
PF12821.10	0	0	0	0	0	1	0	0	1	1	0	0
PF06738.15	1	0	1	2	0	1	1	2	1	1	0	0
PF03795.17	1	2	0	0	0	0	0	3	0	5	1	0
PF09419.13	0	0	1	0	0	0	0	0	0	0	0	0
PF02579.20	2	1	0	0	0	0	0	2	0	1	0	0
PF13311.9	0	2	0	0	0	0	0	0	0	0	0	1
PF09578.13	0	0	0	0	1	0	0	0	1	0	0	0
PF20316.1	0	0	0	0	0	0	0	0	0	0	0	0
PF13682.9	14	20	7	14	7	7	7	13	9	28	17	7
PF08348.14	0	0	1	0	1	1	0	2	0	1	0	0
PF13309.9	0	0	1	0	1	1	0	2	0	1	0	0
PF10114.12	0	1	3	4	0	4	2	2	2	8	8	1
PF13515.9	0	0	0	0	1	0	0	0	0	0	0	0
PF02110.18	0	0	0	0	1	0	0	0	0	2	0	0
PF18936.3	0	0	0	0	0	0	0	0	0	0	0	0
PF04294.16	7	10	5	6	2	5	7	4	3	11	7	2
PF12229.11	9	7	5	5	9	8	7	6	6	18	11	6
PF08486.13	2	2	0	1	3	3	0	1	3	2	0	0
PF12700.10	3	4	0	4	0	0	2	1	0	8	6	1
PF20069.2	4	4	2	8	0	2	7	0	8	11	14	2
PF00420.27	1	0	0	0	0	1	0	0	0	0	0	0
PF07451.14	0	0	0	0	0	0	0	0	0	1	1	1
PF09858.12	0	0	0	0	0	0	0	0	0	0	0	0
PF15565.9	0	0	0	0	0	0	0	0	0	0	0	0
PF00800.21	0	1	1	4	0	1	3	2	2	4	0	0
PF12643.10	0	0	0	0	0	0	0	0	0	1	0	0
PF19641.2	0	0	0	0	0	0	0	0	0	0	0	0
PF19700.2	0	0	0	0	0	0	0	0	0	0	0	0
PF06252.15	0	0	0	0	0	0	0	0	0	0	0	0
PF17289.5	0	0	0	0	0	0	0	0	0	0	0	0
PF11962.11	0	0	0	0	0	0	0	0	0	0	0	0
PF15919.8	2	1	2	4	1	1	1	2	3	6	6	2
PF04531.16	0	0	0	0	0	0	0	0	0	0	0	0
PF14285.9	1	1	0	1	0	0	5	8	2	6	3	1
PF20464.1	0	0	0	0	0	0	0	0	0	0	0	0
PF20465.1	0	0	0	1	0	0	0	0	0	0	0	0
PF20473.1	0	0	0	1	0	0	0	0	0	0	0	0
PF20466.1	0	0	0	1	0	0	0	0	0	0	0	0
PF20467.1	0	0	0	1	0	0	0	0	0	0	0	0
PF12637.10	0	0	0	1	0	3	0	2	0	0	0	0
PF02245.19	0	0	0	0	0	0	0	0	0	0	0	0
PF18975.3	1	0	0	2	2	3	1	1	0	5	0	0
PF12724.10	0	3	1	6	1	2	2	1	0	3	5	0
PF09719.13	0	1	1	0	1	0	6	0	2	6	5	1
PF04246.15	0	0	0	0	1	0	0	0	0	0	0	0
PF13735.9	3	4	1	0	0	0	2	1	2	5	4	2
PF18912.3	0	0	1	0	0	0	1	0	2	1	2	0
PF05857.14	0	1	0	1	0	0	1	0	0	0	1	0
PF06961.16	0	0	0	0	0	0	0	1	0	0	1	0
PF05504.14	0	0	0	0	0	0	0	0	0	0	0	1
PF03323.16	0	0	1	0	1	0	0	0	1	1	2	1
PF05135.16	0	1	0	0	0	0	0	0	0	0	0	0
PF04474.15	0	0	0	0	0	0	0	0	0	0	0	0
PF14512.9	3	0	0	0	0	1	0	0	0	0	0	0
PF10694.12	0	0	0	0	0	0	0	0	0	0	0	0
PF12647.10	0	0	0	0	0	0	0	0	0	0	0	0
PF02130.20	0	2	0	1	2	2	0	1	0	2	2	1
PF06898.14	0	0	0	0	0	0	0	0	0	2	0	1
PF09670.13	0	0	0	0	0	0	0	0	0	0	0	0
PF09579.13	1	1	0	0	1	0	2	1	3	2	2	0
PF10844.11	0	0	0	0	0	0	0	0	0	0	0	0
PF20155.2	0	0	0	1	0	0	1	0	0	0	0	0
PF09648.13	0	0	0	0	0	0	0	0	0	0	0	0
PF05762.17	2	1	0	0	0	0	0	1	0	2	1	0
PF01906.20	0	2	1	1	1	1	4	6	1	7	0	1
PF12571.11	0	0	1	1	0	0	0	0	0	0	0	0
PF13884.9	0	0	0	0	0	0	0	0	0	0	0	0
PF01244.24	1	2	1	0	0	0	1	1	1	0	0	0
PF05684.15	5	3	0	4	0	0	2	2	0	1	1	1
PF03612.17	0	0	0	0	0	0	0	0	0	0	0	0
PF07663.14	0	0	0	0	0	0	0	0	0	0	0	0
PF03608.16	0	0	0	0	0	0	0	0	0	0	0	0
PF06923.14	0	0	0	0	0	0	0	0	0	0	0	0
PF14359.9	0	0	0	0	0	0	0	0	0	0	0	0
PF16260.8	0	0	0	0	0	0	0	0	0	0	0	0
PF14070.9	0	9	3	1	0	0	0	2	0	3	4	2
PF09346.13	2	0	4	8	2	0	0	0	1	3	1	0
PF09548.13	0	0	0	0	0	0	0	0	0	1	0	0
PF01885.19	0	0	0	0	0	0	0	0	0	0	1	1
PF06177.14	1	0	0	0	0	0	0	0	0	2	0	0
PF09581.13	0	0	0	0	0	1	0	0	0	0	0	0
PF17866.4	0	0	0	0	1	5	0	0	1	0	0	0
PF13228.9	1	1	0	1	1	0	0	3	2	4	4	0
PF14221.9	0	0	0	0	0	0	0	0	0	0	0	0
PF14277.9	0	1	0	2	0	0	0	0	0	0	0	0
PF05195.19	1	1	0	0	4	3	1	2	0	2	0	1
PF08101.14	0	0	0	0	0	0	0	0	0	0	0	0
PF13530.9	1	3	3	1	2	1	0	1	1	4	0	0
PF02493.23	0	0	0	0	0	0	3	0	9	18	12	0
PF02567.19	0	2	0	0	0	1	0	0	0	1	0	0
PF04414.15	0	0	0	0	0	0	0	0	0	0	0	0
PF08006.14	1	3	2	2	0	1	1	1	0	1	1	1
PF02390.20	2	0	1	3	0	4	2	0	1	4	2	0
PF02570.18	0	0	0	0	0	0	0	0	0	0	0	0
PF04493.17	0	0	0	0	0	0	0	0	0	0	0	0
PF20250.1	12	12	5	8	4	4	9	14	12	30	28	4
PF03961.16	12	12	5	8	4	4	9	14	12	30	28	4
PF01469.21	0	0	0	0	0	0	0	0	0	0	0	0
PF14344.9	0	0	0	0	0	0	0	0	0	0	0	0
PF02369.19	0	0	0	0	0	0	0	0	0	0	0	0
PF07523.15	0	2	3	3	2	2	0	0	0	2	1	0
PF18947.3	3	12	9	8	1	1	1	5	0	2	7	0
PF17848.4	2	0	2	0	0	2	2	1	0	6	2	0
PF00484.22	0	0	0	0	0	0	0	0	0	1	0	0
PF06912.14	1	0	0	0	0	0	0	0	0	0	0	0
PF01019.24	2	3	0	1	0	0	0	2	0	1	1	0
PF09186.14	1	0	0	0	0	0	0	1	0	2	1	0
PF14124.9	0	0	0	0	0	0	0	0	0	0	0	0
PF04070.15	0	1	0	0	0	0	0	0	0	0	1	0
PF02277.20	0	0	1	0	2	1	0	1	1	0	0	1
PF09693.13	0	0	0	0	0	0	0	0	0	0	0	0
PF05065.16	1	0	0	1	0	0	0	0	0	1	1	0
PF01844.26	1	0	0	0	0	1	2	0	0	1	0	0
PF03419.16	0	0	0	0	0	2	0	0	0	1	1	0
PF03750.16	0	0	0	0	0	0	0	0	0	0	0	0
PF13490.9	0	0	0	2	0	0	0	3	0	0	1	0
PF13711.9	0	0	0	0	0	0	0	0	0	1	0	0
PF05534.15	0	0	1	0	0	0	0	0	0	1	0	0
PF11188.11	0	0	0	0	0	0	0	0	0	0	0	1
PF02681.17	0	0	0	2	1	0	0	0	1	1	0	0
PF10727.12	1	1	0	0	0	0	0	0	0	0	0	0
PF10728.12	1	1	0	0	0	0	0	0	0	0	0	0
PF16822.8	1	0	0	0	0	0	1	0	0	1	1	0
PF03592.19	0	0	0	0	0	0	0	0	0	0	0	0
PF14689.9	0	0	0	0	0	0	0	1	0	2	0	0
PF14501.9	16	28	10	17	13	13	6	14	11	30	16	7
PF13786.9	1	0	0	0	1	0	1	0	0	2	4	4
PF14268.9	0	0	1	0	0	0	0	0	0	1	0	0
PF12959.10	0	0	1	0	0	0	0	0	0	1	0	0
PF12960.10	6	3	6	7	0	2	0	2	0	1	4	3
PF08757.14	5	5	1	3	1	0	2	5	5	10	4	0
PF13546.9	8	7	6	24	3	13	6	18	9	56	48	11
PF20574.1	1	1	0	0	0	0	0	0	0	0	1	0
PF19552.2	1	0	0	1	0	0	0	0	1	0	0	0
PF05105.15	0	0	0	0	0	0	0	0	0	0	0	0
PF19498.2	18	27	26	41	25	15	10	23	26	47	41	7
PF12995.10	5	17	6	13	11	3	3	15	1	17	18	3
PF18843.4	0	0	0	0	0	0	0	0	0	0	0	0
PF12962.10	0	0	0	0	0	0	0	0	0	0	0	0
PF18987.3	0	0	0	0	0	0	0	1	1	0	0	0
PF14706.9	0	0	0	0	0	0	0	3	2	4	0	1
PF02281.19	0	0	0	0	0	0	0	0	0	0	0	0
PF17922.4	1	0	0	1	1	0	1	1	0	1	0	1
PF13784.9	0	0	0	0	0	0	0	0	0	0	0	0
PF12652.10	0	3	1	0	3	3	0	0	0	2	3	2
PF12773.10	1	2	0	1	3	2	1	1	0	3	2	0
PF18739.4	0	0	0	0	0	0	0	0	0	0	0	0
PF09509.13	0	0	0	2	0	0	0	0	0	0	2	0
PF14280.9	0	0	0	1	1	0	0	0	0	3	0	0
PF12639.10	1	0	0	0	0	0	0	0	0	0	0	0
PF20296.1	0	0	0	0	0	0	0	0	0	0	0	0
PF04471.15	3	1	0	0	0	0	0	2	0	2	7	1
PF20612.1	0	0	0	0	0	0	0	0	0	0	0	0
PF01371.22	3	0	0	1	0	0	2	1	0	3	1	0
PF13701.9	1	0	0	0	0	0	1	0	0	0	1	1
PF01774.20	0	0	0	0	0	0	0	0	1	0	0	0
PF02814.18	0	0	0	0	0	0	0	0	0	0	0	0
PF00547.21	0	0	0	0	0	0	0	0	0	0	0	0
PF04952.17	2	0	0	0	0	1	0	0	0	0	1	0
PF08379.13	0	0	0	0	0	0	0	0	0	0	0	0
PF01841.22	5	7	7	4	9	11	3	6	8	7	10	2
PF14403.9	0	1	1	6	1	4	0	0	0	0	0	0
PF06289.14	3	3	1	1	3	0	0	1	0	3	5	0
PF20379.1	0	0	0	2	0	0	1	0	0	0	0	1
PF03748.17	1	1	0	0	0	0	3	1	2	8	3	1
PF14190.9	0	0	0	0	0	0	0	0	0	0	0	0
PF18941.3	1	1	1	1	1	0	0	2	0	1	0	0
PF17989.4	0	1	0	0	1	0	0	1	0	1	2	1
PF16226.8	1	1	2	3	2	4	0	0	1	2	0	1
PF11372.11	0	1	0	1	0	0	0	0	0	0	0	0
PF16242.8	0	1	0	0	0	0	0	1	0	0	0	0
PF11667.11	0	0	0	0	0	0	0	0	0	0	2	0
PF18796.4	0	0	0	0	0	0	0	0	0	0	0	0
PF13730.9	0	0	0	0	0	0	1	0	0	0	0	0
PF13463.9	0	0	0	1	0	0	0	0	0	1	1	0
PF14058.9	0	0	0	0	0	0	0	0	0	0	0	0
PF07505.14	1	1	0	1	0	0	0	1	0	0	0	0
PF20323.1	0	0	0	0	1	0	0	0	0	0	0	0
PF13783.9	0	0	0	1	3	2	0	0	0	0	0	0
PF12957.10	0	0	0	0	0	0	0	0	0	1	0	0
PF09681.13	0	0	0	0	1	1	0	0	1	0	0	0
PF13683.9	1	1	2	1	1	3	0	1	0	2	1	0
PF18676.4	0	2	1	1	0	0	1	1	0	4	2	0
PF09587.13	2	1	1	3	0	0	0	0	0	6	0	2
PF19776.2	0	0	0	1	0	0	0	0	0	0	0	0
PF19537.2	0	0	1	0	0	0	0	0	0	0	1	0
PF07441.14	0	0	0	0	0	0	0	1	0	0	0	0
PF02036.20	0	0	1	0	0	0	3	0	4	5	3	1
PF03309.17	3	3	2	1	0	0	0	2	0	2	0	1
PF10087.12	0	0	0	0	0	0	0	0	0	0	0	0
PF12672.10	0	0	0	0	1	0	0	0	0	0	0	0
PF05119.15	0	0	0	0	0	0	0	1	0	0	0	0
PF12686.10	1	1	1	3	0	1	0	2	0	2	0	0
PF18832.4	0	0	0	0	0	1	0	0	0	0	0	0
PF04277.16	2	13	7	6	6	6	10	8	8	27	6	4
PF09827.12	0	0	0	0	0	0	1	0	0	0	0	0
PF08747.14	0	0	0	0	1	0	0	1	0	1	1	0
PF15978.8	0	0	0	1	0	0	0	0	0	0	0	0
PF06527.14	0	0	0	1	0	0	0	0	0	0	0	0
PF08722.14	0	0	0	0	0	0	0	0	0	0	1	0
PF08721.14	0	0	0	0	0	0	0	0	0	0	1	0
PF18657.4	23	36	8	23	22	28	3	12	4	15	32	1
PF14205.9	0	0	1	1	0	0	0	1	0	0	0	0
PF08843.14	1	1	3	3	2	1	1	2	4	2	3	0
PF13338.9	0	0	2	2	0	1	0	1	1	0	2	0
PF18864.4	0	0	0	0	1	0	0	0	0	1	0	0
PF14430.9	0	0	0	0	0	0	0	0	0	0	0	0
PF04365.16	0	4	3	0	4	0	4	0	2	7	3	2
PF13788.9	0	0	0	1	0	0	0	2	0	0	0	0
PF04191.16	0	0	0	0	0	0	0	0	0	0	0	0
PF02592.18	3	3	2	2	0	4	1	5	2	10	5	1
PF06508.16	1	1	0	1	1	2	3	3	5	2	3	1
PF06397.15	1	0	0	0	0	0	0	0	0	0	0	0
PF01880.21	2	1	0	2	4	2	0	2	0	1	0	0
PF12676.10	0	0	0	0	1	0	0	0	0	0	0	0
PF03690.16	0	0	0	0	0	0	0	0	0	0	0	0
PF06182.14	1	1	0	0	0	0	0	0	1	0	0	0
PF08845.13	0	1	0	0	0	0	0	0	0	1	0	0
PF14282.9	2	3	2	2	0	0	1	2	2	4	3	0
PF02659.18	0	0	2	0	0	0	0	0	0	0	0	0
PF09605.13	0	0	0	0	0	0	0	0	0	0	0	0
PF20016.2	0	1	0	0	0	0	0	0	0	0	0	0
PF14393.9	0	1	0	1	0	2	0	1	0	1	0	0
PF09134.13	0	0	0	0	0	0	0	0	0	0	0	0
PF09455.13	0	0	0	0	0	0	0	0	0	1	0	0
PF14907.9	4	11	6	11	3	0	2	5	6	13	4	2
PF14337.9	0	0	0	0	0	0	0	0	0	0	0	0
PF16935.8	0	1	1	2	1	0	1	2	0	2	2	0
PF20042.2	3	0	2	0	0	0	2	3	0	2	0	0
PF07081.14	1	2	0	0	0	0	1	0	1	2	1	0
PF20599.1	0	0	0	1	0	0	0	0	0	0	0	0
PF01699.27	0	4	0	0	0	2	0	0	0	2	4	2
PF04854.17	2	1	1	4	1	0	2	3	1	1	2	2
PF07007.15	0	6	2	1	0	0	1	1	1	0	0	0
PF01637.21	0	0	0	0	1	0	1	0	0	1	1	1
PF03008.17	0	1	0	0	0	0	2	0	1	2	1	1
PF10127.12	1	4	4	0	0	0	0	1	0	4	0	0
PF03161.16	0	0	0	0	0	0	0	0	0	0	0	0
PF15738.8	1	2	0	1	0	2	0	2	1	1	2	2
PF18813.4	0	0	2	0	1	0	0	1	0	3	2	2
PF06267.15	0	0	0	0	0	0	0	0	0	0	0	0
PF06505.14	0	0	0	0	0	0	0	0	0	0	0	0
PF02830.21	2	0	0	1	0	1	1	1	0	0	0	0
PF14317.9	2	0	0	0	0	1	0	0	2	1	1	0
PF14834.9	0	0	0	0	0	0	0	0	0	0	0	0
PF01996.19	0	0	0	0	1	1	0	1	6	2	1	0
PF06889.14	1	2	0	0	1	0	3	2	2	8	4	0
PF11563.11	0	0	0	0	0	0	0	0	0	0	0	0
PF03895.18	0	0	0	0	0	0	0	0	0	0	0	0
PF10626.12	0	0	0	0	0	0	0	0	0	0	0	0
PF12992.10	0	0	0	0	0	0	0	0	0	0	0	0
PF13226.9	0	0	0	0	0	0	0	0	0	0	0	0
PF06463.16	0	1	0	0	0	0	0	0	0	0	0	1
PF06934.14	0	0	0	0	0	0	0	0	0	0	0	0
PF20001.2	0	0	0	0	0	0	0	0	0	0	0	0
PF07944.15	1	0	0	1	1	1	1	0	0	4	0	0
PF13568.9	1	0	1	3	5	3	0	1	1	1	0	0
PF04738.16	0	0	0	0	0	0	0	0	0	0	0	0
PF14028.9	0	0	0	0	0	0	0	0	0	0	0	0
PF12675.10	0	0	0	1	1	0	1	1	2	2	1	0
PF19570.2	0	0	0	0	1	0	1	0	0	0	0	0
PF04353.16	0	0	0	0	0	0	0	0	0	0	0	0
PF02696.17	0	0	0	0	0	0	0	0	0	0	0	0
PF05960.14	0	0	1	2	1	0	0	1	0	1	1	0
PF06956.14	0	0	0	0	0	0	0	0	0	0	0	0
PF06224.15	1	0	0	0	0	0	0	0	0	0	0	0
PF01717.21	0	0	0	0	0	0	0	0	0	0	0	0
PF02348.22	2	0	1	0	2	0	1	0	1	3	5	2
PF01564.20	1	0	0	0	0	0	0	1	0	3	2	0
PF04356.15	0	0	0	0	0	0	0	0	0	0	0	0
PF17874.4	2	3	0	0	0	1	0	0	1	0	1	1
PF09312.14	0	0	0	0	0	0	0	0	0	0	0	0
PF01972.19	0	0	0	0	1	4	0	0	0	0	0	0
PF08481.13	6	5	1	0	0	1	0	0	0	0	0	0
PF03453.20	1	2	2	0	0	0	0	2	1	0	0	0
PF03454.18	1	2	2	0	0	0	0	2	1	0	0	0
PF17948.4	0	0	0	0	0	0	0	0	0	0	0	0
PF04958.15	0	0	0	0	0	0	0	0	0	0	0	0
PF08713.14	0	0	0	1	0	1	0	0	0	0	0	1
PF14801.9	0	0	0	0	0	0	0	0	0	0	0	0
PF08704.13	0	0	0	0	0	0	0	0	0	0	0	0
PF17932.4	0	0	0	1	0	0	0	1	0	0	0	0
PF09661.13	1	0	0	0	0	1	0	0	2	1	1	0
PF18946.3	0	0	0	0	0	0	0	0	0	0	0	0
PF19783.2	0	0	0	0	0	0	0	0	0	0	0	0
PF15507.9	0	0	0	0	0	0	0	0	0	0	0	0
PF02973.19	0	0	0	0	0	0	0	0	0	0	0	0
PF03412.18	0	1	1	0	1	1	0	0	0	0	1	0
PF13417.9	0	0	0	0	0	0	0	0	0	0	0	0
PF18096.4	0	0	0	0	1	1	1	0	1	0	0	0
PF01963.20	0	0	0	0	1	0	0	0	0	0	0	0
PF10935.11	0	0	0	0	0	0	0	0	0	0	0	0
PF19328.2	0	0	0	0	0	0	0	0	0	0	0	0
PF17203.7	0	0	0	0	0	0	0	0	0	0	0	0
PF13780.9	0	0	0	1	0	0	0	0	0	0	0	0
PF01135.22	0	0	0	0	0	0	0	0	0	0	0	0
PF19078.3	0	0	0	0	0	0	0	0	0	0	0	0
PF00059.24	0	0	1	0	0	0	0	0	0	0	0	0
PF06594.14	0	0	0	0	0	0	0	0	0	0	0	0
PF07072.14	0	0	0	0	0	0	0	0	0	0	0	0
PF13977.9	0	0	0	0	0	0	0	0	0	0	0	0
PF16881.8	0	0	0	0	0	0	1	0	0	0	1	0
PF09326.14	0	0	1	0	0	0	0	0	0	0	0	0
PF09976.12	0	0	0	0	0	1	0	0	0	0	0	0
PF00141.26	0	0	0	0	0	0	0	0	0	0	0	0
PF04830.16	0	0	0	0	0	0	0	0	0	0	0	0
PF02171.20	0	0	0	0	0	0	0	0	0	0	0	0
PF09239.14	0	0	0	0	0	0	0	0	0	0	0	0
PF06966.15	0	0	0	0	0	0	0	0	0	0	0	0
PF16924.8	0	0	0	0	0	0	0	0	0	0	0	0
PF18989.3	2	1	2	2	0	0	0	4	3	8	9	0
PF13231.9	0	0	0	1	1	0	2	2	5	6	1	0
PF03646.18	10	11	9	37	11	8	15	24	8	43	40	8
PF07581.15	0	0	1	4	2	0	0	0	1	1	0	0
PF19510.2	0	0	0	0	0	0	1	0	1	2	1	0
PF02485.24	0	0	0	0	0	0	0	0	0	0	0	0
PF18922.3	0	0	0	0	0	0	0	0	0	0	0	0
PF04724.16	0	0	0	1	0	0	0	0	2	2	0	0
PF05523.14	0	1	1	0	0	0	0	0	0	0	0	0
PF08759.14	0	0	1	0	0	0	0	0	0	0	2	0
PF14264.9	0	1	0	0	0	0	0	1	0	0	0	0
PF09359.13	1	0	0	2	0	0	3	0	4	2	7	0
PF16316.8	0	0	0	0	0	0	1	0	1	1	3	1
PF04794.15	0	0	0	0	0	0	1	0	1	1	1	2
PF19554.2	0	0	0	0	1	0	0	1	0	1	1	0
PF13526.9	0	0	0	3	0	0	3	3	5	9	4	0
PF07745.16	0	2	0	3	0	0	1	0	0	1	0	0
PF11738.11	1	3	0	6	0	0	1	0	0	5	0	2
PF06161.14	1	0	1	1	0	0	0	3	0	2	1	0
PF20462.1	0	0	2	1	0	0	0	0	0	0	2	1
PF03588.17	0	0	0	0	0	0	0	0	0	1	0	0
PF02617.20	0	1	0	0	0	0	0	0	0	0	0	0
PF12965.10	0	0	0	0	0	0	0	0	0	0	0	0
PF10006.12	0	0	0	0	0	0	0	0	0	0	0	0
PF18050.4	0	0	0	0	0	0	0	0	0	0	0	0
PF13474.9	0	0	0	0	0	0	0	0	0	0	0	0
PF07592.14	1	19	3	8	14	6	0	8	1	1	3	1
PF14358.9	0	0	0	0	0	0	0	0	0	0	0	0
PF12669.10	0	0	1	0	0	0	0	0	1	0	0	0
PF04434.20	3	1	1	3	0	0	0	2	2	0	1	0
PF17124.8	0	0	0	0	0	0	0	0	0	0	0	0
PF13566.9	0	0	0	0	0	1	0	0	0	0	0	0
PF06452.14	1	0	0	4	1	0	2	8	12	6	2	0
PF18988.3	0	0	0	0	0	0	0	0	0	4	0	0
PF15979.8	1	0	0	0	0	0	0	1	4	2	0	0
PF17829.4	1	0	0	0	0	0	0	1	4	2	0	0
PF13366.9	2	1	0	0	1	2	1	1	2	0	1	0
PF08849.14	0	0	0	1	0	0	0	1	0	0	0	1
PF13592.9	0	1	0	1	0	0	1	0	0	1	0	0
PF20442.1	1	1	2	4	1	0	0	1	0	3	1	0
PF13337.9	1	2	3	4	1	0	0	1	0	3	1	0
PF13182.9	1	2	1	1	0	1	0	1	1	3	0	1
PF05017.17	0	0	2	0	0	0	0	4	0	6	0	0
PF20251.1	1	2	0	1	1	0	0	0	1	2	0	0
PF10923.11	0	1	0	0	0	0	0	2	2	1	0	0
PF05686.15	0	1	0	0	0	0	0	0	1	0	0	0
PF19092.3	0	0	0	0	0	0	0	0	0	0	0	0
PF09860.12	0	0	1	0	1	0	0	2	0	0	0	0
PF02445.19	2	3	1	2	4	0	0	0	0	1	1	0
PF02829.17	1	1	1	0	0	1	0	0	0	0	0	1
PF09234.13	0	0	0	0	0	0	0	0	0	0	1	0
PF09515.13	0	0	0	0	0	0	0	0	0	1	0	0
PF07348.15	0	0	0	0	0	0	0	0	0	0	0	0
PF03706.16	0	0	0	1	0	1	0	0	1	0	0	0
PF16927.8	1	1	0	0	1	0	0	0	3	3	1	1
PF16472.8	0	0	0	0	0	0	0	0	0	0	0	1
PF08367.14	4	7	4	3	1	3	8	6	10	7	6	3
PF18907.3	0	1	0	1	1	0	0	1	0	0	0	1
PF09986.12	0	0	2	5	0	0	6	3	3	11	7	2
PF12725.10	2	0	0	0	0	0	1	1	0	3	4	0
PF19275.2	0	0	0	0	2	0	0	0	0	0	0	0
PF10021.12	0	0	0	0	0	1	0	0	0	2	0	1
PF14478.9	1	0	0	0	0	0	1	1	0	1	0	0
PF16990.8	0	0	0	1	0	0	0	0	1	0	0	0
PF02677.17	1	0	1	0	0	1	0	1	1	0	2	0
PF13023.9	2	2	0	2	1	0	0	2	1	1	0	0
PF02732.18	0	0	0	0	0	0	0	0	0	0	0	0
PF08719.14	0	0	1	0	0	0	0	1	0	0	1	0
PF18127.4	0	0	0	0	0	0	0	0	0	0	0	0
PF10047.12	0	1	1	0	0	1	0	0	0	0	0	0
PF14020.9	0	0	0	0	0	0	0	0	0	0	0	0
PF10547.12	0	0	0	0	0	0	0	0	0	0	0	0
PF00959.22	0	0	0	0	0	0	0	0	0	0	0	0
PF20195.1	0	0	0	0	0	0	0	1	0	0	0	0
PF05704.15	0	0	0	0	0	0	0	0	0	0	0	0
PF14281.9	0	0	0	0	0	0	0	0	0	0	0	0
PF19601.2	0	0	0	1	0	1	1	0	1	5	2	1
PF03799.18	0	0	0	3	1	0	1	0	0	1	0	0
PF20335.1	0	0	0	0	0	0	0	0	0	0	1	0
PF17117.8	0	0	0	0	0	0	0	1	0	0	0	0
PF13739.9	1	0	0	0	0	1	0	0	0	1	0	0
PF16661.8	0	0	0	0	0	0	0	0	1	0	0	0
PF19306.2	0	0	0	0	1	0	0	0	0	0	0	0
PF08494.14	0	0	0	0	1	0	0	0	0	0	0	0
PF01693.19	0	0	0	0	1	4	0	0	0	0	1	0
PF12997.10	1	0	3	0	0	0	0	0	1	2	0	0
PF01899.19	0	1	0	0	0	0	0	0	0	0	0	0
PF03334.17	0	0	0	0	0	0	0	0	0	0	0	0
PF19753.2	6	8	0	30	4	0	18	34	42	102	66	18
PF10704.12	0	1	0	0	0	0	0	0	0	2	0	0
PF09365.13	0	0	0	0	3	0	0	2	0	1	0	1
PF18560.4	1	0	0	1	0	0	0	0	0	0	0	0
PF19511.2	0	0	0	0	0	0	0	0	0	0	0	0
PF18555.4	0	0	0	0	0	0	0	1	0	2	0	0
PF07090.14	0	0	0	0	0	0	0	1	0	0	0	0
PF11208.11	0	3	2	2	2	1	1	4	1	7	4	2
PF18928.3	0	0	1	0	0	0	0	0	0	0	0	0
PF11436.11	0	0	0	0	0	0	0	0	0	0	0	0
PF10026.12	1	0	0	1	0	0	0	1	0	0	0	1
PF13567.9	1	1	0	1	0	0	0	0	0	1	1	0
PF19623.2	0	0	0	0	0	0	0	0	0	0	0	0
PF18475.4	0	0	0	0	0	0	0	0	0	0	0	0
PF14094.9	0	1	0	2	0	0	0	0	0	1	0	0
PF03885.16	0	0	0	0	0	0	0	0	1	2	0	0
PF06968.16	4	7	4	10	0	3	5	18	1	18	5	3
PF14107.9	1	0	0	0	0	0	0	0	0	0	0	0
PF09553.13	0	0	0	0	0	0	0	0	0	0	1	1
PF10137.12	0	0	0	0	0	0	0	0	0	0	0	0
PF01969.20	0	0	0	0	2	0	0	0	0	2	0	0
PF19845.2	0	0	1	0	0	0	0	1	0	3	1	0
PF19694.2	1	0	1	0	1	0	0	1	2	3	1	0
PF20037.2	1	0	0	0	0	0	2	0	1	0	1	0
PF12869.10	0	0	0	0	0	0	0	0	0	0	0	0
PF04074.15	4	0	1	5	3	5	1	1	2	4	3	1
PF19610.2	0	0	0	6	0	0	2	2	5	2	1	2
PF09704.13	1	0	0	0	0	0	1	0	1	1	0	0
PF05107.15	1	0	0	0	1	1	0	3	1	1	0	0
PF03714.17	0	0	0	0	1	0	0	1	1	0	0	0
PF10040.12	0	0	0	0	0	1	0	0	0	0	0	0
PF12945.10	0	0	0	0	0	0	1	0	3	2	0	0
PF13750.9	0	0	0	0	1	0	0	0	0	0	0	0
PF13203.9	0	0	0	0	0	0	0	1	0	1	0	0
PF09967.12	0	0	0	0	0	0	0	2	0	1	0	0
PF09527.13	0	1	0	2	0	2	1	1	1	3	3	2
PF10020.12	0	0	0	0	0	0	0	1	0	0	0	0
PF19668.2	0	0	0	0	0	0	0	0	0	0	0	0
PF05194.15	0	0	0	0	0	0	0	0	0	0	0	0
PF08590.13	0	0	0	0	0	0	0	0	0	0	0	0
PF16468.8	0	0	0	0	0	0	0	0	0	0	0	0
PF13772.9	0	0	0	0	0	0	0	0	0	0	0	0
PF00261.23	0	0	0	0	0	0	0	0	0	0	0	0
PF09966.12	0	0	0	0	0	0	0	0	0	0	0	0
PF07486.15	7	2	1	3	1	1	8	2	15	18	8	1
PF19909.2	0	0	0	0	0	0	0	0	1	0	0	0
PF17786.4	0	0	0	0	0	0	0	0	0	0	0	0
PF17753.4	0	1	1	0	1	0	2	0	0	3	0	0
PF14243.9	0	0	0	0	0	0	0	0	0	0	0	0
PF04446.15	0	0	0	0	0	0	0	0	0	0	0	0
PF14413.9	0	0	0	0	0	0	0	0	0	0	0	0
PF01051.24	1	0	1	1	0	1	1	2	3	4	1	1
PF19453.2	0	0	0	0	0	0	0	0	0	0	0	0
PF11007.11	0	0	1	0	0	1	0	1	0	2	2	1
PF14104.9	0	0	0	0	0	0	0	0	0	0	0	0
PF15595.9	0	0	0	0	0	0	0	0	0	0	2	0
PF13240.9	3	2	1	5	3	2	3	3	4	2	2	0
PF14561.9	0	0	0	0	0	0	0	0	0	0	0	0
PF12746.10	0	1	0	0	0	2	0	1	0	0	4	0
PF20582.1	2	3	1	4	0	1	0	0	2	2	0	0
PF05209.16	0	0	0	0	0	0	0	0	0	1	1	0
PF03775.19	2	1	1	0	2	1	0	0	0	1	1	0
PF11443.11	0	0	0	0	0	0	0	0	0	0	0	0
PF05731.14	0	0	0	0	0	0	0	0	0	0	0	0
PF12840.10	0	1	0	1	0	0	1	1	0	0	2	0
PF03848.17	0	0	0	0	0	0	0	0	0	0	1	0
PF13026.9	0	1	1	1	1	0	0	1	1	5	0	0
PF18977.3	0	0	0	0	0	0	0	0	0	1	1	0
PF20047.2	0	0	0	1	0	0	0	0	0	0	0	0
PF20218.1	0	0	0	0	0	0	0	0	0	0	0	0
PF16146.8	0	0	0	0	0	0	0	0	0	1	0	0
PF13690.9	6	9	3	5	0	0	1	4	8	9	8	4
PF00475.21	1	4	1	2	0	2	0	0	1	0	1	0
PF02410.18	0	1	1	0	2	0	1	2	0	0	1	0
PF20317.1	0	0	0	0	0	1	0	0	0	0	0	0
PF09391.13	0	0	0	0	0	0	0	0	0	0	0	0
PF14103.9	0	0	0	0	0	0	1	0	0	0	0	0
PF08889.14	0	0	1	0	1	0	0	0	0	1	3	0
PF13685.9	0	0	0	1	1	1	0	1	0	0	0	0
PF19677.2	0	0	1	0	0	0	1	1	0	0	1	0
PF08020.14	0	1	0	0	0	0	0	1	0	1	1	0
PF13578.9	0	0	0	0	0	0	0	0	0	0	2	0
PF18982.3	0	1	0	0	0	0	0	1	0	1	1	0
PF13835.9	1	0	0	0	0	0	0	0	0	0	0	0
PF07429.14	0	0	0	0	0	0	0	0	0	0	1	0
PF14423.9	0	0	0	0	0	0	0	0	0	0	0	0
PF08928.13	0	0	0	0	0	0	0	0	0	0	0	0
PF08929.13	0	0	0	0	0	0	0	0	0	0	0	0
PF14433.9	0	0	0	0	0	0	0	0	0	0	0	0
PF14206.9	0	0	0	0	0	0	0	0	0	0	0	0
PF17836.4	0	1	1	0	0	0	0	1	0	1	1	0
PF11922.11	0	0	0	0	0	0	1	0	0	0	0	0
PF15609.9	1	0	1	0	0	0	0	0	0	5	0	0
PF12500.11	1	0	1	0	0	0	0	0	0	5	0	0
PF14018.9	2	0	0	2	4	0	0	2	0	0	2	0
PF15617.9	0	0	0	0	0	0	0	0	0	0	0	0
PF02675.18	0	0	0	0	0	0	0	0	0	1	0	1
PF17284.5	0	0	0	0	0	0	0	0	0	0	0	0
PF00491.24	0	0	0	1	0	0	1	0	2	2	0	0
PF18425.4	0	0	0	0	1	0	0	0	1	1	0	0
PF20312.1	1	0	0	0	0	0	0	0	0	0	0	0
PF02654.18	0	0	0	0	1	0	0	1	0	1	1	0
PF13687.9	0	0	0	0	0	0	0	0	0	1	0	0
PF10096.12	0	0	0	1	0	0	0	0	0	2	3	0
PF02655.17	0	4	0	0	2	4	1	2	0	2	0	0
PF03102.17	1	1	1	0	0	2	0	2	0	4	4	1
PF07922.14	0	0	0	0	0	0	0	0	0	2	1	0
PF14897.9	1	0	0	0	0	0	0	1	0	0	0	0
PF10135.12	1	1	0	3	0	0	1	0	2	8	3	4
PF02981.18	0	0	0	0	0	0	0	0	0	0	0	0
PF02980.19	0	0	0	0	0	0	0	0	0	0	0	0
PF16902.8	0	0	0	0	0	0	0	0	0	0	0	0
PF09254.14	0	0	0	0	0	0	0	0	2	0	0	0
PF00080.23	0	0	0	0	0	0	0	0	0	1	0	0
PF17996.4	0	0	0	0	0	0	0	0	0	1	0	1
PF04994.16	1	2	0	0	1	4	1	1	2	1	0	0
PF17827.4	2	0	2	1	1	2	0	0	0	3	1	0
PF11258.11	1	0	1	2	0	0	1	2	5	10	5	2
PF17479.5	1	0	1	2	0	0	1	2	5	10	5	2
PF06081.14	0	0	0	0	0	2	0	1	0	1	1	0
PF11728.11	0	0	0	0	0	1	0	1	0	1	1	0
PF13289.9	2	0	0	1	0	0	6	2	5	9	4	0
PF12762.10	0	0	0	0	1	0	2	0	1	4	0	1
PF18984.3	5	3	1	0	0	5	2	4	7	7	10	2
PF18983.3	5	3	1	0	0	4	2	4	7	7	10	2
PF07456.14	0	1	0	1	0	1	0	0	0	0	1	0
PF07009.14	1	1	0	1	1	0	0	0	0	0	1	1
PF08876.14	0	0	0	3	0	0	3	1	2	5	2	0
PF13601.9	0	0	0	0	0	0	0	0	0	0	0	0
PF13787.9	0	0	0	0	0	0	0	0	0	0	0	0
PF02016.18	0	0	0	0	1	3	0	0	2	0	0	0
PF17676.4	0	0	0	0	1	3	0	0	2	0	0	0
PF14199.9	0	0	1	0	4	0	3	1	1	6	1	0
PF17225.6	0	0	0	0	0	1	0	0	0	0	1	0
PF06283.14	0	0	0	0	0	0	0	0	0	0	0	0
PF14257.9	1	2	1	0	0	0	1	0	0	0	0	0
PF09148.13	0	0	1	0	0	0	0	2	1	4	2	0
PF07878.14	0	0	0	0	0	0	0	0	0	0	0	0
PF07826.14	3	2	1	0	0	0	2	1	1	2	2	2
PF20260.1	0	1	1	2	3	3	2	1	1	2	0	0
PF08487.13	0	0	0	0	0	0	0	0	0	0	0	0
PF16369.8	0	0	0	0	0	0	0	0	1	0	0	0
PF09212.13	0	0	0	0	0	0	0	0	0	0	0	0
PF02156.18	0	1	1	2	0	3	0	1	1	0	3	0
PF13570.9	0	0	0	0	0	0	0	0	0	0	0	0
PF08765.14	0	1	0	2	0	0	0	0	0	0	0	0
PF20456.1	0	0	0	0	0	1	0	0	0	0	0	0
PF19484.2	0	5	1	0	0	0	0	0	1	1	2	1
PF04018.16	0	0	0	1	0	1	0	0	0	2	1	0
PF14751.9	0	0	0	1	1	0	0	0	0	0	0	1
PF01978.22	0	0	0	0	0	0	0	0	0	1	0	0
PF11495.11	0	0	0	0	0	0	0	0	0	1	0	0
PF00246.27	0	3	0	0	4	3	1	0	0	1	0	0
PF13241.9	0	1	2	1	0	1	0	0	0	0	1	0
PF18588.4	0	0	0	0	0	0	0	0	0	0	0	0
PF16738.8	0	0	0	0	0	0	0	1	0	1	0	0
PF16561.8	0	0	0	0	0	0	0	0	0	0	0	0
PF19539.2	0	1	0	0	0	1	0	2	1	1	0	0
PF10387.12	0	0	0	0	0	0	0	0	0	0	0	0
PF18994.3	0	0	0	0	0	0	0	0	0	0	0	0
PF05709.14	0	0	0	0	0	0	0	0	0	0	0	0
PF20469.1	1	0	1	0	2	0	1	1	0	1	5	0
PF03283.16	0	0	0	0	0	0	0	0	0	0	0	0
PF14192.9	0	0	0	0	0	0	0	0	0	1	0	0
PF03852.18	0	0	0	0	0	0	0	0	0	1	0	0
PF09565.13	0	0	1	0	0	0	0	0	0	0	0	0
PF06855.15	0	0	0	0	0	0	0	0	0	0	0	0
PF13005.10	2	14	3	8	4	10	5	18	8	21	24	10
PF06094.15	1	0	0	0	0	0	0	0	0	0	0	0
PF01680.20	1	0	0	3	0	0	2	3	1	2	1	0
PF00142.21	0	0	0	0	0	0	0	0	0	0	0	0
PF00350.26	0	0	0	0	0	0	0	2	0	2	0	0
PF14414.9	0	0	0	0	0	0	0	0	0	1	0	0
PF02652.17	0	0	0	1	1	0	1	1	0	0	0	0
PF05183.15	0	0	0	0	2	0	0	0	0	0	0	0
PF01810.21	0	0	0	0	0	0	0	0	0	0	0	0
PF13577.9	0	0	0	0	0	0	1	0	0	0	0	0
PF14534.9	0	0	0	0	0	0	0	0	0	0	0	0
PF12158.11	0	0	0	0	0	0	0	0	0	0	0	0
PF06353.15	0	0	0	0	0	0	0	0	0	0	0	0
PF19538.2	1	0	0	1	0	0	0	1	3	1	0	1
PF20573.1	0	0	0	0	0	0	0	0	0	0	0	0
PF12650.10	0	0	1	0	1	0	0	1	0	0	1	0
PF20040.2	0	0	0	0	0	0	0	0	0	1	0	0
PF03928.17	0	0	1	2	1	0	3	0	3	3	2	3
PF03319.16	7	2	1	4	2	1	1	1	7	3	4	4
PF18427.4	1	0	1	0	0	0	0	1	0	0	0	0
PF08841.13	1	0	1	0	0	0	0	1	0	0	0	0
PF02287.18	0	0	0	1	0	0	0	0	0	0	0	0
PF02286.18	0	1	0	0	3	0	1	0	0	5	0	0
PF11580.11	0	1	3	1	1	2	1	2	1	2	1	0
PF15428.9	0	0	0	0	0	0	0	0	0	0	0	0
PF14136.9	0	0	0	0	0	3	0	0	0	0	0	0
PF16657.8	7	6	2	2	2	1	0	7	3	7	3	2
PF20446.1	1	3	2	1	2	2	1	1	1	2	3	0
PF09818.12	1	3	2	1	2	2	1	1	1	2	3	0
PF18218.4	0	0	0	0	0	0	0	0	0	0	0	0
PF02522.17	0	0	0	1	0	1	0	0	0	0	0	0
PF05708.15	0	0	0	0	0	0	0	0	0	0	0	0
PF12671.10	0	0	0	0	0	0	0	0	0	0	0	0
PF13551.9	0	1	0	2	0	2	1	2	0	2	0	0
PF10412.12	0	0	0	0	0	0	0	0	0	0	0	0
PF20313.1	0	0	0	0	1	0	0	0	0	0	0	0
PF13958.9	0	0	0	0	0	0	0	0	0	0	1	0
PF07892.14	0	3	0	0	0	0	0	1	0	4	1	0
PF12910.10	0	0	0	0	0	0	0	0	0	0	0	0
PF13466.9	0	0	0	0	0	1	0	1	0	0	0	0
PF08445.13	0	1	0	1	0	0	0	0	1	1	1	0
PF07179.15	1	6	2	5	2	2	1	1	1	3	0	2
PF11796.11	0	1	0	0	0	0	1	0	1	1	0	0
PF09664.13	0	1	0	0	0	0	1	0	1	1	0	0
PF09660.13	0	0	0	0	0	1	1	1	2	7	1	0
PF18889.3	6	0	0	0	2	16	6	6	0	14	6	0
PF20623.1	0	0	0	0	0	0	0	0	0	0	0	0
PF01345.21	13	99	97	187	64	144	8	0	0	17	7	4
PF07613.14	0	0	0	0	0	0	0	0	2	0	2	0
PF14056.9	0	0	0	1	0	0	0	0	0	1	1	0
PF14076.9	1	0	0	1	0	0	0	0	0	0	0	1
PF01402.24	0	0	1	1	0	0	0	0	1	2	3	0
PF05973.17	0	0	0	0	0	0	0	0	0	0	0	0
PF10651.12	0	0	0	0	0	0	1	0	0	0	0	0
PF03406.16	0	0	0	0	0	0	0	0	0	0	0	0
PF19639.2	0	1	0	1	0	0	1	1	1	0	2	0
PF13279.9	0	0	0	2	1	0	0	0	0	0	0	1
PF13391.9	0	0	0	0	0	0	0	0	1	0	0	0
PF04480.15	0	0	0	0	0	0	0	0	0	0	0	0
PF07853.14	0	0	0	1	0	0	3	2	1	4	1	0
PF09297.14	1	0	0	0	0	0	0	1	0	0	2	0
PF11187.11	0	0	0	0	0	0	0	0	0	1	0	0
PF07454.14	0	0	0	0	0	1	0	0	2	0	0	0
PF06782.14	0	0	0	0	0	0	0	0	0	0	0	0
PF12670.10	1	0	0	0	0	0	0	0	0	1	1	0
PF09552.13	0	0	0	0	0	0	1	1	0	0	1	0
PF12953.10	1	1	0	0	0	2	0	0	0	0	1	0
PF19499.2	0	0	0	1	3	0	1	3	5	4	1	1
PF03883.17	0	1	0	1	1	1	2	1	0	1	1	0
PF07866.14	0	1	0	0	0	0	0	0	0	2	1	0
PF03862.16	0	0	0	1	0	0	1	0	1	0	0	0
PF13782.9	0	0	0	0	0	0	0	0	0	0	0	0
PF01174.22	0	0	1	0	0	0	1	3	0	0	2	0
PF03932.17	0	1	1	1	1	0	0	0	1	2	5	2
PF12893.10	0	0	0	0	0	0	0	0	0	1	0	1
PF18088.4	0	1	0	0	0	0	0	0	1	0	0	0
PF11070.11	0	0	0	0	0	0	0	0	0	0	0	0
PF08867.14	0	0	1	0	0	0	0	0	0	1	1	0
PF10143.12	3	0	0	1	1	3	2	2	3	3	0	0
PF08645.14	0	1	0	0	0	0	0	0	0	0	0	0
PF19830.2	0	0	0	0	0	0	0	1	0	1	2	0
PF05426.15	0	0	0	0	0	0	0	0	0	0	0	0
PF07940.16	1	0	0	0	0	0	0	0	0	0	0	0
PF07470.16	0	1	2	2	0	0	0	0	0	4	0	0
PF13535.9	0	0	0	1	1	0	0	0	0	0	1	0
PF18603.4	0	0	0	0	0	0	0	0	0	0	1	0
PF08922.14	0	0	0	1	0	0	1	0	1	1	0	0
PF03733.16	0	2	0	2	0	2	0	0	4	4	0	6
PF10974.11	0	1	1	0	0	0	0	0	0	2	0	0
PF12558.11	1	1	0	0	1	0	1	0	4	1	5	0
PF01939.19	0	0	0	0	1	0	0	2	0	1	0	0
PF13395.9	0	0	2	1	0	0	0	1	0	2	1	0
PF20578.1	2	3	1	1	0	0	0	1	1	2	0	0
PF13274.9	3	3	2	1	0	0	0	0	0	4	0	0
PF03881.17	0	0	0	0	0	0	0	0	0	0	0	0
PF16467.8	0	0	0	0	0	0	1	0	0	0	0	0
PF12996.10	0	0	0	0	0	0	0	0	1	0	1	1
PF02900.21	0	1	0	1	0	3	2	0	1	1	2	0
PF01871.20	0	1	0	1	0	3	2	0	1	1	2	0
PF01970.19	0	1	1	0	0	0	4	0	0	4	1	0
PF07556.14	0	0	0	2	0	0	6	0	0	2	0	0
PF11913.11	0	0	0	0	0	0	2	1	0	0	1	0
PF19848.2	0	0	0	0	0	0	1	0	0	1	1	0
PF13271.9	1	0	0	1	0	0	1	0	0	0	0	0
PF14270.9	0	0	2	1	0	0	0	0	2	2	3	0
PF09823.12	0	0	0	0	0	0	0	0	0	0	2	0
PF04072.17	0	0	0	0	0	0	0	0	0	0	0	0
PF14871.9	0	0	0	0	0	0	0	0	0	2	0	0
PF16962.8	2	0	0	0	0	0	0	0	1	5	0	0
PF13275.9	0	1	0	2	0	1	0	0	0	5	0	0
PF01980.19	0	0	0	0	1	0	0	0	0	0	0	0
PF10604.12	0	0	0	0	0	0	0	0	0	0	0	0
PF04066.16	0	0	0	0	0	0	0	0	0	0	0	0
PF01937.22	0	0	0	1	0	0	0	0	0	0	1	0
PF11449.11	2	2	2	0	0	2	2	0	1	1	0	0
PF05899.15	0	0	0	0	0	0	0	0	0	0	0	0
PF01478.21	1	0	0	0	0	0	0	0	0	0	1	0
PF18960.3	0	0	0	0	0	0	0	1	0	1	0	0
PF09115.13	1	1	2	1	1	0	0	3	0	4	1	0
PF03458.16	0	0	0	0	0	0	4	0	0	0	0	0
PF13657.9	0	0	0	2	0	0	0	0	0	0	0	0
PF12889.10	1	2	1	0	0	0	1	1	1	1	2	0
PF04985.17	0	1	0	1	0	0	0	0	0	0	0	0
PF10662.12	1	3	0	0	1	0	0	0	0	2	1	1
PF12450.11	0	0	0	0	0	0	0	0	2	0	0	0
PF12034.11	0	0	0	0	0	0	0	0	2	0	0	0
PF02683.18	0	0	0	4	4	0	0	2	2	8	1	0
PF08902.14	0	3	0	2	0	2	0	1	0	2	0	0
PF06414.15	0	0	0	0	0	0	0	0	0	0	0	0
PF13539.9	1	0	0	0	0	0	2	1	0	0	1	0
PF18937.3	0	1	1	1	0	1	0	4	1	2	0	0
PF12810.10	0	0	0	1	0	0	0	0	0	0	0	0
PF18927.3	0	0	0	0	0	0	0	0	0	0	0	0
PF01220.22	0	0	1	0	0	0	0	0	0	0	0	0
PF10086.12	0	0	0	0	0	0	0	0	1	3	1	0
PF18917.3	0	0	0	0	0	0	0	0	0	0	0	0
PF11583.11	0	0	0	0	0	0	0	0	0	0	0	0
PF14196.9	0	0	0	0	0	0	0	0	0	0	0	0
PF04463.15	0	5	2	11	5	9	1	0	0	0	0	0
PF17782.4	0	1	0	1	0	1	0	0	0	1	0	0
PF04993.16	0	0	1	1	0	0	1	1	0	1	0	1
PF19502.2	0	0	0	0	0	0	1	1	0	1	0	1
PF07875.15	0	1	0	0	1	0	0	0	0	0	2	0
PF01944.20	1	0	1	0	0	0	0	0	0	0	0	0
PF18310.4	0	0	0	0	1	1	0	1	0	0	0	0
PF18954.3	0	0	0	0	0	0	0	0	0	0	0	0
PF08378.14	0	2	0	0	0	2	0	0	0	0	0	0
PF02834.19	0	0	0	0	0	0	0	0	0	0	0	0
PF20610.1	1	0	0	0	0	0	0	0	0	0	0	0
PF18389.4	0	0	0	0	1	0	0	0	0	0	0	0
PF03616.17	2	7	0	1	0	0	0	0	0	2	1	1
PF04346.15	0	1	1	0	0	0	0	0	0	2	3	0
PF10916.11	0	0	0	0	0	0	0	0	0	0	0	0
PF18948.3	2	0	1	0	0	0	1	0	0	0	1	2
PF06631.14	0	0	0	0	0	0	0	0	0	0	0	0
PF16993.8	0	0	0	0	0	0	0	0	0	0	0	0
PF07247.15	0	0	1	0	0	0	0	0	0	0	0	0
PF13575.9	0	0	1	0	0	0	0	0	0	0	0	0
PF05147.16	0	0	0	0	0	0	0	0	0	0	0	0
PF04024.15	0	0	0	0	0	1	0	0	0	2	0	0
PF08808.14	0	0	0	0	0	0	0	0	0	1	0	0
PF13930.9	0	0	1	0	0	0	0	0	0	0	0	1
PF04488.18	0	0	0	0	0	0	0	0	0	0	0	0
PF19842.2	0	0	0	0	0	0	0	0	0	0	0	0
PF16161.8	1	1	0	2	0	0	0	0	1	2	2	1
PF08707.14	0	0	0	0	0	0	0	0	0	0	0	0
PF07905.14	1	2	0	0	0	3	2	2	0	0	0	0
PF05552.15	2	2	0	6	2	5	2	0	5	7	1	0
PF13248.9	0	1	0	0	0	0	0	0	0	0	0	0
PF09551.13	0	1	0	0	1	1	0	0	0	0	0	0
PF04290.15	1	1	0	0	0	0	0	0	0	0	1	0
PF16163.8	1	0	0	0	0	0	0	0	0	0	0	0
PF04422.16	0	1	0	0	0	0	0	0	0	0	0	1
PF04432.16	1	1	0	0	0	0	0	0	0	1	0	1
PF11700.11	0	0	0	6	0	2	0	0	0	2	0	0
PF09960.12	0	0	0	0	0	0	0	1	0	3	0	0
PF16933.8	0	0	0	0	0	0	0	0	0	3	0	0
PF16173.8	0	1	1	0	0	0	0	0	0	0	0	0
PF16116.8	0	1	1	0	0	0	0	0	0	0	0	0
PF18082.4	0	0	1	0	0	0	0	0	0	0	0	0
PF18164.4	0	0	1	0	0	0	0	0	0	0	0	0
PF07751.14	0	0	1	0	1	0	1	0	0	0	0	0
PF12664.10	0	0	0	0	0	0	0	0	0	0	0	0
PF20369.1	3	0	1	1	0	0	2	0	1	0	3	0
PF13382.9	1	8	2	5	1	0	0	2	3	1	1	3
PF06935.14	0	0	0	0	0	0	0	0	0	0	0	0
PF12668.10	0	0	0	0	1	1	0	0	0	1	0	0
PF20275.1	0	0	0	0	0	0	0	0	0	0	0	0
PF20293.1	0	0	0	0	0	0	0	0	0	0	0	0
PF10088.12	0	0	0	0	0	0	0	0	0	0	0	0
PF02625.19	0	0	0	0	0	0	0	0	0	0	1	0
PF13478.9	0	0	0	0	0	0	0	0	0	0	1	0
PF00481.24	0	0	0	0	0	0	0	0	0	0	0	1
PF01887.19	0	0	0	0	1	0	0	0	0	0	0	0
PF20257.1	0	0	0	0	1	0	0	0	0	0	0	0
PF10576.12	0	0	2	1	0	1	0	0	0	0	0	0
PF16757.8	0	0	0	0	0	0	0	0	0	1	1	0
PF02001.19	2	0	0	0	0	0	0	2	0	1	0	0
PF14024.9	0	0	0	1	1	0	0	0	0	1	0	0
PF16152.8	0	0	1	2	0	1	0	1	0	0	0	1
PF18128.4	0	0	0	1	0	0	0	1	0	0	1	0
PF18133.4	0	0	0	1	0	0	0	1	0	0	1	0
PF00595.27	1	0	0	1	0	0	0	0	0	3	3	0
PF04309.15	0	2	1	2	0	0	0	0	0	1	1	0
PF05336.16	0	2	0	0	0	0	0	0	0	2	0	0
PF13244.9	0	0	0	0	0	0	0	0	0	2	0	0
PF02152.21	2	0	0	0	0	0	0	1	0	0	0	0
PF14399.9	0	0	0	0	0	0	0	0	0	0	0	0
PF06685.14	0	0	0	2	0	1	0	0	0	0	3	1
PF02074.18	0	2	0	4	1	1	0	1	0	0	0	0
PF19644.2	0	0	0	0	0	0	12	74	4	61	0	0
PF07314.14	0	0	0	0	0	0	0	0	0	0	0	1
PF00135.31	0	0	0	0	0	1	1	0	4	2	0	0
PF02586.17	0	1	0	1	0	0	0	0	0	0	0	0
PF04256.15	1	0	0	1	0	0	0	0	0	0	0	0
PF12695.10	1	0	1	0	0	0	0	0	0	0	1	0
PF14487.9	0	0	0	0	0	0	0	0	0	0	0	0
PF10719.12	2	3	3	4	3	0	1	1	1	1	1	0
PF07196.16	10	11	5	3	1	2	4	13	4	14	5	4
PF13607.9	0	0	0	0	0	0	0	0	0	0	0	0
PF01361.24	1	1	0	0	1	0	0	1	1	1	0	0
PF09932.12	0	0	0	0	0	0	0	0	0	0	0	0
PF13250.9	0	0	1	0	0	0	0	0	0	0	0	0
PF10544.12	0	1	1	0	0	0	0	0	0	1	0	0
PF06152.14	0	0	0	0	0	0	0	0	1	0	0	0
PF20536.1	0	0	0	0	0	0	0	0	0	0	0	0
PF20378.1	0	0	0	0	0	0	0	0	0	0	0	0
PF06854.14	0	0	0	0	0	0	0	0	0	0	0	0
PF05866.14	0	0	0	0	0	0	0	0	0	0	0	0
PF03864.18	1	0	0	2	1	0	0	0	0	1	1	0
PF19645.2	0	0	0	0	0	0	0	0	0	0	0	0
PF12961.10	0	0	0	0	0	0	0	0	0	0	0	1
PF11167.11	2	3	1	1	1	0	0	0	2	0	0	0
PF07514.14	0	0	0	0	0	0	0	0	0	0	0	0
PF11230.11	0	1	2	0	0	0	0	1	0	0	0	0
PF16980.8	0	0	0	0	0	0	0	1	0	0	0	0
PF13440.9	0	1	0	2	1	1	0	0	0	0	0	0
PF11185.11	0	0	1	6	1	1	0	1	1	0	2	0
PF06056.15	0	0	0	0	0	0	0	0	0	0	0	0
PF20476.1	1	0	3	0	0	0	1	0	0	0	1	0
PF14461.9	0	0	0	0	0	0	0	0	0	0	0	0
PF18145.4	0	0	0	0	0	2	0	0	0	0	0	0
PF03070.19	0	1	0	0	0	0	0	2	0	0	0	0
PF08974.13	0	0	0	0	0	0	0	0	0	0	0	0
PF01934.20	0	1	0	1	1	1	1	0	0	0	1	0
PF15655.9	0	1	0	0	0	0	0	0	0	0	0	0
PF10060.12	0	0	0	0	0	0	0	0	0	0	0	0
PF02288.18	0	0	0	0	0	0	0	1	0	0	0	0
PF11457.11	0	0	0	0	0	0	0	0	0	0	0	0
PF13176.9	2	3	1	1	0	1	0	0	0	0	1	0
PF09388.13	1	0	0	1	0	0	0	0	1	0	0	1
PF02026.19	0	0	1	0	0	1	0	0	0	0	0	0
PF12718.10	2	4	3	1	0	0	0	0	0	0	0	0
PF20240.1	0	0	0	0	0	0	0	0	0	0	0	0
PF13580.9	3	7	1	1	0	2	0	1	0	6	0	0
PF06188.15	0	2	0	0	0	0	0	0	0	0	0	0
PF13027.9	0	0	0	0	0	0	0	0	0	0	0	0
PF03990.17	0	0	0	0	0	0	0	0	0	0	0	0
PF18735.4	1	0	0	2	0	0	0	1	0	1	1	0
PF13629.9	0	0	0	0	0	0	0	0	0	0	0	0
PF14262.9	0	0	0	0	2	0	0	0	2	0	0	0
PF03415.17	0	0	0	0	0	0	0	0	0	1	1	1
PF04071.15	0	0	0	0	0	0	0	0	0	0	0	1
PF11761.11	0	1	0	0	0	0	0	0	0	0	0	0
PF18737.4	0	0	0	0	0	0	0	0	0	0	0	0
PF18887.3	6	0	0	0	3	0	3	9	0	0	1	3
PF17118.8	2	1	0	1	0	0	0	0	0	2	0	0
PF18768.4	0	0	0	0	0	0	0	0	0	0	0	0
PF20247.1	0	0	0	0	0	0	0	0	0	0	0	0
PF18899.3	0	1	1	0	1	0	0	1	0	0	0	0
PF17728.4	0	0	0	0	1	0	1	0	0	2	0	0
PF06616.14	0	0	0	0	1	0	1	0	0	2	0	0
PF14343.9	0	0	0	0	0	0	0	0	0	0	0	0
PF16697.8	0	0	0	0	0	0	0	0	0	0	0	0
PF14378.9	0	0	0	0	0	2	0	0	0	0	0	0
PF12476.11	0	0	0	0	0	0	0	0	0	0	1	0
PF09983.12	2	0	0	0	0	0	0	2	0	1	0	0
PF04586.20	0	0	0	0	0	0	0	0	0	0	0	0
PF12641.10	0	0	0	2	0	0	0	0	0	0	0	0
PF14594.9	0	0	0	0	0	0	0	0	0	1	0	0
PF07811.15	0	0	0	0	0	0	0	0	0	0	0	0
PF01242.22	0	0	0	2	2	1	0	0	1	0	0	0
PF09721.13	0	0	0	0	0	0	0	0	0	0	0	0
PF07799.15	0	0	0	0	0	1	0	0	0	0	0	0
PF06048.14	0	0	0	0	0	0	0	0	0	0	0	0
PF18662.4	0	0	0	0	0	0	0	0	0	0	0	0
PF01112.21	1	1	0	0	0	0	0	0	1	0	2	2
PF14025.9	0	0	0	0	0	0	0	0	0	0	0	0
PF20092.2	0	0	0	0	0	1	0	0	0	0	0	0
PF08863.13	0	0	0	0	0	0	0	0	0	0	0	0
PF05565.14	0	0	0	0	0	0	0	0	0	0	0	0
PF16677.8	0	0	0	0	0	0	0	0	0	0	0	0
PF19540.2	0	0	0	0	0	0	0	0	0	0	0	0
PF11202.11	0	0	0	0	0	0	0	0	1	1	0	0
PF15608.9	0	0	0	0	0	0	0	0	1	1	0	0
PF03190.18	0	0	0	0	0	0	0	0	0	0	1	0
PF12646.10	0	0	0	0	0	0	0	0	0	0	0	0
PF00719.22	0	0	0	1	0	0	0	0	0	0	1	0
PF09512.13	0	0	0	0	0	0	0	0	0	0	0	0
PF14367.9	0	0	0	0	0	0	0	0	0	0	0	0
PF03683.16	0	0	0	0	0	0	0	0	0	0	1	0
PF11848.11	0	0	0	0	1	0	0	0	0	0	0	0
PF06067.14	0	0	0	0	0	0	0	1	0	0	0	0
PF05448.15	0	0	0	0	0	0	0	1	0	0	0	0
PF06496.14	0	0	0	1	0	0	0	0	0	0	0	0
PF03845.16	0	0	0	0	0	0	0	0	0	0	0	0
PF11369.11	0	0	0	0	0	0	0	0	0	0	0	0
PF12408.11	0	0	0	0	0	0	0	0	0	0	1	0
PF13420.10	0	2	1	5	0	2	0	1	0	0	0	0
PF02486.22	0	0	0	0	0	0	0	0	0	0	0	0
PF13563.9	0	0	0	0	0	0	0	0	0	0	0	0
PF08817.13	0	0	0	0	0	0	0	0	0	0	0	0
PF06013.15	0	0	2	1	0	0	0	1	0	2	0	0
PF16982.8	0	0	0	0	0	0	0	0	0	0	0	0
PF09588.13	0	0	0	0	0	0	0	0	0	0	0	0
PF12760.10	0	0	0	0	0	0	0	0	0	0	0	0
PF20063.2	0	0	0	0	0	0	0	0	0	0	0	0
PF10066.12	1	0	0	0	0	0	1	0	0	0	0	0
PF18862.4	0	0	0	0	0	0	0	0	0	0	0	0
PF14133.9	0	0	0	0	1	0	0	0	0	0	0	0
PF13651.9	0	0	0	0	0	0	0	0	0	0	0	0
PF13599.9	0	0	0	0	0	0	0	0	0	0	0	0
PF06197.16	0	0	0	0	0	0	0	0	0	0	0	0
PF14200.9	0	3	3	31	17	32	9	3	2	0	0	0
PF13218.9	0	0	0	0	0	0	0	0	0	0	0	0
PF10077.12	0	0	0	0	0	0	0	0	0	0	0	0
PF08000.14	0	0	0	0	0	0	0	0	0	0	0	0
PF01881.19	0	0	0	0	0	0	0	0	0	0	0	0
PF10022.12	0	1	0	1	0	0	0	0	0	1	0	0
PF20234.1	0	0	0	0	0	0	0	0	0	0	0	0
PF09682.13	0	0	0	0	0	0	0	0	0	0	0	0
PF00932.22	2	3	1	1	2	5	0	1	2	1	0	0
PF15417.9	0	0	0	0	0	0	0	0	0	0	1	0
PF14307.9	0	1	0	0	0	0	0	0	0	1	0	0
PF05711.14	0	3	1	0	0	0	0	0	0	0	1	0
PF16994.8	0	0	0	0	0	0	0	0	0	0	0	0
PF19483.2	0	0	0	0	0	0	0	0	0	0	0	0
PF11599.11	0	0	0	0	0	0	0	0	0	0	0	0
PF03869.17	0	1	0	0	0	0	0	0	0	1	0	0
PF12535.11	0	0	0	0	0	0	0	0	0	0	0	0
PF19501.2	0	0	0	0	0	0	0	0	0	0	0	0
PF15580.9	0	0	0	0	0	0	0	0	0	0	0	0
PF08958.13	0	0	0	0	0	0	0	0	0	0	0	0
PF18476.4	0	0	0	0	0	0	0	0	0	0	0	0
PF03073.18	0	0	0	0	0	0	0	0	0	0	0	0
PF08972.14	0	0	0	0	0	0	0	0	0	0	0	0
PF14607.9	0	0	0	1	2	3	0	0	0	1	0	0
PF14606.9	0	0	0	1	2	3	0	0	0	1	0	0
PF03205.17	0	0	0	0	0	0	0	0	0	0	0	0
PF13079.9	0	0	0	0	0	0	0	0	0	0	0	0
PF10990.11	0	0	0	0	0	0	0	0	0	0	0	0
PF02927.17	0	0	1	0	0	0	1	1	0	2	2	0
PF05057.17	0	0	0	0	0	0	0	0	0	1	0	0
PF12164.11	0	0	0	0	0	0	0	0	0	0	0	0
PF17957.4	0	0	0	0	0	0	0	0	0	0	0	0
PF06686.14	0	0	0	0	0	1	0	0	0	2	0	1
PF06965.15	0	0	0	0	2	2	0	0	0	0	0	0
PF04976.15	0	0	0	0	0	0	0	0	0	0	0	0
PF00245.23	0	0	0	0	16	10	0	0	1	5	0	0
PF12892.10	10	120	120	230	80	182	10	0	0	20	0	2
PF09972.12	0	0	0	0	0	0	0	0	0	0	0	0
PF17210.6	1	3	0	0	2	5	1	1	7	3	1	0
PF06833.14	0	0	0	0	0	0	0	0	0	0	0	0
PF10620.12	0	0	0	0	0	0	0	0	0	0	0	0
PF03818.16	0	0	0	0	0	0	0	0	0	0	0	0
PF07450.14	0	1	0	0	0	0	0	0	0	0	0	0
PF02633.17	2	0	0	1	0	0	0	1	0	0	0	0
PF03892.17	0	0	0	0	0	0	0	0	0	0	0	0
PF03927.16	0	0	0	0	1	0	0	0	0	0	0	0
PF02335.18	0	0	1	0	2	1	0	0	0	0	0	0
PF03100.18	0	0	0	0	0	0	0	0	0	0	0	0
PF16327.8	0	0	0	0	0	0	0	0	0	0	0	0
PF06675.14	0	0	0	0	0	0	0	0	1	0	0	0
PF00762.22	0	0	0	0	0	0	0	0	0	0	0	0
PF18819.4	0	0	0	0	0	0	0	0	0	0	0	0
PF01106.20	1	0	0	0	0	0	0	0	0	0	0	0
PF02909.20	0	0	0	0	0	0	0	0	0	0	0	0
PF02626.18	0	0	0	0	0	0	0	0	0	0	1	0
PF02538.17	4	0	1	0	0	0	0	0	0	0	0	0
PF05707.15	0	0	0	0	0	0	0	0	0	0	0	0
PF04115.15	0	0	0	0	0	0	0	0	0	0	0	0
PF14336.9	0	0	0	0	0	0	0	0	0	0	0	0
PF14276.9	0	0	0	0	0	0	0	0	0	0	0	0
PF14397.9	0	0	0	0	0	0	0	0	0	0	0	0
PF01894.20	0	1	0	0	0	0	0	0	0	1	0	0
PF03437.18	0	0	0	0	0	0	0	0	0	1	0	0
PF05621.14	0	0	0	0	0	0	0	0	0	0	0	0
PF14903.9	0	0	0	0	0	4	0	0	0	0	0	4
PF08331.13	0	0	0	0	0	0	0	0	0	0	0	0
PF09962.12	0	0	0	0	0	0	0	0	0	0	0	0
PF19823.2	1	1	1	0	0	0	0	0	0	0	0	0
PF14102.9	0	0	0	0	0	0	0	0	0	0	0	0
PF08664.13	1	1	0	0	0	0	0	0	0	0	0	0
PF16868.8	0	0	0	0	0	0	1	0	1	4	2	2
PF08905.14	0	0	0	0	0	0	0	0	0	0	0	0
PF06506.14	0	2	0	1	0	0	0	1	0	2	1	0
PF13660.9	0	0	0	0	0	0	0	0	0	1	0	0
PF05161.16	0	0	0	0	0	0	0	0	0	1	0	0
PF18933.3	0	0	0	0	0	0	0	0	0	0	1	0
PF08139.15	0	0	0	0	0	0	0	0	0	0	0	0
PF14112.9	0	0	0	0	0	0	0	0	0	0	0	0
PF19598.2	0	1	0	0	0	0	0	0	0	0	0	0
PF12963.10	0	0	0	0	0	0	0	0	0	0	0	0
PF08218.14	0	0	0	0	0	0	0	0	0	0	0	0
PF05128.15	0	0	0	0	0	0	0	0	0	1	0	0
PF06406.14	0	0	0	0	0	0	0	0	0	0	0	0
PF14209.9	0	0	0	0	0	0	0	1	0	0	0	1
PF11775.11	0	0	0	0	0	0	0	0	0	0	0	0
PF19854.2	0	0	0	0	0	0	0	0	0	1	1	0
PF13200.9	0	3	2	1	5	2	0	0	0	0	1	0
PF17032.8	0	0	0	0	0	0	0	0	0	0	0	0
PF14446.9	0	0	0	0	0	0	0	0	0	0	0	0
PF10947.11	0	0	0	0	0	0	0	0	0	0	0	0
PF09639.13	0	0	0	1	0	0	0	0	0	0	0	0
PF10097.12	0	1	0	0	1	3	0	0	0	0	0	0
PF18573.4	0	0	0	0	0	0	0	0	0	0	0	0
PF11368.11	0	0	0	0	0	0	0	0	0	0	0	0
PF17645.4	0	0	0	0	0	0	0	0	0	0	0	0
PF10123.12	0	1	0	0	0	0	0	0	0	0	1	0
PF14532.9	0	2	0	1	0	0	0	1	0	1	1	0
PF17209.6	0	0	0	0	0	0	0	0	0	0	0	0
PF06262.14	0	0	0	0	0	0	0	0	0	0	1	0
PF10263.12	0	0	0	0	0	0	0	0	0	0	0	0
PF01977.19	0	0	0	0	0	0	0	0	0	0	0	0
PF03594.16	0	0	0	0	0	0	0	0	0	0	0	0
PF04620.15	0	0	0	0	0	0	0	0	0	0	0	0
PF18978.3	0	0	0	0	0	0	0	0	0	0	0	0
PF13627.9	0	0	0	0	0	0	0	0	0	0	0	0
PF11193.11	1	0	0	3	2	2	0	0	1	0	0	0
PF04525.15	0	0	0	0	0	0	0	0	0	0	0	0
PF19799.2	0	0	0	0	0	0	0	0	0	0	0	0
PF05145.15	0	0	0	0	0	0	0	0	0	0	0	0
PF03802.17	0	0	0	0	0	0	0	0	0	0	0	0
PF05489.15	0	0	0	1	0	0	0	0	0	0	0	0
PF06995.14	0	0	0	0	0	0	0	0	0	0	0	0
PF09684.13	0	0	0	0	1	0	0	0	0	0	0	0
PF13644.9	0	0	0	0	0	0	0	0	3	0	0	0
PF18481.4	0	0	0	1	0	0	0	0	0	0	0	0
PF19407.2	4	1	1	0	7	1	6	10	14	28	1	0
PF04143.17	2	0	0	0	0	0	0	0	0	0	0	0
PF18705.4	0	0	0	0	0	0	0	0	0	0	0	0
PF09560.13	0	0	0	0	0	0	0	0	0	0	0	0
PF11823.11	0	0	0	0	0	0	0	0	0	1	0	0
PF20124.2	0	0	0	0	0	0	0	0	0	0	0	0
PF07287.14	0	0	0	0	0	0	0	0	0	0	0	0
PF01989.19	0	0	0	0	0	0	0	0	0	0	0	0
PF04412.16	0	0	0	0	0	1	0	0	0	0	0	0
PF20377.1	0	0	0	0	0	0	0	0	0	0	0	0
PF04951.16	0	0	0	0	0	0	0	0	0	0	0	0
PF06458.15	0	0	0	0	0	0	0	0	0	0	0	0
PF14101.9	0	0	0	0	0	0	0	0	0	0	0	0
PF03630.17	0	0	0	0	0	0	0	0	0	0	0	0
PF16169.8	0	0	0	0	0	0	0	0	0	0	0	0
PF02796.18	0	0	0	0	0	0	0	0	0	0	0	0
PF14249.9	0	0	0	0	0	0	0	0	0	0	0	0
PF13552.9	0	0	0	0	0	0	0	0	0	0	0	0
PF02667.17	0	0	0	0	0	0	0	0	0	0	0	0
PF19595.2	0	0	0	0	0	0	0	0	0	0	0	0
PF11672.11	0	0	0	0	0	0	0	0	1	0	0	0
PF20529.1	0	0	0	0	0	0	0	0	0	0	0	0
PF03956.16	0	0	0	0	0	0	0	0	0	0	0	0
PF16554.8	1	2	1	2	2	3	0	1	2	0	1	0
PF09043.14	1	4	3	4	1	6	0	1	1	2	2	0
PF12544.11	2	1	2	3	2	0	0	0	0	2	2	0
PF14184.9	0	0	0	0	0	0	0	0	0	0	0	0
PF20097.2	0	0	0	0	0	0	0	0	0	0	0	0
PF01427.20	1	1	0	0	0	0	0	0	0	0	0	1
PF15563.9	0	0	0	0	0	0	0	0	0	0	0	0
PF14246.9	0	0	0	0	0	0	0	0	0	0	1	0
PF03457.17	5	0	0	0	0	5	0	10	0	0	0	0
PF05728.15	0	0	0	1	0	0	0	0	0	0	0	0
PF09529.13	0	0	0	0	0	0	0	0	0	0	0	0
PF19605.2	0	0	0	0	0	0	0	0	0	0	0	0
PF16929.8	0	0	0	0	0	0	1	1	0	0	0	0
PF15432.9	0	0	0	0	0	0	0	0	0	0	0	0
PF16011.8	0	0	0	1	1	0	0	1	2	2	0	0
PF20122.2	0	0	0	0	0	0	0	0	0	0	0	0
PF18730.4	0	0	0	0	0	0	0	0	0	0	0	0
PF06249.15	6	9	5	5	4	3	1	4	4	5	4	2
PF19062.3	1	0	0	0	0	0	0	0	0	0	0	0
PF14588.9	0	0	0	3	2	0	0	0	0	0	0	0
PF16481.8	0	0	0	0	0	0	1	0	0	0	1	0
PF08359.14	0	0	0	0	0	0	0	0	0	0	0	0
PF07694.15	0	1	0	0	0	0	0	0	0	0	0	0
PF12787.10	1	0	0	0	0	0	0	0	0	0	0	0
PF16569.8	0	1	0	0	0	0	15	19	16	42	3	0
PF01633.23	0	1	0	0	0	0	0	0	0	0	0	0
PF04587.18	2	0	1	0	0	0	0	0	0	1	1	0
PF07385.15	1	0	0	0	2	0	0	0	1	3	0	0
PF08484.14	0	0	0	1	0	0	0	0	0	0	0	0
PF14486.9	1	3	0	0	0	0	0	2	1	3	0	1
PF08901.14	0	0	0	1	0	0	0	0	0	1	0	0
PF16729.8	0	0	0	0	0	0	1	0	0	0	0	0
PF04279.18	0	0	0	0	0	0	0	0	0	0	0	0
PF06149.15	1	0	0	0	1	3	1	0	0	1	0	0
PF06166.15	1	0	0	1	0	1	0	0	0	0	0	0
PF18002.4	0	0	0	0	0	0	14	16	14	28	0	0
PF12873.10	0	0	0	0	0	0	0	0	0	0	0	0
PF05045.15	1	0	1	0	0	0	0	0	0	2	0	0
PF02596.18	0	0	0	0	0	0	0	0	0	0	0	0
PF01208.20	0	0	0	0	0	0	0	2	1	0	0	0
PF12832.10	0	0	0	1	0	2	0	0	0	0	0	0
PF09106.14	0	1	0	1	1	0	0	0	0	0	0	1
PF09107.14	0	1	0	1	1	0	0	0	0	0	0	1
PF12390.11	0	0	0	0	1	0	0	0	0	1	0	0
PF03841.16	0	0	0	0	1	0	0	0	0	2	0	0
PF10668.12	0	0	0	4	1	0	0	0	0	0	0	0
PF02126.21	0	1	0	0	0	0	0	0	0	1	0	0
PF06560.14	0	0	0	1	0	0	0	0	0	0	0	0
PF13823.9	1	0	0	0	0	0	1	0	0	1	0	0
PF20383.1	0	0	0	0	0	0	0	0	0	0	0	0
PF06792.14	0	0	0	0	0	0	0	0	0	0	0	0
PF03812.16	0	0	0	0	0	0	0	0	0	0	0	0
PF09711.13	0	0	0	0	0	0	0	0	0	2	0	0
PF16593.8	0	0	2	0	0	0	0	0	0	0	0	0
PF16592.8	0	0	2	1	0	0	0	0	0	0	0	0
PF16595.8	0	0	2	1	0	0	0	0	0	0	0	0
PF00893.22	0	0	0	0	0	0	0	0	0	0	0	0
PF09563.13	0	0	0	0	0	0	0	0	0	0	0	0
PF14213.9	0	1	0	0	0	0	0	0	0	0	0	0
PF07580.17	0	0	0	0	0	0	0	0	0	0	0	0
PF17128.7	0	0	0	0	0	0	0	0	0	0	0	0
PF01519.19	0	0	0	0	0	0	0	0	0	0	1	0
PF09471.13	0	0	0	0	0	0	0	0	0	2	2	0
PF18742.4	0	0	0	0	0	0	0	0	0	0	0	0
PF04693.15	0	0	0	0	0	0	0	0	0	0	0	0
PF18106.4	0	0	0	0	0	0	0	0	0	0	0	0
PF18540.4	0	0	0	0	0	0	0	0	0	0	0	0
PF08878.14	0	0	0	0	0	0	0	0	0	1	0	0
PF20453.1	0	0	0	1	0	0	0	0	0	0	0	0
PF12952.10	0	0	0	0	0	0	1	0	0	0	0	0
PF12215.11	0	0	0	0	0	0	0	0	0	0	0	0
PF04685.16	0	0	0	0	0	0	0	0	0	0	0	0
PF09903.12	0	0	0	0	0	1	0	0	0	0	0	0
PF16138.8	0	0	0	0	0	0	0	0	0	0	0	0
PF19615.2	0	0	0	0	0	1	0	1	0	2	0	0
PF09499.13	0	0	0	0	0	0	0	0	0	0	0	0
PF09837.12	0	0	0	0	0	0	0	0	0	0	0	0
PF11731.11	1	2	0	0	0	0	0	0	0	0	0	0
PF08681.14	0	0	0	0	0	0	0	0	0	0	0	0
PF18495.4	0	0	0	1	1	1	0	1	0	0	0	0
PF16219.8	0	0	1	0	0	0	1	1	0	0	1	0
PF12651.10	1	0	0	0	0	0	0	0	0	0	0	0
PF00847.23	0	0	0	0	0	0	0	0	0	0	0	0
PF11288.11	0	0	0	0	0	0	0	0	0	0	0	0
PF07862.14	0	0	0	1	0	0	0	0	0	0	0	1
PF09848.12	0	0	0	0	0	0	0	1	0	0	1	0
PF12120.11	0	0	0	0	0	0	0	0	0	0	0	0
PF13496.9	0	0	0	0	0	0	0	0	0	0	0	0
PF18211.4	0	0	0	0	1	0	0	0	0	0	2	0
PF14297.9	0	0	0	0	0	0	0	0	0	0	0	0
PF13427.9	0	0	0	0	0	0	0	0	0	0	0	0
PF06500.14	0	0	0	0	0	0	0	0	0	0	0	0
PF08840.14	0	0	0	0	0	0	0	0	0	0	0	0
PF14354.9	0	0	0	0	0	0	0	0	0	0	0	0
PF13392.9	0	0	0	0	0	0	0	0	0	1	0	0
PF04556.15	0	0	0	0	0	0	0	0	0	0	0	0
PF00368.21	0	0	0	0	0	0	0	0	0	0	0	0
PF18780.4	0	0	0	0	0	0	0	0	0	0	0	0
PF09376.13	0	0	0	0	0	0	0	0	0	0	0	0
PF12077.11	0	0	0	0	0	0	0	0	0	0	0	0
PF07976.15	0	0	0	0	0	0	0	0	0	0	0	0
PF14312.9	0	0	0	0	0	0	0	0	0	0	0	0
PF18470.4	0	0	0	0	0	0	0	0	0	0	0	0
PF18541.4	0	0	0	0	0	0	0	0	0	0	0	0
PF17893.4	0	0	0	0	0	0	0	0	0	0	0	0
PF17894.4	0	0	0	0	0	0	0	0	0	0	0	0
PF18525.4	0	0	0	0	0	0	0	0	0	0	0	0
PF04306.16	0	0	0	0	0	0	0	0	0	0	0	0
PF15723.8	0	0	0	0	0	0	0	0	0	0	0	0
PF08327.14	0	0	0	0	0	0	0	0	0	0	0	0
PF16656.8	0	0	1	0	0	1	0	0	0	0	0	0
PF14827.9	0	0	0	0	0	0	0	0	0	0	0	0
PF13511.9	0	0	0	0	0	0	0	0	0	0	0	0
PF04244.16	0	0	0	0	0	0	0	0	0	0	0	0
PF00450.25	0	0	0	0	0	0	0	0	0	0	0	0
PF19620.2	0	0	0	0	0	0	0	0	0	0	0	0
PF18851.4	0	0	1	0	0	0	0	0	0	0	0	0
PF19304.2	0	0	0	0	0	0	0	0	0	0	0	0
PF04916.16	0	0	0	0	0	0	0	0	0	0	0	0
PF06897.15	0	0	0	0	0	0	0	0	0	0	0	0
PF12281.11	0	0	0	0	0	0	0	0	0	0	0	0
PF14539.9	0	0	0	0	0	1	0	0	0	0	0	0
PF02040.18	0	0	1	0	0	0	0	0	0	0	0	0
PF03626.17	0	0	0	0	0	1	0	0	0	0	0	0
PF10605.12	0	0	0	0	0	0	0	0	0	0	0	0
PF06167.15	0	0	0	0	0	0	0	0	0	0	0	0
PF08022.15	0	0	0	0	0	0	0	0	0	0	0	0
PF17775.4	0	0	0	0	0	0	0	0	0	0	0	0
PF11625.11	0	0	0	0	0	0	0	0	0	0	0	0
PF00146.24	0	0	0	0	1	2	0	0	0	2	0	0
PF03537.16	0	0	0	0	0	0	0	0	0	0	0	0
PF05015.16	0	0	0	0	0	0	1	1	0	0	0	0
PF18370.4	0	0	0	0	0	0	0	0	0	0	0	0
PF11071.11	0	0	0	0	0	0	0	0	0	0	0	0
PF01833.27	0	0	0	0	0	0	0	0	0	0	0	0
PF19081.3	0	0	0	0	0	0	0	0	0	0	0	0
PF11617.11	0	0	0	0	0	0	0	0	28	0	0	0
PF03599.19	2	10	1	4	5	6	1	3	4	8	4	1
PF04445.16	0	0	0	0	1	1	0	0	0	0	0	0
PF12368.11	0	0	0	0	0	1	0	0	0	0	0	0
PF04013.15	0	0	0	0	0	0	0	0	0	0	0	0
PF02735.19	0	0	0	0	0	0	0	0	0	0	0	0
PF06739.14	0	0	0	0	0	0	0	0	0	0	0	0
PF19408.2	0	0	0	0	0	0	0	0	0	0	0	0
PF12055.11	0	0	0	0	0	0	0	0	0	0	0	0
PF00127.23	0	0	0	0	0	0	0	0	0	0	0	0
PF14063.9	0	0	0	0	2	5	0	1	0	3	0	0
PF03649.16	0	0	0	0	0	0	0	0	0	0	0	0
PF18004.4	0	0	0	0	0	0	0	0	1	0	0	0
PF07699.16	0	0	0	0	0	0	0	0	0	0	0	0
PF11307.11	0	0	0	0	1	0	0	0	0	0	0	0
PF13020.9	0	0	0	0	0	0	0	0	0	0	0	0
PF10708.12	0	0	0	0	0	0	0	0	0	0	0	0
PF13367.9	0	0	0	0	0	0	0	0	0	0	0	0
PF03055.18	0	0	0	0	0	0	0	0	0	0	0	0
PF13590.9	0	0	0	0	0	0	0	0	0	0	0	0
PF14819.9	0	0	0	0	0	0	0	0	0	0	0	0
PF20157.2	0	0	0	0	0	0	0	0	0	0	0	0
PF02730.18	1	4	3	0	0	0	1	0	0	2	0	0
PF01314.21	1	4	3	0	0	0	1	0	0	2	0	0
PF11827.11	0	0	0	0	0	0	0	0	0	0	0	0
PF14175.9	0	0	0	0	0	0	0	0	0	0	0	0
PF00648.24	0	0	0	0	0	0	0	0	0	0	0	0
PF13277.9	0	0	0	0	0	0	0	0	0	0	0	0
PF16147.8	0	0	0	0	0	0	0	0	0	0	0	0
PF06864.15	0	0	0	0	0	0	0	0	0	0	0	0
PF07675.14	0	0	0	3	0	0	1	0	0	1	0	0
PF16271.8	0	0	0	0	1	0	0	0	0	0	1	0
PF05402.15	0	2	0	1	0	0	0	1	0	0	0	0
PF14279.9	1	0	0	0	0	0	0	0	0	0	0	0
PF16483.8	0	0	0	0	0	0	0	0	0	0	0	0
PF03022.19	0	0	0	0	0	0	0	0	0	0	0	0
PF04893.20	0	0	1	0	0	0	1	1	2	0	0	0
PF10065.12	0	0	0	0	0	0	0	0	0	0	0	0
PF00565.20	0	0	0	0	0	0	0	0	0	0	0	0
PF02702.20	0	0	0	0	0	0	0	0	0	0	0	0
PF14873.9	0	0	0	0	0	0	0	0	0	0	0	0
PF17939.4	0	0	0	0	0	0	0	0	0	0	0	0
PF08338.14	0	0	0	0	0	0	0	0	0	0	0	0
PF03279.16	0	0	1	0	1	1	0	0	0	1	0	0
PF11984.11	0	0	0	0	0	0	0	0	0	0	0	0
PF11578.11	0	0	0	0	0	0	0	0	0	0	0	0
PF15495.9	0	1	0	2	5	5	0	0	0	0	1	0
PF16889.8	1	0	0	0	0	0	0	0	0	0	0	0
PF02104.18	0	0	0	0	0	0	0	0	0	0	0	0
PF10828.11	0	0	0	0	0	0	0	0	0	0	0	0
PF04351.16	0	0	0	0	0	0	0	0	0	0	0	0
PF07884.17	0	0	0	0	1	0	0	0	0	0	0	0
PF17650.4	0	0	0	0	0	2	0	0	0	1	0	0
PF06125.14	0	0	0	0	0	0	0	0	0	0	0	0
PF18024.4	0	0	0	0	0	0	0	0	0	0	0	0
PF02563.19	0	1	1	3	5	9	4	0	0	5	1	0
PF19112.3	0	0	0	0	0	0	0	0	0	0	0	0
PF11953.11	0	0	0	0	0	0	0	0	0	0	0	0
PF06938.14	0	0	0	0	0	0	0	0	0	0	0	0
PF08269.14	2	6	3	2	0	0	0	1	0	1	1	0
PF20429.1	0	0	0	0	0	0	0	0	0	0	0	0
PF13738.9	0	0	0	0	0	0	0	0	0	0	0	0
PF04319.16	0	0	0	0	0	0	0	0	0	0	0	0
PF04461.16	0	0	0	0	0	0	0	0	0	0	0	0
PF07411.15	0	0	0	0	0	0	0	0	0	0	0	0
PF13207.9	0	0	0	0	0	0	0	0	0	1	0	0
PF01861.19	0	0	0	0	0	0	0	0	0	0	0	0
PF14824.9	0	0	0	0	0	0	0	0	0	0	0	0
PF05962.14	0	0	1	0	0	0	0	1	0	0	0	0
PF11300.11	0	0	0	0	0	0	0	0	0	0	0	0
PF13726.9	0	1	1	0	0	1	0	0	0	0	4	1
PF16112.8	0	0	0	0	0	0	0	0	0	0	0	0
PF19524.2	0	0	0	0	0	0	0	0	0	0	0	0
PF02805.19	0	0	0	0	0	0	0	0	0	0	0	1
PF19875.2	0	0	0	0	0	0	0	0	0	0	0	0
PF15601.9	0	0	0	0	0	0	0	0	0	0	0	0
PF13331.9	0	3	0	1	0	1	0	0	1	0	0	0
PF12513.11	1	1	0	0	0	0	1	1	0	0	0	0
PF13111.9	0	1	0	0	0	0	0	0	0	0	0	0
PF18157.4	0	1	0	0	0	0	0	0	0	0	0	0
PF13032.9	0	1	0	0	0	0	0	0	0	0	0	0
PF18155.4	0	0	0	1	0	0	0	0	0	0	0	0
PF18154.4	0	0	0	0	0	0	0	0	0	0	0	0
PF12083.11	0	0	0	0	0	0	0	0	0	0	0	0
PF10898.11	0	0	0	0	0	0	0	0	0	0	0	0
PF14431.9	0	0	0	0	0	0	0	0	0	0	0	0
PF04283.15	0	0	0	0	0	0	0	0	0	0	0	0
PF13773.9	0	0	0	0	0	0	0	0	0	0	0	0
PF18374.4	0	0	0	0	0	0	0	0	0	0	0	0
PF06347.16	0	0	0	0	0	0	0	0	0	0	0	0
PF16884.8	0	0	0	0	0	0	0	0	0	0	0	0
PF13429.9	0	0	0	0	0	0	0	0	0	0	0	0
PF02622.18	0	0	0	0	1	3	0	0	0	0	0	0
PF13410.9	0	0	0	0	0	0	0	0	0	0	0	0
PF09130.14	0	0	0	0	0	0	0	0	0	0	0	0
PF14229.9	0	0	0	0	1	0	0	0	0	0	0	0
PF19045.3	0	0	0	0	0	0	0	0	0	0	0	0
PF03239.17	0	0	0	0	0	0	0	0	0	0	0	0
PF04381.15	0	0	0	0	0	0	0	0	0	0	0	0
PF13576.9	0	0	0	0	0	0	0	0	0	0	0	0
PF11199.11	0	0	0	0	0	0	0	0	0	0	0	0
PF04511.18	0	0	0	0	0	1	0	0	0	0	0	0
PF07591.14	0	0	0	0	0	0	0	0	0	0	0	0
PF18083.4	0	0	0	0	0	0	0	0	0	0	0	0
PF20622.1	0	0	0	0	0	0	0	0	0	0	0	0
PF14341.9	0	0	0	0	0	0	0	0	0	0	0	0
PF17689.4	0	0	0	0	0	0	0	0	0	0	0	0
PF04602.15	0	0	0	0	0	0	0	0	0	0	0	0
PF14896.9	0	0	0	0	0	0	0	0	0	0	0	0
PF01750.21	0	0	0	0	0	0	0	0	0	0	0	0
PF17831.4	0	0	0	0	1	0	0	0	0	0	0	0
PF10989.11	0	0	0	0	0	0	0	0	0	0	0	0
PF04107.16	0	1	0	1	4	2	0	0	0	0	0	0
PF07341.14	0	0	0	0	0	0	0	0	0	0	0	0
PF01672.19	0	0	0	0	0	0	0	0	0	0	0	0
PF16231.8	0	0	0	0	0	0	0	0	0	0	0	0
PF13360.9	0	0	0	0	0	0	0	0	0	0	1	0
PF17170.7	0	0	1	0	3	1	1	0	0	1	1	0
PF13318.9	0	0	0	0	0	0	0	0	0	0	0	0
PF02304.18	0	0	1	0	2	0	2	0	0	2	0	0
PF12982.10	0	0	0	0	0	0	0	0	0	0	0	0
PF20013.2	0	0	0	0	0	0	0	0	0	0	0	0
PF20014.2	0	0	0	0	0	0	0	0	0	0	0	0
PF19345.2	0	0	0	0	0	0	0	0	0	0	0	0
PF06368.14	0	0	0	0	0	0	0	0	0	0	0	0
PF14349.9	2	0	0	2	2	2	0	0	0	2	0	0
PF05970.17	1	1	0	0	2	0	0	0	0	2	0	0
PF11181.11	0	0	0	0	0	0	0	0	0	0	0	0
PF19841.2	0	0	1	0	1	0	0	0	0	2	0	0
PF11716.11	0	0	0	0	0	0	0	0	0	0	0	0
PF07398.14	0	0	0	0	0	0	0	0	0	0	0	0
PF00419.23	0	0	0	0	0	0	0	0	0	0	0	0
PF19310.2	0	1	1	4	2	1	1	2	1	3	1	0
PF11992.11	0	0	0	0	0	0	0	0	0	0	0	0
PF13844.9	0	0	0	0	0	0	0	0	0	0	0	0
PF20310.1	0	2	0	0	1	0	0	0	0	0	0	0
PF18583.4	0	0	0	0	0	0	0	0	0	0	0	0
PF19291.2	0	0	0	0	0	0	0	0	0	0	0	0
PF00723.24	0	0	0	0	0	0	0	0	0	0	0	0
PF03968.17	0	0	0	0	0	0	0	0	0	0	0	0
PF03463.18	0	0	0	0	0	0	0	0	0	0	0	0
PF03464.18	0	0	0	0	0	0	0	0	0	0	0	0
PF03465.18	0	0	0	0	0	0	0	0	0	0	0	0
PF10118.12	0	0	0	0	0	0	0	0	0	0	0	0
PF00382.22	0	0	0	0	0	0	0	0	0	0	0	0
PF18760.4	0	0	0	0	0	0	0	0	0	0	0	0
PF16263.8	0	0	0	0	0	0	0	0	0	0	0	0
PF04964.17	0	0	0	0	0	0	0	0	0	0	0	0
PF10119.12	0	0	0	0	0	0	0	0	0	0	0	0
PF05872.15	0	0	0	1	0	1	0	2	0	0	0	0
PF16582.8	0	0	0	0	0	0	0	0	0	1	0	0
PF17092.8	0	0	0	0	0	0	0	0	0	0	0	0
PF20091.2	0	0	0	0	0	1	0	0	0	0	0	0
PF19557.2	0	0	0	0	0	0	0	0	0	0	0	0
PF15345.9	0	0	0	0	0	0	0	0	0	0	0	0
PF19190.3	0	0	0	0	0	0	0	2	0	0	0	0
PF17131.7	0	0	0	0	0	0	0	0	0	0	0	0
PF04315.15	0	0	0	0	0	0	0	0	0	0	0	0
PF02649.17	0	0	0	0	0	0	0	0	0	0	0	0
PF07319.14	0	0	0	0	0	0	0	0	0	0	0	0
PF13454.9	0	0	0	0	0	0	0	0	0	0	0	0
PF02821.19	0	0	0	0	0	0	0	0	0	0	0	0
PF05975.15	0	0	0	0	0	0	0	0	0	0	0	0
PF06737.17	0	0	0	0	0	2	0	0	0	0	0	0
PF10031.12	0	0	0	0	0	0	0	0	0	0	0	0
PF18711.4	0	0	0	0	0	0	0	0	0	0	0	0
PF12867.10	0	0	0	0	0	0	0	0	0	0	0	0
PF18674.4	0	0	0	0	0	0	1	0	0	0	0	0
PF14306.9	0	0	0	0	0	0	0	0	0	0	0	0
PF01747.20	0	0	0	0	0	0	0	0	0	0	0	0
PF10099.12	0	0	0	0	0	0	0	0	0	0	0	0
PF10804.11	0	0	0	0	0	0	0	0	0	0	0	0
PF02790.18	0	0	0	0	0	0	0	0	0	0	0	0
PF00116.23	0	0	0	0	0	0	0	0	0	0	0	0
PF16591.8	0	0	0	0	0	0	0	0	0	0	0	0
PF07364.15	0	0	0	0	0	0	0	0	0	0	0	0
PF07171.15	0	0	0	0	0	0	0	0	0	0	0	0
PF00264.23	0	0	0	0	0	0	0	0	0	0	0	0
PF00743.22	0	0	0	0	0	0	0	0	0	0	0	0
PF00457.20	0	0	0	0	0	0	0	0	0	0	0	0
PF11924.11	0	0	0	0	0	0	0	0	0	0	0	0
PF08990.14	0	0	0	0	0	0	0	0	0	0	0	0
PF18369.4	0	0	0	0	0	0	0	0	0	0	0	0
PF18836.4	0	0	0	0	0	0	0	0	0	0	0	0
PF10138.12	0	0	0	0	0	0	0	0	0	0	0	0
PF12089.11	0	0	0	0	0	0	0	0	0	0	0	0
PF13471.9	0	0	0	0	0	0	0	0	0	0	0	0
PF06030.15	0	0	0	0	0	0	0	0	0	0	0	0
PF05787.16	0	0	0	0	0	0	0	0	0	0	0	0
PF03777.16	0	0	0	0	0	0	0	0	0	0	0	0
PF16250.8	0	0	0	0	0	0	0	0	0	0	0	0
PF03405.17	0	0	0	0	0	0	0	0	0	0	0	0
PF14522.9	0	0	0	0	0	0	0	0	0	0	0	0
PF10590.12	0	0	0	0	0	0	0	0	0	0	0	0
PF01455.21	0	0	0	0	0	0	0	0	0	0	0	0
PF01344.28	0	0	0	0	0	0	0	0	0	0	0	0
PF04170.15	0	0	0	0	0	0	0	0	0	0	0	0
PF17804.4	0	0	0	0	0	0	0	0	0	0	0	0
PF11818.11	0	0	0	0	0	0	0	0	0	0	0	0
PF17810.4	1	0	0	0	3	3	1	0	1	0	1	0
PF17944.4	1	0	0	0	3	3	1	0	1	0	1	0
PF07332.14	0	1	0	0	0	1	0	0	0	1	0	0
PF08471.13	0	0	0	0	0	1	0	0	0	0	0	0
PF13387.9	0	0	0	0	2	3	0	0	0	0	0	0
PF02416.19	0	0	0	0	0	0	0	0	0	0	0	0
PF07681.15	0	0	0	0	2	2	0	0	0	0	0	0
PF19543.2	0	0	0	0	0	0	0	0	0	0	0	0
PF10017.12	0	0	0	0	0	0	0	0	0	0	0	0
PF04891.15	0	0	0	0	0	0	0	0	0	0	0	0
PF18415.4	0	0	0	0	0	0	0	0	0	0	0	0
PF19804.2	0	0	0	0	0	0	0	0	0	0	0	0
PF13372.9	0	0	0	0	0	0	0	0	0	0	0	0
PF11896.11	0	0	0	0	0	0	0	0	0	0	0	0
PF20330.1	0	0	0	0	0	0	0	0	0	0	0	0
PF01940.19	0	0	0	0	0	0	0	0	0	0	0	0
PF10092.12	0	0	0	0	0	0	0	0	0	0	0	0
PF05618.14	0	0	0	0	0	0	0	0	0	0	0	0
PF07167.16	0	0	0	0	0	0	0	0	0	0	0	0
PF08521.13	0	0	0	0	0	0	0	0	0	0	0	0
PF19051.3	0	0	0	0	0	0	0	0	0	0	0	0
PF13464.9	0	0	0	0	0	0	0	0	1	0	0	1
PF00686.22	4	6	0	2	4	0	2	2	4	8	0	0
PF15632.9	0	0	1	0	3	0	0	0	0	0	0	0
PF07559.17	0	0	0	0	0	0	0	0	0	0	0	0
PF13547.9	0	0	0	0	0	0	0	0	0	0	0	0
PF13550.9	0	0	0	0	0	0	0	0	0	0	0	0
PF00030.22	0	0	0	0	0	0	0	0	0	0	0	0
PF05270.16	0	0	0	0	0	0	0	0	0	0	0	0
PF17149.7	0	0	0	0	0	0	0	0	0	0	0	0
PF18431.4	0	0	0	0	0	0	0	0	0	0	0	0
PF06835.16	0	0	0	1	1	1	0	0	0	0	0	0
PF10720.12	0	0	0	0	0	0	0	0	0	0	0	0
PF09314.14	1	0	0	0	0	0	0	0	0	0	0	0
PF10647.12	0	0	0	0	0	0	0	0	0	0	0	0
PF20594.1	0	0	0	0	0	0	0	0	0	0	0	0
PF08751.14	0	0	0	0	0	0	0	0	0	0	0	0
PF12418.11	0	0	0	0	0	0	0	0	0	0	0	0
PF12806.10	0	0	0	0	0	0	0	0	0	0	0	0
PF17991.4	0	0	0	0	0	0	0	0	0	0	0	0
PF10803.11	0	0	0	0	0	0	0	0	0	0	0	0
PF01878.21	0	0	0	0	0	0	0	0	0	0	0	0
PF14016.9	0	0	0	0	0	0	0	0	0	0	0	0
PF18053.4	0	0	0	0	0	0	0	0	0	0	0	0
PF10069.12	0	0	0	0	0	0	0	0	0	0	0	0
PF17150.7	0	0	0	0	0	0	0	0	0	0	0	0
PF09458.13	0	0	0	0	0	0	0	0	0	0	0	0
PF00240.26	12	5	1	16	11	38	22	63	12	13	13	13
PF14030.9	0	0	0	0	0	0	0	0	0	0	0	0
PF07931.15	0	0	0	0	0	0	0	0	0	0	0	0
PF14595.9	0	0	0	0	0	0	0	0	0	0	0	0
PF02233.19	0	0	0	0	0	0	0	0	0	0	0	0
PF05088.15	0	0	0	0	0	0	0	0	0	0	0	0
PF14566.9	0	0	0	0	0	0	0	0	0	0	0	0
PF10988.11	0	0	1	4	6	8	1	1	0	7	0	0
PF00463.24	0	0	0	0	0	0	0	0	0	0	0	0
PF04728.16	0	0	0	0	0	0	0	0	0	0	0	0
PF10799.11	0	0	0	0	0	0	0	0	0	0	0	0
PF08421.14	0	0	0	0	0	0	0	0	0	0	0	0
PF13438.9	0	0	0	0	0	0	0	0	0	0	0	0
PF13688.9	0	0	0	0	0	0	0	0	0	0	0	0
PF01483.23	0	0	0	0	0	0	0	0	0	0	0	0
PF19503.2	0	0	0	0	0	0	0	0	0	0	0	0
PF11954.11	0	0	0	0	0	0	0	0	0	0	0	0
PF03741.19	0	0	0	0	0	0	0	0	0	0	0	0
PF02467.19	0	0	0	0	0	0	0	0	0	0	0	0
PF13834.9	0	0	0	0	0	0	0	0	0	0	0	0
PF09949.12	0	0	0	0	0	0	0	0	0	0	0	0
PF13196.9	0	0	0	0	0	0	0	0	0	0	0	0
PF03423.16	0	0	0	0	0	0	0	0	0	0	0	0
PF02388.19	0	0	0	0	1	2	0	0	0	0	0	0
PF11273.11	0	0	0	0	0	0	0	0	0	0	0	0
PF08148.15	0	0	0	0	0	0	0	0	0	0	0	0
PF13709.9	0	0	0	0	0	0	0	0	0	0	0	0
PF06080.15	0	0	0	0	0	0	0	0	0	0	0	0
PF13622.9	0	0	0	0	0	0	0	0	0	0	0	0
PF08850.14	0	0	0	0	0	0	0	0	0	0	0	0
PF06832.15	0	0	0	0	1	0	0	0	0	0	0	0
PF18206.4	0	0	0	0	0	0	0	0	0	0	0	0
PF18040.4	0	0	0	0	0	0	0	0	0	0	0	0
PF04675.17	0	0	0	0	0	0	0	0	0	0	0	0
PF01068.24	1	0	0	0	0	0	0	0	0	0	0	0
PF04679.18	1	0	0	0	0	0	0	0	0	0	0	0
PF03573.16	0	0	0	0	0	0	0	0	0	0	0	0
PF14743.9	0	0	0	0	0	0	0	0	0	0	0	0
PF05751.14	0	0	0	0	0	1	0	0	0	0	0	0
PF10102.12	0	0	0	0	0	0	0	0	0	0	0	0
PF11191.11	0	0	0	0	0	0	0	0	0	0	0	0
PF18140.4	0	0	0	0	0	0	0	0	0	0	0	0
PF00629.26	0	0	0	0	0	0	0	0	0	0	0	0
PF12576.11	0	0	0	0	0	0	0	0	0	0	0	0
PF04465.15	0	0	0	0	0	0	0	0	0	0	0	0
PF03212.17	0	0	0	0	0	0	0	0	0	0	0	0
PF16132.8	0	0	0	0	0	0	0	0	0	0	0	0
PF04348.16	0	0	0	0	0	0	0	0	0	0	0	0
PF08267.15	0	0	0	0	0	0	0	0	0	0	0	0
PF18914.3	0	0	0	0	0	0	2	0	0	0	0	0
PF09585.13	0	0	0	0	0	0	0	0	0	0	0	0
PF10128.12	0	0	0	0	0	0	0	0	0	0	0	0
PF20171.1	0	0	0	0	0	0	0	0	0	0	0	0
PF14718.9	0	0	0	0	0	0	0	0	0	0	0	0
PF04325.16	0	0	0	0	0	0	0	0	0	0	0	0
PF05321.14	0	0	0	0	0	0	0	0	0	0	0	0
PF11168.11	0	0	0	0	0	0	0	0	0	0	0	0
PF09349.13	0	0	0	0	0	0	0	0	0	0	0	0
PF08021.14	0	0	0	0	0	0	0	0	0	0	0	0
PF04954.16	0	0	0	0	0	0	0	0	0	0	0	0
PF00657.25	0	0	0	0	0	0	0	0	0	0	0	0
PF01389.20	0	0	0	0	0	0	0	0	0	0	0	0
PF08899.14	0	0	0	0	0	0	0	0	0	0	0	0
PF04444.17	0	0	0	0	0	0	0	0	0	0	0	0
PF03445.16	0	0	0	0	0	0	0	0	0	0	0	0
PF10335.12	0	0	0	0	0	0	0	0	0	0	0	0
PF17806.4	0	0	0	0	0	0	0	0	0	0	0	0
PF12388.11	0	0	0	0	0	0	0	0	0	0	0	0
PF03583.17	0	0	0	0	0	0	0	0	0	0	0	0
PF01323.23	0	0	0	1	1	2	0	0	0	1	0	0
PF05048.16	0	0	0	0	0	0	0	0	0	0	0	0
PF04307.17	0	0	0	0	0	0	0	0	0	0	0	0
PF07752.14	0	0	0	0	0	0	0	0	0	0	0	0
PF02359.21	0	0	0	0	0	0	0	0	0	0	0	0
PF02933.20	0	0	0	0	0	0	0	0	0	0	0	0
PF01941.22	0	0	0	0	0	0	0	0	0	0	0	0
PF05101.16	0	0	0	0	0	0	0	0	0	0	0	0
PF11299.11	0	0	0	0	0	0	0	0	0	0	0	0
PF10368.12	0	0	0	0	0	0	0	0	0	0	0	0
PF01597.22	0	0	0	2	1	3	2	1	1	3	0	0
PF14237.9	0	0	1	4	4	4	0	1	0	1	0	0
PF03740.16	0	0	0	0	0	1	0	0	0	0	0	0
PF19029.3	0	0	0	0	0	0	0	0	0	0	0	0
PF16798.8	0	0	0	0	0	0	0	0	0	0	0	0
PF14509.9	1	2	0	1	1	0	1	1	1	2	0	0
PF17915.4	0	0	0	0	0	0	0	0	0	0	0	0
PF13369.9	0	0	0	0	0	0	0	0	0	0	0	0
PF07758.14	0	0	0	0	0	0	0	0	0	0	0	0
PF18273.4	0	0	0	0	0	0	0	0	0	0	0	0
PF02976.18	0	0	0	0	0	0	0	0	0	0	0	0
PF14402.9	0	0	0	0	0	0	0	0	0	0	0	0
PF18895.3	0	0	0	0	0	0	0	0	0	0	0	0
PF10079.12	0	0	0	0	0	0	0	0	0	0	0	0
PF03710.18	0	0	0	0	0	0	0	0	0	0	0	0
PF08335.14	0	0	0	0	0	0	0	0	0	0	0	0
PF10432.12	0	0	0	0	0	0	0	0	0	0	0	0
PF10698.12	0	0	0	0	0	0	0	0	0	0	0	0
PF15579.9	0	0	0	0	0	0	0	0	0	0	0	0
PF03411.16	0	0	0	0	0	0	0	0	0	0	0	0
PF04116.16	0	0	0	0	0	0	0	0	0	0	0	0
PF16743.8	0	0	0	0	0	0	0	0	0	0	0	0
PF14696.9	0	0	0	0	0	0	0	0	0	0	0	0
PF18483.4	0	0	0	0	0	0	0	0	0	0	0	0
PF17041.8	0	0	0	0	0	0	0	0	0	0	0	0
PF19077.3	0	0	0	0	0	0	0	0	0	0	0	0
PF09330.14	0	0	0	0	0	0	0	0	0	0	0	0
PF07603.14	0	0	0	0	0	0	0	0	0	0	0	0
PF04505.15	0	0	1	1	3	4	0	3	0	2	0	0
PF02925.19	0	0	0	0	0	0	0	0	0	0	0	0
PF00963.21	4	5	3	0	0	0	0	2	1	5	2	0
PF08406.13	0	0	0	0	0	0	0	0	0	0	0	0
PF01875.20	0	0	0	0	0	0	0	0	0	0	0	0
PF08798.14	0	0	0	0	0	0	0	0	0	0	0	0
PF09829.12	0	0	0	0	0	0	0	0	0	0	0	0
PF13456.9	0	0	0	0	0	0	0	0	0	0	0	0
PF03605.17	0	0	0	0	0	0	0	0	0	0	0	0
PF07542.14	0	0	0	0	0	0	0	0	0	0	0	0
PF04971.15	0	0	0	0	0	0	0	0	0	0	0	0
PF14169.9	0	0	0	0	0	0	0	0	0	0	0	1
PF10057.12	0	0	0	0	0	0	0	0	0	0	0	0
PF11907.11	0	0	0	0	0	0	0	0	0	0	0	0
PF09899.12	0	0	0	0	0	0	0	0	0	0	0	0
PF14332.9	0	0	0	0	0	0	0	0	0	0	0	0
PF17517.5	0	0	0	0	0	0	0	0	0	0	0	0
PF12902.10	0	0	0	0	0	0	0	0	0	0	0	0
PF06276.15	0	0	0	0	0	0	0	0	0	0	0	0
PF11575.11	0	0	0	0	0	0	0	0	0	0	0	0
PF18731.4	0	0	0	0	0	0	0	0	0	0	0	0
PF03958.20	0	0	0	0	0	0	0	0	0	0	0	0
PF09423.13	0	0	0	0	0	0	0	0	0	0	0	0
PF20239.1	0	0	0	0	0	0	0	0	0	0	0	0
PF00060.29	0	0	0	0	0	0	0	0	0	0	0	0
PF13640.9	0	0	0	0	0	0	0	0	0	0	0	0
PF03079.17	0	0	0	0	0	0	0	0	0	0	0	0
PF13400.9	0	0	0	0	0	0	0	0	0	0	0	0
PF15935.8	0	0	0	0	0	0	0	0	0	0	0	0
PF19034.3	0	0	0	0	0	0	0	0	0	0	0	0
PF19952.2	0	0	1	0	0	0	0	0	0	0	0	0
PF13103.9	0	0	0	0	0	0	0	0	0	0	0	0
PF18305.4	0	0	0	0	0	0	0	0	0	0	0	0
PF04957.15	0	0	0	0	0	0	0	0	0	0	0	0
PF02694.18	0	0	0	0	0	0	0	0	0	0	0	0
PF16119.8	0	0	0	1	0	2	2	1	1	4	1	0
PF18029.4	0	0	0	0	0	0	0	0	0	0	0	0
PF03109.19	0	0	0	0	0	0	0	0	0	0	1	0
PF02600.19	0	0	0	0	0	0	0	1	0	0	0	0
PF05187.16	0	0	0	0	0	0	0	0	0	0	0	0
PF07452.15	0	0	0	0	0	0	0	0	0	0	0	0
PF05761.17	0	0	0	0	0	0	0	0	0	0	0	0
PF05721.16	0	0	0	0	0	0	0	0	0	0	0	0
PF06253.14	0	0	0	0	0	0	0	0	0	0	0	0
PF11306.11	0	0	0	2	0	0	0	0	0	1	0	0
PF16897.8	0	0	0	0	0	0	0	0	0	0	0	0
PF08271.15	0	0	0	0	0	0	0	0	0	0	0	0
PF00328.25	1	0	1	1	0	1	0	1	0	0	0	0
PF09994.12	0	0	0	0	0	0	0	0	0	0	0	0
PF14742.9	0	0	0	0	0	0	0	0	0	0	0	0
PF13872.9	0	0	0	0	0	0	0	0	0	0	0	0
PF13871.9	0	0	0	0	0	0	0	0	0	0	0	0
PF04687.15	0	0	0	0	0	0	0	0	0	0	0	0
PF14098.9	0	0	0	0	0	0	0	0	0	0	0	0
PF14069.9	0	0	0	0	0	0	0	0	0	0	0	0
PF10628.12	0	0	0	0	0	0	0	0	0	0	0	0
PF06719.16	0	0	0	0	0	0	0	0	0	0	0	0
PF06977.14	0	0	0	0	0	0	0	0	0	0	0	0
PF02494.19	0	0	0	0	0	0	0	0	0	0	0	0
PF11751.11	0	0	1	0	0	0	0	0	0	0	0	0
PF03743.17	0	0	0	0	0	0	0	0	0	0	0	0
PF00201.21	0	0	0	0	0	0	0	0	0	0	0	0
PF05227.16	0	0	0	0	0	0	0	0	0	0	0	0
PF02374.18	0	0	0	0	0	0	0	0	0	0	0	0
PF17886.4	0	0	0	0	0	0	0	0	0	0	0	0
PF09923.12	0	0	0	0	0	0	0	0	0	0	0	0
PF00875.21	0	0	0	0	0	0	0	0	0	0	0	0
PF06993.15	0	0	0	0	0	0	0	0	0	0	0	0
PF03524.18	0	0	0	0	0	0	1	0	0	0	0	0
PF07506.14	0	0	0	0	1	0	0	0	0	0	0	0
PF01921.21	0	0	0	0	0	0	0	0	0	0	0	0
PF11887.11	0	0	0	0	0	0	0	0	0	0	0	0
PF01363.24	0	0	0	0	0	0	0	0	0	0	0	0
PF02205.23	0	0	0	0	0	0	0	0	0	0	0	0
PF05995.15	0	0	0	0	0	0	0	0	0	0	0	0
PF13731.9	0	0	0	0	0	0	0	0	0	0	0	0
PF16118.8	0	0	0	0	3	0	0	0	0	0	0	0
PF10741.12	0	0	0	0	0	0	0	0	0	0	0	0
PF12973.10	0	0	0	0	0	0	0	0	0	0	0	0
PF18339.4	0	0	0	0	0	0	0	0	0	0	0	0
PF18337.4	0	0	0	0	0	0	0	0	0	0	0	0
PF12137.11	0	0	0	0	0	0	0	0	0	0	0	0
PF06097.14	0	0	0	0	0	0	0	0	0	0	0	0
PF14471.9	0	0	0	0	0	0	0	0	0	0	0	0
PF00421.22	0	0	0	0	0	0	0	0	0	0	0	0
PF00360.23	0	0	0	0	0	0	0	0	0	0	0	0
PF18823.4	1	0	0	0	0	0	0	0	0	0	0	0
PF20169.1	0	0	0	0	0	0	0	0	1	0	0	0
PF06282.14	0	0	0	0	0	0	0	0	0	0	0	0
PF04886.15	0	0	0	0	0	0	0	0	0	0	0	0
PF00028.20	0	0	0	0	0	0	0	0	0	0	0	0
PF07819.16	0	0	0	0	0	0	0	0	0	0	0	0
PF18551.4	0	0	0	0	0	0	0	0	0	0	0	0
PF04546.16	0	0	0	0	0	0	0	0	0	0	0	0
PF10652.12	0	0	0	0	0	0	0	0	0	0	0	0
PF03886.16	0	0	0	0	0	0	0	0	0	0	0	0
PF19530.2	0	0	0	0	0	0	0	0	0	0	0	0
PF05034.16	0	0	0	1	0	0	0	0	0	0	0	0
PF07476.14	0	0	0	1	0	0	0	0	0	0	0	0
PF02963.19	0	0	0	0	0	0	0	0	0	0	0	0
PF03771.19	0	0	0	0	0	0	0	0	0	0	0	0
PF08443.14	0	0	0	0	0	0	0	0	0	0	0	0
PF10670.12	0	0	0	0	0	0	0	0	0	0	0	0
PF01341.20	0	0	0	0	0	0	0	0	0	0	0	0
PF05163.15	0	0	0	0	0	0	0	0	0	0	0	0
PF08542.14	0	0	0	0	0	0	0	0	0	0	0	0
PF18458.4	0	0	0	0	0	0	0	0	0	0	0	0
PF16203.8	0	0	0	0	0	0	0	0	0	0	0	0
PF01837.19	0	0	0	0	0	0	0	0	0	0	0	0
PF01474.19	0	0	0	0	0	0	0	0	0	0	0	0
PF10761.12	0	0	0	0	0	0	0	0	0	0	0	0
PF03320.16	0	0	0	0	0	0	0	0	0	0	0	0
PF08827.14	0	0	0	0	0	0	0	0	0	0	0	0
PF02530.17	0	0	0	0	0	0	0	0	0	0	0	0
PF13356.9	0	0	0	0	0	0	0	0	0	0	0	0
PF03104.22	0	0	0	0	0	0	0	0	0	0	0	0
PF00136.24	0	0	0	0	0	0	0	0	0	0	0	0
PF11750.11	0	0	0	0	0	0	0	0	0	0	0	0
PF09341.13	0	0	0	0	0	0	0	0	0	0	0	0
PF06439.14	0	0	0	0	0	0	0	0	0	0	0	0
PF04151.18	0	0	0	0	0	0	0	0	0	0	0	0
PF13906.9	0	0	0	0	0	0	0	0	0	0	0	0
PF05547.14	0	0	1	2	1	0	0	0	1	0	0	0
PF07642.14	0	0	0	0	0	0	0	0	0	0	0	0
PF07520.14	0	0	0	0	0	0	0	0	0	0	0	0
PF02778.17	0	0	0	0	0	0	0	0	0	0	0	0
PF01974.20	0	0	0	0	0	0	0	0	0	0	0	0
PF04280.18	0	0	0	0	0	1	0	0	0	0	0	0
PF19582.2	0	0	0	0	0	0	0	0	0	0	0	0
PF08126.14	0	0	0	0	0	0	0	0	0	0	0	0
PF01364.21	0	1	0	2	5	1	0	0	1	1	1	1
PF18798.4	0	0	0	0	0	0	0	0	0	0	0	0
PF18853.4	0	0	0	0	0	0	0	0	0	0	0	0
PF18858.4	0	0	0	0	0	0	0	0	0	0	0	0
PF03414.16	0	0	0	0	0	0	0	0	0	0	0	0
PF13976.9	0	0	0	0	0	0	0	0	0	0	0	0
PF07727.17	0	0	0	0	0	0	0	0	0	0	0	0
PF01789.19	0	0	0	0	0	0	0	0	0	0	0	0
PF07126.15	0	0	0	0	0	0	0	0	0	0	0	0
PF07099.14	0	0	0	0	0	0	0	0	0	0	0	0
PF04972.20	0	0	0	0	0	0	0	0	0	0	0	0
PF13746.9	0	0	0	0	0	0	0	0	0	0	0	0
PF11614.11	0	0	0	0	0	0	0	0	0	0	0	0
PF02412.21	0	0	0	0	0	0	0	0	0	0	0	0
PF04257.17	0	0	0	0	0	0	0	0	0	0	0	0
PF17946.4	0	0	0	0	0	0	0	0	0	0	0	0
PF08907.14	0	0	0	0	0	0	0	0	0	0	0	0
PF18363.4	0	0	0	0	0	0	0	0	0	0	0	0
PF18365.4	0	0	0	0	0	0	0	0	0	0	0	0
PF18327.4	0	0	0	0	0	0	0	0	0	0	0	0
PF14850.9	0	0	0	0	0	0	0	0	0	0	0	0
PF11564.11	0	0	0	0	0	0	0	0	0	0	0	0
PF20558.1	0	0	0	0	0	0	0	0	0	0	0	0
PF09674.13	0	0	0	1	0	0	0	0	0	0	0	0
PF02415.20	0	0	0	0	0	0	0	0	0	0	0	0
PF04734.16	0	0	0	0	0	1	1	0	0	0	1	0
PF19086.3	0	0	0	0	0	0	0	0	0	0	0	0
PF12094.11	0	0	0	0	0	0	0	0	0	0	0	0
PF12401.11	0	0	0	0	0	0	0	0	0	0	0	0
PF06240.16	0	0	0	0	0	0	0	0	0	0	0	0
PF19327.2	0	0	0	0	0	0	0	0	0	0	0	0
PF09830.12	0	0	0	0	0	0	0	0	0	0	0	0
PF06259.15	0	0	0	0	0	0	0	0	0	0	0	0
PF04200.15	0	0	0	0	0	0	0	0	0	0	0	0
PF17652.4	0	0	0	0	0	0	0	0	0	0	0	0
PF03548.18	0	0	0	0	0	0	0	0	0	0	0	0
PF17992.4	0	0	0	0	0	0	0	0	0	0	0	0
PF18085.4	0	0	0	0	0	0	0	0	0	0	0	0
PF02676.17	0	0	0	0	0	0	0	0	0	0	0	0
PF18884.3	0	0	0	0	0	0	0	0	0	0	0	0
PF10094.12	0	0	0	0	0	0	0	0	0	0	0	0
PF02630.17	0	0	0	0	0	0	0	0	0	0	0	0
PF11376.11	0	0	0	0	0	0	0	0	0	0	0	0
PF11189.11	0	0	0	0	0	0	0	0	0	0	0	0
PF04261.15	0	2	0	0	1	0	0	0	0	0	0	0
PF03640.18	0	0	0	0	0	0	0	0	0	0	0	0
PF00827.20	0	0	0	0	0	0	0	0	0	0	0	0
PF17999.4	0	0	0	2	0	1	0	0	0	0	0	0
PF07073.15	0	0	0	0	0	0	0	0	0	0	0	0
PF10973.11	0	0	0	0	0	0	0	0	0	0	0	0
PF16510.8	0	0	0	0	0	0	0	0	0	0	0	0
PF01218.21	0	0	0	0	0	0	0	0	0	0	0	0
PF06181.14	0	0	0	0	0	0	0	0	0	0	0	0
PF07916.14	0	0	0	0	0	0	0	0	0	0	0	0
PF06078.14	0	0	0	0	0	0	0	0	0	0	0	0
PF05985.14	3	2	1	0	0	1	0	1	1	1	0	0
PF18406.4	0	0	0	0	0	0	0	0	0	0	0	0
PF01710.19	0	0	0	0	0	0	0	0	0	1	0	0
PF18950.3	0	0	0	0	0	0	0	0	0	0	0	0
PF08433.13	0	0	0	0	0	0	0	0	0	1	0	0
PF16477.8	0	0	0	0	0	1	0	0	0	0	0	0
PF19906.2	0	0	0	0	0	0	0	0	0	0	0	0
PF07947.17	0	0	0	0	0	0	0	0	0	0	0	0
PF13613.9	0	0	0	0	0	0	0	0	0	0	0	0
PF13359.9	0	0	0	0	0	0	0	0	0	0	0	0
PF02870.18	1	0	0	0	0	0	0	0	0	0	0	0
PF09413.13	0	0	0	0	0	4	0	0	0	0	0	0
PF19448.2	0	0	0	0	0	0	1	0	0	0	0	0
PF05154.19	0	0	0	0	0	0	0	0	0	0	0	0
PF09862.12	0	0	0	0	0	0	0	0	0	0	0	0
PF14620.9	0	0	0	0	0	0	0	0	0	0	0	0
PF17723.4	0	0	0	0	0	0	0	0	0	0	0	0
PF18435.4	0	0	0	0	0	0	0	0	0	0	0	0
PF19773.2	0	0	0	0	0	0	0	0	1	0	0	0
PF00413.27	0	0	0	0	0	0	0	0	0	0	0	0
PF14353.9	0	0	2	3	0	2	0	0	0	0	0	0
PF07157.15	0	0	0	0	0	0	0	0	0	0	0	0
PF13605.9	0	0	0	0	0	0	0	0	0	0	0	0
PF13571.9	0	0	0	0	0	0	0	0	0	0	0	0
PF13148.9	0	0	0	0	0	0	0	0	0	0	0	0
PF13776.9	0	0	0	0	0	0	0	0	0	0	0	0
PF07994.15	0	10	1	24	10	19	3	9	2	24	7	1
PF01658.20	0	10	1	24	10	19	3	9	2	24	7	1
PF03815.22	0	0	0	0	0	0	0	0	0	0	0	0
PF02395.19	0	0	0	0	0	0	0	0	0	0	0	0
PF19898.2	0	0	0	0	0	0	0	0	0	0	0	0
PF14294.9	0	1	2	8	11	12	2	4	4	14	2	0
PF00022.22	38	2	10	14	10	23	18	50	9	14	20	8
PF14311.9	0	0	0	0	0	0	0	0	0	0	0	0
PF01903.20	0	0	0	0	0	0	0	0	0	0	0	0
PF05567.14	0	0	0	0	0	0	0	0	0	0	0	0
PF06213.15	0	0	0	0	0	0	0	0	0	0	0	0
PF03738.17	1	0	0	0	0	0	0	0	0	0	0	0
PF04610.17	0	0	0	0	0	0	0	0	0	0	0	0
PF09411.13	0	0	0	0	0	0	0	0	0	0	0	0
PF19451.2	0	0	0	0	0	0	0	0	0	0	0	0
PF19992.2	0	0	0	0	0	0	0	0	0	0	0	0
PF14394.9	0	0	0	0	0	0	0	0	0	0	0	0
PF02366.21	0	0	0	0	0	0	0	0	0	0	0	0
PF04566.16	0	0	0	0	0	0	0	0	0	0	0	0
PF04567.20	0	0	0	0	0	0	0	0	0	0	0	0
PF13480.10	0	0	0	0	0	0	0	0	0	0	0	0
PF02709.17	0	1	0	2	1	1	0	0	0	0	0	0
PF03091.18	0	0	0	0	0	0	0	0	0	0	0	0
PF10131.12	0	0	0	0	0	0	0	0	0	0	0	0
PF19420.2	0	0	0	0	0	0	0	0	0	0	0	0
PF13462.9	0	0	0	0	0	0	0	0	0	0	0	0
PF06821.16	0	0	0	0	0	0	0	0	0	0	0	0
PF01472.23	0	0	0	0	0	0	0	0	0	0	0	0
PF19851.2	0	0	0	0	0	0	0	0	0	0	0	0
PF13282.9	0	0	0	0	0	0	0	0	0	0	0	0
PF11249.11	0	0	0	0	0	0	0	0	0	0	0	0
PF01865.19	0	0	0	0	0	0	0	0	0	0	0	0
PF05159.17	0	0	0	0	0	0	0	0	0	0	0	0
PF17207.6	0	0	0	0	0	0	0	0	0	0	0	0
PF00493.26	0	0	0	0	0	0	0	0	0	0	0	0
PF17855.4	0	0	0	0	0	0	0	0	0	0	0	0
PF08886.14	0	0	0	0	0	0	0	0	0	0	0	0
PF09459.13	0	0	0	0	0	0	0	0	0	0	0	0
PF18799.4	0	0	0	0	0	0	0	0	0	0	0	0
PF11871.11	0	0	0	0	0	0	0	0	0	0	0	0
PF09620.13	0	0	0	0	0	0	0	0	0	0	0	0
PF10101.12	0	0	0	0	0	0	0	0	0	0	0	0
PF19403.2	0	0	0	0	0	0	0	0	0	0	0	0
PF12228.11	0	0	0	0	0	0	0	0	0	0	0	0
PF03625.17	0	0	0	0	0	0	0	0	0	0	0	0
PF02239.19	0	0	0	0	0	0	0	0	0	0	0	0
PF13433.9	0	0	0	0	0	0	0	0	0	0	0	0
PF06241.15	0	0	0	0	0	0	0	0	0	0	0	0
PF14497.9	0	0	0	0	0	0	0	0	0	0	0	0
PF03695.16	0	0	0	0	0	0	0	0	0	0	0	0
PF09603.13	0	0	0	0	0	0	0	0	0	0	0	0
PF04336.15	0	0	0	0	0	0	0	0	0	0	0	0
PF07143.14	0	0	0	0	0	0	0	0	0	0	0	0
PF17186.7	0	0	0	0	0	0	0	0	0	0	0	0
PF20094.2	0	0	0	0	0	0	0	0	0	0	0	0
PF02119.19	0	0	0	0	0	0	0	0	0	0	0	0
PF14126.9	0	0	0	0	0	0	0	0	0	0	0	0
PF18939.3	0	0	0	0	1	0	0	0	0	0	0	0
PF14100.9	0	0	0	0	0	0	0	0	1	0	0	0
PF13621.9	0	0	0	0	0	0	0	0	0	0	0	0
PF18964.3	0	0	0	0	0	0	0	0	0	0	0	0
PF19666.2	0	0	0	0	0	0	0	0	0	0	0	0
PF16976.8	0	0	0	0	0	0	0	0	0	0	1	0
PF16160.8	0	0	0	0	0	0	0	0	0	0	0	0
PF13428.9	1	0	0	0	0	0	0	0	0	0	1	0
PF08212.15	0	0	0	0	0	0	0	0	0	0	0	0
PF01914.20	0	0	0	0	0	0	0	0	0	0	0	0
PF09028.13	0	0	0	0	0	0	0	0	0	0	0	0
PF11821.11	0	0	0	0	0	0	0	0	0	0	0	0
PF20216.1	0	0	0	0	1	0	0	0	0	0	1	0
PF19821.2	0	0	0	0	0	0	0	0	0	0	0	0
PF12236.11	0	0	0	0	0	0	0	0	0	0	0	0
PF06803.15	0	0	0	0	0	0	0	0	0	0	0	0
PF04362.17	0	0	0	0	0	0	0	0	0	0	0	0
PF03379.16	0	0	0	0	0	0	0	0	0	0	0	0
PF18930.3	0	0	0	0	0	0	0	0	0	0	0	0
PF04185.17	0	0	0	0	0	0	0	0	0	0	0	0
PF05947.15	0	0	0	0	0	0	0	0	0	0	0	0
PF14710.9	0	0	0	0	0	0	0	0	0	0	0	0
PF03929.19	0	0	0	0	0	0	0	0	0	0	0	0
PF19962.2	0	0	0	0	0	0	0	0	0	0	0	0
PF00351.24	0	0	0	0	0	0	0	0	0	0	0	0
PF01956.19	0	0	0	0	0	0	0	0	0	0	0	0
PF11398.11	0	0	0	0	0	0	0	0	0	0	0	0
PF14338.9	0	0	0	0	0	0	0	0	0	0	0	0
PF19054.3	0	0	0	0	0	0	0	0	0	0	0	0
PF14261.9	0	0	0	0	0	0	0	0	0	0	0	0
PF11687.11	0	0	1	0	0	1	0	0	0	0	0	0
PF13516.9	1	0	4	7	4	4	0	0	0	0	0	0
PF06338.14	0	0	0	1	0	0	0	0	0	0	0	0
PF11858.11	0	0	0	1	0	0	0	0	0	0	0	0
PF14581.9	0	1	0	2	0	2	0	0	0	0	0	0
PF07784.14	0	0	0	0	0	0	0	0	0	0	0	0
PF13648.9	0	0	0	1	0	0	0	0	0	0	0	0
PF14502.9	1	0	0	0	0	0	0	0	0	0	0	0
PF14503.9	1	0	0	0	0	0	0	0	0	0	0	0
PF10797.12	0	0	1	0	0	0	0	0	0	2	0	0
PF10941.11	0	0	0	0	0	0	0	0	0	0	0	0
PF10110.12	0	2	0	1	1	0	0	0	0	0	0	0
PF04304.16	0	0	0	0	0	0	0	0	0	0	0	0
PF03899.18	0	1	0	1	0	0	0	0	0	0	0	0
PF04282.16	0	0	0	0	0	0	0	0	0	0	0	0
PF18143.4	0	0	1	0	0	0	0	0	0	0	0	0
PF10882.11	0	0	0	0	0	0	0	0	0	0	0	0
PF11074.11	0	0	1	2	0	2	0	0	0	0	0	0
PF00274.22	1	2	1	6	1	8	0	10	4	2	6	4
PF14505.9	0	0	1	1	0	2	0	0	0	0	0	0
PF14131.9	0	0	0	0	0	1	0	0	0	0	0	0
PF06612.14	0	0	0	0	0	0	0	0	0	0	0	0
PF03083.19	0	0	0	0	0	0	0	0	0	0	0	0
PF06998.14	0	4	1	4	2	2	0	0	1	1	0	0
PF13406.9	0	0	0	0	0	0	0	0	0	0	0	0
PF12512.11	0	0	0	0	0	0	0	0	0	0	0	0
PF06945.16	0	0	0	0	0	0	0	0	0	0	0	0
PF07622.14	0	0	0	0	0	0	0	0	0	0	0	0
PF09055.14	0	0	0	0	0	0	0	0	0	0	0	0
PF03561.18	0	0	0	0	0	0	0	0	0	0	0	0
PF04403.16	0	0	0	0	0	0	0	0	0	0	0	0
PF04406.17	0	0	0	0	0	0	0	0	0	0	0	0
PF04344.16	0	0	0	0	0	0	0	0	0	0	0	0
PF04454.15	0	0	0	0	0	0	0	0	0	0	0	0
PF04894.15	0	0	0	0	0	0	0	0	0	0	0	0
PF04895.15	0	0	0	0	0	0	0	0	0	0	0	0
PF09929.12	0	0	0	0	0	0	0	0	0	0	0	0
PF03971.17	0	0	0	0	0	0	0	0	0	0	0	0
PF01152.24	0	0	0	0	0	0	0	0	0	0	0	0
PF08333.14	0	1	0	0	0	0	0	0	0	0	0	0
PF05974.15	0	0	0	0	0	0	0	0	0	0	0	0
PF09828.12	0	0	0	0	0	0	0	0	0	0	0	0
PF05869.14	0	0	0	1	0	0	0	0	0	0	0	0
PF19780.2	0	0	0	0	0	0	0	0	0	0	0	0
PF13532.9	0	0	0	0	0	0	0	0	0	0	0	0
PF05138.15	0	0	0	0	0	0	0	0	0	0	0	0
PF19649.2	0	0	0	0	0	0	0	0	0	0	0	0
PF18921.3	0	0	0	0	0	0	0	0	0	0	0	0
PF04564.18	0	0	0	0	0	0	0	0	0	0	0	0
PF12937.10	0	0	0	0	0	0	0	0	0	0	0	0
PF09844.12	0	0	0	0	0	0	0	0	0	0	0	0
PF01976.20	0	0	0	0	0	0	0	0	0	0	0	0
PF13386.9	0	0	0	0	0	0	0	0	0	0	0	0
PF09127.14	0	0	0	0	0	0	0	0	0	0	0	0
PF18902.3	0	0	0	0	0	0	0	0	0	0	0	0
PF17164.7	0	0	0	0	0	0	0	0	0	0	0	0
PF10342.12	0	0	0	0	0	0	0	0	0	0	0	0
PF10294.12	0	0	0	0	0	0	0	0	0	0	0	0
PF12727.10	0	0	2	0	0	0	0	0	0	0	0	0
PF20245.1	0	0	0	0	0	0	0	0	0	0	0	0
PF14508.9	1	2	0	1	1	0	1	1	1	2	0	0
PF10566.12	1	2	0	1	1	0	1	1	1	2	0	0
PF09249.14	0	0	0	0	0	0	0	0	0	0	0	0
PF16864.8	0	0	0	0	0	0	0	0	0	0	0	0
PF00891.21	0	0	0	1	0	0	0	0	0	0	0	0
PF01982.19	0	0	0	0	0	0	0	0	0	0	0	0
PF01912.21	0	0	0	0	0	0	0	0	0	0	0	0
PF16655.8	0	0	0	0	0	0	0	0	0	0	0	0
PF13600.9	0	0	0	0	0	0	0	0	0	0	0	0
PF13598.9	0	0	0	0	0	0	0	0	0	0	0	0
PF07586.14	0	0	0	0	0	0	0	0	0	0	0	0
PF17765.4	0	0	0	0	0	0	0	0	0	0	0	0
PF17152.7	0	0	0	0	0	0	0	0	0	0	0	0
PF10070.12	0	0	0	0	0	0	0	0	0	0	0	0
PF01020.20	0	0	0	0	1	0	0	1	0	0	0	0
PF09723.13	0	0	0	0	0	0	0	0	0	0	0	0
PF10771.12	0	1	0	1	2	2	1	1	0	0	0	0
PF00995.26	0	0	0	0	0	0	0	0	0	0	0	0
PF12282.11	0	0	0	0	0	0	0	0	0	0	0	0
PF07568.15	0	0	0	0	0	0	0	0	0	0	0	0
PF13409.9	0	0	0	0	0	0	0	0	0	0	0	0
PF00429.22	0	0	0	0	0	0	0	0	0	0	0	0
PF02516.17	0	0	0	0	0	0	0	0	0	0	0	0
PF13759.9	0	0	0	0	0	0	0	0	0	0	0	0
PF09360.13	0	0	0	0	0	0	0	0	0	0	0	0
PF02007.21	0	0	0	0	0	0	0	0	0	0	0	0
PF06849.15	0	0	0	0	0	0	0	0	0	0	0	0
PF06973.15	0	0	0	0	0	0	0	0	0	0	0	0
PF00129.21	8	1	0	4	4	2	11	13	3	8	4	1
PF07654.18	15	3	1	6	8	6	14	19	12	11	8	3
PF00969.22	0	0	0	1	0	0	0	0	0	0	0	0
PF04828.17	0	0	0	0	0	0	0	0	0	0	0	0
PF20050.2	0	0	0	0	2	1	0	0	0	0	0	0
PF03833.16	0	0	0	0	0	0	0	0	0	0	0	0
PF16113.8	0	0	0	0	0	0	0	0	0	0	0	0
PF11824.11	0	0	0	0	0	0	0	0	0	0	0	0
PF01732.19	0	0	0	0	0	0	0	0	0	0	0	0
PF17792.4	0	0	0	0	0	0	0	0	0	0	0	0
PF05996.15	0	0	0	0	0	0	0	0	0	0	0	0
PF00982.24	0	0	0	0	0	0	0	0	0	0	0	0
PF16350.8	0	0	0	0	0	0	0	0	0	0	1	0
PF19313.2	0	0	0	0	0	0	0	0	0	0	0	0
PF05400.16	0	0	0	0	0	0	0	0	0	0	0	0
PF06942.15	0	0	0	0	0	0	0	0	0	0	0	0
PF05277.15	0	0	0	0	0	0	0	0	0	0	0	0
PF06841.15	0	0	0	0	0	0	0	0	0	0	0	0
PF10899.11	0	0	0	0	0	0	0	0	0	0	0	0
PF06155.15	0	0	0	0	0	0	0	0	0	0	0	0
PF03942.18	0	0	0	0	0	0	0	0	0	0	0	0
PF11808.11	0	0	0	0	0	1	0	0	0	0	0	0
PF13230.9	0	0	0	0	0	0	0	0	0	0	0	0
PF20432.1	0	0	0	0	1	0	0	0	0	0	0	0
PF09722.13	0	0	0	0	1	0	0	0	0	0	0	0
PF11320.11	0	0	0	0	0	0	0	0	0	0	0	0
PF12245.11	0	0	0	0	0	0	0	0	0	0	0	0
PF17653.4	0	0	0	0	0	0	0	0	0	0	0	0
PF16187.8	0	0	0	0	0	0	0	0	0	0	0	0
PF05861.15	0	0	0	0	0	0	0	0	0	0	0	0
PF14870.9	0	0	0	0	0	0	0	0	0	0	0	0
PF14529.9	0	0	0	0	0	0	0	0	0	0	0	0
PF06002.15	0	0	0	0	0	0	0	0	0	0	0	0
PF03202.16	0	0	0	0	0	0	0	0	0	0	0	0
PF14267.9	1	0	0	0	2	0	0	0	0	0	0	1
PF14130.9	0	0	0	0	0	0	0	0	0	2	0	0
PF09572.13	0	0	0	0	0	1	0	0	0	0	0	0
PF17127.7	0	0	0	0	0	1	0	0	0	2	0	0
PF20283.1	0	0	0	0	0	0	1	0	0	1	2	0
PF06941.15	0	0	0	0	1	0	0	0	0	0	0	0
PF14518.9	0	0	0	0	0	0	0	0	0	0	0	0
PF07721.17	0	0	0	0	0	0	0	0	0	0	0	0
PF10142.12	0	0	0	0	0	0	0	0	0	0	0	0
PF13941.9	0	0	0	0	0	0	0	0	0	0	0	0
PF07307.14	0	0	0	0	0	0	0	0	0	0	0	0
PF19278.2	0	0	0	0	0	0	0	1	0	0	0	0
PF10559.12	0	0	0	0	0	0	0	0	0	0	0	0
PF11862.11	0	0	0	0	0	0	0	0	0	0	0	0
PF09407.13	0	0	0	0	0	0	0	0	0	0	0	0
PF20217.1	0	0	0	1	0	1	0	0	0	1	0	0
PF07463.14	0	0	0	0	0	0	0	0	0	0	0	0
PF18643.4	0	0	0	0	0	0	0	0	0	0	0	0
PF16480.8	0	0	0	0	0	0	0	0	0	0	0	0
PF06189.15	0	0	0	0	0	0	0	0	0	0	0	0
PF13031.9	0	0	0	0	0	0	0	0	0	0	0	0
PF15652.9	0	0	0	0	0	0	0	0	0	0	0	0
PF15616.9	0	0	0	0	0	0	0	0	0	0	0	0
PF14021.9	0	0	0	0	0	0	0	0	0	0	0	0
PF14208.9	0	0	0	0	0	0	0	0	0	0	0	0
PF20187.1	0	0	0	1	0	0	0	0	0	1	0	0
PF14081.9	0	0	0	0	0	0	0	0	0	0	0	0
PF18839.4	0	0	0	0	0	0	0	0	0	0	0	0
PF18709.4	0	0	0	0	2	0	0	0	0	0	0	0
PF14022.9	0	0	0	0	0	0	0	0	0	1	0	0
PF18903.3	0	0	0	0	0	0	0	0	0	0	0	0
PF13708.9	0	0	0	0	0	0	0	0	0	0	0	0
PF14207.9	0	0	0	0	0	0	0	0	0	0	0	0
PF09511.13	0	0	0	0	0	0	0	0	0	0	0	0
PF20563.1	0	0	0	0	0	0	0	0	0	0	0	0
PF09195.14	0	0	0	0	0	0	0	0	0	0	0	0
PF17425.5	0	0	0	1	0	0	0	0	0	0	3	0
PF05935.14	0	0	0	1	0	0	0	0	0	0	3	0
PF18756.4	0	0	0	0	0	0	0	0	0	0	0	0
PF20282.1	0	0	0	1	0	0	0	0	0	0	0	0
PF20288.1	0	0	0	0	0	0	0	0	0	0	0	0
PF14460.9	0	0	0	0	0	0	0	0	0	0	0	0
PF14072.9	0	0	0	0	0	0	0	0	0	0	0	0
PF13809.9	0	0	0	0	0	0	0	0	0	0	0	0
PF03691.17	0	0	0	0	0	0	0	0	0	0	0	0
PF14163.9	0	0	0	0	0	0	0	0	0	0	0	0
PF01910.20	0	0	0	0	0	0	0	0	0	0	0	0
PF07538.14	0	0	0	0	0	0	0	0	0	0	0	0
PF06381.14	0	0	0	1	0	0	0	0	0	0	0	0
PF07158.14	0	0	0	0	0	0	0	0	0	0	0	0
PF12797.10	0	0	0	0	0	0	0	0	0	0	0	0
PF14132.9	0	0	0	0	0	0	0	0	0	0	0	0
PF02893.23	0	0	0	0	0	0	0	0	0	0	0	0
PF19822.2	0	0	0	0	0	0	0	0	0	0	0	0
PF14137.9	0	0	0	0	0	0	0	0	0	0	0	0
PF20276.1	0	0	0	0	0	0	0	0	0	0	0	0
PF20289.1	0	0	0	0	1	0	0	0	0	0	0	0
PF08955.13	0	0	0	0	0	0	0	0	0	0	0	0
PF09012.13	0	0	0	0	0	0	0	0	0	0	0	0
PF03425.16	0	0	0	0	0	0	0	0	0	0	0	0
PF02057.18	0	0	0	0	0	0	0	0	0	0	0	0
PF20075.2	0	0	0	0	0	0	0	0	0	0	0	0
PF12684.10	0	0	0	0	0	0	0	0	0	0	0	0
PF20541.1	0	0	0	0	0	0	0	0	0	1	0	0
PF07453.16	0	0	0	0	0	0	0	0	0	0	0	0
PF12532.11	1	0	0	2	0	0	1	1	0	3	2	0
PF16473.8	0	0	0	0	0	0	0	0	0	0	0	0
PF18812.4	0	0	0	0	0	0	0	0	0	1	0	0
PF08346.15	0	0	0	0	0	0	0	0	0	0	0	0
PF09669.13	0	0	0	0	0	0	0	0	0	0	0	0
PF14410.9	0	0	0	0	0	0	0	0	0	0	0	0
PF03959.16	0	0	0	0	0	0	0	0	0	0	0	0
PF01187.21	0	0	0	0	0	0	0	0	0	0	0	0
PF16162.8	0	0	0	0	0	0	0	0	0	0	1	0
PF17101.8	0	0	0	0	0	0	0	0	0	0	0	0
PF11380.11	0	0	0	0	0	0	0	0	0	0	0	0
PF08942.13	0	0	0	0	0	0	0	0	0	0	0	0
PF19506.2	0	0	0	0	0	0	0	0	0	0	0	0
PF04965.17	0	0	0	0	0	0	0	0	0	0	0	0
PF11155.11	0	0	0	0	0	0	0	0	0	2	0	0
PF18818.4	0	0	0	0	0	0	0	0	0	0	0	0
PF05738.16	0	0	0	0	0	0	0	0	0	0	0	0
PF17201.7	0	0	0	0	0	0	0	0	0	0	0	0
PF06763.14	0	0	0	0	0	0	0	0	0	0	0	1
PF10109.12	0	1	0	1	0	0	0	0	0	0	0	0
PF08548.14	0	0	0	0	0	0	0	0	0	0	0	0
PF01246.23	0	0	0	0	0	0	0	1	0	0	1	0
PF01007.23	0	0	0	0	0	0	0	0	0	0	0	0
PF14292.9	2	6	0	3	0	0	4	0	1	3	1	0
PF16411.8	0	0	4	14	1	0	1	0	0	0	0	0
PF15780.8	0	0	0	0	0	0	0	0	0	0	0	0
PF13084.9	0	0	0	0	0	0	0	0	0	0	0	0
PF19509.2	0	0	0	0	0	0	0	0	0	0	0	0
PF12989.10	0	0	0	0	0	0	0	0	0	0	0	0
PF12964.10	0	0	0	0	0	0	0	0	0	0	0	0
PF18932.3	0	0	0	0	0	0	0	0	0	0	0	0
PF20449.1	0	0	0	0	0	0	0	0	0	0	0	0
PF08989.13	0	0	0	0	0	0	0	0	0	0	0	0
PF14300.9	0	0	0	0	0	0	0	0	0	0	0	0
PF04335.16	0	0	0	0	0	0	0	0	0	0	0	0
PF14390.9	0	0	0	0	0	1	0	0	0	0	0	0
PF07432.16	0	0	0	0	0	0	0	0	0	0	0	0
PF06713.14	0	0	0	0	0	0	0	0	0	0	0	0
PF14125.9	0	0	0	0	1	2	0	0	0	0	0	0
PF19652.2	0	0	0	0	1	0	0	0	0	0	0	0
PF07075.14	0	0	0	0	1	2	0	0	0	0	0	0
PF03825.19	0	1	0	0	0	1	0	1	0	2	0	0
PF06321.14	0	0	0	0	11	10	0	0	0	0	0	1
PF14684.9	1	5	2	17	25	36	4	4	2	11	3	0
PF14685.9	1	1	0	9	17	18	0	0	1	3	0	0
PF05117.15	0	0	0	0	2	0	0	0	0	0	0	0
PF16283.8	0	0	0	0	0	2	0	0	0	0	0	0
PF14900.9	3	13	6	28	7	7	1	3	4	34	1	0
PF13201.9	1	5	3	13	2	4	0	1	3	13	0	0
PF15283.9	0	0	0	0	0	0	0	0	0	0	0	0
PF05258.15	0	0	0	0	1	0	0	0	0	0	0	0
PF14371.9	0	0	0	0	0	0	0	0	0	0	0	0
PF09112.13	0	0	0	0	0	0	0	0	0	0	0	0
PF09113.13	0	0	0	0	0	0	0	0	0	0	0	0
PF14052.9	0	0	0	0	3	3	0	2	0	0	0	0
PF16217.8	0	0	0	0	0	0	0	0	0	0	0	0
PF13584.9	0	0	0	2	2	2	0	0	2	0	0	0
PF11644.11	0	0	0	0	1	0	0	0	0	0	0	0
PF16585.8	0	0	0	0	0	1	0	0	0	0	0	0
PF19755.2	0	2	1	2	3	6	0	1	0	1	1	0
PF19573.2	0	0	0	0	2	1	0	0	0	0	1	0
PF12864.10	0	0	0	0	2	1	0	0	0	0	0	0
PF16115.8	0	1	0	3	2	2	0	0	1	1	0	0
PF17116.8	0	0	0	0	0	0	0	0	0	0	0	0
PF18174.4	1	1	0	0	0	1	0	0	0	1	0	0
PF18175.4	1	1	0	0	0	1	0	0	0	1	0	0
PF06293.17	0	0	0	0	0	1	0	0	0	0	0	0
PF09640.13	0	0	0	0	0	3	0	0	0	0	0	0
PF18347.4	0	1	0	0	2	4	1	0	1	1	1	0
PF04087.17	0	0	0	0	0	1	0	0	0	1	0	0
PF14902.9	0	0	0	0	2	1	0	0	0	1	0	0
PF14109.9	0	0	0	0	1	0	0	0	0	0	0	0
PF11325.11	1	0	0	1	0	4	0	1	0	2	0	0
PF14092.9	0	1	0	0	2	3	0	0	0	1	0	0
PF16352.8	0	0	0	0	2	0	0	0	0	0	1	0
PF11810.11	0	0	0	2	1	0	1	0	1	4	0	0
PF07959.15	0	0	0	0	2	1	0	0	0	0	0	0
PF07813.15	0	0	0	0	3	2	0	0	0	0	0	0
PF02253.18	1	0	1	0	0	0	0	0	0	0	0	0
PF03724.19	0	0	0	10	2	8	0	0	0	2	0	0
PF17145.7	0	0	0	0	1	1	0	0	0	0	0	0
PF19572.2	0	0	0	1	1	2	0	0	0	1	0	0
PF19515.2	0	0	0	0	2	0	0	0	0	0	0	0
PF08885.14	0	0	0	0	1	0	0	0	0	0	0	0
PF16266.8	0	0	0	1	0	1	0	1	0	0	0	0
PF16288.8	0	0	0	0	0	1	0	0	0	0	0	0
PF14129.9	0	0	0	0	3	0	0	1	0	3	0	0
PF18348.4	0	0	0	0	0	1	0	0	0	0	0	0
PF16109.8	0	0	0	3	2	0	0	0	0	0	0	0
PF13562.9	0	2	0	0	1	0	0	0	0	0	0	0
PF07313.15	0	1	0	0	0	0	0	0	0	1	0	0
PF18451.4	0	0	0	0	1	0	0	0	0	0	0	0
PF07022.16	0	0	0	0	0	0	0	0	0	0	0	0
PF04301.16	0	1	1	0	2	2	0	0	0	0	0	0
PF06123.15	0	0	0	0	8	11	0	0	0	0	0	0
PF13404.9	0	0	0	0	1	0	0	0	0	0	0	0
PF07659.14	0	0	0	0	0	2	2	2	0	0	0	0
PF11777.11	0	0	0	0	3	2	0	0	0	1	0	0
PF15869.8	0	0	0	0	0	1	0	0	0	0	0	0
PF19762.2	0	0	0	0	2	0	0	0	0	0	0	0
PF14114.9	0	0	0	0	0	3	0	0	0	0	0	0
PF15569.9	0	0	0	0	0	0	0	0	0	0	0	0
PF01983.19	0	0	0	0	0	0	0	0	0	0	0	0
PF13298.9	0	0	0	0	0	0	0	0	0	0	0	0
PF06441.15	0	0	0	0	0	0	0	0	0	0	0	0
PF09851.12	0	0	0	0	0	0	0	0	0	0	0	0
PF03922.17	0	0	0	0	0	0	0	0	0	0	0	0
PF07044.14	0	0	0	0	0	0	0	0	0	0	0	0
PF12969.10	0	0	0	0	0	0	0	0	0	0	0	0
PF01329.22	0	0	0	0	0	0	0	0	0	0	0	0
PF05845.15	0	0	0	0	0	0	0	0	0	0	0	0
PF18883.3	0	0	0	0	0	0	0	0	0	0	0	0
PF02727.19	0	0	0	0	0	0	0	0	0	0	0	0
PF02728.19	0	0	0	0	0	0	0	0	0	0	0	0
PF01179.23	0	0	0	0	0	0	0	0	0	0	0	0
PF16841.8	0	0	0	0	0	0	0	0	0	0	0	0
PF14898.9	0	0	0	1	0	0	0	0	0	0	0	0
PF03349.19	0	1	0	2	0	0	1	0	0	3	0	0
PF19910.2	0	0	0	0	0	0	0	1	0	0	0	0
PF16584.8	0	0	0	0	0	0	0	0	0	1	0	0
PF19368.2	0	0	0	0	0	0	0	0	0	0	0	0
PF12954.10	0	0	0	0	0	0	0	0	0	2	0	0
PF14899.9	0	0	0	0	0	0	0	0	0	0	0	0
PF20329.1	0	0	0	1	0	0	0	2	1	1	0	0
PF14054.9	0	0	0	0	0	1	0	0	0	0	0	0
PF12667.10	3	2	0	11	1	3	1	0	0	10	2	0
PF17415.5	3	2	0	11	1	3	1	0	0	10	2	0
PF19886.2	0	0	2	1	2	0	0	9	0	1	0	0
PF10503.12	0	0	0	0	1	0	0	0	0	1	0	0
PF13723.9	0	1	0	1	0	0	0	0	0	0	0	0
PF14717.9	1	0	0	2	3	3	0	1	4	2	3	1
PF16820.8	3	0	0	3	0	6	0	3	0	9	15	0
PF05096.15	0	1	1	0	2	0	0	1	1	1	2	0
PF16120.8	0	2	0	1	0	0	0	0	1	0	0	0
PF09697.13	0	0	0	0	1	0	0	0	0	1	2	0
PF15892.8	0	0	0	0	0	0	0	0	0	0	0	0
PF16464.8	0	0	0	0	0	0	0	0	0	0	0	0
PF16371.8	2	0	1	2	1	2	1	0	1	4	0	0
PF16370.8	2	0	1	2	1	2	1	0	1	4	0	0
PF16702.8	0	0	0	1	0	0	0	0	0	0	0	0
PF14093.9	0	0	0	0	0	0	0	0	0	0	0	0
PF11790.11	0	0	0	1	0	1	1	0	0	1	0	0
PF17162.7	1	1	2	1	0	0	0	0	0	0	0	0
PF17148.7	1	1	2	1	0	0	0	0	1	0	0	0
PF16313.8	1	1	2	1	0	0	0	0	1	0	0	0
PF04342.15	0	0	0	0	0	0	0	0	0	0	0	0
PF03253.17	0	0	0	0	0	0	0	0	0	0	0	0
PF13859.9	0	0	0	0	0	0	0	0	0	0	0	0
PF16227.8	0	0	0	0	1	0	0	0	0	0	0	0
PF12984.10	0	0	0	1	0	0	0	0	0	0	0	0
PF14386.9	0	0	0	0	0	0	0	0	0	0	0	0
PF19904.2	0	2	0	2	1	0	0	1	1	1	0	0
PF14060.9	0	0	0	0	0	1	0	1	0	0	1	0
PF16387.8	0	0	0	0	0	0	1	0	0	0	0	0
PF19579.2	1	0	0	1	0	0	0	0	0	0	0	0
PF14511.9	0	2	1	2	0	0	0	0	0	1	1	0
PF14055.9	0	0	0	0	0	0	0	0	0	0	0	0
PF04193.17	0	0	0	0	0	0	0	0	0	0	0	0
PF13712.9	0	0	0	0	0	0	0	1	0	0	0	0
PF09919.12	0	0	0	0	0	0	0	0	0	0	0	0
PF13944.9	0	0	0	0	0	0	0	0	0	0	0	0
PF13371.9	0	1	1	0	0	0	0	0	1	2	0	0
PF16361.8	4	29	7	51	12	20	10	12	7	50	6	0
PF09087.14	0	1	0	1	2	1	0	1	1	1	0	0
PF10438.12	0	1	0	1	2	1	0	1	1	1	0	0
PF18990.3	0	0	0	0	0	0	0	0	0	0	0	0
PF16270.8	0	0	0	0	0	0	0	1	0	0	1	0
PF17138.7	0	1	0	0	0	0	4	0	0	0	0	0
PF17141.7	0	1	0	0	0	0	4	0	0	0	0	0
PF14391.9	0	0	0	0	0	0	0	0	0	1	0	0
PF16269.8	0	0	0	0	0	0	0	0	0	0	0	0
PF03092.19	0	0	0	0	0	0	0	0	0	0	0	0
PF14587.9	0	0	0	0	0	0	0	1	0	0	0	0
PF11860.11	0	1	0	1	1	0	0	1	0	0	1	0
PF19808.2	0	0	0	0	0	0	0	1	0	0	0	0
PF06356.14	0	0	0	0	0	0	0	0	0	0	0	0
PF03837.17	0	0	0	0	0	0	0	0	0	0	0	0
PF18763.4	1	0	0	0	0	0	0	0	0	0	0	0
PF11756.11	0	0	0	0	0	0	0	0	0	0	0	0
PF19556.2	0	0	0	0	0	0	0	0	0	0	0	0
PF13497.9	0	0	0	0	0	0	0	0	0	0	0	0
PF06863.15	0	0	0	0	0	0	0	0	0	0	0	0
PF06742.14	0	0	0	0	0	0	0	0	0	0	0	0
PF04286.15	0	0	0	0	0	0	0	0	0	0	0	0
PF11737.11	0	0	0	0	0	0	0	0	0	0	0	0
PF02788.19	0	0	0	0	0	0	0	0	0	0	0	0
PF00016.23	0	0	0	0	0	0	0	0	0	0	0	0
PF04234.15	0	0	0	0	0	0	0	0	0	0	0	0
PF12391.11	0	0	0	0	0	0	0	0	0	0	0	0
PF09615.13	0	0	0	0	0	0	0	0	0	0	0	0
PF05695.15	0	0	0	0	0	0	0	0	0	0	0	0
PF00737.23	0	0	0	0	0	0	0	0	0	0	0	0
PF00124.22	0	0	0	0	0	0	0	0	0	0	0	0
PF02392.19	0	0	0	0	0	0	0	0	0	0	0	0
PF19775.2	0	1	0	0	0	0	0	0	0	0	0	0
PF03203.17	0	0	0	0	0	0	0	0	0	0	0	0
PF09538.13	0	0	0	0	0	0	0	0	0	0	0	0
PF12545.11	0	0	0	0	0	0	0	0	0	0	0	0
PF04273.16	0	0	0	0	0	0	0	0	0	0	0	0
PF18888.3	0	0	0	0	0	0	0	0	0	0	0	0
PF13418.9	0	0	0	0	0	0	0	0	0	0	0	0
PF06779.17	0	0	0	0	0	0	0	0	0	0	0	0
PF14417.9	0	0	0	0	0	0	0	0	0	0	0	0
PF02407.19	0	0	0	0	0	0	0	0	0	0	0	0
PF18692.4	0	0	0	0	0	0	0	0	0	0	0	0
PF08800.13	0	0	0	0	0	0	0	0	0	0	0	0
PF20546.1	0	0	0	0	0	0	0	0	0	0	0	0
PF16192.8	0	0	0	0	0	0	0	0	0	0	0	0
PF16285.8	0	0	0	0	0	0	0	0	0	0	0	0
PF03811.16	0	0	0	0	0	0	0	0	0	0	0	0
PF16140.8	0	0	0	0	0	0	0	0	0	0	0	0
PF20423.1	0	0	0	0	0	0	0	0	0	0	0	0
PF06315.14	0	0	0	0	0	0	0	0	0	0	0	0
PF05610.14	0	0	0	0	0	0	0	0	0	0	0	0
PF16444.8	0	0	0	0	0	0	0	0	0	0	0	0
PF10386.12	0	0	0	0	0	0	0	0	0	0	0	0
PF17194.7	0	0	0	0	0	0	0	0	0	0	0	0
PF11459.11	0	0	0	0	0	0	0	0	0	0	0	0
PF17236.5	0	0	0	0	0	0	0	0	0	0	0	0
PF08973.13	0	0	0	0	0	0	0	0	0	0	0	0
PF18294.4	0	0	0	0	0	0	0	0	0	0	0	0
PF07714.20	0	0	0	0	0	0	0	0	0	0	0	0
PF19527.2	0	0	0	0	0	0	0	0	0	0	0	0
PF16151.8	0	0	0	0	0	0	0	0	0	0	0	0
PF18979.3	0	0	0	0	0	0	0	0	0	0	0	0
PF11236.11	0	0	0	0	0	0	0	0	0	0	0	0
PF01697.30	0	0	0	0	0	0	0	0	0	0	0	0
PF15562.9	0	0	0	0	0	0	0	0	0	0	0	0
PF13858.9	0	0	0	0	0	0	0	0	0	0	0	0
PF16375.8	0	0	0	0	0	0	0	0	0	0	0	0
PF20620.1	0	0	0	0	0	0	0	0	0	0	0	0
PF02987.19	0	0	0	0	0	0	0	0	0	0	0	0
PF16272.8	0	0	0	0	0	0	0	0	0	0	0	0
PF16255.8	0	0	0	0	0	0	0	0	0	0	0	0
PF05430.14	0	0	0	0	0	0	0	0	0	0	0	0
PF16427.8	0	0	0	0	0	0	0	0	0	0	0	0
PF07632.14	0	0	0	0	0	0	0	0	0	0	0	0
PF16961.8	0	0	0	0	0	0	0	0	0	0	0	0
PF18620.4	0	0	0	0	0	0	0	0	0	0	0	0
PF19529.2	0	0	0	0	0	0	0	0	0	0	0	0
PF06537.14	0	0	0	0	0	0	0	0	0	0	0	0
PF19569.2	0	0	0	0	0	0	0	0	0	0	0	0
PF12812.10	0	0	0	0	0	0	0	0	0	0	0	0
PF19480.2	0	0	0	0	0	0	0	0	0	0	0	0
PF18120.4	0	0	0	0	0	0	0	0	0	0	0	0
PF16476.8	0	0	0	0	0	0	0	0	0	0	0	0
PF20186.1	0	0	0	0	0	0	0	0	0	0	0	0
PF19512.2	0	0	0	0	0	0	0	0	0	0	0	0
PF18847.4	0	0	0	0	0	0	0	0	0	0	0	0
PF01166.21	2	0	0	0	2	3	1	1	0	0	0	0
PF04045.17	1	0	0	0	3	3	0	4	2	2	1	0
PF06623.14	7	2	1	1	4	4	3	6	9	3	4	2
PF05056.15	0	0	0	0	0	0	0	0	0	0	0	0
PF00241.23	11	1	2	7	6	5	4	25	7	10	9	4
PF04758.17	2	1	1	0	1	2	1	6	4	1	1	0
PF12301.11	0	0	0	0	0	1	0	0	0	0	0	0
PF03247.17	0	0	0	0	0	0	0	0	0	0	0	1
PF10702.12	0	0	0	0	0	0	0	0	0	0	0	0
PF17917.4	0	0	0	0	0	0	0	0	0	0	0	0
PF03732.20	0	0	0	0	0	0	0	0	0	0	0	0
PF00098.26	0	0	0	0	0	0	0	0	0	0	0	0
PF00307.34	2	0	0	0	0	0	0	1	0	0	0	0
PF03953.20	1	0	2	0	2	3	5	2	1	0	0	1
PF12970.10	0	0	0	0	0	0	0	0	0	0	0	0
PF06032.15	0	0	0	0	0	1	0	0	0	0	0	0
PF08284.14	0	0	0	0	0	0	0	0	0	0	0	0
PF13501.9	0	0	0	0	0	0	0	0	0	0	0	0
PF08770.14	0	0	0	0	0	0	0	0	0	0	0	0
PF04752.15	0	0	0	0	0	0	0	0	0	0	0	0
PF04248.15	0	0	0	0	0	0	0	0	0	0	0	0
PF11870.11	0	0	0	0	0	0	0	0	0	0	0	0
PF13924.9	0	0	0	0	0	0	0	0	0	0	0	0
PF18093.4	0	0	0	0	0	0	0	0	0	0	0	0
PF09580.13	0	0	0	0	0	0	0	0	0	0	0	0
PF10563.12	0	0	0	0	0	0	0	0	0	0	0	0
PF03301.16	0	0	0	0	0	0	0	0	0	0	0	0
PF05114.16	0	0	0	0	0	0	0	0	0	0	0	0
PF11255.11	0	0	0	0	0	0	0	0	0	0	0	0
PF04123.16	0	0	0	0	0	0	0	0	0	0	0	0
PF09937.12	0	0	0	0	0	0	0	0	0	0	0	0
PF20609.1	0	0	0	0	0	0	0	0	0	0	0	0
PF06450.15	0	0	0	0	0	0	0	0	0	0	0	0
PF18863.4	0	0	0	0	0	0	0	0	0	0	0	0
PF06996.14	0	0	0	0	0	0	0	0	0	0	0	0
PF04187.16	0	0	0	0	0	0	0	0	0	0	0	0
PF20360.1	0	0	0	0	0	0	0	0	0	0	0	0
PF07596.14	0	0	0	0	0	0	0	0	0	0	0	0
PF20177.1	0	1	0	0	0	0	0	0	0	0	0	0
PF07372.15	0	0	0	0	0	0	0	0	0	0	0	0
PF08460.13	0	0	0	0	0	0	0	0	0	0	0	0
PF12385.11	0	0	0	0	0	0	0	0	0	0	0	0
PF01036.21	0	0	0	0	0	0	0	0	0	0	0	0
PF19350.2	0	0	0	0	0	0	0	0	0	0	0	0
PF06183.16	0	0	0	0	0	0	0	0	0	0	0	0
PF02358.19	0	0	0	0	0	0	0	0	0	0	0	0
PF11072.11	0	0	0	0	0	0	0	0	0	0	0	0
PF06877.14	0	0	0	0	0	0	0	0	0	0	0	0
PF03272.16	0	5	0	0	0	0	1	0	0	3	1	0
PF19630.2	0	0	0	0	0	0	0	0	0	0	0	0
PF14041.9	0	0	0	0	0	0	0	0	0	0	0	0
PF06634.15	0	0	0	0	0	0	0	0	0	0	0	0
PF13700.9	0	0	0	0	0	0	0	0	0	0	0	0
PF08877.13	0	0	0	0	0	0	0	0	0	0	0	0
PF00223.22	0	0	0	0	0	0	0	0	0	0	0	0
PF13559.9	0	0	0	0	0	0	0	0	0	0	0	0
PF13755.9	0	0	0	0	0	0	0	0	0	0	0	0
PF13756.9	0	0	0	0	0	0	0	0	0	0	0	0
PF08477.16	0	0	0	0	0	0	0	0	0	0	0	0
PF16095.8	0	0	0	0	0	0	0	0	0	0	0	0
PF04945.16	0	0	0	0	0	0	0	0	0	0	0	0
PF19335.2	0	0	0	1	0	0	0	0	0	0	0	0
PF03924.16	0	0	0	0	0	0	0	0	0	0	0	0
PF03693.17	0	0	0	0	0	0	0	0	0	0	0	0
PF01477.26	0	0	0	0	0	0	0	0	0	0	0	0
PF14715.9	0	0	0	0	0	0	0	0	0	0	0	0
PF07723.16	0	0	0	0	0	0	0	0	0	0	0	1
PF01169.22	0	0	0	0	0	0	0	0	0	0	0	0
PF02543.18	0	0	0	0	0	0	0	0	0	0	0	0
PF16861.8	0	0	0	0	0	0	0	0	0	0	0	0
PF05876.15	1	1	2	3	0	0	0	0	0	0	0	0
PF20454.1	1	1	2	3	0	0	0	0	0	0	0	0
PF20342.1	0	0	0	0	0	0	0	0	0	0	0	0
PF03744.16	0	0	0	0	0	0	0	3	0	0	1	0
PF09950.12	0	0	0	0	0	0	0	0	0	1	0	0
PF16208.8	0	1	0	0	0	0	0	0	0	0	0	0
PF00038.24	0	1	0	0	0	0	0	0	0	0	0	0
PF06866.14	1	0	0	1	0	0	0	0	0	0	0	0
PF18216.4	0	0	0	0	0	0	0	0	0	0	0	0
PF09569.13	0	0	0	0	0	0	0	0	0	0	0	0
PF01337.21	0	0	0	0	0	0	0	0	0	0	0	0
PF19786.2	0	2	1	1	0	0	0	0	0	0	0	0
PF16280.8	0	0	0	0	0	0	0	0	0	0	0	0
PF17924.4	0	0	0	0	0	0	0	0	0	0	0	0
PF09979.12	0	0	0	0	0	0	0	0	0	0	1	0
PF03994.17	0	0	0	0	0	0	0	0	0	0	0	0
PF13785.9	0	0	0	0	0	0	0	1	0	0	0	0
PF05342.17	0	0	0	0	0	0	0	1	0	0	0	0
PF09956.12	0	0	0	0	0	1	0	0	0	0	0	0
PF05008.18	0	0	0	0	0	0	0	0	0	0	0	0
PF18061.4	0	0	0	0	0	0	0	0	0	0	0	0
PF18070.4	0	0	0	0	0	0	0	0	0	0	0	0
PF16813.8	0	0	0	0	0	0	0	0	0	0	0	0
PF17994.4	0	0	0	0	0	0	0	0	0	0	0	0
PF18860.4	0	0	0	0	0	0	0	0	0	0	0	0
PF02210.27	0	0	0	0	0	0	0	0	1	0	0	0
PF12654.10	0	0	0	0	1	0	0	1	0	0	1	0
PF10133.12	0	0	1	0	0	0	0	0	0	0	0	0
PF09077.14	0	0	0	0	0	0	0	0	0	0	0	0
PF12788.10	0	0	0	0	0	0	0	0	0	0	0	0
PF10050.12	0	1	1	1	0	1	0	0	0	0	0	0
PF02958.23	0	0	0	0	0	0	0	0	0	0	0	0
PF12939.10	0	0	0	0	0	0	0	0	0	0	0	0
PF18159.4	0	0	0	0	0	0	0	0	0	0	0	0
PF15644.9	0	0	0	0	1	0	0	0	0	0	0	0
PF14305.9	0	0	0	0	0	0	1	0	0	1	0	0
PF10706.12	0	0	0	0	0	0	0	0	0	0	1	1
PF02556.17	0	0	0	0	0	0	0	0	0	1	0	0
PF20572.1	0	0	0	0	0	0	0	0	0	0	0	0
PF08780.14	0	1	0	0	1	0	0	0	0	0	0	0
PF08937.14	0	0	0	1	0	0	0	0	0	0	1	0
PF09157.14	0	0	0	0	0	0	0	0	0	0	0	0
PF14031.9	0	0	0	0	0	0	0	0	0	0	0	0
PF20385.1	0	0	0	0	0	0	0	0	0	0	0	0
PF13523.9	0	0	0	0	0	0	0	0	0	0	0	0
PF03200.19	0	0	0	0	0	0	0	0	0	0	0	0
PF00788.26	0	0	0	0	0	0	0	0	0	0	0	0
PF03479.18	0	0	0	0	0	0	0	0	0	0	0	0
PF14411.9	0	0	0	0	0	0	0	0	0	0	0	0
PF14583.9	0	0	0	0	0	0	0	0	0	0	1	0
PF02892.18	0	0	0	0	0	0	0	0	0	0	0	0
PF14335.9	0	0	0	0	0	0	0	0	0	0	0	0
PF20197.1	0	0	0	0	0	0	0	0	0	0	0	0
PF04029.17	0	0	0	0	0	0	0	0	0	0	0	0
PF16912.8	0	0	0	0	0	0	0	0	0	0	0	0
PF10633.12	0	0	0	0	0	0	0	0	0	0	0	0
PF11518.11	0	0	0	0	0	0	0	0	0	0	0	0
PF20076.2	0	0	0	0	0	0	0	0	0	0	0	0
PF05732.14	0	0	0	0	0	0	0	0	0	0	0	0
PF20591.1	0	0	0	0	0	0	0	0	0	0	0	0
PF12358.11	0	0	0	0	0	0	0	0	0	0	0	0
PF18740.4	0	0	0	0	0	0	0	0	0	0	0	0
PF15711.8	0	0	0	0	0	0	0	0	0	0	0	0
PF09505.13	0	0	0	1	0	0	0	0	0	0	0	0
PF04361.16	0	0	0	0	0	0	0	0	0	0	0	0
PF11383.11	0	0	0	0	0	0	0	0	0	0	0	0
PF09215.13	0	0	0	0	0	0	0	0	0	0	0	0
PF10488.12	0	0	0	0	0	0	0	0	0	0	0	0
PF01779.20	0	0	0	0	0	0	0	0	0	0	0	0
PF17489.5	0	1	0	0	0	0	0	0	0	0	0	0
PF02994.17	0	1	0	0	0	0	0	0	0	0	0	0
PF17490.5	0	1	0	0	0	0	0	0	0	0	0	0
PF14135.9	0	0	0	0	0	0	0	0	0	0	0	0
PF12693.10	0	0	0	0	0	0	0	0	0	0	0	0
PF12792.10	0	0	0	0	0	0	0	0	0	0	0	0
PF05572.16	0	0	0	0	0	0	0	0	0	0	0	0
PF09367.13	0	0	0	0	0	0	0	0	0	0	0	0
PF08869.14	0	0	0	0	0	0	0	0	0	0	0	0
PF05275.14	0	0	0	0	0	0	0	0	0	0	0	0
PF06045.14	0	0	0	0	0	0	0	0	0	0	0	0
PF14686.9	0	0	0	0	0	0	0	0	0	0	0	0
PF14683.9	0	0	0	0	0	0	0	0	0	0	0	0
PF14347.9	0	0	0	0	0	0	0	0	0	0	0	0
PF02128.18	0	0	1	0	0	0	0	0	0	0	0	0
PF13717.9	0	0	0	0	0	0	0	0	0	0	0	0
PF07704.14	0	0	0	0	0	0	0	0	0	0	0	0
PF08823.14	0	0	0	0	0	0	0	0	0	0	0	0
PF20581.1	0	0	0	0	0	0	0	0	0	0	0	0
PF20580.1	0	0	0	0	0	0	0	0	0	0	0	0
PF20181.1	0	0	0	0	0	0	0	0	1	0	0	0
PF03707.19	0	0	0	0	0	0	0	0	0	0	0	0
PF13619.9	0	0	0	0	0	0	0	0	0	0	0	0
PF07310.16	0	0	0	0	0	0	0	0	0	0	0	0
PF06791.16	0	0	0	0	0	0	0	0	0	0	0	0
PF09718.13	0	0	0	0	0	0	0	0	0	0	0	0
PF13398.9	0	0	0	0	0	0	0	0	0	0	0	0
PF16938.8	0	0	0	0	0	0	0	0	0	0	0	0
PF13910.9	0	0	0	0	0	0	0	0	0	0	0	0
PF19880.2	0	0	0	0	0	0	0	0	0	0	0	0
PF11753.11	0	0	0	0	0	0	0	0	0	0	0	0
PF04655.17	0	0	0	0	0	0	0	0	0	0	0	0
PF08792.13	0	0	0	0	0	0	0	0	0	0	0	0
PF14470.9	0	0	0	0	0	0	0	0	0	0	0	0
PF11114.11	0	0	0	0	0	0	0	0	0	0	0	0
PF00652.25	0	0	0	0	0	0	0	0	0	0	0	0
PF08909.14	0	0	0	0	1	0	0	0	1	0	0	0
PF00165.26	0	1	1	0	1	0	0	0	0	0	0	0
PF08950.13	0	0	0	0	0	0	0	0	0	0	0	0
PF14436.9	0	1	0	0	0	0	0	0	0	0	0	0
PF13637.9	0	1	2	1	0	0	0	0	0	1	0	0
PF13038.9	0	0	0	0	0	0	0	0	0	0	0	0
PF14412.9	0	0	0	0	0	0	0	0	0	0	0	0
PF20202.1	0	0	0	0	0	0	0	0	0	0	0	0
PF06777.14	0	1	0	0	1	0	0	0	0	0	0	0
PF18259.4	3	0	3	9	0	0	3	3	0	9	6	0
PF02089.18	0	0	0	0	0	0	0	0	0	0	0	0
PF16949.8	0	0	0	0	0	0	0	0	0	0	0	0
PF14454.9	0	0	0	0	0	0	0	0	0	0	0	0
PF10902.11	0	0	0	0	0	0	0	0	0	0	0	0
PF20338.1	0	0	0	0	0	0	0	0	0	0	0	0
PF05069.16	0	0	0	0	0	0	0	0	0	0	0	0
PF10043.12	0	0	0	0	0	0	0	0	0	0	0	0
PF07071.14	0	0	0	0	0	0	0	0	0	0	1	0
PF05035.15	0	0	0	0	0	0	0	0	0	0	0	0
PF06277.14	0	2	0	0	1	1	1	0	1	0	1	0
PF10364.12	0	0	0	0	0	0	0	0	0	0	0	0
PF14435.9	0	0	0	0	0	0	0	0	0	0	0	0
PF10054.12	0	0	0	0	0	1	0	0	0	0	0	0
PF09922.12	0	0	0	0	0	0	0	0	0	0	0	0
PF19266.2	0	0	0	0	0	0	0	0	0	0	0	0
PF15657.9	0	0	0	0	0	0	0	0	0	0	0	0
PF04255.17	0	0	0	0	0	0	0	1	0	0	0	0
PF18480.4	0	0	0	0	0	0	0	0	0	0	0	0
PF10140.12	0	0	0	0	0	0	0	0	0	0	0	0
PF04485.15	0	0	0	0	0	0	0	0	0	0	0	0
PF05597.14	0	0	0	0	0	0	0	0	0	0	0	0
PF20000.2	0	0	0	0	0	0	0	0	0	0	0	0
PF01804.21	0	0	0	0	0	0	0	0	0	0	0	0
PF11190.11	0	0	0	0	0	0	0	0	0	0	0	0
PF09614.13	0	0	0	0	0	0	0	0	0	0	0	0
PF18834.4	0	0	0	0	0	0	0	0	0	0	0	0
PF18838.4	0	0	0	0	0	0	0	0	0	0	0	0
PF13927.9	0	0	0	0	0	0	0	0	0	0	0	0
PF06037.14	0	0	0	0	0	0	0	0	0	0	0	0
PF11721.11	0	0	0	0	0	0	0	0	0	0	0	0
PF16751.8	0	0	0	0	0	0	0	0	0	0	0	0
PF14790.9	0	0	0	0	0	0	0	0	0	0	0	0
PF14789.9	0	0	0	0	0	0	0	0	0	0	0	0
PF13441.9	0	0	0	0	0	0	0	0	0	0	0	0
PF18331.4	0	0	0	0	0	0	0	0	0	0	0	0
PF09093.14	0	0	0	0	0	0	0	0	0	0	0	0
PF18612.4	0	0	0	0	0	0	0	0	0	0	0	0
PF01764.28	0	0	0	0	0	0	0	0	0	0	0	0
PF02697.17	0	0	0	0	0	0	0	0	0	0	0	0
PF14251.9	0	0	0	0	0	0	0	0	0	0	0	0
PF14791.9	0	0	0	0	0	0	0	0	0	0	0	0
PF09472.13	0	0	0	0	0	0	0	0	0	0	0	0
PF01028.23	0	0	0	0	0	0	0	0	0	0	0	0
PF13030.9	0	0	0	0	0	0	0	0	0	0	0	0
PF20248.1	0	0	0	0	0	0	0	0	0	0	0	0
PF06226.16	0	0	0	0	0	0	0	0	0	0	0	0
PF04303.16	0	0	0	0	0	0	0	0	0	0	0	0
PF00352.24	0	0	0	0	0	0	0	0	0	0	0	0
PF08946.13	0	0	0	0	0	0	0	0	0	0	0	0
PF11868.11	0	0	0	0	0	0	0	0	0	0	0	0
PF08858.13	0	0	0	0	0	0	0	0	0	0	0	0
PF06693.14	0	0	0	0	0	0	0	0	0	0	0	0
PF17805.4	0	0	0	0	0	0	0	0	0	0	0	0
PF13430.9	0	0	0	0	0	0	0	0	0	0	0	0
PF07285.14	0	0	0	0	0	0	0	0	0	0	0	0
PF19277.2	0	0	0	0	0	0	0	0	0	0	0	0
PF05990.15	0	0	0	0	0	0	0	0	0	0	0	0
PF19858.2	0	0	0	0	0	0	0	0	0	0	0	0
PF09537.13	0	0	0	0	0	0	0	0	0	0	0	0
PF17159.7	0	0	0	0	0	0	0	0	0	0	0	0
PF12769.10	0	0	0	0	0	0	0	0	0	0	0	0
PF05228.16	0	0	0	0	0	0	0	0	0	0	0	0
PF11141.11	0	0	0	0	0	0	0	0	0	0	0	0
PF18953.3	0	0	0	0	0	0	0	0	0	0	0	0
PF20026.2	0	0	0	0	0	0	0	0	0	0	0	0
PF09347.13	0	0	0	0	0	0	0	0	0	0	0	0
PF04577.17	0	0	0	0	0	0	0	0	0	0	0	0
PF08753.14	0	0	0	0	0	0	0	0	0	0	0	0
PF11117.11	0	0	0	0	0	0	0	0	0	0	0	0
PF02469.25	0	0	0	0	0	0	0	0	0	0	0	0
PF00024.29	0	0	0	0	0	0	0	0	0	0	0	0
PF16074.8	0	0	0	0	0	0	0	0	0	0	0	0
PF04010.16	0	0	0	0	0	0	0	0	0	0	0	0
PF09577.13	0	0	0	0	0	0	0	0	0	0	0	0
PF06684.14	0	0	0	0	0	0	0	0	0	0	0	0
PF18961.3	0	0	0	0	0	0	0	0	0	0	0	0
PF20374.1	0	0	0	0	0	0	0	0	0	0	0	0
PF18352.4	0	0	0	0	0	0	0	0	0	0	0	0
PF11863.11	0	0	0	0	0	0	0	0	0	0	0	0
PF13208.9	0	0	0	0	0	0	0	0	0	0	0	0
PF15615.9	0	0	0	0	0	0	0	0	0	0	0	0
PF19587.2	0	0	0	0	0	0	0	0	0	0	0	0
PF12206.11	0	0	0	0	0	0	0	0	0	0	0	0
PF14550.9	0	0	0	0	0	0	0	0	0	0	0	0
PF19474.2	0	0	0	0	0	0	0	0	0	0	0	0
PF06319.15	0	0	0	0	0	0	0	0	0	0	0	0
PF11417.11	0	0	0	1	0	0	0	0	0	0	0	0
PF20586.1	0	0	0	0	0	0	0	0	0	0	0	0
PF16334.8	0	0	0	0	0	0	0	0	0	0	0	0
PF17168.7	0	0	0	0	0	0	0	0	0	0	0	0
PF16335.8	0	0	0	0	0	0	0	0	0	0	0	0
PF08760.14	0	0	0	0	0	0	0	0	0	0	0	0
PF05893.17	0	0	0	0	0	0	0	0	0	0	0	0
PF19629.2	0	0	0	0	0	0	0	0	0	0	0	0
PF12102.11	0	0	0	0	0	0	0	0	0	0	0	0
PF14239.9	0	0	0	0	0	0	0	0	0	0	0	0
PF10343.12	0	0	0	0	0	0	0	0	0	0	0	0
PF03659.17	0	0	0	0	0	0	0	0	0	0	0	0
PF09900.12	0	0	0	0	0	0	0	0	0	0	0	0
PF16126.8	0	0	0	0	0	0	0	0	0	0	0	0
PF07553.14	0	0	0	0	0	0	0	0	0	0	0	0
PF16760.8	0	0	0	0	0	0	0	0	0	0	0	0
PF13011.9	0	0	0	0	0	0	0	0	0	0	0	0
PF18640.4	0	0	0	0	0	0	0	0	0	0	0	0
PF12367.11	0	0	0	0	0	0	0	0	0	0	0	0
PF14008.9	0	0	0	0	0	0	0	0	0	0	0	0
PF09698.13	0	0	0	0	0	0	0	0	0	0	0	0
PF09217.13	0	1	0	0	0	0	0	0	0	0	0	0
PF09019.14	0	1	0	0	0	0	0	0	0	0	0	0
PF12128.11	0	0	0	0	0	0	0	0	0	0	0	0
PF20510.1	0	0	0	0	0	0	0	0	0	0	0	0
PF04209.16	0	0	0	0	0	0	0	0	0	0	0	0
PF11874.11	0	0	0	0	0	0	0	0	0	0	0	0
PF17660.4	0	0	0	0	0	0	0	0	0	0	0	0
PF09945.12	0	0	0	0	0	0	0	0	0	0	0	0
PF08712.14	0	0	0	0	0	0	0	0	0	0	0	0
PF03232.16	0	0	0	0	0	0	0	0	0	0	0	0
PF18291.4	0	0	0	0	0	0	0	0	0	0	0	0
PF14066.9	0	0	0	0	0	0	0	0	0	0	0	0
PF06199.14	0	0	0	0	0	0	0	0	0	0	0	0
PF09832.12	0	0	0	0	0	0	0	0	0	0	0	0
