FeatureID	cFA01a	cFA01b	cFA05a	cFA05b	cFA09a	cFA09b	cFT01a	cFT01b	cFT05a	cFT05b	cFT09a	cFT09b
PF08455.13	1	0	0	13	1	16	3	5	5	9	1	35
PF00176.26	3	5	1	20	2	22	10	7	5	10	4	36
PF00271.34	23	46	12	54	48	93	25	33	73	46	44	110
PF01565.26	10	18	3	4	8	20	8	8	6	9	4	5
PF04030.17	0	0	0	0	2	0	0	0	0	0	0	0
PF08447.15	18	44	4	7	5	55	13	21	17	11	8	27
PF00015.24	42	429	5	145	28	534	96	129	98	86	35	148
PF08448.13	14	38	1	4	7	44	7	12	10	7	6	12
PF00512.28	72	292	29	120	79	326	71	88	98	93	59	138
PF02518.29	126	491	46	204	140	556	115	183	169	156	102	223
PF01025.22	0	5	4	3	2	4	0	3	6	0	6	4
PF00012.23	14	91	17	68	72	161	64	95	78	75	77	106
PF06100.14	0	0	1	0	0	0	0	0	1	0	2	1
PF00359.25	2	3	1	7	4	5	6	12	8	3	3	25
PF02302.20	3	8	3	5	9	9	3	13	10	5	34	32
PF02378.21	14	49	6	29	21	54	42	30	51	28	52	56
PF04167.16	0	1	1	1	0	3	0	0	0	1	1	0
PF00521.23	16	40	8	16	17	38	12	8	18	12	7	14
PF03989.16	87	206	45	72	83	194	60	48	95	58	42	84
PF01544.21	0	0	0	2	0	0	0	0	1	1	2	2
PF00471.23	1	1	1	3	4	5	2	2	1	1	0	3
PF00122.23	11	25	13	17	21	16	12	8	15	15	31	21
PF00702.29	12	24	11	19	11	16	12	9	15	16	30	21
PF10543.12	1	0	0	2	1	1	0	1	1	0	0	0
PF10552.12	0	0	0	0	1	0	0	0	0	0	0	0
PF00692.22	2	3	0	2	1	3	2	1	1	1	3	1
PF06605.14	0	0	0	0	0	5	0	0	0	0	0	0
PF18013.4	1	5	0	0	0	3	0	0	0	0	1	2
PF01551.25	9	42	2	8	9	40	2	3	12	11	5	15
PF01521.23	0	0	1	0	0	0	0	0	0	0	1	0
PF08282.15	5	14	10	4	21	18	3	1	16	4	11	13
PF01219.22	0	0	0	0	0	0	0	0	0	0	1	0
PF00654.23	1	2	0	0	3	0	0	0	1	1	1	0
PF17767.4	1	8	1	5	2	15	2	4	2	1	3	3
PF04095.19	1	8	1	5	2	15	2	4	2	1	3	3
PF17956.4	1	7	0	5	2	15	2	4	2	1	3	3
PF00583.28	6	23	4	17	2	29	6	13	7	7	7	13
PF00005.30	318	894	108	559	333	978	351	527	390	409	234	489
PF02687.24	89	42	30	165	119	58	63	95	184	284	69	209
PF12704.10	21	5	9	21	10	10	9	17	20	14	16	16
PF08245.15	10	24	4	15	19	26	6	6	16	15	7	12
PF08353.13	1	0	0	1	3	2	2	2	1	3	3	0
PF13328.9	3	11	4	16	9	19	6	14	7	10	7	12
PF04607.20	9	63	6	20	12	53	14	22	8	15	9	17
PF02824.24	5	21	5	15	22	26	8	15	9	20	15	20
PF19296.2	2	8	2	13	4	15	5	13	5	8	5	9
PF13291.9	3	9	4	14	8	17	6	13	6	10	7	10
PF13460.9	0	0	1	0	1	0	0	0	0	0	2	0
PF13520.9	3	1	6	4	1	1	0	1	0	0	4	6
PF00580.24	6	14	1	11	8	22	7	9	11	14	7	23
PF13361.9	9	18	1	15	8	26	7	10	11	13	7	18
PF00890.27	14	9	2	18	18	21	24	18	14	16	8	23
PF00056.26	8	9	3	14	14	2	6	6	18	10	6	22
PF02866.21	8	9	3	14	14	2	6	6	18	10	6	22
PF00478.28	4	18	2	12	7	18	7	17	21	11	8	13
PF00588.22	2	14	6	5	3	4	2	2	7	2	2	4
PF01288.23	0	0	0	1	1	0	1	0	0	0	0	0
PF01227.25	0	0	0	1	1	0	0	0	0	1	1	1
PF00528.25	70	255	2	129	93	269	83	95	87	108	35	127
PF01594.19	0	7	1	4	1	12	0	1	4	3	5	2
PF02776.21	3	12	2	8	10	15	5	1	11	3	4	8
PF00205.25	3	9	2	8	9	8	5	1	11	3	3	8
PF02775.24	131	236	23	254	132	394	149	185	179	167	73	317
PF07517.17	14	26	4	20	19	29	7	20	13	19	5	25
PF01043.23	13	26	4	20	19	29	7	20	11	18	5	25
PF07516.16	14	26	4	20	19	30	7	20	12	19	5	25
PF02810.18	15	27	6	24	18	36	10	24	12	20	6	32
PF00665.29	8	7	25	17	23	20	8	13	12	3	25	15
PF13333.9	1	3	10	3	7	5	0	1	4	0	10	5
PF00872.21	6	8	7	4	11	9	2	5	11	7	12	5
PF05524.16	12	63	0	15	13	91	13	31	21	9	24	46
PF00391.26	163	448	32	214	125	526	163	255	172	187	105	293
PF02896.21	162	449	31	212	124	523	164	256	173	186	104	292
PF00977.24	2	6	0	4	6	11	1	1	4	2	3	8
PF00180.23	3	17	0	5	4	17	0	4	6	3	6	8
PF00330.23	8	10	1	9	14	29	7	9	9	12	8	15
PF01195.22	0	0	1	0	0	2	0	0	1	0	1	0
PF01751.25	14	28	9	12	35	31	6	12	18	27	14	23
PF01131.23	8	12	6	8	17	16	2	9	5	16	11	13
PF01396.22	2	6	0	2	9	14	1	5	1	13	5	9
PF13495.9	0	5	1	0	2	4	3	0	1	2	1	0
PF00589.25	64	165	20	122	56	157	89	97	79	50	44	96
PF07690.19	11	12	11	12	15	16	5	6	13	14	20	11
PF00664.26	10	32	9	13	13	43	7	13	15	18	19	23
PF04079.19	1	1	1	2	0	0	1	1	1	0	1	1
PF12850.10	0	3	0	2	2	2	1	1	3	1	1	3
PF14691.9	14	11	4	24	16	28	16	24	30	22	7	21
PF07992.17	75	88	20	110	73	122	79	86	111	66	42	126
PF00310.24	0	1	3	2	1	1	1	0	2	3	2	1
PF04898.17	0	1	2	2	0	0	1	0	2	3	2	1
PF01645.20	0	11	2	5	0	11	1	0	3	4	2	3
PF01493.22	0	3	2	2	0	2	1	0	2	3	3	1
PF00282.22	0	4	0	0	0	3	0	0	1	0	1	1
PF13508.10	0	5	1	1	1	5	0	1	1	0	1	1
PF01321.21	10	11	1	9	5	19	8	2	7	10	6	13
PF03960.18	1	2	0	0	0	1	0	1	1	2	4	7
PF17757.4	7	4	2	5	11	20	5	2	9	10	11	14
PF02559.19	4	26	1	6	8	20	5	3	4	9	6	11
PF00270.32	14	23	11	16	29	37	8	14	15	17	22	24
PF03461.18	3	1	1	2	5	3	3	0	3	7	6	8
PF05833.14	0	5	2	3	0	2	1	1	3	4	1	3
PF05670.16	0	5	2	3	0	2	1	1	3	4	1	3
PF02653.19	28	133	1	48	14	135	37	33	38	32	10	32
PF00224.24	8	17	1	7	10	22	6	2	11	10	8	11
PF02887.19	8	17	0	7	8	18	6	2	9	10	6	11
PF01210.26	1	2	1	0	3	4	2	1	3	4	5	1
PF07479.17	1	2	1	0	3	4	2	1	3	4	5	1
PF20618.1	1	2	1	0	3	4	2	1	3	4	5	1
PF00483.26	120	472	14	215	75	433	136	188	146	115	70	200
PF00348.20	4	8	3	18	10	5	1	6	9	3	1	8
PF01180.24	2	4	1	0	2	6	2	7	3	0	2	1
PF13421.9	1	4	0	3	0	7	0	3	1	4	1	6
PF00849.25	9	16	0	8	11	10	2	5	8	7	5	14
PF00690.29	4	2	4	8	15	8	3	4	7	13	11	13
PF00689.24	4	2	4	8	15	8	3	4	7	13	11	13
PF06736.14	0	0	0	0	1	0	0	0	0	0	1	0
PF05382.16	0	0	0	0	0	0	1	0	0	0	0	0
PF05263.14	0	0	0	0	0	0	0	0	0	0	0	0
PF14657.9	6	2	3	5	3	4	3	1	0	3	2	5
PF14659.9	11	9	4	10	13	17	7	16	5	3	5	10
PF06146.15	0	0	0	0	0	0	0	0	0	0	0	0
PF00392.24	7	31	0	14	13	36	12	13	18	10	21	34
PF02080.24	9	17	6	8	34	24	6	5	10	7	4	7
PF00367.23	8	32	1	20	10	28	31	12	42	20	29	36
PF00358.23	5	12	1	5	10	27	2	4	8	5	18	19
PF01047.25	0	0	1	0	1	1	1	0	2	1	3	0
PF00881.27	4	9	8	0	10	13	4	2	9	3	5	11
PF00106.28	3	10	1	5	1	13	3	3	2	5	3	6
PF13292.9	0	8	1	5	8	6	2	4	5	0	4	7
PF02779.27	13	24	6	19	31	25	20	23	22	11	17	20
PF02780.23	13	24	6	19	30	25	20	22	23	11	17	21
PF01554.21	20	44	9	28	36	54	20	22	21	16	48	20
PF01261.27	8	12	7	16	21	20	11	15	8	11	5	7
PF01479.28	26	77	11	58	38	104	22	31	27	40	28	58
PF02861.23	26	50	18	10	28	50	8	12	14	7	26	38
PF00004.32	25	82	33	40	41	92	19	32	49	38	58	100
PF17871.4	16	31	16	16	24	32	9	8	28	14	32	55
PF07724.17	22	67	18	32	37	80	17	22	41	34	44	70
PF10431.12	22	63	17	28	35	76	17	15	40	33	41	68
PF01370.24	5	12	4	8	4	11	3	3	1	3	1	5
PF13522.9	4	12	1	3	1	13	2	3	3	3	2	3
PF00156.30	11	28	7	8	9	30	1	6	19	10	10	21
PF18072.4	5	34	1	13	21	44	8	12	19	16	12	19
PF00586.27	6	20	1	5	5	23	4	3	5	8	4	12
PF02769.25	11	54	4	14	38	68	11	15	24	23	16	33
PF13507.9	5	33	3	11	20	44	8	12	18	16	12	19
PF01259.21	3	8	0	8	4	6	5	3	7	3	1	6
PF00128.27	52	134	15	85	43	134	47	52	70	83	43	100
PF02806.21	20	59	8	30	27	76	20	21	25	18	15	25
PF08240.15	36	36	3	18	17	52	19	15	33	14	7	33
PF00107.29	36	36	3	19	16	52	19	15	33	14	7	33
PF06541.14	3	8	0	3	0	7	0	2	0	1	1	2
PF02922.21	25	74	9	41	28	94	22	25	30	29	19	41
PF12848.10	4	15	4	6	15	13	3	13	6	9	6	12
PF16326.8	3	4	1	0	6	4	0	0	2	1	0	2
PF03577.18	1	4	1	6	3	3	0	2	3	0	5	4
PF11797.11	0	0	0	0	1	0	0	0	0	0	0	0
PF01018.25	1	8	0	4	3	14	0	0	2	0	7	3
PF01926.26	20	43	12	25	22	61	12	16	26	19	25	35
PF09269.14	1	7	0	3	3	14	0	0	2	0	5	3
PF00171.25	30	73	4	98	51	68	63	22	33	36	14	38
PF00696.31	13	23	8	19	14	41	11	19	21	16	18	34
PF02881.22	5	14	4	6	12	22	4	3	6	13	9	9
PF00448.25	6	20	4	8	13	29	5	6	9	16	11	12
PF02978.22	4	11	3	5	8	20	2	1	6	9	4	7
PF00753.30	28	45	7	55	22	76	35	46	33	28	30	46
PF07521.15	11	29	4	22	7	41	18	25	15	17	12	24
PF17770.4	7	14	2	6	6	22	4	17	9	11	9	17
PF01118.27	2	13	1	7	11	12	3	2	7	4	1	11
PF02774.21	2	13	0	6	7	12	1	2	7	4	1	10
PF01081.22	1	1	0	1	0	2	2	2	5	3	4	2
PF01263.23	1	16	1	13	4	14	4	8	2	4	5	8
PF13347.9	4	4	5	5	5	3	1	4	0	1	3	3
PF01232.26	3	5	1	5	3	5	1	2	1	1	2	5
PF08125.16	3	5	1	5	3	5	1	2	1	1	2	5
PF00356.24	8	27	0	14	5	30	8	12	7	9	1	27
PF13377.9	11	32	1	15	5	40	10	13	10	9	2	30
PF00206.23	4	15	2	7	11	16	9	10	9	13	10	13
PF10397.12	2	7	1	4	3	9	1	8	2	3	5	8
PF02926.20	5	20	2	5	10	11	3	1	7	3	5	5
PF01170.21	4	16	1	3	4	4	2	2	4	1	1	7
PF05103.16	1	2	0	0	1	0	1	0	0	0	2	0
PF08230.14	0	0	0	0	2	0	0	0	0	0	2	1
PF00155.24	23	46	5	30	23	48	24	11	31	33	21	43
PF01381.25	37	53	11	44	21	56	29	40	29	20	23	38
PF01209.21	1	0	1	0	0	1	0	0	0	0	0	0
PF06018.17	5	25	2	8	7	26	8	5	12	7	1	19
PF08222.14	5	25	2	8	7	26	8	5	12	7	1	19
PF12464.11	2	8	0	1	2	6	0	1	0	0	1	0
PF00132.27	28	149	1	56	30	91	8	24	16	10	14	11
PF02686.18	0	0	1	0	1	0	0	1	0	1	1	0
PF02903.17	3	14	0	2	2	8	3	3	1	7	5	5
PF07274.15	0	0	0	0	1	0	0	0	0	0	1	0
PF01425.24	1	1	0	4	2	0	1	1	2	2	1	4
PF01476.23	19	27	18	23	12	32	2	14	14	10	7	13
PF03610.19	5	32	0	2	4	18	1	4	14	2	19	9
PF03830.18	38	80	1	35	23	83	6	29	63	27	23	32
PF03609.17	46	162	4	63	39	200	9	45	72	41	54	50
PF03613.17	30	166	1	46	15	187	10	44	32	27	26	18
PF02934.18	2	1	0	0	1	1	0	0	3	2	7	4
PF02637.21	2	1	0	0	1	1	0	0	3	2	7	4
PF02403.25	4	9	2	16	4	11	3	7	11	7	7	6
PF00587.28	24	51	4	48	37	67	18	33	39	35	36	54
PF12849.10	2	1	2	1	3	1	1	1	0	0	1	2
PF01668.21	0	2	0	2	0	3	2	0	1	0	2	0
PF01411.22	6	32	8	12	15	40	7	6	16	18	7	23
PF07973.17	9	46	9	14	31	53	9	9	21	29	18	33
PF02272.22	11	52	13	23	26	66	11	13	25	36	15	35
PF13145.9	2	3	0	1	2	2	1	1	5	4	2	8
PF01596.20	0	2	0	0	0	2	0	1	3	2	1	2
PF08439.13	1	1	0	1	3	3	1	2	1	3	3	2
PF01432.23	5	4	2	3	8	5	1	4	7	4	5	9
PF06054.14	0	0	0	0	0	0	0	0	0	0	1	0
PF01027.23	2	1	1	5	0	6	1	4	1	0	3	0
PF01966.25	55	237	7	104	75	301	52	62	89	75	49	141
PF04892.15	0	2	1	1	2	4	3	4	1	1	2	2
PF01264.24	0	1	0	3	1	6	2	0	1	0	2	1
PF06335.15	0	0	0	0	1	0	0	0	0	0	0	0
PF04657.16	0	0	2	0	2	0	0	0	0	0	2	0
PF01761.23	3	2	3	0	2	5	2	1	2	1	0	1
PF09335.14	0	0	1	1	0	0	0	0	0	1	1	0
PF00497.23	3	5	4	10	5	5	8	3	7	4	9	12
PF02874.26	140	196	24	235	123	343	128	118	133	174	77	194
PF00006.28	148	211	26	246	136	357	134	123	143	183	80	205
PF00306.30	51	77	6	59	40	112	25	29	36	40	25	72
PF00213.21	4	33	3	15	7	24	2	8	10	9	2	12
PF00119.23	8	22	3	5	11	20	4	3	7	12	1	5
PF01694.25	0	3	1	1	0	4	2	2	0	0	1	2
PF01592.19	1	3	0	1	4	3	1	1	3	1	3	2
PF13527.10	1	4	1	2	1	7	1	0	4	0	1	4
PF17668.4	0	0	0	0	1	0	0	0	3	0	1	1
PF04997.15	28	105	9	82	66	139	21	38	49	56	23	69
PF00623.23	41	191	12	123	115	230	32	58	69	81	32	110
PF04983.21	27	106	9	80	67	138	22	38	50	56	24	69
PF05000.20	27	106	9	80	67	138	22	38	50	56	24	69
PF04998.20	27	107	9	86	68	139	22	41	52	57	24	72
PF19200.3	0	0	0	1	0	3	0	1	3	2	1	7
PF05913.14	0	0	0	1	0	3	0	1	3	2	1	7
PF04563.18	30	92	8	53	78	123	23	23	46	33	35	66
PF04561.17	56	170	16	100	152	227	43	46	74	60	52	123
PF04565.19	30	92	8	53	78	123	23	24	46	33	35	67
PF10385.12	30	92	8	53	78	123	23	24	46	33	35	67
PF00562.31	31	93	8	56	78	124	24	25	47	36	35	69
PF04560.23	31	93	8	56	78	124	18	25	46	36	35	68
PF05649.16	5	4	2	3	8	0	1	2	6	1	3	6
PF01431.24	5	4	2	3	8	0	1	2	6	1	3	6
PF01943.20	0	9	2	0	1	8	1	4	0	2	0	7
PF14667.9	1	7	2	2	1	5	1	3	0	3	0	7
PF01368.23	5	25	5	15	16	32	8	8	19	23	11	17
PF02833.17	0	5	0	3	5	4	4	1	10	5	3	5
PF01595.23	3	8	6	5	14	15	4	4	2	13	5	7
PF00571.31	17	81	10	41	65	86	32	50	58	56	36	52
PF03471.20	3	8	6	5	14	15	4	4	2	13	5	8
PF17760.4	0	9	5	6	8	28	2	7	7	3	8	5
PF17755.4	0	9	5	6	8	28	2	7	7	3	8	5
PF04263.19	1	2	0	1	1	3	1	0	2	2	0	0
PF04265.17	1	2	0	1	1	3	1	0	2	2	0	0
PF00582.29	2	2	1	1	11	1	0	2	0	4	2	1
PF19300.2	3	7	0	1	4	8	2	3	9	3	1	8
PF08352.15	10	29	19	19	21	44	17	24	17	20	20	29
PF01134.25	0	13	2	2	4	6	0	1	6	1	5	4
PF13932.9	0	13	1	1	4	5	0	1	5	1	4	4
PF01406.22	3	10	0	2	10	3	1	3	7	2	2	8
PF09190.14	3	10	0	2	10	3	1	3	6	1	1	8
PF01138.24	18	48	8	38	52	83	18	20	28	51	12	33
PF03725.18	14	29	6	25	44	52	12	14	23	33	11	25
PF03726.17	9	24	3	15	21	32	7	9	11	17	5	15
PF00013.32	50	156	11	91	81	204	44	48	74	78	46	111
PF00575.26	149	541	29	344	486	657	192	182	208	254	98	340
PF00009.30	345	862	84	763	537	1164	291	460	502	596	240	745
PF03144.28	325	807	62	736	482	1110	277	452	481	568	225	686
PF03143.20	197	468	41	446	275	617	160	272	293	330	132	367
PF00133.25	13	63	6	37	46	79	19	32	35	42	24	52
PF08264.16	16	63	7	37	44	83	22	35	40	48	27	60
PF06827.17	0	1	1	1	1	3	0	0	1	0	9	1
PF00091.28	6	28	2	11	12	37	7	9	20	21	13	21
PF12327.11	6	28	2	10	12	37	7	9	20	21	12	21
PF00126.30	1	8	0	10	1	11	4	4	9	7	7	6
PF03466.23	1	8	0	11	1	11	4	3	10	6	7	6
PF04055.24	32	91	21	60	40	130	42	41	61	43	36	48
PF13394.9	4	4	4	4	8	9	2	2	0	0	6	1
PF01029.21	2	11	1	3	4	12	1	1	6	8	2	9
PF01189.20	1	2	2	1	5	3	1	2	5	4	0	6
PF04226.16	0	0	0	0	4	1	0	0	0	2	5	4
PF00551.22	3	18	3	6	0	14	4	5	7	9	5	12
PF02911.21	2	6	1	0	0	7	2	3	1	0	1	5
PF06983.16	0	1	0	0	0	0	0	0	0	0	1	0
PF12072.11	41	123	7	72	54	160	35	38	60	52	40	93
PF01182.23	13	82	1	10	9	71	10	7	9	8	16	10
PF00712.22	3	11	0	4	6	13	3	5	2	2	0	7
PF02767.19	3	11	0	4	6	13	3	5	2	2	0	7
PF02768.18	3	11	0	4	6	13	3	5	2	2	0	7
PF01116.23	47	130	10	101	33	177	42	78	55	68	33	80
PF03129.23	20	42	2	32	35	58	17	28	29	31	29	53
PF03477.19	18	56	5	27	7	91	14	16	19	20	19	25
PF14681.9	5	9	2	6	1	7	0	2	5	3	3	7
PF01053.23	0	8	0	5	2	12	4	6	3	3	3	9
PF02646.19	0	0	1	0	0	0	0	1	0	0	1	0
PF16745.8	3	0	0	3	4	4	0	2	1	0	2	3
PF03193.19	3	0	0	4	4	4	0	2	1	0	2	3
PF01588.23	9	23	8	13	17	26	11	10	18	15	18	23
PF03483.20	2	8	4	5	7	6	3	2	6	3	5	6
PF03484.18	2	8	4	5	6	6	3	2	6	3	4	5
PF17759.4	2	8	4	5	6	6	3	2	6	3	4	5
PF03147.17	2	8	4	5	6	6	3	2	6	3	4	5
PF02912.21	3	2	2	1	1	8	3	1	1	6	1	3
PF01409.23	3	2	2	1	1	8	3	1	1	6	1	3
PF02421.21	3	8	1	5	3	10	4	4	6	2	2	5
PF17910.4	3	7	1	3	2	9	4	4	5	2	2	5
PF07670.17	6	15	2	9	6	19	8	8	12	5	4	10
PF07664.15	3	8	1	5	3	9	4	4	6	2	2	5
PF00704.31	1	6	0	5	6	12	2	3	7	3	3	4
PF02839.17	0	0	0	0	1	0	0	0	0	0	2	0
PF03067.18	0	0	0	0	0	0	0	0	0	0	1	0
PF01872.20	3	2	1	3	2	2	0	0	4	1	0	2
PF01336.28	14	45	5	28	23	68	10	10	21	24	14	39
PF00152.23	9	38	4	31	21	49	10	8	21	23	13	31
PF02938.17	5	14	2	5	7	13	2	2	7	8	5	7
PF13393.9	0	7	0	2	2	14	3	3	3	5	2	7
PF13413.9	0	0	1	0	0	0	0	0	0	0	0	0
PF00675.23	4	26	3	5	7	15	9	10	6	4	5	14
PF05193.24	7	35	6	8	12	18	13	13	9	6	5	23
PF03780.16	6	26	1	10	4	29	10	7	8	6	9	7
PF16363.8	13	50	5	22	23	51	11	11	18	16	9	46
PF10509.12	4	24	7	7	11	18	5	4	7	4	2	8
PF00288.29	6	29	9	9	17	20	6	6	10	5	5	10
PF08544.16	4	26	9	7	16	20	6	3	1	3	2	4
PF01136.22	5	8	1	6	7	18	9	2	6	6	3	2
PF16325.8	3	1	1	1	0	6	2	0	4	3	2	2
PF00687.24	20	50	3	43	44	72	6	29	23	29	18	51
PF01765.22	7	21	7	11	6	18	7	7	6	7	8	13
PF00871.20	4	27	2	21	4	31	11	12	11	15	5	14
PF14492.9	136	339	27	297	223	490	113	174	188	233	91	324
PF00679.27	140	355	33	303	232	507	122	181	199	241	99	335
PF07242.14	0	0	0	0	0	0	0	0	0	0	1	0
PF04397.18	19	19	2	21	11	28	9	16	27	13	6	25
PF00480.23	4	30	1	8	10	29	6	17	16	9	11	29
PF00817.23	2	0	5	2	2	0	0	0	1	2	4	2
PF11798.11	0	0	0	1	0	0	0	0	0	0	2	0
PF11799.11	2	0	5	2	2	0	0	0	1	2	4	2
PF02729.24	1	8	4	9	8	10	11	6	11	4	6	14
PF00185.27	1	8	4	9	8	10	11	6	11	4	6	14
PF01316.24	2	1	0	0	1	1	1	1	2	0	0	1
PF02863.21	2	1	0	0	1	1	1	1	2	0	0	1
PF01225.28	3	15	2	5	8	14	3	3	11	4	2	5
PF02875.24	9	23	4	13	13	22	4	4	15	12	4	12
PF04321.20	1	10	2	3	3	15	0	2	3	3	2	5
PF00230.23	1	7	3	8	1	5	5	2	0	1	1	8
PF18073.4	0	0	1	1	1	6	1	0	1	1	1	2
PF13481.9	1	2	5	1	4	7	1	1	2	2	3	2
PF13541.9	3	3	1	3	2	7	1	0	1	1	3	3
PF01196.22	10	55	2	13	22	74	9	11	12	14	4	31
PF01193.27	23	58	15	30	51	86	19	21	39	42	12	70
PF01000.29	23	58	15	30	51	86	19	20	39	42	12	70
PF03118.18	23	58	15	30	52	86	19	21	39	42	12	72
PF00411.22	12	33	1	35	12	49	11	17	21	32	7	26
PF01176.22	3	2	1	6	7	9	0	4	0	5	1	5
PF13276.9	3	6	7	4	7	9	0	4	6	0	8	10
PF00406.25	3	10	3	5	8	19	5	5	3	15	1	5
PF05191.17	3	9	3	5	8	19	5	4	3	14	1	5
PF00828.22	9	35	5	24	12	42	7	11	17	35	7	28
PF00347.26	38	128	4	116	62	144	28	28	40	48	18	86
PF06480.18	5	8	3	9	7	13	5	1	5	6	4	21
PF17862.4	7	27	5	13	11	29	6	11	14	18	16	28
PF01434.21	7	31	6	16	12	33	6	18	15	19	19	29
PF07650.20	16	64	2	45	41	93	12	17	23	39	9	58
PF00189.23	14	59	1	45	38	86	11	17	18	33	5	54
PF00237.22	9	47	0	38	37	60	8	5	22	38	10	26
PF00573.25	9	38	1	33	36	64	6	16	32	34	8	45
PF14821.9	3	3	1	1	1	7	1	4	5	2	2	7
PF00291.28	9	11	8	13	13	27	6	7	11	15	9	19
PF04239.15	0	0	0	0	0	0	1	0	0	0	1	0
PF01243.23	1	0	0	1	0	1	2	0	0	0	1	0
PF14480.9	6	16	1	6	2	16	5	6	6	5	1	10
PF11490.11	3	1	1	5	2	3	4	2	2	1	1	1
PF02811.22	18	44	2	12	17	50	8	14	16	12	10	39
PF00929.27	6	18	3	7	15	25	6	8	10	9	3	17
PF07733.15	17	47	2	13	11	62	8	11	17	12	7	37
PF17657.4	13	31	2	9	9	43	5	9	12	9	7	32
PF14579.9	13	31	2	9	9	42	5	8	12	9	7	31
PF02852.25	8	19	6	12	11	27	4	9	11	11	9	30
PF04073.18	2	3	0	4	1	1	1	0	2	2	5	4
PF02163.25	8	33	4	9	7	38	6	3	17	10	8	21
PF17820.4	1	13	1	4	5	17	2	3	10	3	4	7
PF02739.19	1	10	1	9	6	4	2	0	7	5	5	13
PF01367.23	1	10	1	9	6	4	2	0	7	5	5	13
PF00476.23	1	10	2	8	7	4	2	0	7	5	7	13
PF01527.23	4	5	3	4	1	8	2	1	7	1	4	5
PF00889.22	8	47	4	21	38	54	3	5	22	17	7	42
PF00318.23	7	28	2	30	18	55	16	9	15	28	6	38
PF00465.22	16	44	4	30	11	51	25	30	19	21	8	40
PF13180.9	6	24	5	14	9	30	7	3	9	8	6	18
PF05362.16	3	15	0	10	5	21	2	3	3	7	5	12
PF00342.22	12	29	3	19	14	38	15	10	15	27	22	44
PF10458.12	0	8	1	7	9	12	2	2	5	8	3	10
PF01938.23	1	3	2	1	6	9	2	1	2	5	1	1
PF05958.14	1	2	0	2	5	16	2	1	1	4	0	5
PF01418.20	5	11	0	5	3	17	3	11	3	6	2	4
PF01380.25	32	90	1	35	19	113	25	25	13	23	6	13
PF02673.21	1	3	0	2	1	3	0	0	2	0	2	0
PF13177.9	5	38	3	18	7	22	4	15	10	13	9	15
PF03951.22	1	13	1	5	3	10	1	2	6	3	0	5
PF00120.27	2	17	3	11	5	18	5	3	9	4	4	12
PF01330.24	2	2	0	0	2	2	0	1	0	2	0	0
PF14520.9	2	34	3	5	6	39	5	11	3	5	0	3
PF07499.16	2	2	0	0	2	2	0	1	0	2	0	0
PF01624.23	10	6	16	37	90	8	2	5	38	17	15	25
PF05188.20	0	5	3	3	6	8	2	3	1	4	1	3
PF05192.21	0	5	3	3	6	8	2	3	1	4	1	3
PF05190.21	0	5	3	3	6	8	2	3	1	4	1	3
PF00488.24	1	17	5	11	13	25	6	5	5	11	2	5
PF03446.18	0	2	0	1	1	0	1	0	0	4	1	1
PF14833.9	0	2	0	1	0	0	1	0	0	3	1	0
PF01925.22	0	2	1	0	0	3	0	0	0	0	1	1
PF00226.34	4	13	0	8	9	29	3	8	6	7	3	11
PF01556.21	4	10	0	7	9	23	3	5	5	6	2	7
PF00684.22	4	10	0	7	9	23	3	5	5	6	2	7
PF13537.9	3	13	2	6	7	14	1	3	6	8	12	17
PF00733.24	1	14	2	3	2	11	1	2	1	3	5	11
PF05257.19	1	6	2	3	4	2	1	0	1	2	10	3
PF13545.9	0	4	0	1	3	5	2	1	0	0	1	3
PF01869.23	7	19	2	5	7	31	4	6	7	14	5	8
PF09989.12	2	6	0	1	1	14	1	1	2	6	2	2
PF06050.16	17	24	2	42	10	47	19	21	15	20	6	20
PF00440.26	3	35	0	12	9	38	6	7	17	8	8	21
PF14278.9	0	2	1	1	0	1	1	1	1	3	1	1
PF17191.7	0	2	4	1	2	3	1	2	4	1	1	6
PF19833.2	0	3	4	1	2	3	1	2	5	1	2	6
PF09182.13	0	0	0	0	0	0	0	0	0	0	1	0
PF03764.21	143	359	38	303	249	500	117	177	192	237	92	333
PF06800.15	0	0	0	0	1	0	0	0	0	0	0	0
PF06962.15	0	0	1	0	1	0	0	0	1	0	0	0
PF13167.9	7	6	0	7	3	5	1	4	5	2	3	5
PF16360.8	7	6	0	7	3	5	1	4	5	2	3	5
PF01467.29	4	9	2	3	5	15	7	7	3	10	5	4
PF13649.9	6	9	3	3	5	15	4	12	5	3	6	3
PF05636.14	1	0	0	1	0	2	0	0	0	1	1	0
PF01709.23	2	6	0	7	3	13	5	2	4	3	4	6
PF00162.22	34	190	12	50	33	166	27	61	66	57	30	86
PF02733.20	8	7	1	4	5	12	11	5	7	1	2	12
PF06874.14	1	14	0	5	0	10	6	3	8	4	0	3
PF01408.25	15	31	9	24	32	52	10	26	15	18	10	14
PF02894.20	14	20	7	20	20	43	7	21	12	14	6	9
PF02664.18	0	1	1	3	1	1	0	0	1	1	1	8
PF00248.24	2	16	4	9	6	22	7	6	12	8	11	15
PF13597.9	17	54	5	25	6	86	11	15	17	18	13	23
PF13353.9	17	42	5	31	19	49	22	22	24	25	16	20
PF02361.19	1	5	0	0	2	9	1	0	1	2	0	1
PF12705.10	2	10	3	6	3	4	4	5	9	7	2	11
PF00163.22	14	43	10	50	27	81	14	23	14	30	20	43
PF09371.13	6	6	1	2	7	11	2	0	2	5	4	5
PF16921.8	6	6	1	2	7	11	2	0	2	5	4	5
PF12836.10	7	16	1	6	8	18	3	0	5	10	5	6
PF17674.4	6	9	1	3	7	14	2	0	3	7	5	6
PF08706.14	0	0	1	1	2	0	0	1	0	0	1	1
PF19263.2	0	0	2	0	2	0	0	1	0	0	1	1
PF03288.19	0	0	1	1	2	0	0	1	0	0	1	1
PF17900.4	0	0	1	0	1	0	0	2	0	0	2	0
PF01433.23	0	0	1	0	2	0	0	2	0	0	2	0
PF11838.11	0	0	1	0	1	0	0	2	0	0	1	0
PF09250.14	0	0	0	0	0	0	0	0	0	0	2	0
PF08708.14	0	0	0	0	0	0	0	0	0	0	2	0
PF02229.19	0	0	0	0	1	0	0	0	0	0	0	0
PF03180.17	0	4	1	0	0	4	1	0	0	0	1	0
PF09383.13	0	4	0	0	1	4	0	0	0	0	3	0
PF01497.21	5	12	4	5	6	8	1	2	6	0	3	5
PF00300.25	4	1	1	10	3	5	3	2	3	4	6	9
PF03717.18	4	27	1	10	5	47	6	8	9	6	5	18
PF00905.25	12	67	4	26	11	100	10	16	16	13	12	27
PF00496.25	13	115	4	34	23	148	20	51	33	52	50	74
PF16658.8	3	12	2	4	2	11	3	4	4	10	5	8
PF00154.24	6	15	2	9	5	13	6	3	2	6	11	7
PF05675.15	0	0	0	0	2	0	0	0	0	0	0	0
PF03595.20	0	0	0	0	1	0	0	0	0	0	1	0
PF02568.17	1	5	1	2	6	9	1	0	4	3	4	3
PF02525.20	1	0	1	1	4	1	1	2	0	0	1	0
PF00999.24	1	2	3	0	7	2	0	0	1	1	8	3
PF00118.27	20	69	14	77	51	83	28	42	42	64	38	72
PF00072.27	125	581	59	211	131	632	145	204	218	175	100	274
PF00486.31	27	51	31	64	73	69	36	39	51	35	31	51
PF06156.16	0	0	0	0	0	0	0	0	0	0	1	0
PF07155.15	0	11	1	2	0	9	3	3	2	0	0	2
PF06418.17	0	3	2	0	1	3	2	3	2	4	2	6
PF00117.31	8	16	3	6	8	17	3	13	9	12	8	15
PF05014.18	0	0	0	0	0	0	0	0	0	0	1	1
PF01712.22	0	0	0	0	1	0	0	0	0	0	0	0
PF02645.19	10	85	2	19	9	62	9	13	13	10	13	17
PF00216.24	5	30	2	4	12	38	3	8	12	14	9	18
PF04545.19	17	59	18	24	29	72	18	22	30	24	19	33
PF01832.23	2	7	2	7	9	13	2	1	3	9	2	11
PF00912.25	7	35	3	12	5	48	4	9	5	5	7	8
PF05697.16	21	38	5	10	14	36	2	10	18	28	14	32
PF00254.31	17	36	7	12	8	42	5	8	20	33	14	38
PF05698.17	14	34	5	13	2	42	3	10	23	31	14	37
PF03979.17	6	11	6	4	9	11	6	6	11	5	5	5
PF00140.23	6	15	7	6	15	12	6	9	11	8	7	10
PF04542.17	23	80	14	41	43	90	25	32	38	30	22	43
PF04539.19	10	30	8	13	21	39	14	13	17	15	8	17
PF01327.24	0	1	0	0	0	3	0	0	1	0	1	4
PF04851.18	22	35	18	72	105	50	24	29	61	34	32	61
PF12344.11	4	3	1	3	6	17	2	2	6	3	5	6
PF02151.22	4	8	1	5	4	19	3	2	9	4	7	7
PF07977.16	1	2	0	4	1	1	0	0	1	1	2	0
PF02734.20	14	32	0	14	6	38	8	9	16	17	8	16
PF01987.20	1	1	0	1	4	2	0	2	1	5	3	5
PF00265.21	0	0	0	0	0	0	1	0	0	0	2	0
PF03462.21	9	19	2	18	15	30	5	10	15	9	4	15
PF00472.23	8	19	2	18	15	30	5	10	15	9	4	15
PF11967.11	1	1	0	0	2	0	0	0	1	2	1	0
PF02565.18	1	1	0	0	2	0	0	0	1	2	1	0
PF00464.22	4	9	0	8	6	9	2	2	4	7	3	7
PF08032.15	2	9	2	1	1	3	1	2	3	2	2	2
PF00557.27	12	21	7	17	31	42	12	8	18	17	10	35
PF02603.19	3	15	0	4	4	11	3	6	3	1	3	4
PF07475.15	3	15	0	4	4	11	3	6	3	1	3	4
PF00393.22	0	0	0	0	1	0	0	0	0	0	0	1
PF02705.19	0	0	0	2	4	0	0	0	0	0	3	0
PF02588.18	3	10	1	2	3	5	5	4	6	4	2	1
PF00364.25	12	23	6	9	9	21	13	17	11	20	16	26
PF02817.20	0	0	1	2	2	1	1	1	0	0	5	7
PF00198.26	0	0	1	3	3	1	1	1	0	0	5	7
PF12706.10	0	13	3	5	3	12	5	6	7	6	4	4
PF17768.4	4	4	1	0	5	2	2	2	3	6	3	2
PF10141.12	0	0	0	0	0	0	0	0	0	0	2	0
PF03449.18	4	3	1	4	8	10	2	0	3	1	3	9
PF01272.22	4	3	1	4	8	10	2	0	4	1	3	9
PF13518.9	2	0	2	2	3	3	0	3	0	2	10	2
PF00676.23	0	1	1	3	5	1	8	10	1	1	5	3
PF02901.18	231	539	23	431	298	533	224	307	152	177	85	186
PF01228.24	226	586	21	438	280	565	241	329	150	177	87	198
PF06071.16	5	13	1	1	2	14	2	2	1	5	6	5
PF00694.22	5	8	1	7	7	12	7	7	6	6	5	8
PF00579.28	8	25	3	4	6	17	4	9	6	8	6	10
PF00343.23	15	79	4	40	30	57	15	28	17	37	13	41
PF00854.24	8	2	3	2	5	4	2	0	0	0	2	8
PF01654.20	0	0	1	0	0	0	0	0	1	0	0	0
PF00149.31	7	8	5	11	3	18	5	6	9	17	6	19
PF14437.9	1	1	0	1	0	0	0	1	0	0	3	1
PF02746.19	0	1	2	1	0	0	2	0	1	0	0	0
PF13378.9	0	2	2	1	1	0	2	0	2	0	0	0
PF00378.23	26	51	6	27	9	58	25	27	20	12	6	21
PF13302.10	5	20	1	12	1	19	1	5	3	2	5	6
PF00710.23	3	2	3	1	3	1	2	1	1	1	2	0
PF17763.4	3	2	3	1	3	1	2	1	1	1	2	0
PF00772.24	4	13	2	2	8	28	3	3	4	4	4	5
PF03796.18	4	13	3	2	8	28	3	3	4	4	4	4
PF16555.8	0	0	0	0	0	0	0	0	0	0	0	0
PF04760.18	14	47	15	24	35	48	15	17	18	27	13	67
PF11987.11	9	26	10	12	27	25	9	10	11	15	9	38
PF08545.13	4	3	0	3	5	4	1	1	1	0	1	3
PF08541.13	4	3	0	3	3	3	1	0	1	0	1	3
PF00289.25	1	0	0	0	1	2	1	1	2	2	4	1
PF02786.20	12	46	2	4	7	52	7	13	12	24	15	21
PF02785.22	1	0	0	0	1	2	1	1	2	2	4	1
PF03255.17	2	3	0	1	1	2	0	1	2	1	1	0
PF00581.23	1	1	2	3	1	5	3	1	0	0	0	1
PF02583.20	0	0	0	0	0	1	1	0	1	1	0	1
PF09334.14	18	52	8	25	26	75	25	33	29	28	34	52
PF19303.2	4	11	3	7	8	16	4	5	4	3	11	7
PF13561.9	13	15	5	18	18	23	5	12	17	18	9	20
PF01960.21	0	5	1	0	1	2	0	0	1	6	1	1
PF00202.24	2	5	5	5	8	5	3	14	4	4	2	6
PF14622.9	1	4	1	0	0	0	0	2	0	1	0	0
PF00035.29	1	4	1	0	0	0	0	2	0	1	0	0
PF00884.26	3	7	8	6	6	12	6	7	11	12	7	7
PF00324.24	0	0	1	0	0	0	0	0	0	0	2	0
PF13793.9	3	18	5	4	6	16	4	2	12	10	7	8
PF14572.9	2	4	4	2	5	3	3	0	9	5	7	6
PF13603.9	7	30	2	14	18	38	10	16	14	10	8	21
PF00232.21	4	19	1	7	11	17	2	5	8	12	19	41
PF03315.18	3	1	0	1	5	2	0	0	0	1	1	1
PF01842.28	1	3	3	4	8	11	3	1	3	8	3	10
PF00403.29	12	28	6	12	1	11	10	7	10	4	23	10
PF03054.19	1	7	2	1	1	7	0	2	4	0	2	0
PF20259.1	1	6	1	0	0	5	0	1	2	0	0	0
PF20258.1	1	6	1	0	0	5	0	1	2	0	0	0
PF01541.27	1	5	1	2	3	3	1	0	4	1	5	4
PF08459.14	1	5	1	1	3	2	1	0	3	1	4	4
PF00763.26	1	7	1	4	3	1	5	3	4	1	4	5
PF02882.22	1	7	1	4	3	1	5	3	4	1	4	5
PF13742.9	2	9	1	2	4	5	2	0	1	2	2	2
PF02601.18	2	10	1	3	4	7	2	0	1	2	2	4
PF01728.22	1	6	0	2	2	4	1	1	3	3	2	1
PF03793.22	10	51	14	6	15	40	6	12	16	15	0	21
PF01245.23	9	11	0	10	15	26	8	7	16	9	13	12
PF01883.22	2	1	0	0	2	1	0	0	0	0	0	1
PF07730.16	2	6	2	1	1	2	0	3	0	1	3	1
PF00390.22	2	5	2	6	5	4	3	1	7	5	0	6
PF03949.18	2	5	2	7	5	5	4	1	5	4	0	5
PF03390.18	0	0	2	0	0	0	0	1	0	0	0	0
PF00204.28	8	16	4	6	19	16	4	5	13	14	4	13
PF00986.24	8	16	4	6	15	16	4	5	13	14	4	12
PF04464.17	4	3	1	4	0	9	0	1	14	4	3	1
PF12674.10	0	0	1	0	0	1	0	0	0	1	0	0
PF01048.23	12	32	3	15	8	28	12	14	5	12	6	22
PF00877.22	14	54	9	32	28	62	15	12	26	23	11	47
PF08206.14	1	15	3	7	1	10	1	0	8	4	3	3
PF17876.4	1	16	4	9	2	10	2	0	9	5	4	3
PF00773.22	1	16	4	9	2	10	2	0	9	6	4	3
PF00510.21	0	0	0	0	0	0	0	0	0	0	0	0
PF01266.27	10	12	1	33	9	18	8	5	11	3	6	21
PF16901.8	0	0	0	0	0	0	0	0	0	0	0	1
PF03600.19	2	1	1	2	0	2	2	1	1	0	0	0
PF03211.16	0	0	0	0	0	0	0	0	0	0	0	0
PF07715.18	60	84	16	39	125	22	5	17	30	14	26	51
PF00593.27	53	81	11	34	108	17	4	17	25	8	22	42
PF01142.21	0	0	0	0	0	0	0	0	0	0	0	0
PF02787.22	5	23	1	2	3	25	3	6	5	11	6	10
PF02142.25	6	30	2	3	12	32	5	9	11	14	10	15
PF10091.12	1	0	1	0	0	0	0	0	0	0	2	0
PF06165.14	0	9	3	4	1	6	1	3	0	0	6	2
PF17167.7	0	9	2	5	1	6	1	3	0	0	5	3
PF01546.31	20	23	10	26	21	36	18	11	18	15	11	31
PF07687.17	18	19	8	21	16	32	14	9	14	9	5	11
PF04956.16	0	0	0	0	0	0	0	0	0	0	0	0
PF03840.17	0	2	0	2	3	6	0	1	4	3	3	5
PF00873.22	9	15	9	9	31	15	3	5	12	3	4	14
PF05134.16	0	0	0	0	0	0	0	0	0	1	0	0
PF00293.31	4	11	1	3	3	18	8	2	7	6	4	11
PF13857.9	0	1	0	0	2	2	0	0	1	1	1	2
PF12796.10	0	1	0	3	2	8	0	5	5	1	1	4
PF16957.8	0	0	0	0	0	0	0	0	0	0	0	0
PF00775.24	0	0	1	0	0	0	0	0	0	0	0	0
PF00361.23	7	14	2	1	13	3	2	1	1	1	6	6
PF07859.16	0	0	0	1	1	3	1	1	2	2	0	2
PF00730.28	0	7	0	2	1	13	0	2	4	2	0	1
PF00633.26	0	7	0	1	1	13	0	2	3	0	0	0
PF00437.23	3	1	0	4	0	5	2	0	3	5	2	9
PF14890.9	0	0	0	0	0	0	0	0	0	0	2	0
PF14528.9	0	0	0	0	0	0	0	0	0	0	1	0
PF00903.28	0	1	0	1	1	2	0	2	0	1	0	3
PF05954.14	0	0	1	0	0	4	0	0	0	0	0	1
PF04717.15	0	0	0	0	0	0	0	0	0	0	0	0
PF10106.12	0	0	0	0	0	0	0	0	0	0	0	1
PF20071.2	8638	5814	5975	4304	6678	7129	5816	4373	7686	2926	10787	8986
PF05232.15	0	0	0	0	0	0	0	0	0	0	0	0
PF00115.23	0	1	0	0	0	0	0	0	0	0	0	1
PF13411.9	6	19	1	21	7	18	12	14	13	13	9	15
PF07739.16	0	7	1	0	1	3	0	2	0	4	2	0
PF01791.12	2	7	6	1	4	12	2	5	4	1	4	6
PF01156.22	0	0	0	2	0	0	0	1	2	1	0	3
PF00239.24	144	340	96	380	262	374	244	326	252	145	165	296
PF07508.16	152	354	106	384	264	396	254	339	276	149	169	304
PF13408.9	143	339	105	376	257	380	248	329	261	148	166	309
PF14287.9	113	274	90	322	240	298	198	291	231	113	138	273
PF20188.1	0	0	1	0	0	0	0	0	0	0	0	0
PF02195.21	2	12	11	5	7	6	4	3	3	5	16	7
PF03432.17	2	3	10	6	12	2	2	1	6	5	11	8
PF13443.9	2	8	0	12	4	9	4	8	11	4	3	6
PF13154.9	0	0	2	3	5	0	0	0	3	2	2	3
PF13155.9	4	9	5	9	14	12	5	6	10	7	7	17
PF19044.3	0	0	5	3	7	1	1	0	1	0	7	2
PF02534.17	1	1	4	2	6	2	3	0	2	2	15	0
PF06970.14	0	0	3	0	0	0	0	0	0	0	5	0
PF19481.2	0	0	4	0	1	1	0	0	1	0	4	0
PF00389.33	12	37	2	17	4	27	12	10	5	14	6	10
PF02826.22	12	37	2	17	4	27	12	10	6	15	6	10
PF13610.9	3	0	7	2	4	2	2	3	1	0	15	1
PF02913.22	3	3	0	3	0	3	5	6	2	1	3	1
PF00561.23	4	6	0	1	1	6	0	4	4	3	1	4
PF00535.29	17	98	6	38	28	103	20	14	28	29	18	37
PF13018.9	0	0	0	0	0	0	0	0	0	0	0	0
PF05860.16	0	0	0	0	0	0	0	0	0	0	0	0
PF05594.17	0	0	0	0	0	0	0	0	0	0	0	0
PF13332.9	0	0	0	0	0	0	0	0	0	0	0	0
PF03543.17	0	0	0	0	0	0	0	0	0	0	0	0
PF01281.22	3	10	0	1	4	9	0	2	3	0	1	5
PF03948.17	3	10	0	1	4	9	0	2	3	0	1	5
PF00668.23	1	6	2	7	9	9	6	3	0	4	0	4
PF00501.31	13	26	7	18	18	47	19	12	16	12	5	29
PF13193.9	2	2	4	6	13	16	11	5	5	5	1	9
PF00550.28	7	13	3	5	18	14	7	9	4	8	2	20
PF00975.23	0	0	0	0	0	0	0	0	0	1	0	0
PF01807.23	4	10	5	6	9	17	5	6	8	5	9	13
PF08275.14	4	9	4	6	9	14	5	6	8	5	5	13
PF10410.12	4	9	2	6	9	14	5	6	8	5	4	13
PF02661.21	3	9	1	13	8	5	8	6	4	7	4	14
PF00756.23	3	2	0	1	0	4	1	2	1	2	3	0
PF16296.8	0	0	0	0	0	0	0	0	0	0	0	0
PF13579.9	1	0	0	1	0	0	0	0	0	0	0	0
PF13692.9	1	6	0	4	1	4	0	1	4	4	1	4
PF01979.23	12	48	7	30	15	50	6	16	23	20	12	36
PF19516.2	0	0	0	0	0	0	0	0	0	0	0	0
PF02502.21	0	3	2	2	1	4	1	1	2	3	0	1
PF13247.9	1	0	0	1	0	0	0	2	1	0	1	1
PF14711.9	0	0	0	0	0	0	0	0	0	0	0	0
PF00899.24	1	3	1	0	0	3	0	1	1	3	0	2
PF09508.13	6	81	3	8	9	63	10	16	6	13	4	21
PF17385.5	6	81	3	8	8	63	10	16	6	13	4	21
PF17386.5	6	81	3	8	8	63	10	16	6	13	4	21
PF11296.11	0	0	0	0	0	0	0	0	0	0	0	0
PF12262.11	0	0	0	0	0	0	0	0	0	0	0	0
PF03403.16	0	0	0	0	0	0	0	0	0	0	0	0
PF04748.16	0	0	0	0	0	0	0	0	0	0	0	0
PF03059.19	0	0	0	0	0	0	0	0	0	0	0	0
PF00672.28	37	252	11	123	30	338	90	97	89	61	28	101
PF13426.10	2	0	0	0	1	2	3	7	3	2	3	3
PF00989.28	1	1	0	0	1	4	2	2	5	2	3	2
PF05763.15	0	0	0	0	0	0	0	0	0	0	0	0
PF09406.13	0	0	0	0	0	0	0	0	0	0	0	0
PF14690.9	3	9	0	8	1	6	2	5	4	3	2	3
PF01610.20	4	18	1	13	2	23	9	10	6	6	3	10
PF02357.22	11	40	5	27	50	38	13	14	34	22	24	26
PF00467.32	3	37	4	20	60	40	5	4	14	11	9	28
PF05222.18	6	6	1	2	1	3	0	3	5	6	2	4
PF01262.24	6	6	1	2	2	3	0	3	5	6	2	4
PF01312.22	3	6	0	2	1	8	4	2	7	9	0	3
PF08207.15	3	28	2	13	13	20	8	8	10	11	9	12
PF01132.23	3	28	2	13	13	20	8	8	10	11	9	12
PF09285.14	3	28	2	13	13	21	8	8	10	11	9	12
PF02915.20	71	153	17	74	47	158	29	47	77	54	44	93
PF03952.19	11	21	6	11	39	11	2	6	19	12	27	28
PF00113.25	12	21	6	11	39	11	2	6	19	12	27	29
PF01391.21	0	0	0	10	10	4	0	8	4	0	0	0
PF12846.10	0	0	0	1	0	0	0	0	2	0	2	0
PF02447.19	0	0	0	0	0	0	2	6	1	1	0	2
PF11741.11	0	0	0	0	0	0	0	0	0	0	0	0
PF01520.21	4	24	1	12	9	29	3	5	6	12	4	15
PF01346.21	0	1	1	1	4	0	0	0	0	0	0	1
PF04392.15	0	1	0	0	0	0	1	1	1	0	1	2
PF01743.23	1	1	0	2	3	3	1	3	4	4	0	3
PF02367.20	0	2	0	0	0	1	2	0	0	0	0	0
PF06207.14	0	9	0	0	1	5	0	4	3	4	1	2
PF02812.21	61	135	12	131	38	85	85	65	39	30	29	54
PF00208.24	61	135	12	131	38	85	85	65	39	30	29	54
PF02597.23	0	0	0	1	0	0	1	0	0	0	0	1
PF02391.20	0	0	0	0	0	0	0	0	0	0	0	0
PF03485.19	7	7	6	0	2	2	6	3	3	3	1	6
PF00750.22	7	7	6	0	2	2	6	3	3	3	1	6
PF05746.18	7	7	6	0	2	2	6	3	3	4	1	6
PF06689.16	4	24	1	11	11	31	8	5	11	16	7	9
PF18008.4	0	0	0	0	0	0	0	0	0	0	0	0
PF04394.17	0	0	0	0	0	0	0	0	0	0	0	0
PF00861.25	11	53	0	40	40	67	14	8	27	25	4	38
PF01384.23	0	0	0	0	0	0	0	0	0	0	0	0
PF06834.14	0	0	0	0	0	0	0	0	0	0	0	0
PF00625.24	1	1	1	3	2	7	1	2	4	4	1	5
PF01293.23	148	345	17	225	163	354	109	146	162	167	66	225
PF03734.17	4	5	0	9	3	22	7	4	8	9	4	23
PF02670.19	0	9	0	0	2	7	1	2	4	0	0	2
PF08436.15	0	9	0	0	2	7	1	2	4	0	0	2
PF13288.9	0	9	0	0	2	7	1	2	4	0	0	2
PF08503.13	0	0	0	0	0	0	0	0	1	0	1	0
PF14602.9	1	5	0	1	4	5	1	3	1	1	1	3
PF14493.9	0	0	1	0	1	0	0	0	0	0	0	0
PF12323.11	0	0	0	1	1	0	0	0	0	1	0	0
PF01385.22	0	0	0	1	0	2	0	0	1	0	1	0
PF07282.14	1	4	0	5	6	8	3	2	7	8	1	5
PF13565.9	0	31	1	6	0	32	3	8	0	0	0	1
PF13439.9	3	29	6	5	8	29	2	2	7	7	4	3
PF00534.23	17	100	6	32	20	104	18	22	26	34	28	47
PF13156.9	0	0	0	0	0	0	0	0	0	0	0	0
PF02384.19	6	33	6	17	7	25	7	13	13	14	10	18
PF18135.4	0	0	0	0	0	1	0	1	0	0	0	2
PF13403.9	0	0	0	0	0	0	0	0	0	0	1	0
PF19514.2	0	0	0	1	0	0	1	0	0	0	0	0
PF01784.21	2	5	0	2	1	8	0	0	1	0	0	2
PF16575.8	0	0	0	0	0	0	0	0	0	0	0	0
PF01012.24	94	222	8	191	79	260	90	126	107	99	40	154
PF00766.22	70	150	6	135	39	156	49	79	71	68	34	110
PF00459.28	0	1	0	0	1	0	0	0	1	0	0	0
PF03167.22	0	8	0	2	1	8	0	1	4	2	1	8
PF00251.23	1	10	2	2	2	17	2	3	11	6	11	5
PF00834.22	0	8	0	0	0	6	2	3	1	0	0	1
PF06390.15	0	0	0	0	0	0	0	0	0	0	0	0
PF18269.4	10	20	0	15	8	20	8	5	14	11	3	11
PF04860.15	0	0	0	0	1	0	0	0	0	0	0	0
PF04650.20	1	1	0	0	4	0	0	1	3	1	4	10
PF17965.4	0	5	31	0	25	0	0	7	27	0	54	49
PF17966.4	0	9	33	0	28	0	0	12	36	4	56	70
PF00746.24	6	10	4	21	9	45	5	8	52	39	25	56
PF07554.16	97	348	2	187	42	159	45	107	297	105	114	220
PF07564.14	0	0	0	0	35	24	0	0	0	0	0	3
PF01468.20	0	0	0	0	2	3	0	0	0	0	0	1
PF20585.1	0	0	0	0	1	0	0	0	0	0	0	0
PF18957.3	0	1	0	0	1	0	0	1	1	3	7	10
PF08428.13	0	3	0	0	9	0	0	7	3	10	22	31
PF01719.20	0	0	0	0	0	0	0	0	0	0	0	0
PF00910.25	0	0	0	0	0	0	0	0	0	0	0	0
PF13102.9	1	4	4	6	8	5	1	3	10	6	6	7
PF00027.32	1	19	0	5	2	24	4	6	5	1	1	6
PF00578.24	3	7	0	2	13	3	2	1	4	4	2	2
PF00253.24	6	19	0	13	10	27	5	6	12	9	1	18
PF18076.4	0	0	1	0	12	0	0	0	0	0	0	0
PF12557.11	0	0	0	0	0	0	0	0	0	0	0	0
PF02572.18	1	7	0	1	0	5	1	0	0	0	0	4
PF04313.17	7	19	2	10	6	16	9	10	7	8	2	15
PF18766.4	7	20	1	10	6	14	8	8	7	8	2	13
PF11867.11	0	3	0	1	0	4	5	3	4	5	0	2
PF13491.9	1	13	4	4	1	5	2	2	3	3	0	4
PF17854.4	1	13	4	4	2	5	2	3	4	5	3	7
PF01580.21	1	23	6	10	2	9	2	3	5	11	5	11
PF09397.13	1	13	4	4	2	5	2	3	4	5	3	7
PF13631.9	0	0	0	0	0	0	0	0	0	0	0	0
PF05223.14	0	5	0	0	0	12	1	0	0	1	0	0
PF00892.23	9	6	4	25	5	16	12	0	3	8	1	7
PF00353.22	0	0	0	0	0	0	0	0	0	0	0	0
PF01850.24	5	7	1	6	2	9	4	2	0	1	2	3
PF00148.22	0	0	0	0	0	0	0	0	0	0	0	0
PF08369.13	0	0	0	0	0	0	0	0	0	0	0	0
PF13435.9	0	0	0	0	0	0	0	0	0	0	0	0
PF13447.9	0	0	0	0	0	0	0	0	0	0	0	0
PF01957.21	0	13	3	9	4	9	5	4	1	9	1	4
PF13187.9	11	13	1	23	7	16	9	8	16	5	5	18
PF02662.19	3	4	0	2	4	4	4	1	2	3	1	4
PF01584.22	46	233	4	72	28	244	48	81	51	51	33	108
PF17293.5	0	0	1	1	4	0	0	0	0	0	2	0
PF09820.12	8	18	1	40	13	15	26	19	19	15	4	38
PF08011.14	7	15	1	37	13	15	22	15	17	14	3	38
PF13676.9	2	3	1	1	4	2	1	1	0	0	2	1
PF13310.9	0	7	0	4	6	5	0	5	5	6	1	5
PF13472.9	4	18	2	7	11	14	2	5	15	10	2	13
PF02706.18	3	2	0	0	4	1	1	0	2	2	1	1
PF13807.9	6	4	0	1	0	2	0	1	2	0	2	2
PF13614.9	15	13	3	10	4	14	7	9	6	5	6	10
PF13715.9	57	83	16	38	120	21	6	18	31	15	23	52
PF06305.14	0	0	0	0	0	0	0	0	0	0	0	0
PF07219.16	0	0	0	0	0	0	0	0	0	0	0	0
PF14559.9	1	12	0	3	3	24	7	2	20	6	9	7
PF13432.9	18	22	7	17	11	14	5	11	13	7	4	12
PF01713.24	1	7	2	8	10	12	3	2	4	7	0	2
PF02743.21	9	72	2	19	6	91	18	29	13	13	4	16
PF13675.9	0	0	0	0	0	0	0	0	0	0	0	0
PF01636.26	6	53	2	5	11	44	6	9	7	8	2	11
PF13524.9	0	0	0	1	0	5	0	1	1	4	1	2
PF05050.15	0	0	0	0	1	0	0	0	1	0	0	0
PF05067.15	0	4	0	4	1	8	2	1	3	2	1	0
PF13679.9	0	2	0	0	0	9	0	0	0	2	1	1
PF08298.14	0	0	0	0	0	1	0	0	0	1	0	1
PF06798.15	0	0	0	0	0	1	0	0	0	1	0	1
PF02254.21	11	17	0	7	8	24	5	6	10	6	0	6
PF13549.9	0	0	0	0	0	0	0	0	0	0	0	0
PF01555.21	0	4	6	1	2	4	0	1	2	0	1	4
PF18755.4	0	0	0	0	0	0	0	0	0	0	0	0
PF02515.20	1	0	0	1	0	0	0	1	0	0	0	1
PF00482.26	4	2	0	1	2	6	6	2	5	4	2	6
PF16586.8	1	0	0	0	0	0	0	0	0	0	0	0
PF12904.10	1	0	0	0	0	0	0	0	0	0	0	1
PF16886.8	20	25	8	76	30	61	44	24	30	44	12	41
PF00731.23	2	3	0	1	0	1	1	2	1	2	2	1
PF01909.26	2	7	0	5	0	3	2	0	1	0	0	4
PF20129.2	0	0	0	0	0	0	0	0	0	0	0	0
PF02699.18	4	28	0	1	2	7	2	3	4	6	3	7
PF02618.19	3	4	16	2	3	10	0	1	17	3	49	15
PF07883.14	0	13	2	6	0	7	3	2	4	3	4	2
PF02129.21	0	2	0	0	3	2	2	1	14	2	2	3
PF08530.13	0	2	0	0	3	2	2	1	14	2	2	3
PF16640.8	0	0	1	0	0	0	1	2	1	0	0	0
PF13185.9	0	0	0	0	0	1	0	0	1	0	0	1
PF00990.24	13	74	6	21	13	79	17	28	25	14	7	35
PF01121.23	1	1	0	1	1	4	1	0	1	1	1	12
PF13414.9	0	13	3	0	13	17	0	0	0	2	0	2
PF13181.9	9	22	1	16	12	26	7	9	14	6	5	12
PF00515.31	0	1	0	1	0	1	0	0	0	2	1	2
PF00685.30	0	0	0	0	0	0	0	0	0	0	0	0
PF00308.21	1	10	0	8	2	9	2	3	4	0	0	2
PF08299.14	1	10	0	8	2	9	2	3	4	0	0	2
PF03838.17	0	0	0	0	0	1	0	0	0	0	1	2
PF07261.14	2	4	0	6	0	7	2	4	2	10	2	9
PF05025.16	4	11	0	2	1	9	1	2	0	1	2	4
PF01820.24	2	8	3	5	5	5	2	2	3	0	0	3
PF07478.16	2	9	3	6	4	6	3	2	3	0	0	3
PF00311.20	0	0	0	0	0	0	0	0	0	0	0	0
PF02092.20	0	0	0	0	0	0	0	0	0	1	0	0
PF01165.23	22	53	4	60	29	57	24	30	40	37	13	50
PF07702.16	0	6	0	2	2	7	1	1	3	2	6	6
PF00908.20	0	1	0	0	3	2	0	2	0	0	0	3
PF13450.9	3	16	2	6	0	14	7	2	3	2	0	2
PF03275.16	3	14	1	2	0	12	3	1	2	2	0	2
PF01451.24	1	4	1	4	1	2	1	2	0	1	1	4
PF00312.25	0	18	0	7	9	18	9	6	9	4	2	13
PF01649.21	1	6	0	9	3	10	2	4	1	7	2	9
PF03602.18	0	2	0	0	0	5	0	0	1	0	0	3
PF14490.9	0	27	1	3	1	27	3	6	2	3	0	2
PF13604.9	0	27	1	4	5	28	3	6	2	3	0	2
PF18335.4	0	27	1	3	1	27	3	6	2	3	0	2
PF13538.9	0	27	1	3	5	28	3	6	4	4	1	2
PF17774.4	1	1	0	2	0	2	0	2	0	1	0	0
PF02325.20	0	0	0	0	0	0	0	0	0	0	0	0
PF04472.15	1	12	0	5	1	6	0	2	2	1	3	3
PF02491.23	1	0	1	0	4	0	0	0	1	0	0	1
PF14450.9	4	6	2	1	4	9	5	6	4	4	1	15
PF01795.22	7	25	0	5	4	16	3	12	18	14	11	15
PF02381.21	8	18	6	14	4	22	16	8	20	12	22	20
PF04085.17	0	7	0	4	1	6	1	1	4	4	2	3
PF06723.16	5	29	1	14	5	39	5	11	8	11	5	5
PF06160.15	0	2	0	0	1	0	0	0	2	0	3	3
PF01809.21	0	2	0	1	0	1	0	0	0	0	0	0
PF02823.19	2	11	0	2	3	9	1	2	3	2	3	7
PF00401.23	2	9	0	2	2	10	1	2	2	2	3	7
PF00231.22	11	52	1	23	12	53	19	24	25	18	5	27
PF00430.21	9	31	0	9	10	30	5	9	9	5	8	11
PF00137.24	12	19	4	37	4	23	16	21	12	17	7	19
PF13630.9	4	3	0	10	5	2	3	3	4	3	0	2
PF07963.15	0	0	0	0	0	0	0	0	1	0	0	0
PF02878.19	19	116	7	36	33	92	20	32	36	21	43	59
PF02879.19	19	116	7	36	32	92	20	32	36	21	43	59
PF02880.19	19	116	7	36	32	92	20	32	36	21	43	59
PF00408.23	17	52	7	32	30	48	16	22	32	12	43	42
PF19293.2	6	6	1	3	1	11	4	1	3	1	5	6
PF02457.19	6	6	1	3	1	11	4	1	3	1	5	6
PF12974.10	0	0	0	1	0	0	0	2	0	1	0	2
PF01515.22	16	43	3	17	10	47	8	10	13	11	7	18
PF00121.21	30	114	2	36	22	121	30	42	37	33	18	49
PF00044.27	246	605	15	517	277	645	231	290	245	277	107	310
PF02800.23	246	606	15	522	279	652	232	292	247	277	108	312
PF04198.16	0	0	0	0	0	0	0	0	0	0	0	1
PF00574.26	2	9	1	8	7	13	2	6	7	4	3	5
PF10298.12	5	20	0	6	2	18	1	6	4	4	6	3
PF14527.9	5	20	0	6	2	18	1	6	4	4	6	3
PF02650.17	5	20	0	6	2	18	1	6	4	4	6	3
PF01933.21	0	0	1	0	0	1	0	0	0	0	0	0
PF03668.18	0	6	2	2	3	8	1	1	2	0	2	1
PF03729.16	1	4	2	0	3	0	0	0	0	0	0	4
PF02482.22	17	61	8	36	12	43	30	25	19	19	16	27
PF16321.8	14	57	4	34	6	41	30	25	18	19	16	26
PF06619.14	0	0	0	0	0	0	0	0	0	0	0	0
PF03829.16	0	0	0	0	0	0	0	0	0	0	0	0
PF13743.9	0	0	0	0	0	0	0	0	0	0	0	0
PF05389.15	1	15	0	9	8	22	3	6	1	2	2	14
PF00381.22	14	113	0	20	10	92	15	22	16	8	7	19
PF08860.13	0	0	0	0	1	0	0	0	0	0	0	0
PF06014.14	0	0	0	0	0	0	0	0	0	0	0	0
PF01638.20	1	6	0	6	2	9	4	3	3	4	2	3
PF00453.21	1	12	0	10	5	10	3	6	7	5	1	13
PF01632.22	3	11	0	7	8	17	2	4	5	3	3	6
PF05198.19	2	2	2	4	11	5	2	2	8	8	2	15
PF00707.25	2	2	2	4	11	5	2	2	8	8	2	15
PF14794.9	0	0	0	0	0	0	0	0	0	0	0	0
PF01230.26	1	8	1	2	4	4	0	3	2	1	1	1
PF12732.10	0	0	0	0	1	0	0	0	0	0	0	0
PF13616.9	4	4	0	0	1	0	0	1	2	0	2	4
PF13514.9	0	0	0	0	1	0	0	2	1	0	1	0
PF06133.14	0	0	0	0	0	2	0	0	0	0	0	0
PF03217.17	0	0	0	0	0	0	0	0	0	0	0	0
PF00294.27	15	55	5	18	10	48	16	9	31	22	21	37
PF00781.27	0	6	0	2	0	5	3	1	2	1	2	4
PF19279.2	0	6	0	2	0	3	3	1	2	1	1	2
PF07537.14	0	0	0	0	1	0	0	0	1	0	0	0
PF01653.21	0	6	1	4	1	12	4	4	4	3	3	8
PF03120.19	0	6	1	4	1	12	4	4	3	3	3	8
PF03119.19	0	1	1	3	1	2	3	1	2	3	3	6
PF12826.10	1	10	1	4	1	14	4	4	4	4	4	12
PF00533.29	0	6	1	4	1	12	4	4	3	3	3	8
PF11148.11	0	0	0	0	0	0	0	0	0	0	0	0
PF03176.18	0	0	0	0	4	0	0	0	2	0	2	4
PF13416.9	180	773	11	243	227	729	67	180	157	232	58	187
PF13245.9	1	4	0	2	0	5	1	1	6	2	1	0
PF04131.17	2	14	0	3	2	26	3	5	2	2	2	7
PF03372.26	4	2	1	1	5	4	2	1	2	2	3	4
PF13425.9	0	0	0	0	0	0	0	0	0	0	0	0
PF07972.14	0	0	0	0	0	0	0	0	0	0	0	0
PF00950.20	0	1	0	0	0	0	0	0	1	1	0	1
PF04138.17	1	0	1	0	0	2	2	1	0	1	0	1
PF02527.18	0	2	1	0	0	1	0	0	0	0	1	1
PF02674.19	0	0	1	1	0	4	0	0	3	0	0	0
PF03358.18	2	3	0	4	2	9	3	3	8	3	2	4
PF03123.18	1	0	0	4	0	7	1	1	1	0	0	4
PF00874.23	6	12	0	16	0	20	3	4	9	4	4	28
PF08244.15	1	10	2	2	2	17	2	3	10	6	11	4
PF07685.17	4	1	1	3	4	5	0	0	1	2	1	6
PF06115.14	0	1	0	0	0	0	0	0	1	0	2	0
PF04914.15	0	0	0	1	0	0	0	0	0	0	0	0
PF03062.22	1	8	1	2	6	12	1	0	2	3	2	7
PF01470.20	0	1	0	1	1	2	0	1	2	3	0	0
PF02322.18	0	0	0	0	0	0	0	0	0	0	0	0
PF01040.21	0	0	0	0	0	0	0	0	1	0	0	1
PF03051.18	10	22	2	6	17	4	1	1	3	0	2	11
PF00860.23	2	10	0	9	0	10	9	4	3	5	4	8
PF01276.23	1	11	0	1	1	11	1	0	2	1	1	1
PF03711.18	1	11	0	1	1	11	1	0	2	1	1	1
PF00011.24	0	0	0	2	0	0	0	1	0	2	0	4
PF02096.23	1	7	0	7	2	11	5	11	4	10	2	6
PF00825.21	0	5	0	2	0	7	0	1	0	3	0	2
PF00468.20	2	4	0	3	5	6	2	0	1	2	0	2
PF02255.19	0	5	0	1	1	4	0	1	4	2	37	15
PF00383.26	4	13	0	5	2	7	2	7	3	1	0	6
PF00398.23	3	2	0	1	2	4	0	3	1	4	4	4
PF06257.14	0	1	0	2	0	3	0	0	0	1	0	3
PF12804.10	5	7	0	16	5	1	7	1	4	5	1	3
PF03636.18	3	1	1	0	1	14	0	1	3	3	8	6
PF03632.18	3	1	1	0	1	14	0	1	3	3	8	6
PF03633.18	3	1	1	0	1	14	0	1	3	3	8	6
PF13419.9	53	311	1	67	53	311	8	62	50	45	15	46
PF19276.2	0	0	0	0	0	1	0	0	0	0	0	0
PF05066.16	0	0	0	0	0	0	0	0	0	1	0	1
PF00275.23	6	25	1	7	8	22	5	3	9	8	3	6
PF03547.21	4	0	2	2	0	0	0	2	0	2	4	0
PF01197.21	2	9	0	9	11	13	4	9	13	8	7	11
PF01648.23	0	1	0	1	0	1	0	1	0	2	2	1
PF01168.23	1	4	0	3	3	9	0	2	7	2	7	4
PF00842.24	0	3	0	2	3	4	0	1	1	2	5	3
PF04977.18	0	1	0	2	2	5	0	0	2	2	1	0
PF01430.22	0	2	0	1	0	3	2	0	2	3	0	0
PF01207.20	0	5	1	1	3	7	0	0	2	2	3	1
PF00164.28	8	30	1	29	26	57	12	23	17	34	10	39
PF00177.24	9	44	2	51	21	94	21	21	37	43	15	57
PF00338.25	3	14	0	17	11	32	5	11	7	12	2	11
PF00297.25	11	35	1	27	28	61	13	13	30	29	8	45
PF00276.23	4	13	1	16	7	25	5	6	4	10	1	23
PF00181.26	7	30	2	27	43	85	11	19	27	34	8	40
PF03947.21	7	30	2	27	43	85	11	19	27	34	8	40
PF00252.21	10	19	0	46	29	58	11	15	18	28	6	38
PF00831.26	4	16	0	18	18	39	7	9	15	13	6	25
PF00366.23	5	35	0	22	30	33	1	10	11	21	2	17
PF00238.22	19	61	2	39	39	65	8	12	33	34	6	38
PF17136.7	3	35	1	18	29	35	4	4	12	9	7	26
PF00281.22	18	82	2	59	37	84	11	19	19	27	9	45
PF00673.24	18	82	2	59	37	84	11	19	19	27	9	45
PF00410.22	2	34	0	17	23	43	9	13	9	15	0	18
PF00333.23	12	41	4	26	23	63	5	16	15	24	9	40
PF03719.18	12	41	4	26	23	63	5	16	15	24	9	40
PF00327.23	1	15	0	7	6	14	9	4	3	8	2	7
PF05532.15	1	0	0	0	3	1	1	0	0	1	3	3
PF00344.23	9	49	2	38	31	56	10	18	25	17	6	39
PF00444.21	0	0	0	1	0	3	1	3	1	3	0	2
PF00416.25	6	14	2	17	28	37	10	11	24	27	9	41
PF00572.21	3	13	2	15	15	24	4	9	7	15	10	22
PF00380.22	1	13	0	7	11	25	3	3	6	13	5	8
PF01965.27	1	5	3	2	4	9	2	1	0	2	1	3
PF13671.9	2	1	0	0	1	1	0	0	0	0	2	3
PF00749.24	10	40	3	18	15	58	9	7	13	10	4	19
PF19269.2	5	16	2	6	5	27	3	2	7	4	1	7
PF03946.17	8	20	1	30	18	51	15	15	18	17	7	26
PF00298.22	8	20	1	30	18	51	14	15	18	17	7	26
PF00466.23	10	22	1	19	19	60	2	11	10	15	11	32
PF16320.8	18	47	9	21	32	81	18	15	30	34	8	58
PF00542.22	18	48	9	21	32	82	18	15	30	34	8	58
PF02575.19	0	3	0	2	0	6	0	0	1	1	0	0
PF02132.18	2	5	0	1	2	16	1	1	0	1	0	2
PF13662.9	2	5	0	1	2	18	1	1	1	1	0	2
PF06153.14	0	0	0	0	0	0	1	1	1	0	0	0
PF00814.28	2	11	1	5	2	9	3	5	2	1	0	4
PF00709.24	1	3	1	3	6	4	1	3	3	9	4	7
PF00166.24	3	5	1	7	3	16	1	4	7	10	3	12
PF05496.15	3	4	1	5	3	4	3	2	3	3	3	6
PF17864.4	0	2	1	3	1	2	0	1	1	0	2	2
PF05491.16	0	2	1	3	1	2	0	1	1	0	2	2
PF06135.15	0	1	0	1	1	5	3	2	0	2	2	5
PF06949.14	1	5	2	4	0	8	0	0	7	3	3	4
PF20297.1	1	7	2	8	7	12	3	2	4	7	0	2
PF01177.25	1	1	1	1	3	4	0	1	0	1	2	0
PF01725.19	0	9	0	2	3	7	1	1	1	0	1	2
PF06103.14	0	0	0	1	1	0	0	0	0	0	0	1
PF03009.20	6	14	0	9	1	12	4	7	10	4	0	2
PF00438.23	6	12	0	7	4	15	2	2	5	8	4	4
PF02772.19	6	12	0	7	4	15	2	2	5	8	4	4
PF02773.19	6	12	0	7	4	15	2	2	5	8	4	4
PF03352.16	1	9	0	1	1	6	0	0	0	1	0	0
PF01569.24	0	1	0	2	0	4	3	1	2	1	0	4
PF01895.22	2	32	8	12	13	36	4	6	10	4	6	16
PF00210.27	1	0	0	1	2	0	0	0	1	1	1	1
PF09364.13	0	2	0	2	4	0	2	0	1	2	6	9
PF03894.18	0	2	0	2	4	0	2	0	1	2	6	9
PF09363.13	0	2	0	2	4	0	2	0	1	2	6	9
PF00258.28	8	8	0	7	7	9	8	8	12	2	13	13
PF09168.13	0	0	0	0	0	0	0	0	0	0	0	0
PF01250.20	3	30	5	27	30	53	9	14	14	8	7	18
PF10035.12	3	8	0	2	3	5	5	4	6	4	2	1
PF00829.24	0	15	0	11	18	23	3	4	5	11	1	19
PF01016.22	10	28	2	41	28	43	5	12	17	16	16	24
PF02463.22	13	31	4	13	12	44	9	7	13	7	11	17
PF01192.25	4	4	0	1	0	1	2	2	4	1	0	4
PF00830.22	2	6	0	5	6	14	4	9	7	7	3	7
PF13684.9	13	31	0	13	5	34	7	6	12	14	7	13
PF06470.16	4	15	3	4	3	24	6	2	6	1	3	11
PF04297.17	0	2	0	0	0	0	0	0	0	0	0	2
PF00886.22	10	15	19	9	19	24	3	9	16	12	13	19
PF10502.12	1	4	2	4	5	10	2	5	10	4	11	9
PF01726.19	0	8	0	6	1	14	0	3	1	1	0	6
PF00717.26	0	8	2	6	1	15	0	4	1	1	0	6
PF03672.16	0	0	0	0	0	0	0	0	0	0	0	1
PF13641.9	0	0	0	1	2	1	0	0	0	0	0	0
PF01255.22	1	9	0	6	1	3	0	1	1	3	0	1
PF01148.23	0	2	0	0	1	2	0	1	0	0	0	0
PF02576.20	0	1	2	0	7	2	0	1	0	0	0	2
PF17384.5	0	1	0	0	0	2	0	1	0	0	0	2
PF08529.14	2	12	3	3	12	8	3	3	5	5	6	5
PF13184.9	2	12	3	3	12	8	3	3	5	5	6	5
PF02033.21	0	3	1	3	0	6	1	0	2	0	0	0
PF00436.28	2	37	2	7	5	44	9	8	10	4	1	16
PF12917.10	0	1	0	0	0	0	0	0	0	0	0	0
PF01628.24	1	4	2	1	1	4	0	2	1	0	4	3
PF06421.15	3	5	5	3	7	6	7	4	10	7	7	7
PF04343.16	0	0	0	0	0	0	0	0	0	0	0	0
PF00365.23	30	82	2	38	24	114	27	24	28	38	28	62
PF14714.9	2	1	4	4	3	5	3	4	5	2	2	5
PF13174.9	6	14	0	4	4	14	3	1	10	3	8	8
PF03572.21	8	14	3	8	24	18	1	2	9	4	4	9
PF01471.21	4	7	0	8	0	9	0	5	2	2	0	0
PF02481.18	1	0	0	0	3	1	0	1	1	0	0	0
PF01084.23	3	10	0	16	12	20	7	7	6	7	1	9
PF13396.9	0	19	0	2	3	15	1	0	1	1	1	5
PF13091.9	0	43	0	10	11	34	6	2	4	2	3	10
PF02899.20	4	4	4	7	3	8	10	6	0	3	4	10
PF00227.29	0	0	0	0	0	0	0	0	0	0	0	0
PF05525.16	0	1	0	0	0	0	0	0	0	0	0	0
PF00160.24	0	1	0	3	5	6	2	0	6	1	3	1
PF02386.19	0	8	0	6	2	9	2	5	3	3	3	5
PF00082.25	36	31	4	16	15	15	7	8	31	11	25	28
PF02225.25	0	0	0	0	0	0	1	0	0	0	1	0
PF06280.15	1	3	3	0	0	0	1	0	0	0	1	0
PF09136.13	0	0	2	0	0	0	1	0	0	0	1	0
PF00988.25	0	0	0	0	5	1	0	0	2	1	0	1
PF03441.17	0	0	0	0	0	0	0	0	0	0	1	0
PF00395.23	12	26	8	56	19	55	64	87	25	18	34	9
PF05345.15	0	0	0	0	0	0	0	0	0	0	0	0
PF02634.18	0	0	0	0	0	0	0	0	0	0	0	0
PF12627.10	1	1	0	2	3	3	1	3	3	4	0	3
PF12626.10	0	0	0	0	0	0	0	0	0	0	0	0
PF12146.11	3	6	2	6	4	16	1	2	4	2	7	6
PF04832.15	0	0	0	0	0	0	0	0	0	0	0	0
PF06745.16	0	0	0	0	0	0	0	0	0	0	0	0
PF13086.9	1	2	4	0	2	0	2	2	1	1	1	5
PF13087.9	1	2	4	1	2	1	2	2	1	1	1	5
PF01593.27	1	7	0	3	0	9	0	1	0	1	0	0
PF00355.29	0	0	0	0	0	1	0	0	0	0	2	0
PF00848.22	0	0	0	0	0	0	0	0	0	0	0	0
PF02867.18	2	5	0	1	1	0	0	1	1	0	2	2
PF03401.17	0	0	0	0	0	0	0	0	0	2	0	0
PF18014.4	0	0	0	0	0	0	0	0	0	0	0	0
PF00669.23	714	1270	127	2196	839	1963	716	1159	1073	731	372	1354
PF00700.24	708	1088	126	2363	900	1896	782	1228	1098	743	375	1412
PF00682.22	38	112	14	61	21	153	42	41	61	56	29	71
PF02436.21	36	102	14	57	20	132	40	37	54	47	24	68
PF01973.21	0	0	0	0	0	9	3	3	5	1	0	20
PF01073.22	0	0	0	0	0	0	0	0	0	0	0	0
PF02784.19	0	2	1	3	2	7	1	0	0	0	3	6
PF00278.25	0	1	1	3	3	8	1	0	0	0	3	4
PF05378.16	0	4	0	0	0	13	5	0	0	0	0	0
PF01968.21	0	4	0	0	0	13	5	0	0	0	0	0
PF03703.17	1	1	0	1	0	1	0	1	0	0	0	1
PF13519.9	1	0	0	3	0	0	0	0	0	0	1	5
PF08191.14	0	0	0	0	0	0	0	0	0	0	0	0
PF13585.9	0	0	0	0	0	0	0	0	0	0	0	0
PF11638.11	1	10	0	6	2	8	1	3	2	0	0	1
PF20434.1	2	0	0	1	0	2	0	0	2	1	1	2
PF19890.2	1	6	0	0	0	7	1	0	0	2	3	0
PF08543.15	0	2	0	0	0	2	0	1	4	3	4	4
PF02581.20	0	2	2	0	1	0	0	2	0	0	1	0
PF16338.8	3	21	0	1	5	1	1	2	2	0	1	1
PF13802.9	3	3	3	1	5	2	0	2	1	4	1	5
PF01055.29	75	92	3	86	10	129	8	53	174	61	46	133
PF17137.7	9	23	3	2	9	1	3	2	5	2	3	3
PF12182.11	0	0	0	0	0	0	0	0	0	0	0	0
PF02872.21	0	1	2	2	1	14	1	3	1	1	1	4
PF13476.9	2	10	2	5	2	7	5	4	6	3	1	12
PF13558.9	4	20	2	5	8	14	4	6	5	4	2	10
PF01773.23	0	0	0	0	0	0	0	0	0	0	1	2
PF07662.16	0	0	0	0	0	0	0	0	0	0	1	2
PF02574.19	3	8	1	4	2	6	2	3	0	3	3	6
PF02737.21	37	96	0	57	21	86	21	32	38	39	13	101
PF00725.25	37	96	0	57	21	86	21	32	38	39	13	101
PF00370.24	32	71	7	49	14	109	41	46	63	48	23	102
PF02782.19	32	71	7	49	14	108	41	46	63	48	23	102
PF13192.9	1	1	0	1	0	1	0	1	0	0	0	0
PF10417.12	0	0	0	0	1	1	1	0	0	0	0	0
PF02449.18	4	7	0	9	0	6	6	7	2	2	0	2
PF08532.13	4	7	0	9	0	6	6	7	2	2	0	2
PF08533.13	4	6	0	7	0	4	6	5	2	2	0	1
PF17762.4	2	6	2	4	0	5	2	3	2	4	1	3
PF06570.14	0	0	0	0	0	0	0	0	0	0	0	0
PF01676.21	13	39	3	19	17	68	13	17	42	23	19	37
PF02885.20	0	1	1	2	0	1	0	1	5	5	4	2
PF00591.24	0	1	1	2	0	1	0	1	5	5	4	2
PF07831.16	0	1	1	2	0	1	0	1	5	5	3	2
PF01782.21	1	1	0	0	1	1	0	0	0	0	0	0
PF05239.19	1	1	0	0	0	2	0	1	0	0	0	1
PF13083.9	7	11	1	6	1	16	7	7	11	9	4	16
PF01715.20	0	1	0	1	2	1	0	0	0	2	0	7
PF11240.11	0	0	0	0	0	0	0	0	0	0	0	0
PF01812.23	0	0	0	0	0	1	0	1	0	0	0	2
PF00485.21	4	7	1	8	4	14	3	6	6	6	3	8
PF05437.15	0	1	0	0	0	2	0	0	0	0	0	0
PF01783.26	1	6	0	9	4	7	3	3	2	3	0	9
PF02620.20	5	16	2	18	5	41	4	7	15	14	6	22
PF01149.27	0	0	0	0	0	0	0	0	0	0	0	1
PF06831.17	0	0	0	0	0	0	0	0	0	0	0	1
PF00085.23	10	16	1	19	14	31	26	17	12	12	6	21
PF03413.22	0	14	0	0	0	13	2	5	0	8	5	10
PF00809.25	6	8	2	8	4	6	7	19	2	2	5	7
PF04266.17	0	0	0	0	0	0	0	0	0	0	0	1
PF01475.22	0	15	1	5	6	9	3	3	3	2	0	10
PF02353.23	0	0	0	0	0	0	0	0	0	0	0	0
PF01268.22	7	15	2	47	16	24	24	43	17	16	10	28
PF02222.25	1	2	2	1	1	0	0	0	0	0	2	0
PF17769.4	0	0	0	0	0	0	0	0	0	0	0	0
PF02350.22	1	4	0	0	4	0	1	1	2	4	2	1
PF04262.17	2	1	0	0	0	1	2	0	0	0	0	2
PF00909.24	0	1	0	0	0	0	0	2	0	0	0	1
PF01416.23	0	8	0	0	2	16	2	0	0	0	0	0
PF01808.21	5	8	0	7	4	8	3	1	6	10	3	9
PF03976.17	4	14	0	8	6	22	4	8	6	6	4	18
PF00203.24	4	26	0	22	17	42	5	8	15	11	2	26
PF06750.16	0	0	0	0	0	0	0	0	0	0	1	1
PF05848.14	0	0	0	0	0	0	0	0	0	0	0	0
PF17727.4	0	0	0	0	0	0	0	0	0	0	0	0
PF00313.25	22	82	3	51	25	69	17	26	52	39	24	63
PF01988.22	0	0	0	0	0	0	0	0	1	0	0	0
PF00939.22	0	0	0	0	0	0	0	0	0	0	0	0
PF07929.14	2	2	0	1	2	0	1	0	0	1	2	4
PF01270.20	0	0	0	0	0	0	0	0	1	1	0	0
PF02133.18	7	2	0	8	4	2	1	1	3	2	1	3
PF04260.15	0	0	0	0	0	0	0	0	0	0	0	0
PF02540.20	4	21	0	11	8	23	6	10	20	10	10	15
PF00958.25	2	17	1	6	4	17	4	7	11	6	9	9
PF12698.10	6	4	1	4	5	3	3	3	3	10	4	4
PF08402.13	10	14	15	44	15	38	32	48	25	16	15	45
PF03611.17	1	1	0	8	1	2	11	12	4	3	0	9
PF03099.22	4	3	0	2	2	3	1	0	2	4	3	3
PF10437.12	0	1	0	0	1	0	0	0	0	1	1	0
PF00173.31	0	0	0	0	0	0	0	0	0	0	0	3
PF01545.24	1	0	0	1	0	2	0	0	0	0	2	0
PF16916.8	0	0	0	1	0	2	0	0	0	0	1	0
PF13412.9	3	15	0	9	4	13	8	3	2	7	1	6
PF01037.24	0	3	0	0	4	3	0	2	2	1	0	1
PF00375.21	3	3	0	18	5	8	6	2	4	5	2	3
PF01087.25	4	29	2	4	2	27	3	9	3	4	1	10
PF02744.20	4	29	2	4	2	27	3	9	3	4	1	10
PF13350.9	0	0	0	0	0	0	0	0	0	0	1	0
PF04204.19	1	3	0	0	1	4	1	0	3	1	1	1
PF12784.10	40	55	4	43	9	46	41	53	37	17	15	39
PF03606.18	0	2	0	2	0	2	3	5	1	4	2	4
PF03853.18	1	2	2	0	0	5	0	0	0	3	2	1
PF19258.2	0	0	4	1	1	0	0	0	0	0	7	0
PF01022.23	0	2	0	0	0	1	2	2	0	0	0	4
PF12822.10	2	42	0	7	3	30	2	5	1	1	1	1
PF03590.18	0	2	0	1	1	2	1	1	0	0	1	4
PF01641.21	0	0	2	0	0	0	0	0	1	0	0	0
PF07969.14	0	0	0	1	0	1	0	0	2	2	0	0
PF00334.22	0	2	0	1	0	0	0	0	0	1	0	0
PF02541.19	0	3	0	0	0	6	1	2	0	1	0	3
PF02146.20	2	5	1	5	0	3	6	0	2	4	0	4
PF01904.21	0	0	0	0	0	0	0	0	0	0	0	0
PF06028.14	0	0	0	0	0	0	0	0	0	0	0	0
PF04203.16	3	44	2	14	4	57	10	11	18	17	8	35
PF04011.15	0	0	0	0	1	0	0	0	0	1	0	0
PF01435.21	0	0	1	1	0	0	0	0	0	0	1	2
PF04960.18	1	1	0	1	0	0	0	0	0	1	1	0
PF01171.23	1	3	1	0	0	5	3	3	3	1	2	4
PF09179.14	0	0	0	0	0	0	0	0	0	0	1	0
PF02837.21	43	90	6	60	15	101	24	41	127	35	49	87
PF00703.24	41	85	5	60	14	101	24	41	128	34	49	88
PF02836.20	44	97	6	63	15	107	24	46	135	37	52	93
PF02929.20	21	45	2	29	9	56	4	17	63	15	23	36
PF06026.17	0	0	0	0	0	0	0	0	0	0	0	0
PF13468.9	0	0	0	0	0	0	0	0	0	0	0	0
PF01741.21	0	0	0	0	0	0	0	0	0	0	0	1
PF03807.20	0	3	0	1	0	6	1	2	4	0	1	5
PF14748.9	0	3	0	1	0	6	1	2	4	0	1	5
PF00268.24	0	0	0	0	0	0	0	0	0	0	0	0
PF08343.13	0	0	0	0	0	0	0	0	0	0	0	1
PF00317.24	2	2	0	1	0	0	0	1	1	0	1	2
PF12169.11	4	33	1	14	7	14	4	9	6	8	7	11
PF02223.20	0	1	1	0	0	1	0	2	0	0	0	0
PF00590.23	2	0	2	2	8	7	4	1	5	8	2	10
PF13089.9	4	13	1	2	1	13	5	3	4	5	4	10
PF02503.20	4	13	1	2	1	13	5	3	4	5	4	10
PF17941.4	4	13	1	2	1	13	5	3	5	5	4	10
PF13090.9	4	13	1	2	1	13	5	3	5	5	4	10
PF00795.25	4	8	1	9	9	16	3	6	11	4	4	7
PF02589.18	0	8	0	2	0	5	0	1	0	2	1	0
PF13183.9	11	3	2	11	5	13	10	11	9	14	3	8
PF02873.19	7	15	3	1	6	17	3	2	4	8	1	4
PF12802.10	1	9	0	1	1	1	0	1	2	0	1	1
PF02566.22	0	0	0	0	0	0	0	0	0	0	0	0
PF13473.9	0	0	0	0	0	0	0	0	0	0	0	0
PF02274.20	1	3	0	6	1	2	2	2	0	5	0	5
PF07907.14	0	0	0	0	0	0	0	0	0	0	0	0
PF01098.22	1	11	1	9	7	12	1	3	2	3	2	4
PF00083.27	0	0	0	0	1	0	0	0	0	1	1	1
PF00596.24	9	26	2	10	4	20	10	8	4	5	2	9
PF02610.18	3	21	2	7	6	34	17	17	7	2	2	6
PF11762.11	3	20	2	7	6	33	17	17	7	2	2	6
PF04002.18	1	5	0	2	0	6	0	2	2	2	1	3
PF04093.15	0	1	0	1	0	0	0	1	1	0	0	4
PF00532.24	0	0	0	0	0	0	0	0	0	0	0	2
PF00994.27	4	9	0	3	0	10	6	1	4	5	1	1
PF18146.4	3	6	0	1	0	8	1	1	1	3	1	1
PF02464.20	3	6	0	1	0	8	1	2	1	3	2	1
PF00108.26	51	185	11	69	41	168	42	62	52	48	36	78
PF02803.21	54	190	11	77	44	173	42	62	54	49	38	80
PF13344.9	1	1	0	1	0	1	0	2	0	0	2	1
PF13242.9	1	5	1	2	0	2	6	3	2	0	2	1
PF10282.12	1	3	0	4	1	13	1	4	0	1	1	9
PF00266.22	5	40	2	13	11	31	6	7	10	14	7	10
PF08866.13	0	0	0	0	0	0	0	0	0	0	0	0
PF05256.15	0	0	0	0	0	0	0	0	1	0	0	0
PF05979.15	0	0	0	1	0	1	0	0	0	1	1	1
PF04296.16	0	1	0	0	0	2	0	0	1	1	0	3
PF01248.29	0	0	0	1	0	0	0	1	0	0	2	0
PF01509.21	0	7	0	0	2	5	0	0	2	3	0	3
PF16198.8	0	7	0	0	2	5	0	0	2	3	0	3
PF03444.18	0	0	0	0	1	0	0	0	0	0	0	0
PF04452.17	0	1	0	1	1	0	0	2	0	1	0	3
PF14698.9	0	6	1	1	1	5	3	2	6	7	2	3
PF08279.15	7	18	1	12	4	36	14	8	6	14	8	23
PF02237.20	4	2	0	2	1	3	0	0	2	3	2	3
PF11151.11	0	0	0	0	0	0	0	0	0	0	0	0
PF16124.8	9	6	1	3	12	5	1	1	1	5	8	3
PF00186.22	0	4	1	1	0	3	0	0	2	2	0	1
PF01351.21	0	1	1	0	1	0	0	0	1	1	0	0
PF17961.4	0	0	0	0	0	0	0	0	0	0	0	0
PF10425.12	0	0	0	0	0	0	0	0	0	0	0	0
PF00926.22	1	0	0	0	2	5	0	1	2	0	1	2
PF00925.23	1	0	0	0	2	5	0	1	2	0	1	2
PF09586.13	0	7	1	0	4	4	0	1	4	0	0	1
PF07638.14	0	0	0	0	0	0	0	0	0	0	0	0
PF19295.2	1	2	0	2	0	1	1	3	1	1	2	2
PF01458.20	1	6	1	4	0	3	2	6	4	2	3	3
PF00196.22	2	6	1	2	3	6	1	1	6	2	3	3
PF01145.28	25	77	22	44	27	73	31	29	36	19	21	37
PF16875.8	10	24	0	12	10	15	4	15	9	8	4	14
PF02065.21	10	24	1	13	10	15	4	15	9	8	4	14
PF16874.8	10	24	0	12	10	15	4	15	9	8	4	14
PF13596.9	0	0	0	0	0	0	0	0	0	0	0	0
PF02424.18	1	1	1	0	1	0	0	0	3	0	0	3
PF03787.18	0	0	0	0	1	2	0	0	2	6	0	1
PF01590.29	0	2	0	2	2	3	2	1	1	3	0	2
PF02224.21	0	2	1	0	2	1	0	1	0	2	2	2
PF00691.23	9	18	3	17	12	27	7	5	12	14	6	13
PF04016.15	0	0	0	0	0	0	0	0	0	0	0	0
PF04310.15	0	0	0	0	0	0	0	0	0	0	0	0
PF16330.8	0	0	0	0	0	0	0	0	0	0	0	0
PF00490.24	0	2	0	0	0	0	0	0	1	0	1	2
PF17931.4	0	0	0	0	0	0	0	0	0	0	0	0
PF13768.9	0	0	0	0	0	0	0	0	0	0	0	1
PF02569.18	2	3	0	0	0	0	0	2	6	4	6	3
PF16732.8	0	0	0	0	0	0	0	0	0	0	0	0
PF20437.1	0	0	0	0	0	0	0	0	0	0	0	0
PF13654.9	0	0	0	0	0	0	0	0	0	0	0	0
PF20436.1	0	0	0	0	0	0	0	0	0	0	0	0
PF00415.21	0	0	0	0	0	0	0	0	3	5	0	0
PF13540.9	0	2	0	0	0	2	0	0	0	0	0	0
PF18019.4	0	0	0	0	0	8	0	1	1	2	0	1
PF01627.26	39	159	8	54	31	172	40	67	39	43	25	66
PF13646.9	0	0	0	0	0	0	0	0	0	0	0	0
PF03130.19	0	0	0	0	0	0	0	0	0	0	0	0
PF01924.19	0	0	0	0	0	0	0	0	0	0	0	0
PF13186.9	4	10	2	3	0	6	2	4	2	1	1	3
PF06426.17	0	0	0	0	0	0	0	0	0	0	0	0
PF17938.4	0	0	0	0	0	0	0	0	0	0	0	0
PF20131.2	0	0	0	0	0	0	0	0	0	0	0	0
PF02638.18	0	0	0	0	0	1	3	1	0	0	0	4
PF02368.21	207	354	14	472	10	683	104	161	869	509	250	559
PF01548.20	52	155	10	105	32	233	51	50	112	66	45	108
PF08502.13	0	10	0	3	1	20	1	3	3	4	5	1
PF01702.21	0	6	1	1	1	9	1	2	6	0	2	5
PF17912.4	134	308	20	262	105	316	145	249	133	126	56	150
PF03459.20	111	236	7	193	85	224	95	181	82	93	30	94
PF09549.13	0	0	0	0	0	0	0	0	0	0	0	0
PF13365.9	7	21	4	11	8	24	15	11	9	12	3	18
PF00498.29	1	0	0	3	0	4	0	0	0	3	0	13
PF01755.20	0	0	1	0	0	0	0	0	0	0	0	0
PF05420.14	0	0	0	0	0	0	0	0	1	0	0	0
PF02690.18	2	36	10	12	18	32	2	6	10	2	6	16
PF02558.19	0	0	0	0	0	1	0	0	0	0	1	0
PF08546.14	0	0	0	0	0	0	0	0	0	0	1	0
PF04224.15	0	0	1	0	0	0	0	0	0	0	0	0
PF03553.17	3	6	2	6	2	18	7	8	4	5	4	2
PF01964.21	1	0	0	2	2	0	0	0	2	0	1	2
PF02113.18	0	0	0	0	1	0	0	0	0	0	0	0
PF13286.9	2	8	0	4	4	7	1	2	4	3	0	1
PF02627.23	0	0	0	0	0	1	2	1	3	1	0	4
PF12682.10	0	0	0	0	0	1	0	1	0	0	1	1
PF01738.21	0	0	0	0	0	0	0	0	0	0	0	0
PF12697.10	3	1	0	3	0	2	0	1	0	0	0	0
PF00754.28	184	269	10	200	41	337	32	118	480	148	144	347
PF00404.21	0	0	0	1	0	3	0	0	0	0	0	0
PF11655.11	0	0	0	0	0	0	0	0	0	0	0	0
PF12843.10	0	0	0	0	0	0	0	0	0	0	0	0
PF02838.18	34	86	10	56	35	67	17	37	140	42	46	106
PF00728.25	16	41	8	21	17	31	14	22	59	21	17	43
PF16347.8	0	0	2	0	0	0	0	1	0	0	1	0
PF13098.9	0	0	0	0	0	0	0	0	0	0	0	0
PF16576.8	1	2	6	5	11	3	1	4	0	2	1	2
PF03797.22	0	0	0	0	0	0	0	1	0	0	0	0
PF07244.18	0	0	0	12	4	0	0	0	4	0	0	0
PF01103.26	1	0	0	0	2	0	1	0	0	0	0	1
PF02321.21	0	10	0	3	18	4	2	0	0	0	0	6
PF05221.20	0	10	3	3	1	11	2	8	1	3	0	5
PF00670.24	0	10	2	2	1	11	2	6	1	3	0	4
PF00144.27	0	0	0	1	4	0	0	0	0	2	1	2
PF02910.23	7	3	0	3	11	3	3	1	3	0	3	4
PF01325.22	1	8	0	0	0	7	1	1	0	0	0	0
PF02742.18	1	8	0	0	0	7	1	1	0	0	0	0
PF04966.15	0	0	0	0	0	0	0	0	0	0	0	0
PF04023.17	1	2	0	2	2	7	3	2	1	1	2	1
PF14376.9	0	0	0	0	0	0	0	0	0	0	0	0
PF03150.17	0	0	0	0	0	0	0	0	0	0	0	0
PF00034.24	0	0	0	0	0	0	0	0	0	0	0	0
PF07498.15	0	6	1	1	7	10	1	1	3	1	0	3
PF07497.15	4	13	2	8	10	13	3	2	6	4	2	9
PF07719.20	10	9	1	7	18	5	0	0	3	2	0	6
PF00263.24	0	0	0	0	0	0	0	0	0	0	0	0
PF11104.11	5	9	1	24	12	16	14	3	2	10	0	5
PF01634.21	0	3	0	0	1	0	0	1	1	0	0	1
PF08029.14	0	0	0	0	1	0	0	0	0	0	0	0
PF00920.24	1	10	3	10	9	6	9	7	20	9	7	10
PF14498.9	0	2	0	1	3	5	0	2	6	2	1	1
PF11013.11	0	1	0	0	0	0	0	0	0	0	0	0
PF01740.24	0	0	2	1	0	1	0	0	0	0	0	0
PF00432.24	0	0	0	0	0	0	0	0	0	0	0	0
PF01531.19	1	2	0	1	0	1	0	0	0	0	0	0
PF01762.24	0	0	0	0	0	0	0	0	0	0	0	0
PF03814.18	0	0	0	1	0	0	0	0	0	0	0	0
PF03781.19	1	1	0	0	0	0	0	1	0	0	3	1
PF01212.24	6	13	1	8	4	7	2	5	3	5	1	12
PF01882.21	0	1	0	0	2	0	0	1	0	0	1	2
PF07991.15	7	24	0	27	7	20	6	6	16	26	10	19
PF01450.22	7	24	0	27	7	20	6	6	16	26	10	19
PF16499.8	0	0	0	0	0	2	0	0	0	0	0	2
PF17801.4	0	0	1	2	0	1	0	0	0	0	0	1
PF01050.21	1	11	0	0	0	18	0	0	0	1	0	0
PF06733.18	2	1	0	1	0	6	2	1	4	1	0	1
PF13307.9	2	1	1	10	0	7	2	4	4	3	2	1
PF01891.19	0	0	0	0	0	0	0	0	0	1	0	0
PF13190.9	0	0	0	0	0	0	0	0	0	1	0	0
PF07589.14	0	0	0	0	0	0	0	0	0	0	0	0
PF17297.5	4	4	1	2	3	4	1	2	3	4	3	6
PF00821.21	4	4	1	2	3	4	1	2	3	4	3	6
PF01510.28	0	5	0	2	2	4	0	0	1	2	4	1
PF12838.10	159	240	29	286	152	427	180	191	195	195	73	350
PF12971.10	2	16	1	4	0	20	6	0	1	0	1	6
PF05089.15	2	16	1	4	0	20	6	0	1	0	1	6
PF12972.10	2	16	1	4	0	20	6	0	1	0	1	6
PF07085.15	0	6	0	4	5	3	4	1	9	5	3	5
PF16385.8	2	1	2	0	0	0	3	0	0	0	0	0
PF01256.20	1	2	2	0	0	5	0	0	0	3	2	1
PF02590.20	0	0	0	0	0	2	0	0	0	0	2	2
PF02472.19	8	10	2	6	48	4	0	3	7	2	3	6
PF20511.1	0	11	1	0	6	16	0	1	1	2	1	1
PF12437.11	1	4	2	6	2	8	4	1	3	1	4	7
PF18318.4	1	4	2	6	2	8	4	1	3	1	4	7
PF14849.9	1	0	0	2	1	1	0	2	0	1	0	0
PF03629.21	1	0	1	0	8	0	0	0	0	0	0	1
PF01204.21	0	1	0	1	0	1	0	0	3	0	3	3
PF02073.18	3	15	2	9	2	13	3	3	2	4	1	4
PF12951.10	0	0	0	0	0	0	0	0	0	0	0	0
PF18582.4	0	0	0	0	0	0	0	0	0	0	0	0
PF01042.24	2	5	0	1	2	3	2	0	0	1	0	2
PF09374.13	0	0	0	0	0	0	0	0	0	0	0	0
PF00924.21	0	3	3	4	3	5	2	1	1	0	2	3
PF00209.21	2	22	2	10	2	17	2	2	8	6	0	6
PF00109.29	8	12	1	6	13	8	2	3	6	8	1	9
PF02801.25	8	12	1	6	13	8	2	3	6	8	1	9
PF04551.17	2	7	0	4	2	10	0	0	1	0	3	4
PF01757.25	1	4	0	0	0	7	4	2	1	1	1	1
PF12715.10	0	0	1	0	2	0	0	0	0	0	0	0
PF02492.22	0	5	0	5	1	6	6	4	3	3	5	5
PF00708.21	0	0	0	0	0	0	0	0	1	1	1	3
PF07503.15	0	0	0	0	0	0	0	0	0	0	0	0
PF01300.21	1	3	1	0	0	2	0	4	3	3	0	3
PF17788.4	0	0	0	0	0	0	0	0	0	0	0	0
PF13593.9	0	0	0	0	0	0	0	0	0	0	0	0
PF00069.28	4	19	1	3	6	17	2	3	6	6	2	8
PF03983.15	0	0	0	0	0	0	0	0	0	0	0	0
PF08305.14	16	34	0	27	2	45	5	14	59	16	23	37
PF03692.18	0	1	1	0	0	0	0	1	1	0	0	0
PF08238.15	9	13	32	54	31	24	18	47	25	15	6	18
PF04519.16	2	24	0	7	1	21	2	6	1	5	3	12
PF02594.19	0	0	0	0	0	0	0	0	0	0	0	0
PF01120.20	2	4	4	0	10	5	0	9	4	1	0	5
PF13899.9	0	1	0	2	2	0	0	0	1	1	1	1
PF05656.17	0	0	0	1	0	1	0	0	0	0	1	0
PF02535.25	0	1	0	1	0	1	1	0	7	1	0	1
PF03435.21	3	4	2	1	4	1	0	3	1	2	1	5
PF16653.8	3	4	2	1	4	1	0	3	1	2	1	5
PF03755.16	4	5	1	5	0	13	1	2	4	2	3	2
PF08340.14	4	5	1	5	0	13	1	2	4	2	3	2
PF07549.17	11	20	4	12	26	20	2	7	15	18	3	27
PF02355.19	18	32	4	22	28	40	4	8	22	24	6	32
PF13202.9	0	0	0	0	0	0	0	0	0	0	1	0
PF03641.17	0	0	0	0	0	0	0	0	0	0	0	0
PF17291.5	0	0	0	0	0	0	0	0	0	0	0	0
PF13402.9	8	26	2	12	5	33	4	12	25	24	9	20
PF05977.16	0	1	0	1	0	0	1	1	0	0	0	0
PF19528.2	0	7	0	0	0	10	0	1	0	0	0	0
PF19580.2	3	0	1	1	1	0	0	0	0	0	0	1
PF03030.19	5	1	1	2	15	5	4	0	7	7	3	7
PF04715.16	0	0	0	0	0	0	0	0	0	0	0	0
PF00425.21	2	1	2	0	0	1	0	0	1	1	1	0
PF00697.25	0	0	1	0	0	0	0	0	0	0	0	0
PF13088.9	5	12	0	16	2	12	4	5	19	6	8	19
PF00507.22	0	1	0	1	1	0	0	0	0	0	0	0
PF06044.15	0	0	0	0	0	0	0	0	0	0	0	0
PF17726.4	0	0	0	0	0	0	0	0	0	0	0	0
PF01835.22	1	3	2	1	2	0	0	0	1	0	1	2
PF07703.17	0	0	1	1	0	0	0	0	0	0	0	0
PF00207.25	1	3	2	2	2	0	0	0	1	0	1	2
PF07678.17	0	0	0	0	0	0	0	0	0	0	0	0
PF17973.4	1	3	2	1	2	0	0	0	1	0	1	2
PF00285.24	2	11	0	4	3	19	5	6	7	11	4	10
PF13482.9	0	4	0	3	0	3	1	1	0	1	0	0
PF05157.18	0	0	0	1	0	0	0	0	0	1	0	0
PF03023.17	0	0	0	0	0	0	0	0	0	0	0	0
PF00081.25	0	1	1	0	0	0	1	0	0	0	0	1
PF02777.21	0	1	1	0	0	0	1	0	0	0	0	1
PF11958.11	0	0	0	0	0	0	0	0	0	0	0	0
PF00662.23	3	4	2	0	2	1	0	0	0	0	1	0
PF00499.23	0	0	0	0	0	0	0	0	0	0	0	0
PF01512.20	28	38	7	36	23	81	33	35	42	48	25	32
PF10531.12	29	40	9	23	27	48	17	21	34	33	23	17
PF10589.12	16	11	2	24	10	16	19	13	24	20	16	13
PF01522.24	2	14	1	3	3	5	2	2	9	8	2	13
PF02470.23	0	1	0	0	0	0	0	0	0	0	3	0
PF07399.14	0	0	0	0	0	0	0	0	0	0	0	0
PF06325.16	4	3	1	1	0	5	2	4	1	5	0	0
PF02446.20	9	17	2	9	6	24	5	4	4	8	5	11
PF00919.23	1	19	5	4	7	28	3	5	14	10	9	6
PF18693.4	1	14	3	3	4	22	0	3	10	2	3	4
PF04408.26	0	0	0	0	0	0	0	0	0	0	2	0
PF08482.13	0	0	0	0	0	0	0	0	0	0	0	0
PF04028.16	0	0	0	0	0	0	0	0	0	0	0	0
PF18565.4	20	32	1	23	2	39	5	12	51	10	19	37
PF16193.8	3	3	0	2	3	4	3	2	3	3	3	7
PF12002.11	3	3	0	2	3	4	3	2	3	3	3	7
PF02283.19	0	0	0	0	2	2	0	0	1	1	0	5
PF01301.22	5	4	0	1	0	1	1	1	0	1	0	5
PF13505.9	0	1	1	0	2	0	0	1	0	0	0	0
PF18765.4	0	0	0	0	0	0	0	1	0	0	0	3
PF16870.8	0	0	0	0	1	0	0	0	0	0	0	0
PF01663.25	0	0	0	0	2	0	0	0	0	0	0	0
PF09382.13	7	5	0	3	11	5	1	1	1	5	7	2
PF00570.26	8	5	0	3	11	5	1	1	1	5	7	2
PF01643.20	1	9	0	4	1	4	1	1	2	1	1	1
PF07786.15	0	0	0	0	0	0	0	0	0	0	0	1
PF04235.15	0	1	0	0	1	0	0	0	0	0	0	0
PF01704.21	0	12	0	0	0	10	0	0	0	0	1	1
PF08241.15	2	0	0	5	6	5	2	5	2	5	1	1
PF04991.16	4	5	0	6	8	11	3	5	2	3	1	1
PF04379.17	0	0	0	0	0	0	0	0	0	0	0	0
PF02698.20	1	1	0	0	1	0	3	1	2	2	1	3
PF07726.14	0	5	1	4	3	1	0	0	2	0	0	1
PF17863.4	0	5	1	4	3	1	0	0	2	0	0	1
PF12541.11	0	0	0	1	0	0	0	0	0	0	1	0
PF04015.15	2	9	0	4	1	16	0	7	1	2	3	4
PF17785.4	0	0	0	0	0	2	0	0	1	0	0	0
PF10672.12	0	1	0	0	0	3	0	1	1	1	1	1
PF02678.19	0	0	0	0	0	0	0	1	1	0	0	0
PF17954.4	0	0	0	0	0	0	0	1	1	0	0	0
PF13502.9	0	0	0	0	0	0	0	0	0	0	0	0
PF13667.9	1	0	0	1	2	0	0	0	1	0	0	1
PF07732.18	0	0	3	0	2	0	0	0	0	0	1	0
PF00394.25	0	0	0	0	0	0	0	0	0	0	0	0
PF07731.17	0	0	3	0	2	0	0	0	0	0	1	0
PF06940.14	0	0	0	0	0	0	0	0	0	0	0	0
PF02844.18	3	13	4	11	8	17	2	4	7	8	3	10
PF01071.22	3	13	4	11	8	17	2	4	7	8	3	10
PF02843.19	3	13	4	11	8	17	2	4	7	8	2	10
PF01618.19	8	28	6	13	24	27	11	6	15	12	3	19
PF08323.14	11	57	0	24	12	41	16	16	17	20	24	41
PF10996.11	4	15	2	16	1	19	14	8	6	6	3	7
PF14057.9	36	135	7	119	67	136	54	61	66	70	31	88
PF02086.18	1	2	0	1	0	1	1	3	0	1	1	0
PF02537.18	0	0	0	0	0	0	0	0	0	0	0	0
PF03331.16	1	0	0	0	1	0	0	0	1	0	0	0
PF20154.2	1	0	0	3	1	1	0	1	0	0	1	1
PF01578.23	0	0	0	0	0	0	0	0	0	0	0	0
PF05140.17	0	0	0	0	0	0	0	2	0	0	1	0
PF09375.13	0	0	0	0	0	0	0	0	0	0	0	0
PF13437.9	1	18	1	2	3	4	1	2	2	3	0	4
PF10722.12	0	0	0	0	0	0	0	0	0	0	0	0
PF00701.25	5	46	1	12	4	65	11	16	9	10	2	30
PF07221.14	1	1	3	3	6	5	5	2	4	2	1	4
PF12900.10	0	0	0	1	0	1	0	0	0	1	5	1
PF03013.17	0	0	0	0	0	0	0	0	0	0	0	0
PF07691.15	0	0	0	0	0	0	0	0	0	0	0	0
PF02607.20	2	7	1	3	2	5	2	3	2	3	1	5
PF02310.22	14	19	4	10	13	17	3	8	12	9	5	17
PF02965.20	1	1	1	1	2	1	0	0	0	0	0	1
PF01326.22	285	751	61	386	191	860	298	441	294	350	155	482
PF01642.25	11	14	3	7	15	6	3	4	9	7	6	15
PF13669.9	2	3	0	2	1	3	1	0	4	0	5	0
PF02082.23	2	1	0	2	0	4	1	0	1	0	0	1
PF01039.25	22	50	2	48	20	57	19	14	18	21	3	29
PF14864.9	0	0	0	0	0	0	0	0	0	0	0	0
PF02075.20	0	0	0	0	2	0	0	1	0	0	0	0
PF04909.17	0	1	2	0	0	1	0	0	1	0	1	0
PF00303.22	0	10	3	1	0	13	0	4	3	3	1	3
PF10609.12	1	6	1	4	5	4	0	3	5	2	0	6
PF04845.16	0	0	0	0	0	0	0	0	0	0	0	0
PF03977.16	14	31	1	20	15	28	9	9	12	8	4	22
PF02684.18	1	0	0	0	0	0	0	0	0	0	0	0
PF02550.18	13	14	2	11	1	14	6	5	10	4	4	7
PF13336.9	13	15	2	12	2	14	6	5	11	5	4	7
PF01619.21	0	0	0	0	0	0	0	0	0	0	0	0
PF00199.22	0	0	2	0	0	0	0	0	0	0	0	0
PF06628.15	0	0	2	0	0	0	0	0	0	0	0	0
PF18011.4	0	0	0	0	0	0	0	0	0	0	0	0
PF19567.2	1	1	1	1	0	4	0	0	1	0	0	0
PF02397.19	4	11	0	5	5	21	6	5	5	5	1	5
PF04932.18	3	3	1	0	0	5	0	1	1	2	2	2
PF19805.2	0	0	0	0	0	0	0	0	0	0	0	0
PF00933.24	12	37	7	19	30	30	10	6	13	17	7	13
PF01058.25	3	0	0	0	0	0	0	0	2	0	0	2
PF14720.9	0	0	0	0	0	0	0	0	0	0	0	0
PF01155.22	0	0	0	0	0	0	0	0	0	1	0	0
PF02636.20	0	0	0	0	0	0	0	0	0	0	0	0
PF13385.9	8	18	0	10	4	20	0	13	23	12	12	18
PF13004.10	0	0	0	0	0	0	0	0	0	0	2	1
PF08534.13	0	2	0	2	1	5	1	1	4	0	1	2
PF13246.9	0	1	2	0	10	0	0	0	0	0	1	1
PF07669.14	2	10	0	6	0	10	0	4	5	4	1	2
PF12950.10	0	1	0	0	0	0	0	0	0	0	0	0
PF00520.34	0	0	1	0	0	0	0	0	0	0	0	0
PF02548.18	0	0	0	0	2	2	0	0	0	0	0	1
PF13905.9	0	0	0	0	5	0	0	0	0	0	0	0
PF07698.14	0	0	0	0	0	2	0	0	0	1	0	0
PF01202.25	2	2	0	0	2	6	0	1	1	1	0	3
PF16355.8	18	32	1	17	3	35	5	10	47	5	17	32
PF06415.16	11	28	2	15	14	34	11	9	33	18	14	30
PF03061.25	2	0	0	5	1	3	1	1	0	1	1	1
PF00158.29	0	8	4	1	3	1	0	1	1	0	1	0
PF02954.22	1	2	4	5	2	3	0	1	0	0	0	0
PF02609.19	1	2	0	0	0	0	1	0	0	0	0	2
PF03739.17	1	0	3	0	1	0	1	0	1	0	1	1
PF01553.24	0	2	1	3	3	5	2	1	3	0	1	4
PF11412.11	0	0	0	0	2	0	0	0	0	0	0	0
PF09180.14	7	14	0	11	8	28	2	12	6	2	4	6
PF01061.27	0	6	2	4	2	11	0	3	1	1	1	2
PF07335.14	0	0	0	0	0	0	0	0	0	0	0	0
PF00494.22	0	0	0	0	0	0	0	0	0	0	0	0
PF07494.14	1	3	4	0	3	0	1	0	0	0	4	0
PF14537.9	0	0	0	0	1	0	0	0	0	0	0	0
PF13287.9	0	13	4	1	28	22	0	4	3	0	0	4
PF12679.10	0	3	1	1	0	2	1	3	0	0	0	1
PF13500.9	1	0	0	2	0	2	0	1	2	0	0	0
PF01235.20	20	27	1	23	11	35	30	26	18	9	4	16
PF13379.9	1	0	0	1	0	1	0	0	0	0	0	0
PF00023.33	0	1	0	0	0	0	0	0	1	1	1	2
PF03950.21	5	24	1	11	10	31	6	5	7	6	3	12
PF17764.4	4	4	0	3	4	5	0	2	2	3	2	4
PF18319.4	3	4	0	3	4	6	0	2	2	3	2	4
PF18074.4	2	4	0	3	3	5	0	2	2	2	2	4
PF06258.14	0	0	0	0	0	0	0	0	0	0	0	0
PF00768.23	2	13	1	5	7	18	1	3	7	6	2	7
PF01678.22	8	6	0	4	6	6	0	2	4	4	6	8
PF08281.15	9	15	6	16	16	20	7	9	6	5	11	14
PF13673.10	4	2	0	5	4	10	3	6	8	1	1	6
PF04127.18	1	13	1	1	1	25	1	2	3	7	0	7
PF13376.9	0	2	0	0	0	3	1	0	2	0	0	0
PF01041.20	3	16	2	8	4	18	5	7	8	5	6	7
PF16401.8	0	0	0	0	0	0	0	0	0	0	0	0
PF05691.15	0	0	0	0	0	0	0	0	0	0	0	0
PF00456.24	9	17	5	7	15	19	7	5	14	15	6	16
PF05343.17	1	5	0	4	1	2	2	4	2	2	2	14
PF10150.12	4	4	0	6	7	8	1	3	4	2	5	4
PF07555.16	19	48	2	36	19	41	4	17	90	25	30	67
PF06725.14	1	2	3	4	8	7	1	1	2	2	0	4
PF00218.24	0	0	0	0	0	0	0	0	0	0	1	0
PF02021.20	0	2	0	1	1	1	0	0	0	1	0	0
PF03819.20	2	6	2	0	4	7	0	1	1	0	2	2
PF01612.23	0	1	0	3	3	0	1	1	0	1	0	2
PF02606.17	0	0	0	0	0	0	0	0	0	0	0	0
PF16654.8	0	6	2	4	0	2	0	1	3	1	0	4
PF00585.21	0	0	0	0	0	0	0	0	0	0	0	0
PF02517.19	4	9	1	6	6	13	4	8	3	0	3	9
PF19576.2	0	0	0	0	1	0	0	0	0	0	0	0
PF13444.9	0	0	0	0	5	0	0	0	0	0	0	0
PF14238.9	0	0	0	0	0	1	0	0	0	0	0	2
PF01613.21	5	9	4	7	4	10	2	4	6	4	1	4
PF00217.22	0	0	0	0	0	0	0	0	0	0	0	0
PF02012.23	0	0	0	0	0	0	0	0	6	0	3	0
PF00667.23	0	1	0	0	0	0	1	1	1	0	1	3
PF00175.24	13	10	4	15	13	23	10	7	15	17	4	25
PF13477.9	0	2	0	1	0	5	0	1	0	3	0	4
PF10555.12	3	7	1	1	1	2	0	1	0	0	4	6
PF00953.24	4	9	2	2	2	2	0	1	2	1	4	6
PF03033.23	2	5	0	3	2	4	2	2	3	5	2	4
PF04101.19	3	10	1	4	3	8	2	3	5	6	4	6
PF08478.13	0	0	0	2	0	0	0	0	1	0	0	1
PF17815.4	0	0	0	0	0	0	0	0	0	0	0	0
PF13529.9	0	2	0	3	0	2	0	0	2	3	3	1
PF04616.17	1	0	4	4	5	6	2	3	5	11	4	4
PF01128.22	1	4	0	2	1	6	1	4	1	2	2	1
PF12127.11	0	0	0	0	4	3	1	0	0	0	0	0
PF05690.17	0	0	0	0	0	0	0	0	1	1	0	0
PF05593.17	27	401	0	71	0	641	5	18	0	0	7	0
PF15523.9	0	0	0	0	0	0	0	0	0	0	0	0
PF06574.15	0	5	2	0	2	9	0	0	1	2	0	0
PF01687.20	0	5	2	0	4	9	0	0	1	2	0	0
PF01075.20	0	2	0	0	1	0	0	0	0	0	0	1
PF00852.22	0	0	0	0	0	0	0	0	0	0	0	0
PF02577.17	0	1	0	1	2	0	0	0	0	0	0	0
PF01078.24	3	3	0	2	1	1	0	0	0	0	2	1
PF13335.9	3	3	0	2	1	1	0	0	0	0	2	1
PF02660.18	0	1	0	1	0	4	1	0	3	0	0	1
PF01855.22	133	222	23	261	123	386	149	186	173	169	70	324
PF17147.7	127	202	21	251	119	368	142	179	159	163	64	312
PF01558.21	133	209	23	248	122	369	150	181	164	170	67	313
PF10371.12	121	188	21	245	110	364	149	179	148	160	47	302
PF13484.9	5	3	0	11	5	15	5	12	6	5	1	5
PF08308.14	0	8	0	0	0	14	2	0	0	0	0	1
PF07717.19	0	0	0	0	0	0	0	0	0	0	2	0
PF11898.11	0	0	0	0	0	0	0	0	0	0	2	0
PF06144.16	0	2	0	2	0	6	2	1	1	2	2	3
PF16353.8	21	45	2	30	9	54	3	17	64	15	24	38
PF00916.23	0	0	2	1	0	0	0	0	0	0	0	0
PF03772.19	1	1	0	1	3	1	0	0	0	0	1	2
PF06826.15	16	2	4	6	30	2	8	2	8	4	4	8
PF08019.15	0	0	1	0	0	0	0	0	0	0	0	0
PF03808.16	0	9	0	0	0	7	0	2	0	0	1	0
PF17930.4	0	0	0	0	0	0	0	0	0	0	0	0
PF06230.14	0	0	0	0	0	0	0	0	0	0	0	0
PF00376.26	0	0	0	0	11	0	0	0	0	0	0	0
PF04298.15	1	0	0	0	0	7	1	0	0	0	3	1
PF11396.11	1	2	0	0	0	0	0	0	0	1	0	0
PF02602.18	3	0	0	1	3	0	1	0	1	5	0	4
PF13342.9	0	0	2	0	0	0	0	0	0	5	0	0
PF01923.21	0	2	0	5	1	1	2	2	4	1	1	0
PF12392.11	1	6	0	4	4	12	4	2	2	2	1	0
PF12419.11	0	2	0	2	1	3	2	1	0	1	0	0
PF03330.21	0	0	0	0	0	0	0	0	0	0	0	0
PF01513.24	3	3	1	0	5	5	1	2	1	2	0	1
PF20143.2	3	3	1	0	5	5	1	2	1	2	0	0
PF01501.23	0	0	0	0	0	0	0	0	0	1	0	0
PF02554.17	0	4	6	0	4	4	3	0	2	1	1	4
PF13722.9	0	3	3	0	2	4	2	0	2	1	1	4
PF12801.10	0	2	0	6	9	4	3	0	2	3	2	3
PF00076.25	0	2	0	2	2	2	2	5	3	4	1	1
PF00474.20	1	5	2	4	8	9	5	12	6	3	2	11
PF06925.14	0	0	1	0	1	0	0	0	2	1	2	1
PF01258.20	0	0	0	1	1	0	0	0	0	0	0	0
PF13085.9	1	3	4	0	3	0	1	0	3	2	0	3
PF01127.25	0	0	0	0	0	0	0	0	0	0	0	0
PF19116.3	0	0	0	0	0	0	0	0	0	0	0	0
PF17803.4	0	0	0	0	0	0	0	0	0	0	0	0
PF03186.16	0	0	0	0	1	1	0	1	2	1	0	0
PF02371.19	50	151	10	104	32	232	50	52	109	66	42	107
PF07275.14	1	1	1	1	3	3	0	1	2	0	7	1
PF13560.9	2	3	0	3	0	2	1	2	3	1	1	0
PF18430.4	10	10	0	7	2	12	7	6	9	4	7	5
PF01695.20	2	13	4	6	6	17	5	4	4	3	12	8
PF02311.22	3	22	1	12	3	30	6	6	12	2	1	6
PF12833.10	15	63	3	25	16	79	21	22	27	11	10	21
PF10881.11	1	2	0	0	0	0	2	2	1	1	1	5
PF05272.14	0	0	0	0	0	1	1	1	0	0	0	0
PF03389.18	2	0	4	8	4	4	1	2	5	3	7	2
PF13655.9	0	0	0	1	0	0	5	3	0	0	0	0
PF00078.30	12	34	8	25	9	13	29	15	11	12	13	16
PF08388.14	6	11	1	17	1	7	9	8	4	4	3	8
PF13449.9	0	0	0	0	0	0	0	0	0	0	0	0
PF11940.11	0	0	0	0	0	0	0	0	0	0	1	0
PF17432.5	0	0	0	0	0	0	0	0	0	0	1	0
PF13224.9	0	0	0	0	0	0	0	0	0	0	0	0
PF01205.22	0	0	1	0	1	2	1	0	0	1	0	1
PF04324.18	7	5	0	8	1	9	5	1	4	2	1	8
PF08442.13	0	0	0	0	0	0	0	0	0	0	0	1
PF00549.22	7	8	0	8	4	8	3	3	8	11	3	7
PF13340.9	2	6	1	5	5	3	0	0	3	0	2	1
PF11713.11	0	0	0	0	0	0	0	0	0	0	0	0
PF08774.14	0	0	0	0	0	0	0	0	0	0	0	1
PF07228.15	0	1	0	4	2	5	1	0	4	3	2	3
PF13424.9	5	5	0	5	12	6	5	7	3	9	0	5
PF12770.10	1	0	0	0	1	0	0	0	0	0	0	1
PF04245.16	0	1	0	0	0	2	0	0	0	0	0	0
PF03069.18	0	0	0	2	0	0	0	0	0	0	0	0
PF03880.18	0	2	1	3	4	5	0	0	0	0	1	3
PF01494.22	0	6	0	1	2	2	0	1	3	0	2	2
PF04404.15	0	0	0	0	0	0	0	0	0	0	0	0
PF07187.14	0	0	0	0	0	0	0	0	0	0	0	0
PF01571.24	3	3	0	1	2	1	0	0	2	1	0	0
PF08669.14	3	3	0	0	1	1	0	0	2	1	0	0
PF01734.25	1	6	0	0	2	8	7	1	2	4	4	0
PF00211.23	0	0	0	0	0	0	0	0	0	0	0	0
PF02055.19	0	2	0	0	0	0	2	0	0	0	0	0
PF17189.7	0	0	0	0	0	0	0	0	0	0	0	1
PF05175.17	1	5	0	4	0	4	1	1	4	5	3	2
PF02615.17	0	1	1	4	4	7	3	1	4	2	0	6
PF04879.19	0	4	2	4	1	2	2	5	5	2	3	1
PF00384.25	0	5	2	5	1	3	2	5	5	2	3	1
PF01568.24	0	3	2	1	1	1	1	1	3	1	2	0
PF01797.19	1	1	0	3	0	6	9	5	2	1	0	5
PF00563.23	10	37	5	8	9	46	11	27	19	10	3	15
PF04168.15	0	0	0	0	0	0	0	0	0	0	0	0
PF01986.19	0	0	0	0	0	0	0	0	0	0	0	0
PF10518.12	0	0	0	0	1	0	0	0	0	0	1	0
PF02317.20	0	0	0	0	0	0	0	0	0	0	0	0
PF14863.9	0	0	0	0	0	0	0	0	0	1	0	1
PF04962.15	1	0	1	2	2	2	2	5	3	0	1	3
PF13548.9	0	0	0	0	0	0	0	0	0	0	0	0
PF13374.9	1	2	0	1	1	4	1	0	0	1	0	1
PF16197.8	0	0	0	0	0	0	0	0	0	0	0	0
PF00698.24	0	5	0	3	2	2	2	0	1	3	0	0
PF14765.9	0	0	0	0	0	0	0	0	0	0	0	0
PF08659.13	0	0	0	0	0	0	0	0	0	0	0	0
PF09826.12	1	1	0	2	0	3	2	0	1	0	0	3
PF08309.14	0	0	0	0	0	0	0	0	0	0	0	0
PF00111.30	4	6	3	4	1	10	6	9	5	4	1	1
PF01799.23	2	2	1	2	0	1	2	7	2	0	0	0
PF01315.25	1	2	0	2	2	0	3	6	3	0	0	1
PF02738.21	1	2	0	2	2	0	3	6	3	0	0	1
PF20256.1	2	4	0	4	2	0	3	6	4	0	0	1
PF03699.16	0	0	0	0	0	0	0	0	0	0	0	0
PF00174.22	0	0	0	0	0	0	0	0	0	0	0	0
PF03404.19	0	0	0	0	0	0	0	0	0	0	0	0
PF02504.18	27	25	2	26	20	45	19	24	35	29	5	31
PF04231.16	1	2	0	6	0	1	0	0	1	1	3	3
PF13564.9	0	0	0	0	0	0	0	0	0	0	0	0
PF13305.9	0	0	1	0	0	1	0	0	1	0	0	0
PF01526.20	0	0	2	0	2	0	0	0	0	0	3	0
PF13732.9	0	2	1	0	8	1	1	0	1	4	2	2
PF00543.25	0	1	0	1	0	3	0	1	0	0	0	1
PF16450.8	0	0	0	0	0	0	0	0	0	0	0	0
PF01877.20	0	0	0	0	0	0	0	0	0	0	0	0
PF13589.9	4	17	1	13	3	28	6	11	11	20	16	30
PF01119.22	0	1	0	2	1	9	0	1	1	6	5	10
PF08676.14	0	1	0	2	1	9	0	1	1	6	4	10
PF04375.17	0	0	0	0	0	0	0	0	0	0	0	0
PF09982.12	0	0	0	0	0	0	0	0	0	0	0	0
PF03481.16	1	2	1	0	0	2	0	4	3	2	0	3
PF17773.4	0	0	0	0	0	0	0	0	0	0	0	0
PF14198.9	3	6	5	3	2	5	3	7	7	0	2	4
PF01420.22	0	5	4	3	0	20	3	7	0	9	0	9
PF18938.3	0	1	0	0	0	0	0	0	0	0	0	0
PF18651.4	0	1	0	0	0	0	0	0	0	0	0	0
PF20009.2	0	1	0	0	0	0	0	0	0	0	0	0
PF19076.3	0	1	0	0	0	0	0	0	0	0	0	0
PF07338.16	0	0	0	0	0	0	0	0	0	0	0	0
PF13937.9	0	0	0	0	0	0	0	0	0	0	0	0
PF04816.15	0	1	0	0	0	0	0	0	0	0	0	0
PF13936.9	0	2	0	2	0	3	0	1	1	0	2	1
PF02657.18	0	0	0	0	0	1	0	0	0	0	0	0
PF14258.9	0	0	0	0	0	0	0	0	0	0	1	0
PF13415.9	0	0	0	0	0	0	0	0	0	0	0	0
PF13188.10	1	0	1	1	1	1	2	1	1	3	0	2
PF01928.24	0	1	0	0	1	2	0	0	0	0	0	0
PF05235.17	0	0	0	0	0	0	0	0	0	0	0	0
PF20592.1	0	0	0	0	0	0	0	0	0	0	0	0
PF07501.15	5	12	0	7	1	17	4	2	2	4	3	6
PF18267.4	2	2	0	1	0	0	1	2	1	0	0	1
PF03460.20	6	19	2	11	5	26	7	2	14	22	8	25
PF01077.25	5	18	2	11	4	26	7	2	13	22	8	24
PF06271.15	1	0	0	0	1	6	0	1	1	0	0	4
PF01026.24	0	6	1	2	1	5	1	0	1	0	1	1
PF08291.14	0	0	1	0	0	0	0	0	1	0	0	0
PF05099.16	0	0	0	0	0	0	0	0	0	0	0	0
PF09339.13	0	0	0	1	1	1	0	0	1	2	0	2
PF01614.21	0	0	0	1	1	1	0	0	1	2	0	2
PF08450.15	0	0	0	0	0	0	0	0	0	0	0	0
PF03918.17	0	0	0	0	0	0	0	0	0	0	0	0
PF11950.11	1	0	0	0	0	0	0	0	0	0	0	0
PF13487.9	2	26	0	5	0	20	0	5	3	6	1	10
PF04227.15	0	0	0	0	0	0	0	0	0	0	0	0
PF00309.23	0	2	1	1	2	0	0	1	0	0	0	1
PF04963.16	0	2	1	1	2	0	0	1	0	0	0	1
PF04552.16	0	2	1	1	2	0	0	1	0	0	0	1
PF10986.11	0	0	0	0	0	0	0	0	0	0	0	0
PF02005.19	0	0	0	0	0	0	0	0	0	0	0	0
PF00067.25	0	1	0	0	0	0	1	1	1	0	1	3
PF13533.9	0	1	0	0	1	1	0	0	1	1	1	2
PF13175.9	1	4	1	1	1	16	1	3	0	3	0	9
PF14716.9	0	0	0	0	0	0	0	0	0	0	0	0
PF11349.11	0	0	0	0	0	0	0	0	0	0	0	0
PF04026.15	39	69	9	47	17	43	18	40	31	10	14	28
PF19302.2	6	20	2	15	16	26	5	13	15	20	4	19
PF00764.22	5	3	0	11	8	6	4	1	4	12	1	5
PF01813.20	9	10	3	34	9	27	21	25	14	16	5	16
PF07882.15	24	67	5	33	15	76	23	26	41	23	12	28
PF02952.20	32	78	7	45	24	85	37	41	57	39	20	41
PF02632.17	2	2	0	0	0	4	0	1	0	1	0	0
PF02127.18	6	16	3	8	10	22	6	4	13	9	5	19
PF05167.15	2	7	2	4	3	5	1	4	1	2	2	6
PF12010.11	4	1	0	4	5	2	0	7	1	2	2	19
PF06838.14	1	1	0	1	1	3	0	1	2	0	0	4
PF07264.14	0	0	0	0	0	0	0	0	0	0	0	0
PF12005.11	0	0	0	0	0	0	0	0	0	0	0	0
PF02011.18	0	0	0	0	0	0	0	0	0	0	0	0
PF09991.12	0	0	0	0	0	0	0	0	0	0	0	0
PF13407.9	213	831	11	346	209	1012	214	251	227	294	78	221
PF16078.8	0	0	0	0	1	0	0	0	0	0	0	0
PF13672.9	0	5	0	2	0	1	1	1	2	1	2	4
PF13173.9	1	2	1	1	0	5	1	1	5	1	2	0
PF13635.9	1	1	1	1	0	3	1	1	4	1	2	0
PF12644.10	0	0	0	0	0	0	0	0	0	0	0	0
PF07788.14	0	0	0	0	0	0	0	0	0	0	0	0
PF09163.14	0	0	0	0	0	0	0	0	0	0	0	0
PF01863.20	1	4	1	2	1	2	4	0	2	2	1	1
PF07833.14	0	0	0	0	0	2	1	0	0	0	10	0
PF17202.7	0	2	1	6	3	4	6	5	5	10	4	9
PF10418.12	16	14	3	20	16	30	14	12	23	16	6	36
PF11545.11	0	0	0	0	0	0	0	0	0	0	0	0
PF00290.23	0	0	0	0	0	1	0	0	0	0	0	1
PF13510.9	8	16	1	21	20	27	17	23	23	15	5	22
PF10588.12	3	12	1	12	13	18	8	12	18	11	5	17
PF00037.30	43	112	10	96	42	149	56	64	85	80	54	117
PF01817.24	4	1	0	1	6	8	1	0	0	5	3	7
PF02153.20	1	1	0	1	1	1	0	1	0	0	0	0
PF16177.8	0	0	0	0	0	0	0	0	0	0	0	0
PF13125.9	0	0	0	0	0	0	0	0	0	0	0	0
PF01257.22	10	13	2	21	9	21	17	10	26	17	16	13
PF13237.9	1	6	2	6	1	8	5	2	9	4	4	5
PF01496.22	33	35	0	60	26	72	44	37	36	51	7	36
PF14194.9	0	0	1	0	2	2	0	0	1	0	1	0
PF12844.10	3	8	2	3	2	6	4	7	6	4	2	6
PF01967.24	0	0	0	0	0	0	1	0	0	0	0	0
PF01758.19	1	0	0	0	0	3	0	0	3	0	0	2
PF13623.9	4	8	1	2	6	0	1	1	0	0	1	4
PF00732.22	0	0	0	0	0	0	0	0	1	0	0	0
PF05199.16	0	0	0	0	0	0	0	0	1	0	0	0
PF12895.10	3	4	0	1	0	2	1	0	3	0	1	1
PF18942.3	0	0	0	0	0	0	0	0	1	0	0	0
PF10825.11	0	0	0	0	0	2	0	0	1	0	0	0
PF02167.18	0	0	0	0	0	0	0	0	0	0	0	0
PF13144.9	0	0	0	0	0	0	0	0	0	0	0	0
PF14535.9	1	5	1	2	0	19	6	4	5	2	1	7
PF02771.19	109	261	19	155	64	250	91	116	105	100	50	165
PF02770.22	109	261	19	155	64	250	91	116	104	100	50	165
PF00441.27	110	262	19	155	64	250	91	116	104	100	50	165
PF18952.3	3	1	0	5	4	3	1	2	7	3	1	2
PF01547.28	134	543	9	155	137	796	72	161	126	144	42	212
PF07683.17	0	0	0	0	0	1	2	0	1	2	2	3
PF01915.25	12	19	7	13	25	21	9	4	7	14	6	9
PF00150.21	0	0	1	0	1	2	1	0	2	0	2	1
PF12161.11	5	19	2	11	7	17	5	3	8	11	6	7
PF18537.4	17	9	2	19	7	14	20	19	10	12	4	14
PF03598.18	17	9	2	19	7	14	20	20	10	13	4	14
PF19436.2	17	9	2	19	7	14	21	20	11	13	4	16
PF03063.23	12	9	2	30	4	12	21	19	9	6	6	13
PF03060.18	6	9	0	4	0	3	0	1	0	4	0	3
PF05598.14	21	31	6	51	18	51	26	49	64	27	24	55
PF01076.22	0	4	6	2	10	4	5	0	1	3	12	0
PF09338.14	140	127	20	235	155	221	190	190	180	143	65	191
PF04723.17	31	38	1	58	32	63	51	47	49	24	14	48
PF19789.2	0	3	0	0	0	2	0	1	0	2	1	4
PF13290.9	6	12	6	3	35	13	0	4	14	8	2	11
PF05729.15	1	1	0	2	0	0	0	1	0	0	0	0
PF12750.10	0	0	0	0	0	0	0	0	0	0	1	0
PF19478.2	0	1	2	0	1	1	0	1	2	3	1	0
PF14193.9	0	0	0	0	2	0	1	0	0	0	1	0
PF18852.4	0	0	0	1	1	1	0	0	0	0	0	0
PF08401.14	2	1	3	1	5	3	0	1	3	0	9	1
PF06114.16	2	1	4	2	4	3	2	3	2	4	7	1
PF14191.9	3	1	5	2	3	5	0	1	4	0	11	1
PF14195.9	3	1	3	2	3	5	0	1	3	0	10	1
PF12645.10	1	1	1	2	1	4	0	2	2	0	1	1
PF00301.23	17	21	1	28	4	18	15	13	15	8	8	25
PF02920.18	39	127	7	76	30	111	51	68	45	32	19	54
PF14283.9	0	0	0	1	0	0	0	0	0	0	3	0
PF12666.10	0	0	2	0	2	0	0	0	0	1	3	0
PF12642.10	0	0	0	0	0	0	0	0	0	0	0	0
PF00042.25	0	0	0	0	0	0	0	0	0	0	0	0
PF12728.10	0	2	2	3	1	2	1	0	2	2	2	7
PF02545.17	0	1	2	1	0	6	1	3	6	1	1	1
PF13620.9	0	0	1	1	1	0	0	0	0	0	0	0
PF04413.19	0	0	1	0	0	0	0	0	0	0	3	2
PF03575.20	0	0	0	0	0	1	1	0	0	0	1	1
PF04613.17	0	0	0	1	3	0	1	0	1	0	0	0
PF11028.11	2	1	1	0	4	0	1	0	0	1	2	1
PF02417.18	1	0	1	0	1	0	0	0	1	0	0	2
PF13304.9	2	5	3	4	3	5	2	4	4	1	1	7
PF12186.11	1	1	0	1	9	1	1	1	0	0	2	3
PF01502.21	1	3	0	0	0	8	1	0	1	0	1	2
PF01503.20	1	3	0	0	0	8	1	0	1	0	1	2
PF08328.14	0	0	0	0	6	0	0	0	0	0	0	0
PF12008.11	4	11	1	4	3	6	3	4	2	0	1	2
PF04973.15	0	0	0	0	0	0	0	0	1	0	0	1
PF16403.8	1	1	0	3	0	2	0	1	3	2	2	16
PF02190.19	1	8	0	6	4	17	2	1	3	4	4	10
PF04327.15	3	3	0	4	2	10	1	2	7	3	1	6
PF01032.21	0	2	0	3	1	2	1	0	1	1	1	3
PF05582.15	0	0	0	0	0	0	0	0	0	0	0	0
PF01867.19	0	1	1	0	0	1	0	0	0	0	0	0
PF04468.15	2	5	2	2	7	6	1	3	3	4	2	6
PF09491.13	0	0	2	2	1	1	0	0	0	1	0	1
PF07355.15	36	66	3	101	48	99	69	97	76	45	16	87
PF05544.14	20	11	1	13	17	37	18	22	26	28	9	19
PF19571.2	0	3	0	1	0	2	0	1	0	0	0	1
PF13751.9	16	21	5	37	16	37	20	31	27	21	17	22
PF02604.22	1	4	4	8	4	2	2	1	1	2	0	3
PF13401.9	1	4	3	3	2	6	2	5	2	2	0	1
PF09299.14	0	2	1	3	3	2	3	2	0	0	0	0
PF20020.2	0	1	0	0	1	0	1	0	1	0	0	0
PF05164.16	0	7	0	1	5	10	3	3	3	0	2	3
PF00269.23	30	52	79	59	46	56	16	49	28	23	12	30
PF02616.17	0	0	0	0	1	2	0	0	0	3	1	2
PF01992.19	9	13	3	22	16	22	10	19	10	11	3	21
PF19568.2	0	1	0	0	0	0	0	0	0	1	0	1
PF18980.3	0	4	0	4	0	10	1	2	0	3	1	1
PF01946.20	0	0	0	1	0	1	4	8	1	1	1	1
PF18075.4	1	9	1	3	2	6	4	0	2	1	4	3
PF12663.10	2	5	0	0	0	4	1	2	0	0	1	1
PF13847.9	1	1	0	2	0	3	3	0	3	2	2	4
PF14082.9	0	0	0	1	0	0	0	1	0	0	0	0
PF18828.4	1	1	0	0	1	1	0	0	2	0	5	1
PF05713.14	0	0	2	1	3	1	1	0	1	1	2	0
PF13588.9	0	0	2	2	2	0	1	0	0	1	0	4
PF08463.13	2	4	4	6	2	7	5	7	3	2	2	7
PF13263.9	0	4	0	2	0	3	2	0	1	1	0	2
PF02906.17	8	36	6	24	21	54	16	17	27	17	13	45
PF02256.20	3	8	1	8	13	16	7	8	16	9	4	16
PF12687.10	0	0	1	2	1	2	1	0	0	1	4	0
PF13150.9	0	0	0	0	0	0	0	0	0	0	0	0
PF12991.10	0	0	1	0	0	0	0	0	0	0	1	0
PF01656.26	6	2	1	6	4	3	4	4	3	2	3	12
PF01609.24	25	80	18	52	35	67	48	36	38	26	33	38
PF02401.21	21	59	3	46	23	48	42	25	21	27	11	41
PF04060.16	4	10	1	13	2	23	11	8	14	9	5	14
PF13375.9	16	29	6	16	15	67	18	24	23	34	9	20
PF14266.9	4	2	0	9	4	6	2	2	15	12	0	12
PF12685.10	1	1	1	3	2	7	1	1	3	4	0	1
PF03313.18	2	6	3	6	7	2	5	3	1	7	4	8
PF13458.9	5	8	1	3	3	16	2	0	8	3	6	4
PF00941.24	2	0	0	0	1	0	0	1	1	0	0	0
PF03450.20	2	0	0	0	1	0	0	1	0	0	0	0
PF02629.22	9	9	1	11	6	10	4	5	13	14	5	7
PF04199.16	0	0	0	0	1	2	0	0	2	1	0	1
PF01311.23	1	6	0	4	1	8	2	2	4	3	1	5
PF12733.10	5	2	0	4	0	8	1	2	1	0	0	4
PF02561.17	9	60	0	22	2	69	13	20	29	1	5	31
PF02465.21	34	40	8	114	10	101	82	79	66	26	20	110
PF07195.15	53	63	9	157	14	154	107	102	90	38	26	141
PF20074.2	6	7	0	5	7	8	5	13	12	9	2	6
PF06429.16	72	485	0	140	37	465	87	93	130	96	28	143
PF01814.26	4	24	0	11	7	23	0	5	13	6	5	18
PF07194.14	37	153	2	48	28	167	32	62	34	33	23	61
PF02895.17	37	153	2	48	28	167	32	62	34	33	23	61
PF01139.20	0	0	0	0	1	4	2	0	1	0	1	2
PF05076.16	0	0	0	0	1	0	0	0	0	0	0	0
PF09951.12	0	0	0	0	1	1	0	0	1	0	1	2
PF12673.10	5	9	0	5	5	21	0	3	3	0	3	0
PF08220.15	4	9	2	4	1	7	2	5	6	4	1	9
PF00455.25	4	9	1	4	1	7	2	5	6	4	1	8
PF03788.17	0	1	0	0	0	0	1	0	0	0	0	1
PF03116.18	4	3	3	3	4	10	5	1	0	6	0	3
PF06580.16	3	9	1	10	1	15	4	7	8	3	2	6
PF04233.17	0	0	2	1	2	0	0	0	2	1	2	2
PF03496.17	0	0	0	0	0	0	0	0	0	0	0	0
PF13479.9	0	0	0	0	0	1	0	0	0	0	0	0
PF01507.22	1	5	0	0	2	3	0	2	3	2	1	7
PF13714.9	0	0	0	1	1	0	0	0	0	0	0	0
PF12958.10	0	0	0	0	2	0	0	0	0	0	2	0
PF14236.9	0	0	0	0	0	6	0	0	0	2	2	0
PF17746.4	0	4	0	1	0	9	0	0	2	0	0	0
PF03749.16	0	4	0	1	0	9	0	0	2	0	0	0
PF07943.16	1	5	0	0	3	4	0	1	1	0	1	3
PF08769.14	0	6	0	3	1	13	0	3	2	0	1	4
PF18144.4	0	0	0	0	0	0	0	0	0	0	0	0
PF10048.12	0	0	0	0	0	0	0	0	0	0	0	0
PF08013.14	0	10	0	2	0	6	2	3	1	0	2	1
PF01487.18	0	1	0	0	0	2	0	0	2	1	1	2
PF13320.9	9	14	0	17	0	13	4	7	32	9	11	18
PF02719.18	2	12	1	2	2	9	2	1	4	7	3	5
PF08485.13	0	3	0	0	0	0	1	0	0	0	0	0
PF12911.10	5	19	0	8	3	11	1	2	1	9	2	11
PF07804.15	1	14	0	2	0	15	1	1	1	1	0	2
PF20613.1	0	0	0	0	0	0	0	0	0	0	0	0
PF00801.23	0	2	0	1	0	0	0	0	0	1	0	10
PF01113.23	1	5	1	0	0	10	1	1	1	2	1	4
PF05173.17	1	5	1	0	0	10	1	1	1	2	1	4
PF05922.19	1	3	0	0	0	0	0	0	0	0	0	0
PF07532.14	23	62	0	30	0	73	9	20	97	8	39	59
PF19192.3	0	0	0	0	0	0	0	0	0	0	0	0
PF19191.3	0	0	0	0	0	0	0	0	0	0	0	0
PF14284.9	0	0	2	0	2	0	0	0	0	0	0	0
PF09357.13	0	0	0	0	0	0	0	0	0	0	0	1
PF07693.17	0	0	0	1	3	4	0	0	2	3	0	0
PF13238.9	0	1	0	0	0	0	1	0	0	0	0	0
PF00923.22	5	4	1	5	3	1	6	2	5	4	2	4
PF10991.11	0	0	0	0	0	1	0	1	0	1	0	0
PF10926.11	0	1	1	3	0	2	0	4	0	0	0	2
PF05673.16	0	1	0	1	0	3	3	1	1	1	1	2
PF14202.9	0	0	0	0	0	1	0	0	0	0	1	0
PF15583.9	0	0	0	0	0	0	0	0	0	0	0	0
PF14568.9	0	1	1	1	0	1	0	0	2	0	1	0
PF14080.9	0	0	0	0	0	0	0	0	1	0	1	1
PF14062.9	0	0	0	0	0	0	1	1	0	0	0	1
PF00145.20	5	37	3	16	3	21	20	32	6	3	6	5
PF00326.24	10	11	2	3	9	4	1	3	7	1	5	6
PF07881.15	24	67	5	33	15	76	23	26	41	23	11	28
PF13853.9	0	0	0	0	0	0	0	0	0	0	0	0
PF00183.21	5	36	9	24	9	50	14	25	25	28	25	30
PF00639.24	3	7	0	0	12	5	1	0	1	0	1	0
PF13448.9	0	0	0	0	0	0	0	0	0	0	0	0
PF01716.21	0	0	0	0	0	0	0	0	0	0	0	0
PF18998.3	10	44	32	11	85	45	5	23	19	29	12	31
PF20597.1	0	0	0	0	0	0	0	0	0	0	0	1
PF18205.4	0	0	0	0	0	0	0	0	0	0	0	0
PF19778.2	0	0	0	0	0	0	0	0	0	0	0	0
PF13151.9	0	1	0	0	1	1	0	0	0	0	0	1
PF19553.2	1	0	0	0	1	0	1	0	1	1	2	0
PF10646.12	0	6	0	4	1	16	0	4	5	4	0	0
PF19364.2	36	25	6	63	33	56	32	44	47	31	9	33
PF13707.9	0	0	0	0	0	0	0	0	0	0	0	0
PF00460.23	70	496	0	134	34	468	87	94	122	96	25	141
PF02028.20	1	3	0	0	1	2	0	0	0	0	0	2
PF14203.9	2	4	1	1	0	3	0	0	3	0	1	2
PF17295.5	0	0	0	0	0	0	0	0	10	5	2	9
PF04326.17	13	19	4	15	7	24	16	27	9	8	6	9
PF13749.9	9	18	1	14	5	24	19	25	6	8	6	11
PF08002.14	0	1	0	0	0	0	0	1	2	0	0	0
PF13702.9	0	0	0	0	0	0	2	0	0	1	0	0
PF13586.9	2	0	0	2	2	1	3	8	14	8	1	22
PF13358.9	0	35	1	7	3	44	7	10	5	2	2	4
PF03050.17	25	64	5	40	16	56	37	45	38	15	43	37
PF13817.9	16	46	0	24	6	42	20	26	20	12	10	22
PF18610.4	0	4	1	12	0	5	9	6	19	20	4	15
PF17802.4	4	10	172	50	176	79	2	12	79	57	267	62
PF18202.4	0	0	0	0	0	0	0	0	4	0	0	7
PF12636.10	0	0	0	1	0	0	0	0	2	0	0	0
PF03235.17	3	7	0	6	0	6	4	3	5	4	2	9
PF03652.18	0	2	0	0	3	7	1	0	6	2	2	7
PF13166.9	0	0	0	0	1	0	0	2	0	0	0	0
PF17853.4	11	35	0	11	9	41	12	19	13	6	7	8
PF13556.9	8	26	0	11	8	34	8	12	11	7	7	6
PF02508.17	4	9	2	14	5	17	7	5	3	8	3	12
PF00793.23	2	4	0	2	3	3	0	2	0	5	1	4
PF18840.4	0	1	1	2	0	4	0	5	2	1	3	1
PF11175.11	0	0	0	0	0	0	0	2	1	1	0	0
PF03644.16	0	0	0	1	0	0	0	0	0	1	0	10
PF18911.3	0	0	1	0	0	0	0	0	0	0	2	0
PF01074.25	2	2	0	6	2	2	0	0	1	3	0	23
PF09261.14	2	2	0	6	2	2	0	0	1	3	0	22
PF07748.16	2	2	0	6	2	2	0	0	1	3	0	22
PF17677.4	2	2	0	6	2	2	0	0	1	3	0	22
PF14524.9	3	5	0	1	1	13	0	2	2	2	4	5
PF02441.22	1	13	1	3	1	26	3	2	3	7	0	12
PF01229.20	0	0	1	0	0	1	0	0	2	0	0	0
PF02342.21	6	6	0	14	4	14	5	5	10	10	1	12
PF08501.14	0	5	0	0	4	0	1	2	1	0	1	0
PF18317.4	0	4	0	0	0	0	1	2	1	0	1	0
PF02614.17	1	6	0	4	1	3	2	4	3	1	1	7
PF16107.8	0	0	0	0	0	0	0	0	1	0	0	0
PF05717.16	1	4	2	1	8	5	14	10	0	0	0	3
PF05136.16	0	1	0	0	0	1	0	0	0	0	1	0
PF00882.21	0	2	0	0	0	1	1	0	1	1	1	3
PF10369.12	0	3	0	2	3	8	1	0	0	5	0	3
PF16736.8	0	1	0	0	3	0	1	0	0	2	0	1
PF17678.4	1	1	3	1	13	1	0	1	1	0	0	5
PF07971.15	1	1	3	1	14	1	0	1	1	0	0	5
PF13306.9	124	469	18	252	38	521	52	144	454	208	168	378
PF03422.18	3	3	0	1	0	0	3	1	9	3	4	6
PF17851.4	0	0	3	1	0	3	0	1	1	0	2	1
PF02219.20	5	3	1	7	5	11	3	5	5	4	2	5
PF05683.15	7	10	0	4	3	4	5	3	3	8	1	3
PF18842.4	0	0	0	0	0	0	0	0	0	0	0	0
PF18830.4	1	0	1	1	2	0	0	0	4	1	3	0
PF14096.9	0	0	0	0	0	0	1	0	0	0	0	0
PF07005.14	0	0	0	0	0	1	1	1	0	0	0	2
PF17042.8	0	0	0	0	0	1	1	1	0	0	0	2
PF10076.12	0	0	0	0	0	2	0	0	0	0	0	0
PF04865.17	0	3	0	0	0	4	0	0	1	0	1	4
PF10934.11	0	0	0	0	0	2	0	0	0	0	0	0
PF08890.14	0	0	0	0	0	2	0	0	0	0	0	0
PF09393.13	1	0	0	1	0	2	0	0	1	0	0	0
PF17481.5	0	1	0	1	0	6	0	0	0	0	1	1
PF04984.17	0	1	0	1	0	6	0	0	0	0	1	1
PF17482.5	0	1	0	1	0	6	0	0	0	0	1	1
PF04883.15	0	0	0	0	0	0	0	0	0	0	0	0
PF06810.14	1	0	0	0	0	17	0	0	0	0	0	0
PF05133.17	0	0	0	0	1	0	0	0	0	0	1	0
PF04466.16	0	0	0	0	0	0	0	0	0	0	0	0
PF17288.5	0	0	0	0	0	0	0	0	0	0	0	0
PF03747.17	0	0	0	0	0	0	0	1	1	0	0	1
PF05037.16	0	0	0	0	0	0	0	0	0	0	0	0
PF04295.16	0	0	0	3	0	2	2	0	1	0	0	1
PF18152.4	0	0	0	0	0	1	0	2	0	0	0	0
PF04223.15	0	0	0	0	0	1	0	0	0	1	0	0
PF06808.15	3	9	0	8	0	16	4	2	2	1	3	9
PF06130.15	8	24	2	40	16	38	26	16	14	18	6	4
PF02562.19	1	10	1	2	4	11	3	2	3	5	4	5
PF03354.18	0	0	1	0	2	1	0	1	0	0	0	0
PF20441.1	0	1	1	0	2	1	0	1	0	0	0	0
PF01557.21	0	0	0	0	0	1	0	0	0	0	0	0
PF05063.17	0	0	0	0	1	0	0	0	0	0	3	0
PF18789.4	0	0	1	0	1	0	0	0	0	0	3	0
PF01297.20	0	0	0	1	1	1	0	0	1	0	0	1
PF08376.13	0	0	0	0	0	0	0	0	0	0	0	0
PF02595.18	0	5	0	0	0	1	1	0	0	0	0	1
PF09913.12	3	5	0	1	1	2	2	2	2	3	1	0
PF06180.14	0	0	0	3	0	4	2	0	1	0	0	3
PF13149.9	3	3	0	1	2	0	0	0	0	0	1	2
PF20164.1	0	0	0	0	0	0	0	0	0	0	0	0
PF05425.16	0	0	0	0	0	0	0	0	0	0	0	0
PF09678.13	0	0	0	0	0	0	0	0	0	0	0	0
PF06769.17	4	4	0	3	2	7	3	2	1	2	1	1
PF07366.15	6	29	0	8	15	36	0	7	9	1	0	0
PF17179.7	6	1	1	7	4	11	9	5	8	5	3	16
PF14310.9	12	19	7	13	25	21	9	4	7	14	5	9
PF03473.20	0	0	0	0	0	1	0	0	1	0	0	0
PF20501.1	1	1	0	0	0	0	0	0	0	1	0	1
PF04039.16	1	1	0	0	0	0	0	0	0	1	0	1
PF02305.20	0	0	0	0	0	0	0	0	0	0	0	0
PF14322.9	22	50	7	14	70	5	10	5	14	3	12	26
PF07980.14	24	53	7	14	70	6	12	6	14	4	14	26
PF01298.21	0	0	0	0	0	0	0	0	0	0	0	0
PF02107.19	0	0	0	0	0	0	0	0	0	0	0	0
PF00296.23	0	0	0	0	0	0	0	0	0	0	0	1
PF03861.17	1	2	0	0	0	1	0	0	1	0	1	2
PF09856.12	0	0	0	0	0	0	0	0	0	0	0	0
PF07949.15	0	20	0	12	9	29	0	2	13	15	4	14
PF07352.15	0	0	0	0	0	0	0	0	0	0	0	0
PF06074.15	0	0	1	0	0	0	0	0	0	0	0	0
PF10124.12	0	0	0	0	0	0	0	0	0	0	0	0
PF07030.15	0	0	1	0	0	0	0	0	0	0	1	0
PF12730.10	11	4	1	11	2	1	5	4	2	6	2	5
PF01063.22	4	11	1	10	5	10	3	4	4	4	1	4
PF04439.15	1	3	0	0	1	3	0	0	0	0	0	2
PF06486.14	0	0	0	1	0	0	1	0	0	0	0	1
PF01473.23	329	355	8	485	122	534	330	105	83	253	41	119
PF19085.3	81	85	0	124	3	113	75	23	8	11	0	12
PF19127.3	100	140	6	153	70	215	80	27	73	149	23	105
PF01183.23	1	13	2	2	3	26	2	2	3	3	1	12
PF04293.16	0	0	0	0	0	0	0	0	0	0	0	0
PF20008.2	0	0	0	1	0	0	0	0	0	1	0	0
PF00188.29	0	39	0	2	1	27	2	3	1	0	3	2
PF09479.13	39	86	6	51	7	94	9	33	172	35	183	218
PF14014.9	0	0	0	0	0	0	1	0	2	0	0	0
PF04378.16	0	0	0	0	0	0	0	0	0	0	0	0
PF06472.18	0	0	0	0	0	0	0	0	0	0	0	0
PF02951.17	0	0	0	0	0	0	0	0	0	0	0	0
PF02955.19	0	0	0	0	0	0	0	0	0	0	0	0
PF13204.9	1	0	0	0	0	0	0	0	0	0	0	1
PF02324.19	0	0	0	0	0	0	0	0	0	0	0	0
PF13457.9	0	0	0	0	0	0	0	0	0	0	0	0
PF13632.9	0	0	0	0	0	0	0	0	0	0	0	0
PF13531.9	0	0	0	0	1	0	0	2	0	1	0	0
PF12399.11	2	1	1	1	1	2	2	1	1	2	2	0
PF00771.23	9	12	3	11	9	32	5	7	9	10	5	18
PF17391.5	6	8	0	2	3	2	4	4	6	2	1	3
PF01175.21	6	8	0	2	3	2	4	4	6	2	1	3
PF17392.5	6	8	0	2	3	2	4	4	6	2	1	3
PF09035.13	0	0	0	0	0	0	0	0	0	0	0	0
PF10105.12	0	1	0	1	0	0	0	1	1	0	0	0
PF01823.22	0	0	0	0	0	0	0	0	0	0	0	0
PF20142.2	0	0	0	0	0	0	0	0	0	0	0	0
PF12156.11	0	0	0	0	0	0	0	0	0	0	0	0
PF05895.15	0	0	0	0	0	2	0	0	0	0	0	0
PF05662.17	0	0	0	0	0	0	0	0	0	0	0	0
PF05658.17	0	0	0	0	0	0	0	0	0	0	0	0
PF06175.14	0	0	0	0	0	0	0	0	0	0	0	0
PF10162.12	0	0	0	0	0	0	0	0	0	0	0	0
PF18962.3	0	0	0	0	0	0	0	0	0	0	0	0
PF12847.10	2	6	0	0	0	11	3	0	0	1	2	4
PF06545.14	6	8	0	8	4	8	3	3	8	10	3	6
PF00722.24	0	0	0	5	1	0	0	0	1	0	0	2
PF02608.17	10	81	1	23	5	117	11	22	4	4	1	11
PF08874.13	0	0	0	1	1	0	1	5	0	0	0	2
PF12395.11	0	0	0	1	1	0	1	5	0	0	0	2
PF09547.13	1	7	0	2	4	7	1	3	6	2	1	5
PF20438.1	1	7	0	2	4	7	1	3	6	2	1	5
PF20439.1	1	7	0	2	4	7	1	3	6	2	1	5
PF13451.9	2	2	0	1	2	5	4	2	3	9	1	2
PF01746.24	1	3	0	3	0	5	2	2	1	2	0	1
PF08903.14	1	8	0	1	2	4	0	5	0	3	1	2
PF12224.11	0	0	0	1	0	0	0	0	0	0	1	0
PF06751.14	2	0	0	5	2	0	0	2	2	0	2	1
PF00936.22	24	47	6	97	49	65	54	29	31	20	7	25
PF06134.14	1	1	0	0	1	0	2	1	0	0	1	2
PF05816.14	6	15	0	8	3	22	2	6	9	9	3	11
PF07728.17	2	1	0	2	0	0	0	1	1	2	0	2
PF13624.9	0	0	0	1	3	0	1	1	2	2	1	2
PF17937.4	0	0	0	0	0	0	0	0	0	0	0	0
PF18059.4	0	0	0	0	0	0	0	0	0	0	0	0
PF19425.2	0	0	0	0	0	0	0	0	0	0	0	0
PF07635.14	0	0	0	0	0	0	0	0	0	0	0	0
PF07626.14	0	0	0	0	0	0	0	0	0	0	0	0
PF07637.14	0	0	0	0	0	0	0	0	0	0	0	0
PF07631.14	0	0	0	0	0	0	0	0	0	0	0	0
PF07627.14	0	0	0	0	0	0	0	0	0	0	0	0
PF07624.14	0	0	0	0	0	0	0	0	0	0	0	0
PF01035.23	1	2	0	2	0	2	0	0	1	2	0	0
PF04357.16	1	1	5	0	1	0	0	1	0	1	0	1
PF13488.9	0	0	0	0	2	0	0	0	0	0	0	0
PF20057.2	0	0	0	0	0	0	0	0	0	0	0	0
PF10415.12	2	2	0	2	0	2	5	0	1	3	2	2
PF12345.11	0	0	0	0	0	0	0	0	0	0	0	0
PF02018.20	2	2	3	37	3	0	3	10	6	6	0	16
PF07550.14	0	0	0	0	0	0	0	0	0	0	0	0
PF07995.14	0	0	0	0	0	0	0	0	0	0	0	0
PF13517.9	0	0	0	0	0	0	0	0	0	0	3	0
PF09414.13	1	0	0	0	0	0	0	0	0	2	0	1
PF06490.14	0	0	0	0	0	0	0	0	0	0	0	0
PF04229.17	0	0	0	0	0	0	0	0	0	0	0	0
PF03916.17	0	0	0	0	0	1	0	0	0	0	0	0
PF17899.4	0	0	0	0	0	0	0	0	0	0	0	0
PF05299.15	0	0	0	0	0	0	0	0	0	0	0	0
PF00724.23	2	6	1	6	6	0	3	3	4	1	2	8
PF02091.18	0	0	0	0	0	0	0	0	0	0	0	0
PF08787.14	0	0	0	0	0	0	0	0	0	0	0	0
PF17892.4	0	0	0	0	0	0	0	0	0	0	4	0
PF17963.4	0	0	0	0	0	0	0	0	0	0	18	0
PF18931.3	0	0	0	0	0	0	1	0	0	0	0	0
PF04754.15	0	1	0	4	0	4	2	3	3	1	1	2
PF10145.12	1	5	5	2	1	7	0	0	0	0	2	1
PF02511.18	2	1	0	4	0	5	0	0	0	0	1	2
PF04014.21	0	6	3	4	1	5	1	6	3	0	1	5
PF06908.14	0	0	0	0	0	0	0	0	0	0	0	0
PF13346.9	1	1	1	0	0	2	0	2	0	1	0	0
PF12837.10	1	0	0	1	0	2	0	0	1	0	1	0
PF15937.8	0	0	0	0	0	1	0	0	0	0	0	0
PF13470.9	1	4	0	5	3	4	6	2	1	0	0	1
PF04221.15	2	20	2	8	4	12	5	10	3	0	1	3
PF05016.18	1	4	1	6	1	2	0	6	1	1	1	6
PF06964.15	8	7	1	9	1	7	2	4	12	8	4	10
PF13007.10	22	61	3	28	5	58	26	31	26	10	22	25
PF13643.9	0	1	0	2	0	1	0	1	0	1	1	1
PF01583.23	0	0	0	0	0	5	0	1	1	1	0	2
PF03965.19	5	31	13	57	58	28	7	21	30	33	8	13
PF19546.2	0	4	2	1	2	6	0	3	0	0	1	3
PF17761.4	10	15	1	14	9	12	4	4	15	7	2	10
PF06250.14	10	16	1	15	9	12	4	6	15	7	2	10
PF04509.15	25	96	19	37	24	116	32	37	52	54	20	54
PF01052.23	16	69	9	30	13	92	22	23	33	39	16	29
PF04647.18	3	1	0	18	14	0	16	14	5	4	0	3
PF07697.14	0	0	0	0	0	2	0	0	0	1	0	0
PF09424.13	0	0	2	0	3	6	0	0	1	1	0	5
PF04020.16	0	0	0	0	0	0	0	0	0	1	0	0
PF00462.27	2	2	0	0	1	3	0	2	0	1	1	3
PF07602.14	0	0	0	0	0	0	0	0	1	0	0	0
PF05569.14	13	52	9	156	103	61	27	32	48	75	21	17
PF00544.22	0	0	0	0	0	0	0	0	0	0	0	0
PF13229.9	2	2	1	1	2	5	1	4	6	6	1	5
PF18283.4	0	0	0	0	0	0	0	0	0	0	0	0
PF02547.18	1	6	5	1	0	5	2	3	2	0	1	1
PF13721.9	0	0	0	0	0	0	0	0	0	0	0	0
PF03938.17	2	8	3	0	5	3	2	3	0	2	6	3
PF11392.11	0	0	0	0	0	1	1	0	1	0	0	1
PF12860.10	0	0	0	0	0	0	0	0	0	0	0	0
PF09852.12	0	0	1	0	0	0	0	0	0	0	0	0
PF11985.11	0	0	0	0	0	0	0	0	0	0	0	1
PF13165.9	0	12	0	3	6	8	2	3	5	2	0	6
PF02914.18	0	0	0	0	0	0	0	0	0	0	0	0
PF13303.9	0	1	0	0	0	4	2	2	0	0	0	1
PF18824.4	0	0	0	0	0	0	0	0	0	0	0	0
PF14078.9	0	0	0	0	0	0	0	0	0	0	0	0
PF01070.21	0	0	0	4	0	0	2	2	5	0	0	0
PF02682.19	0	1	0	0	0	0	0	0	0	0	0	0
PF03328.17	0	0	0	0	0	0	0	0	0	1	0	0
PF14804.9	6	6	0	6	1	10	4	3	5	4	2	9
PF01424.25	6	6	0	6	1	10	4	3	5	4	2	9
PF03737.18	0	0	0	0	0	0	0	0	0	0	0	0
PF20038.2	0	0	0	1	0	0	0	0	0	0	0	0
PF01066.24	0	5	0	0	4	7	2	1	1	1	1	3
PF01144.26	8	14	5	24	6	28	13	7	6	8	6	10
PF09039.14	0	0	0	0	0	0	0	0	0	0	0	0
PF03746.19	0	0	0	0	0	0	0	0	1	1	1	0
PF01566.21	0	2	4	1	0	0	0	0	1	0	1	0
PF07286.15	1	0	0	0	0	0	0	0	0	0	0	1
PF08497.13	1	4	0	1	2	7	0	3	1	2	2	3
PF11842.11	1	4	0	1	2	7	0	3	1	2	2	3
PF00215.27	1	4	1	4	2	10	1	3	2	1	0	4
PF00302.21	0	7	0	0	1	12	0	1	0	0	0	1
PF02754.19	8	6	0	10	4	5	10	4	2	20	6	7
PF15714.8	0	3	0	1	0	3	0	1	0	0	1	2
PF12710.10	2	2	2	2	1	1	0	1	0	1	2	1
PF07873.14	0	1	0	0	1	1	0	0	0	1	0	0
PF04232.15	0	0	0	0	0	0	0	0	0	0	0	0
PF02411.18	0	0	0	0	0	0	0	0	0	0	0	0
PF05170.17	0	0	0	0	0	0	0	0	0	1	0	0
PF13493.9	0	3	0	0	0	1	1	0	0	1	0	0
PF13840.9	0	1	1	3	3	4	2	1	1	5	0	3
PF06677.15	0	0	0	0	0	0	0	0	0	0	0	0
PF13860.9	1	3	0	2	1	2	1	1	1	1	0	2
PF18934.3	1	1	0	2	1	0	1	0	0	0	0	4
PF20458.1	0	0	0	0	0	1	0	0	0	0	0	0
PF07993.15	0	0	1	0	2	3	4	0	0	1	0	2
PF07394.15	0	0	0	0	0	0	0	0	0	0	0	0
PF01348.24	1	5	3	2	3	1	2	1	0	1	3	0
PF08495.13	4	17	1	8	4	18	2	3	6	5	2	9
PF10442.12	3	3	1	6	3	1	2	2	3	0	1	2
PF04630.15	0	0	0	0	0	0	0	0	0	0	0	0
PF08797.14	0	0	0	0	0	0	0	0	0	0	0	0
PF01292.23	0	0	0	0	0	0	0	0	0	0	0	0
PF14814.9	0	0	0	0	0	0	0	0	0	0	0	0
PF11794.11	0	0	0	0	0	1	1	0	0	0	0	0
PF03241.16	0	0	0	0	0	1	1	0	0	0	0	0
PF00857.23	0	0	0	0	0	2	0	0	0	0	0	5
PF13343.9	0	3	0	6	1	3	3	1	0	1	1	7
PF13380.9	0	0	0	0	0	0	0	0	0	0	1	0
PF10593.12	0	1	0	1	0	0	0	0	0	1	1	1
PF10592.12	0	0	0	0	0	0	0	1	1	0	0	0
PF09924.12	0	1	1	1	0	3	0	0	0	3	0	0
PF00487.27	0	0	0	0	0	0	0	0	0	0	0	0
PF08818.14	1	1	0	0	1	2	1	1	1	1	0	0
PF12681.10	0	1	0	1	0	1	0	0	2	0	0	0
PF20148.2	1	1	0	6	0	2	1	0	0	0	1	0
PF05580.15	0	3	0	0	0	1	0	0	1	0	1	5
PF11888.11	0	0	0	0	0	0	0	0	0	0	0	0
PF15572.9	0	0	0	0	0	0	0	0	0	0	0	0
PF11760.11	0	0	0	2	0	2	0	0	0	0	0	1
PF01890.19	0	0	0	2	0	2	0	0	0	0	0	1
PF13296.9	0	0	0	0	0	0	0	0	0	0	0	0
PF18991.3	3	1	1	0	2	1	3	1	4	2	0	5
PF13569.9	3	4	2	6	2	1	3	2	5	2	0	8
PF03448.20	2	17	0	0	4	14	1	3	1	0	2	1
PF01769.19	2	9	0	0	4	6	1	3	0	0	2	1
PF07606.14	0	0	0	0	0	0	0	0	0	0	0	0
PF13442.9	0	0	0	0	0	0	0	0	0	0	0	0
PF06695.14	0	0	0	1	1	2	0	0	0	0	0	0
PF13595.9	0	0	2	0	0	0	0	0	0	0	1	0
PF04967.15	0	0	0	0	0	0	0	0	0	0	0	0
PF12225.11	2	0	0	3	0	2	2	6	0	1	0	0
PF17200.7	1	38	0	4	0	46	2	6	1	3	1	8
PF00089.29	0	0	0	0	0	0	0	0	0	0	0	0
PF09002.14	0	0	0	0	0	0	0	0	0	0	0	0
PF02798.23	0	0	0	0	0	0	0	0	0	0	0	0
PF00043.28	0	0	0	0	0	0	0	0	0	0	0	0
PF11734.11	0	2	1	0	0	2	2	2	0	1	1	2
PF05853.15	1	2	1	0	0	5	0	0	0	0	0	0
PF03551.17	1	5	1	1	0	11	0	1	2	1	1	6
PF10400.12	0	0	0	0	0	0	0	0	0	0	0	1
PF07848.15	0	0	0	0	0	0	0	0	0	0	0	0
PF08223.14	0	0	0	0	0	0	0	0	0	0	0	0
PF07729.15	2	11	0	8	5	10	3	3	7	4	3	15
PF01386.22	1	5	0	0	4	0	0	1	4	0	1	3
PF14693.9	1	5	0	0	4	0	0	1	4	0	1	3
PF13116.9	0	0	0	0	0	0	0	0	0	0	0	0
PF16199.8	0	0	0	2	2	2	1	0	1	0	0	1
PF11520.11	0	0	0	0	0	0	0	0	0	0	0	0
PF02631.19	2	3	0	2	1	1	0	2	0	1	0	1
PF14319.9	0	3	0	5	0	16	3	10	5	3	2	10
PF04986.16	0	3	0	5	0	16	3	10	5	3	2	10
PF18974.3	1	0	0	0	3	0	0	0	0	1	0	0
PF13699.9	0	0	0	0	0	0	0	0	0	0	0	0
PF00092.31	7	1	1	2	7	1	0	0	2	4	3	3
PF14489.9	1	0	0	2	1	0	0	1	1	2	1	1
PF04383.16	0	4	1	3	1	1	0	0	5	0	0	0
PF05693.16	2	2	0	6	6	0	0	2	2	2	0	2
PF11897.11	2	3	1	4	18	0	1	1	2	2	1	3
PF12439.11	2	5	0	2	8	0	0	1	3	1	0	4
PF06202.17	2	5	0	2	8	0	0	1	3	1	0	4
PF03065.18	0	1	2	3	5	1	0	0	1	2	1	1
PF12708.10	2	2	0	1	0	4	0	1	7	3	1	4
PF00295.20	0	0	0	1	0	0	0	0	2	0	0	0
PF01095.22	0	0	0	0	0	0	0	0	0	0	0	0
PF07495.16	1	0	0	0	0	0	1	0	0	0	2	0
PF13636.9	0	0	1	1	4	0	0	1	2	1	0	1
PF02591.18	0	0	1	1	11	0	0	1	0	0	0	0
PF04205.17	1	11	2	4	5	11	3	2	6	3	1	7
PF03993.15	75	52	9	10	45	10	5	5	13	20	62	40
PF02308.19	0	2	0	0	1	2	2	0	1	1	2	0
PF13205.9	0	1	0	0	1	0	0	0	0	0	0	0
PF12831.10	0	0	0	0	0	0	0	0	0	0	0	0
PF10459.12	0	0	0	0	0	0	0	0	0	0	0	0
PF02475.19	1	0	0	1	1	0	0	0	1	0	1	0
PF13368.9	3	0	0	3	21	0	0	0	0	3	3	3
PF01975.20	1	1	1	0	1	1	0	0	0	0	0	0
PF04390.15	0	0	0	0	0	0	0	0	0	0	0	0
PF06824.14	0	0	0	0	3	0	1	0	0	0	0	0
PF14128.9	1	0	0	0	0	0	0	0	0	0	0	1
PF05681.17	6	7	0	4	10	13	10	5	9	5	1	5
PF16314.8	1	0	0	0	0	1	0	0	0	0	0	1
PF02347.19	1	3	2	4	3	2	1	0	4	2	3	2
PF13525.9	1	3	0	1	0	0	0	1	1	1	1	3
PF14805.9	0	0	0	0	0	0	1	0	0	0	0	2
PF02897.18	0	0	0	0	0	0	0	0	0	0	0	0
PF02405.19	1	0	0	0	0	0	0	0	0	0	0	0
PF01464.23	2	1	0	2	3	3	2	1	3	1	2	6
PF18935.3	0	0	0	0	0	0	0	0	0	0	0	1
PF13100.9	2	1	0	1	10	0	0	1	1	0	0	1
PF14134.9	2	0	1	0	4	1	0	0	1	0	1	1
PF00329.22	0	6	0	1	8	1	0	0	0	1	1	3
PF00346.22	0	6	0	2	18	1	0	0	0	1	1	3
PF19838.2	0	0	0	0	1	0	1	0	1	0	1	0
PF14123.9	1	0	0	0	1	0	0	0	0	0	0	1
PF08666.15	3	0	0	5	0	6	4	0	7	3	1	11
PF13740.9	3	0	2	0	1	2	0	0	1	2	0	0
PF14127.9	0	0	0	0	0	0	0	0	0	0	0	0
PF04773.16	0	0	0	0	0	0	0	0	0	0	0	0
PF16344.8	0	0	0	0	0	0	0	0	0	0	0	0
PF03571.18	0	2	0	2	2	2	0	0	6	0	2	0
PF02666.18	0	0	1	1	2	1	0	1	0	0	1	0
PF08665.15	2	11	2	10	5	5	0	3	7	4	2	7
PF07676.15	41	47	12	29	89	10	3	16	24	8	18	34
PF03169.18	1	0	1	3	2	3	2	0	2	0	1	1
PF02749.19	0	0	0	1	1	0	1	0	1	3	1	4
PF01729.22	0	0	0	1	1	0	1	0	1	3	1	4
PF03308.19	0	0	1	0	1	0	0	1	0	0	1	0
PF05896.14	3	0	0	0	1	0	0	0	0	0	0	1
PF11973.11	3	0	0	0	1	0	0	0	0	0	0	1
PF00970.27	6	2	2	7	6	5	5	3	9	7	0	9
PF07837.15	1	3	1	0	0	2	0	2	1	0	2	5
PF02971.17	1	3	1	0	0	2	0	2	1	0	2	5
PF04961.15	3	3	1	2	3	3	1	1	0	1	3	6
PF00221.22	5	4	0	4	1	6	2	1	2	2	3	3
PF04172.19	0	0	0	1	0	1	1	0	0	0	0	0
PF20600.1	0	0	1	0	8	0	0	1	0	0	0	1
PF06971.16	2	1	1	3	2	2	1	2	5	3	2	1
PF01252.21	2	3	0	1	3	5	1	2	4	1	0	3
PF19577.2	0	0	0	0	0	0	0	0	0	0	1	0
PF02585.20	10	0	1	0	5	3	2	0	4	0	1	0
PF02498.20	0	1	0	1	0	0	0	1	0	1	0	0
PF03374.17	0	0	0	0	0	0	0	0	0	0	0	0
PF18956.3	0	0	0	0	0	0	0	0	0	0	0	0
PF09709.13	0	4	1	2	2	8	0	0	2	0	0	1
PF20463.1	1	1	0	1	1	1	0	1	0	0	0	0
PF12897.10	4	6	0	6	0	5	6	3	2	2	0	5
PF01011.24	0	0	0	0	0	0	0	0	0	0	0	0
PF13734.9	10	7	1	1	8	2	1	1	2	1	1	4
PF01640.20	7	7	1	0	8	1	1	1	2	1	1	4
PF09968.12	0	0	0	0	0	0	0	0	0	0	0	0
PF07610.14	2	0	2	0	0	0	0	0	2	0	0	0
PF04443.15	0	0	0	0	0	0	0	0	0	0	0	0
PF13650.9	0	0	0	0	0	0	0	0	0	0	0	0
PF13195.9	0	0	3	0	2	0	0	0	0	0	0	0
PF18741.4	0	0	3	0	2	0	0	0	0	0	0	0
PF11784.11	0	0	0	0	0	0	0	0	0	0	0	0
PF08124.14	0	0	0	2	0	0	0	0	0	0	0	0
PF02278.21	0	0	0	2	0	0	0	0	0	0	0	0
PF02884.20	0	0	0	1	0	0	0	0	0	0	0	0
PF06210.14	0	0	0	0	0	0	0	0	0	0	0	0
PF17919.4	0	1	1	1	0	1	7	4	1	3	1	0
PF04453.17	0	0	0	0	0	0	0	0	0	0	0	0
PF05359.14	0	0	0	0	0	0	0	0	0	0	0	0
PF13191.9	0	0	0	0	0	0	0	0	0	0	0	0
PF10622.12	0	0	0	0	0	0	0	0	0	0	0	0
PF10108.12	0	0	0	0	0	0	0	0	0	0	0	0
PF05368.16	0	0	0	0	0	0	1	0	0	0	0	0
PF12320.11	0	0	0	1	0	1	0	0	1	0	0	2
PF07705.14	0	0	0	1	2	1	1	0	0	0	0	0
PF08411.13	0	0	0	0	1	0	0	0	0	0	0	0
PF07331.14	0	0	0	0	0	1	0	0	0	3	0	1
PF17651.4	1	4	0	1	0	6	3	3	0	1	1	1
PF14574.9	1	6	0	1	0	12	3	5	0	1	1	1
PF08468.14	0	0	0	0	0	0	0	0	0	0	0	0
PF12771.10	0	0	0	0	0	0	0	0	0	0	0	0
PF04632.15	0	0	0	0	0	0	0	0	0	0	0	0
PF17850.4	0	0	0	0	0	0	0	0	0	0	0	1
PF12857.10	0	0	0	0	0	0	0	0	0	0	0	0
PF03721.17	1	5	2	2	5	4	1	1	1	4	3	2
PF00984.22	1	5	2	2	5	4	1	1	1	4	3	2
PF03720.18	0	3	2	1	5	4	1	1	0	3	3	2
PF11974.11	0	0	1	0	0	0	0	0	0	0	0	0
PF17972.4	0	0	1	0	0	0	0	0	0	0	0	0
PF17962.4	0	0	1	0	0	0	0	0	0	0	0	0
PF16123.8	0	0	0	0	0	0	0	0	0	0	0	0
PF02578.18	0	2	1	1	2	6	0	0	0	0	2	4
PF07661.16	0	0	0	0	0	0	0	0	0	0	0	0
PF07593.15	0	0	0	0	0	0	0	0	0	0	0	0
PF13573.9	0	0	0	0	0	0	0	0	0	0	0	0
PF20314.1	0	0	0	0	0	0	0	0	0	0	0	0
PF13489.9	0	3	1	1	0	4	1	3	0	1	0	0
PF07876.15	0	1	0	1	0	1	1	0	0	0	0	0
PF18967.3	0	0	0	0	0	0	0	0	0	0	0	0
PF14842.9	13	33	3	20	7	28	9	10	22	8	7	17
PF14841.9	13	33	3	20	7	28	9	10	22	8	7	17
PF01706.19	13	34	3	21	7	28	9	10	22	8	8	17
PF01888.20	0	0	0	1	1	2	0	2	0	0	0	0
PF00584.23	2	12	0	4	21	6	1	5	2	6	0	5
PF03786.16	1	3	0	3	1	6	4	3	3	2	0	11
PF15975.8	11	28	7	22	2	30	14	7	13	5	8	11
PF05139.17	0	1	0	0	0	0	0	0	0	1	0	2
PF03682.16	0	0	0	0	0	0	1	0	0	0	0	0
PF13710.9	0	1	0	1	1	6	1	0	0	4	0	1
PF13946.9	0	0	0	0	0	0	0	0	0	0	0	0
PF00041.24	39	42	1	58	10	105	8	35	116	15	25	90
PF13808.9	3	1	0	5	3	3	9	9	1	3	1	2
PF04332.18	0	0	0	0	0	0	0	0	0	0	0	0
PF09481.13	0	0	0	0	0	0	0	0	0	0	0	0
PF09369.13	0	2	0	1	0	6	2	5	1	1	0	2
PF09839.12	0	0	0	0	0	0	0	0	0	0	0	0
PF00331.23	2	0	3	8	3	0	2	10	4	2	0	4
PF03576.17	0	0	0	0	0	0	0	0	0	0	0	0
PF13581.9	0	1	0	1	1	0	0	0	4	1	1	1
PF02621.17	0	0	0	0	0	0	0	0	0	0	0	0
PF01948.21	0	4	0	0	1	1	1	0	0	2	0	5
PF02748.18	0	4	0	1	1	1	1	0	0	2	0	5
PF05043.16	1	2	0	4	0	4	1	0	5	4	2	19
PF12683.10	4	8	0	7	1	14	3	1	1	5	0	3
PF05521.14	0	0	0	0	0	0	0	0	0	0	0	0
PF03713.16	0	0	0	0	0	0	0	0	0	0	0	0
PF06089.15	0	0	0	0	0	0	0	0	0	0	0	0
PF08531.13	0	0	0	6	4	0	2	2	2	7	3	3
PF05592.14	0	0	0	6	4	1	2	2	2	7	3	3
PF17389.5	0	1	1	7	6	1	2	2	2	7	5	3
PF17390.5	0	0	0	6	4	1	2	2	2	7	3	3
PF16189.8	1	6	1	2	3	14	2	0	1	5	3	9
PF16188.8	1	6	1	2	3	14	2	0	1	5	3	9
PF00815.23	1	6	0	0	2	4	0	2	2	0	0	3
PF09861.12	1	22	0	4	2	10	1	4	7	3	1	3
PF13555.9	1	3	0	2	0	4	1	2	1	1	1	2
PF03480.16	4	6	0	7	0	17	4	1	8	1	0	13
PF07679.19	0	0	0	0	0	0	0	0	0	0	0	0
PF01436.24	0	0	0	0	0	0	0	4	3	0	1	0
PF04122.15	0	0	0	0	0	0	0	0	0	0	0	0
PF03534.16	0	0	0	0	0	0	0	0	0	0	0	0
PF12256.11	0	0	0	0	0	0	0	0	0	0	0	0
PF07863.14	0	0	0	0	0	0	0	0	0	0	0	0
PF02613.18	0	0	0	0	0	0	1	3	0	0	1	0
PF12411.11	0	0	0	0	0	0	0	0	0	0	0	0
PF13280.9	5	14	3	10	9	32	3	3	3	6	5	5
PF01856.20	0	0	0	0	0	0	0	0	0	0	0	0
PF01798.21	0	0	0	0	0	0	0	0	0	0	0	0
PF04339.15	0	0	0	0	0	0	0	0	0	0	0	0
PF01223.26	0	0	0	0	1	0	0	0	0	0	0	0
PF04216.15	0	0	0	2	0	0	0	0	1	0	0	0
PF02639.17	0	2	0	0	0	0	0	0	0	0	0	0
PF17125.8	0	0	1	1	4	0	0	2	2	2	0	4
PF17126.8	0	0	1	1	2	0	0	1	2	1	0	1
PF02635.18	0	0	0	0	0	0	0	0	1	0	1	0
PF14265.9	1	0	0	0	0	0	0	0	0	0	1	0
PF05231.17	0	0	0	0	0	0	0	0	0	0	0	0
PF07396.14	0	0	0	1	0	0	0	0	0	0	0	0
PF03591.17	0	4	0	0	1	4	1	0	1	0	0	2
PF12791.10	0	0	0	0	0	0	0	0	0	0	0	0
PF14526.9	2	4	1	5	1	2	0	1	0	3	0	8
PF05635.14	0	0	0	0	0	0	0	0	0	0	0	0
PF14815.9	0	4	0	1	0	9	0	1	2	1	0	1
PF14289.9	0	0	0	0	8	0	0	0	0	0	0	0
PF04982.16	0	0	0	0	0	0	0	0	0	0	0	0
PF02669.18	0	0	0	0	0	0	0	0	0	0	0	0
PF07695.14	0	0	0	0	0	0	0	0	0	0	0	0
PF01375.20	0	0	0	0	0	0	0	0	0	0	0	0
PF00850.22	0	0	0	0	0	0	0	0	0	0	0	0
PF09210.14	0	0	2	0	0	0	0	0	0	1	0	0
PF03476.19	0	0	0	0	0	0	0	0	0	0	0	0
PF03206.17	0	0	0	0	0	0	0	0	0	0	0	0
PF01347.25	0	0	0	0	0	0	0	0	0	0	0	0
PF20030.2	0	0	0	0	1	0	0	0	0	0	0	0
PF17868.4	0	0	0	0	1	0	0	0	0	0	0	0
PF02423.18	1	0	0	0	0	4	0	0	0	0	0	0
PF19732.2	0	0	0	0	2	2	0	0	0	1	1	1
PF13606.9	0	0	0	0	0	2	0	0	0	0	0	1
PF01874.19	0	1	0	0	0	0	0	0	0	1	0	0
PF07927.15	4	62	1	19	24	48	7	10	14	3	2	22
PF18443.4	0	0	0	0	0	0	0	0	0	0	0	0
PF18426.4	0	0	0	0	0	0	0	0	0	0	0	0
PF04228.16	0	0	1	0	1	0	0	0	0	0	0	0
PF00759.22	1	0	0	0	0	0	0	0	0	0	0	0
PF00942.21	0	0	0	0	0	0	0	0	0	0	0	0
PF13843.9	0	0	0	0	0	0	0	0	0	0	0	0
PF09546.13	0	0	0	0	0	0	0	0	1	0	0	0
PF07293.14	0	0	0	0	0	0	0	0	0	0	0	0
PF06691.14	1	4	0	1	0	9	1	1	1	2	2	1
PF04389.20	0	0	1	0	5	1	0	0	1	0	1	0
PF07934.15	0	0	0	0	0	0	0	0	1	0	0	0
PF03705.18	5	31	0	11	3	34	5	7	6	9	1	18
PF01739.21	5	31	0	11	4	35	5	7	6	9	1	18
PF00902.21	0	0	0	0	0	0	0	0	0	0	0	0
PF02557.20	0	3	0	0	2	3	0	0	1	0	1	3
PF13199.9	0	0	0	0	0	0	0	0	0	0	0	0
PF07583.14	0	0	0	0	0	0	0	0	0	0	0	0
PF07587.14	0	0	0	0	0	0	0	0	0	0	0	0
PF00400.35	0	0	0	0	0	0	0	0	0	0	0	0
PF13492.9	0	0	0	0	0	0	0	0	0	0	0	0
PF13602.9	0	0	0	0	0	0	0	0	0	0	0	0
PF13459.9	0	0	0	0	0	0	0	0	0	0	0	0
PF05201.18	1	0	0	2	1	0	1	0	1	0	0	3
PF01488.23	1	4	0	2	1	0	1	2	1	0	0	3
PF00745.23	0	0	0	1	0	0	0	0	1	0	0	1
PF05036.16	0	0	0	2	2	1	0	1	1	2	0	0
PF11791.11	0	0	0	0	0	0	0	0	0	0	0	0
PF06434.16	0	0	0	0	0	0	0	0	0	0	0	0
PF04076.16	0	0	0	0	0	0	0	0	0	0	0	0
PF13351.9	0	0	0	0	0	0	0	0	0	0	0	0
PF13101.9	0	0	0	0	0	0	0	0	0	0	0	0
PF00112.26	9	22	4	5	16	4	1	1	4	0	2	11
PF13483.9	0	1	0	2	2	3	4	3	6	3	0	10
PF14010.9	0	0	0	0	0	0	0	0	0	0	0	0
PF04366.15	0	0	0	0	0	0	0	0	0	0	0	0
PF00545.23	1	0	0	0	0	1	0	0	0	0	0	0
PF02265.19	2	0	0	0	0	0	0	0	1	0	0	0
PF12729.10	16	150	1	56	10	190	42	41	34	24	9	33
PF12081.11	2	2	0	0	2	0	0	0	0	0	0	0
PF12080.11	2	2	0	0	2	0	0	0	0	0	0	0
PF00449.23	0	1	0	0	0	0	0	0	1	0	1	0
PF12099.11	0	0	0	0	2	0	0	0	1	0	1	0
PF06969.19	1	3	0	0	0	1	0	1	0	0	0	5
PF03544.17	7	8	24	3	41	1	0	0	5	1	2	1
PF03631.18	1	3	0	0	0	3	0	0	0	2	0	0
PF07584.14	3	1	0	1	6	0	0	0	0	0	1	4
PF04402.17	1	19	1	3	0	14	1	0	0	0	0	3
PF14121.9	1	1	0	0	2	0	0	0	0	0	0	0
PF02261.19	0	3	0	1	0	3	0	0	2	1	0	1
PF01790.21	1	2	0	2	0	4	2	2	1	1	0	2
PF03486.17	1	9	0	1	1	13	3	2	2	6	0	7
PF02544.19	0	0	0	0	0	0	0	0	0	0	0	0
PF01930.20	1	0	0	0	0	3	0	1	1	0	0	1
PF07885.19	0	0	0	0	0	0	0	0	0	0	0	1
PF14905.9	0	0	2	0	3	0	0	1	0	0	0	2
PF03237.18	0	0	0	2	0	3	0	0	0	0	0	0
PF00930.24	2	3	1	0	3	1	1	1	0	0	1	0
PF08522.13	0	0	0	1	2	1	0	0	0	0	0	0
PF16141.8	0	0	0	0	0	0	0	0	0	0	0	0
PF12741.10	0	1	0	0	0	0	0	0	0	1	0	1
PF07660.17	0	0	0	0	0	0	0	0	0	3	0	1
PF14491.9	0	0	0	0	1	0	0	0	1	0	0	0
PF12680.10	0	1	0	1	1	2	0	1	1	0	1	1
PF09992.12	0	0	0	0	1	0	0	0	0	1	4	0
PF03816.17	3	11	0	6	6	22	5	6	7	5	3	8
PF00479.25	0	0	0	0	0	0	0	0	0	0	0	0
PF02781.19	0	0	0	0	0	0	0	0	0	0	0	0
PF04371.18	0	1	0	0	0	0	0	0	0	0	0	1
PF08364.14	0	0	0	0	0	0	0	0	0	0	0	0
PF01575.22	0	0	0	0	0	0	0	0	0	0	1	0
PF16331.8	0	0	0	0	0	0	0	0	0	0	0	0
PF04052.16	1	0	0	0	0	0	0	0	0	0	0	0
PF00656.25	0	1	0	0	0	1	1	0	0	0	0	0
PF04820.17	0	0	0	0	0	0	0	0	0	0	0	0
PF03776.17	0	0	0	1	0	0	1	1	1	1	0	1
PF01794.22	0	0	0	0	0	0	0	0	0	1	0	0
PF07519.14	0	0	0	0	0	0	0	0	0	0	0	0
PF05230.14	0	0	0	0	0	0	0	0	0	0	0	0
PF01730.19	0	0	0	0	0	0	0	0	0	0	0	0
PF08984.14	0	4	0	2	0	8	2	2	1	1	0	0
PF04069.15	3	2	0	2	0	9	2	0	0	0	0	0
PF04230.16	0	3	0	2	2	5	5	3	6	4	1	18
PF03773.16	0	0	0	0	1	0	0	0	0	0	0	0
PF05661.15	0	0	0	0	0	0	0	0	0	0	0	0
PF00374.22	0	0	0	0	1	0	0	0	0	0	0	0
PF03806.16	0	0	0	0	0	0	0	0	0	0	0	3
PF03934.16	0	1	0	0	0	0	0	0	0	0	0	0
PF09963.12	0	0	0	0	0	0	0	0	0	0	0	0
PF00677.20	0	4	0	2	0	4	0	0	0	0	0	0
PF04237.16	0	0	0	0	1	1	1	0	0	0	1	1
PF03006.23	2	16	0	5	1	2	2	3	1	7	1	5
PF11276.11	1	0	0	0	1	0	0	0	0	0	0	2
PF00529.23	0	0	0	0	0	0	0	0	0	0	0	0
PF16153.8	0	0	0	0	0	0	0	0	0	0	0	0
PF10758.12	0	0	0	0	1	0	0	0	0	1	0	0
PF13431.9	0	0	0	0	0	0	0	0	0	0	0	1
PF00885.22	1	0	1	0	0	1	0	0	0	1	0	1
PF01253.25	0	1	1	0	0	0	0	0	0	0	0	0
PF03648.17	0	0	0	0	0	0	0	0	0	0	0	0
PF07488.15	1	2	0	0	0	1	0	0	1	0	0	0
PF07477.15	1	2	0	0	0	1	0	0	1	0	0	0
PF19040.3	0	0	0	0	0	0	0	0	0	0	0	0
PF05949.15	0	0	0	0	0	0	0	0	0	0	0	0
PF14036.9	0	0	0	0	0	0	0	0	0	0	0	0
PF06039.18	0	0	0	0	0	0	0	0	0	0	0	0
PF14504.9	0	1	0	0	0	0	0	0	0	0	0	0
PF03447.19	1	1	1	1	3	4	1	2	3	4	0	3
PF00742.22	1	1	1	1	3	4	1	2	3	4	0	3
PF10112.12	0	7	0	2	0	7	1	1	1	1	0	6
PF00032.20	0	0	0	0	0	0	0	0	0	0	0	0
PF02230.19	0	0	0	0	0	0	0	0	0	0	0	0
PF07408.14	0	0	0	0	0	0	0	0	0	0	0	0
PF14542.9	0	0	0	0	0	0	0	0	0	0	0	0
PF04264.16	0	0	0	0	0	0	0	0	0	0	0	0
PF01379.23	1	0	0	1	0	1	1	0	0	5	0	4
PF03900.18	1	0	0	0	0	1	0	0	0	0	0	3
PF05650.14	0	0	0	0	0	0	0	0	0	0	0	0
PF13521.9	0	0	0	0	0	0	0	0	0	0	1	0
PF02628.18	0	0	0	0	0	0	0	0	0	0	0	0
PF05220.15	0	0	0	0	0	0	0	0	0	0	0	0
PF19342.2	0	0	0	0	0	0	0	0	0	0	0	0
PF02624.19	0	0	0	0	0	0	0	0	0	1	0	0
PF03963.17	20	93	2	33	13	76	18	20	25	12	5	24
PF13861.9	2	7	0	7	0	4	1	1	0	0	0	0
PF16491.8	0	0	0	0	0	0	0	0	0	0	0	0
PF17967.4	0	0	0	0	0	0	0	0	0	0	0	0
PF11852.11	0	0	0	1	0	0	0	0	0	0	0	0
PF11138.11	0	0	0	0	0	0	1	0	0	0	0	0
PF12508.11	0	0	0	0	0	0	1	0	0	0	1	0
PF10117.12	0	0	0	0	0	0	0	0	2	0	0	1
PF07689.15	0	0	0	0	0	0	0	0	0	0	0	0
PF03382.17	0	0	0	0	0	0	0	0	0	2	0	6
PF17883.4	0	0	0	0	0	0	0	0	0	20	0	58
PF01935.20	0	0	0	1	1	2	0	1	1	2	0	1
PF03596.16	0	0	0	0	0	0	0	0	0	0	0	0
PF13542.9	2	1	0	0	0	0	0	0	0	0	0	1
PF13719.9	0	0	0	0	0	0	0	0	0	0	0	0
PF11906.11	0	0	0	0	0	0	0	0	0	0	0	0
PF13814.9	0	0	0	0	0	0	0	0	0	0	0	0
PF09286.14	0	0	0	0	0	0	0	0	0	0	0	0
PF13970.9	0	0	0	0	0	0	0	0	0	0	0	0
PF15902.8	0	0	0	0	0	0	0	0	0	0	0	0
PF10396.12	0	3	1	1	1	3	1	0	0	1	0	0
PF12631.10	0	3	1	1	1	3	1	0	0	1	0	0
PF01274.25	0	0	0	0	0	0	0	0	0	0	0	0
PF10011.12	0	0	0	0	0	0	0	0	0	0	0	0
PF14234.9	0	0	0	0	0	0	0	0	0	0	0	0
PF04359.17	0	0	0	0	0	0	0	0	0	0	0	0
PF02275.21	1	0	1	0	2	0	0	0	1	0	0	1
PF06776.15	0	0	0	0	0	0	0	0	0	0	0	0
PF00325.23	0	0	0	0	0	0	0	0	0	0	0	0
PF13362.9	0	0	0	0	0	0	0	0	0	0	0	0
PF06629.15	0	0	0	0	0	0	0	0	0	0	0	0
PF14064.9	0	0	0	0	0	0	0	0	0	0	0	0
PF02643.18	0	0	0	0	0	0	0	0	0	0	0	0
PF09822.12	0	1	0	0	0	0	0	0	0	0	0	0
PF03992.19	0	1	0	0	0	0	0	0	1	0	0	0
PF01008.20	0	2	0	0	0	0	1	0	0	0	0	0
PF07136.14	0	0	0	3	0	1	0	2	1	4	0	0
PF04536.17	1	5	0	4	1	9	0	1	1	1	2	1
PF14253.9	0	0	0	1	0	0	0	0	0	0	0	0
PF01226.20	0	0	1	0	3	0	0	0	1	0	0	1
PF13612.9	0	1	2	1	0	0	0	0	1	0	3	0
PF08028.14	0	0	0	0	0	0	0	0	0	0	0	0
PF06296.15	0	0	0	0	0	0	0	0	0	0	0	0
PF07510.14	1	0	0	0	0	0	0	3	0	0	1	2
PF14088.9	1	4	0	1	0	4	1	2	0	0	0	0
PF16254.8	0	0	0	0	0	0	0	0	0	0	0	0
PF09940.12	0	0	0	0	0	0	0	0	0	0	0	0
PF16221.8	0	0	0	0	0	0	0	0	0	0	0	0
PF01161.23	2	0	0	2	1	5	5	0	0	0	0	0
PF06974.16	0	0	0	0	0	0	0	0	0	0	0	0
PF07722.16	2	5	0	7	1	10	10	5	0	1	0	3
PF03704.20	1	2	1	2	5	4	1	1	7	7	2	5
PF00931.25	1	2	0	0	1	0	0	3	2	2	1	1
PF14525.9	0	0	0	0	0	0	0	0	0	0	0	0
PF18655.4	0	0	0	0	0	0	0	0	0	0	4	0
PF17936.4	0	0	0	0	0	0	0	0	0	0	4	0
PF05616.16	0	0	0	0	0	0	0	0	0	0	4	0
PF05168.17	0	1	0	2	0	0	0	3	1	1	0	3
PF13534.9	1	7	2	6	1	14	8	7	11	6	4	8
PF04041.16	0	0	2	4	2	2	0	3	0	3	0	9
PF07168.14	0	0	0	0	0	0	0	0	0	0	0	0
PF14235.9	0	0	0	0	0	0	0	0	0	0	0	0
PF14293.9	0	0	0	0	0	0	0	0	0	0	0	0
PF12696.10	0	0	2	2	1	0	4	1	1	1	3	0
PF08842.13	0	0	1	1	2	0	0	0	1	0	0	0
PF16249.8	0	0	0	0	0	0	0	0	0	0	1	0
PF12988.10	0	0	1	0	0	0	0	0	0	0	0	0
PF13720.9	2	2	0	2	2	1	0	1	2	0	1	2
PF10962.11	0	0	0	0	0	0	0	0	0	0	0	0
PF20583.1	0	0	0	0	0	0	0	0	0	0	0	0
PF11297.11	1	0	0	0	0	0	0	0	0	0	0	0
PF11387.11	0	0	0	0	1	0	0	0	0	0	1	0
PF06245.14	1	9	3	1	10	18	1	4	2	4	1	4
PF05685.15	0	7	0	1	0	6	3	2	5	2	2	7
PF08242.15	0	0	0	0	0	0	0	0	0	0	0	0
PF18564.4	0	0	0	0	0	0	0	0	0	0	0	0
PF08341.14	0	1	2	1	1	1	0	0	0	0	6	2
PF13727.9	6	15	0	3	5	18	5	4	4	6	3	6
PF17132.7	0	0	0	0	0	0	0	0	0	0	0	0
PF08668.15	6	5	1	5	4	10	4	9	10	7	1	5
PF13572.9	0	0	0	0	0	0	0	0	0	0	0	0
PF14464.9	0	0	0	0	0	0	1	0	0	0	0	0
PF01094.31	0	0	0	0	0	0	0	0	0	0	0	0
PF00805.25	1	1	0	7	0	0	0	0	0	0	0	8
PF17655.4	0	0	0	0	0	0	0	0	0	0	0	0
PF03160.17	31	33	9	11	5	9	1	4	19	8	11	31
PF12799.10	0	0	0	4	0	1	32	18	8	0	3	1
PF13855.9	0	0	0	0	0	1	0	0	3	0	3	1
PF13308.9	0	6	0	1	1	7	0	0	2	1	1	1
PF02668.19	0	0	0	0	0	0	0	0	0	0	0	0
PF05226.14	0	0	0	0	0	0	0	0	0	0	0	0
PF02571.17	0	0	0	0	1	2	2	0	1	0	1	1
PF19991.2	0	0	0	0	0	0	0	0	0	0	0	0
PF12894.10	0	0	0	1	0	2	1	4	1	1	0	1
PF00962.25	1	0	1	0	0	2	1	3	3	4	0	2
PF03972.17	0	0	0	0	0	0	0	0	0	0	0	0
PF19305.2	0	0	0	0	0	0	0	0	0	0	0	0
PF11378.11	0	0	0	0	0	0	0	0	0	0	0	0
PF02452.20	0	1	0	2	2	3	2	1	3	1	1	4
PF08239.14	16	132	2	48	20	154	25	26	34	31	14	70
PF00075.27	2	3	0	2	2	2	7	4	4	3	3	3
PF14516.9	3	0	0	2	3	5	1	3	5	3	1	3
PF03475.17	0	0	0	0	0	0	0	0	0	0	0	0
PF04285.15	0	0	0	0	0	0	0	0	0	0	0	0
PF01523.19	0	0	0	0	0	1	0	0	0	0	1	0
PF19290.2	0	0	0	0	0	5	0	0	1	0	6	0
PF19289.2	1	1	1	1	1	5	1	1	2	0	6	1
PF03321.16	0	0	4	2	2	0	1	0	0	0	0	0
PF04025.15	0	1	1	0	0	3	0	0	2	0	0	0
PF04012.15	0	0	0	0	0	0	0	0	1	0	0	1
PF03601.17	0	3	0	2	1	13	3	5	3	3	1	9
PF00627.34	0	1	0	0	0	0	0	0	0	0	0	1
PF19238.2	0	4	1	2	1	3	1	3	2	2	1	1
PF04459.15	0	4	1	2	1	3	1	3	2	2	1	1
PF02789.20	0	0	0	0	0	0	0	0	0	0	0	0
PF00883.24	1	0	0	0	0	1	0	0	0	0	0	1
PF14697.9	1	6	0	2	0	12	0	8	1	3	2	5
PF13509.9	0	14	0	0	2	8	0	0	2	4	0	8
PF17783.4	0	7	0	0	1	4	0	0	1	2	0	4
PF01991.21	4	3	1	7	3	10	9	11	8	12	1	11
PF01990.20	4	5	0	4	0	7	8	5	5	1	1	2
PF09084.14	11	170	0	10	10	192	3	17	14	9	0	11
PF13354.9	0	0	0	0	0	0	0	0	0	0	0	0
PF02580.19	0	0	1	0	0	3	1	0	0	2	0	0
PF00699.23	0	0	0	0	0	0	0	0	0	0	1	0
PF02293.18	0	0	0	0	0	0	0	0	0	0	0	0
PF03618.17	0	0	0	0	0	0	0	0	0	0	0	0
PF08274.15	0	0	0	0	0	0	0	0	0	0	0	0
PF03831.17	0	0	0	0	0	0	0	0	0	0	0	0
PF13370.9	0	0	0	0	0	0	1	0	0	0	0	0
PF03418.17	0	0	1	0	0	2	0	0	0	0	0	0
PF07561.14	0	0	0	4	0	6	2	2	2	4	0	0
PF13399.9	0	0	0	0	0	0	0	0	0	0	0	0
PF19864.2	3	6	1	3	0	7	1	1	3	2	2	0
PF02056.19	1	0	0	4	0	5	1	4	7	0	2	4
PF11975.11	1	0	0	4	0	5	1	4	7	0	2	4
PF12800.10	6	8	1	7	0	7	0	0	0	0	0	1
PF12795.10	0	0	0	0	0	0	0	0	0	0	0	0
PF12794.10	0	0	0	0	0	0	0	0	0	0	0	0
PF00316.23	0	0	0	0	0	0	0	0	0	0	0	0
PF18913.3	0	0	0	0	0	0	0	0	0	0	0	0
PF14286.9	0	0	0	0	1	1	0	1	1	0	0	1
PF06445.18	4	9	0	20	16	7	7	3	3	7	0	1
PF09594.13	0	0	0	0	0	0	0	0	0	0	0	0
PF00079.23	0	5	1	0	4	1	1	0	0	0	1	1
PF02514.19	0	0	0	0	1	0	0	0	0	0	0	0
PF01936.21	1	1	0	2	2	2	1	2	0	1	3	1
PF12872.10	0	1	0	4	2	2	0	4	0	2	6	2
PF05651.16	0	0	0	1	0	0	0	0	2	0	0	1
PF13618.9	0	0	0	0	0	0	0	0	0	0	0	0
PF01343.21	8	8	2	3	2	2	0	2	3	0	5	6
PF03040.17	0	0	0	0	0	0	0	0	0	0	0	0
PF12899.10	0	0	0	0	0	0	0	0	0	0	0	0
PF11941.11	0	0	1	1	0	0	1	1	2	0	0	0
PF05838.15	0	0	0	0	0	0	0	0	0	0	0	0
PF11832.11	0	0	0	0	0	0	0	0	0	0	0	0
PF01661.24	1	6	0	0	0	4	3	2	0	0	0	0
PF17914.4	0	0	0	0	0	0	0	0	0	0	0	0
PF13384.9	0	0	1	0	0	7	3	1	0	0	0	2
PF13189.9	8	33	3	15	2	20	9	10	11	7	3	12
PF13830.9	0	0	0	0	1	0	0	0	0	0	0	0
PF02720.20	0	0	0	0	0	0	0	0	0	0	0	0
PF13349.9	0	2	2	0	4	3	1	1	1	1	1	5
PF02306.18	0	0	0	0	0	0	0	0	0	0	0	0
PF04140.17	0	0	0	0	0	0	0	0	0	0	0	0
PF12079.11	0	0	0	0	0	0	0	0	0	0	0	0
PF14219.9	0	0	0	0	0	0	0	0	0	0	0	0
PF08461.13	0	0	0	0	0	0	0	0	0	0	0	0
PF02203.18	0	0	0	0	0	0	0	0	0	0	0	0
PF01206.20	0	1	0	0	1	0	0	1	1	1	1	0
PF18204.4	0	0	0	0	0	0	0	0	0	0	0	0
PF04289.15	0	0	0	0	0	0	0	0	0	0	0	0
PF05840.16	0	0	0	0	0	0	0	0	0	0	0	0
PF19866.2	0	0	0	0	0	0	0	0	0	0	0	0
PF14326.9	0	0	0	0	0	0	0	0	0	0	0	0
PF11845.11	0	0	0	0	0	0	0	0	0	0	0	0
PF11997.11	1	0	0	0	0	1	0	1	1	0	0	0
PF17995.4	2	4	0	6	0	4	1	3	6	6	1	6
PF18080.4	0	0	0	0	0	0	0	0	0	0	0	0
PF12905.10	0	0	0	0	0	0	0	0	0	0	0	0
PF17451.5	0	0	0	0	0	0	0	0	0	0	0	0
PF17974.4	0	0	0	0	0	0	0	0	0	0	0	0
PF06430.15	0	0	0	0	3	0	1	0	0	0	4	0
PF13689.9	0	0	0	0	0	0	0	0	0	0	0	0
PF05150.15	0	0	0	0	0	0	0	0	0	0	0	0
PF02599.19	5	21	0	10	1	39	2	11	8	3	1	22
PF18563.4	0	0	0	0	0	0	0	0	0	0	0	0
PF00553.22	0	0	0	0	0	0	0	0	0	0	0	0
PF18047.4	0	0	0	0	0	0	0	0	0	0	0	0
PF18065.4	0	0	0	0	0	0	0	0	0	0	0	0
PF18208.4	0	0	0	0	0	0	0	0	0	0	0	0
PF12242.11	0	0	0	0	1	0	0	0	0	0	0	0
PF12241.11	0	0	0	0	1	0	0	0	0	0	0	0
PF07055.15	0	0	0	0	1	0	0	0	0	0	0	0
PF12625.10	0	0	0	0	0	0	0	0	0	0	0	0
PF05991.14	1	12	0	3	0	7	1	3	0	2	2	3
PF00636.29	0	3	0	0	0	3	1	1	1	0	0	2
PF02542.19	0	1	0	0	2	1	1	0	0	0	3	1
PF14584.9	0	1	0	2	0	3	0	1	0	1	0	0
PF03417.19	2	0	0	0	0	1	0	0	1	0	0	0
PF12116.11	0	0	0	0	1	0	0	0	1	0	0	0
PF02049.21	1	3	0	3	0	2	2	7	3	5	1	0
PF01514.20	6	23	1	20	4	32	7	9	11	8	1	26
PF08345.14	6	22	1	20	4	31	6	9	11	8	1	26
PF02108.19	8	26	0	10	2	28	0	4	6	8	1	12
PF02050.19	0	9	0	3	2	6	3	1	3	0	1	4
PF02120.19	41	149	5	63	16	123	22	37	51	55	19	76
PF12611.11	16	33	0	32	11	34	20	11	16	12	1	12
PF20560.1	2	0	0	1	2	6	1	0	0	1	0	4
PF13677.9	7	15	1	17	2	18	6	5	12	14	5	12
PF02154.18	5	29	0	15	4	40	8	10	11	14	6	10
PF04347.16	4	14	0	5	2	21	3	5	9	6	0	5
PF00813.23	4	8	0	4	1	12	6	4	7	9	2	4
PF01313.22	1	0	0	2	1	3	0	0	0	1	0	4
PF03975.16	3	7	1	7	1	13	3	6	6	6	1	6
PF02623.18	7	83	0	8	2	73	7	6	5	3	2	11
PF05130.15	32	128	1	42	24	121	27	34	27	15	10	19
PF04316.16	4	53	0	19	1	56	10	23	10	6	7	11
PF01339.20	2	48	0	8	1	46	5	12	4	8	1	12
PF07238.17	0	13	1	4	3	16	4	3	1	6	2	4
PF04166.15	0	1	1	0	3	0	0	0	0	0	0	1
PF19642.2	0	1	0	0	0	1	0	1	1	0	0	1
PF01625.24	0	0	2	0	0	0	0	0	0	0	0	1
PF20140.2	0	0	0	0	0	0	0	0	0	0	0	0
PF11611.11	1	0	0	1	0	1	1	1	0	1	0	3
PF01985.24	0	1	0	1	0	0	0	0	0	0	1	3
PF06107.14	1	1	0	0	0	0	0	0	0	0	0	0
PF12821.10	0	1	0	0	0	0	0	0	0	0	0	0
PF06738.15	0	0	0	0	0	1	2	0	0	1	0	1
PF03795.17	0	1	0	1	1	10	0	0	0	0	0	0
PF09419.13	0	0	0	0	0	0	0	0	0	0	0	0
PF02579.20	0	1	0	2	0	1	1	1	1	0	0	1
PF13311.9	1	4	0	1	0	4	0	0	0	0	1	2
PF09578.13	0	0	0	1	0	0	0	0	0	0	0	0
PF20316.1	0	0	0	0	0	0	0	0	0	0	0	0
PF13682.9	7	42	0	25	6	46	11	12	19	13	2	11
PF08348.14	0	3	0	0	0	4	0	0	0	0	2	0
PF13309.9	0	3	0	0	0	4	0	0	0	0	2	0
PF10114.12	0	18	0	2	0	19	1	2	2	4	1	1
PF13515.9	0	0	0	0	0	0	0	0	0	0	0	0
PF02110.18	0	0	1	0	0	0	0	0	1	0	0	0
PF18936.3	0	0	0	0	1	0	0	0	0	0	0	0
PF04294.16	0	16	0	8	0	25	8	5	1	4	3	6
PF12229.11	4	16	0	9	2	29	15	7	13	6	9	17
PF08486.13	0	0	0	2	1	4	1	1	0	5	1	4
PF12700.10	1	11	0	1	0	7	1	5	3	0	0	3
PF20069.2	2	57	1	5	4	37	4	6	5	2	0	13
PF00420.27	1	0	0	1	2	0	0	1	0	0	0	1
PF07451.14	0	4	0	0	0	3	0	0	1	1	1	0
PF09858.12	0	0	0	0	0	0	0	0	0	1	0	0
PF15565.9	0	0	0	0	0	0	0	0	0	0	0	0
PF00800.21	3	0	0	1	2	8	1	0	0	4	3	2
PF12643.10	0	0	0	0	0	1	0	0	0	0	0	0
PF19641.2	0	0	0	0	0	0	0	1	0	0	0	0
PF19700.2	0	0	1	0	1	0	0	0	0	0	0	0
PF06252.15	0	0	0	0	0	0	0	0	0	0	0	0
PF17289.5	0	0	0	0	0	0	0	0	0	0	0	0
PF11962.11	0	0	0	0	0	0	0	0	0	0	0	0
PF15919.8	2	10	0	3	5	4	1	4	2	1	4	7
PF04531.16	0	0	0	0	0	0	0	0	0	0	0	0
PF14285.9	0	3	0	2	0	2	0	0	1	0	0	3
PF20464.1	0	1	2	0	0	0	2	0	0	0	0	0
PF20465.1	0	2	2	0	0	0	2	0	0	0	0	0
PF20473.1	0	1	2	0	0	0	0	0	0	0	0	0
PF20466.1	0	1	2	0	0	0	0	0	0	0	0	0
PF20467.1	0	1	2	0	0	0	0	0	0	0	0	0
PF12637.10	0	2	0	0	1	5	0	0	1	1	0	2
PF02245.19	0	0	0	0	0	0	0	0	0	0	0	0
PF18975.3	3	1	0	4	0	6	0	1	1	1	0	6
PF12724.10	1	3	0	4	1	3	3	2	4	3	1	9
PF09719.13	0	16	1	1	1	14	0	4	1	0	0	4
PF04246.15	0	0	0	0	0	0	0	0	0	0	0	0
PF13735.9	1	1	0	2	1	3	0	3	4	4	0	3
PF18912.3	0	3	0	0	0	4	0	0	2	1	0	3
PF05857.14	0	5	0	1	1	4	0	0	0	0	0	1
PF06961.16	0	1	0	1	0	0	0	0	0	0	0	0
PF05504.14	0	0	0	0	1	0	0	0	0	0	0	0
PF03323.16	0	1	0	0	0	4	1	0	1	0	0	0
PF05135.16	0	0	0	0	0	0	0	0	0	1	0	0
PF04474.15	0	0	0	0	0	0	0	0	0	0	0	0
PF14512.9	0	0	0	0	1	0	0	0	0	0	0	0
PF10694.12	0	0	0	0	0	0	0	0	0	0	0	0
PF12647.10	0	0	0	0	0	0	0	0	0	0	0	0
PF02130.20	0	1	1	1	2	1	3	1	1	1	0	3
PF06898.14	0	0	0	0	0	0	0	0	2	0	0	1
PF09670.13	0	0	0	0	0	0	0	0	0	0	0	1
PF09579.13	1	7	0	1	0	6	3	1	0	1	1	1
PF10844.11	0	0	0	0	0	1	0	0	0	0	0	0
PF20155.2	0	1	0	0	0	2	0	0	0	0	0	0
PF09648.13	0	0	0	0	0	0	0	0	0	0	0	0
PF05762.17	1	2	0	0	0	3	1	2	0	2	0	0
PF01906.20	4	1	1	3	0	4	0	0	2	1	1	0
PF12571.11	0	1	1	0	0	2	0	0	0	0	1	0
PF13884.9	0	0	0	0	0	2	0	0	0	0	0	0
PF01244.24	1	1	1	3	3	4	0	1	1	1	1	1
PF05684.15	4	1	0	2	3	0	9	4	4	5	0	5
PF03612.17	0	0	0	0	1	0	0	0	0	0	0	0
PF07663.14	0	0	0	0	1	0	0	0	0	0	0	0
PF03608.16	0	0	0	0	0	0	0	1	0	0	0	0
PF06923.14	0	0	0	0	0	0	0	0	0	0	0	0
PF14359.9	0	0	0	0	0	0	0	0	1	1	0	0
PF16260.8	0	0	0	0	0	0	0	0	0	0	0	0
PF14070.9	2	7	0	1	0	5	1	1	1	1	1	2
PF09346.13	5	4	0	4	0	4	0	2	4	1	2	4
PF09548.13	1	1	0	0	0	0	0	0	0	0	0	1
PF01885.19	0	0	0	1	0	0	0	0	0	1	0	1
PF06177.14	0	1	0	1	0	5	0	1	1	1	0	0
PF09581.13	0	0	0	0	0	0	0	0	0	1	0	0
PF17866.4	0	0	11	0	0	0	1	0	0	0	1	0
PF13228.9	0	1	0	2	0	6	1	2	0	4	0	2
PF14221.9	0	0	0	0	0	0	0	0	0	0	0	0
PF14277.9	0	0	0	2	0	1	0	0	0	0	0	0
PF05195.19	0	1	1	0	2	1	0	0	2	2	0	2
PF08101.14	0	0	0	0	0	0	0	0	0	0	0	0
PF13530.9	1	2	0	0	0	5	1	0	4	0	1	1
PF02493.23	0	6	0	15	0	9	0	6	0	0	0	0
PF02567.19	1	0	0	0	0	0	0	0	0	1	0	0
PF04414.15	0	0	0	0	0	0	0	0	0	0	0	0
PF08006.14	0	4	1	4	2	3	0	4	0	0	0	3
PF02390.20	0	6	2	0	0	0	0	1	2	0	3	1
PF02570.18	0	0	0	0	1	1	0	0	0	1	0	5
PF04493.17	0	0	0	0	0	0	0	0	0	0	0	0
PF20250.1	7	35	4	9	3	38	33	23	11	8	12	21
PF03961.16	7	35	4	9	3	38	33	23	11	8	12	21
PF01469.21	0	0	0	0	0	0	0	0	0	0	0	0
PF14344.9	0	0	0	0	0	0	0	0	0	0	0	0
PF02369.19	0	0	0	0	0	0	0	0	0	0	0	0
PF07523.15	0	1	0	0	0	1	1	1	1	0	2	2
PF18947.3	2	5	0	7	0	5	12	6	9	3	1	1
PF17848.4	1	1	0	0	0	1	0	0	2	1	0	0
PF00484.22	0	0	0	0	0	0	0	0	0	0	1	0
PF06912.14	0	0	0	0	0	1	0	1	0	0	0	0
PF01019.24	1	0	0	0	0	0	0	0	2	2	0	1
PF09186.14	0	0	0	0	0	2	0	0	0	1	0	1
PF14124.9	0	0	0	0	1	0	0	0	0	0	0	0
PF04070.15	0	0	0	0	0	0	0	0	0	0	0	0
PF02277.20	0	0	0	0	1	4	1	0	0	1	0	1
PF09693.13	0	0	0	0	0	0	0	0	0	0	0	0
PF05065.16	1	0	1	1	0	0	0	0	0	0	2	0
PF01844.26	0	0	0	0	1	1	1	1	0	0	0	0
PF03419.16	1	1	0	0	1	0	0	0	0	1	0	0
PF03750.16	0	0	0	0	0	0	0	0	0	0	0	0
PF13490.9	0	3	0	3	2	3	1	2	1	0	0	0
PF13711.9	0	1	0	0	0	1	0	1	0	0	1	0
PF05534.15	1	0	0	1	0	0	0	0	0	0	0	0
PF11188.11	0	0	0	0	0	0	0	0	0	0	0	0
PF02681.17	0	1	0	0	1	1	0	1	0	0	1	1
PF10727.12	0	0	0	1	1	0	0	0	0	0	0	0
PF10728.12	0	0	0	1	1	0	0	0	0	0	0	0
PF16822.8	0	1	0	2	0	1	0	0	0	0	0	0
PF03592.19	0	0	0	0	0	0	0	0	0	0	0	0
PF14689.9	0	0	0	2	0	2	0	2	0	0	1	1
PF14501.9	13	17	4	26	19	24	17	16	28	22	14	31
PF13786.9	0	2	1	0	0	1	0	1	0	0	0	2
PF14268.9	0	1	0	1	1	0	1	0	0	0	0	0
PF12959.10	0	0	0	0	1	0	0	0	0	0	1	0
PF12960.10	1	0	2	2	1	2	7	5	2	0	1	2
PF08757.14	1	12	0	2	0	18	0	1	4	1	3	4
PF13546.9	7	104	0	13	13	88	15	38	17	16	10	15
PF20574.1	0	1	0	0	0	2	1	0	0	0	0	0
PF19552.2	0	0	0	0	1	0	0	0	0	0	1	0
PF05105.15	0	0	1	0	1	0	0	0	0	0	0	0
PF19498.2	24	75	11	31	35	59	29	36	49	15	6	64
PF12995.10	8	18	3	26	10	24	18	12	10	6	2	14
PF18843.4	0	0	2	0	0	0	0	0	0	0	3	0
PF12962.10	0	0	0	0	0	0	0	0	0	0	0	0
PF18987.3	0	0	0	0	0	0	0	1	0	0	1	0
PF14706.9	0	0	0	0	0	2	0	1	0	0	0	0
PF02281.19	0	0	0	0	0	0	0	0	0	0	0	0
PF17922.4	1	2	0	0	1	1	0	0	0	0	0	1
PF13784.9	0	0	0	0	0	0	3	1	0	0	1	0
PF12652.10	0	0	0	1	1	6	0	3	0	1	1	2
PF12773.10	1	11	0	2	0	7	3	0	0	2	0	1
PF18739.4	0	0	0	0	0	0	2	0	0	0	0	0
PF09509.13	0	4	0	2	0	4	6	2	0	0	0	0
PF14280.9	0	0	0	0	2	1	0	0	3	0	0	0
PF12639.10	0	1	0	0	0	0	0	0	1	0	0	2
PF20296.1	0	0	0	0	2	0	0	0	0	1	0	0
PF04471.15	1	1	0	0	0	2	1	2	2	0	1	2
PF20612.1	0	0	0	0	0	0	0	0	0	0	0	0
PF01371.22	1	1	0	1	0	2	0	0	0	1	0	3
PF13701.9	1	2	0	3	1	3	5	2	5	2	3	11
PF01774.20	0	0	0	0	0	0	0	0	0	0	0	0
PF02814.18	0	0	0	0	0	0	0	0	0	0	0	0
PF00547.21	0	0	0	0	0	0	0	0	0	0	0	0
PF04952.17	1	0	0	0	1	1	0	0	0	0	0	2
PF08379.13	0	0	0	0	0	0	0	0	0	0	0	0
PF01841.22	15	11	1	7	6	24	12	10	18	8	12	27
PF14403.9	0	1	2	0	1	0	0	0	1	0	0	1
PF06289.14	1	3	0	2	2	4	4	3	0	4	0	3
PF20379.1	0	0	1	0	0	0	0	0	0	0	1	0
PF03748.17	0	7	0	2	0	15	1	1	2	3	1	4
PF14190.9	0	0	0	0	0	0	0	0	0	0	0	0
PF18941.3	0	0	0	1	0	2	1	0	0	2	0	1
PF17989.4	0	0	2	1	1	0	3	2	0	0	0	1
PF16226.8	0	3	0	3	0	6	0	0	1	1	1	5
PF11372.11	2	1	0	0	0	0	0	0	0	0	0	1
PF16242.8	0	0	0	0	0	1	0	1	0	0	0	0
PF11667.11	1	0	0	0	0	1	1	1	0	0	0	1
PF18796.4	0	0	0	0	0	0	0	0	0	0	0	0
PF13730.9	2	0	1	1	1	0	0	0	0	0	0	0
PF13463.9	1	1	0	0	1	3	0	0	0	0	0	0
PF14058.9	0	0	0	0	1	0	0	0	0	0	0	1
PF07505.14	0	0	1	0	0	0	0	0	0	0	0	0
PF20323.1	0	0	0	0	0	0	0	1	0	0	0	0
PF13783.9	0	1	0	0	0	1	0	1	2	0	0	1
PF12957.10	0	0	1	0	0	0	0	0	0	0	0	0
PF09681.13	0	0	0	0	1	0	0	1	1	0	2	0
PF13683.9	0	0	0	1	0	1	1	0	2	0	0	3
PF18676.4	0	0	1	3	1	0	2	3	2	0	2	0
PF09587.13	1	4	0	0	1	3	2	1	1	2	0	1
PF19776.2	0	1	0	0	1	0	0	0	0	0	0	0
PF19537.2	0	0	0	0	0	0	0	0	0	0	0	0
PF07441.14	0	0	0	0	0	0	0	0	0	0	0	0
PF02036.20	2	15	0	4	0	16	0	4	0	0	3	12
PF03309.17	3	1	0	3	2	3	1	1	0	2	1	4
PF10087.12	0	0	0	0	0	0	0	0	0	0	0	0
PF12672.10	0	1	0	0	0	1	0	0	0	0	0	2
PF05119.15	0	0	0	0	0	0	0	0	1	0	1	0
PF12686.10	0	0	0	1	0	0	1	0	1	0	0	0
PF18832.4	0	0	1	0	1	0	0	0	0	0	0	0
PF04277.16	2	24	0	7	3	29	4	8	6	6	1	9
PF09827.12	0	0	0	0	0	0	0	0	0	1	0	0
PF08747.14	0	1	0	0	1	1	1	0	2	0	0	2
PF15978.8	1	0	0	0	0	0	0	1	0	1	0	0
PF06527.14	1	0	0	0	0	0	0	2	0	1	0	0
PF08722.14	0	0	0	0	0	0	0	1	0	0	0	0
PF08721.14	0	0	0	0	0	0	0	1	0	0	0	0
PF18657.4	5	44	19	49	13	37	55	12	26	28	35	9
PF14205.9	0	1	0	3	1	5	0	0	0	0	0	2
PF08843.14	2	1	4	3	2	6	1	7	3	1	1	4
PF13338.9	1	0	0	0	0	1	1	1	1	0	0	0
PF18864.4	0	0	0	0	0	1	0	1	0	0	0	0
PF14430.9	0	0	0	0	0	0	0	0	0	0	0	0
PF04365.16	3	14	0	3	2	18	1	0	2	1	0	2
PF13788.9	0	0	0	0	1	0	0	0	0	0	0	0
PF04191.16	0	0	0	0	0	0	0	0	0	0	0	1
PF02592.18	4	7	0	5	0	7	1	2	2	4	3	4
PF06508.16	1	0	0	3	1	5	1	0	0	1	0	0
PF06397.15	0	0	0	0	0	0	0	0	0	0	0	1
PF01880.21	1	1	0	1	0	0	1	0	0	0	1	4
PF12676.10	0	0	0	0	1	0	0	0	0	0	0	0
PF03690.16	0	0	0	0	0	0	0	0	0	0	0	0
PF06182.14	0	1	0	0	0	2	0	0	0	0	0	0
PF08845.13	0	0	1	0	0	0	0	0	0	0	0	1
PF14282.9	1	2	0	2	4	6	9	3	3	2	1	2
PF02659.18	0	0	0	0	0	1	0	0	0	0	0	0
PF09605.13	0	0	0	0	0	0	0	0	0	0	0	0
PF20016.2	0	1	0	0	0	1	0	0	0	0	0	0
PF14393.9	1	1	0	1	1	2	0	3	0	2	0	2
PF09134.13	0	0	0	0	0	0	0	0	0	0	0	0
PF09455.13	0	0	0	0	0	0	0	0	0	0	0	0
PF14907.9	5	6	0	6	3	9	5	9	9	3	3	7
PF14337.9	0	0	0	0	0	0	0	0	0	0	0	0
PF16935.8	3	2	0	1	1	1	1	3	2	1	0	3
PF20042.2	1	0	0	3	0	2	6	6	4	1	1	3
PF07081.14	0	4	0	1	0	1	1	2	0	1	0	1
PF20599.1	1	0	0	0	0	1	0	1	0	0	0	0
PF01699.27	0	2	0	0	2	4	0	0	0	4	0	0
PF04854.17	2	4	0	3	0	5	2	6	3	2	2	0
PF07007.15	0	2	0	0	0	1	2	1	0	0	0	0
PF01637.21	0	0	0	2	1	0	0	1	1	3	1	4
PF03008.17	0	1	0	2	1	0	0	2	2	3	1	4
PF10127.12	1	5	0	0	0	4	0	0	3	0	0	2
PF03161.16	0	0	0	0	0	0	0	0	0	0	0	0
PF15738.8	1	0	0	0	1	3	1	1	1	0	1	0
PF18813.4	0	0	0	3	0	2	0	0	0	0	1	1
PF06267.15	0	0	0	0	0	0	0	0	0	0	0	0
PF06505.14	0	0	0	0	0	0	0	0	0	0	0	0
PF02830.21	0	2	0	0	1	3	0	1	3	3	0	1
PF14317.9	0	1	0	1	0	3	0	0	1	2	1	0
PF14834.9	0	0	0	0	0	0	0	0	0	0	0	0
PF01996.19	0	7	0	0	0	9	0	3	1	0	0	3
PF06889.14	0	9	1	2	0	11	0	2	0	0	2	2
PF11563.11	0	0	0	0	0	0	0	0	0	0	0	0
PF03895.18	0	0	0	0	0	0	0	0	0	0	0	0
PF10626.12	0	0	0	0	0	0	0	0	0	0	0	0
PF12992.10	0	0	0	0	0	0	0	0	0	0	0	0
PF13226.9	0	0	0	0	0	0	0	0	0	0	0	0
PF06463.16	0	1	0	0	1	0	1	1	0	0	0	0
PF06934.14	0	0	0	0	0	0	0	0	0	0	0	0
PF20001.2	0	0	0	0	0	0	0	0	0	0	0	0
PF07944.15	0	2	0	1	0	1	2	0	2	1	0	1
PF13568.9	3	3	0	1	2	1	0	0	0	2	0	1
PF04738.16	0	0	0	0	0	0	0	0	0	0	0	0
PF14028.9	0	0	0	0	0	0	0	0	0	0	0	0
PF12675.10	1	3	0	0	0	11	0	0	2	3	0	3
PF19570.2	0	0	1	1	0	3	1	0	0	0	0	0
PF04353.16	0	0	0	0	0	0	0	0	0	0	0	0
PF02696.17	0	0	0	0	0	0	0	0	0	0	0	0
PF05960.14	2	2	0	1	0	2	0	0	0	0	0	1
PF06956.14	0	0	0	0	1	0	0	0	0	0	0	0
PF06224.15	0	0	0	1	0	0	0	0	0	0	0	0
PF01717.21	0	0	0	0	0	0	0	0	0	0	0	0
PF02348.22	0	0	0	0	3	6	4	1	4	4	0	11
PF01564.20	0	1	0	0	0	4	0	1	1	0	0	1
PF04356.15	0	0	0	0	0	0	0	0	0	0	0	0
PF17874.4	1	1	0	2	0	1	1	1	3	1	1	3
PF09312.14	0	0	0	0	0	0	0	0	0	0	0	0
PF01972.19	0	0	2	0	0	0	0	1	0	0	0	0
PF08481.13	0	1	0	0	0	1	0	0	2	2	0	2
PF03453.20	0	3	0	2	0	0	2	0	0	0	0	0
PF03454.18	0	3	0	2	0	0	2	0	0	0	0	0
PF17948.4	0	0	1	0	0	0	0	0	0	0	0	0
PF04958.15	0	0	0	0	0	0	0	0	0	0	0	0
PF08713.14	0	0	0	0	0	0	0	0	0	0	1	1
PF14801.9	0	0	0	0	0	0	0	0	0	0	0	0
PF08704.13	0	0	0	0	0	0	0	0	0	0	0	0
PF17932.4	0	1	0	1	0	1	0	0	0	0	0	0
PF09661.13	0	3	0	1	0	3	0	0	0	0	0	0
PF18946.3	0	0	0	0	0	0	0	0	0	0	0	0
PF19783.2	0	0	0	0	0	0	0	0	0	0	0	0
PF15507.9	0	0	0	0	0	0	0	0	0	0	0	0
PF02973.19	0	0	0	0	0	0	0	0	0	0	0	0
PF03412.18	0	0	0	0	2	0	0	1	2	1	0	1
PF13417.9	0	0	0	0	0	0	0	0	0	0	1	0
PF18096.4	1	0	0	1	1	0	0	0	1	0	1	0
PF01963.20	0	0	1	0	0	0	0	0	1	0	0	0
PF10935.11	0	0	0	0	0	0	0	0	0	0	0	0
PF19328.2	0	0	0	0	0	0	0	0	0	0	0	0
PF17203.7	0	0	0	0	0	0	0	0	0	0	0	0
PF13780.9	0	0	0	0	0	1	0	0	0	0	0	0
PF01135.22	0	0	0	0	0	0	0	0	0	0	0	0
PF19078.3	0	0	0	0	0	0	0	0	0	0	0	0
PF00059.24	0	0	0	0	0	0	0	0	0	0	1	0
PF06594.14	0	0	0	0	0	0	0	0	0	0	0	0
PF07072.14	0	0	0	0	0	0	0	0	0	0	0	0
PF13977.9	0	0	0	0	0	0	0	0	0	0	0	0
PF16881.8	0	0	0	0	0	0	0	0	0	0	0	0
PF09326.14	0	0	0	0	0	0	0	0	0	0	0	0
PF09976.12	0	0	0	0	0	0	0	0	0	0	0	0
PF00141.26	0	0	0	0	0	0	0	0	0	0	0	0
PF04830.16	0	0	0	0	0	0	0	0	0	0	0	0
PF02171.20	0	0	0	0	0	0	0	0	0	0	0	0
PF09239.14	0	0	0	0	0	0	0	0	0	0	0	0
PF06966.15	0	0	0	0	0	0	0	0	0	0	0	0
PF16924.8	0	0	0	0	0	0	0	0	0	0	0	0
PF18989.3	2	9	0	6	0	10	1	6	9	9	5	7
PF13231.9	1	9	1	0	4	10	0	0	0	0	0	1
PF03646.18	12	83	0	24	9	100	8	29	19	6	1	27
PF07581.15	2	5	0	3	0	1	0	0	1	1	2	3
PF19510.2	0	1	0	0	1	4	0	0	0	0	0	0
PF02485.24	0	0	0	2	0	0	0	0	0	0	0	0
PF18922.3	0	0	0	0	0	0	0	0	0	1	0	0
PF04724.16	0	1	0	0	0	1	0	0	0	0	0	0
PF05523.14	0	1	1	0	3	0	0	0	0	0	0	0
PF08759.14	0	0	0	0	0	3	1	0	0	0	0	0
PF14264.9	0	1	0	0	0	3	0	0	0	0	0	0
PF09359.13	0	8	0	0	0	15	0	0	0	0	0	0
PF16316.8	0	3	0	0	0	3	0	0	0	1	0	0
PF04794.15	0	3	0	0	0	4	0	2	0	0	0	1
PF19554.2	0	0	0	1	0	4	0	0	1	1	0	0
PF13526.9	0	16	0	2	1	23	0	0	0	4	0	2
PF07745.16	0	1	0	0	0	0	0	0	0	0	0	8
PF11738.11	0	5	0	2	0	0	4	0	1	0	0	2
PF06161.14	2	2	0	2	0	8	0	2	3	1	1	3
PF20462.1	0	2	0	0	0	4	0	1	0	0	2	3
PF03588.17	0	0	0	0	0	1	0	0	0	0	0	0
PF02617.20	0	0	0	0	0	0	0	0	0	0	0	0
PF12965.10	0	0	0	0	0	0	0	0	0	0	0	0
PF10006.12	0	0	0	0	0	0	0	0	0	0	0	0
PF18050.4	0	0	0	0	0	0	0	0	0	0	0	1
PF13474.9	0	0	0	0	0	0	0	0	0	0	0	1
PF07592.14	10	0	1	15	17	6	1	2	11	5	2	1
PF14358.9	0	0	0	0	1	0	1	0	0	0	0	0
PF12669.10	0	0	0	0	0	0	0	0	0	1	0	0
PF04434.20	0	0	2	2	1	1	4	2	1	1	0	2
PF17124.8	0	0	0	0	0	0	0	0	0	0	0	0
PF13566.9	1	0	0	1	0	1	0	0	0	0	0	0
PF06452.14	2	0	3	8	3	0	2	10	3	2	0	4
PF18988.3	0	1	0	0	0	0	0	1	0	0	0	0
PF15979.8	0	0	1	0	1	0	1	1	0	2	2	6
PF17829.4	0	0	1	0	1	0	1	1	0	2	2	6
PF13366.9	2	0	0	1	1	2	1	1	3	2	0	1
PF08849.14	0	0	0	1	0	1	0	0	1	1	1	2
PF13592.9	2	0	0	1	1	0	0	0	0	0	0	1
PF20442.1	1	4	0	2	0	3	0	2	0	2	0	2
PF13337.9	3	7	0	4	1	4	0	2	0	3	0	2
PF13182.9	1	0	0	1	0	0	0	0	0	0	0	1
PF05017.17	0	0	9	0	0	0	0	0	0	4	0	0
PF20251.1	0	1	0	0	2	1	0	0	1	0	1	0
PF10923.11	0	0	0	3	0	1	1	1	2	1	0	2
PF05686.15	0	0	0	0	0	0	0	0	0	0	1	0
PF19092.3	0	0	0	1	0	0	0	0	0	1	0	0
PF09860.12	0	1	0	0	0	0	0	1	0	0	0	0
PF02445.19	0	0	1	1	0	2	0	0	0	2	2	4
PF02829.17	0	2	0	0	0	0	0	0	1	0	2	1
PF09234.13	0	0	0	1	0	0	0	1	1	0	0	7
PF09515.13	0	0	0	3	0	0	1	0	0	0	0	0
PF07348.15	0	0	0	0	0	0	0	0	0	0	0	0
PF03706.16	1	0	5	0	3	1	0	0	0	2	0	0
PF16927.8	1	8	1	1	3	5	2	4	2	3	0	2
PF16472.8	0	6	0	0	0	4	1	1	0	0	0	1
PF08367.14	3	17	1	2	2	12	4	9	3	2	3	5
PF18907.3	1	0	0	1	1	5	0	1	0	1	0	1
PF09986.12	0	21	1	1	1	23	0	5	3	0	0	3
PF12725.10	0	3	0	1	0	1	0	1	1	1	1	1
PF19275.2	0	0	0	2	0	0	1	1	1	0	0	0
PF10021.12	0	0	0	0	0	0	0	0	0	0	0	1
PF14478.9	0	1	0	0	0	2	0	0	0	0	0	0
PF16990.8	0	0	0	0	0	0	0	0	0	0	0	0
PF02677.17	0	1	0	2	1	1	0	0	0	0	0	0
PF13023.9	0	2	0	1	0	2	1	0	1	0	0	0
PF02732.18	0	0	0	0	0	0	0	0	0	0	0	0
PF08719.14	0	0	0	0	0	1	0	1	0	0	0	0
PF18127.4	0	0	0	0	0	0	0	0	0	0	0	0
PF10047.12	0	0	0	1	1	0	0	1	0	0	0	1
PF14020.9	0	1	0	0	0	0	0	0	0	0	0	0
PF10547.12	0	0	0	0	0	0	0	0	0	0	0	0
PF00959.22	0	0	0	0	0	0	0	0	0	0	0	0
PF20195.1	0	2	0	0	0	3	0	0	0	0	0	0
PF05704.15	0	0	0	0	0	0	0	0	0	0	0	0
PF14281.9	0	0	0	0	0	0	0	0	0	0	0	0
PF19601.2	0	5	0	1	1	4	1	2	1	0	0	0
PF03799.18	0	2	0	2	0	4	0	0	1	0	0	1
PF20335.1	0	0	0	0	0	0	1	0	0	0	0	0
PF17117.8	0	0	0	0	0	0	0	0	0	0	0	3
PF13739.9	0	2	0	1	1	1	0	0	2	0	0	2
PF16661.8	0	0	0	0	0	0	0	0	0	1	0	2
PF19306.2	0	0	0	1	0	0	0	0	0	0	0	0
PF08494.14	0	0	0	1	0	0	0	0	0	0	0	0
PF01693.19	0	2	0	0	2	0	0	0	0	0	1	0
PF12997.10	0	10	0	2	1	1	1	4	0	2	0	2
PF01899.19	0	0	0	0	0	0	0	0	0	0	0	0
PF03334.17	0	0	0	0	0	1	0	0	0	0	0	0
PF19753.2	10	140	2	38	2	182	14	24	26	34	16	60
PF10704.12	0	1	0	0	0	0	0	0	0	0	0	0
PF09365.13	0	3	0	2	2	0	0	3	0	0	0	3
PF18560.4	0	1	0	1	0	1	0	0	1	0	0	1
PF19511.2	0	0	0	0	0	0	0	0	0	0	0	0
PF18555.4	0	0	1	1	0	2	0	0	0	0	0	0
PF07090.14	0	0	0	1	0	0	0	0	0	0	0	2
PF11208.11	1	7	1	7	1	11	0	4	6	3	1	5
PF18928.3	0	0	0	0	0	0	0	0	0	0	0	0
PF11436.11	0	1	0	0	0	0	0	0	0	0	0	0
PF10026.12	0	0	0	0	0	1	0	1	1	0	0	0
PF13567.9	1	1	1	1	1	1	0	0	0	0	0	1
PF19623.2	0	0	0	0	1	0	0	0	2	3	1	1
PF18475.4	0	0	0	0	0	0	0	0	1	0	0	1
PF14094.9	1	0	2	0	0	0	2	0	0	0	1	2
PF03885.16	1	1	0	0	0	5	0	0	1	2	1	2
PF06968.16	3	3	1	2	0	3	1	3	5	3	0	0
PF14107.9	0	0	0	0	0	0	0	0	0	0	0	0
PF09553.13	0	2	0	0	0	2	0	0	1	0	0	0
PF10137.12	0	0	0	0	0	0	0	0	0	0	0	0
PF01969.20	0	1	0	1	0	3	1	1	0	0	1	1
PF19845.2	0	0	0	2	0	1	0	2	0	1	0	0
PF19694.2	1	1	2	2	1	3	2	0	0	0	1	1
PF20037.2	0	2	0	0	0	0	0	0	0	0	1	1
PF12869.10	0	0	0	0	0	0	0	0	0	0	0	0
PF04074.15	0	8	0	2	2	4	1	1	4	3	1	6
PF19610.2	0	7	0	3	0	5	0	1	4	2	2	10
PF09704.13	0	0	0	0	3	2	1	0	1	1	0	2
PF05107.15	0	5	1	0	3	4	0	1	2	0	1	1
PF03714.17	0	0	0	7	0	0	0	0	2	5	0	6
PF10040.12	0	0	0	0	1	0	1	0	0	1	0	0
PF12945.10	0	1	0	3	1	6	0	1	0	3	0	2
PF13750.9	0	0	0	0	1	0	0	0	0	0	0	0
PF13203.9	0	3	0	2	0	2	0	0	0	0	0	1
PF09967.12	0	3	0	2	0	3	0	0	0	1	0	1
PF09527.13	0	0	0	0	0	2	0	1	2	2	1	2
PF10020.12	0	0	0	0	0	0	0	0	0	0	0	0
PF19668.2	0	0	0	0	0	0	0	0	0	0	0	0
PF05194.15	0	0	0	0	0	0	0	0	0	0	0	0
PF08590.13	0	0	0	0	0	0	0	0	0	0	0	0
PF16468.8	0	0	0	0	0	0	0	0	0	0	0	0
PF13772.9	0	0	0	0	0	0	0	0	0	0	0	0
PF00261.23	0	0	0	0	0	1	0	0	1	2	0	6
PF09966.12	0	1	0	1	0	0	0	0	1	0	0	2
PF07486.15	1	15	0	5	0	28	0	8	4	5	2	9
PF19909.2	0	0	0	2	0	0	0	0	0	2	0	9
PF17786.4	0	0	0	0	0	0	0	0	0	0	0	0
PF17753.4	0	2	0	0	1	1	0	0	1	0	0	1
PF14243.9	0	0	0	0	0	0	0	0	0	0	0	0
PF04446.15	0	0	0	0	0	0	0	0	1	0	0	1
PF14413.9	0	0	0	0	0	0	0	0	1	0	0	1
PF01051.24	0	0	1	3	2	0	1	0	0	1	6	0
PF19453.2	0	0	0	0	0	0	0	0	0	0	0	0
PF11007.11	0	1	0	1	0	4	2	4	2	3	0	1
PF14104.9	0	0	0	0	0	0	0	0	0	0	0	0
PF15595.9	0	0	0	0	0	0	0	0	0	0	0	0
PF13240.9	4	3	2	4	3	5	0	4	4	6	5	5
PF14561.9	0	0	0	0	0	0	0	0	0	0	0	0
PF12746.10	0	0	0	0	0	1	0	2	0	1	0	0
PF20582.1	1	4	0	2	0	6	0	2	2	2	1	3
PF05209.16	1	0	0	1	0	1	0	0	2	2	0	3
PF03775.19	1	1	0	3	0	5	1	1	2	2	0	4
PF11443.11	0	0	0	1	0	0	0	0	0	0	0	2
PF05731.14	0	0	0	0	0	0	0	0	0	0	0	0
PF12840.10	0	0	0	2	0	1	0	1	1	0	2	0
PF03848.17	0	0	0	0	0	0	0	0	0	0	0	1
PF13026.9	0	1	0	1	2	2	0	2	0	3	0	1
PF18977.3	0	0	0	0	0	0	0	1	0	0	0	0
PF20047.2	0	1	0	0	0	0	2	0	1	0	0	2
PF20218.1	0	0	0	0	0	0	0	0	0	0	0	0
PF16146.8	0	0	0	0	0	0	0	0	0	0	0	1
PF13690.9	0	13	1	3	0	9	0	3	0	0	0	0
PF00475.21	1	1	0	2	2	2	0	0	3	2	0	2
PF02410.18	0	0	0	1	0	3	0	0	1	1	0	3
PF20317.1	0	0	0	0	0	0	1	0	0	0	1	0
PF09391.13	0	0	0	0	0	0	0	0	0	0	1	0
PF14103.9	0	0	0	0	0	0	0	0	0	0	0	0
PF08889.14	0	0	0	1	1	0	0	0	0	0	0	0
PF13685.9	0	0	0	1	1	0	0	0	0	0	0	2
PF19677.2	0	0	0	1	0	1	0	0	0	0	0	0
PF08020.14	0	0	0	0	0	0	0	0	0	1	0	0
PF13578.9	0	0	0	0	0	0	0	3	0	0	0	0
PF18982.3	0	0	0	1	0	1	0	0	0	0	0	0
PF13835.9	0	0	0	1	1	1	0	0	0	0	0	0
PF07429.14	0	0	0	0	0	0	0	1	0	0	0	0
PF14423.9	0	0	0	0	0	0	0	0	0	0	0	0
PF08928.13	0	0	0	0	0	0	0	0	0	0	0	0
PF08929.13	0	0	0	0	0	0	0	0	0	0	0	0
PF14433.9	0	0	0	0	0	0	0	0	0	0	0	0
PF14206.9	0	0	0	0	0	0	0	0	0	0	0	0
PF17836.4	0	1	0	0	0	1	2	1	2	0	0	0
PF11922.11	0	2	0	0	0	1	0	2	1	0	1	3
PF15609.9	1	1	0	0	0	1	0	0	0	0	0	0
PF12500.11	1	1	0	0	0	1	0	0	0	0	0	0
PF14018.9	0	0	0	2	0	0	2	0	0	2	6	6
PF15617.9	0	0	0	0	0	1	0	0	0	0	0	0
PF02675.18	0	0	0	2	0	0	0	0	0	0	0	0
PF17284.5	0	0	0	0	0	1	0	0	1	0	0	0
PF00491.24	0	1	0	1	0	1	0	1	0	0	0	0
PF18425.4	0	2	0	1	0	0	0	0	0	0	0	2
PF20312.1	0	0	0	0	0	0	2	1	2	1	1	0
PF02654.18	0	1	2	1	0	0	0	0	0	0	0	0
PF13687.9	0	1	0	2	0	2	0	1	1	0	1	0
PF10096.12	0	3	0	1	0	6	0	0	0	0	0	0
PF02655.17	1	5	0	0	1	5	0	0	0	0	0	1
PF03102.17	3	0	0	2	0	4	2	0	6	3	1	10
PF07922.14	0	0	0	0	0	2	0	0	0	0	0	0
PF14897.9	0	2	0	1	0	0	0	0	1	0	0	1
PF10135.12	0	12	0	2	0	11	0	1	1	1	0	2
PF02981.18	0	0	0	1	0	0	0	0	0	0	0	0
PF02980.19	0	0	0	1	0	0	0	0	0	0	0	0
PF16902.8	0	0	0	1	0	0	0	0	0	0	0	0
PF09254.14	0	3	0	1	0	1	0	0	0	0	0	0
PF00080.23	0	0	0	0	0	0	0	0	0	1	0	0
PF17996.4	0	0	0	0	1	0	0	0	0	1	1	0
PF04994.16	1	0	0	3	0	1	4	0	2	1	0	0
PF17827.4	0	0	0	1	0	0	1	0	2	1	0	1
PF11258.11	1	22	0	6	0	22	1	1	3	1	1	7
PF17479.5	1	22	0	6	0	22	1	1	3	1	1	7
PF06081.14	0	0	0	0	2	0	0	0	0	0	1	1
PF11728.11	0	0	0	0	1	0	0	0	0	0	0	1
PF13289.9	0	22	0	1	0	17	0	4	0	0	0	0
PF12762.10	0	0	0	2	0	1	0	0	1	0	0	0
PF18984.3	5	14	0	11	4	10	2	7	7	5	0	6
PF18983.3	5	14	0	10	4	9	2	6	6	5	0	5
PF07456.14	0	0	0	1	0	1	0	0	0	1	0	0
PF07009.14	0	2	0	1	0	0	0	0	0	1	0	0
PF08876.14	0	1	0	0	0	7	0	0	2	0	1	1
PF13601.9	0	0	0	0	0	0	0	0	0	0	0	0
PF13787.9	0	0	0	0	0	0	0	0	0	0	0	0
PF02016.18	0	2	0	0	2	1	0	0	0	0	0	0
PF17676.4	0	2	0	0	2	1	0	0	0	0	0	0
PF14199.9	7	3	0	8	3	7	2	3	1	2	2	1
PF17225.6	0	1	0	0	0	0	0	0	0	0	0	0
PF06283.14	0	0	0	0	0	0	0	0	0	0	0	1
PF14257.9	1	0	1	3	0	1	1	1	1	0	0	4
PF09148.13	4	1	0	1	0	1	0	0	1	0	0	5
PF07878.14	0	0	0	0	0	0	0	0	0	0	0	0
PF07826.14	0	3	0	2	0	3	2	0	1	4	2	3
PF20260.1	0	1	0	1	1	0	0	2	0	1	0	3
PF08487.13	0	0	0	0	0	0	0	0	0	0	0	1
PF16369.8	0	0	0	0	0	0	0	0	0	0	0	0
PF09212.13	0	0	0	0	0	0	0	0	0	0	0	0
PF02156.18	0	0	1	2	1	0	2	0	0	0	1	2
PF13570.9	0	0	0	0	0	0	0	0	0	0	0	0
PF08765.14	0	1	0	0	1	0	1	0	0	1	0	0
PF20456.1	1	1	1	1	0	1	1	0	0	1	0	2
PF19484.2	1	3	0	2	0	7	0	1	0	0	0	1
PF04018.16	0	2	0	0	0	0	0	0	0	1	0	0
PF14751.9	0	2	0	0	0	1	0	2	0	0	0	0
PF01978.22	0	0	0	0	0	1	0	0	0	0	0	0
PF11495.11	0	0	0	0	0	0	0	0	0	0	0	0
PF00246.27	1	0	0	2	1	1	2	1	2	3	0	2
PF13241.9	0	0	1	0	0	1	0	1	1	1	2	0
PF18588.4	0	0	0	0	3	0	0	0	0	0	0	0
PF16738.8	0	0	0	5	0	0	0	0	1	5	0	2
PF16561.8	0	0	0	4	0	0	0	0	1	5	0	2
PF19539.2	0	0	0	1	0	0	0	0	0	0	0	0
PF10387.12	0	0	0	1	0	0	0	0	0	0	0	0
PF18994.3	0	0	0	0	0	0	0	0	0	0	0	0
PF05709.14	0	0	0	0	0	0	0	0	0	0	0	0
PF20469.1	0	1	0	1	1	3	1	3	0	2	0	3
PF03283.16	0	0	0	0	0	0	0	0	0	0	0	0
PF14192.9	0	0	1	0	0	0	1	0	0	0	0	0
PF03852.18	0	0	0	0	0	4	0	1	2	1	0	2
PF09565.13	0	0	0	0	0	0	0	0	0	0	0	0
PF06855.15	0	0	0	0	0	0	0	0	0	0	0	0
PF13005.10	7	45	3	12	5	36	12	20	8	1	19	12
PF06094.15	0	0	0	0	0	0	0	0	0	0	0	0
PF01680.20	1	11	0	1	1	11	0	2	2	1	0	0
PF00142.21	0	0	0	0	0	0	0	0	0	0	0	0
PF00350.26	0	0	0	0	1	0	0	0	0	0	0	0
PF14414.9	0	0	0	0	0	0	0	0	0	0	0	0
PF02652.17	1	3	0	1	2	1	0	0	2	2	0	2
PF05183.15	0	0	2	0	0	0	0	0	0	0	0	0
PF01810.21	0	0	0	0	1	0	1	0	0	2	0	0
PF13577.9	0	0	0	0	0	0	0	0	0	0	0	0
PF14534.9	0	0	0	0	0	0	0	0	0	0	0	0
PF12158.11	0	0	0	0	0	1	0	0	0	0	0	1
PF06353.15	0	0	0	0	0	0	0	0	0	0	0	0
PF19538.2	0	1	0	1	0	1	0	0	0	1	0	1
PF20573.1	0	0	0	1	0	0	0	0	0	0	0	0
PF12650.10	1	1	1	2	0	3	0	0	1	0	0	0
PF20040.2	0	0	0	0	0	0	0	1	0	1	0	0
PF03928.17	2	3	0	0	0	3	3	0	2	1	0	0
PF03319.16	0	7	0	3	3	7	5	0	1	3	1	2
PF18427.4	0	0	0	0	0	1	0	0	4	0	1	5
PF08841.13	0	0	0	0	0	1	0	0	4	0	1	5
PF02287.18	0	1	0	0	0	0	0	0	0	1	0	0
PF02286.18	0	0	0	2	0	2	2	3	0	0	0	1
PF11580.11	1	7	0	2	0	3	2	4	0	2	0	1
PF15428.9	0	0	0	0	0	0	0	0	0	0	0	0
PF14136.9	0	1	0	0	4	1	0	0	0	0	0	1
PF16657.8	4	9	0	8	4	8	5	4	5	7	4	10
PF20446.1	1	1	0	3	2	6	0	0	8	3	3	3
PF09818.12	1	1	0	3	2	6	0	0	8	3	3	3
PF18218.4	0	0	0	0	0	0	0	0	0	0	0	0
PF02522.17	0	1	0	1	0	0	0	0	0	0	0	1
PF05708.15	0	0	0	0	0	0	0	0	0	0	0	0
PF12671.10	0	0	0	0	0	0	0	0	0	0	0	0
PF13551.9	2	1	0	1	1	1	2	0	0	0	0	0
PF10412.12	0	0	0	0	0	0	0	0	0	0	0	0
PF20313.1	0	0	0	0	0	0	0	0	0	1	0	2
PF13958.9	0	0	0	0	0	0	0	1	0	0	0	0
PF07892.14	1	1	0	2	0	5	0	2	0	0	0	0
PF12910.10	0	0	0	0	0	0	0	0	0	0	0	0
PF13466.9	0	0	1	0	0	0	0	0	0	0	0	0
PF08445.13	0	2	0	0	0	4	1	1	0	0	0	0
PF07179.15	2	3	1	2	1	4	1	5	2	2	1	3
PF11796.11	0	5	0	1	0	3	0	0	0	0	0	0
PF09664.13	0	5	0	1	0	3	0	0	0	0	0	0
PF09660.13	1	7	0	0	0	5	0	0	0	0	0	0
PF18889.3	0	0	6	0	5	0	6	12	6	0	6	0
PF20623.1	0	0	0	0	0	0	0	0	0	0	0	0
PF01345.21	1	40	0	8	0	3	9	3	28	18	91	59
PF07613.14	0	0	0	0	0	8	0	2	0	0	0	0
PF14056.9	0	1	0	0	0	0	0	1	0	0	0	0
PF14076.9	0	4	0	2	0	2	0	0	0	0	0	0
PF01402.24	2	1	0	1	3	3	0	0	0	0	0	0
PF05973.17	0	1	0	0	1	1	0	0	0	0	0	0
PF10651.12	0	1	0	0	0	3	0	0	0	0	0	0
PF03406.16	0	0	0	0	0	0	0	1	0	0	0	0
PF19639.2	0	3	0	2	0	3	0	1	0	0	0	0
PF13279.9	1	1	0	0	0	1	2	0	0	0	0	1
PF13391.9	0	1	0	0	0	2	0	0	0	0	0	0
PF04480.15	0	0	0	0	0	3	0	0	0	0	0	0
PF07853.14	0	0	0	0	1	0	0	1	0	0	1	1
PF09297.14	1	0	0	0	0	1	0	0	1	2	0	0
PF11187.11	3	1	0	0	0	3	0	1	0	0	0	0
PF07454.14	0	0	0	0	0	2	0	0	0	0	0	1
PF06782.14	2	0	0	0	0	0	0	0	6	0	0	1
PF12670.10	0	0	0	0	1	1	0	0	0	0	0	0
PF09552.13	0	0	0	0	0	3	0	0	0	0	0	0
PF12953.10	0	1	0	0	0	1	0	0	0	0	0	0
PF19499.2	0	11	0	3	2	13	0	1	0	4	6	3
PF03883.17	0	3	0	0	0	2	0	2	1	0	0	1
PF07866.14	0	3	0	1	0	2	0	2	0	1	0	0
PF03862.16	0	1	0	0	0	1	0	0	0	0	0	0
PF13782.9	0	0	0	0	0	0	0	0	0	0	0	0
PF01174.22	0	11	0	0	0	4	0	1	0	0	0	0
PF03932.17	0	6	0	1	0	6	1	1	1	2	1	4
PF12893.10	0	0	0	0	0	0	1	0	0	0	0	0
PF18088.4	0	0	0	0	1	1	0	0	1	0	0	0
PF11070.11	0	0	0	0	0	0	0	1	0	0	0	1
PF08867.14	0	0	0	0	0	0	0	0	0	0	0	0
PF10143.12	2	2	1	2	2	11	1	2	7	3	1	0
PF08645.14	0	0	0	0	0	0	0	0	0	0	0	0
PF19830.2	0	1	0	0	0	0	0	0	0	0	0	0
PF05426.15	0	0	0	0	0	1	0	0	0	0	0	0
PF07940.16	0	1	3	0	0	1	0	0	0	0	0	0
PF07470.16	0	1	1	2	0	4	0	0	2	0	0	0
PF13535.9	0	0	0	0	0	5	0	0	0	0	0	0
PF18603.4	0	0	0	0	0	5	0	0	0	0	0	0
PF08922.14	0	1	0	0	0	2	0	0	0	1	0	0
PF03733.16	0	2	0	0	0	0	0	2	2	0	0	0
PF10974.11	0	2	0	0	0	0	0	0	0	0	1	0
PF12558.11	0	7	0	0	0	5	1	0	1	0	0	0
PF01939.19	0	4	0	0	0	2	0	0	0	0	0	1
PF13395.9	1	2	0	0	0	0	0	0	2	1	0	0
PF20578.1	0	3	0	0	0	1	0	0	3	0	1	2
PF13274.9	1	2	0	2	1	0	0	0	1	0	0	1
PF03881.17	0	1	0	0	0	1	0	0	1	0	0	2
PF16467.8	0	1	0	0	0	5	0	0	0	0	0	0
PF12996.10	0	0	0	1	0	1	0	1	0	1	1	2
PF02900.21	1	1	1	1	1	3	0	1	0	0	3	0
PF01871.20	1	1	1	1	1	3	0	1	0	0	3	0
PF01970.19	2	3	1	0	1	8	0	1	1	1	0	2
PF07556.14	0	2	0	0	0	4	0	0	0	2	1	0
PF11913.11	0	2	0	0	0	5	0	0	0	0	0	0
PF19848.2	1	1	0	0	0	0	0	0	0	0	0	1
PF13271.9	2	0	0	1	0	2	2	2	1	0	0	0
PF14270.9	0	2	0	0	1	3	0	1	0	1	0	0
PF09823.12	0	6	0	0	0	2	0	1	0	0	0	0
PF04072.17	0	0	0	0	0	0	0	0	0	0	0	0
PF14871.9	0	0	0	0	0	0	0	0	0	0	0	0
PF16962.8	0	3	0	0	0	1	0	1	0	0	0	0
PF13275.9	2	0	0	0	0	1	2	0	0	0	0	0
PF01980.19	0	0	1	0	0	0	0	0	0	1	0	0
PF10604.12	0	0	0	0	0	2	0	0	0	0	0	0
PF04066.16	0	0	0	0	0	0	0	0	0	0	0	0
PF01937.22	0	0	0	0	0	0	0	0	2	0	0	2
PF11449.11	0	0	0	0	4	4	0	0	4	0	0	2
PF05899.15	0	2	0	0	0	3	0	0	0	0	0	0
PF01478.21	0	1	0	0	0	1	0	1	0	0	1	1
PF18960.3	0	2	0	0	0	0	0	0	0	0	1	1
PF09115.13	1	5	0	3	0	4	0	4	4	4	2	3
PF03458.16	0	2	0	0	0	0	0	0	0	0	0	0
PF13657.9	1	0	0	1	0	0	0	0	1	0	0	1
PF12889.10	0	2	0	3	0	4	1	0	0	0	0	0
PF04985.17	0	2	0	0	0	0	0	0	0	0	0	0
PF10662.12	2	2	1	2	0	2	1	0	1	1	0	1
PF12450.11	0	0	0	0	0	0	0	0	0	0	0	0
PF12034.11	0	0	0	0	0	0	0	0	0	0	0	0
PF02683.18	0	3	0	2	2	4	0	1	1	1	1	1
PF08902.14	0	3	0	0	0	3	1	1	1	0	0	1
PF06414.15	0	1	0	1	0	2	1	0	0	4	1	1
PF13539.9	1	1	0	1	0	11	1	0	1	3	0	0
PF18937.3	0	3	0	2	0	3	0	1	1	3	0	2
PF12810.10	0	0	0	0	0	0	0	0	0	0	0	0
PF18927.3	0	0	0	0	0	1	0	0	0	0	0	0
PF01220.22	0	2	1	0	0	0	0	0	0	0	0	0
PF10086.12	0	0	0	0	0	2	0	2	0	0	0	0
PF18917.3	0	0	0	0	0	0	0	1	0	0	0	0
PF11583.11	0	1	0	0	0	0	0	0	0	0	0	0
PF14196.9	0	1	0	0	0	0	0	0	0	0	0	0
PF04463.15	1	1	0	0	0	0	0	0	3	0	8	3
PF17782.4	1	0	0	0	0	1	0	1	0	0	0	0
PF04993.16	1	2	0	0	0	0	0	0	0	0	0	0
PF19502.2	0	3	0	0	0	0	0	1	0	1	0	2
PF07875.15	0	1	0	1	1	1	0	0	1	1	0	0
PF01944.20	0	3	0	0	0	2	0	1	0	0	1	0
PF18310.4	0	0	0	0	0	0	0	0	0	0	0	0
PF18954.3	0	0	0	0	0	0	0	0	0	0	0	0
PF08378.14	0	1	0	1	0	0	0	0	0	0	0	0
PF02834.19	0	0	0	0	0	0	0	0	0	0	0	0
PF20610.1	0	0	0	0	0	0	0	0	0	0	0	0
PF18389.4	0	0	0	0	0	0	0	0	0	1	0	0
PF03616.17	4	8	0	6	0	0	3	1	0	0	0	1
PF04346.15	0	0	0	1	0	0	1	0	0	0	0	1
PF10916.11	0	0	0	0	0	0	0	0	0	0	0	0
PF18948.3	0	0	0	0	1	2	0	1	0	0	1	0
PF06631.14	0	0	0	0	0	0	0	0	0	0	0	0
PF16993.8	0	0	0	0	0	0	0	0	1	0	0	1
PF07247.15	0	0	0	0	0	0	0	2	0	0	0	0
PF13575.9	0	0	0	0	0	0	0	0	0	0	0	0
PF05147.16	0	0	0	0	0	0	0	0	0	0	0	0
PF04024.15	0	1	0	0	0	1	0	0	0	0	1	0
PF08808.14	0	0	0	0	0	0	0	0	0	0	0	0
PF13930.9	0	2	0	1	0	4	0	0	1	0	0	1
PF04488.18	0	1	0	0	0	1	0	0	0	1	0	0
PF19842.2	0	0	0	0	0	0	0	0	0	0	0	0
PF16161.8	0	0	0	3	1	1	1	2	2	2	0	1
PF08707.14	0	0	0	0	0	0	0	0	0	0	0	0
PF07905.14	3	1	0	1	4	7	2	1	1	0	0	0
PF05552.15	0	0	2	3	5	0	0	2	4	0	7	3
PF13248.9	0	2	0	1	1	0	0	1	0	0	1	1
PF09551.13	0	0	0	0	0	0	0	0	0	0	0	1
PF04290.15	0	0	0	4	0	10	1	1	0	0	1	0
PF16163.8	0	0	0	0	0	0	0	0	0	0	0	0
PF04422.16	0	0	0	0	0	0	0	1	0	0	0	0
PF04432.16	1	0	0	0	0	0	0	2	1	0	0	0
PF11700.11	2	0	0	0	0	0	2	0	2	0	0	0
PF09960.12	0	0	0	1	0	0	0	1	3	2	1	0
PF16933.8	0	0	0	0	0	0	0	0	1	0	0	0
PF16173.8	0	0	0	0	0	0	1	0	0	0	0	0
PF16116.8	0	0	0	0	0	0	1	0	0	0	0	0
PF18082.4	1	0	0	1	0	3	0	0	3	1	0	1
PF18164.4	1	0	0	1	0	3	0	0	3	1	0	1
PF07751.14	0	0	0	0	0	0	0	0	0	0	0	0
PF12664.10	0	0	0	0	0	0	0	0	0	0	0	0
PF20369.1	2	0	0	1	0	0	1	0	1	0	0	1
PF13382.9	0	1	0	3	0	1	0	1	1	0	0	2
PF06935.14	0	0	0	0	0	0	0	0	0	0	0	0
PF12668.10	0	0	0	0	1	0	0	0	0	0	0	0
PF20275.1	0	0	0	0	0	0	0	0	0	0	0	0
PF20293.1	0	0	0	0	0	0	0	0	0	0	0	0
PF10088.12	0	0	0	0	0	0	0	0	0	0	0	0
PF02625.19	0	0	0	0	0	0	0	1	0	0	0	0
PF13478.9	0	0	0	0	0	0	0	1	0	0	0	0
PF00481.24	0	0	0	0	0	0	0	0	0	1	1	0
PF01887.19	0	0	0	1	0	0	0	0	1	0	0	1
PF20257.1	0	0	0	1	0	0	0	0	1	0	0	1
PF10576.12	0	0	0	0	0	0	0	0	1	0	0	0
PF16757.8	1	0	0	0	0	0	0	1	1	0	0	1
PF02001.19	0	1	0	1	0	0	1	1	0	0	0	1
PF14024.9	0	0	0	0	0	0	0	0	0	0	1	0
PF16152.8	0	0	0	1	0	0	0	0	2	0	1	0
PF18128.4	0	2	0	1	0	2	1	0	1	0	1	4
PF18133.4	0	2	0	1	0	2	1	0	1	0	1	4
PF00595.27	0	1	0	0	3	2	2	3	2	3	0	1
PF04309.15	1	1	0	3	0	3	1	1	0	1	0	2
PF05336.16	0	0	0	0	1	0	2	0	2	2	0	0
PF13244.9	0	0	0	1	0	0	0	0	0	0	0	0
PF02152.21	0	0	0	2	0	0	1	0	0	0	0	1
PF14399.9	0	0	0	0	0	0	0	0	0	0	0	0
PF06685.14	0	0	1	0	0	0	0	1	0	0	0	1
PF02074.18	0	0	0	0	1	0	2	0	1	0	0	1
PF19644.2	1	0	0	1	0	2	0	0	22	4	17	0
PF07314.14	0	0	0	0	0	0	0	0	0	1	0	1
PF00135.31	4	2	2	6	1	2	0	0	0	0	4	2
PF02586.17	0	0	0	0	0	0	0	0	0	0	0	0
PF04256.15	0	0	1	2	0	0	0	0	0	1	0	0
PF12695.10	0	0	0	0	0	0	3	0	0	1	0	0
PF14487.9	0	0	0	0	0	0	1	0	0	0	0	0
PF10719.12	0	4	0	7	1	3	1	1	0	1	0	2
PF07196.16	3	2	1	12	1	11	12	10	23	8	3	33
PF13607.9	0	0	0	0	0	0	0	0	0	0	1	0
PF01361.24	0	3	0	1	0	0	0	1	0	1	2	2
PF09932.12	0	0	0	0	0	0	0	0	0	0	0	0
PF13250.9	0	0	0	0	1	0	0	1	1	0	0	0
PF10544.12	1	0	0	0	1	0	0	1	1	0	0	0
PF06152.14	0	0	0	0	0	1	0	0	0	0	0	0
PF20536.1	0	0	0	0	0	0	0	0	0	0	0	0
PF20378.1	0	0	0	0	0	0	0	0	0	0	0	0
PF06854.14	1	0	0	0	0	5	0	0	0	0	0	0
PF05866.14	0	0	0	0	0	0	0	0	0	0	0	0
PF03864.18	2	2	0	0	0	3	0	0	0	0	0	1
PF19645.2	0	1	0	0	0	0	0	0	0	0	0	0
PF12961.10	0	0	0	0	0	0	0	0	0	0	0	0
PF11167.11	1	1	1	2	3	2	0	0	2	0	1	1
PF07514.14	0	0	0	0	0	0	0	0	0	0	0	0
PF11230.11	0	0	0	0	1	0	0	2	0	0	0	1
PF16980.8	0	0	0	0	0	0	0	0	0	0	0	0
PF13440.9	0	2	1	1	1	0	0	1	0	1	0	1
PF11185.11	2	0	0	1	2	0	0	1	0	0	1	1
PF06056.15	0	0	0	0	0	0	0	0	0	0	0	0
PF20476.1	0	0	0	0	0	0	0	0	0	0	0	0
PF14461.9	0	0	0	0	0	0	0	0	0	0	0	0
PF18145.4	0	0	0	0	0	0	0	0	0	0	0	0
PF03070.19	0	0	0	0	2	0	0	0	0	0	0	0
PF08974.13	0	0	0	1	0	0	0	0	0	0	1	2
PF01934.20	0	0	0	2	2	0	0	0	0	2	0	1
PF15655.9	0	0	0	0	0	1	0	0	0	0	0	0
PF10060.12	0	0	0	0	0	0	0	1	0	0	0	0
PF02288.18	0	1	0	0	0	0	0	0	0	0	1	2
PF11457.11	0	0	0	1	0	0	0	2	0	0	0	0
PF13176.9	2	2	0	3	3	0	2	4	3	2	0	2
PF09388.13	0	0	0	0	0	1	1	0	1	0	0	19
PF02026.19	0	0	0	0	0	0	0	0	0	0	0	1
PF12718.10	0	1	0	1	0	4	0	0	0	0	0	1
PF20240.1	0	0	0	0	0	0	0	0	0	0	0	0
PF13580.9	0	4	1	0	0	7	3	0	1	0	0	0
PF06188.15	0	0	0	0	0	1	0	0	0	1	0	5
PF13027.9	0	0	0	1	0	0	0	0	0	0	0	0
PF03990.17	0	0	0	0	0	0	0	0	3	0	0	0
PF18735.4	1	2	0	1	0	1	2	0	0	1	0	1
PF13629.9	0	0	0	0	0	0	0	0	0	0	0	0
PF14262.9	0	0	0	2	2	4	0	0	0	0	0	0
PF03415.17	0	0	0	0	0	0	0	0	1	0	0	3
PF04071.15	0	0	0	1	0	2	0	0	0	0	0	1
PF11761.11	0	0	0	2	0	1	0	0	0	0	0	0
PF18737.4	0	0	0	0	0	0	0	0	0	0	0	0
PF18887.3	0	0	3	13	0	5	6	6	28	10	12	11
PF17118.8	1	0	0	0	0	2	0	0	0	0	0	0
PF18768.4	0	0	0	0	0	0	0	0	0	0	0	0
PF20247.1	0	0	0	0	0	0	0	0	0	1	0	0
PF18899.3	1	0	0	0	0	0	0	1	0	0	0	1
PF17728.4	1	5	0	0	0	4	1	0	0	0	0	0
PF06616.14	1	5	0	0	0	4	1	0	0	0	0	0
PF14343.9	0	0	0	0	0	0	0	0	0	0	0	0
PF16697.8	0	0	0	0	0	0	0	0	0	0	0	0
PF14378.9	0	0	0	0	0	0	0	0	0	1	0	0
PF12476.11	0	0	0	0	0	1	0	0	0	0	0	2
PF09983.12	1	0	0	2	0	0	2	0	0	1	0	3
PF04586.20	0	0	0	0	0	0	0	1	0	1	2	0
PF12641.10	0	0	0	0	0	0	0	0	0	0	0	3
PF14594.9	0	0	0	0	0	0	0	0	0	0	0	0
PF07811.15	0	0	0	0	0	0	0	0	0	0	0	1
PF01242.22	0	0	0	0	1	1	1	0	0	0	0	0
PF09721.13	0	0	0	0	0	0	0	0	0	0	0	0
PF07799.15	0	0	0	0	0	0	0	0	0	0	0	0
PF06048.14	0	0	0	0	0	0	0	0	0	0	0	0
PF18662.4	0	0	0	0	0	0	0	0	0	0	0	0
PF01112.21	0	0	0	2	0	0	1	0	0	0	1	1
PF14025.9	0	0	1	0	0	1	0	0	1	0	0	2
PF20092.2	0	0	0	0	0	0	0	0	0	1	0	2
PF08863.13	0	0	0	0	0	0	0	0	0	0	0	0
PF05565.14	0	0	0	0	0	2	0	0	0	0	0	0
PF16677.8	0	0	0	0	0	2	0	0	0	0	0	0
PF19540.2	0	0	0	0	0	0	0	1	0	0	0	0
PF11202.11	0	0	0	0	0	1	0	0	1	0	0	2
PF15608.9	0	0	0	0	0	1	0	0	1	0	0	2
PF03190.18	0	0	0	0	1	0	1	0	2	0	0	2
PF12646.10	0	0	0	0	0	0	0	0	1	0	0	1
PF00719.22	0	0	0	2	0	0	0	1	0	0	0	1
PF09512.13	0	0	0	0	0	0	0	0	0	0	0	1
PF14367.9	0	0	0	0	0	0	2	1	0	0	0	0
PF03683.16	0	0	0	0	0	0	0	0	0	0	0	0
PF11848.11	0	1	0	0	0	0	1	0	0	0	0	0
PF06067.14	1	0	0	0	0	0	0	0	0	0	0	0
PF05448.15	0	1	0	0	0	0	0	0	0	0	0	0
PF06496.14	0	0	0	0	0	0	0	0	0	0	0	0
PF03845.16	0	0	0	0	0	0	0	0	0	0	0	0
PF11369.11	0	0	0	0	0	1	0	0	0	0	0	1
PF12408.11	0	0	0	1	0	0	0	0	0	0	0	0
PF13420.10	1	0	0	1	1	0	0	0	0	0	0	2
PF02486.22	0	0	0	0	0	0	0	0	0	0	0	0
PF13563.9	0	0	0	0	0	0	0	0	0	0	0	0
PF08817.13	0	0	0	0	0	0	0	0	0	0	0	0
PF06013.15	0	1	0	0	0	5	1	0	2	1	0	1
PF16982.8	0	0	1	0	0	0	0	0	0	0	0	0
PF09588.13	0	0	1	0	0	0	0	0	0	0	2	0
PF12760.10	0	0	0	0	0	0	0	0	0	0	0	0
PF20063.2	0	0	0	0	0	0	0	0	0	0	0	0
PF10066.12	1	0	0	0	0	0	0	0	0	0	0	0
PF18862.4	0	0	0	0	0	1	0	0	0	0	0	0
PF14133.9	0	0	0	1	0	1	0	0	1	0	0	1
PF13651.9	0	0	0	0	0	0	0	0	0	0	0	0
PF13599.9	0	0	0	0	0	0	0	0	0	0	0	0
PF06197.16	0	0	0	0	0	0	0	0	0	0	0	0
PF14200.9	3	10	0	0	6	6	0	0	0	0	13	8
PF13218.9	0	0	0	0	0	0	0	0	0	0	0	0
PF10077.12	0	0	0	0	0	0	0	0	0	0	0	0
PF08000.14	0	0	0	0	0	0	0	0	0	0	0	0
PF01881.19	0	0	0	0	0	0	0	0	0	0	0	0
PF10022.12	0	0	1	0	0	1	0	0	0	0	0	0
PF20234.1	0	0	0	0	0	0	0	0	0	0	0	0
PF09682.13	0	0	0	0	0	0	0	0	0	0	0	0
PF00932.22	0	2	0	0	0	1	0	0	3	0	1	2
PF15417.9	1	0	0	0	0	0	0	0	0	0	0	0
PF14307.9	0	0	0	1	0	0	0	0	0	0	1	0
PF05711.14	1	1	0	0	0	0	0	0	0	0	0	0
PF16994.8	0	0	0	0	0	0	0	0	0	0	0	0
PF19483.2	0	0	0	0	0	0	0	0	0	0	0	0
PF11599.11	0	0	0	0	0	0	0	0	0	0	0	0
PF03869.17	0	1	0	0	0	1	0	0	0	0	0	0
PF12535.11	0	0	0	0	0	0	0	0	0	0	0	0
PF19501.2	0	0	0	0	0	0	0	0	0	0	0	0
PF15580.9	0	0	0	0	0	0	0	0	0	0	0	0
PF08958.13	0	0	0	0	0	0	0	0	0	0	0	0
PF18476.4	0	0	0	0	0	0	0	1	0	0	0	0
PF03073.18	0	0	0	0	0	0	0	0	0	0	0	0
PF08972.14	0	0	0	0	0	0	0	0	1	0	0	1
PF14607.9	0	0	0	0	0	1	0	0	1	0	0	1
PF14606.9	0	0	0	0	0	1	0	0	1	0	0	1
PF03205.17	0	0	0	0	0	0	0	0	0	0	0	0
PF13079.9	0	0	0	0	0	0	0	0	0	0	0	0
PF10990.11	0	0	0	0	0	0	0	0	0	0	0	0
PF02927.17	1	0	0	0	0	0	0	0	0	0	0	0
PF05057.17	0	0	0	0	0	1	0	0	0	1	0	2
PF12164.11	0	0	0	0	0	0	0	0	1	0	1	2
PF17957.4	0	0	0	0	1	0	0	0	1	1	0	0
PF06686.14	0	0	0	0	0	0	0	0	0	0	0	0
PF06965.15	0	0	0	0	1	0	0	0	0	0	0	0
PF04976.15	0	1	0	0	0	0	0	0	0	0	0	0
PF00245.23	0	0	2	0	5	0	0	0	0	0	0	0
PF12892.10	0	50	0	0	0	0	10	2	10	20	110	60
PF09972.12	0	0	1	0	0	0	0	0	0	0	0	0
PF17210.6	0	2	4	1	0	1	0	1	1	0	0	0
PF06833.14	0	0	0	0	0	0	0	0	0	0	0	0
PF10620.12	0	0	0	0	0	0	0	0	0	0	0	0
PF03818.16	0	0	0	0	0	0	0	0	0	0	0	0
PF07450.14	0	0	0	0	0	0	0	0	0	0	0	0
PF02633.17	0	0	0	0	0	0	0	0	0	0	0	0
PF03892.17	0	0	0	0	0	0	0	0	0	0	0	0
PF03927.16	0	0	0	0	0	0	0	0	0	0	0	0
PF02335.18	0	0	1	0	0	0	0	0	1	0	0	0
PF03100.18	0	0	0	0	2	0	0	0	0	0	0	0
PF16327.8	0	0	0	0	0	0	0	0	0	0	0	0
PF06675.14	0	0	0	0	0	0	0	0	0	0	0	0
PF00762.22	0	0	0	1	0	0	0	0	0	0	0	1
PF18819.4	0	0	0	0	0	0	0	0	0	0	0	0
PF01106.20	0	0	0	0	0	0	0	0	1	0	0	0
PF02909.20	0	0	0	0	0	0	0	0	0	0	0	0
PF02626.18	1	0	0	1	0	2	0	1	0	0	0	0
PF02538.17	0	1	0	0	0	26	2	0	0	0	0	0
PF05707.15	0	0	0	0	0	0	0	0	0	0	0	0
PF04115.15	0	0	0	2	0	0	0	0	0	0	0	0
PF14336.9	0	0	0	0	0	0	0	0	0	0	0	0
PF14276.9	0	0	0	0	0	0	0	1	0	0	0	0
PF14397.9	0	0	0	0	0	0	0	0	0	0	0	0
PF01894.20	0	0	1	0	0	0	0	0	1	2	0	1
PF03437.18	0	0	0	0	0	0	0	0	0	1	0	0
PF05621.14	0	0	0	0	0	0	0	0	0	0	1	0
PF14903.9	4	0	0	0	0	3	0	0	0	0	0	0
PF08331.13	0	0	0	0	2	0	0	0	0	0	0	0
PF09962.12	0	1	0	0	0	0	0	0	0	0	0	0
PF19823.2	0	0	0	1	0	0	0	0	0	0	0	3
PF14102.9	0	0	0	0	0	0	0	0	0	0	0	0
PF08664.13	1	0	0	1	0	0	0	0	0	1	0	0
PF16868.8	1	0	0	2	1	5	3	1	0	2	0	2
PF08905.14	0	0	0	0	0	1	0	0	0	0	0	1
PF06506.14	1	1	0	4	0	2	0	1	0	0	0	0
PF13660.9	0	0	0	0	0	0	0	0	0	1	0	1
PF05161.16	0	0	0	0	0	0	0	0	0	1	0	1
PF18933.3	0	0	0	0	0	0	0	0	0	0	0	0
PF08139.15	0	0	0	0	0	0	0	0	0	0	0	0
PF14112.9	0	0	0	0	0	0	0	0	0	0	0	0
PF19598.2	0	0	1	0	0	0	0	0	0	0	0	0
PF12963.10	0	0	0	0	0	0	0	0	0	0	0	0
PF08218.14	0	0	0	0	0	0	0	0	0	1	0	0
PF05128.15	0	0	0	0	0	0	0	0	0	0	0	0
PF06406.14	0	0	1	0	0	0	0	0	0	0	0	0
PF14209.9	0	0	0	0	0	0	0	0	0	0	0	0
PF11775.11	0	0	0	0	0	0	0	0	0	0	0	0
PF19854.2	0	0	0	0	0	0	0	0	0	0	0	0
PF13200.9	0	0	0	0	1	0	2	0	0	0	0	1
PF17032.8	0	0	1	0	0	1	0	0	0	0	0	0
PF14446.9	0	0	0	0	0	0	0	0	0	0	0	1
PF10947.11	0	0	0	0	0	0	0	0	0	0	0	1
PF09639.13	0	0	0	0	0	0	0	0	0	0	0	0
PF10097.12	0	0	0	0	0	0	0	0	1	0	1	0
PF18573.4	0	0	0	0	0	0	0	0	0	0	0	0
PF11368.11	0	0	0	0	0	0	0	0	0	0	0	0
PF17645.4	0	0	0	0	0	0	0	0	0	0	1	0
PF10123.12	0	0	0	0	1	0	0	0	0	0	0	0
PF14532.9	1	0	0	4	0	2	0	1	0	0	0	0
PF17209.6	0	0	0	0	0	0	0	0	0	0	1	0
PF06262.14	0	0	0	0	0	0	0	1	0	0	0	0
PF10263.12	0	0	0	1	0	0	0	0	0	0	0	0
PF01977.19	0	0	0	0	0	0	0	0	0	0	0	0
PF03594.16	0	0	0	0	0	0	0	0	0	0	0	0
PF04620.15	0	0	0	0	0	0	0	0	0	0	1	0
PF18978.3	0	0	0	0	2	1	0	0	0	0	0	0
PF13627.9	0	1	0	0	0	0	0	0	0	0	0	0
PF11193.11	0	0	1	0	1	1	0	0	1	0	1	1
PF04525.15	0	0	0	0	0	0	0	0	0	0	0	0
PF19799.2	0	0	0	0	0	0	0	0	0	0	0	0
PF05145.15	0	0	0	0	0	0	0	0	0	0	0	0
PF03802.17	0	1	0	0	0	0	0	0	0	1	0	0
PF05489.15	0	1	0	0	0	1	0	0	0	0	0	0
PF06995.14	0	0	1	0	0	0	0	0	1	0	0	0
PF09684.13	0	3	0	0	0	2	0	0	0	0	0	0
PF13644.9	0	3	1	0	0	0	0	0	0	0	0	0
PF18481.4	0	0	1	1	0	0	0	0	0	0	0	0
PF19407.2	3	9	2	6	3	14	3	3	13	11	5	15
PF04143.17	0	0	0	0	0	0	0	0	0	0	0	0
PF18705.4	0	0	0	0	0	0	0	0	0	0	0	0
PF09560.13	0	0	0	0	0	0	0	0	0	0	0	0
PF11823.11	1	0	0	0	1	0	1	0	0	0	0	0
PF20124.2	0	0	0	0	0	0	0	0	0	0	0	0
PF07287.14	0	0	1	0	0	1	0	0	0	0	0	0
PF01989.19	0	0	0	0	0	0	0	0	0	0	0	0
PF04412.16	0	0	0	0	0	0	0	0	0	0	0	1
PF20377.1	0	0	0	0	0	0	0	0	0	0	0	0
PF04951.16	0	0	0	0	0	0	0	0	0	0	0	0
PF06458.15	0	0	0	0	0	0	0	0	0	1	2	0
PF14101.9	0	0	0	0	0	0	0	0	0	0	0	0
PF03630.17	0	0	0	0	0	0	0	0	0	0	0	0
PF16169.8	0	0	0	0	0	0	0	0	0	0	0	0
PF02796.18	0	1	2	0	0	0	0	0	0	0	0	0
PF14249.9	0	0	0	0	0	0	1	0	0	1	0	0
PF13552.9	0	0	0	0	0	0	0	0	0	0	0	0
PF02667.17	0	0	0	1	0	0	0	0	1	0	0	1
PF19595.2	0	0	0	0	0	0	0	0	0	0	0	0
PF11672.11	0	0	0	0	1	0	0	0	0	0	0	0
PF20529.1	0	0	0	0	0	0	0	0	0	0	0	0
PF03956.16	0	0	1	0	0	0	0	0	0	0	0	0
PF16554.8	3	1	2	1	0	4	1	1	3	3	0	0
PF09043.14	1	2	3	2	1	5	3	4	6	5	1	1
PF12544.11	0	3	1	1	1	2	3	1	2	0	0	0
PF14184.9	0	0	0	0	0	0	0	0	0	0	0	0
PF20097.2	0	0	0	0	0	0	0	0	0	0	0	0
PF01427.20	0	0	0	0	0	0	0	0	0	0	0	0
PF15563.9	0	0	0	0	0	0	0	0	0	0	0	0
PF14246.9	0	1	0	0	0	0	0	0	0	0	0	0
PF03457.17	0	0	0	5	0	15	5	0	5	0	12	5
PF05728.15	0	1	0	0	0	0	1	0	0	0	0	0
PF09529.13	0	0	0	0	0	0	0	0	0	0	0	0
PF19605.2	0	0	0	0	0	0	0	0	0	0	0	1
PF16929.8	0	0	0	0	0	0	0	0	0	0	0	0
PF15432.9	0	0	0	0	0	0	0	0	0	0	0	0
PF16011.8	0	0	1	0	2	1	2	2	4	1	0	0
PF20122.2	0	0	0	0	0	0	1	0	0	0	0	0
PF18730.4	0	0	0	0	0	0	0	0	0	0	0	0
PF06249.15	7	12	0	25	10	9	16	9	2	2	2	1
PF19062.3	0	0	0	0	0	0	0	0	0	0	0	0
PF14588.9	0	0	0	0	0	0	0	1	0	0	0	1
PF16481.8	1	0	0	1	1	0	0	0	0	0	0	0
PF08359.14	1	0	0	0	0	0	0	0	2	0	0	0
PF07694.15	0	0	0	0	0	0	0	0	0	0	0	0
PF12787.10	1	0	1	1	0	1	1	0	3	0	0	0
PF16569.8	2	1	0	3	0	24	0	2	16	15	1	10
PF01633.23	0	1	0	1	2	0	0	0	0	1	0	1
PF04587.18	0	2	0	0	2	9	1	0	0	2	0	0
PF07385.15	0	2	0	0	0	0	0	0	1	2	1	2
PF08484.14	0	0	0	0	0	0	0	0	0	2	0	0
PF14486.9	0	2	0	0	0	0	0	0	0	0	0	0
PF08901.14	1	0	0	0	0	0	0	0	0	0	0	1
PF16729.8	0	0	0	0	0	0	0	0	0	0	0	0
PF04279.18	0	0	0	0	0	1	0	0	0	0	0	0
PF06149.15	0	1	0	1	1	0	0	0	1	0	0	0
PF06166.15	1	0	0	0	1	0	2	0	1	1	0	0
PF18002.4	1	0	0	0	0	22	0	1	0	0	0	0
PF12873.10	0	0	0	0	0	0	0	0	0	0	0	0
PF05045.15	1	0	0	0	0	0	0	0	1	0	0	0
PF02596.18	0	0	0	0	0	0	0	0	0	0	0	0
PF01208.20	1	0	0	0	0	0	1	0	0	0	1	0
PF12832.10	0	0	0	0	0	0	0	0	0	0	0	0
PF09106.14	0	0	0	0	0	1	0	0	1	1	0	0
PF09107.14	0	0	0	0	0	1	0	0	1	1	0	0
PF12390.11	2	0	0	0	1	0	0	0	0	0	0	0
PF03841.16	2	0	0	0	1	0	0	0	0	0	0	0
PF10668.12	0	1	0	0	0	0	0	0	0	0	0	0
PF02126.21	0	0	0	0	0	0	0	0	4	0	1	0
PF06560.14	0	0	0	0	0	0	0	0	0	0	0	1
PF13823.9	5	1	0	1	2	0	1	0	0	0	1	1
PF20383.1	0	0	0	0	0	0	0	0	0	1	0	0
PF06792.14	0	0	0	0	0	0	0	0	0	0	0	1
PF03812.16	0	0	0	0	0	0	0	0	0	0	0	1
PF09711.13	0	0	0	0	0	0	0	0	0	0	0	0
PF16593.8	1	0	0	0	0	0	0	0	2	1	0	0
PF16592.8	1	0	0	0	0	0	0	0	2	1	0	0
PF16595.8	1	0	0	0	0	0	0	0	2	1	0	0
PF00893.22	0	0	0	0	0	0	0	0	0	0	0	0
PF09563.13	0	0	0	0	0	0	0	0	0	1	0	1
PF14213.9	0	0	0	0	0	0	0	0	0	0	0	0
PF07580.17	0	0	0	0	0	0	0	0	0	0	0	0
PF17128.7	0	0	0	0	0	0	0	0	0	0	0	0
PF01519.19	0	0	0	0	0	0	0	0	0	0	0	0
PF09471.13	0	1	1	0	1	0	0	0	18	4	2	2
PF18742.4	0	0	0	2	0	0	0	0	1	0	0	0
PF04693.15	0	0	0	0	0	0	0	0	0	0	0	0
PF18106.4	0	0	0	0	0	0	0	0	0	0	0	0
PF18540.4	0	0	0	0	0	0	0	0	0	0	0	0
PF08878.14	0	0	0	0	0	0	0	0	0	0	0	0
PF20453.1	0	0	0	0	0	0	0	0	0	0	0	1
PF12952.10	0	0	0	0	0	0	0	0	0	0	0	0
PF12215.11	0	0	0	0	0	0	0	0	0	0	0	0
PF04685.16	0	0	0	0	0	0	0	0	0	0	0	0
PF09903.12	0	0	0	0	0	0	1	0	0	0	0	0
PF16138.8	0	0	0	0	0	0	0	0	0	0	0	1
PF19615.2	0	1	0	1	0	1	0	0	0	1	0	0
PF09499.13	0	0	0	0	0	0	0	0	0	0	0	0
PF09837.12	0	0	0	0	0	0	0	0	0	0	0	0
PF11731.11	0	0	0	0	0	0	0	0	0	0	0	0
PF08681.14	0	1	0	0	0	2	0	0	0	0	0	0
PF18495.4	0	0	0	0	0	0	0	0	0	0	0	0
PF16219.8	0	0	0	1	0	0	0	1	1	0	1	0
PF12651.10	0	0	0	0	0	0	0	0	0	0	0	0
PF00847.23	0	0	0	0	0	0	0	0	0	0	0	0
PF11288.11	0	0	0	0	0	0	0	0	0	0	0	0
PF07862.14	0	0	0	0	0	0	0	0	0	0	0	0
PF09848.12	0	0	0	1	0	0	0	0	0	0	0	0
PF12120.11	0	0	0	0	0	0	0	0	0	0	0	0
PF13496.9	0	0	0	0	0	0	0	0	0	0	0	0
PF18211.4	0	1	0	1	1	0	0	1	0	0	0	0
PF14297.9	0	0	0	0	0	0	0	0	0	0	0	0
PF13427.9	0	0	0	0	0	1	1	0	0	0	0	2
PF06500.14	0	0	0	0	0	0	0	0	0	0	0	0
PF08840.14	0	0	0	0	0	0	0	0	0	0	0	0
PF14354.9	0	0	0	0	0	0	0	0	0	0	0	0
PF13392.9	0	0	0	0	0	0	0	1	0	0	0	0
PF04556.15	0	0	0	0	0	0	0	1	0	0	0	0
PF00368.21	0	0	0	0	0	0	0	0	0	0	0	0
PF18780.4	0	0	0	0	0	0	0	0	0	0	0	0
PF09376.13	0	0	0	0	0	0	0	0	0	0	0	0
PF12077.11	0	0	0	0	0	0	1	0	0	0	0	0
PF07976.15	0	0	0	0	0	0	0	0	0	0	0	0
PF14312.9	0	0	0	0	0	0	0	0	0	0	0	0
PF18470.4	0	0	0	0	0	0	0	0	0	0	0	0
PF18541.4	0	0	0	0	0	0	0	0	0	0	0	0
PF17893.4	0	0	0	0	0	0	0	0	0	0	0	0
PF17894.4	0	0	0	0	0	0	0	0	0	0	0	0
PF18525.4	0	0	0	0	0	0	0	0	0	0	0	0
PF04306.16	0	0	0	0	0	0	0	0	0	0	0	0
PF15723.8	0	0	0	0	1	0	0	0	0	0	0	0
PF08327.14	0	0	0	0	0	0	0	0	0	0	0	0
PF16656.8	0	0	0	1	0	0	0	0	0	5	0	2
PF14827.9	0	0	0	0	0	0	0	0	0	0	0	0
PF13511.9	0	0	0	0	0	0	0	0	0	0	0	0
PF04244.16	0	0	0	0	0	0	0	0	0	0	0	0
PF00450.25	0	0	0	0	0	0	0	0	0	0	0	0
PF19620.2	0	0	0	0	0	0	0	0	0	0	0	0
PF18851.4	0	0	0	0	0	0	0	0	0	0	0	0
PF19304.2	0	0	0	0	0	0	0	0	0	0	0	0
PF04916.16	0	0	0	0	0	0	0	0	0	0	0	0
PF06897.15	0	0	0	0	0	0	0	0	0	0	0	0
PF12281.11	0	0	0	0	0	0	0	0	0	0	0	0
PF14539.9	0	0	0	0	0	0	0	0	0	0	0	0
PF02040.18	0	0	0	0	0	0	0	0	0	0	0	0
PF03626.17	0	0	0	0	0	0	0	0	0	0	0	0
PF10605.12	0	0	0	0	0	0	0	0	0	0	0	0
PF06167.15	0	0	0	0	0	0	0	0	0	0	0	0
PF08022.15	0	0	0	0	0	0	0	0	0	1	0	0
PF17775.4	0	0	0	0	0	0	0	0	0	0	0	0
PF11625.11	0	0	0	0	0	0	0	0	0	0	0	0
PF00146.24	1	1	0	0	1	0	0	0	0	0	2	0
PF03537.16	0	0	0	0	0	0	0	0	0	0	0	0
PF05015.16	1	0	0	0	0	0	1	1	0	0	0	0
PF18370.4	0	0	0	0	0	0	0	0	0	0	0	0
PF11071.11	0	0	0	0	0	0	0	0	0	0	0	0
PF01833.27	0	0	0	0	0	0	0	0	0	0	0	0
PF19081.3	0	0	0	0	0	0	0	0	0	0	0	0
PF11617.11	0	0	0	0	0	0	0	0	0	0	0	0
PF03599.19	7	3	0	8	4	1	16	23	3	3	4	9
PF04445.16	0	0	0	0	0	0	0	0	0	0	0	0
PF12368.11	0	0	0	0	0	0	0	0	0	0	0	0
PF04013.15	0	0	0	0	0	0	0	0	0	0	0	0
PF02735.19	0	0	0	0	0	0	0	0	0	0	0	0
PF06739.14	0	0	0	0	0	0	0	0	0	0	0	0
PF19408.2	0	0	0	0	0	0	0	0	0	0	0	0
PF12055.11	0	0	0	0	0	0	0	0	0	0	0	0
PF00127.23	0	0	0	0	0	0	0	0	0	0	0	0
PF14063.9	0	0	0	0	3	0	0	1	1	0	0	0
PF03649.16	0	0	0	0	0	0	0	0	0	0	0	0
PF18004.4	0	0	2	0	0	0	0	0	0	0	0	0
PF07699.16	0	0	0	0	0	0	0	0	0	0	0	0
PF11307.11	0	0	0	0	0	0	0	0	0	0	1	0
PF13020.9	0	0	0	0	0	0	0	0	0	0	0	0
PF10708.12	0	0	0	0	0	0	0	0	0	0	0	0
PF13367.9	0	0	0	0	0	0	0	0	0	0	0	0
PF03055.18	0	0	0	0	0	0	0	0	0	0	0	0
PF13590.9	0	0	0	0	0	0	0	0	0	0	0	0
PF14819.9	0	0	0	0	0	0	0	0	0	0	0	0
PF20157.2	0	0	0	0	0	0	0	0	0	0	0	0
PF02730.18	0	4	0	4	0	1	1	0	0	0	0	0
PF01314.21	0	4	0	4	0	1	1	0	0	0	0	0
PF11827.11	0	0	0	0	0	0	0	0	0	0	0	0
PF14175.9	0	0	0	0	0	0	0	0	0	0	0	0
PF00648.24	0	0	0	0	0	0	0	0	0	0	0	0
PF13277.9	0	0	0	0	0	0	0	0	0	0	0	0
PF16147.8	0	0	0	0	0	0	0	0	0	0	0	0
PF06864.15	0	0	0	0	0	0	0	0	0	0	0	0
PF07675.14	1	1	2	2	1	1	0	0	0	0	0	1
PF16271.8	0	1	0	0	2	0	0	0	0	0	0	0
PF05402.15	1	0	1	1	0	2	1	0	2	0	0	0
PF14279.9	0	0	0	0	0	0	0	0	0	0	0	0
PF16483.8	0	0	0	0	0	0	0	0	0	0	0	0
PF03022.19	0	0	0	0	0	0	0	0	0	0	0	0
PF04893.20	0	0	0	0	0	0	0	0	1	0	0	1
PF10065.12	0	0	0	0	0	0	0	0	0	0	0	0
PF00565.20	0	0	0	0	0	0	0	0	0	0	0	0
PF02702.20	0	0	0	0	0	0	0	0	0	0	0	0
PF14873.9	0	0	0	0	0	0	0	0	0	0	0	0
PF17939.4	0	0	0	0	0	0	0	0	0	0	0	0
PF08338.14	0	0	0	0	0	0	0	0	0	0	0	0
PF03279.16	0	1	2	0	0	0	0	0	0	0	0	0
PF11984.11	0	0	0	0	0	0	0	0	0	0	0	0
PF11578.11	0	0	0	0	0	0	0	0	0	0	0	0
PF15495.9	0	0	2	0	2	0	0	0	1	0	0	0
PF16889.8	0	1	0	0	0	0	0	0	0	0	0	0
PF02104.18	0	0	0	0	0	0	0	0	0	0	0	0
PF10828.11	0	0	0	0	0	0	0	0	0	0	0	0
PF04351.16	0	0	0	0	0	0	0	0	0	0	0	0
PF07884.17	0	0	1	0	0	0	0	0	0	0	0	0
PF17650.4	1	0	0	1	0	0	3	1	0	0	0	0
PF06125.14	0	0	0	0	0	0	0	0	0	0	0	0
PF18024.4	0	0	0	0	0	0	0	0	0	0	0	0
PF02563.19	4	1	1	0	3	0	0	1	4	0	2	0
PF19112.3	0	0	0	0	0	1	0	0	0	0	0	0
PF11953.11	0	0	0	0	0	0	0	0	0	0	0	0
PF06938.14	0	0	0	0	0	0	0	0	0	0	0	0
PF08269.14	1	2	0	4	0	2	1	0	0	0	0	0
PF20429.1	0	0	0	0	0	0	0	0	0	0	0	0
PF13738.9	0	0	0	0	0	0	0	0	0	0	0	0
PF04319.16	0	0	0	0	0	0	0	0	0	0	0	0
PF04461.16	0	0	0	0	0	0	0	0	0	0	0	0
PF07411.15	0	0	2	0	2	2	0	0	0	0	2	0
PF13207.9	0	0	0	0	0	0	0	0	0	0	0	0
PF01861.19	0	0	0	0	0	0	0	0	0	0	0	0
PF14824.9	0	0	0	0	0	0	0	1	0	0	0	0
PF05962.14	0	1	0	0	0	1	0	0	0	0	0	1
PF11300.11	0	0	0	0	0	0	0	0	0	0	0	0
PF13726.9	0	1	0	1	0	1	1	1	0	0	0	1
PF16112.8	0	0	0	0	0	0	0	0	0	0	0	0
PF19524.2	0	0	0	0	0	1	0	0	0	0	1	0
PF02805.19	0	0	0	0	0	0	0	0	0	0	0	0
PF19875.2	0	0	0	0	0	0	0	0	0	0	0	0
PF15601.9	0	0	0	0	0	0	0	0	0	0	0	0
PF13331.9	0	0	0	0	0	0	0	0	0	0	0	1
PF12513.11	1	0	0	1	0	0	0	0	1	0	0	1
PF13111.9	0	1	0	0	0	1	0	0	0	0	0	1
PF18157.4	0	1	0	0	0	1	0	0	0	0	0	1
PF13032.9	0	1	0	0	0	1	0	0	0	0	0	1
PF18155.4	0	3	0	0	1	0	0	0	0	0	0	0
PF18154.4	0	0	0	0	0	1	0	0	0	0	0	0
PF12083.11	0	0	0	0	0	0	0	0	0	0	0	0
PF10898.11	0	0	0	0	0	0	0	0	1	0	0	0
PF14431.9	0	0	0	0	0	0	0	0	0	0	0	0
PF04283.15	0	0	0	0	0	0	0	0	0	0	0	0
PF13773.9	0	0	0	0	0	0	0	0	0	0	0	0
PF18374.4	0	0	0	0	0	0	0	0	0	0	0	0
PF06347.16	0	0	0	0	0	0	0	0	0	0	0	0
PF16884.8	0	0	0	0	0	0	0	0	0	0	0	0
PF13429.9	0	0	0	0	0	0	0	0	0	0	0	0
PF02622.18	0	0	0	0	1	0	0	0	0	0	0	0
PF13410.9	0	0	0	0	0	0	0	0	0	0	1	0
PF09130.14	0	0	0	0	0	0	0	0	0	0	0	0
PF14229.9	0	0	2	0	1	0	0	0	0	0	0	0
PF19045.3	0	0	0	0	0	0	0	0	0	0	0	0
PF03239.17	0	0	0	0	0	0	0	0	0	0	0	0
PF04381.15	0	0	0	0	0	0	0	0	0	0	0	0
PF13576.9	0	0	0	0	0	0	0	0	0	0	0	0
PF11199.11	0	0	0	0	0	0	0	0	0	0	0	0
PF04511.18	0	0	0	0	0	0	0	0	0	0	0	0
PF07591.14	0	0	0	0	0	1	0	0	0	0	0	0
PF18083.4	0	0	0	0	0	0	0	0	0	0	0	0
PF20622.1	0	0	0	0	0	0	0	0	0	0	0	0
PF14341.9	0	0	0	0	0	0	0	0	0	0	0	0
PF17689.4	0	0	0	0	0	0	0	0	0	0	0	0
PF04602.15	0	0	0	0	0	0	0	0	0	0	0	0
PF14896.9	0	0	0	0	0	0	0	0	0	0	0	0
PF01750.21	0	0	0	0	0	0	0	0	0	0	0	0
PF17831.4	0	0	0	0	0	0	0	0	0	0	0	0
PF10989.11	0	0	0	0	0	0	0	0	0	0	0	0
PF04107.16	0	0	0	1	0	0	0	0	1	1	0	0
PF07341.14	0	0	0	0	0	0	0	0	0	0	0	0
PF01672.19	0	0	0	0	0	0	0	0	0	0	0	0
PF16231.8	0	0	0	0	0	0	0	0	0	0	0	0
PF13360.9	0	0	0	0	0	0	0	1	0	0	0	0
PF17170.7	1	0	2	0	0	0	0	0	0	0	1	1
PF13318.9	0	0	0	0	0	0	0	0	0	0	0	0
PF02304.18	4	2	0	1	1	1	0	1	1	0	0	0
PF12982.10	0	0	0	0	0	0	0	0	0	0	0	0
PF20013.2	0	0	0	0	0	0	0	0	0	0	0	0
PF20014.2	0	0	0	0	0	0	0	0	0	0	0	0
PF19345.2	0	0	0	0	0	0	0	0	0	0	0	0
PF06368.14	0	0	0	0	0	0	0	1	0	0	0	0
PF14349.9	2	2	2	0	4	0	0	0	2	0	4	6
PF05970.17	0	0	1	0	1	0	0	0	0	0	0	0
PF11181.11	0	0	0	0	0	0	0	0	0	0	0	0
PF19841.2	1	0	0	0	4	0	0	0	0	0	0	0
PF11716.11	0	0	0	0	0	0	0	0	0	0	0	0
PF07398.14	0	0	0	0	0	0	0	0	0	0	0	0
PF00419.23	0	0	0	0	0	0	0	0	0	0	0	0
PF19310.2	2	0	0	0	1	1	0	1	1	0	0	0
PF11992.11	0	0	0	1	0	0	0	0	0	0	0	0
PF13844.9	0	0	0	0	0	0	0	0	0	0	0	0
PF20310.1	0	0	0	0	0	0	0	0	0	0	0	0
PF18583.4	0	0	0	0	0	0	0	0	0	0	0	0
PF19291.2	0	0	0	0	0	0	0	0	0	0	0	0
PF00723.24	0	0	0	0	0	0	0	0	0	0	0	0
PF03968.17	0	0	0	0	0	0	0	0	0	0	0	0
PF03463.18	0	0	0	0	0	0	0	0	0	0	0	0
PF03464.18	0	0	0	0	0	0	0	0	0	0	0	0
PF03465.18	0	0	0	0	0	0	0	0	0	0	0	0
PF10118.12	0	0	0	0	0	0	0	0	0	0	0	0
PF00382.22	0	0	0	0	0	0	0	0	0	0	0	0
PF18760.4	0	0	0	0	0	0	0	0	0	0	0	0
PF16263.8	0	0	0	0	0	0	0	0	0	0	0	0
PF04964.17	0	0	0	0	0	0	0	0	0	0	0	0
PF10119.12	0	0	0	0	0	0	0	0	0	0	0	0
PF05872.15	1	0	1	0	1	0	0	0	0	0	0	2
PF16582.8	0	1	0	0	0	0	0	0	0	0	0	0
PF17092.8	0	0	0	0	0	0	0	0	0	0	0	0
PF20091.2	0	0	0	0	0	0	0	0	1	0	0	0
PF19557.2	0	0	0	0	0	0	0	0	0	0	0	0
PF15345.9	0	0	0	0	0	0	0	0	0	0	0	0
PF19190.3	0	0	0	0	0	0	0	0	2	0	0	0
PF17131.7	0	0	0	0	0	0	0	0	0	0	0	0
PF04315.15	0	0	0	0	0	0	0	0	0	0	0	0
PF02649.17	0	0	0	0	0	0	0	0	0	0	0	0
PF07319.14	0	0	0	0	0	0	0	0	0	0	0	0
PF13454.9	0	0	0	0	0	0	0	0	0	0	0	0
PF02821.19	0	0	0	0	0	0	0	0	0	0	0	0
PF05975.15	0	0	0	0	0	0	0	0	0	0	0	0
PF06737.17	0	0	0	0	0	0	0	0	0	0	0	0
PF10031.12	0	0	0	0	0	0	0	0	0	0	0	0
PF18711.4	0	0	0	0	0	0	0	0	0	0	0	0
PF12867.10	0	0	0	0	0	0	0	0	0	0	0	0
PF18674.4	0	0	0	0	0	0	0	0	0	0	0	0
PF14306.9	0	0	0	0	0	0	0	0	0	0	0	0
PF01747.20	0	0	0	0	0	0	0	0	0	0	0	0
PF10099.12	0	0	0	0	0	0	0	0	0	0	0	0
PF10804.11	0	0	0	0	0	0	0	0	0	0	0	0
PF02790.18	0	0	0	0	0	0	0	0	0	0	0	0
PF00116.23	0	0	0	0	0	0	0	0	0	0	0	0
PF16591.8	0	0	0	0	0	0	0	0	0	0	0	0
PF07364.15	0	0	0	0	0	0	0	0	0	0	0	0
PF07171.15	0	0	0	0	0	0	0	0	0	0	0	0
PF00264.23	0	0	0	0	0	0	0	0	0	0	0	0
PF00743.22	0	0	0	0	0	0	0	0	0	0	0	0
PF00457.20	0	0	0	0	0	0	0	0	0	0	0	0
PF11924.11	0	0	0	0	0	0	0	0	0	0	0	0
PF08990.14	0	0	0	0	0	0	0	0	0	0	0	0
PF18369.4	0	0	0	0	0	0	0	0	0	0	0	0
PF18836.4	0	0	0	0	0	0	0	0	0	0	0	0
PF10138.12	0	0	0	0	0	0	0	0	0	0	0	0
PF12089.11	0	0	0	0	0	0	0	0	0	0	0	0
PF13471.9	0	0	0	0	0	0	0	0	0	0	0	0
PF06030.15	0	0	0	0	0	0	0	0	0	0	0	0
PF05787.16	0	0	0	0	0	0	0	0	0	0	0	0
PF03777.16	0	0	0	0	0	0	0	0	0	0	0	0
PF16250.8	0	0	0	0	0	0	0	0	0	0	0	0
PF03405.17	0	0	0	0	0	0	0	0	0	0	0	0
PF14522.9	0	0	0	0	0	0	0	0	0	0	0	0
PF10590.12	0	0	0	0	0	0	0	0	0	0	0	0
PF01455.21	0	0	0	0	0	0	0	0	0	0	0	0
PF01344.28	0	0	0	0	0	0	0	0	0	0	0	0
PF04170.15	0	0	0	0	0	0	0	0	0	0	0	0
PF17804.4	0	0	0	0	0	0	0	0	0	0	0	0
PF11818.11	0	0	0	0	0	0	0	0	0	0	0	0
PF17810.4	0	1	1	0	0	0	0	0	0	0	0	2
PF17944.4	0	1	1	0	0	0	0	0	0	0	0	2
PF07332.14	1	0	0	0	0	0	0	0	0	0	0	0
PF08471.13	0	1	0	0	0	0	0	0	0	0	0	0
PF13387.9	0	1	0	0	0	0	0	0	0	0	0	0
PF02416.19	0	0	0	0	0	0	0	0	0	0	0	0
PF07681.15	0	0	1	0	4	0	0	0	0	0	0	0
PF19543.2	0	0	0	0	0	0	0	0	0	0	0	0
PF10017.12	0	0	0	0	1	0	0	0	0	0	0	0
PF04891.15	0	0	0	0	0	0	0	0	0	0	0	0
PF18415.4	0	0	0	0	0	0	0	0	0	0	0	0
PF19804.2	0	0	0	0	0	0	0	0	0	0	0	0
PF13372.9	0	0	0	0	0	0	0	0	0	0	0	0
PF11896.11	0	0	0	0	0	0	0	0	0	0	0	0
PF20330.1	0	0	0	0	0	0	0	0	1	0	0	0
PF01940.19	0	0	0	0	0	0	0	0	0	0	0	0
PF10092.12	0	0	0	0	0	0	0	0	0	0	0	0
PF05618.14	0	0	0	0	0	0	0	0	0	0	0	0
PF07167.16	0	0	0	0	0	0	0	0	0	0	0	0
PF08521.13	0	0	0	0	0	0	0	0	0	0	0	0
PF19051.3	0	0	0	0	0	0	0	0	0	0	0	0
PF13464.9	0	0	0	0	0	0	0	0	0	0	0	0
PF00686.22	8	4	2	0	6	2	4	0	0	2	0	4
PF15632.9	0	1	2	0	1	0	0	0	0	0	0	0
PF07559.17	0	0	0	0	0	0	0	0	0	0	0	0
PF13547.9	0	0	0	0	0	0	0	0	0	0	0	0
PF13550.9	0	0	0	0	0	0	0	0	0	0	0	0
PF00030.22	0	0	0	0	0	0	0	0	0	0	0	0
PF05270.16	0	0	0	0	0	0	0	0	0	0	0	0
PF17149.7	0	0	0	0	0	0	0	0	0	0	0	0
PF18431.4	0	0	0	0	0	0	0	0	0	0	0	0
PF06835.16	0	0	1	0	2	0	0	0	0	0	0	0
PF10720.12	0	0	0	0	0	0	0	0	0	0	0	0
PF09314.14	2	0	0	0	0	0	0	0	1	1	0	0
PF10647.12	0	0	0	0	0	0	0	0	0	0	0	0
PF20594.1	0	0	0	0	0	0	0	0	0	0	0	0
PF08751.14	0	0	0	0	0	0	0	0	0	0	0	0
PF12418.11	0	0	0	0	0	0	0	0	0	0	0	0
PF12806.10	0	0	0	0	0	0	0	0	0	0	0	0
PF17991.4	0	0	0	0	0	0	0	0	0	0	0	0
PF10803.11	0	0	0	0	0	0	0	0	0	0	0	0
PF01878.21	0	0	0	0	0	0	0	0	0	0	0	0
PF14016.9	0	0	0	0	0	0	0	0	0	0	0	0
PF18053.4	0	0	0	0	0	0	0	0	0	0	0	0
PF10069.12	0	0	0	0	0	0	0	0	0	0	0	0
PF17150.7	0	0	0	0	0	0	0	0	0	0	0	0
PF09458.13	0	0	0	0	0	0	0	0	0	0	0	0
PF00240.26	4	25	14	47	8	26	61	60	43	68	23	20
PF14030.9	0	0	0	0	0	0	0	0	0	0	0	0
PF07931.15	0	0	0	0	0	0	0	0	0	0	0	0
PF14595.9	0	0	0	0	0	0	0	0	0	0	0	0
PF02233.19	0	0	0	0	0	0	0	0	0	0	0	0
PF05088.15	0	0	0	0	0	0	0	0	0	0	0	0
PF14566.9	0	0	0	0	0	0	0	0	0	0	0	0
PF10988.11	3	0	0	0	4	0	0	1	2	1	3	1
PF00463.24	0	0	0	0	0	0	0	0	0	1	0	0
PF04728.16	0	0	0	0	0	0	0	0	0	2	0	0
PF10799.11	0	0	0	0	0	0	0	0	0	0	0	1
PF08421.14	0	0	0	0	0	0	0	0	0	0	0	0
PF13438.9	0	0	0	0	0	0	0	0	0	0	0	0
PF13688.9	0	0	0	0	0	0	0	0	0	0	0	0
PF01483.23	0	0	0	0	0	0	0	0	0	0	0	0
PF19503.2	0	0	0	0	0	0	0	0	0	0	0	0
PF11954.11	0	0	0	0	0	0	0	0	0	0	0	0
PF03741.19	0	1	0	0	0	0	0	0	0	0	0	0
PF02467.19	0	0	0	0	0	0	0	1	0	0	0	0
PF13834.9	0	0	0	0	0	0	0	0	0	0	0	0
PF09949.12	0	0	0	0	0	0	0	0	0	0	0	0
PF13196.9	0	0	0	0	0	0	0	0	0	0	0	0
PF03423.16	0	0	0	0	0	0	0	0	0	0	0	0
PF02388.19	0	0	0	0	0	0	0	0	0	0	0	0
PF11273.11	0	0	0	0	0	0	0	0	0	0	0	0
PF08148.15	0	0	0	0	0	0	0	0	0	0	0	0
PF13709.9	0	0	0	0	0	0	0	0	0	0	0	0
PF06080.15	0	0	0	0	0	0	0	0	0	0	0	0
PF13622.9	0	0	0	0	0	0	0	0	0	0	0	0
PF08850.14	0	0	0	0	0	0	0	0	0	0	0	0
PF06832.15	0	0	0	0	0	0	0	0	0	0	0	0
PF18206.4	0	0	0	0	0	0	0	0	0	0	0	0
PF18040.4	0	0	0	0	0	0	0	0	0	0	0	0
PF04675.17	0	0	0	0	0	0	0	0	0	0	0	0
PF01068.24	0	0	0	0	0	0	0	0	0	0	0	0
PF04679.18	0	0	0	0	0	0	0	0	0	0	0	0
PF03573.16	0	0	0	0	0	0	0	0	0	0	0	0
PF14743.9	0	0	0	0	0	0	0	0	0	0	0	0
PF05751.14	0	0	0	0	0	0	0	0	0	0	0	0
PF10102.12	0	0	0	0	0	0	0	0	0	0	0	0
PF11191.11	0	0	0	0	0	0	0	0	0	0	0	0
PF18140.4	0	0	0	0	0	0	0	0	0	0	0	0
PF00629.26	0	0	0	0	0	0	0	0	0	0	0	0
PF12576.11	0	0	0	0	0	0	0	0	0	0	0	0
PF04465.15	0	0	0	0	0	0	0	0	0	0	1	0
PF03212.17	0	0	0	0	0	0	0	0	0	0	0	0
PF16132.8	0	0	0	0	0	0	0	0	0	0	0	0
PF04348.16	0	0	0	0	0	0	0	0	0	0	0	0
PF08267.15	0	0	0	0	0	0	0	0	0	0	0	0
PF18914.3	0	0	0	0	0	0	0	0	0	0	0	0
PF09585.13	0	0	0	0	0	0	0	0	0	0	0	0
PF10128.12	0	0	0	0	0	0	0	0	0	0	0	0
PF20171.1	0	0	0	0	0	0	0	0	0	0	0	0
PF14718.9	0	0	0	0	0	0	0	0	0	0	0	0
PF04325.16	0	0	0	0	0	0	0	0	0	1	0	0
PF05321.14	0	0	0	0	0	0	0	0	0	0	0	1
PF11168.11	0	0	0	0	0	0	0	1	0	0	0	0
PF09349.13	0	0	0	0	0	0	0	0	0	0	0	0
PF08021.14	0	0	0	0	0	0	0	0	0	0	0	0
PF04954.16	0	0	0	0	0	0	0	0	0	0	0	0
PF00657.25	0	0	0	0	0	0	0	0	0	0	0	0
PF01389.20	0	0	0	0	0	0	0	0	0	0	0	0
PF08899.14	0	0	0	0	0	0	0	0	0	0	0	0
PF04444.17	0	0	0	0	0	0	0	0	0	0	0	0
PF03445.16	0	0	0	0	0	0	0	0	0	0	0	0
PF10335.12	0	0	0	0	0	0	0	0	0	0	0	0
PF17806.4	0	0	0	0	0	0	0	0	0	0	0	0
PF12388.11	0	0	0	0	0	0	0	0	0	0	0	0
PF03583.17	0	0	0	0	0	0	0	0	0	0	0	0
PF01323.23	0	2	0	0	0	0	0	0	2	0	1	0
PF05048.16	0	0	0	0	0	0	0	0	0	0	0	0
PF04307.17	0	0	0	0	0	0	0	0	0	0	0	0
PF07752.14	0	0	0	0	0	0	0	0	0	0	0	0
PF02359.21	0	0	0	0	0	0	0	0	0	0	0	0
PF02933.20	0	0	0	0	0	0	0	0	0	0	0	0
PF01941.22	0	0	0	0	0	0	0	0	0	0	0	0
PF05101.16	0	0	0	0	0	0	0	0	0	0	0	0
PF11299.11	0	0	0	0	0	0	0	0	0	0	0	0
PF10368.12	0	0	0	0	0	0	0	0	0	0	0	0
PF01597.22	0	1	1	0	1	0	0	0	0	0	0	0
PF14237.9	0	0	1	1	3	0	0	0	0	1	5	0
PF03740.16	2	0	3	0	2	0	0	0	0	0	0	2
PF19029.3	0	0	0	0	0	0	0	0	0	0	0	0
PF16798.8	0	0	0	0	0	0	0	0	0	0	0	0
PF14509.9	3	3	0	1	0	0	1	2	0	1	0	2
PF17915.4	0	0	0	0	0	0	0	0	0	0	0	0
PF13369.9	0	0	0	0	0	0	0	0	0	0	0	0
PF07758.14	0	0	0	0	0	1	0	0	0	0	0	0
PF18273.4	0	0	0	0	0	0	0	0	0	0	0	0
PF02976.18	0	0	0	0	0	0	0	0	0	0	0	0
PF14402.9	0	0	0	0	0	0	0	0	0	0	0	0
PF18895.3	0	0	0	0	0	1	0	0	0	0	0	0
PF10079.12	0	0	0	0	0	0	0	0	0	0	0	0
PF03710.18	0	0	0	0	0	0	0	0	0	0	0	0
PF08335.14	0	0	0	0	0	0	0	0	0	0	0	0
PF10432.12	0	0	0	0	0	0	0	0	0	0	0	0
PF10698.12	0	0	0	0	0	0	0	0	0	0	0	0
PF15579.9	0	0	0	0	0	0	0	0	0	0	0	0
PF03411.16	0	0	0	0	0	0	0	0	0	0	0	0
PF04116.16	0	0	0	0	0	0	0	0	0	0	0	0
PF16743.8	0	0	0	0	0	0	0	0	0	0	0	0
PF14696.9	0	0	0	0	0	0	0	0	0	0	0	0
PF18483.4	1	0	0	0	0	0	0	0	0	0	0	0
PF17041.8	5	0	0	0	0	0	0	0	0	0	0	0
PF19077.3	0	0	0	0	0	0	0	0	0	0	0	0
PF09330.14	1	0	0	0	0	0	0	0	0	0	0	0
PF07603.14	0	0	0	0	0	0	0	0	0	0	0	0
PF04505.15	2	0	1	2	3	0	0	0	0	0	2	0
PF02925.19	0	0	0	0	0	0	0	0	0	0	0	0
PF00963.21	3	6	0	6	1	3	1	2	4	1	0	6
PF08406.13	0	0	0	0	0	0	0	0	0	0	0	0
PF01875.20	0	0	0	0	0	0	0	0	0	0	0	0
PF08798.14	0	0	0	0	0	0	0	0	0	0	0	0
PF09829.12	0	0	0	0	0	0	0	0	0	0	0	0
PF13456.9	0	0	0	0	0	0	0	0	0	0	0	0
PF03605.17	0	0	0	0	0	0	0	0	0	0	0	0
PF07542.14	0	0	0	0	0	0	0	0	0	0	0	0
PF04971.15	0	0	0	0	0	0	0	0	0	0	0	0
PF14169.9	0	0	0	0	0	0	0	0	0	0	0	0
PF10057.12	0	0	0	0	0	0	0	0	0	0	0	0
PF11907.11	0	0	0	0	0	0	0	0	0	0	0	0
PF09899.12	0	0	0	0	0	0	0	0	0	0	0	0
PF14332.9	0	0	0	0	0	0	0	0	0	0	0	0
PF17517.5	0	0	0	0	0	0	0	0	0	0	0	0
PF12902.10	0	0	0	0	0	0	0	0	0	0	0	0
PF06276.15	0	0	0	0	0	0	0	0	0	0	0	0
PF11575.11	0	0	0	0	0	0	0	0	0	0	0	0
PF18731.4	0	0	0	0	0	0	0	0	0	0	1	0
PF03958.20	0	0	0	0	0	0	0	0	0	0	0	0
PF09423.13	0	0	0	0	0	0	0	0	0	0	0	0
PF20239.1	0	0	0	0	0	0	0	0	0	0	0	0
PF00060.29	0	0	0	0	0	0	0	0	0	0	0	0
PF13640.9	0	0	0	0	0	0	0	0	0	0	0	0
PF03079.17	0	0	0	0	0	0	0	0	0	0	0	0
PF13400.9	0	0	0	0	0	0	0	0	0	0	0	0
PF15935.8	0	0	0	0	0	0	0	0	0	0	0	0
PF19034.3	0	0	0	0	0	0	0	0	0	0	0	0
PF19952.2	0	0	0	0	0	0	1	0	0	0	0	0
PF13103.9	0	0	1	0	0	0	0	0	0	0	0	0
PF18305.4	0	0	0	0	0	0	0	0	0	0	0	0
PF04957.15	0	0	0	0	0	0	0	0	0	1	0	0
PF02694.18	0	0	0	0	0	0	0	0	0	0	0	1
PF16119.8	0	4	0	0	3	0	0	1	0	0	1	1
PF18029.4	0	0	0	0	0	0	0	0	0	0	0	0
PF03109.19	0	0	0	0	0	0	0	0	1	0	0	0
PF02600.19	0	0	0	0	0	0	0	0	0	0	0	0
PF05187.16	0	0	0	0	0	0	0	0	0	0	0	0
PF07452.15	0	0	0	0	0	0	0	0	0	0	0	0
PF05761.17	0	0	0	0	0	0	0	0	0	0	0	0
PF05721.16	0	0	0	0	0	0	0	0	0	0	0	0
PF06253.14	0	0	0	0	0	0	0	0	0	0	0	0
PF11306.11	0	0	1	0	0	1	1	0	0	0	0	0
PF16897.8	0	0	0	0	0	0	0	0	0	0	0	0
PF08271.15	0	0	0	0	0	0	0	0	0	0	0	0
PF00328.25	2	1	0	0	2	0	0	0	0	0	0	1
PF09994.12	0	0	0	0	0	0	0	0	0	0	0	0
PF14742.9	0	0	0	0	0	0	0	0	0	0	0	0
PF13872.9	0	0	0	0	0	0	0	0	0	0	0	0
PF13871.9	0	0	0	0	0	0	0	0	0	0	0	0
PF04687.15	0	0	0	0	0	0	0	0	0	0	0	0
PF14098.9	0	0	0	0	0	0	0	0	0	0	0	0
PF14069.9	0	0	0	0	0	0	0	0	0	0	0	0
PF10628.12	0	0	0	0	0	0	0	0	0	0	0	0
PF06719.16	0	0	0	0	0	0	0	0	0	0	0	0
PF06977.14	0	0	0	0	0	0	0	0	0	0	0	0
PF02494.19	0	0	0	0	0	0	0	0	0	0	0	0
PF11751.11	0	0	0	0	2	1	0	0	0	0	0	0
PF03743.17	0	0	0	0	0	0	0	0	0	0	0	0
PF00201.21	0	0	0	0	0	0	0	0	0	0	0	0
PF05227.16	0	0	0	0	0	0	0	0	0	0	0	0
PF02374.18	0	0	0	0	0	0	0	0	0	0	0	0
PF17886.4	0	0	0	0	0	0	0	0	0	0	0	0
PF09923.12	0	0	0	0	0	0	0	0	0	0	0	0
PF00875.21	0	0	0	0	0	0	0	0	0	0	1	0
PF06993.15	0	0	0	0	0	0	0	0	0	0	0	0
PF03524.18	0	0	0	0	0	0	0	0	0	0	0	0
PF07506.14	0	0	0	0	0	0	0	0	0	0	0	0
PF01921.21	0	0	0	0	0	0	0	0	1	0	0	0
PF11887.11	0	0	0	0	0	0	0	0	0	0	0	0
PF01363.24	1	0	0	0	0	0	0	0	0	0	0	0
PF02205.23	0	0	0	0	0	0	0	0	0	0	0	0
PF05995.15	0	0	0	0	0	0	0	0	0	0	0	0
PF13731.9	0	0	0	0	0	0	0	0	0	0	0	0
PF16118.8	0	0	0	0	0	0	0	0	0	0	0	0
PF10741.12	0	0	0	0	0	0	0	0	0	0	0	0
PF12973.10	0	0	0	0	0	0	0	0	0	0	0	0
PF18339.4	0	0	0	0	0	0	0	0	0	0	0	0
PF18337.4	0	0	0	0	0	0	0	0	0	0	0	0
PF12137.11	0	0	0	0	0	0	0	0	0	0	0	0
PF06097.14	0	0	0	0	0	0	0	0	0	0	0	0
PF14471.9	0	0	0	0	0	0	0	0	0	0	0	0
PF00421.22	0	0	0	0	0	0	0	0	0	0	0	0
PF00360.23	0	0	0	0	0	0	0	0	0	0	0	0
PF18823.4	0	0	0	0	0	0	0	0	0	0	1	0
PF20169.1	0	0	0	0	0	0	0	0	0	0	0	0
PF06282.14	0	0	0	0	0	0	0	0	0	0	0	0
PF04886.15	0	0	0	0	0	0	0	0	0	0	0	0
PF00028.20	0	0	0	0	0	0	0	0	0	0	0	0
PF07819.16	0	0	0	0	0	0	0	0	0	0	0	0
PF18551.4	0	0	0	0	0	0	0	0	0	0	0	0
PF04546.16	0	0	0	0	0	0	0	0	0	0	0	0
PF10652.12	0	0	0	0	0	0	0	0	0	0	0	0
PF03886.16	0	0	0	0	0	0	0	0	0	0	0	0
PF19530.2	0	0	0	0	0	0	0	0	0	0	0	0
PF05034.16	0	0	0	0	0	1	0	1	0	0	0	0
PF07476.14	0	0	0	0	0	1	0	1	0	0	0	0
PF02963.19	0	0	0	0	0	0	0	0	0	0	0	0
PF03771.19	0	0	0	0	0	0	0	0	0	0	0	0
PF08443.14	0	0	0	0	0	0	0	0	0	0	0	0
PF10670.12	0	0	0	0	0	0	0	0	0	0	0	0
PF01341.20	0	0	0	0	0	0	0	0	0	0	0	0
PF05163.15	0	0	0	0	0	0	0	0	0	0	0	0
PF08542.14	0	0	0	0	0	0	0	0	0	0	0	0
PF18458.4	0	0	0	0	0	0	0	0	0	0	0	0
PF16203.8	0	0	0	0	0	0	0	0	0	0	0	0
PF01837.19	0	0	0	0	0	0	0	0	0	0	0	0
PF01474.19	0	0	0	0	0	0	0	0	0	0	0	0
PF10761.12	0	0	0	0	0	0	0	0	0	0	0	0
PF03320.16	0	0	0	0	0	0	0	0	0	0	0	0
PF08827.14	0	0	0	0	0	0	0	0	0	0	0	0
PF02530.17	0	0	0	0	0	0	0	0	0	0	0	0
PF13356.9	0	0	0	0	0	0	0	0	0	0	0	0
PF03104.22	0	0	0	0	0	0	0	0	0	0	0	0
PF00136.24	0	0	0	0	0	0	0	0	0	0	0	0
PF11750.11	0	0	0	0	0	0	0	0	0	0	0	0
PF09341.13	0	0	0	0	0	0	0	0	0	0	0	0
PF06439.14	0	0	0	0	0	0	0	0	0	0	0	0
PF04151.18	0	0	0	0	0	0	0	0	0	0	0	0
PF13906.9	0	0	0	0	0	0	0	0	0	0	0	0
PF05547.14	1	1	0	1	0	0	0	1	0	0	0	1
PF07642.14	0	0	0	0	0	0	0	0	0	0	0	0
PF07520.14	0	0	0	0	0	0	0	0	0	0	0	0
PF02778.17	0	0	0	0	0	0	0	0	0	0	0	0
PF01974.20	0	0	0	0	0	0	0	0	0	0	0	0
PF04280.18	0	0	0	0	0	0	0	0	0	0	0	0
PF19582.2	0	0	0	0	0	0	0	0	0	0	0	0
PF08126.14	0	0	0	0	0	0	0	0	0	0	0	0
PF01364.21	2	0	1	0	3	0	1	0	0	0	0	0
PF18798.4	0	0	0	0	0	0	0	0	0	0	0	0
PF18853.4	0	0	0	0	0	0	0	0	0	0	0	0
PF18858.4	0	0	0	0	0	0	0	0	0	0	0	0
PF03414.16	0	0	0	0	0	0	0	0	0	0	0	0
PF13976.9	0	0	0	0	0	0	0	0	0	0	0	0
PF07727.17	0	0	0	0	0	0	0	0	0	0	0	0
PF01789.19	0	0	0	0	0	0	0	0	0	0	0	0
PF07126.15	0	0	0	0	0	0	0	0	0	0	0	0
PF07099.14	0	0	0	0	0	0	0	0	0	0	0	0
PF04972.20	0	0	0	0	0	0	0	0	0	0	0	0
PF13746.9	0	0	0	0	0	0	0	0	0	0	0	0
PF11614.11	0	0	0	0	0	0	0	0	0	0	0	0
PF02412.21	0	0	0	0	0	0	0	0	0	0	0	0
PF04257.17	0	0	0	0	0	0	0	0	0	0	0	0
PF17946.4	0	0	0	0	0	0	0	0	0	0	0	0
PF08907.14	0	0	0	0	0	0	0	0	0	0	0	0
PF18363.4	0	0	0	0	0	0	0	0	0	0	0	0
PF18365.4	0	0	0	0	0	0	0	0	0	0	0	0
PF18327.4	0	0	0	0	0	0	0	0	0	0	0	0
PF14850.9	0	0	0	0	0	0	0	0	0	0	0	0
PF11564.11	0	0	0	0	0	0	0	0	0	0	0	0
PF20558.1	0	0	0	0	0	0	0	0	0	0	0	0
PF09674.13	0	0	0	1	0	0	0	1	0	0	0	0
PF02415.20	0	0	0	0	0	0	0	0	0	0	0	0
PF04734.16	0	0	0	1	0	0	0	0	0	0	1	0
PF19086.3	0	0	0	0	0	0	0	0	0	0	0	0
PF12094.11	0	0	0	0	0	0	0	0	0	0	0	0
PF12401.11	0	0	0	0	0	0	0	0	0	0	0	0
PF06240.16	0	0	0	0	0	0	0	0	0	0	0	0
PF19327.2	0	0	0	0	0	0	0	0	0	0	0	0
PF09830.12	0	0	0	0	0	0	0	0	0	0	0	0
PF06259.15	0	0	0	0	0	0	0	0	0	0	0	0
PF04200.15	0	0	0	0	0	0	0	0	0	0	0	0
PF17652.4	0	0	0	0	0	0	0	0	0	0	0	0
PF03548.18	0	0	0	0	1	0	0	0	0	0	0	0
PF17992.4	0	0	0	0	0	0	0	0	0	0	0	0
PF18085.4	0	0	0	0	0	1	0	0	0	0	0	0
PF02676.17	0	0	0	0	0	0	0	0	0	0	0	0
PF18884.3	0	0	0	0	0	0	0	0	0	0	0	0
PF10094.12	0	0	0	0	0	0	0	0	0	0	0	0
PF02630.17	0	0	0	0	0	0	0	0	0	0	0	0
PF11376.11	0	0	0	0	0	0	0	0	0	0	0	0
PF11189.11	0	0	0	0	0	0	0	0	0	0	0	0
PF04261.15	2	0	0	1	0	0	0	0	1	0	0	0
PF03640.18	0	0	0	0	0	0	0	0	0	0	0	0
PF00827.20	0	0	0	0	0	0	0	0	0	0	0	0
PF17999.4	0	0	0	0	0	0	0	0	0	0	0	1
PF07073.15	0	0	0	0	0	0	0	0	0	0	0	0
PF10973.11	0	0	0	0	0	0	0	0	0	0	0	0
PF16510.8	0	0	0	0	0	0	0	0	0	0	0	0
PF01218.21	0	0	0	0	0	0	0	0	0	0	0	0
PF06181.14	0	0	0	0	0	0	0	0	0	0	0	0
PF07916.14	0	0	0	0	0	0	0	0	0	0	0	0
PF06078.14	0	0	0	0	0	0	0	0	0	0	0	0
PF05985.14	0	1	0	3	0	0	1	2	1	1	0	0
PF18406.4	0	0	0	0	0	0	0	0	0	0	0	0
PF01710.19	0	1	1	0	1	0	1	0	0	0	0	0
PF18950.3	0	0	0	0	0	0	0	0	0	0	0	0
PF08433.13	0	0	0	0	0	0	0	0	0	0	0	0
PF16477.8	0	0	0	0	0	0	0	0	0	0	0	0
PF19906.2	0	0	0	0	0	0	0	0	0	0	0	0
PF07947.17	0	0	0	0	0	0	0	0	0	0	0	0
PF13613.9	0	0	0	0	0	0	0	0	0	0	0	0
PF13359.9	0	0	0	0	0	0	0	0	0	0	0	0
PF02870.18	1	0	0	0	0	0	0	0	0	0	0	0
PF09413.13	0	0	0	0	3	0	0	0	0	0	1	0
PF19448.2	0	0	0	0	0	0	0	0	0	0	0	0
PF05154.19	0	0	0	0	2	0	0	0	0	0	0	0
PF09862.12	0	0	0	0	0	0	0	0	0	0	0	0
PF14620.9	0	0	0	0	0	0	0	0	0	0	0	0
PF17723.4	0	0	0	0	0	0	0	0	0	0	0	0
PF18435.4	0	0	0	0	0	0	0	0	0	0	0	0
PF19773.2	0	0	0	0	0	0	0	0	0	0	1	0
PF00413.27	0	0	0	0	0	0	0	0	0	0	0	0
PF14353.9	0	0	0	0	0	0	0	0	0	0	0	1
PF07157.15	0	0	0	0	0	0	0	0	0	0	0	0
PF13605.9	0	0	0	0	1	0	0	0	0	0	0	0
PF13571.9	0	0	0	0	0	0	0	0	0	0	0	0
PF13148.9	0	0	1	0	0	0	0	0	0	0	0	0
PF13776.9	0	0	0	0	0	0	0	0	0	0	0	0
PF07994.15	6	8	1	3	10	2	1	0	8	4	2	3
PF01658.20	6	8	1	3	10	2	1	0	8	4	2	3
PF03815.22	0	0	0	0	0	0	0	0	0	0	0	0
PF02395.19	0	0	0	0	0	0	0	0	0	0	0	0
PF19898.2	0	0	0	0	0	0	0	0	0	0	0	0
PF14294.9	9	19	7	2	6	3	2	0	3	1	7	2
PF00022.22	4	12	2	19	6	37	44	48	21	66	23	17
PF14311.9	0	0	0	0	0	0	0	0	0	0	0	0
PF01903.20	0	0	0	0	0	0	0	0	0	0	0	0
PF05567.14	0	0	0	0	0	0	0	0	0	0	0	0
PF06213.15	0	0	0	0	0	0	0	0	0	0	0	0
PF03738.17	0	0	0	0	0	0	0	0	0	0	0	0
PF04610.17	0	0	0	0	0	0	0	0	0	0	0	0
PF09411.13	1	1	0	0	0	0	0	0	0	0	0	0
PF19451.2	0	0	0	0	0	0	0	0	0	0	0	0
PF19992.2	0	0	0	0	0	0	0	0	0	0	0	0
PF14394.9	0	1	0	0	0	0	0	0	0	0	0	0
PF02366.21	0	0	0	0	0	0	0	0	0	0	0	0
PF04566.16	0	0	0	0	0	0	0	0	0	0	0	0
PF04567.20	0	0	0	0	0	0	0	0	0	0	0	0
PF13480.10	0	0	0	0	1	0	0	0	0	1	0	0
PF02709.17	2	0	0	0	0	0	0	0	0	0	0	0
PF03091.18	0	0	0	0	0	0	0	0	0	0	0	0
PF10131.12	0	0	1	0	0	0	0	0	0	0	0	0
PF19420.2	0	0	0	0	0	0	0	0	0	0	0	0
PF13462.9	0	0	0	0	0	0	0	0	0	0	0	0
PF06821.16	0	0	0	0	0	0	0	0	0	0	0	0
PF01472.23	0	0	0	0	0	0	0	0	0	0	0	0
PF19851.2	0	0	0	0	0	0	0	0	0	0	0	0
PF13282.9	0	0	0	0	0	0	0	0	0	0	0	0
PF11249.11	0	0	0	0	0	0	0	0	0	0	0	0
PF01865.19	0	0	0	0	0	0	0	0	0	0	0	0
PF05159.17	0	0	0	0	0	0	0	0	0	0	0	0
PF17207.6	0	0	0	0	0	0	0	0	0	0	0	0
PF00493.26	0	0	0	0	0	0	0	0	0	0	0	0
PF17855.4	0	0	0	0	0	0	0	0	0	0	0	0
PF08886.14	0	0	0	0	0	0	0	0	0	0	0	0
PF09459.13	0	0	0	0	0	0	0	0	0	0	0	0
PF18799.4	0	0	0	0	0	0	0	0	0	0	0	0
PF11871.11	0	0	0	0	0	0	0	0	0	0	0	0
PF09620.13	0	0	0	0	0	0	0	0	0	0	0	0
PF10101.12	0	2	0	0	0	0	0	0	0	0	1	0
PF19403.2	0	0	0	0	0	0	0	0	0	0	0	0
PF12228.11	0	0	0	0	0	0	0	0	0	0	0	0
PF03625.17	0	0	0	0	0	0	0	0	0	0	0	0
PF02239.19	0	0	0	0	0	0	0	0	0	0	1	0
PF13433.9	0	0	0	0	0	0	0	0	1	0	0	0
PF06241.15	0	0	0	0	0	0	0	0	0	0	0	0
PF14497.9	0	0	0	0	0	0	0	0	0	0	0	0
PF03695.16	0	0	0	0	0	0	0	0	0	0	0	0
PF09603.13	0	0	0	0	0	0	0	0	0	0	0	0
PF04336.15	0	0	0	0	0	0	0	0	0	0	0	0
PF07143.14	0	0	0	0	0	0	0	0	0	0	0	0
PF17186.7	0	0	0	0	0	0	0	0	0	0	0	0
PF20094.2	0	0	0	0	0	0	0	0	0	0	0	0
PF02119.19	0	0	0	0	0	0	0	0	0	0	0	0
PF14126.9	0	0	0	0	0	0	0	0	0	0	0	1
PF18939.3	0	1	0	0	0	0	0	0	0	0	0	0
PF14100.9	0	0	0	0	0	0	0	0	0	0	0	0
PF13621.9	0	0	0	0	0	0	0	0	0	0	0	0
PF18964.3	0	0	0	0	0	0	0	0	0	0	0	0
PF19666.2	0	0	0	0	0	0	0	0	0	0	0	0
PF16976.8	0	0	0	0	0	0	0	0	0	0	0	0
PF16160.8	0	0	0	0	0	0	0	0	0	0	0	0
PF13428.9	1	0	0	0	0	0	0	0	0	0	0	0
PF08212.15	0	0	0	0	0	0	0	0	0	0	0	0
PF01914.20	0	0	0	0	0	0	0	0	0	0	0	0
PF09028.13	0	0	0	0	0	0	0	0	0	0	0	0
PF11821.11	0	0	0	0	0	0	0	0	0	0	0	0
PF20216.1	0	0	0	0	0	0	0	0	0	0	0	1
PF19821.2	0	0	0	0	0	0	0	0	0	0	0	0
PF12236.11	0	0	0	0	0	0	0	0	0	0	0	0
PF06803.15	0	0	0	0	0	0	0	0	0	0	0	0
PF04362.17	0	0	0	0	0	0	0	0	0	0	0	0
PF03379.16	0	0	0	0	0	0	0	0	0	0	0	0
PF18930.3	0	0	0	0	0	0	0	0	0	0	0	0
PF04185.17	0	0	0	0	0	0	0	0	0	0	0	0
PF05947.15	0	0	0	0	0	0	0	0	0	0	0	0
PF14710.9	0	0	0	0	0	0	0	0	0	0	0	0
PF03929.19	0	0	0	0	0	0	0	0	0	0	0	0
PF19962.2	0	0	0	0	0	0	0	0	0	0	0	0
PF00351.24	0	0	0	0	0	0	0	0	0	0	0	0
PF01956.19	0	0	0	0	0	0	0	0	0	0	0	0
PF11398.11	0	0	0	0	0	0	0	0	0	0	0	0
PF14338.9	0	0	0	0	0	0	0	0	0	0	0	0
PF19054.3	0	0	0	0	0	0	0	0	0	0	0	0
PF14261.9	0	0	0	0	0	0	0	0	0	0	0	0
PF11687.11	0	0	0	0	0	0	0	0	0	0	0	0
PF13516.9	0	0	0	0	0	1	0	0	2	0	3	1
PF06338.14	0	0	0	0	0	0	0	0	0	0	0	0
PF11858.11	0	0	0	0	0	0	0	0	0	0	0	0
PF14581.9	0	0	0	0	0	0	0	0	0	0	0	0
PF07784.14	0	0	0	0	0	0	0	0	0	0	0	0
PF13648.9	0	0	0	0	0	0	0	0	0	0	0	0
PF14502.9	0	0	0	1	0	0	0	0	0	0	0	0
PF14503.9	0	0	0	1	0	0	0	0	0	0	0	0
PF10797.12	0	0	0	0	0	0	0	0	0	0	0	0
PF10941.11	0	0	0	0	0	0	0	0	1	0	0	0
PF10110.12	0	1	0	1	0	1	0	0	0	0	0	0
PF04304.16	0	0	0	0	0	0	0	0	0	0	0	0
PF03899.18	0	0	0	0	1	0	0	0	0	0	0	0
PF04282.16	0	0	0	0	0	0	0	0	0	0	0	0
PF18143.4	0	0	0	1	0	0	0	0	0	0	1	0
PF10882.11	0	0	0	1	0	0	0	0	1	0	0	0
PF11074.11	0	0	0	0	0	0	0	0	0	0	0	0
PF00274.22	0	4	3	5	1	3	4	1	5	4	7	4
PF14505.9	0	0	0	0	0	0	0	0	0	0	0	0
PF14131.9	0	0	0	0	0	0	0	0	0	0	0	0
PF06612.14	0	0	0	0	0	0	0	0	0	0	1	0
PF03083.19	0	0	0	0	0	0	0	0	0	0	0	0
PF06998.14	0	0	0	1	1	2	0	0	1	1	1	0
PF13406.9	0	0	0	0	0	0	0	0	0	0	0	0
PF12512.11	0	0	0	0	0	0	0	0	0	0	0	0
PF06945.16	0	0	0	0	0	0	0	0	0	0	0	0
PF07622.14	0	0	0	0	0	0	0	0	0	0	0	0
PF09055.14	0	0	0	0	0	0	0	0	0	0	0	0
PF03561.18	0	0	0	0	0	0	0	0	0	0	0	0
PF04403.16	0	0	0	0	0	0	0	0	0	0	0	0
PF04406.17	0	0	0	0	0	0	0	0	0	0	0	0
PF04344.16	0	0	0	0	0	0	0	0	0	0	0	0
PF04454.15	0	0	0	0	1	0	0	0	0	0	0	0
PF04894.15	0	0	0	0	0	0	0	0	0	0	0	0
PF04895.15	0	0	0	0	0	0	0	0	0	0	0	0
PF09929.12	0	0	0	0	0	0	0	0	0	0	0	0
PF03971.17	0	0	0	0	0	0	0	0	0	0	0	0
PF01152.24	0	0	0	0	0	0	0	0	0	0	0	0
PF08333.14	0	0	1	0	0	0	0	0	0	0	0	0
PF05974.15	0	0	0	0	0	0	0	0	0	0	0	0
PF09828.12	0	0	0	0	0	0	0	0	0	0	0	0
PF05869.14	0	0	0	0	0	0	0	0	0	0	0	0
PF19780.2	0	0	0	0	0	0	0	0	0	0	0	0
PF13532.9	0	0	0	0	0	0	0	0	0	0	0	0
PF05138.15	0	0	0	0	0	0	0	0	0	0	0	0
PF19649.2	0	0	0	0	0	0	0	0	0	0	0	0
PF18921.3	0	0	0	0	0	0	0	0	0	0	0	0
PF04564.18	0	0	0	0	0	0	0	0	0	0	0	0
PF12937.10	0	0	0	0	0	0	0	0	0	0	0	0
PF09844.12	0	0	0	0	0	0	0	0	0	0	0	0
PF01976.20	0	0	0	0	0	0	0	0	0	0	0	0
PF13386.9	0	0	0	0	0	0	0	0	0	0	0	0
PF09127.14	0	0	0	0	0	0	0	0	0	0	0	0
PF18902.3	0	0	0	0	0	0	0	0	0	0	0	0
PF17164.7	0	0	0	0	0	0	0	0	0	0	0	0
PF10342.12	0	0	0	0	0	0	0	0	0	0	0	0
PF10294.12	0	0	0	0	0	0	0	0	0	0	0	0
PF12727.10	0	3	0	1	0	0	0	0	0	0	0	0
PF20245.1	0	0	0	0	0	0	0	0	0	0	0	0
PF14508.9	3	3	0	1	0	0	1	2	0	1	0	2
PF10566.12	3	3	0	1	0	0	1	2	0	1	0	2
PF09249.14	0	0	0	0	0	0	0	0	0	0	0	0
PF16864.8	0	0	0	0	0	0	0	0	0	0	0	0
PF00891.21	0	0	0	0	0	0	0	0	1	0	0	0
PF01982.19	0	0	0	0	0	0	0	0	0	0	0	0
PF01912.21	0	0	0	0	0	0	0	0	0	0	0	0
PF16655.8	0	0	0	0	0	0	0	0	0	0	0	0
PF13600.9	0	0	0	0	0	0	0	0	0	0	0	0
PF13598.9	0	0	0	0	0	0	0	0	0	0	0	0
PF07586.14	0	0	0	0	0	0	0	0	0	0	0	0
PF17765.4	0	0	0	0	0	0	0	0	0	0	0	0
PF17152.7	0	0	0	0	0	0	0	0	0	0	0	0
PF10070.12	0	0	0	0	0	0	0	0	0	0	0	0
PF01020.20	0	0	1	0	0	0	2	1	2	3	1	0
PF09723.13	0	0	0	0	0	0	0	0	0	0	0	0
PF10771.12	0	1	0	2	2	0	0	0	0	0	0	0
PF00995.26	0	1	0	0	0	0	0	0	0	0	0	0
PF12282.11	0	0	0	0	0	0	0	0	0	0	0	0
PF07568.15	0	0	0	0	0	0	0	0	0	0	0	0
PF13409.9	0	0	0	0	0	0	0	0	0	0	0	0
PF00429.22	0	0	0	0	0	2	0	0	0	0	0	0
PF02516.17	0	0	0	0	0	0	0	0	0	0	0	0
PF13759.9	0	0	0	0	0	0	0	0	0	0	0	0
PF09360.13	0	0	0	0	0	0	0	0	0	0	0	0
PF02007.21	0	0	0	0	0	0	0	0	0	0	0	0
PF06849.15	0	0	0	0	0	0	0	0	0	0	0	0
PF06973.15	0	0	0	0	0	0	0	0	0	0	0	0
PF00129.21	0	4	0	8	0	6	8	7	5	17	4	1
PF07654.18	0	7	8	13	3	11	15	9	16	24	14	3
PF00969.22	0	0	0	0	0	0	0	0	0	0	0	0
PF04828.17	0	0	0	0	0	0	0	0	0	0	0	0
PF20050.2	0	1	0	0	1	0	0	0	0	0	0	0
PF03833.16	0	0	0	0	0	0	0	0	0	0	0	0
PF16113.8	0	0	0	0	0	0	0	0	0	0	0	0
PF11824.11	0	0	0	0	0	0	0	0	0	0	0	0
PF01732.19	0	0	0	0	0	0	0	0	0	0	0	0
PF17792.4	0	0	0	0	0	0	0	0	0	0	0	0
PF05996.15	0	0	0	0	0	0	0	0	0	0	0	0
PF00982.24	0	0	0	0	0	0	0	0	0	0	0	0
PF16350.8	0	0	0	0	0	0	0	0	0	0	0	0
PF19313.2	0	0	0	0	0	0	0	0	0	0	0	0
PF05400.16	0	0	0	0	0	0	0	0	0	0	0	0
PF06942.15	0	0	1	0	0	0	0	0	0	0	0	0
PF05277.15	0	0	0	0	0	0	0	0	0	0	0	0
PF06841.15	0	0	0	0	0	0	0	0	0	0	0	0
PF10899.11	0	0	0	0	0	0	0	0	0	0	0	0
PF06155.15	0	0	0	0	0	0	0	0	0	0	0	0
PF03942.18	0	0	0	0	0	0	0	0	0	0	0	0
PF11808.11	0	0	0	0	0	0	0	0	0	0	0	0
PF13230.9	0	0	0	0	0	0	0	0	0	0	0	0
PF20432.1	0	0	0	0	0	0	0	0	0	0	0	0
PF09722.13	0	0	0	0	0	0	0	0	0	0	0	0
PF11320.11	0	0	0	0	0	0	0	0	0	0	0	0
PF12245.11	0	0	0	0	0	0	0	0	0	0	0	0
PF17653.4	0	0	0	0	0	0	0	0	0	0	0	0
PF16187.8	0	0	0	0	0	0	0	0	0	0	0	0
PF05861.15	0	0	0	0	0	0	0	0	0	0	0	0
PF14870.9	0	0	0	0	0	0	0	0	0	0	0	0
PF14529.9	1	0	0	0	0	0	0	0	1	0	0	0
PF06002.15	0	0	0	0	0	0	0	0	0	0	0	0
PF03202.16	0	0	0	0	0	0	0	0	0	0	0	0
PF14267.9	0	0	0	0	1	0	0	0	0	0	0	0
PF14130.9	0	0	0	0	0	0	0	0	0	0	0	0
PF09572.13	0	0	0	0	0	0	0	0	0	0	0	0
PF17127.7	1	1	0	1	0	0	1	0	0	0	0	0
PF20283.1	0	5	0	0	0	2	0	0	0	0	0	0
PF06941.15	0	0	0	0	0	0	0	0	0	0	0	0
PF14518.9	0	0	0	0	0	0	0	0	0	0	0	0
PF07721.17	0	0	0	0	0	0	0	0	0	0	1	0
PF10142.12	0	0	0	0	0	0	0	0	0	0	0	0
PF13941.9	0	0	0	0	0	0	0	0	0	0	0	0
PF07307.14	0	0	0	0	0	0	0	0	0	0	0	0
PF19278.2	0	4	0	0	0	13	5	0	0	0	0	0
PF10559.12	0	0	0	0	0	0	0	0	0	0	0	0
PF11862.11	0	0	0	0	0	0	0	0	0	0	0	0
PF09407.13	0	0	0	0	0	0	0	0	0	0	0	0
PF20217.1	0	2	0	0	0	2	0	1	0	0	0	0
PF07463.14	0	0	0	0	0	0	0	0	0	0	0	0
PF18643.4	0	0	0	0	0	0	0	0	0	0	0	0
PF16480.8	0	0	0	0	0	0	0	0	0	0	0	0
PF06189.15	0	0	0	0	0	0	0	0	0	0	0	0
PF13031.9	0	0	0	0	0	0	0	0	0	0	0	0
PF15652.9	0	0	0	0	0	0	0	0	0	0	0	0
PF15616.9	0	0	0	0	0	0	0	0	0	0	0	0
PF14021.9	0	0	0	0	0	0	0	0	0	0	0	0
PF14208.9	0	0	0	0	0	0	0	0	0	0	0	0
PF20187.1	0	0	0	0	0	0	0	0	1	0	0	0
PF14081.9	0	0	0	0	0	0	0	0	0	0	0	0
PF18839.4	0	0	0	0	0	0	0	0	0	0	0	0
PF18709.4	0	0	0	0	0	0	0	0	0	0	0	0
PF14022.9	0	0	0	0	0	0	0	0	0	0	0	0
PF18903.3	0	0	0	0	0	0	0	0	0	0	0	0
PF13708.9	0	0	0	0	0	0	0	0	0	0	0	0
PF14207.9	0	0	0	0	0	0	0	0	0	0	0	0
PF09511.13	0	0	0	0	0	0	0	0	0	0	0	1
PF20563.1	0	0	0	0	0	0	0	0	0	0	0	0
PF09195.14	0	0	0	0	0	0	0	0	0	0	0	0
PF17425.5	0	0	0	2	1	3	0	0	4	2	0	6
PF05935.14	0	0	0	2	1	3	0	0	4	2	0	6
PF18756.4	0	0	0	0	0	0	0	0	0	0	0	0
PF20282.1	0	0	0	0	0	0	0	1	0	0	0	0
PF20288.1	0	0	0	0	0	0	0	0	0	0	0	0
PF14460.9	0	0	0	0	0	0	0	0	0	0	0	0
PF14072.9	0	0	0	0	0	0	1	0	0	0	0	0
PF13809.9	0	0	0	0	0	0	0	0	0	0	0	0
PF03691.17	0	0	0	0	0	0	0	0	0	0	0	0
PF14163.9	0	0	0	0	0	0	0	0	0	0	0	0
PF01910.20	0	0	0	0	0	0	0	0	0	0	0	0
PF07538.14	0	0	0	0	0	0	0	0	0	0	0	1
PF06381.14	0	0	0	0	0	1	0	0	0	0	0	0
PF07158.14	0	0	0	0	0	0	0	0	0	0	0	0
PF12797.10	0	0	0	0	0	0	0	0	0	0	0	0
PF14132.9	0	2	0	0	0	2	0	0	3	0	0	1
PF02893.23	0	0	0	0	1	0	0	0	0	0	0	0
PF19822.2	0	0	0	0	0	0	0	0	0	0	0	0
PF14137.9	0	0	0	0	0	0	0	0	0	0	1	0
PF20276.1	0	0	0	0	0	0	0	0	0	0	0	0
PF20289.1	0	0	0	0	0	0	0	0	0	0	0	0
PF08955.13	0	0	0	0	0	0	0	0	0	0	0	0
PF09012.13	0	0	0	0	0	0	0	0	0	0	0	0
PF03425.16	0	0	0	0	0	0	0	0	0	0	0	0
PF02057.18	0	0	0	0	0	0	0	0	0	0	0	0
PF20075.2	0	0	0	0	0	0	0	0	0	0	0	0
PF12684.10	0	0	0	0	0	0	0	0	0	0	0	0
PF20541.1	0	0	0	0	0	0	0	1	0	0	0	0
PF07453.16	0	0	0	0	0	0	0	0	0	0	0	0
PF12532.11	0	5	0	0	0	4	0	0	0	0	0	0
PF16473.8	0	0	0	0	0	0	0	0	0	0	0	0
PF18812.4	0	0	0	0	0	0	0	0	0	0	0	0
PF08346.15	0	0	0	0	0	0	0	0	0	0	0	0
PF09669.13	0	0	0	0	0	1	0	0	0	0	0	0
PF14410.9	0	0	0	0	0	0	0	0	0	0	0	0
PF03959.16	0	0	0	0	0	0	0	0	0	0	0	0
PF01187.21	0	0	0	0	0	0	0	0	0	0	0	0
PF16162.8	0	0	0	0	0	0	0	0	0	0	0	0
PF17101.8	0	0	0	0	0	0	0	0	0	0	0	0
PF11380.11	0	0	0	0	0	0	0	0	0	0	0	0
PF08942.13	0	0	0	0	0	0	0	0	0	0	0	0
PF19506.2	0	0	0	0	0	0	0	0	0	0	0	0
PF04965.17	0	0	0	0	0	0	0	1	0	0	0	0
PF11155.11	0	0	0	0	0	0	0	0	0	0	0	0
PF18818.4	0	0	0	0	2	0	0	0	0	0	0	0
PF05738.16	0	0	0	0	0	0	0	0	0	0	0	0
PF17201.7	0	0	0	0	0	0	0	0	0	0	0	0
PF06763.14	0	0	0	0	0	0	0	0	0	0	0	0
PF10109.12	0	0	0	0	0	0	0	0	0	0	0	0
PF08548.14	0	0	0	0	0	0	0	0	0	0	0	0
PF01246.23	0	0	0	0	0	0	0	0	0	0	0	0
PF01007.23	0	0	0	0	0	0	0	0	0	0	0	0
PF14292.9	1	2	0	0	0	0	0	0	0	0	1	0
PF16411.8	0	0	1	0	0	0	0	0	0	0	0	6
PF15780.8	0	0	0	0	0	0	0	0	0	0	0	0
PF13084.9	0	0	0	0	0	0	0	0	0	0	0	0
PF19509.2	0	0	0	0	1	0	0	0	0	0	2	0
PF12989.10	0	0	0	0	0	0	0	0	0	0	0	0
PF12964.10	0	0	0	0	0	0	0	0	0	0	0	0
PF18932.3	0	0	0	0	0	0	0	0	0	0	0	0
PF20449.1	0	0	0	0	0	0	0	0	0	0	0	0
PF08989.13	0	0	0	0	0	0	0	0	0	0	0	0
PF14300.9	0	0	0	0	0	0	0	0	0	1	0	0
PF04335.16	0	0	2	0	0	0	0	0	0	0	0	0
PF14390.9	0	0	0	0	0	0	0	0	0	0	0	0
PF07432.16	0	0	0	0	1	0	0	0	0	0	0	0
PF06713.14	0	0	0	0	0	0	0	0	0	0	0	0
PF14125.9	0	0	0	0	2	0	0	0	0	0	0	0
PF19652.2	0	0	0	0	0	0	0	0	0	0	0	0
PF07075.14	0	1	0	0	3	0	0	0	0	0	0	0
PF03825.19	3	2	0	0	0	1	0	0	0	0	0	0
PF06321.14	0	0	1	0	7	0	0	0	0	0	0	0
PF14684.9	5	6	2	4	17	1	1	2	1	2	2	5
PF14685.9	3	3	1	2	14	0	0	0	1	2	1	2
PF05117.15	0	0	0	1	0	0	0	0	0	0	0	0
PF16283.8	0	0	0	0	0	0	0	0	0	0	0	0
PF14900.9	29	32	3	9	3	7	2	8	11	2	8	26
PF13201.9	12	12	3	4	3	3	0	1	3	1	2	7
PF15283.9	0	0	1	0	0	0	0	0	0	0	0	0
PF05258.15	0	1	0	0	0	0	0	0	0	0	0	0
PF14371.9	0	0	0	0	1	0	0	0	0	0	0	0
PF09112.13	0	0	0	0	1	0	0	0	0	0	0	0
PF09113.13	0	0	0	0	1	0	0	0	0	0	0	0
PF14052.9	0	0	1	0	2	0	0	0	0	0	0	0
PF16217.8	0	1	1	0	1	0	0	0	0	0	0	0
PF13584.9	0	4	0	0	0	0	0	0	2	0	0	0
PF11644.11	0	0	0	0	1	1	0	0	0	0	0	0
PF16585.8	0	0	0	1	2	0	0	0	0	0	0	0
PF19755.2	4	0	0	0	3	0	1	0	2	0	0	0
PF19573.2	0	0	0	0	4	0	0	0	1	0	0	0
PF12864.10	0	1	1	0	1	0	0	0	0	0	0	0
PF16115.8	0	1	1	1	0	0	0	0	0	0	0	0
PF17116.8	1	0	0	0	1	0	0	0	0	1	1	0
PF18174.4	0	0	0	0	1	0	0	0	0	0	0	0
PF18175.4	0	0	0	0	1	0	0	0	0	0	0	0
PF06293.17	0	0	0	0	2	0	0	0	0	0	0	0
PF09640.13	1	0	0	0	3	1	0	0	0	0	0	0
PF18347.4	0	0	0	1	0	0	1	0	0	0	2	0
PF04087.17	0	0	0	0	0	0	0	0	0	0	0	0
PF14902.9	0	0	1	0	0	0	0	0	0	0	1	1
PF14109.9	0	0	0	0	0	0	0	0	0	0	0	0
PF11325.11	0	1	0	0	1	0	0	0	0	0	0	0
PF14092.9	0	1	0	0	1	0	0	0	0	1	0	0
PF16352.8	0	0	1	0	0	0	0	0	0	0	0	0
PF11810.11	3	3	0	3	3	1	0	0	2	0	0	1
PF07959.15	0	0	2	0	3	0	0	0	1	0	0	0
PF07813.15	0	0	0	0	1	0	0	0	0	0	0	0
PF02253.18	1	0	1	1	0	0	0	0	0	1	0	1
PF03724.19	6	2	2	2	6	0	0	0	0	0	0	2
PF17145.7	0	0	1	0	1	0	0	0	0	0	0	0
PF19572.2	0	0	1	0	0	0	0	0	0	0	0	0
PF19515.2	0	0	0	0	0	0	1	0	0	0	0	0
PF08885.14	0	0	1	0	0	0	0	0	0	0	0	0
PF16266.8	0	0	0	0	0	0	0	0	0	0	0	0
PF16288.8	0	0	0	0	0	0	0	0	0	0	0	0
PF14129.9	2	0	0	0	1	0	0	0	0	0	0	1
PF18348.4	0	0	0	0	2	0	0	0	0	0	0	0
PF16109.8	0	1	0	1	2	0	0	0	1	0	0	0
PF13562.9	1	0	0	0	1	0	0	0	0	0	0	1
PF07313.15	0	0	0	0	1	0	0	0	1	0	0	0
PF18451.4	0	0	1	0	1	0	0	0	0	0	0	0
PF07022.16	0	0	1	0	0	0	0	0	0	0	0	0
PF04301.16	0	0	0	0	0	0	0	0	0	0	0	0
PF06123.15	0	0	2	0	6	0	0	0	0	0	0	0
PF13404.9	0	0	0	0	1	0	0	0	0	0	0	0
PF07659.14	0	0	0	0	0	0	0	0	0	2	0	2
PF11777.11	0	0	0	0	3	0	0	0	0	0	0	0
PF15869.8	0	0	1	0	0	0	0	0	0	0	0	0
PF19762.2	0	0	0	0	1	0	0	0	0	0	0	0
PF14114.9	0	0	0	0	0	0	0	0	0	0	0	0
PF15569.9	0	0	0	0	0	0	0	0	0	0	0	0
PF01983.19	0	0	0	0	0	0	0	0	0	0	0	0
PF13298.9	0	0	0	0	0	0	0	0	0	0	0	0
PF06441.15	0	0	0	0	0	0	0	0	0	0	0	1
PF09851.12	0	0	0	0	0	0	0	0	0	0	0	0
PF03922.17	0	0	0	0	0	0	0	0	0	0	0	0
PF07044.14	0	0	0	0	0	0	0	0	0	0	0	0
PF12969.10	0	0	0	0	0	0	0	0	0	0	0	0
PF01329.22	0	0	0	0	0	0	0	0	0	0	0	0
PF05845.15	0	0	0	0	0	0	0	0	0	0	0	0
PF18883.3	0	0	0	0	0	0	0	0	0	0	0	0
PF02727.19	0	0	0	0	0	0	0	0	0	0	0	0
PF02728.19	0	0	0	0	0	0	0	0	0	0	0	0
PF01179.23	0	0	0	0	0	0	0	0	0	0	0	0
PF16841.8	0	0	0	0	0	0	0	0	0	0	0	0
PF14898.9	0	1	0	0	0	0	0	0	0	0	0	0
PF03349.19	1	1	0	0	0	0	1	1	0	1	0	0
PF19910.2	2	1	0	1	0	0	0	0	0	0	0	0
PF16584.8	0	0	0	0	0	0	0	0	0	0	0	1
PF19368.2	0	0	0	0	0	0	0	0	0	0	0	0
PF12954.10	1	0	1	0	0	1	0	0	0	0	0	0
PF14899.9	0	0	0	0	0	0	0	0	0	0	0	0
PF20329.1	0	2	0	0	1	0	0	0	0	0	0	0
PF14054.9	0	0	0	0	0	0	0	0	0	0	0	0
PF12667.10	3	3	0	3	1	6	1	1	1	2	0	2
PF17415.5	3	3	0	3	1	6	1	1	1	2	0	2
PF19886.2	0	2	0	0	0	0	0	0	2	0	0	0
PF10503.12	0	0	0	1	0	0	1	0	0	0	0	0
PF13723.9	0	0	0	0	1	0	0	0	0	0	0	0
PF14717.9	1	5	0	4	2	0	0	1	0	0	1	1
PF16820.8	9	45	0	3	0	3	0	3	6	0	3	9
PF05096.15	0	2	0	1	0	0	0	0	0	0	0	0
PF16120.8	1	0	0	0	0	0	0	0	1	0	0	2
PF09697.13	0	1	0	0	1	0	0	0	0	0	0	0
PF15892.8	0	0	0	1	0	0	0	0	0	0	1	0
PF16464.8	0	0	0	0	0	0	0	0	0	0	0	0
PF16371.8	1	1	0	0	0	0	1	1	0	1	3	4
PF16370.8	1	1	0	0	0	0	1	1	0	1	3	4
PF16702.8	0	1	0	0	0	0	0	0	1	0	0	0
PF14093.9	0	0	0	0	0	0	0	0	0	0	0	0
PF11790.11	0	0	0	0	1	0	0	0	0	0	0	0
PF17162.7	1	1	1	0	0	2	0	0	0	0	1	1
PF17148.7	1	1	1	0	0	2	0	1	0	0	2	1
PF16313.8	1	1	1	0	0	2	0	1	0	0	2	1
PF04342.15	0	0	0	0	0	0	0	0	0	0	0	0
PF03253.17	0	0	0	0	0	0	0	0	0	0	0	0
PF13859.9	1	0	0	0	0	0	0	0	0	0	0	0
PF16227.8	0	0	0	1	0	0	0	0	0	0	1	0
PF12984.10	0	0	0	0	0	0	0	0	0	0	1	1
PF14386.9	0	0	0	1	0	0	0	0	0	0	1	0
PF19904.2	2	4	0	1	0	0	0	0	0	1	2	0
PF14060.9	0	0	0	0	0	0	0	1	0	0	0	0
PF16387.8	2	0	0	1	0	1	1	0	0	0	0	2
PF19579.2	0	0	0	0	0	0	0	0	0	0	0	1
PF14511.9	1	2	0	0	1	0	0	0	0	0	0	1
PF14055.9	0	0	0	0	0	0	0	0	0	0	0	1
PF04193.17	0	0	0	0	0	0	0	0	0	0	0	0
PF13712.9	0	0	0	0	1	0	0	0	0	0	0	1
PF09919.12	0	0	0	0	0	0	0	0	0	0	0	0
PF13944.9	0	0	0	0	0	0	0	0	0	0	1	0
PF13371.9	0	0	0	0	0	0	0	0	0	0	0	0
PF16361.8	31	16	2	11	1	7	3	7	16	10	17	19
PF09087.14	0	0	0	0	1	0	0	0	0	0	0	0
PF10438.12	0	0	0	0	1	0	0	0	0	0	0	0
PF18990.3	0	0	0	0	0	0	0	0	0	0	0	0
PF16270.8	0	0	0	0	0	0	0	0	0	0	0	1
PF17138.7	0	1	0	0	0	0	0	0	0	0	0	0
PF17141.7	0	1	0	0	0	0	0	0	0	0	0	0
PF14391.9	0	1	0	0	0	0	0	0	0	0	0	0
PF16269.8	0	1	0	0	0	0	0	0	0	0	0	1
PF03092.19	0	0	0	0	0	0	0	0	0	0	1	0
PF14587.9	0	0	0	0	0	0	0	0	0	0	0	1
PF11860.11	1	1	0	0	0	1	0	0	0	0	1	0
PF19808.2	0	0	1	0	0	0	0	0	0	0	0	0
PF06356.14	0	0	0	0	0	0	0	0	0	0	0	0
PF03837.17	0	0	0	0	0	0	0	0	0	0	1	0
PF18763.4	0	0	0	0	0	0	0	0	0	0	1	0
PF11756.11	0	0	0	0	0	0	0	0	0	0	0	0
PF19556.2	0	0	0	0	0	0	0	0	0	0	0	0
PF13497.9	0	0	0	0	0	0	0	0	0	0	0	0
PF06863.15	0	0	0	1	0	0	0	0	0	0	0	0
PF06742.14	0	0	0	1	0	0	0	0	0	0	0	0
PF04286.15	0	0	0	0	0	0	0	0	0	0	0	0
PF11737.11	0	0	0	0	0	0	0	0	0	0	0	0
PF02788.19	0	0	0	0	0	0	0	0	0	0	0	0
PF00016.23	0	0	0	0	0	0	0	0	0	0	0	0
PF04234.15	0	0	0	0	0	0	0	0	0	0	0	0
PF12391.11	0	0	0	0	0	0	0	0	0	0	0	0
PF09615.13	0	0	0	0	0	0	0	0	0	0	0	0
PF05695.15	0	0	0	0	0	0	0	0	0	0	0	0
PF00737.23	0	0	0	0	0	0	0	0	0	0	0	0
PF00124.22	0	0	0	0	0	0	0	0	0	0	0	0
PF02392.19	0	0	0	0	0	0	0	0	0	0	0	0
PF19775.2	0	0	0	0	0	0	0	0	0	0	0	0
PF03203.17	0	0	0	0	0	0	0	0	0	0	0	0
PF09538.13	0	0	0	0	0	0	0	0	0	0	0	0
PF12545.11	0	0	0	0	0	0	0	0	0	0	0	0
PF04273.16	0	0	0	0	0	0	0	0	0	0	0	0
PF18888.3	0	0	0	0	0	0	0	0	0	0	0	0
PF13418.9	0	0	0	0	0	0	0	0	0	0	0	0
PF06779.17	0	0	0	0	0	0	0	0	0	0	0	0
PF14417.9	0	0	0	0	0	0	0	0	1	0	0	0
PF02407.19	0	0	0	0	0	0	0	0	0	0	0	0
PF18692.4	0	0	0	0	0	0	0	0	0	0	0	0
PF08800.13	0	0	0	0	0	0	0	0	0	0	0	0
PF20546.1	0	0	0	0	0	0	0	0	0	0	0	0
PF16192.8	0	0	0	0	0	0	0	0	0	0	0	0
PF16285.8	0	0	0	0	0	0	0	0	0	0	0	0
PF03811.16	0	0	0	0	0	0	0	0	0	0	0	0
PF16140.8	0	0	0	0	0	0	0	0	0	0	0	0
PF20423.1	0	0	0	0	0	0	0	0	0	0	0	0
PF06315.14	0	0	0	0	0	0	0	0	0	0	0	0
PF05610.14	0	0	0	0	0	0	0	0	0	0	0	0
PF16444.8	0	0	0	0	0	0	0	0	0	0	0	0
PF10386.12	0	0	0	0	0	0	0	0	0	0	0	0
PF17194.7	0	0	0	0	0	0	0	0	0	0	0	0
PF11459.11	0	0	0	0	0	0	0	0	0	0	0	0
PF17236.5	0	0	0	0	0	0	0	0	0	0	0	0
PF08973.13	0	0	0	0	0	0	0	0	0	0	0	0
PF18294.4	0	0	0	0	0	0	0	0	0	0	0	0
PF07714.20	0	0	0	0	0	0	0	0	0	0	0	0
PF19527.2	0	0	0	0	0	0	0	0	0	0	0	0
PF16151.8	0	0	0	0	0	0	0	0	0	0	0	0
PF18979.3	0	0	0	0	0	0	0	0	0	0	0	0
PF11236.11	0	0	0	0	0	0	0	0	0	0	0	0
PF01697.30	0	0	0	0	0	0	0	0	0	0	0	0
PF15562.9	0	0	0	0	0	0	0	0	0	0	0	0
PF13858.9	0	0	0	0	0	0	0	0	0	0	0	0
PF16375.8	0	0	0	0	0	0	1	0	0	0	0	0
PF20620.1	0	0	0	0	0	0	1	0	0	0	0	0
PF02987.19	0	0	0	0	0	0	0	0	0	0	0	0
PF16272.8	0	0	0	0	0	0	0	0	0	0	0	0
PF16255.8	0	0	1	0	0	0	0	0	0	0	0	0
PF05430.14	0	0	0	0	0	0	0	0	0	0	0	0
PF16427.8	0	0	0	0	0	0	0	0	0	0	0	0
PF07632.14	0	0	0	0	0	0	0	0	0	0	0	0
PF16961.8	0	0	0	0	0	0	0	0	0	0	0	0
PF18620.4	0	0	0	0	0	0	0	0	0	0	0	0
PF19529.2	0	0	0	0	0	0	0	0	0	0	0	0
PF06537.14	0	0	0	0	0	0	0	0	0	0	0	0
PF19569.2	0	0	0	0	0	0	0	0	0	0	0	0
PF12812.10	0	0	0	0	0	0	0	0	0	0	0	0
PF19480.2	0	0	0	0	0	0	0	0	0	0	0	0
PF18120.4	0	0	0	0	0	0	0	0	0	0	0	0
PF16476.8	0	0	0	0	0	0	0	0	0	0	0	0
PF20186.1	0	0	0	0	0	0	0	0	0	0	0	0
PF19512.2	0	0	0	0	0	0	0	0	0	0	1	0
PF18847.4	0	0	0	0	0	0	0	0	0	0	0	0
PF01166.21	0	2	0	2	0	2	4	3	0	3	0	2
PF04045.17	0	0	2	1	2	2	3	5	1	2	1	2
PF06623.14	0	3	8	5	3	5	7	2	11	7	10	2
PF05056.15	0	0	0	0	0	0	0	0	0	0	0	0
PF00241.23	2	8	14	16	7	19	14	11	18	21	18	7
PF04758.17	0	3	0	7	4	2	4	4	1	2	7	2
PF12301.11	0	0	0	0	0	0	0	1	0	0	0	0
PF03247.17	0	0	1	0	0	0	0	0	0	1	1	1
PF10702.12	0	0	0	0	0	0	0	0	0	0	0	0
PF17917.4	0	0	0	0	0	0	0	0	0	0	0	0
PF03732.20	0	0	0	0	0	0	0	0	0	0	0	0
PF00098.26	0	0	0	0	0	0	0	0	0	0	0	0
PF00307.34	0	0	0	0	0	0	1	0	0	1	0	0
PF03953.20	0	3	0	0	2	6	4	1	2	5	1	2
PF12970.10	0	0	0	0	0	0	0	0	0	0	0	0
PF06032.15	0	0	0	0	0	0	0	0	0	0	0	0
PF08284.14	0	0	0	0	0	0	0	0	0	0	0	0
PF13501.9	0	0	0	0	0	0	0	0	0	0	0	0
PF08770.14	0	0	0	0	0	0	0	0	0	0	0	0
PF04752.15	0	0	0	0	0	0	0	0	0	0	0	0
PF04248.15	0	0	0	0	0	0	0	0	0	0	0	0
PF11870.11	0	0	0	0	0	0	0	0	0	0	0	0
PF13924.9	0	0	0	0	0	0	0	0	0	0	0	0
PF18093.4	0	0	0	0	0	0	0	0	0	0	0	0
PF09580.13	0	0	0	0	0	0	0	0	0	0	0	0
PF10563.12	0	0	0	0	0	0	0	0	0	0	0	0
PF03301.16	0	0	0	0	0	0	0	0	0	0	0	0
PF05114.16	0	0	0	0	0	0	0	0	0	0	0	0
PF11255.11	0	0	0	0	0	0	0	0	0	0	0	0
PF04123.16	0	0	0	0	0	0	0	0	0	0	0	0
PF09937.12	0	0	0	0	0	0	0	0	0	0	0	0
PF20609.1	0	0	0	0	0	0	0	0	0	0	0	0
PF06450.15	0	0	0	0	0	0	0	0	0	0	0	0
PF18863.4	0	0	0	0	0	0	0	0	0	0	0	0
PF06996.14	0	0	0	0	0	0	0	0	0	0	0	0
PF04187.16	0	0	0	0	0	0	0	0	0	0	0	0
PF20360.1	0	0	0	0	0	0	0	0	0	0	0	0
PF07596.14	0	0	0	0	0	0	0	0	0	0	0	0
PF20177.1	1	0	0	0	0	0	0	0	0	0	0	0
PF07372.15	0	0	0	0	0	0	0	0	0	0	0	0
PF08460.13	0	0	0	0	0	0	0	0	0	0	0	0
PF12385.11	0	0	0	0	0	0	0	0	0	0	0	0
PF01036.21	0	0	0	0	0	0	0	0	0	0	0	0
PF19350.2	0	0	0	0	0	0	0	0	0	0	0	0
PF06183.16	0	0	0	0	0	0	0	0	0	0	0	0
PF02358.19	0	0	0	0	0	0	0	0	0	0	0	0
PF11072.11	0	0	0	0	0	0	0	0	0	0	0	0
PF06877.14	0	0	0	0	0	0	0	0	0	0	0	1
PF03272.16	1	1	0	3	0	0	0	0	2	1	2	3
PF19630.2	0	0	0	0	0	0	0	0	0	0	0	0
PF14041.9	0	0	0	0	0	0	0	0	0	0	0	0
PF06634.15	0	0	0	0	0	0	0	0	0	0	0	0
PF13700.9	0	0	1	0	2	0	0	0	0	0	3	0
PF08877.13	0	0	0	0	0	0	0	0	1	0	0	0
PF00223.22	0	0	0	0	0	0	0	0	0	0	0	0
PF13559.9	0	0	0	0	0	0	0	0	0	0	0	0
PF13755.9	0	0	0	0	0	0	0	0	0	0	0	0
PF13756.9	0	0	0	0	0	0	0	0	0	0	0	0
PF08477.16	0	0	0	0	0	0	0	0	0	0	0	0
PF16095.8	0	0	0	0	0	0	0	0	0	0	0	0
PF04945.16	0	0	0	0	0	0	0	0	0	0	0	0
PF19335.2	0	0	0	0	0	0	0	0	0	0	0	0
PF03924.16	0	0	0	0	0	0	0	0	0	0	0	0
PF03693.17	0	0	0	0	0	0	0	0	0	0	0	0
PF01477.26	0	0	0	0	0	0	0	0	0	0	0	0
PF14715.9	0	0	0	0	0	0	0	0	0	0	0	0
PF07723.16	0	0	0	0	0	0	0	0	0	0	0	0
PF01169.22	0	0	0	0	0	0	0	0	0	0	0	0
PF02543.18	0	0	0	0	0	0	0	0	0	0	0	0
PF16861.8	0	0	0	0	0	0	0	0	0	0	0	0
PF05876.15	0	2	0	0	0	1	0	0	1	0	0	0
PF20454.1	0	2	0	0	0	1	0	0	1	0	0	0
PF20342.1	0	0	0	1	0	0	0	0	0	0	0	0
PF03744.16	0	0	0	2	0	0	0	0	0	0	0	0
PF09950.12	0	0	0	1	0	2	0	0	0	0	0	0
PF16208.8	0	0	0	0	0	0	0	2	0	1	0	1
PF00038.24	0	0	0	0	0	0	0	2	0	1	0	1
PF06866.14	0	0	0	0	0	0	0	0	0	0	0	0
PF18216.4	1	0	0	2	0	0	2	0	0	0	0	0
PF09569.13	0	0	0	0	0	0	0	0	0	0	0	0
PF01337.21	0	0	0	0	0	0	0	0	0	0	0	0
PF19786.2	0	1	0	1	0	1	3	0	0	0	0	0
PF16280.8	0	0	0	0	0	1	0	0	0	0	0	0
PF17924.4	0	0	0	1	0	0	0	0	0	0	0	0
PF09979.12	0	1	0	0	0	0	1	0	0	0	0	0
PF03994.17	0	0	0	0	0	0	0	0	0	0	0	0
PF13785.9	0	1	0	0	0	0	0	1	0	0	0	0
PF05342.17	0	0	0	0	0	0	0	0	0	0	0	0
PF09956.12	0	0	0	0	0	0	0	0	0	0	0	0
PF05008.18	0	0	0	0	0	0	0	0	0	0	0	0
PF18061.4	0	0	0	0	0	0	0	0	0	0	0	0
PF18070.4	0	0	0	0	0	0	0	0	0	0	0	0
PF16813.8	0	0	0	0	0	0	0	0	0	0	0	0
PF17994.4	0	0	0	0	0	0	0	0	0	0	0	0
PF18860.4	0	0	0	0	0	0	0	0	0	0	0	0
PF02210.27	0	0	0	0	0	0	0	0	0	0	0	0
PF12654.10	0	0	0	0	0	0	0	0	0	0	0	0
PF10133.12	0	0	0	0	0	0	1	0	0	0	0	0
PF09077.14	0	0	0	0	0	0	0	0	0	0	0	0
PF12788.10	0	0	0	0	0	0	0	0	0	0	0	0
PF10050.12	0	0	0	0	1	0	0	0	0	1	0	0
PF02958.23	0	0	0	0	0	0	0	0	0	0	0	0
PF12939.10	0	0	0	0	0	0	0	0	0	0	0	0
PF18159.4	0	0	0	0	0	0	0	0	0	0	0	0
PF15644.9	0	0	0	0	0	0	0	0	0	0	0	0
PF14305.9	0	0	0	0	0	1	0	0	0	0	0	0
PF10706.12	0	0	0	1	0	0	1	0	0	0	0	0
PF02556.17	0	0	0	1	0	0	0	0	0	0	0	0
PF20572.1	0	0	0	0	0	0	0	0	0	0	0	0
PF08780.14	0	0	0	0	0	0	0	0	0	0	0	0
PF08937.14	0	0	1	0	0	1	0	0	0	1	0	0
PF09157.14	0	0	0	0	0	0	0	0	0	0	0	0
PF14031.9	0	0	0	0	0	0	0	0	0	0	0	0
PF20385.1	0	0	0	0	0	0	0	0	0	0	0	0
PF13523.9	0	0	0	0	0	0	0	0	0	0	0	0
PF03200.19	0	0	0	0	0	0	0	0	0	0	0	0
PF00788.26	0	0	0	0	0	0	0	0	0	0	0	0
PF03479.18	0	0	0	0	0	0	0	0	0	0	0	0
PF14411.9	0	0	0	0	0	0	0	0	0	0	0	0
PF14583.9	0	0	0	0	0	0	0	0	0	0	0	0
PF02892.18	0	0	0	0	0	0	0	0	0	0	0	0
PF14335.9	0	0	0	0	0	0	0	0	0	0	0	0
PF20197.1	0	0	0	0	0	0	0	0	0	0	0	0
PF04029.17	0	0	0	0	0	0	0	0	0	0	0	0
PF16912.8	0	0	0	0	0	0	0	0	0	0	0	0
PF10633.12	0	0	0	0	0	0	0	0	0	0	0	0
PF11518.11	0	1	0	0	0	0	0	0	0	0	0	0
PF20076.2	0	0	0	0	0	0	0	0	0	0	0	0
PF05732.14	0	0	0	0	0	0	0	0	0	0	0	0
PF20591.1	0	0	0	0	0	0	0	0	0	0	0	0
PF12358.11	0	0	0	0	0	0	0	0	0	0	0	0
PF18740.4	0	0	0	0	0	0	0	0	0	0	0	0
PF15711.8	0	0	0	0	0	0	0	0	0	0	0	0
PF09505.13	0	0	0	0	0	0	0	0	0	0	0	0
PF04361.16	0	0	0	0	0	0	0	0	0	0	0	0
PF11383.11	0	0	0	0	0	0	0	0	0	0	0	0
PF09215.13	0	0	0	0	0	0	0	0	0	0	0	0
PF10488.12	0	0	0	0	0	0	0	0	0	0	0	0
PF01779.20	0	0	0	1	0	0	1	2	1	0	0	0
PF17489.5	0	0	0	0	0	0	0	0	0	0	0	0
PF02994.17	0	0	0	0	0	0	0	0	0	0	0	0
PF17490.5	0	0	0	0	0	0	0	0	0	0	0	0
PF14135.9	0	0	0	0	0	0	0	0	0	0	0	0
PF12693.10	0	0	0	0	0	0	0	0	0	0	0	0
PF12792.10	0	0	0	0	0	0	0	0	0	0	0	0
PF05572.16	0	0	0	0	0	0	0	0	0	0	0	0
PF09367.13	0	0	0	0	0	0	0	0	0	0	0	0
PF08869.14	0	0	0	0	0	0	0	0	0	0	0	0
PF05275.14	0	0	0	0	0	0	0	0	0	0	0	0
PF06045.14	0	0	0	0	0	0	0	0	0	0	0	0
PF14686.9	0	0	0	0	0	0	0	0	0	0	0	0
PF14683.9	0	0	0	0	0	0	0	0	0	0	0	0
PF14347.9	0	0	0	0	0	0	0	0	0	0	0	0
PF02128.18	0	0	0	0	0	0	0	0	0	0	0	0
PF13717.9	0	0	0	0	0	0	0	0	0	0	0	0
PF07704.14	0	0	0	0	0	0	0	0	0	0	0	0
PF08823.14	0	0	0	0	0	0	0	0	0	0	0	0
PF20581.1	0	0	0	0	0	0	0	0	0	0	0	0
PF20580.1	0	0	0	0	0	0	0	0	0	0	0	0
PF20181.1	0	0	0	0	0	0	0	0	0	0	0	0
PF03707.19	0	0	0	0	0	0	0	0	0	0	0	0
PF13619.9	0	0	0	0	0	1	0	0	0	0	0	0
PF07310.16	0	0	0	0	0	0	0	0	0	0	0	0
PF06791.16	0	0	0	0	0	0	0	0	0	0	0	0
PF09718.13	0	0	0	0	0	0	0	0	0	0	0	0
PF13398.9	0	0	0	0	0	0	0	0	0	0	0	0
PF16938.8	0	0	0	0	0	0	0	0	0	0	0	0
PF13910.9	0	0	0	0	0	0	0	0	0	0	0	0
PF19880.2	0	0	0	0	0	0	0	0	1	0	0	0
PF11753.11	0	0	0	0	0	0	0	0	0	0	0	0
PF04655.17	0	0	0	0	0	0	0	0	0	0	0	0
PF08792.13	0	0	0	0	0	0	0	0	0	0	0	0
PF14470.9	0	0	0	0	0	0	0	0	0	0	0	0
PF11114.11	0	0	0	0	0	0	0	0	0	0	0	0
PF00652.25	0	0	0	0	0	0	0	0	0	0	0	0
PF08909.14	0	0	0	0	0	0	0	0	2	0	0	0
PF00165.26	0	0	1	0	1	0	0	0	0	0	0	0
PF08950.13	0	0	0	0	0	0	0	0	0	0	0	0
PF14436.9	0	0	0	1	0	0	0	0	2	0	0	2
PF13637.9	0	0	0	0	0	0	0	0	1	0	0	1
PF13038.9	0	0	0	0	0	0	0	0	0	0	0	0
PF14412.9	0	0	0	0	0	0	0	0	0	0	0	0
PF20202.1	0	0	0	0	0	1	0	1	0	0	0	0
PF06777.14	1	0	0	0	0	0	0	0	1	0	0	0
PF18259.4	0	3	0	0	6	3	0	0	0	0	0	3
PF02089.18	0	0	0	0	0	0	0	0	0	0	0	0
PF16949.8	0	0	0	0	0	0	0	0	0	0	0	0
PF14454.9	0	0	0	0	0	0	0	0	0	0	0	0
PF10902.11	0	0	0	0	0	0	0	0	0	0	0	0
PF20338.1	0	0	0	0	0	0	0	0	0	0	0	0
PF05069.16	0	0	0	0	0	0	0	0	0	0	0	0
PF10043.12	0	0	0	0	0	0	0	0	0	0	0	0
PF07071.14	0	1	0	0	0	0	0	0	0	0	0	0
PF05035.15	0	1	0	1	1	1	0	0	0	0	0	0
PF06277.14	0	0	1	3	0	1	0	1	0	0	1	0
PF10364.12	0	0	0	0	0	0	0	0	0	0	0	0
PF14435.9	0	0	0	0	0	0	0	0	0	0	0	0
PF10054.12	0	1	0	0	0	0	0	0	0	1	0	0
PF09922.12	0	0	0	0	0	0	0	0	0	0	0	0
PF19266.2	0	0	0	0	0	2	0	0	0	0	0	0
PF15657.9	0	0	0	0	0	1	0	0	0	0	0	0
PF04255.17	0	0	0	0	0	0	0	0	0	0	0	0
PF18480.4	0	0	0	0	0	0	0	0	0	0	0	0
PF10140.12	0	0	0	0	0	3	0	0	0	0	0	0
PF04485.15	0	0	0	0	0	0	0	0	0	0	0	0
PF05597.14	0	0	0	0	0	0	0	0	0	0	0	0
PF20000.2	0	0	0	0	0	0	0	0	0	0	0	0
PF01804.21	0	0	0	0	0	0	0	0	0	0	0	0
PF11190.11	0	0	0	0	0	0	0	0	0	0	0	0
PF09614.13	0	0	0	0	0	0	0	0	0	0	0	0
PF18834.4	0	0	0	0	0	0	0	0	0	0	0	0
PF18838.4	0	0	0	0	0	0	0	0	0	0	0	0
PF13927.9	0	0	0	0	0	0	0	0	0	0	0	0
PF06037.14	0	0	0	0	0	0	0	0	0	0	0	0
PF11721.11	0	0	0	0	0	0	0	0	0	0	0	0
PF16751.8	0	0	0	0	0	0	0	0	0	0	0	0
PF14790.9	0	0	0	0	0	0	0	0	0	0	0	0
PF14789.9	0	0	0	0	0	0	0	0	0	0	0	0
PF13441.9	0	0	0	0	0	0	0	0	0	0	0	0
PF18331.4	0	0	0	0	0	0	0	0	0	0	0	0
PF09093.14	0	0	0	0	0	0	0	0	0	0	0	0
PF18612.4	0	0	0	0	0	0	0	0	0	1	0	0
PF01764.28	0	0	0	0	0	0	0	0	0	0	0	0
PF02697.17	0	0	0	0	0	0	0	0	0	0	0	0
PF14251.9	0	0	0	0	0	0	0	0	0	0	0	0
PF14791.9	0	0	0	0	0	0	0	0	0	0	0	0
PF09472.13	0	0	0	0	0	0	0	0	0	0	0	0
PF01028.23	0	0	0	0	0	0	0	0	0	0	0	0
PF13030.9	0	0	0	0	0	0	0	0	0	0	0	0
PF20248.1	0	0	0	0	0	0	0	0	0	0	0	0
PF06226.16	0	0	0	0	0	0	0	0	0	0	0	0
PF04303.16	0	0	0	0	0	0	0	0	0	0	0	0
PF00352.24	0	0	0	0	0	0	0	0	0	0	0	0
PF08946.13	0	0	0	0	0	0	0	0	0	0	0	0
PF11868.11	0	0	0	0	0	0	0	0	0	0	0	0
PF08858.13	0	0	0	0	0	0	0	0	0	0	0	0
PF06693.14	0	0	0	0	0	0	0	0	0	0	0	0
PF17805.4	0	0	0	0	0	0	0	0	0	0	0	0
PF13430.9	0	0	0	0	0	0	0	0	0	0	0	0
PF07285.14	0	0	0	0	0	0	0	0	0	0	0	0
PF19277.2	0	0	0	0	0	0	0	0	0	0	0	0
PF05990.15	0	0	0	0	0	0	0	0	0	0	0	0
PF19858.2	0	0	0	0	0	0	0	0	0	0	0	0
PF09537.13	0	0	0	0	0	0	0	0	0	0	0	0
PF17159.7	0	0	0	0	0	0	0	0	0	0	0	0
PF12769.10	0	0	0	0	0	0	0	0	0	0	0	0
PF05228.16	0	0	0	0	0	0	0	0	0	0	0	0
PF11141.11	0	0	0	0	0	0	0	0	0	0	0	0
PF18953.3	0	0	0	0	0	0	0	0	0	0	0	0
PF20026.2	0	0	0	0	0	0	0	0	0	0	0	0
PF09347.13	0	0	0	0	0	0	0	0	0	0	0	0
PF04577.17	0	0	0	0	0	0	0	0	0	0	0	0
PF08753.14	0	0	0	0	0	0	0	0	0	0	0	0
PF11117.11	0	0	0	0	0	0	0	0	0	0	0	0
PF02469.25	0	0	0	0	0	0	0	0	0	0	0	0
PF00024.29	0	0	0	0	0	0	0	0	0	0	0	0
PF16074.8	0	0	0	0	0	0	0	0	0	0	1	0
PF04010.16	0	0	0	1	0	0	0	0	0	0	0	0
PF09577.13	0	0	0	0	0	0	0	0	0	0	0	0
PF06684.14	0	0	0	0	0	0	0	0	0	0	0	0
PF18961.3	0	0	0	0	0	0	0	0	0	0	0	0
PF20374.1	0	0	0	0	0	0	0	0	0	0	0	0
PF18352.4	0	0	0	0	0	0	0	0	0	0	0	0
PF11863.11	0	0	0	0	0	0	0	0	0	0	0	0
PF13208.9	0	0	0	1	0	0	0	0	0	0	0	0
PF15615.9	0	0	0	1	0	0	0	0	0	0	0	0
PF19587.2	0	0	0	0	0	0	0	0	0	0	0	0
PF12206.11	0	0	0	0	0	0	0	0	0	0	0	0
PF14550.9	0	1	0	0	0	0	0	0	0	0	0	1
PF19474.2	0	0	0	0	0	0	0	0	0	0	0	0
PF06319.15	0	0	0	0	0	0	0	0	0	0	0	0
PF11417.11	0	0	0	0	0	0	0	0	0	0	0	1
PF20586.1	0	0	0	0	0	0	0	0	0	0	0	0
PF16334.8	0	0	0	0	0	0	0	0	0	0	0	0
PF17168.7	0	0	0	0	0	0	0	0	0	0	0	0
PF16335.8	0	0	0	0	0	0	0	0	0	0	0	0
PF08760.14	0	0	0	0	0	0	0	0	0	0	0	0
PF05893.17	0	0	0	0	0	0	0	0	0	0	0	0
PF19629.2	0	0	0	0	0	0	0	0	0	0	0	0
PF12102.11	0	0	0	0	0	0	0	0	0	0	0	0
PF14239.9	0	0	0	0	0	0	0	0	0	0	0	0
PF10343.12	0	0	0	0	0	0	0	0	0	0	0	0
PF03659.17	0	0	0	0	0	0	0	0	0	0	0	0
PF09900.12	0	0	0	0	0	0	0	0	0	0	0	0
PF16126.8	0	0	0	0	0	0	0	0	0	0	0	0
PF07553.14	0	0	0	0	0	0	0	0	0	0	0	0
PF16760.8	0	0	0	0	0	0	0	0	0	0	0	0
PF13011.9	0	0	0	0	0	0	0	0	0	0	0	0
PF18640.4	0	0	0	0	0	0	0	0	0	0	0	0
PF12367.11	0	0	0	0	0	0	0	0	0	0	0	0
PF14008.9	0	0	0	0	0	0	0	0	0	0	0	0
PF09698.13	0	0	0	0	0	0	0	0	0	0	0	0
PF09217.13	0	0	0	0	0	0	0	0	0	0	0	0
PF09019.14	0	0	0	0	0	0	0	0	0	0	0	0
PF12128.11	0	0	0	0	0	0	0	0	0	0	0	0
PF20510.1	0	0	0	0	0	0	0	0	0	0	0	0
PF04209.16	0	0	0	0	0	0	0	0	0	0	0	0
PF11874.11	0	0	0	0	0	0	1	0	0	0	0	0
PF17660.4	0	0	0	0	0	0	0	0	0	0	0	0
PF09945.12	0	0	0	0	0	0	0	0	0	0	0	0
PF08712.14	0	0	0	0	0	0	0	0	0	0	0	0
PF03232.16	0	0	0	0	0	0	0	0	0	0	0	0
PF18291.4	0	0	0	0	0	0	0	0	0	0	0	0
PF14066.9	0	0	0	0	0	0	0	0	0	0	0	0
PF06199.14	0	0	0	0	0	0	0	0	0	0	0	0
PF09832.12	0	0	0	0	0	0	0	0	0	0	0	0
