FeatureID	PC1	PC2	PC3
PF13561.9	0.00241589573154021	0.000570831752270794	0.0246652265104274
PF08240.15	-0.00601730986889139	0.0147003339007983	0.0229226436102996
PF00107.29	-0.00724542229442744	0.0144670082291048	0.0227908572838481
PF12698.10	0.0129512524323706	0.006134321463396	0.0157811922030628
PF01264.24	0.00656801404755979	0.00585570616897815	0.00546206611565818
PF03703.17	0.0110993304930867	-0.00950540131698928	-0.00440951427430676
PF07905.14	-0.0048804659782906	0.0334206598816342	-0.00469869279285604
PF17853.4	0.000838581359327327	-0.00222456648253149	0.0227425663349363
PF13556.9	-0.000321771106879196	-0.00280657729769937	0.021187070206364
PF13649.9	0.00551427537323247	-0.00106395668092447	0.0187061892437513
PF00092.31	0.0147702304638509	0.00229561507123941	0.0106488390409193
PF00144.27	0.023968969388477	-0.00905387425781721	0.0112994553461729
PF07732.18	0.00861850561172151	-0.00379563705668066	-0.0118766666353932
PF00394.25	-0.00907607903171785	-0.00290349006195729	-0.00937416934502387
PF07731.17	0.00731559669008083	0.0050556748562385	-0.0128190318873114
PF00795.25	0.00865200225529556	0.00392152039734505	0.0179527404855136
PF00672.28	0.00107259503661401	-0.00354653626332581	0.0401439320421048
PF01966.25	-0.00376362426812485	0.000905365320186942	0.0396193114079086
PF00587.28	0.0029481057444631	0.00562989422828744	0.032607632197862
PF04073.18	0.0101531968333402	0.00796046151636071	0.00829242728841423
PF03129.23	0.00328714594145056	0.00687569463950804	0.0310339287981542
PF01648.23	0.00643880508951114	-0.00329366336522087	0.00487540957519838
PF01134.25	0.0110659469022137	0.00848984564423842	0.0121439120541988
PF03738.17	-0.00451594292656627	0.00164974926117413	-0.0143595189218467
PF00005.30	-0.000132188344991981	-0.00162091986864634	0.0540758046176355
PF12848.10	0.00997285709118961	0.00942631274832379	0.0222294301779248
PF16326.8	0.00899983768441879	0.00985968898299221	0.00861298540185281
PF01513.24	0.00707232021163167	0.00454643858097846	0.00623941857756322
PF20143.2	0.00742292356176156	0.00484581369361249	0.00588259694380436
PF12419.11	0.000626868025935141	0.0246722509119299	-0.00222154301133288
PF00176.26	0.0171999025544224	-0.00380015748600957	0.0206845577806521
PF00271.34	0.0109800063261118	0.0074944056030227	0.0346458370906596
PF10646.12	0.000173374695551653	-0.00357664709471803	0.0125137113407401
PF00977.24	0.00173544093107734	0.000357885356921421	0.0144439462219967
PF01205.22	0.0101773001622732	0.00811942748691982	-0.00031119301790203
PF09186.14	0.0110703931510688	-0.010698096773459	-0.00118848823678087
PF03806.16	0.0118772632938511	-0.00617961184114682	-0.0134758863208076
PF01471.21	0.00843399848081754	-0.00320528744126031	0.0126159192823893
PF07486.15	0.00344067986978108	-0.00820352108108542	0.017063061091928
PF02463.22	0.00631802539595035	0.00861134408954682	0.0231088738639968
PF13673.10	0.0125156356319072	-0.00577440390711945	0.0167114025234164
PF07670.17	0.0157065079785725	-0.00287602170927684	0.0233369794130396
PF00015.24	-0.00579822528507156	-0.00629120529184389	0.0419576239265961
PF03807.20	0.00236441250043077	0.000790005292493543	0.00682154285923288
PF14748.9	0.00169486508523565	0.00139963210998994	0.00634472516938101
PF08455.13	-0.00174938020681307	0.00288033230543795	0.00913621865587932
PF02746.19	0.0146906048757983	0.00262877526713145	-0.00467863677648789
PF13378.9	0.0127451888008159	0.0084953322183953	-0.000348277472046931
PF09339.13	-0.000728639157288076	0.0122980838327934	-0.00479157746776353
PF01614.21	-0.001547306543957	0.0121313670994794	-0.00519184108574063
PF01546.31	0.000519618826689343	0.014684379652288	0.024391000767075
PF07687.17	0.000787592897567007	0.0170260216338629	0.0212781451862259
PF13190.9	0.0168908626959705	-0.0181907096141986	-0.00895746407933325
PF03833.16	-0.016003196020788	-0.0182965154806718	-0.00256640733378331
PF10672.12	0.0111951723161755	0.00194603558711844	0.00823217213422945
PF01368.23	0.0044773284685054	0.0038678765862166	0.024092812603802
PF02833.17	0.000145733212986178	0.00712458552550721	0.00884961461436088
PF04851.18	0.0117802562367802	0.0134265778373815	0.0324711876274254
PF00710.23	0.00784330669686133	0.0106429366442003	0.00512452010192535
PF17763.4	0.00782419531162834	0.010629377733727	0.00511390197332346
PF01844.26	0.0226668434306032	-0.0164565581323232	0.000784142584144101
PF17957.4	0.013141610502719	-0.0208644752783685	-0.00379455324713351
PF13750.9	0.0148343378630546	0.000201049311291824	-0.00622796410780102
PF19077.3	0.00327561817889179	0.00552390239577826	-0.00542602865833642
PF01987.20	0.0032635315837975	0.0056708531542882	0.00675128258931524
PF01751.25	0.0126223961834562	0.0075484711103359	0.028357992614605
PF01131.23	0.017454064964636	0.00559916710435153	0.0237961284319051
PF01396.22	0.00896842464773646	-0.00109379499348641	0.0196130721599709
PF04509.15	-0.00912042242444116	-0.000418556320362125	0.0325967908286189
PF03358.18	0.0146098136221784	-0.00225975408256898	0.0151996473975593
PF00596.24	-0.00489216525210737	0.0041969937866995	0.0180981321820834
PF00004.32	0.0034990379316841	0.00949349814476741	0.0347970830530168
PF16193.8	0.00982353806613141	0.00218142981128739	0.0113580633813449
PF12002.11	0.00981776194938693	0.00219500664578698	0.0113624036592171
PF00872.21	0.0160308321770105	0.00687078838455953	0.0207429170273236
PF00266.22	0.00145192255776679	0.00246356252418247	0.0252558170029353
PF13395.9	-0.000174342881049543	-0.000632750276297772	-0.00391029919099459
PF03990.17	1.06093191920361e-05	0.0151440597510872	-0.00842869673798239
PF07501.15	0.00104468530920721	-0.00077961482584871	0.0154652456154355
PF06737.17	-0.00616614712414949	-0.0146867992669184	-0.0113374692860022
PF00501.31	0.00477020428221166	0.00490408466276763	0.0273907073975062
PF13193.9	0.00783014365434284	0.00571910914105173	0.0185296198636063
PF00550.28	0.00455997435451189	0.00407957656677488	0.0214826433497173
PF00668.23	0.00954910059881265	-0.00335723889216852	0.0162766307338302
PF13434.9	-0.0155655684111846	-0.0167631270522688	-0.00174877417327024
PF01032.21	0.0112243748447939	0.00650390795469658	0.00609155846646957
PF13276.9	0.014422178651834	0.0132472092212912	0.0162476076433761
PF00665.29	0.018364721382051	0.005235202901363	0.0260559023263474
PF13333.9	0.0173681289145803	0.0121345616732002	0.014637645143865
PF06808.15	0.00412442410179354	-0.0116658678639501	0.0138957520933589
PF00378.23	-0.0101836738647911	0.00427711615847402	0.0269169918203519
PF07690.19	0.00813570878978284	0.000691296063014063	0.02701316103099
PF01925.22	0.0173649638761795	-0.014523245752877	0.00227604788375616
PF01557.21	0.0208015486945204	0.00861659728639213	-0.0176753944595364
PF01566.21	0.00378558472783457	0.0327866798290135	-0.0121977337410674
PF13091.9	0.00573381501407103	0.0039894405262169	0.0208125410792773
PF11907.11	0.00642376696376301	0.012560139594709	-0.0183948255797251
PF02591.18	0.0101023849959557	0.0347453298806322	-0.00479585721011935
PF03033.23	0.00347192501499905	0.00229864416577501	0.0107266623299618
PF04101.19	0.0030110027847917	0.0011522433498453	0.0138091478000626
PF00310.24	0.0198776153146827	-0.0223072910052957	0.017085566458736
PF04898.17	0.0199070795988692	-0.0234764630334492	0.0157170153188605
PF01645.20	0.0147938368481347	-0.0255080507194183	0.0202588475865135
PF01493.22	0.0177123611331815	-0.0248207060145757	0.0174871534876193
PF01565.26	-0.000872380349063703	0.00698592277417029	0.0166123974628258
PF04030.17	-0.0154072993369978	-0.0159945795665468	-0.00814198146941455
PF12705.10	0.0108302159848166	0.00411529832036432	0.0182964569999509
PF01341.20	-0.00766258549576483	-0.0175199025874815	-0.00283489847396126
PF00553.22	0.00659059454863575	0.0170441837453711	-0.0157388295148102
PF00348.20	0.00135219819888485	0.0214827039840281	0.0136666853259068
PF17848.4	-0.00537214785564814	0.00442866977691032	-0.00172850301975873
PF01039.25	-0.0040932573791575	0.000324965462674099	0.0302712450916454
PF00364.25	-0.00165180544463513	0.00975823912262235	0.0229899552892342
PF02817.20	0.000613011215308474	0.0226803553773925	0.000105495338306729
PF00198.26	0.00149207966452849	0.0233469927948856	0.000192344385326237
PF02749.19	0.00625310288484079	0.0237051998929392	0.00010353317773569
PF01729.22	0.00716996420905594	0.0181698569158653	0.00194653227295772
PF00873.22	0.0110821664039141	0.00856685437447162	0.0231419587044705
PF00912.25	-0.000543597743827548	0.00693024909603482	0.0195404092284561
PF00905.25	0.00220784047874043	0.00192522231730718	0.0288526898356445
PF06832.15	-0.0189191558429154	-0.00868655077599322	-0.00748773533544082
PF00012.23	-0.0031735177642555	0.00252613070573464	0.0381391048022519
PF04371.18	0.0105361972708157	0.0099069861958771	-0.00670629354389422
PF13489.9	0.00545349020883521	-0.0162628905552667	0.00756638132780074
PF08442.13	0.0101071402485808	-0.00123622292870706	-0.0164725213920064
PF00549.22	-0.0153213490393947	0.0303639964614746	0.00617663849743976
PF00521.23	0.0043370505707039	0.00928249840468065	0.0257688232525384
PF03989.16	0.00159620084639962	0.0100289274124813	0.0384264139178643
PF02518.29	0.00550593137201393	0.00131626722853725	0.04654540095176
PF00575.26	-0.00487556423656943	0.00360062630552114	0.0479523911002239
PF10150.12	0.00517305741865219	0.00898899064612282	0.0101418263644918
PF04313.17	0.0119981466924792	0.00365162167710148	0.0219302312545255
PF18766.4	0.0124995117188284	0.0022278094697195	0.0219011504368758
PF02534.17	0.0383180047502107	-0.00779204217787883	0.0159504061888459
PF03583.17	-0.0237718387238149	-0.0106512792918043	-0.00607245475278206
PF17757.4	0.0116042010545108	0.00763076698021334	0.0202433768418643
PF02559.19	0.00811494056126816	0.00431154359812713	0.01903994700205
PF00270.32	0.0104966797659155	0.0107790535990302	0.0273678810619852
PF03461.18	0.0147753471814986	0.00930538942148952	0.0134385700477421
PF00204.28	0.00733121928991756	0.00988250803304406	0.0222675894009296
PF18053.4	-0.0167607115881259	-0.00605779317160604	-0.00486586076088771
PF00986.24	0.00707303211439011	0.00703491958432006	0.0222824436411308
PF02424.18	0.00941100051180741	-0.00182330461375495	0.00631500765175889
PF13740.9	0.0141780611493819	0.0109035632502677	-0.000586428773938711
PF00990.24	0.00439166928901222	-0.0144763926466805	0.0325280026096205
PF00278.25	0.0112497727053656	-0.00144371902443397	0.0124336386015217
PF02784.19	0.0109733542030899	0.00263356116302295	0.0130392492837826
PF01909.26	0.0129770632970718	-0.00319357234574111	0.0071720139270422
PF04349.15	-0.0212969166022548	-0.0141162757545642	-0.00523547394164683
PF00155.24	0.00322361506145875	0.00437168205083333	0.0303535988503276
PF04408.26	-0.000814298411500633	-0.00202511790559682	-0.00793218850919473
PF07717.19	-0.0043292295594679	0.00101525662732872	-0.00968435024736613
PF11898.11	-0.0039278956454464	0.00102714855277633	-0.00967522224313937
PF01381.25	0.00940699037821652	-0.00475584706046668	0.0345586750396234
PF00232.21	-0.00237051368518054	0.0213399991747003	0.0185872853148472
PF01103.26	0.0264253657026442	0.0198999776746014	-0.00550778838261437
PF01891.19	0.0184413976394911	-0.0230190242877046	-0.00741685926157106
PF03843.16	-0.00262579018063559	-0.0124562044755694	-0.00151834506438635
PF17200.7	-0.00469552738593386	-0.0175529177529926	0.014141454943849
PF04172.19	0.0119703893102607	0.00699372703009436	-0.00342053369710433
PF07963.15	0.0347923451764524	-0.0628235256070882	0.0104282925282247
PF01926.26	0.00598717760903963	0.00735808785205098	0.0295094579409522
PF07650.20	-0.00292803140234182	0.00489392297379374	0.0300917338920605
PF00849.25	0.00817133697829997	0.0064958344744688	0.0178356525857824
PF00171.25	-0.011054975518309	0.0181679955472428	0.0272730221228113
PF00343.23	-0.00311466384853254	0.0016438476299161	0.0314546454440189
PF01899.19	0.0152191754408193	-0.0160317437996239	-0.0103129702451853
PF13519.9	0.0216334088164585	-0.0151663896022533	0.00702025157138448
PF00903.28	0.00463488068899904	0.0154854528785888	-0.00211942513064223
PF03477.19	-0.000634356142532371	0.00240594664513788	0.027850894691714
PF13597.9	-0.000511756480710446	0.00267781124250801	0.0272280840115982
PF00512.28	0.00770423293672871	-2.49402894444611e-05	0.0425920787710929
PF13417.9	-0.00342944422952774	0.00353993251999391	-0.0116444044024936
PF00043.28	-0.0131879481657369	-0.00233827797693389	-0.00831025428997956
PF00356.24	0.00668654282914365	-0.00919994249057289	0.0244302148180704
PF13377.9	0.00603838990279089	-0.0104260597433191	0.0265765500875784
PF04879.19	-0.00312000648753369	0.00892970746391982	0.00823426512499336
PF00384.25	-0.00144796450566063	0.00855174515089094	0.0101386321423938
PF01568.24	0.00776750450346297	0.00638291134756431	0.00443889412316015
PF00704.31	0.00456967555588006	0.00737948687689925	0.0145027937888058
PF06483.14	-0.0104640778992733	-0.00834842534841222	-0.00372085401513287
PF00085.23	-0.013157114411325	0.00619829930465834	0.0210081577030086
PF00126.30	0.0114783549444693	-1.35053776699453e-05	0.0188476214829348
PF03466.23	0.0115342114300919	8.35454698482471e-05	0.0187462330466551
PF08402.13	-0.00573564458399098	0.0141805197339719	0.0248740589957905
PF08447.15	-0.000745991959445996	-0.00317142579456086	0.0255233718569757
PF02378.21	-0.00894296146503123	0.00590708032975464	0.0304741197841058
PF02302.20	-0.0083964613556219	0.0239586756338292	0.0165003630344669
PF00359.25	-0.00366655178239212	0.014346403371172	0.0124766867488404
PF00072.27	0.00381774485005042	-0.00225731837124012	0.0481252962494172
PF07228.15	0.00962536024208098	0.00555309984733274	0.00764864160794821
PF13581.9	0.0162383678927568	0.0072507970477093	-0.00249636182671867
PF06723.16	-0.000347272854631124	-0.00378223692034841	0.0226791260450312
PF00590.23	0.0108804100279072	0.00966906114006218	0.0148332302157826
PF01509.21	0.00489711682340635	0.0101253496140032	0.00663510468043373
PF16198.8	0.00522410240747484	0.00912660532396345	0.00624129777707793
PF09157.14	-0.0187187126291032	-0.00767747230208191	-0.00616222299935848
PF16732.8	-0.0126179876534288	-0.00216385200642678	-0.00346084477580667
PF02706.18	0.00744193511804299	0.0213752662495166	0.00137654515100972
PF13807.9	0.00817672572945468	0.0287261841129966	-0.00202276947570371
PF13614.9	0.0141055686162086	0.0030738440881967	0.0223418761776871
PF00854.24	0.00999027629061675	0.0162935960811562	0.00758998747901038
PF08448.13	-0.00128333963548135	-0.000481486558735999	0.0220964598319698
PF01207.20	0.0105632585566757	0.00893407530659519	0.0082939651516225
PF01225.28	0.00576731976972119	0.00490472277588422	0.018877022773826
PF08245.15	0.00690122496606161	0.00541638568507907	0.025098400130607
PF02875.24	0.00627145537646959	0.00518292684416154	0.0235201785140674
PF18994.3	0.020636926072276	-0.0172073563528511	-0.00653370256774699
PF02092.20	0.00872300832850402	0.0240868920035073	-0.0182286629733085
PF01138.24	0.00448391531773195	0.00306105484741223	0.0318963799117008
PF03725.18	0.00591443599716886	0.00501696580837144	0.0290773549906406
PF03726.17	0.00413840593889179	0.00241508027372504	0.0251975384154551
PF00013.32	-0.00318096551166201	0.00358962985916481	0.0377726827937103
PF02580.19	0.00799300202012503	0.00575486350975963	-0.00271711497467283
PF00528.25	0.000924445338723822	-0.0140233340389768	0.0446133673931628
PF00128.27	0.000964181010666207	0.00232707346741422	0.0372433635779333
PF11941.11	0.00533184498711485	0.0117709355517515	0.00168581578468132
PF13589.9	0.00419054105892409	-0.00368775239566965	0.0264907933708213
PF01119.22	0.00967637030346928	0.00842329594592703	0.00928611594344914
PF08676.14	0.0100432731716545	0.00798405767244231	0.00912866782440839
PF08280.14	-0.0157879842365141	-0.0142328708957126	-0.00303602122520937
PF05043.16	-0.00760183476798472	0.0102530966254872	0.00618794821098211
PF06166.15	-0.00939395650438602	0.0146795442693863	-0.00882237796076636
PF05045.15	-0.00529953462253799	-0.00829241929993974	-0.0124495935491364
PF09028.13	-0.00378981931684385	0.0172963728260468	-0.00486058298163997
PF06605.14	0.0258582508564354	-0.0109509164031719	-0.00457133246045871
PF02498.20	0.0220064149454582	-0.00588859959936272	-0.00316583194761617
PF17191.7	0.00926187525402236	0.00473650096529046	0.0111840252679217
PF19833.2	0.00876240324786633	0.00500812658203525	0.0117833627022606
PF06418.17	0.0129339750638769	-0.00977175419989097	0.0154018148120984
PF00117.31	0.00800245061244106	-0.00109940656994797	0.0247135303193585
PF06426.17	0.00445175533993975	0.0106466709809306	-0.0167460159983393
PF00132.27	-0.00211926165523443	0.00624975447460065	0.0276713887207699
PF02462.18	-0.00575993900478696	-0.0052169789709611	-0.00201225910086943
PF14450.9	0.00341431926950355	0.00611575569924608	0.0140502666893269
PF02491.23	0.0146365852176095	0.0261492130901248	-0.00736471575795892
PF01098.22	0.00547379460903267	-0.00647255697566669	0.0192424681082337
PF13145.9	-0.0038845142390276	0.025418986256566	0.000674280209891031
PF00109.29	0.00708907311833223	0.006379949707226	0.0169556777563689
PF02801.25	0.00707173747654114	0.00636998547380295	0.0169401719158196
PF04060.16	-0.00259418948555937	-0.00210415701211019	0.0209140189707351
PF14697.9	-0.00739634583471986	-0.0069808358121513	0.00647905598940356
PF01266.27	-0.00168980517543131	0.0124294828549522	0.0168255902541583
PF07219.16	-0.0211586587741276	-0.0058060684714833	-0.00536607910834863
PF00133.25	0.00488791376936828	0.00443366721686661	0.0324010817416444
PF08264.16	0.00459877057298029	0.00442204482917648	0.0327864582707615
PF06827.17	0.0121741112716803	0.00562821657946565	0.00887843052552556
PF12564.11	-0.0214015079145093	-0.00222453006225535	-0.00621880725908092
PF01555.21	0.0274086240728836	-0.00186551565111894	0.012885479179193
PF02384.19	0.0147940873705804	0.000740215141810315	0.0250057714628696
PF06472.18	-0.0128052807594409	-0.00837792568294426	-0.00580697203544802
PF00308.21	0.00503177307020877	-0.00291800390046431	0.0134322840127499
PF08299.14	0.00498236049777766	-0.00287154402340329	0.013403742188442
PF07242.14	-0.00517193922347116	-0.0107672060562809	-0.00514184357647749
PF01527.23	0.0102028468203399	0.00400996933133171	0.015552449524302
PF02557.20	0.0133725391685125	0.00287148450124872	0.00536383126280238
PF03444.18	0.0115672675135023	0.0114405476974816	-0.0087407911442652
PF01628.24	0.00440804323797479	0.00604935687951723	0.0124779452532645
PF01025.22	0.00511556497867867	0.00860191305012333	0.0127083305650484
PF06100.14	0.0242311884595296	-0.00015365815318304	0.00221787453425973
PF08220.15	0.00471601467469213	0.0122151635044684	0.0137896883750902
PF00455.25	-0.00461247479278992	0.014973129736735	0.0113555680977082
PF00294.27	0.000181217456480146	-0.000884326866777234	0.0294405187375691
PF13396.9	0.0054490379911458	0.000872216610821026	0.0124553192146676
PF03668.18	0.00411393364471627	0.00315401176174104	0.00996064125968225
PF01933.21	0.00875655284348989	0.0217945676224156	-0.014103352940319
PF10298.12	-0.00790176063607428	0.0120100766914023	0.0122636035040063
PF14527.9	-0.00638025829651901	0.0113523541884265	0.0128430016597284
PF02650.17	-0.00640060446656043	0.0113501733762087	0.0128411156464668
PF01226.20	0.0032032300491491	-0.00229840027793512	0.000432281313735051
PF04167.16	0.00584759660185227	-0.00642953565686046	-0.00439233688059008
PF00149.31	0.0105460127622487	-0.000462025496350803	0.0241519114768674
PF03462.21	0.00274152866082706	0.0105044020099913	0.0220971927067715
PF00472.23	0.00308222005256532	0.0104988865954606	0.0221442310874593
PF18075.4	0.00221931312224117	0.00570767912581049	0.0117070647706062
PF02687.24	0.011851455230887	0.00325126722158269	0.0418728211932135
PF00268.24	0.00717378633338863	0.00465518565051901	-0.0146262679852935
PF08343.13	0.00186300104883876	0.00257006533548014	-0.0153787286081854
PF00317.24	0.00987193484323536	0.0226309347329028	-0.00289691754808794
PF02867.18	0.0183358174652471	0.019628970188189	0.00390075903847703
PF07972.14	0.0017518993901501	-0.0250383978077685	-0.0051943914890895
PF00462.27	-0.00692162405655783	-0.00914494779985628	0.00616890665105622
PF02660.18	0.00714448272808927	-0.0093269517675481	0.00567419449295303
PF00857.23	0.0107406184931495	0.000216351234501446	0.00306607833345625
PF00929.27	0.00639884021364707	0.00672410405973084	0.0204259124008583
PF01544.21	0.0126108629635181	0.0111223864417858	0.000317786647978075
PF00471.23	-0.000566115581659793	-0.00472980714470879	0.0105413751330532
PF00926.22	0.0076914887176708	0.0227241383906097	0.000302770681550197
PF00925.23	0.00769845448447674	0.0227107178055188	0.00032003442353869
PF01479.28	-0.00352453762807532	0.00536377621370661	0.0320077376613061
PF01783.26	-0.00886370760698359	-0.0108265680371707	0.0172723068275844
PF13231.9	0.0151993912139996	-0.0151398077295977	0.00978470307560657
PF00535.29	0.00645702057607383	-0.00457502643892533	0.0335077944419241
PF00486.31	0.0117217406059148	0.00590065838938158	0.0340280116741719
PF01569.24	0.00142320579410587	-0.00171086222049125	0.00714641663798708
PF13522.9	0.00496222754478281	-0.00119773592085784	0.016341245973236
PF01380.25	-0.00411597245432653	0.00275123492613824	0.0286938005004844
PF20582.1	0.00232797125540305	-0.00525629825405039	0.00683800631580773
PF04002.18	0.00938873630650051	-0.00588504307104378	0.00851787677213958
PF00122.23	0.00845266553102754	0.00593609301616143	0.0263942814750266
PF00702.29	0.00869397012764443	0.00428879090072699	0.0264969625200166
PF06114.16	0.0292621834723133	-0.00373814726756565	0.0151020918921931
PF10543.12	0.00700704794172255	0.00424680199167845	-0.00320968064940746
PF10552.12	-0.00150664954478071	-0.0219285982422276	-0.00446063849451017
PF07193.14	0.00307269741432306	-0.0175244137819165	-0.000762141913311457
PF07352.15	0.00722487680604551	0.018529611632013	-0.0115978783172858
PF02195.21	0.0287332552026375	-0.0049429591012495	0.021072386436246
PF17762.4	0.00898115790052022	0.00308455199103801	0.00864726955108935
PF06563.14	0.0011289369009867	-0.0222396956882359	-2.08316828811919e-05
PF00692.22	0.0111552235544408	0.00345796085926733	0.0057175239315685
PF07097.14	0.00188429397715299	-0.00872505703085569	-0.00124810780241977
PF11217.11	0.00479228905564377	-0.0261337317284775	-0.00111927383428437
PF18013.4	0.0135630834914802	0.0238933143726022	-0.00413238886428336
PF01551.25	0.011693064856964	0.00364176571453024	0.024473107163719
PF10651.12	-0.0088549433246882	-0.00425382892941497	-0.013967810011636
PF10779.12	-0.00348675057668267	-0.0118455750519764	-0.0034231303599533
PF04688.16	0.0057293235883318	-0.0237652972248484	-0.00191717756515129
PF05382.16	0.00857467124890244	-0.020579420239891	-0.00274359683547779
PF06971.16	0.000927382001557985	0.00715934644518199	0.00824591124452162
PF02629.22	-0.0078185632831586	0.0166283729478121	0.0142204126165913
PF03960.18	-0.00391732075801059	0.00390716251792873	0.00901351159828008
PF00156.30	0.00343812159056072	-0.00110576026855557	0.0253041607016553
PF01979.23	0.000550364650178543	0.00644722260957393	0.0283356381925696
PF07261.14	-0.0027416114396559	-0.00774353050418761	0.0155639609723773
PF00730.28	0.0059904713477462	-0.00425101284543358	0.0140619036909978
PF10576.12	0.0056738166234829	0.00946941609203752	-0.00765096971716414
PF04816.15	-0.00253281562213694	-0.00967039984820138	-0.0160239863378044
PF01784.21	9.55505822990865e-05	0.0153633854893271	0.00288528257876818
PF01521.23	0.00514482178401936	0.0119683358580664	-0.0161584644930573
PF08282.15	0.00380532480970256	0.0129769363769902	0.0192421346626282
PF06197.16	0.0167317355067338	0.00343552954825826	-0.0144027452438952
PF00829.24	-0.00422684536080602	-0.00394489028568788	0.0210580506605888
PF06325.16	0.00615091266500791	0.00599136366042349	0.00622689108778374
PF04327.15	-0.00817608435590267	-0.00691954811613586	0.0130491593084366
PF01016.22	-0.0103786477519088	-0.00292899414639251	0.026823690430928
PF02562.19	0.00580857428756265	0.00598602285402452	0.0115108132131686
PF02130.20	0.00293448908705747	0.00636340681766277	0.00433324126270519
PF01219.22	0.00706112166654628	0.00860579137855691	-0.014283418856575
PF06042.14	-0.0119438896435994	-0.00942166751942096	-0.00183090356014216
PF20260.1	0.00682186865138243	0.0126986032698048	0.00157216469880438
PF04452.17	0.00680883185183301	0.0127725455747361	0.00181944028062679
PF04332.18	-0.0147874397206502	-0.0081820983800858	-0.0047408401926547
PF02091.18	-0.000895797277520128	0.00841293786647891	-0.0135698981122639
PF05979.15	0.00781733241419091	0.00199478870606266	-0.0112284449379483
PF00654.23	0.0132909755806626	0.00876512108248038	0.00454081138245565
PF01467.29	0.00210162682387918	-0.00110890504456479	0.0184540623426323
PF01522.24	0.00818090174594373	-0.0025236884979385	0.0180567644301981
PF17767.4	0.00517645220681911	0.00293159458698172	0.0120449745135823
PF04095.19	0.00503004851675051	0.00394475301024233	0.011650029664054
PF17956.4	0.00392461624091325	-0.000279675515722778	0.0119022781236967
PF00583.28	0.0108411371454177	-0.00490024446482435	0.0252340948531422
PF02540.20	0.00382095206791244	0.0104498971581696	0.0204423901320737
PF12704.10	0.012985808003024	0.00599645249247521	0.0261555447628631
PF07685.17	0.011223133681282	0.0214109233066911	0.0076099370831808
PF08353.13	0.000109985219784527	0.0147602011411207	-0.000795427708036536
PF03306.16	-0.00289409542943045	-0.0192213000059815	-0.0073500142391028
PF00009.30	-0.00889745990902759	0.00217727084176934	0.0538364415355031
PF03144.28	-0.0112053673660732	0.000715907178707939	0.053228573670065
PF14492.9	-0.00800629424524083	0.00562431835811679	0.0450578199514119
PF00679.27	-0.00628483564628715	0.00575642970656093	0.0456118137071549
PF06421.15	0.0080007369262698	0.00872323444776491	0.0159617331274567
PF13328.9	0.00447613879730281	0.00896964856887123	0.0219864525387531
PF04607.20	0.000979287025560781	0.00328702761570255	0.0266723225579424
PF02824.24	0.00533138862748076	0.00737339727948771	0.0254700795722882
PF19296.2	0.00206338376016801	0.00409719873440805	0.0200121531394297
PF13291.9	0.00528026359726405	0.00841506991598746	0.0214027061051721
PF13460.9	0.0125645133397722	0.0254170909751137	-0.0177585434014848
PF13520.9	0.00872725127449806	0.00589639336341592	0.00824180300365196
PF04203.16	0.00369419924644155	-0.00911791297676678	0.0260578406148938
PF00580.24	0.00805576465117839	0.00627063244439174	0.0222816958739431
PF13361.9	0.00899080389301931	0.00312395683960032	0.0243547305071521
PF00293.31	0.00775575163516951	-0.00920598728537978	0.0223313241565144
PF03352.16	0.00929980596520611	0.00733348834363144	-0.000148555457092441
PF00890.27	0.00123103128675131	0.0129745511367211	0.0231897405396766
PF06574.15	0.00714478959784776	0.00159502159104944	0.0064933155820221
PF01687.20	0.00612213803712259	0.00231027183835488	0.00702437339333296
PF00056.26	-0.00335301902699728	0.0109343900159014	0.0200261805592908
PF02866.21	-0.00354068538991211	0.0109560827038468	0.0199879931247257
PF13580.9	0.0065320233214607	0.015507749769366	0.00104922798208204
PF00367.23	-0.00847585350469671	-0.00183185964250862	0.0273302979374699
PF00358.23	-0.00119496261710418	0.00541048658598736	0.0188158328462507
PF01418.20	-9.62333892463325e-05	0.00544620132726248	0.0145736742786452
PF00121.21	-0.0130502740606431	0.00207343732203103	0.0312547273863828
PF01507.22	0.016031607658259	0.00147788444310785	0.00974606000314966
PF11922.11	0.0108993590028496	-0.00396098167590659	-0.00347795308523754
PF13238.9	0.0178259345348527	-0.0180655858271354	0.00527791739131652
PF06736.14	-0.00734326659457051	-0.0133926931577639	-0.00687477067699929
PF01183.23	0.0106507564070889	-0.0102066039522573	0.0187178619793867
PF00383.26	0.00534635477392555	0.00669194140577155	0.0125314528066363
PF01643.20	0.00227315640733779	0.00917336391845915	0.00476972059272711
PF13344.9	0.00828676057773104	-0.00252988705357873	0.00200155849389119
PF13242.9	0.00634916201502912	-0.00508503490768306	0.00928882866512986
PF00478.28	-0.000846078321326813	0.0091568609286126	0.0214683838455961
PF00860.23	0.00226288431141314	-0.00517993255222052	0.016794212054784
PF13419.9	-0.00920905810049123	0.0128153979914054	0.0313591289561013
PF00588.22	0.0075818143862466	0.00627643350561933	0.0138127270435135
PF00186.22	0.00182575837510777	0.00249534316905822	0.00363645874920483
PF06689.16	-0.00107807629118461	0.00282650975163721	0.0211054911650112
PF07724.17	0.00154527930003448	0.00874993046693961	0.0323204608595778
PF10431.12	0.00173270865176908	0.00852277962970618	0.0319757709845898
PF02152.21	0.0148677543490612	-0.00714838285869272	-0.0036325011170916
PF01288.23	0.0156626485031324	0.00191305818246584	-0.00416657437988928
PF01227.25	0.0124086541975335	0.00430925707273082	-0.000920094303283294
PF01712.22	0.00601813647073668	0.0133458322823386	-0.0180721003155474
PF03447.19	0.00514128330976939	0.00344369187825316	0.0116265604435427
PF00742.22	0.00517279866382301	0.00345540976767597	0.0115877614578426
PF00288.29	0.0010634695160743	0.0123404153490157	0.0206514177482359
PF08544.16	0.000267126244105669	0.0156237581007471	0.0175999847684355
PF02873.19	0.000230540695951315	0.0138217879230284	0.0112726380773922
PF13416.9	-0.0102591940699786	-0.00107680912943006	0.0455487618369745
PF01553.24	0.00866388027254651	0.00201922846274346	0.00976404625299004
PF01047.25	0.0113654400725158	-0.00305586641026268	0.00663159571694226
PF05958.14	0.0101794893458673	0.0043268614847923	0.0148162675954475
PF01594.19	0.00841625853548705	-0.00728764364386862	0.0159028647279297
PF13424.9	0.00897190210852766	0.00287840941861382	0.0138242818099985
PF02525.20	0.00791401360940557	0.0173621786168689	0.00199843191330192
PF02776.21	0.0073594863220863	0.00107118089156073	0.0216313641910718
PF00205.25	0.00737103508896858	0.000956617123432119	0.0208694347019919
PF02775.24	-0.00732235086501954	-0.00476461849598782	0.0467839941848453
PF08218.14	0.00746128214646927	0.00294826348716035	-0.0153861376547547
PF07517.17	0.00334791910538634	0.00954824636397492	0.0247053341489728
PF01043.23	0.0034633182525053	0.00913828108308552	0.02461628325284
PF07516.16	0.00320679219633477	0.00974923874064071	0.0246828650963302
PF02810.18	0.00345861555647142	0.00587214644655304	0.0268856202956789
PF04223.15	0.0106213542434373	0.00829328960856092	-0.0144916144232228
PF03802.17	-0.00609000117520061	-0.0044495083460897	-0.0148148187638696
PF00589.25	0.0101912167422236	0.00238920209291305	0.0395933165089572
PF00793.23	0.00895970983169142	6.23121041112009e-05	0.0113458441782382
PF07523.15	0.0180036501500174	-0.00482832381621092	0.00594272885583576
PF00381.22	-0.012793934822012	-0.00791779535823815	0.0289052775039231
PF08206.14	0.00301448177219472	0.00252495545535716	0.0128529615081985
PF17876.4	0.00444120724338134	0.00491299999248742	0.0154401744844472
PF00773.22	0.00460127328330403	0.00491200325306134	0.0155052130475159
PF01634.21	0.0104820446221583	0.00244468507296696	0.00289713991984164
PF00815.23	0.00533378344876928	-0.00201954530667457	0.0084209445652568
PF00475.21	0.005978595886224	0.00315286339904159	0.00189368892791375
PF01636.26	-0.00199647876297396	0.00498608973937256	0.0208288119543664
PF05524.16	-0.011899624344485	0.0108419004585236	0.0254767412610435
PF00391.26	-0.0107014820249673	-0.00270605813018047	0.0473406310050183
PF02896.21	-0.0110001584212787	-0.00276601628168585	0.0472733634977557
PF01502.21	0.00263493876954469	-0.00426190591271489	0.00767960852597382
PF01503.20	0.00205559489125338	-0.00272554197473679	0.00710741403416984
PF02811.22	0.00676952484929039	0.00477990508855402	0.0266006575952621
PF17773.4	-0.0125551556841993	0.000726674609290394	-0.0131164186462447
PF00581.23	0.00723771629130944	0.0112197214603873	0.00493763632042083
PF12368.11	-0.0124824556720042	-0.0107220506943551	-0.00811026188197847
PF00682.22	-0.00649718106605118	0.00308382004841726	0.0353424371149474
PF00180.23	0.00213714271499218	-0.00186190995632624	0.0187604639374142
PF00330.23	0.00141116636268614	0.000439298756952345	0.0222386697566802
PF00694.22	0.00112486006308249	-0.00115530125501452	0.0189291330760848
PF01195.22	0.0137253047103065	0.00680817108563268	-0.00318855295891039
PF00920.24	0.000947609985836451	0.00266679458393919	0.0204857598712206
PF01842.28	0.00430757537164651	0.00824188860588389	0.0157939141165696
PF10369.12	0.00401755822497115	-0.00333774210606741	0.0120999609705517
PF07991.15	-0.00497754653729124	-0.00723100314830218	0.0279323434576675
PF01450.22	-0.00497528519964008	-0.00735076911160366	0.0279908492207746
PF00291.28	0.00422490853791888	-0.00038440229788916	0.0246867787125839
PF00585.21	-0.00440754486537449	0.005120037262391	-0.0111677553192973
PF02575.19	0.000472442456428416	0.00239838271732555	0.00516386461873204
PF13495.9	0.00991462283465399	-0.00451765114956463	0.0102882844003604
PF02129.21	0.0130516747896117	0.00109926503445939	0.0054111143171445
PF08530.13	0.00338804621093456	0.0116191980641498	0.000294988945136252
PF05222.18	-0.00236658213987771	0.00986616422416404	0.00977556816332382
PF01262.24	-0.00233494737421996	0.0101419487900189	0.00980580987908291
PF03780.16	-0.00711765395346867	0.00214293090608421	0.0170356345897232
PF10031.12	0.0118920542842476	-0.0156854958193339	-0.00810362792433304
PF04226.16	-0.00779763124857452	0.0366796878578267	-0.00916747390742211
PF12146.11	0.00408890538918895	-0.00581693013330284	0.0198186362024363
PF16901.8	-0.00262769180428394	0.00943281847163823	-0.0176031060570937
PF01070.21	0.0050246971629642	0.0161146633886268	0.00264393958500606
PF00893.22	-0.000127968351468465	0.0155030310426052	-0.016188777574289
PF02219.20	-0.00139641593378425	0.00578344485964437	0.0142621485713454
PF08267.15	0.00474394665666832	-0.0211675751895958	-0.0133974812876183
PF01717.21	0.00711867704980222	-0.00266329082441591	-0.0154104097279615
PF00690.29	0.00297783350370713	0.00514175811436142	0.0199145481042788
PF04914.15	0.00558048011823817	0.00558946781665397	-0.0178319984008981
PF03062.22	0.0145427193387626	-0.0141319861760809	0.0174123257129005
PF08543.15	0.0150482344900499	-0.000775080202035712	0.00794903592039416
PF02110.18	0.0238772656865883	0.00885866134614448	-0.0113408416932614
PF13641.9	0.0219218329218017	-0.00602890482816383	-0.000593140530221133
PF02350.22	0.0142869149328619	0.00284997142126378	0.00545808562443066
PF16320.8	-0.00918321459598956	0.0020758533989332	0.0298614718638308
PF00542.22	-0.00916213150201592	0.00207752602973239	0.0299071218652066
PF00466.23	-0.00983479745038395	-0.00495127035917582	0.026089090008977
PF00717.26	0.00328202322340256	-0.00674971091115569	0.0118638855410374
PF00764.22	0.00547520738505229	-0.0062156635887378	0.0185177122004854
PF00664.26	0.0139780248200558	-0.00827806442161185	0.0304815371964337
PF12822.10	-0.00372941187443269	0.00364530752963341	0.0133261577818784
PF04079.19	0.00804949194414091	0.00654676707681318	-0.00113452811668871
PF02616.17	0.00806490326190002	-0.000709314229705459	0.00273546014487311
PF00571.31	0.000742392273470359	0.00683335820765275	0.0340460851745015
PF12850.10	0.00662383695305101	0.000944780939207505	0.0110109440221844
PF01725.19	0.00533825280514549	0.00811599937872059	0.00669078310939045
PF00206.23	0.00158479076770131	0.00611712715278015	0.0223405987882299
PF14698.9	0.00371581482828358	-0.00565251664180863	0.0127010996459853
PF01177.25	0.00610216339913723	0.00471557947710965	0.00717273301706555
PF03672.16	0.00711190999148033	0.000134916284207359	-0.0140218317620355
PF14691.9	-0.00011468633506028	0.0067355554461858	0.0265942374771927
PF07992.17	-0.00633410635536482	0.0141738477584517	0.0356912115436155
PF01063.22	0.00134957807392505	-0.00358109033404555	0.0178876945289478
PF00282.22	0.0158573523390717	-0.00288079193312963	-0.00675606800337963
PF01351.21	0.0117494115188872	0.00609768742577264	0.000637963299549164
PF13508.10	0.0109858522544067	-0.0121813611367929	0.00701125598542353
PF01321.21	-0.00154324699636997	0.0104666210495516	0.0185956858488316
PF00557.27	-0.000302020745199034	0.0115655617991332	0.0255116290957601
PF06458.15	0.01209635755907	0.00891377319079318	-0.0145893161854937
PF00746.24	0.0042520911060206	0.0190461212705753	0.0224546497405899
PF00440.26	0.00900796964138522	-0.00297827638295035	0.0261815020104661
PF13305.9	0.0169882331899748	-0.0105361923364804	-0.00664435604142767
PF13936.9	0.0222400906752991	-0.00672779922090623	0.0047206132747344
PF12802.10	0.0136477490194801	-0.00413430659570662	0.00608747788927755
PF00825.21	-0.00214967428041608	-0.00439799314734732	0.00580180552300727
PF04715.16	0.0218672932848969	-0.00742823917925316	-0.0122341798877439
PF00425.21	0.0139647888635842	0.0143601244891658	-0.00374695947969971
PF01297.20	0.0107374023300897	0.00564553711769411	-0.00455786700967045
PF13476.9	0.00569641960612733	0.00777371264162901	0.016106491616835
PF13558.9	0.00815149751560857	0.0131394181242727	0.0155755596370948
PF02096.23	0.00121584331221281	0.00304931560942569	0.0169025773102481
PF20609.1	-0.0133894384879891	-0.00476624819014098	-0.00378453992992316
PF17936.4	0.0135070212863876	0.0242205130429054	-0.00805073197356351
PF05833.14	0.00606292927680964	0.00127873126163717	0.00848025213001281
PF05670.16	0.00613771431095918	0.00126467965357298	0.00849918879032356
PF02653.19	-0.00291073317755484	-0.00938515237939913	0.032864808644051
PF14804.9	-0.00314682560937081	0.00386747435274931	0.0120985854340059
PF13083.9	-0.00501167733750561	-0.00262011128406019	0.0194527972861377
PF01424.25	-0.00288585361889469	0.00401598306698575	0.0121297740588339
PF00224.24	-0.00378055236554986	0.0109804061868134	0.019512649957473
PF02887.19	-0.00362673098458493	0.00914973554469506	0.019103205791698
PF00365.23	-0.00525192530204787	0.000743625110770574	0.0335304365917071
PF05816.14	-0.00254979111744498	0.00792209061551216	0.0168535134924935
PF10112.12	0.00248063279217859	7.44978552554242e-05	0.0101193700338033
PF01210.26	0.00371276818046378	0.00756823847110659	0.00984041995209956
PF07479.17	0.00351237873670875	0.00748062220519692	0.00984809568026788
PF20618.1	0.00252023926676498	0.00728485453729843	0.0094872201104924
PF00483.26	-0.0131389013849066	0.00198350342938814	0.0420107623867727
PF07009.14	0.00453689181275006	-0.00358177314090431	-0.00417264575160031
PF00468.20	-0.00547850881031092	-0.00513129570744153	0.00964813984363996
PF07456.14	0.00994189633442738	-0.00297670569639887	-0.00460819341052964
PF02527.18	0.0124325890596355	0.00272552709059188	-0.0013303737577
PF00215.27	0.00281878150726074	0.00781844624675706	0.0105512324504255
PF01180.24	0.0113144600223987	0.00783157725649214	0.0108443051022336
PF00175.24	-0.00304813938834119	0.010151763065113	0.0223837390410871
PF10418.12	-0.00622936277684642	0.0070634258377967	0.0245171863281635
PF13421.9	0.00307185112098166	-0.00298946929784113	0.00892526439568826
PF00248.24	0.0104942249749079	-0.00380417231402884	0.0237708079600843
PF04536.17	0.00386634679648457	0.00349788552272167	0.00821615594845241
PF13731.9	-0.00165654733430471	-0.00417623909547351	-0.00590878941573887
PF06030.15	-0.0140908027904722	-0.0138724450085137	-0.00325629141190475
PF11797.11	-0.00316991103159265	-0.0122148945508505	-0.00280398848154227
PF02786.20	0.00751322134469258	-0.00168757609559337	0.0299564761806852
PF02787.22	0.00786511074459922	-0.00216419479967183	0.02376969092386
PF02142.25	0.00581062919595599	0.000766216527692412	0.0262338381059845
PF00255.22	-0.0172548186161001	-0.00333559085068663	-0.0105628493574056
PF01832.23	0.0148553703697908	0.00429699841311262	0.016401121676424
PF00689.24	0.00297306174225268	0.00505236718181291	0.0199235764648003
PF02677.17	0.00838739624376601	-0.00168915163695397	-0.00158866085388939
PF05857.14	0.0202168710404753	-0.00460534792385624	0.00312229856005049
PF00582.29	0.00353059321540761	0.0141521268643532	0.00743453997669566
PF18885.3	-0.0121070518391295	-0.00236554383643958	-0.00225735593068852
PF10145.12	0.0327425328943081	-0.0125487649257588	0.0152350629563433
PF05263.14	0.00275089291353789	-0.0118601270379617	-0.000593598767259819
PF00436.28	-0.00170485875142475	-0.000900977599084302	0.021895353959456
PF04098.18	-0.00448840092798735	-0.00597792708297847	-0.00410783228142212
PF08346.15	-0.00746131213161101	0.0138871032941189	-0.0114550092338247
PF13518.9	0.0162123673929284	0.0114016373153463	0.00676325981908171
PF14657.9	0.0270201193408197	-0.0057100607707705	0.0155956322735372
PF14659.9	0.0228524080761321	-0.00614503883506712	0.0244804819054552
PF04297.17	0.00660213773140497	-0.00458850797997959	0.00319953607786224
PF00392.24	0.00279501100320988	0.00571881690603818	0.024816661205078
PF07702.16	-0.00684530051537265	0.0160587551671203	0.00882315336821484
PF02608.17	-0.00451993893978943	-0.0128725583940869	0.0259624865145413
PF01791.12	0.000719287472572197	0.014577787383814	0.0118059120762082
PF02885.20	0.00182103287850839	0.0115487537318199	0.00598572333650323
PF00591.24	0.00209658851625531	0.0116040857440511	0.0060176450117995
PF07831.16	-0.0012622486231238	0.012707004924189	0.00472512240865413
PF05175.17	0.00578758575113693	0.00801548498574198	0.0108173287351783
PF00485.21	0.00608274798601658	0.00217059012767284	0.017064145625054
PF06146.15	-0.00322150002147779	0.000659053177483615	-0.00851053169880995
PF01545.24	0.0201348795055409	-0.00411604611893381	0.00666873244691272
PF11240.11	0.0110530495296366	-0.0306581501671035	-0.00595606303108065
PF04069.15	0.000133971466808418	0.0116311367602202	-0.00208613155046951
PF02080.24	0.00676291155940389	0.00877635867163851	0.0212175484781567
PF00534.23	0.000361867630726392	0.00169997329576266	0.032450081209583
PF03123.18	-0.00125530928691769	-0.00868166697950437	0.0028907198792791
PF00874.23	-0.00617666993618136	0.00379282316541348	0.0163007677246622
PF00290.23	0.0189963481769792	-0.0188818153123132	-0.00816943532623625
PF13302.10	0.0115587528095072	-0.00561428873918523	0.02146209317163
PF06135.15	-0.00744093054654114	0.00269469854910209	0.0072450337092568
PF00881.27	0.00942875394065876	0.00480041015426519	0.0189548340040832
PF01475.22	-0.00798357784934588	0.00222310755170888	0.0130985152532308
PF03652.18	0.003453067797511	0.0131729994806731	0.00763372495843707
PF13411.9	0.00736437347893126	-0.000788318900710919	0.0242344304353717
PF00106.28	0.0125591048656158	-0.000487548612791452	0.0152837512377206
PF13292.9	0.00426331526468358	0.00792478309930951	0.0139115524352843
PF02779.27	-0.000437278235564519	0.00205603760769444	0.0266557220474335
PF02780.23	-0.000717882753242407	0.00193395884358344	0.0265775380923972
PF01554.21	0.0165601395799622	-0.00767824029466616	0.0353084887595183
PF13347.9	0.00967454927387765	-0.0104372055482346	0.017311506501653
PF00958.25	0.00319235387369495	0.00606848224370893	0.0196809245937711
PF00480.23	0.000896460544432433	0.0128216821336248	0.0216455022272827
PF06949.14	-0.00581461774163911	0.00188045192545677	0.0106803660439056
PF04854.17	0.00268563944109162	-0.0208962656483036	0.0137087803844099
PF00728.25	-0.00972515263410414	0.0234976904961956	0.0225442815808603
PF17678.4	0.0135268429245076	0.0392677827563322	-0.0036107412690962
PF07971.15	0.0139791583607998	0.0395863399273487	-0.00354976275790578
PF09364.13	-0.0124026611442439	0.0236437731022236	-0.000846418618344161
PF03894.18	-0.0124576498465996	0.0240055325127868	-0.00093017051264063
PF09363.13	-0.0125667477642227	0.024038466618497	-0.000986006108157759
PF04616.17	0.0121615278374823	-0.0159463085790653	0.0213085870011796
PF17851.4	0.0150106573847862	-0.0180831268921161	0.0116122691426247
PF01261.27	0.00513290974789845	-0.00114135740259617	0.0245020692556493
PF07883.14	0.0101630331506101	-0.00279650071918828	0.0152279877571915
PF12833.10	0.0114927974454349	-0.00982804832789081	0.032775707392338
PF02222.25	0.0137987122033141	0.0259975680401846	-0.00509362587183835
PF17769.4	0.00226557669078697	0.00368615402077566	-0.0148137379267793
PF00731.23	0.00338640895722819	0.00341280762730127	0.00888205477499277
PF02844.18	-0.00163142358268865	0.00842354104142274	0.0175787875756338
PF01071.22	-0.00161838397112923	0.00842624678339799	0.0175797811266252
PF02843.19	-0.00161975799291875	0.00836731560807611	0.0175329414699611
PF02909.20	-0.00363464372254532	0.00865721902993737	-0.0157370859934732
PF01808.21	0.00118792499793659	0.0106998300007622	0.0154107289339946
PF01370.24	0.00608592946890651	-1.73122103527977e-05	0.0185510700972199
PF00551.22	0.000887363421272236	0.00862185503995818	0.017407380738555
PF00586.27	0.00209430790835356	0.0112762145918562	0.0177774863884486
PF02769.25	0.000845363701423108	0.010728356601133	0.0286868757416303
PF02861.23	0.00738071978353449	0.00685033278659005	0.0285884329694238
PF17871.4	0.00358780176182631	0.0111513636900606	0.0278274885822392
PF18072.4	0.000169530887764761	0.0104905868646569	0.0252450485338815
PF13507.9	0.000109896434854401	0.00959530882542878	0.0254925258146411
PF02700.17	-0.0177966619102789	-0.0074348348414466	-0.00860515325403799
PF01259.21	0.00256616894767105	0.00713236316705472	0.0134401832396959
PF02627.23	0.0115737275549332	0.00983596401552141	-0.00198618227502634
PF10012.12	0.00635244753682258	-0.00989190173933807	-0.00572345754912612
PF17935.4	-0.00465208386206713	-0.00285172137784198	-0.000189056899571289
PF00303.22	0.000727177451765775	0.0104382857897018	0.00802693894733269
PF02806.21	-0.00351627200043864	0.00588155779082548	0.0285828136232726
PF08951.13	-0.00476368138016933	-0.00627801977910935	-0.00185374925573091
PF06541.14	0.00589203440846252	-0.0157715021357791	0.0152331943384108
PF01625.24	0.0131703604986194	0.0263557186826	-0.0186312691534195
PF01408.25	-0.00229414096188368	0.00854420038912111	0.0256897709414111
PF02894.20	-0.00223613602929307	0.00414250506699802	0.0238348615326115
PF02922.21	-0.00168496474352909	0.00429929442979766	0.0311152433956727
PF03577.18	0.00620080751196942	0.0127301141526523	0.0068717551181699
PF01743.23	0.00803866171629576	0.0107128397311634	0.00809216320992421
PF12627.10	0.00747666347272297	0.0110140048281994	0.00786002637498327
PF13735.9	0.00497068204691904	-0.000663628383002944	0.00697670893623999
PF01113.23	1.7161043645668e-05	0.00848879189753649	0.00885773503084013
PF05173.17	-0.000251516148284371	0.0083177973025405	0.00875410703718463
PF02645.19	-0.00477685066447397	-0.00151794100455273	0.0254361719673467
PF06619.14	0.00546986955760089	-0.0187982867635393	-0.00390016493538262
PF01746.24	0.0107620772558898	-0.00473592719958893	0.00765424417808979
PF01782.21	0.00713698197478578	0.00153514580036529	0.00143277367881321
PF05239.19	0.00666353844084051	-0.0104183079377608	0.00370387452451946
PF00762.22	0.00831048035943315	-0.00728560682625211	-0.0145309823569551
PF00886.22	-0.00342568346249602	0.00590597521083419	0.0227793614698484
PF00368.21	-0.0106031435468841	-0.0253590133889856	-0.00798295237894343
PF00108.26	-0.0119799260953955	0.00219667419006504	0.0359842357920146
PF02803.21	-0.0122240444912846	0.00292669380857905	0.036082812703252
PF01154.20	-0.00232355241949239	-0.0103082718667591	-0.00770516308720965
PF08540.13	-0.00525013774749615	-0.00816342913803712	-0.00701423704758872
PF17961.4	0.000548135360336333	-0.00796894435359759	-0.0139528891848892
PF05737.15	-0.0083140646895725	-0.00781739584231905	-0.00244789893879333
PF17802.4	0.0317679438886394	-0.01177005268441	0.0412816213086194
PF01182.23	-0.012552744823853	0.0170316156459713	0.0208379892790772
PF03959.16	-0.0164581687678964	0.00452021743398697	-0.00522809349236031
PF02547.18	0.0100204216779129	0.00875601511287855	0.00976253201338479
PF01702.21	0.00648399324555957	0.00238646963420185	0.00950182558511157
PF01018.25	0.00690256211634096	0.00354008453286238	0.0125681677939328
PF09269.14	0.0041879848689183	0.00122579156620805	0.0116090143161904
PF08478.13	0.00835793586438868	-0.00113640879046733	-0.00272495795572886
PF03799.18	0.00719137403278133	0.0104582387013659	-0.00194866593284601
PF00543.25	0.0216858508974273	-0.0486936985660977	0.0113873654905722
PF00909.24	0.0288973109096737	-0.0490000734854198	0.00817954003060652
PF06161.14	-0.000638235292736767	-0.0150798670029133	0.00707849549745515
PF18719.4	-0.00752042379234778	0.00481761559556128	-0.0171381322410497
PF02620.20	-0.0123274294620867	-0.00334751202388398	0.0236188470563003
PF01197.21	-0.0063161897980389	-0.0137352390005898	0.0224612885086368
PF03013.17	-0.0125940256274171	-0.0140282400659997	-0.000684441631050092
PF00988.25	0.0131817389239213	5.38784404795947e-06	0.00595301605016212
PF02729.24	0.00428160601156308	0.00846684441861823	0.0194511781397328
PF00185.27	0.00428740129336213	0.00844746477396888	0.0194542403540053
PF01022.23	0.0106226010662791	-0.00389017674704791	0.00631702905246911
PF00696.31	0.00149244661984987	0.00743083076088515	0.0258575965726126
PF04282.16	-0.00650889650972957	-0.0288772823384623	-0.0109545335758363
PF01814.26	0.00137984578470575	-0.00342203923861263	0.019303059346588
PF13596.9	0.00515038673937381	0.01050483918705	-0.0160847706653304
PF08984.14	-0.0020440382127721	-0.0127651896358856	0.00725906933011579
PF04977.18	-0.00311991052664026	0.00150768508281481	0.00216958150016805
PF13380.9	0.000245600409108075	-0.016059403544293	-0.0108655674417509
PF02881.22	0.00416434978445304	0.00927060304812384	0.0191615760679693
PF00448.25	0.00360738165439609	0.0061547797161258	0.0215036586122075
PF02978.22	0.00348868663340895	0.00698106116709195	0.016677201813313
PF13306.9	-0.00452933113168517	-0.0125432430211349	0.0477761252199044
PF00753.30	0.00180503579498286	0.00394922336784567	0.0323404583498596
PF07521.15	-0.00187732007622486	0.005451205755474	0.0250914631190915
PF17770.4	0.000275680845724227	0.00739441851611188	0.0195181229267194
PF02308.19	0.0113418730036198	0.00435716754999715	-0.000825956936635308
PF00701.25	-0.00497319504600766	0.00910424591136827	0.0200832501714545
PF01118.27	0.00533415692412826	0.00500858070591781	0.017157838141363
PF02774.21	0.00395486559286605	0.00255238702835494	0.0162921281080513
PF13930.9	0.00457901244574939	0.00249830799923991	-0.00416847215270361
PF00230.23	-0.00665482386004042	0.00463758019595735	0.00979020777678058
PF00456.24	8.67951073438986e-05	0.00252157173972879	0.0219797593161955
PF01081.22	0.00443768417685482	-0.0164864210636341	0.0135298424792652
PF02614.17	0.00617013290535952	-0.0106253225533026	0.013404322555066
PF01263.23	0.00181510077362724	0.00267585185433188	0.0180460324664348
PF03786.16	0.000712925880179942	-0.00498424141440855	0.0126155781477436
PF01232.26	0.00806662365220406	-0.0182677329317679	0.0162402462225136
PF08125.16	0.00797328955369207	-0.0182338135067117	0.0162917243164372
PF07729.15	0.00203479547213041	0.0102420110881737	0.0134915980985966
PF13407.9	-0.0171065118499804	0.00576728833233128	0.0447748250587412
PF05025.16	-0.0189372097547907	0.0115555466444631	0.00253623312114486
PF10397.12	0.000248875580592325	0.00275229035584238	0.017135790459982
PF01487.18	0.00304424321991267	0.00968841230658994	-0.0070206093016357
PF11184.11	0.00491875633724	-0.00678802219797148	-0.00694620846744697
PF00488.24	0.00909534747028613	0.00374067570536977	0.0216218671626196
PF20297.1	0.00630359063451035	0.00901988856856812	0.0143340275054882
PF01713.24	0.00679770571598206	0.0128024469977883	0.0142866793408637
PF02674.19	0.00491938112911118	0.00950431535725234	-0.000931724480160509
PF18041.4	-0.00400124688611446	-0.0082667765837318	-0.00525933121801404
PF18708.4	-0.00400124688611446	-0.0082667765837318	-0.00525933121801404
PF02926.20	0.00325978743812667	0.00631097936169876	0.0158447304836735
PF01170.21	0.00357533721479762	0.00933230374781926	0.0116879181628699
PF05103.16	0.00238616697689665	0.0152253838850738	-0.00340200642538996
PF06144.16	0.00444497404014551	0.00984140535578431	0.00708505410413672
PF17854.4	0.0081982144195047	0.00168658723335178	0.0165298823940844
PF01580.21	0.0125791771759133	-0.000424380101147242	0.0211432804387305
PF09397.13	0.00796983284442099	0.00257244298635387	0.0161228757236454
PF01515.22	-0.00388703928802918	0.000873533400780913	0.0245797948613423
PF08230.14	0.0167147154006905	0.0146312429561907	-0.00654985417568422
PF01040.21	0.0210043269475945	0.0076874305229609	-0.00975819723302739
PF01209.21	0.0139757097713399	0.0310437320434536	-0.0136037199732086
PF01061.27	0.0149637460550326	-0.00411859025093159	0.0112600459649514
PF06018.17	-0.0126078263861967	-9.98649362567548e-05	0.0194508190432503
PF08222.14	-0.0126078263861967	-9.98649362567548e-05	0.0194508190432503
PF01809.21	-0.00125603444659081	-0.0098522125232686	-0.00704896182012131
PF03636.18	-0.0119518034120279	0.0490922189457414	-0.000431464420497835
PF03632.18	-0.0115923320759944	0.0491596381435866	-0.000490721931301711
PF03633.18	-0.0119982166294786	0.0488246960816967	-0.000510132973438502
PF12464.11	0.00863740168562357	0.00347843285882409	0.00417445864364513
PF02686.18	0.012637314012782	0.00776184721795081	-0.0099033083604276
PF02903.17	0.00401984114486036	-0.00181523560969993	0.0127828893874463
PF07274.15	0.00149620412475364	-0.0184271837385033	-0.00553954554046443
PF01425.24	0.0122851995062655	0.00134181194884813	0.00623505314817495
PF03816.17	0.000878025475533372	-0.000990949643459536	0.0187226395813737
PF02224.21	0.00719171337265615	0.013228113602907	0.00305140649201445
PF01476.23	0.00922991669186871	0.00207019317804359	0.0263508467423599
PF03610.19	-0.0140923073383496	0.0134641019546525	0.0159673929145712
PF03830.18	-0.0258864209857947	0.0217902872278199	0.0242620446784298
PF03609.17	-0.0268450492743721	0.0183028528350552	0.0278215525943041
PF03613.17	-0.0275359573119985	0.011826883319256	0.0255683207143359
PF06115.14	-0.00132586549165535	0.00378510673733457	-0.0110373280955403
PF02588.18	0.00504439164704786	-0.00115220345220744	0.0137423967563043
PF02934.18	0.0133224755420951	0.0031149233073404	0.00782843818954896
PF02637.21	0.0133192496022017	0.00311377345790678	0.00782245396076625
PF02403.25	0.00417362631931558	0.00421384803600202	0.0192851186900034
PF02016.18	0.0199847834104136	8.20271892672843e-05	0.00100003469941472
PF17676.4	0.0199757462743588	3.70182876439274e-05	0.00101303810490054
PF00300.25	0.00603567323138382	0.00607346607129528	0.0144054476401865
PF01895.22	0.0090350436964351	0.00231032051469496	0.0245770891899364
PF12849.10	0.0226917429235233	0.0154538422140702	0.00453867999297164
PF01668.21	0.0056296911791903	0.00504847670900414	0.00323702751877797
PF01411.22	0.00255449588362129	0.00656729952702421	0.0236643390702651
PF07973.17	0.00495759375274283	0.00535375635852645	0.0280133903788846
PF02272.22	0.00339372739034411	0.0052995821204904	0.0286944420724042
PF01596.20	0.00404659881721369	0.00958239483546598	0.00232581016355224
PF08439.13	0.00640602728570013	-0.00881385496058181	0.00832995976863315
PF01432.23	0.00569165835198738	0.0050481562860436	0.0165449355593051
PF06054.14	0.00623197834584735	0.00325173339588785	-0.00783982179740163
PF02754.19	-0.00164502653489926	0.0098910530852711	0.0152835902307327
PF02589.18	-0.000704139140053132	0.00203040186370177	0.00225913596462465
PF13183.9	-0.00449282994255313	0.0113931772156559	0.016169028824234
PF01027.23	-0.00402804384142243	0.00759036196289637	0.00429033223522962
PF00781.27	0.00475776965634443	0.000270483624651285	0.00929425931506329
PF19279.2	0.00532526709305103	0.00276492749474194	0.00564357838475471
PF01649.21	-0.00631842859459773	-0.0127761436262975	0.0182200742991286
PF14490.9	0.0055085460929884	0.00439780528649237	0.0149171655973926
PF13604.9	0.00652640679298355	0.00539753671033319	0.0160680403809963
PF18335.4	0.00463558961467899	0.00539064842185375	0.0144823396364326
PF13538.9	0.00831394766316134	0.00381919816771614	0.0177699898522212
PF00800.21	0.00748066628467218	-0.00113981216913102	0.00793925421453848
PF01202.25	0.00211868767691361	0.0102789008998035	0.00562551807593236
PF00275.23	0.00419424687635622	0.00356162248319252	0.0198727630134649
PF02153.20	0.0112154254765544	-0.00511284725643975	0.0029357467918656
PF20463.1	0.0105346357625474	-0.00781437025082635	0.00271274590907619
PF04892.15	0.0107137609602917	-0.00378393234271708	0.00999008425042065
PF00313.25	-0.017220745461848	-0.00600904733519325	0.0324616112411923
PF06335.15	-0.00247547114705592	-0.0101837415142976	-0.00466267506154269
PF04657.16	0.021410838711771	0.0160024293875757	-0.0122692993351096
PF01761.23	0.00763987548780813	-0.0013608379839321	0.00904797047905681
PF08501.14	0.00664168079641421	0.00178900338609399	0.00511694330400596
PF18317.4	0.0058945075017746	-0.00816148087415693	0.00392078597774713
PF09335.14	0.0146348379659099	0.000117675107268127	-0.00267521427806565
PF00497.23	0.00977361514709715	-0.00485743457374186	0.0214341351797537
PF01812.23	0.00601182629059536	0.00184002238966125	0.00212002463822863
PF18483.4	-0.00691666135907744	-0.0219884246825879	-0.0109814410549613
PF02823.19	-0.00517836890409868	0.0020234977160814	0.0141317198577862
PF00401.23	-0.00543490347100041	0.000718967418779321	0.0136539512791913
PF02874.26	-0.00925861927270187	0.00446406402381854	0.0428565409279463
PF00006.28	-0.00852377114595653	0.00471825537950416	0.0433635713831309
PF00231.22	-0.00898945205133744	0.00444184608001733	0.0253924116189727
PF00306.30	-0.010967664583722	0.00625244227176418	0.0327468736501659
PF00213.21	-0.00646467939423982	-0.00141528706661121	0.0222537759137286
PF00430.21	-0.0056692256130155	0.00477301234260437	0.0218611932543223
PF00119.23	-0.0061121004431291	-0.00391180035286658	0.0212696332620095
PF01694.25	0.0083419557140264	0.000346009687964579	0.00484489677953953
PF00137.24	-0.0101783574817681	-0.0068380292307167	0.0251377420828226
PF00756.23	0.0144954488937854	-0.00709884022637887	0.0135047992246916
PF10531.12	-0.00305394213011789	0.0118561162681399	0.0283696351593858
PF12836.10	0.00737366365372382	0.00746088307269152	0.0165081211044518
PF13732.9	0.00910395365448386	0.0186892886818155	0.005970018842888
PF13420.10	0.0105363814403608	0.0225528298343234	-0.0115455843481195
PF03600.19	0.0117986840402456	-0.00037628314179489	0.00416270291936115
PF11687.11	0.00164965300710367	-0.00485042938188042	-0.0119855906409275
PF08279.15	0.00696072469878988	-0.000864277934046697	0.022647060708806
PF03099.22	0.00588361804495798	0.000259660483158962	0.00903124113589466
PF02237.20	0.0024928162170928	-0.00193589872480301	0.00573565598867058
PF02632.17	0.00191503303541033	-0.00585343413909876	0.00193286789242477
PF19295.2	0.00814561552652902	0.0197327161788337	0.00568303356879035
PF01458.20	0.00574780396102231	0.011143998996082	0.0132183490320822
PF01592.19	0.00505100083815653	-0.0176350013495269	0.0143267428589669
PF13527.10	0.00655335700188609	0.00386748444742027	0.00895049167941859
PF17668.4	0.0139801765154168	0.0131471825105502	-0.00906767146773082
PF00953.24	0.00853965255104956	0.000966905627419869	0.0118146323925528
PF05389.15	-0.00691548373043609	-0.00712352355924438	0.0179319598797127
PF04997.15	-0.00272071006665122	0.00824442706142993	0.0346712127879503
PF00623.23	-0.00150100959087993	0.00787420253365066	0.03871863055097
PF04983.21	-0.00273886230033088	0.00823714003728962	0.0346959287224936
PF05000.20	-0.00270299950527789	0.00824641779088106	0.034694091484841
PF04998.20	-0.00279549994134191	0.00847071473669229	0.0348420909260588
PF19200.3	-0.00713849305082832	0.0180344222492537	-0.00790382606087254
PF05913.14	-0.00679074026452627	0.0175080266665327	-0.00809779732259398
PF04563.18	-0.00247407026509201	0.00699084309621819	0.0340844602894326
PF04561.17	-0.00235864193810676	0.00615790404432536	0.0390397084897717
PF04565.19	-0.00247219864849944	0.00697677138573274	0.0340570493999406
PF10385.12	-0.00248490904953877	0.00696215209167056	0.0340618805189374
PF00562.31	-0.00259178115201772	0.00713221713708023	0.0342147021495024
PF04560.23	-0.00245479810926289	0.00702586560308598	0.0341073801178856
PF05649.16	0.00749964684648158	0.0171082372777112	0.00886863468583213
PF01431.24	0.0074984226686524	0.017104853953155	0.00886817878840503
PF01943.20	0.011444893017586	-0.00788205396388151	0.0158023203126818
PF14667.9	0.0124472023959761	-0.00938456696072337	0.0153975350618985
PF16124.8	0.0101533885277296	0.0193091075390217	0.0120836797245154
PF09382.13	0.00852719087815267	0.0192006069184082	0.0110503110866553
PF00570.26	0.00923576297082738	0.018901581118342	0.0111835406536946
PF13457.9	-0.000135183839460178	-0.00807626995081212	-0.00377882574700481
PF13354.9	0.0243259099628802	0.00096241360849362	-0.0126105883987469
PF08820.13	0.00439735398361244	-0.00874352657673538	-0.00150149683932945
PF13353.9	-0.00361616898001893	0.00447665319579434	0.0269259716958072
PF04055.24	0.00366736576750971	0.00309678146700192	0.0358313207966602
PF01595.23	0.00409292565809483	0.00442703621950026	0.0188853137610016
PF03471.20	0.00379519139361237	0.00516146231267478	0.0192639260297007
PF17760.4	0.0107978438395022	0.0057700372080143	0.0179765405825212
PF17755.4	0.0111612629728346	0.00468563580934291	0.0184021523268824
PF01541.27	0.0138359074197516	0.00883199676672682	0.00993804046196592
PF00324.24	0.00736212632049273	0.0273045184359123	-0.0129343781739474
PF04263.19	0.0104931363655447	0.00538973406369265	0.000807728430880118
PF04265.17	0.010629395600664	0.00734297354056757	0.00030696481759275
PF01336.28	0.00458277012006195	0.00219597773817549	0.030379230801192
PF00152.23	0.0043041039844742	0.0025627789960859	0.0294209160252985
PF17881.4	0.00139619693737914	-0.0187803390281769	-0.00485425285317776
PF13307.9	0.0106313822283594	-0.00314499714289803	0.0114683869373052
PF00496.25	-0.00689226265662484	-0.00402897960855519	0.0357208424082903
PF19300.2	0.00344966433769306	-0.00273370448284017	0.0161271617069634
PF08352.15	-0.000574884621721665	0.00667041266968203	0.0274463145488949
PF00453.21	-0.000258781713782151	0.000464000250339875	0.0184383135898712
PF01632.22	-0.00373449105115374	0.00237310995046004	0.0149706759739138
PF05198.19	0.00150700872231339	0.00809580991944349	0.0149781458382447
PF00707.25	0.00156148972856839	0.00816964461612877	0.0149741743652956
PF13932.9	0.0116287727307144	0.00950984722712996	0.0103891734095275
PF06279.14	-0.00056235844747402	-0.0249829578585122	-0.00226054680588872
PF01406.22	0.00538223128949357	0.0123376571544346	0.0145840647011384
PF09190.14	0.00417682638232908	0.0140190463960427	0.0128519521227754
PF13793.9	-0.000451056706471282	0.00281684745967869	0.0191295650533348
PF14572.9	0.00102751035136521	0.00934044283808405	0.0143019701397538
PF08866.13	-0.000529207993787939	-0.023251094930717	-0.00443403443952452
PF03143.20	-0.013553713955965	-0.000659216855409011	0.049163699871794
PF17774.4	0.00488028523189256	-0.00494991175556101	0.00285856123329054
PF06265.14	0.00292981190806711	-0.0221169733262309	-0.00542809697021983
PF04472.15	-0.00522643258089149	-0.00143555937586881	0.012329988426933
PF01168.23	0.00892963272344707	0.00691722822751312	0.0139086712257703
PF00091.28	-0.00407020065921606	0.00678690746754445	0.0227698421191291
PF12327.11	-0.00491897993407195	0.00650426310199789	0.0227109137878793
PF11983.11	0.00814639197191953	0.00916709438313906	-0.00950959264651574
PF08032.15	0.00644489133505379	0.00679136553207172	0.00796826728811954
PF13394.9	0.00937380380770806	0.00427777478665434	0.0127729122996015
PF03051.18	-0.000946640293862315	0.0285330214913262	0.0104896514459583
PF01048.23	0.0017258706958662	0.0057229261967413	0.0217817325043161
PF12804.10	0.00129932119123175	0.00710884387198695	0.0143138171982521
PF14602.9	0.0114392886635462	0.000375435613634838	0.00921673915771549
PF00312.25	-0.00282145752635436	-0.00690792812532832	0.0205742229357889
PF00069.28	0.00765218695500506	0.00569405105277255	0.0188931045638445
PF03793.22	0.00204344275594644	0.00845138118304674	0.0265460016743438
PF13672.9	0.011751896580679	0.00302067100272116	0.0077747866265009
PF01029.21	0.00120256713830962	0.00729525243756309	0.0133704616526994
PF01189.20	0.00805728347821557	0.0034191118856118	0.01258653981868
PF02911.21	0.00489054852755625	0.0048202254578785	0.00972419603918015
PF06983.16	0.0137849235860047	0.00056251545458372	-0.0140578862512284
PF12680.10	0.0173416761802195	-0.0249151053547449	-0.00333373595331181
PF17764.4	0.00816588828135467	0.0064976507581548	0.0114917628966274
PF18319.4	0.00803264790007141	0.00646266983747248	0.0114380750759255
PF18074.4	0.00588170764047108	0.0079738027235651	0.00979298921159781
PF01192.25	0.00188102486275745	0.00829497127750246	0.00653728704365243
PF00625.24	0.0013199823520756	0.00598441389441232	0.0113580291679209
PF12072.11	-0.00680635154383777	0.00370965880824676	0.0351335929773874
PF00438.23	0.0023557159582007	-0.000867744923839658	0.01867587114759
PF02772.19	0.0023389767603485	-0.000860274222967837	0.0186730667017496
PF02773.19	0.00235305061367464	-0.000859578741317326	0.0186746236914587
PF02353.23	0.02078853550775	0.005995115314193	-0.0139116929887732
PF00712.22	0.00229211054136049	0.00344094713371812	0.0142328120375343
PF02767.19	0.0023424798831949	0.00346402579364209	0.0142122624125306
PF02768.18	0.00245786194292827	0.00338909222578436	0.0142452470965502
PF01171.23	0.0101413185648844	0.00409214333116679	0.00933533764841339
PF11734.11	0.0108717814220264	0.00641421862652924	0.00423458144171289
PF04024.15	0.0129630111261535	0.0117753951789671	-0.00904733176718101
PF13349.9	0.0103530294610862	0.0155033267405485	0.00589522235295946
PF05257.19	0.0248831091462482	-0.00530200609092525	0.0167589928357929
PF01116.23	-0.0121384965993038	0.00154221966991013	0.0370173109538319
PF03458.16	0.0199100462581513	-0.00150189601194006	-0.00806255148864477
PF14681.9	-0.00171791886274078	0.00218534367191051	0.0116357111941075
PF00999.24	0.0131974996827881	0.00138921039354055	0.0121597776047572
PF01053.23	0.00601638819534697	-0.0068655051142231	0.0183669134445959
PF04204.19	0.00373659423973816	0.00231058944920971	0.0050768656029971
PF02646.19	0.0265758950887115	0.0187233133890667	-0.0122655566318612
PF00834.22	0.00579715952055644	-0.00596076518765957	0.00855999612678469
PF16745.8	0.00469885040196402	0.00626376431984906	0.00516090252270053
PF03193.19	0.00645989385068803	0.00648212482910114	0.00547810045234731
PF06725.14	-0.00999637000680987	0.0301644946501126	0.00313641749028846
PF01588.23	0.00498477481685548	0.00666742324131569	0.0253799265703636
PF03483.20	0.00846680462067574	0.00383869028385888	0.0175076491400938
PF03484.18	0.00799466784163717	0.00389443574351247	0.0170619826331385
PF17759.4	0.0079947642703701	0.0038905252792657	0.0170619026821674
PF03147.17	0.00796278080200833	0.0038861378667102	0.0170595507677687
PF02912.21	0.0117726074773774	0.00262014267951992	0.0112876393432072
PF01409.23	0.0117499485027834	0.00264289560092788	0.0113032713007506
PF05870.14	9.28557657858798e-05	-0.0129385721435299	-0.00151352072938767
PF02421.21	0.0156456112498115	-0.00236824701990152	0.0175096467733066
PF17910.4	0.0165676680923376	-0.00319552051085067	0.0168374027989455
PF07664.15	0.0156508548333037	-0.0023079187122422	0.0174839675105708
PF07868.14	0.00705980657036737	-0.0159730872930486	-0.00369571533072671
PF03551.17	0.0130950287699028	-0.00587586595921946	0.0102950595888797
PF10400.12	0.0193019345390071	-0.00991160889053533	-0.0134932964682822
PF02839.17	0.00591696705568608	0.00307450074160862	-0.0118294443228997
PF03067.18	-0.0158700602746559	-0.0188913299552113	-0.00633418370386209
PF00709.24	0.00400441663690172	0.00473620204266078	0.014770998546697
PF01641.21	0.00800251990139669	0.0217207301937007	-0.0159368810549677
PF12900.10	0.0116671372537946	0.0102493071452702	-0.000310759402414604
PF01430.22	0.0065043453318576	0.00627227667512985	0.00395704066734071
PF01872.20	0.00586404223561027	0.00817073200114504	0.00745350165918454
PF10035.12	0.00532842282914693	-0.00206557513112264	0.0135094313708782
PF02734.20	-0.00764081473655661	0.010023850401131	0.0218628660840133
PF13684.9	-0.00700835678970637	0.00860248314602364	0.0214249318222721
PF02938.17	0.00518440653667256	0.0026399034863604	0.0204958549372011
PF01230.26	-0.000572825085007421	0.00890639240672235	0.00708781511024123
PF13393.9	0.00831417542794643	0.0019936354391989	0.0158004310111884
PF01066.24	0.00662903613808305	0.00427852196583136	0.00759099653666933
PF13413.9	-0.00250086295708691	0.0156941681650227	-0.0130444262540426
PF00675.23	0.00174944760749039	0.00714520270438405	0.0209452473091748
PF05193.24	0.00204668057852517	0.0084362353802373	0.0239390830580877
PF13275.9	-0.00510857392803433	0.00607147095776043	-0.00274106280986674
PF06028.14	-0.00176362033995454	-0.0243411523695668	-0.00845558192482239
PF16363.8	-0.00111238475145834	0.00317174622183625	0.0271405268398417
PF02837.21	-0.000298935732134623	0.00255298433852439	0.0349374207524057
PF00703.24	-0.000422483983363437	0.0029804109161918	0.0346889481415651
PF02836.20	-0.00105355609496536	0.00297353678059914	0.0355174582370461
PF16353.8	-0.00153347548301318	0.00577083173651874	0.028399322138166
PF02929.20	-0.00110354758578269	0.00508761492429958	0.0285830120754055
PF00830.22	-0.0108573300869087	-0.0121498896405701	0.0185169614459441
PF01087.25	-0.00126633047968765	-0.000374708414312588	0.0171681467828363
PF02744.20	-0.00128637330771303	-0.00038680841177182	0.0171685896015643
PF10509.12	-0.00120035502809657	0.0127898480256964	0.0180222884220497
PF13521.9	-0.00264498120962035	0.0261425195585364	-0.0155583051357549
PF02826.22	-0.00037810566746626	0.00455510508425266	0.0243747165884153
PF01136.22	0.00642067620197714	0.00549322013829951	0.0171215632121908
PF16325.8	0.00465416637331502	0.00160541216428327	0.00861270746699118
PF06570.14	0.00260531201006427	0.00350626668402887	-0.00825574221786879
PF08241.15	0.0124096280599707	-0.00691612384956523	0.0142702685551169
PF03932.17	0.00181539100919782	0.0150238255651485	-4.04674215043468e-05
PF05975.15	-0.00185730774321869	-0.0246953114360024	-0.00950056720880495
PF10110.12	0.00215879198029856	0.00905368582837621	-0.0118078738085475
PF03009.20	0.00204863297584651	0.000347491450226045	0.01451095379785
PF00687.24	-0.00618744102975973	0.00186528667619963	0.0292508070285198
PF03946.17	-0.00500202746064762	-0.0052637844158267	0.0264910504448515
PF00298.22	-0.00498503474887687	-0.00528988399467708	0.0264820508168848
PF06855.15	0.00774912624916177	5.22398598838629e-05	-0.0123927227721838
PF13509.9	0.000464777957544612	0.00461267708770764	0.0111918709359607
PF17783.4	0.00124066090888185	0.00419876060231272	0.00585226579788152
PF01765.22	-0.00288557933292478	0.0183479994097287	0.0167929113638694
PF00871.20	-0.00492169729974586	-0.00264779035973005	0.0244953066506668
PF00908.20	0.00399166519546912	0.00752737736574378	0.00329462295273916
PF04397.18	0.0121793199553222	-0.0103686868709347	0.0294915269175783
PF06014.14	0.00541294607283193	-0.0291019432728108	-0.00909532314023414
PF00210.27	0.00700634908647467	-0.000394040749606885	0.00146916568714495
PF06750.16	0.028519497840286	-0.0605171497707783	0.000474604461579926
PF00817.23	0.0177907356340682	0.0015139699981461	0.0101019772020899
PF11798.11	0.0126548547927911	0.00177099220426142	-0.0148876205098747
PF11799.11	0.0181021257465665	0.00100299485566826	0.00991791440053024
PF02274.20	-0.00309603890523481	0.0259099265806824	0.00117902170558175
PF03485.19	0.00667098669149042	0.0111860069570655	0.0143320571345565
PF00750.22	0.0067715359294741	0.011125682677511	0.0143788902866714
PF05746.18	0.00681962821609337	0.0111488247484151	0.0143932406517815
PF01316.24	0.00379190456828714	0.0106308878092279	0.00129895153488404
PF02863.21	0.00379190456828714	0.0106308878092279	0.00129895153488404
PF04434.20	0.00793089341609065	-0.00531569621223778	0.00724285139351535
PF14506.9	0.00497634419488852	-0.0203354115905705	-0.00369992773155306
PF14507.9	0.00497634419488852	-0.0203354115905705	-0.00369992773155306
PF02517.19	0.0110421406316156	-0.0128597959777095	0.0196200922654302
PF04321.20	0.000558197429501015	0.00430475301296705	0.0123026702194289
PF09168.13	0.000658630811384604	-0.0143918989464627	-0.0134383961752241
PF07722.16	-0.00107214813067472	-0.00186982487347207	0.00679043585876848
PF02852.25	-0.00203691624163664	0.0134868059335488	0.0199456606935028
PF00749.24	0.000983673038272892	0.00379859300194701	0.0257963893623808
PF19269.2	0.00109622830385204	0.00445301127883288	0.0186419902761581
PF09314.14	0.00271030447943038	0.0310697198730211	-0.0207024067581961
PF06912.14	0.00684683728175515	0.00258154413084242	-0.0100706565319901
PF18073.4	0.00867255581112971	0.00830621061657131	0.00781085877275297
PF13481.9	0.0276541950913248	-0.00293025751486736	0.0156216508602414
PF13541.9	0.0125483446296769	0.00698611706932607	0.0103100225182143
PF01196.22	-0.00986793123281934	0.00321345328080935	0.0253833040326165
PF01193.27	-0.00762378705829978	0.00377611031192417	0.0321621733488221
PF01000.29	-0.00761933936833555	0.0037648879676069	0.0321590214134012
PF03118.18	-0.00536526754086665	0.00408150565997266	0.032436829369942
PF00411.22	-0.00645343880960461	-0.00103468593234517	0.0266980784505682
PF00416.25	-0.00746510395389262	0.00417904660326485	0.0255301403154147
PF01176.22	-0.00337724850116635	0.00596033463195662	0.0111318067856812
PF00406.25	-0.00416770115261275	0.00354368784602533	0.0183690627404842
PF05191.17	-0.00590096600354108	0.00274000703568573	0.0174435420167071
PF00344.23	-0.00533188016429399	-0.00575817729477225	0.0305503732119274
PF00828.22	-0.00677234501873081	0.000564299939245569	0.0260588593616361
PF00327.23	-0.0047697203883544	0.00172715228736441	0.0151301744740946
PF00333.23	-0.00591033088202965	0.0019012528236052	0.0274123122898473
PF03719.18	-0.00591033088202965	0.0019012528236052	0.0274123122898473
PF00861.25	-0.00746070212896851	0.00758974051229315	0.0269729868399018
PF00347.26	-0.00866327533657337	0.00534387627664296	0.0343895580971689
PF00410.22	-0.00796878699059789	-3.7244212829378e-05	0.0247404726814033
PF19804.2	-0.00492512045175693	0.0119311787041294	-0.00942922415686114
PF00253.24	-0.0082677631719878	-0.00297783519356597	0.0220387570145035
PF00281.22	-0.00718718109795215	0.00619147970174496	0.029725020369046
PF00673.24	-0.0071742248783667	0.00624296708093501	0.0297238168967421
PF00467.32	-0.00365043171325406	0.012268191145729	0.0233830952195904
PF17136.7	-0.00524073618437326	0.00971921813013256	0.0216730857978315
PF06480.18	0.00477571258923073	0.00474893201509794	0.0207545932269921
PF17862.4	0.00333331597734041	0.00710095605935509	0.0254130400421142
PF01434.21	0.00244835840229013	0.00799327908700711	0.025859875352701
PF00238.22	-0.00823517888420562	0.00582626055341921	0.0279665312111851
PF00366.23	-0.00422798855673163	0.00888808586547308	0.0223744967521456
PF00831.26	-0.00708319003864684	0.00835136927681874	0.0203779280767356
PF00252.21	-0.00637474291703843	0.00235040534024912	0.0281678934384505
PF00189.23	-0.00416715144874039	0.00392375666837701	0.0291721297446825
PF00237.22	-0.00606561654506758	0.0063617945553152	0.0256336182006483
PF00203.24	-0.007670061602281	0.001214765657375	0.024193679753566
PF00181.26	-0.00450437064872974	0.00299213722679545	0.0280473998860453
PF03947.21	-0.00450442556868803	0.00296615785656584	0.0280501607827754
PF00276.23	-0.00310865097257605	0.00511830150567199	0.0181702857168764
PF00573.25	-0.00581062992589308	0.00851713936646081	0.0255847473495273
PF00297.25	-0.00207076475029606	0.00721411615264409	0.0261623390170021
PF00338.25	-0.003989969777738	-0.00231555313131581	0.0206839335247905
PF01741.21	0.0139670898637937	0.00177341074380936	-0.00938136552060396
PF14821.9	0.000656588282676305	-0.00207014383090004	0.0136889531397106
PF02357.22	-0.00599256573358336	0.0126812389370051	0.0253271251227915
PF00584.23	-0.00704815603461386	0.00351364026155115	0.0137846084555544
PF01757.25	0.0119455009742369	-0.0085977512569592	0.0128573631207714
PF04239.15	0.0148275313961696	-0.0100721052476492	-0.0135348645339929
PF11694.11	0.00103000209597215	-0.016290225643832	-0.000384035135340144
PF01243.23	0.0124898535023083	-0.00685161027318061	0.00333613255405586
PF00950.20	0.0148980016148672	0.00676806348845945	-0.00630202123887518
PF00482.26	0.0112292726031318	-0.0184343685173361	0.0149530120878089
PF00437.23	0.0139208356816105	-0.00868528003151582	0.0130336543220748
PF14480.9	0.00560396681698172	0.00370445420165884	0.0153251601266727
PF11490.11	0.00702227300955921	0.0151787872208161	0.00464862557126942
PF07733.15	0.00732169173494922	0.00671841844033642	0.0257517600100963
PF17657.4	0.00790801188176799	0.00560589836923573	0.0236846628211812
PF14579.9	0.0075184880895367	0.00552193970167627	0.0235362012659605
PF02163.25	0.00453429921293186	0.00669394528674221	0.0227334065869204
PF17820.4	0.00680188570724009	0.0034090995555898	0.017447370633742
PF01148.23	0.00822242434901206	-0.00698926068086564	0.00569910282068316
PF01255.22	0.00565505295131664	0.00393153295265574	0.00873516834283217
PF02699.18	-0.0103960551272017	-0.00049960433229816	0.0136319275720235
PF02590.20	0.00779376380187263	0.0042084720212041	0.000763713573404404
PF13365.9	0.00120300509844906	0.00363140889792316	0.0212722811844056
PF13180.9	0.0022529717749703	0.00624994434048452	0.0209499233790391
PF13439.9	0.00790396111854746	0.00610820355526978	0.0198598009615135
PF08796.13	-0.00226479284183832	-0.0169962925980228	-0.00173495370307736
PF02739.19	0.0068167032636632	0.00474192537633174	0.0169925148239208
PF01367.23	0.0067887891845536	0.00466093211612855	0.0169673228061706
PF00476.23	0.0158116878232309	0.00206961069140527	0.0192692874584846
PF06160.15	-0.00278701632504231	0.0297652786013531	-0.00796697650155479
PF00889.22	-0.00619630486726009	0.00425370527818022	0.0270600670372246
PF00318.23	-0.00341592050291458	0.000189228249647432	0.0283111974988373
PF10282.12	-0.00104565468071875	-0.00300978294823469	0.011348925274555
PF00465.22	-0.00411149667122811	0.00481627783456352	0.0273364579960544
PF05362.16	0.00262739877499109	0.0141465068092289	0.0165435401309958
PF03602.18	0.00326218745968175	0.00338586731177431	0.00310614309709109
PF08281.15	0.0133330149791917	0.00831087307463247	0.0242988706252216
PF13791.9	0.00166268745961909	-0.00790277754191782	-0.0027566282903124
PF00342.22	-0.00665417432453032	0.00179230334361705	0.0275882587948987
PF03692.18	0.023719847379484	-0.0116009834899937	-0.00618621892658595
PF01638.20	0.0134820153328663	0.00139324477739585	0.0144509829566225
PF10458.12	0.00894725150049198	0.00632534968525164	0.0188251285574471
PF07299.14	-0.00143192514371648	-0.0078512162496881	-0.000635358545160574
PF08930.13	0.00790044594754085	-0.0160640145663342	-0.00419101120004905
PF04237.16	0.0126623730882014	-0.0028289615525535	-0.00537006069979437
PF01938.23	0.0107397626930478	0.00558852428052995	0.0134590970346581
PF17965.4	-0.015429609272402	0.0742057355884871	0.00194632878313912
PF17966.4	-0.0148416915289563	0.0644231865477854	0.00702552348379864
PF02447.19	0.00190300377428388	-0.0189227188162634	0.00424098518046106
PF00370.24	-0.00582624889837895	0.00282129185002486	0.0324344367097997
PF02782.19	-0.00581274732681015	0.00279257035241917	0.0324171727521885
PF03446.18	0.00452830041038291	0.0142090035656853	0.000262799292091075
PF00393.22	0.0039113524317371	0.0301106392762759	-0.0162225322995768
PF06124.14	-0.00437076516312601	-0.00744105655223402	-0.00195741702275347
PF01084.23	-0.00380591679510517	-0.0100369746472657	0.021701882207293
PF01250.20	-0.00866842997295521	0.00637363458447168	0.023994535071031
PF02673.21	0.00706886275753592	0.00123502129845486	0.00627018861334838
PF13177.9	0.000852421727157982	0.00170220533891905	0.0210411153807455
PF13185.9	0.0165705347925644	0.0152754421624288	-0.007458424793623
PF01817.24	0.00621375177501488	0.00292150607553964	0.00983244350011799
PF03951.22	0.00651321407953974	-0.0126207221579724	0.0185332518158987
PF00120.27	0.00996298820174243	-0.0199646876757206	0.0277299693849474
PF13443.9	0.00857587184911855	-0.00345561082949459	0.0179108954895281
PF05496.15	0.00857854761032728	0.00372007128788184	0.0111305992391688
PF17864.4	0.0108236051429216	0.00411544943463885	0.00621472211723358
PF05491.16	0.0108382487364106	0.00413433674125447	0.00621089952454923
PF01330.24	0.00593387863195949	0.00419480716269752	0.00243912698064986
PF14520.9	0.00619609859253474	0.00443788861320291	0.0194270461489796
PF07499.16	0.00611099701667726	0.00396505685025065	0.00220573160653185
PF01624.23	0.0134845460754643	0.0272751124171491	0.020259406043098
PF05188.20	0.0108444082789922	0.00501602948456505	0.0136558881061643
PF05192.21	0.0106822355914682	0.00477007362802652	0.0140339602979144
PF05190.21	0.0106026231688939	0.0051667676621604	0.0139075512664244
PF06133.14	-0.00207927335196197	-0.00623291057437881	-0.00132812324013264
PF14833.9	0.00509611071045515	0.0118374348366707	-0.00268199409137756
PF07843.14	0.00655823374435138	-0.01280545531594	-0.00281187371313123
PF00479.25	0.00367159638858282	0.00741744243656421	-0.0149226578866636
PF02781.19	0.00373154894867606	0.00741898832736797	-0.0149185691440038
PF00226.34	0.00230260535270419	-0.00184492721644017	0.0221544447246409
PF01556.21	0.00227820286235914	-0.00204624617927626	0.0204456679468338
PF00684.22	0.00247887408105927	-0.00234928654420199	0.0200974094882672
PF13529.9	0.0103391520426369	-0.0138960934326449	0.0132257825760517
PF13537.9	0.0082113884123511	-0.00632535561701148	0.0239293342450471
PF00733.24	0.0104963983210143	-0.0169534890107735	0.0194164640250388
PF04093.15	0.00537003506359769	-0.00598234092658547	0.00113575463853088
PF04085.17	0.000589551679646112	0.00275733024974125	0.00993058837195985
PF06026.17	-0.00108444190314473	0.000313235314331999	-0.0137406546364702
PF13545.9	0.0122542521999014	-0.00887708721944439	0.00967499776566318
PF01869.23	0.00918464694005629	-0.00706783583907387	0.0224590986533875
PF09989.12	0.0126756106782421	-0.0122084422428392	0.0140677266019276
PF06050.16	-0.00172542708976542	0.00453850049289915	0.025273035766391
PF14278.9	0.0114404956925239	0.00192961255678854	0.00453310689402132
PF10396.12	0.0147669217660851	0.00322479968000428	0.00451056492717356
PF12631.10	0.0147647129732579	0.00322923994618423	0.00451121832553941
PF08274.15	-0.00311614267573826	-0.0196014277066262	-0.00872625174803998
PF03831.17	-0.00311614267573826	-0.0196014277066262	-0.00872625174803998
PF00044.27	-0.0177974047708688	-0.00260239008474225	0.0490424065488898
PF02800.23	-0.0178027652015732	-0.0025808523469463	0.049068905540317
PF04394.17	-0.00487204699812403	-0.0193491562627654	-0.00138660389888991
PF00380.22	-0.00427730885032741	-0.00473966765410942	0.0188906341483348
PF00572.21	-0.00585572288184064	-0.00116177710902451	0.0226396568509416
PF11858.11	-0.0142025047241704	-0.00817965027253107	-0.0111582906892651
PF10502.12	0.00647658014721876	0.00992441512344718	0.0123634837185665
PF09182.13	-0.00785923685484238	-0.000655054865426274	-0.0155830958843272
PF03764.21	-0.00735837554997956	0.00710866578006138	0.0452626892438062
PF00177.24	-0.0086830860773874	0.00424325304252551	0.0293736202074732
PF00164.28	-0.00820614855854964	-0.00357485967370933	0.0288084828060961
PF00768.23	0.00533757798697546	-0.00318985147726036	0.0192427602501209
PF07943.16	0.0111851564317364	-0.000795265728924638	0.00796406439626459
PF06800.15	-0.00269590754990945	-0.00236434525494638	-0.0107214642427154
PF06962.15	-8.21815836266032e-06	0.0154930959763384	-0.0187926945803656
PF16199.8	0.00883461519713408	-0.00175296109585719	0.00176847385101811
PF13167.9	0.00653776205589382	0.0134010004883979	0.0119607631959955
PF16360.8	0.00654991758133418	0.0134294543146242	0.0119563254718308
PF01985.24	0.00196710429263219	0.00211307432109845	-0.00325251638116977
PF02410.18	0.00322273350778744	-0.000950411402280546	0.00228195982412011
PF05636.14	0.00807349457321918	-0.0157315864737567	0.00384580513276578
PF01709.23	0.0021271167256216	0.00771615234291474	0.0142500987360469
PF06445.18	0.00542109602799245	0.00655810914053822	0.0158902135208589
PF03167.22	0.00537022985174511	0.0019549843770565	0.0103829907893453
PF17754.4	-0.0201855121830147	-0.0139060411711253	-0.000961025550004359
PF01165.23	-0.01665227473983	-0.00252026374807704	0.030984286372537
PF00162.22	-0.011678200714307	0.00792312313447936	0.0348801961238426
PF02733.20	-0.00706425005047749	0.0269610415737939	0.00765455244151527
PF17785.4	0.0166368628345805	0.00734463418167883	-0.00042807773258879
PF06874.14	-0.000943094096415292	0.00485695372758595	0.0141088003009714
PF03486.17	0.00600400454708806	0.00335982099907298	0.0102219931676443
PF01256.20	0.00777924565106858	0.00883507996451251	0.00781967735033517
PF04545.19	0.00529754944554938	0.0117054826089806	0.0291814504204551
PF05128.15	0.00013699586952957	0.00618031202294519	-0.0174876099218879
PF02664.18	-0.000213855039919396	-0.00194860072785057	0.0034361128812041
PF14526.9	0.0114633655211607	-0.00441736929322108	0.0122363645148809
PF03952.19	-0.00112312385030563	0.0134179976929711	0.0255824799446208
PF00113.25	-0.000533256159278364	0.013363508400608	0.0257052389869618
PF02361.19	0.00862385481728451	-0.0127014367811608	0.00920812192499923
PF08503.13	0.00283622187172195	0.014648585527042	-0.0142658709209573
PF00163.22	-0.00911474933637845	0.00486099887456891	0.0289346378039935
PF09371.13	0.00946981094025464	0.00877509843251663	0.0131688391902221
PF16921.8	0.00945038339908814	0.00883225968489664	0.0132045870218852
PF17674.4	0.0105665578189358	0.00457884326554151	0.0162771793695816
PF00962.25	0.00417852362281371	0.0154998772913245	0.00035128346516399
PF07288.14	0.00852526507375945	-0.0158171115494201	-0.00939554874746278
PF00814.28	0.00522359735267147	0.00075966859403098	0.01342101514016
PF12974.10	0.00878596321969386	-0.00119419510175798	-0.0129819673355981
PF08706.14	0.0353789435918558	-0.00224403408316673	-0.00377548932002301
PF19263.2	0.0420561374033893	-0.00782799121891047	-0.00188368381053976
PF03288.19	0.0377013515918337	-0.000869980864459194	-0.00490612329539955
PF02872.21	0.00487858662872942	-0.00772584047308063	0.0124571695554482
PF08534.13	0.00703582797811153	0.00473447669477478	0.00215247090861936
PF17900.4	0.00484306420170156	0.016217517934605	-0.0096232202405449
PF01433.23	0.0306286332785512	0.00994275683604145	-0.00285724231625119
PF11838.11	-0.00473884739335037	0.0152853778650595	-0.0114167817166991
PF16916.8	0.011022912047319	-0.00576103456867994	0.00440214835995318
PF09250.14	-0.0063909896342495	-0.00293063039419926	-0.0110731760674129
PF08708.14	-0.00553050176961774	-0.00592759915216441	-0.00687737271050959
PF02229.19	0.0287659425372003	0.0037686864126813	-0.0154193503453151
PF11877.11	-0.00327050754659645	-0.0181827559060052	-0.000800882787641373
PF09515.13	0.0171836708443115	-0.0062705615097796	-0.00956148239868854
PF03180.17	0.00735326451585786	-0.00825835498637451	0.00606385826192141
PF09383.13	0.0105114323106681	-0.0117577903111088	0.00522731026497695
PF07155.15	-0.000408589454533591	-0.00977195186138555	0.00988494552432945
PF12558.11	0.00144161693600983	-0.0125020869158922	0.00223654017719662
PF01497.21	0.00489859677761509	0.0206663904162619	0.00906234978960692
PF00578.24	0.00507766964678002	0.0110122981524131	0.0123159218275955
PF13192.9	0.00186804038635378	0.026123534964099	-0.00647220509979203
PF03717.18	0.00275338576489183	0.000910173948256921	0.0238702658726418
PF02132.18	0.00100386206020754	0.00768475085929147	0.00700375402138675
PF13662.9	0.00199154286193768	0.00909905662986531	0.00745859299234486
PF01820.24	0.00775360397131786	0.00616532238786514	0.0110863541646458
PF07478.16	0.00760502215757668	0.00622023568253841	0.011270012990185
PF12911.10	0.000204375501566031	0.000139194884446615	0.0171776350138665
PF16658.8	0.0076094626147065	0.00531097856873569	0.0161401125419443
PF01149.27	-0.00199309430278102	0.029862225063354	-0.0126592591154609
PF06831.17	0.00502210344082517	0.0256211133493869	-0.0105238882554273
PF00154.24	0.00535163281060259	0.0101629132077579	0.0156896322241616
PF01928.24	0.0101758253720865	0.0030891133171754	-0.00784980511419777
PF05675.15	-0.00752761024496354	-0.0091381279046878	-0.00248625507647104
PF00160.24	0.00284275427583581	0.00478049672944286	0.00995439339884158
PF03601.17	-0.00441203099687434	0.0106746823336189	0.00574923745950418
PF03595.20	-0.0191580516894337	-0.00509591617297571	-0.00840047095442645
PF02568.17	0.00391412412529167	0.00100828184848127	0.0104037490144561
PF02566.22	0.00626689524460057	0.0130571094173633	-0.0191481369988638
PF00579.28	0.00545763327493653	0.00367896612643945	0.020313585671298
PF05343.17	-0.00260436716566412	0.0174059476477022	0.00480099905381019
PF14794.9	0.0105722893869061	-0.00895131301893828	-0.0157273375438526
PF00166.24	-0.00530135988465503	-0.000429724319500921	0.0181631996733162
PF00118.27	-0.00453251492899762	-2.10213300529504e-05	0.0360506682002233
PF12706.10	0.00352492037966929	0.008527040639931	0.0162611698760718
PF13426.10	0.0118071669635929	0.00909226998515729	0.00239166781690937
PF02223.20	0.00586415280409748	0.0109200284059056	-0.0109753545447233
PF04468.15	0.00433054975284921	0.00989335509732092	0.0138811319917001
PF06156.16	0.000272032116630172	-0.0129024603617747	-0.00783121579317612
PF18376.4	-0.0057440985042329	-0.00777825591965851	-0.00862511786392147
PF00081.25	0.0084949360295414	0.0182514208083604	-0.00617623356423273
PF02777.21	0.00859236946210157	0.0183271038017366	-0.00617493276876094
PF02554.17	0.0156402251142137	-0.0202627243123771	0.0142658881127308
PF13722.9	0.0157419036542993	-0.0235741746955487	0.0132343417154211
PF02255.19	-0.0135692801286987	0.0339401098508959	0.00473739508364431
PF01653.21	0.0106967325896545	0.00372275258153413	0.0132243224094756
PF03120.19	0.0105910755629078	0.00385488047620631	0.0131451579685094
PF03119.19	0.00658707821546771	0.0118309302046908	0.0048777480512289
PF12826.10	0.0103428081271387	0.00262591619145144	0.015527404435958
PF00533.29	0.0105728906867044	0.00393877038204119	0.0131361119109364
PF17912.4	-0.0178554307470523	-0.0101316661537723	0.0450355880895855
PF01855.22	-0.0083247064104159	-0.00516831723396876	0.0466249307002908
PF17147.7	-0.00893012750749417	-0.00558749180035779	0.0462405776595785
PF01558.21	-0.00885460500105673	-0.00529951022937223	0.0463597365145442
PF10371.12	-0.00957597958692095	-0.00723636716915823	0.0458193106315511
PF12838.10	-0.00950392977352459	-0.00479011846562585	0.0472809485436463
PF19293.2	-0.000306846014500285	0.00160719106119816	0.0120800414562435
PF02457.19	-0.000191749963181317	0.00167373136776889	0.0121038942783331
PF02878.19	-0.00549830484115219	0.0100241417952844	0.0313290155189305
PF02879.19	-0.00552351360889985	0.0100066489057478	0.0313221300550128
PF02880.19	-0.00552194327948367	0.0100065979166157	0.0313210817209123
PF00408.23	-0.00471483458281322	0.0150234680518902	0.0277589606761554
PF20434.1	0.0195674630453475	-0.0130197240437471	0.00594188789425114
PF02367.20	0.00795994949630724	0.00594290502872295	-0.000590848227660232
PF04761.15	0.00364742502326857	-0.0120121034432093	-0.0022860224676256
PF03374.17	-0.0067645859558585	0.00976840872560292	-0.0121316060880528
PF20037.2	-0.00365711200977286	-0.00683623634869549	-0.00628629324024479
PF04883.15	0.0377313692302474	-0.0181623117941638	-0.00858259861778166
PF20155.2	0.0321844014885278	-0.0280271437439925	-0.00716670755829855
PF01464.23	0.0028458344385675	0.0160411659845668	0.00690209597512653
PF01416.23	0.00593100630389921	0.00146578996575186	0.0117454610963915
PF06210.14	-0.00940782969807561	-0.0203505565081157	-0.00360730207603363
PF11151.11	0.00333580471336164	-0.0228904636876615	-0.00290166512737117
PF05014.18	0.0017983884973129	-0.001539489031588	-0.0164762256163235
PF03641.17	0.00804068389227033	-0.00274016333059035	-0.0128824734868521
PF03006.23	-0.00851908133689636	-0.0110917283847365	0.0104648803830654
PF13472.9	0.00775559279891864	-0.00246546884941366	0.0209358995409779
PF00933.24	0.00822748145452074	-0.00213036458508607	0.0275228817364625
PF00216.24	-0.00323473743243057	-0.00671535089035403	0.024387762838987
PF05154.19	0.00788921087486855	-0.0257575483309073	-0.00522026965413211
PF05272.14	0.043904215961072	-0.0178918858856619	0.00607998274904914
PF00916.23	0.0258956600831227	-0.0136503121793966	-0.00157255400486323
PF01740.24	0.0205528133223013	-0.00935797890221513	0.00188996366920788
PF04586.20	0.0347244595944656	-0.0111196746532323	-0.00891181968410259
PF19127.3	-0.012283544037625	0.0232714685550293	0.0326139746006732
PF00877.22	0.006743101659877	0.00840705156645573	0.0298948977954397
PF03838.17	0.00845954386288415	0.00487508508462078	-0.00309382748052163
PF06908.14	0.0348443649087138	-0.00908818028270645	-0.0104679899986501
PF05256.15	0.0111575554961049	-0.0265806991672008	-0.0070680535253259
PF00459.28	0.0216210408318894	-0.000163742559012116	-0.00468655613116974
PF05697.16	-0.00379723280264331	0.0140009890551066	0.0231866479610979
PF00254.31	-0.0021053971370512	0.0104781107735197	0.0246532795727654
PF05698.17	-0.00374634722714261	0.00905854229951487	0.0233906446949102
PF01807.23	0.0150856622287795	0.00895172901686075	0.0188898906844822
PF08275.14	0.00357489568094742	0.0115689315389499	0.0161518734088817
PF13155.9	0.0146815780492554	0.0086345956997092	0.0196743779026566
PF10410.12	0.00332205839133724	0.011467688999476	0.0159393531438464
PF03979.17	-0.000991025936230312	0.0128236653830719	0.018099418223698
PF00140.23	4.67852625920141e-05	0.0140966146272081	0.0199834896580229
PF04542.17	0.00415349438567369	0.00890264416495203	0.032524904707787
PF04539.19	0.000128847213191287	0.010711106211428	0.0248845691570216
PF02082.23	0.003679730300487	-0.00102328130338063	0.00665532971721393
PF01327.24	0.00675083484622667	0.00736486987760733	0.0043050755806122
PF12344.11	0.00893069485903127	0.00664362744239914	0.0152974124771907
PF02151.22	0.00991606211337683	0.0026488893689621	0.0182255456209346
PF07977.16	0.0101779840219837	0.00833437965352748	0.00543808785328036
PF03332.16	0.00452856862346252	-0.00713540212622474	-0.00215543319830945
PF02441.22	-0.00135976592127552	0.0171615320791715	0.0111074782119964
PF04127.18	-0.00282527395452737	0.020714498326332	0.00924617702830125
PF01361.24	0.00968486534638353	0.000327604949550564	-0.00173117701457451
PF03073.18	-0.0139910657527683	0.00998986126438635	-0.0107038171477173
PF06966.15	-0.0163281196800001	-0.0182674128384546	-0.00354640672201115
PF06486.14	0.0164910428647161	0.00970351054932502	-0.00369030119483067
PF00265.21	0.0163686469740468	0.0171670810472851	-0.00774131183865188
PF11967.11	0.00868999895946286	0.00644299398406448	0.00363587014758148
PF02565.18	0.00832907675844308	0.00626523360227333	0.00385833103401732
PF17827.4	0.0115951565155215	0.00206145653924451	0.00443925632125449
PF01300.21	0.00441391613614654	0.00672703961573543	0.00897914560612789
PF00464.22	0.00158884493740731	0.00577311696715473	0.0168275262134299
PF13702.9	0.0366666858978709	-0.0285857882644598	-0.00306876567277664
PF00389.33	-0.000665861265379996	0.00417171204728916	0.0241801582267206
PF00708.21	0.00630417427695205	0.00800929831238347	-0.00785075445826215
PF00258.28	-0.00423162927459786	0.00620554983785469	0.018914708456142
PF03631.18	0.0152828840232251	-0.00941806962111752	0.00365366895207194
PF04138.17	0.00696445262736773	0.00413365002026772	0.00202939726328152
PF04280.18	-0.0132822055550367	-0.0160887041284998	-0.004337901498863
PF06961.16	0.00846973853982315	-0.0243216721039101	-0.00953519812692994
PF02603.19	-0.00555545110677808	0.00645259918451183	0.0126070724882375
PF07475.15	-0.00551852883976095	0.00646666613863781	0.0126108573506238
PF06103.14	0.00237536394221498	0.0111593882417259	-0.0136329010490505
PF12732.10	0.00324075355977586	0.0197768142871579	-0.012978265159053
PF02705.19	0.0205998943079141	0.0176040804805666	-0.0107209388441086
PF01715.20	0.00952285882700916	0.00635456945328153	0.00394092442474021
PF01145.28	-0.00531325041658527	0.0128020938240685	0.0290458479723732
PF17768.4	0.0136449261980174	0.00982136581143816	0.00946383572275299
PF10141.12	-0.00591002449463939	-0.0349752328187525	-0.00509358133429917
PF05066.16	-0.000683624285140775	0.0194602297281579	-0.0136995140874747
PF02618.19	0.00724482737072045	0.0289566273680302	0.00840494673163081
PF03449.18	0.00549646431309732	0.0127280895623447	0.0117162350354759
PF01272.22	0.00538677382104974	0.0127666522570485	0.0116938533137728
PF05848.14	0.00344024991671958	-0.00318136397613468	-0.0130324990013618
PF17727.4	0.00335858798348937	-0.00318669119650608	-0.0130419223774423
PF02482.22	-0.0114292894098293	0.00587451334717247	0.0263501862190745
PF16321.8	-0.0130186536831947	0.00273580644707046	0.0260351315140557
PF00676.23	-0.00239267077192846	0.0211812908067418	0.00547619586874656
PF13612.9	0.0240107107891769	-0.0015525579220249	0.0021208713639314
PF10437.12	0.00153345517196361	0.0191891177739299	-0.0147445902175119
PF02901.18	-0.0191259564564412	0.00368492075961495	0.0453457759259189
PF01228.24	-0.0189447928762231	0.0012907860231169	0.0460958431391871
PF06071.16	0.0044824617145551	0.00759114924001713	0.0144440057660474
PF01121.23	0.00496029226824061	0.00811994411193282	0.00601212042080073
PF00289.25	0.00588103318217689	0.00475896235595716	0.00390853274393573
PF02785.22	0.00588771390508668	0.00479022003697579	0.0038969397546991
PF02436.21	-0.00925557068570257	0.00460790993010603	0.0338051728515532
PF00285.24	-0.00186198801772013	-0.00344941414964834	0.0177888382043865
PF00574.26	0.0105010997671757	0.00129694464649192	0.0191402676966573
PF05738.16	0.0117357550587076	0.00249524902771901	-0.00681711021478378
PF01026.24	0.006049860956671	0.00704332207262363	0.0060429210004234
PF13331.9	0.00327814471229182	0.0160914399100438	-0.0170419342653275
PF00398.23	0.00210175986643949	0.0132281699033797	0.00912587890516441
PF08207.15	-0.00591959511781167	-0.00432936209637808	0.0248688811499758
PF01132.23	-0.00592154467236791	-0.00433540536997315	0.0248705560199682
PF09285.14	-0.00599535536828921	-0.00426766777764778	0.0249016525159061
PF02446.20	-0.000324009419506501	0.00120594488789728	0.0194183107874361
PF01654.20	0.0157432203688438	0.0166966496314241	-0.00497918376367291
PF02322.18	0.0176584110723422	0.0178711219066658	-0.0108319744962781
PF09855.12	-0.00138978781238084	-0.0199745455140866	-0.00215124893817854
PF02504.18	-0.0139620455641418	0.0180011856227391	0.0208866392685834
PF14437.9	0.0115396034211092	0.0108482731417215	-0.00453455684238778
PF01055.29	-0.00574204020789906	0.0101799302998238	0.0304639173055046
PF03061.25	0.00526862421722523	-0.00531363383692854	0.00841106572937898
PF16582.8	0.0154301747026855	0.00998405664322833	-0.0144261001159837
PF07085.15	3.81091245103117e-07	0.00639021321919076	0.00906540367605215
PF13840.9	0.00768599378458718	0.0042219277044881	0.00761371319795135
PF01734.25	0.00356574070269076	0.00586753255531681	0.0109625761647958
PF01281.22	-0.000549142954760295	0.00999794794108197	0.010185178747688
PF03948.17	-0.000579593340575322	0.00993179017782636	0.010245085846476
PF00772.24	0.00334153240678572	0.00792009562103447	0.0166186814236326
PF03796.18	0.00451130741738178	0.00821120664189975	0.0166683200755568
PF06257.14	-0.00156871726077485	-0.0183598981935152	-0.000608693963109103
PF02390.20	0.00536629555486483	0.0144779496553192	0.00445200103015316
PF07319.14	-0.00127944693201379	-0.0136290097331814	-0.00984354543746262
PF01695.20	0.0238834627029493	-0.00117794838201365	0.0204376983806041
PF13599.9	0.0256559399329425	-0.00243893446236314	-0.00426049712085594
PF14714.9	0.00854269114629142	0.00800263191322734	0.0125215597881967
PF13151.9	0.00607091082585831	0.0151895280690545	-0.00229167316520156
PF16555.8	-0.0147531660438067	-0.0171272423576564	-0.00885442159181506
PF03788.17	0.00732083741641945	-0.00215224150036384	-0.0092846549052881
PF02576.20	0.00540168260981778	0.0157769372094907	0.00220734657723521
PF17384.5	0.00561765887541411	0.00646137833326665	0.000868964299975167
PF08529.14	0.00736867035451937	0.0169411915123455	0.0149642612298954
PF13184.9	0.00736071382729382	0.0169478969665558	0.0149664743429935
PF04296.16	0.00340590585815247	0.0156258687799196	-0.00282398714518644
PF01248.29	0.00370851178974994	0.00272462977285731	-0.00190054669259594
PF04760.18	0.00331093014537259	0.00924286698871996	0.0288084150160426
PF11987.11	0.00423233104570955	0.0120500918019636	0.0240124997258094
PF02033.21	0.00242295727292081	0.00370511110067257	0.00372969961682509
PF20511.1	0.00403029849918909	0.0133886654941253	0.0102107743898652
PF08545.13	0.00656592185415108	0.00523871209312755	0.0110870957792909
PF08541.13	0.00766508945703037	0.00414514663125336	0.00996493582804784
PF00698.24	0.0101941354484621	-0.00123388527695527	0.00947098202155824
PF03255.17	0.00817721028588856	-0.0129761542134144	0.00944524528885431
PF05532.15	-0.0133084196348062	0.0322283955904786	-0.00847542221519661
PF02583.20	0.0113470564976073	-0.00183175467157504	-0.00426111844905623
PF03372.26	0.00818629987181785	0.0121832274174826	0.00808704560674667
PF09334.14	0.00334549326484978	0.00369624069714988	0.0308268139923908
PF19303.2	0.00702300359482675	0.0082545639307721	0.0182722768942579
PF11195.11	-0.00184765849602717	-0.013921181095219	-0.00169611367356139
PF06177.14	0.00622750996362963	-0.0276050030260644	3.77180182580694e-06
PF01960.21	0.00848200019075146	0.00484513103169441	0.00638589452638998
PF00202.24	0.00418058028050351	0.00677126027800297	0.016954845504474
PF14622.9	0.00990822398038783	-0.00248388474024079	0.00409574026646988
PF00035.29	0.00990865218456593	-0.00250493081918699	0.00409733452168876
PF06470.16	0.00767263571363681	0.00841221124781016	0.0162896544041551
PF00884.26	0.00913537303349018	0.0116271886238396	0.0183831751801967
PF17255.5	-0.00402550009198906	-0.0168932942720068	-0.00336431362854096
PF07907.14	0.0234551909519662	-0.000261067482151918	-0.011622407502102
PF19528.2	0.0118022464501538	-0.0233146058820088	0.00429552246596919
PF01613.21	-0.000504966541291779	0.00084007857685058	0.0166811758792423
PF13603.9	0.00414249588052702	0.00307800672923903	0.0242498846225441
PF00561.23	0.0111047340669682	0.00571078676248586	0.0131841028234857
PF03315.18	0.00871676133815651	0.0199799827222758	0.00194574776062588
PF13437.9	0.0108776485177563	-0.0104011132726478	0.0132887903736947
PF03313.18	0.00571832143622906	0.0158426495805248	0.0111255303998349
PF03965.19	0.00216378756145216	-0.00490441157046273	0.0305485864760397
PF00403.29	0.00707687083187783	0.00665896924078532	0.0216411334953924
PF09586.13	0.0117220247073217	-0.00105265307171299	0.0118582439076943
PF16285.8	-0.00837329145107807	0.00110171021901658	-0.00451317236273329
PF03054.19	0.0093770210028824	-0.00310350769677545	0.0134525716602594
PF20259.1	0.00936592260035879	0.000501492044269633	0.00840339775300166
PF20258.1	0.0082676447250467	0.00202956211509611	0.00764886745593587
PF04973.15	0.0131024788875981	-0.0103765332765531	-0.0115063598396121
PF08459.14	0.0142735063142087	0.00889935202468665	0.00928722675394936
PF00633.26	0.00571818449061625	-0.00155410464584853	0.0120906650164193
PF14815.9	0.00555966418918102	-0.00421507830128751	0.00771745582719611
PF00842.24	0.0127510731697421	0.00814760449824553	0.00885609707576426
PF19258.2	-0.00263784110506114	0.026419894288909	-0.0166734941041982
PF00763.26	0.000721240996869124	0.00382280830983738	0.0110183739872764
PF02882.22	0.00073684790282748	0.00382645979003503	0.0110244348779984
PF13742.9	0.00259243856705576	0.00754643669305191	0.0113448903788788
PF02601.18	0.00382945766595497	0.00358754768848899	0.0136408452296873
PF02609.19	0.00611263362794827	0.0123983031607178	-0.00455782606009654
PF01728.22	0.00648297548903413	0.00313948478637545	0.00385885494062839
PF05656.17	0.0201009595943506	0.0211501659905266	-0.018576788138457
PF01795.22	-0.00618293442807646	0.00855935982534385	0.0194938477386841
PF10555.12	0.00492858705643133	0.00463175811266241	0.00556851051086007
PF01245.23	-0.00507616866211148	0.000128096576608522	0.0218879119030461
PF01883.22	0.010823069830999	0.0205921081189543	-0.0031965022164242
PF09922.12	-0.00288241539639758	0.0219841618283756	-0.0220024537983434
PF07730.16	0.0102747761567989	0.00587828929251951	0.00405534118644024
PF00196.22	0.0103257852582925	0.00146384025809001	0.0127702845707035
PF00390.22	0.0023914422657044	0.00978124338581741	0.014057312330342
PF03949.18	0.00255924907245429	0.00867976954449997	0.0137652072368114
PF03390.18	0.0111558777019964	-0.00217342911228239	-0.0142900407413607
PF00892.23	0.00998459337529953	0.00216038276629018	0.0203600832957177
PF16069.8	0.000988654153938906	-0.00920454027073623	-0.00511962935741253
PF04464.17	0.00134782077993519	0.00725790082064355	0.00931384430522517
PF01676.21	-0.00310834392205076	0.00409543125146468	0.0281443090663495
PF12674.10	0.0171539341004544	-0.00618218396828912	-0.00396445263548992
PF04266.17	0.0239417549162185	-0.00743353867157149	-0.00879934735959834
PF01906.20	-0.00279356621338629	0.00129303758111032	0.00742704498683207
PF01268.22	-0.00689945331763375	0.00278810792065739	0.0253690618972772
PF03840.17	-0.00568358464151883	-0.00740409000931377	0.0112091458348006
PF05167.15	0.00492278387669541	-0.00394186516232641	0.0128462433407951
PF13654.9	-0.00194483228624176	-0.00626937885054937	-0.0135395939677204
PF01389.20	-0.0140157188902167	-0.0150085924969707	-0.00476461727798989
PF00691.23	-0.000684858590735432	-0.00243776638161908	0.0235679594936932
PF00328.25	0.0187743124061966	0.02185282295656	-0.00534185214041165
PF11791.11	-0.0120119636560312	-0.00107644767417003	-0.00941536181083219
PF06434.16	-0.0118766415262561	-0.00112756705592695	-0.00949455884250767
PF14710.9	-0.00822456004192508	-0.0152530565191321	-0.00791365500288877
PF00816.24	-0.0135538006030971	-0.0106232028414995	-0.00244052095321255
PF06305.14	-0.00651743220545107	-0.0176224886301606	-0.005533704079985
PF01258.20	0.0191953052297582	0.000289423666407217	-0.00942068552927071
PF04355.16	-0.016576052925301	-0.00701539787769901	-0.00569779720455226
PF03881.17	-0.00447244155195661	0.000417158505161514	-0.0137811008762896
PF01326.22	-0.0112718662346645	-0.00489708653918411	0.0520675100335187
PF12800.10	0.000567646908147117	0.00348454939490379	0.00577106768261636
PF13247.9	0.000725986524444274	0.0235560363505111	-0.00978223603589703
PF10415.12	-0.000455621039285467	0.024809297604774	0.00306610021771987
PF04728.16	0.0056019153014482	-0.0184167444854616	-0.0018585344460704
PF07063.16	-0.015169014618423	-0.00880359605067826	-0.00248334155605684
PF04344.16	-0.0108705650342854	-0.00264224516909917	-0.0036075824284793
PF06167.15	-0.0120868056600871	-0.00146077538957199	-0.00272684548761609
PF11741.11	-0.00147536169899356	-0.00482385664043942	-0.0106796004501256
PF01520.21	0.00252421690738517	0.00472872354551514	0.0208713947176021
PF01494.22	0.00864465914074136	0.0119912802986557	0.00492819367654653
PF03709.18	-0.0174030413733462	-0.00595734374686139	-0.00644837366731485
PF01276.23	0.00218298820580157	0.00124114197993474	0.00936626393633971
PF03711.18	0.00176271588030805	0.00181739578257996	0.00913628939476386
PF13708.9	-0.00854401993827613	0.000166616684920076	-0.00884253044647089
PF01384.23	0.0317663824806133	0.0179076102270043	-0.00737104530204882
PF11939.11	-0.00610428674007122	-0.000877103817202335	-0.00108466206309274
PF01042.24	-8.38095379963333e-05	-0.00375420263092451	0.00879375458956795
PF03880.18	0.0074043432047469	0.0251832620908668	0.00475657053811369
PF08364.14	-0.0154622599419771	-0.00381196621988864	-0.011343937796741
PF02481.18	0.0208936186155083	0.00745930392260799	-0.00298871761971019
PF17782.4	0.014923817910646	0.00042370220651116	-0.00938284458385375
PF10941.11	0.00166668265232241	-0.0271459346506109	-0.00690807431687195
PF00510.21	-0.0065558215952215	0.00726366348804081	-0.0122981614954616
PF13533.9	0.0195896283637945	-0.00799490941866743	0.00709020460846846
PF19310.2	0.00625121557084654	0.0145853841679744	-0.00268386522157908
PF13624.9	0.000152535507032965	0.0379293411296633	-0.00969684002327866
PF04932.18	0.0135726482545898	-0.0162669075875254	0.00985631419001346
PF14849.9	0.00876566811650219	0.0215959350460497	-0.000661685651728909
PF05321.14	-0.00786212401826167	-0.0168012233147503	-0.000446946455488197
PF00141.26	-0.00710458294713239	-0.00741162332532797	-0.00780190565138179
PF05681.17	-0.000531316072260725	0.0152437118966522	0.0161721650124487
PF05683.15	0.00157175717477028	0.0132409547398	0.0134936726092197
PF00350.26	0.00474563473573144	-0.0107113035152998	-0.0122532466825765
PF02335.18	0.000883462854689035	0.0232535443532328	-0.0126127782568392
PF00316.23	-0.0178785597427499	-0.00711633400468524	-0.00525953069025412
PF18913.3	-0.0178785597427499	-0.00711633400468524	-0.00525953069025412
PF13085.9	0.0111349153854127	0.0116818664260451	0.00488099153954838
PF13534.9	-0.00075222964952543	-3.12825852864077e-05	0.0159992775463625
PF02910.23	0.0124370970147667	0.0148725390552046	0.0139341261288898
PF02416.19	0.00754623313625406	0.00945194941350742	-0.0161522032733922
PF03606.18	0.00132390758943702	0.00180522687737541	0.00355058356226617
PF13505.9	0.0137028366229477	0.0115235573996646	-0.00393489686849612
PF10799.11	0.00499659633656352	-0.00638945197886293	-0.00343877877635955
PF06826.15	0.00169312558493649	0.00992917420055316	0.0180145082931642
PF00970.27	-0.000522084618245539	0.0141734027866453	0.0135512927721242
PF00111.30	0.00648386366177373	0.00914463378890595	0.0125697906008917
PF03331.16	0.0117444903065278	0.0180265636587504	-0.00112563671390756
PF01571.24	0.00562995867766723	0.0274605571015657	0.00142534777972022
PF08669.14	0.00546425158753869	0.0303044011311552	1.37350304211724e-05
PF09835.12	-0.0111199371097403	0.00689044652289249	-0.0100917501443846
PF01220.22	0.0148297701230014	0.00220568522107272	-0.00710100410357538
PF03453.20	0.00476668145346677	0.00435094617337798	-0.00636771730271069
PF00994.27	0.00284638461691446	0.00550774414254806	0.0125068585811418
PF03454.18	0.00431653558602965	0.00398386522891376	-0.00644417613138395
PF01218.21	-0.0118646649645983	-0.0208626652941116	-0.00506358149436221
PF09424.13	0.00395584414316612	0.0148252739717505	0.000951876496249069
PF01810.21	0.0256045884677343	0.00161109792083621	-0.00633712628505103
PF03576.17	-0.00227041737806745	0.00296546370521948	-0.0146168313029621
PF13629.9	-0.000354953827403131	-0.0158901253981355	-0.00726821870434659
PF04972.20	-0.0148876914183069	0.00192291403925999	-0.00762333480757342
PF00263.24	0.00502332213226048	-0.014799399075209	-0.00972783397309607
PF07995.14	0.00891356956548504	-0.0205834838586355	-0.013560722872717
PF06965.15	0.0198687558821764	0.0146014794645738	-0.0155785936719466
PF04230.16	0.00366558671510612	-0.00687931514301631	0.0104596243882938
PF09587.13	0.00892096819488109	-0.00491892914123164	0.0102802945588247
PF06055.15	-0.00164393398723077	-0.0392572806170211	-0.00490332082146774
PF03459.20	-0.0186896665488324	-0.0116615717416101	0.0424528982719596
PF03734.17	-0.000715881620089265	0.00149763438895336	0.0174126936703362
PF04324.18	-0.00229845609322948	0.0104913346908428	0.00990960388335654
PF00989.28	0.00819276811144083	0.0162114227399463	0.00540341943173498
PF10079.12	-0.0135826422567839	-0.00841085354068658	-0.00597577355972577
PF00374.22	0.0141382439043886	0.00515735915157214	-0.0160633831516491
PF00474.20	0.0060654545525053	-0.0134044439509204	0.0204201033363155
PF13414.9	0.00597797841494431	0.0203555883074034	0.00849244994600736
PF07719.20	0.00218286950936113	0.0189771233989247	0.01148211759072
PF13432.9	0.00801083597625342	0.0128705055147422	0.0218344412584446
PF00515.31	0.0177194011011516	0.00675686874371639	-0.000859446608948534
PF13645.9	-0.0137505829030017	-0.00746045986838915	-0.00124400695895519
PF16736.8	0.0266020276369779	0.00450420578124577	-0.000497642604231833
PF08238.15	0.0165046578908949	-0.00606712494133453	0.0335136322997617
PF10040.12	-0.00620070786652266	-0.0163517174110974	-0.0129397554041179
PF01609.24	0.0144877672966596	-0.00784588118580326	0.037122769127197
PF00490.24	0.0100613794328643	0.00301174798036706	-0.00391478158538019
PF13412.9	0.00855346229515729	-0.00415024195577307	0.0182860772404475
PF12801.10	0.0134381642555605	-0.00074028567214669	0.0136105568897639
PF08486.13	0.0145771228263418	-0.00351779951511648	0.00785524281918553
PF10091.12	0.0207234978996963	-0.00664033216869337	-0.0076836198684415
PF06165.14	0.020504078725973	-0.0228311169728401	0.0157954266415659
PF17167.7	0.0206922833117508	-0.0264115365413121	0.0167300106732208
PF05378.16	0.00556928316373878	0.00977978143411465	-0.0103039032493947
PF01968.21	0.00621311299582518	0.00978752356185792	-0.0101063946101165
PF12831.10	0.0281287840446336	0.00961144469841696	-0.0138368078194115
PF07833.14	0.0134902948616431	-0.0120733828521789	0.011239072909278
PF01584.22	-0.00912699530947166	-0.00592213287966194	0.0374989064652384
PF07715.18	0.00914518510700698	0.0147308201727516	0.0321001956978934
PF00593.27	0.00804375252570247	0.0200097248475778	0.0290887468060438
PF20142.2	-0.0162490324178801	-0.0128567700622855	-0.00376084462141301
PF07494.14	0.0290569575566797	0.00214784701575563	0.0127492612215564
PF07495.16	0.0287406706864404	-0.00430914147418198	0.00188684147435929
PF17970.4	-0.0127234034571487	-0.0100656204486693	-0.00172402341817423
PF11974.11	-0.00258010119454979	0.00571080016013396	-0.0138383710132784
PF01835.22	0.0147472677187457	0.0231612789276528	0.00114336941419653
PF17972.4	-0.00779445283250119	0.0108624617902849	-0.0132836254363055
PF17962.4	-0.00837978432004997	0.00201845798344361	-0.0116844054312781
PF07703.17	0.0188284111212978	0.0224444828577086	-0.0200958962252208
PF00207.25	0.014130798027856	0.0221630613248204	0.00221773170916342
PF17973.4	0.0146976826576654	0.0229639173611701	0.0011530972574763
PF16387.8	0.00672306833301391	0.0238074194683693	-0.0131335143141405
PF20410.1	-0.00737489970739293	-0.0129166301940319	-0.00355882951787895
PF05610.14	-0.0113548596982476	-0.0261154536122272	-0.00175135659617248
PF02055.19	0.023061972342738	-0.000584621617922922	-0.00717796581629174
PF17189.7	0.0131216599185525	0.00234447604133422	-0.0134089471020828
PF19291.2	-0.0202342087006122	-0.00168989583360835	-0.00635454052221469
PF00723.24	-0.00850262794030621	-0.00470917620200491	-0.0110865102777306
PF02735.19	0.00316296496364942	0.000889032156696102	-0.0135490288417705
PF01315.25	0.00845576665356102	0.00589439764982717	0.00613815278822758
PF02738.21	0.00872173069127002	0.00603959644928975	0.00619027450131294
PF20256.1	0.00871138557846944	0.00614005877157382	0.00846326129240814
PF05559.14	-0.0221434721120121	-0.00427831573751899	-0.00347035137904932
PF02472.19	0.00610882627240394	0.0202911821560968	0.0162687045120848
PF07676.15	0.00718455455223048	0.0233721373328752	0.0267823562861689
PF00326.24	0.00872033708451887	0.0160792527229287	0.0148988796804783
PF00199.22	0.009842506234433	0.0181171987100369	-0.0152233156732914
PF06628.15	0.0099412257306003	0.0136211909013465	-0.0137626573609821
PF18011.4	-0.00666008937439531	-0.00907700588364572	-0.00945361841780595
PF02347.19	0.00721193330691768	0.022470085632635	0.00950455265973607
PF08019.15	-0.00681727918730619	-0.010887173822679	-0.00494031855543712
PF01656.26	0.0110446204648407	0.00822658364723457	0.0139151210438423
PF04241.18	-0.0131974558057574	-0.0215394411084351	-0.00260010211242317
PF00116.23	-0.00620183060699019	0.01564030933625	-0.0150276152738607
PF06481.17	-0.00490697122914935	-0.0258695609900335	-0.00101605638722487
PF00115.23	0.0100020484003504	0.00991948930208388	-0.0162538526949142
PF17899.4	-0.0200034833661597	0.00412654660111608	-0.0084233840336292
PF07720.15	-0.00596525663946833	0.00033984020378143	-0.00203673639441348
PF05299.15	-0.018292733019058	-0.00359735041705658	-0.00640026411130048
PF00183.21	0.00145732010057416	-0.000967213447827061	0.0301637082107301
PF00724.23	-0.00137560434877727	0.014745092362242	0.00915404368351639
PF14361.9	-0.0143883980522888	-0.0117476281105887	-0.00120330407740141
PF00722.24	0.0243813353416832	-0.00365301830883902	-0.000675776534153242
PF06964.15	0.00782328554621916	-0.0061042429028789	0.0181928942466675
PF12242.11	-0.00757412866434227	-0.00863764830920096	-0.00115749425502434
PF12241.11	-0.00737897040683223	-0.00854329702331422	-0.00115114556373707
PF07055.15	-0.00737897040683223	-0.00854329702331422	-0.00115114556373707
PF01578.23	0.0150659275091011	-0.000940893568086757	-0.0129413280908507
PF03740.16	0.0165004977405086	0.0105423764789886	-0.0130804601227822
PF03301.16	-0.0155134355522728	-0.012422801356621	-0.00252163319173897
PF05819.14	-0.00437729252328365	-0.00494431886467109	0.000307003440786144
PF01052.23	-0.00834139549173316	-0.00251746364463569	0.0299885150993481
PF01514.20	-0.00818795708154111	-0.00207193749082248	0.0214921877748746
PF03958.20	-0.00260435085670662	-0.00251367425981301	-0.010822573724841
PF01095.22	0.0352795049505388	-0.0546223916847388	0.00643738319064428
PF16355.8	-0.000927346420586208	0.000241665409341633	0.0235849370022095
PF18565.4	-0.00193160325790903	0.000413426466652958	0.0242994957000982
PF13560.9	0.0134191910056967	-0.00152006113687425	0.00604119492901979
PF09856.12	-0.015246313959409	-0.011535587916994	-0.00355338224819347
PF02737.21	-0.0128556535361197	-0.00535969209029906	0.0344904710258847
PF00725.25	-0.0128018940188227	-0.00533892354666692	0.0344930051629832
PF13385.9	0.00383035061437284	-0.00540794581456647	0.0261950736797967
PF04244.16	-0.0154154650107773	-0.0130036641284806	-0.00384305633773924
PF19306.2	0.0199743908687068	-0.0222894812558145	-0.00441662419636074
PF08494.14	0.0198948907273466	-0.0180520258405809	-0.0036756571166919
PF00082.25	0.00387304211025384	0.018670777063516	0.0242160195053542
PF12951.10	0.0231502340852521	-0.0312492049441745	-0.00162769689487775
PF03797.22	0.0204236685930962	-0.00745624907532073	-0.0140057833105224
PF01863.20	0.000323212973384086	0.0174918858697748	0.0039991222469007
PF13676.9	0.0100682079410862	0.00186251974493619	0.00377382231282712
PF09924.12	0.00989217763156199	0.00879806094927406	-0.00178972868011897
PF05593.17	0.0137673592436671	-0.0267665842006523	0.0357917730547999
PF05960.14	0.0111018478429098	-0.000174938667268352	0.00261945015343001
PF02592.18	-0.00935138259450254	-0.00810402743956161	0.0133425386882856
PF08242.15	0.0212584516482034	-0.0190683391999911	-0.00874124971939179
PF14559.9	0.000836594644203228	-0.00172843660458241	0.0183670336035339
PF13174.9	0.00542347667285274	0.0197729606957193	0.0163832389867606
PF02684.18	0.0237587379276619	0.0106958950236735	-0.0139305500099675
PF07244.18	0.0167032559411893	0.0250023609840851	0.00983148887746953
PF00345.23	-0.0192262878559384	-0.00221816621040367	-0.00513554896255925
PF00577.23	-0.0118973062650074	-0.00693621040231781	-0.00789836636863754
PF13953.9	-0.0161163918637343	-0.00899190073369523	-0.00816973712055893
PF05229.18	-0.00779915555852994	-0.000761497634862831	-0.00770640577468251
PF08335.14	0.0120863062344552	0.000996353818895379	-0.0144111150912315
PF01915.25	0.0105021509359498	-0.00270366291520745	0.0249987397273384
PF14310.9	0.010464378394256	-0.00254404314626669	0.0246773407887172
PF00246.27	-0.000813069021456187	0.0310707373032853	-0.00388112877873994
PF11738.11	0.00886830999832755	-0.000763198988583416	0.00617029903996482
PF02771.19	-0.0119069270828355	0.0051244059905549	0.0400820274723262
PF02770.22	-0.0119286417560649	0.00511548710889507	0.0400812453115465
PF00441.27	-0.0119384159951367	0.00510359357040006	0.0401010550454257
PF12969.10	-0.0141681768728663	-0.0137681143282498	-0.00500540063327501
PF01841.22	0.00637906005370758	-0.00177504877497817	0.0228203237108785
PF04893.20	0.00497571587680845	-0.0303000804578323	-0.00140491538816919
PF00875.21	-0.0107495998879686	-0.0101020441249383	-0.00832882632455094
PF03441.17	-0.00992215845194673	-0.00819646161988847	-0.00755702300835681
PF03929.19	0.00272801465861874	-0.0414260928156812	-0.0106117844327296
PF13683.9	0.0080748457604614	-0.00212118830191953	0.00607447006411812
PF02321.21	0.0157815563886034	0.0190856200409045	0.0125710976350436
PF08328.14	0.0143846197265298	0.0327885178382439	-0.0160107766436592
PF00809.25	0.00278748809815588	0.00105842163790989	0.0180271726390675
PF02607.20	0.00619742564595839	0.00389523693059039	0.0116074312062262
PF02310.22	0.00477503162805716	0.00897546671415302	0.0217913767250797
PF02965.20	0.0129283296394916	0.0165759247289883	-0.00611908563611687
PF03473.20	0.0138103704115782	-0.0103029685794247	-0.0111726624706303
PF08411.13	-0.0165372398264721	-0.0225037091828734	-0.00284674119785894
PF00484.22	0.0160054271287158	-0.0147038152752929	-0.011206394506002
PF04962.15	0.00844929660433	-0.0113746807607708	0.0103238990942974
PF01008.20	0.0093407377019849	-0.0205128306153617	0.000827929624784138
PF00221.22	0.000684379973918359	0.0181570476592444	0.00663606462286211
PF04471.15	0.00785782773473155	-0.00227392124187812	0.00487051185275209
PF16697.8	0.0183642794190485	-0.00726056468795231	-0.0144801067012054
PF01794.22	-0.0121885018556935	-0.00106058083569951	-0.00821800152223182
PF03544.17	0.00876102283433061	0.0332351361428633	0.0113551443764927
PF20172.1	-0.0166290051061339	-0.00809816096697407	-0.00272232969663905
PF14300.9	0.0200202107808677	0.00557608744521233	-0.01642388680402
PF05598.14	0.00980630961446438	-0.00143317973878735	0.0323658091428849
PF04343.16	0.00502584522029883	0.0128232044776438	-0.0142257342311763
PF07866.14	0.00546679070033334	-0.0128331065293132	-0.00190699121369625
PF14237.9	0.0107176774047442	0.00376922588107591	0.00204343869589585
PF01223.26	0.0166191348991609	0.0191953791703336	-0.0156544610705883
PF13490.9	0.0175538241809913	-0.00538085365419466	0.00556814331314788
PF00487.27	0.0078884146154221	0.0118802839423043	-0.0206966309013787
PF01292.23	0.00188384158081063	0.00229675477377649	-0.0157779123806334
PF13202.9	-0.0145082391509584	-0.0129114317884487	-0.00443292845076093
PF02698.20	0.0120359378576804	0.00149616870726849	0.00504429594211903
PF01128.22	0.00380709007891728	0.00274301174359598	0.00766330480951983
PF01142.21	-0.00748792580353394	-0.00902565318974072	-0.00862946187487174
PF12867.10	-0.0084441809220595	-0.0227147061226855	-0.0076132744523
PF03781.19	0.0120732369321258	0.0225668168707413	-0.00324443829494539
PF03109.19	0.00945518670300771	0.0179424488889271	-0.0162104093385666
PF20169.1	-0.0125358527983273	0.0076948380678232	-0.00902827777692634
PF16338.8	0.00669866944826024	0.0110811762865082	0.0118758651597643
PF07691.15	0.031099119618742	-0.0219425844449715	-0.00732711994316204
PF17137.7	0.00765603291269151	0.0162144529498621	0.0153643157347488
PF00083.27	0.0208890087002145	-0.0113249176595414	-0.00115378592103698
PF02649.17	-0.0142366951156271	0.00621370446273276	-0.00943666033432629
PF02569.18	0.00385566988620026	0.0172744350425894	0.00171953285488114
PF02261.19	0.00616319141996167	0.0195598190561411	-0.0060815255916109
PF18559.4	-0.0170520588891259	-0.00882818766477854	-0.00325054628912845
PF00150.21	0.0104721955198074	-0.014732471388497	0.00827399213703001
PF08479.14	-0.0219430706470943	0.0083853229621351	-0.00697188359052492
PF17287.5	-0.022612606261832	-0.000659852678787422	-0.00548136291484585
PF03865.16	-0.0192896779825727	0.00207752668856206	-0.00619440779031463
PF05860.16	0.00269216902427541	1.78766797583954e-05	-0.015935529270008
PF05594.17	-0.00108309515216796	0.00287099971457743	-0.0014871523247684
PF08029.14	-0.000728013663523201	0.0244718394723368	-0.0119226689952715
PF01590.29	0.0136090460449817	-0.00132907573359361	0.008738377520272
PF00563.23	0.00154789630623077	-0.0121394713997479	0.0275837110473306
PF03975.16	-0.00577942355368379	-0.00507019905878863	0.0126883154049158
PF12729.10	-0.0111779843895369	-0.00023933400461339	0.0314014007759918
PF18947.3	0.000707438309424284	-0.00815384097690512	0.0131234365644896
PF03724.19	0.0101518522329193	0.0195987734753403	-0.000241325891394924
PF18575.4	0.00103735780604978	-0.00348687780829869	-0.00336960984461891
PF01627.26	-0.00656141441441544	-0.00211893537440348	0.0345959109940335
PF02895.17	-0.00869750124939755	-0.00267128249859703	0.0335875745155299
PF03707.19	-0.00220005210661591	-0.00360221113508066	-0.00318016965873608
PF01311.23	-0.00516330759725876	-0.0140961952160618	0.012141692984835
PF02154.18	-0.00635403004908291	-0.0101375635743413	0.0235029156917861
PF02120.19	-0.0115687991252539	0.0143404825234504	0.0284052464740674
PF02050.19	-0.00273023647872741	0.0126956783163019	0.00626602454724022
PF18269.4	-0.00372978243745733	0.0019852931351577	0.0213259168269555
PF08345.14	-0.00818923449969224	-0.00211347267705372	0.0214028028573946
PF06490.14	-0.0144267727507416	-0.0100109807122329	-0.00187426257928585
PF00158.29	0.0209467845119012	0.0180699342760127	0.00430832237666788
PF02954.22	0.0177693169002513	0.0211395977117865	0.00247293333783094
PF02465.21	-0.0144737467808991	-0.0039441631816497	0.0339107739561096
PF07196.16	-0.0184251669299289	-0.00758805083255754	0.0194415201799542
PF07195.15	-0.0137105949729208	-0.00950848751601504	0.038231424437459
PF10135.12	-0.00905461258380721	-0.0143217343036976	0.00828607081025304
PF02119.19	-0.0124978301671812	0.00323833445221565	-0.0097101434025675
PF00460.23	-0.0156392481190233	-0.00439436805110949	0.0387683604948162
PF06429.16	-0.0148633891443114	-0.00422448272099173	0.0391291284020675
PF07559.17	-0.0151679226495835	0.000274340346834687	-0.0083109406125098
PF00080.23	0.0092018424852969	-0.00582919219795956	-0.0106435940782263
PF00899.24	0.0117201556254618	-0.000741451362575251	0.00730370418288272
PF13823.9	-0.00788804908428791	0.0114795874227644	-0.0100092963185044
PF13379.9	0.0183728378960358	0.0013273353261096	-0.00851679353436782
PF18267.4	-0.00266000131098848	0.00525494145297155	-0.000576561420877943
PF03460.20	-0.00592464690682691	0.00407499664362208	0.0197302452286672
PF01077.25	-0.00612970818934619	0.00347918724785994	0.0195382276945991
PF05974.15	-0.0140948446830747	-0.00750768999142955	-0.00382359617961447
PF13018.9	-0.00856448664875094	-0.0193686493922671	-0.00649590017292322
PF02630.17	-0.0149590035588227	-0.0124483044578765	-0.00618498665895229
PF13372.9	-0.0106967459796881	-0.00868938913919562	-0.00222126363678081
PF03721.17	0.00733539734849733	-0.00066792141519214	0.0137916727409774
PF00984.22	0.00733605498887764	-0.000683595500495564	0.0137951600228201
PF03720.18	0.00816742439034363	-0.00347954419802109	0.0120527300042564
PF02606.17	0.0175815419278459	0.0110569910492964	-0.0123319235955158
PF13567.9	0.0137246214997383	-0.00320898433529092	-0.00134998825046207
PF03772.19	0.0185293448418	-0.00314814228792126	0.00340917701860192
PF16576.8	0.0164845117237217	0.0135554538679849	0.0108967328893854
PF00529.23	0.00805239129163783	0.0150990192348013	-0.0105765234008919
PF13442.9	0.0128714454759514	0.00893403765796621	-0.0166263052753687
PF03618.17	-0.00797354648944369	-0.00168049697538568	-0.0119677389966888
PF05977.16	0.0115429853617543	-0.0015214832817872	-0.00644722733652615
PF02254.21	0.00462189593357874	0.00127882596631249	0.0194242550282791
PF13727.9	0.00294433091854261	-0.0014663589081292	0.0167123947749848
PF02719.18	0.00555982942988185	-0.0044407154414141	0.0152048316930041
PF00754.28	-0.0164079970026564	0.0178618851419243	0.0373821433037204
PF05096.15	0.00582113507465648	0.00218134998473192	-0.0081724882044979
PF16327.8	0.00460859934860646	-0.0122745661092633	-0.0138715459414545
PF00295.20	0.0238426395064768	-0.022669445988057	0.000875187059114075
PF17203.7	-0.00996836437959703	-0.00731751980805016	-0.0105552610971107
PF01337.21	0.000473343545067086	0.028510010727378	-0.0229904774471709
PF03853.18	0.00780766499160158	0.00849100820174632	0.007770669601383
PF04386.16	-0.0190605046506102	-0.00947196504735543	-0.00137674008618051
PF00033.22	-0.012361517290315	-0.0090271004058641	-0.00565772385308336
PF00032.20	-0.00582053967716425	-0.023492399280093	-0.00631824545723221
PF10399.12	-0.0113635397895485	-0.0100260848905061	-0.00966049191300811
PF00355.29	0.0230079350958237	0.00310051076799917	-0.0124016593695738
PF13280.9	0.0126237365387101	0.00436670680361322	0.0185709686530108
PF13387.9	0.0154193515760838	0.0167577033161973	-0.0127113659827175
PF03924.16	-0.012488904365795	-0.023445976029424	-0.00723785566478329
PF01965.27	0.00694963117739052	0.00525878777613505	0.0120501560057404
PF05088.15	-0.00521495843380795	-0.00634672455715334	-0.00816866513270992
PF04966.15	-0.00725595429122042	-0.00111825498282854	-0.0106281013639507
PF04488.18	-0.000240568406588742	0.0164122093373616	-0.0171456032786005
PF02333.18	-0.00696627610459916	-0.00699480469759139	-0.00124895746621317
PF02927.17	0.0196581285693444	-0.0142942654683534	-0.00263159508943384
PF00759.22	0.0198665055118019	-0.0142811040470858	-0.00259397913531253
PF07944.15	0.0154897577851068	-0.011846747686888	0.00913435101454578
PF20620.1	-0.0033865564646883	-0.0301986870912095	-0.0022945466101641
PF18950.3	-0.0225683583744344	0.00382506015628884	-0.00874394543152568
PF04362.17	-0.0109407201063588	-0.00722546551455424	-0.000292139462310243
PF01274.25	-0.0176864848914638	-0.0118937660920402	-0.0060925069429769
PF13188.10	0.0213977274315805	-0.00330943365329702	0.00689434597730129
PF08212.15	-0.0100733691364083	-0.00307917789601479	-0.00458433566939467
PF01963.20	0.00990092427508261	0.0111291054364131	-0.0080412249541467
PF13692.9	0.00578016298332047	0.00978457423630953	0.00826905161045296
PF14508.9	0.0188151456812923	-0.00092854093649061	0.00700927045651622
PF10566.12	0.0187654805654189	-0.000712349386277638	0.00693487794258196
PF14509.9	0.0187550585214572	-0.000715112621605139	0.00693432604621707
PF03135.17	-0.0151510861705357	0.00441146554639352	-0.00877505666001487
PF19044.3	0.0418897244116638	-0.00881503826277204	0.0121507701250184
PF04956.16	-0.0274003840324247	0.000760607459895551	-0.00701322882598325
PF03524.18	-0.0149426056544707	-0.0151686846600926	-0.0024217618693072
PF13620.9	0.0231266365468074	-0.0185569897415691	0.000514539552191447
PF00361.23	0.0120799383948093	0.00203540630992698	0.01766486784241
PF00662.23	0.0114101257940212	0.00486289754548277	0.00640074000440313
PF00146.24	0.0117921332627666	0.0105470726525158	-0.00416114817323871
PF01512.20	-0.0106592091715323	0.00854833709326971	0.0283544811244613
PF10589.12	-0.0102238227277716	0.0115950341699873	0.0213071050368979
PF00346.22	0.00691024171346565	0.0251852423412169	0.00313942455278364
PF00329.22	0.00704025272872953	0.0220762484866032	0.00239248645956392
PF01058.25	0.0100512451122787	0.0147565036327785	-0.00401927049266481
PF14827.9	-0.0102309317831514	-0.0125342139855048	-0.00786720817226025
PF05872.15	0.0163863089868753	-0.010087185497946	-0.00638473257077403
PF02661.21	0.0101324238403165	0.00274703622482454	0.0186461192457644
PF00245.23	0.0221756353207527	0.0235557664860037	-0.00381002334400467
PF01523.19	0.00880013701569085	0.0148934445607928	-0.00859310526249079
PF19290.2	0.0034744539595441	0.0287579557825422	-0.00315720046476226
PF19289.2	0.00327302505030648	0.013341063510018	0.00595338678972589
PF13116.9	-0.0127274150376353	-0.000602007574903188	-0.010266948504478
PF13502.9	0.0313749958551605	-0.0116162422887428	-0.0134378325422446
PF04390.15	0.0209160794036684	0.021783178267839	-0.0174213162674501
PF14561.9	-0.0103675490947595	-0.0158734816677945	-0.00799780030347507
PF11066.11	-0.0150856086107518	-0.010803789332945	-0.00746076547581218
PF01124.21	-0.0140339892218605	-0.007685694691727	-0.00188465308648562
PF01663.25	0.0214279594784356	0.0227631995229003	-0.0108587938538734
PF06719.16	-0.0171829335982335	-0.00728866916330189	-0.00667290168895636
PF04378.16	-0.0202279883479307	0.000891177946179178	-0.00575745250828603
PF13466.9	0.0102748703485032	-0.00134406245812667	-0.0157831002392705
PF01339.20	-0.00283760705169096	-0.0147889952474424	0.0219146531670235
PF05684.15	-0.0177247389401251	0.00727529723158671	0.00292656010821406
PF02743.21	0.000536237297689487	-0.00452298918554781	0.0274635955038989
PF01738.21	0.00149497836543534	0.0120534798046891	-0.0129883837343165
PF02567.19	0.00626882517442803	0.0157975278132548	-0.00814423433559085
PF13687.9	0.014912844977126	-0.0229922069665835	-3.48177125091298e-05
PF13640.9	-0.017553982252164	0.000985577470600315	-0.00718688132834555
PF18331.4	-0.00878011207619987	-0.0092237568120067	0.000231315362948031
PF06835.16	0.00736372607401917	0.00202357686054344	-0.0108248371290243
PF00309.23	0.0139731404678371	0.0171811504090848	-0.00211677381322655
PF04963.16	0.0141516307250651	0.0175427598199596	-0.00182729275921708
PF04552.16	0.0143197023748692	0.0172384377732781	-0.00194949101416099
PF03448.20	0.00251763433575015	0.00333112126652842	0.0137134229611809
PF01769.19	0.00412807165339157	0.00473640995467939	0.0115912794703069
PF00544.22	0.0255482713564747	-0.05424269417101	0.00644387966967246
PF13621.9	-0.0192826940586931	-0.00218490787899201	-0.00454412985446088
PF07277.14	-0.0117155527910925	-0.00140624336645567	-0.00301299460224183
PF00376.26	0.0142917792399128	0.00679876348815468	-0.0109605310450698
PF09278.14	-0.0153778079385466	-0.00961559106870529	-0.00390722306021125
PF12697.10	0.0121347649062387	0.00568699232848161	0.00306360472931406
PF09317.14	-0.0107951417287407	-0.0111465176727395	-0.00720195729692403
PF01957.21	-0.00706261490174771	0.00835046838231701	0.0121110567483998
PF01120.20	0.00623232582915163	0.0237631971991252	0.00860857284905141
PF16757.8	0.0143278383332317	0.00278469478074156	-0.00885422506553285
PF06824.14	0.0137375758518826	0.0218326811060667	-0.014383513134752
PF01301.22	0.0117702190013596	0.00537067387145867	0.00742048490970063
PF12161.11	0.00986440984963525	0.00471595457790929	0.0191083337187406
PF13088.9	-0.0119043917122262	0.014818088696604	0.0145667484885745
PF00067.25	0.00414266533318907	0.0070732473155697	-0.0023683870726377
PF01112.21	-0.00648980927875916	0.00253730410072455	-0.0103461121328927
PF14814.9	-0.0156293671356602	-0.0127538500566629	-0.00565119243389449
PF05402.15	0.000226727538016248	0.0137650257694418	-0.0100649832549213
PF13186.9	0.00537169020434978	0.00432156542706675	0.0119743428168491
PF10142.12	-0.0152698025636319	-0.00273483509689496	-0.00219007235660027
PF07536.17	-0.0184195485832832	0.00601871754398083	-0.00857014114303188
PF06056.15	0.00660062320132659	-0.00131343951774912	-0.00976608712952137
PF03237.18	0.0204787081664062	-0.00926633038100144	-0.00962465718351071
PF17289.5	-0.00817441386882681	0.00501262380011191	-0.00853701190110454
PF01019.24	2.28689788392686e-05	0.019376034359371	-0.00505050110595527
PF04984.17	0.0156067881022099	-0.0244009334244211	0.00529940403512454
PF17482.5	0.01577759329548	-0.0243095496822618	0.00533212121928393
PF05954.14	0.0289698736543496	0.00382980109817119	-0.00329284882411507
PF04052.16	-0.0112641970831334	-0.0188672536223843	-0.00740925601313201
PF09346.13	0.00911322280849278	0.00251392902312333	0.00968343549723863
PF04183.15	-0.0188200328828048	-0.00574435964772319	-0.00867989465205412
PF06276.15	-0.0170973641847592	0.00103817988176967	-0.0106259211175403
PF03186.16	0.0171347519044396	0.0182413436169921	-0.00396672644755835
PF01011.24	-0.00565223312098718	-0.0017033591506216	-0.00905952002001963
PF13360.9	0.015934786941502	-0.00377469496415873	-0.011976789244931
PF05157.18	0.0210906824367724	-0.0273358183885305	0.00191040113876751
PF05231.17	-0.0162695699303221	-0.0015206782364951	-0.0107666628389889
PF13086.9	0.0134311956566066	0.0037915509481416	0.00487736603030036
PF13087.9	0.0135345376427649	0.00409952231693315	0.00506797734539065
PF13356.9	-0.00817805393902496	-0.00612713657933738	-0.00686185331446882
PF04389.20	0.0154362857439366	0.0256275110513353	-0.00805959497722676
PF18368.4	-0.0148838156010923	-0.00696209144691418	-0.000994401674269239
PF01235.20	-0.0102436215071593	0.00372646082476411	0.023853637558519
PF01583.23	-0.00163737703687519	-0.00037391997181938	-0.00390879188265466
PF00667.23	0.00250343325067498	0.0115759947967887	-0.00389827906656258
PF10101.12	0.00252767021350228	-0.00124963739591062	-0.00999347284898469
PF05569.14	0.00676383530406965	-0.0065186000109199	0.0358478101384598
PF13336.9	-0.0020636234049923	0.0104381818874937	0.0173536145860237
PF13584.9	0.0123902038065747	0.0194033428653026	-0.00105490068791604
PF07751.14	0.0235848467085406	-0.0121887323618306	-0.00916218944055422
PF03573.16	-0.0226675156620269	-0.00407300621467521	-0.0037858978754668
PF07793.14	-0.0110634486474629	-0.0118187374997189	-0.00391792254177826
PF01878.21	-0.0179650067882472	0.0150115566542313	-0.011115003680483
PF17874.4	0.00715260576517035	-0.00412132675350489	0.00269885456174685
PF01593.27	0.00700626613863311	0.00666387138161921	0.00328206295566844
PF00520.34	0.00921749366180726	-0.0154324695292532	-0.0117352461277712
PF12889.10	-0.0116427117387633	-0.0068601128205044	-0.000770088065904716
PF04610.17	-0.0215028555547887	-0.0142486224434849	-0.00459073473100792
PF20591.1	-0.0129654425061189	0.00518318796398575	-0.00432586704425788
PF03030.19	0.000393879986199374	0.0120508713970178	0.0126858360587281
PF00719.22	0.00229505459190424	-0.00704589948918467	-0.00802141545810707
PF08668.15	-0.0022554018596083	-0.00283408548051394	0.0171364084386076
PF13667.9	0.0103677323274945	0.0313030564125849	-0.00715367708367535
PF01964.21	0.00859904206296453	0.0247511970888265	-0.00238716437577273
PF08502.13	0.00572769222231472	-0.00253954312977047	0.0154108181238947
PF14246.9	0.00410657022232617	-0.00337320543997163	-0.013886591453965
PF04413.19	0.0186925968211966	0.0181617706263995	-0.00895449435812199
PF07396.14	0.021949754997712	0.0102987304907641	-0.00844141021963862
PF04828.17	0.00267862989405307	-0.00722975356692935	-0.00923500086912538
PF04107.16	0.00270854685637536	0.0101903053495532	-0.010996660855522
PF00034.24	0.0117767927146103	0.0040433532425846	-0.0159461573343346
PF00732.22	0.00993536233142365	0.00192713690821515	-0.0174243458116135
PF05199.16	0.0115928561312441	0.000618981461865664	-0.0172889452181948
PF05134.16	-0.00731793735826703	-0.000399812474037452	-0.00301749240252181
PF02636.20	-0.0139096787800695	0.010992235557387	-0.00704045902389226
PF05227.16	-0.0125972623437849	-0.0155716601242663	-0.00515703320375035
PF04359.17	-0.00809948637952177	0.00634939849835234	-0.00270770640759691
PF03783.17	-0.0236754357343724	-0.000846324076051869	-0.00562561379155618
PF03330.21	0.00182517022464408	0.00310441039339636	-0.0153658450468285
PF05036.16	0.00206650976759151	0.0125926664226108	-0.00138825229707669
PF06414.15	0.0114865634514422	-0.00375648901671502	-0.0035665031345225
PF13857.9	0.00389027289414262	-0.002738107143693	0.00542147067552558
PF12796.10	0.00597383597281337	-0.00423094511254512	0.012618114288068
PF00227.29	-0.000417826191652515	-0.00917023507825119	-0.014874602908222
PF02899.20	0.0177722703060727	-0.00892165611328674	0.0201688400239882
PF04340.15	-0.0048615781617343	-0.0194878781937814	-0.00230042528079412
PF02225.25	0.0057951535349224	0.0131757834982393	-0.0159839857178641
PF01904.21	-0.0137356804177922	-0.00635590304620082	-0.00752605017182376
PF00930.24	0.00834901845102872	0.0184332861514422	0.00190673234752822
PF13409.9	-0.017537067178179	-0.00763536494714053	-0.00433599507030737
PF13410.9	-0.0069656667995175	0.0122319197604752	-0.0114692811492189
PF06258.14	-0.0110876910434384	-0.000584745774446751	-0.00490937307442321
PF08021.14	-0.0163382643864357	-0.015812587899152	-0.00721873819628637
PF04954.16	-0.017053905257375	-0.00843647871936972	-0.0073942571152222
PF16957.8	-0.0161583456463106	0.0125370994115536	-0.0112803576656137
PF07158.14	-0.0133544844425232	0.0233930391521178	-0.0134624448856928
PF07745.16	0.0211082262893345	-0.0221159254297866	0.00681070692943624
PF17831.4	-0.00339487463577003	-0.0143297928054114	-0.0128163183675458
PF00078.30	0.0168624444955096	0.00183475563765065	0.0287978674395827
PF19112.3	-0.0142616174744461	-0.00551896103068095	-0.00731889915299421
PF20560.1	-0.0137383161896374	-0.00641070207710076	0.00685963145249931
PF01618.19	-0.0015403081558194	0.00666655890557656	0.024601630459492
PF02469.25	-0.0186677868913996	0.00104283405353404	-0.00820433657255563
PF13566.9	0.0130025878874062	-0.0226076692633741	-0.00102090437656977
PF03705.18	-0.00941592080179261	-0.0177140654271663	0.0216538367176207
PF01739.21	-0.00873805678552219	-0.0174918633203014	0.0220710925950903
PF00775.24	-0.0104046742726454	-0.0150281282755545	-0.00607247683729563
PF12040.11	-0.012899493810082	-0.00755433664755792	-0.000613017125533305
PF12679.10	0.0193907804080671	-0.0180619708661488	0.00853306553994971
PF13368.9	0.0162255874168436	0.0260754107435792	0.00768733758881623
PF10677.12	-0.0110917733797965	-0.00711701278134985	-0.00244884266994991
PF03971.17	-0.0115921589367974	-0.0202415616195217	-0.00637024591785587
PF20239.1	-0.0170164661659734	-0.00436169042066123	-0.00733284603947737
PF01510.28	0.020377510632374	-0.00363744420903565	0.0134042250287396
PF08278.14	-0.00495555937489143	-0.0155020889239796	-0.00825431298935403
PF02790.18	-0.0107470639469358	0.0112075341242008	-0.0134561347881892
PF05076.16	0.0158277564963387	0.00576097346667577	-0.0101961069988316
PF06968.16	0.00108916528748246	0.00841828043336744	0.0106691077544865
PF00883.24	0.00663173427344043	0.0113568270892687	-0.0162233986994562
PF02311.22	0.00766616310001727	-0.00935003247543623	0.021790507219502
PF08811.14	-0.0209979455292909	-0.00772632631968336	-0.00694394138383165
PF04820.17	-0.0189455068989659	-0.0120454450964994	-0.00382956597391836
PF12686.10	0.00600443449751877	0.0043017736269819	-0.00201473328425632
PF00194.24	-0.0160726009128188	-0.0127395536246521	-0.000965124770569909
PF13304.9	0.0121376523452103	-0.000686643958547755	0.0161254315443619
PF03176.18	0.0278925451665073	-0.00648241265829027	0.0106386846010094
PF04909.17	0.0176555978210255	-0.00147477123281807	0.00134627128469242
PF14415.9	-0.00605185543074638	0.00599198210066835	-0.00360516181633472
PF02638.18	0.0107604009278781	-0.00202574347298669	-0.00397385747028999
PF03572.21	0.00660497779521638	0.0177705584800562	0.0185419461117344
PF12860.10	-0.00366135529710835	-0.00708701085205913	-0.0104335676356918
PF13671.9	0.0118384683633226	-0.00494060847336662	0.00358332479653076
PF04357.16	0.0185218673107753	0.0127555376533991	-0.000235005624849024
PF17243.5	-0.011157439930218	-0.00872848313049381	-0.00541680702612749
PF00902.21	0.0132258744698857	0.0109212157720718	-0.0115270373208909
PF04366.15	-0.017865976616534	-0.00847086039529027	-0.00104705931477835
PF13964.9	-0.018201127412256	-0.00267232374451103	-0.00366854515385634
PF01344.28	0.00769134449771865	-0.0147943627274816	-0.0116581719971666
PF08450.15	0.00868142782567173	-0.0127632221780089	-0.01592032715706
PF00331.23	-0.00433427442411022	-0.0142058830776769	0.0124328032087306
PF19277.2	-0.0196040995095078	-0.00333831692631716	-0.00764367845035669
PF03767.17	-0.0169063877478706	-0.00885874197765595	-0.00309342344775556
PF13588.9	0.00827876708683948	0.00353852846088832	0.000115815667935488
PF08446.14	-0.0203549978916336	-0.00132577668838577	-0.0045789871788582
PF00360.23	-0.0219221243055765	-0.00406284559714704	-0.00416101325609116
PF11855.11	-0.020955012578821	-0.0196608263134309	-0.00258828632738547
PF00560.36	-0.0121339703387783	-0.0152390898177258	-0.00414198445782464
PF04257.17	-0.00575260041204967	-0.00123241883396719	-0.00930389209464152
PF17946.4	-0.00459261652946215	-0.00507340808506683	-0.00803645083763987
PF03160.17	-0.00266500980271867	0.0190732778741945	0.0185076559503314
PF05345.15	0.0195188028838516	0.0185880294774169	-0.0152597188983502
PF13602.9	0.0123082897470499	-0.0136650063970881	-0.0155505236779764
PF05651.16	0.000927779094284303	0.0232551192680828	-0.00899857969551842
PF19527.2	-0.00174680003125977	-0.017936784307598	-0.00356127146065798
PF03741.19	0.0115001781804299	-0.0211616612573855	-0.0137906426771945
PF14696.9	-0.023859040453828	-0.0115372847378731	-0.00305256122685015
PF20510.1	-0.0140407329607618	-0.0206946894955599	-0.00458096822498554
PF04209.16	-0.0234253345937288	-0.0216514421756318	-0.00311452741937023
PF03334.17	0.0174758846965569	-0.00823240231856536	-0.0132707436544453
PF13244.9	0.0166724633016321	-0.00890989720520633	-0.0144891878954007
PF20501.1	0.0179597693401363	-0.0205134730230078	-0.00384839263279895
PF04039.16	0.0182130787828485	-0.0245434099925141	-0.00383804982747373
PF01212.24	-0.00272235067414582	0.00786196869486668	0.0168179270818694
PF03435.21	0.0089489456574858	0.0133384654278849	0.00627616997241287
PF12805.10	-0.0128803680255364	0.000688839630510615	-0.00362903593369092
PF13515.9	0.00903478685865546	-0.0163090004981239	-0.0134386394619461
PF00818.20	0.000120004307650389	-0.00124539615143592	5.97724939712747e-06
PF11412.11	0.00830387002694286	0.0159085708075856	-0.0149392274241251
PF02683.18	0.00550420602680394	0.00941694271325677	0.0037639445448946
PF13899.9	0.00825941108126458	0.0129134365696998	0.00135438424503805
PF13205.9	0.023376401781908	0.0265321574718877	-0.0082730972283857
PF04231.16	0.0122045819120607	0.0149947013129841	0.000950199292316839
PF07804.15	0.00577576620489095	-0.00621188357063768	0.00823434675348705
PF14524.9	0.00329472467537235	0.000286222491191967	0.00714057348354851
PF13847.9	0.0127290306293715	-0.00284008723307065	0.0112157605114402
PF01012.24	-0.012220503807552	-0.000215332785218668	0.0412289226876701
PF00766.22	-0.0120922003286571	0.00279989819016577	0.0370271534599631
PF01144.26	-0.00816214300486516	0.00698814983710481	0.0210869338919125
PF14307.9	0.00990207881205932	-0.0010346614340163	-0.0101730854847126
PF01946.20	0.000495455508119774	0.0099564420105219	-0.00270362867825215
PF05187.16	-0.0164820825584874	-0.0123069719826814	-0.00630819276515237
PF03886.16	-0.016002118164196	-0.0123313601005761	-0.00135903484413616
PF02789.20	0.00194098736761002	-0.0121338889108379	-0.0146931866233468
PF03739.17	0.0204735023046716	0.0175443811514819	-0.00372901429388903
PF18076.4	0.00668638946385449	0.0142139085478647	-0.00905355771755463
PF04151.18	-0.0127866668165878	-0.0105776949322782	-0.00574163616220825
PF08334.14	-0.0155038716123112	-0.0104579282449838	-0.00191513684254802
PF13632.9	0.00913285184340291	-0.00435171744766843	-0.00971086570469299
PF03814.18	0.00289030820708437	0.00960181982123633	-0.0137102980064311
PF02021.20	0.0101347599377438	0.00877181266220474	-0.00565927019577363
PF05221.20	0.00727396366415498	-0.00809084451071895	0.0159426786988849
PF00670.24	0.00537005383834435	-0.00247694403142193	0.0122863556696144
PF08327.14	-0.0166179147256767	-0.00316436407368704	-0.00603585867726958
PF04011.15	0.00619104606168155	0.0163777847526816	-0.00766980055779658
PF04166.15	0.0139962602812419	0.0209349830443713	-0.00539024588582582
PF09312.14	-0.0165218644053183	-0.0077603077525372	-0.00578091169326427
PF00639.24	0.00921700175334563	0.0166865313413673	0.00754735051189844
PF13616.9	0.00456521156411834	0.0154629231181319	0.00512682884189626
PF00850.22	-0.013091417466621	-0.000231942700510684	-0.0097672340300696
PF13557.9	-0.0212004232649632	0.000286810550373787	-0.00381040784916448
PF02900.21	0.0112322062011913	0.00428057464800464	0.0043810095861427
PF07859.16	0.00694070808300462	0.00169293070372501	0.00643006988598533
PF03950.21	0.000895899577070864	0.00327531438826507	0.021020595702216
PF13844.9	-0.0137089711237792	0.000677582403787124	-0.00522314289899094
PF01882.21	0.0138209475502875	0.00416036024318049	0.00326352293404222
PF01474.19	-0.0175615525037887	-0.00932138390658112	-0.00573677162850813
PF07726.14	0.0117429124219946	0.00530551923324541	0.00589252882262633
PF17863.4	0.0118669855736425	0.00540298349248751	0.00593772378542682
PF13531.9	0.00574713091407961	0.00120741706432823	-0.00679650290559084
PF12857.10	-0.0156156153994854	-0.000352040423946268	-0.00729325455821451
PF09694.13	-0.0108275524028871	-0.0104397471517737	-0.0023836161214324
PF04185.17	-0.0120572745861985	-0.00555600757236776	-0.00516365936058936
PF05506.15	-0.0149993700003291	-0.00277174882717784	-0.00256898589155453
PF02541.19	0.00461765648116878	-0.0119679125852482	0.00817524419545947
PF13089.9	-0.000128128449098813	0.00164884346575359	0.0161618049216035
PF02503.20	-8.33240980029168e-05	0.0016201876713153	0.0162411161802832
PF17941.4	-0.00010574252858386	0.00162488940947341	0.0162393598252438
PF13090.9	-0.000100699524719583	0.0015983214648493	0.0162360510520941
PF02190.19	0.00354446507121828	0.0139333889301177	0.0145336590917016
PF13623.9	0.00414285095205244	0.018425049318291	0.00515754656949527
PF16123.8	-0.0133700307627553	-0.0208437509617628	-0.00288118474633616
PF00075.27	0.00361733708111627	0.0182793652667928	0.00729402922779912
PF06293.17	-0.00477711988450076	0.00630851708113106	-0.0114464375120485
PF00919.23	0.00329408033311383	0.00812515273177597	0.0203790322497331
PF01885.19	0.015832474534297	-0.00922880249717281	-0.0136428872135484
PF01890.19	0.0157213344460526	0.0136075454444682	-0.00500628399918045
PF07885.19	0.0153243155235009	0.0134875614982475	-0.00796576524094714
PF02829.17	-0.00407238772454594	0.0107207895287246	-0.00452723883531645
PF10133.12	-0.000357607285704684	-0.0113804710579458	-0.016341322488585
PF12169.11	-0.00197212786279866	0.000406209408337128	0.0181646788181875
PF02201.21	-0.0128602144227141	-0.00138976474533402	-0.00266856134982147
PF01637.21	0.0171416541678776	-0.00144304848970358	0.000598048794154061
PF13462.9	-0.00237435663599059	-0.00738016062305732	-0.015767563305439
PF10633.12	-0.00318237938396933	0.0157871218097132	-0.010914154640011
PF12727.10	-0.00386244334873991	-0.00357563027698477	-0.00655423721651458
PF03437.18	0.00566438020806777	-0.0025881409689968	-0.0182758719058828
PF06463.16	0.00812034810388558	0.00194715680272365	-0.00981885303413685
PF09455.13	0.0030052005112284	0.00918593415946094	-0.0117636742216944
PF13173.9	0.0162479881887373	-0.00165447903387842	0.0116176658798569
PF10425.12	0.00215576483917286	-0.0141242621442916	-0.0124651272005303
PF17810.4	0.0147482709791556	0.0203036058026907	-0.00489712684593344
PF00636.29	0.0038952371781713	0.00166628386111538	-0.00105271511642866
PF14337.9	-0.01073896755824	0.0106698680569805	-0.010181775499128
PF14890.9	0.0222373230024867	-0.00953445340385423	-0.0102969297980547
PF14528.9	0.0402832659580326	-0.0163851344863882	-0.00781250925836513
PF13660.9	0.0147004095567653	0.00273829640498185	-0.0170931015090943
PF05161.16	0.0145509084854241	0.00225637636412676	-0.017062834738586
PF09369.13	-0.00175130657893494	-0.00557677218984562	0.0060792069085869
PF07549.17	0.00351643754720171	0.00337080644306761	0.0244711744929958
PF02355.19	0.00175853312038274	0.00322107248856372	0.0276157678863467
PF09529.13	-0.00723379262484819	-0.00490423233629123	-0.010671036326867
PF07661.16	-0.00386222182611438	-0.0119184015368577	-0.00470832000257962
PF10881.11	0.0118260438999071	-0.0122876835761514	0.00554175762812202
PF09960.12	-0.00954131612712705	0.0140103842591991	-0.00944145490025611
PF02492.22	0.00776126156851565	-0.0118025763416598	0.0156031205744226
PF13289.9	0.000150989455920676	-0.0110445275127542	0.00742037353906131
PF00112.26	0.00108450747127369	0.0256784907640552	0.0116399828779469
PF18560.4	0.0126542297019778	-0.0077302695663802	-0.000263959863138625
PF02475.19	0.0148814366443558	-0.000698362480577156	-0.0138741196940618
PF05016.18	0.00299855913734206	-0.0154095116522834	0.016050497777759
PF08350.13	-0.0124586186217022	-9.91355899870954e-05	-0.0014367328470351
PF13271.9	0.00579655818582354	0.0019015979850891	-0.00738092355202651
PF13749.9	0.00877624568314882	-0.00657266804612189	0.0253245569706836
PF05139.17	-0.002420963714205	-0.0251686951050308	-0.0104298306739653
PF12323.11	0.015284134492229	-0.0181616952192509	-0.000724876938754995
PF01385.22	0.0160459055649269	-0.00518229229865452	0.00132819445910728
PF07282.14	0.00230031580314631	0.00201593933073208	0.0125610902822791
PF11824.11	-0.0059001152959821	0.00190721595029638	-0.00231833990187626
PF07705.14	0.0148200283893563	9.91075830795821e-05	-0.00400825883498025
PF18911.3	0.0293935647403037	0.0167974398844476	-0.0135752291231451
PF13290.9	0.00989390609442384	0.0037662459450437	0.0226483370072972
PF10102.12	-0.0133565165190245	0.00510434519241833	-0.00450666067484115
PF04041.16	0.0111255332214681	-0.0115513216221874	0.0106135975685984
PF07581.15	0.0191250644479142	0.00585694150082761	-0.000177938570861974
PF01903.20	-0.0146815173945807	-0.00832714033650201	-0.00469922977038086
PF07796.14	-0.0141395869080828	-0.00434598469413891	-0.00867797209627061
PF02516.17	-0.017876441539216	0.00509040410036599	-0.00422030509454703
PF18079.4	-0.0195081843873418	0.00423813324563134	-0.00450446278029566
PF03463.18	-0.0192162611423379	-0.00316211597120689	-0.00151539787131201
PF03464.18	-0.0234797241604374	-0.00504675765342212	-0.00201388749903037
PF03465.18	-0.0172355375881963	-0.0038362471904117	-0.00227816195597784
PF13570.9	0.00123099285080797	0.00704259980369594	-0.010876560995146
PF17131.7	-0.0182842010996073	-0.00608784650144531	-0.00331219510031853
PF14285.9	0.00472673517232509	0.0091627920551627	0.00232515651211663
PF05228.16	-0.0183574859851147	-0.0041903425508335	-0.00593084078749177
PF07752.14	-0.0135762739322984	-0.00785542321060274	-0.00522619094018214
PF17948.4	0.0046840651717644	-0.0171633808939127	-0.00576725392620332
PF13358.9	0.00793715834362629	-0.0122274808541301	0.0203660688796612
PF08323.14	-0.00610910513451095	0.00216169305040257	0.0278091217985653
PF04717.15	0.0204988928664098	-0.00985952845968771	-0.0136877500458166
PF13296.9	-0.0229812644254358	-0.0150705881033351	-0.00681855899075781
PF10106.12	-0.00312813359758334	-0.00587244791866438	-0.0142429973138589
PF02805.19	-0.000446868624159024	-0.00306794207892828	-0.0189392071907751
PF06029.14	-0.0208902386954665	-0.00527780737843677	-0.00199326435089696
PF16113.8	-0.0127530236414481	-0.00210780350946518	-0.00841800895427734
PF11896.11	-0.0188419915263015	-0.0178786281679898	-0.00374363519532157
PF03377.16	-0.000158690672074546	-0.00201324524083535	-0.000131451889263087
PF05013.15	-0.0147557012249255	0.00914328912788873	-0.00891050333692864
PF13546.9	0.00449578202453499	-0.0147166803712923	0.0315733241473794
PF01257.22	-0.0150070685812107	0.0104613277192692	0.0198199585075047
PF02545.17	0.00286492260502056	0.00137745518652159	0.00540560824325621
PF13241.9	0.013313640899305	0.00120278796610209	-0.0039711536575067
PF01867.19	0.00670212603622285	-0.00593148357116615	0.00414397930690324
PF03861.17	0.014770971964522	-0.019674712154287	0.0020224149430241
PF02602.18	0.0070028756945334	0.00642134883294825	0.00719493093795204
PF12029.11	-0.00514744077588329	-0.0233992711352629	-0.00874009359709545
PF07660.17	0.0232743117488817	0.0180940764895261	-0.00426118632422727
PF16448.8	-0.0215169558610858	-0.00680469249582392	-0.00357580915255944
PF20579.1	-0.0100992238973397	0.000913899453642892	-0.00121103347549108
PF00353.22	0.0278276934667343	0.0356565655660714	-0.00872802066175748
PF04333.16	-0.0038281654690002	-0.00477676644013168	-0.00183402285493357
PF13579.9	0.00777327476454516	0.00847317919382219	-0.0106321527857073
PF04773.16	0.0292854345027711	-0.0187614827368969	-0.00249899187187126
PF13855.9	0.000609732985457468	0.0256979567767455	-0.00722601073534052
PF02203.18	-0.0121834104638629	-0.00379609712849059	-0.00802302048294286
PF03403.16	-0.00569148799770628	0.00462509952212062	-0.00709092631010006
PF14401.9	-0.0108945562549203	-0.0117590284912911	-0.00195945493066826
PF08443.14	0.000237077188564535	0.00849793435969628	-0.0158640200896279
PF05591.15	-0.01759908838912	-0.0098802038047119	-0.00264025688783898
PF00848.22	-0.00364710958633421	-0.00786406734643636	-0.013917444687462
PF14535.9	-0.00144689338412631	-0.000663126714547779	0.0155000660055323
PF07012.15	-0.00670123216856237	-0.000751866517855037	-0.00124317597870312
PF00296.23	0.0164504804171053	0.0123805067723396	-0.0167428489198481
PF00027.32	0.00720590568799032	-0.00535901996158222	0.0151899465249676
PF03445.16	-0.0121377116686115	-0.0223652780758674	-0.0047226236436815
PF10335.12	-0.0132523597354494	-0.0217932183374734	-0.00502433505016752
PF04492.16	-0.0121796993016297	-0.00143711419591576	-0.00108981207044853
PF03968.17	-0.00877666377311461	0.0128450800515852	-0.0126334385768723
PF04453.17	-0.00335565267222906	-0.0131154991596543	-0.0118783627317103
PF05947.15	-0.0217294789831164	0.00446662922514797	-0.00642769819947865
PF09850.12	-0.0121810651408981	-0.0251135895268318	-0.00239952795037403
PF02561.17	-0.0159939452658688	-0.0106694304174426	0.0250584598772167
PF17806.4	-0.000895417248999144	-0.00253041255101016	-0.0152087317806459
PF08482.13	-0.00785311113627035	-0.00347450848245273	-0.0128390576560162
PF12633.10	-0.0144935243988673	-0.00961078481523121	-0.00151349603957927
PF01295.21	-0.0133047597301714	-0.00950863470211131	-0.00136783425168346
PF19335.2	-0.00859793910867089	0.00389656940090666	-0.0105538412840934
PF11604.11	-0.014434087297319	-0.0163224394146421	-0.00117519006464449
PF16220.8	-0.0231773829474846	-0.0207305026451528	-0.00250120095396634
PF11924.11	-0.0178459668669286	-0.0119191485275026	-0.00304951309879013
PF02369.19	-0.0119699146075053	0.00753990906008346	-0.00719904023781421
PF01930.20	0.00636700971474678	0.00183925059504409	-0.00098339604338193
PF01881.19	-0.0150271498309518	0.0098169321705313	-0.00856794928316761
PF06889.14	0.000601426398843192	0.000880790978132491	0.0047259710702081
PF13451.9	-0.00476397001113046	-0.0154657362878792	0.0171208105310116
PF01990.20	-0.0160941116491717	0.00532777448002432	0.007692985393328
PF06368.14	-0.00159564799421474	0.000812862314032634	-0.0183099265959739
PF07532.14	-0.0106496302851987	-0.0078889958095112	0.0249034341837894
PF01797.19	0.0125412667398278	-0.0094017464050792	0.0128404164842025
PF13154.9	0.0333375730528849	0.00332537126647868	0.0053316802511932
PF04650.20	-0.0112033272773135	0.0461498001779314	-0.00422087576133384
PF17041.8	0.00339853115581107	-0.0118620521932755	-0.00197853826695894
PF09954.12	1.25065034688104e-05	-0.00996025006143811	-0.00660991112987003
PF20071.2	-0.00776025289903292	0.0308295826851628	0.0669267987247966
PF11368.11	-0.00262692676718081	-0.00612022914645697	-0.0131983337465539
PF01076.22	0.0357417598998641	-0.00529098971449924	0.0157570316648915
PF02486.22	0.0124425947305038	0.00611150130740649	-0.0146417991565595
PF03432.17	0.0346877226448341	-0.00218478975525047	0.0210725714803554
PF06970.14	0.0447350774088749	-0.0145425423342409	0.00509346173646095
PF18008.4	-0.00134499066192648	0.0132957108008297	-0.00649279524041175
PF00239.24	0.00703141710720636	0.0112445110315282	0.0460251089870658
PF02796.18	0.0126918545452578	0.0262092322552674	-0.0170022020629831
PF02381.21	-0.0063074695924956	0.00339997151151516	0.0228935586509022
PF01041.20	0.00737980409884759	-0.00397247856172873	0.0205358984619318
PF03527.17	-0.019022464078086	0.0139759347510249	-0.0121286002677028
PF01888.20	0.0179324066325025	0.0137883264269499	-0.00449983880947437
PF10604.12	0.026750506048116	-0.00286845233624873	-0.0118775945182373
PF08376.13	0.00589276282908657	0.0023085863478102	-0.0200603045580503
PF03872.16	-0.0138585728880202	0.00316419328193675	-0.00501791380002758
PF16491.8	-0.0192717486362741	-0.00801306285165624	-0.00503994240829143
PF01435.21	0.0106895917821017	0.0129575323328413	-0.00347172876560827
PF05232.15	-0.0023542675895142	-0.00822085686611288	-0.00177620790371059
PF13332.9	-0.00472719173081713	-0.00322646541412131	-0.0032767583053567
PF16925.8	-0.0214289839297859	-0.00475905571472045	-0.0051908390688387
PF11992.11	0.00907853816585958	0.00508643519911392	-0.0134303646035693
PF08886.14	-0.0123861230333664	-0.011644830794379	-0.00116180829141046
PF02897.18	0.0245920747535321	-0.0109989348599669	-0.0144230916902442
PF14534.9	-0.00899831651817814	-0.00163036981921439	-0.0120212595661668
PF02508.17	0.00115192726052214	-0.00632681335376248	0.02062405353063
PF01488.23	0.00718125140663375	-0.00487460384711354	0.00460185266346944
PF16078.8	0.0134085518907893	-0.0156734575163584	-0.0174215857452469
PF16870.8	0.0144013281137637	0.0024812443095631	-0.0167827666571774
PF04354.16	-0.0143897256787023	-0.00950794368339488	-0.00146302991772787
PF12837.10	0.0104572055759244	-0.00959247802075968	0.00162464270896867
PF00037.30	-0.00526257354264717	-0.00132263058202505	0.0380478328133306
PF03927.16	0.00346504959951266	-0.00610602541484775	-0.0131747330026243
PF13803.9	-0.00943297110433825	-0.0110587640871744	-0.00198275610328368
PF06134.14	-0.0079319305773037	0.0155753603771234	-0.00286970684421444
PF09106.14	-0.00620459967204064	0.0188838138010234	-0.014702418383255
PF09107.14	-0.00421418598519194	0.0194113735195234	-0.0146032359200731
PF01790.21	0.00685653958052799	-0.00185208204477664	0.00612588053072925
PF05658.17	0.00252002162654517	-0.000907347295628867	-0.00481568795445402
PF05662.17	0.00359053215762151	-0.0145761584347872	-0.00197415521963619
PF03895.18	-0.014853113316211	-0.0234911397952565	-0.0032268490089021
PF12170.11	-0.0160981341198237	-0.00630589815128162	-0.00537606893569906
PF00251.23	0.00761644941668683	-0.00089162851598606	0.0192725424514587
PF08244.15	0.00411567162781236	0.00243262751186223	0.0175350327379875
PF03966.19	0.000705812854781925	-0.0183292212418111	-0.0100577081491583
PF04233.17	0.0257691567617324	0.00786161283155041	-0.0040856654229861
PF13635.9	0.0158146465149665	-0.000735559802882766	0.0106199496581049
PF09992.12	0.0216021169973166	0.00151155742325809	-0.00611211747045006
PF00685.30	-0.0121371314254167	-0.0115607126101075	-0.00742259608716664
PF13643.9	-0.00234848682091165	0.00955615764032956	-0.00739763806533919
PF18768.4	-0.0109819003595642	-0.00820405559231334	-0.00453653816756864
PF06751.14	-0.0147769783410388	0.0214812870502528	-0.00269465355296594
PF07739.16	0.0146595169954838	-0.0184600245244622	0.00688806812035251
PF01074.25	0.00803776877421647	0.00826998095942261	0.00721173358534515
PF09261.14	0.00763943090406276	0.00922851893241409	0.00728404053874224
PF18438.4	-0.0100804162197343	-0.0123920939409783	-0.00373957096418361
PF07748.16	0.00772252144747171	0.00907508808810887	0.0072407314835022
PF17677.4	0.00768646346526019	0.00874018412805228	0.00717586169896803
PF04020.16	-0.0103056528377332	-0.00939045599265796	-0.0114253156620696
PF01575.22	0.00686649061254581	0.0153747967784798	-0.016124487492785
PF06081.14	0.0219331954896809	-0.00782671805415731	-0.00310971941287087
PF11728.11	0.0159423608736704	-0.0107062222320147	-0.00761452813541661
PF01156.22	-0.00187773918021235	-0.0064066346664041	0.00593742904294702
PF16889.8	0.00920988699317179	0.00310949148474497	-0.0124323301156404
PF07940.16	0.0209637007192708	-0.000886330127884055	-0.00881889289069151
PF07508.16	0.00733876403204217	0.0114703335713171	0.0463830317303698
PF13408.9	0.00675694856838398	0.0120589844698294	0.0459421578421785
PF14287.9	0.00568334341903004	0.0138085650798368	0.0438130561933856
PF20188.1	0.0368509481958591	-0.000485863025037196	-0.0106017311434937
PF14195.9	0.0371433728156856	-0.00595926007754347	0.013277346249332
PF14283.9	0.0437473197578252	-0.00854518364220145	0.00348009238155683
PF14193.9	0.0411738307006759	-0.00584928570400999	-0.00952376342981003
PF20379.1	0.0346145062854133	-0.0235011039543707	0.00242002199164842
PF12959.10	0.0342789009425752	-0.00759700629604138	-0.00373948882973577
PF19478.2	0.0344572371478873	-0.00271099784935067	0.0046443433870255
PF12750.10	0.0326729328886619	-0.0110240151873759	-0.0109176803571079
PF12957.10	0.038914152466983	-0.013462631496507	-0.00904647271453
PF19481.2	0.0430823622428831	-0.0111129493218764	0.00767028767021148
PF18106.4	-0.00846460833409333	0.010310965184191	-0.00980323050495761
PF10417.12	0.000291539205653064	0.00475278900445867	-0.00351174319966106
PF04304.16	0.00157332642394114	0.00207836229246673	-0.015924824934457
PF19420.2	-0.00491505110025508	-0.0149036482898014	-0.0119981609400209
PF03841.16	-0.00934552042447867	0.0300509194118824	-0.0164590174645433
PF18146.4	0.00298956890736259	0.00316902695870032	0.00881261616247528
PF02464.20	0.00319553215746008	0.00496068439285998	0.00992704129602604
PF02133.18	-0.0125258835925998	0.0284344514639146	9.8822081298156e-05
PF06923.14	-0.0104170246577972	0.00554000844299473	-0.00964467120096726
PF13610.9	0.0111434263262171	-0.00308232435805079	0.00929921638121738
PF00565.20	-0.00335633644949874	0.00544058293424106	-0.0165215167930394
PF04221.15	-0.00547533868354907	0.00645369763639164	0.0150386447361957
PF15738.8	0.00134861095204051	0.00203341611891938	0.000382532812089529
PF08124.14	-0.00795010700070896	-0.00977450240018627	-0.01271986503541
PF02278.21	-0.00277465033812795	-0.00908442826449819	-0.0118756241508647
PF02884.20	-0.00526955158797318	-0.00608147696727201	-0.0138545169950487
PF07071.14	0.00591396466291508	-0.00375672580869271	-0.0123020491600284
PF02325.20	-0.0109092778147213	0.00303214172635826	-0.011783946422815
PF13007.10	0.00117635562530074	0.000729739696121407	0.0288556645158387
PF13005.10	0.00170909869058839	0.0048679552322239	0.0230366246634446
PF03050.17	0.0022855217564454	0.00651227630519261	0.0313074178894557
PF13817.9	-0.00168764477796861	-0.000591893784353676	0.0262824883616134
PF04463.15	0.000974391758138292	0.0246833123470536	-0.00392026115962856
PF08349.14	-0.0160068498824793	8.06710078304248e-06	-0.00368313940278202
PF13195.9	-0.00709812830198232	0.0165822491250353	-0.00973727757332947
PF18741.4	-0.00268233228990382	0.0400754979179027	-0.0152963831395366
PF05406.18	-0.0165452869990782	-0.00271179473419952	-0.00126204824711952
PF03239.17	-0.00165394267391852	-0.0101773521816594	-0.0105386367398909
PF00771.23	-0.00249786986477809	-0.00297395173132452	0.0223361178158642
PF00923.22	-0.00801874931276082	-0.00531281178479373	0.0123690552018406
PF06733.18	0.0143073548454167	-0.0141950766937669	0.00646470212032229
PF03168.16	-0.0129484984897323	0.00374545506236129	-0.00260776123718655
PF03561.18	-0.0160848026069487	-0.00280199728478193	-0.00120287237407787
PF00975.23	0.0140215853436397	-0.00167408729604998	-0.0161566856258542
PF01799.23	0.00679118267206254	0.00630396265860766	0.00127139964095107
PF13400.9	-0.00890294301347015	-0.0128819901505136	-0.00593939191693565
PF17092.8	-0.00744761154791328	-0.0046830044015144	-0.0117623448820408
PF04293.16	-0.0107413280410287	-0.00673249094770554	-0.00912396430531796
PF14424.9	-0.0102252604780537	-0.00796198107048591	-0.00290933883309329
PF13245.9	0.0121350504552024	-0.00728501709326388	0.0097584765044298
PF00218.24	0.0168985015712637	-0.0129255370224406	-0.0113656073266601
PF18698.4	-0.016363107515714	-0.0182007810156275	-0.00441111202820933
PF02397.19	0.00410154862504196	-0.00440783785511768	0.0186021940760345
PF00201.21	-0.00682533063094689	0.00237166293011613	-0.0159542588988942
PF14711.9	-0.014168324112966	-0.0102392189147035	-0.00767619417220793
PF03808.16	0.000785749879610036	-0.00261157957668341	0.00393180469478404
PF13523.9	-0.0137762257773813	-0.00919854433462832	-0.00587801914468752
PF13510.9	-0.0107474983678997	0.0126700860734164	0.0214935936265477
PF10588.12	-0.00854191649643574	0.0127733774959123	0.0184181218619515
PF05504.14	0.00829641102860003	-0.000711875661282016	-0.014658921368512
PF00491.24	0.00786238252232942	-0.00311497644919137	-0.00971167500741918
PF01726.19	-0.0028016291139005	-0.0142669499282622	0.00955644250822284
PF01978.22	0.00710595422077702	-0.00516870580285431	-0.0114018626794594
PF11495.11	-0.00929488217328115	0.0151615157742858	-0.0127676818860228
PF00041.24	-0.00529373496722029	0.00979973824081907	0.0255064027063248
PF14842.9	-0.00664329207486314	0.0015402203220557	0.0237414972935035
PF14841.9	-0.00663176677718994	0.00154221301700431	0.0237424582940093
PF01706.19	-0.00494015889834542	0.00139911257773734	0.024119513362516
PF03851.17	-0.0224454271964981	-0.000933403849983539	-0.00354963868026735
PF07504.16	-0.0168087572796649	-1.82413577939245e-05	-0.0052848152304656
PF03413.22	0.00401764101191972	-0.0128334211004477	0.0147976819727147
PF01447.21	-0.0165113548851533	-0.000353387529263635	-0.00697580078613674
PF02868.18	-0.0165081445252522	-0.000333263556443041	-0.00697530421222007
PF02913.22	-0.00214335497661795	-0.00274501428806631	0.0085829627568113
PF01345.21	0.00919701704333126	0.0215594109238723	0.0244358728217719
PF02542.19	0.00438425268838906	0.00569538256393474	0.00135097356305921
PF04248.15	-0.0122666971958066	-0.00729601795735379	-0.000645118835746841
PF13577.9	-0.0130274600546114	-0.000680492560843735	-0.0114417989943781
PF16197.8	0.0228388080036944	0.00608049613353951	-0.0131683472416597
PF14765.9	0.018652986765926	0.00195198803853731	-0.014371050412435
PF08659.13	0.0223090522324967	0.00378810218642486	-0.0138572621275455
PF14021.9	-0.0144545584027342	0.0189441853740184	-0.00863486699298194
PF05235.17	-0.018106939809091	-0.0125448251746721	-0.00492220104943806
PF03704.20	-0.00630294451910052	0.0363381115955599	-0.000646546698117124
PF00211.23	0.0327574429677926	-0.0354240903387207	-0.00553080963307232
PF13191.9	0.0140830722259515	0.0132351182781078	-0.0181290569549275
PF10503.12	0.0256847258087983	-0.00723559765977368	-0.0116275526647674
PF02515.20	0.019463590878392	0.0240032996470864	-0.00960554885441921
PF05108.16	-0.0128619036988978	-0.00562790360441906	-0.00284151098151225
PF08003.14	-0.0108999179647408	-0.00548816699064579	-0.00351508504929657
PF13237.9	0.00399425321132594	0.000487738320924367	0.0170245429407117
PF03382.17	0.0157582341783034	0.00462316668841671	-0.00224965621112771
PF00415.21	0.0123814848117598	-0.000742275538153911	-0.00348255284447059
PF04381.15	-0.02118497243838	-0.0113198809982897	-0.0021497198073891
PF08461.13	-0.0194547722120425	-0.00667469573199094	-0.00549139012477489
PF03264.17	-0.0172891327976817	0.000991009279291456	-0.00293530172354753
PF01755.20	-0.00717561565101598	-0.00381811107971124	-0.00810487866146053
PF01075.20	0.0142597400766545	0.017818071634815	-0.00613535029708521
PF03130.19	-0.0165098857660805	0.0098224359291173	-0.00729502796109508
PF13646.9	0.0222801836843762	0.00205679471601654	-0.0157070897700377
PF07498.15	0.00479167296342621	0.00917940433050168	0.00826384691216655
PF07497.15	0.00318345689681144	0.00997973883316282	0.01577044628041
PF09867.12	-0.0103304273791945	-0.00701046529723771	-0.00163797300503247
PF06812.15	-0.0142004050342475	-0.00642132016470802	-0.00756104232425991
PF16989.8	-0.0110524426742755	-0.0260388549556068	-0.00385803000916934
PF09861.12	-0.0046035394450682	0.00798605019656169	0.0101532183944889
PF02906.17	-0.00419791200048481	0.00680600526343805	0.0260702655176503
PF18083.4	-0.0123926847197699	-0.00309202287681268	-0.00113895956331213
PF01619.21	0.00722574006719283	-0.00348057031176053	-0.0140777050846328
PF14522.9	-0.0150785006053362	-0.00269789233010043	-0.00523989897470729
PF01661.24	0.00137433680639546	0.00498866800102495	0.00131095929359515
PF04965.17	-6.08061758708898e-05	-0.0363543851091484	-0.00968592154528182
PF03743.17	-0.010142263042666	-0.00829616588402884	-0.0120707878485275
PF01252.21	0.00813446630421312	0.00298551779857629	0.00828691210977826
PF04991.16	-0.00367929246276867	-0.0130333048941171	0.0164463144634216
PF14153.9	-0.00753369368192042	-0.00997267088170381	-0.0033373958834495
PF04748.16	-0.0168189728121227	-0.00635956988089651	-0.0122992652425175
PF05525.16	0.00942342442417006	-0.0261824128455345	-0.00742563240150422
PF00797.20	-0.0186627337953141	0.0127974897149773	-0.0058713013550849
PF02522.17	0.0171805764396061	-0.00745259469531956	-0.00791175117244016
PF13350.9	0.0113050651482952	-0.0109162279594037	-0.0103540133483748
PF14266.9	-0.0115114897278674	0.00350961267079529	0.011752712728256
PF07697.14	0.0208025924391132	0.0121056938990316	-0.00999425914431716
PF07698.14	0.0219933525162809	0.0118517339050413	-0.00975312945586618
PF12784.10	-0.000336320208865024	0.00349819677320946	0.0303374091742188
PF04620.15	0.0018832903975143	0.0116357281395309	-0.0128899208500381
PF00669.23	-0.0196425720567544	-0.00117853365594929	0.0576671434129992
PF00700.24	-0.02045666406672	-0.000443582906522004	0.0574401442372366
PF07736.14	-0.0184710998198351	-0.00758066323574664	-0.00137861069137561
PF01850.24	-0.00495178664184513	0.00291975119994523	0.00682088409363116
PF03412.18	0.0161651622758555	-0.00158024764951835	-0.00642277682066768
PF09243.13	-0.0205343854395411	-0.0087976591491641	-0.00276294332334985
PF01732.19	-0.0132670789347618	-0.0058914067415725	-0.0011358485634426
PF18541.4	-0.0107175893913978	0.0132099925604039	-0.0092188174350423
PF01914.20	-0.00977719180510335	0.000884484769487066	-0.0094445956092636
PF01975.20	0.0147335990926116	0.0139142833439693	-0.0114520490267949
PF01163.25	-0.0135095084857916	-0.00276426008132303	-0.00423407534424678
PF16886.8	-0.00904828759626696	0.00682833803684646	0.0283193677264676
PF14400.9	-0.00758331088451588	-0.006809575350881	-0.00557110663385236
PF14402.9	-0.0152734781637621	-0.0126421384087967	-0.00569762132079571
PF11812.11	-0.0075675285783714	0.00252655661503896	-0.00956482384338555
PF01135.22	-0.0119751008240758	-0.00139865824515029	-0.0084211145020902
PF20123.2	-0.00924803153888869	-0.000125972579438609	-0.00101049535072758
PF02635.18	-0.00133313464918245	0.0198950926568979	-0.0181850692435963
PF12626.10	-0.0188714974021159	-0.0150266909606991	-0.00393905679190422
PF06995.14	0.0192505328874827	0.000677020826391498	-0.0118325414106066
PF07007.15	-0.00433683662463238	-0.00188794897937607	-0.0075327800337273
PF08497.13	0.00892130298269581	0.00783169882372515	0.0072077114351591
PF11842.11	0.00872382355162247	0.00313914364161153	0.00740639611406269
PF14793.9	-0.0168089315654451	-0.0132313273909152	-0.00196643105241151
PF11892.11	-0.0168089315654451	-0.0132313273909152	-0.00196643105241151
PF01699.27	0.014669367063061	-0.00365405435268201	0.00916001197423373
PF01420.22	0.00761818128603069	0.00110871506289247	0.0152436916914434
PF01678.22	0.00563054074687946	-0.000262110394491101	0.0170173982693524
PF02558.19	0.0183011737404982	-0.00040390518832685	-0.00556025445336364
PF08546.14	0.0103815799199041	-0.000663198697383995	-0.00797093957801792
PF07728.17	0.0107170328385956	-0.0101177873549485	0.00415322191290562
PF02514.19	0.0321045188996514	0.0216181737962565	-0.017836089910369
PF18693.4	-0.000851150739831604	0.00839642132127305	0.0147284902979255
PF08471.13	0.0111069457445668	-0.0145471201042679	-0.012173349156689
PF03605.17	0.00885537854236842	0.00678948937955245	-0.0132798135661895
PF11700.11	-0.00171440616857766	-0.00321472466693217	-0.00186486550120014
PF11292.11	-0.00200198876143489	-0.00429356716153793	-0.00190378768999177
PF12502.11	-0.0117776560749248	-0.00845898069795893	-0.000262204788793445
PF03070.19	0.0261080542962365	0.00375162125033327	-0.0118032305534701
PF01939.19	-0.00255904462293052	0.016837459772362	-0.0118690022428578
PF16657.8	-0.00569814161917383	0.00751145754616908	0.0106579515154317
PF04480.15	0.00834390732173745	-0.00334458905425213	-0.0164166207858693
PF02669.18	-0.00932450110092582	-0.00070014485590783	-0.0106997647043267
PF02702.20	0.0103716397029155	-0.0021942575407373	-0.00884536418951813
PF13493.9	0.00648647015807017	0.00293299959590851	-0.00238098114260936
PF09754.12	-0.014507376769483	-0.0232277008895133	-0.00579265704022671
PF01923.21	-0.00104993756282835	0.00318829724937086	0.00454256683547231
PF10739.12	0.00288899591778236	-0.0262198511919185	-0.00385672126025944
PF12282.11	-0.0116752076794872	0.00837773417988093	-0.0126658090863933
PF07568.15	0.000915359660262681	-0.00494954724608316	-0.0144458515987782
PF13535.9	0.0145069279761893	-0.0129322991863526	-0.00354259177894395
PF10103.12	-0.00835701151152185	-0.00375760853536923	-0.00984250368525458
PF10647.12	-0.0193151711153956	-0.0130469781655522	-0.00529991189514623
PF13491.9	0.00525913576093601	0.00571025434302928	0.0133029169815896
PF19187.3	-0.00614434872934738	-0.00676659097898496	-0.00162849679658176
PF07179.15	-0.00331990067737394	0.0038917525788287	0.0081265096493108
PF13477.9	0.00225595126981701	-0.0156419693035072	0.00476629977250773
PF09142.14	-0.00641918752489019	-0.00664303794032192	-0.00181088154504169
PF03829.16	-0.00757610883694759	-0.00456677559610252	-0.00834707918158563
PF04551.17	0.0096969059428271	0.0115241483678729	0.00744073535961082
PF02600.19	-0.0134519187708536	-0.00650100803291184	-0.00598626089923167
PF10128.12	-0.0157942170417799	-0.00304014716719873	-0.00820335769388427
PF20171.1	-0.0157942170417799	-0.00304014716719873	-0.00820335769388427
PF14684.9	0.00896351639214335	0.0245551583210857	0.0101968919835949
PF14685.9	0.0134387030754244	0.0265956904889765	0.00139434567783096
PF07681.15	0.0189259930275585	0.00476225251281616	-0.0128376360393342
PF11070.11	0.00123388443340538	-0.0128170426848484	-0.0141807980239495
PF03354.18	0.0401356180944602	-0.0167964284321813	0.000656697870091062
PF10926.11	0.0344934723733134	-0.0184041151599646	0.00182086502249459
PF16995.8	-0.0114777774974966	-0.0146858296507329	-0.00188472015970989
PF13279.9	0.00858560682267926	0.00305161505872559	-0.00902800268370184
PF02652.17	-0.0126407458373967	0.0160851027354307	-0.00307223305564758
PF04023.17	0.01427587690236	0.00149462970975124	0.0103753243345648
PF01106.20	0.00825614248600579	0.0132185564904886	-0.0195654552044647
PF10708.12	-0.00737714871317383	-0.0130622814743351	-0.00574219441195078
PF06271.15	-0.00598929848256323	0.00543949061192771	0.00156974635238574
PF06262.14	-0.00341815836783249	0.00821667931545368	-0.019808532396573
PF08341.14	0.0413277620163606	-0.0195407493750242	0.00781348014586196
PF19877.2	-0.00954104008816231	0.000584461384060789	-0.00461775936263367
PF18096.4	0.0171898046332082	0.0138329058111832	-0.0136161348429408
PF07510.14	0.0159566267927622	-0.0172224139430369	0.00210363598882444
PF01674.21	-0.0184189907739025	-0.0082173602203316	-0.00446884779938011
PF10435.12	-0.0135709661159386	-0.00874087351157474	-0.00181607363750461
PF13364.9	-0.0159796056746291	-0.00905534375182201	-0.00275090408527118
PF02838.18	-0.012356436625385	0.0221669353906022	0.028268691976949
PF15420.9	-0.00920243819392258	-0.0203935661465733	-0.0036134952915588
PF10081.12	-0.00846464646781126	-0.0201740799171063	-0.00356747485869982
PF13452.9	-0.0198043026050929	-0.0118425276566616	-0.00373375841943008
PF02412.21	-0.0042797351624221	0.00156558047996974	-0.00456106058242193
PF13229.9	0.0109310685345628	0.00606344829590934	0.00882423685816872
PF01547.28	-0.0135388156971432	9.7547830462581e-06	0.0431338787037567
PF08239.14	-0.00245586753016096	-0.00772525802143634	0.0341912696847267
PF04131.17	-0.0145534373849953	0.0214892225606249	0.00488108142026212
PF00274.22	-0.0138110319012922	0.0155112066040146	0.00739497564726345
PF00498.29	0.0185098247456814	-0.00894046947429421	0.0078824192462521
PF12710.10	0.0184890218482196	0.00416313584529054	0.00275017138786011
PF01083.25	-0.00847384054324483	-0.00937102907158229	-0.00230760962037673
PF03023.17	0.0132807985339117	-0.012460151504089	-0.00957648304522856
PF02146.20	0.000659295244819338	0.00202989986155444	0.00976984491146833
PF13399.9	-0.00401247507909491	-0.00356974296001339	-0.0133081409744743
PF13440.9	0.0178721402083751	0.00304934013602125	-0.000930000973043637
PF19302.2	0.00346084051916535	0.00355009926185733	0.0230053215935379
PF02245.19	0.0104623135375698	0.00192343347343209	-0.0156941820792883
PF13175.9	0.0132198172733405	-0.0117251562115048	0.0130776126498955
PF13404.9	7.52800502672092e-05	-0.0015181492878878	-0.0124732699722939
PF01037.24	0.00132894881432923	0.0102050575495705	0.00656329765569227
PF19328.2	0.00659432520353076	0.00810096978010262	-0.023906149901707
PF16552.8	0.0096866160230815	-0.0315347899696887	-0.00417521690763327
PF09043.14	-0.0067822326023801	0.0044245698500737	0.00729519623964206
PF16554.8	-0.00804360470100952	0.00636341037277257	0.00140655693530291
PF13941.9	0.00110243955581826	-0.0309820509458065	-0.0101523339518324
PF02595.18	0.00310835684909573	0.00969042225207318	-0.00208398361203552
PF19516.2	-0.0175707170352647	-0.0103886026060434	-0.002075267046199
PF04198.16	0.00635639205527811	0.00877439807672084	-0.00663645033345552
PF02502.21	0.00396723061424547	-0.00312596541513357	0.0107179869964293
PF13802.9	0.0103350778630208	0.000410545678821644	0.0131042247639304
PF11575.11	-0.00530141881575554	0.0103604506952821	-0.00491921259624921
PF02104.18	-0.0153347847536777	-0.0233758836192475	-0.0060352452877258
PF12823.10	-0.0164156482193167	-0.00556266278825214	-0.00310689419379875
PF02113.18	0.0204149095481832	0.0153693314002761	-0.0103680614661248
PF08338.14	-0.0210319373336821	-0.00546442467103863	-0.00608449955329039
PF07005.14	0.0196714173754131	0.00079416128123179	-0.0138212730005434
PF17042.8	0.0196714173754131	0.00079416128123179	-0.0138212730005434
PF01208.20	0.0090519215155163	0.0271446867433692	-0.0119888255064976
PF05201.18	0.00936552831889005	-0.00199180929188044	-0.00143410400912998
PF00745.23	0.00262356019171843	0.00556651715081707	-0.00853593471048066
PF06778.15	-0.0134492541091786	-0.00270527991937144	-0.0108383416580446
PF05140.17	0.0125554708081496	-0.0107086145417208	-0.0118903637996331
PF11760.11	0.0157385120787146	0.0135993531953755	-0.00501192135982883
PF07811.15	0.0103771894226628	0.0234184967677954	-0.0202380901620791
PF02571.17	0.0159868009700094	0.0151725311874318	0.000288635268760276
PF02654.18	0.0187985435199532	0.00865631833694329	-0.0059362302834147
PF13625.9	-0.0118664654372057	0.0131935048797286	-0.0132348719309796
PF16203.8	-0.0150838763639006	-0.0177799491624445	-0.00418480893438227
PF02391.20	-0.00669535553779034	-0.000347707668637689	-0.0117203646877357
PF03819.20	0.00908565038971483	0.016883861157335	0.00454801227432318
PF03169.18	0.0121038700084152	0.0160337034490196	0.00275599504226243
PF00209.21	0.00502396055895334	-0.00115413745779639	0.019982046194523
PF02401.21	-0.0101264553638617	-0.000936133198450249	0.0298048863649041
PF12769.10	-0.0180187028915586	0.0060941078290222	-0.0087768520609339
PF14789.9	-0.00872107943838793	-0.010407878416516	-0.00112543619245347
PF18564.4	-0.0170403573492162	-0.0152863900814741	-0.00189749266574026
PF02628.18	-0.0106325185763254	-0.0267033614283448	-0.00854762084388601
PF17844.4	0.00409646206547867	-0.0157449183412009	-0.00401770853488426
PF03710.18	0.00685703575485547	-0.0156319032204805	-0.0113906624696837
PF06738.15	0.0054128286073266	0.0141214715058273	-0.00374028416542165
PF12821.10	0.00530857686039697	0.0139143442202337	-0.00918748867984417
PF09594.13	0.000578947218826717	0.00212478296439302	-0.0148557025099428
PF04012.15	0.00771611282560743	0.0064787251453045	-0.0144528200940066
PF00011.24	0.00855705780239281	-0.015636809388923	0.00349142414145709
PF02578.18	0.0107348665259201	-0.00134573913209621	0.00345767717837906
PF04213.16	-0.00997470426773263	-0.0148299754023075	-0.00642718434938907
PF09508.13	-0.00556108338611405	0.00729304612068336	0.0206995286914322
PF17385.5	-0.00560567884406336	0.00714384308719039	0.0206379087247964
PF17386.5	-0.00561623992214251	0.00715758090992902	0.0206300839859826
PF13397.9	-0.00541985237980783	-0.0122554498501655	-0.0012897131814616
PF00334.22	0.00313640499533141	0.00842334449928433	-0.00206922749000049
PF19864.2	0.00157935959901439	-0.00378929637216436	0.00996363044321663
PF14028.9	-0.0190591323413927	-0.00926493826137964	-0.00352271493858266
PF02624.19	-0.0139134903604307	-0.0111395234924241	-0.00739597186091692
PF14498.9	0.00627747527050913	0.00177914295601257	0.0109213989220695
PF13473.9	-0.00148343944764299	-0.0134883912692809	-0.0145003660378145
PF11296.11	-0.00726331055983738	-0.006851960085349	-0.00265506674880364
PF14542.9	-0.00447923953987371	-0.0139783847457257	-0.0119958069878202
PF02277.20	0.0166449569067069	0.0195439437955965	-0.00278358797988399
PF00982.24	-0.0143648011242332	-0.00629167210733823	-0.00636659559706358
PF20042.2	-7.52961153088462e-05	-0.00536566241532074	0.00752194562154166
PF12262.11	-0.0178750669245165	0.00643049228006965	-0.00363785254936942
PF13343.9	-0.00318394889119656	0.00122626379399344	0.00342028314841144
PF13310.9	0.011587148103253	0.00372258896187558	0.0150027092210227
PF00145.20	0.0193010379664356	0.000619939653388856	0.0225270953532641
PF13401.9	0.0154404820861417	-0.00783275833500323	0.0138221358645822
PF08308.14	0.0160277293622073	-0.0340727300480608	0.00746580812672457
PF17939.4	-0.00444103578560072	-0.00318551305160041	-0.00395990402102777
PF11962.11	-0.00657639038329486	0.023508035180935	-0.00736156866414892
PF01323.23	-0.00589203266002648	0.0219419555260584	-0.0110171815759177
PF13799.9	-0.00733169285327547	-0.00363251197577443	-0.0012252726502103
PF09678.13	-0.00495613968666478	-0.0381398161465143	-0.010207389884626
PF01391.21	0.013320273879416	-0.000670833327869709	0.00650635147682806
PF18573.4	0.0178985378682768	-0.000451169861819268	-0.0141006752674476
PF18135.4	0.00831557929670651	-0.00686322792027866	-0.012748499567432
PF03235.17	0.00804340895377348	-0.00558933466310131	0.015246092892248
PF01935.20	0.0287684407022288	-0.00310709393802279	0.00203620640654453
PF12696.10	0.0282018619428157	0.0114461775326092	0.00345405897596131
PF03706.16	0.0139215316213794	0.00523260916463614	0.00266093768802692
PF02535.25	0.0150547605853003	-0.00204056951218995	0.00414375769291416
PF07694.15	-0.00313563005182426	0.0142393363301212	-0.0156906012222387
PF04474.15	0.00628447307539496	0.0116102856020634	-0.0173936507475837
PF14338.9	-0.00430891907707002	-0.014030966751203	-0.0132538315651239
PF11638.11	0.00679317788650975	-0.00453601167338063	0.0107850623175862
PF01612.23	0.020142774051965	0.0171248048828595	-0.0019929056678098
PF08367.14	0.000224990809150035	-0.00432854227842826	0.0167962073963109
PF16189.8	-0.00101789813674769	0.00807552479137403	0.0153756797668629
PF16188.8	-0.000927031959681599	0.00795247234450893	0.0153353840410132
PF07503.15	0.00281040869250171	-0.00308882145755715	-0.00879302120171825
PF17788.4	0.000429259340774655	-0.00465711436850384	-0.0142656104124519
PF03349.19	0.00976854199938848	0.00176083757552968	-0.00153284250157506
PF01455.21	-0.012102367603007	0.00529388850765177	-0.00723836637718795
PF04608.16	-0.0115996764384556	0.00343307957796711	-0.00796015332551416
PF02579.20	0.00338611157090347	-0.000939731350060485	-0.00349873111251711
PF13248.9	-0.000415779201147734	0.0128527083220412	-0.0125324470440451
PF01947.19	-0.00809775441387665	0.00684724459615882	-0.0057205272476562
PF14810.9	-0.0120421279946796	0.00450362668491475	-0.00495447623170844
PF01472.23	0.00620743331583305	-0.011492383563531	-0.0126366293254952
PF18481.4	0.0273406605804229	-0.0144099316634641	-0.0107693055192084
PF03063.23	-0.0036525164117047	0.00703340699694497	0.019282021993499
PF13187.9	-0.000373190415456735	-0.0121687873220483	0.0255138284912342
PF01862.19	-0.0103737767510256	-0.00655614382466457	-0.000569253087887573
PF13528.9	-0.0164104928301372	-0.0057223175392706	-0.00337230939024258
PF02655.17	0.00472444817332381	0.00103680505413584	0.00120998914859077
PF05763.15	-0.0102952803561106	-0.00106792064897248	-0.00215994554626292
PF01983.19	-0.0100321268237422	-0.00269893386277315	-0.00295571653661094
PF01981.19	-0.0143640587808531	0.00137088451585613	-0.00236729587371739
PF08423.14	-0.00728635916937335	0.0047350187578086	-0.00306299484085496
PF13020.9	-0.00477841014832226	-0.014260241454411	-0.0162924959323301
PF12172.11	-0.0199441771393653	0.020127953453528	-0.00796771201159117
PF01796.20	-0.0182538345051965	0.0206229394255379	-0.00785338882058175
PF10962.11	-0.00915643295808524	0.00123589324852744	-0.0115819093413388
PF02415.20	0.00355410288732189	-0.0256464914252	-0.0112459117908254
PF02127.18	0.000123769986431782	0.00549191665868709	0.0199918527088597
PF09406.13	-0.0176232814250468	-0.00113898973213825	-0.00216942200494673
PF04025.15	0.00347819705954572	-0.0133791145165757	-0.00131480263080256
PF12666.10	0.0441951883842979	-0.0124670450536036	-0.00287107692719927
PF07194.14	-0.00880510551254064	-0.00271247307899387	0.0335791040639885
PF13165.9	-0.0139014433145906	-0.00503171871502944	0.0122902697000435
PF01242.22	0.00856095446508553	0.0208574284227098	-0.0102694794107185
PF10131.12	-0.00652919444073853	-0.0143295733144664	-0.00492565071482309
PF12437.11	0.0131487172679747	-0.0223392418551376	0.0232407163347214
PF18318.4	0.0130863807852465	-0.0223843515121526	0.0232125575081509
PF02368.21	-0.00826322039448325	-0.000608170597424322	0.0451666333460929
PF06500.14	-0.00761934062569597	0.00426315166368323	-0.00844193525133858
PF17996.4	0.0143647966453117	-0.0174218870602429	-0.00604376932881654
PF00942.21	-0.017627246465918	0.00366202911031054	-0.00469635807252637
PF03442.17	-0.0151938354734885	-0.00119587924083256	-0.0059080487248741
PF00963.21	-0.00488135459240326	-0.0154103258521385	0.00621673683956315
PF14824.9	0.0164723001621052	-0.0179212839601252	-0.0147977336360298
PF10414.12	-0.02667655285643	-0.00476646939105363	-0.00480625126378703
PF01451.24	0.0104981467635233	0.000239650628616333	0.00391735401068484
PF02470.23	0.00988455844246199	0.0120670373044306	-0.0055578738410737
PF04957.15	0.00360537276036456	-0.00377983631574258	-0.00139706084891271
PF14883.9	-0.00654629198955391	0.00826777374523094	-0.00533681245133898
PF17746.4	0.00671670265723235	-0.00767990163052067	0.00568782697343156
PF03749.16	0.00670843326521248	-0.00768144379381343	0.00568735729936043
PF13484.9	-0.00166664084901126	0.00216316699991577	0.0179490763375631
PF02730.18	-0.00303191621194869	0.0148383230681062	-0.00981066095273966
PF01314.21	-0.00278839447517158	0.0149569511631809	-0.00980884596183465
PF20148.2	0.0228347952960759	-0.0208650660851461	0.00655447315787673
PF09313.14	-0.0135678785976855	-0.0143689887814915	-0.000963234333362342
PF03695.16	-0.0029451759972143	-0.0344978906455483	-0.00454665149358537
PF10423.12	-0.01143660708909	-0.0219851486595163	-0.00125310198606467
PF08013.14	-0.0254842532347307	0.00837687336207929	0.00149525393473982
PF06580.16	0.0119709761701281	-0.00557319060100512	0.018636835080634
PF13550.9	-0.0221427428023445	0.00250441382728744	-0.00679483529919581
PF00267.24	-0.0106771699657622	-0.0166069795430034	-0.00534340823978248
PF01306.22	-0.00363176939470796	-0.020680880020185	-0.000824016701720618
PF13593.9	-0.0130580732008789	0.00192548925682253	-0.00756877231976922
PF06804.14	-0.0153506293782437	-0.00636983479703595	-0.00536210594708243
PF12919.10	-0.0116477527265269	-0.0159379599695235	-0.00509447780877821
PF03916.17	0.00529700403815822	0.0104287730852432	-0.0182377615988102
PF08666.15	0.0105862321811063	-0.00980234622735913	0.0127006827313158
PF04295.16	0.0160314522392048	-0.0279776333076704	0.00568372616583651
PF13954.9	-0.0161739934837381	-0.00377450858086125	-0.00827922918524341
PF02036.20	0.00556474916678897	-0.0239551034529336	0.0116321083518045
PF13458.9	-0.00560537556069742	-0.00780870125802404	0.0171744265992865
PF13721.9	-0.0214768571035327	-0.0121226157140209	-0.00322198450040297
PF05170.17	0.00467886451365963	-0.0140111316263259	-0.00914745378962198
PF00311.20	0.00988381228359915	0.00879740942228184	-0.0175508906762611
PF06877.14	0.00572601100940948	-0.0183437001662918	-0.00777581474048787
PF06779.17	-0.0168148687861521	-0.000216013138510405	-0.00479708658429999
PF03649.16	-0.0206207457955023	-0.0133260784792819	-0.00394862795938908
PF13808.9	0.0136756316308967	-0.0099333480734949	0.0178622448520285
PF17837.4	-0.00744836186120352	-0.00711575888497325	-0.00207377781387671
PF01379.23	0.00296566784489492	0.00855175962836525	0.00131481306149991
PF03900.18	0.00428476454840197	0.0255168376260206	-0.0136131332591715
PF14690.9	0.000771719953376871	0.000506719246992315	0.00871159765244534
PF01610.20	0.00728998798771566	0.00574695813226657	0.0189958663967474
PF02452.20	0.0164803215785123	-0.0084030312674747	0.00923117524212443
PF03553.17	0.00446332936004759	-0.00643487316885973	0.0184524715071704
PF03892.17	0.00175870700367707	-0.0137246431088475	-0.00730740098219612
PF14803.9	-0.0136448335066518	-0.00218769895953268	-0.00108555782351104
PF04339.15	-0.0190554175670653	-0.000544850661675729	-0.00610389920752514
PF13609.9	-0.0179928660498878	0.000971486145835472	-0.00800699822878204
PF20249.1	-0.0102376344124462	0.0036701380889943	-0.00250552610453141
PF01312.22	-0.00207290118975469	-0.00405797801107443	0.0151324951927012
PF14226.9	-0.0171275045805471	-0.012685290301346	-0.00283504902453747
PF03171.23	-0.0162785929798351	-0.0123634341130877	-0.00277162401653765
PF04143.17	0.0090892714572877	-0.000669845634690339	-0.0170194618561404
PF13753.9	-0.00112891074276525	-0.0380034764031654	-0.00701054076764285
PF19078.3	-0.000741638553124392	-0.00832897676322709	-0.00350752628653801
PF08974.13	-0.000737921364354821	0.019633834041089	-0.0167565740575238
PF03588.17	0.0178209289734384	0.00513824462736282	-0.01598081686504
PF09822.12	0.0328513535425079	-0.0323162699964749	-0.0031122220927818
PF00805.25	0.0123079374099928	0.0123208468066358	-0.00530642689043775
PF08031.15	-0.0154120391360223	-0.0145292281213702	-0.00345679517969874
PF04238.15	-0.0136736389894239	-0.00236709552519963	-0.00541227681387312
PF01970.19	0.00774550654474268	-0.00154721285355784	0.00605603243007712
PF02445.19	0.000911758578407305	0.016173966923264	-0.000516780242496833
PF00382.22	-0.00895601218604335	-0.0103907827622388	-0.00379848343191588
PF20465.1	0.0228160248682662	-0.00993219662104315	0.0017162940908496
PF20473.1	0.0226215209154363	-0.000508186848335707	0.000107629032069573
PF00420.27	0.0132780602307492	0.000653325472330495	-0.0073096165234109
PF15915.8	-0.0194543159413532	-0.0162502612430973	-0.00361897162762707
PF04967.15	-0.0153502217519807	-0.0148901836789772	-0.00329971404315569
PF06245.14	0.00181959674288931	0.0108330187351956	0.0127021556092489
PF02920.18	-0.00183430863109195	0.0104686436779691	0.0317802893160941
PF05713.14	0.0363747020687537	-0.0053507266998218	0.00454215786591426
PF18828.4	0.0368273645995554	-0.00104082013770316	-8.81948839793836e-05
PF07275.14	0.0372466091566303	-0.00651953582117461	0.010122409065019
PF08401.14	0.0388086502657782	-0.0069837270792322	0.0133282691874088
PF14191.9	0.0383215915970038	-0.0077393121144335	0.0146575036483044
PF12846.10	0.039560498548387	-0.00478010410879193	-0.00149249432324872
PF12687.10	0.0408314885167769	-0.0138415980740925	0.00694404947401874
PF17295.5	0.0176298350064032	0.0113069582378843	-0.00163709226481003
PF02915.20	-0.0128275466177482	0.00511037199004559	0.0366586419829412
PF12669.10	0.0181339060593892	-0.0215076802806407	-0.0161421110672289
PF02597.23	0.0118493775489041	0.00405811273866651	-0.0176861747598452
PF01996.19	-0.00264849968874246	-0.00587658461551098	0.00842683537895931
PF17179.7	-0.0175785246038592	0.00183940081331996	0.0137085032193469
PF11794.11	0.0184450291726581	-0.0257468528423321	0.00342470197618303
PF03241.16	0.018218353721622	-0.0254028026046466	0.00314129458683164
PF02550.18	-0.00127301730276768	0.00958370180850945	0.0168745018674518
PF06506.14	0.00715336059612647	0.0081123770155679	-0.00796963653730112
PF00269.23	-0.0225632875212362	0.0239110302766224	0.0266064460814109
PF13203.9	0.0183870034657174	-0.0107552241648643	-0.00299830491784821
PF09967.12	0.0118836864907067	-0.00687622647702586	0.000987646962497229
PF07355.15	-0.0309577475739876	0.0213162934493938	0.0260196256633437
PF12073.11	-0.00404087752236224	-0.0102618704143005	-0.00251912048004162
PF06125.14	-0.0145060723909936	0.0301897053696209	-0.0116002971339211
PF12664.10	-0.0106621098410777	0.0279278415725535	-0.0102209140210204
PF18202.4	0.0216408082503138	-0.0176450622056365	0.00177301247433455
PF08309.14	-0.00475773413175638	0.0106237890048983	-0.00716560835841193
PF12642.10	-0.00918880502440156	-0.0194479846364504	-0.00754967521460693
PF04122.15	-0.00996063400857073	0.000851043193467925	-0.00354321750735443
PF18683.4	-0.00478890067419392	0.000239721725692501	-0.000416708985807894
PF04960.18	0.00184899993989871	-0.00085539570264781	-0.00878509188126403
PF18537.4	-0.0161477697365341	0.0044166219714202	0.0174503214653814
PF03598.18	-0.0160247688918745	0.00428384700388921	0.0176155715058069
PF19436.2	-0.0160285772946866	0.00462509199808758	0.0177908563624814
PF03862.16	0.0174137342237357	-0.0097872385584613	-0.00563894587013809
PF09560.13	0.00763903572066407	-0.00205822686679597	-0.016695908828785
PF01856.20	-0.0097340516797302	-0.000637536902201258	-0.000982151459061955
PF02639.17	0.00561133017258345	0.0153172374900593	-0.0181626759195103
PF14583.9	0.00437409241713338	0.0100785256922519	-0.0163766501051162
PF03594.16	-0.0249361905029776	0.0121960691675984	-0.00882741458441993
PF16177.8	0.00129701236431231	-0.00148700019262568	-0.0107441172897625
PF01346.21	0.00936899707101959	0.0250892419974033	-0.0033934297892698
PF02056.19	0.00537395008888726	0.00859862417455711	0.00604139775518748
PF11975.11	0.00538687613023644	0.00867242845196402	0.00602957239736088
PF00325.23	-0.0138079020754329	-0.0031165840163928	-0.00177719480554808
PF07287.14	0.0181994827424396	-0.0150840145124994	-0.0104396584872898
PF05762.17	0.00840136766603179	-0.0020239653047156	-0.00285309368327881
PF03888.17	-0.0220892710031503	-0.0168651764232284	-0.00160225779509483
PF17188.7	-0.0158903058894146	-0.00431103053722813	-0.00177699599783939
PF11739.11	-0.0118586254336365	-0.0180222055228523	-0.00178835024469607
PF06080.15	-0.0167523417924149	0.0106332928654167	-0.00472426752302301
PF03922.17	-0.0168347929463592	-0.00583200607127337	-0.00516933824869467
PF00042.25	-0.00745136927937061	-0.00905475123647569	-0.0114376246994095
PF04307.17	-0.00789780508361944	-0.020753928822634	-0.00706871159910897
PF13738.9	-0.000895267366736022	-0.00666883833211297	-0.0134799164825368
PF18381.4	-0.0206816767489585	-0.0109479965988695	-0.0048663667582319
PF10017.12	-0.00677882352292225	-0.0390973789642674	-0.00309891962961369
PF04392.15	0.00818092416682842	-0.0133542346871434	0.00807403791186473
PF04262.17	0.00138844113922492	0.0175649645838753	-0.0139028721408739
PF18419.4	-0.0137942760977369	0.001189844360329	-0.0061715013615802
PF02678.19	0.00414471647129805	-0.0114050704188515	-0.0156174332917157
PF17954.4	0.00340675541480624	-0.0237349468438329	-0.0130437562912483
PF05729.15	0.00500781707510233	-0.00963273195283045	-0.00397508434017937
PF17210.6	0.010516405674897	-0.00823824933631359	0.0114711200887363
PF11103.11	-0.019303838572193	-0.00661333615761938	-0.00442080458779694
PF14261.9	-0.0131725024686021	-0.00994255974474323	-0.00463153676711097
PF03575.20	0.0142392458434069	-0.0298431885434804	0.00913019293586651
PF17963.4	0.0280149043836367	0.0117119060684295	-0.0114418302640833
PF12215.11	-0.00872716096143805	0.021552591653679	-0.0128693572732264
PF04685.16	-0.00947099760265084	0.0176883997550107	-0.0137920660918431
PF00656.25	0.00938520305707034	0.0139606080892057	-0.0146470720541858
PF00400.35	0.0217838040122153	0.000996083200813168	-0.00669801681975203
PF00931.25	-0.00127131213742019	0.0361030894721183	-0.00788544131812983
PF02798.23	-0.0114140346348434	0.0034606231124552	-0.00924140439036148
PF02485.24	0.00070494681385116	-0.00387271590790058	-0.0201889468488312
PF07693.17	0.012931919010891	0.00389502663734815	-0.000855820730082394
PF12965.10	0.00525939595884173	-0.00845307978237481	-0.0127182468290009
PF13374.9	0.0132785148222346	-0.00407457550586677	0.00241997321464499
PF12770.10	0.0254344708598766	0.00605801763437013	-0.00761917753294068
PF01967.24	0.0113053495605638	0.00493374667424852	-0.0173378752167524
PF08681.14	0.0043888286302483	0.00326866696822637	-0.0167176235823937
PF01774.20	0.0173937646263372	-0.0157687062725986	-0.00796053760929829
PF19238.2	0.00574715295916544	-0.00251091441968095	0.00610918420582844
PF04459.15	0.00576384290568548	-0.00251942224453761	0.00611357202273212
PF05547.14	0.0154033346893318	0.0258207184841797	-0.0098217206602455
PF10137.12	-0.000844094437636016	0.0152803348512623	-0.0182993225017965
PF04351.16	-0.01615507423727	-0.00620616460200542	-0.00285672003607965
PF02581.20	0.0204425583827968	0.011075478159668	-0.00312316171464561
PF02264.18	-0.0116205638128778	-0.0100341302010203	-0.000760182229338879
PF17152.7	-0.0155266575786157	-0.00800851088613176	-0.00679911746516109
PF02233.19	-0.00969569183823677	-0.00682854747076136	-0.00907629829861582
PF13551.9	0.00645689230335779	-0.00625817447293397	0.00246016646666159
PF14319.9	0.000114118245496438	-0.0107528785023812	0.0136913341424084
PF04986.16	0.00242446559562619	-0.0189322172998508	0.0166012058496255
PF13492.9	0.00214931995202489	-0.0228615657537854	-0.0122977864546671
PF20154.2	0.0183144513106348	-0.00839714249870911	0.0029912392077278
PF11716.11	-0.0201386440066353	-0.000395292633838126	-0.00792161468614748
PF07398.14	-0.00867699905837165	-0.00213741185826297	-0.000522202100944594
PF06386.14	-0.0110551957803294	0.00329642501395101	-0.00347517095330934
PF04087.17	0.0162372122554217	0.010669623556544	-0.0110045549986078
PF04672.15	-0.0193513774443523	0.00390895678457612	-0.00553441358349215
PF17866.4	0.014280869910112	0.0175699791767336	-0.00635320371567089
PF07382.14	-0.0116021048951594	-0.00674555176726296	-0.00204436677398076
PF03309.17	0.00277391815235682	0.00335789345261034	0.0071272377008175
PF18915.3	-0.0213539768753739	-0.00755239397521331	-0.00310866134220329
PF13530.9	0.000794041761204606	0.0133466997611035	0.00220585565456497
PF03714.17	0.0121375453390274	-0.0187191344071292	-0.00209130971974418
PF17967.4	-0.0140585922066308	-0.00138577984854488	-0.00433656862498072
PF11852.11	0.0190929631707697	0.00149141411334363	-0.00725094380505136
PF01936.21	0.00206701772001382	-0.00060845835571088	0.006241172193518
PF10935.11	-0.0208980600159093	-0.010202450797364	-0.00274735527181755
PF19086.3	-0.0135201261731938	-0.0110557292234276	-0.00381314180865496
PF20251.1	0.0200999937020759	-0.0134919701956895	0.00147322368958303
PF06207.14	-0.00989307152715974	0.0295591053672854	-0.000828953739791557
PF01931.21	-0.0198955184544992	0.000746553480615772	-0.0027585484012001
PF05145.15	0.00474737451310325	-0.00870400518363779	-0.00939842772046978
PF02812.21	-0.00760663691073072	0.00234332053873561	0.0360544298625972
PF00208.24	-0.00759934196191065	0.00235181927635582	0.0360597456532551
PF01446.20	-0.00688599340656263	-0.0118180628818383	-0.00230696264510992
PF10070.12	-0.0192611947348985	-0.0146391762918581	-0.00401966230410908
PF01051.24	0.00674810609292585	0.0234010574808959	-0.00190613989897739
PF03596.16	-0.00134084424114002	0.0156157124067659	-0.0148499778734537
PF02040.18	-0.0176058119848146	-0.0145633731690016	-0.00482344751868417
PF08673.13	-0.0156367797996738	-0.0124841822289851	-0.00229927450751221
PF02386.19	0.00678418240984388	-0.00568562148690918	0.0164801571683729
PF12733.10	0.00186336499796234	-0.000319426729195253	0.00505898596746596
PF00395.23	0.0147018545881225	-0.0092327545996193	0.0328615115263158
PF01386.22	0.00386266406940887	0.0140037078621811	0.0042387344550139
PF14693.9	0.0038317739635753	0.0139736105440844	0.00422752036316945
PF03746.19	-6.17868185845286e-05	0.0118915786688773	-0.00975872499917444
PF04216.15	-0.000196482754155187	-0.0255195487109931	-0.0045947938945877
PF13690.9	-0.0107325391253143	-0.0175906694109824	0.010858527637906
PF09136.13	0.00355775071464917	-0.0117673265096997	-0.00941922941407244
PF03481.16	0.00287777317524059	-0.00168952311174907	0.00731337062691477
PF14058.9	0.0317992308523095	-0.001364555404385	-0.0103314365289474
PF14284.9	0.0438311362627839	0.00113121460508317	-0.00802338528376081
PF12989.10	-0.0103981616049587	0.00174987304918616	-0.00605450988303403
PF12988.10	0.0250364021773872	0.00857661377857631	-0.013900959021249
PF10626.12	0.00919529918971868	0.0027798039985468	-0.00640558472077911
PF13595.9	0.0345102926790962	0.0120368545834806	-0.0123901198853181
PF12508.11	0.0426362613657459	0.0152638370455202	-0.0159594094802254
PF13150.9	-0.00588917773664737	0.0101844382945213	-0.00624733384455576
PF07863.14	0.0161680978906327	0.00438668307223587	-0.00772180657259186
PF13605.9	0.0141639291203329	-0.00289226883314612	-0.0109688541279031
PF12992.10	-0.000136656769069175	0.00101840718103659	-0.0014508613219407
PF12991.10	0.0312870594976223	0.0131169310802568	-0.01193879856302
PF13571.9	-0.00359546258793096	0.00954163266229929	-0.00627092602931976
PF13572.9	0.00507034525030571	0.00285072078166589	-0.00815696387042106
PF11888.11	0.0227294732620632	0.00115150246243	-0.0100577735580456
PF19514.2	0.0338433255334411	-0.0108312260673816	0.000270250476491635
PF14293.9	0.0425185922555113	0.00422470305403482	-0.0140650885330305
PF09357.13	0.00458739206896332	0.00116898874713467	-0.00764970138892622
PF08989.13	-0.00329316039630862	0.010617634225055	-0.0082923943840272
PF13342.9	0.0160682572386247	-0.0128834249623655	0.00305593064038891
PF13351.9	0.0326326510585572	0.00326495733093084	-0.0108321823880692
PF13101.9	0.033405568245969	0.000772908144519732	-0.00940033101333312
PF12728.10	0.0174909347497763	0.00787571972499042	0.00792980080336877
PF17293.5	0.0425939445033419	0.0220903132964171	-0.00610911099337401
PF13102.9	0.02436344949558	0.00608910446074363	0.0154386971551625
PF17170.7	0.0111200975193455	0.0412116807116376	-0.0124208125738351
PF13715.9	0.00826225008234218	0.0154870496595582	0.0316961431514173
PF08889.14	0.0135640634438045	0.0148905246782797	-0.0144616953374161
PF06180.14	0.008989254224829	0.0227761806336066	0.000490077911099255
PF19762.2	0.0002620435658838	0.0039378904382915	-0.00536205744116787
PF13944.9	-0.00479934969438347	0.00388552972393388	-0.0126225056092761
PF13201.9	0.00268688811243864	0.0245843650641138	0.00687503074342705
PF16344.8	0.0238587351216728	-0.00562633595508315	-0.00847039039373986
PF07555.16	-0.0151618205255768	0.0196839852737043	0.0230416711513315
PF14322.9	0.00591460412459075	0.0158483462191236	0.0251483627588973
PF07980.14	0.00624971866646936	0.0155896792572402	0.0258925402962578
PF07548.14	0.00253788597665786	-0.0347367453448602	-0.0125968951744997
PF03065.18	0.0104002498317092	0.0139982068872142	0.00415323741869765
PF09985.12	-0.0161249211667852	-0.00894054684845214	-0.000713933229377328
PF04423.17	-0.0186415284445039	0.00804326232301313	-0.00592560707123156
PF01927.19	-0.0195599497951652	-0.00924350708439162	-0.00108620352362761
PF08489.14	-0.0188815472525069	-0.00800073867992787	-0.00127368931325513
PF03480.16	-0.00322867777725657	-0.0104244318124518	0.0155746754053204
PF13607.9	0.00165579529667952	-0.0173800636342974	-0.0118918187743745
PF13549.9	-0.00229877068267194	-0.0182463855781463	-0.0103237940734019
PF17892.4	-0.00727211267607133	-0.00271097532414306	-0.00800233473118487
PF17803.4	0.00837765429766134	0.0140500400375623	-0.0163631396977543
PF14907.9	-0.0145355036899214	0.00464714613796732	0.0127438138632668
PF02374.18	-0.0176382958680998	0.000561978488343557	-0.00491409721851453
PF07669.14	0.00698756137642923	-0.00111014128838878	0.0129123371945047
PF20442.1	-0.00186726438558735	0.0148253148655262	0.000269986560487954
PF13337.9	-0.00199116357683688	0.0156498245775563	0.00198221514667654
PF13483.9	-1.58246371106991e-05	0.0112785211692241	0.00618489992017012
PF03938.17	-0.000979876105956556	0.0221249584412523	0.00748539482991882
PF03116.18	0.00281312794390903	-0.00590214531672932	0.0161832277024019
PF02631.19	0.00389871294825708	0.00215116104312004	0.00555185267876228
PF13181.9	0.0060872019670422	0.00292098995948354	0.022218314570305
PF17159.7	-0.0250354857750279	0.000598014049434258	-0.00551939626014662
PF02239.19	-0.0105666881024757	-0.012072973258974	-0.00529220416970351
PF01642.25	0.0047076192460102	0.0148173188418938	0.0188448381349119
PF08495.13	-0.00515187526064862	0.00307013562010201	0.0144258467567749
PF10442.12	0.000243972413730229	0.00826166131518375	0.00517319306663997
PF20080.2	-0.000693967352075386	-0.000474101418790861	-0.00033091463289252
PF13779.9	-0.0128059250433294	0.0110384197669123	-0.00950432015903505
PF05015.16	0.0052946310552269	0.0194317952507612	-0.014618617172809
PF13487.9	0.00222116083647302	-0.0201967167470597	0.0173831171453875
PF17284.5	0.0191927857313871	-0.0114269417161665	-0.013946147498688
PF01564.20	0.013449216388493	-0.0181148764843998	0.00354548255103168
PF03972.17	-0.000882267149067729	-0.0156480673203566	-0.0113583700278674
PF17944.4	0.0146703561910281	0.0203869853578716	-0.0049295298952609
PF05437.15	0.00338357348133716	0.00192910004603548	-0.0115947232310454
PF12127.11	0.0150827679440693	0.0301724484298727	-0.00921537447580239
PF02028.20	0.00332069666078854	0.0131346637905098	-0.0060906157751746
PF13463.9	0.00338581699434892	0.00271741799470158	-0.00643429012504409
PF13384.9	0.0134892901194244	-0.0137101099260586	0.000638833555510592
PF03253.17	0.00650809097759829	0.002093221698532	-0.00909826919384435
PF14281.9	0.00131045811725169	0.000960325702097585	-0.0176005236966152
PF07799.15	0.0022875348451209	-0.000244716810753227	-0.0139518296593012
PF12008.11	0.0108781318839566	0.00815072299311319	0.00828113051037122
PF01371.22	-0.00496885295734524	-0.007587152421881	0.00254463483605875
PF06039.18	-0.00695132474956774	0.017016525134553	-0.0162109616691301
PF11667.11	0.0145232944947159	-0.00851940223191898	-0.000443930736087581
PF01293.23	-0.0133232115772683	0.00110964637141638	0.0437831151705327
PF09330.14	-0.00157212380304075	-0.000616038935488562	-0.00752631500586526
PF04865.17	0.0232369415748921	-0.0114846788916881	0.00353412701613373
PF08827.14	0.000526842028224976	0.0215588922014286	-0.00631680814337108
PF07613.14	0.00805725821497104	-0.00304594916157449	0.000281051514698177
PF12646.10	0.00794619129248597	0.00147439380179859	-0.0149474746689641
PF13240.9	0.00235701082425394	0.00641665341647147	0.01347065896279
PF13375.9	-0.00873188290997938	0.00682701975905317	0.0247607776751138
PF05922.19	-0.0155600151984799	0.0251568249735305	-0.0109035817967806
PF06280.15	-0.0132315054034989	0.0363367760923161	-0.0100509043060101
PF17099.8	-0.0149790954991534	0.00224022146813309	-0.00253507612720391
PF10143.12	-0.00298487130034898	0.00776566460045347	0.00698809810538894
PF09479.13	0.00587047485162897	-0.0074680655392989	0.0397530129651799
PF08428.13	-0.0186724961107011	0.0401310191233714	-0.00117045555224937
PF18998.3	0.00985121979437673	-0.00131888576761045	0.031067659129776
PF16593.8	0.00339295372122931	0.0142058782514302	-0.0125392690928718
PF16592.8	-0.00146335731677392	0.00700766341710714	-0.0118093169750049
PF16595.8	-0.00146335731677392	0.00700766341710714	-0.0118093169750049
PF02388.19	0.00923470758382696	0.0102434382322761	-0.0139623685964889
PF13637.9	0.00788934541916005	-0.010986629818522	-0.00737387973708017
PF13362.9	-0.0165835139511098	-0.00684429375606051	-0.00682252226779585
PF06834.14	-0.00782772776018375	-0.00301724271885595	-0.00146234675778795
PF11181.11	-0.00547071879857207	-0.0170033252473777	-0.0124056983206112
PF12055.11	-0.0161714086242387	-0.000986677276067785	-0.00268367122008375
PF11104.11	-0.00910042760742024	0.0106302285945296	0.0142681919193722
PF07642.14	-0.0105325201895634	0.00203932547111552	-0.00182790197657384
PF07584.14	0.0155523554701294	0.00458578086868474	0.00451627063506998
PF15902.8	-0.00679048089413383	-0.00984162902190135	-0.0121325489663461
PF04338.15	-0.0178705207825963	0.00084229446185568	-0.0038408339846315
PF13746.9	-0.0191455273386151	-0.0128567334991173	-0.00540630964487262
PF11614.11	-0.0215221287397366	-0.00993050287669755	-0.00497621849235302
PF13194.9	-0.0157882690099651	-0.0260032674744382	-0.00109492486963214
PF00924.21	0.0076131995158173	0.00263151110783143	0.0110048244621731
PF19278.2	0.00180536614984109	0.00951392005688598	-0.0115551856293648
PF02538.17	0.00508413813656677	-0.00996458875820702	-0.0107005761382379
PF13450.9	0.00361938809923261	-0.0107014774125709	0.0134742571003723
PF00499.23	0.00839713939997724	0.00930505075420957	-0.00999935153809347
PF14720.9	-0.00136768925641307	0.00289939786189681	-0.0142652970413347
PF12513.11	0.00772651008283326	-7.53139655911865e-05	-0.00242305116820625
PF13469.9	-0.0117611369098226	-0.00704395435086065	-0.00575954166464724
PF03060.18	0.00434295508789699	-0.0105471627178224	0.0149968373623333
PF00677.20	0.0079996041697865	0.0222290870221288	-0.00111874839004678
PF08937.14	-0.000255638113759364	-0.0064738324365118	-0.0163978716698168
PF10592.12	0.0183937998180175	-0.0179137941977559	-0.000707070803750391
PF04205.17	0.00384428096462158	0.000648435315089047	0.0141964448757355
PF12799.10	-0.0110013219572427	0.0242579367463472	0.00235544195476108
PF13516.9	-0.00424772077244267	0.0199681946391378	-0.00700890604964498
PF08477.16	-0.0200398714238743	0.0164944518918298	-0.00978092064893053
PF17162.7	0.0122567479959216	0.0166654880191038	-0.00673197880173989
PF17148.7	0.0161202044102192	0.020796484540278	-0.00662739375003786
PF16313.8	0.0164642585098324	0.0206219708517961	-0.00647462388872037
PF09917.12	-0.00847627279087482	-0.0125263965387176	-0.00516289505072855
PF09084.14	-0.0165293860925141	0.0207363435466938	0.0173226272605667
PF14331.9	-0.0194550998055734	-0.00315293005878682	-0.00815349959252394
PF06761.15	-0.0171298339592099	-0.00722844925064926	-0.00535043943704438
PF06744.15	-0.0184779676777616	-0.00734314311806439	-0.0052719886589983
PF10691.12	-0.0126129389568788	-0.0164328426208324	-0.000951510424234686
PF01921.21	1.16646445262588e-05	0.00572061194566666	-0.0185230895167184
PF13525.9	0.0127096895713322	0.0139161898827059	-1.58773748740463e-05
PF01127.25	-0.0110793720706005	-0.00240552945015892	-0.00996283144104252
PF02670.19	0.00566258185612936	0.00297321023796015	0.00872161721172903
PF08436.15	0.00565469409850562	0.00296411643251046	0.0087231252945812
PF13288.9	0.00565469409850562	0.00296411643251046	0.0087231252945812
PF04445.16	-0.0144488524485768	-0.00391515058325651	-0.00455063388787782
PF00432.24	0.000454170532313709	0.00125085001199101	-0.00672637800125746
PF14478.9	0.00777419262948728	-0.00340851542208231	-0.00778318463746838
PF02256.20	-0.00902925302457297	0.0142173900261084	0.0160146703194133
PF02548.18	0.0167327070522509	0.0137561004378245	-0.00889393729343235
PF02979.19	-0.0125226369762171	-0.0130996469058871	6.93034207110114e-06
PF05685.15	0.0040143532679622	-0.0219171365000514	0.0130958516470559
PF02511.18	0.00849035688422967	-0.0135576992889841	-0.00270244231642415
PF00697.25	0.0145503464316727	-0.0112412241426862	-0.0115608810923472
PF14493.9	0.0154122009609428	0.0346907650816163	-0.0122157631468341
PF08378.14	0.0181401254111333	0.00656037175487678	-0.0105683225818745
PF11870.11	-0.0124177842456889	-0.0101865994227969	-0.00686864679949676
PF13700.9	-0.00527597913384797	-0.00704754002667681	-0.0120815422368135
PF01526.20	-0.00844050262036336	-0.0016806374336534	-0.0136250125896853
PF17998.4	-0.0107242122790912	-0.0129925643485844	-0.00284603644281656
PF02423.18	-0.00275377109172568	0.0184556781426723	-0.0071600592734827
PF03422.18	0.000466462977026286	-0.0115650207486488	0.0118663038188638
PF06283.14	0.00809406229089776	-0.00557690050951635	-0.013594111469175
PF06439.14	0.00936759517976137	-0.0147583912805631	-0.014968549750792
PF18014.4	-0.0108895843306241	-0.0124791130707686	-0.00846321187046685
PF05787.16	-0.0110387178594295	0.00112921752264189	-0.0118660325450671
PF19040.3	-0.0121494956616526	0.00314525708162444	-0.00956178673316434
PF16859.8	-0.0059610110869969	-0.0205479305642073	-0.0118697747642913
PF16655.8	-0.014690795414504	0.0205210210617769	-0.0115150154326131
PF09423.13	-0.0149078946660094	0.0177737566323045	-0.0104615669917546
PF10615.12	-0.0152865974827382	-0.0119613142310464	-0.0010499588717967
PF12399.11	0.00900049796442605	-0.00396527677509158	0.00355871294119931
PF13234.9	-0.0128216292561951	-0.0130827023875693	-0.00114035986397068
PF08148.15	-0.0116795158445382	-0.00528747724217021	-0.00771565090092401
PF20028.2	-0.0153594095162055	-0.00461749163665329	-0.00124996903043045
PF18845.4	-0.0102903134329344	-0.00671120954900134	-0.0030483285023031
PF14104.9	0.002714992861027	-0.0136169406283998	-0.0132575533003077
PF13565.9	0.0066000892947147	-0.0221245196535625	0.0149598427631188
PF13688.9	-0.0209727810380283	-0.0143725050859137	-0.00309704852136732
PF08548.14	-0.0187937811008825	-0.0106800047462999	-0.00500665512707392
PF14516.9	0.01044188566711	-0.00419284302789492	0.0095355748304502
PF18563.4	-0.0125264943947148	-0.0201042966108428	-0.00659550483159968
PF12439.11	0.00683040635274489	0.0130435954738989	0.00702214810926049
PF06202.17	0.00713705319185642	0.0117769684348696	0.00742697889236358
PF05107.15	0.00403366363993819	0.00374716471545211	0.00272075946575837
PF20247.1	-0.00820117128751053	0.0140228573247486	-0.016249339970788
PF06048.14	-2.89501427905501e-06	-0.00553334626669567	-0.00703090045641096
PF18662.4	-0.000765396936423153	-0.00569608784094247	-0.0070764632706277
PF02074.18	0.00315293414516738	0.0167243446330069	-0.00407573585124715
PF10609.12	0.000594719320995753	0.00812512242854193	0.0109161450029568
PF16912.8	-0.0118565752091788	0.000621290891262378	-0.0056141216068651
PF13675.9	-0.0161718889760364	-0.00638716054785353	-0.00755674946396145
PF07695.14	0.00369052212372753	0.0055928050910562	-0.0156978845460194
PF13449.9	-0.0118204723261671	-0.00541843050372588	-0.00655468384734481
PF18932.3	-0.003899125216854	-0.00670071094966576	-0.00154632637729381
PF14358.9	0.0303988186892116	-0.0152576986606908	-0.0118362386883615
PF13148.9	0.0440593408366305	0.0157705822415246	-0.0138998883787287
PF02086.18	0.020259085580635	-0.0256156371826732	0.00556726855760982
PF09299.14	0.0191508428170462	-0.00623534076898199	0.0112306929298841
PF00576.24	-0.0136472429117879	0.00562911083372182	-0.00415891428772806
PF13156.9	0.0112410904576677	0.00403728960718697	-0.0180376164024626
PF13391.9	0.0166751749342612	-0.0249793008601731	-0.00824596075689536
PF12544.11	-0.00578006412582819	-0.00116953246643679	0.00329529895810709
PF13403.9	0.032204440685505	-0.0117524629937428	-0.00700177263246266
PF12787.10	0.0118725481425555	0.0215100294643906	-0.010923138754061
PF02574.19	0.00688773489732346	0.00455839457534276	0.0130363137739301
PF09704.13	0.00632284523109115	0.00458888963812937	-0.00419843342540707
PF03104.22	-0.0120791290485411	-0.00710781165906242	-0.00494821686408008
PF00136.24	-0.00704591189611769	-0.0103351879801043	-0.00808109763349825
PF04015.15	0.00195466024975915	-0.00480105165491271	0.0150700566234352
PF01875.20	-0.00564032291453957	0.0130350968777565	-0.0162618634194021
PF06745.16	-0.00820416297108984	0.00466724955959921	-0.0079255437892136
PF00827.20	-0.00042352836042541	-0.01138564240065	-0.0027389370187396
PF01078.24	0.0207645845703016	0.0058455382689356	0.000562736617826684
PF13335.9	0.0198554447825859	0.00671818114672777	2.66623103276312e-05
PF07314.14	-0.00102387475162938	-0.00366113980095274	-0.0100248886197775
PF12005.11	-0.00734119907088208	-0.00139083541227617	-0.00183027900002231
PF19368.2	0.0161683651320798	-0.0296169324750444	-0.0068474981257437
PF01470.20	-0.0159300601816496	0.0283471955733497	-0.00800767939861696
PF05195.19	0.00665867026604663	0.0149335332001702	-0.00108136458880795
PF03275.16	0.00161027602165437	-0.00744910387604441	0.00893134790909174
PF06999.15	-0.0125010150883498	-0.0127999179803332	-0.00126771862058281
PF14801.9	-0.0135150629035708	-0.00419640483803128	-0.00423893199182112
PF08704.13	-0.0159737795070927	-0.0085718406280805	-0.00461903073235702
PF01764.28	-0.0184324734846952	-0.00778993207022244	-0.00138464420445189
PF18476.4	0.00968351474278279	0.0200878405724066	-0.016264651092482
PF16385.8	0.00530042620688544	0.0337538349335734	-0.00769343448767919
PF03102.17	0.00902237875408248	0.00342007921111629	0.00637213563623967
PF02275.21	0.0233490036093681	-0.00716657517312814	0.00474795848626275
PF01206.20	-0.00909923589846387	0.0296511183750934	-0.0087137389485644
PF08800.13	-0.0177202587964061	-0.00704084078452897	-0.00140995630196568
PF16173.8	-0.013986900977976	0.0122148621921265	-0.0108957368883921
PF16116.8	-0.0134517632005393	0.00608325997090192	-0.010238167953669
PF16334.8	0.00613223266168408	0.0164336963721931	-0.0198733996563467
PF17168.7	0.00613223266168408	0.0164336963721931	-0.0198733996563467
PF16335.8	0.00613223266168408	0.0164336963721931	-0.0198733996563467
PF08760.14	0.00613223266168408	0.0164336963721931	-0.0198733996563467
PF14905.9	0.0262413077697961	0.0194122473285283	0.00227161541983789
PF08305.14	-0.0127659397477316	0.0065260096680964	0.0210363545854922
PF16499.8	0.00860790366037665	-0.00792625100573944	0.000114192479911929
PF17801.4	0.0171044645028718	0.00221693729585815	-0.00138377080000473
PF20600.1	0.0111568773691122	0.00984430478305443	-0.00325502599828336
PF08522.13	0.0108963029046117	-0.000724211504308414	-0.00275002376128317
PF05973.17	0.0120469288247151	0.0078612415829207	-0.0134485992446977
PF10120.12	-0.0153810239255275	0.00026715665132932	-0.00252301326557794
PF16575.8	-0.010470420626248	0.00229916721699786	-0.00185728722840102
PF14258.9	-0.00667214839574709	-0.0102701358239451	-0.00771945572401073
PF06634.15	-0.0178408834501852	-0.0146072722509058	-0.00268225087197937
PF09376.13	-0.0234282892242845	0.00499647656098393	-0.00478371950285468
PF05127.17	-0.0103436331674498	0.00184510506236187	-0.00299508229860926
PF13718.9	-0.00551930160865413	0.00226160234684663	-0.00240880168488202
PF04312.16	-0.0158795752625884	-0.0131755882884607	-0.00224055512226043
PF03308.19	0.0225265250274294	0.0135482814270184	-0.00763126988185399
PF11848.11	-0.0100170641810661	0.0113794417825861	-0.0157488039266951
PF17207.6	-0.0204298064202224	0.000688842595976734	-0.0029218623190496
PF00493.26	-0.0169986467585327	0.00108650665920843	-0.00255716247755871
PF17855.4	-0.0197188113305598	0.000869990464950596	-0.00286882278100657
PF13685.9	0.0179463004557722	-0.0139125906247474	-0.000630954893974788
PF00127.23	-0.014907418920909	0.0039414968814386	-0.00767603972675629
PF02005.19	-0.00960979016160951	-0.0061778805578393	-0.00610480859021387
PF02585.20	0.00532797524256773	0.0442721878515391	-0.00247499881694159
PF04200.15	-0.00968516810532901	-0.00353830176923217	-0.00101962387999665
PF20030.2	-0.00858860704324554	0.0110859211239285	-0.00832651878626648
PF17868.4	-0.0107616364767821	0.011931471200864	-0.00881417979034221
PF13563.9	0.000346566161991862	0.00607863033845494	-0.0119896320266235
PF13780.9	0.00697937795283177	0.00797993790190289	-0.0132771382866925
PF16924.8	0.020257113385574	-0.0160408916824388	-0.0113980365280774
PF04070.15	0.0041222334812266	-0.00640473704533381	-0.00589365285295158
PF19510.2	0.0173035532056342	-0.0355658165485369	0.00213561362193079
PF03401.17	0.013738961590299	-0.0289275536022814	-0.0034765480629019
PF01478.21	0.023071030195481	-0.0540745921948922	0.00604817160107724
PF00404.21	0.00827718055064821	-0.00731038125592036	0.000543343264517218
PF17689.4	-0.0243116532683529	-0.00389176273181958	-0.00306482426953494
PF04602.15	-0.0226957002891103	0.00361176473478762	-0.00503433456040409
PF14896.9	-0.0222744596986434	0.00367242993889453	-0.00499841135519066
PF00939.22	0.00837753906305549	-0.00151590498751522	-0.0144611926240095
PF11897.11	0.0133773421114272	0.0223941229118722	0.00734410410137194
PF16073.8	-0.0115761644575179	-0.0167016431990214	-0.00136666349472445
PF08354.13	-0.0179602854763567	-0.0190528676885782	-0.00320821447818026
PF18094.4	-0.0179602854763567	-0.0190528676885782	-0.00320821447818026
PF13845.9	-0.00994429863633163	-0.0148662427555177	-0.00281677856303677
PF08903.14	0.00462524975723811	0.000786036089441753	0.00884463422063336
PF11849.11	-0.010807617789197	0.00138363960659938	-0.00427298575916551
PF12158.11	0.0142405738222081	-0.0172298967546263	-0.00843337314428814
PF03992.19	0.00643455398313778	0.0192825885522528	-0.0116197793477005
PF13622.9	-0.0173347329893324	-0.00478866429160954	-0.00668382055312777
PF00941.24	0.0112770017845537	0.00694203542805389	-0.00847243818167287
PF13474.9	0.00312198602166482	0.0115057102034832	-0.0123272422836318
PF04028.16	-0.00532844982961357	0.00615664755873619	-0.0119201749924847
PF00885.22	0.0048707245386777	0.0133936256082072	-0.00781923176099696
PF13176.9	0.00762455522313396	0.00543739270016403	0.00350268079771173
PF14103.9	0.00660326833740067	-0.0152324046149355	-0.0146192096758883
PF13500.9	0.0021996121688536	0.0166665747196341	-0.00190526211936816
PF00413.27	-0.00415996183980529	-0.0114147053754366	-0.0131311844966898
PF13431.9	0.00145157828032314	-0.0199020483474969	-0.00494297563919774
PF07602.14	0.00964240641541162	0.000603935262830171	-0.0145416285474461
PF09990.12	-0.0121154624882397	0.00442620685310019	-0.00272915161008984
PF04134.15	-0.0205524792082819	-0.00645001170884727	-0.008064341933886
PF00494.22	-0.00173390711087484	-0.00386410865832696	-0.0132142526389524
PF00142.21	-0.00993736291392385	0.00507912252851446	-0.00860952525624989
PF06089.15	-0.00194027244173063	-0.00414029196028303	-0.0142825142658997
PF19304.2	-0.00894793153213588	0.00234078136317069	-0.0116374726332735
PF14234.9	-0.0142198360163681	0.00191344257356409	-0.00230715361908366
PF16976.8	0.0153269869677427	0.0154680856822547	-0.0130913766159775
PF02613.18	-0.00941063059442569	0.00759826452712281	-0.00908387598539797
PF05721.16	-0.0056274527246654	0.00122878940329772	-0.0135393622278871
PF06390.15	-0.00702781658104621	0.000255262295768248	-0.00558285666584741
PF01804.21	-0.00743424765677998	-0.0156962701003715	-0.00919648983501782
PF14321.9	-0.0124946991435494	-0.00126445697836701	-0.00114873822274982
PF00595.27	-0.00436571220724049	0.0172430296013389	-0.00451339605717292
PF01035.23	0.00769492158860621	0.000903005512682326	0.0032045805897246
PF04439.15	0.0106388978826548	-0.0136386602404196	0.00244708527970625
PF12730.10	0.0228218675032387	-0.00475860068292866	0.0185503020109363
PF06013.15	0.00421632076182229	0.00412352473219598	-0.010316992503643
PF14689.9	0.0166145536960805	-0.0271004970999897	0.00570735453114369
PF06415.16	-0.00235723618391892	0.00367036711793224	0.0257784845800243
PF17836.4	0.0014702796356109	0.019630997476408	-0.0104797333257821
PF00375.21	0.00142371024122435	-0.00909682740018197	0.0171223179736274
PF04632.15	-0.0175722449503221	0.000859038404998339	-0.00790631828434768
PF10088.12	-0.00235855778746509	0.0104590327897242	-0.0140031987599269
PF02951.17	-0.0167680813228897	-0.0031585081485983	-0.00684930804130811
PF02955.19	-0.0158644323238025	-0.00572097358621474	-0.00724008166704602
PF04577.17	-0.0232682312247233	-0.00686042806393777	-0.00404582400904389
PF10009.12	-0.0183715681974919	-0.0141840307413033	-0.0053301578681168
PF03389.18	0.033819898015442	-0.00973363570682935	0.0179895632696502
PF01722.21	-0.0184541820676939	-0.0118739691107894	-0.00163798028573075
PF08521.13	-0.0148944682612967	0.0104518384396341	-0.0100804157021906
PF19425.2	0.0220010658655413	-0.0209038685118201	-0.0128147176482815
PF06537.14	0.00232380554378349	-0.0263682086661466	-0.00608352578555255
PF08329.13	-0.0128217373896471	-0.023235955677124	-0.000948721985679771
PF04546.16	-0.00676288165291737	0.0046402062103253	-0.0169242296332708
PF14850.9	-0.0181445504290625	0.00456353168774852	-0.00855115465341928
PF07470.16	0.0146788947886063	-0.0128145463349953	0.00841756074795293
PF20612.1	0.0124918624499387	-0.00115648321203094	-0.0153988824299612
PF04860.15	0.0399125125100376	-0.021106504116551	0.00139449487604302
PF20441.1	0.0396008910459092	-0.0205853891240662	0.00248223486115541
PF19778.2	0.0131386616599452	-0.0153846361315652	-0.00541724422671144
PF16927.8	0.0128851810288621	-0.0149318401860388	0.0106415095493783
PF10108.12	-0.00888378410112618	-0.00776875541528471	-0.00485913601536693
PF00743.22	-0.0183606480954193	0.0121320681133511	-0.0111254758198561
PF16350.8	-0.014983128362153	-0.00114087548671891	-0.00771136198233486
PF16586.8	0.0203724955096491	-0.0145391760323233	-0.00772101118941443
PF13204.9	0.0208807597193235	-0.0113158164795398	-0.00657083996727085
PF18310.4	0.0221491453486393	-0.0233829601507025	-0.00945636839750828
PF07554.16	-0.0169123560494412	0.0156445934430474	0.0380655378270815
PF07564.14	-0.0163765591393425	0.0521189376267853	0.00947280375172312
PF01468.20	-0.00749613607626894	0.0323809236296927	-0.00404048948315718
PF20585.1	0.00317660788403811	0.018852682720678	-0.0181218917418527
PF18957.3	-0.012722255603709	0.0266208188350906	-0.00711017194648146
PF20316.1	0.00698604351622991	-0.0241263875359094	-0.00851970549404238
PF01719.20	0.00902381588091868	0.000979014965827802	-0.0121409464506802
PF00910.25	0.00367417250992603	0.026359315243362	-0.0115971327375265
PF03547.21	0.0114917135928023	-0.00696064267270208	0.00978949832003622
PF06838.14	0.00832378100918271	-0.0039829843691951	0.00486763361541038
PF04325.16	-0.00960112168168464	-0.0115696812600034	-0.00148341094500597
PF08645.14	-0.00345043143485574	0.0138255044018105	-0.0128589586608991
PF12795.10	-0.0139739057474096	0.00318179470646426	-0.00885552363882984
PF12794.10	-0.0197449931730042	-0.0129836140918576	-0.00398439769293859
PF07238.17	0.00151002739818072	-0.0151929610235079	0.0176326340464839
PF06123.15	0.0102635781855935	0.0310868890003564	-0.0129116985511565
PF01442.21	-0.00577824482265553	-0.00543045712275319	-0.000420125041877839
PF02902.22	-0.0126388272140016	0.00579590064910167	-0.00484993012501874
PF06969.19	0.0111330699175782	-0.00505431385119736	0.00415494048851599
PF06769.17	0.0068483243296019	0.00615827380516967	0.00916348518541846
PF05433.18	-0.0158817157209027	-0.00243074244424598	-0.00389643290772893
PF04102.15	-0.0155797458621312	-0.0114838037608912	-0.00205916246221133
PF19587.2	-0.0104286290882798	-0.0190403133872337	-0.00278151442601052
PF17804.4	-0.0077503659664314	0.00610550574953113	-0.0104060485501937
PF11818.11	-0.00828321715649513	0.0059685660477329	-0.0104323340170529
PF14518.9	-0.0252109204263931	-0.00610434276620725	-0.00735054837096907
PF14346.9	-0.00684804291020863	-0.00121051742571747	-0.00344909700616686
PF04303.16	-0.0140612387386659	-0.0164329226206713	-0.00975537878449101
PF04655.17	0.00991620016308978	-0.00939472826588686	-0.0113287971765251
PF02572.18	-0.00189602816591569	0.00167600504208073	0.00472218433140103
PF13402.9	-0.00783972709576434	0.00865858781267936	0.0201696794900683
PF02570.18	0.0132616327651753	0.01015067267931	-0.0068845019131358
PF02634.18	-0.00273408105158352	-0.00323208308456484	-0.00759599666875612
PF04299.15	-0.0114570243197696	0.00510220185288643	-0.00636318260226274
PF06977.14	-0.00496692386940687	-0.00602238079636464	-0.00199147292601487
PF09413.13	-0.0144569283917543	0.00935394746371552	-0.00752940326920404
PF08351.14	-0.00687956417599643	0.00303448270505208	-0.00281795784407959
PF03864.18	0.0207811372685227	-0.00396437713649625	-0.00623927667299835
PF11890.11	-0.0155704459034833	0.000941130384559213	-0.00305044831995961
PF17937.4	-0.0096286726124954	-0.0213020411076094	-0.00146707752169182
PF11867.11	0.0150315664135151	-0.0068982471568246	0.0124531949031936
PF05742.15	-0.0174860531795127	-0.00987546086674381	-0.00106275016317201
PF16187.8	-0.0105902939798388	-0.00720493295813686	-0.00475983275272018
PF07678.17	0.000370263886534702	0.0149696017581488	-0.014749505176983
PF01068.24	0.0179024895597979	0.0143473246450279	-0.0213014350126647
PF14743.9	-0.00257597434299508	-0.000503952659866625	-0.00335073890978399
PF11871.11	-0.0145397251508781	-0.00903818684774494	-0.00301461247535448
PF00089.29	-0.00513660628361575	-0.0338493223309833	-0.00768621521725393
PF05896.14	0.0170245202081342	0.0191631303024486	-0.00556770757051597
PF11973.11	0.0170125590495033	0.0191608996596474	-0.00556838692470019
PF05834.15	-0.00860102269778262	-0.0289587256400006	-0.0104429103653001
PF02543.18	-0.0153189374129701	-0.0149433139430974	-0.00605420713299728
PF16861.8	-0.0128907347813264	-0.0182360650691008	-0.00701745188017513
PF13631.9	-0.00628112189466055	-0.0158341890948694	-0.00517896197519097
PF04186.16	-0.0139947994631555	-0.0146662562121858	-0.000895362580210815
PF07969.14	0.0072202511287357	0.00494317152782243	-0.000794678576451282
PF11268.11	-0.013069838613225	-0.00871405328444417	-0.00618293835811668
PF05223.14	0.00313187238299451	0.0162413463701315	-0.00110021414855906
PF09660.13	-0.0115674387503654	0.019942890367139	-0.00669431575400704
PF08665.15	0.00202640023918971	0.00605625739040735	0.0122468609621236
PF11845.11	-0.00027229422829072	-0.0181128043209504	-0.0123464844751625
PF02834.19	-0.00673346617095752	-0.015841443251576	-0.0129085380331445
PF01343.21	0.00346714878214998	0.0181345829017484	0.00817267959384148
PF05138.15	-0.0193234517984525	-0.0181349707386555	-0.00463603829869049
PF06505.14	-0.00876663234702541	-0.00272116145592401	-0.000302436890615583
PF02830.21	-0.0166211705000401	0.0258838008196076	-0.00751184300014177
PF02332.21	-0.01748633738519	-0.0156437031976952	-0.000632174936288682
PF02556.17	-0.00439014381818812	-0.0110706911859434	-0.0147253952598842
PF04612.15	-0.01272670812051	-0.0063976982108075	-0.00220964693851018
PF13710.9	0.00636139289391833	-0.0113923847043171	0.0093257503255959
PF00124.22	-0.0130720590955798	0.0170944221608535	-0.0132500927026222
PF11832.11	-0.0147683763661343	-0.0119196228924002	-0.00270108305798616
PF14252.9	-0.00939772384450278	-0.00333856175989116	-0.0105632505729172
PF03699.16	-0.00333136683979571	-0.0109589136328552	-0.0104170017770804
PF13433.9	-0.00950538452830912	-0.00687431857120729	-0.00656519370379392
PF14403.9	0.0148706835124019	-0.00963488718681401	0.000254329848410162
PF03567.17	-0.0220938986905658	-0.00530000207507825	-0.00182237873675474
PF02171.20	-0.013466548890562	0.00274999981259653	-0.00575049394627639
PF05876.15	0.0289119132240484	0.00813683679988914	-0.00962886396407754
PF20454.1	0.028839969362937	0.00821536553015411	-0.00959828106983027
PF00428.22	-0.0123470124168555	-0.00391022373219872	-0.00882089577115117
PF12996.10	0.0119416111733196	-0.024666663892598	0.00187324647618429
PF13524.9	0.00860300309768941	-0.0235683824502673	0.00622817568612353
PF02659.18	0.0166541616876519	-0.0100652699671649	-0.00502814315610414
PF16640.8	0.0218143360666881	-0.000571042099329719	-0.00629372072289687
PF16184.8	-0.0133042600168985	-0.0138146194359025	-0.00479561107032207
PF18888.3	-0.0010741774784276	-3.18402850308761e-05	0.000101529074466246
PF18676.4	0.0213925427377502	0.00674068593154637	0.00367304136186439
PF09180.14	0.000787982137728331	0.0102842139500932	0.0188092287862244
PF13517.9	0.0279819028267532	0.0170847981184076	-0.00822036669907446
PF17164.7	-0.00632113880626631	-0.0106767277125437	-0.00165637073712775
PF13286.9	0.0026342832895744	0.00410968520142553	0.0102852759254632
PF02633.17	0.0101384045864257	-0.0108210609877854	-0.0105227431532278
PF03190.18	0.0117996057428949	0.00465500072497795	-0.0094223830224765
PF12167.11	-0.0214603800941824	0.00771963189945234	-0.00466677823561119
PF06182.14	0.0216102512425501	-0.0276005709258522	0.000985602963393538
PF05690.17	0.0126703155701582	0.0211769511778135	-0.0111396224273789
PF00148.22	0.00208896892287377	-0.0183295832065673	-0.0104221283583023
PF08369.13	-0.0205803684822462	-0.0118644602598078	-0.00210911720376715
PF03479.18	-0.000770019978190484	-0.00782881423000471	-0.0146226119370571
PF01977.19	0.00189716127569549	0.0129979961612398	-0.0165876693239031
PF05359.14	-0.0106358196492859	0.00347315738142572	-0.004495499674949
PF00444.21	-0.00676673594093335	0.0102288810857426	0.00214217902830992
PF13435.9	-0.0119452013698592	0.0242067600295952	-0.0117275005565997
PF13447.9	-0.0119813166126831	0.00356793181936119	-0.00284108048125857
PF05069.16	0.0115800836099313	0.00341690746501645	-0.0126935889510346
PF13429.9	-0.0229621562078692	-0.00880829998650582	-0.00373272224257836
PF02662.19	-0.0171046508864338	0.0133771809409838	0.00590151755426841
PF12779.10	-0.00543930395971788	-0.000979140163220352	-0.00128753192929752
PF14243.9	-0.012914498933438	-0.00166639073866648	-0.00645459633806921
PF12458.11	-0.0114836897204182	-0.0119544231372136	-0.00286587067825784
PF10459.12	0.0281786524752321	-0.0148386301714337	-0.011743359606649
PF13084.9	0.0159541816353319	-0.0128016451666101	-0.0091084985538804
PF19266.2	0.000757612987734389	-0.00610043164701218	-0.00943566579794408
PF07637.14	-0.0176099477006797	-0.0139009589773615	-0.00358117690820468
PF07631.14	-0.0196245382202768	-0.00258293409131321	-0.00668404117873659
PF07627.14	-0.0207540931530315	0.00647846968052295	-0.00696840157405126
PF07624.14	-0.0208878178288058	0.00650683649012256	-0.00698830535199529
PF09906.12	-0.0142008228696454	-4.61284308724711e-05	-0.00389330260534752
PF10974.11	0.00333513073839867	-0.00529108357596	-0.00826619805757975
PF05050.15	0.0193983834531251	-0.0013153919971111	-0.00639803437964875
PF13249.9	-0.0142483925914456	-0.013355506635628	-0.0070737679097218
PF13243.9	-0.0135748479089199	-0.0142987532760843	-0.00838916389610389
PF07696.14	-0.0123824703922795	-0.00202739563357343	-0.00971132322715037
PF13298.9	-0.0142847245755531	-0.0148962261629759	-0.0105162676267125
PF04679.18	0.017436700670879	0.0179590781878806	-0.0219621045971278
PF13386.9	-0.00536598118923459	0.0153922199660282	-0.00887580305802139
PF15609.9	-0.00298345874166576	0.00920526447043588	-0.0131313601771852
PF12500.11	-0.00301043314279704	0.00919391422344585	-0.0131350918333872
PF01934.20	0.00752627939907605	0.00964309853850074	-0.00707509172234895
PF05673.16	0.0098028460124015	-0.0103113076483537	0.00638039888167743
PF07589.14	-0.00389820519337055	0.0020837642526237	-0.011650827888057
PF04402.17	0.000165286419021077	0.00278252563277566	0.00568912497918737
PF18370.4	-0.0181952447557967	-0.00431434372128401	-0.00875844731527194
PF12971.10	-0.00116516679436232	0.0184930210952704	0.00854913761210514
PF05089.15	-0.00112521867328757	0.0184890030088198	0.00855402192569442
PF12972.10	-0.0011619040458441	0.0184938604013233	0.00854917209358364
PF08707.14	-0.000510687740753023	-0.0178927296656257	-0.0112945039948699
PF09820.12	0.00317120153298914	-0.00330058785204151	0.0255901868840878
PF08011.14	0.0030133019269283	-0.00284683476756166	0.0246699977483497
PF08842.13	0.0249100110160974	-0.000929627922990461	-0.00421326832559733
PF07784.14	0.00727911036664596	0.000989711419269094	-0.0186413735691044
PF09827.12	0.0159040462364284	-0.0143598407387215	-0.0049278037851586
PF03625.17	-0.0209222837829085	-0.00626187060207465	-0.0017821979327009
PF07959.15	0.0118154926176411	0.017402468343674	-0.0129313916716399
PF03616.17	-0.00667686129274558	-0.00500852998432895	-0.00170042919571822
PF08531.13	0.00812896737280214	0.00564872990265872	0.00640552969187727
PF17389.5	0.00946038774045915	0.00599749870671491	0.0090013755186635
PF17390.5	0.00726687340534265	0.00597098315762262	0.00593193106906717
PF01924.19	-0.00441803681165734	0.0112068987058503	-0.00818925057070408
PF19268.2	-0.0138824672850057	0.000161716359706262	-0.00191600504341669
PF13444.9	0.0168208926730894	0.016093092380822	-0.0108319036833236
PF00852.22	0.00518385914821156	-0.000732027705338163	-0.00729595313760341
PF14063.9	0.00674043429727527	0.0262896703044074	-0.00997635892761566
PF04383.16	0.011412306667861	-0.00587401122329496	0.00860578250214499
PF05592.14	0.00817549059242383	0.0053071563298348	0.00633431748298635
PF15869.8	0.010514421236716	0.0110700344248383	-0.0142540917440525
PF11276.11	0.0178978312360598	0.0202206255340812	-0.0105160493659939
PF14289.9	0.0160049281485215	0.0165078599737796	-0.00833961236469019
PF03599.19	-0.0136317439762172	0.00900192626709879	0.0132290421189918
PF02577.17	0.00860807414869424	0.0117068802641273	-0.0148568854343346
PF05991.14	0.00800233830776071	0.00120408923854962	0.0111501382012054
PF01972.19	-0.00482328319082751	-0.00011251835631702	-0.00770971158784328
PF01174.22	-0.000299381445129717	-0.00391976000404895	-0.00516350586589411
PF02073.18	0.00122672047663801	-0.000899902256375666	0.014522701667709
PF02621.17	-0.0193871400625405	0.000941461472077477	-0.00408337235488908
PF01955.21	-0.011138098256817	-0.00205075909507986	-0.00220693685256795
PF04376.16	-0.0184283359640166	-0.00918023341216482	-0.000958943328193787
PF04377.18	-0.019717712039904	-0.0138123210752663	-0.000939568761803862
PF17101.8	-0.00732845925183965	-0.00186223600830005	-0.00636047961046575
PF11380.11	-0.00732845925183965	-0.00186223600830005	-0.00636047961046575
PF05430.14	-0.00747763164787231	-0.0049995357562222	-0.00966598653397073
PF08379.13	0.0113144131653928	-0.0232001627287723	-0.00590210620614062
PF09899.12	-0.0121695043208893	-0.00311181460037165	-0.00768009433343333
PF07505.14	0.0214420399173475	-0.00380872219005287	-0.00627789699354191
PF02563.19	0.00782965365992751	0.0241036516155069	0.00249832397172728
PF12806.10	-0.00511131516409341	0.00240346251252497	-0.0103001469746205
PF06739.14	-0.00242148807183096	-0.00481587397993059	-0.00588878787280953
PF03682.16	0.00558252257064289	0.0188994985015058	-0.0219778775364423
PF13282.9	-0.00532215874137378	-0.0370676940042639	-0.00952833474516291
PF03548.18	0.0168551361704965	-0.00277604437259954	-0.0168756042834382
PF13103.9	0.00706541231707391	0.00776406840507721	-0.0135673591553574
PF17125.8	0.0104842561008677	0.0040011039952232	0.00728850994358653
PF17149.7	-0.00994376859583035	-0.011500359389373	-0.00161448492875722
PF02018.20	0.00827229738002558	-0.0100592490675827	0.0163691476320057
PF18884.3	0.0105221098814594	0.00843686719737981	-0.00790104078592453
PF12385.11	0.00394249781313974	-0.00434676470791973	-0.0155637037228267
PF20009.2	5.78255738008683e-05	0.00960616526854782	-0.0115646765225584
PF06996.14	-0.0200567597651686	-0.0023391965249253	-0.00294841390068959
PF11383.11	-0.0131013480743064	-0.00117440983137857	-0.00128042249834045
PF12625.10	-0.0140925185847746	-0.00797457989503257	-0.00667187904121607
PF04225.15	-0.000994388353902243	-0.0180498295961357	-0.00531311149074001
PF05930.15	-0.016242401522934	-0.00157021388829679	-0.00164604201030662
PF12571.11	0.0235400535352711	0.00231924982304618	-0.00679515094634324
PF03406.16	0.00102191542465198	0.0138107488269633	-0.0125171388317036
PF04116.16	-0.00636540865818321	-0.0191971225964798	-0.00754496168532578
PF19459.2	-0.0140146349104457	-0.0119131733504901	-0.00100079503328053
PF13657.9	0.0155194763387043	0.00125184125135649	-0.0031329104839236
PF02696.17	-0.00637858153312223	0.00295364286518743	-0.0122408313159077
PF04279.18	0.00110456081483007	-0.0263194301611758	-0.00874686685778528
PF13872.9	-0.0181800093125967	-0.0055320807236568	-0.00656741585243576
PF14312.9	-0.0093036833028882	-0.00334935623209722	-0.00499464311244428
PF03748.17	-0.00446414173014389	-0.0199457719249865	0.0102846355799321
PF18935.3	0.0221633967620905	0.0107688561426616	-0.00792312280935924
PF05368.16	0.0026551051733235	-0.0223707984094826	-0.011442137324205
PF10387.12	0.0121079173772898	-0.00577436061944606	-0.0118370266858142
PF02348.22	0.00784758901778949	0.00324995872327443	0.00669647857236411
PF04168.15	0.0118412417082588	-0.029025351967949	-0.00545436737575643
PF00174.22	0.00238327301913931	-0.00323027011087101	-0.017475193441809
PF03323.16	0.0196026453590869	-0.00579551719362528	-0.00103372508378715
PF09709.13	0.00372834884359617	-0.0010576580895825	0.00506417340369007
PF18019.4	0.00252162744681612	3.73273918561309e-06	0.00135412290366493
PF19557.2	-0.0177344509431033	0.0138629489602655	-0.0130443720955581
PF04294.16	-0.00176737869813712	0.00144786676867934	0.0146289824156899
PF01680.20	0.0036179276803162	-0.00318367666429025	-0.00292015470745046
PF10983.11	-0.0162403354136816	-0.00263092992076381	-0.00267540464381486
PF02788.19	-0.0191220229427192	-0.0263347539915605	-0.00327710377534037
PF00016.23	-0.0192541083383764	-0.00857833222328117	-0.0105134566835183
PF11283.11	-0.0130692397537924	-0.00991818807145678	-0.00178542057762787
PF00421.22	-0.0178100114972823	0.0269550543556385	-0.01142233568191
PF03476.19	-0.0104131710531812	0.00465947903667386	-0.00732407615854773
PF00686.22	0.00801219857470107	0.00731816815398015	0.0086706990211954
PF00223.22	-0.00954913178146907	-0.012112784854942	-0.00976201643993383
PF14870.9	-0.00944161424982131	-0.0151412020404065	-0.00365359678904048
PF02685.19	-0.0198466717858306	-0.0231678676434244	-0.00264545761335113
PF05067.15	-0.00402895714275529	-0.00412134078354047	0.00986260290953353
PF18088.4	-0.0052701495526138	-0.00175768745161359	-0.0133419494343931
PF13679.9	0.00239295971351746	0.00240235049257407	-0.000648440085608918
PF08719.14	0.00802194966388574	0.018145214964615	-0.0122725892121466
PF04285.15	-0.0136749510350149	0.0111426188830318	-0.00809229942999611
PF08298.14	-0.0112498946772104	0.0185409801652146	-0.0116453949601861
PF06798.15	-0.0112155642713465	0.0181356601416473	-0.0116325190641818
PF09547.13	0.0040815013394494	0.00402741261709866	0.0120637937300431
PF20438.1	0.00408113940770698	0.0040249904657897	0.0120644331614437
PF20439.1	0.00406689491436866	0.00402973691694436	0.0120602009613294
PF09002.14	-0.00463478898352018	0.00206426438710122	-0.00617115004877666
PF04765.16	-0.00508934612984782	-0.00162859807638883	-0.00485897613109729
PF08388.14	0.0140532763816167	0.00200060770539596	0.0203872210701079
PF18395.4	-0.0191322937152056	0.00601864615543447	-0.00463174362953163
PF14333.9	-0.0120922572067299	-0.0117530007041288	-0.00136945329650764
PF20466.1	0.0221168013885773	-0.000811601720645294	-7.48612001386179e-05
PF03713.16	0.00536099027961801	0.00397790023149954	-0.0138400283329414
PF11856.11	-0.0134111396038606	-0.0120099126910205	-0.00237434455549338
PF13828.9	-0.00770604080420045	-0.00407894686909653	-0.00250471824599208
PF05552.15	0.00164827478490529	-0.0042967733255943	0.0115616278129968
PF13406.9	-0.0187907141302766	-0.00964071243349604	-0.00281283743656932
PF12545.11	-0.00773466252157939	0.00190522799708632	-0.00539997632468575
PF13499.9	-0.0220313628744131	-0.00509793556397661	-0.00457852495841334
PF07080.14	-0.00391025425978443	-0.0123589765064532	-0.00156398050725426
PF08487.13	0.0194776456137929	-0.0107383580823847	-0.0174615987715921
PF13768.9	0.0190348894032843	-0.00975461021153306	-0.015362285848722
PF03977.16	-0.00532004341141339	-0.00587287389954534	0.025676376158219
PF09163.14	-0.000990817917120039	-0.00483463286897763	-0.00303025200536507
PF03755.16	-0.000398252718986854	0.00469213498114037	0.0123999709155925
PF08340.14	-0.000436915232537087	0.0046721703669532	0.0124101485987481
PF06863.15	-0.0197382319820145	-0.00254332189971962	-0.0082827460274043
PF06742.14	-0.0167347576405956	-0.00272791315503372	-0.00881459677738519
PF13207.9	0.00029418556131879	0.00343074648078518	-0.0115773468514803
PF18204.4	-0.00917369733827237	-0.00257211366341601	-0.000454777501878588
PF05048.16	-0.00686048657131882	-0.00347885604654534	-0.00834411501453045
PF14578.9	-0.0128288256492378	-0.00353734349490942	-0.00188972818091759
PF02985.25	-0.0178445827109295	-0.000653064884535881	-0.00357725947501291
PF06253.14	0.000197875055832484	0.0136721407182195	-0.0218224386369783
PF09937.12	-0.00596992258444831	-0.0239667443814242	-0.00268218069930491
PF05853.15	0.00161371305545361	0.00292952736495574	-0.00174284411927706
PF18755.4	-0.0041462624779351	0.00156851114018116	-0.0114260312577838
PF03472.18	-0.0131972241132658	-0.00223812802289423	-0.0034471207625586
PF02371.19	0.0033549165706066	-0.00894964209417912	0.040908607305597
PF02405.19	0.0168098467257587	0.00879880832549115	-0.0124716222851841
PF17850.4	-0.0190515079279542	0.00159008782370019	-0.0105539313750282
PF11740.11	-0.0148328418540488	-0.0168285592581729	-0.00036137683505512
PF00657.25	-0.0232173729853336	-0.00519142021403442	-0.00302631063585634
PF20419.1	-0.0154726080215906	-0.00621001318025621	-0.00399854046084718
PF13723.9	0.010150342414396	0.00271521301841036	-0.0169641205349053
PF08273.15	-0.0147494737553381	-0.000527580695688164	-0.00372289361045906
PF20464.1	0.024606643863757	-0.00284069972275645	-0.00183931112168337
PF11306.11	0.0166645346520795	0.00441487247926766	-0.0154226562575797
PF13905.9	0.00034735065304017	0.0238121877529485	-0.0105601871327647
PF05425.16	-0.0086249987376001	-0.0344439820603412	-0.00946849245961691
PF14280.9	0.00111744191528415	-0.00474301191182939	-0.0146248382251448
PF06181.14	-0.00890371650585731	0.00967293253346606	-0.00650434208100312
PF04379.17	-0.0137590540320411	-0.00303471780443871	-0.0042724411795035
PF08874.13	0.0136790713861736	-0.0066631748726923	0.00783850746005714
PF12395.11	0.0136773641423577	-0.0066781671841495	0.00783415090968874
PF07683.17	0.00955389096709509	-0.00215007854805837	0.00342288825494262
PF09298.14	-0.00954731218644623	-0.00737438619817689	-0.0071416946381376
PF13230.9	-0.00361716752528509	-0.022655938408831	-0.00588655696426409
PF06082.14	-0.0130159856191845	-0.0132990082108011	-0.00134652701929831
PF09492.13	-0.00798151717620508	0.00282876464438376	-0.00401706469353158
PF01833.27	-0.00449836367212206	0.0192732794558718	-0.00882794386533499
PF13540.9	0.0164195635971029	0.00086519398436273	-0.00784269655896198
PF11790.11	0.0231207281850456	-0.0079812005292946	-0.00918328879153121
PF12904.10	0.012141118654815	0.0123431913971425	-0.0201718917959295
PF14200.9	0.0092496924851739	0.0136548841190379	0.0109523963987682
PF16881.8	-0.00669275353840642	0.00805958170812624	-0.0110603637490926
PF09249.14	-0.0152040432785761	-0.00539725977791592	-0.00288899487863912
PF17214.6	-0.0222243896407119	-0.00487015144659066	-0.00568788823937782
PF16661.8	0.0172689724541167	-0.0328923218771921	-0.00174221876988818
PF10996.11	-0.00367905811889815	0.00203572349991896	0.018920705087127
PF05726.16	-0.015909577877592	-0.00775680567635474	-0.00916697791494888
PF17651.4	0.00478914952336396	-0.0039836028279668	0.00640274538243963
PF14574.9	0.00336658988507552	-0.0047200976772161	0.00859886925846298
PF13547.9	-0.0141590098420977	0.00255303799529824	-0.00275620319958833
PF02667.17	0.00186178163873347	-0.00299530759854327	-0.0106885300414551
PF09391.13	0.0241391813812049	-0.00948331432111172	-0.00868585010463538
PF02625.19	0.0032052781898051	-0.000313769662759527	-0.0146844477502847
PF13478.9	0.00440677575067068	-0.00633518636585719	-0.0143044823097755
PF08272.14	-0.0147340440941323	-0.0025329893796175	-0.00550953942715419
PF12847.10	-0.00368939744183288	0.00705762685556425	0.0072621472458038
PF07072.14	-0.014827009412217	-0.00501417441689959	-0.00156662111678001
PF05567.14	-0.0113584999667343	-0.00264668100099932	-0.00971779072532369
PF18029.4	-0.00143599293550837	0.00861423892383532	-0.016991350678733
PF04290.15	0.00341808833314177	-0.00856237033754095	-0.000239631070890257
PF02666.18	0.0118884508287089	0.0151451946331839	-0.00604176041309006
PF06925.14	0.00927297883770157	-0.00339660612166851	-0.00434720196829255
PF01548.20	0.00329345488942733	-0.00878331206094553	0.0409271621402837
PF04234.15	-0.0131896058217695	-0.0290756765263312	-0.00334953115709221
PF13709.9	-0.0177455062382833	-0.011893498862622	-0.00392892333102065
PF10649.12	-0.00809046414873751	-0.0107730617395162	-0.00125700914471135
PF01443.21	-0.0109787716200397	-0.00146448870737651	-0.00184226545296572
PF17841.4	-0.00685490720919376	-0.015998860044254	-0.00235009731650273
PF14742.9	-0.0168340772078028	-0.00276432775771239	-0.00239650562203129
PF03976.17	-0.0074454086039694	0.00993491930811649	0.0125765422419245
PF02665.17	-0.0227930466488489	-0.0113690749348784	-0.00319181809357898
PF13600.9	-0.0262799145349254	-0.00932557591292932	-0.0051456108509586
PF13598.9	-0.021860223598583	-0.00835510378404408	-0.00577634988212253
PF00507.22	0.000281948986870438	0.0143162134402308	-0.00725081489818757
PF07593.15	-0.00160297047487066	-0.00216352001415913	-0.0104669558680219
PF13618.9	-0.019311802436106	0.00294447383094583	-0.0059899120093571
PF13418.9	-0.00965742640755174	-0.0233571895979786	-0.0062699648644553
PF14863.9	-0.0113418300421564	0.0148815154339909	-0.0126042368118173
PF14864.9	-0.0170629540082946	0.00319604302502277	-0.00944348500782226
PF15780.8	-0.0137033634348153	-0.00303080186406579	-0.00607512770790813
PF02065.21	0.00482405444495038	-0.00539811724716425	0.0228432287256503
PF00028.20	-0.0103324573214689	-0.0124665644357632	-0.00448878172164858
PF05818.15	-0.00968195153099955	-0.00550312366106888	-0.000702861990763486
PF03328.17	0.0171231281127142	-0.00934868599428245	-0.00566934019588788
PF05940.15	-0.0207191408666435	-0.00870904800709553	-0.00219902317538764
PF17201.7	-0.0189016895132222	0.0009073440793029	-0.00607421485371321
PF00614.25	-0.0131826074654505	0.0167539902217535	-0.00757034523862345
PF01839.26	-0.00481442714203353	0.00140610381519425	-0.00794863783559325
PF03411.16	-0.0202446328771645	-0.00592086323509469	-0.00378718223275609
PF05488.16	-0.0211589702027665	-0.0118229966945307	-0.00497641157091519
PF13480.10	0.0212338822278034	0.0225315039627575	-0.0189334810156977
PF13308.9	-0.00294870233205697	0.0185947110277308	-0.00358179019555025
PF10722.12	-0.00184194627159227	0.00389383027026781	-0.0160069811142933
PF08769.14	0.00349785398672599	-0.00651375176350665	0.0082478997296487
PF13751.9	0.0105980737784965	-0.00292876785254418	0.0298315281052191
PF14057.9	-0.0137963555642019	-0.00225656096063456	0.0372765474815318
PF08876.14	0.000874199245625728	-0.0150254683610522	0.00655537285575307
PF02690.18	0.00461817909780717	0.00537467595622348	0.0241763550411168
PF10719.12	-0.00792581543569196	-0.00241019945487074	0.00599235335220451
PF16472.8	0.0199474562897126	-0.0193659308170327	0.00541722153207301
PF20578.1	-0.00614720767082905	0.00522473618681408	0.00064417063992207
PF01270.20	0.0198315605564474	-0.0203199708491035	-0.0024784891672666
PF18962.3	0.0280651304370417	-0.00146753335471731	-0.0115679927970789
PF19081.3	-0.000942811508311779	-0.00424074557146726	-0.00347499871816862
PF13668.9	-0.0168689462304673	-0.00623475118256433	-0.00124056976280169
PF14903.9	0.0182745564977532	0.00924560170884124	-0.00265351253331799
PF14093.9	0.019192511335691	0.00558866601294268	-0.0164919243849648
PF03425.16	-0.0110896453855227	-0.00235140522171618	-0.00283978343659374
PF11751.11	0.0190288532093782	0.0228287672826111	-0.0173866012425629
PF16242.8	0.0177169739709484	-0.0143667570026471	-0.0106090481765568
PF18127.4	-0.00053850985545995	0.0388543500110516	-0.0133167413494213
PF09997.12	-0.0102245083838653	0.00588194771780919	-0.00582020478400775
PF19408.2	-0.0144553212929435	-0.00505125494425077	-0.00276118782036934
PF13585.9	0.0224320266177533	0.0160013339282995	-0.0147248542509141
PF09375.13	-0.00289233762507126	-0.00462889188357346	-0.00998335921784039
PF04350.16	-0.0157300472653134	-0.0112254418798793	-0.00273224994952683
PF11028.11	0.0180156089756001	0.0141636276716816	0.00291555109611781
PF09972.12	-0.00804022490970772	-0.0081980703796224	-0.00839795629596327
PF04260.15	0.0111650887322492	-0.0125052797029122	-0.0116230598532745
PF14262.9	0.0185540403521531	0.00507036929891011	-0.00833239002531713
PF00936.22	-0.0198216719006732	0.0214922304395733	0.0234190123935923
PF04140.17	-0.017106540767416	-0.0134078869333017	-0.00284647776654325
PF01992.19	-0.0156027721004946	0.0119336455517165	0.0180081892867108
PF01813.20	-0.0123434603792825	0.00660675644355818	0.0211770991763686
PF18651.4	0.00383450459279998	-0.0242482159165504	-0.00196454574940636
PF19076.3	-0.00500743896547591	-0.0187891352128279	-0.00494007898123843
PF17786.4	0.014688932466206	-0.00541046814678722	-0.00797085709455424
PF17753.4	0.0101576897319525	-0.00765362179009879	0.00513343782855543
PF12156.11	-0.0166158833906798	-0.00649049514947784	-0.00611724476362082
PF03629.21	0.0214728713648216	0.00617332647836556	0.00128565376301417
PF03747.17	0.0118863161626337	0.00287037301019774	0.00170348449792836
PF04191.16	0.0291044198300896	-0.0224788963656737	-0.00974734009777905
PF03591.17	-0.00033445528515194	-0.00148698646038025	-0.000129545923321663
PF07978.16	-0.0138304799003946	-0.00383327028592284	-0.00168931145186035
PF01050.21	0.00144763486988224	-0.0138446782053847	0.00485348101552703
PF03098.18	-0.00873235314529066	-0.0107080255769413	-0.00455624944101773
PF05419.15	-0.0142980993979919	-0.00553679369468495	-0.0040735355662699
PF12773.10	-0.00140606057072166	0.00654341788874492	0.00488686245008896
PF13704.9	-0.0114290346097934	-0.00786434873885405	-0.00284927778538953
PF01988.22	-0.000263173101330423	-0.0204152796991569	-0.0144138090879295
PF06776.15	-0.016158259491617	-0.0231297583201258	-0.00571617166914651
PF11187.11	0.0209133225233095	-0.0179561526088608	-0.00033660813099672
PF03729.16	0.00879940559044689	-0.00533380128294006	0.00977241205638638
PF19567.2	0.00670454285007497	0.0157083648032912	-0.00233803343473876
PF09902.12	-0.00239433737362518	-0.0208638876296696	-0.00278340123949425
PF13630.9	-0.00476730955608769	-0.000326021886377148	0.0125223605754538
PF07949.15	-0.00439161191813081	-0.00123938805009479	0.0190779297768749
PF13743.9	-0.00498398524667343	-0.0156552327887784	-0.0107712035207709
PF08860.13	0.00391289036107689	-0.0297441684785783	-0.00597371949561749
PF17883.4	-0.0135616030123553	0.0268547745856078	0.00624773402409033
PF13514.9	-0.0071292366399976	0.025351259395268	-0.0103232925404772
PF03217.17	-0.0137119767948005	-0.00365301515571444	-0.00160773746303078
PF01887.19	-0.00721750171410488	0.00294323321482211	-0.0124201221220334
PF20257.1	-0.00651530786679445	0.00349132692435744	-0.0123119472512155
PF07537.14	-0.000100315926393313	0.0206185693438397	-0.0145700387857517
PF10923.11	0.00883110131822915	-0.0144141002830932	0.00433781317593796
PF13208.9	-0.00592964737658648	0.00724142439804877	-0.0189915136447478
PF15615.9	-0.00587072464391256	0.00685040656671508	-0.0188768585440237
PF11148.11	-0.00707615082608024	0.0144957644698265	-0.00612826392594743
PF06993.15	-0.0113705612430764	-0.00797613446081543	-0.00387468854929355
PF13246.9	0.0155284936504615	0.0208887511296606	-0.00452622223548183
PF12229.11	-0.00254377399667515	0.000776854947701677	0.0197102670016159
PF13425.9	-0.00201919692390891	-0.00270590979909802	-0.00659009169837087
PF06107.14	0.00251807488474879	0.00365908589153058	-0.00849729131315321
PF03883.17	0.0107419064038977	0.00326863245124963	0.000616289551338689
PF03590.18	0.00480260054718619	-0.000775948361471986	0.00791961789217987
PF12459.11	0.0114927610097492	-0.00225981863207618	-0.00737207373367696
PF06149.15	-0.0156543369967655	0.0148133121665391	-0.0103811889919704
PF19276.2	0.00821866931948052	0.00168342367177774	-0.0176622584982111
PF09148.13	-0.000899710398828243	-0.00726972272172258	0.00112189222423501
PF10704.12	0.00568724240959901	-0.0182884098695642	-0.00638811196467551
PF06153.14	-0.00611861960640613	0.0115151272295718	-0.0100488680077836
PF10702.12	-0.00237356247239255	-0.00819672184597837	-0.00265983780747079
PF19890.2	0.00121193387643598	0.000695817276099424	0.00549973252003499
PF05595.14	0.000104582965811639	-0.00938573349375229	-0.00144331144801656
PF01501.23	0.0222129685155463	-0.0183476523893158	-0.00935298247255986
PF07435.14	-0.00307778437000559	-0.0386778194382846	-0.0086021204260959
PF12917.10	0.0203934986506888	0.00438712397817969	-0.0163440179520079
PF02870.18	0.011178877433252	-0.00768646111823338	-0.0120747793184057
PF04298.15	-0.000938892816697953	-0.0059558652287775	0.00306000504528021
PF18297.4	-0.00827056016428275	-0.00670905402381805	-0.00414983178518049
PF02324.19	-0.0141366767112231	-0.00343201119032311	-0.00193087467727769
PF00532.24	0.0106482312602397	-0.015886488539131	0.00140014306953425
PF09848.12	0.000487255089782378	0.000889515957752925	-0.0130513108043377
PF13340.9	0.0162268437314031	0.00837319712355052	0.0120353179325817
PF03611.17	-0.000947538007534478	0.0090670396922293	0.00403409568525214
PF18848.4	0.000600258955641575	-0.00317365343033035	-0.000446074561310065
PF11273.11	-0.00807564243388352	-0.00395889781985802	-0.00272823818543322
PF00135.31	0.0122901509487519	-0.00861848446648728	0.00477474094892482
PF06224.15	0.00551027273723104	-0.0288389845103732	-0.014341444724869
PF06441.15	-0.018468918693712	-0.0189438588321256	-0.00169970890697244
PF13338.9	0.00926039891973997	0.00117132352727776	-0.000114689926865779
PF09983.12	0.00414202811820267	0.00565638885071849	-0.00217531149879862
PF03534.16	-0.00711561268084372	0.00474221043034234	-0.00864901079665615
PF12256.11	-0.0104988098735018	-0.00875699728489977	-0.00319019712976703
PF12255.11	-0.0148134006464146	-0.00729804200370301	-0.00187935220101733
PF04675.17	-0.0193404930453755	0.00283069571633011	-0.00844957056499997
PF05226.14	0.0222565834856989	-0.0325701790551658	-0.00305986819136451
PF10105.12	0.004192249365165	-0.0047794540867905	-0.000580129415789797
PF13511.9	-0.0160494672227733	-0.00587570091365044	-0.00532995737309356
PF05168.17	0.0055178569255675	-0.0107714124284131	0.000722716452352485
PF07310.16	-0.013103557796924	-0.0096735350047619	-0.00159577151321298
PF11583.11	-0.00204875381023258	-0.0184513230014418	-0.00720558894695283
PF06041.14	-0.0115006463600439	-0.00158803341406374	-0.00223145816972124
PF03559.17	-0.00793405096462742	0.0117488598290981	-0.00462116648264806
PF11902.11	-0.0158763570044067	-0.0112205046522258	-0.00152674664056695
PF18821.4	-0.018519655157091	-0.0026402504410975	-0.00281964741747892
PF03937.19	-0.0105218118351184	-0.00659304650540791	-0.00254452541428835
PF12221.11	-0.016030796502686	-0.0076240987791357	-0.00653564680703108
PF07167.16	-0.0110900209215859	0.00919780603570228	-0.0122925495230116
PF20455.1	0.00162788662839219	-0.021007564927851	-0.00534793411125439
PF13464.9	-0.00276866081802446	-0.01802515655949	-0.00939493978753369
PF04999.16	-0.00139245260871275	-0.00672683004779354	-0.0128968445039506
PF10518.12	0.0116494171562771	0.0246759180620807	-0.0175313806762948
PF18364.4	-0.0156600182659494	-0.00597883416498992	-0.00442839345585063
PF18339.4	-0.0206739549825084	-0.00206625695314433	-0.00627650267645607
PF18337.4	-0.0206739549825084	-0.00206625695314433	-0.00627650267645607
PF12137.11	-0.0205228232709182	-0.00199256981818406	-0.00627401281169971
PF04314.16	-0.0144663939611494	-0.00686329206786299	-0.00383775295038086
PF06821.16	-0.0167024200767223	-0.00357667865370458	-0.00895175247969265
PF08291.14	-0.0130114797008457	-0.00270097423627278	-0.00684157649847041
PF03457.17	-0.000510525844844494	0.0238268225541468	0.0035775489608758
PF05063.17	0.0417486168733927	-0.00717473298884878	-0.00915249245816194
PF04465.15	-0.0183585075006657	-0.0140511540745328	-0.002871737647379
PF08014.14	-0.0191513820661387	-0.000655892614322558	-0.00345994170981893
PF14897.9	0.0178274110559539	-0.030508424530094	-0.000354434543448529
PF16331.8	-0.0172747573730465	-0.00233369863161475	-0.00455130404978524
PF05618.14	-0.0172752910714951	-0.00548745836045344	-0.00543022266748753
PF07075.14	-0.00326467977806056	0.000426383572299593	-0.0102191134752552
PF09723.13	-0.0204825584907095	-0.00883928381316309	-0.00457296973539541
PF13376.9	0.00792483795455397	-0.00649768354811068	0.00553956179165478
PF07635.14	0.00184204806878625	0.00354794222259412	-0.0142346545793343
PF07626.14	-0.0187571842462817	-0.00240982695609012	-0.00663033120048728
PF04417.15	-0.00544234439857099	-0.0165841587432718	-0.00212767727509622
PF03136.18	-0.0154510383904528	-0.0142495996962335	-0.00547649638457324
PF02720.20	-0.0139913744325282	-0.0170726453242374	-0.00444981082376725
PF20436.1	-0.000660173181154642	-0.00611495026351072	-0.0134223231826278
PF09239.14	-0.0151173282899975	-0.0040471731152848	-0.00127660201173739
PF02359.21	-0.0180783119426612	0.000601905801155662	-0.00551964016408845
PF02933.20	-0.0211997097531686	-0.00148635510483413	-0.00467528253961243
PF07758.14	-0.00697761300781803	-0.00140568277165591	-0.00431518993097351
PF10593.12	0.00818967621047216	0.0030251655490642	-0.00522993849666221
PF07221.14	0.00574629312038951	0.0137534026931126	0.00780899826727228
PF04072.17	0.0247689856532443	-1.4378650107474e-05	-0.0136260071680971
PF13714.9	0.00626568719152328	-0.0152700371092577	-0.00115000598405953
PF18305.4	-0.0158356178041958	-0.012789808312189	-0.00170663495768641
PF05621.14	0.0342515271123124	0.00096030573247484	-0.0149785649528875
PF11887.11	0.00248989009388629	-0.0151489987863044	-0.0166472086255879
PF11127.11	-0.0140939386060641	0.000146259129843893	-0.00360962297275792
PF10698.12	-0.0170462400837441	-0.0148256478788183	-0.002109595254855
PF09286.14	-0.019896865746308	-0.0232077115645033	-0.00258846674486566
PF13456.9	-0.0159549446039973	0.0106403640648743	-0.0089555460088135
PF13428.9	0.0157312733197769	-0.0196301171392639	-0.0114609781014082
PF11946.11	-0.0139030036739981	-0.0170478563645027	-0.000629140128739907
PF03450.20	0.0120417220047404	0.00649570026259676	-0.00922320530749344
PF05707.15	-0.0109616588955512	0.0167255310937072	-0.00762096678416268
PF18085.4	-0.00709468518203728	-0.0131328159331169	-0.0145594726326395
PF07556.14	0.0145462370543962	-0.0260822957576665	0.00669367725743787
PF08902.14	0.00953448635700628	0.0054702791943702	0.00218745569780381
PF17886.4	-0.02247539872998	-0.00398135773588426	-0.0032709913771493
PF07603.14	-0.0144071170416154	-0.00523533699488083	-0.00241814451678563
PF08463.13	-4.27805850022261e-05	0.0130721838774032	0.0102653573676643
PF11965.11	-0.0138180039595891	0.000330043103984546	-0.00286140303759614
PF04832.15	-0.0141015698114698	-0.0060347035776469	-0.00122310061648805
PF13542.9	0.0145363176280156	-0.00416321774075657	-0.00294568370062137
PF01948.21	0.00442024406833117	0.0020564044009628	-0.000243703377153217
PF02748.18	0.00926203996974734	0.0037959275556858	0.00248847918774269
PF19288.2	-0.0128250874981997	-0.0119820085958294	-0.00781129260885095
PF18765.4	0.014162681510783	0.000845706531952509	-0.00130442592283306
PF01496.22	-0.0175262316589956	0.00741616915653542	0.0277312847436259
PF01916.20	-0.022133042041414	0.000111274905606034	-0.00651175707011255
PF04104.17	-0.00575816522285452	-0.0168364591123431	-0.00530605822146131
PF09699.13	-0.0114569707985053	-0.0226389472499697	-0.00591013611362524
PF05114.16	-0.0162277287308086	0.00182640911723397	-0.00349396118173275
PF14715.9	-0.0167740172865012	-0.00337751651590127	-0.00423049517062284
PF04356.15	-0.0128585454405861	-0.00711744202767143	-0.00139081650005453
PF02108.19	-0.00795578470074737	0.00765442664615299	0.0165368229128362
PF13488.9	0.0162426676592918	0.00226709248172046	-0.0128782493797127
PF07813.15	-0.0192571540462815	0.0193712612537064	-0.0103083930890263
PF02417.18	0.0157857811056759	-0.00382671300719672	0.000820443408576518
PF18614.4	-0.0132556836433256	-0.00807434726765396	-0.000668915702541342
PF12840.10	0.00976469203338655	0.00188307583826293	-0.00422723105409757
PF08751.14	-0.0157262787150424	-0.0280546030040113	-0.00668201508971972
PF05949.15	-0.0181596570114857	-0.00673808073033032	-0.00539084040955057
PF14759.9	-0.0226087411471914	-0.00104030791447861	-0.0046547672900927
PF12128.11	-0.0110269241940724	0.00717662572841181	-0.00506078058138229
PF08348.14	-1.69467134705334e-05	-0.00643837671126432	-0.000906619584593899
PF13309.9	-1.69467134705334e-05	-0.00643837671126432	-0.000906619584593899
PF14718.9	-0.02089373359443	-0.000758096831813261	-0.0035265769840698
PF08269.14	-0.0113679055750756	-0.00100370813039231	-0.00339652450125562
PF09984.12	-0.0222166995010326	-0.00890739540732195	-0.00425647043455794
PF04261.15	-0.00374286131293155	0.0215493126019013	-0.0170444769886945
PF17964.4	-0.0156876545836743	-0.00542176950267155	-0.00496938336035681
PF13011.9	-0.0222969588637698	-0.0121458281759208	-0.00633619123725452
PF04075.17	-0.00808522793684686	-0.00087397181030166	-0.00655515535563234
PF13539.9	0.00536789838702015	-0.0148335059123224	0.000626055145359382
PF02467.19	-0.016864097327773	-0.0154916014839986	-0.00572565441835808
PF08237.14	-0.00423202861588894	0.011331711515649	-0.00475965888251247
PF05443.14	-0.0074416278976002	-0.00396400195811058	-0.0013467727066228
PF00959.22	0.0161454453294574	0.00934808502648867	-0.0135795431607185
PF20469.1	0.00815613090601208	-0.0120969828169728	0.00355593944701836
PF12447.11	-0.0230441201593699	-0.0056262945316035	-0.00316295021947866
PF11880.11	-0.0237028124802246	-0.00559416455351649	-0.00326040174394743
PF04358.16	-0.0109518933045658	0.00510586615358363	-0.00406002669085046
PF02156.18	0.00280717418153132	0.010483899101296	0.00346424513061883
PF05258.15	0.00347477924299498	0.00665110048026689	-0.0150974448937248
PF09837.12	-0.0126808811154699	0.0233933688599539	-0.0150875320645908
PF02675.18	0.0060834323732805	-0.00323732047504318	-0.0137638364333576
PF00101.23	-0.012366575591316	-0.0051822321416885	-0.00152680053088633
PF10370.12	-0.0233066833298871	-0.0192756649583183	-0.00167350788701562
PF03963.17	-0.0153232780809951	0.0116305703463142	0.0228999264605122
PF13861.9	-0.0181331223561991	0.0229974534290259	-0.00731848850342284
PF13860.9	-0.0123819287310682	0.0175555286678518	0.000639307625670056
PF09911.12	-0.010956087449897	-0.0170692480137527	-0.00227932758095743
PF09819.12	-0.00457399890529733	-0.0115103131142705	-0.00235505087434792
PF01980.19	0.016318534864838	-0.0148643590784345	-0.00710857360629267
PF01940.19	-0.0190814783298332	-0.00394987442265662	-0.00589368494229648
PF11954.11	-0.0178551713404237	6.1878374866284e-05	-0.00444958332985718
PF01325.22	0.00888573413585315	-0.00487250281162999	0.00568974528170851
PF02742.18	0.00797351224643894	-0.00456697395009788	0.00540478420110847
PF08438.13	-0.00907529909303758	-0.00639485555213558	-0.00202869547654741
PF17144.7	-0.0116451869633857	-0.00189247791624648	-0.00133655211929095
PF04556.15	0.002252809900923	-0.00385321216872898	-0.0133231881170952
PF02011.18	-0.0202221871627039	-0.000516073111824479	-0.00317902913158719
PF14587.9	0.00892453923760368	0.00352235062367325	-0.0130775439030173
PF05270.16	-0.0158696318061212	-0.00247976823176008	-0.00258594012726796
PF05717.16	0.0091594512648341	0.0138972251086958	0.00995950633093844
PF09548.13	0.02332887070377	0.00181378388986705	-0.01562607223541
PF07366.15	-0.0162595454828226	0.0318653904899457	0.00357072856532967
PF04393.16	-0.0140163735460587	-0.00655234277518369	-0.000850818946436711
PF04066.16	0.0124919191423107	-0.00644396732095129	-0.0115874759639911
PF09976.12	-0.00770579082531162	0.0179665955037815	-0.0108901016398705
PF01973.21	0.000945090694189076	0.0127545031342602	-0.00726452224383004
PF04519.16	-0.0011010490824714	-0.0116300730636882	0.0171898765777091
PF01073.22	-0.0223926202984931	0.000923942466440617	-0.00457117470410339
PF05572.16	-0.021075478797837	-0.00497318156022454	-0.00524807380867371
PF14537.9	0.00415700592213957	0.020834003793685	-0.0206185415440583
PF00354.20	-0.0141586690541702	-0.0136022524788974	-0.00274354046030786
PF09912.12	-0.0160805498643701	-0.0138941181244449	-0.00231158055474172
PF14125.9	0.0179172068476577	0.00429206244873918	-0.0139059677190325
PF18024.4	-0.00533914251252289	0.0227733476425017	-0.0156035428895826
PF13739.9	0.00415675409048893	0.00312867461165458	-0.00226568065629701
PF01910.20	-0.011148990472045	-0.0060076255692003	-0.00924179367191148
PF02342.21	-0.0133450862223257	0.0103789522073907	0.0127821179294698
PF01597.22	0.00406562993375644	0.0251873844057251	-0.00493948455370639
PF14306.9	-0.0202931854151271	-0.00382212195612625	-0.00496974666293244
PF01747.20	-0.0209879873632567	-0.00367436295757104	-0.005075753463507
PF12673.10	0.00941892303088912	-0.000524683647639359	0.0155250079247815
PF13730.9	0.0364503704795187	-0.00975169375233977	-0.00323087722148771
PF01724.19	-0.0106055266200162	-0.00279825995958548	-0.00196591670571596
PF03969.19	-0.0227124700091245	-0.0113726478832368	-0.00464128064271216
PF04227.15	0.0193420013801142	-0.00556331725325934	-0.00794727657526874
PF09039.14	0.00172758879145245	0.00899145553820938	-0.0151643625759664
PF02914.18	0.0188715254035479	0.0083074097002774	-0.0146140673732979
PF17938.4	-0.0184943510733379	-0.015985430730118	-0.00187710822656976
PF09296.14	-0.0245632852450486	0.00555881976915267	-0.00559084770229662
PF09297.14	0.0172655551194626	-0.0230947809067789	-0.00266600021082208
PF04352.16	-0.0142526261705957	-0.00577684409048416	-0.00296975778498678
PF17516.5	-0.0127648852740414	-0.00376036941201592	-0.00178821257128731
PF08331.13	0.021379079297509	0.0116883355431305	-0.0134784151907002
PF07947.17	-0.0217102644431985	0.0154018331789869	-0.00750658796007628
PF04829.16	-0.0138949415822405	0.00377696957372784	-0.00275021648704266
PF13806.9	-0.0197014977934544	-0.00745921180939111	-0.00173234987372439
PF04982.16	-0.0139455682555686	-0.00366068040552925	-0.00450019562323822
PF02167.18	-0.0138001733952617	0.00232892095084643	-0.00686568942561793
PF04613.17	0.0133186434948944	0.0107831172283949	-0.00557532962487621
PF15985.8	-0.00928497550363866	0.00425625832771441	-0.00236911679211032
PF03150.17	-0.010442441771821	-0.00835946683039689	-0.00867866859239018
PF03795.17	0.0037973008943678	0.00824597238450337	0.0008372540174416
PF08990.14	-0.0172215129165415	-0.0126444206196257	-0.0111340264165124
PF18369.4	-0.0129629632227244	-0.0247665771644748	-0.00656220721750954
PF11203.11	-0.0125438664749543	-0.00186259339412835	-0.00439917176562015
PF03845.16	0.00863629778075838	0.00247207497188932	-0.013922743067764
PF09578.13	0.0110126964323065	-0.011803410954525	-0.00357016935472439
PF19732.2	0.0203289462138876	0.00189910916753886	-0.00729347552509184
PF19991.2	-0.0201965126768733	-0.0138168334045079	-0.000919151708370053
PF02626.18	0.00388113643397978	-0.0138031455128131	-0.00938080662040514
PF17481.5	0.0167748345334159	-0.0312984208440628	0.00401806598239513
PF04466.16	0.0319537545668644	-0.0192584287276628	-0.0103769165972096
PF17288.5	0.0102297639609212	0.000200865113417091	-0.013020590042891
PF07136.14	0.00913870525229899	-0.00984952175422397	0.00533153774923006
PF20187.1	0.00932477359620566	0.00135699066083113	-0.0100373699289933
PF04071.15	-0.00241409534862705	0.00389168527506983	-0.00891531414816762
PF10114.12	0.00233023375632271	-0.0100925823275566	0.0136140327772532
PF01229.20	0.00968144132321673	-0.00992135938072511	-0.00343564376275217
PF17297.5	-0.00384751086950134	0.00538931447448084	0.0117061413311006
PF00821.21	-0.00384678315622518	0.0053902644507801	0.0117067933125583
PF12010.11	0.00590465109329997	-0.000655554364994112	0.0125958248728313
PF06980.14	-0.013254905933654	-0.0105141548713997	-0.0030305971337255
PF05275.14	-0.0213116144325111	-0.00652326245584004	-0.00347469765385664
PF00813.23	-0.00741186359397108	-0.0106437260594605	0.0166094697492775
PF14238.9	0.0247416886991083	0.000987287260940428	-0.00909259270342287
PF01865.19	0.00227948372335163	-0.0100885606324243	-0.0139006535535353
PF12418.11	-0.00909168435494171	0.00232679145091828	-0.00990847687613752
PF14054.9	0.0196278277634974	-0.0212214206662221	-0.00833621804201706
PF13287.9	0.0119558184928121	-0.00845804210082901	0.0211932388036066
PF14460.9	-0.00128131632617006	0.0129283059565263	-0.0087686188459435
PF16401.8	-0.00611050815414486	-0.0144499445865739	-0.00571341713396938
PF13573.9	0.00848783206360554	0.0208869426174204	-0.00926356503520598
PF08191.14	-0.00123805253911419	-0.000571659930287075	0.000219164325305618
PF19838.2	0.0273296001941889	0.0192802796154956	-0.00844234499953143
PF14126.9	0.0047506791813306	-0.00958335387190948	-0.0115255449924464
PF07884.17	-0.0125321939433488	0.012149866281921	-0.00945294191600172
PF04014.21	0.00148442286716621	-0.000310039830212478	0.0113497546614836
PF13486.9	-0.00867109571067672	-0.0119885752298539	-0.00372780453984956
PF01139.20	0.0187897384600137	0.00151604761745517	0.0025691285495409
PF15723.8	0.0054552572950916	-0.0120828846240994	-0.0104597766013555
PF17931.4	-0.0112953320022509	-0.00226660238338243	-0.00185146646020449
PF01531.19	0.0137249020773433	-0.0251218744548571	0.000387001712151535
PF13559.9	-0.00462838771140356	-0.0188622696040958	-0.0135030341476932
PF08901.14	-0.00249297975834936	0.00680842722146235	-0.015560637417285
PF17202.7	0.005035330456464	-0.0153787812385193	0.0180807027656065
PF09698.13	-0.00742696423875886	-0.00105358474656143	-0.000958598951171268
PF01028.23	-0.0093563078561738	-0.00265018545630233	-0.00166114488584081
PF03364.23	-0.0140849484252034	-0.0167365418875243	-0.00947023092636986
PF12182.11	0.00328587678618757	-0.025701616669818	-0.00344424788235837
PF12320.11	0.0119048677605724	-0.00424809562296568	-4.96449324696459e-05
PF01773.23	0.00196612898769642	-0.00493824031883629	-0.012812552394784
PF07662.16	0.00157801981843385	-0.00514961185532709	-0.0124844166319002
PF04199.16	0.00125879992720479	-0.000663082114225313	-0.00750913801765065
PF02449.18	0.00754264689377171	-0.00860360241961554	0.0155950276709817
PF08532.13	0.00789126745884591	-0.0092041673279198	0.0159186952883346
PF08533.13	9.93182588875746e-06	-0.00853549220272206	0.0130120771967055
PF04886.15	-0.0103170571696872	-0.00290894607762754	-0.00934044191445116
PF14393.9	0.00670613360544141	0.00533307698913141	0.00193650163867535
PF16110.8	0.00903599594566504	-0.0145656466360573	-0.00415996075555016
PF11311.11	-0.00541546546235493	-0.00393903412050326	-0.0165959387756627
PF11457.11	0.0194776489368375	-0.017539189633413	-0.00957185132823381
PF07929.14	0.00669873556944311	0.0150974158915613	0.00043145716425951
PF13303.9	0.0062182554876331	-0.00743911831909866	0.000590755682892244
PF15983.8	-0.0105107726052094	-0.00762359143454143	-0.00288026241459295
PF20386.1	-0.000171523117573867	-0.0324219253379312	-0.00191730105853902
PF09685.13	-0.00787247751283395	-0.00658309387781279	-0.0124802530289438
PF00173.31	0.00615198256845954	-0.0135740306545487	-0.00742346358296003
PF01161.23	0.00993445674645784	0.00261810663690528	0.00665494126246567
PF10087.12	0.00182532025077106	0.00884981023344983	-0.015990988637538
PF11683.11	-0.0036880875669678	-0.00807773281788801	0.000237200150231554
PF12682.10	0.0219417530619663	-0.00276525742777849	0.000523924313182889
PF10786.12	-7.99606162774627e-05	-0.0140920694414036	-0.00122989092309805
PF09648.13	-0.0119254008437279	0.025032400123172	-0.0162973912822769
PF09179.14	0.00387734251167891	0.00627825642680263	-0.0191558581061217
PF13468.9	-0.0109272130548698	-0.0247876371369458	-0.00620121086351222
PF08006.14	0.00698332523581765	-0.00388326319898738	0.00695574682667412
PF08664.13	0.00508029412632131	0.00580295919345902	-0.0180915682098897
PF06612.14	0.00283834049249144	0.0138921045321794	-0.0175986230043557
PF02610.18	0.000184540320934099	-0.00422815086831998	0.0200346934574068
PF11762.11	-0.000835519060365815	-0.00416182591917896	0.0195708559393754
PF07997.14	0.00363928991284054	0.0102721554154537	-0.0058227494103785
PF13669.9	0.00565149176117778	0.0123061130721655	0.00522105156770488
PF15980.8	-0.0172412090273392	-0.00408191769263543	-0.00277112023072484
PF01693.19	0.0102800835715055	0.0138732741028603	-0.00719274612215509
PF16403.8	-0.00426625010313192	0.00411896086233928	0.00251883488037822
PF02615.17	-0.011380940049115	0.0141092167499575	0.00361460209494692
PF16993.8	-0.00638218517035157	-0.0136416581765444	-0.011083802240495
PF07638.14	0.0160759506249313	0.00277156361737725	-0.0185949134050841
PF17126.8	0.0122557170507277	-0.00342893663086748	0.00327381432771365
PF13636.9	0.013479242621051	0.000692096634763559	0.00490798725984755
PF16875.8	0.00305270601279522	-0.00515537551059003	0.0221618838248991
PF16874.8	0.00305173336515333	-0.00513941666971216	0.0221613950206355
PF02537.18	0.00867133698169492	0.0172855298425006	-0.0188621933140747
PF06629.15	-0.013521099021016	-0.0267558939944478	-0.00611367880770379
PF01298.21	-0.00446666088979143	-0.00647112759566113	-0.00226345111840081
PF10117.12	0.00325590696939223	0.00727373477602686	-0.0154014326010754
PF04940.15	-0.0178732119578228	0.0013313727873587	-0.00258453779201647
PF02049.21	-0.00615923040617128	-0.0140196827970421	0.00626519550868771
PF20250.1	-0.00103860393800558	-0.00119560166412095	0.0226579559137823
PF03961.16	-0.00101148545114841	-0.00118395688795453	0.022658507206138
PF03787.18	0.00333727246254955	-0.00218830138760551	-0.00479245331984928
PF11750.11	-0.00421652104529584	-0.00342905251105803	-0.0126583486150958
PF02283.19	0.0150068459667065	0.0186895737714511	-0.00428698358560256
PF04326.17	0.00860626786741832	-0.000182190202668691	0.0252279237992888
PF14286.9	0.00649937848230276	-0.00717143400606906	0.00433760069074491
PF18982.3	0.00931598551591889	-0.00245240489688112	-0.00260615729434077
PF04754.15	0.0103423204706216	-0.0026979160606605	0.00891224558689091
PF14398.9	-0.0248959469829961	-0.00247155394626371	-0.00674563947091726
PF16138.8	0.00296018827573694	0.0282943253582658	-0.0188390625047412
PF19842.2	-0.0131628405917518	0.0249202152102977	-0.0133701483544898
PF13382.9	-0.00142954911703831	0.00588475056154743	0.00348642337654929
PF07837.15	0.00321846679952803	0.0197597021469449	0.00326517625524383
PF02971.17	0.0032310472823456	0.0197634620602123	0.00326571839021273
PF08905.14	0.000273547179901159	0.0246137096562035	-0.0181458179854245
PF12892.10	-0.00543815580290513	0.0439474662328679	0.0144617901177965
PF05342.17	-0.0118908927126373	0.0222726987252204	-0.0117567921779447
PF07580.17	0.00704938801990264	-0.0137428630141443	-0.0122986812543946
PF06430.15	0.0111427727996952	-0.00804032508284484	-0.00638657095715471
PF02596.18	-0.0111802527840646	0.00502506086800411	-0.0141231645610351
PF11188.11	0.0169122961820145	-0.010331205508222	-0.0100744831530486
PF01991.21	-0.0139080512387498	0.0130636419657406	0.0118846630631073
PF07671.14	-0.00140631357754193	-0.000386299746503354	0.000159930877460582
PF04347.16	-0.0127048929623364	-0.00851425953062675	0.0150713371841549
PF07506.14	-0.0162548074159899	-0.0037099137177955	-0.00395653762079219
PF01184.22	-0.00923714265598266	-0.00558348824414106	-0.00262405174852837
PF12895.10	-0.00548080015300245	0.0121731360061821	0.00120648863319801
PF16450.8	-0.0153267525860709	-0.0105550088713527	-0.00382235104937512
PF04016.15	-0.0148944822058033	0.018162822302988	-0.00869286920792175
PF01837.19	-0.016828807752241	-0.000342063411743448	-0.00412712919953503
PF14464.9	-0.00374765924817178	0.00532295073052276	-0.010033942465209
PF04310.15	-0.0135268665230933	0.00629713564932721	-0.00577770301308227
PF16330.8	-0.0139378436309765	0.00638175789376336	-0.00584502797706749
PF14376.9	-0.0127412023639008	0.0177000941774579	-0.00955507726563486
PF14022.9	0.00725367646647507	-0.0148164674786479	-0.012247659497442
PF13871.9	-0.0212634787378661	-0.00683671918168703	-0.00699033567845176
PF04422.16	0.014639771032472	-0.0132560716961665	-0.00561719186013014
PF04432.16	0.0103346584634095	-0.0103348271471949	-0.00138619204092264
PF03259.20	-0.0231979185959201	0.00151668251171038	-0.00582678250595985
PF03069.18	0.00296353974352195	0.00879602471794443	-0.01494714113017
PF08310.14	-0.00379204501966726	-0.0101898063109109	-0.00580030771929652
PF18883.3	0.00170537103654558	-0.0529063713246056	-0.0088836482621756
PF02530.17	-0.00281778414065811	-0.00685606650571507	-0.00236371079943141
PF04945.16	-0.0186129082708531	0.00704001664142695	-0.0079150766217986
PF14411.9	-0.00992838070983659	0.0197620741415592	-0.00962744698361743
PF00449.23	0.0168105082906171	-0.0211240919339305	0.00624144368525261
PF05899.15	-0.00715624309381396	-0.0211189900535639	-0.00698434924339663
PF08712.14	-0.00844790874687352	-0.0194945711531636	-0.00847976233031388
PF13769.9	-0.0137204265944883	-0.0225224286879672	-0.00684437116395678
PF12639.10	0.0143133582988422	0.00808632177801162	-0.017407370611514
PF03646.18	-0.0167906291541128	0.00782663375348355	0.0213054162973038
PF09925.12	-0.00428185881783437	-0.00376739407379973	-0.00138458002905704
PF19313.2	-0.0159303298272459	0.00156739959728127	-0.004398135552943
PF01137.24	-0.0103776230160607	-0.0094472497167941	-0.0030806665461536
PF05189.16	-0.0108807399279323	-0.00965938693000828	-0.00316706411201149
PF07993.15	0.00495940364138791	0.0289042641198997	-0.00365559970557114
PF06057.14	-0.00811641754769559	0.00645943844651893	-0.00390480129723977
PF05635.14	0.0250956742359805	-0.00461799344721984	-0.00928864381702825
PF02075.20	0.022010989356869	0.0126942225933069	-0.0127693604598767
PF18470.4	-0.0238138868159539	-0.0101528621582448	-0.00230730210826544
PF18312.4	-0.00921277078554473	-0.0190933869350496	-0.00271646524768836
PF02668.19	-0.0101651498927844	-0.0022200779361873	-0.0093514509049539
PF14489.9	-0.00314820924872359	-0.013303099599774	0.00427104754227684
PF13367.9	-0.0104326060044348	-0.00823812799423115	-0.008574071139141
PF17650.4	-0.00191416236455799	-0.00661845239364641	-0.00375876576836576
PF08421.14	-0.000475893733574887	-0.0116835280942539	-0.00521525273244336
PF08484.14	0.0119117579731326	-0.0276332967834095	-0.0104657141440507
PF04250.16	-0.0197470282921082	0.00882881916565462	-0.00985547005374943
PF01958.21	-0.00509348440435973	-0.0117742462498321	-0.00541628406848113
PF12832.10	0.00986277015959837	0.018261829522219	-0.0164328698667105
PF06252.15	-0.0104985203727531	0.0131595748169706	-0.0109291019027543
PF03756.16	-0.00901607077306275	-0.0015253453422499	-0.000669130889808311
PF03885.16	0.0061892973162574	-0.0127298535085135	-0.00419304063606769
PF14257.9	0.0115943510928057	-0.0161162349312032	0.0016491222321079
PF03280.17	-0.0123569681389723	-0.00185949738489888	-0.00102019444131105
PF01483.23	-0.0145117676412169	-0.00328991184723577	-0.00530778846767619
PF17209.6	-0.000744896088142713	0.00450114730639439	-0.0167372332079983
PF09210.14	0.000999186062112664	0.0253490282318109	-0.0191489659513595
PF07090.14	0.0170396246317122	-0.0216050642991834	0.000559799589528579
PF13699.9	-0.0152662675619014	0.00255889224498559	-0.00778788707621047
PF03209.18	-0.015509345562861	-0.00156388088186598	-0.00139018932276658
PF01059.20	-0.0119906613954565	0.000701610759269619	-0.00676444285444521
PF10060.12	-0.000181198154375478	-0.00543008638153944	-0.0116365354239946
PF13701.9	0.0214966284830227	-0.0346615814056171	0.0188491967517553
PF09367.13	-0.00977971270285604	0.00388513253823977	-0.00636061862745333
PF04412.16	0.00721963281515443	0.0139614145343266	-0.0221979888909596
PF17805.4	-0.0139067547677828	0.0035907785696389	-0.00290346310737237
PF20437.1	-0.00543638342117383	-0.00592809486284077	-0.0121744641881714
PF04952.17	0.0138873883423458	-0.0238560669895183	0.00310439123900031
PF09459.13	-0.0225580860523002	-0.00374816723090375	-0.0022582468921252
PF05099.16	-0.0141258953291041	-0.000100510353464137	-0.00656085746274224
PF03055.18	-0.0173153361056529	-0.00340614220435555	-0.00327369488101176
PF11329.11	-0.0158695980064324	-0.00457570565475171	-0.00312359455699459
PF01716.21	-0.0127781992787692	-0.00298205813879992	-0.000873497046803081
PF04273.16	-0.0156439241292473	-0.0108024535602474	-0.000837259315144681
PF12224.11	0.0416022719700069	-0.018919632657368	-0.00617507815260283
PF13501.9	-0.00989153523273663	-0.0126578297747067	-0.000803397629258141
PF12647.10	0.00653072965398694	-0.00906336804605018	-0.0133561225426826
PF09982.12	-0.0111388773158768	0.00644059171716234	-0.00399651110892193
PF04007.15	-0.0132252388850569	-0.00311546482664384	-0.000870210228754365
PF13098.9	-0.01069286450337	0.00969043369073709	-0.00694219576607357
PF11175.11	0.00921289738260564	-0.0178264402831025	-0.00970982259512659
PF05317.14	-0.0170426080849372	-0.0026548640857838	-0.00139025695401381
PF17132.7	0.0235714897633222	-0.012378990803894	-0.00926125653574515
PF00188.29	0.0127945708124269	-0.00801392200356012	0.0163646875714791
PF02586.17	0.021821598544888	-0.000510912416045569	-0.0104644567423035
PF05985.14	-0.0119767746270928	0.0258043495605099	-0.00976339126656254
PF09378.13	-0.01898570475894	-0.00367229018111308	-0.00149750683756345
PF00352.24	-0.0151329543088742	0.00323851891065684	-0.00296712366544035
PF01871.20	0.0112606357533396	0.00434920278577992	0.00442013872154942
PF05209.16	0.00925495140505015	-0.0203963224290649	-0.00094434427029858
PF03775.19	0.000827426770346391	0.00103339769136622	0.00253229991725876
PF01969.20	0.010245081804553	0.00812216003318881	-0.00331419198633654
PF01655.21	-0.00954485594404847	-0.019818312619615	0.000305181219125026
PF01798.21	-0.0170926511212592	-0.00110806432216466	-0.00312646804473873
PF06035.14	-0.0161774023296099	-0.00806194808297381	-0.00220237143138239
PF02317.20	-0.0208669846800716	-0.0131535114983941	-0.00255980768685373
PF17778.4	-0.0134451013668554	-0.00545027488496888	-0.00213700423573292
PF18327.4	-0.0124980287028049	0.00262355651147678	-0.00709737551528775
PF09844.12	-0.016575637730943	-0.00528927701648828	-0.00116141205877255
PF13485.9	-0.0155473945010491	-0.0239074665185409	-0.00297082667543322
PF01758.19	0.00402331339907573	-0.00370968094696282	-0.00389871976173509
PF20131.2	-0.00716102474881514	0.00378450611926683	-0.0169756177528418
PF17932.4	0.00866639185923822	0.00598465786011574	-0.0167389503235413
PF03693.17	0.00360585479466315	-0.0174848688044122	-0.008056868535549
PF01062.24	-0.0193830126134817	0.0112104503979365	-0.00592801321937596
PF12724.10	0.00566107193351591	-0.00634046322979675	0.0111842756716931
PF18152.4	0.0150927317863183	-0.0118719219111577	0.000349230267480622
PF00932.22	0.00903005336742169	0.00282655010664958	0.00708795672289879
PF18986.3	-0.00925976208807696	-0.00980800972968627	-0.00033374857554262
PF09549.13	-0.0128907561983858	0.00183617823066138	-0.00520930670985727
PF04411.15	-0.0026450115353108	-0.00188816112332605	-0.013384607689161
PF02983.17	-0.0173912991110714	-0.0204212489829293	-0.000633373108662725
PF00652.25	-0.0036040073562489	0.0189359485993043	-0.0142979310139865
PF11997.11	-0.012330114654205	-0.00816997980811003	-0.00679790730742318
PF00195.22	-0.0180955155522329	-0.0171230647233937	-0.00169810003101275
PF02797.18	-0.0181032707449575	-0.0171715319978803	-0.00169939420767782
PF13023.9	-0.00201171733320463	0.0164151974193552	-0.00536295145194885
PF03379.16	-0.0212174756111209	-0.0111851567976191	-0.00682596415095426
PF02682.19	0.00203900515295084	0.00368777751463894	-0.0140366294363158
PF16738.8	0.0234798670119432	-0.02336798758016	-0.00300504463416784
PF14532.9	0.00920382124729788	0.0062081420901832	-0.0079870987982597
PF09913.12	-0.00570175333358291	0.0125437821711988	-0.000255129757055025
PF08496.13	-0.0127022292540531	-0.00586976562311806	-0.0048556006503301
PF16841.8	-0.0180405969616969	0.0087952784376246	-0.00629295923786071
PF11026.11	-0.00999041998779501	-0.00384893534099361	-0.00243307618924613
PF09557.13	0.00391630498724537	-0.0180686788790876	-0.00764661821101167
PF16254.8	-0.00114401047983481	-0.00664724305516218	-0.00871859085630464
PF09940.12	-0.00132032838990067	-0.00670026908779263	-0.00872840431999476
PF16221.8	-0.00187145553679631	-0.00668216206833009	-0.00880170222551525
PF14031.9	-0.0211054749252365	-0.00919417971402449	-0.00793701866828799
PF12760.10	0.0170259935818246	-0.00590750645991164	-0.0138124101656388
PF12762.10	0.0146685660500283	-0.0099918593762007	0.00264958697784011
PF04375.17	-0.0115738424227588	-0.00793374532539538	-0.00757557215300257
PF04830.16	-0.0185029206379325	0.0161346388514038	-0.00813410555309588
PF10972.11	-0.0178697819448785	-0.00874901250169403	-0.000984606987371264
PF20118.2	-0.00790054085378115	-0.00823498646621055	-0.00748148205821431
PF20408.1	-0.00789806654685456	-0.0144937569524053	-0.00279909513810322
PF04958.15	-0.0119182535544123	-0.00069234413835566	-0.00354184280528243
PF03279.16	0.0178580589822775	0.0159543599878463	-0.00908191046159866
PF20470.1	-0.0148517349072769	0.00157321565876026	-0.00270122356445282
PF00217.22	-0.00114557190877195	0.0219093170861244	-0.0164007506378892
PF06508.16	-0.00266296696893544	-0.0064729663140483	0.00810323842001172
PF12102.11	0.00244060089401361	-0.0125310550120588	-0.0107791308270871
PF10686.12	-0.0177284410198575	-0.0131018060759309	-0.00102642258657793
PF09842.12	-0.00941221534404574	-0.0159910748494792	-0.000339465064047317
PF05280.14	-0.0138026926408113	-0.0161480363977031	-0.000416901134389964
PF05420.14	0.00546034281222998	-0.029471238480291	-0.00995111530477545
PF06841.15	0.00189143299564002	-0.0283602654534916	-0.0101444948909498
PF09242.14	-0.0143428177465203	-0.0115279542372934	-0.00279981747813276
PF18921.3	-0.0131779239514677	-0.0121471785009965	-0.00620456328613872
PF09360.13	-0.0192170492342582	-0.00183351820961697	-0.00427990321085342
PF03745.17	-0.0103830239119838	-0.00284204056143104	-0.00180897373602543
PF04566.16	-0.0131045340565954	-0.000206907949390803	-0.00425024568822724
PF04567.20	-0.0131045340565954	-0.000206907949390803	-0.00425024568822724
PF16653.8	0.00897857751241707	0.0156361273392584	0.00558025330513977
PF09986.12	-0.00410472973610287	-0.0203800654052505	0.0112501959929716
PF04115.15	-0.00633587991559313	-0.0012739891208701	-0.0115916365418798
PF02657.18	0.0190642095344887	0.0115437069552881	-0.0148569185583755
PF09721.13	-0.0131871802091881	0.00810894683176476	-0.0119309072972989
PF20216.1	0.0168367014093561	-0.00712423347728266	-0.012956517259794
PF18887.3	0.0115735022317557	0.0110744115029102	0.0129763265119764
PF01944.20	0.0107418096498804	-0.0233550727494096	-0.00535202301533044
PF04165.15	-0.0157159116775736	-0.00209405515923068	-0.00134802043713397
PF07176.14	-0.0107261601152719	-0.0124906305419082	-0.000735760222250365
PF07592.14	0.00411640915012587	-0.00320445398844089	0.0179616006054978
PF01094.31	-0.0178315914202155	0.00591905720239531	-0.00426031456308783
PF14328.9	-0.0084260327349108	-0.00163434942929362	-0.000612822749283519
PF10544.12	0.00699937379861595	0.0126219649448287	-0.0114568697257754
PF13638.9	-0.0134396678459853	0.00276120887332623	-0.00790565423795573
PF01633.23	-0.00657214828854011	0.0228287181715768	-0.0129534512580689
PF02599.19	-0.0133724589259565	-0.00758289648631118	0.01664145580876
PF00419.23	-0.0132993943784587	0.00463496533208813	-0.0067663922220253
PF12708.10	0.00791982011416502	-0.0192308734287867	0.00473801256427714
PF11655.11	0.0010765389638454	0.00568648489943923	-0.00365986016794198
PF12843.10	-0.0105687838684788	0.00500301183219224	-0.00429614397793403
PF16347.8	0.0107659984279193	0.0390467460165304	-0.0100137204073554
PF18389.4	0.00655073789727372	-0.0196097155014286	-0.0118993616395834
PF11013.11	0.0195697678850133	0.0216530663944999	-0.0127305928196874
PF01762.24	-0.00200432995465907	0.0142052979096972	-0.00569827367278971
PF07786.15	0.0229624223337191	-0.00221079366491604	-0.0100015945784203
PF04235.15	0.0165229140627276	0.0145560835257556	-0.0133578166961632
PF12702.10	-0.00940934810191566	-0.00133831938230933	-0.000709778570484202
PF01204.21	0.0155665965130248	0.0135366883522692	-0.00390074734961871
PF10590.12	-0.0155736650914052	0.0148888704257019	-0.011470372818996
PF18582.4	-0.00360490158360449	0.00184103276659359	-0.0122115452206236
PF09374.13	0.00270635438217568	0.0095364223572797	-0.00733057083406179
PF12715.10	0.0030071726017515	0.0152331884373127	-0.0135024569429211
PF03983.15	-0.0067766017041955	0.0129583271873059	-0.00420282187642706
PF04342.15	0.00416162821721463	0.0114648172409427	-0.0169932946310045
PF04170.15	-0.00473730670448155	-0.00556091465811208	-6.35357418341589e-05
PF19783.2	-0.0036339213602405	-0.00547193686977626	-0.0059601080041271
PF02594.19	-0.0124155844214841	0.00210882758932166	-0.00385159208550482
PF11984.11	-0.00918309389099255	0.00455758540185425	-0.00243447390411258
PF19821.2	-0.00780170764581752	0.00720148973702997	-0.0026292064049716
PF17291.5	-0.00735712123398811	-0.00211981149259901	-0.00373853403196019
PF19580.2	0.0152348731782601	0.0101456522269659	-0.0101472418185664
PF00023.33	-0.000831887313152752	0.0192665446731069	-0.00891052975030747
PF06044.15	-0.00596065603050824	0.0331458760720548	-0.0101787948649993
PF17726.4	-0.0059276904060107	0.0331542902920993	-0.0101765831714349
PF13482.9	0.00509594308832445	-0.0300118671670013	0.00357453291847826
PF11958.11	-0.00357131870851169	0.00957618835368037	-0.00273054987876681
PF07399.14	-0.00613838824134861	0.0122241372329767	-0.00430951505829572
PF19029.3	-0.00839037117531051	0.0135990195555659	-0.00478474123618591
PF01427.20	0.00500415716200922	0.00701056484920358	-0.0135232694558277
PF08780.14	0.00217518324815086	-0.00924133152383652	-0.0161037352778584
PF14588.9	-0.00261710290028666	0.0155742453165242	-0.0129109347065922
PF01704.21	0.00673881632341433	-0.0165407874599337	0.00617986350941256
PF02622.18	0.00809254837376136	0.0058285906795252	-0.012866114647484
PF12541.11	0.0184387649195349	-0.00389563485480199	-0.00292189813684394
PF13720.9	0.0075499589719124	0.0158757644469006	0.00114975306913833
PF04074.15	-0.00676228299689057	0.0152055761377362	0.00277132965969853
PF07881.15	-0.0219887019578691	0.0278130039040964	0.0211853460316631
PF07882.15	-0.0220400846665533	0.0278089539271002	0.0211819012698851
PF02952.20	-0.0133947730225232	0.00382305675365868	0.0312673777389398
PF14873.9	-0.0155032525584764	0.00274279080678636	-0.00508329176840679
PF04306.16	-0.0204587096216173	-0.000207845580225245	-0.00348945313347611
PF12650.10	0.00184497061609961	0.0018120263767971	0.000177411748315904
PF06940.14	-0.0117022977600671	-0.00840371790747675	-0.000274923053663814
PF11821.11	-0.0132438817429613	0.00255921860069244	-0.00231019437943072
PF06803.15	-0.00618910313157358	-6.32661946974161e-05	-0.00623650968845067
PF07610.14	0.0186059406328212	0.00901769386529224	-0.00277140587823414
PF13370.9	0.00773224070945976	-0.0024069328721142	-0.0120635560711491
PF19700.2	0.00488758659977581	0.00412902216554167	-0.0145760508960796
PF13189.9	-0.0019115478913448	-0.00566417814533067	0.0210672625747583
PF13274.9	0.00031358705169638	0.0129460652056579	-0.00228951827963727
PF04845.16	-0.0031290805163606	0.0137901071677762	-0.0040972496202256
PF09719.13	0.0020675012287088	-0.0109156490284715	0.010232083616658
PF12236.11	-0.0104366530572252	0.0109746578922779	-0.0040458855712417
PF19805.2	0.000428517946726405	0.00540277428887718	-0.00443940653797477
PF01750.21	-0.0131960411362278	-3.4321755623453e-05	-0.00652700881640735
PF01155.22	0.00689551450178077	0.00117568967158104	-0.0186942961859886
PF13004.10	0.0265538948739474	-0.016546382315166	-0.00405011610136551
PF04993.16	0.013331858290523	-0.00192303404988881	-0.00505368545416919
PF07931.15	0.00423405968066319	0.00899691779732549	-0.014394441270832
PF12950.10	0.0156502850544052	-0.00746819332717856	-0.0139331005495473
PF14229.9	0.00681141893838406	-0.00192721513664054	-0.00570266338951591
PF00302.21	0.00654462352664929	-0.0058299122851518	0.00263380667940528
PF07335.14	-0.00705031641427382	0.00223030802534772	-0.00259320406781283
PF13650.9	0.0139788304663075	-0.0187439327179043	-0.0109351265773102
PF10263.12	0.0231746027243423	0.0125766425487179	-0.0136576129949234
PF16798.8	-0.00757523880035115	0.017861413009156	-0.00593849446023555
PF05691.15	-0.00734096157131069	0.0200577956298499	-0.0134852304187
PF18912.3	0.00485674377018936	-0.00990521930136175	-0.000455038862820526
PF16654.8	0.00259376740034729	0.00140336028857436	0.00768741440041128
PF19576.2	0.0216909166597169	0.0196840550000386	-0.011973377719421
PF02012.23	0.0362948704472378	-0.0133291786218118	0.000622697136168
PF17815.4	-0.0127396340462151	-0.00307865826775664	-0.0039935047233973
PF15523.9	0.00677289381772023	0.00183064042107332	-0.00381878402982689
PF13277.9	0.0186810350934481	-0.00599501858652566	-0.0150880733752921
PF05426.15	-0.00906939606342449	0.00331201710659163	-0.0131813927474211
PF19543.2	-0.00207528981473243	-0.0110796294380731	-0.00485630936105686
PF13320.9	-0.00984355244676036	-0.00571271010417075	0.0193943624767139
PF16153.8	0.0233098694140016	-0.0143930593741948	-0.00937338854366059
PF19571.2	-0.00354109300092379	-0.00321624906435595	-0.00106333828684258
PF17930.4	-0.0134987508744982	-0.00132539214388532	-0.00650898709963588
PF06230.14	-0.0136627862351829	-0.00136690534541536	-0.00652009617558173
PF11396.11	0.0116033049604094	0.0131122450872433	-0.006033234688307
PF12392.11	0.00606276974646232	0.00200658251547606	0.0116843560898762
PF00076.25	-0.00770654519540799	0.0150414500075337	-0.00427572910204708
PF11783.11	-0.0110133906471067	-0.00555116102713388	-0.0019013220773623
PF12225.11	-0.0083123845690008	0.0177029564833228	-0.00101338181348084
PF07675.14	0.0218150743752946	-4.32336106524016e-06	-0.00493314723413196
PF10411.12	-0.0204601339621614	0.00670402029831132	-0.00640063402369082
PF14294.9	0.024595537214243	0.0233072526674507	0.0118843938735497
PF16933.8	-0.00330202604289408	0.0030057031004675	-0.0113344118491713
PF17761.4	0.0055243052039447	0.0031645712894814	0.0211502042604354
PF06250.14	0.00553091207828557	0.00284466614173371	0.021407811085966
PF19116.3	0.000402113389054845	-0.00954668856140753	0.000115686135558432
PF03205.17	-0.0041594034033456	-0.00405119951958451	-0.00952994112057247
PF12695.10	-0.00772880885002199	0.0131145221761354	-0.00958007894367824
PF03419.16	0.0142223990676346	-0.00351849783431231	-0.00571596233023296
PF20094.2	-0.0127885867064486	0.00159887234676195	-0.0021196046842528
PF05990.15	-0.00598864850605654	-0.0216961391041206	-0.00525851366059255
PF13606.9	0.00353795381751074	0.0178284781015398	-0.0153578665223682
PF03837.17	0.00211420996790893	-0.00309880686099619	-0.00977714953426311
PF13655.9	0.0263727710439224	-0.00620917803977352	0.00668194074433694
PF18842.4	0.0396341935472468	-0.0107307451878648	-0.0119371193024507
PF04026.15	-0.00637312710141466	0.0119133258947142	0.026755602802596
PF18430.4	0.00135665118150735	0.00442134343283023	0.0170420944994237
PF13711.9	0.00835238662518764	-0.0129560606905692	-0.010738845457174
PF14501.9	0.0140477904391714	-0.0100470354696442	0.031663978843448
PF15975.8	-0.00526957466582015	0.00798974528999854	0.0196386814456064
PF07853.14	0.0103981502314328	-0.0119081132059537	-0.00103889862268255
PF18610.4	-0.0147208415748331	-0.0085092446678462	0.0169711647606013
PF12245.11	0.00282602120667395	-0.0211545804476628	-0.0017785283472945
PF18789.4	0.0432555367180541	-0.00408934524765882	-0.00630971891905524
PF05057.17	0.0250173616342791	-0.0131413309182545	0.0038302932830814
PF13166.9	0.0185983736557431	-0.00478575958295121	-0.00693547850719819
PF08713.14	0.0230842449011154	-0.00496302799514462	-0.00095364910931576
PF02001.19	-0.00258838017780963	0.0230372368823042	-0.0116753933511774
PF13796.9	-0.00794987985880307	-0.00949068855419587	-0.00449646472074201
PF11940.11	-0.0030966900101121	-0.0157677959792175	-0.0139279223997954
PF17432.5	-0.00165189295156381	-0.0151013607109803	-0.0143570282991827
PF11810.11	-0.00080097770770453	0.0179293931532316	-0.00321038424910396
PF09338.14	-0.031074302980482	0.0298717321220773	0.0315229339655083
PF13224.9	-0.0141009417037971	-0.00773449569631861	-0.00224275866075478
PF18952.3	-0.0108753696160145	-0.0121149449640182	0.0103751998387041
PF03648.17	-0.00198151737418156	-0.00843491156825626	-0.00702457113902251
PF07488.15	-0.00499988612800787	-0.0223889947754693	-0.00216691407928552
PF07477.15	-0.00499988612800787	-0.0223889947754693	-0.00216691407928552
PF01937.22	-0.00687497315793417	0.010093902972559	-0.0128917595982983
PF03773.16	0.0214112297121401	0.0157865130784905	-0.0157280041527677
PF14378.9	0.00843855641976035	0.0144360383116078	-0.0199762728104604
PF18211.4	-0.0107650219072376	-0.0100533571965742	-0.0133581000030366
PF03702.17	-0.00870063612134569	-0.011145511711596	-0.00904171174855798
PF11862.11	-0.0116642323925159	-0.00628549913422512	-0.0024666969575441
PF08028.14	-0.0108944518004842	-0.0346895543928726	-0.00779805590956096
PF00351.24	-0.0193885671032121	-0.0115442693399051	-0.00203951635241146
PF11843.11	-0.0140899707533537	0.000640749913871533	-0.00463750046581314
PF03644.16	0.00247831492961763	-0.000176290017093584	-0.0123881219806074
PF05164.16	-0.00282798868987851	-0.0032643133723258	0.00838606438354848
PF09419.13	-0.00503928544113139	-0.00672065699878577	-0.0118529400594226
PF11130.11	-0.0130418362008947	-0.000999565750638334	-0.00406080756066914
PF13346.9	0.0186276854127843	-0.0150176286413731	0.00756292625695703
PF03776.17	-0.000754406695686528	-0.00535401278897631	-0.00155209197211066
PF01861.19	-0.00630521247684276	0.015308108870709	-0.0101025030948058
PF12891.10	-0.0162561318575871	0.00583379977886823	-0.00388890138769821
PF04240.15	-0.0119994359145269	-0.00234591037596399	-0.00207315416066711
PF05163.15	-0.0194995413813725	0.0116668159087199	-0.00820356874095779
PF01244.24	0.00772255066307785	0.0167235725679851	-0.000788196787339242
PF18974.3	-0.00687064658921797	0.0140965791171605	-0.00882419619642479
PF07655.16	-0.0202470126133767	-0.00778934994712923	-0.001987135390031
PF11713.11	-0.00858594401820256	-0.0029203351198378	-0.000285279826030651
PF08774.14	0.0425177070723196	-0.0170338609890731	-0.0111500164329496
PF04286.15	-0.0235290738707514	-0.00192907726857294	-0.00805509884736061
PF02493.23	0.003691517251169	0.00378564863462168	0.00828358740846408
PF00502.22	-0.0231370743208716	0.00489387285638676	-0.00395263625631532
PF16258.8	-0.0119663372356174	-0.0122681763960666	-0.00205827023369327
PF06074.15	0.0355519567827581	-0.00265978065014621	-0.011257426542353
PF04245.16	0.0147728750882186	-0.00464471861308803	-0.0109879763987827
PF19045.3	-0.0156054798686167	-0.0143273939440275	-0.00719714034063057
PF05159.17	-0.0161935386372738	-0.00820249903663701	-0.0036454453475251
PF09860.12	0.00539288840411789	-0.0107247683620054	-0.00733996161380804
PF00801.23	0.000101951145152245	0.0215412043647228	-0.00956694226880287
PF07081.14	0.00775277768127357	0.00299750280676812	0.00187206609916448
PF04976.15	0.00252448457147045	-0.0165194530763263	-0.0174987817835075
PF03418.17	0.0188584405902349	0.00292968212239765	-0.00667119682245062
PF02623.18	-0.0175781678972348	-0.0152727322610643	0.0206747268657415
PF19407.2	-0.00803353928536964	0.0290474590732277	0.00731290001535573
PF13784.9	0.0149260432440814	-0.011705810604311	-0.010411651218614
PF13555.9	0.0125901955932522	0.000513253262236307	0.0062906484037835
PF18603.4	0.0128548637364117	0.00146239478123469	-0.0105153492011017
PF16126.8	-0.0198836045140015	0.0286471692241256	-0.0101376411299869
PF05861.15	-0.011793299580081	-0.00883029691288485	-0.000922762399961724
PF11927.11	-0.0180968793107284	-0.00706364881765659	-0.00142837036363375
PF10050.12	-0.00251236080399414	0.0197653635432057	-0.0151783727971235
PF04123.16	-0.00979259083136662	-0.00349398868860888	-0.00500884590632514
PF07934.15	0.0132163746784471	-0.0249172918106486	-0.00569191176241098
PF11953.11	-0.0144238865769649	-0.0104573746143337	-0.000947633801688003
PF02604.22	0.0109665607434456	-0.00514746439097767	0.0152498400541549
PF06067.14	0.0288227067417488	0.00402962819166128	-0.0134423352687857
PF19275.2	0.0169525006837202	-0.00530477649273808	-0.00540517691822811
PF13975.9	-0.00800779088691543	-0.0211591513769462	-0.00164389117658716
PF09538.13	-0.0134129832130771	0.00156317773966248	-0.00360607138763689
PF17128.7	0.0125923977274717	-0.00202754676264042	-0.0132427208631551
PF20176.1	-0.00962626448294948	-0.00467766669109247	-0.00384077436644856
PF06684.14	0.00897634186609131	0.00636532229299579	-0.013001673949469
PF13576.9	-0.0111779020792365	0.00175853472294097	-0.00237430251526072
PF13575.9	-0.00047662479779546	-0.0184574624436306	-0.00699934707596612
PF05147.16	0.000132858735475933	-0.0166846049744974	-0.00795629261937812
PF00782.23	-0.0107617739130493	-0.00156671214415225	-0.00679893428571465
PF14224.9	-0.00686934052884587	0.00114730466684092	-0.00307867216582283
PF15919.8	-0.00427893694502205	-0.00913627871159685	0.0143793516915112
PF02643.18	-0.0204335270119456	-0.0065232224095577	-0.00429468544280844
PF07689.15	0.00803834893836912	0.00333042668739172	-0.0169064762365767
PF13884.9	0.0269538280690701	-0.0109085893508673	-0.00726218342645133
PF14594.9	0.0279356803653165	-0.0102329160252168	-0.00878965107815846
PF04404.15	-0.0141937668869605	0.0195037657887804	-0.0120448103194643
PF09950.12	0.00166108578756085	-0.00210205941040275	-0.0127687470421638
PF03562.20	-0.0149293778419235	0.00822575738906738	-0.00669445042027907
PF20529.1	-0.0145076242262834	0.0190659061565647	-0.00717077883184855
PF03552.17	-0.0121061385065209	0.00401469156099664	-0.00495025726951892
PF07187.14	-0.00171772617402777	-0.000989594830226078	-0.00327953696438871
PF03417.19	0.0140441266012925	0.00777367651353419	-0.00743224602993527
PF09858.12	0.0102952306728572	-0.0382042333228555	-0.0107087111767434
PF03320.16	-0.0154676105466141	0.00500300821883316	-0.0104393380230148
PF11376.11	-0.0186054494391548	-0.00231691240797182	-0.00170421386889012
PF19305.2	0.00520285158638319	-0.00623732605669751	-0.0155150326054253
PF01253.25	0.0113928575430098	0.0108437392484087	-0.0153568100580529
PF17517.5	-0.0179027053405913	0.011161785255866	-0.00849220496023066
PF11304.11	-0.0127394740748765	-0.0038311458706893	-0.000591502421390273
PF14819.9	-0.0195589888270521	-0.0071601724167034	-0.00155384531415474
PF10994.11	-0.00546902165160746	0.000162236241695378	-0.00308571466514223
PF14487.9	-0.003071491659376	0.0300891415435793	-0.0140916428872759
PF13470.9	0.00520866453746957	-0.0143552759468713	0.00963954167424771
PF02732.18	0.0152653868221759	0.0165208443294181	-0.0175926843188624
PF13938.9	-0.0118011423615984	0.0163222932459846	-0.00656595718216394
PF12469.11	-0.0176228083415408	0.00087788514905784	-0.00524856172224047
PF03008.17	0.0143738053789573	-0.0165037635889947	0.00428083103387938
PF00463.24	-0.0175186976842053	-0.00402705703974077	-0.00532115412487355
PF13592.9	0.0187199893413805	-0.00505408585829288	-0.00152485134902655
PF14382.9	-0.00986879336345019	0.00389645007517588	-0.0022680600338121
PF04277.16	-0.00762754737046893	-6.23522338863565e-05	0.018771422874436
PF05893.17	-0.0120750426348333	-0.0227670742798653	-0.00880431383050112
PF02433.18	-0.0163474371831304	0.00232532759790408	-0.00390812341613172
PF02366.21	0.0188413275682845	-0.0271041264036829	-0.00964094690927327
PF04403.16	-0.0165757477088375	0.000226618058944004	-0.00356044954959893
PF07338.16	-0.00222266264495409	0.00329105006366873	-0.00182020898609379
PF11726.11	-0.0181603323874049	-0.0023537823566802	-0.00201554765061233
PF09115.13	-0.00133612092995126	-0.000493334397209229	0.00722695336751861
PF07609.14	-0.0183007378931484	-0.00597310651359695	-0.00177641039684316
PF19501.2	0.00315050280481777	0.00318450166851262	-0.00454289018939147
PF13454.9	-0.0134019862930843	0.00160854510568856	-0.0116272517726321
PF14349.9	0.019722139161815	0.0191712585693864	0.00377368373986903
PF05133.17	0.0311670107846692	-0.00199408184290165	-0.0123697483312183
PF17994.4	-0.0160033667075596	0.0113572265291707	-0.0092790064826579
PF19320.2	-0.0129489956182676	-0.0078691893681434	-0.0020050492482188
PF11303.11	-0.019408153630877	-0.0147053165439512	-0.00510486508314885
PF03737.18	0.00842591188157699	0.00797088354007005	-0.0163345829828949
PF13586.9	0.0101507901124254	-0.00827997699681354	0.0149771221068578
PF18030.4	-0.0171211011818715	-0.00753109654137441	-0.00650056987557657
PF02958.23	-0.0032536905425615	0.00438877476441414	-0.0143760933229904
PF19054.3	-0.0189222145677847	-0.0183832368295949	-0.00340381392164769
PF16542.8	-0.0231085670073318	-0.00464233364558909	-0.00199117172376259
PF16536.8	-0.0231085670073318	-0.00464233364558909	-0.00199117172376259
PF04149.15	-0.00775040245169291	-0.00416518826839892	-0.00108732158280607
PF08326.15	-0.00486966421045931	-0.0134853502547109	-0.00297975018271166
PF00182.22	-0.00961555463460878	0.0071563411530952	-0.00273863360393099
PF11307.11	0.0104711726952162	0.00936196017847364	-0.0162713742301303
PF13552.9	0.00414524088281136	0.014820833141001	-0.0163295805054671
PF07632.14	0.00100615742950015	-0.021457304806472	-0.00304119127242549
PF03222.16	-0.0214839969102849	-0.0113145667648432	-0.00303941983300669
PF14267.9	0.0221266537436446	0.0260385233623005	-0.0196060809529851
PF09674.13	0.0153675634071294	0.00625179787357793	-0.0155118460226486
PF15892.8	0.0168599714995128	-0.0113593742787148	-0.01053912282127
PF06452.14	-0.00788532715591697	-0.00669818014222282	0.00831169501645814
PF07454.14	0.0215428070605894	3.54153396048367e-05	-0.00616824578736665
PF19773.2	0.0185599518780929	-0.019706894992631	-0.0108928757485175
PF16990.8	-0.000822182973301329	-0.0224746134120875	-0.00397301688532197
PF16216.8	-0.0149434536760517	-0.00101610169314986	-0.00153863836663265
PF14323.9	-0.0148699863016077	-0.000764495039014734	-0.00159648800993616
PF04961.15	0.00207070874111771	0.0221305386723491	0.00388115247326671
PF11808.11	-0.011606876441018	-0.0168296910346207	-0.00106104608289739
PF03899.18	-0.00340739307554087	0.0111417150036619	-0.0174114123818292
PF14123.9	0.00873658650122532	0.0254334127218151	-0.00939632922574169
PF11736.11	-0.00921562922594782	-0.0103418513372474	-0.00236465850551017
PF09411.13	0.0223866231392453	-0.00477872692718272	-0.0125176783850247
PF03200.19	-0.0163171266183347	0.00172757598781008	-0.00911699378422085
PF03626.17	-0.0140388564523533	-0.0186716563591073	-0.00955294022536925
PF13858.9	-0.0160669799386194	-0.00486765254454076	-0.00415211452996671
PF12771.10	0.0256399737021356	-0.01508035184019	-0.01170339875079
PF03007.19	-0.00910634285078772	-0.0189798176007736	-0.00760927848104311
PF06974.16	-0.0138406337662101	-0.0116034375387169	-0.00758842812311323
PF20597.1	-1.10174480216927e-05	-0.0270200288720125	-0.00305662987940513
PF19364.2	-0.0280011160026612	0.0305551418126968	0.0193163513698397
PF06241.15	-0.0108100200765731	-0.00588128395194205	-0.000779197256061685
PF13644.9	0.0305323049741448	-0.00671568331203428	-0.00178245281950247
PF02617.20	0.00754001924444091	0.0168443231062834	-0.0162878613895918
PF12270.11	-0.00969544069775368	-0.0144467913533817	-0.00100872131841032
PF05661.15	-0.0245254854233088	-0.0112886954204232	-0.00466841987181747
PF02289.19	-0.0203212389664861	-0.0027551493543977	-0.00180112818126188
PF04738.16	-0.0137776008050588	-0.0103745303972922	-0.00677113570825803
PF02814.18	0.0107628602022572	-0.0362722870865981	-0.0043722791515742
PF05194.15	0.00737265015771568	-0.00296170057636466	-0.0135970945492152
PF14716.9	-0.00800012790056605	-0.00457629742878448	-0.00878252330340997
PF13371.9	0.00888429523939366	0.0170621692929687	-0.0118995684939192
PF12970.10	-0.0125816235758173	-0.00332580689008473	-0.000794021662226784
PF11761.11	-0.00143094584532783	0.0116179397388795	-0.0123707300042706
PF18120.4	-0.00413101228600955	-0.0276995612223505	-0.00492031509613562
PF14113.9	-0.0100569257833911	0.00238539494697742	-0.00270281938669814
PF05065.16	0.0383457359591454	-0.0193427581977258	0.00230448498321041
PF10096.12	0.00440155830800342	0.00115450267714485	-0.00929948473663819
PF10099.12	-0.00716284887327538	-0.017426588374647	-0.00543709707448043
PF13910.9	-0.00835843530553345	0.0248107287395044	-0.0142603909315747
PF09055.14	-0.0136567815718464	-0.000430945115949782	-0.00169283321715479
PF08924.14	0.00132490637529837	-0.0216963080737703	-0.0164652088518445
PF03690.16	-0.000122585805737681	0.00388182449551584	-0.0148648855935485
PF02253.18	0.0139082752113114	0.0204700616331731	-0.0145758268161503
PF12081.11	0.00884778381901826	0.0252409930094239	-0.00757003042409363
PF12080.11	0.00884778381901826	0.0252409930094239	-0.00757003042409363
PF13568.9	0.0120998269852981	0.0111721927524738	0.00108513813851693
PF12345.11	-0.00823714170612252	0.0337112364729646	-0.0150932090181854
PF06594.14	-0.0149518749465741	-0.00764228069277036	-0.00246074977662252
PF10628.12	-0.00835194890193597	-0.00815129421041759	0.00143247301209988
PF03538.17	-0.0218413519302897	-0.00818305010016479	-0.00203966039857196
PF20220.1	-0.025929659541682	-0.000788189875085634	-0.0042014673958987
PF18413.4	-0.0261650083322693	-0.000858850161221089	-0.00421378985896902
PF18276.4	-0.017617590869562	0.00155196894578573	-0.00344806753577685
PF18889.3	0.0237958037376999	0.00870555592266552	0.0146428841163759
PF14399.9	0.0123276319526194	0.0110606344164105	-0.0147853014506799
PF16677.8	-0.00188286185373314	0.0200836374011527	-0.014199007981511
PF07987.14	-0.006741028729364	-0.021880337774324	-0.000679729172669863
PF04228.16	0.000592848574934224	0.0100394208651095	-0.0101552654427234
PF20013.2	0.000710415684420361	-0.0350482591047725	-0.0118076878505734
PF20014.2	0.000710415684420361	-0.0350482591047725	-0.0118076878505734
PF08386.13	-0.0177185434101437	0.00517147913432293	-0.0119611493778641
PF12643.10	-0.00466231132051323	0.0158185040262001	-0.0123849209137495
PF06560.14	0.0128080562675659	0.00318583419102163	-0.0202191894114346
PF04493.17	-0.0181880286908911	0.0368020093122035	-0.0157685517445293
PF14107.9	0.0251410185466249	0.00389919741861574	-0.0111545673315937
PF19143.3	-0.0128879263272446	-0.00734415484109853	-0.00341924772777603
PF14134.9	0.0081254332948433	0.0187365525640912	-0.00157954862773645
PF09537.13	-0.0109823161419054	0.00231527746063055	-0.00312456321559814
PF19573.2	0.012253510665003	0.0127178809065558	-0.0150347605950162
PF11827.11	-0.0165695620078904	0.00421120194234285	-0.00407226645153457
PF20329.1	0.0161417917762751	0.0117585581341586	-0.0133974083762264
PF06259.15	-0.011415876441474	0.00616797317711459	-0.00512788365502806
PF06695.14	0.00606145462702152	-0.000796622352802289	-0.00570391975364409
PF11167.11	-0.000893583846034844	0.0117523383882613	-0.000607649118917397
PF14326.9	-0.017302809781414	-0.00401073000235389	-0.00305976309314399
PF16864.8	-0.0211251663338949	0.00312029486664474	-0.00368781162509802
PF00891.21	0.0207221560687337	0.00959688160364099	-0.0187017939882894
PF16694.8	-0.0129711918588443	-0.00863355786786869	-0.00144816747606668
PF05534.15	0.00556856504300794	-0.0152713226988537	-0.00494598336966282
PF17656.4	-0.0135303665455211	0.00387531475501848	-0.00274638447714951
PF13144.9	-0.0195348508688673	0.00597811986488671	-0.00527928015611438
PF08271.15	-0.0103937289750251	-0.0150614969390927	-0.00423475351292899
PF04734.16	0.00280451787160917	0.00682900328782433	-0.014380214254353
PF07714.20	0.000354249345336807	-0.0223984742155369	-0.00753213464359141
PF03079.17	-0.00814889310071243	-0.00247002870606944	-0.000525186783362474
PF03321.16	0.0216146705770747	0.0019718488341314	-0.00285894667247441
PF09826.12	-0.00137330089113338	0.0125638660510306	-0.00404914558211076
PF15979.8	0.0138768269009247	-0.0167489772790073	0.00156376397091646
PF17829.4	0.0136850531759227	-0.0169116137845386	0.0015264896351966
PF11853.11	-0.010814966782193	0.00365472221804394	-0.0021903542384519
PF17391.5	0.00029761576183113	0.0173687471483519	0.00973581332161171
PF01175.21	0.000305985553552585	0.0173721093065235	0.0097365376529872
PF17392.5	0.000333672369092275	0.0174222436298728	0.00971096043250821
PF06249.15	-0.0311669886522816	0.0475371666243993	-0.000231713752460149
PF05901.14	-0.0119354840356806	0.00465742493967341	-0.00432910164702255
PF03993.15	-0.00145336899577934	0.0294553792202229	0.0235770100904434
PF07538.14	-0.00562714123836408	-0.0130739968163427	-0.00549823248497405
PF08768.14	-0.00476062367479984	-0.0208116699159818	-0.00113906262103004
PF20613.1	-0.00813736451829632	-0.0114381011907436	-0.0105322430480371
PF08406.13	-0.0216319709106096	-0.00113881932989995	-0.00639172855649128
PF18731.4	0.0021349598947496	0.0145618755834773	-0.0139737357330848
PF03404.19	-0.0056748498929435	-0.00816951779571323	-0.00867773293720628
PF19568.2	0.0222498381261756	-0.00496217606917276	-0.00807479352797102
PF19530.2	-0.0173686716428901	0.0044277538010813	-0.00352805425573757
PF07583.14	0.0105843717708624	0.00178071871694242	-0.0185156918704501
PF07587.14	0.00993917194079275	0.000328916058838818	-0.017919277066053
PF07596.14	-0.0107691365633324	0.00554146908134749	-0.0108981395135917
PF07394.15	-0.00511001745999815	0.00570274311650759	-0.0100478496757114
PF10077.12	0.0141089010848701	0.00105931492942927	-0.0161154841019366
PF18975.3	0.00242804293148288	-0.00184758200865508	0.00621611093025273
PF11563.11	-0.0202331277384169	-0.00403450152780959	-0.00555989161393598
PF20282.1	-0.00147698977603934	-0.0148138728317131	-0.00996569334000492
PF00301.23	-0.00728580202516209	0.00809154434127322	0.0211253107439734
PF20310.1	-0.00314895975948327	0.00208223974803871	-0.0117199043312826
PF10559.12	-0.0230425492075483	0.00226457143748047	-0.0040711247349081
PF01402.24	-0.00249489554584189	0.0150952558108993	-0.00479423105987885
PF08753.14	-0.0155693179578872	-0.0024580284330782	-0.00351317496665257
PF13564.9	0.000387617702163606	-0.0204862798970702	-0.0111439819026217
PF06455.14	-0.012997895711527	-0.00575154261749402	-0.00330379883869608
PF05936.15	-0.0207743745258329	0.00193650117109867	-0.00506909475908549
PF18390.4	-0.0118111898909187	-0.0132000819294522	-0.00289700352531372
PF12792.10	-0.00461064629635001	-0.00844605166159846	-0.00108661593922833
PF17777.4	-0.0100228653185474	-0.00768973181475479	-0.00580139501990813
PF01982.19	-0.0123467530501278	-0.0041814517058374	-0.000869546382731863
PF01941.22	-0.0216315694785215	0.0016724400983668	-0.00475457316166233
PF12913.10	-0.0133598559073132	-0.00073547756770531	-0.00256572685331184
PF02663.17	-0.0196250176220825	-0.00342165571827493	-0.00449855247772654
PF09910.12	-0.0083164316649718	0.000744495833885538	-0.00109012413599035
PF10947.11	0.00031083804708267	-0.0070330151242007	-0.0158453189694443
PF09137.14	-0.00647348704578576	0.00301655305771099	-0.00390617294792522
PF09094.14	-0.00854157335318303	-0.00158468504386808	-0.00186338773723245
PF09095.14	-0.0133725363010849	0.00401389897002414	-0.00384114276980167
PF14791.9	-0.00672862678827275	-0.00552058687693885	-0.00852448127649007
PF14871.9	0.00487542552457969	-0.000277226057547126	-0.0123803299839891
PF19051.3	-0.0113395338725026	-0.00795717613636461	-0.00730493699815765
PF20467.1	0.0220974631394988	-0.000788293684848817	-8.94441986618898e-05
PF16151.8	-0.00497050739579767	-0.0246108926735054	-0.00105470396882242
PF19529.2	0.00295970792062636	-0.00711112966142212	-0.00630299510926165
PF18657.4	0.00712789686301986	0.0182632173059316	0.0234224312364103
PF18796.4	0.00921640398458812	0.00120154914497248	-0.00912056583230239
PF07514.14	-0.00515576211450407	-0.00127689356061114	-0.0116847897181087
PF07848.15	-0.0162019648005992	-0.00539813166013834	-0.00344320793138008
PF08223.14	-0.0168326081956033	-0.0100619301102218	-0.00331746663344878
PF03100.18	-0.0036809014202598	-0.0284436763118409	-0.00431820946942674
PF18458.4	-0.0215354197780855	-0.0175994082139722	-0.00477839383328512
PF02560.17	-0.00388394012780204	-0.0034826662747637	-0.00180377923601066
PF14390.9	-0.00960503581113398	-0.00655695676115506	-0.000680906975169551
PF04316.16	-0.0177593264863281	-0.003345769350534	0.0207585643854469
PF09365.13	0.00983979105341521	-0.017917295026335	0.00790440603892015
PF13311.9	0.00769101220280185	-0.00842139334909713	0.0013208745666309
PF16359.8	-0.0162458090745455	-0.00303479565296426	-0.00313226941346221
PF03319.16	-0.0227112157163304	0.0263566417967246	0.00141364832767758
PF03873.16	-0.0045245810475308	-0.00155806659399253	-0.000919823125353228
PF03400.16	-0.0118112673874702	0.00676889779999569	-0.00469804922755096
PF06857.14	-0.0121038614411735	0.0102210567536412	-0.0117866961339728
PF01473.23	-0.0159512744819253	0.028536969043572	0.0372430465629954
PF07308.16	-0.00633829044729827	-0.00330811883935005	-0.000413391329921755
PF18033.4	-0.0195346086539158	-0.0112512986747408	-0.0018306307156935
PF08363.13	-0.00897488641606305	1.34807763929929e-05	-0.00161699522488219
PF16364.8	-0.00488453508291592	-0.0102473431665645	-0.00304288208292271
PF14198.9	0.0172789752520907	0.00119187455551639	0.0157345090013831
PF14504.9	0.00108691339532226	0.00901731274278835	-0.0139118404183959
PF18435.4	-0.00271730152719583	-0.0132095269743306	-0.0119919449318867
PF14355.9	-0.0133556569172203	-0.000281982949886823	-0.00300511809714667
PF11372.11	0.00364942690521267	0.00731868385899824	-0.0122755046778694
PF13359.9	0.000121064354913054	-0.00367380880194691	-0.0190253465983812
PF18938.3	-0.00428995028244309	-0.0163327807958719	-0.00516073462609772
PF05135.16	0.0356606920452293	0.00344446844227708	-0.0140832989436954
PF04315.15	-0.0131898899218348	-0.0074957546501663	-0.00110267339228104
PF04575.16	-0.0141628844549904	-0.00461059716652105	-0.00319028219625185
PF12362.11	-0.0134522783673269	-0.0136048289380871	-0.000915030076061361
PF16075.8	-0.00775429582719983	-0.00188647182772437	-0.000428359350994531
PF17680.4	-0.0129939289833777	-0.00210812235976392	-0.00114563627495929
PF13369.9	-0.0205310419395302	-0.00778722909399293	-0.00313607566677044
PF09407.13	0.000475470747949757	-0.0119315772446837	-0.0139792614800054
PF02494.19	-0.00786843015190749	-0.0029175051376091	-0.00187414067742778
PF10011.12	-0.0199339323750815	0.00236421251910958	-0.00495738648576196
PF05090.17	-0.0170608651750333	0.00560203796608215	-0.00597533589735336
PF12450.11	0.00881953307310817	-0.0164079322930453	-0.0110232376972651
PF12034.11	0.00909209979994631	-0.016197175629061	-0.0104513546409499
PF08818.14	0.014146878606319	0.000884104597122251	0.00157263363117325
PF07561.14	-0.00335467457809546	-0.00466683194395426	0.00686145667000626
PF13026.9	-0.000473883881646664	0.0044503578338418	-0.000118822691529526
PF13438.9	-0.0157981458861855	-0.0117891061542458	-0.00143470027694201
PF03170.16	-0.00848786695669836	-0.00465388929660777	-0.00556160379608502
PF20001.2	-0.0161648810068853	-0.0029311593064801	-0.0017410981202489
PF04443.15	-0.00936207434425651	-0.0174667525810253	-0.00685788158661662
PF02128.18	-0.0168108966653684	-0.00896818565088888	-0.00216044041865427
PF14060.9	0.0187617318440465	0.00924881952325737	-0.0128698642577843
PF05728.15	0.00811942996359065	0.000917800264360574	-0.00799205238228125
PF07994.15	-0.00148893410265322	0.0198516794521592	0.0120953977839653
PF01658.20	-0.00145069754718084	0.0198103096458862	0.0121182016340321
PF09851.12	0.0119995968974107	-0.00393785988197596	-0.0159240010984254
PF13415.9	-0.00774882068758321	-0.0283074622463988	-0.00783643819366894
PF03824.19	-0.0220887815451074	-0.00815065774141404	-0.00326019790099188
PF02727.19	-0.0196391836635422	-0.000124403891152161	-0.00299921396514416
PF02728.19	-0.0221455723892504	0.00069161910427671	-0.00338171365612834
PF01179.23	-0.0187737799954985	0.0034562193844456	-0.00521002926994587
PF14296.9	-0.0108923159668299	0.000668818771836447	-0.00416843708959699
PF18027.4	-0.0167117018814975	-0.00302082228932268	-0.00244152209220391
PF18475.4	0.0145432867098739	-0.000152641542392854	-0.00994730835085096
PF20592.1	-0.00142666839855322	0.00812381829219527	-0.00703744143308311
PF18823.4	0.0338163847755592	0.00266241809514886	-0.00952608329561752
PF02107.19	-0.0123087259978687	-0.00674971481444262	-0.00713374994308319
PF17124.8	-0.0112500410410552	0.00479212086566022	-0.00432631670681697
PF01874.19	-0.00167338078835761	-0.0190143759029125	-0.0148584440479526
PF13776.9	0.00703399690672343	-1.28462735323272e-05	-0.00285749915522465
PF03942.18	-0.0173481316124022	-0.0019427001457279	-0.00164398634580803
PF01752.20	-0.0152399359017304	-0.00516516209739787	-0.00478232796045216
PF16200.8	-0.00715900907101655	-0.0161709913986815	-0.0013718518344953
PF11042.11	-0.00716050775218053	-0.018648397957622	-0.00183071242887502
PF13677.9	-0.00814028631897777	-0.00181631401750714	0.0200210404454111
PF11230.11	-0.00397596328464363	0.014788834763873	-0.0174889521497588
PF14397.9	-0.00512178274553355	0.0253315953734462	-0.019223993127412
PF11874.11	-0.00967366027836251	-0.0179438767323842	-0.0050370383310161
PF18158.4	-0.019409794493422	-0.0103382368271183	-0.00122455314491883
PF04029.17	-0.0108087959613375	0.0124973929859989	-0.0123421305373653
PF11784.11	-0.0140621412811374	-0.0100737365152156	-0.00770922985238777
PF05130.15	-0.0167221823695362	0.00670973178048183	0.0267923093387042
PF07916.14	-0.014362240169673	0.000478973234600313	-0.00615339650306314
PF03077.17	-0.008370539813264	-0.0059561285271161	-0.00057186771415706
PF16332.8	-0.0165755709584068	-0.0134120728238746	-0.000734196646176704
PF13627.9	0.00722521651228253	0.00104049919427781	-0.0174720578070872
PF05943.15	-0.0178144129704616	-0.00349140045638943	-0.007129026967975
PF18945.3	-0.0163433586726511	0.00576739314571786	-0.006346747002911
PF09684.13	0.0253798617914185	-0.000429504783108373	-0.00704626003435314
PF13532.9	-0.0148592203846239	-0.00524019469934558	-0.0057664356556904
PF07378.14	-0.00815461291581314	-0.00597937102855631	-0.00201771676437918
PF03918.17	-0.00931859765197568	-0.0109957293615699	-0.00308339574101106
PF09863.12	-0.0210844431138369	-0.00890973865890467	-0.00176911594972831
PF11950.11	0.0140267313836426	0.02461905447795	-0.0184316985914667
PF09344.13	-0.00934761537768304	-0.0060012510469607	-0.00178067384887207
PF10006.12	0.0199297112246232	-0.016595052771467	-0.0122767882751433
PF08808.14	0.00172576872438555	0.0211657599940126	-0.0162993839688879
PF09203.14	-0.00455476959875546	-0.00249888540968298	-0.000207187592897382
PF16918.8	-0.019295827135014	0.00889911749606735	-0.00454953973130763
PF04461.16	-0.0145534210389044	-0.0122870234772724	-0.00820365701926782
PF07819.16	-0.00761201612014751	0.0140287863975761	-0.00938319243553768
PF04264.16	-0.0147714327171496	0.00260710368029969	-0.00824333672469167
PF19190.3	0.0159873922164443	-0.0124732439774935	-0.00517057365231868
PF19789.2	0.0133745756428445	-0.00733085333883906	0.00521098250025063
PF03537.16	-0.00581962952893365	-0.0180765269802719	-0.00257929353982979
PF18273.4	-0.0037849738825858	-0.00153895467518249	-0.0101543494954047
PF16929.8	0.00215958632052889	0.000162290311683792	-0.0160770709541472
PF08445.13	-0.0015900115544395	-0.0126350216118211	-0.00467231860633411
PF01894.20	0.00789643006851501	0.00172965584664414	-0.0101379317631197
PF03219.17	-0.0189080645192743	-0.00728354637769494	-0.00151444715258514
PF19297.2	-0.00756059924980835	-0.023145434687786	-0.00327319832782082
PF16260.8	-0.014817014380907	0.025079238762655	-0.0116430684082237
PF09670.13	-0.00783828270587655	0.0133270252408992	-0.00874229470495179
PF03405.17	-0.0127474081091954	-0.0180413643734597	-0.00269459149605315
PF00450.25	-0.0137579260716204	0.0015820478603252	-0.00747170424433219
PF09234.13	-0.00576798736230323	0.00671315768990928	-0.0102687522294339
PF07659.14	0.00710662509839397	0.00990942280190937	-0.00469746731876672
PF12094.11	-0.0115415581205344	-0.00610449095110497	-0.000883699917755501
PF01169.22	-0.0110741554286384	0.000535783416509162	-0.00187070240950759
PF18348.4	-0.0184603551247006	0.000165166967122525	-0.00425252281092337
PF12476.11	0.00757160317375252	0.00135849916730361	-0.0103364613319983
PF05336.16	0.00297966396846529	-8.88120124661894e-05	-0.00966809382179222
PF04229.17	0.0207934822450965	-0.00594709436421583	-0.00773929849384994
PF05171.15	-0.00802264321899976	-0.00174091789596169	-0.000432378399581089
PF12844.10	0.0119508794110322	-0.00393373849680861	0.0176955310785037
PF08843.14	0.0105433738192515	0.00179301062648408	0.00927949310655913
PF14052.9	0.0192454260322361	0.0234753846146706	-0.010600390732866
PF10988.11	0.00521187379037787	0.0280421594726074	-0.000442315695902908
PF16161.8	-0.00351189860200668	-0.00381179917108706	0.00593251454522297
PF20036.2	-0.0218282650321369	0.0118647659869084	-0.0096022057119022
PF08765.14	-0.000715785836568171	-0.00626202886815101	-0.00594923471390196
PF12897.10	0.00311908256570458	-0.012465783717289	0.0127543625412079
PF14207.9	-0.00902102894238231	-0.00886914433525576	-0.0096105884431843
PF05489.15	0.0122776322909517	0.00149612704762174	-0.0129193678296285
PF16264.8	-0.0138472120933716	0.00587958375654154	-0.00430504516516345
PF04246.15	0.000728590151312182	0.0109501704193226	-0.0172722411750328
PF10022.12	0.0233278536974826	-0.00709150864933395	-0.00161132934376075
PF16192.8	0.0232375340833975	-0.0222839627928553	-0.00815720568529434
PF12811.10	-0.0167810847555795	-0.0212936427073929	-0.00064043470005037
PF02126.21	0.00745965575621196	-0.00319452561108064	-0.00950722869423097
PF11452.11	-0.00366463841697395	-0.0131960155614492	-0.000275836054750619
PF08044.14	-0.00304167427034421	-0.0216957749165277	-0.00382623286954339
PF18080.4	0.012672307825799	-0.0374620532798551	-0.0030055371670905
PF12905.10	0.0127064192988135	-0.0374594179330656	-0.00300147284869912
PF17451.5	0.012369312326409	-0.0375525603332473	-0.00301941140389516
PF17974.4	0.0122638893892445	-0.0376037841731478	-0.00302039428423899
PF08797.14	0.0070504432297299	0.000221230524447843	-0.00740735711000206
PF10432.12	-0.020956185137231	0.00933731024801223	-0.00879008777831152
PF08757.14	0.00986550294564753	-0.0198726316007877	0.0158901705366187
PF09823.12	0.0074441804881949	0.00395450267120574	-0.0136120455752946
PF14199.9	0.00253567041977929	0.00285531687138454	0.00863185697161503
PF11258.11	-0.000116868535175833	-0.0235546345691275	0.0154742405298277
PF17479.5	-7.82117840357334e-05	-0.0234409028903679	0.0154647262021391
PF03415.17	0.015218676199033	0.00800226129811408	-0.00831473989598416
PF18941.3	0.0230184372757494	-0.00512326245575227	0.000793341997444714
PF12894.10	-0.00481273445961638	0.0109376712165616	-0.00917738880950791
PF07264.14	-0.0277590451078705	0.00245207005264076	-0.00454820672285148
PF04916.16	-0.00322912846637245	-0.0235676356430974	-0.00631864404874519
PF09212.13	-0.00710271030203618	-0.00537352620017343	-0.00422721690644803
PF09991.12	-0.0233401072549339	-0.0190835923240095	-0.00333829148160552
PF08608.15	-0.018443326250705	-0.00333930420070589	-0.00250936933091614
PF12367.11	-0.0219599769316056	-0.0198861440989098	-0.00365046659738429
PF09579.13	-0.00320109090097271	0.000885573061658103	0.00482073622913918
PF13830.9	-0.0104023947032529	-0.0162534406907428	-0.00233510882516084
PF11199.11	-0.0140315080119028	-0.00299315741434122	-0.00296423165528401
PF07332.14	0.0118587199245839	0.00454621810603007	-0.0170812160926867
PF17775.4	-0.0136984151822738	-0.00520441015362768	-0.00335529909619403
PF13312.9	-0.00321928838146251	-0.00397171827485191	-0.000787282892216396
PF03608.16	-0.00821674753327457	-0.0103367200613437	-0.0143769282620061
PF11239.11	-0.0040416519042527	-0.00956318429062645	-0.000890974594306967
PF06792.14	-0.00985692874331022	-0.00524069089572213	-0.00772087567781562
PF18374.4	-0.00571798264231789	-0.0340818955973614	-0.00710102617539601
PF14018.9	-0.00933982267734797	0.00508032228967121	-0.000915347770852481
PF11228.11	-0.00507558087457801	-0.0234800657352675	0.000451018717411484
PF16884.8	-0.0131797591846655	-0.0146263539242369	-0.0110933416637936
PF10635.12	-0.0126045320473443	-0.00186156183865147	-0.00635761847567924
PF05448.15	0.0175519010097237	0.00823103511028496	-0.0158021633439616
PF06866.14	-0.00248757026096779	0.016438023194086	-0.0206543240274117
PF18128.4	0.0078610373158445	-0.0157642989826386	0.00112743261032317
PF18133.4	0.0078610373158445	-0.0157642989826386	0.00112743261032317
PF08126.14	-0.0225131319755648	0.00815184590383911	-0.00636224265911247
PF01364.21	0.0210653577634919	0.0200406682877311	-0.0042366495232618
PF15632.9	0.0176081288312623	0.0246191165503471	-0.0161624368730602
PF08007.15	-0.0165271982268004	0.00342387386181003	-0.00549399909915186
PF20514.1	-0.0107892401591261	0.0040238594797587	-0.00377300785738688
PF14088.9	0.00512946826989172	-0.00224386970573477	-0.00297368542173805
PF10991.11	0.0394411003955944	-0.0213415185886943	-0.00781251871383704
PF20097.2	-0.007793283322722	-0.00899076046514733	-0.00844828435934572
PF08020.14	0.014854831379371	-0.0171650334862182	-0.00711807852311748
PF04647.18	0.00269723092992503	-0.0170519220830638	0.0162313861252505
PF09603.13	-0.0170411146090592	-0.00736477349010017	-0.00441757285136645
PF08485.13	0.00451801688138376	-0.0184642355586043	-0.00599744778370986
PF14394.9	-0.0128759025935057	0.00285543219366698	-0.00681386385110817
PF14135.9	-0.0147527587785006	-0.00861051370257879	-0.000664603791216846
PF05031.15	-0.00603094929641938	-0.0272812755003957	-0.00140163798192669
PF14840.9	-0.0157900568345624	-0.00880847847424886	-0.00264906943473067
PF05840.16	-0.00404957457992549	-0.000516766219064601	-0.00878857477931272
PF16561.8	-0.00782589357921532	-0.00606898130573297	-0.00692935445992268
PF18780.4	-0.0074387142747236	-0.00166408257117272	-0.000862785897756671
PF14072.9	0.00704440271549755	0.0116453441499429	-0.0184268692493958
PF18818.4	0.0264349979629612	0.00155124760561696	-0.00910910750576576
PF14239.9	-0.0182265027318284	0.0185969176482217	-0.00938841033846004
PF19443.2	-0.016217174812996	-0.0019013628685507	-0.00154740421573237
PF01950.19	-0.0178469909298059	-0.00303184542615518	-0.00136543610966503
PF06782.14	0.0144088020290844	-0.000172139091291181	-0.00483218834456247
PF06172.14	-0.0080016981269694	-0.00632099679583951	-0.000828620567623475
PF18978.3	-0.000422431592985651	0.0216690266438389	-0.0134083964557767
PF09843.12	-0.0169887186366862	0.00134839185972304	-0.00242723315121028
PF09839.12	-0.0149641158087172	-0.00871226992782835	-0.00212146345891914
PF10688.12	-0.00567491441545514	0.00491407672106735	-0.00282654821986405
PF05136.16	0.0316624140790827	-0.00994275176701932	-0.00610225875649463
PF05987.16	-0.0108480472326303	0.008719242336988	-0.00460159047076759
PF00024.29	-0.022678308696483	-0.0046247185215563	-0.004499615245406
PF14305.9	0.000739763528042425	0.00597643708605817	-0.0119084092396767
PF13686.9	-0.0211355937302117	-0.00217548353910304	-0.0051542031806747
PF14194.9	0.0413435017650639	-0.00417828937410352	-0.00169162501027337
PF00752.20	-0.0103963529750188	0.00236202095947597	-0.00380902153897677
PF00867.21	-0.0103963529750188	0.00236202095947597	-0.00380902153897677
PF03653.16	-0.0159900841858501	-0.0107643416793323	-0.0019435421244839
PF06319.15	-0.0125253208313931	-0.010201608733747	-0.00499851611214188
PF16868.8	0.00421071704440827	-0.0150566642032976	0.00650345562236622
PF06170.15	-0.0125504027024343	-0.00289283215801304	-0.0019929550902675
PF09326.14	-0.0148419944985429	-0.0168067139468653	-0.00293624223091565
PF12607.11	-0.0101953873027287	-0.000779972713075521	-0.00306170319916486
PF13506.9	-0.0124170888720156	-0.00554555797146147	-0.00378620366157065
PF07045.14	-0.0131339867410401	-0.00622332126570476	-0.00282700290565063
PF12973.10	-0.0183735020300698	-0.00911829972294818	-0.00172775045429837
PF18294.4	-0.00831565380965698	-0.0154790107962212	-0.00520867688605424
PF16323.8	-0.016113305311305	0.00199585598893127	-0.00258916852336761
PF17166.7	-0.0165015638480812	0.0020133660294582	-0.00265039363769128
PF16391.8	-0.0165015638480812	0.0020133660294582	-0.00265039363769128
PF09154.13	-0.0135338708906259	-0.0125909747896241	-0.00297668387664591
PF16125.8	-0.00972737116641366	-0.00471683170506255	-0.00180352217070428
PF17645.4	-0.0204513766296042	-0.0209787573047824	-0.00630835413421102
PF03022.19	-0.00334018370883526	0.00581487598567752	-0.00585257689181752
PF12902.10	-0.0154617672226947	-0.00260988657884634	-0.00316838676951395
PF10063.12	-0.0180427611999131	-0.00141708541413656	-0.00305210462160581
PF05565.14	-0.00285239635609293	-0.00745827664633152	-0.0143756086311245
PF08899.14	-0.0148925153081119	-0.00525856267110321	-0.00303565979904817
PF14100.9	-0.0223434473504981	-0.0153144588135011	-0.00214650588441212
PF16656.8	0.00315276102877718	0.0225298233722161	-0.0120755282806041
PF11356.11	-0.0218446699258425	-0.010497232222743	-0.00156588468405203
PF14279.9	0.0137315124387924	0.00929381348800311	-0.0195178659709856
PF03612.17	-0.00380235575695991	-0.0240977527955862	-0.0108442296884984
PF07663.14	-0.00380235575695991	-0.0240977527955862	-0.0108442296884984
PF11578.11	-0.0119464331403363	0.0190784436169375	-0.00667715839530865
PF14311.9	-0.00838158489545345	-0.0010114071377415	-0.00450322841243801
PF02358.19	-0.0224562461479206	0.00901859334846083	-0.00742482285175951
PF17652.4	-0.0147382696773092	0.00501923265415608	-0.006756203476984
PF19312.2	-0.0202412337500889	0.000950816031400873	-0.00548338949007034
PF09903.12	0.00929124099028232	-0.00101315487664062	-0.0147876581470963
PF18415.4	-0.000794133043489506	-0.00627970550359797	-0.0016565011787427
PF13682.9	-0.00920583287801411	0.00327681222619996	0.0222126427586081
PF09087.14	0.00970337435030479	0.018678363512537	-0.00852643881002845
PF10438.12	0.00972438420584749	0.0186846427019565	-0.00852553342527123
PF09852.12	-0.0173846178990141	0.00324304042160437	-0.00602849897372602
PF13578.9	3.48825430776728e-06	0.000579782952469642	-0.0104634375839621
PF13448.9	-0.0217884028080741	-0.0039029405638823	-0.00212357210664766
PF06724.14	0.00125211879222413	0.00179879199788774	-0.00277596051742491
PF05494.15	-0.0138079396533362	-0.00346615133023828	-0.00560354067076401
PF20423.1	-0.0137383226413565	0.0184967881013809	-0.00845991686604919
PF06315.14	-0.0137383226413565	0.0184967881013809	-0.00845991686604919
PF13726.9	-0.00368647959551789	0.0114397333836952	-0.0101580950024622
PF00629.26	-0.0207983499502858	0.00584653397343274	-0.00545682335458505
PF18942.3	0.00565117731758434	0.024946238409686	-0.0128668648680083
PF10825.11	0.00342174695999478	-0.00248917868375866	-0.0064770029227844
PF13036.9	-0.0158781752070126	-0.00302193051961486	-0.0024788397134234
PF12501.11	-0.0207161620999679	-0.00693135903249415	-0.00566887458671282
PF01730.19	0.0131487023613761	-0.029352557989186	-0.00636582358331419
PF10076.12	0.0141741835490222	-0.0155940938376632	-0.0110362175705111
PF07927.15	-0.0146394346921598	0.00648768992661811	0.0208563196592189
PF05724.14	-0.0227496993025922	-0.00658666953979696	-0.00343323876131654
PF08022.15	-0.0117259627672486	0.00158716069179794	-0.00475535086685779
PF06122.14	-0.0105302127653689	-0.010357068474542	-0.00169171583336844
PF12645.10	0.0241719113306483	0.00486903553159842	0.00510528347645277
PF16483.8	-0.00726244224055538	0.000896578242483356	-0.00654598877303973
PF19553.2	0.0210097461462066	0.000388795936873727	-0.00359189720518891
PF12648.10	-0.0117421940692787	-0.000797221806579752	-0.00164144803269954
PF07875.15	0.0043644501532355	0.000589360379660148	-0.00166278854871565
PF12958.10	0.0372545617598854	-0.0194627248019441	0.00063871418244196
PF18948.3	0.00276855452642113	-0.000599180506162799	-0.00617039861813089
PF19546.2	0.0236325560611548	-0.0122091527080793	0.0092321511045204
PF14192.9	0.041777257172637	-0.00637533303695688	-0.00980919656874485
PF00481.24	-0.00643774752375567	0.00721816533964979	-0.0127447131287326
PF20610.1	0.019834246626313	-0.00192371386706967	-0.0141077727324135
PF16980.8	0.00691069493992651	-0.0117987599420361	-0.0174747077237401
PF13835.9	0.013151160091376	0.00675707718821073	-0.0112019502882321
PF05544.14	-0.0377936161168521	0.032602845653153	0.0126335404520868
PF14584.9	0.00263791262467458	-0.0201039168706543	0.0015656974100493
PF20446.1	0.00213224693147596	0.00521948201645643	0.0101183466684299
PF09818.12	0.00280643150016613	0.00546290369451099	0.0101889520136556
PF04723.17	-0.0317283771559638	0.0116456157483331	0.0240772273343833
PF17425.5	-0.00020272764012645	-0.0262824677189187	0.00374562081231248
PF05935.14	0.000152653351301826	-0.0261244487168521	0.00385553699900861
PF07826.14	0.00202304786294938	-0.00122325787192852	0.00655908344745033
PF13601.9	0.013428352031838	0.00922137559262842	-0.0191848463690161
PF14902.9	0.0134855449889608	0.0222729057710934	-0.0113291362267078
PF18939.3	0.0222245599539339	0.00284242370052889	-0.0111349430726922
PF18956.3	0.011261437543444	0.00104032626664456	-0.0155631331712637
PF09706.13	-0.00973647945270164	-0.00261783060374298	-0.000600711624505127
PF18425.4	0.0175207035742209	-0.0111992033741568	-0.000746503915214009
PF14078.9	-0.00825244134820625	-0.0127844693045938	-0.0147894775461114
PF15583.9	0.00238034063011124	-0.0026406248311932	-0.0193182000721102
PF09951.12	0.0112256564247398	0.0058267962455308	-0.00628509361141923
PF14568.9	0.0237626875837004	-0.00819952582898084	0.000733441074652512
PF14080.9	0.00182295927151695	0.0197863532297466	-0.0129474851304728
PF14062.9	-0.0042482976125542	-0.0116515043513787	-0.00950048511746538
PF08840.14	0.016380618741458	0.000629068027498291	-0.0192675038328573
PF18899.3	0.013909824418243	-0.00170634208572138	-0.00688495514258873
PF18843.4	0.0431408884170801	-0.00978136423676385	-0.00325439872026617
PF18830.4	0.0373880791293352	-0.00517742233248706	0.00907554816312968
PF12962.10	0.00784700849507131	0.0106790310421738	-0.0103499379953325
PF18987.3	0.0382494132371866	-0.0116726026108897	-0.00265560084616559
PF12960.10	0.0324554612811177	-0.00931254334453359	0.0149427077809681
PF18852.4	0.0337421500005405	0.00325922458739597	-0.00851225201661683
PF14203.9	0.0218762589157113	-0.00625408509441069	0.00730543371037502
PF14205.9	0.0145625891154865	-0.0131514763031168	-0.000670478850823075
PF02981.18	0.00307204851936361	0.00216148481718925	-0.00149764793087361
PF02980.19	0.00307204851936361	0.00216148481718925	-0.00149764793087361
PF16902.8	0.00307204851936361	0.00216148481718925	-0.00149764793087361
PF09254.14	-0.0016269785201517	0.00679428540121032	-0.00893868447237118
PF09035.13	0.0383585832491987	-0.00877045442558929	-0.0139449473400029
PF09491.13	0.00678421352837056	-0.00762194575323441	-0.00755313536774585
PF12051.11	3.47270179658229e-05	-0.00355312034830456	-0.0133992250964441
PF15714.8	0.00669288393503803	-0.00632893929660771	0.00108389822630889
PF16271.8	0.0103354842264019	0.0221233695018045	-0.0164391211928924
PF12186.11	0.0116664382230586	0.0163471278307751	0.00412581266376689
PF06130.15	-0.0205069885203635	0.0201289117405813	0.0176404195774282
PF18937.3	0.000623882671830494	7.3196814989972e-05	0.00130618605032677
PF07873.14	0.00503978670341862	-0.0036814339530378	0.0015117226947677
PF06397.15	0.00600167869076434	-0.00113213133628637	-0.0187631840786592
PF01880.21	-0.00660616214063647	0.0131309011652582	-0.000889711709821442
PF05582.15	0.00814012096551175	-0.00509257523532864	-0.0113365057672515
PF09527.13	-0.00181996659504362	-0.021381053474121	0.00654216268614526
PF20323.1	0.0199612590114253	-0.0150947852460297	-0.00942585311558253
PF20020.2	0.02034139611652	-0.000442095592578049	-0.00401511806426399
PF18980.3	0.00166534654559429	-0.00171172978407438	0.00796062695689303
PF12663.10	0.00665136605360135	-0.0150216256172917	0.00461415325587058
PF12681.10	0.00941067132736647	-0.0019629082864915	0.000644814383703013
PF12961.10	0.0303089718037158	-0.0192562813722085	-0.0090846454873132
PF05119.15	0.0372043207709102	-0.0230129541763976	-0.00748232627449861
PF16729.8	-0.000159548163184326	-0.0157689214801982	-0.0114212453477857
PF04587.18	-0.0126831350295553	0.0342711765475645	-0.0132855330976869
PF14082.9	0.00868834346412645	0.00696054221863731	-0.0166152842811114
PF18840.4	0.0334293468992197	-0.0175086776713779	0.0142869781197028
PF13263.9	-0.00392763338180653	0.00361420754020828	0.00469402212049974
PF01348.24	0.0283337832913786	-0.00238951272963769	0.00996118613862474
PF11777.11	0.018554476735764	0.0192315669655313	-0.0183092406381885
PF03630.17	0.00361108176774124	0.0157499251778518	-0.0155984995721867
PF09919.12	-0.00208569424990823	0.00356745660870236	-0.0136658281513204
PF05580.15	0.0159650572182294	0.00425535315051557	-0.0030193661955002
PF12700.10	0.0041726757234442	-0.0177276163885372	0.0124629471542591
PF14502.9	-0.00270306432477669	-0.000364678019335101	-0.0108859036844453
PF14503.9	-0.00270306432477669	-0.000364678019335101	-0.0108859036844453
PF15617.9	0.00333432680494843	0.00594852344404927	-0.0174996502697306
PF11202.11	-0.00447384456882111	0.00958492422029514	-0.013089171667331
PF15608.9	-0.00447384456882111	0.00958492422029514	-0.013089171667331
PF07331.14	0.0119807828462421	-0.00503329400948756	-0.00845107147463674
PF07364.15	-0.00946130390057553	-0.00941218104843191	-0.00616490216705605
PF07171.15	-0.00946130390057553	-0.00941218104843191	-0.00616490216705605
PF12116.11	0.00544840221167149	0.00708511716746793	-0.00716762359271913
PF11731.11	4.23684900790347e-05	0.011681012002524	-0.017489326256712
PF14270.9	0.00270894520956323	-0.0136429966330324	0.00451730509855883
PF14282.9	0.00822210178511642	-0.0308389234774897	0.0189090956725894
PF12953.10	0.00258868628194559	0.000485831845706931	-0.00927178760505837
PF12685.10	0.00593411033423595	0.010565204297326	0.00424346721082853
PF06686.14	0.0263213404905447	-0.00261010089268442	-0.0110448305610494
PF09393.13	0.018160103781775	-0.0305147776266516	-0.00429086087255865
PF08890.14	0.0163343753896326	-0.0119474175505707	-0.00856718975692208
PF10934.11	0.0104983806482798	-0.00674316768907463	-0.0108944441349781
PF09693.13	-0.0142919931969163	0.0209889441205006	-0.0116559887040878
PF14196.9	0.0209280717219123	-0.00406143667346933	-0.0166652027217774
PF11392.11	-0.0025188632035417	0.0149050142340271	-0.0130869501444758
PF06545.14	-0.0227161808111779	0.0321335055083126	0.00452302596562699
PF12611.11	-0.0142257692884295	0.0169805822069862	0.0169674700860582
PF20074.2	-0.0220649939376109	-2.14182493718966e-06	0.0158222837718787
PF02553.18	-0.010339075297882	-0.00221134524432823	-0.0075345140571999
PF07247.15	3.44834482075133e-05	-0.00511247373352528	-0.00998641744099541
PF14025.9	-0.00568952136196782	-0.00268226802724299	-0.0130554944709586
PF12637.10	0.000259134868443719	-0.00577705287771045	-0.000634333264642757
PF18934.3	0.0069891756540009	-0.0157193006844565	0.00318889876733405
PF16112.8	-0.00531277881718407	0.00550725183222231	-0.0151279788856743
PF11007.11	-0.00256143735258838	0.0059625789443143	-0.00103158953232473
PF12652.10	-0.00345316276218311	0.00743002398363814	0.00060543329031189
PF09681.13	0.0436799251196665	-0.00990739111033638	-0.00301317900183123
PF11611.11	-0.0046417193664094	-0.0268706300153934	0.00365448366395112
PF00079.23	0.00785853155457312	0.0100520107837218	-0.000858299280786416
PF00882.21	0.00312822510843048	-0.00641870145055543	0.000620850291087064
PF08942.13	0.00643842811439754	0.00574220121454474	-0.0127279012237351
PF13200.9	-0.00216916899305274	0.0182726579261647	-0.00515819862871945
PF09962.12	-0.00701429932915802	-0.0113877719595301	-0.00547338319376161
PF03496.17	0.0119592119711078	0.00467129741064358	-0.015642319184831
PF12390.11	-0.0148764987059967	0.0165141781774982	-0.0147533514000399
PF14272.9	-0.00483730571854555	0.0136479891267541	-0.00767916590652053
PF13479.9	0.0328938189778552	-0.0128297437167571	-0.0109011411553361
PF19875.2	0.00699630121739336	-0.0067898996567245	-0.00998079475976362
PF06094.15	0.0348582001325362	-0.0126146284446155	-0.0113620404869362
PF03956.16	0.0113168596814433	-0.000256915840610523	-0.0124623401303762
PF14236.9	0.0185462599633654	-0.00632891051449342	-0.00284451867964111
PF18555.4	0.0366071138179965	-0.020597934211846	0.000273406000555837
PF14446.9	0.00566267050236492	-0.0168748504729791	-0.0140349381256184
PF12725.10	0.00433433676446226	-0.0153654777297179	0.00317351197063438
PF20041.2	-0.0154634656682452	0.00121014069195354	-0.00792971502106461
PF18144.4	0.0168490247949402	-0.0137918626022797	-0.0138358598616648
PF10139.12	-0.00939305184855825	0.0023014791977731	-0.00300559637456986
PF13783.9	0.00931637572695398	-0.0166066350308727	-0.000711651089465691
PF07578.14	-0.0063730634667431	-0.00791678930006545	-0.000890729090792566
PF17999.4	0.00509768895498766	0.0200596420053795	-0.0114747464459313
PF18907.3	-0.00122826014375776	0.000206449222107502	-0.000465507881319647
PF14014.9	0.00392372947228258	0.00208441676007109	-0.0100084086673158
PF12675.10	0.00706570537806464	-0.00688149844062675	0.00769231844847975
PF03571.18	0.0174879933516568	0.0222827579831789	0.00246411409569435
PF19192.3	-0.00463754351729277	0.0170064415541582	-0.00509790982415309
PF19191.3	-0.00374710222923278	0.018930006656105	-0.0056078129352017
PF16011.8	-0.00669020892197035	0.018305601036171	-0.00483325785575262
PF17995.4	-0.0105349288761508	-0.0250410785366577	0.0119876675907712
PF08845.13	0.0289676485693681	-0.00734974121652276	-0.00997284826873309
PF13707.9	0.0132847084700752	0.00138540946691662	-0.00177947788720685
PF13809.9	-0.00623561664844255	0.0140708900423477	-0.00879850303302611
PF14202.9	0.0342378057689784	-0.00912412008889918	-0.00206830761350669
PF20574.1	0.00583756378860202	-0.00794830086641149	-0.00602157302236728
PF13853.9	-0.0204910391532873	-0.00788515607158866	-0.00173535050968403
PF12683.10	-0.00519974074506475	-0.0189088510208418	0.0150519483030552
PF03812.16	0.00237026818361326	-0.0146933949286768	-0.0159404965537476
PF10069.12	-0.0212953905958186	-0.00677113477608193	-0.00191179804665629
PF14362.9	-0.0201807437732787	-0.00774286990417958	-0.00150207422219608
PF01187.21	0.000706932891557046	-0.0171111450010387	-0.0080723733918161
PF17914.4	-0.0163130483990635	-0.00114248522151934	-0.00272011766369479
PF07152.15	-0.0168357075389624	-0.0056436429119506	-0.00295960050852365
PF18733.4	-0.00880872061961369	-0.00166796521963011	-0.000568145085899978
PF04214.16	-0.0113644219362203	-0.0152046510643547	-0.000343282675726436
PF16130.8	-0.0154242500343811	-0.00688937941571091	-0.00276067225942525
PF16316.8	0.0151086452246226	-0.0277702698540309	0.00123259855608476
PF14335.9	-0.0113452381645724	0.0315353293265176	-0.012614355311934
PF16226.8	0.00554253927559335	6.50500048731074e-05	0.00655737697603542
PF19554.2	0.01220012275135	-0.0279401712149216	0.0028568305305278
PF12668.10	0.00693589907478082	0.014113935413293	-0.0109986910368759
PF14805.9	0.019516332617373	-0.0187737325957379	-0.0127967209931061
PF12672.10	0.0161659552893816	-0.00202886282471233	-0.0128749360037301
PF08002.14	0.0086970464618596	-0.00163964924205225	-0.0044950143555621
PF12636.10	0.0137707142695895	-0.00716932397194812	-0.00738229776119495
PF20038.2	0.000767423052469805	0.00642559514316234	-0.0171412719088545
PF11208.11	0.00457326671893634	-0.000678315361964742	0.0136655447171905
PF10140.12	-0.00711689954643073	-0.0239173203565096	-0.00714001305583409
PF11823.11	-0.0015623183272907	0.0228078164195362	-0.0171976876079333
PF06189.15	0.00101457927886727	0.00653978510084211	-0.00972495780606714
PF13430.9	-0.0120585771045198	0.00305089147379184	-0.00272347608491078
PF13427.9	0.00687644977981379	-0.0171695613559456	-0.00735913255460448
PF06032.15	-0.00339863269622256	-0.00488539180237302	-0.01192527793447
PF16152.8	-0.00210486978987347	0.00588023690144437	-0.00594194038753295
PF18984.3	-0.00135404912873819	-0.000653164264252554	0.0173445578845894
PF18983.3	-0.00126451681614524	-0.000866165525139341	0.0171329864018669
PF03852.18	0.00879307234588148	0.0034475341280299	-0.00605768033528603
PF14133.9	0.0109133949232529	0.00290276596080588	-0.0130015935588262
PF20369.1	0.00631786068385202	0.0031530592363871	-0.00206183987798302
PF19753.2	-0.00552789401910176	-0.0150766719744122	0.0300269895215126
PF19537.2	0.0291565805428856	-0.0177661803470865	-0.0111131376414129
PF07876.15	0.007361736706359	-0.00244265779226602	-0.00343260993556828
PF16569.8	-0.00894495298101121	-0.0169873985966567	0.00875611240127569
PF16107.8	0.0146003224668114	-0.0200257528601252	-0.00519643111683507
PF11193.11	0.0112881489851629	0.0184814330561202	-0.0065560079215486
PF03733.16	0.00914689797731515	0.00230283510525978	0.0068051431909081
PF07453.16	-0.00899390115980138	0.00946013466706692	-0.00372523718665402
PF19085.3	-0.0182776752015761	0.0104199603776012	0.0241837056291566
PF16163.8	0.00199434335251727	-0.00923086886205124	-0.0174070289217456
PF13038.9	0.00235072225469063	-0.0182590223031533	-0.00876065053707142
PF16935.8	-0.0133908075891478	-0.0186074569128404	0.00796896420879985
PF17924.4	-4.06735330574572e-05	0.0017193925007402	-0.0117364586976064
PF00823.22	-0.0187021104049199	-0.00310089628651749	-0.00383602828301122
PF18878.3	-0.0125128263419204	-0.00189636536431351	-0.00148908884869002
PF10118.12	-0.0095602788649666	-0.00505839954163593	-0.00183453211218608
PF14898.9	0.00374300503288945	0.00512984738398428	-0.0185800921238187
PF09112.13	-0.0114409503221799	-0.000495336802162064	-0.00312460445962857
PF09113.13	-0.016974564323591	0.00356456762623686	-0.00566355576475877
PF16120.8	0.014322774730275	0.0195194576200115	-0.0131184680316663
PF16584.8	0.0110471256738746	-0.00707828497214309	-0.0131302874090149
PF16378.8	-0.00700775676607862	-0.0031517875252479	-0.000739324594518468
PF11387.11	0.0124013279988344	-0.00478554064777202	-0.0100617521866252
PF09669.13	-0.00174156457418684	0.00868245788758783	-0.0114966746358627
PF14359.9	0.0418166019361892	-0.0163255697441082	-0.007912777223518
PF11775.11	0.0221952182910523	0.000729410447414718	-0.0115576975899343
PF14096.9	-0.00326366387936083	0.0154585488064362	-0.0179525931599684
PF20047.2	0.0142658668854248	-0.018300303949691	0.000722205435507623
PF10844.11	0.0147637023325991	-0.00443449539506381	-0.0138254985273145
PF06810.14	0.0148461883614986	-0.0162977166169474	-0.00870690157791162
PF03592.19	0.0103353865263902	0.00267619312103128	-0.00990955703167781
PF05037.16	-0.0155285806719385	-0.00291875974876418	-0.00737574738686697
PF11299.11	-0.0110580459326646	0.0118060035626989	-0.00990752901013385
PF18991.3	-0.010994048198015	0.024996085006247	-0.00233770591554851
PF13569.9	-0.000237047560638574	0.00636443165574702	0.00963641226836217
PF09370.13	0.000418120392997133	-0.00195589401535141	-0.00148271346582876
PF14268.9	0.0126536174847444	-0.0135224883874225	-0.00469200467695807
PF12893.10	0.00713254670922364	-0.0101059564598169	-0.0120683499352054
PF05035.15	0.0120617920092028	0.000438009202666846	-0.0175003192661159
PF12228.11	-0.0144719099706239	-0.0134640374228913	-0.00244691715236178
PF03928.17	-0.0102407669321849	-0.000170408786473908	0.00113017879770394
PF07892.14	-0.00253285827790568	-0.00361667622862758	-0.000698061471863008
PF09588.13	0.038106156220259	-0.00827702251680183	-0.0112148768705686
PF10100.12	-0.00654843836248805	-0.00554261517572201	-0.000966840977309129
PF13475.9	-0.00957879373102986	-0.006900274748283	-0.00228807363214542
PF04018.16	0.0125093942516941	-0.0212108349772556	-0.00197281242604672
PF11796.11	-0.0039751112667528	0.0201504369298117	-0.0111980027876954
PF09664.13	-0.0039751112667528	0.0201504369298117	-0.0111980027876954
PF16168.8	-0.00690215151245475	-0.00500680845753408	-0.000451819483797016
PF06381.14	0.0044857298232081	-0.0171473125417137	-0.00930271040670703
PF09718.13	-0.0197175117514204	-0.00858896516100332	-0.00170326269361418
PF14317.9	0.00331639097278747	-0.0189112841657681	0.000671982246808128
PF14386.9	0.00263527786077068	0.00563323488685309	-0.0160005177241566
PF12746.10	0.0154007812010396	-0.019138621052936	0.000470455361573605
PF13977.9	-0.0185189945365091	-0.014177643782085	-0.00567229040980007
PF14099.9	-0.00618102220743444	-0.00125101141333045	-0.00298573813853575
PF12277.11	-0.0016247617729375	-0.0235645423512068	-0.0084406743666324
PF18367.4	0.000885963537561943	-0.00857845500361202	-0.00512508094342902
PF01329.22	-0.00999920415618018	0.00916763860196038	-0.00587891742844102
PF04985.17	0.0132898815847893	-0.00567738782758852	-0.0106170010794118
PF14112.9	-0.00632942283146675	0.0310993305219586	-0.0138012914292939
PF18954.3	0.016422203027426	0.0125924175911397	-0.0161879484923568
PF07385.15	0.00570512897863291	0.015820642587521	-0.00474013440255183
PF12931.10	-0.0101392985018628	0.0201250418837678	-0.0107531602172354
PF13149.9	0.019645528309924	0.025566480766876	-0.00243299615586537
PF14488.9	-0.00245016452483566	-0.00113899074217107	-0.00232866653931918
PF11721.11	-0.015997339170583	0.0149893374438145	-0.00813059984338078
PF03663.17	-0.0225371986915726	-0.00781760563892314	-0.00548957065761025
PF12741.10	0.0112888584313823	0.0133045538566133	-0.00567992134158238
PF18989.3	0.00280352224571486	-0.0293834843486916	0.0168110541426501
PF14175.9	-0.017698664689244	0.00132347656319329	-0.0025569748595056
PF03752.16	0.00221525325980318	-0.0015204193386932	-0.00293885425281939
PF17991.4	-0.0182491543994651	-0.00945936694185429	-0.000925894166941017
PF11580.11	0.00857460425962051	-0.0103711924420142	0.00986937323304719
PF09995.12	-0.0153982178262114	-0.0166231544241963	-0.00600327257973708
PF20164.1	-0.00406507340521379	-0.000170259315319623	-0.000210403302004739
PF13228.9	0.00847509132371465	-0.00909289888075218	0.00776576353444408
PF12401.11	-0.0108434349964894	-0.0148126260984728	-0.00480672977813468
PF11350.11	-0.0138970233061901	-0.000686915870332856	-0.00224428356403239
PF11847.11	-0.0122373438685293	-0.0198010659890231	-0.00978655002034742
PF09697.13	0.0125682100349753	0.00335410762548274	-0.00598278404433181
PF10668.12	0.020744376915384	-0.00979314951708692	-0.0116285524488824
PF03691.17	0.0063092835027705	-0.0172152951895966	-0.0115549061629311
PF14512.9	0.00497500941680243	0.00181002132037966	-0.00827904580946405
PF10086.12	0.0136121104953177	-0.0337725080239742	0.00248511906615805
PF13250.9	0.000276818331804438	-0.00777028896308344	-0.0144678861035426
PF12952.10	-0.00595635823537916	0.0164993683675898	-0.0121872061121474
PF18819.4	-0.0136537978880882	0.00196818870386569	-0.00298912563624314
PF12945.10	0.00069512764834691	-0.0283273332531748	0.00620072644851061
PF02305.20	-0.000882764853514686	-0.00212536597316246	-0.00443676840798878
PF04687.15	0.00277823374503362	0.0180128024489237	-0.00740501665120167
PF17953.4	-0.0142298224318802	-0.0100637878973237	-0.00149957634791742
PF13651.9	0.0136388393406707	-0.000616580365289835	-0.0120525012070773
PF11236.11	-0.00382256050821483	0.0104623678862223	-0.00595755080619351
PF14269.9	-0.00303624611489714	-0.0164172185836894	-0.00579392863309723
PF18208.4	-0.00929660298931176	0.0243339900637307	-0.00841620189313882
PF09223.14	-0.0108387467203621	-0.0134558250949185	-0.00273127031651079
PF08722.14	0.0181112879548762	0.00499186068632371	-0.0126572453977059
PF08885.14	0.0108701961567652	0.00701452285790448	-0.0137497151787694
PF10124.12	0.015017783794943	0.000731632751339739	-0.00941205323343978
PF07030.15	0.00975349597920477	0.00179989331448645	-0.0110482632066588
PF10758.12	0.0321612013806261	0.00528274036166777	-0.0152486554663489
PF07451.14	0.0117701568564286	-0.00249177877626294	-0.000425282751298421
PF18540.4	-0.00731216452566225	0.0122516026608939	-0.00821866116097075
PF12408.11	0.0109440888264066	-0.0308821921986767	-0.000807707451804337
PF18877.3	-0.00573395800240167	-0.006223443155617	-0.00141602937158113
PF11074.11	-0.00587322859652649	0.00914736189122286	-0.0111963412602072
PF00648.24	-0.0193137414276568	-0.00704233758147821	-0.00366187840983512
PF20008.2	0.00997468854639596	0.00636478920788489	-0.0151900150392279
PF07374.14	-0.00956625329297936	-0.0138005082283894	-0.00106088942130889
PF18953.3	-0.00778809066179183	0.0301694571292949	-0.0119351054650676
PF20026.2	-0.00778809066179183	0.0301694571292949	-0.0119351054650676
PF14130.9	0.0124118326842693	-0.00826293175134363	-0.0172356049398029
PF04752.15	-0.0154914816989141	-0.00523536752840968	-0.00406367812674526
PF11551.11	-0.0145930384348189	-0.000367370104376696	-0.0031367385027129
PF13100.9	0.01330280636045	0.0295114257497123	-0.00659859889352968
PF10727.12	0.00158728485289775	0.00898847857830584	-0.0134604792528767
PF10728.12	0.00650643821157428	0.00645613045615066	-0.00804594964761968
PF01436.24	0.0052584254414066	-0.0163785819571853	0.00480966244791195
PF13583.9	-0.0167998401173817	0.000265007984836359	-0.005370073092629
PF12484.11	-0.0084443863326353	-0.00184708942956858	-0.00136624715383633
PF07157.15	-0.0137635204085256	0.0107583992495481	-0.0112741534044147
PF06213.15	-0.0197239535595143	-0.00952564088098632	-0.00477979558869059
PF05034.16	-0.0074972655386299	-0.00554811387519586	-0.0156373518718175
PF07476.14	-0.0074972655386299	-0.00554811387519586	-0.0156373518718175
PF03161.16	-0.00469719039153336	0.0332638999777772	-0.00975252628850076
PF18760.4	-0.0143988683169385	-0.00547094308432558	-0.00334948571105841
PF13948.9	-0.0051332655430767	-0.00387048679660725	-0.00201946864334181
PF03934.16	-0.00697436607840457	-0.00253660759778677	-0.00950704757053411
PF16217.8	0.0187554007935352	0.0172112654717663	-0.0117552974395967
PF09471.13	0.00598238201699751	0.0120340205211314	-0.00144020621844199
PF18427.4	0.00315359126575808	-0.00533310040107126	-0.0016259338639657
PF08841.13	0.00315359126575808	-0.00533310040107126	-0.0016259338639657
PF17922.4	0.00796410043719494	-0.0128635287864845	0.00224152794166566
PF13398.9	0.0163604627909044	0.00949013313442438	-0.0151930347736793
PF18949.3	-0.0149972847641068	-0.0029755163398111	-0.00515807811247195
PF12912.10	-0.0122342945749357	0.000314994686838719	-0.00267354811605842
PF18955.3	-0.0102526445144972	-0.0240726101000314	-0.00240559086051396
PF20091.2	0.00219616631283915	-0.014314023915319	-0.0132976922401199
PF05117.15	0.00443955247321947	0.00153347833969565	-0.0139441591098233
PF14092.9	0.0106435650132504	0.0149649120677391	-0.00575829555336035
PF17194.7	-0.00824608524898078	-0.00563944379260878	-0.0024414684322683
PF11459.11	-0.00824608524898078	-0.00563944379260878	-0.0024414684322683
PF14344.9	0.00398891957658857	0.0138740576513526	-0.0141948578665737
PF09347.13	-0.0167910820270976	-0.0105425877738395	-0.00264442817889217
PF14792.9	-0.00942827778249361	-0.00220853190616016	-0.0017674300598413
PF01313.22	-0.00440154315966266	-0.0130905312303328	0.00424071242680988
PF02986.17	-0.00694548744582728	-0.00158656277887218	-0.000341111174234866
PF05895.15	-0.00492257463682908	0.00558116969817897	-0.0128129359773786
PF05116.16	-0.0134150414678138	0.00740200520962382	-0.00640966239163351
PF11249.11	-0.0155503488854065	-0.00216442621460055	-0.00140870081398434
PF02026.19	-0.0033855948742274	0.00676256004610689	-0.0138442741864046
PF01322.23	-0.0111210888597412	-0.0127914243633531	5.04018395748723e-05
PF06175.14	-0.00840023751489622	0.00372760251055905	-0.00339017281785698
PF07591.14	0.00121545019908366	0.0212894949376268	-0.0186455314579235
PF00627.34	-0.00899978683620619	0.0108910051523494	-0.0129781650893688
PF12641.10	-0.00452053678972148	0.012402754720827	-0.017855082557973
PF12670.10	0.0101441989031583	-0.0116636383095894	-0.0100058121729608
PF04346.15	0.00039276808834812	0.00731532614704202	-0.00947584144500818
PF10412.12	0.0198296275061193	0.00849817850854158	-0.0165602068151127
PF11672.11	0.0146740406578701	0.00302320977252207	-0.0148949454573005
PF18764.4	-0.0166765862482408	0.00155063727171728	-0.00460854143588015
PF01989.19	-0.0215238064373374	-0.00379863502728111	-0.0020335032506588
PF18737.4	0.000933117203847193	0.00691393700921478	-0.00696597323669573
PF18140.4	-0.0207170829796225	-0.0161466895132165	-0.00290132859433795
PF07370.14	-0.0073437409093935	-0.00479220113203541	-0.00114777220056989
PF09994.12	-0.0173220162056875	-0.0129572520272376	-0.00111896382934767
PF17489.5	0.00580922136140524	0.00430549575398199	-0.0166205297876028
PF02994.17	0.00757271238172446	0.00595714636872495	-0.017219794065694
PF11906.11	-0.00329529184720028	0.00719450674707661	-0.0133945575652861
PF00139.22	-0.0186670460858441	0.00664675477772872	-0.00391091092349747
PF18059.4	-0.0220304577032689	-0.00712892602459388	-0.00192889037801126
PF07388.14	-0.0104850042812619	-0.0121689547802093	-0.00594185829145696
PF07586.14	-0.0165559218800015	0.0104193598639645	-0.00457234098823273
PF10020.12	0.0134408804015017	0.00695539828467938	-0.0147568732137152
PF18174.4	0.0137857312802261	0.00997168639593461	-0.0133472372101115
PF19781.2	-0.0210886850061992	0.000911592508834871	-0.00343313021864681
PF04450.15	-0.0157654410175131	0.0075780497581312	-0.00442317637233487
PF00071.25	-0.0212991270049145	-0.00440701085483813	-0.00448236712102861
PF13972.9	-0.0156509938371337	-0.00377036213073036	-0.00218751338160319
PF02681.17	-0.00405561930647805	-0.0069361644608097	-0.00475070451627057
PF14339.9	-0.00725653298157241	-0.00903687281922391	-0.00105154834763013
PF09414.13	0.00115844393692567	0.0375527840316823	-0.0107835859140377
PF13755.9	-0.0133837448617153	-0.00541925324906115	-0.00202209027599279
PF13756.9	-0.0112580816436269	-0.00629438302217519	-0.000535510192014834
PF14253.9	0.0162755040207351	-0.0041271100110929	-0.00701343304728195
PF14539.9	-0.0179148374880596	-0.0116853633026114	-0.00623848060893285
PF16156.8	-0.010598559321379	0.00346548174302304	-0.00223329989167632
PF13946.9	-0.00783547741635405	-0.00459194782722362	-0.00502981967356859
PF19849.2	0.0152555211893527	-0.0238342487027387	-0.00825117961292053
PF17791.4	-0.0035577850245906	-0.00244083201839858	-0.00288438778399904
PF07677.17	-0.00597051027084777	-0.00452094290294073	-0.00292116313642559
PF05731.14	0.00337503863951525	-0.00236775394907572	-0.00397536072584668
PF09828.12	-0.00921784969968799	0.00230519044377168	-0.0017802031788698
PF12019.11	-0.0187756732607367	-0.00222229800202819	-0.0017037327877539
PF10987.11	-0.0125693954424954	0.000173084368455964	-0.0017017299849849
PF08721.14	0.0171025511053608	-0.0124391721923992	-0.0117280662766262
PF10662.12	-0.0107066930888708	0.0174935611734468	-0.00825129887396212
PF03683.16	0.000756071040808511	0.0177065042939085	-0.0181406374225463
PF08787.14	-0.0095200951365845	-0.00326400999669312	-0.00246628220301181
PF17396.5	-0.0146949916540812	0.00357454437514216	-0.00509912994896909
PF07755.14	-0.0172092260214322	0.00343049165327794	-0.00541191949844686
PF16639.8	-0.0130609726477356	-0.00768664794851143	-0.00125522082057149
PF18862.4	0.00810481659771922	0.01010789318552	-0.0105516023361327
PF18931.3	0.0147753128243765	0.00742409075446854	-0.0123729759045782
PF20063.2	-0.00039936575617656	-0.00313388670000542	-0.00792132111937828
PF15937.8	0.00419811137649422	0.00290718727279526	-0.0147040097661583
PF19079.3	0.00328371668427484	-0.0034557621475224	-0.00354422821052167
PF03848.17	0.0167660540202367	-0.00765205752989936	-0.014827133900641
PF06199.14	-0.0147149479978121	0.00474762910250411	-0.0105457012132606
PF04693.15	-0.0162814093399319	0.00279978748793474	-0.00890215088777637
PF14188.9	-0.00316976243391222	-0.0100202968786225	-0.00391079803116396
PF02230.19	8.97673656924015e-06	-0.00966441617614989	-0.0126221873854576
PF08864.13	-0.0106691512288075	-0.0126185629844878	-0.00250403522622301
PF08858.13	-0.00811171863965335	-0.0179027174297976	-0.00379729107778919
PF04978.15	-0.0140354324946952	-0.00157371618253923	-0.00360003057340262
PF18333.4	-0.0200603149540829	-0.00125444513483613	-0.00284467971019564
PF10620.12	-0.0128617854674476	0.0218028959771508	-0.00921281933592992
PF09098.13	-0.0141782289273954	0.00400122821348119	-0.00279262007183519
PF09563.13	-0.00269873047569994	-0.00746634120594233	-0.0107593553580902
PF16314.8	0.0175164284852957	0.000339953262065062	-0.00752310789406841
PF06898.14	0.0153862930386588	-0.0115651236445414	-0.000143105920602906
PF05105.15	0.0399713313160748	-0.0287890247552154	-0.00388921719506433
PF18283.4	0.0131329337396548	-0.0236790668529628	0.00120416766091917
PF19808.2	-0.00147517069767162	-0.00662623945685505	-0.00531441204951463
PF18951.3	-0.00777334980715361	0.00640331886545234	-0.0027242051449115
PF07103.14	-0.0106446032154268	-0.0232852511034976	-0.00474827700284321
PF13728.9	-0.0130363547976233	-0.00347242654219965	-0.00112579619134088
PF06051.15	-0.021222287507515	-0.00324791891588396	-0.00286369050194261
PF01010.22	-0.0163649112390873	-0.00508177208332876	-0.00399197692718967
PF01710.19	0.0252232813266173	0.00025653875656239	-0.0107601211617897
PF11850.11	-0.00699964871840204	-0.00635921083565355	0.00014157910408512
PF13786.9	0.0176917170487567	-0.0120036387575933	0.00209690011580442
PF08922.14	0.0110813051003698	-0.0274854203962086	-0.00425024871073762
PF07099.14	-0.0121764869428369	-0.00710067533004318	-0.00108013253753898
PF00427.24	-0.0202479037312287	-0.00947422359650048	-0.00115749005981512
PF13006.10	-0.0080907293900151	-0.00563668021328439	-0.0015050610754907
PF12252.11	-0.0147946347042822	-0.00704950836669161	-0.00109292270770561
PF06986.14	-0.0083344993458289	-0.00227412952939934	-0.00132404003728935
PF04794.15	0.00734316576517192	-0.0246164680941899	-0.00112284695262971
PF05711.14	0.00299172399094662	0.0259921927919866	-0.0100326919352734
PF10123.12	0.0159565974583641	-8.81450052146729e-05	-0.0123147646751344
PF11985.11	0.0107848172094641	0.0127643882059054	-0.0180043408898805
PF17989.4	0.0363362216639049	-0.00536421099554681	0.00430219256814046
PF18824.4	0.00406621978450376	0.00834302472807023	-0.0140324091188026
PF12872.10	0.000208944249873079	-0.0029456239942722	0.00957680602287834
PF18813.4	-0.00379702465995034	-0.00612386643585859	-0.00362320515691231
PF18832.4	0.016595454732603	0.0138395571392696	-0.0125571851016907
PF07286.15	-0.00560572569523647	0.0187362579237978	-0.0153023181359366
PF20240.1	0.0245403884610127	-0.00616934902172078	-0.0127568952836214
PF16269.8	0.0188397996888541	-0.00625030291276893	-0.0145620285988693
PF13115.9	-0.0147040176728993	-0.0126172246532604	-0.00117073813884742
PF14353.9	-0.0117544618756075	-0.0090733964502193	-0.00742297638941647
PF13366.9	0.0107564472150566	-0.00146659829324851	0.003884824289527
PF03988.15	-0.00490022388358398	0.000679122191565269	-0.000720412789314246
PF14276.9	-0.0223200880106252	0.0123365355800624	-0.0114208983784329
PF09862.12	-0.00422770481336741	0.00114135693530453	-0.0164415391296494
PF12671.10	-0.00534134721658973	-0.00719115803788169	-0.00719551094493559
PF04232.15	-0.00895409957032044	-0.00917165469537099	-0.011134334525895
PF18143.4	-0.00107223808738801	0.00636978938539944	-0.0134840293720135
PF12852.10	-0.0134146214580008	-0.0218874680423489	-0.00527058436264101
PF17839.4	-0.000291314696097595	0.00730655996668822	-0.00579690891391454
PF03475.17	-0.0155795994279479	-0.00863525221185009	-0.00233643411028272
PF09195.14	-0.0014907898854207	0.0161909987021228	-0.0160572189329752
PF00190.25	-0.00748955733396533	-0.00779836660598918	-0.00123638093642046
PF14065.9	-0.0183824631328671	-0.00457098574931152	-0.00436298329461316
PF17765.4	-0.0158787547415501	-0.0142717825009806	-0.00381727058743527
PF12543.11	-0.0062861572401133	0.00340358473524314	-0.00158906462463895
PF13801.9	-0.00851707064624879	-0.0044621870452497	-0.00182400469296396
PF07484.15	-0.0190029566303055	-0.0104644090756088	-0.00212479931449204
PF04187.16	-0.00996145780813577	-0.0134611546987457	-0.00133611518097349
PF06347.16	-0.0162844105211817	-0.0125716677824046	-0.00771821432828484
PF08747.14	0.000225113634875752	-0.003131397023786	-0.00556362159652246
PF14340.9	0.00432055539607308	-0.0121153231661622	-0.00685066142589178
PF19480.2	-0.00194350512861529	0.000149496302236025	-0.00114495955770475
PF20458.1	0.000652740215766069	-0.000442301690607623	-0.00237660916937985
PF00240.26	-0.0179594845227196	0.0204967992424499	0.0192181338657668
PF04348.16	0.00771032061982133	0.00471905727444261	-0.0199422646104354
PF06097.14	-0.0181182734988033	-0.00559977841872922	-0.00319484444722893
PF18739.4	0.000229565142896703	-0.00479688422778547	-0.0136822919184775
PF20050.2	0.00801245629870099	0.00921782370735854	-0.0159294977674355
PF11737.11	-0.0092491186860973	0.00252426340772338	-0.00185814686638345
PF08525.14	0.00306447971428568	-0.0271182423677717	-0.00349877046616643
PF13562.9	0.0131086107916779	0.0183404978949792	-0.0105121706329808
PF00431.23	-0.0154135699364171	-0.00612786256908344	-0.00218595597295223
PF19406.2	0.00054507263722507	0.000291195985049351	0.000292427743816297
PF01902.20	-0.00303591650250476	-0.0110599182617693	-0.00775428850122618
PF18306.4	-0.00678862224732778	-0.00834778213859795	-0.00676038276417837
PF07285.14	-0.00158779772943063	-0.0147724552926693	-0.00429314976247235
PF07563.14	0.00022430114726541	-0.0164954654203693	-0.0011985262538242
PF17792.4	-0.0134492448723243	0.00157539908554486	-0.0026134666181748
PF06850.14	-0.0130180678681807	0.00203967407627087	-0.00539400611835759
PF07519.14	-0.0115276843220319	0.0152977812591228	-0.00829942853667456
PF16119.8	0.0100608585282842	0.0278616965432418	-0.0104866734536726
PF17919.4	0.00469335677026556	0.0247777903260389	-0.000919846786418395
PF08849.14	0.000888182583733294	-0.00148121141354031	-0.00369302530248184
PF14751.9	0.0101173335282174	-0.0178870312429676	-0.00148043629341519
PF01884.20	-0.0149020171596568	-0.0120658181702421	-0.00424687458678138
PF05992.15	-0.012888595298911	-0.00333742764535451	-0.000830934013953261
PF13199.9	-0.0132924727117292	0.00014879749380589	-0.00277082120177816
PF03744.16	-0.00493807923217843	-0.00470350803946796	-0.00940602946830513
PF18990.3	0.0156566842037725	0.00227769272033261	-0.0157378656361513
PF14343.9	0.0141506168109346	-0.00899520180621528	-0.0105575100723549
PF06450.15	-0.0176818264674049	-0.00587205106182524	-0.00240525871600009
PF18025.4	0.00159199121725886	-0.00570601466351483	-0.00623860904421148
PF12412.11	-0.0128392357596638	0.0030443728590566	-0.0024741558011792
PF19755.2	0.00760667871369874	0.0196306878738757	-0.00378274541171294
PF08460.13	-0.00278111115424601	-0.00966694108280333	-0.00491775262091678
PF08481.13	-0.00816615671838883	-0.0240415526628223	0.00681152176858249
PF17766.4	-0.00985512076957845	0.00275636079607435	-0.00310110823172497
PF09966.12	0.0129738617885876	0.00942724624701607	-0.00481060836886838
PF19629.2	-0.0170211188625252	0.0146933058154465	-0.0140577392990366
PF10026.12	0.0065969315422653	-0.00477604929258738	-0.00760795265077362
PF10127.12	0.00140896781857792	-0.00249242022847264	-0.00177113451506802
PF12164.11	0.0195457464303315	0.00428636600479577	-0.0128520530877741
PF11398.11	-0.00832084209365168	0.00299360647698269	-0.00291283972640306
PF10021.12	-0.00656729435286644	0.0075246287056113	-0.0145921130157154
PF11553.11	-0.0161522559153714	-0.00932340681956681	-0.00185234152158059
PF11363.11	-0.0114336889276605	-0.00226818783690052	-0.00111068238843895
PF15572.9	-0.00603944154343716	-0.00773577758181303	-0.00973730065107332
PF19898.2	0.0150461912972365	-0.00763071409050512	-0.00797258079077923
PF04784.17	-0.0173809497139768	-0.00315767013731297	-0.00288476715735562
PF11300.11	-0.00756167353333342	0.00508747636423486	-0.0138130989906244
PF18917.3	0.00948449441886389	-0.0073277109283835	-0.0126714716284948
PF14595.9	-0.0100650118862128	0.00524814630611799	-0.00473607982193673
PF13734.9	0.014308628680289	0.0192034817542398	0.0107570932015629
PF01640.20	0.0149692585479265	0.0195394728696989	0.0102033308621222
PF18977.3	-3.95171781088505e-05	-0.00157425099002948	-0.017783535487403
PF11185.11	0.00424546708806525	0.00668961628377766	0.00111667669485885
PF13196.9	-0.0124398655967935	-0.0170611246289913	-0.0067478153044034
PF04309.15	-0.00774163207623222	0.00229906034813609	-0.00854714909893055
PF04454.15	-0.00655273544789398	-0.0115795935808091	-0.00222951191030859
PF04335.16	-0.013082968066389	0.00501283132963598	-0.00682711978602791
PF18922.3	0.0139707467214663	0.00743193700449914	-0.0105558547615015
PF08856.14	-0.0131410902952077	-0.0184292029761946	-0.00136172801868629
PF19502.2	0.00236197906418288	0.00319943725945648	-0.0104611209914766
PF16227.8	0.0218235351132237	0.0084172635481525	-0.0179530979172836
PF13613.9	-0.000430076511772983	-0.00457381533211895	-0.018019214525399
PF05970.17	0.01792470290539	0.0264286500813629	-0.00964696005001351
PF18812.4	0.00283671790250287	0.00624946069770395	-0.0176927321982212
PF18798.4	-0.0228101105319907	-0.0114989531100563	-0.00243443101661799
PF08907.14	-0.00890898043615206	-0.0100515902549906	-0.000438173501602364
PF13785.9	-0.00299875190455004	0.000260103769174917	-0.0148010254898137
PF07606.14	-0.0121762997142847	0.00478635745949279	-0.00325904214278307
PF14707.9	-0.0204679347897722	0.00117722268669642	-0.00466406672180825
PF19577.2	-0.0227825376938078	-0.00794066161889146	-0.00638091600615756
PF00059.24	0.00891269579968722	0.00140463899205095	-0.0132872121458479
PF04862.15	-0.0115167625073916	-0.0173836904832067	-0.0015290994433422
PF12099.11	0.029990142882106	0.0133584209347837	-0.00990082535798489
PF14297.9	-0.0201137136455476	0.00594038625662782	-0.00935858242273657
PF15495.9	0.0212014395906793	0.0358557408934567	-0.00994808526145739
PF19858.2	-0.0104343171210032	0.00100693734251819	-0.00162052831690819
PF00934.23	-0.00579581058375489	-0.0149200151627711	-0.00119261994713206
PF14417.9	-0.0214167422242449	-0.0235090723193954	-0.00158582841708987
PF05693.16	0.0175928816484817	0.0242520806991798	0.00468847228304454
PF07862.14	-0.00371603253722077	-0.0148240687080606	-0.0119000631052571
PF11863.11	-0.012441684858176	-0.00631303776951308	-0.00380339035903046
PF06848.14	-0.0102099828973846	-0.00751943185642616	-0.000283011405090034
PF15933.8	-0.0022599020315731	0.0194004868149582	-0.00883763574438298
PF09093.14	-0.015174890632456	0.00555539602541385	-0.00359903787106169
PF14114.9	-0.00773266214261592	-0.00505712079574638	-0.00402336824108899
PF08361.14	-0.00855520377746956	-0.0115687748362747	-0.000637869098367333
PF05309.14	-0.0117798889183963	-0.000323279265560381	-0.00127181790702808
PF12535.11	0.0143374931577099	-0.00703694552388063	-0.0130142786661817
PF17975.4	-0.0105003580487491	-0.00265502235654629	-0.00155139424081078
PF14412.9	-0.0157577267881326	0.0186125051353786	-0.0102973127246585
PF14010.9	-0.0132684244874526	0.0106467208326997	-0.00779547757705474
PF17884.4	-0.0154077194565377	-0.0037178669618336	-0.00340363943181123
PF10756.12	-0.0203598443217042	-0.00525947624445063	-0.00275958293252056
PF06314.14	-0.018867165325237	-0.0161432885056355	-0.00110626979921499
PF04444.17	-0.0202783857158367	-0.00805247931589937	-0.00144800814511583
PF02709.17	0.0170758825226983	0.00994003967053337	-0.00939007974593369
PF11168.11	-0.00529812598998339	-0.00911645665480268	-0.00711437899956741
PF05626.14	-0.0102580022962789	0.00104030569015998	-0.00306325551949746
PF03350.19	-0.0031056992462456	-0.0090617531070304	-0.00205079261505848
PF04951.16	-0.0169851876539875	0.0198255522042008	-0.0137291753818917
PF14436.9	0.00199543421106546	0.00698298720889877	-0.0093203122588439
PF14486.9	-0.00454360187870149	0.0186921432916246	-0.00975604446052837
PF18860.4	-0.0157863008651017	0.00603291421176157	-0.00706303650952565
PF16481.8	-0.0177951619600008	0.0198081289765759	-0.0123637125898493
PF06559.14	-0.00846793239763647	-0.0107570504384981	-0.00555540365954554
PF16074.8	-0.0192010746461316	-0.00144272697267615	-0.00563696524540691
PF10584.12	-0.00328234657071305	0.00893466310588579	-0.00594005795365818
PF09640.13	0.0134322577577878	0.0119198226390973	-0.0112708649996609
PF14055.9	0.00231242906944786	0.00132084085712736	-0.00905391832401896
PF18809.4	-0.00498815421460943	-0.00390262881657767	-0.00244103409009658
PF13712.9	0.0161492738939564	-0.000153057626100239	-0.0128153424558072
PF18735.4	-0.0159000337145575	0.00902335697830014	-0.00799152364320503
PF19498.2	0.00262310896524243	0.00152265593749791	0.0314312012258271
PF09394.13	-0.0108866543640388	-0.0122506159018579	-0.00150211261844333
PF15731.8	-0.0090480956355279	0.00438656822978622	-0.00234489373891515
PF12789.10	-0.00391242012164214	-0.00391112303606773	4.85812813604358e-06
PF13590.9	-0.0168072273932015	0.00827311646263818	-0.0047203600743177
PF11297.11	0.00433876751466495	0.0101631218938502	-0.0155395172865503
PF14128.9	0.00877976704835643	0.000832812961181982	-0.00826671514789639
PF14491.9	0.0170826534716553	0.0173685948367131	-0.00869173701547242
PF14059.9	-0.0193609416806008	-0.00157984446525271	-0.00654288362648913
PF14127.9	0.0117395480225696	0.00459514935664852	-0.0134075031332705
PF14121.9	0.0230006773383337	0.013071677284873	-0.0107444381628775
PF02544.19	0.00930644594978666	-0.00535428684713639	-0.010455557058106
PF19572.2	0.0172922241863665	0.0116112958520517	-0.0112003010272369
PF02265.19	0.0112131890975655	0.0129820454514967	-0.0130927878142123
PF18406.4	-0.0129714453275595	0.0230378456055814	-0.0106852499730943
PF12963.10	0.0183970324251289	-0.00721988137685589	-0.0140620446406189
PF19511.2	0.0312006437917941	-0.000239996074417857	-0.0126718698501472
PF19598.2	0.0185995730030308	-0.0131975614699666	-0.0122289076280179
PF09485.13	-0.00588240114427764	-0.00855786668296855	-0.00194644207202791
PF14620.9	-0.0139359915615241	0.0166162205831817	-0.00866225509901528
PF05709.14	0.0289331020051605	-0.0137357342673161	-0.00749155081419801
PF07298.14	-0.0101864399441412	-0.0126843031134671	-0.000544604627508366
PF13795.9	-0.00919103428946802	-0.00352659101960747	-0.00585550204347452
PF07044.14	-0.0179406363634984	-0.0144348658157832	-0.00303764134739448
PF12984.10	0.0162448154435926	-0.00432821540779611	-0.0111143283247479
PF16095.8	-0.0158574486516875	0.0180153241296954	-0.00924214021265161
PF04796.15	-0.0103160786410881	0.00466088663675202	-0.00339926036580026
PF11617.11	0.00168398411360574	-0.00343763949470962	-0.00537476014948107
PF14292.9	0.0168616971319375	-0.0127016389126874	0.00323561218955106
PF16411.8	0.0179057544789563	0.00309497260588931	0.00496917334736331
PF05695.15	-0.0233843439142378	-0.00123622567225131	-0.0037359602245844
PF08667.13	-0.0157054366383751	0.0256371326494848	-0.00925166245221223
PF13054.9	-0.00487025239887492	-0.012647587160326	-0.0057404695144528
PF06379.15	-0.0129813545493816	0.00312355577387873	-0.00252229543033231
PF11155.11	-0.00532916670422423	-0.00470981938676511	-0.00445813016414393
PF07070.14	-0.0125129915571997	-0.00300799943250117	-0.00198178599726857
PF08680.13	-0.00670402685866481	-0.013616270717106	-0.00391206765916517
PF05101.16	-0.0134601645841058	-0.0162439008808954	-0.00142347385811664
PF19087.3	-0.00960488359692977	-0.0143473544442284	-0.00876326413591951
PF14247.9	-0.00682767032101212	-0.00296572182536636	-0.00160919320202837
PF12120.11	-0.00446330532516929	0.00546239346301387	-0.0158890027144749
PF13810.9	-0.0158946505498863	0.00256892022892173	-0.00313140209001138
PF19298.2	-0.0130020311531875	-0.0150438362223982	-0.00260613806597719
PF05869.14	0.0051675421771931	-0.00680668392540806	-0.0133535914970611
PF03750.16	0.0132955837298994	-0.00763940806217382	-0.00962466268107182
PF05137.16	-0.0124533116262997	0.00255737955573826	-0.00294992901631654
PF04367.16	-0.0161021588893917	2.22455480151633e-05	-0.00497463288307164
PF10090.12	-0.0103629684419246	-0.00145781169864911	-0.00083207327957552
PF15887.8	-0.0118991496443197	-0.00271019113735587	-0.00215991312146636
PF06777.14	0.00341476279773932	-0.0171484924968923	-0.0080456479258662
PF19904.2	0.017727059694642	0.00580615570556058	0.00124909533798737
PF11999.11	-0.0206805953126247	0.0107057323957063	-0.00627526083204185
PF08468.14	-0.0138780228625841	-0.00833167430569607	-0.00452357932752788
PF13717.9	-0.0214518509165498	0.00704188184332318	-0.00871367400523967
PF07313.15	0.0139001920026027	0.0263076344357335	-0.0135396746322251
PF01976.20	-0.0172424336493929	0.00397127250161264	-0.00387066315067171
PF09546.13	0.024383320405431	-0.00811646992431798	-0.00885946427508062
PF09933.12	0.0154109593177428	-0.00576756531712118	-0.0159265811187436
PF10978.11	-0.00901982271786034	-0.00614321845989934	-0.00235902410166613
PF10517.12	-0.00831619124963106	-0.00914157645141808	-0.00312819618025511
PF06338.14	-0.0171395753317846	-0.00735981776222086	-0.00963530880559896
PF18347.4	0.0019039908335966	0.0234233474915163	-0.00933095021820772
PF10706.12	-0.00510382533154331	-0.0189403290442735	-0.0110651499955303
PF10979.11	-0.00842156000517557	-0.00755578110302119	-0.00581078863944759
PF06791.16	-0.00700527401176777	-0.016975331033151	-0.00107476667061603
PF04970.16	0.000824977268186209	-0.00455093241408756	-0.00701473867591821
PF03869.17	0.00430089413516622	-0.00133304396913561	-0.0139774448599934
PF16371.8	0.0148883682319785	0.0164935131764317	0.000674672591481206
PF16370.8	0.0148901792146521	0.0164938000184481	0.000674551868359213
PF07750.14	-0.0148009872906149	-0.00300115206232125	-0.00457204816948888
PF04758.17	-0.0105642078509785	0.0292269558362703	-0.00216827347286758
PF20432.1	-0.0151184809218492	-0.0105659759717919	-0.000875678433885311
PF09722.13	-0.0171552014821717	-0.011001848370813	-0.00108123246382435
PF09130.14	-0.0193415209045436	-0.00179424783418359	-0.00363148567920585
PF14505.9	0.0018519823784062	0.00592328010470436	-0.0140241538123267
PF02450.18	-0.0194608575720832	-0.00298095836333893	-0.00403299631763077
PF14264.9	0.0193549548417466	-0.0323684648337842	0.000671859208393046
PF12864.10	0.00940733270892619	0.0201953645423929	-0.0120432989207048
PF13648.9	-0.00940664780232459	0.00299766176931218	-0.00461086835642606
PF18967.3	-0.0115546387107982	0.000534402129631701	-0.00298123402764341
PF17225.6	0.0200220624311283	-0.0291123495190121	-0.00463579169720468
PF20456.1	0.00440711597507468	-0.0200169834280593	2.874310307281e-05
PF08000.14	-0.0118184208293219	-0.0309092168552127	-0.0049414643322701
PF19484.2	0.0164856487705808	-0.0342542286287123	0.010588230152211
PF09481.13	-0.0151677254894679	-0.00603266927088743	-0.0054465750189979
PF18916.3	-0.00528181383255501	-0.000408102623909739	-0.000351470675503736
PF14332.9	-0.023003271875867	0.00935371540247307	-0.00836307161202417
PF14497.9	-0.0163957948571109	0.00265986815209334	-0.00324240226703337
PF16169.8	-0.00224995103778889	-0.0317298790338633	-0.00610198322235234
PF14384.9	-0.017082593579476	0.00985958834481146	-0.00793788530829323
PF13787.9	0.00751294642279313	0.0243775722133466	-0.0093699700063011
PF20308.1	-0.0172349849448675	-0.0029263032454729	-0.00133260565794229
PF06762.17	-0.0135493879407576	-0.00564756734284011	-0.0014333402358314
PF14011.9	-0.0211785805740533	-0.00330341819190699	-0.00172994308983448
PF16361.8	-0.00624310239790731	0.0258478960225552	0.0163150773651744
PF06277.14	-0.0139186014970981	0.028206589795214	-0.0110098358770499
PF06527.14	0.0246306363539586	-0.00276367629165897	-0.00356039678929661
PF15978.8	0.0152148218711912	0.00553315470118841	-0.00872793455206665
PF02641.18	-0.0193285712496292	-0.00442509241211635	-0.00162062834360267
PF00129.21	-0.0160867092444939	0.0198060583665704	0.00658731563214506
PF09359.13	0.0101957090845931	-0.0275165785072914	0.00223549978572993
PF12873.10	0.0090231995161806	-0.00620144008312642	-0.0185595316352811
PF05521.14	0.0377506597380872	-0.0171617884337646	-0.0122147463945887
PF08817.13	-0.00378521008011475	0.0166328628636381	-0.0158079201145797
PF07429.14	-0.00394211986281331	0.000552412696588502	-0.00425766233009147
PF19952.2	0.00905713382779407	0.0141512236810622	-0.016549020042109
PF16467.8	-0.00448457257713869	0.0135096745972154	-0.0094390685165677
PF10670.12	-0.0198751349088485	-0.0114849880097035	-0.00427633837077395
PF07679.19	-0.00309057263510876	0.000695547771688204	-0.00860526113947347
PF09512.13	-0.00844727243262838	0.0127749259151254	-0.0129725619851875
PF05150.15	-0.012918501450037	0.00581931320158407	-0.0042589312907542
PF09580.13	-0.017339607545161	0.00506249170098382	-0.00485401629274658
PF14020.9	-0.0057479402151174	-0.0149875921277782	-0.00939311496612806
PF14567.9	-0.0164060377967588	0.00900656199807776	-0.00709730797240758
PF13459.9	-0.00390076385873006	0.000624356424338062	-0.00489090970683572
PF01400.27	-0.0197654824837421	-0.0131458958007684	-0.00347578234693655
PF06713.14	0.0126687314196198	0.0151973478698241	-0.0148125750540104
PF19910.2	0.00410063693224904	-0.0031183604613064	-0.0164454423207292
PF20157.2	-0.016447825545052	-0.00224879291082759	-0.00137820932415958
PF09836.12	-0.0185521467194537	0.000396320449856012	-0.00245620399450674
PF01152.24	-0.0175281784361621	-0.0130598293902693	-0.00226947107543686
PF16158.8	-0.00967827961601008	0.00706515334259214	-0.00579311448962999
PF00094.28	-0.0141234381910612	-0.0132629850564615	-0.00168390924728579
PF03658.17	-0.0105798689011898	-0.00604637686797774	-0.000733301563147144
PF03212.17	-0.00895445570367592	-0.00387102005500175	-0.00246413581633728
PF13109.9	-0.0144049859484197	0.000830043664652633	-0.0021233268919635
PF14367.9	-0.000976026718124046	0.00394172107353105	-0.0143341583024427
PF14410.9	-0.010309810329833	0.00447476401698234	-0.00374934085398936
PF08770.14	-0.00954354509783501	-0.0103741445712053	-0.000999203013651458
PF05704.15	-0.00205877226219589	-0.0233549429976772	-0.0118929522004756
PF14265.9	-0.00601520363400282	0.00475779692245507	-0.0131935044665014
PF18154.4	0.0169109434187741	0.011025395659601	-0.0142768781941133
PF15711.8	-0.0178486668072397	0.00223739586864621	-0.00325449641012516
PF12615.11	0.00801093856636673	-0.0199087263040329	-0.00637259316245227
PF09900.12	-0.0104208021220296	0.0147609932872758	-0.00533903618985918
PF20244.1	-0.0110529516737586	0.00583585757098157	-0.00436110919092646
PF08359.14	0.00136925277438085	0.000250736924615637	-0.0124525351376459
PF19765.2	0.0023937513560015	-0.0231925550955674	-0.0140479161306188
PF10094.12	-0.023452996583201	-0.0185434944976949	-0.00140993277300131
PF10066.12	0.000991766618656494	-0.00131674155089416	-0.0122359873117079
PF03771.19	-0.00769343479889138	-0.0296454410357799	-0.00369121270064672
PF12791.10	-0.0165008464574876	0.00330595627553218	-0.00391620692437942
PF13782.9	0.0223008963949449	-0.00223909082860013	-0.0155029208682537
PF13226.9	-0.00923562081397224	-0.0204288944612839	-0.00402983845437819
PF14414.9	-0.00459134268018902	-0.00962076399382174	-0.00137989964319796
PF20181.1	-0.018477836837554	-0.0125982497965035	-0.00605818450618179
PF07790.14	-0.00712711064648139	-0.000846299488810369	-0.00309366096791041
PF02281.19	0.0206946898928322	-0.0452111010069019	-0.00334066124746999
PF11860.11	0.010613313252219	0.0169246498653881	-0.00969804065506579
PF07598.14	-0.0141941952120686	-0.00475284134825554	-0.00154594163490062
PF03091.18	-0.00850085411560813	0.0101653529486085	-0.00351516731056968
PF19799.2	-0.00993427578932707	0.0235225888159871	-0.014443613711196
PF12551.11	-0.00704789467372261	-0.00790771642964165	-0.00375794305718972
PF17940.4	-0.0101772109392741	0.010469810369191	-0.0041948977510759
PF19886.2	0.00462918407919254	0.0304174914959108	-0.00418280938715878
PF16369.8	0.0232406609376374	-0.026060528361352	-0.00556688351717334
PF00699.23	0.0122363823018592	-0.0137243039898248	-0.00548912982830079
PF18125.4	-0.0174527057268018	0.00131160771828266	-0.00258294725913306
PF04996.15	-0.00967790643779052	0.00120844300329062	-0.00344257705033345
PF05686.15	0.0196564593136981	0.00968700024809744	-0.0134063526895869
PF13313.9	-0.00646676367935001	-0.00378399064781945	-0.00136651019763504
PF08211.15	-0.00528622018159267	0.00308460436965379	-0.00514058742429896
PF13689.9	-0.0203816418897099	0.00021357750486403	-0.00316366984458011
PF07553.14	-0.00812923316769883	-0.00130590270475502	-0.000533192515551303
PF07463.14	2.61315463411288e-05	0.0287103878066143	-0.00969141364893891
PF13392.9	0.0311723603411533	0.0132653210090204	-0.0165437684584881
PF01864.20	-0.0158129856931922	-0.00343604664605068	-0.0022635866722673
PF03423.16	-0.0137168914803541	0.00206384184037515	-0.00242279386498108
PF14136.9	0.0307431102689379	0.0200306293048132	-0.0125430846476718
PF07976.15	-0.00991504667476552	-0.0152839115619557	-0.00297916754663111
PF14529.9	-0.00170056036980226	0.0130009259319033	-0.0188232113697207
PF07021.15	-0.0201653063632088	0.010244626192278	-0.00669521026487254
PF04531.16	-0.0146807276658177	0.0226035769123175	-0.00936807436328635
PF07293.14	-0.00783505921907876	0.000820140897178567	-0.00505222248598829
PF10262.12	-0.0143500136893526	0.00255359311323843	-0.0036733007443738
PF06691.14	-0.00680757921831638	-0.0137694425570202	0.000986415310188017
PF12358.11	-0.013053885670463	0.0134509554178268	-0.0109116764347801
PF18740.4	-0.0143830151291103	0.00712761334856659	-0.00908115194562755
PF07634.14	0.00085920432772108	0.000292387060150741	0.000334912176725139
PF07336.14	-0.00979877833942317	-0.00619205056662329	-0.000317285196231413
PF11706.11	-0.0137323890495116	-0.0064567150426253	-0.000848037603003827
PF05751.14	-0.00451618544345915	-0.0161744653633763	-0.00999046846414167
PF11324.11	0.00345962834693685	-0.0128799909798245	-0.00466036878403021
PF08867.14	0.00895549186069309	-0.0042075506293851	-0.00905486308583727
PF09211.13	-0.00718374311328889	-0.0213399708667086	-0.000167263205724173
PF11772.11	0.00492603106039208	-0.0233590987980591	-0.00298005841787977
PF07037.14	0.00123761399685664	-0.0125875903571609	0.000502761657201302
PF09605.13	-0.0105199018694935	0.00206884785341263	-0.0064239382239267
PF02293.18	0.00605169048248694	-0.0248660650654062	-0.00452464818842724
PF00547.21	0.00753977498389248	-0.0327837879257788	-0.00684979560653853
PF18061.4	-0.0124468593809836	0.0186737231782956	-0.00868636571641077
PF18070.4	-0.0124468593809836	0.0186737231782956	-0.00868636571641077
PF16813.8	-0.0125967077891475	0.0258871069293321	-0.0126241523461505
PF09323.13	-0.0104996932106218	-0.00864869961216675	-0.00281937458370795
PF09659.13	-0.0204918232669572	0.0116605686005576	-0.0065339189134812
PF16949.8	-0.000459073664549065	-0.0061770996977981	-0.0123957599800341
PF13628.9	-0.0137207065970325	-0.00524060814662171	-0.00394086413152226
PF04193.17	-0.00857153305517181	-0.00722015209172554	-0.0115376491127339
PF14187.9	-0.01134054821972	-0.0153466868605262	-0.00238690962473104
PF14124.9	-0.0161013867476553	0.00791100632733074	-0.00939081054111738
PF18291.4	-0.0146540158107804	-0.0262411304471755	-0.00896082228029492
PF14717.9	-0.0161137428768634	0.0373265727260566	-0.00702055570323199
PF00856.31	-0.0171606345810462	-0.00870845695520755	-0.0033806887249246
PF05988.15	-0.0141425350384848	0.00231245672858387	-0.00475641667510324
PF10977.11	-0.0116844621727117	-0.00867195438799627	-0.00239023297478388
PF19124.3	-0.00989150200817683	-0.00282480594443283	-0.00442996089972969
PF09832.12	-0.0146431925798347	-0.0229353277410325	-0.00187716710353373
PF07433.14	-0.0264730260495915	-0.00738380422796423	-0.00434690205770179
PF07485.14	-0.00724767264532043	-0.00548275057167026	-0.000200573443741143
PF02582.17	-0.0169377461541773	-0.00292251696443817	-0.00138420192339914
PF17283.5	-0.005118412957424	-0.0166295089430809	-0.000748583310659769
PF07295.14	-0.00480415016027731	-0.0108145940299083	-0.00158702001205236
PF04305.17	-0.00731898013581015	-0.000644443484572087	-0.00204755351168614
PF02987.19	0.00795481589199118	-0.00743715770159349	-0.00963542210594504
PF02287.18	0.00387305837349424	-0.0122091943609774	-0.0121291180163274
PF09077.14	-0.00565950816098879	0.00313806384599525	-0.00152116187199091
PF14189.9	-0.0117745768620694	0.00300087835592479	-0.00522987912544521
PF07452.15	-0.0128506790633488	-0.00228831399434711	-0.00403363953679748
PF00545.23	0.0122242150323095	0.0061286616648667	-0.0166890555677874
PF05732.14	-0.00296905702266985	0.000614263922978335	-0.00392922630550689
PF19579.2	0.00823217728279666	0.000438478677710962	-0.0165050528198897
PF11325.11	0.00979168630128843	0.0128524232354978	-0.0124043667609847
PF16473.8	0.0111982744048564	-0.0128050193341466	-0.0143513447854831
PF10951.11	-0.0140868930727899	-0.0066207727852255	-0.00373875717565851
PF16141.8	0.0111489823413139	-0.0180085872987973	-0.0137685668127457
PF10097.12	0.0035073016945797	0.016794549921128	-0.0123073513887384
PF14686.9	-0.00571303774015267	0.000174551541422478	-0.000525990990150019
PF05982.15	-0.00909030351861823	-0.0101244811017907	-0.000849266480969345
PF14391.9	0.0217827380296716	-0.00235328900294819	-0.0158259432263607
PF02085.19	-0.0188445499106844	-0.0126132458796214	-0.00172603195089495
PF11253.11	-0.00802030445281954	-0.00900919970298214	-0.000504260568656458
PF07852.14	0.00255771887097185	-0.0176406271846211	-0.00177916517572511
PF18155.4	0.0308684195807623	-0.0114435196846611	-0.00823668095646759
PF14525.9	-0.013438422842334	-0.0134622452237803	-0.0039983755132289
PF14242.9	-0.00226719042858655	-0.00683144174024021	-0.0110252989347929
PF14015.9	-0.0120582961624932	-0.00151345289600006	-0.00103018333665128
PF18181.4	-0.0131554608173911	-0.0127636173955718	-0.000907012463502066
PF06496.14	-0.00887463960508743	-0.00207085817189724	-0.00959945557116357
PF03994.17	-0.00864233799318558	0.00461587309190007	-0.0120634559755594
PF03232.16	-0.0198735573051732	-0.00342505008614626	-0.00156378348966513
PF18763.4	0.0337541800934489	0.00260868833534332	-0.00952864982829218
PF11536.11	-0.0127041857195134	0.0134832358857469	-0.00551646905497812
PF03550.17	-0.0108968014380574	-0.00286710655157613	-0.00215515647369748
PF18175.4	0.0136172981625963	0.00992134779940499	-0.0133545009965069
PF02286.18	0.00125912526101213	-0.0125979320083938	0.00532311227592985
PF00862.22	-0.0168830368791364	-0.000867598536657884	-0.00329912390545627
PF11369.11	0.0198793087183672	-0.00974437147789381	-0.0112785245820869
PF18393.4	-0.0109552871183024	-0.00527545439482885	-0.00145503115668582
PF04317.15	-0.0105060980685202	-0.0130212387880553	-0.000515619768495702
PF13744.9	-0.0135202462323049	0.00557404943038096	-0.00353534212103841
PF13719.9	-0.00640289096290494	0.0105550069524581	-0.0125393240328295
PF14433.9	-0.00947837349557635	0.0112694724302437	-0.00618626803182339
PF05951.16	-0.017360375580718	-0.00530717348041032	-0.00146787608838561
PF18050.4	0.0265210477566325	-0.00419898539217353	-0.00781033756653924
PF05597.14	-0.0063727605939701	0.00409711953717404	-0.00225020348351192
PF14540.9	-0.0147580463042439	-0.00631628424305803	-0.00122599566617447
PF09963.12	-0.0252629569768184	0.000226057180792137	-0.00459106598361027
PF11868.11	-0.0175994750910238	-5.29857803252355e-05	-0.00389202602646549
PF18810.4	-0.019541423283162	0.00797689596211818	-0.00519731257883152
PF17758.4	-0.0133776803412424	-0.0115677663035334	-0.00345929715711064
PF06941.15	-0.00502200728902247	0.021758810489897	-0.0157456733302797
PF04405.17	-0.0130634995842299	-0.00725488337503429	-0.00176780698703841
PF16781.8	0.00839909193184126	-0.0174494977236931	-0.00439653307562909
PF18927.3	-0.00678871819802113	-0.00632489872748174	-0.00779291771128033
PF14036.9	-0.000915945405047226	-0.00550292747372976	-0.00323953569883106
PF07408.14	0.00530345433984562	-0.0147038409292814	-0.00130757052735888
PF17261.5	-0.00528045959803063	-0.0192629732149232	-0.00210326056097839
PF08741.13	0.000403367285079614	-0.0128896494073802	-0.00324250556758169
PF02976.18	0.00324554218136434	-0.0273918216359689	-0.00727358033624449
PF18674.4	-0.00398876460651149	-0.0185216834784986	-0.00184514390213223
PF06491.14	-0.00550971153334247	-0.0180498343593119	-0.00196067417119737
PF18467.4	-0.00241358419453131	-0.00764183058977758	-0.000379101198537983
PF08877.13	7.91678905659391e-05	-0.0246133114859309	-0.00258779428618146
PF20317.1	0.0230638782624714	-0.0244836062485369	-0.00548832987883105
PF20224.1	-0.0070393405186495	-0.0127175089609981	-0.000750296632959649
PF07849.14	-0.00470392298174219	-0.0196318497732416	-0.00290492902260926
PF08756.13	-0.00452346537313915	-0.017493460146847	-0.000842693260493621
PF14089.9	-0.00664039618226987	-0.00926453740470713	-0.000877998578745327
PF16257.8	-0.00926984617857173	-0.012893247208971	-0.000559374504452107
PF05650.14	-0.00336980415692637	0.00754343813920235	-0.00242857341801893
PF11443.11	0.00023816799938733	0.00458489454531134	-0.00958324625263161
PF13778.9	-0.0169305153880255	-0.0166764608656672	-0.000156995016588422
PF19342.2	-0.00881090492373782	-0.000432938046162165	-0.000857270379804186
PF14024.9	0.0351161255836993	-0.00417449467568736	-0.00568617060455479
PF06152.14	0.0131706058849194	-0.0155148736473742	-0.0113118650208538
PF09898.12	-0.00995481165518503	-0.01127359686409	-0.00111881663300283
PF11117.11	-0.00581983894452836	-0.00344415164755325	-0.0034335936652465
PF11138.11	-0.0209156168211142	-0.0036306019630641	-0.00310109465671677
PF16820.8	-0.0148358683682046	0.0318045427404343	0.000538586125569994
PF10711.12	0.00372447387891382	-0.00406600464797397	-0.00570368324402191
PF07721.17	0.00514430925360054	0.00231440423388969	-0.0143674866808128
PF13814.9	-0.00744014562148378	-0.00656855002803591	-0.00269428906125862
PF08139.15	0.0188322272552949	0.00375760824178224	-0.0142407069407474
PF13970.9	-0.0207875383462228	-0.00446455383719533	-0.00191926134264298
PF06289.14	-0.0109287773144365	-0.00827504583869041	0.00760813171915387
PF02656.18	-0.0140462079552496	-0.0104977812782975	-0.00158059668320865
PF12111.11	0.00026980427826635	0.00200759871382145	-0.00301504730947855
PF10065.12	-0.00404592794581499	0.00597904707189985	-0.00226499422462801
PF07180.14	-0.000485716569617995	-0.00492732425904815	-0.000286059562378284
PF08971.14	0.00224517790694584	-0.00852370491605772	-0.00166013723061591
PF06353.15	-0.00645931188607253	0.00642454339281937	-0.00964661747757961
PF07022.16	-0.0166911525427076	-0.0117429876491488	-0.00347085430595953
PF09556.13	-0.0173155647869096	0.00176229582398552	-0.0027508892421899
PF09821.12	-0.0109071635092485	-0.0039244850903727	-0.0020211748963067
PF20601.1	-0.00277831233533699	0.00398079797733255	-0.00495977202653428
PF01913.21	-0.00858594401820256	-0.0029203351198378	-0.000285279826030651
PF02741.18	-0.00858594401820256	-0.0029203351198378	-0.000285279826030651
PF14129.9	0.00923108029973217	0.0208349664807679	-0.0110130090642228
PF14131.9	-0.00710954502662611	-0.00764996648368169	-0.00870490264435271
PF02288.18	-0.00030924777269124	-0.0294718140389123	-0.00457768383071603
PF04308.15	-0.0160561408033721	-0.0155362631747284	-0.00093593987061752
PF15984.8	-0.00372001286517265	-0.00137361378520705	-0.000764600900968469
PF06296.15	-0.0138354800925144	-0.00632124538859326	-0.00189837295383233
PF14431.9	-0.00901028832818303	-0.00428667651631058	-0.00130982864238572
PF05908.14	-0.0104272908208391	-0.00651795725740932	-0.00259992039850745
PF17490.5	0.0104264385206962	0.000187501753764948	-0.0148478335939231
PF16751.8	0.000281765941620447	-0.00607219725997052	-0.00978660850651716
PF15644.9	-0.00718737042424977	0.0143826124484463	-0.0109127080301707
PF18451.4	-0.00136066465887441	-0.0145782090353284	-0.00500850062826832
PF11382.11	-0.0113206059575975	-0.00430674073673334	-0.00247707325016544
PF09021.14	-0.0163093741521274	-0.00536408420883321	-0.00241471657024512
PF17784.4	-0.0137171703330057	0.00407619827593276	-0.00420888412169923
PF04255.17	-0.0158924078258525	-0.0086119375020052	-0.00694938509911209
PF10882.11	0.0150393081230941	0.0130122884942848	-0.0178067642467568
PF20296.1	-0.00824987922874077	-0.00967777224854165	-0.00731874299394318
PF07143.14	-0.0183346298775151	-0.0111443384258167	-0.00136515369693433
PF17186.7	-0.0190151854298407	-0.0121917861715571	-0.0014009161381464
PF09707.13	-0.0121642188650739	0.00677142790198011	-0.00342368494245748
PF11769.11	-0.00786320144512723	0.0168958840949741	-0.00567393622600275
PF02210.27	-0.00238458831956978	-0.0105229816670361	-0.0033504939231751
PF18655.4	0.0171425385870058	0.0317127724071071	-0.0160645323376619
PF05616.16	0.0170227369000934	0.0316956643404483	-0.0160803488977542
PF19503.2	-0.00252472369276704	0.0251978259840612	-0.00870431453136318
PF05962.14	0.00414644721304656	-0.00886255366522602	-0.0177752973490827
PF16266.8	0.0158360775136465	0.00795311088508209	-0.0146919336289555
PF16249.8	0.0153210109144093	-0.0328189321723851	-0.00361539012379448
PF05708.15	-0.00739424584867555	0.00803737082553416	-0.0115142805924847
PF03825.19	0.00755464108535909	0.0113900110961955	-0.00917313549570069
PF20583.1	-0.00722915144007503	-0.0119176221490539	-0.00101449239481062
PF20248.1	-0.0257802590988277	0.000897188575031992	-0.00564466659011466
PF12793.10	-0.00872480744549554	-0.00189161603577564	-0.0018703826685241
PF10082.12	-0.0159442108085608	-0.00214024460223778	-0.00375565909611659
PF17992.4	-0.01304521594498	-0.00635993133507584	-0.000974282485884203
PF16118.8	-0.00352208091630165	0.000415384505397551	-0.00159247631349143
PF04301.16	0.0174072145929715	0.0214892046929014	-0.0143815679402672
PF18480.4	-0.00688260546876382	0.0099672894443332	-0.00774394763138327
PF18886.3	-0.0105174546573434	-0.00231320232290986	-0.001183306256141
PF17655.4	-0.0169619945597147	-0.00296241019859212	-0.00137576893649893
PF20229.1	-0.00493286717599752	0.00143643951029211	-0.00974480394891789
PF18933.3	-0.00509219919978803	0.00224466746642024	-0.00600093395432552
PF02694.18	-0.0081665405397673	-0.012693254983405	-0.000955094956310073
PF13772.9	-0.0118539427110758	0.00287957979537309	-0.00230227003500197
PF12651.10	-0.0206772724713062	-0.0270716209726817	-0.00268668011407394
PF09118.14	-0.015063500113759	-0.0110119134742163	-0.00127762326710901
PF19062.3	0.00667347517838027	0.00437326486945274	-0.015316490651728
PF08812.14	-0.00999764989447093	-0.00510851885373724	-0.00258798616800572
PF16480.8	0.00119692130770283	-0.00884130270929214	-0.000833727181689873
PF11932.11	-0.0116209119886278	-0.00126715844820397	-0.00221227759518304
PF13526.9	0.0024260933024438	-0.0161425129186029	0.00997198606709846
PF19956.2	-0.0111307199808623	0.00240385145110488	-0.00207852233004462
PF17728.4	0.0115463313918257	-0.00881443410939317	-0.00122204519786128
PF06616.14	0.0115463313918257	-0.00881443410939317	-0.00122204519786128
PF04955.15	-0.0101486920982437	-0.00760849902245227	-0.0013131503442739
PF07109.14	-0.0156569642234745	-0.00342102673449044	-0.00119320128630753
PF14240.9	-0.0104180690118039	-0.00244607886488503	-0.00221360101396407
PF05838.15	0.000101333667030564	0.00720431132727211	-0.00577362014714008
PF11209.11	-0.0145987050365958	-0.00476680067479906	-0.00365685121432822
PF00022.22	-0.0181129958034198	0.0143467904503919	0.0211274736981935
PF02306.18	0.0024534664814569	0.0294155831538832	-0.00805099220289369
PF02925.19	0.00224769423666031	0.0306171575585643	-0.00842579717436042
PF20075.2	-0.00852395955633947	-0.00254356966426904	-0.00673638696622336
PF19906.2	-0.00884804927723823	0.001670061743579	-0.00322757394048514
PF19301.2	-0.00908038062976374	-0.00103136807818656	-0.000728030874276861
PF18936.3	-0.00369233526579341	-0.0232663118978584	-0.00621390323488379
PF18431.4	-0.0195720547978028	-0.0112307755993215	-0.00230592963908398
PF07411.15	-0.00145853127327441	-0.0032962830553207	-0.0105576259017223
PF06267.15	-0.00349848170402442	0.0181347287492119	-0.0221611790018881
PF11449.11	-0.00259642225757157	0.00687753157691683	0.00165507754779173
PF15595.9	0.00114994372538351	0.0292204525697193	-0.0159985784584494
PF11213.11	-0.000888686416813888	-0.000173642240368524	-0.00884575676218667
PF03777.16	-0.00538775551860068	-0.00141854902583345	-0.000181739833929297
PF02148.22	-0.00756810904849492	-0.00668101025339249	-0.00336243526466136
PF08892.14	-0.00745692243614864	-0.00307107969915212	-0.00156972513373746
PF00264.23	-0.017275506529704	-0.00761712644827326	-0.000935247406261181
PF12006.11	-0.0116252301619929	-0.00303514766567268	-0.00205494151506306
PF14435.9	-0.012060374098842	0.0119755400732198	-0.0165033211563298
PF16289.8	-0.0100505249305084	0.0152518859440043	-0.00723484978820607
PF01789.19	-0.0134704425606479	-0.00458633345254509	-0.00340127889123068
PF03174.16	-0.01780964613804	-0.0028757343566054	-0.00150824419346247
PF07307.14	-0.0155028072213035	0.00576180448398968	-0.0064201909039685
PF19642.2	0.00573985364660127	-0.00920039649932116	-0.00239049176597542
PF20140.2	-0.00837849206329354	0.0184519881142425	-0.012467844308029
PF20218.1	-0.00354198670616748	0.00743944058188005	-0.00471412395966271
PF18988.3	0.00856755675730356	-0.0247867050084832	-0.00639064860634781
PF20548.1	-0.00486868700380108	0.0322884606174069	-0.00973435374433998
PF20069.2	-0.00872330055693309	-0.00121765795564704	0.0156357788775124
PF19845.2	0.00250226009955445	-0.0105040830747472	0.000760926844998981
PF19641.2	0.0197029853884017	-0.00982644133005239	-0.0129913451359423
PF12995.10	0.00166118120770741	-0.00875151387069984	0.0257723808003606
PF09551.13	0.00387848849290655	0.00612077544701786	-0.010638138872981
PF10694.12	-0.00526122246630484	0.0185210956158863	-0.0134606882683647
PF19524.2	-0.00966793176917355	0.0215645327892397	-0.0159601276768354
PF07441.14	0.014170086840474	-0.0034498699944953	-0.0176741601434061
PF14094.9	0.00185722313584473	-0.00375551098425503	-0.00408534568482696
PF07348.15	-0.00715182793475554	0.00849910458053518	-0.00846987076039627
PF14070.9	-0.00499242034823516	-0.0269541549704369	0.0134613638218566
PF09581.13	0.0184164673594549	0.000795100318154825	-0.014753487169309
PF04365.16	-0.00637466529187468	0.000370515850594561	0.00759601439464979
PF14221.9	-0.0016160721232094	0.0289732572173896	-0.0170208766680132
PF14277.9	0.00478742570768828	-0.0161835392078593	-0.00499216147365443
PF04414.15	-0.0120030241137519	0.0310914842795262	-0.0142973285613227
PF20040.2	0.00874980093901504	-0.0070952469375139	-0.0142925805909986
PF01469.21	0.00220617335849133	0.0146805641745445	-0.00875738095006603
PF17032.8	0.00799671283640792	0.00239154543542917	-0.0178318171623343
PF20124.2	-0.00460992926554348	-0.00854375431773838	-0.0150730380902184
PF14550.9	0.0040811377867942	-0.0064846780519621	-0.00994439139414744
PF11417.11	-0.00379724702986447	0.00606693372084452	-0.0110834671183065
PF16822.8	0.00979059104683039	-0.0204621681660454	0.00115665659569253
PF19552.2	0.0409041539724992	-0.00153374010097143	-0.00781274390980597
PF14706.9	0.00873625139367736	-0.0398127301311427	0.000252932321788427
PF09509.13	-0.00693797037214827	0.00150916105743487	-0.00665748464534119
PF18756.4	0.0234016434749816	5.89642891438686e-05	-0.0119767472855666
PF14190.9	0.00469867898609934	0.0127876239576124	-0.0139757976171053
PF16945.8	-0.00453774285988671	0.0011900215816881	-0.00998691229362648
PF19610.2	0.0040291040565458	-0.0114524904523589	0.0100860926097581
PF19474.2	-0.0166107649834751	0.0130526868059045	-0.00868116911265807
PF11041.11	-0.0142222795608457	0.0108580359398321	-0.00480301699169858
PF19776.2	0.0152051420923418	-0.015507969448296	-0.0130033084646867
PF05523.14	0.0182968151925722	-0.00374740530943948	-0.0101650263480537
PF12997.10	7.10278907412295e-05	-0.0132279235417501	0.00629271268098958
PF06935.14	-0.00200051679619132	0.00969589278379077	-0.0145799616664771
PF13958.9	0.0125588123324601	-0.0238352800364593	0.000984359778540696
PF18864.4	-0.00539229897783053	0.00930062592023808	-0.0170237761272004
PF14430.9	0.0108150631578212	-0.0123685205843209	-0.0155121409154497
PF13788.9	0.00560951923820974	-0.00321444453557259	-0.00994892899771176
PF12676.10	0.0163091101913289	0.00777533119899812	-0.013608643309804
PF20312.1	0.00923824336514216	-0.0259677959724572	-0.00384546284277291
PF20016.2	-0.00344311769212583	0.0123819340246341	-0.0125642491521007
PF18742.4	-0.00641620759732933	0.00249648165468813	-0.0151213746026465
PF19909.2	0.0257757168851078	0.00284294828091355	-0.00757040578287226
PF09134.13	0.0126608752431244	-0.0246533305337521	-0.00792400471438019
PF19601.2	-0.00144506429984631	-0.0156115671371965	0.00473644926203895
PF02052.18	-0.00889425460753637	0.0300085054845556	-0.00949278983604394
PF20599.1	0.0221806674195369	-0.0114683650082151	-0.00673986599703728
PF20195.1	0.0100083289285121	0.0287661041771977	-0.0166971332693013
PF07205.14	0.00115718002483197	0.00682687377639744	-0.00460825384214508
PF04446.15	0.00493285526085039	0.00468828366331231	-0.0212719218387134
PF12391.11	-0.00427647901380122	-0.00914678436419322	-0.00391033499743654
PF20232.1	-0.0128730181329237	-0.00245959675829869	-0.000857295014437264
PF13737.9	-0.00607508934625643	-0.000880330296189971	-0.0055292949729707
PF07217.14	-0.00524099636665882	-0.00303021384955656	-0.00406549470006322
PF06938.14	-0.00620940459667381	0.00328396815416926	-0.00498767933481884
PF20581.1	-0.0121004175907464	-0.0103391595185249	-0.00283919411853601
PF14730.9	-0.00605552395573549	-0.0059335653471891	-0.00292218612553303
PF12810.10	0.0435930103806716	-0.0132350611017813	-0.00337845457474694
PF05719.14	-0.0151666157075996	-0.00310746934284071	-0.00110493947045627
PF20289.1	-0.00909131639724121	0.00278584191879837	-0.0116435922618497
PF20276.1	0.000340271174400736	-0.0119919172236834	-0.0120690699044442
PF19570.2	0.00484941984281321	0.0145338450900567	-0.0070754585063125
PF09015.13	-0.0170372373671535	0.0181853497259447	-0.00747741555660651
PF04337.15	-0.0107514540462646	0.00555773360412789	-0.0033303214024514
PF07998.14	-0.0149668943871901	-0.00239302825822883	-0.00202544348488661
PF16352.8	0.0248649167258488	0.0074374606076475	-0.0137760237465347
PF18961.3	-0.00632185142076786	-0.00508660619076565	-0.0020709150386668
PF20245.1	-0.0151352429919792	-0.00338498661647912	-0.00262140840787628
PF16375.8	-0.00325576798397667	-0.0348307131286157	-0.000979153480703124
PF16477.8	0.00631768461347686	-0.0260870378601576	-0.00739797748965779
PF11361.11	-0.0150204047421348	0.0124786641603733	-0.00606679033664581
PF13197.9	-0.00493660638312859	0.0108778558494574	-0.0131876133833416
PF19350.2	-0.00890483527720603	0.00385338112455531	-0.00317951189043947
PF18316.4	-0.00884469833639996	0.00557093040510861	-0.0077609338101434
PF18914.3	0.00357506469483697	0.00494733344227638	-0.0188571630804032
PF09615.13	-0.00886933439282767	-0.00289222339900708	-0.000331494022960504
PF10652.12	-0.0117941123141325	-0.000346627814265345	-0.0012669268997645
PF09140.14	-0.0151954625188692	0.00471634838423222	-0.00296926916821931
PF10129.12	-0.0160188667326696	-0.0172819068671917	-0.00116669290203666
PF09661.13	-0.0103365435297634	0.0222901798733812	-0.00891511425130358
PF04994.16	-0.00153865662557438	0.0102844037998164	-0.000825615079927159
PF13927.9	-0.00940543326964144	-0.00657824173659176	-0.007556780655077
PF00030.22	-0.011300946777819	-0.00404078613669674	-0.000808750935251047
PF02973.19	-0.0108692119713897	-0.00772785508771097	-0.00435438943950026
PF14581.9	-0.00404424653683725	0.00289806700214618	-0.00964901526970007
PF19995.2	-0.00227942599999174	-0.0223016681343337	-0.00252942022206955
PF20580.1	-0.00861059760186248	-0.0094518654201743	-0.00259935237470073
PF02893.23	-0.00320550004716038	-0.0152134946955712	-0.014243133976297
PF14109.9	-0.0115604877868824	0.00820293281484049	-0.00525039142785521
PF17929.4	0.00186732505333774	0.015613990556586	-0.00835189000077948
PF18164.4	0.00451144273936407	0.00217258527145436	-0.00551773301451116
PF14592.9	-0.0122604482233549	0.00644078167254993	-0.00300815848840502
PF12083.11	0.0140911197793896	0.00733438541111473	-0.0127726680948673
PF12532.11	-0.01005846391216	0.00121404930649499	-0.0100197545326134
PF02407.19	-0.0109757077131619	0.0174005368830844	-0.00690501581850043
PF11288.11	-0.00987299793756372	-0.023676221677114	-0.00562420750376334
PF14606.9	0.0119796017092211	0.025785773637786	-0.0133604402510655
PF17723.4	-0.0062324294800198	0.00757660538867528	-0.00327156754135787
PF14145.9	-0.0144079950161479	-0.00158891052938825	-0.00166508125522016
PF14081.9	-0.0118875492999684	0.0150728634024833	-0.00818747687840291
PF06833.14	-0.0122308548975983	0.00617439195417864	-0.00730512301510467
PF06748.15	-0.00807009823129172	-0.00150028032842413	-0.00199859139403703
PF18836.4	-0.00670998236567685	0.000976838999746825	-0.00469687263340845
PF02057.18	-0.0125544100334903	-0.00776552391216018	-0.000577444776112824
PF08929.13	0.0109515394760617	0.0267862005297775	-0.0170913904107895
PF10342.12	-0.021376138398594	-0.00662389752415384	-0.00353333913875359
PF20563.1	-0.001513977250685	0.0241188923286837	-0.00957184729903266
PF11913.11	-0.00637138787587842	0.0172130275928773	-0.0105252964372722
PF04724.16	0.0149934295050602	0.00287135153115033	-0.00673616861176609
PF08759.14	0.0214677989868788	-0.0188794001623344	-0.00321648967057836
PF19830.2	0.00723325335759464	-0.0178334356788868	-0.0079652191671561
PF20462.1	0.00319920203332595	-0.00707027367232506	0.000276453443355995
PF19605.2	0.0138446483372723	0.0235552092347217	-0.0227784465144717
PF13182.9	0.0107986609653763	0.00259784626973829	-0.00535054846565534
PF05017.17	0.0446617620811496	-0.0125936866095266	0.0066323537907889
PF19092.3	0.00478770907426103	0.0197407622849139	-0.0160356215492181
PF10047.12	0.00396828623582576	0.00168008444266625	-0.012319854143044
PF10547.12	-0.016004326509242	0.00557089673919125	-0.00630327718648687
PF19538.2	0.00500407396865444	-0.0118978994246174	-0.00253725063629312
PF20335.1	-0.000221401398624149	0.00777886635842553	-0.0178262076177914
PF17117.8	0.00683634279569363	-0.00464330493551986	-0.00892530146463782
PF16982.8	-0.000227822438690754	0.017092680055878	-0.0147527313017287
PF18960.3	0.0240604097748223	0.00805438543360677	-0.00826676814440101
PF08863.13	-0.00396080373425491	0.00954890029458304	-0.0133735116302483
PF14208.9	0.0157785576754335	-0.0039917659081163	-0.0136105173691888
PF19854.2	0.0410746625921052	-0.0106394115992551	-0.00298247373713034
PF18928.3	0.0155255832644996	-0.0173256015488158	-0.00779986980575643
PF11436.11	-0.00955678406517704	0.00890351037306073	-0.00895930092711012
PF12206.11	-0.0101207963390645	0.00465335099075449	-0.013677987354313
PF14056.9	0.002151953587163	-0.00813827344760894	-0.0101842533967755
PF19623.2	0.00846864363201086	0.00650920239647711	-0.00564732338157784
PF09553.13	-0.00340575887441652	0.00951931100645279	-0.0103357501825525
PF19694.2	0.0126155833288687	0.00137560265451226	0.00249305997714442
PF12869.10	-0.0060269764766313	0.00573842403245931	-0.00415652335272713
PF15563.9	-0.00138163128636915	0.0132517408153772	-0.0175442660884204
PF19668.2	-0.00212005436201311	0.00168563249030372	-0.011103334206997
PF08590.13	-0.00373201856755537	-0.00038692151244805	-0.00136966532574845
PF16468.8	-0.00397977000180689	0.0178033594451316	-0.00749854988202769
PF00261.23	-0.0043452309319017	0.0207401396634935	-0.00842325411444433
PF14413.9	0.00379895297949472	-0.00561011827036909	-0.0180793017824357
PF14354.9	-0.0108824483145129	0.0333637948915554	-0.0106294188678991
PF19453.2	-0.00509064658696857	-0.000821367208375501	-0.000243079245947313
PF20197.1	-0.00767659432123229	0.0337079496111654	-0.011742330256654
PF16146.8	0.0188443360141366	-0.0517104760015972	0.00206476600962149
PF19499.2	-0.00154898657791853	0.0197939554133661	0.00119095332797486
PF19677.2	0.0112791096467988	0.00209480098414456	-0.00908202037271369
PF19848.2	0.00425009725189974	-0.00188785926625695	-0.0112949806120337
PF14423.9	0.00241141478025044	0.00283616039039277	-0.00217843091209296
PF08928.13	0.00640203867948566	0.0251284494543102	-0.0174939202303583
PF14206.9	0.000394812219445524	0.00839366534297756	-0.00993037846313594
PF07922.14	0.0156934119817178	-0.0218318573944843	-0.00366126913604619
PF20122.2	0.00645184601598145	-8.30979058229002e-05	-0.014142693155517
PF08972.14	0.00266741740377779	-0.0279017051552965	-0.0141366209745225
PF07878.14	-0.0129482488156557	0.0165157967747949	-0.00856926492262745
PF19539.2	-0.00432058802426707	-0.000113735706017114	-0.0087680237453782
PF18588.4	0.00591750473015914	-0.00525739787101886	-0.00329992357616398
PF19639.2	-0.000183198114259397	-0.0110206153009615	-0.00683225160300674
PF03283.16	-0.008080462347093	0.0219484207935486	-0.00724703380050001
PF09565.13	0.000740423668587437	0.0102294586765124	-0.0133546868679287
PF18903.3	-0.0145971542745533	-0.0040304177021192	-0.00254743418912852
PF05183.15	0.0123802272968157	0.0164061806561118	-0.0145068090581116
PF20573.1	0.0162773524726108	-0.0106555059305887	-0.0151083163266116
PF15428.9	0.00312040093857663	0.0308489625021342	-0.0177506426070356
PF18218.4	0.0274713175999884	0.00720806157510716	-0.0135188329378539
PF20313.1	0.0237953475622068	-0.00695214469926632	-0.00533088519892125
PF18839.4	-0.0116732577891544	0.00425737109947654	-0.003910772533629
PF18495.4	0.00400909927574981	0.0330814042802977	-0.0138074501371136
PF12910.10	-0.0023599091595178	0.0227113092454432	-0.0141243596951163
PF20623.1	0.0302642686453048	0.00761231474849446	-0.0136296904036743
PF14076.9	0.00141048840160315	-0.0142190942803991	-0.00281375105642407
PF09552.13	0.00483221232723689	0.00928788695371892	-0.0076615054166234
PF19483.2	-0.00159633239291553	0.0263374954234064	-0.0180458841150571
PF13031.9	0.00393076393017403	0.00682402851643378	-0.019859933069818
PF16962.8	-0.00403407746154161	-0.0100510063108099	-0.00623375459816021
PF08660.14	-0.0017047226006228	-0.000426641316618193	-0.0144239567488986
PF19595.2	0.0074177348299551	0.0161142314990101	-0.0126148641182266
PF00165.26	0.0127168527839822	-0.00124258005843357	-0.0128500860969855
PF08878.14	0.00276514646805429	0.00831917588344812	-0.0189908085505727
PF10916.11	-0.0030259048990544	0.0243277861564306	-0.010563082055937
PF06631.14	0.00532147223258054	0.0247179888258068	-0.0103337081035596
PF15432.9	-0.010487595065867	0.00356942389965202	-0.0116690497905661
PF05866.14	-0.0144438356027581	0.0149625414273945	-0.0106576801080699
PF18082.4	0.00445227378015269	0.0021689312700036	-0.00552396484373807
PF20275.1	-0.00566079072075263	0.0243822790280906	-0.0104936893149193
PF20293.1	-0.0052140815075446	0.00838290847798713	-0.00612797929603206
PF06685.14	0.0084665416501719	0.0222983527083272	-0.00409284686257999
PF19644.2	-0.0139119517785189	0.0150147725049471	-0.00510779508269775
PF04256.15	0.0266403126970592	-0.0163678230383163	-0.0100523026812938
PF09932.12	-0.00372035488330695	0.0153588317230061	-0.0155619673601213
PF16807.8	0.00176882795902612	0.0187499322141741	-0.00686550620496264
PF20536.1	-0.0129068024431902	0.0166002134651108	-0.00713151287259332
PF20378.1	-0.0149587549565878	0.01703452045742	-0.0112123498834883
PF06854.14	0.00154502310729935	-0.0084432211678507	-0.0103423516216767
PF19645.2	0.00438650102798057	-0.00336147952614055	-0.011168477767999
PF20476.1	0.000381101154603548	0.000640449695751399	-0.0146567060902963
PF14461.9	-0.00976544101422933	0.0118542179065907	-0.00738370369468132
PF18145.4	0.00845720364793928	-0.00878243799797379	-0.0109400344899106
PF11753.11	-0.0119001205270391	0.022203395195402	-0.0115062673391215
PF15655.9	0.0160898954087554	-0.0132385464385704	-0.0100718941885326
PF20541.1	0.0146729662180098	0.00402185678585459	-0.0130168200630209
PF09388.13	-0.00768066033881234	-0.00253999250523439	-0.00676377617278104
PF12718.10	-0.00463516466115498	0.00453267035401414	-0.0073943092840065
PF06188.15	-0.011739138244814	0.0094615009143404	-0.0115770796864666
PF18216.4	0.00640027351947287	2.95017076715234e-05	-0.00971188636679898
PF13027.9	0.00247917477132403	0.0199292485562354	-0.0199083146963072
PF17118.8	-0.00591369823345471	0.0173540016278178	-0.0104433037225221
PF20092.2	0.00993659574370683	-0.00588175963367722	-0.0135949750917419
PF19540.2	0.0255061698387073	0.00413921631008349	-0.0168059023812813
PF11564.11	-0.0108247288168511	-0.00379184399039381	-0.0109697680372174
PF06763.14	0.016669585505293	-0.0199244765469513	-0.0111778793059389
PF13218.9	0.0169362385765055	0.000328684234916962	-0.0157122134281253
PF20234.1	-0.00122545901248466	0.000602107546978767	-0.0053403740060629
PF09682.13	0.0156538002312679	-0.00523770127022318	-0.0075990464928943
PF15417.9	0.0238262942606341	-0.00714655077953593	-0.00852049875818964
PF16994.8	0.00599363600885594	0.0151775372136376	-0.0061935351111947
PF11599.11	-0.0170589991809483	0.0250942339188539	-0.00929691055771229
PF18734.4	-0.00485601989000125	0.00980155446396088	-0.00712474385783146
PF15580.9	-0.0112678322619262	0.0164617263435354	-0.00662202839018652
PF08958.13	-0.0148781156247728	0.01410269933564	-0.00572523741150039
PF14607.9	0.0116893928641279	0.0252574208248947	-0.0138729619179093
PF13079.9	-0.00974517225398673	0.0236217613972249	-0.00812468777087752
PF10990.11	-0.0224418649150988	0.00555879849518113	-0.0061600097819452
PF18851.4	-0.00171451719922432	0.00443047181960912	-0.0112629902335419
PF09918.12	-0.0128859249855908	-0.0041379959152487	-0.00253304291003978
PF03817.16	-0.00750419020739561	0.0108119164354088	-0.00423446647059496
PF03818.16	-0.00725982123612271	0.0110335357845466	-0.00419174414287729
PF11756.11	0.0149674930873803	0.0219451839818314	-0.0217245232838949
PF06675.14	-0.0124308877989651	-0.000850078305701598	-0.00805206150796446
PF06897.15	0.0020418365475787	-0.00068039941965086	-0.00620136047224898
PF12986.10	0.00511501113795955	-0.00269102596274289	-0.00236042451932851
PF09956.12	-0.0167701298159238	-0.0207361521848024	-0.00378375754373849
PF14336.9	-0.00313049521069564	0.0151030553850278	-0.0147443896670932
PF19823.2	-0.0117546012877186	0.00421558016502251	-0.0116806710057026
PF14102.9	0.000635778246894759	0.013451558830258	-0.0131215210186158
PF06406.14	0.00244292115807523	-0.00422210398789508	-0.0035433293386228
PF14209.9	0.00295096150097629	-0.0145872745970225	-0.0131698717778607
PF09639.13	-0.00093293740190887	0.0088659947808321	-0.00877235026685603
PF02943.18	-0.0153274725958471	-0.000979177055407388	-0.00799034776187467
PF04525.15	-0.00117947086975573	-0.00309669623782898	-0.015730714700532
PF08887.14	-0.00305409346042956	6.21455605320564e-06	-0.00126153690191199
PF08906.14	-0.00305409346042956	6.21455605320564e-06	-0.00126153690191199
PF18705.4	-0.0241310470222272	-0.00873628324562955	-0.00963911602691542
PF20377.1	-0.00274935538076834	0.00819841283155089	-0.018670270858309
PF20076.2	0.00145029121590013	0.0134899010957356	-0.017146992658394
PF14101.9	-0.0120148676813158	0.0188865415254046	-0.0142692198900151
PF14249.9	0.0232434951290605	-0.0049631482128051	-0.0143591371921165
PF09233.14	-0.0109749395368807	0.00110828823995227	-0.00171682492240879
PF14184.9	-0.00757530079945444	0.00704186483515863	-0.00495547379614511
PF16079.8	0.00152964453786678	-0.0141371460443787	-0.00242862063475408
PF20277.1	-0.000799747413510276	0.0259633624437083	-0.0108570604283238
PF18730.4	-0.0153712448011738	0.0191442896465581	-0.00845667574160816
PF18159.4	0.00601041420428384	0.0029898199923419	-0.0137339629729364
PF03188.19	0.0203003714710521	-0.0267526133237597	-0.010813899867109
PF18002.4	-0.00237699629553319	-0.0317212823530078	0.00148308438422736
PF20383.1	0.00855447023237707	-0.0183510063566668	-0.00797534227615442
PF10054.12	0.00116327978417266	0.00622203889291576	-0.0157808967879011
PF09711.13	0.00303577380448089	0.0154594663223282	-0.0176640725144278
PF14213.9	0.000346963687783621	0.00595869851324593	-0.020923447176616
PF01519.19	-0.00839601763325861	0.0108612211254059	-0.0122938896968084
PF00644.23	-0.015740113522322	0.0165237937926368	-0.00636201835169392
PF20453.1	-0.00138867550484902	0.0120032520344858	-0.015017893643055
PF04505.15	0.00584641700341327	0.0130688499354391	-0.00273728747302661
PF19615.2	-0.000911402490156901	0.00819754297177047	-0.015521386179002
PF09499.13	0.00765902944118401	0.0110403255845831	-0.00936627071183749
PF20217.1	0.0147217008986591	0.0305282331998395	-0.0178891875609293
PF11114.11	-0.0179887731170587	0.0209252013180652	-0.00799500222954003
PF19591.2	0.000703314252080406	-0.00548802645312656	-0.00282713458255225
PF20355.1	-0.0104198966018848	0.0066456350283199	-0.00354361186516617
PF16219.8	0.0111174387628955	-0.0292848461208236	0.00527491618809529
PF00847.23	-0.0113170706442796	0.00904614207621031	-0.00608286805035909
PF06818.18	9.61013590171719e-05	0.00351313924877931	-0.00216796562383588
PF12684.10	-0.0119859585364281	0.018494356893148	-0.0131248880023427
PF13496.9	0.000550718656520543	0.00671314283685596	-0.00393528141996165
PF14470.9	0.0124505442922497	-0.0117931647261659	-0.0151552696418394
PF07237.14	-0.0130628124832094	-0.00111114918954194	-0.00129367728188655
PF12025.11	-0.00261856273240999	0.0233699092294869	-0.00682932166821386
PF14163.9	-0.00616396283782059	0.0214728370283632	-0.00926892780313308
PF16280.8	0.00287548674927645	0.00142669115294253	-0.0116443205053257
PF19985.2	0.00143618678889755	-0.0116928948840182	0.000617018893435081
PF14371.9	-0.00876795204155437	0.00494327880620114	-0.00231643862579577
PF12281.11	-0.0122448476631788	0.00540539274076442	-0.00319435469532386
PF01096.21	-0.0101308638729566	-0.00573389460051166	-0.00321270707891473
PF10648.12	-0.00783760617888293	-0.00299714761620673	-0.00227597524106282
PF19403.2	-0.00748536999949859	-0.00136692159354173	-0.00279351524008118
PF07836.14	-0.0165998079089733	-0.00546661196028274	-0.00112583399898353
PF18583.4	-0.0117673023035618	-0.00629720172166523	-0.000608758373615162
PF09949.12	-0.0156242331979738	-0.00700290545357539	-0.00120398487875525
PF08813.14	-0.00518159098301342	-0.0142449650018819	-0.000759382116128023
PF18612.4	-0.0151265490640912	-0.00870042795096801	-0.00513986355278006
PF19992.2	-0.0127901286578047	-0.0137478256116491	-0.00426727186325438
PF09829.12	-0.00774202022125346	-0.00513829278869776	-0.00160030485743807
PF02460.21	-0.0194360740643633	-0.00882720862244507	-0.00128027301599873
PF14298.9	-0.0239544810249646	-0.00424964627489045	-0.00209695843552599
PF10720.12	-0.00989313224755162	-0.00131151883688826	-0.000787337246981446
PF06902.14	-0.0161621423427836	-0.00221804841919222	-0.003482904267529
PF12788.10	-0.00606135586311444	0.0225451468344283	-0.0072332068832525
PF18004.4	0.0192871192644413	-0.0243041877364779	-0.00845629244839774
PF03953.20	-0.0138064889914237	0.0199900478677035	-0.00035505449149834
PF00020.21	-0.00159622994862893	-0.00393559953970982	-6.04719562659781e-05
PF19841.2	0.0132537486169474	0.0212482705354018	-0.0111848203135531
PF16109.8	0.00467957605074092	0.0228750546817814	-0.0120791031765561
PF16670.8	-0.00716627559929568	-0.00347287312040206	-0.00125572977893428
PF12654.10	0.00432957534731526	-0.00179667969538071	-0.0124614402100207
PF01036.21	-0.0133294698649474	0.00020419019936952	-0.00178983807771578
PF04456.15	-0.00656897427707076	-0.0104888182037245	-0.00584661658176142
PF08830.13	-0.0234741931510045	-0.0244883027802573	-0.00220586900922764
PF10043.12	-0.01289489592447	0.00261050224626272	-0.00444277968799359
PF14169.9	0.00515604614179427	-0.0107897749132982	-0.0102729961766722
PF08955.13	-0.0146376253650273	-0.00672751159704353	-0.00102851423324753
PF09019.14	0.00217282215161746	-0.0213053567362612	-0.0101310099627454
PF13455.9	-0.0140327353850882	-0.000320807549981611	-0.00566153365517834
PF14137.9	0.0137815756565725	-0.0103454895175507	-0.0140191685565117
PF12640.10	-0.00800331595740545	0.00856713603766216	-0.00472758892076059
PF19815.2	-0.0183115965025481	7.73975652868226e-05	-0.00284768898922119
PF06321.14	-0.00454567434937348	0.0176823831358789	-0.00438123260625083
PF14900.9	-0.00515575256738496	0.0334681496012285	0.00985097404274401
PF07083.14	-0.00475239404376328	-0.00448736552280798	-0.00737067623786269
PF08792.13	-0.00580628597133636	-0.0112205783679912	-0.00111262719653034
PF18895.3	-0.00746711962632032	-0.00382217086064504	-0.010303532976598
PF14511.9	0.00831937433667439	0.0198334561327286	-0.0138479106739226
PF20374.1	0.00414408240014429	0.00504294673852274	-0.0172139162908492
PF17145.7	0.0246187834239418	0.0253604872790244	-0.0158399316328409
PF11644.11	0.00734298423223071	0.0134416721844106	-0.0137842508872417
PF06356.14	-0.00663012345796978	0.0108461912338878	-0.00588011312666626
PF11009.11	-0.00937040659666857	0.00261773253289804	-0.00212588133022267
PF10771.12	0.00110067975421853	0.000814590506511623	-0.00420117106399697
PF14472.9	-0.0136242063613546	0.00209100647853748	-0.00267484015872197
PF14098.9	0.00323218212613791	0.0210803708267373	-0.00726428229685273
PF02898.18	-0.0104706158136327	-0.00614404062135781	-0.00498428765717855
PF14342.9	-0.00999106531862068	0.00930245693210101	-0.00526097376735042
PF14347.9	-0.0130897316414454	-0.00214174048971671	-0.000962787429414719
PF19786.2	-0.00344387081714875	0.00542218184381889	-0.00301810134351809
PF03092.19	0.0166151732580341	-0.00204743848392895	-0.0167898432752826
PF11518.11	0.0128465316467718	-0.0198830679989906	-0.00845743240633352
PF15601.9	-0.00574464632833894	-0.0112977327774074	-0.0153826570704813
PF13111.9	0.0319870668322166	-0.0127616263016498	-0.0117603592366101
PF18157.4	0.031953294407515	-0.0127599453793292	-0.0117649047499098
PF13032.9	0.0319870668322166	-0.0127616263016498	-0.0117603592366101
PF10898.11	-0.00107659357295134	-0.0177789720352395	-0.0121396785893036
PF13759.9	-0.0108844055513322	-0.0136076486148728	-0.00274054120593396
PF14006.9	0.00896330555566086	0.00402878275031823	-0.00677997308710296
PF00921.20	-0.0111385355717824	-0.0316514637491305	-0.00356196204644464
PF05714.14	-0.0141616817050368	-0.0107888964143239	-0.00155499081353171
PF17127.7	0.0111641885978998	0.0241277187370989	-0.0113157753910046
PF18477.4	-0.0145512227572698	-0.00982042373961344	-0.000380109304706099
PF04019.15	-0.0132263750895121	-0.00851409464853453	-0.00270465026617625
PF08909.14	0.00239802294549972	-0.00563366327418554	-0.0132303065752123
PF09656.13	-0.00354846811389243	-0.0227738760125969	-0.0166277637475426
PF16804.8	0.00255375335052319	-0.00817636374232245	-0.0039693636706992
PF17921.4	-0.012874490443189	0.00194593373006061	-0.00236792751467391
PF03732.20	-0.0185602116064197	0.0194269684290794	-0.00749910630528083
PF00098.26	-0.00895149384127524	0.00970057172216774	-0.00401410563978368
PF13976.9	-0.00958424090454395	0.00320044522748014	-0.00233495641831595
PF20622.1	-0.00450287642043874	0.00462632042685396	-0.00165831773300538
PF14341.9	-0.0131581220874591	0.00217599850859121	-0.00347635351463627
PF05215.16	-0.00192828055981492	-5.94332760251743e-06	-3.65971801960373e-05
PF08973.13	-0.00219628184231386	0.00110734764488135	-0.00152186481455718
PF10386.12	-0.00995619211443756	0.00522867624170039	-0.00427569210594073
PF16272.8	-0.00288039525533821	-0.00692739515242641	-0.00317948725938278
PF09979.12	0.00845359926180149	-0.00645685061320417	-0.0115182586512013
PF02304.18	-0.00306506240800104	0.0337962484297262	-0.0080368932173797
PF19515.2	0.0125376872860441	0.00956190705082207	-0.0115104914250575
PF10109.12	0.0128846686812869	-0.00274645485381539	-0.0119403461683526
PF16961.8	0.00399918476435024	-0.00596944850413084	-0.00267951199760812
PF16115.8	0.00952134953346652	0.0297084563493614	-0.00724505107886237
PF09505.13	0.00140599212391559	-0.00902677061411992	-0.0097382055889149
PF06002.15	-0.0176592643849303	-0.00389729979676388	-0.00345170721818092
PF17780.4	0.013836274996811	0.0106297036999225	-0.0142872793996285
PF14471.9	-0.0136546795155221	0.0143090069269685	-0.0094597871253386
PF18874.3	-0.000819922102468012	-0.000315203555559665	0.00011102631080215
PF20177.1	-0.00360474197760363	0.0109919609688414	-0.0102962678276515
PF15616.9	-0.00789496330992769	0.024537739671317	-0.00764959618441183
PF20087.2	-0.00237857345862472	-0.000689680083646721	-0.00305108708963647
PF13273.9	-0.00290997340974245	-0.00176690035326364	-0.00556770918412821
PF18711.4	-0.0037606947267096	-0.00300713841120187	-0.00139438218616657
PF18846.4	-0.00383328056714051	-0.00932229134318433	-5.66198196885438e-05
PF16228.8	0.000695586761094522	-0.00889257989188648	-0.000563464402593034
PF10804.11	0.00324057216680415	-0.00618357192708319	-0.0030706606537039
PF17236.5	0.0020856660559936	0.000102215503709451	-0.00671126751715905
PF11150.11	-0.0102501247736715	0.00386525467402927	-0.00356922184854469
PF16983.8	-0.0077910750843546	-0.000704653857822197	-0.00067879405383163
PF19820.2	-0.00795080762319146	-0.000933304261917603	-0.000595750888082918
PF00045.22	-0.00428419851980226	0.00243933642897255	-0.00172020576674011
PF15657.9	0.00198294597172207	-0.0101751772174159	-0.00461418550132042
PF06240.16	-0.0179233435222877	-0.0246992866062097	-0.00354729304353493
PF03640.18	-0.00336246816492828	0.00023679841803341	-0.00140006509860531
PF08547.15	-0.00806073469431833	-0.000559701832092354	-0.000778902723831341
PF20330.1	-0.0165144705282177	-0.00240585294177423	-0.00434818997789554
PF09217.13	0.00127043263332173	-0.0217415304506049	-0.0101538669235581
PF05996.15	-0.0124597172741672	-0.00357586612580298	-0.00106416979110022
PF06078.14	-0.0217598331843446	-0.00715259596344065	-0.00312258329583412
PF03083.19	-0.0025509258509143	0.0019377187606546	-0.00909652453300321
PF05995.15	-0.0137650272638378	0.00190006012068413	-0.00352310989961062
PF06707.14	-0.00593375994422084	-0.00186413696274152	-0.00363833949927085
PF19582.2	-0.0116879428684129	-0.00925180964233723	-0.00242598968614437
PF20393.1	-0.0176265515911413	0.00306302619973558	-0.00312464743613866
PF20283.1	-0.00540841430571664	0.00270438272749101	-0.0139027296771704
PF14454.9	-0.01312398244662	-0.00437812943554806	-0.00221087747116015
PF12937.10	-0.0181732894764761	-0.00980357902465866	-0.000742143784615119
PF08837.14	-0.0127530955146712	-0.015317887818623	-0.00164775381902853
PF08333.14	0.0121923130243678	-0.021491444685796	-0.00817244925091681
PF19413.2	-0.00870418935662512	0.000717223812458396	-0.00114695785866328
PF19652.2	0.0179161939507335	0.00855361931603856	-0.0156916060661814
PF14771.9	-0.00683574248722982	-0.0002983230440487	-0.00071582851278738
PF02089.18	-0.00121768017303811	-0.000959024992799577	-0.0105572232365282
PF13619.9	-0.00274088601178395	0.0140562269100865	-0.015215565015756
PF06844.14	-0.0133831522597703	-0.0131162396070816	-0.000580809701112938
PF10797.12	0.000552682841921687	-0.00927720223836906	-0.011511025407266
PF12048.11	-0.00559549238597366	5.57089277871694e-06	-0.00248557411417268
PF12667.10	-0.00485281888181388	0.00975063463908542	0.00359264241089668
PF17415.5	-0.00445492201551091	0.00993138454986753	0.00367394081972163
PF15652.9	0.000557524027698898	0.0150377513758045	-0.00758267719627741
PF19822.2	-0.0144930498594968	0.0312160788843579	-0.0181332647248922
PF16784.8	-0.0175669970494351	-0.00184302663985304	-0.00713512057315223
PF18551.4	-0.00945683367278848	-0.00281813240876574	-0.000365416214394262
PF04894.15	-0.0173455694129463	0.00582498558252817	-0.00349816185236674
PF04895.15	-0.0173455694129463	0.00582498558252817	-0.00349816185236674
PF08069.15	-0.0110974931648032	0.00956805852638646	-0.00583814526424297
PF17116.8	0.0182560751578475	0.011764494174707	-0.0150035271831031
PF12954.10	0.0105356544013323	0.00252078101088346	-0.00879667308325212
PF18920.3	-0.0103654635936639	0.00177162306954612	-0.00187385839964249
PF09665.13	-0.00464064599208326	-0.000522746289764442	-0.000302343948982576
PF00961.22	-0.00798953167615621	-0.00418458569470526	-0.00205900917971923
PF00526.21	-0.0109933730399084	-0.0110867275023681	-0.00135059543814843
PF19569.2	-0.00804833233468642	0.00340536698296007	-0.0019517393728995
PF17660.4	-0.00661606888080934	-0.000574291877586102	-0.00060044455902193
PF20128.2	-0.00515122725243368	0.000884721622794746	-0.00423663575717088
PF14069.9	0.00139089483851117	0.0214755739570406	-0.00668318787069482
PF01246.23	0.0169262988709875	-0.0272474166632237	-0.00813348744944204
PF19807.2	-0.00170141511938635	-0.000647540463028933	-0.00148165285354999
PF09511.13	0.0163469785367495	-0.0208493778911942	-0.00806582868980875
PF15935.8	-0.0024255145425945	0.00670887278674767	-0.00726344764529739
PF19034.3	-0.0024255145425945	0.00670887278674767	-0.00726344764529739
PF07701.17	0.00171088143563692	-0.00271966950018872	-0.000733671108157218
PF07126.15	-0.0110898987734001	-0.00407840288084737	-0.00189560637404419
PF03736.20	-0.00290988819197831	0.00038463438104638	-0.00119839555019553
PF18185.4	-0.00791684897341888	0.0324264531033882	-0.0107228187638465
PF20572.1	-0.00635290800310649	0.016576091880412	-0.00909341608823136
PF10902.11	-0.00740773035237513	0.00661596110741809	-0.00423625539085774
PF16162.8	-0.0054556469105363	-0.00450913939906052	-0.0143249835426694
PF18259.4	-0.00729452448959395	-0.0146801281217169	0.0129059993264643
PF18352.4	-0.00410085332325804	-0.000286663217582552	-0.00110620496737208
PF20546.1	-0.00938669060722585	-0.00966168967585574	-0.00391842699572735
PF19775.2	-0.00566261738990748	-0.0319644414195416	-0.00958902877784808
PF01363.24	0.00318436550517301	-0.0285415311032682	-0.00257966233274973
PF02205.23	-0.0154090187107884	-0.00648401534305388	-0.00437856782677804
PF18692.4	-0.0156394591882125	-0.00187746727588783	-0.00290929338104045
PF03373.17	0.000781683825788536	-0.00143457390727509	1.90001158354009e-05
PF02015.19	-0.00727606411036059	-0.0114986499626629	-0.00116081139880896
PF02963.19	-0.004344974770966	0.0028799003174869	-0.0032624340994229
PF04208.17	-0.0134670363406189	0.000274565602342062	-0.00505702830530622
PF18854.4	-0.00840970610295694	-0.00333229275283486	-0.00144220824308967
PF14132.9	0.00303230117690293	0.0339445063394249	-0.0128020509216089
PF06998.14	-0.0132118037146372	0.0211466208365046	-0.00911177883277696
PF07727.17	-0.0143523823886308	0.00374838955283212	-0.00615286137377496
PF08821.14	-0.0143301255481292	-0.000765383181426935	-0.00419917452029302
PF18979.3	-0.00406526782586551	-0.00550010456207956	-0.00237186167214575
PF02037.30	0.0100966107432292	0.00185811209732789	-0.00662011612484496
PF08950.13	0.00761627984279153	0.00209393320684769	-0.0147330777637767
PF08433.13	0.00921584506513042	0.00637690679725396	-0.00837666040045149
PF19448.2	0.00160300445209018	0.0259681320838093	-0.0191439888514783
PF15781.8	-0.00983237963294796	0.00342543166195536	-0.00368923796403521
PF18643.4	0.0181994140878971	-0.0197274894995934	-0.00753066926333738
PF12183.11	-0.00532105698395002	0.0159428301918805	-0.00732245441025784
PF19264.2	-0.00235416647088501	-0.00376605686206843	1.81737451125379e-05
PF09620.13	-0.0161758496576351	-0.00262602591820577	-0.00127903727224018
PF19865.2	-0.00268741735650288	-0.0064266618646925	-0.00552288592445297
PF01697.30	0.00208113129850509	0.0133252302378135	-0.00451377943516113
PF16585.8	0.00817132529629928	0.0150388564258427	-0.0143175589757663
PF15603.9	-0.000738360713888127	0.0103156625148891	-0.00294318171521797
PF10364.12	0.00055510009522758	0.0269206643033434	-0.0144440222750469
PF20586.1	-0.00255571039412289	0.000452316294477061	-0.0180325644439459
PF12947.10	-0.0129203945255969	-0.00670859784973567	-0.0064015079200925
PF16817.8	5.29164096374858e-05	0.00625082687255852	-0.00835266473350253
PF00096.29	-0.00565683835446148	-0.00747313887349502	-0.0010030964725162
PF04564.18	-0.0236274192690332	0.00917193933896349	-0.00559095161513137
PF17917.4	-0.0190945124110613	0.0207252811560336	-0.00832934833773175
PF01020.20	-0.00129050277216177	0.0132309021137238	-0.0128478280237203
PF00995.26	0.011927924263871	0.00645939078435323	-0.0182073146860702
PF07654.18	-0.0147790754279522	0.0197045000419422	0.0123237556269293
PF00038.24	-0.000342536300588905	-0.00683317795504569	-0.0136098588889287
PF00429.22	0.00403859656770477	-0.0015735605231954	-0.0142615567358859
PF20202.1	0.0114255050589851	-0.00639107977993338	-0.011540106432421
PF00969.22	0.00200068404739659	0.00424499311920659	-0.0133033048184131
PF07432.16	-0.0104122811082922	0.000808135253355338	-0.00737340747899333
PF09572.13	0.0130536366198776	-0.029151346811134	-0.0039829873896192
PF08804.13	-0.0152448606463554	0.0129124970168617	-0.0142189494260656
PF12939.10	-0.00663990690642278	0.00202889106217727	-0.00598089591975092
PF18709.4	0.00724558252089318	-0.0222968739745439	-0.0046104886905771
PF20288.1	-0.00496033886032902	0.02057251131271	-0.0123946526555108
PF20385.1	-0.00919562684012406	-0.00314429030467018	-0.000386053694678509
PF20342.1	0.00332775751935578	0.00481807881275298	-0.0113621382467835
PF19506.2	-0.0137150880554824	0.0200228353523346	-0.0107013819964308
PF10473.12	-0.000625170308138186	0.00463709860217982	-0.00131957643325111
PF16464.8	0.00431331631886124	0.0092346023335553	-0.00526298131443239
PF19509.2	0.0397116265965599	0.0110936118130243	-0.0169695606380083
PF12964.10	-0.00973894311595783	0.00310627534924153	-0.00535058077119099
PF20449.1	-0.00742405107221304	0.00081708983460635	-0.00212136519440358
PF16476.8	-0.0169730387693543	-0.0151879818645036	-0.00444318990264972
PF13497.9	-0.00252328425011913	0.00112052305220963	-0.000264448039256988
PF14899.9	-0.00346601748194824	-0.00383014774113893	-0.0110535432300825
PF16283.8	0.0015532044255876	0.0112325210573874	-0.00255361744792933
PF16270.8	0.0043076261381013	0.0183720376156451	-0.0132352141639217
PF15283.9	0.000907546298353617	-0.00497146377840898	0.000381951885576148
PF16702.8	0.00852109708608593	-0.00265020148055751	-0.014966587976804
PF16288.8	-0.00128212219953859	0.00882599941447979	-0.00116009158547455
PF19603.2	0.00217983231679367	-0.0107951216190976	-9.21408823352302e-05
PF18847.4	-0.00149034748395098	0.00557302426072868	-0.00164850554006905
PF15569.9	-0.000278902299327462	0.0111272297843118	-0.00632497747508134
PF13859.9	0.0177470195837351	-0.00188823747357498	-0.0143083134653539
PF17138.7	0.015684514948907	-0.00499572572265208	-0.00763198184734418
PF17141.7	0.015684514948907	-0.00499572572265208	-0.00763198184734418
PF19556.2	-0.00255471110606834	-0.00496122706917953	-0.00420362303417488
PF19880.2	0.0211745696157967	-0.0059346613156387	-0.0110782519865151
PF16938.8	-0.015738332257773	0.031516253575956	-0.0126829053795228
PF03811.16	-0.0122514237145805	0.00336178836146471	-0.00441679644125827
PF16140.8	-0.00207992190254752	0.00591998900709514	-0.00165194640755365
PF16444.8	-0.000725003686441609	-0.00601722001415417	-0.000162405733112758
PF15562.9	-0.00737437076898285	0.00778389106564022	-0.00621629183373106
PF16255.8	0.00235513847406073	-0.0098299670976335	-0.00242940243224931
PF16427.8	0.00139147314995172	-0.00258324763888471	-0.000893063480684494
PF18620.4	0.000149030401923293	-0.0204354211695378	-0.00113331643273207
PF12812.10	-6.69878504889952e-05	-0.0050075159757807	-0.00210161045429619
PF20186.1	-0.00371474416465343	-0.002073167567175	-0.000348806976751992
PF19512.2	0.0134486667778003	0.00779190632624683	-0.00747741548233146
PF01166.21	-0.0104427476375134	0.0138433254720881	-0.00232187634798654
PF04045.17	-0.0127243946219397	0.0200151519240087	-0.00399928389199621
PF06623.14	-0.0146220728951077	0.0204627107343284	0.00562031381497182
PF00241.23	-0.0155875297480098	0.0227204738980813	0.0123719207472832
PF12301.11	0.00240487519485364	0.0282327989598839	-0.0192287800387736
PF03247.17	0.0105343161732737	-0.00960166979334942	-0.00928678074793014
PF08284.14	-0.0169175006906856	0.0104279287011592	-0.00475600517478497
PF00307.34	0.00126879835974155	0.002199374553538	-0.0128891679986275
PF03272.16	-0.00539705432823322	0.018138954676637	-0.0024861068301737
PF06926.14	0.00127158394624068	-0.00876100737590532	-0.00150354341130288
PF07723.16	0.000552457551006741	-0.0325345240441862	-0.017154982835651
PF13262.9	-0.00754201805494708	0.0048884201229316	-0.00725198802344459
PF16208.8	-0.00145926400702408	-0.00542951919289094	-0.013370708360147
PF09569.13	-0.00142697467254776	-0.00407085004785817	-0.00543075834554864
PF05008.18	-0.00412897511751586	0.0207927005957025	-0.00820945419037779
PF13108.9	-0.00613944707495836	0.00095701511710617	-0.00129374826485775
PF10269.12	-0.0167068844941255	0.00470029491836754	-0.00341419519598221
PF00788.26	-0.00685639091023818	0.0169689427095479	-0.00553184141568792
PF02892.18	-0.0152888842434528	0.0212561152258168	-0.00754648276755903
PF10488.12	0.0148048432602756	0.00360666843910441	-0.0169581558685737
PF01779.20	0.00126737516701737	-0.000390287105920183	-0.014639688182221
PF20167.1	-0.0108654771600033	0.00765964856025009	-0.00384566760977617
PF20338.1	-0.00600886085505282	0.00780309379267251	-0.00500953082851834
PF20394.1	0.00456770473642288	0.00167413473243788	-0.00484844272820686
