FeatureID	PC1	PC2	PC3
PF00308.21	-0.00669183539552239	-0.0154516141847371	0.00357533143114462
PF08299.14	-0.00699323959897051	-0.015475968353071	0.0039597074875081
PF01527.23	-0.000415743934861664	-0.00343633912592404	-0.0202100640013423
PF01025.22	-0.00331624554778619	-0.000196606542127599	0.0218420565467244
PF00012.23	-0.0245213726095081	-0.00169594281524834	-0.0326529521289833
PF06100.14	0.0231676802009528	0.0110907844383914	-0.00385141698585489
PF08220.15	-0.00910341097927931	-0.00995660874579184	-0.010831997467028
PF00455.25	-0.0233729699727943	-0.0155199636910366	0.0119888768168434
PF00294.27	-0.025186838250534	-0.0119692267714528	-0.0274712169570869
PF00359.25	-0.014612466164764	0.0102571792711116	-0.00271749365498581
PF02302.20	-0.0279307737520344	0.00822963508298098	0.00783493509749668
PF02378.21	-0.0545107720074343	0.0396511032698586	-0.0207419991422978
PF13396.9	-0.0421832399122094	-0.00351876340839275	0.0116466642116535
PF13091.9	-0.0396620536223578	-0.00566376192759856	-0.0122934228965426
PF10298.12	-0.0112553924472755	0.0108744124789861	0.014663219731287
PF14527.9	-0.0134850504902773	-0.000283526505570365	0.017266975953658
PF02650.17	-0.0134850504902773	-0.000283526505570365	0.017266975953658
PF01226.20	0.0241163403488032	0.0240016855397146	0.00320883869717501
PF04167.16	0.016693102233947	0.0236906403195498	0.0010860353984601
PF03462.21	-0.0137194108471076	-0.0205374928115137	-0.0041750652323557
PF00472.23	-0.0138376816686472	-0.0223257493280664	-0.0040079030629823
PF00268.24	0.0149195884727844	-0.00916345523457689	2.53026474786563e-05
PF08343.13	0.0200332722491131	0.00671612265305872	-0.00164971381043711
PF00317.24	0.0319783603060628	0.00835862334759377	-0.00593842088712223
PF02867.18	0.0349010100780543	-0.0541448346894245	-0.00486994047876945
PF02518.29	-0.0174041532191841	0.000610542874034963	-0.108168382671303
PF00204.28	-0.0163647155895975	-0.0236466870893467	-0.023263561958444
PF01751.25	-0.00524428398110234	-0.0111806157113572	-0.0655618916490018
PF00986.24	-0.0176909547131099	-0.0226595540776322	-0.0217058946079639
PF00929.27	-0.0264694598604612	0.00271351948353247	-0.0233635905433785
PF00521.23	-0.0181574347877932	-0.0225103753673904	-0.0282970312388563
PF03989.16	-0.018338515902992	-0.01789717626069	-0.0708474557468677
PF01544.21	0.0216710300523211	-0.0309002732741995	0.00656929263201913
PF13231.9	-0.0429285110855269	0.0368566802888702	0.00593495139174088
PF00535.29	-0.0324427136563372	-0.0153258195520248	-0.0563041213536252
PF00072.27	-0.0198488516016879	0.00691164825106751	-0.107422908908569
PF00486.31	-0.00763471716628307	0.00917760283817789	-0.0830933564922
PF13522.9	-0.0359401092593254	0.000497683120699177	0.0070523546610187
PF01380.25	-0.0319023393673175	-0.00721098681615312	-0.0175924625302074
PF06114.16	0.0082159245736074	0.0185838498988156	-0.0477928420833932
PF01381.25	-0.00380596813059659	-3.25786834448588e-05	-0.0718091605538419
PF10543.12	0.0180486452392164	0.00585692834055345	0.00716748179425219
PF00004.32	-0.0187858982671471	-0.0159607641808679	-0.0563993999999705
PF16193.8	-0.00591576770866956	-0.0251493474155085	0.00936800256135231
PF12002.11	-0.00591576770866956	-0.0251493474155085	0.00936800256135231
PF00692.22	0.0123836610765082	-0.00777803896157846	0.0138276552520023
PF06605.14	-0.0180772121574781	0.0232180687379104	-0.00455646592011979
PF18013.4	0.0117839926019684	0.0151362107051341	0.00408741711765444
PF01551.25	-0.00923467547744446	-0.00461263661704344	-0.0451052887132277
PF10651.12	0.00359102512094275	-0.00456820016143392	0.00350522260161221
PF00005.30	-0.0169731229152962	-0.00570091393800002	-0.119088329986154
PF12848.10	-0.0172357039867404	-0.0162243013141506	-0.0289348684634114
PF06971.16	0.00317093913883968	0.00837190307863775	0.019605280760803
PF02629.22	-0.00977675360956901	-0.0058112562796117	0.0233487907172132
PF00156.30	-0.029552248909444	-0.00191813868613202	-0.0177710707433193
PF01979.23	-0.0178584130501874	-0.0103968266481416	-0.0352956611598894
PF00730.28	-0.02774441292972	-0.00900385639401732	0.0078933062189374
PF10576.12	0.0197161848773884	0.0187167234724178	-0.000347045267422136
PF01784.21	-0.00783253201516612	-0.00721382432801824	0.018287051477332
PF01521.23	0.0219983877642317	-0.00220028933482113	-0.00378081500207878
PF08282.15	-0.0344995458476723	0.00460503760037579	-0.011299480495713
PF01966.25	-0.0308031268572732	-0.00481310084022143	-0.0427058935916785
PF00829.24	0.0228767918461911	0.0029945450089361	0.00617655967368835
PF06325.16	-0.00789387175105971	-0.00220826474827571	0.0126927630907959
PF04327.15	0.0136192526246869	-0.00246615732140906	0.0188577057364027
PF01016.22	0.0167772095470996	0.00457905022240709	0.011021264604477
PF01566.21	0.0146159896001197	0.00429021294949673	0.00720707978490017
PF02562.19	-0.0072502600361914	-0.00301723328941743	0.0109421702484647
PF02130.20	0.00968719810831194	-0.00429524937830982	0.0154106656668071
PF20260.1	0.000506277478547454	0.0254979607011605	0.0144745607324704
PF04452.17	0.000542005246465212	0.0226390907210701	0.0147036563911592
PF02091.18	0.01348631531539	0.0249233228442779	0.00474884186277954
PF02092.20	0.0356978958577091	0.0218710603665034	-0.00961203412303551
PF05979.15	0.0137571626906792	-0.00573109879067836	-0.000567239950904159
PF00654.23	0.0346749944534436	-0.0459574707816635	-0.00283798872312219
PF01522.24	-0.0347296077923507	-0.0124618898882336	0.00636936843360171
PF17767.4	-0.013615317741031	-0.00699320101072136	0.00650667336105672
PF04095.19	-0.015514069375719	-0.00554696098342533	0.00871483436250829
PF17956.4	-0.0148558964087026	-0.0066919269211121	0.00771284141188295
PF00583.28	-0.0102518098854636	-0.0116053744581207	-0.038958011215269
PF02540.20	-0.0271773851546666	-0.0249546282991943	-0.00151875785352958
PF02687.24	-0.00388625204954177	0.00350231152935695	-0.114912376640319
PF12704.10	-0.00314241939931877	-0.00943218011781227	-0.0535151189304175
PF07685.17	0.0265302670355382	-0.0303766150834386	-0.00455022786695132
PF08245.15	-0.0241892639911423	-0.0320469965458426	-0.0227895895520635
PF08353.13	0.0227016984429722	0.0110267724518238	-0.000783644795237907
PF03306.16	0.0197123802310379	-0.00398432547515714	-0.00581259787234797
PF00009.30	-0.012963206385879	-0.0147118766314904	-0.0718197475666924
PF03144.28	-0.0113561152658042	-0.0162638813321762	-0.058374864097062
PF14492.9	-0.0121370444971086	-0.0100974634868789	-0.0461227811982016
PF00679.27	-0.0109310320300146	-0.0166357768366785	-0.0599057071963713
PF06421.15	-0.0111216594334	-0.0217596723279723	-0.00362522722054053
PF13328.9	-0.0142462625439067	-0.0105169342225965	-0.00955192248937565
PF04607.20	-0.0311164990541509	-0.00546926739941436	-0.0127709428675709
PF02824.24	-0.0227029282038055	-0.00942412921469133	-0.0164924383197456
PF19296.2	-0.0207285762093897	0.00672534662617358	-0.00286205859330906
PF13291.9	-0.018388327677509	-0.00753156907692392	-0.00826122717799838
PF13460.9	0.0234758975587108	0.0275887674790713	-0.00661065106971927
PF13520.9	0.0102724563851827	-0.0479718663857727	0.000418360965066697
PF02424.18	-0.00548435920824336	-0.00846666328321114	0.00841190330974333
PF04203.16	-0.00303702351656704	0.0106409720737277	-0.0418836917044116
PF00580.24	-0.0243119108842906	-0.0257046934259066	-0.0275741740757289
PF13361.9	-0.0138783502957164	-0.0280002689081246	-0.0411241324348577
PF03352.16	0.00145960776846341	-0.0123675824717762	0.0123842918970654
PF00890.27	0.0339022356533467	-0.0678161354592334	-0.0101654542425258
PF00056.26	0.0183645520490195	-0.028044766146527	0.00879985558958151
PF02866.21	0.0160922817685321	-0.0265707658572618	0.00973273085227932
PF02580.19	0.0251926027257128	-0.00166152718007159	0.00214286248529592
PF13580.9	0.0263323894577283	0.0191853930807179	-0.00465933116800368
PF00367.23	-0.0547051011468643	0.0455987582605154	-0.00692451387200275
PF01418.20	-0.0161249437711184	0.0133943864433272	0.00183984185131969
PF13238.9	0.0230589131066777	0.0172392982344838	0.00690059193494974
PF01183.23	-0.0329372096011735	-0.00424477946186129	-0.00134373193473436
PF01643.20	0.000643379716292428	-0.00378017287031667	0.0118522389669643
PF00478.28	-0.0071465608314179	-0.0221111149786875	-0.000639324711466587
PF00860.23	-0.017018734314897	-0.00448480528971233	-0.00823512528612323
PF13419.9	-0.0207634619557344	-0.013652144861821	-0.0238485046945274
PF00588.22	-0.0263157779910132	-0.0108475606602275	0.0142420645062396
PF00186.22	0.0171054135147691	0.0119659810054698	0.00532975130927249
PF06689.16	-0.0129469991279404	-0.0121484141760598	0.00677525983442804
PF07724.17	-0.0264510067243541	-0.0188374853102235	-0.0313690182168112
PF10431.12	-0.0268322557125067	-0.0203488980500819	-0.0295577935961714
PF01926.26	-0.020111413636373	-0.0221309633646791	-0.0431092504234516
PF02152.21	0.0066993070764749	0.00503419638232312	0.00333088257090431
PF01288.23	0.00163772414562325	0.0183876229563548	0.00618778660257137
PF01227.25	-0.00713946910955672	0.0245958026375801	0.0135503000682639
PF01712.22	0.0411179452306732	0.0202037354060846	-0.0145956458753492
PF03447.19	-0.0176572953426137	-0.0173385861789223	0.0236670032162737
PF00742.22	-0.0175988906767563	-0.0164155210671485	0.0235297545569075
PF01565.26	-0.00543751386387809	-0.0386702864844932	0.0201184487863132
PF02873.19	-0.00571676882488432	-0.0332952798078464	0.0222680783284371
PF08402.13	-0.0136845625943616	-0.000148459708238225	-0.000418871018678942
PF00528.25	-0.0170725343238176	-0.00123003812414648	-0.0854253279716801
PF13416.9	-0.0321289723994877	0.0150384339349292	-0.0498562417998378
PF01553.24	-0.0111745326599701	-0.0215663215330964	0.0130415679496938
PF00122.23	-0.0173460668128362	-0.0291784245037167	-0.0412884682497962
PF01594.19	-0.0322619501578824	-0.0117702083787504	0.000683093436830593
PF13424.9	0.0110367360462317	-0.0173905971760713	-0.000898969452136123
PF02525.20	0.000509050027785649	0.0136413797761185	0.0124151274209646
PF02776.21	-0.0136508881271976	-0.0157831814626116	-0.0248731422043172
PF00205.25	-0.00791095787134924	-0.0150836037472361	-0.025306532417511
PF02775.24	-0.0084637186388955	-0.0197801643390457	-0.0558117164808869
PF07517.17	-0.0150289047126172	-0.0238083952477743	-0.0123635169781663
PF01043.23	-0.0150289047126172	-0.0238083952477743	-0.0123635169781663
PF07516.16	-0.014804439091497	-0.0237061273182532	-0.0126267616635845
PF02810.18	-0.0187269723915722	-0.00362257048692355	-0.0206387928347934
PF13276.9	0.00644536179663374	-0.00890954532254678	-0.0387308685340439
PF00665.29	0.00614621529048595	0.00206811825397252	-0.0773852646753494
PF13333.9	0.00221010772322951	-0.00295158481383937	-0.034865530791591
PF00793.23	-0.01187447950541	-0.0190369419559056	0.00357631553979931
PF11797.11	0.0256834363903368	0.0114572187689221	-0.00764934063338847
PF00381.22	-0.0171923289508843	0.012273135750413	0.0215559690353722
PF00872.21	-0.0104968421803194	0.0139856499641846	-0.043703980576697
PF08206.14	-0.0270824883685441	0.0191943753083062	0.00968036559331338
PF17876.4	-0.0263748016696177	-0.0189925836374969	0.0118031625341103
PF00773.22	-0.0263748016696177	-0.0189925836374969	0.0118031625341103
PF00575.26	-0.0172665305317376	-0.0167939365401925	-0.0607697415218834
PF00155.24	-0.0220045538999846	-0.0208998577856636	-0.0452341258998461
PF13393.9	-0.0210253267130308	-0.0107165803570851	0.000744694042384442
PF01634.21	-0.00715912609540806	-0.0190336188781014	0.0268872339216786
PF00815.23	-0.0167856522729908	0.00628628084065549	0.0191919132429024
PF00475.21	0.00565061280164692	0.0044275915075168	0.0176599192548614
PF01636.26	-0.0268545945510587	-0.0202768603091739	0.015250236152771
PF00117.31	-0.024202721813478	-0.022988768096317	-0.0203151755894608
PF05524.16	-0.0380214434108568	-0.00254526460746083	0.00918961437632296
PF00391.26	-0.0242960327177984	-0.00714026550857934	-0.0349298155328239
PF02896.21	-0.0190452213125027	-0.0120872806269893	-0.032096849220069
PF00977.24	-0.0290768669606461	-0.00942288086070223	0.0142591198207539
PF02811.22	-0.0234262580384298	-0.0136701780878372	-0.0414122065162277
PF00581.23	-0.0130997612633165	-0.0229619413781694	0.00185336559350754
PF00180.23	-0.0124053835541303	-0.0214236330453924	-0.00390425314570834
PF01195.22	0.00979517897604003	-0.00578950312898033	0.0079294455081568
PF00920.24	-0.00754025265033377	-0.0282344204268542	-0.00127964222672465
PF07991.15	-0.011273948891693	-0.0107229444194574	0.0143734503629388
PF01450.22	-0.011273948891693	-0.0107229444194574	0.0143734503629388
PF00291.28	-0.0154390531791059	-0.0131551531713746	-0.0283198686847928
PF00585.21	0.00529800528928864	-0.00505183012963035	0.00150199298679574
PF01131.23	0.000983922363660909	-0.00479130183510034	-0.0599378440391823
PF01396.22	-0.0256906888106466	0.00935080035632119	-0.0175745266825326
PF02575.19	0.0154983466540156	0.0114114882363518	0.00851561117102444
PF01134.25	-0.0208356775087133	-0.0235983261086154	0.00223559744407757
PF13495.9	-0.00998398729200074	0.0137858708304185	-0.0213876402899662
PF00589.25	0.00343094758006285	-0.000558391524683173	-0.104128033526052
PF05222.18	1.76226770232644e-05	-0.00455230922610013	0.00870649842128806
PF01262.24	-0.00112076741678732	-0.0036384160507412	0.010002801000492
PF03780.16	-0.000491817716155504	-0.000238913473591651	0.0148036797047355
PF01325.22	-0.00500188606025714	-0.00811141874062554	0.0135262193907294
PF02742.18	0.00253143145795664	-0.00937192247814934	0.0158895527734969
PF00690.29	-0.0206320016967044	-0.0163333501268804	-0.00481306860792248
PF00702.29	-0.0161730742393843	-0.0253057864021666	-0.0438810976097652
PF03062.22	-0.0470539574206566	0.0169512240511376	-0.00194860425675022
PF00501.31	-0.0128990943059172	-0.0153470980925421	-0.0282784461183426
PF13193.9	-0.015414304238532	0.00662210508815469	-0.00940860667914862
PF07690.19	-0.0241982171790168	-0.0337264051693888	-0.0302416130612165
PF08543.15	-0.00667800606363286	-0.0163381135835053	0.00626320038216189
PF16320.8	0.0107298409555061	-0.00833865374230675	0.00965757797557124
PF00542.22	0.0107298409555061	-0.00833865374230675	0.00965757797557124
PF00466.23	0.00181782800198449	-0.00376917317259592	0.0151244122018439
PF00717.26	0.0138654794621386	-0.0366751800036828	0.0110245326814194
PF00764.22	-0.00831428895547152	-0.0085540021923728	0.00117466266549929
PF00664.26	-0.0189533515546377	-0.00235318610371848	-0.0667724832526763
PF01479.28	-0.0199005709943434	-0.0197097274586047	-0.0174980514124227
PF00849.25	-0.0198630286120681	-0.0267836079064852	-0.00505933548716157
PF00571.31	-0.013420092192424	-0.0303591050505642	-0.0492386298432454
PF00206.23	-0.0171598721932591	-0.0168023615277825	-0.00920243728347797
PF14698.9	-0.0146194835459484	-0.0103263330342102	0.0121760002529811
PF01177.25	-0.000430282014191653	0.000419717564687426	0.0111363050876906
PF14691.9	0.0112729446437414	-0.00843899628969401	-0.0338117584380176
PF07992.17	-0.0119622590845904	-0.00371534888493305	-0.0557293491108521
PF00310.24	0.0151866789647693	-0.0298226897399096	-0.0280415640418292
PF04898.17	0.0383633936932992	-0.0424040910169235	-0.0291823163750409
PF01645.20	-0.00396572419713968	-0.020668222954865	-0.0248252856857337
PF01493.22	0.0207634124323674	-0.0372142646211423	-0.0244844253102408
PF00132.27	-0.0202575499266173	-0.0278539630703504	-0.00635708259183277
PF01063.22	-0.00343719306755814	-0.0112704551583283	0.0105103375874352
PF00282.22	-0.0254542510823541	0.0105777643583339	0.00849910578159152
PF01351.21	-0.0014011815184547	-0.0118821271131657	0.0130791079561753
PF13508.10	-0.0251304572248032	0.00628458523739296	0.0247600065792189
PF00557.27	-0.027219560123677	-0.0136223289377004	-0.015794083168246
PF12802.10	-0.0170874221777784	-0.0220066887074869	0.0105910145412133
PF00825.21	0.0208787394609391	0.0118217937562355	0.00686678683875489
PF03960.18	0.0168907974434071	0.00603375861622131	0.0101497506791576
PF04715.16	0.000398303562042585	0.00051576772638812	0.0115839680625992
PF00425.21	0.00527328493491821	-0.0231135227430526	0.0158060266808685
PF13476.9	-0.0322689740802128	0.00933821053452439	-0.00155515312797972
PF13558.9	-0.0363718226752242	0.0162651260373212	-0.0124393277320968
PF17757.4	-0.0182692463589733	-0.0198233332598041	-0.030760400744154
PF02559.19	-0.0242165169912958	-0.0159262277481241	-0.0130100953624052
PF00270.32	-0.0178382910992903	-0.0262060417706039	-0.0494173603406591
PF00271.34	-0.00999522094042475	-0.0201046978645528	-0.0792041610992216
PF03461.18	-0.0230929468421683	-0.0172507926854281	-0.0106093501523529
PF02096.23	-0.0129417689808192	-0.021752435137114	0.00799898647370397
PF05833.14	-0.0167250021395947	0.00376809295601754	0.0139363628660593
PF05670.16	-0.0165629848960211	0.00376942446161296	0.0138591906726943
PF02653.19	-0.0268233969980674	0.0130812218459546	-0.0514483592180862
PF14804.9	-0.00787879371519933	-0.00667058111867719	0.0187880182885166
PF13083.9	-0.0102815071123861	-0.00861145964195469	0.0189874474881204
PF01424.25	-0.00793224534868825	-0.00587287030823593	0.0185051519332715
PF00224.24	-0.0213517023554412	-0.0162211299650219	0.00836355384013874
PF02887.19	-0.0225069369087474	-0.0148717853258464	0.00987396801825113
PF00365.23	-0.0268613733718484	-0.0154511913877967	-0.00921318310332659
PF05816.14	-0.00803810794070211	0.00515804689281368	0.000329928245325263
PF10112.12	-0.0204457354461209	0.0189522313069038	0.0182114043791098
PF01210.26	-0.00174076873766865	-0.0146047945641953	0.0127135184386047
PF07479.17	-0.00219635561591595	-0.0137409078855562	0.0123456365757563
PF20618.1	-0.00219635561591595	-0.0137409078855562	0.0123456365757563
PF00483.26	-0.0282530291330889	-0.012950271158253	-0.0230768649401417
PF00348.20	-0.00229480434463651	-0.0244800047777549	0.0177021856688728
PF02527.18	-0.00107721250991108	0.02032130256524	0.0101142030059091
PF00215.27	-0.00761066486968323	-0.0102612228690162	0.0187625363439179
PF01180.24	-0.0153932722754642	0.000596762489964317	-0.00182760618547557
PF00175.24	-0.0164180078409435	-0.0170149768883777	0.0149683638799681
PF10418.12	-0.00901914440319131	-0.00850106642075156	0.00257590819830271
PF13421.9	-0.00748734162598243	-0.0101769649017598	0.0133053517434689
PF00248.24	-0.00445466620479756	-0.0180254058532058	-0.0376480749153334
PF02786.20	-0.0317819094854773	-0.0116837367080766	-0.0418077546604414
PF02787.22	-0.030636051638596	-0.0116595261896182	-0.0217980201271965
PF02142.25	-0.0237977031026078	-0.0176416250082053	-0.0278801226187025
PF01832.23	0.00174180307265657	-0.00379791364359266	-0.0333969601012246
PF00689.24	-0.0204218578752024	-0.0163322228973906	-0.00482966291895326
PF02677.17	-0.00117610217243398	0.00714051382987973	0.0164800151359073
PF18885.3	0.00773280725522373	-0.000932652376941169	-0.0033170820946866
PF01844.26	-0.00410342874080782	0.0176972482796189	0.00868627086056699
PF02517.19	-0.0293198000933002	0.00237805117216316	-0.0146009280077478
PF00436.28	-0.0167326057824245	0.0104279690083065	0.0066991985349803
PF14657.9	0.00909896637010976	-0.00315999061925876	-0.0400799636552321
PF14659.9	0.00719824782019183	0.00217731549338068	-0.0767229100094365
PF00512.28	-0.0174641722147793	0.00383647686081987	-0.100298888707806
PF00392.24	-0.0209827897929031	-0.00741069855726701	-0.0383822572443372
PF07702.16	-0.0245556258369257	0.00911172214464714	0.0115884197864212
PF02608.17	-0.0129641498382839	0.00309126973992905	-0.0147902128492826
PF01791.12	0.00454833891734184	0.0191136738022049	0.00419358803951705
PF02885.20	0.0153105948974696	-0.00968582911151061	0.00561209036985945
PF00591.24	0.0150472750897261	-0.00926188874096307	0.00520411029101388
PF07831.16	0.019596940142788	0.00873125062347431	-0.00625290593888129
PF05175.17	-0.0190170259293222	0.00363002153016349	0.0164988452071741
PF00485.21	-0.0148344485937768	0.0113131644178902	0.0023092381902081
PF01545.24	-0.00549009260977414	-0.0246599094210695	0.00651013631093316
PF04069.15	-0.00641468330012514	0.0390001021462359	0.00712391927623015
PF02080.24	-0.0151876028378134	-0.0422651874438944	-0.0112593321974267
PF00232.21	-0.045187680093236	0.0276580655553918	-0.0155932886850689
PF00358.23	-0.058649737913311	0.0442381198968656	-0.00214791681701522
PF03123.18	-0.0283104930665183	0.0120994829691784	0.0176840106810051
PF00874.23	-0.0503183585882836	0.0388934764089932	-0.0150747758982405
PF06135.15	0.0235184591520996	0.0104684885599752	0.0033706802846274
PF01047.25	0.0108751384915993	-0.0145940198286612	0.00857208049128751
PF00881.27	-0.0159893571712525	-0.0133788383590891	-0.0145933147964336
PF03652.18	0.00858933855902699	-0.0085816870051777	0.0145424952542267
PF13411.9	-0.0170260379651928	0.00513193285568114	-0.0386196813213976
PF00106.28	-0.00845883778153205	-0.0150640228808075	-0.009378031465158
PF13292.9	-0.0153182088472769	-0.015395699034929	0.0071010740097675
PF02779.27	-0.0157306951151524	-0.0315391987899056	-0.00819165032939373
PF02780.23	-0.0160323948873701	-0.0257188597525337	-0.00791933082682501
PF01554.21	-0.0118713678346733	-0.00831511605689124	-0.0918724893816349
PF00958.25	-0.0274362232061376	-0.0174168218797491	-0.000544499783941102
PF00480.23	-0.0369277111246627	-0.00317671341454583	-0.0121090153781165
PF06949.14	0.0139240019856282	0.00621245854194732	0.00767766242008562
PF04616.17	0.0376369272431398	-0.0459859182682843	-0.00790707308612704
PF17851.4	0.00550834909539699	0.00510715049299495	0.0101572723338263
PF01263.23	-0.0304204812210445	-0.0119470687211711	0.0226225004957208
PF01261.27	-0.00348603802525826	-0.022944307890539	-0.0143043838301128
PF07883.14	-0.00373841865398244	-0.0144461611242651	-0.00792044591694455
PF12833.10	-0.0211524358895186	0.0083422027157012	-0.0715709561155107
PF02222.25	0.00870450752927441	0.0213123580819709	-0.00237179227985383
PF17769.4	0.00808644449041585	0.0346878387381984	-0.00303567371321393
PF01370.24	-0.026223560592953	-0.0272823190127423	0.00541539976983179
PF00551.22	-0.0247185610696073	-0.00901580040280103	0.00805668171953585
PF00586.27	-0.0206852474227833	-0.0435776599641789	0.00963456657995428
PF02769.25	-0.0231443994279043	-0.0312023593692204	-0.0196644704196488
PF02861.23	-0.0289315062313451	-0.0234469211479139	-0.0290579655039615
PF17871.4	-0.0253714950141604	-0.0241795861031826	-0.0184632186604345
PF18072.4	-0.0256793400725172	-0.0206870218209877	-0.00601675782388916
PF13507.9	-0.0251466639043243	-0.0120861279296586	-0.00681729514383853
PF01259.21	0.00503389519062831	-0.0191204597139609	0.00807661984331543
PF00303.22	-0.00159105925164507	-0.00849309523492146	0.013255651903902
PF00128.27	-0.0300644392112065	-0.00050034343213496	-0.0506569033873907
PF02806.21	-0.0363432911870016	-0.000642660862972043	-0.00615237035575744
PF08240.15	-0.00589602443123065	-0.0184712550646614	-0.0168901337714876
PF00107.29	-0.00672745302143686	-0.0225670708121214	-0.015382075105879
PF06541.14	-0.0175755463480649	0.00851706192178754	0.00480019907824413
PF01625.24	0.015300520942586	0.00629470439480629	0.000169250253773725
PF01408.25	-0.0152780047022523	-0.033713991548983	-0.00889151745079268
PF02894.20	0.00357912834276964	-0.0166750626399584	-0.00325901846391836
PF16326.8	-0.0209927450337449	-0.0276201864288354	0.0114432649330596
PF03577.18	0.013529725057276	-0.0063667188899229	0.0152491417962935
PF02645.19	-0.02459473588162	0.00337718568753782	-0.011559878517015
PF00886.22	0.0279929955850609	0.0100628148028659	0.00125645981911084
PF00108.26	-0.0116495686731243	-0.00137440577182365	0.00748913662757349
PF02803.21	-0.0116495686731243	-0.00137440577182365	0.00748913662757349
PF08540.13	0.0102191450213648	-0.0024933719681926	-0.00284768380586734
PF17961.4	0.0228125200587756	0.0142542023441902	-0.00943367961421482
PF05737.15	0.00441418497043851	-5.70649215253269e-05	-0.00242588747833984
PF17802.4	0.00354729510168894	0.0170990451148263	-0.164851693161012
PF00746.24	0.00912530105085895	-0.00417738570826768	-0.0369474932346366
PF01182.23	0.00414206504057159	-0.0180224717415526	0.0105550771416821
PF13731.9	0.0245423645667516	-0.00887663108607732	-0.00525809963283669
PF01702.21	-0.0131547657189225	-0.0151666717152701	0.0183736083238192
PF01018.25	-0.00960349412892081	-0.015808274375301	0.00978208423080523
PF09269.14	-0.0106946173322215	0.00607600860367394	0.00910708621786553
PF08478.13	0.00358272909017921	-0.00667717901888905	0.00981166759773295
PF03799.18	-0.0140181463893684	0.0386144021738473	0.00284126092561535
PF03033.23	-0.00762112297989725	-0.0109394382414999	0.00949482682489523
PF04101.19	-0.0427148193855485	-0.00838411088509772	0.0139311673578507
PF01197.21	0.0256941637076421	0.00288928386286332	-0.00376717338366934
PF00988.25	-0.0175529994214721	-0.00278051878884278	0.0179835495549386
PF02729.24	-0.0112261155474026	-0.0135852466376761	-0.00989126539309307
PF00185.27	-0.0111310595371205	-0.0135834515388633	-0.00993546020137106
PF00171.25	-0.0325558864623368	-0.021836028111306	-0.00754436122947621
PF00696.31	-0.0187860636041491	-0.0172950212355654	-0.0192378367057594
PF04282.16	0.00135784318327282	0.0312144080946695	0.000599409956911264
PF01814.26	-0.0322124388743889	0.00136563179687116	0.00843728339444018
PF13596.9	0.0239431603889433	0.029125724540705	-0.00768434046964758
PF02881.22	-0.0205243022522863	-0.00537292292132463	0.00019334747348413
PF00448.25	-0.0265430779703423	-0.00790684878996839	-0.00369557195030859
PF02978.22	-0.0157443223824405	-0.00845933588406108	0.0106298852798259
PF00753.30	-0.0196990476980399	-0.00171794944481069	-0.0499039163575161
PF07521.15	-0.0169144909930437	-0.0163317041370071	-0.0147226303637128
PF17770.4	-0.011661889804709	-0.00487743980759299	-0.00381277229846664
PF01118.27	-0.0216524288685112	-0.0133927329949941	0.00835000034765917
PF02774.21	-0.0139079462906213	-0.0197392022659425	0.0148331929655235
PF13930.9	0.0195948664684535	0.00274531372641882	0.0045512212418073
PF00230.23	0.0184844921007101	-0.00588440714767541	-0.00397419416178306
PF00456.24	0.00152709697953477	-0.0247394378592928	0.00607179530409832
PF01081.22	0.0250904910514555	-0.00844907033286519	-0.000582889992681541
PF02614.17	0.0267054196121734	-0.0095049901577173	0.00144396293708138
PF13347.9	0.0194554451808252	-0.00438077362889377	-0.0297843659122667
PF03786.16	0.00585458495539021	0.00742450006843329	0.0118155182387619
PF01232.26	0.037595326683674	-0.0369630852994686	-0.00517214244612465
PF08125.16	0.037595326683674	-0.0369630852994686	-0.00517214244612465
PF07729.15	-0.00763967847413927	-0.0194806611475478	0.00425268167339603
PF13407.9	-0.0362146190756432	0.0182569772007665	-0.034770584449372
PF00356.24	-0.0186193975596279	0.00394877628163371	-0.0389225079315638
PF13377.9	-0.0218365261255946	-0.00139523727579447	-0.0409674220662808
PF10397.12	-0.0169429469254704	-0.0109216448860473	0.00874222587072047
PF00488.24	-0.0307343714731476	-0.00326637846777127	-0.0233230664307344
PF20297.1	-0.0246719656849576	0.0083930045263166	0.00256691310287077
PF01713.24	-0.024852983043085	0.00737880591042579	0.00276172452498968
PF01321.21	-0.0228841709260953	-0.00587862839928871	0.000143917484525848
PF02926.20	-0.026566556566783	0.0126744470702453	0.0093779257779661
PF01170.21	-0.00911907985595399	0.00104957676149247	0.0130018719983862
PF05103.16	0.00901317022599408	0.0129325955933275	0.0075842049644552
PF06144.16	-0.00160132405498498	-0.020285568112817	0.0154222822222832
PF17854.4	-0.0260511151348052	-0.0119295050699984	0.0072546925867102
PF01580.21	-0.0200533637139429	-0.00583905345726486	-0.0217224377117447
PF09397.13	-0.0259829771982364	-0.0114139043476209	0.00717170067354547
PF01515.22	-0.0297410437115719	-0.00344775919964084	0.00755736068605122
PF01209.21	0.00182935211299239	0.00713972906854788	0.00592318575304167
PF12698.10	-0.00657494006716717	-0.0195204647023645	-0.0107028231528582
PF01061.27	-0.0225037264930872	-0.0209849725147228	-0.00322861001793291
PF06018.17	-0.00196920293672187	-0.00426961639010045	0.0150476189830817
PF08222.14	-0.00196920293672187	-0.00426961639010045	0.0150476189830817
PF03636.18	-0.045295954207721	0.0446305267423806	0.0103948723103981
PF03632.18	-0.0453722690690292	0.0448191617812385	0.0102637207952602
PF03633.18	-0.045295954207721	0.0446305267423806	0.0103948723103981
PF12464.11	-0.0202065086774703	-0.00229399831243554	0.021700347208184
PF02686.18	0.0164976447409977	0.0278773973192908	-0.00267736269885531
PF02903.17	-0.0239219879277955	0.0276954770938574	0.00423313783276305
PF01425.24	0.0146765626904086	-0.0233934561026932	0.0134562212295414
PF03816.17	-0.0204486953291044	0.00778629543743427	0.00400149639370524
PF03610.19	-0.0472591346178624	0.0131638453807782	0.0205474556425901
PF03830.18	-0.00751305495978867	-0.0116368711687258	0.0246556556600969
PF03609.17	-0.0191476779406167	0.0147926169669651	0.0180287256998123
PF03613.17	-0.0176200229448384	0.0190511183628676	0.0105266567473156
PF06115.14	0.0197955201647948	-0.0022276984436094	-0.00298162604385712
PF02934.18	0.0217243733909323	-0.0262683694577585	0.00219737010248166
PF02637.21	0.0217243733909323	-0.0262683694577585	0.00219737010248166
PF02403.25	-0.0093926500211605	-0.0101353540875297	-0.00504483277789086
PF00587.28	-0.00577777565307611	-0.0158327765330275	-0.0515086112218694
PF00300.25	0.0259784310660032	-0.0354831694555553	-0.0072046329079342
PF01895.22	-0.0213595455276889	0.0039670390569345	-0.0344749468454639
PF12849.10	-0.000234880485471836	-0.00658949977620401	-0.00708997260840583
PF01668.21	0.0144792468268085	-0.00330911481363424	0.0100264233301963
PF01411.22	-0.0182878919941891	-0.0200960558181342	-0.00887346699534118
PF07973.17	-0.014854187239694	-0.0116518163786882	-0.0360977825092297
PF02272.22	-0.019522391898589	-0.0152250919255491	-0.035405949380887
PF13145.9	0.0176578925256091	-0.0114158237974531	0.00452752427518816
PF08439.13	0.0137995267192347	0.0190944642776006	0.00386563995582168
PF01432.23	0.00962146966529652	-0.0388795039180235	0.012532351900814
PF06054.14	0.016024253980299	0.0065549936973567	-0.000348909963874865
PF02754.19	0.0138308696311929	-0.0075292642437385	0.000154667618702148
PF02589.18	-0.000332525933636138	0.0082362636078912	0.0138208381227225
PF13183.9	0.018512087413105	-0.0153301156543649	0.00651548920170836
PF01027.23	0.026664107397507	0.0149091218967268	-0.00401164993090432
PF00781.27	-0.0228281398331142	-0.0176023583323156	0.0156756880870533
PF19279.2	-0.00219368033507837	-0.0179914250324639	0.0112306533858934
PF01649.21	0.0173123345238072	0.0181300694287071	0.00803408145320939
PF14490.9	-0.0167028425128199	-0.00100992565398774	-0.00435512861081832
PF13604.9	-0.0129271343545148	-0.000465983191652816	-0.0134994433160953
PF18335.4	-0.0166095776260644	0.00694224853783414	-0.00548182510664345
PF13538.9	-0.00636121200663778	-0.00540109574143815	-0.0205919928832457
PF02153.20	-0.00953909350125279	-0.0158365981236827	0.0224795147317858
PF20463.1	-0.00953909350125279	-0.0158365981236827	0.0224795147317858
PF04892.15	-0.0214183548038143	0.0112731794748392	0.00697272520054655
PF00313.25	0.020492515177546	0.00991849034416027	0.00535293326960455
PF01264.24	-0.00953739546655834	-0.00312757403965962	0.0163451130707236
PF04657.16	0.00868318289120609	-0.00174304516868059	0.00723142985025388
PF01761.23	-0.00660877102802578	-0.0239216994909733	0.018000549126846
PF08501.14	0.0055028820893793	-0.00329749651710751	0.0115752986579585
PF18317.4	0.00308621535351741	-0.000220778232986941	0.0137609822925533
PF09335.14	0.0283888190715392	-0.00484073756123407	0.00433017760900029
PF00497.23	0.00042927608121656	-0.0386577367002836	-0.00796562850969165
PF01812.23	0.0165035028059238	0.00595412203420685	0.00615598796321861
PF02823.19	0.0213609835938843	0.00876766770158926	0.00172474678530172
PF00401.23	0.0221121846569582	0.00353856464433322	0.00133563152270384
PF02874.26	-0.00205055972320516	-0.0163525692660112	-0.0456420895306471
PF00006.28	-0.00382458233173321	-0.0209048712395935	-0.0490751581559808
PF00306.30	-0.00751444225885711	-0.0259425483853346	0.0097729267507288
PF00213.21	0.0181438560981357	-0.0058459727268307	0.0122395250736921
PF00430.21	-0.00317659705202107	-0.00233765652186403	0.0189862757500881
PF00119.23	0.00422999456422072	-0.00820357698212236	0.0132511959422557
PF01694.25	-0.0100662410354008	-0.00420680841764094	0.0188090856186138
PF00137.24	0.0176759494986853	-0.00512649811538418	0.000313268979973717
PF13732.9	-0.00461809767694134	0.0144998050719748	0.0133385756836865
PF03600.19	0.0169987515057371	-0.0461460088253326	0.0152258226323258
PF11687.11	-0.00783116284673693	-0.00255136688906272	0.0120540663762884
PF19295.2	0.0233970406869545	-0.0298405206258016	0.0126256855327569
PF01458.20	-0.0141775498164251	-0.0357862776032678	0.0217347526368021
PF01592.19	0.0193230629207053	-0.00105457961835611	0.0100205567747119
PF00266.22	-0.0209571765101201	-0.0132132293161824	-0.0194925303235681
PF05389.15	-0.00549563714539604	-0.00498497545410498	0.0186363310189616
PF04997.15	-0.00842567438928285	-0.024947444619973	-0.0356849384030048
PF00623.23	-0.00961489444854682	-0.0262214742828091	-0.0518132115227367
PF04983.21	-0.00842567438928285	-0.024947444619973	-0.0356849384030048
PF05000.20	-0.00842567438928285	-0.024947444619973	-0.0356849384030048
PF04998.20	-0.00842989910997105	-0.0248726967834636	-0.0357776087935535
PF19200.3	0.0219512988732161	0.0328043780219595	-0.00484854605585928
PF05913.14	0.0219312154067822	0.0330259893624415	-0.00482759677184093
PF04563.18	-0.00804523383594047	-0.0210687896415835	-0.0374935253348704
PF04561.17	-0.0114862137716977	-0.01281848220733	-0.0531880684850113
PF04565.19	-0.00804523383594047	-0.0210687896415835	-0.0374935253348704
PF10385.12	-0.00800463092071376	-0.0210954973061153	-0.0374924554718267
PF00562.31	-0.00806427919480155	-0.0215395290302587	-0.037450827189739
PF04560.23	-0.00804799892315006	-0.0215470935292528	-0.0374224474938017
PF05649.16	0.0291691508888549	0.0030278383565288	-0.00372713167856698
PF01431.24	0.0291691508888549	0.0030278383565288	-0.00372713167856698
PF01943.20	-0.0389246959025637	0.00338862290567922	0.000729136064597978
PF14667.9	-0.0212244499676731	-0.00920105458067419	0.000898187890177525
PF02875.24	-0.024053269187701	-0.0320943673820866	-0.0159517488660862
PF16124.8	-0.0105016991706261	-0.0252389989756066	0.00153577866754522
PF09382.13	-0.0135869898908416	-0.0226205268298577	0.00495106959079586
PF00570.26	-0.0107314352912365	-0.0234634094974664	0.0015221539036349
PF13457.9	-0.00234392804342633	-0.000456369279900148	0.000667866730314465
PF13354.9	-0.00459154979239979	0.00894640941133197	0.00962172298891865
PF01546.31	-0.0106291903300264	-0.0217899425928791	-0.018145589422593
PF07687.17	-0.0149137602473878	-0.0214011808061917	-0.011154948055546
PF08820.13	0.0121635483530767	-0.00140522544959594	-0.00453245405343147
PF01368.23	-0.0151254749964835	-0.0208397519196638	-0.0272584985701002
PF02833.17	0.0235905410564004	-0.0402935658883346	0.00276369380987462
PF13353.9	-0.0301285967852029	0.00215391754904303	-0.0240703147829016
PF04055.24	-0.022927494929977	-0.00661211159763665	-0.0697750572565367
PF01595.23	-0.0241753299064059	-0.0330310473365646	0.00693496295624485
PF03471.20	-0.0221008666056335	-0.0311016193696033	0.00389566189591324
PF13673.10	-0.00453504087241496	-0.0100921898259688	-0.00482120198293461
PF17760.4	-0.0146594114784053	-0.0342763405953475	-0.0151024680937389
PF17755.4	-0.0125826881017818	-0.0284074084648723	-0.0186203017861848
PF01541.27	-0.0234274861749027	-0.0142999359054736	0.00400386900461908
PF00324.24	0.0239998311628994	-0.00338788249186479	0.00159145299553546
PF04263.19	0.0249730718491189	0.0190206423359451	-0.00154470663813505
PF04265.17	0.0237616932859372	0.020036373604007	-0.000388626927940555
PF01336.28	-0.0169524181904595	-0.0167287867950381	-0.042821013381149
PF00152.23	-0.0119205681649818	-0.0210009913937969	-0.0361937181987311
PF13307.9	-0.0244186833411359	-0.00615166088472586	-0.00501416701911616
PF00582.29	0.0269563344860315	0.00209430457337823	-0.000657788692658314
PF00496.25	-0.010667354332728	-0.0414737804029025	-0.00640747371071989
PF19300.2	0.00118416507251488	-0.0141441310229518	0.00612837352770905
PF08352.15	-0.0193215319785205	-0.0261548291396374	0.00282610920903225
PF00453.21	0.0144572400568406	-0.0174995878040571	0.014938777345296
PF01632.22	0.0185242505254107	0.0110967714483559	0.00184910326136916
PF05198.19	0.00475095528468405	0.00182232650644312	0.00838135152307315
PF00707.25	0.00475095528468405	0.00182232650644312	0.00838135152307315
PF13932.9	-0.0254151473156531	-0.0240748774651908	0.00912031531164371
PF01406.22	-0.0114437252128055	-0.0253473595601759	0.013434689996421
PF09190.14	-0.00876409393863346	-0.021320907940996	0.0117107619023396
PF01138.24	-0.00711553241961857	-0.0201722157769676	-0.0384253841770743
PF03725.18	-0.00127094727319765	-0.02523554664055	-0.0306497311454788
PF03726.17	-0.00865731874952452	-0.0243903441607891	-0.00879765738536761
PF00013.32	-0.011195578921191	-0.0109731929590086	-0.0343369326187797
PF13793.9	-0.0232770069828435	-0.00840432445872315	0.00346589060211519
PF14572.9	0.0125255450207773	-0.0258799539212487	0.0114280013648869
PF00149.31	-0.0217540097485743	-0.0187220466251104	-0.0248042331436946
PF03143.20	-0.0135248581304047	-0.0149016113333903	-0.00850804309109199
PF00133.25	-0.0118674122250739	-0.0195327899312063	-0.0531829509184609
PF08264.16	-0.011195289418038	-0.0175585470591036	-0.0543466210323538
PF06827.17	-0.000543624229641114	0.00192625900889044	-0.00240811033448749
PF17774.4	-0.000995717705524757	0.0176533323723945	0.00920857604196566
PF04472.15	0.00658107132672116	0.00992887177369443	0.0155303832129014
PF01168.23	-0.0269228174691321	-0.0172784989809934	0.0040509906113749
PF00091.28	-0.0167365486499052	-0.022639454109787	0.014967085604866
PF12327.11	-0.0175121406932604	-0.00160545558486494	0.013630952491036
PF14450.9	-0.0352695527490873	-0.00780407572297782	0.0239998131447803
PF02491.23	0.0260219682720471	-0.00954891808373904	0.00180534034354742
PF11983.11	0.0338267535758018	-0.00685788162490438	-0.0108618330748793
PF00126.30	-0.00676385111375772	-0.00748939934959575	-0.0335059273496342
PF03466.23	-0.0065079220414109	-0.00526014722344837	-0.0358855031795861
PF13394.9	-0.0232023286412744	-0.0135954399948569	0.00111201905142498
PF03051.18	0.0423866549890896	0.0125529933473068	-0.0135068925481717
PF01048.23	-0.0178589886580466	0.0106722595778983	-0.0067629898233025
PF00293.31	-0.00255853052588821	-0.0338126442935742	-0.00686684951863318
PF12804.10	-0.0188978723765002	-0.0107059832619503	0.00994524272512171
PF14602.9	-0.00112711897225857	-0.0125896869340228	0.0123094584505863
PF00069.28	-0.0309336123869781	-0.040154632991772	-0.00540278729232204
PF03793.22	-0.0184724175866321	-0.0164717482172395	-0.0360349919429958
PF13672.9	-0.0100126817296163	-0.00750653345887153	0.0100623417906798
PF01029.21	-0.0204687702219363	-0.0217588047010869	0.0213186507647327
PF01189.20	-0.00930254930761098	-0.0286301204877844	0.0148352336673157
PF04226.16	0.0216716870737001	0.0132088983974072	-0.00314319478178526
PF02911.21	-0.0243693334804358	0.00602757413979469	0.0157183363867513
PF06983.16	0.00888437888555313	0.00666689358132603	0.00663520248045798
PF17764.4	-0.0220819169537247	-0.00791282353323317	0.00424532858965889
PF04851.18	-0.000989482935481273	0.00665715354022616	-0.089653942063518
PF18319.4	-0.0222019849791121	-0.00768073449047328	0.00431202388373395
PF18074.4	-0.0222019849791121	-0.00768073449047328	0.00431202388373395
PF01192.25	0.0319803117803983	-0.00250784313086898	-0.0014458859194504
PF00625.24	0.00678910844763839	-0.0083962267624304	0.013173024651826
PF12072.11	-0.0130624637559253	0.000668710628107488	-0.00380609891914733
PF00438.23	-0.00936674991535284	-0.000453783828539225	-0.00834711012889723
PF02772.19	-0.00953784908754107	-0.000452835507478218	-0.00813796818997068
PF02773.19	-0.00953784908754107	-0.000452835507478218	-0.00813796818997068
PF02353.23	0.00692041132072995	0.0184568543483715	0.0131612447693754
PF00712.22	-0.013836071992374	-0.0190530038422821	0.0141842243798466
PF02767.19	-0.0151161945131027	-0.0111925898589679	0.0146815643493805
PF02768.18	-0.013836071992374	-0.0190530038422821	0.0141842243798466
PF01171.23	-0.0226733666255165	-0.00250047069533473	0.00972269445595324
PF11734.11	-0.0158935120499618	0.0155006903160514	0.0117313076780859
PF04024.15	0.0416813964233172	0.0254271465392774	-0.0139220005539351
PF13349.9	-0.00572750224032947	-0.00164802558178726	0.00359313040832523
PF05257.19	0.0130120430964253	0.00584755794374814	-0.0453243625132311
PF01116.23	-0.0380054561867243	0.00378782645218485	0.00247564134388642
PF03129.23	-0.0039692095453888	-0.018692304784445	-0.0468850908334624
PF03477.19	-0.015274175943585	-0.0213784491953177	-0.0241019914078716
PF14681.9	0.0025629317103599	0.013139413115869	0.0105807599039954
PF01053.23	-0.0135954388380968	-0.0256758073480238	0.00296878891749722
PF04204.19	-0.0212896690395668	-0.00358513670018928	0.0276853412030924
PF02646.19	-0.00138770092616933	-0.00655368261078192	0.0125142350595646
PF00834.22	-0.00145983845072619	-0.0089888534778335	0.0146246668961588
PF16745.8	0.00179086421584808	-0.00608467013217963	0.0123964304256414
PF03193.19	0.00176972401936648	-0.0238341477216429	0.0139796949365631
PF06725.14	0.0292159884924324	0.0173403938008711	-0.00687851062511454
PF01588.23	-0.0125102186348567	-0.0131642898365045	-0.0294537224640392
PF03483.20	-0.0139322693408305	-0.0199802399720423	-0.00595217774072321
PF03484.18	-0.0124907311110225	-0.0195445834593556	-0.00701290256769575
PF17759.4	-0.0124907311110225	-0.0195445834593556	-0.00701290256769575
PF03147.17	-0.0124907311110225	-0.0195445834593556	-0.00701290256769575
PF02912.21	0.00335480184456608	-0.0220867158663194	0.00169447440322933
PF01409.23	0.00335480184456608	-0.0220867158663194	0.00169447440322933
PF13936.9	-0.0166640457255622	0.00219090386191318	0.00808089515232688
PF02421.21	-0.0220447628701677	-0.0050933482608462	-0.0300663328795811
PF17910.4	-0.0173009104341968	-0.00970050586843316	-0.0283279512434805
PF07670.17	-0.0221328798267284	-0.00927473640308274	-0.0495459235885465
PF07664.15	-0.0223439155068774	-0.00833768953076306	-0.0291767297188649
PF03551.17	-0.000391901480615211	-0.00933679205195637	0.00229946694098988
PF10400.12	0.0119651679409801	0.0182901067712717	0.000632940797779167
PF00704.31	-0.0236674050107573	-0.0195964519258562	0.00178851436129108
PF02839.17	0.0230947210992441	-0.00665915145058118	-0.00585836686009332
PF00709.24	-0.0130800076424148	-0.0218439201611937	0.0121259104600233
PF01641.21	-0.00254360174670526	0.00135078294787394	0.00863185305017796
PF01430.22	-0.000333620211516687	-0.00493662643395488	0.00965556286143934
PF01872.20	-0.00757992659048501	-0.00511980109444152	0.00424890058324628
PF01207.20	-0.019208667506352	-0.0148187344403056	0.0104772564908301
PF02588.18	-0.0204920271150313	0.0150359396728984	0.00391914115217684
PF10035.12	-0.0202444818931358	0.00955223007372039	0.00464317629505355
PF02734.20	-0.0162740669924163	-0.0053408451463645	0.0041703905468689
PF13684.9	-0.0166162895632293	-0.00749123340048042	0.00618006109563043
PF02938.17	-0.0189960907109387	-0.0153849169889691	0.00428613127184174
PF13413.9	0.0026322499037558	0.0220872904436992	0.00237227614401835
PF00675.23	-0.0251846527820978	-0.0364744803718036	0.00374011356864365
PF05193.24	-0.0172647879034373	-0.0437448083574495	-0.00805498246155834
PF13275.9	0.021938696051096	-0.00272759626411915	0.00174659033142785
PF16363.8	-0.0285237190708358	-0.0139222816640895	-0.00513788620177492
PF00830.22	0.0283798253866028	0.014778933429117	-0.00144989896832975
PF01087.25	-0.0209483501554401	0.00191691040482998	0.00414213984074811
PF02744.20	-0.021583459532283	0.000908642544115023	0.0047833054041313
PF10509.12	-0.0184632692747776	-0.0158855381941014	0.0143526210417298
PF00288.29	-0.0261000900221108	-0.023197296245771	0.0105311017850244
PF08544.16	-0.0303918881676963	-0.0169403255939277	0.0199027920512612
PF13521.9	0.0199484669867086	0.00248747765410262	-0.00111727168311521
PF02826.22	-0.0282541518458008	-0.0200061121694224	-0.00349872055170652
PF01136.22	-0.0215371983800436	-0.0330228095177107	-0.0059917261072829
PF16325.8	-0.0199844284548746	0.0042306204634461	0.0183159853550236
PF08241.15	0.00796413596625139	-0.029969865469286	-0.0115815073502711
PF03932.17	0.00822616250876418	-0.000916908832505445	0.00559800786606105
PF10110.12	-0.00747759075659044	-0.00228250516450801	0.0103629672599682
PF03009.20	0.00183859821819628	0.000979616996810145	0.00876205622766062
PF00687.24	-0.00303926660767253	-0.0164385280357118	0.00736583824496668
PF03946.17	0.00254898565731721	-0.0211759197195939	0.0150691373909009
PF00298.22	0.00254898565731721	-0.0211759197195939	0.0150691373909009
PF13509.9	-0.0126205714117001	0.0127514082113388	0.00407212127410115
PF17783.4	-0.00260631753777422	0.0108692248350144	0.0111901248772865
PF01765.22	0.00119366308879825	-0.00271414007434038	0.0165488034982007
PF00871.20	-0.0218054077462478	0.00300059828835568	0.00155895649023233
PF00908.20	0.00571727564377326	-0.00941727621499016	0.0155770646132645
PF04397.18	-0.00723589328148885	0.00675661712927967	-0.057431065152456
PF00210.27	0.024437156424792	0.027460478039914	-0.000528494780793388
PF00817.23	-0.00134574029617727	-0.00778801109980656	-0.0175533847882333
PF11798.11	0.0328633463980993	-0.00683317143962036	-0.0102716797390831
PF11799.11	-0.00149092297596139	-0.0076642462042948	-0.017562491131786
PF02274.20	0.0216946697149103	0.00422262586879563	0.00328391216357213
PF03485.19	-0.0203438602627291	-0.0134553745756354	0.010812082744593
PF00750.22	-0.0204693452239057	-0.0134258530097747	0.0108398078138326
PF05746.18	-0.0207152092910924	-0.0139489061780042	0.0102531916787002
PF01316.24	0.0143681675541555	0.0230241545150048	0.00975074095519765
PF02863.21	0.0143681675541555	0.0230241545150048	0.00975074095519765
PF01225.28	-0.0239940968604392	-0.0261406813194086	-0.00798637471264543
PF04434.20	0.0258464548325059	0.000254752961180555	0.0010220482840271
PF08455.13	0.029901753853562	0.0098056756179197	-0.00261801416438556
PF00176.26	-0.00138838961651615	-0.000505967270414978	-0.0576632650253338
PF04321.20	-0.00423367668486125	-0.0116899716472072	0.011481892084926
PF09168.13	0.0127036932171559	0.0295980645611279	-0.00467672234075065
PF02129.21	0.0231709689264332	-0.0130036101018995	0.00105531632446767
PF08530.13	0.02744659161383	0.0308081545814716	-0.0070637780709674
PF07722.16	0.00999280286083083	0.00320689958085301	0.00607743876582135
PF02852.25	-0.0439430675673112	0.00603580156209552	0.0122403487607656
PF00749.24	-0.0161201400465029	-0.0208705921049257	-0.0131165064815426
PF19269.2	-0.0109944107586694	-0.0155862434976786	0.00599394225184934
PF01569.24	0.00289011776770235	0.000377954081054132	0.0137446841963321
PF09314.14	0.0232966217387068	-0.00731546009918709	-0.00596777084409063
PF01196.22	0.000875520285477531	0.00217411301245131	0.0157352799827558
PF01193.27	-0.00631891925436219	-0.0300677843101401	0.00649652798779439
PF01000.29	-0.00612391568038447	-0.0301442625679712	0.0064411763977165
PF03118.18	0.0037832965342644	-0.0333863763809502	-0.00592684999716544
PF00411.22	0.000840442667245222	-0.00583818240276152	0.0124390518199503
PF00416.25	0.00542190515907064	-0.00854685855864946	0.0173276068540674
PF01176.22	0.0162413927541029	0.00163667152342682	0.0055326714521687
PF13518.9	-0.00166063225834583	-0.00736136984298131	-0.00742335064058143
PF00406.25	-0.00153881542868398	-0.0135831094474343	0.0178529326002335
PF05191.17	-0.00173816921570478	-0.00289089800669523	0.0171884281874119
PF00344.23	-0.00767308249632155	-0.0312212400332593	0.00061125378755306
PF00828.22	0.00337371370153648	-0.00827225666944867	0.0162815984868856
PF00333.23	0.00430765923330062	-0.027544320317229	0.0155036295996968
PF03719.18	0.00430765923330062	-0.027544320317229	0.0155036295996968
PF00861.25	0.0137505539892943	-0.0179664025862216	0.0102468622274036
PF00347.26	0.00503264506441272	-0.0236122970512946	-0.00877211283848337
PF00410.22	0.0021428512056908	-0.000407048535342593	0.011458468651301
PF00253.24	0.0241255463309286	0.00762567388768061	0.00120978741553173
PF00281.22	0.000274224677295704	-0.0219312090941957	0.0124595166416081
PF00673.24	-0.000327778138931496	-0.0215194062402452	0.0124323780153874
PF00467.32	0.0153720062654152	-0.0231871211939903	0.0149151211537804
PF17136.7	0.0188313116012659	-0.0145767451426701	0.0191529435245524
PF06480.18	-0.0156788998900965	-5.30180351842105e-05	-0.00804230530394889
PF17862.4	-0.0149055201690071	-0.011331520404704	-0.0277066457058531
PF01434.21	-0.0151771946335666	-0.0114241873793858	-0.0273903468302323
PF00238.22	0.0198833198185962	-0.00481536961037167	0.00287439798361199
PF00252.21	0.00139229658219764	-0.0149797532735621	0.0115606374483492
PF07650.20	-0.0131510810842357	-0.0149797655316618	-0.00300620498168694
PF00189.23	-0.00720865650684107	-0.017720151910945	0.0114359081926599
PF00237.22	0.0076138617031878	0.0114792744155507	0.00415299739220127
PF00276.23	0.0115295238576119	0.00697170477684986	0.0157108363292518
PF00573.25	-0.00114872510151642	-0.00623246074354144	0.00608897547889757
PF00297.25	0.00137023977919248	-0.0215481599768685	0.00719823035289655
PF14821.9	-0.0255827646117206	-0.00394501602377182	0.0232713941791793
PF02357.22	-0.00307157381964063	-0.0192703252011518	0.0198287697824988
PF01757.25	-0.0455553785376069	-0.0271594198391322	-0.00398239459753466
PF00912.25	-0.0172061612915251	-0.033716831625376	-0.00335156555906872
PF00905.25	-0.0282386414644752	-0.0142435446470916	-0.0378883968432527
PF04239.15	0.00786261662054773	0.0220737781312495	0.00629737327262698
PF01243.23	0.0068074638367435	-0.00355785963456954	0.0127129783428977
PF14480.9	-0.0365322824171797	0.019284010959105	0.00407351437934895
PF11490.11	0.01952167896378	0.00857295291523052	0.00569726294445349
PF07733.15	-0.0228510706073109	-0.0106610739641626	-0.0433008083242351
PF17657.4	-0.0184535419041649	-0.0144822871537731	-0.0360677006285299
PF14579.9	-0.019503569126116	-0.0140767863106078	-0.0348909965681176
PF04073.18	0.00353968724372039	-0.024401495674019	0.0122576855764238
PF02163.25	-0.0404970489756519	-0.0250739363783725	-0.00232191321044298
PF17820.4	-0.0319149063692038	-0.0166592624543473	0.00479728034006389
PF01148.23	0.00207555365506546	0.0043965622980531	0.0112829000656968
PF01255.22	-0.0091792329924976	-0.0187791518536218	0.0235582190674839
PF02699.18	0.0247559588263211	0.00405061230752122	0.00222170943716465
PF13365.9	-0.0341400455706587	-0.0365637040441997	0.0118979451358579
PF13180.9	-0.0322127399686007	-0.0301159474987817	0.00315954582883033
PF13439.9	-0.0437788062453152	-0.0235441666499428	-0.00374450812480386
PF00534.23	-0.0451533701242979	-0.00802541974228337	-0.031133594623047
PF02739.19	-0.0173330110055585	-0.0173758824855816	-0.00569172983220584
PF01367.23	-0.0173330110055585	-0.0173758824855816	-0.00569172983220584
PF00476.23	-0.0159785139133061	-0.00468849989161732	-0.0334838562403729
PF06160.15	0.0114456911619522	-0.00250832002692239	0.0044954340145352
PF00889.22	-0.00197659978945899	-0.0156863914842335	0.0049204746191954
PF00318.23	-0.00490022528995761	-0.0175279412788534	0.00846972368325836
PF10282.12	-0.00135310538169544	0.0173386627315321	0.0114396345200015
PF00465.22	0.000565948454145294	-0.0167450508301079	-0.0247437378011348
PF05362.16	-0.0159730808984777	-0.00725909151296931	-0.00660524553127822
PF01467.29	-0.0248442142775383	-0.0323436236491771	0.00859728939589343
PF03602.18	0.00381003913905289	0.000879485545647492	0.015448337509259
PF08281.15	0.00110296923996529	-0.00764494291892093	-0.052278779147453
PF13791.9	0.0315078164341296	-0.0085678190057067	-0.00878866396484632
PF00342.22	-0.00939583203920519	-0.0190806369058406	0.0008649695117666
PF03692.18	0.0176517580099749	-0.002177831230347	0.00210368407120515
PF10458.12	-0.0107172948475246	-0.0187434704762981	-0.0198353771575088
PF07299.14	0.013725404135682	-0.00489339777600471	-0.00341491313936647
PF04237.16	0.0163223299284055	0.00354120046144009	0.00549800749103719
PF01938.23	-0.0325992837752333	-0.0124431059178361	0.0053487911740852
PF05958.14	-0.0324522800600746	-0.00324871271021818	-0.00456053048379871
PF06458.15	0.0221970593503234	0.00087424125229436	-0.00765845216198682
PF17965.4	-0.0493023111843282	0.0147143048003028	0.00278381090653405
PF17966.4	-0.0455657171699507	0.0050155365932325	-0.00611357775103855
PF02447.19	0.0206591093984116	-0.00943743568178969	0.00377330767992029
PF03446.18	0.0245711114165625	-0.0129550916296442	0.00770410593025773
PF00393.22	0.0307208841181051	-0.000541075220871825	-0.00526036179834684
PF01084.23	0.0271828526864051	0.0148991908083421	-0.00450822346969664
PF01250.20	0.00035827987798922	-0.00347171978521132	0.023381463708875
PF02673.21	-0.00228303254961144	-0.00406164461926976	0.0190756448558371
PF13177.9	-0.0195281818654937	-0.033497414803054	0.00312173020570398
PF13185.9	0.0176503192284324	0.0018638841790571	-0.00460411570033951
PF03951.22	-0.0235569056246119	0.0145575826736042	0.000640326091750197
PF00120.27	-0.0193188938279281	-0.00549023998941446	-0.0326719607221528
PF05496.15	-0.0248970820166587	-0.00859697811023574	0.0152815536765493
PF17864.4	-0.0110135703447067	-0.0103986078388007	0.0178364710080309
PF05491.16	-0.0110135703447067	-0.0103986078388007	0.0178364710080309
PF01330.24	-0.004885121841023	0.00425489093272054	0.0242996176532371
PF14520.9	-0.0309538799501491	0.00101300498611507	-0.0095083410411073
PF07499.16	-0.00428838859927289	-0.000239067131366787	0.0241640065370936
PF13589.9	-0.0219272142786461	-0.0185945037617848	-0.0177415365224718
PF01119.22	-0.0216894568128994	-0.0154523623655065	0.0151756121841959
PF08676.14	-0.0216894568128994	-0.0154523623655065	0.0151756121841959
PF01624.23	-0.0203269147146229	0.0111538166664747	-0.0436431949421963
PF05188.20	-0.0267423641025608	-0.00483540361861774	0.00491312954467573
PF05192.21	-0.0210223352652227	-0.0159508634188221	-0.00151625606834132
PF05190.21	-0.0210223352652227	-0.0159508634188221	-0.00151625606834132
PF01925.22	-0.0197458493429357	0.004547089168677	0.0172557479859491
PF00479.25	0.0061640273503437	0.0241678080945526	-0.000327601170390892
PF02781.19	0.0061640273503437	0.0241678080945526	-0.000327601170390892
PF19127.3	0.0190125961763171	-0.00801789765844301	-0.0158194863022304
PF01473.23	-0.000938106014634081	-0.00409646001686047	-0.0169154261726799
PF13529.9	0.0193952023186438	-0.0212354210232449	-0.00636543478174446
PF00226.34	-0.0162223873345728	-0.0223394955541426	0.00325867237550964
PF01556.21	-0.0107563531702653	-0.0223390218408679	0.00861284144716406
PF00684.22	-0.0109771927957693	-0.0187233243577532	0.00928040599564811
PF13537.9	-0.0295752526327124	0.0126488567546182	-0.0268275723764086
PF00733.24	-0.0338664748183802	0.0224410603242854	-0.0172636170719366
PF04093.15	0.0215353020861133	0.0210337239000838	-0.00164688376054492
PF13545.9	-0.0105685418729486	-0.00692851484193174	0.0122790464131272
PF01869.23	-0.0266573838081699	0.0132745359578748	-0.0347061149862108
PF09989.12	-0.0262845851145228	0.012348046027358	-0.011208263677508
PF06050.16	-0.0154226353755663	0.00741156246453284	-0.0278833495697398
PF00440.26	-0.0171093875153672	0.00219794188650327	-0.0427829906454564
PF14278.9	0.0258082258571565	0.000690703694107229	0.00444605250847052
PF10396.12	-0.0237484598811442	-0.00878674984699665	0.0183164456711398
PF12631.10	-0.0237484598811442	-0.00878674984699665	0.0183164456711398
PF17191.7	-0.0168197677378466	-0.0176659958224617	0.00961564224767353
PF19833.2	-0.0158088885564075	-0.0258436869072593	0.00861641475292595
PF00044.27	-0.000813584963379953	-0.0032334684624084	-0.0118621233423739
PF02800.23	-0.00099460654776175	-0.00343992535800436	-0.0117841807446667
PF00572.21	0.00937889206026749	-0.000672535102324632	0.0104126945100193
PF09182.13	0.0173682279600028	0.00793158817452737	-0.00391601306256674
PF03764.21	-0.0107172449990885	-0.0121743851165844	-0.0491544477144394
PF00177.24	0.00408318808669794	-0.0192407637557289	0.0142689546168401
PF00164.28	0.00600824609274212	0.00501208294914326	0.0120332620030328
PF00768.23	-0.0334163943285376	-0.00294851680767499	-0.00520690369084418
PF07943.16	-0.0297971548717529	0.0111161953960493	0.0139871777034583
PF06800.15	0.0375213422299219	-0.00490260538472045	-0.0113831027310957
PF16199.8	0.00048348980235895	0.00930339608155908	0.0157952272963924
PF13167.9	-0.0144845378672001	-0.017970001182302	0.0150366869267795
PF16360.8	-0.0144845378672001	-0.017970001182302	0.0150366869267795
PF01985.24	0.0318576561864602	-0.00156769015310797	0.000803807471424074
PF02410.18	0.0248202941888428	0.00984587364408872	0.00660161452712365
PF13649.9	-0.0123756860024132	-0.00638434499260716	0.0141555114727766
PF05636.14	-0.0114789901975587	0.0078025781317966	0.017386117517612
PF01709.23	-0.00648363347167693	-0.0098047699427627	0.0129749548542358
PF05043.16	-0.0193774059822192	-0.00116917785468821	0.0109778942994742
PF06445.18	-0.021437156635778	0.0112743967423037	-0.00901522073670313
PF03167.22	-0.00405501862233858	-0.0258907275818054	0.00760710253552396
PF01165.23	0.0204282142807265	0.0252094418834592	-0.00249569972256799
PF00162.22	-0.0157675356219943	-0.0167688889368855	0.00814795839004573
PF02733.20	0.0170550442498047	0.00541470865751586	0.00676828922712713
PF17785.4	-0.0127324203425565	-0.0178078144427344	0.0177692953686334
PF10672.12	-0.0211451415944939	-0.019118905048311	0.0123152845689006
PF06874.14	-0.0219383534484683	0.0181577235946437	0.00999265213058038
PF03486.17	-0.0451069204673989	0.0137773138882612	0.0212042095062019
PF04545.19	-0.0106451921150285	-0.00442693205660515	-0.0452872204423686
PF05128.15	0.0135987376068253	-0.000585864174728073	0.00144994476974548
PF02664.18	0.0237526032060962	0.0200539156381649	0.000151948023949656
PF00857.23	0.00877938219231031	0.0153668551518829	0.00886070996770386
PF13597.9	-0.017934740203083	-0.0181671629692906	-0.0196760522787716
PF10087.12	0.00966826311376785	0.0157694943413281	-0.00475887799855551
PF03952.19	-0.0163269656095814	-0.0309924028628034	0.0133983697232627
PF00113.25	-0.0156155193352889	-0.0324433006824119	0.0126574015215876
PF02361.19	-0.0242543317936273	-0.00694307503193021	0.0172208184619586
PF12705.10	-0.0255754961210708	-0.0222569014410215	-0.0225700316265716
PF00163.22	-0.0075724011273045	-0.0201368251515292	0.0196325470157545
PF09371.13	-0.0253437432964919	0.00957243003343497	0.00142521816052048
PF16921.8	-0.0253437432964919	0.00957243003343497	0.00142521816052048
PF12836.10	-0.0331984080818511	0.0161821945137057	-0.00246617007602799
PF17674.4	-0.037124974962416	0.0104195026129656	-0.00126180433619658
PF00962.25	0.0166682590299501	0.0206407438900899	0.00528657526817766
PF00814.28	-0.0170410806512319	-0.0190228227265357	0.0120896849142143
PF12974.10	0.0190737476205031	0.0134754918192273	0.00178695179090597
PF08706.14	0.0045735064960701	0.0016667846354655	1.43582638713384e-05
PF19263.2	0.0116533750127039	-0.00345540610504035	-0.0187742001901752
PF03288.19	0.0139274165291771	0.0130734788205029	-0.00261522270627298
PF08534.13	-0.0143227102690534	0.01169915618685	0.0131931080620151
PF17900.4	0.0257047978705634	-0.00281772927133258	-0.00367574282551163
PF01433.23	0.00496852679861881	-0.0106823796517828	0.00298813837611861
PF11838.11	0.0257047978705634	-0.00281772927133258	-0.00367574282551163
PF16916.8	-0.00604209838492239	-0.0265926034206419	0.0204350983219859
PF09250.14	0.0156778690494832	-0.00585637876284381	-0.00275493503704458
PF08708.14	0.0156778690494832	-0.00585637876284381	-0.00275493503704458
PF00275.23	-0.0315233517544825	-0.0118710167771073	0.00337576366540929
PF09515.13	-0.000840505683483009	0.0142661934754377	0.0143051864481383
PF03180.17	-0.00686082637642687	-0.00323628960867301	0.0178126647358648
PF09383.13	-0.00837823122995164	0.00758187751943412	0.0154068892215572
PF12558.11	-0.0178293050376103	-0.00512982792397185	0.0148971283705388
PF01032.21	-0.0114534391961776	-0.029646064414755	0.0218730028323734
PF01497.21	-0.00711406441295737	-0.0104242208095479	0.011075426514415
PF01638.20	-0.0133612401086283	0.0110425415918725	-0.0126943217992479
PF00903.28	0.00873158687779632	0.01341531383463	0.0153297138478358
PF00578.24	0.0213488500106704	-0.0196962912178862	0.0135323258256244
PF03717.18	-0.0390846118266314	-0.0100333012572831	-0.0131372723888545
PF02132.18	-0.00317413507617275	0.00795238747332947	0.0185008394238384
PF13662.9	-0.00419019538581915	-0.00388352747434275	0.0207464562790059
PF01820.24	-0.0162924778168832	-0.0150175784198997	0.0214006405999195
PF07478.16	-0.0164609848038555	-0.0314831465320188	0.0232825578662629
PF12911.10	-0.0112457532628682	-0.0152829116533897	0.0120219891746268
PF16658.8	-0.0216857252241709	0.0102278431276767	0.00393560350136662
PF00154.24	-0.0163613261282661	-0.0203378545353936	0.0209134555324506
PF01928.24	0.015291477484699	-0.00947995102308072	0.00839568324960779
PF01513.24	-0.00184492032704551	-0.00954867676637165	0.0104649826640269
PF20143.2	0.00274881548284377	-0.0120447733824914	0.00510106897718929
PF00160.24	0.0248841300475278	-0.0254902252982187	0.00340388679881464
PF03601.17	0.013372185321429	-0.0103533185738982	0.00673827250494819
PF03595.20	0.000911794422117838	0.0181599657787839	0.00269323492624268
PF02568.17	-0.0338465396641407	0.0255980743183563	0.0113926558395966
PF00999.24	-0.00976831272669001	-0.0430681192386008	0.0123733380277819
PF00579.28	-0.0161361780340835	-0.0271965633580174	-0.000647991139813132
PF05343.17	0.0220997164268077	-0.0369136192570424	0.00852592006199867
PF00085.23	0.0175090939665368	-0.0182583831467471	0.00854005936151812
PF00166.24	0.00713321912818917	0.0130942468289845	0.0128359701844059
PF00118.27	-0.013583880332199	-0.0141076182710048	-0.00891859837645955
PF13426.10	0.0115494157595907	0.0210646795711544	0.00439858830960841
PF02223.20	0.00994043711493476	0.00503956474205874	0.0038977438486867
PF04468.15	-0.0139525134202942	0.00453486571879958	0.019403883998405
PF18376.4	0.00892928242165691	0.03564097828417	-0.00428669864378088
PF01070.21	0.0219570936482371	0.0130826064304911	-0.0042963792643106
PF00081.25	0.0144986330113967	0.0107252131121178	0.00151358400532282
PF02777.21	0.0144986330113967	0.0107252131121178	0.00151358400532282
PF02554.17	0.0222042008350518	-0.037392302388651	0.000503556125005372
PF13722.9	0.0218827209627863	-0.0279441882172815	0.000368454927919949
PF02255.19	0.0158187390652823	0.016127831075563	0.00258688331149992
PF01653.21	-0.0237958978171638	-0.017479030832058	0.00633276896715675
PF03120.19	-0.0238375789196032	-0.0141990628314166	0.00603902666908884
PF03119.19	0.0271728557313154	-0.0357759680396348	0.00684540929490315
PF12826.10	-0.0442432520597391	0.0100011465162473	0.0110662138871819
PF00533.29	-0.0222009315820454	-0.0141942710914521	0.00600266641507986
PF17912.4	-0.0088353354225279	0.00441959085698242	-0.00297435938477869
PF01855.22	-0.00411195127815439	-0.022005827885999	-0.0473314754965507
PF17147.7	0.000752654622674761	-0.0240114601031658	-0.0445090926186731
PF01558.21	-0.00298522393620927	-0.0242075807599108	-0.0417533617799049
PF10371.12	-0.00485593416384201	-0.0214546485000617	-0.0359754645736812
PF12838.10	-0.00605211665186244	-0.0263283575171758	-0.0485912212109892
PF19293.2	7.95606884812875e-05	-0.0015598275124829	0.00863445250946654
PF02457.19	7.95606884812875e-05	-0.0015598275124829	0.00863445250946654
PF07949.15	-0.0233695790176027	0.00566163365472913	-0.00260785464732642
PF02878.19	-0.0306462989073424	-0.0130189793401695	-0.00801982600174065
PF02879.19	-0.0309710559999593	-0.0127166195128895	-0.00761253427977762
PF02880.19	-0.030909494489385	-0.0122060144681311	-0.00768065531621033
PF00408.23	-0.0276844391835228	-0.0162197189006198	1.03201283595352e-05
PF02367.20	0.0218233133685601	0.0163326030301693	0.000831767789828292
PF20037.2	0.016162261313167	-0.0103482949769121	0.00278557341381633
PF05135.16	0.0150618569800204	0.00665597613653551	0.0107727582452894
PF01416.23	-0.0233182053632799	-0.0106774685150369	0.00246205920926399
PF07155.15	-0.00745300952124025	0.0147588811573674	0.0154441251076687
PF06418.17	-0.0261780678535956	-0.00949708062011084	0.0121085459239714
PF05014.18	0.0123974195169993	0.00796530972698673	0.00264346696647763
PF03006.23	-0.000233526509594588	-0.00294112580340413	0.0128725399498637
PF00216.24	0.0157987755071823	-0.0121319113298361	0.012229259156976
PF00916.23	0.0138953374149986	-0.0299907731507693	0.0150694758260681
PF01740.24	0.0011990554017357	-0.0374028517667871	0.0229507153072397
PF04586.20	0.0196068803137298	-0.00692065730481837	-0.000627493039041089
PF00877.22	-0.00412425931939525	0.0195778415648984	-0.0582036508905233
PF01476.23	-0.0326771321759352	-0.0080809417631579	-0.0133842125103214
PF03838.17	0.0149172634766401	-0.00101397416400945	0.00870740042216254
PF05697.16	-0.0171197155722587	-0.0259828542415228	0.0124651178207749
PF00254.31	-0.0225152975585734	-0.0267580063316926	0.00642330343624186
PF05698.17	-0.0303600803789137	-0.024840416706348	0.0150708320807571
PF01807.23	-0.00459349181602609	-0.0102359545478948	-0.0322688040299378
PF08275.14	-0.0133962415842614	-0.0251264853882601	0.00727775055819647
PF13155.9	-0.00234002785865462	-0.00488492703361352	-0.0408757948498596
PF10410.12	-0.0173094136133605	-0.0255311128698895	0.0132102482716318
PF03979.17	-0.0126433482014131	-0.00988737426000043	0.00846804644118013
PF00140.23	-0.00795531304315114	-0.0225776370308675	0.00313142496582936
PF04542.17	-0.0100414070874427	-0.00637993719054877	-0.0578526255656341
PF04539.19	-0.0206300471538053	-0.0104576844665859	-0.0100902890892692
PF01327.24	0.00920763290113573	-0.0082489170487724	0.00827823163034859
PF12344.11	-0.0148126784531041	-0.0237602094719613	-0.00674525284205647
PF02151.22	-0.0219505387149293	-0.0224528269686771	-0.017969161528467
PF07977.16	0.00909337502201455	-0.0117325733219198	0.0132444745650805
PF13561.9	0.00704299939006215	-0.0516929174614119	-0.00422556725492232
PF03332.16	0.0199745099909884	-0.00791237015394491	-0.00348570511197465
PF02441.22	-0.0214787955094785	0.00703704012968098	0.0186686054936837
PF01361.24	0.00149817306245873	0.00111524277478306	0.0123175722909962
PF03992.19	-0.00166568998449397	0.0138987128808356	0.00497448237116459
PF01987.20	0.028376920872836	0.0201284750882981	-0.00214655005936046
PF00265.21	0.0135493474447128	0.0380848928889982	-0.00509508532010169
PF11967.11	-0.00228545331255925	0.00395531510039176	0.0180621937136516
PF02565.18	-0.00228545331255925	0.00395531510039176	0.0180621937136516
PF17827.4	-0.000572182960158552	-0.00673920524013524	0.0136483406509229
PF01300.21	-0.0134894036089143	-0.0285257077767612	0.0159556963652838
PF00464.22	-0.0162518645910293	-0.0170019713633618	0.0166266916162939
PF13702.9	0.0390036475207114	-0.00520661235948662	-0.0169604528690135
PF08032.15	-0.00316520555537262	-0.00454619917341687	0.0145055323190898
PF00258.28	-0.0266621448424236	0.00139374110265818	0.017643131032662
PF03631.18	-0.00645656849082434	-0.0141135978745218	0.0249735517467384
PF02603.19	-0.0128430906971191	-0.00458567707698394	0.0158427521661578
PF07475.15	-0.0128430906971191	-0.00458567707698394	0.0158427521661578
PF01790.21	0.000704721408505949	-0.0128715457171449	0.014277491460535
PF12732.10	0.0187161586988617	0.0123608793648567	-0.00361253555719632
PF02705.19	0.0173131271273584	0.00239927079475585	0.00153580511451806
PF00364.25	-0.00212333904500092	-0.0216524632342106	0.00721138367629189
PF02817.20	0.0259915359624522	-0.0119227847022544	0.00316803607873977
PF00198.26	0.0211395905595316	-0.0239495700287681	0.0109300157200457
PF01145.28	-0.0140513474111569	-0.0175701009187503	-0.00836677287968452
PF12706.10	-0.0227641268717483	-0.0205807610715037	0.00730884240236075
PF17768.4	-0.0171691884997236	-0.0189559898219928	0.0113075146896623
PF10141.12	0.0191472950487381	-0.00125154333500994	-0.00381716930173712
PF05066.16	0.0316344862646955	-0.0038614467266213	-0.00875958825427301
PF02618.19	0.00372082867599233	-0.0019414117748405	0.0151581447572117
PF03449.18	-0.0154778732733358	-0.0273340439716931	0.0163883072257791
PF01272.22	-0.0154778732733358	-0.0273340439716931	0.0163883072257791
PF05848.14	0.0109149987272969	0.0101783449066674	0.00161171620137022
PF17727.4	0.0109149987272969	0.0101783449066674	0.00161171620137022
PF02482.22	0.00165709280293384	-0.0056845847218353	0.0166800957427521
PF16321.8	0.00165709280293384	-0.0056845847218353	0.0166800957427521
PF00676.23	0.0262790902451282	-0.0272437877885686	0.00298663009239503
PF13612.9	0.0213681591448634	0.027841871205446	0.000195604467652922
PF03099.22	-0.00811925514204782	-0.0154922605374232	0.018931637290481
PF10437.12	0.0109960899787231	0.013028054882423	-0.000722513734314561
PF02901.18	-0.0173069981798804	-0.0174000465212669	-0.0205219091326001
PF01228.24	-0.0214896225890382	-0.0149244270988738	-0.0176227001203989
PF06071.16	-0.0157380103971308	-0.0137902881618109	0.0116124814190861
PF01098.22	-0.0182617357728959	-0.0117633769506386	-0.00790485814301432
PF00289.25	0.0141969204170117	0.0142696091071591	0.00955072173288878
PF02785.22	0.0141969204170117	0.0142696091071591	0.00955072173288878
PF00682.22	-0.010937738498698	-0.0212692164859409	-0.0226890527052597
PF02436.21	-0.00649150453584042	-0.0105350568500903	-0.00676359200273335
PF00285.24	-0.0256979571939618	0.00338132561665688	0.0050002418496658
PF00330.23	-0.0240453273493392	-0.0270727595350695	-0.00539467496527432
PF00694.22	0.0171413200055501	-0.0514572094154658	0.00168766753785697
PF00574.26	-0.00772621671366985	-0.000997647093373478	-0.0200579195958865
PF00398.23	-0.000380478388428962	-0.0135699283995847	0.00932265853069703
PF08207.15	-0.00137147604048446	-0.0150224184768839	0.0135972353547294
PF01132.23	-0.00137147604048446	-0.0150224184768839	0.0135972353547294
PF09285.14	-0.00137147604048446	-0.0150224184768839	0.0135972353547294
PF02446.20	-0.0149283954224279	-0.00923021491173377	0.010311392281516
PF00343.23	-0.0184868242521897	-0.0122577022965969	-0.0235446121162112
PF00854.24	0.013643460596203	-0.000138625595096866	0.00207247968557782
PF01654.20	0.00692676842699656	-0.00100686786918865	0.014227752868915
PF02322.18	0.00843145999226966	-0.00254745592279207	-0.000100996912933124
PF06912.14	0.0195808743760232	0.00691125062041641	-0.0047080510941263
PF02504.18	-0.00229484066466355	-0.0107535956771351	0.0118285613394919
PF14437.9	0.0168833979343649	0.0050052546174262	0.00371798806101678
PF01055.29	0.018789136697464	-0.049946810680079	0.00683335365506672
PF03061.25	0.00536867320017031	-0.0166371836219892	0.0145243694528452
PF02746.19	0.0223158225871313	-0.00357272916092949	-0.000747109617375271
PF13378.9	0.0336332324064281	-0.00811021942638455	-0.00547532713867745
PF00378.23	-0.00135249993357726	-0.00983436502455617	0.00998772816800069
PF00710.23	0.0116182613644544	-0.00575003564276955	0.0123173625544088
PF17763.4	0.0124922366338312	-0.00516738968250933	0.0107459385831877
PF13840.9	0.0077373118575694	-0.00557269749103519	0.0116241237230765
PF01281.22	0.012908586681815	0.00403502265417046	0.00855912010926263
PF03948.17	0.012908586681815	0.00403502265417046	0.00855912010926263
PF00772.24	-0.0158350736138013	-0.0249867003894491	0.00896289359020706
PF03796.18	-0.0149784545071098	-0.0248843548485932	0.00817414431960671
PF02390.20	0.00064807638430964	-0.00451965536084997	0.0151764239825396
PF01695.20	0.00708748799085779	0.000623879021169493	-0.0634531931918232
PF13599.9	0.0120434913186519	-0.0190591866149252	0.00412691542297732
PF14714.9	-0.0159890614124518	-0.0200525105159082	0.00850109535531733
PF13151.9	0.0186575297966253	0.00837966169870838	0.000319037689471375
PF16555.8	0.00895633564563748	-0.00131622187461275	-0.00312315188115751
PF04172.19	0.0171476545878512	0.0133479043650266	0.00427264660445801
PF03788.17	0.0367524239416497	0.000439163256434292	-0.00886070920410883
PF02576.20	0.0198612094245192	0.000582265909261456	0.0101147768814955
PF17384.5	0.0198612094245192	0.000582265909261456	0.0101147768814955
PF08529.14	-0.00810069832217438	-0.0213382082517448	0.00499650338140263
PF13184.9	-0.00810069832217438	-0.0213382082517448	0.00499650338140263
PF04296.16	0.0237769778227078	0.0104516062573954	-0.00357227810717365
PF01248.29	0.0366734113775399	0.00819376094410838	-0.00379135072707366
PF04760.18	-0.0207960061147128	-0.00760757528689517	-0.028620232037715
PF11987.11	-0.0179249892707013	-0.0163276776868563	-0.0119455766186863
PF02033.21	0.021006965117144	0.00699199137432469	0.00732980481805954
PF20511.1	-0.0456981699894576	0.015318087122511	0.018163529040134
PF08545.13	0.0277464491848542	-0.0186264644619453	0.0050242679286617
PF08541.13	0.0298381106000925	-0.0176735959245364	0.00255443735210836
PF00698.24	-0.0415045530381722	0.0136157740535227	0.00912873632527448
PF00109.29	-0.0426955786001391	-0.00560782596251276	0.0111213770438233
PF02801.25	-0.0426955786001391	-0.00560782596251276	0.0111213770438233
PF17848.4	0.0275080751212407	0.0123882628376031	-0.00127148620173984
PF01039.25	-0.0248049378744827	-0.00613544533832425	0.00248767760489296
PF03255.17	0.0154484798352318	-0.00186920275829941	0.00912719475169643
PF13302.10	-0.0201982006791467	0.00508062210802412	-0.0251053830575135
PF03372.26	-0.00575396553341288	-0.0297137496832685	0.0167303094953664
PF09334.14	-0.0136030851126713	-0.014257899179548	-0.0420348017302591
PF19303.2	-0.0261041725383873	-0.013617241961402	0.00647441330022551
PF06177.14	0.0146179263237861	-0.00658567214763296	0.00521305895191101
PF01960.21	-0.0111686003638404	-0.00660481303575793	0.0123995845623004
PF00202.24	-0.014957060923923	-0.0396469676412773	0.0177579078408753
PF14622.9	0.00381748465902286	-0.0158342900840187	0.0155859290600957
PF00035.29	0.00381748465902286	-0.0158342900840187	0.0155859290600957
PF02463.22	-0.0298502172142604	-0.00297274571253641	-0.0182655655186325
PF06470.16	-0.0261988543247789	0.00173263809150961	-0.00700620771422809
PF00884.26	-0.0156619860897307	-0.044144307687507	-0.0231179760320011
PF07907.14	0.00293129816543884	0.016281953439755	0.0100236444445496
PF01613.21	-0.0127833886620768	-0.0127769123424835	0.00897963806541014
PF13556.9	-0.0259078247167938	0.0172665712237797	0.00105084556984021
PF13603.9	-0.0137813907500716	-0.0244998981325429	-0.0118479575871444
PF00561.23	-0.00736051913346623	-0.00988369756171569	-0.00526228827334351
PF03315.18	0.0147491868323371	-0.0147664751654747	0.00448946534651705
PF01842.28	-0.0107720991225483	-0.0329645080427143	0.00781879097694143
PF13437.9	-0.0378743129986926	0.00281601298654748	0.020451828275742
PF03313.18	0.0214143666076749	-0.0261292569186881	0.000733886380286884
PF00403.29	-0.0233408354820638	-0.0118470333045863	-0.0218305814066798
PF09586.13	0.035996916788319	-0.0387168231432955	-0.0159524885448868
PF03054.19	-0.00590509116494234	-0.0352717990313485	0.00417265444781765
PF20259.1	-0.00836316790502096	-0.0157960971005831	0.0128103331879176
PF20258.1	-0.00280015821764424	-0.0132959151331822	0.00814705208405985
PF08459.14	-0.0252035735484439	-0.0124971832068595	0.00796709575328166
PF00633.26	-0.0310296144730873	0.0204938640614119	0.0101830578527715
PF14815.9	-0.0232347651713094	0.0255955955644039	0.0140218185048953
PF00842.24	-0.0119437667384331	-0.0245917800389688	0.010732974494459
PF19258.2	0.00373097423682707	0.00482823685655764	0.0032335905830614
PF13742.9	-0.0135501197531372	-0.0136728157011723	0.0193263472349357
PF02601.18	-0.0107128279776071	-0.0165913891032809	0.0155012930923672
PF01728.22	0.000777910115131447	0.0099924086269578	0.0111114995646517
PF01795.22	-0.00255135076840008	-0.0340080283507571	0.0152810430653593
PF10555.12	-0.0121564376706066	-0.0130814569317548	0.019877566182537
PF00953.24	-0.00422710963189355	-0.0145823561898996	0.00698654224298729
PF01245.23	0.0102952354658411	-0.00546855510221889	0.0199268337045776
PF01883.22	0.0141634497663776	0.0121423915569451	-0.00153243847931382
PF07730.16	-0.00367706234464281	0.00643197791885794	0.0124477973168727
PF00196.22	-0.00854883173369392	-0.016006067212635	-0.0138952218146468
PF00390.22	-0.0137099252678083	-0.0150361056838985	0.0151123659614762
PF03949.18	-0.0145104958274056	-0.016030179164682	0.0165879078281412
PF03390.18	0.0218164595416022	-0.00852411792529218	-0.00397093743162991
PF00892.23	-0.00934938387041201	-0.0209254598081698	-0.0273039527708452
PF04464.17	-0.00389894846118266	-0.0103348224924328	0.00474855701847314
PF01676.21	-0.0165047299930929	-0.00955682500289508	-0.0168535521497952
PF04266.17	0.0229952130204506	-0.00738963782403211	-0.00311738857932746
PF01268.22	-0.0164889618638901	-0.0184916979382216	0.0128552676202085
PF01040.21	0.0185412522360757	-0.00513438667141953	-0.000940962832724492
PF05167.15	-0.00818339385507038	-0.00861760423796125	0.0103666775481791
PF02899.20	-0.000617864888790979	-0.0101590741949701	-0.0346420416435805
PF01076.22	0.002287939445708	0.00372706429804919	-0.0539313366106959
PF02486.22	0.0282696658751913	0.00642375874889617	-0.00190180330849489
PF00728.25	-0.0213834544792961	-0.0504108013968748	0.0111476678971129
PF08876.14	0.000860192677117706	-0.00416999755428302	0.0153456491685794
PF18994.3	0.0283766036765894	-0.00343841613661399	0.00177931989481152
PF06463.16	0.00695765004436478	0.0156393788447265	0.00937046403597866
PF05857.14	0.00110130586897792	0.012886389620742	0.0103570449604691
PF07739.16	-0.0153080801029093	0.0296109892766363	0.00118135281531308
PF01808.21	-0.0082410783431314	-0.0146977855834835	0.008767864825493
PF00482.26	-0.00884479980544347	-0.0237796613111627	0.00597122711189786
PF20188.1	0.0130395355807514	0.00449295101752349	0.00486735639103758
PF03432.17	0.0055946221419188	0.0134556309668068	-0.0853891323847771
PF14283.9	0.00640889509521861	0.0100780716897394	-0.0337435112137223
PF19044.3	0.00849967121499871	0.0096170447728076	-0.0695657848092632
PF12959.10	0.00255395375440196	0.00707470661514628	-0.00327748484395826
PF19478.2	0.00912837754286231	0.0284537084968549	-0.0378289814259439
PF02534.17	0.00634165512046798	0.0152089230859885	-0.0817019501777585
PF06970.14	0.00329099214339853	0.0146467798783073	-0.0420808390868863
PF19481.2	0.00128293267525759	0.0165211414640449	-0.0502276279012496
PF01475.22	-0.0154323567778394	0.00548981827040081	0.0220197270928089
PF18765.4	0.0236947345309479	0.00743378669008626	0.00561085365467388
PF00111.30	-0.0150563088005781	0.0102303951186749	0.00974873439950571
PF01799.23	0.0136394920053564	-0.00237137316672081	0.0100111783556065
PF01315.25	0.0329234614259265	-0.0123396451637123	-0.0102044172706651
PF02738.21	0.0329234614259265	-0.0123396451637123	-0.0102044172706651
PF20256.1	0.0316190516303557	-0.0113029770139651	-0.0171668195956886
PF02595.18	-0.00896194847051279	0.00641095924196239	0.0118545652875647
PF06153.14	0.0115079177568139	0.00874003664083472	-0.0028670047901672
PF02386.19	-0.0293277585147706	-0.0258507555193049	-0.000891584631633714
PF00754.28	0.0110766229610884	-0.0767058967283457	0.000518098135852557
PF02368.21	0.00235157401238169	-0.0349443602627511	-0.0473129762283644
PF08124.14	0.0138397532135989	-0.00549209261598101	-0.00380407720667148
PF02278.21	0.0138397532135989	-0.00549209261598101	-0.00380407720667148
PF02884.20	0.0113789595137057	-0.00683491234984424	-6.28255966134552e-05
PF07554.16	-0.0121429838595079	-0.0229531384172255	-0.0102448378184446
PF03977.16	-0.00106222178422198	-0.0174850844785045	0.00234795826455805
PF13610.9	0.00738332637373901	0.0464389207483543	-0.0172243700296035
PF00251.23	-0.0257560242732275	0.0208953337110752	-0.00757349766966904
PF08244.15	-0.030640730333096	0.0276433378974724	-0.00161894669983408
PF14264.9	-0.0169692578413711	0.0269678045960279	0.0158287832162004
PF13614.9	-0.00193742071267595	-0.0130280294821558	-0.0430499252972718
PF01503.20	-0.0153073315313942	0.0242556199502594	0.0200732711401629
PF18073.4	-0.0185407043443251	0.000951574822193213	0.0192311692956897
PF13481.9	-0.0029563414447912	0.0144672547040159	-0.0426799528697143
PF13541.9	-0.0308915940614221	-0.0121779387391502	0.0157718041383978
PF07470.16	-0.00492388894289023	-0.0252165961625294	0.0162872566017474
PF00370.24	-0.0229387414039695	-0.0100954512178465	-0.025551824088923
PF02782.19	-0.0230657310706825	-0.0104819992830592	-0.0252865765551103
PF04221.15	-0.005912384981833	0.00430704211418154	0.013337253854393
PF00950.20	0.00739885708415608	0.00220997202167115	0.0148013526713871
PF02872.21	-0.0176085637044198	-0.0106324439688655	0.0104225938260401
PF00375.21	0.0195834124481399	-0.0179897651901463	-0.016170600520925
PF01933.21	0.0124055694039	-0.00133921746558159	0.00175848242160393
PF07261.14	-0.0160216555235659	0.0051599743793707	0.00119893538067574
PF03170.16	0.000523362755189337	-0.000687415069024528	0.000123253597789496
PF04245.16	0.00529779618148222	0.0250908461234677	0.00404377424433872
PF18828.4	0.000509318742313282	0.00426742541054058	0.00318935781874807
PF07275.14	0.00732719281594858	0.0243964728588959	-0.0457202707473068
PF08401.14	0.0117140463640637	0.0134329103459587	-0.064847558152057
PF14191.9	0.0139799359531618	0.00912228882064754	-0.06981410104517
PF14195.9	0.00966410094113016	0.0103015602500565	-0.0576267101334899
PF03460.20	-0.0280203090912835	0.0371819632170297	0.00661362270095112
PF01077.25	-0.0278863639671508	0.0366289453254464	0.00722532288408098
PF14697.9	-0.00497175854249617	-0.0061184807460711	0.0168837597876894
PF03448.20	-0.0240460752373047	0.00839853162102027	0.00960472079789574
PF01769.19	-0.0123632611429964	-0.00112318360916061	0.00789852039170606
PF00239.24	0.00258390672100236	0.00842763559684845	-0.117563586502169
PF07508.16	0.00257264912944893	0.00875890358054142	-0.119937347139139
PF13408.9	0.00371383998359197	0.00826996196827666	-0.116360761785916
PF03596.16	0.00234572255020056	0.0247952918864477	0.000532373690833047
PF01022.23	-0.00262489422850498	-0.0156489954565917	0.0198150107628267
PF14284.9	0.0226426271486893	-0.00379083578229127	-0.000127568259747428
PF10626.12	-0.00208564107685111	0.0124619574025062	0.00394508798301626
PF13595.9	0.00871505551335827	-0.000315526567505706	0.00403070567866555
PF12508.11	0.00952016909921866	0.018548429597048	-0.00113440472243578
PF07863.14	0.0121549984848898	-0.00505155143259141	0.00111471731314177
PF13605.9	0.00703295718498348	0.0155167092693064	0.00139744846912155
PF12991.10	0.0137441373625196	0.0229491962005682	-0.0083429317883676
PF13572.9	0.0121519204156247	-0.00041950784830615	0.00829930659525309
PF01656.26	0.028922742524378	-0.0343625418349519	-0.00787225236989212
PF19514.2	0.0181957509713545	-0.00273064709371945	-0.0062728558475647
PF14293.9	0.00925618246086325	0.00251073197052526	-0.00112591812146177
PF12696.10	0.0122732629451496	0.00334620684216089	-0.0114700904154927
PF07693.17	0.0387623309135825	-0.00585851160513311	-0.0125187792142387
PF13173.9	0.026583581117422	-0.0176260364950946	-0.0125053040485902
PF13635.9	0.0293812147118335	-0.00670246438403821	-0.0114372462314227
PF00158.29	-0.0273833963223198	-0.0261253877499387	0.00412369607156313
PF02954.22	0.0267039958847842	-0.0373398931331651	0.00204306542736317
PF02384.19	-0.0115822474254201	0.00870897783661778	-0.0468732848281363
PF13342.9	0.0132208929767867	-0.0259845163562446	-0.00438280037203543
PF12728.10	0.022797986215248	-0.00730177854548095	-0.00455789523663745
PF17293.5	0.00862395581325382	-0.0101646407929917	-0.00254329313815818
PF13102.9	0.0182455508083768	-0.02427041312743	-0.0245764173344803
PF07549.17	-0.0131933759014455	-0.0285011399044952	0.00332051523812293
PF02355.19	-0.0276942575877681	-0.0257828018190215	0.00025279387347863
PF00227.29	0.0080569341792112	0.0157536149406831	0.00216812530227457
PF13823.9	0.00772935429342459	-0.00367595161365861	-0.000337313581625772
PF13384.9	0.0215599235449484	0.0123985822777558	-0.00125383233378579
PF07282.14	-0.00888000412748097	0.00320821453315157	0.00952225683768878
PF01965.27	-0.0101721500938914	-0.00407653978469124	0.0181134801841882
PF03176.18	-0.019728716722935	0.00697821227778609	-0.0300716705353616
PF14281.9	0.0249483973230477	-0.00715927850419652	-0.00621160724217369
PF20071.2	0.0216070863231965	0.0223704308678099	-0.00234844125198145
PF04650.20	0.0135807545618793	-0.012796587065673	-0.000300605957476662
PF01385.22	0.0246424971673969	0.00324952378399272	0.00124973297586096
PF07564.14	0.00322627146633877	-0.0324496652151762	-0.00601275031235203
PF01468.20	0.00850127216070494	0.0126624701073958	-0.00539257700773139
PF20585.1	0.0195888599477776	0.0327953761271188	-0.00657065484287175
PF18957.3	0.0061958990276299	0.0219718149980133	-0.00170061552521082
PF08428.13	0.0100077945008481	-0.010392015127032	-0.000787275950627547
PF01719.20	0.0236238957897932	0.0138588964632571	-0.00640476748577932
PF00910.25	0.0218647989434828	0.0090948145908941	-0.00339164067908803
PF05713.14	0.00679161799888195	0.00665687881470112	-0.0228903561950052
PF00311.20	-0.00107051675333427	-0.000265985076832849	0.00173192474420518
PF09424.13	0.00591832359911409	0.0204643894502879	0.00462278432701112
PF00990.24	-0.0364027695571599	0.00352760877462847	-0.0332230623810389
PF17137.7	0.0125344151240374	-0.0324419695186023	0.00694118012649106
PF19567.2	0.034663874724	-0.00714289724625924	-0.00354218680143911
PF01451.24	0.00124261943512386	-0.00815436957383959	0.00915193459960756
PF00312.25	0.0128775409588899	-0.00711828987043834	0.0132549910264534
PF14559.9	-0.0122934396429075	-0.0309306858914708	0.0100275664641626
PF02381.21	-0.00304794989602756	0.00961242141738238	0.00564555724112419
PF04085.17	0.000833289090589373	0.0122946990340404	0.0125215989260363
PF06723.16	-0.0131702120676296	-0.00999459927731013	-0.00250030553405279
PF01809.21	0.032204640185914	0.0110887983270368	-0.00513701526136173
PF00231.22	-0.0123845413632077	-0.0144324115231656	0.0225470146522827
PF00672.28	-0.0257434989346988	0.0228778933301396	-0.0781167156292586
PF13350.9	0.0207018703901844	0.0222798461728745	0.00152205284004037
PF04198.16	0.0139477056434608	0.000199156015298218	0.00673218759141261
PF03668.18	-0.00507256705369641	0.0101343703876988	0.0112861053696041
PF03729.16	-0.00496178413880183	-0.00626236843947062	0.00251631029407588
PF00471.23	0.00754327493775022	0.0395946620017229	0.00285283774988885
PF00708.21	0.0162020980448463	-0.01379794429196	0.00458995877436252
PF18719.4	0.0108343456560003	0.0383314658544854	-0.00632867211673974
PF01230.26	0.0141143872853999	0.00688374583108153	0.0111393747422448
PF13616.9	0.0157812049019236	-0.0165124522610407	0.00261511379738895
PF06133.14	0.0321331985210185	0.00818449339901838	-0.0102172068890742
PF07537.14	0.00275467779109925	0.0368796592901759	0.00036371218713345
PF01293.23	0.000274247803542761	0.00324374119257174	-0.0222160872957377
PF04973.15	0.0184907483455246	0.00381846556473998	0.00440961990708848
PF13245.9	0.0209494199419996	-0.0225621289985596	-0.00883257356563167
PF04131.17	-0.00324044793780826	0.00147380181026889	0.0179826355778514
PF12229.11	-0.0360064290499465	0.0278224253629747	-0.00638784247098164
PF03734.17	-0.0238684269762715	-0.0245945555071397	0.00600906023650026
PF02195.21	0.00167842499723706	0.00217425550402147	-0.0702833240723344
PF17762.4	-0.0108186565345281	-0.0121714521279422	0.0197437160411554
PF02674.19	0.0187051664565449	0.00312217238549727	0.00605313215382119
PF03358.18	-0.00976120358671744	0.00355126763111517	-0.0184261903998666
PF01661.24	-0.0214042984825182	0.0280950189954697	0.0146003205316419
PF03590.18	-0.008130254405048	0.00150621168188523	0.0123386167146082
PF04914.15	-0.00613633675381129	0.0228295511781474	0.0116097207245985
PF00550.28	-0.0464764442764044	0.0370966954933284	0.00119568737548761
PF01470.20	0.0235969747219886	-0.00653044875816129	-0.00433523950479806
PF06149.15	0.00653935372986279	0.00540235037151766	0.00500902017070704
PF01276.23	-0.02011970854186	0.00896747811099049	0.0133117312385282
PF03711.18	-0.0197476819732575	0.0147372277339196	0.01246455611947
PF06838.14	-0.013857217543694	0.00776015726992329	0.01376480211548
PF00011.24	-0.0019667905710271	0.0143392109927069	0.00910324062962059
PF00383.26	-0.00854898179018751	-0.0195761895787763	0.018611890064332
PF19276.2	0.00267257508689719	0.0448327725357734	-0.000779061335179992
PF09148.13	0.018156019375707	0.0114133638019684	0.00512679298923181
PF02515.20	0.019078008835793	0.00664771975101425	-0.00230889820253793
PF06161.14	0.00576705206427477	0.0132065099615678	0.00951352646050973
PF03547.21	0.0259265714424124	-0.0340794222990728	-0.00697243861570438
PF01648.23	0.00306080906343216	-0.00305260797114048	0.0158855349373581
PF00181.26	0.00104626914999179	-0.0200129583209901	3.09351178909829e-06
PF03947.21	0.00152762856927765	-0.0205476719615824	0.000275675361063544
PF00203.24	0.0217230970999844	0.00400587746182175	0.00211704350333826
PF00366.23	0.027304854119989	-0.00354166073248051	0.00645494457985601
PF00380.22	0.0116453741038625	-0.00393630401256817	0.0114987752757286
PF13671.9	0.0103565516607684	0.0148048042857364	0.00664374874679236
PF07885.19	0.00909263930180625	0.0281325608391566	0.00664996009517278
PF00389.33	-0.0295385129992892	-0.0188941662489517	-0.00103907293004246
PF04205.17	-0.0112363704544412	0.00585965640963437	0.00585426591510044
PF02502.21	0.00566397656437314	-0.0266358620830787	0.0175859987747034
PF09364.13	0.00339726300955529	0.0367476276111477	0.0015038089449799
PF03894.18	0.0038874292318277	0.035963969889148	0.00225789417404933
PF09363.13	0.0038874292318277	0.035963969889148	0.00225789417404933
PF07435.14	0.00373671555594902	0.0193433938662598	-0.000998604691073003
PF02590.20	0.0145206962428636	0.0187311103291915	0.00832450802944492
PF02566.22	0.0106338560964431	0.0160554402609219	-0.00152673012591256
PF02311.22	-0.0211382301157657	0.00740909831268452	-0.0387878626211776
PF00763.26	-0.00121722441751788	-0.00396006482026065	0.015806252267815
PF02882.22	-0.00121722441751788	-0.00396006482026065	0.015806252267815
PF01726.19	0.0169368363005713	0.00959707720746431	0.0056501558239752
PF12917.10	0.0335547821630883	0.0312256852145276	-0.00870973872780194
PF04343.16	-0.00552819436453239	0.0309030169807136	0.00815267614244411
PF02224.21	0.00101171959736137	-0.00896084663285979	0.0186723425864366
PF02146.20	-0.000460176861212857	0.0113198444300342	0.0122502261568527
PF03572.21	-0.018803667619117	-0.0180875802838455	0.0181866717200017
PF01471.21	-0.0290655029574614	0.0100700990747004	0.00142566925230053
PF04298.15	0.0196438245306231	0.00822347343434354	0.00258267320411058
PF05525.16	0.0174043862948369	0.0118204688836672	-0.00249583641873968
PF02660.18	0.00677835511375553	-0.0185730521155462	0.0157251160134291
PF00082.25	-0.0425224934840433	0.0279567916683142	-0.0063654850921262
PF02225.25	0.0204599419270012	-0.0111005760517527	-0.00168443509757975
PF06280.15	0.0165910681248012	-0.0100515927829796	-0.00103746727032448
PF09136.13	0.0145735524434623	-0.00891998442063329	-0.000600380487655002
PF20434.1	0.0254904335828069	-0.0202323900502218	-0.000992788912590056
PF19890.2	-0.0210750404822997	0.0150155078197004	0.0162665793562949
PF05598.14	0.00316638599392102	0.000797612775128346	-0.0731970446614106
PF01609.24	0.0138030930194076	-0.0191998596884997	-0.0954058766091471
PF00027.32	-0.0341593487805778	-0.00829739665080745	0.00920958475707139
PF13007.10	-0.00689971108295571	0.0237870762531379	-0.0475838206082686
PF03050.17	-0.00324907698112574	0.0147250930237144	-0.0599915961161981
PF02110.18	0.0145896659720877	0.000870348150033249	0.00989524845125979
PF02581.20	0.0107400599311101	-0.0123239353384366	0.0144919561934522
PF16338.8	0.0205939118809645	0.0171588143116721	-0.00430459174994543
PF13802.9	0.00960404923386619	-0.0460592144155985	0.0159924298021355
PF02661.21	-0.00375948792348411	0.00298878046613272	-0.0132005636643668
PF13443.9	-0.0050191713517321	-0.00254017147786683	-0.00661969146992741
PF12320.11	-0.0106607181344594	-0.000197467000495754	0.0189963720707748
PF01773.23	0.00549230953587117	0.0285394673861352	-0.000449804769148023
PF07662.16	0.00452756133122689	0.0285288725433347	-0.000112233453660025
PF02574.19	-0.0135775112273502	-0.0374275936193523	0.00490869796046618
PF01156.22	-0.0173619114592479	0.0288843994078187	0.00766557031306644
PF02737.21	-0.00671761796178668	0.0156099260320883	0.00762749831283307
PF00725.25	-0.00671761796178668	0.0156099260320883	0.00762749831283307
PF13192.9	-0.00569658783543987	0.00429177393148449	0.0110011487957324
PF10417.12	-0.00258859404773469	0.0128916106597125	0.00346354727312217
PF01717.21	0.0078273068709043	0.0138424928921655	-0.00127606007727421
PF04199.16	0.00442639420403124	0.00775965740029381	0.0066839978024671
PF02449.18	0.0354752037988256	-0.00789271936848844	-0.0170759560918368
PF08532.13	-0.00939341133866083	-0.00275526321143186	-0.00162876708921533
PF08533.13	0.0240612805161003	0.000436129843392338	-0.0023695118903585
PF01746.24	-0.0202047214271445	0.00171537843828196	0.0208621404845601
PF01782.21	0.0149218708710483	0.0116588501580948	0.00477908379122313
PF05239.19	0.00815067828799768	0.00131003651194979	0.0119539771661308
PF04297.17	0.00738087126242257	0.0158761241802775	0.0115434926921982
PF03591.17	0.00684131679673635	-0.00212687434769546	0.00857205901837371
PF02620.20	0.0114901548319074	0.00706011411312609	0.00891496868300532
PF13242.9	-0.0281066581518191	0.00191018229926848	0.014892246053468
PF01121.23	0.00520447458645255	-0.0176716526488534	0.0134001160323671
PF01149.27	0.00114313432985458	0.0129226968690421	0.00470592820237862
PF06831.17	0.000743997990042898	0.0126552757652098	0.00544314947756788
PF00639.24	-0.00185942811947014	-0.0095490011301819	0.00695826048807378
PF01725.19	0.000255677585396981	-0.00325651727668808	0.0162796657427136
PF01256.20	-0.01430156632207	-0.024454658265747	0.0204537196074028
PF03706.16	0.00166878461334107	0.0319114223835797	0.00175825383100512
PF00731.23	0.0152760113958367	-0.015709016369179	0.011972764137635
PF02397.19	-0.0368167961520679	-0.00905823861492823	0.00038350087087092
PF14393.9	0.0116811608559458	-0.00270930411599067	0.00222688182264969
PF02631.19	0.00118751603347741	-0.00654123257821922	0.0157910971886427
PF04138.17	-0.00846766627750759	0.00661971785971382	0.0142200067206073
PF02350.22	0.00249491499102584	0.000670295674290789	0.0166013299654504
PF03641.17	0.00346479371312692	0.0127148447101159	0.000511835867309103
PF04262.17	0.00836042601435046	0.00390628920192509	-0.0031436647538332
PF11311.11	0.00125102009470295	0.0020557217711244	0.0075145020118509
PF11457.11	0.0171311188902696	0.0359398806869851	0.00187744766615675
PF07929.14	0.0173992826106594	0.00935929476871529	0.000233144548125861
PF03976.17	-0.0241380976824384	-0.00327043813357305	0.00117511826381441
PF02844.18	-0.0106696203925682	-0.0206891949844375	0.0132210453158957
PF01071.22	-0.0106696203925682	-0.0206891949844375	0.0132210453158957
PF02843.19	-0.0106696203925682	-0.0206891949844375	0.0132210453158957
PF06197.16	0.0111912385865008	0.0158747897760771	0.00367967322419306
PF12821.10	0.0120351252427423	0.0053091448097363	0.00493696841348633
PF06738.15	0.0200279483623209	-0.0124969970485879	0.00523293375036747
PF09924.12	-0.00499769027209808	-0.00808185225484499	0.0181178404590421
PF07859.16	0.00167982635039526	-0.0106703623976236	0.00997653361738261
PF00939.22	0.0298586647217449	-0.0251450748853373	0.000695913700529325
PF10415.12	0.0107522652907907	0.00314168791992784	0.00931569315955844
PF03606.18	0.0200229335816938	-0.00110014633984994	0.00764578241137753
PF13847.9	0.0204849604782104	-0.0182797121336688	-0.00479611290209492
PF02254.21	-0.0187678878734511	-0.0216440451061509	-0.00693994903967837
PF01270.20	0.00177224558661473	0.0177495446842169	9.63550226028699e-06
PF13641.9	0.00349577891454496	-0.00442355774116798	0.00974169253777225
PF13303.9	-0.0130692960037391	-0.00107981847979488	0.0244487103246598
PF09685.13	-3.13074538902559e-05	0.0282401446895173	-0.00303261750813484
PF12146.11	-0.0144527408020308	0.00708960723188195	-0.00939949369538773
PF03553.17	-0.00548290258006685	-0.029774063016674	-0.00609544325797938
PF00121.21	-0.0149514881348722	-0.00195728725817261	0.00928496416139614
PF11907.11	-0.00135324866511445	0.0330492353081464	0.00168355485268531
PF13203.9	-0.0154406017150006	0.0083198538412991	0.0147458679759832
PF09967.12	-0.0189022442953952	0.0120093650362382	0.0195230840573287
PF07728.17	0.00504097087501843	0.0132524895728649	0.0164541241421699
PF02245.19	0.00891018888188353	0.0106465523287029	2.20576282898811e-05
PF12784.10	0.00110825300749784	-0.00348355848872951	-0.0270976963835531
PF04392.15	0.0205338512736705	0.00319085888455582	-0.00144956650849703
PF03741.19	0.00349353136106335	-0.0012370819283052	0.00200572908934417
PF03853.18	-0.0132128724131081	-0.0253015477986311	0.0201267847850608
PF00532.24	-0.00300668125278596	0.0195822186319174	0.010449921241681
PF11700.11	0.00769717766579411	-0.00775869287203525	0.0045145976089875
PF01663.25	-0.00157452865738075	-0.00389082438520438	0.0023670076465368
PF02558.19	0.0193839531625047	-0.00226278083703913	0.00521197025405865
PF08546.14	0.0185377465885634	0.00155189747947641	0.00134439830030319
PF12822.10	-0.0281582888736849	0.00837650299112231	0.0105803054027297
PF06207.14	0.000525928150928029	0.00771930211457649	0.00634625441076524
PF12682.10	0.0164261596604547	-0.0238004906803001	1.99418897122017e-05
PF00144.27	0.012729385782015	-0.0207651556340489	-0.000436614865740687
PF07969.14	0.026002847946368	-0.00806812024528377	0.00220762735175266
PF10502.12	0.00155595687966286	-0.0292230830224754	0.0114649964622257
PF00334.22	0.00560108677381928	0.0146890118543375	-0.00302689215713492
PF01555.21	0.00017005528621559	0.0192358291723176	-0.0475323679575933
PF02541.19	-0.0145777896103286	0.00559949083318913	0.0145326386990253
PF04011.15	0.00310593837349238	0.0167991299274338	-0.00134082030941613
PF04960.18	0.00575739119342275	0.00538143821093851	0.000257745168545177
PF02452.20	0.00820229181805462	0.0169865709643053	-0.0130163941566524
PF02133.18	0.0220696360864022	0.0281128784385498	-0.00213550983085542
PF02837.21	-0.0140125555679801	-0.0311947217191611	-0.0328533358380096
PF00703.24	0.0039660588086337	-0.0456051833468496	-0.0332828515269117
PF02836.20	-0.0142804213657878	-0.0333109289238054	-0.0321587379950126
PF03807.20	0.00407372321161629	-0.00740583467481956	0.013139487591465
PF14748.9	0.00296860636195528	-0.00543834687836753	0.0141606735111277
PF12169.11	-0.0150670113914867	-0.0317421073435791	0.013029286738048
PF00590.23	0.0051067714029232	-0.0314625772423685	-0.00970039282707697
PF13089.9	-0.0208316392797254	-0.0251208201318797	0.0175913625637993
PF02503.20	-0.0208778345901285	-0.0260411387324196	0.0177178494007434
PF17941.4	-0.0208590878508547	-0.0257447269748358	0.0176735942352594
PF13090.9	-0.0208347568963235	-0.0261118849404659	0.0176961065325503
PF05025.16	0.0146460750536436	0.00737202768036102	0.00867508551902953
PF14690.9	-0.00678574766156776	-0.00471232291043769	0.0138255846825649
PF01610.20	-0.0202864011696883	-0.00253260559518882	-0.0213397747672633
PF03481.16	-0.0137955271167559	-0.00161314737176622	0.0154514304256336
PF13181.9	-0.0380885016405682	-0.0256891390306638	0.00471857776041864
PF00083.27	0.00869875305251024	-0.0280421139119387	0.00674097767789574
PF02610.18	-0.0209510928210682	-0.00352572425584598	0.0122536146386801
PF11762.11	-0.02173820461116	-0.00355082243819103	0.0133102180859566
PF13669.9	0.0274701669465081	-0.0133802639867935	0.00277877082070839
PF04002.18	0.00231540911685941	-0.0233735121757067	0.0142131735395655
PF12850.10	-0.00885175190927033	-0.0191847881765104	0.00776612598257861
PF15980.8	-0.00503359871022336	0.036154497958951	0.0031028222376651
PF01678.22	-0.00422408407267378	-0.0175837822967239	-0.00867728742725555
PF02784.19	-0.00645557432703228	-0.0326802916475312	0.00696734549130821
PF00278.25	-0.00571695166882881	-0.0324653339555057	0.00620686577231586
PF08503.13	0.00897647378861075	0.0027048364214539	0.00208749228906224
PF00701.25	-0.0187285607797598	-0.017941064954035	0.00896858103452728
PF01113.23	-0.00144155410167753	-0.0115388116785262	0.0196560419032416
PF05173.17	0.000906046822188072	-0.0112225320062672	0.0171229715959607
PF00459.28	-0.00164832423626216	0.00233473258467257	0.00773798080114248
PF01797.19	-0.00125023371655506	0.0163025913578481	-0.00794215582020234
PF10531.12	-0.0201928921640349	-0.00811519418772227	-0.00728351690890139
PF03772.19	-0.027244860814663	-0.0175584419996458	0.0155886083666279
PF01509.21	-0.00693877312397459	0.00703382851014944	0.0184708584139974
PF16198.8	-0.00554615754895271	0.0123002357436664	0.0174785300193325
PF06574.15	0.00355755517900577	-0.00787511874688944	0.00878242086970672
PF01687.20	0.00133117117149517	-0.00863622806165609	0.0114007345572396
PF03444.18	0.0106504502465188	0.0152000303399093	0.00716436001593349
PF01628.24	-0.0129771407219524	-0.0115612535751535	0.01666866081949
PF02615.17	0.0200168296774236	0.0147766389732436	-0.00233199301092493
PF03881.17	0.00345642273598848	-0.00199446248464351	0.00585487105657662
PF02632.17	0.0117962177019808	0.0103750636091117	0.0066466074227978
PF08279.15	-0.019613425758697	0.0103671796776705	-0.0324455306790175
PF02237.20	-0.0106836433179228	0.00751911968979954	0.0216078555565711
PF13432.9	0.0051845057042674	-0.0600453750700916	0.011080597037237
PF13174.9	0.00652902385815308	-0.0593560288450727	0.00879233045081803
PF01743.23	-0.00723503591083528	-0.0158677705372805	0.00843113913417727
PF12627.10	-0.00807362382958008	-0.0157548756527534	0.00999848269716393
PF13735.9	-0.0137738600125199	-0.00680476328609034	0.0159836571897595
PF13472.9	-0.0334934109348791	-0.0387988368411588	0.000155008285736509
PF02481.18	-0.0121625993870562	-0.0223714825064057	0.0267816973732543
PF16993.8	0.00500027094852154	0.00760335062210225	0.000238805045794328
PF00926.22	0.00591278229746531	-0.00883535979007858	0.016620371231865
PF00925.23	0.00591278229746531	-0.00883535979007858	0.016620371231865
PF17125.8	0.00856301394036608	0.00276001999057049	0.00907382829724332
PF17126.8	0.00346589435818891	0.0115817070496665	0.00802192735922182
PF13636.9	0.00346589435818891	0.0115817070496665	0.00802192735922182
PF07694.15	0.0129345268052783	0.0352823660743915	-0.00627046931853968
PF13492.9	-0.0047765333663144	0.00601284823245989	0.00517571538807393
PF06580.16	-0.0368780428755616	0.0235642394934493	-0.0316047834818517
PF16875.8	-0.0131763792386441	-0.0202466643748795	-0.0102763786154341
PF02065.21	-0.0129123780852512	-0.0199842884210761	-0.0108501172149236
PF16874.8	-0.013821989872259	-0.0189444477537041	-0.00964837417140051
PF13740.9	0.029876071309175	0.0204633370111275	-0.00527824770921098
PF03109.19	0.0085431762043947	0.0149789100561877	0.000914798785288776
PF02698.20	0.0105911526045428	-0.016729474380514	0.00729593785990322
PF02537.18	-0.00304097043199066	0.0391261388669747	0.00183917825282421
PF09848.12	-0.00077109995962729	0.00336425765760005	0.00516806224919023
PF04304.16	0.00508122447933378	0.0395587879829711	-0.0041486132044534
PF02915.20	-0.0119693604112512	-0.00521869515237594	-0.00408221020696027
PF19302.2	-0.0250599735165889	0.00986252165278954	-0.00331566435700223
PF01120.20	0.0278470961186327	-0.045548514606006	0.0037449753541619
PF02627.23	0.0128733717542324	-0.0446145777065608	0.0139997553906044
PF01738.21	-0.00234346579744778	-0.00476319018591354	0.00312720740763549
PF12697.10	0.0200162751680728	-0.0245670434712682	0.00553135817638585
PF00404.21	-0.00169832972848965	-0.0253136478857189	0.00846706286399416
PF11655.11	-0.00926087866345736	-0.0113143465474597	0.0120297318350363
PF01914.20	0.000501789564438513	0.0213709994174476	-0.00274660727186746
PF02838.18	0.0118241615554205	-0.0679891512864552	0.00632462531867682
PF16347.8	-0.0130694319575438	-0.0262423245333352	0.015159657729315
PF13098.9	-0.00525288177606914	-0.01622604532249	0.00750773536499681
PF16576.8	0.0348466397319652	-0.0472118582820667	-0.00493709175669832
PF03797.22	0.00314518265996772	-0.067631261081249	0.00180140481350843
PF00584.23	0.0288302163453669	0.0204607377428805	-0.00306279498261163
PF07244.18	0.00320989559379002	-0.0539767156416204	0.000796556514520519
PF01103.26	-0.00799287744562982	-0.0227079331696248	0.0114136461665787
PF02219.20	-0.00259932385332345	-0.019379417199946	0.0118200151981791
PF09976.12	-0.00152321214602784	0.0193104519760035	7.4113020008635e-06
PF00873.22	-0.0347837615727913	-0.028164580389549	-0.0166002767293597
PF02321.21	0.00962040466204032	-0.036646135175719	0.00525584573460776
PF13857.9	-0.00517375014627992	-0.00395783422947467	0.00614021282626018
PF05221.20	-0.0140873197887433	-0.00164633774581186	0.00662211531463902
PF00670.24	-0.0156888131662563	-0.00508796860667074	0.0129144551718116
PF13450.9	-0.00731716885141641	-0.0214469573651621	0.00927900940583373
PF13692.9	0.0183245266625363	-0.0470240485098068	0.00640274725052568
PF02910.23	0.0082287590427152	-0.0275448114190102	0.0021861868561961
PF04966.15	-0.000139357148396478	-0.0147220812289029	0.000969802502159662
PF04023.17	-0.0087187475007012	0.00183322244994091	0.0120705807740267
PF14376.9	-0.00452362414136861	-0.000376092944885996	0.00532631525411149
PF03150.17	-0.00452362414136861	-0.000376092944885996	0.00532631525411149
PF00034.24	-0.00452362414136861	-0.000376092944885996	0.00532631525411149
PF16881.8	-0.00633127786641291	0.023713373071778	0.00504762711743049
PF07498.15	-0.0162666284925022	-0.00565954204920628	0.0184907960210838
PF07497.15	-0.0107067704626269	-0.038619793459112	0.0127897865725795
PF07719.20	0.00505901842532805	-0.0197110718428137	0.00548771131534496
PF00263.24	-0.00245004904100014	-0.0280949642176013	0.00512256807931388
PF11104.11	0.00964021656256207	-0.014806300970271	0.00561646017443055
PF05195.19	0.0127584230439435	0.00643107498916073	0.0019306227784205
PF08029.14	-0.000464141802477871	-0.000805160164599546	-2.24769533589765e-05
PF01980.19	0.00380239411756929	-0.00620165066775143	0.0189063968363379
PF18389.4	-0.00600585131763935	0.00503670354331923	0.0145176323697613
PF06968.16	0.02633983191689	-0.0291083491811088	0.00275273824799481
PF14498.9	0.0226623418480253	-0.0500141428360416	0.0029033906459213
PF11013.11	-0.00225102334477342	-0.000858696424071757	0.00266476211712442
PF00432.24	0.00283962165364534	-0.0473695201448676	0.00427793545066067
PF13539.9	-0.00132578812088589	-0.00799968663957333	0.011169311372987
PF01531.19	-0.0174563402791697	-0.0124819111150467	0.0128322785030595
PF01762.24	-0.00228880115443622	0.00121032994737564	0.00226582497004292
PF03814.18	0.0057802728078155	-0.030211589645074	0.00303119335933228
PF02669.18	0.00121453301257849	0.00656318788549151	0.00242141517024292
PF02702.20	0.00616512075317224	-0.0391465928263272	0.00626694078122725
PF03781.19	0.00383521387346509	-0.0490195663454011	0.00648504197142029
PF01212.24	-0.0133371971015383	-0.0306088368457075	0.023202921684458
PF13768.9	-0.00447698109508479	-0.00439065205260981	0.00897845560411659
PF00092.31	-0.0157619468342419	-0.0170727322059118	0.008038143404666
PF07584.14	0.005041676181595	-0.029290576571438	0.00362928411782787
PF01882.21	-0.00708996520465561	-0.0106014180136457	0.00898348109936324
PF07726.14	-0.00125394947695437	-0.0236208598734915	0.0136411696981586
PF17863.4	-0.00125394947695437	-0.0236208598734915	0.0136411696981586
PF07786.15	-0.00349332509958739	-0.0090255224228279	0.00485995419068179
PF04235.15	0.000275757878023956	-0.00932821245618767	0.00127349794062326
PF08338.14	0.00213833085529485	0.00767923163856167	0.000493369527571044
PF01593.27	-0.0380811426383569	0.00875918232125268	0.0187811841509844
PF04977.18	0.0270158256177478	0.0195560677267772	0.00103121475104715
PF16499.8	0.00104249402940833	-0.0268183173541082	0.00665193021931507
PF17801.4	0.00013417515532135	-0.0117846017234724	0.00638306927788158
PF04371.18	-0.00184009060763558	0.0175392399551967	-3.41993124356985e-05
PF01050.21	-0.0351570041410532	0.00962023291523595	0.0137328571187708
PF06733.18	-0.029950991956994	-0.0145448291086695	0.0144192815157794
PF01066.24	0.00542997617812124	-0.0103671060811049	0.02182284459873
PF01891.19	0.00488467566348957	0.00163280745458002	0.00716766857177371
PF13190.9	0.00488467566348957	0.00163280745458002	0.00716766857177371
PF07589.14	-0.00365839043746223	-0.0280134586905588	0.00687327881311812
PF17297.5	0.00789666843683165	-0.00764745516497691	0.00979309141111519
PF00821.21	0.00789666843683165	-0.00764745516497691	0.00979309141111519
PF01510.28	-0.00312714860358272	-0.00750741396137425	-0.0280806230171685
PF12971.10	0.0168042051178764	-0.0420042911327981	0.00562051168719077
PF05089.15	0.0168042051178764	-0.0420042911327981	0.00562051168719077
PF12972.10	0.0168042051178764	-0.0420042911327981	0.00562051168719077
PF03169.18	-0.00544087750639628	-0.0222390741289817	0.0141727217267538
PF03544.17	-0.00227131557862499	0.0126485823547459	0.00181677276659629
PF07085.15	0.026332627345071	-0.0374199340460557	-0.000857660065628799
PF16385.8	-0.0046269738712482	-0.00026446438703172	0.00545826531481498
PF20582.1	0.000831309865935038	-0.0182732261578183	0.0235705825258579
PF01618.19	-0.0194394428057667	-0.0182778745150655	0.0176095909029251
PF02472.19	-0.00331249230897936	0.00212077552475003	0.00321083434678915
PF02542.19	0.0138738393844165	0.00398260944655931	0.00895354958052752
PF12437.11	-0.0164163633798486	-0.0140405801907565	-0.0215999675079442
PF18318.4	-0.0168074514550676	-0.0139163758548987	-0.0211253687556736
PF14849.9	-0.00294380145933408	-0.00614234771427987	0.00396874745224819
PF03629.21	-0.00190625536112193	-0.036688691488486	0.00886437424762769
PF01204.21	-0.00056459955149624	-0.000224990255088131	-5.23557785054324e-05
PF10590.12	-0.00245508336513193	0.0205276584202464	0.000884652997114436
PF01026.24	-0.0100854163329947	-0.00994066352391772	0.0117500306691119
PF02073.18	-0.0315402795012272	-0.00915065107176253	0.0224815938976858
PF01346.21	-0.0050311736102045	0.0135944513161642	0.00411358443612219
PF12951.10	0.00871979168983522	-0.0913066293467317	-0.00308855088377775
PF18582.4	-0.00285949775743459	-0.0229505009540746	0.00508106147563114
PF01042.24	0.00104928931029365	-0.0268198915340951	0.011668447660267
PF09374.13	-0.00314400091766791	-0.0119583076886755	0.004645699673549
PF08902.14	-0.00443229077614592	-0.0066947923475976	0.017573577998072
PF04519.16	0.0183478756659491	-0.0180081476214082	0.00462026307221764
PF00924.21	-0.0144514607325033	-0.0261028744064925	0.013328254009342
PF00209.21	-0.0151428828904879	-0.0111398100967602	-0.0218244501710212
PF04389.20	-0.00360596322161565	-0.0110834735423506	0.00512921455470299
PF00809.25	-0.015717186980871	-0.0328927653261832	0.00711999450616521
PF04551.17	-0.0108091214601511	-0.0367258287917601	0.0207831351267632
PF12715.10	0.00371010100703129	0.00187864439009762	-0.00110291050455602
PF02492.22	-0.0147552810342787	0.00023778005087064	0.0011218377518658
PF07503.15	0.00181314335710609	-0.025854108514146	0.00384948178121605
PF17788.4	-0.000354837604040633	-0.00916977406259162	0.00736030983626776
PF01924.19	0.00562174268075313	0.0201077877663404	-0.00311702573556224
PF08238.15	0.000353220921843349	-0.0351745886712588	-0.072012818195783
PF13593.9	-0.000724495086937479	0.0147192896387403	-0.00127720296631892
PF01384.23	-0.000678147358557115	-0.0327204907204013	0.0125339307237242
PF02706.18	0.027355822322179	-0.0216059206624501	0.00145905565820766
PF14508.9	-0.00154207550278316	-0.00307193206964811	0.00313166813750505
PF10566.12	-0.00159761839280375	-0.0077296181003116	0.00362147973825743
PF14509.9	-0.00160209088414871	-0.005372547803181	0.00340474379089689
PF03983.15	-0.00323237500449112	0.00147160012793125	0.00334347094463837
PF01344.28	-0.00463341710939647	-0.0106789854671195	0.00637853917032243
PF04170.15	-0.00028207389525301	0.0172608358459878	-0.00176602551344628
PF19783.2	-0.00240199237770287	0.00844407421551986	0.0018971352111312
PF03721.17	-0.00760181547729445	-0.0171893104281895	0.0046595468965704
PF00984.22	-0.00760181547729445	-0.0171893104281895	0.0046595468965704
PF03720.18	-0.0132908520418437	-0.0185156828960951	0.0117756328230543
PF08305.14	0.0175011477312666	-0.0274668035193968	-0.00110132796151302
PF06414.15	0.00703445227727883	-0.00160983959859192	0.0157904526942229
PF13229.9	0.0353218226316687	-0.0382805015736316	-0.00418117711162436
PF00494.22	0.00362855979138334	-0.00093058453042153	0.0050733174319572
PF02913.22	0.0100942400492109	0.0144808892087713	-3.45867797386897e-05
PF11984.11	0.000259620449983031	0.0138605249898572	-0.00187344277759807
PF09721.13	-0.00637574097494668	0.00729448058092142	0.00710559983121015
PF01386.22	0.00135881187166858	0.0250091511517382	0.00152182255099505
PF14693.9	0.00135881187166858	0.0250091511517382	0.00152182255099505
PF04166.15	0.000832535994932432	0.0169959539309921	0.00556147278704271
PF13899.9	-0.00535838344459417	-0.0211265028908704	0.00809478547867048
PF05656.17	0.0117906922554008	-0.00991896824456706	0.00119608150867085
PF02535.25	-0.00650211931010413	-0.00397476367670668	0.00793490090698182
PF03435.21	0.00398912459606429	-0.00432552823009458	0.00525093138747203
PF16653.8	0.00398912459606429	-0.00432552823009458	0.00525093138747203
PF03755.16	0.00231087142755913	0.00135282659805954	0.011091944910184
PF08340.14	0.00155753252489834	0.00592750171894541	0.0109658838359007
PF01487.18	0.00676885466833302	0.011987152281282	0.00157873117476881
PF19821.2	-0.000724495086937479	0.0147192896387403	-0.00127720296631892
PF02578.18	0.00603967477650615	-0.0176351860642771	0.0122225566778853
PF17131.7	-0.00500881625676462	0.0244466917419285	0.00327834573568841
PF13202.9	-0.000412596048679929	-0.0338872631258009	0.00324114015733219
PF06750.16	-0.00101574821248609	-0.00109919075905527	0.000993348994599258
PF01478.21	0.000290640882129903	-0.0164508460774627	0.0103990927649455
PF03739.17	-0.0108377640238426	-3.94902328507453e-05	0.0129206149541898
PF00691.23	-0.0269356661156669	-0.0134134895366655	0.0240209157504023
PF17291.5	-0.00290305281491177	-0.0398113740206754	0.00689279626217137
PF13402.9	-0.0434694063479209	-0.0119592882061877	0.00548650395059872
PF05977.16	-0.00512433672243276	-0.00192817136184996	0.00890299955642283
PF08447.15	-0.0329278898270323	-0.00547254347698075	-0.00394741406856922
PF08448.13	-0.0432986903732314	0.00206007960141518	0.00595400809769713
PF07228.15	-0.00784596017143642	-0.0212225505068206	0.00567839993235422
PF19528.2	-0.034670708440336	-0.00819342573137637	0.012143924919363
PF19580.2	-0.00737681490754157	0.0107824649512936	0.00760771873482317
PF07963.15	-0.00380993158268448	-0.0331538438264969	0.00746873310665316
PF03030.19	0.0216291635701338	-0.0408778707793359	0.00473336571507747
PF00218.24	-0.00424609331886467	-0.0108887751788253	0.0092859358332709
PF00697.25	0.000985623021691409	0.00711292923864092	0.00659324822381752
PF00290.23	-0.0143706396347664	0.00320424277365109	0.0170196462704958
PF03279.16	-0.0031444377615258	0.00779782672046092	0.00320937301982622
PF01075.20	-0.00395138871351216	-0.00145108147410833	0.00482198567762582
PF13088.9	0.00482496749675611	-0.0391824063540344	0.00769360159239807
PF00023.33	-0.00492188707591034	-0.0187260236625108	0.00722488143771213
PF06044.15	-0.00620646060804931	0.00273635302900103	0.00646510125892054
PF17726.4	-0.00620646060804931	0.00273635302900103	0.00646510125892054
PF01835.22	-0.000935279848031937	-0.0283638662265723	0.00335934143228436
PF07703.17	0.00702198519313083	-0.0292455062198042	0.00367664568213256
PF00207.25	0.00521940805199407	-0.0192490945651833	0.00561054454854411
PF07678.17	-0.000909509812156918	-0.0285928256601202	0.00337557305908557
PF17973.4	-0.000908913243718123	-0.0289975705679143	0.00341647322764897
PF01035.23	0.0127393445751066	-0.0141975821124088	0.0138238123586932
PF13482.9	-0.00046580228054274	0.000150751598031915	0.0117359272435831
PF05157.18	-0.00131984495359387	-0.0219556539757281	0.00664730562838384
PF00437.23	-0.00499733217596534	-0.0440525803286865	0.00509119562767864
PF03023.17	0.00755948377519923	-0.00860962650727856	0.00318288234575841
PF02638.18	0.00217737924902641	-0.00547720153617956	0.00401307736362004
PF01969.20	0.0172154230201585	-0.0142461644509459	0.00694184582484717
PF02405.19	-0.0061394513582711	0.0141892623287585	0.00600411260357676
PF13624.9	0.00817271524703106	-0.0145222137218785	0.00504960934561779
PF11958.11	-0.00229793774969688	0.00928424673159137	0.00149098874410706
PF00361.23	-0.0437002426877007	-0.0111849497955546	0.00175044933916107
PF00662.23	-0.0234642284397911	-0.00693899104606851	0.021558498808079
PF00499.23	0.000120081589972355	0.0272305454794732	-0.00308569008194727
PF00146.24	0.00182481714122109	0.0101772515469754	0.00122509491009688
PF13510.9	0.0283966456326351	-0.0314481849536675	-0.00546575358493306
PF10588.12	0.0317833424491181	-0.0284065465248465	-0.00567472555886751
PF00384.25	0.0393453559963264	-0.0529354035662023	-0.00853548927384255
PF01512.20	-0.016473660708199	-0.00539902251900845	-0.00812078536991336
PF10589.12	0.0214570548856473	-0.0234178374560872	-0.00210094510017335
PF01257.22	0.0228071375651598	-0.00637805371343723	0.00305232556912638
PF00346.22	0.00135271078329847	0.0159553915870849	0.00141572153018878
PF02470.23	-0.000404721368570276	-0.000632497307199357	-3.92365068914554e-05
PF07399.14	-0.00474483054035185	0.00371077442409462	0.00512067762860038
PF00677.20	0.00444960239096491	-0.00240809322782662	-0.000334917109227077
PF00919.23	-0.0300906602895791	-0.022149924823155	0.00256003404868331
PF18693.4	-0.0100034713208863	-0.0181661870826069	0.015898795513309
PF19029.3	0.000242107600096243	0.0163031160910167	-0.00197968858557349
PF01427.20	0.00278651891149003	0.0173169701704505	0.00186527337613506
PF17804.4	-0.00488691813678636	-0.0111461714592452	0.00689523177778233
PF00595.27	0.00866141523218674	-0.0101093970404023	0.00575006338858377
PF11818.11	-0.00488691813678636	-0.0111461714592452	0.00689523177778233
PF04408.26	-0.00559946765179209	-0.0327338862119343	0.00983455795769123
PF08482.13	-0.00465250352629207	-0.0101644168854752	0.00632534150608463
PF04028.16	0.000379422535439211	0.0215002960658808	-0.00271904245697537
PF01841.22	-0.0052428480665569	-0.0169102629168608	-0.0219568090332889
PF02401.21	0.000466051526831425	-0.0191580082829822	0.00243254070787548
PF02666.18	0.0234917387606181	-0.00116194481361433	0.00140796951336438
PF17810.4	-0.00478658382251084	0.00347767814477264	0.00467006331230484
PF17944.4	-0.00478658382251084	0.00347767814477264	0.00467006331230484
PF16355.8	0.0212394529811206	-0.0399527989017704	0.000183008999900929
PF02929.20	-0.00223244575075122	-0.0389352900774653	-0.0143214032089483
PF18565.4	0.0222566230302362	-0.0468712502752176	-0.0026565855508253
PF02283.19	0.0207953401174422	0.00250352339263314	0.00290230948886234
PF02654.18	0.00851675683241914	0.0154679374641144	0.00490724135364267
PF02277.20	0.0166100920975537	-0.00258638966638633	0.00253795505611437
PF03186.16	0.013271008874813	-0.00442778507231692	0.00779464179571817
PF04932.18	-0.0362988156606699	-0.0217886161120347	0.0127482388803533
PF07715.18	0.0151369986162425	-0.0333986111827636	-0.00514900516155303
PF00593.27	0.00678492320565536	-0.00800703997778342	-0.00106611201883446
PF01301.22	-0.0098972687229755	-0.0202404519522449	0.0138141106552477
PF13505.9	-0.000141196839053046	0.0150982517369166	-0.00164088013717044
PF08780.14	-0.00509742338251599	0.0373231258300346	0.00284427534223923
PF02348.22	0.00694001132969698	-0.00356211087206505	0.0148756856509927
PF16870.8	-0.000388102398535539	-0.0089267560935749	0.0024475400615202
PF14588.9	0.00714997303518695	0.014128572894204	0.000437306347420448
PF00474.20	0.00468525872826439	-0.0415848197455411	-0.0150167528340926
PF00490.24	0.0132335646301284	0.000920507070314244	-0.000917907090596262
PF02670.19	-0.0172399572337461	-0.00571464425243087	0.0222247511001452
PF08436.15	-0.0172399572337461	-0.00571464425243087	0.0222247511001452
PF13288.9	-0.0172399572337461	-0.00571464425243087	0.0222247511001452
PF01704.21	-0.0187680768469296	-0.0150219631067121	0.019059626953737
PF04991.16	-0.0186922453576514	0.0065912752868518	0.00826294391681376
PF02922.21	-0.0356908447470486	0.008860565798462	-0.0217688429971769
PF08308.14	-0.0273004780531984	-0.0128913958704283	0.0134692793372946
PF02657.18	-7.26728206507124e-05	0.0346546494113661	-0.00281044715452246
PF04379.17	-0.0020267930111025	0.0165394012991839	0.000530744802067841
PF01037.24	-0.00312785130906949	-0.00194433479863223	0.0187705933351305
PF13519.9	0.00460905660532414	-0.0230552971290014	-0.00105542792656598
PF12541.11	-0.00591819154001438	-0.0167489918223193	0.0183418484594938
PF04015.15	-0.0320739693657757	-0.00505068183087575	0.0119051054653921
PF13720.9	-0.0025989397703917	0.0121036851403985	0.0014010027226466
PF14237.9	-0.00365367948092881	-0.00644933512536041	0.00497451238030365
PF06271.15	0.00508783905722994	-0.0252183386818276	0.0186740203931795
PF04074.15	0.0180998292923708	0.021581617072102	0.00454776672074875
PF09835.12	-0.00248887655222816	0.0114225915823669	0.00135910065586639
PF02678.19	0.000410661057880534	0.0180688102403741	-0.00246132048379275
PF17954.4	0.000410661057880534	0.0180688102403741	-0.00246132048379275
PF13502.9	-0.00178631996435191	-0.0198772670412141	0.00360190040988694
PF00596.24	-0.0133241185833675	0.0111020519186329	0.00880370277246738
PF05635.14	0.0255166376759457	0.0190163305482153	-0.00177066894697998
PF07881.15	-0.0193170582608738	-0.00409861387995665	0.0142838154574973
PF07882.15	-0.0193170582608738	-0.00409861387995665	0.0142838154574973
PF02952.20	-0.0152808356449761	-0.00500734695403443	0.00642282582089838
PF14873.9	-0.00493240429050108	-0.00613670349436825	0.00616236633764084
PF02583.20	0.0262095366318869	0.00652019525249689	0.00466377098404603
PF04306.16	0.0024632052074319	0.0336216794375206	-0.0025017449790937
PF13667.9	-0.00747324055808307	0.00753778795226817	0.00797283129137814
PF01964.21	-0.00134752787389707	0.000958364427602918	0.00903753378417602
PF13286.9	-0.0106511703441391	-0.00389393396207565	0.0163141005500719
PF07732.18	0.0197280837972568	-0.0161566489566349	0.00174741096049985
PF00394.25	0.00242267360879585	-0.00504817187280032	0.00115404993607763
PF07731.17	0.0197280837972568	-0.0161566489566349	0.00174741096049985
PF12650.10	0.00997622851885253	0.019606039749113	0.00957216289663284
PF06940.14	0.000141837269230794	0.0218356695138732	-0.00240755825174157
PF03065.18	-0.00950367880244853	0.0154391849210926	0.0098707347056438
PF08323.14	-0.00921615616403737	-0.0136365147683325	0.00425031545711984
PF03916.17	0.00505866654647073	0.00382017963467736	0.00821719423674849
PF13442.9	-0.0056077792595222	-0.004043667483958	0.00677051835642683
PF10996.11	-0.0192435089027532	-0.0128026001237141	0.0115786692087993
PF06508.16	0.0307305345090307	0.000389428733204065	-0.00249252149619775
PF00902.21	0.00917598591855165	0.018262705280052	-0.00324857066908449
PF01252.21	-0.00891656543320701	-0.00216993181093932	0.0125051885441957
PF14057.9	0.00384304603178855	-0.00288146948541461	-0.00387450925813306
PF02086.18	0.0101928793935972	-0.017495202682313	0.00235425935643817
PF07610.14	-0.000684445415936755	0.0185647932787288	-0.00163405699683746
PF03331.16	-0.00735081013445153	-0.0021774007285365	0.00895630203355257
PF09992.12	0.0214337963447279	0.00069830146843793	0.00343372005115369
PF20154.2	0.0259306397730027	-0.0162859803624362	-0.000543173255968073
PF00795.25	-0.0103483072809672	-0.0248129718934653	-0.00982324959246774
PF13370.9	0.0172933913999737	-0.00478090472740595	-0.000641317251252294
PF05258.15	-0.00137941606987467	0.0191330402096364	-0.000108074508604496
PF01578.23	0.000603211212568489	-0.0165554608319575	0.00684756157447883
PF05140.17	-0.00585367775543387	-0.00845786664929848	0.00785963493525171
PF06537.14	-0.00193364979957807	-0.00854731604207709	0.00253684863619401
PF09375.13	-0.00204539118671597	0.00657528734259541	0.0015316345521099
PF01612.23	-0.00303728789616506	-0.0200937382166507	0.0110269033191943
PF13414.9	-0.0259372405023072	-0.000421435482524313	0.00907562078223245
PF14833.9	0.0155984714581092	0.00474536834525295	0.0088716409316366
PF07221.14	0.0116531588906456	-0.0102339618242963	0.0103524115798146
PF00724.23	-0.017822983326659	0.0106716793089871	-0.00851909806822275
PF09529.13	-0.00233720763329457	0.00434434261389448	0.00189327347516539
PF12900.10	-0.00708156623515129	0.00809414917773129	0.0160245556823599
PF19700.2	-0.00154108775261519	0.000821270409458525	0.00541621420705278
PF13189.9	-0.0226732393928181	-0.008159970790263	0.00562537141375645
PF03013.17	0.000320437107230296	0.0188905001891992	-0.00228400962169383
PF07691.15	-0.00186968016899599	-0.0429181291886593	0.00595843692961223
PF02607.20	-0.0192340470032622	-0.0340463176978356	0.0127873416587389
PF02310.22	-0.0219516306043829	-0.0254138521829226	-0.00673700000295739
PF02965.20	-0.00843385282359589	-0.0172796724339389	0.0133847583879639
PF08471.13	-0.00462847792344208	-0.0231414687800724	0.00752371849132558
PF03588.17	-0.00623293131887299	0.0164810339357228	0.00894594050228236
PF01326.22	-0.0169169519689503	-0.0119348965365112	-0.0421332419457416
PF01642.25	0.000234394556365441	-0.0195176468171219	0.00734779697241996
PF13387.9	-0.00011510842097389	0.0122324940168878	-0.00142564721131096
PF00183.21	-0.0262270530623638	-0.00688267061838516	-0.0150589056865686
PF02082.23	0.00118057686146615	0.00866889429519673	0.0219181902042458
PF13274.9	0.00196991132656996	0.0190032985319144	0.00863997079779841
PF03308.19	-0.00489242098816171	0.00183813685114402	0.00523024171202546
PF14864.9	-0.00276028455015603	0.00437724098200848	0.00258971961525989
PF02075.20	0.019294416724622	0.010598151191068	-0.00327457085423174
PF04909.17	-0.0196512014761423	0.000564691127737475	0.0205751240462995
PF10609.12	-0.0018650540843714	-0.00280119881097902	0.012731904227241
PF08502.13	-0.0129099624530605	-0.0222349415040043	-0.00232501005360676
PF19310.2	-0.000505498222666807	-0.0207835440717749	0.00227732117411292
PF13533.9	0.0274702446059732	-0.0276162738669807	0.00171469159599422
PF02812.21	-0.0101516404021049	-0.0195558930775439	-0.00104102614892338
PF00208.24	-0.0100488518098339	-0.0196003189592176	-0.00115347292187164
PF02684.18	-0.0047015221398161	0.0133856292708527	0.00342826443376563
PF09719.13	-0.0288515414331955	0.0121415988294756	0.0122435047656531
PF02550.18	0.00626041179296645	-0.0273773748186236	0.016826446934043
PF13336.9	0.00637673617012134	-0.0286340057001489	0.0167125722188573
PF12236.11	-0.00342441265185691	-0.00883632314571822	0.00461532814472563
PF01619.21	-3.21070527680431e-05	-0.0244485047822615	0.00270915668931823
PF00199.22	0.00800120249605701	-0.00998128106759565	0.00387109505234023
PF06628.15	0.00800120249605701	-0.00998128106759565	0.00387109505234023
PF18011.4	0.00855487619019893	-0.00813429034710834	0.00228826363294025
PF13491.9	-0.0353998355830023	-0.00100397673525207	0.0205934622958831
PF02563.19	0.000105733534006975	0.0101814206425551	-0.00140336651801482
PF13807.9	0.0196910105135141	-0.02537861128611	0.000383480613278692
PF13579.9	0.0132063632432697	-0.00304846385807547	0.00176142394597358
PF00309.23	0.000387951536488242	0.00114815898162592	0.00581506455933052
PF04963.16	0.000387951536488242	0.00114815898162592	0.00581506455933052
PF04552.16	0.000387951536488242	0.00114815898162592	0.00581506455933052
PF19040.3	0.00740495009229256	-0.0293473108647015	0.00386765920859077
PF19805.2	-0.00161762208420967	-0.0258567853319011	0.00404723143605167
PF00933.24	-0.0200233203393139	-0.00257478292046886	-0.0353923735498983
PF01058.25	0.00761405859922323	-0.00877925546636138	0.00668726752039805
PF14720.9	-0.000324340687535866	0.00208629758975588	0.0043874519304923
PF00374.22	0.0092561005486709	0.00147284338182649	0.00573292578625279
PF01292.23	0.00510790985869458	0.0069531088555427	-0.000676385729790591
PF01750.21	0.00245770546674476	0.0149363883802009	-0.00182026307632181
PF01155.22	-0.00747042656840661	0.0249625130837812	0.00644203265453769
PF05681.17	0.00587880005140662	-0.0294826820476823	0.0137031872964258
PF05683.15	0.00249123667934175	-0.0198866311466945	0.0137714829637044
PF02445.19	-0.00367083510679839	0.00118038375326075	0.00759612921915784
PF02636.20	-0.0019812975846133	0.0108880720322685	0.000760098948382322
PF00329.22	0.00112185423573996	0.013293518774714	0.00318193822756879
PF13385.9	0.00829963626314041	-0.0357988113273524	0.00580518547835504
PF13004.10	-0.00084887261124014	-0.0407744144019806	0.00439044739833801
PF04993.16	0.00198410851366985	0.0135423868222717	0.0148922151284827
PF07931.15	-0.00289597513644182	0.0210281555817481	0.00123091449204253
PF13246.9	-0.00430816390421029	-0.0165427252357702	0.00612872556171593
PF07669.14	-0.000740814230915396	-0.0268985685660335	0.0101689339466028
PF12950.10	0.000673235088970808	-0.0093485284694384	0.00302482451085603
PF02567.19	-0.000689025848978174	0.0164933176776544	0.00331167198462705
PF00520.34	0.0172429604494802	0.0187923810296114	-0.000366579593112995
PF16661.8	-0.00201644453333309	-0.00178163553815725	0.0061155047835684
PF02548.18	0.000665725770079681	0.00867683407183243	0.00341399490168696
PF13905.9	-0.000210739655850525	-0.0184728173152486	0.00152247340998993
PF07698.14	0.00251391996917129	0.00182716318730622	0.00170519436113962
PF01202.25	0.00226620658342796	-0.00176623443207114	0.0103511792317516
PF03330.21	-0.000347679323407393	0.00541688837475554	-0.000702287522081929
PF14229.9	0.000158590017016832	0.00492510432151626	-0.000940548359647506
PF00338.25	0.0108363188928406	0.00400996384193206	0.00455225632078985
PF06415.16	-0.00358127934009427	-0.0208562611430022	-0.0081629369713265
PF13188.10	0.0178840462930722	-0.0108074390786812	0.00279600735477711
PF00515.31	0.00134337883767026	0.00134331009616765	0.00466815468573325
PF00302.21	-0.0180607330141538	0.0206001535975465	0.0185682322110867
PF11412.11	-0.0039355991880476	-0.00863470470736075	0.00513398845194913
PF09180.14	-0.0124096890490915	-0.0123539486843064	0.00191739018971435
PF13304.9	-0.00186476922701114	-0.0106838540611549	-0.0191613068105519
PF07335.14	-0.00127923715804161	0.00450838578599426	0.000729589787780847
PF01590.29	0.012170608569388	-0.0385198282500856	0.0114828473911495
PF07494.14	-0.00503094167422675	-0.0279643396951061	0.00851348420920971
PF17939.4	-0.00178623689433161	0.00896118921791404	0.0010953276628902
PF13435.9	-0.00196142748975245	-0.00786056347142701	0.00281802180205797
PF14537.9	-0.00225832172932648	-0.00669612961178661	0.0033755633282718
PF13287.9	-0.0191011069481012	-0.0263191391478717	-0.0173005467893948
PF12679.10	-0.0186245691485204	-0.00540341829059141	0.0120714529332034
PF13500.9	-0.00013623796285338	0.00995832839276954	0.00570805938629696
PF02569.18	-0.0104154620432759	-0.000480700981374926	0.0154336117825746
PF03938.17	-0.000466312141014377	0.0176145678083539	-0.00134034475728844
PF04613.17	-0.00571657865807274	0.0017905896382139	0.0126665021300438
PF01235.20	-0.0238801047284551	-0.0174877113610629	0.0102992680023128
PF13379.9	-0.0139137357428559	-0.00629155374482765	0.0216362845065446
PF03950.21	-0.0126499849104178	-0.00781711372658169	-0.000418187060796525
PF00885.22	0.00196041024428136	0.00921749370422912	0.0033156136831812
PF04191.16	0.0258705030643983	-0.0112662752061314	0.00584721860012004
PF00994.27	-0.0119105002676607	-0.0143066586817522	0.0159234824939079
PF18146.4	-0.0108564435584057	-0.00574505649651985	0.0169760890254467
PF02464.20	-0.0128348854718483	-0.00759295294300847	0.0197417777691988
PF12710.10	0.0191458565559416	-0.0216123693723211	0.0102219189548236
PF08331.13	-0.00465808417011502	0.00159138349150435	0.00592723256129242
PF13484.9	0.019435488322341	-0.0350374280033931	0.00102041993460616
PF06258.14	-0.00439088672298643	0.00625984059778947	0.00460327901005796
PF01571.24	0.00534019419892398	0.0108635671423112	-0.00117890935094774
PF08669.14	-0.000712725639754838	0.0130810107585964	-0.000642708249010601
PF01597.22	0.00483598051269555	0.0296899488332335	-0.00389192428058524
PF02347.19	0.0140690837096045	-0.040196542833022	0.0103147386348997
PF03880.18	0.0271866215838244	-0.0148318114188944	0.000626133124009253
PF07681.15	-0.00225994623371779	0.00614941022924811	0.00175946575224766
PF04127.18	-0.0115788346550394	-0.000867446392509662	0.015235196822749
PF13650.9	-0.00209696930192588	0.0144794690688665	0.000307691674001055
PF04413.19	-0.00796831167651442	0.0017882639321562	0.00911980005307273
PF13376.9	0.0282571720539925	-0.0154897224584023	0.00801566592165912
PF09822.12	0.00068872789444174	-0.0166618880939055	0.0153793699960059
PF01041.20	-0.0233414500659291	-0.0109918488559948	-0.00115610021936873
PF16401.8	3.81507120525377e-05	0.0051629481547491	-0.000836871617567611
PF10263.12	0.020502204721001	0.00146498073665346	0.00653462355054409
PF16798.8	-0.000474045772230004	0.0216815781049989	-0.00208458452758655
PF05691.15	-0.000500897933060908	-0.0243755392879807	0.00257731077779357
PF00899.24	0.00482359415137918	-0.0262198785385565	0.0138466167511732
PF06426.17	0.00108388964164563	0.00156354666063948	0.00423898651120999
PF10150.12	-0.00937037417912239	-0.0225741375541384	0.0211843387305621
PF07555.16	0.0135908054888248	-0.032892617555505	0.00354036999492903
PF02021.20	0.0271618299794176	0.00710605247801017	0.00245182502343357
PF01297.20	0.00304133969722698	0.0169278806816666	0.00652271801947728
PF18912.3	0.00529639557429511	0.00511235097734057	0.00465014740708608
PF03819.20	0.00232425159629816	-0.00960008400308822	0.00442173726553514
PF02591.18	6.65720021060714e-05	0.00781146873664417	-0.00117031531625963
PF02606.17	-0.00600124162914527	0.0118800877623226	0.00565683741104558
PF16654.8	-0.000993097028007204	-0.00732710421492479	0.0155074945102966
PF02545.17	0.00688654359171728	-0.0126893468837994	0.0138292219412039
PF19576.2	-0.00478381664338445	-0.0111654249839727	0.00654602070134062
PF13444.9	-0.00523690736060518	-0.00635515453044538	0.00715757599505614
PF14238.9	0.00939084115666877	-0.0211855555562241	0.00357454973665552
PF07396.14	-0.00279374071659481	0.00700514215587988	0.00225300509784202
PF00217.22	0.00698489143947531	0.00903299441901343	-0.00222124105177271
PF04390.15	0.00528544233762833	0.0239480028584895	-0.00311903405583079
PF13525.9	-0.00202291271600825	0.0041980727657311	0.00171249086325038
PF00893.22	-0.0025522098268287	0.0039274328191151	0.0112526685377014
PF02012.23	0.000478814364740665	0.0260902417501864	-0.03532072632134
PF00667.23	0.00939247041025175	-0.00150208562670373	-0.000396413628553597
PF01501.23	-0.00428730320577329	-0.0231194162484201	0.00894299059867618
PF13477.9	-0.00314670817675426	-0.00327874683935476	0.0111082144593703
PF01715.20	-0.00507900307652897	-0.000208382114685562	0.014342579511894
PF09028.13	-0.00184464693441183	0.0160274711191461	0.000510335009806073
PF03458.16	-0.00569864711475706	-0.0121150420117551	0.00742304106235837
PF01520.21	-0.0311418707629117	0.00439123447996832	-0.00823255405393263
PF01557.21	0.00405404274456976	0.00414913402143184	0.00168145272478809
PF17815.4	-0.00725494270260191	-0.0197492495151973	0.0104552975610896
PF06245.14	-0.0105454763126884	-0.00698765279657179	0.0156368679122108
PF01128.22	-0.010574945801882	-0.0101299502003605	0.0152998712619331
PF02547.18	-0.00263238353240232	-0.0153619731486432	0.0115950378250852
PF12127.11	0.00418397269614532	0.00612066485907047	0.00194832821545392
PF05690.17	0.000114515220004045	0.015567726933503	0.00259604672485388
PF00722.24	0.010604214078048	-0.0263825546113266	0.00966499934752347
PF00498.29	-0.00846856158430087	-0.0168847403160996	0.00208166721617085
PF05593.17	-0.0909587541620277	0.0333553470015775	-0.0428854559315487
PF15523.9	-0.00341216769052315	-0.0334193011926255	0.00685774513733915
PF13277.9	0.020933819485503	0.0115707225053519	-0.00326892497818396
PF03840.17	0.0216382590299824	-0.000589999623569595	0.00659766691286552
PF02261.19	-0.00490155531258712	0.0353788710690126	0.00249058587436786
PF00852.22	-0.0049088567490541	-0.00398771570806335	0.00595196461288842
PF02577.17	-0.00225380069521761	0.0267716862966068	0.000151696081317599
PF05426.15	-0.00134732390243125	-0.00398146784322172	0.00300664575721041
PF01507.22	-0.0109472918994957	0.000961210476487193	-0.0125576924186005
PF11922.11	-0.0143738931185647	-0.00905561477093984	0.0164021526124326
PF01266.27	-0.012427292231047	0.00079255668244364	-0.000637129237957726
PF20216.1	-0.00361243480624884	0.00440444253263173	0.00369851463163139
PF01078.24	-0.00983551383276998	-0.0135876298914638	0.0119053826589865
PF13335.9	-0.0110527749602513	-0.0136122156252549	0.0143174147251829
PF19543.2	-0.00275062928903585	-0.0117344946722331	0.00377904854172432
PF13320.9	0.0286765798557222	-0.0216686866343525	0.00250361570279936
PF07717.19	-0.00723252690773625	-0.0242799279220003	0.0110154560098262
PF11898.11	-0.00723252690773625	-0.0242799279220003	0.0110154560098262
PF10369.12	-0.0106289526808833	0.00362016849936643	0.0223685291355491
PF09982.12	-0.0038388640759867	-0.00335851714836581	0.00470094489010378
PF16353.8	0.00871924898820595	-0.0350661460877577	-0.0154001803978453
PF13493.9	-0.00403539996101751	-0.0381143696674346	0.0135658868509702
PF06826.15	0.0127382506270556	-0.0330999000304816	0.000976198686200545
PF16153.8	-0.00406387618394259	-0.00957425156208245	0.00552184910630327
PF08019.15	-0.00360354775682257	-0.0115128024017595	0.00504539636156173
PF00245.23	0.0184723766645171	-0.0102601677664271	0.0107430465227077
PF01741.21	-0.00471376680617087	0.0258863892155823	0.00302788423644496
PF19571.2	0.0156711823623217	0.00874413031246061	0.0112571720952343
PF17930.4	-0.00375109220537356	0.0130601442959411	0.00319909324552836
PF06230.14	-0.00375109220537356	0.0130601442959411	0.00319909324552836
PF00376.26	-0.00961332120988457	-0.00214442247444235	0.0126489592351727
PF11396.11	-0.00107828926508078	0.0167450809784714	-0.000683670346609319
PF02602.18	0.0055432893533113	-0.0156271058195538	0.00626170241758104
PF01817.24	-0.0188788894769418	-0.0147275355765245	0.0231095468723865
PF00800.21	-0.0189098837121677	-0.0141990452801139	0.0234879975692332
PF01139.20	-0.0036700966442205	-0.0220495712273507	0.0109631866118219
PF01923.21	-0.00485077845205496	0.0212480486429616	0.0103285088861417
PF01379.23	0.00952886094898839	0.0185359535046851	-0.00402245486187794
PF03900.18	-0.00177005525976972	0.0174835543066308	0.00296787514519459
PF12392.11	-0.0195091765872361	-0.0269996336334747	0.00951608732917375
PF12419.11	0.0196126507572803	-0.0187343835775422	0.000282877719586945
PF05201.18	0.00595917245740579	-0.00401207631997103	0.0065819304435682
PF01488.23	0.00420505630874458	-0.0138280718886221	0.0140243781102568
PF02649.17	0.000714150066004131	0.0182903076067274	0.0025860125325074
PF06962.15	0.00811650984965862	0.011782830945012	0.001937013938284
PF12801.10	-0.00128250807450582	-0.0252372151895042	-0.00495605421324287
PF00076.25	-0.00172638966506423	0.0283514925107267	-0.000763222745389656
PF06925.14	-0.00119370899347436	-0.00805990963344891	0.00626070067712123
PF03309.17	-0.00103132214944164	-0.00979409172233924	0.0172412161535268
PF01258.20	-0.00160857288079451	0.0141826597492935	0.000473956452023282
PF13085.9	0.00878321321083314	0.0225548684361836	-9.09844373959645e-05
PF01127.25	0.00486113533062305	0.0105312221578178	-0.00305498383289172
PF01948.21	0.017476033283057	0.00446388618528095	0.00911472810011625
PF02748.18	0.016106581172712	0.00504174585215876	0.0105793073624569
PF00078.30	0.0111804880453865	0.00316851462711513	-0.0828684227698226
PF08388.14	0.0116896477724155	-0.00114291752731031	-0.0392096239773908
PF01548.20	-0.00990387046173133	0.0181742792754345	-0.0826674604397224
PF02371.19	-0.00978616815977024	0.0179057784568948	-0.082332962229679
PF00145.20	-0.0110021816505865	0.0205968118370328	-0.0733248624813516
PF13655.9	0.0216765915202451	-0.000758633772921518	-0.0126408086047635
PF14287.9	0.0055305957207627	0.00818637552302883	-0.10258279811329
PF18789.4	-0.00441657633555721	0.00811850683848574	-0.00471311001058106
PF13310.9	-0.0287055850978257	0.014992326653653	0.00393990868257317
PF13560.9	0.020299703206404	0.00343234427822195	-0.000227609019662061
PF18430.4	0.0114216339284106	0.005479556297087	0.00280547758028079
PF05272.14	-0.00236002299545935	0.0241602614903639	-0.0532870396767576
PF12892.10	0.0433358407679745	-0.0361445345962251	-0.0412868548894798
PF01568.24	0.0385531159673842	-0.0480716722632192	-0.00804586163698315
PF02771.19	0.00506203362207736	-0.00579286101246856	-0.0211595509295105
PF02770.22	0.00508275342197886	-0.00605046685747743	-0.0209429691674636
PF00441.27	0.00519715617666076	-0.00609997367108589	-0.0209636625172962
PF08497.13	-0.0193539780714079	-0.0079067721191135	0.0150854364240016
PF11842.11	-0.0193539780714079	-0.0079067721191135	0.0150854364240016
PF10518.12	0.0209817874332151	-0.00283099000186008	-0.00585756576088275
PF14198.9	0.00218717721456524	0.0133895499388282	-0.0228362766850146
PF00669.23	-0.0077906463451994	-0.00891013679390043	-0.033417479273223
PF00700.24	0.000197803116962992	-0.0158035056319739	-0.0296258735127126
PF08665.15	0.00345384684702572	-0.0125291391472682	0.00916257467466294
PF03235.17	0.0228781716405119	-0.0106424082677725	-0.00381009226824023
PF07510.14	0.00217544143315153	-0.00211976529089691	0.0154407410189713
PF14088.9	2.59510308551302e-05	0.00110286427847474	0.00695851591989761
PF03459.20	-0.0119063734808526	0.0100197636769005	0.00549640590984189
PF14194.9	0.0075808256612396	0.0324179234102675	-0.0158141240862445
PF12844.10	0.00317545359628081	0.00140943547099281	-0.0270331379375677
PF03389.18	0.00261480194416344	0.0128970592323527	-0.0678724833346461
PF14535.9	-0.0192580448062358	0.0080054684943569	0.0133139217676497
PF16886.8	0.0198782709414001	-0.0185494465133244	-0.0139503361294886
PF00468.20	0.0114004330443062	0.0175788987694691	-0.000804222427023014
PF01012.24	-0.0052319203515264	0.00131068866911453	-0.0163071478571262
PF00766.22	-0.00255480428797209	-0.0044940730044057	-0.0100540332726429
PF01547.28	-0.0257193299294908	0.029745927862825	-0.0341745391285821
PF18202.4	0.0242724923554852	-0.0269788813318703	-0.0382107153880096
PF01915.25	-0.0133155723988588	-0.00806524626992769	-0.0302329063905478
PF00150.21	0.0414851674332296	-0.0107883607768535	-0.0198727041447038
PF12161.11	-0.0257043858026604	0.00587064691095578	-0.0153770994861673
PF04313.17	-0.025688994450471	-0.00257326688580544	-0.0303213123435032
PF18766.4	-0.0238763572146206	-0.00283528087946239	-0.0316107621959568
PF11867.11	-0.0221988540463632	0.0125490001276816	-0.00744323295372878
PF12730.10	-0.000836911366329524	0.00609675319322632	-0.0493560011774825
PF18106.4	0.0261748713089626	0.00936707443868679	-0.00473767543174592
PF14192.9	-0.000565992087921131	-0.00358070645329583	0.00375143291780905
PF20610.1	0.0355631887104954	0.00237625558176558	-0.0168965549879309
PF04026.15	0.00870051130310933	0.0157625027473741	-0.0146851881345818
PF00831.26	0.026365077275041	0.010002866273315	-2.12460058441279e-05
PF05729.15	-0.0189985842984943	0.00158769070602065	0.0137040991456267
PF13630.9	-0.00644007935070324	-0.00238952664088532	0.0205990590916044
PF18899.3	0.0110946256207326	0.0125774222653553	0.00225870094998276
PF18843.4	-0.00273948606966098	-0.0016052712864498	-0.0143682811526432
PF18830.4	0.0230839421785514	0.00940475124897461	-0.049125621809341
PF18987.3	0.0120372443526924	0.00724372348080217	-0.0124072529512011
PF12687.10	7.36838175739758e-06	0.0162538969378448	-0.0400893148011343
PF12666.10	0.0174397726350523	0.000835020197812551	-0.0234010056718966
PF12846.10	0.00832074737264516	0.0142935515408713	-0.0193583009064957
PF18852.4	0.0164186363171618	0.0109466408253808	-0.00629735099885093
PF14203.9	0.00482354218107094	0.0303729406217833	-0.0119918492769182
PF04883.15	0.00999780286472814	0.00622129115453678	0.0120555822766591
PF02920.18	-0.00489214440875669	0.014961078806491	-0.0465152633001878
PF09491.13	0.0081954781114254	0.00420260479096727	0.005038300624628
PF09035.13	0.0192697807139556	0.00906187723634008	0.00276888283108335
PF19553.2	-0.0155508069716511	0.0120354196522936	0.0091745558841916
PF12645.10	-0.00181291459740825	0.0250360008577404	-0.00668703638806323
PF14193.9	-0.00189122524191505	0.014098738663481	0.0111812297978264
PF02229.19	0.00720943829679612	0.0232634127283704	0.00618796521641418
PF02417.18	0.0203251003696648	0.0178654541419982	0.00354196037775325
PF11638.11	-0.0119880347231343	0.000422089685577348	0.00971143726137745
PF01420.22	-0.0401382779661139	0.0135742859935313	-0.0123566580210303
PF12008.11	-0.0371736187858646	0.00220748431226736	0.00405202175838643
PF16189.8	-0.0152579744866733	-0.0047677045744141	0.0077739731302831
PF16188.8	-0.0152579744866733	-0.0047677045744141	0.0077739731302831
PF01496.22	0.0158614628954689	-0.0176266158291383	-0.00336385198505079
PF01990.20	0.0274681604899006	0.0247958259738264	-0.00423791216508506
PF01880.21	-0.00514328818194335	0.0277945226404199	0.00692726207652567
PF03323.16	-0.0282694097360895	0.0334735414657164	0.012093685766784
PF05031.15	0.00560867277153368	-0.00386887791186178	-0.000296205448912347
PF01074.25	0.0305306261765145	0.0205970211670239	-0.00255462509206544
PF09261.14	0.0206181503968314	0.0212493699148663	0.00214868137584968
PF07748.16	0.0163761060945999	0.0232613397785217	0.00274176621631639
PF01881.19	0.00389246679233186	0.0194386533917653	-0.00186964628659865
PF05107.15	-0.00477639054877158	-0.000321092480070758	0.0128503161244297
PF01867.19	-0.0150975594732558	-0.0179521254398623	0.0212835566093475
PF09827.12	0.023309524506949	0.0211211277738402	0.00111234632758695
PF03060.18	0.0157625478711125	-0.00475509939282295	0.00933447473520419
PF09338.14	0.0159026399307603	-0.0185731757693631	0.00855352823569121
PF13751.9	-0.0110274178700213	0.00776355277390784	-0.0608647772975298
PF02604.22	0.00838077959783797	-0.0115599005315659	0.00331971814576966
PF13565.9	-0.0620916637898601	0.0514890511825836	0.00230877403836775
PF09299.14	-0.00910224191670216	0.0173719023696572	-0.0243564436477586
PF05991.14	-0.0248286286928119	0.0044412139420303	0.00615297181423401
PF02508.17	-0.00896888365759504	-0.0117816824367629	0.0130536541805548
PF12873.10	0.0155291969506919	-0.00889346088535815	0.00107772132094824
PF13555.9	0.0221676094528611	-0.0128134835788458	0.00515115899096902
PF12663.10	-0.01625888031897	0.0245601084258944	0.0191105516679186
PF08463.13	0.00693567308415645	0.012073052033371	-0.0011585746337441
PF13005.10	-0.0168075431384481	0.041344431288362	-0.040259272113453
PF13817.9	-0.0116022079925329	0.0434685961723977	-0.0443780978736945
PF00037.30	-0.0122288327346935	-0.00495394785726387	-0.0501414516232267
PF02906.17	-0.0110473950096355	0.00538128461417054	-0.0221092837991599
PF02256.20	0.0326176468356187	-0.00372317619901516	-0.00508800124975053
PF13175.9	-0.0333297492578938	0.0231923363211671	-0.00349739617256748
PF20469.1	-0.0261674517960934	0.00322763770356754	0.0182798997889426
PF12988.10	0.00502328579517827	0.0188811180696378	0.00157248000471114
PF11888.11	-0.0041587693782939	0.00118722861522984	0.0043687884939348
PF09357.13	-0.00566886934012613	0.0227080970262396	0.00447708204367934
PF05580.15	-0.00801996955415378	0.00321936102058195	0.0139648747822219
PF12897.10	-0.0119731769114757	0.00815247616950348	0.0134182599112165
PF12700.10	-0.0172616821342707	-0.000876878765018036	0.0204385574085584
PF09339.13	0.0141695299608781	0.00322093106870908	0.000496204854323094
PF01614.21	0.00906023820088501	0.00396298820204094	0.00143974625633885
PF13340.9	0.0345860609037019	-0.00807340369161834	-0.0104836328503554
PF07456.14	0.0184366843670236	0.00923024660344759	0.00391849634013946
PF14266.9	0.0215583423087376	0.00310165018305132	-0.00661212396821178
PF14205.9	0.0220381917981713	-0.0139260176396715	0.00700250408129399
PF03862.16	-0.00295418601488299	-3.81606648158838e-05	0.0150068862035074
PF17651.4	-0.0113644431336266	-0.00352425019018034	0.012980978137688
PF14574.9	-0.0272915261152316	0.00961022362614999	0.0108962995553824
PF09560.13	0.00191283014152736	0.0187784255683529	0.00228192435339588
PF02571.17	0.0103765251345352	0.00588053216216303	0.00376009465451072
PF13241.9	0.00904153845758662	-0.000971995576530406	0.00444233825924235
PF07454.14	-0.0190774229548655	0.00889445438935364	0.0172589052084464
PF17481.5	0.0008280144635956	0.0392439609881012	0.000619442138527086
PF04984.17	-0.00312299958302546	0.0196985544057659	0.0122757194003553
PF17482.5	-0.00312299958302546	0.0196985544057659	0.0122757194003553
PF06545.14	0.0283032392724568	0.000160716608374209	-0.000481081328923301
PF12733.10	0.00280720307433226	-0.00129154141237668	-0.00129118933872841
PF13205.9	-0.000714705929933492	0.00360310550183232	0.00482650959610515
PF12671.10	0.00714217852391032	0.0065364771100021	0.00457000841372322
PF13478.9	0.0188937176322355	0.023670332441423	-0.00565234147183216
PF02625.19	0.013804290481763	0.00693752680557005	-0.00202402050438387
PF17853.4	-0.0334026296384685	0.010313505483965	-0.0115453420216953
PF14501.9	-0.00556314771566186	0.0129697203502794	-0.0736192589612224
PF13581.9	0.0129239937382027	-0.00646564458203208	0.00534758228012498
PF08903.14	-0.0235073423651564	0.0138194256606488	0.0156229764880047
PF03116.18	-0.00347210471871375	0.00874890083952557	0.00941609741830347
PF09039.14	0.0133164806426385	0.015882736410231	-0.00425020296642081
PF04233.17	0.0335283411019375	0.00465839868792799	-0.000995452084931079
PF03496.17	-0.000812126668753429	0.0182379907057615	-0.000602365713722492
PF06130.15	-0.00323361973961963	-0.00270416718990312	0.00498781175351473
PF13479.9	0.0171736468152098	0.00924617740298325	0.00303732756717068
PF12571.11	0.0160664607856188	-0.00468969376851677	0.00812846192398683
PF07090.14	0.0101669678008415	-0.00136292215533307	2.99683114733869e-05
PF01991.21	0.0145597002418703	0.0167468787177685	0.00696935019301938
PF03473.20	-0.00370152141962056	0.00504952293198176	0.0146884799042782
PF01970.19	-0.021423522371857	0.028205161624448	0.0142739088307351
PF14236.9	0.00931143096011735	0.00313335463900889	-0.0117789398964363
PF17746.4	-0.0255784124977284	0.0134812189184258	0.018890005241331
PF03749.16	-0.0255784124977284	0.0134812189184258	0.018890005241331
PF19238.2	-0.0122255298989901	0.0304222356249392	0.013236328798854
PF04459.15	-0.0122255298989901	0.0304222356249392	0.013236328798854
PF01008.20	-0.0120586377950356	0.0151084474962971	0.0173549912135466
PF08328.14	0.0179690696894844	0.00397554576063315	-0.00495480781933708
PF02557.20	0.0213933421754406	-0.00544532842197843	0.000880907688823574
PF01992.19	0.0186598672528173	0.00934607168876412	0.00517309569615543
PF08486.13	-0.0361913884844209	0.00290732950330429	0.0161917442764028
PF07804.15	-0.0126309805416037	0.00343406126835599	0.00804439097609084
PF03775.19	0.025190523597269	0.0199576792557148	-0.00515536046511514
PF02190.19	-0.0157147879568311	-0.00601457905965478	-0.00280925226137886
PF01564.20	-0.00687119640448899	0.0134187031646029	0.00787251464882448
PF07581.15	0.0243225642681315	-0.0241398940398341	0.00324658638735676
PF07538.14	-0.00185585639090318	0.00122459001060266	-0.000559927190849195
PF08769.14	-0.00946406786071523	0.0117098118448939	0.0173373928777526
PF02690.18	-0.0268353221615305	0.00929815759006595	-0.0194118102958867
PF07532.14	0.0204647593787417	0.00777388871858664	-0.00213592624316197
PF18152.4	-0.000500169133839527	0.0106787277923567	0.00584446747537491
PF09820.12	0.0155351753724758	-0.0189129144765272	-0.0361736172040392
PF02719.18	-0.0273737673777804	0.0211777846842192	0.0033075640957572
PF08485.13	0.0257494936081745	-0.00714263330366202	-0.00213321031379876
PF02616.17	-0.00822964176604278	0.0139428286328714	0.0188790314028572
PF13280.9	-0.0173579246385575	0.00659604866108611	-0.0207895720207333
PF13306.9	-0.0401150513629435	-0.00378516129402965	-0.0344683627985417
PF14058.9	0.0108524194363581	0.0104542526336629	0.00281785331918508
PF19192.3	-0.00837051769015556	0.0084128412952385	0.0090183389676789
PF19191.3	-0.00247254827206321	-0.013114290807225	0.00372013586349001
PF04383.16	0.0164072064559136	-0.0127435225818008	0.00406020744494062
PF10926.11	-0.00888548920132526	0.0107617018499657	-0.0189417732582198
PF08774.14	-0.00396719477836492	0.0145244537900104	0.0120214486939107
PF05119.15	0.0155811455293265	0.0128675411963323	-0.0049899904515077
PF13707.9	0.0192734148716	0.00621956350650333	0.00506544103719548
PF15583.9	0.0190644128836086	-0.00464041189944694	-0.00381944722897264
PF09951.12	0.0267058695642355	0.0121689628697917	0.00231591159028843
PF14568.9	0.0183467301785826	-0.00892120356045643	0.00147719881744195
PF14080.9	0.0295017253905933	0.00234560851429051	-0.0021282752412275
PF05076.16	0.0176683928787545	0.0160271428433708	0.00120850475466373
PF14062.9	0.0158396267958856	-0.00881862456070648	0.00589791451182748
PF02056.19	6.63364726869402e-05	-0.00487212506472948	0.0152381245448964
PF11975.11	6.63364726869402e-05	-0.00487212506472948	0.0152381245448964
PF05378.16	0.00504874858491812	-0.000409712770160294	0.0131008580368822
PF01968.21	0.00504874858491812	-0.000409712770160294	0.0131008580368822
PF17295.5	0.00833524661030697	0.00205148498695261	0.00909339140658
PF19864.2	-0.0203022728801845	0.0125348513560778	0.0106958838630219
PF19778.2	0.0095450975286254	0.0110093973403854	0.00565973669015651
PF12668.10	0.00229068315874011	0.0176535979507904	0.00309551500335168
PF08874.13	0.0183419067157904	-0.00460265060302039	-0.00251829286832113
PF12395.11	0.0183419067157904	-0.00460265060302039	-0.00251829286832113
PF09346.13	0.0254684423052105	-0.000485265221557959	-0.00356830969547286
PF18956.3	0.00129214994366873	-0.00407893168262748	0.0122151729690956
PF04326.17	-0.0112110305278237	0.018772660937557	-0.0471416716373017
PF13749.9	-0.0114894862960436	0.0174137252638201	-0.0472831323865642
PF08002.14	0.0125517875085031	0.00858982901966684	0.00449180046724372
PF13586.9	0.0145337937564438	-0.000841003332640305	0.000544919097353293
PF13358.9	-0.0459549203150012	0.036592734896072	-0.0158272446673871
PF13346.9	-0.0107195071207722	0.00898676012355219	0.00177629703417258
PF11208.11	0.0155711573485892	0.00716202711098928	0.000793672500027461
PF10604.12	0.015411450140127	0.011082571047855	0.0060716501418324
PF12636.10	0.0280095372589394	0.0029931347473916	0.000711864257260915
PF03773.16	0.0248479522428391	0.00203426838878165	0.00840950573375223
PF13166.9	0.0129709576595604	0.0185631137460169	-0.00405201184849597
PF07355.15	0.0264057868627665	-0.0106209181014975	0.00202026268057803
PF12958.10	0.00529082701756748	-0.00338890580335159	0.00309895735517747
PF01229.20	-0.00838828626858691	-0.00360440276582976	0.0127875707508691
PF06964.15	-0.0193741481372974	0.0365678246332194	0.00927507096551335
PF03864.18	0.0396853503396937	0.0027511373898856	-0.010462435615342
PF13412.9	-0.0281448608145512	0.00709206630578333	-0.0149007056508716
PF03063.23	0.0226074635112918	0.0116863201252472	0.00589613542316306
PF00882.21	-0.00380040636349306	0.0105672913284639	0.0127983695616044
PF13344.9	-0.0215608395684782	0.0217324530840524	0.0116397605086075
PF03401.17	-0.000818341376170293	0.0115979033799614	0.00950255876362547
PF06165.14	-0.0310674264901472	0.0151739074508458	-0.033471276317127
PF17167.7	-0.0315611633760364	0.013730029873935	-0.0322906272728247
PF09508.13	-0.0214661090597684	0.0206656568877415	-0.00425513493286051
PF17385.5	-0.0214661090597684	0.0206656568877415	-0.00425513493286051
PF17386.5	-0.0214661090597684	0.0206656568877415	-0.00425513493286051
PF18842.4	0.00717594251374162	0.021934932258115	0.00285642508972631
PF18840.4	0.0198218480772796	0.00941710105341892	-0.0578241672671905
PF03354.18	0.00550606227900721	-0.000213042024863011	-0.0284175905718221
PF20441.1	0.00334280607211578	-0.0014536285989783	-0.0296994860309428
PF10145.12	-0.0187121598064223	0.021192918612007	-0.0588474152437164
PF14524.9	-0.013414742611489	0.0100001537196714	0.0180776415305635
PF17761.4	-0.00937342909122733	0.0179294686331072	-0.0328208137224448
PF06250.14	-0.010136366009285	0.0197497651031732	-0.0331017335025566
PF04865.17	0.0218249447643416	0.0149491051940751	0.00791511428713251
PF20155.2	0.00882007428309726	-0.00267970689951498	0.00520417940905823
PF09393.13	-0.00269221628234283	0.0100890499326891	0.00583961285181094
PF06810.14	0.0344656235460461	0.0332330883429411	-0.00917708552045162
PF05133.17	0.0271160806099509	0.0175239777603311	-0.00297548962715649
PF04466.16	0.0278336837927825	0.00513661672055484	-0.00149777304913867
PF17288.5	-0.00239601158552786	0.0279979654290175	0.00379636703070686
PF03747.17	0.0312973471714	0.0121969659986669	-0.011823888755786
PF13237.9	0.0348538904150209	-0.00776180532818668	-0.0127465800477969
PF04060.16	0.00703883410846013	-0.0108597793257887	-0.00150445952050344
PF13730.9	0.00659032759362053	0.00931238388468624	-0.0200677521766634
PF13531.9	-0.00486725397653177	0.0272526883732645	0.00875261145069366
PF07556.14	-0.0332152388018683	0.0150092083997424	0.00507496277877003
PF06808.15	0.0350099088357719	-0.0160636987109545	-0.0154313516826523
PF13534.9	-0.0112379815971597	-0.00868872379311339	0.00684553458131205
PF13343.9	0.0207893130987522	0.00511358165655436	-0.00111739536755426
PF08239.14	-0.0504186876479672	0.0227750607417948	-0.00873766183846378
PF06751.14	0.00367431437313076	-0.0044620706250787	0.00717111582207716
PF12642.10	0.0176436280835139	-0.00326363317504792	-0.00359610901589916
PF14526.9	-0.0147016577288831	0.0167250625926428	0.0063489645651496
PF12750.10	0.0176315673320906	0.00787428842104875	0.00562058996813943
PF05063.17	0.00455579338609159	0.00186755581636101	-0.000106525965152189
PF12323.11	0.0237883354771875	0.00677158047481614	-0.00603357044866329
PF04647.18	0.0251272494815394	-0.0129660295632011	0.00636140152608894
PF09681.13	0.0267398167791921	0.00163687572423245	-0.0153273656974758
PF06769.17	0.0215657609558171	0.0159639692772987	0.00161926601320834
PF05489.15	0.00669860383985171	0.0157417205234063	0.00109941918295743
PF05136.16	0.0206434020033667	0.00987570156867989	0.00589396886661342
PF05876.15	0.00930126140072114	-0.00537987318746686	0.00313753608858598
PF20454.1	0.00930126140072114	-0.00537987318746686	0.00313753608858598
PF07366.15	0.0145523208554178	0.0189328920588179	0.0010877731462995
PF12675.10	0.0224617234016975	0.00123379301031898	0.0024185362007373
PF18735.4	0.0176490050211783	0.0159177162610909	-0.00598114560039883
PF13401.9	-0.0242041931417155	0.0354670283065899	-0.0154989177703076
PF07352.15	-0.00699133081653252	0.0129602405527472	0.0106812625159666
PF06074.15	0.0252943062111677	0.00837103053409009	-0.00308759242642497
PF07030.15	0.00426183678357103	-0.00545106302843763	0.00646498486578457
PF04404.15	0.00505703902655487	-0.00222187840805949	0.00184358211637883
PF04439.15	-0.0190818232569194	0.0126089823917574	0.0187581269556283
PF06486.14	0.0168760412436914	0.0210734329513597	0.00520547603007063
PF04471.15	0.0199941599092828	-0.000714631283931964	-0.00401701625292975
PF00549.22	0.0286311320292515	-0.0121601668778069	0.0017922437871925
PF14310.9	-0.0155436781640364	-0.00676688045000531	-0.0276862570101689
PF01205.22	0.00504386396206288	-0.00676085542972938	0.0205586200145557
PF09186.14	0.00606158840027405	-0.00361005590205982	0.0192335706969839
PF09547.13	-0.0181677534350249	-0.00472941265651537	0.0172861341768769
PF20438.1	-0.0181677534350249	-0.00472941265651537	0.0172861341768769
PF20439.1	-0.0181677534350249	-0.00472941265651537	0.0172861341768769
PF13451.9	0.016944627155959	0.0249678688113718	0.00257428026745126
PF11823.11	0.00753855789044942	-0.00508885325158078	0.00430986929984378
PF01894.20	0.00688467397611127	0.0109939091138701	0.00533498405208654
PF04346.15	0.00641575116290441	0.00188088120676988	0.000656071401820111
PF00936.22	-0.0181607025546773	0.0169567786040193	0.00664239670819424
PF00941.24	0.0165644195493973	-0.00625170995123045	0.00821268159544055
PF03450.20	0.0165644195493973	-0.00625170995123045	0.00821268159544055
PF01996.19	-0.0081051757555119	0.00905476105545312	0.0109595483627291
PF01906.20	0.0132917733981671	-0.00068981514960826	0.00969729986083161
PF02743.21	-0.0556498936981886	0.0275674041177434	-0.0236552633381186
PF13186.9	-0.0438195171886642	0.0393458171004787	0.00809259960297077
PF06134.14	0.0189347473071272	0.0174834684443993	0.00271573842459507
PF04227.15	-0.0012554531755564	0.0130806196163468	0.0108071080877433
PF06094.15	0.00307510098611564	0.00405937857564282	0.00878853771659023
PF01935.20	0.00161741462024296	0.0149690310503585	-0.0138735394588825
PF18862.4	0.0185856502904435	0.0160610054587753	-0.00782178671905792
PF18931.3	0.0340431885246052	0.0046938431453441	0.00196506977898788
PF10143.12	-0.0044348424897481	-0.00749022363006175	0.0130906213348353
PF04754.15	0.0136711421559447	0.0223984544347139	-0.00671107536682237
PF04041.16	0.0102538206780833	-0.000431988356903492	0.00747435429432506
PF13154.9	0.000244462541669969	0.0162047190133332	-0.0348727230904459
PF18796.4	0.00965885753959234	0.000805455541385127	0.00334749654213835
PF12957.10	-0.000943010815862599	0.00417104361656538	0.00209412792589597
PF02511.18	0.0056265118899438	-0.00230713796378831	0.0194186771298687
PF04014.21	-0.00184976195791096	0.0177343506912083	0.0140335516902748
PF13470.9	0.00525561696335826	0.0134955008528504	0.0126100791673173
PF07136.14	-0.0116999532192921	0.0224886706493035	0.0159287671136529
PF05016.18	-0.0026527446016024	0.00998539307448965	0.00833915181134163
PF13643.9	0.026358577018144	0.0147577790301066	-0.00638076409799297
PF12960.10	0.016026117791866	0.00769643617096877	-0.0646825838302276
PF07505.14	0.0175432717554612	0.000239910462279237	0.00617098558626009
PF14082.9	0.000324151735626614	0.00645546272558137	0.00693410722632804
PF00296.23	-0.00288868388499971	0.00062071417024835	0.00823614703966339
PF02655.17	0.000556524638099099	0.0035826796815347	0.00841315321392285
PF09084.14	-0.0537016737927791	0.0439192147853985	0.0112902912768486
PF14689.9	-0.0170976074844733	0.0199385392036966	-0.00262556510498408
PF15975.8	-0.0197767509857873	0.0112695847928859	0.0126032285317805
PF06081.14	0.0247583002722132	-0.00998644549816726	0.0112845376428416
PF17389.5	0.0380874925755907	-0.00605270061861635	-0.0150916802936467
PF05223.14	-0.0249412370324749	0.0279026316612547	0.00743740302386802
PF00909.24	-0.0201197129247199	0.00435104782670398	0.00398250663839118
PF06969.19	-0.0134445126325053	0.0112052989680695	0.0175780395888279
PF17883.4	-0.00701917441880322	-0.0550473268942733	-0.0141967589516066
PF16736.8	0.0176019061767936	0.006658219351682	0.00565468073291538
PF18075.4	-0.0240247313919097	0.0136956659221144	0.0137542890382108
PF03480.16	0.0303495892046818	-0.00183799638087837	-0.00308310753637018
PF04290.15	0.000824656276931226	0.00900669896919685	0.0129817896724713
PF05336.16	-0.00119635135676594	0.000112425681057816	0.00496666246957847
PF00989.28	0.023764472046264	0.0157413589470618	0.00456987893681448
PF00295.20	-0.00722492207923118	0.00838525507075127	0.00804654289745947
PF08666.15	-0.00793597418343744	0.00149935584753516	0.0153535935977025
PF04295.16	0.0214740952919586	0.00355985752822683	0.000274618108488374
PF17678.4	0.0160681439752987	0.0324987601035196	-0.00547140382602669
PF07971.15	0.0160681439752987	0.0324987601035196	-0.00547140382602669
PF12010.11	0.00590581886246113	-0.00891848194267397	0.0125204579135018
PF00756.23	0.0187450896788112	-0.0136013929324666	0.00489574007622276
PF01734.25	-0.018816523785718	0.0117142932222413	0.0117274919980873
PF05437.15	0.020081791891062	0.00534931183470294	0.0118137886495036
PF06107.14	0.0188711068231051	-0.00420660684879446	-0.00105362778498594
PF18555.4	0.00299472264677334	-0.00979231019488199	-0.0165868459057967
PF16569.8	0.0053765757999519	0.0300569383299943	-0.00423049689372523
PF01874.19	-0.00187150480589673	0.0251178380523577	0.0021383393243981
PF03611.17	0.00244799240975477	0.00706531473762243	0.0042627582480416
PF12535.11	0.0103804506405958	0.00807483975529708	-0.000702991887533145
PF16657.8	-0.0416416038541647	0.0379538359236899	0.0121285945891846
PF01977.19	0.0124788770573923	0.003532743332643	-0.00413510915793829
PF04474.15	0.0138303827343185	0.0242867719410038	-0.00686470819452236
PF13646.9	-0.000483838885611905	-0.00266405075665408	0.00346231206863543
PF17936.4	0.0183279719068933	0.00152518552539724	-0.0150264748358693
PF04536.17	-0.0190656098723506	0.0438406537397727	0.0104974587755201
PF13489.9	-0.0217451328236119	0.00853584799342112	0.0134472736086096
PF10124.12	0.00755956333797494	0.00335166132017271	-0.00353196527145064
PF11985.11	0.03278432303822	0.0206887485065016	-0.00692579811982427
PF12837.10	0.0300978351948199	-0.00521977943700267	-0.00201073430808491
PF13165.9	0.0125013596956718	0.0151791471789916	-0.00232493233735876
PF02914.18	0.0168243702274864	-0.0047470511038724	0.00840894441429666
PF13375.9	-0.0216344568697161	0.00465862850660565	0.00205709813976844
PF07683.17	0.0197933904369163	-0.00529579969188138	0.00467845800297282
PF00327.23	0.0242555776424662	0.0130972647110896	0.000405925839080991
PF18824.4	0.0355013209269846	0.00990912769875733	-0.000778733009754592
PF13440.9	0.00371227759518433	0.0134535913052183	0.00507674431358404
PF01936.21	0.00245601535740133	-0.00877443726848652	0.0125528689023398
PF12872.10	0.00584883540210427	-0.00757843949982657	0.00625779632193434
PF17391.5	0.018065128824962	0.00832462765778917	0.00440137999268871
PF01175.21	0.0177985305420641	0.00700409034984679	0.00539998976136637
PF17392.5	0.0179212348382235	0.00681929030533272	0.00548042418570212
PF02626.18	-0.00747566769845819	0.00652030703196544	0.0147008522898989
PF04223.15	0.00872667004866839	0.0085643295467588	-0.00255930383012593
PF08757.14	-0.0405230659439118	0.0222131813420697	0.00255908121681066
PF03275.16	-0.0135875245761406	-0.00501644876897348	0.0191058885193621
PF03737.18	0.0146159245698831	0.0164406962180525	-0.00630352171872418
PF01144.26	0.0121411979521532	0.00068980721450706	0.00138434891800774
PF03746.19	0.0123048632005879	0.0175625412921363	-0.00057863011109394
PF17866.4	0.0204456217168027	0.00516130205546892	-2.89294402766443e-05
PF20240.1	-0.00450153794802457	0.0142527753715384	0.00420867067386245
PF13337.9	0.021505410651443	0.000687126236805107	0.00559223816497174
PF05895.15	0.0245700148057106	-0.00807543089681484	0.00431094469748451
PF01348.24	0.0156273599644169	0.00242796147993368	-0.0480605199283225
PF14207.9	0.00020448471105368	0.0241910174211176	0.0013551208388287
PF08818.14	0.00968419886108977	0.000189847229719175	0.0155800213502401
PF08922.14	0.0180809999129023	-0.00290621186310861	0.00965754861001802
PF04879.19	0.04026869643049	-0.0440915300844224	-0.00402581231781045
PF05693.16	0.00569560449902404	-0.0175657548274085	-0.00381545185102061
PF11897.11	0.00370790744828261	-0.000674375197863956	-0.00136254990859918
PF12439.11	0.00653046507433659	0.0241620340119522	-0.00336593141726933
PF06202.17	0.00653046507433659	0.0241620340119522	-0.00336593141726933
PF12708.10	-0.0011477602195778	0.016829812158498	0.00665470003917788
PF01095.22	0.00956817296927898	-0.030128055455857	-0.00917280241696663
PF07495.16	-0.0075158324697267	0.0304224777772274	0.00577216728528661
PF03993.15	0.00464878887757429	-0.0075424807596532	-0.00599821830459354
PF13715.9	0.00864420565783621	-0.0136061306059923	-0.00202005546203505
PF10728.12	-0.00491941317109006	0.00823106652899082	0.00427784463642502
PF10459.12	0.00177823221105544	0.00938806697909041	-0.001090944472865
PF13368.9	0.00418264766454507	0.00296135824024254	-0.0031582443861157
PF01494.22	-0.0109352351316447	0.017799932933784	0.010550552467151
PF06824.14	0.00941373722113166	0.0143791484687535	0.00125771174174661
PF16314.8	-0.0012042448132294	0.0172122016028124	-0.000484353803303689
PF14805.9	-0.00138580774470465	0.0108774683484565	0.000667366665428517
PF02897.18	-0.00292353272346683	0.0229786705543059	0.00152491333632702
PF00326.24	0.0351625823714869	-0.00287379396041398	-0.00993470008068084
PF01464.23	0.0136627772341167	0.0203693920546493	0.000688205973394856
PF18935.3	-0.00082058553333071	0.0111925271654606	0.000159681478398241
PF14905.9	0.00017510981827593	0.0172025733569642	-0.00171517596157057
PF11028.11	0.00380076197395506	0.0411305678436986	-0.00302756996113507
PF19838.2	-0.00324156211316384	0.0234205659058245	0.00333204793473618
PF03571.18	-0.0002438096877901	0.0273981911520487	-0.00284960596175062
PF12186.11	-0.0056431337147754	0.02586305612311	0.00511041732932672
PF07676.15	0.000752963167030423	0.00360252107347535	-0.00182616566904958
PF02749.19	-0.0135070081025327	0.0104311525640391	0.0152539604717489
PF01729.22	0.00392314901349232	0.00423467680140697	0.0115373128618465
PF00970.27	0.016380433632005	-0.0117764764167674	0.00660547473911777
PF07837.15	0.0180194778565286	0.00787965393884801	0.00356414214033287
PF02971.17	0.0180194778565286	0.00787965393884801	0.00356414214033287
PF04961.15	0.0195698178246538	0.00474902481385526	-0.00402678686597151
PF00221.22	0.0141651772962532	-0.00497124722082778	0.0096909351858488
PF02585.20	0.00426671928478268	0.0201891000447266	0.00541463632704681
PF04962.15	0.0219261318028693	0.00903594303578261	0.00545547793462953
PF03575.20	0.010369618821087	-0.00824233122842905	0.0126666160333965
PF01313.22	0.0302680227803616	0.00411805941573204	-0.00373725442702547
PF00771.23	-0.0182047922817341	0.0133476741458459	0.00124577906279931
PF01502.21	-0.0150480909008694	-0.00312586329384546	0.0219582362414865
PF02388.19	0.00626291726597539	0.0137556966697378	0.000505686473096989
PF07613.14	-0.0200670738822918	0.0100421861325787	0.00835693670799284
PF12683.10	0.0244742467007237	0.0222540182138731	-0.00106692640595927
PF19952.2	0.0134328067171427	-0.00890201329376185	0.000934087114971893
PF08531.13	0.0378116150701513	-0.00127465177632869	-0.0145200739873803
PF05592.14	0.0378116150701513	-0.00127465177632869	-0.0145200739873803
PF17390.5	0.0378116150701513	-0.00127465177632869	-0.0145200739873803
PF01909.26	0.012214138901755	0.00439006060702851	0.0137952562946386
PF17782.4	-0.000389782014026807	0.00424391102067817	0.0127461853564803
PF09823.12	-0.00919750541453352	0.0160995537191674	0.00701120072829759
PF13086.9	0.0174996989175905	-0.00255868777183533	-0.00185105027133468
PF13087.9	0.0174996989175905	-0.00255868777183533	-0.00185105027133468
PF06013.15	-0.0018907497780624	0.00364138498110877	0.00479101756415458
PF07873.14	0.0160721825655942	0.00347643551580209	0.00576431292325721
PF04347.16	0.0234478084851326	0.0237215694811212	-0.000888675777988018
PF07451.14	-0.0113636879763107	0.0260145576884391	0.0105506682145411
PF04018.16	0.000446967894023076	0.0141671188616042	0.0127666102792016
PF16316.8	-0.0219325819195224	0.0158446021097711	0.0170159372673771
PF17677.4	0.0195899258997958	0.0253656966931095	0.000163161763825107
PF12695.10	0.0274640459994903	0.010011859365543	-0.00420074875736027
PF13382.9	0.013579098921482	0.00293456112565209	0.00758392140193258
PF02465.21	0.0165387568863823	0.00172757015164195	0.00333619820268785
PF07195.15	0.0140469784269155	0.000367068215542976	0.00549159104365096
PF00449.23	0.0165637228372908	0.0168523475750255	0.00343228293592356
PF13542.9	0.016978693723464	0.0295758759892324	-0.00494371702901912
PF14489.9	0.0254072872669493	0.00720671818923378	-0.00255935672320347
PF01343.21	0.00141334446479221	-0.00245013214969517	0.0094640006556159
PF04402.17	-0.0113418831509131	0.027487785657122	0.0147417154633092
PF05067.15	0.00472961092580116	-0.00691285725255943	0.0200139892908208
PF01930.20	0.00316164091304904	-0.00695505618242479	0.014608654044146
PF20600.1	-0.00254932212643441	0.012264161315092	0.00170664741391807
PF01813.20	0.0202310115582531	0.00135027268759904	0.0037687331391013
PF03237.18	0.00965736376699925	0.00916201848780787	0.0144796225222038
PF00930.24	0.00393417983299397	0.0282036581158438	-0.00326354511913886
PF08522.13	-0.00181223622784664	0.0307371168889184	-0.00054635477213279
PF12741.10	0.00476397149372921	0.0242326327914305	-0.00229326448829946
PF07660.17	0.00388223889863485	0.0275182211278345	0.000173194555261626
PF14265.9	0.0113388587391344	-0.0062011358699475	0.00501357999082268
PF04079.19	0.00264720182930597	0.00257080871392987	0.0187726085736498
PF09565.13	-0.009400103810752	0.0438971806830162	0.00695807687302253
PF00041.24	-0.051259915412659	0.0306391049808486	-0.00848247108038089
PF09106.14	0.028402387125074	-0.00140665308849577	-0.00434256509223507
PF09107.14	0.028402387125074	-0.00140665308849577	-0.00434256509223507
PF12685.10	0.00112869417348935	-0.00849761493667566	0.0206104667326294
PF14319.9	-0.00953093256698066	0.0245457557211954	-0.0201026407287097
PF04986.16	-0.00986716548597687	0.0247827623492051	-0.0199549666982337
PF11794.11	0.03309948040307	0.01052244463707	-0.00972685006107517
PF03241.16	0.03309948040307	0.01052244463707	-0.00972685006107517
PF15714.8	0.00699684048662159	0.013016599898171	0.0126626988961668
PF00301.23	0.00639289530843872	0.00274196414224439	0.0105747400136251
PF03419.16	0.00191872421677613	0.00968283524024892	0.00610349916385127
PF12099.11	-0.00122386348739964	0.0231922203275834	-0.00118396171509211
PF02308.19	0.00753483788379988	0.0108724360584187	0.0100492126025013
PF09594.13	-0.00383079631491284	0.00180066003985006	0.00368154793688395
PF05552.15	0.011013483689341	-0.000581488406226523	-0.000154502427682636
PF16242.8	0.0178990630237717	-0.00545045098958263	-0.00283748342092236
PF01596.20	0.00663529351427085	-0.00142035035741434	0.00984642801276296
PF12996.10	0.0106503599554727	0.00806884799576336	-0.00251081267673686
PF02682.19	-0.00365878085577016	0.0350667473034031	0.00350683438912813
PF01957.21	0.0131648974222926	0.0143704535061753	0.0107404012768871
PF08378.14	0.0155604783981011	0.0140710516545817	-0.000350570552123119
PF02652.17	0.0138637100081154	0.00688743162832037	0.00445319194444199
PF08000.14	0.00329142029559645	0.0138395669464011	0.000425543279797977
PF00745.23	0.00375073525136804	0.004808590638842	0.00841643132717697
PF18927.3	0.0189871249380403	-0.00747384339244714	0.000400763360536211
PF03382.17	0.00363075860509043	-0.0252377452929836	0.0016438419706414
PF16868.8	0.0130465691239212	-0.00755206855651311	0.00730967140764852
PF04294.16	-0.0288556154212271	0.0265150766474301	0.00760655757712451
PF07501.15	-0.0328306831403069	0.0259659474686009	0.00986974389719438
PF14131.9	0.00180664185616424	0.0239459103945261	9.47567374120103e-05
PF06430.15	0.0286693033579819	-0.0136508124858045	-0.00362386156284214
PF08230.14	0.00691414672573447	-0.0032763117237765	0.00323885287986954
PF13156.9	0.039618051387476	-0.0134888031545695	-0.00813976018651271
PF04860.15	-0.00440677299995077	0.000868575747646697	-0.0118714440793893
PF16249.8	0.00110744539750643	0.0221978357493607	0.00010645932563121
PF13331.9	0.00117104466423689	0.0294578987844553	-0.00267779628897443
PF13247.9	0.0182366766866043	-0.0031040224190928	-0.0043333461485946
PF00269.23	0.0271441329035309	0.00472839995036241	0.000367160719115633
PF18128.4	0.00407874473327551	0.0178207389784514	0.00454808906802297
PF18133.4	0.00407874473327551	0.0178207389784514	0.00454808906802297
PF17179.7	0.0193791299397202	0.0270729063968649	0.0024149341368443
PF00543.25	-0.0250744211660325	0.0125487991612846	0.00171744133685365
PF12729.10	-0.0452999631118921	0.0180129315488212	-0.00579992460822176
PF00015.24	-0.0488361083125751	0.0255727775225777	-0.0542145079317387
PF02108.19	-0.00140239182684937	-0.000546278125314305	0.0151411995735146
PF04509.15	-0.0234016987081419	0.00632208298381237	-0.00136214831485948
PF01584.22	-0.0210602322319949	0.0282271775709928	-0.0285685321227088
PF13682.9	-0.0290191359116436	0.0312918576453403	0.00686601648112767
PF10114.12	-0.0338809049774759	0.0136215713039825	0.0130682095063158
PF13399.9	-0.00288074507451303	0.0416211918949895	-0.000704458485029913
PF13782.9	0.0203361346214974	-0.011043614070788	0.00858875663428347
PF19641.2	0.0151050521842982	0.00542001735007842	0.00422416265385304
PF13187.9	0.0202574838869942	-0.0135700349206687	-0.00156312559847494
PF05673.16	-0.0179658024082318	0.00991716189013607	0.0183034415227771
PF13884.9	-0.00653232488459758	0.00325602593034807	0.00671906577560894
PF01888.20	0.0178841059127578	-0.00595660683591162	0.00683404327581448
PF00395.23	-0.00828755215267636	0.00789342737268787	-0.0759393754910676
PF17202.7	0.0189275923629332	-0.0251312397463398	0.0061876079065051
PF18947.3	0.030798236950088	0.0065738739742531	-0.00902370448676805
PF01019.24	-0.00260381865066483	-0.0120807221417965	0.0170105994761325
PF14124.9	-0.00157791463788646	0.0184535054800724	6.36438669247142e-05
PF03787.18	0.0187992203469534	-0.00241430424564849	0.000888674239964266
PF13563.9	-0.00396108299370028	0.00739980812506074	0.0048645564805704
PF02275.21	0.00392374417569761	0.0297792210269403	-0.00172314004686621
PF13786.9	-0.0258691968468952	0.0199321459704944	0.00980401981414962
PF18050.4	0.00992436709188238	0.0186737764478031	0.00314597759238631
PF13546.9	-0.0209244009508735	0.0272571611707634	-0.0622681752684292
PF19552.2	0.035608765269511	-0.00587466458161726	-0.011502662547456
PF05105.15	0.0195875291058165	-0.00310231245760067	-0.0030971698692629
PF19498.2	-0.00346950459914403	0.00332560076960977	-0.0292983409334928
PF12995.10	-0.00267690283355184	0.0155079962801926	-0.0152432701966908
PF10991.11	0.00306209647517488	0.011975844053285	-0.000232140080202594
PF12962.10	0.014531362069021	0.0165688516678924	-0.00386399861595375
PF03965.19	-0.0177440722371992	0.0146549329676512	-0.0152203922921777
PF13784.9	-0.00216754873753189	-0.00857622933122486	0.012052978085323
PF12773.10	-0.0163852927373877	0.0164624550505546	0.0234720918244578
PF05065.16	-0.00214651306588702	0.0132057981666674	-0.0201735732366602
PF12224.11	-0.00467015001140917	0.0199475429698967	-0.00141143400321625
PF05569.14	-0.0118414030973812	0.0139547754802939	-0.0581419380141131
PF14842.9	-0.0101569193349569	-0.000905472145339886	0.0103895721118406
PF14841.9	-0.0101569193349569	-0.000905472145339886	0.0103895721118406
PF01706.19	-0.0130256514298442	0.0185889558531336	-5.29729856953514e-05
PF13701.9	0.0511184235715397	-0.0258325600653595	-0.0442445100176178
PF04952.17	-0.00806111302308004	0.0120800308487235	0.0133577982292392
PF08379.13	0.000552952389066302	-0.00166228560015057	0.00699679089831986
PF04168.15	0.00785992746755711	-0.000542667466089827	0.00382006316333478
PF14403.9	0.0111231718163731	0.0103847911351693	0.00545729526591053
PF14706.9	0.000275500739412698	-0.00285769641988743	0.00244721603405799
PF02281.19	0.000546294694405088	-0.00259173994395721	0.00213196091855244
PF20379.1	0.003826698627034	0.00355704585997855	-0.00767414875663672
PF02154.18	-0.0010451111491463	0.0161574052558022	0.0114445769162206
PF01052.23	-0.0205554996381288	0.00730349875983661	0.00446057749388674
PF14190.9	-0.00300210071896108	0.00908769468593643	0.0162566159702629
PF18941.3	0.00730075339384115	0.00971960640466711	-0.0117445941524225
PF17989.4	0.00570847268286327	0.00191681521994277	-0.0200494118865881
PF16226.8	-0.000405051682736819	-0.00365216818504973	0.0112152227817155
PF01311.23	0.00637039583496537	0.0119662902617114	0.0136916513214137
PF11667.11	0.00630578313320579	0.0277344948358009	0.010512064210192
PF06908.14	0.0147005979008932	0.0130214715950626	0.00440340740035146
PF08341.14	0.0137863481559001	0.00674086443238782	-0.0563635532509329
PF01627.26	-0.0224564977787759	0.025527057848187	-0.0195545856845758
PF07194.14	-0.0258025202253429	0.0297456273039966	-0.0150117056508853
PF02895.17	-0.0258025202253429	0.0297456273039966	-0.0150117056508853
PF08668.15	0.0172795188187778	-0.00843186427265535	0.00923464808869905
PF18832.4	0.0269840681494558	-0.00044999583615966	-0.00430916015221974
PF13783.9	0.00360588861654742	0.0148361364700836	0.00529848257509688
PF14202.9	0.0238552202345206	0.00574514806480941	-0.000969148025923546
PF12674.10	0.0177541663330827	0.0213328068498729	-0.00415096168046434
PF14268.9	0.00561672678402649	0.00667413283133499	0.00911475191060029
PF13683.9	-0.000499851246679572	-0.00482100476306599	0.00277799607207209
PF13308.9	-0.0162778275581887	0.0295036241728074	0.0138523152307672
PF10592.12	-0.00784770267992599	0.00018826623321352	0.00895232629362803
PF18676.4	0.00979022612372433	-0.00994977738704355	-0.00389078297014346
PF18998.3	-0.0012985067205195	-0.012421393928763	-0.0459526971404809
PF20323.1	0.0130549494788183	0.00217933834124793	0.00596735524967797
PF05717.16	-0.00715604835840569	0.00720150654808936	0.000763976874107015
PF09587.13	-0.00865193941241361	-0.0147046014815902	0.0105814443475353
PF20063.2	0.00123283591198432	0.0115945310712004	0.0047334528486163
PF19776.2	0.00885276173497345	0.000138967667518103	0.00526205379899508
PF19537.2	0.0314264550257347	-0.00762805433469852	0.00168677095259175
PF14253.9	0.0139312627723301	-0.0102856699064156	0.00876239654627946
PF00460.23	-0.0391536796997795	0.0119949985082909	-0.00212906417911293
PF06429.16	-0.033843494383623	0.003971042633488	-0.0058355982891607
PF05130.15	0.0189662052160623	0.00464308457515988	0.00420337172507849
PF08984.14	0.016363568867269	-0.00364994322741786	0.000323793390071166
PF12672.10	0.0111121178634037	0.0176759157138208	0.00394441495176175
PF14359.9	0.00810197429244129	0.0272151046812576	-0.00568445259470777
PF12686.10	0.0078586929153035	0.0225474096913315	0.00929748335161415
PF02018.20	0.0108382797013525	-0.000842494884382642	-0.00799475253625306
PF19546.2	-0.0369766306345283	0.0270544514806627	0.00229976068959019
PF15978.8	-0.0027036296406503	0.0297159316137989	0.000112758817640271
PF06527.14	0.0355377834929985	0.0155602163338109	-0.0136223606770991
PF18657.4	-0.0064172393871854	0.0132273724056022	-0.0343794390702725
PF09359.13	-0.0271426705739905	0.0223108330712761	0.0153082630242046
PF08843.14	-0.0149757735936241	0.0179152071362809	0.0108688637886785
PF13338.9	-0.00608491847974074	0.0274459571666629	0.01207877352673
PF14430.9	0.00631109368223715	0.0223001581213149	-0.000438164945009094
PF04365.16	0.00356691258825582	0.00828348110402932	0.0091340119322866
PF08011.14	0.0147840084035801	-0.0189807157216259	-0.0301905849992509
PF02592.18	0.0347000669361365	0.0155179192221287	-0.004671182987472
PF02342.21	0.0235709748168986	-0.00301556257235847	0.00206545098602206
PF12676.10	-0.0140628011811237	-0.00715645885437496	0.0227347032749143
PF20312.1	0.0198178430847944	-0.0149349101842988	0.00570910523838346
PF04229.17	0.0291527000393002	-0.0124468777694499	0.00206911339337571
PF06182.14	0.0248944423620161	0.0102462473985875	0.0010513719355922
PF14282.9	-0.0136137277423308	0.00542016241717846	0.0195599391332997
PF01850.24	-0.00420706800376516	0.00771778505168277	0.0130465679178639
PF02659.18	0.0120489618671435	-0.00595034318242431	0.00827866956363191
PF09983.12	0.0316412375369	0.0150312724007639	-0.00796705408741474
PF03861.17	0.00201004188214765	0.0226431338548491	0.0106494420115319
PF09455.13	-0.00288247507379451	0.00496194549394126	0.00368785625273003
PF14907.9	0.00777988396986346	-0.00231381211275009	0.0026314299324997
PF15919.8	-0.0189862075178336	0.0375803212260495	0.00901450710678664
PF20042.2	0.0131147531437709	0.00106048956169506	0.00332802049918507
PF07081.14	-0.000788836500069804	0.0207136803102503	0.0130808848769585
PF20599.1	-0.0199140772342454	0.0256920319682506	0.0121877013173863
PF01699.27	-0.0244795768459657	0.00158675874923259	0.00272470888427687
PF04854.17	0.00237136003056214	-0.00845925302362466	0.00706145574951547
PF05534.15	0.0262732109713282	-0.0110981610472618	0.0021931046955861
PF13490.9	0.00443559660523413	-0.00343403104815152	-0.00293085435696264
PF02639.17	0.0239533505627169	-0.0177321434827486	0.00217605900982273
PF02498.20	0.00945924061215316	0.0186523655369363	0.00939331118067664
PF05685.15	-0.0104110599669127	-0.00330493634837285	0.00988816601898503
PF10127.12	0.0226676842470226	0.00238109257350452	0.00469241162032985
PF15738.8	0.00077786960551487	-0.00197344044826815	0.0107444432779655
PF18813.4	0.0335916966066348	-0.0118128117165698	-0.00620794308023196
PF13808.9	0.0334440921549281	0.00503657128291011	-0.0112203400402486
PF06506.14	0.00741064519506822	0.0142931317774543	0.00432104853246893
PF14532.9	0.00259935468338426	0.0267117478698139	0.000731597382710372
PF09861.12	-0.0194330671891463	-0.000431952463594804	0.0170896908382522
PF18610.4	-0.00161625309628925	0.0301468550370943	0.000364035243556963
PF09330.14	0.033354354968979	-0.0102454826008495	-0.00885304356047235
PF05709.14	0.01922292311284	0.00396678147380674	0.0043794666853392
PF07876.15	0.0413767867240377	0.0105097700565413	-0.00883647201442056
PF16924.8	0.00759797196726224	0.0156890770193569	0.00309244897176209
PF13487.9	-0.0344067624492585	0.00661427289957213	0.00686038467110061
PF20250.1	-0.0384127467480082	0.0144446974230052	0.0139889692154149
PF03961.16	-0.0384127467480082	0.0144446974230052	0.0139889692154149
PF18989.3	-0.0363200587476606	0.0236208235132603	0.0095175398875631
PF04316.16	0.0383690628913162	0.0144976311836755	-0.0117291626811395
PF02599.19	0.0297067429843427	0.00226593836423244	-0.00502393087858477
PF02561.17	0.00659516959009904	0.0130829668993408	0.0159511173869302
PF09479.13	0.0139608208977906	-0.0349611805709665	-0.0747185744228228
PF19510.2	-0.0178097392212381	0.00589984645560149	0.0136547649332854
PF04724.16	0.00338553522512017	0.00969268875997899	0.00706404129442543
PF08759.14	0.0104241431596595	0.0123036063368307	0.00122389181578936
PF13727.9	-0.0352746633855536	0.0195863273820281	-0.00294141144579163
PF03808.16	-0.0329841965979467	0.01140658723766	0.00918468619179465
PF19554.2	0.00250513767321029	0.00683037464220233	0.00445140589984235
PF13228.9	0.00491788539449861	-0.00826948306832291	0.00385151083805881
PF13526.9	0.0109592937116098	-0.0109656266925921	0.00476196039230839
PF07745.16	0.000107929376387531	-0.00630120792925778	0.000416359976981944
PF11738.11	-0.0270344146780345	0.0123579371092562	0.00352546236194998
PF14317.9	0.0180692652928068	-0.0062888156260578	0.00625856854328849
PF05762.17	0.0213086793108736	0.0108917064209561	-0.00266861655107857
PF14512.9	-0.00239594780596576	0.0198780219833694	0.00123463409558388
PF12669.10	0.0292902919514223	0.012981401441099	-0.00608473039394672
PF10006.12	0.024319692629617	0.00617134096791283	0.000786780837030962
PF13474.9	-0.00175891234476593	-0.00712918264060381	0.0149905079181476
PF07592.14	0.0293201307355648	0.0154922855053833	-0.0117743827827785
PF14358.9	0.00878256705422069	0.0114716839669617	0.00732654820645625
PF05954.14	0.0285116489705214	-0.0107236659616434	-0.00115155685453957
PF02120.19	-0.0395424315781708	0.0140295746220332	0.020558799661897
PF03422.18	0.0211268629343343	-0.00512945785775801	-0.00639411177321501
PF14516.9	0.0130857441660901	-0.0113688081863167	0.00763398270539504
PF13366.9	0.0133361615429121	-0.0121581597504097	0.00428740421764869
PF01783.26	0.0198994070182446	0.0111798075200388	-0.00302902934954777
PF13483.9	0.0098093029227408	-0.000691178433747202	0.0070413101475062
PF20148.2	0.00420633514661729	-0.0208140725441285	-0.000613087449671576
PF08849.14	0.00523512603370313	0.00346295304511956	0.00807956981452408
PF08747.14	0.018253935312592	0.0285433162134516	-0.00318248233882415
PF13592.9	0.0141509815353922	0.0196869433939305	0.00536160306283833
PF20442.1	0.0128204880365194	0.0053661954612014	0.00687616983974188
PF13182.9	0.0258591362139957	-0.00696249325376694	-0.00368799347525973
PF05521.14	0.0176953124215137	0.0182668506691427	-0.00012596335190146
PF05017.17	-0.00584339628427715	0.0115978328302844	-0.0616857385787228
PF08845.13	0.0285607829758289	0.00761704086061776	0.000500635527390524
PF06056.15	0.0176818064079887	-0.00361779987777798	-0.00437216454397908
PF13714.9	0.000732990433860498	0.00613174183870274	0.00506469953543777
PF20251.1	0.0119096029801447	0.00323292218274007	0.00194579651062262
PF19092.3	-0.000641710194829922	-0.00323681484845121	0.00317773543348331
PF02036.20	-0.0198891806528318	0.0106507728314845	0.0229923774483293
PF16163.8	0.0117030585799519	-0.00542055888244652	0.00305380152858772
PF13679.9	-0.00879634262492957	0.0111605579814116	0.0156149833497474
PF13311.9	-0.0220965119449868	0.0506745077903289	0.00806301283210617
PF09578.13	0.0121799042654343	0.00195326525906638	0.0120850619030102
PF07523.15	0.0329670601150921	-0.0289948873014479	-0.0120824341973032
PF16927.8	-0.0360665470273877	0.0253077037428125	0.0172504563413546
PF16472.8	-0.0304929191194266	0.014471704709226	0.00298175274023477
PF12847.10	-0.00599664531561675	0.0185544527489478	0.0183208522543132
PF07934.15	0.00762381779307621	0.00844411472580935	3.5989135184661e-05
PF07486.15	-0.0337340795792996	0.0127908971908282	0.0135891580097831
PF08367.14	-0.0273869844055657	0.0175116011396092	0.00119467849804142
PF18907.3	0.0258012390307985	0.00844018868222893	-0.000522271839132986
PF11187.11	-0.000122735949180998	0.00202970708848908	0.00751525338239441
PF12725.10	-0.0178858062865297	0.0113731074146597	0.0150934046941169
PF19275.2	0.0327390811005214	0.0162601093242749	-0.00297363177127244
PF07940.16	-0.0122547679663562	0.00843911627245309	0.0182805287673459
PF14133.9	0.00667211073232737	0.0178184240310361	0.0101233986829664
PF06941.15	0.00119810774392633	0.0169790115544058	0.0075658657087974
PF02732.18	0.00382445746331484	-0.0059341211312315	0.00652015454964937
PF20195.1	0.00735406129987849	-0.00598597862872683	0.00868104020614275
PF05050.15	0.0252735451442034	0.00697501146700531	-0.00803656852024907
PF03102.17	-0.00072104828568569	0.00208031702819443	0.010555380242582
PF01885.19	0.00886852706838161	0.0146074401730095	-0.00146944992135895
PF19601.2	0.0167832424364673	0.0173502819355944	0.00488080441033398
PF13569.9	0.0116865141371228	-0.00693003416768274	0.000376978804457573
PF12724.10	-0.0117224683789704	0.0263119436709588	0.0135330495746932
PF20335.1	0.0106996900054514	-0.00574471929382744	0.00132824816803577
PF13855.9	-0.00599931212609435	0.00187827293249512	0.00889948716797622
PF13739.9	0.0121235048009439	0.00520819169861423	0.000531711470281524
PF08494.14	-0.00180589682049794	0.0417383701078987	0.00189424860602137
PF14584.9	0.00255478289473852	0.0103299546922317	0.0144846741468671
PF12997.10	-0.00146070397611325	0.0124819973339368	0.0162389680187761
PF01899.19	0.0146811933566395	0.0286708850832873	0.00353080606651814
PF20501.1	-0.00562975064313163	0.0152088090977071	0.0150556837554179
PF04039.16	-0.00422225808549047	0.0172216410966211	0.0143847846133695
PF19753.2	-0.0453338530775341	0.0119269068340316	0.00451961712687128
PF18960.3	-0.0141165370133207	0.0158854553913055	0.012584549123665
PF07811.15	-0.00372067548690831	0.0325078229386069	0.00814081703396689
PF19909.2	-0.0169491948589779	0.0215270157558503	0.0145286956384615
PF00112.26	6.94480536414875e-05	0.00026847592762959	0.00129848024955247
PF18560.4	6.94480536414875e-05	0.00026847592762959	0.00129848024955247
PF19511.2	0.0124843617135663	0.00904358345927081	0.00512354433007915
PF19598.2	0.0293497402698009	-0.00890666695472365	0.00330540354796431
PF01161.23	-0.000504542771425652	0.010590945479444	0.00596137626265799
PF18928.3	0.000240299178053187	0.0101004139393854	0.00574252088973239
PF08722.14	-0.00315834971333325	0.0134370375157171	0.00261383475177083
PF08721.14	-0.00315834971333325	0.0134370375157171	0.00261383475177083
PF10026.12	0.0138008607858264	0.0221437183320706	0.00732426901775174
PF13567.9	-0.0295685133057446	0.0111754421244582	0.0167012329595645
PF10646.12	-0.0118170735179285	0.0202663517901084	0.00237761914074259
PF00563.23	-0.0411634194076694	0.00644303781974058	-0.00514096992696773
PF02127.18	-0.0150994474996201	0.0019467598455412	-0.00720521655478496
PF12796.10	0.0153912607268005	0.0135383574599236	0.00239912811625198
PF19623.2	9.66503720976203e-05	-0.00412680356747944	0.0103915926920702
PF18475.4	0.00415453030371902	0.0168417008390536	-0.00175943155438996
PF08495.13	-0.0119102241162843	0.00541529942628108	0.0120871394245306
PF03885.16	0.0190417706359558	-0.0181488193647773	0.0092209137595492
PF04893.20	0.00233285201167104	0.0172978842013057	0.00234574609481036
PF14107.9	-0.00267928494057577	-0.00340978456827257	0.00689951913742808
PF09553.13	0.00311285119385459	0.0116795471047663	0.00928445781124574
PF19845.2	0.00253253881271559	0.0269037799402049	0.0109674972675865
PF19694.2	0.01161699123957	0.00900702594859147	0.0114007224780234
PF07875.15	0.025087308187586	0.00370043889017167	-0.00710268946917335
PF13527.10	-0.0103810566608166	-0.00071082434887395	0.0115333503041094
PF19610.2	0.0144182756589145	-0.00598089497608589	0.00327466376490983
PF09704.13	0.00411869961921691	0.0245029492184496	0.00773405175289149
PF09709.13	-0.0281283265918586	-0.00650209884462291	0.0159361004438129
PF12673.10	-0.0361253200866766	0.0123537649783311	0.00207037885975198
PF03975.16	0.019925850509431	0.0114926671418439	0.00414342451414125
PF03714.17	-0.000457092116047791	0.0125180564835052	0.00219246997721011
PF07927.15	0.0189436705292176	0.0045374076954885	0.00230480083404584
PF01339.20	-0.0218977847171806	0.0212281647773168	0.0123596115118941
PF13750.9	-0.00176250389823836	-0.00393951327575165	0.00183856670525448
PF01312.22	-0.0112728177750628	0.015935782382611	0.0141017382967868
PF00813.23	0.000374329192644014	0.00723752498749164	0.00963017370209893
PF13515.9	0.00597280206131505	-0.00425939013314974	0.00190152146645361
PF13677.9	-0.00818144539244259	0.0145908304862194	0.0187185268359844
PF12611.11	0.0136147556325544	-0.0175717777243283	0.0144315998360069
PF03963.17	-0.000200948224447106	0.0182037541444708	0.0121703320603812
PF13290.9	0.0083332335308058	-0.0450729675195541	-0.0251896004530793
PF17753.4	0.0222145214517808	0.0200822447554964	-0.00190269903365447
PF08719.14	0.0253842574924268	-0.00106464115936795	0.00569697152714078
PF18269.4	-0.0108769122903816	0.0122359666612704	0.00783333175098187
PF01051.24	0.0078520889355135	0.0138961675049938	0.00545306170194892
PF06889.14	-0.0313660479757905	0.0212358364624251	0.0172873562352051
PF15595.9	-0.0060974970538886	0.00109634452575692	0.00650283523866996
PF01514.20	-0.0304774344574071	0.024252803246429	0.0166766087188053
PF08345.14	-0.0242490551936373	0.0187750503568385	0.0174995951220346
PF16697.8	-0.00720923071350688	0.019902470427028	0.00751701915624782
PF14104.9	0.00609763458580628	-0.00782578115216523	0.00667023766305148
PF05168.17	0.00701709364978559	0.00146618949201157	0.0142738321930237
PF04277.16	0.000707101875281761	0.00538236699118953	0.0201419686694273
PF13305.9	0.0161684436855446	0.0359961953801431	0.00186313555230598
PF13240.9	0.0151475299225797	-0.0133801663942882	0.00686506978659481
PF12746.10	0.0164325578460253	0.0137667680086856	-0.00100170125521601
PF06898.14	-0.00222089936107519	0.019900064641194	0.0056248745704818
PF11443.11	-0.00271921245970003	0.0110455715257214	0.00181398000931213
PF05731.14	-0.00118321831106777	0.0268624218079387	-0.000681956104977137
PF12840.10	-0.0224379483163282	0.00795640964432059	0.0242877297916927
PF03848.17	0.00239844078649071	-0.00365051588809142	0.00285318137687144
PF08713.14	0.0164291004368543	0.00708978652885267	0.000953333880178268
PF20047.2	0.00438287002553125	0.00304700872732149	-0.0002129415901699
PF00079.23	-0.00848391982757844	-0.00269622031182707	0.0177885592537783
PF13690.9	-0.0131411693191038	0.00755057171494782	0.0178754290279362
PF10105.12	-0.00215429936385832	0.0252401126110822	0.0123819020310323
PF20317.1	0.00815841387771735	0.0279774211503943	0.00235675631159738
PF18922.3	0.0107876897458003	0.0186408082934448	0.0019673286770607
PF09391.13	0.0199768874081333	0.00861676789490363	0.00697599421759201
PF07944.15	-0.0230003238484136	0.014273768682392	0.0105851635982422
PF09581.13	0.014319687783073	0.00798633092654109	0.00558978729366718
PF09548.13	0.0187344136663502	-0.00552800578756908	0.00616108316597829
PF19568.2	-0.000399443536617689	0.00127032589249586	0.0135797645833323
PF13685.9	-0.00936274666847925	0.0261656635337926	0.00911234609155651
PF08020.14	0.0174368933883843	0.0187432972407594	-0.00313172355070164
PF18982.3	0.0226377253592917	-0.0153223209643104	0.0058315896037916
PF13835.9	0.0162250234457836	-0.0062928404076723	0.00539378072096682
PF14423.9	0.000227708526067187	-0.000959409101266802	-0.000702714400522997
PF00805.25	0.0261032756479644	0.00373970655689557	-0.0147049585484686
PF08929.13	0.00926936899990796	0.0121418145366433	-0.00331690357114449
PF17836.4	0.00286875176904456	0.000985490133841818	0.00382208234523294
PF17200.7	-0.0379088029576241	0.0350979840073528	0.00930982839436675
PF15609.9	0.00618338576303431	0.0110185034108075	-0.0002078401444717
PF12500.11	0.00618338576303431	0.0110185034108075	-0.0002078401444717
PF00491.24	0.00328767324155831	-0.00281809363538281	0.00656000056696816
PF11193.11	0.00130606743872516	0.0209906956639882	0.00476517075679457
PF06180.14	0.0219977877262139	0.000315277381823244	0.0057045043358566
PF02570.18	0.0123151638512031	0.0100465034448577	0.00699949541888068
PF11760.11	0.00927610652739486	0.00573329496312737	0.0111493505405249
PF01890.19	0.00927610652739486	0.00573329496312737	0.0111493505405249
PF19789.2	0.00913967714182619	-0.00548606987991415	0.00932881004167047
PF13687.9	-0.0225174297927299	0.0242050861897397	0.0191532346012667
PF11188.11	0.0199603842576963	0.00420605992869513	0.00726046598344778
PF10096.12	0.0107087833416635	-0.00359352350629591	0.00482856417488781
PF07922.14	-0.00666503764977885	0.0272678315263199	0.0127643853208285
PF14897.9	-0.00886078394815619	0.00370226115293689	0.0160190903140841
PF10923.11	0.00161164594937388	0.0305294340581972	-0.000551227200457779
PF09254.14	-0.00131839274400671	0.00197869868971985	0.00331309685037202
PF00080.23	0.0208919346864982	-0.0186461495183497	0.010386988804982
PF17996.4	-0.000340935659935675	0.0211611576894316	0.00258654095249049
PF11258.11	-0.0321733846569699	0.0279866410090222	0.0171555277718964
PF17479.5	-0.0321733846569699	0.0279866410090222	0.0171555277718964
PF13263.9	-0.0168933822043666	0.00998343453415121	0.0150502661184191
PF00636.29	0.0178254594138983	0.00903307123789109	0.00604301718042459
PF11728.11	0.012312851580601	0.00105875098771369	0.0108340926595205
PF18984.3	-0.0353909324694078	0.0176639260755998	0.00923093283982791
PF18983.3	-0.0353909324694078	0.0176639260755998	0.00923093283982791
PF03705.18	-0.0258274158586164	0.0241496348382615	0.0247025134058638
PF01739.21	-0.0258274158586164	0.0241496348382615	0.0247025134058638
PF07009.14	0.0243007206148031	0.0106984646794829	0.00254199938078115
PF20122.2	0.0124928161074775	-0.0107740307406569	0.00210198024065972
PF08006.14	-0.00325081217978345	0.0276682631764238	0.0071310723388037
PF02016.18	-0.000630732067016856	0.0116189938225097	0.00617325914669122
PF17676.4	-0.000630732067016856	0.0116189938225097	0.00617325914669122
PF17225.6	-0.00624864024052435	0.0105245682519078	0.0164402053424771
PF14199.9	0.00206899623533163	-0.0143631683343057	0.0101591292882893
PF02927.17	-0.00578926965796263	0.0223862203392799	0.00462148367656946
PF00759.22	-0.00578926965796263	0.0223862203392799	0.00462148367656946
PF14262.9	-0.000269114850433971	0.0272826002062874	0.00441308840018464
PF02493.23	-0.0250161790998526	0.0172072493593344	-0.000236417379912695
PF18975.3	-0.0139951418486061	0.0215677428699643	0.0146157826458258
PF01244.24	-0.00694834483654109	0.00463989092765959	0.0130619784153301
PF05621.14	0.0147939271705011	0.0255808552148066	0.00133328588100239
PF07826.14	8.39837431029988e-05	0.0151767647681884	0.0133711731609488
PF01220.22	0.02798611084235	0.0164111115268831	-0.000235473840549319
PF12116.11	0.0206733805134987	0.0227980117205863	0.00341722519460284
PF14285.9	0.0167295021720458	-0.0207247222860496	0.00558667978140458
PF09966.12	0.0262182706137424	-0.00209785546138014	0.00187081246871485
PF03412.18	0.00677578512507795	-0.0107340584305722	0.0165430440627887
PF20456.1	0.0235459188263821	-0.0191579259521389	0.00787306058737009
PF19484.2	-0.0354849525887517	0.00246752908416597	0.00928059426539899
PF16822.8	0.00497656617713192	0.00383885140678988	0.0151323468785003
PF14751.9	-0.00815246524308017	0.0153588914248795	0.0151201012970583
PF01978.22	-0.000892050166984787	0.0129950755124313	0.00917744064502431
PF00668.23	0.00830595644024615	0.0197020091749303	-0.0103182866945404
PF00246.27	0.00687104721322269	0.0216065296753163	0.000358620290045996
PF16738.8	4.87967421967476e-05	0.0178533762448864	-0.000766596950087047
PF16561.8	-0.00158820558987729	-0.00100244795393246	0.00225960203243155
PF13289.9	-0.0760184720258376	0.060053884732104	0.0156058939953851
PF10387.12	-0.000500202365986452	-0.00119160484788816	0.00712442319743483
PF13711.9	0.00759010647700993	0.029162242914885	-0.00154954227207261
PF03869.17	0.0036271657592198	0.0127942753109582	0.00389562887441333
PF20612.1	-0.00260996251294541	-0.00141924847352149	0.00689460022732485
PF10593.12	0.0310034360043738	0.00422163308164383	-0.00818919192222683
PF06855.15	0.0160338388676496	-0.011093467985799	0.00356453000952407
PF20016.2	0.0042299654363734	-0.00733244013384681	0.00837792444843123
PF01174.22	0.0204260587352183	0.0115459368004489	-0.00252226475225961
PF05183.15	-0.0197468736165511	0.00311596408792214	0.00905216843332369
PF01810.21	0.0192557827562081	0.00680666763426863	0.00285179307193853
PF13577.9	0.0109776647337514	0.0164117862908186	0.00259247905498105
PF20573.1	-0.00500289248065109	0.0218776356232887	0.00859894864302214
PF20040.2	-0.00237921099502684	0.00254950327351648	0.00873432145159738
PF13676.9	0.0083818893341483	0.00913420833099729	-0.0020149468493274
PF02286.18	0.00864305053597171	-0.00162009701146061	-0.00232063483168019
PF11580.11	0.00793804353499528	0.000548997136309464	0.00814913185108791
PF20446.1	-0.0239945768185793	0.000921872897713394	0.0158024516110927
PF09818.12	-0.0244629169851664	0.00172991880606517	0.0159618795211166
PF04070.15	0.0165476844416771	-0.00329592017136904	0.000122747329370918
PF07580.17	0.00275378627648763	0.00279914977776218	0.0132307599088765
PF00355.29	0.0145695348523965	0.00140216571136314	0.00423666202752767
PF18218.4	0.00303018910914352	0.00812064387732887	0.00671296916667431
PF02522.17	0.00928518370410163	0.0011605671311745	0.0119768595896219
PF13551.9	0.00435809952948525	-0.000356956079358947	0.0146103674503761
PF10412.12	0.00479095590398924	-0.00138335820465152	0.00229785971744643
PF16468.8	0.0190082633371541	0.007970585398088	-0.00276612112866221
PF20313.1	0.00389954776508654	0.0201458071825655	0.00386442879485288
PF03795.17	0.0128379063086872	0.0109822167925932	0.00293107994847665
PF12680.10	0.0207660157652956	0.0183343042147188	0.00309361667070017
PF17874.4	0.0020720848116156	-0.00666466362454558	0.00756642321770137
PF07993.15	0.00491371980723414	0.00691043055350076	0.00551066969134126
PF13458.9	-0.000899955958294777	0.00876051254922085	0.00940814098960869
PF03776.17	0.0143063046868651	0.00755788327976652	-0.000340132986001032
PF11007.11	0.00990429419840083	0.0238686946853243	0.000260797578740443
PF12652.10	0.0140755856030567	0.0205767005565028	0.0010257742366946
PF05711.14	0.00433795434797727	0.0107745066708772	0.00643457520454932
PF04230.16	-0.0271465209038565	0.00546429539044574	0.0112797237138831
PF08445.13	-0.00698036639903205	0.0248958766651978	0.00549277867082575
PF07179.15	0.0259617190241442	-0.0150827271263342	0.00422315783310515
PF11796.11	-0.00373467581871075	-0.00343359786910311	0.00547284705470737
PF09664.13	-0.00373467581871075	-0.00343359786910311	0.00547284705470737
PF09661.13	0.00148550289310247	-0.00533962411778223	0.00429493203301185
PF09660.13	-0.0109597066155336	-0.00931727610011502	0.0171028705033248
PF18889.3	-0.00177137067005642	0.0275790949418537	-0.0440093151170275
PF20623.1	-0.0279339872834459	0.00985768214788761	0.00732866854078876
PF01345.21	-0.0344412301574126	0.0238953241964124	-0.0391569063066486
PF18425.4	-0.0168335188815208	0.00247913563926489	0.0112989447936456
PF14277.9	0.0208010640648943	-0.00800257397593867	0.00115547507978245
PF02830.21	0.0240472175270847	-0.0130657970350599	-0.000250790341179792
PF14056.9	0.0140276113438034	-0.00594978163326527	-0.00248439530788286
PF07238.17	0.0038363708559439	0.00521178710705419	-0.000755931680188047
PF01402.24	0.0335647836046742	0.0184036424651614	-0.00570154484858559
PF05973.17	0.0279342375038748	-0.0184704118733709	-0.000156662910049409
PF03406.16	0.0200892939224665	-0.0134731956068489	0.00372521629881629
PF17922.4	0.0191290834770357	0.00333700921198871	0.00412754136338792
PF19639.2	0.0303999749914848	-0.0157954535319667	-0.00276834576235077
PF13279.9	0.0267185243027314	-0.00375452230452471	-0.00374868361892499
PF14478.9	0.0170580081769276	0.00543451454094844	0.00155883138794553
PF13391.9	0.0020605573664158	0.00290546852895267	0.0113560807582224
PF03852.18	0.0129817344826435	0.00390749390249852	0.0021235267330215
PF04480.15	0.0136053672366759	0.0216502440511823	0.00203188296194773
PF07853.14	0.0111596117200896	0.0149461070190202	0.00764796201133046
PF09297.14	0.00698942050729483	0.0143230301858103	0.00900453188735976
PF10047.12	0.0351930183193125	-0.0113504917728554	-0.0078977432145052
PF03418.17	-0.00507931478973099	0.00727743803605363	0.0168622415780628
PF18980.3	-0.0135492975898793	0.0093156867595099	0.0133533910615572
PF11185.11	0.0291672635670642	-0.0105823349697631	0.00521772505961159
PF06782.14	0.00526594695918918	0.00983843896688633	0.00876537631431542
PF12670.10	0.0284534956593496	0.0159750635759335	-0.00553889613229212
PF09552.13	0.00294246464287231	-0.00680355071399991	0.00393558834640183
PF12953.10	0.0302205915214372	0.00132949813913129	-0.00137947408962837
PF19499.2	-0.0342386525704993	0.00582763942328872	0.0205167300550362
PF03703.17	0.0222803851782842	0.00539834880013264	0.000555501935290383
PF01693.19	0.0111483368394776	-0.0184445265711897	0.00853307784980104
PF00075.27	0.00775241711482625	-0.00100789414935067	0.0107034882431278
PF03883.17	-0.000844612152661623	0.0131385987004593	0.0148458256325194
PF14076.9	0.0147975892596315	-0.00774117417800338	0.0106114502798165
PF07866.14	0.0194999202603581	-0.0145798201007156	0.00813060181583709
PF06961.16	0.0350267743681743	-0.00132725677706646	-0.00171311815016164
PF18988.3	0.00719220134762305	0.0238350146699856	0.00601115845185745
PF12164.11	0.0046812242960079	0.0027903905344086	0.0120912802458137
PF08348.14	-0.00335170974227429	0.00603784915910475	0.011679419987214
PF13309.9	-0.00335170974227429	0.00603784915910475	0.011679419987214
PF01680.20	-0.0010780134850279	0.00932998151505482	0.0078676021265186
PF13566.9	0.008814803812939	0.0274121606684844	0.00695449155601714
PF12893.10	0.0203814799187215	-0.000380193171512817	0.00713279387856078
PF18864.4	0.0178858311075568	-0.0144977820685448	0.00160561038899997
PF18088.4	-0.0174134567847197	0.0049456783666506	0.0054855186223595
PF11070.11	0.0229323048259185	-0.0173181827708367	0.00438338533641031
PF19538.2	0.0170352383738076	-0.0113698355659066	0.000766687184643711
PF09986.12	0.00202651572622898	0.0296172457933828	0.00212079354782146
PF08867.14	0.0066191425557367	-0.00816870496859241	0.0047249523950491
PF08645.14	0.0214020240893103	-0.0159734790316394	0.00350806106515638
PF01863.20	0.00632213552455199	0.00802124093990985	0.00753364884556786
PF03413.22	-0.0106516493500055	0.0100269996919308	0.00328513425939889
PF09913.12	-0.00905726084262779	-0.0041235116894697	0.00931321531575506
PF19830.2	-0.0242209361631715	0.0122419891297248	0.0142206500498534
PF04794.15	-0.00192755722013784	0.0136812126636103	0.00781936178874208
PF13535.9	0.00455557957239067	0.00197542059097539	0.00158716202459707
PF18603.4	0.00401399383636741	-0.00457967187434203	0.00270081244547266
PF02681.17	0.017900995302838	-0.00493674979977112	0.00498112979099407
PF10135.12	0.0304836847102252	0.0188646373183961	-0.00127596747113728
PF03733.16	0.0027668206961706	0.000513805994448227	0.00463761103821316
PF19483.2	0.0304313158201866	0.000280306402155356	-0.0017528831420132
PF14070.9	0.0164320010710452	0.0153690266622137	-0.00663433454492632
PF20069.2	0.0262403508476992	-0.00491262282420346	0.00412599631089244
PF07892.14	0.0349959943943588	-0.0181472571339772	-0.000250737457465944
PF04324.18	-0.0124608458356326	0.017595140493045	0.0046560482768604
PF10974.11	0.000968267794230446	0.0017058403858221	0.00767803012558668
PF06691.14	0.00255395607125478	-0.0085285684762408	0.00684217607334666
PF13031.9	0.0324482967033435	-0.0131770713298228	-0.00621242142386765
PF01939.19	-0.0170280887596593	0.0143580560715248	0.00981379501518612
PF13395.9	-0.0259911259826549	0.0203139862125069	0.00265912390679374
PF07561.14	0.0180253614463672	0.0121839590687238	-0.00419259557669006
PF20578.1	-0.0151758274943317	0.00483378961477902	0.00337643995072736
PF19732.2	-0.0148329947655115	0.00128793731154758	0.0149613794558656
PF01187.21	0.0242859633103004	-0.00403234686268251	-0.00170849716592127
PF16467.8	-0.0113224861197998	-0.0036157626492264	0.00805025611898596
PF13524.9	0.0238480049496749	0.00512550620743736	-0.00404551545802237
PF01583.23	0.0289384545995314	0.012643772233672	-0.00758866835402598
PF03646.18	0.0281455412262516	0.0056402507846604	0.000865881058050413
PF02623.18	0.0223553037543327	0.0164509607506002	0.00156488053030299
PF02900.21	-0.0182674485588175	-0.00463824294894006	0.0177999930824764
PF01871.20	-0.016303226130839	-0.00462919120262824	0.0154161213811872
PF19642.2	0.0239852464591685	-0.00776981733649903	0.00263012419580905
PF13463.9	0.0114633091256326	0.008145886133701	0.00815487734120335
PF08013.14	0.00381055107102853	-0.00729058099641368	0.00331766796911506
PF11913.11	0.00351412973431997	0.00955160557645153	0.00443391708011538
PF19677.2	-0.00610584887999712	0.0123349402524525	0.0133638727972126
PF19848.2	0.0176885305340945	0.00114779043666694	0.00476652309500934
PF13271.9	-0.00122389663467003	-0.00111533463647367	0.0100692204610313
PF14286.9	-0.0207431163176798	0.00826507476665977	0.0168891132649072
PF14270.9	-0.012217243706105	-0.00769153408565595	0.0251293955782961
PF14343.9	0.0236276310242788	-0.00282182561595542	0.00704341988390833
PF09527.13	0.0281726209689572	-0.00525497898441254	-0.00742843927289577
PF05960.14	-0.0204533828280068	-0.000442377940066791	0.00999975827338126
PF04072.17	0.030011811614936	-0.00566337053718763	-0.00248566366728653
PF12637.10	0.0238642444999904	-0.0059612501323425	-0.00359823256744353
PF14871.9	-0.0170479567501238	-0.00184224012214774	0.0097764304186977
PF16962.8	-0.0121888541800269	0.000151978152471295	0.00764697532929464
PF12681.10	-0.0273945341254264	0.00112883572022005	0.0187537438118406
PF17932.4	0.00272104154269221	-0.0152959446856662	0.0134107623455691
PF09365.13	-0.000268801608397828	0.0182831463307315	0.0101152252887855
PF04066.16	0.0231101203239507	0.010316276707607	0.00115642982561186
PF03334.17	0.0270830601094652	0.00340809837502614	0.00158247321932997
PF13244.9	0.0287758846308304	0.0315816430618213	-0.00447307825657794
PF00420.27	0.0247055342174205	-0.00114590738893343	-1.43014315691288e-05
PF01937.22	0.00142240668107527	-0.00760596793551843	0.00850978643110579
PF11449.11	0.00360590827899003	0.00396180086204501	0.00306386326837806
PF05899.15	-0.0138586156964218	0.000233634237330892	0.00690122787833328
PF10704.12	0.0409884231489811	0.00804149306850095	-0.012179318343909
PF07441.14	0.0412104255609203	-0.0135451777882991	-0.00865472741028563
PF16982.8	0.0107805399592172	0.0165584441451993	0.000201112993655086
PF09115.13	-0.000587127078222394	-0.00904918089831659	0.0117359527587899
PF13657.9	0.0264399801181179	-0.000240783711433709	0.00396804078470057
PF08797.14	-0.00172741789671699	0.0179913468155544	0.00460998727736759
PF18019.4	-0.0286329150997851	-0.00544630687893229	0.0173325808191258
PF12889.10	0.00610040453175435	-0.011258266497146	0.00486875417640696
PF04985.17	0.0347920098026228	-0.0146690431561064	-0.00587746060649937
PF20462.1	0.0162184507637177	-0.0149856407273644	0.00320510162808714
PF10662.12	0.016842945154713	0.0138331436197658	0.00400774500918388
PF02028.20	-0.018048845579975	-0.000578878591430943	0.0136408558923301
PF00188.29	-0.00249105282104093	0.0146627371960238	-0.0348816135590368
PF12450.11	-0.0101715833476529	0.00199162156785216	0.00331100131184571
PF12034.11	-0.0101715833476529	0.00199162156785216	0.00331100131184571
PF03928.17	0.0199297609053457	-0.0174750481489742	0.0100308386775167
PF02683.18	0.00331209520722201	0.0203977150182767	-0.000619884648316919
PF18937.3	0.000478352772379751	0.0178987924748921	0.00901652084885536
PF03319.16	0.0361497245704635	-0.00157333316159132	-0.00321458364820436
PF12810.10	-0.00335659569767532	0.0166419036151615	-0.0251579068166783
PF16197.8	-0.038736731083459	0.0192220676366809	0.00629449066047129
PF14765.9	-0.038736731083459	0.0192220676366809	0.00629449066047129
PF08659.13	-0.038736731083459	0.0192220676366809	0.00629449066047129
PF08660.14	0.0206727457554159	-0.0134312144207177	0.00357514161318485
PF10086.12	-0.000574918109472366	0.0147930755188251	0.0132213024270426
PF02572.18	0.0270983504666613	0.0124930909280704	-0.000375972292908188
PF02829.17	0.0122952919301564	0.00980492657872324	0.011948410173033
PF01371.22	0.0285702216915924	0.00794906523807681	-0.00175558931682591
PF18917.3	0.0273604298052134	0.00785003457682044	-0.00524822703942505
PF11583.11	0.0236761379616801	-0.0159590869179903	0.00175599389619135
PF14196.9	0.00707682213444837	0.00294834496108726	0.0100648533068166
PF03417.19	0.0248635323071932	0.000245352834836563	-0.00181074420400062
PF18029.4	0.014533433389737	-0.0134905191886634	0.00406784853570023
PF04463.15	0.00891514009092415	0.0208889243957556	0.000912554548814101
PF13530.9	-0.00157510710678816	0.011146055989172	0.00946364068785703
PF02049.21	0.0282960806942839	0.0220913784267864	-0.00356843709654537
PF02050.19	0.0162890507194315	0.0178077974739536	0.00903687585489971
PF06289.14	0.00810667893944785	0.0134620385499771	0.000650495254562427
PF03748.17	0.0255428437270734	0.00828876016369209	-0.00447420425977223
PF12945.10	0.017087113507072	0.022779296919355	-0.00312281890149416
PF19502.2	0.0214098551731604	-0.00893760370356629	0.00212529711711516
PF06686.14	0.0179971741974722	0.0206987046747932	-0.00512823807045767
PF09546.13	-0.0141450848360029	0.0311833839989116	0.0162919487041449
PF02609.19	0.0114759609802103	0.0438511478947631	-0.00244400368915987
PF04025.15	0.0370802191161038	0.00331835651449064	-0.00983123168739566
PF01944.20	0.0208841035932524	0.00733495947937462	0.00280170805790217
PF13710.9	-0.000320678094249299	0.0052886233429544	0.0159661166895056
PF13374.9	0.00775467133704085	-0.0054606554487129	0.0102858317098196
PF05164.16	0.0197260938427971	-0.00127273691796314	0.00875839264755513
PF09579.13	0.0192123506902461	0.000427565970599515	0.00666388743003787
PF17132.7	0.0035065323621964	0.0129016746006212	0.00362397251286403
PF16586.8	0.0178594269477195	0.00889925782077082	-0.00544569425647872
PF13204.9	0.0212408329251667	0.0120976072303952	-0.00236876876326822
PF18310.4	0.0176402041162994	0.00911103373187931	-0.00519506009216137
PF18978.3	0.00248400813520441	0.0272976252434818	0.00480094782708887
PF19595.2	-0.00341229790485216	0.00504015946955944	0.0138164075256322
PF18954.3	0.0172818326121949	0.0104523034017767	-0.00487667941589718
PF09588.13	0.00585132638355187	0.00412272156066487	0.0130101500916355
PF06067.14	0.00959790645795454	0.00602249639613044	0.0121484574353933
PF02834.19	-0.00498762969136139	-0.00181203382867078	0.00550232754898101
PF11775.11	0.019001847996759	0.00804962278585826	0.00536942643716884
PF11672.11	0.0293946022639534	0.00776934040840967	-0.00377040245566039
PF08481.13	0.0220736283585726	-0.00336701167397237	-0.00923480554384808
PF03616.17	0.00768880571344568	-0.00165655705207769	0.00418450266633813
PF05651.16	-0.00337578674031507	0.0216009275021405	0.00616343131783136
PF10916.11	-0.00247045862704027	0.000689681840025784	0.00945629977226574
PF11941.11	0.027446766768458	0.00433351617590662	-0.000656209942055182
PF12399.11	0.00597297474318391	0.00416807255752719	0.0156597393929158
PF18948.3	-0.00407456729674482	0.00732684998940312	0.00745138171170697
PF06631.14	-0.00186898737732113	-0.00135418247392435	0.00855493298900614
PF15432.9	-0.00241831929457538	0.000749881493600526	0.00805652676446381
PF16929.8	-0.000690239648937281	0.00618397831650907	0.00543693676114595
PF07247.15	0.0115361244999932	0.0103890889425552	0.00271217402448071
PF13575.9	0.0212643075510038	0.00162296555018816	0.00321254376720544
PF05147.16	0.0192997650899677	0.00470281227888344	0.00330088499377902
PF13023.9	-0.00905191707283706	0.0313188209489038	0.00847972113419693
PF05036.16	-0.000360719642506858	0.0133622191219823	0.00490612082170688
PF08442.13	0.00283393387080937	0.00705369549520591	0.00283599912360373
PF01973.21	0.00181162577805542	0.000841524651007549	0.00397511530794323
PF04488.18	0.00361460998456627	0.0149207401304257	0.0048649139652901
PF19842.2	-0.00540646877309689	0.0115174665456977	0.00809094264652179
PF09369.13	-0.00798697766747646	0.01084774701595	0.0090560324470138
PF16161.8	0.00435190434801877	0.0304897494398363	-0.00150853332246719
PF08707.14	0.0134221446244364	-0.00718142053704138	0.00210589161999381
PF06695.14	0.016492896636379	0.0109941340042411	0.000650065097175326
PF07905.14	0.0156687176713407	-0.0059064097633793	0.00675126535645273
PF19539.2	0.013587445431638	-0.00213834192964411	0.000550263749608111
PF01637.21	0.0228285641728515	0.0231472500839233	-0.00447176762984423
PF03008.17	0.0228285641728515	0.0231472500839233	-0.00447176762984423
PF05684.15	0.00985741133210071	0.0111900698744233	0.00461459625905146
PF09551.13	0.0270335513708058	0.0166022465558154	-0.00194083402021581
PF00923.22	0.023557522736791	0.0397528231738592	-0.00185289548043895
PF13026.9	-0.00159926829510722	0.0245490783497984	0.00722284869696266
PF10881.11	0.0110435474790818	-0.00396380172729693	0.0029807781717564
PF02662.19	0.0117593934242813	0.0176049240038447	-0.000922689832654653
PF04422.16	0.00933405310955934	0.0129317052329052	0.00851416392603996
PF04432.16	0.00933405310955934	0.0129317052329052	0.00851416392603996
PF07385.15	0.00387418106082422	0.0200457229967592	0.00815550678230741
PF14257.9	0.00335809141981928	0.0146700129902513	0.0089891026732331
PF07005.14	0.00568315386110506	0.0232986944072493	0.0063388191198865
PF17042.8	0.00568315386110506	0.0232986944072493	0.0063388191198865
PF05853.15	0.0224554564843821	0.0144505683504844	-0.00423023117125123
PF09960.12	0.00984820744938189	-0.00139041704532428	0.00267965730894011
PF11997.11	0.00350448051980536	-0.00135061214474278	0.0041210741423762
PF16933.8	0.0158818992146353	-0.00277634598138277	0.000376752379005942
PF16173.8	0.00121479112626886	0.00418795818597259	0.00854976605745369
PF16116.8	0.00121479112626886	0.00418795818597259	0.00854976605745369
PF01206.20	0.0136801131408944	0.0267798865691692	-0.00148350419819743
PF18082.4	0.00279737197646422	-0.00138282314796433	0.00921087278720836
PF18164.4	0.00279737197646422	-0.00138282314796433	0.00921087278720836
PF07751.14	0.0182007578784175	0.0121407509137325	4.95730044113016e-05
PF20369.1	0.00660620201596007	0.0197515358862498	0.00784826107206101
PF13958.9	0.0180737626472256	0.0110256241322649	0.00388307031537533
PF01391.21	0.0191682986069675	-0.0212234071656598	0.00404923855287953
PF07287.14	0.00762453410998122	-0.00183025534335496	0.014892914884481
PF10088.12	0.0025154233938793	-0.00232358277304158	0.00924714791600112
PF12904.10	-0.00112663027696395	0.00215287841088605	0.00879541684692019
PF00481.24	0.00622300376184723	0.0170000429631386	0.000223433933925507
PF01887.19	-0.00163537860812778	0.0180020322288775	0.00314454719659717
PF20257.1	-0.00163537860812778	0.0180020322288775	0.00314454719659717
PF16757.8	0.00603889958450358	0.00938239678937849	0.000992094858942813
PF02001.19	0.000376573355353632	0.0219042466647677	0.00255303919084012
PF02579.20	-0.000836975341391358	0.0383556545520589	0.00190787483914519
PF19854.2	-0.000421951499671071	-0.000618857570319482	-0.0252186594125717
PF14024.9	0.011391475267121	-0.00738558162288749	-0.00884245507769654
PF16152.8	0.00327673063443297	-0.0020743800030706	0.00745470893781069
PF04309.15	0.0124989178430109	-0.00562701532953594	-0.000168050056131906
PF00462.27	0.0238213047703592	0.0105815590235985	-0.00463372682110536
PF03704.20	0.000113091052238616	0.00550550208603671	0.00838095706431418
PF14399.9	0.0184637766970455	0.0173959542662785	-0.00444179138222067
PF02074.18	-0.00765398769937691	0.0335390190814105	0.00771643354763458
PF09826.12	-0.000743684542424842	0.0182141329362749	0.0114275767650028
PF07314.14	-0.00162983834151501	-0.00345000916291084	0.010117688353553
PF11299.11	-0.00192155079618593	0.018090862946528	0.00505100710471491
PF02586.17	0.023710918348046	0.00338706132234537	0.00214724865592915
PF04256.15	0.0227944604537427	0.00556519815567313	0.00103881771337936
PF20074.2	0.0137656548298561	0.0222428365725459	0.000407741901995425
PF20560.1	0.0050064730612576	-0.000917822347174732	0.000195369038073463
PF10719.12	-0.00384660053441888	0.0359267453210244	0.00678080590042079
PF07196.16	0.00633091512231088	-0.00137680151865105	0.00453733298795408
PF13380.9	0.00403172139930689	0.000208128941999804	0.00142956920124965
PF13607.9	0.00403172139930689	0.000208128941999804	0.00142956920124965
PF13549.9	0.00403172139930689	0.000208128941999804	0.00142956920124965
PF03682.16	0.0127883946200801	-0.00371632520075854	0.000529880979874758
PF09932.12	-0.00396415605104386	0.0155162428697716	0.00440775564125464
PF13250.9	-0.00196278213074373	0.00349762280495421	0.00942012172665709
PF10544.12	0.013415716528009	0.00643608333376917	0.00590094359433628
PF06199.14	0.00853787401145767	-0.00519435887180015	0.0120221829803161
PF18316.4	0.011216052521702	-0.00504341625673581	0.00660362004528974
PF06152.14	0.00660042734298919	0.0208024529707469	-0.00414650683888351
PF19645.2	0.0157838795056311	-0.00426979520011693	0.000688552493179435
PF12961.10	0.00898837940015536	0.0105547450134973	0.00882828659694461
PF11167.11	0.000796055324922155	-0.00196659348364007	0.00463169587820064
PF11230.11	0.00447731789258857	0.0038921219490837	0.00247759557208844
PF16980.8	0.00375258424209738	0.0102401867881806	0.00695850162647905
PF03328.17	0.000852588955128681	-0.00337308880608059	0.00657172533840269
PF02423.18	0.0121374833845299	-0.00181181981132598	0.00354956943119268
PF18431.4	0.0115966645863053	0.0257115273542399	-0.00450160743721311
PF12664.10	-0.00652916201607603	-0.00353016845229799	0.0102388725006044
PF18145.4	0.0150867357925422	0.00942696768524039	-0.00462221243091055
PF03070.19	0.0217118081498626	0.00344612567080801	0.00757779464791021
PF01934.20	0.0258556024452919	-0.011086049069882	0.000408510119937115
PF13176.9	0.0145047862449155	-0.00408915514957484	0.00366983677724733
PF02026.19	0.0130043331258509	-0.00812473206945472	0.00210713633197055
PF07799.15	-0.000905737867859119	-0.000823399149094048	0.00414601473248188
PF13027.9	0.00981965626644933	-0.00418163187198901	-0.00140901638707519
PF03990.17	0.000346732588150062	0.023569722041855	-0.00271474855797416
PF18887.3	0.00175201828713204	0.0404091730588126	-0.03716542271318
PF01575.22	-0.000410650386039721	0.0212053648838177	0.00121629233695167
PF17728.4	0.00495403224687976	-0.00261402365897166	0.00953201001854934
PF06616.14	0.00495403224687976	-0.00261402365897166	0.00953201001854934
PF08242.15	0.000128456174550763	0.00017296611999896	-0.000889413084640634
PF10825.11	-0.00648843168735028	0.0364032461012327	0.00796781275706504
PF10131.12	0.00310422775179811	-0.000132316416811085	-0.00133475768942045
PF06048.14	0.00866522447297979	0.00546068799411424	0.00459493736816597
PF18662.4	0.00866522447297979	0.00546068799411424	0.00459493736816597
PF19540.2	0.00988216591209469	-0.0154881164500891	0.0128393932566242
PF03190.18	0.0058832202650787	0.00589238521465778	-0.00136056279231298
PF12646.10	-0.00400917638576485	0.0225678647512551	0.00296034445090999
PF05448.15	0.0212864756619498	-0.0116229452979606	0.0051222251678756
PF11369.11	-0.010223378662616	0.0146063248665721	0.0109185695490677
PF00544.22	0.0127989761508574	-0.0427884990325692	-0.0111904621028775
PF12408.11	-0.00661185576448513	0.0124172789435741	0.0117416271484466
PF13420.10	-0.0012631732380334	0.0166093431125896	0.0091502024663712
PF14464.9	-0.000922967717361038	0.0260671006475898	0.00291788140075198
PF18144.4	-0.00267278294889165	0.00734513276759969	0.00625266186217524
PF12799.10	0.00390060061408123	0.00328934989867287	0.000418479744996022
PF12760.10	0.00776734764920735	0.00336203385329876	0.00419238809001442
PF10844.11	-0.00568769430391773	0.0290497458406565	0.00418039124750526
PF13651.9	-0.00909277413518523	0.000280332782046141	0.0110848561700705
PF18283.4	-0.00282689447953378	-0.0107036169550621	0.00406420930319366
PF18974.3	-0.0045654654690628	0.0142360192479448	0.0040355538546838
PF06995.14	0.0192748987789146	0.0115855564660254	0.00412922857092415
PF14200.9	0.0168693214373938	-0.0305215935628491	-0.0141934694373126
PF13218.9	-0.00404331186266229	0.0359839777615821	0.000940306933597941
PF10077.12	-0.00404331186266229	0.0359839777615821	0.000940306933597941
PF10022.12	-0.00803023444045787	0.0116058295332381	0.00795114585848316
PF00932.22	-0.00301155141472479	0.0104170282802129	0.00258062548379171
PF14307.9	0.00993337234458183	0.0185135850928503	-0.00382714013261256
PF16994.8	-0.00216805542623441	0.0258107784894147	-0.000272353339799326
PF19501.2	-0.0093940554914614	0.00839279711135301	0.00998393228985651
PF05226.14	-0.00404925924106417	0.00721865579929521	0.00425927976527254
PF00211.23	-0.00404925924106417	0.00721865579929521	0.00425927976527254
PF04773.16	-0.0034467404735503	0.0111652101323535	0.00266179780471206
PF13540.9	-0.00344449916169731	0.0127172866688771	0.00471322979689361
PF08958.13	-0.00181952202252119	0.0211098150817567	0.0001056603424136
PF13403.9	-0.00289939431928014	0.0151724851511487	0.005203120048991
PF03160.17	-0.00337302813851928	-0.00513517391151336	0.0036609770419997
PF02634.18	0.000866174380458819	0.0427898586128398	-0.00151837278496796
PF03453.20	0.0198539724826703	0.034826346823743	-0.00835863234308046
PF03454.18	0.0198539724826703	0.034826346823743	-0.00835863234308046
PF03205.17	0.0038994112971444	0.0270042457229575	-0.00170808303889641
PF05057.17	0.0078580343490367	-0.00566725632285282	-0.00571633768591322
PF17957.4	-0.00616881493358034	0.00332857060691266	0.00677388264232237
PF02613.18	0.0100689710896556	0.0260441088598201	-0.00463720881565588
PF12029.11	0.00679660396109222	0.0246845871359049	-0.00240108341158979
PF12358.11	0.00380612101263218	0.0163120062785658	0.00433276666462719
PF18740.4	0.0119379160768879	0.0196800127463531	-0.0028715854524293
PF19124.3	-0.0017996718528534	0.046065511892346	-0.00226541792662785
PF00553.22	0.0106732485389489	0.0185670641692059	-0.00593385036237677
PF12800.10	0.0141637282649736	0.015888206058987	-0.00405752871238774
PF04976.15	0.0050567301349022	0.0420329851440941	-0.00466371056728441
PF00174.22	0.00390436744474396	0.0217560975175595	0.00133587062557324
PF12051.11	0.00433588721044697	0.0239803772877131	0.00117456546788982
PF13514.9	0.00719635485359465	0.00281610308389173	0.00845675161808921
PF03069.18	-0.00261603716806053	0.0163377883703201	0.00190524559637795
PF11845.11	0.0107724261424267	0.0075455736105215	-0.00121954479634496
PF09972.12	0.00246898231323341	0.0232597681945075	0.000236884513029211
PF17210.6	0.0212306458510611	-0.0243820625836067	-0.00580478715769002
PF12798.10	0.00262254090196486	0.00896107992310657	-0.000314032177519757
PF16327.8	-0.00177319255990163	0.0259914191566702	0.000505354850768921
PF06032.15	0.0119670422057616	0.0232991130240441	-0.0045751025563352
PF09903.12	-0.00310732248325316	0.0341355282213976	0.00648555411912492
PF19304.2	0.0115898828186075	0.026036439710293	-0.00620048557515048
PF18819.4	0.00117541481417763	0.0285953174042167	-0.00138208211922296
PF05738.16	0.000209289739125642	0.0239922831826024	-0.00132809487831488
PF14018.9	-0.000261126181804468	0.00962167119656894	0.0029235368983019
PF16640.8	0.0129515771095438	-0.00847189275372437	0.00995455069546015
PF00545.23	0.0263625577180604	-0.00444281578331946	-0.00597217088011369
PF19278.2	-0.00252087880677926	-0.000977676991004046	0.00941905877282134
PF13248.9	0.00401275202557922	0.0122581900502459	0.00120104628202337
PF14903.9	0.020391131887794	-0.00739248459874256	-0.00397316419634823
PF10442.12	0.0178988488108907	0.00463085966962794	0.00249417467174918
PF07331.14	0.0203579002178016	0.00530218772558322	0.000773787419432364
PF20464.1	0.0222146893049061	0.00714777306949503	0.00114735667333813
PF12963.10	0.0128083155355746	0.00279468740767447	0.00788079022988742
PF00135.31	0.00133351544087392	0.0195604642405291	-0.000690639943581141
PF10091.12	0.0191373118060492	0.0152727185342977	0.0102172912506382
PF13200.9	0.00511191127936166	0.0056412426374915	0.00145916254913521
PF17209.6	0.000655285842268406	0.0174182927766692	0.0036342591548866
PF14890.9	0.0161772649447282	-0.00646607360759101	0.0124501464005075
PF18573.4	0.00338131194596195	0.000822495416685094	0.00471564835016527
PF08840.14	0.0160162110790581	0.0194668248648617	0.00122422606248925
PF03972.17	9.24200602522884e-05	0.00416411111404023	-0.000840291301535411
PF19305.2	9.24200602522884e-05	0.00416411111404023	-0.000840291301535411
PF14344.9	0.00407431756439662	0.00218077840384868	0.000986816314667589
PF14014.9	0.00343954118420395	0.0132582978131273	0.00160420565833731
PF08928.13	0.00730525465771096	0.0130127011661653	-0.0010958649180587
PF16107.8	0.00230000824715117	0.0369096245883175	-0.00199308762971917
PF20075.2	0.00734702018782344	-0.00790287222457009	0.00633131806689305
PF20465.1	0.0219393682190324	0.00715006181771356	0.00148906976445799
PF20473.1	0.0190963107106771	0.00850017895838177	0.0076510587693385
PF20466.1	0.0193171316793775	0.0118844490711594	0.00715982558067973
PF20467.1	0.0193171316793775	0.0118844490711594	0.00715982558067973
PF04620.15	0.00865827570999175	-0.00387880036300494	0.00219291698921994
PF13627.9	0.00948540192996192	4.99344831398638e-05	0.00381864173701893
PF04525.15	-0.00084435969512502	-0.00212058510807611	0.0056107442029028
PF05145.15	-0.00117716157549037	0.00819626418800438	0.000988355954990981
PF09684.13	0.032011613471326	0.0161739880333329	-0.004555091556242
PF13644.9	0.0111648556122436	-0.00146394598333201	-0.00916709144327486
PF18481.4	0.0223222326802158	0.00552852801925971	0.00165465754544251
PF17963.4	0.017675125963561	0.0240944260453617	-0.00252402642068482
PF19407.2	0.0158895179967227	-0.016253090464996	-0.000125887406582282
PF04143.17	0.0180645879795502	0.0161245002991575	-0.00755196284281128
PF18705.4	0.00691547958668256	0.00545673554370109	0.000375281693630239
PF03576.17	0.00666534492052466	0.00442099974453192	0.00209674902985255
PF20124.2	0.0012814862739794	-0.00188127233220255	0.00102011877325936
PF03457.17	0.0110045118116919	-0.00113004469770923	-0.0106167136601241
PF12762.10	0.0204989229561802	-0.00524693120138809	0.00689492033676413
PF17668.4	0.0260027319352319	0.0105514431638374	-0.00233919491153775
PF03630.17	0.00705636352325682	0.0118551611666917	-0.00133856334364476
PF05658.17	-0.0002050205553833	-0.000108600553615781	-0.000241887734620063
PF16169.8	0.0170062556965171	0.0130006773330666	-0.00580148118521881
PF14249.9	0.020177494052957	-0.00694659389340777	0.00463359439575679
PF13552.9	0.0198145090586537	0.00193238011543127	-0.00495520495982206
PF02667.17	0.0311989541743488	0.0243916536220053	-0.0109717632027786
PF16554.8	0.0229937764007658	0.0160041816327626	-0.00887168374853772
PF09043.14	0.0107947199460122	0.0209170805094716	0.00644615329681136
PF12544.11	0.0150805952218152	0.0140222328591036	-0.00246214728322823
PF13517.9	0.0113413524021605	0.0125559632949871	-0.00150094075607406
PF14246.9	-0.00917179388025856	0.0373869697885696	0.00748818147828556
PF12965.10	0.0071766995566035	-0.00693363847666368	0.00381001118404434
PF14528.9	0.0221306187038993	-0.00136023696218142	0.00616590856481378
PF05728.15	0.021275716271825	0.0103022728761835	0.00589462737359676
PF04723.17	0.00226768349935936	0.0140796243053616	0.00678060866552611
PF19364.2	0.00697626723490502	0.0065881047801704	0.0105436477490779
PF19062.3	0.0207977389040412	0.0114858005070921	-0.00205684093350333
PF16481.8	0.0229297574737297	-0.00587424455218771	-0.00440957262279388
PF01208.20	0.0132922632787139	-0.00565401886100154	0.000128397400874334
PF00931.25	0.0149212556246439	-3.57712620302913e-05	-0.000347404447240005
PF01633.23	0.00636424703997343	0.0275813617016751	0.00123103902220793
PF19587.2	0.0344509215387606	-0.0112048885681813	-0.00808218072436739
PF19085.3	0.0258010086390467	0.0105316811609778	-0.00680734591277901
PF08901.14	0.00994940044770689	0.0256443754834038	-0.00265682787885542
PF18991.3	0.0105761129613502	-0.0049495174018974	0.000352634537423809
PF06166.15	0.00119932659564867	0.00688201378348847	0.00147887323438212
PF19290.2	-0.000996335029204277	0.0195075472094092	0.00305402444968501
PF19289.2	0.0170390330855872	0.0179464155146786	-0.00389333864784381
PF12832.10	0.00862432484749016	0.00220123126792447	0.00459820487140388
PF05544.14	0.0150171817032984	0.0135227301390588	0.0022795143049639
PF02126.21	-0.00128204793100457	-0.00344302711864922	0.00288569882033972
PF14460.9	0.0156839629567447	-0.0111958965309205	0.000817750759496554
PF09711.13	0.00422538416178159	0.00984134077958149	0.00257326449622716
PF16593.8	0.000763367751973133	0.00466024505911886	0.00149915825886375
PF16592.8	0.0124708996656	0.00339759901935111	-0.00240302377642855
PF16595.8	0.0124708996656	0.00339759901935111	-0.00240302377642855
PF17128.7	0.00607454288086368	0.0181097431721646	0.00367273470810622
PF09471.13	0.00361409069801166	-0.00189993606137455	-0.00188237619998378
PF00644.23	-0.0105340138149638	0.00995121939816745	0.0113194325231583
PF17032.8	0.0117995838605192	-0.00472448318027074	0.000402543837344778
PF20453.1	0.0211558879169267	-0.00917412086843356	-0.000309801125186853
PF12952.10	-0.00403722347183772	0.000143281434169473	0.00457007153922724
PF12215.11	-0.00283677011210125	0.010671927383024	0.00176916855353751
PF04685.16	-0.00283677011210125	0.010671927383024	0.00176916855353751
PF16138.8	-0.0039707049457297	0.0266214781374604	0.00235403836309396
PF09837.12	-0.00346386897080879	0.0174086541612901	0.0025813276175664
PF12345.11	-0.004218494325612	0.0337036705499915	0.00240517466525734
PF13516.9	-0.00551336100036058	0.00269080615425529	0.00604628167219909
PF08942.13	-0.00465125487309277	0.0208252886007084	0.00342654715096425
PF05345.15	0.000128456174550763	0.00017296611999896	-0.000889413084640634
PF02987.19	-0.000232649367508413	0.00813675610267733	-0.000583255558345269
PF03899.18	-0.00163243162273008	0.00294116412271203	0.00153381160205827
PF02055.19	-0.000322891911758644	0.00578032153960132	-0.000298010844304193
PF17189.7	-0.000322891911758644	0.00578032153960132	-0.000298010844304193
PF02366.21	-0.000725234462926241	0.02423695163829	-0.001143496805386
PF16192.8	-0.000725234462926241	0.02423695163829	-0.001143496805386
PF16219.8	0.0195850676216582	0.0100037945124642	0.00143255297979746
PF00847.23	-0.0035728437600985	0.031379476884626	0.00741740233288025
PF13392.9	-0.00443450863935223	0.0184261815323609	0.00467770974884015
PF13602.9	0.0105219864424526	0.01966588862205	-0.00408715052823969
PF00450.25	0.0101123153878788	0.0252608863449164	-0.00116564793864348
PF04916.16	0.00562861195662116	0.0151483021692041	8.84378120924511e-05
PF03599.19	0.024789311929201	-0.00505030307975818	-0.00800157959052857
PF10065.12	-0.000910781255052776	0.00742992915409501	6.64923646535257e-05
PF00565.20	-0.00392652568190338	0.0172363941372295	0.00286070096612731
PF08212.15	-0.00198771662846501	0.03407955425926	-0.00113525193355749
PF01861.19	0.0274353351176596	-0.00672710067120701	-0.00656641506116741
PF01963.20	0.0382576813985075	0.0122523471841271	-0.0139985601707266
PF11300.11	0.00349330462723508	-0.00371579709912654	0.00655033242086807
PF13726.9	0.00157423157142052	-0.00430749391489306	0.00346851456169964
PF13780.9	0.00981165182477279	0.0293037064385316	0.00217965304928143
PF12513.11	0.0109118042276786	0.0252633719438818	0.00715144916706963
PF13111.9	0.0370928927184292	0.00236793053284549	-0.00885030132728349
PF18157.4	0.0370928927184292	0.00236793053284549	-0.00885030132728349
PF13032.9	0.0370928927184292	0.00236793053284549	-0.00885030132728349
PF18155.4	0.00874939533345521	-0.00618530857146412	0.0069780734608201
PF18154.4	0.0433231487055572	-0.010790157837054	-0.00892532182739723
PF12083.11	0.0196790458893145	0.0175573505295781	0.00377896442769073
PF20289.1	0.0124254967048324	-0.00613994279561205	-0.000858764862306559
PF12282.11	0.00283773413635792	0.0107973250074262	0.000438651388783812
PF07568.15	0.00283773413635792	0.0107973250074262	0.000438651388783812
PF09419.13	-0.004861114601266	0.0201042836083293	0.00403753553608678
PF01758.19	0.00215523990003945	0.0096313259078339	-0.000947089049581178
PF18674.4	0.00725527863079516	-0.00234299467120427	-0.00141517302203524
PF00274.22	0.00679293815286661	-0.000482573319287169	0.00184351826439742
PF14827.9	0.00673660172127757	-0.00449417829924655	0.00124077929122965
PF11858.11	0.00167751269556763	0.0181651228630932	8.24236007491448e-05
PF19087.3	0.00574814628797071	0.00161127955513223	-0.00044516591617722
PF03740.16	-0.000174197289211762	0.0129938152101373	-0.00140795288914083
PF14522.9	4.56073404810034e-06	0.0141574008237151	-0.00176715822479917
PF11821.11	-0.00185639018795175	0.0231722888149544	-9.59446075899123e-06
PF13632.9	0.00555740842033503	0.00667386012169529	-0.00230410861323007
PF04107.16	-0.00620849791341562	0.0130944428130975	0.00601161677866652
PF03423.16	-0.000449100286942716	0.0300920576637276	-0.00250633674447436
PF19516.2	-0.00171191534737604	0.0302099603421407	-0.000632730412360963
PF16073.8	-0.00160829603350159	0.0291976485157719	-0.000678853050394355
PF08354.13	-0.00160829603350159	0.0291976485157719	-0.000678853050394355
PF18094.4	-0.00160829603350159	0.0291976485157719	-0.000678853050394355
PF13386.9	0.000561453073760373	0.0216425243289633	-0.00289590370556581
PF07679.19	0.0220311754420464	0.0144403683220453	-0.00539702304728532
PF13734.9	-0.00113948126449695	0.0049400728114653	0.00102729358056611
PF01640.20	-0.00113948126449695	0.0049400728114653	0.00102729358056611
PF14581.9	-0.00480804246960016	0.000663326380934402	0.00641301870426203
PF01523.19	-0.00746911570975623	0.0252338845241073	0.00633214283268158
PF18936.3	-0.00557045255237772	0.0154184782023288	0.00517882667356038
PF13648.9	-0.00433132203721973	-0.00019556608331602	0.0049840062054549
PF10882.11	-0.00529297989880706	0.0116490458096893	0.00494142083552199
PF17999.4	-0.00560013879652001	0.0159656858241754	0.0066386634599821
PF14502.9	0.00181016551445649	0.000741562725336359	-0.000488838078047186
PF14503.9	0.00181016551445649	0.000741562725336359	-0.000488838078047186
PF10797.12	0.00281878129079718	0.0313706363450983	-0.00224180882962699
PF20310.1	-0.00367469102590835	0.00513346468897036	0.00427672180298768
PF11074.11	0.00095056060514011	0.0168841822566284	-0.00279260320056166
PF14863.9	-0.000559571801312881	0.0128335715609976	0.000337754364296636
PF14505.9	-0.000178672711110649	0.0408829623745595	-0.00302638016811385
PF01323.23	0.000359074483272969	-0.000720167483581197	0.00464639415553816
