row.ID,Blank_4.mzML Peak area,Blank_8.mzML Peak area,Blank_13.mzML Peak area,Blank_24.mzML Peak area,Blank_1.mzML Peak area,DCA_aminoacids.mzML Peak area,Blank_2.mzML Peak area,TDCA_std.mzML Peak area,P1_C5_Lut.11L.mzML Peak area,Blank_14.mzML Peak area,P1_G12_Plate_blank7.mzML Peak area,CA_aminoacids.mzML Peak area,P1_A5_Lut.2R.mzML Peak area,P1_G8_Dut.14L.mzML Peak area,Blank_10.mzML Peak area,Blank_pre.mzML Peak area,P1_A8_Lut.3B.mzML Peak area,P1_G10_Dut.14B.mzML Peak area,P1_G6_Dut.13L.mzML Peak area,P1_E4_Dut.3B.mzML Peak area,P1_F4_Dut.8L.mzML Peak area,Blank_32.mzML Peak area,P1_F2_Dut.7L.mzML Peak area,P1_A7_Lut.3N.mzML Peak area,TLCA_std.mzML Peak area,Blank_31.mzML Peak area,Blank_15.mzML Peak area,P1_B6_Lut.7L.mzML Peak area,Blank_18.mzML Peak area,CDCA_std.mzML Peak area,GDCA_std.mzML Peak area,P1_C4_Lut.10R.mzML Peak area,P1_H12_Plate_blank8.mzML Peak area,P1_D3_Lut.14B.mzML Peak area,P1_F9_Dut.10N.mzML Peak area,P1_B8_Lut.8L.mzML Peak area,GCDCA_std.mzML Peak area,P1_F5_Dut.8B.mzML Peak area,TCA_std.mzML Peak area,P1_F7_Dut.9L.mzML Peak area,Blank_17.mzML Peak area,Testmix_2.mzML Peak area,Blank_30.mzML Peak area,P1_A3_Lut.1B.mzML Peak area,GLCA_std.mzML Peak area,GCA_std.mzML Peak area,P1_D10_Dut.1B.mzML Peak area,Testmix_3.mzML Peak area,Blank_19.mzML Peak area,P1_D4_Lut.15N.mzML Peak area,Blank_21.mzML Peak area,Blank_6.mzML Peak area,P1_F11_Dut.10R.mzML Peak area,Blank_11.mzML Peak area,Blank_22.mzML Peak area,P1_G2_Dut.11B.mzML Peak area,P1_D1_Lut.14L.mzML Peak area,P1_A12_Plate_blank1.mzML Peak area,Blank_23.mzML Peak area,P1_E3_Dut.3N.mzML Peak area,Blank_5.mzML Peak area,P1_B12_Plate_blank2.mzML Peak area,P1_H3_Dut.16R.mzML Peak area,P1_E8_Dut.5L.mzML Peak area,P1_F12_Plate_blank6.mzML Peak area,Blank_7.mzML Peak area,P1_E6_Dut.4B.mzML Peak area,P1_B10_Lut.9N.mzML Peak area,P1_C2_Lut.10N.mzML Peak area,P1_D8_Dut.1N.mzML Peak area,P1_E2_Dut.2B.mzML Peak area,P1_C12_Plate_blank3.mzML Peak area,Testmix_4.mzML Peak area,GUDCA_std.mzML Peak area,Blank_16.mzML Peak area,P1_B5_Lut.6B.mzML Peak area,Testmix_1.mzML Peak area,P1_E7_Dut.5N.mzML Peak area,P1_B3_Lut.6L.mzML Peak area,P1_A1_Lut.1N.mzML Peak area,column_wash.mzML Peak area,DCA_std.mzML Peak area,Blank_20.mzML Peak area,Blank_25.mzML Peak area,TUDCA_std.mzML Peak area,P1_G7_Dut.13R.mzML Peak area,P1_A6_Lut.2B.mzML Peak area,P1_A10_Lut.4B.mzML Peak area,Blank_27.mzML Peak area,TCDCA_std.mzML Peak area,P1_C11_Lut.13R.mzML Peak area,P1_C9_Lut.13N.mzML Peak area,P1_C6_Lut.11B.mzML Peak area,P1_A2_Lut.1R.mzML Peak area,P1_D11_Dut.2L.mzML Peak area,P1_C10_Lut.13L.mzML Peak area,CDCA_aminoacids.mzML Peak area,Blank_12.mzML Peak area,P1_B11_Lut.9L.mzML Peak area,UDCA_std.mzML Peak area,Blank_9.mzML Peak area,P1_B1_Lut.5L.mzML Peak area,P1_D9_Dut.1R.mzML Peak area,P1_F10_Dut.10L.mzML Peak area,LCA_std.mzML Peak area,P1_C7_Lut.12N.mzML Peak area,P1_D5_Lut.15B.mzML Peak area,Blank_3.mzML Peak area,Blank_26.mzML Peak area,P1_B7_Lut.7R.mzML Peak area,DCA_aminoacids_2.mzML Peak area,P1_C8_Lut.12B.mzML Peak area,P1_F6_Dut.9N.mzML Peak area,P1_E10_Dut.6L.mzML Peak area,CA_CDCA_polyamines.mzML Peak area,P1_G3_Dut.12N.mzML Peak area,P1_C1_Lut.9R.mzML Peak area,P1_A11_Lut.5N.mzML Peak area,P1_E12_Plate_blank5.mzML Peak area,UDCA_aminoacids.mzML Peak area,P1_G4_Dut.12B.mzML Peak area,P1_D7_Lut.16R.mzML Peak area,P1_A4_Lut.2L.mzML Peak area,P1_H1_Dut.15B.mzML Peak area,CA_CDCA_aminovalerate.mzML Peak area,CA_DCA_LCA_aminoacids.mzML Peak area,P1_B9_Lut.8B.mzML Peak area,P1_G11_Dut.15N.mzML Peak area,Blank_28.mzML Peak area,P1_G1_Dut.11L.mzML Peak area,P1_D12_Plate_blank4.mzML Peak area,P1_D2_Lut.14R.mzML Peak area,P1_B2_Lut.5R.mzML Peak area,P1_A9_Lut.4N.mzML Peak area,CA_std.mzML Peak area,P1_F1_Dut.6B.mzML Peak area,Blank_29.mzML Peak area,P1_E5_Dut.4N.mzML Peak area,P1_F3_Dut.7R.mzML Peak area,P1_B4_Lut.6R.mzML Peak area,P1_E9_Dut.5R.mzML Peak area,P1_E11_Dut.6R.mzML Peak area,P1_H2_Dut.16L.mzML Peak area,P1_G5_Dut.13N.mzML Peak area,P1_C3_Lut.10L.mzML Peak area,P1_D6_Lut.16L.mzML Peak area,P1_G9_Dut.14R.mzML Peak area,P1_E1_Dut.2R.mzML Peak area,P1_F8_Dut.9R.mzML Peak area
32391,0,0,0,0,0,0,0,0,9855.669,0,0,0,45187.438,26650.715,0,0,25129.67,17784.047,12874.634,10608.133,10008.131,0,12645.402,70965.14,0,0,0,13224.161,0,0,0,43047.855,0,7875.5522,45272.125,12254.181,0,16688.818,0,21406.826,0,0,0,15915.134,0,0,8355.329,0,0,71935.086,0,0,18466.896,0,0,3755.3198,6876.6743,0,0,11684.999,0,0,10433.424,20491.99,0,0,17982.629,3330.9158,89145.125,29825.395,12046.14,0,0,0,0,7073.6846,0,7170.9766,19728.88,26566.727,0,0,0,0,0,3837.4087,38462.05,33561.957,0,0,19354.379,8074.6675,23754.373,42076.016,8653.918,87938.81,0,0,15906.514,0,0,23222.854,15652.338,33229.242,0,33109.914,33236.375,0,0,38286.945,0,20166.178,17602.926,22385.648,0,20182.746,7183.231,15448.377,0,0,4684.0244,13194.118,23102.799,9308.045,0,0,115090.62,18954.586,0,23944.355,0,13535.598,59777.113,16847.105,0,9197.3955,0,22972.256,10808.054,47027.156,7047.9946,28066.166,35315.12,26898.422,28206.152,17246.227,10853.028,26541.707,17148.275
42930,0,0,0,0,0,141554.3,0,0,25.951893,0,0,1478.2949,64.562744,54.37793,0,0,147.58063,0,0,128.29889,30.816864,0,64.463165,36.53401,0,0,0,44.60643,0,17.379837,0,1366.988,0,37.10692,161.49689,26.833065,0,0,0,23.392338,0,0,0,53.51835,14.644566,0,0,0,0,556.7412,13.70071,0,54.1773,0,0,88.62319,120.99084,0,22.431923,95.65999,0,0,0,60.019897,0,0,44.30381,29.186975,809.1969,0,124.03065,0,0,0,0,68.13517,0,82.26728,29.389938,0,0,53.162426,0,0,0,0,133.16107,18.235739,0,0,157.98587,34.758244,53.54978,40.49536,55.504692,44.65773,31723.666,0,26.454693,0,0,30.639217,26.144953,311.0717,0,0,340.87946,0,0,46.08585,41190.543,62.26268,162.20563,57.690937,0,0,95.87188,96.65779,0,0,48.88801,77.47699,35.89962,34.639767,189556.58,567.6269,144.01225,39.119263,0,153.04263,0,105.76001,141.25206,0,0,31.61828,0,23.000801,180.81508,64.72221,133.80049,41.9293,40.791058,38.836227,34.16004,61.150764,0,75.78551,0
36372,0,0,0,0,0,0,0,0,0,0,0,0,8.851145,0,0,0,15.064147,0,0,28.257122,10.650197,0,8.302448,0,0,0,0,0,0,0,0,16.484058,0,0,9.964777,0,0,15.379105,0,0,0,0,0,0,0,0,24.824272,0,0,19.48838,0,0,7.4745007,0,0,0,0,0,0,21.339203,0,0,0,18.923298,0,0,9.695845,16.21332,13.263485,0,61.859436,0,0,0,0,0,0,0,0,0,0,0,0,0,0,0,11.690549,0,0,0,0,8.284535,0,0,11.010416,11.762821,0,0,0,448043.16,0,0,10.646864,0,0,0,9.366376,0,0,6.281972,0,0,0,0,0,0,0,0,0,0,7.831456,0,0,0,0,88081.33,0,0,0,0,0,9.065783,15.716005,0,0,10.461125,0,0,22.053482,0,16.688858,0,15.437956,0,8.771765,21.731945,18.74249,23.4659,45.815094
45141,12.981329,9.857439,0,0,0,0,0,0,40.561188,0,12.581154,0,52.512573,95.74878,0,0,117.618744,44.077877,0,106.64264,55.71865,0,127.67368,101.44245,0,0,0,132.21173,0,0,0,0,0,14.621033,182.90367,58.828167,0,0,0,33.684227,0,0,0,92.186195,0,0,0,0,0,30.188602,0,0,0,0,0,0,97.62423,0,0,0,0,0,0,42.532604,0,0,0,33.063103,33.282555,16.994915,53.74231,15.205805,0,0,0,166.06378,0,44.37449,53.528088,0,0,0,0,0,0,30.038929,46.201794,82.21802,0,0,63.996254,63.631943,89.5681,0,0,37.52947,0,0,64.77242,0,13.489041,47.14909,26.26796,134.1718,12854.872,136.16997,82.536644,0,0,38.110477,0,35.505592,46.8891,0,0,140.98575,119.3115,58.779133,0,0,0,38.766937,95.16836,68.66731,0,13217.909,0,24.290192,0,0,0,24.193298,111.36389,101.11632,0,402.25793,0,27.063166,29.953777,49.58321,0,49.254288,39.10879,0,169.80048,76.91566,172.02805,0,43.552124
36401,0,0,0,0,0,0,0,0,0,0,0,0,0,0,0,0,0,0,0,0,0,0,0,0,0,0,0,0,0,0,0,0,0,0,0,0,0,0,0,0,0,0,0,0,0,0,0,0,0,0,0,0,0,0,0,0,0,0,0,0,0,0,0,0,0,0,0,0,0,0,0,0,0,0,0,0,0,0,0,0,0,0,0,0,0,0,0,0,0,0,0,0,0,0,0,0,0,0,0,42775.465,0,0,0,0,0,0,0,0,0,0,0,0,0,0,0,0,0,0,0,0,0,0,0,0,0,3001.8262,0,0,0,0,0,0,0,0,0,0,0,0,0,0,0,0,0,0,0,0,0,0,0
36373,0,0,0,0,0,0,0,0,0,0,0,0,27.10254,20.390957,0,0,31.75298,0,0,20.25976,32.331802,0,0,17.477608,0,0,0,0,0,0,0,256.7899,0,10.412426,12.610121,9.374024,0,23.88388,0,0,0,0,0,8.962302,0,0,53.062096,0,0,38.332253,11.221937,0,0,0,15.155391,11.328655,0,0,0,114.39537,0,0,0,0,0,0,0,11.443502,87.05804,8.645214,534.86816,0,0,0,0,39.975563,0,0,0,10.93773,210.71628,0,0,0,0,0,19.855957,0,0,0,24.98451,11.744694,19.784729,12.643602,107.69711,16.566536,0,0,0,178800.69,0,0,12.764963,0,0,33.066982,28.18893,8.834552,0,8.960409,0,0,64.86748,0,0,0,11.369627,0,0,0,0,30.492853,13.26483,21.301737,0,28110.066,11.987225,19.16358,0,31.951057,0,9.88573,13.047897,0,0,10.921488,0,20.804476,13.878611,0,23.67181,0,214.2165,17.177998,0,25.354515,9.574686,77.94532,17.227974
32146,0,0,0,0,0,0,0,0,0,0,0,0,0,0,0,0,0,0,0,0,0,0,0,0,0,0,0,0,0,0,0,0,0,0,0,0,0,0,0,0,0,0,0,0,0,179555.81,0,0,0,0,0,0,0,0,0,0,0,0,0,0,0,0,0,0,0,0,0,0,0,0,0,0,0,0,0,0,0,0,0,0,0,0,0,0,0,0,0,0,0,0,0,0,6.343186,0,0,0,0,0,0,0,0,0,0,0,0,0,0,0,0,0,0,0,0,0,0,0,0,0,0,0,0,0,0,0,0,158955.1,0,0,0,0,0,0,0,0,0,0,0,0,0,0,0,0,0,0,0,0,0,0,0
32466,0,0,0,0,0,0,0,0,0,0,0,0,0,0,0,0,0,0,0,0,0,0,0,0,0,0,0,0,0,0,0,0,0,0,0,0,0,0,0,0,0,0,0,0,0,0,0,0,0,0,0,0,0,0,0,0,0,0,0,0,0,0,0,0,0,0,0,0,0,0,0,0,0,246661.27,0,0,0,0,0,0,0,0,0,0,0,0,0,0,0,0,0,0,0,0,0,0,0,0,0,0,0,0,0,0,0,0,0,0,0,0,0,0,0,0,0,0,0,0,0,0,0,0,0,0,0,179858.67,0,0,0,0,0,0,0,0,0,0,0,0,0,0,0,0,0,0,0,0,0,0,0
41415,0,0,0,0,0,0,0,0,0,0,0,0,0,0,0,0,0,0,0,0,0,0,0,0,0,0,0,0,0,0,0,0,0,0,0,0,0,0,0,0,0,0,0,0,70646.375,0,0,0,0,0,0,0,0,0,0,0,0,0,0,0,0,0,0,0,0,0,0,0,0,0,0,0,0,0,0,0,0,0,0,0,0,0,0,0,0,0,0,0,0,0,0,0,0,0,0,0,0,0,0,0,0,0,0,0,0,0,0,0,0,0,0,0,0,0,0,0,0,0,0,0,0,0,0,0,0,161609.22,0,0,0,0,0,0,0,0,0,0,0,0,0,0,0,0,0,0,0,0,0,0,0
41595,0,0,0,0,0,0,0,0,9135.543,0,0,0,24789.268,5286.505,0,0,13325.045,11178.511,13674.689,18037.137,29586.467,0,14486.32,17266.992,0,0,0,8258.573,0,0,0,19374.695,0,10468.908,22514.4,11905.575,0,52296.83,0,8496.697,0,0,0,14475.356,0,0,42252.605,0,0,9986.73,0,0,13816.17,0,0,14883.084,5549.835,0,0,55998.426,0,0,24353.857,14003.512,0,0,20252.613,13866.094,20532.338,40517.367,53977.45,0,0,0,0,13762.274,0,6165.622,17758.805,36445.99,0,0,0,0,0,11910.32,19685.488,3935.8345,0,0,21161.613,14583.822,8903.139,26776.684,33235.117,19237.67,0,0,8778.209,0,0,2057.6118,44312.758,43459.277,0,18882.94,12828.818,0,0,8436.546,0,10582.771,20647.4,46891.44,0,7854.1055,9024.634,6393.6694,0,0,18683.146,23526.502,24305.24,16651.916,0,0,31223.227,5652.4697,0,46740.074,0,19826.717,6601.0073,19006.928,0,19721.232,0,30585.889,13338.027,2959.1484,16832.486,9722.922,39974.895,15467.192,15452.883,43981.51,31041.605,38247.78,18517.861
32626,0,0,0,0,0,0,0,0,5110.5195,0,0,307.98145,8811.922,9710.114,0,0,2200.3738,4129.2734,6526.673,12770.648,1041.6738,0,39192.812,8936.424,0,0,0,23438.441,0,0,0,164.9048,0,87.696236,3333.3052,6929.3228,0,86492.1,0,538.18463,0,0,0,348.08667,0,0,13585.636,0,0,627.61273,0,0,9550.626,0,0,6839.5312,5587.9985,0,0,30037.887,0,0,1272.9514,7550.4653,0,0,8020.3535,7674.9907,348.47125,7371.214,8299.399,0,0,0,0,23.168545,0,14469.325,539.6598,24.891329,0,0,0,0,0,11541.025,1781.2397,12732.082,0,0,21449.963,620.7973,8.471752,59.733204,20325.068,3758.4045,0,0,6494.4746,0,0,7245.107,6666.264,18105.02,0,1401.8959,17.668665,0,0,122776.02,0,60.537563,7357.514,17456.277,0,558.05444,947.8452,1155.4368,0,0,6900.3994,70.42963,2136.343,704.08765,0,9813.398,11947.32,24604.176,0,15497.947,0,7199.0366,498.98895,8669.814,0,6298.241,0,6025.352,5895.464,1200.0094,13943.02,7429.3755,1270.5118,16862.316,9041.198,4867.218,16898.473,76538.06,16058.245
34184,0,0,0,0,0,0,0,0,346.82034,0,0,2054.2822,4198.1333,224.23724,0,0,8656.919,14.033414,84.60932,1147.2228,422.5862,0,240.72757,4969.922,0,0,0,4371.627,0,0,0,926.6124,0,68.18407,516.413,5054.241,0,536.6442,0,173.6287,0,0,0,1032.1372,0,0,3851.0396,0,0,1727.1823,0,0,124.53098,0,0,188.32077,1185.6592,0,0,6442.8955,0,0,552.10425,269.71973,0,0,28.040401,5138.5386,888.03296,280.8203,1188.3906,0,0,0,0,16.337803,0,200.6305,217.65529,264.63712,143.04305,8.108055,0,0,0,97.75524,1339.8197,90.30463,0,0,316.32147,3224.0261,46.748615,484.10324,2474.9502,2900.501,0,0,622.2037,0,0,94.68274,3641.5964,2725.187,0,8321.8955,1496.0017,0,0,10109.798,7.362922,1752.561,1643.6267,3845.847,3432.9966,15.236006,3604.7903,73.6901,0,0,659.25793,1044.8881,6050.9453,98.87148,3567.546,49101.105,718.9709,175.38132,0,419.29456,0,887.9418,3429.2397,1050.5746,4894.569,44.299923,0,599.4038,3727.527,646.30914,4113.647,71.245544,66.91481,344.42896,2591.051,398.50717,1627.7919,1608.1406,737.62573
33159,0,0,0,0,0,0,0,0,10649.33,0,0,383.60773,26996.441,9755.95,0,0,7658.926,1064.0743,14409.62,1329.0901,2923.5684,0,11739.253,21533.553,0,0,0,13050.363,0,2577.752,0,462.60355,0,293.30823,5892.5405,28933.945,0,47878.016,0,1397.5286,0,0,0,648.8944,0,0,8273.365,0,0,2122.25,0,0,4589.3955,0,0,5979.2407,18958.154,0,0,35256.504,0,0,1304.8213,6192.1914,0,0,5594.5146,10642.54,1517.8917,696.16034,2734.3032,0,0,0,0,680.29535,0,1588.7117,592.61084,820.4369,0,0,0,0,0,4621.5664,8084.5996,11652.596,0,0,2496.4517,19630.836,269.40085,781.70996,11683.38,33508.24,204.99118000000001,0,5478.322,22.664305,0,14378.814,10594.881,19386.188,0,63428.23,2839.3005,0,0,83207.67,0,1013.0545,4642.002,62257.668,0,436.35583,5089.28,253.79312,0,0,1700.5645,110.77852,7513.5864,256.39795,0,10506.439,43704.34,8545.888,0,2298.7808,0,6739.443,1750.6594,10676.35,668.6161,1287.4059,0,2341.8142,9763.126,8148.335,9232.956,1025.4283,1347.797,7155.5576,7852.6875,10087.713,9205.764,28503.365,15020.578
33065,0,0,0,0,0,0,0,0,0,0,0,0,0,0,0,0,0,0,0,0,0,0,0,0,0,0,0,0,0,0,0,0,0,0,0,0,0,0,0,0,0,0,0,0,0,0,0,0,0,0,0,0,0,0,0,0,0,0,0,0,0,0,0,0,0,0,0,0,0,0,0,0,0,0,0,0,0,0,0,0,0,0,0,0,0,0,0,0,0,0,0,0,0,0,0,0,0,0,0,0,0,0,0,0,0,0,0,0,0,0,0,0,0,0,0,0,0,0,0,0,0,0,0,0,0,109270.04,0,0,0,0,0,0,0,0,0,0,0,0,0,0,0,0,0,0,0,0,0,0,0
37397,0,0,0,0,0,0,0,0,0,0,0,0,0,0,0,0,0,0,0,0,0,0,0,0,0,0,0,0,0,0,0,0,0,0,0,0,0,0,0,0,0,0,0,0,0,0,0,0,0,0,0,0,0,0,0,0,0,0,0,0,0,0,0,0,0,0,0,0,0,0,0,0,0,0,0,0,0,0,0,0,0,0,0,0,0,0,0,0,0,0,0,0,0,0,0,0,0,0,0,0,0,0,0,0,0,0,0,0,0,0,0,0,0,0,0,0,0,0,0,0,0,0,0,0,0,501252.72,0,0,0,0,0,0,0,0,0,0,0,0,0,0,0,0,0,0,0,0,0,0,0
37984,0,0,0,0,0,1212.8044,0,0,0,0,0,0,0,0,0,0,0,0,0,0,0,0,0,0,0,0,0,0,0,0,0,0,0,0,0,0,0,0,0,0,0,0,0,0,0,0,0,0,0,0,0,0,0,0,0,0,0,0,0,0,0,0,0,0,0,0,0,0,0,0,0,0,0,0,0,0,0,0,0,0,0,0,0,0,0,0,0,0,0,0,0,0,0,0,0,0,0,0,0,0,0,0,0,0,0,0,0,0,0,0,755144.7,0,0,0,0,0,0,0,0,0,0,0,0,0,0,0,0,0,0,0,0,0,0,0,0,0,0,0,0,0,0,0,0,0,0,0,0,0,0
33403,0,0,0,0,0,0,0,0,0,0,0,0,0,0,0,0,13.290396,9.275699,0,14.794074,41.705452,0,10.539278,12.319454,0,0,0,0,0,0,0,0,0,0,11.27288,0,0,0,0,0,0,0,0,0,0,0,39.96116,0,0,0,0,0,0,0,0,13.546025,0,0,0,84.53403,0,0,29.545818,25.295547,0,0,0,0,0,14.790485,0,0,0,0,0,0,0,10.659615,0,0,0,0,0,0,0,0,0,0,0,0,0,0,0,0,0,0,0,0,0,0,0,64.65114,9.653864,0,0,0,0,0,0,0,0,0,0,21.57192,0,0,0,0,0,0,93.0032,10.45988,0,0,0,184585.61,0,0,0,33.946495,0,0,0,0,0,11.429915,0,0,0,0,0,0,0,0,0,0,0,0,0
32471,0,0,0,0,0,0,0,0,15.359988,0,0,48773.65,181.16832,0,0,0,0,0,0,0,0,0,0,0,0,0,0,0,0,0,0,0,0,0,0,0,0,0,463.61472,0,0,0,0,0,0,269433.34,0,0,0,0,0,0,0,0,0,33.207756,0,0,0,0,0,0,0,26.773674,0,0,0,0,0,0,301.08676,0,0,0,0,0,0,0,23.540348,0,0,0,0,0,0,0,0,11.676268,0,0,0,0,16.21354,0,0,0,0,0,0,0,0,25.353973,0,0,0,0,0,0,0,44.771133,0,0,0,4169.681,7879.018,0,0,0,0,0,0,0,0,0,5079.736,186050.56,0,0,0,0,0,0,0,0,0,0,0,0,0,0,0,0,541.7923,0,0,1829.8661,0,169.43088,0
35151,0,0,0,0,0,0,0,0,2689.654,0,0,0,13143.962,2799.715,0,0,1717.6863,489.1592,1014.85876,3634.0803,863.51196,0,5369.0347,5102.948,0,0,0,3908.3633,0,0,0,441.75394,0,852.3812,2687.0898,1378.914,0,3005.047,0,15422.1455,0,0,0,1760.4436,0,0,8826.191,0,0,13893.393,0,0,581.07367,0,0,3299.105,628.0946,0,0,1025.024,0,0,5394.508,7753.1475,0,0,14294.576,49939.305,569.17084,16479.412,12492.125,0,0,0,0,95.41897,0,3199.3386,127.88316,5618.7856,0,0,0,0,0,2237.2227,19405.057,16777.79,0,0,672.91223,251.8282,914.3004,1773.0981,478.09552,1197.7917,0,0,24793.85,0,0,10935.427,1383.6018,6423.849,0,800.8555,4846.626,0,0,18723.81,0,4642.8237,52344.94,322.47314,0,4755.9604,7366.9253,700.0277,0,0,9332.553,1382.7513,398.9262,17677.863,0,0,1308.0726,33247.47,0,1310.9816,0,3918.8474,1315.5896,52324.227,0,5107.2383,0,30167.086,12988.509,3874.3005,7611.667,3889.0369,24237.28,996.94653,113.099754,15855.613,11982.537,18368.13,36778.363
42247,0,0,0,0,0,0,0,0,0,0,0,0,0,0,0,0,0,0,0,0,0,0,0,0,0,0,0,0,0,0,0,0,0,0,0,0,0,0,0,0,0,0,0,0,0,0,0,0,0,0,0,0,0,0,0,0,0,0,0,0,0,0,0,0,0,0,0,0,0,0,0,0,0,0,0,0,0,0,0,0,0,0,0,0,0,0,0,0,0,0,0,0,0,0,0,0,0,0,0,0,0,0,0,0,0,0,0,0,0,0,0,0,0,0,0,0,0,0,0,0,0,0,0,0,0,447093.84,0,0,0,0,0,0,0,0,0,0,0,0,0,0,0,0,0,0,0,0,0,0,0
32444,0,0,0,0,0,0,0,0,0,0,0,0,0,0,0,0,0,0,0,0,0,0,0,0,0,0,0,0,0,0,0,0,0,0,0,0,0,0,0,0,0,0,0,0,0,0,0,0,0,0,0,0,0,0,0,0,0,0,0,0,0,0,0,0,0,0,0,0,0,0,0,0,0,454394.78,0,0,0,0,0,0,0,0,0,0,0,0,0,0,0,0,0,0,0,0,0,0,0,0,0,0,0,0,0,0,0,0,0,0,0,0,0,0,0,0,0,0,0,0,0,0,0,0,0,0,0,333551.16,0,0,0,0,0,0,0,0,0,0,0,0,0,0,0,0,0,0,0,0,0,0,0
36102,0,0,0,0,0,0,0,0,0,0,0,104417.23,0,0,0,0,0,0,0,0,0,0,0,11.704109,0,0,0,0,0,0,0,0,0,0,0,0,0,0,0,0,0,0,0,0,0,0,0,0,0,0,0,0,0,0,0,0,0,0,0,0,0,0,0,0,0,0,0,0,0,0,8.235451,0,0,0,0,0,0,0,0,0,0,0,0,0,0,0,14.012314,9.246969,0,0,0,0,0,0,0,0,0,0,0,0,0,0,0,0,0,0,0,0,0,0,0,0,0,0,3086659.2,0,0,0,0,0,0,0,10.822863,0,58528.914,0,0,0,0,0,0,0,0,0,0,0,0,0,0,0,0,0,0,10.923423,0,0,0,0,0
34889,0,0,0,0,0,0,0,0,0,0,0,529613.9,0,0,0,0,0,0,0,0,0,0,0,0,0,0,0,0,0,0,0,0,0,0,0,0,0,0,0,0,0,0,0,0,0,0,0,0,0,0,0,0,0,0,0,9.693605,0,0,0,0,0,0,0,0,0,0,0,0,0,0,0,0,0,0,0,0,0,0,0,0,0,0,0,0,0,0,0,0,0,0,0,0,0,0,0,0,11.248498,0,0,0,0,0,0,0,0,0,0,0,0,0,0,0,0,0,512353.97,9.399624,0,0,0,0,0,10.609207,0,0,655158.06,7613.526,0,0,0,0,0,0,0,0,0,0,0,0,0,0,0,0,0,0,0,0,0,0,0
30787,0,0,0,0,0,0,0,0,0,0,0,121.873634,0,0,0,0,0,0,0,0,0,0,0,0,0,0,0,0,0,0,0,0,0,0,0,0,0,0,0,0,0,0,0,0,0,0,0,0,0,0,0,0,0,0,0,0,0,0,0,0,0,0,0,0,0,0,0,0,0,0,0,0,0,0,0,0,0,0,0,0,0,0,0,0,0,0,0,0,0,0,0,0,0,0,0,0,0,0,0,0,0,0,0,0,0,0,0,0,0,0,0,0,0,0,0,0,0,0,0,0,0,0,0,0,0,82913.6,0,0,0,0,0,0,0,0,0,0,0,0,0,0,0,0,0,0,0,14.038478,0,306.83405,0
33066,0,0,0,0,0,0,0,0,0,0,0,0,0,0,0,0,0,0,0,0,0,0,0,0,0,0,0,0,0,0,0,0,0,0,0,0,0,0,0,0,0,0,0,0,0,0,0,0,0,0,0,0,0,0,0,0,0,0,0,0,0,0,0,0,0,0,0,0,0,0,0,0,0,0,0,0,0,0,0,0,0,0,0,0,0,0,0,0,0,0,0,0,0,0,0,0,0,0,0,0,0,0,0,0,0,0,0,0,0,0,0,0,0,0,0,0,0,0,0,0,0,0,0,0,0,133830.8,0,0,0,0,0,0,0,0,0,0,0,0,0,0,0,0,0,0,0,0,0,0,0
34671,0,0,0,0,0,0,0,0,0,0,0,0,0,0,0,0,0,0,0,0,0,0,0,0,0,0,0,0,0,0,0,0,0,0,0,0,0,0,0,0,0,0,0,0,0,0,0,0,0,0,0,0,0,0,0,0,0,0,0,0,0,0,0,0,0,0,0,0,0,0,0,0,0,0,0,0,0,0,0,0,0,0,0,0,0,0,0,0,0,0,0,0,0,0,0,0,150.63615,0,0,0,0,0,0,0,0,0,0,0,0,0,0,0,0,0,0,0,0,0,0,0,0,0,0,0,0,159556.84,0,0,0,0,0,0,0,0,0,0,0,0,0,0,0,0,0,0,0,0,0,0,0
35317,0,0,0,0,0,89.28191,0,0,0,0,0,0,0,0,0,0,0,0,0,0,0,0,0,0,0,0,0,0,0,0,0,0,0,0,0,0,0,0,0,0,0,0,0,0,0,0,0,0,0,0,0,0,0,0,0,0,0,0,0,0,0,0,0,0,0,0,0,0,0,0,0,0,0,0,0,0,0,0,0,0,0,0,0,0,0,0,0,0,0,0,0,0,0,0,0,0,0,0,0,0,0,0,0,0,0,0,0,0,0,0,229073.08,0,0,0,0,0,0,0,0,0,0,0,0,0,0,0,0,0,0,0,0,0,0,0,0,0,0,0,0,0,0,0,0,0,0,0,0,0,0
37399,0,0,0,0,0,0,0,0,0,0,0,0,0,0,0,0,18.354334,0,0,0,0,0,0,0,0,0,0,0,0,0,0,0,0,14.342102,0,0,0,0,0,0,0,0,0,0,0,0,0,0,0,0,0,0,0,0,0,0,0,0,0,17.99517,0,0,0,0,0,0,0,0,0,0,0,0,0,0,0,0,0,0,12.90748,0,0,0,0,0,0,0,0,0,0,0,0,0,0,0,0,0,0,0,0,0,0,0,0,0,0,0,0,0,0,0,0,0,0,0,0,0,0,0,0,0,0,24.994724,23.367907,0,0,1999085.4,0,0,0,0,0,0,0,0,0,0,0,0,0,13.086541,0,0,0,0,0,0,0,0,0
37985,0,0,0,0,0,7489.204,0,0,0,0,0,0,0,0,0,0,0,0,0,0,0,0,0,0,0,0,0,0,0,0,0,0,0,0,0,97.25319,0,0,0,0,0,0,0,0,0,0,0,0,0,0,0,0,0,0,0,0,0,0,0,0,0,0,0,0,0,0,0,0,0,0,0,0,0,0,0,0,0,0,0,0,0,0,0,0,0,0,0,0,0,0,0,0,0,0,0,0,0,0,0,0,0,0,0,0,0,0,0,0,0,0,1369772.1,0,0,0,0,0,0,0,0,0,0,0,0,134.73695,0,0,0,0,0,0,0,0,0,0,0,0,0,0,0,57.660862,0,0,0,0,0,0,0,0,0
33405,0,0,0,0,0,0,0,0,0,0,0,0,0,0,0,0,0,0,0,0,0,0,0,0,0,0,0,0,0,0,0,0,0,0,0,0,0,0,0,0,0,0,0,0,0,0,0,0,0,0,0,0,0,0,0,0,0,0,0,0,0,0,0,0,0,0,0,0,0,0,0,0,0,0,0,0,0,0,0,0,0,0,0,0,0,0,0,0,0,0,0,0,0,0,0,0,0,0,0,0,0,0,0,0,0,0,0,0,0,0,10.706076,0,0,0,0,0,0,0,0,0,0,0,0,0,0,653305.3,0,0,0,0,0,0,0,0,0,0,0,0,0,0,0,0,0,0,0,0,0,0,0
29181,0,0,0,0,0,0,0,0,0,0,0,0,0,0,0,0,0,0,0,0,0,0,0,0,0,0,0,0,0,0,0,0,0,0,0,0,0,0,0,0,0,0,0,0,0,0,0,0,0,0,0,0,0,0,0,0,0,0,0,0,0,0,0,0,0,0,0,0,0,0,0,0,0,0,0,0,0,0,0,0,0,0,0,0,0,0,0,0,0,0,0,0,0,0,0,0,0,0,0,0,0,0,0,0,0,0,0,0,0,0,0,0,0,0,81631.69,0,0,0,0,0,0,0,0,0,53.177185,0,0,0,0,0,0,0,0,0,0,0,0,0,0,0,0,0,0,0,0,38.23981,0,0,0
27837,0,0,0,0,0,0,0,0,0,0,0,155.7688,0,0,0,0,0,0,0,0,0,0,0,0,0,0,0,0,0,0,0,0,0,0,0,0,0,0,0,0,0,0,0,0,0,0,0,0,0,0,0,0,0,0,0,0,0,0,0,0,0,0,0,0,0,0,0,0,0,0,0,0,0,0,0,0,0,0,0,0,0,0,0,0,0,0,0,0,0,0,0,0,0,0,0,0,0,0,0,0,0,0,0,0,0,0,0,0,0,0,0,0,0,0,0,0,0,0,0,70753.42,0,0,0,0,0,0,0,0,0,0,0,0,0,0,0,0,0,0,0,0,0,0,0,0,0,0,0,0,0
36264,0,0,0,0,0,0,0,0,0,0,0,0,0,0,0,0,0,0,0,0,0,0,0,0,0,0,0,0,0,0,17.234905,0,0,0,0,0,214786.1,0,0,0,0,0,0,0,0,0,0,0,0,0,0,0,0,0,0,0,0,0,0,0,0,0,0,0,0,0,0,0,0,0,0,0,0,190.00708,0,0,0,0,0,0,0,0,0,0,0,0,0,0,0,0,0,0,0,0,0,0,0,0,0,0,0,0,0,0,0,0,0,0,0,0,0,0,0,0,0,0,0,0,0,0,0,0,0,0,0,103739.38,0,0,0,0,0,0,0,0,0,0,0,0,0,0,0,0,0,0,0,0,0,0,0
31371,0,0,0,0,0,0,0,0,0,0,0,0,524.8106,0,0,0,0,0,0,0,0,0,0,0,0,0,0,0,0,0,0,0,0,0,0,0,0,0,0,0,0,0,0,0,0,0,0,0,0,0,0,0,0,0,0,0,0,0,0,0,0,0,0,0,0,0,0,0,0,0,49.02233,0,0,0,0,0,0,0,0,0,0,0,0,0,0,0,29.54102,0,0,0,0,0,0,0,0,0,0,0,0,0,0,0,0,0,0,0,0,0,0,0,0,0,0,0,837290.4,0,0,0,0,0,0,0,0,0,1515.617,0,0,0,0,0,0,0,0,0,0,0,0,0,0,0,0,0,262.82166,0,0,332.99387,0,484.7153,0
31043,0,0,0,0,0,0,0,0,0,0,0,0,0,0,0,0,0,0,0,0,0,0,0,0,0,0,0,0,0,0,0,0,0,0,0,0,0,0,0,0,0,0,0,0,0,0,0,0,0,0,0,0,0,0,0,0,0,0,0,0,0,0,0,0,0,0,0,0,0,0,0,0,0,0,0,0,0,0,0,0,0,0,0,0,0,0,0,0,0,0,0,0,0,0,0,0,0,0,0,0,0,0,0,0,0,0,0,0,0,0,0,0,35.490395,0,0,0,0,0,0,90321.69,0,0,0,0,0,0,0,0,0,0,0,0,0,0,0,0,0,0,0,0,0,0,0,0,0,0,0,0,0
41811,0,0,0,0,0,7562.975,0,0,0,0,0,278227.28,0,0,0,0,0,0,0,0,0,0,0,0,0,0,0,0,0,0,0,0,0,0,0,0,0,0,0,0,0,0,0,0,0,0,0,0,0,0,0,0,0,0,0,0,0,0,0,0,0,0,0,0,0,0,0,0,0,0,0,0,0,0,0,0,0,0,0,0,0,0,0,0,0,0,0,0,0,0,0,0,0,0,0,0,0,0,0,0,0,0,0,0,0,0,0,0,0,0,0,0,0,0,2046.8726,0,0,0,0,0,0,0,0,0,716320.94,633855.25,0,0,0,0,0,0,0,0,40.720146,0,0,0,0,0,0,0,0,0,0,0,0,0,0
36680,0,0,0,0,0,0,0,0,0,0,0,0,0,0,0,0,0,0,0,0,0,0,0,0,0,0,0,0,0,0,0,0,0,0,0,0,0,0,0,0,0,0,0,0,0,0,0,0,0,0,0,0,0,0,0,0,0,0,0,0,0,0,0,0,0,0,14.422983,0,0,0,12.528349,0,0,0,0,0,0,0,0,0,0,0,0,0,0,0,0,22.972706,0,0,0,0,0,0,0,0,0,0,0,0,0,0,0,0,0,0,0,0,0,0,0,0,0,0,0,0,0,0,0,0,0,0,0,0,0,108048.234,0,0,0,0,0,0,0,0,0,0,0,0,0,0,0,0,0,0,0,8.046392,0,0,0
36517,0,0,0,0,0,0,0,0,0,0,0,582.0821,0,0,0,0,0,0,0,0,0,0,0,0,0,0,0,0,0,0,0,0,0,0,0,0,0,0,0,0,0,0,0,0,0,0,0,0,0,0,0,0,0,0,0,0,0,0,0,0,0,0,0,0,0,0,0,0,0,0,0,0,0,0,0,0,0,0,0,0,0,0,0,0,0,0,0,0,0,0,0,0,0,0,0,0,0,0,0,0,0,0,0,0,0,0,0,0,0,0,221622.34,0,0,0,261.44086,0,0,0,0,0,0,0,0,0,464.1317,0,0,0,0,0,0,0,0,0,0,0,0,0,0,0,0,0,0,0,0,411.7638,0,0,0
35624,0,0,0,0,0,0,0,0,0,0,0,0,0,0,0,0,0,0,0,0,0,0,0,0,0,0,0,0,0,0,0,0,0,0,0,0,0,0,0,0,0,0,0,0,0,0,0,0,0,0,0,0,0,0,0,0,0,0,0,0,0,0,0,0,0,0,0,0,0,0,0,0,0,0,0,0,0,0,0,0,0,0,0,0,0,0,0,0,0,0,0,0,0,0,0,0,343.22565,0,0,0,0,0,0,0,0,0,0,0,0,0,0,0,0,0,56.39965,0,0,0,0,0,0,0,0,0,0,104006.695,0,0,0,0,0,0,0,0,0,0,0,0,0,0,0,0,0,0,0,0,0,0,0
30789,0,0,0,0,0,0,0,0,0,0,0,169.72652,0,0,0,0,0,0,0,0,0,0,0,0,0,0,0,0,0,0,0,0,0,0,0,0,0,0,0,0,0,0,0,0,0,0,0,0,0,0,0,0,0,0,0,0,0,0,0,0,0,0,0,0,0,0,0,0,0,0,0,0,0,0,0,0,0,0,0,0,0,0,0,0,0,0,0,0,0,0,0,0,0,0,0,0,0,0,0,0,0,0,0,0,0,0,0,0,0,0,0,0,0,0,0,0,0,0,0,0,0,0,0,0,0,121422.99,0,0,0,0,0,0,0,0,0,0,0,0,0,0,0,0,0,0,0,0,0,0,0
37193,0,0,0,0,0,0,0,0,0,0,0,0,0,0,0,0,0,0,0,0,0,0,0,0,0,0,0,0,0,0,0,0,0,0,0,0,0,0,0,0,0,0,0,0,0,0,0,0,0,0,0,0,0,0,0,0,0,0,0,0,0,0,0,0,0,0,0,0,0,0,0,0,0,0,0,0,0,0,0,0,0,0,0,0,0,0,0,0,0,0,0,0,0,0,0,0,0,0,0,0,0,0,0,0,0,0,0,0,0,0,0,0,0,0,150905.6,0,0,0,0,0,0,0,0,0,0,0,0,0,0,0,0,0,0,0,0,0,0,0,0,0,0,0,0,0,0,0,0,0,0
30760,0,0,0,0,0,0,0,0,0,0,0,0,0,0,0,0,0,0,0,0,0,0,0,0,0,0,0,0,0,0,0,0,0,0,0,0,0,0,0,0,0,0,0,0,0,0,0,0,0,0,0,0,0,0,0,0,0,0,0,0,0,0,0,0,0,0,0,0,0,0,0,0,0,0,0,0,0,0,0,0,0,0,0,0,0,0,0,0,0,0,0,0,0,0,0,0,0,0,0,0,0,0,0,0,0,0,0,0,0,0,0,0,0,0,0,0,0,0,0,0,0,0,0,0,0,223794.9,0,0,0,0,0,0,0,0,0,0,0,0,0,0,0,0,0,0,0,0,0,0,0
33067,0,0,0,0,0,0,0,0,0,0,0,0,0,0,0,0,0,0,0,0,0,0,0,0,0,0,0,0,0,0,0,0,0,0,0,0,0,0,0,0,0,0,0,0,0,0,0,0,0,0,0,0,0,0,0,0,0,0,0,0,0,0,0,0,0,0,0,0,0,0,0,0,0,0,0,0,0,0,0,0,0,0,0,0,0,0,0,0,0,0,0,0,0,0,0,0,0,0,0,0,0,0,0,0,0,0,0,0,0,0,143.03125,0,0,0,0,0,0,0,0,0,0,0,0,0,0,281200.2,0,0,0,0,0,0,0,0,0,0,0,0,0,0,0,0,0,0,0,0,0,0,0
34689,0,0,0,0,0,0,0,0,0,0,0,0,39.1442,10.953732,0,0,365.45044,73.984344,8.400747,65.04242,31.945004,0,23.840221,106.2986,0,0,0,41.75906,0,0,0,84.5386,0,57.075466,58.181564,43.386612,0,426.8797,0,36.304142,0,0,0,29.852154,0,0,19.70346,0,0,64.88252,0,0,44.655464,0,0,41.301266,15.382879,0,0,142.99133,0,0,29.893604,24.93069,0,0,35.949406,34.64991,302.91626,24.120504,372.10214,0,0,0,0,39.775135,0,118.26825,32.752884,75.74142,0,0,0,0,0,0,38.813244,31.376427,0,0,35.596157,42.104183,10.749794,120.20559,3364.4995,51.846634,14088.964,0,13.879152,0,0,33.918163,36.566757,635.7434,0,104.73403,42.998325,0,0,32.558563,0,44.714058,164.16713,99.72945,0,12.145903,9.688162,17.830826,0,0,33.98126,105.2943,32.42565,35.88191,0,1847096.2,3387.6702,92.374435,0,18.5895,0,22.662682,46.08793,31.521683,0,16.558859000000002,0,18.122055,11.660799,29.849026,2345.3906,9.409517,16.3847,53.411762,20.90226,27.542757,120.80832,2470.752,4159.476
33409,0,0,0,0,0,0,0,0,0,0,0,0,0,0,0,0,0,0,0,0,0,0,0,11.784267,0,0,0,0,0,0,0,11.740175,0,0,9.99321,11.545407,0,0,0,0,0,0,0,0,0,0,0,0,0,0,0,0,0,0,0,0,0,0,0,16.789146,0,0,0,0,0,0,0,0,25.427704,0,15.594236,0,0,0,0,0,0,0,0,0,0,0,0,0,0,0,14.987727,0,0,0,12.078537,9.7971325,0,0,30.901012,0,0,0,0,0,0,0,9.6691065,17.042547,0,13.717311,0,0,0,0,97.13659,0,11.735,11.704313,0,0,0,0,0,0,0,0,0,0,0,2326297.2,10.493164,0,0,0,0,0,0,0,0,0,0,9.17318,0,0,0,0,32.889175,0,0,17.110771,0,0,10.686987
36651,0,0,0,0,0,0,0,0,0,0,0,0,0,0,0,0,0,0,0,0,0,0,0,0,0,0,0,0,0,0,4301.467,0,0,0,0,0,59295.84,0,0,0,0,0,0,0,0,0,0,0,0,0,0,0,0,0,0,0,0,0,0,0,0,0,0,0,0,0,0,0,0,0,0,0,0,0,0,0,0,0,0,0,0,0,0,0,0,0,0,0,0,0,0,0,0,0,0,34.11577,0,0,0,0,0,0,0,0,0,0,0,0,0,0,43699.69,0,0,0,0,0,0,0,0,0,0,0,0,0,0,2535.9795,0,0,0,0,0,0,0,0,0,0,0,0,0,0,0,0,0,0,0,0,0,0,0
33790,0,0,0,0,0,0,0,0,0,0,0,0,0,0,0,0,0,0,0,0,0,0,0,0,0,0,0,0,0,0,35.518642,12.539551,0,0,0,0,112780.68,0,0,0,0,0,0,0,149.31534,0,0,0,0,0,0,0,0,0,0,0,0,0,0,0,0,0,0,0,0,0,0,0,0,0,0,0,0,10296.571,0,0,0,0,0,0,0,0,0,0,0,0,0,7.0933695,0,0,0,0,0,0,0,0,11.373224,0,0,0,0,0,0,0,0,0,0,0,0,0,0,0,0,0,0,0,0,0,0,0,0,0,0,0,0,0,0,0,0,0,0,0,0,0,0,0,0,0,0,0,0,0,0,0,0,0,0,0,0
21279,0,0,0,0,0,0,0,0,0,0,0,0,0,0,0,0,0,0,0,0,0,0,0,0,0,0,0,0,0,0,0,0,0,0,0,0,0,0,0,0,0,0,0,0,0,0,0,0,0,0,0,0,0,0,0,0,0,0,12.18047,0,0,0,0,0,0,0,0,0,0,0,0,0,0,0,0,0,0,0,0,0,0,0,0,0,0,0,0,0,0,0,0,0,0,0,0,0,0,0,0,0,0,0,0,0,0,0,0,0,0,0,0,0,0,0,0,0,0,0,0,397964.72,0,0,0,0,0,0,0,0,0,0,0,0,0,0,0,0,0,0,0,0,0,0,0,0,0,0,0,0,0
38881,0,0,0,0,0,0,0,0,0,0,0,0,0,0,0,0,0,0,0,0,0,0,0,0,82520.14,0,0,0,0,0,0,0,0,0,0,0,0,0,0,0,0,0,0,0,0,0,0,0,0,0,0,0,0,0,0,0,0,0,0,0,0,0,0,0,0,0,0,0,0,0,0,0,0,0,0,0,0,0,0,0,0,0,0,0,17.380085,0,0,0,0,0,0,0,0,0,0,0,0,0,0,0,0,0,0,0,0,0,0,0,0,0,0,0,0,0,0,0,0,0,0,0,0,0,0,0,0,0,0,0,0,0,0,0,0,0,0,0,0,0,0,0,0,0,0,0,0,0,0,0,0
41741,72.23042,75.93644,151.84851,0,0,0,0,0,0,12.772001,32.351894,0,0,608.3402,43.40304,0,825.3684,0,0,0,11662.912,0,0,1101.2678,14.444129,0,0,657.1383,0,0,0,0,75.764656,0,4124.2046,259.45248,0,0,0,0,0,81.62271,0,0,0,0,646.79456,93.689514,0,165.74591,0,43.262722,0,27.279583,0,1352.5504,749.0366,66.015,0,7612.611,17.624735,84.22411,1240.3667,1550.6946,27.426754,70.12019,1675.5529,231.03168,0,0,0,34.500237,0,0,0,0,0,0,0,0,0,0,0,0,0,0,0,0,0,0,0,0,0,2381.8438,9125.695,0,0,38.67993,0,0,54.167778,0,3453.5935,0,0,31831.56,2878.3022,0,0,0,0,795.6231,1373.0402,0,0,0,2587.2617,0,0,0,0,3013.0664,3244.8125,662.07153,0,0,0,0,0,2641.7947,81.07408,1123.813,645.88776,0,0,0,0,1657.6001,6205.2803,288.031,15576.249,0,0,554.3091,0,0,3102.6387,0,4153.3667
32446,0,0,0,0,0,0,0,0,0,0,0,0,0,0,0,0,0,0,0,0,0,0,0,0,0,0,0,0,0,0,10.581794,0,0,0,0,0,13.20224,0,0,0,0,0,0,0,29.597927,0,0,0,0,0,0,0,0,0,0,0,0,0,0,0,0,0,0,0,0,0,0,0,0,0,0,0,0,971303.8,0,0,0,0,0,0,0,0,0,0,0,0,0,0,0,0,0,0,0,0,0,0,0,0,0,0,0,0,0,0,0,0,0,0,0,0,0,0,0,0,0,0,0,0,0,0,0,0,0,0,0,670507.75,0,0,0,0,0,0,0,0,0,0,0,0,0,0,0,0,0,0,0,0,0,0,0
36074,0,0,0,0,0,0,0,0,0,0,0,0,0,0,0,0,0,0,0,0,0,0,0,0,0,0,0,0,0,0,0,0,0,0,0,0,0,0,0,0,0,0,0,0,0,0,0,0,0,0,0,0,0,0,0,0,0,0,0,0,0,0,0,0,0,0,0,0,0,0,0,0,0,0,0,0,0,0,0,0,0,0,0,0,0,0,0,0,0,0,0,0,0,0,0,0,0,0,0,0,0,0,0,0,0,0,0,0,0,0,0,0,0,0,221198.67,0,0,0,0,122.35507,0,0,0,0,187.97516,0,0,0,0,0,0,0,0,0,0,0,0,0,0,0,0,0,0,0,0,0,0,0,0
35901,0,0,0,0,0,0,0,0,0,0,0,173.02718,0,0,0,0,12.500604,0,0,0,32.62574,0,0,20.177227,0,0,0,8.31338,0,0,0,0,0,0,0,17.595127,0,0,0,0,0,0,0,0,0,0,33.455917,0,0,9.533558,0,0,0,0,0,0,0,0,0,17.396042,0,0,11.911934,0,0,0,10.362808,17.741734,0,12.138714,19.068459,0,0,0,0,0,0,0,0,0,0,0,0,0,0,0,0,0,0,0,14.202685,0,0,0,26.997793,0,0,0,0,0,0,0,44.480522,80.769165,0,116.02501,0,0,0,0,0,0,14.048275,0,1996.3005,0,10.92681,0,0,0,0,18.049221,14.430434,0,77295.484,216379.55,0,0,0,0,0,0,9.807768,0,0,0,0,0,32.54132,0,22.293457,0,0,0,0,0,15.991447,0,0
44912,0,0,0,0,0,0,0,0,0,0,0,0,0,0,0,0,0,0,0,0,0,0,0,0,0,0,0,0,0,0,0,0,0,84.288666,0,0,0,650.26843,0,0,0,0,0,0,0,0,0,0,0,0,0,0,271.73572,0,0,0,181.52518,0,0,0,0,0,0,0,0,0,334.38696,0,0,0,551.655,0,0,0,0,0,0,0,0,0,0,0,0,0,0,0,0,0,0,0,0,0,0,0,0,0,0,0,0,0,0,108.39348,0,0,0,0,0,0,0,0,0,0,0,0,0,0,0,0,0,0,0,0,0,0,0,225864.89,0,0,0,0,0,0,0,0,0,0,0,0,0,0,0,0,0,0,0,0,0,0,0
40227,0,0,0,0,0,57285.69,0,0,0,0,0,0,0,0,0,0,0,0,0,0,436.08856,0,0,0,0,0,0,0,0,0,0,543.485,0,0,0,0,0,0,0,0,0,0,0,0,0,0,0,0,0,0,0,0,0,0,0,0,0,0,56.05217,794.35425,0,0,0,0,0,0,0,0,0,0,0,0,0,0,0,0,0,0,0,0,0,0,0,0,0,0,0,0,0,0,0,0,0,0,0,292.11584,34316.434,0,0,0,0,0,0,0,0,234.13991,405.875,0,0,0,1552717.8,714.88324,0,0,182005.84,0,0,143.977,0,0,0,491.19604,0,0,0,2001210.5,0,0,0,0,0,0,0,270.31726,0,0,0,148.13432,0,0,0,0,0,0,0,969.9509,0,0,0
36681,0,0,0,0,0,0,0,0,38.743134,0,0,0,166.8444,16.843239,0,0,58.21232,75.46613,12.674907,71.95597,287.50906,0,121.00511,77.16586,0,0,0,55.074287,0,0,0,345.89932,0,196.34012,117.73425,173.71298,0,68.03031,0,90.50165,0,0,0,50.610413,0,0,254.98305,0,0,169.55869,0,0,16.9649,0,0,64.510895,69.485886,0,0,30.292088,0,0,181.59865,55.10247,0,0,220.97379,77.69908,125.48039,87.765205,389.97595,0,0,0,0,51.365658,0,37.617313,232.877,72.06353,0,0,0,0,0,19.05361,143.8266,796.3303,0,0,184.7181,69.05142,130.06693,85.67186,119.00362,62.574005,0,0,54.665638,0,0,14.196487,264.3608,154.73521,0,93.05996,146.54015,0,0,62.79201,0,185.2449,178.8048,338.23566,0,36.96001,43.0282,72.65845,0,0,172.99615,37.52799,50.12247,13.622515,0,370462.9,58.538967,25.45799,0,30.853008,0,81.30173,187.06299,79.82919,0,18.299282,0,98.73707,109.03179,101.38995,43.567444,17.686043,144.60213,20.077261,175.80075,263.96295,27.24205,263.63794,84.45424
31920,0,0,0,0,0,0,0,0,0,0,0,0,0,0,0,0,0,0,0,0,0,0,0,0,0,0,0,0,0,0,0,0,0,0,0,0,0,0,0,0,0,0,0,0,0,0,11.756204,0,0,0,0,0,0,0,0,0,0,0,0,0,0,0,0,0,0,0,0,0,0,0,0,0,0,0,0,0,0,0,0,0,0,0,0,0,0,0,0,0,0,0,0,0,0,0,0,0,0,0,0,0,0,0,0,0,0,0,0,0,0,0,0,8.338183,0,0,0,0,0,0,0,0,0,0,0,0,0,219396.45,0,0,0,0,0,0,0,0,0,0,0,0,0,0,0,0,0,0,0,0,0,0,0
35660,0,0,0,0,0,0,0,0,0,0,0,0,0,0,0,0,0,0,0,0,0,0,10.065272,0,0,0,0,0,0,0,0,0,0,0,25.058067,0,0,0,0,0,0,0,0,0,0,0,16.425245,0,0,0,0,0,0,0,0,0,0,0,0,0,0,0,0,0,0,0,0,0,0,0,14.831533,0,0,0,0,0,0,0,0,0,0,0,0,0,0,0,0,0,0,0,0,0,0,0,0,11.236133,15072.244,0,0,0,0,0,0,0,0,0,0,0,0,0,174.15457,0,0,0,43.82708,0,0,0,0,0,9.686443,0,0,0,0,1508933.8,0,0,0,11.299995,0,0,0,0,0,0,0,0,11.956166,0,0,0,0,0,0,0,0,0,0
34169,0,0,0,0,0,0,0,0,0,0,0,0,41.258606,38.88438,0,0,71.9843,11.160711,0,61.602676,39.391407,0,11.720214,52.810116,0,0,0,13.815,0,0,0,28.254833,0,20.005411,49.786713,26.733759,0,23.737125,0,54.092144,0,0,0,0,0,0,34.650154,0,0,52.381744,0,0,10.265697,0,0,32.34279,0,0,0,33.7045,0,0,16.802443,39.25741,0,0,9.783381,11.679306,57.198437,10.731273,84.19249,0,0,0,0,9.559707,0,11.611552,85.31378,39.951553,0,0,0,0,0,10.599851,12.259743,21.03131,0,0,16.731281,12.819425,17.554802,13.161041,56.920456,31.028574,0,0,12.201495,0,0,0,43.300095,26.951927,0,29.92886,13.817701,0,0,14.243877,0,47.685783,37.598694,72.810104,0,0,47.744034,0,0,0,15.099867,19.785671,70.29093,12.486261,0,123586.7,49.58974,14.8589115,0,15.253731,0,15.831114,27.652573,26.764378,0,17.905888,0,34.677147,13.675953,51.08857,108.87762,14.889927,25.796597,16.77315,24.207802,17.130577,77.04095,18.781609,26.814512
32033,0,0,0,0,0,0,0,0,0,0,0,7695.215,0,0,0,0,0,0,0,0,0,0,0,0,0,0,0,0,0,0,0,0,0,0,0,0,0,0,0,0,0,0,0,0,0,0,0,0,0,0,0,0,0,0,0,0,0,0,0,0,0,0,0,0,0,0,0,0,0,0,0,0,0,0,0,0,0,0,0,0,0,0,0,0,0,0,0,0,0,0,0,0,0,0,0,0,1625558.6,0,0,0,0,0,0,0,0,0,0,0,0,0,0,0,0,0,757376.5,0,0,0,0,0,0,0,0,0,2218.7407,0,0,0,0,0,0,0,0,0,0,0,0,0,0,0,0,0,0,0,0,0,0,0,0
30790,0,0,0,0,0,0,0,0,0,0,0,527.4492,0,0,0,0,0,0,0,0,0,0,0,0,0,0,0,0,0,0,0,0,0,0,0,0,0,0,0,0,0,0,0,0,0,0,0,0,0,0,0,0,0,0,0,0,0,0,0,0,0,0,0,0,0,0,0,0,0,0,0,0,0,0,0,0,0,0,0,0,0,0,0,0,0,0,0,0,0,0,0,0,0,0,47.4236,0,0,0,0,0,0,0,0,0,0,0,0,0,0,0,81.762436,0,0,0,0,0,0,0,0,0,0,0,0,0,0,347421,28.063147,0,0,0,0,0,0,0,0,0,0,0,0,0,0,0,0,0,0,0,0,0,22.514664
44258,0,0,0,0,0,0,0,0,0,0,0,0,0,0,0,0,0,0,0,0,0,0,0,0,0,0,0,0,0,0,0,0,0,0,0,0,0,0,0,0,0,0,0,0,0,0,0,0,0,0,0,0,0,0,0,0,0,0,0,0,0,0,0,0,0,0,0,0,0,0,0,0,0,0,0,0,0,0,0,0,0,0,0,0,0,0,0,0,0,0,0,0,0,0,0,0,0,0,0,0,0,0,0,0,0,0,0,0,0,0,837.9408,0,0,0,186564.52,0,0,0,0,0,0,0,0,0,0,7538.5054,0,0,0,0,0,0,0,0,0,0,0,0,0,0,0,0,0,0,0,0,0,0,0
34335,0,0,0,0,0,0,0,0,0,0,0,0,0,0,0,0,0,0,0,0,0,0,0,0,0,0,0,0,0,0,0,11.809114,0,0,10.640116,0,0,0,0,0,0,0,0,0,0,10.042355,0,0,0,0,0,0,0,0,0,0,0,0,0,0,0,0,0,0,0,0,0,0,0,0,12.4819355,0,0,0,0,0,0,0,0,0,0,0,0,0,0,0,0,0,0,0,0,0,0,0,0,0,0,0,0,0,0,0,0,0,0,0,0,0,0,0,0,0,34.159115,0,0,0,0,0,0,0,0,0,0,0,45.60092,27036.646,0,0,0,0,0,0,0,0,0,0,0,0,0,0,0,0,0,0,0,0,12.53754,14.742029,0
30761,0,0,0,0,0,0,0,0,0,0,0,0,0,0,0,0,0,0,0,0,0,0,0,0,0,0,0,0,0,0,0,0,0,0,0,0,0,0,0,0,0,0,0,0,0,0,0,0,0,0,0,0,0,0,0,0,0,0,0,0,0,0,0,0,0,0,0,0,0,0,0,0,0,0,0,0,0,0,0,0,0,0,0,0,0,0,0,0,0,0,0,0,0,0,0,0,0,0,0,0,0,0,0,0,0,0,0,0,0,0,1103.7854,0,0,0,0,0,0,0,0,45.247726,0,0,0,0,0,3190638.5,0,0,0,0,0,0,0,0,0,0,0,0,0,0,0,0,0,0,0,0,0,0,0
34670,0,0,0,0,0,0,0,0,8.371853,0,0,0,0,0,0,0,0,0,0,10.098536,0,0,0,0,0,0,0,0,0,0,0,0,0,0,31.121565,0,0,23.613148,0,0,0,0,0,0,0,0,0,0,0,0,0,0,0,0,0,0,0,0,0,0,0,0,9.478575,0,0,0,0,0,0,10.166462,10.795862,0,0,0,0,0,0,0,0,0,0,0,0,0,0,0,0,6.549017,0,0,0,0,0,0,0,0,22953.092,0,0,0,0,7.180784,0,23.181194,0,0,0,0,0,0,191.67389,0,16.556583,0,0,0,0,0,0,0,0,8.225906,0,0,0,2899624.5,20.341755,0,0,0,0,0,0,0,0,0,0,0,0,0,12.025547,0,0,0,0,0,10.965386,30.930786,11.599863
33391,0,0,0,0,0,0,0,0,0,0,0,7151.4414,12.192397,0,0,0,36.360146,0,0,16.920565,13.5271,0,0,12.958357,0,0,0,0,0,0,0,19.099178,0,0,18.962482,17.391981,0,160.23184,0,0,0,0,0,0,0,0,0,0,0,0,0,0,0,0,0,0,0,0,0,57.015305,0,0,0,0,0,0,0,9.751446,16.09488,0,45.693253,0,0,0,0,0,0,0,0,27.59383,0,0,0,0,0,0,11.959896,10.604418,0,0,12.363235,9.180428,9.456316,16.417042,124.66041,50.50018,0,0,12.057637,0,0,0,13.847477,77.52613,0,18.36586,13.045265,0,0,0,210.1126,9.7962885,89.81347,0,0,0,0,0,0,0,0,12.473436,15.943115,0,0,271471.5,132.1877,0,0,12.70019,0,0,0,0,0,10.58694,0,0,0,0,33.447086,0,14.000883,26.324913,0,0,0,31.230904,33.60775
37993,0,0,0,0,0,24791.607,0,0,0,0,0,0,0,0,0,0,0,0,0,0,0,0,0,0,0,0,0,0,0,0,255.25768,0,0,0,0,0,0,0,0,0,0,0,0,0,0,0,0,0,0,0,0,0,0,0,91.65211,0,0,0,0,0,0,0,0,0,0,0,0,0,0,0,0,0,0,0,0,0,0,0,0,0,0,0,0,0,0,0,0,0,0,0,0,0,0,0,0,0,5795.451,0,0,0,0,0,0,0,0,0,0,0,0,0,5286054.5,0,0,0,489.83655,0,0,0,0,0,0,0,0,0,0,0,0,0,0,0,0,0,0,0,0,0,0,0,0,0,0,0,0,0,0,0,0,0,0
33412,0,0,0,0,0,0,0,0,0,0,0,0,0,0,0,0,0,0,0,0,0,0,0,0,0,0,0,0,0,0,0,0,0,0,0,0,0,0,0,0,0,0,0,0,0,0,0,0,0,0,0,0,0,0,0,0,0,0,0,0,0,0,0,0,0,0,0,0,0,0,0,0,0,0,0,0,0,0,0,0,0,0,0,0,0,0,0,0,0,0,0,0,0,0,0,0,0,0,0,0,0,0,0,0,0,0,0,0,0,0,169.23456,0,0,0,0,0,0,0,0,0,0,0,0,0,0,1185520.8,0,0,0,0,0,0,0,0,0,0,0,0,0,0,0,0,0,0,0,0,0,0,0
29612,0,0,0,0,0,0,0,0,272.81693,0,0,0,12.101453,77.710014,0,0,16.423672,11.897427,63.20269,25.429018,8.829606,0,35.33874,51.827812,0,0,0,94.70861,0,0,0,0,0,16.436417,16.342484,96.211334,0,574.17017,0,14.109295,0,0,0,22.642658,0,0,156.48218,0,0,12.431321,0,0,144.97461,0,0,342.9084,162.76013,0,0,138.89763,0,0,17.145454,152.90543,0,0,12.876903,12.697333,0,51.16992,41.97436,0,0,0,0,13.574211,0,362.14642,48.68804,0,0,0,0,0,179641.33,96.8102,27.64862,137.82379,0,0,16.761154,24.843575,12.198413,10.841017,13.527188,14.421808,0,0,38.462433,0,0,495.46454,45.746166,17.037323,0,0,0,0,0,183.66127,0,18.618885,0,51.233475,0,44.354412,10.530457,32.533195,0,0,61.448566,9.516012,0,0,0,0,0,99.82808,0,32.070915,0,109.386765,40.97092,20.649418,0,31.12915,0,10.485779,39.267105,199.03214,0,215.8883,16.280617,108.263855,92.70538,11.680813,90.91772,41.514454,68.05472
37404,0,0,0,0,0,0,0,0,0,0,0,0,0,0,0,0,0,0,0,0,0,0,0,0,0,0,0,0,0,0,0,0,0,0,0,0,0,0,0,0,0,0,0,0,0,0,0,0,0,0,0,0,0,0,0,0,0,0,0,0,0,0,0,0,0,0,0,0,0,0,0,0,0,0,0,0,0,0,0,0,0,0,0,0,0,0,0,0,0,0,0,0,0,0,0,0,0,0,0,0,0,0,0,0,0,0,0,0,0,0,498.23016,0,0,0,0,0,0,0,0,0,0,0,0,0,0,895347.1,0,0,0,0,0,0,0,0,0,0,0,0,0,0,0,0,0,0,0,0,0,0,0
38198,0,0,0,0,0,30042.893,0,0,0,0,0,0,0,0,0,0,0,0,0,0,0,0,0,0,0,0,0,0,0,0,0,0,0,0,0,0,0,0,0,0,0,0,0,0,0,0,0,0,0,0,0,0,0,0,11.037738,0,0,0,0,0,0,0,0,0,0,0,0,0,0,0,0,0,0,0,0,0,0,0,0,0,0,0,0,0,0,0,0,0,0,0,0,0,0,0,0,0,0,0,0,0,0,0,0,0,0,0,0,0,0,0,874792.1,0,0,0,0,0,0,0,0,0,0,0,0,0,0,0,0,0,0,0,0,0,0,0,0,0,0,0,0,0,0,0,0,0,0,0,0,0,0
36137,0,0,0,0,0,0,0,0,0,0,0,0,0,0,0,0,0,0,0,0,0,0,0,0,0,0,0,0,0,0,0,0,0,0,0,0,0,0,0,0,0,0,0,0,0,0,0,0,0,0,0,0,0,0,0,0,0,0,0,0,0,0,0,0,0,0,0,0,0,0,0,0,0,0,0,0,0,0,0,0,0,0,0,0,0,0,0,0,0,0,0,0,0,0,0,0,0,0,0,0,0,0,0,0,0,0,0,0,0,0,44635.984,0,0,0,0,0,0,0,0,0,0,0,0,0,0,0,0,0,0,0,0,0,0,0,0,0,0,0,0,0,0,0,0,0,0,0,0,0,0
34453,0,0,0,0,0,574.91785,0,0,0,0,0,0,0,0,0,0,0,0,0,0,0,0,0,0,0,0,0,0,0,0,0,0,0,0,0,0,0,0,0,0,0,0,0,0,0,0,0,0,0,0,0,0,0,0,0,0,0,0,0,0,0,0,0,0,0,0,0,0,0,0,0,0,0,0,0,0,0,0,0,0,0,0,0,0,0,0,0,0,0,0,0,0,0,0,0,0,13.163015,0,0,0,0,0,0,0,0,0,0,0,0,0,158804.73,0,0,0,0,0,0,0,0,0,0,0,0,0,0,3209.6956,0,0,0,0,0,0,0,0,0,0,0,0,0,0,0,0,0,0,0,0,0,0,0
33895,0,0,0,0,0,0,0,0,0,0,0,0,0,0,0,0,0,0,0,0,0,0,0,0,0,0,0,0,0,0,0,0,0,0,0,0,0,0,0,0,0,0,0,0,0,0,0,0,0,0,0,0,0,0,0,0,0,0,0,0,0,0,0,0,0,0,0,0,0,0,0,0,0,0,0,0,0,0,0,0,0,0,0,0,0,0,0,0,0,0,0,0,0,0,0,0,4197.8926,0,0,0,0,0,0,0,0,0,0,0,0,0,0,0,0,0,0,0,0,0,0,0,0,0,0,0,0,143315.52,0,0,0,0,0,0,0,0,0,0,0,0,0,0,0,0,0,0,0,0,0,0,0
33668,0,0,0,0,0,0,0,0,0,0,0,0,0,0,0,0,9.786955,0,0,0,13.359476,0,0,12.952277,0,0,0,0,0,0,0,18.979641,0,0,0,0,0,0,0,0,0,0,0,0,0,0,13.238599,0,0,0,0,0,0,0,0,10.117453,0,0,0,18.957108,0,0,0,0,0,0,0,0,35.721127,0,20.638565,0,0,0,0,0,0,0,0,0,0,0,0,0,0,0,0,0,0,0,20.299175,9.705042,0,0,90.44459,41.29949,0,0,8.311064,0,0,0,11.537965,9.663002,0,15.306726,0,0,0,0,0,0,0,0,0,0,0,0,0,0,0,37.43902,12.204877,0,82914.586,0,0,0,0,0,0,0,10.210869,0,0,0,0,0,9.091167,0,73.04413,8.562174,9.792361,0,0,14.344114,11.54411,0,9.371775
31779,0,0,0,0,0,0,0,0,0,0,0,56.642517,0,0,0,0,0,0,0,21.48901,20.568554,0,0,0,0,0,0,0,0,0,0,0,0,14.547442,18.701809,0,0,0,0,12.827957,0,0,0,0,0,0,13.477607,0,0,11.805014,0,0,0,0,0,11.343732,0,0,0,18.077288,0,0,13.871864,14.569044,0,0,0,0,15.512971,0,27.355534,0,0,0,0,0,0,0,0,0,0,0,0,0,0,0,0,0,0,0,12.358557,0,0,0,0,22.215313,0,0,0,0,0,0,11.636667,19.683403,0,34.354336000000004,0,0,0,12.107519,29.623684,0,45.806854,11.229216,0,0,10.633638,0,0,0,10.331247,16.571241,0,0,0,314186.97,0,0,0,0,0,0,14.506276,0,0,0,0,0,20.357502,0,36.135628,0,0,0,9.39587,0,10.894767,0,16.396986
33698,0,0,0,0,0,0,0,0,0,0,0,0,0,0,0,0,11.856632,0,0,9.427564,11.177061,0,0,12.411852,0,0,0,0,0,0,0,10.095461,0,0,11.298568,0,0,0,0,0,0,0,0,0,0,0,16.094082,0,0,9.308046,0,0,0,0,0,0,0,0,0,132.96838,0,0,0,11.2833,0,0,0,0,11.098531,0,31.603125,0,0,0,0,0,0,0,0,0,0,0,0,0,0,0,0,0,0,0,0,0,0,0,12.805248,46.019966,0,0,0,0,0,0,12.896624,18.719128,0,30.653616,0,0,0,0,347.37973,0,16.250156,15.977247,0,0,0,0,0,294.45645,0,35.781425,12.054646,0,0,93024.41,10.005461,0,0,16.025291,0,11.280268,10.4605465,0,0,0,0,11.415215,24.206408,9.804541,16.514946,0,0,0,0,0,20.037754,0,9.881956
35654,0,0,0,0,0,48.075382,0,0,0,0,0,0,0,0,0,0,16.638031,0,0,0,0,0,0,0,0,0,0,0,0,0,0,0,0,0,0,0,0,0,0,0,0,0,0,0,0,0,0,0,0,0,0,0,0,0,0,0,0,0,0,19.154922,0,0,0,0,0,0,0,51.63317,0,0,0,0,0,0,0,0,0,0,0,22.294067,0,0,0,0,0,0,10.356295,9.529872,0,0,25.632559,11.617391,0,0,0,0,28650.43,0,0,0,0,0,0,0,0,0,0,0,0,0,6540.821,0,17.928091,0,0,0,0,0,0,0,0,62.44509,0,0,0,2341915,0,0,0,0,0,0,88.5183,0,0,0,0,11.125903,0,0,0,0,0,0,0,0,0,0,20.47359
36480,0,0,0,0,0,132818.47,0,0,0,0,0,0,0,0,0,0,37.510597,0,0,0,0,0,0,0,0,0,0,0,0,0,0,0,0,0,0,0,0,0,0,0,0,0,0,0,0,0,0,0,0,0,0,0,0,0,47.23635,0,0,0,0,0,0,0,0,0,0,0,0,0,0,0,21.113983,0,0,0,0,0,0,0,0,15.032232,0,0,0,0,0,0,9.758508,11.415437,0,0,17.37442,0,0,0,15.664665,0,0,0,0,0,0,0,0,0,0,0,0,0,0,0,14415150,0,17.46209,0,0,0,0,0,0,0,0,8.060984,0,0,0,88582.65,0,0,0,0,0,0,14.846584,0,0,0,0,10.0353365,0,0,0,0,0,0,0,0,0,0,18.273607
32962,0,0,0,0,0,0,0,0,0,0,0,0,12.724718,11.115935,0,0,28.077187,0,0,16.845049,25.2159,0,0,58.53928,0,0,0,12.22086,0,0,0,17.78808,0,16.642742,8.753172,0,0,14.227834,0,0,0,0,0,0,0,0,11.997761,0,0,15.518734,0,0,0,0,0,0,0,0,0,20.949677,0,0,0,0,0,0,0,10.505583,27.82292,11.731448,52.941532,0,0,0,0,0,0,0,10.037702,12.545401,0,0,0,0,0,0,11.001644,10.28193,0,0,12.113245,11.673454,0,13.739746,30.43386,18.181053,0,0,0,0,0,0,13.270528,36.479652,0,22.496666,11.523092,0,0,51.322205,0,9.017696,22.738262,17.71889,1816210.6,0,0,0,0,29.662697,0,23.341995,15.144038,0,743.12445,257.16104,64.06063,0,0,7.4979687,0,0,12.349927,11.886156,0,0,0,0,10.116243,0,61.629906,0,11.66891,0,11.582656,16.441124,0,26.438965,30.532574
28000,0,0,0,0,0,0,0,0,0,0,0,0,0,0,0,0,0,0,0,0,0,0,0,0,0,0,0,0,0,0,0,0,0,0,0,0,0,0,0,0,0,0,0,0,0,0,0,0,0,0,0,0,0,0,0,0,0,0,0,0,0,0,0,0,0,0,0,0,0,0,0,0,0,0,0,0,0,0,0,0,0,0,0,0,0,0,0,0,0,0,0,0,0,0,0,0,0,0,0,0,0,0,0,0,0,0,0,0,0,0,0,0,0,0,0,0,0,0,0,46879.613,0,0,0,0,0,35.735004000000004,0,0,0,0,0,0,0,0,0,0,0,0,0,0,0,0,0,0,0,0,0,0,0
31921,0,0,0,0,0,0,0,0,0,0,0,0,0,0,0,0,15.021404,0,0,0,0,0,0,17.50573,0,0,0,10.309044,0,0,0,21.830673,0,0,0,0,0,0,0,0,0,0,0,0,0,0,0,0,0,14.835322,0,0,0,0,0,0,0,0,0,18.29218,0,0,0,0,0,0,0,0,18.407307,12.437475,18.25273,0,0,0,0,0,0,0,12.729725,21.63444,0,0,0,0,0,0,11.937584,0,0,0,22.056393,0,0,0,0,19.128433,0,0,0,0,0,0,11.842741,13.271035,0,16.697521,0,0,0,0,532.4366,0,0,0,0,0,7.7329893,0,0,0,0,11.763023,0,0,0,2272367.8,132.41803,0,0,0,0,0,15.743293,9.491383,0,0,0,10.922886,0,0,15.191826,0,0,0,9.576982,0,0,0,9.966534
36266,0,0,0,0,0,0,0,0,0,0,0,0,0,0,0,0,0,0,0,0,0,0,0,0,0,0,0,0,0,0,32.273033,0,0,0,0,0,505906.97,0,0,0,0,0,0,0,0,0,0,0,0,0,0,0,0,0,0,0,0,0,0,0,0,0,0,0,0,0,0,0,0,0,0,0,0,72.475395,0,0,0,0,0,0,0,0,0,0,0,0,0,0,0,0,0,0,0,0,0,0,0,0,0,0,0,0,0,0,0,0,0,0,0,0,0,0,0,0,0,0,0,0,0,0,0,0,0,0,0,125957.64,0,0,0,0,0,0,0,0,0,0,0,0,0,0,0,0,0,0,0,0,0,0,0
25204,0,0,0,0,0,0,0,0,0,0,0,0,0,0,0,0,0,0,0,0,0,0,0,0,0,0,0,0,0,0,0,0,0,0,0,0,0,0,0,0,0,0,0,0,0,0,0,0,0,0,0,0,0,0,0,0,0,0,0,0,0,0,0,0,0,0,0,0,0,0,0,0,0,0,0,0,0,0,0,0,0,0,0,0,0,0,0,0,0,0,0,0,0,0,0,0,0,0,0,0,0,0,0,0,0,0,0,0,0,0,16.370949,0,0,0,0,0,0,0,0,79896.15,0,0,0,0,0,4055.5647,0,0,0,0,0,0,0,0,0,0,0,0,0,0,0,0,0,0,0,0,0,0,0
30826,0,0,0,0,0,0,0,0,0,0,0,36565.746,0,9.598177,0,0,49.19763,0,0,0,0,0,0,14.685429,0,0,0,7.7054358,0,0,0,16.293434,0,0,0,0,0,0,0,0,0,0,0,0,0,0,0,0,0,10.72336,0,0,0,0,0,0,0,0,9.130819,0,0,0,0,0,0,0,0,0,11.719839,0,20.160715,0,0,0,0,0,0,12.7499075,12.245134,25.936245,0,0,0,0,0,0,8.771671,0,0,0,0,0,0,0,0,0,0,0,0,0,0,0,0,0,0,0,0,0,0,0,8635.084,0,0,15.966713,0,0,0,0,0,0,0,0,0,0,0,6069843.5,25.416893,0,0,0,0,0,0,0,0,0,0,0,0,0,0,0,0,0,0,0,0,0,14.263939
26171,0,10.3635435,0,0,0,0,0,0,15219.861,0,18.949755,0,6028.608,25200.043,0,0,4694.6885,6133.3086,8231.036,12577.124,13715.782,0,9448.223,29531.238,0,0,0,22885.234,0,0,0,2762.1187,0,10303.094,2794.5386,9159.732,0,47484.992,0,2547.3264,0,0,0,2883.1472,0,0,17574.594,0,0,3657.614,0,0,3122.38,0,0,29171.977,24380.434,0,0,31978.793,0,0,4020.5566,61105.402,13.919513,0,14385.277,2762.6257,1573.5333,8646.099,3640.095,12.6548605,0,0,0,6077.9956,0,35266.293,10399.154,1780.4353,0,0,0,0,0,23010.297,9094.904,17010.164,0,0,7211.7036,2987.7769,2798.3625,3163.982,16825.938,15511.637,0,8.414132,5633.1504,0,0,44309.69,14093.161,1877.9358,0,10627.079,1363.3616,0,0,21282.611,0,4843.938,15801.412,71729.125,0,22111.113,2439.6482,10237.209,0,0,10547.085,4339.288,10059.232,6071.019,0,0,14222.748,15890.469,0,11918.148,0,9524.679,27401.258,28439.66,0,18541.38,0,9978.941,9691.975,28511.188,8773.514,19247.357,4726.8115,10246.29,6105.4946,4823.012,9817.271,2990.2065,25323.596
29614,0,0,0,0,0,0,0,0,14.275345,0,0,0,0,10.147714,0,0,0,0,0,0,0,0,0,0,0,0,0,0,0,0,0,0,0,0,0,0,0,45.792885,0,0,0,0,0,0,0,0,12.893709,0,0,0,0,0,11.288892,0,0,0,0,0,0,45.577698,0,0,0,0,0,0,0,0,0,0,0,0,0,0,0,0,0,48.5614,0,0,0,0,0,0,118349.62,0,0,18.486145,0,0,0,0,0,0,0,0,0,0,0,0,0,23.719349,0,0,0,0,0,0,0,0,0,0,0,12.510832,0,0,0,0,0,0,0,0,0,0,0,0,0,0,0,0,0,0,0,0,0,0,0,0,0,16.658503,0,10.203098,0,18.98318,0,0,0,0,0
29648,0,0,0,0,0,0,0,0,100.43631,0,0,0,38.554176,197.29332,0,0,58.848732,0,26.534885,32.895367,0,0,85.423515,121.84363,0,0,0,77.709274,0,0,0,0,0,55.010914,76.37091,78.61122,0,233.29224,0,20.56625,0,0,0,15.627941,0,0,138.216,0,0,17.670156,0,0,150.48004,0,0,232.74583,119.1064,0,0,833.4832,0,0,60.232788,83.715164,0,0,21.83038,95.57711,18.912092,17.711521,70.184715,0,0,0,0,11.222561,0,1001.9857,70.96344,0,0,0,0,0,324900.06,50.6821,20.378628,570.29065,0,0,72.857056,20.369743,0,0,0,30.442673,0,0,72.74136,0,0,411.14185,108.84241,263.54303,0,0,0,0,0,353.63614,0,23.360899,24.355602,166.97624,0,36.530403,14.432342,35.909164,0,0,120.77777,31.499577,44.195316,0,0,0,42.032955,70.99624,0,220.87653,0,150.75261,50.983788,110.338005,0,121.26619,0,44.55384,23.220905,179.75552,103.59355,204.72888,20.998177,82.984985,44.96254,40.313583,191.2461,47.98045,66.11357
38996,0,0,0,0,0,0,0,0,0,0,0,0,0,0,0,0,0,0,0,0,0,0,0,0,601105.75,0,0,0,0,0,0,0,0,0,0,0,0,0,0,0,0,0,0,0,0,0,0,0,0,0,0,0,0,0,0,0,0,0,0,0,0,0,0,0,0,0,0,0,0,0,0,0,0,0,0,0,0,0,0,0,0,0,0,0,1893.9734,0,0,0,0,47.55961,0,0,0,0,0,0,0,0,0,0,0,0,0,0,0,0,0,0,0,0,0,0,0,555.753,9749.678,0,0,0,0,0,0,0,0,0,0,0,0,0,0,0,0,0,0,0,0,0,0,0,0,0,0,0,0,0,0,0,0,0,0
40254,0,0,0,0,0,0,0,0,0,0,0,0,0,0,0,0,0,0,0,0,0,0,0,0,0,0,0,0,0,0,0,0,0,0,0,0,0,0,0,0,0,0,0,0,0,0,0,0,0,0,0,0,0,0,0,0,0,0,0,0,0,0,0,0,0,0,0,0,0,0,0,0,0,0,0,0,0,0,0,0,0,0,0,0,0,0,0,0,0,0,0,0,0,0,0,0,0,0,0,0,0,0,0,0,0,0,0,0,0,0,0,0,0,0,1157604.1,0,0,0,0,0,0,0,0,0,1386.403,0,0,0,0,0,0,0,0,0,0,0,0,0,0,0,0,0,0,0,0,0,0,0,0
34656,10.421703,10.619911,0,0,0,0,0,0,10.901974,0,30.755856,0,0,0,19.842573,0,0,11.234156,14.65255,12.071127,0,0,0,0,0,0,0,11.1781025,0,0,0,20.280327,0,14.867725,16.77354,0,0,25.20808,0,11.8679905,0,23.314943,0,0,0,0,20.22258,10.970656,0,0,0,9.20275,25.809795,0,0,15.369603,47.335228,0,0,0,0,73.44812,20.30432,9.515881,0,0,17.161167,23.031662,9.850759,12.591791,0,30.75057,0,0,0,14.000504,0,0,0,0,0,0,0,0,0,10.260885,0,0,0,0,0,9.942162,20.210865,0,0,0,7413.2183000000005,0,0,0,19.835768,14.126932,11.9468975,0,0,0,0,0,0,11.516147,0,10.161853,11.728033,37.56443,0,0,16.177334,0,0,0,22.939838,52.552345,0,0,0,692658.8,0,14.818047,0,0,9.7482815,0,0,10.841644,0,11.000603,0,0,18.308208,0,0,15.308157,11.092081,0,10.853943,0,16.387623,12.054939,0
34134,0,0,0,0,0,0,0,0,0,0,0,0,0,0,0,0,0,0,0,0,0,0,0,0,0,0,0,0,0,0,0,0,0,0,0,0,0,0,0,0,0,0,0,0,0,0,0,0,0,0,0,0,0,0,0,0,0,0,0,0,0,0,0,0,0,0,9.391771,0,0,0,0,0,0,0,0,0,0,0,0,0,0,0,0,0,0,0,0,0,0,0,0,0,0,0,0,6.94827,196.86586,0,0,0,0,0,0,0,0,0,0,0,0,0,11.2544,0,0,0,0,0,0,0,0,0,0,0,0,0,0,219325.75,0,0,0,0,0,0,0,0,0,0,0,0,0,0,0,0,0,0,0,0,0,0,0
30291,0,0,0,0,0,0,0,0,0,0,0,50.295242,0,0,0,0,0,0,0,0,0,0,0,0,0,0,0,0,0,0,0,0,0,0,0,0,0,0,0,0,0,0,0,0,0,0,0,0,0,0,0,0,0,0,0,0,0,0,0,0,0,0,0,0,0,0,0,0,0,0,0,0,0,0,0,0,0,0,0,0,0,0,0,0,0,0,0,0,0,0,0,0,0,0,0,0,0,0,0,0,0,0,0,0,0,0,0,0,0,0,0,0,0,0,35.639668,0,0,0,0,10248.835,0,0,0,0,0,28862.736,0,0,0,0,0,0,0,0,0,0,0,0,0,0,0,0,0,0,0,0,0,0,0
34732,0,0,0,0,0,18.066849,0,0,0,0,0,0,0,0,0,0,0,0,0,0,0,0,0,0,0,0,0,0,0,0,0,0,0,0,0,0,0,0,0,0,0,0,0,0,0,0,0,0,0,0,0,0,0,0,0,0,0,0,0,0,0,0,0,0,0,0,0,0,0,0,0,0,0,0,0,0,0,0,0,0,0,0,0,0,0,0,0,0,0,0,0,0,0,0,0,0,0,0,0,0,0,0,0,0,0,0,0,0,0,0,145971.53,0,0,0,0,0,0,0,0,0,0,0,0,0,0,214.25098,0,0,0,0,0,0,0,0,0,0,0,0,0,0,0,0,0,0,0,0,0,0,0
39601,0,0,0,0,0,0,0,0,0,0,0,0,0,0,0,0,0,0,0,0,0,0,0,0,0,0,0,0,0,0,0,0,0,0,0,0,0,0,0,0,0,0,0,0,0,0,0,0,0,0,0,0,0,0,0,0,0,0,0,0,0,0,0,0,0,0,0,0,0,0,0,0,0,0,0,0,0,0,0,0,0,0,0,0,0,0,0,0,0,0,0,0,0,0,0,0,6840.5654,0,0,0,0,0,0,0,0,0,0,0,0,0,0,0,0,0,1742203.5,0,0,0,0,0,0,0,352.44586,0,5085.67,19645.06,0,0,0,0,0,0,0,0,0,0,0,0,0,0,0,0,0,0,0,0,0,0,0
35451,0,0,0,0,0,0,0,0,0,0,0,0,0,0,0,0,0,0,0,18.395844,10.712967,0,11.6158495,23.175976,0,0,0,0,0,0,0,0,0,0,18.215143,0,0,18.373566,0,0,0,0,0,11.222854,0,0,21.29434,0,0,18.042767,0,0,0,0,0,0,0,0,0,12.3359585,0,0,9.827725,10.28487,0,0,0,0,39.442654,0,14.34738,0,0,0,0,0,0,0,0,0,0,0,0,0,0,0,12.160417,0,0,0,30.417503,9.163306,0,0,102.03819,47.403404,0,0,0,0,0,0,0,23.374706,0,21.30997,13.169048,0,0,0,0,9.683443,0,0,0,0,11.238747,0,0,0,11.770216,23.673225,44.93705,0,0,528344.7,108.77488,9.061132,0,30.430975,0,22.375406,17.880444,0,0,0,0,0,0,0,185.99698,0,0,0,27.783041,15.915901,13.518404,15.311451,110.13184
36138,0,0,0,0,0,0,0,0,0,0,0,0,0,0,0,0,0,0,0,0,0,0,0,0,0,0,0,0,0,0,0,0,0,0,0,0,0,0,0,0,0,0,0,0,0,0,0,0,0,0,0,0,0,0,0,0,0,0,0,0,0,0,0,0,0,0,0,0,0,0,0,0,0,0,0,0,0,0,0,0,0,0,0,0,0,0,0,0,0,0,0,0,0,0,0,0,0,0,0,0,0,0,0,0,0,0,0,0,0,0,89125.56,0,0,0,0,0,0,0,0,0,0,0,0,0,0,0,0,0,0,0,0,0,0,0,0,0,0,0,0,0,0,0,0,0,0,0,0,0,0
36970,0,0,0,0,0,0,0,0,0,0,0,0,0,18.483246,0,0,40.75846,13.629685,0,22.53509,15.96362,0,19.782848,0,0,0,0,21.7449,0,0,0,19.411142,0,26.555956,29.853832,0,0,0,0,16.218004,0,0,0,14.779267,0,0,24.184242,0,0,35.887806,0,0,0,0,0,15.065344,0,0,0,181.7283,0,0,0,0,0,0,15.819027,0,0,25.586756,75.92612,0,0,0,0,0,0,18.860296,20.119755,13.95887,0,0,0,0,0,14.640301,0,0,0,0,38.971844,0,0,0,71.380196,12.684502,0,0,0,0,0,0,84.04898,0,0,0,22.6284,0,0,15.922027,0,14.481573,32.962814,0,0,0,0,0,0,0,0,56.07488,0,0,110549.8,0,0,0,0,24.219517,0,39.206688,34.120636,0,0,15.287874,0,10.736725,0,16.861393,41.513294,0,38.65219,0,11.439564,18.927992,12.7042,23.907564,0
37932,0,0,0,0,0,0,0,0,0,0,0,0,0,0,0,0,0,0,0,0,0,0,0,0,0,0,0,0,0,0,0,0,0,0,0,0,0,0,0,0,0,0,0,0,0,0,0,0,0,0,0,0,0,0,0,0,0,0,0,0,0,0,0,0,0,0,0,0,0,0,0,0,0,0,0,0,0,0,0,0,0,0,0,0,0,0,0,0,0,0,0,0,0,0,0,0,0,0,0,0,0,0,0,0,0,0,0,0,0,0,0,0,0,0,380559.38,0,0,0,0,0,0,0,0,0,6765.7427,5192.6855,0,0,0,0,0,0,0,0,0,0,0,0,0,0,0,0,0,0,0,0,0,0,0
36990,0,0,0,0,0,0,0,0,0,0,0,0,0,0,0,0,0,0,0,0,0,0,0,0,0,0,0,0,0,0,0,0,0,0,0,0,0,0,0,0,0,0,0,0,0,0,0,0,0,0,0,0,0,0,0,0,0,0,0,0,0,0,0,0,0,0,0,0,0,0,0,0,0,0,0,0,0,0,0,0,0,0,0,0,0,0,0,0,0,0,0,0,0,0,0,0,0,0,0,0,0,0,0,0,0,0,0,0,0,0,0,0,0,0,2803789.2,0,0,0,0,0,0,0,0,0,21062.22,13468.169,0,0,0,0,0,0,0,0,0,0,0,0,0,0,0,0,0,0,0,0,0,0,0
36623,0,0,0,0,0,0,0,0,0,0,0,0,0,0,0,0,0,0,0,0,0,0,0,0,0,0,0,0,0,0,0,0,0,0,0,0,0,0,0,0,0,0,0,0,0,0,0,0,0,0,0,0,0,0,0,0,0,0,0,0,0,0,0,0,0,0,0,0,0,0,0,0,0,0,0,0,0,0,0,0,0,0,0,0,0,0,0,0,0,0,0,0,0,0,0,0,0,0,0,0,0,0,0,0,0,0,0,0,0,0,0,0,0,0,0,0,0,0,0,0,0,0,0,0,0,203787.1,0,0,0,0,0,0,0,0,0,0,0,0,0,0,0,0,0,0,0,0,0,0,0
36325,0,0,0,0,0,0,0,0,9.935078,0,0,1862.0453,14.464331,45.382523,0,0,137.85571,0,0,53.684822,41.82835,0,10.790243,83.63722,0,0,0,16.262192,0,0,0,55.529167,0,13.20492,31.56287,72.891365,0,14.639246,0,11.842228,0,0,0,0,0,0,108.00209,0,0,28.63974,0,0,9.706848,0,0,20.814278,36.430794,0,0,277.31305,0,0,27.108707,14.17527,0,0,22.161419,34.741966,25.710867,16.912815,56.971893,0,0,0,0,9.41636,0,9.837861,18.467592,17.367922,0,0,0,0,0,0,13.998039,21.607058,0,0,85.87985,17.18723,14.014763,17.020996,107.25164,305.90814,0,0,31.680046,0,0,26.07919,133.36116,49.764233,0,313.25247,16.12788,0,0,56.53243,0,20.033775,24.182835,26.17777,0,0,31.652176,0,0,0,34.32355,139.11087,47.69148,9.949159,0,113462.875,22.74537,39.370728,0,78.92008,0,41.955654,77.555786,41.59767,0,84.830475,0,42.192505,22.541977,31.7942,147.37239,13.265865,19.20568,11.157895,35.672676,117.86963,30.926973,33.67341,59.158142
33896,0,0,0,0,0,0,0,0,0,0,0,0,0,0,0,0,0,0,0,0,0,0,0,0,0,0,0,0,0,0,0,0,0,0,0,0,0,0,0,0,0,0,0,0,0,0,0,0,0,0,0,0,0,0,0,0,0,0,0,0,0,0,0,0,0,0,0,0,0,0,0,0,0,0,0,0,0,0,0,0,0,0,0,0,0,0,0,0,0,0,0,0,0,0,0,0,72106.8,0,0,0,0,0,0,0,0,0,0,0,0,0,15.27798,0,0,0,0,0,0,0,0,0,0,0,0,0,0,2244699.5,0,0,0,0,0,0,0,0,0,0,0,0,0,0,12.146675,0,0,0,0,0,0,0,0
30095,0,0,0,0,0,0,0,0,0,0,0,0,20.524178,21.975174,0,0,18.866913,11.922404,0,0,16.760365,0,17.11266,0,0,0,0,0,0,0,0,73.18991,0,0,0,12.5791445,0,29.868626,0,30.080517,0,0,0,0,0,0,0,0,0,0,0,0,15.132257,0,0,0,0,0,0,32.084286,0,0,17.678726,13.597406,0,0,11.289232,0,17.783033,0,0,0,0,0,0,10.016411,0,22.715769,13.015499,20.282387,0,0,0,0,0,0,17.053246,0,0,0,0,14.1804085,14.070997,57.145134,0,15.831597,0,0,11.805921,0,0,0,0,27.773788,0,0,0,0,0,0,404.6094,11.659121,0,34.498096,0,0,17.256374,10.174522,0,0,13.524892,49.10688,0,57.13208,0,1629032.4,33.432602,14.853555,0,0,0,20.50521,0,15.867135,0,12.731325,0,0,0,15.3432255,0,12.668991,24.890014999999998,0,15.276241,0,119.14298,0,27.921616
32529,0,0,0,0,0,0,0,0,0,0,0,0,116.38972,0,0,0,0,0,0,0,0,0,0,0,0,0,0,0,0,0,0,0,0,0,0,0,0,0,0,0,0,0,0,0,0,0,0,0,0,0,0,0,0,0,0,0,0,0,0,0,0,0,0,0,0,0,0,0,0,0,14.53683,0,0,0,0,0,0,0,0,0,0,0,0,0,0,0,0,0,0,0,0,0,0,0,0,0,0,0,0,0,0,0,0,0,0,0,0,0,0,0,0,0,0,0,5005930,0,0,0,0,0,0,0,0,0,13835.753,0,0,0,0,0,0,0,0,0,0,0,0,0,0,0,0,0,0,0,0,12.457519,0,17.592472,0
35777,0,0,0,0,0,5972.5796,0,0,0,0,0,0,0,0,0,0,0,0,0,0,0,0,0,0,0,0,0,0,0,0,0,0,0,0,0,0,0,0,0,0,0,0,0,0,0,0,0,0,0,0,0,0,0,0,0,0,0,0,0,0,0,0,0,0,0,0,0,0,0,0,0,0,0,0,0,0,0,0,0,0,0,0,0,0,0,0,0,0,0,0,0,0,0,0,0,0,0,0,0,0,0,0,0,0,0,0,0,0,0,0,177003.05,0,0,0,0,0,0,0,0,0,0,0,0,0,0,0,0,0,0,0,0,0,0,0,0,0,0,0,0,0,19.995861,0,0,0,0,0,0,0,0
36342,0,0,0,0,0,0,0,0,0,0,0,75921.01,0,0,0,0,13.350456,0,0,0,0,0,0,73.49119,0,0,0,0,0,0,0,18.95431,0,0,15.866713,13.177816,0,0,0,0,0,0,0,0,0,0,14.17473,0,0,23.679108,0,0,0,0,0,0,0,0,0,52.13424,0,0,0,0,0,0,0,0,16.709915,0,15.038097,0,0,0,0,0,0,0,0,9.968961,0,0,0,0,0,0,12.946886,0,0,0,0,0,0,13.960066,16.672466,0,0,0,8.257711,0,0,0,14.559298,44.897484,0,49.558754,0,0,0,11.965328,54.20372,0,16.119026,0,0,0,12.154039,12.233816,0,0,0,11.911587,13.726824,0,41.54219,1355862.5,37.337845,0,0,12.388496,0,0,11.301853,0,0,0,0,0,0,0,41.71023,0,7.1792316,0,0,21.583832,0,0,18.677166
33640,0,0,0,0,0,0,0,0,9.848267,0,0,0,84.49648,100.734146,0,0,76.79214,26.57101,0,149.77899,153.13138,0,196.42416,86.93147,0,0,0,47.897537,0,0,0,281.21506,0,65.2414,102.0379,84.26726,0,102.76968,0,71.51854,0,0,0,41.130886,0,0,143.38188,0,0,226.66862,0,0,21.535658,0,0,117.988205,50.53238,0,0,303.80463,0,0,53.68699,126.04351,0,0,84.13643,129.80103,110.48186,41.43303,436.9203,0,0,0,0,39.927612,0,91.00437,37.353867,38.590908,0,0,0,0,0,11.761062,130.7301,73.50942,0,0,89.86908,48.27058,11.549754,53.127197,72.21411,206.10782,0,0,124.18944,0,0,72.060844,145.44395,322.0192,0,404.08597,130.09908,0,0,57.26254,10.076035,62.30004,440.6197,245.138,151.25183,64.80838,45.36353,34.097313,0,17.397753,84.61664,97.01732,94.31684,47.13362,9428110,0,136.3912,54.45051,0,113.40882,0,33.823204,77.71845,48.875546,0,82.23064,0,47.757736,83.56359,64.96917,326.8003,109.795654,95.344986,34.55326,40.54027,137.21153,68.21432,63.885468,260.14847
38287,0,0,0,0,0,0,0,0,0,0,0,0,0,0,0,0,0,0,0,0,0,0,0,0,0,0,0,0,0,0,0,0,0,0,0,0,0,0,0,0,0,0,0,0,0,0,0,0,0,0,0,0,0,0,0,0,0,0,0,0,0,0,0,0,0,0,0,0,0,0,0,0,0,0,0,0,0,0,0,0,0,0,0,0,0,0,0,0,0,0,0,0,0,0,0,0,0,0,0,0,0,0,0,0,0,0,0,0,0,0,239413.16,0,0,0,0,0,0,0,0,0,0,0,0,0,150839.53,38687.703,0,0,0,0,0,0,0,0,0,0,0,0,0,0,0,0,0,0,0,0,0,0,0
36687,0,0,0,0,0,0,0,0,0,0,0,0,0,0,0,0,0,0,0,0,0,0,0,0,0,0,0,0,0,0,0,0,0,0,0,0,0,0,0,0,0,0,0,0,0,0,0,0,0,0,0,0,0,0,0,0,0,0,0,0,0,0,0,0,0,0,0,0,0,0,0,0,0,0,0,0,0,0,0,0,0,0,0,0,0,0,0,0,0,0,0,0,0,0,0,0,0,0,0,0,0,0,0,0,0,0,0,0,0,0,0,0,0,0,0,0,0,0,0,0,0,0,0,0,0,701310.6,0,0,0,0,0,0,0,0,0,0,0,0,0,0,0,0,0,0,0,0,0,0,0
32185,0,0,0,0,0,0,0,0,0,0,0,0,0,0,0,0,0,0,0,0,0,0,0,0,0,0,0,0,0,0,0,0,0,0,0,0,0,0,0,0,0,0,0,0,0,396358.25,0,0,0,0,0,0,0,0,0,0,0,0,0,0,0,0,0,0,0,0,0,0,0,0,0,0,0,0,0,0,0,0,0,0,0,0,0,0,0,0,0,0,0,0,0,0,35.813442,0,0,0,0,0,0,0,0,0,0,14.181338,0,0,0,0,0,0,0,0,0,0,0,0,0,0,0,0,0,0,0,0,0,397360.88,0,0,0,0,0,0,0,0,0,0,0,0,0,0,0,0,0,0,0,0,0,0,0
30835,0,0,0,0,0,0,0,0,0,0,0,31804.635,0,0,0,0,0,0,0,0,0,0,0,0,0,0,0,0,0,0,0,0,0,0,0,0,0,0,0,0,0,0,0,8.862067,0,0,0,0,0,0,0,0,0,0,0,0,0,0,8.658707,0,0,0,0,0,0,0,0,0,0,0,0,0,0,0,0,0,0,0,0,0,0,0,0,0,0,0,0,0,0,0,0,0,0,0,0,0,0,0,0,0,0,0,0,0,0,0,0,0,0,0,8187.1655,0,0,0,0,0,0,0,0,19.999165,0,0,0,12.196896,0,5521992.5,0,0,0,0,0,0,0,0,0,0,0,0,0,0,19.843243,0,10.574652,0,0,0,0,0,0
35626,0,0,0,0,0,0,0,0,0,0,0,0,0,0,0,0,0,0,0,0,0,0,0,0,0,0,0,0,0,0,0,0,0,0,0,0,0,0,0,0,0,0,0,0,0,0,0,0,0,0,0,0,0,0,0,0,0,0,0,0,0,0,0,0,0,0,0,0,0,0,0,0,0,0,0,0,0,0,0,0,0,0,0,0,0,0,0,0,0,0,0,0,0,0,0,0,1390.2461,0,0,0,0,0,0,0,0,0,0,0,0,0,914.71875,0,0,0,0,0,0,0,0,26.719585,0,0,0,0,0,370208.1,0,0,0,0,0,0,0,0,0,0,0,0,0,0,0,0,0,0,0,0,0,0,0
36530,0,0,0,0,0,14380.777,0,0,0,0,0,0,0,0,0,0,0,0,0,0,0,0,0,0,0,0,0,0,0,0,0,0,0,0,0,0,0,0,0,0,0,0,0,0,0,0,0,0,0,0,0,0,0,0,0,0,0,0,0,0,0,0,0,0,0,0,0,0,0,0,0,0,0,0,0,0,0,0,0,0,0,0,0,0,0,0,0,0,0,0,0,0,0,0,0,0,0,0,0,0,0,0,0,0,0,0,0,0,0,0,1509711.4,0,0,0,0,0,0,0,0,336.71188,0,0,0,0,0,47652.594,0,0,0,0,0,0,0,0,0,0,0,0,0,0,0,0,0,0,0,0,0,0,0
30812,0,0,0,0,0,0,0,0,0,0,0,8585.14,0,0,0,0,0,0,0,0,0,0,0,0,0,0,0,0,0,0,0,17.007736,0,0,0,0,0,0,0,0,0,0,0,0,0,0,0,0,0,0,0,0,0,0,0,0,0,0,0,0,0,0,0,0,0,0,0,0,0,0,0,0,0,0,0,0,0,0,0,0,0,0,0,0,0,0,0,0,0,0,0,0,0,0,0,0,0,0,0,0,0,0,0,0,0,0,0,0,0,0,1496.059,0,0,0,0,0,0,0,0,0,0,0,0,0,0,685729.4,0,0,0,0,0,0,0,0,0,0,0,0,0,0,0,0,0,0,0,0,0,0,0
38151,0,0,0,0,0,0,0,0,0,0,0,0,368.85745,0,0,0,0,0,0,0,0,0,0,0,0,0,0,0,0,0,0,0,0,0,0,0,0,0,0,0,0,0,0,0,0,0,0,0,0,0,0,0,0,0,0,0,0,0,0,0,0,0,0,0,0,0,0,0,0,0,0,0,151.30594,0,0,0,0,0,0,0,0,0,0,0,0,0,0,0,0,0,0,0,0,0,0,0,0,0,0,0,0,0,0,0,0,0,0,0,0,0,0,0,0,0,13312161,0,0,0,0,0,0,0,0,0,162030.88,0,0,0,0,0,0,0,0,0,0,0,0,225.37708,0,0,0,0,0,0,0,65.18477,0,0,0
31618,0,0,0,0,0,0,0,0,0,0,0,0,0,0,0,0,27.090275,0,0,26.028744,0,0,18.863136,23.727898,0,0,0,0,0,0,0,17.117958,0,0,26.04908,0,0,0,0,0,0,0,0,0,0,0,0,0,0,14.641714,0,0,0,0,0,0,0,0,0,27.129131,0,0,10.420022,0,0,0,0,0,14.872826,0,0,0,0,0,0,0,0,12.051672,0,14.646746,0,0,0,0,0,0,0,0,0,0,19.388786,0,0,22.142895,0,23.71616,0,0,0,0,0,0,0,28.663727,0,11.714357,0,0,0,0,0,0,16.07972,0,0,0,0,0,0,32.315327,11.770676,0,0,0,0,60875.637,23.398514,0,0,30.738373,0,44.237663,14.095915,0,0,8.810573,0,0,0,0,0,0,23.031202,0,10.213598,0,0,0,14.220663
27637,0,0,0,0,0,0,0,0,0,0,0,0,3434.4905,0,0,0,0,0,0,0,0,0,0,0,0,0,0,0,0,0,0,0,0,0,0,0,0,0,0,0,0,0,0,0,0,0,0,0,0,0,0,0,0,0,0,0,0,0,0,0,0,0,0,0,0,0,0,0,0,0,150.73257,0,0,0,0,0,0,0,0,0,0,0,0,0,0,0,309.88626,0,0,0,0,0,0,0,0,0,0,0,0,0,0,0,0,0,0,0,0,0,0,0,0,0,0,0,402356.3,0,0,0,0,69.673935,0,0,0,0,1589.21,0,0,0,0,0,0,0,0,0,0,0,0,0,0,0,0,0,172.0687,0,0,335.84915,0,3912.483,0
34744,0,0,0,0,0,37852.688,0,0,0,0,0,8953.201,0,0,0,0,0,0,0,0,0,0,0,0,0,0,0,0,0,0,0,0,0,0,0,0,0,0,0,0,0,0,0,0,0,0,0,0,0,0,0,0,0,0,27.234774,0,0,0,0,0,0,0,0,0,0,0,0,0,0,0,0,0,0,0,0,0,0,0,0,0,0,0,0,0,0,0,0,0,0,0,0,0,0,0,0,0,0,0,0,0,0,0,0,0,0,0,0,0,0,0,15915540,0,0,0,0,0,0,0,0,0,0,0,0,0,0,117236.375,0,0,0,0,0,0,0,0,0,0,0,0,0,0,0,0,0,0,0,0,0,0,0
34109,0,0,0,0,0,0,0,0,0,0,0,1275.0415,0,0,0,0,0,0,0,0,0,0,0,0,0,0,0,0,0,0,0,0,0,0,0,0,0,0,0,0,0,0,0,0,0,0,0,0,0,0,0,0,0,0,0,0,0,0,0,0,0,0,0,0,0,0,0,0,0,0,0,0,0,0,0,0,0,0,0,0,0,0,0,0,0,0,0,0,0,0,0,0,0,0,0,0,13943.074,0,0,0,0,0,0,0,0,0,0,0,0,0,119.34896,0,0,0,0,0,0,0,0,0,0,0,0,0,0,3700120.2,0,0,0,0,0,0,0,0,0,0,0,0,0,0,0,0,0,0,0,0,0,0,0
30364,0,0,0,0,0,0,0,0,0,0,0,0,0,0,0,0,0,0,0,0,0,0,0,0,0,0,0,0,0,0,0,0,0,0,0,0,0,0,0,0,0,0,0,0,0,0,0,0,0,0,0,0,0,0,0,0,0,0,0,0,0,0,0,0,0,0,0,0,0,0,0,0,0,0,0,0,0,0,0,0,0,0,0,0,0,0,0,0,0,0,0,0,0,0,0,0,0,0,0,0,0,0,0,0,0,0,0,0,0,0,172.31058,0,0,0,0,0,0,0,0,126.14475,0,0,0,0,0,2720596.5,0,0,0,0,0,0,0,0,0,0,0,0,0,0,0,0,0,0,0,0,0,0,0
33589,9.217603,0,0,10.38957,0,132.91876,0,10.101063,0,9.950491,0,0,10.110025,17.586327,10.2703285,0,0,0,0,0,0,12.301736,0,0,0,9.849579,0,0,14.265728,10.813898,0,0,0,8.821833,0,0,0,0,9.096587,0,0,0,0,0,9.350922,0,0,0,8.099564,9.020758,0,0,0,0,11.928453,0,0,9.52317,0,0,0,0,0,0,0,0,0,0,0,0,0,0,9.678412,13.622339,10.800596,0,0,8.546598,0,0,0,9.005726,0,13.420008,9.991461,0,0,13.816712,0,0,0,0,0,0,0,0,0,9.107058,0,0,11.25094,0,0,0,9.650575,0,0,0,9.783489,0,4646.569,0,0,0,170553.11,10.714937,0,0,0,167.4172,0,0,13.037331,0,137.14253,0,0,0,9.142607,8.78652,9.353166,0,0,0,8.532959,10.002527,0,13.173448,0,10.28982,0,0,0,0,0,0,0,14.309756,10.636923
28715,0,0,0,0,0,0,0,0,0,0,0,0,260.64417,10.031594,0,0,158.10226,22.473017,0,53.657738,222.75494,0,25.904068,229.01825,0,0,0,128.25507,0,0,0,181.2461,0,23.463648,240.89963,83.83638,0,71.38203,0,0,0,0,0,38.686855,0,0,57.426853,0,0,59.279766,0,0,9.645845,0,0,38.87551,19.129868,0,0,237.2597,0,0,367.67636,74.174805,0,0,65.12467,43.7692,141.97104,14.946474,135.30786,0,0,0,0,10.604256,0,78.485245,175.25519,178.94676,0,0,0,0,0,0,59.34967,120.47286,0,0,88.67075,88.62651,24.875275,83.79104,35.539173,73.61922,0,0,13.164568,0,0,0,173.06505,75.43969,0,536.7066,258.85495,0,0,32.242058,0,124.45574,61.591965,38.777214,894.18134,0,11.361008,19.589539,0,48892.117,72.498634,120.78538,53.138065,113.96175,0,3403.555,297.83966,29.896603,0,243.80643,0,34.362953,92.45024,165.66296,0,29.811604,0,50.08969,26.437107,88.63334,99.65322,14.881858,39.941154,0,23.77858,48.156757,134.0074,49.88296,20.759392
32540,0,0,0,0,0,0,0,0,0,0,0,82.98732,16.460344,0,0,0,0,0,0,0,0,0,0,0,0,0,0,0,0,0,0,0,0,0,0,0,0,0,0,0,0,0,0,0,0,0,0,0,0,0,0,0,0,0,0,0,0,0,0,0,0,0,0,0,0,0,0,0,0,0,17.120901,0,0,0,0,0,0,0,0,0,0,0,0,0,0,0,0,0,0,0,0,0,0,0,0,0,34408.188,0,0,0,0,0,0,0,0,0,0,0,0,0,0,0,0,0,0,0,0,0,0,0,0,0,0,0,0,6792.386,0,0,0,0,0,0,0,0,0,0,0,0,0,0,0,0,0,0,0,230.30249,0,0,0
31640,0,0,0,0,0,11339.314,0,0,0,0,0,0,376.50146,0,0,0,15.926531,0,0,0,0,0,0,0,0,0,0,0,0,0,0,0,0,0,0,0,0,0,0,0,0,0,0,0,0,0,0,0,0,0,0,0,0,0,0,0,0,0,0,0,0,0,0,0,0,0,0,0,0,0,189.3866,0,0,0,0,0,0,0,0,0,0,0,0,0,0,0,12.7433605,0,0,0,0,0,0,0,0,0,29.385962,0,0,0,0,0,0,0,0,15.404846,0,0,0,0,138459.34,0,0,0,0,0,0,0,0,0,0,0,0,0,0,0,0,0,0,0,0,0,0,0,0,0,0,0,0,0,0,0,0,0,0,522.5793,0,136.85245,0
36135,0,0,0,0,0,7163.9263,0,0,0,0,0,0,31.67899,20.96674,0,0,23.453081,0,0,18.441628,17.171707,0,12.356426,9.583296,0,0,0,44.24207,0,0,0,16.371185,0,0,11.099018,13.349888,0,0,0,0,0,0,0,0,0,0,14.701479,0,0,0,0,0,0,0,13.502487,14.039669,0,0,0,47.65429,0,0,12.929887,0,0,0,0,0,37.85949,12.011886,61.96344,0,0,0,0,0,0,14.615036,0,0,0,0,0,0,0,0,39.658432,16.050205,0,0,7.560451,15.874985,17.37191,10.805238,90.798004,0,0,0,10.448085,0,0,0,19.440277,0,0,63.57094,0,0,0,0,5851897,13.752932,40.943108,10.919085,0,0,15.672099,11.511576,0,0,0,14.545703,28.603418,0,0,3667.4321,51.124123,11.558773,0,11.596018,0,15.830387,28.867355,0,0,23.46456,0,11.642855,14.803612,11.775518,41.461227,0,11.185537,0,14.609327,22.758034,15.074913,23.803436,15.19133
35422,0,0,0,0,0,0,0,0,0,0,0,0,11.384386,0,0,0,14.925114,0,0,29.49488,12.390402,0,0,12.993561,0,0,0,0,0,0,0,13.251604,0,0,20.520973,0,0,0,0,0,0,0,0,0,0,0,13.334084,0,0,0,0,0,0,0,0,0,0,0,0,23.821243,0,0,0,10.7504015,0,0,0,0,12.339413,0,14.002377,0,0,0,0,0,0,0,0,0,0,0,0,0,0,0,19.979907999999998,12.041939,0,0,9.795378,0,0,9.880745,14.45346,0,120.610756,0,0,0,0,0,0,0,0,23.204811,0,0,0,0,0,0,35.977043,0,0,0,0,0,0,0,10.515955,11.052533,11.845959,0,0,1210306.5,17.211647,0,0,14.108879,0,9.18376,23.52272,0,0,0,0,0,12.037113,10.514309,17.919662,8.283274,10.862085,0,9.440943,11.690887,0,0,0
31924,0,0,0,0,0,0,0,0,0,0,0,108.605545,32.39127,16.150036,0,0,135.19841,32.55225,0,111.18702,58.975807,0,48.174454,72.936714,0,0,0,130.90758,0,0,0,46.06376,0,10.820852,31.126444,29.153397,0,23.876894,0,42.277397,0,0,0,12.406315,0,0,65.27565,0,0,20.587387,0,0,13.170408,0,0,29.633274,11.297871,0,0,244.52074,0,0,17.827549,29.796633,0,0,14.499937,29.736113,45.54126,18.208927,80.036446,0,0,0,0,9.342234,0,16.046007,29.407217,71.13268,0,0,0,0,0,0,20.270325,24.611774,0,0,47.701363,28.428617,15.127982,48.59516,55.8031,69.36388,0,0,43.05839,0,0,15.443811,29.262379,30.61264,0,163.49002,20.092045,0,0,19.986507,145.97191,34.794704,123.069626,25.649628,0,0,29.098686,11.934357,0,0,28.503897,61.01777,51.426857,12.50935,0,1584655.1,94.52506,31.710297,0,130.22049,0,84.05887,88.29544,77.66141,0,47.00097,0,18.574486,50.07187,16.184044,83.2676,49.36097,40.930054,26.50554,26.667526,15.288847,28.078949,0,31.31405
30367,0,0,0,0,0,0,0,0,0,0,0,0,0,0,0,0,0,0,0,0,0,0,0,0,0,0,0,0,0,0,0,0,0,0,0,0,0,0,0,0,0,0,0,0,0,0,0,0,0,0,0,0,0,0,0,0,0,0,0,0,0,0,0,0,0,0,0,0,0,0,0,0,0,0,0,0,0,0,0,0,0,0,0,0,0,0,0,0,0,0,0,0,0,0,0,0,0,0,0,0,0,0,0,0,0,0,0,0,0,0,201.00304,0,0,0,0,0,0,0,0,0,0,0,0,0,0,900094.2,0,0,0,0,0,0,0,0,0,0,0,0,0,0,0,0,0,0,0,0,0,0,0
30189,0,0,0,0,0,0,0,0,0,0,0,118169.37,0,0,0,0,0,0,0,0,0,0,0,0,0,0,0,0,0,0,0,0,0,0,0,10.872818,0,0,0,0,0,0,0,0,0,0,0,0,0,0,0,0,0,0,0,0,0,0,0,0,0,0,0,0,0,0,0,0,0,0,15.972936,0,0,0,0,0,0,0,0,0,0,0,0,0,0,0,19.577759,0,0,0,0,10.382618,0,0,16.184914,0,0,0,0,0,0,0,0,0,0,0,0,0,0,0,10393.509,0,0,0,0,0,0,0,0,0,0,0,0,0,0,3470912.5,20.389963,0,0,0,0,0,0,0,0,0,0,0,0,0,0,0,0,0,0,0,0,0,0
38363,0,0,0,0,0,0,0,0,0,0,0,0,0,0,0,0,0,0,0,0,0,0,0,0,0,0,0,0,0,0,0,0,0,0,0,0,0,0,0,0,0,0,0,0,0,0,0,0,0,0,0,0,0,0,0,0,0,0,0,0,0,0,0,0,0,0,0,0,0,0,0,0,0,0,0,0,0,0,0,0,0,0,0,0,0,0,0,0,0,0,0,0,0,0,0,0,0,0,0,0,0,0,0,0,0,0,0,0,0,0,0,0,0,0,0,0,0,0,0,0,0,0,0,0,88938.07,860159.25,0,0,0,0,0,0,0,0,0,0,0,0,0,0,0,0,0,0,0,0,0,0,0
31340,0,0,0,0,0,0,0,0,0,0,0,480.31116,0,0,0,0,0,16.959259,0,0,0,0,0,0,0,0,0,0,0,0,0,0,0,10.238568,0,0,0,0,0,0,0,0,0,0,0,0,0,0,0,0,0,0,0,0,0,0,0,0,0,0,0,0,0,12.366083,0,0,0,0,0,0,0,0,0,0,0,0,0,24.909416,9.828407,0,0,0,0,0,0,0,0,11.753467,0,0,0,0,0,0,0,0,0,0,0,0,0,16.368862,0,0,0,0,0,0,0,0,0,0,0,0,0,0,0,10.777971,0,155.7475,0,0,0,0,0,42339.613,0,0,0,0,0,0,0,0,0,0,0,0,0,28.629242,0,11.946697,0,0,0,0,12.049384,0,0
36626,0,0,0,0,0,0,0,0,0,0,0,0,0,0,0,0,0,0,0,0,0,0,0,0,0,0,0,0,0,0,0,0,0,0,0,0,0,0,0,0,0,0,0,0,0,0,0,0,0,0,0,0,0,0,0,0,0,0,0,0,0,0,0,0,0,0,0,0,0,0,0,0,0,0,0,0,0,0,0,0,0,0,0,0,0,0,0,0,0,0,0,0,0,0,0,0,0,0,0,0,0,0,0,0,0,0,0,0,0,0,0,0,0,0,0,0,0,0,0,0,0,0,0,0,0,3888746,0,0,0,0,0,0,0,0,0,0,0,0,0,0,0,0,0,0,0,0,0,0,0
25896,0,0,0,0,0,0,0,0,1087.9398,0,0,0,1298.8466,2355.9126,0,0,619.62616,3248.7188,2078.1824,1327.0953,11701.444,0,3749.0881,1367.5288,0,0,0,5790.524,0,0,0,181.2778,0,0,8660.557,1225.1587,0,5156.578,0,3842.6619,0,0,0,209.52652,0,0,11294.268,0,0,2601.6877,0,0,289.8068,0,0,3462.5715,280.43448,0,0,8778.595,0,0,7948.0957,9277.279,0,0,163.49872,2072.4617,298.50604,136.2932,5635.9253,0,0,0,0,130.53304,0,2434.8774,0,67.00948,0,0,0,0,0,843.2779,3680.5383,90.55057,0,0,501.45862,314.9958,0,548.11096,1038.9447,1229.7744,0,0,2526.971,0,0,1132.7892,25767.98,458.01404,0,1640.7592,899.25793,0,0,117.396835,0,0,0,6500.579,0,963.07227,340.07877,198.16849,0,0,125.034195,3663.208,4635.843,2722.426,0,0,193.29492,2839.1846,0,8889.13,0,4697.2285,616.8451,2456.184,0,1415.6199,0,13472.734,3989.4316,89.070015,4014.1602,2718.6362,80.83043,2055.6406,3651.555,0,6379.073,0,149.39862
30530,0,0,0,0,0,0,0,0,0,0,0,0,0,0,0,0,0,0,0,0,0,0,13.717674,0,0,0,0,0,0,0,0,29.486183,0,0,0,0,0,0,0,0,0,0,0,0,0,0,0,0,0,0,0,0,0,0,0,0,0,0,0,0,0,0,0,0,0,0,0,0,0,0,0,0,0,0,0,0,0,0,0,29.843517,0,0,0,0,0,0,0,0,0,0,0,0,0,0,0,0,0,0,0,0,0,0,0,0,0,0,0,0,0,0,48529.75,0,0,0,0,0,18.038033,0,0,0,0,0,0,0,0,5233.8755,0,0,0,17.009964,0,0,0,0,0,0,0,0,0,0,0,0,0,0,0,0,0,0,0
34449,0,0,0,0,0,19275.24,0,0,0,0,0,0,0,0,0,0,0,0,0,0,0,0,0,0,0,0,0,15.978757,0,0,0,30.983536,0,0,0,0,0,0,0,0,0,0,0,0,0,0,0,0,0,0,0,0,0,0,0,0,0,0,0,0,0,0,0,0,0,0,0,0,11.274559,0,0,0,0,0,0,0,0,0,20.769436,11.10372,0,0,0,0,0,0,15.576538,0,0,0,0,7.738028,0,17.385223,0,0,168.06511,0,0,0,0,0,0,0,0,0,0,0,0,8.978761,1355649.5,10.268717,0,0,0,0,0,0,0,0,0,11.523923,0,0,0,394.95453,0,0,0,0,0,0,0,0,0,0,0,0,0,0,0,0,0,0,0,0,0,0,0
33914,0,0,0,0,0,0,0,0,0,0,0,0,0,0,0,0,0,0,0,0,0,0,0,0,0,0,0,0,0,0,0,0,0,0,0,0,0,0,0,0,0,0,0,0,0,0,0,0,0,0,0,0,0,0,0,0,0,0,0,0,0,0,0,0,0,0,0,0,0,0,0,0,0,0,0,0,0,0,0,0,0,0,0,0,0,0,0,0,0,0,0,0,0,0,0,0,12072.06,0,0,0,0,0,0,0,0,0,0,0,0,0,0,0,0,0,0,0,0,0,0,0,0,0,0,0,0,305458.25,0,0,0,0,0,0,0,0,0,0,0,0,0,0,0,0,0,0,0,0,0,0,0
36352,0,0,0,0,0,0,0,0,0,0,0,27834.752,0,0,0,0,0,0,0,0,0,0,0,0,0,0,0,0,0,0,0,0,0,0,0,0,0,0,0,0,0,0,0,0,0,0,0,0,0,0,0,0,0,0,0,0,0,0,0,0,0,0,0,0,0,0,0,0,0,0,0,0,0,0,0,0,0,0,0,0,0,0,0,0,0,0,0,0,0,0,0,0,0,0,0,0,0,0,0,0,0,0,0,0,0,0,0,0,0,0,1368.4752,0,0,0,0,0,0,0,0,12.473787,0,0,0,0,58.13973,2291290.5,0,0,0,0,0,0,0,0,0,0,0,0,0,0,0,0,0,0,0,0,0,0,0
35915,0,0,0,0,0,0,0,0,0,0,0,33186.023,0,0,0,0,0,0,0,0,0,0,0,0,0,0,0,0,0,0,0,0,0,0,0,8.822926,0,0,0,0,0,0,0,0,0,0,0,0,0,0,0,0,0,0,0,0,0,0,0,0,0,0,0,0,0,0,0,0,0,0,0,0,0,0,0,0,0,0,0,0,243.85498,0,0,0,0,0,0,0,0,0,0,0,0,0,23.484144,0,0,0,0,0,0,0,0,0,0,93.96514,0,0,0,0,187.48056,0,0,0,368636.5,0,0,0,0,0,0,18.235058,11.472004,0,0,616155.56,0,0,0,0,0,0,0,0,0,0,0,24.025566,0,0,14.708873,0,0,0,8.750435,0,0,0,0
31501,0,0,0,0,0,0,0,0,11.94511,0,0,19.278067,41.461723,51.780857,0,0,56.587135,13.99271,9.896983,20.437885,28.510878,0,33.754124,40.51674,0,0,0,46.557556,0,0,0,39.01423,0,22.75438,31.723427,36.94105,0,56.086323,0,15.7582,0,0,0,25.006428,0,0,81.0239,0,0,36.765675,0,0,12.188671,0,765.14166,27.472525,10.159664,0,9.379507,195.33548,0,0,45.7701,28.260584,0,0,33.34262,15.61252,138.43106,27.082712,68.475464,0,0,0,0,36.061485,0,25.548178,27.280752,67.58484,0,0,0,0,0,11.856089,47.550385,28.705069,0,0,124.95686,34.91655,15.297953,135.85425,227.01645,38.825584,0,0,24.995846,0,0,22.504395,57.567574,43.37889,0,162.05315,34.710743,0,0,64.25215,33153600,35.252106,29.39217,38.362732,0,10.887157,29.195868,10.434093,0,0,18.326962,15.834297,44.03173,16.385302,0,148967.75,199.62193,23.383842,0,16.87578,0,61.984016,36.89648,54.5952,0,32.994278,0,18.269638,73.86194,25.4981,63.750984,15.808044,23.555386,16.705883,102.8181,37.41913,87.75858,46.06756,20.987852
25451,0,0,0,0,0,0,0,0,0,0,0,0,0,0,0,0,0,0,0,0,0,0,0,0,0,0,0,0,0,0,0,0,0,0,0,0,0,0,0,0,0,0,0,0,0,0,0,0,0,0,0,0,0,0,8.382341,0,18.689827,0,0,0,0,0,0,0,0,0,0,0,42.66557,0,0,0,0,0,0,0,0,0,0,0,0,0,0,0,0,0,0,0,0,0,0,0,0,0,0,0,0,0,0,0,0,0,0,0,0,0,34.17539,0,0,0,0,0,0,0,0,0,0,29.33855,0,0,0,0,0,0,0,27916.137,0,0,0,0,0,0,0,0,0,0,0,0,0,0,0,0,0,0,0,0,0,0,0
30872,0,0,0,0,0,0,0,0,0,0,0,22.704317,0,0,0,0,0,0,0,0,0,0,0,0,0,0,0,0,0,0,0,0,0,0,0,0,0,0,0,0,0,0,0,0,0,0,0,0,0,0,0,0,0,0,0,0,0,0,34.184975,0,0,0,0,0,0,0,0,0,0,0,0,0,0,0,0,0,0,0,9.72113,0,0,0,0,0,0,0,0,0,0,0,0,0,0,0,19.900532,0,0,0,0,0,0,0,0,0,0,0,0,0,0,0,3959.903,0,19.183233,0,0,0,0,0,0,0,0,0,0,0,0,11238441,0,0,0,0,0,0,0,0,0,0,0,0,0,0,0,0,0,0,0,0,0,0,0
27196,0,0,0,0,0,0,0,0,0,0,0,0,0,0,0,0,0,0,0,0,0,0,0,0,0,0,0,0,0,0,0,0,0,0,0,0,0,0,0,0,0,0,0,0,0,0,0,0,0,0,0,0,0,0,0,0,0,0,8.333005,0,0,0,0,0,0,0,0,0,0,0,0,0,0,0,0,0,0,0,0,0,0,0,0,0,0,0,0,0,0,0,0,0,0,0,0,0,0,0,0,0,0,0,0,0,0,0,0,0,0,0,2249.9365,0,0,0,0,0,0,0,0,0,0,0,0,0,0,3779086.2,0,0,0,0,0,0,0,0,0,0,0,0,0,0,0,0,0,0,0,0,0,0,0
26456,0,0,0,0,0,0,0,0,7896.9844,0,0,0,1065.3823,11605.807,0,0,1569.6547,6390.6577,600.7415,9877.202,560.0205,0,1211.3352,4303.641,0,0,0,4875.1523,0,0,0,2521.5425,0,253.25423,8719.575,2747.4575,0,7729.8657,56.311584,6702.0747,0,0,0,244.89856,0,0,315.48346,0,0,3707.105,0,0,7046.688,0,0,12904.837,7355.521,0,0,5688.926,0,0,7352.7456,20843.182,0,0,6708.479,3166.4814,114.03246,5323.629,153.65866,0,0,0,0,346.12955,0,14385.377,6435.158,197.98035,0,0,0,0,0,3872.1548,268.7249,9102.062,0,0,9707.984,248.73778,873.094,329.50687,150.85962,9935.526,0,0,7246.7334,0,0,9462.6,5225.17,6071.1973,0,7684.4385,117.509995,0,0,15677.37,0,166.43304,1493.6783,44075.688,0,4262.4595,105.881714,2397.0955,0,0,6943.4526,209.75844,344.65512,142.77553,0,0,487.9452,8561.861,0,19677.252,0,8207.495,212.14809,3639.5083,0,13939.769,0,1289.8442,3588.1096,10199.629,681.69464,26692.303,3708.0703,1819.0002,1479.8762,221.64792,14703.103,6060.876,1118.4131
27413,0,0,0,0,0,0,0,0,32320.611,0,0,0,14655.97,54423.89,0,0,13414.113,13261.432,82702.81,25367.947,8832.9,0,18337.889,76832.74,0,0,0,20260.457,0,0,0,6339.737,0,12152.732,16830.3,17104.838,0,314260.6,1661.1687,15965.261,0,0,0,7303.818,0,0,19053.416,0,0,8065.347,0,0,23698.51,0,0,38946.84,16968.016,0,0,33716.53,0,0,17521.727,21132.139,0,0,10786.147,15425.302,6404.888,21497.602,14397.509,0,0,0,0,8318.648,0,50422.633,37820.277,4194.7656,0,0,0,0,0,34510.82,11964.121,81452.32,0,109.09696,32920.555,12223.588,4649.1343,6422.171,8644.583,84937.586,19.999908,0,24521.473,0,0,66966.125,25777.883,71272.43,0,21815.271,144.51514,0,0,47241.445,0,9872.476,23222.67,511902.12,0,21471.627,6144.9126,20345.4,0,0,21532.434,6637.7983,22593.867,1520.625,0,0,42795.79,38742.82,0,33281.348,0,17564.258,13921.99,50426.445,0,17278.484,0,13742.241,11388.352,38621.68,22498.629,55773.71,35353.184,40440.082,18361.23,16005.96,17038.918,37130.76,23028.896
26203,15.078657,28.315409,0,0,0,0,0,0,45304.965,0,56.64299,0,42714.047,101939.57,10.997504,0,34824.062,21660.021,28463.074,93313.49,30547.111,0,68916.85,113306.836,0,0,0,62750.68,0,0,0,11298,19.222473,27000.703,23963.64,37984.504,0,133747.86,0,80367.11,0,0,0,26830.574,0,0,62063.68,0,0,15116.795,0,9.598191,32660.979,0,0,107008.82,178153.52,0,0,86330.58,0,19.505156,55888.004,140849.7,29.889397,17.659395,36654.62,10675.259,48910.14,72309.97,34231.633,12.672129,0,0,0,15695.704,0,59675.297,52623.086,16937.48,0,0,0,0,0,48846.344,33834.902,75592.65,0,447.36417,51351.168,34528.945,18194.129,44368.715,28822.256,57474,0,29.930754,69579.5,0,0,95329.836,28195.867,53540.97,0,43920.227,8610.371,0,0,76054.49,0,24244.34,101548.13,818413.75,0,27861.379,26472.059,12548.28,0,34.182137,34728.473,27408.896,43334.336,17988.229,0,21.805931,43773.383,21000.346,0,55470.1,0,66107.96,42112.797,81068.63,0,38755.234,0,30455.855,52930.98,61437.754,67559.87,128669.92,34359.465,55165.67,30968.445,29759.82,61696.13,52085.188,61188.94
33846,0,0,0,0,0,0,0,0,0,0,0,0,2101.2256,0,0,0,0,0,0,0,0,0,0,0,0,0,0,0,0,0,0,0,0,0,0,0,0,0,0,0,0,0,0,0,0,0,0,0,0,0,0,0,0,0,0,0,0,0,0,0,0,0,0,0,0,0,0,0,0,0,40.813557,0,0,0,0,0,0,0,0,0,0,0,0,0,0,0,127.45664,0,0,0,0,0,0,0,0,0,0,0,0,0,0,0,0,0,0,0,0,0,0,0,0,0,0,0,8353357.5,0,0,0,0,9.201223,0,52.172737,0,0,93526,69.63305,0,0,0,0,0,0,0,0,0,0,0,0,0,0,0,0,19.75033,0,0,532.24426,0,553.22327,0
16218,0,0,0,0,0,0,0,0,0,0,0,0,17281.14,0,0,0,0,0,0,0,0,0,0,0,0,0,0,0,0,0,0,0,0,0,0,0,0,0,0,0,0,0,0,0,0,0,0,0,0,0,0,0,0,0,0,0,0,0,0,0,0,0,0,0,0,0,0,0,0,0,6729.696,0,0,0,0,0,0,0,0,0,0,0,0,0,0,0,1583.6558,0,0,0,0,0,0,0,0,0,0,0,0,0,0,0,0,0,0,0,0,0,0,0,0,0,0,0,0,0,0,0,0,668935.44,0,546.345,0,0,0,0,0,0,0,0,0,0,0,0,0,0,0,0,0,0,0,0,2819.3103,0,0,16001.7705,0,18725.975,0
23888,0,0,0,0,0,0,0,0,0,0,0,0,85216.88,0,0,0,0,0,0,0,0,0,0,0,0,0,0,0,0,0,0,0,0,0,0,0,0,0,0,0,0,0,0,0,0,0,0,0,0,0,0,0,0,0,0,0,0,0,0,0,0,0,0,0,0,0,0,0,0,0,13114.361,0,0,0,0,0,0,0,0,0,0,0,0,0,0,0,15574.165,0,0,0,0,0,0,0,51.14197,0,0,0,0,0,0,0,0,0,0,0,0,0,0,0,0,0,0,0,400167.47,0,0,0,0,3479.2336,0,11748.997,0,0,682.0948,0,0,0,0,0,0,0,0,0,0,0,0,0,0,0,0,0,16337.184,0,0,35300.836,0,145484.98,0
24761,0,0,0,0,0,0,0,0,0,0,0,0,0,0,0,0,0,0,0,0,13.825254,0,0,0,0,0,0,0,0,0,0,0,0,0,0,0,0,0,0,0,0,0,0,0,0,0,0,0,0,0,0,0,0,0,0,0,0,0,0,0,0,0,0,0,0,0,0,0,0,0,0,0,0,0,0,0,0,0,0,0,0,0,0,0,0,0,0,0,0,0,0,0,0,0,0,0,0,0,0,0,0,0,0,0,0,0,0,0,0,0,259.31116,0,0,0,0,0,0,0,0,29818.691,0,0,0,0,0,1633.0951,0,0,0,0,0,0,0,0,0,0,0,0,0,0,0,0,0,0,0,0,0,0,0
22764,0,0,0,0,0,0,0,0,0,0,0,0,0,0,0,0,0,0,0,0,0,0,0,0,0,0,0,0,0,0,0,114.342926,0,0,0,0,0,0,0,0,0,0,0,0,0,0,0,0,0,0,0,0,0,0,0,0,0,0,0,0,0,0,0,0,0,0,0,0,116.24118,0,0,0,0,0,0,0,0,0,0,0,0,0,0,0,0,0,0,0,0,0,0,65.708336,0,0,0,0,0,0,0,0,0,0,107.415184,0,0,1217.3163,235.90201,0,0,0,0,44.938194,0,0,26.40758,0,97.99384,0,0,30197.564,0,0,431.5453,0,0,0,0,0,0,147.48605,0,124.50833,0,0,0,0,0,0,0,0,0,0,0,0,0,0,140.44754,0,0
20993,0,0,0,0,0,0,0,0,0,0,0,0,0,0,0,0,0,0,0,0,0,0,0,0,0,0,0,0,0,0,0,0,0,0,0,0,0,0,0,0,0,0,0,0,0,0,0,0,0,0,0,0,0,0,0,0,0,0,0,0,0,0,0,0,0,0,0,0,0,0,0,0,0,0,0,0,0,0,0,0,0,0,0,0,0,0,0,0,0,0,0,0,0,0,0,0,0,0,0,0,0,0,0,0,0,0,0,0,0,0,0,0,0,0,0,0,0,0,0,21024.574,0,0,0,0,0,0,0,0,0,0,0,0,0,0,0,0,0,0,0,0,0,0,0,0,0,0,0,0,0
27519,0,0,0,0,0,0,0,0,0,0,0,0,31.698498,0,0,0,40.749855,0,0,0,19.609568,0,0,0,0,0,0,0,0,0,0,30.056555,0,0,23.67242,23.520947,0,23.50241,0,0,0,0,0,0,0,0,49.57508,0,0,33.472702,0,0,0,0,0,0,0,0,0,45.601387,0,0,16.795288,0,0,0,0,0,19.732681,17.046993,80.336525,0,0,0,0,0,0,0,0,0,182.57007,0,0,0,0,0,15.188532,13.186033,0,0,38.11474,0,0,54.660854,21.683773,0,0,0,0,0,0,0,20.026134,0,0,30.58031,40.29043,0,0,0,32.886,0,25.402645,0,0,0,0,0,0,96919.22,15.292171,42.515266,0,0,0,0,79.71154,0,0,20.938852,0,0,0,45.852207,0,0,0,34.499268,34.932926,0,30.466213,0,13.604335,0,0,12.3778715,15.578434,0,23.686092
31587,0,0,0,0,0,0,0,0,11.878202,0,0,500.31992,41.284218,124.9651,0,0,120.68408,90.23259,0,103.612686,52.13172,0,122.29941,137.16429,0,0,0,61.81511,0,0,0,67.33501,0,25.087715,74.30191,93.617134,0,99.11821,0,73.117516,0,0,0,50.856064,0,0,89.53464,0,0,155.89598,0,0,31.18618,0,0,78.48296,35.879967,0,0,471.11957,0,0,162.64049,97.34192,0,0,112.6529,118.067726,85.38704,57.248474,64.27362,0,0,0,0,12.644917,0,43.585487,35.44786,44.751854,0,0,0,0,0,22.33841,61.166332,21.227844,0,0,41.178703,78.51804,49.93508,65.12185,88.18428,35.27517,0,0,85.47621,0,0,62.497307,37.376488,182.98897,0,136.06421,69.6929,0,0,66.52756,220.54779,53.54962,228.74866,39.898994,0,13.835472,78.915695,39.211998,0,0,94.390236,75.359886,62.64966,30.2476,0,2260453,335.00354,131.14798,0,112.6683,0,45.2203,126.4682,164.4929,0,27.38315,0,199.48256,241.28992,97.693306,277.82535,77.60852,22.76265,27.942343,43.461823,13.325167,87.50532,83.24387,333.01392
34765,0,0,0,0,0,0,0,0,24.183292,0,0,0,53.061848,26.81195,0,0,32.520866,24.528069,22.960722,66.02382,21.095602,0,14.623783,51.367435,0,0,0,26.247232,0,0,0,50.966076,0,34.60191,117.43835,25.211727,0,359.08554,0,23.830425,0,0,0,40.716644,0,0,101.08885,0,0,55.850975,0,0,77.59884,0,0,11.885994,16.070076,0,0,52.408836,0,0,67.35233,46.43236,0,0,19.071077,16.755077,37.83728,22.061867,43.740692,0,0,0,0,17.265736,0,33.396214,59.269882,24.654406,0,0,0,0,0,15.159618,120.892914,26.827198,0,0,50.31283,18.720459,48.598488,38.07567,50.58814,22.521461,0,0,24.301483,0,0,45.42057,67.826744,82.41795,0,18.823448,17.087158,0,0,17.54702,0,25.344034,49.372,11.525312,0,14.127178,17.65455,15.255078,0,75.593994,115.7439,71.15047,34.36315,36.433147,0,60202.906,51.23815,26.202686,0,46.84872,0,14.216732,28.519575,16.981457,0,12.559353,0,32.080013,11.84609,17.058537,50.3871,16.98916,27.102554,26.52509,40.28732,24.444252,92.68039,19.561771,67.503365
30655,0,0,0,0,0,0,0,0,0,0,0,17.339943,0,0,0,0,0,0,0,0,0,0,0,0,0,0,0,0,0,0,0,0,0,0,0,0,0,0,0,0,0,0,0,0,0,0,0,0,0,0,0,0,0,0,0,0,0,0,0,0,0,0,0,0,0,0,0,0,0,0,0,0,0,0,0,0,0,0,0,0,0,0,0,0,0,0,0,0,0,0,0,0,0,0,0,0,0,0,0,0,0,0,0,0,0,0,0,0,0,0,0,0,0,0,0,0,0,0,0,0,0,0,0,0,0,257058.88,0,0,0,0,0,0,0,0,0,0,0,0,0,0,0,0,0,0,0,0,0,0,0
35702,0,0,0,0,0,106.86449,0,0,0,0,0,389535.84,0,0,0,0,0,0,0,0,0,0,0,0,0,0,0,0,0,0,0,0,0,0,0,0,0,0,0,0,0,0,0,0,0,0,0,0,0,0,0,0,0,0,0,0,0,0,0,10.000097,0,0,0,0,0,0,0,0,0,0,0,0,0,0,0,0,0,0,0,0,0,0,0,0,0,0,0,0,0,0,0,0,0,0,0,0,0,0,0,0,0,0,0,0,0,0,0,0,0,0,4122.757,0,0,0,0,0,0,0,0,0,0,0,0,0,0,193981.08,0,0,0,0,0,0,0,0,0,0,0,0,0,0,0,0,0,0,0,0,0,0,0
34950,0,0,0,0,0,101632.3,0,0,0,0,0,0,0,0,0,0,0,0,0,0,0,0,0,0,0,0,0,0,0,0,0,0,0,0,0,0,0,0,0,0,0,0,0,0,0,0,0,0,0,0,0,0,0,0,0,0,0,0,0,0,0,0,0,0,0,0,0,0,0,0,0,0,0,0,0,0,0,0,0,0,0,0,0,0,0,0,0,0,0,0,0,0,0,0,0,0,46.949654,0,0,0,0,0,0,0,0,0,0,0,0,0,712738.6,0,0,0,0,0,0,0,0,0,0,0,0,0,0,9222.705,0,0,0,0,0,0,0,0,0,0,0,0,0,0,0,0,0,0,0,0,0,0,0
34440,0,0,0,0,0,0,0,0,0,0,0,2363.077,0,0,0,0,0,0,0,0,0,0,0,0,0,0,0,0,0,0,0,0,0,0,0,0,0,0,0,0,0,0,0,0,0,0,0,0,0,0,0,0,0,0,0,0,0,0,0,0,0,0,0,0,0,0,0,0,0,0,0,0,0,0,0,0,0,0,0,0,0,0,0,0,0,0,0,0,0,0,0,0,0,0,0,0,10357.356,0,0,0,0,0,0,0,0,0,0,0,0,0,0,0,0,0,0,0,0,0,0,0,0,0,0,0,0,274924.47,0,0,0,0,0,0,0,0,0,0,0,0,0,0,0,0,0,0,0,0,0,0,0
38618,0,0,0,0,0,0,0,0,0,0,0,0,0,0,0,0,0,0,0,0,0,0,0,0,0,0,0,0,0,0,0,0,0,0,0,0,0,0,0,0,0,0,0,0,0,0,0,0,0,0,12.258564,0,0,0,13.726961,0,0,0,18.936014,0,0,0,0,0,0,0,0,0,0,0,0,0,0,0,0,0,0,0,0,0,0,0,0,0,0,0,0,0,0,0,0,0,0,0,0,0,0,0,0,0,0,0,0,0,0,0,0,0,0,0,0,0,0,0,0,0,0,0,0,0,0,0,0,0,0,2149215.2,0,0,0,0,0,0,0,0,0,0,0,0,0,0,0,0,0,0,0,0,0,0,0
31311,0,0,0,0,0,0,0,0,0,0,0,932.41327,0,0,0,0,0,0,0,0,0,0,0,0,0,0,0,0,0,0,0,0,0,0,0,0,0,0,0,0,0,0,0,0,0,0,0,0,0,0,0,0,0,0,0,0,0,0,0,0,0,0,0,0,0,0,0,0,0,0,26.365553,0,0,0,0,0,0,39.330185,0,0,0,0,0,0,0,0,13.422563,0,0,0,0,0,0,0,0,0,0,0,0,0,0,0,0,0,0,0,0,0,0,0,17.513714,0,0,0,0,0,0,0,0,61.1615,0,0,0,0,0,46739.91,0,0,0,0,0,0,0,0,0,17.044662,0,0,193.47672,0,0,0,0,0,13.025829,0,0,0,0
30343,0,0,0,0,0,0,0,0,0,0,0,0,0,0,0,0,0,0,0,0,0,0,0,0,0,0,0,0,0,0,0,0,0,0,0,0,0,0,0,0,0,0,0,0,0,0,0,0,0,0,0,0,0,0,0,0,0,0,0,0,0,0,0,0,0,0,0,0,0,0,0,0,0,0,0,0,0,0,0,0,0,0,0,0,0,0,0,0,0,0,0,0,0,0,0,0,0,0,0,0,0,0,0,0,0,0,0,0,0,0,0,0,0,0,18.102753,0,0,0,0,0,0,0,0,0,0,604463.25,0,0,0,0,0,0,0,0,0,0,0,0,0,0,0,0,0,0,0,0,0,0,0
34706,0,0,0,0,0,5320.68,0,0,0,0,0,0,0,0,0,0,0,0,0,0,0,0,0,0,0,0,0,8.901365,0,0,0,0,0,0,0,0,0,0,0,0,0,0,0,0,0,0,0,0,0,0,0,0,0,0,0,0,0,0,0,0,0,0,0,0,0,0,0,0,0,0,0,0,0,0,0,0,0,0,0,0,0,0,0,0,0,0,0,0,0,0,0,0,0,0,11.790265,0,0,0,0,0,0,0,0,0,0,0,0,0,0,0,2739243,0,0,0,0,0,0,0,0,0,0,0,0,0,0,43247.98,0,0,0,0,0,0,0,0,0,0,0,0,0,0,0,0,0,0,0,0,0,0,0
34096,0,0,0,0,0,0,0,0,0,0,0,0,0,0,0,0,0,0,0,0,0,0,0,0,0,0,0,0,0,0,0,0,0,0,0,0,0,0,0,0,0,0,0,0,0,0,0,0,0,0,0,0,0,0,0,0,0,0,0,0,0,0,0,0,0,0,0,0,0,0,0,0,0,0,0,0,0,9.327213,0,0,0,0,0,0,0,0,0,0,0,0,0,0,0,0,0,0,1635.7429,0,0,0,0,0,0,0,0,0,0,0,0,0,13.621046,0,0,0,0,0,0,0,0,0,0,0,0,0,0,984192.75,0,0,0,0,0,0,0,0,0,0,0,0,0,0,0,0,0,0,0,0,0,0,0
36143,0,0,0,0,0,0,0,0,0,0,0,0,0,0,0,0,0,0,0,0,0,0,0,0,0,0,0,0,0,0,0,0,0,0,0,0,0,0,0,0,0,0,0,0,0,0,0,0,0,0,0,0,0,0,0,0,0,0,0,0,0,0,0,0,0,0,0,0,0,0,0,0,0,0,0,0,0,0,0,0,0,0,0,0,0,0,0,0,0,0,0,0,0,0,0,0,0,0,0,0,0,0,0,0,0,0,0,0,0,0,1083186.8,0,0,0,0,0,0,0,0,0,0,0,0,0,0,549.5836,0,0,0,0,0,0,0,0,0,0,0,0,0,0,0,0,0,0,0,0,0,0,0
30213,0,0,0,0,0,0,0,0,0,0,0,17701.031,0,0,0,0,0,0,0,0,0,0,0,0,0,0,0,0,0,0,0,0,0,0,0,0,0,0,0,0,0,0,0,0,0,0,0,0,0,0,0,0,0,0,0,0,0,0,0,0,0,0,0,0,0,0,0,0,0,0,0,0,0,0,0,0,0,0,0,0,0,0,0,0,0,0,0,0,0,0,0,0,0,0,0,0,0,0,0,0,0,0,0,0,0,0,0,0,0,0,1096.0609,0,0,0,0,0,0,0,0,0,0,0,0,0,0,405220.16,0,0,0,0,0,0,0,0,0,0,0,0,0,0,0,0,0,0,0,0,0,0,0
27741,0,0,0,0,0,0,0,0,0,0,0,51374.613,413.3736,0,0,0,16.423542,0,0,0,14.780878,0,0,22.041962,0,0,0,0,0,0,0,20.82454,0,11.96096,0,24.770119,0,0,0,0,0,0,0,0,0,0,15.0263195,0,0,0,0,0,9.232971,0,0,0,0,0,14.270675,24.89484,0,0,0,0,0,0,0,0,0,0,72.22648,0,0,0,0,0,0,0,10.082653,0,0,0,0,0,0,0,112.5469,14.042147,0,0,0,0,0,0,17.713863,0,0,0,0,0,0,13.491325,0,81.12856,0,0,37.80269,0,0,0,30163.414,0,0,43.6773,0,0,0,0,0,100.06749,0,0,0,0,0,13726062,0,0,0,0,0,0,0,0,0,0,0,0,0,0,23.493847,0,36.43317,0,0,45.7307,11.032994,165.68536,20.486874
20803,0,0,0,0,0,0,0,0,0,0,0,0,0,0,0,0,0,0,0,0,0,0,0,0,0,0,0,0,0,0,0,0,0,0,0,0,0,0,0,0,0,0,0,0,0,0,0,0,0,0,0,0,0,0,0,0,0,0,0,0,0,0,0,0,0,0,0,0,0,0,0,0,0,0,0,0,0,0,0,0,0,0,0,0,0,0,0,0,0,0,0,0,0,0,0,0,0,0,0,0,0,0,0,0,0,0,0,0,0,0,3186.6218,0,0,0,0,0,0,0,0,32119.219,0,0,0,0,0,4158.972,0,0,0,0,0,0,0,0,0,0,0,0,0,0,0,0,0,0,0,0,0,0,0
31427,0,0,0,0,0,101.13707,0,0,0,0,0,0,0,0,0,0,0,0,0,0,0,0,0,0,0,0,0,0,0,0,0,0,0,0,0,0,0,0,0,0,0,0,0,0,0,0,0,0,0,0,0,0,0,0,0,0,0,0,0,0,0,0,0,0,0,0,0,0,0,0,0,0,0,0,0,0,0,0,0,0,0,0,0,0,0,0,0,0,0,0,0,0,0,0,0,0,176.08734,0,0,0,0,0,0,0,0,94.08281,24.571915,0,0,0,101114.766,0,0,0,0,0,0,0,0,0,0,0,0,0,0,1524.7645,0,0,0,0,0,0,0,0,0,0,0,0,0,0,0,0,0,0,0,0,0,0,0
23629,0,0,0,0,0,0,0,0,2282.2087,0,0,0,3328.4126,3395.044,0,0,184.8819,3231.0698,714.811,389.80365,739.706,0,1202.7699,5434.1445,0,0,0,4092.5127,0,0,0,49.330883,0,3490.2727,4435.1226,4896.774,0,9762.774,0,3188.2202,0,0,0,155.32396,0,0,724.58844,0,0,80.34944,0,0,3974.518,0,0,3683.6558,4201.4507,0,0,7987.51,0,0,1846.4902,8928.468,0,0,7366.112,3469.5752,0,4445.4443,138.31052,0,0,0,0,209.94449,0,7356.0947,6566.6514,137.03069,0,0,0,0,0,1460.8452,253.90256,6561.2344,0,0,861.8461,193.29956,35.96215,588.7087,143.68918,3201.3926,41.233536,0,4065.164,0,0,8974.315,1024.761,8232.077,0,10514.081,0,0,0,6402.535,0,185.46843,527.5748,43011.81,0,486.72787,0,2749.4973,0,0,666.8738,856.1678,75.958565,70.0762,0,0,3912.5798,2001.7606,0,4786.5293,0,2963.2146,52.37781,4315.2207,0,3518.662,0,1159.4114,185.29478,6466.5996,125.76745,4595.355,521.5246,1346.535,206.17996,1051.8313,4211.1074,412.3426,592.88275
30965,0,0,0,0,0,0,0,0,0,0,0,0,0,0,0,0,0,0,0,0,0,0,0,0,0,0,0,0,0,0,0,0,0,0,0,0,0,0,0,0,0,0,0,0,0,0,0,0,0,0,0,0,0,0,0,0,0,0,0,0,0,0,0,0,0,0,0,0,0,0,0,0,0,0,0,0,0,0,0,0,0,0,0,0,0,0,0,0,0,0,0,0,0,0,0,0,0,0,0,0,0,0,0,0,0,0,0,0,0,0,80.659836,0,0,0,0,0,0,0,0,0,0,0,0,0,0,328867.22,0,0,0,0,0,0,0,0,0,0,0,0,0,0,0,0,0,0,0,0,0,0,0
27200,0,0,0,0,0,0,0,0,0,0,0,0,0,0,0,0,0,0,0,0,0,0,0,0,0,0,0,0,0,0,0,0,0,0,0,0,0,0,0,0,0,0,0,0,0,0,0,0,0,0,0,0,0,0,0,0,0,0,0,0,0,0,0,0,0,0,0,0,0,0,0,0,0,0,0,0,0,0,0,0,0,0,0,0,0,0,0,0,0,0,0,0,0,0,0,0,0,0,0,0,0,0,0,0,0,0,0,0,0,0,21.340809,0,0,0,0,0,0,0,0,0,0,0,0,0,0,392987.62,0,0,0,0,0,0,0,0,0,0,0,0,0,0,0,0,0,0,0,0,0,0,0
31543,0,0,0,0,0,0,0,0,0,0,0,0,0,0,0,0,0,0,0,16.177282,0,0,0,0,0,0,0,11.273628,0,0,0,0,0,0,11.413965,0,0,18.701172,0,0,0,0,0,0,0,0,25.6861,0,0,0,0,0,0,0,0,0,0,0,0,17.22304,0,0,0,0,0,0,9.612564,0,0,13.057109,0,0,0,0,0,0,0,0,0,0,0,0,0,0,0,0,0,0,0,0,0,0,0,0,48.179596,0,0,0,0,0,0,0,12.781599,0,0,0,0,0,0,0,1944239.2,0,0,0,0,0,0,0,0,0,0,0,0,0,0,5522.3867,0,0,0,9.443161,0,0,0,0,0,0,0,12.39209,0,0,0,0,0,0,0,0,0,0,21.010483
33677,0,0,0,0,0,0,0,0,0,0,0,0,0,0,0,0,0,0,0,0,0,0,0,0,0,0,0,0,0,0,0,0,0,0,0,0,0,0,0,0,0,0,0,0,0,0,0,0,0,0,0,0,0,0,0,0,0,0,0,0,0,0,0,0,0,0,0,0,0,0,0,0,0,0,0,0,0,0,0,0,0,0,0,0,0,0,0,0,0,0,0,0,0,0,0,0,0,0,0,0,0,0,0,0,0,0,0,0,0,0,0,0,0,0,0,0,0,0,0,0,0,0,0,0,817743.8,0,0,0,0,0,0,0,0,0,0,0,0,0,0,0,0,0,0,0,0,0,0,0,0
34214,0,0,0,0,0,0,0,0,0,0,0,0,0,0,0,0,0,0,0,0,0,0,0,0,0,0,0,0,0,0,0,0,0,0,0,0,0,0,0,0,0,0,0,0,0,0,0,0,0,0,0,0,0,0,0,0,0,0,0,0,0,0,0,0,0,0,0,0,0,0,0,0,0,0,0,0,0,0,0,0,0,0,0,0,0,0,0,0,0,0,0,0,0,0,0,0,0,0,0,0,0,0,0,0,0,0,0,0,0,0,12.460265,0,0,0,0,0,0,0,0,0,0,0,0,0,0,87544.19,0,0,0,0,0,0,0,0,0,0,0,0,0,0,0,0,0,0,0,0,0,0,0
37854,0,0,0,0,0,0,0,0,0,0,0,0,0,0,0,0,0,0,0,0,0,0,0,0,0,0,0,0,0,0,0,0,0,0,0,0,0,0,0,0,0,0,0,0,0,0,0,0,0,0,0,0,0,0,0,0,0,0,0,0,0,0,0,0,0,0,0,0,0,0,0,0,0,0,0,0,0,0,0,0,0,0,0,0,0,0,0,0,0,0,0,0,0,0,0,0,0,0,0,0,0,0,0,0,0,0,0,0,0,0,25900.557,0,0,0,0,0,0,0,0,0,0,0,0,0,0,0,0,0,0,0,0,0,0,0,0,0,0,0,0,0,0,0,0,0,0,0,0,0,0
31588,0,0,0,0,0,0,0,0,0,0,0,730.48584,0,0,0,0,0,0,0,0,0,0,0,0,0,0,0,0,0,0,0,0,0,0,0,0,0,0,0,0,0,0,0,0,0,0,0,0,0,0,0,0,0,0,0,0,0,0,0,0,0,0,0,0,0,0,0,0,0,0,0,0,0,0,0,0,0,0,0,0,0,0,0,0,0,0,0,0,0,0,0,0,0,0,0,0,0,0,0,0,0,0,0,0,0,0,0,0,0,0,0,0,0,0,0,0,0,0,0,0,0,0,0,0,0,1533804.5,0,0,0,0,0,0,0,0,0,0,0,0,0,0,0,0,0,0,0,0,0,0,0
24411,0,0,0,0,0,0,0,0,486.3364,0,0,21.76585,133.74205,1403.3224,0,0,21.589336,1784.179,2362.595,294.75485,2971.628,0,1940.5289,984.1372,0,0,0,1146.015,0,0,0,0,0,0,1623.0071,3805.856,0,0,0,6053.211,0,0,0,2486.3516,0,0,2115.577,0,0,4800.127,0,0,177.3384,0,0,6432.434,942.0165,0,0,178.0959,0,0,409.55798,4097.1943,0,0,0,2018.6178,0,177.94502,0,0,0,0,0,244.25092,0,2948.3867,84.711205,26.969208,0,0,0,0,0,2462.251,187.61487,49.711334,0,0,1925.8959,1077.6272,957.6146,310.42468,0,10565.452,0,0,3898.4849,0,0,188.50008,4638.6465,0,0,570.8184,388.36945,0,0,517.5368,0,304.5719,0,1068.0852,0,950.6814,529.02527,5754.9927,0,49633.395,292.78864,1812.5895,77.100365,515.5831,0,31.14336,0,2269.749,0,1508.6958,0,5382.6694,564.08185,2272.238,0,142.16255,0,9674.328,4443.5894,545.4534,0,446.42514,0,3303.5483,1526.0337,216.9019,76.28203,0,0
30727,0,0,0,0,0,0,0,0,0,0,0,384492.25,0,0,0,0,0,0,0,0,0,0,0,0,0,0,0,0,0,0,0,0,0,0,0,0,0,0,0,0,0,0,0,0,0,0,0,0,0,0,0,0,0,0,0,0,0,0,0,0,0,0,0,0,0,0,0,0,0,0,0,0,0,0,0,0,0,0,0,0,0,0,0,0,0,0,0,0,0,0,0,0,0,0,0,0,0,0,0,0,0,0,0,0,0,0,0,0,0,0,477.6249,0,0,0,0,0,0,0,0,0,0,0,0,0,0,865100.94,0,0,0,0,0,0,0,0,0,0,0,0,0,0,0,0,0,0,0,0,0,0,0
34766,0,0,0,0,0,0,0,0,0,0,0,0,0,0,0,0,0,0,0,0,0,0,0,0,0,0,0,0,0,0,0,0,0,0,0,0,0,0,0,0,0,0,0,0,0,0,0,0,0,0,0,0,0,0,0,0,0,0,0,0,0,0,0,0,0,0,0,0,0,0,0,0,0,0,0,0,0,0,0,0,0,0,0,0,0,0,0,0,0,0,0,0,0,0,0,0,0,0,0,0,0,0,0,0,0,0,0,0,0,0,0,0,0,0,0,0,0,0,0,21.59821,0,0,0,0,0,1659743.1,0,0,0,0,0,0,0,0,0,0,0,0,0,0,0,0,0,0,0,0,0,0,0
30433,0,0,0,0,0,0,0,0,0,0,0,687.9524,0,0,0,0,0,0,0,0,0,0,0,0,0,0,0,0,0,0,0,0,0,0,0,0,0,0,0,0,0,0,0,0,0,0,0,0,0,0,0,0,0,0,0,0,0,0,0,0,0,0,0,0,0,0,0,0,0,0,0,0,0,0,0,0,0,0,0,0,0,0,0,0,0,0,0,0,0,0,0,0,0,0,0,0,0,0,0,0,0,0,0,0,0,0,0,0,0,0,1460.7456,0,0,0,0,0,0,0,0,0,0,0,0,0,0,1084246.1,0,0,0,0,0,0,0,0,0,0,0,0,0,0,0,0,0,0,0,0,0,0,0
31550,0,0,0,0,0,0,0,0,0,0,0,64.53969,0,0,0,0,0,0,0,0,0,0,0,0,0,0,0,0,0,0,0,0,0,0,0,0,0,0,0,0,0,0,0,0,0,0,0,0,0,0,0,0,0,0,0,0,0,0,0,0,0,0,0,0,0,0,0,0,0,0,0,0,0,0,0,0,0,0,0,0,0,0,0,0,0,0,0,0,0,0,0,0,0,0,0,0,0,0,0,0,0,0,0,0,0,0,0,0,0,0,53.024952,0,0,0,0,0,0,0,0,0,0,0,0,0,0,295390.25,0,0,0,0,0,0,0,0,0,0,0,0,0,0,0,0,0,0,0,0,0,0,0
41471,0,0,0,0,0,0,0,0,0,0,0,0,0,0,0,0,0,0,0,0,0,0,0,0,0,0,0,0,0,0,0,0,0,0,0,0,0,0,0,0,0,0,0,0,0,0,0,0,0,0,0,0,0,0,34.757042,0,0,0,0,0,0,0,0,0,31.438044,18.963005,0,0,0,0,0,0,0,0,0,0,0,0,0,0,0,0,0,0,0,0,0,0,0,0,0,0,0,0,0,0,0,0,0,0,0,0,0,0,0,0,0,0,0,0,2539269,0,0,0,0,0,0,0,0,0,0,0,0,0,0,27633.371,0,0,0,0,0,0,0,0,0,0,0,0,0,0,0,0,0,0,0,0,0,0,0
28088,0,0,0,0,0,0,0,0,0,0,0,0,0,0,0,0,0,0,0,0,0,0,0,47.96898,0,0,0,0,0,0,0,0,0,0,0,0,0,0,0,0,0,0,0,0,0,0,0,0,0,0,0,0,0,0,0,0,0,0,0,0,0,0,0,0,0,0,0,0,0,0,0,0,0,0,0,0,0,0,0,0,0,0,0,0,0,0,0,0,0,0,0,0,0,0,0,0,0,0,0,0,0,0,0,0,0,0,0,0,0,0,0,0,0,0,0,0,0,0,0,0,0,0,0,0,0,267684.62,0,0,0,0,0,0,0,0,0,0,0,0,0,0,0,0,0,0,0,0,0,0,0
32203,0,0,0,0,0,55942.86,0,0,0,0,0,0,0,0,0,0,0,0,0,0,0,0,0,0,0,0,0,0,0,0,0,0,0,0,0,0,0,0,0,0,0,0,0,0,0,0,0,0,0,0,0,0,0,0,0,0,0,0,0,0,0,0,0,0,0,0,0,0,0,0,0,0,0,0,0,0,0,0,0,0,0,0,0,0,0,0,0,0,0,0,0,0,0,0,0,0,183.67183,0,0,0,0,0,0,0,0,24.284698,0,0,0,0,1321868.2,0,0,0,0,0,0,0,0,0,0,0,0,0,0,220.98827,0,0,0,0,0,0,0,0,0,0,0,0,0,0,0,0,0,0,0,0,0,0,0
31549,0,0,0,0,0,0,0,0,0,0,0,169.05658,0,0,0,0,0,0,0,0,0,0,0,0,0,0,0,0,0,0,0,0,0,0,0,0,0,0,0,0,0,0,0,0,0,0,0,0,0,0,0,0,0,0,0,0,0,0,0,0,0,0,0,0,0,0,0,0,0,0,0,0,0,0,0,0,0,0,0,0,0,0,0,0,0,0,0,0,0,0,0,0,0,0,0,0,105338.24,0,0,0,0,0,0,0,0,0,0,0,0,0,0,0,0,0,0,0,0,0,0,0,0,0,0,0,0,168357.12,0,0,0,0,0,0,0,0,0,0,0,0,0,0,0,0,0,0,0,0,0,0,0
34251,0,0,0,0,0,0,0,0,9.9415,0,0,22885.98,0,0,0,0,0,0,0,0,0,0,10.804237,0,0,0,0,0,0,0,0,0,0,9.7836485,0,11.757219,0,0,0,0,0,0,0,11.435675,0,0,0,0,0,0,0,0,9.7935095,0,0,0,0,0,0,0,0,0,0,11.709364,0,0,11.313385,11.893286,0,9.622506,0,0,0,0,0,9.768252,0,9.818726,10.795615,0,49.64646,0,0,0,0,0,0,11.090992,0,0,0,11.302492,9.9184475,0,0,0,0,0,11.308776,0,0,10.945036,0,0,0,0,0,0,0,10.467493,6334.739,0,0,25.346916,0,10.151707,0,10.184652,0,20182.451,11.461636,0,0,0,0,2389983,0,9.922217,0,0,0,0,0,0,0,25.387848,0,11.08853,0,0,0,0,11.029309,10.709109,10.801451,9.472364,10.721272,0,0
34768,0,0,0,0,0,0,0,0,0,0,0,0,0,0,0,0,0,0,0,0,0,0,0,0,0,0,0,0,0,0,0,0,0,0,0,0,0,0,0,0,0,0,0,0,0,0,0,0,0,0,0,0,0,0,0,0,0,0,0,0,0,0,0,0,0,0,0,0,0,0,0,0,0,0,0,0,0,0,0,0,0,0,0,0,0,0,0,0,0,0,0,0,0,0,0,0,0,0,0,0,0,0,0,0,0,0,0,0,0,0,0,0,0,0,0,0,0,0,0,0,0,0,0,0,0,118055.984,0,0,0,0,0,0,0,0,0,0,0,0,0,0,0,0,0,0,0,0,0,0,0
28318,0,0,0,0,0,0,0,0,0,0,0,226818.33,0,0,0,0,0,0,0,0,0,0,0,0,0,0,0,0,0,0,0,0,0,0,0,0,0,0,0,0,0,0,0,0,0,0,0,0,0,0,0,0,0,0,0,0,0,0,0,0,0,0,0,0,0,0,0,0,0,0,0,0,0,0,0,0,0,0,0,0,0,0,0,0,0,0,0,0,0,0,0,0,0,0,0,0,0,0,0,0,0,0,0,0,0,0,0,0,0,0,284.245,0,0,0,0,0,0,0,0,0,0,0,0,0,0,610309.06,0,0,0,0,0,0,0,0,0,0,0,0,0,0,0,0,0,0,0,0,0,0,0
34246,0,0,0,0,0,0,0,0,0,0,0,21345.1,0,0,0,0,0,0,0,0,0,0,0,0,0,0,0,0,0,0,0,0,0,0,0,22.751602,0,0,0,0,0,0,0,0,0,0,0,0,0,0,0,0,0,0,0,0,0,0,0,0,0,0,0,13.792273,0,0,0,0,0,0,0,0,0,0,0,0,0,0,0,0,0,0,0,0,0,0,0,0,0,0,0,0,0,0,0,0,0,0,0,0,0,0,0,0,0,10.021704,0,0,0,24.857199,7524.5464,0,0,28.515882,0,0,0,0,0,0,0,0,11.73084,0,0,2538010.2,0,0,0,0,0,0,0,0,0,0,0,0,0,0,0,0,0,0,0,10.116558,0,0,0
35837,0,0,0,0,0,0,0,0,0,0,0,0,0,0,0,0,0,0,0,0,0,0,0,0,0,0,0,0,0,0,0,0,0,0,0,0,0,0,0,0,0,0,0,0,0,0,0,0,0,0,0,0,0,0,0,0,0,0,0,0,0,0,0,0,0,0,0,0,0,0,13.668096,0,0,0,0,0,0,0,0,10.734161,0,0,0,0,0,0,0,0,0,0,0,0,0,0,0,0,0,0,0,0,0,0,0,0,0,0,0,0,0,0,0,0,0,0,0,0,0,0,0,11.719165,0,0,0,0,0,210718.08,0,0,0,0,0,10.029413,0,18.718212,0,0,0,0,0,0,0,0,0,0,0,0,0,0,0
38724,0,0,0,0,0,825.2802,0,0,0,0,0,0,0,0,0,0,0,0,48.716137,0,0,0,154.11969,0,0,0,0,0,0,0,0,0,0,0,0,133.55522,0,0,0,0,0,0,0,144.18146,0,0,0,0,0,0,0,0,61.088154,0,1035.3989,0,0,0,14.899862,0,0,0,0,0,0,0,0,0,0,0,0,0,0,0,0,0,0,0,0,0,0,0,0,77.67379,0,0,0,0,0,0,0,0,0,0,0,0,0,0,0,0,0,0,0,644.8413,0,0,0,0,0,0,24633808,251.44363,0,0,0,0,0,0,0,98434.05,0,0,0,123.039764,0,953566.9,0,0,0,0,0,0,0,0,0,0,0,0,0,0,186.99706,0,0,0,0,0,0,0,0
36217,0,0,0,0,0,0,0,0,0,0,0,0,0,0,0,0,0,0,0,0,0,0,0,0,0,0,0,0,0,0,0,0,0,0,0,0,0,0,0,0,0,0,0,0,0,0,0,0,0,0,0,0,0,0,0,0,0,0,0,0,0,0,0,0,0,0,0,0,0,0,0,0,0,0,0,0,0,0,0,0,0,0,0,0,0,0,0,0,0,0,0,0,0,0,0,0,0,0,0,0,0,0,0,0,0,0,0,0,0,0,0,0,0,0,0,0,0,0,0,122.231705,0,0,0,0,0,367096.44,0,0,0,0,0,0,0,0,0,0,0,0,0,0,0,0,0,0,0,0,0,0,0
13961,0,0,0,56.87608,0,0,0,0,0,0,0,0,0,0,0,0,0,0,0,0,0,0,0,0,0,0,0,0,0,0,0,0,0,0,0,0,0,0,0,0,0,0,0,0,0,0,0,0,0,0,0,0,0,0,0,0,0,0,0,0,0,0,0,0,0,0,0,0,0,0,0,0,0,0,0,0,0,0,0,0,0,0,0,0,0,0,0,0,0,0,0,0,0,0,0,0,0,0,0,0,0,0,0,0,0,0,0,0,0,0,0,0,0,0,0,0,0,0,0,107382.47,0,0,0,0,0,0,0,0,0,0,0,0,0,0,0,0,0,0,0,0,0,0,0,0,0,0,0,0,0
34266,0,0,0,0,0,0,0,0,0,0,0,1815.101,9.154487,0,0,0,14.640422,15.6568365,0,12.580766,17.035004,0,0,11.869825,0,0,0,11.440865,0,0,0,16.050758,0,0,16.029911,8.947885,0,36.06241,0,0,0,0,0,0,0,0,16.281466000000002,0,0,0,0,0,0,0,0,15.47616,0,0,0,41.025543,0,0,18.902256,10.696514,0,0,86.40135,0,14.075897,11.830708,62.754528,0,0,0,0,0,0,22.028275,12.025193,19.978416,0,0,0,0,0,0,0,0,0,0,0,0,9.985123,35.950405,29.043667,10.0336895,0,0,0,0,0,0,31.221794,59.252857,0,15.184561,0,0,0,18.874603,1618.0084,8.676502,28.680765,23.323662,0,0,0,0,0,1421.9297,30.46347,31.740639,0,0,0,635013.4,24.297482,0,0,10.853968,0,11.771339,11.2888365,10.767792,0,10.862499,0,44.346947,58.86798,0,19.021034,0,58.891315,0,0,7.8850822,96.80774,15.373457,38.687965
23032,0,0,0,0,0,0,0,0,0,0,0,0,0,0,0,0,0,0,0,0,0,0,0,0,0,0,0,0,0,0,0,0,0,0,0,0,0,0,0,0,0,0,0,0,0,0,150.48709,0,0,0,0,0,14.775101,0,0,71.7404,0,0,0,56.18283,0,0,0,0,0,0,0,0,0,0,0,0,0,0,0,0,0,0,0,0,0,0,0,0,0,0,0,0,0,0,0,0,0,0,0,48.436047,0,0,0,0,0,0,140.58301,349.75885,0,0,0,0,0,0,0,0,0,19.540268,0,0,0,0,0,99217.32,25.237413,0,245.66394,0,0,0,0,0,0,104.1738,0,0,0,0,0,0,0,20.275566,0,0,0,112.10528,0,42.730293,0,0,0,0,101.155
29102,0,0,0,0,0,0,0,0,29.706001,0,7.785018,54456.18,54.68479,56.45472,0,0,67.960014,55.156105,30.932064,272.00128,134.93092,0,276.30908,127.00894,0,0,0,49.015987,0,0,0,84.42589,0,46.45208,259.86337,47.639297,0,69.84162,0,62.618973,0,0,0,125.37986,0,0,113.44204,0,0,64.11018,0,0,41.859657,0,0,61.064484,24.556677,0,0,110.25337,0,0,246.07901,131.62526,0,0,100.42087,80.269,120.9392,130.18137,69.51043,0,0,0,0,12.341356,0,83.487,50.582043,59.266792,0,0,0,0,0,68.826904,38.60748,39.497276,0,0,98.29648,48.266163,28.981194,199.5386,119.77858,254.03337,0,0,37.82202,0,0,41.99423,122.687515,196.9686,0,76.94759,77.50217,0,0,299.25012,0,94.40489,123.927414,150.12816,0,40.672455,67.64852,32.85306,0,743.8958,128.84338,97.13974,409.7081,69.7436,0,0,605.1947,169.94043,0,120.30648,0,43.072823,181.06291,83.166534,0,108.64809,0,117.08105,71.22635,72.90284,280.06326,43.336143,82.17554,44.04486,84.909996,35.724625,139.00409,107.84114,87.36365
39042,0,0,0,0,0,0,0,0,0,0,0,0,0,0,0,0,0,0,0,0,0,0,0,0,0,0,0,0,0,0,0,0,0,0,0,0,0,0,0,0,0,0,0,0,0,0,0,0,0,0,0,0,0,0,65.765724,0,0,0,0,0,0,0,0,0,0,0,0,0,0,0,0,0,0,0,0,0,0,0,0,0,0,0,0,0,0,0,0,0,0,0,0,0,0,0,0,0,0,0,0,0,0,0,0,0,0,0,0,0,0,0,799275,0,0,0,0,0,0,0,0,0,0,0,0,0,0,0,0,0,0,0,0,0,0,0,0,0,0,0,0,0,0,0,0,0,0,0,0,0,0
21581,0,0,0,0,0,0,0,0,1774.0402,0,0,0,1720.3527,8293.127,0,0,1342.0121,4193.9453,226.4766,4771.587,108.41861,0,3922.051,6168.3916,0,0,0,7706.7847,0,0,0,9882.631,0,1069.207,607.1013,2333.1763,0,159.27246,0,895.04407,0,0,0,617.44336,0,0,759.7774,0,0,83.185,0,0,11712.494,0,0,3010.4717,468.8266,0,0,364.56363,0,0,1012.23047,4402.908,10.830278,9.201181,14748.057,638.75476,61.58443,3124.6792,36.851868,0,0,0,0,5034.4863,0,6969.8735,748.50385000000006,516.4935,0,0,0,0,0,2514.7983,858.19775,10757.37,0,0,2908.3545,2532.52,2263.8135,104.223564,24.292404,84.57749,0,0,308.1203,0,0,2882.641,2463.3843,42.232857,0,2270.512,3930.5823,0,0,40867.51,0,4071.2788,0,10732.207,0,7474.776,364.69733,6785.008,0,0,538.20874,106.16328,199.40067,383.8529,0,0,0,10046.873,0,2470.4443,0,507.14594,1075.552,4480.052,0,8900.863,0,428.19806,2697.9675,13167.383,0,26828.148,5666.901,4290.718,415.8708,6884.337,558.7927,53.530624,113.372574
47316,0,0,0,0,0,40499.11,0,0,0,0,0,0,0,0,0,0,0,0,0,0,0,0,0,0,0,0,0,0,0,0,0,0,0,0,0,0,0,0,0,0,0,0,0,0,0,0,0,0,0,0,5.4483,0,0,0,0,0,0,0,0,0,0,0,0,0,0,0,0,0,0,0,15.099958,0,0,0,0,0,0,0,0,0,0,355.10626,0,0,0,0,0,0,0,0,0,0,0,0,0,0,0,0,0,115.23426,0,0,0,0,0,0,0,0,0,0,0,0,0,0,0,0,0,0,0,0,0,0,0,0,2329.9346,0,0,0,0,0,0,0,0,0,0,0,0,0,0,0,0,0,0,0,0,0,0,0,0
47606,0,0,0,0,0,9258.373,0,0,0,0,0,15.489389,0,0,0,0,0,0,0,0,0,0,0,0,0,0,0,0,0,0,0,0,0,0,0,0,0,0,0,0,0,0,0,0,0,0,0,0,0,0,0,0,0,0,0,0,0,0,0,11.239071,0,0,0,0,0,0,0,0,0,0,0,0,0,0,0,0,0,0,0,0,0,0,0,9.225128,0,0,0,0,0,0,0,0,0,0,0,0,77.44029,0,0,0,0,0,0,0,0,0,0,0,0,0,14.225685,0,0,0,398.82175,0,0,0,0,0,0,0,0,0,43499.348,0,0,0,0,0,0,0,0,0,0,0,0,0,0,0,0,0,0,0,0,0,0,0,0
46863,0,0,0,0,0,31.93494,0,0,0,0,0,1077.8833,0,0,0,0,0,0,0,0,0,0,0,0,0,0,0,0,0,0,0,0,0,0,0,0,0,0,0,0,0,0,0,0,0,0,0,0,0,7.325464,0,0,0,0,0,0,0,0,0,8.009346,0,0,0,0,0,0,0,0,0,0,0,0,0,0,0,0,0,0,0,0,0,0,0,0,0,0,0,0,0,0,0,0,0,0,0,0,0,0,0,0,0,0,0,0,0,0,0,0,0,0,0,0,0,0,10223.364,0,0,0,0,0,0,0,0,0,151361.33,14213.582,0,0,0,0,0,0,0,0,0,0,0,0,0,0,0,0,0,0,0,0,0,0,0
47870,0,0,0,0,0,0,0,0,0,0,0,0,0,0,0,0,0,0,0,0,0,0,0,0,0,0,0,0,0,0,0,0,0,0,0,0,9.966112,0,0,0,0,0,0,0,57891.13,0,0,0,0,0,0,0,0,0,0,0,0,0,0,0,0,0,0,0,0,0,0,0,0,0,0,0,0,0,0,0,0,0,0,0,0,0,0,0,0,0,0,0,0,0,0,0,0,0,0,0,0,0,0,0,0,0,0,0,0,0,0,0,0,0,0,0,0,0,0,0,0,0,0,0,0,0,0,0,0,0,0,0,0,0,0,0,0,0,0,0,0,0,0,0,0,0,0,0,0,0,0,0,0
41509,0,0,0,0,0,0,0,0,0,0,0,0,0,0,0,0,0,0,0,0,0,0,0,0,0,0,0,0,0,0,0,0,0,0,0,0,0,0,0,0,0,0,0,0,414256.28,0,0,0,0,0,0,0,0,0,0,0,0,0,0,0,0,0,0,0,0,0,0,0,0,0,0,0,0,0,0,0,0,0,0,0,0,0,0,0,0,0,0,0,0,0,0,0,0,0,0,0,0,0,0,0,0,0,0,0,0,0,0,0,0,0,0,0,0,0,0,0,0,0,0,0,0,0,0,0,0,1032018.44,0,0,0,0,0,0,0,0,0,0,0,0,0,0,0,0,0,0,0,2299.1372,0,427.6327,0
45755,0,0,0,0,0,0,0,0,0,0,0,0,61.559753,0,0,0,0,61.988506,0,0,0,0,0,0,0,0,0,0,0,0,0,0,0,0,0,0,0,29.63353,0,0,0,0,0,0,0,0,0,0,0,0,0,0,0,0,16602.105,0,0,0,223.39754,0,0,0,0,21.881989,0,0,0,0,0,0,0,0,0,0,0,0,0,0,0,0,0,0,0,0,0,70.835,0,0,0,0,0,0,0,0,0,0,0,0,0,0,0,0,0,284.73157,0,0,0,0,0,0,0,0,0,0,0,0,0,0,0,0,0,0,0,0,0,42251.715,0,0,0,0,0,0,0,0,0,0,0,0,0,0,0,0,0,0,22.527607,0,0,0,0
47445,0,0,0,0,0,0,0,0,0,0,0,0,0,0,0,0,0,0,0,0,0,0,0,0,0,0,0,0,0,0,0,0,0,0,0,0,0,0,0,0,0,0,0,0,0,0,0,0,0,0,0,0,0,0,20247.324,0,0,0,80.40555,0,0,0,0,0,0,0,0,0,0,0,0,0,0,0,0,0,0,0,0,0,0,0,0,0,0,0,0,0,0,0,0,0,0,0,0,0,241.86996,0,0,0,0,0,0,0,0,0,0,0,0,0,1158031.6,0,0,0,0,0,0,0,0,14.81315,0,0,0,0,0,118848.52,0,0,0,0,0,0,0,0,0,0,0,0,0,0,0,0,0,0,0,0,0,0,0
47082,0,0,0,0,0,3329.5906,0,0,0,0,0,0,0,0,0,0,0,0,0,0,0,0,0,0,0,0,0,0,0,0,0,0,0,0,0,0,0,0,0,0,0,0,0,0,0,0,0,0,0,0,0,0,0,0,28.103104,0,0,0,36.547962,0,0,0,0,0,0,0,0,0,0,0,0,0,0,0,0,0,0,0,0,0,0,0,0,0,0,0,0,0,0,0,0,0,0,0,0,0,0,0,0,0,0,0,0,0,0,0,0,0,0,0,241436.67,0,0,0,96.0406,0,0,0,0,0,0,0,0,0,0,288272.56,0,0,0,0,0,0,0,0,0,0,0,0,0,0,0,0,0,0,0,0,0,0,0
45075,0,0,0,0,0,0,0,0,0,0,0,0,0,0,0,0,0,0,0,0,0,0,0,0,0,0,0,0,0,0,0,0,0,0,0,0,0,0,0,0,0,0,0,0,0,0,0,0,0,0,156.171,0,0,0,6406.6626,0,0,0,17673.053,0,0,0,0,0,0,0,0,0,0,0,0,0,0,0,0,0,0,0,0,0,0,0,0,40.325645,0,0,0,0,0,0,0,0,0,0,0,0,21503.629,0,0,0,0,0,0,0,0,0,0,0,0,0,1742.3192,0,0,0,0,0,0,0,0,15.756777,0,0,0,0,0,613719.75,0,0,0,0,0,0,0,0,0,0,0,0,0,0,0,0,0,0,0,0,0,0,0
46237,0,0,0,30.151558,0,30990.676,0,0,0,0,0,0,0,0,0,0,0,0,0,0,0,0,0,0,0,0,0,0,0,0,0,0,0,0,0,0,0,0,0,0,0,0,0,0,0,0,0,0,0,0,78.78835,0,0,0,8269.172,0,0,0,181.40283,0,0,0,0,0,0,0,0,0,0,0,0,0,0,0,0,0,0,0,0,0,0,0,0,55.60708,0,0,0,0,0,0,0,0,0,0,0,0,1243.5355,0,0,0,0,0,0,0,0,0,0,0,0,0,3442733.8,0,0,0,3833.7407,0,0,0,0,98.18687,0,0,0,0,0,1188833.8,0,0,0,0,0,0,0,0,0,0,0,0,0,0,0,0,0,0,0,0,0,0,0
36285,0,11.710739,0,0,10.601147,0,0,0,0,0,0,0,0,0,0,0,0,15.843215,0,0,0,0,0,0,0,0,0,0,12.986597,0,0,0,0,0,0,0,658131.56,0,0,0,9.488911,0,0,0,0,8.75515,0,0,0,11.668783,0,14.73024,0,0,10.768561,15.971434,0,0,0,0,0,0,0,0,0,10.201489,0,0,18.464176,0,0,0,0,0,15.086441,0,0,0,0,0,0,0,0,0,22.983631,0,0,9.585764,0,0,0,0,8.803473,0,0,12.7383995,0,0,0,31.028355,9.871593,0,0,0,0,22.779224,0,0,0,24.29987,0,0,0,10.79217,0,0,0,0,16.913254,0,0,0,0,0,0,166444.08,0,0,0,0,23.737795,0,0,0,0,0,0,0,0,0,0,9.145832,0,0,0,0,23.24009,0,0
36923,0,0,0,10.443655,0,0,0,0,0,0,0,0,0,0,0,0,0,12.83458,0,0,0,0,0,0,0,0,16.944107,13.364003,20.405842,13.687214,429602.3,0,10.317287,0,0,0,75.16211,0,0,0,15.1532135,0,0,0,0,0,0,191.07419,0,14.469204,14.454277,11.423494,9.823029,12.010729,0,20.330837,13.738608,0,0,0,0,0,11.2957325,0,0,0,14.856221,13.4254265,0,0,10.299444,0,0,0,12.441464,0,0,0,0,0,0,0,0,0,0,10.28266,0,14.48148,0,0,0,0,0,0,0,0,0,0,6.668653,10.699654,0,0,0,0,10.968472,0,0,0,18.183214,0,2969500,0,0,0,0,0,0,15.854638,0,0,0,0,0,0,0,0,16.30345,0,0,0,10.798296,0,0,0,0,0,0,17.635464,0,12.317949,27.29358,12.045004,0,0,0,11.627747,0,0,0
32450,0,0,0,0,8.571125,0,0,0,12.598242,0,9.71764,0,0,17.236828,0,0,0,16.757545,14.7263775,33.0987,0,0,0,0,13.508737,0,0,0,0,0,0,0,0,14.988101,0,0,13.727115,0,0,0,0,13.22505,0,0,0,0,0,0,0,0,0,0,0,0,0,0,10.471651,0,0,0,0,0,0,0,0,0,0,0,0,0,0,0,0,143362.02,9.470997,0,0,0,0,0,0,0,0,0,0,16.22815,0,0,0,0,0,0,0,26.610565,0,0,0,0,0,0,0,0,0,0,0,0,0,0,0,0,0,16.590816,0,0,0,0,0,25.930023,0,0,0,0,0,11.339359,13.902414,64596.887,0,0,0,0,0,0,0,22.021564,0,0,0,0,33.944817,0,0,9.317181,0,13.826174,0,0,0,0,0
43563,0,0,0,0,0,0,0,0,0,0,0,0,0,0,0,0,0,0,0,0,0,0,0,0,0,0,0,0,0,0,0,0,0,0,0,0,0,0,0,0,0,0,0,0,0,0,0,0,0,0,0,0,0,0,0,0,0,0,0,0,0,0,0,0,0,0,0,0,0,0,0,0,0,0,0,0,0,0,0,0,0,0,0,0,0,0,0,0,0,0,0,0,0,0,0,0,0,0,0,0,0,0,0,0,0,0,0,0,0,0,0,0,0,0,0,0,0,0,0,0,0,0,0,0,0,200432.58,0,0,0,0,0,0,0,0,0,0,0,0,0,185.45963,0,0,0,0,0,0,0,0,0
36957,0,26.123798,0,0,0,70.85166,0,0,0,0,15.562203,37.069473,0,16.427197,21.163488,0,0,13.367264,0,0,0,0,18.846874,0,11.381689,0,0,0,0,15.157621,167851.14,0,0,0,0,0,0,0,0,0,11.309167,0,0,0,0,0,26.890629,37.73256,0,0,0,10.255681,0,12.602646,11.521211,12.6537285,17.491585,0,0,0,11.120025,0,18.179636,0,12.629325,0,0,0,0,0,0,0,0,0,0,0,0,0,0,0,0,0,0,0,0,0,0,0,0,0,0,0,0,0,0,0,0,19.126202,0,0,17.057484,11.599514,0,36.085506,0,0,0,0,0,16.072763,1218093,10.423334,0,9.05717,0,0,15.329272,25.201962,0,0,0,0,21.566355,19.392977,0,45.253914,0,0,0,0,14.735386,0,0,0,9.420971,0,0,0,0,18.36649,0,19.719288,0,0,0,0,0,0,30.86448
36286,0,0,0,0,0,0,0,0,27.972971,0,0,0,0,0,19.1768,13.005286,0,9.154108,21.685673,0,0,0,0,0,0,0,18.190533,0,0,0,9.672273,0,0,0,13.878202,0,276952.62,0,10.543652,0,0,0,0,0,13.2311,11.485049,0,14.928262,0,0,0,0,0,0,0,0,0,0,9.254568,0,22.97947,12.757708,0,0,0,21.049332,0,18.037346,0,9.82372,0,15.967893,0,0,0,0,0,20.166634,16.026764,0,0,10.995581,12.975336,0,0,9.05438,0,0,0,0,0,0,10.447727,0,0,0,0,0,11.775316,0,0,14.002827,0,0,0,0,0,0,0,0,0,13.179159,0,0,0,11.311098,12.074324,0,0,0,0,0,48.26297,0,0,72878.28,19.04487,0,0,0,0,0,0,0,0,11.6994,0,0,0,0,0,0,21.930084,0,0,15.226475,0,0,0
43484,0,0,0,0,0,0,0,0,0,0,0,39884.484,0,0,0,0,0,0,0,0,0,0,0,0,0,0,0,0,0,0,0,0,0,0,0,0,0,0,0,0,0,0,0,0,0,0,0,0,0,0,0,0,0,0,0,0,0,0,1543.5779,0,0,0,0,0,0,0,0,0,0,0,0,0,0,0,0,0,0,0,0,0,0,0,0,0,0,0,0,0,0,0,0,0,0,0,0,0,0,0,0,0,0,0,196.65363,0,0,0,0,0,0,0,904.8812,0,0,0,0,0,0,0,0,0,0,0,0,0,0,4432898,0,0,0,0,0,0,0,0,0,0,0,0,0,0,0,0,0,0,0,0,0,0,0
36961,11.328033,0,0,26.305204,0,0,0,10.160279,0,20.037178,11.017308,25.716795,0,0,0,0,0,0,0,0,0,11.679806,0,0,10.335079,0,0,40.56545,0,12.733025,1417277.8,40.865753,0,0,0,0,17.073769,0,0,0,0,0,10.931704,13.193523,31.36782,0,0,0,37.465496,0,0,0,0,0,11.653381,14.517475,12.962147,0,0,0,14.056225,15.44318,12.759552,13.5320015,0,0,15.312439,0,0,0,0,11.709561,0,40.25737,0,11.002591,0,0,0,0,0,18.124626,0,0,10.913873,0,18.116196,0,10.237776,8.312282,0,10.638853,0,0,0,14.921757,0,15.677265,13.808289,0,19.709518,0,0,0,0,0,0,0,0,0,6356302,0,0,22.822676,0,13.568718,0,0,10.315659,0,0,0,16.816994,0,0,0,0,17.464268,0,0,0,0,0,0,0,0,0,0,0,10.950094,0,0,0,10.790043,18.024632,15.755566,0,0,0
37410,0,15.033516,16.289791,0,0,0,0,0,0,0,33.607918,0,0,0,0,0,0,0,29.30212,22.790865,0,0,13.759144,0,0,0,19.025936,0,0,0,174.92429,0,0,0,0,0,0,0,29.510832,0,0,0,0,0,0,11.083475,0,0,0,0,15.323106,10.4824505,0,0,10.973455,0,0,0,0,0,0,0,0,49.213314,12.068555,14.572487,0,0,0,0,0,0,0,0,0,0,0,0,0,0,0,0,24.844288,11.671456,0,0,0,0,0,0,0,0,0,0,0,0,0,16.813211,0,0,0,0,0,0,22.899868,0,0,0,0,0,5009113.5,0,0,0,0,12.811422,0,0,0,586.4773,0,0,25.316338,0,0,737870.4,0,0,0,0,0,23.327438,0,0,0,0,10.088181,0,0,0,0,0,0,11.631021,0,0,0,0,19.105673
33419,0,0,12.158552,0,0,0,20.442837,11.9435,0,9.623099,11.527659,0,0,0,0,10.98514,0,0,0,0,23.008911,0,0,15.997701,0,0,10.568195,0,20.497662,0,0,12.199037,16.915936,10.3122635,0,0,0,0,11.066536,39.709053,11.908045,10.660156,0,0,0,0,0,0,0,0,0,12.277527,0,0,0,0,0,0,0,0,0,0,0,0,0,11.297726,11.199501,15.057089,0,0,0,18.743263,0,0,0,0,0,0,12.584455,0,0,0,11.291963,0,0,0,0,14.676939,0,0,0,0,0,0,0,0,0,19.57458,0,0,0,0,0,24.030647,0,0,0,0,0,0,0,0,0,0,0,0,0,0,0,0,0,0,29.645546,0,0,157825.16,0,0,0,0,13.638479,0,0,0,0,0,0,0,11.064782,10.27473,0,13.676072,0,0,0,12.2519245,0,0,0
32186,17.382515,0,0,11.487336,0,0,0,0,0,0,0,0,0,0,0,0,0,8.798977,0,0,0,0,0,0,0,0,0,0,0,0,9.733896,0,0,0,0,0,0,0,0,12.614355,19.437378,0,0,0,0,219716.44,0,0,0,0,0,0,0,0,14.134111,12.59119,0,0,13.38358,0,19.856571,0,0,0,0,0,0,20.33234,0,0,21.548597,12.623667,0,10.123121,0,0,0,0,10.271027,26.964985,0,0,0,0,0,0,0,33.069527,0,0,26.596048,0,0,0,0,0,0,0,0,0,0,8.3247175,0,0,0,0,0,0,0,0,0,0,0,22.672112,0,0,0,14.090278,0,0,0,0,0,0,0,173254.48,0,0,0,27.821121,0,0,0,0,15.493799,0,0,0,18.867737,10.276196,0,0,0,0,0,0,0,0,21.250767
40635,0,0,0,0,0,0,0,0,0,0,0,26633.82,0,0,0,0,0,0,0,0,0,0,0,0,0,0,0,0,0,0,0,0,0,0,0,0,0,0,0,0,0,0,0,0,0,0,0,0,0,0,0,0,0,0,0,0,0,0,17.608974,0,0,0,0,0,0,0,0,0,0,0,0,0,544.41614,0,0,0,0,0,0,0,0,0,0,0,0,0,0,0,0,0,0,0,0,0,0,0,0,0,0,0,0,0,0,0,0,0,0,0,0,0,0,0,0,0,0,0,0,0,0,0,0,0,0,0,0,2449946.5,0,0,0,0,0,0,0,0,0,0,0,0,0,0,0,0,0,0,0,0,0,0,0
32149,0,0,8.787269,0,0,0,8.669195,0,0,0,0,0,0,0,0,0,0,0,0,0,0,11.613834,9.724478,0,0,26.946854,0,0,0,0,0,0,9.719126,0,0,0,10.842415,0,0,10.919778,12.741764,16.622944,0,0,0,2088228.1,0,0,23.121588,20.188965,0,0,0,0,0,0,0,0,0,30.20136,0,24.114784,0,20.164726,26.804962,0,0,21.967644,0,0,0,0,0,0,26.035795,0,9.577964,0,16.55198,48.89564,0,0,0,11.773785,0,0,0,10.88826,0,0,11.19319,0,0,0,0,0,0,0,10.274334,0,26.292828,0,0,0,0,0,19.064793,0,0,0,0,0,0,32.726723,0,10.38856,15.241816,0,0,0,0,0,0,0,0,1676127.6,0,0,0,0,0,0,0,13.530768,0,13.843066,0,30.93483,0,0,0,0,0,0,16.111938,0,0,0,0
37312,13.908125,14.294999,0,0,0,0,0,0,0,0,0,0,0,0,24.874054,0,0,0,11.646551,16.961151,0,0,14.037274,0,10.985845,22.106197,0,0,11.079572,0,0,0,12.94534,0,0,0,20.84846,0,0,0,0,0,0,0,0,11.313164,0,0,0,0,11.266403,0,0,13.342951,0,15.808477,13.74305,0,0,0,0,0,0,0,0,0,0,0,42.051434,0,0,0,0,0,0,0,0,0,12.849588,0,0,0,0,16.72575,23.45891,16.169134,0,0,0,16.859077,0,0,28.761467,0,16.131872,0,0,0,0,20.10307,0,0,0,0,0,0,20.80032,0,0,0,0,0,0,16.455307,0,0,0,0,0,1763.3737,0,0,0,0,0,1370528,0,0,0,0,13.457627,0,15.371872,44.942863,0,0,0,0,0,0,0,0,0,16.206398,0,0,0,0,0
33077,0,9.90423,0,0,12.183803,0,0,0,0,13.744959,0,0,10.788999,0,0,0,0,0,0,0,0,0,0,0,0,0,0,10.177221,0,0,0,0,0,0,15.121036,16.031971,19.538477,24.070332,0,0,0,0,0,0,10.929693,0,0,0,0,0,0,10.279281,0,0,0,21.080967,0,0,0,0,0,0,18.403713,0,0,0,0,0,0,0,16.206146,0,0,0,0,0,0,0,8.866644,0,0,0,0,0,0,0,0,15.686772,0,0,10.655403,14.8018265,0,0,0,0,0,29.258244,0,0,0,21.03644,0,0,0,0,0,9.533768,0,0,0,19.89429,12.358658,0,0,20.978699,0,0,0,20.770515,0,0,0,0,0,75209.22,0,0,0,0,0,10.268301,0,15.347115,10.264558,40.44796,10.34075,16.283749,29.48916,18.00378,0,0,0,0,21.301147,0,10.097637,0,17.596169
35376,0,9.446216,0,0,0,0,0,0,0,0,0,0,0,0,10.790843,0,0,10.137354,11.490421,0,0,0,0,0,0,0,14.403318,0,0,0,17.222078,10.194578,0,0,20.507233,20.594343,0,0,0,0,0,14.68953,0,0,0,0,0,0,0,0,22.866253,0,0,0,18.995863,0,0,9.362569,0,0,9.5542840000000009,11.978472,23.14859,0,0,0,0,0,14.189064,0,0,30.67086,0,12.70009,0,0,0,0,0,0,0,0,18.430088,0,10.350933,0,0,0,0,0,0,11.379769,0,0,0,0,0,8.81887,0,0,11.650415,0,0,0,11.807118,0,9.920783,13.509844,0,0,1147010.9,0,0,0,0,0,17.284397,0,0,0,0,14.397921,0,19.660168,0,0,0,10.105494,0,0,0,0,12.231812,16.863766,0,0,0,15.635886,0,14.682467,0,0,0,0,0,14.793936,0,0,0
34679,0,0,8.853075,0,0,0,0,0,0,0,0,0,0,0,0,0,0,0,14.30911,9.213934,0,0,0,0,0,0,10.98217,0,0,0,0,0,0,0,13.35397,0,0,0,0,15.94112,0,0,0,11.597639,9.926701,0,0,0,11.209902,8.765112,0,0,0,10.606812,0,0,0,0,0,0,0,0,0,0,12.120075,0,0,0,16.293175,0,0,0,0,0,0,0,0,0,26.52198,0,0,0,0,10.459931,0,0,0,0,12.708594,0,13.269144,0,0,0,0,11.037228,0,13.865059,20.30262,0,0,0,0,33.817497,19.615353,0,11.8514,15.763844,0,13.481055,0,0,0,0,0,13.490348,0,15.4980755,0,10.909569,13.382153,0,13.742447,0,0,280449.66,0,0,0,15.798212,17.54477,0,15.360346,0,0,0,8.227234,0,10.202169,0,15.253301,9.778191,22.448004,0,0,0,0,0,0
33078,0,0,19.554638,0,12.4020815,10.331196,0,0,0,33.783916,13.014759,0,0,0,0,0,30.24709,0,0,0,0,0,0,19.352158,0,0,0,0,0,0,12.395222,0,0,0,0,0,0,0,0,0,15.9088745,0,0,14.881544,0,0,0,0,0,0,0,9.631102,0,0,0,0,0,0,0,0,0,0,0,0,10.729979,0,0,0,0,0,0,13.976795,0,0,0,0,0,0,0,0,0,0,0,0,0,20.18929,0,0,10.692019,0,0,11.946335,10.343316,0,0,0,0,0,31.183987,0,8.940226,0,11.676308,0,0,0,0,9.739321,0,0,0,0,0,0,0,0,0,0,8.799783,0,0,0,0,0,0,1461333.9,0,0,0,0,16.263191,0,0,0,16.650991,0,0,0,0,0,0,17.040148,0,0,0,0,12.842464,0,13.649249
36691,8.822311,0,0,0,9.269077,0,0,13.0796585,0,0,11.049105,20.859707,0,0,9.888436,0,0,0,21.777258,18.862621,0,0,0,10.371586,0,16.090069,16.380358,0,0,12.111244,23.426708,0,0,0,0,0,0,0,0,0,27.244207,20.53046,0,25.53501,0,0,0,16.732412,0,16.830437,12.324852,0,0,14.293934,0,10.380756,0,0,0,14.108852,0,0,0,12.227928,9.645063,11.228064,0,41.532303,0,0,35.380558,22.069397,0,26.261036,19.23892,10.356375,0,0,0,0,0,10.02048,0,14.573959,11.212543,0,0,10.966078,0,0,0,16.23283,0,0,0,0,0,0,20.020765,45.740147,10.542943,0,9.95457,0,0,22.35018,22.005928,8.974221,0,13.453211,0,0,0,19.24712,0,16.735046,0,0,0,0,31.045313,0,14.780467,9.866833,0,164194.89,0,0,0,0,19.156513,10.939934,0,0,0,0,0,0,0,18.236767,0,0,15.1603775,19.589956,19.927698,0,0,0,0
36508,0,10.286946,0,0,0,0,0,0,0,12.538658,0,0,11.668804,13.094177,18.285355,0,0,9.877302,20.098366,0,0,10.18054,22.273977,0,0,0,12.431627,19.700222,0,0,9.156185,0,0,0,0,13.20776,0,0,16.825275,9.902287,0,0,16.690773,0,22.236664,0,14.333841,0,0,16.840813,10.310512,0,0,13.475804,0,0,20.655243,10.246156,0,0,17.905573,0,0,20.768646,13.549747,20.081284,0,0,13.497566,0,0,15.78702,0,0,10.613024,11.321178,13.510679,10.446743,9.541998,19.09476,0,0,14.593088,16.901497,0,0,0,0,0,8.967598,9.607168,0,0,0,0,0,0,15.671536,0,0,20.39727,0,0,36.117233,0,0,19.916218,0,10.187112,10.419302,1784061.4,0,0,17.055168,0,0,0,16.904583,0,0,0,0,0,0,0,0,0,0,0,0,11.836934,0,0,18.247984,0,10.2935505,0,0,0,0,0,16.236908,0,11.070871,9.452214,12.072126,25.955126,0,0
35632,0,16.425625,10.096186,0,0,0,0,10.9719,9.324225,0,0,0,10.28838,0,0,13.025162,0,9.353102,0,17.710852,0,8.907698,0,0,0,0,0,0,0,0,13.238989,0,0,0,0,11.713453,0,14.12914,22.310242,32.612827,0,0,0,0,13.06419,0,14.421986,12.839082,14.147271,11.100826,0,0,11.695265,9.236658,16.150232,0,0,11.876833,0,0,0,12.362889,0,0,0,0,0,21.556879,11.275245,0,0,8.3724575,0,0,0,9.89342,0,0,13.41305,0,0,0,29.777464,0,0,0,23.37302,10.5953045,0,0,0,0,0,0,0,23.172628,0,0,14.092949,10.895657,0,0,11.702266,0,12.373053,19.745808,24.903027,9.415762,0,0,0,0,36.278,0,0,0,0,0,0,0,26.305153,0,10.95788,15.113424,0,176392.33,0,15.568577,0,0,14.203508,10.288946,0,11.1462555,43.23801,10.710831,0,0,0,9.254491,0,0,16.347103,11.256519,29.765812,11.868063,19.217136,0,0
30796,0,0,0,0,0,0,0,0,0,0,26.593712,0,0,12.552207,0,0,0,0,17.528172,19.605476,0,9.250534,0,0,20.49643,0,0,0,0,0,0,32.096596,0,0,0,18.27495,0,0,16.214474,12.976868,0,0,34.95579,0,0,15.209655,0,0,0,0,0,0,0,0,0,0,0,0,0,0,0,8.048464,0,23.641388,0,0,0,0,0,0,0,0,0,19.54344,0,0,0,0,0,0,39.74476,0,0,0,0,0,0,0,0,0,0,0,0,0,0,0,0,0,11.293915,0,20.477215,0,34.106598,0,0,0,0,0,0,20.787294,0,0,0,0,0,0,17.920612,17.707535,8.815708,0,0,0,0,0,72.364365,147793.06,0,0,0,18.45934,0,0,0,0,0,0,0,0,0,0,53.22254,0,0,0,0,30.960693,0,0,0
29655,0,0,0,0,0,0,8.818142,0,9.061524,0,14.282318,0,0,0,0,0,0,0,0,0,0,11.717148,0,0,0,0,0,0,0,0,0,0,0,0,0,0,0,0,0,13.288187,0,0,0,0,0,0,0,0,0,0,0,0,10.295907,0,0,0,0,0,0,0,0,9.535854,0,0,0,0,0,0,0,0,0,0,0,0,0,0,0,20.12302,10.301768,13.9167595,0,0,0,0,51247.44,0,0,14.67044,0,0,0,0,0,0,0,0,0,0,0,0,0,0,0,0,0,0,0,0,0,0,0,22.737331,0,0,0,51.67882,0,24.248692,0,0,0,16.190163,0,0,0,0,0,0,0,27.721561,0,0,0,0,0,0,0,11.566656,0,19.84777,13.963939,0,0,0,0,0,0,0,0
34465,0,9.577431,0,0,10.801315,9.799183,0,0,0,18.665808,0,0,0,8.692273,13.990919,0,0,16.466091,0,0,0,9.815115,0,11.547867,0,0,0,14.522032,8.290877,0,0,11.1540785,0,0,11.593547,0,0,10.374886,11.921626,0,15.515006,19.805004,0,0,12.2557,10.018366,11.95825,12.621519,10.240978,21.460718,0,15.756046,13.328564,0,0,0,19.091269,9.3834,0,0,17.758049,0,0,13.808354,0,0,0,0,0,0,0,9.989477,0,0,9.524557,0,9.983788,0,14.8360405,14.805287,0,19.815693,0,0,0,0,0,0,0,10.053236,0,0,0,12.088024,0,17.35951,0,0,0,0,0,0,0,0,0,0,18.262812,0,14.741293,0,373350.8,0,0,0,0,15.470854,13.507962,0,0,0,10.771162,0,0,0,0,0,0,18.04573,0,0,18.235176,0,0,0,0,0,0,14.674595,0,0,0,0,0,0,11.988043,12.453177,0,21.258692,0
33644,8.872487,0,0,31.92293,0,0,12.744165,9.215233,0,0,0,0,0,0,14.205755,0,0,0,14.606007,0,0,12.899363,0,0,10.061308,20.331944,0,0,0,15.762463,0,21.734186,10.70521,0,14.357204,0,0,11.032611,0,0,0,0,0,10.804022,0,0,0,0,0,0,0,0,0,10.972519,0,0,25.531658,10.841658,14.404232,0,0,0,0,20.335152,9.7697315,0,10.0799885,0,19.893,0,0,0,0,0,11.226647,0,0,0,0,0,0,0,0,0,0,0,15.315759,0,0,0,9.498365,0,10.514594,0,0,0,0,10.262807,0,0,0,0,24.158634,0,0,17.805086,10.507631,0,0,0,0,0,0,0,0,16.378448,12.011203,0,0,63.60611,0,0,9.740815,0,285383.88,0,0,0,0,21.857609,0,0,0,0,0,10.471497,0,0,17.360172,14.114693,0,0,0,0,17.750132,0,0,16.072971,0
31795,0,0,0,0,11.068348,0,12.851343,0,0,12.471237,0,0,0,0,0,15.294344,0,0,0,0,0,0,0,18.81001,8.638526,0,0,0,0,18.454102,14.574687,21.178158,0,0,0,0,0,0,0,0,15.304192,0,0,0,0,0,0,0,0,0,0,0,0,0,0,0,0,14.355362,12.9758,0,0,0,12.733271,0,13.060108,0,10.586956,0,0,0,0,17.18328,0,15.480349,0,0,0,0,0,0,0,11.366367,0,16.961666,9.737586,0,0,28.573576,0,0,0,0,0,0,0,0,0,0,12.972292,0,0,23.7431,0,0,0,0,0,0,0,0,0,0,0,16.109077,0,0,0,0,0,0,0,12.858051,0,0,0,168671.31,0,0,0,22.819431,12.475285,0,0,0,9.060455,22.818405,13.23537,0,18.657566,0,19.002743,0,30.54792,31.475811,0,0,45.557285,0,0
29629,0,16.320759,0,0,0,11.165991,0,0,0,14.6724205,0,0,0,0,0,0,0,0,0,0,0,0,0,0,0,10.301165,0,0,0,0,0,0,0,0,0,0,0,0,0,0,0,0,0,0,0,12.084572,0,0,0,15.588347,0,0,0,0,0,18.029453,12.362842,0,0,0,0,0,0,13.087364000000001,0,0,0,0,0,0,0,0,0,9.91864,0,0,0,20.104757,0,0,0,0,0,12.191561,49981.984,0,0,0,0,14.905899,0,19.280422,0,23.85532,0,0,0,0,19.709932,0,0,0,0,0,0,0,0,0,0,0,0,0,0,0,0,0,0,0,0,0,0,0,0,15.613996,0,0,0,0,0,0,9.046075,0,0,0,0,16.174198,0,28.08473,0,0,0,0,0,14.049688,0,0,0,0,0
31797,0,10.5919285,0,18.838911,13.723626,8.900402,0,16.958122,21.921093,0,0,0,17.805552,0,0,0,0,26.160465,0,0,0,0,0,0,0,12.42307,9.644693,0,0,0,0,55.2613,0,13.404461,0,0,14.683027,17.569931,15.637924,0,27.800516,0,22.890263,11.737783,0,0,0,0,0,0,0,0,0,0,0,14.265243,0,25.61072,9.701517,0,0,0,0,0,0,0,0,0,0,0,30.730572,0,0,0,17.956642,0,9.751167,0,27.710459,0,0,0,0,0,12.511671,13.520605,14.892374,13.181033,0,0,0,0,26.086931,0,0,16.447613,0,14.491405,0,0,14.337416,10.822689,0,0,0,0,0,0,0,0,0,0,0,29.999693,0,0,0,0,0,0,16.149769,26.105684,0,0,0,1380502.2,0,0,0,21.50512,17.905302,0,0,0,0,0,0,0,48.988132,33.00656,0,19.133095,0,0,0,0,0,0,0
34099,13.1377735,10.3098755,0,0,0,0,0,0,0,0,0,0,0,11.551155,13.433612,27.091732,0,17.729708,0,0,12.051861,0,0,0,0,14.615163,0,0,0,0,16.412487,0,18.120506,0,18.740559,13.523064,14.159985,0,0,9.565901,0,0,20.51953,0,0,23.2607,10.212486,0,0,0,0,0,0,0,0,0,31.805588,0,0,14.567297,14.331133,0,12.650484,0,14.360304,13.323058,0,0,0,15.331615,0,10.177622,0,0,8.901462,0,0,0,0,0,0,14.233818,0,0,21.002754,0,0,0,0,14.6999655,0,0,0,0,0,17.052994,0,0,9.708319,0,20.716913,0,0,16.483534,0,0,10.270807,12.367288,0,18.162666,0,0,12.270977,0,0,38.39929,0,10.761137,13.938169,0,0,0,12.610397,0,0,34401.22,0,15.916826,9.927446,0,31.706825,0,0,0,0,0,17.197012,0,26.613804,0,0,0,17.664879,0,10.888924,0,14.806121,21.109037,0
34759,22.466595,10.31929,10.558292,0,0,0,0,16.649101,12.783483500000001,0,0,0,0,0,0,0,0,42.496216,16.061619,15.952404,0,13.168105,0,0,0,0,13.68755,0,0,0,0,0,0,0,14.330416,0,0,0,8.884858,0,11.668823,10.0880575,9.759533,0,0,0,0,0,0,0,0,18.049454,0,0,0,16.388775,0,14.506962,21.143757,0,20.268353,0,0,0,7.5647564,0,27.003647,0,0,11.515304,12.373203,0,0,0,18.499403,9.425615,0,0,0,0,0,14.309128,0,0,0,19.640589,0,10.455952,14.570185,0,0,0,10.019395,0,0,0,0,19.31398,0,0,0,0,15.882386,0,0,0,0,7.8756886,0,0,746051.25,12.865632,31.21468,0,0,0,0,0,0,0,0,0,0,0,0,0,0,0,0,16.428017,13.241688,14.500504,0,14.869158,9.413365,0,0,0,0,9.949691,0,0,0,0,0,0,0,0,0
36150,12.135605,0,15.119971,0,0,0,0,0,0,26.86834,0,0,0,0,28.229116,12.859203,0,10.3385,0,35.81613,0,12.735687,23.231659,15.481398,9.984314,0,10.510729,0,0,34.236465,0,0,0,0,36.457466,0,19.280449,0,20.099129,0,0,0,13.207193,0,22.538246,13.862626,0,48.323112,0,14.135393,19.219038,0,0,14.127794,11.997686,24.284582,27.991405,0,0,0,8.585115,0,0,0,17.716423,20.76261,9.442856,17.220692,12.972685,17.67754,0,25.334946,0,10.4033,19.404913,0,0,0,0,9.730825,0,22.000025,0,0,0,0,12.943441,11.514572,9.673709,0,12.593576,0,0,14.480435,0,0,0,0,15.528194,0,14.091795,0,0,0,15.995153,0,0,0,0,0,135319.52,20.50037,0,0,0,0,0,0,0,0,26.109379,0,0,0,0,0,0,0,11.43778,0,16.721039,0,0,13.019541,0,0,11.400951,0,0,0,0,0,9.92444,0,54.37572,0,0,0,18.177479
36975,0,0,29.959482,29.64252,17.427485,0,8.887811,30.455688,0,18.411505,0,0,0,0,19.328365,0,10.880556,0,21.680698,0,0,12.270754,0,21.97568,12.998746,0,19.33068,0,29.62698,28.665806,0,0,0,0,0,12.760511,29.908379,43.961853,25.359789,0,22.63655,0,10.425471,28.488665,13.493774,20.753017,0,0,28.863415,17.668486,9.629715,0,19.314457,13.120133,29.685295,0,22.307146,13.132561,9.360199,0,17.245663,0,14.153598,16.431522,9.102369,19.259628,21.004097,32.058823,0,15.425037,19.20097,31.56881,114.21446,11.5136,31.678612,13.247817,0,0,0,0,0,0,17.11184,44.859985,0,0,0,0,0,0,0,19.458305,0,0,0,34.148895,0,12.901817,20.679436,42.0117,23.831629,0,0,0,12.803637,0,19.075802,0,10.686087,24.60699,0,0,0,0,0,20.323408,0,18.782814,0,18.889591,14.3275795,0,0,0,356381.44,0,0,0,13.349283,19.874706,0,0,11.135269,64.247185,11.943844,18.151672,0,0,33.072456,0,42.94754,22.698538,0,30.959095,0,8.9299,0,78.06813,0
30158,0,10.286952,0,0,0,0,0,0,0,27.588995,0,0,0,0,17.430487,0,17.871044,0,14.409251,0,14.269991,0,0,0,0,0,0,0,0,15.476133,9.387053,28.258297,0,14.682404,0,0,0,0,0,0,19.811255,0,0,13.175198,0,0,0,0,18.38099,0,0,0,0,26.34367,0,0,0,0,0,0,0,0,0,24.915005,0,0,0,0,0,0,0,0,0,0,0,0,34.770405,0,0,0,82.93031,0,0,0,0,0,0,0,0,0,0,0,0,0,28.576313,0,23.584728,10.602309,0,0,10.071369,0,0,0,0,15.685959,0,0,9.159474,0,0,0,0,0,0,0,0,0,0,0,12.5332,0,0,0,0,40049.75,0,14.596512,0,0,0,0,0,0,0,0,0,0,26.569733,13.195311,0,0,0,0,0,0,0,35.80397,0
35428,0,0,14.3579645,0,8.152745,0,0,28.802172,0,25.811596,0,0,0,0,11.497158,0,11.451097,12.398689,0,0,12.120729,0,25.226883,0,14.939905,0,22.30339,0,0,0,0,0,0,0,14.357906,0,0,14.72492,43.02478,0,0,0,0,0,8.572149,11.990612,14.133278,0,17.707884,0,10.245085,0,0,13.801437,11.82218,15.362452,20.096516,21.256874,0,0,11.051855,0,11.501901,0,0,21.563263,27.637497,0,0,20.91286,0,0,0,0,18.6893,15.359333,10.268387,0,11.469868,18.425999,0,28.776432,0,0,14.284117,0,0,0,19.237259,18.341923,10.3697815,0,0,11.965633,0,0,0,0,15.438004,0,19.846622,0,11.26803,0,9.981303,12.914072,11.11507,0,0,0,0,0,0,18.13036,0,0,11.843674,0,0,0,0,0,0,0,0,74955.28,0,10.997805,0,0,0,0,0,0,0,0,15.544659,0,0,0,0,0,11.133337,0,42.206062,10.103926,14.003874,0,0
36152,9.377185,0,0,0,9.678635,0,0,20.751595,0,0,21.22995,0,0,0,9.633568,9.531173,0,0,0,0,37.29122,0,0,0,10.140846,0,0,0,0,0,17.175926,0,30.21067,24.17144,0,0,0,14.497853,0,0,0,15.56961,0,0,0,9.194152,0,0,16.322155,33.880737,22.247723,0,0,20.000889,0,0,0,17.607746,14.18516,0,10.499191,10.531481,0,0,10.556828,0,0,0,15.825914,0,0,15.8070965,0,11.218452,0,0,0,0,0,0,0,11.94446,0,0,12.893423,0,0,11.488723,0,13.488035,0,0,0,61.76442,0,0,0,9.876075,0,19.331455,14.40184,0,20.295609,36.91993,26.828087,36.104156,0,0,14.344709,24.91632,453941.6,0,0,0,0,12.024429,0,40.643723,0,0,17.249256,0,0,11.523758,0,0,0,0,15.421833,21.14589,0,0,0,0,37.948498,14.106545,0,14.3093,0,0,0,0,0,11.947746,0,0,0,0,0
30437,0,0,0,23.97332,0,10.4522705,0,0,0,0,10.462443,0,22.591135,0,0,0,0,0,0,0,0,0,0,0,7.8591027,0,0,0,0,0,16.233727,0,0,0,33.43795,11.441462,0,0,0,17.824965,8.864561,0,0,0,0,0,0,16.654976,0,0,0,0,0,8.734191,17.062244,0,23.663525,0,0,0,0,0,0,25.75758,0,0,0,0,0,0,0,0,0,0,0,0,0,0,0,0,0,8.635233,0,0,0,0,0,26.5799,0,0,0,0,0,0,0,0,0,0,18.7255,0,0,0,0,0,0,0,0,0,0,16.4137,0,13.696909,0,0,0,0,0,0,0,0,0,0,17.707148,0,14.566479,95224.24,25.284721,0,0,0,21.30959,0,79.15217,0,0,0,0,20.118439,0,0,19.225697,0,0,0,0,0,33.754246,0,0
32168,0,14.943899,0,0,0,25.611835,20.880264,0,0,0,0,0,0,11.517481,0,0,0,19.58422,0,0,0,0,16.229675,16.500332,0,0,0,0,0,0,9.159543,0,14.562866,0,0,0,0,0,13.021013,29.507046,0,0,0,27.746567,0,0,0,14.773699,0,0,0,0,0,25.788239,0,14.53503,0,0,0,0,0,0,0,0,0,0,16.534786,0,29.323456,0,0,0,0,0,0,16.611534,0,0,0,15.048109,0,0,8.352623,0,0,14.806362,0,0,0,0,0,0,0,0,0,0,0,0,0,0,0,0,0,0,0,0,0,0,0,23.284203,160100.7,21.719067,0,0,0,0,25.145664,0,0,0,0,0,0,0,0,0,0,0,0,14.410724,0,0,0,25.984192,23.639189,0,0,0,0,0,0,0,0,0,0,0,0,34.69763,0
109_i,18.507578,0,0,16.904053,0,0,0,0,0,0,0,0,1697387.6,0,0,0,0,35.61621,0,0,0,0,0,0,0,0,0,0,0,0,0,0,0,0,0,0,0,0,25.586964,0,0,0,0,0,0,16.443838,0,0,0,0,0,0,0,0,0,0,0,0,0,0,0,0,0,0,0,0,0,0,0,0,534941.8,0,83.949265,0,0,0,0,0,0,0,0,0,0,0,0,28.005657,358223.16,0,0,0,0,0,0,0,0,0,0,0,0,0,0,0,0,0,11.74556,0,0,0,0,0,0,0,0,0,207210.83,0,0,0,20.028034,0,0,11854.991,0,0,0,0,0,0,0,0,0,0,0,0,0,0,0,0,0,17.550014,0,0,15722.864,0,0,1343504.8,0,2292458.5,0
117_i,0,0,0,0,0,0,0,0,10.039842,0,0,0,32150.969,0,0,0,66.50137,0,0,0,0,0,0,0,0,0,0,0,0,0,0,0,0,21.418692,0,0,0,0,0,0,0,0,0,0,0,0,0,0,0,0,0,0,0,0,0,0,0,0,10.152945,0,0,0,13.613779,16.906046,0,0,0,24.085396,0,0,5284.719,0,0,0,0,0,0,0,0,0,0,0,0,0,0,0,4245.683,10.291529,0,0,21.23026,26.719318,0,0,0,0,0,0,0,0,0,168.55432,0,0,0,0,0,0,0,0,0,0,0,151.89853,699397.4,0,0,0,0,2875.9297,0,1513.5233,0,0,1717.9495,0,0,0,0,0,0,0,0,0,0,0,0,0,0,13.551235,0,0,6804.412,0,0,16516.457,0,37692.61,0
122_i,0,77.890495,0,0,0,0,0,0,41224.52,0,0,0,86448.82,7239.9937,42.1438,0,85453.39,2198.6206,36725.37,81364.14,73529.7,0,57387.77,92919.234,0,0,0,103926.45,0,0,0,5320.5566,0,33779.39,3698.1396,22050.559,0,0,0,7833.3423,0,0,0,92482.32,0,0,14962.718,0,0,95616.03,0,20.398607,0,0,0,55238,38079.582,54.869167,0,69834.02,0,100.53881,75418.836,5473.0405,39.995052,0,6084.958,27592.56,1108.2334,2491.1208,16207.28,28.92046,0,0,0,32075.205,0,951.57227,50468.613,61292.35,0,0,0,0,0,3068.062,82006.62,3794.749,0,0,3046.8877,49160.363,63350.82,57543.566,0,19558.818,0,50.16947,13791.211,0,0,42243.832,2155.488,0,0,6964.0234,83993,0,0,47875.09,0,6133.9526,572.1185,15989.285,0,44709.03,101434.88,404.7105,0,0,23711.701,33138.277,98988.16,69140.45,0,0,0,3766.5696,0,69578.61,40.285645,94785.14,47806.453,161725.05,0,37338.7,0,44345.727,97592.75,36121.94,0,4154.32,75796.695,15116.639,74512.23,66461.54,6019.5923,0,0
140_i,0,0,0,0,0,0,0,0,0,0,0,57781.6,23.781563,0,0,0,15.15143,0,0,30.17437,12.329248,0,13.889515,18.380175,0,0,0,11.161625,0,0,0,17.061619,0,9.768432,14.861839,12.625793,0,0,0,0,0,0,0,7.630784,0,0,26.0834,0,0,11.964968,0,0,0,0,0,16.911123,8.528727,0,0,50.108788,0,0,0,0,0,0,0,17.408094,16.574524,8.461553,63.381683,0,0,0,0,0,0,0,8.163099,12.093766,0,0,0,0,0,0,16.938074,16.181269,0,0,11.372948,8.640139,0,14.399456,27.64854,17.439901,0,0,11.275916,0,0,0,32.304283,17.639526,0,16.886923,21.805935,0,0,11.898609,6274.0156,11.347399,20.383469,23.411053,1215408.5,0,13.532241,0,0,0,15.994835,12.121098,51.871475,0,0,4665808.5,29.74353,0,0,11.317471,0,11.463165,22.080494,13.809372,0,0,0,0,10.823669,0,34.76722,7.616975,0,0,13.595047,10.751345,9.112137,0,16.452663
142_i,0,0,0,0,0,0,0,0,0,0,51.80468,26343.8957,0,10.462334,7.8670692,0,32.699081,10.826573,12.010366,15.317709,15.216351,0,0,15.246017,0,0,0,32.566175,0,0,0,44.556725,0,20.761144,25.948656,0,0,65.419196,0,0,0,20.564425,0,0,0,0,63.060662,0,0,28.873463,0,9.661574,29.528317,0,0,25.171272000000002,12.728609,0,0,37.059727,0,28.840809,29.463165,0,0,0,26.584982,12.078479,11.068551,21.686407,31.153463,40.96442,0,0,0,0,0,0,12.282518,14.146315,0,0,0,0,0,13.964006,8.621119,16.365135,0,0,11.597477,10.491486,9.997855,27.11404,27.318423,43.655181999999996,0,0,0,0,15.429316,8.996127,18.1147183,28.736847,0,27.632982,0,0,0,36.184523999999996,24441.787800000002,31.28208,41.645337999999995,49.344164,0,0,19.60835,0,0,0,31.541569,27.799735,10.619168,0,0,11496477.7,57.35026,20.659118499999998,0,15.555243,0,0,0,11.883999,0,22.516714999999998,0,0,58.167320000000004,11.752441,45.587901,27.391994,16.18653,0,10.282396,0,28.557995,15.916214,46.686861
155_i,161.53583,191.80049,166.91193,132.5698,138.19424,0,55.606735,103.74579,594.4837,203.70453,63.320633,0,661.6583,1402.4336,260.5078,26.322956,216.66605,2631.8323,1616.95,3771.4805,1890.6389,209.34218,898.6138,0,463.25247,317.6629,255.12132,310.80194,157.23787,75.98604,84.40756,768.39984,285.3512,104.416794,4408.6826,413.9412,128.04495,11132.671,176.68176,2108.5156,291.5721,138.85846,185.36124,682.81305,404.96432,211.8714,281.98837,87.39203,332.43866,288.7637,325.04086,461.00833,982.7597,186.8724,98.020355,446.9939,1353.5464,65.63277,415.84662,1196.4415,117.372345,211.77087,3071.3477,3312.4976,49.04019,149.99968,1558.3563,620.0564,1451.4059,7308.756,624.0337,203.7359,0,88.33192,251.79042,1672.8296,100.34625,1310.4244,607.26306,567.7916,0,233.6465,130.09297,312.07092,119.022705,5078.7095,311.65186,287.1374,210.52094,66.50939,2098.807,1112.4924,83.316475,592.5253,31505.842,0,0,105.80776,234.43634,220.6862,143.322,86.43415,1300.0482,8216.117,207.17885,974.98315,932.0287,147.4539,175.21408,95.167206,0,184.5358,10447.646,4007.2944,0,753.5135,82.382355,594.11414,244.99588,519.75665,1124.2831,377.0037,418.64096,795.1685,0,0,38059.035,900.0143,96.640564,1377.1663,88.37102,261.4641,271.80606,100.49684,145.92123,1585.4576,36.046494,452.072,329.63403,154.02728,40881.543,702.74866,1602.6227,5169.5654,835.1846,534.33466,5932.002,57991.867,15518.911
192_i,51064.8484,67982.86625600001,71334.544625,73453.178658,59074.177805,328414.42850000004,52327.673758,70936.203395,280822.700246,74889.59394,64054.268153,1332874.3898699998,2482680.258103,473392.46804999997,67860.634705,49563.301239,1186250.343155,298785.479244,202100.61049300001,573384.8496900001,452907.555145,77840.86163,388361.51651600003,769394.95893,73542.997537,77895.161509,76613.46199,1298233.49807,70523.648663,74078.83587000001,76033.50752,495000.592406,68680.28588,356272.968678,669232.17851,958198.841776,72333.539146,522491.06286,72125.534396,318711.726877,76612.62187,73087.453384,76210.447772,517594.583124,75872.50535,72676.11368,757575.08826,65726.112941,70872.31146999999,694722.29985,74221.92198000001,67993.563425,396818.81143,68524.53800300001,78143.94141900001,359388.62807,640423.739787,58054.242019000005,74632.860588,1150377.40619,62869.014316,65842.919582,482681.81499,490442.97288,49498.828304999995,69407.62118199999,303990.415325,618199.1813299999,1025484.95253,453858.53762,1873444.7699,69045.163322,72487.122026,71189.859327,77798.644553,226941.3002,49762.915732,329867.82087399997,479358.49322,354148.83959,5400.71893,80101.50418599999,68591.59633,93466.021307,72285.748427,273759.13644,1311743.81265,517330.23357,73339.4284535,75495.76427,711994.20515,977183.55058,277629.82696,500413.23048,902276.3768,809557.8211599999,577808.35817,70882.680549,680961.02111,71247.997615,70647.85093,452600.284941,907486.11063,969009.51516,70147.394476,1180069.88465,472124.03422000003,61872.726200000005,76197.088277,845449.18418,767420.6646,491274.72554,624922.27328,727180.60833,21323795.03807,246680.22543999998,818033.646379,307489.27837,59548.281177,70554.806665,430561.87554,516343.237417,1639910.6880599998,217221.62209999998,6893818.3454,119223.426,677264.41633,408270.82473,76072.916735,630296.1447599999,66121.94591,891290.49848,1375568.430608,478073.549279,77622.463997,353740.60176,69722.946306,408956.86638,505322.600074,531286.0456600001,1004259.28602,504041.385695,418038.18634,385292.66309,1408732.82191,2185425.6758,755767.73086,2094041.5158000002,765904.5253
195_i,0,16.130953,0,0,0,0,0,0,0,0,0,0,53265.79,0,18.946476,0,0,0,0,19.269493,0,0,0,0,0,0,0,0,0,0,0,0,0,23.176983,0,0,0,0,0,11.28283,0,0,0,0,0,0,0,0,0,10.612808,0,0,0,23.43157,0,0,0,0,0,0,19.756443,9.761307,0,11.358923,0,0,28.997131,0,11.4625635,10.529604,5698.913,0,0,0,0,0,0,0,24.701849,9.380854,0,0,0,0,29.12557,9.603175,3695.8289,0,9.622124,0,0,7.437847,0,10.549791,9.949966,0,0,0,0,0,0,0,0,0,0,23.548347,0,0,0,16.881746,17.811308,0,14.097887,0,0,10.03494,0,0,9.901297,0,16.070911,14.7226925,0,0,0,0,0,14.653852,0,0,0,0,0,0,0,10.252861,0,0,15.272906,0,0,0,17.100851,24.935745,27.39323,9282.145,0,33946.67,0
222_i,31718.697897,42002.161387,3418.215879,616.9873,517.72107,420.7934,186.75917,301.43555,2753468.91763,447.47281100000004,52786.5790305,644.823534,4993198.88211,5894421.5603,24009.437502,927.09906,12082903.1511,2496544.110355,1491490.1882820001,7718440.7532,7808095.5899,511.249,3730294.47642,5296338.09395,716.19086,1134.1293,768.894731,6563636.80056,841.7644,779.49036,266.47693,7040875.26546,25021.149259,2836650.843866,7538726.61883,3910789.8451199997,545.28784,13208490.7237,379.0476,3478574.33513,1041.9901325,1868.55302,537.514,3717266.1983899996,502.17987,1214.8204,11606452.6786,1430.071127,346.63794,5190379.76377,263.012511,14449.626482,3549442.7550999997,9329.5133415,1216.7198,6069101.87889,2333928.88372,7086.961534,386.30923,19230708.414,1955.1358,27302.430705,9040566.7569,4047007.54257,84906.261302,41236.997083,4392251.21222,3933415.60279,3718766.67282,4316759.907416,6963421.16,33311.120252,1719.9954,803.6574,435.356205,1450499.139636,836.6024,8918448.1238,3325998.52485,4538156.89825,12504.273299999999,613.90113,559.5724,551.692,939.909437,2848273.45481,2823337.689,3082402.3024399998,528.032794,1000.69666,3441289.078055,4544818.11576,3127924.852608,6850852.4781,13132544.95747,4994328.622045,789.0888329999999,29706.531949599997,2311216.801934,734.246294,2507.966916,6455913.273,7966252.6355,8091195.49834,208.74796,10506961.1252,3007280.84979,250.74545,631.2309,5654688.160139999,755.90173,4842359.13967,10793766.33829,6062545.8736000005,1108.873,2141045.86606,4590648.71129,1640959.289347,1217.51368,6887.6692029999995,6701261.82732,9005775.9077,3208665.82311,3610919.843644,1059.593793,891.15671,6510336.600186,5134301.24556,483.57935,9116859.668116,12978.614444,6555670.02798,4693910.35731,4934711.18575,870.4849375,2903953.8562,517.9571,7426229.3413,5180983.2816,4701312.11932,15412735.2461,4780719.51968,2736130.69586,3578632.73818,2798682.4156400003,1405403.79546,11122974.639800001,5402512.32249,13950772.1032
223_i,23.469086,129.86826,29.195686,0,0,0,0,0,78.318855,53.426804,109.57222,25884.758,0,0,43.576637,0,0,0,58.315987,0,43.309048,0,0,0,0,0,0,0,0,0,0,0,185.41232,0,0,0,0,0,0,0,0,33.121513,0,0,0,0,0,68.85471,0,37.992928,0,0,0,16.148024,0,0,31.420097,0,0,0,20.029951,24.446503,0,0,0,21.289852,0,0,0,42.21295,0,52.59833,0,0,0,16.428577,0,0,0,24.737146,0,0,0,0,0,31.523922,0,0,0,0,0,0,19.168716,0,0,0,0,170.4898,0,0,46.242535,0,0,0,0,0,0,0,0,196.94609,8800.13,0,0,0,0,0,0,0,0,0,29.007078,0,0,0,0,162633.83,0,0,0,0,18.093977,0,0,0,0,0,0,56.57917,0,0,0,0,0,0,53.851654,0,156.90883,0,0
228_i,0,0,0,0,0,0,0,0,55.624283,0,0,1149059.928,257.07486,0,0,0,1480.5123,0,57.215446,0,0,0,0,0,0,13.557686,0,548.86163,0,0,0,0,0,0,0,0,0,0,84.56746,375.38586,0,0,16.931278,0,0,27.30101,0,0,0,0,0,0,0,0,0,101.9771,0,0,0,0,32.71595,0,0,742.9935,0,0,751.0172,199.28378,0,4137.9146,2374.751,0,111.88678,0,12.844612,0,0,0,0,216.70743,0,27.006432,0,951.4971,0,0,1014.1259500000001,985.6639,36.649185,0,0,620.86566,0,0,0,0,5207.828,0,773.52783,0,0,143.82445,0,0,0,1307.1644999999999,423.08624,0,76.25187299999999,930.3922600000001,0,0,1848.4644,0,29103895.5,0,337.94855,76.65819,0,1315.6594,210.09944,0,166.06299,409.96783,72188920.6,2919415.4974,0,200.73662,16.314281,0,0,0,831.8985,111.741066,91025.708974,0,25.68098,2055.7058,431.0193,0,1832.0197,0,806.8327,0,0,1500.9281,0,1218.8063,1276.5273
239_i,8.708327,9.10701,0,0,0,8.234631,0,0,164.12552,0,0,89394.766,9704.204,325.1479,0,0,436.74506,68.02882,306.87402,4879.087,2781.8245,0,179.43347,9320.223,0,0,0,404.86484,0,12.216312,0,1549.2172,0,191.00563,1059.9196,159.00208,9.364171,812.46686,4032.3909,159.69962,0,0,0,63.33729,0,2372.3433,595.8803,0,10.726477,444.21777,0,0,429.1318,0,9.391737,3162.5886,174.04019,16.78899,0,6649.102,11.072534,0,90.64892,544.6139,8.600798,0,142.95312,3376.4153,3235.545,161.95013,13236.109,0,0,0,0,41.533367,6.3452435,62.71719,197.27255,282.98444,0,0,0,0,0,243.48422,3582.1475,152.12936,0,8.994059,1928.7505,2160.6995,218.93878,156.43394,19403.121,2826.6484,0,0,143.72939,0,0,633.1849,1364.3029,4116.2744,0,1442.2751,22992.924,0,0,890.80383,26.948318,224.05939,4992.4966,7655.8145,40116.016,54.468903,2706.9927,54.414246,0,0,244.04556,215.66966,14663.275,617.1094,15481.448,134274.9,9768.516,269.90463,0,210.16052,0,76.33157,1294.1046,559.11676,0,131.9187,9.68927,832.66406,3503.8398,127.721725,4939.465,73.68086,10635.317,2676.3354,125.58327,11368.171,155.78566,41941.37,2344.5728
242_i,0,0,0,0,0,0,0,0,3831.9849,0,0,0,10289.566,5475.992,0,0,1674.2322,201.7152,567.0295,2182.914,1316.2565,0,11797.572,798.937,0,0,0,9724.339,0,0,0,99.79097,0,12.79372,1137.3962,7140.39,0,13737.75,0,580.834,0,0,0,146.21138,0,0,5212.1475,0,0,249.92168,0,0,2912.053,0,0,3417.2458,5903.8823,0,0,6119.8706,0,0,398.76453,5522.7407,0,0,6880.577,2038.2415,21.91446,3390.7693,5642.463,0,0,0,0,13.904068,0,7170.158,660.5127,20.602156,0,0,0,0,0,6073.1104,2432.8972,4873.6255,0,0,3573.367,748.4987,13.242035,40.175446,3431.9028,1119.9421,0,0,1687.5887,0,0,5131.079,4540.3364,3152.9443,0,116.49225,17.255558,0,0,22930.979,0,14.566444,504.23062,40482.76,0,696.24744,1326.4393,148.3542,0,0,1268.0293,71.65152,647.4939,69.149925,0,0,348.06027,5063.0034,0,2635.8247,0,3895.2488,452.49774,193.63103,0,2122.9277,0,605.6713,5913.7314,941.58185,3055.957,5069.865,618.0302,3835.5022,3508.8408,9423.07,8476.113,26212.219,2351.9954
252_i,0,0,0,0,0,0,0,0,0,0,0,12274.1578,0,0,0,0,0,0,0,0,0,0,0,0,0,0,0,0,0,0,0,0,0,0,0,0,0,0,0,0,0,0,0,0,0,0,0,0,0,0,0,0,0,0,0,0,0,0,0,0,0,0,0,0,0,0,0,0,0,0,0,0,0,0,0,0,0,0,0,0,0,0,0,0,0,0,0,0,0,0,0,0,0,0,0,0,0,0,0,0,0,0,0,0,0,0,0,0,0,0,15524.035,0,0,59.579216,0,0,0,0,0,0,0,0,0,0,0,7032808.3,0,0,0,0,0,0,0,0,0,0,0,0,0,0,0,0,0,0,0,0,0,0,0
258_i,0,0,0,0,20.337778,14510.564,9.932304,0,0,0,0,0,0,0,0,0,0,0,0,0,0,0,0,0,0,0,0,0,0,0,0,0,0,0,0,0,0,0,0,0,0,0,0,0,0,0,0,0,0,0,14.920727,0,0,0,0,0,0,0,0,0,0,0,0,0,0,0,0,0,0,0,0,0,39.2045,0,0,0,0,0,0,0,77.892334,0,0,117.48718,0,0,0,0,0,0,0,0,0,0,0,0,7602.7144,0,0,0,0,0,0,0,0,0,0,12.0396805,0,0,1119665.6,0,0,0,2762.458,0,0,0,0,0,0,0,0,0,1657673.4,708292.1,0,0,0,0,0,0,0,0,0,0,0,0,0,0,0,0,0,0,0,0,0,0,0
267_i,0,0,0,0,0,14985.214,0,0,0,0,0,0,1385.5111,0,0,0,0,0,0,0,0,0,0,0,0,0,0,0,0,0,0,0,0,0,0,0,0,0,0,0,0,0,0,0,0,0,0,0,0,0,0,0,0,0,0,0,0,0,0,0,0,0,0,0,0,0,0,0,0,0,53.56088,0,0,0,0,0,0,0,0,0,0,0,0,0,0,0,11.510323,0,0,0,0,0,0,0,0,0,90.00497,0,0,0,0,0,0,0,0,0,0,0,0,0,567594.9,0,0,0,2262482,0,0,0,0,1086.692,0,0,0,0,7878.9883,0,0,0,0,0,0,0,0,0,0,0,0,0,0,0,0,0,0,0,0,1223.222,0,240.87317,0
268_i,0,0,0,0,0,0,0,0,0,0,0,0,0,0,0,0,72.2089,295.09842,0,330.46454,0,0,0,183.50528,0,0,0,73.76964,0,0,0,334.3593,0,0,0,0,0,0,0,0,0,0,0,0,0,0,574.79114,0,0,0,0,0,0,0,0,0,0,0,0,493.1869,0,0,0,0,0,0,0,334.95093,0,0,0,0,0,0,0,0,0,0,0,0,0,0,0,0,0,0,0,0,0,0,0,0,0,0,0,86.88627,0,0,0,0,0,0,0,0,0,0,374.14233,0,0,0,0,0,0,0,0,0,0,0,0,0,0,0,127.37825,0,157309.66,4177.434,0,0,0,0,0,0,113.20652,0,0,0,0,0,0,182.34088,121.68004,0,0,0,0,0,0,0,0
269_i,0,0,0,0,0,0,0,0,3468.3674,0,0,0,16807.363,19140.002,0,0,0,33436.742,25571.086,58225.6,27370.871,0,57989.465,65998.86,0,0,0,5923.975,0,0,0,0,0,21833.418,90047.34,23713.195,0,32829.75,0,38985.773,0,0,0,10336.899,0,0,2960.151,0,0,26886.305,0,0,32839.72,0,0,50975.945,12152.6,0,0,17895.113,0,0,3945.3367,47137.9,0,0,67223.47,20194.16,47657.82,75146.555,80180.37,0,0,0,0,18872.805,0,2782.2183,32705.305,34641.773,0,0,0,0,0,1281.2847,14236.768,27708.512,0,0,41236.89,16413.842,4571.7554,0,0,58358.797,0,0,13937.949,0,0,0,4830.3228,211606.67,0,50179.992,37784.645,0,0,28214.27,0,22693.965,121342.51,81373.05,0,14513.31,23888.465,13336.295,0,0,56975.93,0,58450.96,15034.882,0,0,128465.29,60854.477,0,53359.965,0,9180.709,42735.816,76798.97,0,52607.785,0,51484.67,41609.11,21712.93,5226.193,59348.38,118231.62,43656.57,17666.89,16422.965,18697.035,132497.86,53713.586
27_i,0,0,0,0,0,0,0,0,37176.695,0,0,0,59709.134,42104.668000000005,0,0,95307.944,42321.78,65432.638000000006,81805.648,96385.62000000001,0,78419.094,122054.058,0,0,0,46958.911,0,0,0,138799.20799999998,0,33373.683,72081.06700000001,53743.646,0,43024.6985,0,70712.008,0,0,0,47239.173,0,0,89210.428,0,0,143331.756,0,0,39059.320999999996,0,0,76093.525,49310.416,0,0,55948.427,0,0,91538.908,72002.681,0,0,30483.28,47717.298,130554.594,52681.869000000006,35986.413,0,0,0,0,45724.1415,0,59330.788,47604.368,83229.976,0,0,0,0,0,67641.382,70133.248,63811.020000000004,0,0,85035.592,48421.739,43087.066,118321.016,32738.4416,125998.02799999999,0,0,51520.638,0,0,23328.9095,96887.888,53433.425,0,73883.46,95098.332,0,0,52392.106,0,57442.109000000004,38862.53,115023.16100000001,0,60354.049,50885.128000000004,57716.801,0,0,45653.795999999995,62074.384999999995,61969.418000000005,48945.803,0,0,158534.092,67726.943,0,90106.307,0,92698.38,88108.568,75818.564,0,71257.436,0,91911.108,118970.188,44900.146,44108.566999999995,91266.29000000001,38568.49,69288.908,68439.871,42128.687999999995,60277.474,23315.823,38430.441
270_i,9.049504,10.9825,10.234428,10.12481,8.4376545,14.244263,9.584469,9.900513,436.48123,11.1335745,11.954432,25.270111,170.956662,1101.5456100000001,9.860453,8.170856,332.9676,97.62658900000001,102.85112000000001,136.91687,86.02163999999999,13.6297035,152.12282499999998,691.4342,13.751419,12.583727,10.493762,413.20776,9.561739,15.148162,9.403277,60.133487,9.793651,303.50208,138.833757,187.663837,0,1959.559,67.2972,246.12874399999998,0,0,11.44072,53.877373,9.14655,10.271164,683.3781,0,10.136106,94.474837,13.806303,12.608889,784.7460900000001,11.259618,9.704893,353.3403,716.6655000000001,9.021396,9.637762,782.9347,9.442887,12.460886,183.151603,426.43298,7.5333385,10.872023,193.495415,61.028183999999996,174.123617,85.019271,84.01437000000001,11.037472,0,11.776602,11.362776,108.606644,0,2124.6001,233.14118,74.502444,734.11878,10.36012,8.948003,9.699333,711599.4,531.7942499999999,90.341037,1874.9772,10.160108,14.218886,179.485572,131.405706,74.77025499999999,94.204687,60.794228000000004,279.79282,18.532063,10.618404,120.40142399999999,8.511267,10.245801,3740.8441,366.62619,232.66146,10.060123,79.48098,45.108672,8.650246,18.194845,667.24087,0,339.52026,193.62508200000002,281.89305,11.287516,309.10177,71.467247,192.539264,9.720148,0,531.70422,114.20613399999999,143.19678199999998,42.829525,9.784027,0,429.77705000000003,1134.018973,15.598379,801.16738,11.417787,397.25024,302.562733,182.32180499999998,10.290645,261.32564,15.270384,138.191638,282.60077,658.9448500000001,606.46877,734.02696,130.321173,462.93845,179.86587,201.9106,767.82307,150.84385,376.46797
290_i,0,0,0,0,0,0,0,0,8946.327,0,0,580.4635,24408.525,7475.3076,0,0,6001.3135,153.05206,13690.932,885.1096,1072.4233,0,5469.605,20732.977,0,0,0,11252.6875,0,336.70316,0,171.91998,0,135.39333,1190.1139,23043.816,0,43634.85,0,479.40225,0,0,0,703.4034,0,0,7242.232,0,0,449.5,0,0,4372.031,0,0,5946.6187,17524.87,0,0,32951.426,0,0,372.10007,1312.939,0,0,3617.5618,9220.958,117.82667,487.8609,3044.0933,0,0,0,0,60.267292,0,1589.8212,1434.1779,11.972345,0,0,0,0,0,4042.7788,5986.476,7688.709,0,0,1926.2014,18244.48,254.17773,15.85708,9234.536,29532.361,80.11503,0,2993.0142,9.537871,0,13281.18,3647.4739,17651.908,0,58644.496,17.140308,0,0,56329.258,0,55.229706,883.58496,53362.62,0,362.12622,4824.719,228.33908,0,0,1469.2356,56.052788,6464.321,85.126495,0,5835.908,43522.38,7454.3374,0,2151.8713,0,5121.6133,752.0007,5047.2163,121.858345,351.3481,0,495.09033,1674.9581,6207.003,6496.783,1478.2836,1478.1609,6940.84,9927.666,6179.5933000000005,7924.6475,25413.258,12506.237
302_i,0,0,28.633415,15.817478,0,0,0,0,0,0,0,51667.793000000005,537.11865,0,38.863712,0,0,0,0,0,0,0,0,0,15.694532,11.969603,0,0,0,0,0,0,17.49573,0,0,0,0,0,0,0,0,0,0,0,30.883781,0,0,51.787474,0,78.54574,0,24.940672,0,12.765465,23.170378999999997,0,0,0,11.555995,0,29.936192,0,0,0,0,22.280338,0,0,0,490.06488,0,0,0,0,0,0,0,0,0,0,0,0,0,0,30.334671,0,0,0,0,0,0,0,0,0,0,0,0,0,0,0,24.50323,0,0,0,13.7916565,64.42627,0,11.822861,0,0,3337763.95,0,0,0,0,0,0,0,0,0,0,0,0,0,0,985508,0,0,0,0,0,255.10448,0,0,0,0,0,0,0,0,0,0,0,0,0,0,0,0,0
33_i,0,0,0,0,0,0,0,0,9617.567,0,0,14867.213,26845.285,13722.265,0,0,38301.453,11558.13,7012.1943,15863.391,8762.73,0,20266.662,28175.53,0,0,0,33377.2,0,10704.142,0,8080.981,0,7510.373,20133.984,49756.98,0,60511.13,0,6230.404,0,0,0,9279.373,0,0,11571.708,0,0,18506.434,0,0,11046.146,0,0,9310.377,19635.86,0,0,44243.79,0,0,14158.721,9939.312,0,0,21993.285,30690.193,14136.45,18783.385,31411.79,0,0,0,0,5692.836,0,10099.205,15457.626,17683.479,0,0,0,0,0,6843.447,8768.107,25260.395,0,0,19364.623,6564.4414,2438.3765,11835.39,42980.78,24491.697,939.8262,0,13656.013,46.729992,0,21667.908,17575.434,42649.605,0,26466.895,14116.876,0,0,179662.8,0,6258.7183000000005,23946.086,86645.01,1241.9567,9661.465,9758.396,3628.391,0,132.82275,5030.5664,7714.9824,26268.705,3110.9333,3059.3987,79279.24,28197.795,13120.007,0,13470.587,0,14032.492,15366.48,19841.148,3184.6936,15619.5205,0,16477.383,43995.055,8101.1523,48144.07,4766.35,15897.147,16105.667,35304.63,34474.2,18194.484,56925.12,37075.11
338_i,0,0,0,0,0,0,0,0,3193.7593,0,0,0,5298.104,5779.0996,0,0,4495.014,10022.598,2848.5916,8294.469,3476.766,0,6781.935,6080.499,0,0,0,4812.6353,0,0,0,1516.2797,0,3999.6873,5528.618,1944.2528,0,15473.916,0,9254.703,0,0,0,594.5305,0,0,4689.2407,0,0,696.6111,0,0,9188.686,0,0,2928.149,3348.7698,0,0,4912.49,0,0,7467.869,20233.404,0,0,8121.5093,11489.778,1871.8218,3839.98,8835.268,0,0,0,0,4902.241,0,21903.293,6084.0474,6941.286,0,0,0,0,0,5619.699,3781.9407,4826.493,0,0,520.05786,2145.2715,1541.8015,2964.666,3502.9102,2331.585,0,0,6038.817,0,0,2829.1,6077.2095,12333.073,0,2172.1875,10212.3125,0,0,7410.0156,0,2249.0215,18833.271,16745.48,0,9968.066,8081.083,8485.324,0,0,10513.089,2239.6003,2572.9648,7208.612,0,0,11403.075,11810.997,0,5841.7837,0,1491.8501,1846.3743,5962.0117,0,16620.615,0,4316.3145,10737.766,3197.3438,4487.1475,2691.812,5971.708,4795.408,655.2293,791.99274,20004.875,10972.331,30658.473
393_i,0,0,0,0,0,1689.6078,0,0,0,0,0,0,0,0,0,0,0,0,0,0,0,0,0,0,0,0,0,0,0,0,0,0,0,0,0,0,0,0,0,0,0,0,0,0,0,0,12.499073,0,0,0,0,0,0,0,0,0,0,0,0,0,0,0,0,0,0,0,0,0,0,0,0,0,0,0,0,0,0,0,0,0,0,0,0,0,0,0,0,0,0,0,0,0,0,0,0,0,0,0,0,0,0,0,0,0,0,0,0,0,0,0,741872.9,0,0,0,0,0,0,0,0,0,0,0,0,0,0,5711.9067,0,0,0,0,0,0,0,0,0,0,0,0,0,0,12.063599,0,0,0,0,0,0,0,0
409_i,0,9.730465,16.469414,13.351021,16.59754,0,0,0,44706.7887,0,9.31806,0,670768.9060000001,102552.57236,0,0,395794.358,37483.575413,70981.548184,503885.292,416176.87,0,225010.61680000002,461212.009,0,18.501621,0,210186.9146,0,0,0,682673.516,0,34211.0024,188167.34774,106870.190154,32.820143,285858.366,0,70135.828353,0,16.56802,0,76654.615043,0,0,351907.12,0,10.127465,187542.2372,0,0,69743.61455,0,0,163943.9925,69965.391673,9.49094,0,905472.003,0,0,112785.46048000001,43071.792507,10.64818,0,64307.362498,112821.565155,597019.171,79700.50862000001,2714346.0239999997,16.1145,0,0,0,25144.2922,0,37845.6199,52453.831808,126706.31692900001,0,0,10.00996,15.980966,0,59276.565552,470646.321,56635.90159,0,37.01332,259065.1184,299807.5866,90790.67392,272911.81072999997,1249471.706,431954.403,0,0,58587.850783,21.849445,0,27819.982523,301689.724,324392.0035,0,333852.8876,753411.931,32.868977,0,191455.0318,0,84364.849155,294127.5833,42867.233067,0,37548.08584,261416.4705,25779.628960000002,0,7868.982300000001,101757.39862,174204.63,490554.978,196410.43572,0,0,657925.821,102975.317608,0,187156.8686,0,98335.840625,258646.027,121613.57951000001,0,38848.56329,0,222781.7971,549038.725,64380.956302,894827.892,74827.2032,984968.9239999999,157654.53917,110960.919855,412817.038,153930.6366,1611268.722,466577.9386
441_i,0,0,0,0,0,20738.4967,0,0,5801.720576,0,0,165945.93,4624.5743,31126.20754,0,0,1352.57491,12039.272350000001,10575.46668,2139.26582,2739.808,0,719.21405,7606.35982,0,0,0,555.28181,0,0,0,747.27727,0,7354.1436,20290.5435,4165.912539999999,0,65225.49887,0,19548.069349999998,0,0,0,185.14502299999998,0,0,8780.6563,0,0,159.40918,0,0,16264.445,0,29.97552,477.72173999999995,9866.52987,0,29.658846,5143.56483,0,0,9791.6875,28626.65,0,0,22610.578,923.86469,720.6872900000001,917.41394,1602.28652,0,0,0,0,5581.24,0,38740.01,760.1870329999999,649.33799,0,0,0,12.616186,0,16407.195,2905.41065,216.76921,0,0,1026.59886,4557.5943099999995,119.81476,824.49188,7360.26018,375.08328,10827.2568,0,12165.98,0,0,14892.41629,13527.56362,23704.9156,0,659.9403,605.7562,0,0,3979.4057000000003,803141.54,279.07187,2375.7065,21458.736,0,18758.861,9842.65436,10884.55007,0,86085.336,13084.2295,468.62618,120.7793,30288.79823,467.01666,5245900.34,20734.80973,44060.052449999996,0,19660.662,0,434.54859999999996,431.30136000000005,1635.29416,0,21219.4814,0,471.42773,17494.668,1102.85378,15745.757,9183.48052,10102.150220000001,18190.9631,463.791055,398.84171000000003,26242.693,4054.10212,31998.482330000003
447_i,0,0,0,9.756387,0,196241.36,0,0,35.708447,0,0,0,397.86005,67.18476,0,0,1244.4261,62.418037,0,857.5075,91.41809,0,188.78787,332.7281,0,0,0,776.4578,0,0,233.6255,383.07697,0,85.84395,620.22565,419.93237,0,237.94214,0,27.770576,0,0,0,36.894226,0,0,632.5452,0,0,318.8332,0,0,236.82353,0,528.94165,138.23224,162.67206,0,17.945063,617.8482,0,0,409.33362,50.820213,0,0,396.60535,373.8949,368.8717,749.3893,1566.3455,0,0,0,0,18.548954,0,0,45.76301,166.70828,0,0,0,0,0,177.48041,375.714,123.98807,0,0,706.17926,1123.2168,58.252884,425.07916,244.44687,1074.3936,0,0,187.16003,0,0,209.84335,760.4238,2366.5286,0,207.6328,92.02582,0,0,150.00345,19941632,166.8693,1698.7789,322.35962,0,0,440.76392,14.132572,0,0,469.6192,311.8768,486.8673,162.38887,0,3895962.2,113.279434,174.1723,0,590.9199,0,332.22226,101.09565,152.50894,0,383.64154,0,92.44377,40.91469,129.3882,960.92554,146.85564,124.58258,17.38261,478.5517,793.30804,305.88327,139.30719,1141.1237
45_i,0,0,0,0,0,0,0,0,0,0,0,0,0,0,0,0,0,0,0,0,0,0,0,0,0,0,0,0,0,0,0,0,0,0,0,0,0,0,0,0,0,0,0,0,0,0,0,0,0,0,0,0,0,0,0,0,0,0,0,0,0,0,0,0,0,0,0,0,0,0,0,0,0,0,0,0,0,0,0,0,0,0,0,0,0,0,0,0,0,0,0,0,0,0,0,0,858.38104,0,0,0,0,0,0,0,0,0,0,0,0,0,0,0,0,0,6944482.5,0,0,0,0,6186.081,0,0,0,0,43934.92,10713.352,0,0,0,0,0,0,0,0,0,0,0,0,0,0,0,0,0,0,0,0,0,0,0
455_i,527.4895,574.5902,451.2298,710.9332,396.12216,207.03685,1253.8761,195.3647,42274.95933,379.8267,400.16162,395.59714,324223.576,154512.36419999998,64.30649,183.50732,255383.924,87498.536405,64181.21267,291393.643,160792.1366,524.21594,111998.894,406506.694,182.96419,451.1613,681.424,144563.03029999998,460.1605,103.055984,649.57654,368046.0114,198.86063,82659.59983,195507.4817,119508.62939999999,110.75234,182040.7088,210.79065,99399.94384,727.84814,899.11456,599.8664,98383.5983,370.811,275.35532,151281.338,296.50827,358.7453,187365.6585,515.2881,520.5826,58482.6505,436.73572,462.4222,143620.7488,77609.7284,303.6731,189.237,390474.226,406.42807,342.96356,158636.94417,118458.311658,369.8302,364.14197,76996.386203,112532.3306,290704.82149999996,99149.7531,701899.733,576.0754,100.00424,469.49597,346.45596,62629.489259999995,867.83575,101765.987035,141913.46182,137870.0526,0,448.309,228.11156,566.3592,233.58064,69453.20762,222867.5523,96545.91230000001,420.40073,761.67456,227516.747,189842.6325,101074.6284,155629.294,277339.625,275430.517,334.03126,255.18878,103665.94306,83.50407,555.666,67726.728407,146070.269,292966.17079999996,259.60324,196737.1645,355816.3146,890.60596,686.0818,155895.1513,240.99976,134290.5172,310696.25,127390.11227,108.89571,44755.680646,151754.5976,70705.98141,343.53827,285.35754,142543.4982,134000.47960000002,273961.82899999997,104605.2828,630.5889,614.86523,385958.8105,157777.54877,305.98807,155616.309,606.3071,165955.64909999998,192016.93,199630.742344,635.4444,125689.63256,353.22946,130057.0656,237464.45299999998,101382.92601,366942.531,122425.08976,444562.526,139049.72329999998,119900.6415,185271.388,158445.5915,417112.087,208865.692
468_i,0,0,0,0,0,0,0,0,493.575,0,0,0,10372.221,1921.3478,0,0,11050.175,129.88164,120.703026,17196.637,14901.541,0,5939.6733,6064.0327,0,0,0,3916.8547,0,0,0,39441.55,0,211.63266,3881.198,1155.3049,0,6756.426,0,50.31783,0,0,0,1632.9204,0,0,16491.65,0,0,639.3822,0,0,2188.9348,0,0,4803.3584,1182.5894,0,0,37443.312,0,0,1337.3667,141.54117,0,0,1428.6416,36.283123,43944.867,1120.0951,94402.375,0,0,0,0,151.10127,0,599.66833,50.118282,1562.8279,0,0,0,0,0,615.6846,7735.429,42.305634,0,0,11204.368,3721.1162,1207.0912,12543.538,34316.57,15548.942,0,0,76.70029,0,0,33.13871,12439.341,5991.3555,0,4504.9165,22136.129,0,0,704.29285,0,88.15224,2819.2314,0,0,56.790176,4930.5903,64.90946,0,0,339.84927,4520.1797,7032.6133,1729.1576,0,0,19990.736,495.11426,0,8717.653,0,1519.5211,5686.6685,169.88818,0,750.881,0,1657.0725,13122.198,28.06662,20812.738,474.27142,20015.523,2437.7273,226.41211,5997.768,5941.656,60275.03,17101.209
473_i,21.063843,56.61409,0,12.247048,72.12268399999999,27909267.254,12.208727,12.812546,16833.899972,11.927705,64.1649,82071.7226,223849.5596,8643.09216,33.68685,11.781924,231543.4632,3674.27906,831.58817,1692.9231,13009.39836,23.840048,3073.196,36938.2785,53.19858,15.029827,12.609135,15820.2632,14.260416,1743792.42527,3885.994991,31565.7429,32.89456,14043.5318,20463.504800000002,226557.4312,94.79337799999999,3065.38596,16.264513,10359.3537,13.896816,15.657808,13.762564,10896.38936,16.772001,36.417118,12455.7609,0,12.566076,15939.819,436.437179,67.339567,1069.7551,56.393294,1432.515098,8258.8991,35168.8326,26.730696,245.356068,11778.62345,11.356556,23.209328,7923.932499999999,11145.070600000001,94.608728,38.503426,3326.2865,66552.82248999999,75991.0613,3366.70393,30398.6095,39.800476,0,13.068117,33.593997,3521.3316400000003,22.567684999999997,3157.26543,9338.6821,20153.73138,0,11607720.22316,12.953281,69.53189,10.812475,2351.1306,86396.18525,40274.6622,12.143964,16.767033,2166.5738499999998,49237.3816,18540.267499999998,30639.7056,15693.5339,35254.494699999996,3369337.8845,15.861994,23056.361,2610.012575,60.014603,64970.65845,32926.1069,26501.0907,104.993005,480967.3837,38110.60775,25.230183,0,159392.29676,28099805.281,176673.2718,9259.8783,61053.248,814545.757,2526.67223,152639.1811,2859.4967,27.554765,1302.384087,2769.32554,138259.09177,87159.34585,783.83980999999994,1123331.8088,15077824.749,29349.0527,4296.1363,21.570587,1356.3957699999999,56.171486,16317.2409,83542.8705,42670.194599999995,72.0387775,2811.43277,36.004757,4205.4105,39292.5007,69486.36286000001,45341.3723,427.2041,2985.949,3260.39435,28999.04417,163775.25034,5835.6224999999995,56703.493,16157.800299999999
476_i,69.9344,249.40955,39.65251,252.43028,158.37212,2299580.8,266.08444,72.0479,51.842453,87.93315,43.256268,34771.45,54.674446,311.71198,114.61089,132.53589,205.75778,221.02756,317.4911,486.94885,418.091,146.1834,286.58307,40.419716,69.188866,82.51544,156.44502,50.703575,31.444916,56.512154,86.19848,277.8694,90.04792,247.5924,167.63187,73.79764,40.766617,0,69.539795,64.739204,117.93186,80.75622,87.51312,136.67838,222.19133,81.94376,142.8267,152.08255,52.578144,890.24976,243.25305,47.358868,58.69745,51.687702,318.68985,569.5179,160.3381,89.55759,0,334.87555,100.59333,29.816929,590.33325,0,64.86931,58.660896,343.3391,63.361145,31.289858,38.453835,146.45824,75.83971,57.104897,54.001713,28.262482,120.39134,98.24527,413.59845,146.49582,108.59738,617.64197,4896.553,180.19174,63.75939,58.97068,146.93362,66.48635,156.79805,199.12534,64.357635,53.282642,284.3573,200.76517,57.03721,0,630.8849,2344.5693,27.972061,115.02573,74.57189,24.187328,40.44651,18.44646,0,27.925678,59.686874,543.29236,120.8546,85.199814,49.618484,51220.195,434.72086,0,572.4981,0,413.38147,53.160316,65.67468,55.248413,31.341442,256.35043,159.91806,136.18507,153.59961,3312120,0,0,185.56653,242.27792,110.572525,89.91031,457.2921,691.5067,22.327145,168.30533,171.02539,107.37257,186.63022,639.7086,153.53075,0,186.13506,131.29959,776.83813,31.774586,576.8818,220.35803,0,124.57283
483_i,0,0,0,0,0,14463.514,0,13.978095,0,0,0,0,902.2817,21.01673,0,0,721.5344,26.134308,0,0,354.55814,0,28.472305,23.819546,0,0,0,20.688883,0,0,36875.4502,152.50468,0,28.343204,33.734398,61.520622,3455.938,357.3427,0,0,0,0,0,17.397295,60.67151,0,65.33772,0,0,517.14966,10.509164,0,0,0,14.203447,211.70319,108.51492,0,14.432938,31.322132,0,0,30.072605,0,0,0,72.17972,312.62973,186.28607,24.490536,500.17584,0,0,0,0,41.901672,0,0,27.288391,518.9528,0,0,0,0,0,0,232.55997,13.120176,0,0,24.2481,470.04492,174.04062,1091.151,156.5062,175.30498,0,0,0,0,0,0,39.556034,318.7443,195.89792,1384.9591,1796.7903,0,0,66.88746,385174.52400000003,543.7115,328.45612,489.72354,0,0,249.76271,26.567944,0,0,44.67856,360.41766,42.46761,24.388523,37117.74121,2668.0837,664.1115,0,0,0,0,26.259632,1095.0714,0,0,45.14543,0,33.576454,1031.7395,62.811695,689.1266,0,74.92873,0,23.006477,6054.178415,82.19448,980.93427,3108.987
493_i,195235.58,6074.0117,127459.68,0,0,290611.63,0,0,171246.3,85.8044,288687.12,16978.316,18815.409620000002,960.7201,209153.89,0,753.8176,522987.16,433323.88,111404.7776,106783.9,0,706.1299,0,0,0,91.92874,115791.5411,0,0,0,20725.672,55.00332,47669.3479,58668.062,0,0,69121.85,0,157620.47,0,168825.39,0,212.12695,33.95472,0,253458.27,207149.16,0,2038.7794,0,32431.652,281202.06,0,0,212743.81,90650.42,36785.227,0,235907.16,58333.715,155271.34,331867.66,477762.5,0,148600.12,121492.46727000001,8611.9964,24642.29,281130.37485,850.6037,202141.7,0,0,0,111269.72,0,0,0,196918.31,0,0,0,0,0,0,676.87103,249980.3,0,0,572.1872,361547.66,75309.9648,64901.875,28769.934,315960.34,717617.0900000001,111964.336,335150.78,0,219036.98,21623.238,0,0,0,161033.2,92100.54133000001,0,13.013992,278239,1662062.5,9641.49084,148518.19,47543.0175,0,124.80549,2521.2527,0,156.06502,0,193572.55,226952.16,0,0,324785.44,2914250.7,55934.133,326023.16,0,74018.315,166704.64,469.7799,0,22772.496,0,192848.41744000002,0,222.41797,0,0,232278.22,258769.36,286766.47,0,11884.095,14095.407,542484.9978,33365.92,134505.02
502_i,0,0,0,0,0,0,0,0,352.84448,0,0,0,6233.772,2939.9712,0,0,11467.786,613.61847,736.99316,7862.001,4540.486,0,2501.0361,7998.813,0,0,0,4927.9272,0,0,0,7425.2236,0,2502.7966,4899.792,3225.495,0,3774.298,0,1205.1497,0,0,0,338.17633,0,0,3209.0903,0,0,7188.3916,0,0,662.4182,0,0,754.6806,2707.996,0,0,14622.039,0,0,456.80365,665.7227,0,0,883.88916,3544.8823,9565.14,723.3913,23920.102,0,0,0,0,371.6472,0,107.2177,329.00153,433.56955,181.225,0,0,0,0,349.65216,508.88788,337.562,0,0,3761.7236,5720.457,1101.272,4091.2517,15932.917,9722.843,0,0,426.83945,0,0,182.3551,5384.5596,7578.1953,0,19409.535,30223.3,0,0,4129.8555,0,2914.0623,8071.9536,1479.3893,0,100.16696,6702.9097,170.32138,0,0,184.04366,3686.284,27358.95,734.2901,0,0,42918.953,801.09,0,2726.8982,0,1463.7003,7153.4585,2985,0,144.55022,0,3370.8943,3983.8674,557.2337,12821.929,774.74835,3485.1833,3179.312,3423.228,476.55054,4288.9424,23623.146,5982.6553
513_i,0,0,0,0,0,0,0,0,0,0,0,8455.799,0,0,0,0,0,0,0,0,0,0,0,0,0,0,0,0,0,0,0,0,0,0,0,0,0,0,0,0,0,0,0,0,0,0,0,0,0,0,0,0,0,0,0,0,0,0,0,0,0,0,0,0,0,0,0,0,0,0,0,0,0,0,0,0,0,0,0,0,0,0,0,0,0,0,0,0,0,0,0,0,0,0,0,0,0,0,0,0,0,0,0,0,0,0,0,0,0,0,42.670002,0,0,0,247814.44,0,0,0,0,0,0,0,0,0,0,289475.56,0,0,0,0,0,0,0,0,0,0,0,0,0,0,0,0,0,0,0,0,0,0,0
516_i,0,0,0,0,0,0,0,0,351.0266,0,0,0,1304.1235,275.06915,0,0,2105.6948,1377.6396,2232.3596,2478.2427,1139.0471,0,2427.6018,3261.0022,0,0,0,2142.9856,0,0,0,1618.4454,0,1188.0217,2179.9402,3010.7366,0,1850.573,0,1770.431,0,0,0,2249.1685,0,0,2661.8142,0,0,1147.3597,0,0,609.39465,0,0,1994.8615,930.6429,0,57.610516,6619.317,0,0,4515.488,2191.6724,0,0,657.6092,2758.2556,2025.6758,3207.2075,1272.7598,0,0,0,0,1952.1652,0,938.99756,2645.5093,3646.4194,0,0,0,0,0,2100.2349,1401.1565,0,0,0,1959.2582,2699.3384,1366.2479,4693.384,3445.3408,3542.9534,0,0,1308.9841,0,0,146.44412,6158.2866,4569.843,0,1327.2019,974.78125,0,0,1538.4817,1194.1908,879.5269,3761.355,7926.353,0,0,2331.169,525.46625,0,0,835.0057,3335.4067,4271.832,1854.9342,0,3351847,1576.3474,678.0869,0,6820.403,0,4068.4397,941.6334,3148.8848,0,1369.5143,0,6151.7607,3104.4124,1050.3474,1697.0579,603.7371,4022.6794,1237.5205,3995.009,3108.2783,2290.16,3293.4946,1745.9852
545_i,0,0,0,0,0,0,0,0,656.9747,0,0,0,1089.0374,273.21045,0,0,4043.1882,271.7398,73.83923,1752.3234,6097.2446,0,1529.8687,5724.3926,0,0,0,1276.1896,0,0,0,7596.852,0,363.06342,1148.2858,966.75,0,1935.8269,0,245.00218,0,0,0,565.03876,0,0,4348.8184,0,0,2078.8037,0,0,301.80643,0,11.207609,2056.2776,1678.9993,0,131.64801,6348.984,0,0,2244.394,1824.4658,0,0,597.0465,3870.4749,3654.4624,1178.6825,10891.727,0,0,0,0,590.8689,0,130.81993,1165.1493,651.6878,0,0,0,125.99985,0,141.26776,4270.94,559.1414,0,0,2703.501,2207.6382,387.00577,2610.679,838.17664,7406.674,0,0,650.477,0,0,888.8408,4301.189,2868.9836,0,4421.6455,1694.5024,0,0,1480.5837,4307.071,1474.8064,2579.5693,2221.9358,1765.396,104.012115,1973.8721,301.61224,0,0,2032.9886,4548.8228,3030.6692,85.966354,13997858,0,2044.0537,375.85516,0,1514.7009,0,204.94301,3048.56,2037.3064,0,1358.1276,0,2871.2693,3212.289,521.77686,7996.716,401.3789,680.1818,83.18466,1359.6995,1234.409,687.3712,754.3433,1627.3835
546_i,0,0,0,0,0,0,0,0,0,0,0,333824.906,0,0,0,0,24.850315,0,0,0,32.226395,0,0,0,0,0,0,0,0,0,0,28.25565,0,0,0,0,0,110.43924,0,0,0,0,0,0,0,0,81.21123,0,0,0,0,0,0,0,0,0,0,0,0,39.955063,0,0,0,0,0,0,0,28.631123,0,0,40.43457,0,0,0,0,0,0,0,0,83.652824,0,0,0,0,0,0,22.802134,0,0,0,0,0,0,0,0,0,0,0,0,0,0,0,0,0,0,35.037495,0,0,0,0,12921.6368,0,0,0,2734.7615,0,25.436514,0,0,0,0,60.836525,0,0,465234.3,1270852.65,0,0,0,0,0,0,31.291563,0,0,0,0,0,0,0,0,0,0,0,0,51.93139,0,0,180.52968
555_i,0,0,0,0,0,0,0,0,0,0,0,98074.06,0,0,0,0,0,0,0,0,51.56406,0,377.03262,0,0,0,0,197.40936,0,0,0,0,0,0,53.86909,82.326385,0,0,0,0,0,0,0,0,0,0,303.2779,0,0,0,0,0,0,0,0,0,0,0,0,60.614754,0,0,0,0,0,0,14.825106,0,37.38937,0,550.5858,0,0,0,0,0,0,0,0,0,0,0,0,0,0,0,149.45227,0,0,0,0,0,0,0,764.5412,0,0,0,0,0,0,0,33.3978,30.265018,0,0,136.06166,0,0,11.729328,0,15.466589,83.26017,0,29469.486,0,76.110634,0,0,0,0,0,568.70435,0,530066.8,24429.96,0,60.631836,0,0,0,0,94.68515,0,5210.777,0,0,0,154.0231,0,276.88788,0,29.996624,0,0,0,0,82.57513,89.64658
570_i,0,0,0,0,0,0,0,0,10.500151,0,0,40285.18,203.99918,113.270004,0,0,24.04493,0,24.010578,397.14935,171.71371,0,140.19743,199.90945,0,0,0,961.86176,0,0,0,0,0,0,11.591822,703.04016,1882.1973,82.629616,0,34.588036,0,0,0,10.312778,0,8160142,265.3435,0,0,11.214909,0,0,0,0,0,94.7523,62.714027,0,30.756687,157.0771,0,0,65.00267,33.880077,0,0,9.657063,25.059307,0,60.94775,54.395725,0,0,0,18.663557,0,0,12.1928425,13.738237,0,0,0,0,0,9.666169,80.94054,144.09492,105.18258,0,0,72.93484,11.547079,12552.455,0,325.173,22.620106,0,0,36.7075,0,0,378.02118,277.37323,131.31783,9.307884,29.288483,0,0,0,3907.2915,21334.86,0,24.904074,643.0554,0,23.044075,38.552135,0,0,56.730797,85.50224,0,388.8736,23.737091,38.88482,7845328,0,140.71591,0,33.14603,0,59.699112,15.338971,29.408585,0,11.642141,0,38.630753,300.674,22.500599,88.975655,12.667425,520.29486,29.979225,44.516525,351.11624,99.325966,85.00093,171.07884
573_i,21.825966,13.740223,0,0,0,0,0,529.3993,165552.609,0,65.969864,0,165256.84100000001,328924.607,17.53599,0,138045.7923,114293.16399999999,176484.6833,253841.895,109619.9167,0,241736.864,562395.62,0,0,0,183294.97699999998,0,0,0,69274.7005,12.49007,152566.62800000003,151730.109,120251.8757,0,767644.9809999999,567001.404,165255.581,0,0,0,113394.1275,0,0,293215.058,0,0,99970.64420000001,0,0,144038.745,8.939335,0,376424.42699999997,181997.7235,8.395821,0,398534.056,0,10.763705,235982.33800000002,328395.14200000005,9.529409,25.596027,128966.34270000001,133558.0393,105857.5502,257992.745,150449.3225,70.70422,0,0,0,107034.33009999999,0,324666.008,284544.863,76062.42749999999,0,0,0,0,0,288892.613,117821.3407,394479.77599999995,0,69.989204,216941.594,111705.50499999999,56558.4491,81817.8665,66207.999,197839.8154,41.393898,22.699049,154915.11049999998,0,0,588474.657,179110.80779999998,424131.419,0,160636.5554,19846.999819999997,0,0,227672.533,0,129986.4877,181335.2435,797573.124,42.864452,177247.9105,36404.73085,126971.75600000001,0,0,254494.203,84612.8796,109211.8717,38546.962750000006,14.48019,0,207748.046,259950.41900000002,0,253664.43,8.805749,249996.89299999998,165098.855,278370.1045,0,257045.864,0,137045.434,111932.2887,260759.46300000002,198561.7596,241411.022,182424.399,348097.133,183104.5656,171284.574,205657.7946,218356.36669999998,241975.576
583_i,0,0,0,0,0,0,0,0,3434.1409,0,0,0,1403.9473,48.37487,0,0,0,23890.287,34020.28,19969.03,10467.801,0,40708.33,72.72009,0,0,0,3452.3276,0,0,0,0,0,702.7254,45455.58,1386.458,0,0,0,10632.024,0,0,0,11802.217,0,0,13477.029,0,0,2543.0723,0,0,17990.732,0,0,7000.751,10623.772,0,0,27.670212,0,0,59109.51,21632.338,0,0,80785.75,19.740719,0,20785.422,0,0,0,0,0,1227.8162,0,51828.066,0,0,0,0,0,0,0,102007.7,7497.025,6985.0073,0,0,17.664604,2914.5278,16974.957,44.335907,0,115.903244,0,0,90.68037,0,0,585.5657,276.21704,0,0,0,0,0,0,0,0,1834.5459,0,7687.2627,0,51219.96,684.69446,70.415054,0,0,17468.826,5176.825,0,15831.561,0,0,0,51.34574,0,23498.281,0,13662.191,1106.5616,132.95325,0,21492.451,0,21785.764,14237.172,2796.0798,0,1554.7979,0,40742.414,5853.282,4221.342,20709.725,0,0
592_i,0,0,0,0,0,0,0,0,0,0,0,0,20.255089,24.910576,0,0,2412.399,21.190407,0,320.54498,4384.5435,0,10223.452,42.71148,0,0,0,26989.807,0,0,0,35.59547,0,10.666471,108.609215,10865.028,0,0,0,26.88615,0,0,0,7.522909,0,0,18.145863,0,0,45.996723,0,0,9.461756,0,0,13.322146,0,0,0,40.60599,0,0,22.090252,1111.2189,0,0,730.85706,1689.5258,29.304241,0,12.994984,0,0,0,0,0,0,537.0252,83.53686,15.561291,0,0,0,0,0,0,13.010359,79.416115,0,0,17.63432,0,9.025822,30.326002,14.993616,39.67696,0,0,10.776796,0,0,83.80882,340.6822,20.76163,0,140.8598,16.093252,0,0,34987.82,0,21.155655,276.1036,7081.3154,0,112.018486,27.28402,815.5701,0,0,0,13.001165,83.56571,11.336117,0,0,41.9843,16.023182,0,29.018578,0,45.806446,14.454031,16.24139,0,9.605892,0,29.576897,9697.198,12.418859,27.154823,0,24.842455,0,14.807436,24.542145,45.71893,13.885931,10.768476
600_i,0,0,11.648148,0,0,135358.9607,0,0,15.208093,0,48.606518,0,11.438831,0,12.156233,0,15.167596,17.133877,19.023369,16.74194,13.182911,0,0,22.965782,0,0,0,14.578083,0,0,0,55.50272,0,16.704721,24.9992753,0,0,21.463486,0,10.7085,0,17.078642,0,0,0,0,31.853825,13.353981,0,12.666359,0,11.263752,16.413467,0,91.716805,42.22008,45.621796,0,0,13.318629,0,47.828377,37.868712,20.79907,0,0,67.070978,59.801500000000004,11.418121,14.276357,11.060312,72.17134,0,0,0,11.570208,0,0,0,39.7812,0,0,0,0,0,12.119532,11.437088,61.13381,0,0,0,15.112995,18.140583,9.610785,26.383465,21.122658,0,10.94953,35.015396,0,11.569962,61.99549,17.084743,0,0,32.595183,0,0,0,21.606546,15033851.4,13.62816,15.699352,29.311333,0,0,14.479806,0,0,0,17.020935,43.889956,13.181885,0,0,111043.4473,39.89605,12.503638,0,21.375351000000002,9.972086,0,0,30.321545,0,14.976385,0,0,35.859447,10.355503,15.22588,17.27743,12.19614,0,0,11.100768,20.073229,31.218689,0
610_i,0,0,0,0,0,0,0,0,0,0,0,0,53234.754,0,0,0,0,0,0,0,0,0,0,0,0,0,0,0,0,0,0,0,0,0,0,0,0,0,0,0,0,0,0,0,0,0,0,0,0,0,0,0,0,0,0,0,0,0,0,0,0,0,0,0,0,0,0,0,0,0,39715.18,0,0,0,0,0,0,0,0,0,0,0,0,0,0,0,10169.714,0,0,0,0,0,0,0,0,0,0,0,0,0,0,0,0,0,0,0,0,0,0,0,0,0,0,0,2542235.2,0,0,0,0,0,0,1684.8793,13.996037,0,4381.496,0,0,0,0,0,0,0,0,0,0,0,0,0,0,0,0,0,1133.0007,0,0,11531.212,0,14038.278,0
611_i,24.923116999999998,26.344068999999998,0,0,0,8.825762,0,10.378227,168414.633,0,125.656232,9.578804,113530.1493,321208.26900000003,21.429827,0,260541.69979999997,109412.4276,120048.2028,179022.57400000002,140553.3809,0,152642.4704,272170.165,6.7753286,0,0,254827.585,0,0,0,99964.51895,9.62339,67238.2601,203682.258,172432.456,0,610846.777,0,170036.84100000001,9.643253,0,0,58495.4231,0,0,314681.89900000003,0,0,91089.91560000001,0,16.776131999999997,204125.715,0,0,300871.175,284027.095,8.2584505,0,377098.62639999995,0,8.549803,270119.495,311061.045,63.961872,53.396959,171350.13239999997,76639.2683,36906.0711,60608.131799999996,112821.19,38.25078,0,0,7.898775,50291.985940000006,0,356533.45200000005,200196.36800000002,48579.6712,0,0,9.757978,0,0,189343.351,94607.14929999999,230484.82,7.895769,626.80695,158057.0711,74272.1385,60944.055,87231.5475,206628.0865,159730.954,0,19.808913,200141.245,10.406482,0,516759.47,200047.7759,172934.25900000002,0,232025.374,11201.16319,0,10.56495,330861.331,0,71657.64,67602.68546000001,1401257.756,0,80345.1877,47334.55872,85319.2285,0,0,149505.3224,140844.45173,70958.36266,47374.8508,0,0,143921.72,355970.223,0,341866.018,0,233129.95,47809.486,268514.6537,0,131786.3535,0,154119.4554,110731.20670000001,331299.429,184440.7244,278398.4,87449.3735,224466.46,75594.534,62033.778399999996,406164.18299999996,136060.951,221661.28
614_i,0,0,0,0,0,141865.62064,0,0,12.503671,0,0,0,148.102721,0,0,0,412.88168,13.417136,0,23.484215,51.131157,0,59.07794,55.160767,0,0,0,28.98043,0,0,8282479.78,109.84154,0,0,30.129267,125.46424,161416.41,0,0,0,0,0,0,18.265955,0,7034.989955999999,68.20591,0,0,160.04588,0,0,0,0,344.94702,26.107191,36.72971,0,0,26.277126,0,0,15.301315,38.278458,0,0,23.959854,41.735428,0,0,43.362724,0,0,366.1185,0,0,0,20.974304,13.7107315,12.958242,0,0,0,0,0,11.562708,176.35126,37.827293,0,13.698175,0,28.65754,0,79.749374,0,135.88905400000002,0,0,0,0,0,48.941986,25.203566,0,0,327.12590900000004,73.33452,0,0,88.499596,28121635.7,69.96463,0,47.38472,0,11.670652,288.94363,0,0,0,0,19.564476,53.289776,0,0,155698.8347,0,0,0,20.503702,0,18.631393,25.906605,11.588917,0,0,0,17.401632,232.15695,70.22763,21.054523,0,0,0,138.34459,76.964434,26.75147,0,0
623_i,0,0,0,0,0,0,0,0,21549.1094,0,0,0,15834.2252,32770.9038,0,0,29106.561999999998,13248.7176,9588.7065,19466.2787,18836.472999999998,0,20242.581000000002,58898.554000000004,0,0,0,35326.844,0,0,0,2492.5643499999996,0,19746.646,16812.841,51319.702,0,60929.99,0,44679.161,0,0,0,2138.52545,0,0,16792.2337,0,0,12982.089,0,0,5435.0323,0,0,15468.5897,32363.137,0,0,17571.2693,0,0,13374.6582,38636.99,0,0,38476.731,98936.293,5844.458549999999,36009.2866,18272.5633,0,0,0,0,19297.9227,0,56534.431,24468.055999999997,1793.211712,0,0,0,0,0,37697.223,14013.4494,70588.951,0,0,23200.238999999998,5515.5544,7240.7497,727.68722,24857.883,1568.9601,0,0,61406.023,0,0,50042.242,42013.909999999996,47650.062,0,4860.1992,373.303,0,0,66054.655,0,13585.6427,179911.046,51593.261,0,31155.873,29875.8885,32223.655,0,0,23782.749000000003,6780.4133,18028.193,21060.246,0,0,2738.80985,53354.303,0,22504.1735,0,4363.4788,4774.2268,98033.519,0,34236.6336,0,14700.638200000001,31643.6413,19465.9655,65531.686,22880.803,94163.54299999999,19225.958,6582.3377,31583.4657,28788.2357,53430.034,133321.422
639_i,1882.339342,3393.106607,5288.893,6329.586,134.102326,1585.151028,1344.0323,4599.8584,8637.354485,5697.67,3037.784179,3998978.759,24470.528745,10509.095238,3673.9556,2442.151,83947.42499,2188.492438,14780.445953,7211.189813,10639.825523,7793.1084,14908.70895,47349.9755,7121.658033000001,7805.949,5362.7788705,45054.7757,3735.4214,4559.679,7717.104,4842.69247,6767.43468,6144.943544,4458.7864979999995,82885.41234,5384.042756999999,15986.587805000001,4873.836,9179.35453,4214.120311,2694.3599,3937.847,6899.722404,2488.3213,7257.237513,15587.422888,2016.5586,4819.654,7884.96421,4819.597,2976.2913,4039.922869,3673.533468,7658.211,7203.366067,19614.853741000003,2613.52538,7428.8213,17685.291933,4036.392,4714.7783,4317.332813,5345.809414,4158.974,1300.3275,4318.989188,42320.9392585,9069.608055,4638.063169999999,17765.559774999998,4243.099139999999,3758.5989,6160.629,5947.3,6686.583712,3321.0571,3737.2002925,5819.483728,1266.3762100000001,3801.2377,5773.3528,3713.7998,3375.640665,1725.5525,2861.413392,17437.204759,27946.14381,2993.3896,5176.6997,7267.70371,26684.823156,5176.5982810000005,2913.964077,15767.26174,20074.355817,1680.6606,4028.923827,8783.208896,5993.0625,2507.014967,23152.045589999998,16361.740997,23043.34138,6367.338,73030.67541,4911.06015,1070.684,5091.4956,971191.3877999999,11616.46392,11065.239739999999,6661.0871,80690.00778,6677697.457,7703.511850000001,17301.964948,3099.217808,2419.2703,1461.4705,5352.681708,3559.973944,36688.05848,4616.1437940000005,8527046.422,24711316.82,10643.421825,19519.281131,4574.745,1535.35884,5029.203,9052.917111,12553.106223,44028.43028,3041638.775,2089.216738,6772.620162,6453.154517,19950.68537,13865.711592,16080.046443,5249.1246980000005,5365.30272,10108.668957,51167.56535,6582.074140000001,11651.25095,18722.521185999998,13212.41316
654_i,492.12897,1905.6299,2165.7036,7170.422,1604.853,1717.1649,2363.3325,4773.629,9121.638,5340.121,1684.2034,394.85083,39097.344,7549.286,3772.948,843.1687,18806.4,8018.1553,1718.3162,9557.744,13168.752,5376.7744,9696.389,14488.116,1938.8625,4848.456,5396.501,12523.766,5375.4272,6465.5312,750.69025,13109.649,1383.3402,6558.2266,14993.684,17914.957,5581.733,5984.232,4690.17,11332.148,1615.4144,1004.06854,7409.4214,11368.683,4060.4224,7655.351,8393.361,457.0923,377.13147,28910.26,7458.5,2132.3076,7399.068,2819.5598,4192.0894,5673.8203,13298.088,4670.415,1641.3179,18450.385,857.4453,6667.149,6794.0107,9693.7,1031.593,4633.6094,5270.95,11836.159,25986.201,7482.8613,31271.094,3406.4094,7187.2627,5510.804,3618.786,6564.5776,3034.4182,4332.236,8853.07,8153.198,0,5719.166,4195.5615,2429.4797,3929.445,6751.9165,26784.904,10341.618,5261.2705,6779.7915,17114.135,19340.385,8504.07,16143.178,12584.251,25071.31,0,433.66193,9539.7295,570.41644,6972.7964,6400.9956,19575.863,18492.502,978.68744,36007.57,26377.941,862.4624,5008.8745,15080.612,2297.1316,9652.3,16425.791,14795.618,832.6261,9441.646,13497.996,8949.231,1993.5992,2857.7715,7113.158,9871.798,38291.684,4734.4165,900.473,4187.102,19574.889,7765.078,2102.0713,12197.824,6985.077,12471.465,35395.02,9873.393,4352.278,7783.1353,5675.2363,10124.78,10124.641,7654.646,15652.11,6802.6924,7409.549,10755.777,31800.172,29169.602,4833.116,31792.338,9501.551
658_i,0,0,0,0,0,0,0,0,5588.211,0,0,0,3739.3257,703.49536,0,0,22.141193,36281.273,51195.793,30655.52,17475.71,0,48737.426,816.3784,0,0,0,7651.126,0,0,0,46.134956,0,1652.6017,71405.01,3028.09,0,0,0,17360.348,0,0,0,16720.016,0,0,19416.455,0,0,6185.3994,0,0,19863.42,0,0,10403.201,13667.972,0,0,44.109806,0,0,82845.48,40493.883,0,0,95731.88,297.94757,0,30674.438,0,0,0,0,0,5051.206,0,78109.164,32.23843,25.975845,0,0,0,0,0,135964.28,11357.091,12808.303,0,0,28.052956,6349.4155,21902.744,3001.0894,0,842.19946,0,0,571.9871,0,0,1217.7567,1059.4564,37.98282,0,30.265877,0,0,0,76.1925,0,4678.9355,0,13911.54,0,82650.53,1839.3978,1200.004,0,0,25034.031,9918.406,36.74692,24363.586,0,0,0,324.7809,0,28022.602,0,19328.412,5085.9756,506.4187,0,27439.814,0,25082.281,21495.822,4780.3857,0,7167.549,0,51334.844,12101.849,6318.3223,31417.633,0,0
659_i,0,0,0,0,0,0,0,0,0,0,0,28759.5549,14.822093,10.593245,0,0,16.47166,0,0,17.316715,15.4832325,0,0,18.032179,0,0,0,11.894718,0,0,0,18.500746,0,0,14.740522,11.122737,0,0,0,0,0,0,0,0,0,0,11.761553,0,0,13.699839,0,0,0,0,0,12.4557495,0,0,0,21.470135,0,0,12.353996,11.4145565,0,0,10.380951,10.328524,21.860643,0,22.742998,0,0,0,0,0,0,0,8.528523,14.397551,0,0,0,0,0,0,11.289339,10.278387,0,0,14.4817705,25.44631,11.540503,21.638288,12.583305,33.18294,0,0,10.096302,0,0,0,12.786215,17.914919,0,36.546555,0,0,0,12.384285,19489.5275,0,26.62341,15.139915,0,0,7.825343,0,0,28.361374,11.444217,12.414402,16.406096,0,0,12068597.5,59.120728,0,0,21.93463,0,18.564556,24.090446,13.473755,0,9.121454,0,0,13.480033,0,19.132828,0,0,0,13.353074,11.527334,9.707069,19.798717,14.836458
680_i,0,0,0,0,0,0,0,0,4610.135,0,0,16848.943,10423.078,8882.75,0,0,15013.364,4937.4624,8915.624,7604.307,9427.009,0,15839.714,15634.346,0,0,0,27759.684,0,0,0,811.5242,0,1342.2096,7228.7744,23436.842,0,50689.195,0,9389.331,0,0,0,2740.8176,0,0,8815.327,0,0,5733.3745,0,0,4294.7427,0,0,4576.9927,8397.89,0,0,27247.656,0,0,4592.938,11301.043,0,0,4140.6465,38698.035,4169.0396,8444.675,10250.453,0,0,0,0,551.34906,0,8470.2,4267.905,813.3358,0,10.9658,0,0,0,4303.664,5951.9214,23714.91,0,0,11603.411,7301.3145,530.4954,3178.2375,17447.477,8530.682,0,0,16745.867,0,0,11453.417,16692.47,28948.422,0,13749.249,602.5093,0,0,288988.34,0,4618.618,22266.707,33612.887,1209.6082,2538.9756,10913.278,5300.0815,0,0,9333.193,1720.1669,10770.738,2141.9255,956.07776,123358.62,10144.9,24856.836,0,8350.778,0,6525.8887,7664.296,36334.984,1525.0037,4795.155,0,10295.814,14411.971,4985.961,19832.906,9277.818,5680.621,11560.073,31886.375,4864.4707,11718.413,38725.965,20087.068
684_i,0,0,0,0,0,0,0,0,17040.629,0,0,0,17280.857,24653.326,0,0,21080.572,27113.85,115328.875,38452.28,61379.22,0,123649.06,78296.92,0,0,0,32633.287,0,0,0,13494.556,0,11357.128,45813.78,26779.379,0,25676.656,0,79404.9,0,0,0,37588.895,0,0,217625.33,0,0,23170.121,0,0,45068.03,0,0,74793.01,42483.04,0,0,21403.98,0,0,58135.96,55341.695,0,0,80826.76,28122.951,5776.6577,78156.42,11807.086,0,0,0,0,11726.187,0,50812.844,17215.57,7836.5254,0,0,0,0,0,89050.164,63293.824,14093.645,0,0,23835.31,4177.73,16358.908,11466.851,17931.629,22099.91,0,0,30284.42,0,0,10800.297,49388.01,17322.326,0,5248.668,1866.7228,0,0,18661.021,0,13511.811,121529.13,77812.414,0,52381.562,16410.871,16140.751,0,0,47102.168,11961.245,273915.2,39176.223,0,0,3014.3245,26843.645,0,80114.1,0,48965.945,32132.506,14165.464,0,120795.5,0,138778.05,86140.79,19176.55,98129.68,26588.52,12462.337,109059.586,72151.16,112160.664,16608.604,17755.486,31980.445
692_i,0,0,0,0,10.482109,7520.224,9.119896,0,16203.903,0,0,0,189384.05,33866.69,0,0,113343.5,17418.883,8196.268,15706.496,53826.137,0,15159.448,52198.39,0,10.780471,0,42524.344,0,20.526169,0,32405.588,0,31754.705,55626.113,100645.375,0,30328.873,0,47244.63,0,0,0,18707.445,0,11.124908,26353.78,0,0,77766.99,12.034099,10.427991,8853.997,0,10.398781,16118.685,51781.17,0,19.161613,52751.082,21.422655,0,28216.51,25996.773,0,0,17485.693,71485.34,79913.305,15314.704,68731.94,0,0,22.657056999999998,0,11810.221,18.149586,13250.817,28291.66,23159.29,0,25495.611,11.201006,0,0,5251.1978,79667.02,45179.137,0,0,13682.874,57033.855,13137.832,41952.723,55494.99,72626.26,6773.6113,0,47376.516,0,0,33583.355,48697.84,81396.555,0,118320.27,70654.125,0,0,66723.53,4015.8574,73813.805,49464.11,70334.56,0,13600.076,56682.84,14650.358,0,0,21789.86,62547.6,111174.34,34870.56,2495.5386,0,32134.078,21796.549,9.762051,11325.623,0,43632.258,70045.27,64667.855,11.297339,14005.086,0,24828.703,56871.22,45257.57,53780.434,11284.255,27834.672,17273.705,73562.2,130717.85,24538.79,124322.37,47097.836
697_i,0,0,0,0,0,0,0,0,10991.547,0,0,79.930176,28251.13,36553.98,0,0,48620.582,18969.652,18060.686,78273.21,49521.543,0,33887.21,66496.484,0,0,0,30791.49,0,0,0,31024.318,0,9947.368,45785.496,17482.756,0,83256.04,0,22909.432,0,0,0,17634.9,0,0,52119.76,0,0,22266.3,0,0,29093.82,0,0,45124.945,17862.564,0,0,152362.62,0,0,38868.434,43800.953,0,0,10391.167,15491.383,32803.414,25413.342,99740.49,0,0,0,0,1248.0426,0,37512.29,1001.90283,4731.5796,0,0,0,0,0,15214.421,14492.662,264.8772,0,0,32896.11,34288.09,14945.929,14376.541,75806.01,23088.996,0,0,16189.202,0,0,12037.902,56346.336,84649.55,0,51610.22,24152.527,0,0,25936.754,0,21230.363,86664.45,10605.243,0,17514.084,26434.395,16411.252,0,0,47449.26,32322.75,37560.617,30755.043,0,0,42555.75,30692.525,0,62161.48,0,30548.035,25905.71,23107.695,0,17300.293,0,25746.223,38394.23,16606.123,95747.13,35785.492,24863.068,36756.64,19483.836,3083.3164,46913.75,55759.46,85282.14
714_i,0,0,0,0,0,0,0,666722.73,6215.9432,0,0,0,9730.3214,3696.97046,0,0,6073.2296,715.994414,852.9892920000001,4998.67829,2354.7335040000003,0,5231.158,4230.7724800000005,0,0,0,2153.9339600000003,0,0,0,370.942364,0,1153.94999,6788.1447,5409.40833,0,14205.7866,88.50316,5094.57576,0,0,0,1456.2247599999998,0,0,7295.2662,0,0,2398.23845,0,0,3201.5120699999998,0,0,9175.5795,3077.85517,0,0,6886.122136,0,0,7580.37782,8940.1634,0,0,3189.3622,1192.355066,168.095664,1837.4326800000001,6916.9202,0,0,0,0,564.548984,0,9898.1897,2599.33176,201.271592,0,0,0,0,128.71959,5735.6421,8662.26,6188.829750000001,0,26613.98686,1091.501736,1248.7324899999999,822.71204,1671.88592,700.819928,5133.58445,0,0,2588.0435399999997,0,0,10286.708999999999,5736.01237,7754.4572,0,8657.6869,274.69436,0,0,4089.8425,0,3567.6265399999997,1969.42059,13632.827700000002,0,2041.17656,1592.8522,1657.2341,0,0,5434.11786,4045.83216,2710.488485,165.359119,0,0,1586.432882,5316.71698,0,19086.1374,0,2524.49246,3537.5669599999997,1758.07495,0,2880.061,0,2575.195605,6526.524285,3734.6704999999997,6878.93546,6753.344349999999,9276.767,9802.6737,2069.399884,17438.119,9226.6734,20925.421,5589.4386
730_i,0,0,0,0,0,0,0,0,8296.887,0,0,0,144345.48,33246.895,0,0,96536.02,7012.937,23989.754,153660.52,113243.37,0,63006.645,145725.28,0,0,0,35248.465,0,0,0,187225.12,0,7164.0347,38257.215,27197.797,0,116778.62,0,24154.873,0,0,0,8767.164,0,0,91973.97,0,0,39092.83,0,0,26507.406,0,0,54907.445,23263.084,0,0,275411.62,0,0,34013.37,7466.839,0,0,13855.538,34740.71,159043.84,21134.688,566880.06,0,0,0,0,10135.265,0,6010.356,9842.766,23308.814,0,0,0,0,0,20356.014,104251.86,6764.325,0,0,91401.14,101716,19273.275,41556.45,286952.66,129040.914,0,0,17821.676,0,0,524.81274,70351.98,94632.734,0,76961.73,42417.69,0,0,11991.896,0,20685.68,98311.555,7870.9893,0,7564.1973,73605.53,1303.1384,0,0,12832.268,40900.027,142321.64,53512.094,0,0,223528,27915.592,0,56614.258,0,8558.17,65918.805,29862.42,0,14932.554,0,59724.242,145511.14,8832.034,208792.16,10094.98,271862.66,54266.3,8125.4077,116821.836,33448.953,449498.66,120678.74
746_i,83.2012,66.85681,129.16422,18.127975,54.454536,0,43.380077,49.475525,228.97795,15.794004,115.76488,0,2034.6905,1125.5995400000002,71.91933,14.661177,3066.5759,786.155186,659.07624,1107.3738,661.1692099999999,30.566683,783.42698,2122.67525,29.855635,26.86517,88.320435,1181.6131,17.316895,46.750927,29.46196,3515.3795,18.906246,1729.5307500000001,3065.6152,503.80623,122.638323,2493.5208,89.31894,8858.09984,28.272797,72.60351,70.61787,776.38824,232343.99089000002,27.243137,1166.94635,221.15843,16.662485,1181.8635,94.54959,73.65882,701.4367599999999,36.174816,15.331291,846.216414,378.61968,58.111607,100.84149,1918.18126,41.429527,152.57434,3817.8826,2049.57508,17.253918,188.04234,1656.8948500000001,635.9634,5888.4546,4973.39395,2015.6073999999999,287.70505000000003,0,59.162639999999996,45.659203,578.348345,17.764761,1989.94894,2279.8792,1980.6053,0,20.082981,23.56767,0,50.716293,2348.15103,780.24458,2352.9702,97.09474,40.87105,834.3465,1674.52883,892.53082,1470.2688,2841.48276,2218.13924,0,28.358295,784.03342,28.419939,63.897083,174.91403,3077.73434,1474.92688,32.5734,2348.20566,1250.96168,21.521826,18.611668,2074.47857,0,485.390913,4447.481,1609.8553,0,415.09024,1868.32545,1496.96635,17.044409,0,2844.7665700000002,1155.75386,2196.7631499999998,601.30477,0,782301.58,3877.7149,2486.27816,17.243402,1169.64897,39.55564,1297.72686,1826.2312,1349.4546,29.677853,941.5408,16.61753,2197.5451000000003,1665.83754,848.0481,3448.11017,795.4538,2290.3573300000003,993.4762,3618.51831,1253.51004,3356.37866,4576.0017,1885.0987499999999
760_i,0,0,0,0,0,0,0,0,7817.2676,0,0,0,8595.821,16717.664,0,0,6376.897,7593.4453,8755.874,11715.043,877.6494,0,8650.483,16510.85,0,0,0,11443.915,0,0,0,1542.2295,0,11829.5205,1024.5101,6265.8228,0,45704.223,30.060417,4023.2808,0,0,0,5875.563,0,0,15691.892,0,0,323.37964,0,0,9060.56,0,0,15562.582,8341.144,0,0,5745.536,0,0,9756.537,12636.231,0,0,6348.817,6412.4277,607.0654,7921.6895,633.6938,0,0,0,0,4959.949,0,19996.623,14703.662,110.182846,0,0,0,0,14673.231,20607.34,7827.2134,29296.467,0,316040.8,10337.994,542.0946,2045.6504,391.4382,233.2359,6212.281,0,0,7392.5674,0,0,18651.936,8758.25,19014.422,0,1003.0712,21.47117,0,0,13261.502,0,1029.4695,1235.1212,45371.2,0,5698.5264,563.6478,6832.3413,0,0,9801.143,629.11237,137.0401,213.80986,281.39282,25.661554,9020.471,16212.653,0,12446.578,0,11784.094,4540.8965,9197.012,0,16011.502,0,129.76996,148.3002,12636.435,768.26917,15136.618,11532.316,19647.072,11162.787,8843.237,13100.653,12141.811,11013.403
786_i,0,0,0,0,0,0,0,0,73784.0503,0,0,0,15562.1213,166903.28,0,0,12700.6243,57588.8578,45208.18,31253.43473,12820.7617,0,31928.633159999998,85089.656,0,0,0,33455.3116,0,0,0,20734.768,0,20692.1057,29070.3786,26579.96543,0,171434.10700000002,45.172707,43277.3005,0,0,0,10239.48796,0,0,22926.0524,0,0,14764.688329999999,0,0,58543.5062,0,0,116201.156,97776.14259999999,0,0,40156.4,0,0,25895.515,152895.88170000003,0,0,64353.49189999999,22642.506729999997,8851.77349,33375.476,11997.93525,0,0,0,0,19389.7281,0,184953.958,84813.731,2755.03352,0,0,0,0,0,64343.8947,14898.41934,225856.959,0,8.38246,46312.5608,12408.158000000001,7649.462694999999,6349.884857,9798.959009999999,51524.2602,0,0,48726.9173,0,0,146294.15500000003,43067.4755,46695.0915,0,27402.22854,601.6767,0,0,106879.38500000001,0,19196.163500000002,24645.54573,320264.89999999997,0,77106.95199999999,9428.83441,41034.835,0,0,40196.456999999995,6833.03195,18733.9773,967.523159,0,0,48562.2261,108360.755,0,93597.5988,0,41568.572,16965.9299,72194.2475,0,149190.94,0,24859.7977,22188.523699999998,126530.038,24562.3555,235467.558,46014.8587,71198.006,28773.308100000002,16480.12977,38919.357599999996,91495.54500000001,30915.4303
788_i,0,0,0,0,0,0,0,0,29377.371,0,0,0,26139.363,22929.041,0,0,19212.504,12764.631,36675.516,20611.1,35603.99,0,57876.305,33460.195,0,0,0,29292.396,0,0,0,6414.2334,0,4553.813,16443.562,22101.365,0,15070.756,0,39585.215,0,0,0,30876.479,0,0,21845.04,0,0,55642.41,0,0,7728.156,0,0,26164.22,17382.486,0,0,32734.432,0,0,42275.25,20471.709,0,0,20066.418,43534,8992.02,49143.42,46237.93,0,0,0,0,26002.725,0,11656.681,19231.17,53215.14,0,0,0,0,0,22743.414,34112.375,8973.284,0,0,14122.381,19648.125,6669.0454,46244.93,6999.3203,46715.04,0,0,17775.299,0,0,13662.099,42924.863,2405.969,0,25032.545,12318.655,0,0,38899.246,0,4729.2744,36868.938,45180.344,0,32387.09,31693.238,2372.2478,0,0,11316.857,27902.621,39647.418,37023.562,0,0,1990.9847,22887.58,0,41605.17,0,27969.818,20915.094,42728.996,0,24920.475,0,79625.42,72491.11,11007.072,6047.307,17951.248,60680.17,22670.164,19964.912,31485.232,48404.254,27423.332,15955.211
795_i,0,11.079254,10.669461,7.7473516,0,10.764137,10.235908,10.1486,1881.5634,11.051649,10.005851,9.35588,9627.896,4597.4434,10.809242,10.011166,11556.724,4920.175,9480.234,15680.399,9393.424,10.205839,11517.046,16772.902,9.913649,9.903814,9.865859,8081.498,12.537283,18.698936,9.391912,17844.328,19.73857,6299.3525,10423.233,7898.794,9.083592,6735.396,19.748873,8826.044,21.779633,20.132736,9.986727,5351.5425,10.191149,8.146227,7855.1924,10.737952,10.583569,11921.189,10.074938,11.356281,3434.865,9.963688,13.503704,8753.952,6192.193,18.143316,8.8379,7193.6655,9.403229,11.812522,7389.074,12693.76,10.695449,12.810591,4210.549,3999.348,14158.844,9107.664,3904.846,11.126952,10.107941,10.121494,9.535463,4368.4585,11.314295,5242.998,7556.809,10085.707,38425.957,10.0760765,41.444138,9.088085,17.329885,11129.628,8148.4414,7816.3276,0,13.931017,12793.489,4229.6333,3382.2646,16708.37,8104.251,24801.688,21.36179,25.330353,6165.2334,9.512479,10.368594,8656.3545,9137.001,8365.112,9.258017,2311.0942,10334.8,8.864061,11.03632,7819.265,18.736233,6532.916,7034.2847,11416.351,0,7578.922,4848.718,4237.1934,9.731827,0,5753.188,5946.704,9660.345,3383.7893,9.646961,11.743032,26095.424,13023.897,10.460711,7195.195,11.021536,13096.266,10968.992,9036.913,19.105062,13461.856,10.748085,7965.3804,13258.734,12725.981,4386.338,8802.084,7455.1226,5041.726,4241.6924,4367.2275,6086.815,5446.6177,2495.0964
806_i,0,0,0,79.62161,0,2191397.008,0,0,59.350933,0,0,80176.289,539.4406,394.67603,0,0,1006.7259,0,0,683.3581,345.39255000000003,38.969444,97.74388,149.17752,0,11.016171,0,197.4381,0,0,481.22583,1967.8973,0,229.28056,0,75.361534,0,292.0166,0,0,0,0,64.836075,209.70686,0,0,143.50339,0,0,284.34894,33.79463,0,48.82309,0,5855.99057,175.3891,84.85909,0,534.353344,4592.8423,0,0,0,529.21875,0,0,620.0128,472.57703,495.11804,120.95642,2365.508,0,68.496216,0,0,44.990116,0,136.55107,276.44464,0,0,0,0,2109.96896,0,0,733.85394,278.94916,21.714626,0,390.71466,1073.7201,50.316715,369.6351,600.2733,279.03226,892935.6332,0,378.20166,0,0,284.6391,133.06477,940.4953,0,529.323,1018.93396,0,120.05508,144.55814,42707842.9,0,720.0902,0,144437.0108,111.27951,301.88928,81.170746,0,0,186.85213,407.55316,1420.5054,84.43541,30055283.31,12358813.28,673.79364,223.02866,26.451122,454.2475,0,239.01828,88.81564,243.3428,0,0,40.016144,662.2865,140.66965,125.59273,801.15784,94.328476,0,146.08044,118.90895,1111.9755,0,248.97018,1156.0015
808_i,0,0,0,0,0,0,0,0,30549.709,0,0,0,66570.891,46294.316999999995,0,0,89170.94,32107.404,21039.7993,40322.994,29864.938,0,37946.566,122200.804,0,0,0,40090.668999999994,0,0,0,122159.41200000001,0,27540.374,54743.969,44163.023,0,30985.995,0,31531.237999999998,0,0,0,22489.9435,0,0,26822.550000000003,0,0,79529.38500000001,0,0,29879.811,0,0,26080.366,34267.2295,0,0,35798.162,0,0,42239.452999999994,36970.873999999996,0,0,31973.054,12056.316,138130.24099999998,64646.479999999996,35176.244999999995,0,0,0,0,24831.4033,0,27049.787000000004,62400.254,93768.28700000001,0,0,0,0,0,19890.1834,57497.297,52578.038,0,0,37959.058000000005,23390.0184,30267.089,134647.376,31207.505,102357.09300000001,0,0,24258.375,0,0,42037.0415,27959.928,46415.247,0,39289.928,95498.22,0,0,49219.171,0,30326.805,23675.9724,42554.728,0,29513.498,21176.3487,24767.756,0,0,16846.185999999998,40744.389,59101.804000000004,25535.064000000002,0,0,228878.638,47473.393000000004,0,36133.775,0,43053.074,73607.757,90759.579,0,40536.686,0,30819.726,63700.32000000001,69789.073,43299.077000000005,57815.905,53684.998999999996,47149.735,34447.568,27201.337,44701.604,46159.975000000006,32663.229
810_i,0,0,0,0,0,853667,0,0,0,0,0,62.899498,0,0,0,0,0,0,0,0,0,0,0,0,0,0,0,0,0,9930.810239999999,0,0,0,0,0,0,0,0,0,0,0,0,0,0,0,0,0,0,0,0,2739.4973,0,0,0,61.2668,0,0,0,8.126434,0,0,0,0,0,0,0,0,0,0,0,0,0,0,0,0,0,0,0,0,0,0,10797.8069,0,241.88435,0,0,0,0,0,0,0,0,0,0,0,0,37000.4849,0,0,0,0,0,0,0,604.67365,0,0,0,0,0,27406.6717,0,0,0,5595.63394,0,0,0,0,0,0,0,0,0,147748.272,10515.54732,0,0,0,0,0,0,0,0,0,0,0,0,0,0,0,0,0,0,0,0,0,0,0
812_i,0,0,0,0,0,0,0,0,1500.66554,0,0,0,44395.187999999995,6991.8206,0,0,2957.532,372.31872,1894.5306,2090.91805,431.25961,0,448.44402,29883.199,0,0,0,3951.3688,0,0,0,1555.42346,0,54.197058,1591.94164,8511.5784,0,16244.323,0,243.722497,0,0,0,347.46162000000004,0,0,3686.6779,0,0,1021.7519199999999,0,0,6412.3382,0,0,1906.643,7965.0617,0,0,81595.22200000001,0,0,211.05684200000002,1042.9852,0,0,5137.3588,1961.39113,977.68416,1330.7062,5388.4389,0,0,0,0,119.578317,0,2281.7604,2222.64096,53.934376,1068.7589,0,0,0,0,1191.63348,26984.487999999998,1174.93091,0,0,3496.709,11368.6093,170.94681400000002,263.7541,7401.3361,72800.468,0,0,231.011623,0,0,1632.98486,7610.067800000001,18565.436,0,146503.41999999998,169.195582,0,0,6716.804700000001,0,90.46328299999999,681.81383,21927.025999999998,0,621.28547,2533.6023,74.280197,0,0,908.03232,95.758675,8262.8452,82.68606,0,0,83436.945,1710.3222,0,2999.6893,0,5183.041,1314.4604199999999,257.488334,0,2273.5824000000002,0,461.02825,2012.2959500000002,2235.1058,1293.9185,2656.4249,294.42677000000003,6966.8955,2101.6732,3400.7398000000003,1880.79785,13560.764,7856.0304
817_i,0,0,0,0,0,0,0,0,0,0,0,0,0,0,0,0,0,0,0,0,0,0,0,0,0,0,0,0,0,0,18179.8549,0,0,0,0,0,8394980.04,0,0,0,0,0,0,0,0,411.489121,0,0,0,0,0,0,0,0,0,0,0,0,0,0,0,0,0,0,0,0,0,0,0,0,0,0,0,29290.781700000003,0,0,0,0,0,0,0,0,0,0,31.386845,0,0,0,0,0,0,0,0,0,0,0,17116.658,0,0,0,0,0,0,0,263.2375,0,0,0,0,0,738.395,0,0,0,0,0,0,0,0,0,0,0,0,0,18.955423,5368871.34,0,0,0,0,0,0,0,0,0,0,0,0,0,0,0,0,0,0,0,0,0,0,0
823_i,0,0,0,0,0,0,0,0,1130.5841,0,0,0,27603.852,8302.754,0,0,22197.176,2420.3513,4283.909,27637.605,14297.911,0,7883.852,28480.45,0,0,0,8287.429,0,0,0,26160.877,0,2128.7136,8343.517,4976.334,0,19987.967,0,4513.7495,0,0,0,4576.498,0,0,16602.303,0,0,7069.0225,0,0,4511.65,0,0,11712.522,2755.4297,0,0,50898.215,0,0,8853.186,5384.9185,0,0,1726.1465,6883.492,32533.57,7265.905,123852.02,0,0,0,0,2495.3706,0,5077.1367,1858.0382,4902.1875,0,0,0,0,0,4418.134,21561.566,908.2279,0,0,19035.396,19067.424,5501.454,8264.437,35053.094,16821.44,0,0,4515.9766,0,0,1041.36,15364.3545,17656.709,0,11169.423,23680.227,0,0,8406.138,0,5723.302,22729.64,3125.5625,0,1269.2755,8373.005,1488.2142,0,0,11978.557,12489.928,16509.738,7951.8506,0,0,26122.74,6755.9404,0,13091.26,0,7210.266,9957.5625,6535.327,0,7813.5347,0,9971.277,14370.211,1984.346,29210.225,4701.7754,82738.93,12851.798,3398.733,29639.03,8866.594,68221.79,26425.602
825_i,0,0,0,0,0,0,0,0,0,0,0,0,171567.75,0,0,0,0,0,0,0,0,0,0,0,0,0,0,0,0,0,0,0,0,0,0,0,0,0,0,0,0,0,0,0,0,0,0,0,0,0,0,0,0,0,0,0,0,0,0,0,0,0,927.28595,0,0,0,0,0,0,0,234015.34,0,0,0,0,0,0,0,0,0,0,0,0,0,0,0,61779.77,0,0,0,0,0,0,0,29.945602,0,0,0,0,0,0,0,0,0,0,0,0,0,0,0,0,0,0,0,0,0,0,0,0,0,0,19204.754,0,0,0,0,0,0,0,0,0,0,0,0,0,0,0,0,0,0,0,0,156000.45,0,0,64723.61,0,325731.12,0
