row.ID,Blank_4.mzML Peak area,Blank_8.mzML Peak area,Blank_13.mzML Peak area,Blank_24.mzML Peak area,Blank_1.mzML Peak area,DCA_aminoacids.mzML Peak area,Blank_2.mzML Peak area,TDCA_std.mzML Peak area,P1_C5_Lut.11L.mzML Peak area,Blank_14.mzML Peak area,P1_G12_Plate_blank7.mzML Peak area,CA_aminoacids.mzML Peak area,P1_A5_Lut.2R.mzML Peak area,P1_G8_Dut.14L.mzML Peak area,Blank_10.mzML Peak area,Blank_pre.mzML Peak area,P1_A8_Lut.3B.mzML Peak area,P1_G10_Dut.14B.mzML Peak area,P1_G6_Dut.13L.mzML Peak area,P1_E4_Dut.3B.mzML Peak area,P1_F4_Dut.8L.mzML Peak area,Blank_32.mzML Peak area,P1_F2_Dut.7L.mzML Peak area,P1_A7_Lut.3N.mzML Peak area,TLCA_std.mzML Peak area,Blank_31.mzML Peak area,Blank_15.mzML Peak area,P1_B6_Lut.7L.mzML Peak area,Blank_18.mzML Peak area,CDCA_std.mzML Peak area,GDCA_std.mzML Peak area,P1_C4_Lut.10R.mzML Peak area,P1_H12_Plate_blank8.mzML Peak area,P1_D3_Lut.14B.mzML Peak area,P1_F9_Dut.10N.mzML Peak area,P1_B8_Lut.8L.mzML Peak area,GCDCA_std.mzML Peak area,P1_F5_Dut.8B.mzML Peak area,TCA_std.mzML Peak area,P1_F7_Dut.9L.mzML Peak area,Blank_17.mzML Peak area,Testmix_2.mzML Peak area,Blank_30.mzML Peak area,P1_A3_Lut.1B.mzML Peak area,GLCA_std.mzML Peak area,GCA_std.mzML Peak area,P1_D10_Dut.1B.mzML Peak area,Testmix_3.mzML Peak area,Blank_19.mzML Peak area,P1_D4_Lut.15N.mzML Peak area,Blank_21.mzML Peak area,Blank_6.mzML Peak area,P1_F11_Dut.10R.mzML Peak area,Blank_11.mzML Peak area,Blank_22.mzML Peak area,P1_G2_Dut.11B.mzML Peak area,P1_D1_Lut.14L.mzML Peak area,P1_A12_Plate_blank1.mzML Peak area,Blank_23.mzML Peak area,P1_E3_Dut.3N.mzML Peak area,Blank_5.mzML Peak area,P1_B12_Plate_blank2.mzML Peak area,P1_H3_Dut.16R.mzML Peak area,P1_E8_Dut.5L.mzML Peak area,P1_F12_Plate_blank6.mzML Peak area,Blank_7.mzML Peak area,P1_E6_Dut.4B.mzML Peak area,P1_B10_Lut.9N.mzML Peak area,P1_C2_Lut.10N.mzML Peak area,P1_D8_Dut.1N.mzML Peak area,P1_E2_Dut.2B.mzML Peak area,P1_C12_Plate_blank3.mzML Peak area,Testmix_4.mzML Peak area,GUDCA_std.mzML Peak area,Blank_16.mzML Peak area,P1_B5_Lut.6B.mzML Peak area,Testmix_1.mzML Peak area,P1_E7_Dut.5N.mzML Peak area,P1_B3_Lut.6L.mzML Peak area,P1_A1_Lut.1N.mzML Peak area,column_wash.mzML Peak area,DCA_std.mzML Peak area,Blank_20.mzML Peak area,Blank_25.mzML Peak area,TUDCA_std.mzML Peak area,P1_G7_Dut.13R.mzML Peak area,P1_A6_Lut.2B.mzML Peak area,P1_A10_Lut.4B.mzML Peak area,Blank_27.mzML Peak area,TCDCA_std.mzML Peak area,P1_C11_Lut.13R.mzML Peak area,P1_C9_Lut.13N.mzML Peak area,P1_C6_Lut.11B.mzML Peak area,P1_A2_Lut.1R.mzML Peak area,P1_D11_Dut.2L.mzML Peak area,P1_C10_Lut.13L.mzML Peak area,CDCA_aminoacids.mzML Peak area,Blank_12.mzML Peak area,P1_B11_Lut.9L.mzML Peak area,UDCA_std.mzML Peak area,Blank_9.mzML Peak area,P1_B1_Lut.5L.mzML Peak area,P1_D9_Dut.1R.mzML Peak area,P1_F10_Dut.10L.mzML Peak area,LCA_std.mzML Peak area,P1_C7_Lut.12N.mzML Peak area,P1_D5_Lut.15B.mzML Peak area,Blank_3.mzML Peak area,Blank_26.mzML Peak area,P1_B7_Lut.7R.mzML Peak area,DCA_aminoacids_2.mzML Peak area,P1_C8_Lut.12B.mzML Peak area,P1_F6_Dut.9N.mzML Peak area,P1_E10_Dut.6L.mzML Peak area,CA_CDCA_polyamines.mzML Peak area,P1_G3_Dut.12N.mzML Peak area,P1_C1_Lut.9R.mzML Peak area,P1_A11_Lut.5N.mzML Peak area,P1_E12_Plate_blank5.mzML Peak area,UDCA_aminoacids.mzML Peak area,P1_G4_Dut.12B.mzML Peak area,P1_D7_Lut.16R.mzML Peak area,P1_A4_Lut.2L.mzML Peak area,P1_H1_Dut.15B.mzML Peak area,CA_CDCA_aminovalerate.mzML Peak area,CA_DCA_LCA_aminoacids.mzML Peak area,P1_B9_Lut.8B.mzML Peak area,P1_G11_Dut.15N.mzML Peak area,Blank_28.mzML Peak area,P1_G1_Dut.11L.mzML Peak area,P1_D12_Plate_blank4.mzML Peak area,P1_D2_Lut.14R.mzML Peak area,P1_B2_Lut.5R.mzML Peak area,P1_A9_Lut.4N.mzML Peak area,CA_std.mzML Peak area,P1_F1_Dut.6B.mzML Peak area,Blank_29.mzML Peak area,P1_E5_Dut.4N.mzML Peak area,P1_F3_Dut.7R.mzML Peak area,P1_B4_Lut.6R.mzML Peak area,P1_E9_Dut.5R.mzML Peak area,P1_E11_Dut.6R.mzML Peak area,P1_H2_Dut.16L.mzML Peak area,P1_G5_Dut.13N.mzML Peak area,P1_C3_Lut.10L.mzML Peak area,P1_D6_Lut.16L.mzML Peak area,P1_G9_Dut.14R.mzML Peak area,P1_E1_Dut.2R.mzML Peak area,P1_F8_Dut.9R.mzML Peak area
32391,0,0,0,0,0,0,0,0,-0.6223239832437439,0,0,0,0.9004483219901154,0.372445173653178,0,0,0.31367841388712847,-0.03206898638365452,-0.3551117869057947,-0.5487498347947675,-0.6069729432597484,0,-0.3730771350286446,1.3518179646857007,0,0,0,-0.32832527058882377,0,0,0,0.8519415979813534,0,-0.8466075029787881,0.9023206950578739,-0.4045036209855688,0,-0.0956318915520491,0,0.15333903726261155,0,0,0,-0.1431003254386436,0,0,-0.787471266976798,0,0,1.36539332314495,0,0,0.005608917913509259,0,0,-1.587197357832686,-0.9822356574187037,0,0,-0.45206492345605476,0,0,-0.5653563069309833,0.10966327221445304,0,0,-0.02096456949238501,-1.7071235246693988,1.5798948538285646,0.48498940595209383,-0.4216265291978516,0,0,0,0,-0.9539893018849384,0,-0.9403289541151718,0.07171274621051893,0.3692887622747225,0,0,0,0,0,-1.5655734847677216,0.7393012350051418,0.6030223875001877,0,0,0.052547892915189465,-0.8216391140767119,0.25739583398020116,0.8291070812741701,-0.7523586394963715,1.5662704258404325,0,0,-0.14364209500449654,0,0,0.2347660741330806,-0.15975050706767924,0.5930594655260553,0,0.5894619482861145,0.5932741028182171,0,0,0.7347381705942055,0,0.09363603880307281,-0.04230566764096366,0.198049233363097,0,0.09445727512308721,-0.938621524026571,-0.17286685658498868,0,0,-1.3662131509222792,-0.3305996816472341,0.22958297315149778,-0.679491725887786,0,0,1.8353490121871854,0.03167510165985732,0,0.2653617908346977,0,-0.30504770202577447,1.1802520560788157,-0.08619197391876376,0,-0.691450459717915,0,0.22391642107428034,-0.530079208922615,0.9403544162222559,-0.9576276834082851,0.42419398807418496,0.6539403949775657,0.38169681731002214,0.42916930431280065,-0.06277741095110301,-0.525926686474703,0.3683465389792282,-0.06847322040431791
42930,0,0,0,0,0,7.274835564878383,0,0,-1.3293585482303785,0,0,2.713041504833834,-0.41796557700222436,-0.5896447301440082,0,0,0.40877156733364917,0,0,0.26875951682776744,-1.1575410305527276,0,-0.4195091277594756,-0.9873594955864928,0,0,0,-0.7877250841205283,0,-1.7302923619614012,0,2.634761955180095,0,-0.9717996280273749,0.4988827823527693,-1.2959682074521726,0,0,0,-1.4331945703111986,0,0,0,-0.6055785174102617,-1.901533758005606,0,0,0,0,1.736497396836917,-1.9681554468498423,0,-0.5933411016304238,0,0,-0.10120954164601415,0.2101117370932446,0,-1.475118024908583,-0.024802969443336487,0,0,0,-0.49092697924246664,0,0,-0.7945324252909938,-1.211880555043269,2.11043917118353,0,0.23492560932250584,0,0,0,0,-0.36410957691331003,0,-0.1756296443937515,-1.2049507322910546,0,0,-0.6122512345384146,0,0,0,0,0.3059563449620395,-1.6822197532590075,0,0,0.47690249548950536,-1.0371863218740516,-0.6049914145832522,-0.8844157035107245,-0.5691355454390008,-0.7865756865202425,5.779215139682562,0,-1.310169531481424,0,0,-1.163322313443007,-1.3219469331869598,1.154420329072659,0,0,1.245925821896642,0,0,-0.7550971417038106,6.040360866996015,-0.45424089377761145,0.5032617481546247,-0.5305030130386692,0,0,-0.022590386373555482,-0.014426300648787915,0,0,-0.6960709310168132,-0.23562211410957445,-1.0048763926785855,-1.0406007458149125,7.566839730979223,1.7558612335342678,0.38429526224366484,-0.9189880976377314,0,0.4451134068754161,0,0.07556936749849807,0.36494285083241973,0,0,-1.131867668808697,0,-1.450074061748888,0.611871748400965,-0.4154986838961632,0.3107467067112042,-0.8496182366060814,-0.8771402124356547,-0.9262496065755816,-1.0545465632787092,-0.4722607472359073,0,-0.25769598973370567,0
36372,0,0,0,0,0,0,0,0,0,0,0,0,-0.9762767987718224,0,0,0,-0.44450607828250277,0,0,0.18452190405965974,-0.7912452383171171,0,-1.0402732168786457,0,0,0,0,0,0,0,0,-0.3544298959202177,0,0,-0.8577670528638288,0,0,-0.4238138580275401,0,0,0,0,0,0,0,0,0.05499825627024979,0,0,-0.18700523743769182,0,0,-1.145326306894877,0,0,0,0,0,0,-0.09627773048173172,0,0,0,-0.21642976662464353,0,0,-0.8851261847284695,-0.37099050133301104,-0.5718088572147777,0,0.9680410218995221,0,0,0,0,0,0,0,0,0,0,0,0,0,0,0,-0.6980428903563896,0,0,0,0,-1.0424331041786865,0,0,-0.7579818941003773,-0.6918798332980272,0,0,0,9.855821218088451,0,0,-0.7915582392544023,0,0,0,-0.9196973727924362,0,0,-1.3191396840267746,0,0,0,0,0,0,0,0,0,0,-1.0986751837694633,0,0,0,0,8.229192243237678,0,0,0,0,0,-0.9523164113053557,-0.4021440081107799,0,0,-0.8091576225193795,0,0,-0.0633531246960759,0,-0.34208231682746426,0,-0.41999447554057134,0,-0.9852855875429465,-0.07804033009809208,-0.22603048910586798,-0.0012753244464032143,0.6677899721908007
45141,-1.5997013616096654,-1.8749870573650518,0,0,0,0,0,0,-0.460401807139148,0,-1.6310134759594939,0,-0.20216082929422452,0.3985144305312591,0,0,0.6042349545847872,-0.37725545468109223,0,0.5062699758191087,-0.14289853560014532,0,0.6862641777955654,0.45627818667149533,0,0,0,0.7211911967456057,0,0,0,0,0,-1.4807523474736453,1.0457461648711686,-0.08859268511567198,0,0,0,-0.6461837696843049,0,0,0,0.3605969345677771,0,0,0,0,0,-0.7557490200114851,0,0,0,0,0,0,0.41791226487083843,0,0,0,0,0,0,-0.4129425211738229,0,0,0,-0.6647955082965029,-0.6581800700912996,-1.3302992742694113,-0.17901286892908752,-1.4415361930952528,0,0,0,0.9491584754976508,0,-0.37054870116217353,-0.18300693045539562,0,0,0,0,0,0,-0.7607192821369746,-0.3301948274313484,0.2461610435138617,0,0,-0.004388905537311416,-0.010097863244738825,0.3317857738686252,0,0,-0.5380869649224547,0,0,0.007666439539571357,0,-1.5613358779373612,-0.3098987471467898,-0.8948635103717377,0.7359076123941826,5.298264706501363,0.7506904288896532,0.2500289084894822,0,0,-0.5227242247266277,0,-0.5935232507309816,-0.3154282168746372,0,0,0.7854453655071261,0.6185242641653872,-0.08942654496690938,0,0,0,-0.5056457117569693,0.3924340776807016,0.06605979307565946,0,5.326114475521368,0,-0.9731408084636781,0,0,0,-0.9771378032756406,0.5495896717949211,0.45305808139730175,0,1.8338800438523517,0,-0.8650398407742985,-0.7635580291400856,-0.2595611875743846,0,-0.26621702611604015,-0.4968662060240723,0,0.9714106447944122,0.1794960409379307,0.9844440889785142,0,-0.38925498229776245
36401,0,0,0,0,0,0,0,0,0,0,0,0,0,0,0,0,0,0,0,0,0,0,0,0,0,0,0,0,0,0,0,0,0,0,0,0,0,0,0,0,0,0,0,0,0,0,0,0,0,0,0,0,0,0,0,0,0,0,0,0,0,0,0,0,0,0,0,0,0,0,0,0,0,0,0,0,0,0,0,0,0,0,0,0,0,0,0,0,0,0,0,0,0,0,0,0,0,0,0,1.328371926878237,0,0,0,0,0,0,0,0,0,0,0,0,0,0,0,0,0,0,0,0,0,0,0,0,0,-1.328371926878237,0,0,0,0,0,0,0,0,0,0,0,0,0,0,0,0,0,0,0,0,0,0,0
36373,0,0,0,0,0,0,0,0,0,0,0,0,-0.14388068320179892,-0.4284166153757196,0,0,0.014478445569376941,0,0,-0.43487148088423,0.032543194256343,0,0,-0.5825876148742375,0,0,0,0,0,0,0,2.104750107191656,0,-1.100508233007658,-0.9090083881427575,-1.2055656738622957,0,-0.27030437924454365,0,0,0,0,0,-1.250481020001132,0,0,0.5279547167468204,0,0,0.20278352305667902,-1.0256376102921605,0,0,0,-0.7251518233896932,-1.0161727770251696,0,0,0,1.296152472466082,0,0,0,0,0,0,0,-1.0060860756446828,1.0230668890288164,-1.2865022606105794,2.8385121529879975,0,0,0,0,0.24476020879059002,0,0,0,-1.0512898535985644,1.9070044504479706,0,0,0,0,0,-0.4550040707649865,0,0,0,-0.2252521007958337,-0.9801065695010012,-0.458597756134437,-0.9063568171552561,1.2358146163720956,-0.6361233765532042,0,0,0,8.65051886714188,0,0,-0.8968039814941067,0,0,0.05502712823494127,-0.10457878594922398,-1.2648377365603287,0,-1.250692260366168,0,0,0.7288382859131555,0,0,0,-1.0125626320371484,0,0,0,0,-0.026015805347179732,-0.8583919618054088,-0.3847195149464375,0,6.800374878184083,-0.959666634249297,-0.49049653094458767,0,0.020697129585783625,0,-1.1524158304702055,-0.8748811622751771,0,0,-1.0527759088626656,0,-0.4083399777682075,-0.813159255607621,0,-0.2792232449271883,0,1.9234790522266239,-0.5998787547165918,0,-0.210551312945642,-1.1843853928373265,0.9124994215825661,-0.59697367561302
32146,0,0,0,0,0,0,0,0,0,0,0,0,0,0,0,0,0,0,0,0,0,0,0,0,0,0,0,0,0,0,0,0,0,0,0,0,0,0,0,0,0,0,0,0,0,3.457574832779633,0,0,0,0,0,0,0,0,0,0,0,0,0,0,0,0,0,0,0,0,0,0,0,0,0,0,0,0,0,0,0,0,0,0,0,0,0,0,0,0,0,0,0,0,0,0,-6.793285359139819,0,0,0,0,0,0,0,0,0,0,0,0,0,0,0,0,0,0,0,0,0,0,0,0,0,0,0,0,0,0,0,0,3.3357105263601845,0,0,0,0,0,0,0,0,0,0,0,0,0,0,0,0,0,0,0,0,0,0,0
32466,0,0,0,0,0,0,0,0,0,0,0,0,0,0,0,0,0,0,0,0,0,0,0,0,0,0,0,0,0,0,0,0,0,0,0,0,0,0,0,0,0,0,0,0,0,0,0,0,0,0,0,0,0,0,0,0,0,0,0,0,0,0,0,0,0,0,0,0,0,0,0,0,0,0.1579223215468204,0,0,0,0,0,0,0,0,0,0,0,0,0,0,0,0,0,0,0,0,0,0,0,0,0,0,0,0,0,0,0,0,0,0,0,0,0,0,0,0,0,0,0,0,0,0,0,0,0,0,0,-0.15792232154681862,0,0,0,0,0,0,0,0,0,0,0,0,0,0,0,0,0,0,0,0,0,0,0
41415,0,0,0,0,0,0,0,0,0,0,0,0,0,0,0,0,0,0,0,0,0,0,0,0,0,0,0,0,0,0,0,0,0,0,0,0,0,0,0,0,0,0,0,0,-0.41374720018589173,0,0,0,0,0,0,0,0,0,0,0,0,0,0,0,0,0,0,0,0,0,0,0,0,0,0,0,0,0,0,0,0,0,0,0,0,0,0,0,0,0,0,0,0,0,0,0,0,0,0,0,0,0,0,0,0,0,0,0,0,0,0,0,0,0,0,0,0,0,0,0,0,0,0,0,0,0,0,0,0,0.41374720018588995,0,0,0,0,0,0,0,0,0,0,0,0,0,0,0,0,0,0,0,0,0,0,0
41595,0,0,0,0,0,0,0,0,-0.5812112262771851,0,0,0,0.4170269615273554,-1.1282265090529346,0,0,-0.20373850889138545,-0.37939058144874593,-0.17783725022919583,0.09904894310907508,0.5939332047898507,0,-0.12017910022506051,0.055412846070382216,0,0,0,-0.6821320437307321,0,0,0,0.17058397713173612,0,-0.44497413459952284,0.3207712484494287,-0.31637707824179984,0,1.1635519013309352,0,-0.653706356307282,0,0,0,-0.12093623876384996,0,0,0.9502821526589287,0,0,-0.4921266442984322,0,0,-0.1675442107052021,0,0,-0.09315859005380922,-1.0796156584616092,0,0,1.231939727148994,0,0,0.39930637929390755,-0.15407570074956034,0,0,0.21489996621673768,-0.16393727637888844,0.22861725062220195,0.9083468409642261,1.195182510707328,0,0,0,0,-0.171452775569378,0,-0.9743948323882368,0.08349759321589545,0.8024475826370079,0,0,0,0,0,-0.31597860486401785,0.18649785848971945,-1.423260925506538,0,0,0.25880497677001024,-0.11347102390274166,-0.6069799448638129,0.4941476527988815,0.7102232018241992,0.16348647998474952,0,0,-0.6211114555418753,0,0,-2.071837866166863,0.9978887705120201,0.9784404826545039,0,0.14487501288489923,-0.24168980949017715,0,0,-0.6608108729088205,0,-0.4341565546476147,0.23420554744136624,1.0544512867544071,0,-0.7323474673368988,-0.5934259066682976,-0.938075511470549,0,0,0.13423797798968629,0.36474367435633503,0.39730810891179935,0.01914142883261505,0,0,0.6477784169260907,-1.0612912913526387,0,1.0512180562875315,0,0.19364651554079693,-0.9061615974492163,0.15141968823516372,0,0.18831196581977494,0,0.6271549027597025,-0.20276472754872188,-1.708482331809381,0.029926853664324682,-0.5188976654683088,0.8948677760266328,-0.054662720543758425,-0.05558826817076046,0.9903854622770254,0.6419445454041739,0.8507016633242337,0.12535186973922485
32626,0,0,0,0,0,0,0,0,0.4747743885953444,0,0,-2.334242398953009,1.0195789034768907,1.1166413488500702,0,0,-0.3678994188357194,0.26157478543368207,0.7193706449537363,1.3906227388301229,-1.1156978313611763,0,2.5119666887776475,1.033608835306099,0,0,0,1.9978507784000161,0,0,0,-2.9589136151475763,0,-3.5904029734252214,0.0474376904323357,0.7792354145111915,0,3.30352640642929,0,-1.7760802731119263,0,0,0,-2.2118304523497407,0,0,1.4524863842660292,0,0,-1.6223586485668129,0,0,1.1000800282245855,0,0,0.7661925174159432,0.5640944991043408,0,0,2.245932811016738,0,0,-0.9151885325448808,0.8650825166430245,0,0,0.9254558243557973,0.8814404078881584,-2.210726222455758,0.8410557406234265,0.9596564286843101,0,0,0,0,-4.921486413087528,0,1.515504217459613,-1.7733430118151894,-4.849762442948354,0,0,0,0,0,1.2893814047680419,-0.5792170912960186,1.3875982760060932,0,0,1.9091962465728294,-1.6332773332073742,-5.927544617868437,-3.9743939061483156,1.8553283272037504,0.1674678583818192,0,0,0.7144250799979535,0,0,0.8237996706116775,0.7405329092037434,1.7396625740262301,0,-0.8187011390722327,-5.192489221145378,0,0,3.653835045913084,0,-3.9610179044340486,0.8391954300859474,1.7031726235761226,0,-1.7398254324937286,-1.2100907550577888,-1.012048219558765,0,0,0.7750526201279833,-3.809667897539736,-0.3974311851273633,-1.5073791015910043,0,1.1272219209867824,1.3239803115853288,2.0463895107709575,0,1.584180889681825,0,0.8174205376557087,-1.8516980016223679,1.0033206634171439,0,0.6837437142049474,0,0.6394492270486793,0.6176565678056605,-0.9741972837613764,1.4784523507654033,0.8489151301951772,-0.9171068624410177,1.6685546358298478,1.0452650138897148,0.42599584744286645,1.6706965889591974,3.1812614595941557,1.6196957509807959
34184,0,0,0,0,0,0,0,0,-0.6033433396539278,0,0,1.175531538149472,1.8902450197328013,-1.039445634819855,0,0,2.6139639312224867,-3.8107090331372384,-2.0141058073304308,0.5929491107653773,-0.4057567837036018,0,-0.9684843542074457,2.0590091914430593,0,0,0,1.9307402966523588,0,0,0,0.37938512179125183,0,-2.2299392735061874,-0.2052434004203496,2.0758327384537543,0,-0.16681492827940403,0,-1.2952311222168476,0,0,0,0.48723664958196977,0,0,1.8039481834459332,0,0,1.0020963979887103,0,0,-1.6275957130677217,0,0,-1.2140035010708168,0.6259039524593817,0,0,2.318583096495071,0,0,-0.1384133462182815,-0.8547668505317043,0,0,-3.1185038702967662,2.092373765597263,0.3368586260609927,-0.8144352703735667,0.6282050004030175,0,0,0,0,-3.6586686082918987,0,-1.1506853255207385,-1.06923766057957,-0.873790704291947,-1.489004599454658,-4.359292221368946,0,0,0,-1.8696834297926461,0.7481400982937156,-1.9489615007183048,0,0,-0.6953912267552464,1.626235965767779,-2.607365603732073,-0.2698520436041596,1.361825320228764,1.5204885263147325,0,0,-0.018882702272663643,0,0,-1.9016185095464557,1.748027202555547,1.4581420952365756,0,2.57449509902695,0.8584010615379425,0,0,2.7691100982378325,-4.455693368537084,1.0166831923614845,0.9525102483462637,1.8025989104066822,1.6890385697103136,-3.7284887909390427,1.7378686454582537,-2.152281771545251,0,0,0.038964620622208734,0.4995148439661117,2.255819553393864,-1.8583294084110547,1.7274830100919933,4.3494865852615545,0.1256706506635279,-1.2851876585227302,0,-0.4135765532712101,0,0.3367559669442839,1.6879436204223248,0.5049422982071743,2.0437312686989744,-2.661167294458876,0,-0.0562147388239973,1.7713500567139535,0.019127700848681428,1.8699150286022475,-2.1860179565173175,-2.2487299155383127,-0.6102623760716614,1.4076686305287973,-0.46442474281929513,0.9428294794798067,0.9306836503679232,0.151286321680141
33159,0,0,0,0,0,0,0,0,1.0057959615510867,0,0,-2.3178358028039794,1.9360040246739185,0.9181763374620306,0,0,0.6761707472177729,-1.2975957985187971,1.3081950212604738,-1.0752064450593126,-0.286896092853719,0,1.1032371659282028,1.7099113054795456,0,0,0,1.2091149316465373,0,-0.4127833165412147,0,-2.1305858730250735,0,-2.586232261212846,0.413986211121097,2.005314455500473,0,2.5089554250783337,0,-1.0249956268732703,0,0,0,-1.7921863052087241,0,0,0.7533403008321873,0,0,-0.6072241711913184,0,0,0.16404729822567,0,0,0.42859256882934993,1.5825331113903474,0,0,2.202949005049323,0,0,-1.093634921294937,0.46358802883514905,0,0,0.3620855641409353,1.005158159401235,-0.9423786852724341,-1.7218762894436725,-0.3538243858938861,0,0,0,0,-1.7449292547014972,0,-0.8967775815986707,-1.8829183695658855,-1.55761929356317,0,0,0,0,0,0.1710326774217812,0.7302599501659426,1.095827969978977,0,0,-0.444830614141809,1.617400577429974,-2.6712558776784956,-1.6059725202033643,1.0984663012711184,2.1520903609073176,-2.944489342986807,0,0.34109783186297093,-5.146665076906148,0,1.3060548554036977,1.000669942116856,1.6048598359161392,0,2.7902080126522826,-0.31614329880856573,0,0,3.061638513250898,0,-1.346730993415612,0.17544472087366536,2.7715806906543268,0,-2.1889982624551383,0.2674353488985943,-2.730936849855559,0,0,-0.828740763060889,-3.5599234041059216,0.657011883891526,-2.7207255671146564,0,0.9922872894778134,2.4177463928441707,0.7857492137622408,0,-0.5273221223944375,0,0.5482762627324504,-0.7997085008631286,1.0083299969918045,-1.762246242945806,-1.107071754321158,0,-0.5087750897014809,0.9189116182020935,0.7381125940760249,0.8630782394368772,-1.3345906388548787,-1.0612296101492893,0.608188323661075,0.7011548120642779,0.9516171307875201,0.8601287917840583,1.990321132653051,1.3497201097922833
33065,0,0,0,0,0,0,0,0,0,0,0,0,0,0,0,0,0,0,0,0,0,0,0,0,0,0,0,0,0,0,0,0,0,0,0,0,0,0,0,0,0,0,0,0,0,0,0,0,0,0,0,0,0,0,0,0,0,0,0,0,0,0,0,0,0,0,0,0,0,0,0,0,0,0,0,0,0,0,0,0,0,0,0,0,0,0,0,0,0,0,0,0,0,0,0,0,0,0,0,0,0,0,0,0,0,0,0,0,0,0,0,0,0,0,0,0,0,0,0,0,0,0,0,0,0,0,0,0,0,0,0,0,0,0,0,0,0,0,0,0,0,0,0,0,0,0,0,0,0
37397,0,0,0,0,0,0,0,0,0,0,0,0,0,0,0,0,0,0,0,0,0,0,0,0,0,0,0,0,0,0,0,0,0,0,0,0,0,0,0,0,0,0,0,0,0,0,0,0,0,0,0,0,0,0,0,0,0,0,0,0,0,0,0,0,0,0,0,0,0,0,0,0,0,0,0,0,0,0,0,0,0,0,0,0,0,0,0,0,0,0,0,0,0,0,0,0,0,0,0,0,0,0,0,0,0,0,0,0,0,0,0,0,0,0,0,0,0,0,0,0,0,0,0,0,0,0,0,0,0,0,0,0,0,0,0,0,0,0,0,0,0,0,0,0,0,0,0,0,0
37984,0,0,0,0,0,-3.216987011323422,0,0,0,0,0,0,0,0,0,0,0,0,0,0,0,0,0,0,0,0,0,0,0,0,0,0,0,0,0,0,0,0,0,0,0,0,0,0,0,0,0,0,0,0,0,0,0,0,0,0,0,0,0,0,0,0,0,0,0,0,0,0,0,0,0,0,0,0,0,0,0,0,0,0,0,0,0,0,0,0,0,0,0,0,0,0,0,0,0,0,0,0,0,0,0,0,0,0,0,0,0,0,0,0,3.216987011323422,0,0,0,0,0,0,0,0,0,0,0,0,0,0,0,0,0,0,0,0,0,0,0,0,0,0,0,0,0,0,0,0,0,0,0,0,0,0
33403,0,0,0,0,0,0,0,0,0,0,0,0,0,0,0,0,-0.8407303588385169,-1.200374058424297,0,-0.7335453327784678,0.3028598357043748,0,-1.0726629881413303,-0.9165923890180068,0,0,0,0,0,0,0,0,0,0,-1.0053721868574983,0,0,0,0,0,0,0,0,0,0,0,0.2601359544285651,0,0,0,0,0,0,0,0,-0.8216788816052079,0,0,0,1.0093821472264404,0,0,-0.04182981696531751,-0.19714365562235558,0,0,0,0,0,-0.7337879593471186,0,0,0,0,0,0,0,-1.0613097261966962,0,0,0,0,0,0,0,0,0,0,0,0,0,0,0,0,0,0,0,0,0,0,0,0.7412337105135895,-1.1604137782453119,0,0,0,0,0,0,0,0,0,0,-0.3563795590024115,0,0,0,0,0,0,1.1048618732039612,-1.0802250416638475,0,0,0,8.698096617723605,0,0,0,0.0970135806566903,0,0,0,0,0,-0.9915379867508438,0,0,0,0,0,0,0,0,0,0,0,0,0
32471,0,0,0,0,0,0,0,0,-3.379091887947227,0,0,4.684087652578031,-0.9114312905299773,0,0,0,0,0,0,0,0,0,0,0,0,0,0,0,0,0,0,0,0,0,0,0,0,0,0.02819602805500221,0,0,0,0,0,0,6.393218457380666,0,0,0,0,0,0,0,0,0,-2.6080743713197823,0,0,0,0,0,0,0,-2.823438743118504,0,0,0,0,0,0,-0.40345937199785276,0,0,0,0,0,0,0,-2.9521419493460965,0,0,0,0,0,0,0,0,-3.653299428621879,0,0,0,0,-3.325011138797359,0,0,0,0,0,0,0,0,-2.877922390821203,0,0,0,0,0,0,0,-2.3092942553584868,0,0,0,2.2247369786492577,2.8611007213805077,0,0,0,0,0,0,0,0,0,2.4221567363017336,6.022915909297353,0,0,0,0,0,0,0,0,0,0,0,0,0,0,0,0,0.1840248832472522,0,0,1.4011402393431007,0,-0.9784127783745413,0
35151,0,0,0,0,0,0,0,0,-0.22554893646460616,0,0,0,1.361000992407643,-0.1854438709838382,0,0,-0.6739832864227262,-1.9300287773892002,-1.2002120471684385,0.07539456932261501,-1.3617090281535251,0,0.46568663717784986,0.4148569146754575,0,0,0,0.14815719574204422,0,0,0,-2.031963746020426,0,-1.3746829316441556,-0.2265027480240862,-0.8936652644356533,0,-0.11466828880633351,0,1.5208429986700551,0,0,0,-0.6493956745237073,0,0,0.9627620539503035,0,0,1.4164519061233065,0,0,-1.7578392288156213,0,0,-0.0213102777036287,-1.6800259841860612,0,0,-1.1902454703197938,0,0,0.4704199017299011,0.833137392679248,0,0,1.4449186673436625,2.695846870784555,-1.7785361411451293,1.5871503469629484,1.3101369485046739,0,0,0,0,-3.564439370605358,0,-0.052017396327316945,-3.2715997416997435,0.5111540578763378,0,0,0,0,0,-0.4097262667445376,1.7505722049336327,1.605094490685067,0,0,-1.6111018711600629,-2.593969667267153,-1.3045575935888811,-0.6422331417595295,-1.9529062310887726,-1.034481885816489,0,0,1.9956341412766907,0,0,1.1770462050216164,-0.8902713982361306,0.6450559734940207,0,-1.4370362449585423,0.36332129548537573,0,0,1.7148344787117455,0,0.320361239907319,2.742893778259184,-2.3466969303067486,0,0.34443715519903506,0.7820389305663973,-1.5715968705632823,0,0,1.0185471135987711,-0.8908862872224974,-2.1339403388761378,1.657351681593088,0,0,-0.946406741188353,2.2890171767110985,0,-0.9441853276748429,0,0.15083608268445658,-0.9406765671070145,2.7424979978997133,0,0.41569731075177785,0,2.1917899652234514,1.3491035462240557,0.13940363311108683,0.8147207044910818,0.1432000461587375,1.9729304464136472,-1.2180196386213575,-3.3944465681989344,1.5485620728550984,1.2684888426131167,1.695655600368049,2.389948213030756
42247,0,0,0,0,0,0,0,0,0,0,0,0,0,0,0,0,0,0,0,0,0,0,0,0,0,0,0,0,0,0,0,0,0,0,0,0,0,0,0,0,0,0,0,0,0,0,0,0,0,0,0,0,0,0,0,0,0,0,0,0,0,0,0,0,0,0,0,0,0,0,0,0,0,0,0,0,0,0,0,0,0,0,0,0,0,0,0,0,0,0,0,0,0,0,0,0,0,0,0,0,0,0,0,0,0,0,0,0,0,0,0,0,0,0,0,0,0,0,0,0,0,0,0,0,0,0,0,0,0,0,0,0,0,0,0,0,0,0,0,0,0,0,0,0,0,0,0,0,0
32444,0,0,0,0,0,0,0,0,0,0,0,0,0,0,0,0,0,0,0,0,0,0,0,0,0,0,0,0,0,0,0,0,0,0,0,0,0,0,0,0,0,0,0,0,0,0,0,0,0,0,0,0,0,0,0,0,0,0,0,0,0,0,0,0,0,0,0,0,0,0,0,0,0,0.15458506138797823,0,0,0,0,0,0,0,0,0,0,0,0,0,0,0,0,0,0,0,0,0,0,0,0,0,0,0,0,0,0,0,0,0,0,0,0,0,0,0,0,0,0,0,0,0,0,0,0,0,0,0,-0.15458506138797823,0,0,0,0,0,0,0,0,0,0,0,0,0,0,0,0,0,0,0,0,0,0,0
36102,0,0,0,0,0,0,0,0,0,0,0,5.8137925667897665,0,0,0,0,0,0,0,0,0,0,0,-3.282417435607938,0,0,0,0,0,0,0,0,0,0,0,0,0,0,0,0,0,0,0,0,0,0,0,0,0,0,0,0,0,0,0,0,0,0,0,0,0,0,0,0,0,0,0,0,0,0,-3.6339092839661213,0,0,0,0,0,0,0,0,0,0,0,0,0,0,0,-3.1024208978902035,-3.518061590186507,0,0,0,0,0,0,0,0,0,0,0,0,0,0,0,0,0,0,0,0,0,0,0,0,0,0,9.200242486607086,0,0,0,0,0,0,0,-3.3606965713327153,0,5.234918755187977,0,0,0,0,0,0,0,0,0,0,0,0,0,0,0,0,0,0,-3.3514480296013436,0,0,0,0,0
34889,0,0,0,0,0,0,0,0,0,0,0,5.936018414746674,0,0,0,0,0,0,0,0,0,0,0,0,0,0,0,0,0,0,0,0,0,0,0,0,0,0,0,0,0,0,0,0,0,0,0,0,0,0,0,0,0,0,0,-4.972418724998115,0,0,0,0,0,0,0,0,0,0,0,0,0,0,0,0,0,0,0,0,0,0,0,0,0,0,0,0,0,0,0,0,0,0,0,0,0,0,0,0,-4.823650506111484,0,0,0,0,0,0,0,0,0,0,0,0,0,0,0,0,0,5.902885898069793,-5.0032154262614625,0,0,0,0,0,-4.8821629057152975,0,0,6.148746683745796,1.6937965665240933,0,0,0,0,0,0,0,0,0,0,0,0,0,0,0,0,0,0,0,0,0,0,0
30787,0,0,0,0,0,0,0,0,0,0,0,-1.3211773133616047,0,0,0,0,0,0,0,0,0,0,0,0,0,0,0,0,0,0,0,0,0,0,0,0,0,0,0,0,0,0,0,0,0,0,0,0,0,0,0,0,0,0,0,0,0,0,0,0,0,0,0,0,0,0,0,0,0,0,0,0,0,0,0,0,0,0,0,0,0,0,0,0,0,0,0,0,0,0,0,0,0,0,0,0,0,0,0,0,0,0,0,0,0,0,0,0,0,0,0,0,0,0,0,0,0,0,0,0,0,0,0,0,0,5.201392346332472,0,0,0,0,0,0,0,0,0,0,0,0,0,0,0,0,0,0,0,-3.4823600462486137,0,-0.39785498672225383,0
33066,0,0,0,0,0,0,0,0,0,0,0,0,0,0,0,0,0,0,0,0,0,0,0,0,0,0,0,0,0,0,0,0,0,0,0,0,0,0,0,0,0,0,0,0,0,0,0,0,0,0,0,0,0,0,0,0,0,0,0,0,0,0,0,0,0,0,0,0,0,0,0,0,0,0,0,0,0,0,0,0,0,0,0,0,0,0,0,0,0,0,0,0,0,0,0,0,0,0,0,0,0,0,0,0,0,0,0,0,0,0,0,0,0,0,0,0,0,0,0,0,0,0,0,0,0,0,0,0,0,0,0,0,0,0,0,0,0,0,0,0,0,0,0,0,0,0,0,0,0
34671,0,0,0,0,0,0,0,0,0,0,0,0,0,0,0,0,0,0,0,0,0,0,0,0,0,0,0,0,0,0,0,0,0,0,0,0,0,0,0,0,0,0,0,0,0,0,0,0,0,0,0,0,0,0,0,0,0,0,0,0,0,0,0,0,0,0,0,0,0,0,0,0,0,0,0,0,0,0,0,0,0,0,0,0,0,0,0,0,0,0,0,0,0,0,0,0,-3.482644087479743,0,0,0,0,0,0,0,0,0,0,0,0,0,0,0,0,0,0,0,0,0,0,0,0,0,0,0,0,3.4826440874797413,0,0,0,0,0,0,0,0,0,0,0,0,0,0,0,0,0,0,0,0,0,0,0
35317,0,0,0,0,0,-3.924998733245258,0,0,0,0,0,0,0,0,0,0,0,0,0,0,0,0,0,0,0,0,0,0,0,0,0,0,0,0,0,0,0,0,0,0,0,0,0,0,0,0,0,0,0,0,0,0,0,0,0,0,0,0,0,0,0,0,0,0,0,0,0,0,0,0,0,0,0,0,0,0,0,0,0,0,0,0,0,0,0,0,0,0,0,0,0,0,0,0,0,0,0,0,0,0,0,0,0,0,0,0,0,0,0,0,3.924998733245257,0,0,0,0,0,0,0,0,0,0,0,0,0,0,0,0,0,0,0,0,0,0,0,0,0,0,0,0,0,0,0,0,0,0,0,0,0,0
37399,0,0,0,0,0,0,0,0,0,0,0,0,0,0,0,0,-1.3989828300306644,0,0,0,0,0,0,0,0,0,0,0,0,0,0,0,0,-1.645649154516097,0,0,0,0,0,0,0,0,0,0,0,0,0,0,0,0,0,0,0,0,0,0,0,0,0,-1.4187451733749925,0,0,0,0,0,0,0,0,0,0,0,0,0,0,0,0,0,0,-1.7510415736462592,0,0,0,0,0,0,0,0,0,0,0,0,0,0,0,0,0,0,0,0,0,0,0,0,0,0,0,0,0,0,0,0,0,0,0,0,0,0,0,0,0,0,-1.0901837993338672,-1.1574849766539108,0,0,10.199351772000693,0,0,0,0,0,0,0,0,0,0,0,0,0,-1.7372642644449003,0,0,0,0,0,0,0,0,0
37985,0,0,0,0,0,1.6038990929621368,0,0,0,0,0,0,0,0,0,0,0,0,0,0,0,0,0,0,0,0,0,0,0,0,0,0,0,0,0,-2.740000918851024,0,0,0,0,0,0,0,0,0,0,0,0,0,0,0,0,0,0,0,0,0,0,0,0,0,0,0,0,0,0,0,0,0,0,0,0,0,0,0,0,0,0,0,0,0,0,0,0,0,0,0,0,0,0,0,0,0,0,0,0,0,0,0,0,0,0,0,0,0,0,0,0,0,0,6.812836230733429,0,0,0,0,0,0,0,0,0,0,0,0,-2.413994343780062,0,0,0,0,0,0,0,0,0,0,0,0,0,0,0,-3.2627400610644806,0,0,0,0,0,0,0,0,0
33405,0,0,0,0,0,0,0,0,0,0,0,0,0,0,0,0,0,0,0,0,0,0,0,0,0,0,0,0,0,0,0,0,0,0,0,0,0,0,0,0,0,0,0,0,0,0,0,0,0,0,0,0,0,0,0,0,0,0,0,0,0,0,0,0,0,0,0,0,0,0,0,0,0,0,0,0,0,0,0,0,0,0,0,0,0,0,0,0,0,0,0,0,0,0,0,0,0,0,0,0,0,0,0,0,0,0,0,0,0,0,-5.5094942013428305,0,0,0,0,0,0,0,0,0,0,0,0,0,0,5.5094942013428305,0,0,0,0,0,0,0,0,0,0,0,0,0,0,0,0,0,0,0,0,0,0,0
29181,0,0,0,0,0,0,0,0,0,0,0,0,0,0,0,0,0,0,0,0,0,0,0,0,0,0,0,0,0,0,0,0,0,0,0,0,0,0,0,0,0,0,0,0,0,0,0,0,0,0,0,0,0,0,0,0,0,0,0,0,0,0,0,0,0,0,0,0,0,0,0,0,0,0,0,0,0,0,0,0,0,0,0,0,0,0,0,0,0,0,0,0,0,0,0,0,0,0,0,0,0,0,0,0,0,0,0,0,0,0,0,0,0,0,5.0008130254253524,0,0,0,0,0,0,0,0,0,-2.335530346998367,0,0,0,0,0,0,0,0,0,0,0,0,0,0,0,0,0,0,0,0,-2.665282678426985,0,0,0
27837,0,0,0,0,0,0,0,0,0,0,0,-3.0592916484583093,0,0,0,0,0,0,0,0,0,0,0,0,0,0,0,0,0,0,0,0,0,0,0,0,0,0,0,0,0,0,0,0,0,0,0,0,0,0,0,0,0,0,0,0,0,0,0,0,0,0,0,0,0,0,0,0,0,0,0,0,0,0,0,0,0,0,0,0,0,0,0,0,0,0,0,0,0,0,0,0,0,0,0,0,0,0,0,0,0,0,0,0,0,0,0,0,0,0,0,0,0,0,0,0,0,0,0,3.0592916484583075,0,0,0,0,0,0,0,0,0,0,0,0,0,0,0,0,0,0,0,0,0,0,0,0,0,0,0,0,0
36264,0,0,0,0,0,0,0,0,0,0,0,0,0,0,0,0,0,0,0,0,0,0,0,0,0,0,0,0,0,0,-5.1333215676132555,0,0,0,0,0,4.297139672636133,0,0,0,0,0,0,0,0,0,0,0,0,0,0,0,0,0,0,0,0,0,0,0,0,0,0,0,0,0,0,0,0,0,0,0,0,-2.7331969209033113,0,0,0,0,0,0,0,0,0,0,0,0,0,0,0,0,0,0,0,0,0,0,0,0,0,0,0,0,0,0,0,0,0,0,0,0,0,0,0,0,0,0,0,0,0,0,0,0,0,0,0,3.569378815880432,0,0,0,0,0,0,0,0,0,0,0,0,0,0,0,0,0,0,0,0,0,0,0
31371,0,0,0,0,0,0,0,0,0,0,0,0,-0.24518241210178182,0,0,0,0,0,0,0,0,0,0,0,0,0,0,0,0,0,0,0,0,0,0,0,0,0,0,0,0,0,0,0,0,0,0,0,0,0,0,0,0,0,0,0,0,0,0,0,0,0,0,0,0,0,0,0,0,0,-2.6159439391082904,0,0,0,0,0,0,0,0,0,0,0,0,0,0,0,-3.1224400417397153,0,0,0,0,0,0,0,0,0,0,0,0,0,0,0,0,0,0,0,0,0,0,0,0,0,0,0,7.1297063950038035,0,0,0,0,0,0,0,0,0,0.8153580480629898,0,0,0,0,0,0,0,0,0,0,0,0,0,0,0,0,0,-0.936744144392982,0,0,-0.7000957662958136,0,-0.3246581394282133,0
31043,0,0,0,0,0,0,0,0,0,0,0,0,0,0,0,0,0,0,0,0,0,0,0,0,0,0,0,0,0,0,0,0,0,0,0,0,0,0,0,0,0,0,0,0,0,0,0,0,0,0,0,0,0,0,0,0,0,0,0,0,0,0,0,0,0,0,0,0,0,0,0,0,0,0,0,0,0,0,0,0,0,0,0,0,0,0,0,0,0,0,0,0,0,0,0,0,0,0,0,0,0,0,0,0,0,0,0,0,0,0,0,0,-3.9209354067025846,0,0,0,0,0,0,3.9209354067025846,0,0,0,0,0,0,0,0,0,0,0,0,0,0,0,0,0,0,0,0,0,0,0,0,0,0,0,0,0
41811,0,0,0,0,0,-1.0088908076636223,0,0,0,0,0,2.596282894666796,0,0,0,0,0,0,0,0,0,0,0,0,0,0,0,0,0,0,0,0,0,0,0,0,0,0,0,0,0,0,0,0,0,0,0,0,0,0,0,0,0,0,0,0,0,0,0,0,0,0,0,0,0,0,0,0,0,0,0,0,0,0,0,0,0,0,0,0,0,0,0,0,0,0,0,0,0,0,0,0,0,0,0,0,0,0,0,0,0,0,0,0,0,0,0,0,0,0,0,0,0,0,-2.315842371643768,0,0,0,0,0,0,0,0,0,3.541972867788994,3.419665177101688,0,0,0,0,0,0,0,0,-6.233187760250084,0,0,0,0,0,0,0,0,0,0,0,0,0,0
36680,0,0,0,0,0,0,0,0,0,0,0,0,0,0,0,0,0,0,0,0,0,0,0,0,0,0,0,0,0,0,0,0,0,0,0,0,0,0,0,0,0,0,0,0,0,0,0,0,0,0,0,0,0,0,0,0,0,0,0,0,0,0,0,0,0,0,-1.732513143612536,0,0,0,-1.8733421230808518,0,0,0,0,0,0,0,0,0,0,0,0,0,0,0,0,-1.2670293039441214,0,0,0,0,0,0,0,0,0,0,0,0,0,0,0,0,0,0,0,0,0,0,0,0,0,0,0,0,0,0,0,0,0,0,0,0,0,7.188996897976147,0,0,0,0,0,0,0,0,0,0,0,0,0,0,0,0,0,0,0,-2.316112327338639,0,0,0
36517,0,0,0,0,0,0,0,0,0,0,0,-0.9138220724054751,0,0,0,0,0,0,0,0,0,0,0,0,0,0,0,0,0,0,0,0,0,0,0,0,0,0,0,0,0,0,0,0,0,0,0,0,0,0,0,0,0,0,0,0,0,0,0,0,0,0,0,0,0,0,0,0,0,0,0,0,0,0,0,0,0,0,0,0,0,0,0,0,0,0,0,0,0,0,0,0,0,0,0,0,0,0,0,0,0,0,0,0,0,0,0,0,0,0,5.028296465568182,0,0,0,-1.7142254743403242,0,0,0,0,0,0,0,0,0,-1.1402652273209597,0,0,0,0,0,0,0,0,0,0,0,0,0,0,0,0,0,0,0,0,-1.2599836915014224,0,0,0
35624,0,0,0,0,0,0,0,0,0,0,0,0,0,0,0,0,0,0,0,0,0,0,0,0,0,0,0,0,0,0,0,0,0,0,0,0,0,0,0,0,0,0,0,0,0,0,0,0,0,0,0,0,0,0,0,0,0,0,0,0,0,0,0,0,0,0,0,0,0,0,0,0,0,0,0,0,0,0,0,0,0,0,0,0,0,0,0,0,0,0,0,0,0,0,0,0,-1.3026324328986307,0,0,0,0,0,0,0,0,0,0,0,0,0,0,0,0,0,-3.108557582670949,0,0,0,0,0,0,0,0,0,0,4.411190015569581,0,0,0,0,0,0,0,0,0,0,0,0,0,0,0,0,0,0,0,0,0,0,0
30789,0,0,0,0,0,0,0,0,0,0,0,-3.2864235389188554,0,0,0,0,0,0,0,0,0,0,0,0,0,0,0,0,0,0,0,0,0,0,0,0,0,0,0,0,0,0,0,0,0,0,0,0,0,0,0,0,0,0,0,0,0,0,0,0,0,0,0,0,0,0,0,0,0,0,0,0,0,0,0,0,0,0,0,0,0,0,0,0,0,0,0,0,0,0,0,0,0,0,0,0,0,0,0,0,0,0,0,0,0,0,0,0,0,0,0,0,0,0,0,0,0,0,0,0,0,0,0,0,0,3.2864235389188554,0,0,0,0,0,0,0,0,0,0,0,0,0,0,0,0,0,0,0,0,0,0,0
37193,0,0,0,0,0,0,0,0,0,0,0,0,0,0,0,0,0,0,0,0,0,0,0,0,0,0,0,0,0,0,0,0,0,0,0,0,0,0,0,0,0,0,0,0,0,0,0,0,0,0,0,0,0,0,0,0,0,0,0,0,0,0,0,0,0,0,0,0,0,0,0,0,0,0,0,0,0,0,0,0,0,0,0,0,0,0,0,0,0,0,0,0,0,0,0,0,0,0,0,0,0,0,0,0,0,0,0,0,0,0,0,0,0,0,0,0,0,0,0,0,0,0,0,0,0,0,0,0,0,0,0,0,0,0,0,0,0,0,0,0,0,0,0,0,0,0,0,0,0
30760,0,0,0,0,0,0,0,0,0,0,0,0,0,0,0,0,0,0,0,0,0,0,0,0,0,0,0,0,0,0,0,0,0,0,0,0,0,0,0,0,0,0,0,0,0,0,0,0,0,0,0,0,0,0,0,0,0,0,0,0,0,0,0,0,0,0,0,0,0,0,0,0,0,0,0,0,0,0,0,0,0,0,0,0,0,0,0,0,0,0,0,0,0,0,0,0,0,0,0,0,0,0,0,0,0,0,0,0,0,0,0,0,0,0,0,0,0,0,0,0,0,0,0,0,0,0,0,0,0,0,0,0,0,0,0,0,0,0,0,0,0,0,0,0,0,0,0,0,0
33067,0,0,0,0,0,0,0,0,0,0,0,0,0,0,0,0,0,0,0,0,0,0,0,0,0,0,0,0,0,0,0,0,0,0,0,0,0,0,0,0,0,0,0,0,0,0,0,0,0,0,0,0,0,0,0,0,0,0,0,0,0,0,0,0,0,0,0,0,0,0,0,0,0,0,0,0,0,0,0,0,0,0,0,0,0,0,0,0,0,0,0,0,0,0,0,0,0,0,0,0,0,0,0,0,0,0,0,0,0,0,-3.791879506151015,0,0,0,0,0,0,0,0,0,0,0,0,0,0,3.791879506151016,0,0,0,0,0,0,0,0,0,0,0,0,0,0,0,0,0,0,0,0,0,0,0
34689,0,0,0,0,0,0,0,0,0,0,0,0,-0.5564817542906852,-1.8300537974906068,0,0,1.6773966573164225,0.08011948564869886,-2.0954133871375427,-0.0486943451848898,-0.7597182183348155,0,-1.0523599053159183,0.44251809738403214,0,0,0,-0.4918175838618333,0,0,0,0.21347421718900872,0,-0.17935966052622376,-0.16016548280852394,-0.4535831033501565,0,1.8327682229090163,0,-0.6318021781597718,0,0,0,-0.8274770195651624,0,0,-1.2429397627645549,0,0,-0.051155767614345926,0,0,-0.4247573437487526,0,0,-0.5028408643541313,-1.4904788798875614,0,0,0.7390499814469154,0,0,-0.8260894731338242,-1.0076344429548851,0,0,-0.6416214565223175,-0.6784388893743865,1.4897223800709511,-1.040671750441264,1.6954343688738769,0,0,0,0,-0.5404920492944711,0,0.5492213318974963,-0.7347429983315132,0.10359115304318944,0,0,0,0,0,0,-0.5649724890122294,-0.7776771391149451,0,0,-0.6514963350115055,-0.48358692318190455,-1.8488474260049625,0.565469509239044,3.897300476413542,-0.2754440030688454,5.329413057260788,0,-1.5933461594929161,0,0,-0.6997833649867831,-0.624594468620558,2.2310610052047686,0,0.4276900713410914,-0.4625728561578444,0,0,-0.7406936113505518,0,-0.42344606878421276,0.8771509766707482,0.3787270019040383,0,-1.72674210632912,-1.9528292897757544,-1.3428052603861618,0,0,-0.6979248214123439,0.43302526901633254,-0.7447842413421428,-0.6435007488316735,0,10.20539132468199,3.904163689863899,0.3021162452718551,0,-1.3011371124134263,0,-1.103014410667575,-0.3931829240089355,-0.7730583593700437,0,-1.4168127719871784,0,-1.3266043128239637,-1.7675013141583484,-0.8275818081138264,3.536473216569461,-1.9820123936984562,-1.4273860450505262,-0.2457030337200452,-1.1838767305083273,-0.9079944203819221,0.5704711396968554,3.588543819122446,4.109410366178698
33409,0,0,0,0,0,0,0,0,0,0,0,0,0,0,0,0,0,0,0,0,0,0,0,-0.7742617543303343,0,0,0,0,0,0,0,-0.7780103704830297,0,0,-0.9391212287059756,-0.7947393955336137,0,0,0,0,0,0,0,0,0,0,0,0,0,0,0,0,0,0,0,0,0,0,0,-0.4202944848885579,0,0,0,0,0,0,0,0,-0.005187802779737627,0,-0.4941257322763213,0,0,0,0,0,0,0,0,0,0,0,0,0,0,0,-0.5337954248812227,0,0,0,-0.749597015174293,-0.9589373502557383,0,0,0.18976184310134636,0,0,0,0,0,0,0,-0.9720911850516814,-0.4053141090127643,0,-0.6223684792398196,0,0,0,0,1.3350910412526744,0,-0.778451261772132,-0.781069684721035,0,0,0,0,0,0,0,0,0,0,0,11.418761285824214,-0.8903030935542198,0,0,0,0,0,0,0,0,0,0,-1.024743081934064,0,0,0,0,0.2521164851992075,0,0,-0.40131894281862834,0,0,-0.8720002579642769
36651,0,0,0,0,0,0,0,0,0,0,0,0,0,0,0,0,0,0,0,0,0,0,0,0,0,0,0,0,0,0,0.08467198690184397,0,0,0,0,0,2.7082550113666937,0,0,0,0,0,0,0,0,0,0,0,0,0,0,0,0,0,0,0,0,0,0,0,0,0,0,0,0,0,0,0,0,0,0,0,0,0,0,0,0,0,0,0,0,0,0,0,0,0,0,0,0,0,0,0,0,0,0,-4.752279678658349,0,0,0,0,0,0,0,0,0,0,0,0,0,0,2.403056867849296,0,0,0,0,0,0,0,0,0,0,0,0,0,0,-0.4437041874594856,0,0,0,0,0,0,0,0,0,0,0,0,0,0,0,0,0,0,0,0,0,0,0
33790,0,0,0,0,0,0,0,0,0,0,0,0,0,0,0,0,0,0,0,0,0,0,0,0,0,0,0,0,0,0,-1.6253986986136049,-2.6665686548836334,0,0,0,0,6.437743942756108,0,0,0,0,0,0,0,-0.18939593860891701,0,0,0,0,0,0,0,0,0,0,0,0,0,0,0,0,0,0,0,0,0,0,0,0,0,0,0,0,4.044109822143928,0,0,0,0,0,0,0,0,0,0,0,0,0,-3.2362959095481854,0,0,0,0,0,0,0,0,-2.764194563245698,0,0,0,0,0,0,0,0,0,0,0,0,0,0,0,0,0,0,0,0,0,0,0,0,0,0,0,0,0,0,0,0,0,0,0,0,0,0,0,0,0,0,0,0,0,0,0,0,0,0,0,0
21279,0,0,0,0,0,0,0,0,0,0,0,0,0,0,0,0,0,0,0,0,0,0,0,0,0,0,0,0,0,0,0,0,0,0,0,0,0,0,0,0,0,0,0,0,0,0,0,0,0,0,0,0,0,0,0,0,0,0,-5.1971423938676296,0,0,0,0,0,0,0,0,0,0,0,0,0,0,0,0,0,0,0,0,0,0,0,0,0,0,0,0,0,0,0,0,0,0,0,0,0,0,0,0,0,0,0,0,0,0,0,0,0,0,0,0,0,0,0,0,0,0,0,0,5.1971423938676296,0,0,0,0,0,0,0,0,0,0,0,0,0,0,0,0,0,0,0,0,0,0,0,0,0,0,0,0,0
38881,0,0,0,0,0,0,0,0,0,0,0,0,0,0,0,0,0,0,0,0,0,0,0,0,4.232736326618966,0,0,0,0,0,0,0,0,0,0,0,0,0,0,0,0,0,0,0,0,0,0,0,0,0,0,0,0,0,0,0,0,0,0,0,0,0,0,0,0,0,0,0,0,0,0,0,0,0,0,0,0,0,0,0,0,0,0,0,-4.232736326618966,0,0,0,0,0,0,0,0,0,0,0,0,0,0,0,0,0,0,0,0,0,0,0,0,0,0,0,0,0,0,0,0,0,0,0,0,0,0,0,0,0,0,0,0,0,0,0,0,0,0,0,0,0,0,0,0,0,0,0,0,0,0,0,0
41741,-1.8560687248654748,-1.8060333370800299,-1.113046632540903,0,0,0,0,0,0,-3.58867465852093,-2.6592574452959936,0,0,0.2748042532862742,-2.365400526933539,0,0.5798998204477401,0,0,0,3.228239159764348,0,0,0.8682873289006512,-3.4656419772503737,0,0,0.35196448694548277,0,0,0,0,-1.8082981074469622,0,2.188698444263638,-0.5773564472198442,0,0,0,0,0,-1.7338224795968618,0,0,0,0,0.3360987053608646,-1.5959437390399778,0,-1.0254740586246545,0,-2.3686386712565444,0,-2.8297914647350586,0,1.073817262681927,0.4828578358071596,-1.9460480227385712,0,2.8016314815228984,-3.2666266985454295,-1.7024487893667573,0.9872323290175409,1.2105282268959874,-2.8244110513092524,-1.885719241979757,1.2879684676740997,-0.693375167694021,0,0,0,-2.5949638180907995,0,0,0,0,0,0,0,0,0,0,0,0,0,0,0,0,0,0,0,0,0,1.639700160948431,2.9829193282641597,0,0,-2.4806091508070653,0,0,-2.143843781855445,0,2.011240550475714,0,0,4.232283517773013,1.8290258737397336,0,0,0,0,0.5431955695793826,1.088852672620817,0,0,0,1.7224253250443775,0,0,0,0,1.8747835650537805,1.9488828345972085,0.3594435897896613,0,0,0,0,0,1.7432837641101262,-1.740566707058468,0.8885526348360981,0.33469573088722804,0,0,0,0,1.2771961007236117,2.5972258581960723,-0.4728618984375501,3.5175725213870344,0,0,0.1817924617239166,0,0,1.9040782102921021,0,2.195744525679194
32446,0,0,0,0,0,0,0,0,0,0,0,0,0,0,0,0,0,0,0,0,0,0,0,0,0,0,0,0,0,0,-4.746747208001534,0,0,0,0,0,-4.525495673109402,0,0,0,0,0,0,0,-3.7181778601807713,0,0,0,0,0,0,0,0,0,0,0,0,0,0,0,0,0,0,0,0,0,0,0,0,0,0,0,0,6.680512386390754,0,0,0,0,0,0,0,0,0,0,0,0,0,0,0,0,0,0,0,0,0,0,0,0,0,0,0,0,0,0,0,0,0,0,0,0,0,0,0,0,0,0,0,0,0,0,0,0,0,0,0,6.309908354900953,0,0,0,0,0,0,0,0,0,0,0,0,0,0,0,0,0,0,0,0,0,0,0
36074,0,0,0,0,0,0,0,0,0,0,0,0,0,0,0,0,0,0,0,0,0,0,0,0,0,0,0,0,0,0,0,0,0,0,0,0,0,0,0,0,0,0,0,0,0,0,0,0,0,0,0,0,0,0,0,0,0,0,0,0,0,0,0,0,0,0,0,0,0,0,0,0,0,0,0,0,0,0,0,0,0,0,0,0,0,0,0,0,0,0,0,0,0,0,0,0,0,0,0,0,0,0,0,0,0,0,0,0,0,0,0,0,0,0,4.8567986726470105,0,0,0,0,-2.643090635780755,0,0,0,0,-2.2137080368662563,0,0,0,0,0,0,0,0,0,0,0,0,0,0,0,0,0,0,0,0,0,0,0,0
35901,0,0,0,0,0,0,0,0,0,0,0,1.380820627930234,0,0,0,0,-1.2468511009127963,0,0,0,-0.2875265166757157,0,0,-0.7680734718507609,0,0,0,-1.6547617990133192,0,0,0,0,0,0,0,-0.905006075346531,0,0,0,0,0,0,0,0,0,0,-0.26239940224087466,0,0,-1.5178100687400984,0,0,0,0,0,0,0,0,0,-0.9163853549730745,0,0,-1.2950873093186157,0,0,0,-1.4344048214766731,-0.8967083467404278,0,-1.2762282148406388,-0.8245924552575836,0,0,0,0,0,0,0,0,0,0,0,0,0,0,0,0,0,0,0,-1.1191970328136431,0,0,0,-0.47687294213104625,0,0,0,0,0,0,0,0.022423321431297882,0.6189672073503081,0,0.981177707261879,0,0,0,0,0,0,-1.1301284516122005,0,3.8264229325882555,0,-1.3814086617374124,0,0,0,0,-0.8795255381008538,-1.103288615490103,0,7.482762747081714,8.512161256511078,0,0,0,0,0,0,-1.4894533392994562,0,0,0,0,0,-0.2901173976276441,0,-0.6683348367119235,0,0,0,0,0,-1.0005740472433686,0,0
44912,0,0,0,0,0,0,0,0,0,0,0,0,0,0,0,0,0,0,0,0,0,0,0,0,0,0,0,0,0,0,0,0,0,-1.9228199613005357,0,0,0,0.12031787800135518,0,0,0,0,0,0,0,0,0,0,0,0,0,0,-0.7522373925482322,0,0,0,-1.155672992006001,0,0,0,0,0,0,0,0,0,-0.5447684836358704,0,0,0,-0.04414451798759611,0,0,0,0,0,0,0,0,0,0,0,0,0,0,0,0,0,0,0,0,0,0,0,0,0,0,0,0,0,0,-1.671299429275643,0,0,0,0,0,0,0,0,0,0,0,0,0,0,0,0,0,0,0,0,0,0,0,5.970624898752524,0,0,0,0,0,0,0,0,0,0,0,0,0,0,0,0,0,0,0,0,0,0,0
40227,0,0,0,0,0,3.305355486210863,0,0,0,0,0,0,0,0,0,0,0,0,0,0,-1.5726053050931261,0,0,0,0,0,0,0,0,0,0,-1.3524485397979271,0,0,0,0,0,0,0,0,0,0,0,0,0,0,0,0,0,0,0,0,0,0,0,0,0,0,-3.624167782880895,-0.9729211266441729,0,0,0,0,0,0,0,0,0,0,0,0,0,0,0,0,0,0,0,0,0,0,0,0,0,0,0,0,0,0,0,0,0,0,0,-1.973300211154772,2.7929289966922655,0,0,0,0,0,0,0,0,-2.194531804416248,-1.6444054166592803,0,0,0,6.605066725722852,-1.0783314184225938,0,0,4.461343406373923,0,0,-2.680797082485464,0,0,0,-1.4536073321711056,0,0,0,6.858812158352021,0,0,0,0,0,0,0,-2.0508543408625775,0,0,0,-2.6523312173410405,0,0,0,0,0,0,0,-0.773205195422725,0,0,0
36681,0,0,0,0,0,0,0,0,-0.857100648300249,0,0,0,0.6030074402501766,-1.6901048713166058,0,0,-0.4499571851190183,-0.1903702549751305,-1.9744299891311203,-0.2379997971244423,1.147200171481015,0,0.28177857480663615,-0.16809707006351715,0,0,0,-0.5053712546814868,0,0,0,1.3320935487517538,0,0.7657942601455252,0.25437576468500733,0.6433501956918395,0,-0.29410086014358505,0,-0.008686118719465341,0,0,0,-0.589896855668052,0,0,1.0271428710575803,0,0,0.6191449192725038,0,0,-1.682907697573175,0,0,-0.3472200770374201,-0.2729305484926474,0,0,-1.1031676449985452,0,0,0.6877448309155136,-0.5048596585629932,0,0,0.8839898958961285,-0.16121078441167924,0.31809529007933524,-0.03938907761470478,1.4520308692522157,0,0,0,0,-0.5750843844377935,0,-0.8865898047553853,0.9364562158799741,-0.2365061102279018,0,0,0,0,0,-1.5667976163714026,0.4545542060147634,2.165959848221945,0,0,0.7047766778519726,-0.27920275685138396,0.3539949628182768,-0.0635297843456133,0.26509971151357004,-0.37770426503082266,0,0,-0.512818879397468,0,0,-1.8610596616693593,1.0632606354707566,0.5276611321882703,0,0.01918981528285002,0.47324525103925197,0,0,-0.37422636522288677,0,0.7076245321295138,0.672240506713317,1.3096886701703827,0,-0.9042176839671252,-0.7521984866082887,-0.22828450697013736,0,0,0.6392151386115446,-0.8889671467449252,-0.5995847907659169,-1.902330262709361,0,8.308454382448332,-0.4443615662492766,-1.277024558659011,0,-1.084819951653293,0,-0.11588690576318506,0.7173912037515171,-0.1341649742585549,0,-1.6071923771983565,0,0.0784062571960682,0.17758528977995258,0.10491977251574358,-0.7397440271133036,-1.6412784038511603,0.45993183860328823,-1.5144663201662083,0.6552970501502378,1.0617545510851754,-1.2092924658786584,1.0605225211653213,-0.0778443520866654
31920,0,0,0,0,0,0,0,0,0,0,0,0,0,0,0,0,0,0,0,0,0,0,0,0,0,0,0,0,0,0,0,0,0,0,0,0,0,0,0,0,0,0,0,0,0,0,-3.1635729235442405,0,0,0,0,0,0,0,0,0,0,0,0,0,0,0,0,0,0,0,0,0,0,0,0,0,0,0,0,0,0,0,0,0,0,0,0,0,0,0,0,0,0,0,0,0,0,0,0,0,0,0,0,0,0,0,0,0,0,0,0,0,0,0,0,-3.5071086978644144,0,0,0,0,0,0,0,0,0,0,0,0,0,6.670681621408654,0,0,0,0,0,0,0,0,0,0,0,0,0,0,0,0,0,0,0,0,0,0,0
35660,0,0,0,0,0,0,0,0,0,0,0,0,0,0,0,0,0,0,0,0,0,0,-2.1416999599543156,0,0,0,0,0,0,0,0,0,0,0,-1.2295952314061203,0,0,0,0,0,0,0,0,0,0,0,-1.6519715624771214,0,0,0,0,0,0,0,0,0,0,0,0,0,0,0,0,0,0,0,0,0,0,0,-1.75403552067116,0,0,0,0,0,0,0,0,0,0,0,0,0,0,0,0,0,0,0,0,0,0,0,0,-2.0316562968981047,5.1698191426220665,0,0,0,0,0,0,0,0,0,0,0,0,0,0.709152195190625,0,0,0,-0.67053915184708,0,0,0,0,0,-2.180063763973546,0,0,0,0,9.776122823652308,0,0,0,-2.0259887597823774,0,0,0,0,0,0,0,0,-1.9695439144551705,0,0,0,0,0,0,0,0,0,0
34169,0,0,0,0,0,0,0,0,0,0,0,0,0.34982473453247875,0.2905576407772381,0,0,0.9064130528919647,-0.9576353221897573,0,0.7506703243633921,0.30351270927973273,0,-0.9087199434231348,0.5966677764791464,0,0,0,-0.7442800284155866,0,0,0,-0.028770464184952438,0,-0.3740321998290268,0.5377131544113443,-0.08410783802010524,0,-0.20299470856565804,0,0.6206539759477874,0,0,0,0,0,0,0.17526718327951407,0,0,0.5885231468851493,0,0,-1.0412270379919932,0,0,0.10635613450886217,0,0,0,0.1475963728101286,0,0,-0.548510694287065,0.3001052294278148,0,0,-1.0893498569651534,-0.9122164289644124,0.676491586046621,-0.9968727978564638,1.0630707380803863,0,0,0,0,-1.112477908732897,0,-0.9180345221513453,1.0763010021387625,0.31763255825774905,0,0,0,0,0,-1.0091950423755134,-0.863714018982225,-0.3240227070525603,0,0,-0.5527549056858359,-0.8190733880983858,-0.5047074560721154,-0.7927739606788347,0.6716197976424465,0.06487353508642535,0,0,-0.8684765015756817,0,0,0,0.39811984221045194,-0.07598018920923089,0,0.028788245474202334,-0.7440845354010888,0,0,-0.7137078566275461,0,0.4945983163630414,0.25693432895908863,0.9178197499898562,0,0,0.49581912992144295,0,0,0,-0.6553490509558975,-0.3850769979469111,0.8826077852098746,-0.8454060669580659,0,8.354663226246915,0.533748970703793,-0.6714352005207638,0,-0.6452108579231752,0,-0.6080577426640441,-0.0503162070942027,-0.08296316252072122,0,-0.4849053894851938,0,0.17604589530131998,-0.7543959516972079,0.5635258063381348,1.3201895123860754,-0.6693500427262742,-0.11979240278766845,-0.5502555931743189,-0.1833600088927576,-0.5291699914261869,0.9743021118793647,-0.43715684042951874,-0.0810917532910227
32033,0,0,0,0,0,0,0,0,0,0,0,-2.1746527346618443,0,0,0,0,0,0,0,0,0,0,0,0,0,0,0,0,0,0,0,0,0,0,0,0,0,0,0,0,0,0,0,0,0,0,0,0,0,0,0,0,0,0,0,0,0,0,0,0,0,0,0,0,0,0,0,0,0,0,0,0,0,0,0,0,0,0,0,0,0,0,0,0,0,0,0,0,0,0,0,0,0,0,0,0,3.178355347756886,0,0,0,0,0,0,0,0,0,0,0,0,0,0,0,0,0,2.414609046004742,0,0,0,0,0,0,0,0,0,-3.418311659099781,0,0,0,0,0,0,0,0,0,0,0,0,0,0,0,0,0,0,0,0,0,0,0,0
30790,0,0,0,0,0,0,0,0,0,0,0,0.6450680400279794,0,0,0,0,0,0,0,0,0,0,0,0,0,0,0,0,0,0,0,0,0,0,0,0,0,0,0,0,0,0,0,0,0,0,0,0,0,0,0,0,0,0,0,0,0,0,0,0,0,0,0,0,0,0,0,0,0,0,0,0,0,0,0,0,0,0,0,0,0,0,0,0,0,0,0,0,0,0,0,0,0,0,-1.7638645222771023,0,0,0,0,0,0,0,0,0,0,0,0,0,0,0,-1.2191665968351506,0,0,0,0,0,0,0,0,0,0,0,0,0,0,7.135308062645013,-2.2885272964512624,0,0,0,0,0,0,0,0,0,0,0,0,0,0,0,0,0,0,0,0,0,-2.508817687109475
44258,0,0,0,0,0,0,0,0,0,0,0,0,0,0,0,0,0,0,0,0,0,0,0,0,0,0,0,0,0,0,0,0,0,0,0,0,0,0,0,0,0,0,0,0,0,0,0,0,0,0,0,0,0,0,0,0,0,0,0,0,0,0,0,0,0,0,0,0,0,0,0,0,0,0,0,0,0,0,0,0,0,0,0,0,0,0,0,0,0,0,0,0,0,0,0,0,0,0,0,0,0,0,0,0,0,0,0,0,0,0,-2.534138907110745,0,0,0,2.871446049275141,0,0,0,0,0,0,0,0,0,0,-0.33730714216439495,0,0,0,0,0,0,0,0,0,0,0,0,0,0,0,0,0,0,0,0,0,0,0
34335,0,0,0,0,0,0,0,0,0,0,0,0,0,0,0,0,0,0,0,0,0,0,0,0,0,0,0,0,0,0,0,-1.1355653704843882,0,0,-1.2398055906012209,0,0,0,0,0,0,0,0,0,0,-1.2976253281996648,0,0,0,0,0,0,0,0,0,0,0,0,0,0,0,0,0,0,0,0,0,0,0,0,-1.0801545376535442,0,0,0,0,0,0,0,0,0,0,0,0,0,0,0,0,0,0,0,0,0,0,0,0,0,0,0,0,0,0,0,0,0,0,0,0,0,0,0,0,0,-0.07340751562031045,0,0,0,0,0,0,0,0,0,0,0,0.21549091504448636,6.600511507291028,0,0,0,0,0,0,0,0,0,0,0,0,0,0,0,0,0,0,0,0,-1.075709632999251,-0.9137344467771333,0
30761,0,0,0,0,0,0,0,0,0,0,0,0,0,0,0,0,0,0,0,0,0,0,0,0,0,0,0,0,0,0,0,0,0,0,0,0,0,0,0,0,0,0,0,0,0,0,0,0,0,0,0,0,0,0,0,0,0,0,0,0,0,0,0,0,0,0,0,0,0,0,0,0,0,0,0,0,0,0,0,0,0,0,0,0,0,0,0,0,0,0,0,0,0,0,0,0,0,0,0,0,0,0,0,0,0,0,0,0,0,0,-1.5916274594811926,0,0,0,0,0,0,0,0,-4.785975868625726,0,0,0,0,0,6.377603328106918,0,0,0,0,0,0,0,0,0,0,0,0,0,0,0,0,0,0,0,0,0,0,0
34670,0,0,0,0,0,0,0,0,-1.5674593373014303,0,0,0,0,0,0,0,0,0,0,-1.379944120356777,0,0,0,0,0,0,0,0,0,0,0,0,0,0,-0.2544335959537869,0,0,-0.5305309076599469,0,0,0,0,0,0,0,0,0,0,0,0,0,0,0,0,0,0,0,0,0,0,0,0,-1.4433005946900193,0,0,0,0,0,0,-1.3732403196075218,-1.3131716706405832,0,0,0,0,0,0,0,0,0,0,0,0,0,0,0,0,-1.8130196211539003,0,0,0,0,0,0,0,0,6.348873350879975,0,0,0,0,-1.7209260139029474,0,-0.548993236695241,0,0,0,0,0,0,1.5634608551730245,0,-0.8855507961163456,0,0,0,0,0,0,0,0,-1.5850461406417669,0,0,0,11.187757220611863,-0.6796589131185282,0,0,0,0,0,0,0,0,0,0,0,0,0,-1.2053012796798628,0,0,0,0,0,-1.2975909990339827,-0.26058258460736505,-1.2413412955048542
33391,0,0,0,0,0,0,0,0,0,0,0,5.364706656186884,-1.0095499928392346,0,0,0,0.08311073111341472,0,0,-0.6818328075337914,-0.9056674728874472,0,0,-0.9486216453931617,0,0,0,0,0,0,0,-0.5607172561120755,0,0,-0.5679001581570664,-0.6543533156673864,0,1.5662592128569917,0,0,0,0,0,0,0,0,0,0,0,0,0,0,0,0,0,0,0,0,0,0.5329571869751093,0,0,0,0,0,0,0,-1.2329469718837767,-0.731861344597958,0,0.3115880966499498,0,0,0,0,0,0,0,0,-0.19277035658206287,0,0,0,0,0,0,-1.0288035007568372,-1.1490918468523375,0,0,-0.9956354044138966,-1.2932887269500832,-1.2636796755482638,-0.7120426119565444,1.315230766731887,0.4116143470420557,0,0,-1.0206643184702182,0,0,0,-0.882259503615229,0.8402524872341872,0,-0.599869047208291,-0.9419373209103172,0,0,0,1.8372810239055686,-1.2283589641368433,0.9873724104699373,0,0,0,0,0,0,0,0,-0.9867612905528107,-0.7413354789931139,0,0,9.001249886881109,1.373860328652475,0,0,-0.968745599606784,0,0,0,0,0,-1.1507413875720132,0,0,0,0,-3.978859070046248e-4,0,-0.8712421545344307,-0.23984680041806827,0,0,0,-0.06895443618752051,0.0043941415450019505
37993,0,0,0,0,0,1.6985909448848098,0,0,0,0,0,0,0,0,0,0,0,0,0,0,0,0,0,0,0,0,0,0,0,0,-2.8773959578284174,0,0,0,0,0,0,0,0,0,0,0,0,0,0,0,0,0,0,0,0,0,0,0,-3.9016695061810207,0,0,0,0,0,0,0,0,0,0,0,0,0,0,0,0,0,0,0,0,0,0,0,0,0,0,0,0,0,0,0,0,0,0,0,0,0,0,0,0,0,0.24515907588798136,0,0,0,0,0,0,0,0,0,0,0,0,0,7.060913181777295,0,0,0,-2.2255977385406505,0,0,0,0,0,0,0,0,0,0,0,0,0,0,0,0,0,0,0,0,0,0,0,0,0,0,0,0,0,0,0,0,0,0
33412,0,0,0,0,0,0,0,0,0,0,0,0,0,0,0,0,0,0,0,0,0,0,0,0,0,0,0,0,0,0,0,0,0,0,0,0,0,0,0,0,0,0,0,0,0,0,0,0,0,0,0,0,0,0,0,0,0,0,0,0,0,0,0,0,0,0,0,0,0,0,0,0,0,0,0,0,0,0,0,0,0,0,0,0,0,0,0,0,0,0,0,0,0,0,0,0,0,0,0,0,0,0,0,0,0,0,0,0,0,0,-4.427203524019603,0,0,0,0,0,0,0,0,0,0,0,0,0,0,4.4272035240196015,0,0,0,0,0,0,0,0,0,0,0,0,0,0,0,0,0,0,0,0,0,0,0
29612,0,0,0,0,0,0,0,0,1.7310691155318332,0,0,0,-1.3844063405911462,0.4752522607490026,0,0,-1.0790081598863885,-1.4014097103776244,0.2686149949090333,-0.6418409057488081,-1.6996214756203383,0,-0.31275205602343714,0.07019504774797758,0,0,0,0.6730730461206549,0,0,0,0,0,-1.0782324467932751,-1.083963771167232,0.6888152991504684,0,2.47519394716848,0,-1.230898068576813,0,0,0,-0.7578962193584613,0,0,1.175210269053181,0,0,-1.3575126936125206,0,0,1.0988267550107733,0,0,1.9597314874775864,1.214545653226089,0,0,1.0560053183506146,0,0,-1.0359988030415015,1.1520877570827603,0,0,-1.3222966271762884,-1.3363398972176679,0,0.057419990770588125,-0.14067291295269602,0,0,0,0,-1.269560126045211,0,2.0143167365567485,0.007701546082825139,0,0,0,0,0,8.220985662241421,0.6950204920030028,-0.558156051490394,1.0482441165590353,0,0,-1.058667921530271,-0.6651327008244872,-1.3764260073185213,-1.4943950578301788,-1.273030282488981,-1.208990363217214,0,0,-0.22804986993893417,0,0,2.3277639185033956,-0.05462388369797555,-1.0423254605085686,0,0,0,0,0,1.3353612684838825,0,-0.9535554804206705,0,0.058661258370361846,0,-0.08551968342351302,-1.52346014361492,-0.3954709159364094,0,0,0.24046863106506278,-1.624756015155162,0,0,0,0,0,0.7257176378386743,0,-0.40978232399337466,0,0.8171580359781614,-0.16486932186725545,-0.8500447336386316,0,-0.43958718939902,0,-1.527711910420889,-0.20734472315393981,1.4157344505921166,0,1.4970292756677668,-1.0877566095099915,0.8068394808254786,0.6516946389360743,-1.419784287487058,0.6322230530500224,-0.15169021287443618,0.34258021882714607
37404,0,0,0,0,0,0,0,0,0,0,0,0,0,0,0,0,0,0,0,0,0,0,0,0,0,0,0,0,0,0,0,0,0,0,0,0,0,0,0,0,0,0,0,0,0,0,0,0,0,0,0,0,0,0,0,0,0,0,0,0,0,0,0,0,0,0,0,0,0,0,0,0,0,0,0,0,0,0,0,0,0,0,0,0,0,0,0,0,0,0,0,0,0,0,0,0,0,0,0,0,0,0,0,0,0,0,0,0,0,0,-3.746952302185261,0,0,0,0,0,0,0,0,0,0,0,0,0,0,3.746952302185262,0,0,0,0,0,0,0,0,0,0,0,0,0,0,0,0,0,0,0,0,0,0,0
38198,0,0,0,0,0,1.5125670488919063,0,0,0,0,0,0,0,0,0,0,0,0,0,0,0,0,0,0,0,0,0,0,0,0,0,0,0,0,0,0,0,0,0,0,0,0,0,0,0,0,0,0,0,0,0,0,0,0,-6.396494228724396,0,0,0,0,0,0,0,0,0,0,0,0,0,0,0,0,0,0,0,0,0,0,0,0,0,0,0,0,0,0,0,0,0,0,0,0,0,0,0,0,0,0,0,0,0,0,0,0,0,0,0,0,0,0,0,4.883927179832492,0,0,0,0,0,0,0,0,0,0,0,0,0,0,0,0,0,0,0,0,0,0,0,0,0,0,0,0,0,0,0,0,0,0,0,0,0,0
36137,0,0,0,0,0,0,0,0,0,0,0,0,0,0,0,0,0,0,0,0,0,0,0,0,0,0,0,0,0,0,0,0,0,0,0,0,0,0,0,0,0,0,0,0,0,0,0,0,0,0,0,0,0,0,0,0,0,0,0,0,0,0,0,0,0,0,0,0,0,0,0,0,0,0,0,0,0,0,0,0,0,0,0,0,0,0,0,0,0,0,0,0,0,0,0,0,0,0,0,0,0,0,0,0,0,0,0,0,0,0,0,0,0,0,0,0,0,0,0,0,0,0,0,0,0,0,0,0,0,0,0,0,0,0,0,0,0,0,0,0,0,0,0,0,0,0,0,0,0
34453,0,0,0,0,0,-0.8910228790343622,0,0,0,0,0,0,0,0,0,0,0,0,0,0,0,0,0,0,0,0,0,0,0,0,0,0,0,0,0,0,0,0,0,0,0,0,0,0,0,0,0,0,0,0,0,0,0,0,0,0,0,0,0,0,0,0,0,0,0,0,0,0,0,0,0,0,0,0,0,0,0,0,0,0,0,0,0,0,0,0,0,0,0,0,0,0,0,0,0,0,-4.667839037059194,0,0,0,0,0,0,0,0,0,0,0,0,0,4.730180573186121,0,0,0,0,0,0,0,0,0,0,0,0,0,0,0.8286813429074362,0,0,0,0,0,0,0,0,0,0,0,0,0,0,0,0,0,0,0,0,0,0,0
33895,0,0,0,0,0,0,0,0,0,0,0,0,0,0,0,0,0,0,0,0,0,0,0,0,0,0,0,0,0,0,0,0,0,0,0,0,0,0,0,0,0,0,0,0,0,0,0,0,0,0,0,0,0,0,0,0,0,0,0,0,0,0,0,0,0,0,0,0,0,0,0,0,0,0,0,0,0,0,0,0,0,0,0,0,0,0,0,0,0,0,0,0,0,0,0,0,-1.765232997883258,0,0,0,0,0,0,0,0,0,0,0,0,0,0,0,0,0,0,0,0,0,0,0,0,0,0,0,0,1.765232997883258,0,0,0,0,0,0,0,0,0,0,0,0,0,0,0,0,0,0,0,0,0,0,0
33668,0,0,0,0,0,0,0,0,0,0,0,0,0,0,0,0,-0.7881334159891389,0,0,0,-0.4769578467037854,0,0,-0.5079121896811394,0,0,0,0,0,0,0,-0.1258169141303127,0,0,0,0,0,0,0,0,0,0,0,0,0,0,-0.4860470632861982,0,0,0,0,0,0,0,0,-0.7549218401454776,0,0,0,-0.1270048389390417,0,0,0,0,0,0,0,0,0.5065585139762119,0,-0.04202237948363807,0,0,0,0,0,0,0,0,0,0,0,0,0,0,0,0,0,0,0,-0.058603547658403254,-0.7965382482084524,0,0,1.4355536055154223,0.6516663587362475,0,0,-0.9515961533072645,0,0,0,-0.623540890110788,-0.8008794264940038,0,-0.34089145284390465,0,0,0,0,0,0,0,0,0,0,0,0,0,0,0,0.5535296835669259,-0.5673481665290239,0,8.256382480084334,0,0,0,0,0,0,0,-0.745731051296842,0,0,0,0,0,-0.8618805096989135,0,1.2218799865611825,-0.921829662615365,-0.7875812005657425,0,0,-0.4058441086410651,-0.6230084423005131,0,-0.8314812798113116
31779,0,0,0,0,0,0,0,0,0,0,0,0.8969211845404419,0,0,0,0,0,0,0,-0.07229706076229814,-0.1160752977714048,0,0,0,0,0,0,0,0,0,0,0,0,-0.4624235318155776,-0.21121844526734135,0,0,0,0,-0.5882117726340979,0,0,0,0,0,0,-0.5388091349469537,0,0,-0.6713143459420463,0,0,0,0,0,-0.7111733577299755,0,0,0,-0.245182358704076,0,0,-0.5099760863484226,-0.4609396986384877,0,0,0,0,-0.3981621897363925,0,0.16908014601958765,0,0,0,0,0,0,0,0,0,0,0,0,0,0,0,0,0,0,0,-0.6254900047757803,0,0,0,0,-0.039056876549253605,0,0,0,0,0,0,-0.6856776413230592,-0.16006290907457066,0,0.3968895382704871,0,0,0,-0.6460120378477225,0.24873547411070218,0,0.6845950281616378,-0.7213197491045609,0,0,-0.7758163296671361,0,0,0,-0.8046657102109513,-0.33216997939550685,0,0,0,9.517904831125739,0,0,0,0,0,0,-0.46525731904708545,0,0,0,0,0,-0.1263892098139463,0,0.44744060143911923,0,0,0,-0.8995684713907837,0,-0.7515561202059415,0,-0.3427411649643366
33698,0,0,0,0,0,0,0,0,0,0,0,0,0,0,0,0,-0.7125277196730941,0,0,-0.9417773543713146,-0.7715515401240736,0,0,-0.6667632705783992,0,0,0,0,0,0,0,-0.8733291762553677,0,0,-0.76073910112467,0,0,0,0,0,0,0,0,0,0,0,-0.406963466371427,0,0,-0.95453590573565,0,0,0,0,0,0,0,0,0,1.7046962624463085,0,0,0,-0.7620913366728108,0,0,0,0,-0.7786023359309469,0,0.26784091495952556,0,0,0,0,0,0,0,0,0,0,0,0,0,0,0,0,0,0,0,0,0,0,0,-0.6355600062503344,0.6436602526488611,0,0,0,0,0,0,-0.6284495214584438,-0.2558692043809452,0,0.23733553943609076,0,0,0,0,2.665003411229873,0,-0.3973125844192058,-0.414249445499586,0,0,0,0,0,2.4997160212488616,0,0.39201381085747533,-0.6959649473554546,0,0,8.255202117664757,-0.8822840492131672,0,0,-0.41124693138064883,0,-0.7623600884959489,-0.8378043892229847,0,0,0,0,-0.7504679784780839,0.0012022983506163598,-0.902569447446905,-0.3811493040662337,0,0,0,0,0,-0.18779689906147912,0,-0.8947046252751982
35654,0,0,0,0,0,-0.6931942956028561,0,0,0,0,0,0,0,0,0,0,-1.7542734338992947,0,0,0,0,0,0,0,0,0,0,0,0,0,0,0,0,0,0,0,0,0,0,0,0,0,0,0,0,0,0,0,0,0,0,0,0,0,0,0,0,0,0,-1.6134048268634986,0,0,0,0,0,0,0,-0.6218002375454388,0,0,0,0,0,0,0,0,0,0,0,-1.4616439437081477,0,0,0,0,0,0,-2.228369985578499,-2.311533246657732,0,0,-1.3221011536391702,-2.1134613334282317,0,0,0,0,5.696959197792292,0,0,0,0,0,0,0,0,0,0,0,0,0,4.2198534387765925,0,-1.6795957206192322,0,0,0,0,0,0,0,0,-0.4316769223816417,0,0,0,10.100514995751185,0,0,0,0,0,0,-0.08275522266503366,0,0,0,0,-2.1566885396663253,0,0,0,0,0,0,0,0,0,0,-1.5468287700649648
36480,0,0,0,0,0,7.041234824899127,0,0,0,0,0,0,0,0,0,0,-1.1308802830567943,0,0,0,0,0,0,0,0,0,0,0,0,0,0,0,0,0,0,0,0,0,0,0,0,0,0,0,0,0,0,0,0,0,0,0,0,0,-0.9003400394653052,0,0,0,0,0,0,0,0,0,0,0,0,0,0,0,-1.7055682403655346,0,0,0,0,0,0,0,0,-2.0453070670463176,0,0,0,0,0,0,-2.4773642428928264,-2.320537200569733,0,0,-1.9005047531810106,0,0,0,-2.0040962238579976,0,0,0,0,0,0,0,0,0,0,0,0,0,0,0,11.728286532048028,0,-1.8954715173556091,0,0,0,0,0,0,0,0,-2.668468129345642,0,0,0,6.636187530709663,0,0,0,0,0,0,-2.0577339576628626,0,0,0,0,-2.4493912484578644,0,0,0,0,0,0,0,0,0,0,-1.8500459843993209
32962,0,0,0,0,0,0,0,0,0,0,0,0,-0.6672555493646617,-0.8024222860194619,0,0,0.12415544562128433,0,0,-0.38674516472616816,0.016672797476073864,0,0,0.8588960314500702,0,0,0,-0.7076576227562676,0,0,0,-0.332273380403167,0,-0.39882774498391704,-1.0413858014926816,0,0,-0.5556017635725699,0,0,0,0,0,0,0,0,-0.7260819014096596,0,0,-0.46875401119255633,0,0,0,0,0,0,0,0,0,-0.16867872186729516,0,0,0,0,0,0,0,-0.8588951203162507,0.11505819099194303,-0.7485288512484374,0.7583861843456101,0,0,0,0,0,0,0,-0.9044537468521052,-0.6814478062217071,0,0,0,0,0,0,-0.8127572342788834,-0.8804139648593576,0,0,-0.71650246842212,-0.7534845753690065,0,-0.5905091500039203,0.2047538539135627,-0.310421942591423,0,0,0,0,0,0,-0.6252563139051963,0.3859526752314548,0,-0.0974348300023058,-0.7664489284235496,0,0,0.7273215540743232,0,-1.011613081381869,-0.0867528942536091,-0.33617064832411225,11.201460850126978,0,0,0,0,0.17908831266655412,0,-0.06054785167150367,-0.4931950273070318,0,3.400061576871536,2.3389005529846503,0.9490280282072905,0,0,-1.1961698065970023,0,0,-0.6971517983301485,-0.7354275889126471,0,0,0,0,-0.8966596005839671,0,0.9103452892862793,0,-0.7538739104044296,0,-0.761293143642662,-0.4110161933348837,0,0.06403691852730686,0.20799216325161218
28000,0,0,0,0,0,0,0,0,0,0,0,0,0,0,0,0,0,0,0,0,0,0,0,0,0,0,0,0,0,0,0,0,0,0,0,0,0,0,0,0,0,0,0,0,0,0,0,0,0,0,0,0,0,0,0,0,0,0,0,0,0,0,0,0,0,0,0,0,0,0,0,0,0,0,0,0,0,0,0,0,0,0,0,0,0,0,0,0,0,0,0,0,0,0,0,0,0,0,0,0,0,0,0,0,0,0,0,0,0,0,0,0,0,0,0,0,0,0,0,3.5896037282451765,0,0,0,0,0,-3.589603728245177,0,0,0,0,0,0,0,0,0,0,0,0,0,0,0,0,0,0,0,0,0,0,0
31921,0,0,0,0,0,0,0,0,0,0,0,0,0,0,0,0,-0.5738127239151058,0,0,0,0,0,0,-0.4207605853408629,0,0,0,-0.950267273028345,0,0,0,-0.1999728420278597,0,0,0,0,0,0,0,0,0,0,0,0,0,0,0,0,0,-0.5862778823151409,0,0,0,0,0,0,0,0,0,-0.3768151951339571,0,0,0,0,0,0,0,0,-0.37054113589967086,-0.7625747488162835,-0.3789741833664517,0,0,0,0,0,0,0,-0.7393490314264928,-0.20900235189115612,0,0,0,0,0,0,-0.8035970988174173,0,0,0,-0.18968634940523144,0,0,0,0,-0.33211297437693377,0,0,0,0,0,0,-0.8115737352072574,-0.6977050004675736,0,-0.46802857595855585,0,0,0,0,2.9941749882136652,0,0,0,0,0,-1.237793339303113,0,0,0,0,-0.8183278739888147,0,0,0,11.353044088275505,1.602674971230503,0,0,0,0,0,-0.526874407943065,-1.032904506894972,0,0,0,-0.892428620134996,0,0,-0.5625313212008538,0,0,0,-1.0239263302139832,0,0,0,-0.9840559606455743
36266,0,0,0,0,0,0,0,0,0,0,0,0,0,0,0,0,0,0,0,0,0,0,0,0,0,0,0,0,0,0,-4.684590042969371,0,0,0,0,0,4.975286044770506,0,0,0,0,0,0,0,0,0,0,0,0,0,0,0,0,0,0,0,0,0,0,0,0,0,0,0,0,0,0,0,0,0,0,0,0,-3.875574907892889,0,0,0,0,0,0,0,0,0,0,0,0,0,0,0,0,0,0,0,0,0,0,0,0,0,0,0,0,0,0,0,0,0,0,0,0,0,0,0,0,0,0,0,0,0,0,0,0,0,0,0,3.5848789060917543,0,0,0,0,0,0,0,0,0,0,0,0,0,0,0,0,0,0,0,0,0,0,0
25204,0,0,0,0,0,0,0,0,0,0,0,0,0,0,0,0,0,0,0,0,0,0,0,0,0,0,0,0,0,0,0,0,0,0,0,0,0,0,0,0,0,0,0,0,0,0,0,0,0,0,0,0,0,0,0,0,0,0,0,0,0,0,0,0,0,0,0,0,0,0,0,0,0,0,0,0,0,0,0,0,0,0,0,0,0,0,0,0,0,0,0,0,0,0,0,0,0,0,0,0,0,0,0,0,0,0,0,0,0,0,-4.668437146394371,0,0,0,0,0,0,0,0,3.824537437364955,0,0,0,0,0,0.843899709029416,0,0,0,0,0,0,0,0,0,0,0,0,0,0,0,0,0,0,0,0,0,0,0
30826,0,0,0,0,0,0,0,0,0,0,0,6.398612603025986,0,-1.8466813918867806,0,0,-0.21240912488843344,0,0,0,0,0,0,-1.4213987987877172,0,0,0,-2.0663285486472707,0,0,0,-1.3174923719225253,0,0,0,0,0,0,0,0,0,0,0,0,0,0,0,0,0,-1.7358300371260742,0,0,0,0,0,0,0,0,-1.8965991816394197,0,0,0,0,0,0,0,0,0,-1.646971529641596,0,-1.1045186676506455,0,0,0,0,0,0,-1.5627305598185837,-1.6031259429083473,-0.8526131652166109,0,0,0,0,0,0,-1.9367272523424104,0,0,0,0,0,0,0,0,0,0,0,0,0,0,0,0,0,0,0,0,0,0,0,4.955334141890488,0,0,-1.3377484588712774,0,0,0,0,0,0,0,0,0,0,0,11.510588803671496,-0.8728405447969458,0,0,0,0,0,0,0,0,0,0,0,0,0,0,0,0,0,0,0,0,0,-1.4505199724433266
26171,0,-6.4207480152481455,0,0,0,0,0,0,0.8713142683760591,0,-5.817251227592845,0,-0.05477081297670772,1.375558749569457,0,0,-0.30485518801436484,-0.03755260796566695,0.2566249363944202,0.6805926569876615,0.7672601893320916,0,0.39453973019976196,1.5341616670490552,0,0,0,1.2792049477958933,0,0,0,-0.835288921127745,0,0.4811572871818868,-0.8236199388167886,0.36352996932043347,0,2.009126751924976,0,-0.9162426127433525,0,0,0,-0.7924044760170457,0,0,1.0151673851384935,0,0,-0.5544759290380981,0,0,-0.7126914197611516,0,0,1.5219216053987452,1.34249397407563,0,0,1.613786013058915,0,0,-0.45986660053768347,2.261313323412354,-6.12575056161573,0,0.8149183016920638,-0.835105383224553,-1.3979633509848872,0.3058212852658926,-0.5592771710864941,-6.221000859652422,0,0,0,-0.04661198072367512,0,1.7116406839411482,0.49043750538903197,-1.2744290663274942,0,0,0,0,0,1.2846548600998542,0.3564273053685696,0.9825240964530408,0,0,0.12441825503112902,-0.7567573521406743,-0.822252526617838,-0.6994555904077107,0.9716346730525967,0.8903035651331148,0,-6.62912955709372,-0.12261809193480566,0,0,1.9399164377278595,0.794402692959709,-1.221113756397445,0,0.5121184149620515,-1.5413335366276737,0,0,1.2066034030194874,0,-0.27355892502612633,0.9088123518328572,2.4216099202460324,0,1.2447933815197345,-0.9594331027134126,0.4747420725710967,0,0,0.5045625671300744,-0.3835766719414391,0.45720386851341743,-0.047760485519591,0,0,0.8035557033543999,0.9144325442358845,0,0.6267753291429816,0,0.4025992683618078,1.4593019734531705,1.4964976985749399,0,1.0687180397289477,0,0.4491900211729529,0.42001127220831513,1.4990096203503729,0.3204504589864765,1.106086801310493,-0.29803607758030637,0.47562873754907997,-0.04209783145357093,-0.27788832213397185,0.4328562302083938,-0.755944502732703,1.3804496580130223
29614,0,0,0,0,0,0,0,0,-0.9024081303519682,0,0,0,0,-1.2436935952813828,0,0,0,0,0,0,0,0,0,0,0,0,0,0,0,0,0,0,0,0,0,0,0,0.2631866759791097,0,0,0,0,0,0,0,0,-1.0042025357309141,0,0,0,0,0,-1.1371228203294166,0,0,0,0,0,0,0.2584764642067614,0,0,0,0,0,0,0,0,0,0,0,0,0,0,0,0,0,0.3218869229205801,0,0,0,0,0,0,8.120456350393503,0,0,-0.643920521142602,0,0,0,0,0,0,0,0,0,0,0,0,0,-0.3946509251691226,0,0,0,0,0,0,0,0,0,0,0,-1.0343472246661864,0,0,0,0,0,0,0,0,0,0,0,0,0,0,0,0,0,0,0,0,0,0,0,0,0,-0.7480212769690593,0,-1.2382506540629197,0,-0.6173887297963869,0,0,0,0,0
29648,0,0,0,0,0,0,0,0,0.2401696643072988,0,0,0,-0.7172897099653031,0.9153374244289942,0,0,-0.2943838437859636,0,-1.0908938485841189,-0.8760223037694894,0,0,0.07826728322441046,0.4333843703585094,0,0,0,-0.01637952420542277,0,0,0,0,0,-0.3618225290457451,-0.03375226645296525,-0.004839693616736973,0,1.0829377856236775,0,-1.3457027482372386,0,0,0,-1.6202937290454105,0,0,0.5594635479165202,0,0,-1.4974770161404072,0,0,0.644476319852834,0,0,1.0805928688215989,0.4106630803175504,0,0,2.3562594150629472,0,0,-0.2711372757470061,0.05806600097827985,0,0,-1.2860515533078667,0.19057922528577986,-1.4295526251078958,-1.4951387991674752,-0.11822357867464639,0,0,0,0,-1.9514280037877612,0,2.540384879129925,-0.10718931611387461,0,0,0,0,0,8.321918775373419,-0.4437813398974009,-1.3548674263303822,1.9767920121922469,0,0,-0.08085474645047608,-1.3553035173898658,0,0,0,-0.9535087897283758,0,0,-0.08244399484382736,0,0,1.649584157815248,0.32054692530857487,1.204862525400963,0,0,0,0,0,1.498914400467215,0,-1.2182904891474067,-1.1765922462858316,0.7484973958895802,0,-0.7712092581811527,-1.6998824705772249,-0.7883616034122434,0,0,0.42459811443160245,-0.9193800137859665,-0.5807353203385066,0,0,0,-0.6309001774867258,-0.10672721306343558,0,1.0282497266548143,0,0.646286017934294,-0.43784643111988153,0.33419429624634844,0,0.428633915721055,0,-0.5726557854675476,-1.224301180424189,0.8222435744921714,0.2711209382440103,0.9523324362737213,-1.3249185065245124,0.049305556861146016,-0.5635244323043671,-0.6726656716445514,0.8842069493858986,-0.498560494680516,-0.17798011016089266
38996,0,0,0,0,0,0,0,0,0,0,0,0,0,0,0,0,0,0,0,0,0,0,0,0,5.262475005889337,0,0,0,0,0,0,0,0,0,0,0,0,0,0,0,0,0,0,0,0,0,0,0,0,0,0,0,0,0,0,0,0,0,0,0,0,0,0,0,0,0,0,0,0,0,0,0,0,0,0,0,0,0,0,0,0,0,0,0,-0.4976189195913845,0,0,0,0,-4.182067277267453,0,0,0,0,0,0,0,0,0,0,0,0,0,0,0,0,0,0,0,0,0,0,0,-1.7237271979478068,1.140938388917304,0,0,0,0,0,0,0,0,0,0,0,0,0,0,0,0,0,0,0,0,0,0,0,0,0,0,0,0,0,0,0,0,0,0
40254,0,0,0,0,0,0,0,0,0,0,0,0,0,0,0,0,0,0,0,0,0,0,0,0,0,0,0,0,0,0,0,0,0,0,0,0,0,0,0,0,0,0,0,0,0,0,0,0,0,0,0,0,0,0,0,0,0,0,0,0,0,0,0,0,0,0,0,0,0,0,0,0,0,0,0,0,0,0,0,0,0,0,0,0,0,0,0,0,0,0,0,0,0,0,0,0,0,0,0,0,0,0,0,0,0,0,0,0,0,0,0,0,0,0,3.3636975469135297,0,0,0,0,0,0,0,0,0,-3.363697546913529,0,0,0,0,0,0,0,0,0,0,0,0,0,0,0,0,0,0,0,0,0,0,0,0
34656,-0.7304039141580136,-0.711563737465287,0,0,0,0,0,0,-0.6853504990739134,0,0.35178604231605703,0,0,0,-0.08646459188162137,0,0,-0.6553355923995894,-0.3896799910800617,-0.5834779700824186,0,0,0,0,0,0,0,-0.66033764222637,0,0,0,-0.06464306997630809,0,-0.375101616664705,-0.2544917280368062,0,0,0.15287020521597006,0,-0.6004494708732535,0,0.07480011264960451,0,0,0,0,-0.0674945709378898,-0.6790703008773744,0,0,0,-0.8547920203967818,0.1764596982114437,0,0,-0.34190264515079605,0.7829604234714083,0,0,0,0,1.2222849338193664,-0.0634607015405213,-0.8213322857214398,0,0,-0.23164527408919877,0.06257550513808496,-0.7867458647767389,-0.5412492791322476,0,0.3516141578364409,0,0,0,-0.435201043862377,0,0,0,0,0,0,0,0,0,-0.7459552794970339,0,0,0,0,0,-0.7775098707817771,-0.06807404173627551,0,0,0,5.836725569660036,0,0,0,-0.08680760017759415,-0.4262113263894465,-0.593822751591091,0,0,0,0,0,0,-0.6305442353122861,0,-0.7556535654191063,-0.612312413910324,0.5517632191774293,0,0,-0.29068324609821206,0,0,0,0.058580676946027754,0.8875153476651398,0,0,0,10.373998432004946,0,-0.37844854302215714,0,0,-0.7972033597651387,0,0,-0.6908997278008395,0,-0.676344283351924,0,0,-0.16694488894919912,0,0,-0.34590854924353387,-0.6680629425423792,0,-0.6897659487224046,0,-0.2777680180471771,-0.58481992135034,0
34134,0,0,0,0,0,0,0,0,0,0,0,0,0,0,0,0,0,0,0,0,0,0,0,0,0,0,0,0,0,0,0,0,0,0,0,0,0,0,0,0,0,0,0,0,0,0,0,0,0,0,0,0,0,0,0,0,0,0,0,0,0,0,0,0,0,0,-2.596150455872516,0,0,0,0,0,0,0,0,0,0,0,0,0,0,0,0,0,0,0,0,0,0,0,0,0,0,0,0,-2.897491628480397,0.4465382468975321,0,0,0,0,0,0,0,0,0,0,0,0,0,-2.4152251729103216,0,0,0,0,0,0,0,0,0,0,0,0,0,0,7.462329010365701,0,0,0,0,0,0,0,0,0,0,0,0,0,0,0,0,0,0,0,0,0,0,0
30291,0,0,0,0,0,0,0,0,0,0,0,-2.831238449131031,0,0,0,0,0,0,0,0,0,0,0,0,0,0,0,0,0,0,0,0,0,0,0,0,0,0,0,0,0,0,0,0,0,0,0,0,0,0,0,0,0,0,0,0,0,0,0,0,0,0,0,0,0,0,0,0,0,0,0,0,0,0,0,0,0,0,0,0,0,0,0,0,0,0,0,0,0,0,0,0,0,0,0,0,0,0,0,0,0,0,0,0,0,0,0,0,0,0,0,0,0,0,-3.1756896421340106,0,0,0,0,2.4857703902530996,0,0,0,0,0,3.5211577010119424,0,0,0,0,0,0,0,0,0,0,0,0,0,0,0,0,0,0,0,0,0,0,0
34732,0,0,0,0,0,-3.823385863094546,0,0,0,0,0,0,0,0,0,0,0,0,0,0,0,0,0,0,0,0,0,0,0,0,0,0,0,0,0,0,0,0,0,0,0,0,0,0,0,0,0,0,0,0,0,0,0,0,0,0,0,0,0,0,0,0,0,0,0,0,0,0,0,0,0,0,0,0,0,0,0,0,0,0,0,0,0,0,0,0,0,0,0,0,0,0,0,0,0,0,0,0,0,0,0,0,0,0,0,0,0,0,0,0,5.1737023066034675,0,0,0,0,0,0,0,0,0,0,0,0,0,0,-1.3503164435089223,0,0,0,0,0,0,0,0,0,0,0,0,0,0,0,0,0,0,0,0,0,0,0
39601,0,0,0,0,0,0,0,0,0,0,0,0,0,0,0,0,0,0,0,0,0,0,0,0,0,0,0,0,0,0,0,0,0,0,0,0,0,0,0,0,0,0,0,0,0,0,0,0,0,0,0,0,0,0,0,0,0,0,0,0,0,0,0,0,0,0,0,0,0,0,0,0,0,0,0,0,0,0,0,0,0,0,0,0,0,0,0,0,0,0,0,0,0,0,0,0,-0.6665637690257054,0,0,0,0,0,0,0,0,0,0,0,0,0,0,0,0,0,4.873471812274309,0,0,0,0,0,0,0,-3.632292415240901,0,-0.9630073771630716,0.3883917491553657,0,0,0,0,0,0,0,0,0,0,0,0,0,0,0,0,0,0,0,0,0,0,0
35451,0,0,0,0,0,0,0,0,0,0,0,0,0,0,0,0,0,0,0,-0.3925936315299312,-0.9332635241612492,0,-0.8523478993359923,-0.1616021761547901,0,0,0,0,0,0,0,0,0,0,-0.4024651199650484,0,0,-0.3938053998300508,0,0,0,0,0,-0.8867661661171571,0,0,-0.2462770913632939,0,0,-0.41197351681980177,0,0,0,0,0,0,0,0,0,-0.7921999483894506,0,0,-1.0195109280778136,-0.9740445178088946,0,0,0,0,0.37012941849239134,0,-0.6411510539283287,0,0,0,0,0,0,0,0,0,0,0,0,0,0,0,-0.8065322323540864,0,0,0,0.11029979823961522,-1.08951137046556,0,0,1.3206287539071013,0.5539756394012136,0,0,0,0,0,0,0,-0.15306390351173604,0,-0.24554336274751698,-0.7268491734221572,0,0,0,0,-1.034300881200397,0,0,0,0,-0.885351039684072,0,0,0,-0.8391461282217714,-0.14037373840664547,0.5005442204556383,0,0,9.872785789522283,1.3845620243441852,-1.100724344004985,0,0.11074260307756445,0,-0.19675599181958914,-0.42101079941546304,0,0,0,0,0,0,0,1.9210120359549654,0,0,0,0.019707397510435154,-0.5373997286777628,-0.7006663847578771,-0.5761174212314368,1.3969597924974693
36138,0,0,0,0,0,0,0,0,0,0,0,0,0,0,0,0,0,0,0,0,0,0,0,0,0,0,0,0,0,0,0,0,0,0,0,0,0,0,0,0,0,0,0,0,0,0,0,0,0,0,0,0,0,0,0,0,0,0,0,0,0,0,0,0,0,0,0,0,0,0,0,0,0,0,0,0,0,0,0,0,0,0,0,0,0,0,0,0,0,0,0,0,0,0,0,0,0,0,0,0,0,0,0,0,0,0,0,0,0,0,0,0,0,0,0,0,0,0,0,0,0,0,0,0,0,0,0,0,0,0,0,0,0,0,0,0,0,0,0,0,0,0,0,0,0,0,0,0,0
36970,0,0,0,0,0,0,0,0,0,0,0,0,0,-0.46010593219348195,0,0,0.3306927931682804,-0.7647204976767785,0,-0.2618969824110504,-0.606658248987956,0,-0.39215533268119573,0,0,0,0,-0.2975913850524363,0,0,0,-0.4111234012312326,0,-0.0977165783536238,0.01934257447547072,0,0,0,0,-0.590848649171257,0,0,0,-0.6837453120889063,0,0,-0.19126936829009278,0,0,0.20342693972347003,0,0,0,0,0,-0.6645736256272299,0,0,0,1.8255420821793371,0,0,0,0,0,0,-0.6157571763098741,0,0,-0.13489575846606217,0.9527901298892902,0,0,0,0,0,0,-0.43991166065924725,-0.3752684641140993,-0.7408554838339101,0,0,0,0,0,-0.6931925639020298,0,0,0,0,0.28586880434809636,0,0,0,0.8910498315923054,-0.8365896990198212,0,0,0,0,0,0,1.0544290918143076,0,0,0,-0.25776487779438817,0,0,-0.6092671359013164,0,-0.7040936186789666,0.11840944527739339,0,0,0,0,0,0,0,0,0.64971730807977,0,0,8.23625074481469,0,0,0,0,-0.1898118366035626,0,0.29187671215557254,0.15293173021041184,0,0,-0.649910667187362,0,-1.0033005245775781,0,-0.5519440615828337,0.3490430809558678,0,0.277632803449515,0,-0.9398927589958652,-0.4363287477514559,-0.8350379848792215,-0.20277573811094118,0
37932,0,0,0,0,0,0,0,0,0,0,0,0,0,0,0,0,0,0,0,0,0,0,0,0,0,0,0,0,0,0,0,0,0,0,0,0,0,0,0,0,0,0,0,0,0,0,0,0,0,0,0,0,0,0,0,0,0,0,0,0,0,0,0,0,0,0,0,0,0,0,0,0,0,0,0,0,0,0,0,0,0,0,0,0,0,0,0,0,0,0,0,0,0,0,0,0,0,0,0,0,0,0,0,0,0,0,0,0,0,0,0,0,0,0,2.7747204679660786,0,0,0,0,0,0,0,0,0,-1.255049713720327,-1.5196707542457517,0,0,0,0,0,0,0,0,0,0,0,0,0,0,0,0,0,0,0,0,0,0,0
36990,0,0,0,0,0,0,0,0,0,0,0,0,0,0,0,0,0,0,0,0,0,0,0,0,0,0,0,0,0,0,0,0,0,0,0,0,0,0,0,0,0,0,0,0,0,0,0,0,0,0,0,0,0,0,0,0,0,0,0,0,0,0,0,0,0,0,0,0,0,0,0,0,0,0,0,0,0,0,0,0,0,0,0,0,0,0,0,0,0,0,0,0,0,0,0,0,0,0,0,0,0,0,0,0,0,0,0,0,0,0,0,0,0,0,3.409881390095066,0,0,0,0,0,0,0,0,0,-1.4813647626610216,-1.9285166274340462,0,0,0,0,0,0,0,0,0,0,0,0,0,0,0,0,0,0,0,0,0,0,0
36623,0,0,0,0,0,0,0,0,0,0,0,0,0,0,0,0,0,0,0,0,0,0,0,0,0,0,0,0,0,0,0,0,0,0,0,0,0,0,0,0,0,0,0,0,0,0,0,0,0,0,0,0,0,0,0,0,0,0,0,0,0,0,0,0,0,0,0,0,0,0,0,0,0,0,0,0,0,0,0,0,0,0,0,0,0,0,0,0,0,0,0,0,0,0,0,0,0,0,0,0,0,0,0,0,0,0,0,0,0,0,0,0,0,0,0,0,0,0,0,0,0,0,0,0,0,0,0,0,0,0,0,0,0,0,0,0,0,0,0,0,0,0,0,0,0,0,0,0,0
36325,0,0,0,0,0,0,0,0,-1.3857385474919424,0,0,3.847620511723305,-1.0101245867059778,0.1333168004889944,0,0,1.2443972839506636,0,0,0.3013200427464775,0.051764064805374765,0,-1.3031679746275153,0.744678361826121,0,0,0,-0.8929673701148153,0,0,0,0.3350981397439772,0,-1.1012207870771111,-0.2298288447574648,0.6071599075708431,0,-0.9981042700219955,0,-1.210138487067896,0,0,0,0,0,0,1.0003403042922172,0,0,-0.32701501065766214,0,0,-1.408978658692046,0,0,-0.6461710809754031,-0.08639586848993286,0,0,1.9433367379626163,0,0,-0.38195530670110456,-1.0303113774451496,0,0,-0.5834573803716054,-0.13386192345992187,-0.434896531500347,-0.8537386558959894,0.3607477664584011,0,0,0,0,-1.4393616724742464,0,-1.3955719651112606,-0.765792862363611,-0.8271853329486674,0,0,0,0,0,0,-1.042893026120841,-0.608790253921411,0,0,0.7711389518892502,-0.8376436082841177,-1.0416990004759272,-0.8473626336746198,0.9933675745698962,2.041474586309478,0,0,-0.22612325553123647,0,0,-0.42067259620268427,1.2112506621684473,0.2254862386441836,0,2.065199204324299,-0.9012608231115222,0,0,0.3530041812918365,0,-0.6843906752775615,-0.4961671905251297,-0.4168996971691934,0,0,-0.22700337629500922,0,0,0,-0.14597856699777445,1.2534609665988756,0.18294249109168437,-1.3843222495114107,0,7.957420695389549,-0.5574486662954561,-0.008787678474941885,0,0.6866254203420357,0,0.05480292883406923,0.6691872222718342,0.046233881586626335,0,0.7588445787415199,0,0.06043232413635957,-0.5664310589948727,-0.22252639128265272,1.311152374280439,-1.0966160798357985,-0.7266042058795925,-1.2696629554061323,-0.10742525691367355,1.0877689086854443,-0.250181558738205,-0.16510176935052856,0.398403956497154
33896,0,0,0,0,0,0,0,0,0,0,0,0,0,0,0,0,0,0,0,0,0,0,0,0,0,0,0,0,0,0,0,0,0,0,0,0,0,0,0,0,0,0,0,0,0,0,0,0,0,0,0,0,0,0,0,0,0,0,0,0,0,0,0,0,0,0,0,0,0,0,0,0,0,0,0,0,0,0,0,0,0,0,0,0,0,0,0,0,0,0,0,0,0,0,0,0,3.4275401584540504,0,0,0,0,0,0,0,0,0,0,0,0,0,-5.0319508977788505,0,0,0,0,0,0,0,0,0,0,0,0,0,0,6.865718743367404,0,0,0,0,0,0,0,0,0,0,0,0,0,0,-5.261308004042605,0,0,0,0,0,0,0,0
30095,0,0,0,0,0,0,0,0,0,0,0,0,-0.2845613261399955,-0.2162515703268144,0,0,-0.36875517896254983,-0.8277456128001357,0,0,-0.48714805909568604,0,-0.4663463914941559,0,0,0,0,0,0,0,0,0.9868926379807501,0,0,0,-0.7741246877650543,0,0.09064369988414045,0,0.09771275447849126,0,0,0,0,0,0,0,0,0,0,0,0,-0.5893362414536547,0,0,0,0,0,0,0.16220144560998984,0,0,-0.43380293616583776,-0.6962858926998452,0,0,-0.882315580908374,0,-0.4279201314907559,0,0,0,0,0,0,-1.0019400840945392,0,-0.18310557903580893,-0.7400240538674003,-0.29641205798919357,0,0,0,0,0,0,-0.4698243651144538,0,0,0,0,-0.6543036030858747,-0.6620492033538112,0.7394293103034331,0,-0.5441571787542969,0,0,-0.8375637466721249,0,0,0,0,0.017927766254519195,0,0,0,0,0,0,2.696757225330864,-0.85007613980958,0,0.2347392021531367,0,0,-0.45798334948268904,-0.9862781796172588,0,0,-0.7016330924673504,0.5878342152284248,0,0.7392008483100083,0,10.997331844933708,0.20336659972821902,-0.6079257014174986,0,0,0,-0.2854859317593288,0,-0.5419149430150694,0,-0.7620994399636172,0,0,0,-0.5754908908443013,0,-0.767007577731234,-0.09169821292445812,0,-0.5798661863353685,0,1.4741593525225172,0,0.02323622391992508
32529,0,0,0,0,0,0,0,0,0,0,0,0,-1.5404841496749198,0,0,0,0,0,0,0,0,0,0,0,0,0,0,0,0,0,0,0,0,0,0,0,0,0,0,0,0,0,0,0,0,0,0,0,0,0,0,0,0,0,0,0,0,0,0,0,0,0,0,0,0,0,0,0,0,0,-3.6207429358424554,0,0,0,0,0,0,0,0,0,0,0,0,0,0,0,0,0,0,0,0,0,0,0,0,0,0,0,0,0,0,0,0,0,0,0,0,0,0,0,0,0,0,0,9.128705402735001,0,0,0,0,0,0,0,0,0,3.2375829529964157,0,0,0,0,0,0,0,0,0,0,0,0,0,0,0,0,0,0,0,0,-3.7751039885630635,0,-3.4299572816509776,0
35777,0,0,0,0,0,0.7701402895146297,0,0,0,0,0,0,0,0,0,0,0,0,0,0,0,0,0,0,0,0,0,0,0,0,0,0,0,0,0,0,0,0,0,0,0,0,0,0,0,0,0,0,0,0,0,0,0,0,0,0,0,0,0,0,0,0,0,0,0,0,0,0,0,0,0,0,0,0,0,0,0,0,0,0,0,0,0,0,0,0,0,0,0,0,0,0,0,0,0,0,0,0,0,0,0,0,0,0,0,0,0,0,0,0,4.1591283256972025,0,0,0,0,0,0,0,0,0,0,0,0,0,0,0,0,0,0,0,0,0,0,0,0,0,0,0,0,0,-4.929268615211833,0,0,0,0,0,0,0,0
36342,0,0,0,0,0,0,0,0,0,0,0,7.75237143504374,0,0,0,0,-0.8935267600626418,0,0,0,0,0,0,0.8120882334600323,0,0,0,0,0,0,0,-0.5430459553279428,0,0,-0.7208539088958554,-0.9065424918998222,0,0,0,0,0,0,0,0,0,0,-0.8336164998155637,0,0,-0.320484161241529,0,0,0,0,0,0,0,0,0,0.4687446289672983,0,0,0,0,0,0,0,0,-0.6690750458089454,0,-0.7744905203680506,0,0,0,0,0,0,0,0,-1.1856009357236048,0,0,0,0,0,0,-0.9242220057197801,0,0,0,0,0,0,-0.848876476512177,-0.6713186853929285,0,0,0,-1.373929871144571,0,0,0,-0.806847474308444,0.3193044559144864,0,0.4180816135730341,0,0,0,-1.0030641673555656,0.5076722391477713,0,-0.7050769882121424,0,0,0,-0.9874157591007671,-0.9808733809739665,0,0,0,-1.0075656777683464,-0.8657254268883801,0,0.24163223569899772,10.634871039532166,0.13493012191078968,0,0,-0.9683090015723219,0,0,-1.0601106070533715,0,0,0,0,0,0,0,0.2456691208298909,0,-1.5138849437943933,0,0,-0.4131327857371807,0,0,-0.5577755933999162
33640,0,0,0,0,0,0,0,0,-2.233353859385261,0,0,0,-0.0839394833131415,0.09183546863908365,0,0,-0.17954706883771987,-1.2408285881582262,0,0.48851144757122356,0.510646885733272,0,0.7596270426074838,-0.05552925289827115,0,0,0,-0.651585276533249,0,0,0,1.1184703546863277,0,-0.342555123253832,0.1046949528933272,-0.08665594528482323,0,0.11184100787911788,0,-0.25069264321722073,0,0,0,-0.803890036539622,0,0,0.4448622003449403,0,0,0.9028397671081025,0,0,-1.4509392870539743,0,0,0.24993530183858237,-0.5980350410770163,0,0,1.1957354703313374,0,0,-0.5374786597224408,0.3159778047995765,0,0,-0.08820971202616601,0.34535337951969236,0.1842019845818097,-0.7965709711796967,1.5591014385957926,0,0,0,0,-0.8335812453752589,0,-0.009741832662014005,-0.9002129196477835,-0.8676326553193876,0,0,0,0,0,-2.05585511548829,0.3524855325049714,-0.22323579873197996,0,0,-0.022295415394997242,-0.6438270946588851,-2.073985221964184,-0.5479603783202753,-0.24101390383603594,0.8077500699189777,0,0,0.30115878172616384,0,0,-0.2431385422906729,0.4591414290223996,1.2539618110920951,0,1.480978292348909,0.3476469540061151,0,0,-0.47300270225381347,-2.2104895279189014,-0.3886872921560913,1.5675327851215304,0.9811719572726227,0.4982968360074427,-0.3492144440192222,-0.7059408817428467,-0.9914307764730532,0,-1.664308300053439,-0.08251842242536345,0.0542401592611963,0.026010392695393847,-0.667662813191225,11.53855685034001,0,0.39487786719520734,-0.5233571442775777,0,0.21034980604302778,0,-0.999502284178579,-0.1675566790800156,-0.6313721704052377,0,-0.1111213780038014,0,-0.6545082957282031,-0.09504146109813316,-0.34673651032001196,1.268699920974215,0.17797158723174622,0.036852385447534886,-0.9781474582356475,-0.8183535589133903,0.40087438965780553,-0.29799484652072117,-0.3635574423241117,1.0406031464927787
38287,0,0,0,0,0,0,0,0,0,0,0,0,0,0,0,0,0,0,0,0,0,0,0,0,0,0,0,0,0,0,0,0,0,0,0,0,0,0,0,0,0,0,0,0,0,0,0,0,0,0,0,0,0,0,0,0,0,0,0,0,0,0,0,0,0,0,0,0,0,0,0,0,0,0,0,0,0,0,0,0,0,0,0,0,0,0,0,0,0,0,0,0,0,0,0,0,0,0,0,0,0,0,0,0,0,0,0,0,0,0,0.7615477235472365,0,0,0,0,0,0,0,0,0,0,0,0,0,0.2995735176748884,-1.061121241222125,0,0,0,0,0,0,0,0,0,0,0,0,0,0,0,0,0,0,0,0,0,0,0
36687,0,0,0,0,0,0,0,0,0,0,0,0,0,0,0,0,0,0,0,0,0,0,0,0,0,0,0,0,0,0,0,0,0,0,0,0,0,0,0,0,0,0,0,0,0,0,0,0,0,0,0,0,0,0,0,0,0,0,0,0,0,0,0,0,0,0,0,0,0,0,0,0,0,0,0,0,0,0,0,0,0,0,0,0,0,0,0,0,0,0,0,0,0,0,0,0,0,0,0,0,0,0,0,0,0,0,0,0,0,0,0,0,0,0,0,0,0,0,0,0,0,0,0,0,0,0,0,0,0,0,0,0,0,0,0,0,0,0,0,0,0,0,0,0,0,0,0,0,0
32185,0,0,0,0,0,0,0,0,0,0,0,0,0,0,0,0,0,0,0,0,0,0,0,0,0,0,0,0,0,0,0,0,0,0,0,0,0,0,0,0,0,0,0,0,0,4.886842730465533,0,0,0,0,0,0,0,0,0,0,0,0,0,0,0,0,0,0,0,0,0,0,0,0,0,0,0,0,0,0,0,0,0,0,0,0,0,0,0,0,0,0,0,0,0,0,-4.42490772472549,0,0,0,0,0,0,0,0,0,0,-5.351304147615855,0,0,0,0,0,0,0,0,0,0,0,0,0,0,0,0,0,0,0,0,0,4.8893691418758145,0,0,0,0,0,0,0,0,0,0,0,0,0,0,0,0,0,0,0,0,0,0,0
30835,0,0,0,0,0,0,0,0,0,0,0,4.802313927726804,0,0,0,0,0,0,0,0,0,0,0,0,0,0,0,0,0,0,0,0,0,0,0,0,0,0,0,0,0,0,0,-3.383273352018422,0,0,0,0,0,0,0,0,0,0,0,0,0,0,-3.406487980869693,0,0,0,0,0,0,0,0,0,0,0,0,0,0,0,0,0,0,0,0,0,0,0,0,0,0,0,0,0,0,0,0,0,0,0,0,0,0,0,0,0,0,0,0,0,0,0,0,0,0,0,3.4452696390098296,0,0,0,0,0,0,0,0,-2.569362862454824,0,0,0,-3.063871891999401,0,9.959195928130505,0,0,0,0,0,0,0,0,0,0,0,0,0,0,-2.5771898389769903,0,-3.20659356854781,0,0,0,0,0,0
35626,0,0,0,0,0,0,0,0,0,0,0,0,0,0,0,0,0,0,0,0,0,0,0,0,0,0,0,0,0,0,0,0,0,0,0,0,0,0,0,0,0,0,0,0,0,0,0,0,0,0,0,0,0,0,0,0,0,0,0,0,0,0,0,0,0,0,0,0,0,0,0,0,0,0,0,0,0,0,0,0,0,0,0,0,0,0,0,0,0,0,0,0,0,0,0,0,-0.30353145864884556,0,0,0,0,0,0,0,0,0,0,0,0,0,-0.7221508784853974,0,0,0,0,0,0,0,0,-4.2553707023510245,0,0,0,0,0,5.281053039485269,0,0,0,0,0,0,0,0,0,0,0,0,0,0,0,0,0,0,0,0,0,0,0
36530,0,0,0,0,0,-0.5243515076267151,0,0,0,0,0,0,0,0,0,0,0,0,0,0,0,0,0,0,0,0,0,0,0,0,0,0,0,0,0,0,0,0,0,0,0,0,0,0,0,0,0,0,0,0,0,0,0,0,0,0,0,0,0,0,0,0,0,0,0,0,0,0,0,0,0,0,0,0,0,0,0,0,0,0,0,0,0,0,0,0,0,0,0,0,0,0,0,0,0,0,0,0,0,0,0,0,0,0,0,0,0,0,0,0,4.129429893874727,0,0,0,0,0,0,0,0,-4.278771561641836,0,0,0,0,0,0.673693175393824,0,0,0,0,0,0,0,0,0,0,0,0,0,0,0,0,0,0,0,0,0,0,0
30812,0,0,0,0,0,0,0,0,0,0,0,0.8977169945643197,0,0,0,0,0,0,0,0,0,0,0,0,0,0,0,0,0,0,0,-5.326402786775514,0,0,0,0,0,0,0,0,0,0,0,0,0,0,0,0,0,0,0,0,0,0,0,0,0,0,0,0,0,0,0,0,0,0,0,0,0,0,0,0,0,0,0,0,0,0,0,0,0,0,0,0,0,0,0,0,0,0,0,0,0,0,0,0,0,0,0,0,0,0,0,0,0,0,0,0,0,0,-0.8494814898879746,0,0,0,0,0,0,0,0,0,0,0,0,0,0,5.278167282099165,0,0,0,0,0,0,0,0,0,0,0,0,0,0,0,0,0,0,0,0,0,0,0
38151,0,0,0,0,0,0,0,0,0,0,0,0,-2.2436640195776496,0,0,0,0,0,0,0,0,0,0,0,0,0,0,0,0,0,0,0,0,0,0,0,0,0,0,0,0,0,0,0,0,0,0,0,0,0,0,0,0,0,0,0,0,0,0,0,0,0,0,0,0,0,0,0,0,0,0,0,-3.1347703948439065,0,0,0,0,0,0,0,0,0,0,0,0,0,0,0,0,0,0,0,0,0,0,0,0,0,0,0,0,0,0,0,0,0,0,0,0,0,0,0,0,0,8.250114261704535,0,0,0,0,0,0,0,0,0,3.841467938716889,0,0,0,0,0,0,0,0,0,0,0,0,-2.736299364072849,0,0,0,0,0,0,0,-3.9768484219270137,0,0,0
31618,0,0,0,0,0,0,0,0,0,0,0,0,0,0,0,0,0.09060593294687758,0,0,0.05063259137944209,0,0,-0.2713593332265867,-0.0419173877784389,0,0,0,0,0,0,0,-0.3684407865472128,0,0,0.05141357643110789,0,0,0,0,0,0,0,0,0,0,0,0,0,0,-0.5246942962629837,0,0,0,0,0,0,0,0,0,0.09203922074984128,0,0,-0.8648397267985941,0,0,0,0,0,-0.5090330849559095,0,0,0,0,0,0,0,0,-0.7193654689481868,0,-0.5243506796952628,0,0,0,0,0,0,0,0,0,0,-0.24387401674403764,0,0,-0.11105219690607138,0,-0.04241220212334573,0,0,0,0,0,0,0,0.14706358136955489,0,-0.7477536908896849,0,0,0,0,0,0,-0.4310100237820724,0,0,0,0,0,0,0.2669727633574168,-0.7429575206684245,0,0,0,0,7.808019449949889,-0.0558963583722929,0,0,0.21694293448237056,0,0.5810076558755135,-0.562683835349775,0,0,-1.0326163968852833,0,0,0,0,0,0,-0.07171896918335463,0,-0.8848489047393193,0,0,0,-0.5538728266851805
27637,0,0,0,0,0,0,0,0,0,0,0,0,1.180542566967035,0,0,0,0,0,0,0,0,0,0,0,0,0,0,0,0,0,0,0,0,0,0,0,0,0,0,0,0,0,0,0,0,0,0,0,0,0,0,0,0,0,0,0,0,0,0,0,0,0,0,0,0,0,0,0,0,0,-1.9455740936006825,0,0,0,0,0,0,0,0,0,0,0,0,0,0,0,-1.2248759737047754,0,0,0,0,0,0,0,0,0,0,0,0,0,0,0,0,0,0,0,0,0,0,0,0,0,0,0,5.9440119928281865,0,0,0,0,-2.7172550126344728,0,0,0,0,0.4099110157621437,0,0,0,0,0,0,0,0,0,0,0,0,0,0,0,0,0,-1.8131874849609764,0,0,-1.1444191998148003,0,1.3108461891583412,0
34744,0,0,0,0,0,0.30136281144255683,0,0,0,0,0,-1.1403280611171187,0,0,0,0,0,0,0,0,0,0,0,0,0,0,0,0,0,0,0,0,0,0,0,0,0,0,0,0,0,0,0,0,0,0,0,0,0,0,0,0,0,0,-6.9355998494190505,0,0,0,0,0,0,0,0,0,0,0,0,0,0,0,0,0,0,0,0,0,0,0,0,0,0,0,0,0,0,0,0,0,0,0,0,0,0,0,0,0,0,0,0,0,0,0,0,0,0,0,0,0,0,0,6.342712086302699,0,0,0,0,0,0,0,0,0,0,0,0,0,0,1.431853012790917,0,0,0,0,0,0,0,0,0,0,0,0,0,0,0,0,0,0,0,0,0,0,0
34109,0,0,0,0,0,0,0,0,0,0,0,-1.9991159151774216,0,0,0,0,0,0,0,0,0,0,0,0,0,0,0,0,0,0,0,0,0,0,0,0,0,0,0,0,0,0,0,0,0,0,0,0,0,0,0,0,0,0,0,0,0,0,0,0,0,0,0,0,0,0,0,0,0,0,0,0,0,0,0,0,0,0,0,0,0,0,0,0,0,0,0,0,0,0,0,0,0,0,0,0,0.3928882552437596,0,0,0,0,0,0,0,0,0,0,0,0,0,-4.367798282379754,0,0,0,0,0,0,0,0,0,0,0,0,0,0,5.974025942313416,0,0,0,0,0,0,0,0,0,0,0,0,0,0,0,0,0,0,0,0,0,0,0
30364,0,0,0,0,0,0,0,0,0,0,0,0,0,0,0,0,0,0,0,0,0,0,0,0,0,0,0,0,0,0,0,0,0,0,0,0,0,0,0,0,0,0,0,0,0,0,0,0,0,0,0,0,0,0,0,0,0,0,0,0,0,0,0,0,0,0,0,0,0,0,0,0,0,0,0,0,0,0,0,0,0,0,0,0,0,0,0,0,0,0,0,0,0,0,0,0,0,0,0,0,0,0,0,0,0,0,0,0,0,0,-3.1183982268156374,0,0,0,0,0,0,0,0,-3.430266715892752,0,0,0,0,0,6.5486649427083865,0,0,0,0,0,0,0,0,0,0,0,0,0,0,0,0,0,0,0,0,0,0,0
33589,-0.644828365990199,0,0,-0.5251409731437695,0,2.023794723072771,0,-0.5533027256166227,0,-0.5683214947637971,0,0,-0.552415885621925,0.0011783336698854008,-0.5366843816534805,0,0,0,0,0,0,-0.3562030008197632,0,0,0,-0.5785146782966377,0,0,-0.20808337408788447,-0.4851112327526228,0,0,0,-0.6887137198947402,0,0,0,0,-0.6580441032234039,0,0,0,0,0,-0.6304684433858019,0,0,0,-0.7741331583812907,-0.6664150254299885,0,0,0,0,-0.3870168368419571,0,0,-0.6122156148805051,0,0,0,0,0,0,0,0,0,0,0,0,0,0,-0.5960455532063533,-0.2542323727275084,-0.4863420736577435,0,0,-0.7204100824197455,0,0,0,-0.6680827941955712,0,-0.26919666378191254,-0.5642125632366879,0,0,-0.2400645174811249,0,0,0,0,0,0,0,0,0,-0.6568936741577027,0,0,-0.4454917107350429,0,0,0,-0.598925892382479,0,0,0,-0.5852472225570766,0,5.57794098532369,0,0,0,9.180858631351743,-0.4943046421502273,0,0,0,2.2545455092359132,0,0,-0.29812653381544285,0,2.0550773585366002,0,0,0,-0.6529978168953727,-0.6927246625810835,-0.6302284958394937,0,0,0,-0.7220071967827426,-0.563105630379678,0,-0.2877401028233413,0,-0.534788334468868,0,0,0,0,0,0,0,-0.2050018490407446,-0.5016121410902734
28715,0,0,0,0,0,0,0,0,0,0,0,0,1.2156286844811799,-2.0417879467465663,0,0,0.7157145795396547,-1.2352121142268797,0,-0.3649017695196828,1.0585447841100883,0,-1.0931274373147186,1.0862742353781991,0,0,0,0.5064935561094854,0,0,0,0.852328316938145,0,-1.1920751294658767,1.1368529143888697,0.08133958283588072,0,-0.0794813023273866,0,0,0,0,0,-0.6920275810696221,0,0,-0.29701544309332384,0,0,-0.26525942571214145,0,0,-2.0810002066429094,0,0,-0.6871629699393544,-1.396276576052227,0,0,1.1216278624727565,0,0,1.5596756353746581,-0.041102922068430026,0,0,-0.1712240264415712,-0.5685970856469114,0.6080956338161911,-1.6430520401475306,0.5600251672920269,0,0,0,0,-1.9862720293551206,0,0.01538318601413291,0.8187156809883769,0.8395608721082715,0,0,0,0,0,0,-0.2640808985194303,0.44389704002349806,0,0,0.1374026123610177,0.1369035634651894,-1.1336531210638316,0.08079862120674353,-0.7768919064234261,-0.048621326376038,0,0,-1.7699984811941771,0,0,0,0.806140076060081,-0.02419393023287686,0,1.9379241171562445,1.208740406885541,0,0,-0.874255709975722,0,0.47642269136715054,-0.22699603560379167,-0.6896946532451889,2.448381136443577,0,-1.9173403175728754,-1.3725317600587004,0,6.449843996600064,-0.06395973901994267,0.44648779236259095,-0.3746339329030959,0.3883354064533968,0,3.7850482932691403,1.3490278286875377,-0.9497825974215903,0,1.148847131452733,0,-0.8105484229436639,0.17914309450384014,0.7624279036089785,0,-0.9526297456341841,0,-0.4337122608334383,-1.0727588678759798,0.13698062547334722,0.2541688999088221,-1.6473845721224762,-0.6601202384134863,0,-1.1787422838894956,-0.47306599863037,0.5503675629829656,-0.43784799785080475,-1.314528688545507
32540,0,0,0,0,0,0,0,0,0,0,0,-1.376135996965881,-2.993869727827458,0,0,0,0,0,0,0,0,0,0,0,0,0,0,0,0,0,0,0,0,0,0,0,0,0,0,0,0,0,0,0,0,0,0,0,0,0,0,0,0,0,0,0,0,0,0,0,0,0,0,0,0,0,0,0,0,0,-2.954523824174013,0,0,0,0,0,0,0,0,0,0,0,0,0,0,0,0,0,0,0,0,0,0,0,0,0,4.651226016286812,0,0,0,0,0,0,0,0,0,0,0,0,0,0,0,0,0,0,0,0,0,0,0,0,0,0,0,0,3.02873373593543,0,0,0,0,0,0,0,0,0,0,0,0,0,0,0,0,0,0,0,-0.35543020325489216,0,0,0
31640,0,0,0,0,0,3.8405359374335655,0,0,0,0,0,0,0.435426780863283,0,0,0,-2.7275088092063733,0,0,0,0,0,0,0,0,0,0,0,0,0,0,0,0,0,0,0,0,0,0,0,0,0,0,0,0,0,0,0,0,0,0,0,0,0,0,0,0,0,0,0,0,0,0,0,0,0,0,0,0,0,-0.2517047156781027,0,0,0,0,0,0,0,0,0,0,0,0,0,0,0,-2.9504847533196137,0,0,0,0,0,0,0,0,0,-2.1149780668710574,0,0,0,0,0,0,0,0,-2.760813008946829,0,0,0,0,6.342836843309834,0,0,0,0,0,0,0,0,0,0,0,0,0,0,0,0,0,0,0,0,0,0,0,0,0,0,0,0,0,0,0,0,0,0,0.7632815984667509,0,-0.5765918060514572,0
36135,0,0,0,0,0,5.512510963124178,0,0,0,0,0,0,0.09135117267022208,-0.32136513980722103,0,0,-0.2093006402652331,0,0,-0.44969201188915653,-0.521039424898051,0,-0.8501262608155606,-1.104280929539164,0,0,0,0.4253736338998797,0,0,0,-0.5687797351759531,0,0,-0.9574458765183977,-0.7727945171566941,0,0,0,0,0,0,0,0,0,0,-0.6763544114861357,0,0,0,0,0,0,0,-0.7614286217548756,-0.7224156896334688,0,0,0,0.49967014507250695,0,0,-0.8047610590748904,0,0,0,0,0,0.26957916255433645,-0.8784058528880938,0.7622420212429772,0,0,0,0,0,0,-0.68225165067176,0,0,0,0,0,0,0,0,0.3160010737989474,-0.588580890374526,0,0,-1.3413716679579077,-0.5995579125582329,-0.5094479785461297,-0.9842714958989638,1.1443347905321253,0,0,0,-1.017883804425339,0,0,0,-0.3969554645526814,0,0,0.7878539352334841,0,0,0,0,12.217973927692372,-0.7430504747100772,0.3478809808716168,-0.9737903368573635,0,0,-0.6124205148338957,-0.9209493746805992,0,0,0,-0.6870068889150787,-0.010776291280144346,0,0,4.8429444834170035,0.569953947726952,-0.9168577967123794,0,-0.913640749137048,0,-0.6023711916085075,-0.0015911405730770767,0,0,-0.20881131471585013,0,-0.9096098253122449,-0.6694313074068745,-0.8982798820123374,0.3604561889052236,0,-0.9496809079363828,0,-0.6826423520925315,-0.23938428654081223,-0.6512705410023347,-0.19447257244963279,-0.6435776420762269
35422,0,0,0,0,0,0,0,0,0,0,0,0,-0.5898261352590257,0,0,0,-0.31902360526951856,0,0,0.3621477862506097,-0.505146762074681,0,0,-0.4576149756461141,0,0,0,0,0,0,0,-0.43795030100072285,0,0,-6.214663775612195e-4,0,0,0,0,0,0,0,0,0,0,0,-0.43174543884892724,0,0,0,0,0,0,0,0,0,0,0,0,0.14850884289516086,0,0,0,-0.6471257999965379,0,0,0,0,-0.5092704542458475,0,-0.3828418017923876,0,0,0,0,0,0,0,0,0,0,0,0,0,0,0,-0.027341734104767035,-0.5336734292842631,0,0,-0.7401582609401651,0,0,-0.7314809889346958,-0.3511350704474512,0,1.7704995650025084,0,0,0,0,0,0,0,0,0.1222907251536216,0,0,0,0,0,0,0.5608121378881132,0,0,0,0,0,0,0,-0.6691752750450992,-0.6194092702463343,-0.5500821059450947,0,0,10.984315288571587,-0.17648259689117296,0,0,-0.3752645872019089,0,-0.8046321958783964,0.13589785989244785,0,0,0,0,0,-0.5340742756352421,-0.6693318113589903,-0.13617035694820956,-0.9078306018389619,-0.6367906176814229,0,-0.7770130334738425,-0.5632592532866987,0,0,0
31924,0,0,0,0,0,0,0,0,0,0,0,0.9461216709745353,-0.2637118521065336,-0.9596785153853484,0,0,1.1651426090309842,-0.25875430346413797,0,0.9696128542309985,0.33552651481072715,0,0.1332280864032125,0.5479913394853986,0,0,0,1.132890783884707,0,0,0,0.08842572956014028,0,-1.3601257807670417,-0.30354304687067657,-0.3690293529839397,0,-0.5686895810904162,0,0.002651799200962923,0,0,0,-1.2233951769852474,0,0,0.43701827825246475,0,0,-0.7169221874324574,0,0,-1.1636282993795009,0,0,-0.3527029425536705,-1.3169864932658912,0,0,1.7576993373395622,0,0,-0.8608558366745385,-0.3472053936029833,0,0,-1.0674564895641931,-0.3492385610583524,0.07701793408333524,-0.8396888258185617,0.6408813117774015,0,0,0,0,-1.5070553842179235,0,-0.9661407605765344,-0.3603606737429348,0.5229460713738643,0,0,0,0,0,0,-0.73244280027121,-0.5383758478302076,0,0,0.12335917775583782,-0.3942045154707272,-1.02505465264489,0.14192314331612366,0.2802286292459719,0.49776547677707317,0,0,0.02095630739470211,0,0,-1.0043924535888267,-0.36529809633026566,-0.3201877985906454,0,1.3551511545652577,-0.7412768285710145,0,0,-0.7465433982784249,1.2418134117836388,-0.1921356028624599,1.071149466104992,-0.49707172556606327,0,0,-0.3709077756349264,-1.2621794109713225,0,0,-0.3915599793846165,0.36956433907207487,0.19855975157437422,-1.2151244294580166,0,10.534276544937299,0.8072641903758093,-0.28495933951674424,0,1.127628296510787,0,0.6899165925539519,0.7390876699936113,0.6107576860499035,0,0.10856744564126775,0,-0.8198118755343549,0.17185857920394998,-0.9575749755573955,0.6804587237740245,0.15755923679005512,-0.029736184324577142,-0.4642470264070333,-0.458154223667139,-1.0144771858200072,-0.406580644471489,0,-0.2975339155357428
30367,0,0,0,0,0,0,0,0,0,0,0,0,0,0,0,0,0,0,0,0,0,0,0,0,0,0,0,0,0,0,0,0,0,0,0,0,0,0,0,0,0,0,0,0,0,0,0,0,0,0,0,0,0,0,0,0,0,0,0,0,0,0,0,0,0,0,0,0,0,0,0,0,0,0,0,0,0,0,0,0,0,0,0,0,0,0,0,0,0,0,0,0,0,0,0,0,0,0,0,0,0,0,0,0,0,0,0,0,0,0,-4.203467335586564,0,0,0,0,0,0,0,0,0,0,0,0,0,0,4.203467335586565,0,0,0,0,0,0,0,0,0,0,0,0,0,0,0,0,0,0,0,0,0,0,0
30189,0,0,0,0,0,0,0,0,0,0,0,5.873257508830968,0,0,0,0,0,0,0,0,0,0,0,0,0,0,0,0,0,0,0,0,0,0,0,-3.4203507913205686,0,0,0,0,0,0,0,0,0,0,0,0,0,0,0,0,0,0,0,0,0,0,0,0,0,0,0,0,0,0,0,0,0,0,-3.035720914447137,0,0,0,0,0,0,0,0,0,0,0,0,0,0,0,-2.8322225274574637,0,0,0,0,-3.4664836427492203,0,0,-3.0225371306833693,0,0,0,0,0,0,0,0,0,0,0,0,0,0,0,3.4423200511754706,0,0,0,0,0,0,0,0,0,0,0,0,0,0,9.25331138116713,-2.7915739345158097,0,0,0,0,0,0,0,0,0,0,0,0,0,0,0,0,0,0,0,0,0,0
38363,0,0,0,0,0,0,0,0,0,0,0,0,0,0,0,0,0,0,0,0,0,0,0,0,0,0,0,0,0,0,0,0,0,0,0,0,0,0,0,0,0,0,0,0,0,0,0,0,0,0,0,0,0,0,0,0,0,0,0,0,0,0,0,0,0,0,0,0,0,0,0,0,0,0,0,0,0,0,0,0,0,0,0,0,0,0,0,0,0,0,0,0,0,0,0,0,0,0,0,0,0,0,0,0,0,0,0,0,0,0,0,0,0,0,0,0,0,0,0,0,0,0,0,0,-1.1345886308494375,1.1345886308494393,0,0,0,0,0,0,0,0,0,0,0,0,0,0,0,0,0,0,0,0,0,0,0
31340,0,0,0,0,0,0,0,0,0,0,0,2.5308959243254163,0,0,0,0,0,-0.8127242811817088,0,0,0,0,0,0,0,0,0,0,0,0,0,0,0,-1.3173764534709358,0,0,0,0,0,0,0,0,0,0,0,0,0,0,0,0,0,0,0,0,0,0,0,0,0,0,0,0,0,-1.1285807364872702,0,0,0,0,0,0,0,0,0,0,0,0,0,-0.42829233495382324,-1.3582613534603691,0,0,0,0,0,0,0,0,-1.1793899586560643,0,0,0,0,0,0,0,0,0,0,0,0,0,-0.8481573479965485,0,0,0,0,0,0,0,0,0,0,0,0,0,0,0,-1.2660338907117357,0,1.4046978866211228,0,0,0,0,0,7.009940184800967,0,0,0,0,0,0,0,0,0,0,0,0,0,-0.2891095765184777,0,-1.163083381055352,0,0,0,0,-1.1545246812552237,0,0
36626,0,0,0,0,0,0,0,0,0,0,0,0,0,0,0,0,0,0,0,0,0,0,0,0,0,0,0,0,0,0,0,0,0,0,0,0,0,0,0,0,0,0,0,0,0,0,0,0,0,0,0,0,0,0,0,0,0,0,0,0,0,0,0,0,0,0,0,0,0,0,0,0,0,0,0,0,0,0,0,0,0,0,0,0,0,0,0,0,0,0,0,0,0,0,0,0,0,0,0,0,0,0,0,0,0,0,0,0,0,0,0,0,0,0,0,0,0,0,0,0,0,0,0,0,0,0,0,0,0,0,0,0,0,0,0,0,0,0,0,0,0,0,0,0,0,0,0,0,0
25896,0,0,0,0,0,0,0,0,-0.1830636505408343,0,0,0,-0.00587282668533895,0.589578701765622,0,0,-0.7459884171045132,0.9109112366722956,0.46414419897183645,0.01564310233659505,2.192362786430233,0,1.0541631705161345,0.04565584885987928,0,0,0,1.4888733217920835,0,0,0,-1.975074084259834,0,0,1.8914295726512593,-0.064279079935333,0,1.372923714637479,0,1.0788158630089049,0,0,0,-1.8302544270806678,0,0,2.156945873821532,0,0,0.6888108832663624,0,0,-1.5058902514740167,0,0,0.9746620545583253,-1.5387646307532403,0,0,1.9049669055015483,0,0,1.8055828988206306,1.9602188260349793,0,0,-2.078299583983074,0.4613876611986294,-1.476314578409755,-2.26029629803426,1.4618118733062664,0,0,0,0,-2.3034783707488504,0,0.622546939629598,0,-2.9702706436244046,0,0,0,0,0,-0.4378081858757916,1.0357095520958675,-2.6691962663692337,0,0,-0.9575836540085216,-1.4225454401401496,0,-0.8686269973403826,-0.22914398011488313,-0.06051872863376406,0,0,0.6596718857202166,0,0,-0.14266655654785687,2.9817831693107015,-1.0482049068773964,0,0.2278095949863852,-0.3735348445468807,0,0,-2.409544797627107,0,0,0,1.6045417832961322,0,-0.30497628983232694,-1.3459274782956134,-1.8859871171139106,0,0,-2.3465174856519724,1.0309897996798858,1.2664685929414299,0.7341739279942407,0,0,-1.9108876400677808,0.7761674317109009,0,1.917479715408363,0,1.279623187373395,-0.7504868066419759,0.6312594594839931,0,0.08021806047234303,0,2.3333184728273055,1.1162992980521595,-2.6856819996929246,1.1224786933302306,0.7327808909461222,-2.782751242004954,0.45323806030377245,1.0278036377063335,0,1.5856733224328847,0,-2.1684867098352942
30530,0,0,0,0,0,0,0,0,0,0,0,0,0,0,0,0,0,0,0,0,0,0,-2.3067000449795274,0,0,0,0,0,0,0,0,-1.5414633386335583,0,0,0,0,0,0,0,0,0,0,0,0,0,0,0,0,0,0,0,0,0,0,0,0,0,0,0,0,0,0,0,0,0,0,0,0,0,0,0,0,0,0,0,0,0,0,0,-1.5294174890564536,0,0,0,0,0,0,0,0,0,0,0,0,0,0,0,0,0,0,0,0,0,0,0,0,0,0,0,0,0,0,5.864547171556146,0,0,0,0,0,-2.0329026461641777,0,0,0,0,0,0,0,0,3.6375221766512906,0,0,0,-2.0915858293737224,0,0,0,0,0,0,0,0,0,0,0,0,0,0,0,0,0,0,0
34449,0,0,0,0,0,5.615013986285078,0,0,0,0,0,0,0,0,0,0,0,0,0,0,0,0,0,0,0,0,0,-1.4803025108489778,0,0,0,-0.818106696801697,0,0,0,0,0,0,0,0,0,0,0,0,0,0,0,0,0,0,0,0,0,0,0,0,0,0,0,0,0,0,0,0,0,0,0,0,-1.829013891889038,0,0,0,0,0,0,0,0,0,-1.2180801804613055,-1.8442824761226158,0,0,0,0,0,0,-1.5057968556389696,0,0,0,0,-2.2054157886529553,0,-1.3959420709034043,0,0,0.8727888004144715,0,0,0,0,0,0,0,0,0,0,0,0,-2.056700763909825,9.86822856981379,-1.9224605742661232,0,0,0,0,0,0,0,0,0,-1.8071375279385844,0,0,0,1.7272079809201513,0,0,0,0,0,0,0,0,0,0,0,0,0,0,0,0,0,0,0,0,0,0,0
33914,0,0,0,0,0,0,0,0,0,0,0,0,0,0,0,0,0,0,0,0,0,0,0,0,0,0,0,0,0,0,0,0,0,0,0,0,0,0,0,0,0,0,0,0,0,0,0,0,0,0,0,0,0,0,0,0,0,0,0,0,0,0,0,0,0,0,0,0,0,0,0,0,0,0,0,0,0,0,0,0,0,0,0,0,0,0,0,0,0,0,0,0,0,0,0,0,-1.6154597082147006,0,0,0,0,0,0,0,0,0,0,0,0,0,0,0,0,0,0,0,0,0,0,0,0,0,0,0,0,1.6154597082147024,0,0,0,0,0,0,0,0,0,0,0,0,0,0,0,0,0,0,0,0,0,0,0
36352,0,0,0,0,0,0,0,0,0,0,0,2.496721109984593,0,0,0,0,0,0,0,0,0,0,0,0,0,0,0,0,0,0,0,0,0,0,0,0,0,0,0,0,0,0,0,0,0,0,0,0,0,0,0,0,0,0,0,0,0,0,0,0,0,0,0,0,0,0,0,0,0,0,0,0,0,0,0,0,0,0,0,0,0,0,0,0,0,0,0,0,0,0,0,0,0,0,0,0,0,0,0,0,0,0,0,0,0,0,0,0,0,0,-0.5158670746620881,0,0,0,0,0,0,0,0,-5.2136900785061275,0,0,0,0,-3.6744702297900957,6.90730627297372,0,0,0,0,0,0,0,0,0,0,0,0,0,0,0,0,0,0,0,0,0,0,0
35915,0,0,0,0,0,0,0,0,0,0,0,4.983308272494218,0,0,0,0,0,0,0,0,0,0,0,0,0,0,0,0,0,0,0,0,0,0,0,-3.249222238756716,0,0,0,0,0,0,0,0,0,0,0,0,0,0,0,0,0,0,0,0,0,0,0,0,0,0,0,0,0,0,0,0,0,0,0,0,0,0,0,0,0,0,0,0,0.06999790454672716,0,0,0,0,0,0,0,0,0,0,0,0,0,-2.2702503297740337,0,0,0,0,0,0,0,0,0,0,-0.8836519373677012,0,0,0,0,-0.19290063975629135,0,0,0,7.390990542855285,0,0,0,0,0,0,-2.523229794839566,-2.9866661672593753,0,0,7.9046789433106195,0,0,0,0,0,0,0,0,0,0,0,-2.247457286419838,0,0,-2.7381248826612388,0,0,0,-3.2574723863720907,0,0,0,0
31501,0,0,0,0,0,0,0,0,-1.3460706817601151,0,0,-0.8674246465494955,-0.10162200709705749,0.12062785360874795,0,0,0.20938899118402032,-1.1878561916587125,-1.5341627081486435,-0.809002384968962,-0.47610697270724955,0,-0.3072900689232676,-0.12467744932235636,0,0,0,0.014296639267033395,0,0,0,-0.16246621999449973,0,-0.7016350170310406,-0.36933724134659185,-0.217069272530249,0,0.20049931464444581,0,-1.0690318066605529,0,0,0,-0.6072597595509737,0,0,0.5683515015091909,0,0,-0.22182800603672526,0,0,-1.3258857576098295,0,2.813668321784586,-0.513206257030054,-1.5079673006321515,0,-1.587865468368007,1.4483258192401158,0,0,-0.002761631869098835,-0.4849246290753957,0,0,-0.3195562128512841,-1.078319514893797,1.1039797686005524,-0.5274970806293777,0.40008281995238315,0,0,0,0,-0.24116727307785757,0,-0.5858266684171389,-0.5202112727917609,0.3869910261742828,0,0,0,0,0,-1.3535510960962984,0.035397214329401905,-0.4693189439903702,0,0,1.0015758863651958,-0.2734317425297199,-1.09867364277157,1.0851899485184835,1.5986298104466594,-0.16731326059339402,0,0,-0.6076830203073937,0,0,-0.7126820479008562,0.22656678642683703,-0.05641975412663047,0,1.2615316964740644,-0.279343435790012,0,0,0.3364225148809816,13.490269194615463,-0.2638673992150058,-0.4456643590266771,-0.17930620386942486,0,-1.4388088337055027,-0.4523654789576099,-1.4813140536405256,0,0,-0.9180193624794555,-1.0642143876911985,-0.041482160981483496,-1.0300079578963537,0,8.085092447177928,1.4700325562121122,-0.6743474003401313,0,-1.0005132134568906,0,0.30048387398619036,-0.21827651782713753,0.17355329542896092,0,-0.33005851887687276,0,-0.9211521150784474,0.47580500361845735,-0.5877887317850266,0.3285919478440378,-1.065873746967044,-0.6670381721728131,-1.0106317385321089,0.8065687361919731,-0.2042106003929698,0.6481969639743252,0.0037163432931803797,-0.7824488772184508
25451,0,0,0,0,0,0,0,0,0,0,0,0,0,0,0,0,0,0,0,0,0,0,0,0,0,0,0,0,0,0,0,0,0,0,0,0,0,0,0,0,0,0,0,0,0,0,0,0,0,0,0,0,0,0,-2.1996839690819314,0,-1.3978318350341548,0,0,0,0,0,0,0,0,0,0,0,-0.5724189283758259,0,0,0,0,0,0,0,0,0,0,0,0,0,0,0,0,0,0,0,0,0,0,0,0,0,0,0,0,0,0,0,0,0,0,0,0,0,-0.7943054057763357,0,0,0,0,0,0,0,0,0,0,-0.9469088492646347,0,0,0,0,0,0,0,5.91114898753288,0,0,0,0,0,0,0,0,0,0,0,0,0,0,0,0,0,0,0,0,0,0,0
30872,0,0,0,0,0,0,0,0,0,0,0,-2.5049094533197906,0,0,0,0,0,0,0,0,0,0,0,0,0,0,0,0,0,0,0,0,0,0,0,0,0,0,0,0,0,0,0,0,0,0,0,0,0,0,0,0,0,0,0,0,0,0,-2.0956783158868126,0,0,0,0,0,0,0,0,0,0,0,0,0,0,0,0,0,0,0,-3.3531626690781233,0,0,0,0,0,0,0,0,0,0,0,0,0,0,0,-2.636718070895948,0,0,0,0,0,0,0,0,0,0,0,0,0,0,0,2.6565102730616266,0,-2.6734279196858726,0,0,0,0,0,0,0,0,0,0,0,0,10.607386155804921,0,0,0,0,0,0,0,0,0,0,0,0,0,0,0,0,0,0,0,0,0,0,0
27196,0,0,0,0,0,0,0,0,0,0,0,0,0,0,0,0,0,0,0,0,0,0,0,0,0,0,0,0,0,0,0,0,0,0,0,0,0,0,0,0,0,0,0,0,0,0,0,0,0,0,0,0,0,0,0,0,0,0,-6.207733931356316,0,0,0,0,0,0,0,0,0,0,0,0,0,0,0,0,0,0,0,0,0,0,0,0,0,0,0,0,0,0,0,0,0,0,0,0,0,0,0,0,0,0,0,0,0,0,0,0,0,0,0,-0.6093007942022179,0,0,0,0,0,0,0,0,0,0,0,0,0,0,6.8170347255585355,0,0,0,0,0,0,0,0,0,0,0,0,0,0,0,0,0,0,0,0,0,0,0
26456,0,0,0,0,0,0,0,0,1.2864607196497344,0,0,0,-0.7166865435457979,1.6714853308704418,0,0,-0.32916458656510095,1.0748169441104052,-1.2896107988761463,1.5102090278409266,-1.3598021342101587,0,-0.5882970231237152,0.6794411631698933,0,0,0,0.804131099557412,0,0,0,0.14485057200914842,0,-2.153381678560101,1.385550252770968,0.23065569313812517,0,1.2650712431503086,-3.656875255546627,1.1223968897495427,0,0,0,-2.1869314404223514,0,0,-1.9336692685278045,0,0,0.5302310031283435,0,0,1.172537473775491,0,0,1.7775819568974898,1.2154309422804621,0,0,0.9585012326954159,0,0,1.2150535490622927,2.257006646939737,0,0,1.1233520032564313,0.3726007575336796,-2.9512923797054267,0.8921349682269595,-2.6530418755625886,0,0,0,0,-1.840962397467556,0,1.8861919590854468,1.0817561485411682,-2.399607741066748,0,0,0,0,0,0.5737909025239718,-2.0940873446807675,1.4284807358309406,0,0,1.4929283943076905,-2.1713762752083277,-0.915732299684092,-1.890178320914595,-2.671425788881561,1.51609657330913,0,0,1.2005305563841508,0,0,1.4673269413093815,0.8734670877767128,1.0235355889547941,0,1.259177064479986,-2.9212521306159074,0,0,1.9721980258321947,0,-2.57318245804274,-0.37877850988440187,3.005888092488152,0,0.6698260956681716,-3.025452959046798,0.09423755069705031,0,0,1.1577788981755406,-2.341818941495389,-1.845231259540209,-2.7265018477336715,0,0,-1.4975724199465708,1.3672973276362805,0,2.1994430022979623,0,1.3250275157644724,-2.3304909558682496,0.5118283446765668,0,1.8547255887463772,0,-0.5254988095441773,0.4976052445653023,1.5423311016496593,-1.1631937087705584,2.504355001262751,0.5304913611013911,-0.18173323594354773,-0.38806180980141747,-2.286685347429378,1.9080383145139868,1.0218340986596308,-0.6681094398395793
27413,0,0,0,0,0,0,0,0,0.6536577173360243,0,0,0,-0.1371996598547014,1.1747557910324353,0,0,-0.22574005916449558,-0.23718744794754443,1.593206158845831,0.4114390271464199,-0.6435640343241715,0,0.08692193576355045,1.5195834305548939,0,0,0,0.18662363448708064,0,0,0,-0.9752101359022856,0,-0.32449342036382767,0.0011334125146387208,0.017313926628631293,0,2.928175157166134,-2.3145260300453048,-0.05163224654621246,0,0,0,-0.8336501957121687,0,0,0.12519898224138615,0,0,-0.73447068477107,0,0,0.34336475612527195,0,0,0.8401502185310168,0.009282739372224569,0,0,0.6959408007102201,0,0,0.04139423286845201,0.22874763614134963,0,0,-0.44378479524093883,-0.08603827263519825,-0.964985971984138,0.24589397318826833,-0.1549922153341292,0,0,0,0,-0.7035476792125888,0,1.098392720895875,0.8107979665294476,-1.3882099585260121,0,0,0,0,0,0.7192254772150974,-0.340135166450235,1.5779703975336012,0,-5.037565671717117,0.6720498138778552,-0.31867989317346535,-1.285366390617062,-0.9622911983093907,-0.6651145388438398,1.6198692835788986,-6.734075026279876,0,0.37750176183198825,0,0,1.382139473677622,0.4274694553771621,1.444462155783821,0,0.26056280830223244,-4.75641842267282,0,0,1.0332241585045292,0,-0.5322967376606265,0.3230815358981918,3.4160860140476856,0,0.24468496833672937,-1.006422900869783,0.19080742126956274,0,0,0.24751293570124488,-0.9292670936633503,0.29563107692771773,-2.4029259862854992,0,0,0.9343923124225171,0.8348980274672524,0,0.6829496990992521,0,0.0438186208873077,-0.18857781638253535,1.0984683190089655,0,0.027414607204647723,0,-0.20157304690969546,-0.3894563421735153,0.8317663559898865,0.29140695317938103,1.1992551905681115,0.7433410381666654,0.8777740010044166,0.08819395557128473,-0.049086267962270114,0.013452600891376676,0.7923983157621137,0.31470235436954574
26203,-6.885785010204389,-6.255659166360735,0,0,0,0,0,0,1.1221065976513707,0,-5.562297072922663,0,1.0632178042103018,1.9330701552547573,-7.201396972503131,0,0.858998553149064,0.38415817962076737,0.6572975665920691,1.844654653273487,0.7279600833804594,0,1.5415906739691145,2.0387894701259235,0,0,0,1.44785938312587,0,0,0,-0.26668431257762215,-6.6429852471435975,0.6045528712217152,0.48522765009434465,0.9458682556032709,0,2.204646354167421,0,1.6952949814063505,0,0,0,0.5982320266899759,0,0,1.4368509232355926,0,0,0.024496345902216277,0,-7.337490667245616,0.7948710311175748,0,0,1.9816012294905967,2.491335619006321,0,0,1.7668738491502864,0,-6.62838646958695,1.332039728155495,2.256383332913968,-6.201561508341708,-6.727797374084488,0.910229446206186,-0.32338121036524825,1.1986747054668037,1.5896519858257054,0.8418401266135103,-7.0596602955183325,0,0,0,0.06207701285664413,0,1.397608117690341,1.27184488931411,0.13821888634672064,0,0,0,0,0,1.1973695028562705,0.8301828417902577,1.6340490247561856,0,-3.4956923495489516,1.247377650496924,0.8504879263122564,0.20978892814357408,1.1012245724810565,0.6698378349999796,1.3600226401481166,0,-6.2001787968006035,1.5511599522443031,0,0,1.8660328046834422,0.6478653754386787,1.2891371237428775,0,1.0910649341953853,-0.5383426245384815,0,0,1.6401400255870051,0,0.49687315659844344,1.9292228418020496,4.016057984090857,0,0.6359314331334431,0.5847797679061557,-0.1617264270881833,0,-6.067362112787144,0.8562498665574552,0.6195576007517811,1.0776352685006287,0.19840756805609416,0,-6.5168833134503625,1.0877159071169036,0.3532288822974756,0,1.324534105361101,0,1.4999791317272138,1.0490416297649539,1.7039860483999405,0,0.9659557861651429,0,0.7249682266215292,1.2776787692376406,1.4267145007009532,1.5217041362415422,2.165940333970461,0.845567495083408,1.319030808039857,0.7416587513633299,0.7018491300788092,1.4309111746109764,1.2615705774337016,1.422656422751702
33846,0,0,0,0,0,0,0,0,0,0,0,0,1.324421013234967,0,0,0,0,0,0,0,0,0,0,0,0,0,0,0,0,0,0,0,0,0,0,0,0,0,0,0,0,0,0,0,0,0,0,0,0,0,0,0,0,0,0,0,0,0,0,0,0,0,0,0,0,0,0,0,0,0,-2.6168407536555005,0,0,0,0,0,0,0,0,0,0,0,0,0,0,0,-1.4780788309574788,0,0,0,0,0,0,0,0,0,0,0,0,0,0,0,0,0,0,0,0,0,0,0,0,0,0,0,9.612319052531761,0,0,0,0,-4.106518649282245,0,-2.3712949805252435,0,0,5.120139692202635,-2.0826157483311745,0,0,0,0,0,0,0,0,0,0,0,0,0,0,0,0,-3.3426848592165044,0,0,-0.048752539975191134,0,-0.01009339602602477,0
16218,0,0,0,0,0,0,0,0,0,0,0,0,0.6175947526756573,0,0,0,0,0,0,0,0,0,0,0,0,0,0,0,0,0,0,0,0,0,0,0,0,0,0,0,0,0,0,0,0,0,0,0,0,0,0,0,0,0,0,0,0,0,0,0,0,0,0,0,0,0,0,0,0,0,-0.32549100898667405,0,0,0,0,0,0,0,0,0,0,0,0,0,0,0,-1.7722850089465938,0,0,0,0,0,0,0,0,0,0,0,0,0,0,0,0,0,0,0,0,0,0,0,0,0,0,0,0,0,0,0,0,4.273666572483032,0,-2.8365256153963827,0,0,0,0,0,0,0,0,0,0,0,0,0,0,0,0,0,0,0,0,-1.1955287001776789,0,0,0.5406783916214266,0,0.6978906167272161,0
23888,0,0,0,0,0,0,0,0,0,0,0,0,1.9498658322056563,0,0,0,0,0,0,0,0,0,0,0,0,0,0,0,0,0,0,0,0,0,0,0,0,0,0,0,0,0,0,0,0,0,0,0,0,0,0,0,0,0,0,0,0,0,0,0,0,0,0,0,0,0,0,0,0,0,0.07837418522363748,0,0,0,0,0,0,0,0,0,0,0,0,0,0,0,0.2502797476076264,0,0,0,0,0,0,0,-5.468483492227673,0,0,0,0,0,0,0,0,0,0,0,0,0,0,0,0,0,0,0,3.4965494304163016,0,0,0,0,-1.2485216644245938,0,-0.03156582882723491,0,0,-2.8779203319378936,0,0,0,0,0,0,0,0,0,0,0,0,0,0,0,0,0,0.2981100326869335,0,0,1.0685729423066093,0,2.4847391469706324,0
24761,0,0,0,0,0,0,0,0,0,0,0,0,0,0,0,0,0,0,0,0,-3.844915247400279,0,0,0,0,0,0,0,0,0,0,0,0,0,0,0,0,0,0,0,0,0,0,0,0,0,0,0,0,0,0,0,0,0,0,0,0,0,0,0,0,0,0,0,0,0,0,0,0,0,0,0,0,0,0,0,0,0,0,0,0,0,0,0,0,0,0,0,0,0,0,0,0,0,0,0,0,0,0,0,0,0,0,0,0,0,0,0,0,0,-0.9133834365839757,0,0,0,0,0,0,0,0,3.8314785234881583,0,0,0,0,0,0.9268201604960966,0,0,0,0,0,0,0,0,0,0,0,0,0,0,0,0,0,0,0,0,0,0,0
22764,0,0,0,0,0,0,0,0,0,0,0,0,0,0,0,0,0,0,0,0,0,0,0,0,0,0,0,0,0,0,0,-0.5275329520157559,0,0,0,0,0,0,0,0,0,0,0,0,0,0,0,0,0,0,0,0,0,0,0,0,0,0,0,0,0,0,0,0,0,0,0,0,-0.5110678372473636,0,0,0,0,0,0,0,0,0,0,0,0,0,0,0,0,0,0,0,0,0,0,-1.0815092106702622,0,0,0,0,0,0,0,0,0,0,-0.5900334577608364,0,0,1.8376689527471477,0.19668149906814847,0,0,0,0,-1.4614469288349605,0,0,-1.9930839177157553,0,-0.6818303883166186,0,0,5.048781529989191,0,0,0.8006374797632247,0,0,0,0,0,0,-0.2730014128326692,0,-0.4423623865716717,0,0,0,0,0,0,0,0,0,0,0,0,0,0,-0.3219009696018187,0,0
20993,0,0,0,0,0,0,0,0,0,0,0,0,0,0,0,0,0,0,0,0,0,0,0,0,0,0,0,0,0,0,0,0,0,0,0,0,0,0,0,0,0,0,0,0,0,0,0,0,0,0,0,0,0,0,0,0,0,0,0,0,0,0,0,0,0,0,0,0,0,0,0,0,0,0,0,0,0,0,0,0,0,0,0,0,0,0,0,0,0,0,0,0,0,0,0,0,0,0,0,0,0,0,0,0,0,0,0,0,0,0,0,0,0,0,0,0,0,0,0,0,0,0,0,0,0,0,0,0,0,0,0,0,0,0,0,0,0,0,0,0,0,0,0,0,0,0,0,0,0
27519,0,0,0,0,0,0,0,0,0,0,0,0,-0.1253294164589005,0,0,0,0.12585356688221516,0,0,0,-0.6055811041272632,0,0,0,0,0,0,0,0,0,0,-0.17851794088392614,0,0,-0.4172880570950368,-0.42370732869080596,0,-0.42449574543273316,0,0,0,0,0,0,0,0,0.32188957360503156,0,0,-0.07086847354023851,0,0,0,0,0,0,0,0,0,0.23833941820831273,0,0,-0.7605003436381832,0,0,0,0,0,-0.599322519273108,-0.7456248899768498,0.804625659807658,0,0,0,0,0,0,0,0,0,1.6255353300238093,0,0,0,0,0,-0.8610580451066046,-1.0024405511738101,0,0,0.059002369439487,0,0,0.4195490897183216,-0.5050345217210594,0,0,0,0,0,0,0,-0.5845605939515846,0,0,-0.16124237672191333,0.11451525725366674,0,0,0,-0.08855167922408258,0,-0.34674541205491227,0,0,0,0,0,0,7.900034412507425,-0.8542577164269205,0.16826449691737855,0,0,0,0,0.7968156537722129,0,0,-0.5399923338812584,0,0,0,0.2438246182514492,0,0,0,-0.040660608095199446,-0.028168891670610208,0,-0.1649804154257981,0,-0.9712102225640993,0,0,-1.0656883925745335,-0.835711192604152,0,-0.4167106740733817
31587,0,0,0,0,0,0,0,0,-1.933417093344147,0,0,1.8071256847886366,-0.6876417528373953,0.4199124492955084,0,0,0.3850541731151118,0.09426862099326172,0,0.2325377250430165,-0.4543484563505218,0,0.39835016945549384,0.5130573554227098,0,0,0,-0.28397421606255246,0,0,0,-0.19844173961004685,0,-1.1857437649324996,-0.0999853910350259,0.1310913732632617,0,0.1881911292161238,0,-0.11605409400797839,0,0,0,-0.47912268093465427,0,0,0.08650354048342468,0,0,0.6410669409479537,0,0,-0.9681470010564905,0,0,-0.0452405178616635,-0.8279429315654854,0,0,1.7469898768940544,0,0,0.6834201330813183,0.17010767986395514,0,0,0.31618936097685335,0.3631363599491717,0.03907228381485339,-0.3607210619659522,-0.24497276634679288,0,0,0,0,-1.870866732782063,0,-0.6333978210532125,-0.8400591645809046,-0.6069891749929597,0,0,0,0,0,-1.301814430699308,-0.2945251416013148,-1.352808332869194,0,0,-0.6902008437913607,-0.044793641719680366,-0.497398287246694,-0.23186191864155337,0.07130666681192821,-0.8449427320188425,0,0,0.04011604258796986,0,0,-0.2729985812091753,-0.7870802053958403,0.801303828777657,0,0.5050048576463659,-0.16402360158164164,0,0,-0.2105057511260986,0.987992357073991,-0.4275133483264386,1.0245017971917596,-0.7217709384778339,0,-1.7808863199947558,-0.039741918266936516,-0.7391392776285324,0,0,0.13931558657536947,-0.08584693149510603,-0.27056379467112457,-0.9987052065368336,0,10.22295374461722,1.4060190499101974,0.46820425495984264,0,0.316326054728032,0,-0.5965759479627586,0.4318688441430458,0.6947453591565189,0,-1.0981941883004547,0,0.8876047649391126,1.0778771490095709,0.1737109918133095,1.2188706298335372,-0.05644483404651002,-1.2830010142053703,-1.0779788404425918,-0.6362391284570879,-1.8184675462168225,0.06357754249210767,0.01365244349261463,1.400062241885358
34765,0,0,0,0,0,0,0,0,-0.40826667179107456,0,0,0,0.37752952331352896,-0.3050809696282766,0,0,-0.112046739194267,-0.39411051804856134,-0.4601436363356264,0.5960869327197056,-0.5448640705483512,0,-0.9112794773053521,0.3450757580800823,0,0,0,-0.32636811742701477,0,0,0,0.3372315816401068,0,-0.050019770433383126,1.1719848617543782,-0.36661940987042874,0,2.2896319798006735,0,-0.4229655276718032,0,0,0,0.11270829905728519,0,0,1.0220711798140671,0,0,0.4287583295526014,0,0,0.7576238253382268,0,0,-1.1185679211368251,-0.8169697442380985,0,0,0.3651465497798281,0,0,0.616008844369536,0.24406797665971647,0,0,-0.6457557591274634,-0.7752273364638032,0.03936620670769697,-0.5000780102218245,0.18435018259689695,0,0,0,0,-0.7452046937548169,0,-0.08548611302133713,0.48817263162300506,-0.3889730263759188,0,0,0,0,0,-0.8752934712780371,1.200976492195644,-0.30451242963540714,0,0,0.32433146087787446,-0.6643116633059849,0.2896637660257677,0.04564684218911985,0.3297885081830243,-0.4794599764523797,0,0,-0.4033912759947036,0,0,0.2220364328507074,0.6230279181613909,0.8178745997119972,0,-0.6588253265574053,-0.7556014660664143,0,0,-0.7290445183612833,0,-0.3613852961140891,0.3054548085960733,-1.149382993185811,0,-0.9458281934496178,-0.7229351127602586,-0.8690162220523683,0,0.7314481822995571,1.157451338508035,0.670868276990908,-0.05694388400370576,0.0015503388515605288,0,7.411547249271477,0.3425557184853609,-0.3280667286893104,0,0.252995033787597,0,-0.9395090724814548,-0.24333795967382876,-0.7618066692520364,0,-1.0634630063112365,0,-0.12569546505046914,-1.1219307979584299,-0.7572778710540926,0.32580653664936055,-0.7613531596715646,-0.29430068629816164,-0.3158375757658707,0.10210812595890495,-0.3975335570277294,0.9352282542973347,-0.6203514508553196,0.6182487952021649
30655,0,0,0,0,0,0,0,0,0,0,0,-4.802023879272702,0,0,0,0,0,0,0,0,0,0,0,0,0,0,0,0,0,0,0,0,0,0,0,0,0,0,0,0,0,0,0,0,0,0,0,0,0,0,0,0,0,0,0,0,0,0,0,0,0,0,0,0,0,0,0,0,0,0,0,0,0,0,0,0,0,0,0,0,0,0,0,0,0,0,0,0,0,0,0,0,0,0,0,0,0,0,0,0,0,0,0,0,0,0,0,0,0,0,0,0,0,0,0,0,0,0,0,0,0,0,0,0,0,4.802023879272703,0,0,0,0,0,0,0,0,0,0,0,0,0,0,0,0,0,0,0,0,0,0,0
35702,0,0,0,0,0,-3.397770583254128,0,0,0,0,0,4.803378988969996,0,0,0,0,0,0,0,0,0,0,0,0,0,0,0,0,0,0,0,0,0,0,0,0,0,0,0,0,0,0,0,0,0,0,0,0,0,0,0,0,0,0,0,0,0,0,0,-5.76673737354715,0,0,0,0,0,0,0,0,0,0,0,0,0,0,0,0,0,0,0,0,0,0,0,0,0,0,0,0,0,0,0,0,0,0,0,0,0,0,0,0,0,0,0,0,0,0,0,0,0,0,0.25494522680910947,0,0,0,0,0,0,0,0,0,0,0,0,0,0,4.106183741022171,0,0,0,0,0,0,0,0,0,0,0,0,0,0,0,0,0,0,0,0,0,0,0
34950,0,0,0,0,0,2.032995131287933,0,0,0,0,0,0,0,0,0,0,0,0,0,0,0,0,0,0,0,0,0,0,0,0,0,0,0,0,0,0,0,0,0,0,0,0,0,0,0,0,0,0,0,0,0,0,0,0,0,0,0,0,0,0,0,0,0,0,0,0,0,0,0,0,0,0,0,0,0,0,0,0,0,0,0,0,0,0,0,0,0,0,0,0,0,0,0,0,0,0,-5.647045709615609,0,0,0,0,0,0,0,0,0,0,0,0,0,3.9807484665584116,0,0,0,0,0,0,0,0,0,0,0,0,0,0,-0.36669788823073546,0,0,0,0,0,0,0,0,0,0,0,0,0,0,0,0,0,0,0,0,0,0,0
34440,0,0,0,0,0,0,0,0,0,0,0,-2.0780880768535086,0,0,0,0,0,0,0,0,0,0,0,0,0,0,0,0,0,0,0,0,0,0,0,0,0,0,0,0,0,0,0,0,0,0,0,0,0,0,0,0,0,0,0,0,0,0,0,0,0,0,0,0,0,0,0,0,0,0,0,0,0,0,0,0,0,0,0,0,0,0,0,0,0,0,0,0,0,0,0,0,0,0,0,0,-0.600355668319617,0,0,0,0,0,0,0,0,0,0,0,0,0,0,0,0,0,0,0,0,0,0,0,0,0,0,0,0,2.678443745173123,0,0,0,0,0,0,0,0,0,0,0,0,0,0,0,0,0,0,0,0,0,0,0
38618,0,0,0,0,0,0,0,0,0,0,0,0,0,0,0,0,0,0,0,0,0,0,0,0,0,0,0,0,0,0,0,0,0,0,0,0,0,0,0,0,0,0,0,0,0,0,0,0,0,0,-3.1555915981458744,0,0,0,-3.0424545377699914,0,0,0,-2.7207507813755316,0,0,0,0,0,0,0,0,0,0,0,0,0,0,0,0,0,0,0,0,0,0,0,0,0,0,0,0,0,0,0,0,0,0,0,0,0,0,0,0,0,0,0,0,0,0,0,0,0,0,0,0,0,0,0,0,0,0,0,0,0,0,0,0,0,0,8.918796917291399,0,0,0,0,0,0,0,0,0,0,0,0,0,0,0,0,0,0,0,0,0,0,0
31311,0,0,0,0,0,0,0,0,0,0,0,2.360221319422477,0,0,0,0,0,0,0,0,0,0,0,0,0,0,0,0,0,0,0,0,0,0,0,0,0,0,0,0,0,0,0,0,0,0,0,0,0,0,0,0,0,0,0,0,0,0,0,0,0,0,0,0,0,0,0,0,0,0,-1.2054964721874502,0,0,0,0,0,0,-0.8055625295059703,0,0,0,0,0,0,0,0,-1.8806177228120364,0,0,0,0,0,0,0,0,0,0,0,0,0,0,0,0,0,0,0,0,0,0,0,-1.6145705885536903,0,0,0,0,0,0,0,0,-0.36403691313309583,0,0,0,0,0,6.274798862818342,0,0,0,0,0,0,0,0,0,-1.6417177441959598,0,0,0.7876023754273973,0,0,0,0,0,-1.910620587280012,0,0,0,0
30343,0,0,0,0,0,0,0,0,0,0,0,0,0,0,0,0,0,0,0,0,0,0,0,0,0,0,0,0,0,0,0,0,0,0,0,0,0,0,0,0,0,0,0,0,0,0,0,0,0,0,0,0,0,0,0,0,0,0,0,0,0,0,0,0,0,0,0,0,0,0,0,0,0,0,0,0,0,0,0,0,0,0,0,0,0,0,0,0,0,0,0,0,0,0,0,0,0,0,0,0,0,0,0,0,0,0,0,0,0,0,0,0,0,0,-5.208016063495471,0,0,0,0,0,0,0,0,0,0,5.208016063495471,0,0,0,0,0,0,0,0,0,0,0,0,0,0,0,0,0,0,0,0,0,0,0
34706,0,0,0,0,0,0.8332097558483316,0,0,0,0,0,0,0,0,0,0,0,0,0,0,0,0,0,0,0,0,0,-5.559942002103494,0,0,0,0,0,0,0,0,0,0,0,0,0,0,0,0,0,0,0,0,0,0,0,0,0,0,0,0,0,0,0,0,0,0,0,0,0,0,0,0,0,0,0,0,0,0,0,0,0,0,0,0,0,0,0,0,0,0,0,0,0,0,0,0,0,0,-5.278872446896177,0,0,0,0,0,0,0,0,0,0,0,0,0,0,0,7.077045524952357,0,0,0,0,0,0,0,0,0,0,0,0,0,0,2.9285591681989835,0,0,0,0,0,0,0,0,0,0,0,0,0,0,0,0,0,0,0,0,0,0,0
34096,0,0,0,0,0,0,0,0,0,0,0,0,0,0,0,0,0,0,0,0,0,0,0,0,0,0,0,0,0,0,0,0,0,0,0,0,0,0,0,0,0,0,0,0,0,0,0,0,0,0,0,0,0,0,0,0,0,0,0,0,0,0,0,0,0,0,0,0,0,0,0,0,0,0,0,0,0,-4.278059180398113,0,0,0,0,0,0,0,0,0,0,0,0,0,0,0,0,0,0,0.8888569164167084,0,0,0,0,0,0,0,0,0,0,0,0,0,-3.899379340209393,0,0,0,0,0,0,0,0,0,0,0,0,0,0,7.288581604190799,0,0,0,0,0,0,0,0,0,0,0,0,0,0,0,0,0,0,0,0,0,0,0
36143,0,0,0,0,0,0,0,0,0,0,0,0,0,0,0,0,0,0,0,0,0,0,0,0,0,0,0,0,0,0,0,0,0,0,0,0,0,0,0,0,0,0,0,0,0,0,0,0,0,0,0,0,0,0,0,0,0,0,0,0,0,0,0,0,0,0,0,0,0,0,0,0,0,0,0,0,0,0,0,0,0,0,0,0,0,0,0,0,0,0,0,0,0,0,0,0,0,0,0,0,0,0,0,0,0,0,0,0,0,0,3.793128547185656,0,0,0,0,0,0,0,0,0,0,0,0,0,0,-3.793128547185656,0,0,0,0,0,0,0,0,0,0,0,0,0,0,0,0,0,0,0,0,0,0,0
30213,0,0,0,0,0,0,0,0,0,0,0,-0.11630250135958953,0,0,0,0,0,0,0,0,0,0,0,0,0,0,0,0,0,0,0,0,0,0,0,0,0,0,0,0,0,0,0,0,0,0,0,0,0,0,0,0,0,0,0,0,0,0,0,0,0,0,0,0,0,0,0,0,0,0,0,0,0,0,0,0,0,0,0,0,0,0,0,0,0,0,0,0,0,0,0,0,0,0,0,0,0,0,0,0,0,0,0,0,0,0,0,0,0,0,-2.8982026351550214,0,0,0,0,0,0,0,0,0,0,0,0,0,0,3.014505136514611,0,0,0,0,0,0,0,0,0,0,0,0,0,0,0,0,0,0,0,0,0,0,0
27741,0,0,0,0,0,0,0,0,0,0,0,6.557312628368781,1.7347649939861878,0,0,0,-1.4908709972473146,0,0,0,-1.596252472198183,0,0,-1.1966387902682927,0,0,0,0,0,0,0,-1.2534546915812568,0,-1.807938777694921,0,-1.0799487428663115,0,0,0,0,0,0,0,0,0,0,-1.5797834936898716,0,0,0,0,0,-2.0668059086767228,0,0,0,0,0,-1.6313800581523923,-1.0749262374745463,0,0,0,0,0,0,0,0,0,0,-0.009780052892759628,0,0,0,0,0,0,0,-1.9787703680965816,0,0,0,0,0,0,0,0.43378323310466715,-1.647523483420188,0,0,0,0,0,0,-1.415239237192893,0,0,0,0,0,0,-1.687539904253986,0,0.10644826640352534,0,0,-0.65720652644,0,0,0,6.024798221447481,0,0,-0.512758274215344,0,0,0,0,0,0.3162580677908373,0,0,0,0,0,12.145220128860933,0,0,0,0,0,0,0,0,0,0,0,0,0,0,-1.1328482334751908,0,-0.6941071671244408,0,0,-0.4668169457637208,-1.888696552599722,0.8205037775303667,-1.2698024021681347
20803,0,0,0,0,0,0,0,0,0,0,0,0,0,0,0,0,0,0,0,0,0,0,0,0,0,0,0,0,0,0,0,0,0,0,0,0,0,0,0,0,0,0,0,0,0,0,0,0,0,0,0,0,0,0,0,0,0,0,0,0,0,0,0,0,0,0,0,0,0,0,0,0,0,0,0,0,0,0,0,0,0,0,0,0,0,0,0,0,0,0,0,0,0,0,0,0,0,0,0,0,0,0,0,0,0,0,0,0,0,0,-0.8589332614895415,0,0,0,0,0,0,0,0,1.4515599534267363,0,0,0,0,0,-0.5926266919371965,0,0,0,0,0,0,0,0,0,0,0,0,0,0,0,0,0,0,0,0,0,0,0
31427,0,0,0,0,0,-1.4479971115215058,0,0,0,0,0,0,0,0,0,0,0,0,0,0,0,0,0,0,0,0,0,0,0,0,0,0,0,0,0,0,0,0,0,0,0,0,0,0,0,0,0,0,0,0,0,0,0,0,0,0,0,0,0,0,0,0,0,0,0,0,0,0,0,0,0,0,0,0,0,0,0,0,0,0,0,0,0,0,0,0,0,0,0,0,0,0,0,0,0,0,-0.893493715061962,0,0,0,0,0,0,0,0,-1.5202984851072534,-2.862869712934984,0,0,0,5.459537610747461,0,0,0,0,0,0,0,0,0,0,0,0,0,0,1.2651214138782425,0,0,0,0,0,0,0,0,0,0,0,0,0,0,0,0,0,0,0,0,0,0,0
23629,0,0,0,0,0,0,0,0,0.6183064396810547,0,0,0,0.9956582311984228,1.0154794587210745,0,0,-1.8948752985736697,0.9659760273865903,-0.5425743693365366,-1.1489493906174628,-0.5083397314659424,0,-0.022210115563936483,1.4858648400385803,0,0,0,1.2023218710547265,0,0,0,-3.2160422264798343,0,1.043142608256332,1.282717996681173,1.3817393585094493,0,2.071739318912009,0,0.9526255676195916,0,0,0,-2.069079541134215,0,0,-0.5289887167192511,0,0,-2.728207418772545,0,0,1.1730662204510889,0,0,1.0970684205336632,1.2285926079714926,0,0,1.8710418092178092,0,0,0.40644938551694754,1.9824075611787055,0,0,1.7900527604619647,1.037194903274214,0,1.2850425565350818,-2.1850912391235244,0,0,0,0,-1.7677493789814571,0,1.7886919180624457,1.6751667597587918,-2.1943876260842377,0,0,0,0,0,0.17217790988824966,-1.5776419700538487,1.6743414935445724,0,0,-0.35551582498260537,-1.850351431466211,-3.53212554495317,-0.7366610471732384,-2.1469400469283126,0.9567486401978229,-3.3953406355879068,0,1.1956168241481624,0,0,1.9875293459005654,-0.18237784777109933,1.9012010897882572,0,2.1458781439400347,0,0,0,1.6498567432499627,0,-1.8917078625388708,-0.8463018851780939,3.554637466705385,0,-0.9268873630222947,0,0.8045808325272814,0,0,-0.6119917188066557,-0.36212615645523893,-2.7844045471795944,-2.8650093200096958,0,0,1.1573596893831652,0.48718983088189827,0,1.358968314327349,0,0.8794374301221746,-3.156109513068958,1.2553112079472442,0,1.0512435412708996,0,-0.05892479989401522,-1.8926445790631305,1.65981314377213,-2.280157974675209,1.3182087482711804,-0.857836096474772,0.09069736380645832,-1.7858431617603978,-0.15630452220168856,1.23088839104404,-1.0927379842247733,-0.7295958854156446
30965,0,0,0,0,0,0,0,0,0,0,0,0,0,0,0,0,0,0,0,0,0,0,0,0,0,0,0,0,0,0,0,0,0,0,0,0,0,0,0,0,0,0,0,0,0,0,0,0,0,0,0,0,0,0,0,0,0,0,0,0,0,0,0,0,0,0,0,0,0,0,0,0,0,0,0,0,0,0,0,0,0,0,0,0,0,0,0,0,0,0,0,0,0,0,0,0,0,0,0,0,0,0,0,0,0,0,0,0,0,0,-4.15658430272055,0,0,0,0,0,0,0,0,0,0,0,0,0,0,4.15658430272055,0,0,0,0,0,0,0,0,0,0,0,0,0,0,0,0,0,0,0,0,0,0,0
27200,0,0,0,0,0,0,0,0,0,0,0,0,0,0,0,0,0,0,0,0,0,0,0,0,0,0,0,0,0,0,0,0,0,0,0,0,0,0,0,0,0,0,0,0,0,0,0,0,0,0,0,0,0,0,0,0,0,0,0,0,0,0,0,0,0,0,0,0,0,0,0,0,0,0,0,0,0,0,0,0,0,0,0,0,0,0,0,0,0,0,0,0,0,0,0,0,0,0,0,0,0,0,0,0,0,0,0,0,0,0,-4.910456116949901,0,0,0,0,0,0,0,0,0,0,0,0,0,0,4.910456116949901,0,0,0,0,0,0,0,0,0,0,0,0,0,0,0,0,0,0,0,0,0,0,0
31543,0,0,0,0,0,0,0,0,0,0,0,0,0,0,0,0,0,0,0,-1.137816033254357,0,0,0,0,0,0,0,-1.4989577527663616,0,0,0,0,0,0,-1.4865863399065993,0,0,-0.9928377499133298,0,0,0,0,0,0,0,0,-0.6754739560520786,0,0,0,0,0,0,0,0,0,0,0,0,-1.07517592328007,0,0,0,0,0,0,-1.6583529527997443,0,0,-1.3520912092031243,0,0,0,0,0,0,0,0,0,0,0,0,0,0,0,0,0,0,0,0,0,0,0,0,-0.04648833367725658,0,0,0,0,0,0,0,-1.3734173871129864,0,0,0,0,0,0,0,10.55895735609382,0,0,0,0,0,0,0,0,0,0,0,0,0,0,4.695141473406453,0,0,0,-1.676133169804734,0,0,0,0,0,0,0,-1.4043655797683865,0,0,0,0,0,0,0,0,0,0,-0.8764024419612446
33677,0,0,0,0,0,0,0,0,0,0,0,0,0,0,0,0,0,0,0,0,0,0,0,0,0,0,0,0,0,0,0,0,0,0,0,0,0,0,0,0,0,0,0,0,0,0,0,0,0,0,0,0,0,0,0,0,0,0,0,0,0,0,0,0,0,0,0,0,0,0,0,0,0,0,0,0,0,0,0,0,0,0,0,0,0,0,0,0,0,0,0,0,0,0,0,0,0,0,0,0,0,0,0,0,0,0,0,0,0,0,0,0,0,0,0,0,0,0,0,0,0,0,0,0,0,0,0,0,0,0,0,0,0,0,0,0,0,0,0,0,0,0,0,0,0,0,0,0,0
34214,0,0,0,0,0,0,0,0,0,0,0,0,0,0,0,0,0,0,0,0,0,0,0,0,0,0,0,0,0,0,0,0,0,0,0,0,0,0,0,0,0,0,0,0,0,0,0,0,0,0,0,0,0,0,0,0,0,0,0,0,0,0,0,0,0,0,0,0,0,0,0,0,0,0,0,0,0,0,0,0,0,0,0,0,0,0,0,0,0,0,0,0,0,0,0,0,0,0,0,0,0,0,0,0,0,0,0,0,0,0,-4.428677096121097,0,0,0,0,0,0,0,0,0,0,0,0,0,0,4.428677096121097,0,0,0,0,0,0,0,0,0,0,0,0,0,0,0,0,0,0,0,0,0,0,0
37854,0,0,0,0,0,0,0,0,0,0,0,0,0,0,0,0,0,0,0,0,0,0,0,0,0,0,0,0,0,0,0,0,0,0,0,0,0,0,0,0,0,0,0,0,0,0,0,0,0,0,0,0,0,0,0,0,0,0,0,0,0,0,0,0,0,0,0,0,0,0,0,0,0,0,0,0,0,0,0,0,0,0,0,0,0,0,0,0,0,0,0,0,0,0,0,0,0,0,0,0,0,0,0,0,0,0,0,0,0,0,0,0,0,0,0,0,0,0,0,0,0,0,0,0,0,0,0,0,0,0,0,0,0,0,0,0,0,0,0,0,0,0,0,0,0,0,0,0,0
31588,0,0,0,0,0,0,0,0,0,0,0,-3.824775980589485,0,0,0,0,0,0,0,0,0,0,0,0,0,0,0,0,0,0,0,0,0,0,0,0,0,0,0,0,0,0,0,0,0,0,0,0,0,0,0,0,0,0,0,0,0,0,0,0,0,0,0,0,0,0,0,0,0,0,0,0,0,0,0,0,0,0,0,0,0,0,0,0,0,0,0,0,0,0,0,0,0,0,0,0,0,0,0,0,0,0,0,0,0,0,0,0,0,0,0,0,0,0,0,0,0,0,0,0,0,0,0,0,0,3.824775980589484,0,0,0,0,0,0,0,0,0,0,0,0,0,0,0,0,0,0,0,0,0,0,0
24411,0,0,0,0,0,0,0,0,-0.5044456008946954,0,0,-3.611003938650323,-1.7954332216611215,0.5552516805857772,0,0,-3.6191466773437035,0.7953674780111539,1.076169703781325,-1.0052021725136528,1.3055190633482567,0,0.8793696773485387,0.20041915180866,0,0,0,0.35269981977594167,0,0,0,0,0,0,0.7006897757016146,1.5529500457246428,0,0,0,2.0169979876135447,0,0,0,1.1272255276710812,0,0,0.9657367010940661,0,0,1.7850514884609812,0,0,-1.5132863947243678,0,0,2.0777621172885183,0.15667662392820958,0,0,-1.5090239971625303,0,0,-0.6762676858461427,1.6267115349491075,0,0,0,0.9188221323402308,0,-1.5098715402428695,0,0,0,0,0,-1.1931501088699719,0,1.2976672519654633,-2.2520982830730816,-3.3966503956600484,0,0,0,0,0,1.117485084764013,-1.4569548685951261,-2.7851132110250556,0,0,0.8718003746347698,0.2911706996361918,0.17309923415867612,-0.9534048709607532,0,2.5739985454899905,0,0,1.576997103039238,0,0,-1.4522477351271599,1.7508317336623005,0,0,-0.3442750458761834,-0.7293890891194126,0,0,-0.44226553269595836,0,-0.9724389823466932,0,0.28227662520084174,0,0.16583282422388024,-0.4203099663247576,1.9664768862746538,0,4.121073006029494,-1.0118951828980247,0.8111655984017379,-2.3462381517486968,-0.44604767323725536,0,-3.25274510602591,0,1.0360783652562953,0,0.6276546815701867,0,1.8995935346890978,-0.3561468013362701,1.0371743614575832,0,-1.734375045197627,0,2.485884891703048,1.7078715858331677,-0.38972879100870195,0,-0.5900744397326703,0,1.4114062458014054,0.6390811290616618,-1.3119009888267152,-2.35690877355987,0,0
30727,0,0,0,0,0,0,0,0,0,0,0,1.9599768847368466,0,0,0,0,0,0,0,0,0,0,0,0,0,0,0,0,0,0,0,0,0,0,0,0,0,0,0,0,0,0,0,0,0,0,0,0,0,0,0,0,0,0,0,0,0,0,0,0,0,0,0,0,0,0,0,0,0,0,0,0,0,0,0,0,0,0,0,0,0,0,0,0,0,0,0,0,0,0,0,0,0,0,0,0,0,0,0,0,0,0,0,0,0,0,0,0,0,0,-4.730876330543272,0,0,0,0,0,0,0,0,0,0,0,0,0,0,2.770899445806423,0,0,0,0,0,0,0,0,0,0,0,0,0,0,0,0,0,0,0,0,0,0,0
34766,0,0,0,0,0,0,0,0,0,0,0,0,0,0,0,0,0,0,0,0,0,0,0,0,0,0,0,0,0,0,0,0,0,0,0,0,0,0,0,0,0,0,0,0,0,0,0,0,0,0,0,0,0,0,0,0,0,0,0,0,0,0,0,0,0,0,0,0,0,0,0,0,0,0,0,0,0,0,0,0,0,0,0,0,0,0,0,0,0,0,0,0,0,0,0,0,0,0,0,0,0,0,0,0,0,0,0,0,0,0,0,0,0,0,0,0,0,0,0,-5.624781474217178,0,0,0,0,0,5.624781474217178,0,0,0,0,0,0,0,0,0,0,0,0,0,0,0,0,0,0,0,0,0,0,0
30433,0,0,0,0,0,0,0,0,0,0,0,-2.7052194783422348,0,0,0,0,0,0,0,0,0,0,0,0,0,0,0,0,0,0,0,0,0,0,0,0,0,0,0,0,0,0,0,0,0,0,0,0,0,0,0,0,0,0,0,0,0,0,0,0,0,0,0,0,0,0,0,0,0,0,0,0,0,0,0,0,0,0,0,0,0,0,0,0,0,0,0,0,0,0,0,0,0,0,0,0,0,0,0,0,0,0,0,0,0,0,0,0,0,0,-1.9522368585568843,0,0,0,0,0,0,0,0,0,0,0,0,0,0,4.65745633689912,0,0,0,0,0,0,0,0,0,0,0,0,0,0,0,0,0,0,0,0,0,0,0
31550,0,0,0,0,0,0,0,0,0,0,0,-2.7440848236264266,0,0,0,0,0,0,0,0,0,0,0,0,0,0,0,0,0,0,0,0,0,0,0,0,0,0,0,0,0,0,0,0,0,0,0,0,0,0,0,0,0,0,0,0,0,0,0,0,0,0,0,0,0,0,0,0,0,0,0,0,0,0,0,0,0,0,0,0,0,0,0,0,0,0,0,0,0,0,0,0,0,0,0,0,0,0,0,0,0,0,0,0,0,0,0,0,0,0,-2.9406026117989437,0,0,0,0,0,0,0,0,0,0,0,0,0,0,5.684687435425371,0,0,0,0,0,0,0,0,0,0,0,0,0,0,0,0,0,0,0,0,0,0,0
41471,0,0,0,0,0,0,0,0,0,0,0,0,0,0,0,0,0,0,0,0,0,0,0,0,0,0,0,0,0,0,0,0,0,0,0,0,0,0,0,0,0,0,0,0,0,0,0,0,0,0,0,0,0,0,-3.4342292299409936,0,0,0,0,0,0,0,0,0,-3.5345926770183884,-4.040121453073985,0,0,0,0,0,0,0,0,0,0,0,0,0,0,0,0,0,0,0,0,0,0,0,0,0,0,0,0,0,0,0,0,0,0,0,0,0,0,0,0,0,0,0,0,7.76477537339454,0,0,0,0,0,0,0,0,0,0,0,0,0,0,3.244167986638825,0,0,0,0,0,0,0,0,0,0,0,0,0,0,0,0,0,0,0,0,0,0,0
28088,0,0,0,0,0,0,0,0,0,0,0,0,0,0,0,0,0,0,0,0,0,0,0,-4.313505111743794,0,0,0,0,0,0,0,0,0,0,0,0,0,0,0,0,0,0,0,0,0,0,0,0,0,0,0,0,0,0,0,0,0,0,0,0,0,0,0,0,0,0,0,0,0,0,0,0,0,0,0,0,0,0,0,0,0,0,0,0,0,0,0,0,0,0,0,0,0,0,0,0,0,0,0,0,0,0,0,0,0,0,0,0,0,0,0,0,0,0,0,0,0,0,0,0,0,0,0,0,0,4.313505111743792,0,0,0,0,0,0,0,0,0,0,0,0,0,0,0,0,0,0,0,0,0,0,0
32203,0,0,0,0,0,3.1665362147536777,0,0,0,0,0,0,0,0,0,0,0,0,0,0,0,0,0,0,0,0,0,0,0,0,0,0,0,0,0,0,0,0,0,0,0,0,0,0,0,0,0,0,0,0,0,0,0,0,0,0,0,0,0,0,0,0,0,0,0,0,0,0,0,0,0,0,0,0,0,0,0,0,0,0,0,0,0,0,0,0,0,0,0,0,0,0,0,0,0,0,-2.5523992442896812,0,0,0,0,0,0,0,0,-4.5757034368415095,0,0,0,0,6.329006720093488,0,0,0,0,0,0,0,0,0,0,0,0,0,0,-2.3674402537159756,0,0,0,0,0,0,0,0,0,0,0,0,0,0,0,0,0,0,0,0,0,0,0
31549,0,0,0,0,0,0,0,0,0,0,0,-4.446102532682668,0,0,0,0,0,0,0,0,0,0,0,0,0,0,0,0,0,0,0,0,0,0,0,0,0,0,0,0,0,0,0,0,0,0,0,0,0,0,0,0,0,0,0,0,0,0,0,0,0,0,0,0,0,0,0,0,0,0,0,0,0,0,0,0,0,0,0,0,0,0,0,0,0,0,0,0,0,0,0,0,0,0,0,0,1.9885958006199864,0,0,0,0,0,0,0,0,0,0,0,0,0,0,0,0,0,0,0,0,0,0,0,0,0,0,0,0,2.457506732062683,0,0,0,0,0,0,0,0,0,0,0,0,0,0,0,0,0,0,0,0,0,0,0
34251,0,0,0,0,0,0,0,0,-1.100922920256743,0,0,6.640638940007832,0,0,0,0,0,0,0,0,0,0,-1.0177024629630886,0,0,0,0,0,0,0,0,0,0,-1.1169283632348601,0,-0.9331734000598053,0,0,0,0,0,0,0,-0.9609029799441364,0,0,0,0,0,0,0,0,-1.115920964629408,0,0,0,0,0,0,0,0,0,0,-0.9372519713914689,0,0,-0.9716542969624649,-0.9216667957575901,0,-1.1335361052585906,0,0,0,0,0,-1.1185032999713158,0,-1.1133494562569264,-1.0185008018089223,0,0.5072862538828833,0,0,0,0,0,0,-0.9915075876559603,0,0,0,-0.9726176025943758,-1.1032444279398077,0,0,0,0,0,-0.9720617735128947,0,0,-1.0047548148301861,0,0,0,0,0,0,0,-1.0493662847983694,5.356163057249474,0,0,-0.1649837691410725,0,-1.0799989662852671,0,-1.07675895377167,0,6.514927908447576,-0.9586353764579156,0,0,0,0,11.289155975938943,0,-1.1028644507424357,0,0,0,0,0,0,0,-0.16337020062695107,0,-0.9917295942447506,0,0,0,0,-0.997084650995232,-1.026546147251148,-1.0179603580151175,-1.1492623285154147,-1.025411029652819,0,0
34768,0,0,0,0,0,0,0,0,0,0,0,0,0,0,0,0,0,0,0,0,0,0,0,0,0,0,0,0,0,0,0,0,0,0,0,0,0,0,0,0,0,0,0,0,0,0,0,0,0,0,0,0,0,0,0,0,0,0,0,0,0,0,0,0,0,0,0,0,0,0,0,0,0,0,0,0,0,0,0,0,0,0,0,0,0,0,0,0,0,0,0,0,0,0,0,0,0,0,0,0,0,0,0,0,0,0,0,0,0,0,0,0,0,0,0,0,0,0,0,0,0,0,0,0,0,0,0,0,0,0,0,0,0,0,0,0,0,0,0,0,0,0,0,0,0,0,0,0,0
28318,0,0,0,0,0,0,0,0,0,0,0,1.897417343148211,0,0,0,0,0,0,0,0,0,0,0,0,0,0,0,0,0,0,0,0,0,0,0,0,0,0,0,0,0,0,0,0,0,0,0,0,0,0,0,0,0,0,0,0,0,0,0,0,0,0,0,0,0,0,0,0,0,0,0,0,0,0,0,0,0,0,0,0,0,0,0,0,0,0,0,0,0,0,0,0,0,0,0,0,0,0,0,0,0,0,0,0,0,0,0,0,0,0,-4.784650782201153,0,0,0,0,0,0,0,0,0,0,0,0,0,0,2.8872334390529435,0,0,0,0,0,0,0,0,0,0,0,0,0,0,0,0,0,0,0,0,0,0,0
34246,0,0,0,0,0,0,0,0,0,0,0,4.6650880030012365,0,0,0,0,0,0,0,0,0,0,0,0,0,0,0,0,0,0,0,0,0,0,0,-2.1788539206176014,0,0,0,0,0,0,0,0,0,0,0,0,0,0,0,0,0,0,0,0,0,0,0,0,0,0,0,-2.6793809733088128,0,0,0,0,0,0,0,0,0,0,0,0,0,0,0,0,0,0,0,0,0,0,0,0,0,0,0,0,0,0,0,0,0,0,0,0,0,0,0,0,0,-2.9987363400393607,0,0,0,-2.090342072340422,3.622436327612676,0,0,-1.9530282858987302,0,0,0,0,0,0,0,0,-2.8412682097631587,0,0,9.443401465043149,0,0,0,0,0,0,0,0,0,0,0,0,0,0,0,0,0,0,0,-2.9893159936889737,0,0,0
35837,0,0,0,0,0,0,0,0,0,0,0,0,0,0,0,0,0,0,0,0,0,0,0,0,0,0,0,0,0,0,0,0,0,0,0,0,0,0,0,0,0,0,0,0,0,0,0,0,0,0,0,0,0,0,0,0,0,0,0,0,0,0,0,0,0,0,0,0,0,0,-1.5421050756234456,0,0,0,0,0,0,0,0,-1.7837381608462963,0,0,0,0,0,0,0,0,0,0,0,0,0,0,0,0,0,0,0,0,0,0,0,0,0,0,0,0,0,0,0,0,0,0,0,0,0,0,0,-1.6959438976798489,0,0,0,0,0,8.101106971761455,0,0,0,0,0,-1.8516473577223258,0,-1.2276724798895358,0,0,0,0,0,0,0,0,0,0,0,0,0,0,0
38724,0,0,0,0,0,-0.030423357175492605,0,0,0,0,0,0,0,0,0,0,0,0,-2.860135991771775,0,0,0,-1.7084168138741758,0,0,0,0,0,0,0,0,0,0,0,0,-1.8516312969338609,0,0,0,0,0,0,0,-1.7750736770541744,0,0,0,0,0,0,0,0,-2.633828353716898,0,0.19639571986545334,0,0,0,-4.04479437104688,0,0,0,0,0,0,0,0,0,0,0,0,0,0,0,0,0,0,0,0,0,0,0,0,-2.3936284447803713,0,0,0,0,0,0,0,0,0,0,0,0,0,0,0,0,0,0,0,-0.2771420822007009,0,0,0,0,0,0,10.27348404413705,-1.218927492981555,0,0,0,0,0,0,0,4.750995737558424,0,0,0,-1.9336387345303647,0,7.02181854190989,0,0,0,0,0,0,0,0,0,0,0,0,0,0,-1.515053427404574,0,0,0,0,0,0,0,0
36217,0,0,0,0,0,0,0,0,0,0,0,0,0,0,0,0,0,0,0,0,0,0,0,0,0,0,0,0,0,0,0,0,0,0,0,0,0,0,0,0,0,0,0,0,0,0,0,0,0,0,0,0,0,0,0,0,0,0,0,0,0,0,0,0,0,0,0,0,0,0,0,0,0,0,0,0,0,0,0,0,0,0,0,0,0,0,0,0,0,0,0,0,0,0,0,0,0,0,0,0,0,0,0,0,0,0,0,0,0,0,0,0,0,0,0,0,0,0,0,-4.003730703501809,0,0,0,0,0,4.003730703501809,0,0,0,0,0,0,0,0,0,0,0,0,0,0,0,0,0,0,0,0,0,0,0
13961,0,0,0,-3.7716386800157506,0,0,0,0,0,0,0,0,0,0,0,0,0,0,0,0,0,0,0,0,0,0,0,0,0,0,0,0,0,0,0,0,0,0,0,0,0,0,0,0,0,0,0,0,0,0,0,0,0,0,0,0,0,0,0,0,0,0,0,0,0,0,0,0,0,0,0,0,0,0,0,0,0,0,0,0,0,0,0,0,0,0,0,0,0,0,0,0,0,0,0,0,0,0,0,0,0,0,0,0,0,0,0,0,0,0,0,0,0,0,0,0,0,0,0,3.7716386800157506,0,0,0,0,0,0,0,0,0,0,0,0,0,0,0,0,0,0,0,0,0,0,0,0,0,0,0,0,0
34266,0,0,0,0,0,0,0,0,0,0,0,4.0774383452652385,-1.2122139056654944,0,0,0,-0.7426717140140333,-0.6755503886070402,0,-0.894288907547752,-0.5911877613447882,0,0,-0.9524585818051827,0,0,0,-0.9892664522870454,0,0,0,-0.6507019713931985,0,0,-0.6520016327521572,-1.2350408557570534,0,0.15879300132958551,0,0,0,0,0,0,0,0,-0.6364306416081114,0,0,0,0,0,0,0,0,-0.687157271894768,0,0,0,0.2877368254519972,0,0,-0.48717676724685655,-1.0565401532755598,0,0,1.032545253419567,0,-0.7819941452555295,-0.9557595232244265,0.7127726875027074,0,0,0,0,0,0,-0.3341311918349339,-0.9394541815092978,-0.4318055564700143,0,0,0,0,0,0,0,0,0,0,0,0,-1.125361761998751,0.15568230248195603,-0.05765759117899938,-1.120509666472835,0,0,0,0,0,0,0.014658329332605469,0.6553559509936306,0,-0.7061788592972271,0,0,0,-0.4886407854670676,3.9624932419311474,-1.2658395952122863,-0.07023135825252247,-0.2769896655243578,0,0,0,0,0,3.8333121244606474,-0.009929786394792917,0.031139799952378144,0,0,0,9.934943332746007,-0.2360853236901166,0,0,-1.041927319853361,0,-0.960790368660513,-1.0026437302190119,-1.0498985910458818,0,-1.0411416487367071,0,0.36558582033530396,0.6488392622902799,0,-0.48091262780123945,0,0.64923557920616215,0,0,-1.3614854020503868,1.1462689024953185,-0.6938155963355435,0.22907052249031468
23032,0,0,0,0,0,0,0,0,0,0,0,0,0,0,0,0,0,0,0,0,0,0,0,0,0,0,0,0,0,0,0,0,0,0,0,0,0,0,0,0,0,0,0,0,0,0,0.34837184466481297,0,0,0,0,0,-1.9725620559736412,0,0,-0.3924514073352592,0,0,0,-0.6368942609079582,0,0,0,0,0,0,0,0,0,0,0,0,0,0,0,0,0,0,0,0,0,0,0,0,0,0,0,0,0,0,0,0,0,0,0,-0.7852611458695637,0,0,0,0,0,0,0.28029267770075705,1.191738461900032,0,0,0,0,0,0,0,0,0,-1.6930280931377863,0,0,0,0,0,6.839562419693072,-1.4371779187319436,0,0.8384590492955857,0,0,0,0,0,0,-0.019444796950145005,0,0,0,0,0,0,0,-1.6560889393491172,0,0,0,0.053932974657917576,0,-0.9105973484722916,0,0,0,0,-0.048851461184465705
29102,0,0,0,0,0,0,0,0,-1.1277431084710563,0,-2.4668910703196127,6.386059432801585,-0.5175065791373648,-0.48565328682386166,0,0,-0.3001726849343882,-0.5089247500725991,-1.0872988719422807,1.086714584425648,0.38567075602807677,0,1.1024279064780274,0.3251652899402284,0,0,0,-0.6269456775378317,0,0,0,-0.08321807962446837,0,-0.6806709441517311,1.0410638051503813,-0.655434199870546,0,-0.27286208060301487,0,-0.3820238724888787,0,0,0,0.31225582149804954,0,0,0.21219985795524732,0,0,-0.35848902207209576,0,0,-0.7847696647372802,0,0,-0.4071617671665617,-1.3181083949196668,0,0,0.18368889301159186,0,0,0.9865604754856321,0.3608667580192009,0,0,0.09027786644022662,-0.13370869363014926,0.27619575223121995,0.34983644423723437,-0.27761537448810447,0,0,0,0,-2.0061362887536607,0,-0.09440125662830656,-0.595495555856449,-0.4370430385965136,0,0,0,0,0,-0.2874974727294646,-0.8656461476608057,-0.8428604802378601,0,0,0.06889603002161415,-0.6423614315954422,-1.1524450508696673,0.7769155135820025,0.26655268395679066,1.018373448600335,0,0,-0.8862007150439224,0,0,-0.7815599598482699,0.2905484065568862,0.7639521374293405,0,-0.17596764698552914,-0.16878625177432127,0,0,1.182187557698878,0,0.02850068491566482,0.30060383549918956,0.49239714156271663,0,-0.8135411057397262,-0.3047667106738272,-1.0270472964643345,0,2.092808783519577,0.33950537046605245,0.05705837262307689,1.4963527671795873,-0.2742665275224203,0,0,1.8864580366986656,0.6163557761353777,0,0.27095029912497637,0,-0.7561999463610523,0.6797523521968358,-0.09824715640981907,0,0.1690219394229482,0,0.24377424226869415,-0.2532293535183294,-0.22996459200984543,1.1159233184810322,-0.750105189594541,-0.11023449687128917,-0.733883527752297,-0.07750036283906248,-0.9432519608317356,0.4154111694166023,0.16156703058310917,-0.0490128954823108
39042,0,0,0,0,0,0,0,0,0,0,0,0,0,0,0,0,0,0,0,0,0,0,0,0,0,0,0,0,0,0,0,0,0,0,0,0,0,0,0,0,0,0,0,0,0,0,0,0,0,0,0,0,0,0,-4.702680777500907,0,0,0,0,0,0,0,0,0,0,0,0,0,0,0,0,0,0,0,0,0,0,0,0,0,0,0,0,0,0,0,0,0,0,0,0,0,0,0,0,0,0,0,0,0,0,0,0,0,0,0,0,0,0,0,4.702680777500905,0,0,0,0,0,0,0,0,0,0,0,0,0,0,0,0,0,0,0,0,0,0,0,0,0,0,0,0,0,0,0,0,0,0,0,0,0,0
21581,0,0,0,0,0,0,0,0,0.41269323288520265,0,0,0,0.38196301654402376,1.954860788072824,0,0,0.13360374350295956,1.2730755785537662,-1.6456799620536282,1.4021126425696027,-2.382321837144275,0,1.2060484198598909,1.6588718118217196,0,0,0,1.8815347593634018,0,0,0,2.130212460456643,0,-0.09364905918713884,-0.6596259269197438,0.6866642467231312,0,-1.9977052697670965,0,-0.271448633095404,0,0,0,-0.6427342507826541,0,0,-0.4352960947399689,0,0,-2.647254547269757,0,0,2.300089823891871,0,0,0.9415304660470332,-0.9180886131140138,0,0,-1.1696204862667186,0,0,-0.1484100293080708,1.321698920311566,-4.6859758602612684,-4.848989744999919,2.530545033895941,-0.6088009968365204,-2.947912511531375,0.9787653105195515,-3.4614152810363406,0,0,0,0,1.455745183746946,0,1.7810307639975038,-0.45024524291443324,-0.8212588866057011,0,0,0,0,0,0.7616262901291231,-0.31348703959396307,2.215024789666127,0,0,0.9070211459315338,0.7686485430448409,0.6564844692234066,-2.421783344593903,-3.878157881494801,-2.6306534348238095,0,0,-1.3378312992505403,0,0,0.898140576437048,0.7409698248004233,-3.325123070396975,0,0.6594390453220527,1.20822127144499,0,0,3.5497690594370868,0,1.2433908401784324,0,2.2126829090883637,0,1.850967840873234,-1.1692538136794512,1.7541491609582929,0,0,-0.7800751129042744,-2.4033433040751975,-1.7730053727791297,-1.1180621841015759,0,0,0,2.146695130411728,0,0.7438317016068652,0,-0.8395227781125518,-0.08773229323764742,1.3390683421030625,0,2.025581926929976,0,-1.0087357448293242,0.8319324003537147,2.4171764754230294,0,3.1288853234473715,1.5740760960749478,1.2958877735038454,-1.037946955282277,1.76868251984821,-0.7425430267919326,-3.0880676890293572,-2.3376420801905384
47316,0,0,0,0,0,5.043700190990586,0,0,0,0,0,0,0,0,0,0,0,0,0,0,0,0,0,0,0,0,0,0,0,0,0,0,0,0,0,0,0,0,0,0,0,0,0,0,0,0,0,0,0,0,-3.8700314531435165,0,0,0,0,0,0,0,0,0,0,0,0,0,0,0,0,0,0,0,-2.850643124193885,0,0,0,0,0,0,0,0,0,0,0.30708198207666193,0,0,0,0,0,0,0,0,0,0,0,0,0,0,0,0,0,-0.8183679866721931,0,0,0,0,0,0,0,0,0,0,0,0,0,0,0,0,0,0,0,0,0,0,0,0,2.188260390942344,0,0,0,0,0,0,0,0,0,0,0,0,0,0,0,0,0,0,0,0,0,0,0,0
47606,0,0,0,0,0,4.109741335376318,0,0,0,0,0,-2.283387066034955,0,0,0,0,0,0,0,0,0,0,0,0,0,0,0,0,0,0,0,0,0,0,0,0,0,0,0,0,0,0,0,0,0,0,0,0,0,0,0,0,0,0,0,0,0,0,0,-2.604146085078476,0,0,0,0,0,0,0,0,0,0,0,0,0,0,0,0,0,0,0,0,0,0,0,-2.801611209713584,0,0,0,0,0,0,0,0,0,0,0,0,-0.6740350870866463,0,0,0,0,0,0,0,0,0,0,0,0,0,-2.368493141372377,0,0,0,0.9649723003336881,0,0,0,0,0,0,0,0,0,5.656958953576032,0,0,0,0,0,0,0,0,0,0,0,0,0,0,0,0,0,0,0,0,0,0,0,0
46863,0,0,0,0,0,-2.999189321786132,0,0,0,0,0,0.5198644595975779,0,0,0,0,0,0,0,0,0,0,0,0,0,0,0,0,0,0,0,0,0,0,0,0,0,0,0,0,0,0,0,0,0,0,0,0,0,-4.471533532374736,0,0,0,0,0,0,0,0,0,-4.382280920174755,0,0,0,0,0,0,0,0,0,0,0,0,0,0,0,0,0,0,0,0,0,0,0,0,0,0,0,0,0,0,0,0,0,0,0,0,0,0,0,0,0,0,0,0,0,0,0,0,0,0,0,0,0,0,2.7695409381280642,0,0,0,0,0,0,0,0,0,5.464535141263412,3.099063235346571,0,0,0,0,0,0,0,0,0,0,0,0,0,0,0,0,0,0,0,0,0,0,0
47870,0,0,0,0,0,0,0,0,0,0,0,0,0,0,0,0,0,0,0,0,0,0,0,0,0,0,0,0,0,0,0,0,0,0,0,0,-4.333564459327727,0,0,0,0,0,0,0,4.333564459327727,0,0,0,0,0,0,0,0,0,0,0,0,0,0,0,0,0,0,0,0,0,0,0,0,0,0,0,0,0,0,0,0,0,0,0,0,0,0,0,0,0,0,0,0,0,0,0,0,0,0,0,0,0,0,0,0,0,0,0,0,0,0,0,0,0,0,0,0,0,0,0,0,0,0,0,0,0,0,0,0,0,0,0,0,0,0,0,0,0,0,0,0,0,0,0,0,0,0,0,0,0,0,0,0
41509,0,0,0,0,0,0,0,0,0,0,0,0,0,0,0,0,0,0,0,0,0,0,0,0,0,0,0,0,0,0,0,0,0,0,0,0,0,0,0,0,0,0,0,0,2.7892848353883544,0,0,0,0,0,0,0,0,0,0,0,0,0,0,0,0,0,0,0,0,0,0,0,0,0,0,0,0,0,0,0,0,0,0,0,0,0,0,0,0,0,0,0,0,0,0,0,0,0,0,0,0,0,0,0,0,0,0,0,0,0,0,0,0,0,0,0,0,0,0,0,0,0,0,0,0,0,0,0,0,3.70207183336794,0,0,0,0,0,0,0,0,0,0,0,0,0,0,0,0,0,0,0,-2.4046660586096893,0,-4.0866906101466025,0
45755,0,0,0,0,0,0,0,0,0,0,0,0,-1.2325724192704026,0,0,0,0,-1.2256317351253472,0,0,0,0,0,0,0,0,0,0,0,0,0,0,0,0,0,0,0,-1.96367422538721,0,0,0,0,0,0,0,0,0,0,0,0,0,0,0,0,4.36470405764684,0,0,0,0.05637215904880222,0,0,0,0,-2.266916837529161,0,0,0,0,0,0,0,0,0,0,0,0,0,0,0,0,0,0,0,0,0,-1.0922274870560384,0,0,0,0,0,0,0,0,0,0,0,0,0,0,0,0,0,0.2989661609036709,0,0,0,0,0,0,0,0,0,0,0,0,0,0,0,0,0,0,0,0,0,5.298819507790123,0,0,0,0,0,0,0,0,0,0,0,0,0,0,0,0,0,0,-2.2378391810212723,0,0,0,0
47445,0,0,0,0,0,0,0,0,0,0,0,0,0,0,0,0,0,0,0,0,0,0,0,0,0,0,0,0,0,0,0,0,0,0,0,0,0,0,0,0,0,0,0,0,0,0,0,0,0,0,0,0,0,0,1.8933422672100981,0,0,0,-3.635352444790887,0,0,0,0,0,0,0,0,0,0,0,0,0,0,0,0,0,0,0,0,0,0,0,0,0,0,0,0,0,0,0,0,0,0,0,0,0,-2.5340354220864576,0,0,0,0,0,0,0,0,0,0,0,0,0,5.939796576726977,0,0,0,0,0,0,0,0,-5.326920348654994,0,0,0,0,0,3.6631693715952665,0,0,0,0,0,0,0,0,0,0,0,0,0,0,0,0,0,0,0,0,0,0,0
47082,0,0,0,0,0,0.6812870838722507,0,0,0,0,0,0,0,0,0,0,0,0,0,0,0,0,0,0,0,0,0,0,0,0,0,0,0,0,0,0,0,0,0,0,0,0,0,0,0,0,0,0,0,0,0,0,0,0,-4.093437515728588,0,0,0,-3.8306921231939346,0,0,0,0,0,0,0,0,0,0,0,0,0,0,0,0,0,0,0,0,0,0,0,0,0,0,0,0,0,0,0,0,0,0,0,0,0,0,0,0,0,0,0,0,0,0,0,0,0,0,0,4.965044933058849,0,0,0,-2.8645465298707364,0,0,0,0,0,0,0,0,0,0,5.14234415186216,0,0,0,0,0,0,0,0,0,0,0,0,0,0,0,0,0,0,0,0,0,0,0
45075,0,0,0,0,0,0,0,0,0,0,0,0,0,0,0,0,0,0,0,0,0,0,0,0,0,0,0,0,0,0,0,0,0,0,0,0,0,0,0,0,0,0,0,0,0,0,0,0,0,0,-2.551091297353903,0,0,0,1.1630509009888739,0,0,0,2.177753470998579,0,0,0,0,0,0,0,0,0,0,0,0,0,0,0,0,0,0,0,0,0,0,0,0,-3.905055239187984,0,0,0,0,0,0,0,0,0,0,0,0,2.3739341324582464,0,0,0,0,0,0,0,0,0,0,0,0,0,-0.13907047982729193,0,0,0,0,0,0,0,0,-4.844772299672059,0,0,0,0,0,5.725250811595537,0,0,0,0,0,0,0,0,0,0,0,0,0,0,0,0,0,0,0,0,0,0,0
46237,0,0,0,-4.353600325397148,0,2.5816047418383272,0,0,0,0,0,0,0,0,0,0,0,0,0,0,0,0,0,0,0,0,0,0,0,0,0,0,0,0,0,0,0,0,0,0,0,0,0,0,0,0,0,0,0,0,-3.3930717788993388,0,0,0,1.26045273989254,0,0,0,-2.5591167837524056,0,0,0,0,0,0,0,0,0,0,0,0,0,0,0,0,0,0,0,0,0,0,0,0,-3.741526390914556,0,0,0,0,0,0,0,0,0,0,0,0,-0.6341231109058683,0,0,0,0,0,0,0,0,0,0,0,0,0,7.2919395008438945,0,0,0,0.49175936740846016,0,0,0,0,-3.172964422493876,0,0,0,0,0,6.228646462379973,0,0,0,0,0,0,0,0,0,0,0,0,0,0,0,0,0,0,0,0,0,0,0
36285,0,-0.9010208045865142,0,0,-1.000564885848021,0,0,0,0,0,0,0,0,0,0,0,0,-0.5987857556962508,0,0,0,0,0,0,0,0,0,0,-0.7976092630437481,0,0,0,0,0,0,0,10.035633040872803,0,0,0,-1.111403234992835,0,0,0,0,-1.1918849900013329,0,0,0,-0.9046099322888845,0,-0.6716245650383708,0,0,-0.9848962183026293,-0.5907253371009049,0,0,0,0,0,0,0,0,0,-1.0389933986309163,0,0,-0.4456946663165473,0,0,0,0,0,-0.6477306952541158,0,0,0,0,0,0,0,0,0,-0.22674482175779742,0,0,-1.1012480074612032,0,0,0,0,-1.1863807859415427,0,0,-0.8169060743505168,0,0,0,0.07337437518282108,-1.0718658500608003,0,0,0,0,-0.23567819618965746,0,0,0,-0.17105608812124418,0,0,0,-0.982706217468619,0,0,0,0,-0.5334295137465972,0,0,0,0,0,0,8.660887587475372,0,0,0,0,-0.19445858500454527,0,0,0,0,0,0,0,0,0,0,-1.148228832277805,0,0,0,0,-0.21564828404959524,0,0
36923,0,0,0,-0.9523428841173458,0,0,0,0,0,0,0,0,0,0,0,0,0,-0.7461944103233393,0,0,0,0,0,0,0,0,-0.46841739732920207,-0.7057727521098771,-0.28251626868565083,-0.6818753887068016,9.672277674891916,0,-0.9645166631925335,0,0,0,1.0213097465064847,0,0,0,-0.5801248794140648,0,0,0,0,0,0,1.9543242808588133,0,-0.6263149723240575,-0.6273471441657001,-0.8626653891888592,-1.0136079741447626,-0.8125371674211399,0,-0.28619870361156474,-0.6781275294697235,0,0,0,0,0,-0.8739125015665699,0,0,0,-0.5999188010039744,-0.7011870921102243,0,0,-0.9662475878919876,0,0,0,-0.7773027358138793,0,0,0,0,0,0,0,0,0,0,-0.9678785196684832,0,-0.6254669094088081,0,0,0,0,0,0,0,0,0,0,-1.4009196105804544,-0.9281260965916212,0,0,0,0,-0.9033125254724377,0,0,0,-0.3978386402850487,0,11.605566645350002,0,0,0,0,0,0,-0.5348754252726136,0,0,0,0,0,0,0,0,-0.5069607592296794,0,0,0,-0.9189491571838762,0,0,0,0,0,0,-0.42842562643344007,0,-0.787280034114282,0.0083140086121140655,-0.8096875329332662,0,0,0,-0.8449432764540621,0,0,0
32450,0,0,0,0,-1.2730728313202744,0,0,0,-0.8879145467796539,0,-1.1475290365550643,0,0,-0.5744235696052895,0,0,0,-0.602623222582078,-0.7318315536438407,0.07802217949405543,0,0,0,0,-0.8181351658976594,0,0,0,0,0,0,0,0,-0.7142152075601618,0,0,-0.802098753308893,0,0,0,0,-0.8393590687376578,0,0,0,0,0,0,0,0,0,0,0,0,0,0,-1.0728001261081177,0,0,0,0,0,0,0,0,0,0,0,0,0,0,0,0,8.451656491318063,-1.1732376457057105,0,0,0,0,0,0,0,0,0,0,-0.6347244386085142,0,0,0,0,0,0,0,-0.14016350980970538,0,0,0,0,0,0,0,0,0,0,0,0,0,0,0,0,0,-0.6126225379436803,0,0,0,0,0,-0.16607034063956005,0,0,0,0,0,-0.993192056064427,-0.7894093330705423,7.654449672561874,0,0,0,0,0,0,0,-0.3294496720812363,0,0,0,0,0.10326434947207241,0,0,-1.1896117120594836,0,-0.7949083647645159,0,0,0,0,0
43563,0,0,0,0,0,0,0,0,0,0,0,0,0,0,0,0,0,0,0,0,0,0,0,0,0,0,0,0,0,0,0,0,0,0,0,0,0,0,0,0,0,0,0,0,0,0,0,0,0,0,0,0,0,0,0,0,0,0,0,0,0,0,0,0,0,0,0,0,0,0,0,0,0,0,0,0,0,0,0,0,0,0,0,0,0,0,0,0,0,0,0,0,0,0,0,0,0,0,0,0,0,0,0,0,0,0,0,0,0,0,0,0,0,0,0,0,0,0,0,0,0,0,0,0,0,3.4926979897492796,0,0,0,0,0,0,0,0,0,0,0,0,0,-3.4926979897492805,0,0,0,0,0,0,0,0,0
36957,0,-0.12623692692753163,0,0,0,0.8715047690587885,0,0,0,0,-0.6442385368791874,0.22371017412948113,0,-0.5901453116460504,-0.3368061938595943,0,0,-0.7962748936594317,0,0,0,0,-0.45273656198663703,0,-0.9570777906216938,0,0,0,0,-0.6705801848059947,8.641749167578835,0,0,0,0,0,0,0,0,0,-0.9634699908047626,0,0,0,0,0,-0.09730576498207322,0.24143975560665076,0,0,0,-1.0612518306342231,0,-0.8551768346741371,-0.9448938553140138,-0.8511317117563322,-0.527363718446916,0,0,0,-0.9803360895633082,0,-0.4887815600379666,0,-0.85306213583097,0,0,0,0,0,0,0,0,0,0,0,0,0,0,0,0,0,0,0,0,0,0,0,0,0,0,0,0,0,0,0,0,-0.43802439917381175,0,0,-0.5524945748814649,-0.9381204259017464,0,0.19680766228826707,0,0,0,0,0,-0.6119575263312753,10.623713452432257,-1.0450366798239514,0,-1.1855269173558538,0,0,-0.6593194234130269,-0.1621617779551312,0,0,0,0,-0.3179491651640878,-0.4241726363662024,0,0.42320553705817776,0,0,0,0,-0.6988318146064514,0,0,0,-1.1461454647523506,0,0,0,0,-0.47855581801493186,0,-0.4074863835386586,0,0,0,0,0,0,0.04052238155731791
36286,0,0,0,0,0,0,0,0,0.15189131471017614,0,0,0,0,0,-0.22564619273660202,-0.6139915176131461,0,-0.9651446675307724,-0.10269559573007836,0,0,0,0,0,0,0,-0.27844611389874085,0,0,0,-0.9100840690930627,0,0,0,-0.5490280000307948,0,9.352254315794207,0,-0.8238234351505285,0,0,0,0,0,-0.596777288774244,-0.7383013052472251,0,-0.476091212951653,0,0,0,0,0,0,0,0,0,0,-0.9542301403492686,0,-0.04474619919253042,-0.6332117698557642,0,0,0,-0.13247858215555386,0,-0.28690302151866076,0,-0.8945475384437223,0,-0.40876738916881195,0,0,0,0,0,-0.17531795128100214,-0.40508733306195044,0,0,-0.7818539430020404,-0.6162970831432504,0,0,-0.9760987892808077,0,0,0,0,0,0,-0.8329629650237256,0,0,0,0,0,-0.7133419317532304,0,0,-0.5400881700118081,0,0,0,0,0,0,0,0,0,-0.6007106895763865,0,0,0,-0.753563040169694,-0.6882661932790133,0,0,0,0,0,0.69731719213901,0,0,8.017198523402602,-0.23254963384496152,0,0,0,0,0,0,0,0,-0.7198098493762064,0,0,0,0,0,0,-0.09148801502184734,0,0,-0.4563117187789185,0,0,0
43484,0,0,0,0,0,0,0,0,0,0,0,1.527860116282115,0,0,0,0,0,0,0,0,0,0,0,0,0,0,0,0,0,0,0,0,0,0,0,0,0,0,0,0,0,0,0,0,0,0,0,0,0,0,0,0,0,0,0,0,0,0,-1.7240242264046381,0,0,0,0,0,0,0,0,0,0,0,0,0,0,0,0,0,0,0,0,0,0,0,0,0,0,0,0,0,0,0,0,0,0,0,0,0,0,0,0,0,0,0,-3.7844385808860874,0,0,0,0,0,0,0,-2.258078874420055,0,0,0,0,0,0,0,0,0,0,0,0,0,0,6.238681565428664,0,0,0,0,0,0,0,0,0,0,0,0,0,0,0,0,0,0,0,0,0,0,0
36961,-0.8196242183910347,0,0,0.02286212185857428,0,0,0,-0.9284187660705276,0,-0.24931522053619437,-0.8474371777125591,2.3961193353816412e-4,0,0,0,0,0,0,0,0,0,-0.7890433008006497,0,0,-0.9113608314408328,0,0,0.4560120506187877,0,-0.7027056564821943,10.917343878972883,0.4633877088509455,0,0,0,0,-0.40936135932001694,0,0,0,0,0,-0.855237477247242,-0.6671786411233231,0.1988778581677595,0,0,0,0.3765157342779788,0,0,0,0,0,-0.7913083159738732,-0.5715515722707467,-0.6848713276900686,0,0,0,-0.6038393103180941,-0.509737186534446,-0.7006245008913337,-0.6418473067069335,0,0,-0.5182391638502071,0,0,0,0,-0.7864989808922278,0,0.4483884242191034,0,-0.8487738779573077,0,0,0,0,0,-0.34963310242866275,0,0,-0.8568699362076853,0,-0.35009832367292937,0,-0.9208202599510074,-1.129170488399582,0,-0.8823919911230487,0,0,0,-0.5440843192373608,0,-0.4946930947858825,-0.621635604455991,0,-0.265803002199716,0,0,0,0,0,0,0,0,0,12.418052651196083,0,0,-0.1191500653583577,0,-0.639137672192267,0,0,-0.9132416364488414,0,0,0,-0.42451474571502734,0,0,0,0,-0.38674770348952325,0,0,0,0,0,0,0,0,0,0,0,-0.8535566277731994,0,0,0,-0.8682809040401911,-0.3551654015999124,-0.4897109688066599,0,0,0
37410,0,-1.1574441354411946,-1.0771876514093304,0,0,0,0,0,0,0,-0.3529645500151095,0,0,0,0,0,0,0,-0.4900663756296164,-0.741366446203112,0,0,-1.2460226227161577,0,0,0,-0.9219231430232764,0,0,0,1.2966270077573947,0,0,0,0,0,0,0,-0.48296886159394203,0,0,0,0,0,0,-1.4622709836769983,0,0,0,0,-1.1383643587064287,-1.5180237660882936,0,0,-1.4722470694198453,0,0,0,0,0,0,0,0,0.0284379526621934,-1.3771229343511786,-1.1885909451380483,0,0,0,0,0,0,0,0,0,0,0,0,0,0,0,0,-0.6550983770179069,-1.4105800411148688,0,0,0,0,0,0,0,0,0,0,0,0,0,-1.0455612975532627,0,0,0,0,0,0,-0.7365950976325095,0,0,0,0,0,11.559043267312504,0,0,0,0,-1.3173891272103706,0,0,0,2.5064077191832306,0,0,-0.6362762859196964,0,0,9.643797234421363,0,0,0,0,0,-0.7180959796687514,0,0,0,0,-1.5563617033728527,0,0,0,0,0,0,-1.4140504911089469,0,0,0,0,-0.917740937324993
33419,0,0,-0.43118868773431585,0,0,0,0.08841107394715131,-0.4490342808966301,0,-0.6650551240611424,-0.48447220012745973,0,0,0,0,-0.5326780278273486,0,0,0,0,0.20666009744377511,0,0,-0.15677645381876415,0,0,-0.5713724592543623,0,0.09108935262531048,0,0,-0.42786446403701195,-0.10096534203175356,-0.5958876601700145,0,0,0,0,-0.525295698278796,0.7523577187270316,-0.45200725611599823,-0.5627084254575458,0,0,0,0,0,0,0,0,0,-0.421450960160886,0,0,0,0,0,0,0,0,0,0,0,0,0,-0.5046200117055379,-0.5133522544974274,-0.21737256803905103,0,0,0,0.0016129029491387392,0,0,0,0,0,0,-0.3967591561073869,0,0,0,-0.5051302445046724,0,0,0,0,-0.24294399177678638,0,0,0,0,0,0,0,0,0,0.045010307473480005,0,0,0,0,0,0.2501084958288935,0,0,0,0,0,0,0,0,0,0,0,0,0,0,0,0,0,0,0.4600904167009059,0,0,9.04002163878189,0,0,0,0,-0.3163263423008531,0,0,0,0,0,0,0,-0.5254542066878907,-0.5995339955697281,0,-0.3135737417740314,0,0,0,-0.4235384515421887,0,0,0
32186,-0.5726664897677458,0,0,-0.986886094502752,0,0,0,0,0,0,0,0,0,0,0,0,0,-1.2534958409686654,0,0,0,0,0,0,0,0,0,0,0,0,-1.1525170785407974,0,0,0,0,0,0,0,0,-0.8932958545170231,-0.46093339230284736,0,0,0,0,8.871961779190556,0,0,0,0,0,0,0,0,-0.779540210054305,-0.8951339426458094,0,0,-0.8341027232562728,0,-0.4395963205957307,0,0,0,0,0,0,-0.41591858384240643,0,0,-0.357820595673251,-0.8925579202666634,0,-1.1133092901717268,0,0,0,0,-1.0988042867544712,-0.13359213318289065,0,0,0,0,0,0,0,0.07048091820249125,0,0,-0.14736867237401752,0,0,0,0,0,0,0,0,0,0,-1.3089022043384668,0,0,0,0,0,0,0,0,0,0,0,-0.3069956827450344,0,0,0,-0.7826462496741415,0,0,0,0,0,0,0,8.63438546960841,0,0,0,-0.102335825259809,0,0,0,0,-0.687691426333358,0,0,0,-0.490677879314648,-1.0983011530600502,0,0,0,0,0,0,0,0,-0.3717383168585755
40635,0,0,0,0,0,0,0,0,0,0,0,1.6725280064043613,0,0,0,0,0,0,0,0,0,0,0,0,0,0,0,0,0,0,0,0,0,0,0,0,0,0,0,0,0,0,0,0,0,0,0,0,0,0,0,0,0,0,0,0,0,0,-5.649000450896139,0,0,0,0,0,0,0,0,0,0,0,0,0,-2.217695191700014,0,0,0,0,0,0,0,0,0,0,0,0,0,0,0,0,0,0,0,0,0,0,0,0,0,0,0,0,0,0,0,0,0,0,0,0,0,0,0,0,0,0,0,0,0,0,0,0,0,0,0,0,6.194167636191791,0,0,0,0,0,0,0,0,0,0,0,0,0,0,0,0,0,0,0,0,0,0,0
32149,0,0,-1.2652528657853757,0,0,0,-1.2787808976592125,0,0,0,0,0,0,0,0,0,0,0,0,0,0,-0.9863598614834994,-1.1639106232653176,0,0,-0.14469027938956547,0,0,0,0,0,0,-1.164461138502633,0,0,0,-1.05509107806042,0,0,-1.0479811947968907,-0.8936717331391044,-0.6277729255153464,0,0,0,11.113269630076402,0,0,-0.2977901086701005,-0.4334206672274017,0,0,0,0,0,0,0,0,0,-0.0306698787572226,0,-0.25573173883650435,0,-0.4346219949034804,-0.14996981560413492,0,0,-0.3489861917320205,0,0,0,0,0,0,-0.1790845132708463,0,-1.1790917919368047,0,-0.6320511031073521,0.45113139571483707,0,0,0,-0.9726813853714726,0,0,0,-1.0508716906722477,0,0,-1.023251277578587,0,0,0,0,0,0,0,-1.1089078944733655,0,-0.16926063286202497,0,0,0,0,0,-0.49071349957853316,0,0,0,0,0,0,0.049635126051818634,0,-1.0978516345333755,-0.7145141319721837,0,0,0,0,0,0,0,0,10.893439855541027,0,0,0,0,0,0,0,-0.8335906319154707,0,-0.8107723777897822,0,-0.006674101662384135,0,0,0,0,0,0,-0.658996347331422,0,0,0,0
37312,-0.6743934506550464,-0.6469568965735468,0,0,0,0,0,0,0,0,0,0,0,0,-0.09304140022255192,0,0,0,-0.8518565677156236,-0.47594115876625853,0,0,-0.6651504321911887,0,-0.9102590264382213,-0.21100867593652595,0,0,-0.9017635999790836,0,0,0,-0.7461307745675385,0,0,0,-0.2695865677876017,0,0,0,0,0,0,0,0,-0.8808996489571994,0,0,0,0,-0.8850415412131301,0,0,-0.7158784219773047,0,-0.54632033724788,-0.6863334106113745,0,0,0,0,0,0,0,0,0,0,0,0.4320268357034136,0,0,0,0,0,0,0,0,0,-0.7535549038228755,0,0,0,0,-0.4899172043350899,-0.15161627231044195,-0.5237625362062883,0,0,0,-0.481977446276622,0,0,0.0521698875035983,0,-0.5260697099536915,0,0,0,0,-0.30599411267285603,0,0,0,0,0,0,-0.27189828118897497,0,0,0,0,0,0,-0.5062186132288469,0,0,0,0,0,4.168117475778449,0,0,0,0,0,10.823839972622807,0,0,0,0,-0.7073206438679946,0,-0.5743273065533594,0.49852531949978696,0,0,0,0,0,0,0,0,0,-0.5214605498509384,0,0,0,0,0
33077,0,-0.6647609183294421,0,0,-0.4576154102260115,0,0,0,0,-0.33705071823237365,0,0,-0.5791958530600576,0,0,0,0,0,0,0,0,0,0,0,0,0,0,-0.6375708693349558,0,0,0,0,0,0,-0.2416359700196411,-0.18313794092367752,0.014662843953009208,0.22325718786104476,0,0,0,0,0,0,-0.5662396429799395,0,0,0,0,0,0,-0.6275925409955128,0,0,0,0.09064773854404873,0,0,0,0,0,0,-0.04517041920662468,0,0,0,0,0,0,0,-0.17233230393529864,0,0,0,0,0,0,0,-0.7754264862169613,0,0,0,0,0,0,0,0,-0.20490504750156857,0,0,-0.5916557694884479,-0.2629722716246832,0,0,0,0,0,0.41843852317828567,0,0,0,0.08853331509014417,0,0,0,0,0,-0.7028828344183617,0,0,0,0.03270989894119003,-0.44336598685930184,0,0,0.08578473266363584,0,0,0,0.07581157601630917,0,0,0,0,0,8.270306251863103,0,0,0,0,0,-0.6286612799882678,0,-0.22679534845620708,-0.6290258663365655,0.7422933526575926,-0.6216304566433002,-0.1675552403235412,0.426299881247298,-0.06714112109300929,0,0,0,0,0.10103806408853089,0,-0.6454214208640892,0,-0.09004164904635115
35376,0,-0.6912313348814259,0,0,0,0,0,0,0,0,0,0,0,0,-0.5581476688014262,0,0,-0.6206185555508954,-0.49533184116942275,0,0,0,0,0,0,0,-0.26938697620906593,0,0,0,-0.09065340756142959,-0.6149895625857607,0,0,0.08393208026720167,0.08817085351652176,0,0,0,0,0,-0.24971057779601358,0,0,0,0,0,0,0,0,0.1928165826052437,0,0,0,0.007375645700383071,0,0,-0.7001258542732285,0,0,-0.6798559326205651,-0.4537345342730621,0.2050882986340543,0,0,0,0,0,-0.28437404586450965,0,0,0.4864674452475781,0,-0.3952364928622356,0,0,0,0,0,0,0,0,-0.022861026421854724,0,-0.5997689123397398,0,0,0,0,0,0,-0.5050084431934541,0,0,0,0,0,-0.7599518290187777,0,0,-0.48150377122099774,0,0,0,-0.46814300296949884,0,-0.642213723282373,-0.33342696801262495,0,0,11.015824326201948,0,0,0,0,0,-0.08704138588985844,0,0,0,0,-0.26976175175696326,0,0.041749087036248245,0,0,0,-0.623766336565418,0,0,0,0,-0.43280547392975954,-0.11167827636473637,0,0,0,-0.18727691587894402,0,-0.2501915120774747,0,0,0,0,0,-0.24262820583766587,0,0,0
34679,0,0,-0.6735171323625595,0,0,0,0,0,0,0,0,0,0,0,0,0,0,0,-0.19338559129561972,-0.6335650851848298,0,0,0,0,0,0,-0.45800894004706416,0,0,0,0,0,0,0,-0.2624682697448377,0,0,0,0,-0.08538005427830786,0,0,0,-0.4034804457464878,-0.5590537913812099,0,0,0,-0.43748449380870813,-0.6835026922738408,0,0,0,-0.4927855524382685,0,0,0,0,0,0,0,0,0,0,-0.3594188199192603,0,0,0,-0.0635356801880218,0,0,0,0,0,0,0,0,0,0.42369183450408565,0,0,0,0,-0.5067301266033919,0,0,0,0,-0.3120035311355758,0,-0.2688406488020312,0,0,0,0,-0.4530080662952738,0,-0.22491005428225774,0.15646795309901007,0,0,0,0,0.6666963426096482,0.1220305872707903,0,-0.3818359845974273,-0.09656302534179328,0,-0.2529966221434523,0,0,0,0,0,-0.2523075218865811,0,-0.1135661337338667,0,-0.4646416946367058,-0.26036003509625827,0,-0.23379262456393368,0,0,9.689867533938338,0,0,0,-0.09438521958772661,0.01047391114125329,0,-0.12249273515260883,0,0,0,-0.7468321179459836,0,-0.5316816439172265,0,-0.1294860500141528,-0.5741274910474568,0.25691971288958904,0,0,0,0,0,0
33078,0,0,-0.10081801311337157,0,-0.5561661878331434,-0.7388624535466763,0,0,0,0.4459543219845048,-0.5079464880805333,0,0,0,0,0,0.33536947224242564,0,0,0,0,0,0,-0.11122657145476511,0,0,0,0,0,0,-0.5567194334854348,0,0,0,0,0,0,0,0,0,-0.30715341108447847,0,0,-0.373908721797207,0,0,0,0,0,0,0,-0.8090328559367745,0,0,0,0,0,0,0,0,0,0,0,0,-0.7009889097488111,0,0,0,0,0,0,-0.43663205481760237,0,0,0,0,0,0,0,0,0,0,0,0,0,-0.06887824347727367,0,0,-0.7045329339553112,0,0,-0.5936059724835046,-0.7376899952667997,0,0,0,0,0,0.36587421662470687,0,-0.8834696407520033,0,-0.6164686777191255,0,0,0,0,-0.7978591065612144,0,0,0,0,0,0,0,0,0,0,-0.8993034471707482,0,0,0,0,0,0,11.120829697455568,0,0,0,0,-0.28512617593202094,0,0,0,-0.26156077508520337,0,0,0,0,0,0,-0.23845830245049893,0,0,0,0,-0.5212733290971276,0,-0.46034600745757226
36691,-0.7508086286532034,0,0,0,-0.7014086763717828,0,0,-0.35703424536620787,0,0,-0.5257430532833967,0.109726920961152,0,0,-0.6367264888973727,0,0,0,0.15277373177079445,0.00908975642592491,0,0,0,-0.5890225307681378,0,-0.14989023311876393,-0.13200954838379264,0,0,-0.4339582051819435,0.22578425652858236,0,0,0,0,0,0,0,0,0,0.37674842886170223,0.09381715452286965,0,0.3119579692271417,0,0,0,-0.11074480573896173,0,-0.10490350908838897,-0.41647477074866934,0,0,-0.26825723102656074,0,-0.5881387750361986,0,0,0,-0.2812900806740424,0,0,0,-0.42436996660609516,-0.661646304273571,-0.509676123972719,0,0.7983790275021723,0,0,0.6380699777379193,0.1660994152468791,0,0.33999383724219134,0.028842828114173713,-0.5904902103658061,0,0,0,0,0,-0.6234614837907686,0,-0.2488561764766395,-0.5110594201085998,0,0,-0.5332857926407737,0,0,0,-0.1410567477121658,0,0,0,0,0,0,0.0686775024534998,0.8948839199149639,-0.5726357563423443,0,-0.6300607402831653,0,0,0.17874189222668724,0.16321938911567946,-0.733736348541822,0,-0.3288746688773254,0,0,0,0.02926895665969731,0,-0.11058739910201654,0,0,0,0,0.5073553644131277,0,-0.23478597071847807,-0.6389135518638183,0,9.080716872439822,0,0,0,0,0.024550279751157866,-0.535672718422862,0,0,0,0,0,0,0,-0.024652761362816022,0,0,-0.20940720153212666,0.04692450341829213,0.06401814079691004,0,0,0,0
36508,0,-0.53284206087667,0,0,0,0,0,0,0,-0.33490126173382384,0,0,-0.4067988176257198,-0.2915501460987482,0.042382692565817504,0,0,-0.5734783761235458,0.1369207445602405,0,0,-0.5432397187657823,0.23970127270836628,0,0,0,-0.34347398371027005,0.11691213104802767,0,0,-0.6492881664519192,0,0,0,0,-0.2829132380207895,0,0,-0.040835553545623515,-0.5709520331051237,0,0,-0.048861721907945466,0,0.2380246844633036,0,-0.20109452866507338,0,0,-0.03991248810937442,-0.5305538163483643,0,0,-0.2628219926046027,0,0,0.16425141181745362,-0.5368151628130131,0,0,0.021394231504395123,0,0,0.16972667191695434,-0.25734989810327535,0.13607046333433814,0,0,-0.26120840077519647,0,0,-0.10452969025402359,0,0,-0.5016358475132687,-0.43704264270291704,-0.2602373638914326,-0.5174275184789168,-0.6080148761737245,0.08569617819526831,0,0,-0.1831697817120319,-0.0363155757802347,0,0,0,0,0,-0.670099914950983,-0.6012082871443707,0,0,0,0,0,0,-0.11187170040632521,0,0,0.15168329469763853,0,0,0.723052346187878,0,0,0.12781660102516357,0,-0.5425943817158285,-0.520057726150732,11.530685234902244,0,0,-0.027264507362130708,0,0,0,-0.03613300507055328,0,0,0,0,0,0,0,0,0,0,0,0,-0.3924931304488366,0,0,0.040336834505331876,0,-0.5322002396041152,0,0,0,0,0,-0.07643085115034642,0,-0.45940034892245984,-0.617468773888628,-0.3728186148811288,0.3926513501554183,0,0
35632,0,-0.027729712732375233,-0.5144145993624507,0,0,0,0,-0.43123486920429777,-0.593956475972993,0,0,0,-0.4955572250799509,0,0,-0.259689302947435,0,-0.5908642751447433,0,0.047605230921414776,0,-0.6396564814195114,0,0,0,0,0,0,0,0,-0.24340614005277095,0,0,0,0,-0.36583431781307896,0,-0.17833299669647884,0.2784735274098731,0.6581333491133012,0,0,0,0,-0.2566974287826307,0,-0.1578184803745324,-0.2740785277506812,-0.1770505848313504,-0.41955280816539275,0,0,-0.36738826909396316,-0.6033921962125697,-0.04463791323891808,0,0,-0.3519826322259929,0,0,0,-0.3118731655482967,0,0,0,0,0,0.24412264862013178,-0.40396271348679846,0,0,-0.7016248785982735,0,0,0,-0.5347024384289631,0,0,-0.23034421448964304,0,0,0,0.5671795376762061,0,0,0,0.3250100375751712,-0.4661613968505187,0,0,0,0,0,0,0,0.31639942641208796,0,0,-0.1808977267445071,-0.43820805865980894,0,0,-0.3667898298647181,0,-0.311051365386247,0.15636888752420264,0.38841703421766205,-0.584187234616695,0,0,0,0,0.7646391688062972,0,0,0,0,0,0,0,0.4431925234210925,0,-0.4325134959766679,-0.11098897261842522,0,9.25389361275441,0,-0.08131774016607762,0,0,-0.1730833517786574,-0.4955022130730322,0,-0.4154687162231525,0.9401476413808081,-0.45531685564343727,0,0,0,-0.6014633809151841,0,0,-0.0325216330299507,-0.40562490063836387,0.566788158466613,-0.3527213173226791,0.1292300528629471,0,0
30796,0,0,0,0,0,0,0,0,0,0,-0.049683339387496694,0,0,-0.8004616295624123,0,0,0,0,-0.46654872113710066,-0.3545492212828729,0,-1.105676856665189,0,0,-0.3101074116152911,0,0,0,0,0,0,0.13839184464628573,0,0,0,-0.42482686659896807,0,0,-0.5444538361194322,-0.7671897483920862,0,0,0.2237259839419452,0,0,-0.6084277126847639,0,0,0,0,0,0,0,0,0,0,0,0,0,0,0,-1.2448768704819577,0,-0.1673592313946668,0,0,0,0,0,0,0,0,0,-0.35771845600315855,0,0,0,0,0,0,0.3521198722584806,0,0,0,0,0,0,0,0,0,0,0,0,0,0,0,0,0,-0.9060940511506956,0,-0.3110453316567523,0,0.19913271905586116,0,0,0,0,0,0,-0.29601620158457553,0,0,0,0,0,0,-0.4444065775036159,-0.4563678810456655,-1.1538230059880252,0,0,0,0,0,0.9513558458378415,8.573210194795784,0,0,0,-0.4147876607968173,0,0,0,0,0,0,0,0,0,0,0.6441238545763581,0,0,0,0,0.10236029593898932,0,0,0
29655,0,0,0,0,0,0,-0.9536319941731737,0,-0.926405866574695,0,-0.4714209157359295,0,0,0,0,0,0,0,0,0,0,-0.6693897745782329,0,0,0,0,0,0,0,0,0,0,0,0,0,0,0,0,0,-0.5435677393444194,0,0,0,0,0,0,0,0,0,0,0,0,-0.7986967467850756,0,0,0,0,0,0,0,0,-0.8753843846009697,0,0,0,0,0,0,0,0,0,0,0,0,0,0,0,-0.1285787510327454,-0.7981276534133062,-0.49734935113888534,0,0,0,0,7.713977760129465,0,0,-0.4446085995156026,0,0,0,0,0,0,0,0,0,0,0,0,0,0,0,0,0,0,0,0,0,0,0,-0.006435073242760492,0,0,0,0.8146048419922622,0,0.05791949338037439,0,0,0,-0.3460393488220368,0,0,0,0,0,0,0,0.19176730146341692,0,0,0,0,0,0,0,-0.682316708309997,0,-0.14235152615104285,-0.4939649635466492,0,0,0,0,0,0,0,0
34465,0,-0.5249015582428358,0,0,-0.4046430654468969,-0.5020119365699363,0,0,0,0.1423824495847339,0,0,0,-0.6218764813318765,-0.14590247512594923,0,0,0.016992223976225684,0,0,0,-0.5003874070044283,0,-0.3378102068357336,0,0,0,-0.10864400691541665,-0.6691551977638839,0,0,-0.3725057356477155,0,0,-0.3338623012038191,0,0,-0.4449228733196864,-0.3059568896940119,0,-0.04250326680147776,0.20162368161878597,0,0,-0.27831981653241256,-0.4798909429178364,-0.30288953467799384,-0.248907737053639,-0.4579138285609923,0.2819132428141131,0,-0.02708678679715426,-0.19440154996835135,0,0,0,0.1649201586980733,-0.5453687807361853,0,0,0.09252792650179797,0,0,-0.1590371801001278,0,0,0,0,0,0,0,-0.48277871248659565,0,0,-0.5304375406794462,0,-0.48334837399700437,0,-0.08725156195433525,-0.08932660471582254,0,0.202163248111487,0,0,0,0,0,0,0,-0.4764163786971083,0,0,0,-0.2920957410156997,0,0.06982953160312366,0,0,0,0,0,0,0,0,0,0,0.12055590969552332,0,-0.0936583480218327,0,10.045962787798764,0,0,0,0,-0.04535308474305255,-0.18103166205267307,0,0,0,-0.40743857378252324,0,0,0,0,0,0,0.10859814027172732,0,0,0.11904152455836936,0,0,0,0,0,0,-0.09819318404665056,0,0,0,0,0,0,-0.300401215056036,-0.2623351803437277,0,0.2724548956081394,0
33644,-0.719730552672607,0,0,0.5606388673403488,0,0,-0.35761217321534744,-0.6818278173448147,0,0,0,0,0,0,-0.24903852881566824,0,0,0,-0.22125281055567925,0,0,-0.3455077627051426,0,0,-0.593988516908126,0.10950755229331088,0,0,0,-0.14505433906367804,0,0.17620071961514983,-0.5319551541579464,0,-0.23843385586736643,0,0,-0.5018301697147622,0,0,0,0,0,-0.5227672207974288,0,0,0,0,0,0,0,0,0,-0.5072918188280986,0,0,0.3372334793401648,-0.5192897566635315,-0.23516364071461915,0,0,0,0,0.10966532111981664,-0.6233967094195556,0,-0.5921335712390268,0,0.08768221804625753,0,0,0,0,0,-0.4843955440855736,0,0,0,0,0,0,0,0,0,0,0,-0.17380339469623207,0,0,0,-0.6515660144770559,0,-0.5499214961067338,0,0,0,0,-0.5741593039393487,0,0,0,0,0.28195613872450087,0,0,-0.023201546186603306,-0.5505839379038919,0,0,0,0,0,0,0,0,-0.10671936876744503,-0.41684589540512906,0,0,1.2500238419055352,0,0,-0.6263609032900623,0,9.65890480729077,0,0,0,0,0.18186340589851202,0,0,0,0,0,-0.5540286984041018,0,0,-0.04850707599135973,-0.25546938145110465,0,0,0,0,-0.026292740495091227,0,0,-0.1255466516912338,0
31795,0,0,0,0,-0.6256932601659613,0,-0.4763344440925539,0,0,-0.5063578107437698,0,0,0,0,0,-0.3022996767414994,0,0,0,0,0,0,0,-0.0953935886463837,-0.8735507971813306,0,0,0,0,-0.11449608719323967,-0.3504965067139745,0.023187603961432934,0,0,0,0,0,0,0,0,-0.3016559857923613,0,0,0,0,0,0,0,0,0,0,0,0,0,0,0,0,-0.36565923264204203,-0.46669667940730086,0,0,0,-0.4855644319468122,0,-0.4602203702519314,0,-0.6701600862791124,0,0,0,0,-0.18584594558398448,0,-0.2902113504642121,0,0,0,0,0,0,0,-0.5991240319538207,0,-0.19882690691982097,-0.753789520597739,0,0,0.32269961107706013,0,0,0,0,0,0,0,0,0,0,-0.46696706537798205,0,0,0.13750919836262288,0,0,0,0,0,0,0,0,0,0,0,-0.2503998616502061,0,0,0,0,0,0,0,-0.47581261147742326,0,0,0,9.005924425275536,0,0,0,0.09782964626358792,-0.5060332765232856,0,0,0,-0.8258634240468719,0.09778468357078296,-0.4468899721261903,0,-0.10353101612271631,0,-0.08519942642391642,0,0.38951383460203326,0.41943658248850335,0,0,0.789187781464884,0,0
29629,0,-0.27945273372328217,0,0,0,-0.6590179486611767,0,0,0,-0.38592101439461723,0,0,0,0,0,0,0,0,0,0,0,0,0,0,0,-0.7396335938951357,0,0,0,0,0,0,0,0,0,0,0,0,0,0,0,0,0,0,0,-0.5799609918071753,0,0,0,-0.3253669415886846,0,0,0,0,0,-0.17988389110075476,-0.5571952286571888,0,0,0,0,0,0,-0.5002434049831219,0,0,0,0,0,0,0,0,0,-0.7774747744067847,0,0,0,-0.07093413580019181,0,0,0,0,0,-0.5711465984525832,7.747527309948683,0,0,0,0,-0.37013354888918615,0,-0.11280041262108398,0,0.10011666372588479,0,0,0,0,-0.09076791839744125,0,0,0,0,0,0,0,0,0,0,0,0,0,0,0,0,0,0,0,0,0,0,0,0,-0.3237228980130351,0,0,0,0,0,0,-0.8695596275521398,0,0,0,0,-0.2884733330623841,0,0.2633354227346545,0,0,0,0,0,-0.42929040040325583,0,0,0,0,0
31797,0,-0.7778145753591508,0,-0.20198235922356123,-0.5187879510586684,-0.9518103798960236,0,-0.3071599310528388,-0.0504575001780001,0,0,0,-0.25839650537682335,0,0,0,0,0.12634247750700212,0,0,0,0,0,0,0,-0.6183515962278987,-0.871499008265979,0,0,0,0,0.8741660202190005,0,-0.5423192621511363,0,0,-0.4512146233129979,-0.27171784911063,-0.38820783441937934,0,0.18714775752203838,0,-0.007195200521398881,-0.6750938691535304,0,0,0,0,0,0,0,0,0,0,0,-0.4800808049326859,0,0.10510418968082824,-0.8656245591193765,0,0,0,0,0,0,0,0,0,0,0,0.287351165548293,0,0,0,-0.24994674980735798,0,-0.8605198539984804,0,0.1839030990015007,0,0,0,0,0,-0.611244935453167,-0.5336920060190331,-0.4370575543030095,-0.5591279218225091,0,0,0,0,0.12352763679980905,0,0,-0.33772646385392324,0,-0.4643511090983834,0,0,-0.47503420047703715,-0.756262060354401,0,0,0,0,0,0,0,0,0,0,0,0.2632803241230852,0,0,0,0,0,0,-0.35600107799257774,0.12424624424291153,0,0,0,11.000051079823198,0,0,0,-0.06961577783559303,-0.2528099540482387,0,0,0,0,0,0,0,0.7536712405394725,0.3587995054361999,0,-0.1864872660195398,0,0,0,0,0,0,0
34099,-0.2995752907491567,-0.5419646227025918,0,0,0,0,0,0,0,0,0,0,0,-0.4282814130357093,-0.2773069205176064,0.42416174408077856,0,1.748056855124247e-4,0,0,-0.38584775715775965,0,0,0,0,-0.19300729357775204,0,0,0,0,-0.07702439745445222,0,0.021977380165906446,0,0.05562326060381073,-0.2706701728461609,-0.22464681606086634,0,0,-0.6168620489525436,0,0,0.14631027055298107,0,0,0.2716983962168156,-0.5514557556876962,0,0,0,0,0,0,0,0,0,0.584575152615201,0,0,-0.19628776019541672,-0.21263254139041532,0,-0.3373713696926788,0,-0.21059911169141188,-0.28557062666138133,0,0,0,-0.14514980868002691,0,-0.5548754564539689,0,0,-0.6888513120936133,0,0,0,0,0,0,-0.21944616249486737,0,0,0.16958672697824806,0,0,0,0,-0.187221698160684,0,0,0,0,0,-0.03874105551737994,0,0,-0.6020836981820299,0,0.15588357480136183,0,0,-0.07270490176429156,0,0,-0.5457612457668559,-0.3600119227330807,0,0.024301323561732424,0,0,-0.36782996434906057,0,0,0.7729721248355683,0,-0.49912562670781613,-0.24043579693547068,0,0,0,-0.34054521257255477,0,0,7.570780462845052,0,-0.10769005632411588,-0.5797636004312796,0,0.5814651123902816,0,0,0,0,0,-0.030331197205898608,0,0.40636318354561096,0,0,0,-0.0034884139189981234,0,-0.48732071918489517,0,-0.18002616865377652,0.17463439762541189,0
34759,0.20543549816846562,-0.5725790819285366,-0.5496825183934626,0,0,0,0,-0.09423782019088822,-0.35844005502296694,0,0,0,0,0,0,0,0,0.8428209955067572,-0.13016152826342786,-0.1369845022888998,0,-0.32879642338663295,0,0,0,0,-0.29010738062753516,0,0,0,0,0,0,0,-0.2442097697399226,0,0,0,-0.7222455616788395,0,-0.44967345685158255,-0.5952417426778491,-0.6283494902460429,0,0,0,0,0,0,0,0,-0.013478606151728023,0,0,0,-0.10999739189865165,0,-0.23196536903738973,0.14475064344830813,0,0.10246666291370454,0,0,0,-0.8830938953690746,0,0.38937788979110266,0,0,-0.46291710789408036,-0.39106095537637797,0,0,0,0.011144420127693344,-0.6631630579709729,0,0,0,0,0,-0.24569638586206421,0,0,0,0.0710042511277158,0,-0.559422655519882,-0.22761672371584885,0,0,0,-0.6020713265733173,0,0,0,0,0.05423514486029424,0,0,0,0,-0.14138334474414505,0,0,0,0,-0.8428134190068461,0,0,10.615955535392464,-0.35203447110413544,0.5342944558138822,0,0,0,0,0,0,0,0,0,0,0,0,0,0,0,0,-0.10760581025324001,-0.3232240063360985,-0.23241063372246762,0,-0.207304906372078,-0.6644635531916827,0,0,0,0,-0.6090525457537246,0,0,0,0,0,0,0,0,0
36150,-0.47920822676824537,0,-0.2593354677329618,0,0,0,0,0,0,0.3155967212902957,0,0,0,0,0.36500200707726016,-0.4212921787207957,0,-0.639477129634404,0,0.6030464301017062,0,-0.4309438676980841,0.17016404001126784,-0.23571274633170036,-0.6743366590400579,0,-0.6229553754978059,0,0,0.5579393836282165,0,0,0,0,0.6207943455193119,0,-0.016260343200119376,0,0.025324560299689214,0,0,0,-0.394590315075642,0,0.13986176787678017,-0.346155478588301,0,0.902558035033131,0,-0.3266701264089633,-0.019450570232725894,0,0,-0.327207857711743,-0.490638122633162,0.2144897428855348,0.3565455782732183,0,0,0,-0.8253220307761779,0,0,0,-0.10085985799557662,0.057801852445532376,-0.7300934437195155,-0.12924023647050564,-0.4125059273984233,-0.10305701323599292,0,0.256832786993789,0,-0.6332288569848958,-0.009825639062844171,0,0,0,0,-0.7000532385781804,0,0.11569166922821505,0,0,0,0,-0.4147627471416375,-0.5317385568213413,-0.70594012717322,0,-0.44216507781875336,0,0,-0.30255349255029174,0,0,0,0,-0.23269458114440544,0,-0.32975920738077,0,0,0,-0.20306618164814383,0,0,0,0,0,8.84004215524776,0.045091014268881846,0,0,0,0,0,0,0,0,0.2869426779442943,0,0,0,0,0,0,0,-0.5384300093167864,0,-0.15868417361889176,0,0,-0.408900537790307,0,0,-0.5416551475193527,0,0,0,0,0,-0.6803515186854878,0,1.0205658102074007,0,0,0,-0.07516851022606152
36975,0,0,0.2620170449761252,0.2513809932529867,-0.2797802661344022,0,-0.9531480363190274,0.27844395093708485,0,-0.22485308285065386,0,0,0,0,-0.17625511770983637,0,-0.7508514807405362,0,-0.061406452178663695,0,0,-0.6306101162762481,0,-0.04789243645648611,-0.5729759325334367,0,-0.17613535272325898,0,0.25085660886114614,0.21787616007507893,0,0,0,0,0,-0.5914734996670714,0.26030985144830954,0.6454934567995774,0.0953359855413396,0,-0.01826296723962484,0,-0.7935768772833969,0.21167746506126406,-0.5356004299231953,-0.10513719010593459,0,0,0.22474605240982948,-0.2660462230899032,-0.8729751934472816,0,-0.17697494094637634,-0.5636809031441143,0.2528229815484244,0,-0.03292174823986427,-0.5627341050038246,-0.901362272856542,0,-0.2902681322276641,0,-0.48785995641874313,-0.3386272606220109,-0.9292941144905531,-0.17981773226209352,-0.0931113098708809,0.32974361028946797,0,-0.40183685531182034,-0.18286802521286338,0.3143407840423609,1.6002490853674542,-0.694299878469776,0.31781292905129055,-0.5539960396620978,0,0,0,0,0,0,-0.29805820223103474,0.6657173709146011,0,0,0,0,0,0,0,-0.16955485258669034,0,0,0,0.392901404442056,0,-0.5804606696418055,-0.1086890472627502,0.6001193271143253,0.033184824181546446,0,0,0,-0.5880995526135293,0,-0.18940820295618188,0,-0.7688862088078174,0.06520172511405598,0,0,0,0,0,-0.1260554986209299,0,-0.2048865209930204,0,-0.1992177941923301,-0.4756425076055888,0,0,0,9.645928073100233,0,0,0,-0.5463661482650273,-0.14838095582564215,0,0,-0.727711365326098,1.0249090857821317,-0.657612824603309,-0.23906614612371557,0,0,0.36087196713925307,0,0.622150547083927,-0.01552830667689431,0,0.29483799322433635,0,-0.948423627186378,0,1.2197530831787118,0
30158,0,-0.843192542401348,0,0,0,0,0,0,0,0.14334812286840304,0,0,0,0,-0.3158480389815832,0,-0.29088708905490046,0,-0.506198407588609,0,-0.5159100376611652,0,0,0,0,0,0,0,0,-0.43476980770268403,-0.9347374390107155,0.16731827513040365,0,-0.487419068458836,0,0,0,0,0,0,-0.18781862790962833,0,0,-0.5957327156784507,0,0,0,0,-0.26275186008451046,0,0,0,0,0.09715917996814127,0,0,0,0,0,0,0,0,0,0.041401393959719535,0,0,0,0,0,0,0,0,0,0,0,0,0.37469775546837436,0,0,0,1.243931778092544,0,0,0,0,0,0,0,0,0,0,0,0,0,0.17850931942563397,0,-0.013469454540095072,-0.8129970308707986,0,0,-0.8643721926041485,0,0,0,0,-0.42130285746463114,0,0,-0.9592800849994925,0,0,0,0,0,0,0,0,0,0,0,-0.6456877150826688,0,0,0,0,7.423808871823821,0,-0.4932862423933795,0,0,0,0,0,0,0,0,0,0,0.10570387233792111,-0.5942072992445038,0,0,0,0,0,0,0,0.4039899426571858,0
35428,0,0,-0.21501774165157217,0,-0.7809678669525733,0,0,0.4811282536512711,0,0.3715013010026045,0,0,0,0,-0.4372226729209383,0,-0.44123701404237137,-0.3617318060984296,0,0,-0.3844054199664315,0,0.3485876643065362,0,-0.17528672639755483,0,0.225416137536135,0,0,0,0,0,0,0,-0.2150218160535653,0,0,-0.18978125072789176,0.8824536814647108,0,0,0,0,0,-0.730804087678818,-0.3951985370413591,-0.23079038884580338,0,-0.005312583176706465,0,-0.5525244689270448,0,0,-0.25454983013685784,-0.4093451191772264,-0.1473961969177866,0.12122391939413646,0.17735777810062903,0,0,-0.47672426013581903,0,-0.43681022125782976,0,0,0.19166853235917047,0.4398508903217886,0,0,0.16104173343574946,0,0,0,0,0.04862862026896053,-0.14759924501611277,-0.5502525951045536,0,-0.43959912452101957,0.03444010910199813,0,0.4802341714774596,0,0,-0.22017432663202818,0,0,0,0.0775264241575897,0.02986676679885525,-0.5404265956895213,0,0,-0.3972839230484282,0,0,0,0,-0.14249028568505384,0,0.10871126901554584,0,-0.4573530348962045,0,-0.5786089043903466,-0.3210049777802819,-0.47102070212150204,0,0,0,0,0,0,0.01826533384730311,0,0,-0.4075286619380343,0,0,0,0,0,0,0,0,8.345324400700513,0,-0.48162683988162014,0,0,0,0,0,0,0,0,-0.13560544035741673,0,0,0,0,0,-0.4693786066577941,0,0.8632413127008922,-0.5663984861243772,-0.23998854169096617,0,0
36152,-0.7868189062331417,0,0,0,-0.7551776386518583,0,0,0.007524593591967221,0,0,0.030314402954128905,0,0,0,-0.7598448515852949,-0.7705307225139388,0,0,0,0,0.5936593926010789,0,0,0,-0.7085270909650188,0,0,0,0,0,-0.18158976537048233,0,0.38309665563890993,0.16007325332946998,0,0,0,-0.35109794810274675,0,0,0,-0.2797775802378273,0,0,0,-0.8065308878318818,0,0,-0.23257513021325904,0.49774810519354196,0.07714114869633448,0,0,-0.02932179503434762,0,0,0,-0.1567595987415964,-0.37290216988264513,0,-0.6738003110243569,-0.670729555570293,0,0,-0.6683256632329746,0,0,0,-0.26344979452402173,0,0,-0.26463953283360464,0,-0.6075385949388035,0,0,0,0,0,0,0,-0.5448309450442355,0,0,-0.46838118120921646,0,0,-0.5837325720381683,0,-0.42329552144516436,0,0,0,1.0982289529127454,0,0,0,-0.7349833519786899,0,-0.06336495561444044,-0.35774254140361883,0,-0.014693960368835413,0.5836529960410548,0.2643508435123385,0.5613094657657736,0,0,-0.3617173541867711,0.19042449286195362,10.000625316787675,0,0,0,0,-0.5381581871435466,0,0.6797458907258571,0,0,-0.17732950548802462,0,0,-0.5806877002515787,0,0,0,0,-0.28931428493462086,0.026347042766895257,0,0,0,0,0.6111314070653049,-0.37845964351943095,0,-0.3641888420699444,0,0,0,0,0,-0.5445558762606564,0,0,0,0,0
30437,0,0,0,0.004095441866628136,0,-0.8260268759171541,0,0,0,0,-0.825054115682867,0,-0.05528853076663287,0,0,0,0,0,0,0,0,0,0,0,-1.1111736638359582,0,0,0,0,0,-0.38575511181520383,0,0,0,0.33684537905464706,-0.7356023284658639,0,0,0,-0.2922461006908761,-0.9907846857415361,0,0,0,0,0,0,-0.3601370728190476,0,0,0,0,0,-1.0056007800710387,-0.33597803428532735,0,-0.00891127037220718,0,0,0,0,0,0,0.07588284926880462,0,0,0,0,0,0,0,0,0,0,0,0,0,0,0,0,0,-1.0169954090124698,0,0,0,0,0,0.10730918759583741,0,0,0,0,0,0,0,0,0,0,-0.24295987213846937,0,0,0,0,0,0,0,0,0,0,-0.37472975149499543,0,-0.5556759165149434,0,0,0,0,0,0,0,0,0,0,-0.29887770358940857,0,-0.49412317339969647,8.29114370676261,0.057354196806116864,0,0,0,-0.11368889732303167,0,1.198526098794423,0,0,0,0,-0.171209345726282,0,0,-0.21659833384396787,0,0,0,0,0,0.34626011335791196,0,0
32168,0,-0.515488722382833,0,0,0,0.023262704061958406,-0.18098743866850198,0,0,0,0,0,0,-0.7759258771181514,0,0,0,-0.24506770535422095,0,0,0,0,-0.43295048860088414,-0.4164113433649428,0,0,0,0,0,0,-1.0049955586694144,0,-0.5413169812238703,0,0,0,0,0,-0.6532274081478566,0.16483723700271824,0,0,0,0.1033202755466367,0,0,0,-0.5269433400115182,0,0,0,0,0,0.030126690000788603,0,-0.5432302472889727,0,0,0,0,0,0,0,0,0,0,-0.4143254411748911,0,0.15859589655084116,0,0,0,0,0,0,-0.40969457191672287,0,0,0,-0.5085395098211682,0,0,-1.0972162240109231,0,0,-0.5247348920116681,0,0,0,0,0,0,0,0,0,0,0,0,0,0,0,0,0,0,0,0,0,0,0,-0.07201669747642736,8.76376642596141,-0.1416013069391675,0,0,0,0,0.004893630834429619,0,0,0,0,0,0,0,0,0,0,0,0,-0.5518191936449868,0,0,0,0.03769650783335887,-0.056885959592321456,0,0,0,0,0,0,0,0,0,0,0,0,0.3268795396272961,0
109_i,-4.404768137963567,0,0,-4.495394992136015,0,0,0,0,0,0,0,0,7.0216525134031516,0,0,0,0,-3.7501475364952674,0,0,0,0,0,0,0,0,0,0,0,0,0,0,0,0,0,0,0,0,-4.080865404757816,0,0,0,0,0,0,-4.522997590427941,0,0,0,0,0,0,0,0,0,0,0,0,0,0,0,0,0,0,0,0,0,0,0,0,5.866964827116457,0,-2.8927357795236466,0,0,0,0,0,0,0,0,0,0,0,0,-3.990541882314411,5.465963015337581,0,0,0,0,0,0,0,0,0,0,0,0,0,0,0,0,0,-4.859473110959435,0,0,0,0,0,0,0,0,0,4.918543648543857,0,0,0,-4.325815415707849,0,0,2.057555831528439,0,0,0,0,0,0,0,0,0,0,0,0,0,0,0,0,0,-4.45789366016508,0,0,2.339922829886656,0,0,6.78784387199159,0,7.3221869726432915,0
117_i,0,0,0,0,0,0,0,0,-3.5415921881090875,0,0,0,4.530044303983412,0,0,0,-1.650931016243689,0,0,0,0,0,0,0,0,0,0,0,0,0,0,0,0,-2.7838895664677246,0,0,0,0,0,0,0,0,0,0,0,0,0,0,0,0,0,0,0,0,0,0,0,0,-3.530389754010729,0,0,0,-3.2370711235923117,-3.0204822557665336,0,0,0,-2.666547883481294,0,0,2.72442116234654,0,0,0,0,0,0,0,0,0,0,0,0,0,0,0,2.505504415776948,-3.5168324355247025,0,0,-2.792726042736339,-2.5627667408064414,0,0,0,0,0,0,0,0,0,-0.7208954934686895,0,0,0,0,0,0,0,0,0,0,0,-0.8249408330615031,7.609820820935334,0,0,0,0,2.1159777096733707,0,1.474041957926536,0,0,1.600733142270185,0,0,0,0,0,0,0,0,0,0,0,0,0,0,-3.241675878113254,0,0,2.9771729391015755,0,0,3.8639589915641688,0,4.689065767804224,0
122_i,0,-4.9693693607068585,0,0,0,0,0,0,1.3021152132050489,0,0,0,2.0426345507751833,-0.4372976755210747,-5.5835857108191185,0,2.031053069345095,-1.6290878480350068,1.1865497851374869,1.982016623648887,1.880771394479872,0,1.6329132026690267,2.1148126524652024,0,0,0,2.226765425658291,0,0,0,-0.7453400898115863,0,1.1029328414415325,-1.1090881293649524,0.6764199412928598,0,0,0,-0.3585287345903758,0,0,0,2.110099479362022,0,0,0.288643628783106,0,0,2.143422472072693,0,-6.3092066765297465,0,0,0,1.594733110484995,1.2227602212195876,-5.319721721116773,0,1.8292032718287263,0,-4.71412946862547,1.9061390463865404,-0.717083699654717,-5.635917544272251,0,-0.6110981875554753,0.9006281594139054,-2.314150795791546,-1.5041852820678656,0.36854251225964063,-5.960123987623205,0,0,0,1.0511652899991617,0,-2.466557653125623,1.5044336065496875,1.6987370273170832,0,0,0,0,0,-1.2958719198468014,1.9898819639603662,-1.0832997427497482,0,0,-1.3027973683520582,1.4781696569700724,1.731769838892916,1.6356243187292634,0,0.5565082215803105,0,-5.409266616376471,0.2071134934558092,0,0,1.3265403432276184,-1.648900863716812,0,0,-0.47616062971442474,2.0138154502849908,0,0,1.45167731564203,0,-0.6030786735113036,-2.9753271529790375,0.355000798646369,0,1.383257482887803,2.202499004476408,-3.32150129404491,0,0,0.7490506276324762,1.0837710073432394,2.178082235270253,1.819221931253134,0,0,0,-1.0907533449459432,0,1.8255391807667927,-5.628678088711546,2.1346946341668183,1.4502426186331565,2.668979659344222,0,1.2031123105433696,0,1.3750983451234404,2.163885196120484,1.1699824252099233,0,-0.9927692550817149,1.9111366783620607,0.298878045929305,1.89404526123381,1.7797054227380915,-0.6218984789777267,0,0
140_i,0,0,0,0,0,0,0,0,0,0,0,7.558650341598403,-0.23686470667629234,0,0,0,-0.6876804063411539,0,0,0.0012175652741301946,-0.8938009974213625,0,-0.7746410843310643,-0.4945026851801426,0,0,0,-0.99329376760892,0,0,0,-0.568943885368594,0,-1.1266193614063864,-0.7069785366013779,-0.8700335382110453,0,0,0,0,0,0,0,-1.3735847309697848,0,0,-0.14447622662164328,0,0,-0.923792276391509,0,0,0,0,0,-0.5778037521676151,-1.262335210898169,0,0,0.5084210786089907,0,0,0,0,0,0,0,-0.5488400528059438,-0.5979085055702331,-1.2702425967698514,0.7433995847471655,0,0,0,0,0,0,0,-1.3061514469912399,-0.9130852100544771,0,0,0,0,0,0,-0.57621133591649,-0.6219209845655196,0,0,-0.9745377703216991,-1.249356652631556,0,-0.7385848951904941,-0.08620239960016063,-0.5470145814218563,0,0,-0.9831061995071142,0,0,0,0.06942449877604773,-0.5356331438117525,0,-0.5792357878619647,-0.3235931428322898,0,0,-0.9293538207521488,5.338396551918484,-0.9767867686111078,-0.39105109407363736,-0.25256706201241297,10.604815468960224,0,-0.8007002628847832,0,0,0,-0.6335094656564628,-0.9108277526838928,0.5429937011537316,0,0,11.949996365862843,-0.013163693933016418,0,0,-0.9794276853597372,0,-0.9666364721141352,-0.3110807289340487,-0.7804278311878496,0,0,0,0,-1.0240400130723355,0,0.1428996655588879,-1.3753960140278814,0,0,-0.79606978804925,-1.0307444602547204,-1.1961680621306936,0,-0.6052879746730935
142_i,0,0,0,0,0,0,0,0,0,0,0.4889835700274876,6.720494942245368,0,-1.1107153531462535,-1.395811331101342,0,0.028850050885539602,-1.076493347537098,-0.9727268124151616,-0.7294873125983847,-0.7361263492868884,0,0,-0.7341786340351786,0,0,0,0.02477725038301637,0,0,0,0.33826617386149094,0,-0.42541375989477404,-0.20237710628407246,0,0,0.7223188095678816,0,0,0,-0.4349342814821413,0,0,0,0,0.6856002293530743,0,0,-0.09557398465921718,0,-1.1903403477374632,-0.07314722140412178,0,0,-0.23279357842410153,-0.9146447854904962,0,0,0.1540339317500612,0,-0.09670555930627689,-0.07535608357476864,0,0,0,-0.17815045276467378,-0.9670716486639708,-1.054389078803014,-0.3818112639046616,-0.019571511843268663,0.25420696241841156,0,0,0,0,0,0,-0.9503199720879216,-0.8090427565024565,0,0,0,0,0,-0.8220139037282008,-1.3042820320116144,-0.663343765415533,0,0,-1.0077093481914452,-1.1079328515490592,-1.1561263526615781,-0.15844524773846214,-0.15093561289032076,0.3178250696596723,0,0,0,0,-0.7222275864834837,-1.261702771264284,-0.5617721490697143,-0.10031675573908805,0,-0.13948686336828375,0,0,0,0.13013459096227864,6.645552638535781,-0.015451513017187501,0.27069250692759317,0.4403225788938392,0,0,-0.48254142672350264,0,0,0,-0.007190595995788751,-0.13347043437015138,-1.0958362526518983,0,0,12.799054336814317,0.5906804544837181,-0.4303401268553295,0,-0.7140991704331308,0,0,0,-0.9833040491936029,0,-0.34423900035330934,0,0,0.604826762355775,-0.9944359589521277,0.36114542971981045,-0.14824614172995698,-0.6743175077628165,0,-1.1280636158477373,0,-0.1065599907214092,-0.6911585845835737,0.3849658534051752
155_i,-1.0460934427849642,-0.8743647012354598,-1.0133541103847383,-1.243711119253386,-1.2021601866875562,0,-2.1125160914120187,-1.4888768384518274,0.25687287933057856,-0.8141498568544172,-1.9826091866217768,0,0.3639288411109023,1.1151438738215074,-0.5681876152624774,-2.8603790082448475,-0.7524631903623833,1.7446151561837384,1.2574765192134763,2.1044024904976375,1.4138496748322353,-0.7868502803724509,0.6700329353144241,0,0.007451778619420146,-0.3698296608030258,-0.5890812217018953,-0.39166455799580646,-1.0730606641356086,-1.8002707792222656,-1.6951634473758954,0.513489804243437,-0.47709971609034874,-1.4824298938454712,2.2605107752273597,-0.10509648367332414,-1.278439044277854,3.1868189790829966,-0.9564702702350107,1.5229190533577999,-0.45553310188143126,-1.1973652774692143,-0.9085138486393776,0.39540068478961654,-0.12702145396587738,-0.7748409315861391,-0.4889545894731375,-1.660416329853975,-0.32436505655190917,-0.4652117118281316,-0.3468695209218833,0.002595693821655587,0.7595442160892185,-0.9003943874213745,-1.545645257241362,-0.028275470438044792,1.0796629715331258,-1.9467453045229988,-0.10050392807513919,0.9562865951236592,-1.3654691009617714,-0.7753155301283803,1.8990513160551767,1.9746373273398525,-2.238180252417355,-1.120187257665413,1.2205664724879295,0.29899002321769874,1.1494675334503643,2.7660079419972963,0.30538395489533077,-0.8139958711536757,0,-1.6497188812359491,-0.602223343607891,1.2914514244146424,-1.5221937130897318,1.0472859147680103,0.27814165601787266,0.21093403156185087,0,-0.6770111290622687,-1.26257106972498,-0.3875899487547487,-1.3515061451948869,2.40199205444093,-0.38893368695541497,-0.47085957158397296,-0.7812352928164961,-1.933477277724939,1.5183039486201189,0.8835377641303266,-1.7081741096973282,0.2535731540935302,4.227107849509487,0,0,-1.4691965557558149,-0.6736363386100583,-0.7340786354373314,-1.1657265713001825,-1.6714375660789544,1.0393362012593128,2.8830325735872684,-0.7972379885403438,0.7515997703711692,0.7065431897768226,-1.1373048338706129,-0.964811877856083,-1.5751850107637262,0,-0.9129769358280253,3.1233115504334457,2.1650511609361978,0,0.49392651587017244,-1.7194491427910386,0.2562510373593554,-0.6295790243492592,0.12254030284300654,0.8940804486414766,-0.19856541670260164,-0.09380676322504655,0.5477336234556454,0,0,4.4160733673995445,0.671590233660913,-1.5598218481638702,1.0969628427999085,-1.649276330584124,-0.5645234292403538,-0.5257316211518246,-1.520694134207334,-1.1477534628592494,1.2378079328421885,-2.546010813238708,-0.01697895924406012,-0.3328373793610586,-1.093690688843231,4.487613550357612,0.42417888456402864,1.24857633530031,2.4197234836474646,0.5968323598350018,0.15020192835696733,2.557296621986122,4.837237637132242,3.518994205323521
192_i,-1.5799846406451366,-1.293825296301888,-1.2457002959716217,-1.2164328247346,-1.4342870977457096,0.2811953094567201,-1.555555636824952,-1.2513000735289754,0.1246425073105879,-1.1970660547446421,-1.3533503389531294,1.6820120816778932,2.3040130018996,0.646843783718289,-1.2956248904395977,-1.609830337406546,1.5654716362957366,0.18664485226467065,-0.204315357753325,0.8384761283077236,0.6026070292243162,-1.1584144958444025,0.4488556465120954,1.1325234354416676,-1.2152107672293901,-1.1577171635239036,-1.1743081976053347,1.6556787688350134,-1.2571329073069997,-1.207951127188883,-1.1819068713608516,0.6914779564422808,-1.2836188043921606,0.36261620008114726,0.99305005009297,1.3519743127930592,-1.2317930927007854,0.7455268762130256,-1.2346728688013844,0.2512060138151142,-1.1743191633623251,-1.2214242872147505,-1.1795824397428234,0.7361112748554941,-1.1840266324847875,-1.2270682324637594,1.1170416559811756,-1.3275846991350821,-1.2522011749809465,1.0304311942493598,-1.2060214518928873,-1.2936679577242067,0.47039877921921125,-1.28588910276053,-1.154528474072018,0.37132332951320457,0.9490490477782654,-1.4517032221687547,-1.200500102227453,1.5347643439084102,-1.3720275787629,-1.3258091039293038,0.6662766655273629,0.6822280060992405,-1.6111320042170618,-1.273084326119399,0.20391516946751054,0.9137297025114783,1.4198399011984595,0.6047045554358732,2.022453135256674,-1.278320171528149,-1.2296720840500335,-1.2477306198135754,-1.1589569940708575,-0.08838960829141307,-1.6058109602909187,0.2856110285102762,0.659367734662279,0.35663627268281317,-3.8265489230117797,-1.1297863701560633,-1.2849109781558283,-0.9754830411409987,-1.232454010363174,0.0991676527915697,1.666031682783423,0.7356004173410433,-1.2179826334001227,-1.189004450608417,1.0549887696390936,1.3715935031190565,0.11320766577659391,0.7023532151458927,1.2918398746594697,1.1834071959009762,0.8461612505291143,-1.252054879194521,1.0104240638819437,-1.2469142878007702,-1.2553733127797173,0.6019283598584835,1.2975972580254798,1.3631934285036262,-1.2624823392278515,1.5602479370801916,0.6441607325227068,-1.3880015309747016,-1.1797577525309002,1.226787062124906,1.1299541026136097,0.6839224908994126,0.9245462763452217,1.0760938733893557,4.454497863195337,-0.004988138886071525,1.1938224653440024,0.21535921664377788,-1.4262935710471911,-1.256691195602201,0.5520100401115542,0.7336907302287017,1.8893160579298343,-0.13216287053705855,3.325299394157783,-0.7320817407374758,1.0049807644038466,0.4988497373930585,-1.1813886918549574,0.933108777078921,-1.32158030040992,1.2795894078804047,1.713541325845803,0.6566835865338962,-1.1612241331114497,0.35548287823613656,-1.2685515240243603,0.5005286864022942,0.7121160344440405,0.7622195656855002,1.398924517012583,0.7095773762688733,0.5224917803270444,0.44092220647420355,1.7373648685214427,2.176484902949543,1.1146530917557413,2.1337702144029542,1.1279765184662924
195_i,0,-0.7596155526099495,0,0,0,0,0,0,0,0,0,0,7.342694039981356,0,-0.5987375742823446,0,0,0,0,-0.581832353703601,0,0,0,0,0,0,0,0,0,0,0,0,0,-0.39719585132244983,0,0,0,0,0,-1.1170734243288458,0,0,0,0,0,0,0,0,0,-1.1782939518612259,0,0,0,-0.38627126707279746,0,0,0,0,0,0,-0.5568758594623224,-1.2619292200630632,0,-1.110351922996248,0,0,-0.17315863139882648,0,-1.101269148085874,-1.1861648068556976,5.107675208425543,0,0,0,0,0,0,0,-0.3334774263250364,-1.3016847218068914,0,0,0,0,-0.1687390429470108,-1.2782617524951982,4.674604612943145,0,-1.2762904951289444,0,0,-1.5337741002112195,0,-1.1842494761575142,-1.2427863913775843,0,0,0,0,0,0,0,0,0,0,-0.38129989854070523,0,0,0,-0.7141226056191878,-0.6605219889653928,0,-0.8943305974585813,0,0,-1.2342825222996372,0,0,-1.2476897667963396,0,-0.7633446578306775,-0.8509655144807158,0,0,0,0,0,-0.8556522894015495,0,0,0,0,0,0,0,-1.2127987368684683,0,0,-0.8142751165394517,0,0,0,-0.7012272971046252,-0.3240532092230901,-0.23005962288413073,5.595492415855554,0,6.892190517299597,0
222_i,-1.3143040318791694,-1.0334892993433193,-3.5420916357489265,-5.2541172166548105,-5.429529034553628,-5.6368236799901075,-6.449145730993568,-5.970409428074389,3.149406442427944,-5.575349878552763,-0.8049534045245057,-5.209988968214625,3.7446216639965684,3.9105513064763286,-1.5927633955942362,-4.846905236181894,4.628336391794871,3.0514523207651774,2.5363206476122784,4.180157269747214,4.191705992679079,-5.442108905515082,3.453032079725677,3.803560557173437,-5.105018961195441,-4.64534515792816,-5.034011587511943,4.0180897407520355,-4.943465491767996,-5.02032533536046,-6.093677983625293,4.088277391006358,-1.5514889403008638,3.179168977030349,4.156598185397467,3.500284261105591,-5.377651854848153,4.71740476053256,-5.741303866016212,3.383167437118237,-4.73007790438116,-4.146046032654569,-5.392010850705718,3.4495334062972933,-5.460007294591865,-4.576614130961647,4.588106109934941,-4.413486195702119,-5.8306848222307925,3.7833517677951747,-6.106764055491423,-2.100541812670013,3.40333552185613,-2.5380275250099142,-4.575051828692216,3.9397555345643127,2.9840979647843824,-2.8129536857689263,-5.722327494146026,5.093053299008023,-4.100750723957329,-1.4642346428572637,4.338266767870536,3.5345226307198203,-0.32966253815969004,-1.0518745370404066,3.6163868013379687,3.506053059632647,3.449936974833461,3.5990500005020607,4.077215800638504,-1.2653190951559754,-4.228888761494642,-4.989792597918651,-5.602801098806942,2.508452632513512,-4.9496167291214945,4.324666855387985,3.338314838334206,3.6490658611611657,-2.245139928011751,-5.2591317677575375,-5.351792736248482,-5.365975737341113,-4.833182129874276,3.183257906460856,3.174464663818057,3.2622541623772516,-5.40980726525395,-4.770513960452755,3.3723910342678565,3.65053260937834,3.276914699376494,4.060917994972934,4.711638398299268,3.7448478941499967,-5.008086753018179,-1.3798434253074756,2.9743190410157663,-5.080121134141173,-3.851737946601716,4.001541398411545,4.211759099563828,4.227321396062802,-6.337838065651836,4.488582902888801,3.237581199395768,-6.154527375765858,-5.231293934173898,3.869029865036415,-5.051054275921927,3.7139469286112607,4.515513677676623,3.9386747240986697,-4.6678661936706405,2.8978393331900936,3.6605662466061517,2.6318259044427297,-4.57439956584671,-2.8414776370417805,4.038840742184728,4.334411040098043,3.302400120397648,3.4205074453055104,-4.713324757370097,-4.886445363841858,4.009936061065826,3.7724886583915254,-5.497750239630009,4.346670311237368,-2.207907417774125,4.016875229396611,3.6828109010385024,3.732839048599635,-4.9099152010954,3.202618108182328,-5.42907323658294,4.141563139920086,3.7815397620443587,3.6843865451618303,4.871739032790003,3.701135963389314,3.143089668658396,3.4115257118386655,3.165693641671764,2.4768695614827845,4.545557657713186,3.823408991367243,4.772079755719691
223_i,-1.2177485730917215,0.4930879131544179,-0.9994116802308088,0,0,0,0,0,-0.012644260258744211,-0.3951200712662768,0.3231512363679734,5.787976941384022,0,0,-0.5989114807514748,0,0,0,-0.3075563635452614,0,-0.6050710649462094,0,0,0,0,0,0,0,0,0,0,0,0.8491494629764977,0,0,0,0,0,0,0,0,-0.8732496280236282,0,0,0,0,0,-0.14143400644353754,0,-0.7360326017209347,0,0,0,-1.5916349496226716,0,0,-0.925984918836118,0,0,0,-1.376203935520199,-1.1769454597576927,0,0,0,-1.315202111603683,0,0,0,-0.6307055928601417,0,-0.41074826867420633,0,0,0,-1.5744103204261148,0,0,0,-1.1651266382958436,0,0,0,0,0,-0.9226859526813782,0,0,0,0,0,0,-1.4201530637058255,0,0,0,0,0.7652428320226923,0,0,-0.5395325933386546,0,0,0,0,0,0,0,0,0.9094973976009113,4.709089134220026,0,0,0,0,0,0,0,0,0,-1.0058927696924225,0,0,0,0,7.625823872171216,0,0,0,0,-1.4778535184012913,0,0,0,0,0,0,-0.3377917425931267,0,0,0,0,0,0,-0.3871995207847938,0,0.6822322971750197,0,0
228_i,0,0,0,0,0,0,0,0,-2.46257584153457,0,0,7.473259020078487,-0.9318283655233079,0,0,0,0.8189477634609288,0,-2.43437179515235,0,0,0,0,0,0,-3.8742420730677525,0,-0.17334932238102496,0,0,0,0,0,0,0,0,0,0,-2.043646132998286,-0.553241235096328,0,0,-3.6520330114535877,0,0,-3.1742719942066957,0,0,0,0,0,0,0,0,0,-1.8564474137760074,0,0,0,0,-2.9933329654828924,0,0,0.12949160431160234,0,0,0.140232862247883,-1.1864658529904002,0,1.8467515280528968,1.291452176816902,0,-1.7637082249090978,0,-3.9282712682505867,0,0,0,0,-1.1026474970629678,0,-3.1851206321941152,0,0.37684094686206837,0,0,0.4405866954326818,0.41211973223128595,-2.87980450134548,0,0,-0.050080962021580966,0,0,0,0,2.0767224651791008,0,0.16976595663042549,0,0,-1.5126022333999911,0,0,0,0.6944198744039722,-0.4336196567155275,0,-2.14715371293,0.3544105901170136,0,0,1.0409148272824398,0,10.705186897111593,0,-0.6583020270886291,-2.1418392431253483,0,0.7008975717470625,-1.1336147496002855,0,-1.3688285178383053,-0.4651169988449535,11.613601445743852,8.405698290033804,0,-1.1792019915068677,-3.6891548328504284,0,0,0,0.2425147461366235,-1.7650114080611816,4.937701569746345,0,-3.235445051962879,1.1471788309007485,-0.4150428233667194,0,1.0319786064011103,0,0.21192064369928776,0,0,0.8326432370368275,0,0.6244315240666429,0.6707029310065851
239_i,-4.043471553796163,-3.9987068014985176,0,0,0,-4.0994026942575434,0,0,-1.1071197472052638,0,0,5.193066165446396,2.972563224521748,-0.4234710924033207,0,0,-0.12840161000838446,-1.9878198092223416,-0.48131394307903896,2.2849621430396745,1.7231110382413162,0,-1.017946749584456,2.9321905862919806,0,0,0,-0.20419796512827304,0,-3.7049791402748036,0,1.1377538019434468,0,-0.9554483440880377,0.7581970870327872,-1.1388339642443643,-3.9708604372513694,0.4923238775397074,2.0943635063166397,-1.1344565723833906,0,0,0,-2.0592769929148487,0,1.5638822316906742,0.18228855982830083,0,-3.8350360771901655,-0.11143633297739175,0,0,-0.14598715028906994,0,-3.967920988001741,1.851394900313581,-1.0484649985850965,-3.3870279337140428,0,2.594485838797482,-3.8032836206589544,0,-1.700757224964919,0.092325855093776,-4.0558962584876905,0,-1.2452345037966737,1.9168186154128808,1.8742014144664072,-1.1204627998061323,3.282952655983907,0,0,0,0,-2.4812541198612217,-4.360045771035504,-2.0691156753974553,-0.9231649730218168,-0.5623593343405382,0,0,0,0,0,-0.7126991126454536,1.9759665117456109,-1.1830200366021337,0,-4.011186999884195,1.3568764147725565,1.4704360427050727,-0.8189591007820649,-1.1551174358989504,3.6654379602608405,1.739095729692771,0,0,-1.239818952654642,0,0,0.24301123245676237,1.010647633058725,2.114952513258446,0,1.066225828208327,3.835190547262698,0,0,0.5843729867399947,-2.913830364606573,-0.795840097498214,2.3079401361281704,2.735469455336627,4.391779686911336,-2.2101212964736012,1.6958423447584012,-2.2111252535614123,0,0,-0.7103963189656133,-0.8340033629599786,3.385350099349848,0.2172950696102678,3.439646434680764,5.599893221893074,2.9791685918081097,-0.609682573761547,0,-0.8598796284605221,0,-1.872664633957407,0.9578230582751965,0.1186070761916147,0,-1.3255654243944957,-3.936732160472532,0.5168790233680731,1.9538634836930093,-1.3578973742775524,2.2972610565819647,-1.9080081841655554,3.0641842862903186,1.6844525015770122,-1.374782203614874,3.1308214637475533,-1.1592701600177344,4.436276721495284,1.5521072413044061
242_i,0,0,0,0,0,0,0,0,1.1573332188735233,0,0,0,2.145080671359459,1.5143237457784728,0,0,0.3293049713991225,-1.7869481781429144,-0.7533936491153934,0.5946109807379774,0.08874202199917747,0,2.281844046861421,-0.4105228856115568,0,0,0,2.0885822173165494,0,0,0,-2.490727281446574,0,-4.544850554178675,-0.05730808579435198,1.7797176959822316,0,2.4340978172000156,0,-0.7293399779663252,0,0,0,-2.108751596844715,0,0,1.4649422582126217,0,0,-1.5726573909286037,0,0,0.8828086299919793,0,0,1.042785204265133,1.5895604507363146,0,0,1.6254912517835685,0,0,-1.1054338874017713,1.52282453996877,0,0,1.7426528139814597,0.5260377255818227,-4.006658286798317,1.0350071270742625,1.544270971584723,0,0,0,0,-4.461623520518401,0,1.7838779899046546,-0.6007886280732091,-4.068409249195206,0,0,0,0,0,1.6178211948482275,0.7030331098191089,1.3977884152505666,0,0,1.0874585878456706,-0.4757355126571925,-4.510408740103987,-3.4005489667152253,1.047065158820045,-0.07277271318415757,0,0,0.33725100461984425,0,0,1.449266267723866,1.3269514054982334,0.9622870139654083,0,-2.3359802325206083,-4.245670685228707,0,0,2.946439090391298,0,-4.415084452433008,-0.8707712369294844,3.5148265037468356,0,-0.5480998653139011,0.09644843330484854,-2.0942023219466677,0,0,0.05141426227730328,-2.821990611423389,-0.6206956070285239,-2.8575280061969393,0,0,-1.2414293252743702,1.4359101637998766,0,0.7831464114264275,0,1.1737078533214778,-0.9790222110560496,-1.8278505387836175,0,0.566746425833208,0,-0.6874675500371374,1.591227302019563,-0.24624369964906645,0.9310430997983694,1.437264489303363,-0.6672676561307815,1.1582506772796073,1.0692360257945772,2.0571112371028146,1.9512022713511676,3.080175975367995,0.6692143735258727
252_i,0,0,0,0,0,0,0,0,0,0,0,-0.31444854381255105,0,0,0,0,0,0,0,0,0,0,0,0,0,0,0,0,0,0,0,0,0,0,0,0,0,0,0,0,0,0,0,0,0,0,0,0,0,0,0,0,0,0,0,0,0,0,0,0,0,0,0,0,0,0,0,0,0,0,0,0,0,0,0,0,0,0,0,0,0,0,0,0,0,0,0,0,0,0,0,0,0,0,0,0,0,0,0,0,0,0,0,0,0,0,0,0,0,0,-0.07955513606364839,0,0,-5.6423930947030225,0,0,0,0,0,0,0,0,0,0,0,6.03639677457922,0,0,0,0,0,0,0,0,0,0,0,0,0,0,0,0,0,0,0,0,0,0,0
258_i,0,0,0,0,-4.022329643694643,2.547822429391398,-4.739017310163609,0,0,0,0,0,0,0,0,0,0,0,0,0,0,0,0,0,0,0,0,0,0,0,0,0,0,0,0,0,0,0,0,0,0,0,0,0,0,0,0,0,0,0,-4.3320584653463605,0,0,0,0,0,0,0,0,0,0,0,0,0,0,0,0,0,0,0,0,0,-3.366018249350194,0,0,0,0,0,0,0,-2.6794822456577956,0,0,-2.2684805642277306,0,0,0,0,0,0,0,0,0,0,0,0,1.9014508349270303,0,0,0,0,0,0,0,0,0,0,-4.546601882492706,0,0,6.893730841784952,0,0,0,0.8890663566140917,0,0,0,0,0,0,0,0,0,7.286115825478531,6.4358020727370375,0,0,0,0,0,0,0,0,0,0,0,0,0,0,0,0,0,0,0,0,0,0,0
267_i,0,0,0,0,0,1.9593583101413685,0,0,0,0,0,0,-0.42163657463591875,0,0,0,0,0,0,0,0,0,0,0,0,0,0,0,0,0,0,0,0,0,0,0,0,0,0,0,0,0,0,0,0,0,0,0,0,0,0,0,0,0,0,0,0,0,0,0,0,0,0,0,0,0,0,0,0,0,-3.674641999595269,0,0,0,0,0,0,0,0,0,0,0,0,0,0,0,-5.212216665560691,0,0,0,0,0,0,0,0,0,-3.155596059427241,0,0,0,0,0,0,0,0,0,0,0,0,0,5.593702288571775,0,0,0,6.976512048268429,0,0,0,0,-0.664567452150699,0,0,0,0,1.3164938358295277,0,0,0,0,0,0,0,0,0,0,0,0,0,0,0,0,0,0,0,0,-0.5462173103904133,0,-2.171190421050871,0
268_i,0,0,0,0,0,0,0,0,0,0,0,0,0,0,0,0,-1.587375832637382,-0.17963021181995042,0,-0.06643977808356283,0,0,0,-0.654695698714634,0,0,0,-1.5659918747854924,0,0,0,-0.05472297636035872,0,0,0,0,0,0,0,0,0,0,0,0,0,0,0.4870676003917467,0,0,0,0,0,0,0,0,0,0,0,0,0.3339490700674057,0,0,0,0,0,0,0,-0.0529550961530294,0,0,0,0,0,0,0,0,0,0,0,0,0,0,0,0,0,0,0,0,0,0,0,0,0,0,0,-1.4023391175473714,0,0,0,0,0,0,0,0,0,0,0.057697146879435834,0,0,0,0,0,0,0,0,0,0,0,0,0,0,0,-1.0197781332088898,0,6.099032358839466,2.470513321784681,0,0,0,0,0,0,-1.1377253783536885,0,0,0,0,0,0,-0.6610612373431985,-1.065544162955181,0,0,0,0,0,0,0,0
269_i,0,0,0,0,0,0,0,0,-2.0627260952297437,0,0,0,-0.4845930243550356,-0.3546295980418481,0,0,0,0.203245266680538,-0.0649478285121976,0.7579150320093184,0.0030692571504307153,0,0.7538512675573585,0.8832273805901174,0,0,0,-1.5274024122847507,0,0,0,0,0,-0.2229683567316858,1.1939254434808966,-0.1403784442922884,0,0.1849250279383554,0,0.35678669614415703,0,0,0,-0.9706901677477617,0,0,-2.2211698080115214,0,0,-0.01479303939813903,0,0,0.18522866980044483,0,0,0.6249437662280872,-0.8088669498967267,0,0,-0.421882429748786,0,0,-1.933875789361542,0.546667259801394,0,0,0.9016123539459624,-0.30101663486362895,0.5576366414015705,1.01303018493833,1.077868633260966,0,0,0,0,-0.36868809157786764,0,-2.2831615294095835,0.18112720860099607,0.23865017742730998,0,0,0,0,0,-3.0585468420951845,-0.6505821746289104,0.01532956984756062,0,0,0.4129231555241102,-0.5082850853277545,-1.7865128436210025,0,0,0.7602000214484068,0,0,-0.6717948246117853,0,0,0,-1.7314967908304197,2.0483191326666166,0,0.6092062929523383,0.3254927146060176,0,0,0.033417789763824146,0,-0.18431105845011686,1.4922071194169586,1.0926340485481134,0,-0.6313439291399021,-0.13301438211189165,-0.7159208227801379,0,0,0.7362188093873332,0,0.7617780235176088,-0.5960371205040058,0,0,1.5492486625558026,0.8020753025304046,0,0.670650657125254,0,-1.089305653794316,0.4486272622949201,1.0347811400454994,0,0.6564540240346037,0,0.6348740048944386,0.4219090451170793,-0.2285021529285185,-1.6527269914124005,0.7770147364198294,1.4662354933273534,0.46994369786335355,-0.4347178222463164,-0.5077294283642289,-0.3780451334204056,1.580156405792593,0.6772558790941297
27_i,0,0,0,0,0,0,0,0,-0.5202392847588619,0,0,0,-0.04643636420322572,-0.39576275782210324,0,0,0.4211917937798155,-0.3906195240666701,0.04509981474220304,0.2684249164561834,0.43243564914135924,0,0.22614607239854756,0.6685426737311335,0,0,0,-0.286648385921632,0,0,0,0.7971069707808613,0,-0.6281537159560262,0.14187004496350042,-0.15169592515722563,0,-0.37414703670438776,0,0.12269403166992099,0,0,0,-0.2806978863983165,0,0,0.3550765673589158,0,0,0.8292405440840938,0,0,-0.47083982943879654,0,0,0.1960418046100525,-0.23778603460060843,0,0,-0.11149105124881764,0,0,0.3808427347193799,0.14078198321023017,0,0,-0.7187430346463941,-0.2706273975584992,0.7358701128848448,-0.1716500166180417,-0.5527799206738422,0,0,0,0,-0.313294952410061,0,-0.05279300939630183,-0.27299684949055525,0.2856862001767091,0,0,0,0,0,0.07829858429518666,0.1144756042409778,0.02000453148414394,0,0,0.3071485270356966,-0.2559725054475077,-0.3726985119582693,0.6374800340250175,-0.6473713996805337,0.7003448848116633,0,0,-0.1939389059638934,0,0,-0.9862280286745815,0.43763314502048445,-0.15748488474438815,0,0.1665676157124114,0.4189900587416613,0,0,-0.17716544010033353,0,-0.0851437305839422,-0.47589082388671855,0.6092121368613039,0,-0.03569333396716878,-0.20635067110688432,-0.08037306158433921,0,0,-0.31483461320392436,-0.007587947248653748,-0.009280365934891677,-0.24520774647468535,0,0,0.9300482904474396,0.07956270588927339,0,0.3650687909407164,0,0.3934296254672631,0.3426484101111189,0.19242179909136858,0,0.1303778073917119,0,0.3849005213451253,0.6429515694938068,-0.33148032481038925,-0.349267344598962,0.3778601258539602,-0.483485749368052,0.10236346444150612,0.09003419293587278,-0.395192437421926,-0.03696290278933034,-0.9867891424227775,-0.48707149130294347
270_i,-2.0921376174620177,-1.8985444701742824,-1.9690902361539546,-1.9798587196576487,-2.1621431998999667,-1.6384933378823736,-2.0347035911400897,-2.002260993062233,1.7838978061675261,-1.8848822942854988,-1.8137454787619625,-1.0652252530912758,0.8465625187431005,2.7096220055151026,-2.0063154562780245,-2.194273890096723,1.5131976209073779,0.28630231755380997,0.3384349386427088,0.6245263862943382,0.15975132546541282,-1.682596075055209,0.7298406867106495,2.243920424076018,-1.673705548254253,-1.7624430957363022,-1.9440665816611995,1.729102950278751,-2.0370779527555634,-1.5769683625785973,-2.0537893214976397,-0.19828069265255888,-2.013113248458533,1.4205408968112536,0.6384296575126998,0.9398046941630716,0,3.285627159866186,-0.08572893601172815,1.2110071815841428,0,0,-1.8576686460079448,-0.3081369731844701,-2.081470808035893,-1.965507209699353,2.2322007264715564,0,-1.9787436663036542,0.2534859568678245,-1.6697223400220533,-1.7604455256255234,2.3705126461890744,-1.8736248703056595,-2.022217375726604,1.5725840481826783,2.279761637503217,-2.0952484777587173,-2.029158643048739,2.368201728280691,-2.0495858073688056,-1.7722529486666532,0.9154666745331941,1.7606076480343278,-2.2755092635914766,-1.908654774669353,0.970406250056584,-0.18351177678616537,0.864917922456355,0.14803038139873337,0.1361402885987575,-1.893551537921561,0,-1.828732885438276,-1.8645048174044474,0.39288501722361957,0,3.3664913083715158,1.1567966257733335,0.015984363174476712,2.303823274093163,-1.9568837472662421,-2.1034171881438013,-2.0227904467836164,9.180422824561061,1.9814090993729216,0.20874424197614516,3.2415042112884977,-1.9763784950269816,-1.6402764861014338,0.8952472588256191,0.5834419627231417,0.019572578422669018,0.25062236914109803,-0.18735271678702237,1.339201833673485,-1.3753451999683106,-1.932258845007707,0.495983793005224,-2.153456751872595,-1.9679796039272297,3.932218993088336,1.6094952060736567,1.1547368685782908,-1.9862681758050722,0.08067018071146936,-0.4857730552038628,-2.137259807196323,-1.393709254838095,2.208303538121589,0,1.532686054170239,0.9710761551938951,1.3466801766413976,-1.871150230802749,1.438823008381763,-0.025608306210691545,0.9654525347181142,-2.020646722348203,0,1.9812397902431869,0.44315744152193837,0.669372215164926,-0.5376198658335252,-2.0140964090534936,0,1.7684190188118594,2.73867564814622,-1.5476805684420434,2.391222321991642,-1.8596751644296634,1.6897188425281184,1.417441070746361,0.9109257180218577,-1.9636123369448262,1.270919725431379,-1.5689323007799874,0.6337938359485955,1.3491876279038566,2.1957922765532816,2.1128056678480798,2.3036981911431287,0.5751543981320122,1.8427465408421888,0.8973638394067827,1.012977458136807,2.3487117619604287,0.721397628756109,1.6359854035377834
290_i,0,0,0,0,0,0,0,0,1.494631494521017,0,0,-1.2405399191221758,2.4983208940534096,1.3149937064609274,0,0,1.09536679946513,-2.5735887164984232,1.9201221534019597,-0.8186553623048978,-0.6266907083596465,0,1.0025948392898245,2.335113961963322,0,0,0,1.7239954265390756,0,-1.7851651301205997,0,-2.457337705451903,0,-2.696182743635746,-0.5225625456420033,2.4407858846425485,0,3.079244580531104,0,-1.4318268260969944,0,0,0,-1.048436287759717,0,0,1.2833178837088441,0,0,-1.4962309875412982,0,0,0.7786160983947132,0,0,1.0862112098368888,2.1670094524479824,0,0,2.798422975234703,0,0,-1.6852040179789407,-0.4243434267214088,0,0,0.5891887005280276,1.524867374255277,-2.835152195181135,-1.414336517215335,0.41659152751880857,0,0,0,0,-3.505577306110643,0,-0.2329900053921774,-0.3360197694106306,-5.121767434637501,0,0,0,0,0,0.7003207148434116,1.0928913626755934,1.343141326589122,0,0,-0.041061685506828205,2.2072510060522488,-2.066333094717973,-4.8407507531677725,1.5263388062797807,2.6888750826795436,-3.2209033645314884,0,0.39966941079207974,-5.349096546516378,0,1.8897364330517297,0.5974232833323496,2.174232317048875,0,3.3748821633826607,-4.762933958783181,0,0,3.334602517971967,0,-3.5928658807479614,-0.82037939132847,3.28049893838092,0,-1.7123740163667174,0.8771409322822263,-2.1735351242923517,0,0,-0.3118692969270782,-3.578072951869453,1.1696864171684238,-3.1602285147292903,0,1.0674183038433762,3.076663726081544,1.3121845018494644,0,0.06972627320760783,0,0.9368579246039905,-0.9816295866525024,0.9222253011118058,-2.801507577883556,-1.7425893715424943,0,-1.3996266106841322,-0.18082341243205757,1.1290666082858403,1.174695568838982,-0.3057298774314523,-0.30581288254118544,1.2408112421874113,1.598713842641545,1.124640897771763,1.3733662768079986,2.5386594438794186,1.8296159173982707
302_i,0,0,-1.300733564946857,-1.8941924262451701,0,0,0,0,0,0,0,6.197281949577101,1.6309110624051844,0,-0.9952469956431758,0,0,0,0,0,0,0,0,0,-1.901995585982725,-2.1729376046476427,0,0,0,0,0,0,-1.7933511062619316,0,0,0,0,0,0,0,0,0,0,0,-1.2250767980475108,0,0,-0.7081596520668159,0,-0.2916268271602158,0,-1.4388080728624657,0,-2.1085644796565033,-1.5124332617493983,0,0,0,-2.2081036074903277,0,-1.2562397742248677,0,0,0,0,-1.551603371917992,0,0,0,1.5392298330841943,0,0,0,0,0,0,0,0,0,0,0,0,0,0,-1.243016641641045,0,0,0,0,0,0,0,0,0,0,0,0,0,0,0,-1.4565030118228801,0,0,0,-2.0312441495498317,-0.48978648823003024,0,-2.185272927352018,0,0,10.365503707287264,0,0,0,0,0,0,0,0,0,0,0,0,0,0,9.145604565830155,0,0,0,0,0,0.8863652293154978,0,0,0,0,0,0,0,0,0,0,0,0,0,0,0,0,0
33_i,0,0,0,0,0,0,0,0,-0.3219801513656311,0,0,0.11358684510855355,0.7045187268672635,0.033448222682803674,0,0,1.0599163593507566,-0.13818238800002902,-0.6379207971373564,0.17844252822272821,-0.41506397321999344,0,0.42340579658777067,0.7528823972985208,0,0,0,0.92230155869788355,0,-0.21494070408641797,0,-0.49605819739866774,0,-0.569286341799863,0.4168376601781869,1.3215792818177476,0,1.5172558416060458,0,-0.756130295244164,0,0,0,-0.3577774935927138,0,0,-0.13700831997934415,0,0,0.33254698195224464,0,0,-0.1834898846071269,0,0,-0.3544418888915697,0.39178601295567184,0,0,1.2041435491693946,0,0,0.0647592858742243,-0.2890736704718133,0,0,0.5051657060412076,0.8383716838522002,0.06318509467396005,0.3474012290263193,0.8616118266940447,0,0,0,0,-0.8463629312062686,0,-0.2731147655751496,0.15253100034713185,0.287059340416679,0,0,0,0,0,-0.6622799213890058,-0.41445053985470537,0.6436662807183655,0,0,0.37787637121157935,-0.7039040569041326,-1.6942390244564978,-0.11447727792485374,1.175181565572439,0.6127626886995508,-2.647631787883097,0,0.028608464001138145,-5.648940566919107,0,0.49026079844102277,0.28093065810662843,1.1674465390114985,0,0.6903232332987397,0.0617994876745076,0,0,2.6055102872204365,0,-0.7515960537129924,0.5902334132491625,1.8762479530526157,-2.3688833536734952,-0.3174261804125855,-0.3074434307963472,-1.2967821741296266,0,-4.60431121982382,-0.9700388913070466,-0.542407268910786,0.6828068332546682,-1.4506486958188276,-1.4673530800660366,1.7874048302462402,0.7536723099445357,-0.011433156400670441,0,0.014937094341906487,0,0.05580402427588638,0.14661704030223177,0.4021864896329035,-1.4272153899984517,0.16294997266399314,0,0.21641723987475636,1.1985057677857487,-0.493565162633292,1.2886265004049964,-1.0239906606285452,0.18056818571066557,0.1935997241819063,0.9784426433583686,0.9546397447358892,0.3155469977695251,1.456165246531416,1.027374381525405
338_i,0,0,0,0,0,0,0,0,-0.4285551796043041,0,0,0,0.07759515419896701,0.16449402549551628,0,0,-0.08678508401683871,0.7150884769789023,-0.5429291698102805,0.5258350406195298,-0.34365131514233127,0,0.3245085929567466,0.21533289847142534,0,0,0,-0.01850905300290151,0,0,0,-1.1734940976241885,0,-0.20353768344325296,0.12018400821023434,-0.9248761277714257,0,1.1494019011445662,0,0.6353779882414727,0,0,0,-2.1097371270581204,0,0,-0.04448319481055485,0,0,-1.9512818531453187,0,0,0.6282190781358157,0,0,-0.5153833837248607,-0.38116081199414253,0,0,0.0020270750625783762,0,0,0.4208558175078583,1.4175810354704161,0,0,0.5047621447780006,0.8517039040178638,-0.9628416852906865,-0.244286708254581,0.5889975727035424,0,0,0,0,-6.141900319711624e-5,0,1.4968831243082121,0.21591629878640006,0.34773319343864983,0,0,0,0,0,0.13652423724509966,-0.25951657592861643,-0.015633749528161545,0,0,-2.2435690708731757,-0.8264877487105053,-1.1568023285759361,-0.5029894879576489,-0.3361597577904103,-0.7432055726892441,0,0,0.2084542653289958,0,0,-0.5497952266330524,0.21479176029883718,0.9225306491379079,0,-0.8140191421946508,0.733840233657137,0,0,0.413078678061618,0,-0.7792586337714775,1.3458711732369757,1.2283745046012235,0,0.7096327167036591,0.499772031697308,0.5485842164822508,0,0,0.7628671857596636,-0.7834564540622351,-0.6446950138298568,0.38552255585481277,0,0,0.8441291893627945,0.8792771801218517,0,0.17528231178134668,0,-1.1897368389420153,-0.9765299882500154,0.19565409117535104,0,1.2208899258454746,0,-0.12735195336953886,0.784013193488061,-0.42743346389427295,-0.08853666731028831,-0.5995392937162718,0.19727911713163415,-0.022095073157755607,-2.0125238947807498,-1.822956920383711,1.406222127344467,0.8056228738126006,1.83315520139079
393_i,0,0,0,0,0,0.5091836807007617,0,0,0,0,0,0,0,0,0,0,0,0,0,0,0,0,0,0,0,0,0,0,0,0,0,0,0,0,0,0,0,0,0,0,0,0,0,0,0,0,-4.397413547719531,0,0,0,0,0,0,0,0,0,0,0,0,0,0,0,0,0,0,0,0,0,0,0,0,0,0,0,0,0,0,0,0,0,0,0,0,0,0,0,0,0,0,0,0,0,0,0,0,0,0,0,0,0,0,0,0,0,0,0,0,0,0,0,6.593865184398722,0,0,0,0,0,0,0,0,0,0,0,0,0,0,1.7272401405746072,0,0,0,0,0,0,0,0,0,0,0,0,0,0,-4.432875457954559,0,0,0,0,0,0,0,0
409_i,0,-8.133726089666048,-7.607482811346763,-7.81739491373859,-7.5997332834514175,0,0,0,0.2988928664922259,0,-8.17703332253729,0,3.0071921791879994,1.1291430720837763,0,0,2.479662282313729,0.1226703519654464,0.7611874624539716,2.721116150850486,2.5298778420930166,0,1.9149150907899237,2.6326253305718144,0,-7.491129425193847,0,1.846764708285228,0,0,0,3.024784234565022,0,0.03131480385504304,1.7360992183576975,1.1703824257581186,-6.917945332309415,2.154263968300775,0,0.7492012708590714,0,-7.601513443822336,0,0.8380773167282776,0,0,2.3621347810645386,0,-8.093736734909266,1.7327715890297064,0,0,0.7435933727614206,0,0,1.598292364271268,0.7467682190405824,-8.158650115711351,0,3.307223861937034,0,0,1.2242549382231367,0.26163582057925794,-8.043598789528247,0,0.6624416309113368,1.2245750051643718,2.890716729025762,0.8770434713780517,4.405073832135779,-7.629268287268628,0,0,0,-0.2766015755886393,0,0.13228275451885452,0.4587008924913256,1.3406394473769403,0,0,-8.105407177746049,-7.637589385986926,0,0.5809815471980251,2.652874405034579,0.5354105917547543,0,-6.797709927201424,2.055846956412987,2.2019083948062814,1.007324074120982,2.1079162092989616,3.6292436096818594,2.5670875379832925,0,0,0.5692948544870227,-7.324812254299861,0,-0.17547793780107135,2.2081665891810633,2.2807201757350732,0,2.3094679435808523,3.1233796352626744,-6.916458510473586,0,1.75342046407917,0,0.9339183395651371,2.1827811339303214,0.25687524004059625,0,0.1243899045334782,2.0648823119248654,-0.2516478912239588,0,-1.4383037558615683,1.1213590393102049,1.6589981466313724,2.694304862272144,1.7789740334602389,0,0,2.987859694848744,1.1332568285597642,0,1.7307146386398564,0,1.087156069148941,2.054227939726683,1.299616140819948,0,0.1584385990984032,0,1.9049603080080235,2.806936480283449,0.6635853837042713,3.2953989042625462,0.813949001930526,3.3913775953567615,1.559173682202868,1.2079455698625132,2.521771991461341,1.5352695931804448,3.88354467765687,2.6441925812074523
441_i,0,0,0,0,0,1.6759212167735296,0,0,0.40208402431821355,0,0,3.755591512129328,0.1753138232084801,2.081979650221747,0,0,-1.0540603837500644,1.1321035017314074,1.0024663541786492,-0.595607804872631,-0.34818265532437387,0,-1.6856667606968632,0.6729142154995866,0,0,0,-1.9443500286157764,0,0,0,-1.647389484949759,0,0.6391934092001517,1.6540844397969252,0.07086484858298192,0,2.8217799791647984,0,1.616806026802701,0,0,0,-3.0426863531676114,0,0,0.816480654007524,0,0,-3.192351423594621,0,0,1.4329109367181072,0,-4.8634447307056305,-2.09479735016404,0.9330777077623384,0,-4.874065350925387,0.2816758854908912,0,0,0.9254633111770989,1.998267601858144,0,0,1.7623473495964763,-1.4352601577341124,-1.6836204531157009,-1.442267002094301,-0.8846388161865635,0,0,0,0,0.3633404736513164,0,2.3008024158335214,-1.6302612802022205,-1.7878724122920007,0,0,0,-5.7288451865232455,0,1.4416494578566557,-0.2894957602382826,-2.884992540074111,0,0,-1.329819239594694,0.16072442044274027,-3.477878895824131,-1.5490584857003702,0.6400247823830227,-2.336677697944264,1.0259962322526306,0,1.1425730316950418,0,0,1.3447816092783391,1.2486588532596503,1.8096119356410298,0,-1.7716764028748049,-1.8573481843687434,0,0,0.025061986262299385,5.332460462147624,-2.6323564320437027,-0.4907756333421345,1.7100613349118472,0,1.575595727172752,0.9306549264437187,1.031273858691284,0,3.099268583063404,1.2153371497533687,-2.1140203862008553,-3.469860866057135,2.0547074485051766,-2.1174608477077843,7.209131662638642,1.6757434171078138,2.429483031519215,0,1.6225492863070237,0,-2.189517988103905,-2.1970187223521433,-0.8642477977367697,0,1.6988491934024754,0,-2.1080599657093817,1.5058256485126353,-1.258169334522501,1.400500431875976,0.8613357741121543,0.9566777939815818,1.5448544375259772,-2.124391640953429,-2.2752611578736035,1.9113170881065802,0.04365873737198811,2.109617974211096
447_i,0,0,0,-3.4496342811914396,0,6.459544180542755,0,0,-2.152169157213075,0,0,0,0.25854388162612807,-1.520109992559993,0,0,1.3988733101118456,-1.59370214056068,0,1.026473496702489,-1.212113048553376,0,-0.48693242488898125,0.0797692112777062,0,0,0,0.9271858660306078,0,0,-0.27383702269968957,0.2206795063920719,0,-1.2750253155478655,0.7025269347826759,0.31253724584712295,0,-0.25552889378310706,0,-2.403579385743736,0,0,0,-2.1195013668171274,0,0,0.7221952518439068,0,0,0.037111653365745845,0,0,-0.2602411640276667,0,0.5433216946620272,-0.7986212594341424,-0.6358201562819392,0,-2.840241393334412,0.698686367562436,0,0,0.2869740917094239,-1.799262259508525,0,0,0.25538527700179703,0.19641831322430203,0.18289245844808555,0.8917021795134739,1.6289440493596263,0,0,0,0,-2.8071430293316304,0,0,-1.9040803057747473,-0.6113109700658237,0,0,0,0,0,-0.5486961920275517,0.20127178700489168,-0.9073710773558723,0,0,0.8323126859571186,1.2963955617696028,-1.662762826705234,0.3247189817488829,-0.22855844396681135,1.2519552597231387,0,0,-0.4955924023663787,0,0,-0.3811951286794413,0.9063194807855686,2.0416230059763576,0,-0.3917852936969499,-1.2054872388075433,0,0,-0.7168981348232819,11.08076373603037,-0.6103455573872729,1.710108549174798,0.04811132599427026,0,0,0.36095297465399856,-3.0790742244606966,0,0,0.424365724883347,0.015051809377172098,0.4604351726972844,-0.6375625377588179,0,9.447894812783726,-0.9976987951910417,-0.56751138950965,0,0.6541240465707059,0,0.07824777410583916,-1.1114893302605227,-0.700333211375014,0,0.22215219837661238,0,-1.200955860869743,-2.016067261387768,-0.8647392408545045,1.1403404955235796,-0.7381063652106423,-0.9025876394592798,-2.8720861474803763,0.44320782237843215,0.9486551664811742,-0.0043528700693107325,-0.7908749339823498,1.3122123290029135
45_i,0,0,0,0,0,0,0,0,0,0,0,0,0,0,0,0,0,0,0,0,0,0,0,0,0,0,0,0,0,0,0,0,0,0,0,0,0,0,0,0,0,0,0,0,0,0,0,0,0,0,0,0,0,0,0,0,0,0,0,0,0,0,0,0,0,0,0,0,0,0,0,0,0,0,0,0,0,0,0,0,0,0,0,0,0,0,0,0,0,0,0,0,0,0,0,0,-3.486606694156558,0,0,0,0,0,0,0,0,0,0,0,0,0,0,0,0,0,5.51180321973113,0,0,0,0,-1.5115977503815632,0,0,0,0,0.4488099294322776,-0.9624087046252896,0,0,0,0,0,0,0,0,0,0,0,0,0,0,0,0,0,0,0,0,0,0,0
455_i,-2.9037489983886378,-2.81822086727058,-3.0599012142252855,-2.6052994851180475,-3.1901553097961806,-3.838981161581997,-2.037883045843783,-3.8970098901054184,1.4800722534045416,-3.232162862262255,-3.1800094428257157,-3.191481588129826,3.5173106478550995,2.776151440974921,-5.008217399051338,-3.9596234006203037,3.278645317871076,2.207499387078334,1.8975878509849142,3.4105523988037483,2.815989774462503,-2.9099742596593643,2.4543663169009946,3.7434777169116114,-3.962587507694595,-3.060053033098791,-2.6476932321182947,2.709592928949144,-3.0403026166568594,-4.536605583778351,-2.695557284664175,3.644085281986129,-3.8792737307226384,2.150608288569982,3.011475968913036,2.519265901971325,-4.464581420957269,2.9401076574452674,-3.821012497482686,2.335028869327088,-2.5817855307916684,-2.3704675014961225,-2.7751709945719014,2.3247514268764657,-3.2561854594878747,-3.553815621941278,2.7550185894924546,-3.479802848204476,-3.289265292384763,2.9689394212649276,-2.9271517966036384,-2.9169293892990655,1.8046074582565321,-3.092549705898212,-3.035399631741149,2.7030534570817686,2.087570105965556,-3.455926164449611,-3.928877760575414,3.703239285195316,-3.164470994566531,-3.3342537558723633,2.802495542010476,2.5104384189791524,-3.2588339769436425,-3.274334139259153,2.079635808978411,2.4591178841236285,3.4081857139092584,2.3325086854509482,4.289667883994895,-2.81563940342083,-4.566665373238242,-3.0202182433155738,-3.324122247342454,1.8731135622808743,-2.405875489683625,2.3585532533722944,2.691094768678937,2.662188914356946,0,-3.066395231525531,-3.7420431507947765,-2.8326494524408394,-3.7183505875201996,1.9765305748215862,3.142454979790557,2.305895990984032,-3.130669582884705,-2.536358580482468,3.1631011695231592,2.9820727996266037,2.3517364596968715,2.7833541794608507,3.361120158848504,3.354212710541569,-3.3606433769159407,-3.6298743733405967,2.3770509640128044,-4.746982585143576,-2.851710564005561,1.9513582292599274,2.719965121098486,3.415934464985458,-3.612723492835827,3.0177459682129246,3.6102919481235283,-2.379975873344595,-2.6408810957278455,2.785060994887715,-3.6870820206879413,2.6358828126067717,3.474693067460386,2.5831314490853305,-4.481487323103919,1.53709569912915,2.7581420473346565,1.9944074926659923,-3.3325794409349694,-3.5181350380036553,2.6955245243102173,2.633720699703643,3.3488661071191803,2.386071375790273,-2.7252238136549796,-2.7504748527466285,3.6916079758765044,2.797063442454947,-3.448331844063212,2.783270740531064,-2.7644913349439566,2.84759789921746,2.9934608658784025,3.032346692431716,-2.7175533616906815,2.5696929552042054,-3.3047600842424742,2.6038506409466304,3.2058952613484983,2.3547820150894303,3.6410825651668812,2.543376651426353,3.8329680316328556,2.6707089114009737,2.522540732965725,2.9576990329572865,2.8012885837475423,3.769232300099876,3.0775687440398745
468_i,0,0,0,0,0,0,0,0,-1.3635282698710993,0,0,0,1.68168336091615,-0.004420894965027955,0,0,1.7449984510431733,-2.698579518686122,-2.7718698946696287,2.1872660275471745,2.044016816523179,0,1.1242063179627433,1.1449272269064874,0,0,0,0.7078411453810709,0,0,0,3.017372015265787,0,-2.210351056981561,0.6986960549650743,-0.513083522078813,0,1.2530462381205787,0,-3.6468436054254325,0,0,0,-0.16707774574074907,0,0,2.1454063783093353,0,0,-1.1047006952418377,0,0,0.1259672189077934,0,0,0.9118675260286455,-0.4897413728360336,0,0,2.9653802953361073,0,0,-0.366745282629374,-2.61261246405342,0,0,-0.30072375116687056,-3.9738503908540523,3.1254880116023624,-0.5440342214826765,3.8901184178340262,0,0,0,0,-2.5472528186082384,0,-1.1688263738396136,-3.650817241174459,-0.2109508772875257,0,0,0,0,0,-1.1424682734582943,1.388363130772678,-3.820282824208997,0,0,1.7588558883715617,0.6565758631421144,-0.46923431540053606,1.8717578186733999,2.8781805140010572,2.0865447838260494,0,0,-3.2252976035505316,0,0,-4.064501007410065,1.8634162977320656,1.132869866450557,0,0.8477215420281183,2.4397632561795213,0,0,-1.0080088431054541,0,-3.086137773129516,0.37901648070990657,0,0,-3.5258397398596806,0.9380109032958401,-3.392209717081835,0,0,-1.736700897097525,0.8511039357917785,1.2931105582664557,-0.10981346039778828,0,0,2.3378211523444783,-1.360414528666622,0,1.5079022364177543,0,-0.23905259447419702,1.0806767618876751,-2.430062636959125,0,-0.9439559090654486,0,-0.15239532264012023,1.9168574860728285,-4.230622123010441,2.378117389211459,-1.4034233190345633,2.339060308606088,0.23361835692503163,-2.1428462585835772,1.1339395861196362,1.124540068499968,3.4414701078866443,2.181701348864493
473_i,-4.666953926297868,-3.678254000830912,0,-5.2092269666303235,-3.4361432815948225,9.429957456291396,-5.212360871105948,-5.164087047852891,2.0166380927427934,-5.235648049556048,-3.5530555627758043,3.600836914813801,4.604217601289324,1.350003791671062,-4.197404341496634,-5.247945402428023,4.638010985901694,0.49460032326363645,-0.9911745646955277,-0.2802999362146945,1.758915431020906,-4.543145039371034,0.31596144642875146,2.8024917550795116,-3.7404801907269305,-5.004475201603045,-5.180090343717086,1.9545349833624144,-5.057024307917816,6.657060959170813,0.5506224459614746,2.6453158310973333,-4.221204600433465,1.8354053036633022,2.211886429944208,4.6162418561574015,-3.162812340488461,0.31341687041267186,-4.925526277104295,1.5311332347086406,-5.082852145839867,-4.963542188680872,-5.092559742633097,1.5816748669762575,-4.894801006057279,-4.119472956165508,1.7154266227722204,0,-5.183511092960299,1.9620637022092051,-1.6358674498834933,-3.50476391133315,-0.7393268722343782,-3.6821616442634317,-0.44732490683956616,1.3045346817716936,2.7534036368658814,-4.428699327017763,-2.211801400743406,1.6595297005498342,-5.284716696675071,-4.56995762815926,1.2631309943681455,1.6042406854901579,-3.164762161030586,-4.063764670641359,0.39509990056101785,3.3912393395051854,3.523859102888684,0.40717758742784405,2.6076402512276466,-4.030633022971106,0,-5.144336448122187,-4.200164504695829,0.4520826088813674,-4.597992879203069,0.3429496666898242,1.4274085234942522,2.1966328353910107,0,8.55266907619574,-5.153162779860059,-3.4727263987363406,-5.3338113348723795,0.04813970283763869,3.6521869066293604,2.8889659256839675,-5.217679638766972,-4.895097257883515,-0.03360956715248786,3.089896507616059,2.113188372289999,2.615540120464301,1.946492158009292,2.7558364143426886,7.315714914593997,-4.950585961590433,2.331185080657244,0.1525984233238198,-3.61992397904646,3.3671791435117893,2.687509249888082,2.4704292746289163,-3.0606181660982186,5.369042842444255,2.8337360460097116,-4.486470879092397,0,4.264611822707236,9.43676130978921,4.367545488719493,1.4189342900162902,3.3049897854278854,5.895873988480663,0.12014649682387368,4.221320226767846,0.24388901431781917,-4.3983364160878935,-0.5425601180278727,0.21184718717992723,4.12237278548827,3.6609813888784988,-1.0503072194951475,6.2172977615192035,8.814223767736658,2.57250365376683,0.6509594678845101,-4.643181221235434,-0.501925603291455,-3.6861026333913314,1.985465656736448,3.6186033032571263,2.946744041763875,-3.4373073445642417,0.22693761995514983,-4.13086082637355,0.6296152945320834,2.8642770627766136,3.434373899468943,3.0074632954870317,-1.6572500100107677,0.2871610032590084,0.37509153831361886,2.5605062537812824,4.291738447170459,0.9572243278459958,3.2310791977676327,1.9756463077714308
476_i,-0.8157583735793095,0.4557802910347606,-1.3831617833921666,0.4678190583970947,0.0016314204090983608,9.58492137003966,0.520497668637538,-0.7859848577839488,-1.1151066637812557,-0.5867391666785027,-1.296173885645834,5.393235893370955,-1.0619195994688626,0.6787635870481319,-0.3217732074346724,-0.17646255670590882,0.26338361834337753,0.3349713662463527,0.6971337530651729,1.1248430533870266,0.9723830788014824,-0.0784540356011032,0.5947124083934581,-1.3639983476524713,-0.8264760796538972,-0.6503306060334948,-0.010611395026347559,-1.1373196124468827,-1.6150787167176177,-1.0288603033159012,-0.6066634892751166,0.5638351857561972,-0.5629740603021594,0.44846781229190835,0.05845429172343142,-0.7619892806032951,-1.3554524976699636,0,-0.8214168547468805,-0.8929490802912978,-0.29320903333294446,-0.671881046378572,-0.5915273083982164,-0.14568545870396665,0.34022282416376104,-0.6572828750781214,-0.10168402616082872,-0.03889256784822592,-1.1010155132925168,1.7281860191920355,0.4307862261494826,-1.205561945115556,-0.9909197487147434,-1.1180961525007755,0.7009023394044664,1.2814741800945644,0.013968677346840153,-0.568434151344654,0,0.7504429368886854,-0.45223008009794796,-1.6682397139194154,1.3173711745729078,0,-0.8909414028681581,-0.9915426954829627,0.775402555152402,-0.9144652146973513,-1.6200220138992436,-1.413857602478687,-0.07657569675085263,-0.7346939992788277,-1.018426158572625,-1.0743002650952636,-1.7217808326610693,-0.2725684300010638,-0.4758489262817758,0.9615795422263709,-0.07631913775176447,-0.37566875140000633,1.3625929196292175,3.4329707337816497,0.13070547278720035,-0.9081995660691522,-0.9862756621455979,-0.07333511321174413,-0.8663193699440725,-0.008357361764134374,0.23061844232031614,-0.8988604583559567,-1.087705421288799,0.5869155126312533,0.2388198832183921,-1.0196121715123407,0,1.3838074036492678,2.6965409632554413,-1.7321098427871977,-0.3181601909108025,-0.7515524068309762,-1.8774871737250156,-1.3633356729536295,-2.148443551220172,0,-1.7337694093984886,-0.9742039031507863,1.234331557867577,-0.2687278632381842,-0.6183167826443254,-1.1589526077783887,5.780573133474247,1.011388090582333,0,1.2866933832669742,0,0.9610547894488697,-1.090003855232207,-0.8786025702969997,-1.0514764173752011,-1.6183747860223248,0.4832293422438694,0.011345525674408385,-0.14930126388024068,-0.028966751730772344,9.949782992336365,0,0,0.16009743665961462,0.4267694635891335,-0.35764439287269933,-0.5645034154955466,1.0620063218245566,1.4755568067609595,-1.9575128306044065,0.062463736954218696,0.07849599163420784,-0.3870112842965261,0.16581319261870142,1.3976967267888858,-0.029415160680990482,0,0.16315650586270358,-0.1858343746947,1.591915968387637,-1.6046492454989192,1.2943213594579923,0.3319375992694331,0,-0.23842550858823586
483_i,0,0,0,0,0,4.403368598632511,0,-2.53852442134504,0,0,0,0,1.6289108945207404,-2.1306970955515734,0,0,1.4053641727538073,-1.9127669488600714,0,0,0.6948564553952608,0,-1.8270840223419702,-2.005509378639468,0,0,0,-2.146419379904681,0,0,5.339285419609938,-0.14882059867004216,0,-1.8316285991474133,-1.6574978538191845,-1.056643447091778,2.971833307176995,0.7026793825344422,0,0,0,0,0,-2.31970114840597,-1.0705416523843523,0,-0.9964463716056464,0,0,1.0723164276028978,-2.823768244338194,0,0,0,-2.5225312011432868,0.1791693637492262,-0.48912820772380705,0,-2.5065029271062333,-1.7316909424455784,0,0,-1.7724012583291624,0,0,0,-0.896856762755009,0.5690036362601321,0.051267620167448236,-1.977729125562366,1.0389438338260595,0,0,0,0,-1.4406901521046822,0,0,-1.8695545091148982,1.075797052135691,0,0,0,0,0,0,0.2731322444804283,-2.6018646847111015,0,0,-1.9876776189727492,0.9768123818340255,-0.016727162525633332,1.8189724986176543,-0.12292025696230624,-0.009488682804869697,0,0,0,0,0,0,-1.4982976338229368,0.5883733311885875,0.10157782446083896,2.057410004728263,2.317741302712194,0,0,-0.9730043771530337,7.685435936876088,1.1224028925272131,0.6183873693667294,1.0178251450288087,0,0,0.3444954243534406,-1.8963105064978474,0,0,-1.3765221382749049,0.7112476428723298,-1.4272742150471935,-1.981903229982649,5.345834451253715,2.713099895586306,1.3224341742946972,0,0,0,0,-1.9079830277038217,1.8225589628330523,0,0,-1.3661268261928083,0,-1.6621908352683201,1.7629856089257556,-1.0358746005203434,1.3594091159208084,0,-0.8594784876911774,0,-2.0402400977907,3.5324880769741505,-0.7669277362486362,1.712489571491238,2.8660363458699827
493_i,1.6459667456725846,-1.824220893421872,1.2195598930048615,0,0,2.0437475846957387,0,0,1.5148626847829316,-6.0839251780383945,2.0371032856011517,-0.796303185822179,-0.6935639915507075,-3.6683123578276913,1.7148301105202304,0,-3.91084503633998,2.631316726807757,2.4432452528723676,1.0849300271810662,1.0425669798120651,0,-3.976196250366076,0,0,0,-6.014981753567693,1.1235513286885368,0,0,0,-0.5968670611829232,-6.528601918221691,0.23604840337361743,0.4436553038915374,0,0,0.6076307028973424,0,1.4319498684895748,0,1.5006247992560677,0,-5.178810549063589,-7.0109675929451765,0,1.906959007809446,1.7051989271960277,0,-2.915888890836608,0,-0.14910532677756905,2.0108332993698994,0,0,1.7318484855614944,0.8787703841081829,-0.023143861927778175,0,1.835198151510447,0.43794004180456625,1.4169339807974257,2.1764960887042193,2.540873560803405,0,1.373018753533767,1.1716120767943075,-1.4750840248059127,-0.4237761136280671,2.01057834288528,-3.7900491325879617,1.6807287503374386,0,0,0,1.0837169774783195,0,0,0,1.65454878640125,0,0,0,0,0,0,-4.0185147127199485,1.8931419284707864,0,0,-4.1865292547036805,2.2621536861795715,0.6933722744251671,0.5446363276070674,-0.2689093027820597,2.1273765130946423,2.947695939670524,1.089940205727947,2.1863403338308096,0,1.7610003877224294,-0.5544716165570769,0,0,0,1.4533703686194066,0.8946406345904183,0,-7.969970378918717,2.0002402702933857,3.7875743937165804,-1.3621644381691436,1.3724672560371882,0.23339474649610992,0,-5.709239019916319,-2.703484305103493,0,-5.485722749982237,0,1.6374121913130626,1.7964990600854769,0,0,2.1549245934099535,4.349127829712359,0.3959346157581045,2.158728235501485,0,0.6760723762945204,1.4879834375159149,-4.383731178122644,0,-0.5026866943002197,0,1.63366429216339,0,-5.131437105796747,0,0,1.8196956910227637,1.9276969767500702,2.0304280048651044,0,-1.1530392347767329,-0.9823911866496289,2.6679202449207793,-0.12070516650627283,1.2733613354788904
502_i,0,0,0,0,0,0,0,0,-1.8010337867926047,0,0,0,1.0706757059542653,0.31909388429068297,0,0,1.680235986132594,-1.2476878294326532,-1.0644825687978132,1.3027352531001988,0.75372815368857,0,0.15739918492405902,1.319987254577617,0,0,0,0.835612552301269,0,0,0,1.2455768976198858,0,0.1581028455690845,0.8298868541424458,0.4117805257481333,0,0.568908504049773,0,-0.5727021095019973,0,0,0,-1.8434937342331823,0,0,0.4066816002456033,0,0,1.2131615460321576,0,0,-1.1711641015366903,0,0,-1.0407665666936436,0.23690297685050332,0,0,1.9232240099877949,0,0,-1.5428075313980436,-1.1661879626062177,0,0,-0.8827295099147463,0.5061990566468175,1.498819338387829,-1.083110887171351,2.4154132921938256,0,0,0,0,-1.749116162902908,0,-2.992199833128173,-1.8709987788652116,-1.5950089584309826,-2.467321826888756,0,0,0,0,-1.8101223483387248,-1.4348334628384016,-1.845311982930868,0,0,0.5655713555284301,0.9847427962115987,-0.6628400257263269,0.649545061260536,2.0090813196872404,1.5151721643239444,0,0,-1.610653232867194,0,0,-2.461105295019075,0.9242296234405973,1.2659691831422535,0,2.206458539077053,2.6493072489950578,0,0,0.658936517373828,0,0.31024218599792874,1.3290896336756166,-0.3676765336099752,0,-3.060222786320253,1.1432358146116286,-2.5293740571278063,0,0,-2.4518881680050812,0.545313003476835,2.549737813731385,-1.06815699793699,0,0,3.0000076221495853,-0.9810878797686371,0,0.24385887167338804,0,-0.3783382196257836,1.2082900449578844,0.33429384575100585,0,-2.693434189649782,0,0.4558721789859579,0.6229471549423664,-1.344076459022637,1.7918510070985079,-1.0145229131293716,0.4892147385793777,0.39735892008975426,0.47127806447464593,-1.5004873975482278,0.6967342746471097,2.402921093016353,1.0295585984171218
513_i,0,0,0,0,0,0,0,0,0,0,0,-0.40548363571901724,0,0,0,0,0,0,0,0,0,0,0,0,0,0,0,0,0,0,0,0,0,0,0,0,0,0,0,0,0,0,0,0,0,0,0,0,0,0,0,0,0,0,0,0,0,0,0,0,0,0,0,0,0,0,0,0,0,0,0,0,0,0,0,0,0,0,0,0,0,0,0,0,0,0,0,0,0,0,0,0,0,0,0,0,0,0,0,0,0,0,0,0,0,0,0,0,0,0,-5.694595248811263,0,0,0,2.972344126397523,0,0,0,0,0,0,0,0,0,0,3.127734758132755,0,0,0,0,0,0,0,0,0,0,0,0,0,0,0,0,0,0,0,0,0,0,0
516_i,0,0,0,0,0,0,0,0,-1.7283673973049343,0,0,0,-0.41594295478418086,-1.9722068807725304,0,0,0.06317136153869374,-0.36110252247024377,0.1215850202601505,0.22607559790655252,-0.5512820867197386,0,0.20542973405932408,0.5005604490536113,0,0,0,0.08072587452380997,0,0,0,-0.20000806351765732,0,-0.5091846356261263,0.09782332283907103,0.420710644037265,0,-0.06597880152941116,0,-0.11025110262442883,0,0,0,0.12908646996526674,0,0,0.29753379799895807,0,0,-0.5440107327107393,0,0,-1.1767633139890998,0,0,0.009100501979978581,-0.7533537637363725,0,-3.535524280892644,1.2085180700278366,0,0,0.8260391427991509,0.10319078296885476,0,0,-1.100618567463414,0.3331243285360115,0.024429250885606102,0.48392649843880253,-0.44028650875985686,0,0,0,0,-0.01253500683559583,0,-0.7444165206793265,0.29138947636636203,0.6122715774180341,0,0,0,0,0,0.06057507322366629,-0.34417615535245627,0,0,0,-0.008908190175967334,0.3115325835537428,-0.3694058989395739,0.8646797350650379,0.5555487031594266,0.5834865507083569,0,0,-0.4122227822158857,0,0,-2.602585479129379,1.1363244671110495,0.8380047274371831,0,-0.39840123091465873,-0.707016314523913,0,0,-0.2506781013864394,-0.5040053211941382,-0.8098452521052995,0.6433051424306884,1.3887189083504223,0,0,0.16489573610502095,-1.324943437668689,0,0,-0.8617908502002996,0.5231204985648725,0.7705686526488913,-0.06362489866087451,0,7.435792693775805,-0.22636372377670266,-1.069953950556533,0,1.2384444386256392,0,0.721785437464546,-0.7416133745203863,0.4655742360144517,0,-0.3670179709594752,0,1.1352642111343991,0.45135033192747276,-0.6323531558018898,-0.15257801768938695,-1.186090563096272,0.7104740756267605,-0.4683643414129586,0.7035717096386955,0.4525948492181753,0.14714756172803245,0.5104750671111047,-0.12415514152929408
545_i,0,0,0,0,0,0,0,0,-0.6390490182090662,0,0,0,-0.13364506180324298,-1.516452150249684,0,0,1.178094290568434,-1.5218495367825629,-2.8248043653929287,0.34200331592214717,1.5888977156131459,0,0.206242666129703,1.5257971991431605,0,0,0,0.024939514627300596,0,0,0,1.808794702358406,0,-1.2321169978323168,-0.08066902698156042,-0.25275459709341863,0,0.44159532510125654,0,-1.6254274191165008,0,0,0,-0.789800197017466,0,0,1.250964927419294,0,0,0.5128533354248814,0,0,-1.416908675973704,0,-4.710101604950502,0.5019581093351775,0.2992587125817989,0,-2.2465627575901994,1.6293555515045464,0,0,0.5894963029721545,0.38234798325838426,0,0,-0.7346995277742119,1.1344379640926503,1.0770097476015108,-0.05454195932370709,2.16906426163136,0,0,0,0,-0.7451003621932335,0,-2.2528727301342792,-0.06609001528567315,-0.6471289146877792,0,0,0,-2.290413811106246,0,-2.1760374309449215,1.2328946949297004,-0.8002921347131497,0,0,0.7756083511320488,0.5729840076942061,-1.1682549251014658,0.740671092158629,-0.3954656617218255,1.7834422370432064,0,0,-0.6489885876707246,0,0,-0.3367763857185295,1.2399522475064417,0.8350185721067538,0,1.2675726632779005,0.308449879812283,0,0,0.17349715331718762,1.241318842129611,0.16958747834121635,0.7286831984146458,0.5794395493120543,0.34943577922727886,-2.4821871448393145,0.46105789801359176,-1.4175523087161377,0,0,0.4905676785551645,1.2959292256142882,0.8898442046228423,-2.672738540436881,9.327720348293013,0,0.4959956954133222,-1.1974906711703843,0,0.1962787451290433,0,-1.80396258709158,0.895730099384088,0.49268929461474986,0,0.08716773783208609,0,0.8358149482109498,0.9480445185317121,-0.8694545023544409,1.8600917088029574,-1.1317886586191621,-0.6043344122019247,-2.7056315717528223,0.08832447085257211,-0.008346935566877711,-0.5938200610459958,-0.5008469581529695,0.26803426175851275
546_i,0,0,0,0,0,0,0,0,0,0,0,7.0936947689574845,0,0,0,0,-2.411806703491342,0,0,0,-2.151891294750078,0,0,0,0,0,0,0,0,0,0,-2.2833836944148613,0,0,0,0,0,-0.9202116265363518,0,0,0,0,0,0,0,0,-1.2276235939123659,0,0,0,0,0,0,0,0,0,0,0,0,-1.9369217344109235,0,0,0,0,0,0,0,-2.2701827890796262,0,0,-1.924992019870165,0,0,0,0,0,0,0,0,-1.1980019454339006,0,0,0,0,0,0,-2.4978230039382323,0,0,0,0,0,0,0,0,0,0,0,0,0,0,0,0,0,0,-2.0682583582233263,0,0,0,0,3.841981324608958,0,0,0,2.2891223761186623,0,-2.3884914312291783,0,0,0,0,-1.5164867832783955,0,0,7.425619296626908,8.430521479104197,0,0,0,0,0,0,-2.181328623515388,0,0,0,0,0,0,0,0,0,0,0,0,-1.6747537077105106,0,0,-0.42878193562155875
555_i,0,0,0,0,0,0,0,0,0,0,0,6.023607593416921,0,0,0,0,0,0,0,0,-1.5270456749305494,0,0.46246111579061644,0,0,0,0,-0.18459105082461136,0,0,0,0,0,0,-1.4833137490825092,-1.0591789414271924,0,0,0,0,0,0,0,0,0,0,0.24477895377648107,0,0,0,0,0,0,0,0,0,0,0,0,-1.3653322643243184,0,0,0,0,0,0,-2.7735484981706997,0,-1.848484153691155,0,0.8411122092154724,0,0,0,0,0,0,0,0,0,0,0,0,0,0,0,-0.4628935154722189,0,0,0,0,0,0,0,1.1694053222360905,0,0,0,0,0,0,0,-1.961380563563472,-2.059878069023364,0,0,-0.5567624277709751,0,0,-3.007778221091495,0,-2.731188444113476,-1.0479003095517179,0,4.821240041000495,0,-1.1376826008200247,0,0,0,0,0,0.8734901101943464,0,7.710887722208822,4.633694933806051,0,-1.3650504914495016,0,0,0,0,-0.9193134161993877,0,3.0886136667908506,0,0,0,-0.43276800194848963,0,0.1537420657915307,0,-2.0687857511167724,0,0,0,0,-1.0561620475112603,-0.9739955421444817
570_i,0,0,0,0,0,0,0,0,-2.3645164336272035,0,0,5.887832866725986,0.6022099025886369,0.013868312886816447,0,0,-1.5359819081224204,0,-1.537411588393462,1.268406334776933,0.42992254164913746,0,0.22714557183704098,0.5819584423861519,0,0,0,2.152964668076425,0,0,0,0,0,0,-2.265606222156701,1.83950794513963,2.8242890782924492,-0.3015379081599212,0,-1.172398229718608,0,0,0,-2.382522362766449,0,11.198866057110003,0.8651191413854695,0,0,-2.298662017833263,0,0,0,0,0,-0.16463995356540728,-0.5773209329130466,0,-1.2897986376142372,0.3408306959695011,0,0,-0.5414777256645769,-1.1930789291311137,0,0,-2.448216506911012,-1.4946607761853885,0,-0.6058891318982829,-0.719620505424512,0,0,0,-1.7893332727358682,0,0,-2.215056972392559,-2.095723104577351,0,0,0,0,0,-2.4472740144051963,-0.3221912606055941,0.2545661774480852,-0.060208374401090836,0,0,-0.4263396318380339,-2.2694735670894626,4.7217654713195385,0,1.068451276756905,-1.5970669148441834,0,0,-1.1129249777847017,0,0,1.2190441541562427,0.9094579283399238,0.16171449633694746,-2.4850442886752058,-1.3387117045619101,0,0,0,3.5546936303071925,5.252191561973569,0,-1.5008746670945494,1.7503248075179352,0,-1.5784973851315258,-1.0638945905439052,0,0,-0.6775888513958135,-0.2673634972097165,0,1.2473482834430873,-1.5488672257708096,-1.0553021285377966,11.159522681705706,0,0.23083696355770478,0,-1.214983120852128,0,-0.6265889257235848,-1.9855093574811185,-1.334619433117989,0,-2.261274711542376,0,-1.0618574025291316,0.9901205497013219,-1.6023641405614257,-0.2275432786520657,-2.176872333952371,1.538489617691794,-1.315401429866382,-0.9200456030855766,1.1452112650933284,-0.11749904433816383,-0.2732438740327243,0.42621843124247416
573_i,-7.395760666013017,-7.85853351127963,0,0,0,0,0,-4.20711806038705,1.5381832745128872,0,-6.289662996238043,0,1.53639512681149,2.2247228175045066,-7.614605687417603,0,1.3564797094298182,1.1676610125427302,1.6021283434923284,1.9656058636341331,1.1259133307744182,0,1.9167440467865244,2.7610998034694845,0,0,0,1.6399910023605386,0,0,0,0.6669740184452913,-7.953927099322204,1.4564956566049023,1.450997594972792,1.2184827582555808,0,3.072221613002231,2.7692560309697285,1.5363875022871678,0,0,0,1.1597638552930043,0,0,2.1098005771835115,0,0,1.033770835946072,0,0,1.3989765769397433,-8.288399826296306,0,2.3596115530469337,1.6328884298113735,-8.351126945872489,0,2.416687206110085,0,-8.10268120160718,1.8926512142965475,2.223111835587977,-8.224478326874902,-7.236423883798594,1.2884457120711588,1.323430385728761,1.0909885753311208,1.9818257154257655,1.4425205509632857,-6.220355767980326,0,0,0,1.1020438761137399,0,2.2116912372794992,2.0797851828744953,0.7604486686383396,0,0,0,0,0,2.0949492887986754,1.1980636663059059,2.4064621251341354,0,-6.23052002634409,1.808522416293373,1.1447602397111964,0.4641688518284628,0.8333898876841914,0.6216955375137836,1.716351941190057,-6.755727549263817,-7.356537998590932,1.4717715437519718,0,0,2.8064281131063034,1.6168989033591679,2.4789376087334976,0,1.5080386443499378,-0.5830528958046948,0,0,1.8568025888287902,0,1.2963247553387003,1.6292417431942692,3.110467773046203,-6.720818170201447,1.6064436279629035,0.02359298565869139,1.2728589190792228,0,0,1.968172308789649,0.8669807472139901,1.1221840236577663,0.08077156067078839,-7.806079519509127,0,1.765220279210391,1.9893851677314238,0,1.9649065028636699,-8.303456224293445,1.9503427408395844,1.5354386667658062,2.05784579048734,0,1.978148779171816,0,1.3492067569404433,1.1467883743478708,1.9924926357438508,1.7199944342765932,1.9153952173335007,1.6352300861962323,2.2813758096990018,1.638951637432351,1.5722205997902616,1.75510784727385,1.8150226887932384,1.9177310464980835
583_i,0,0,0,0,0,0,0,0,0.01465564262722907,0,0,0,-0.8798233805874984,-4.2478859648484075,0,0,0,1.9543608247861801,2.3078456675124173,1.7750714235146319,1.1291928242959397,0,2.487321589937414,-3.8402487413640207,0,0,0,0.019937520350588045,0,0,0,0,0,-1.5719002250184797,2.5976244354907116,-0.8923588563616391,0,0,0,1.1447594288706355,0,0,0,1.2491762453059554,0,0,1.3818755307248054,0,0,-0.28573823285125055,0,0,1.6707455865323695,0,0,0.7269062791407954,1.1439829817863139,0,0,-4.806509973359255,0,0,2.860280675298311,1.8550781748643814,0,0,3.1726894387133093,-5.144182972008653,0,1.8151407257275913,0,0,0,0,0,-1.0138740056185647,0,2.728820667334576,0,0,0,0,0,0,0,3.405937150757005,0.7953951253084615,0.7246548879309103,0,0,-5.255303565505573,-0.14940333290180252,1.6126279904304806,-4.335071538356006,0,-3.374110689255991,0,0,-3.6195255229429257,0,0,-1.754288040328941,-2.5056794953597414,0,0,0,0,0,0,0,0,-0.6123141649323731,0,0.8204536144894146,0,2.717018149952027,-1.5978937338967603,-3.872459353324465,0,0,1.6413067710979234,0.42508078411329464,0,1.5428943293908812,0,0,0,-4.1882844560009485,0,1.9378161196643244,0,1.3955210867213754,-1.1178535998799166,-3.2368688661858123,0,1.8485906073246898,0,1.862145579082659,1.4367451408814098,-0.19089278513728836,0,-0.7777655805351182,0,2.488158512973733,0.5478913796946383,0.22104193709819242,1.8114922468358596,0,0
592_i,0,0,0,0,0,0,0,0,0,0,0,0,-1.245905804502672,-1.0390194228740404,0,0,3.5340650919273227,-1.2007632958555212,0,1.5157107346027976,4.131528919359445,0,4.978127700682327,-0.49984413856521925,0,0,0,5.948902680065423,0,0,0,-0.6820934925541056,0,-1.8872066049111003,0.43344438144593234,5.038992594645116,0,0,0,-0.9627005909961652,0,0,0,-2.2363589768577468,0,0,-1.3558692742787821,0,0,-0.4257417203034355,0,0,-2.007053885607978,0,0,-1.6648841118781155,0,0,0,-0.5503962824534736,0,0,-1.1591754498806446,2.7589009248103293,0,0,2.3399060251491255,3.177891301703453,-0.876579625548549,0,-1.6897484382745582,0,0,0,0,0,0,2.0317331456576433,0.17097609645338618,-1.5095253906643014,0,0,0,0,0,0,-1.6885659888224267,0.12038943223282139,0,0,-1.3844648718623467,0,-2.0542222947206756,-0.8423063787957132,-1.5466873646156438,-0.5735412085459406,0,0,-1.87691657089001,0,0,0.17422637742177205,1.5766382028004502,-1.2212053035313808,0,0.6934531943422924,-1.4759118214285452,0,0,6.208443404781031,0,-1.2024046294842186,1.3664642824807114,4.610903085266745,0,0.46435203612221265,-0.9480106923019167,2.4495755027763195,0,0,0,-1.6892729062935348,0.17132139336038943,-1.826318051688434,0,0,-0.5170161362491057,-1.4802753264913258,0,-0.8863756295581795,0,-0.4298870515495268,-1.5833385375309574,-1.4667489529206437,0,-1.9919352149181804,0,-0.8673183253051944,4.92528038165781,-1.7350956707941663,-0.9527572017955261,0,-1.0417577904146227,0,-1.5591823880988795,-1.0539200313486283,-0.431799439796305,-1.6234357058392916,-1.8776888981471052
600_i,0,0,-0.9672937164140984,0,0,8.393244582935175,0,0,-0.7006131934617081,0,0.46131672330847895,0,-0.9854271184159722,0,-0.9245988714715052,0,-0.703279603694813,-0.5813832990245782,-0.4767727430624289,-0.6045239654014392,-0.843519544197485,0,0,-0.2884355448156728,0,0,0,-0.7429216773770806,0,0,0,0.5939911147288317,0,-0.6067495397487681,-0.2035940773836229,0,0,-0.35608774806924703,0,-1.0514030952031757,0,-0.5846122368289053,0,0,0,0,0.038716555167301436,-0.8306263711916668,0,-0.8834913325420657,0,-1.0008511317038105,-0.6243387574311408,0,1.0962647092730746,0.32045502342328636,0.3979446709475911,0,0,-0.8332771819447911,0,0.44517821060658,0.2116843164130766,-0.38753263966244367,0,0,0.7833105179538986,0.6685898304223743,-0.9872392590432426,-0.7638361015116564,-1.0190777083704443,0.8566021003518678,0,0,0,-0.9740073952595822,0,0,0,0.2609535250516992,0,0,0,0,0,-0.9276225477974158,-0.9855795057367502,0.6906241544568612,0,0,0,-0.7068859440847324,-0.5242893307416021,-1.1595550084415445,-0.14970342566088402,-0.37209461063960836,0,-1.0291443808647744,0.13334693665067832,0,-0.9740286569875654,0.7046207266321209,-0.5842550708124312,0,0,0.061723602887108875,0,0,0,-0.3494445894980478,13.103374062576698,-0.8103026735676688,-0.6688214762145419,-0.044466680784436274,0,0,-0.7496859247538996,0,0,0,-0.5879968568251748,0.3592445873617107,-0.8435973752567896,0,0,8.195235906996228,0.2638364076698445,-0.8964212718673332,0,-0.36020247809103223,-1.1226511240599266,0,0,-0.010582397891349071,0,-0.7159662866277219,0,0,0.15716613314443162,-1.084922844596512,-0.6994443022344465,-0.573039888368541,-0.9213214055980408,0,0,-1.0154266187176475,-0.42305387706846087,0.018576008061300442,0
610_i,0,0,0,0,0,0,0,0,0,0,0,0,1.8988638666350965,0,0,0,0,0,0,0,0,0,0,0,0,0,0,0,0,0,0,0,0,0,0,0,0,0,0,0,0,0,0,0,0,0,0,0,0,0,0,0,0,0,0,0,0,0,0,0,0,0,0,0,0,0,0,0,0,0,1.6058858952666188,0,0,0,0,0,0,0,0,0,0,0,0,0,0,0,0.24356650063701224,0,0,0,0,0,0,0,0,0,0,0,0,0,0,0,0,0,0,0,0,0,0,0,0,0,0,0,5.764951385938799,0,0,0,0,0,0,-1.5541536579096409,-6.344828647968519,0,-0.5984573685168009,0,0,0,0,0,0,0,0,0,0,0,0,0,0,0,0,0,-1.9509779872263389,0,0,0.3692098587416268,0,0.565940154402151,0
611_i,-6.685983066361294,-6.630535668452625,0,0,0,-7.724103888014627,0,-7.562068778815858,2.1324054385990756,0,-5.068228971865896,-7.6422260919501035,1.7380448805131365,2.7780661720925686,-6.836995096057731,0,2.568739370656955,1.7011009276090068,1.793869798392869,2.193488355887835,1.9515637981146554,0,2.0340748383220344,2.6124039235700565,-7.988490965280878,0,0,2.5465636254862964,0,0,0,1.6107917587946048,-7.637582239260552,1.2142188785055925,2.3225376670315825,2.1559820466383712,0,3.420822599848403,0,2.1419915716030182,-7.6355203328830665,0,0,1.0749249598369044,0,0,2.7575387304114045,0,0,1.5178235484667884,0,-7.081821670763416,2.324712500306811,0,0,2.7126586293684305,2.655046084806676,-7.790541853578984,0,2.9384832079891936,0,-7.755870590967934,2.6048408814320823,2.7459656253579094,-5.743491676885356,-5.924025035936452,2.1496854672744536,1.3450860326498617,0.6143525122350972,1.1104055184583128,1.7317806222980732,-6.257614880493994,0,0,-7.835071148557203,0.9238221854302218,0,2.8824045162209266,2.305275171125066,0.8891816016004004,0,0,-7.623693625884741,0,0,2.249538485131266,1.5557094934646862,2.4461614497017283,-7.835451786331398,-3.461140234228722,2.0689326235668464,1.3137123411242815,1.1159327584703327,1.4745424950106845,2.3368969399853246,2.0794673086294093,0,-6.915646844787641,2.304999788555163,-7.559349951488986,0,3.25355397073705,2.3045326637875245,2.1588879627635915,0,2.4528231826420797,-0.5780059245749847,0,-7.54423691426633,2.8076757942869754,0,1.277876224305027,1.2196241542661692,4.251101955695688,0,1.3923086449328839,0.8632171033154084,1.4523762974004146,0,0,2.013308439801474,1.9536325484748716,1.2680697098754958,0.864067960323915,0,0,1.9752459869214523,2.8808235303619636,0,2.8403953463372513,0,2.457572469683278,0.8732005179579385,2.598881934890221,0,1.8871585235207622,0,2.0437044324081928,1.71308214959633,2.808999032057585,2.2233045811619636,2.6350296275839664,1.4770364836118333,2.419702743624173,1.3313604252509528,1.133655495858303,3.0127339157497453,1.919079400722568,2.407126897207249
614_i,0,0,0,0,0,7.165356933377754,0,0,-2.171256340435529,0,0,0,0.30062747219785635,0,0,0,1.3258824411828192,-2.100745925677166,0,-1.5409501282987463,-0.7628845841985887,0,-0.6184210325486035,-0.6870266637962015,0,0,0,-1.330657847026612,0,0,11.232374350233073,0.0017601601264756184,0,0,-1.2917815966943529,0.13474215610135687,7.2944640808838495,0,0,0,0,0,0,-1.7922396769553637,0,4.161372920200665,-0.47474740364183354,0,0,0.378181902500649,0,0,0,0,1.1461122183933687,-1.4350678280061326,-1.0936926572811556,0,0,-1.4285797947227592,0,0,-1.9693398492107392,-1.052391337986509,0,0,-1.5208989418887198,-0.9659282611966362,0,0,-0.9276784435919092,0,0,1.2056784298625596,0,0,0,-1.6539805521854838,-2.079099774262199,-2.135546588053316,0,0,0,0,0,-2.2494935297623253,0.4751991799106179,-1.0642477425090098,0,-2.0800160093464712,0,-1.3418620368270338,0,-0.3183897295238891,0,0.214560151766932,0,0,0,0,0,-0.80664298413467606,-1.4702931291856727,0,0,1.0930665179724937,-0.40224718225674483,0,0,-0.214280634596542,12.45477117015006,-0.44928879299302604,0,-0.8389788077665008,0,-2.2402013071389466,0.9689529955559673,0,0,0,0,-1.7235631488443426,-0.7215341287436727,0,0,7.258400251901217,0,0,0,-1.6766731664216126,0,-1.7724306679367121,-1.442780666129639,-2.247229411265579,0,0,0,-1.840714626702621,0.7501350299299405,-0.4455367982890239,-1.6501632152223085,0,0,0,0.23246898011766692,-0.3539352025853315,-1.4106891965250865,0,0
623_i,0,0,0,0,0,0,0,0,0.09479431819395678,0,0,0,-0.21336642114848736,0.5140008720785136,0,0,0.3954234766826783,-0.39163940751302917,-0.7149541706408495,-0.0068564991826889354,-0.0397451268009803,0,0.032248185696516884,1.1002763699156546,0,0,0,0.5891029578433269,0,0,0,-2.0622281303826906,0,0.007443483785159799,-0.15339723067138777,0.9625345626718982,0,1.134185329781987,0,0.8239670256923297,0,0,0,-2.2154236208765354,0,0,-0.15462367059256188,0,0,-0.41196953212158327,0,0,-1.2826747068378435,0,0,-0.23672867346865267,0.5014798578036999,0,0,-0.10927502830725722,0,0,-0.38217843304029486,0.6786699374037042,0,0,0.6745134986106844,1.6189359675902022,-1.2100462144530084,0.6082366959453349,-0.07013950876703845,0,0,0,0,-0.01554271236190452,0,1.0593096804191457,0.22182825972567244,-2.3915319057372004,0,0,0,0,0,0.6540462609078066,-0.3355226304612877,1.2813334604795017,0,0,0.16862240998769984,-1.2679679968639341,-0.995815419595159,-3.2934241363211703,0.2376347552223539,-2.525127127138422,0,0,1.1419677544490519,0,0,0.9373273183960702,0.7624605835724605,0.8883437608979747,0,-1.3944607456288871,-3.9609050270177057,0,0,1.2149423350407442,0,-0.3665266190638157,2.2169223694941085,0.967850892827661,0,0.4634625964323611,0.42151158003956724,0.4971606398173414,0,0,0.19342031557134476,-1.061502111559177,-0.08360336001542734,0.07184701719364917,0,0,-1.9680167056317304,1.001414460184586,0,0.13816061054268758,0,-1.5022705412313737,-1.41230813623606,1.6097692804480417,0,0.5577560583273851,0,-0.2876492625473652,0.4789970512570232,-0.006872588673877189,1.2069936110386799,0.15475809169394772,1.5694929193311378,-0.01927882525616731,-1.0911502145568885,0.477093575959028,0.38442665069561244,1.0028328519604592,1.9172227490936251
639_i,-1.5286500369467753,-0.9394194661055906,-0.495556409889911,-0.31593053992806475,-4.170317514681892,-1.7004856825074315,-1.865491096551417,-0.6351398506891286,-0.005069029038377693,-0.4211080517610277,-1.0500370099387641,6.13262892615313,1.0363041140066542,0.1910757242585479,-0.8598964693028446,-1.2682861627630189,2.269025338812659,-1.3779524487935486,0.5321397166966033,-0.18553141081207336,0.20343871446307205,-0.10792556641784756,0.5407801643886447,1.6964009311068224,-0.1980248029843974,-0.10627923580042697,-0.48168308437686136,1.6467136162131375,-0.8433047342492674,-0.6439131447900621,-0.11772620697736613,-0.583694509593558,-0.24904328065524872,-0.34553581543264755,-0.6662887277419554,2.25629370860743,-0.4777258372974824,0.6105847374123776,-0.5772840643925576,0.0557915184224953,-0.7227245058187481,-1.1700047088662817,-0.7905312438487648,-0.2296841916121224,-1.2495570646912082,-0.1791661225277057,0.5852989928513317,-1.45977297593973,-0.5884632298481556,-0.09620768969508475,-0.5884750564931931,-1.070487375856561,-0.764939771142565,-0.8600113744075841,-0.1253869655402884,-0.18661694502254988,0.8151217520446465,-1.200465340862639,-0.15579816560280868,0.7115679587986445,-0.7658141474595421,-0.6104634762702119,-0.6985275639163984,-0.48485240422620635,-0.7358969618632187,-1.8985492152845636,-0.6981439804835166,1.5841166104010291,0.043763678750950774,-0.626868512266233,0.7160963678664292,-0.7158714396112238,-0.8371191161235298,-0.3429864883795606,-0.3782280360467425,-0.2610622832950167,-0.9608822352385058,-0.8428286248978765,-0.39995381982220835,-1.9250059272272697,-0.8258386468751908,-0.4079123848167132,-0.8491098137705286,-0.9445802381253312,-1.6156180820451382,-1.109849675336081,0.6974407569530463,1.1691138515391764,-1.0647589803049637,-0.51699764143188,-0.17772498777187806,1.122929611568388,-0.5170172330634912,-1.0916509911328705,0.5967703775105733,0.8382777993993429,-1.6419784406892841,-0.7676660712513961,0.011676447678883761,-0.3705628208463807,-1.2420725818595875,0.980917767945833,0.633780372320464,0.9762114793844798,-0.3099838852499719,2.1297141928786356,-0.5696755361049259,-2.0928676745261656,-0.533593752657886,4.717358181577737,0.2912580241997791,0.24264326868265051,-0.2648826716414394,2.2294493771771133,6.64536314394317,-0.11948906180134955,0.689654704761482,-1.0300156114486345,-1.2776994053276995,-1.7817222504779435,-0.4835676819477346,-0.891412145365658,1.441285948994274,-0.6316056911679073,6.889832951744223,7.953851217436366,0.20377666120356963,0.810237381899789,-0.6406144116325247,-1.7324012453959705,-0.5459038488486332,0.04192166737930236,0.3688027716598654,1.623670196883511,5.8589863487758365,-1.4243761418746637,-0.24827733364631577,-0.2965962874478336,0.8320981260300506,0.4682536295484656,0.6164137808912304,-0.503104032588654,-0.48121257163415443,0.15222799718018365,1.7739404709468598,-0.27681545659049966,0.29424818082785364,0.7685617696187066,0.41999140750920816
654_i,-2.4853762911516384,-1.1315492183650582,-1.0036165313471983,0.1936026807684499,-1.3033296648545747,-1.235687211549207,-0.9162891291904431,-0.21325501617011255,0.43428756476530594,-0.10111351656557943,-1.255069136082664,-2.70560905943368,1.8896927078383374,0.24509116079553017,-0.4485051697060314,-1.9469500508343787,1.1578354089791958,0.3053465544956726,-1.2350169706079317,0.48098988749428173,0.801484921988056,-0.0942731879909644,0.49539171970215357,0.8969668987182349,-1.114260367552589,-0.19770152470735347,-0.0906110478684603,0.751266290706134,-0.09452377853179783,0.09012334589799664,-2.0631239908225023,0.7969866955048168,-1.451860819039399,0.10435840258595341,0.9312672173050842,1.1092741220737619,-0.056862526805035785,0.012766181517115172,-0.23089299932097518,0.6512818137860279,-1.2967703102698538,-1.7723015425852706,0.22639052413159355,0.6545006414619383,-0.3750748208462138,0.2590430519855236,0.3510792077525391,-2.5592317675725704,-2.7515232539917287,1.5878347209586945,0.2329924931548497,-1.0191570548868771,0.22499221787532342,-0.7397810549825188,-0.34316255532978346,-0.040499163350860456,0.8112584370378411,-0.2351138956281016,-1.2808623117715605,1.1387234090204927,-1.9301597205211785,0.12083050381174765,0.13967961619919933,0.49511436150980614,-1.745257619030772,-0.24302569602962976,-0.11415121649497983,0.6947973395831646,1.4812038379078274,0.23625341712265602,1.6663323280099789,-0.5507030537922208,0.1959485614692671,-0.06965129942152792,-0.49022321798078394,0.10532633602442587,-0.6663421191915813,-0.31027802250112657,0.4044024630648604,0.32204841446795207,0,-0.0325388378915612,-0.3423346476737006,-0.8886847092568164,-0.40786363392255076,0.13346456205402824,1.5114766167739262,0.5598145080721366,-0.11598929094949639,0.1375845208100568,1.063542901786354,1.185833568298655,0.3641830439692786,1.005135717108697,0.7560842830631884,1.4453623360376966,0,-2.6118518400217994,0.4791033023035123,-2.337750416875009,0.1656545210191549,0.0800917123100362,1.1979354992935374,1.1410035241748346,-1.7979047804400725,1.8073673656716167,1.496166264231782,-1.9243255536867743,-0.16515058929657656,0.9370481168536973,-0.944700614271011,0.49083440046387317,1.0224908930493832,0.9179692273913336,-1.9595324255837099,0.4687685009074851,0.826179401523973,0.41520577835056827,-1.0864201801301911,-0.7263197031602715,0.1855844798973898,0.5133201765842053,1.868870916216581,-0.22150334066915178,-1.881196926615222,-0.34435298059897335,1.1978857429057062,0.2732746731672506,-1.0334386365013941,0.724895746718321,0.1674141878132147,0.7470814062911781,1.7902093038205553,0.5134817349103287,-0.3056624422670424,0.2755974234112948,-0.040249627189881565,0.5386240559044779,0.5386103271168743,0.2589509552985678,0.9742439037223374,0.14095664653751072,0.22640774530102092,0.5990811771203415,1.6831098701195373,1.596765311174595,-0.2008704342268004,1.6828634889013827,0.47509321998141196
658_i,0,0,0,0,0,0,0,0,0.29206482939140876,0,0,0,-0.10968906972119008,-1.78028836881795,0,0,-5.238909839556224,2.162707342059182,2.5070629899256947,1.9942183732707814,1.432217545990147,0,2.457852865194482,-1.6314716767903148,0,0,0,0.6062584557745652,0,0,0,-4.504778722449887,0,-0.92624353680855,2.8397736641760574,-0.3206623130523827,0,0,0,1.4255943843391883,0,0,0,1.3880121938188523,0,0,1.5375265316556828,0,0,0.3935972085705881,0,0,1.5602854784543947,0,0,0.9135191764766688,1.1864609148952763,0,0,-4.549667533745675,0,0,2.9883828151819927,2.2725565548931694,0,0,3.1329569965571853,-2.639432118328279,0,1.994835298545702,0,0,0,0,0,0.1910326558823936,0,2.929513015934937,-4.863190430574976,-5.079182582020945,0,0,0,0,0,3.483797833404404,1.0012479357817679,1.1214992617288644,0,0,-5.002255640096694,0.4197683906488532,1.6580175550020755,-0.32961901469055377,0,-1.600332775207427,0,0,-1.9872332110792463,0,0,-1.2315839751353472,-1.370838424382124,-4.699215697524352,0,-4.926328743466772,0,0,0,-4.003086617105509,0,0.11447625601722677,0,1.2041243407504059,0,2.98602686605461,-0.8191561353314878,-1.2462694806533126,0,0,1.7916417684459116,0.8657978521265708,-4.73229523713436,1.7644952697711265,0,0,0,-2.553198848617485,0,1.9044170280636408,0,1.5329817669753378,0.19789249873008785,-2.1089858522788383,0,1.8834006536340109,0,1.7935672898173873,1.6392642198935157,0.13592686284959576,0,0.5409693843913459,0,2.5097753711088924,1.0647638800707604,0.4148593432825223,2.018774925032618,0,0
659_i,0,0,0,0,0,0,0,0,0,0,0,7.05187525302131,-0.5187312443714922,-0.854633548509891,0,0,-0.4132087539133118,0,0,-0.3631778623192998,-0.47509241814623326,0,0,-0.3226921982929074,0,0,0,-0.7387556463040692,0,0,0,-0.2970390267422638,0,0,-0.5242497823638366,-0.8058586907076823,0,0,0,0,0,0,0,0,0,0,-0.7500140907631199,0,0,-0.5974660013976547,0,0,0,0,0,-0.6926677587983714,0,0,0,-0.14818718262343955,0,0,-0.7008705088459797,-0.7799606554980878,0,0,-0.8748775902997292,-0.879940694216871,-0.13016218556644077,0,-0.09059276453473686,0,0,0,0,0,0,0,-1.0714338894027025,-0.5477919596638006,0,0,0,0,0,0,-0.7909912532773262,-0.8848067412367611,0,0,-0.5419594307554694,0.02172065996975947,-0.7689872346861546,-0.1403857442433205,-0.6824791469691034,0.2871858060939507,0,0,-0.9026808641496191,0,0,0,-0.6664824448680053,-0.3292162529419911,0,0.38373684496973004,0,0,0,-0.6984217521894087,6.662782466668231,0,0.06694082159865733,-0.4975154486111637,0,0,-1.1574825130065074,0,0,0.13017806667151266,-0.7773655454283412,-0.6959928320770934,-0.41719710925668796,0,0,13.091267306801337,0.8647315081640206,0,0,-0.12678341588110031,0,-0.29359591096572446,-0.033034751976278365,-0.6141063631322932,0,-1.004220861134646,0,0,-0.6136405287854823,0,-0.2634444791790589,0,0,0,-0.6231034618255853,-0.770128997689822,-0.9419956993606569,-0.22923294471665168,-0.5177625523323361
680_i,0,0,0,0,0,0,0,0,-0.48702427837619666,0,0,0.8090065057395961,0.3287409670584065,0.16882977462551807,0,0,0.6936593186691731,-0.41842990411246994,0.17252382413624545,0.01343337817799295,0.22829744799728857,0,0.74723891154688,0.7341887416848039,0,0,0,1.30830333316767,0,0,0,-2.224122490274433,0,-1.7209642079681187,-0.03721191322556017,1.139027809549022,0,1.9104313523929672,0,0.2242926255548241,0,0,0,-1.0070251490709614,0,0,0.16121049190028813,0,0,-0.26897714376276305,0,0,-0.5578897723475613,0,0,-0.4942392523817851,0.11269906469862434,0,0,1.2896860799399974,0,0,-0.49076151267082047,0.4096136032229456,0,0,-0.5944294840549418,1.6405074044319932,-0.5875957215865544,0.11825464608813974,0.3120404806089514,0,0,0,0,-2.6106685868058834,0,0.1212727020152311,-0.5641583445982281,-2.221892635701554,0,-6.5282553594782105,0,0,0,-0.5558146662232364,-0.23156732732240748,1.1508225451350889,0,0,0.43601768749088166,-0.02722701868373001,-2.6492254111515665,-0.8589546212624679,0.8439136345470235,0.12838789229335035,0,0,0.8028700624347085,0,0,0.4230066943062436,0.7996763004131129,1.35023427564054,0,0.6057027853182948,-2.5219335971726498,0,0,3.6511049221569074,0,-0.48518589297588655,1.0878111841292544,1.4996281159816807,-1.824984913600158,-1.083520726527186,0.374698793890726,-0.34755922132250383,0,0,0.21829576655892957,-1.4728600981193383,0.3615515933766975,-1.2535762282790408,-2.060197449447273,2.7998143038611776,0.301689697035906,1.197851386134591,0,0.10707328905422209,0,-0.1395042759526408,0.021291242931340548,1.577499604600888,-1.593284582834901,-0.4476753859689975,0,0.31645598574174016,0.6527777615509365,-0.4086552559513894,0.9720610583120237,0.21234497071969294,-0.27822086137806146,0.43227575898234427,1.446897383442483,-0.43332350693515487,0.44587994630301075,1.6412288861743871,0.9847948057998988
684_i,0,0,0,0,0,0,0,0,-0.587748346298909,0,0,0,-0.5737494231108151,-0.21843695977166178,0,0,-0.374996922134466,-0.12330411271983976,1.3244390494087384,0.22606921181859896,0.6937225612241154,0,1.394098611671474,0.9371594861711241,0,0,0,0.06198406088686248,0,0,0,-0.8210624353101021,0,-0.9935032157363288,0.4012361390649257,-0.1357166291171623,0,-0.1777665278902294,0,0.9512112990309323,0,0,0,0.20335988086367784,0,0,1.9594261342927588,0,0,-0.2804852194635199,0,0,0.3848243457981315,0,0,0.8913756512515754,0.3257561572973344,0,0,-0.35977189412050947,0,0,0.6394356251079198,0.5901778225652787,0,0,0.9689593186508354,-0.08676277562702772,-1.6695235173277272,0.9353634230411281,-0.9546489204512145,0,0,0,0,-0.9615242342823151,0,0.5048003771084666,-0.577534573262696,-1.3645532328147105,0,0,0,0,0,1.0658510712316165,0.7244389770852013,-0.7776247936000118,0,0,-0.2521806855086446,-1.9935807433403223,-0.6285761993837617,-0.9838884290009187,-0.5367826433557568,-0.3277752440471211,0,0,-0.0127153913099054,0,0,-1.0437751464122904,0.47635890201946474,-0.5713525904348966,0,-1.7653744500374415,-2.7991644001149174,0,0,-0.4969118702720223,0,-0.8197845883232819,1.3768052069664982,0.9309522012731861,0,0.5352058790127874,-0.6254047990790674,-0.6420015880456909,0,0,0.42897024952268303,-0.941676940069609,2.18946978927101,0.2447212264800367,0,0,-2.319973021521843,-0.13331967251249566,0,0.9601030883810591,0,0.46777627632182117,0.04651938556462021,-0.772541890623442,0,1.3707502529868787,0,1.509527114192343,1.0326342705363505,-0.4696606017581342,1.1629410890684078,-0.14286923648105976,-0.9006377241996368,1.2685456132508097,0.8554145825423678,1.2965835632185332,-0.6134279058267538,-0.54665424157281,0.0417758420914911
692_i,0,0,0,0,-6.874248131686308,-0.29856682705677606,-7.013459630278627,0,0.4690893873373376,0,0,0,2.9276142120917275,1.2062691836434762,0,0,2.414260278992181,0.5413920958603402,-0.21248382308937863,0.43791163293288804,1.6695964152313856,0,0.40246121613287045,1.6388888996921267,0,-6.846181774242428,0,1.4339139601341326,0,-6.202217422141445,0,1.1621681252540572,0,1.1418781515272407,1.7024899974660546,2.2954404479046264,0,1.0959374112717377,0,1.5391762448784228,0,0,0,0.6127588211617905,0,-6.814731472435885,0.9554489664004002,0,0,2.0375542962785147,-6.736173827335711,-6.879424397781181,-0.13529375632895224,0,-6.882229443052018,0.4638164062596868,1.6308638178559338,0,-6.271009075988028,1.6494215321852153,-6.159469023872754,0,1.0237445158126146,0.9418096631249782,0,0,0.5452202518929727,1.9533296419034478,2.064779607751081,0.4126506608322824,1.9140512593193524,0,0,-6.103446660060134,0,0.15280259118037165,-6.32527028025772,0.26789645909972926,1.026404309761137,0.8262332441219709,0,0.9223435678944423,-6.807914435095157,0,0,-0.6577065488472478,2.061692946591073,1.494472657676198,0,0,0.2999822260394307,1.7274822870771072,0.25933325524513684,1.4203805896055428,1.7001299945985764,1.9691638126102298,-0.4031283802229897,0,1.5419639110816643,0,0,1.1978678055108283,1.5694719241132233,2.0831701984366404,0,2.457232348538266,1.9416337420290688,0,0,1.8843949125158534,-0.9259118780180593,1.9853830219246174,1.5850846042844182,1.937100533605225,0,0.29391262915275007,1.7213087676157315,0.36830202021563174,0,0,0.7652819721613717,1.8197651150633067,2.3949368479837396,1.2354801683997962,-1.4016581741589205,0,1.153754335144793,0.7655889027026088,-6.94541550900049,0.11090492908463645,0,1.4596339873681234,1.932978995496569,1.8531014947060989,-6.799350819529796,0.3232577975483295,0,0.8958376111474777,1.7246266617150496,1.4962071971627946,1.6687469689136858,0.10724563944484622,1.0101196860315795,0.5330226512143188,1.9819685550384172,2.556878431799076,0.8840923790047217,2.506715198335254,1.5360643033596393
697_i,0,0,0,0,0,0,0,0,-0.7693355744937929,0,0,-5.693063922754113,0.1746713594583067,0.43232797486219177,0,0,0.7175848418647277,-0.22362165831038538,-0.2727245655705932,1.1937433015235648,0.7359456896843657,0,0.3565755597262257,1.0306869767494096,0,0,0,0.2607762557665474,0,0,0,0.26830925124253113,0,-0.8691541037690058,0.6575052624091793,-0.3052470736308468,0,1.2554585814471313,0,-0.0349133938430608,0,0,0,-0.296582204203764,0,0,0.7870820501536269,0,0,-0.06338777266112672,0,0,0.20406368315531864,0,0,0.6429731004815729,-0.2837549711594747,0,0,1.8598012402428523,0,0,0.49372035857842533,0.6131934778024011,0,0,-0.8255059789923784,-0.42617816348226256,0.3240704980052804,0.0688122143719454,1.4361096155449555,0,0,0,0,-2.9448856933541165,0,0.4582065152826953,-3.1645610754218767,-1.6122029970920053,0,0,0,0,0,-0.44421836926075287,-0.49281964496927166,-4.494951053957706,0,0,0.32689231636454075,0.3683359662186234,-0.4620231422722494,-0.5008643163962603,1.1617154797700096,-0.02710595693998208,0,0,-0.38211762054438836,0,0,-0.6784019251289131,0.8650551188548015,1.2720576952237614,0,0.777257617557165,0.017926914971436503,0,0,0.08919893879735064,0,-0.1110297233195805,1.2955816677630807,-0.8051135958600906,0,-0.30345674008256474,0.10820390576640548,-0.3684949002003677,0,0,0.6931988322366234,0.3093092193327305,0.45949398392102836,0.25959188347183293,0,0,0.584352883690423,0.25755704226959963,0,0.9632734179655955,0,0.25283826542917254,0.0880013103933237,-0.026296418394410992,0,-0.315738659557665,0,0.08182583940542365,0.4814450905526222,-0.3566906145604172,1.3952485563870258,0.41108046253930297,0.046921392236049186,0.4378567922760759,-0.19687689858809243,-2.0404563263849127,0.6818487121223793,0.8545849847096605,1.279502956577156
714_i,0,0,0,0,0,0,0,5.312784584380761,0.6375277973570341,0,0,0,1.085657249555176,0.11792401170277245,0,0,0.6143008449286871,-1.5236725916853269,-1.3485979628678253,0.41958385753217087,-0.3331621186757605,0,0.4650429905247009,0.2527949178132154,0,0,0,-0.4222937589318576,0,0,0,-2.1812982595004,0,-1.0463988470323953,0.7255879862174037,0.4985500429311607,0,1.4640597106835997,-3.6143066993484405,0.43858671930345494,0,0,0,-0.8137423719645964,0,0,0.7976359940986395,0,0,-0.31485518926477685,0,0,-0.025966457880050697,0,0,1.0269558747515948,-0.06535669692912904,0,0,0.7399184236590024,0,0,0.8359733647818448,1.0009641884658897,0,0,-0.029768718454874943,-1.013659279508893,-2.972811711027804,-0.5812203632584056,0.7443809348010664,0,0,0,0,-1.7613178029780991,0,1.1027622038765905,-0.23433528134871828,-2.7926897569549958,0,0,0,0,-3.239708639468711,0.5571100279957317,0.9693859805470826,0.6331563359386418,0,2.091847221438897,-1.1020351904790004,-0.9674606490971298,-1.384738708132491,-0.6756373952877359,-1.545093981648618,0.44621446042873103,0,0,-0.23868747765812603,0,0,1.1412629956607017,0.5571745818926601,0.8586781226688682,0,0.9688579073223007,-2.4816858955380043,0,0,0.21891678279835425,0,0.08231086199961446,-0.5118502952196113,1.4228910077158847,0,-0.4760632912567937,-0.7240634322504382,-0.6844396700713569,0,0,0.5031075221747887,0.20809757698156872,-0.19246080654186581,-2.989225369349956,0,0,-0.7281016525156039,0.48126632588342666,0,1.759372603005751,0,-0.2635496413750973,0.07384951345469482,-0.6253702459285986,0,-0.13177820347831926,0,-0.24366418361998043,0.6862848548660416,0.12806991719093652,0.7388742323647968,0.7204481634868607,1.0379234245203222,1.0930654970393228,-0.4623310238236087,1.6690688792019976,1.0325088938924534,1.8513750576900332,0.5312891748281157
730_i,0,0,0,0,0,0,0,0,-1.5207993556890784,0,0,0,1.3355298529392705,-0.1327183606152733,0,0,0.9332364630498926,-1.6889231537002587,-0.4590529173715687,1.3980660136305332,1.0928594797050906,0,0.5065604571218039,1.3450434654591295,0,0,0,-0.07425775768715503,0,0,0,1.595632003177288,0,-1.6676064120484906,0.0076524300376199506,-0.3335437625231723,0,1.1236002657956181,0,-0.452193599616054,0,0,0,-1.4656663609534384,0,0,0.8848258623348517,0,0,0.0292593343188301,0,0,-0.359255574252634,0,0,0.3689692096236339,-0.4898120134623589,0,0,1.9815870386800292,0,0,-0.10992605728444005,-1.6262079896143042,0,0,-1.0079947315899123,-0.08876754175788726,1.4325001475880121,-0.5857640682309189,2.7034680070616783,0,0,0,0,-1.320658813320554,0,-1.843195758496183,-1.3499429707733626,-0.487848167595601,0,0,0,0,0,-0.6233033434137241,1.010129962348385,-1.7250172615239254,0,0,0.8785782111320408,0.9855048762492373,-0.6779603186168561,0.09037300401286075,2.0226375145210724,1.2234497769689003,0,0,-0.7562642706505116,0,0,-4.2813935056302626,0.6168311882556914,0.9133237016768554,0,0.7066285454167929,0.11088575231025644,0,0,-1.152448651583592,0,-0.6072380664616173,0.9514618286683394,-1.5734959801592527,0,-1.6132535053594594,0.6620404188838549,-3.371904230972203,0,0,-1.0847168037051365,0.07445098329725397,1.321409826720915,0.34322794453191996,0,0,1.7728569459508599,-0.3074943541242767,0,0.39958112171483684,0,-1.4897933576463416,0.5517440175049373,-0.24007890619480854,0,-0.9331360780069691,0,0.45305826173063046,1.3435729073566058,-1.4582944007329726,1.7046595675128398,-1.3246414693139474,1.9686172724091282,0.35722366822276364,-1.5416838344795405,1.1239702650775794,-0.12665925426204616,2.471453132919148,1.1564522335031047
746_i,-1.5126163050099892,-1.7313249075926027,-1.0727934577996567,-3.0364217506074476,-1.9365119241157047,0,-2.163877795401385,-2.032399972957826,-0.5002523651014386,-3.174247701473975,-1.1823168381901716,0,1.6842209220479214,1.0921930213191011,-1.658333001596655,-3.2486750960804858,2.0944388002948475,0.7332761347899259,0.5569611424408807,1.0758684692777933,0.5601317222043809,-2.5139674508647523,0.7297997844507966,1.7265544066936487,-2.5375044765681998,-2.6430474237133246,-1.4529065680216684,1.1407577420078026,-3.0821954612643343,-2.089043991394952,-2.5507781360993196,2.2310246884674054,-2.9943857321492193,1.521727332114219,2.0941254702005327,0.2883136540502482,-1.1246385155082947,1.887572890829711,-1.4416645163514277,3.1552094797768664,-2.5919779701942995,-1.6488648080405595,-1.676594847192046,0.720774628538547,6.422096196048848,-2.629076439632166,1.1282675828404578,-0.5349987532984288,-3.1207182905306983,1.1409696332538903,-1.384753617044984,-1.6344341844707397,0.619252669989466,-2.3455148896910774,-3.203982172512581,0.8068970595933793,0.002654142596761666,-1.871512655656967,-1.320328197716921,1.6252546798604204,-2.2098842366336213,-0.9062261231302999,2.313573178919576,1.691509696788546,-3.085838827688125,-0.6972109255707455,1.4788224815462225,0.5212629387043446,2.7468707894987077,2.5779796975431033,1.6747977923530053,-0.27194225240000947,0,-1.8535878142166693,-2.1126728899636915,0.426298284338249,-3.056661299847217,1.661986183287837,1.797999662278662,1.6572797082303383,0,-2.9340053358297644,-2.774002218224479,0,-2.00763085589155,1.827505425897237,0.7257293588251885,1.8295556481537183,-1.3581908729378593,-2.223456087347841,0.7927707078918056,1.4894090333557086,0.860182969460392,1.359322444389246,2.0182032176906874,1.7705458674066632,0,-2.588958495840575,0.7305735711828358,-2.5867870995192046,-1.7766043649208116,-0.769583479735731,2.098070925572152,1.3624856188537242,-2.4503820714267905,1.827528690740012,1.1977898026928893,-2.864810492815033,-3.010089379940768,1.7035870337094536,0,0.2510764966644352,2.466215071657844,1.4500215023529774,0,0.09461786656585947,1.5989197515722626,1.3773178300670104,-3.0980558437459287,0,2.0193582181750083,1.1186300268753193,1.760862184663825,0.46522383501623477,0,7.636117521546611,2.3291232400130593,1.8846640805885961,-3.08644849825533,1.1305808813240148,-2.2561697874650712,1.2344913678771974,1.5761315928828985,1.2735777139924247,-2.543476998402356,0.9136396064517625,-3.123419913552383,1.761218076860624,1.4842052271558241,0.8090592800713372,2.2117035073192177,0.745034693599929,1.8025850478666658,0.9673320301827362,2.2599418385910948,1.199824851329403,2.1847398161630167,2.494702828752997,1.607857409967787
760_i,0,0,0,0,0,0,0,0,0.6531414528855386,0,0,0,0.7480825260760859,1.4132722561286748,0,0,0.4494879865587169,0.6240917857844472,0.766531160576136,1.0576801136124576,-1.5337017105722985,0,0.7544215286867253,1.4008241117074451,0,0,0,1.0342645188389081,0,0,0,-0.9699645320969834,0,1.0674045157759906,-1.3789790817326928,0.4319162836774506,0,2.418997071784622,-4.9077396513465,-0.011095939658904541,0,0,0,0.36760825637761485,0,0,1.3499505169872688,0,0,-2.5321219187609367,0,0,0.800737299450784,0,0,1.3416758144388883,0.7180067483790022,0,0,0.34522957662067455,0,0,0.8747438930408311,1.1333745350258955,0,0,0.445074867487687,0.45504430673106455,-1.9023123795766068,0.6664108749353179,-1.8593830353583618,0,0,0,0,0.1982018295774477,0,1.592369780448763,1.2849029495583384,-3.6088076856603797,0,0,0,0,1.2828311844547446,1.6224536941631111,0.6544129301994754,1.974273299699405,0,4.352677690328017,0.9326322175421655,-2.0155083828756792,-0.687477845909191,-2.3411212592661883,-2.858898520091101,0.42333451044388326,0,0,0.597281461203135,0,0,1.5227563188243032,0.7668024844533203,1.5420041150148052,0,-1.4001271353492397,-5.244237802780999,0,0,1.1816716224958626,0,-1.3741500078336681,-1.192024525931883,2.4116839136731407,0,0.33701398625256473,-1.976519319479051,0.5184737824790364,0,0,0.8793053826800676,-1.8666390184372785,-3.390675324101048,-2.945861792435884,-2.671197278756569,-5.065954989292139,0.7963029211576966,1.3825983579122543,0,1.118252096843726,0,1.0635570271979073,0.10993083067111442,0.815685019844544,0,1.3701137101244552,0,-3.445185563319158,-3.3117103100699543,1.1333906789499277,-1.666808754316481,1.3139232124372722,1.0419595525640606,1.5747346907304802,1.0093920281098576,0.7764593572454377,1.1694684474445527,1.0934613219339884,0.9959193567820588
786_i,0,0,0,0,0,0,0,0,0.9544183262977377,0,0,0,-0.6018844215627617,1.770690221606138,0,0,-0.8050731116183911,0.7066048466624437,0.4645537825607313,0.09540502014753827,-0.7956583966509392,0,0.11677893706419873,1.0969812157199978,0,0,0,0.1634863048402284,0,0,0,-0.31491235653050076,0,-0.31697200097244327,0.02299547686672554,-0.06656650867276426,0,1.797474715677712,-6.443986463309846,0.4209039983173746,0,0,0,-1.0204726469001866,0,0,-0.2144503380502698,0,0,-0.6544858550849817,0,0,0.7230459122046096,0,0,1.4085985313781517,1.235956345232042,0,0,0.346057568576116,0,0,-0.09265447366770196,1.6830329166194353,0,0,0.8176669353950903,-0.22689529285947607,-1.166106428061207,0.1610971174359328,-0.8619896888715122,0,0,0,0,-0.3819808148909303,0,1.8733826570728969,1.0937331905046275,-2.333294651855054,0,0,0,0,0,0.8175177917291414,-0.6454691385947715,2.0731776127570196,0,-8.128338112836445,0.4886889545208941,-0.8283701018417169,-1.312088851930989,-1.498287581370768,-1.064448104790035,0.5953285072397794,0,0,0.5395073326743489,0,0,1.638895093719798,0.4160438221087226,0.49691479072927436,0,-0.036099917691791106,-3.854759282477092,0,0,1.3249766942999521,0,-0.3920138199958778,-0.14212807780320347,2.422424204490918,0,0.9984691837614683,-1.102951776803227,0.36769707876080915,0,0,0.34705459605749667,-1.4249557697295074,-0.4163854182695079,-3.3797401787688415,0,0,0.5361217266024578,1.3387417233532481,0,1.1922804679532657,0,0.3806201396235167,-0.5155170517710523,0.9326361068543001,0,1.6585027007102404,0,-0.1334723128760018,-0.24714905659222985,1.4937554731700988,-0.1455092546945398,2.1148488846501277,0.4822400981932411,0.9187405510527267,0.012723893956907872,-0.5445688625115359,0.31476749017390127,1.1695660212164984,0.08453116036824326
788_i,0,0,0,0,0,0,0,0,0.3054958974348452,0,0,0,0.18871355244985644,0.05767548639000708,0,0,-0.11916746960334201,-0.5280506435582328,0.5273806067939013,-0.04889902103825605,0.4977289235635052,0,0.9835792740824729,0.4356277367300283,0,0,0,0.30259917349119014,0,0,0,-1.2162092969081915,0,-1.5587638826693073,-0.274794753839954,0.020910584656405717,0,-0.36197260939318276,0,0.603726903293083,0,0,0,0.3552659099690221,0,0,0.009245106818527304,0,0,0.9442168936138611,0,0,-1.0298585036239434,0,0,0.18966404189802155,-0.2192656390828489,0,0,0.4136987036180102,0,0,0.6694730217618918,-0.05568490244629132,0,0,-0.07568111512251718,0.6988134553268228,-0.8783912693176728,0.8200141750750447,0.7590716702602673,0,0,0,0,0.1834725535560242,0,-0.6188492946340105,-0.11819638648226238,0.8996141556608954,0,0,0,0,0,0.04954682231401897,0.45493143501600564,-0.8804770683436924,0,0,-0.42696794275417993,-0.09674687275064286,-1.1772520554214907,0.7592230496621006,-1.1289157423250185,0.7693373818347506,0,0,-0.19691898973965571,0,0,-0.4601032840056085,0.6847224284993452,-2.1967760536518686,0,0.14544799159541988,-0.5636140065980761,0,0,0.5862460807373058,0,-1.520956999735045,0.5326406212597767,0.7359333383335382,0,0.403031099937337,0.3813745591602675,-2.2108908421841305,0,0,-0.6484354026194108,0.25399184040149336,0.6052970394964134,0.5368257341112486,0,0,-2.386099446193902,0.05586561868642548,0,0.6534956517255726,0,0.25639721355512,-0.034257687399737335,0.6801489663414948,0,0.14096096806695613,0,1.302604601937869,1.208735146986621,-0.676190811354056,-1.275115737687095,-0.1870691476859907,1.0308881693926537,0.04632091205770905,-0.08075245387385088,0.37478982383595216,0.804858915756423,0.2366653972265098,-0.3049433023286081
795_i,0,-3.7105018083851777,-3.748190610343998,-4.068225102987467,0,-3.7393561985235757,-3.7896742285465352,-3.79824039397784,1.4242821470667186,-3.7129965113186048,-3.812406137028014,-3.879571136272129,3.0568438380988265,2.317679486446293,-3.7351746499842364,-3.811875088857859,3.2394465521422955,2.3855232190416853,3.0413881195709447,3.5445905810914216,3.032188990055813,-3.7926161514347347,3.2360073188388228,3.6119437280364686,-3.8216636644246798,-3.8226562234426966,-3.8264959477145544,2.88175637145323,-3.5868693138552987,-3.1871095350717495,-3.875727265552269,3.6738648186902285,-3.133001569279142,2.6326259704020547,3.136216376980192,2.8588892096560183,-3.909106449817894,2.6995557255255704,-3.1324797324899736,2.9698860161700633,-3.034600891876343,-3.1132290119594357,-3.8143192475666154,2.4695639571736905,-3.7940565604343255,-4.0180212836423195,2.853353885424852,-3.741791777033572,-3.7562734547785888,3.270496525049161,-3.805525204950136,-3.6858051759848216,2.026156743656296,-3.8166288747339263,-3.512612140735706,2.9616843756103375,2.6154684251166653,-3.2172739304957534,-3.9365268670503566,2.7653799671758517,-3.8745230179898087,-3.6464160036658044,2.7921815427077004,3.3332896541998576,-3.745757835029965,-3.5653039082419937,2.2297721630572713,2.1783104678982905,3.442518566579242,3.0012953769397743,2.154397465958631,-3.706205885582756,-3.802254806369704,-3.8009148774959844,-3.8605583630998948,2.266589320946915,-3.6895091884459927,2.449072592193671,2.8146281312036585,3.1032983931283624,4.44091231483924,-3.80541220815772,-2.3912297107394105,-3.9086119439897793,-3.263143691103814,3.201789861612637,2.8900057897647518,2.848393947948974,0,-3.4814583658944,3.341115489697488,2.2342944190573792,2.010724605209475,3.6080889115342742,2.8845678588904207,4.003090835435126,-3.0539723468388216,-2.883572758957099,2.6111051148448006,-3.8629716433539767,-3.776794729282313,2.9504727955812537,3.004511333525935,2.916248843534836,-3.8900862800606704,1.6299002121009325,3.127695961293364,-3.9335711471675916,-3.714384506970082,2.848769680434428,-3.1851169161875803,2.669032518041428,2.7429751281335584,3.227225746087173,0,2.81755009324608,2.370893460175523,2.2360802361709364,-3.840174510562247,0,2.541933256014035,2.575016236555296,3.060208481936744,2.011175296276482,-3.8489332154451263,-3.652316115510886,4.0539390933511505,3.3589650208165978,-3.7679497293597346,2.765592562190692,-3.7157249819658156,3.364506271472411,3.187251503165168,2.993496753849186,-3.1656228328004326,3.392039324819544,-3.740848559747737,2.86728382123132,3.3768356251508997,3.3358247718673866,2.270673830474303,2.9671676316933233,2.8010805134845214,2.4099276038389306,2.23714146061206,2.26630748847076,2.5983040764742125,2.4871739305795995,1.7065064857959742
806_i,0,0,0,-1.8606796481755454,0,8.36208461502201,0,0,-2.1544973453578615,0,0,5.054017915169694,0.052567490097017,-0.25989993543668355,0,0,0.6764934744360795,0,0,0.2890538401167273,-0.39328359030843796,-2.575187334729592,-1.655614598383445,-1.2328281804167895,0,-3.8386009024115695,0,-0.9525400690992027,0,0,-0.06162852562912757,1.3467557046979053,0,-0.8030187800879105,0,-1.9156682009060004,0,-0.5611545366257724,0,0,0,0,-2.066103025179242,-0.8922545358203635,0,0,-1.271606527979241,0,0,-0.5877630406476477,-2.717663272466021,0,-2.3497618298993346,0,2.437255258732381,-1.0709582522577845,-1.7969730704212425,0,0.04309212642861571,2.1942891622856857,0,0,0,0.03343667585888355,0,0,0.19177493639405707,-0.07976442649180626,-0.03316898780628108,-1.4425348711608725,1.5307828904210705,0,-2.0111866837268275,0,0,-2.4315223653927602,0,-1.3212665027467239,-0.6159546026751626,0,0,0,0,1.4164633288681703,0,0,0.36034483039414056,-0.6069356435986046,-3.159979143872457,0,-0.26998766284048425,0.740919439984542,-2.3196278585260104,-0.32544888380239545,0.15941986491425109,-0.6066377842160664,7.464304591384223,0,-0.30253764116647996,0,0,-0.5867431245694368,-1.3471291844326583,0.608441464793497,0,0.03363364494458487,0.6885470358933752,0,-1.4500145491194925,-1.2642834070218374,11.33192794921257,0,0.34141129534801173,0,5.642633593485676,-1.525920042294742,-0.527904858957414,-1.8414102752747548,0,0,-1.007647631208413,-0.22779380843299535,1.0208028161721083,-1.8019783232147102,10.980583834202672,10.091914805846038,0.2749587053319713,-0.8306649032117814,-2.962666609528906,-0.11932298290945109,0,-0.7614251522309585,-1.7514024259773961,-0.7434940377660908,0,0,-2.5486822139038976,0.2577330551779218,-1.2915509529194518,-1.404920816400006,0.4480927947454667,-1.6911820701099272,0,-1.2538077577029467,-1.459607112390481,0.7759282556004488,0,-0.7206320563363846,0.8147571602160744
808_i,0,0,0,0,0,0,0,0,-0.3182092425724665,0,0,0,0.4607030071539757,0.0974548078016344,0,0,0.7529907989767626,-0.26847774503147015,-0.691148553925828,-0.04064252581779826,-0.3408792526030471,0,-0.1013853905125881,1.0681012233174627,0,0,0,-0.04642078880804412,0,0,0,1.067762444762808,0,-0.42191132932124376,0.2651028046014776,0.05032345246534753,0,-0.30402907456556605,0,-0.2865856657974728,0,0,0,-0.6244961490360446,0,0,-0.4483214511428031,0,0,0.638562173231719,0,0,-0.34038136783305006,0,0,-0.4763816320741441,-0.20337491346111491,0,0,-0.15966785146990858,0,0,0.005790286727094696,-0.1274339893175256,0,0,-0.27267091721050996,-1.247975730780503,1.1906326126671125,0.4313692539366887,-0.1771934059460829,0,0,0,0,-0.525455288542453,0,-0.43988527182180803,0.39600494310346157,0.8032623043854095,0,0,0,0,0,-0.7473380892391592,0.3141735352262529,0.22473410126079685,0,0,-0.10105624493800391,-0.5852550355197117,-0.32750345219017696,1.165094928730925,-0.2969057920155045,0.8909032083463178,0,0,-0.548802484191544,0,0,9.867673021126677e-4,-0.4067920605214592,0.10006360161681194,0,-0.06659620173512693,0.8215432057930698,0,0,0.15871879929776256,0,-0.3255324278710354,-0.5731036916861125,0.013226562403689357,0,-0.35271668475699336,-0.6846794712324158,-0.5280217568388537,0,0,-0.9134401217475148,-0.0302462658217042,0.3416970457044197,-0.4975118363161748,0,0,1.695627495231161,0.12260500395457186,0,-0.15033637926649135,0,0.02486923089066906,0.5611860114265532,0.7706496185171101,0,-0.03535701151730919,0,-0.3094094632549602,0.4166251833369241,0.5079130474591302,0.03056691560756164,0.31969950805910763,0.24556921148246502,0.11576398592666415,-0.1981260028740497,-0.43429827627077877,0.062444981868166494,0.09454867782878651,-0.2513144530054312
810_i,0,0,0,0,0,5.597352588136459,0,0,0,0,0,-3.9184056960970395,0,0,0,0,0,0,0,0,0,0,0,0,0,0,0,0,0,1.1434534700271897,0,0,0,0,0,0,0,0,0,0,0,0,0,0,0,0,0,0,0,0,-0.14441416345281333,0,0,0,-3.944705781319815,0,0,0,-5.96482167389893,0,0,0,0,0,0,0,0,0,0,0,0,0,0,0,0,0,0,0,0,0,0,1.227154448827557,0,-2.5714841594818294,0,0,0,0,0,0,0,0,0,0,0,0,2.4587424180964046,0,0,0,0,0,0,0,-1.6552549878463614,0,0,0,0,0,2.1585978765878675,0,0,0,0.5697980402144118,0,0,0,0,0,0,0,0,0,3.843321360918992,1.2006662592878943,0,0,0,0,0,0,0,0,0,0,0,0,0,0,0,0,0,0,0,0,0,0,0
812_i,0,0,0,0,0,0,0,0,-0.25105278194434977,0,0,0,3.136169600203373,1.2877794951462613,0,0,0.4273936517780843,-1.6449665023200106,-0.01799038161798805,0.08064174292114146,-1.4980065118099493,0,-1.4589329063100367,2.74033493113052,0,0,0,0.7171005655473097,0,0,0,-0.215213654881242,0,-3.5720901374356444,-0.19200705652426464,1.48446591631438,0,2.1307820089082545,0,-2.0686864932738613,0,0,0,-1.7140625511031358,0,0,0.6477642694546448,0,0,-0.6354427623936374,0,0,1.201262493226678,0,0,-0.011617380923919285,1.4181032047394,0,0,3.744809221351079,0,0,-2.2125892734040855,-0.6148744989021164,0,0,0.9795776102766736,0.016692496702786386,-0.6795300908735591,-0.37125170622443715,1.0272942290447906,0,0,0,0,-2.7807452348713984,0,0.16798576532651222,0.14173462548362536,-3.576948715686522,-0.5904634162635274,0,0,0,0,-0.4816364468440435,2.638300697403742,-0.4957521391157318,0,0,0.5948607554520935,1.7738945021938592,-2.423364285081936,-1.9896995342720531,1.3446990529831906,3.6307608987703395,0,0,-2.1222487386919022,0,0,-0.16655194231756987,1.3725105961806685,2.264340087422725,0,4.330087287911469,-2.4336614282450926,0,0,1.247651065398835,0,-3.059772708290174,-1.0399601199262083,2.4307584549353196,0,-1.1329260936167938,0.27268063905799345,-3.256872375357129,0,0,-0.7534367912837308,-3.0028855394862344,1.4548074984445565,-3.149665737207658,0,0,3.767129711903986,-0.12027971116488345,0,0.44154723165497867,0,0.988430464669773,-0.3835352305566939,-2.0137423497420777,0,0.164395252320225,0,-1.4312574430196232,0.042314848882720746,0.1473270797696733,-0.3992862738863243,0.32001971124573814,-1.879686450537907,1.2842082316700933,0.08577230440480843,0.5670315112054558,-0.025265409870580235,1.950219138124912,1.404319955715379
817_i,0,0,0,0,0,0,0,0,0,0,0,0,0,0,0,0,0,0,0,0,0,0,0,0,0,0,0,0,0,0,1.221471911155577,0,0,0,0,0,7.35654699563932,0,0,0,0,0,0,0,0,-2.566814892902322,0,0,0,0,0,0,0,0,0,0,0,0,0,0,0,0,0,0,0,0,0,0,0,0,0,0,0,1.6984306525092592,0,0,0,0,0,0,0,0,0,0,-5.140208619159961,0,0,0,0,0,0,0,0,0,0,0,1.1612099451134394,0,0,0,0,0,0,0,-3.013540808740016,0,0,0,0,0,-1.9821185634778136,0,0,0,0,0,0,0,0,0,0,0,0,0,-5.644507410515007,6.909530790377531,0,0,0,0,0,0,0,0,0,0,0,0,0,0,0,0,0,0,0,0,0,0,0
823_i,0,0,0,0,0,0,0,0,-2.06690095633562,0,0,0,1.128319970035598,-0.07304809117095523,0,0,0.9103297154129262,-1.3057226632441878,-0.7347694476367526,1.1295419871956582,0.470478084511905,0,-0.12481874124915926,1.159582528814168,0,0,0,-0.07489556981045098,0,0,0,1.0746296923253187,0,-1.434117504554652,-0.06815052804959976,-0.584941882795798,0,0.8054950843234234,0,-0.6825071753296932,0,0,0,-0.6687012813391622,0,0,0.6199060625128769,0,0,-0.2339131480715242,0,0,-0.6829724179015848,0,0,0.2710231677313111,-1.1760619567620187,0,0,1.7401924960126962,0,0,-0.008857963931191648,-0.5060331823059965,0,0,-1.6437438907759017,-0.26050927684585545,1.2926371211480632,-0.20644249904704104,2.629452107688266,0,0,0,0,-1.2751981029194868,0,-0.5648878972141862,-1.570114158244622,-0.5999538240981561,0,0,0,0,0,-0.7039179231623383,0.8812770197448092,-2.2858952988510133,0,0,0.7566648352339929,0.7583459710419547,-0.4846229372296982,-0.07767374778605785,1.3672285253125462,0.6330189050799255,0,0,-0.6820138934692039,0,0,-2.14910780699051,0.5424148254692742,0.6814804663024105,0,0.2235445973582788,0.975005037951929,0,0,-0.06067320487329653,0,-0.44508944660540273,0.9340344414730222,-1.0500210911762693,0,-1.9511890929183373,-0.06462251778693151,-1.7920584805028135,0,0,0.2934827765146988,0.33528720134260404,0.6143150304693421,-0.11623067671515486,0,0,1.0731708411994028,-0.279213181047977,0,0.3823094738073447,0,-0.21412951434637506,0.10869695456325879,-0.3124129740867172,0,-0.1337779102736718,0,0.11007330185783992,0.47552202518468434,-1.5043459693476748,1.1848834610448975,-0.641695176097274,2.226054870706683,0.36384836556544364,-0.9662326430534556,1.199456715679915,-0.007344626569340207,2.0331286571193896,1.084697954787183
825_i,0,0,0,0,0,0,0,0,0,0,0,0,1.9115015864337987,0,0,0,0,0,0,0,0,0,0,0,0,0,0,0,0,0,0,0,0,0,0,0,0,0,0,0,0,0,0,0,0,0,0,0,0,0,0,0,0,0,0,0,0,0,0,0,0,0,-3.3089699387006366,0,0,0,0,0,0,0,2.2219100228698423,0,0,0,0,0,0,0,0,0,0,0,0,0,0,0,0.8900993187010968,0,0,0,0,0,0,0,-6.741849455839402,0,0,0,0,0,0,0,0,0,0,0,0,0,0,0,0,0,0,0,0,0,0,0,0,0,0,-0.27831879334319254,0,0,0,0,0,0,0,0,0,0,0,0,0,0,0,0,0,0,0,0,1.8163822459660182,0,0,0.9366494040391018,0,2.5525956098733733,0
