row ID,row m/z,row retention time,intensity_measure,ion_mobility,ion_mobility_unit,ccs,correlation group ID,annotation network number,best ion,auto MS2 verify,identified by n=,partners,neutral M mass,Blank_4.mzML Peak area,Blank_8.mzML Peak area,Blank_13.mzML Peak area,Blank_24.mzML Peak area,Blank_1.mzML Peak area,DCA_aminoacids.mzML Peak area,Blank_2.mzML Peak area,TDCA_std.mzML Peak area,P1_C5_Lut-11L.mzML Peak area,Blank_14.mzML Peak area,P1_G12_Plate_blank7.mzML Peak area,CA_aminoacids.mzML Peak area,P1_A5_Lut-2R.mzML Peak area,P1_G8_Dut-14L.mzML Peak area,Blank_10.mzML Peak area,Blank_pre.mzML Peak area,P1_A8_Lut-3B.mzML Peak area,P1_G10_Dut-14B.mzML Peak area,P1_G6_Dut-13L.mzML Peak area,P1_E4_Dut-3B.mzML Peak area,P1_F4_Dut-8L.mzML Peak area,Blank_32.mzML Peak area,P1_F2_Dut-7L.mzML Peak area,P1_A7_Lut-3N.mzML Peak area,TLCA_std.mzML Peak area,Blank_31.mzML Peak area,Blank_15.mzML Peak area,P1_B6_Lut-7L.mzML Peak area,Blank_18.mzML Peak area,CDCA_std.mzML Peak area,GDCA_std.mzML Peak area,P1_C4_Lut-10R.mzML Peak area,P1_H12_Plate_blank8.mzML Peak area,P1_D3_Lut-14B.mzML Peak area,P1_F9_Dut-10N.mzML Peak area,P1_B8_Lut-8L.mzML Peak area,GCDCA_std.mzML Peak area,P1_F5_Dut-8B.mzML Peak area,TCA_std.mzML Peak area,P1_F7_Dut-9L.mzML Peak area,Blank_17.mzML Peak area,Testmix_2.mzML Peak area,Blank_30.mzML Peak area,P1_A3_Lut-1B.mzML Peak area,GLCA_std.mzML Peak area,GCA_std.mzML Peak area,P1_D10_Dut-1B.mzML Peak area,Testmix_3.mzML Peak area,Blank_19.mzML Peak area,P1_D4_Lut-15N.mzML Peak area,Blank_21.mzML Peak area,Blank_6.mzML Peak area,P1_F11_Dut-10R.mzML Peak area,Blank_11.mzML Peak area,Blank_22.mzML Peak area,P1_G2_Dut-11B.mzML Peak area,P1_D1_Lut-14L.mzML Peak area,P1_A12_Plate_blank1.mzML Peak area,Blank_23.mzML Peak area,P1_E3_Dut-3N.mzML Peak area,Blank_5.mzML Peak area,P1_B12_Plate_blank2.mzML Peak area,P1_H3_Dut-16R.mzML Peak area,P1_E8_Dut-5L.mzML Peak area,P1_F12_Plate_blank6.mzML Peak area,Blank_7.mzML Peak area,P1_E6_Dut-4B.mzML Peak area,P1_B10_Lut-9N.mzML Peak area,P1_C2_Lut-10N.mzML Peak area,P1_D8_Dut-1N.mzML Peak area,P1_E2_Dut-2B.mzML Peak area,P1_C12_Plate_blank3.mzML Peak area,Testmix_4.mzML Peak area,GUDCA_std.mzML Peak area,Blank_16.mzML Peak area,P1_B5_Lut-6B.mzML Peak area,Testmix_1.mzML Peak area,P1_E7_Dut-5N.mzML Peak area,P1_B3_Lut-6L.mzML Peak area,P1_A1_Lut-1N.mzML Peak area,column_wash.mzML Peak area,DCA_std.mzML Peak area,Blank_20.mzML Peak area,Blank_25.mzML Peak area,TUDCA_std.mzML Peak area,P1_G7_Dut-13R.mzML Peak area,P1_A6_Lut-2B.mzML Peak area,P1_A10_Lut-4B.mzML Peak area,Blank_27.mzML Peak area,TCDCA_std.mzML Peak area,P1_C11_Lut-13R.mzML Peak area,P1_C9_Lut-13N.mzML Peak area,P1_C6_Lut-11B.mzML Peak area,P1_A2_Lut-1R.mzML Peak area,P1_D11_Dut-2L.mzML Peak area,P1_C10_Lut-13L.mzML Peak area,CDCA_aminoacids.mzML Peak area,Blank_12.mzML Peak area,P1_B11_Lut-9L.mzML Peak area,UDCA_std.mzML Peak area,Blank_9.mzML Peak area,P1_B1_Lut-5L.mzML Peak area,P1_D9_Dut-1R.mzML Peak area,P1_F10_Dut-10L.mzML Peak area,LCA_std.mzML Peak area,P1_C7_Lut-12N.mzML Peak area,P1_D5_Lut-15B.mzML Peak area,Blank_3.mzML Peak area,Blank_26.mzML Peak area,P1_B7_Lut-7R.mzML Peak area,DCA_aminoacids_2.mzML Peak area,P1_C8_Lut-12B.mzML Peak area,P1_F6_Dut-9N.mzML Peak area,P1_E10_Dut-6L.mzML Peak area,CA_CDCA_polyamines.mzML Peak area,P1_G3_Dut-12N.mzML Peak area,P1_C1_Lut-9R.mzML Peak area,P1_A11_Lut-5N.mzML Peak area,P1_E12_Plate_blank5.mzML Peak area,UDCA_aminoacids.mzML Peak area,P1_G4_Dut-12B.mzML Peak area,P1_D7_Lut-16R.mzML Peak area,P1_A4_Lut-2L.mzML Peak area,P1_H1_Dut-15B.mzML Peak area,CA_CDCA_aminovalerate.mzML Peak area,CA_DCA_LCA_aminoacids.mzML Peak area,P1_B9_Lut-8B.mzML Peak area,P1_G11_Dut-15N.mzML Peak area,Blank_28.mzML Peak area,P1_G1_Dut-11L.mzML Peak area,P1_D12_Plate_blank4.mzML Peak area,P1_D2_Lut-14R.mzML Peak area,P1_B2_Lut-5R.mzML Peak area,P1_A9_Lut-4N.mzML Peak area,CA_std.mzML Peak area,P1_F1_Dut-6B.mzML Peak area,Blank_29.mzML Peak area,P1_E5_Dut-4N.mzML Peak area,P1_F3_Dut-7R.mzML Peak area,P1_B4_Lut-6R.mzML Peak area,P1_E9_Dut-5R.mzML Peak area,P1_E11_Dut-6R.mzML Peak area,P1_H2_Dut-16L.mzML Peak area,P1_G5_Dut-13N.mzML Peak area,P1_C3_Lut-10L.mzML Peak area,P1_D6_Lut-16L.mzML Peak area,P1_G9_Dut-14R.mzML Peak area,P1_E1_Dut-2R.mzML Peak area,P1_F8_Dut-9R.mzML Peak area,Unnamed: 162
27683,331.1907011802033,3.6580372,area,NA,NA,NA,222,2286,[M-H2O+H]+,NA,4,27385;27683;27384;27389,348.19447,0,0,0,0,0,0,0,0,591.9412,0,0,0,1204.0609,4406.1846,0,0,3531.8435,3655.67,3069.2144,5094.562,9643.514,0,3601.284,5327.3584,0,0,0,1427.1567,0,0,0,5669.5376,0,3878.8474,15275.217,3587.2803,0,6324.19,0,7885.1494,0,0,0,818.3654,0,0,3930.4766,0,0,5111.571,0,0,5255.602,0,0,4597.904,4590.573,0,0,7398.413,0,0,4076.2534,14907.294,0,0,909.57794,4145.3022,7163.7007,2818.3723,4585.145,0,0,0,0,710.39825,0,2778.1382,660.22437,795.4648,497.03842,0,0,0,0,1179.8169,2708.258,779.90576,0,0,4876.7563,1618.4019,937.2411,7601.0957,7654.9277,8449.093,0,7.716408,5533.98,0,0,5594.3735,12223.284,31742.996,0,6107.217,4282.833,0,0,2637.6006,0,4456.455,12465.149,1515.4822,0,1236.2673,4937.8027,1264.9672,0,5777.919,5749.9395,3495.5894,7261.191,2819.3027,0,0,6096.189,5097.035,0,4329.5234,0,3695.0603,4678.781,4353.8164,6.9032245,1601.4962,0,3553.3494,4176.7075,2707.9443,7592.9414,4875.4,1463.0128,2802.106,6370.7183000000005,1435.1781,4419.432,3485.0066,9462.029,NA
29038,331.2479768068685,4.321991,area,NA,NA,NA,795,2406,[M+H]+,NA,1,29025,330.24126,0,11.079254,10.669461,7.7473516,0,10.764137,10.235908,10.1486,1881.5634,11.051649,10.005851,9.35588,9627.896,4597.4434,10.809242,10.011166,11556.724,4920.175,9480.234,15680.399,9393.424,10.205839,11517.046,16772.902,9.913649,9.903814,9.865859,8081.498,12.537283,18.698936,9.391912,17844.328,19.73857,6299.3525,10423.233,7898.794,9.083592,6735.396,19.748873,8826.044,21.779633,20.132736,9.986727,5351.5425,10.191149,8.146227,7855.1924,10.737952,10.583569,11921.189,10.074938,11.356281,3434.865,9.963688,13.503704,8753.952,6192.193,18.143316,8.8379,7193.6655,9.403229,11.812522,7389.074,12693.76,10.695449,12.810591,4210.549,3999.348,14158.844,9107.664,3904.846,11.126952,10.107941,10.121494,9.535463,4368.4585,11.314295,5242.998,7556.809,10085.707,38425.957,10.0760765,41.444138,9.088085,17.329885,11129.628,8148.4414,7816.3276,0,13.931017,12793.489,4229.6333,3382.2646,16708.37,8104.251,24801.688,21.36179,25.330353,6165.2334,9.512479,10.368594,8656.3545,9137.001,8365.112,9.258017,2311.0942,10334.8,8.864061,11.03632,7819.265,18.736233,6532.916,7034.2847,11416.351,0,7578.922,4848.718,4237.1934,9.731827,0,5753.188,5946.704,9660.345,3383.7893,9.646961,11.743032,26095.424,13023.897,10.460711,7195.195,11.021536,13096.266,10968.992,9036.913,19.105062,13461.856,10.748085,7965.3804,13258.734,12725.981,4386.338,8802.084,7455.1226,5041.726,4241.6924,4367.2275,6086.815,5446.6177,2495.0964,NA
12305,332.2196422591152,1.7406309,area,NA,NA,NA,222,876,[M+ACN+H]+,NA,2,12305;12637,290.18623,0,0,0,0,0,0,0,0,21448.768,0,0,0,14104.031,62000.055,0,0,57013.39,36732.883,12112.682,25989.438,41025.566,0,27982.988,44236.035,0,0,0,17704.11,0,0,0,137598.23,0,6009.756,33540.242,21643.25,0,29603.535,0,16258.697,0,0,0,18160.447,0,0,41724.543,0,0,33582.008,0,0,69185.75,0,0,33525.02,6244.005,0,0,37501.59,0,0,42433.11,37220.68,0,0,22736.37,22085.152,61484.2,15559.355,29017.867,0,0,0,0,25299.79,0,31792.83,32318.273,46976.664,0,0,0,0,0,14767.119,30313.691,42242.586,0,0,45827.992,37833.387,12702.109,39899.395,12539.887,57960.816,0,0,31059.705,0,0,6070.468,44800.492,31215.986,0,84579.16,72070.94,0,0,23807.967,0,23171.553,22270.168,47790.2,0,28244.365,13357.484,26281.219,0,0,14487.315,21635.275,34200,21421.674,0,0,27161.535,22836.297,0,39225.15,0,19020.027,51878.434,35869.33,0,38169.5,0,42806.426,42149.57,34361.723,39732.97,75376.02,50245.734,26705.54,15139.001,18595.803,30817.633,21533.67,14291.564,NA
31216,333.263569108694,5.2635655,area,NA,NA,NA,409,NA,,NA,NA,,NA,0,0,0,0,0,0,0,0,11521.21,0,0,0,73966.87,25053.729,0,0,73035.4,20048.87,13995.286,48538.414,35033.77,0,28888.36,81577.5,0,0,0,21723.168,0,0,0,117850.55,0,13151.849,54884.766,23419.178,0,32140.266,0,21346.627,0,0,0,12123.122,0,0,33109.57,0,0,72009.42,0,0,18067.447,0,0,14743.923,13039.499,0,0,42377.977,0,0,22133.148,17580.998,0,0,18246.844,14637.068,93416.734,24111.41,29961.309,0,0,0,0,11155.5,0,12875.486,19793.371,26683.516,0,0,0,0,0,10077.3,62334.246,26861.246,0,0,30039.143,25515.465,15924.257,101148.54,43645.695,88130.5,0,0,13235.092,0,0,20009.213,34958.125,51388.836,0,38042.766,66382.63,0,0,43704.715,0,16703.855,26584.275,26405.451,0,16542.568,23800.697,14648.431,0,0,10354.589,21384.582,55073.47,16725.559,0,0,112770.8,22117.35,0,20638.598,0,20262.217,39149.742,41199.188,0,16704.26,0,39634.15,50465.617,34395.543,58210.293,25910.652,64289.95,33755.176,21306.383,29004.549,44551.26,61015.824,30385.236,NA
30625,333.26360413769964,5.033593,area,NA,NA,NA,27,2553,[M+H]+,NA,5,30627;30624;30625;30628;30618,332.2568,0,0,0,0,0,0,0,0,26767.408,0,0,0,43369.06,30586.488,0,0,68879.96,32179.775,49660.58,61100.062,69843.88,0,57872.332,89949.99,0,0,0,33692.066,0,0,0,100726.45,0,24407.854,53442.887,38924.055,0,32097.719,0,53015.215,0,0,0,34653.273,0,0,64848.86,0,0,103979.33,0,0,28670.744,0,0,56654.445,36608.414,0,0,41039.387,0,0,65849.92,54274.65,0,0,22567.438,36002.65,93810.484,39498.027,26466.42,0,0,0,0,33665.996,0,44534.79,34628.42,60751.71,0,0,0,0,0,49796.734,50786.516,46582.766,0,0,63482.793,35698.617,31314.945,85571.27,25765.445,90966.055,0,0,37707.098,0,0,17412.39,68238.445,40820.758,0,53097.72,71008.17,0,0,38738.05,0,41981.203,29942.865,84793.46,0,45152.816,37134.23,43520.79,0,0,33628.965,44761.92,46029.336,35256.137,0,0,116778.1,49930.703,0,66000.19,0,67110.74,63434.22,56157.863,0,51952.246,0,66252.805,87179.17,32593.102,36363.52,67268.77,28524.172,52322.617,50715.242,30608.617,45296.047,19358.715,28370.035,NA
31991,333.26370361522845,5.6398845,area,NA,NA,NA,808,2687,[M+H]+,NA,3,31991;31962;32267,332.25668,0,0,0,0,0,0,0,0,21449.584,0,0,0,45393.434,31192.85,0,0,61677.02,22533.531,15218.73,27900.484,21362.227,0,29164.42,95293.06,0,0,0,26644.887,0,0,0,83420.1,0,18728.357,37422.59,30594.488,0,20575.545,0,22075.438,0,0,0,15939.216,0,0,17729.684,0,0,56168.69,0,0,20094.537,0,0,18478.307,27066.188,0,0,24439.414,0,0,28452.527,28068.021,0,0,20618.445,8707.797,110414.555,50417.03,23736.082,0,0,0,0,17505.166,0,16863.203,43950.117,68707.41,0,0,0,0,0,14700.388,37636.977,36645.957,0,0,28510.432,15409.971,20963.766,98523.38,20946.025,73251.63,0,0,16446.025,0,0,27224.979,18452.973,31607.518,0,27833.492,78149.43,0,0,35260.062,0,20956.275,16890.904,29794.1,0,20428.854,14443.794,16913.408,0,0,11881.451,26365.469,43147.754,17195.256,0,0,194440.88,36162.15,0,24818.174,0,28776.562,53290.312,69124.87,0,26712.299,0,20225.37,40589.98,46491.1,28592.201,43185.29,38056.625,36689.945,23613.002,18805.504,28781.334,31160.828,24697.34,NA
31689,333.263761172619,5.5107355,area,NA,NA,NA,808,2664,[M+H]+,NA,2,31693;31689,332.25653,0,0,0,0,0,0,0,0,9100.125,0,0,0,21177.457,15101.467,0,0,27493.92,9573.873,5821.0693,12422.51,8502.711,0,8782.146,26907.744,0,0,0,13445.782,0,0,0,38739.312,0,8812.017,17321.379,13568.535,0,10410.45,0,9455.8,0,0,0,6550.7275,0,0,9092.866,0,0,23360.695,0,0,9785.274,0,0,7602.059,7201.0415,0,0,11358.748,0,0,13786.926,8902.853,0,0,11354.609,3348.519,27715.686,14229.45,11440.163,0,0,0,0,7326.2373,0,10186.584,18450.137,25060.877,0,0,0,0,0,5189.7954,19860.32,15932.081,0,0,9448.626,7980.0474,9303.323,36123.996,10261.48,29105.463,0,0,7812.35,0,0,14812.0625,9506.955,14807.729,0,11456.436,17348.79,0,0,13959.109,0,9370.53,6785.0684,12760.628,0,9084.644,6732.5547,7854.348,0,0,4964.735,14378.92,15954.05,8339.808,0,0,34437.758,11311.243,0,11315.601,0,14276.512,20317.445,21634.709,0,13824.387,0,10594.356,23110.34,23297.973,14706.876,14630.615,15628.374,10459.79,10834.566,8395.833,15920.27,14999.147,7965.889,NA
32391,333.26378792270094,5.776048,area,NA,NA,NA,NA,NA,,NA,NA,,NA,0,0,0,0,0,0,0,0,9855.669,0,0,0,45187.438,26650.715,0,0,25129.67,17784.047,12874.634,10608.133,10008.131,0,12645.402,70965.14,0,0,0,13224.161,0,0,0,43047.855,0,7875.5522,45272.125,12254.181,0,16688.818,0,21406.826,0,0,0,15915.134,0,0,8355.329,0,0,71935.086,0,0,18466.896,0,0,3755.3198,6876.6743,0,0,11684.999,0,0,10433.424,20491.99,0,0,17982.629,3330.9158,89145.125,29825.395,12046.14,0,0,0,0,7073.6846,0,7170.9766,19728.88,26566.727,0,0,0,0,0,3837.4087,38462.05,33561.957,0,0,19354.379,8074.6675,23754.373,42076.016,8653.918,87938.81,0,0,15906.514,0,0,23222.854,15652.338,33229.242,0,33109.914,33236.375,0,0,38286.945,0,20166.178,17602.926,22385.648,0,20182.746,7183.231,15448.377,0,0,4684.0244,13194.118,23102.799,9308.045,0,0,115090.62,18954.586,0,23944.355,0,13535.598,59777.113,16847.105,0,9197.3955,0,22972.256,10808.054,47027.156,7047.9946,28066.166,35315.12,26898.422,28206.152,17246.227,10853.028,26541.707,17148.275,NA
45393,336.3104782476152,9.163478,area,NA,NA,NA,192,3742,[M+NH4]+,NA,2,45393;45454,318.27665,49732.496,66732.08,70461.93,70887.766,58504.27,78087.91,49489.117,65260.504,59034.152,71962.07,60823.53,58840.508,52656.535,62731.586,65738.734,47658.758,48889,59820.26,65132.254,56496.66,54246.367,76402.71,49517.676,58366.25,70960.164,72300.94,71721.51,52613.133,68045.74,68886.63,70320.31,52194.957,67209.875,46059.3,56606.76,58085.85,71062.47,52797.68,69551.05,61629.54,70985.7,70504.18,71174.1,56476.85,72566.49,68043.18,53097.89,64353.52,67946.68,65165.61,71352.57,64534.223,46897.15,67350.914,73319.3,62199.984,60059.117,56081.027,72211.04,42447.184,60466.297,64939.215,58648.883,58527.516,48524.414,67720.9,46791.336,57889.023,55701.31,59989.938,47354.227,68059,68166.22,66875.81,72045.47,62847.35,48629.023,51083.99,56569.42,49743.484,786.90234,71279.95,66594.43,71271.914,69321.55,61617.81,54349.46,62385.793,68453.41,71123.55,62793.5,59902.453,56741.59,48704.516,50386.547,49254.17,72351.28,68240.93,59308.61,68804.16,69027.85,48050.79,57174.633,56243.113,65070.434,61678.957,54943.15,60650.273,72476.984,56625.367,67670.35,59026.855,61908.55,54665.195,63656.434,59003.17,63022.3,64183.57,57080.68,68522.79,56431.8,43703.242,57410.402,59903.46,69714.01,57700.766,57951.473,60094.82,71492.24,55317.754,63485.32,57979.91,60908.836,52728.18,73260.766,61939.547,67743.03,55108.723,58272.65,59493.207,59900.258,62648.54,64177.293,66306.62,52926.914,48450.46,47915.01,60884.73,62530.316,NA
30859,337.15466412132605,5.1662936,area,NA,NA,NA,684,2565,[M+H]+,NA,4,30857;30859;30858;30854,336.14759,0,0,0,0,0,0,0,0,17040.629,0,0,0,17280.857,24653.326,0,0,21080.572,27113.85,115328.875,38452.28,61379.22,0,123649.06,78296.92,0,0,0,32633.287,0,0,0,13494.556,0,11357.128,45813.78,26779.379,0,25676.656,0,79404.9,0,0,0,37588.895,0,0,217625.33,0,0,23170.121,0,0,45068.03,0,0,74793.01,42483.04,0,0,21403.98,0,0,58135.96,55341.695,0,0,80826.76,28122.951,5776.6577,78156.42,11807.086,0,0,0,0,11726.187,0,50812.844,17215.57,7836.5254,0,0,0,0,0,89050.164,63293.824,14093.645,0,0,23835.31,4177.73,16358.908,11466.851,17931.629,22099.91,0,0,30284.42,0,0,10800.297,49388.01,17322.326,0,5248.668,1866.7228,0,0,18661.021,0,13511.811,121529.13,77812.414,0,52381.562,16410.871,16140.751,0,0,47102.168,11961.245,273915.2,39176.223,0,0,3014.3245,26843.645,0,80114.1,0,48965.945,32132.506,14165.464,0,120795.5,0,138778.05,86140.79,19176.55,98129.68,26588.52,12462.337,109059.586,72151.16,112160.664,16608.604,17755.486,31980.445,NA
25827,349.2586056519467,3.2845662,area,NA,NA,NA,222,NA,,NA,NA,,NA,0,0,0,0,0,0,0,0,19100.488,0,0,0,47998.113,18511.332,0,0,47551.043,759.50055,303.72186,2048.7878,30781.209,0,26683.262,22525.408,0,0,0,48470.984,0,0,0,102977.82,0,1859.5085,10777.104,8271.162,0,36969.047,0,306.6541,0,0,0,7436.1104,0,0,17858.176,0,0,14646.325,0,0,1291.625,0,0,8423.009,708.86926,0,0,9146.205,0,0,31832.979,736.3294,0,0,1455.5343,73.76462,54363.098,5430.265,16517.092,0,0,0,0,2228.604,0,1883.2004,33681.457,106436.984,716.68665,0,0,0,0,330.4345,34494.34,5793.749,0,0,2202.6426,1784.6426,3406.8533,107745.92,28681.035,25467.645,0,0,230.18234,0,0,7567.454,38097.098,8916.462,0,102708.78,17415.607,0,0,1666.2506,0,1255.0604,1574.7565,4264.2236,0,1751.2283,1276.4675,723.1153,0,0,1586.1995,45516.395,57979.645,949.1434,0,0,49680.37,2366.1826,0,6165.034,0,23992.617,19838.74,7629.222,0,6213.2476,0,23930.783,13223.258,27888.314,58383.79,21686.7,8638.789,473.841,5135.719,7143.8765,17939.111,12840.779,1237.4211,NA
26697,349.25873321629626,3.4917626,area,NA,NA,NA,222,NA,,NA,NA,,NA,0,0,0,0,0,0,0,0,5239.7524,0,0,0,24106.23,11072.457,0,0,35662.223,8779.282,611.12823,32383.068,8013.0366,0,6689.908,41282.43,0,0,0,12677.08,0,0,0,49158.598,0,4009.6023,30828.54,12918.941,0,10615.831,0,1289.8774,0,0,0,17652.438,0,0,7823.783,0,0,51322.984,0,0,1430.3873,0,0,21244.592,4197.0044,0,0,12870.304,0,0,17957.379,10018.046,0,0,3358.7224,972.8422,41783.285,30982.07,12114.009,0,0,0,0,3527.377,0,9290.506,9420.67,57274.633,0,0,0,0,0,770.538,11427.053,14324.881,0,0,28859.492,3199.1567,3761.7305,57871.91,21028.398,112306.66,0,0,4832.3687,0,0,8971.774,20311.332,16188.318,0,29790.502,41531.273,0,0,29598.326,0,17671.025,7760.7407,24939.117,0,5384.624,1981.9692,5222.0757,0,0,5658.118,10720.628,75844.71,1984.4269,0,0,141389.02,8469.396,0,51244.89,0,23859.26,69918.53,46244.094,0,3257.1907,0,5861.798,14570.227,30153.477,15674.655,17633.877,23385.441,10113.396,12727.597,6967.399,7340.655,25430.645,9439.885,NA
24123,349.2590276791604,2.9335327,area,NA,NA,NA,222,1999,[M+H]+,NA,2,24123;24134,348.25186,0,0,0,0,0,0,0,0,4895.67,0,0,0,21593.309,5141.3203,0,0,28761.992,4922.2812,3668.2249,12623.039,10520.24,0,8255.835,28823.262,0,0,0,15781.113,0,0,0,46578.562,0,7014.936,10345.844,11857.974,0,11998.73,0,4523.09,0,0,0,11486.965,0,0,10798.424,0,0,20038.979,0,0,4533.7373,0,0,9081.8,6246.084,0,0,16127.382,0,0,13170.015,6460.8403,0,0,4456.368,6449.018,41149.4,6989.286,14215.783,0,0,0,0,5362.5303,0,5124.0312,14086.232,37114.11,0,0,0,0,0,3087.5874,18967.807,15055.474,0,0,14078.705,9594.118,5421.167,33788.395,16131.536,32555.332,0,0,5683.0337,0,0,6819.295,13043.777,13204.037,0,36727.992,19816.66,0,0,14523.7295,0,10242.197,9108.627,9564.159,0,3947.8806,9818.136,5899.724,0,0,4880.8125,15387.614,27077.377,3360.5933,0,0,47317.77,5745.442,0,12834.384,0,16271.694,24230.627,17412.117,0,6552.3135,0,10004.147,13301.958,11258.695,17205.457,9384.602,9859.346,7076.3535,10290.718,8987.934,7914.4087,11917.578,10343.17,NA
30628,350.29081568455683,5.0338793,area,NA,NA,NA,27,2553,[M+NH4]+,NA,8,30623;30622;30627;30624;30625;30628;30621;30618,332.2568,0,0,0,0,0,0,0,0,10409.287,0,0,0,16340.074,11518.18,0,0,26427.984,10142.005,15772.058,20705.586,26541.74,0,20546.762,32104.068,0,0,0,13266.845,0,0,0,38072.758,0,8965.829,18638.18,14819.591,0,10926.9795,0,17696.793,0,0,0,12585.9,0,0,24361.568,0,0,39352.426,0,0,10388.577,0,0,19439.08,12702.002,0,0,14909.04,0,0,25688.988,17728.031,0,0,7915.842,11714.648,36744.11,13183.842,9519.993,0,0,0,0,12058.1455,0,14795.998,12975.948,22478.266,0,0,0,0,0,17844.648,19346.732,17228.254,0,0,21552.799,12723.122,11772.121,32749.746,6972.9966,35031.973,0,0,13813.54,0,0,5916.5195,28649.443,12612.667,0,20785.74,24090.162,0,0,13654.056,0,15460.906,8919.665,30229.701,0,15201.233,13750.898,14196.011,0,0,12024.831,17312.465,15940.082,13689.666,0,0,41755.992,17796.24,0,24106.117,0,25587.64,24674.348,19660.701,0,19305.19,0,25658.303,31791.018,12307.044,7745.047,23997.52,10044.318,16966.291,17724.629,11520.071,14981.427,3957.108,10060.406,NA
39468,353.2684119189105,8.819483,area,NA,NA,NA,192,NA,,NA,NA,,NA,69.57023,112.016846,265.12674,128.8273,200.42052,0,142.63257,99.90201,4084.7688,42.65672,32.055412,0,13082.201,5914.5757,78.73894,161.75531,7323.661,11619.569,10850.445,14610.167,2323.2686,144.90733,16168.64,13506.747,120.40792,50.330482,112.45361,6136.87,194.64178,174.94904,40.847725,2710.4988,116.26898,26763.527,5549.9067,2581.6433,218.98235,25374.992,158.79973,2619.372,94.68397,57.571095,151.43295,15491.143,378.5606,226.82263,15776.356,116.39363,193.38774,7057.3413,121.908264,139.25394,1509.1246,105.47219,152.41971,16608.172,13199.373,149.84537,60.4153,16674.28,196.7333,212.4442,9303.221,3400.1206,69.777245,259.3797,11968.677,4619.255,4101.1333,3405.2886,18681.297,59.418003,137.33221,185.7992,138.89984,808.8778,100.70649,11192.0205,12918.342,4168.4634,0,213.8617,169.67873,169.15654,318.60104,10697.337,12976.981,907.62427,141.45364,113.252495,652.8871,1724.4626,7899.9214,2154.3027,1395.4154,1942.8333,0,128.38838,435.58853,130.15569,77.33259,2503.9443,707.657,29594.496,256.3211,519.3404,3438.6594,112.130974,83.20544,6979.5957,0,3905.8047,16616.164,6673.6157,0,11446.774,7515.8296,714.2407,575.70593,240.41618,19482.639,6141.4746,8906.098,8786.425,0,0,744.99426,335.98352,135.59875,14125.38,140.963,15935.152,3566.0947,9427.589,203.59813,11281.071,215.10052,4057.11,15550.044,21599.441,989.86444,2947.2837,14863.904,8592.413,14970.536,13756.63,9677.705,19266.053,16829.262,NA
35269,355.2633427444823,7.443434,area,NA,NA,NA,639,2877,[M-3H2O+H]+,NA,7,35270;35258;35262;35253;35269;35242;35243,408.28754,0,0,0,0,0,38.081684,0,0,1074.1183,0,0,333811.94,5533.998,799.7994,0,0,17055.164,346.92673,1911.4379,594.6131,2325.4265,0,4080.4587,10608.431,0,0,0,13237.807,0,359.975,0,34.43467,0,59.79158,1127.6945,16668.33,0,5462.3037,0,390.26062,0,0,0,247.09174,0,61.438473,4302.2007,0,0,769.4663,0,0,55.037548,0,0,688.28955,4522.2803,0,0,4148.723,0,0,613.50586,1410.838,0,0,512.78046,9047.9375,1040.428,99.614365,3820.0334,0,0,0,0,52.49578,0,754.05255,227.21768,57.57769,0,615.1785,0,0,0,51.516273,4324.2744,8178.935,0,0,447.00665,4679.3306,500.61533,373.32755,5360.446,947.4136,0,0,2073.7058,0,0,5252.9863,5109.286,7191.4683000000005,0,10040.288,176.83273,0,0,111954.42,1836.8115,3412.041,525.3428,14135.458,466993.62,93.265114,4575.0337,343.4269,0,0,1326.1884,498.11346,9662.327,436.21634,583572.5,1380930.1,299.48172,5152.287,0,163.05685,0,2052.9333,2624.9485,12258.806,250604.69,54.238785,0,1319.5334,5794.6914,2467.6587,5982.0146,158.93927,1124.8887,2347.4827,11644.793,1126.6974,3377.6042,3838.8608,3694.821,NA
31152,355.2638474443335,5.2588496,area,NA,NA,NA,409,2603,[M-2H2O+H]+,NA,3,31159;31152;31174,390.27734,0,0,0,0,0,0,0,0,631.9741,0,0,0,46915.98,7180.313,0,0,25929.361,52.209145,6342.328,41432.473,33272.76,0,18208.379,29296.816,0,0,0,15854.836,0,0,0,41568.777,0,1266.5232,5423.433,7083.4375,0,22869.426,0,3886.9363,0,0,0,5934.6143,0,0,28229.791,0,0,8907.6045,0,0,4720.9326,0,0,13208.491,2688.3938,0,0,75632.7,0,0,5865.1562,459.1358,0,0,1181.1486,9073.481,35544.67,2965.6511,239214.4,0,0,0,0,135.8825,0,1108.3092,152.11894,167.75027,0,0,0,0,0,4185.9355,32734.453,831.4255,0,0,22029.656,26551.07,6928.683,11537.725,108282.695,23321.875,0,0,1719.0979,0,0,47.881023,23192.742,23685.227,0,23405.408,53500.625,0,0,12381.068,0,6206.0615,27601.512,38.524467,0,915.5286,21832.857,223.94766,0,1915.9548,9633.018,13149.85,34802.227,15995.754,0,0,40318.53,7020.4346,0,13598.147,0,5087.258,15142.6,2018.1545,0,255.73393,0,16218.918,42726.84,62.607002,77313.664,1923.1075,78976.7,13115.671,7878.128,35340.062,11261.943,137398.72,40746.484,NA
42930,357.2795073600374,9.08648,area,NA,NA,NA,NA,NA,,NA,NA,,NA,0,0,0,0,0,141554.3,0,0,25.951893,0,0,1478.2949,64.562744,54.37793,0,0,147.58063,0,0,128.29889,30.816864,0,64.463165,36.53401,0,0,0,44.60643,0,17.379837,0,1366.988,0,37.10692,161.49689,26.833065,0,0,0,23.392338,0,0,0,53.51835,14.644566,0,0,0,0,556.7412,13.70071,0,54.1773,0,0,88.62319,120.99084,0,22.431923,95.65999,0,0,0,60.019897,0,0,44.30381,29.186975,809.1969,0,124.03065,0,0,0,0,68.13517,0,82.26728,29.389938,0,0,53.162426,0,0,0,0,133.16107,18.235739,0,0,157.98587,34.758244,53.54978,40.49536,55.504692,44.65773,31723.666,0,26.454693,0,0,30.639217,26.144953,311.0717,0,0,340.87946,0,0,46.08585,41190.543,62.26268,162.20563,57.690937,0,0,95.87188,96.65779,0,0,48.88801,77.47699,35.89962,34.639767,189556.58,567.6269,144.01225,39.119263,0,153.04263,0,105.76001,141.25206,0,0,31.61828,0,23.000801,180.81508,64.72221,133.80049,41.9293,40.791058,38.836227,34.16004,61.150764,0,75.78551,0,NA
36372,357.2798623366201,8.027733,area,NA,NA,NA,NA,NA,,NA,NA,,NA,0,0,0,0,0,0,0,0,0,0,0,0,8.851145,0,0,0,15.064147,0,0,28.257122,10.650197,0,8.302448,0,0,0,0,0,0,0,0,16.484058,0,0,9.964777,0,0,15.379105,0,0,0,0,0,0,0,0,24.824272,0,0,19.48838,0,0,7.4745007,0,0,0,0,0,0,21.339203,0,0,0,18.923298,0,0,9.695845,16.21332,13.263485,0,61.859436,0,0,0,0,0,0,0,0,0,0,0,0,0,0,0,11.690549,0,0,0,0,8.284535,0,0,11.010416,11.762821,0,0,0,448043.16,0,0,10.646864,0,0,0,9.366376,0,0,6.281972,0,0,0,0,0,0,0,0,0,0,7.831456,0,0,0,0,88081.33,0,0,0,0,0,9.065783,15.716005,0,0,10.461125,0,0,22.053482,0,16.688858,0,15.437956,0,8.771765,21.731945,18.74249,23.4659,45.815094,NA
40566,357.2799001542701,8.779694,area,NA,NA,NA,473,3255,[M-2H2O+H]+,NA,2,40566;40606,392.29259,0,0,0,0,0,765116.56,0,12.812546,2152.4197,0,0,0,18123.27,1473.5493,0,0,15097.043,388.0122,132.57877,0,602.04126,0,729.3607,5201.9365,0,0,0,2947.9958,0,732684.7,17.613905,2704.5015,0,3321.9429,3747.4958,16709.879,68.84213,0,0,632.49316,0,0,0,1690.4456,0,0,1395.7438,0,0,2710.9963,0,13.352527,302.6171,16.104364,0,1489.0271,4107.2856,0,0,1739.9666,0,0,1452.2041,2165.539,15.731302,0,1032.8656,6677.1074,6577.4243,137.00813,4861.228,0,0,0,0,344.3714,0,484.20123,2275.9785,3039.8674,0,572058.06,0,0,0,52.7109,9821.7,3713.7698,0,0,758.8948,4453.1416,2210.7278,4081.3682,2315.6506,4980.166,248964,0,2327.1367,2193.7183,0,5378.5703,2954.5334,5103.086,78.03987,30248.27,4795.13,0,0,12188.108,264281.34,12829.196,1613.9893,6123.607,47946.875,442.7464,11336.237,375.9444,12.865654,0,1088.739,9755.305,7387.2812,434.80887,80329.67,489892.22,5831.877,822.83,0,273.73157,0,3769.3892,9510.008,3657.9106,31.75933,879.824,16.719141,614.754,4747.3237,8784.444,2602.058,0,585.6111,909.18115,3249.1016,15062.395,869.9923,5567.131,2545.0955,NA
45141,359.29549014169214,9.111294,area,NA,NA,NA,NA,NA,,NA,NA,,NA,12.981329,9.857439,0,0,0,0,0,0,40.561188,0,12.581154,0,52.512573,95.74878,0,0,117.618744,44.077877,0,106.64264,55.71865,0,127.67368,101.44245,0,0,0,132.21173,0,0,0,0,0,14.621033,182.90367,58.828167,0,0,0,33.684227,0,0,0,92.186195,0,0,0,0,0,30.188602,0,0,0,0,0,0,97.62423,0,0,0,0,0,0,42.532604,0,0,0,33.063103,33.282555,16.994915,53.74231,15.205805,0,0,0,166.06378,0,44.37449,53.528088,0,0,0,0,0,0,30.038929,46.201794,82.21802,0,0,63.996254,63.631943,89.5681,0,0,37.52947,0,0,64.77242,0,13.489041,47.14909,26.26796,134.1718,12854.872,136.16997,82.536644,0,0,38.110477,0,35.505592,46.8891,0,0,140.98575,119.3115,58.779133,0,0,0,38.766937,95.16836,68.66731,0,13217.909,0,24.290192,0,0,0,24.193298,111.36389,101.11632,0,402.25793,0,27.063166,29.953777,49.58321,0,49.254288,39.10879,0,169.80048,76.91566,172.02805,0,43.552124,NA
40304,369.2789368072813,8.758525,area,NA,NA,NA,228,3212,[M-3H2O+H]+,NA,3,40303;40311;40304,422.30309,0,0,0,0,0,0,0,0,0,0,0,32136.693,0,0,0,0,0,0,0,0,0,0,0,0,0,0,0,0,0,0,0,0,0,0,0,0,0,0,0,0,0,0,0,0,0,0,0,0,0,0,0,0,0,0,0,0,0,0,0,0,0,0,0,0,0,0,0,0,0,0,0,0,0,0,0,0,0,0,0,0,0,0,0,0,0,0,0,0,0,0,0,0,0,0,0,0,0,0,0,0,0,0,0,0,0,613.9223,0,0,0,0,0,0,0,0,541403,0,0,0,0,0,0,0,0,0,1405787.5,89213.2,0,0,0,0,0,0,0,0,1622.9249,0,0,0,0,0,0,0,0,0,0,0,0,0,0,NA
38919,371.25866056636266,8.631416,area,NA,NA,NA,192,3104,[M-H2O+H]+,NA,7,38929;38919;38945;38950;38957;38924;38949,388.26157,0,0,0,0,0,0,0,0,2732.4346,0,0,0,33382.12,6750.342,0,0,10571.959,4279.257,2291.231,12667.449,7390.836,0,6440.7837,13640.279,0,0,0,24798.535,0,0,0,3851.255,0,3617.9504,6331.8936,9172.307,0,3664.6558,0,3411.118,0,0,0,10391.686,0,0,13593.09,0,0,11380.116,0,0,7503.3022,0,0,5325.844,10742.679,0,0,22309.818,0,0,5946.8003,7827.7246,0,0,2610.7397,10814.049,9381.172,7716.77,38998.293,0,0,0,0,1687.8344,0,4929.896,5607.2383,4050.5874,0,0,0,0,0,5069.5557,21102.242,4651.297,0,0,18652.125,14963.028,2500.9397,4476.049,5408.8936,15921.358,0,0,14360.229,0,0,4543.0767,20354.336,7249.823,0,5304.4155,3477.912,0,0,13319.03,0,3477.3828,9878.116,7459.2744,0,2939.6877,9739.231,4754.416,0,0,5106.8486,4794.3125,28372.082,2936.2424,0,0,4297.163,5800.426,0,15200.019,0,16270.92,12931.924,6213.025,0,4973.3975,0,6377.752,7143.989,6116.778,8372.555,13098.787,5188.78,5552.0356,29118.03,25931.252,12018.632,25134.387,6730.6255,NA
45033,371.2954853524608,9.132519,area,NA,NA,NA,192,3698,[M-2H2O+H]+,NA,3,45119;45033;45115,406.30843,88.75055,0,0,0,0,147398.64,0,0,45.432446,0,0,467.57532,209.12137,147.24368,41.453194,0,52.974815,145.43478,157.66069,324.98007,53.433685,0,59.800842,181.64508,0,0,0,269.4683,0,0,0,105.347336,86.25794,166.32498,105.90111,89.889786,33.669968,172.14806,0,62.287437,0,0,0,127.81201,0,0,129.91193,0,0,250.97937,0,0,145.88406,0,0,69.16542,235.9689,67.74587,0,377.664,0,65.41821,130.57419,0,551.4417,0,181.50787,272.4308,446.09753,144.84668,648.573,0,0,0,0,128.78334,0,121.871864,114.41548,106.46419,0,0,10.052782,230.78691,0,196.47919,292.7529,58.76038,0,0,643.155,280.50085,159.31451,127.44235,462.60175,179.03015,414351.47,0,128.27443,0,0,49.888783,658.45123,397.1606,0,113.42662,268.5365,0,0,190.5574,419344.97,63.35868,219.35556,151.21605,807162.7,35.20484,261.6334,96.2982,0,0,142.72656,96.9075,0,141.8375,2476740.2,25194.322,351.33484,152.99939,0,249.93869,868.7999,427.35956,80.938896,301.72903,0,126.3929,0,0,117.55322,151.39917,72.98268,43.782585,160.95187,236.24033,42.00444,63.7974,94.5753,110.9843,531.3253,NA
28735,373.27068276866913,4.1780734,area,NA,NA,NA,658,2394,[M+H]+,NA,3,28735;28733;28732,372.26366,0,0,0,0,0,0,0,0,5588.211,0,0,0,3739.3257,703.49536,0,0,22.141193,36281.273,51195.793,30655.52,17475.71,0,48737.426,816.3784,0,0,0,7651.126,0,0,0,46.134956,0,1652.6017,71405.01,3028.09,0,0,0,17360.348,0,0,0,16720.016,0,0,19416.455,0,0,6185.3994,0,0,19863.42,0,0,10403.201,13667.972,0,0,44.109806,0,0,82845.48,40493.883,0,0,95731.88,297.94757,0,30674.438,0,0,0,0,0,5051.206,0,78109.164,32.23843,25.975845,0,0,0,0,0,135964.28,11357.091,12808.303,0,0,28.052956,6349.4155,21902.744,3001.0894,0,842.19946,0,0,571.9871,0,0,1217.7567,1059.4564,37.98282,0,30.265877,0,0,0,76.1925,0,4678.9355,0,13911.54,0,82650.53,1839.3978,1200.004,0,0,25034.031,9918.406,36.74692,24363.586,0,0,0,324.7809,0,28022.602,0,19328.412,5085.9756,506.4187,0,27439.814,0,25082.281,21495.822,4780.3857,0,7167.549,0,51334.844,12101.849,6318.3223,31417.633,0,0,NA
29143,373.2707270979114,4.3582706,area,NA,NA,NA,583,2412,[M+H]+,NA,3,29143;29157;29151,372.2637,0,0,0,0,0,0,0,0,3434.1409,0,0,0,1403.9473,48.37487,0,0,0,23890.287,34020.28,19969.03,10467.801,0,40708.33,72.72009,0,0,0,3452.3276,0,0,0,0,0,702.7254,45455.58,1386.458,0,0,0,10632.024,0,0,0,11802.217,0,0,13477.029,0,0,2543.0723,0,0,17990.732,0,0,7000.751,10623.772,0,0,27.670212,0,0,59109.51,21632.338,0,0,80785.75,19.740719,0,20785.422,0,0,0,0,0,1227.8162,0,51828.066,0,0,0,0,0,0,0,102007.7,7497.025,6985.0073,0,0,17.664604,2914.5278,16974.957,44.335907,0,115.903244,0,0,90.68037,0,0,585.5657,276.21704,0,0,0,0,0,0,0,0,1834.5459,0,7687.2627,0,51219.96,684.69446,70.415054,0,0,17468.826,5176.825,0,15831.561,0,0,0,51.34574,0,23498.281,0,13662.191,1106.5616,132.95325,0,21492.451,0,21785.764,14237.172,2796.0798,0,1554.7979,0,40742.414,5853.282,4221.342,20709.725,0,0,NA
38588,373.2738517483172,8.606003,area,NA,NA,NA,192,3073,[M-H2O+H]+,NA,5,38576;38554;38548;38574;38556,390.27708,0,0,0,17.700062,0,828.1824,0,0,2490.7085,0,0,2339.8594,44866.33,5407.692,0,0,23991.762,1992.0337,1057.0328,3091.3306,3558.293,12.121544,3068.2515,8525.837,0,27.372065,0,16252.84,0,16.731167,0,8430.69,0,3431.4504,12426.009,21073.229,0,7575.918,0,3529.6924,0,0,19.532194,4903.3286,0,0,6233.3525,0,30.49596,9493.531,11.105207,0,2938.8372,0,12.104455,2476.2673,8898.344,0,13.613913,11436.856,0,0,5259.7886,5576.4688,0,0,3027.4648,9571.274,17345.184,3777.3008,20164.152,0,0,0,0,2339.6409,0,2357.3347,5340.917,3704.85,0,2796.8193,15.130544,0,0,757.2202,20419.955,8745.432,10.7362995,0,4408.0786,15891.061,2928.09,8537.204,11234.369,11040.74,0,0,6985.059,0,0,7622.4844,9618.7705,14285.129,0,31413.104,9396.038,0,0,13686.607,0,8217.102,5826.497,10867.409,1243.6318,1702.9436,12808.943,2521.2683,0,0,3401.7966,8917.011,25815.537,590.0418,42216.914,0,11348.634,3486.758,12.296024,3258.493,0,11446.587,30474.545,6267.9326,9.584036,2880.1548,19.079906,2914.3984,6912.902,7199.857,18844.682,2387.8684,4096.9546,4334.8486,20967.455,44163.242,8004.8545,37297.016,10936.045,NA
31151,373.2738707147493,5.259025,area,NA,NA,NA,409,2603,[M-H2O+H]+,NA,3,31159;31174;31151,390.27734,0,0,0,0,0,0,0,0,6903.35,0,0,0,135058.4,20433.562,0,0,78288.65,3745.8076,11651.609,110375.984,88514.81,0,40539.383,92168.41,0,0,0,44404.113,0,0,0,130188.805,0,4852.698,27740.645,20504.088,0,60441.543,0,4592.6665,0,0,0,8307.097,0,0,78175.74,0,0,26307.375,0,0,9732.859,0,0,37638.02,15211.879,0,0,198758.64,0,0,18967.127,5425.8315,0,0,11001.708,24795.826,110658.61,5240.201,565855.5,0,0,0,0,2813.842,0,6250.45,6087.854,15249.147,0,0,0,0,0,12024.758,94714.91,5417.84,0,0,56865.625,66087.1,15103.449,36318.2,263764.62,80480.94,0,0,11947.159,0,0,1115.7325,61435.613,68038.89,0,50920.914,156075.36,0,0,36233.883,0,16616.707,69498.516,3178.0862,0,3365.4658,58710.42,1463.818,0,4279.381,15266.5,36457.027,102235.99,45404.48,0,0,124968.69,20153.836,0,39264.2,0,17270.346,50911.625,22395.266,0,2168.9478,0,47841.062,117571.555,4570.6123,186115.12,11295.436,206153.94,24752.352,21275.55,94372.3,25139.936,353377.88,101316.54,NA
35233,373.2741661790881,7.4371996,area,NA,NA,NA,639,2877,[M-2H2O+H]+,NA,7,35270;35233;35258;35262;35253;35242;35243,408.28754,0,0,0,0,0,73.343544,0,0,4084.5125,0,0,388864.25,11165.486,3715.772,0,0,28237.28,66.44639,6140.2095,1890.7001,2713.727,0,4198.956,19909.818,0,0,0,18838.73,0,434.0607,0,422.8751,0,419.17624,1320.639,35345.04,0,8002.594,0,914.38696,0,0,0,303.43585,0,222.53304,5560.592,0,0,1503.5175,0,0,91.20335,0,0,1212.7112,10283.2705,0,0,9151.42,0,0,620.7307,854.5311,0,0,1130.9454,19546.29,2463.06,232.5995,5552.4365,0,0,0,0,97.97549,0,581.3119,422.41376,126.561356,0,1165.602,0,0,0,734.4855,5807.6016,10776.536,0,0,1442.8778,12664.517,322.5429,701.79034,6325.6167,9739.088,0,0,4770.8374,0,0,11278.517,7070.232,10704.992,0,32623.033,336.86807,0,0,148382.36,2211.4026,4449.133,1638.7502,35970.273,535344.56,281.1849,7141.029,522.6143,0,0,1554.5101,461.0243,14093.3125,112.02988,659940.2,1587178.6,5619.208,7969.458,0,203.98334,0,3311.9106,1499.1411,17527.016,280769.44,256.337,0,1167.5837,6519.7812,6219.169,5871.3735,388.5769,1567.6123,2632.0073,21496.662,2221.2437,3417.3499,6723.6343,5591.0684,NA
32306,373.2744314290455,5.759458,area,NA,NA,NA,502,2712,[M-2H2O+H]+,NA,4,32306;32298;32283;32292,408.28816,0,0,0,0,0,0,0,0,352.84448,0,0,0,6233.772,2939.9712,0,0,11467.786,613.61847,736.99316,7862.001,4540.486,0,2501.0361,7998.813,0,0,0,4927.9272,0,0,0,7425.2236,0,2502.7966,4899.792,3225.495,0,3774.298,0,1205.1497,0,0,0,338.17633,0,0,3209.0903,0,0,7188.3916,0,0,662.4182,0,0,754.6806,2707.996,0,0,14622.039,0,0,456.80365,665.7227,0,0,883.88916,3544.8823,9565.14,723.3913,23920.102,0,0,0,0,371.6472,0,107.2177,329.00153,433.56955,181.225,0,0,0,0,349.65216,508.88788,337.562,0,0,3761.7236,5720.457,1101.272,4091.2517,15932.917,9722.843,0,0,426.83945,0,0,182.3551,5384.5596,7578.1953,0,19409.535,30223.3,0,0,4129.8555,0,2914.0623,8071.9536,1479.3893,0,100.16696,6702.9097,170.32138,0,0,184.04366,3686.284,27358.95,734.2901,0,0,42918.953,801.09,0,2726.8982,0,1463.7003,7153.4585,2985,0,144.55022,0,3370.8943,3983.8674,557.2337,12821.929,774.74835,3485.1833,3179.312,3423.228,476.55054,4288.9424,23623.146,5982.6553,NA
37599,374.3066387839045,8.4160185,area,NA,NA,NA,483,NA,,NA,NA,,NA,0,0,0,0,0,0,0,0,0,0,0,0,0,0,0,0,0,0,0,0,0,0,0,0,0,0,0,0,0,0,3436.8042,0,0,0,0,0,2388.4844,0,0,0,0,0,0,0,0,0,0,0,0,0,0,0,0,0,0,0,0,0,0,0,0,0,0,0,0,0,0,0,0,0,0,0,0,0,0,0,0,0,0,0,0,0,0,0,0,0,0,0,0,0,0,0,0,0,0,0,0,0,0,0,0,0,0,0,0,0,0,0,0,0,29122.154,0,0,0,0,0,0,0,0,0,0,0,0,0,0,1615.1707,0,0,0,0,0,0,0,0,0,0,0,0,0,0,0,0,0,0,0,82.769585,0,0,0,NA
36401,375.2889306126374,7.9915843,area,NA,NA,NA,NA,NA,,NA,NA,,NA,0,0,0,0,0,0,0,0,0,0,0,0,0,0,0,0,0,0,0,0,0,0,0,0,0,0,0,0,0,0,0,0,0,0,0,0,0,0,0,0,0,0,0,0,0,0,0,0,0,0,0,0,0,0,0,0,0,0,0,0,0,0,0,0,0,0,0,0,0,0,0,0,0,0,0,0,0,0,0,0,0,0,0,0,0,0,0,0,0,0,0,0,0,0,0,0,0,0,0,42775.465,0,0,0,0,0,0,0,0,0,0,0,0,0,0,0,0,0,0,0,0,0,0,0,0,0,3001.8262,0,0,0,0,0,0,0,0,0,0,0,0,0,0,0,0,0,0,0,0,0,0,0,NA
40356,375.2899500134061,8.79389,area,NA,NA,NA,473,3255,[M-H2O+H]+,NA,2,40642;40606,392.29259,0,0,0,0,0,75652.23,0,0,54.391136,0,0,0,1229.6646,0,0,0,975.9623,0,0,0,0,10.010211,0,0,0,0,0,0,0,37270.582,0,0,0,0,0,1550.5176,0,0,0,0,0,0,0,0,0,0,0,0,0,0,0,0,0,0,0,0,0,0,0,0,11.356556,0,0,0,0,13.877846,0,0,0,0,0,0,0,0,11.815963,0,10.565384,0,0,0,0,47616.27,0,0,0,0,473.56155,0,0,0,187.42705,0,0,179.1144,0,0,11390.271,0,0,0,18.36858,393.22095,0,0,0,3281.9336,0,0,0,823.2068,9029.658,752.2998,0,0,0,0,1022.4397,0,0,0,0,325.98737,698.91565,0,0,20125.217,0,0,0,0,0,0,0,0,0,0,0,0,0,754.45654,0,0,0,0,411.67487,425.95654,0,0,0,NA
40127,376.3058427446553,8.718682,area,NA,NA,NA,155,NA,,NA,NA,,NA,161.53583,191.80049,166.91193,132.5698,138.19424,0,55.606735,103.74579,594.4837,203.70453,63.320633,0,661.6583,1402.4336,260.5078,26.322956,216.66605,2631.8323,1616.95,3771.4805,1890.6389,209.34218,898.6138,0,463.25247,317.6629,255.12132,310.80194,157.23787,75.98604,84.40756,768.39984,285.3512,104.416794,4408.6826,413.9412,128.04495,11132.671,176.68176,2108.5156,291.5721,138.85846,185.36124,682.81305,404.96432,211.8714,281.98837,87.39203,332.43866,288.7637,325.04086,461.00833,982.7597,186.8724,98.020355,446.9939,1353.5464,65.63277,415.84662,1196.4415,117.372345,211.77087,3071.3477,3312.4976,49.04019,149.99968,1558.3563,620.0564,1451.4059,7308.756,624.0337,203.7359,0,88.33192,251.79042,1672.8296,100.34625,1310.4244,607.26306,567.7916,0,233.6465,130.09297,312.07092,119.022705,5078.7095,311.65186,287.1374,210.52094,66.50939,2098.807,1112.4924,83.316475,592.5253,31505.842,0,0,105.80776,234.43634,220.6862,143.322,86.43415,1300.0482,8216.117,207.17885,974.98315,932.0287,147.4539,175.21408,95.167206,0,184.5358,10447.646,4007.2944,0,753.5135,82.382355,594.11414,244.99588,519.75665,1124.2831,377.0037,418.64096,795.1685,0,0,38059.035,900.0143,96.640564,1377.1663,88.37102,261.4641,271.80606,100.49684,145.92123,1585.4576,36.046494,452.072,329.63403,154.02728,40881.543,702.74866,1602.6227,5169.5654,835.1846,534.33466,5932.002,57991.867,15518.911,NA
20350,385.2200130983885,2.4669168,area,NA,NA,NA,222,NA,,NA,NA,,NA,110.09007,854.74884,1810.4762,616.9873,517.72107,403.11453,186.75917,301.43555,72455.07,393.09622,910.6411,620.4098,151432.45,47411.723,733.33984,927.09906,169005.11,94184.06,74531.414,141546.14,123325.67,511.249,93483.74,171235.53,716.19086,1134.1293,748.79175,140023.92,841.7644,779.49036,266.47693,177349.84,703.20215,103302.25,125103.96,111852.28,545.28784,137386.06,379.0476,80697.95,1022.7075,882.75226,537.514,94706.625,502.17987,1214.8204,112700.07,514.0688,346.63794,110147.445,249.44687,606.23956,55458.1,729.41376,1216.7198,90241.87,79079.59,959.1568,386.30923,140821.39,974.30566,380.726,134068.31,98708.35,641.6848,656.7218,92560.75,34206.027,219770.12,103831.664,136189.11,310.16895,1719.9954,803.6574,427.45743,70588.26,836.6024,80157.83,132561.48,239903.08,8384.9,579.68396,559.5724,551.692,931.0907,70101.96,125189.375,102824.46,507.10815,1000.69666,135947.98,103487.53,91585.19,190649.19,167715.81,126921.34,763.9952,611.53406,39902.223,716.35236,884.2379,26586.916,129963.68,140221.28,208.74796,196588.2,132520.48,250.74545,631.2309,100678.88,755.90173,114515.766,121963.76,104693.68,1108.873,70511.68,101725.72,82088.51,902.7841,976.02795,103170.73,148255.5,185253.53,81809.55,1040.8289,873.61096,232401.61,118814.625,483.57935,113449,1042.9954,140939.08,139627.48,133739.3,853.57544,87958.86,517.9571,83508.6,111887.09,117122.74,171157.64,113595.56,143896.31,85731.18,103576.55,97397.555,117662.39,140703.95,53113.406,NA
40310,387.2900412392936,8.778493,area,NA,NA,NA,228,3270,[M-2H2O+H]+,NA,2,40346;40310,422.30372,0,0,0,0,0,0,0,0,0,0,0,56590.895,0,0,0,0,1480.5123,0,0,0,0,0,0,0,0,0,0,548.86163,0,0,0,0,0,0,0,0,0,0,0,0,0,0,0,0,0,0,0,0,0,0,0,0,0,0,0,0,0,0,0,0,32.71595,0,0,0,0,0,0,0,0,0,0,0,0,0,12.844612,0,0,0,0,0,0,0,0,0,0,0,630.7027,0,0,0,0,620.86566,0,0,0,0,0,0,0,0,0,0,0,0,0,693.2422,0,0,0,615.65686,0,0,0,0,891255,0,0,0,0,0,0,0,0,0,2082942.1,164362.39,0,0,0,0,0,0,831.8985,0,5448.8647,0,0,0,0,0,0,0,0,0,0,0,0,0,0,NA
38930,389.2688415218856,8.640177,area,NA,NA,NA,192,3104,[M+H]+,NA,7,38929;38945;38950;38957;38930;38924;38949,388.26157,0,0,0,0,0,0,0,0,6710.9907,0,0,0,56932.49,12729.884,18.722769,0,20193.562,8907.586,4685.3755,22988.088,12985.845,12.467859,12408.226,26341.664,14.60038,0,0,40035.06,0,23.66859,0,5510.7964,0,5989.664,12165.311,16592.424,11.790844,8314.669,0,8680.852,0,0,0,17817.674,0,0,23506.86,0,0,16806.625,0,0,12953.189,0,0,9817.962,18384.793,0,0,40583.65,0,0,10932.944,14809.191,0,23.961575,6123.172,18628.932,18794.838,13170.03,64558.934,0,0,0,0,3294.544,0,9450.421,12019.831,8085.692,0,15.254266,0,0,0,9950.63,34617.402,10144.951,0,0,33423.63,28189.674,5291.1973,7010.7734,12765.646,26596.05,0,0,23443.15,0,0,7438.545,32495.752,15570.705,16.282598,8563.16,8602.617,0,24.277992,22977.322,0,6951.212,16747.768,16648.44,0,6180.7812,17753.7,8469.774,0,0,9875.705,8707.862,47759.984,5976.5947,0,0,7099.551,11238.175,0,25941.701,0,26694.246,22668.238,11064.832,0,8751.29,0,12119.335,10432.588,11547.398,14190.806,23358.582,8984.067,10122.135,48074.543,41928.94,21393.617,39157.176,12264.6875,NA
38561,391.2842580360592,8.588692,area,NA,NA,NA,192,3073,[M+H]+,NA,5,38576;38559;38561;38548;38556,390.27708,1145.6534,1050.593,543.9044,2331.8337,289.71585,1287.7048,2628.7156,5440.651,37089.438,2724.2366,3117.6602,0,500394.9,68166.19,1939.2379,1557.315,280034.75,30780.023,16833.994,42805.81,54172.83,1137.4719,40265.516,104709.8,2355.347,5337.2886,4675.0244,178258.55,2027.2633,4784.687,3246.719,103065.98,1215.0918,51876.465,135959.03,219962.62,807.96246,84758.234,2321.2834,40627.383,5392.3647,2422.9893,4701.3506,65876.18,2894.6448,4374.624,100073.92,1099.2887,2630.787,122409.37,2527.0854,3268.5352,43424.035,964.40234,4464.374,36507.98,101392.14,1601.6783,2272.2505,141399.77,2091.29,574.07715,66963.81,66935.83,287.4029,1332.9529,44469.273,98723.31,211367.3,52610.324,251889.45,885.0263,2766.205,4031.98,5574.5977,28089.965,977.69275,31364.832,67788.445,48310.59,4142.148,1548.8663,1702.4998,3184.3262,2482.8682,18820.738,234418.75,92893.305,4649.674,4136.552,53982.08,173570.78,37337.117,107219.58,150629.61,127446.13,0,2404.8257,77956.555,2154.0366,1480.1976,83154.78,114354.445,166283.92,4643.199,326159.16,101012.78,1064.8049,3326.5417,152119.52,0,101840.89,90287.05,129405.6,913.98157,22873.283,158098.17,38556.6,1849.2246,1745.621,52969.188,109395.45,310827.8,14147.755,1250.6184,7780.299,140256.34,55420.145,4083.3096,51435.477,1539.3705,137906.5,321845.94,82803.914,4074.5645,37085.777,1528.6,41101.652,75661.04,84458.28,213911.25,29534.248,52794.73,50746.72,238699.5,462337.66,116498.93,433767.75,128387.914,NA
35226,391.28447605989567,7.4434257,area,NA,NA,NA,639,2877,[M-H2O+H]+,NA,8,35270;35229;35258;35262;35253;35226;35242;35243,408.28754,1868.9792,3382.2314,5288.893,6329.586,125.02788,1473.7258,1344.0323,4599.8584,3430.745,5697.67,3026.6685,65350.242,5355.978,5937.954,3673.9556,2442.151,7622.075,1743.1213,6646.027,4506.278,5315.9385,7793.1084,6187.9165,9792.668,7112.555,7805.949,5352.486,3391.2214,3735.4214,3765.6433,7717.104,3880.7173,6750.5303,5640.026,1935.6705,7861.4546,5374.775,1686.328,4873.836,7836.9644,4182.8057,2694.3599,3937.847,6324.857,2488.3213,6973.266,4845.195,2016.5586,4819.654,5551.376,4819.597,2976.2913,3881.956,3663.6313,7658.211,5268.6045,4016.098,2604.7646,7428.8213,2930.1345,4036.392,4714.7783,3067.2134,3048.5798,4158.974,1300.3275,2648.5676,9265.335,5486.338,4248.8955,2900.8042,4209.8447,3758.5989,6160.629,5947.3,6526.1816,3321.0571,2372.6082,5144.9985,1068.5367,3705.742,3992.5723,3713.7998,3343.71,1725.5525,2061.9995,5943.0244,6711.985,2993.3896,5176.6997,5265.5264,7520.012,4341.3,1802.6543,2311.191,8657.82,1680.6606,4010.404,1830.2634,5993.0625,2496.9653,4125.937,3513.7595,2867.089,6367.338,8295.126,4272.5073,1070.684,5091.4956,32758.723,7537.714,2884.6196,4467.0127,12576.384,95778.56,7307.5757,4947.382,2196.217,2419.2703,1461.4705,2410.8213,2522.9075,8575.489,3976.387,93273.44,252402.19,4507.4062,5998.1875,4574.745,1088.913,5029.203,3448.1443,8267.502,7908.347,56112.027,1768.3616,6758.995,3936.7715,6557.8457,4955.8203,2930.087,4689.412,2311.3547,5042.6973,9614.767,2942.3,4587.9634,7397.912,3663.9321,NA
37064,391.2845962849442,8.315015,area,NA,NA,NA,654,2994,[M+H]+,NA,4,37071;37070;37061;37060,390.27783,492.12897,1905.6299,2165.7036,7170.422,1604.853,1717.1649,2363.3325,4773.629,9121.638,5340.121,1684.2034,394.85083,39097.344,7549.286,3772.948,843.1687,18806.4,8018.1553,1718.3162,9557.744,13168.752,5376.7744,9696.389,14488.116,1938.8625,4848.456,5396.501,12523.766,5375.4272,6465.5312,750.69025,13109.649,1383.3402,6558.2266,14993.684,17914.957,5581.733,5984.232,4690.17,11332.148,1615.4144,1004.06854,7409.4214,11368.683,4060.4224,7655.351,8393.361,457.0923,377.13147,28910.26,7458.5,2132.3076,7399.068,2819.5598,4192.0894,5673.8203,13298.088,4670.415,1641.3179,18450.385,857.4453,6667.149,6794.0107,9693.7,1031.593,4633.6094,5270.95,11836.159,25986.201,7482.8613,31271.094,3406.4094,7187.2627,5510.804,3618.786,6564.5776,3034.4182,4332.236,8853.07,8153.198,0,5719.166,4195.5615,2429.4797,3929.445,6751.9165,26784.904,10341.618,5261.2705,6779.7915,17114.135,19340.385,8504.07,16143.178,12584.251,25071.31,0,433.66193,9539.7295,570.41644,6972.7964,6400.9956,19575.863,18492.502,978.68744,36007.57,26377.941,862.4624,5008.8745,15080.612,2297.1316,9652.3,16425.791,14795.618,832.6261,9441.646,13497.996,8949.231,1993.5992,2857.7715,7113.158,9871.798,38291.684,4734.4165,900.473,4187.102,19574.889,7765.078,2102.0713,12197.824,6985.077,12471.465,35395.02,9873.393,4352.278,7783.1353,5675.2363,10124.78,10124.641,7654.646,15652.11,6802.6924,7409.549,10755.777,31800.172,29169.602,4833.116,31792.338,9501.551,NA
44831,392.31486073192747,9.107822,area,NA,NA,NA,476,NA,,NA,NA,,NA,69.9344,249.40955,39.65251,252.43028,158.37212,2299580.8,266.08444,72.0479,51.842453,87.93315,43.256268,34771.45,54.674446,311.71198,114.61089,132.53589,205.75778,221.02756,317.4911,486.94885,418.091,146.1834,286.58307,40.419716,69.188866,82.51544,156.44502,50.703575,31.444916,56.512154,86.19848,277.8694,90.04792,247.5924,167.63187,73.79764,40.766617,0,69.539795,64.739204,117.93186,80.75622,87.51312,136.67838,222.19133,81.94376,142.8267,152.08255,52.578144,890.24976,243.25305,47.358868,58.69745,51.687702,318.68985,569.5179,160.3381,89.55759,0,334.87555,100.59333,29.816929,590.33325,0,64.86931,58.660896,343.3391,63.361145,31.289858,38.453835,146.45824,75.83971,57.104897,54.001713,28.262482,120.39134,98.24527,413.59845,146.49582,108.59738,617.64197,4896.553,180.19174,63.75939,58.97068,146.93362,66.48635,156.79805,199.12534,64.357635,53.282642,284.3573,200.76517,57.03721,0,630.8849,2344.5693,27.972061,115.02573,74.57189,24.187328,40.44651,18.44646,0,27.925678,59.686874,543.29236,120.8546,85.199814,49.618484,51220.195,434.72086,0,572.4981,0,413.38147,53.160316,65.67468,55.248413,31.341442,256.35043,159.91806,136.18507,153.59961,3312120,0,0,185.56653,242.27792,110.572525,89.91031,457.2921,691.5067,22.327145,168.30533,171.02539,107.37257,186.63022,639.7086,153.53075,0,186.13506,131.29959,776.83813,31.774586,576.8818,220.35803,0,124.57283,NA
36373,392.315521435212,8.034324,area,NA,NA,NA,NA,NA,,NA,NA,,NA,0,0,0,0,0,0,0,0,0,0,0,0,27.10254,20.390957,0,0,31.75298,0,0,20.25976,32.331802,0,0,17.477608,0,0,0,0,0,0,0,256.7899,0,10.412426,12.610121,9.374024,0,23.88388,0,0,0,0,0,8.962302,0,0,53.062096,0,0,38.332253,11.221937,0,0,0,15.155391,11.328655,0,0,0,114.39537,0,0,0,0,0,0,0,11.443502,87.05804,8.645214,534.86816,0,0,0,0,39.975563,0,0,0,10.93773,210.71628,0,0,0,0,0,19.855957,0,0,0,24.98451,11.744694,19.784729,12.643602,107.69711,16.566536,0,0,0,178800.69,0,0,12.764963,0,0,33.066982,28.18893,8.834552,0,8.960409,0,0,64.86748,0,0,0,11.369627,0,0,0,0,30.492853,13.26483,21.301737,0,28110.066,11.987225,19.16358,0,31.951057,0,9.88573,13.047897,0,0,10.921488,0,20.804476,13.878611,0,23.67181,0,214.2165,17.177998,0,25.354515,9.574686,77.94532,17.227974,NA
40301,392.31579555203535,8.800689,area,NA,NA,NA,473,NA,,NA,NA,,NA,0,0,0,0,28.43499,92436.6,0,0,53.828236,0,0,0,1110.001,0,0,0,1201.1859,0,0,0,290.0491,0,0,0,0,0,0,0,0,152468.44,0,0,0,0,0,1318.2476,0,0,0,295.93192,0,0,0,262.23026,0,0,284.1881,0,0,0,68.800575,0,0,0,102.47075,0,0,0,26.564857,0,0,0,0,0,0,0,0,249.06409,0,0,545.1782,0,0,0,0,830.8709,0,0,0,76.17198,0,61033.26,0,0,0,0,487.0327,0,0,0,0,0,0,0,0,0,43156.277,0,0,115.21885,0,365.9782,0,0,0,891.4041,278.28775,25.230183,0,707.36096,16653.543,1132.259,0,0,0,0,1032.6774,0,0,0,0,243.3164,0,0,0,91127.52,0,0,0,0,0,0,499.6635,0,0,277.9546,0,0,0,214.76332,0,103.46585,0,0,0,1127.7458,0,0,0,NA
37584,392.3160787912535,8.439328,area,NA,NA,NA,483,3019,[M+H]+,NA,1,37616,391.30891,0,0,0,0,0,14463.514,0,13.978095,0,0,0,0,902.2817,21.01673,0,0,721.5344,26.134308,0,0,354.55814,0,28.472305,23.819546,0,0,0,20.688883,0,0,29597.29,152.50468,0,28.343204,33.734398,61.520622,0,357.3427,0,0,0,0,0,17.397295,60.67151,0,65.33772,0,0,517.14966,10.509164,0,0,0,14.203447,211.70319,108.51492,0,14.432938,31.322132,0,0,30.072605,0,0,0,72.17972,312.62973,186.28607,24.490536,500.17584,0,0,0,0,41.901672,0,0,27.288391,518.9528,0,0,0,0,0,0,232.55997,13.120176,0,0,24.2481,470.04492,174.04062,1091.151,156.5062,175.30498,0,0,0,0,0,0,39.556034,318.7443,195.89792,1384.9591,1796.7903,0,0,66.88746,303169.2,543.7115,328.45612,489.72354,0,0,249.76271,26.567944,0,0,44.67856,360.41766,42.46761,24.388523,37019.023,0,664.1115,0,0,0,0,26.259632,1095.0714,0,0,45.14543,0,33.576454,1031.7395,62.811695,689.1266,0,74.92873,0,23.006477,5847.5005,82.19448,980.93427,3108.987,NA
27408,394.2604150712653,3.660426,area,NA,NA,NA,222,NA,,NA,NA,,NA,0,0,0,0,0,0,0,0,67.48511,0,0,0,328.59747,3358.3088,0,0,3924.8245,3466.0928,1619.343,9972.756,10190.494,0,3946.921,7621.4995,0,0,0,3092.0078,0,0,0,6292.2383,0,1549.5944,18370.35,2610.554,0,5285.2163,0,8245.298,0,0,0,476.05496,0,0,3401.265,0,0,6538.0566,0,0,2863.0374,0,0,5696.4155,3461.5273,0,0,8119.297,0,0,4796.49,21019.387,0,0,81.90731,5942.0747,6979.5312,2201.689,5985.5977,0,0,0,0,115.75333,0,3078.9446,618.0494,1556.1748,1004.97815,0,0,0,0,518.71014,1378.2441,270.62183,0,0,5736.304,2966.6694,408.45166,7390.0723,8338.024,9201.567,0,0,3991.571,0,0,3655.8105,13366.282,46138.434,0,8337.514,4634.811,0,0,5021.724,0,4055.298,20240.244,3797.395,0,191.82935,4575.5596,361.98407,0,0,6900.4014,3869.2402,9668.559,1440.0671,0,0,7347.798,5164.3965,0,5989.7295,0,1763.6531,6339.452,5335.444,0,824.92175,0,3828.0059,6370.748,2306.074,10967.096,5698.8716,450.7617,3031.5999,6651.6436,454.94904,3943.3516,3716.2861,11545.973,NA
43716,405.29960339556817,9.025538,area,NA,NA,NA,192,3575,[M+H]+,NA,2,43729;43703,404.29229,28.37822,88.17641,63.583485,65.59536,56.176826,0,56.82686,115.6571,52.62156,160.63062,31.480415,0,2836.034,277.01288,43.747902,173.65788,1020.49854,41.407784,35.688293,455.00177,0,118.631454,59.955414,394.91992,71.643585,167.76083,104.47398,55.0551,246.61847,157.62521,68.508995,5524.7305,52.79216,33.607548,2384.2656,378.2025,89.89981,6844.8193,71.07185,1198.3159,139.8732,90.45708,129.92094,57.58619,32.80995,31.48705,321.48303,145.05498,70.96077,275.18097,198.97205,51.551285,696.1199,91.89404,155.1097,269.63013,38.075287,84.41142,48.247868,431.53125,114.694016,38.513588,0,64.01623,65.79246,51.51773,71.080185,274.9454,8045.285,888.9787,4810.8594,30.471262,30.214592,51.28129,39.677013,67.23462,55.493492,434.34195,220.0397,76.6067,0,233.73802,99.804474,24.644657,150.07271,230.25514,1326.6387,282.37042,67.892204,113.05246,476.39938,140.48567,170.91441,747.176,35909.27,317.2133,0,77.45591,664.9305,148.87065,62.47074,205.02376,1111.1306,18504.578,150.95596,269.51263,856.5551,28.270126,184.79579,404.62262,0,332.15176,3248.457,951.9124,0,76.75014,293.08374,558.2562,31.956776,45.979485,56.63672,0,3972.6843,257.4342,0,0,17185.33,857.67786,328.83307,94.35575,69.03425,167.77335,4335.574,299.42307,53.07811,153.44046,217.13588,123.79201,123.777954,348.6532,20406.947,646.1293,121.47957,646.7771,116.9243,205.3009,317.88852,19095.467,17071.018,NA
38929,406.29532287850793,8.630872,area,NA,NA,NA,192,3104,[M+NH4]+,NA,7,38919;38929;38945;38950;38930;38924;38949,388.26157,0,0,0,0,11.775185,1416.8182,0,0,87838.99,0,0,0,723087.75,172147.34,0,0,259916.83,118829.62,63756.453,320401.44,193221.77,0,166592.7,325300.5,0,0,0,608979.3,0,0,0,94091.58,0,95819.94,178307.78,229960.12,0,124327.34,0,111927.45,0,0,0,241361.75,0,0,349753.97,0,0,255993.78,0,0,185943.14,0,0,130183.94,239061.38,37.298843,0,523950.44,0,0,193608.4,206449.36,0,0,83929.04,232469.33,282992.84,189072.81,828109.6,0,0,0,0,55975.305,0,139526.38,173377.12,116059.12,66.72923,0,0,0,0,128395.086,494811.8,130088.79,0,0,429589.78,361652.72,75871.734,121538.25,193126.95,343959.6,0,17.110247,339473.47,0,0,114796.1,440557.56,231146.89,0,130319.64,120693.695,0,0,277717.62,0,106076.98,225942.9,226694.03,0,87128.76,245060.1,112616.16,0,0,155647.11,119140.414,617565.7,82167.12,0,0,123510.88,152048.17,0,347609.66,0,358754.22,279655.25,151224.48,0,130861.516,0,179629.56,183817.17,167341.69,193028.08,300456.28,138720.78,143668.8,593702.4,603271.25,319985.84,574024.9,158378.14,NA
33158,407.2796074064589,6.225474,area,NA,NA,NA,290,2780,[M+H]+,NA,1,33162,406.2725,0,0,0,0,0,0,0,0,8946.327,0,0,580.4635,24408.525,7475.3076,0,0,6001.3135,153.05206,13690.932,885.1096,1072.4233,0,5469.605,20732.977,0,0,0,11252.6875,0,336.70316,0,171.91998,0,135.39333,1190.1139,23043.816,0,43634.85,0,479.40225,0,0,0,703.4034,0,0,7242.232,0,0,449.5,0,0,4372.031,0,0,5946.6187,17524.87,0,0,32951.426,0,0,372.10007,1312.939,0,0,3617.5618,9220.958,117.82667,487.8609,3044.0933,0,0,0,0,60.267292,0,1589.8212,1434.1779,11.972345,0,0,0,0,0,4042.7788,5986.476,7688.709,0,0,1926.2014,18244.48,254.17773,15.85708,9234.536,29532.361,80.11503,0,2993.0142,9.537871,0,13281.18,3647.4739,17651.908,0,58644.496,17.140308,0,0,56329.258,0,55.229706,883.58496,53362.62,0,362.12622,4824.719,228.33908,0,0,1469.2356,56.052788,6464.321,85.126495,0,5835.908,43522.38,7454.3374,0,2151.8713,0,5121.6133,752.0007,5047.2163,121.858345,351.3481,0,495.09033,1674.9581,6207.003,6496.783,1478.2836,1478.1609,6940.84,9927.666,6179.5933000000005,7924.6475,25413.258,12506.237,NA
29518,407.2797218045157,4.532486,area,NA,NA,NA,812,2443,[M+H]+,NA,6,29502;29518;29514;29527;29509;29513,406.27231,0,0,0,0,0,0,0,0,641.92554,0,0,0,23660.19,3820.2937,0,0,1165.1456,193.92851,1106.3307,1270.8088,295.58447,0,152.57445,16732.3,0,0,0,2428.466,0,0,0,847.8031,0,36.642,375.25534,5086.263,0,9186.271,0,36.259727,0,0,0,200.8246,0,0,1947.159,0,0,570.3208,0,0,3406.3389,0,0,851.211,4784.893,0,0,42205.695,0,0,169.49007,582.721,0,0,2865.1982,1729.2263,844.28076,839.2064,3495.0557,0,0,0,0,102.61527,0,1126.7716,893.86316,23.867607,1068.7589,0,0,0,0,837.95764,14742.983,820.00037,0,0,2147.3757,6759.183,77.938614,100.51968,3556.0627,38168.03,0,0,46.101173,0,0,1127.8938,4712.1562,10508.868,0,75806.12,128.58784,0,0,3921.9065,0,45.60424,530.72095,12640.709,0,466.47827,1027.8154,54.612934,0,0,542.00806,60.149128,5346.602,24.85802,0,0,43556.895,623.6901,0,1562.05,0,2937.9348,270.77832,110.914314,0,1099.767,0,58.79915,1070.4652,1065.0566,773.3886,1590.6166,84.25797,4207.583,975.5556,1934.3674,1138.927,8264.828,4549.695,NA
31061,407.30090146973487,5.235588,area,NA,NA,NA,409,2581,[M+H]+,NA,1,31067,406.29331,0,0,0,0,0,0,0,0,7041.2876,0,0,0,26344.66,1791.8116,0,0,17731.756,993.026,769.858,11150.144,9353.617,0,11329.717,23708.492,0,0,0,12158.348,0,0,0,44004.02,0,3029.7532,7594.036,5768.3584,0,9021.576,0,39.787056,0,0,0,6878.598,0,0,12537.85,0,0,7822.3125,0,0,1126.3624,0,0,8504.7,355.0029,0,0,31734.896,0,0,8311.619,233.26746,0,0,2333.3896,36.866665,43805.367,10549.216,36013.035,0,0,0,0,959.9127,0,1347.7827,10239.522,45709.54,0,0,0,0,0,283.5389,14382.104,8094.751,0,0,8269.625,5974.729,3107.6604,34365.21,24605.596,24776.137,0,0,27.413517,0,0,655.891,14261.255,8036.821,0,41730.676,15576.643,0,0,5875.96,0,1187.5453,131.4943,2203.3474,0,414.45044,1153.326,1809.5093,0,0,707.3905,10000.332,29644.053,505.70172,0,0,43926.44,1490.0452,0,17567.002,0,8807.384,17964.248,696.46356,0,4707.0713,0,1553.3016,8469.732,10137.998,22591.217,8050.3047,16230.718,2360.091,2421.555,12184.967,4526.7285,29618.928,3538.2236,NA
39795,408.3103567380843,8.785406,area,NA,NA,NA,692,NA,,NA,NA,,NA,0,0,0,0,10.482109,7520.224,9.119896,0,16203.903,0,0,0,189384.05,33866.69,0,0,113343.5,17418.883,8196.268,15706.496,53826.137,0,15159.448,52198.39,0,10.780471,0,42524.344,0,20.526169,0,32405.588,0,31754.705,55626.113,100645.375,0,30328.873,0,47244.63,0,0,0,18707.445,0,11.124908,26353.78,0,0,77766.99,12.034099,10.427991,8853.997,0,10.398781,16118.685,51781.17,0,19.161613,52751.082,21.422655,0,28216.51,25996.773,0,0,17485.693,71485.34,79913.305,15314.704,68731.94,0,0,22.657056999999998,0,11810.221,18.149586,13250.817,28291.66,23159.29,0,25495.611,11.201006,0,0,5251.1978,79667.02,45179.137,0,0,13682.874,57033.855,13137.832,41952.723,55494.99,72626.26,6773.6113,0,47376.516,0,0,33583.355,48697.84,81396.555,0,118320.27,70654.125,0,0,66723.53,4015.8574,73813.805,49464.11,70334.56,0,13600.076,56682.84,14650.358,0,0,21789.86,62547.6,111174.34,34870.56,2495.5386,0,32134.078,21796.549,9.762051,11325.623,0,43632.258,70045.27,64667.855,11.297339,14005.086,0,24828.703,56871.22,45257.57,53780.434,11284.255,27834.672,17273.705,73562.2,130717.85,24538.79,124322.37,47097.836,NA
38550,408.31050204035967,8.593406,area,NA,NA,NA,192,3073,[M+NH4]+,NA,4,38554;38571;38550;38574,390.27708,0,0,0,0,0,7520.224,0,0,45674.934,0,0,1217901.4,646844.7,79674.93,0,0,354383.25,31405.623,16199.3125,40896.336,67774.72,0,43831.688,125489.75,0,0,0,235729.39,0,20.526169,0,126496.79,0,62511.14,157931.44,263031.16,0,106373.68,0,49644.453,0,0,0,76700.71,0,0,111002.25,0,0,141788.36,0,0,55103.18,0,0,41033.637,117671.16,0,0,180594.12,0,0,85524.71,74926.65,0,0,54491.066,114821.34,271659.5,59840.66,330353.84,0,0,0,0,32106.334,0,36725.164,81854.32,57784.223,404.93936,4013.0146,0,0,0,17040.836,295227.47,117867.26,0,0,50437.02,212591.7,44792.16,133170.19,192414.36,151387.5,10230.192,0,94665.984,0,0,107273.6,147168.31,196455.02,0,413644.5,118804.57,0,0,188139.03,52298.754,125424.7,107662.44,161770.98,213282.53,23958.506,198438.45,40396.52,0,0,68261.71,138780.47,375977.38,12213.536,3064732.2,17871.676,168200.78,69823.734,0,56597.637,0,166518.44,392213.56,98874.8,0,42572.29,0,52147.703,94893.86,103909.164,260883.06,25683.043,60540.117,58894.008,278883.44,562836.06,146820.86,510919.88,159376.45,NA
31174,408.3111801771906,5.260971,area,NA,NA,NA,409,2603,[M+NH4]+,NA,5,31159;31152;31089;31174;31151,390.27734,0,9.730465,0,0,6.55986,0,0,0,18608.967,0,9.31806,0,352691.34,47986.57,0,0,185314.62,12613.427,38197.65,272687.25,234441.52,0,124566.44,221042.14,0,0,0,112080.266,0,0,0,313775.88,0,11910.179,92216.35,50054.59,10.123503,153617.95,0,40243.633,0,0,0,43383.375,0,0,186795.78,0,10.127465,72013.09,0,0,35832.086,0,0,89411.07,38636.824,9.49094,0,476626.28,0,0,57340.05,19350.027,10.64818,0,31526.756,64168.383,292911.94,36814.26,1428754.4,0,0,0,0,10079.155,0,16263.592,16161.184,38866.68,0,0,0,15.980966,0,32663.268,247258.02,15410.329,0,17.91874,137923.23,167871.58,49567.895,88914.984,694297.56,205726.5,0,0,31628.39,0,0,5991.265,159944.47,166268.23,0,172779.42,424855.88,0,0,92200.51,0,43583.035,163205.88,11041.824,0,16310.073,150227.38,7633.923,0,1673.6465,65531.953,89658.78,252135.39,113998.02,0,0,312242.84,52152.99,0,93908.25,0,46847.1,131378.17,55182.48,0,14940.774,0,113506.23,308995.78,15214.196,495549.75,27647.703,555631.44,83202.85,57953.97,224189.92,67393.8,873667.7,270227.25,NA
35232,408.3113125939944,7.4520607,area,NA,NA,NA,639,2877,[M-H2O+NH4]+,NA,4,35232;35258;35262;35243,408.28754,0,0,0,0,0,0,0,0,23.425415,0,11.115679,19804.201,120.33335,29.376469,0,0,986.43964,31.998018,13.853928,200.8497,89.618805,0,75.05317,342.4531,0,0,0,174.966,0,0,0,504.6654,0,25.949724,59.464928,320.6441,9.267757,228.74077,0,12.810564,0,0,0,24.337814,0,0,56.755657,0,0,60.60441,0,0,11.725971,0,0,14.410485,56.386135,8.76078,0,347.43292,0,0,15.882853,14.228609,0,0,26.695728,159.95584,61.511917,37.81355,5205.3394,0,0,0,0,9.930842,0,14.2869,13.919286,13.700464,95.4957,0,0,8.111154,0,13.412119,901.3629,182.73601,0,0,112.29286,45.19068,12.140051,36.191887,492.68344,40.477917,0,0,38.06172,0,0,132.55666,152.56674,186.1648,0,696.75415,103.07262,0,0,3523.1138,30.53582,46.20874,29.9814,188.13708,29634.727,11.093105,125.41014,24.206066,0,0,48.42026,41.403236,190.91957,91.510574,36766.242,79171.43,99.360344,41.721775,0,79.40565,0,34.823647,36.277443,191.2818,16175.848,10.279353,0,14.939143,132.3612,59.318672,231.41335,12.196528,361.44702,71.34697,204.7821,197.30711,130.10945,157.40288,102.06529,NA
32462,408.3115731088555,5.793668,area,NA,NA,NA,239,2717,[M+?]+,NA,2,32443;32462,408.31257,8.708327,9.10701,0,0,0,8.234631,0,0,164.12552,0,0,89394.766,9704.204,325.1479,0,0,436.74506,68.02882,306.87402,4879.087,2781.8245,0,179.43347,9320.223,0,0,0,404.86484,0,12.216312,0,1549.2172,0,191.00563,1059.9196,159.00208,9.364171,812.46686,4032.3909,159.69962,0,0,0,63.33729,0,2372.3433,595.8803,0,10.726477,444.21777,0,0,429.1318,0,9.391737,3162.5886,174.04019,16.78899,0,6649.102,11.072534,0,90.64892,544.6139,8.600798,0,142.95312,3376.4153,3235.545,161.95013,13236.109,0,0,0,0,41.533367,6.3452435,62.71719,197.27255,282.98444,0,0,0,0,0,243.48422,3582.1475,152.12936,0,8.994059,1928.7505,2160.6995,218.93878,156.43394,19403.121,2826.6484,0,0,143.72939,0,0,633.1849,1364.3029,4116.2744,0,1442.2751,22992.924,0,0,890.80383,26.948318,224.05939,4992.4966,7655.8145,40116.016,54.468903,2706.9927,54.414246,0,0,244.04556,215.66966,14663.275,617.1094,15481.448,134274.9,9768.516,269.90463,0,210.16052,0,76.33157,1294.1046,559.11676,0,131.9187,9.68927,832.66406,3503.8398,127.721725,4939.465,73.68086,10635.317,2676.3354,125.58327,11368.171,155.78566,41941.37,2344.5728,NA
40642,410.3252823462995,8.780263,area,NA,NA,NA,473,3255,[M+NH4]+,NA,5,40642;40618;40592;40521;40356,392.29259,0,0,0,0,30.56657,1900595.1,0,0,4461.7104,0,0,0,32536.014,4493.3623,0,0,37816.78,2889.394,699.0094,1692.9231,5905.668,0,1522.1783,10440.635,0,0,0,5328.7324,0,22989.125,0,6651.64,0,4668.3755,6681.469,37084.387,0,2204.0886,0,6244.6133,0,0,0,3920.6245,0,0,7368.977,0,0,6821.803,0,0,767.138,0,0,3883.1277,8560.91,0,0,5110.495,0,0,5081.48,4682.946,0,0,462.9712,14379.208,16251.562,3229.6958,8237.909,0,0,0,0,1537.3972,0,2673.0642,3562.6038,6332.888,0,1214189.6,0,0,0,2298.4197,15203.9,10527.969,0,0,1220.252,11776.412,5353.515,7702.181,4803.802,11367.737,3897.9604,0,6009.2866,0,0,11184.821,8254.151,7422.809,16.890284,64298.926,10874.243,0,0,25725.959,371859.9,28909.715,4611.415,16610.502,0,1987.7166,25308.57,1673.5377,0,0,436.51224,24197.562,16425.941,349.03094,164849.25,13520.492,8299.169,1964.573,0,1082.6642,0,5661.5513,17124.797,9482.417,13.1322365,1294.384,0,3218.6245,10233.847,13330.054,12248.591,323.73825,735.8164,1320.2628,7729.1797,25354.473,4119.909,12458.421,6346.3193,NA
32146,412.28445821320383,5.7129765,area,NA,NA,NA,NA,NA,,NA,NA,,NA,0,0,0,0,0,0,0,0,0,0,0,0,0,0,0,0,0,0,0,0,0,0,0,0,0,0,0,0,0,0,0,0,0,0,0,0,0,0,0,0,0,0,0,0,0,179555.81,0,0,0,0,0,0,0,0,0,0,0,0,0,0,0,0,0,0,0,0,0,0,0,0,0,0,0,0,0,0,0,0,0,0,0,0,0,0,0,0,0,0,0,0,0,0,6.343186,0,0,0,0,0,0,0,0,0,0,0,0,0,0,0,0,0,0,0,0,0,0,0,0,0,0,0,0,0,0,0,0,158955.1,0,0,0,0,0,0,0,0,0,0,0,0,0,0,0,0,0,0,0,0,0,0,0,NA
36931,414.29964443336513,8.25546,area,NA,NA,NA,614,2980,[M-2H2O+H]+,NA,2,36931;36935,449.3141,0,0,0,0,0,832.81934,0,0,0,0,0,0,0,0,0,0,0,0,0,0,0,0,0,0,0,0,0,0,0,0,330093.53,0,0,0,0,0,9536.747,0,0,0,0,0,0,0,0,11.46166,0,0,0,0,0,0,0,0,0,0,0,0,0,0,0,0,0,0,0,0,0,0,0,0,0,0,0,0,0,0,0,0,0,0,0,0,0,0,0,0,0,0,0,13.698175,0,0,0,0,0,0,0,0,0,0,0,0,0,0,0,0,0,0,0,0,1121462.9,0,0,0,0,0,0,0,0,0,0,0,0,0,0,10275.997,0,0,0,0,0,0,0,0,0,0,0,0,0,0,0,0,0,0,0,0,0,0,0,NA
32466,414.30023335025294,5.8337545,area,NA,NA,NA,NA,NA,,NA,NA,,NA,0,0,0,0,0,0,0,0,0,0,0,0,0,0,0,0,0,0,0,0,0,0,0,0,0,0,0,0,0,0,0,0,0,0,0,0,0,0,0,0,0,0,0,0,0,0,0,0,0,0,0,0,0,0,0,0,0,0,0,0,0,0,0,0,0,0,0,0,0,0,0,0,0,246661.27,0,0,0,0,0,0,0,0,0,0,0,0,0,0,0,0,0,0,0,0,0,0,0,0,0,0,0,0,0,0,0,0,0,0,0,0,0,0,0,0,0,0,0,0,0,0,0,0,0,0,0,179858.67,0,0,0,0,0,0,0,0,0,0,0,0,0,0,0,0,0,0,0,0,0,0,0,NA
36263,414.3005437435162,7.9381175,area,NA,NA,NA,817,NA,,NA,NA,,NA,0,0,0,0,0,0,0,0,0,0,0,0,0,0,0,0,0,0,0,0,0,0,0,0,0,0,0,0,0,0,766.6349,0,0,0,0,0,810131.94,0,0,0,0,0,0,0,0,0,0,0,0,0,0,0,0,0,0,0,0,0,0,0,0,0,0,0,0,0,0,0,0,0,0,0,0,1610.726,0,0,0,0,0,0,0,0,0,0,0,0,0,0,0,0,0,0,0,0,0,0,0,0,0,0,0,0,0,0,0,0,0,0,0,0,0,0,0,0,0,0,0,0,0,0,0,0,0,0,0,478384.94,0,0,0,0,0,0,0,0,0,0,0,0,0,0,0,0,0,0,0,0,0,0,0,NA
21081,415.222879102398,2.4752815,area,NA,NA,NA,623,1666,[M+H]+,NA,3,21081;21089;21048,414.21595,0,0,0,0,0,0,0,0,15719.377,0,0,0,12276.588,26377.81,0,0,24261.707,10171.772,7202.874,15197.204,15039.576,0,16472.877,48045.23,0,0,0,28289.586,0,0,0,2113.2798,0,15596.279,12975.663,39477.96,0,47564.977,0,34129.21,0,0,0,1974.9573,0,0,13443.137,0,0,10558.677,0,0,4003.0488,0,0,12272.66,23787.35,0,0,13786.043,0,0,11134.071,30619.26,0,0,31279.162,70504.49,5248.9746,28901.414,14246.17,0,0,0,0,14181.971,0,46088.11,18907.385,1753.1414,0,0,0,0,0,28317.55,11442.893,53333.17,0,0,17551.049,3996.5537,5237.265,355.9009,18292.543,1568.9601,0,0,45979.43,0,0,40258.844,32598.994,36707.867,0,4079.9868,373.303,0,0,49030.727,0,9917.891,137301.98,40948.953,0,23517.074,22084.535,23723.43,0,0,18574.293,5609.487,13517.988,16000.658,0,0,2145.241,40192.355,0,18202.361,0,3620.7056,4062.954,80647.72,0,26665.244,0,12894.423,25622.635,15261.735,50306.914,17147.738,75370.68,14783.715,5532.669,25251.203,22680.537,41172.434,99948.055,NA
41415,416.3156053417165,8.844988,area,NA,NA,NA,NA,NA,,NA,NA,,NA,0,0,0,0,0,0,0,0,0,0,0,0,0,0,0,0,0,0,0,0,0,0,0,0,0,0,0,0,0,0,0,0,0,0,0,0,0,0,0,0,0,0,0,0,70646.375,0,0,0,0,0,0,0,0,0,0,0,0,0,0,0,0,0,0,0,0,0,0,0,0,0,0,0,0,0,0,0,0,0,0,0,0,0,0,0,0,0,0,0,0,0,0,0,0,0,0,0,0,0,0,0,0,0,0,0,0,0,0,0,0,0,0,0,0,0,0,0,0,0,0,0,0,0,0,0,0,161609.22,0,0,0,0,0,0,0,0,0,0,0,0,0,0,0,0,0,0,0,0,0,0,0,NA
41595,417.296271029826,8.859457,area,NA,NA,NA,NA,NA,,NA,NA,,NA,0,0,0,0,0,0,0,0,9135.543,0,0,0,24789.268,5286.505,0,0,13325.045,11178.511,13674.689,18037.137,29586.467,0,14486.32,17266.992,0,0,0,8258.573,0,0,0,19374.695,0,10468.908,22514.4,11905.575,0,52296.83,0,8496.697,0,0,0,14475.356,0,0,42252.605,0,0,9986.73,0,0,13816.17,0,0,14883.084,5549.835,0,0,55998.426,0,0,24353.857,14003.512,0,0,20252.613,13866.094,20532.338,40517.367,53977.45,0,0,0,0,13762.274,0,6165.622,17758.805,36445.99,0,0,0,0,0,11910.32,19685.488,3935.8345,0,0,21161.613,14583.822,8903.139,26776.684,33235.117,19237.67,0,0,8778.209,0,0,2057.6118,44312.758,43459.277,0,18882.94,12828.818,0,0,8436.546,0,10582.771,20647.4,46891.44,0,7854.1055,9024.634,6393.6694,0,0,18683.146,23526.502,24305.24,16651.916,0,0,31223.227,5652.4697,0,46740.074,0,19826.717,6601.0073,19006.928,0,19721.232,0,30585.889,13338.027,2959.1484,16832.486,9722.922,39974.895,15467.192,15452.883,43981.51,31041.605,38247.78,18517.861,NA
30666,422.28948075103455,5.0476418,area,NA,NA,NA,242,2558,[M+NH4]+,NA,2,30653;30666,404.25591,0,0,0,0,0,0,0,0,3831.9849,0,0,0,10289.566,5475.992,0,0,1674.2322,201.7152,567.0295,2182.914,1316.2565,0,11797.572,798.937,0,0,0,9724.339,0,0,0,99.79097,0,12.79372,1137.3962,7140.39,0,13737.75,0,580.834,0,0,0,146.21138,0,0,5212.1475,0,0,249.92168,0,0,2912.053,0,0,3417.2458,5903.8823,0,0,6119.8706,0,0,398.76453,5522.7407,0,0,6880.577,2038.2415,21.91446,3390.7693,5642.463,0,0,0,0,13.904068,0,7170.158,660.5127,20.602156,0,0,0,0,0,6073.1104,2432.8972,4873.6255,0,0,3573.367,748.4987,13.242035,40.175446,3431.9028,1119.9421,0,0,1687.5887,0,0,5131.079,4540.3364,3152.9443,0,116.49225,17.255558,0,0,22930.979,0,14.566444,504.23062,40482.76,0,696.24744,1326.4393,148.3542,0,0,1268.0293,71.65152,647.4939,69.149925,0,0,348.06027,5063.0034,0,2635.8247,0,3895.2488,452.49774,193.63103,0,2122.9277,0,605.6713,5913.7314,941.58185,3055.957,5069.865,618.0302,3835.5022,3508.8408,9423.07,8476.113,26212.219,2351.9954,NA
32626,422.2898420931956,5.979705,area,NA,NA,NA,NA,NA,,NA,NA,,NA,0,0,0,0,0,0,0,0,5110.5195,0,0,307.98145,8811.922,9710.114,0,0,2200.3738,4129.2734,6526.673,12770.648,1041.6738,0,39192.812,8936.424,0,0,0,23438.441,0,0,0,164.9048,0,87.696236,3333.3052,6929.3228,0,86492.1,0,538.18463,0,0,0,348.08667,0,0,13585.636,0,0,627.61273,0,0,9550.626,0,0,6839.5312,5587.9985,0,0,30037.887,0,0,1272.9514,7550.4653,0,0,8020.3535,7674.9907,348.47125,7371.214,8299.399,0,0,0,0,23.168545,0,14469.325,539.6598,24.891329,0,0,0,0,0,11541.025,1781.2397,12732.082,0,0,21449.963,620.7973,8.471752,59.733204,20325.068,3758.4045,0,0,6494.4746,0,0,7245.107,6666.264,18105.02,0,1401.8959,17.668665,0,0,122776.02,0,60.537563,7357.514,17456.277,0,558.05444,947.8452,1155.4368,0,0,6900.3994,70.42963,2136.343,704.08765,0,9813.398,11947.32,24604.176,0,15497.947,0,7199.0366,498.98895,8669.814,0,6298.241,0,6025.352,5895.464,1200.0094,13943.02,7429.3755,1270.5118,16862.316,9041.198,4867.218,16898.473,76538.06,16058.245,NA
30143,422.3114661379153,4.806383,area,NA,NA,NA,455,2500,[M+NH4]+,NA,3,30205;30181;30143,404.27764,527.4895,574.5902,451.2298,710.9332,396.12216,207.03685,1253.8761,195.3647,27710.572,379.8267,400.16162,395.59714,107298.19,92841.95,64.30649,183.50732,97551.5,72751.83,41862.293,122927.016,71022.31,524.21594,54214.633,159020.72,182.96419,451.1613,681.424,83222.9,460.1605,103.055984,649.57654,160767.7,198.86063,60041.86,126945.375,87551.51,110.75234,70931.7,210.79065,69769.77,727.84814,899.11456,599.8664,64057.64,370.811,275.35532,51958.69,296.50827,358.7453,121459.15,515.2881,520.5826,25448.979,436.73572,462.4222,71886.06,41727.066,303.6731,189.237,88271.19,406.42807,342.96356,109756.766,91556.05,369.8302,364.14197,57199.99,70201.98,108394.03,50220.77,63898.938,576.0754,100.00424,469.49597,346.45596,39331.88,867.83575,81747.64,118148.61,87800.19,0,448.309,228.11156,566.3592,233.58064,46428.88,63181.754,84223.96,420.40073,761.67456,98022.59,57863.098,62810.695,99783.125,74472.445,123962.91,238.86139,255.18878,82493.016,83.50407,555.666,56978.47,69112.28,173812.11,259.60324,94543.58,133492.23,890.60596,686.0818,93304.24,240.99976,109166.27,165674.53,99470.15,108.89571,32644.225,85490.22,62306.28,343.53827,285.35754,102110.66,81735.945,144635.3,50253.227,630.5889,614.86523,185843.88,111443.87,305.98807,74325.12,606.3071,120440.76,92878.64,168463.12,635.4444,80487.86,353.22946,73884.01,111558.42,85090.79,148201.36,94371.8,116609.84,63856.02,89687.3,54634.688,107655.04,73565.28,79482.414,NA
43729,422.326076703668,9.025379,area,NA,NA,NA,192,3575,[M+NH4]+,NA,3,43716;43729;43703,404.29229,0,0,0,0,0,761.5675,0,0,0,0,0,483.7851,10618.729,397.27405,0,0,3632.8093,0,0,145.77255,248.58734,0,0,1884.1844,0,0,0,995.54297,0,0,0,21641.621,0,447.10675,8513.634,1779.5504,0,23199.504,0,1322.7794,0,0,0,88.298004,0,0,1849.3904,0,0,1172.7872,0,0,883.3242,0,0,51.67157,0,0,0,3505.6082,0,0,0,728.58215,0,0,1186.1135,412.83838,28223.12,3483.1296,20985.96,0,0,0,0,179.5553,0,1512.6224,227.38214,1152.3762,0,0,0,0,0,348.35864,4969.75,1093.7263,0,0,1416.0122,1871.1589,106.83937,2714.972,150767.75,627.89215,0,0,1155.5155,0,0,44.199524,4225.9663,80350.4,0,2626.2078,3638.5107,0,0,816.96515,5524.3496,1253.8402,12125.396,4949.6313,0,0,2596.1704,1662.1522,0,0,1013.341,1374.8989,12275.096,85.89613,21186.602,0,64718.95,2839.2407,0,0,0,492.37317,13418.298,43.270985,0,0,0,249.08774,21.3172,558.6807,79757.98,1288.5276,0,1071.7849,2220.2778,1955.567,2537.1394,89578.445,75376.63,NA
30163,424.305149417997,4.8084865,area,NA,NA,NA,455,2493,[M+NH4]+,NA,3,30163;30117;30113,406.27221,0,0,0,0,0,0,0,0,213.77333,0,0,0,17594.764,2860.0002,0,0,16165.888,58.952705,150.03127,11488.989,7405.4766,0,1607.882,14681.788,0,0,0,5261.905,0,0,0,17543.455,0,191.65483,1661.2627,1747.1484,0,3442.1248,0,186.15984,0,0,0,1218.8958,0,0,5851.188,0,0,10065.1045,0,0,1986.5175,0,0,2533.9878,1447.5731,0,0,25213.17,0,0,460.02417,34.684658,0,0,33.228203,2374.8171,17570.307,536.6951,48596.492,0,0,0,0,492.81476,0,91.173035,78.68082,3541.5786,0,0,0,0,0,185.16692,18343.7,158.941,0,0,9262.183,9417.698,1494.4436,7818.598,15706.841,11204.387,95.16987,0,100.23736,0,0,51.299107,6747.871,3802.4578,0,9587.5205,20411.56,0,0,8804.858,0,3297.7112,9572.579,331.79977,0,19.487246,5450.5166,93.07381,0,0,1187.1412,6545.866,13557.665,1842.3518,0,0,11358.4375,168.70477,0,4421.473,0,3788.6438,13762.107,71.031944,0,508.34256,0,3654.4736,9291.648,172.54901,15487.151,166.77776,16809.24,2546.0583,2526.382,8560.344,970.6235,19569.621,6012.896,NA
34184,424.305885708841,6.734979,area,NA,NA,NA,NA,NA,,NA,NA,,NA,0,0,0,0,0,0,0,0,346.82034,0,0,2054.2822,4198.1333,224.23724,0,0,8656.919,14.033414,84.60932,1147.2228,422.5862,0,240.72757,4969.922,0,0,0,4371.627,0,0,0,926.6124,0,68.18407,516.413,5054.241,0,536.6442,0,173.6287,0,0,0,1032.1372,0,0,3851.0396,0,0,1727.1823,0,0,124.53098,0,0,188.32077,1185.6592,0,0,6442.8955,0,0,552.10425,269.71973,0,0,28.040401,5138.5386,888.03296,280.8203,1188.3906,0,0,0,0,16.337803,0,200.6305,217.65529,264.63712,143.04305,8.108055,0,0,0,97.75524,1339.8197,90.30463,0,0,316.32147,3224.0261,46.748615,484.10324,2474.9502,2900.501,0,0,622.2037,0,0,94.68274,3641.5964,2725.187,0,8321.8955,1496.0017,0,0,10109.798,7.362922,1752.561,1643.6267,3845.847,3432.9966,15.236006,3604.7903,73.6901,0,0,659.25793,1044.8881,6050.9453,98.87148,3567.546,49101.105,718.9709,175.38132,0,419.29456,0,887.9418,3429.2397,1050.5746,4894.569,44.299923,0,599.4038,3727.527,646.30914,4113.647,71.245544,66.91481,344.42896,2591.051,398.50717,1627.7919,1608.1406,737.62573,NA
34815,424.3060460920013,7.1705527,area,NA,NA,NA,680,2847,[M+NH4]+,NA,3,34803;34794;34815,406.27254,0,0,0,0,0,0,0,0,4610.135,0,0,16848.943,10423.078,8882.75,0,0,15013.364,4937.4624,8915.624,7604.307,9427.009,0,15839.714,15634.346,0,0,0,27759.684,0,0,0,811.5242,0,1342.2096,7228.7744,23436.842,0,50689.195,0,9389.331,0,0,0,2740.8176,0,0,8815.327,0,0,5733.3745,0,0,4294.7427,0,0,4576.9927,8397.89,0,0,27247.656,0,0,4592.938,11301.043,0,0,4140.6465,38698.035,4169.0396,8444.675,10250.453,0,0,0,0,551.34906,0,8470.2,4267.905,813.3358,0,10.9658,0,0,0,4303.664,5951.9214,23714.91,0,0,11603.411,7301.3145,530.4954,3178.2375,17447.477,8530.682,0,0,16745.867,0,0,11453.417,16692.47,28948.422,0,13749.249,602.5093,0,0,288988.34,0,4618.618,22266.707,33612.887,1209.6082,2538.9756,10913.278,5300.0815,0,0,9333.193,1720.1669,10770.738,2141.9255,956.07776,123358.62,10144.9,24856.836,0,8350.778,0,6525.8887,7664.296,36334.984,1525.0037,4795.155,0,10295.814,14411.971,4985.961,19832.906,9277.818,5680.621,11560.073,31886.375,4864.4707,11718.413,38725.965,20087.068,NA
32861,424.3061046832213,6.0553403,area,NA,NA,NA,33,NA,,NA,NA,,NA,0,0,0,0,0,0,0,0,9617.567,0,0,14867.213,26845.285,13722.265,0,0,38301.453,11558.13,7012.1943,15863.391,8762.73,0,20266.662,28175.53,0,0,0,33377.2,0,10704.142,0,8080.981,0,7510.373,20133.984,49756.98,0,60511.13,0,6230.404,0,0,0,9279.373,0,0,11571.708,0,0,18506.434,0,0,11046.146,0,0,9310.377,19635.86,0,0,44243.79,0,0,14158.721,9939.312,0,0,21993.285,30690.193,14136.45,18783.385,31411.79,0,0,0,0,5692.836,0,10099.205,15457.626,17683.479,0,0,0,0,0,6843.447,8768.107,25260.395,0,0,19364.623,6564.4414,2438.3765,11835.39,42980.78,24491.697,939.8262,0,13656.013,46.729992,0,21667.908,17575.434,42649.605,0,26466.895,14116.876,0,0,179662.8,0,6258.7183000000005,23946.086,86645.01,1241.9567,9661.465,9758.396,3628.391,0,132.82275,5030.5664,7714.9824,26268.705,3110.9333,3059.3987,79279.24,28197.795,13120.007,0,13470.587,0,14032.492,15366.48,19841.148,3184.6936,15619.5205,0,16477.383,43995.055,8101.1523,48144.07,4766.35,15897.147,16105.667,35304.63,34474.2,18194.484,56925.12,37075.11,NA
33159,424.3061292150051,6.1812887,area,NA,NA,NA,NA,NA,,NA,NA,,NA,0,0,0,0,0,0,0,0,10649.33,0,0,383.60773,26996.441,9755.95,0,0,7658.926,1064.0743,14409.62,1329.0901,2923.5684,0,11739.253,21533.553,0,0,0,13050.363,0,2577.752,0,462.60355,0,293.30823,5892.5405,28933.945,0,47878.016,0,1397.5286,0,0,0,648.8944,0,0,8273.365,0,0,2122.25,0,0,4589.3955,0,0,5979.2407,18958.154,0,0,35256.504,0,0,1304.8213,6192.1914,0,0,5594.5146,10642.54,1517.8917,696.16034,2734.3032,0,0,0,0,680.29535,0,1588.7117,592.61084,820.4369,0,0,0,0,0,4621.5664,8084.5996,11652.596,0,0,2496.4517,19630.836,269.40085,781.70996,11683.38,33508.24,204.99118000000001,0,5478.322,22.664305,0,14378.814,10594.881,19386.188,0,63428.23,2839.3005,0,0,83207.67,0,1013.0545,4642.002,62257.668,0,436.35583,5089.28,253.79312,0,0,1700.5645,110.77852,7513.5864,256.39795,0,10506.439,43704.34,8545.888,0,2298.7808,0,6739.443,1750.6594,10676.35,668.6161,1287.4059,0,2341.8142,9763.126,8148.335,9232.956,1025.4283,1347.797,7155.5576,7852.6875,10087.713,9205.764,28503.365,15020.578,NA
29502,424.30635338271816,4.524808,area,NA,NA,NA,812,2443,[M+NH4]+,NA,6,29518;29502;29514;29527;29509;29513,406.27231,0,0,0,0,0,0,0,0,858.74,0,0,0,20734.998,3171.5269,0,0,1792.3864,178.39021,788.1999,820.10925,135.67514,0,295.86957,13150.899,0,0,0,1522.9028,0,0,0,707.62036,0,17.555058,1216.6863,3425.3154,0,7058.052,0,207.46277,0,0,0,146.63702,0,0,1739.5189,0,0,451.43112,0,0,3005.9993,0,0,1055.432,3180.1687,0,0,39389.527,0,0,41.566772,460.2642,0,0,2272.1606,232.16483,133.4034,491.4998,1893.3832,0,0,0,0,16.963047,0,1154.9888,1328.7778,30.066769,0,0,0,0,0,353.67584,12241.505,354.93054,0,0,1349.3333,4609.4263,93.0082,163.23442,3845.2734,34632.438,0,0,184.91045,0,0,505.09106,2897.9116,8056.568,0,70697.3,40.607742,0,0,2794.8982,0,44.859043,151.09288,9286.317,0,154.8072,1505.7869,19.667263,0,0,366.02426,35.609547,2916.2432,57.82804,0,0,39880.05,1086.6321,0,1437.6393,0,2245.1062,1043.6821,146.57402,0,1173.8154,0,402.2291,941.83075,1170.0492,520.5299,1065.8083,210.1688,2759.3125,1126.1176,1466.3724,741.87085,5295.936,3306.3354,NA
45115,424.3413604531325,9.123058,area,NA,NA,NA,192,3698,[M+NH4]+,NA,2,45033;45115,406.30843,0,0,0,0,0,24081.637,0,0,0,0,0,0,23.352083,0,0,0,0,0,19.7211,0,0,0,0,47.40707,0,0,0,0,0,0,0,0,0,0,0,0,0,0,0,0,0,0,0,0,0,0,0,0,0,0,0,0,0,0,0,0,0,0,0,0,0,0,0,0,0,0,0,0,0,0,0,0,0,0,0,0,0,0,0,0,0,0,0,0,0,0,0,0,0,0,0,0,0,0,0,0,542.5005,0,0,0,0,36.858124,0,0,0,0,0,0,0,0,96838.74,0,0,0,0,0,32.155975,0,0,0,0,0,0,0,390317.9,0,305.3487,0,0,0,0,0,18.109312,22.298754,0,0,0,0,0,0,0,0,0,0,0,0,0,0,0,NA
33065,426.2998969781048,6.177623,area,NA,NA,NA,NA,NA,,NA,NA,,NA,0,0,0,0,0,0,0,0,0,0,0,0,0,0,0,0,0,0,0,0,0,0,0,0,0,0,0,0,0,0,0,0,0,0,0,0,0,0,0,0,0,0,0,0,0,0,0,0,0,0,0,0,0,0,0,0,0,0,0,0,0,0,0,0,0,0,0,0,0,0,0,0,0,0,0,0,0,0,0,0,0,0,0,0,0,0,0,0,0,0,0,0,0,0,0,0,0,0,0,0,0,0,0,0,0,0,0,0,0,0,0,0,0,0,0,0,0,0,0,0,0,0,0,0,0,109270.04,0,0,0,0,0,0,0,0,0,0,0,0,0,0,0,0,0,0,0,0,0,0,0,NA
37397,428.3158972077472,8.409197,area,NA,NA,NA,NA,NA,,NA,NA,,NA,0,0,0,0,0,0,0,0,0,0,0,0,0,0,0,0,0,0,0,0,0,0,0,0,0,0,0,0,0,0,0,0,0,0,0,0,0,0,0,0,0,0,0,0,0,0,0,0,0,0,0,0,0,0,0,0,0,0,0,0,0,0,0,0,0,0,0,0,0,0,0,0,0,0,0,0,0,0,0,0,0,0,0,0,0,0,0,0,0,0,0,0,0,0,0,0,0,0,0,0,0,0,0,0,0,0,0,0,0,0,0,0,0,0,0,0,0,0,0,0,0,0,0,0,0,501252.72,0,0,0,0,0,0,0,0,0,0,0,0,0,0,0,0,0,0,0,0,0,0,0,NA
37984,428.3164741293419,8.510935,area,NA,NA,NA,NA,NA,,NA,NA,,NA,0,0,0,0,0,1212.8044,0,0,0,0,0,0,0,0,0,0,0,0,0,0,0,0,0,0,0,0,0,0,0,0,0,0,0,0,0,0,0,0,0,0,0,0,0,0,0,0,0,0,0,0,0,0,0,0,0,0,0,0,0,0,0,0,0,0,0,0,0,0,0,0,0,0,0,0,0,0,0,0,0,0,0,0,0,0,0,0,0,0,0,0,0,0,0,0,0,0,0,0,0,0,0,0,0,0,0,0,0,0,0,0,755144.7,0,0,0,0,0,0,0,0,0,0,0,0,0,0,0,0,0,0,0,0,0,0,0,0,0,0,0,0,0,0,0,0,0,0,0,0,0,0,NA
33403,428.31668254773854,6.402312,area,NA,NA,NA,NA,NA,,NA,NA,,NA,0,0,0,0,0,0,0,0,0,0,0,0,0,0,0,0,13.290396,9.275699,0,14.794074,41.705452,0,10.539278,12.319454,0,0,0,0,0,0,0,0,0,0,11.27288,0,0,0,0,0,0,0,0,0,0,0,39.96116,0,0,0,0,0,0,0,0,13.546025,0,0,0,84.53403,0,0,29.545818,25.295547,0,0,0,0,0,14.790485,0,0,0,0,0,0,0,10.659615,0,0,0,0,0,0,0,0,0,0,0,0,0,0,0,0,0,0,0,0,0,0,0,64.65114,9.653864,0,0,0,0,0,0,0,0,0,0,21.57192,0,0,0,0,0,0,93.0032,10.45988,0,0,0,184585.61,0,0,0,33.946495,0,0,0,0,0,11.429915,0,0,0,0,0,0,0,0,0,0,0,0,0,NA
32471,430.2937667764373,5.8219647,area,NA,NA,NA,NA,NA,,NA,NA,,NA,0,0,0,0,0,0,0,0,15.359988,0,0,48773.65,181.16832,0,0,0,0,0,0,0,0,0,0,0,0,0,0,0,0,0,0,0,0,0,0,0,0,0,463.61472,0,0,0,0,0,0,269433.34,0,0,0,0,0,0,0,0,0,33.207756,0,0,0,0,0,0,0,26.773674,0,0,0,0,0,0,301.08676,0,0,0,0,0,0,0,23.540348,0,0,0,0,0,0,0,0,11.676268,0,0,0,0,16.21354,0,0,0,0,0,0,0,0,25.353973,0,0,0,0,0,0,0,44.771133,0,0,0,4169.681,7879.018,0,0,0,0,0,0,0,0,0,5079.736,186050.56,0,0,0,0,0,0,0,0,0,0,0,0,0,0,0,0,541.7923,0,0,1829.8661,0,169.43088,0,NA
35151,430.31688417389466,7.386058,area,NA,NA,NA,NA,NA,,NA,NA,,NA,0,0,0,0,0,0,0,0,2689.654,0,0,0,13143.962,2799.715,0,0,1717.6863,489.1592,1014.85876,3634.0803,863.51196,0,5369.0347,5102.948,0,0,0,3908.3633,0,0,0,441.75394,0,852.3812,2687.0898,1378.914,0,3005.047,0,15422.1455,0,0,0,1760.4436,0,0,8826.191,0,0,13893.393,0,0,581.07367,0,0,3299.105,628.0946,0,0,1025.024,0,0,5394.508,7753.1475,0,0,14294.576,49939.305,569.17084,16479.412,12492.125,0,0,0,0,95.41897,0,3199.3386,127.88316,5618.7856,0,0,0,0,0,2237.2227,19405.057,16777.79,0,0,672.91223,251.8282,914.3004,1773.0981,478.09552,1197.7917,0,0,24793.85,0,0,10935.427,1383.6018,6423.849,0,800.8555,4846.626,0,0,18723.81,0,4642.8237,52344.94,322.47314,0,4755.9604,7366.9253,700.0277,0,0,9332.553,1382.7513,398.9262,17677.863,0,0,1308.0726,33247.47,0,1310.9816,0,3918.8474,1315.5896,52324.227,0,5107.2383,0,30167.086,12988.509,3874.3005,7611.667,3889.0369,24237.28,996.94653,113.099754,15855.613,11982.537,18368.13,36778.363,NA
42247,430.3312041850442,8.913277,area,NA,NA,NA,NA,NA,,NA,NA,,NA,0,0,0,0,0,0,0,0,0,0,0,0,0,0,0,0,0,0,0,0,0,0,0,0,0,0,0,0,0,0,0,0,0,0,0,0,0,0,0,0,0,0,0,0,0,0,0,0,0,0,0,0,0,0,0,0,0,0,0,0,0,0,0,0,0,0,0,0,0,0,0,0,0,0,0,0,0,0,0,0,0,0,0,0,0,0,0,0,0,0,0,0,0,0,0,0,0,0,0,0,0,0,0,0,0,0,0,0,0,0,0,0,0,0,0,0,0,0,0,0,0,0,0,0,0,447093.84,0,0,0,0,0,0,0,0,0,0,0,0,0,0,0,0,0,0,0,0,0,0,0,NA
36918,432.31079913083096,8.235568,area,NA,NA,NA,614,2980,[M-H2O+H]+,NA,1,36935,449.3141,0,0,0,0,0,7645.4443,0,0,0,0,0,0,0,0,0,0,0,0,0,0,0,0,0,0,0,0,0,0,0,0,600348.25,0,0,0,0,0,20344.885,0,0,0,0,0,0,0,0,33.052456,0,0,0,0,0,0,0,0,0,0,0,0,0,0,0,0,0,0,0,0,0,0,0,0,0,0,0,0,0,0,0,0,0,0,0,0,0,0,0,0,0,0,0,0,0,0,0,0,0,0,0,0,0,0,0,0,0,0,0,19.125542,0,0,0,0,2102996.8,0,0,0,0,0,0,0,0,0,0,0,0,0,0,6799.6377,0,0,0,0,0,0,0,0,0,0,0,0,0,0,0,0,0,0,0,0,0,0,0,NA
36311,432.31091707897394,7.9443903,area,NA,NA,NA,817,2952,[M-H2O+H]+,NA,2,36311;36315,449.31427,0,0,0,0,0,0,0,0,0,0,0,0,0,0,0,0,0,0,0,0,0,0,0,0,0,0,0,0,0,0,2056.075,0,0,0,0,0,1693341.1,0,0,0,0,0,0,0,0,11.293291,0,0,0,0,0,0,0,0,0,0,0,0,0,0,0,0,0,0,0,0,0,0,0,0,0,0,0,5706.3877,0,0,0,0,0,0,0,0,0,0,0,0,0,0,0,0,0,0,0,0,0,0,0,0,0,0,0,0,0,0,0,0,0,0,0,0,0,0,0,0,0,0,0,0,0,0,0,0,0,0,0,1056854.6,0,0,0,0,0,0,0,0,0,0,0,0,0,0,0,0,0,0,0,0,0,0,0,NA
32444,432.3109587228647,5.829627,area,NA,NA,NA,NA,NA,,NA,NA,,NA,0,0,0,0,0,0,0,0,0,0,0,0,0,0,0,0,0,0,0,0,0,0,0,0,0,0,0,0,0,0,0,0,0,0,0,0,0,0,0,0,0,0,0,0,0,0,0,0,0,0,0,0,0,0,0,0,0,0,0,0,0,0,0,0,0,0,0,0,0,0,0,0,0,454394.78,0,0,0,0,0,0,0,0,0,0,0,0,0,0,0,0,0,0,0,0,0,0,0,0,0,0,0,0,0,0,0,0,0,0,0,0,0,0,0,0,0,0,0,0,0,0,0,0,0,0,0,333551.16,0,0,0,0,0,0,0,0,0,0,0,0,0,0,0,0,0,0,0,0,0,0,0,NA
41446,434.3244672279995,8.852493,area,NA,NA,NA,746,NA,,NA,NA,,NA,0,0,0,0,0,0,0,0,50.21795,0,0,0,308.7266,108.34051,0,0,1313.7737,71.847626,128.72684,0,74.99245,0,107.68565,631.47205,0,0,0,262.0014,0,0,0,424.2633,0,199.85275,1621.0547,300.06207,102.51391,0,0,231.84784,0,0,0,148.60101,232310.38,0,195.28325,0,0,0,0,0,104.09863,0,0,86.183914,151.5176,0,0,883.43146,0,0,0,230.48878,0,0,439.43475,426.0775,0,698.23035,613.8022,0,0,31.957676,0,50.444595,0,398.47504,886.0375,484.7979,0,0,0,0,0,1852.6766,371.8502,0,0,0,335.2384,578.49243,234.52582,0,321.71326,264.66254,0,0,100.52262,0,0,0,296.04364,940.99744,0,320.11646,156.90628,0,0,179.86917,0,61.561913,0,0,0,137.36868,102.56485,181.51685,0,0,244.79257,198.50906,960.87805,323.4743,0,533298.2,1247.3379,241.10516,0,401.42487,0,295.70856,0,814.2612,0,0,0,1446.2334,249.93274,0,343.52277,100.61884,1318.7233,0,248.37451,265.64407,832.11206,1185.0797,389.39725,NA
36102,436.3425576825576,7.793775,area,NA,NA,NA,NA,NA,,NA,NA,,NA,0,0,0,0,0,0,0,0,0,0,0,104417.23,0,0,0,0,0,0,0,0,0,0,0,11.704109,0,0,0,0,0,0,0,0,0,0,0,0,0,0,0,0,0,0,0,0,0,0,0,0,0,0,0,0,0,0,0,0,0,0,0,0,0,0,0,0,0,0,0,0,0,0,8.235451,0,0,0,0,0,0,0,0,0,0,0,0,0,0,0,14.012314,9.246969,0,0,0,0,0,0,0,0,0,0,0,0,0,0,0,0,0,0,0,0,0,0,0,0,0,0,3086659.2,0,0,0,0,0,0,0,10.822863,0,58528.914,0,0,0,0,0,0,0,0,0,0,0,0,0,0,0,0,0,0,10.923423,0,0,0,0,0,NA
34889,436.3428634101656,7.2371554,area,NA,NA,NA,NA,NA,,NA,NA,,NA,0,0,0,0,0,0,0,0,0,0,0,529613.9,0,0,0,0,0,0,0,0,0,0,0,0,0,0,0,0,0,0,0,0,0,0,0,0,0,0,0,0,0,0,0,0,0,0,0,0,0,0,0,0,0,0,0,9.693605,0,0,0,0,0,0,0,0,0,0,0,0,0,0,0,0,0,0,0,0,0,0,0,0,0,0,0,0,0,0,0,0,0,0,0,0,0,0,0,0,11.248498,0,0,0,0,0,0,0,0,0,0,0,0,0,0,0,0,0,512353.97,9.399624,0,0,0,0,0,10.609207,0,0,655158.06,7613.526,0,0,0,0,0,0,0,0,0,0,0,0,0,0,0,0,0,0,0,0,0,0,0,NA
37601,437.3743760537264,8.429635,area,NA,NA,NA,483,NA,,NA,NA,,NA,0,0,0,0,0,0,0,0,0,0,0,0,0,0,0,0,0,0,0,0,0,0,0,0,0,0,0,0,0,0,3841.356,0,0,0,0,0,1067.4536,0,0,0,0,0,0,0,0,0,0,0,0,0,0,0,0,0,0,0,0,0,0,0,0,0,0,0,0,0,0,0,0,0,0,0,0,0,0,0,0,0,0,0,0,0,0,0,0,0,0,0,0,0,0,0,0,0,0,0,0,0,0,0,0,0,0,0,0,0,0,0,0,0,52883.17,0,0,0,0,0,0,0,0,0,0,0,0,0,98.71821,1052.913,0,0,0,0,0,0,0,0,0,0,0,0,0,0,0,0,0,0,0,123.90833,0,0,0,NA
39274,439.3570268592189,8.587247,area,NA,NA,NA,338,NA,,NA,NA,,NA,0,0,0,0,0,0,0,0,3193.7593,0,0,0,5298.104,5779.0996,0,0,4495.014,10022.598,2848.5916,8294.469,3476.766,0,6781.935,6080.499,0,0,0,4812.6353,0,0,0,1516.2797,0,3999.6873,5528.618,1944.2528,0,15473.916,0,9254.703,0,0,0,594.5305,0,0,4689.2407,0,0,696.6111,0,0,9188.686,0,0,2928.149,3348.7698,0,0,4912.49,0,0,7467.869,20233.404,0,0,8121.5093,11489.778,1871.8218,3839.98,8835.268,0,0,0,0,4902.241,0,21903.293,6084.0474,6941.286,0,0,0,0,0,5619.699,3781.9407,4826.493,0,0,520.05786,2145.2715,1541.8015,2964.666,3502.9102,2331.585,0,0,6038.817,0,0,2829.1,6077.2095,12333.073,0,2172.1875,10212.3125,0,0,7410.0156,0,2249.0215,18833.271,16745.48,0,9968.066,8081.083,8485.324,0,0,10513.089,2239.6003,2572.9648,7208.612,0,0,11403.075,11810.997,0,5841.7837,0,1491.8501,1846.3743,5962.0117,0,16620.615,0,4316.3145,10737.766,3197.3438,4487.1475,2691.812,5971.708,4795.408,655.2293,791.99274,20004.875,10972.331,30658.473,NA
40238,440.33628412997865,8.734547,area,NA,NA,NA,228,3212,[M+NH4]+,NA,2,40311;40238,422.30309,0,0,0,0,0,0,0,0,55.624283,0,0,881814.4,257.07486,0,0,0,0,0,57.215446,0,0,0,0,0,0,13.557686,0,0,0,0,0,0,0,0,0,0,0,0,84.56746,375.38586,0,0,16.931278,0,0,27.30101,0,0,0,0,0,0,0,0,0,101.9771,0,0,0,0,0,0,0,742.9935,0,0,751.0172,199.28378,0,4137.9146,2374.751,0,111.88678,0,0,0,0,0,0,216.70743,0,27.006432,0,951.4971,0,0,383.42325,985.6639,36.649185,0,0,0,0,0,0,0,5207.828,0,773.52783,0,0,143.82445,0,0,0,0,423.08624,0,64.67325,314.7354,0,0,1848.4644,0,14592007,0,337.94855,76.65819,0,1315.6594,210.09944,0,166.06299,409.96783,31698664,2510656.2,0,200.73662,16.314281,0,0,0,0,111.741066,82494.15,0,25.68098,2055.7058,431.0193,0,1832.0197,0,806.8327,0,0,1500.9281,0,1218.8063,1276.5273,NA
30787,442.2941824925761,5.1352777,area,NA,NA,NA,NA,NA,,NA,NA,,NA,0,0,0,0,0,0,0,0,0,0,0,121.873634,0,0,0,0,0,0,0,0,0,0,0,0,0,0,0,0,0,0,0,0,0,0,0,0,0,0,0,0,0,0,0,0,0,0,0,0,0,0,0,0,0,0,0,0,0,0,0,0,0,0,0,0,0,0,0,0,0,0,0,0,0,0,0,0,0,0,0,0,0,0,0,0,0,0,0,0,0,0,0,0,0,0,0,0,0,0,0,0,0,0,0,0,0,0,0,0,0,0,0,0,0,0,0,0,0,0,0,0,0,0,0,0,0,82913.6,0,0,0,0,0,0,0,0,0,0,0,0,0,0,0,0,0,0,0,14.038478,0,306.83405,0,NA
27508,442.31730226723744,3.7038715,area,NA,NA,NA,222,NA,,NA,NA,,NA,0,0,0,0,0,0,0,0,3368.5408,0,0,0,19591.127,8813.172,0,0,15297.488,6491.644,6500.5083,15081.35,22987.83,0,9522.959,12143.087,0,0,0,21864.35,0,0,0,4890.055,0,3527.393,14294.498,20676.34,0,11457.316,0,8109.7153,0,0,0,5775.2036,0,0,15535.955,0,0,12092.314,0,0,7036.622,0,0,11159.607,11301.029,0,0,25127.24,0,0,9401.415,12843.647,0,0,11834.771,11518.773,8219.523,8538.855,17487.227,0,0,0,0,1501.5298,0,7982.2974,5042.511,3921.4675,572.19946,0,0,0,0,4210.3667,15127.889,5723.355,0,0,9853.958,10611.578,3873.456,8895.799,18718.58,11563.81,0,0,7964.8433000000005,0,0,7532.91,19334.709,25776.297,0,57266.42,6095.5854,0,0,17686.285,0,9465.504,12884.634,21071.768,0,3446.6638,11424.075,4121.648,0,0,7348.7593,14934.543,25235.168,3165.9556,18.764893,0,14921.91,4923.92,0,9423.662,0,9692.621,14745.482,8405.167,10.006273,5518.031,0,10434.972,18004.793,9327.197,34049.562,7928.3535,7216.085,5818.9336,13502.207,9940.636,10216.475,17300.445,12638.305,NA
33066,444.3108065691917,6.177623,area,NA,NA,NA,NA,NA,,NA,NA,,NA,0,0,0,0,0,0,0,0,0,0,0,0,0,0,0,0,0,0,0,0,0,0,0,0,0,0,0,0,0,0,0,0,0,0,0,0,0,0,0,0,0,0,0,0,0,0,0,0,0,0,0,0,0,0,0,0,0,0,0,0,0,0,0,0,0,0,0,0,0,0,0,0,0,0,0,0,0,0,0,0,0,0,0,0,0,0,0,0,0,0,0,0,0,0,0,0,0,0,0,0,0,0,0,0,0,0,0,0,0,0,0,0,0,0,0,0,0,0,0,0,0,0,0,0,0,133830.8,0,0,0,0,0,0,0,0,0,0,0,0,0,0,0,0,0,0,0,0,0,0,0,NA
34671,444.3112267532721,7.0964804,area,NA,NA,NA,NA,NA,,NA,NA,,NA,0,0,0,0,0,0,0,0,0,0,0,0,0,0,0,0,0,0,0,0,0,0,0,0,0,0,0,0,0,0,0,0,0,0,0,0,0,0,0,0,0,0,0,0,0,0,0,0,0,0,0,0,0,0,0,0,0,0,0,0,0,0,0,0,0,0,0,0,0,0,0,0,0,0,0,0,0,0,0,0,0,0,0,0,0,0,0,0,0,0,0,0,0,0,0,0,150.63615,0,0,0,0,0,0,0,0,0,0,0,0,0,0,0,0,0,0,0,0,0,0,0,0,0,0,0,0,159556.84,0,0,0,0,0,0,0,0,0,0,0,0,0,0,0,0,0,0,0,0,0,0,0,NA
35317,444.3117118792119,7.490797,area,NA,NA,NA,NA,NA,,NA,NA,,NA,0,0,0,0,0,89.28191,0,0,0,0,0,0,0,0,0,0,0,0,0,0,0,0,0,0,0,0,0,0,0,0,0,0,0,0,0,0,0,0,0,0,0,0,0,0,0,0,0,0,0,0,0,0,0,0,0,0,0,0,0,0,0,0,0,0,0,0,0,0,0,0,0,0,0,0,0,0,0,0,0,0,0,0,0,0,0,0,0,0,0,0,0,0,0,0,0,0,0,0,0,0,0,0,0,0,0,0,0,0,0,0,229073.08,0,0,0,0,0,0,0,0,0,0,0,0,0,0,0,0,0,0,0,0,0,0,0,0,0,0,0,0,0,0,0,0,0,0,0,0,0,0,NA
37399,446.3267465787136,8.387867,area,NA,NA,NA,NA,NA,,NA,NA,,NA,0,0,0,0,0,0,0,0,0,0,0,0,0,0,0,0,18.354334,0,0,0,0,0,0,0,0,0,0,0,0,0,0,0,0,14.342102,0,0,0,0,0,0,0,0,0,0,0,0,0,0,0,0,0,0,0,0,0,0,0,0,0,17.99517,0,0,0,0,0,0,0,0,0,0,0,0,0,0,0,0,0,0,12.90748,0,0,0,0,0,0,0,0,0,0,0,0,0,0,0,0,0,0,0,0,0,0,0,0,0,0,0,0,0,0,0,0,0,0,0,0,0,0,0,0,0,0,24.994724,23.367907,0,0,1999085.4,0,0,0,0,0,0,0,0,0,0,0,0,0,13.086541,0,0,0,0,0,0,0,0,0,NA
37985,446.3268277842923,8.532219,area,NA,NA,NA,NA,NA,,NA,NA,,NA,0,0,0,0,0,7489.204,0,0,0,0,0,0,0,0,0,0,0,0,0,0,0,0,0,0,0,0,0,0,0,0,0,0,0,0,0,97.25319,0,0,0,0,0,0,0,0,0,0,0,0,0,0,0,0,0,0,0,0,0,0,0,0,0,0,0,0,0,0,0,0,0,0,0,0,0,0,0,0,0,0,0,0,0,0,0,0,0,0,0,0,0,0,0,0,0,0,0,0,0,0,0,0,0,0,0,0,0,0,0,0,0,0,1369772.1,0,0,0,0,0,0,0,0,0,0,0,0,134.73695,0,0,0,0,0,0,0,0,0,0,0,0,0,0,0,57.660862,0,0,0,0,0,0,0,0,0,NA
33405,446.32787084321154,6.4001894,area,NA,NA,NA,NA,NA,,NA,NA,,NA,0,0,0,0,0,0,0,0,0,0,0,0,0,0,0,0,0,0,0,0,0,0,0,0,0,0,0,0,0,0,0,0,0,0,0,0,0,0,0,0,0,0,0,0,0,0,0,0,0,0,0,0,0,0,0,0,0,0,0,0,0,0,0,0,0,0,0,0,0,0,0,0,0,0,0,0,0,0,0,0,0,0,0,0,0,0,0,0,0,0,0,0,0,0,0,0,0,0,0,0,0,0,0,0,0,0,0,0,0,0,10.706076,0,0,0,0,0,0,0,0,0,0,0,0,0,0,653305.3,0,0,0,0,0,0,0,0,0,0,0,0,0,0,0,0,0,0,0,0,0,0,0,NA
29181,447.35740447861286,4.341067,area,NA,NA,NA,NA,NA,,NA,NA,,NA,0,0,0,0,0,0,0,0,0,0,0,0,0,0,0,0,0,0,0,0,0,0,0,0,0,0,0,0,0,0,0,0,0,0,0,0,0,0,0,0,0,0,0,0,0,0,0,0,0,0,0,0,0,0,0,0,0,0,0,0,0,0,0,0,0,0,0,0,0,0,0,0,0,0,0,0,0,0,0,0,0,0,0,0,0,0,0,0,0,0,0,0,0,0,0,0,0,0,0,0,0,0,0,0,0,0,0,0,0,0,0,0,0,0,81631.69,0,0,0,0,0,0,0,0,0,53.177185,0,0,0,0,0,0,0,0,0,0,0,0,0,0,0,0,0,0,0,0,38.23981,0,0,0,NA
27837,448.3060098373362,3.8596044,area,NA,NA,NA,NA,NA,,NA,NA,,NA,0,0,0,0,0,0,0,0,0,0,0,155.7688,0,0,0,0,0,0,0,0,0,0,0,0,0,0,0,0,0,0,0,0,0,0,0,0,0,0,0,0,0,0,0,0,0,0,0,0,0,0,0,0,0,0,0,0,0,0,0,0,0,0,0,0,0,0,0,0,0,0,0,0,0,0,0,0,0,0,0,0,0,0,0,0,0,0,0,0,0,0,0,0,0,0,0,0,0,0,0,0,0,0,0,0,0,0,0,0,0,0,0,0,0,0,0,0,0,0,0,70753.42,0,0,0,0,0,0,0,0,0,0,0,0,0,0,0,0,0,0,0,0,0,0,0,0,0,0,0,0,0,NA
42632,448.339858089706,8.957608,area,NA,NA,NA,516,NA,,NA,NA,,NA,0,0,0,0,0,0,0,0,351.0266,0,0,0,1304.1235,275.06915,0,0,2105.6948,1377.6396,2232.3596,2478.2427,1139.0471,0,2427.6018,3261.0022,0,0,0,2142.9856,0,0,0,1618.4454,0,1188.0217,2179.9402,3010.7366,0,1850.573,0,1770.431,0,0,0,2249.1685,0,0,2661.8142,0,0,1147.3597,0,0,609.39465,0,0,1994.8615,930.6429,0,57.610516,6619.317,0,0,4515.488,2191.6724,0,0,657.6092,2758.2556,2025.6758,3207.2075,1272.7598,0,0,0,0,1952.1652,0,938.99756,2645.5093,3646.4194,0,0,0,0,0,2100.2349,1401.1565,0,0,0,1959.2582,2699.3384,1366.2479,4693.384,3445.3408,3542.9534,0,0,1308.9841,0,0,146.44412,6158.2866,4569.843,0,1327.2019,974.78125,0,0,1538.4817,1194.1908,879.5269,3761.355,7926.353,0,0,2331.169,525.46625,0,0,835.0057,3335.4067,4271.832,1854.9342,0,3351847,1576.3474,678.0869,0,6820.403,0,4068.4397,941.6334,3148.8848,0,1369.5143,0,6151.7607,3104.4124,1050.3474,1697.0579,603.7371,4022.6794,1237.5205,3995.009,3108.2783,2290.16,3293.4946,1745.9852,NA
36264,449.337482294961,7.941606,area,NA,NA,NA,NA,NA,,NA,NA,,NA,0,0,0,0,0,0,0,0,0,0,0,0,0,0,0,0,0,0,0,0,0,0,0,0,0,0,0,0,0,0,17.234905,0,0,0,0,0,214786.1,0,0,0,0,0,0,0,0,0,0,0,0,0,0,0,0,0,0,0,0,0,0,0,0,0,0,0,0,0,0,0,0,0,0,0,0,190.00708,0,0,0,0,0,0,0,0,0,0,0,0,0,0,0,0,0,0,0,0,0,0,0,0,0,0,0,0,0,0,0,0,0,0,0,0,0,0,0,0,0,0,0,0,0,0,0,0,0,0,0,103739.38,0,0,0,0,0,0,0,0,0,0,0,0,0,0,0,0,0,0,0,0,0,0,0,NA
31371,449.3741840629078,5.370679,area,NA,NA,NA,NA,NA,,NA,NA,,NA,0,0,0,0,0,0,0,0,0,0,0,0,524.8106,0,0,0,0,0,0,0,0,0,0,0,0,0,0,0,0,0,0,0,0,0,0,0,0,0,0,0,0,0,0,0,0,0,0,0,0,0,0,0,0,0,0,0,0,0,0,0,0,0,0,0,0,0,0,0,0,0,49.02233,0,0,0,0,0,0,0,0,0,0,0,0,0,0,0,29.54102,0,0,0,0,0,0,0,0,0,0,0,0,0,0,0,0,0,0,0,0,0,0,0,0,0,0,0,837290.4,0,0,0,0,0,0,0,0,0,1515.617,0,0,0,0,0,0,0,0,0,0,0,0,0,0,0,0,0,262.82166,0,0,332.99387,0,484.7153,0,NA
36921,450.3224984555552,8.269956,area,NA,NA,NA,614,NA,,NA,NA,,NA,0,0,0,0,0,113871.125,0,0,12.503671,0,0,0,135.5103,0,0,0,412.88168,13.417136,0,23.484215,51.131157,0,59.07794,55.160767,0,0,0,28.98043,0,0,6060484.5,109.84154,0,0,30.129267,125.46424,59435.258,0,0,0,0,0,0,18.265955,0,6415.5713,68.20591,0,0,160.04588,0,0,0,0,344.94702,26.107191,36.72971,0,0,26.277126,0,0,15.301315,38.278458,0,0,23.959854,41.735428,0,0,43.362724,0,0,299.0134,0,0,0,20.974304,13.7107315,12.958242,0,0,0,0,0,11.562708,176.35126,37.827293,0,0,0,28.65754,0,79.749374,0,115.53189,0,0,0,0,0,48.941986,25.203566,0,0,298.98383,73.33452,0,0,88.499596,20591356,69.96463,0,47.38472,0,11.670652,288.94363,0,0,0,0,19.564476,53.289776,0,0,71091.04,0,0,0,20.503702,0,18.631393,25.906605,11.588917,0,0,0,17.401632,232.15695,70.22763,21.054523,0,0,0,138.34459,66.44475,26.75147,0,0,NA
42197,450.32277710707024,8.927833,area,NA,NA,NA,192,NA,,NA,NA,,NA,0,0,0,0,0,0,0,0,389.50964,0,0,466.42905,9788.405,1608.3606,0,0,5924.498,580.1809,291.0932,1004.7904,710.97626,0,682.12,8228.355,0,0,0,4594.8135,0,0,2357.1218,7551.0586,0,1628.3564,5577.193,6346.3057,91.485954,2608.7317,0,1143.2285,0,0,20.912878,1087.2925,0,0,1254.752,0,0,2649.7275,0,0,627.86884,0,27.772655,997.13464,709.7634,0,0,9681.7295,0,0,617.9283,926.6806,0,0,1695.7146,1454.5068,4041.7444,1347.5398,7835.4272,0,0,24.064049,0,118.93298,0,734.34656,3038.0854,1000.5557,0,0,0,0,0,897.746,4881.6123,2824.3735,0,0,2401.3813,2269.5342,247.76938,997.2047,1665.3308,3435.428,0,0,1096.8899,0,0,875.7972,2901.582,5663.708,0,2914.4668,6810.038,0,0,2569.2905,3612.304,2456.8904000000002,3708.2542,9676.437,402525.12,538.58704,1035.6321,2918.4727,0,0,819.5735,2965.3784,491.19193,165.09177,11322.361,0,4290.456,3432.4326,0,881.02795,0,4965.994,3763.3613,1561.6865,0,495.4743,0,632.1273,1885.5543,3091.86,6021.829,4413.0415,801.0812,693.0802,2956.013,3478.8994,1548.5378,2304.6646,829.681,NA
31043,454.3166899076704,5.187622,area,NA,NA,NA,NA,NA,,NA,NA,,NA,0,0,0,0,0,0,0,0,0,0,0,0,0,0,0,0,0,0,0,0,0,0,0,0,0,0,0,0,0,0,0,0,0,0,0,0,0,0,0,0,0,0,0,0,0,0,0,0,0,0,0,0,0,0,0,0,0,0,0,0,0,0,0,0,0,0,0,0,0,0,0,0,0,0,0,0,0,0,0,0,0,0,0,0,0,0,0,0,0,0,0,0,0,0,0,0,0,0,0,0,0,0,0,0,0,0,0,0,0,0,0,0,35.490395,0,0,0,0,0,0,90321.69,0,0,0,0,0,0,0,0,0,0,0,0,0,0,0,0,0,0,0,0,0,0,0,0,0,0,0,0,0,NA
41811,454.3524384616203,8.853044,area,NA,NA,NA,NA,NA,,NA,NA,,NA,0,0,0,0,0,7562.975,0,0,0,0,0,278227.28,0,0,0,0,0,0,0,0,0,0,0,0,0,0,0,0,0,0,0,0,0,0,0,0,0,0,0,0,0,0,0,0,0,0,0,0,0,0,0,0,0,0,0,0,0,0,0,0,0,0,0,0,0,0,0,0,0,0,0,0,0,0,0,0,0,0,0,0,0,0,0,0,0,0,0,0,0,0,0,0,0,0,0,0,0,0,0,0,0,0,0,0,0,0,0,0,0,0,0,0,0,0,2046.8726,0,0,0,0,0,0,0,0,0,716320.94,633855.25,0,0,0,0,0,0,0,0,40.720146,0,0,0,0,0,0,0,0,0,0,0,0,0,0,NA
40268,456.3464059599429,8.753143,area,NA,NA,NA,473,3206,[M-2H2O+H]+,NA,3,40268;40236;40073,491.3607,0,0,0,0,0,36091.832,0,0,0,0,0,0,0,0,0,0,0,0,0,0,0,0,0,0,0,0,0,0,0,0,0,0,0,0,0,0,0,0,0,0,0,0,0,0,0,0,0,0,0,0,0,0,0,0,0,0,0,0,0,0,0,0,0,0,0,0,0,0,0,0,0,0,0,0,0,0,0,0,0,0,0,0,0,0,0,0,0,0,0,0,0,0,0,0,0,0,1422.9371,0,0,0,0,0,0,0,0,0,0,0,0,0,595885.44,0,0,0,0,0,0,0,0,0,0,0,0,0,0,360847.53,0,0,0,0,0,0,0,0,0,0,0,0,0,0,0,0,0,0,0,0,0,0,0,NA
36680,456.34804486550894,8.077776,area,NA,NA,NA,NA,NA,,NA,NA,,NA,0,0,0,0,0,0,0,0,0,0,0,0,0,0,0,0,0,0,0,0,0,0,0,0,0,0,0,0,0,0,0,0,0,0,0,0,0,0,0,0,0,0,0,0,0,0,0,0,0,0,0,0,0,0,0,0,0,0,0,0,0,0,0,0,0,0,14.422983,0,0,0,12.528349,0,0,0,0,0,0,0,0,0,0,0,0,0,0,0,0,22.972706,0,0,0,0,0,0,0,0,0,0,0,0,0,0,0,0,0,0,0,0,0,0,0,0,0,0,0,0,0,0,0,0,0,0,0,0,0,108048.234,0,0,0,0,0,0,0,0,0,0,0,0,0,0,0,0,0,0,0,8.046392,0,0,0,NA
36517,458.3252209569161,8.011486,area,NA,NA,NA,NA,NA,,NA,NA,,NA,0,0,0,0,0,0,0,0,0,0,0,582.0821,0,0,0,0,0,0,0,0,0,0,0,0,0,0,0,0,0,0,0,0,0,0,0,0,0,0,0,0,0,0,0,0,0,0,0,0,0,0,0,0,0,0,0,0,0,0,0,0,0,0,0,0,0,0,0,0,0,0,0,0,0,0,0,0,0,0,0,0,0,0,0,0,0,0,0,0,0,0,0,0,0,0,0,0,0,0,0,0,0,0,0,0,0,0,0,0,0,0,221622.34,0,0,0,261.44086,0,0,0,0,0,0,0,0,0,464.1317,0,0,0,0,0,0,0,0,0,0,0,0,0,0,0,0,0,0,0,0,411.7638,0,0,0,NA
35624,458.3252691341552,7.602964,area,NA,NA,NA,NA,NA,,NA,NA,,NA,0,0,0,0,0,0,0,0,0,0,0,0,0,0,0,0,0,0,0,0,0,0,0,0,0,0,0,0,0,0,0,0,0,0,0,0,0,0,0,0,0,0,0,0,0,0,0,0,0,0,0,0,0,0,0,0,0,0,0,0,0,0,0,0,0,0,0,0,0,0,0,0,0,0,0,0,0,0,0,0,0,0,0,0,0,0,0,0,0,0,0,0,0,0,0,0,343.22565,0,0,0,0,0,0,0,0,0,0,0,0,0,0,0,0,0,56.39965,0,0,0,0,0,0,0,0,0,0,104006.695,0,0,0,0,0,0,0,0,0,0,0,0,0,0,0,0,0,0,0,0,0,0,0,NA
21042,460.28089276366455,2.476379,area,NA,NA,NA,623,NA,,NA,NA,,NA,0,0,0,0,0,0,0,0,5829.7324,0,0,0,3557.6372,6393.0938,0,0,4844.855,3076.9456,2385.8325,4269.0747,3796.897,0,3769.704,10853.324,0,0,0,7037.258,0,0,0,379.28455,0,4150.367,3837.178,11841.742,0,13365.013,0,10549.951,0,0,0,163.56815,0,0,3349.0967,0,0,2423.412,0,0,1431.9835,0,0,3195.9297,8575.787,0,0,3785.2263,0,0,2240.5872,8017.73,0,0,7197.569,28431.803,595.48395,7107.8726,4026.3933,0,0,0,0,5115.9517,0,10446.321,5560.671,40.070312,0,0,0,0,0,9379.673,2570.5564,17255.781,0,0,5649.19,1519.0007,2003.4847,371.78632,6565.34,0,0,0,15426.593,0,0,9783.398,9414.916,10942.195,0,780.2124,0,0,0,17023.928,0,3667.7517,42609.066,10644.308,0,7638.799,7791.3535,8500.225,0,0,5208.456,1170.9263,4510.205,5059.588,0,0,593.56885,13161.948,0,4301.8125,0,742.7732,711.2728,17385.799,0,7571.3896,0,1806.2152,6021.0063,4204.2305,15224.772,5733.065,18792.863,4442.243,1049.6687,6332.2627,6107.6987,12257.6,33373.367,NA
30789,460.3058776078779,5.135166,area,NA,NA,NA,NA,NA,,NA,NA,,NA,0,0,0,0,0,0,0,0,0,0,0,169.72652,0,0,0,0,0,0,0,0,0,0,0,0,0,0,0,0,0,0,0,0,0,0,0,0,0,0,0,0,0,0,0,0,0,0,0,0,0,0,0,0,0,0,0,0,0,0,0,0,0,0,0,0,0,0,0,0,0,0,0,0,0,0,0,0,0,0,0,0,0,0,0,0,0,0,0,0,0,0,0,0,0,0,0,0,0,0,0,0,0,0,0,0,0,0,0,0,0,0,0,0,0,0,0,0,0,0,0,0,0,0,0,0,0,121422.99,0,0,0,0,0,0,0,0,0,0,0,0,0,0,0,0,0,0,0,0,0,0,0,NA
37193,460.34175931906304,8.3652725,area,NA,NA,NA,NA,NA,,NA,NA,,NA,0,0,0,0,0,0,0,0,0,0,0,0,0,0,0,0,0,0,0,0,0,0,0,0,0,0,0,0,0,0,0,0,0,0,0,0,0,0,0,0,0,0,0,0,0,0,0,0,0,0,0,0,0,0,0,0,0,0,0,0,0,0,0,0,0,0,0,0,0,0,0,0,0,0,0,0,0,0,0,0,0,0,0,0,0,0,0,0,0,0,0,0,0,0,0,0,0,0,0,0,0,0,0,0,0,0,0,0,0,0,0,0,0,0,150905.6,0,0,0,0,0,0,0,0,0,0,0,0,0,0,0,0,0,0,0,0,0,0,0,0,0,0,0,0,0,0,0,0,0,0,NA
45480,461.3623232239758,9.174999,area,NA,NA,NA,192,3748,[M-H2O+H]+,NA,2,45467;45480,478.36568,0,0,0,10.35791,0,0,0,0,10384.017,0,0,0,16238.768,14257.957,0,0,13452.326,13402.468,9769.326,24024.072,19123.516,0,19843.727,22076.775,0,0,0,22783.836,9.385113,0,0,12332.855,0,17167.39,21585.34,15661.456,0,17899.928,0,12151.584,0,0,0,12074.604,0,0,22252.162,0,0,11968.909,0,0,11320.368,0,0,22952.875,17289.586,0,0,36273.926,0,0,18865.775,20706.953,0,0,18076.787,18015.29,13179.848,22758.436,32119.898,11.247757,0,0,0,15733.291,0,12625.872,17950.748,15116.187,0,0,0,0,0,7454.3696,14202.829,23818.717,0,0,18663.07,16885.982,14147.988,9802.33,18707.137,13651.566,0,0,12158.573,0,0,14379.225,26602.729,34966.74,0,23826.67,11466.344,0,0,19607.225,0,17188.49,26994.209,22200.29,0,11900.023,19734.828,9733.436,0,0,22534.152,13749.737,19455.252,11829.735,0,0,16484.076,10945.389,0,22117.713,0,19824.54,20812.494,15208.34,10.306807,17870.871,0,20812.545,16268.985,13239.185,28329.02,15351.8125,19970.824,12312.395,16220.255,17294.102,15343.47,20318.77,35468.38,NA
41483,462.2587118118843,8.848769,area,NA,NA,NA,788,3333,[M+Na]+,NA,2,41483;41426,439.26938,0,0,0,0,0,0,0,0,29377.371,0,0,0,26139.363,22929.041,0,0,19212.504,12764.631,36675.516,20611.1,35603.99,0,57876.305,33460.195,0,0,0,29292.396,0,0,0,6414.2334,0,4553.813,16443.562,22101.365,0,15070.756,0,39585.215,0,0,0,30876.479,0,0,21845.04,0,0,55642.41,0,0,7728.156,0,0,26164.22,17382.486,0,0,32734.432,0,0,42275.25,20471.709,0,0,20066.418,43534,8992.02,49143.42,46237.93,0,0,0,0,26002.725,0,11656.681,19231.17,53215.14,0,0,0,0,0,22743.414,34112.375,8973.284,0,0,14122.381,19648.125,6669.0454,46244.93,6999.3203,46715.04,0,0,17775.299,0,0,13662.099,42924.863,2405.969,0,25032.545,12318.655,0,0,38899.246,0,4729.2744,36868.938,45180.344,0,32387.09,31693.238,2372.2478,0,0,11316.857,27902.621,39647.418,37023.562,0,0,1990.9847,22887.58,0,41605.17,0,27969.818,20915.094,42728.996,0,24920.475,0,79625.42,72491.11,11007.072,6047.307,17951.248,60680.17,22670.164,19964.912,31485.232,48404.254,27423.332,15955.211,NA
21905,462.2893182651192,2.579733,area,NA,NA,NA,222,NA,,NA,NA,,NA,0,0,0,0,0,0,0,0,8723.843,0,0,0,38238.914,23284.166,0,0,43871.895,21330.074,13105.447,51532.793,30188.697,0,22496.643,45942.938,0,0,0,33113.004,0,0,0,62721.73,0,21910.455,43989.05,20937.197,0,30420.309,0,13722.117,0,0,0,20185.84,0,0,32128.559,0,0,30104.828,0,0,14983.407,0,0,19756.725,11814.93,0,0,48387.04,0,0,42869.543,27200.959,0,0,23251.916,13587.834,52492.242,22158.15,38848.133,0,0,0,0,17015.713,0,24120.742,38467.383,58581.297,0,0,0,0,0,15501.533,32979.383,28229.28,0,0,35555.336,26175.746,18834.906,49984.953,38640.76,33845.84,0,0,17828.791,0,0,12810.306,34042.543,51756.004,0,59804.85,52205.824,0,0,24883.768,0,29656.018,33383.312,25858.305,0,14864.5625,18976.068,13812.319,0,0,22037.635,38398.34,50925.336,16180.958,0,0,52464.824,24251.752,0,31859.822,0,40520.117,30295.506,41507.6,0,22255.537,0,26610.168,29657.965,25185.676,49166.29,29147.766,37099.062,22198.125,23172.572,23434.379,41115.348,27098.15,26039.375,NA
20935,462.2893641483455,2.4578795,area,NA,NA,NA,222,NA,,NA,NA,,NA,0,0,0,0,0,0,0,0,7782.8345,0,0,0,24521.098,15568.12,0,0,29127.42,14711.8,13121.7705,35280.79,20489.113,0,15131.546,30970.2,0,0,0,24412.598,0,0,0,30835.727,0,16276.658,31048.9,14584.769,0,16072.589,0,11868.68,0,0,0,16506.148,0,0,15924.609,0,0,20920.516,0,0,9673.394,0,0,15115.331,10724.722,0,0,24836.586,0,0,29763.678,18548.664,0,0,15049.108,13666.066,31475.832,16728.738,22982.594,0,0,0,0,12783.108,0,16081.991,24864.322,31807.64,0,0,0,0,0,14216.705,22476.602,21363.643,0,0,21368.592,19028.197,15215.154,30781.246,19640.596,20942.312,0,0,16412.043,0,0,11119.649,17256.717,35630.414,0,31973.709,28228.639,0,0,14832.694,0,20157.91,24569.477,18967.537,0,12492.142,17736.59,11290.988,0,0,19505.566,22553.77,37708.305,12990.397,0,0,28540.64,18368.578,0,20904.586,0,25622.58,21022.89,27167.691,0,16122.8955,0,17457.195,19386.22,20769.525,26032.43,21274.568,19878.812,14689.093,18032.1,15894.037,26102.248,18512.287,18026.45,NA
35364,462.3213456974019,7.4905763,area,NA,NA,NA,600,2897,[M-H2O+H]+,NA,3,35349;35366;35364,479.32487,0,0,0,0,0,3282.1987,0,0,0,0,0,0,0,0,0,0,0,0,0,0,0,0,0,0,0,0,0,0,0,0,0,0,0,0,0,0,0,0,0,0,0,0,0,0,0,0,0,0,0,0,0,0,0,0,0,0,0,0,0,0,0,0,0,0,0,0,0,0,0,0,0,0,0,0,0,0,0,0,0,0,0,0,0,0,0,0,0,0,0,0,0,0,0,0,0,0,0,0,0,0,0,0,0,0,0,0,0,0,0,0,598377.8,0,0,0,0,0,0,0,0,0,0,0,0,0,0,5041.2036,0,0,0,0,0,0,0,0,0,0,0,0,0,0,0,0,0,0,0,0,0,0,0,NA
30760,462.3214681867399,5.113128,area,NA,NA,NA,NA,NA,,NA,NA,,NA,0,0,0,0,0,0,0,0,0,0,0,0,0,0,0,0,0,0,0,0,0,0,0,0,0,0,0,0,0,0,0,0,0,0,0,0,0,0,0,0,0,0,0,0,0,0,0,0,0,0,0,0,0,0,0,0,0,0,0,0,0,0,0,0,0,0,0,0,0,0,0,0,0,0,0,0,0,0,0,0,0,0,0,0,0,0,0,0,0,0,0,0,0,0,0,0,0,0,0,0,0,0,0,0,0,0,0,0,0,0,0,0,0,0,0,0,0,0,0,0,0,0,0,0,0,223794.9,0,0,0,0,0,0,0,0,0,0,0,0,0,0,0,0,0,0,0,0,0,0,0,NA
33067,462.3216199557893,6.1771,area,NA,NA,NA,NA,NA,,NA,NA,,NA,0,0,0,0,0,0,0,0,0,0,0,0,0,0,0,0,0,0,0,0,0,0,0,0,0,0,0,0,0,0,0,0,0,0,0,0,0,0,0,0,0,0,0,0,0,0,0,0,0,0,0,0,0,0,0,0,0,0,0,0,0,0,0,0,0,0,0,0,0,0,0,0,0,0,0,0,0,0,0,0,0,0,0,0,0,0,0,0,0,0,0,0,0,0,0,0,0,0,0,0,0,0,0,0,0,0,0,0,0,0,143.03125,0,0,0,0,0,0,0,0,0,0,0,0,0,0,281200.2,0,0,0,0,0,0,0,0,0,0,0,0,0,0,0,0,0,0,0,0,0,0,0,NA
34689,462.32275670825584,7.17768,area,NA,NA,NA,NA,NA,,NA,NA,,NA,0,0,0,0,0,0,0,0,0,0,0,0,39.1442,10.953732,0,0,365.45044,73.984344,8.400747,65.04242,31.945004,0,23.840221,106.2986,0,0,0,41.75906,0,0,0,84.5386,0,57.075466,58.181564,43.386612,0,426.8797,0,36.304142,0,0,0,29.852154,0,0,19.70346,0,0,64.88252,0,0,44.655464,0,0,41.301266,15.382879,0,0,142.99133,0,0,29.893604,24.93069,0,0,35.949406,34.64991,302.91626,24.120504,372.10214,0,0,0,0,39.775135,0,118.26825,32.752884,75.74142,0,0,0,0,0,0,38.813244,31.376427,0,0,35.596157,42.104183,10.749794,120.20559,3364.4995,51.846634,14088.964,0,13.879152,0,0,33.918163,36.566757,635.7434,0,104.73403,42.998325,0,0,32.558563,0,44.714058,164.16713,99.72945,0,12.145903,9.688162,17.830826,0,0,33.98126,105.2943,32.42565,35.88191,0,1847096.2,3387.6702,92.374435,0,18.5895,0,22.662682,46.08793,31.521683,0,16.558859000000002,0,18.122055,11.660799,29.849026,2345.3906,9.409517,16.3847,53.411762,20.90226,27.542757,120.80832,2470.752,4159.476,NA
29608,464.283723225712,4.587329,area,NA,NA,NA,270,2451,[M-2H2O+H]+,NA,3,29608;29646;29658,499.29842,9.049504,10.9825,10.234428,10.12481,8.4376545,14.244263,9.584469,9.900513,48.27473,11.1335745,11.954432,25.270111,40.649162,156.27046,9.860453,8.170856,53.12342,66.68474,35.33413,54.52777,28.73979,13.6297035,75.77954,224.2019,13.751419,12.583727,10.493762,112.37439,9.561739,15.148162,9.403277,34.734512,9.793651,117.27053,35.778427,31.857437,0,612.5933,67.2972,122.40428,0,0,11.44072,29.817783,9.14655,10.271164,74.67143,0,10.136106,71.527695,13.806303,12.608889,183.40002,11.259618,9.704893,59.70483,370.3491,9.021396,9.637762,178.9074,9.442887,12.460886,121.03849,129.41068,7.5333385,10.872023,92.57679,30.519884,115.84868,30.039421,33.498524,11.037472,0,11.776602,11.362776,52.484177,0,1096.7327,43.54755,62.277008,230.59073,10.36012,8.948003,9.699333,367269.12,119.10208,33.242744,554.4484,10.160108,14.218886,45.194572,26.323116,26.127335,41.45442,36.583565,50.33176,18.532063,10.618404,42.350674,8.511267,10.245801,737.4447,96.21396,84.10546,10.060123,40.829613,27.68245,8.650246,18.194845,176.48567,0,67.18988,153.21036,181.64902,11.287516,125.64904,23.598347,72.75423,9.720148,0,258.73364,68.44881,116.52035,23.489841,9.784027,0,166.08635,46.464573,15.598379,300.88644,11.417787,52.43824,256.92273,84.89729,10.290645,34.37183,15.270384,75.34883,152.85188,146.39462,439.44452,89.83676,52.223083,167.99005,81.49748,33.95978,459.5753,72.6012,231.54474,NA
37989,464.3374985908087,8.528384,area,NA,NA,NA,447,NA,,NA,NA,,NA,0,0,0,9.756387,0,196241.36,0,0,35.708447,0,0,0,397.86005,67.18476,0,0,1244.4261,62.418037,0,857.5075,91.41809,0,188.78787,332.7281,0,0,0,776.4578,0,0,233.6255,383.07697,0,85.84395,620.22565,419.93237,0,237.94214,0,27.770576,0,0,0,36.894226,0,0,632.5452,0,0,318.8332,0,0,236.82353,0,528.94165,138.23224,162.67206,0,17.945063,617.8482,0,0,409.33362,50.820213,0,0,396.60535,373.8949,368.8717,749.3893,1566.3455,0,0,0,0,18.548954,0,0,45.76301,166.70828,0,0,0,0,0,177.48041,375.714,123.98807,0,0,706.17926,1123.2168,58.252884,425.07916,244.44687,1074.3936,0,0,187.16003,0,0,209.84335,760.4238,2366.5286,0,207.6328,92.02582,0,0,150.00345,19941632,166.8693,1698.7789,322.35962,0,0,440.76392,14.132572,0,0,469.6192,311.8768,486.8673,162.38887,0,3895962.2,113.279434,174.1723,0,590.9199,0,332.22226,101.09565,152.50894,0,383.64154,0,92.44377,40.91469,129.3882,960.92554,146.85564,124.58258,17.38261,478.5517,793.30804,305.88327,139.30719,1141.1237,NA
33409,464.3380343496422,6.436857,area,NA,NA,NA,NA,NA,,NA,NA,,NA,0,0,0,0,0,0,0,0,0,0,0,0,0,0,0,0,0,0,0,0,0,0,0,11.784267,0,0,0,0,0,0,0,11.740175,0,0,9.99321,11.545407,0,0,0,0,0,0,0,0,0,0,0,0,0,0,0,0,0,0,0,0,0,0,0,16.789146,0,0,0,0,0,0,0,0,25.427704,0,15.594236,0,0,0,0,0,0,0,0,0,0,0,0,0,0,0,14.987727,0,0,0,12.078537,9.7971325,0,0,30.901012,0,0,0,0,0,0,0,9.6691065,17.042547,0,13.717311,0,0,0,0,97.13659,0,11.735,11.704313,0,0,0,0,0,0,0,0,0,0,0,2326297.2,10.493164,0,0,0,0,0,0,0,0,0,0,9.17318,0,0,0,0,32.889175,0,0,17.110771,0,0,10.686987,NA
36651,465.3323096510972,8.069641,area,NA,NA,NA,NA,NA,,NA,NA,,NA,0,0,0,0,0,0,0,0,0,0,0,0,0,0,0,0,0,0,0,0,0,0,0,0,0,0,0,0,0,0,4301.467,0,0,0,0,0,59295.84,0,0,0,0,0,0,0,0,0,0,0,0,0,0,0,0,0,0,0,0,0,0,0,0,0,0,0,0,0,0,0,0,0,0,0,0,0,0,0,0,0,0,0,0,0,0,0,0,0,0,0,0,0,0,0,0,0,0,34.11577,0,0,0,0,0,0,0,0,0,0,0,0,0,0,43699.69,0,0,0,0,0,0,0,0,0,0,0,0,0,0,2535.9795,0,0,0,0,0,0,0,0,0,0,0,0,0,0,0,0,0,0,0,0,0,0,0,NA
33790,465.3325789513398,6.6309714,area,NA,NA,NA,NA,NA,,NA,NA,,NA,0,0,0,0,0,0,0,0,0,0,0,0,0,0,0,0,0,0,0,0,0,0,0,0,0,0,0,0,0,0,35.518642,12.539551,0,0,0,0,112780.68,0,0,0,0,0,0,0,149.31534,0,0,0,0,0,0,0,0,0,0,0,0,0,0,0,0,0,0,0,0,0,0,0,0,0,0,0,0,10296.571,0,0,0,0,0,0,0,0,0,0,0,0,0,7.0933695,0,0,0,0,0,0,0,0,11.373224,0,0,0,0,0,0,0,0,0,0,0,0,0,0,0,0,0,0,0,0,0,0,0,0,0,0,0,0,0,0,0,0,0,0,0,0,0,0,0,0,0,0,0,0,0,0,0,0,0,0,0,0,NA
21279,465.3695656057148,2.4989314,area,NA,NA,NA,NA,NA,,NA,NA,,NA,0,0,0,0,0,0,0,0,0,0,0,0,0,0,0,0,0,0,0,0,0,0,0,0,0,0,0,0,0,0,0,0,0,0,0,0,0,0,0,0,0,0,0,0,0,0,0,0,0,0,0,0,0,0,0,0,0,0,12.18047,0,0,0,0,0,0,0,0,0,0,0,0,0,0,0,0,0,0,0,0,0,0,0,0,0,0,0,0,0,0,0,0,0,0,0,0,0,0,0,0,0,0,0,0,0,0,0,0,0,0,0,0,0,0,0,0,0,0,0,0,397964.72,0,0,0,0,0,0,0,0,0,0,0,0,0,0,0,0,0,0,0,0,0,0,0,0,0,0,0,0,0,NA
28169,465.3696400818294,3.9182284,area,NA,NA,NA,117,2355,[M+H]+,NA,1,28150,464.36254,0,0,0,0,0,0,0,0,10.039842,0,0,0,32150.969,0,0,0,66.50137,0,0,0,0,0,0,0,0,0,0,0,0,0,0,0,0,21.418692,0,0,0,0,0,0,0,0,0,0,0,0,0,0,0,0,0,0,0,0,0,0,0,0,10.152945,0,0,0,13.613779,16.906046,0,0,0,24.085396,0,0,5284.719,0,0,0,0,0,0,0,0,0,0,0,0,0,0,0,4245.683,10.291529,0,0,21.23026,26.719318,0,0,0,0,0,0,0,0,0,168.55432,0,0,0,0,0,0,0,0,0,0,0,151.89853,699397.4,0,0,0,0,2875.9297,0,1513.5233,0,0,1717.9495,0,0,0,0,0,0,0,0,0,0,0,0,0,0,13.551235,0,0,6804.412,0,0,16516.457,0,37692.61,0,NA
38881,466.2983465458522,8.627203,area,NA,NA,NA,NA,NA,,NA,NA,,NA,0,0,0,0,0,0,0,0,0,0,0,0,0,0,0,0,0,0,0,0,0,0,0,0,82520.14,0,0,0,0,0,0,0,0,0,0,0,0,0,0,0,0,0,0,0,0,0,0,0,0,0,0,0,0,0,0,0,0,0,0,0,0,0,0,0,0,0,0,0,0,0,0,0,0,0,0,0,0,0,0,0,0,0,0,0,17.380085,0,0,0,0,0,0,0,0,0,0,0,0,0,0,0,0,0,0,0,0,0,0,0,0,0,0,0,0,0,0,0,0,0,0,0,0,0,0,0,0,0,0,0,0,0,0,0,0,0,0,0,0,0,0,0,0,0,0,0,0,0,0,0,0,NA
41741,466.3319811695939,8.875013,area,NA,NA,NA,NA,NA,,NA,NA,,NA,72.23042,75.93644,151.84851,0,0,0,0,0,0,12.772001,32.351894,0,0,608.3402,43.40304,0,825.3684,0,0,0,11662.912,0,0,1101.2678,14.444129,0,0,657.1383,0,0,0,0,75.764656,0,4124.2046,259.45248,0,0,0,0,0,81.62271,0,0,0,0,646.79456,93.689514,0,165.74591,0,43.262722,0,27.279583,0,1352.5504,749.0366,66.015,0,7612.611,17.624735,84.22411,1240.3667,1550.6946,27.426754,70.12019,1675.5529,231.03168,0,0,0,34.500237,0,0,0,0,0,0,0,0,0,0,0,0,0,0,0,0,0,0,0,0,0,2381.8438,9125.695,0,0,38.67993,0,0,54.167778,0,3453.5935,0,0,31831.56,2878.3022,0,0,0,0,795.6231,1373.0402,0,0,0,2587.2617,0,0,0,0,3013.0664,3244.8125,662.07153,0,0,0,0,0,2641.7947,81.07408,1123.813,645.88776,0,0,0,0,1657.6001,6205.2803,288.031,15576.249,0,0,554.3091,0,0,3102.6387,0,4153.3667,NA
36315,467.3483354609705,7.9388757,area,NA,NA,NA,817,2952,[M+NH4]+,NA,5,36303;36196;36311;36312;36315,449.31427,0,0,0,0,0,0,0,0,0,0,0,0,0,0,0,0,0,0,0,0,0,0,0,0,0,0,0,0,0,0,15357.145,0,0,0,0,0,5891507,0,0,0,0,0,0,0,0,400.19583,0,0,0,0,0,0,0,0,0,0,0,0,0,0,0,0,0,0,0,0,0,0,0,0,0,0,0,21973.668,0,0,0,0,0,0,0,0,0,0,31.386845,0,0,0,0,0,0,0,0,0,0,0,17116.658,0,0,0,0,0,0,0,263.2375,0,0,0,0,0,738.395,0,0,0,0,0,0,0,0,0,0,0,0,0,18.955423,3833631.8,0,0,0,0,0,0,0,0,0,0,0,0,0,0,0,0,0,0,0,0,0,0,0,NA
32446,467.34850278376086,5.8361535,area,NA,NA,NA,NA,NA,,NA,NA,,NA,0,0,0,0,0,0,0,0,0,0,0,0,0,0,0,0,0,0,0,0,0,0,0,0,0,0,0,0,0,0,10.581794,0,0,0,0,0,13.20224,0,0,0,0,0,0,0,29.597927,0,0,0,0,0,0,0,0,0,0,0,0,0,0,0,0,0,0,0,0,0,0,0,0,0,0,0,0,971303.8,0,0,0,0,0,0,0,0,0,0,0,0,0,0,0,0,0,0,0,0,0,0,0,0,0,0,0,0,0,0,0,0,0,0,0,0,0,0,0,0,0,0,0,0,0,0,0,0,0,0,0,670507.75,0,0,0,0,0,0,0,0,0,0,0,0,0,0,0,0,0,0,0,0,0,0,0,NA
36935,467.3485233044975,8.243779,area,NA,NA,NA,614,2980,[M+NH4]+,NA,3,36931;36935;36918,449.3141,0,0,0,0,0,19516.232,0,0,0,0,0,0,12.592421,0,0,0,0,0,0,0,0,0,0,0,0,0,0,0,0,0,1291553.5,0,0,0,0,0,72099.52,0,0,0,0,0,0,0,0,574.90454,0,0,0,0,0,0,0,0,0,0,0,0,0,0,0,0,0,0,0,0,0,0,0,0,0,0,0,67.1051,0,0,0,0,0,0,0,0,0,0,0,0,0,0,0,0,0,0,0,0,0,20.357164,0,0,0,0,0,0,0,0,0,9.016537,0,0,0,0,4305820,0,0,0,0,0,0,0,0,0,0,0,0,0,0,67532.16,0,0,0,0,0,0,0,0,0,0,0,0,0,0,0,0,0,0,0,10.519684,0,0,0,NA
36074,468.3308702548461,7.8323045,area,NA,NA,NA,NA,NA,,NA,NA,,NA,0,0,0,0,0,0,0,0,0,0,0,0,0,0,0,0,0,0,0,0,0,0,0,0,0,0,0,0,0,0,0,0,0,0,0,0,0,0,0,0,0,0,0,0,0,0,0,0,0,0,0,0,0,0,0,0,0,0,0,0,0,0,0,0,0,0,0,0,0,0,0,0,0,0,0,0,0,0,0,0,0,0,0,0,0,0,0,0,0,0,0,0,0,0,0,0,0,0,0,0,0,0,0,0,0,0,0,0,0,0,0,0,0,0,221198.67,0,0,0,0,122.35507,0,0,0,0,187.97516,0,0,0,0,0,0,0,0,0,0,0,0,0,0,0,0,0,0,0,0,0,0,0,0,NA
39585,468.3335003970244,8.704592,area,NA,NA,NA,192,3168,[M+NH4]+,NA,2,39585;39599,450.29941,0,0,0,11.098326,0,0,0,0,4668.473,0,0,8903.352,13356.2705,7288.3604,0,0,15171.799,2425.2026,615.04474,5242.501,3430.1582,0,2705.3513,5694.6016,0,11.469532,0,9690.66,0,0,0,4767.422,0,2677.0903,1294.5295,7703.1953,0,2981.165,11.859628,4044.106,0,0,0,3070.4429,0,0,2213.4214,0,0,3326.4692,10.281059,0,3557.1965,0,0,1031.5483,6189.411,0,0,7735.1387,0,0,2072.213,5355.408,0,0,1363.1227,8408.988,2582.466,3467.9033,8011.1445,0,0,0,0,1372.7021,0,5014.464,4582.983,1482.7439,0,0,0,0,0,1365.6678,7785.825,7247.336,0,0,3313.0017,5230.07,3307.0886,908.80133,4381.125,799.73376,0,0,10575.234,0,0,10948.2295,4482.205,15965.729,0,5969.046,3761.931,0,0,10612.579,0,7772.353,7283.2314,18329.232,5030308.5,2516.3782,3348.6772,3867.5757,0,0,3269.6594,6396.5674,5905.676,750.4766,62854.11,0,1968.7798,6718.3223,11.126251,3705.6794,0,5172.7593,7396.962,9393.43,0,2707.241,0,2597.9512,3255.1836,11749.226,3324.3826,2021.5383,2052.1416,752.0656,6034.5767,8511.0205,7494.952,16167.982,7208.749,NA
37861,468.34638486512006,8.500337,area,NA,NA,NA,223,3046,[M-3H2O+H]+,NA,2,37820;37861,521.37139,23.469086,129.86826,29.195686,0,0,0,0,0,78.318855,53.426804,109.57222,25884.758,0,0,43.576637,0,0,0,58.315987,0,43.309048,0,0,0,0,0,0,0,0,0,0,0,185.41232,0,0,0,0,0,0,0,0,33.121513,0,0,0,0,0,68.85471,0,37.992928,0,0,0,16.148024,0,0,31.420097,0,0,0,20.029951,24.446503,0,0,0,21.289852,0,0,0,42.21295,0,52.59833,0,0,0,16.428577,0,0,0,24.737146,0,0,0,0,0,31.523922,0,0,0,0,0,0,19.168716,0,0,0,0,170.4898,0,0,46.242535,0,0,0,0,0,0,0,0,196.94609,8800.13,0,0,0,0,0,0,0,0,0,29.007078,0,0,0,0,162633.83,0,0,0,0,18.093977,0,0,0,0,0,0,56.57917,0,0,0,0,0,0,53.851654,0,156.90883,0,0,NA
41246,470.3625116475756,8.833643,area,NA,NA,NA,806,3317,[M-2H2O+H]+,NA,3,41342;40919;41246,505.37652,0,0,0,0,0,31085.785,0,0,0,0,0,0,0,0,0,0,0,0,0,0,0,0,0,0,0,0,0,0,0,0,0,0,0,0,0,0,0,0,0,0,0,0,0,0,0,0,0,0,0,0,0,0,0,0,0,0,0,0,0,0,0,0,0,0,0,0,0,0,0,0,0,0,0,0,0,0,0,0,0,0,0,0,0,0,0,0,0,0,0,0,0,0,0,0,0,0,28528.205,0,0,0,0,0,0,0,0,0,0,0,0,0,585534.4,0,0,0,0,0,0,0,0,0,0,0,0,0,144880.81,331395.78,0,0,0,0,0,0,0,0,0,0,0,0,0,0,0,0,0,0,0,0,0,0,0,NA
35901,472.3430133543676,7.62516,area,NA,NA,NA,NA,NA,,NA,NA,,NA,0,0,0,0,0,0,0,0,0,0,0,173.02718,0,0,0,0,12.500604,0,0,0,32.62574,0,0,20.177227,0,0,0,8.31338,0,0,0,0,0,0,0,17.595127,0,0,0,0,0,0,0,0,0,0,33.455917,0,0,9.533558,0,0,0,0,0,0,0,0,0,17.396042,0,0,11.911934,0,0,0,10.362808,17.741734,0,12.138714,19.068459,0,0,0,0,0,0,0,0,0,0,0,0,0,0,0,0,0,0,0,14.202685,0,0,0,26.997793,0,0,0,0,0,0,0,44.480522,80.769165,0,116.02501,0,0,0,0,0,0,14.048275,0,1996.3005,0,10.92681,0,0,0,0,18.049221,14.430434,0,77295.484,216379.55,0,0,0,0,0,0,9.807768,0,0,0,0,0,32.54132,0,22.293457,0,0,0,0,0,15.991447,0,0,NA
44912,472.3779222881497,9.048811,area,NA,NA,NA,NA,NA,,NA,NA,,NA,0,0,0,0,0,0,0,0,0,0,0,0,0,0,0,0,0,0,0,0,0,0,0,0,0,0,0,0,0,0,0,0,0,84.288666,0,0,0,650.26843,0,0,0,0,0,0,0,0,0,0,0,0,0,0,271.73572,0,0,0,181.52518,0,0,0,0,0,0,0,0,0,334.38696,0,0,0,551.655,0,0,0,0,0,0,0,0,0,0,0,0,0,0,0,0,0,0,0,0,0,0,0,0,0,0,0,0,0,0,108.39348,0,0,0,0,0,0,0,0,0,0,0,0,0,0,0,0,0,0,0,0,0,0,0,225864.89,0,0,0,0,0,0,0,0,0,0,0,0,0,0,0,0,0,0,0,0,0,0,0,NA
40227,474.3581762612861,8.782473,area,NA,NA,NA,NA,NA,,NA,NA,,NA,0,0,0,0,0,57285.69,0,0,0,0,0,0,0,0,0,0,0,0,0,0,436.08856,0,0,0,0,0,0,0,0,0,0,543.485,0,0,0,0,0,0,0,0,0,0,0,0,0,0,0,0,0,0,0,0,0,0,0,0,0,0,56.05217,794.35425,0,0,0,0,0,0,0,0,0,0,0,0,0,0,0,0,0,0,0,0,0,0,0,0,0,0,0,0,0,0,0,0,0,0,0,292.11584,34316.434,0,0,0,0,0,0,0,0,234.13991,405.875,0,0,0,1552717.8,714.88324,0,0,182005.84,0,0,143.977,0,0,0,491.19604,0,0,0,2001210.5,0,0,0,0,0,0,0,270.31726,0,0,0,148.13432,0,0,0,0,0,0,0,969.9509,0,0,0,NA
38380,474.3585702144304,8.561077,area,NA,NA,NA,268,NA,,NA,NA,,NA,0,0,0,0,0,0,0,0,0,0,0,0,0,0,0,0,72.2089,295.09842,0,330.46454,0,0,0,183.50528,0,0,0,73.76964,0,0,0,334.3593,0,0,0,0,0,0,0,0,0,0,0,0,0,0,574.79114,0,0,0,0,0,0,0,0,0,0,0,0,493.1869,0,0,0,0,0,0,0,334.95093,0,0,0,0,0,0,0,0,0,0,0,0,0,0,0,0,0,0,0,0,0,0,0,0,0,0,0,86.88627,0,0,0,0,0,0,0,0,0,0,374.14233,0,0,0,0,0,0,0,0,0,0,0,0,0,0,0,127.37825,0,157309.66,4177.434,0,0,0,0,0,0,113.20652,0,0,0,0,0,0,182.34088,121.68004,0,0,0,0,0,0,0,0,NA
36681,474.3589185195474,8.04627,area,NA,NA,NA,NA,NA,,NA,NA,,NA,0,0,0,0,0,0,0,0,38.743134,0,0,0,166.8444,16.843239,0,0,58.21232,75.46613,12.674907,71.95597,287.50906,0,121.00511,77.16586,0,0,0,55.074287,0,0,0,345.89932,0,196.34012,117.73425,173.71298,0,68.03031,0,90.50165,0,0,0,50.610413,0,0,254.98305,0,0,169.55869,0,0,16.9649,0,0,64.510895,69.485886,0,0,30.292088,0,0,181.59865,55.10247,0,0,220.97379,77.69908,125.48039,87.765205,389.97595,0,0,0,0,51.365658,0,37.617313,232.877,72.06353,0,0,0,0,0,19.05361,143.8266,796.3303,0,0,184.7181,69.05142,130.06693,85.67186,119.00362,62.574005,0,0,54.665638,0,0,14.196487,264.3608,154.73521,0,93.05996,146.54015,0,0,62.79201,0,185.2449,178.8048,338.23566,0,36.96001,43.0282,72.65845,0,0,172.99615,37.52799,50.12247,13.622515,0,370462.9,58.538967,25.45799,0,30.853008,0,81.30173,187.06299,79.82919,0,18.299282,0,98.73707,109.03179,101.38995,43.567444,17.686043,144.60213,20.077261,175.80075,263.96295,27.24205,263.63794,84.45424,NA
36532,476.3377907058272,8.004661,area,NA,NA,NA,393,2958,[M-H2O+H]+,NA,1,36514,493.34056,0,0,0,0,0,1689.6078,0,0,0,0,0,0,0,0,0,0,0,0,0,0,0,0,0,0,0,0,0,0,0,0,0,0,0,0,0,0,0,0,0,0,0,0,0,0,0,0,12.499073,0,0,0,0,0,0,0,0,0,0,0,0,0,0,0,0,0,0,0,0,0,0,0,0,0,0,0,0,0,0,0,0,0,0,0,0,0,0,0,0,0,0,0,0,0,0,0,0,0,0,0,0,0,0,0,0,0,0,0,0,0,0,0,741872.9,0,0,0,0,0,0,0,0,0,0,0,0,0,0,5711.9067,0,0,0,0,0,0,0,0,0,0,0,0,0,0,12.063599,0,0,0,0,0,0,0,0,NA
31920,476.3377924925806,5.610802,area,NA,NA,NA,NA,NA,,NA,NA,,NA,0,0,0,0,0,0,0,0,0,0,0,0,0,0,0,0,0,0,0,0,0,0,0,0,0,0,0,0,0,0,0,0,0,0,0,0,0,0,0,0,0,0,0,0,0,0,11.756204,0,0,0,0,0,0,0,0,0,0,0,0,0,0,0,0,0,0,0,0,0,0,0,0,0,0,0,0,0,0,0,0,0,0,0,0,0,0,0,0,0,0,0,0,0,0,0,0,0,0,0,0,0,0,0,0,0,0,0,0,0,0,0,0,8.338183,0,0,0,0,0,0,0,0,0,0,0,0,0,219396.45,0,0,0,0,0,0,0,0,0,0,0,0,0,0,0,0,0,0,0,0,0,0,0,NA
35660,476.3378526540775,7.610685,area,NA,NA,NA,NA,NA,,NA,NA,,NA,0,0,0,0,0,0,0,0,0,0,0,0,0,0,0,0,0,0,0,0,0,0,10.065272,0,0,0,0,0,0,0,0,0,0,0,25.058067,0,0,0,0,0,0,0,0,0,0,0,16.425245,0,0,0,0,0,0,0,0,0,0,0,0,0,0,0,0,0,0,0,0,0,0,0,14.831533,0,0,0,0,0,0,0,0,0,0,0,0,0,0,0,0,0,0,0,0,0,0,0,0,11.236133,15072.244,0,0,0,0,0,0,0,0,0,0,0,0,0,174.15457,0,0,0,43.82708,0,0,0,0,0,9.686443,0,0,0,0,1508933.8,0,0,0,11.299995,0,0,0,0,0,0,0,0,11.956166,0,0,0,0,0,0,0,0,0,0,NA
34169,476.3383333522246,6.841616,area,NA,NA,NA,NA,NA,,NA,NA,,NA,0,0,0,0,0,0,0,0,0,0,0,0,41.258606,38.88438,0,0,71.9843,11.160711,0,61.602676,39.391407,0,11.720214,52.810116,0,0,0,13.815,0,0,0,28.254833,0,20.005411,49.786713,26.733759,0,23.737125,0,54.092144,0,0,0,0,0,0,34.650154,0,0,52.381744,0,0,10.265697,0,0,32.34279,0,0,0,33.7045,0,0,16.802443,39.25741,0,0,9.783381,11.679306,57.198437,10.731273,84.19249,0,0,0,0,9.559707,0,11.611552,85.31378,39.951553,0,0,0,0,0,10.599851,12.259743,21.03131,0,0,16.731281,12.819425,17.554802,13.161041,56.920456,31.028574,0,0,12.201495,0,0,0,43.300095,26.951927,0,29.92886,13.817701,0,0,14.243877,0,47.685783,37.598694,72.810104,0,0,47.744034,0,0,0,15.099867,19.785671,70.29093,12.486261,0,123586.7,49.58974,14.8589115,0,15.253731,0,15.831114,27.652573,26.764378,0,17.905888,0,34.677147,13.675953,51.08857,108.87762,14.889927,25.796597,16.77315,24.207802,17.130577,77.04095,18.781609,26.814512,NA
32033,477.4053887291392,5.6677337,area,NA,NA,NA,NA,NA,,NA,NA,,NA,0,0,0,0,0,0,0,0,0,0,0,7695.215,0,0,0,0,0,0,0,0,0,0,0,0,0,0,0,0,0,0,0,0,0,0,0,0,0,0,0,0,0,0,0,0,0,0,0,0,0,0,0,0,0,0,0,0,0,0,0,0,0,0,0,0,0,0,0,0,0,0,0,0,0,0,0,0,0,0,0,0,0,0,0,0,0,0,0,0,0,0,0,0,0,0,0,0,1625558.6,0,0,0,0,0,0,0,0,0,0,0,0,0,0,0,0,0,757376.5,0,0,0,0,0,0,0,0,0,2218.7407,0,0,0,0,0,0,0,0,0,0,0,0,0,0,0,0,0,0,0,0,0,0,0,0,NA
30790,478.31707663491983,5.1296926,area,NA,NA,NA,NA,NA,,NA,NA,,NA,0,0,0,0,0,0,0,0,0,0,0,527.4492,0,0,0,0,0,0,0,0,0,0,0,0,0,0,0,0,0,0,0,0,0,0,0,0,0,0,0,0,0,0,0,0,0,0,0,0,0,0,0,0,0,0,0,0,0,0,0,0,0,0,0,0,0,0,0,0,0,0,0,0,0,0,0,0,0,0,0,0,0,0,0,0,0,0,0,0,0,0,0,0,0,0,47.4236,0,0,0,0,0,0,0,0,0,0,0,0,0,0,0,81.762436,0,0,0,0,0,0,0,0,0,0,0,0,0,0,347421,28.063147,0,0,0,0,0,0,0,0,0,0,0,0,0,0,0,0,0,0,0,0,0,22.514664,NA
14173,478.8008781846762,1.8942335,area,NA,NA,NA,122,NA,,NA,NA,,NA,0,77.890495,0,0,0,0,0,0,41224.52,0,0,0,86448.82,7239.9937,42.1438,0,85453.39,2198.6206,36725.37,81364.14,73529.7,0,57387.77,92919.234,0,0,0,103926.45,0,0,0,5320.5566,0,33779.39,3698.1396,22050.559,0,0,0,7833.3423,0,0,0,92482.32,0,0,14962.718,0,0,95616.03,0,20.398607,0,0,0,55238,38079.582,54.869167,0,69834.02,0,100.53881,75418.836,5473.0405,39.995052,0,6084.958,27592.56,1108.2334,2491.1208,16207.28,28.92046,0,0,0,32075.205,0,951.57227,50468.613,61292.35,0,0,0,0,0,3068.062,82006.62,3794.749,0,0,3046.8877,49160.363,63350.82,57543.566,0,19558.818,0,50.16947,13791.211,0,0,42243.832,2155.488,0,0,6964.0234,83993,0,0,47875.09,0,6133.9526,572.1185,15989.285,0,44709.03,101434.88,404.7105,0,0,23711.701,33138.277,98988.16,69140.45,0,0,0,3766.5696,0,69578.61,40.285645,94785.14,47806.453,161725.05,0,37338.7,0,44345.727,97592.75,36121.94,0,4154.32,75796.695,15116.639,74512.23,66461.54,6019.5923,0,0,NA
43465,479.37256242704274,9.016118,area,NA,NA,NA,192,3548,[M+H]+,NA,2,43465;43396,478.36599,0,0,0,0,11.819424,534.8856,10.381728,19.489285,14408.999,0,49.542126,0,23170.604,20495.43,0,11.815049,10721.707,13010.857,9979.075,22929.355,17401.305,12.551543,18156.309,36557.137,20.834652,0,0,34710.11,0,14.018694,0,16915.316,0,23724.03,26285.846,27276.785,17.27776,22422.158,11.469788,11172.2295,0,12.255909,13.19821,4104.743,0,0,21264.61,11.855631,0,12649.77,0,0,11201.733,11.855433,12.860899,24481.783,26211.842,14.471041,0,41633.395,0,13.251434,6108.2676,16363.304,0,0,16838.893,22082.107,15511.674,20860.164,29112.533,0,26.826324,20.924788,0,20107.416,0,13342.846,25946.793,19755.88,0,0,0,0,12.656477,10429.217,21875.193,33636.996,0,9.357315,22517.99,26329.066,21598.145,12367.527,15537.285,24487.037,0,13.970312,24177.402,10.774675,0,22418.57,10275.694,41424.957,10.201818,15268.499,9153.737,0,0,32333.365,0,20441.812,16657.686,25475.064,0,13899.372,27202.424,15800.302,10.713871,0,21909.85,15289.13,21225.021,10533.981,0,0,29303.65,16240.855,0,23054.68,18.45826,31825.115,37623.91,18300.479,10.566414,22154.42,0,14378.663,15546.397,23548.52,32164.088,17260.164,19586.184,14862.302,22994.775,22102.596,12909.794,20548.52,29978.234,NA
44258,479.3836219625182,9.046073,area,NA,NA,NA,NA,NA,,NA,NA,,NA,0,0,0,0,0,0,0,0,0,0,0,0,0,0,0,0,0,0,0,0,0,0,0,0,0,0,0,0,0,0,0,0,0,0,0,0,0,0,0,0,0,0,0,0,0,0,0,0,0,0,0,0,0,0,0,0,0,0,0,0,0,0,0,0,0,0,0,0,0,0,0,0,0,0,0,0,0,0,0,0,0,0,0,0,0,0,0,0,0,0,0,0,0,0,0,0,0,0,0,0,0,0,0,0,0,0,0,0,0,0,837.9408,0,0,0,186564.52,0,0,0,0,0,0,0,0,0,0,7538.5054,0,0,0,0,0,0,0,0,0,0,0,0,0,0,0,0,0,0,0,0,0,0,0,NA
25567,480.27806515177247,3.22596,area,NA,NA,NA,611,2122,[M-2H2O+H]+,NA,3,25567;25556;25559,515.29184,9.84446,8.777657,0,0,0,8.825762,0,10.378227,8227.363,0,10.439682,9.578804,1156.0957,16638.238,10.432323,0,27581.994,3424.3096,4327.9688,7389.225,5529.9243,0,6747.7324,9398.677,6.7753286,0,0,10626.08,0,0,0,4645.7017,0,1887.7677,9629.98,8889.998,0,34481.023,0,6758.116,9.643253,0,0,1880.5667,0,0,18241.893,0,0,2546.5486,0,8.377792,10789.424,0,0,13114.337,10939.275,8.2584505,0,50672.03,0,8.549803,21207.613,14701.695,9.621639,8.983156,2835.2114,2093.7983,999.1748,2368.4065,8600.274,8.252827,0,0,7.898775,667.45734,0,22888.805,8955.141,1665.461,0,0,9.757978,0,0,6658.689,4077.4106,9319.689,7.895769,0,5853.9946,1404.0265,1472.6885,2672.4426,23165.838,6710.476,0,10.009489,8301.957,10.406482,0,25310.762,4312.2974,6395.475,0,11648.775,34.55635,0,10.56495,8344.569,0,4161.472,834.90796,55948.586,0,3430.3237,231.69632,3764.7979,0,0,9537.729,19466.896,700.11896,437.0271,0,0,4733.604,15321.56,0,16556.43,0,13555.771,766.1178,6430.7007,0,5047.7505,0,11658.7,1242.0773,14962.332,21907.184,13032.033,1236.2455,9119.577,2570.597,2038.8628,28130.043,5458.261,33356.875,NA
26196,480.27795155384206,3.370361,area,NA,NA,NA,222,2257,[M-H2O+H]+,NA,1,27604,497.28123,8.380226,11.3352995,0,0,0,8.825762,0,0,6542.781,0,9.8360405,0,5420.06,8200.525,9.914293,0,7365.8125,2157.9646,4124.392,2641.8647,3146.255,0,12491.311,4928.723,0,0,0,6047.3223,0,0,0,540.20386,0,3965.3027,8208.371,5826.4873,0,18458.367,0,3961.8657,9.643253,0,0,3286.607,0,0,14744.516,0,0,3262.4321,0,8.3139305,5487.355,0,0,10273.759,4583.159,0,0,15348.466,0,8.549803,8458.146,8896.42,0,0,1621.3662,2058.0444,2770.56,3558.5576,6387.096,8.387708,0,0,7.898775,1006.70807,0,9663.916,6034.723,1174.2726,220.47562,17.108585,0,0,0,8083.2593,2489.6438,11070.147,0,0,8038.858,900.6387,2569.7131,5135.7017,6860.2593,9149.661,0,0,7217.725,8.946967,0,13195.884,3740.3435,14398.838,0,10412.983,210.99947,0,0,5846.653,0,5792.6694,3655.1482,32240.059,0,4476.3374,3200.1636,3351.3337,0,12.430714,8083.7397,4065.9177,3312.0684,547.328,0,0,7975.0024,8744.534,0,11545.055,0,9366.959,5002.5737,9616.133,0,6010.2466,0,5181.0225,770.9541,7679.12,13812.978,7949.261,2583.807,7742.3604,1308.9104,3918.9714,8750.596,7668.417,6106.7705,NA
26744,480.2783707124106,3.4724245,area,NA,NA,NA,222,2220,[M-2H2O+H]+,NA,7,26209;26718;26751;26702;26744;26720;26754,515.29174,9.894491,11.3352995,0,0,0,8.853108,0,0,21044.186,0,0,0,2452.2217,30043.252,9.914293,0,9254.934,8282.624,16067.126,2641.8647,3524.366,0,20362.982,35578.625,0,0,0,10525.8545,0,0,0,4852.0586,0,13386.828,23993.951,15016.709,0,55661.336,0,15800.296,9.6393795,0,0,3813.3083,0,0,21373.416,0,0,4692.7017,0,0,17353.537,0,0,31665.654,30804.225,0,0,24590.025,0,9.582155,17889.023,51953.324,0,0,13499.698,7169.2686,2394.8281,15522.325,7343.5454,9.288927,0,0,0,6007.7866,0,47768.395,26374.902,2460.7146,835.4779,17.108585,0,0,8.818737,18244.326,6030.353,36002.65,0,0,16904.172,4052.102,1509.0302,2549.3608,13455.509,19358.947,7.567914,0,17206.523,8.946967,0,60023.906,7689.575,25297.834,0,18432.979,1118.4526,0,0,18879.908,0,13001.559,20991.242,102606.23,0,14249.086,2545.4385,17532.752,0,12.430714,17298.969,8083.821,3943.7498,271.37247,0,0,23880.59,21192.229,0,30214.545,0,19977.158,2973.654,22197.586,0,18618.965,0,17246.441,4973.655,39780.594,25652.266,35387.934,10491,22693.568,2214.2173,9297.538,15620.262,13980.738,20697.953,NA
34335,480.33220508140425,6.9419613,area,NA,NA,NA,NA,NA,,NA,NA,,NA,0,0,0,0,0,0,0,0,0,0,0,0,0,0,0,0,0,0,0,0,0,0,0,0,0,0,0,0,0,0,0,11.809114,0,0,10.640116,0,0,0,0,0,0,0,0,0,0,10.042355,0,0,0,0,0,0,0,0,0,0,0,0,0,0,0,0,0,0,0,0,0,0,0,0,12.4819355,0,0,0,0,0,0,0,0,0,0,0,0,0,0,0,0,0,0,0,0,0,0,0,0,0,0,0,0,0,0,0,0,0,0,0,0,0,0,0,0,0,34.159115,0,0,0,0,0,0,0,0,0,0,0,45.60092,27036.646,0,0,0,0,0,0,0,0,0,0,0,0,0,0,0,0,0,0,0,0,12.53754,14.742029,0,NA
30761,480.3324346335462,5.145476,area,NA,NA,NA,NA,NA,,NA,NA,,NA,0,0,0,0,0,0,0,0,0,0,0,0,0,0,0,0,0,0,0,0,0,0,0,0,0,0,0,0,0,0,0,0,0,0,0,0,0,0,0,0,0,0,0,0,0,0,0,0,0,0,0,0,0,0,0,0,0,0,0,0,0,0,0,0,0,0,0,0,0,0,0,0,0,0,0,0,0,0,0,0,0,0,0,0,0,0,0,0,0,0,0,0,0,0,0,0,0,0,0,0,0,0,0,0,0,0,0,0,0,0,1103.7854,0,0,0,0,0,0,0,0,45.247726,0,0,0,0,0,3190638.5,0,0,0,0,0,0,0,0,0,0,0,0,0,0,0,0,0,0,0,0,0,0,0,NA
34670,480.3327184874338,7.145149,area,NA,NA,NA,NA,NA,,NA,NA,,NA,0,0,0,0,0,0,0,0,8.371853,0,0,0,0,0,0,0,0,0,0,10.098536,0,0,0,0,0,0,0,0,0,0,0,0,0,0,31.121565,0,0,23.613148,0,0,0,0,0,0,0,0,0,0,0,0,0,0,0,0,0,0,0,0,0,0,0,0,9.478575,0,0,0,0,0,0,10.166462,10.795862,0,0,0,0,0,0,0,0,0,0,0,0,0,0,0,0,6.549017,0,0,0,0,0,0,0,0,22953.092,0,0,0,0,7.180784,0,23.181194,0,0,0,0,0,0,191.67389,0,16.556583,0,0,0,0,0,0,0,0,8.225906,0,0,0,2899624.5,20.341755,0,0,0,0,0,0,0,0,0,0,0,0,0,12.025547,0,0,0,0,0,10.965386,30.930786,11.599863,NA
33093,480.33279598364766,6.1864324,area,NA,NA,NA,142,2773,[M+H]+,NA,2,33085;33074,479.32504,0,0,0,0,0,0,0,0,0,0,0,4606.434,0,10.462334,0,0,21.479263,0,0,15.317709,15.216351,0,0,15.246017,0,0,0,15.268362,0,0,0,25.778563,0,9.781239,13.685421,0,0,13.63069,0,0,0,0,0,0,0,0,53.277752,0,0,19.272484,0,0,9.600277,0,0,11.867773,0,0,0,37.059727,0,0,12.168354,0,0,0,11.279667,0,11.068551,13.125793,31.153463,0,0,0,0,0,0,0,12.282518,14.146315,0,0,0,0,0,0,8.621119,16.365135,0,0,11.597477,10.491486,0,27.11404,15.441851,27.228428,0,0,0,0,0,8.996127,7.5195713,28.736847,0,15.90673,0,0,0,10.615874,6485.465,0,27.614126,13.293438,0,0,0,0,0,0,0,10.962939,10.619168,0,0,2891752,57.35026,10.037546,0,15.555243,0,0,0,11.883999,0,9.872892,0,0,11.113415,11.752441,23.392962,0,16.18653,0,0,0,10.396858,0,23.164682,NA
35361,480.3328939037288,7.5135927,area,NA,NA,NA,600,2897,[M+H]+,NA,1,35366,479.32487,0,0,0,0,0,114739.53,0,0,0,0,0,0,11.438831,0,0,0,15.167596,0,0,0,0,0,0,22.965782,0,0,0,0,0,0,0,24.439152,0,0,7.3669653,0,0,0,0,0,0,0,0,0,0,0,0,0,0,0,0,0,0,0,91.716805,0,0,0,0,0,0,0,12.298796,0,0,0,8.299828,33.0794,11.418121,0,11.060312,0,0,0,0,0,0,0,0,0,0,0,0,0,0,0,11.437088,52.571407,0,0,0,0,0,0,0,0,0,0,35.015396,0,0,61.99549,0,0,0,21.287085,0,0,0,0,13224818,0,0,0,0,0,0,0,0,0,0,9.171023,13.181885,0,0,104352.836,39.89605,0,0,9.774961,0,0,0,17.763453,0,0,0,0,0,10.355503,15.22588,0,0,0,0,11.100768,0,11.953430000000001,0,NA
33391,480.33311905784217,6.445835,area,NA,NA,NA,NA,NA,,NA,NA,,NA,0,0,0,0,0,0,0,0,0,0,0,7151.4414,12.192397,0,0,0,36.360146,0,0,16.920565,13.5271,0,0,12.958357,0,0,0,0,0,0,0,19.099178,0,0,18.962482,17.391981,0,160.23184,0,0,0,0,0,0,0,0,0,0,0,0,0,0,0,0,0,0,0,0,0,57.015305,0,0,0,0,0,0,0,9.751446,16.09488,0,45.693253,0,0,0,0,0,0,0,0,27.59383,0,0,0,0,0,0,11.959896,10.604418,0,0,12.363235,9.180428,9.456316,16.417042,124.66041,50.50018,0,0,12.057637,0,0,0,13.847477,77.52613,0,18.36586,13.045265,0,0,0,210.1126,9.7962885,89.81347,0,0,0,0,0,0,0,0,12.473436,15.943115,0,0,271471.5,132.1877,0,0,12.70019,0,0,0,0,0,10.58694,0,0,0,0,33.447086,0,14.000883,26.324913,0,0,0,31.230904,33.60775,NA
37993,481.3634371860055,8.481191,area,NA,NA,NA,NA,NA,,NA,NA,,NA,0,0,0,0,0,24791.607,0,0,0,0,0,0,0,0,0,0,0,0,0,0,0,0,0,0,0,0,0,0,0,0,255.25768,0,0,0,0,0,0,0,0,0,0,0,0,0,0,0,0,0,0,0,0,0,0,0,91.65211,0,0,0,0,0,0,0,0,0,0,0,0,0,0,0,0,0,0,0,0,0,0,0,0,0,0,0,0,0,0,0,0,0,0,0,0,0,0,0,0,0,5795.451,0,0,0,0,0,0,0,0,0,0,0,0,0,5286054.5,0,0,0,489.83655,0,0,0,0,0,0,0,0,0,0,0,0,0,0,0,0,0,0,0,0,0,0,0,0,0,0,0,0,0,0,0,0,0,0,NA
33412,481.3644298389638,6.404837,area,NA,NA,NA,NA,NA,,NA,NA,,NA,0,0,0,0,0,0,0,0,0,0,0,0,0,0,0,0,0,0,0,0,0,0,0,0,0,0,0,0,0,0,0,0,0,0,0,0,0,0,0,0,0,0,0,0,0,0,0,0,0,0,0,0,0,0,0,0,0,0,0,0,0,0,0,0,0,0,0,0,0,0,0,0,0,0,0,0,0,0,0,0,0,0,0,0,0,0,0,0,0,0,0,0,0,0,0,0,0,0,0,0,0,0,0,0,0,0,0,0,0,0,169.23456,0,0,0,0,0,0,0,0,0,0,0,0,0,0,1185520.8,0,0,0,0,0,0,0,0,0,0,0,0,0,0,0,0,0,0,0,0,0,0,0,NA
29612,482.2942833590996,4.5957665,area,NA,NA,NA,NA,NA,,NA,NA,,NA,0,0,0,0,0,0,0,0,272.81693,0,0,0,12.101453,77.710014,0,0,16.423672,11.897427,63.20269,25.429018,8.829606,0,35.33874,51.827812,0,0,0,94.70861,0,0,0,0,0,16.436417,16.342484,96.211334,0,574.17017,0,14.109295,0,0,0,22.642658,0,0,156.48218,0,0,12.431321,0,0,144.97461,0,0,342.9084,162.76013,0,0,138.89763,0,0,17.145454,152.90543,0,0,12.876903,12.697333,0,51.16992,41.97436,0,0,0,0,13.574211,0,362.14642,48.68804,0,0,0,0,0,179641.33,96.8102,27.64862,137.82379,0,0,16.761154,24.843575,12.198413,10.841017,13.527188,14.421808,0,0,38.462433,0,0,495.46454,45.746166,17.037323,0,0,0,0,0,183.66127,0,18.618885,0,51.233475,0,44.354412,10.530457,32.533195,0,0,61.448566,9.516012,0,0,0,0,0,99.82808,0,32.070915,0,109.386765,40.97092,20.649418,0,31.12915,0,10.485779,39.267105,199.03214,0,215.8883,16.280617,108.263855,92.70538,11.680813,90.91772,41.514454,68.05472,NA
32177,483.3437235386843,5.72345,area,NA,NA,NA,570,2707,[M+NH4]+,NA,3,32161;32163;32177,465.30979,0,0,0,0,0,0,0,0,10.500151,0,0,40285.18,203.99918,113.270004,0,0,24.04493,0,24.010578,397.14935,171.71371,0,140.19743,199.90945,0,0,0,961.86176,0,0,0,0,0,0,11.591822,703.04016,1882.1973,82.629616,0,34.588036,0,0,0,10.312778,0,8160142,265.3435,0,0,11.214909,0,0,0,0,0,94.7523,62.714027,0,30.756687,157.0771,0,0,65.00267,33.880077,0,0,9.657063,25.059307,0,60.94775,54.395725,0,0,0,18.663557,0,0,12.1928425,13.738237,0,0,0,0,0,9.666169,80.94054,144.09492,105.18258,0,0,72.93484,11.547079,12552.455,0,325.173,22.620106,0,0,36.7075,0,0,378.02118,277.37323,131.31783,9.307884,29.288483,0,0,0,3907.2915,21334.86,0,24.904074,643.0554,0,23.044075,38.552135,0,0,56.730797,85.50224,0,388.8736,23.737091,38.88482,7845328,0,140.71591,0,33.14603,0,59.699112,15.338971,29.408585,0,11.642141,0,38.630753,300.674,22.500599,88.975655,12.667425,520.29486,29.979225,44.516525,351.11624,99.325966,85.00093,171.07884,NA
37404,486.31837307846416,8.410213,area,NA,NA,NA,NA,NA,,NA,NA,,NA,0,0,0,0,0,0,0,0,0,0,0,0,0,0,0,0,0,0,0,0,0,0,0,0,0,0,0,0,0,0,0,0,0,0,0,0,0,0,0,0,0,0,0,0,0,0,0,0,0,0,0,0,0,0,0,0,0,0,0,0,0,0,0,0,0,0,0,0,0,0,0,0,0,0,0,0,0,0,0,0,0,0,0,0,0,0,0,0,0,0,0,0,0,0,0,0,0,0,0,0,0,0,0,0,0,0,0,0,0,0,498.23016,0,0,0,0,0,0,0,0,0,0,0,0,0,0,895347.1,0,0,0,0,0,0,0,0,0,0,0,0,0,0,0,0,0,0,0,0,0,0,0,NA
38198,486.3187483928388,8.523801,area,NA,NA,NA,NA,NA,,NA,NA,,NA,0,0,0,0,0,30042.893,0,0,0,0,0,0,0,0,0,0,0,0,0,0,0,0,0,0,0,0,0,0,0,0,0,0,0,0,0,0,0,0,0,0,0,0,0,0,0,0,0,0,0,0,0,0,0,0,11.037738,0,0,0,0,0,0,0,0,0,0,0,0,0,0,0,0,0,0,0,0,0,0,0,0,0,0,0,0,0,0,0,0,0,0,0,0,0,0,0,0,0,0,0,0,0,0,0,0,0,0,0,0,0,0,0,874792.1,0,0,0,0,0,0,0,0,0,0,0,0,0,0,0,0,0,0,0,0,0,0,0,0,0,0,0,0,0,0,0,0,0,0,0,0,0,0,NA
36137,486.3210447289976,7.870676,area,NA,NA,NA,NA,NA,,NA,NA,,NA,0,0,0,0,0,0,0,0,0,0,0,0,0,0,0,0,0,0,0,0,0,0,0,0,0,0,0,0,0,0,0,0,0,0,0,0,0,0,0,0,0,0,0,0,0,0,0,0,0,0,0,0,0,0,0,0,0,0,0,0,0,0,0,0,0,0,0,0,0,0,0,0,0,0,0,0,0,0,0,0,0,0,0,0,0,0,0,0,0,0,0,0,0,0,0,0,0,0,0,0,0,0,0,0,0,0,0,0,0,0,44635.984,0,0,0,0,0,0,0,0,0,0,0,0,0,0,0,0,0,0,0,0,0,0,0,0,0,0,0,0,0,0,0,0,0,0,0,0,0,0,NA
41240,488.37271707892353,8.809023,area,NA,NA,NA,493,3293,[M-H2O+Na]+,NA,2,41391;41240,483.39328,0,0,0,0,0,75450.19,0,0,0,0,0,5635.965,349.79462,960.7201,0,0,753.8176,0,0,795.5176,0,0,706.1299,0,0,0,0,472.0571,0,0,0,0,0,804.3319,0,0,0,0,0,0,0,0,0,212.12695,0,0,0,0,0,0,0,0,0,0,0,0,0,0,0,0,0,0,0,0,0,0,380.63727,529.075,0,453.09485,850.6037,0,0,0,0,0,0,0,0,0,0,0,0,0,0,0,676.87103,0,0,0,0,0,533.2148,0,0,0,149946.53,0,0,0,0,0,0,0,0,0,634.74133,0,0,0,1361566.8,1008.80334,0,1108.9175,0,124.80549,0,0,0,0,0,0,0,0,324785.44,2072578.5,0,0,0,468.875,0,469.7799,0,0,0,815.31744,0,222.41797,0,0,0,0,0,0,0,0,949.9978,0,0,NA
38279,488.3732180373984,8.551589,area,NA,NA,NA,441,NA,,NA,NA,,NA,0,0,0,0,0,382.0545,0,0,5756.7046,0,0,0,4204.9937,30936.152,0,0,243.03154,11942.485,10424.068,2002.0496,2739.808,0,719.21405,7257.123,0,0,0,353.2453,0,0,0,235.79955,0,7073.872,19598.16,3682.0813,0,64854.91,0,19398.832,0,0,0,152.59267,0,0,7849.4897,0,0,159.40918,0,0,16016.643,0,0,302.69208,9356.165,0,0,4014.6138,0,0,9791.6875,28626.65,0,0,22610.578,341.8839,231.41226,917.41394,1277.6294,0,0,0,0,5581.24,0,38740.01,340.17148,113.04624,0,0,0,0,0,16407.195,1519.8674,216.76921,0,0,591.7542,4157.4688,119.81476,144.78778,7178.9395,233.52974,0,0,12165.98,0,0,14658.621,13423.768,22531.68,0,195.34917,509.4287,0,0,3452.4468,0,279.07187,2375.7065,21458.736,0,18758.861,9709.941,10633.051,0,0,13084.2295,218.32764,0,29899.873,0,452679.34,20358.71,43447.6,0,19660.662,0,186.4882,133.1358,1022.2637,0,21120.273,0,471.42773,17494.668,624.85693,15745.757,8784.756,9687.933,18101.48,368.21,246.25684,26242.693,3860.37,31515.63,NA
34453,489.3327486233024,6.9251084,area,NA,NA,NA,NA,NA,,NA,NA,,NA,0,0,0,0,0,574.91785,0,0,0,0,0,0,0,0,0,0,0,0,0,0,0,0,0,0,0,0,0,0,0,0,0,0,0,0,0,0,0,0,0,0,0,0,0,0,0,0,0,0,0,0,0,0,0,0,0,0,0,0,0,0,0,0,0,0,0,0,0,0,0,0,0,0,0,0,0,0,0,0,0,0,0,0,0,0,0,0,0,0,0,0,0,0,0,0,0,0,13.163015,0,0,0,0,0,0,0,0,0,0,0,0,0,158804.73,0,0,0,0,0,0,0,0,0,0,0,0,0,0,3209.6956,0,0,0,0,0,0,0,0,0,0,0,0,0,0,0,0,0,0,0,0,0,0,0,NA
33895,489.3328639018308,6.690589,area,NA,NA,NA,NA,NA,,NA,NA,,NA,0,0,0,0,0,0,0,0,0,0,0,0,0,0,0,0,0,0,0,0,0,0,0,0,0,0,0,0,0,0,0,0,0,0,0,0,0,0,0,0,0,0,0,0,0,0,0,0,0,0,0,0,0,0,0,0,0,0,0,0,0,0,0,0,0,0,0,0,0,0,0,0,0,0,0,0,0,0,0,0,0,0,0,0,0,0,0,0,0,0,0,0,0,0,0,0,4197.8926,0,0,0,0,0,0,0,0,0,0,0,0,0,0,0,0,0,0,0,0,0,0,0,0,0,0,0,0,143315.52,0,0,0,0,0,0,0,0,0,0,0,0,0,0,0,0,0,0,0,0,0,0,0,NA
33668,490.3537767642813,6.5075374,area,NA,NA,NA,NA,NA,,NA,NA,,NA,0,0,0,0,0,0,0,0,0,0,0,0,0,0,0,0,9.786955,0,0,0,13.359476,0,0,12.952277,0,0,0,0,0,0,0,18.979641,0,0,0,0,0,0,0,0,0,0,0,0,0,0,13.238599,0,0,0,0,0,0,0,0,10.117453,0,0,0,18.957108,0,0,0,0,0,0,0,0,35.721127,0,20.638565,0,0,0,0,0,0,0,0,0,0,0,0,0,0,0,0,0,0,0,20.299175,9.705042,0,0,90.44459,41.29949,0,0,8.311064,0,0,0,11.537965,9.663002,0,15.306726,0,0,0,0,0,0,0,0,0,0,0,0,0,0,0,37.43902,12.204877,0,82914.586,0,0,0,0,0,0,0,10.210869,0,0,0,0,0,9.091167,0,73.04413,8.562174,9.792361,0,0,14.344114,11.54411,0,9.371775,NA
36713,491.3848187210007,8.120274,area,NA,NA,NA,45,2963,[M+H]+,NA,1,36728,490.37761,0,0,0,0,0,0,0,0,0,0,0,0,0,0,0,0,0,0,0,0,0,0,0,0,0,0,0,0,0,0,0,0,0,0,0,0,0,0,0,0,0,0,0,0,0,0,0,0,0,0,0,0,0,0,0,0,0,0,0,0,0,0,0,0,0,0,0,0,0,0,0,0,0,0,0,0,0,0,0,0,0,0,0,0,0,0,0,0,0,0,0,0,0,0,0,0,858.38104,0,0,0,0,0,0,0,0,0,0,0,0,0,0,0,0,0,6944482.5,0,0,0,0,6186.081,0,0,0,0,43934.92,10713.352,0,0,0,0,0,0,0,0,0,0,0,0,0,0,0,0,0,0,0,0,0,0,0,NA
31779,492.3315479275293,5.5298796,area,NA,NA,NA,NA,NA,,NA,NA,,NA,0,0,0,0,0,0,0,0,0,0,0,56.642517,0,0,0,0,0,0,0,21.48901,20.568554,0,0,0,0,0,0,0,0,0,0,0,0,14.547442,18.701809,0,0,0,0,12.827957,0,0,0,0,0,0,13.477607,0,0,11.805014,0,0,0,0,0,11.343732,0,0,0,18.077288,0,0,13.871864,14.569044,0,0,0,0,15.512971,0,27.355534,0,0,0,0,0,0,0,0,0,0,0,0,0,0,0,0,0,0,0,12.358557,0,0,0,0,22.215313,0,0,0,0,0,0,11.636667,19.683403,0,34.354336000000004,0,0,0,12.107519,29.623684,0,45.806854,11.229216,0,0,10.633638,0,0,0,10.331247,16.571241,0,0,0,314186.97,0,0,0,0,0,0,14.506276,0,0,0,0,0,20.357502,0,36.135628,0,0,0,9.39587,0,10.894767,0,16.396986,NA
33698,492.3326344355352,6.583955,area,NA,NA,NA,NA,NA,,NA,NA,,NA,0,0,0,0,0,0,0,0,0,0,0,0,0,0,0,0,11.856632,0,0,9.427564,11.177061,0,0,12.411852,0,0,0,0,0,0,0,10.095461,0,0,11.298568,0,0,0,0,0,0,0,0,0,0,0,16.094082,0,0,9.308046,0,0,0,0,0,0,0,0,0,132.96838,0,0,0,11.2833,0,0,0,0,11.098531,0,31.603125,0,0,0,0,0,0,0,0,0,0,0,0,0,0,0,0,0,0,0,0,0,0,0,12.805248,46.019966,0,0,0,0,0,0,12.896624,18.719128,0,30.653616,0,0,0,0,347.37973,0,16.250156,15.977247,0,0,0,0,0,294.45645,0,35.781425,12.054646,0,0,93024.41,10.005461,0,0,16.025291,0,11.280268,10.4605465,0,0,0,0,11.415215,24.206408,9.804541,16.514946,0,0,0,0,0,20.037754,0,9.881956,NA
38796,492.3690705340734,8.6378765,area,NA,NA,NA,545,NA,,NA,NA,,NA,0,0,0,0,0,0,0,0,656.9747,0,0,0,1089.0374,273.21045,0,0,4043.1882,271.7398,73.83923,1752.3234,6097.2446,0,1529.8687,5724.3926,0,0,0,1276.1896,0,0,0,7596.852,0,363.06342,1148.2858,966.75,0,1935.8269,0,245.00218,0,0,0,565.03876,0,0,4348.8184,0,0,2078.8037,0,0,301.80643,0,11.207609,2056.2776,1678.9993,0,131.64801,6348.984,0,0,2244.394,1824.4658,0,0,597.0465,3870.4749,3654.4624,1178.6825,10891.727,0,0,0,0,590.8689,0,130.81993,1165.1493,651.6878,0,0,0,125.99985,0,141.26776,4270.94,559.1414,0,0,2703.501,2207.6382,387.00577,2610.679,838.17664,7406.674,0,0,650.477,0,0,888.8408,4301.189,2868.9836,0,4421.6455,1694.5024,0,0,1480.5837,4307.071,1474.8064,2579.5693,2221.9358,1765.396,104.012115,1973.8721,301.61224,0,0,2032.9886,4548.8228,3030.6692,85.966354,13997858,0,2044.0537,375.85516,0,1514.7009,0,204.94301,3048.56,2037.3064,0,1358.1276,0,2871.2693,3212.289,521.77686,7996.716,401.3789,680.1818,83.18466,1359.6995,1234.409,687.3712,754.3433,1627.3835,NA
35654,494.347899062519,7.665211,area,NA,NA,NA,NA,NA,,NA,NA,,NA,0,0,0,0,0,48.075382,0,0,0,0,0,0,0,0,0,0,16.638031,0,0,0,0,0,0,0,0,0,0,0,0,0,0,0,0,0,0,0,0,0,0,0,0,0,0,0,0,0,0,0,0,0,0,0,0,0,0,0,0,0,0,19.154922,0,0,0,0,0,0,0,51.63317,0,0,0,0,0,0,0,0,0,0,0,22.294067,0,0,0,0,0,0,10.356295,9.529872,0,0,25.632559,11.617391,0,0,0,0,28650.43,0,0,0,0,0,0,0,0,0,0,0,0,0,6540.821,0,17.928091,0,0,0,0,0,0,0,0,62.44509,0,0,0,2341915,0,0,0,0,0,0,88.5183,0,0,0,0,11.125903,0,0,0,0,0,0,0,0,0,0,20.47359,NA
36480,494.34814043126806,7.983243,area,NA,NA,NA,NA,NA,,NA,NA,,NA,0,0,0,0,0,132818.47,0,0,0,0,0,0,0,0,0,0,37.510597,0,0,0,0,0,0,0,0,0,0,0,0,0,0,0,0,0,0,0,0,0,0,0,0,0,0,0,0,0,0,0,0,0,0,0,0,0,47.23635,0,0,0,0,0,0,0,0,0,0,0,0,0,0,0,21.113983,0,0,0,0,0,0,0,0,15.032232,0,0,0,0,0,0,9.758508,11.415437,0,0,17.37442,0,0,0,15.664665,0,0,0,0,0,0,0,0,0,0,0,0,0,0,0,14415150,0,17.46209,0,0,0,0,0,0,0,0,8.060984,0,0,0,88582.65,0,0,0,0,0,0,14.846584,0,0,0,0,10.0353365,0,0,0,0,0,0,0,0,0,0,18.273607,NA
32962,494.3483259160402,6.144384,area,NA,NA,NA,NA,NA,,NA,NA,,NA,0,0,0,0,0,0,0,0,0,0,0,0,12.724718,11.115935,0,0,28.077187,0,0,16.845049,25.2159,0,0,58.53928,0,0,0,12.22086,0,0,0,17.78808,0,16.642742,8.753172,0,0,14.227834,0,0,0,0,0,0,0,0,11.997761,0,0,15.518734,0,0,0,0,0,0,0,0,0,20.949677,0,0,0,0,0,0,0,10.505583,27.82292,11.731448,52.941532,0,0,0,0,0,0,0,10.037702,12.545401,0,0,0,0,0,0,11.001644,10.28193,0,0,12.113245,11.673454,0,13.739746,30.43386,18.181053,0,0,0,0,0,0,13.270528,36.479652,0,22.496666,11.523092,0,0,51.322205,0,9.017696,22.738262,17.71889,1816210.6,0,0,0,0,29.662697,0,23.341995,15.144038,0,743.12445,257.16104,64.06063,0,0,7.4979687,0,0,12.349927,11.886156,0,0,0,0,10.116243,0,61.629906,0,11.66891,0,11.582656,16.441124,0,26.438965,30.532574,NA
28000,494.3483413929156,3.8960314,area,NA,NA,NA,NA,NA,,NA,NA,,NA,0,0,0,0,0,0,0,0,0,0,0,0,0,0,0,0,0,0,0,0,0,0,0,0,0,0,0,0,0,0,0,0,0,0,0,0,0,0,0,0,0,0,0,0,0,0,0,0,0,0,0,0,0,0,0,0,0,0,0,0,0,0,0,0,0,0,0,0,0,0,0,0,0,0,0,0,0,0,0,0,0,0,0,0,0,0,0,0,0,0,0,0,0,0,0,0,0,0,0,0,0,0,0,0,0,0,0,0,0,0,0,0,0,0,0,0,0,0,0,46879.613,0,0,0,0,0,35.735004000000004,0,0,0,0,0,0,0,0,0,0,0,0,0,0,0,0,0,0,0,0,0,0,0,NA
31921,494.34862554091086,5.665059,area,NA,NA,NA,NA,NA,,NA,NA,,NA,0,0,0,0,0,0,0,0,0,0,0,0,0,0,0,0,15.021404,0,0,0,0,0,0,17.50573,0,0,0,10.309044,0,0,0,21.830673,0,0,0,0,0,0,0,0,0,0,0,0,0,0,0,0,0,14.835322,0,0,0,0,0,0,0,0,0,18.29218,0,0,0,0,0,0,0,0,18.407307,12.437475,18.25273,0,0,0,0,0,0,0,12.729725,21.63444,0,0,0,0,0,0,11.937584,0,0,0,22.056393,0,0,0,0,19.128433,0,0,0,0,0,0,11.842741,13.271035,0,16.697521,0,0,0,0,532.4366,0,0,0,0,0,7.7329893,0,0,0,0,11.763023,0,0,0,2272367.8,132.41803,0,0,0,0,0,15.743293,9.491383,0,0,0,10.922886,0,0,15.191826,0,0,0,9.576982,0,0,0,9.966534,NA
36266,495.37927969198944,7.936956,area,NA,NA,NA,NA,NA,,NA,NA,,NA,0,0,0,0,0,0,0,0,0,0,0,0,0,0,0,0,0,0,0,0,0,0,0,0,0,0,0,0,0,0,32.273033,0,0,0,0,0,505906.97,0,0,0,0,0,0,0,0,0,0,0,0,0,0,0,0,0,0,0,0,0,0,0,0,0,0,0,0,0,0,0,0,0,0,0,0,72.475395,0,0,0,0,0,0,0,0,0,0,0,0,0,0,0,0,0,0,0,0,0,0,0,0,0,0,0,0,0,0,0,0,0,0,0,0,0,0,0,0,0,0,0,0,0,0,0,0,0,0,0,125957.64,0,0,0,0,0,0,0,0,0,0,0,0,0,0,0,0,0,0,0,0,0,0,0,NA
25204,496.3275599184223,3.165859,area,NA,NA,NA,NA,NA,,NA,NA,,NA,0,0,0,0,0,0,0,0,0,0,0,0,0,0,0,0,0,0,0,0,0,0,0,0,0,0,0,0,0,0,0,0,0,0,0,0,0,0,0,0,0,0,0,0,0,0,0,0,0,0,0,0,0,0,0,0,0,0,0,0,0,0,0,0,0,0,0,0,0,0,0,0,0,0,0,0,0,0,0,0,0,0,0,0,0,0,0,0,0,0,0,0,0,0,0,0,0,0,0,0,0,0,0,0,0,0,0,0,0,0,16.370949,0,0,0,0,0,0,0,0,79896.15,0,0,0,0,0,4055.5647,0,0,0,0,0,0,0,0,0,0,0,0,0,0,0,0,0,0,0,0,0,0,0,NA
30826,496.3278875683481,5.128226,area,NA,NA,NA,NA,NA,,NA,NA,,NA,0,0,0,0,0,0,0,0,0,0,0,36565.746,0,9.598177,0,0,49.19763,0,0,0,0,0,0,14.685429,0,0,0,7.7054358,0,0,0,16.293434,0,0,0,0,0,0,0,0,0,0,0,0,0,0,0,0,0,10.72336,0,0,0,0,0,0,0,0,9.130819,0,0,0,0,0,0,0,0,0,11.719839,0,20.160715,0,0,0,0,0,0,12.7499075,12.245134,25.936245,0,0,0,0,0,0,8.771671,0,0,0,0,0,0,0,0,0,0,0,0,0,0,0,0,0,0,0,0,0,0,0,8635.084,0,0,15.966713,0,0,0,0,0,0,0,0,0,0,0,6069843.5,25.416893,0,0,0,0,0,0,0,0,0,0,0,0,0,0,0,0,0,0,0,0,0,14.263939,NA
33085,497.3592734660791,6.1956544,area,NA,NA,NA,142,2773,[M+NH4]+,NA,3,33093;33085;33074,479.32504,0,0,0,0,0,0,0,0,0,0,0,21322.014,0,0,0,0,11.219818,0,0,0,0,0,0,0,0,0,0,0,0,0,0,0,0,0,0,0,0,0,0,0,0,0,0,0,0,0,0,0,0,0,0,0,0,0,0,0,0,0,0,0,0,0,0,0,0,0,0,0,0,0,0,0,0,0,0,0,0,0,0,0,0,0,0,0,0,0,0,0,0,0,0,0,0,0,0,0,0,0,0,0,0,0,0,0,0,0,0,0,0,10.141329,16935.613,8.665974,0,15.187406,0,0,0,0,0,0,0,0,0,0,0,7365769.5,0,0,0,0,0,0,0,0,0,0,0,0,0,0,0,0,0,0,0,0,0,0,0,NA
25623,498.2856594138818,3.2785878,area,NA,NA,NA,222,NA,,NA,NA,,NA,0,0,0,0,0,0,0,0,2089.4954,0,9.126656,0,12952.96,10802.618,0,0,22425.232,224.7786,807.3579,5789.392,13715.782,0,2161.3198,1258.0704,0,0,0,4412.1763,0,0,0,29510.61,0,2391.2402,5153.565,3202.3003,0,41320.82,0,848.98883,0,0,0,1349.2798,0,0,74430.02,0,0,521.1772,0,0,12213.74,0,0,3809.508,900.6858,0,0,114220.55,0,0,28058.322,525.75964,11.064131,0,7633.7095,182.30228,2422.8955,105.166016,23021.701,0,0,0,0,231.24338,0,39913.81,6429.4067,11845.892,0,0,0,0,0,455.93494,3918.1726,3416.9192,0,0,1058.0476,724.6669,2798.3625,23237.73,22081.48,1363.5697,0,0,1240.7273,0,0,23586.79,2755.9531,1962.5336,0,18907.236,138.35643,0,0,3618.725,0,1726.3137,777.24963,18199.404,0,249.17632,3889.5042,80.607086,0,0,8457.281,11144.995,131.84589,3051.4473,0,0,656.36926,287.6938,0,8949.814,0,7716.27,2927.5671,1549.774,0,339.35275,0,11344.274,8810.026,3597.8252,43975.16,2445.9595,256.0213,855.5733,160.55324,517.1234,16788.412,232.97722,54808.066,NA
26171,498.287236318396,3.423841,area,NA,NA,NA,NA,NA,,NA,NA,,NA,0,10.3635435,0,0,0,0,0,0,15219.861,0,18.949755,0,6028.608,25200.043,0,0,4694.6885,6133.3086,8231.036,12577.124,13715.782,0,9448.223,29531.238,0,0,0,22885.234,0,0,0,2762.1187,0,10303.094,2794.5386,9159.732,0,47484.992,0,2547.3264,0,0,0,2883.1472,0,0,17574.594,0,0,3657.614,0,0,3122.38,0,0,29171.977,24380.434,0,0,31978.793,0,0,4020.5566,61105.402,13.919513,0,14385.277,2762.6257,1573.5333,8646.099,3640.095,12.6548605,0,0,0,6077.9956,0,35266.293,10399.154,1780.4353,0,0,0,0,0,23010.297,9094.904,17010.164,0,0,7211.7036,2987.7769,2798.3625,3163.982,16825.938,15511.637,0,8.414132,5633.1504,0,0,44309.69,14093.161,1877.9358,0,10627.079,1363.3616,0,0,21282.611,0,4843.938,15801.412,71729.125,0,22111.113,2439.6482,10237.209,0,0,10547.085,4339.288,10059.232,6071.019,0,0,14222.748,15890.469,0,11918.148,0,9524.679,27401.258,28439.66,0,18541.38,0,9978.941,9691.975,28511.188,8773.514,19247.357,4726.8115,10246.29,6105.4946,4823.012,9817.271,2990.2065,25323.596,NA
41616,498.3442048423652,8.845798,area,NA,NA,NA,746,NA,,NA,NA,,NA,83.2012,66.85681,129.16422,18.127975,54.454536,0,43.380077,49.475525,178.76,15.794004,115.76488,0,1725.9639,1017.25903,71.91933,14.661177,1752.8022,714.30756,530.3494,1107.3738,586.17676,30.566683,675.74133,1491.2032,29.855635,26.86517,88.320435,919.6117,17.316895,46.750927,29.46196,3091.1162,18.906246,1529.678,1444.5605,203.74416,20.124413,2493.5208,89.31894,8626.252,28.272797,72.60351,70.61787,627.78723,33.61089,27.243137,971.6631,221.15843,16.662485,1181.8635,94.54959,73.65882,597.33813,36.174816,15.331291,760.0325,227.10208,58.111607,100.84149,1034.7498,41.429527,152.57434,3817.8826,1819.0863,17.253918,188.04234,1217.4601,209.8859,5888.4546,4275.1636,1401.8052,287.70505000000003,0,27.204964,45.659203,527.90375,17.764761,1591.4739,1393.8417,1495.8074,0,20.082981,23.56767,0,50.716293,495.47443,408.39438,2352.9702,97.09474,40.87105,499.1081,1096.0364,658.005,1470.2688,2519.7695,1953.4767,0,28.358295,683.5108,28.419939,63.897083,174.91403,2781.6907,533.92944,32.5734,2028.0892,1094.0554,21.521826,18.611668,1894.6094,0,423.829,4447.481,1609.8553,0,277.72156,1765.7606,1315.4495,17.044409,0,2599.974,957.2448,1235.8851,277.83047,0,249003.38,2630.377,2245.173,17.243402,768.2241,39.55564,1002.0183,1826.2312,535.1934,29.677853,941.5408,16.61753,751.3117,1415.9048,848.0481,3104.5874,694.83496,971.63403,993.4762,3370.1438,987.86597,2524.2666,3390.922,1495.7015,NA
29614,499.32118269328,4.5928335,area,NA,NA,NA,NA,NA,,NA,NA,,NA,0,0,0,0,0,0,0,0,14.275345,0,0,0,0,10.147714,0,0,0,0,0,0,0,0,0,0,0,0,0,0,0,0,0,0,0,0,0,0,0,45.792885,0,0,0,0,0,0,0,0,12.893709,0,0,0,0,0,11.288892,0,0,0,0,0,0,45.577698,0,0,0,0,0,0,0,0,0,0,0,0,0,0,0,0,0,48.5614,0,0,0,0,0,0,118349.62,0,0,18.486145,0,0,0,0,0,0,0,0,0,0,0,0,0,23.719349,0,0,0,0,0,0,0,0,0,0,0,12.510832,0,0,0,0,0,0,0,0,0,0,0,0,0,0,0,0,0,0,0,0,0,0,0,0,0,16.658503,0,10.203098,0,18.98318,0,0,0,0,0,NA
29648,500.30466604237904,4.588616,area,NA,NA,NA,NA,NA,,NA,NA,,NA,0,0,0,0,0,0,0,0,100.43631,0,0,0,38.554176,197.29332,0,0,58.848732,0,26.534885,32.895367,0,0,85.423515,121.84363,0,0,0,77.709274,0,0,0,0,0,55.010914,76.37091,78.61122,0,233.29224,0,20.56625,0,0,0,15.627941,0,0,138.216,0,0,17.670156,0,0,150.48004,0,0,232.74583,119.1064,0,0,833.4832,0,0,60.232788,83.715164,0,0,21.83038,95.57711,18.912092,17.711521,70.184715,0,0,0,0,11.222561,0,1001.9857,70.96344,0,0,0,0,0,324900.06,50.6821,20.378628,570.29065,0,0,72.857056,20.369743,0,0,0,30.442673,0,0,72.74136,0,0,411.14185,108.84241,263.54303,0,0,0,0,0,353.63614,0,23.360899,24.355602,166.97624,0,36.530403,14.432342,35.909164,0,0,120.77777,31.499577,44.195316,0,0,0,42.032955,70.99624,0,220.87653,0,150.75261,50.983788,110.338005,0,121.26619,0,44.55384,23.220905,179.75552,103.59355,204.72888,20.998177,82.984985,44.96254,40.313583,191.2461,47.98045,66.11357,NA
34160,500.3052045350181,6.805781,area,NA,NA,NA,714,2819,[M+H]+,NA,1,34161,499.29766,0,0,0,0,0,0,0,195270.67,1201.1356,0,0,0,844.8734,205.72826,0,0,1239.0426,74.522514,44.697792,135.15129,28.669804,0,677.738,190.88348,0,0,0,105.45276,0,0,0,53.350414,0,77.59769,921.8367,436.88733,0,2879.5786,16.76124,481.31946,0,0,0,123.92456,0,0,1071.7926,0,0,122.36415,0,0,293.62537,0,0,1029.0771,245.75897,0,0,64.910736,0,0,471.91742,1668.8124,0,0,745.5832,93.154366,12.741164,38.36238,961.3762,0,0,0,0,24.670324,0,2135.5393,179.59596,24.950912,0,0,0,0,0,215.0635,1318.541,945.65735,0,85.83686,94.299736,94.66249,79.29674,73.80992,24.825628,107.81295,0,0,352.96024,0,0,2075.408,54.42987,564.5319,0,1528.6119,35.57304,0,0,383.456,0,696.53424,171.53389,1678.0287,0,390.90796,247.7174,184.2431,0,0,253.40056,530.17816,96.839485,12.991659,0,0,31.139282,280.12598,0,3545.0334,0,284.78076,142.67496,149.96005,0,201.63,0,50.100105,65.783585,76.8329,163.39296,724.46985,1754.039,1573.0967,109.620384,4421.484,1849.3594,6059.041,720.1881,NA
38996,501.3359410991817,8.641391,area,NA,NA,NA,NA,NA,,NA,NA,,NA,0,0,0,0,0,0,0,0,0,0,0,0,0,0,0,0,0,0,0,0,0,0,0,0,601105.75,0,0,0,0,0,0,0,0,0,0,0,0,0,0,0,0,0,0,0,0,0,0,0,0,0,0,0,0,0,0,0,0,0,0,0,0,0,0,0,0,0,0,0,0,0,0,0,0,0,0,0,0,0,0,0,0,0,0,0,1893.9734,0,0,0,0,47.55961,0,0,0,0,0,0,0,0,0,0,0,0,0,0,0,0,0,0,0,0,0,0,0,555.753,9749.678,0,0,0,0,0,0,0,0,0,0,0,0,0,0,0,0,0,0,0,0,0,0,0,0,0,0,0,0,0,0,0,0,0,0,NA
40254,501.3676313299057,8.716202,area,NA,NA,NA,NA,NA,,NA,NA,,NA,0,0,0,0,0,0,0,0,0,0,0,0,0,0,0,0,0,0,0,0,0,0,0,0,0,0,0,0,0,0,0,0,0,0,0,0,0,0,0,0,0,0,0,0,0,0,0,0,0,0,0,0,0,0,0,0,0,0,0,0,0,0,0,0,0,0,0,0,0,0,0,0,0,0,0,0,0,0,0,0,0,0,0,0,0,0,0,0,0,0,0,0,0,0,0,0,0,0,0,0,0,0,0,0,0,0,0,0,0,0,0,0,0,0,1157604.1,0,0,0,0,0,0,0,0,0,1386.403,0,0,0,0,0,0,0,0,0,0,0,0,0,0,0,0,0,0,0,0,0,0,0,0,NA
34656,502.3132636630703,7.076327,area,NA,NA,NA,NA,NA,,NA,NA,,NA,10.421703,10.619911,0,0,0,0,0,0,10.901974,0,30.755856,0,0,0,19.842573,0,0,11.234156,14.65255,12.071127,0,0,0,0,0,0,0,11.1781025,0,0,0,20.280327,0,14.867725,16.77354,0,0,25.20808,0,11.8679905,0,23.314943,0,0,0,0,20.22258,10.970656,0,0,0,9.20275,25.809795,0,0,15.369603,47.335228,0,0,0,0,73.44812,20.30432,9.515881,0,0,17.161167,23.031662,9.850759,12.591791,0,30.75057,0,0,0,14.000504,0,0,0,0,0,0,0,0,0,10.260885,0,0,0,0,0,9.942162,20.210865,0,0,0,7413.2183000000005,0,0,0,19.835768,14.126932,11.9468975,0,0,0,0,0,0,11.516147,0,10.161853,11.728033,37.56443,0,0,16.177334,0,0,0,22.939838,52.552345,0,0,0,692658.8,0,14.818047,0,0,9.7482815,0,0,10.841644,0,11.000603,0,0,18.308208,0,0,15.308157,11.092081,0,10.853943,0,16.387623,12.054939,0,NA
33074,502.31338187402025,6.1777377,area,NA,NA,NA,142,2773,[M+Na]+,NA,3,33093;33085;33074,479.32504,0,0,0,0,0,0,0,0,0,0,51.80468,415.4477,0,0,7.8670692,0,0,10.826573,12.010366,0,0,0,0,0,0,0,0,17.297813,0,0,0,18.778162,0,10.979905,12.263235,0,0,51.788506,0,0,0,20.564425,0,0,0,0,9.78291,0,0,9.600979,0,9.661574,19.92804,0,0,13.303499,12.728609,0,0,0,0,28.840809,17.294811,0,0,0,15.305315,12.078479,0,8.560614,0,40.96442,0,0,0,0,0,0,0,0,0,0,0,0,0,13.964006,0,0,0,0,0,0,9.997855,0,11.876572,16.426754,0,0,0,0,15.429316,0,10.595147,0,0,11.726252,0,0,0,15.427321,1020.7098,22.616106,14.031212,20.86332,0,0,19.60835,0,0,0,31.541569,16.836796,0,0,0,1238956.2,0,10.6215725,0,0,0,0,0,0,0,12.643823,0,0,47.053905,0,22.194939,27.391994,0,0,10.282396,0,18.161137,15.916214,23.522179,NA
35366,502.3135490905661,7.5006785,area,NA,NA,NA,600,2897,[M+Na]+,NA,4,35349;35366;35361;35364,479.32487,0,0,11.648148,0,0,17337.232,0,0,15.208093,0,48.606518,0,0,0,12.156233,0,0,17.133877,19.023369,16.74194,13.182911,0,0,0,0,0,0,14.578083,0,0,0,31.063568,0,16.704721,17.63231,0,0,21.463486,0,10.7085,0,17.078642,0,0,0,0,31.853825,13.353981,0,12.666359,0,11.263752,16.413467,0,0,42.22008,45.621796,0,0,13.318629,0,47.828377,25.569916,20.79907,0,0,58.77115,26.7221,0,14.276357,0,72.17134,0,0,0,11.570208,0,0,0,39.7812,0,0,0,0,0,12.119532,0,8.562403,0,0,0,15.112995,18.140583,9.610785,26.383465,21.122658,0,10.94953,0,0,11.569962,0,17.084743,0,0,11.308098,0,0,0,21.606546,1210655.6,13.62816,15.699352,29.311333,0,0,14.479806,0,0,0,17.020935,34.718933,0,0,0,1649.4077,0,12.503638,0,11.60039,9.972086,0,0,12.558092,0,14.976385,0,0,35.859447,0,0,17.27743,12.19614,0,0,0,20.073229,19.265259,0,NA
34134,503.34753171231125,6.762975,area,NA,NA,NA,NA,NA,,NA,NA,,NA,0,0,0,0,0,0,0,0,0,0,0,0,0,0,0,0,0,0,0,0,0,0,0,0,0,0,0,0,0,0,0,0,0,0,0,0,0,0,0,0,0,0,0,0,0,0,0,0,0,0,0,0,0,0,0,0,0,0,0,0,0,0,0,0,0,0,9.391771,0,0,0,0,0,0,0,0,0,0,0,0,0,0,0,0,0,0,0,0,0,0,0,0,0,0,0,0,6.94827,196.86586,0,0,0,0,0,0,0,0,0,0,0,0,0,11.2544,0,0,0,0,0,0,0,0,0,0,0,0,0,0,219325.75,0,0,0,0,0,0,0,0,0,0,0,0,0,0,0,0,0,0,0,0,0,0,0,NA
30291,503.3481217143137,4.857895,area,NA,NA,NA,NA,NA,,NA,NA,,NA,0,0,0,0,0,0,0,0,0,0,0,50.295242,0,0,0,0,0,0,0,0,0,0,0,0,0,0,0,0,0,0,0,0,0,0,0,0,0,0,0,0,0,0,0,0,0,0,0,0,0,0,0,0,0,0,0,0,0,0,0,0,0,0,0,0,0,0,0,0,0,0,0,0,0,0,0,0,0,0,0,0,0,0,0,0,0,0,0,0,0,0,0,0,0,0,0,0,0,0,0,0,0,0,0,0,0,0,0,0,0,0,0,0,0,0,35.639668,0,0,0,0,10248.835,0,0,0,0,0,28862.736,0,0,0,0,0,0,0,0,0,0,0,0,0,0,0,0,0,0,0,0,0,0,0,NA
34732,503.3483747000855,7.087477,area,NA,NA,NA,NA,NA,,NA,NA,,NA,0,0,0,0,0,18.066849,0,0,0,0,0,0,0,0,0,0,0,0,0,0,0,0,0,0,0,0,0,0,0,0,0,0,0,0,0,0,0,0,0,0,0,0,0,0,0,0,0,0,0,0,0,0,0,0,0,0,0,0,0,0,0,0,0,0,0,0,0,0,0,0,0,0,0,0,0,0,0,0,0,0,0,0,0,0,0,0,0,0,0,0,0,0,0,0,0,0,0,0,0,0,0,0,0,0,0,0,0,0,0,0,145971.53,0,0,0,0,0,0,0,0,0,0,0,0,0,0,214.25098,0,0,0,0,0,0,0,0,0,0,0,0,0,0,0,0,0,0,0,0,0,0,0,NA
39601,503.38349966346607,8.689461,area,NA,NA,NA,NA,NA,,NA,NA,,NA,0,0,0,0,0,0,0,0,0,0,0,0,0,0,0,0,0,0,0,0,0,0,0,0,0,0,0,0,0,0,0,0,0,0,0,0,0,0,0,0,0,0,0,0,0,0,0,0,0,0,0,0,0,0,0,0,0,0,0,0,0,0,0,0,0,0,0,0,0,0,0,0,0,0,0,0,0,0,0,0,0,0,0,0,0,0,0,0,0,0,0,0,0,0,0,0,6840.5654,0,0,0,0,0,0,0,0,0,0,0,0,0,0,0,0,0,1742203.5,0,0,0,0,0,0,0,352.44586,0,5085.67,19645.06,0,0,0,0,0,0,0,0,0,0,0,0,0,0,0,0,0,0,0,0,0,0,0,NA
29348,504.26276197080085,4.4698944,area,NA,NA,NA,823,2428,[M+NH4]+,NA,2,29335;29348,486.22955,0,0,0,0,0,0,0,0,1130.5841,0,0,0,27603.852,8302.754,0,0,22197.176,2420.3513,4283.909,27637.605,14297.911,0,7883.852,28480.45,0,0,0,8287.429,0,0,0,26160.877,0,2128.7136,8343.517,4976.334,0,19987.967,0,4513.7495,0,0,0,4576.498,0,0,16602.303,0,0,7069.0225,0,0,4511.65,0,0,11712.522,2755.4297,0,0,50898.215,0,0,8853.186,5384.9185,0,0,1726.1465,6883.492,32533.57,7265.905,123852.02,0,0,0,0,2495.3706,0,5077.1367,1858.0382,4902.1875,0,0,0,0,0,4418.134,21561.566,908.2279,0,0,19035.396,19067.424,5501.454,8264.437,35053.094,16821.44,0,0,4515.9766,0,0,1041.36,15364.3545,17656.709,0,11169.423,23680.227,0,0,8406.138,0,5723.302,22729.64,3125.5625,0,1269.2755,8373.005,1488.2142,0,0,11978.557,12489.928,16509.738,7951.8506,0,0,26122.74,6755.9404,0,13091.26,0,7210.266,9957.5625,6535.327,0,7813.5347,0,9971.277,14370.211,1984.346,29210.225,4701.7754,82738.93,12851.798,3398.733,29639.03,8866.594,68221.79,26425.602,NA
28994,504.2627710996716,4.2948403,area,NA,NA,NA,468,2403,[M+H]+,NA,1,28999,503.25532,0,0,0,0,0,0,0,0,493.575,0,0,0,10372.221,1921.3478,0,0,11050.175,129.88164,120.703026,17196.637,14901.541,0,5939.6733,6064.0327,0,0,0,3916.8547,0,0,0,39441.55,0,211.63266,3881.198,1155.3049,0,6756.426,0,50.31783,0,0,0,1632.9204,0,0,16491.65,0,0,639.3822,0,0,2188.9348,0,0,4803.3584,1182.5894,0,0,37443.312,0,0,1337.3667,141.54117,0,0,1428.6416,36.283123,43944.867,1120.0951,94402.375,0,0,0,0,151.10127,0,599.66833,50.118282,1562.8279,0,0,0,0,0,615.6846,7735.429,42.305634,0,0,11204.368,3721.1162,1207.0912,12543.538,34316.57,15548.942,0,0,76.70029,0,0,33.13871,12439.341,5991.3555,0,4504.9165,22136.129,0,0,704.29285,0,88.15224,2819.2314,0,0,56.790176,4930.5903,64.90946,0,0,339.84927,4520.1797,7032.6133,1729.1576,0,0,19990.736,495.11426,0,8717.653,0,1519.5211,5686.6685,169.88818,0,750.881,0,1657.0725,13122.198,28.06662,20812.738,474.27142,20015.523,2437.7273,226.41211,5997.768,5941.656,60275.03,17101.209,NA
30201,504.26287436608243,4.8174143,area,NA,NA,NA,455,2504,[M+NH4]+,NA,3,30182;30185;30201,486.22929,0,0,0,0,0,0,0,0,12396.541,0,0,0,187075.58,45235.03,0,0,135810.72,10296.097,17979.99,129848.984,67742.58,0,42803.637,211267.42,0,0,0,49495.406,0,0,0,182413.52,0,15583.555,37157.438,24309.064,0,80762.64,0,17415.625,0,0,0,30354.678,0,0,71777.92,0,0,47076.22,0,0,21024.365,0,0,55297.32,27588.955,0,0,232298.6,0,0,23666.504,10225.118,0,0,9826.381,33478.16,160063.86,19479.02,563548.1,0,0,0,0,16726.295,0,10566.879,13982.37,34290.1,0,0,0,0,0,19135.639,135470.88,7501.3467,0,0,96906.71,115813.4,35184.77,39998.105,175169.86,120667.8,0,0,19050.566,0,0,3673.8933,50054.79,61443.31,0,63892.043,198513.06,0,0,50093.918,0,16749.037,101587.516,7675.5195,0,8056.505,53263.688,3355.2036,0,0,22533.617,40663.152,104093.82,46871.113,0,0,175061.56,31942.49,0,52371.566,0,37805.28,72259.25,23966.252,0,23954.885,0,35198.83,105768.68,10195.019,182202.19,15799.791,277267.38,61642.53,22699.895,117580.586,35680.73,302862.1,98510.55,NA
35451,504.3315796815635,7.50353,area,NA,NA,NA,NA,NA,,NA,NA,,NA,0,0,0,0,0,0,0,0,0,0,0,0,0,0,0,0,0,0,0,18.395844,10.712967,0,11.6158495,23.175976,0,0,0,0,0,0,0,0,0,0,18.215143,0,0,18.373566,0,0,0,0,0,11.222854,0,0,21.29434,0,0,18.042767,0,0,0,0,0,0,0,0,0,12.3359585,0,0,9.827725,10.28487,0,0,0,0,39.442654,0,14.34738,0,0,0,0,0,0,0,0,0,0,0,0,0,0,0,12.160417,0,0,0,30.417503,9.163306,0,0,102.03819,47.403404,0,0,0,0,0,0,0,23.374706,0,21.30997,13.169048,0,0,0,0,9.683443,0,0,0,0,11.238747,0,0,0,11.770216,23.673225,44.93705,0,0,528344.7,108.77488,9.061132,0,30.430975,0,22.375406,17.880444,0,0,0,0,0,0,0,185.99698,0,0,0,27.783041,15.915901,13.518404,15.311451,110.13184,NA
36138,504.33199409049377,7.870676,area,NA,NA,NA,NA,NA,,NA,NA,,NA,0,0,0,0,0,0,0,0,0,0,0,0,0,0,0,0,0,0,0,0,0,0,0,0,0,0,0,0,0,0,0,0,0,0,0,0,0,0,0,0,0,0,0,0,0,0,0,0,0,0,0,0,0,0,0,0,0,0,0,0,0,0,0,0,0,0,0,0,0,0,0,0,0,0,0,0,0,0,0,0,0,0,0,0,0,0,0,0,0,0,0,0,0,0,0,0,0,0,0,0,0,0,0,0,0,0,0,0,0,0,89125.56,0,0,0,0,0,0,0,0,0,0,0,0,0,0,0,0,0,0,0,0,0,0,0,0,0,0,0,0,0,0,0,0,0,0,0,0,0,0,NA
36970,504.36680423999655,8.341106,area,NA,NA,NA,NA,NA,,NA,NA,,NA,0,0,0,0,0,0,0,0,0,0,0,0,0,18.483246,0,0,40.75846,13.629685,0,22.53509,15.96362,0,19.782848,0,0,0,0,21.7449,0,0,0,19.411142,0,26.555956,29.853832,0,0,0,0,16.218004,0,0,0,14.779267,0,0,24.184242,0,0,35.887806,0,0,0,0,0,15.065344,0,0,0,181.7283,0,0,0,0,0,0,15.819027,0,0,25.586756,75.92612,0,0,0,0,0,0,18.860296,20.119755,13.95887,0,0,0,0,0,14.640301,0,0,0,0,38.971844,0,0,0,71.380196,12.684502,0,0,0,0,0,0,84.04898,0,0,0,22.6284,0,0,15.922027,0,14.481573,32.962814,0,0,0,0,0,0,0,0,56.07488,0,0,110549.8,0,0,0,0,24.219517,0,39.206688,34.120636,0,0,15.287874,0,10.736725,0,16.861393,41.513294,0,38.65219,0,11.439564,18.927992,12.7042,23.907564,0,NA
37817,504.36821818861495,8.439782,area,NA,NA,NA,546,NA,,NA,NA,,NA,0,0,0,0,0,0,0,0,0,0,0,99635.266,0,0,0,0,24.850315,0,0,0,32.226395,0,0,0,0,0,0,0,0,0,0,28.25565,0,0,0,0,0,110.43924,0,0,0,0,0,0,0,0,81.21123,0,0,0,0,0,0,0,0,0,0,0,0,39.955063,0,0,0,0,0,0,0,28.631123,0,0,40.43457,0,0,0,0,0,0,0,0,83.652824,0,0,0,0,0,0,22.802134,0,0,0,0,0,0,0,0,0,0,0,0,0,0,0,0,0,0,35.037495,0,0,0,0,506.4828,0,0,0,0,0,25.436514,0,0,0,0,60.836525,0,0,0,498818.75,0,0,0,0,0,0,31.291563,0,0,0,0,0,0,0,0,0,0,0,0,51.93139,0,0,180.52968,NA
37932,505.4001738806799,8.511579,area,NA,NA,NA,NA,NA,,NA,NA,,NA,0,0,0,0,0,0,0,0,0,0,0,0,0,0,0,0,0,0,0,0,0,0,0,0,0,0,0,0,0,0,0,0,0,0,0,0,0,0,0,0,0,0,0,0,0,0,0,0,0,0,0,0,0,0,0,0,0,0,0,0,0,0,0,0,0,0,0,0,0,0,0,0,0,0,0,0,0,0,0,0,0,0,0,0,0,0,0,0,0,0,0,0,0,0,0,0,0,0,0,0,0,0,0,0,0,0,0,0,0,0,0,0,0,0,380559.38,0,0,0,0,0,0,0,0,0,6765.7427,5192.6855,0,0,0,0,0,0,0,0,0,0,0,0,0,0,0,0,0,0,0,0,0,0,0,NA
36990,505.4002301349929,8.297432,area,NA,NA,NA,NA,NA,,NA,NA,,NA,0,0,0,0,0,0,0,0,0,0,0,0,0,0,0,0,0,0,0,0,0,0,0,0,0,0,0,0,0,0,0,0,0,0,0,0,0,0,0,0,0,0,0,0,0,0,0,0,0,0,0,0,0,0,0,0,0,0,0,0,0,0,0,0,0,0,0,0,0,0,0,0,0,0,0,0,0,0,0,0,0,0,0,0,0,0,0,0,0,0,0,0,0,0,0,0,0,0,0,0,0,0,0,0,0,0,0,0,0,0,0,0,0,0,2803789.2,0,0,0,0,0,0,0,0,0,21062.22,13468.169,0,0,0,0,0,0,0,0,0,0,0,0,0,0,0,0,0,0,0,0,0,0,0,NA
31838,506.278728877046,5.555308,area,NA,NA,NA,730,2667,[M+NH4]+,NA,3,31832;31838;31831,488.24493,0,0,0,0,0,0,0,0,8296.887,0,0,0,144345.48,33246.895,0,0,96536.02,7012.937,23989.754,153660.52,113243.37,0,63006.645,145725.28,0,0,0,35248.465,0,0,0,187225.12,0,7164.0347,38257.215,27197.797,0,116778.62,0,24154.873,0,0,0,8767.164,0,0,91973.97,0,0,39092.83,0,0,26507.406,0,0,54907.445,23263.084,0,0,275411.62,0,0,34013.37,7466.839,0,0,13855.538,34740.71,159043.84,21134.688,566880.06,0,0,0,0,10135.265,0,6010.356,9842.766,23308.814,0,0,0,0,0,20356.014,104251.86,6764.325,0,0,91401.14,101716,19273.275,41556.45,286952.66,129040.914,0,0,17821.676,0,0,524.81274,70351.98,94632.734,0,76961.73,42417.69,0,0,11991.896,0,20685.68,98311.555,7870.9893,0,7564.1973,73605.53,1303.1384,0,0,12832.268,40900.027,142321.64,53512.094,0,0,223528,27915.592,0,56614.258,0,8558.17,65918.805,29862.42,0,14932.554,0,59724.242,145511.14,8832.034,208792.16,10094.98,271862.66,54266.3,8125.4077,116821.836,33448.953,449498.66,120678.74,NA
36623,506.3287117079389,8.076657,area,NA,NA,NA,NA,NA,,NA,NA,,NA,0,0,0,0,0,0,0,0,0,0,0,0,0,0,0,0,0,0,0,0,0,0,0,0,0,0,0,0,0,0,0,0,0,0,0,0,0,0,0,0,0,0,0,0,0,0,0,0,0,0,0,0,0,0,0,0,0,0,0,0,0,0,0,0,0,0,0,0,0,0,0,0,0,0,0,0,0,0,0,0,0,0,0,0,0,0,0,0,0,0,0,0,0,0,0,0,0,0,0,0,0,0,0,0,0,0,0,0,0,0,0,0,0,0,0,0,0,0,0,0,0,0,0,0,0,203787.1,0,0,0,0,0,0,0,0,0,0,0,0,0,0,0,0,0,0,0,0,0,0,0,NA
40181,506.3304991593512,8.734934,area,NA,NA,NA,473,3180,[M-H2O+H]+,NA,2,40056;40234,523.33382,21.063843,56.61409,0,12.247048,13.121124,305921.03,12.208727,0,0,11.927705,64.1649,4672.466,0,0,33.68685,11.781924,0,0,0,0,0,13.829837,0,0,53.19858,15.029827,12.609135,0,14.260416,16.68827,21.017586,0,32.89456,0,0,0,25.951248,0,16.264513,0,13.896816,15.657808,13.762564,0,16.772001,36.417118,0,0,12.566076,0,13.114234,53.98704,0,40.28893,12.27314,0,0,26.730696,14.873554,0,0,23.209328,0,0,78.877426,24.62558,0,0,0,0,0,39.800476,0,13.068117,21.778034,0,12.002301,0,0,0,0,19.53316,12.953281,31.74836,10.812475,0,0,0,12.143964,16.767033,0,0,0,0,0,0,653714.7,15.861994,0,19.931725,0,0,0,0,10.062851,0,0,0,0,0,376060.1,0,0,0,22655.23,0,0,0,14.689111,42.701027,0,0,0,0,0,684013.6,0,0,21.570587,0,56.171486,0,0,0,27.147211,0,19.285616,0,0,0,0,0,0,0,0,0,0,0,0,NA
36325,506.3486430561738,7.91162,area,NA,NA,NA,NA,NA,,NA,NA,,NA,0,0,0,0,0,0,0,0,9.935078,0,0,1862.0453,14.464331,45.382523,0,0,137.85571,0,0,53.684822,41.82835,0,10.790243,83.63722,0,0,0,16.262192,0,0,0,55.529167,0,13.20492,31.56287,72.891365,0,14.639246,0,11.842228,0,0,0,0,0,0,108.00209,0,0,28.63974,0,0,9.706848,0,0,20.814278,36.430794,0,0,277.31305,0,0,27.108707,14.17527,0,0,22.161419,34.741966,25.710867,16.912815,56.971893,0,0,0,0,9.41636,0,9.837861,18.467592,17.367922,0,0,0,0,0,0,13.998039,21.607058,0,0,85.87985,17.18723,14.014763,17.020996,107.25164,305.90814,0,0,31.680046,0,0,26.07919,133.36116,49.764233,0,313.25247,16.12788,0,0,56.53243,0,20.033775,24.182835,26.17777,0,0,31.652176,0,0,0,34.32355,139.11087,47.69148,9.949159,0,113462.875,22.74537,39.370728,0,78.92008,0,41.955654,77.555786,41.59767,0,84.830475,0,42.192505,22.541977,31.7942,147.37239,13.265865,19.20568,11.157895,35.672676,117.86963,30.926973,33.67341,59.158142,NA
38215,506.3838639629084,8.556225,area,NA,NA,NA,441,NA,,NA,NA,,NA,0,0,0,0,0,0,0,0,0,0,0,0,296.11664,0,0,0,374.01947,0,0,0,0,0,0,0,0,0,0,0,0,0,0,370.55652,0,0,0,0,0,0,0,0,0,0,0,0,0,0,0,0,0,0,0,0,0,0,29.97552,0,0,0,29.658846,349.19543,0,0,0,0,0,0,0,228.70284,283.021,0,159.21123,0,0,0,0,0,0,0,34.670403,0,0,0,0,12.616186,0,0,586.3837,0,0,0,152.47534,189.88579,0,156.6615,0,0,0,0,0,0,0,0,0,0,0,0,0,0,0,0,0,0,0,0,0,0,0,0,0,0,0,105.61101,0,70.38965,467.01666,3720396.2,376.09973,0,0,0,0,0,0,0,0,0,0,0,0,217.2156,0,0,0,89.4831,0,152.58487,0,193.73212,0,NA
41263,506.38483254974216,8.826441,area,NA,NA,NA,806,NA,,NA,NA,,NA,0,0,0,79.62161,0,1686954.2,0,0,59.350933,0,0,55166.934,539.4406,394.67603,0,0,1006.7259,0,0,683.3581,345.39255000000003,38.969444,97.74388,149.17752,0,11.016171,0,197.4381,0,0,0,1967.8973,0,229.28056,0,75.361534,0,292.0166,0,0,0,0,64.836075,209.70686,0,0,143.50339,0,0,284.34894,33.79463,0,48.82309,0,4900.548,175.3891,84.85909,0,407.29147,4592.8423,0,0,0,529.21875,0,0,620.0128,472.57703,495.11804,120.95642,2365.508,0,68.496216,0,0,44.990116,0,136.55107,276.44464,0,0,0,0,1891.0903,0,0,733.85394,278.94916,21.714626,0,390.71466,1073.7201,50.316715,369.6351,600.2733,279.03226,457877.56,0,378.20166,0,0,284.6391,133.06477,940.4953,0,529.323,1018.93396,0,120.05508,144.55814,27296942,0,720.0902,0,88764.26,111.27951,301.88928,81.170746,0,0,186.85213,407.55316,1420.5054,84.43541,27914010,6204418.5,673.79364,223.02866,26.451122,454.2475,0,239.01828,88.81564,243.3428,0,0,40.016144,662.2865,140.66965,125.59273,801.15784,94.328476,0,146.08044,118.90895,1111.9755,0,248.97018,1156.0015,NA
33896,507.3435132248353,6.6641183,area,NA,NA,NA,NA,NA,,NA,NA,,NA,0,0,0,0,0,0,0,0,0,0,0,0,0,0,0,0,0,0,0,0,0,0,0,0,0,0,0,0,0,0,0,0,0,0,0,0,0,0,0,0,0,0,0,0,0,0,0,0,0,0,0,0,0,0,0,0,0,0,0,0,0,0,0,0,0,0,0,0,0,0,0,0,0,0,0,0,0,0,0,0,0,0,0,0,0,0,0,0,0,0,0,0,0,0,0,0,72106.8,0,0,0,0,0,0,0,0,0,0,0,0,0,15.27798,0,0,0,0,0,0,0,0,0,0,0,0,0,0,2244699.5,0,0,0,0,0,0,0,0,0,0,0,0,0,0,12.146675,0,0,0,0,0,0,0,0,NA
30095,507.3442119883708,4.807612,area,NA,NA,NA,NA,NA,,NA,NA,,NA,0,0,0,0,0,0,0,0,0,0,0,0,20.524178,21.975174,0,0,18.866913,11.922404,0,0,16.760365,0,17.11266,0,0,0,0,0,0,0,0,73.18991,0,0,0,12.5791445,0,29.868626,0,30.080517,0,0,0,0,0,0,0,0,0,0,0,0,15.132257,0,0,0,0,0,0,32.084286,0,0,17.678726,13.597406,0,0,11.289232,0,17.783033,0,0,0,0,0,0,10.016411,0,22.715769,13.015499,20.282387,0,0,0,0,0,0,17.053246,0,0,0,0,14.1804085,14.070997,57.145134,0,15.831597,0,0,11.805921,0,0,0,0,27.773788,0,0,0,0,0,0,404.6094,11.659121,0,34.498096,0,0,17.256374,10.174522,0,0,13.524892,49.10688,0,57.13208,0,1629032.4,33.432602,14.853555,0,0,0,20.50521,0,15.867135,0,12.731325,0,0,0,15.3432255,0,12.668991,24.890014999999998,0,15.276241,0,119.14298,0,27.921616,NA
32529,507.3805035308621,5.876806,area,NA,NA,NA,NA,NA,,NA,NA,,NA,0,0,0,0,0,0,0,0,0,0,0,0,116.38972,0,0,0,0,0,0,0,0,0,0,0,0,0,0,0,0,0,0,0,0,0,0,0,0,0,0,0,0,0,0,0,0,0,0,0,0,0,0,0,0,0,0,0,0,0,0,0,0,0,0,0,0,0,0,0,0,0,14.53683,0,0,0,0,0,0,0,0,0,0,0,0,0,0,0,0,0,0,0,0,0,0,0,0,0,0,0,0,0,0,0,0,0,0,0,0,0,0,0,0,0,0,0,5005930,0,0,0,0,0,0,0,0,0,13835.753,0,0,0,0,0,0,0,0,0,0,0,0,0,0,0,0,0,0,0,0,12.457519,0,17.592472,0,NA
35777,508.32865478915375,7.7045636,area,NA,NA,NA,NA,NA,,NA,NA,,NA,0,0,0,0,0,5972.5796,0,0,0,0,0,0,0,0,0,0,0,0,0,0,0,0,0,0,0,0,0,0,0,0,0,0,0,0,0,0,0,0,0,0,0,0,0,0,0,0,0,0,0,0,0,0,0,0,0,0,0,0,0,0,0,0,0,0,0,0,0,0,0,0,0,0,0,0,0,0,0,0,0,0,0,0,0,0,0,0,0,0,0,0,0,0,0,0,0,0,0,0,0,0,0,0,0,0,0,0,0,0,0,0,177003.05,0,0,0,0,0,0,0,0,0,0,0,0,0,0,0,0,0,0,0,0,0,0,0,0,0,0,0,0,0,19.995861,0,0,0,0,0,0,0,0,NA
36342,508.3637960944886,7.9066544,area,NA,NA,NA,NA,NA,,NA,NA,,NA,0,0,0,0,0,0,0,0,0,0,0,75921.01,0,0,0,0,13.350456,0,0,0,0,0,0,73.49119,0,0,0,0,0,0,0,18.95431,0,0,15.866713,13.177816,0,0,0,0,0,0,0,0,0,0,14.17473,0,0,23.679108,0,0,0,0,0,0,0,0,0,52.13424,0,0,0,0,0,0,0,0,16.709915,0,15.038097,0,0,0,0,0,0,0,0,9.968961,0,0,0,0,0,0,12.946886,0,0,0,0,0,0,13.960066,16.672466,0,0,0,8.257711,0,0,0,14.559298,44.897484,0,49.558754,0,0,0,11.965328,54.20372,0,16.119026,0,0,0,12.154039,12.233816,0,0,0,11.911587,13.726824,0,41.54219,1355862.5,37.337845,0,0,12.388496,0,0,11.301853,0,0,0,0,0,0,0,41.71023,0,7.1792316,0,0,21.583832,0,0,18.677166,NA
33640,508.3643560927848,6.6242175,area,NA,NA,NA,NA,NA,,NA,NA,,NA,0,0,0,0,0,0,0,0,9.848267,0,0,0,84.49648,100.734146,0,0,76.79214,26.57101,0,149.77899,153.13138,0,196.42416,86.93147,0,0,0,47.897537,0,0,0,281.21506,0,65.2414,102.0379,84.26726,0,102.76968,0,71.51854,0,0,0,41.130886,0,0,143.38188,0,0,226.66862,0,0,21.535658,0,0,117.988205,50.53238,0,0,303.80463,0,0,53.68699,126.04351,0,0,84.13643,129.80103,110.48186,41.43303,436.9203,0,0,0,0,39.927612,0,91.00437,37.353867,38.590908,0,0,0,0,0,11.761062,130.7301,73.50942,0,0,89.86908,48.27058,11.549754,53.127197,72.21411,206.10782,0,0,124.18944,0,0,72.060844,145.44395,322.0192,0,404.08597,130.09908,0,0,57.26254,10.076035,62.30004,440.6197,245.138,151.25183,64.80838,45.36353,34.097313,0,17.397753,84.61664,97.01732,94.31684,47.13362,9428110,0,136.3912,54.45051,0,113.40882,0,33.823204,77.71845,48.875546,0,82.23064,0,47.757736,83.56359,64.96917,326.8003,109.795654,95.344986,34.55326,40.54027,137.21153,68.21432,63.885468,260.14847,NA
35848,508.3644631756176,7.7197824,area,NA,NA,NA,140,2916,[M+H]+,NA,1,35844,507.35689,0,0,0,0,0,0,0,0,0,0,0,57781.6,23.781563,0,0,0,15.15143,0,0,30.17437,12.329248,0,13.889515,18.380175,0,0,0,11.161625,0,0,0,17.061619,0,9.768432,14.861839,12.625793,0,0,0,0,0,0,0,7.630784,0,0,26.0834,0,0,11.964968,0,0,0,0,0,16.911123,8.528727,0,0,50.108788,0,0,0,0,0,0,0,17.408094,16.574524,8.461553,63.381683,0,0,0,0,0,0,0,8.163099,12.093766,0,0,0,0,0,0,16.938074,16.181269,0,0,11.372948,8.640139,0,14.399456,27.64854,17.439901,0,0,11.275916,0,0,0,32.304283,17.639526,0,16.886923,21.805935,0,0,11.898609,6274.0156,11.347399,20.383469,23.411053,1215408.5,0,13.532241,0,0,0,15.994835,12.121098,51.871475,0,0,4665808.5,29.74353,0,0,11.317471,0,11.463165,22.080494,13.809372,0,0,0,0,10.823669,0,34.76722,7.616975,0,0,13.595047,10.751345,9.112137,0,16.452663,NA
38287,509.39492110851415,8.564045,area,NA,NA,NA,NA,NA,,NA,NA,,NA,0,0,0,0,0,0,0,0,0,0,0,0,0,0,0,0,0,0,0,0,0,0,0,0,0,0,0,0,0,0,0,0,0,0,0,0,0,0,0,0,0,0,0,0,0,0,0,0,0,0,0,0,0,0,0,0,0,0,0,0,0,0,0,0,0,0,0,0,0,0,0,0,0,0,0,0,0,0,0,0,0,0,0,0,0,0,0,0,0,0,0,0,0,0,0,0,0,0,0,0,0,0,0,0,0,0,0,0,0,0,239413.16,0,0,0,0,0,0,0,0,0,0,0,0,0,150839.53,38687.703,0,0,0,0,0,0,0,0,0,0,0,0,0,0,0,0,0,0,0,0,0,0,0,NA
40073,509.3952657008173,8.742218,area,NA,NA,NA,473,3206,[M+NH4]+,NA,5,40268;40066;40236;40073;40068,491.3607,0,0,0,0,0,300255.06,0,0,0,0,0,5285.5566,0,0,0,0,0,0,0,0,0,0,0,0,0,0,0,0,0,0,3847.3635,0,0,0,0,0,0,0,0,0,0,0,0,0,0,0,0,0,0,0,0,0,0,0,149.4721,0,0,0,48.947117,0,0,0,0,0,0,0,0,0,0,0,0,0,0,0,0,0,0,0,0,0,0,0,0,0,0,0,0,0,0,0,0,0,0,0,0,0,79820.76,0,0,0,0,0,0,0,0,0,0,0,0,0,6369731.5,0,0,0,498940.06,0,0,0,0,270.748,0,0,0,0,0,4918651.5,0,0,0,0,0,0,0,0,0,0,0,0,0,0,0,0,0,0,0,0,0,0,0,NA
36687,509.3956623785015,8.0961275,area,NA,NA,NA,NA,NA,,NA,NA,,NA,0,0,0,0,0,0,0,0,0,0,0,0,0,0,0,0,0,0,0,0,0,0,0,0,0,0,0,0,0,0,0,0,0,0,0,0,0,0,0,0,0,0,0,0,0,0,0,0,0,0,0,0,0,0,0,0,0,0,0,0,0,0,0,0,0,0,0,0,0,0,0,0,0,0,0,0,0,0,0,0,0,0,0,0,0,0,0,0,0,0,0,0,0,0,0,0,0,0,0,0,0,0,0,0,0,0,0,0,0,0,0,0,0,0,0,0,0,0,0,0,0,0,0,0,0,701310.6,0,0,0,0,0,0,0,0,0,0,0,0,0,0,0,0,0,0,0,0,0,0,0,NA
31817,510.343578593944,5.572396,area,NA,NA,NA,659,2671,[M+H]+,NA,2,31789;31819,509.33598,0,0,0,0,0,0,0,0,0,0,0,10781.64,14.822093,10.593245,0,0,16.47166,0,0,17.316715,15.4832325,0,0,18.032179,0,0,0,11.894718,0,0,0,18.500746,0,0,14.740522,11.122737,0,0,0,0,0,0,0,0,0,0,11.761553,0,0,13.699839,0,0,0,0,0,12.4557495,0,0,0,21.470135,0,0,12.353996,11.4145565,0,0,10.380951,10.328524,21.860643,0,22.742998,0,0,0,0,0,0,0,8.528523,14.397551,0,0,0,0,0,0,11.289339,10.278387,0,0,14.4817705,25.44631,11.540503,21.638288,12.583305,33.18294,0,0,10.096302,0,0,0,12.786215,17.914919,0,36.546555,0,0,0,12.384285,6772.855,0,26.62341,15.139915,0,0,7.825343,0,0,0,11.444217,12.414402,16.406096,0,0,3880737.2,59.120728,0,0,21.93463,0,18.564556,24.090446,13.473755,0,9.121454,0,0,13.480033,0,19.132828,0,0,0,13.353074,11.527334,9.707069,19.798717,14.836458,NA
32185,511.37420690792015,5.721792,area,NA,NA,NA,NA,NA,,NA,NA,,NA,0,0,0,0,0,0,0,0,0,0,0,0,0,0,0,0,0,0,0,0,0,0,0,0,0,0,0,0,0,0,0,0,0,0,0,0,0,0,0,0,0,0,0,0,0,396358.25,0,0,0,0,0,0,0,0,0,0,0,0,0,0,0,0,0,0,0,0,0,0,0,0,0,0,0,0,0,0,0,0,0,0,0,0,0,0,0,0,0,0,0,0,0,0,35.813442,0,0,0,0,0,0,0,0,0,0,14.181338,0,0,0,0,0,0,0,0,0,0,0,0,0,0,0,0,0,0,0,0,0,397360.88,0,0,0,0,0,0,0,0,0,0,0,0,0,0,0,0,0,0,0,0,0,0,0,NA
30835,513.354416501217,5.125788,area,NA,NA,NA,NA,NA,,NA,NA,,NA,0,0,0,0,0,0,0,0,0,0,0,31804.635,0,0,0,0,0,0,0,0,0,0,0,0,0,0,0,0,0,0,0,0,0,0,0,0,0,0,0,0,0,0,0,8.862067,0,0,0,0,0,0,0,0,0,0,0,0,0,0,8.658707,0,0,0,0,0,0,0,0,0,0,0,0,0,0,0,0,0,0,0,0,0,0,0,0,0,0,0,0,0,0,0,0,0,0,0,0,0,0,0,0,0,0,0,0,0,0,0,0,0,0,0,8187.1655,0,0,0,0,0,0,0,0,19.999165,0,0,0,12.196896,0,5521992.5,0,0,0,0,0,0,0,0,0,0,0,0,0,0,19.843243,0,10.574652,0,0,0,0,0,0,NA
27918,514.2831798424342,3.8326542,area,NA,NA,NA,786,2323,[M+H]+,NA,2,27916;27903,513.27646,0,0,0,0,0,0,0,0,5815.8203,0,0,0,776.7783,9058.44,0,0,1048.6063,874.5078,12954.616,622.83673,318.8257,0,854.99316,6023.696,0,0,0,1970.5306,0,0,0,710.661,0,853.7937,994.8646,579.75543,0,31462.227,0,647.6705,0,0,0,217.86296,0,0,1544.0724,0,0,149.07333,0,0,2473.0762,0,0,3648.531,6815.6626,0,0,2341.49,0,0,1421.062,2653.2417,0,0,1672.7219,470.44073,211.97049,936.693,405.95425,0,0,0,0,535.5801,0,13910.818,5906.051,214.47052,0,0,0,0,0,5257.4497,667.63434,16074.759,0,0,1048.5768,397.458,119.714195,54.583557,125.10401,3585.0842,0,0,1250.4913,0,0,12895.485,2656.6655,4367.7715,0,605.74854,0,0,0,5738.615,0,1241.5305,257.88373,61482.88,0,4627.022,46.64241,1105.69,0,0,4104.734,498.73495,557.1043,15.863919,0,0,891.3761,5845.765,0,2331.9688,0,4346.427,840.0989,6378.3335,0,11332.25,0,1502.2767,1307.4927,8992.218,705.2485,9954.998,2442.9087,3022.276,1429.4681,352.52377,2115.9436,1582.35,1702.5883,NA
40236,514.3502919309655,8.750712,area,NA,NA,NA,473,3206,[M+Na]+,NA,3,40268;40236;40073,491.3607,0,0,0,0,0,162290.83,0,0,0,0,0,0,0,0,0,0,0,0,0,0,0,0,0,0,0,0,0,0,0,0,0,0,0,0,0,0,0,0,0,0,0,0,0,0,0,0,0,0,0,0,0,0,0,0,27.58696,0,0,0,0,0,0,0,0,0,0,0,0,0,0,0,0,0,0,0,0,0,0,0,0,0,0,0,0,0,0,0,0,0,0,0,0,0,0,0,0,0,61863.832,0,0,0,41.646023,0,0,0,0,0,0,0,0,0,1192289.9,0,0,0,225285.03,0,0,0,0,988.93506,0,0,0,0,2487.7988,867983.7,0,0,0,0,0,0,0,0,0,0,0,0,0,0,0,0,0,0,0,0,0,0,0,NA
25007,515.3155849965598,3.1935458,area,NA,NA,NA,222,NA,,NA,NA,,NA,0,0,0,0,0,0,0,0,165.95366,0,0,0,734.97314,858.5425,0,0,1669.2874,0,0,206.1367,360.072,0,0,0,0,0,0,342.65366,0,0,0,3351.7056,0,214.33194,93.39526,0,0,3819.7056,0,0,0,0,0,0,0,0,23762.33,0,0,0,0,0,1122.5846,0,0,0,0,0,0,54882.09,0,0,344.3202,80.7708,0,0,421.51007,0,0,0,4702.8774,0,0,0,0,0,0,11774.396,0,443.80115,0,0,0,0,0,124.14669,698.57,0,0,0,0,0,43.397278,1696.3999,9355.766,0,0,9.09753,107.614494,0,0,3234.002,3746.4084,0,0,217.508,0,0,0,0,0,188.34857,0,0,0,0,0,15.051663,0,0,237.57382,2537.3096,0,98.776474,0,0,0,178.63739,0,115.079216,0,415.58408,0,0,0,0,0,0,0,459.80432,3594.5042,0,0,0,0,0,10549.893,0,2603.3008,NA
25695,515.3159661267619,3.2983434,area,NA,NA,NA,222,NA,,NA,NA,,NA,0,9.360255,0,0,0,0,0,0,554.4188,0,9.295722,0,2160.3557,2636.8777,0,0,3624.4722,81.63459,47.38823,2005.3553,8652.896,0,1194.1006,695.4869,0,0,0,1842.0481,0,0,0,3324.696,0,1531.252,1025.4912,4147.0273,0,32907.66,0,409.9584,0,0,0,387.63403,0,0,19152.482,0,0,700.5747,0,0,2273.8657,0,0,877.60223,440.07565,0,0,38376.992,0,0,10771.947,421.42673,0,10.230853,980.38947,101.61049,1336.0166,243.47475,5789.484,9.217995,0,0,0,220.15146,0,32365.037,381.14844,1097.1135,0,0,0,0,0,383.59964,1436.7339,466.57855,0,0,902.17535,564.97406,1195.0435,1484.8015,29521.875,619.9011,0,0,883.1347,0,0,19615.418,8194.3125,1327.5579,0,8533.246,37.22798,0,0,1093.409,0,2535.0088,1298.1282,5100.0913,0,180.90549,3917.5112,31.116688,0,0,2077.6729,34893.484,128.6694,1253.9135,0,0,390.87497,5925.251,0,5284.112,0,3167.082,492.39023,304.8296,0,133.0791,0,3106.134,3166.7732,12009.129,70159.055,1047.7448,95.91986,151.53778,261.2158,59.18132,10549.893,177.50757,41783.77,NA
26504,515.316349728598,3.4443467,area,NA,NA,NA,222,2196,[M+Na]+,NA,2,26504;26659,492.32643,0,11.098009,0,0,0,0,0,0,5845.1924,0,10.228262,0,3141.7273,11305.182,0,0,5711.105,426.3654,6024.523,6640.913,14625.909,0,1866.2819,2415.3635,0,0,0,1889.2822,0,0,0,1154.1736,0,5481.495,2004.2352,4295.048,0,20470.84,0,12675.618,0,0,0,1258.3278,0,0,10907.492,0,0,638.6077,0,0,6546.901,0,0,1170.15,2469.0542,0,0,13414.674,0,0,4752.92,1249.8157,8.58705,10.43494,474.84573,12567.097,4147.7725,719.94775,4200.608,9.423135,0,0,0,686.74646,0,21164.232,8012.09,1522.2013,0,0,0,0,0,2769.7336,3709.977,6071.3936,0,0,4217.6494,3920.0923,1320.1207,3414.1938,3997.9883,697.1409,0,7.9118876,8373.811,0,0,20938.805,5533.661,11945.5,0,2776.4536,1134.5079,0,0,7811.579,0,2193.0322,36186.945,32821.57,0,9761.441,9895.388,8490.902,0,0,19157.373,1200.1321,1556.1516,7328.0737,0,0,2408.5781,10525.437,0,5013.743,0,29467.03,8620.666,3889.7422,0,8013.2705,0,12318.245,9212.545,14209.039,4331.907,24624.703,4227.1025,14717.433,804.421,2648.7327,6223.1895,9143.67,13741.635,NA
27269,516.2974692327717,3.4731617,area,NA,NA,NA,222,2220,[M+H]+,NA,7,26209;26718;26751;26702;26720;27269;26754,515.29174,0,0,0,0,0,0,0,0,25814.85,0,0,0,7018.3867,36252.156,0,0,6065.304,14212.068,14016.71,13231.358,5865.6143,0,14921.829,49550.523,0,0,0,16407.297,0,0,0,4818.8433000000005,0,14894.176,17102.52,17435.557,0,66685.12,0,16422.102,0,0,0,3429.5774,0,0,16247.125,0,0,4969.2974,0,0,18329.375,0,0,35483.234,31056.596,0,0,22451.322,0,0,17587.85,44872.156,0,0,18263.62,11180.047,1056.0801,15933.434,7398.472,0,0,0,0,8398.467,0,61914.34,34026.445,2506.666,0,0,0,0,0,25122.09,8457.507,47564.906,0,0,14947.106,4622.953,3458.5217,1548.4294,4471.7993,14056.88,0,0,17935.225,0,0,82284.46,20656.48,16268.03,0,13323.546,144.49153,0,0,30971.482,0,9324.871,13427.202,164652.38,0,17306.426,1024.2522,27496.438,0,0,13440.787,4488.887,4041.3074,271.4146,0,0,18476.465,22839.248,0,28282.562,0,15747.3545,6595.69,33172.26,0,25571.846,0,5214.97,10270.467,50371.17,2722.8682,35676.086,20163.83,31112.201,11455.305,12157.675,14893.07,14586.249,11212.748,NA
29900,516.2981270480498,4.690849,area,NA,NA,NA,573,2472,[M+H]+,NA,5,29899;29900;29890;29879;29896,515.29232,0,0,0,0,0,0,0,0,6180.589,0,0,0,5752.961,12618.487,0,0,5303.6323,4455.154,7322.9033,10662.955,3653.0967,0,10067.004,22139.87,0,0,0,7584.427,0,0,0,1799.6205,0,6000.958,5519.949,4682.8057,0,32540.041,25451.004,6512.921,0,0,0,3735.9375,0,0,10985.438,0,0,3055.0142,0,0,5211.385,0,0,15344.127,7078.6035,0,0,14941.056,0,0,8796.358,12814.112,0,0,4714.6787,4959.0093,2320.3162,9808.225,5428.5425,0,0,0,0,3338.7751,0,12776.208,10735.243,1084.6935,0,0,0,0,0,11251.363,4487.9307,14897.616,0,0,8829.424,4248.165,1121.6521,1668.5165,2524.433,6693.7354,0,0,6010.5005,0,0,23792.057,6497.9478,17084.219,0,6301.0254,161.73782,0,0,8751.473,0,4649.9717,7945.3535,34424.184,0,6807.2505,748.56085,4827.156,0,0,9996.453,3230.6196,4526.1377,210.66275,0,0,8919.296,9914.439,0,9929.57,0,10170.373,4426.355,10929.8545,0,9674.784,0,4456.154,4573.1787,9895.323,7097.6396,8380.222,6564.669,13595.473,6983.0356,6332.024,7819.7646,8071.5967,8656.776,NA
25552,516.2986269715543,3.2328053,area,NA,NA,NA,611,2122,[M+H]+,NA,4,25556;25552;25535;25559,515.29184,0,0,0,0,0,0,0,0,21165.174,0,0,0,11945.941,39162.418,0,0,3609.6738,15407.926,16304.134,23762.295,6023.651,0,21861.707,42458.65,0,0,0,30618.74,0,0,0,1778.7278,0,6205.918,25314.205,21549.926,0,76149.9,0,22674.428,0,0,0,7380.504,0,0,23797.344,0,0,12009.46,0,0,23724.197,0,0,43667.656,44806.53,0,0,30005.705,0,0,26891.52,42995.74,0,0,19275.207,10778.32,4795.1953,8081.1733,9109.788,0,0,0,0,6629.2476,0,33248.043,26381.541,1264.919,0,0,0,0,0,25135.79,10547.959,31397.584,0,0,22217.373,10196.058,6778.43,665.6638,2761.488,21983.889,0,0,24417.98,0,0,64374.39,19645.713,24390.14,0,25469.863,359.73987,0,0,46893.914,0,7175.851,8331.165,203840.28,0,10547.7,4945.066,12151.653,0,0,15997.392,310.32953,9182.572,3150.4053,0,0,21082.754,53389.547,0,44109.008,0,30048.973,5487.969,39048.508,0,17052.307,0,12157.851,11764.381,43267.145,886.4911,36466.223,12596.298,31271.617,9463.889,6922.1846,44522.19,19521.705,8966.604,NA
35626,516.330280823164,7.623009,area,NA,NA,NA,NA,NA,,NA,NA,,NA,0,0,0,0,0,0,0,0,0,0,0,0,0,0,0,0,0,0,0,0,0,0,0,0,0,0,0,0,0,0,0,0,0,0,0,0,0,0,0,0,0,0,0,0,0,0,0,0,0,0,0,0,0,0,0,0,0,0,0,0,0,0,0,0,0,0,0,0,0,0,0,0,0,0,0,0,0,0,0,0,0,0,0,0,0,0,0,0,0,0,0,0,0,0,0,0,1390.2461,0,0,0,0,0,0,0,0,0,0,0,0,0,914.71875,0,0,0,0,0,0,0,0,26.719585,0,0,0,0,0,370208.1,0,0,0,0,0,0,0,0,0,0,0,0,0,0,0,0,0,0,0,0,0,0,0,NA
36530,516.3307489858178,8.041675,area,NA,NA,NA,NA,NA,,NA,NA,,NA,0,0,0,0,0,14380.777,0,0,0,0,0,0,0,0,0,0,0,0,0,0,0,0,0,0,0,0,0,0,0,0,0,0,0,0,0,0,0,0,0,0,0,0,0,0,0,0,0,0,0,0,0,0,0,0,0,0,0,0,0,0,0,0,0,0,0,0,0,0,0,0,0,0,0,0,0,0,0,0,0,0,0,0,0,0,0,0,0,0,0,0,0,0,0,0,0,0,0,0,0,0,0,0,0,0,0,0,0,0,0,0,1509711.4,0,0,0,0,0,0,0,0,336.71188,0,0,0,0,0,47652.594,0,0,0,0,0,0,0,0,0,0,0,0,0,0,0,0,0,0,0,0,0,0,0,NA
33565,517.3294318951635,6.4799547,area,NA,NA,NA,760,2799,[M+NH4]+,NA,3,33565;33505;33559,499.29721,0,0,0,0,0,0,0,0,7817.2676,0,0,0,8595.821,16717.664,0,0,6376.897,7593.4453,8755.874,11715.043,877.6494,0,8650.483,16510.85,0,0,0,11443.915,0,0,0,1542.2295,0,11829.5205,1024.5101,6265.8228,0,45704.223,30.060417,4023.2808,0,0,0,5875.563,0,0,15691.892,0,0,323.37964,0,0,9060.56,0,0,15562.582,8341.144,0,0,5745.536,0,0,9756.537,12636.231,0,0,6348.817,6412.4277,607.0654,7921.6895,633.6938,0,0,0,0,4959.949,0,19996.623,14703.662,110.182846,0,0,0,0,14673.231,20607.34,7827.2134,29296.467,0,316040.8,10337.994,542.0946,2045.6504,391.4382,233.2359,6212.281,0,0,7392.5674,0,0,18651.936,8758.25,19014.422,0,1003.0712,21.47117,0,0,13261.502,0,1029.4695,1235.1212,45371.2,0,5698.5264,563.6478,6832.3413,0,0,9801.143,629.11237,137.0401,213.80986,281.39282,25.661554,9020.471,16212.653,0,12446.578,0,11784.094,4540.8965,9197.012,0,16011.502,0,129.76996,148.3002,12636.435,768.26917,15136.618,11532.316,19647.072,11162.787,8843.237,13100.653,12141.811,11013.403,NA
34161,517.3309779873364,6.809744,area,NA,NA,NA,714,2819,[M+NH4]+,NA,3,34160;34186;34161,499.29766,0,0,0,0,0,0,0,471452.06,5014.8076,0,0,0,8885.448,3491.2422,0,0,4834.187,641.4719,808.2915,4863.527,2326.0637,0,4553.42,4039.889,0,0,0,2048.4812,0,0,0,317.59195,0,1076.3523,5866.308,4972.521,0,11326.208,71.74192,4613.2563,0,0,0,1332.3002,0,0,6223.4736,0,0,2275.8743,0,0,2907.8867,0,0,8146.5024,2832.0962,0,0,6821.2114,0,0,7108.4604,7271.351,0,0,2443.779,1099.2007,155.3545,1799.0703,5955.544,0,0,0,0,539.87866,0,7762.6504,2419.7358,176.32068,0,0,0,0,128.71959,5520.5786,7343.719,5243.1724,0,26528.15,997.202,1154.07,743.4153,1598.076,675.9943,5025.7715,0,0,2235.0833,0,0,8211.301,5681.5825,7189.9253,0,7129.075,239.12132,0,0,3706.3865,0,2871.0923,1797.8867,11954.799,0,1650.2686,1345.1348,1472.991,0,0,5180.7173,3515.654,2613.649,152.36746,0,0,1555.2936,5036.591,0,15541.104,0,2239.7117,3394.892,1608.1149,0,2678.431,0,2525.0955,6460.7407,3657.8376,6715.5425,6028.8745,7522.728,8229.577,1959.7795,13016.635,7377.314,14866.38,4869.2505,NA
30812,518.308952521257,5.1375237,area,NA,NA,NA,NA,NA,,NA,NA,,NA,0,0,0,0,0,0,0,0,0,0,0,8585.14,0,0,0,0,0,0,0,0,0,0,0,0,0,0,0,0,0,0,0,17.007736,0,0,0,0,0,0,0,0,0,0,0,0,0,0,0,0,0,0,0,0,0,0,0,0,0,0,0,0,0,0,0,0,0,0,0,0,0,0,0,0,0,0,0,0,0,0,0,0,0,0,0,0,0,0,0,0,0,0,0,0,0,0,0,0,0,0,0,0,0,0,0,0,0,0,0,0,0,0,1496.059,0,0,0,0,0,0,0,0,0,0,0,0,0,0,685729.4,0,0,0,0,0,0,0,0,0,0,0,0,0,0,0,0,0,0,0,0,0,0,0,NA
38151,519.4159010628546,8.571994,area,NA,NA,NA,NA,NA,,NA,NA,,NA,0,0,0,0,0,0,0,0,0,0,0,0,368.85745,0,0,0,0,0,0,0,0,0,0,0,0,0,0,0,0,0,0,0,0,0,0,0,0,0,0,0,0,0,0,0,0,0,0,0,0,0,0,0,0,0,0,0,0,0,0,0,0,0,0,0,0,0,0,0,0,0,0,0,151.30594,0,0,0,0,0,0,0,0,0,0,0,0,0,0,0,0,0,0,0,0,0,0,0,0,0,0,0,0,0,0,0,0,0,0,0,0,0,0,0,0,0,13312161,0,0,0,0,0,0,0,0,0,162030.88,0,0,0,0,0,0,0,0,0,0,0,0,225.37708,0,0,0,0,0,0,0,65.18477,0,0,0,NA
31618,520.3273763254867,5.533245,area,NA,NA,NA,NA,NA,,NA,NA,,NA,0,0,0,0,0,0,0,0,0,0,0,0,0,0,0,0,27.090275,0,0,26.028744,0,0,18.863136,23.727898,0,0,0,0,0,0,0,17.117958,0,0,26.04908,0,0,0,0,0,0,0,0,0,0,0,0,0,0,14.641714,0,0,0,0,0,0,0,0,0,27.129131,0,0,10.420022,0,0,0,0,0,14.872826,0,0,0,0,0,0,0,0,12.051672,0,14.646746,0,0,0,0,0,0,0,0,0,0,19.388786,0,0,22.142895,0,23.71616,0,0,0,0,0,0,0,28.663727,0,11.714357,0,0,0,0,0,0,16.07972,0,0,0,0,0,0,32.315327,11.770676,0,0,0,0,60875.637,23.398514,0,0,30.738373,0,44.237663,14.095915,0,0,8.810573,0,0,0,0,0,0,23.031202,0,10.213598,0,0,0,14.220663,NA
43974,520.4009279952662,9.023345,area,NA,NA,NA,192,3582,[M+H]+,NA,1,43754,519.39344,0,0,0,0,0,53172.016,0,0,832.2433,0,0,1848.215,239.19475,257.7265,0,0,663.0222,314.57428,165.43318,0,0,0,639.2585,1419.4526,0,0,0,510.3138,0,0,0,0,0,645.3126,0,241.09479,0,0,0,191.09964,0,0,0,644.9402,0,0,0,0,0,0,0,0,259.87433,0,0,868.52246,1369.9911,0,0,377.43954,0,0,0,510.9522,0,0,0,670.1361,458.05,401.78284,447.6328,0,0,0,0,542.37396,0,0,305.1073,535.7335,0,0,0,0,0,0,195.09186,1028.0573,0,0,429.32825,730.44556,199.47289,0,0,850.0618,80023.234,0,675.2923,0,0,765.32135,0,0,0,401.2439,0,0,0,796.78735,31813.572,811.647,417.78412,418.68048,0,208.18036,630.6401,123.09866,0,0,587.02496,0,177.17232,0,0,10676.363,598.58673,393.84906,0,351.64667,0,216.3012,1001.9304,443.74005,0,1082.2632,0,97.11753,0,265.29214,0,271.76965,251.0133,190.70386,0,388.0736,0,0,0,NA
27637,520.4484641681892,3.7461934,area,NA,NA,NA,NA,NA,,NA,NA,,NA,0,0,0,0,0,0,0,0,0,0,0,0,3434.4905,0,0,0,0,0,0,0,0,0,0,0,0,0,0,0,0,0,0,0,0,0,0,0,0,0,0,0,0,0,0,0,0,0,0,0,0,0,0,0,0,0,0,0,0,0,0,0,0,0,0,0,0,0,0,0,0,0,150.73257,0,0,0,0,0,0,0,0,0,0,0,0,0,0,0,309.88626,0,0,0,0,0,0,0,0,0,0,0,0,0,0,0,0,0,0,0,0,0,0,0,0,0,0,0,402356.3,0,0,0,0,69.673935,0,0,0,0,1589.21,0,0,0,0,0,0,0,0,0,0,0,0,0,0,0,0,0,172.0687,0,0,335.84915,0,3912.483,0,NA
34744,521.3590941476434,7.107029,area,NA,NA,NA,NA,NA,,NA,NA,,NA,0,0,0,0,0,37852.688,0,0,0,0,0,8953.201,0,0,0,0,0,0,0,0,0,0,0,0,0,0,0,0,0,0,0,0,0,0,0,0,0,0,0,0,0,0,0,0,0,0,0,0,0,0,0,0,0,0,27.234774,0,0,0,0,0,0,0,0,0,0,0,0,0,0,0,0,0,0,0,0,0,0,0,0,0,0,0,0,0,0,0,0,0,0,0,0,0,0,0,0,0,0,0,0,0,0,0,0,0,0,0,0,0,0,0,15915540,0,0,0,0,0,0,0,0,0,0,0,0,0,0,117236.375,0,0,0,0,0,0,0,0,0,0,0,0,0,0,0,0,0,0,0,0,0,0,0,NA
34109,521.3593976088389,6.772296,area,NA,NA,NA,NA,NA,,NA,NA,,NA,0,0,0,0,0,0,0,0,0,0,0,1275.0415,0,0,0,0,0,0,0,0,0,0,0,0,0,0,0,0,0,0,0,0,0,0,0,0,0,0,0,0,0,0,0,0,0,0,0,0,0,0,0,0,0,0,0,0,0,0,0,0,0,0,0,0,0,0,0,0,0,0,0,0,0,0,0,0,0,0,0,0,0,0,0,0,0,0,0,0,0,0,0,0,0,0,0,0,13943.074,0,0,0,0,0,0,0,0,0,0,0,0,0,119.34896,0,0,0,0,0,0,0,0,0,0,0,0,0,0,3700120.2,0,0,0,0,0,0,0,0,0,0,0,0,0,0,0,0,0,0,0,0,0,0,0,NA
30364,521.3596272561975,4.908032,area,NA,NA,NA,NA,NA,,NA,NA,,NA,0,0,0,0,0,0,0,0,0,0,0,0,0,0,0,0,0,0,0,0,0,0,0,0,0,0,0,0,0,0,0,0,0,0,0,0,0,0,0,0,0,0,0,0,0,0,0,0,0,0,0,0,0,0,0,0,0,0,0,0,0,0,0,0,0,0,0,0,0,0,0,0,0,0,0,0,0,0,0,0,0,0,0,0,0,0,0,0,0,0,0,0,0,0,0,0,0,0,0,0,0,0,0,0,0,0,0,0,0,0,172.31058,0,0,0,0,0,0,0,0,126.14475,0,0,0,0,0,2720596.5,0,0,0,0,0,0,0,0,0,0,0,0,0,0,0,0,0,0,0,0,0,0,0,NA
33589,521.3960210884424,6.4969087,area,NA,NA,NA,NA,NA,,NA,NA,,NA,9.217603,0,0,10.38957,0,132.91876,0,10.101063,0,9.950491,0,0,10.110025,17.586327,10.2703285,0,0,0,0,0,0,12.301736,0,0,0,9.849579,0,0,14.265728,10.813898,0,0,0,8.821833,0,0,0,0,9.096587,0,0,0,0,0,9.350922,0,0,0,8.099564,9.020758,0,0,0,0,11.928453,0,0,9.52317,0,0,0,0,0,0,0,0,0,0,0,0,0,0,9.678412,13.622339,10.800596,0,0,8.546598,0,0,0,9.005726,0,13.420008,9.991461,0,0,13.816712,0,0,0,0,0,0,0,0,0,9.107058,0,0,11.25094,0,0,0,9.650575,0,0,0,9.783489,0,4646.569,0,0,0,170553.11,10.714937,0,0,0,167.4172,0,0,13.037331,0,137.14253,0,0,0,9.142607,8.78652,9.353166,0,0,0,8.532959,10.002527,0,13.173448,0,10.28982,0,0,0,0,0,0,0,14.309756,10.636923,NA
32944,521.3960322586364,6.1108456,area,NA,NA,NA,267,2769,[M+H]+,NA,1,32920,520.38842,0,0,0,0,0,14985.214,0,0,0,0,0,0,1385.5111,0,0,0,0,0,0,0,0,0,0,0,0,0,0,0,0,0,0,0,0,0,0,0,0,0,0,0,0,0,0,0,0,0,0,0,0,0,0,0,0,0,0,0,0,0,0,0,0,0,0,0,0,0,0,0,0,0,53.56088,0,0,0,0,0,0,0,0,0,0,0,0,0,0,0,11.510323,0,0,0,0,0,0,0,0,0,90.00497,0,0,0,0,0,0,0,0,0,0,0,0,0,567594.9,0,0,0,2262482,0,0,0,0,1086.692,0,0,0,0,7878.9883,0,0,0,0,0,0,0,0,0,0,0,0,0,0,0,0,0,0,0,0,1223.222,0,240.87317,0,NA
28715,521.3962496985412,4.1544642,area,NA,NA,NA,NA,NA,,NA,NA,,NA,0,0,0,0,0,0,0,0,0,0,0,0,260.64417,10.031594,0,0,158.10226,22.473017,0,53.657738,222.75494,0,25.904068,229.01825,0,0,0,128.25507,0,0,0,181.2461,0,23.463648,240.89963,83.83638,0,71.38203,0,0,0,0,0,38.686855,0,0,57.426853,0,0,59.279766,0,0,9.645845,0,0,38.87551,19.129868,0,0,237.2597,0,0,367.67636,74.174805,0,0,65.12467,43.7692,141.97104,14.946474,135.30786,0,0,0,0,10.604256,0,78.485245,175.25519,178.94676,0,0,0,0,0,0,59.34967,120.47286,0,0,88.67075,88.62651,24.875275,83.79104,35.539173,73.61922,0,0,13.164568,0,0,0,173.06505,75.43969,0,536.7066,258.85495,0,0,32.242058,0,124.45574,61.591965,38.777214,894.18134,0,11.361008,19.589539,0,48892.117,72.498634,120.78538,53.138065,113.96175,0,3403.555,297.83966,29.896603,0,243.80643,0,34.362953,92.45024,165.66296,0,29.811604,0,50.08969,26.437107,88.63334,99.65322,14.881858,39.941154,0,23.77858,48.156757,134.0074,49.88296,20.759392,NA
32540,521.396436056009,5.87138,area,NA,NA,NA,NA,NA,,NA,NA,,NA,0,0,0,0,0,0,0,0,0,0,0,82.98732,16.460344,0,0,0,0,0,0,0,0,0,0,0,0,0,0,0,0,0,0,0,0,0,0,0,0,0,0,0,0,0,0,0,0,0,0,0,0,0,0,0,0,0,0,0,0,0,0,0,0,0,0,0,0,0,0,0,0,0,17.120901,0,0,0,0,0,0,0,0,0,0,0,0,0,0,0,0,0,0,0,0,0,0,0,0,0,34408.188,0,0,0,0,0,0,0,0,0,0,0,0,0,0,0,0,0,0,0,0,0,0,0,0,0,0,0,0,6792.386,0,0,0,0,0,0,0,0,0,0,0,0,0,0,0,0,0,0,0,230.30249,0,0,0,NA
31640,521.3964362513353,5.505408,area,NA,NA,NA,NA,NA,,NA,NA,,NA,0,0,0,0,0,11339.314,0,0,0,0,0,0,376.50146,0,0,0,15.926531,0,0,0,0,0,0,0,0,0,0,0,0,0,0,0,0,0,0,0,0,0,0,0,0,0,0,0,0,0,0,0,0,0,0,0,0,0,0,0,0,0,0,0,0,0,0,0,0,0,0,0,0,0,189.3866,0,0,0,0,0,0,0,0,0,0,0,0,0,0,0,12.7433605,0,0,0,0,0,0,0,0,0,29.385962,0,0,0,0,0,0,0,0,15.404846,0,0,0,0,138459.34,0,0,0,0,0,0,0,0,0,0,0,0,0,0,0,0,0,0,0,0,0,0,0,0,0,0,0,0,0,0,0,0,0,0,522.5793,0,136.85245,0,NA
29646,522.288510933608,4.592493,area,NA,NA,NA,270,2451,[M+Na]+,NA,3,29608;29646;29658,499.29842,0,0,0,0,0,0,0,0,388.2065,0,0,0,130.3075,945.27515,0,0,279.84418,30.941849,67.51699,82.3891,57.28185,0,76.343285,467.2323,0,0,0,300.83337,0,0,0,25.398975,0,186.23155,103.05533,155.8064,0,1346.9657,0,123.724464,0,0,0,24.05959,0,0,608.70667,0,0,22.947142,0,0,601.34607,0,0,293.63547,346.3164,0,0,604.0273,0,0,62.113113,297.0223,0,0,100.918625,30.5083,58.274937,54.97985,50.515846,0,0,0,0,56.122467,0,1027.8674,189.59363,12.225436,503.52805,0,0,0,344330.28,412.69217,57.098293,1320.5288,0,0,134.291,105.08259,48.64292,52.750267,24.210663,229.46106,0,0,78.05075,0,0,3003.3994,270.41223,148.556,0,38.651367,17.426222,0,0,490.7552,0,272.33038,40.414722,100.24403,0,183.45273,47.8689,119.785034,0,0,272.97058,45.757324,26.676432,19.339684,0,0,263.6907,1087.5544,0,500.28094,0,344.812,45.640003,97.424515,0,226.95381,0,62.842808,129.74889,512.55023,167.02425,644.1902,78.09809,294.9484,98.36839,167.95082,308.24777,78.24265,144.92323,NA
36135,522.3423184151937,7.862034,area,NA,NA,NA,NA,NA,,NA,NA,,NA,0,0,0,0,0,7163.9263,0,0,0,0,0,0,31.67899,20.96674,0,0,23.453081,0,0,18.441628,17.171707,0,12.356426,9.583296,0,0,0,44.24207,0,0,0,16.371185,0,0,11.099018,13.349888,0,0,0,0,0,0,0,0,0,0,14.701479,0,0,0,0,0,0,0,13.502487,14.039669,0,0,0,47.65429,0,0,12.929887,0,0,0,0,0,37.85949,12.011886,61.96344,0,0,0,0,0,0,14.615036,0,0,0,0,0,0,0,0,39.658432,16.050205,0,0,7.560451,15.874985,17.37191,10.805238,90.798004,0,0,0,10.448085,0,0,0,19.440277,0,0,63.57094,0,0,0,0,5851897,13.752932,40.943108,10.919085,0,0,15.672099,11.511576,0,0,0,14.545703,28.603418,0,0,3667.4321,51.124123,11.558773,0,11.596018,0,15.830387,28.867355,0,0,23.46456,0,11.642855,14.803612,11.775518,41.461227,0,11.185537,0,14.609327,22.758034,15.074913,23.803436,15.19133,NA
35422,522.343013363654,7.547876,area,NA,NA,NA,NA,NA,,NA,NA,,NA,0,0,0,0,0,0,0,0,0,0,0,0,11.384386,0,0,0,14.925114,0,0,29.49488,12.390402,0,0,12.993561,0,0,0,0,0,0,0,13.251604,0,0,20.520973,0,0,0,0,0,0,0,0,0,0,0,13.334084,0,0,0,0,0,0,0,0,0,0,0,0,23.821243,0,0,0,10.7504015,0,0,0,0,12.339413,0,14.002377,0,0,0,0,0,0,0,0,0,0,0,0,0,0,0,19.979907999999998,12.041939,0,0,9.795378,0,0,9.880745,14.45346,0,120.610756,0,0,0,0,0,0,0,0,23.204811,0,0,0,0,0,0,35.977043,0,0,0,0,0,0,0,10.515955,11.052533,11.845959,0,0,1210306.5,17.211647,0,0,14.108879,0,9.18376,23.52272,0,0,0,0,0,12.037113,10.514309,17.919662,8.283274,10.862085,0,9.440943,11.690887,0,0,0,NA
31924,522.3432384522882,5.5940847,area,NA,NA,NA,NA,NA,,NA,NA,,NA,0,0,0,0,0,0,0,0,0,0,0,108.605545,32.39127,16.150036,0,0,135.19841,32.55225,0,111.18702,58.975807,0,48.174454,72.936714,0,0,0,130.90758,0,0,0,46.06376,0,10.820852,31.126444,29.153397,0,23.876894,0,42.277397,0,0,0,12.406315,0,0,65.27565,0,0,20.587387,0,0,13.170408,0,0,29.633274,11.297871,0,0,244.52074,0,0,17.827549,29.796633,0,0,14.499937,29.736113,45.54126,18.208927,80.036446,0,0,0,0,9.342234,0,16.046007,29.407217,71.13268,0,0,0,0,0,0,20.270325,24.611774,0,0,47.701363,28.428617,15.127982,48.59516,55.8031,69.36388,0,0,43.05839,0,0,15.443811,29.262379,30.61264,0,163.49002,20.092045,0,0,19.986507,145.97191,34.794704,123.069626,25.649628,0,0,29.098686,11.934357,0,0,28.503897,61.01777,51.426857,12.50935,0,1584655.1,94.52506,31.710297,0,130.22049,0,84.05887,88.29544,77.66141,0,47.00097,0,18.574486,50.07187,16.184044,83.2676,49.36097,40.930054,26.50554,26.667526,15.288847,28.078949,0,31.31405,NA
41391,522.3556594526018,8.799351,area,NA,NA,NA,493,3293,[M+K]+,NA,2,41240;41391,483.39328,195235.58,6074.0117,127459.68,0,0,215161.44,0,0,171246.3,85.8044,288687.12,11342.351,18465.615,0,209153.89,0,0,522987.16,433323.88,110609.26,106783.9,0,0,0,0,0,91.92874,115319.484,0,0,0,20725.672,55.00332,46865.016,58668.062,0,0,69121.85,0,157620.47,0,168825.39,0,0,33.95472,0,253458.27,207149.16,0,2038.7794,0,32431.652,281202.06,0,0,212743.81,90650.42,36785.227,0,235907.16,58333.715,155271.34,331867.66,477762.5,0,148600.12,121111.83,8082.9214,24642.29,280677.28,0,202141.7,0,0,0,111269.72,0,0,0,196918.31,0,0,0,0,0,0,0,249980.3,0,0,572.1872,361547.66,74776.75,64901.875,28769.934,315960.34,567670.56,111964.336,335150.78,0,219036.98,21623.238,0,0,0,161033.2,91465.8,0,13.013992,278239,300495.7,8632.6875,148518.19,46434.1,0,0,2521.2527,0,156.06502,0,193572.55,226952.16,0,0,0,841672.2,55934.133,326023.16,0,73549.44,166704.64,0,0,22772.496,0,192033.1,0,0,0,0,232278.22,258769.36,286766.47,0,11884.095,14095.407,541535,33365.92,134505.02,NA
30367,522.3625525437474,4.907688,area,NA,NA,NA,NA,NA,,NA,NA,,NA,0,0,0,0,0,0,0,0,0,0,0,0,0,0,0,0,0,0,0,0,0,0,0,0,0,0,0,0,0,0,0,0,0,0,0,0,0,0,0,0,0,0,0,0,0,0,0,0,0,0,0,0,0,0,0,0,0,0,0,0,0,0,0,0,0,0,0,0,0,0,0,0,0,0,0,0,0,0,0,0,0,0,0,0,0,0,0,0,0,0,0,0,0,0,0,0,0,0,0,0,0,0,0,0,0,0,0,0,0,0,201.00304,0,0,0,0,0,0,0,0,0,0,0,0,0,0,900094.2,0,0,0,0,0,0,0,0,0,0,0,0,0,0,0,0,0,0,0,0,0,0,0,NA
30189,523.3394116475482,4.828927,area,NA,NA,NA,NA,NA,,NA,NA,,NA,0,0,0,0,0,0,0,0,0,0,0,118169.37,0,0,0,0,0,0,0,0,0,0,0,0,0,0,0,0,0,0,0,0,0,0,0,10.872818,0,0,0,0,0,0,0,0,0,0,0,0,0,0,0,0,0,0,0,0,0,0,0,0,0,0,0,0,0,0,0,0,0,0,15.972936,0,0,0,0,0,0,0,0,0,0,0,0,0,0,0,19.577759,0,0,0,0,10.382618,0,0,16.184914,0,0,0,0,0,0,0,0,0,0,0,0,0,0,0,10393.509,0,0,0,0,0,0,0,0,0,0,0,0,0,0,3470912.5,20.389963,0,0,0,0,0,0,0,0,0,0,0,0,0,0,0,0,0,0,0,0,0,0,NA
41342,523.4108424749965,8.829949,area,NA,NA,NA,806,3317,[M+NH4]+,NA,3,41342;41247;41246,505.37652,0,0,0,0,0,425836.75,0,0,0,0,0,25009.355,0,0,0,0,0,0,0,0,0,0,0,0,0,0,0,0,0,0,481.22583,0,0,0,0,0,0,0,0,0,0,0,0,0,0,0,0,0,0,0,0,0,0,0,955.44257,0,0,0,127.061874,0,0,0,0,0,0,0,0,0,0,0,0,0,0,0,0,0,0,0,0,0,0,0,0,0,0,0,0,0,0,0,0,0,0,0,0,0,402470.44,0,0,0,0,0,0,0,0,0,0,0,0,0,7212520.5,0,0,0,52698.023,0,0,0,0,0,0,0,0,0,0,4932440,0,0,0,0,0,0,0,0,0,0,0,0,0,0,0,0,0,0,0,0,0,0,0,NA
38363,523.4109685768514,8.567007,area,NA,NA,NA,NA,NA,,NA,NA,,NA,0,0,0,0,0,0,0,0,0,0,0,0,0,0,0,0,0,0,0,0,0,0,0,0,0,0,0,0,0,0,0,0,0,0,0,0,0,0,0,0,0,0,0,0,0,0,0,0,0,0,0,0,0,0,0,0,0,0,0,0,0,0,0,0,0,0,0,0,0,0,0,0,0,0,0,0,0,0,0,0,0,0,0,0,0,0,0,0,0,0,0,0,0,0,0,0,0,0,0,0,0,0,0,0,0,0,0,0,0,0,0,0,0,0,0,0,0,0,0,0,0,0,0,0,88938.07,860159.25,0,0,0,0,0,0,0,0,0,0,0,0,0,0,0,0,0,0,0,0,0,0,0,NA
31340,524.3223792200007,5.368873,area,NA,NA,NA,NA,NA,,NA,NA,,NA,0,0,0,0,0,0,0,0,0,0,0,480.31116,0,0,0,0,0,16.959259,0,0,0,0,0,0,0,0,0,0,0,0,0,0,0,10.238568,0,0,0,0,0,0,0,0,0,0,0,0,0,0,0,0,0,0,0,0,0,0,0,0,0,0,0,0,0,12.366083,0,0,0,0,0,0,0,0,0,0,0,0,0,24.909416,9.828407,0,0,0,0,0,0,0,0,11.753467,0,0,0,0,0,0,0,0,0,0,0,0,0,16.368862,0,0,0,0,0,0,0,0,0,0,0,0,0,0,0,10.777971,0,155.7475,0,0,0,0,0,42339.613,0,0,0,0,0,0,0,0,0,0,0,0,0,28.629242,0,11.946697,0,0,0,0,12.049384,0,0,NA
36626,524.3408252460645,8.076657,area,NA,NA,NA,NA,NA,,NA,NA,,NA,0,0,0,0,0,0,0,0,0,0,0,0,0,0,0,0,0,0,0,0,0,0,0,0,0,0,0,0,0,0,0,0,0,0,0,0,0,0,0,0,0,0,0,0,0,0,0,0,0,0,0,0,0,0,0,0,0,0,0,0,0,0,0,0,0,0,0,0,0,0,0,0,0,0,0,0,0,0,0,0,0,0,0,0,0,0,0,0,0,0,0,0,0,0,0,0,0,0,0,0,0,0,0,0,0,0,0,0,0,0,0,0,0,0,0,0,0,0,0,0,0,0,0,0,0,3888746,0,0,0,0,0,0,0,0,0,0,0,0,0,0,0,0,0,0,0,0,0,0,0,NA
40017,524.3409743616397,8.734449,area,NA,NA,NA,473,3180,[M+H]+,NA,3,39971;40017;40056,523.33382,0,0,0,0,0,10597244,0,0,0,0,0,72113.7,0,0,0,0,0,0,0,0,0,0,0,0,0,0,0,0,0,0,0,0,0,0,0,0,0,0,0,0,0,0,0,0,0,0,0,0,0,0,354.52237,0,0,0,1127.4988,0,0,0,154.97054,0,0,0,0,0,0,0,0,0,0,0,0,0,0,0,0,0,0,0,0,0,0,0,0,0,0,0,0,0,0,0,0,0,0,0,0,0,2116330.5,0,0,0,0,0,0,0,0,0,0,0,0,0,12546759,0,0,0,0,0,0,0,0,0,0,0,0,0,0,6514895,0,0,0,0,0,0,0,0,0,0,0,0,0,0,0,0,0,0,0,0,0,0,0,NA
25896,525.3073714220141,3.2973423,area,NA,NA,NA,NA,NA,,NA,NA,,NA,0,0,0,0,0,0,0,0,1087.9398,0,0,0,1298.8466,2355.9126,0,0,619.62616,3248.7188,2078.1824,1327.0953,11701.444,0,3749.0881,1367.5288,0,0,0,5790.524,0,0,0,181.2778,0,0,8660.557,1225.1587,0,5156.578,0,3842.6619,0,0,0,209.52652,0,0,11294.268,0,0,2601.6877,0,0,289.8068,0,0,3462.5715,280.43448,0,0,8778.595,0,0,7948.0957,9277.279,0,0,163.49872,2072.4617,298.50604,136.2932,5635.9253,0,0,0,0,130.53304,0,2434.8774,0,67.00948,0,0,0,0,0,843.2779,3680.5383,90.55057,0,0,501.45862,314.9958,0,548.11096,1038.9447,1229.7744,0,0,2526.971,0,0,1132.7892,25767.98,458.01404,0,1640.7592,899.25793,0,0,117.396835,0,0,0,6500.579,0,963.07227,340.07877,198.16849,0,0,125.034195,3663.208,4635.843,2722.426,0,0,193.29492,2839.1846,0,8889.13,0,4697.2285,616.8451,2456.184,0,1415.6199,0,13472.734,3989.4316,89.070015,4014.1602,2718.6362,80.83043,2055.6406,3651.555,0,6379.073,0,149.39862,NA
31819,527.3696492823374,5.5711837,area,NA,NA,NA,659,2671,[M+NH4]+,NA,3,31817;31789;31819,509.33598,0,0,0,0,0,0,0,0,0,0,0,16394.52,0,0,0,0,0,0,0,0,0,0,0,0,0,0,0,0,0,0,0,0,0,0,0,0,0,0,0,0,0,0,0,0,0,0,0,0,0,0,0,0,0,0,0,0,0,0,0,0,0,0,0,0,0,0,0,0,0,0,0,0,0,0,0,0,0,0,0,0,0,0,0,0,0,0,0,0,0,0,0,0,0,0,0,0,0,0,0,0,0,0,0,0,0,0,0,0,0,0,11642.94,0,0,0,0,0,0,0,0,28.361374,0,0,0,0,0,7282947.5,0,0,0,0,0,0,0,0,0,0,0,0,0,0,0,0,0,0,0,0,0,0,0,NA
30530,528.3426796260999,4.975506,area,NA,NA,NA,NA,NA,,NA,NA,,NA,0,0,0,0,0,0,0,0,0,0,0,0,0,0,0,0,0,0,0,0,0,0,13.717674,0,0,0,0,0,0,0,0,29.486183,0,0,0,0,0,0,0,0,0,0,0,0,0,0,0,0,0,0,0,0,0,0,0,0,0,0,0,0,0,0,0,0,0,0,0,0,0,0,0,0,0,0,0,0,0,0,0,29.843517,0,0,0,0,0,0,0,0,0,0,0,0,0,0,0,0,0,0,0,0,0,0,0,0,0,0,0,0,0,0,48529.75,0,0,0,0,0,18.038033,0,0,0,0,0,0,0,0,5233.8755,0,0,0,17.009964,0,0,0,0,0,0,0,0,0,0,0,0,0,0,0,0,0,0,0,NA
34449,529.3250498539788,7.016085,area,NA,NA,NA,NA,NA,,NA,NA,,NA,0,0,0,0,0,19275.24,0,0,0,0,0,0,0,0,0,0,0,0,0,0,0,0,0,0,0,0,0,15.978757,0,0,0,30.983536,0,0,0,0,0,0,0,0,0,0,0,0,0,0,0,0,0,0,0,0,0,0,0,0,0,0,0,0,0,0,0,0,0,0,0,0,11.274559,0,0,0,0,0,0,0,0,0,20.769436,11.10372,0,0,0,0,0,0,15.576538,0,0,0,0,7.738028,0,17.385223,0,0,168.06511,0,0,0,0,0,0,0,0,0,0,0,0,8.978761,1355649.5,10.268717,0,0,0,0,0,0,0,0,0,11.523923,0,0,0,394.95453,0,0,0,0,0,0,0,0,0,0,0,0,0,0,0,0,0,0,0,0,0,0,0,NA
33914,529.3255481106112,6.6967044,area,NA,NA,NA,NA,NA,,NA,NA,,NA,0,0,0,0,0,0,0,0,0,0,0,0,0,0,0,0,0,0,0,0,0,0,0,0,0,0,0,0,0,0,0,0,0,0,0,0,0,0,0,0,0,0,0,0,0,0,0,0,0,0,0,0,0,0,0,0,0,0,0,0,0,0,0,0,0,0,0,0,0,0,0,0,0,0,0,0,0,0,0,0,0,0,0,0,0,0,0,0,0,0,0,0,0,0,0,0,12072.06,0,0,0,0,0,0,0,0,0,0,0,0,0,0,0,0,0,0,0,0,0,0,0,0,0,0,0,0,305458.25,0,0,0,0,0,0,0,0,0,0,0,0,0,0,0,0,0,0,0,0,0,0,0,NA
36352,530.3457904463982,7.9530296,area,NA,NA,NA,NA,NA,,NA,NA,,NA,0,0,0,0,0,0,0,0,0,0,0,27834.752,0,0,0,0,0,0,0,0,0,0,0,0,0,0,0,0,0,0,0,0,0,0,0,0,0,0,0,0,0,0,0,0,0,0,0,0,0,0,0,0,0,0,0,0,0,0,0,0,0,0,0,0,0,0,0,0,0,0,0,0,0,0,0,0,0,0,0,0,0,0,0,0,0,0,0,0,0,0,0,0,0,0,0,0,0,0,0,0,0,0,0,0,0,0,0,0,0,0,1368.4752,0,0,0,0,0,0,0,0,12.473787,0,0,0,0,58.13973,2291290.5,0,0,0,0,0,0,0,0,0,0,0,0,0,0,0,0,0,0,0,0,0,0,0,NA
35915,530.3464134080162,7.7594914,area,NA,NA,NA,NA,NA,,NA,NA,,NA,0,0,0,0,0,0,0,0,0,0,0,33186.023,0,0,0,0,0,0,0,0,0,0,0,0,0,0,0,0,0,0,0,0,0,0,0,8.822926,0,0,0,0,0,0,0,0,0,0,0,0,0,0,0,0,0,0,0,0,0,0,0,0,0,0,0,0,0,0,0,0,0,0,0,0,0,0,0,0,0,0,0,0,243.85498,0,0,0,0,0,0,0,0,0,0,0,0,0,23.484144,0,0,0,0,0,0,0,0,0,0,93.96514,0,0,0,0,187.48056,0,0,0,368636.5,0,0,0,0,0,0,18.235058,11.472004,0,0,616155.56,0,0,0,0,0,0,0,0,0,0,0,24.025566,0,0,14.708873,0,0,0,8.750435,0,0,0,0,NA
31501,530.3571180895075,5.470313,area,NA,NA,NA,NA,NA,,NA,NA,,NA,0,0,0,0,0,0,0,0,11.94511,0,0,19.278067,41.461723,51.780857,0,0,56.587135,13.99271,9.896983,20.437885,28.510878,0,33.754124,40.51674,0,0,0,46.557556,0,0,0,39.01423,0,22.75438,31.723427,36.94105,0,56.086323,0,15.7582,0,0,0,25.006428,0,0,81.0239,0,0,36.765675,0,0,12.188671,0,765.14166,27.472525,10.159664,0,9.379507,195.33548,0,0,45.7701,28.260584,0,0,33.34262,15.61252,138.43106,27.082712,68.475464,0,0,0,0,36.061485,0,25.548178,27.280752,67.58484,0,0,0,0,0,11.856089,47.550385,28.705069,0,0,124.95686,34.91655,15.297953,135.85425,227.01645,38.825584,0,0,24.995846,0,0,22.504395,57.567574,43.37889,0,162.05315,34.710743,0,0,64.25215,33153600,35.252106,29.39217,38.362732,0,10.887157,29.195868,10.434093,0,0,18.326962,15.834297,44.03173,16.385302,0,148967.75,199.62193,23.383842,0,16.87578,0,61.984016,36.89648,54.5952,0,32.994278,0,18.269638,73.86194,25.4981,63.750984,15.808044,23.555386,16.705883,102.8181,37.41913,87.75858,46.06756,20.987852,NA
25451,530.3581920461826,3.1644118,area,NA,NA,NA,NA,NA,,NA,NA,,NA,0,0,0,0,0,0,0,0,0,0,0,0,0,0,0,0,0,0,0,0,0,0,0,0,0,0,0,0,0,0,0,0,0,0,0,0,0,0,0,0,0,0,0,0,0,0,0,0,0,0,0,0,0,0,8.382341,0,18.689827,0,0,0,0,0,0,0,0,0,0,0,42.66557,0,0,0,0,0,0,0,0,0,0,0,0,0,0,0,0,0,0,0,0,0,0,0,0,0,0,0,0,0,0,0,0,0,0,0,0,0,34.17539,0,0,0,0,0,0,0,0,0,0,29.33855,0,0,0,0,0,0,0,27916.137,0,0,0,0,0,0,0,0,0,0,0,0,0,0,0,0,0,0,0,0,0,0,0,NA
30872,530.3589320830296,5.158789,area,NA,NA,NA,NA,NA,,NA,NA,,NA,0,0,0,0,0,0,0,0,0,0,0,22.704317,0,0,0,0,0,0,0,0,0,0,0,0,0,0,0,0,0,0,0,0,0,0,0,0,0,0,0,0,0,0,0,0,0,0,0,0,0,0,0,0,0,0,0,0,0,0,34.184975,0,0,0,0,0,0,0,0,0,0,0,0,0,0,0,0,0,0,0,9.72113,0,0,0,0,0,0,0,0,0,0,0,0,0,0,0,19.900532,0,0,0,0,0,0,0,0,0,0,0,0,0,0,0,3959.903,0,19.183233,0,0,0,0,0,0,0,0,0,0,0,0,11238441,0,0,0,0,0,0,0,0,0,0,0,0,0,0,0,0,0,0,0,0,0,0,0,NA
27196,530.3591128298494,3.6176474,area,NA,NA,NA,NA,NA,,NA,NA,,NA,0,0,0,0,0,0,0,0,0,0,0,0,0,0,0,0,0,0,0,0,0,0,0,0,0,0,0,0,0,0,0,0,0,0,0,0,0,0,0,0,0,0,0,0,0,0,0,0,0,0,0,0,0,0,0,0,0,0,8.333005,0,0,0,0,0,0,0,0,0,0,0,0,0,0,0,0,0,0,0,0,0,0,0,0,0,0,0,0,0,0,0,0,0,0,0,0,0,0,0,0,0,0,0,0,0,0,0,0,0,0,0,2249.9365,0,0,0,0,0,0,0,0,0,0,0,0,0,0,3779086.2,0,0,0,0,0,0,0,0,0,0,0,0,0,0,0,0,0,0,0,0,0,0,0,NA
26456,531.3097846330326,3.4035347,area,NA,NA,NA,NA,NA,,NA,NA,,NA,0,0,0,0,0,0,0,0,7896.9844,0,0,0,1065.3823,11605.807,0,0,1569.6547,6390.6577,600.7415,9877.202,560.0205,0,1211.3352,4303.641,0,0,0,4875.1523,0,0,0,2521.5425,0,253.25423,8719.575,2747.4575,0,7729.8657,56.311584,6702.0747,0,0,0,244.89856,0,0,315.48346,0,0,3707.105,0,0,7046.688,0,0,12904.837,7355.521,0,0,5688.926,0,0,7352.7456,20843.182,0,0,6708.479,3166.4814,114.03246,5323.629,153.65866,0,0,0,0,346.12955,0,14385.377,6435.158,197.98035,0,0,0,0,0,3872.1548,268.7249,9102.062,0,0,9707.984,248.73778,873.094,329.50687,150.85962,9935.526,0,0,7246.7334,0,0,9462.6,5225.17,6071.1973,0,7684.4385,117.509995,0,0,15677.37,0,166.43304,1493.6783,44075.688,0,4262.4595,105.881714,2397.0955,0,0,6943.4526,209.75844,344.65512,142.77553,0,0,487.9452,8561.861,0,19677.252,0,8207.495,212.14809,3639.5083,0,13939.769,0,1289.8442,3588.1096,10199.629,681.69464,26692.303,3708.0703,1819.0002,1479.8762,221.64792,14703.103,6060.876,1118.4131,NA
27903,531.310261329181,3.827938,area,NA,NA,NA,786,2323,[M+NH4]+,NA,3,27918;27916;27903,513.27646,0,0,0,0,0,0,0,0,67968.23,0,0,0,14785.343,157844.84,0,0,11652.018,56714.35,32253.564,30630.598,12501.936,0,31073.64,79065.96,0,0,0,31484.781,0,0,0,20024.107,0,19838.312,28075.514,26000.21,0,139971.88,45.172707,42629.63,0,0,0,10021.625,0,0,21381.98,0,0,14615.615,0,0,56070.43,0,0,112552.625,90960.48,0,0,37814.91,0,0,24474.453,150242.64,0,0,62680.77,22172.066,8639.803,32438.783,11591.981,0,0,0,0,18854.148,0,171043.14,78907.68,2540.563,0,0,0,0,0,59086.445,14230.785,209782.2,0,8.38246,45263.984,12010.7,7529.7485,6295.3013,9673.855,47939.176,0,0,47476.426,0,0,133398.67,40410.81,42327.32,0,26796.48,601.6767,0,0,101140.77,0,17954.633,24387.662,258782.02,0,72479.93,9382.192,39929.145,0,0,36091.723,6334.297,18176.873,951.65924,0,0,47670.85,102514.99,0,91265.63,0,37222.145,16125.831,65815.914,0,137858.69,0,23357.521,20881.031,117537.82,23857.107,225512.56,43571.95,68175.73,27343.84,16127.606,36803.414,89913.195,29212.842,NA
27413,531.3103723292846,3.6661067,area,NA,NA,NA,NA,NA,,NA,NA,,NA,0,0,0,0,0,0,0,0,32320.611,0,0,0,14655.97,54423.89,0,0,13414.113,13261.432,82702.81,25367.947,8832.9,0,18337.889,76832.74,0,0,0,20260.457,0,0,0,6339.737,0,12152.732,16830.3,17104.838,0,314260.6,1661.1687,15965.261,0,0,0,7303.818,0,0,19053.416,0,0,8065.347,0,0,23698.51,0,0,38946.84,16968.016,0,0,33716.53,0,0,17521.727,21132.139,0,0,10786.147,15425.302,6404.888,21497.602,14397.509,0,0,0,0,8318.648,0,50422.633,37820.277,4194.7656,0,0,0,0,0,34510.82,11964.121,81452.32,0,109.09696,32920.555,12223.588,4649.1343,6422.171,8644.583,84937.586,19.999908,0,24521.473,0,0,66966.125,25777.883,71272.43,0,21815.271,144.51514,0,0,47241.445,0,9872.476,23222.67,511902.12,0,21471.627,6144.9126,20345.4,0,0,21532.434,6637.7983,22593.867,1520.625,0,0,42795.79,38742.82,0,33281.348,0,17564.258,13921.99,50426.445,0,17278.484,0,13742.241,11388.352,38621.68,22498.629,55773.71,35353.184,40440.082,18361.23,16005.96,17038.918,37130.76,23028.896,NA
31789,532.3250248103183,5.5735207,area,NA,NA,NA,659,2671,[M+Na]+,NA,3,31817;31789;31819,509.33598,0,0,0,0,0,0,0,0,0,0,0,1583.3949,0,0,0,0,0,0,0,0,0,0,0,0,0,0,0,0,0,0,0,0,0,0,0,0,0,0,0,0,0,0,0,0,0,0,0,0,0,0,0,0,0,0,0,0,0,0,0,0,0,0,0,0,0,0,0,0,0,0,0,0,0,0,0,0,0,0,0,0,0,0,0,0,0,0,0,0,0,0,0,0,0,0,0,0,0,0,0,0,0,0,0,0,0,0,0,0,0,0,1073.7325,0,0,0,0,0,0,0,0,0,0,0,0,0,0,904912.8,0,0,0,0,0,0,0,0,0,0,0,0,0,0,0,0,0,0,0,0,0,0,0,NA
25556,533.3257689887502,3.2393692,area,NA,NA,NA,611,2122,[M+NH4]+,NA,5,25567;25556;25552;25535;25559,515.29184,15.078657,17.566412,0,0,0,0,0,0,125542.95,0,115.21655,0,95037.97,245689.42,10.997504,0,223850.33,81509.54,88905.875,138484.73,125699.83,0,115782.32,205092.16,0,0,0,201319.11,0,0,0,93293.086,9.62339,55058.86,155961.78,129313.445,0,475037.53,0,127440.11,0,0,0,44581.016,0,0,267469.78,0,0,70609.19,0,8.39834,156878.16,0,0,221546.92,205509.05,0,0,289404.97,0,0,211995.38,231113.66,54.340233,44.413803,140052.08,57397.902,28942.654,45625.52,91128.47,29.997953,0,0,0,38760.637,0,286984.84,150215.88,45183.695,0,0,0,0,0,142141.62,75054.29,171124.67,0,626.80695,119343.016,56819.832,49104.32,82600.72,180026.75,120969.016,0,9.799424,152601.86,0,0,395966,171249.89,132834.7,0,186378.2,10571.1875,0,0,251591.03,0,56871.71,55753.332,1056778.2,0,59290.695,39098.176,61777.45,0,0,116676.26,119250.85,57319.367,43244.72,0,0,108663.51,262784.88,0,260176.4,0,177822.56,38157.67,204359.66,0,99396.234,0,125969.984,91880.35,250418.22,160418.53,208826.47,67170.64,167226,57932.496,48685.848,316995.16,101865.88,176002.58,NA
26203,533.325909302783,3.3705573,area,NA,NA,NA,NA,NA,,NA,NA,,NA,15.078657,28.315409,0,0,0,0,0,0,45304.965,0,56.64299,0,42714.047,101939.57,10.997504,0,34824.062,21660.021,28463.074,93313.49,30547.111,0,68916.85,113306.836,0,0,0,62750.68,0,0,0,11298,19.222473,27000.703,23963.64,37984.504,0,133747.86,0,80367.11,0,0,0,26830.574,0,0,62063.68,0,0,15116.795,0,9.598191,32660.979,0,0,107008.82,178153.52,0,0,86330.58,0,19.505156,55888.004,140849.7,29.889397,17.659395,36654.62,10675.259,48910.14,72309.97,34231.633,12.672129,0,0,0,15695.704,0,59675.297,52623.086,16937.48,0,0,0,0,0,48846.344,33834.902,75592.65,0,447.36417,51351.168,34528.945,18194.129,44368.715,28822.256,57474,0,29.930754,69579.5,0,0,95329.836,28195.867,53540.97,0,43920.227,8610.371,0,0,76054.49,0,24244.34,101548.13,818413.75,0,27861.379,26472.059,12548.28,0,34.182137,34728.473,27408.896,43334.336,17988.229,0,21.805931,43773.383,21000.346,0,55470.1,0,66107.96,42112.797,81068.63,0,38755.234,0,30455.855,52930.98,61437.754,67559.87,128669.92,34359.465,55165.67,30968.445,29759.82,61696.13,52085.188,61188.94,NA
26751,533.3260216282275,3.4766798,area,NA,NA,NA,222,2220,[M+NH4]+,NA,8,26209;26718;26751;26744;26720;27269;26754;26727,515.29174,21.761305,36.308414,0,0,0,0,0,0,435342.34,0,103.38355,0,147145.92,601912.56,15.352912,0,144168.02,262951.84,278578.84,314651.53,181143.23,0,336776.66,834127.8,0,0,0,312751.03,0,0,0,161643,19.222473,276948,347848.53,303562.94,0,1101049.4,0,357991.75,0,0,0,132461.11,0,0,283120.16,0,0,198784.97,0,9.598191,334616.66,8.8427515,0,658521.75,506435.34,0,0,437350.38,0,19.505156,279794.5,943902.3,14.728186000000001,24.961596,269100.2,271052.72,155201.06,287113.9,147513.3,55.929543,0,0,0,177440.64,0,1045152.56,580392.9,95384.805,0,0,0,0,0,414229,163436.69,723681.1,0,0,347056.62,173179.94,95101.695,131662.48,159938.48,301264.72,0,17.386007,305485.78,0,0,1400695.2,392520.56,526288.5,0,311458.03,52713.734,0,0,573433.2,0,190408.92,305017.2,2434148,0,295394.25,115356.67,452477.1,0,108.860825,313994.34,99875.625,268457.84,58204.125,0,17.54575,588971.44,414834.12,0,526591.94,13.429407,273897.1,243553.92,671287.44,0,406292.4,0,242235.33,230169.98,846695.3,310228.56,690869.06,298947.16,541166.7,214659.53,205898.64,303850.97,278956.88,256735.28,NA
29899,533.3262692963391,4.6925,area,NA,NA,NA,573,2472,[M+NH4]+,NA,7,29892;29899;29900;29902;29891;29890;29896,515.29232,21.825966,13.740223,0,0,0,0,0,529.3993,159372.02,0,65.969864,0,159503.88,316306.12,17.53599,0,132742.16,109838.01,169161.78,243178.94,105966.82,0,231669.86,540255.75,0,0,0,175710.55,0,0,0,67475.08,12.49007,146565.67,146210.16,115569.07,0,735104.94,541550.4,158742.66,0,0,0,109658.19,0,0,282229.62,0,0,96915.63,0,0,138827.36,8.939335,0,361080.3,174919.12,8.395821,0,383593,0,10.763705,227185.98,315581.03,9.529409,25.596027,124251.664,128599.03,103537.234,248184.52,145020.78,70.70422,0,0,0,103695.555,0,311889.8,273809.62,74977.734,0,0,0,0,0,277641.25,113333.41,379582.16,0,69.989204,208112.17,107457.34,55436.797,80149.35,63683.566,191146.08,41.393898,22.699049,148904.61,0,0,564682.6,172612.86,407047.2,0,154335.53,19685.262,0,0,218921.06,0,125336.516,173389.89,763148.94,42.864452,170440.66,35656.17,122144.6,0,0,244497.75,81382.26,104685.734,38336.3,14.48019,0,198828.75,250035.98,0,243734.86,8.805749,239826.52,160672.5,267440.25,0,247371.08,0,132589.28,107359.11,250864.14,191464.12,233030.8,175859.73,334501.66,176121.53,164952.55,197838.03,210284.77,233318.8,NA
33846,535.4117655499845,6.669659,area,NA,NA,NA,NA,NA,,NA,NA,,NA,0,0,0,0,0,0,0,0,0,0,0,0,2101.2256,0,0,0,0,0,0,0,0,0,0,0,0,0,0,0,0,0,0,0,0,0,0,0,0,0,0,0,0,0,0,0,0,0,0,0,0,0,0,0,0,0,0,0,0,0,0,0,0,0,0,0,0,0,0,0,0,0,40.813557,0,0,0,0,0,0,0,0,0,0,0,0,0,0,0,127.45664,0,0,0,0,0,0,0,0,0,0,0,0,0,0,0,0,0,0,0,0,0,0,0,0,0,0,0,8353357.5,0,0,0,0,9.201223,0,52.172737,0,0,93526,69.63305,0,0,0,0,0,0,0,0,0,0,0,0,0,0,0,0,19.75033,0,0,532.24426,0,553.22327,0,NA
16218,536.4431344869624,2.1738794,area,NA,NA,NA,NA,NA,,NA,NA,,NA,0,0,0,0,0,0,0,0,0,0,0,0,17281.14,0,0,0,0,0,0,0,0,0,0,0,0,0,0,0,0,0,0,0,0,0,0,0,0,0,0,0,0,0,0,0,0,0,0,0,0,0,0,0,0,0,0,0,0,0,0,0,0,0,0,0,0,0,0,0,0,0,6729.696,0,0,0,0,0,0,0,0,0,0,0,0,0,0,0,1583.6558,0,0,0,0,0,0,0,0,0,0,0,0,0,0,0,0,0,0,0,0,0,0,0,0,0,0,0,0,0,0,0,0,668935.44,0,546.345,0,0,0,0,0,0,0,0,0,0,0,0,0,0,0,0,0,0,0,0,2819.3103,0,0,16001.7705,0,18725.975,0,NA
23888,536.4432259688841,2.8164163,area,NA,NA,NA,NA,NA,,NA,NA,,NA,0,0,0,0,0,0,0,0,0,0,0,0,85216.88,0,0,0,0,0,0,0,0,0,0,0,0,0,0,0,0,0,0,0,0,0,0,0,0,0,0,0,0,0,0,0,0,0,0,0,0,0,0,0,0,0,0,0,0,0,0,0,0,0,0,0,0,0,0,0,0,0,13114.361,0,0,0,0,0,0,0,0,0,0,0,0,0,0,0,15574.165,0,0,0,0,0,0,0,51.14197,0,0,0,0,0,0,0,0,0,0,0,0,0,0,0,0,0,0,0,400167.47,0,0,0,0,3479.2336,0,11748.997,0,0,682.0948,0,0,0,0,0,0,0,0,0,0,0,0,0,0,0,0,0,16337.184,0,0,35300.836,0,145484.98,0,NA
24761,537.3537994164799,3.0648284,area,NA,NA,NA,NA,NA,,NA,NA,,NA,0,0,0,0,0,0,0,0,0,0,0,0,0,0,0,0,0,0,0,0,13.825254,0,0,0,0,0,0,0,0,0,0,0,0,0,0,0,0,0,0,0,0,0,0,0,0,0,0,0,0,0,0,0,0,0,0,0,0,0,0,0,0,0,0,0,0,0,0,0,0,0,0,0,0,0,0,0,0,0,0,0,0,0,0,0,0,0,0,0,0,0,0,0,0,0,0,0,0,0,0,0,0,0,0,0,0,0,0,0,0,0,259.31116,0,0,0,0,0,0,0,0,29818.691,0,0,0,0,0,1633.0951,0,0,0,0,0,0,0,0,0,0,0,0,0,0,0,0,0,0,0,0,0,0,0,NA
30446,537.3545809925133,4.939006,area,NA,NA,NA,252,2525,[M+H]+,NA,2,30446;30431,536.34706,0,0,0,0,0,0,0,0,0,0,0,11091.894,0,0,0,0,0,0,0,0,0,0,0,0,0,0,0,0,0,0,0,0,0,0,0,0,0,0,0,0,0,0,0,0,0,0,0,0,0,0,0,0,0,0,0,0,0,0,0,0,0,0,0,0,0,0,0,0,0,0,0,0,0,0,0,0,0,0,0,0,0,0,0,0,0,0,0,0,0,0,0,0,0,0,0,0,0,0,0,0,0,0,0,0,0,0,0,0,0,0,13212.156,0,0,59.579216,0,0,0,0,0,0,0,0,0,0,0,5560080.5,0,0,0,0,0,0,0,0,0,0,0,0,0,0,0,0,0,0,0,0,0,0,0,NA
22764,537.3900168436433,2.7242577,area,NA,NA,NA,NA,NA,,NA,NA,,NA,0,0,0,0,0,0,0,0,0,0,0,0,0,0,0,0,0,0,0,0,0,0,0,0,0,0,0,0,0,0,0,114.342926,0,0,0,0,0,0,0,0,0,0,0,0,0,0,0,0,0,0,0,0,0,0,0,0,0,0,0,0,0,0,0,0,0,0,0,0,116.24118,0,0,0,0,0,0,0,0,0,0,0,0,0,0,0,0,0,0,0,0,0,0,65.708336,0,0,0,0,0,0,0,0,0,0,107.415184,0,0,1217.3163,235.90201,0,0,0,0,44.938194,0,0,26.40758,0,97.99384,0,0,30197.564,0,0,431.5453,0,0,0,0,0,0,147.48605,0,124.50833,0,0,0,0,0,0,0,0,0,0,0,0,0,0,140.44754,0,0,NA
20993,537.3909397985615,2.4667616,area,NA,NA,NA,NA,NA,,NA,NA,,NA,0,0,0,0,0,0,0,0,0,0,0,0,0,0,0,0,0,0,0,0,0,0,0,0,0,0,0,0,0,0,0,0,0,0,0,0,0,0,0,0,0,0,0,0,0,0,0,0,0,0,0,0,0,0,0,0,0,0,0,0,0,0,0,0,0,0,0,0,0,0,0,0,0,0,0,0,0,0,0,0,0,0,0,0,0,0,0,0,0,0,0,0,0,0,0,0,0,0,0,0,0,0,0,0,0,0,0,0,0,0,0,0,0,0,0,0,0,0,0,21024.574,0,0,0,0,0,0,0,0,0,0,0,0,0,0,0,0,0,0,0,0,0,0,0,0,0,0,0,0,0,NA
25559,538.2812832198749,3.233926,area,NA,NA,NA,611,2122,[M+Na]+,NA,4,25567;25556;25552;25559,515.29184,0,0,0,0,0,0,0,0,13479.146,0,0,0,5390.1426,19718.193,0,0,5499.702,9070.652,10510.225,9386.324,3299.9756,0,8250.711,15220.678,0,0,0,12263.655,0,0,0,247.00345,0,4085.7144,12776.293,12679.087,0,25178.324,0,13164.187,0,0,0,4653.3364,0,0,5172.882,0,0,5924.717,0,0,12733.934,0,0,22542.262,22772.24,0,0,7015.9214,0,0,10024.982,22249.95,0,0,9187.634,6369.248,2169.047,4533.032,3982.658,0,0,0,0,4234.644,0,13411.764,14643.806,465.5962,0,0,0,0,0,15407.252,4927.4897,18642.877,0,0,10642.6875,5852.222,3588.6165,1292.7211,674.0105,10067.573,0,0,14819.448,0,0,31108.318,4839.8755,9313.944,0,8528.536,235.67947,0,0,24031.818,0,3448.607,2683.2805,84690.69,0,7076.469,3059.6204,7625.3276,0,0,7293.9414,1816.3762,3756.3047,542.6984,0,0,9441.852,24474.236,0,21024.18,0,11702.646,3397.7292,18675.785,0,10290.062,0,4332.9204,5844.3984,22651.732,1228.5193,20073.674,6446.19,16849.266,5627.552,4386.883,16516.79,9215.105,3335.221,NA
26209,538.2815085804173,3.473431,area,NA,NA,NA,222,2220,[M+Na]+,NA,6,26209;26751;26702;26744;27269;26727,515.29174,0,0,0,0,0,0,0,0,44823.633,0,0,0,13552.113,54122.043,0,0,11375.087,21813.45,22405.154,15480.07,10267.777,0,22294.967,55420.98,0,0,0,27605.896,0,0,0,12674.706,0,31111.027,22314.885,28661.875,0,88108.59,0,27676.264,0,0,0,9202.845,0,0,23005.295,0,0,7147.111,0,0,39337.258,0,0,42863.098,48613.617,0,0,25422.314,0,0,20451.547,65655.66,0,0,27337.477,21522.516,7651.3564,24464.21,12102.634,0,0,0,0,16964.955,0,88464.23,51773.855,6878.554,0,0,0,0,0,38097.816,15711.373,66471.125,0,0,25257.6,10175.509,6925.3384,7322.662,9217.758,22332.521,0,0,29683.832,0,0,123370.9,25969.951,23420.389,0,17323.887,149.25348,0,0,40749.93,0,15898.901,16546.205,178180.03,0,29279.803,5839.5654,42985.043,0,0,22966.824,8351.362,12954.07,3177.0166,0,0,34321.605,33239.547,0,33812.21,0,21253.598,14150.694,47343.04,0,41547.867,0,16018.5625,10494.193,73725.42,15671.324,53181.43,29999.469,48118.504,22397.646,23603.062,25948.557,23597.91,18399.293,NA
27519,538.3378342630398,3.7211034,area,NA,NA,NA,NA,NA,,NA,NA,,NA,0,0,0,0,0,0,0,0,0,0,0,0,31.698498,0,0,0,40.749855,0,0,0,19.609568,0,0,0,0,0,0,0,0,0,0,30.056555,0,0,23.67242,23.520947,0,23.50241,0,0,0,0,0,0,0,0,49.57508,0,0,33.472702,0,0,0,0,0,0,0,0,0,45.601387,0,0,16.795288,0,0,0,0,0,19.732681,17.046993,80.336525,0,0,0,0,0,0,0,0,0,182.57007,0,0,0,0,0,15.188532,13.186033,0,0,38.11474,0,0,54.660854,21.683773,0,0,0,0,0,0,0,20.026134,0,0,30.58031,40.29043,0,0,0,32.886,0,25.402645,0,0,0,0,0,0,96919.22,15.292171,42.515266,0,0,0,0,79.71154,0,0,20.938852,0,0,0,45.852207,0,0,0,34.499268,34.932926,0,30.466213,0,13.604335,0,0,12.3778715,15.578434,0,23.686092,NA
31587,538.3378401715231,5.534412,area,NA,NA,NA,NA,NA,,NA,NA,,NA,0,0,0,0,0,0,0,0,11.878202,0,0,500.31992,41.284218,124.9651,0,0,120.68408,90.23259,0,103.612686,52.13172,0,122.29941,137.16429,0,0,0,61.81511,0,0,0,67.33501,0,25.087715,74.30191,93.617134,0,99.11821,0,73.117516,0,0,0,50.856064,0,0,89.53464,0,0,155.89598,0,0,31.18618,0,0,78.48296,35.879967,0,0,471.11957,0,0,162.64049,97.34192,0,0,112.6529,118.067726,85.38704,57.248474,64.27362,0,0,0,0,12.644917,0,43.585487,35.44786,44.751854,0,0,0,0,0,22.33841,61.166332,21.227844,0,0,41.178703,78.51804,49.93508,65.12185,88.18428,35.27517,0,0,85.47621,0,0,62.497307,37.376488,182.98897,0,136.06421,69.6929,0,0,66.52756,220.54779,53.54962,228.74866,39.898994,0,13.835472,78.915695,39.211998,0,0,94.390236,75.359886,62.64966,30.2476,0,2260453,335.00354,131.14798,0,112.6683,0,45.2203,126.4682,164.4929,0,27.38315,0,199.48256,241.28992,97.693306,277.82535,77.60852,22.76265,27.942343,43.461823,13.325167,87.50532,83.24387,333.01392,NA
34765,538.3512747695437,7.083434,area,NA,NA,NA,NA,NA,,NA,NA,,NA,0,0,0,0,0,0,0,0,24.183292,0,0,0,53.061848,26.81195,0,0,32.520866,24.528069,22.960722,66.02382,21.095602,0,14.623783,51.367435,0,0,0,26.247232,0,0,0,50.966076,0,34.60191,117.43835,25.211727,0,359.08554,0,23.830425,0,0,0,40.716644,0,0,101.08885,0,0,55.850975,0,0,77.59884,0,0,11.885994,16.070076,0,0,52.408836,0,0,67.35233,46.43236,0,0,19.071077,16.755077,37.83728,22.061867,43.740692,0,0,0,0,17.265736,0,33.396214,59.269882,24.654406,0,0,0,0,0,15.159618,120.892914,26.827198,0,0,50.31283,18.720459,48.598488,38.07567,50.58814,22.521461,0,0,24.301483,0,0,45.42057,67.826744,82.41795,0,18.823448,17.087158,0,0,17.54702,0,25.344034,49.372,11.525312,0,14.127178,17.65455,15.255078,0,75.593994,115.7439,71.15047,34.36315,36.433147,0,60202.906,51.23815,26.202686,0,46.84872,0,14.216732,28.519575,16.981457,0,12.559353,0,32.080013,11.84609,17.058537,50.3871,16.98916,27.102554,26.52509,40.28732,24.444252,92.68039,19.561771,67.503365,NA
38413,538.3521048850715,8.582012,area,NA,NA,NA,441,3063,[M-H2O+H]+,NA,1,38420,555.35466,0,0,0,0,0,2078.0442,0,0,0,0,0,116168.56,0,0,0,0,0,0,0,0,0,0,0,0,0,0,0,0,0,0,0,0,0,0,0,0,0,0,0,0,0,0,0,0,0,0,0,0,0,0,0,0,0,0,0,0,0,0,0,0,0,0,0,0,0,0,0,0,0,0,0,0,0,0,0,0,0,0,0,0,0,0,0,0,0,0,0,0,0,0,0,0,0,0,0,0,6539.1875,0,0,0,0,0,0,0,0,0,0,0,0,0,316113.38,0,0,0,0,0,0,0,0,86085.336,0,0,0,0,0,689257.3,0,612.45245,0,0,0,0,0,0,0,0,0,0,0,0,0,0,0,0,0,0,0,0,0,NA
30655,540.334776402508,5.0895486,area,NA,NA,NA,NA,NA,,NA,NA,,NA,0,0,0,0,0,0,0,0,0,0,0,17.339943,0,0,0,0,0,0,0,0,0,0,0,0,0,0,0,0,0,0,0,0,0,0,0,0,0,0,0,0,0,0,0,0,0,0,0,0,0,0,0,0,0,0,0,0,0,0,0,0,0,0,0,0,0,0,0,0,0,0,0,0,0,0,0,0,0,0,0,0,0,0,0,0,0,0,0,0,0,0,0,0,0,0,0,0,0,0,0,0,0,0,0,0,0,0,0,0,0,0,0,0,0,0,0,0,0,0,0,0,0,0,0,0,0,257058.88,0,0,0,0,0,0,0,0,0,0,0,0,0,0,0,0,0,0,0,0,0,0,0,NA
35702,540.3351754604379,7.6364927,area,NA,NA,NA,NA,NA,,NA,NA,,NA,0,0,0,0,0,106.86449,0,0,0,0,0,389535.84,0,0,0,0,0,0,0,0,0,0,0,0,0,0,0,0,0,0,0,0,0,0,0,0,0,0,0,0,0,0,0,0,0,0,0,0,0,0,0,0,0,0,0,0,0,0,0,10.000097,0,0,0,0,0,0,0,0,0,0,0,0,0,0,0,0,0,0,0,0,0,0,0,0,0,0,0,0,0,0,0,0,0,0,0,0,0,0,0,0,0,0,0,0,0,0,0,0,0,0,4122.757,0,0,0,0,0,0,0,0,0,0,0,0,0,0,193981.08,0,0,0,0,0,0,0,0,0,0,0,0,0,0,0,0,0,0,0,0,0,0,0,NA
34950,540.3351835696916,7.2475567,area,NA,NA,NA,NA,NA,,NA,NA,,NA,0,0,0,0,0,101632.3,0,0,0,0,0,0,0,0,0,0,0,0,0,0,0,0,0,0,0,0,0,0,0,0,0,0,0,0,0,0,0,0,0,0,0,0,0,0,0,0,0,0,0,0,0,0,0,0,0,0,0,0,0,0,0,0,0,0,0,0,0,0,0,0,0,0,0,0,0,0,0,0,0,0,0,0,0,0,0,0,0,0,0,0,0,0,0,0,0,0,46.949654,0,0,0,0,0,0,0,0,0,0,0,0,0,712738.6,0,0,0,0,0,0,0,0,0,0,0,0,0,0,9222.705,0,0,0,0,0,0,0,0,0,0,0,0,0,0,0,0,0,0,0,0,0,0,0,NA
34440,540.3357595119281,6.9664226,area,NA,NA,NA,NA,NA,,NA,NA,,NA,0,0,0,0,0,0,0,0,0,0,0,2363.077,0,0,0,0,0,0,0,0,0,0,0,0,0,0,0,0,0,0,0,0,0,0,0,0,0,0,0,0,0,0,0,0,0,0,0,0,0,0,0,0,0,0,0,0,0,0,0,0,0,0,0,0,0,0,0,0,0,0,0,0,0,0,0,0,0,0,0,0,0,0,0,0,0,0,0,0,0,0,0,0,0,0,0,0,10357.356,0,0,0,0,0,0,0,0,0,0,0,0,0,0,0,0,0,0,0,0,0,0,0,0,0,0,0,0,274924.47,0,0,0,0,0,0,0,0,0,0,0,0,0,0,0,0,0,0,0,0,0,0,0,NA
38618,540.3697060447929,8.639532,area,NA,NA,NA,NA,NA,,NA,NA,,NA,0,0,0,0,0,0,0,0,0,0,0,0,0,0,0,0,0,0,0,0,0,0,0,0,0,0,0,0,0,0,0,0,0,0,0,0,0,0,0,0,0,0,0,0,0,0,0,0,0,0,12.258564,0,0,0,13.726961,0,0,0,18.936014,0,0,0,0,0,0,0,0,0,0,0,0,0,0,0,0,0,0,0,0,0,0,0,0,0,0,0,0,0,0,0,0,0,0,0,0,0,0,0,0,0,0,0,0,0,0,0,0,0,0,0,0,0,0,0,0,0,0,0,0,0,0,0,0,0,0,2149215.2,0,0,0,0,0,0,0,0,0,0,0,0,0,0,0,0,0,0,0,0,0,0,0,NA
31311,541.3498136516594,5.311465,area,NA,NA,NA,NA,NA,,NA,NA,,NA,0,0,0,0,0,0,0,0,0,0,0,932.41327,0,0,0,0,0,0,0,0,0,0,0,0,0,0,0,0,0,0,0,0,0,0,0,0,0,0,0,0,0,0,0,0,0,0,0,0,0,0,0,0,0,0,0,0,0,0,0,0,0,0,0,0,0,0,0,0,0,0,26.365553,0,0,0,0,0,0,39.330185,0,0,0,0,0,0,0,0,13.422563,0,0,0,0,0,0,0,0,0,0,0,0,0,0,0,0,0,0,0,0,0,0,0,17.513714,0,0,0,0,0,0,0,0,61.1615,0,0,0,0,0,46739.91,0,0,0,0,0,0,0,0,0,17.044662,0,0,193.47672,0,0,0,0,0,13.025829,0,0,0,0,NA
30343,543.3391514996663,4.872054,area,NA,NA,NA,NA,NA,,NA,NA,,NA,0,0,0,0,0,0,0,0,0,0,0,0,0,0,0,0,0,0,0,0,0,0,0,0,0,0,0,0,0,0,0,0,0,0,0,0,0,0,0,0,0,0,0,0,0,0,0,0,0,0,0,0,0,0,0,0,0,0,0,0,0,0,0,0,0,0,0,0,0,0,0,0,0,0,0,0,0,0,0,0,0,0,0,0,0,0,0,0,0,0,0,0,0,0,0,0,0,0,0,0,0,0,0,0,0,0,0,0,0,0,0,0,0,0,18.102753,0,0,0,0,0,0,0,0,0,0,604463.25,0,0,0,0,0,0,0,0,0,0,0,0,0,0,0,0,0,0,0,0,0,0,0,NA
34706,543.3401915266252,7.124884,area,NA,NA,NA,NA,NA,,NA,NA,,NA,0,0,0,0,0,5320.68,0,0,0,0,0,0,0,0,0,0,0,0,0,0,0,0,0,0,0,0,0,8.901365,0,0,0,0,0,0,0,0,0,0,0,0,0,0,0,0,0,0,0,0,0,0,0,0,0,0,0,0,0,0,0,0,0,0,0,0,0,0,0,0,0,0,0,0,0,0,0,0,0,0,0,0,0,0,0,0,0,0,0,0,0,0,0,0,0,0,11.790265,0,0,0,0,0,0,0,0,0,0,0,0,0,0,0,2739243,0,0,0,0,0,0,0,0,0,0,0,0,0,0,43247.98,0,0,0,0,0,0,0,0,0,0,0,0,0,0,0,0,0,0,0,0,0,0,0,NA
34096,543.3413857024141,6.766262,area,NA,NA,NA,NA,NA,,NA,NA,,NA,0,0,0,0,0,0,0,0,0,0,0,0,0,0,0,0,0,0,0,0,0,0,0,0,0,0,0,0,0,0,0,0,0,0,0,0,0,0,0,0,0,0,0,0,0,0,0,0,0,0,0,0,0,0,0,0,0,0,0,0,0,0,0,0,0,0,0,0,0,0,0,0,0,0,0,0,0,9.327213,0,0,0,0,0,0,0,0,0,0,0,0,0,0,0,0,0,0,1635.7429,0,0,0,0,0,0,0,0,0,0,0,0,0,13.621046,0,0,0,0,0,0,0,0,0,0,0,0,0,0,984192.75,0,0,0,0,0,0,0,0,0,0,0,0,0,0,0,0,0,0,0,0,0,0,0,NA
42995,543.3796723057869,8.928415,area,NA,NA,NA,192,NA,,NA,NA,,NA,0,0,0,0,0,0,0,0,0,0,0,0,0,306.78394,0,0,705.6363,0,0,125.9899,457.56006,0,302.37506,593.20776,0,0,0,0,0,0,0,382.63977,0,0,0,0,0,0,0,0,0,0,0,0,0,0,0,0,0,95.70401,0,0,0,0,0,181.43405,0,17.764175,27.293007,0,0,0,0,0,0,18.909277,137.00717,0,0,0,0,0,1113.4814,0,0,0,0,0,0,0,0,0,0,0,0,0,100.99709,0,0,0,356.25342,0,0,536.521,354.60425,0,0,0,0,0,0,0,0,159.51556,0,0,0,17.2472,84.29462,0,0,0,0,0,14285527,0,60.701164,139.63475,0,0,0,60.592117,89.21066,0,50753.87,0,0,0,0,0,0,342.2182,258.5458,203.83899,0,0,0,86.6517,173.1128,287.92145,1184.7357,0,134.8027,0,0,0,376.56934,855.0829,0,NA
36143,544.3254906874015,7.866007,area,NA,NA,NA,NA,NA,,NA,NA,,NA,0,0,0,0,0,0,0,0,0,0,0,0,0,0,0,0,0,0,0,0,0,0,0,0,0,0,0,0,0,0,0,0,0,0,0,0,0,0,0,0,0,0,0,0,0,0,0,0,0,0,0,0,0,0,0,0,0,0,0,0,0,0,0,0,0,0,0,0,0,0,0,0,0,0,0,0,0,0,0,0,0,0,0,0,0,0,0,0,0,0,0,0,0,0,0,0,0,0,0,0,0,0,0,0,0,0,0,0,0,0,1083186.8,0,0,0,0,0,0,0,0,0,0,0,0,0,0,549.5836,0,0,0,0,0,0,0,0,0,0,0,0,0,0,0,0,0,0,0,0,0,0,0,NA
37721,544.360876010739,8.443986,area,NA,NA,NA,546,NA,,NA,NA,,NA,0,0,0,0,0,0,0,0,0,0,0,234189.64,0,0,0,0,0,0,0,0,0,0,0,0,0,0,0,0,0,0,0,0,0,0,0,0,0,0,0,0,0,0,0,0,0,0,0,0,0,0,0,0,0,0,0,0,0,0,0,0,0,0,0,0,0,0,0,0,0,0,0,0,0,0,0,0,0,0,0,0,0,0,0,0,0,0,0,0,0,0,0,0,0,0,0,0,0,0,0,0,0,0,0,0,0,0,0,0,0,0,12415.154,0,0,0,2734.7615,0,0,0,0,0,0,0,0,0,465234.3,772033.9,0,0,0,0,0,0,0,0,0,0,0,0,0,0,0,0,0,0,0,0,0,0,0,NA
30213,545.3204040640993,4.82496,area,NA,NA,NA,NA,NA,,NA,NA,,NA,0,0,0,0,0,0,0,0,0,0,0,17701.031,0,0,0,0,0,0,0,0,0,0,0,0,0,0,0,0,0,0,0,0,0,0,0,0,0,0,0,0,0,0,0,0,0,0,0,0,0,0,0,0,0,0,0,0,0,0,0,0,0,0,0,0,0,0,0,0,0,0,0,0,0,0,0,0,0,0,0,0,0,0,0,0,0,0,0,0,0,0,0,0,0,0,0,0,0,0,0,0,0,0,0,0,0,0,0,0,0,0,1096.0609,0,0,0,0,0,0,0,0,0,0,0,0,0,0,405220.16,0,0,0,0,0,0,0,0,0,0,0,0,0,0,0,0,0,0,0,0,0,0,0,NA
36249,546.3103101255647,7.920261,area,NA,NA,NA,697,2950,[M+NH4]+,NA,3,36214;36249;36215,528.27621,0,0,0,0,0,0,0,0,10991.547,0,0,79.930176,28251.13,36553.98,0,0,48620.582,18969.652,18060.686,78273.21,49521.543,0,33887.21,66496.484,0,0,0,30791.49,0,0,0,31024.318,0,9947.368,45785.496,17482.756,0,83256.04,0,22909.432,0,0,0,17634.9,0,0,52119.76,0,0,22266.3,0,0,29093.82,0,0,45124.945,17862.564,0,0,152362.62,0,0,38868.434,43800.953,0,0,10391.167,15491.383,32803.414,25413.342,99740.49,0,0,0,0,1248.0426,0,37512.29,1001.90283,4731.5796,0,0,0,0,0,15214.421,14492.662,264.8772,0,0,32896.11,34288.09,14945.929,14376.541,75806.01,23088.996,0,0,16189.202,0,0,12037.902,56346.336,84649.55,0,51610.22,24152.527,0,0,25936.754,0,21230.363,86664.45,10605.243,0,17514.084,26434.395,16411.252,0,0,47449.26,32322.75,37560.617,30755.043,0,0,42555.75,30692.525,0,62161.48,0,30548.035,25905.71,23107.695,0,17300.293,0,25746.223,38394.23,16606.123,95747.13,35785.492,24863.068,36756.64,19483.836,3083.3164,46913.75,55759.46,85282.14,NA
27741,546.3543831185644,3.7803533,area,NA,NA,NA,NA,NA,,NA,NA,,NA,0,0,0,0,0,0,0,0,0,0,0,51374.613,413.3736,0,0,0,16.423542,0,0,0,14.780878,0,0,22.041962,0,0,0,0,0,0,0,20.82454,0,11.96096,0,24.770119,0,0,0,0,0,0,0,0,0,0,15.0263195,0,0,0,0,0,9.232971,0,0,0,0,0,14.270675,24.89484,0,0,0,0,0,0,0,0,0,0,72.22648,0,0,0,0,0,0,0,10.082653,0,0,0,0,0,0,0,112.5469,14.042147,0,0,0,0,0,0,17.713863,0,0,0,0,0,0,13.491325,0,81.12856,0,0,37.80269,0,0,0,30163.414,0,0,43.6773,0,0,0,0,0,100.06749,0,0,0,0,0,13726062,0,0,0,0,0,0,0,0,0,0,0,0,0,0,23.493847,0,36.43317,0,0,45.7307,11.032994,165.68536,20.486874,NA
20803,546.3545937423346,2.4511535,area,NA,NA,NA,NA,NA,,NA,NA,,NA,0,0,0,0,0,0,0,0,0,0,0,0,0,0,0,0,0,0,0,0,0,0,0,0,0,0,0,0,0,0,0,0,0,0,0,0,0,0,0,0,0,0,0,0,0,0,0,0,0,0,0,0,0,0,0,0,0,0,0,0,0,0,0,0,0,0,0,0,0,0,0,0,0,0,0,0,0,0,0,0,0,0,0,0,0,0,0,0,0,0,0,0,0,0,0,0,0,0,0,0,0,0,0,0,0,0,0,0,0,0,3186.6218,0,0,0,0,0,0,0,0,32119.219,0,0,0,0,0,4158.972,0,0,0,0,0,0,0,0,0,0,0,0,0,0,0,0,0,0,0,0,0,0,0,NA
31427,547.386702804499,5.377395,area,NA,NA,NA,NA,NA,,NA,NA,,NA,0,0,0,0,0,101.13707,0,0,0,0,0,0,0,0,0,0,0,0,0,0,0,0,0,0,0,0,0,0,0,0,0,0,0,0,0,0,0,0,0,0,0,0,0,0,0,0,0,0,0,0,0,0,0,0,0,0,0,0,0,0,0,0,0,0,0,0,0,0,0,0,0,0,0,0,0,0,0,0,0,0,0,0,0,0,0,0,0,0,0,0,0,0,0,0,0,0,176.08734,0,0,0,0,0,0,0,0,94.08281,24.571915,0,0,0,101114.766,0,0,0,0,0,0,0,0,0,0,0,0,0,0,1524.7645,0,0,0,0,0,0,0,0,0,0,0,0,0,0,0,0,0,0,0,0,0,0,0,NA
23629,549.3205444977182,2.8459482,area,NA,NA,NA,NA,NA,,NA,NA,,NA,0,0,0,0,0,0,0,0,2282.2087,0,0,0,3328.4126,3395.044,0,0,184.8819,3231.0698,714.811,389.80365,739.706,0,1202.7699,5434.1445,0,0,0,4092.5127,0,0,0,49.330883,0,3490.2727,4435.1226,4896.774,0,9762.774,0,3188.2202,0,0,0,155.32396,0,0,724.58844,0,0,80.34944,0,0,3974.518,0,0,3683.6558,4201.4507,0,0,7987.51,0,0,1846.4902,8928.468,0,0,7366.112,3469.5752,0,4445.4443,138.31052,0,0,0,0,209.94449,0,7356.0947,6566.6514,137.03069,0,0,0,0,0,1460.8452,253.90256,6561.2344,0,0,861.8461,193.29956,35.96215,588.7087,143.68918,3201.3926,41.233536,0,4065.164,0,0,8974.315,1024.761,8232.077,0,10514.081,0,0,0,6402.535,0,185.46843,527.5748,43011.81,0,486.72787,0,2749.4973,0,0,666.8738,856.1678,75.958565,70.0762,0,0,3912.5798,2001.7606,0,4786.5293,0,2963.2146,52.37781,4315.2207,0,3518.662,0,1159.4114,185.29478,6466.5996,125.76745,4595.355,521.5246,1346.535,206.17996,1051.8313,4211.1074,412.3426,592.88275,NA
30965,552.3402635993828,5.1991587,area,NA,NA,NA,NA,NA,,NA,NA,,NA,0,0,0,0,0,0,0,0,0,0,0,0,0,0,0,0,0,0,0,0,0,0,0,0,0,0,0,0,0,0,0,0,0,0,0,0,0,0,0,0,0,0,0,0,0,0,0,0,0,0,0,0,0,0,0,0,0,0,0,0,0,0,0,0,0,0,0,0,0,0,0,0,0,0,0,0,0,0,0,0,0,0,0,0,0,0,0,0,0,0,0,0,0,0,0,0,0,0,0,0,0,0,0,0,0,0,0,0,0,0,80.659836,0,0,0,0,0,0,0,0,0,0,0,0,0,0,328867.22,0,0,0,0,0,0,0,0,0,0,0,0,0,0,0,0,0,0,0,0,0,0,0,NA
27200,552.3407385361868,3.608909,area,NA,NA,NA,NA,NA,,NA,NA,,NA,0,0,0,0,0,0,0,0,0,0,0,0,0,0,0,0,0,0,0,0,0,0,0,0,0,0,0,0,0,0,0,0,0,0,0,0,0,0,0,0,0,0,0,0,0,0,0,0,0,0,0,0,0,0,0,0,0,0,0,0,0,0,0,0,0,0,0,0,0,0,0,0,0,0,0,0,0,0,0,0,0,0,0,0,0,0,0,0,0,0,0,0,0,0,0,0,0,0,0,0,0,0,0,0,0,0,0,0,0,0,21.340809,0,0,0,0,0,0,0,0,0,0,0,0,0,0,392987.62,0,0,0,0,0,0,0,0,0,0,0,0,0,0,0,0,0,0,0,0,0,0,0,NA
31543,552.3413642041196,5.4795985,area,NA,NA,NA,NA,NA,,NA,NA,,NA,0,0,0,0,0,0,0,0,0,0,0,0,0,0,0,0,0,0,0,16.177282,0,0,0,0,0,0,0,11.273628,0,0,0,0,0,0,11.413965,0,0,18.701172,0,0,0,0,0,0,0,0,25.6861,0,0,0,0,0,0,0,0,0,0,0,0,17.22304,0,0,0,0,0,0,9.612564,0,0,13.057109,0,0,0,0,0,0,0,0,0,0,0,0,0,0,0,0,0,0,0,0,0,0,0,0,48.179596,0,0,0,0,0,0,0,12.781599,0,0,0,0,0,0,0,1944239.2,0,0,0,0,0,0,0,0,0,0,0,0,0,0,5522.3867,0,0,0,9.443161,0,0,0,0,0,0,0,12.39209,0,0,0,0,0,0,0,0,0,0,21.010483,NA
33677,553.4210139700234,6.561434,area,NA,NA,NA,NA,NA,,NA,NA,,NA,0,0,0,0,0,0,0,0,0,0,0,0,0,0,0,0,0,0,0,0,0,0,0,0,0,0,0,0,0,0,0,0,0,0,0,0,0,0,0,0,0,0,0,0,0,0,0,0,0,0,0,0,0,0,0,0,0,0,0,0,0,0,0,0,0,0,0,0,0,0,0,0,0,0,0,0,0,0,0,0,0,0,0,0,0,0,0,0,0,0,0,0,0,0,0,0,0,0,0,0,0,0,0,0,0,0,0,0,0,0,0,0,0,0,0,0,0,0,0,0,0,0,0,0,817743.8,0,0,0,0,0,0,0,0,0,0,0,0,0,0,0,0,0,0,0,0,0,0,0,0,NA
35924,553.4213140990171,7.7123885,area,NA,NA,NA,513,NA,,NA,NA,,NA,0,0,0,0,0,0,0,0,0,0,0,8455.799,0,0,0,0,0,0,0,0,0,0,0,0,0,0,0,0,0,0,0,0,0,0,0,0,0,0,0,0,0,0,0,0,0,0,0,0,0,0,0,0,0,0,0,0,0,0,0,0,0,0,0,0,0,0,0,0,0,0,0,0,0,0,0,0,0,0,0,0,0,0,0,0,0,0,0,0,0,0,0,0,0,0,0,0,0,0,0,0,0,0,0,0,0,0,0,0,0,0,42.670002,0,0,0,247814.44,0,0,0,0,0,0,0,0,0,0,289475.56,0,0,0,0,0,0,0,0,0,0,0,0,0,0,0,0,0,0,0,0,0,0,0,NA
34214,554.347781594589,6.8433194,area,NA,NA,NA,NA,NA,,NA,NA,,NA,0,0,0,0,0,0,0,0,0,0,0,0,0,0,0,0,0,0,0,0,0,0,0,0,0,0,0,0,0,0,0,0,0,0,0,0,0,0,0,0,0,0,0,0,0,0,0,0,0,0,0,0,0,0,0,0,0,0,0,0,0,0,0,0,0,0,0,0,0,0,0,0,0,0,0,0,0,0,0,0,0,0,0,0,0,0,0,0,0,0,0,0,0,0,0,0,0,0,0,0,0,0,0,0,0,0,0,0,0,0,12.460265,0,0,0,0,0,0,0,0,0,0,0,0,0,0,87544.19,0,0,0,0,0,0,0,0,0,0,0,0,0,0,0,0,0,0,0,0,0,0,0,NA
37854,554.3481219950881,8.4901905,area,NA,NA,NA,NA,NA,,NA,NA,,NA,0,0,0,0,0,0,0,0,0,0,0,0,0,0,0,0,0,0,0,0,0,0,0,0,0,0,0,0,0,0,0,0,0,0,0,0,0,0,0,0,0,0,0,0,0,0,0,0,0,0,0,0,0,0,0,0,0,0,0,0,0,0,0,0,0,0,0,0,0,0,0,0,0,0,0,0,0,0,0,0,0,0,0,0,0,0,0,0,0,0,0,0,0,0,0,0,0,0,0,0,0,0,0,0,0,0,0,0,0,0,25900.557,0,0,0,0,0,0,0,0,0,0,0,0,0,0,0,0,0,0,0,0,0,0,0,0,0,0,0,0,0,0,0,0,0,0,0,0,0,0,NA
30431,554.3806435703164,4.9415793,area,NA,NA,NA,252,2525,[M+NH4]+,NA,2,30446;30431,536.34706,0,0,0,0,0,0,0,0,0,0,0,1182.2638,0,0,0,0,0,0,0,0,0,0,0,0,0,0,0,0,0,0,0,0,0,0,0,0,0,0,0,0,0,0,0,0,0,0,0,0,0,0,0,0,0,0,0,0,0,0,0,0,0,0,0,0,0,0,0,0,0,0,0,0,0,0,0,0,0,0,0,0,0,0,0,0,0,0,0,0,0,0,0,0,0,0,0,0,0,0,0,0,0,0,0,0,0,0,0,0,0,0,2311.879,0,0,0,0,0,0,0,0,0,0,0,0,0,0,1472727.8,0,0,0,0,0,0,0,0,0,0,0,0,0,0,0,0,0,0,0,0,0,0,0,NA
31588,555.3638796999062,5.4775386,area,NA,NA,NA,NA,NA,,NA,NA,,NA,0,0,0,0,0,0,0,0,0,0,0,730.48584,0,0,0,0,0,0,0,0,0,0,0,0,0,0,0,0,0,0,0,0,0,0,0,0,0,0,0,0,0,0,0,0,0,0,0,0,0,0,0,0,0,0,0,0,0,0,0,0,0,0,0,0,0,0,0,0,0,0,0,0,0,0,0,0,0,0,0,0,0,0,0,0,0,0,0,0,0,0,0,0,0,0,0,0,0,0,0,0,0,0,0,0,0,0,0,0,0,0,0,0,0,0,0,0,0,0,0,0,0,0,0,0,0,1533804.5,0,0,0,0,0,0,0,0,0,0,0,0,0,0,0,0,0,0,0,0,0,0,0,NA
24411,556.3297150146946,3.003762,area,NA,NA,NA,NA,NA,,NA,NA,,NA,0,0,0,0,0,0,0,0,486.3364,0,0,21.76585,133.74205,1403.3224,0,0,21.589336,1784.179,2362.595,294.75485,2971.628,0,1940.5289,984.1372,0,0,0,1146.015,0,0,0,0,0,0,1623.0071,3805.856,0,0,0,6053.211,0,0,0,2486.3516,0,0,2115.577,0,0,4800.127,0,0,177.3384,0,0,6432.434,942.0165,0,0,178.0959,0,0,409.55798,4097.1943,0,0,0,2018.6178,0,177.94502,0,0,0,0,0,244.25092,0,2948.3867,84.711205,26.969208,0,0,0,0,0,2462.251,187.61487,49.711334,0,0,1925.8959,1077.6272,957.6146,310.42468,0,10565.452,0,0,3898.4849,0,0,188.50008,4638.6465,0,0,570.8184,388.36945,0,0,517.5368,0,304.5719,0,1068.0852,0,950.6814,529.02527,5754.9927,0,49633.395,292.78864,1812.5895,77.100365,515.5831,0,31.14336,0,2269.749,0,1508.6958,0,5382.6694,564.08185,2272.238,0,142.16255,0,9674.328,4443.5894,545.4534,0,446.42514,0,3303.5483,1526.0337,216.9019,76.28203,0,0,NA
30727,556.3310110175308,5.0802174,area,NA,NA,NA,NA,NA,,NA,NA,,NA,0,0,0,0,0,0,0,0,0,0,0,384492.25,0,0,0,0,0,0,0,0,0,0,0,0,0,0,0,0,0,0,0,0,0,0,0,0,0,0,0,0,0,0,0,0,0,0,0,0,0,0,0,0,0,0,0,0,0,0,0,0,0,0,0,0,0,0,0,0,0,0,0,0,0,0,0,0,0,0,0,0,0,0,0,0,0,0,0,0,0,0,0,0,0,0,0,0,0,0,0,0,0,0,0,0,0,0,0,0,0,0,477.6249,0,0,0,0,0,0,0,0,0,0,0,0,0,0,865100.94,0,0,0,0,0,0,0,0,0,0,0,0,0,0,0,0,0,0,0,0,0,0,0,NA
34766,556.36226593173,7.0961943,area,NA,NA,NA,NA,NA,,NA,NA,,NA,0,0,0,0,0,0,0,0,0,0,0,0,0,0,0,0,0,0,0,0,0,0,0,0,0,0,0,0,0,0,0,0,0,0,0,0,0,0,0,0,0,0,0,0,0,0,0,0,0,0,0,0,0,0,0,0,0,0,0,0,0,0,0,0,0,0,0,0,0,0,0,0,0,0,0,0,0,0,0,0,0,0,0,0,0,0,0,0,0,0,0,0,0,0,0,0,0,0,0,0,0,0,0,0,0,0,0,0,0,0,0,0,0,0,0,0,0,0,0,21.59821,0,0,0,0,0,1659743.1,0,0,0,0,0,0,0,0,0,0,0,0,0,0,0,0,0,0,0,0,0,0,0,NA
30433,559.3362718710628,4.9426804,area,NA,NA,NA,NA,NA,,NA,NA,,NA,0,0,0,0,0,0,0,0,0,0,0,687.9524,0,0,0,0,0,0,0,0,0,0,0,0,0,0,0,0,0,0,0,0,0,0,0,0,0,0,0,0,0,0,0,0,0,0,0,0,0,0,0,0,0,0,0,0,0,0,0,0,0,0,0,0,0,0,0,0,0,0,0,0,0,0,0,0,0,0,0,0,0,0,0,0,0,0,0,0,0,0,0,0,0,0,0,0,0,0,0,0,0,0,0,0,0,0,0,0,0,0,1460.7456,0,0,0,0,0,0,0,0,0,0,0,0,0,0,1084246.1,0,0,0,0,0,0,0,0,0,0,0,0,0,0,0,0,0,0,0,0,0,0,0,NA
31550,560.319716902167,5.501571,area,NA,NA,NA,NA,NA,,NA,NA,,NA,0,0,0,0,0,0,0,0,0,0,0,64.53969,0,0,0,0,0,0,0,0,0,0,0,0,0,0,0,0,0,0,0,0,0,0,0,0,0,0,0,0,0,0,0,0,0,0,0,0,0,0,0,0,0,0,0,0,0,0,0,0,0,0,0,0,0,0,0,0,0,0,0,0,0,0,0,0,0,0,0,0,0,0,0,0,0,0,0,0,0,0,0,0,0,0,0,0,0,0,0,0,0,0,0,0,0,0,0,0,0,0,53.024952,0,0,0,0,0,0,0,0,0,0,0,0,0,0,295390.25,0,0,0,0,0,0,0,0,0,0,0,0,0,0,0,0,0,0,0,0,0,0,0,NA
41471,568.3301304233266,8.859374,area,NA,NA,NA,NA,NA,,NA,NA,,NA,0,0,0,0,0,0,0,0,0,0,0,0,0,0,0,0,0,0,0,0,0,0,0,0,0,0,0,0,0,0,0,0,0,0,0,0,0,0,0,0,0,0,0,0,0,0,0,0,0,0,0,0,0,0,34.757042,0,0,0,0,0,0,0,0,0,31.438044,18.963005,0,0,0,0,0,0,0,0,0,0,0,0,0,0,0,0,0,0,0,0,0,0,0,0,0,0,0,0,0,0,0,0,0,0,0,0,0,0,0,0,0,0,0,0,2539269,0,0,0,0,0,0,0,0,0,0,0,0,0,0,27633.371,0,0,0,0,0,0,0,0,0,0,0,0,0,0,0,0,0,0,0,0,0,0,0,NA
28088,571.3817039529183,3.8723326,area,NA,NA,NA,NA,NA,,NA,NA,,NA,0,0,0,0,0,0,0,0,0,0,0,0,0,0,0,0,0,0,0,0,0,0,0,47.96898,0,0,0,0,0,0,0,0,0,0,0,0,0,0,0,0,0,0,0,0,0,0,0,0,0,0,0,0,0,0,0,0,0,0,0,0,0,0,0,0,0,0,0,0,0,0,0,0,0,0,0,0,0,0,0,0,0,0,0,0,0,0,0,0,0,0,0,0,0,0,0,0,0,0,0,0,0,0,0,0,0,0,0,0,0,0,0,0,0,0,0,0,0,0,0,0,0,0,0,0,0,267684.62,0,0,0,0,0,0,0,0,0,0,0,0,0,0,0,0,0,0,0,0,0,0,0,NA
32203,571.383523032645,5.723502,area,NA,NA,NA,NA,NA,,NA,NA,,NA,0,0,0,0,0,55942.86,0,0,0,0,0,0,0,0,0,0,0,0,0,0,0,0,0,0,0,0,0,0,0,0,0,0,0,0,0,0,0,0,0,0,0,0,0,0,0,0,0,0,0,0,0,0,0,0,0,0,0,0,0,0,0,0,0,0,0,0,0,0,0,0,0,0,0,0,0,0,0,0,0,0,0,0,0,0,0,0,0,0,0,0,0,0,0,0,0,0,183.67183,0,0,0,0,0,0,0,0,24.284698,0,0,0,0,1321868.2,0,0,0,0,0,0,0,0,0,0,0,0,0,0,220.98827,0,0,0,0,0,0,0,0,0,0,0,0,0,0,0,0,0,0,0,0,0,0,0,NA
31549,571.3836402422386,5.468161,area,NA,NA,NA,NA,NA,,NA,NA,,NA,0,0,0,0,0,0,0,0,0,0,0,169.05658,0,0,0,0,0,0,0,0,0,0,0,0,0,0,0,0,0,0,0,0,0,0,0,0,0,0,0,0,0,0,0,0,0,0,0,0,0,0,0,0,0,0,0,0,0,0,0,0,0,0,0,0,0,0,0,0,0,0,0,0,0,0,0,0,0,0,0,0,0,0,0,0,0,0,0,0,0,0,0,0,0,0,0,0,105338.24,0,0,0,0,0,0,0,0,0,0,0,0,0,0,0,0,0,0,0,0,0,0,0,0,0,0,0,0,168357.12,0,0,0,0,0,0,0,0,0,0,0,0,0,0,0,0,0,0,0,0,0,0,0,NA
34251,572.3582442752831,6.8772287,area,NA,NA,NA,NA,NA,,NA,NA,,NA,0,0,0,0,0,0,0,0,9.9415,0,0,22885.98,0,0,0,0,0,0,0,0,0,0,10.804237,0,0,0,0,0,0,0,0,0,0,9.7836485,0,11.757219,0,0,0,0,0,0,0,11.435675,0,0,0,0,0,0,0,0,9.7935095,0,0,0,0,0,0,0,0,0,0,11.709364,0,0,11.313385,11.893286,0,9.622506,0,0,0,0,0,9.768252,0,9.818726,10.795615,0,49.64646,0,0,0,0,0,0,11.090992,0,0,0,11.302492,9.9184475,0,0,0,0,0,11.308776,0,0,10.945036,0,0,0,0,0,0,0,10.467493,6334.739,0,0,25.346916,0,10.151707,0,10.184652,0,20182.451,11.461636,0,0,0,0,2389983,0,9.922217,0,0,0,0,0,0,0,25.387848,0,11.08853,0,0,0,0,11.029309,10.709109,10.801451,9.472364,10.721272,0,0,NA
34768,573.3910430526873,7.142847,area,NA,NA,NA,NA,NA,,NA,NA,,NA,0,0,0,0,0,0,0,0,0,0,0,0,0,0,0,0,0,0,0,0,0,0,0,0,0,0,0,0,0,0,0,0,0,0,0,0,0,0,0,0,0,0,0,0,0,0,0,0,0,0,0,0,0,0,0,0,0,0,0,0,0,0,0,0,0,0,0,0,0,0,0,0,0,0,0,0,0,0,0,0,0,0,0,0,0,0,0,0,0,0,0,0,0,0,0,0,0,0,0,0,0,0,0,0,0,0,0,0,0,0,0,0,0,0,0,0,0,0,0,0,0,0,0,0,0,118055.984,0,0,0,0,0,0,0,0,0,0,0,0,0,0,0,0,0,0,0,0,0,0,0,NA
38422,578.343912293935,8.58797,area,NA,NA,NA,441,3063,[M+Na]+,NA,2,38420;38422,555.35466,0,0,0,0,0,18278.398,0,0,45.015976,0,0,49777.37,123.46396,190.05554,0,0,735.5239,96.78735,151.39868,137.21622,0,0,0,349.23682,0,0,0,202.03651,0,0,0,140.9212,0,280.2716,692.3835,483.83124,0,370.58887,0,149.23735,0,0,0,32.552353,0,0,931.1666,0,0,0,0,0,247.802,0,0,175.02966,510.36487,0,0,779.7556,0,0,0,0,0,0,0,353.27795,206.25403,0,165.44589,0,0,0,0,0,0,0,385.34515,536.29175,0,0,0,0,0,0,799.15955,0,0,0,282.36932,210.23972,0,523.0426,181.32068,141.55354,4288.0693,0,0,0,0,233.79529,103.79562,1173.2356,0,464.59113,96.3275,0,0,526.9589,487028.16,0,0,0,0,0,132.71336,251.49907,0,0,0,144.68753,120.7793,318.53558,0,383567.5,0,0,0,0,0,248.0604,298.16556,613.03046,0,99.2084,0,0,0,260.78125,0,398.72452,414.21722,0,95.581055,0,0,0,482.85233,NA
28785,578.4542501817284,4.203754,area,NA,NA,NA,610,2398,[M+H]+,NA,2,28791;28785,577.44715,0,0,0,0,0,0,0,0,0,0,0,0,53234.754,0,0,0,0,0,0,0,0,0,0,0,0,0,0,0,0,0,0,0,0,0,0,0,0,0,0,0,0,0,0,0,0,0,0,0,0,0,0,0,0,0,0,0,0,0,0,0,0,0,0,0,0,0,0,0,0,0,39715.18,0,0,0,0,0,0,0,0,0,0,0,0,0,0,0,10169.714,0,0,0,0,0,0,0,0,0,0,0,0,0,0,0,0,0,0,0,0,0,0,0,0,0,0,0,2542235.2,0,0,0,0,0,0,1684.8793,13.996037,0,4381.496,0,0,0,0,0,0,0,0,0,0,0,0,0,0,0,0,0,1133.0007,0,0,11531.212,0,14038.278,0,NA
28318,587.3781080661223,3.9831104,area,NA,NA,NA,NA,NA,,NA,NA,,NA,0,0,0,0,0,0,0,0,0,0,0,226818.33,0,0,0,0,0,0,0,0,0,0,0,0,0,0,0,0,0,0,0,0,0,0,0,0,0,0,0,0,0,0,0,0,0,0,0,0,0,0,0,0,0,0,0,0,0,0,0,0,0,0,0,0,0,0,0,0,0,0,0,0,0,0,0,0,0,0,0,0,0,0,0,0,0,0,0,0,0,0,0,0,0,0,0,0,0,0,0,0,0,0,0,0,0,0,0,0,0,0,284.245,0,0,0,0,0,0,0,0,0,0,0,0,0,0,610309.06,0,0,0,0,0,0,0,0,0,0,0,0,0,0,0,0,0,0,0,0,0,0,0,NA
29249,588.3749944470255,4.3788605,area,NA,NA,NA,592,2417,[M+NH4]+,NA,2,29249;29244,570.34228,0,0,0,0,0,0,0,0,0,0,0,0,20.255089,24.910576,0,0,2412.399,21.190407,0,320.54498,4384.5435,0,10223.452,42.71148,0,0,0,26989.807,0,0,0,35.59547,0,10.666471,108.609215,10865.028,0,0,0,26.88615,0,0,0,7.522909,0,0,18.145863,0,0,45.996723,0,0,9.461756,0,0,13.322146,0,0,0,40.60599,0,0,22.090252,1111.2189,0,0,730.85706,1689.5258,29.304241,0,12.994984,0,0,0,0,0,0,537.0252,83.53686,15.561291,0,0,0,0,0,0,13.010359,79.416115,0,0,17.63432,0,9.025822,30.326002,14.993616,39.67696,0,0,10.776796,0,0,83.80882,340.6822,20.76163,0,140.8598,16.093252,0,0,34987.82,0,21.155655,276.1036,7081.3154,0,112.018486,27.28402,815.5701,0,0,0,13.001165,83.56571,11.336117,0,0,41.9843,16.023182,0,29.018578,0,45.806446,14.454031,16.24139,0,9.605892,0,29.576897,9697.198,12.418859,27.154823,0,24.842455,0,14.807436,24.542145,45.71893,13.885931,10.768476,NA
30361,589.3029118156079,4.907444,area,NA,NA,NA,455,NA,,NA,NA,,NA,0,0,0,0,0,0,0,0,1954.073,0,0,0,12255.042,13575.384,0,0,5855.816,4391.6567,4188.8984,27128.654,14621.77,0,13372.742,21536.766,0,0,0,6582.8193,0,0,0,7321.3364,0,6842.53,29743.406,5900.907,0,26904.244,0,12028.389,0,0,0,2752.3845,0,0,21693.54,0,0,8765.184,0,0,10022.789,0,0,13903.381,6846.1343,0,0,44691.266,0,0,24753.65,16642.459,0,0,9936.787,6477.3735,4676.6245,28913.268,25856.203,0,0,0,0,6078.4995,0,9360.295,9703.801,12238.184,0,0,0,0,0,3703.5217,5871.2183000000005,4661.6646,0,0,23325.264,6748.4365,1584.7198,8029.466,11990.479,19595.42,0,0,2022.1237,0,0,7023.066,20155.328,53908.293,0,28714.021,3399.4646,0,0,3692.1353,0,5077.499,33861.625,19912.643,0,4035.4634,7550.173,4951.424,0,0,16712.08,5055.5166,11675.044,5638.591,0,0,13694.933,14222.484,0,24498.15,0,3920.9653,13116.933,7130.3384,0,20738.545,0,17319.752,10845.705,5924.568,21051.83,12086.721,33876.066,11005.115,4987.0645,4495.77,14139.198,21115.086,24859.832,NA
34246,589.3837307851676,6.8660545,area,NA,NA,NA,NA,NA,,NA,NA,,NA,0,0,0,0,0,0,0,0,0,0,0,21345.1,0,0,0,0,0,0,0,0,0,0,0,0,0,0,0,0,0,0,0,0,0,0,0,22.751602,0,0,0,0,0,0,0,0,0,0,0,0,0,0,0,0,0,0,0,0,0,0,0,0,0,0,0,13.792273,0,0,0,0,0,0,0,0,0,0,0,0,0,0,0,0,0,0,0,0,0,0,0,0,0,0,0,0,0,0,0,0,0,0,0,0,0,0,0,0,0,10.021704,0,0,0,24.857199,7524.5464,0,0,28.515882,0,0,0,0,0,0,0,0,11.73084,0,0,2538010.2,0,0,0,0,0,0,0,0,0,0,0,0,0,0,0,0,0,0,0,10.116558,0,0,0,NA
25639,593.3333024531557,3.245833,area,NA,NA,NA,222,NA,,NA,NA,,NA,0,0,0,0,0,0,0,0,99048.836,0,0,0,504265,536431.6,0,0,529653.06,280992.34,230614.52,873446.7,1035679.56,0,573405.7,743346.06,0,0,0,640663.56,0,0,0,829269.06,0,301504.94,952776.25,293420.88,0,2565990.5,0,367711.56,0,0,0,215845.02,0,0,1818482.4,0,0,261489.45,0,0,620885.75,0,0,474402.12,141628.56,0,0,2450473,0,0,1324220.1,454331.88,0,0,944852,194521.55,668066.4,604365.75,1573624.2,0,0,0,0,200889.22,0,762893.94,329702.03,591241.4,0,0,0,0,0,160325.23,325516.7,261497.9,0,0,479040.56,228651.6,134356.66,580535.1,1773028.8,506996.53,0,0,242802.73,0,0,264897.5,1449814.6,2129860.2,0,1369424,278719.2,0,0,305338.9,0,356788.2,1327311,829188.6,0,146611.17,312393.28,176914.75,0,0,836482.1,608678.44,522597.75,332948.6,0,0,1106144.5,589205.3,0,934337.94,0,456387.3,377699.56,624117.6,0,472448.16,0,1406994.8,624040.8,332884.3,3038160.5,621654.5,947599.56,416350.28,186970.12,199714.44,1696338.5,1074228.2,3462889.2,NA
35837,593.4149048234386,7.704183,area,NA,NA,NA,NA,NA,,NA,NA,,NA,0,0,0,0,0,0,0,0,0,0,0,0,0,0,0,0,0,0,0,0,0,0,0,0,0,0,0,0,0,0,0,0,0,0,0,0,0,0,0,0,0,0,0,0,0,0,0,0,0,0,0,0,0,0,0,0,0,0,0,0,0,0,0,0,0,0,0,0,0,0,13.668096,0,0,0,0,0,0,0,0,10.734161,0,0,0,0,0,0,0,0,0,0,0,0,0,0,0,0,0,0,0,0,0,0,0,0,0,0,0,0,0,0,0,0,0,0,0,0,0,0,0,11.719165,0,0,0,0,0,210718.08,0,0,0,0,0,10.029413,0,18.718212,0,0,0,0,0,0,0,0,0,0,0,0,0,0,0,NA
38724,593.4155520255771,8.643292,area,NA,NA,NA,NA,NA,,NA,NA,,NA,0,0,0,0,0,825.2802,0,0,0,0,0,0,0,0,0,0,0,0,48.716137,0,0,0,154.11969,0,0,0,0,0,0,0,0,0,0,0,0,133.55522,0,0,0,0,0,0,0,144.18146,0,0,0,0,0,0,0,0,61.088154,0,1035.3989,0,0,0,14.899862,0,0,0,0,0,0,0,0,0,0,0,0,0,0,0,0,0,0,0,0,0,0,0,0,77.67379,0,0,0,0,0,0,0,0,0,0,0,0,0,0,0,0,0,0,0,644.8413,0,0,0,0,0,0,24633808,251.44363,0,0,0,0,0,0,0,98434.05,0,0,0,123.039764,0,953566.9,0,0,0,0,0,0,0,0,0,0,0,0,0,0,186.99706,0,0,0,0,0,0,0,0,NA
36217,593.415761381469,7.948844,area,NA,NA,NA,NA,NA,,NA,NA,,NA,0,0,0,0,0,0,0,0,0,0,0,0,0,0,0,0,0,0,0,0,0,0,0,0,0,0,0,0,0,0,0,0,0,0,0,0,0,0,0,0,0,0,0,0,0,0,0,0,0,0,0,0,0,0,0,0,0,0,0,0,0,0,0,0,0,0,0,0,0,0,0,0,0,0,0,0,0,0,0,0,0,0,0,0,0,0,0,0,0,0,0,0,0,0,0,0,0,0,0,0,0,0,0,0,0,0,0,0,0,0,0,0,0,0,0,0,0,0,0,122.231705,0,0,0,0,0,367096.44,0,0,0,0,0,0,0,0,0,0,0,0,0,0,0,0,0,0,0,0,0,0,0,NA
13961,593.5008904517395,1.8837206,area,NA,NA,NA,NA,NA,,NA,NA,,NA,0,0,0,56.87608,0,0,0,0,0,0,0,0,0,0,0,0,0,0,0,0,0,0,0,0,0,0,0,0,0,0,0,0,0,0,0,0,0,0,0,0,0,0,0,0,0,0,0,0,0,0,0,0,0,0,0,0,0,0,0,0,0,0,0,0,0,0,0,0,0,0,0,0,0,0,0,0,0,0,0,0,0,0,0,0,0,0,0,0,0,0,0,0,0,0,0,0,0,0,0,0,0,0,0,0,0,0,0,0,0,0,0,0,0,0,0,0,0,0,0,107382.47,0,0,0,0,0,0,0,0,0,0,0,0,0,0,0,0,0,0,0,0,0,0,0,0,0,0,0,0,0,NA
34266,594.3391318000688,6.903485,area,NA,NA,NA,NA,NA,,NA,NA,,NA,0,0,0,0,0,0,0,0,0,0,0,1815.101,9.154487,0,0,0,14.640422,15.6568365,0,12.580766,17.035004,0,0,11.869825,0,0,0,11.440865,0,0,0,16.050758,0,0,16.029911,8.947885,0,36.06241,0,0,0,0,0,0,0,0,16.281466000000002,0,0,0,0,0,0,0,0,15.47616,0,0,0,41.025543,0,0,18.902256,10.696514,0,0,86.40135,0,14.075897,11.830708,62.754528,0,0,0,0,0,0,22.028275,12.025193,19.978416,0,0,0,0,0,0,0,0,0,0,0,0,9.985123,35.950405,29.043667,10.0336895,0,0,0,0,0,0,31.221794,59.252857,0,15.184561,0,0,0,18.874603,1618.0084,8.676502,28.680765,23.323662,0,0,0,0,0,1421.9297,30.46347,31.740639,0,0,0,635013.4,24.297482,0,0,10.853968,0,11.771339,11.2888365,10.767792,0,10.862499,0,44.346947,58.86798,0,19.021034,0,58.891315,0,0,7.8850822,96.80774,15.373457,38.687965,NA
25439,611.2674370316655,3.0389361,area,NA,NA,NA,222,2042,[M+H]+,NA,3,24671;25439;24481,610.25994,165.9599,267.63617,0,0,0,0,0,0,146688.66,0,242.59198,0,325916,401334.12,57.98042,0,346299.5,95489.57,154738.72,756410.06,253001.16,0,342061.03,495055.78,0,0,0,264715.72,0,0,0,226264.5,81.27012,170971.66,403022.75,217431.42,0,341768.5,0,237937.31,0,0,0,237138.48,0,0,333923.5,0,0,329635.62,0,86.99494,128315.14,43.73027,0,324560.06,63801.48,12.533522,0,513945.94,0,54.301254,511548.97,426207.4,489.9913,187.53145,142331.94,230232.23,346962.6,385824.28,227800.44,59.144745,0,0,0,90416.945,0,247206.75,194677.6,245510.31,0,0,0,0,0,189752.92,263333.38,102030.86,0,0,401078.97,291958.06,178228.98,255856.61,309446.66,135174.23,0,478.80487,222757.17,0,0,153298.64,436002.5,675239.44,0,505429.78,172660.55,0,0,373379.6,0,244279.75,630369.5,383093.25,0,72422.56,232729.6,160563.39,0,0,494083.72,278467.16,323074.56,140038.72,0,0,399299.34,326764.84,0,510925.84,30.782173,385574.94,352899.12,220442.22,0,410910.97,0,223506.16,169810.44,208377.45,528687.94,380065.56,220152.17,253359.1,250582.28,63168.684,280082.03,407569.56,435593.7,NA
22977,611.2676178139841,2.8008764,area,NA,NA,NA,222,1916,[M+H]+,NA,1,23080,610.26058,98.60511,87.68292,0,0,0,0,0,0,30144.518,0,341.69568,0,73050.2,78291.81,33.629635,0,156826.92,11461.792,5248.9785,116885.055,146052.7,0,40310.574,54122.383,0,0,0,87654.664,0,0,0,126068.3,19.563076,36244.875,65948.93,41050.332,0,152170.98,0,10872.934,0,0,0,26527.412,0,0,160941.64,0,0,41943.914,0,31.483723,54810.023,12.876562,0,43036.645,15724.511,11.206461,0,281453.3,0,26.065916,101803.74,45221.41,84.630135,116.73979,59175.965,12434.208,91213.49,29806.807,167452.06,70.140465,0,0,0,8103.3906,0,128170.234,33310.67,68997.76,272.5171,0,0,0,0,29613.984,60036.258,18761.059,0,0,71541.2,40816.605,33730.547,149158.39,192187.64,74668.195,0,145.13286,37883.7,0,0,39002.742,176393.1,79174.33,0,96412.414,10400.945,0,0,47147.22,0,54289.09,54795.3,30790.938,0,18663.576,38530.14,11975.375,0,0,96279.125,108461.21,36224.254,52682.74,0,0,48948.39,37170.96,0,108579.31,17.463923,73995.61,41537.023,29168.863,0,43627.688,0,80704.695,63907.957,33873.953,219150.03,57414.28,34479.395,30832.824,21101.422,21315.857,100835.695,63882.02,216182.44,NA
20021,612.3732639686606,2.3570259,area,NA,NA,NA,222,NA,,NA,NA,,NA,0,0,0,0,0,0,0,0,20414.115,0,0,0,24758.934,38589.844,0,0,125065.93,29820.777,6923.2856,23853.148,22550.846,0,13794.38,127457.91,0,0,0,17156.809,0,0,0,428271.34,0,23091.48,34777.855,26722.846,0,55046.492,0,27945.105,0,0,0,19275.69,0,0,40351.402,0,0,122547.38,0,0,14365.276,0,0,12695.581,23450.883,0,0,42296.652,0,0,13157.144,20129.727,0,0,38095.58,25380.549,404725.7,23257.488,28911.635,0,0,0,0,27035.525,0,31897.455,44712.266,119440.87,0,0,0,0,0,10565.713,35293.344,52024.137,0,0,18904.979,24760.412,20609.178,194234.88,68152.625,164912.81,0,0,40493.465,0,0,26906.139,19104.738,64221.395,0,133793.8,241509.86,0,0,22225.14,0,35313.43,38340.562,19507.066,0,17780.172,26462.252,18116.943,0,0,19180.676,25570.45,39944.58,16668.406,0,0,351463.97,26630.277,0,15411.551,0,19728.945,101563.15,34346.75,0,31471.615,0,24870.967,26744.332,29672.22,72715.27,17950.479,24788.389,29483.477,28953.729,17780.715,17852.594,41184.152,89454.234,NA
25057,613.2824659700303,3.2000628,area,NA,NA,NA,222,NA,,NA,NA,,NA,11454.495,13345.387,699.8823,0,0,0,0,0,86307.61,22.235924,18836.05,0,309231.6,316685.38,6861.0845,0,3073362,1140.7151,6099.746,36119.344,235449.38,0,277.12042,15824.662,0,0,0,122567.766,0,0,0,109497.195,7169.804,219494.9,53417.496,4097.2363,0,1242710.4,0,8719.284,0,474.07776,0,25558.588,0,0,3293954,297.41928,0,4477.834,0,4318.4175,439520.44,3028.397,0,16845.762,15053.523,3187.6943,0,11297735,490.41507,9365.969,2503.2393,18318.787,17979.775,13877.447,56863.26,1769.6068,75368.96,0,846125,8326.727,0,0,0,12853.203,0,1638565.6,44504.277,349253.84,0,0,0,0,0,35143.695,220827.45,1503.9465,0,0,38305.82,29594.498,15289.767,157922.5,1914766.2,43110.324,0,11120.788,84136.37,0,694.89087,764204.9,891354,1866.6858,0,64502.86,1568.6565,0,0,1618.2657,0,127612.35,24416.73,17188.146,0,14245.014,54390.85,5962.14,157.36479,0,120364.69,2184316.8,0,217220.75,0,0,1108.2021,47943.42,0,103684.58,1463.6542,14179.3,9531.345,1267.8909,0,2033.823,0,0,94284.5,108101.92,7778.878,4836.5547,1554.7495,3525.2087,13916.479,49331.72,1902047.5,0,892561.25,NA
25794,613.282759558525,3.3589478,area,NA,NA,NA,222,2163,[M+NH4]+,NA,5,26127;25704;26070;25345;25794,595.24835,19699.799,27009.975,882.7333,0,0,0,0,0,1492890.4,32.140667,31455.596,0,2819631.8,3109781.5,16205.802,0,6403736,1428598.8,437364.7,4649719.5,4974132,0,1692781.8,2021463.2,0,0,9.370323,4201943,0,0,0,4055120.2,16932.113,1362205.5,4883773.5,2437193.8,0,6472742.5,0,2007390,0,511.723,0,2573767.8,0,0,4324031.5,602.6263,0,3583714,0,9347.813,1398219.4,5432.0596,0,3830485.2,1157417,2904.635,0,2214519.5,490.41507,17291.072,5685171.5,1289761.9,64014.383,26230.295,2352640.8,2821325,1120835.8,2484547.5,3178720.5,24280.572,0,0,0,646329.6,0,4035057,1482094,2180170.8,0,0,0,0,0,1576331.4,1114798.9,1327906.9,0,0,1352985.5,3190703.5,2235714.8,4296912.5,7400362.5,2877093.2,0,17229.652,908539.56,0,918.892,3019884.5,3444840,3442185.2,0,6684363,1661442.9,0,0,3713184.8,0,3206602.5,7533706.5,1358127.6,0,1153779.2,3256405.8,356967.3,157.36479,0,4069406.2,4720219.5,1106458.1,2323315,0,0,3039477,2996887.5,0,5897264.5,10327.1455,4405569.5,2818599,2575510.2,0,1048949.8,0,4587513,3131385.5,2373634.5,9462834,2235065,711219.94,1702714.4,1631162.6,526157,5770851,2949520,7392890,NA
44940,613.2997803982748,9.113875,area,NA,NA,NA,192,3689,[M+Na]+,NA,2,44960;44940,590.31042,0,0,0,0,0,0,0,0,2758.0479,0,0,0,4304.8384,6602.0513,0,0,12288.532,716.8677,81.53845,2626.633,9579.98,0,4663.239,884.7985,0,0,0,4880.1064,0,0,0,12481.321,0,7486.5933000000005,6886.823,2636.069,0,21353.697,0,2769.4795,0,0,0,384.43332,0,0,12738.901,0,0,5077.5693,0,0,7557.9326,0,0,3286.8958,1588.4031,0,0,33394.836,0,0,9114.853,1413.5137,0,0,6799.2104,510.97885,3893.5503,5678.7896,17798.795,0,0,0,0,1541.1598,0,6504.9814,3553.3494,18356.994,0,0,0,0,0,487.83017,4692.643,1103.7764,0,0,4001.4917,1789.7408,1584.7894,16088.748,10793.888,8012.0327,0,0,485.15195,0,0,7908.9233,9640.979,15073.764,0,23287.695,372.50052,0,0,916.29846,0,3854.094,8392.419,2687.283,0,1833.9612,4221.1797,203.99341,0,0,6119.2534,9227.356,291.23685,6735.995,0,0,2363.964,2798.0923,0,6145.056,0,1516.3237,3054.4492,456.4423,0,6391.833,0,14600.624,4477.995,3966.393,6978.9756,1648.1377,20757.459,1988.1969,296.09167,4678.64,10424.741,4564.84,17958.031,NA
25609,615.3176095683684,3.2410896,area,NA,NA,NA,269,2126,[M+H]+,NA,2,25609;25617,614.30989,0,0,0,0,0,0,0,0,3468.3674,0,0,0,16807.363,19140.002,0,0,0,33436.742,25571.086,58225.6,27370.871,0,57989.465,65998.86,0,0,0,5923.975,0,0,0,0,0,21833.418,90047.34,23713.195,0,32829.75,0,38985.773,0,0,0,10336.899,0,0,2960.151,0,0,26886.305,0,0,32839.72,0,0,50975.945,12152.6,0,0,17895.113,0,0,3945.3367,47137.9,0,0,67223.47,20194.16,47657.82,75146.555,80180.37,0,0,0,0,18872.805,0,2782.2183,32705.305,34641.773,0,0,0,0,0,1281.2847,14236.768,27708.512,0,0,41236.89,16413.842,4571.7554,0,0,58358.797,0,0,13937.949,0,0,0,4830.3228,211606.67,0,50179.992,37784.645,0,0,28214.27,0,22693.965,121342.51,81373.05,0,14513.31,23888.465,13336.295,0,0,56975.93,0,58450.96,15034.882,0,0,128465.29,60854.477,0,53359.965,0,9180.709,42735.816,76798.97,0,52607.785,0,51484.67,41609.11,21712.93,5226.193,59348.38,118231.62,43656.57,17666.89,16422.965,18697.035,132497.86,53713.586,NA
24129,616.4003159738196,2.9374287,area,NA,NA,NA,825,2000,[M+H]+,NA,3,24071;24128;24129,615.39286,0,0,0,0,0,0,0,0,0,0,0,0,171567.75,0,0,0,0,0,0,0,0,0,0,0,0,0,0,0,0,0,0,0,0,0,0,0,0,0,0,0,0,0,0,0,0,0,0,0,0,0,0,0,0,0,0,0,0,0,0,0,0,0,927.28595,0,0,0,0,0,0,0,234015.34,0,0,0,0,0,0,0,0,0,0,0,0,0,0,0,61779.77,0,0,0,0,0,0,0,29.945602,0,0,0,0,0,0,0,0,0,0,0,0,0,0,0,0,0,0,0,0,0,0,0,0,0,0,19204.754,0,0,0,0,0,0,0,0,0,0,0,0,0,0,0,0,0,0,0,0,156000.45,0,0,64723.61,0,325731.12,0,NA
25704,618.2380590451135,3.3660173,area,NA,NA,NA,222,2163,[M+Na]+,NA,3,26127;25704;25794,595.24835,131.4146,166.40678,8.980795,0,0,0,0,0,71752.01,0,748.3877,0,121525.64,137476.03,60.892,0,173100.72,39062.543,90773.79,149809,193087.88,0,196258.69,96000.99,0,0,0,172488.17,0,0,0,115427.5,62.38524,71992.08,140336.31,109010.22,0,189714.06,0,84482.13,0,0,0,107630.75,0,0,205799.2,0,0,91852.234,0,31.43322,116612.484,64.783035,0,108184.5,64423.7,11.735451,0,288540.06,0,132.53415,213541.16,212033.36,1339.9108,38.340042,105975.58,90841.26,87026.555,69268.24,135156.7,141.84491,0,0,0,17147.28,0,132975.95,64560.145,94762.28,0,0,0,0,0,79022.34,101788.47,61174.844,0,0,142797.16,101141.54,99785.27,165514.8,227443.8,181703.28,0,62.948643,68880.59,0,9.946146,106573.05,227120.14,186757.39,0,171610,78274.11,0,0,93533.89,0,128726.74,169988.45,35384.74,0,62138.44,135349.62,91551.1,0,0,112074.56,178635.52,169472.23,121768.766,0,0,161542.4,95021.61,0,175134,61.748623,186146.27,141014.92,113059.62,0,42906.63,0,180438.66,118309.414,73045,318799.22,77804.72,25074.016,126701.6,73413.484,22907.924,202794.66,87208.28,215616.42,NA
24481,628.2948611517253,3.029897,area,NA,NA,NA,222,2042,[M+NH4]+,NA,3,24671;25439;24481,610.25994,0,0,0,0,0,0,0,0,13350.344,0,0,0,26425.156,36673.086,0,0,50791.1,19458.408,4421.536,57745.62,25540.922,0,26529.342,56008.65,0,0,0,31841.021,0,0,0,20028.768,0,19981.932,29149.125,23010.941,0,1028.2623,0,12595.751,0,0,0,26798.14,0,0,28672.594,0,0,27155.496,0,0,15670.42,0,0,36152.88,8023.285,0,0,50639.22,0,0,46498.01,44769.832,0,0,20327.576,15250.586,31026.541,30535.564,29343.828,0,0,0,0,8927.803,0,24002.008,30115.121,25724.791,0,0,0,0,0,15530.939,20236.18,15984.784,0,0,44300.29,25868.566,15009.25,32822.15,62945.637,29323.273,0,0,14797.498,0,0,19686.668,39645.965,60244.31,0,47925.777,6405.9624,0,0,19771.64,0,23830.625,71379.06,23659.377,0,9615.459,33095.945,14637.487,0,0,61950.715,27361.156,6078.196,19671.35,0,0,1569.2012,25943.414,0,49233.83,0,32715.59,24223.275,17322.201,0,20925.854,0,19489.46,21686.82,20793.166,61809.78,21503.652,21712.957,14665.165,13201.913,6012.912,33478.715,29951.613,86408.01,NA
22269,629.4248785245327,2.6328053,area,NA,NA,NA,222,1803,[M+H]+,NA,3,22269;22241;22264,628.41743,0,0,0,0,0,0,0,0,23809.822,0,0,0,21828.775,84737.734,0,0,13612.412,30696.229,15684.384,43817.227,16967.164,0,32330.299,63192.266,0,0,0,16786.074,0,0,0,34299.457,0,13253.573,27895.24,18553.924,0,6423.4795,0,23377.812,0,0,0,13899.663,0,0,25711.004,0,0,12980.157,0,0,7203.089,0,0,37447.605,13227.193,0,0,11299.694,0,0,29991.77,37644.562,0,0,13656.862,10750.722,2797.4868,32452.521,5647.2505,0,0,0,0,34676.97,0,54534.273,14466.9795,15785.446,0,0,0,0,0,28118.979,16028.8125,47356.54,0,0,20380.07,26163.068,19112.902,15276.421,207.53287,13097.7295,0,0,25825.521,0,0,19340.953,24574.184,8404.379,0,10411.288,38698.996,0,0,15223.125,0,23173.771,4118.105,25621.771,0,50533.855,11817.792,40890.91,0,0,19775.842,7309.605,11153.997,14755.563,0,0,241.9111,81050.54,0,26424.814,0,20481.566,27505.25,36792.39,0,32978.324,0,29424.303,25118.31,45071.5,5847.7983,36863.883,38016.69,44552.18,17422.879,7242.462,20532.234,1471.602,1889.4998,NA
26495,630.3092348776506,3.3613298,area,NA,NA,NA,222,NA,,NA,NA,,NA,18.298195,190.8874,0,0,0,0,0,0,58594.734,0,109.74634,0,135850.9,155609.22,12.216187,0,466013.28,26118.885,39868.19,251551.03,277935.94,0,125208.63,177007.28,0,0,0,247670.06,0,0,0,227580.08,33.5892,68753.125,147873.73,105037.03,0,363658.6,0,65696.44,0,0,0,95779.17,0,0,478380.03,0,0,140816.83,0,9.3324175,122852.92,9.410363,0,125244.9,43482.957,0,0,796246.06,0,14.125271,303680.38,92368.21,321.5069,61.741344,109460.31,68785.86,181882.62,57687.426,170995.31,30.274874,0,0,0,22008.018,0,252240.94,61839.95,115032.45,0,0,0,0,0,58983.086,98448.77,45772.41,0,0,122601.35,150705.17,81176,240665.94,488434.6,136371.31,0,15.559684,111171.27,0,0,163246.6,366961.44,346614.22,0,348227.38,53135.645,0,0,119271.695,0,134774.19,226668.53,60189.773,0,40006.68,125431.13,38278.395,0,0,228977.48,305821.1,128630.89,107328.07,0,0,107156.805,130491.805,0,286855.62,0,217645.1,98577.16,112145.555,0,57824.875,0,239977.55,288557.53,115555.84,635267.8,131167.05,2949.2212,68987.39,66852.414,22235.227,330489.78,66977.445,453912.16,NA
23032,631.3102932095828,2.7440734,area,NA,NA,NA,NA,NA,,NA,NA,,NA,0,0,0,0,0,0,0,0,0,0,0,0,0,0,0,0,0,0,0,0,0,0,0,0,0,0,0,0,0,0,0,0,0,0,0,0,0,0,0,0,0,0,0,0,0,0,150.48709,0,0,0,0,0,14.775101,0,0,71.7404,0,0,0,56.18283,0,0,0,0,0,0,0,0,0,0,0,0,0,0,0,0,0,0,0,0,0,0,0,0,0,0,0,0,0,0,0,0,0,0,0,48.436047,0,0,0,0,0,0,140.58301,349.75885,0,0,0,0,0,0,0,0,0,19.540268,0,0,0,0,0,99217.32,25.237413,0,245.66394,0,0,0,0,0,0,104.1738,0,0,0,0,0,0,0,20.275566,0,0,0,112.10528,0,42.730293,0,0,0,0,101.155,NA
29102,631.3112634279098,4.343048,area,NA,NA,NA,NA,NA,,NA,NA,,NA,0,0,0,0,0,0,0,0,29.706001,0,7.785018,54456.18,54.68479,56.45472,0,0,67.960014,55.156105,30.932064,272.00128,134.93092,0,276.30908,127.00894,0,0,0,49.015987,0,0,0,84.42589,0,46.45208,259.86337,47.639297,0,69.84162,0,62.618973,0,0,0,125.37986,0,0,113.44204,0,0,64.11018,0,0,41.859657,0,0,61.064484,24.556677,0,0,110.25337,0,0,246.07901,131.62526,0,0,100.42087,80.269,120.9392,130.18137,69.51043,0,0,0,0,12.341356,0,83.487,50.582043,59.266792,0,0,0,0,0,68.826904,38.60748,39.497276,0,0,98.29648,48.266163,28.981194,199.5386,119.77858,254.03337,0,0,37.82202,0,0,41.99423,122.687515,196.9686,0,76.94759,77.50217,0,0,299.25012,0,94.40489,123.927414,150.12816,0,40.672455,67.64852,32.85306,0,743.8958,128.84338,97.13974,409.7081,69.7436,0,0,605.1947,169.94043,0,120.30648,0,43.072823,181.06291,83.166534,0,108.64809,0,117.08105,71.22635,72.90284,280.06326,43.336143,82.17554,44.04486,84.909996,35.724625,139.00409,107.84114,87.36365,NA
17486,642.8713071368886,2.1330256,area,NA,NA,NA,222,NA,,NA,NA,,NA,0,0,0,0,0,0,0,0,12472.792,0,0,0,78406.51,18062.266,0,0,30223.031,13590.334,15368.35,43842.945,40371.797,0,32051.361,29101.098,0,0,0,23648.73,0,0,0,6762.731,0,22860.95,10793.428,16276.186,0,15461.76,0,20339.86,0,0,0,19874.316,0,0,33846.832,0,0,39414.297,0,0,11466.927,0,0,33715.11,12811.363,0,0,54398.97,0,0,33091.797,20169.385,0,0,17662.04,17108.322,215.26962,11524.802,60596.695,0,0,0,0,18506.48,0,15072.834,12968.78,14761.361,0,0,0,0,0,10989.013,48173.12,7641.364,0,0,15303.029,13983.04,16670.213,17476.05,17249.682,15352.363,0,0,17860.553,0,0,14770.615,12081.864,35324.367,0,13711.554,18872.242,0,0,20741.787,0,19306.148,24329.467,21897.516,0,20838.262,27284.639,4673.9224,0,0,30565.96,17082.629,48672.76,29722.127,0,0,3419.8105,16727.957,0,37971,0,29464.05,21623.178,39398.125,0,24921.13,0,45288.938,45823.883,20436.086,14947.802,18671.07,23015.832,18825.74,16471.59,13250.908,24546.129,34807.63,24842.264,NA
22247,656.3303434813442,2.6277547,area,NA,NA,NA,222,1794,[M+H]+,NA,2,22247;22243,655.32274,0,0,0,0,0,0,0,0,12025.521,0,0,0,14246.891,23407.387,0,0,7269.895,14884.634,13613.709,17382.605,17288.68,0,25104.043,23382.498,0,0,0,14958.657,0,0,0,5544.2456,0,6930.131,26665.574,7713.807,0,37344.84,0,22812.078,0,0,0,6644.9287,0,0,40268.64,0,0,8903.782,0,0,9669.577,0,0,22747.15,11086.055,0,0,19016.928,0,0,25583.986,20829.26,0,0,15998.437,6535.2495,5791.561,24590.07,12693.079,0,0,0,0,13485.417,0,28275.137,7585.2397,8912.432,0,0,0,0,0,21701.479,17570.877,9394.783,0,0,11258.782,5222.337,6642.9976,8570.882,15778,8342.576,0,0,13849.202,0,0,8692.083,26693.758,39285.98,0,7816.6216,11105.9375,0,0,5217.239,0,5838.983,23713.438,27417.22,0,21442.81,5070.927,16884.08,0,0,13822.388,8036.2397,10615.253,13922.054,0,0,5507.3105,26251.582,0,20148.291,0,12859.705,11980.397,13972.627,0,19953.967,0,29154.836,18041.367,8489.504,30374.564,19621.84,16670.113,23437.328,10772.881,7933.276,23594.213,14828.675,25951.281,NA
39042,687.335202389505,8.639582,area,NA,NA,NA,NA,NA,,NA,NA,,NA,0,0,0,0,0,0,0,0,0,0,0,0,0,0,0,0,0,0,0,0,0,0,0,0,0,0,0,0,0,0,0,0,0,0,0,0,0,0,0,0,0,0,0,0,0,0,0,0,0,0,0,0,0,0,65.765724,0,0,0,0,0,0,0,0,0,0,0,0,0,0,0,0,0,0,0,0,0,0,0,0,0,0,0,0,0,0,0,0,0,0,0,0,0,0,0,0,0,0,0,0,0,0,0,0,0,0,0,0,0,0,0,799275,0,0,0,0,0,0,0,0,0,0,0,0,0,0,0,0,0,0,0,0,0,0,0,0,0,0,0,0,0,0,0,0,0,0,0,0,0,0,NA
21581,695.3786628493814,2.5810084,area,NA,NA,NA,NA,NA,,NA,NA,,NA,0,0,0,0,0,0,0,0,1774.0402,0,0,0,1720.3527,8293.127,0,0,1342.0121,4193.9453,226.4766,4771.587,108.41861,0,3922.051,6168.3916,0,0,0,7706.7847,0,0,0,9882.631,0,1069.207,607.1013,2333.1763,0,159.27246,0,895.04407,0,0,0,617.44336,0,0,759.7774,0,0,83.185,0,0,11712.494,0,0,3010.4717,468.8266,0,0,364.56363,0,0,1012.23047,4402.908,10.830278,9.201181,14748.057,638.75476,61.58443,3124.6792,36.851868,0,0,0,0,5034.4863,0,6969.8735,748.50385000000006,516.4935,0,0,0,0,0,2514.7983,858.19775,10757.37,0,0,2908.3545,2532.52,2263.8135,104.223564,24.292404,84.57749,0,0,308.1203,0,0,2882.641,2463.3843,42.232857,0,2270.512,3930.5823,0,0,40867.51,0,4071.2788,0,10732.207,0,7474.776,364.69733,6785.008,0,0,538.20874,106.16328,199.40067,383.8529,0,0,0,10046.873,0,2470.4443,0,507.14594,1075.552,4480.052,0,8900.863,0,428.19806,2697.9675,13167.383,0,26828.148,5666.901,4290.718,415.8708,6884.337,558.7927,53.530624,113.372574,NA
47316,767.5824576558699,9.619983,area,NA,NA,NA,NA,NA,,NA,NA,,NA,0,0,0,0,0,40499.11,0,0,0,0,0,0,0,0,0,0,0,0,0,0,0,0,0,0,0,0,0,0,0,0,0,0,0,0,0,0,0,0,0,0,0,0,0,0,0,0,0,0,0,0,5.4483,0,0,0,0,0,0,0,0,0,0,0,0,0,0,0,0,0,0,0,15.099958,0,0,0,0,0,0,0,0,0,0,355.10626,0,0,0,0,0,0,0,0,0,0,0,0,0,0,0,0,0,115.23426,0,0,0,0,0,0,0,0,0,0,0,0,0,0,0,0,0,0,0,0,0,0,0,0,2329.9346,0,0,0,0,0,0,0,0,0,0,0,0,0,0,0,0,0,0,0,0,0,0,0,0,NA
47946,767.5827007835487,9.963635,area,NA,NA,NA,810,3899,[M+H]+,NA,2,47978;47982,766.57469,0,0,0,0,0,87701.6,0,0,0,0,0,0,0,0,0,0,0,0,0,0,0,0,0,0,0,0,0,0,0,67.93624,0,0,0,0,0,0,0,0,0,0,0,0,0,0,0,0,0,0,0,0,0,0,0,0,0,0,0,0,0,0,0,0,0,0,0,0,0,0,0,0,0,0,0,0,0,0,0,0,0,0,0,789.0309,0,0,0,0,0,0,0,0,0,0,0,0,0,0,1228.9749,0,0,0,0,0,0,0,0,0,0,0,0,0,2396.4587,0,0,0,68.54454,0,0,0,0,0,0,0,0,0,14675.542,66.10332,0,0,0,0,0,0,0,0,0,0,0,0,0,0,0,0,0,0,0,0,0,0,0,NA
47606,782.592561661092,9.741556,area,NA,NA,NA,NA,NA,,NA,NA,,NA,0,0,0,0,0,9258.373,0,0,0,0,0,15.489389,0,0,0,0,0,0,0,0,0,0,0,0,0,0,0,0,0,0,0,0,0,0,0,0,0,0,0,0,0,0,0,0,0,0,0,0,0,0,0,0,0,0,0,0,0,0,0,11.239071,0,0,0,0,0,0,0,0,0,0,0,0,0,0,0,0,0,0,0,0,0,0,0,9.225128,0,0,0,0,0,0,0,0,0,0,0,0,77.44029,0,0,0,0,0,0,0,0,0,0,0,0,0,14.225685,0,0,0,398.82175,0,0,0,0,0,0,0,0,0,43499.348,0,0,0,0,0,0,0,0,0,0,0,0,0,0,0,0,0,0,0,0,0,0,0,0,NA
47978,784.608255518819,9.953349,area,NA,NA,NA,810,3899,[M+NH4]+,NA,4,47946;47979;47978;47982,766.57469,0,0,0,0,0,765965.4,0,0,0,0,0,62.899498,0,0,0,0,0,0,0,0,0,0,0,0,0,0,0,0,0,9862.874,0,0,0,0,0,0,0,0,0,0,0,0,0,0,0,0,0,0,0,0,2739.4973,0,0,0,61.2668,0,0,0,8.126434,0,0,0,0,0,0,0,0,0,0,0,0,0,0,0,0,0,0,0,0,0,0,10008.776,0,241.88435,0,0,0,0,0,0,0,0,0,0,0,0,35771.51,0,0,0,0,0,0,0,604.67365,0,0,0,0,0,25010.213,0,0,0,5527.0894,0,0,0,0,0,0,0,0,0,133072.73,10449.444,0,0,0,0,0,0,0,0,0,0,0,0,0,0,0,0,0,0,0,0,0,0,0,NA
40592,785.5933009943567,8.775767,area,NA,NA,NA,473,3255,[2M+H]+,NA,3,40642;40521;40592,392.29259,0,0,0,0,0,10183945,0,0,7642.5913,0,0,0,129072.8,2233.4536,0,0,129246.195,396.87286,0,0,4982.449,0,821.657,16612.518,0,0,0,6059.991,0,585285.7,0,16732.453,0,4797.3135,7828.359,128745.19,0,861.29736,0,2984.6804,0,0,0,3861.9744,0,0,2840.8115,0,0,5024.345,0,0,0,0,0,2449.8237,17252.81,0,0,4005.2036,0,0,1390.2484,3747.121,0,0,1830.4497,35151.812,40401.29,0,12981.087,0,0,0,0,530.18506,0,0,2866.5981,8268.743,0,7192998,0,0,0,0,46386.11,19731.314,0,0,0,25806.879,8598.326,13815.224,7119.2124,14462.766,106759.69,0,11494.54,281.1437,0,35719.953,16419.902,10678.641,0,290619.25,16954.787,0,0,90119.76,1942262.6,101802.4,3034.474,28994.287,19718.562,96.20923,83334.78,810.0146,0,0,1244.0743,77459.48,47622.227,0,666715.75,323309.12,12174.016,1508.7333,0,0,0,5046.025,45370.082,22450.188,0,359.27017,0,372.032,18610.625,34655.082,22760.797,0,1664.5215,1030.9504,13858.5,92069.14,845.7212,28755.547,5753.1523,NA
38556,798.5882607447579,8.592478,area,NA,NA,NA,192,3073,[2M+NH4]+,NA,6,38561;38554;38571;38548;38588;38556,390.27708,0,0,0,0,0,0,0,0,1626.9398,0,0,41623.266,290339.47,8231.728,0,0,117311.766,514.5145,179.93204,2548.4734,6228.109,0,2955.8992,15551.648,0,0,0,56939.914,0,0,0,16945.734,0,6227.72,31320.516,75626.94,0,11821.743,0,2586.7566,0,0,0,6935.1094,0,0,22512.768,0,0,27160.47,0,0,4296.552,0,0,1044.1814,17381.713,0,0,37570.02,0,0,9583.647,5920.702,0,0,4230.2104,18560.447,77759.84,5243.8457,115648.984,0,0,0,0,0,0,2946.4365,7943.9565,4658.2886,0,0,0,0,0,0,79697.9,18551.668,0,0,3837.0215,53170.688,2744.756,23311.643,46335.594,29649.445,0,0,13215.112,0,0,19584.928,25155.91,39673.867,0,127790.84,15426.46,0,0,45637.402,0,22179.162,11005.996,28156.318,1988.8607,437.86316,46179.797,173.50955,0,0,2932.8608,27602.434,103393.164,0,435246.56,0,26284.125,5643.755,0,4209.9263,0,34833.766,159539.47,13234.118,0,2413.6226,0,1922.0735,10768.481,12413.1,55897.79,981.85046,4835.6235,4321.537,80509.086,308274.22,22404.615,210312.95,26049.037,NA
46863,800.60208495536,9.462904,area,NA,NA,NA,NA,NA,,NA,NA,,NA,0,0,0,0,0,31.93494,0,0,0,0,0,1077.8833,0,0,0,0,0,0,0,0,0,0,0,0,0,0,0,0,0,0,0,0,0,0,0,0,0,0,0,0,0,0,0,0,0,0,0,0,0,7.325464,0,0,0,0,0,0,0,0,0,8.009346,0,0,0,0,0,0,0,0,0,0,0,0,0,0,0,0,0,0,0,0,0,0,0,0,0,0,0,0,0,0,0,0,0,0,0,0,0,0,0,0,0,0,0,0,0,0,0,0,0,0,0,0,0,0,10223.364,0,0,0,0,0,0,0,0,0,151361.33,14213.582,0,0,0,0,0,0,0,0,0,0,0,0,0,0,0,0,0,0,0,0,0,0,0,NA
40606,802.6192231199059,8.775731,area,NA,NA,NA,473,3255,[2M+NH4]+,NA,4,40566;40606;40521;40356,392.29259,0,0,0,0,0,3482247,0,0,2468.9592,0,0,0,41777.81,442.72696,0,0,47206.297,0,0,0,1229.191,0,0,4683.189,0,0,0,1483.544,0,213077.19,0,5477.1484,0,1255.8999,2206.181,41149.21,0,0,0,201.63492,0,0,0,1161.1146,0,0,566.0405,0,0,1382.6747,0,0,0,0,0,436.9206,5247.827,0,0,922.95825,0,0,0,549.4646,0,0,0,10095.631,12760.785,0,3773.2073,0,0,0,0,278.50708,0,0,633.5017,2436.061,0,2519805.5,0,0,0,0,14023.881,6301.6094,0,0,0,7200.949,2377.6987,4861.818,1454.8689,4443.8257,42016.957,0,3225.3977,0,0,11928.115,5297.5205,3296.5547,0,91627.6,5208.16,0,0,29827.902,621080.5,31247.402,0,9324.852,0,0,30604.477,0,0,0,0,26277.441,15024.981,0,208949.34,126888.41,3043.9907,0,0,0,0,1840.2754,11038.32,7079.679,0,0,0,0,5700.705,11747.563,7729.9263,0,0,0,3750.588,29735.54,0,9922.394,1513.2332,NA
45903,816.5985119695553,9.23717,area,NA,NA,NA,555,3789,[M+NH4]+,NA,2,45917;45903,798.56435,0,0,0,0,0,0,0,0,0,0,0,98074.06,0,0,0,0,0,0,0,0,51.56406,0,377.03262,0,0,0,0,197.40936,0,0,0,0,0,0,53.86909,82.326385,0,0,0,0,0,0,0,0,0,0,303.2779,0,0,0,0,0,0,0,0,0,0,0,0,60.614754,0,0,0,0,0,0,14.825106,0,37.38937,0,550.5858,0,0,0,0,0,0,0,0,0,0,0,0,0,0,0,149.45227,0,0,0,0,0,0,0,764.5412,0,0,0,0,0,0,0,33.3978,30.265018,0,0,136.06166,0,0,11.729328,0,15.466589,83.26017,0,29469.486,0,76.110634,0,0,0,0,0,568.70435,0,530066.8,24429.96,0,60.631836,0,0,0,0,94.68515,0,5210.777,0,0,0,154.0231,0,276.88788,0,29.996624,0,0,0,0,82.57513,89.64658,NA
35219,817.5826259571955,7.429919,area,NA,NA,NA,639,2877,[2M+H]+,NA,4,35270;35219;35262;35253,408.28754,0,10.875207,0,0,0,0,0,0,0,0,0,412327.88,111.680695,0,0,0,4304.409,0,0,0,27.140028,0,20.92242,666.3281,0,0,0,515.2443,0,0,0,0,16.90438,0,0,3625.9526,0,24.055935,0,12.212429,20.709238,0,0,0,0,0,18.367401,0,0,0,0,0,0,9.902168,0,0,22.855606,0,0,31.370813,0,0,0,0,0,0,0,102.37346,0,0,11.827105,33.25444,0,0,0,0,0,0,0,0,0,0,0,0,0,0,15.054409,37.7045,0,0,0,88.114876,0,0,0,102.2892,0,0,0,0,10.049667,135.28033,15.414397,62.26378,0,3992.8137,0,0,0,93822.29,0,0,0,3060.2231,659022.25,10.393031,15.031368,0,0,0,0,0,233.70381,0,935537.7,2928324,0,15.927176,0,0,0,11.825124,0,428.48648,314739.2,0,0,0,39.15307,0,23.963228,0,0,0,577.90985,0,0,27.815006,0,NA
35220,819.5885072950955,7.4206066,area,NA,NA,NA,639,2856,[M+H]+,NA,1,35235,818.58143,13.360142,0,0,0,0,0,0,0,0,0,0,59141.746,0,0,0,0,242.87735,0,0,0,0,0,0,0,0,0,0,0,0,0,0,0,0,0,0,129.40504,0,0,0,0,0,0,0,0,0,0,0,0,0,0,0,0,0,0,0,0,0,0,0,0,0,0,0,0,0,0,0,14.2994585,0,0,0,0,0,0,0,0,0,14.9407425,10.934502,0,0,0,0,0,0,0,0,0,0,0,0,0,0,0,0,0,0,0,0,0,0,0,0,0,0,344.79556,0,0,0,11409.041,0,0,0,59.6756,98971.24,0,0,0,0,0,0,22.605423,0,0,148009.34,461098.5,18.928467,0,0,0,0,0,0,0,47491.67,0,13.625162,0,0,0,41.104565,0,0,0,0,0,0,0,0,NA
45119,830.6506642435475,9.126103,area,NA,NA,NA,192,3698,[2M+NH4]+,NA,2,45119;45033,406.30843,0,0,0,0,0,13324.843,0,0,0,0,0,0,0,0,0,0,0,0,0,0,0,0,0,0,0,0,0,0,0,0,0,0,0,0,0,0,0,0,0,0,0,0,0,0,0,0,0,0,0,0,0,0,0,0,0,0,0,0,0,0,0,0,0,0,0,0,0,0,0,0,0,0,0,0,0,0,0,0,0,0,0,0,0,0,0,0,0,0,0,0,0,0,0,0,0,0,309.68167,0,0,0,0,0,0,0,0,0,0,0,0,0,90317.625,0,0,0,0,0,0,0,0,0,0,0,0,0,267483,0,0,0,0,0,0,0,0,0,0,0,0,0,0,0,0,0,0,0,0,0,0,0,0,NA
35242,834.6092329939365,7.4434166,area,NA,NA,NA,639,2877,[2M+NH4]+,NA,6,35270;35233;35262;35269;35226;35242,408.28754,0,0,0,0,9.074446,0,0,0,24.55327,0,0,2719678.5,2183.0527,26.193369,0,0,25499.18,0,68.917625,18.748913,167.97469,0,345.40216,6030.2773,9.103033,0,10.2928705,8896.807,0,0,0,0,0,0,15.31757,18934.586,0,582.5654,0,12.719557,10.605373,0,0,0,0,0,804.31213,0,0,0,0,0,0,0,0,19.350332,713.9632,0,0,1076.2107,0,0,0,17.631905,0,0,0,4184.748,18.270138,19.140255,275.11917,0,0,0,0,0,0,0,0,0,0,0,0,23.819511,0,0,445.88705,2058.2473,0,0,0,1687.658,0,0,1277.3246,587.2671,0,18.519827,70.340576,0,0,2226.7683,500.48236000000003,2031.3635,0,17037.865,21.77943,0,0,569341.44,0,273.2374,0,14699.857,4791952.5,0,498.07874,12.753542,0,0,12.741648,13.920025,3932.3066,0,6069947,18022212,99.037094,341.69968,0,0,0,193.28014,125.23718,5714.493,2075745.9,0,0,14.326774,906.8528,163.74492,1000.0902,0,0,15.134687,7628.6514,94.52593,138.224,576.8962,160.52636999999999,NA
40306,845.6137945064196,8.765494,area,NA,NA,NA,228,NA,,NA,NA,,NA,0,0,0,0,0,0,0,0,0,0,0,21195.91,0,0,0,0,0,0,0,0,0,0,0,0,0,0,0,0,0,0,0,0,0,0,0,0,0,0,0,0,0,0,0,0,0,0,0,0,0,0,0,0,0,0,0,0,0,0,0,0,0,0,0,0,0,0,0,0,0,0,0,0,0,0,0,0,0,0,0,0,0,0,0,0,0,0,0,0,0,0,0,0,0,0,0,0,0,0,0,0,0,0,0,0,0,0,0,0,11.578623,0,0,0,0,0,1520718.5,0,0,0,0,0,0,0,0,0,4334439,6747.5674,0,0,0,0,0,0,0,0,75.624374,0,0,0,0,0,0,0,0,0,0,0,0,0,0,NA
47870,849.6339944561914,9.871696,area,NA,NA,NA,NA,NA,,NA,NA,,NA,0,0,0,0,0,0,0,0,0,0,0,0,0,0,0,0,0,0,0,0,0,0,0,0,0,0,0,0,0,0,0,0,0,0,0,0,9.966112,0,0,0,0,0,0,0,57891.13,0,0,0,0,0,0,0,0,0,0,0,0,0,0,0,0,0,0,0,0,0,0,0,0,0,0,0,0,0,0,0,0,0,0,0,0,0,0,0,0,0,0,0,0,0,0,0,0,0,0,0,0,0,0,0,0,0,0,0,0,0,0,0,0,0,0,0,0,0,0,0,0,0,0,0,0,0,0,0,0,0,0,0,0,0,0,0,0,0,0,0,0,0,0,0,0,0,0,0,0,0,0,0,0,NA
40303,862.6402109965278,8.755621,area,NA,NA,NA,228,3212,[2M+NH4]+,NA,2,40303;40304,422.30309,0,0,0,0,0,0,0,0,0,0,0,157322.03,0,0,0,0,0,0,0,0,0,0,0,0,0,0,0,0,0,0,0,0,0,0,0,0,0,0,0,0,0,0,0,0,0,0,0,0,0,0,0,0,0,0,0,0,0,0,0,0,0,0,0,0,0,0,0,0,0,0,0,0,0,0,0,0,0,0,0,0,0,0,0,0,0,0,0,0,0,0,0,0,0,0,0,0,0,0,0,0,0,0,0,0,0,0,0,0,0,0,0,0,0,0,11558512,0,0,0,0,0,0,0,0,0,32667088,148436.14,0,0,0,0,0,0,0,0,1384.145,0,0,0,0,0,0,0,0,0,0,0,0,0,0,NA
41509,867.6455383300939,8.831583,area,NA,NA,NA,NA,NA,,NA,NA,,NA,0,0,0,0,0,0,0,0,0,0,0,0,0,0,0,0,0,0,0,0,0,0,0,0,0,0,0,0,0,0,0,0,0,0,0,0,0,0,0,0,0,0,0,0,414256.28,0,0,0,0,0,0,0,0,0,0,0,0,0,0,0,0,0,0,0,0,0,0,0,0,0,0,0,0,0,0,0,0,0,0,0,0,0,0,0,0,0,0,0,0,0,0,0,0,0,0,0,0,0,0,0,0,0,0,0,0,0,0,0,0,0,0,0,0,0,0,0,0,0,0,0,0,0,0,0,0,1032018.44,0,0,0,0,0,0,0,0,0,0,0,0,0,0,0,0,0,0,0,2299.1372,0,427.6327,0,NA
45755,870.590623396133,9.156007,area,NA,NA,NA,NA,NA,,NA,NA,,NA,0,0,0,0,0,0,0,0,0,0,0,0,61.559753,0,0,0,0,61.988506,0,0,0,0,0,0,0,0,0,0,0,0,0,0,0,0,0,0,0,29.63353,0,0,0,0,0,0,0,0,0,0,0,0,0,0,0,0,16602.105,0,0,0,223.39754,0,0,0,0,21.881989,0,0,0,0,0,0,0,0,0,0,0,0,0,0,0,0,0,0,0,0,0,70.835,0,0,0,0,0,0,0,0,0,0,0,0,0,0,0,0,0,284.73157,0,0,0,0,0,0,0,0,0,0,0,0,0,0,0,0,0,0,0,0,0,42251.715,0,0,0,0,0,0,0,0,0,0,0,0,0,0,0,0,0,0,22.527607,0,0,0,0,NA
47445,870.5912459682913,9.655827,area,NA,NA,NA,NA,NA,,NA,NA,,NA,0,0,0,0,0,0,0,0,0,0,0,0,0,0,0,0,0,0,0,0,0,0,0,0,0,0,0,0,0,0,0,0,0,0,0,0,0,0,0,0,0,0,0,0,0,0,0,0,0,0,0,0,0,0,20247.324,0,0,0,80.40555,0,0,0,0,0,0,0,0,0,0,0,0,0,0,0,0,0,0,0,0,0,0,0,0,0,0,0,0,0,0,0,0,0,0,0,0,0,241.86996,0,0,0,0,0,0,0,0,0,0,0,0,0,1158031.6,0,0,0,0,0,0,0,0,14.81315,0,0,0,0,0,118848.52,0,0,0,0,0,0,0,0,0,0,0,0,0,0,0,0,0,0,0,0,0,0,0,NA
47082,895.6763592288445,9.48869,area,NA,NA,NA,NA,NA,,NA,NA,,NA,0,0,0,0,0,3329.5906,0,0,0,0,0,0,0,0,0,0,0,0,0,0,0,0,0,0,0,0,0,0,0,0,0,0,0,0,0,0,0,0,0,0,0,0,0,0,0,0,0,0,0,0,0,0,0,0,28.103104,0,0,0,36.547962,0,0,0,0,0,0,0,0,0,0,0,0,0,0,0,0,0,0,0,0,0,0,0,0,0,0,0,0,0,0,0,0,0,0,0,0,0,0,0,0,0,0,0,0,0,0,0,0,0,0,0,241436.67,0,0,0,96.0406,0,0,0,0,0,0,0,0,0,0,288272.56,0,0,0,0,0,0,0,0,0,0,0,0,0,0,0,0,0,0,0,0,0,0,0,NA
45075,895.6768520051437,9.130386,area,NA,NA,NA,NA,NA,,NA,NA,,NA,0,0,0,0,0,0,0,0,0,0,0,0,0,0,0,0,0,0,0,0,0,0,0,0,0,0,0,0,0,0,0,0,0,0,0,0,0,0,0,0,0,0,0,0,0,0,0,0,0,0,156.171,0,0,0,6406.6626,0,0,0,17673.053,0,0,0,0,0,0,0,0,0,0,0,0,0,0,0,0,0,0,0,0,0,0,0,0,40.325645,0,0,0,0,0,0,0,0,0,0,0,0,21503.629,0,0,0,0,0,0,0,0,0,0,0,0,0,1742.3192,0,0,0,0,0,0,0,0,15.756777,0,0,0,0,0,613719.75,0,0,0,0,0,0,0,0,0,0,0,0,0,0,0,0,0,0,0,0,0,0,0,NA
46237,895.6769729144245,9.271748,area,NA,NA,NA,NA,NA,,NA,NA,,NA,0,0,0,30.151558,0,30990.676,0,0,0,0,0,0,0,0,0,0,0,0,0,0,0,0,0,0,0,0,0,0,0,0,0,0,0,0,0,0,0,0,0,0,0,0,0,0,0,0,0,0,0,0,78.78835,0,0,0,8269.172,0,0,0,181.40283,0,0,0,0,0,0,0,0,0,0,0,0,0,0,0,0,0,0,0,0,0,0,0,0,55.60708,0,0,0,0,0,0,0,0,0,0,0,0,1243.5355,0,0,0,0,0,0,0,0,0,0,0,0,0,3442733.8,0,0,0,3833.7407,0,0,0,0,98.18687,0,0,0,0,0,1188833.8,0,0,0,0,0,0,0,0,0,0,0,0,0,0,0,0,0,0,0,0,0,0,0,NA
36285,899.6349615117015,7.9611473,area,NA,NA,NA,NA,NA,,NA,NA,,NA,0,11.710739,0,0,10.601147,0,0,0,0,0,0,0,0,0,0,0,0,15.843215,0,0,0,0,0,0,0,0,0,0,12.986597,0,0,0,0,0,0,0,658131.56,0,0,0,9.488911,0,0,0,0,8.75515,0,0,0,11.668783,0,14.73024,0,0,10.768561,15.971434,0,0,0,0,0,0,0,0,0,10.201489,0,0,18.464176,0,0,0,0,0,15.086441,0,0,0,0,0,0,0,0,0,22.983631,0,0,9.585764,0,0,0,0,8.803473,0,0,12.7383995,0,0,0,31.028355,9.871593,0,0,0,0,22.779224,0,0,0,24.29987,0,0,0,10.79217,0,0,0,0,16.913254,0,0,0,0,0,0,166444.08,0,0,0,0,23.737795,0,0,0,0,0,0,0,0,0,0,9.145832,0,0,0,0,23.24009,0,0,NA
36923,899.6356894766521,8.263526,area,NA,NA,NA,NA,NA,,NA,NA,,NA,0,0,0,10.443655,0,0,0,0,0,0,0,0,0,0,0,0,0,12.83458,0,0,0,0,0,0,0,0,16.944107,13.364003,20.405842,13.687214,429602.3,0,10.317287,0,0,0,75.16211,0,0,0,15.1532135,0,0,0,0,0,0,191.07419,0,14.469204,14.454277,11.423494,9.823029,12.010729,0,20.330837,13.738608,0,0,0,0,0,11.2957325,0,0,0,14.856221,13.4254265,0,0,10.299444,0,0,0,12.441464,0,0,0,0,0,0,0,0,0,0,10.28266,0,14.48148,0,0,0,0,0,0,0,0,0,0,6.668653,10.699654,0,0,0,0,10.968472,0,0,0,18.183214,0,2969500,0,0,0,0,0,0,15.854638,0,0,0,0,0,0,0,0,16.30345,0,0,0,10.798296,0,0,0,0,0,0,17.635464,0,12.317949,27.29358,12.045004,0,0,0,11.627747,0,0,0,NA
32450,899.6358338656298,5.856879,area,NA,NA,NA,NA,NA,,NA,NA,,NA,0,0,0,0,8.571125,0,0,0,12.598242,0,9.71764,0,0,17.236828,0,0,0,16.757545,14.7263775,33.0987,0,0,0,0,13.508737,0,0,0,0,0,0,0,0,14.988101,0,0,13.727115,0,0,0,0,13.22505,0,0,0,0,0,0,0,0,0,0,0,0,0,0,10.471651,0,0,0,0,0,0,0,0,0,0,0,0,0,0,0,0,143362.02,9.470997,0,0,0,0,0,0,0,0,0,0,16.22815,0,0,0,0,0,0,0,26.610565,0,0,0,0,0,0,0,0,0,0,0,0,0,0,0,0,0,16.590816,0,0,0,0,0,25.930023,0,0,0,0,0,11.339359,13.902414,64596.887,0,0,0,0,0,0,0,22.021564,0,0,0,0,33.944817,0,0,9.317181,0,13.826174,0,0,0,0,0,NA
43563,902.5800537665876,9.011933,area,NA,NA,NA,NA,NA,,NA,NA,,NA,0,0,0,0,0,0,0,0,0,0,0,0,0,0,0,0,0,0,0,0,0,0,0,0,0,0,0,0,0,0,0,0,0,0,0,0,0,0,0,0,0,0,0,0,0,0,0,0,0,0,0,0,0,0,0,0,0,0,0,0,0,0,0,0,0,0,0,0,0,0,0,0,0,0,0,0,0,0,0,0,0,0,0,0,0,0,0,0,0,0,0,0,0,0,0,0,0,0,0,0,0,0,0,0,0,0,0,0,0,0,0,0,0,0,0,0,0,0,0,0,0,0,0,0,0,200432.58,0,0,0,0,0,0,0,0,0,0,0,0,0,185.45963,0,0,0,0,0,0,0,0,0,NA
36957,916.660742467185,8.280837,area,NA,NA,NA,NA,NA,,NA,NA,,NA,0,26.123798,0,0,0,70.85166,0,0,0,0,15.562203,37.069473,0,16.427197,21.163488,0,0,13.367264,0,0,0,0,18.846874,0,11.381689,0,0,0,0,15.157621,167851.14,0,0,0,0,0,0,0,0,0,11.309167,0,0,0,0,0,26.890629,37.73256,0,0,0,10.255681,0,12.602646,11.521211,12.6537285,17.491585,0,0,0,11.120025,0,18.179636,0,12.629325,0,0,0,0,0,0,0,0,0,0,0,0,0,0,0,0,0,0,0,0,0,0,0,0,0,0,0,0,0,0,0,0,19.126202,0,0,17.057484,11.599514,0,36.085506,0,0,0,0,0,16.072763,1218093,10.423334,0,9.05717,0,0,15.329272,25.201962,0,0,0,0,21.566355,19.392977,0,45.253914,0,0,0,0,14.735386,0,0,0,9.420971,0,0,0,0,18.36649,0,19.719288,0,0,0,0,0,0,30.86448,NA
36286,916.6612426653176,7.94557,area,NA,NA,NA,NA,NA,,NA,NA,,NA,0,0,0,0,0,0,0,0,27.972971,0,0,0,0,0,19.1768,13.005286,0,9.154108,21.685673,0,0,0,0,0,0,0,18.190533,0,0,0,9.672273,0,0,0,13.878202,0,276952.62,0,10.543652,0,0,0,0,0,13.2311,11.485049,0,14.928262,0,0,0,0,0,0,0,0,0,0,9.254568,0,22.97947,12.757708,0,0,0,21.049332,0,18.037346,0,9.82372,0,15.967893,0,0,0,0,0,20.166634,16.026764,0,0,10.995581,12.975336,0,0,9.05438,0,0,0,0,0,0,10.447727,0,0,0,0,0,11.775316,0,0,14.002827,0,0,0,0,0,0,0,0,0,13.179159,0,0,0,11.311098,12.074324,0,0,0,0,0,48.26297,0,0,72878.28,19.04487,0,0,0,0,0,0,0,0,11.6994,0,0,0,0,0,0,21.930084,0,0,15.226475,0,0,0,NA
43484,919.6070236239616,8.99682,area,NA,NA,NA,NA,NA,,NA,NA,,NA,0,0,0,0,0,0,0,0,0,0,0,39884.484,0,0,0,0,0,0,0,0,0,0,0,0,0,0,0,0,0,0,0,0,0,0,0,0,0,0,0,0,0,0,0,0,0,0,0,0,0,0,0,0,0,0,0,0,0,0,1543.5779,0,0,0,0,0,0,0,0,0,0,0,0,0,0,0,0,0,0,0,0,0,0,0,0,0,0,0,0,0,0,0,0,0,0,0,0,0,0,0,0,0,0,0,196.65363,0,0,0,0,0,0,0,904.8812,0,0,0,0,0,0,0,0,0,0,0,0,0,0,4432898,0,0,0,0,0,0,0,0,0,0,0,0,0,0,0,0,0,0,0,0,0,0,0,NA
36961,921.6169263435518,8.272898,area,NA,NA,NA,NA,NA,,NA,NA,,NA,11.328033,0,0,26.305204,0,0,0,10.160279,0,20.037178,11.017308,25.716795,0,0,0,0,0,0,0,0,0,11.679806,0,0,10.335079,0,0,40.56545,0,12.733025,1417277.8,40.865753,0,0,0,0,17.073769,0,0,0,0,0,10.931704,13.193523,31.36782,0,0,0,37.465496,0,0,0,0,0,11.653381,14.517475,12.962147,0,0,0,14.056225,15.44318,12.759552,13.5320015,0,0,15.312439,0,0,0,0,11.709561,0,40.25737,0,11.002591,0,0,0,0,0,18.124626,0,0,10.913873,0,18.116196,0,10.237776,8.312282,0,10.638853,0,0,0,14.921757,0,15.677265,13.808289,0,19.709518,0,0,0,0,0,0,0,0,0,6356302,0,0,22.822676,0,13.568718,0,0,10.315659,0,0,0,16.816994,0,0,0,0,17.464268,0,0,0,0,0,0,0,0,0,0,0,10.950094,0,0,0,10.790043,18.024632,15.755566,0,0,0,NA
37799,926.7193097502344,8.479947,area,NA,NA,NA,109,3033,[M+H]+,NA,1,37802,925.71189,18.507578,0,0,16.904053,0,0,0,0,0,0,0,0,1697387.6,0,0,0,0,35.61621,0,0,0,0,0,0,0,0,0,0,0,0,0,0,0,0,0,0,0,0,25.586964,0,0,0,0,0,0,16.443838,0,0,0,0,0,0,0,0,0,0,0,0,0,0,0,0,0,0,0,0,0,0,0,0,534941.8,0,83.949265,0,0,0,0,0,0,0,0,0,0,0,0,28.005657,358223.16,0,0,0,0,0,0,0,0,0,0,0,0,0,0,0,0,0,11.74556,0,0,0,0,0,0,0,0,0,207210.83,0,0,0,20.028034,0,0,11854.991,0,0,0,0,0,0,0,0,0,0,0,0,0,0,0,0,0,17.550014,0,0,15722.864,0,0,1343504.8,0,2292458.5,0,NA
37410,927.6665843970216,8.374311,area,NA,NA,NA,NA,NA,,NA,NA,,NA,0,15.033516,16.289791,0,0,0,0,0,0,0,33.607918,0,0,0,0,0,0,0,29.30212,22.790865,0,0,13.759144,0,0,0,19.025936,0,0,0,174.92429,0,0,0,0,0,0,0,29.510832,0,0,0,0,0,0,11.083475,0,0,0,0,15.323106,10.4824505,0,0,10.973455,0,0,0,0,0,0,0,0,49.213314,12.068555,14.572487,0,0,0,0,0,0,0,0,0,0,0,0,0,0,0,0,24.844288,11.671456,0,0,0,0,0,0,0,0,0,0,0,0,0,16.813211,0,0,0,0,0,0,22.899868,0,0,0,0,0,5009113.5,0,0,0,0,12.811422,0,0,0,586.4773,0,0,25.316338,0,0,737870.4,0,0,0,0,0,23.327438,0,0,0,0,10.088181,0,0,0,0,0,0,11.631021,0,0,0,0,19.105673,NA
33419,927.667591613746,6.418807,area,NA,NA,NA,NA,NA,,NA,NA,,NA,0,0,12.158552,0,0,0,20.442837,11.9435,0,9.623099,11.527659,0,0,0,0,10.98514,0,0,0,0,23.008911,0,0,15.997701,0,0,10.568195,0,20.497662,0,0,12.199037,16.915936,10.3122635,0,0,0,0,11.066536,39.709053,11.908045,10.660156,0,0,0,0,0,0,0,0,0,12.277527,0,0,0,0,0,0,0,0,0,0,0,0,0,11.297726,11.199501,15.057089,0,0,0,18.743263,0,0,0,0,0,0,12.584455,0,0,0,11.291963,0,0,0,0,14.676939,0,0,0,0,0,0,0,0,0,19.57458,0,0,0,0,0,24.030647,0,0,0,0,0,0,0,0,0,0,0,0,0,0,0,0,0,0,29.645546,0,0,157825.16,0,0,0,0,13.638479,0,0,0,0,0,0,0,11.064782,10.27473,0,13.676072,0,0,0,12.2519245,0,0,0,NA
32186,931.6242674025078,5.721659,area,NA,NA,NA,NA,NA,,NA,NA,,NA,17.382515,0,0,11.487336,0,0,0,0,0,0,0,0,0,0,0,0,0,8.798977,0,0,0,0,0,0,0,0,0,0,0,0,9.733896,0,0,0,0,0,0,0,0,12.614355,19.437378,0,0,0,0,219716.44,0,0,0,0,0,0,0,0,14.134111,12.59119,0,0,13.38358,0,19.856571,0,0,0,0,0,0,20.33234,0,0,21.548597,12.623667,0,10.123121,0,0,0,0,10.271027,26.964985,0,0,0,0,0,0,0,33.069527,0,0,26.596048,0,0,0,0,0,0,0,0,0,0,8.3247175,0,0,0,0,0,0,0,0,0,0,0,22.672112,0,0,0,14.090278,0,0,0,0,0,0,0,173254.48,0,0,0,27.821121,0,0,0,0,15.493799,0,0,0,18.867737,10.276196,0,0,0,0,0,0,0,0,21.250767,NA
40635,944.6930280846803,8.788431,area,NA,NA,NA,NA,NA,,NA,NA,,NA,0,0,0,0,0,0,0,0,0,0,0,26633.82,0,0,0,0,0,0,0,0,0,0,0,0,0,0,0,0,0,0,0,0,0,0,0,0,0,0,0,0,0,0,0,0,0,0,0,0,0,0,0,0,0,0,0,0,0,0,17.608974,0,0,0,0,0,0,0,0,0,0,0,0,0,544.41614,0,0,0,0,0,0,0,0,0,0,0,0,0,0,0,0,0,0,0,0,0,0,0,0,0,0,0,0,0,0,0,0,0,0,0,0,0,0,0,0,0,0,0,0,0,0,0,0,0,0,0,0,2449946.5,0,0,0,0,0,0,0,0,0,0,0,0,0,0,0,0,0,0,0,0,0,0,0,NA
32149,948.6512539403924,5.698348,area,NA,NA,NA,NA,NA,,NA,NA,,NA,0,0,8.787269,0,0,0,8.669195,0,0,0,0,0,0,0,0,0,0,0,0,0,0,11.613834,9.724478,0,0,26.946854,0,0,0,0,0,0,9.719126,0,0,0,10.842415,0,0,10.919778,12.741764,16.622944,0,0,0,2088228.1,0,0,23.121588,20.188965,0,0,0,0,0,0,0,0,0,30.20136,0,24.114784,0,20.164726,26.804962,0,0,21.967644,0,0,0,0,0,0,26.035795,0,9.577964,0,16.55198,48.89564,0,0,0,11.773785,0,0,0,10.88826,0,0,11.19319,0,0,0,0,0,0,0,10.274334,0,26.292828,0,0,0,0,0,19.064793,0,0,0,0,0,0,32.726723,0,10.38856,15.241816,0,0,0,0,0,0,0,0,1676127.6,0,0,0,0,0,0,0,13.530768,0,13.843066,0,30.93483,0,0,0,0,0,0,16.111938,0,0,0,0,NA
37312,949.6480021501314,8.359174,area,NA,NA,NA,NA,NA,,NA,NA,,NA,13.908125,14.294999,0,0,0,0,0,0,0,0,0,0,0,0,24.874054,0,0,0,11.646551,16.961151,0,0,14.037274,0,10.985845,22.106197,0,0,11.079572,0,0,0,12.94534,0,0,0,20.84846,0,0,0,0,0,0,0,0,11.313164,0,0,0,0,11.266403,0,0,13.342951,0,15.808477,13.74305,0,0,0,0,0,0,0,0,0,0,0,42.051434,0,0,0,0,0,0,0,0,0,12.849588,0,0,0,0,16.72575,23.45891,16.169134,0,0,0,16.859077,0,0,28.761467,0,16.131872,0,0,0,0,20.10307,0,0,0,0,0,0,20.80032,0,0,0,0,0,0,16.455307,0,0,0,0,0,1763.3737,0,0,0,0,0,1370528,0,0,0,0,13.457627,0,15.371872,44.942863,0,0,0,0,0,0,0,0,0,16.206398,0,0,0,0,0,NA
33077,959.6553167742072,6.177263,area,NA,NA,NA,NA,NA,,NA,NA,,NA,0,9.90423,0,0,12.183803,0,0,0,0,13.744959,0,0,10.788999,0,0,0,0,0,0,0,0,0,0,0,0,0,0,10.177221,0,0,0,0,0,0,15.121036,16.031971,19.538477,24.070332,0,0,0,0,0,0,10.929693,0,0,0,0,0,0,10.279281,0,0,0,21.080967,0,0,0,0,0,0,18.403713,0,0,0,0,0,0,0,16.206146,0,0,0,0,0,0,0,8.866644,0,0,0,0,0,0,0,0,15.686772,0,0,10.655403,14.8018265,0,0,0,0,0,29.258244,0,0,0,21.03644,0,0,0,0,0,9.533768,0,0,0,19.89429,12.358658,0,0,20.978699,0,0,0,20.770515,0,0,0,0,0,75209.22,0,0,0,0,0,10.268301,0,15.347115,10.264558,40.44796,10.34075,16.283749,29.48916,18.00378,0,0,0,0,21.301147,0,10.097637,0,17.596169,NA
35376,959.6556328248664,7.497848,area,NA,NA,NA,NA,NA,,NA,NA,,NA,0,9.446216,0,0,0,0,0,0,0,0,0,0,0,0,10.790843,0,0,10.137354,11.490421,0,0,0,0,0,0,0,14.403318,0,0,0,17.222078,10.194578,0,0,20.507233,20.594343,0,0,0,0,0,14.68953,0,0,0,0,0,0,0,0,22.866253,0,0,0,18.995863,0,0,9.362569,0,0,9.5542840000000009,11.978472,23.14859,0,0,0,0,0,14.189064,0,0,30.67086,0,12.70009,0,0,0,0,0,0,0,0,18.430088,0,10.350933,0,0,0,0,0,0,11.379769,0,0,0,0,0,8.81887,0,0,11.650415,0,0,0,11.807118,0,9.920783,13.509844,0,0,1147010.9,0,0,0,0,0,17.284397,0,0,0,0,14.397921,0,19.660168,0,0,0,10.105494,0,0,0,0,12.231812,16.863766,0,0,0,15.635886,0,14.682467,0,0,0,0,0,14.793936,0,0,0,NA
34679,959.657559352028,7.0885806,area,NA,NA,NA,NA,NA,,NA,NA,,NA,0,0,8.853075,0,0,0,0,0,0,0,0,0,0,0,0,0,0,0,14.30911,9.213934,0,0,0,0,0,0,10.98217,0,0,0,0,0,0,0,13.35397,0,0,0,0,15.94112,0,0,0,11.597639,9.926701,0,0,0,11.209902,8.765112,0,0,0,10.606812,0,0,0,0,0,0,0,0,0,0,12.120075,0,0,0,16.293175,0,0,0,0,0,0,0,0,0,26.52198,0,0,0,0,10.459931,0,0,0,0,12.708594,0,13.269144,0,0,0,0,11.037228,0,13.865059,20.30262,0,0,0,0,33.817497,19.615353,0,11.8514,15.763844,0,13.481055,0,0,0,0,0,13.490348,0,15.4980755,0,10.909569,13.382153,0,13.742447,0,0,280449.66,0,0,0,15.798212,17.54477,0,15.360346,0,0,0,8.227234,0,10.202169,0,15.253301,9.778191,22.448004,0,0,0,0,0,0,NA
39817,968.7292123398154,8.836011,area,NA,NA,NA,192,3316,[M+H]+,NA,1,41242,967.72291,0,0,0,0,0,0,0,0,0,0,0,0,40308.445,0,0,0,0,0,0,0,0,0,0,0,0,0,0,0,0,0,0,0,0,0,0,0,0,0,0,0,0,0,0,0,0,0,0,0,0,0,0,0,0,0,0,0,0,0,0,0,0,0,0,0,0,0,0,0,0,0,35915.17,0,246.8425,0,0,0,0,0,0,0,0,0,0,18585.193,0,0,3798.5198,0,16.26231,0,0,0,0,0,0,0,0,0,0,0,0,0,0,0,0,0,0,0,16.988735,0,0,0,0,0,517186.28,0,0,0,0,0,0,0,0,0,0,0,0,0,9.51304,0,0,0,0,0,0,0,0,0,0,0,0,0,0,0,0,15797.965,0,9731.918,0,NA
33078,976.6829048454902,6.1706085,area,NA,NA,NA,NA,NA,,NA,NA,,NA,0,0,19.554638,0,12.4020815,10.331196,0,0,0,33.783916,13.014759,0,0,0,0,0,30.24709,0,0,0,0,0,0,19.352158,0,0,0,0,0,0,12.395222,0,0,0,0,0,0,0,0,0,15.9088745,0,0,14.881544,0,0,0,0,0,0,0,9.631102,0,0,0,0,0,0,0,0,0,0,0,0,10.729979,0,0,0,0,0,0,13.976795,0,0,0,0,0,0,0,0,0,0,0,0,0,20.18929,0,0,10.692019,0,0,11.946335,10.343316,0,0,0,0,0,31.183987,0,8.940226,0,11.676308,0,0,0,0,9.739321,0,0,0,0,0,0,0,0,0,0,8.799783,0,0,0,0,0,0,1461333.9,0,0,0,0,16.263191,0,0,0,16.650991,0,0,0,0,0,0,17.040148,0,0,0,0,12.842464,0,13.649249,NA
40066,983.7277376794082,8.722957,area,NA,NA,NA,473,3206,[2M+H]+,NA,2,40066;40073,491.3607,0,0,0,0,0,7472.012,0,0,0,0,0,0,0,0,0,0,0,0,0,0,0,0,0,0,0,0,0,0,0,0,0,0,0,0,0,0,0,0,0,0,0,0,0,0,0,0,0,0,0,0,0,0,0,0,13.213348,0,0,0,0,0,0,0,0,0,0,0,0,0,0,0,0,0,0,0,0,0,0,0,0,0,0,0,0,37.78353,0,0,0,0,0,0,0,0,0,0,0,0,0,0,0,0,0,0,0,0,0,0,0,0,0,0,3793911.8,0,0,0,0,0,0,0,0,0,0,0,0,0,0,666570.44,0,0,0,0,0,0,0,0,0,0,0,0,0,0,0,0,0,0,0,0,0,0,0,NA
36691,983.730244742029,8.101461,area,NA,NA,NA,NA,NA,,NA,NA,,NA,8.822311,0,0,0,9.269077,0,0,13.0796585,0,0,11.049105,20.859707,0,0,9.888436,0,0,0,21.777258,18.862621,0,0,0,10.371586,0,16.090069,16.380358,0,0,12.111244,23.426708,0,0,0,0,0,0,0,0,0,27.244207,20.53046,0,25.53501,0,0,0,16.732412,0,16.830437,12.324852,0,0,14.293934,0,10.380756,0,0,0,14.108852,0,0,0,12.227928,9.645063,11.228064,0,41.532303,0,0,35.380558,22.069397,0,26.261036,19.23892,10.356375,0,0,0,0,0,10.02048,0,14.573959,11.212543,0,0,10.966078,0,0,0,16.23283,0,0,0,0,0,0,20.020765,45.740147,10.542943,0,9.95457,0,0,22.35018,22.005928,8.974221,0,13.453211,0,0,0,19.24712,0,16.735046,0,0,0,0,31.045313,0,14.780467,9.866833,0,164194.89,0,0,0,0,19.156513,10.939934,0,0,0,0,0,0,0,18.236767,0,0,15.1603775,19.589956,19.927698,0,0,0,0,NA
34287,983.7781496672004,6.872527,area,NA,NA,NA,195,NA,,NA,NA,,NA,0,16.130953,0,0,0,0,0,0,0,0,0,0,53265.79,0,18.946476,0,0,0,0,19.269493,0,0,0,0,0,0,0,0,0,0,0,0,0,23.176983,0,0,0,0,0,11.28283,0,0,0,0,0,0,0,0,0,10.612808,0,0,0,23.43157,0,0,0,0,0,0,19.756443,9.761307,0,11.358923,0,0,28.997131,0,11.4625635,10.529604,5698.913,0,0,0,0,0,0,0,24.701849,9.380854,0,0,0,0,29.12557,9.603175,3695.8289,0,9.622124,0,0,7.437847,0,10.549791,9.949966,0,0,0,0,0,0,0,0,0,0,23.548347,0,0,0,16.881746,17.811308,0,14.097887,0,0,10.03494,0,0,9.901297,0,16.070911,14.7226925,0,0,0,0,0,14.653852,0,0,0,0,0,0,0,10.252861,0,0,15.272906,0,0,0,17.100851,24.935745,27.39323,9282.145,0,33946.67,0,NA
36508,987.688048473302,8.037572,area,NA,NA,NA,NA,NA,,NA,NA,,NA,0,10.286946,0,0,0,0,0,0,0,12.538658,0,0,11.668804,13.094177,18.285355,0,0,9.877302,20.098366,0,0,10.18054,22.273977,0,0,0,12.431627,19.700222,0,0,9.156185,0,0,0,0,13.20776,0,0,16.825275,9.902287,0,0,16.690773,0,22.236664,0,14.333841,0,0,16.840813,10.310512,0,0,13.475804,0,0,20.655243,10.246156,0,0,17.905573,0,0,20.768646,13.549747,20.081284,0,0,13.497566,0,0,15.78702,0,0,10.613024,11.321178,13.510679,10.446743,9.541998,19.09476,0,0,14.593088,16.901497,0,0,0,0,0,8.967598,9.607168,0,0,0,0,0,0,15.671536,0,0,20.39727,0,0,36.117233,0,0,19.916218,0,10.187112,10.419302,1784061.4,0,0,17.055168,0,0,0,16.904583,0,0,0,0,0,0,0,0,0,0,0,0,11.836934,0,0,18.247984,0,10.2935505,0,0,0,0,0,16.236908,0,11.070871,9.452214,12.072126,25.955126,0,0,NA
35632,987.6881268680552,7.639356,area,NA,NA,NA,NA,NA,,NA,NA,,NA,0,16.425625,10.096186,0,0,0,0,10.9719,9.324225,0,0,0,10.28838,0,0,13.025162,0,9.353102,0,17.710852,0,8.907698,0,0,0,0,0,0,0,0,13.238989,0,0,0,0,11.713453,0,14.12914,22.310242,32.612827,0,0,0,0,13.06419,0,14.421986,12.839082,14.147271,11.100826,0,0,11.695265,9.236658,16.150232,0,0,11.876833,0,0,0,12.362889,0,0,0,0,0,21.556879,11.275245,0,0,8.3724575,0,0,0,9.89342,0,0,13.41305,0,0,0,29.777464,0,0,0,23.37302,10.5953045,0,0,0,0,0,0,0,23.172628,0,0,14.092949,10.895657,0,0,11.702266,0,12.373053,19.745808,24.903027,9.415762,0,0,0,0,36.278,0,0,0,0,0,0,0,26.305153,0,10.95788,15.113424,0,176392.33,0,15.568577,0,0,14.203508,10.288946,0,11.1462555,43.23801,10.710831,0,0,0,9.254491,0,0,16.347103,11.256519,29.765812,11.868063,19.217136,0,0,NA
30796,991.645239158519,5.1320777,area,NA,NA,NA,NA,NA,,NA,NA,,NA,0,0,0,0,0,0,0,0,0,0,26.593712,0,0,12.552207,0,0,0,0,17.528172,19.605476,0,9.250534,0,0,20.49643,0,0,0,0,0,0,32.096596,0,0,0,18.27495,0,0,16.214474,12.976868,0,0,34.95579,0,0,15.209655,0,0,0,0,0,0,0,0,0,0,0,0,0,0,0,8.048464,0,23.641388,0,0,0,0,0,0,0,0,0,19.54344,0,0,0,0,0,0,39.74476,0,0,0,0,0,0,0,0,0,0,0,0,0,0,0,0,0,11.293915,0,20.477215,0,34.106598,0,0,0,0,0,0,20.787294,0,0,0,0,0,0,17.920612,17.707535,8.815708,0,0,0,0,0,72.364365,147793.06,0,0,0,18.45934,0,0,0,0,0,0,0,0,0,0,53.22254,0,0,0,0,30.960693,0,0,0,NA
31134,994.5230180769546,5.2618914,area,NA,NA,NA,409,2605,[M+NH4]+,NA,3,31102;31127;31134,976.48827000000006,0,0,16.469414,13.351021,10.03768,0,0,0,0,0,0,0,35791.656,106.58676,0,0,15494.571,30.235668,24.817184,19701.027,15560.393,0,1478.3378,13418.651,0,18.501621,0,3966.1836,0,0,0,35285.484,0,0,308.11774,40.538254,22.69664,7767.605,0,26.178497,0,16.56802,0,27.808743,0,0,13058.389,0,0,482.4352,0,0,263.92755,0,0,437.7885,33.792973,0,0,80341.51,0,0,168.36028,22.532747,0,0,17.516298,109.94049,20681.85,19.77052,414547.38,16.1145,0,0,0,0,0,0,19.781868,29.683659,0,0,10.00996,0,0,41.765152,19222.588,20.31009,0,19.09458,3937.8394,7807.6426,158.72952,627.15173,114875.54,9518.451,0,0,30.698366,21.849445,0,0,7897.519,6973.9995,0,6973.7036,37020.793,32.868977,0,1058.8958,0,67.645355,7105.906,0,0,0,5691.7905,0,0,0,263.94812,3554.059,16663.848,3780.921,0,0,23698.521,40.661808,0,2180.6716,0,61.535625,4099.642,122.02745,0,71.77626,0,4028.1355,20809.201,0,55047.848,0,63686.176,468.39917,125.333855,17725.24,1056.9691,156189.67,20364.205,NA
29655,999.600984992617,4.5959063,area,NA,NA,NA,NA,NA,,NA,NA,,NA,0,0,0,0,0,0,8.818142,0,9.061524,0,14.282318,0,0,0,0,0,0,0,0,0,0,11.717148,0,0,0,0,0,0,0,0,0,0,0,0,0,0,0,0,0,13.288187,0,0,0,0,0,0,0,0,0,0,0,0,10.295907,0,0,0,0,0,0,0,0,9.535854,0,0,0,0,0,0,0,0,0,0,0,0,0,0,0,20.12302,10.301768,13.9167595,0,0,0,0,51247.44,0,0,14.67044,0,0,0,0,0,0,0,0,0,0,0,0,0,0,0,0,0,0,0,0,0,0,0,22.737331,0,0,0,51.67882,0,24.248692,0,0,0,16.190163,0,0,0,0,0,0,0,27.721561,0,0,0,0,0,0,0,11.566656,0,19.84777,13.963939,0,0,0,0,0,0,0,0,NA
41247,1011.7596837534938,8.837522,area,NA,NA,NA,806,3317,[2M+H]+,NA,2,41342;41247,505.37652,0,0,0,0,0,47520.273,0,0,0,0,0,0,0,0,0,0,0,0,0,0,0,0,0,0,0,0,0,0,0,0,0,0,0,0,0,0,0,0,0,0,0,0,0,0,0,0,0,0,0,0,0,0,0,0,0,0,0,0,0,0,0,0,0,0,0,0,0,0,0,0,0,0,0,0,0,0,0,0,0,0,0,0,0,218.87866,0,0,0,0,0,0,0,0,0,0,0,0,4059.4282,0,0,0,0,0,0,0,0,0,0,0,0,0,7612846,0,0,0,2974.7278,0,0,0,0,0,0,0,0,0,1996392.5,890559,0,0,0,0,0,0,0,0,0,0,0,0,0,0,0,0,0,0,0,0,0,0,0,NA
34465,1013.6791735017564,6.978288,area,NA,NA,NA,NA,NA,,NA,NA,,NA,0,9.577431,0,0,10.801315,9.799183,0,0,0,18.665808,0,0,0,8.692273,13.990919,0,0,16.466091,0,0,0,9.815115,0,11.547867,0,0,0,14.522032,8.290877,0,0,11.1540785,0,0,11.593547,0,0,10.374886,11.921626,0,15.515006,19.805004,0,0,12.2557,10.018366,11.95825,12.621519,10.240978,21.460718,0,15.756046,13.328564,0,0,0,19.091269,9.3834,0,0,17.758049,0,0,13.808354,0,0,0,0,0,0,0,9.989477,0,0,9.524557,0,9.983788,0,14.8360405,14.805287,0,19.815693,0,0,0,0,0,0,0,10.053236,0,0,0,12.088024,0,17.35951,0,0,0,0,0,0,0,0,0,0,18.262812,0,14.741293,0,373350.8,0,0,0,0,15.470854,13.507962,0,0,0,10.771162,0,0,0,0,0,0,18.04573,0,0,18.235176,0,0,0,0,0,0,14.674595,0,0,0,0,0,0,11.988043,12.453177,0,21.258692,0,NA
33644,1015.7187053054784,6.556133,area,NA,NA,NA,NA,NA,,NA,NA,,NA,8.872487,0,0,31.92293,0,0,12.744165,9.215233,0,0,0,0,0,0,14.205755,0,0,0,14.606007,0,0,12.899363,0,0,10.061308,20.331944,0,0,0,15.762463,0,21.734186,10.70521,0,14.357204,0,0,11.032611,0,0,0,0,0,10.804022,0,0,0,0,0,0,0,0,0,10.972519,0,0,25.531658,10.841658,14.404232,0,0,0,0,20.335152,9.7697315,0,10.0799885,0,19.893,0,0,0,0,0,11.226647,0,0,0,0,0,0,0,0,0,0,0,15.315759,0,0,0,9.498365,0,10.514594,0,0,0,0,10.262807,0,0,0,0,24.158634,0,0,17.805086,10.507631,0,0,0,0,0,0,0,0,16.378448,12.011203,0,0,63.60611,0,0,9.740815,0,285383.88,0,0,0,0,21.857609,0,0,0,0,0,10.471497,0,0,17.360172,14.114693,0,0,0,0,17.750132,0,0,16.072971,0,NA
31795,1019.6773222463302,5.55546,area,NA,NA,NA,NA,NA,,NA,NA,,NA,0,0,0,0,11.068348,0,12.851343,0,0,12.471237,0,0,0,0,0,15.294344,0,0,0,0,0,0,0,18.81001,8.638526,0,0,0,0,18.454102,14.574687,21.178158,0,0,0,0,0,0,0,0,15.304192,0,0,0,0,0,0,0,0,0,0,0,0,0,0,0,0,14.355362,12.9758,0,0,0,12.733271,0,13.060108,0,10.586956,0,0,0,0,17.18328,0,15.480349,0,0,0,0,0,0,0,11.366367,0,16.961666,9.737586,0,0,28.573576,0,0,0,0,0,0,0,0,0,0,12.972292,0,0,23.7431,0,0,0,0,0,0,0,0,0,0,0,16.109077,0,0,0,0,0,0,0,12.858051,0,0,0,168671.31,0,0,0,22.819431,12.475285,0,0,0,9.060455,22.818405,13.23537,0,18.657566,0,19.002743,0,30.54792,31.475811,0,0,45.557285,0,0,NA
29629,1021.581535489269,4.5949616,area,NA,NA,NA,NA,NA,,NA,NA,,NA,0,16.320759,0,0,0,11.165991,0,0,0,14.6724205,0,0,0,0,0,0,0,0,0,0,0,0,0,0,0,10.301165,0,0,0,0,0,0,0,0,0,0,0,0,0,0,0,0,0,0,0,12.084572,0,0,0,15.588347,0,0,0,0,0,18.029453,12.362842,0,0,0,0,0,0,13.087364000000001,0,0,0,0,0,0,0,0,0,9.91864,0,0,0,20.104757,0,0,0,0,0,12.191561,49981.984,0,0,0,0,14.905899,0,19.280422,0,23.85532,0,0,0,0,19.709932,0,0,0,0,0,0,0,0,0,0,0,0,0,0,0,0,0,0,0,0,0,0,0,0,15.613996,0,0,0,0,0,0,9.046075,0,0,0,0,16.174198,0,28.08473,0,0,0,0,0,14.049688,0,0,0,0,0,NA
41334,1033.7414818229963,8.866897,area,NA,NA,NA,258,NA,,NA,NA,,NA,0,0,0,0,20.337778,14510.564,9.932304,0,0,0,0,0,0,0,0,0,0,0,0,0,0,0,0,0,0,0,0,0,0,0,0,0,0,0,0,0,0,0,0,0,0,0,0,0,0,0,0,0,0,0,14.920727,0,0,0,0,0,0,0,0,0,0,0,0,0,0,0,0,0,0,0,0,0,39.2045,0,0,0,0,0,0,0,77.892334,0,0,117.48718,0,0,0,0,0,0,0,0,0,0,0,0,7602.7144,0,0,0,0,0,0,0,0,0,0,12.0396805,0,0,1119665.6,0,0,0,2762.458,0,0,0,0,0,0,0,0,0,1657673.4,708292.1,0,0,0,0,0,0,0,0,0,0,0,0,0,0,0,0,0,0,0,0,0,0,0,NA
31797,1041.6596284405464,5.5493727,area,NA,NA,NA,NA,NA,,NA,NA,,NA,0,10.5919285,0,18.838911,13.723626,8.900402,0,16.958122,21.921093,0,0,0,17.805552,0,0,0,0,26.160465,0,0,0,0,0,0,0,12.42307,9.644693,0,0,0,0,55.2613,0,13.404461,0,0,14.683027,17.569931,15.637924,0,27.800516,0,22.890263,11.737783,0,0,0,0,0,0,0,0,0,0,0,14.265243,0,25.61072,9.701517,0,0,0,0,0,0,0,0,0,0,0,30.730572,0,0,0,17.956642,0,9.751167,0,27.710459,0,0,0,0,0,12.511671,13.520605,14.892374,13.181033,0,0,0,0,26.086931,0,0,16.447613,0,14.491405,0,0,14.337416,10.822689,0,0,0,0,0,0,0,0,0,0,0,29.999693,0,0,0,0,0,0,16.149769,26.105684,0,0,0,1380502.2,0,0,0,21.50512,17.905302,0,0,0,0,0,0,0,48.988132,33.00656,0,19.133095,0,0,0,0,0,0,0,NA
34099,1041.7100897036066,6.771616,area,NA,NA,NA,NA,NA,,NA,NA,,NA,13.1377735,10.3098755,0,0,0,0,0,0,0,0,0,0,0,11.551155,13.433612,27.091732,0,17.729708,0,0,12.051861,0,0,0,0,14.615163,0,0,0,0,16.412487,0,18.120506,0,18.740559,13.523064,14.159985,0,0,9.565901,0,0,20.51953,0,0,23.2607,10.212486,0,0,0,0,0,0,0,0,0,31.805588,0,0,14.567297,14.331133,0,12.650484,0,14.360304,13.323058,0,0,0,15.331615,0,10.177622,0,0,8.901462,0,0,0,0,0,0,14.233818,0,0,21.002754,0,0,0,0,14.6999655,0,0,0,0,0,17.052994,0,0,9.708319,0,20.716913,0,0,16.483534,0,0,10.270807,12.367288,0,18.162666,0,0,12.270977,0,0,38.39929,0,10.761137,13.938169,0,0,0,12.610397,0,0,34401.22,0,15.916826,9.927446,0,31.706825,0,0,0,0,0,17.197012,0,26.613804,0,0,0,17.664879,0,10.888924,0,14.806121,21.109037,0,NA
34759,1041.7102769169178,7.142222,area,NA,NA,NA,NA,NA,,NA,NA,,NA,22.466595,10.31929,10.558292,0,0,0,0,16.649101,12.783483500000001,0,0,0,0,0,0,0,0,42.496216,16.061619,15.952404,0,13.168105,0,0,0,0,13.68755,0,0,0,0,0,0,0,14.330416,0,0,0,8.884858,0,11.668823,10.0880575,9.759533,0,0,0,0,0,0,0,0,18.049454,0,0,0,16.388775,0,14.506962,21.143757,0,20.268353,0,0,0,7.5647564,0,27.003647,0,0,11.515304,12.373203,0,0,0,18.499403,9.425615,0,0,0,0,0,14.309128,0,0,0,19.640589,0,10.455952,14.570185,0,0,0,10.019395,0,0,0,0,19.31398,0,0,0,0,15.882386,0,0,0,0,7.8756886,0,0,746051.25,12.865632,31.21468,0,0,0,0,0,0,0,0,0,0,0,0,0,0,0,0,16.428017,13.241688,14.500504,0,14.869158,9.413365,0,0,0,0,9.949691,0,0,0,0,0,0,0,0,0,NA
36150,1043.6778972770446,7.8753495,area,NA,NA,NA,NA,NA,,NA,NA,,NA,12.135605,0,15.119971,0,0,0,0,0,0,26.86834,0,0,0,0,28.229116,12.859203,0,10.3385,0,35.81613,0,12.735687,23.231659,15.481398,9.984314,0,10.510729,0,0,34.236465,0,0,0,0,36.457466,0,19.280449,0,20.099129,0,0,0,13.207193,0,22.538246,13.862626,0,48.323112,0,14.135393,19.219038,0,0,14.127794,11.997686,24.284582,27.991405,0,0,0,8.585115,0,0,0,17.716423,20.76261,9.442856,17.220692,12.972685,17.67754,0,25.334946,0,10.4033,19.404913,0,0,0,0,9.730825,0,22.000025,0,0,0,0,12.943441,11.514572,9.673709,0,12.593576,0,0,14.480435,0,0,0,0,15.528194,0,14.091795,0,0,0,15.995153,0,0,0,0,0,135319.52,20.50037,0,0,0,0,0,0,0,0,26.109379,0,0,0,0,0,0,0,11.43778,0,16.721039,0,0,13.019541,0,0,11.400951,0,0,0,0,0,9.92444,0,54.37572,0,0,0,18.177479,NA
36975,1043.750587483521,8.287563,area,NA,NA,NA,NA,NA,,NA,NA,,NA,0,0,29.959482,29.64252,17.427485,0,8.887811,30.455688,0,18.411505,0,0,0,0,19.328365,0,10.880556,0,21.680698,0,0,12.270754,0,21.97568,12.998746,0,19.33068,0,29.62698,28.665806,0,0,0,0,0,12.760511,29.908379,43.961853,25.359789,0,22.63655,0,10.425471,28.488665,13.493774,20.753017,0,0,28.863415,17.668486,9.629715,0,19.314457,13.120133,29.685295,0,22.307146,13.132561,9.360199,0,17.245663,0,14.153598,16.431522,9.102369,19.259628,21.004097,32.058823,0,15.425037,19.20097,31.56881,114.21446,11.5136,31.678612,13.247817,0,0,0,0,0,0,17.11184,44.859985,0,0,0,0,0,0,0,19.458305,0,0,0,34.148895,0,12.901817,20.679436,42.0117,23.831629,0,0,0,12.803637,0,19.075802,0,10.686087,24.60699,0,0,0,0,0,20.323408,0,18.782814,0,18.889591,14.3275795,0,0,0,356381.44,0,0,0,13.349283,19.874706,0,0,11.135269,64.247185,11.943844,18.151672,0,0,33.072456,0,42.94754,22.698538,0,30.959095,0,8.9299,0,78.06813,0,NA
30158,1045.6678457351886,4.7831907,area,NA,NA,NA,NA,NA,,NA,NA,,NA,0,10.286952,0,0,0,0,0,0,0,27.588995,0,0,0,0,17.430487,0,17.871044,0,14.409251,0,14.269991,0,0,0,0,0,0,0,0,15.476133,9.387053,28.258297,0,14.682404,0,0,0,0,0,0,19.811255,0,0,13.175198,0,0,0,0,18.38099,0,0,0,0,26.34367,0,0,0,0,0,0,0,0,0,24.915005,0,0,0,0,0,0,0,0,0,0,0,0,34.770405,0,0,0,82.93031,0,0,0,0,0,0,0,0,0,0,0,0,0,28.576313,0,23.584728,10.602309,0,0,10.071369,0,0,0,0,15.685959,0,0,9.159474,0,0,0,0,0,0,0,0,0,0,0,12.5332,0,0,0,0,40049.75,0,14.596512,0,0,0,0,0,0,0,0,0,0,26.569733,13.195311,0,0,0,0,0,0,0,35.80397,0,NA
35428,1065.6587034643917,7.53589,area,NA,NA,NA,NA,NA,,NA,NA,,NA,0,0,14.3579645,0,8.152745,0,0,28.802172,0,25.811596,0,0,0,0,11.497158,0,11.451097,12.398689,0,0,12.120729,0,25.226883,0,14.939905,0,22.30339,0,0,0,0,0,0,0,14.357906,0,0,14.72492,43.02478,0,0,0,0,0,8.572149,11.990612,14.133278,0,17.707884,0,10.245085,0,0,13.801437,11.82218,15.362452,20.096516,21.256874,0,0,11.051855,0,11.501901,0,0,21.563263,27.637497,0,0,20.91286,0,0,0,0,18.6893,15.359333,10.268387,0,11.469868,18.425999,0,28.776432,0,0,14.284117,0,0,0,19.237259,18.341923,10.3697815,0,0,11.965633,0,0,0,0,15.438004,0,19.846622,0,11.26803,0,9.981303,12.914072,11.11507,0,0,0,0,0,0,18.13036,0,0,11.843674,0,0,0,0,0,0,0,0,74955.28,0,10.997805,0,0,0,0,0,0,0,0,15.544659,0,0,0,0,0,11.133337,0,42.206062,10.103926,14.003874,0,0,NA
36152,1065.6591703489385,7.8540993,area,NA,NA,NA,NA,NA,,NA,NA,,NA,9.377185,0,0,0,9.678635,0,0,20.751595,0,0,21.22995,0,0,0,9.633568,9.531173,0,0,0,0,37.29122,0,0,0,10.140846,0,0,0,0,0,17.175926,0,30.21067,24.17144,0,0,0,14.497853,0,0,0,15.56961,0,0,0,9.194152,0,0,16.322155,33.880737,22.247723,0,0,20.000889,0,0,0,17.607746,14.18516,0,10.499191,10.531481,0,0,10.556828,0,0,0,15.825914,0,0,15.8070965,0,11.218452,0,0,0,0,0,0,0,11.94446,0,0,12.893423,0,0,11.488723,0,13.488035,0,0,0,61.76442,0,0,0,9.876075,0,19.331455,14.40184,0,20.295609,36.91993,26.828087,36.104156,0,0,14.344709,24.91632,453941.6,0,0,0,0,12.024429,0,40.643723,0,0,17.249256,0,0,11.523758,0,0,0,0,15.421833,21.14589,0,0,0,0,37.948498,14.106545,0,14.3093,0,0,0,0,0,11.947746,0,0,0,0,0,NA
30437,1073.70074489619,4.9352736,area,NA,NA,NA,NA,NA,,NA,NA,,NA,0,0,0,23.97332,0,10.4522705,0,0,0,0,10.462443,0,22.591135,0,0,0,0,0,0,0,0,0,0,0,7.8591027,0,0,0,0,0,16.233727,0,0,0,33.43795,11.441462,0,0,0,17.824965,8.864561,0,0,0,0,0,0,16.654976,0,0,0,0,0,8.734191,17.062244,0,23.663525,0,0,0,0,0,0,25.75758,0,0,0,0,0,0,0,0,0,0,0,0,0,0,0,0,0,8.635233,0,0,0,0,0,26.5799,0,0,0,0,0,0,0,0,0,0,18.7255,0,0,0,0,0,0,0,0,0,0,16.4137,0,13.696909,0,0,0,0,0,0,0,0,0,0,17.707148,0,14.566479,95224.24,25.284721,0,0,0,21.30959,0,79.15217,0,0,0,0,20.118439,0,0,19.225697,0,0,0,0,0,33.754246,0,0,NA
32168,1097.794751244429,5.71573,area,NA,NA,NA,NA,NA,,NA,NA,,NA,0,14.943899,0,0,0,25.611835,20.880264,0,0,0,0,0,0,11.517481,0,0,0,19.58422,0,0,0,0,16.229675,16.500332,0,0,0,0,0,0,9.159543,0,14.562866,0,0,0,0,0,13.021013,29.507046,0,0,0,27.746567,0,0,0,14.773699,0,0,0,0,0,25.788239,0,14.53503,0,0,0,0,0,0,0,0,0,0,16.534786,0,29.323456,0,0,0,0,0,0,16.611534,0,0,0,15.048109,0,0,8.352623,0,0,14.806362,0,0,0,0,0,0,0,0,0,0,0,0,0,0,0,0,0,0,0,0,0,0,0,23.284203,160100.7,21.719067,0,0,0,0,25.145664,0,0,0,0,0,0,0,0,0,0,0,0,14.410724,0,0,0,25.984192,23.639189,0,0,0,0,0,0,0,0,0,0,0,0,34.69763,0,NA
38471,1111.7184203504696,8.532899,area,NA,NA,NA,302,3056,[M+H]+,NA,1,38527,1110.71126,0,0,28.633415,0,0,0,0,0,0,0,0,19733.824,0,0,38.863712,0,0,0,0,0,0,0,0,0,15.694532,11.969603,0,0,0,0,0,0,17.49573,0,0,0,0,0,0,0,0,0,0,0,14.519714,0,0,27.371952,0,78.54574,0,0,0,0,11.297182,0,0,0,0,0,0,0,0,0,0,22.280338,0,0,0,0,0,0,0,0,0,0,0,0,0,0,0,0,0,0,0,0,0,0,0,0,0,0,0,0,0,0,0,0,0,0,0,0,0,0,13.7916565,0,0,0,0,0,2405332.2,0,0,0,0,0,0,0,0,0,0,0,0,0,0,268803.2,0,0,0,0,0,255.10448,0,0,0,0,0,0,0,0,0,0,0,0,0,0,0,0,0,NA
38527,1133.7005883137797,8.548784,area,NA,NA,NA,302,3056,[M+Na]+,NA,2,38527;38471,1110.71126,0,0,0,15.817478,0,0,0,0,0,0,0,31933.969,537.11865,0,0,0,0,0,0,0,0,0,0,0,0,0,0,0,0,0,0,0,0,0,0,0,0,0,0,0,0,0,0,0,16.364067,0,0,24.415522,0,0,0,24.940672,0,12.765465,11.873197,0,0,0,11.555995,0,29.936192,0,0,0,0,0,0,0,0,490.06488,0,0,0,0,0,0,0,0,0,0,0,0,0,0,30.334671,0,0,0,0,0,0,0,0,0,0,0,0,0,0,0,24.50323,0,0,0,0,64.42627,0,11.822861,0,0,932431.75,0,0,0,0,0,0,0,0,0,0,0,0,0,0,716704.8,0,0,0,0,0,0,0,0,0,0,0,0,0,0,0,0,0,0,0,0,0,0,0,NA
25627,1242.5856776050366,3.2751408,area,NA,NA,NA,222,2142,[M+NH4]+,NA,2,25627;25735,1224.55087,0,0,16.143284,0,0,0,0,0,72.31236,0,0,24.413734,364.8282,1640.9884,9.311422,0,61542.82,45.070515,55.333862,3017.311,21570.29,0,316.9697,291.99725,0,0,10.732658,21152.686,0,0,0,10799.554,0,103.044426,977.78217,183.53162,0,39815.688,0,0,0,0,0,133.354,0,0,73521.24,15.956747,0,226.87137,13.565641,0,858.3708,0,0,77.33716,127.28711,0,0,133751.83,0,0,31297.213,0,0,22.553268,183.0213,0,992.1883,0,9952.187,0,0,0,0,29.526386,0,27084.576,315.39474,881.623,0,0,0,0,0,0,333.7651,0,20.924644,0,101.381805,809.4172,530.80707,23246.52,64550.812,125.045845,17.525719,0,646.0594,0,0,11734.562,38419.188,318.19104,0,38062.438,36.1696,0,0,292.74774,0,6106.9526,509.50806,70.2455,0,0,208.37119,16.60254,0,0,1258.3347,36407.67,63.72962,552.162,0,0,55.169056,407.71927,0,5653.551,21.395218,14537.307,263.90228,142.55765,0,0,0,18205.549,2675.2988,1767.9135,96250.21,317.03458,0,0,0,0,38885.695,0,60355.25,NA
