cluster index	parent mass	RTMean	component	#Scan#	Compound_Name
69	185.02337939575017	0.3882833	180	69.0	Suspect related to 23 (predicted molecular formula SIRIUS: C3H8NO2PS2 / BUDDY: C5H3N3OS2) with delta m/z -22.059 (putative explanation: unspecified; atomic difference: unspecified) [M+H]+
31	216.15860118109333	0.3914097	-1	31.0	Lys-C5:0 minus a CH2
79	167.0129188757491	0.39158285	180	79.0	(S)-(-)-Perillic acid CollisionEnergy:205060
78	323.6798382293966	0.393825	-1		
110	343.18298063235954	0.39495403	-1		
99	280.9933485295439	0.39524168	180		
123	257.97722035959424	0.39529133	180		
108	239.1558703899488	0.395486	-1		
147	212.12459542108635	0.39580315	1189		
120	265.015809839495	0.39624745	180	120.0	Suspect related to Lithospermic acid (predicted molecular formula SIRIUS: unknown / BUDDY: C17H22N2O12P2) with delta m/z -30.047 (putative explanation: nan (reverse); atomic difference: -2C,-6H) [M-C10H12O7+H]+
93	532.3101442894234	0.39630955	-1		
149	266.6583201516557	0.3964042	1070		
157	169.04597842245647	0.39643785	20		
101	207.1110859267777	0.396548	1085		
106	412.2313875722052	0.39656395	98		
137	218.9837518017264	0.39670712	180		
109	239.9666758362288	0.39685822	180		
133	241.99971028656807	0.396992	180		
100	341.1503881716677	0.3971534	-1		
160	171.09826232115793	0.39784017	1189		
129	231.1397236045076	0.3981522	619		
145	187.0756647846981	0.3982155	180		
175	275.20807776124127	0.3982394	131	175.0	Suspect related to Tyr-Lys (predicted molecular formula SIRIUS: C11H21N3O5 / BUDDY: C11H21N3O5) with delta m/z -34.021 (putative explanation: Tyr->Glu substitution; atomic difference: -4C,-2H,1O) [M+H]+
81	267.1592693591686	0.39847466	1070		
29	305.1488245055606	0.39857072	-1		
177	151.03552662105582	0.39877072	-1		
166	265.1759993639747	0.39906284	180		
170	206.6190304137949	0.40068206	1085		
199	284.1720078550324	0.40090385	98	199.0	Suspect related to Spectral Match to His-Val from NIST14 (predicted molecular formula SIRIUS: C11H17N5O4 / BUDDY: C11H17N5O4) with delta m/z 28.991 (putative explanation: Val->Gln substitution|nitrosylation; atomic difference: -1H,1N,1O|-1H,1N,1O) [M+H]+
192	239.08544954132336	0.40110216	-1		
107	188.6315813086601	0.40119714	-1		
139	152.11085436859037	0.4020092	-1		
281	215.0879355288388	0.40341467	-1		
180	308.2181922625869	0.40355295	-1		
131	217.2024856103725	0.40511474	531		
325	234.14501076800912	0.40664157	131	325.0	Suspect related to Gly-Lys (predicted molecular formula SIRIUS: C9H19N3O4 / BUDDY: C9H19N3O4) with delta m/z 30.011 (putative explanation: Ala->Thr substitution|Gly->Ser substitution|desmethylation + reduction of sulfoxide|formaldehyde induced modifications|hydroxymethyl; atomic difference: 1C,2H,1O|1C,2H,1O|1C,2H,1O|1C,2H,1O|1C,2H,1O) [M+H]+
323	261.1559873615176	0.40695557	-1	323.0	HMDB:HMDB04987-2424 Alpha-Aspartyl-lysine
362	306.1539699997694	0.4082238	-1		
154	203.1870047867992	0.40831915	1090	154.0	SPERMINE
337	204.13454826730944	0.40960047	131	337.0	Suspect related to Spectral Match to Lys-Val from NIST14 (predicted molecular formula SIRIUS: C9H18N2O3 / BUDDY: C9H18N2O3) with delta m/z -43.042 (putative explanation: Carboxyl modification with ethanolamine (reverse)|nan (reverse); atomic difference: -2C,-5H,-1N|-2C,-5H,-1N) [M+H]+
338	297.1901628111471	0.41068977	-1		
347	218.18650938191823	0.41204023	1090	347.0	Suspect related to SPERMINE (predicted molecular formula SIRIUS: C11H25N3O / BUDDY: C11H25N3O) with delta m/z 12.985 (putative explanation: unspecified; atomic difference: unspecified) [M+H]+
351	204.95727723918057	0.41254398	586		
364	272.9445363493419	0.4137936	-1		
346	303.2143174223038	0.41738573	121	346.0	Suspect related to Ser-Arg (predicted molecular formula SIRIUS: C11H21N5O5 / BUDDY: C11H21N5O5) with delta m/z 42.01 (putative explanation: Acetylation|Ser->Glu substitution|unspecified; atomic difference: 2C,2H,1O|2C,2H,1O|3N) [M+H]+
402	327.0517201760925	0.41860056	531		
403	259.06434430123085	0.41894597	531		
442	345.1486796069961	0.41947266	-1		
444	362.92659105989065	0.42006376	531		
446	164.920788078657	0.42014194	953		
437	155.0793130847155	0.4207695	-1		
200	246.22873406671047	0.42102116	1090	200.0	N1-Acetylspermine - 40.0 eV
438	169.09497869840934	0.42148226	20		
407	359.1644332982572	0.42155933	-1		
452	294.93917262706185	0.42159098	531		
443	177.0612363140952	0.42199126	110		
345	231.2181942573364	0.4221248	619	345.0	spermidine-C5:0
441	337.1833906515531	0.42212948	-1		
455	226.951640652664	0.42308062	425	455.0	CARNOSINE
448	191.0769125340486	0.42348096	110		
468	242.9256249175179	0.42525595	425		
465	158.96430973960912	0.4256977	586		
21	380.23531376976274	0.42670777	-1		
470	207.05086501672176	0.42680588	531		
511	164.93025304946156	0.43081978	953		
521	352.8977411474358	0.43086594	531		
266	157.08124341360178	0.43138236	-1		
463	203.22332889583527	0.43226624	1090	463.0	Massbank:KO003978 Spermine|N,N'-Bis(3-aminopropyl)-1,4-butanediamine
507	200.04089678168992	0.4323875	507		
549	284.91029806107315	0.43251783	531		
530	249.03545486367105	0.43337983	-1		
397	218.15018234783133	0.43357703	131	397.0	Suspect related to Gly-Lys (predicted molecular formula SIRIUS: C9H19N3O3 / BUDDY: C9H19N3O3) with delta m/z 14.016 (putative explanation: Asn->Gln substitution|Asp->Glu substitution|Gly->Ala substitution|Methylation|Ser->Thr substitution|Val->Leu/Ile substitution|chain elongation; atomic difference: 1C,2H|1C,2H|1C,2H|1C,2H|1C,2H|1C,2H|1C,2H) [M+H]+
557	218.9198881637	0.4350176	477	557.0	CAFFEINE
546	216.922922349456	0.43539152	531		
542	219.08302531555847	0.4368044	477		
584	260.1241832715562	0.43690237	586		
548	213.2075508256096	0.4379708	1090		
564	178.0588206313106	0.43806112	1243		
566	232.8968707174726	0.43824878	531		
580	274.88150490232067	0.43873256	531		
505	245.2337401175461	0.43873563	586		
552	189.1600616932289	0.43966937	1171	552.0	N8-Acetylspermidine - 40.0 eV
570	197.1012384858532	0.4398668	-1	570.0	L-arginine CollisionEnergy:102040
508	400.267094338948	0.4399773	-1		
58	426.222884570858	0.44069502	-1		
572	213.07501026580684	0.44182986	-1		
596	206.8941204056336	0.44195738	531		
671	296.0660299441699	0.44346496	-1		
567	249.09593929623588	0.44361705	-1		
525	171.1493643069593	0.44643167	1171		
517	248.1605391393136	0.44718134	-1	517.0	Suspect related to Glu-Met (predicted molecular formula SIRIUS: C10H18N2O5 / BUDDY: C10H18N2O5) with delta m/z -31.972 (putative explanation: Cys->Ala substitution|Met->Val substitution; atomic difference: -1S|-1S) [M+H]+
656	177.0247790015283	0.4478612	-1		
581	156.14978467512617	0.44788346	98		
2258	188.17601263852723	0.4493766	1171	2258.0	Spectral Match to N8-Acetylspermidine from NIST14
724	305.2549729439483	0.45384908	110		
728	219.0266967311956	0.45397538	-1		
636	210.1579767933327	0.45475426	-1		
708	164.0295597908892	0.45480806	-1		
716	203.05287394860483	0.45577237	-1		
722	292.198080189984	0.45659068	110		
705	271.96507984146217	0.4570343	-1		
711	214.0064895734901	0.45771822	453		
723	207.9985455469124	0.45891616	-1		
732	175.11919545784733	0.45960736	102	732.0	Spectral Match to Gly-Val from NIST14
734	192.0245608090144	0.4605146	1243		
726	220.06721561399544	0.46076462	-1		
730	210.01723858068183	0.4607965	-1		
748	156.04234681876147	0.46289197	98		
764	221.1861921764874	0.46396875	32		
762	257.1473946847472	0.46463934	-1		
763	227.1139711065731	0.46473923	896		
749	188.0354073510049	0.46501657	-1		
756	170.04257045528217	0.46591473	421		
766	303.1780375569853	0.4671227	-1		
776	198.0856611746396	0.46918195	-1		
768	365.1056577135398	0.46953198	184		
826	253.12846477682143	0.46961865	98	826.0	Spectral Match to His-Pro from NIST14
631	203.1506269508285	0.47061282	-1		
837	191.1504609246281	0.47109753	110		
828	279.1914087452042	0.4712722	-1		
815	216.1344654435877	0.47332302	-1		
825	214.0591125075021	0.47391596	-1		
780	162.1126832197212	0.47425437	347	780.0	Massbank:KO002558 Carnitine|3-Carboxy-2-hydroxy-N,N,N-trimethyl-1-propanaminium hydroxide, inner|Vitamin BT|L-gamma-Trimethyl-beta-hydroxybutyrobetaine|Levocarnitine|L-Carnitine|(R)-Carnitine
816	160.03472338939457	0.4747386	873		
794	199.1318307063509	0.47558603	-1		
842	244.16561659720327	0.4756676	1391	842.0	Suspect related to Tyr-Lys (predicted molecular formula SIRIUS: C10H19N3O4 / BUDDY: C10H19N3O4) with delta m/z -64.031 (putative explanation: nan (reverse); atomic difference: -5C,-4H) [M+H]+
863	315.2027245018431	0.47578314	248	863.0	Suspect related to Spectral Match to Phe-Pro-Lys from NIST14 (predicted molecular formula SIRIUS: unknown / BUDDY: unknown) with delta m/z -76.031 (putative explanation: Dephenylation, didealkynelatoin|Phe->Ala substitution|Tyr->Ser substitution; atomic difference: -6C,-4H|-6C,-4H|-6C,-4H) [M+H]+
855	333.1771711082606	0.47612017	-1		
852	156.07701809578248	0.476363	98		
820	316.187873898559	0.4764406	-1		
928	249.1080566070343	0.47682968	110		
846	225.0983191783673	0.47714654	-1		
870	280.0911200613971	0.47757107	-1		
821	408.2223022465389	0.47762653	-1		
856	252.10913949800167	0.47882408	-1		
859	193.62391808918315	0.4792521	-1		
880	304.1627479376049	0.47949967	-1		
849	227.1253545649156	0.47971657	896		
861	272.1721737305204	0.48032793	-1		
1681	329.1945039825787	0.48034343	-1		
868	259.1708590688068	0.4814209	-1	868.0	Suspect related to Leu-Lys (predicted molecular formula SIRIUS: C9H14N3O6 / BUDDY: C12H12N4O3) with delta m/z 0.9 (putative explanation: unspecified; atomic difference: unspecified) [M+H]+
893	263.19628246578947	0.48153132	741		
886	231.6227535806605	0.48236835	110		
897	358.12203016002746	0.4828174	-1		
1633	209.103448412721	0.4838175	2	1633.0	Suspect related to His-Pro (predicted molecular formula SIRIUS: C9H14N4O3 / BUDDY: C9H14N4O3) with delta m/z -26.015 (putative explanation: Alkyl loss (typically partial loss from ring)|Pro->Ala substitution; atomic difference: -2C,-2H|-2C,-2H) [M-H2O+H]+
929	249.15571355554115	0.48419195	110	929.0	Suspect related to Spectral Match to Pantothenic acid from NIST14 (predicted molecular formula SIRIUS: C11H21NO5 / BUDDY: C11H21NO5) with delta m/z 28.031 (putative explanation: Acetaldehyde +28|Ala->Val substitution|Cys->Met substitution|Ethylation|di-Methylation; atomic difference: 2C,4H|2C,4H|2C,4H|2C,4H|2C,4H) [M+H]+
905	386.2399536340527	0.48488766	112		
1631	162.0503759828124	0.4857562	-1		
920	298.10117577338787	0.48578843	-1		
927	238.0800364631844	0.48585114	-1		
1695	214.1299204777126	0.48677307	453		
934	285.1672185347807	0.4868843	-1		
967	246.1812729847112	0.48698837	131	967.0	Suspect related to Spectral Match to Ile-Ile-Lys from NIST14 (predicted molecular formula SIRIUS: unknown / BUDDY: unknown) with delta m/z 59.037 (putative explanation: unspecified|Propionate labeling reagent heavy form (+3amu), N-term & K|unspecified; atomic difference: 2C,5H,1N,1O|3C[13],4H,1O|3H,4N) [M+2H]2+
836	243.10898324845783	0.4872828	425		
966	573.2139191456616	0.48760048	-1		
908	517.3350624070662	0.48760635	-1		
910	462.2395139786472	0.48840666	51		
958	274.18769645276564	0.48842975	121	958.0	Arg-C6:0
973	244.1293470920297	0.48861545	1391		
1000	270.1197507175784	0.48932707	-1		
949	341.1431917559496	0.4895596	-1		
1010	430.24101364286827	0.48962298	-1		
986	231.145269905211	0.48978153	110		
1031	223.6252074550082	0.4906912	475		
1006	243.15782941774123	0.4911421	-1	1006.0	Putative Lys-C6:0
1039	286.15125976866136	0.49143675	772	1039.0	Suspect related to PyroGlu-Pro-Arg (predicted molecular formula SIRIUS: unknown / BUDDY: unknown) with delta m/z -97.053 (putative explanation: unspecified; atomic difference: unspecified) [M+H]+
1001	493.2745819460196	0.4918168	-1		
1085	257.1011084527745	0.49215382	-1		
1732	200.1395722209091	0.4929495	169		
1740	319.1613566825446	0.4930243	964		
1112	345.2246639764007	0.49356687	-1		
1071	373.1715411311204	0.49387312	-1		
1058	260.196915901388	0.49426103	131	1058.0	Suspect related to Ile-Glu-Lys (predicted molecular formula SIRIUS: unknown / BUDDY: unknown) with delta m/z -128.086 (putative explanation: unspecified; atomic difference: unspecified) [M+H]+
915	289.1506387058062	0.49446523	-1		
1068	375.2230599293197	0.49471846	-1		
1101	331.1609829283826	0.49473986	-1		
1102	485.3087873442547	0.49484077	426		
1043	205.08208328971563	0.49500027	-1		
1066	187.1078476601322	0.4950579	155		
1099	239.06388118805967	0.49507686	-1		
1063	333.2130366813008	0.49512228	245		
1070	645.1980495598692	0.4955021	-1		
1704	203.1139947057752	0.49602115	121	1704.0	Suspect related to L-NG-Monomethylarginine (predicted molecular formula SIRIUS: C7H14N4O3 / BUDDY: C7H14N4O3) with delta m/z 13.979 (putative explanation: Thr->Asp substitution|Tryptophan oxidation to oxolactone|aldehyde and ketone modifications|hydroxylation difference carboxylation|proline oxidation to pyroglutamic acid|Oxidation, epoxidation; atomic difference: -2H,1O|-2H,1O|-2H,1O|-2H,1O|-2H,1O|1O,-2H) [M+H]+
1126	383.1536780009345	0.4960588	-1		
1725	267.10887168697167	0.496237	98	1725.0	Suspect related to Spectral Match to His-Ile from NIST14 (predicted molecular formula SIRIUS: C11H14N4O4 / BUDDY: C11H14N4O4) with delta m/z -2.052 (putative explanation: unspecified; atomic difference: unspecified) [M+H]+
1162	662.3188740192668	0.49627268	-1		
1737	258.14479543856635	0.49689224	282	1737.0	Suspect related to Gly-Lys (predicted molecular formula SIRIUS: C11H19N3O4 / BUDDY: C11H19N3O4) with delta m/z 54.01 (putative explanation: unspecified|Alkene fragment of DSSO crosslinker|MDA adduct +54|Methylglyoxal-derived hydroimidazolone|unspecified; atomic difference: 1C,3N|3C,2H,1O|3C,2H,1O|3C,2H,1O|3C,2H,1O) [M+H]+
1073	446.2395771380144	0.4971506	321		
1080	288.20312531490606	0.4972641	121	1080.0	Spectral Match to Ile-Arg from NIST14
1252	618.3113140372798	0.49757674	-1		
1150	512.1965053361048	0.49810186	-1		
1154	471.2930439335227	0.4984149	115	1154.0	Suspect related to Spectral Match to Pro-Pro-Lys from NIST14 (predicted molecular formula SIRIUS: C21H38N6O6 / BUDDY: C21H38N6O6) with delta m/z 130.063 (putative explanation: unspecified; atomic difference: unspecified) [M+H]+
1287	268.127108719654	0.49881083	-1		
1147	321.14075210073844	0.49930465	-1		
1107	413.12731283333846	0.5000517	-1		
1184	275.13542396734914	0.5001383	-1	1184.0	Arg-C6:0
1130	336.14022511933524	0.5004718	-1		
1110	534.2521901287832	0.5006255	-1		
1123	395.1690328084369	0.5012487	-1		
1188	525.3405164730442	0.5013917	300		
1132	160.13335176610113	0.5016776	347		
1670	263.1723157661151	0.50201064	741		
1187	599.2291929090754	0.5021881	-1		
1140	347.22826649247844	0.50221395	-1		
1208	399.1112215205031	0.50226384	-1		
1177	317.2185804334528	0.50246495	-1		
1390	529.1757529546682	0.5028378	-1		
1069	174.01395631121756	0.50304574	-1		
1164	194.0225466523493	0.50316644	92		
1216	498.1814337090418	0.503656	71		
1240	369.1742604511247	0.50422215	-1		
1209	176.10337183802594	0.50433517	1128		
1215	276.1190938111835	0.504566	-1	1215.0	Suspect related to Gly-Glu (predicted molecular formula SIRIUS: C10H17N3O6 / BUDDY: C10H17N3O6) with delta m/z 71.037 (putative explanation: unspecified|Acrylamide adduct|Gly->Gln substitution|unspecified|Sarcosine; atomic difference: 1C,3H,4N|3C,5H,1N,1O|3C,5H,1N,1O|3C,5H,1N,1O|unspecified) [M+H]+
1217	230.1864495363334	0.5049239	149		
1235	181.013037791926	0.50495636	3		
1220	219.0976426716633	0.5053787	-1		
1244	179.01716969285616	0.50599545	3		
1264	277.1030620017441	0.5068258	1049	1264.0	Suspect related to Gly-Glu (predicted molecular formula SIRIUS: C10H17N3O6 / BUDDY: C10H17N3O6) with delta m/z 71.037 (putative explanation: unspecified|Acrylamide adduct|Gly->Gln substitution|unspecified|Sarcosine; atomic difference: 1C,3H,4N|3C,5H,1N,1O|3C,5H,1N,1O|3C,5H,1N,1O|unspecified) [M+H]+
1129	178.99281903353776	0.5068488	-1		
1308	159.07655435972498	0.5071713	-1	1308.0	Spectral Match to L-Arginine from NIST14
1236	366.1646569009857	0.5073104	-1		
1250	397.2204472590643	0.5075823	60		
1260	158.0925461262238	0.5078108	293		
1281	374.23895304984825	0.50827956	158		
1312	631.2760048479732	0.50849247	71		
1301	168.06907588909377	0.50905377	3		
1652	247.1761025896189	0.50951976	689	1652.0	Suspect related to Spectral Match to Pantothenic acid from NIST14 (predicted molecular formula SIRIUS: C11H21NO5 / BUDDY: C11H21NO5) with delta m/z 28.031 (putative explanation: Acetaldehyde +28|Ala->Val substitution|Cys->Met substitution|Ethylation|di-Methylation; atomic difference: 2C,4H|2C,4H|2C,4H|2C,4H|2C,4H) [M+H]+
1282	235.1190084559418	0.50969976	2	1282.0	Suspect related to Spectral Match to His-Ile from NIST14 (predicted molecular formula SIRIUS: unknown / BUDDY: unknown) with delta m/z -15.983 (putative explanation: unspecified; atomic difference: unspecified) [M-H2O+H]+
1370	258.109011385315	0.5099274	282	1370.0	Massbank:KO003021 Glycerophosphorylcholine|Glycerophosphocholine|sn-Glycero-3-phosphocholine
1338	644.3061356899901	0.5099676	-1		
1283	189.123492187555	0.5101963	-1	1283.0	Suspect related to Spectral Match to Glu-Val from NIST14 (predicted molecular formula SIRIUS: C8H16N2O3 / BUDDY: C8H16N2O3) with delta m/z -58.006 (putative explanation: Asp->Gly substitution|Enzymatic glycine removal leaving an amidated C-terminus|Glu->Ala substitution|Hydrolysis, loss of acetic acid, loss of methylester; atomic difference: -2C,-2H,-2O|-2C,-2H,-2O|-2C,-2H,-2O|-2C,-2H,-2O) [M+H]+
1324	490.2139434527736	0.510218	-1		
1322	175.10795208695342	0.5103673	976	1322.0	Massbank:PB000419 Arginine|2-amino-5-(diaminomethylideneamino)pentanoic acid
1227	623.2151012935706	0.51059693	-1		
1359	366.213596447879	0.5110132	98		
1345	389.2392416863804	0.5111589	521	1345.0	Suspect related to Phe-Ala-Lys (predicted molecular formula SIRIUS: C17H34N4O4S / BUDDY: C25H30N2O2) with delta m/z 26.016 (putative explanation: Acetaldehyde +26|Ala->Pro substitution|unspecified; atomic difference: 2C,2H|2C,2H|2C,2H) [M+H]+
1316	361.1716369202006	0.511292	925		
1374	269.16084221833376	0.51150495	98	1374.0	Suspect related to Spectral Match to His-Ile from NIST14 (predicted molecular formula SIRIUS: unknown / BUDDY: unknown) with delta m/z 18.01 (putative explanation: Proline oxidation to 5-hydroxy-2-aminovaleric acid|water; atomic difference: 2H,1O|2H,1O) [M-H2O+H]+
1378	352.19795945397993	0.5115372	-1		
1271	344.181125533622	0.51159275	-1		
1325	233.11339045027628	0.5117142	-1		
1853	284.12173558394085	0.5119417	-1		
1356	262.10339606789114	0.5119854	-1		
1342	226.15502655111115	0.5121386	169	1342.0	Suspect related to Spectral Match to PyroGlu-Pro from NIST14 (predicted molecular formula SIRIUS: C11H19N3O2 / BUDDY: C11H19N3O2) with delta m/z -0.947 (putative explanation: Glu->Lys substitution; atomic difference: 1C,5H,1N,-2O) [M+H]+
1307	343.1973663221004	0.5123389	-1		
1315	281.07468687472806	0.5123922	421		
1339	259.12898955293304	0.51271415	-1		
1391	194.0847240784766	0.51275104	-1		
1536	411.221623094381	0.51277125	-1		
1383	166.05330884173878	0.5129308	193	1383.0	L-methionine sulfoxide
1347	246.14474315677475	0.5134079	131	1347.0	Suspect related to Spectral Match to Leu-Glu from NIST14 (predicted molecular formula SIRIUS: C12H24N2O3 / BUDDY: C12H24N2O3) with delta m/z -15.96 (putative explanation: Asp->Val substitution|Glu->Leu/Ile substitution; atomic difference: 1C,4H,-2O|1C,4H,-2O) [M+H]+
1333	262.1394175648475	0.5137704	28		
1400	219.13408385549488	0.51392716	853	1400.0	Suspect related to Spectral Match to Val-Ile from NIST14 (predicted molecular formula SIRIUS: C9H18N2O4 / BUDDY: C9H18N2O4) with delta m/z -12.036 (putative explanation: Leu/Ile->Thr substitution|Val->Ser substitution|Dealkylation+hydroxylation; atomic difference: -2C,-4H,1O|-2C,-4H,1O|2C,4H,-1O) [M+H]+
1373	577.2465270755653	0.514861	139		
1371	334.16083916643856	0.51506996	-1		
1509	561.2518277796684	0.51529956	-1		
1327	188.091877282516	0.5155801	-1		
1392	347.19261854116763	0.5156543	426		
1398	375.18684641010793	0.51665866	-1		
1388	476.1991551013626	0.5166487	104		
1408	230.1134886826356	0.51735634	-1		
1367	507.193130473487	0.51753837	-1		
1414	235.1652270939628	0.5176961	2	1414.0	Suspect related to Spectral Match to His-Ile from NIST14 (predicted molecular formula SIRIUS: unknown / BUDDY: unknown) with delta m/z -15.983 (putative explanation: unspecified; atomic difference: unspecified) [M-H2O+H]+
1318	487.1470837340802	0.51827604	-1		
1385	247.12890468276825	0.5184117	689	1385.0	Suspect related to Spectral Match to Val-Ile from NIST14 (predicted molecular formula SIRIUS: C8H16N5O4 / BUDDY: C10H18N2O5) with delta m/z 15.958 (putative explanation: Leu/Ile->Glu substitution|Val->Asp substitution|Demethylation+carboxylation; atomic difference: -1C,-4H,2O|-1C,-4H,2O|2O,-1C,-4H) [M+H]+
1481	362.1553910718228	0.51905006	-1		
1442	348.1764506400837	0.5204531	-1		
1452	229.15489705866133	0.5208039	800		
1488	260.1605841782305	0.5208034	131	1488.0	Suspect related to Spectral Match to Leu-Ile from NIST14 (predicted molecular formula SIRIUS: C11H21N3O4 / BUDDY: C11H21N3O4) with delta m/z 14.981 (putative explanation: unspecified; atomic difference: unspecified) [M+H]+
1449	196.1003179017221	0.5209334	102		
1443	182.08128601784867	0.52117914	208	1443.0	Spectral Match to L-Tyrosine from NIST14
1459	165.05472697000496	0.5215394	443		
1472	371.2401952303626	0.52153367	110		
1455	254.1609136785564	0.5215906	453		
1475	414.1282827364876	0.5219819	69		
1416	376.1712583831536	0.5221301	-1		
1571	360.1398504942708	0.5226823	-1		
1678	216.0978795260556	0.5230113	-1		
1514	233.14970766900447	0.5233763	-1	1514.0	Suspect related to Spectral Match to Leu-Val from NIST14 (predicted molecular formula SIRIUS: C10H20N2O4 / BUDDY: C10H20N2O4) with delta m/z 1.979 (putative explanation: Val->Thr substitution|Demethylation+hydroxylation (on same or differing sites); atomic difference: -1C,-2H,1O|1O,-1C,-2H) [M+H]+
1480	465.1652088232474	0.52438563	209		
1499	284.09944717223857	0.5244041	-1		
2124	245.1133602616688	0.52452487	228	2124.0	Suspect related to Glu-Ile (predicted molecular formula SIRIUS: C8H10N3O6 / BUDDY: C14H12O2S) with delta m/z -16.083 (putative explanation: unspecified; atomic difference: unspecified) [M+H]+
1521	236.12278135233936	0.5248774	2	1521.0	Suspect related to Spectral Match to His-Ile from NIST14 (predicted molecular formula SIRIUS: unknown / BUDDY: unknown) with delta m/z -15.983 (putative explanation: unspecified; atomic difference: unspecified) [M-H2O+H]+
1456	260.09586967182577	0.5276192	208		
1522	176.06606840835107	0.5278375	1128		
1501	261.14436123160493	0.5287302	1351	1501.0	Suspect related to Spectral Match to Leu-Leu from NIST14 (predicted molecular formula SIRIUS: C11H20N2O5 / BUDDY: C11H20N2O5) with delta m/z 15.958 (putative explanation: Leu/Ile->Glu substitution|Val->Asp substitution|Demethylation+carboxylation; atomic difference: -1C,-4H,2O|-1C,-4H,2O|2O,-1C,-4H) [M+H]+
1512	460.2030882304519	0.5295579	-1		
1319	215.1391928484056	0.5298067	155	1319.0	Suspect related to Tyr-Pro (predicted molecular formula SIRIUS: C10H18N2O3 / BUDDY: C10H18N2O3) with delta m/z -63.995 (putative explanation: Tyr->Val substitution; atomic difference: -4C,-1O) [M+H]+
1438	223.0688537784929	0.5298907	-1		
1510	259.09245599897525	0.5301374	792	1510.0	Suspect related to Spectral Match to Lys-Ile from NIST14 (predicted molecular formula SIRIUS: C11H19N3O4 / BUDDY: C11H19N3O4) with delta m/z -2.052 (putative explanation: unspecified; atomic difference: unspecified) [M+H]+
1746	186.0874113603832	0.53087133	-1		
1505	348.0702179673612	0.53267884	331		
1528	318.16572827319004	0.53335446	102		
1465	474.2190991381497	0.53546286	102		
1534	212.1025577872745	0.53555197	-1		
1556	377.12999435156814	0.5372091	927		
1550	201.0870498914243	0.5381115	1111		
1526	210.11577786979697	0.53873247	102		
1446	332.18119253797715	0.53964764	102		
1513	195.0762025809434	0.5410666	-1		
1592	253.82558744005124	0.545166	98		
1686	312.65365169462785	0.54677653	98		
1591	360.150055000928	0.5490558	-1	1591.0	Suspect related to Sucrose (predicted molecular formula SIRIUS: C13H23N5O8 / BUDDY: C18H23N3O6) with delta m/z 35.037 (putative explanation: unspecified; atomic difference: unspecified) [M-H2O+H]+
1638	240.9873823731322	0.55341613	-1	1638.0	N-Formylcytisine CollisionEnergy:205060
1632	551.2309920628419	0.55555475	350		
1636	296.51173047865893	0.5589827	98		
1616	380.2357733545035	0.56189924	98		
1644	260.80518039578715	0.5694806	212		
1651	444.2642255603618	0.5699464	98		
2666	231.09757220725257	0.576016	-1		
1809	244.09280826709923	0.57627183	-1	1809.0	Massbank:RP031401 Uridine|1-[(2R,3R,4S,5R)-3,4-dihydroxy-5-(hydroxymethyl)oxolan-2-yl]pyrimidine-2,4-dione
1668	390.7040164655912	0.57629734	212		
1647	284.4842160004495	0.57656014	212		
1674	426.2226910198176	0.5822018	212		
1224	391.1454347728368	0.5889816	283		
1729	624.299722834209	0.59059775	-1		
1781	386.2395972456724	0.5908376	112		
1874	378.15101482877554	0.59276396	-1		
1682	517.3345486191199	0.5928839	521		
1762	316.68898517377	0.5939282	-1		
1771	380.21586771055127	0.5939356	-1		
1626	394.1273347354667	0.5945165	-1		
1887	244.1291864678952	0.5949269	1391		
1784	159.03854014269135	0.59531564	3		
1877	160.03445905311662	0.59558463	873		
2223	213.615028638158	0.5956636	212		
1973	158.03918971257644	0.5968474	3		
1812	631.3694011895252	0.5994106	-1		
1848	295.0956401552356	0.599836	145		
1936	274.1874520324597	0.6041429	121	1936.0	Suspect related to Arg-Phe (predicted molecular formula SIRIUS: C11H23N5O3 / BUDDY: C11H23N5O3) with delta m/z -48.0 (putative explanation: Phe->Val substitution; atomic difference: -4C) [M+H]+
1749	366.1327657796129	0.6043273	193		
1735	316.18813190082466	0.60434085	98		
1649	506.8117325336567	0.60527176	230		
1918	159.0309535590102	0.6053953	3		
1880	435.1725582494991	0.60565424	-1		
1968	329.155672362118	0.6057195	-1		
1602	446.2413842943837	0.6060283	321		
1754	324.0589949672631	0.6063707	331		
1777	338.20991246183013	0.6064538	158		
1850	228.07217410280472	0.60707784	193		
1646	411.19066810796926	0.6076941	-1		
1773	253.9092475877786	0.6078448	158		
1828	217.0818747805943	0.60799026	1069	1828.0	Suspect related to Spectral Match to PyroGlu-Val from NIST14 (predicted molecular formula SIRIUS: C8H12N2O5 / BUDDY: C8H12N2O5) with delta m/z -12.036 (putative explanation: Leu/Ile->Thr substitution|Val->Ser substitution|Dealkylation+hydroxylation; atomic difference: -2C,-4H,1O|-2C,-4H,1O|2C,4H,-1O) [M+H]+
2719	259.1704865871925	0.60868037	792	2719.0	Suspect related to Tyr-Lys (predicted molecular formula SIRIUS: C12H25N3O3 / BUDDY: C12H25N3O3) with delta m/z -49.982 (putative explanation: unspecified; atomic difference: unspecified) [M+H]+
1802	333.2129030719825	0.60915214	245		
1890	157.03527692540968	0.6092997	3		
1823	150.05845131946876	0.6095194	193	1823.0	L-METHIONINE
3033	493.177385803145	0.60951185	230		
1770	654.3563584233908	0.6099621	80		
1892	393.1436976256944	0.6104053	-1		
2505	462.2379261037521	0.6110493	51		
2866	160.1332264130082	0.6113054	347	2866.0	Suspect related to L-CARNITINE (predicted molecular formula SIRIUS: C8H17NO2 / BUDDY: C8H17NO2) with delta m/z -1.98 (putative explanation: Thr->Val substitution; atomic difference: 1C,2H,-1O) [M+H]+
1810	622.2310914739355	0.61221343	730		
1908	432.1729932733336	0.6125423	-1		
1845	217.1294937632008	0.6128616	-1		
1818	623.2148131107955	0.6140813	730		
1868	322.17471604716303	0.6146283	212		
1815	395.1673998037867	0.6149855	-1		
2159	198.12380030627853	0.61533755	-1		
1839	357.6931838136534	0.6154507	212		
1915	446.2626406588556	0.6154866	1135		
1826	481.1599918126543	0.6154965	478		
1822	430.240680777915	0.6156445	-1		
1841	320.1450209138183	0.61570084	-1		
1846	223.63417986233875	0.61582834	1135		
1482	208.06372222889445	0.6158929	3		
1843	228.14538204772512	0.61623925	453	1843.0	AmilorideHCl
1847	373.1713456009396	0.6163343	1197		
1836	262.1393946886578	0.61679024	28		
1803	360.1876674098443	0.6169067	-1		
1798	327.6819405861766	0.6169298	80		
1687	407.15891234219765	0.61702824	-1		
2880	347.22824791461755	0.61724186	521	2880.0	Suspect related to Ser-Glu-Lys (predicted molecular formula SIRIUS: C15H30N4O5 / BUDDY: C20H30N2O3) with delta m/z -15.96 (putative explanation: Asp->Val substitution|Glu->Leu/Ile substitution; atomic difference: 1C,4H,-2O|1C,4H,-2O) [M+H]+
2106	544.2724051444408	0.61769646	-1		
1840	286.1509887015503	0.6179898	772	1840.0	Suspect related to PyroGlu-Pro-Arg (predicted molecular formula SIRIUS: unknown / BUDDY: unknown) with delta m/z -97.053 (putative explanation: unspecified; atomic difference: unspecified) [M+H]+
2637	348.14031217425384	0.6180539	-1		
1907	187.1076597101408	0.61823034	155		
1825	402.2458451589008	0.61828184	1155		
1862	188.0917422080597	0.6185049	-1		
1866	356.19298118129086	0.6185346	98		
1871	489.26692335738505	0.6188794	-1		
1929	301.1506030267752	0.61920875	-1		
1932	251.1140205079861	0.6192915	-1		
1875	343.23364751343405	0.6193358	248	1875.0	Suspect related to Spectral Match to Ala-Pro-Lys from NIST14 (predicted molecular formula SIRIUS: C16H30N4O4 / BUDDY: C16H30N4O4) with delta m/z 28.031 (putative explanation: Acetaldehyde +28|Ala->Val substitution|Cys->Met substitution|Ethylation|di-Methylation; atomic difference: 2C,4H|2C,4H|2C,4H|2C,4H|2C,4H) [M+H]+
1901	275.13504434412613	0.6195942	121	1901.0	N(2) Succinyl arginine
1990	397.2195259827154	0.6196019	60		
1949	515.1372709404	0.6200057	-1		
1921	231.6225714604548	0.6203691	-1		
1905	233.10316794503737	0.62062955	-1		
1985	245.0767478817397	0.62143	228	1985.0	Suspect related to Glu-Ile (predicted molecular formula SIRIUS: C8H10N3O6 / BUDDY: C14H12O2S) with delta m/z -16.083 (putative explanation: unspecified; atomic difference: unspecified) [M+H]+
1849	383.2040863338877	0.62151545	-1		
1876	317.2180910821536	0.62192845	-1		
2207	279.1007957937428	0.62333965	145		
2057	520.1883214791463	0.6241002	-1		
2003	310.1758473855051	0.6247503	131	2003.0	Suspect related to Lys-Trp (predicted molecular formula SIRIUS: C15H23N3O4 / BUDDY: C15H23N3O4) with delta m/z -23.015 (putative explanation: His->Asn substitution|Trp->Tyr substitution; atomic difference: -2C,-1H,-1N,1O|-2C,-1H,-1N,1O) [M+H]+
1903	334.16065002884886	0.6250446	1558		
1981	258.10851252700775	0.62539	282	1981.0	Suspect related to Gly-Lys (predicted molecular formula SIRIUS: C11H19N3O4 / BUDDY: C11H19N3O4) with delta m/z 54.01 (putative explanation: unspecified|Alkene fragment of DSSO crosslinker|MDA adduct +54|Methylglyoxal-derived hydroimidazolone|unspecified; atomic difference: 1C,3N|3C,2H,1O|3C,2H,1O|3C,2H,1O|3C,2H,1O) [M+H]+
2079	484.2513876545121	0.62565094	-1		
1916	269.1606162564464	0.6258051	98	1916.0	Suspect related to Spectral Match to His-Ile from NIST14 (predicted molecular formula SIRIUS: unknown / BUDDY: unknown) with delta m/z 18.01 (putative explanation: Proline oxidation to 5-hydroxy-2-aminovaleric acid|water; atomic difference: 2H,1O|2H,1O) [M-H2O+H]+
2211	239.1503193054569	0.6270957	-1		
1951	361.2441633280781	0.6272731	925		
2092	170.0811229041288	0.6276872	-1		
1933	246.1445073551082	0.6281109	131	1933.0	Spectral Match to Ile-Asn from NIST14
3046	507.1932230596071	0.6282586	230		
1942	245.1494060133357	0.6292859	-1	1942.0	Suspect related to Ser-Ile (predicted molecular formula SIRIUS: C10H18N2O5 / BUDDY: C10H18N2O5) with delta m/z 27.995 (putative explanation: Formylation|Ser->Asp substitution|Thr->Glu substitution; atomic difference: 1C,1O|1C,1O|1C,1O) [M+H]+
2029	195.12333942507053	0.6295	578	2029.0	Spectral Match to Leu-Gln-Lys from NIST14
1955	375.22241811516335	0.6299039	167	1955.0	Spectral Match to Ile-Ile-Lys from NIST14
2024	290.13423001085715	0.63137263	-1		
2145	446.1889460857648	0.63141954	-1		
2040	223.62500290291703	0.6320976	475		
2144	518.2935719954024	0.63218737	-1		
3327	158.09244532902028	0.6324161	293		
1982	389.2390775426204	0.6328908	521	1982.0	Suspect related to Phe-Ala-Lys (predicted molecular formula SIRIUS: C17H34N4O4S / BUDDY: C25H30N2O2) with delta m/z 26.016 (putative explanation: Acetaldehyde +26|Ala->Pro substitution|unspecified; atomic difference: 2C,2H|2C,2H|2C,2H) [M+H]+
2137	435.20766695822925	0.6340257	-1		
2009	476.1987366128333	0.6345706	104		
2123	292.16385878016484	0.63461226	632		
2059	259.1286479083147	0.634827	603	2059.0	Suspect related to Gly-Lys (predicted molecular formula SIRIUS: C11H19N3O4 / BUDDY: C11H19N3O4) with delta m/z 54.01 (putative explanation: unspecified|Alkene fragment of DSSO crosslinker|MDA adduct +54|Methylglyoxal-derived hydroimidazolone|unspecified; atomic difference: 1C,3N|3C,2H,1O|3C,2H,1O|3C,2H,1O|3C,2H,1O) [M+H]+
1683	361.17144249209946	0.6350318	925		
2023	229.154720133612	0.63524103	800	2023.0	Suspect related to Ser-Ile (predicted molecular formula SIRIUS: C11H20N2O3 / BUDDY: C11H20N2O3) with delta m/z 10.021 (putative explanation: Ser->Pro substitution; atomic difference: 2C,2H,-1O) [M+H]+
2107	227.1390277739556	0.6353031	-1		
2032	200.1029269354231	0.6353323	-1		
2273	416.2146337289653	0.63565284	-1		
2018	247.65772010331983	0.63568836	1163		
1881	359.2648682829463	0.6361064	-1		
1801	243.1575983089615	0.63755214	426		
2398	260.09578529619137	0.6377884	208	2398.0	Suspect related to N-Acetyl-L-tyrosine (predicted molecular formula SIRIUS: C9H11NO6S / BUDDY: C9H11NO6S) with delta m/z 37.955 (putative explanation: Replacement of proton by potassium; atomic difference: -1H,1K) [M+H]+
2272	591.2241496414105	0.6379706	-1		
1898	189.12334570840105	0.6383221	32		
2058	260.1967254237157	0.639001	131	2058.0	Suspect related to Ile-Glu-Lys (predicted molecular formula SIRIUS: unknown / BUDDY: unknown) with delta m/z -128.086 (putative explanation: unspecified; atomic difference: unspecified) [M+H]+
2195	618.3097266117976	0.6391535	270		
2062	235.11883279746928	0.63980097	2	2062.0	Spectral Match to His-Pro from NIST14
2356	529.1753530710453	0.64055276	-1		
2080	268.1270920066035	0.64189434	-1		
2164	403.2287599103314	0.64340943	-1		
2094	574.2465802098743	0.64348125	-1		
2033	345.2245397395753	0.64359844	-1		
2357	469.2308694990615	0.64396614	1821		
2132	494.3083166068982	0.64463925	1301		
2414	516.2882800880285	0.64479977	-1		
2417	235.1434956741336	0.6448662	-1		
2153	230.18623076796987	0.6461578	149		
2143	277.0852496773471	0.6467937	1535		
1806	259.09238855135334	0.6471349	603	1806.0	Suspect related to Gly-Lys (predicted molecular formula SIRIUS: C11H19N3O4 / BUDDY: C11H19N3O4) with delta m/z 54.01 (putative explanation: unspecified|Alkene fragment of DSSO crosslinker|MDA adduct +54|Methylglyoxal-derived hydroimidazolone|unspecified; atomic difference: 1C,3N|3C,2H,1O|3C,2H,1O|3C,2H,1O|3C,2H,1O) [M+H]+
2277	521.1717228642005	0.6471141	230		
2752	237.1346196791298	0.64771336	-1		
2386	613.1592290467037	0.64801985	-1		
2117	270.15567087035635	0.6485383	822		
2339	533.22009996643	0.64903957	-1		
1694	249.8254759120611	0.64917964	158		
2213	376.1708062223396	0.6494811	102		
1697	374.2347093189424	0.6503215	158		
2070	628.3046762768271	0.6510212	-1		
2158	175.10770240564327	0.651339	102	2158.0	Spectral Match to Gly-Val from NIST14
2301	607.2932404462883	0.6516081	104		
2482	260.16042516225787	0.652245	131	2482.0	Suspect related to Ile-Glu-Lys (predicted molecular formula SIRIUS: unknown / BUDDY: unknown) with delta m/z -128.086 (putative explanation: unspecified; atomic difference: unspecified) [M+H]+
1713	747.4621151254777	0.6523531	938		
2179	394.1336867893201	0.65239227	-1		
2004	233.14948288639795	0.6525057	32	2004.0	Suspect related to Spectral Match to Ile-Glu from NIST14 (predicted molecular formula SIRIUS: C10H20N2O4 / BUDDY: C10H20N2O4) with delta m/z -27.995 (putative explanation: Asp->Ser substitution|Glu->Thr substitution|Pyrrolidone from Proline|Secondary amine cleavage, decarbonylation; atomic difference: -1C,-1O|-1C,-1O|-1C,-1O|-1C,-1O) [M+H]+
2256	485.3081753322839	0.6537953	426		
2408	456.1373462959677	0.65397257	-1		
3042	453.2453545092068	0.65433085	-1		
2578	319.16186399557216	0.654388	964		
2362	325.1472383696747	0.6548942	-1		
1716	405.1978263265572	0.6551144	958		
2152	210.1157660341149	0.65581614	102		
2348	662.3177919257704	0.6564533	55		
1722	471.2924842731466	0.657862	115	1722.0	Suspect related to Spectral Match to Pro-Pro-Lys from NIST14 (predicted molecular formula SIRIUS: C21H38N6O6 / BUDDY: C21H38N6O6) with delta m/z 130.063 (putative explanation: unspecified; atomic difference: unspecified) [M+H]+
2270	306.202092763309	0.6583075	277		
2294	268.1402724553259	0.6598867	331	2294.0	4687 - 30.0 eV
2053	290.17075213366746	0.66120934	-1		
2649	408.1778222304094	0.6614196	1535		
2302	350.1738375435153	0.66199267	-1		
2230	318.11917527036434	0.662478	-1		
2329	247.12872990765564	0.66256714	102	2329.0	Spectral Match to Glu-Val from NIST14
2313	315.1659030335984	0.66308033	-1		
2199	705.2674029276675	0.663697	-1		
2308	233.11319913220413	0.6648601	-1		
2204	175.1189590573864	0.6650249	102	2204.0	Spectral Match to Gly-Val from NIST14
2377	449.1877609621535	0.6660442	-1		
2512	481.24001065353326	0.6670737	-1		
1965	348.0702804593655	0.66856045	331	1965.0	Massbank: 3'-AMP|[(2R,3S,4R,5R)-5-(6-aminopurin-9-yl)-4-hydroxy-2-(hydroxymethyl)oxolan-3-yl] dihydrogen phosphate
2736	248.13235581097027	0.66880226	-1	2736.0	Suspect related to Ser-Ile (predicted molecular formula SIRIUS: C10H18N2O5 / BUDDY: C10H18N2O5) with delta m/z 27.995 (putative explanation: Formylation|Ser->Asp substitution|Thr->Glu substitution; atomic difference: 1C,1O|1C,1O|1C,1O) [M+H]+
2581	536.2928602947749	0.6688258	-1		
2380	330.0595314602828	0.66900325	331	2380.0	Spectral Match to Adenosine 2',3'-cyclic monophosphate from NIST14
2309	229.1181954328616	0.66904116	102	2309.0	Suspect related to Spectral Match to PyroGlu-Phe from NIST14 (predicted molecular formula SIRIUS: C10H16N2O4 / BUDDY: C10H16N2O4) with delta m/z -48.0 (putative explanation: Phe->Val substitution; atomic difference: -4C) [M+H]+
2415	462.2191952440078	0.66932577	-1		
1759	182.08120733293643	0.66998637	208	1759.0	Spectral Match to L-Tyrosine from NIST14
2334	165.054640927534	0.6701916	443	2334.0	Spectral Match to L-Tyrosine from NIST14
2382	430.1923031956474	0.6706977	-1		
2288	364.0649628043687	0.6714809	331	2288.0	Suspect related to Spectral Match to Guanosine 3',5'-cyclic monophosphate from NIST14 (predicted molecular formula SIRIUS: unknown / BUDDY: unknown) with delta m/z 18.01 (putative explanation: Proline oxidation to 5-hydroxy-2-aminovaleric acid|water; atomic difference: 2H,1O|2H,1O) [M+H]+
2330	407.250114731096	0.67185825	-1		
2129	318.16576700749454	0.67192066	-1		
2394	320.1815855942126	0.6729469	28	2394.0	Suspect related to Spectral Match to Thr-Val-Leu from NIST14 (predicted molecular formula SIRIUS: unknown / BUDDY: unknown) with delta m/z -12.036 (putative explanation: Leu/Ile->Thr substitution|Val->Ser substitution|Dealkylation+hydroxylation; atomic difference: -2C,-4H,1O|-2C,-4H,1O|2C,4H,-1O) [M+H]+
2400	321.16558666087053	0.67401636	102		
2421	313.17535835432705	0.67427826	208	2421.0	Suspect related to Asp-Tyr (predicted molecular formula SIRIUS: C14H17NO7 / BUDDY: C14H17NO7) with delta m/z 14.999 (putative explanation: Asn->Glu substitution|Deamidation followed by a methylation; atomic difference: 1C,1H,-1N,1O|1C,1H,-1N,1O) [M+H]+
3016	279.1370059822944	0.67441386	1043		
1950	219.13384960817217	0.6753594	853	1950.0	Suspect related to Thr-Phe (predicted molecular formula SIRIUS: C9H18N2O4 / BUDDY: C9H18N2O4) with delta m/z -48.0 (putative explanation: Phe->Val substitution; atomic difference: -4C) [M+H]+
2358	493.2490176759914	0.6756382	-1		
2579	390.16156823980384	0.6756678	212		
2430	254.1607622762372	0.67579246	453		
2463	363.1565378764512	0.676825	-1		
2383	263.1963101977277	0.67803484	102		
2439	412.17103392252767	0.67832553	208		
1863	205.11828803159207	0.68053055	102	1863.0	Suspect related to Spectral Match to Ser-Leu from NIST14 (predicted molecular formula SIRIUS: C8H16N2O4 / BUDDY: C8H16N2O4) with delta m/z -14.016 (putative explanation: Ala->Gly substitution|Gln->Asn substitution|Glu->Asp substitution|Leu/Ile->Val substitution|Thr->Ser substitution; atomic difference: -1C,-2H|-1C,-2H|-1C,-2H|-1C,-2H|-1C,-2H) [M+H]+
2403	269.10824494074296	0.6819332	-1		
2558	289.13873046628373	0.68274313	-1		
1897	362.1919612999329	0.6831038	-1		
2278	389.2025915567417	0.6856884	167	2278.0	Suspect related to Ile-Glu-Lys (predicted molecular formula SIRIUS: unknown / BUDDY: unknown) with delta m/z 0.964 (putative explanation: unspecified; atomic difference: unspecified) [M+H]+
1995	558.2516881035538	0.6875922	-1		
2494	542.1857092743272	0.68886256	194		
2509	440.1661293806554	0.68967044	208	2509.0	Suspect related to Massbank:PR311057 Glutamyltyrosine (predicted molecular formula SIRIUS: C19H25N3O9 / BUDDY: C24H25NO7) with delta m/z 129.043 (putative explanation: Nmethylmaleimidehydrolysis|Photo-induced Proline adduct|monoglutamyl|unspecified; atomic difference: 5C,7H,1N,3O|5C,7H,1N,3O|5C,7H,1N,3O|5C,7H,1N,3O) [M+H]+
2491	545.2213528229898	0.69076806	69		
1799	226.1548770472984	0.69240594	169	1799.0	Suspect related to Spectral Match to PyroGlu-Pro from NIST14 (predicted molecular formula SIRIUS: C11H19N3O2 / BUDDY: C11H19N3O2) with delta m/z -0.947 (putative explanation: Glu->Lys substitution; atomic difference: 1C,5H,1N,-2O) [M+H]+
2171	288.20291975270976	0.69241256	121	2171.0	Suspect related to Glu-Leu-Arg (predicted molecular formula SIRIUS: C12H25N5O3 / BUDDY: C12H25N5O3) with delta m/z -129.044 (putative explanation: Nmethylmaleimidehydrolysis (reverse)|Photo-induced Proline adduct (reverse)|monoglutamyl (reverse)|nan (reverse); atomic difference: -5C,-7H,-1N,-3O|-5C,-7H,-1N,-3O|-5C,-7H,-1N,-3O|-5C,-7H,-1N,-3O) [M+H]+
2484	362.1564488095084	0.69243103	1126		
2205	227.1585495870655	0.6925098	-1	2205.0	Suspect related to Spectral Match to PyroGlu-Pro from NIST14 (predicted molecular formula SIRIUS: C11H19N3O2 / BUDDY: C11H19N3O2) with delta m/z -0.947 (putative explanation: Glu->Lys substitution; atomic difference: 1C,5H,1N,-2O) [M+H]+
1940	428.2616487883012	0.6926905	116		
2480	414.1270505854381	0.693947	69		
1786	577.246190177894	0.69468266	139		
2485	294.15445987814627	0.69495606	205	2485.0	Suspect related to Massbank:PR310826 N-Fructosyl phenylalanine (predicted molecular formula SIRIUS: C15H21N2O4 / BUDDY: C12H23NO7) with delta m/z -33.984 (putative explanation: Phe->Leu/Ile substitution; atomic difference: -3C,2H) [M+H]+
2526	382.1605593517046	0.69721013	208		
2076	390.1865633736501	0.69814765	102	2076.0	Suspect related to Glu-Ile (predicted molecular formula SIRIUS: C16H27N3O8 / BUDDY: C16H27N3O8) with delta m/z 129.043 (putative explanation: Nmethylmaleimidehydrolysis|Photo-induced Proline adduct|monoglutamyl|unspecified; atomic difference: 5C,7H,1N,3O|5C,7H,1N,3O|5C,7H,1N,3O|5C,7H,1N,3O) [M+H]+
2567	346.0545197175437	0.69914734	331	2567.0	Spectral Match to Guanosine 3',5'-cyclic monophosphate from NIST14
2452	203.1390558137009	0.7007854	32		
1758	490.2137290782969	0.7016659	-1		
2830	618.3107835117289	0.7017074	270		
2660	209.1283291073801	0.7030871	-1		
2128	454.3021910890489	0.7044578	250		
2473	814.2861815064572	0.7044641	194		
1767	700.3262322845039	0.7062678	845		
2549	223.06886789610903	0.7082421	-1		
2340	314.09144133571687	0.70846444	331	2340.0	Suspect related to ADENOSINE 3',5'-CYCLIC MONOPHOSPHATE (predicted molecular formula SIRIUS: C11H15N5O4S / BUDDY: C11H15N5O4S) with delta m/z -15.96 (putative explanation: Asp->Val substitution|Glu->Leu/Ile substitution; atomic difference: 1C,4H,-2O|1C,4H,-2O) [M+H]+
2229	332.1813535022816	0.7105369	102		
2351	424.7031948981105	0.71065897	1308		
2010	707.2385275776801	0.71278524	-1		
1837	455.2247663184038	0.7135956	98	1837.0	Suspect related to Trp-His (predicted molecular formula SIRIUS: C23H30N6O4 / BUDDY: C23H30N6O4) with delta m/z 113.085 (putative explanation: Acetyldeoxyhypusine|Serine; atomic difference: 6C,11H,1N,1O|6C,11H,1N,1O) [M+H]+
2584	340.1977446256648	0.7146342	98		
1947	355.1973512999242	0.71524394	339	1947.0	Suspect related to Spectral Match to Ala-Pro-Lys from NIST14 (predicted molecular formula SIRIUS: C13H30N4O5S / BUDDY: C21H26N2O3) with delta m/z 39.994 (putative explanation: extra OH sodium adduct|Glyoxal-derived hydroimiadazolone|S-carbamoylmethylcysteine cyclization (N-terminus)|unspecified; atomic difference: 1H,1O|2C,1O|2C,1O|2C,1O) [M+H]+
2407	268.1038839160208	0.7195313	331	2407.0	Spectral Match to Inosine from NIST14
2770	683.1915595693303	0.72170466	194		
2683	461.2237863541655	0.72244424	528		
2641	262.14822303048743	0.7234726	807	2641.0	Suspect related to Val-Glu (predicted molecular formula SIRIUS: C11H20N2O5 / BUDDY: C11H20N2O5) with delta m/z 14.016 (putative explanation: Asn->Gln substitution|Asp->Glu substitution|Gly->Ala substitution|Methylation|Ser->Thr substitution|Val->Leu/Ile substitution|chain elongation; atomic difference: 1C,2H|1C,2H|1C,2H|1C,2H|1C,2H|1C,2H|1C,2H) [M+H]+
2266	237.08725983007025	0.72358847	-1		
2593	304.1500080002914	0.72364587	1507	2593.0	Suspect related to Spectral Match to Val-Gly-Val from NIST14 (predicted molecular formula SIRIUS: unknown / BUDDY: unknown) with delta m/z 28.031 (putative explanation: Acetaldehyde +28|Ala->Val substitution|Cys->Met substitution|Ethylation|di-Methylation; atomic difference: 2C,4H|2C,4H|2C,4H|2C,4H|2C,4H) [M+H]+
1975	561.2516597712735	0.72379917	958		
3745	517.2797749158669	0.7243221	1108		
3493	261.1443868456582	0.7259777	1351	3493.0	Suspect related to Spectral Match to Leu-Leu from NIST14 (predicted molecular formula SIRIUS: C11H20N2O5 / BUDDY: C11H20N2O5) with delta m/z 15.958 (putative explanation: Leu/Ile->Glu substitution|Val->Asp substitution|Demethylation+carboxylation; atomic difference: -1C,-4H,2O|-1C,-4H,2O|2O,-1C,-4H) [M+H]+
2696	706.252297416679	0.72594017	273		
2848	574.2476585596772	0.7271249	-1		
3937	387.7123067739647	0.7275732	475	3937.0	Suspect related to Leu-Ile-Lys (predicted molecular formula SIRIUS: C17H32N4O6 / BUDDY: C17H32N4O6) with delta m/z 15.958 (putative explanation: Leu/Ile->Glu substitution|Val->Asp substitution|Demethylation+carboxylation; atomic difference: -1C,-4H,2O|-1C,-4H,2O|2O,-1C,-4H) [M+H]+
2747	369.17416848744745	0.72885174	-1		
2255	215.1390002915088	0.72972625	23	2255.0	Spectral Match to Val-Pro from NIST14
2874	262.13860617904135	0.73075753	28		
2404	275.17070170906254	0.7309614	-1		
2853	554.3040930340604	0.7315927	-1		
2191	434.260867483101	0.7319774	397		
2745	201.0870134289768	0.7321285	1111		
2917	417.2451385204977	0.7325992	38		
2819	375.2240216413698	0.73268783	167	2819.0	Spectral Match to Ile-Ile-Lys from NIST14
2793	536.1848679090574	0.7328127	-1		
2291	343.1974841610166	0.73359334	-1		
2344	375.2060384209443	0.7340431	104	2344.0	Suspect related to Spectral Match to Ile-Val-Lys from NIST14 (predicted molecular formula SIRIUS: C18H36N4O4 / BUDDY: C18H36N4O4) with delta m/z 14.016 (putative explanation: Asn->Gln substitution|Asp->Glu substitution|Gly->Ala substitution|Methylation|Ser->Thr substitution|Val->Leu/Ile substitution|chain elongation; atomic difference: 1C,2H|1C,2H|1C,2H|1C,2H|1C,2H|1C,2H|1C,2H) [M+H]+
2907	641.3374805685459	0.7341885	116		
2875	269.16061568612463	0.73581547	98	2875.0	Suspect related to Spectral Match to Ile-Pro from NIST14 (predicted molecular formula SIRIUS: C12H20N4O3 / BUDDY: C12H20N4O3) with delta m/z 40.016 (putative explanation: unspecified; atomic difference: 2C,2H,1N) [M+H]+
2760	873.4859057456622	0.73646003	144		
2960	150.0584518746141	0.736536	193	2960.0	L-METHIONINE
2513	283.12665052107	0.7373455	481	2513.0	Suspect related to Spectral Match to Thr-Phe from NIST14 (predicted molecular formula SIRIUS: C13H18N2O5 / BUDDY: C13H18N2O5) with delta m/z 15.995 (putative explanation: Ala->Ser substitution|Oxidation or Hydroxylation|Phe->Tyr substitution; atomic difference: 1O|1O|1O) [M+H]+
2762	291.8330532920117	0.73814	475		
3750	445.24477718460986	0.73823327	475		
3514	347.1923373007504	0.7389145	621	3514.0	Suspect related to Spectral Match to Ile-Ile-Lys from NIST14 (predicted molecular formula SIRIUS: C14H26N4O6 / BUDDY: C19H26N2O4) with delta m/z -26.089 (putative explanation: unspecified; atomic difference: unspecified) [M+H]+
2167	228.17060740326784	0.7392226	169		
1954	489.230248355599	0.73921984	31		
2803	402.2443302509294	0.7401813	1155		
2985	689.2725380104312	0.74047893	-1		
2938	295.176350146523	0.74138224	-1		
2304	212.1028838859126	0.742935	213		
1889	348.17631512593937	0.74433875	160	1889.0	Suspect related to Spectral Match to Glu-Val-Phe from NIST14 (predicted molecular formula SIRIUS: C15H27N3O6 / BUDDY: C15H27N3O6) with delta m/z -48.0 (putative explanation: Phe->Val substitution; atomic difference: -4C) [M+H]+
2286	185.0921138020633	0.7445985	2	2286.0	Suspect related to cyclo-[L-(4-hydroxy-Pro)-L-leu] (predicted molecular formula SIRIUS: unknown / BUDDY: unknown) with delta m/z -42.021 (putative explanation: Ornithine from Arginine; atomic difference: -1C,-2H,-2N) [M+H]+
2916	259.1434321976616	0.7448979	1230		
2373	195.0765117648471	0.7449874	213		
2345	230.1132846614224	0.7455233	293		
3665	317.1816732464756	0.7466577	713	3665.0	Suspect related to Spectral Match to Ile-Gly-Ile from NIST14 (predicted molecular formula SIRIUS: unknown / BUDDY: unknown) with delta m/z 14.033 (putative explanation: unspecified; atomic difference: unspecified) [M+H]+
2862	476.2352449128692	0.7466591	-1		
3339	463.27534534525296	0.7467007	-1		
2957	227.65473203328187	0.74684805	169		
2902	394.12775962079314	0.7469462	414		
2406	327.6819077733221	0.74744916	80		
2851	334.1606265949273	0.74746376	1558		
3098	391.2016203127617	0.7480018	138		
3005	609.2981312993483	0.74799985	482		
3186	277.65577527039784	0.74840826	-1		
2962	781.3954974368594	0.7486046	-1		
2772	457.2040953676279	0.7492273	-1		
2181	303.1660658857538	0.7492729	397	2181.0	Suspect related to Spectral Match to Thr-Val-Leu from NIST14 (predicted molecular formula SIRIUS: unknown / BUDDY: unknown) with delta m/z -29.994 (putative explanation: Homoserine|Met->Thr substitution|Hydroxylation of thiomethyl; atomic difference: -1C,-2H,1O,-1S|-1C,-2H,1O,-1S|1O,-1S,-1C,-2H) [M+H]+
2303	234.0847985760165	0.7493832	-1		
2936	654.3571223282215	0.7502115	80		
3028	498.2672346347284	0.75127244	-1		
3699	389.2027524032159	0.75171745	167	3699.0	Suspect related to Glu-Phe-Lys (predicted molecular formula SIRIUS: C17H32N4O6 / BUDDY: C17H32N4O6) with delta m/z -33.984 (putative explanation: Phe->Leu/Ile substitution; atomic difference: -3C,2H) [M+H]+
2953	385.194326194588	0.7517368	1855		
3899	270.1560200385785	0.7520179	822		
2607	284.09892198364344	0.75242877	331	2607.0	Spectral Match to Guanosine from NIST14
3139	258.10878311769136	0.7531893	1049	3139.0	Suspect related to Val-Glu (predicted molecular formula SIRIUS: C10H14N2O6 / BUDDY: C10H14N2O6) with delta m/z 11.964 (putative explanation: unspecified; atomic difference: unspecified) [M+H]+
4153	195.1232562452269	0.75325423	578	4153.0	Spectral Match to Leu-Gln-Lys from NIST14
2667	269.0880764052379	0.7532998	331	2667.0	Adenosine - 40.0 eV
3252	272.1600250584068	0.7541992	28		
3061	221.09200832571872	0.7543579	208		
3099	296.183846501029	0.7544308	532		
3199	321.1718479521071	0.75465953	251		
3072	506.2461492281554	0.7547416	-1		
3259	157.03523213901505	0.75537586	-1		
2726	551.2343306028055	0.7562405	350		
3271	519.2804165799366	0.75740075	-1		
3257	389.23933242334266	0.75806856	521	3257.0	Suspect related to Phe-Ala-Lys (predicted molecular formula SIRIUS: C17H34N4O4S / BUDDY: C25H30N2O2) with delta m/z 26.016 (putative explanation: Acetaldehyde +26|Ala->Pro substitution|unspecified; atomic difference: 2C,2H|2C,2H|2C,2H) [M+H]+
3071	491.2843263471266	0.7584738	-1		
3070	171.11274267854623	0.7588592	32		
2555	361.1713329033809	0.7588415	283		
2920	164.07397087968215	0.7591731	3		
3332	223.6250573247044	0.7599522	104		
2200	524.2830331753044	0.76033574	171		
3256	392.20359721477166	0.760896	947		
3577	306.20201496242163	0.76195395	277		
2216	748.3725960909892	0.76197183	30		
3195	325.14827215596057	0.7622538	-1		
3024	807.4466044511906	0.76276153	154		
3272	274.14907237692705	0.7631908	-1		
3021	290.17084286383016	0.76390374	1699	3021.0	Suspect related to Spectral Match to Ile-Glu from NIST14 (predicted molecular formula SIRIUS: C13H25N3O4 / BUDDY: C13H25N3O4) with delta m/z 27.047 (putative explanation: Thr->Lys substitution|ethyl amino; atomic difference: 2C,5H,1N,-1O|2C,5H,1N,-1O) [M+H]+
2926	568.2723369527313	0.76424414	17		
3004	246.14470964745337	0.76446944	722	3004.0	Suspect related to Asn-Val (predicted molecular formula SIRIUS: C10H19N3O4 / BUDDY: C10H19N3O4) with delta m/z 14.016 (putative explanation: Asn->Gln substitution|Asp->Glu substitution|Gly->Ala substitution|Methylation|Ser->Thr substitution|Val->Leu/Ile substitution|chain elongation; atomic difference: 1C,2H|1C,2H|1C,2H|1C,2H|1C,2H|1C,2H|1C,2H) [M+H]+
3056	404.22699401733695	0.7649888	154		
3103	284.4844295143659	0.7650276	212		
2723	386.2397301022068	0.7652333	112		
2260	341.1831054461141	0.76534665	-1		
3128	265.08509097811566	0.7654888	193	3128.0	Suspect related to Spectral Match to Met-Leu from NIST14 (predicted molecular formula SIRIUS: C9H17N3O6 / BUDDY: C13H17N3OS) with delta m/z 0.984 (putative explanation: Asn->Asp substitution|Deamidation|Gln->Glu substitution|Amide hydroxylation; atomic difference: -1H,-1N,1O|-1H,-1N,1O|-1H,-1N,1O|1O,-1N,-1H) [M+H]+
3069	432.2095858433114	0.7657704	104		
3093	278.6632443868171	0.76611054	-1		
3089	292.1653288277723	0.76628065	632		
3300	550.2356690475066	0.76626587	-1		
2922	513.3129364639876	0.76701933	-1		
3580	607.2915198618549	0.76706433	104		
2742	446.2436889949508	0.7682532	104		
2361	229.15470640663503	0.7683989	800	2361.0	Suspect related to Spectral Match to Ile-Leu from NIST14 (predicted molecular formula SIRIUS: unknown / BUDDY: unknown) with delta m/z -17.026 (putative explanation: Isopeptide bond formation with loss of ammonia|Loss of ammonia|Pyro-glu from Q; atomic difference: -3H,-1N|-3H,-1N|-3H,-1N) [M+H]+
3190	414.2710032529136	0.769736	137		
2501	199.1076690523917	0.7705668	830	2501.0	Suspect related to 1,6-propano-3-ethylideno-1,4-piperazine-2,5-dione (predicted molecular formula SIRIUS: unknown / BUDDY: unknown) with delta m/z 18.01 (putative explanation: Proline oxidation to 5-hydroxy-2-aminovaleric acid|water; atomic difference: 2H,1O|2H,1O) [M+H]+
2648	321.15674633498963	0.77109146	251		
3630	705.1737688752606	0.7715227	-1		
3106	189.12338632642656	0.77162194	32		
3131	374.6897225649664	0.77209693	158		
2970	549.3029719167681	0.77212876	112		
3034	543.2398932509732	0.77224237	28		
3194	350.17389443770503	0.77265525	-1		
2523	400.2197800875744	0.77325755	28		
3163	460.235397298294	0.7735599	116		
3372	472.28807750094734	0.77434057	1770		
2977	345.2125601604756	0.7747497	-1		
3231	405.1980461553258	0.7748319	958		
3116	260.16037600034474	0.7758643	131	3116.0	Suspect related to Ile-Glu-Lys (predicted molecular formula SIRIUS: unknown / BUDDY: unknown) with delta m/z -128.086 (putative explanation: unspecified; atomic difference: unspecified) [M+H]+
3120	262.64492137888294	0.7762339	80		
3405	416.2864249412305	0.7769921	-1		
2990	437.25027942746334	0.777157	475		
3330	260.19682574191125	0.77768266	131	3330.0	Spectral Match to Lys-Leu from NIST14
2531	872.3737872847428	0.77762884	-1		
2469	687.2949479828208	0.77968615	66		
3221	337.6712033905573	0.7806846	15		
3158	504.248182528743	0.78118616	71		
2995	275.1550423044648	0.7812649	733		
3439	572.3406265819252	0.78139067	-1		
2456	375.1871252869121	0.7814314	621	2456.0	Suspect related to Leu-Gly-Lys (predicted molecular formula SIRIUS: C12H33N7O5 / BUDDY: C18H36N4O4) with delta m/z 56.062 (putative explanation: Diethylation, analogous to Dimethylation|Gly->Leu/Ile substitution; atomic difference: 4C,8H|4C,8H) [M+H]+
3053	252.1540732639269	0.7828341	-1	3053.0	Suspect related to Glu-His (predicted molecular formula SIRIUS: C12H18N4O2 / BUDDY: C12H18N4O2) with delta m/z -33.967 (putative explanation: methionine oxidation to homocysteic acid (reverse); atomic difference: 1C,2H,-3O) [M+H]+
3275	370.2085053838175	0.7829673	-1		
2560	525.3397617065294	0.7844751	300		
3105	522.2664025225032	0.7848896	482		
2532	463.2032085402303	0.7853566	139		
2676	603.2254950651052	0.78542674	194		
3003	674.3347472040468	0.7855279	15		
2712	521.2563906582716	0.78615886	-1		
3456	446.2633518559387	0.7868673	104		
3187	305.17089707941045	0.786907	482		
2438	286.17583893454525	0.7869604	22	2438.0	Suspect related to Spectral Match to Leu-Gly-Leu from NIST14 (predicted molecular formula SIRIUS: unknown / BUDDY: unknown) with delta m/z -16.031 (putative explanation: Leu/Ile->Pro substitution; atomic difference: -1C,-4H) [M+H]+
3846	217.1546081881233	0.78760535	32	3846.0	Spectral Match to Val-Val from NIST14
2536	465.2015861366485	0.7877396	209		
3818	263.19628829706926	0.7881306	102		
3188	457.2399283487708	0.78840005	115		
3902	306.16569893654014	0.78894687	28		
2714	263.1732097967851	0.788955	80		
3620	341.218313433831	0.7898918	141	3620.0	Spectral Match to Pro-Pro-Lys from NIST14
3618	629.2889799457809	0.79035676	66		
3181	254.161001929252	0.79040176	453		
3364	290.13470237682566	0.79045576	1275	3364.0	Suspect related to Asp-Gly-Asp (predicted molecular formula SIRIUS: unknown / BUDDY: unknown) with delta m/z -15.96 (putative explanation: Asp->Val substitution|Glu->Leu/Ile substitution; atomic difference: 1C,4H,-2O|1C,4H,-2O) [M+H]+
3428	401.2000512186506	0.7925753	-1		
3781	247.6577667124747	0.79276425	1163		
3401	294.1813153656627	0.79337823	131	3401.0	Suspect related to Glu-Phe (predicted molecular formula SIRIUS: C15H23N3O3 / BUDDY: C15H23N3O3) with delta m/z -0.947 (putative explanation: Glu->Lys substitution; atomic difference: 1C,5H,1N,-2O) [M+H]+
2566	267.1500777820361	0.7936665	492		
3442	533.2933509683825	0.7948888	492		
3205	476.7102335289007	0.7952544	713		
3241	489.2628161322257	0.79574	-1		
3488	197.0921090878176	0.79656875	-1		
3313	260.8054817103813	0.7968471	212		
3045	305.153229002028	0.79693854	482		
3585	657.2821973105736	0.7977822	-1		
3154	430.2295869375347	0.7978068	340		
3334	397.2192594868986	0.7982805	98		
2707	214.11856856104308	0.7988351	213		
3735	276.1559417477453	0.7990836	28		
4376	550.1183902419859	0.8010095	-1		
2674	357.2129450936882	0.8012646	1374	2674.0	Spectral Match to Ile-Pro-Lys from NIST14
2634	251.15022319001807	0.8017474	2	2634.0	Suspect related to His-Pro (predicted molecular formula SIRIUS: unknown / BUDDY: unknown) with delta m/z 16.031 (putative explanation: Pro->Leu/Ile substitution|unspecified; atomic difference: 1C,4H|1C,4H) [M-H2O+H]+
3523	219.1339216348845	0.80339646	102	3523.0	Suspect related to Spectral Match to Ser-Val from NIST14 (predicted molecular formula SIRIUS: C9H18N2O4 / BUDDY: C9H18N2O4) with delta m/z 14.016 (putative explanation: Asn->Gln substitution|Asp->Glu substitution|Gly->Ala substitution|Methylation|Ser->Thr substitution|Val->Leu/Ile substitution|chain elongation; atomic difference: 1C,2H|1C,2H|1C,2H|1C,2H|1C,2H|1C,2H|1C,2H) [M+H]+
3635	235.11872670067467	0.8039866	2	3635.0	Spectral Match to His-Pro from NIST14
3738	344.18133629982555	0.80481505	24		
3458	464.2068458024968	0.8055612	139		
3296	468.257341566921	0.80557835	-1		
3829	288.2031780216976	0.805804	121	3829.0	Spectral Match to Arg-Ile from NIST14
3292	722.3377884384578	0.8058904	-1		
3396	589.2821273343501	0.807539	194		
2715	155.08154420447235	0.8076906	2	2715.0	Suspect related to cyclo-(L-pro-L-val) (predicted molecular formula SIRIUS: unknown / BUDDY: unknown) with delta m/z -42.047 (putative explanation: Deisopropylation, depropylation, dealkylation|Leu/Ile->Ala substitution|Val->Gly substitution; atomic difference: -3C,-6H|-3C,-6H|-3C,-6H) [M+H]+
3551	247.1103508757853	0.80778545	155		
3009	278.67655599817084	0.8091556	-1		
3457	818.4617181637161	0.80915916	-1		
3423	255.16480635839395	0.80921596	453		
3505	473.2366208213044	0.81043655	-1		
3890	218.7904957586007	0.8110266	80		
3282	531.2407328780455	0.81110114	28		
2675	465.1652787481349	0.81114995	209		
3251	390.70432500692567	0.81118846	212		
3578	476.1992546931514	0.8115821	104		
2689	467.1648963291758	0.8118099	-1		
3414	361.6714649242113	0.8123781	1288		
3192	368.2187459773	0.8127144	504		
2664	487.1473119673891	0.8128063	658		
4740	316.1868363513359	0.81366956	258		
3411	426.2237416836845	0.81434375	212		
3799	426.72031380108	0.81508875	1270		
3307	256.1768797572845	0.8162821	453		
3385	565.2970827266888	0.8164023	643		
3534	556.2738293280221	0.81763357	-1		
3532	273.6473433911042	0.8180932	5		
3389	414.2141823068752	0.81865126	368		
3621	485.3081158708553	0.8190065	426		
3288	546.288339030757	0.8190962	38		
3424	373.2080806618165	0.8196592	-1		
3911	494.3083507287037	0.8203238	1301		
3384	310.1159431755078	0.8203667	-1		
3420	253.90936709074944	0.8214776	158		
3284	286.1517372188831	0.8214886	772	3284.0	Suspect related to PyroGlu-Pro-Arg (predicted molecular formula SIRIUS: unknown / BUDDY: unknown) with delta m/z -97.053 (putative explanation: unspecified; atomic difference: unspecified) [M+H]+
3416	239.1366081476069	0.8229832	-1		
3237	631.2739963158025	0.8235477	71		
3942	455.224702686614	0.82373357	98	3942.0	Suspect related to Trp-His (predicted molecular formula SIRIUS: C23H30N6O4 / BUDDY: C23H30N6O4) with delta m/z 113.085 (putative explanation: Acetyldeoxyhypusine|Serine; atomic difference: 6C,11H,1N,1O|6C,11H,1N,1O) [M+H]+
3409	308.15798979847915	0.8252826	143		
4072	234.08476328321777	0.82609105	26		
3392	409.7342787090087	0.8264613	274		
3421	183.6104784663692	0.8264896	98		
4228	253.1180245194768	0.82649976	530	4228.0	Suspect related to Spectral Match to Phe-Tyr from NIST14 (predicted molecular formula SIRIUS: C12H16N2O4 / BUDDY: C12H16N2O4) with delta m/z -76.031 (putative explanation: Dephenylation, didealkynelatoin|Phe->Ala substitution|Tyr->Ser substitution; atomic difference: -6C,-4H|-6C,-4H|-6C,-4H) [M+H]+
3557	831.4021899763811	0.82659423	-1		
3297	267.077376779929	0.8267024	-1		
3644	499.24885822965695	0.82677597	-1		
3266	459.2260737358162	0.82712543	-1		
2791	195.11278636041115	0.82773477	213		
3575	362.1921979939536	0.82881564	230	3575.0	Suspect related to Ala-Leu-Lys (predicted molecular formula SIRIUS: C15H28N4O6 / BUDDY: C20H28N2O4) with delta m/z 29.974 (putative explanation: Val->Glu substitution|quinone|Methyl carboxylation, other oxidation|unspecified; atomic difference: -2H,2O|-2H,2O|2O,-2H|2O,-2H) [M+H]+
3461	543.3137080479692	0.828802	28		
3634	615.3353233053664	0.8297088	82		
3552	223.10768597546016	0.8299702	-1		
3689	457.2056678392388	0.82995355	606		
3276	646.322637370409	0.8302145	55		
3996	294.1548651359324	0.8309808	205	3996.0	Suspect related to Massbank:PR310826 N-Fructosyl phenylalanine (predicted molecular formula SIRIUS: C15H21N2O4 / BUDDY: C12H23NO7) with delta m/z -33.984 (putative explanation: Phe->Leu/Ile substitution; atomic difference: -3C,2H) [M+H]+
3616	431.21256159788834	0.8312121	231		
4755	371.239975116538	0.8316337	110		
3753	313.1741138753925	0.8317388	208	3753.0	Suspect related to Asp-Tyr (predicted molecular formula SIRIUS: C14H17NO7 / BUDDY: C14H17NO7) with delta m/z 14.999 (putative explanation: Asn->Glu substitution|Deamidation followed by a methylation; atomic difference: 1C,1H,-1N,1O|1C,1H,-1N,1O) [M+H]+
3681	391.1939314984506	0.8320409	-1	3681.0	Suspect related to Glu-Ile (predicted molecular formula SIRIUS: C16H27N3O8 / BUDDY: C16H27N3O8) with delta m/z 129.043 (putative explanation: Nmethylmaleimidehydrolysis|Photo-induced Proline adduct|monoglutamyl|unspecified; atomic difference: 5C,7H,1N,3O|5C,7H,1N,3O|5C,7H,1N,3O|5C,7H,1N,3O) [M+H]+
2813	245.16077521480173	0.83309275	121		
3480	324.66621572208544	0.8334004	-1		
3524	367.21677189671993	0.83382404	504		
4283	477.218461629721	0.834118	230		
4060	198.0432704741473	0.8342292	-1	4060.0	ETHYL GALLATE CollisionEnergy:102040
3464	388.19562468928825	0.8342779	668		
3308	245.0953368016096	0.8353617	213		
3295	323.6646751637607	0.83545977	526		
3795	346.1972780758256	0.8357059	114	3795.0	Suspect related to Ser-Ile-Lys (predicted molecular formula SIRIUS: C15H28N4O5 / BUDDY: C15H28N4O5) with delta m/z -2.016 (putative explanation: 2-amino-3-oxo-butanoic_acid|Intact disulfide bridge|Val->Pro substitution; atomic difference: -2H|-2H|-2H) [M+H]+
3533	294.1431615654161	0.8361793	394	3533.0	Suspect related to Spectral Match to Phe-Val from NIST14 (predicted molecular formula SIRIUS: unknown / BUDDY: unknown) with delta m/z 29.974 (putative explanation: Val->Glu substitution|quinone|Methyl carboxylation, other oxidation|unspecified; atomic difference: -2H,2O|-2H,2O|2O,-2H|2O,-2H) [M+H]+
3418	248.1007352293844	0.8383637	-1		
4062	361.2438436148358	0.83897734	750	4062.0	Suspect related to Gly-Leu-Lys (predicted molecular formula SIRIUS: C17H34N4O4 / BUDDY: C22H34N2O2) with delta m/z 42.047 (putative explanation: Ala->Leu/Ile substitution|Gly->Val substitution|Propyl|tri-Methylation|unspecified; atomic difference: 3C,6H|3C,6H|3C,6H|3C,6H|3C,H6) [M+H]+
3978	700.3258761685294	0.8395574	845		
3281	479.2222714586897	0.83972627	458		
3477	515.2618168171396	0.84025073	24		
3291	366.21344289107	0.8403033	98	3291.0	Suspect related to His-Pro (predicted molecular formula SIRIUS: C17H27N5O4 / BUDDY: C17H27N5O4) with delta m/z 113.085 (putative explanation: Acetyldeoxyhypusine|Serine; atomic difference: 6C,11H,1N,1O|6C,11H,1N,1O) [M+H]+
3769	588.2620371020248	0.8405798	82		
3838	165.05459336766248	0.840698	443	3838.0	Spectral Match to L-Tyrosine from NIST14
3948	219.07969759505224	0.840786	-1		
3584	229.11822190150667	0.8408435	102	3584.0	Suspect related to Spectral Match to PyroGlu-Phe from NIST14 (predicted molecular formula SIRIUS: C10H16N2O4 / BUDDY: C10H16N2O4) with delta m/z -48.0 (putative explanation: Phe->Val substitution; atomic difference: -4C) [M+H]+
3063	213.0869740826778	0.84150374	213		
3632	437.24018319841446	0.84405833	28		
4108	228.1706254496236	0.8441182	169		
3915	511.2526944200872	0.8449896	-1		
3919	201.12334536558868	0.84613854	-1	3919.0	Massbank:EQ371602 2-Naphthoxyacetic acid|beta-Naphthoxyacetic acid|(2-Naphthyloxy)acetic acid
4633	239.1023990404944	0.84650296	208	4633.0	Suspect related to PyroGlu-Tyr (predicted molecular formula SIRIUS: unknown / BUDDY: C11H14N2O4) with delta m/z -54.011 (putative explanation: Alkene fragment of DSSO crosslinker (reverse)|MDA adduct +54 (reverse)|Methylglyoxal-derived hydroimidazolone (reverse)|nan (reverse); atomic difference: -3C,-2H,-1O|-3C,-2H,-1O|-3C,-2H,-1O|-3C,-2H,-1O) [M+H]+
3671	226.11851537891968	0.849169	1	3671.0	Suspect related to Spectral Match to PyroGlu-Val from NIST14 (predicted molecular formula SIRIUS: C10H14N2O4 / BUDDY: C10H14N2O4) with delta m/z -2.016 (putative explanation: 2-amino-3-oxo-butanoic_acid|Intact disulfide bridge|Val->Pro substitution; atomic difference: -2H|-2H|-2H) [M+H]+
3887	334.16066536467645	0.8496335	139		
3709	304.18677124143994	0.8497945	1507	3709.0	Suspect related to Spectral Match to Val-Gly-Val from NIST14 (predicted molecular formula SIRIUS: unknown / BUDDY: unknown) with delta m/z 28.031 (putative explanation: Acetaldehyde +28|Ala->Val substitution|Cys->Met substitution|Ethylation|di-Methylation; atomic difference: 2C,4H|2C,4H|2C,4H|2C,4H|2C,4H) [M+H]+
3470	253.12946070784784	0.8500175	530	3470.0	Suspect related to Gly-Tyr (predicted molecular formula SIRIUS: C12H16N2O4 / BUDDY: C12H16N2O4) with delta m/z 14.016 (putative explanation: Asn->Gln substitution|Asp->Glu substitution|Gly->Ala substitution|Methylation|Ser->Thr substitution|Val->Leu/Ile substitution|chain elongation; atomic difference: 1C,2H|1C,2H|1C,2H|1C,2H|1C,2H|1C,2H|1C,2H) [M+H]+
3810	552.3022982788253	0.8501487	247		
3631	428.2868948350324	0.8534355	112		
3655	318.1658389776188	0.8543826	114	3655.0	Suspect related to Spectral Match to Leu-Ile from NIST14 (predicted molecular formula SIRIUS: C15H29N3O4 / BUDDY: C15H29N3O4) with delta m/z 71.037 (putative explanation: unspecified|Acrylamide adduct|Gly->Gln substitution|unspecified|Sarcosine; atomic difference: 1C,3H,4N|3C,5H,1N,1O|3C,5H,1N,1O|3C,5H,1N,1O|unspecified) [M+H]+
3686	199.11440056063188	0.85439956	830		
3663	440.2508862190329	0.85518306	115		
3869	409.2074791199256	0.85601985	590		
3852	369.1744658027823	0.85625124	1009		
4190	561.2518881794999	0.85633326	958		
3132	182.0812649069701	0.85935897	208	3132.0	Spectral Match to L-Tyrosine from NIST14
3255	444.7158231989968	0.8593567	335		
4591	221.09119453313343	0.86045617	208		
3860	390.1865298573679	0.8609113	230	3860.0	Suspect related to Spectral Match to Leu-Val-Lys from NIST14 (predicted molecular formula SIRIUS: C18H37N4OPS / BUDDY: C21H32N4O3) with delta m/z 29.983 (putative explanation: unspecified; atomic difference: unspecified) [M+H]+
3780	387.2239275285658	0.86186534	247		
3963	730.3972094493247	0.8618641	-1		
3994	231.097403492899	0.8628697	1069	3994.0	Suspect related to PyroGlu-Val (predicted molecular formula SIRIUS: unknown / BUDDY: C6H10N6O4) with delta m/z 1.962 (putative explanation: Thr->Cys substitution; atomic difference: -1C,-2H,-1O,1S) [M+H]+
4053	355.1975291987201	0.862991	339	4053.0	Spectral Match to PyroGlu-Pro-Lys from NIST14
4161	321.17262550291946	0.8629963	251		
3896	279.13377673654696	0.86398643	155	3896.0	Suspect related to Spectral Match to Phe-Tyr from NIST14 (predicted molecular formula SIRIUS: C14H18N2O4 / BUDDY: C14H18N2O4) with delta m/z -50.015 (putative explanation: Phe->Pro substitution; atomic difference: -4C,-2H) [M+H]+
4063	631.2749856879581	0.8652773	71		
3831	166.08621582980834	0.8658102	32	3831.0	PHENYLALANINE
4196	641.3368121845981	0.86600256	116		
3876	167.08230044536754	0.8662595	32	3876.0	PHENYLALANINE
4110	422.1986486323502	0.8682369	590		
4204	328.6848438632033	0.87054366	80		
4008	302.1702687321696	0.87173426	1555		
3884	331.1647236541574	0.8729078	102	3884.0	Suspect related to Spectral Match to Phe-Phe from NIST14 (predicted molecular formula SIRIUS: unknown / BUDDY: unknown) with delta m/z 18.01 (putative explanation: Proline oxidation to 5-hydroxy-2-aminovaleric acid|water; atomic difference: 2H,1O|2H,1O) [M+H]+
3858	328.1383380858701	0.8729782	205	3858.0	Suspect related to Citreoviridin putative annotated in Paecelomyces (predicted molecular formula SIRIUS: C14H19N5O3 / BUDDY: C14H19N5O3) with delta m/z -97.053 (putative explanation: unspecified; atomic difference: unspecified) [M+Na]+
3185	267.1338979957996	0.8735272	-1		
3191	177.10227600473007	0.8760333	692		
3563	247.12918184601864	0.8776573	519	3563.0	Spectral Match to Asp-Leu from NIST14
3561	322.18740894174084	0.8786664	121	3561.0	Suspect related to Tyr-Arg (predicted molecular formula SIRIUS: C15H23N5O3 / BUDDY: C15H23N5O3) with delta m/z -15.995 (putative explanation: Ser->Ala substitution|Tyr->Phe substitution|reduction; atomic difference: -1O|-1O|-1O) [M+H]+
4254	284.09896149617373	0.87875843	331	4254.0	Suspect related to ADENOSINE (predicted molecular formula SIRIUS: C5H13N7O7 / BUDDY: C9H13N7O2S) with delta m/z 15.995 (putative explanation: Ala->Ser substitution|Oxidation or Hydroxylation|Phe->Tyr substitution; atomic difference: 1O|1O|1O) [M+H]+
4138	365.1793235696299	0.87911916	590		
4024	348.1763469874572	0.8793866	160	4024.0	Suspect related to Spectral Match to Glu-Val-Phe from NIST14 (predicted molecular formula SIRIUS: C15H27N3O6 / BUDDY: C15H27N3O6) with delta m/z -48.0 (putative explanation: Phe->Val substitution; atomic difference: -4C) [M+H]+
4209	243.15771118188675	0.8798499	426	4209.0	Spectral Match to Lys-Pro from NIST14
4133	400.21977227783066	0.8800489	28		
4027	424.7029335112919	0.88012487	1308		
4147	526.2615721046783	0.88089955	98		
3930	483.2819080252576	0.88113487	-1		
4031	568.2724021285371	0.8822947	17		
3987	332.18167747524546	0.8840164	-1		
4237	362.1552999129369	0.88434064	1126		
4587	215.1389890622222	0.884463	23	4587.0	Spectral Match to Val-Pro from NIST14
4061	543.2404183596149	0.88520575	28		
3932	485.2613892781121	0.88525826	28		
4255	654.3575191527456	0.8855248	80		
4232	259.0922807702695	0.8863272	1049	4232.0	Suspect related to Val-Glu (predicted molecular formula SIRIUS: C10H14N2O6 / BUDDY: C10H14N2O6) with delta m/z 11.964 (putative explanation: unspecified; atomic difference: unspecified) [M+H]+
4463	157.03521485509685	0.8866836	3		
4272	618.3124688510653	0.88708645	270		
4333	229.15470125522413	0.8874631	800	4333.0	Suspect related to Ser-Ile (predicted molecular formula SIRIUS: C11H20N2O3 / BUDDY: C11H20N2O3) with delta m/z 10.021 (putative explanation: Ser->Pro substitution; atomic difference: 2C,2H,-1O) [M+H]+
3923	803.3768299027406	0.8876323	15		
4004	436.7272063015608	0.88929754	475		
4035	345.1844341076453	0.8897961	-1		
4343	341.1827334555266	0.8908125	28		
4086	293.6815534257768	0.89092153	-1		
4022	706.3240740862135	0.89095676	795		
4146	437.2504411391965	0.8912237	475		
4244	226.15491170956275	0.89163184	169	4244.0	Suspect related to Spectral Match to PyroGlu-Pro from NIST14 (predicted molecular formula SIRIUS: C11H19N3O2 / BUDDY: C11H19N3O2) with delta m/z -0.947 (putative explanation: Glu->Lys substitution; atomic difference: 1C,5H,1N,-2O) [M+H]+
4416	201.08706598673456	0.89286464	1111		
4169	343.1976925924325	0.8933723	28		
3973	188.06820311648207	0.8935667	293		
4150	278.6634088471513	0.89469254	-1		
4178	209.1272631561956	0.8960993	92		
4247	600.2982936892063	0.89805675	270		
3992	283.12760409410595	0.89850825	481	3992.0	Suspect related to Spectral Match to Thr-Phe from NIST14 (predicted molecular formula SIRIUS: C13H18N2O5 / BUDDY: C13H18N2O5) with delta m/z 15.995 (putative explanation: Ala->Ser substitution|Oxidation or Hydroxylation|Phe->Tyr substitution; atomic difference: 1O|1O|1O) [M+H]+
4163	376.1707143523455	0.8985684	503		
4084	412.1694791086643	0.8989863	208		
4030	385.1948550946535	0.8991569	1855		
4195	414.1272583914708	0.8992144	69		
4419	262.6448476755203	0.89990824	80		
4253	199.10736754727773	0.9001846	830	4253.0	Suspect related to 1,6-propano-3-ethylideno-1,4-piperazine-2,5-dione (predicted molecular formula SIRIUS: unknown / BUDDY: unknown) with delta m/z 18.01 (putative explanation: Proline oxidation to 5-hydroxy-2-aminovaleric acid|water; atomic difference: 2H,1O|2H,1O) [M+H]+
4289	476.234883764804	0.90019965	991		
4332	783.3994399208843	0.9007815	-1		
4241	618.2731661466943	0.90125656	31		
4456	576.2993315994352	0.90317476	381		
4379	236.14970717989453	0.9042044	-1		
4054	506.8123142304852	0.90437114	707		
4336	524.2811533672851	0.90445685	171		
4477	377.1490180433289	0.90449715	-1		
4291	181.0971977556434	0.9047734	213		
4023	437.7486840551634	0.9052901	-1		
4302	340.198101585945	0.90557647	98		
4521	321.1569887844097	0.90676075	251		
4502	485.185231954754	0.90687144	-1		
4544	290.13498442219014	0.90701824	1275	4544.0	Suspect related to Asp-Gly-Asp (predicted molecular formula SIRIUS: unknown / BUDDY: unknown) with delta m/z -15.96 (putative explanation: Asp->Val substitution|Glu->Leu/Ile substitution; atomic difference: 1C,4H,-2O|1C,4H,-2O) [M+H]+
4215	359.26464622964323	0.9077663	37		
4340	628.3281251402675	0.9082336	280		
4508	361.170879873859	0.9083866	283		
4432	292.1660380241781	0.9088969	322		
4795	489.2304345763391	0.9091975	31		
4612	214.11862691371672	0.909356	213		
4303	375.2059379516041	0.9107139	104	4303.0	Suspect related to Spectral Match to Ile-Val-Lys from NIST14 (predicted molecular formula SIRIUS: C18H36N4O4 / BUDDY: C18H36N4O4) with delta m/z 14.016 (putative explanation: Asn->Gln substitution|Asp->Glu substitution|Gly->Ala substitution|Methylation|Ser->Thr substitution|Val->Leu/Ile substitution|chain elongation; atomic difference: 1C,2H|1C,2H|1C,2H|1C,2H|1C,2H|1C,2H|1C,2H) [M+H]+
3789	366.1655430448748	0.911221	60		
4798	460.234742437565	0.9127287	116		
4115	731.4199701899316	0.9131604	98		
4399	613.15166310838	0.9134179	331		
3872	320.1821234596204	0.9136651	28	3872.0	Suspect related to Spectral Match to Thr-Val-Leu from NIST14 (predicted molecular formula SIRIUS: unknown / BUDDY: unknown) with delta m/z -12.036 (putative explanation: Leu/Ile->Thr substitution|Val->Ser substitution|Dealkylation+hydroxylation; atomic difference: -2C,-4H,1O|-2C,-4H,1O|2C,4H,-1O) [M+H]+
4421	644.3066051901421	0.91422725	55		
4528	472.2885053205901	0.9145662	1770		
4287	591.2963151564569	0.91496867	15		
4279	233.14945567156272	0.91507137	102	4279.0	Suspect related to Leu-Phe (predicted molecular formula SIRIUS: C10H20N2O4 / BUDDY: C10H20N2O4) with delta m/z -46.021 (putative explanation: Phe->Thr substitution; atomic difference: -5C,-2H,1O) [M+H]+
4465	572.3407201969009	0.91544807	-1		
4172	432.21155182008425	0.9158931	104		
5132	256.1769114189632	0.9160271	453		
4648	533.2929145553203	0.9160841	492		
4159	291.83348126696546	0.91613215	475		
4517	486.25709935162666	0.9171498	426		
4542	542.1861328978857	0.91777885	194		
4470	374.689646695922	0.91788256	621		
4406	318.202223404007	0.9179338	114		
4522	331.1973089650913	0.9179406	426	4522.0	Suspect related to .alpha.-L-Asp-L-Phe (predicted molecular formula SIRIUS: unknown / BUDDY: unknown) with delta m/z 50.051 (putative explanation: unspecified; atomic difference: unspecified) [M+H]+
4422	471.2930712742407	0.91805685	115	4422.0	Suspect related to Spectral Match to Pro-Pro-Lys from NIST14 (predicted molecular formula SIRIUS: C21H38N6O6 / BUDDY: C21H38N6O6) with delta m/z 130.063 (putative explanation: unspecified; atomic difference: unspecified) [M+H]+
4231	338.20976998006097	0.918181	158		
5115	259.1435482009306	0.9183842	1230		
4553	599.2773337442479	0.91873944	-1		
4370	550.2340587165303	0.9188285	-1		
4687	421.1925959232746	0.9190595	-1		
4760	254.1609538216348	0.9191112	453		
4205	490.2134025293532	0.91947037	31	4205.0	Spectral Match to Leu-Leu from NIST14
4334	392.2034787120923	0.9197502	947		
5075	504.2483663773344	0.919927	71		
4315	522.2669941376822	0.92068744	482		
4603	465.2030226330666	0.9219493	209		
4552	517.2791059115874	0.92208815	1108		
4445	748.3719383913973	0.92249006	30		
4490	341.68531700598135	0.92320216	141	4490.0	Spectral Match to Pro-Pro-Lys from NIST14
4377	446.22252347785127	0.92341375	104		
4511	588.2630297775781	0.92374355	82		
5070	457.2404554897944	0.92378294	606		
4476	441.1887584616081	0.9238305	252	4476.0	Suspect related to O-Core1+N (predicted molecular formula SIRIUS: C20H28N2O9 / BUDDY: C20H28N2O9) with delta m/z -146.039 (putative explanation: hydroxycinnamyl (reverse)|p-coumaric acid (reverse); atomic difference: -9C,-6H,-2O|-nan) [M+H]+
4656	687.2953585843571	0.9238467	-1		
4408	417.2456206711928	0.92488146	38		
4631	357.21298811277063	0.92499095	1374	4631.0	Spectral Match to Ile-Pro-Lys from NIST14
4354	290.17084290848663	0.92577374	213		
4383	273.647532821034	0.92587256	5		
4351	253.90938749313847	0.9260598	453		
4384	348.1958439555642	0.92611927	160	4384.0	Suspect related to Spectral Match to Glu-Val-Phe from NIST14 (predicted molecular formula SIRIUS: C15H27N3O6 / BUDDY: C15H27N3O6) with delta m/z -48.0 (putative explanation: Phe->Val substitution; atomic difference: -4C) [M+H]+
4420	275.15511594475856	0.92660975	733		
4583	637.3679091279021	0.92668587	98		
4598	459.22650817524254	0.92759347	23		
4479	290.1533424191589	0.9280191	1699		
4623	267.1500705908581	0.9281166	492		
4615	328.1825515249226	0.92816335	80		
3812	675.3338999737151	0.9282483	38		
4373	347.1923164925045	0.9285903	621		
4660	294.1816172268775	0.92874736	131	4660.0	Suspect related to Glu-Phe (predicted molecular formula SIRIUS: C15H23N3O3 / BUDDY: C15H23N3O3) with delta m/z -0.947 (putative explanation: Glu->Lys substitution; atomic difference: 1C,5H,1N,-2O) [M+H]+
4466	327.68230641128304	0.9288028	80		
4412	392.1807372710376	0.92882186	284	4412.0	Phe-C15:0
3894	334.1965463505297	0.9289632	28	3894.0	Suspect related to Spectral Match to Thr-Val-Leu from NIST14 (predicted molecular formula SIRIUS: unknown / BUDDY: unknown) with delta m/z 1.979 (putative explanation: Val->Thr substitution|Demethylation+hydroxylation (on same or differing sites); atomic difference: -1C,-2H,1O|1O,-1C,-2H) [M+H]+
4418	531.2408691722441	0.929193	28		
5269	521.2575278388836	0.9293906	350		
4263	279.1360644272548	0.93007916	1043		
4487	375.18716008219576	0.9306107	621	4487.0	Spectral Match to Ile-Ile-Lys from NIST14
4635	306.1658093947104	0.93112683	28		
4584	267.0774063886094	0.93160033	184		
5043	388.1956379816157	0.9322267	668		
4458	679.3516531181516	0.9340653	154		
3751	570.8409165598489	0.93435705	707		
4596	573.2511705675619	0.93515545	-1		
4338	211.10707450255424	0.93533754	2	4338.0	Suspect related to Spectral Match to Pro-Leu from NIST14 (predicted molecular formula SIRIUS: C10H14N2O3 / BUDDY: C10H14N2O3) with delta m/z -18.047 (putative explanation: unspecified; atomic difference: unspecified) [M+H]+
4410	521.2248477208957	0.9366481	28		
4582	582.3251234369606	0.9371875	151		
4438	460.2769191524914	0.9374225	28		
4509	164.09331543199147	0.9374533	92	4509.0	N,N-dimethyl-7H-purin-6-amine
4268	241.11646652728183	0.93824214	1414		
4320	391.1996702583693	0.9387538	138		
4447	361.67167935756646	0.93928707	1288		
4167	354.2017598275427	0.9396006	278		
4624	625.3411287209233	0.940003	-1		
4425	223.62507911046893	0.9405111	104		
4461	549.3032350500339	0.94074076	112		
4484	305.17133748857435	0.9410101	482		
4756	325.14979996288616	0.94134456	71		
4472	183.6105053832609	0.9414398	98		
4762	261.14418342466473	0.9415381	-1	4762.0	Suspect related to .alpha.-L-Glu-L-Tyr (predicted molecular formula SIRIUS: C11H20N2O5 / BUDDY: C11H20N2O5) with delta m/z -49.982 (putative explanation: unspecified; atomic difference: unspecified) [M+H]+
4741	373.280425553567	0.941564	-1	4741.0	Suspect related to Ser-Leu-Lys (predicted molecular formula SIRIUS: unknown / BUDDY: unknown) with delta m/z 26.053 (putative explanation: Ser->Leu/Ile substitution; atomic difference: 3C,6H,-1O) [M+H]+
4495	219.13391840504804	0.94189876	102	4495.0	Suspect related to Spectral Match to Ser-Val from NIST14 (predicted molecular formula SIRIUS: C9H18N2O4 / BUDDY: C9H18N2O4) with delta m/z 14.016 (putative explanation: Asn->Gln substitution|Asp->Glu substitution|Gly->Ala substitution|Methylation|Ser->Thr substitution|Val->Leu/Ile substitution|chain elongation; atomic difference: 1C,2H|1C,2H|1C,2H|1C,2H|1C,2H|1C,2H|1C,2H) [M+H]+
4644	603.2257096042729	0.94305736	194		
4693	547.3229850562711	0.944871	-1		
4357	263.6343407368591	0.94585586	80		
4716	487.1471718573107	0.9468224	658		
4311	397.2195172016287	0.9478405	98		
4764	278.6767190850508	0.94838107	-1		
4732	556.3184309146174	0.9483739	116		
4559	511.1651681330544	0.94866306	-1		
4430	430.2298608011461	0.9498364	340		
4578	418.7216457234542	0.9501345	442		
5180	245.0951789688341	0.95016026	213		
4674	350.1377804732132	0.9504317	-1		
4561	253.1294827627408	0.95101076	98	4561.0	Spectral Match to His-Pro from NIST14
4837	463.20255479765336	0.95101285	139		
4719	467.16493665590974	0.95171773	-1		
4607	251.15013849375245	0.95216125	2	4607.0	Suspect related to Spectral Match to His-Pro from NIST14 (predicted molecular formula SIRIUS: C12H20N4O3 / BUDDY: C12H20N4O3) with delta m/z 16.031 (putative explanation: Pro->Leu/Ile substitution|unspecified; atomic difference: 1C,4H|1C,4H) [M-H2O+H]+
4313	417.1993994293837	0.9524369	38		
4527	546.2883716114856	0.95331585	38		
4652	543.3139502956033	0.9534289	28		
4590	553.3341914563457	0.9537319	115	4590.0	Suspect related to val-leu-pro-val-pro-gln (predicted molecular formula SIRIUS: C26H44N6O7 / BUDDY: C31H44N4O5) with delta m/z -99.064 (putative explanation: Hydrolysis, cleavage; atomic difference: -5C,-9H,-1N,-1O) [M+H]+
4840	245.1606840205899	0.9537842	121	4840.0	Arg-C4:0
4702	629.2888607085791	0.9543156	66		
4749	465.1648184992041	0.9558122	209		
4742	310.1162072124412	0.9561364	-1		
4686	485.3077495114341	0.95632374	426		
4649	294.14274798889625	0.9565754	643		
4723	169.0970304113063	0.95662266	2	4723.0	Suspect related to cyclo(L-Leu-L-Pro) (predicted molecular formula SIRIUS: C8H12N2O2 / BUDDY: C8H12N2O2) with delta m/z -42.047 (putative explanation: Deisopropylation, depropylation, dealkylation|Leu/Ile->Ala substitution|Val->Gly substitution; atomic difference: -3C,-6H|-3C,-6H|-3C,-6H) [M+H]+
4696	341.21839362255355	0.9572993	141	4696.0	Spectral Match to Pro-Pro-Lys from NIST14
5100	565.2963827636382	0.95820016	643		
4637	446.2622029856264	0.9590736	104		
4457	587.305445951096	0.9596081	782		
4802	195.11279436657912	0.9601211	213		
4678	366.2134985678854	0.96128035	60		
4709	414.2710768496812	0.9619608	137		
4659	189.11348787821493	0.9622884	102	4659.0	Glycyl-L-leucine CollisionEnergy:102040
4672	442.26584586944216	0.9623443	13		
4856	419.2148897812282	0.9649383	-1		
5047	368.2187826045488	0.9653572	278		
4661	362.1925422795592	0.9654767	230	4661.0	Suspect related to Ala-Leu-Lys (predicted molecular formula SIRIUS: C15H28N4O6 / BUDDY: C20H28N2O4) with delta m/z 29.974 (putative explanation: Val->Glu substitution|quinone|Methyl carboxylation, other oxidation|unspecified; atomic difference: -2H,2O|-2H,2O|2O,-2H|2O,-2H) [M+H]+
4668	272.160319587474	0.96587455	28		
4688	273.16409447918244	0.96616584	5		
4784	722.3382481328478	0.9669179	-1		
4720	476.7104946438887	0.9674618	713		
4717	431.2124270693952	0.9677365	231		
4917	321.1730654510034	0.9678288	251		
4867	213.0869213393193	0.9686009	213		
4813	217.1545887106399	0.9688486	32	4813.0	Suspect related to Spectral Match to Val-Met from NIST14 (predicted molecular formula SIRIUS: C10H20N2O3 / BUDDY: C10H20N2O3) with delta m/z -31.972 (putative explanation: Cys->Ala substitution|Met->Val substitution; atomic difference: -1S|-1S) [M+H]+
5133	367.2166653663352	0.96918553	504	5133.0	Suspect related to His-Pro (predicted molecular formula SIRIUS: C17H27N5O4 / BUDDY: C17H27N5O4) with delta m/z 113.085 (putative explanation: Acetyldeoxyhypusine|Serine; atomic difference: 6C,11H,1N,1O|6C,11H,1N,1O) [M+H]+
4959	588.264121521495	0.9703403	82		
4787	243.1338024999136	0.9713052	-1		
4782	440.2506569057246	0.97148424	115		
4746	389.2025699499812	0.97217757	167	4746.0	Suspect related to Glu-Phe-Lys (predicted molecular formula SIRIUS: C17H32N4O6 / BUDDY: C17H32N4O6) with delta m/z -33.984 (putative explanation: Phe->Leu/Ile substitution; atomic difference: -3C,2H) [M+H]+
4761	391.2342698097604	0.9744329	395	4761.0	Suspect related to Spectral Match to Ala-Pro-Lys from NIST14 (predicted molecular formula SIRIUS: C20H30N4O4 / BUDDY: C20H30N4O4) with delta m/z 76.031 (putative explanation: Acrolein addition +76|Ala->Phe substitution|Ser->Tyr substitution|unspecified; atomic difference: 6C,4H|6C,4H|6C,4H|6C,4H) [M+H]+
4597	438.243329482829	0.97501796	5		
4745	486.2769408165202	0.9763101	-1		
5076	446.2444647004492	0.97680986	104		
4808	409.20697726784766	0.97733766	590		
4577	410.1743086417553	0.97751784	213		
4955	369.1745375975058	0.97816944	1009		
4715	646.3228399744705	0.9791103	55		
5004	243.1576874000804	0.9803421	426	5004.0	Spectral Match to Lys-Pro from NIST14
4826	411.17592301704974	0.9810105	-1		
4868	574.1295781252865	0.981889	331	4868.0	Spectral Match to Adenylyl(3'-5')cytidine from NIST14
4863	356.1441551771641	0.9828262	28	4863.0	Suspect related to Spectral Match to Ala-Pro-Lys from NIST14 (predicted molecular formula SIRIUS: C13H30N4O5S / BUDDY: C21H26N2O3) with delta m/z 39.994 (putative explanation: extra OH sodium adduct|Glyoxal-derived hydroimiadazolone|S-carbamoylmethylcysteine cyclization (N-terminus)|unspecified; atomic difference: 1H,1O|2C,1O|2C,1O|2C,1O) [M+H]+
4804	437.2403342867645	0.98388016	28		
4175	244.1000966552745	0.98401356	102		
5006	303.16580468089927	0.98503864	397	5006.0	Suspect related to Spectral Match to Phe-Leu from NIST14 (predicted molecular formula SIRIUS: C14H27N3O4 / BUDDY: C14H27N3O4) with delta m/z 23.036 (putative explanation: unspecified; atomic difference: unspecified) [M+H]+
4965	479.22229161591866	0.9857607	458		
5265	525.3399775467194	0.9864812	300		
4894	528.3142861395321	0.9867129	-1		
4899	318.16601892356255	0.98675656	114	4899.0	Suspect related to Spectral Match to Leu-Ile from NIST14 (predicted molecular formula SIRIUS: C15H29N3O4 / BUDDY: C15H29N3O4) with delta m/z 71.037 (putative explanation: unspecified|Acrylamide adduct|Gly->Gln substitution|unspecified|Sarcosine; atomic difference: 1C,3H,4N|3C,5H,1N,1O|3C,5H,1N,1O|3C,5H,1N,1O|unspecified) [M+H]+
5377	391.1985645754686	0.9879944	138		
4999	252.62811997270023	0.988072	71		
4969	274.1766916305089	0.9892397	659	4969.0	Suspect related to Spectral Match to Ile-Lys from NIST14 (predicted molecular formula SIRIUS: C12H26N4O3 / BUDDY: C12H26N4O3) with delta m/z 15.011 (putative explanation: ADP-ribosylation followed by conversion to hydroxamic acid via hydroxylamine|Leu/Ile->Lys substitution|Tyrosine oxidation to 2-aminotyrosine|unspecified; atomic difference: 1H,1N|1H,1N|1H,1N|1H,1N) [M+H]+
4994	305.15328409004206	0.9895714	482		
4729	674.3356126936676	0.99080795	15		
4895	387.22385975098376	0.99103916	247		
4226	534.1913832333439	0.9912299	355		
4805	783.3625889641576	0.9915527	-1		
4989	543.2407339018714	0.99280035	28		
4825	512.1957365206788	0.99321485	-1		
4568	323.66492099233943	0.99353665	526		
5550	348.1764254881979	0.9937258	160	5550.0	Suspect related to Spectral Match to Glu-Val-Phe from NIST14 (predicted molecular formula SIRIUS: C15H27N3O6 / BUDDY: C15H27N3O6) with delta m/z -48.0 (putative explanation: Phe->Val substitution; atomic difference: -4C) [M+H]+
4424	515.2175255660882	0.9948921	355		
4799	378.1268269200161	0.99494416	-1		
4836	330.20195683452414	0.99598795	258	4836.0	Suspect related to Spectral Match to Ile-Val-Lys from NIST14 (predicted molecular formula SIRIUS: C16H29N3O4 / BUDDY: C16H29N3O4) with delta m/z -31.042 (putative explanation: Lys->Pro substitution; atomic difference: -1C,-5H,-1N) [M+H]+
4838	166.10103827018065	0.99696916	-1		
4864	167.08377014746145	0.9979252	32	4864.0	PHENYLALANINE
5104	781.3955585469195	0.99827105	1320		
4862	522.7638101910663	0.99978983	15		
4853	532.2607818505927	1.0013316	958		
4439	210.05040287140903	1.001549	92		
5000	185.092169787136	1.0020175	2	5000.0	Suspect related to cyclo-[L-(4-hydroxy-Pro)-L-leu] (predicted molecular formula SIRIUS: unknown / BUDDY: unknown) with delta m/z -42.021 (putative explanation: Ornithine from Arginine; atomic difference: -1C,-2H,-2N) [M+H]+
5434	226.1184156116949	1.0020344	1	5434.0	Suspect related to Spectral Match to PyroGlu-Val from NIST14 (predicted molecular formula SIRIUS: C10H14N2O4 / BUDDY: C10H14N2O4) with delta m/z -2.016 (putative explanation: 2-amino-3-oxo-butanoic_acid|Intact disulfide bridge|Val->Pro substitution; atomic difference: -2H|-2H|-2H) [M+H]+
4832	518.2138122782981	1.0021722	-1		
5547	331.16504961441314	1.0038155	102	5547.0	Suspect related to Spectral Match to Phe-Phe from NIST14 (predicted molecular formula SIRIUS: unknown / BUDDY: unknown) with delta m/z 18.01 (putative explanation: Proline oxidation to 5-hydroxy-2-aminovaleric acid|water; atomic difference: 2H,1O|2H,1O) [M+H]+
4281	286.17588005551846	1.0042164	22		
4748	189.1233338970553	1.0046953	102	4748.0	Spectral Match to Gly-Leu from NIST14
4875	249.82591420280264	1.0049571	158		
5606	166.08649315257293	1.0053407	32	5606.0	PHENYLALANINE
4918	178.08960103105204	1.0065168	3		
4920	188.06828644607245	1.0067183	-1		
4922	355.18572974721013	1.0070049	284		
4903	373.1718397099818	1.007714	-1		
4666	589.2824727653453	1.0078515	194		
4928	199.14407391716483	1.0082611	3		
4876	337.6711176627443	1.0091488	15		
5134	443.2251095327503	1.0103558	-1		
5002	226.1548558655873	1.0107553	169	5002.0	Suspect related to Spectral Match to PyroGlu-Pro from NIST14 (predicted molecular formula SIRIUS: C11H19N3O2 / BUDDY: C11H19N3O2) with delta m/z -0.947 (putative explanation: Glu->Lys substitution; atomic difference: 1C,5H,1N,-2O) [M+H]+
5061	166.02667744448658	1.012102	32	5061.0	DL-PHENYLALANINE CollisionEnergy:205060
5026	353.14731666182905	1.0124371	-1		
4765	653.3617893622985	1.012601	151		
4972	376.1710536905744	1.0129277	503		
5021	189.071690753481	1.0130919	-1	5021.0	Spectral Match to Gly-Ile from NIST14
4990	344.18138342680976	1.0152736	774		
4551	246.1448089749053	1.0153415	722	4551.0	Suspect related to Asn-Val (predicted molecular formula SIRIUS: C10H19N3O4 / BUDDY: C10H19N3O4) with delta m/z 14.016 (putative explanation: Asn->Gln substitution|Asp->Glu substitution|Gly->Ala substitution|Methylation|Ser->Thr substitution|Val->Leu/Ile substitution|chain elongation; atomic difference: 1C,2H|1C,2H|1C,2H|1C,2H|1C,2H|1C,2H|1C,2H) [M+H]+
5019	407.1922750765438	1.0153798	115	5019.0	Suspect related to Spectral Match to Phe-Pro-Lys from NIST14 (predicted molecular formula SIRIUS: unknown / BUDDY: unknown) with delta m/z 15.958 (putative explanation: Leu/Ile->Glu substitution|Val->Asp substitution|Demethylation+carboxylation; atomic difference: -1C,-4H,2O|-1C,-4H,2O|2O,-1C,-4H) [M+H]+
4960	302.17050794167614	1.015681	1555		
4981	524.279570949841	1.0163177	171		
4947	390.18640504598034	1.0179222	230	4947.0	Suspect related to Spectral Match to Leu-Val-Lys from NIST14 (predicted molecular formula SIRIUS: C18H37N4OPS / BUDDY: C21H32N4O3) with delta m/z 29.983 (putative explanation: unspecified; atomic difference: unspecified) [M+H]+
4680	506.8122584534961	1.019178	707		
5321	308.1577446825733	1.0200176	143		
5502	328.1386438293265	1.0202188	205	5502.0	Suspect related to Citreoviridin putative annotated in Paecelomyces (predicted molecular formula SIRIUS: C14H19N5O3 / BUDDY: C14H19N5O3) with delta m/z -97.053 (putative explanation: unspecified; atomic difference: unspecified) [M+Na]+
4987	209.09184896764367	1.0209522	1		
5224	654.3575793681175	1.0235932	80		
4854	155.08155522574555	1.0259832	2	4854.0	Suspect related to cyclo-(L-pro-L-val) (predicted molecular formula SIRIUS: unknown / BUDDY: unknown) with delta m/z -42.047 (putative explanation: Deisopropylation, depropylation, dealkylation|Leu/Ile->Ala substitution|Val->Gly substitution; atomic difference: -3C,-6H|-3C,-6H|-3C,-6H) [M+H]+
5044	359.192293276862	1.0262463	37		
4968	506.1916403244183	1.0268078	-1		
5046	195.12261353691576	1.02795	221		
4931	807.4473593997859	1.029159	154		
4998	423.234065650177	1.029817	-1		
5227	531.2410922915358	1.0301236	28		
5680	441.1868592257582	1.0313611	252	5680.0	Suspect related to O-Core1+N (predicted molecular formula SIRIUS: C20H28N2O9 / BUDDY: C20H28N2O9) with delta m/z -146.039 (putative explanation: hydroxycinnamyl (reverse)|p-coumaric acid (reverse); atomic difference: -9C,-6H,-2O|-nan) [M+H]+
5231	446.2223504425274	1.0313907	104		
5054	441.23425710614345	1.0320829	-1		
4941	203.13909277348048	1.0335362	102		
5092	490.21413430376913	1.0342423	31	5092.0	Spectral Match to Leu-Leu from NIST14
5117	296.1841516271046	1.0343834	532		
5020	461.2235275040965	1.0351743	528		
5161	417.1985859031909	1.0358162	98		
6089	602.2786047306618	1.0370365	-1		
5088	440.214636473168	1.0373086	-1		
4681	263.17328481208057	1.0378828	80		
4938	374.23491264405504	1.0385791	158		
5094	437.24784713755264	1.0386512	-1		
5108	242.09974294123143	1.039115	169		
4861	345.68679413370984	1.0391946	-1		
5111	647.3221638948935	1.03981	116		
5103	400.2194447143372	1.0398749	28		
5140	468.1942351183524	1.0400976	169		
5120	364.1536427308976	1.040706	331		
5324	195.0764282645399	1.0407809	213		
5157	423.1872894392224	1.0411674	-1		
5138	468.2826452162287	1.042435	169		
5352	230.1133771877996	1.042941	293		
5369	215.138993382777	1.0435249	23	5369.0	Spectral Match to Val-Pro from NIST14
5256	461.21010288030095	1.0441093	169		
5322	417.2457113377113	1.0443659	38		
5022	512.2743627669682	1.0444521	-1		
5150	220.1178516320812	1.0447705	175	5150.0	D-PANTOTHENIC ACID
5141	435.2806105536452	1.0448357	-1		
5032	515.7642134361976	1.0448297	24		
4585	473.2362083472435	1.0450122	94		
5163	475.1808701456671	1.0456301	-1		
5258	662.3172930656917	1.0457565	55		
5166	242.1859830141356	1.0460565	169	5166.0	Suspect related to Glu-Ile (predicted molecular formula SIRIUS: C12H23N3O2 / BUDDY: C12H23N3O2) with delta m/z -18.958 (putative explanation: unspecified; atomic difference: unspecified) [M+H]+
5085	343.1975856140892	1.0468425	821	5085.0	Spectral Match to Ile-Pro-Ile from NIST14
5188	518.2391551462279	1.0473326	-1		
5325	243.1897886753813	1.0475669	169	5325.0	Suspect related to Glu-Ile (predicted molecular formula SIRIUS: C12H23N3O2 / BUDDY: C12H23N3O2) with delta m/z -18.958 (putative explanation: unspecified; atomic difference: unspecified) [M+H]+
5147	304.1870765399053	1.0475706	-1		
5106	522.2678233463315	1.0476	482		
5113	437.2463148971854	1.0476495	475		
5845	354.2017403047279	1.0486366	278		
5015	499.2475882885236	1.0487193	17		
5013	428.2868657113385	1.0499235	112		
5193	343.84396059106064	1.0503712	82		
5340	549.3030287556959	1.0505886	112		
5148	223.62501414873057	1.0509043	104		
4976	675.2830369829554	1.0512255	231		
5271	631.2757435270843	1.051352	71		
5213	376.15199990356535	1.052836	-1		
5800	288.19182589195253	1.0528505	-1		
5533	637.3676517821175	1.0528977	98		
5317	392.2018643334778	1.0535555	947		
5164	515.2630080969273	1.0536116	24		
5385	455.2498500170915	1.0536462	22		
5241	459.24646808836457	1.0544076	-1		
5445	430.22996068986384	1.0545939	332		
5018	588.2988880292307	1.0554868	653		
5234	234.0849143713353	1.0555934	-1		
5910	457.2079075636427	1.0568054	606		
5215	474.2189228174268	1.0571883	-1		
4726	279.1340042949841	1.0580226	155		
5296	384.2125872015914	1.0582219	818		
4963	409.7347179760789	1.0596575	213		
5053	157.03519588770197	1.0609672	3		
5276	347.192309181844	1.0609661	621		
5177	158.08118016461214	1.0611247	830		
5230	250.0384764935069	1.0613115	355		
5282	431.285719887286	1.0621814	22		
5464	331.66234445550526	1.0629278	-1	5464.0	Candidate Pentahydroxylated bile acid (delta mass -109.622)
5329	1029.5183335630345	1.0631411	-1		
5446	543.3136922513889	1.0633345	28		
5272	523.2485361708408	1.0640882	463		
4779	873.4869757439594	1.0641472	144		
5250	359.2645065402686	1.0643568	37		
6107	653.2572251714663	1.0651306	-1		
5418	366.2134281703396	1.0679452	60		
5412	275.1553310883333	1.0704497	733		
5127	429.2323017165471	1.0704616	-1		
5217	291.8334051205335	1.0716945	475		
5375	546.2878252659723	1.0731214	38		
5484	485.2639651988713	1.0732836	28		
5275	260.1604264538395	1.073699	604	5275.0	Suspect related to Spectral Match to Leu-Gly-Leu from NIST14 (predicted molecular formula SIRIUS: unknown / BUDDY: unknown) with delta m/z -42.047 (putative explanation: Deisopropylation, depropylation, dealkylation|Leu/Ile->Ala substitution|Val->Gly substitution; atomic difference: -3C,-6H|-3C,-6H|-3C,-6H) [M+H]+
5353	348.0703309992489	1.0737224	331		
5302	519.2325593009709	1.074046	230		
4890	635.2877166659356	1.0742173	384		
5467	272.16014503274704	1.0742671	28		
5307	241.1166070680893	1.0752561	-1		
5350	231.0838104867437	1.0755267	-1		
5519	454.3027072048856	1.0755306	250		
5233	415.21848378861694	1.0760746	-1		
5219	444.7159665556943	1.0761433	335		
5172	730.3988859026362	1.0764173	247		
5069	341.183013045372	1.07662	28		
5341	177.10212941701798	1.0772815	692		
5371	251.15022868815404	1.0774516	2	5371.0	Suspect related to His-Phe (predicted molecular formula SIRIUS: unknown / BUDDY: unknown) with delta m/z -33.967 (putative explanation: methionine oxidation to homocysteic acid (reverse); atomic difference: 1C,2H,-3O) [M-H2O+H]+
5378	511.25116016455496	1.0777911	17		
5333	597.1568984215158	1.0778838	331		
5221	462.2312071907319	1.0784764	458		
5395	448.2651690083917	1.0794606	-1		
5240	377.2393062232162	1.0799694	-1		
5401	362.1923767562234	1.0800629	230	5401.0	Suspect related to Ala-Leu-Lys (predicted molecular formula SIRIUS: C15H28N4O6 / BUDDY: C20H28N2O4) with delta m/z 29.974 (putative explanation: Val->Glu substitution|quinone|Methyl carboxylation, other oxidation|unspecified; atomic difference: -2H,2O|-2H,2O|2O,-2H|2O,-2H) [M+H]+
5428	317.1816674534355	1.0820899	-1	5428.0	Suspect related to Spectral Match to Leu-Ile from NIST14 (predicted molecular formula SIRIUS: C15H29N3O4 / BUDDY: C15H29N3O4) with delta m/z 71.037 (putative explanation: unspecified|Acrylamide adduct|Gly->Gln substitution|unspecified|Sarcosine; atomic difference: 1C,3H,4N|3C,5H,1N,1O|3C,5H,1N,1O|3C,5H,1N,1O|unspecified) [M+H]+
5466	245.16064374122328	1.0823779	121	5466.0	Arg-C4:0
5609	722.3388457318151	1.0829647	-1		
5507	379.19531151729433	1.083472	458		
5137	219.13400506748803	1.0835599	-1	5137.0	Suspect related to Spectral Match to Pantothenic acid from NIST14 (predicted molecular formula SIRIUS: C9H18N2O4 / BUDDY: C9H18N2O4) with delta m/z -0.984 (putative explanation: Amidation|Asp->Asn substitution|Glu->Gln substitution; atomic difference: 1H,1N,-1O|1H,1N,-1O|1H,1N,-1O) [M+H]+
5508	267.15009511476194	1.0835708	492		
5470	276.10773578491035	1.0838026	252	5470.0	Suspect related to N-Acetyl-D-glucosamine (predicted molecular formula SIRIUS: C11H21NO9 / BUDDY: C11H21NO9) with delta m/z 90.031 (putative explanation: unspecified; atomic difference: unspecified) [M-2H2O+H]+
5242	182.0813381348175	1.0852109	208	5242.0	Spectral Match to L-Tyrosine from NIST14
5155	253.90945735320983	1.08542	453		
5495	356.1787016762773	1.0858104	1035		
4611	609.2992754788768	1.0860304	482		
5178	440.2504668138807	1.0882689	115		
5278	552.303238125854	1.0883813	247		
5604	460.24081276883874	1.0888059	-1		
5169	488.3092931354991	1.088973	-1		
5332	306.16554547044075	1.0893329	28		
5387	447.7245330847175	1.0913122	-1		
5634	646.3229805188043	1.0918959	55		
5583	183.6105461536584	1.0925974	98		
6684	568.2719224260819	1.0929302	17		
5717	526.3431047517303	1.0936592	98		
5478	762.4142425568848	1.0941751	84		
5485	342.1634012290728	1.0945997	1035		
5351	212.1029198873565	1.0949092	213		
5491	381.710390085623	1.0969036	84		
5567	253.12962282281595	1.0972362	98	5567.0	Spectral Match to His-Pro from NIST14
5675	431.2129271608951	1.0973533	231		
5383	541.2123270345154	1.0976851	460		
5476	688.2660566483852	1.0979111	1328		
5516	610.284256970767	1.0980071	17		
5551	489.2635303468499	1.0983192	1502	5551.0	Suspect related to NCGC00169796-02_C20H30O10_2-Phenylethyl 6-O-(6-deoxy-alpha-L-mannopyranosyl)-beta-D-glucopyranoside (predicted molecular formula SIRIUS: unknown / BUDDY: C22H32O11) with delta m/z 42.01 (putative explanation: Acetylation|Ser->Glu substitution|unspecified; atomic difference: 2C,2H,1O|2C,2H,1O|3N) [M+NH4]+
5300	341.2183984736849	1.0998592	141	5300.0	Spectral Match to Pro-Pro-Lys from NIST14
5309	262.64495258437125	1.1003808	80		
5690	323.66499407527374	1.1009971	526		
5109	324.1648123753731	1.101196	497		
5430	292.12913134309633	1.1025919	79	5430.0	Suspect related to Spectral Match to Gly-Tyr from NIST14 (predicted molecular formula SIRIUS: C14H16N2O5 / BUDDY: C14H16N2O5) with delta m/z 54.01 (putative explanation: unspecified|Alkene fragment of DSSO crosslinker|MDA adduct +54|Methylglyoxal-derived hydroimidazolone|unspecified; atomic difference: 1C,3N|3C,2H,1O|3C,2H,1O|3C,2H,1O|3C,2H,1O) [M+H]+
5836	254.16093881641464	1.1028959	453		
5316	501.2659278091013	1.1046302	340		
5014	392.18098101624327	1.105181	284	5014.0	Phe-C15:0
5797	314.1111879947761	1.10521	-1		
5591	223.10784904217448	1.1061616	32	5591.0	Suspect related to Massbank:RP000401 L-Phenylalanine|(2S)-2-azaniumyl-3-phenylpropanoate (predicted molecular formula SIRIUS: C11H14N2O3 / BUDDY: C11H14N2O3) with delta m/z 57.022 (putative explanation: unspecified|2,3-dihydro-2,2-dimethyl-7-benzofuranol N-methyl carbamate|Addition of Glycine|Ala->Gln substitution|Gly->Asn substitution|Glycination|Iodoacetamide derivative; atomic difference: 1H,4N|2C,3H,1N,1O|2C,3H,1N,1O|2C,3H,1N,1O|2C,3H,1N,1O|2C,3H,1N,1O|2C,3H,1N,1O) [M+H]+
5171	334.16152422010896	1.1064755	139		
5592	340.1975274408037	1.1071336	98		
5482	249.1258143340597	1.1076247	-1		
5455	239.10162583959053	1.1076692	208	5455.0	Suspect related to PyroGlu-Tyr (predicted molecular formula SIRIUS: unknown / BUDDY: C11H14N2O4) with delta m/z -54.011 (putative explanation: Alkene fragment of DSSO crosslinker (reverse)|MDA adduct +54 (reverse)|Methylglyoxal-derived hydroimidazolone (reverse)|nan (reverse); atomic difference: -3C,-2H,-1O|-3C,-2H,-1O|-3C,-2H,-1O|-3C,-2H,-1O) [M+H]+
6404	334.19705634851164	1.1077158	28	6404.0	Suspect related to Spectral Match to Thr-Val-Leu from NIST14 (predicted molecular formula SIRIUS: unknown / BUDDY: unknown) with delta m/z 1.979 (putative explanation: Val->Thr substitution|Demethylation+hydroxylation (on same or differing sites); atomic difference: -1C,-2H,1O|1O,-1C,-2H) [M+H]+
5336	365.1794481938984	1.1080309	590		
5481	514.3216865647855	1.1084236	22		
5062	247.1108500454734	1.1086398	519	5062.0	Suspect related to Spectral Match to Pro-Val from NIST14 (predicted molecular formula SIRIUS: C13H14N2O3 / BUDDY: C13H14N2O3) with delta m/z 31.972 (putative explanation: Ala->Cys substitution|Val->Met substitution|persulfide; atomic difference: 1S|1S|1S) [M+H]+
5546	354.0784249451186	1.1086794	1329		
5594	642.2586888739853	1.1088808	-1		
5535	320.1818479780504	1.1089723	28	5535.0	Suspect related to Spectral Match to Thr-Val-Leu from NIST14 (predicted molecular formula SIRIUS: unknown / BUDDY: unknown) with delta m/z -12.036 (putative explanation: Leu/Ile->Thr substitution|Val->Ser substitution|Dealkylation+hydroxylation; atomic difference: -2C,-4H,1O|-2C,-4H,1O|2C,4H,-1O) [M+H]+
5586	751.3725442392357	1.1089553	-1		
5306	249.0847113493692	1.1091031	616		
5370	227.1025938172985	1.1096152	1	5370.0	Suspect related to Spectral Match to PyroGlu-Val from NIST14 (predicted molecular formula SIRIUS: C10H14N2O4 / BUDDY: C10H14N2O4) with delta m/z -2.016 (putative explanation: 2-amino-3-oxo-butanoic_acid|Intact disulfide bridge|Val->Pro substitution; atomic difference: -2H|-2H|-2H) [M+H]+
5315	221.09174423754456	1.1100024	208		
5450	404.2269967606906	1.110029	154		
5091	433.19241860529286	1.1101382	528		
5543	713.4190308309217	1.1105162	-1		
7459	345.2492317170808	1.1106406	-1		
5734	375.18753797112345	1.1111448	621	5734.0	Suspect related to Spectral Match to Leu-Val-Lys from NIST14 (predicted molecular formula SIRIUS: C14H30N8O2S / BUDDY: C21H30N2O4) with delta m/z 15.958 (putative explanation: Leu/Ile->Glu substitution|Val->Asp substitution|Demethylation+carboxylation; atomic difference: -1C,-4H,2O|-1C,-4H,2O|2O,-1C,-4H) [M+H]+
5614	585.3608136352511	1.1113086	115		
5875	188.068236424522	1.1119184	-1		
5529	199.10773374066912	1.1121948	338		
5274	464.2065826781013	1.1122279	139		
5801	769.3825835583359	1.1122246	-1		
5587	230.1579980329176	1.1128802	155	5587.0	Suspect related to Spectral Match to Ile-Leu from NIST14 (predicted molecular formula SIRIUS: unknown / BUDDY: unknown) with delta m/z -16.031 (putative explanation: Leu/Ile->Pro substitution; atomic difference: -1C,-4H) [M+H]+
5392	213.0871327533636	1.1145257	213		
5610	457.3014458568271	1.1159662	22	5610.0	1234_Tetrahydroharmane_3_carboxylic_acid
5539	318.1478831077813	1.1161034	1530	5539.0	Suspect related to Spectral Match to Thr-Val-Leu from NIST14 (predicted molecular formula SIRIUS: unknown / BUDDY: unknown) with delta m/z -16.031 (putative explanation: Leu/Ile->Pro substitution; atomic difference: -1C,-4H) [M+H]+
5678	256.1768123807762	1.1174285	453		
5892	361.2082418318285	1.118714	-1		
6703	457.2404092238526	1.1188953	115		
5432	618.2735337029668	1.1196924	31		
5919	324.6663199868137	1.1198515	-1		
5605	229.1545486189385	1.1202933	155	5605.0	Suspect related to Spectral Match to His-Ile from NIST14 (predicted molecular formula SIRIUS: C11H20N2O3 / BUDDY: C11H20N2O3) with delta m/z -40.009 (putative explanation: His->Pro substitution; atomic difference: -1C,-2N) [M+H]+
5681	477.216283914659	1.121623	230		
5745	268.12752091675367	1.122303	-1		
5978	268.1045693729397	1.122638	331	5978.0	4687 - 30.0 eV
5857	394.1276022557657	1.1228051	414		
5382	332.2179392032688	1.1230427	114	5382.0	Suspect related to Spectral Match to Ile-Val-Lys from NIST14 (predicted molecular formula SIRIUS: C19H26N2O3 / BUDDY: C14H26N4O5) with delta m/z -28.068 (putative explanation: unspecified; atomic difference: unspecified) [M+H]+
5898	565.2965074937913	1.1234808	643		
5548	269.82051181999555	1.1250176	154		
5897	446.2618903852819	1.1251336	104		
5419	644.3071849729881	1.12539	55		
5825	321.15663922243726	1.1255099	251		
5441	355.1616855939107	1.1261055	-1		
5774	589.2830024812753	1.1267272	194		
5553	410.1748722642524	1.126767	213		
6044	209.0921283059729	1.127263	1		
7187	397.21930908956034	1.1272696	98		
5486	374.1380132851932	1.1280253	28		
5698	290.085955964697	1.1282616	1275	5698.0	Suspect related to Ser-Ile (predicted molecular formula SIRIUS: C13H25N3O4 / BUDDY: C13H25N3O4) with delta m/z 69.058 (putative explanation: unspecified; atomic difference: 4C,7H,1N) [M+H]+
5411	233.14963680414385	1.1285433	102	5411.0	Suspect related to Leu-Phe (predicted molecular formula SIRIUS: C10H20N2O4 / BUDDY: C10H20N2O4) with delta m/z -46.021 (putative explanation: Phe->Thr substitution; atomic difference: -5C,-2H,1O) [M+H]+
5709	360.2124931042756	1.128964	114	5709.0	Suspect related to Spectral Match to Ile-Leu from NIST14 (predicted molecular formula SIRIUS: unknown / BUDDY: unknown) with delta m/z 115.026 (putative explanation: Asp|Cleavage product of EGS protein crosslinks by hydroylamine treatment; atomic difference: 4C,5H,1N,3O|4C,5H,1N,3O) [M+H]+
5623	328.6849906336517	1.1301101	80		
5684	499.2007860036925	1.1303775	-1		
5673	211.10717791549496	1.1306767	2	5673.0	Suspect related to Massbank:PR311142 Cyclo(leucylprolyl) (predicted molecular formula SIRIUS: C11H15NO3 / BUDDY: C11H15NO3) with delta m/z -1.036 (putative explanation: unspecified; atomic difference: unspecified) [M+H]+
5830	570.8415064168743	1.1310778	707		
6579	435.2085195783767	1.1312828	899		
5746	361.6728917876538	1.1314093	1288		
5931	668.304956204039	1.131632	-1		
5699	294.18107485208645	1.1320825	131	5699.0	Suspect related to Lys-Trp (predicted molecular formula SIRIUS: C15H23N3O3 / BUDDY: C15H23N3O3) with delta m/z -39.012 (putative explanation: Trp->Phe substitution; atomic difference: -2C,-1H,-1N) [M+H]+
5850	321.17194103851955	1.132517	251		
5927	302.170492420977	1.1325557	1555		
5617	331.1973095133827	1.1330254	426	5617.0	Suspect related to .alpha.-L-Asp-L-Phe (predicted molecular formula SIRIUS: unknown / BUDDY: unknown) with delta m/z 50.051 (putative explanation: unspecified; atomic difference: unspecified) [M+H]+
5643	201.12345465892503	1.1334121	518	5643.0	Suspect related to Spectral Match to Ser-Leu from NIST14 (predicted molecular formula SIRIUS: C9H16N2O3 / BUDDY: C9H16N2O3) with delta m/z -18.011 (putative explanation: Dehydration|Pyro-glu from E|carbodiimide crosslinker; atomic difference: -2H,-1O|-2H,-1O|-2H,-1O) [M+H]+
6052	336.158300766472	1.1334031	601		
5436	465.1653362363615	1.1343069	209		
5615	246.1448308083261	1.1348203	722		
5732	459.1847417712012	1.1351464	463		
5822	472.2887009663497	1.1352475	1770		
5554	475.2555075307874	1.1352761	-1		
5821	391.2350525652804	1.1357542	395	5821.0	Suspect related to Spectral Match to Ala-Pro-Lys from NIST14 (predicted molecular formula SIRIUS: C20H30N4O4 / BUDDY: C20H30N4O4) with delta m/z 76.031 (putative explanation: Acrolein addition +76|Ala->Phe substitution|Ser->Tyr substitution|unspecified; atomic difference: 6C,4H|6C,4H|6C,4H|6C,4H) [M+H]+
5757	400.2557539189834	1.135997	28		
5886	361.2441397271751	1.1360294	750	5886.0	Suspect related to Gly-Leu-Lys (predicted molecular formula SIRIUS: C17H34N4O4 / BUDDY: C22H34N2O2) with delta m/z 42.047 (putative explanation: Ala->Leu/Ile substitution|Gly->Val substitution|Propyl|tri-Methylation|unspecified; atomic difference: 3C,6H|3C,6H|3C,6H|3C,6H|3C,H6) [M+H]+
6097	506.8123702918597	1.1361281	707		
5736	380.193588119633	1.1372999	-1		
5687	665.3511269132636	1.1377262	-1		
5503	374.6894489379257	1.1384884	621		
5989	340.18440138050954	1.139027	-1		
5710	847.2858546300129	1.139158	1080		
5726	281.1494315008169	1.1394562	552	5726.0	Suspect related to Spectral Match to Val-Met from NIST14 (predicted molecular formula SIRIUS: C14H20N2O4 / BUDDY: C14H20N2O4) with delta m/z 32.026 (putative explanation: unspecified; atomic difference: 1C,4H,1O) [M+H]+
5827	489.2917897446292	1.1399511	-1		
5689	507.2821584559888	1.1406373	-1		
5796	568.2225689809258	1.141153	-1		
5337	332.1821138426167	1.1417931	230		
5918	426.720218204156	1.142107	1270		
5939	226.1185320683157	1.1421558	1	5939.0	Suspect related to Spectral Match to PyroGlu-Val from NIST14 (predicted molecular formula SIRIUS: C10H14N2O4 / BUDDY: C10H14N2O4) with delta m/z -2.016 (putative explanation: 2-amino-3-oxo-butanoic_acid|Intact disulfide bridge|Val->Pro substitution; atomic difference: -2H|-2H|-2H) [M+H]+
5596	620.2797316088894	1.1426898	93		
5792	481.2991722285186	1.143491	-1		
5581	410.23650920810326	1.1447014	274		
6056	504.2471998014288	1.1448478	71		
5834	427.2215790761852	1.1449264	-1		
5632	318.2024963292803	1.1454562	114		
5541	228.10627595628017	1.1454803	1	5541.0	Suspect related to Spectral Match to PyroGlu-Val from NIST14 (predicted molecular formula SIRIUS: C10H14N2O4 / BUDDY: C10H14N2O4) with delta m/z -2.016 (putative explanation: 2-amino-3-oxo-butanoic_acid|Intact disulfide bridge|Val->Pro substitution; atomic difference: -2H|-2H|-2H) [M+H]+
7003	674.3361687451815	1.1456748	15		
6637	515.3206656336462	1.1459613	-1		
5645	299.1002667736095	1.1462256	931		
5846	577.8247249765221	1.1464446	153		
5688	460.320064270945	1.1471364	1167		
5853	288.20340783849383	1.1473261	121	5853.0	Suspect related to Glu-Leu-Arg (predicted molecular formula SIRIUS: C12H25N5O3 / BUDDY: C12H25N5O3) with delta m/z -129.044 (putative explanation: Nmethylmaleimidehydrolysis (reverse)|Photo-induced Proline adduct (reverse)|monoglutamyl (reverse)|nan (reverse); atomic difference: -5C,-7H,-1N,-3O|-5C,-7H,-1N,-3O|-5C,-7H,-1N,-3O|-5C,-7H,-1N,-3O) [M+H]+
5870	526.2614153006035	1.147307	98		
5908	195.11287976623527	1.1477354	213		
5667	286.1760102690075	1.1478975	258		
5840	254.6290406310449	1.1483725	80		
5658	224.13834970944825	1.1484333	1007		
5844	337.6713278036663	1.1484612	15		
5520	533.2951390093777	1.149095	492		
5107	263.6342782312592	1.1501526	80		
5805	357.2133489494239	1.150359	115	5805.0	Suspect related to Spectral Match to Phe-Pro-Lys from NIST14 (predicted molecular formula SIRIUS: unknown / BUDDY: unknown) with delta m/z -34.021 (putative explanation: Tyr->Glu substitution; atomic difference: -4C,-2H,1O) [M+H]+
5835	316.1863125031916	1.1510036	1059	5835.0	Suspect related to Leu-Arg (predicted molecular formula SIRIUS: C14H25N3O5 / BUDDY: C19H25NO3) with delta m/z 27.995 (putative explanation: Formylation|Ser->Asp substitution|Thr->Glu substitution; atomic difference: 1C,1O|1C,1O|1C,1O) [M+H]+
6148	228.1707479763704	1.151251	169		
5468	669.318596579302	1.1513039	833		
6256	473.23648583508015	1.1517301	94		
5905	690.3673496158004	1.1519704	-1		
5902	511.3132526277455	1.1521657	-1		
5819	459.3174504126836	1.1523145	22	5819.0	1234_Tetrahydroharmane_3_carboxylic_acid
5883	548.2441966083845	1.1545746	647		
5923	599.2075611941922	1.1549742	-1		
5766	546.2416165133516	1.1552922	231		
5941	437.2035101521104	1.1555876	98		
5685	361.1720110082568	1.156328	283		
5320	691.3021494084855	1.1564708	-1		
5693	356.14448914728405	1.1567576	28	5693.0	Suspect related to Spectral Match to Ala-Pro-Lys from NIST14 (predicted molecular formula SIRIUS: C13H30N4O5S / BUDDY: C21H26N2O3) with delta m/z 39.994 (putative explanation: extra OH sodium adduct|Glyoxal-derived hydroimiadazolone|S-carbamoylmethylcysteine cyclization (N-terminus)|unspecified; atomic difference: 1H,1O|2C,1O|2C,1O|2C,1O) [M+H]+
5889	305.15331660501744	1.1568162	482		
6041	255.13194606742937	1.1569204	-1		
5674	551.2931556520367	1.157424	-1		
5901	345.6866786252014	1.1593237	-1		
6076	446.2437606195351	1.1594837	321		
5650	641.8728669517822	1.1597912	468		
6224	417.2456716195717	1.1603173	38		
6253	515.2170455009157	1.1604395	355		
5980	600.2986785855063	1.1616108	270		
5782	371.2400274690261	1.1627027	110		
5929	243.1340379451241	1.1627345	169	5929.0	Suspect related to Spectral Match to PyroGlu-Tyr from NIST14 (predicted molecular formula SIRIUS: C11H18N2O4 / BUDDY: C11H18N2O4) with delta m/z -49.982 (putative explanation: unspecified; atomic difference: unspecified) [M+H]+
6007	314.0916708417929	1.1636926	331	6007.0	Suspect related to ADENOSINE 3',5'-CYCLIC MONOPHOSPHATE (predicted molecular formula SIRIUS: C11H15N5O4S / BUDDY: C11H15N5O4S) with delta m/z -15.96 (putative explanation: Asp->Val substitution|Glu->Leu/Ile substitution; atomic difference: 1C,4H,-2O|1C,4H,-2O) [M+H]+
6551	300.1918589329068	1.1638227	258	6551.0	Suspect related to Spectral Match to Leu-Pro from NIST14 (predicted molecular formula SIRIUS: C14H25N3O4 / BUDDY: C14H25N3O4) with delta m/z 71.037 (putative explanation: unspecified|Acrylamide adduct|Gly->Gln substitution|unspecified|Sarcosine; atomic difference: 1C,3H,4N|3C,5H,1N,1O|3C,5H,1N,1O|3C,5H,1N,1O|unspecified) [M+H]+
6133	825.3589479128066	1.1643679	-1		
5984	402.1924517289049	1.1645682	15		
6027	767.3188590695479	1.1645702	-1		
6029	276.1702098075072	1.1647359	322		
5987	803.3773155977971	1.1647176	15		
6183	631.2753768144631	1.1654267	71		
6562	641.3373273631234	1.1654344	116		
6091	355.1989009505997	1.1658144	339	6091.0	Suspect related to Spectral Match to Ala-Pro-Lys from NIST14 (predicted molecular formula SIRIUS: C13H30N4O5S / BUDDY: C21H26N2O3) with delta m/z 39.994 (putative explanation: extra OH sodium adduct|Glyoxal-derived hydroimiadazolone|S-carbamoylmethylcysteine cyclization (N-terminus)|unspecified; atomic difference: 1H,1O|2C,1O|2C,1O|2C,1O) [M+H]+
5921	436.7277009965721	1.1662037	713		
6035	627.2379675053423	1.1665826	-1		
6057	485.3082135654254	1.1672393	-1		
5692	807.4476175559489	1.1674947	154		
5405	465.2032369204181	1.167568	209		
6335	534.1911346429933	1.1680853	355		
6440	650.197901192866	1.1685611	-1		
5798	294.14378842279626	1.1688204	643		
6239	412.16872412407326	1.1689322	-1		
6472	504.23004366299335	1.1694069	-1		
5770	748.3688083232372	1.1694545	30		
6016	261.1446001748302	1.169828	102	6016.0	Suspect related to .alpha.-L-Glu-L-Tyr (predicted molecular formula SIRIUS: C11H20N2O5 / BUDDY: C11H20N2O5) with delta m/z -49.982 (putative explanation: unspecified; atomic difference: unspecified) [M+H]+
5723	487.1475556362675	1.1698467	658		
6175	486.2576470515256	1.1701845	426		
6772	523.222090198861	1.1708555	-1		
6072	574.1300416556759	1.1718844	331	6072.0	Suspect related to Spectral Match to Cyclic adenosine diphosphate ribose from NIST14 (predicted molecular formula SIRIUS: C15H27N7O14P2 / BUDDY: C25H25N3O10S2) with delta m/z 50.036 (putative explanation: unspecified; atomic difference: unspecified) [M-H2O+H]+
6634	215.139137673715	1.1732525	23		
6087	181.0972374103696	1.1733145	213		
6081	562.2916973844633	1.1733114	-1		
6325	630.2431448030361	1.1735038	209		
6535	166.0863518404127	1.1750143	32	6535.0	PHENYLALANINE
6024	409.734941214968	1.1755505	274		
5218	476.7106509193313	1.1769447	713		
6226	508.2395429202174	1.1773791	-1		
6088	467.2607363440818	1.1776695	-1		
6019	318.1661722516575	1.1778934	114	6019.0	Suspect related to Spectral Match to Ile-Gly-Ile from NIST14 (predicted molecular formula SIRIUS: unknown / BUDDY: unknown) with delta m/z 13.979 (putative explanation: Thr->Asp substitution|Tryptophan oxidation to oxolactone|aldehyde and ketone modifications|hydroxylation difference carboxylation|proline oxidation to pyroglutamic acid|Oxidation, epoxidation; atomic difference: -2H,1O|-2H,1O|-2H,1O|-2H,1O|-2H,1O|1O,-2H) [M+H]+
6340	436.2132972342773	1.1778946	590		
6489	549.3031003754343	1.1782339	112		
6103	405.1978284012744	1.178298	-1		
6130	283.1267525807302	1.1788772	-1		
6760	431.1954725787761	1.179305	-1		
6117	675.3352413389435	1.1808319	38		
6963	199.14424265679503	1.1812488	338		
6128	376.1717541251598	1.1814793	503		
6156	391.1906774380717	1.1814977	807	6156.0	Suspect related to Spectral Match to Leu-Val-Lys from NIST14 (predicted molecular formula SIRIUS: C18H37N4OPS / BUDDY: C21H32N4O3) with delta m/z 29.983 (putative explanation: unspecified; atomic difference: unspecified) [M+H]+
5342	169.09727695316923	1.1819048	2	5342.0	Suspect related to cyclo(L-Leu-L-Pro) (predicted molecular formula SIRIUS: C8H12N2O2 / BUDDY: C8H12N2O2) with delta m/z -42.047 (putative explanation: Deisopropylation, depropylation, dealkylation|Leu/Ile->Ala substitution|Val->Gly substitution; atomic difference: -3C,-6H|-3C,-6H|-3C,-6H) [M+H]+
6362	444.2458079858833	1.1821587	-1		
6169	516.3387486926568	1.182873	-1		
6873	247.12897351186217	1.1833544	519	6873.0	Suspect related to Ser-Ile (predicted molecular formula SIRIUS: C10H18N2O5 / BUDDY: C10H18N2O5) with delta m/z 27.995 (putative explanation: Formylation|Ser->Asp substitution|Thr->Glu substitution; atomic difference: 1C,1O|1C,1O|1C,1O) [M+H]+
6478	546.2865440227672	1.1834593	38		
5799	270.1552391537598	1.1839596	822	5799.0	cordycepin
6159	245.09542417892013	1.1842892	213		
5936	432.21139578047286	1.1845725	104		
6075	664.2203211679303	1.1854855	-1		
5993	577.2478986153375	1.1866184	139		
6283	498.7415021913381	1.1869161	-1		
5937	416.2058320338679	1.1877137	729		
6083	409.2060136324363	1.1878977	590		
6238	460.2362881361224	1.188054	116		
6891	178.08977116120795	1.1882683	3		
6084	463.2019724662845	1.1893369	139		
5960	559.2377354024371	1.1898143	-1		
6641	525.3400850556294	1.1904827	300		
6896	239.636713290156	1.1905606	-1		
6051	447.2261681944117	1.1911353	895		
6447	388.1949252764668	1.1913213	668		
6115	410.20890983259375	1.1916423	590		
6299	276.155595533359	1.1921297	-1		
6205	255.1644657241632	1.1923509	453		
6397	274.17616058543547	1.1924736	-1		
6699	155.08164061321017	1.1925336	2	6699.0	Suspect related to cyclo-(L-pro-L-val) (predicted molecular formula SIRIUS: unknown / BUDDY: unknown) with delta m/z -42.047 (putative explanation: Deisopropylation, depropylation, dealkylation|Leu/Ile->Ala substitution|Val->Gly substitution; atomic difference: -3C,-6H|-3C,-6H|-3C,-6H) [M+H]+
6308	556.2730027349667	1.192542	-1		
6748	747.4623561998519	1.1929843	938		
6534	244.10036043879435	1.1932691	102		
5477	428.2519100165362	1.1941636	112		
6434	231.170405039553	1.1947116	32	6434.0	Suspect related to Ser-Leu (predicted molecular formula SIRIUS: C11H22N2O3 / BUDDY: C11H22N2O3) with delta m/z 12.036 (putative explanation: Ser->Val substitution|Thr->Leu/Ile substitution; atomic difference: 2C,4H,-1O|2C,4H,-1O) [M+H]+
6332	263.17331539642504	1.1954707	80		
7153	601.3562532799139	1.1956278	-1		
6229	267.0775230337411	1.196114	184		
6421	366.2137192022441	1.1962731	60		
6482	522.2701378254184	1.1973222	482		
6365	189.12344148912737	1.1973753	102	6365.0	Glycyl-L-leucine CollisionEnergy:102040
6638	610.2855525620846	1.1975315	17		
6740	250.16004753176563	1.1977546	158		
6837	338.1701371525974	1.1981514	1045		
6289	331.1657122422102	1.1983477	102	6289.0	Suspect related to Spectral Match to Phe-Phe from NIST14 (predicted molecular formula SIRIUS: unknown / BUDDY: unknown) with delta m/z 18.01 (putative explanation: Proline oxidation to 5-hydroxy-2-aminovaleric acid|water; atomic difference: 2H,1O|2H,1O) [M+H]+
6583	401.2015120731179	1.1984755	-1		
6599	374.2346754202821	1.1986432	158		
6173	494.2257348247617	1.19905	-1		
7039	621.2358539934997	1.1991979	-1		
5899	604.2104048658101	1.2001765	1300		
6323	895.3784287420887	1.2009754	-1		
6367	556.3188148718582	1.2010252	116		
6756	515.2632498977774	1.2018672	24		
6456	269.1253563446915	1.2020358	-1		
6514	391.1983447498219	1.2023414	138		
6374	414.2370048585606	1.202816	28		
6716	511.2513822051974	1.2032954	17		
6504	437.2480960980572	1.2058772	475		
6244	588.2686512068639	1.2060213	82		
6550	437.7488975355551	1.2062725	-1		
7414	373.2276075762144	1.2063333	-1		
7106	390.18706590003546	1.2066113	230		
6416	461.33285451862207	1.2067503	1119	6416.0	Spectral Match to Leu-Val from NIST14
6720	183.61059567982107	1.2069936	98		
6341	428.2869916810066	1.2073523	112		
6165	371.2290343852166	1.2074807	339	6165.0	Spectral Match to PyroGlu-Ile-Lys from NIST14
6442	873.4875257560271	1.2075186	144		
6066	359.19248829464533	1.2076842	37		
6492	783.3990150380315	1.2079723	1320		
6431	483.3148781571641	1.2080168	507	6431.0	Suspect related to Spectral Match to Leu-Val from NIST14 (predicted molecular formula SIRIUS: unknown / BUDDY: C10H19N5O2) with delta m/z 21.984 (putative explanation: Sodium adduct|glyoxal-derived AGE; atomic difference: -1H,1Na|2C,-2H) [2M+H]+
6310	290.1534162086718	1.2080501	213		
6481	291.8335658725845	1.2081273	475		
6417	232.17354318352207	1.2084327	807	6417.0	Suspect related to Spectral Match to Ile-Met from NIST14 (predicted molecular formula SIRIUS: unknown / BUDDY: unknown) with delta m/z -31.972 (putative explanation: Cys->Ala substitution|Met->Val substitution; atomic difference: -1S|-1S) [M+H]+
7477	671.3202306000321	1.2085773	-1		
6373	236.09501254047777	1.2093773	-1		
6643	249.8258133071652	1.2102133	158		
6337	368.2302538200819	1.2102599	-1		
6347	644.2170900500093	1.2106769	-1		
6443	359.2651045282485	1.2111124	37		
6407	489.2647479074082	1.2113563	1502		
6645	474.2590854038844	1.2115479	-1		
5788	706.3243474042115	1.2115668	795		
6188	223.6252477313956	1.2117655	475		
6672	414.27109271922393	1.2124423	137		
6457	975.3438972686432	1.2125537	-1		
7218	229.11842093528543	1.2126571	-1		
6427	253.1519776163184	1.2131144	507		
6631	543.3147253930432	1.2133386	28		
6727	469.2396497798129	1.2133601	-1		
6301	449.2239573019501	1.213608	-1		
6502	342.1635657168788	1.2136348	-1		
7240	228.13430584747	1.2139472	213	7240.0	C6_0_N-Acyl_Agmatine
6541	273.1642063400628	1.213955	5		
6108	290.17094792184	1.215016	213		
6391	262.64519748333964	1.2151058	80		
6277	318.67704999662186	1.2153256	-1		
7008	795.4228709630528	1.215927	-1		
6494	203.1392172373595	1.2160403	102		
6396	307.07943677167947	1.2164414	-1		
6698	389.2029449475714	1.2164867	167	6698.0	Suspect related to Glu-Phe-Lys (predicted molecular formula SIRIUS: C17H32N4O6 / BUDDY: C17H32N4O6) with delta m/z -33.984 (putative explanation: Phe->Leu/Ile substitution; atomic difference: -3C,2H) [M+H]+
6862	479.2228873833173	1.216571	458		
6531	328.2227520490377	1.2166383	-1		
6819	622.3094463409595	1.21734	-1		
6780	417.1985523994972	1.2178968	98		
6378	253.11825649892708	1.2179604	-1		
6573	576.3246103649691	1.2182648	-1		
6473	612.2988235501452	1.2187752	-1		
6189	669.3591345609067	1.2187846	-1		
6561	217.154551185411	1.2191573	32	6561.0	Suspect related to Spectral Match to Val-Met from NIST14 (predicted molecular formula SIRIUS: C10H20N2O3 / BUDDY: C10H20N2O3) with delta m/z -31.972 (putative explanation: Cys->Ala substitution|Met->Val substitution; atomic difference: -1S|-1S) [M+H]+
6376	437.2137751231768	1.2196369	98		
6363	455.22526750991466	1.2197837	98	6363.0	Suspect related to Trp-His (predicted molecular formula SIRIUS: C23H30N6O4 / BUDDY: C23H30N6O4) with delta m/z 113.085 (putative explanation: Acetyldeoxyhypusine|Serine; atomic difference: 6C,11H,1N,1O|6C,11H,1N,1O) [M+H]+
6382	490.2146921396256	1.2203097	31	6382.0	Spectral Match to Leu-Leu from NIST14
6618	613.3199909346858	1.220331	-1		
6293	423.2249574813864	1.2214615	-1		
6420	575.3412679572203	1.221803	-1		
6587	437.24025612667424	1.2221359	28		
6422	242.18604335637747	1.2224057	169	6422.0	Suspect related to Glu-Ile (predicted molecular formula SIRIUS: C12H23N3O2 / BUDDY: C12H23N3O2) with delta m/z -18.958 (putative explanation: unspecified; atomic difference: unspecified) [M+H]+
7628	237.08612419739453	1.2226671	-1	7628.0	Formylkynurenine
6309	531.2422490832793	1.2228669	28		
6465	558.2412892551612	1.2231464	-1		
6640	468.2068284410722	1.2232376	458		
6406	515.2835725213525	1.2251185	-1		
7307	448.2402829850296	1.2251762	-1		
6586	589.354595597482	1.2253319	-1		
6415	675.2825602225911	1.2262508	-1		
6588	317.1820624194346	1.2263079	887	6588.0	Suspect related to Spectral Match to Leu-Ile from NIST14 (predicted molecular formula SIRIUS: C15H29N3O4 / BUDDY: C15H29N3O4) with delta m/z 71.037 (putative explanation: unspecified|Acrylamide adduct|Gly->Gln substitution|unspecified|Sarcosine; atomic difference: 1C,3H,4N|3C,5H,1N,1O|3C,5H,1N,1O|3C,5H,1N,1O|unspecified) [M+H]+
7612	612.3721148133195	1.2263293	-1		
7324	247.0914818106181	1.227498	-1		
6725	709.3397292708171	1.2276785	-1		
6940	182.0813002825076	1.2280464	208	6940.0	Suspect related to Spectral Match to DL-Phenylalanine from NIST14 (predicted molecular formula SIRIUS: unknown / BUDDY: unknown) with delta m/z 15.995 (putative explanation: Ala->Ser substitution|Oxidation or Hydroxylation|Phe->Tyr substitution; atomic difference: 1O|1O|1O) [M+H]+
6731	458.29767971060704	1.228067	1119	6731.0	Suspect related to Ser-Leu-Lys (predicted molecular formula SIRIUS: unknown / BUDDY: unknown) with delta m/z 112.052 (putative explanation: Acrolein addition +112; atomic difference: 6C,8H,2O) [M+H]+
7016	609.3001480179746	1.2282473	482		
6753	199.1077516948436	1.2285557	338		
6469	316.1507433408796	1.2286254	-1		
6412	366.1638391806497	1.2292094	60		
6670	574.3447997144605	1.2295914	774		
6454	532.2618256332572	1.2296392	958		
5917	477.24115401869295	1.22966	-1		
6964	167.08323124469928	1.2297922	32	6964.0	PHENYLALANINE
6682	616.3326599824763	1.2303922	-1		
6138	447.2244856007168	1.2315669	895		
7520	387.223868716086	1.2331336	247		
6886	441.1865891573803	1.2335073	252	6886.0	Suspect related to O-Core1+N (predicted molecular formula SIRIUS: C20H28N2O9 / BUDDY: C20H28N2O9) with delta m/z -146.039 (putative explanation: hydroxycinnamyl (reverse)|p-coumaric acid (reverse); atomic difference: -9C,-6H,-2O|-nan) [M+H]+
6792	717.3287194131624	1.2335645	-1		
6042	458.2235651102637	1.2338834	-1		
5672	330.2024956861912	1.2341163	258	5672.0	Suspect related to Spectral Match to Ile-Val-Lys from NIST14 (predicted molecular formula SIRIUS: C16H29N3O4 / BUDDY: C16H29N3O4) with delta m/z -31.042 (putative explanation: Lys->Pro substitution; atomic difference: -1C,-5H,-1N) [M+H]+
6547	514.3219741524422	1.2344842	22		
6708	515.2459096969534	1.2345216	280		
6750	225.1224695162923	1.2346357	-1		
7278	730.3989334176235	1.2350427	247		
6350	752.380149372557	1.2350582	-1		
6624	331.19737044523833	1.2360919	426		
6033	459.2275242592369	1.2361594	23		
6947	565.2966588142672	1.2362123	643		
7378	302.1841208202835	1.2363787	-1		
6683	562.3807772506389	1.2366805	-1		
7270	489.2279504145175	1.2370057	31		
6576	407.1919236818421	1.2379304	115	6576.0	Suspect related to Spectral Match to Phe-Pro-Lys from NIST14 (predicted molecular formula SIRIUS: unknown / BUDDY: unknown) with delta m/z 15.958 (putative explanation: Leu/Ile->Glu substitution|Val->Asp substitution|Demethylation+carboxylation; atomic difference: -1C,-4H,2O|-1C,-4H,2O|2O,-1C,-4H) [M+H]+
6809	269.11114492735413	1.238031	-1		
6652	188.0685154669873	1.2387934	-1		
6828	308.15784697289723	1.239019	143		
6251	405.2706130709225	1.2392012	-1		
6702	695.3474338126997	1.2392036	58		
6736	188.106829908068	1.2392733	-1		
6747	706.2529008355842	1.2392733	273		
6752	480.2800098748102	1.2401745	-1		
6763	320.1817975914451	1.2409519	28	6763.0	Suspect related to Spectral Match to Thr-Val-Leu from NIST14 (predicted molecular formula SIRIUS: unknown / BUDDY: unknown) with delta m/z -12.036 (putative explanation: Leu/Ile->Thr substitution|Val->Ser substitution|Dealkylation+hydroxylation; atomic difference: -2C,-4H,1O|-2C,-4H,1O|2C,4H,-1O) [M+H]+
6681	253.9095085893148	1.2411785	453		
6571	422.20088479891353	1.2416371	-1		
6715	222.112326447009	1.2422752	-1		
6554	728.2495451816624	1.2427369	1328		
6649	644.3080489884678	1.2429528	55		
6764	523.2485130546244	1.2430993	463		
6777	537.2272002556997	1.2431227	-1		
6507	469.206195037006	1.2436305	-1		
6648	414.21468907327335	1.2440032	368		
7411	295.1289054930804	1.2441859	-1		
6754	563.2958239760341	1.2441608	-1		
6879	341.21864352747855	1.244402	300	6879.0	Spectral Match to Pro-Pro-Lys from NIST14
5616	189.11398376909543	1.2444246	16		
6826	367.2163777274876	1.2446095	504	6826.0	Suspect related to His-Pro (predicted molecular formula SIRIUS: C17H27N5O4 / BUDDY: C17H27N5O4) with delta m/z 113.085 (putative explanation: Acetyldeoxyhypusine|Serine; atomic difference: 6C,11H,1N,1O|6C,11H,1N,1O) [M+H]+
6857	215.10289426706984	1.2446263	1526	6857.0	Suspect related to cyclo(Phe-4-hydroxy-Pro) (predicted molecular formula SIRIUS: C10H16N2O3 / BUDDY: C10H16N2O3) with delta m/z -48.0 (putative explanation: Phe->Val substitution; atomic difference: -4C) [M+H]+
6610	672.3769112762378	1.2447271	-1		
6915	375.2059277295037	1.2453195	-1	6915.0	Suspect related to Asp-Glu-Lys (predicted molecular formula SIRIUS: C16H30N4O6 / BUDDY: C16H30N4O6) with delta m/z -15.96 (putative explanation: Asp->Val substitution|Glu->Leu/Ile substitution; atomic difference: 1C,4H,-2O|1C,4H,-2O) [M+H]+
6225	461.2239847652301	1.2453939	-1		
6778	345.18500275134625	1.2457589	719		
7350	687.3569793946779	1.2464677	82		
6797	532.36966216465	1.2465453	-1		
6621	606.2087788769268	1.2467148	93		
6902	429.2332059389501	1.2471691	-1		
7055	629.2893898818241	1.2473104	1461		
6849	288.1917694521613	1.2474157	659		
6603	606.2630492052815	1.2474836	93		
6839	571.3093943015691	1.2477407	-1		
6991	589.2834565828957	1.2480985	194		
6688	365.1793737296792	1.2482219	-1		
6874	476.23544116753055	1.2497916	991		
6968	250.11654100051223	1.249842	-1		
6924	301.116241275142	1.2506258	-1		
7517	524.2817960621354	1.2508951	171		
6483	532.2989443056946	1.2519871	-1		
8426	158.0813671599308	1.2520883	830		
6840	315.2029122282546	1.252079	-1		
6824	545.3118983795064	1.2523496	-1		
7291	284.09985671357595	1.2526035	331	7291.0	Guanosine - 40.0 eV
6615	446.2224374927573	1.2532603	37		
6892	348.1763617009254	1.2538407	58		
7239	426.720310673908	1.2538797	1270		
7053	357.2132476642495	1.2543246	115	7053.0	Suspect related to Spectral Match to Phe-Pro-Lys from NIST14 (predicted molecular formula SIRIUS: unknown / BUDDY: unknown) with delta m/z -34.021 (putative explanation: Tyr->Glu substitution; atomic difference: -4C,-2H,1O) [M+H]+
7212	852.4323067325984	1.2545903	-1		
7343	546.3178120441437	1.2548566	-1		
6765	515.1759540441935	1.2550662	-1		
6838	380.1836844638252	1.2551365	-1		
6578	620.3395095967588	1.2554175	-1		
6998	275.1562630925505	1.2561556	733		
5784	369.7348926602817	1.2561668	-1		
7352	323.6649267863661	1.2563516	526		
6120	700.3242230538864	1.256765	845		
7569	699.3204718051592	1.257043	-1		
6779	484.24089547512057	1.2571547	-1		
7013	501.26580193890754	1.2574153	-1		
6969	211.1073651577079	1.25754	213		
6693	400.21947219178656	1.2576244	28		
6520	377.2393570982926	1.2579031	-1		
6928	506.2610699676924	1.2581098	362		
6787	719.22834003206	1.2581949	-1		
6875	819.3587416283366	1.2585329	-1		
7417	344.1816231998292	1.2585827	774		
7440	462.2317096217564	1.2586254	458		
7161	354.2016306270916	1.2593312	278		
6082	797.3775912189279	1.2593689	-1		
6413	419.2142156870039	1.2594596	-1		
7168	518.2400365595764	1.2594618	116		
6785	590.1252064239758	1.2598114	-1		
6890	242.1001188203024	1.2598475	169		
6863	425.2515094045239	1.2600006	-1		
5828	220.1181652209945	1.2614999	175	5828.0	D-PANTOTHENIC ACID
7108	785.3934403348723	1.2616236	-1		
6477	499.2504874441125	1.261726	17		
6553	570.2787851275658	1.2619478	82		
6548	343.19776055022635	1.2623236	28		
6685	279.1349486253123	1.2623405	362	6685.0	Spectral Match to Tyr-Pro from NIST14
7133	272.1603784091019	1.2628772	1		
6980	375.1877437926519	1.263399	621	6980.0	Suspect related to Spectral Match to Ile-Val-Lys from NIST14 (predicted molecular formula SIRIUS: C16H31N5O5 / BUDDY: C16H31N5O5) with delta m/z 14.981 (putative explanation: unspecified; atomic difference: unspecified) [M+H]+
6722	624.2991993209147	1.263441	-1		
6983	305.1533768047224	1.2640141	482		
7097	632.3247525588857	1.2646599	-1		
7221	397.1705764840719	1.2668644	-1		
7034	393.2013024306871	1.2669383	299		
7209	563.3017856984944	1.2669548	-1		
6353	440.2507079689128	1.2678045	115		
6985	557.2594435451716	1.2680414	-1		
6861	564.2512257813356	1.2683754	-1		
7320	446.2440763345292	1.2686881	321		
7064	605.3448815493804	1.269415	930		
7213	249.12518475517	1.2696524	-1		
7127	201.1235086173976	1.2699397	518	7127.0	Suspect related to Ser-Leu (predicted molecular formula SIRIUS: C9H16N2O3 / BUDDY: C9H16N2O3) with delta m/z -18.011 (putative explanation: Dehydration|Pyro-glu from E|carbodiimide crosslinker; atomic difference: -2H,-1O|-2H,-1O|-2H,-1O) [M+H]+
7167	369.1760938117446	1.2703542	1009		
6994	606.3444167821585	1.2705702	-1		
6814	509.2981976743395	1.2709839	362		
7120	431.2143805365507	1.2712271	231		
6984	404.2273618561711	1.2713819	154		
6850	618.2732216711368	1.2714107	31		
6630	592.2589764822312	1.2715597	-1		
7022	228.12090042175265	1.2718925	-1		
7077	615.3725227398228	1.2719679	247		
6936	415.218292759474	1.2722137	-1		
6847	378.1273154499818	1.2723024	-1		
6383	221.0919505942421	1.2724919	208		
7098	302.17029238756925	1.272644	1555		
7009	807.4482278761035	1.2728599	154		
7011	269.8207042330535	1.2736924	154		
7230	347.19211632089724	1.2754207	621	7230.0	Suspect related to Spectral Match to Ile-Leu from NIST14 (predicted molecular formula SIRIUS: unknown / BUDDY: unknown) with delta m/z 101.047 (putative explanation: unspecified; atomic difference: 4C,7H,1N,2O) [M+H]+
7377	260.1606292629836	1.2768207	604	7377.0	Suspect related to Gln-Tyr (predicted molecular formula SIRIUS: C11H21N3O4 / BUDDY: C11H21N3O4) with delta m/z -49.982 (putative explanation: unspecified; atomic difference: unspecified) [M+H]+
7154	437.2021654150898	1.2768042	98		
7492	547.2729153081855	1.2772369	-1		
7177	610.3451909089019	1.2779187	-1		
7105	255.1319475158193	1.2787853	-1		
8678	189.12347024462343	1.2792702	102		
7143	303.17359957844525	1.2793455	930		
7129	564.3055860509578	1.2795347	-1		
6962	356.1451563474066	1.2799526	28	6962.0	Spectral Match to PyroGlu-Pro-Lys from NIST14
7495	239.1008770115409	1.2801195	208	7495.0	Suspect related to PyroGlu-Tyr (predicted molecular formula SIRIUS: unknown / BUDDY: C11H14N2O4) with delta m/z -54.011 (putative explanation: Alkene fragment of DSSO crosslinker (reverse)|MDA adduct +54 (reverse)|Methylglyoxal-derived hydroimidazolone (reverse)|nan (reverse); atomic difference: -3C,-2H,-1O|-3C,-2H,-1O|-3C,-2H,-1O|-3C,-2H,-1O) [M+H]+
7204	584.2972195160629	1.2801467	-1		
6941	476.710863186569	1.2808933	713		
7131	433.1925816379831	1.2813792	528		
7172	334.16080876475206	1.281741	139	7172.0	Suspect related to Spectral Match to Val-Gly-Val from NIST14 (predicted molecular formula SIRIUS: unknown / BUDDY: unknown) with delta m/z 58.005 (putative explanation: Ala->Glu substitution|Gly->Asp substitution|Iodoacetic acid derivative|unspecified|unspecified; atomic difference: 2C,2H,2O|2C,2H,2O|2C,2H,2O|2C,2H,2O|3N,1O) [M+H]+
7174	333.1552719165908	1.2819374	1399	7174.0	Suspect related to Trp-Ala (predicted molecular formula SIRIUS: C16H19N3O5 / BUDDY: C16H19N3O5) with delta m/z 58.005 (putative explanation: Ala->Glu substitution|Gly->Asp substitution|Iodoacetic acid derivative|unspecified|unspecified; atomic difference: 2C,2H,2O|2C,2H,2O|2C,2H,2O|2C,2H,2O|3N,1O) [M+H]+
7287	152.0569778179859	1.2820467	331		
7565	465.1653401408967	1.2822709	209		
7652	322.1880214257208	1.282529	121	7652.0	Suspect related to Tyr-Arg (predicted molecular formula SIRIUS: C15H23N5O3 / BUDDY: C15H23N5O3) with delta m/z -15.995 (putative explanation: Ser->Ala substitution|Tyr->Phe substitution|reduction; atomic difference: -1O|-1O|-1O) [M+H]+
7158	448.2665445554388	1.2828311	22		
6822	368.2183669580526	1.2832328	278		
7107	206.13897917537025	1.2843935	175	7107.0	Dexpanthenol CollisionEnergy:205060
7030	455.17683708182415	1.2843766	-1		
7311	669.1064272566924	1.2846423	-1		
6973	373.1724369203314	1.2847127	-1		
6629	392.2034698442593	1.2855945	947		
7765	473.243198559791	1.2864387	22		
7208	434.286798733836	1.2870775	22		
7770	362.1922370551839	1.2871835	230	7770.0	Suspect related to Ala-Leu-Lys (predicted molecular formula SIRIUS: C15H28N4O6 / BUDDY: C20H28N2O4) with delta m/z 29.974 (putative explanation: Val->Glu substitution|quinone|Methyl carboxylation, other oxidation|unspecified; atomic difference: -2H,2O|-2H,2O|2O,-2H|2O,-2H) [M+H]+
7233	409.2060498462597	1.2879072	590		
7188	195.12292851343432	1.2886688	221	7188.0	(2E)-3-(4-hydroxy-3-methoxyphenyl)-2-propenoic acid
7128	229.13672637175807	1.2894408	155	7128.0	Suspect related to Spectral Match to His-Ile from NIST14 (predicted molecular formula SIRIUS: C11H20N2O3 / BUDDY: C11H20N2O3) with delta m/z -40.009 (putative explanation: His->Pro substitution; atomic difference: -1C,-2N) [M+H]+
7436	306.16593874442555	1.2895443	28		
6852	305.1712632846049	1.289955	482		
7841	572.3307345842707	1.2900225	82		
7282	472.2877343956299	1.2907447	-1		
7326	418.7224068194451	1.2910708	442		
7382	223.10773604022552	1.2912123	32		
7280	504.246657281984	1.2917613	71		
7266	181.09724510153288	1.2919066	213		
6884	440.1279870532334	1.2926701	-1		
7235	233.1495868381473	1.2929673	102	7235.0	Suspect related to Leu-Phe (predicted molecular formula SIRIUS: C10H20N2O4 / BUDDY: C10H20N2O4) with delta m/z -46.021 (putative explanation: Phe->Thr substitution; atomic difference: -5C,-2H,1O) [M+H]+
7180	212.14918961228065	1.2930627	-1		
7393	410.2089537118654	1.2939905	-1		
7399	574.1298322831661	1.2949295	331		
7185	311.12363572191447	1.2949698	-1		
7284	332.2176026502161	1.2951678	114	7284.0	Suspect related to Spectral Match to Ile-Val-Lys from NIST14 (predicted molecular formula SIRIUS: C19H26N2O3 / BUDDY: C14H26N4O5) with delta m/z -28.068 (putative explanation: unspecified; atomic difference: unspecified) [M+H]+
7223	477.2165293371963	1.2954807	-1		
7162	453.2462611386561	1.2958418	-1		
7290	269.08817796148566	1.2958666	331	7290.0	Inosine
7315	507.2833177289676	1.2969971	946		
7408	251.1502198647288	1.2977039	2	7408.0	Suspect related to His-Pro (predicted molecular formula SIRIUS: unknown / BUDDY: unknown) with delta m/z 16.031 (putative explanation: Pro->Leu/Ile substitution|unspecified; atomic difference: 1C,4H|1C,4H) [M-H2O+H]+
7245	475.2565027939241	1.2979208	-1		
7911	316.18649553293363	1.2984849	1059	7911.0	Suspect related to Leu-Arg (predicted molecular formula SIRIUS: C14H25N3O5 / BUDDY: C19H25NO3) with delta m/z 27.995 (putative explanation: Formylation|Ser->Asp substitution|Thr->Glu substitution; atomic difference: 1C,1O|1C,1O|1C,1O) [M+H]+
7694	417.244988655824	1.2988981	38		
7473	620.2806591812467	1.299599	93		
7301	561.2513632487428	1.2997942	958		
7232	257.17345586670103	1.3006262	-1		
7549	321.15650365736275	1.3007152	251		
7407	292.12935386390853	1.3015404	79	7407.0	Suspect related to .alpha.-L-Glu-L-Tyr (predicted molecular formula SIRIUS: unknown / BUDDY: unknown) with delta m/z -18.011 (putative explanation: Dehydration|Pyro-glu from E|carbodiimide crosslinker; atomic difference: -2H,-1O|-2H,-1O|-2H,-1O) [M+H]+
7104	459.1854877422399	1.3018489	463		
7277	475.18023734534086	1.3019047	-1		
7304	490.2514050373231	1.3019077	-1		
7486	249.08465909765823	1.3024422	1864		
7145	847.286862309465	1.3024096	1080		
7560	209.0922891460076	1.3027614	1		
7309	513.341442515563	1.3031214	-1		
7340	453.2006559240536	1.303204	-1		
7249	379.1950150124457	1.3032624	458		
7322	442.2670374666508	1.3039095	13	7322.0	Suspect related to Leupeptin (predicted molecular formula SIRIUS: C21H40N6O4 / BUDDY: C21H40N6O4) with delta m/z 14.016 (putative explanation: Asn->Gln substitution|Asp->Glu substitution|Gly->Ala substitution|Methylation|Ser->Thr substitution|Val->Leu/Ile substitution|chain elongation; atomic difference: 1C,2H|1C,2H|1C,2H|1C,2H|1C,2H|1C,2H|1C,2H) [M+H]+
7494	213.08708617663223	1.3040098	213		
7303	683.1914823523305	1.3041608	194		
7422	243.1340441472673	1.3047801	169	7422.0	Suspect related to Glu-Leu (predicted molecular formula SIRIUS: C11H18N2O4 / BUDDY: C11H18N2O4) with delta m/z -18.011 (putative explanation: Dehydration|Pyro-glu from E|carbodiimide crosslinker; atomic difference: -2H,-1O|-2H,-1O|-2H,-1O) [M+H]+
7342	748.3731439147434	1.3054134	30		
7402	454.26590818137134	1.3057779	151		
7392	263.1732922603077	1.3058366	80		
7356	597.1572359895689	1.3062749	331		
7354	534.2617220571066	1.3066715	-1		
7274	299.0828139259502	1.3069904	-1		
8256	267.077438372159	1.3072668	184		
7344	251.1369278554007	1.3076736	507		
7358	245.0954812408021	1.3078481	213		
7384	227.102729749808	1.3084344	1	7384.0	Suspect related to Spectral Match to PyroGlu-Val from NIST14 (predicted molecular formula SIRIUS: C10H14N2O4 / BUDDY: C10H14N2O4) with delta m/z -2.016 (putative explanation: 2-amino-3-oxo-butanoic_acid|Intact disulfide bridge|Val->Pro substitution; atomic difference: -2H|-2H|-2H) [M+H]+
7449	616.3470586006503	1.3084788	-1		
7389	228.10638053973352	1.3085315	1	7389.0	Spectral Match to PyroGlu-Pro from NIST14
7451	560.3655240446424	1.3094265	1496		
8157	169.09726289582215	1.3097887	2		
7437	261.1445669816497	1.3101063	102	7437.0	Suspect related to .alpha.-L-Glu-L-Tyr (predicted molecular formula SIRIUS: C11H20N2O5 / BUDDY: C11H20N2O5) with delta m/z -49.982 (putative explanation: unspecified; atomic difference: unspecified) [M+H]+
7327	354.079049738107	1.3100988	1329		
8070	299.1002707387549	1.3104566	931		
7500	230.15831500009065	1.310467	155	7500.0	Suspect related to Spectral Match to Val-Ile from NIST14 (predicted molecular formula SIRIUS: C11H20N2O3 / BUDDY: C11H20N2O3) with delta m/z -2.016 (putative explanation: 2-amino-3-oxo-butanoic_acid|Intact disulfide bridge|Val->Pro substitution; atomic difference: -2H|-2H|-2H) [M+H]+
7442	344.146851813224	1.3113108	-1		
7816	447.2245309810063	1.3122429	895		
7447	470.3344035122537	1.3125187	-1		
7206	455.2507330745797	1.3127583	22	7206.0	Suspect related to Spectral Match to Leu-Leu-Arg from NIST14 (predicted molecular formula SIRIUS: C23H42N4O5 / BUDDY: C23H42N4O5) with delta m/z 54.034 (putative explanation: unspecified|3x water; atomic difference: 3C,4H,1N|H6,3O) [M+H]+
7423	472.2403119765647	1.3140033	-1		
7653	364.06543009577854	1.3174818	331	7653.0	Suspect related to Massbank: 3'-AMP|[(2R,3S,4R,5R)-5-(6-aminopurin-9-yl)-4-hydroxy-2-(hydroxymethyl)oxolan-3-yl] dihydrogen phosphate (predicted molecular formula SIRIUS: C10H14N5O8P / BUDDY: C10H14N5O8P) with delta m/z 15.995 (putative explanation: Ala->Ser substitution|Oxidation or Hydroxylation|Phe->Tyr substitution; atomic difference: 1O|1O|1O) [M+H]+
7297	428.2603898595246	1.3186903	116		
7996	318.1660181104254	1.3191564	927	7996.0	Suspect related to Spectral Match to Leu-Gly-Leu from NIST14 (predicted molecular formula SIRIUS: unknown / BUDDY: unknown) with delta m/z 15.958 (putative explanation: Leu/Ile->Glu substitution|Val->Asp substitution|Demethylation+carboxylation; atomic difference: -1C,-4H,2O|-1C,-4H,2O|2O,-1C,-4H) [M+H]+
7453	552.2016879502414	1.3212819	-1		
7521	548.2538682819456	1.3215601	-1		
7512	604.3045019514357	1.322045	-1		
7800	873.4874297839591	1.3221278	144		
8265	166.08646437527486	1.3224484	32	8265.0	Spectral Match to DL-Phenylalanine from NIST14
7554	513.2681649520842	1.3225362	-1		
7441	226.1185966852863	1.3237617	1	7441.0	Suspect related to Spectral Match to PyroGlu-Val from NIST14 (predicted molecular formula SIRIUS: C10H14N2O4 / BUDDY: C10H14N2O4) with delta m/z -2.016 (putative explanation: 2-amino-3-oxo-butanoic_acid|Intact disulfide bridge|Val->Pro substitution; atomic difference: -2H|-2H|-2H) [M+H]+
7299	446.2614317701429	1.324084	521		
7439	209.1021291710708	1.3241398	-1		
7573	489.2937628285629	1.3243492	-1		
7319	457.302165422693	1.3245815	22	7319.0	Suspect related to Spectral Match to Leu-Leu-Arg from NIST14 (predicted molecular formula SIRIUS: C23H42N4O5 / BUDDY: C23H42N4O5) with delta m/z 54.034 (putative explanation: unspecified|3x water; atomic difference: 3C,4H,1N|H6,3O) [M+H]+
7794	473.2384134638261	1.3246155	94		
7551	582.228048999069	1.3249817	-1		
7563	430.230459472768	1.3257995	340		
8069	229.1547981879672	1.3263216	-1	8069.0	Suspect related to Spectral Match to Met-Leu from NIST14 (predicted molecular formula SIRIUS: unknown / BUDDY: unknown) with delta m/z -32.062 (putative explanation: unspecified; atomic difference: unspecified) [M+H]+
7596	291.66551883377963	1.3268924	-1		
7537	456.2098205464418	1.3270506	-1		
7656	613.1523820753574	1.32719	331		
7629	332.1818112222613	1.3275949	230		
7793	444.7160168683812	1.327828	335		
7776	437.2489926669741	1.3278956	475		
7660	409.7348642782952	1.3279033	274		
7543	558.2805647965935	1.3282735	-1		
7753	291.8335235100097	1.3283699	475		
7771	578.2527076185958	1.329284	153		
7638	302.2079646139153	1.3303148	114		
7650	384.1146879257557	1.331108	-1		
7541	290.1533658626778	1.3315275	213		
7701	304.1503373067433	1.3315957	-1	7701.0	Suspect related to Glu-Ile (predicted molecular formula SIRIUS: C8H24N4O6P / BUDDY: C12H21N3O6) with delta m/z 43.005 (putative explanation: Ala->Asn substitution|Carbamylation; atomic difference: 1C,1H,1N,1O|1C,1H,1N,1O) [M+H]+
7567	514.3231744903351	1.3321238	22		
7553	224.13816962611304	1.3324099	1007		
8081	374.6898630384836	1.3328128	621	8081.0	Suspect related to Ala-Leu-Lys (predicted molecular formula SIRIUS: C18H36N4O4 / BUDDY: C18H36N4O4) with delta m/z 42.047 (putative explanation: Ala->Leu/Ile substitution|Gly->Val substitution|Propyl|tri-Methylation|unspecified; atomic difference: 3C,6H|3C,6H|3C,6H|3C,6H|3C,H6) [M+H]+
7558	231.08404725480293	1.3329649	92	7558.0	Suspect related to Spectral Match to Pro-Val from NIST14 (predicted molecular formula SIRIUS: C11H20N2O3 / BUDDY: C11H20N2O3) with delta m/z 14.016 (putative explanation: Asn->Gln substitution|Asp->Glu substitution|Gly->Ala substitution|Methylation|Ser->Thr substitution|Val->Leu/Ile substitution|chain elongation; atomic difference: 1C,2H|1C,2H|1C,2H|1C,2H|1C,2H|1C,2H|1C,2H) [M+H]+
7648	359.2650587067184	1.3333138	37		
7371	253.1296543197984	1.333585	98	7371.0	Spectral Match to His-Pro from NIST14
7738	558.2412865655323	1.3337553	-1		
7724	203.13916985324195	1.3342594	102	7724.0	Suspect related to Ala-Met (predicted molecular formula SIRIUS: C9H18N2O3 / BUDDY: C9H18N2O3) with delta m/z -17.956 (putative explanation: Met->Leu/Ile substitution; atomic difference: 1C,2H,-1S) [M+H]+
7536	371.2292597476697	1.3350846	339	7536.0	Spectral Match to PyroGlu-Ile-Lys from NIST14
7532	571.3446359754248	1.3354939	707		
7448	688.2666693714588	1.335709	1328		
7395	417.23513944390606	1.3359983	-1		
8500	253.1181719607652	1.3361288	102	8500.0	Suspect related to Ser-Met (predicted molecular formula SIRIUS: C12H16N2O4 / BUDDY: C12H16N2O4) with delta m/z 16.031 (putative explanation: Pro->Leu/Ile substitution|unspecified; atomic difference: 1C,4H|1C,4H) [M+H]+
7460	276.17046546134765	1.3370548	322		
7524	316.1991943570965	1.3400068	-1		
7587	359.19253609610485	1.3403836	37		
7675	297.15599056686284	1.3408065	-1		
8254	254.16071839721937	1.3411034	-1		
7789	401.2012406381255	1.3421828	-1		
7605	380.1935681514421	1.3424342	98		
7742	213.123173304566	1.3434565	616	7742.0	Suspect related to cyclo(Phe-4-hydroxy-Pro) (predicted molecular formula SIRIUS: C10H16N2O3 / BUDDY: C10H16N2O3) with delta m/z -48.0 (putative explanation: Phe->Val substitution; atomic difference: -4C) [M+H]+
7635	568.2236562241376	1.3435537	-1		
7680	381.7103105631619	1.3442162	84		
7631	585.2156870120785	1.3443631	-1		
7704	387.1864745985255	1.3447174	-1		
7747	242.18631495269204	1.3448738	169	7747.0	Suspect related to Glu-Ile (predicted molecular formula SIRIUS: C12H23N3O2 / BUDDY: C12H23N3O2) with delta m/z -18.958 (putative explanation: unspecified; atomic difference: unspecified) [M+H]+
7896	521.2320911318506	1.3450947	-1		
7809	734.3524459643912	1.3452673	-1		
7864	256.1651720482128	1.3454633	-1		
7761	502.3240916295946	1.3457223	-1		
7739	300.1918231457729	1.3457814	258	7739.0	Suspect related to Spectral Match to Leu-Pro from NIST14 (predicted molecular formula SIRIUS: C14H25N3O4 / BUDDY: C14H25N3O4) with delta m/z 71.037 (putative explanation: unspecified|Acrylamide adduct|Gly->Gln substitution|unspecified|Sarcosine; atomic difference: 1C,3H,4N|3C,5H,1N,1O|3C,5H,1N,1O|3C,5H,1N,1O|unspecified) [M+H]+
7234	384.2245005090445	1.3463863	-1		
7844	460.24031094202434	1.3467633	-1		
7931	519.2306558442916	1.3473471	230		
7645	582.325928728215	1.3477883	151		
7685	527.2468328843896	1.3479776	1431		
7698	247.11098267042647	1.3486048	519	7698.0	Suspect related to Spectral Match to .alpha.-L-Asp-L-Phe from NIST14 (predicted molecular formula SIRIUS: unknown / BUDDY: unknown) with delta m/z -33.984 (putative explanation: Phe->Leu/Ile substitution; atomic difference: -3C,2H) [M+H]+
7884	274.1759902693529	1.348844	28	7884.0	Spectral Match to Val-Gly-Val from NIST14
7774	368.1454122436778	1.3490484	-1		
7920	296.1585059803119	1.3495513	-1		
8129	533.296496826664	1.350185	492		
7921	286.1759350244974	1.350331	22		
7762	546.2416482565941	1.3507992	231		
7836	331.19731029240444	1.3516566	426		
7926	320.1817042325946	1.3516645	28	7926.0	Suspect related to Spectral Match to Thr-Val-Leu from NIST14 (predicted molecular formula SIRIUS: unknown / BUDDY: unknown) with delta m/z -12.036 (putative explanation: Leu/Ile->Thr substitution|Val->Ser substitution|Dealkylation+hydroxylation; atomic difference: -2C,-4H,1O|-2C,-4H,1O|2C,4H,-1O) [M+H]+
7833	530.3548992909417	1.3518145	1496	7833.0	Suspect related to Spectral Match to Ile-Pro-Ile from NIST14 (predicted molecular formula SIRIUS: unknown / BUDDY: unknown) with delta m/z 188.12 (putative explanation: unspecified; atomic difference: unspecified) [M+H]+
7842	706.3253082130369	1.3546665	795		
6803	391.235280103	1.3546989	395	6803.0	Suspect related to Spectral Match to Ala-Pro-Lys from NIST14 (predicted molecular formula SIRIUS: C20H30N4O4 / BUDDY: C20H30N4O4) with delta m/z 76.031 (putative explanation: Acrolein addition +76|Ala->Phe substitution|Ser->Tyr substitution|unspecified; atomic difference: 6C,4H|6C,4H|6C,4H|6C,4H) [M+H]+
7922	308.1575985533645	1.3552183	143		
7888	341.2187969892007	1.3559189	300	7888.0	Spectral Match to Pro-Pro-Lys from NIST14
7396	376.15256689438576	1.3562868	-1		
7509	428.2869921827342	1.3565077	112		
7874	525.3400462878137	1.3570439	-1		
7932	338.16922025050405	1.3582364	1045		
7839	416.2056701083724	1.3587544	729		
7850	381.1740164659073	1.3597137	-1		
7902	511.323957198176	1.359822	1489		
7915	541.2115807661697	1.3598231	460		
8280	479.2855965348997	1.3600894	-1		
7885	219.1341597042052	1.3604096	-1	7885.0	Suspect related to Spectral Match to Ile-Gly-Ile from NIST14 (predicted molecular formula SIRIUS: unknown / BUDDY: unknown) with delta m/z -83.074 (putative explanation: nan (reverse); atomic difference: -5C,-9H,-1N) [M+H]+
8089	635.3046835295269	1.3605797	-1		
7899	161.09223575929127	1.36066	102		
7997	330.1660523860308	1.3613778	540		
8018	390.1870708137667	1.3614372	230	8018.0	Suspect related to Spectral Match to Leu-Val-Lys from NIST14 (predicted molecular formula SIRIUS: C18H37N4OPS / BUDDY: C21H32N4O3) with delta m/z 29.983 (putative explanation: unspecified; atomic difference: unspecified) [M+H]+
7938	366.21376840631154	1.3626586	60		
7870	635.2768850594616	1.3629173	-1		
7160	463.20225587986266	1.3630633	31		
8009	606.2084657467085	1.3633204	93		
7998	293.1133735033169	1.3636503	-1		
7970	220.13732660379023	1.3641276	276	7970.0	Spectral Match to Ser-Leu from NIST14
7967	446.223856620009	1.3647169	104		
7943	241.1172669720981	1.3647581	1414		
7868	549.2265258523328	1.3652624	-1		
7514	762.4146425086468	1.3662125	84		
7136	506.8124958053017	1.36748	707		
7624	728.3096247755753	1.3674971	-1		
7941	606.2628694157851	1.367807	-1		
7978	303.1315743466734	1.3679023	-1		
7947	233.10288761941783	1.368311	-1		
7081	457.2666718466784	1.3685439	23	7081.0	Suspect related to Spectral Match to Ile-Pro-Ile from NIST14 (predicted molecular formula SIRIUS: unknown / BUDDY: unknown) with delta m/z 113.085 (putative explanation: Acetyldeoxyhypusine|Serine; atomic difference: 6C,11H,1N,1O|6C,11H,1N,1O) [M+H]+
8051	283.1268007811618	1.3687446	-1		
7961	445.2668710329804	1.3692468	-1		
7994	532.2621858974496	1.3700244	958		
7559	430.1755757631736	1.3704692	-1		
8004	352.14816207183014	1.3718065	-1		
7825	387.7118989222661	1.373579	475		
7966	308.17229282697315	1.3738092	-1		
8067	338.6708897263954	1.3742787	-1		
7985	675.3331733361247	1.3749046	38		
7878	365.1794469261599	1.3753309	590		
8079	1023.5822941315818	1.3756282	-1		
8038	537.7628071234544	1.3757374	-1		
8148	807.4481953473339	1.376863	154		
8037	526.7720653175526	1.3774729	15		
7989	397.2194750771064	1.3777006	98		
8210	318.20247406197427	1.3782285	114	8210.0	Suspect related to Spectral Match to Leu-Ile from NIST14 (predicted molecular formula SIRIUS: C15H29N3O4 / BUDDY: C15H29N3O4) with delta m/z 71.037 (putative explanation: unspecified|Acrylamide adduct|Gly->Gln substitution|unspecified|Sarcosine; atomic difference: 1C,3H,4N|3C,5H,1N,1O|3C,5H,1N,1O|3C,5H,1N,1O|unspecified) [M+H]+
8211	367.21653660791264	1.3783076	504	8211.0	Suspect related to His-Pro (predicted molecular formula SIRIUS: C17H27N5O4 / BUDDY: C17H27N5O4) with delta m/z 113.085 (putative explanation: Acetyldeoxyhypusine|Serine; atomic difference: 6C,11H,1N,1O|6C,11H,1N,1O) [M+H]+
8024	340.1305350976494	1.3794793	-1		
8001	281.14977225125773	1.3797429	552	8001.0	Suspect related to Spectral Match to Val-Met from NIST14 (predicted molecular formula SIRIUS: C14H20N2O4 / BUDDY: C14H20N2O4) with delta m/z 32.026 (putative explanation: unspecified; atomic difference: 1C,4H,1O) [M+H]+
7824	259.1436028569265	1.3812379	1230		
8149	269.8207344555696	1.3814118	154		
8138	347.1923721902154	1.3817087	621		
8068	1052.536680908362	1.3816457	15		
8078	246.14483673757937	1.3820934	722	8078.0	Suspect related to Asn-Val (predicted molecular formula SIRIUS: C10H19N3O4 / BUDDY: C10H19N3O4) with delta m/z 14.016 (putative explanation: Asn->Gln substitution|Asp->Glu substitution|Gly->Ala substitution|Methylation|Ser->Thr substitution|Val->Leu/Ile substitution|chain elongation; atomic difference: 1C,2H|1C,2H|1C,2H|1C,2H|1C,2H|1C,2H|1C,2H) [M+H]+
8039	255.13196650372493	1.3827896	-1		
8090	670.4135551036085	1.3828093	13		
8305	215.13917469847289	1.3828847	830	8305.0	STK857491 CollisionEnergy:205060
8092	388.1931125917086	1.3833166	668		
8142	407.19243299881794	1.3833416	115	8142.0	Suspect related to Spectral Match to Phe-Pro-Lys from NIST14 (predicted molecular formula SIRIUS: unknown / BUDDY: unknown) with delta m/z 15.958 (putative explanation: Leu/Ile->Glu substitution|Val->Asp substitution|Demethylation+carboxylation; atomic difference: -1C,-4H,2O|-1C,-4H,2O|2O,-1C,-4H) [M+H]+
8984	215.1028721088292	1.3835343	1526		
8094	465.9061849701908	1.3835714	71		
8171	253.90949526371	1.3840377	158		
8096	698.3562946342922	1.3845977	71		
8172	480.2237699108141	1.3849386	-1		
8361	276.1078086576164	1.385238	252	8361.0	Suspect related to N-Acetyl-D-glucosamine (predicted molecular formula SIRIUS: C11H21NO9 / BUDDY: C11H21NO9) with delta m/z 90.031 (putative explanation: unspecified; atomic difference: unspecified) [M-2H2O+H]+
7914	366.1649227774122	1.3859766	60		
8459	188.06893714304428	1.3861058	-1		
8127	267.15004341741394	1.3866473	492		
7805	600.2995354279719	1.3875134	270		
7982	538.3218578194346	1.388363	-1		
8158	506.19205156877103	1.388403	37		
8136	618.2730868740994	1.3887618	31		
8164	669.3612318733307	1.3899803	-1		
8241	245.1496093718157	1.3908035	-1		
8140	404.2272227611055	1.3907921	154		
8122	476.7109725490823	1.3908646	713		
8080	272.16033275295587	1.3909466	1		
8289	183.61056333570423	1.3916495	98		
8236	338.2102303644991	1.3921322	158		
8284	464.2476832782582	1.3924423	71		
8083	353.1805314532586	1.3930533	-1		
8161	276.4802501316884	1.3936996	322		
8267	331.16755912631555	1.3982049	102	8267.0	Suspect related to Spectral Match to Phe-Phe from NIST14 (predicted molecular formula SIRIUS: unknown / BUDDY: unknown) with delta m/z 18.01 (putative explanation: Proline oxidation to 5-hydroxy-2-aminovaleric acid|water; atomic difference: 2H,1O|2H,1O) [M+H]+
8285	400.21958202113774	1.3990407	28		
8230	320.12372010471125	1.3990916	1399	8230.0	Suspect related to Trp-Tyr (predicted molecular formula SIRIUS: C17H23N3O3 / BUDDY: C17H23N3O3) with delta m/z -49.982 (putative explanation: unspecified; atomic difference: unspecified) [M+H]+
8293	479.223508733864	1.4011657	458		
8245	396.2369313671373	1.4014639	400		
8693	201.1235079606085	1.401503	518	8693.0	Suspect related to Ser-Leu (predicted molecular formula SIRIUS: C9H16N2O3 / BUDDY: C9H16N2O3) with delta m/z -18.011 (putative explanation: Dehydration|Pyro-glu from E|carbodiimide crosslinker; atomic difference: -2H,-1O|-2H,-1O|-2H,-1O) [M+H]+
8253	418.1459201621228	1.4015603	230		
8303	318.148166804728	1.401643	1530	8303.0	Suspect related to Spectral Match to Thr-Val-Leu from NIST14 (predicted molecular formula SIRIUS: unknown / BUDDY: unknown) with delta m/z -16.031 (putative explanation: Leu/Ile->Pro substitution; atomic difference: -1C,-4H) [M+H]+
8344	285.9242460485936	1.402267	158		
8213	517.2763021688855	1.4028583	1108		
8216	456.2537290437547	1.4035913	1167	8216.0	Suspect related to Spectral Match to Leu-Leu-Arg from NIST14 (predicted molecular formula SIRIUS: C23H42N4O5 / BUDDY: C23H42N4O5) with delta m/z 54.034 (putative explanation: unspecified|3x water; atomic difference: 3C,4H,1N|H6,3O) [M+H]+
8600	410.2088365992311	1.4040233	590		
8214	527.2714963236248	1.4043137	15		
8153	497.2724571389707	1.4044391	-1		
7323	570.8418575186544	1.4045177	707		
8371	442.2671711141348	1.4053257	13	8371.0	Suspect related to Leupeptin (predicted molecular formula SIRIUS: C21H40N6O4 / BUDDY: C21H40N6O4) with delta m/z 14.016 (putative explanation: Asn->Gln substitution|Asp->Glu substitution|Gly->Ala substitution|Methylation|Ser->Thr substitution|Val->Leu/Ile substitution|chain elongation; atomic difference: 1C,2H|1C,2H|1C,2H|1C,2H|1C,2H|1C,2H|1C,2H) [M+H]+
8100	458.2239992622938	1.4053863	-1		
8462	487.1471847757057	1.4059544	658		
7222	360.2130592854187	1.4069442	114	7222.0	Suspect related to Spectral Match to Ile-Leu from NIST14 (predicted molecular formula SIRIUS: unknown / BUDDY: unknown) with delta m/z 115.026 (putative explanation: Asp|Cleavage product of EGS protein crosslinks by hydroylamine treatment; atomic difference: 4C,5H,1N,3O|4C,5H,1N,3O) [M+H]+
8268	641.3987840691723	1.4069829	-1		
8302	465.25104165823	1.4073573	71		
7963	615.3722107978291	1.407367	247		
8410	644.3079781234786	1.407901	55		
8049	254.629475091802	1.4082159	80		
8291	454.1935748455603	1.4082209	-1		
8283	376.172569263385	1.4085513	927	8283.0	Suspect related to Glu-Ile (predicted molecular formula SIRIUS: C13H34N4O6P / BUDDY: C17H31N3O6) with delta m/z 113.085 (putative explanation: Acetyldeoxyhypusine|Serine; atomic difference: 6C,11H,1N,1O|6C,11H,1N,1O) [M+H]+
8684	334.1963502443443	1.4090487	28	8684.0	Suspect related to Spectral Match to Thr-Val-Leu from NIST14 (predicted molecular formula SIRIUS: unknown / BUDDY: unknown) with delta m/z 1.979 (putative explanation: Val->Thr substitution|Demethylation+hydroxylation (on same or differing sites); atomic difference: -1C,-2H,1O|1O,-1C,-2H) [M+H]+
8274	474.2202464736733	1.4090836	-1		
8391	883.5243215406421	1.4092655	-1		
8340	475.1803943923341	1.409592	-1		
8250	546.2881465648057	1.4101983	38		
8205	242.1000913544323	1.4111832	169		
8415	504.245784938884	1.4111639	115		
8270	330.2025238415224	1.4117676	258	8270.0	Suspect related to Spectral Match to Ile-Val-Lys from NIST14 (predicted molecular formula SIRIUS: C16H29N3O4 / BUDDY: C16H29N3O4) with delta m/z -31.042 (putative explanation: Lys->Pro substitution; atomic difference: -1C,-5H,-1N) [M+H]+
8465	224.13901040295764	1.4120127	1007		
8193	631.2755578573594	1.4121681	71		
8369	163.1229000856511	1.4132069	-1		
7508	516.3398702973849	1.4131993	22		
8332	244.65757925331457	1.4133129	-1		
8362	180.1494320417958	1.4135413	692		
8233	435.17273045322366	1.4141897	230	8233.0	Glu-C20:3
8316	736.3382688078615	1.4144282	-1		
8228	539.2209578254565	1.4145545	-1		
8335	321.202712856031	1.4151521	-1		
8395	270.192198511769	1.4160622	453		
8347	499.2015142816181	1.4166347	-1		
8388	348.2017049791869	1.4167762	-1		
8483	501.2669203585946	1.4169333	340		
8527	408.1766459021622	1.416988	115	8527.0	Suspect related to Spectral Match to Tyr-Pro from NIST14 (predicted molecular formula SIRIUS: C19H25N3O7 / BUDDY: C23H25N3O2S) with delta m/z 129.043 (putative explanation: Nmethylmaleimidehydrolysis|Photo-induced Proline adduct|monoglutamyl|unspecified; atomic difference: 5C,7H,1N,3O|5C,7H,1N,3O|5C,7H,1N,3O|5C,7H,1N,3O) [M+H]+
8436	414.2716024986162	1.4172751	137		
8356	483.31561066622055	1.4175475	507	8356.0	Suspect related to Spectral Match to Leu-Val from NIST14 (predicted molecular formula SIRIUS: unknown / BUDDY: C10H19N5O2) with delta m/z 21.984 (putative explanation: Sodium adduct|glyoxal-derived AGE; atomic difference: -1H,1Na|2C,-2H) [2M+H]+
8493	523.2492196152625	1.41781	463		
8355	453.2464434785187	1.417955	-1		
8406	288.1917744939865	1.4180832	659		
8409	247.1289704758404	1.419458	519	8409.0	Suspect related to Spectral Match to .alpha.-L-Asp-L-Phe from NIST14 (predicted molecular formula SIRIUS: unknown / BUDDY: unknown) with delta m/z -33.984 (putative explanation: Phe->Leu/Ile substitution; atomic difference: -3C,2H) [M+H]+
8432	550.2600855429979	1.420072	-1		
8977	199.10780335379232	1.4212823	338		
8439	343.1983809019945	1.4214228	28		
8482	379.1952917434741	1.4214649	458		
8463	630.2441826626126	1.4216636	209		
8724	181.0972387942	1.4220501	213		
7487	253.15245658689363	1.4222335	507		
8168	440.1280576739575	1.4225113	-1		
8407	273.1923183286386	1.423241	213		
8237	221.09202852680045	1.4232695	208		
8333	233.14953935773573	1.4237893	-1	8333.0	Suspect related to Spectral Match to Ile-Glu from NIST14 (predicted molecular formula SIRIUS: C10H20N2O4 / BUDDY: C10H20N2O4) with delta m/z -27.995 (putative explanation: Asp->Ser substitution|Glu->Thr substitution|Pyrrolidone from Proline|Secondary amine cleavage, decarbonylation; atomic difference: -1C,-1O|-1C,-1O|-1C,-1O|-1C,-1O) [M+H]+
8581	380.8966870875964	1.4245539	707		
8845	245.0955237829947	1.4253354	213		
8475	477.21894157938107	1.4256161	230		
8575	399.23587189978224	1.42575	-1		
8448	478.2231694099091	1.4258988	-1		
8357	568.2728384991705	1.4258935	17		
8579	357.21325907254106	1.4259222	426		
8461	511.1799910158144	1.4261467	1489		
8491	586.3593472861995	1.4261911	-1		
8490	237.12290577963844	1.4262705	102	8490.0	Suspect related to Spectral Match to Phe-Phe from NIST14 (predicted molecular formula SIRIUS: unknown / BUDDY: unknown) with delta m/z -76.031 (putative explanation: Dephenylation, didealkynelatoin|Phe->Ala substitution|Tyr->Ser substitution; atomic difference: -6C,-4H|-6C,-4H|-6C,-4H) [M+H]+
8088	977.4434134792746	1.4262189	-1		
10256	220.1183488067016	1.4267575	175	10256.0	D-PANTOTHENIC ACID
9146	531.2423505834237	1.427267	28		
8288	588.2995486660601	1.4278314	653		
8312	445.193590535843	1.4279065	-1		
8539	231.1704570491676	1.4282441	32	8539.0	Suspect related to Ser-Leu (predicted molecular formula SIRIUS: C11H22N2O3 / BUDDY: C11H22N2O3) with delta m/z 12.036 (putative explanation: Ser->Val substitution|Thr->Leu/Ile substitution; atomic difference: 2C,4H,-1O|2C,4H,-1O) [M+H]+
8586	672.3763724174169	1.4287034	-1		
8348	386.20481355447936	1.4293239	-1		
8421	217.11843037297	1.4293553	-1		
8519	232.1739721463179	1.4298258	276	8519.0	Suspect related to Spectral Match to Val-Val from NIST14 (predicted molecular formula SIRIUS: unknown / BUDDY: unknown) with delta m/z 14.016 (putative explanation: Asn->Gln substitution|Asp->Glu substitution|Gly->Ala substitution|Methylation|Ser->Thr substitution|Val->Leu/Ile substitution|chain elongation; atomic difference: 1C,2H|1C,2H|1C,2H|1C,2H|1C,2H|1C,2H|1C,2H) [M+H]+
8537	151.123017104999	1.4304167	-1		
8529	251.15025069766853	1.4313848	2	8529.0	Suspect related to His-Phe (predicted molecular formula SIRIUS: unknown / BUDDY: unknown) with delta m/z -33.967 (putative explanation: methionine oxidation to homocysteic acid (reverse); atomic difference: 1C,2H,-3O) [M-H2O+H]+
9618	361.6727326664568	1.432298	1288		
8569	461.3336320641303	1.4330114	-1	8569.0	Spectral Match to Leu-Val from NIST14
7614	414.2155603696628	1.433316	368		
8373	292.1292313905567	1.4339297	79	8373.0	Suspect related to Spectral Match to Gly-Tyr from NIST14 (predicted molecular formula SIRIUS: C14H16N2O5 / BUDDY: C14H16N2O5) with delta m/z 54.01 (putative explanation: unspecified|Alkene fragment of DSSO crosslinker|MDA adduct +54|Methylglyoxal-derived hydroimidazolone|unspecified; atomic difference: 1C,3N|3C,2H,1O|3C,2H,1O|3C,2H,1O|3C,2H,1O) [M+H]+
8514	251.13700621349795	1.4340154	2	8514.0	Suspect related to His-Phe (predicted molecular formula SIRIUS: unknown / BUDDY: unknown) with delta m/z -33.967 (putative explanation: methionine oxidation to homocysteic acid (reverse); atomic difference: 1C,2H,-3O) [M-H2O+H]+
8561	646.321112181553	1.4347372	55		
8565	610.2832937898792	1.4352449	-1		
8558	262.1483816967771	1.4355274	-1	8558.0	Suspect related to Glu-Ile (predicted molecular formula SIRIUS: C10H20N3O3P / BUDDY: C9H19N5O2S) with delta m/z 0.984 (putative explanation: Asn->Asp substitution|Deamidation|Gln->Glu substitution|Amide hydroxylation; atomic difference: -1H,-1N,1O|-1H,-1N,1O|-1H,-1N,1O|1O,-1N,-1H) [M+H]+
8810	374.2351303067633	1.437056	158		
8520	409.2068016654062	1.4377459	590		
8518	199.1441549007166	1.4390821	338		
9580	290.17095259864925	1.4393182	213		
8789	346.1972202708477	1.4397364	302	8789.0	Suspect related to Spectral Match to Glu-Val-Phe from NIST14 (predicted molecular formula SIRIUS: C15H27N3O6 / BUDDY: C15H27N3O6) with delta m/z -48.0 (putative explanation: Phe->Val substitution; atomic difference: -4C) [M+H]+
8976	599.2074122977228	1.4409137	-1		
8523	713.4199354630737	1.4412844	115		
8455	317.18233265393246	1.4413416	887	8455.0	Suspect related to Spectral Match to Leu-Ile from NIST14 (predicted molecular formula SIRIUS: C15H29N3O4 / BUDDY: C15H29N3O4) with delta m/z 71.037 (putative explanation: unspecified|Acrylamide adduct|Gly->Gln substitution|unspecified|Sarcosine; atomic difference: 1C,3H,4N|3C,5H,1N,1O|3C,5H,1N,1O|3C,5H,1N,1O|unspecified) [M+H]+
8552	489.22615910975554	1.4416043	992		
8400	541.3234741034482	1.4423454	-1		
8642	294.1455431852726	1.4424326	394	8642.0	Suspect related to Thr-Val-Lys (predicted molecular formula SIRIUS: C14H18N2O5 / BUDDY: C14H18N2O5) with delta m/z -52.104 (putative explanation: unspecified; atomic difference: unspecified) [M+H]+
8745	228.13440810066027	1.4424665	213	8745.0	C6_0_N-Acyl_Agmatine
8555	430.2306189546638	1.4424635	332		
8654	276.1708711541671	1.4433051	322		
8621	371.229124542127	1.443411	339	8621.0	Spectral Match to PyroGlu-Ile-Lys from NIST14
8653	448.2665543471984	1.4434887	22		
8991	571.3447704010928	1.4455405	707		
9288	223.6252569717036	1.4456457	475		
9183	321.1570004594106	1.4461902	251		
10093	299.1002995621185	1.4468465	931		
8760	249.8258567137129	1.4470779	158		
8660	448.1823912412152	1.4470655	1399	8660.0	Suspect related to Trp-Pro (predicted molecular formula SIRIUS: C16H21N11O5 / BUDDY: C20H25N5O7) with delta m/z 146.036 (putative explanation: hydroxycinnamyl|p-coumaric acid; atomic difference: 9C,6H,2O|unspecified) [M+H]+
8896	604.2113456190623	1.4471728	1300		
8817	465.1654932251471	1.4476899	209		
8489	354.2005180691357	1.4482666	278		
8761	473.2424142199041	1.4493533	22		
8656	446.2614341420093	1.4495043	104		
8744	250.11633970343817	1.4499916	-1		
8671	229.13720903321143	1.4506555	155	8671.0	Suspect related to Spectral Match to His-Ile from NIST14 (predicted molecular formula SIRIUS: C11H20N2O3 / BUDDY: C11H20N2O3) with delta m/z -40.009 (putative explanation: His->Pro substitution; atomic difference: -1C,-2N) [M+H]+
8430	373.17221378627767	1.4511687	-1		
8616	490.215728789343	1.4529018	31	8616.0	Spectral Match to Leu-Leu from NIST14
8603	334.1608010813657	1.4531873	-1		
9496	255.1638477550052	1.4557309	453		
9527	226.11868222752213	1.4558233	1	9527.0	Suspect related to Spectral Match to PyroGlu-Val from NIST14 (predicted molecular formula SIRIUS: C10H14N2O4 / BUDDY: C10H14N2O4) with delta m/z -2.016 (putative explanation: 2-amino-3-oxo-butanoic_acid|Intact disulfide bridge|Val->Pro substitution; atomic difference: -2H|-2H|-2H) [M+H]+
8890	454.3025080885836	1.4558907	250		
8368	354.07902074941546	1.4563441	1329		
8040	345.6871856608697	1.4566	274	8040.0	Suspect related to Spectral Match to Ile-Ile-Lys from NIST14 (predicted molecular formula SIRIUS: C14H26N4O6 / BUDDY: C19H26N2O4) with delta m/z -26.089 (putative explanation: unspecified; atomic difference: unspecified) [M+H]+
8494	345.1849708533698	1.4566938	719		
8720	518.2404378091237	1.4572105	116		
8791	211.1078069878643	1.4580545	213		
8772	647.3164224731404	1.4580232	116		
8605	435.2079595153911	1.458097	899		
8525	433.19301526437073	1.458204	528		
8758	437.2032109553124	1.4586525	98		
8886	337.6715293257996	1.459739	-1		
8718	324.1634760755408	1.4603072	497		
8618	243.1340807062024	1.4606545	169	8618.0	Suspect related to Spectral Match to PyroGlu-Pro from NIST14 (predicted molecular formula SIRIUS: C11H18N2O4 / BUDDY: C11H18N2O4) with delta m/z 16.031 (putative explanation: Pro->Leu/Ile substitution|unspecified; atomic difference: 1C,4H|1C,4H) [M+H]+
8634	384.21122142144463	1.4608616	818		
8637	384.9788941727745	1.4609541	257		
8349	356.1452070054336	1.4618671	28	8349.0	Spectral Match to PyroGlu-Pro-Lys from NIST14
8774	458.2984951602341	1.4623373	-1		
8622	257.16086175112883	1.4628744	-1		
8842	390.1871155799892	1.4632556	230	8842.0	Suspect related to Ile-Asp-Lys (predicted molecular formula SIRIUS: unknown / BUDDY: unknown) with delta m/z 13.979 (putative explanation: Thr->Asp substitution|Tryptophan oxidation to oxolactone|aldehyde and ketone modifications|hydroxylation difference carboxylation|proline oxidation to pyroglutamic acid|Oxidation, epoxidation; atomic difference: -2H,1O|-2H,1O|-2H,1O|-2H,1O|-2H,1O|1O,-2H) [M+H]+
8710	316.1861755843381	1.4633204	1059		
8595	311.1236960011682	1.4633486	-1		
8723	768.9510674696943	1.4643013	257		
8753	768.4499479878942	1.4643526	257		
8775	556.3182541419209	1.464423	116		
9325	564.2512521029074	1.4647887	-1		
8737	228.10638843395387	1.4654728	1	8737.0	Suspect related to Spectral Match to PyroGlu-Val from NIST14 (predicted molecular formula SIRIUS: C10H14N2O4 / BUDDY: C10H14N2O4) with delta m/z -2.016 (putative explanation: 2-amino-3-oxo-butanoic_acid|Intact disulfide bridge|Val->Pro substitution; atomic difference: -2H|-2H|-2H) [M+H]+
8717	341.68347668164006	1.4655415	141	8717.0	Spectral Match to Pro-Pro-Lys from NIST14
8704	340.17972287606915	1.466495	154		
8751	512.6360565342438	1.466509	257		
8855	574.1297768633549	1.4666154	331	8855.0	Spectral Match to Adenylyl(3'-5')cytidine from NIST14
9155	227.6549930755743	1.4669315	-1		
8966	355.16160376736	1.46777	28		
8604	359.2651422238263	1.4683927	37		
8577	522.2692685082897	1.4684178	482		
8865	285.1343960120428	1.469012	2	8865.0	Suspect related to Spectral Match to His-Ile from NIST14 (predicted molecular formula SIRIUS: unknown / BUDDY: unknown) with delta m/z 33.985 (putative explanation: Leu/Ile->Phe substitution; atomic difference: 3C,-2H) [M-H2O+H]+
9071	189.1137918596306	1.4692498	16		
8863	548.2454021958876	1.4699752	647		
8771	512.9700282385498	1.4700712	257		
10025	730.3995574881416	1.4700673	247		
9395	543.2414053175058	1.4704428	28		
8943	318.1660509280598	1.4707893	927	8943.0	Suspect related to Spectral Match to Leu-Gly-Leu from NIST14 (predicted molecular formula SIRIUS: unknown / BUDDY: unknown) with delta m/z 15.958 (putative explanation: Leu/Ile->Glu substitution|Val->Asp substitution|Demethylation+carboxylation; atomic difference: -1C,-4H,2O|-1C,-4H,2O|2O,-1C,-4H) [M+H]+
8856	455.2509480520452	1.4709058	22	8856.0	Suspect related to Spectral Match to Leu-Leu-Arg from NIST14 (predicted molecular formula SIRIUS: C23H42N4O5 / BUDDY: C23H42N4O5) with delta m/z 54.034 (putative explanation: unspecified|3x water; atomic difference: 3C,4H,1N|H6,3O) [M+H]+
8811	280.12876755285254	1.4720494	722	8811.0	Spectral Match to Asn-Phe from NIST14
8707	653.3642455397231	1.4721662	151		
9335	559.238884758385	1.4721836	-1		
8869	175.0865565340495	1.4727647	748		
8748	446.7347762831751	1.4733232	1338		
8951	457.3024519613007	1.4745679	22	8951.0	Suspect related to Spectral Match to Leu-Leu-Arg from NIST14 (predicted molecular formula SIRIUS: C23H42N4O5 / BUDDY: C23H42N4O5) with delta m/z 54.034 (putative explanation: unspecified|3x water; atomic difference: 3C,4H,1N|H6,3O) [M+H]+
8730	249.0846718148705	1.474675	1864		
8867	752.3777899040441	1.4747586	-1		
9431	446.2447584624702	1.4748737	321		
9394	417.24511351977407	1.4754614	38		
9254	511.25195857577313	1.4764823	-1		
8897	436.7279665098019	1.476583	475		
9165	606.2631771571045	1.476643	-1		
9313	328.1512263676621	1.4770436	-1		
8582	590.1253494627215	1.4779564	331		
8764	526.3435098352276	1.478153	98		
8941	700.3892650551045	1.4787985	-1		
9036	589.2834083197866	1.4789855	194		
9004	440.2505867933671	1.4794431	115		
8915	428.2871186736486	1.4798676	112		
9511	426.7202043560952	1.4804538	1270		
9012	456.2824586889149	1.481397	-1		
9173	641.8735135988617	1.4816462	468		
8806	387.187271073292	1.4826658	-1		
10028	706.3261569996857	1.4831532	795		
9058	499.25117901810114	1.4834718	17		
9323	613.1527952581533	1.4836471	331		
9320	327.68230471255674	1.4837029	80		
9412	262.6451279697165	1.4839786	80		
9983	336.6910952311031	1.4843836	-1		
9005	223.10771868881727	1.4844747	102	9005.0	Suspect related to N-ACETYLPHENYLALANINE (predicted molecular formula SIRIUS: C11H14N2O3 / BUDDY: C11H14N2O3) with delta m/z 15.011 (putative explanation: ADP-ribosylation followed by conversion to hydroxamic acid via hydroxylamine|Leu/Ile->Lys substitution|Tyrosine oxidation to 2-aminotyrosine|unspecified; atomic difference: 1H,1N|1H,1N|1H,1N|1H,1N) [M+H]+
9030	231.08411645087145	1.4849002	92	9030.0	Suspect related to Spectral Match to Pro-Val from NIST14 (predicted molecular formula SIRIUS: C11H20N2O3 / BUDDY: C11H20N2O3) with delta m/z 14.016 (putative explanation: Asn->Gln substitution|Asp->Glu substitution|Gly->Ala substitution|Methylation|Ser->Thr substitution|Val->Leu/Ile substitution|chain elongation; atomic difference: 1C,2H|1C,2H|1C,2H|1C,2H|1C,2H|1C,2H|1C,2H) [M+H]+
9440	308.15767797057134	1.4852972	-1		
9145	558.241293090006	1.4856141	-1		
9846	158.08138119087803	1.4858822	830		
9246	391.70277036270414	1.4863492	-1		
9132	219.13420601523623	1.4871821	1218		
8779	227.10274728398088	1.4875025	1	8779.0	Suspect related to Spectral Match to PyroGlu-Val from NIST14 (predicted molecular formula SIRIUS: C10H14N2O4 / BUDDY: C10H14N2O4) with delta m/z -2.016 (putative explanation: 2-amino-3-oxo-butanoic_acid|Intact disulfide bridge|Val->Pro substitution; atomic difference: -2H|-2H|-2H) [M+H]+
8685	209.0923277893596	1.4891596	1		
8936	332.1817987890398	1.4891863	230		
8864	572.331253379339	1.4893292	82		
9262	291.83351441047733	1.4897199	475		
8975	527.2466455452463	1.4897218	1431		
9541	462.2315673292006	1.4898174	458		
9545	424.70358900141264	1.4903382	1308		
10060	195.12286363029523	1.4903673	221		
8910	305.15331751669873	1.4905182	482		
9240	465.2041161281046	1.491333	209		
9144	759.3336576560035	1.4915911	-1		
9459	498.7417260091266	1.4918218	-1		
8589	549.3047457339219	1.4923669	112		
9349	448.2402515554541	1.4926172	-1		
9093	414.2361320451269	1.4927651	28		
9238	218.7905818775848	1.4932965	1218		
9170	514.3241404785579	1.4933424	22		
9291	344.1809213445496	1.493492	774		
9422	618.2733699044013	1.4935753	31		
9032	428.2513147019485	1.4937766	115		
8871	320.18165257316144	1.494023	28	8871.0	Suspect related to Spectral Match to Thr-Val-Leu from NIST14 (predicted molecular formula SIRIUS: unknown / BUDDY: unknown) with delta m/z -12.036 (putative explanation: Leu/Ile->Thr substitution|Val->Ser substitution|Dealkylation+hydroxylation; atomic difference: -2C,-4H,1O|-2C,-4H,1O|2C,4H,-1O) [M+H]+
9371	404.22753458059657	1.4940579	154		
9882	169.0973168539464	1.4949791	2	9882.0	Suspect related to cyclo(L-Leu-L-Pro) (predicted molecular formula SIRIUS: C8H12N2O2 / BUDDY: C8H12N2O2) with delta m/z -42.047 (putative explanation: Deisopropylation, depropylation, dealkylation|Leu/Ile->Ala substitution|Val->Gly substitution; atomic difference: -3C,-6H|-3C,-6H|-3C,-6H) [M+H]+
8795	242.18642738464527	1.495095	169	8795.0	Suspect related to Glu-Ile (predicted molecular formula SIRIUS: C12H23N3O2 / BUDDY: C12H23N3O2) with delta m/z -18.958 (putative explanation: unspecified; atomic difference: unspecified) [M+H]+
9256	873.4885107141519	1.4951118	144		
9114	381.17425740039135	1.4952263	-1		
10657	251.15026189283483	1.4959581	2	10657.0	Suspect related to His-Pro (predicted molecular formula SIRIUS: unknown / BUDDY: unknown) with delta m/z 16.031 (putative explanation: Pro->Leu/Ile substitution|unspecified; atomic difference: 1C,4H|1C,4H) [M-H2O+H]+
8692	313.6972517927237	1.495993	-1		
9156	261.144612568746	1.496529	-1	9156.0	Suspect related to Spectral Match to Leu-Phe from NIST14 (predicted molecular formula SIRIUS: C11H20N2O5 / BUDDY: C11H20N2O5) with delta m/z -18.026 (putative explanation: Loss of ammonia (15N)|Phe->Glu substitution; atomic difference: -3H,-1N[15]|-4C,-2H,2O) [M+H]+
8919	529.2641376699393	1.496754	28		
9398	275.1559693447785	1.497234	733		
8754	485.2384671225888	1.4975597	-1		
9154	183.61060259351603	1.4980578	98		
9302	852.4326595550096	1.4985241	-1		
9560	305.1714472985415	1.4994748	482		
8909	409.734982298338	1.4997115	274		
9652	366.1650179992065	1.4997817	60	9652.0	Suspect related to Spectral Match to Tyr-Pro-Phe from NIST14 (predicted molecular formula SIRIUS: unknown / BUDDY: unknown) with delta m/z -60.036 (putative explanation: Phe->Ser substitution; atomic difference: -6C,-4H,1O) [M+H]+
8716	459.18573397174896	1.5005795	463		
9290	374.6891276574957	1.5006859	-1	9290.0	Suspect related to Gly-Leu-Lys (predicted molecular formula SIRIUS: C17H32N4O5 / BUDDY: C17H32N4O5) with delta m/z 56.026 (putative explanation: unspecified|Acrolein addition +56|Propionate labeling reagent light form (N-term & K)|unspecified; atomic difference: 1C,2H,3N|3C,4H,1O|3C,4H,1O|3C,4H,1O) [M+H]+
9061	552.2300627753086	1.5007739	98		
7840	459.3189052087995	1.5009352	23		
9078	359.1928291882215	1.5014648	37	9078.0	Suspect related to Ile-Asp-Lys (predicted molecular formula SIRIUS: unknown / BUDDY: unknown) with delta m/z -14.052 (putative explanation: Lys->Asn substitution; atomic difference: -2C,-6H,1O) [M+H]+
9399	400.2554562793309	1.5017155	-1		
10200	247.1104701356417	1.5018196	519		
9678	545.309865246587	1.5019138	-1		
8825	323.6654946302772	1.5023084	526		
9216	417.19907288201455	1.5024089	98		
10191	418.7224201673848	1.502567	442		
9452	388.19334621022216	1.5035744	668		
9343	269.8207086777826	1.5038514	154		
9255	847.2875756872639	1.5038462	1080		
9050	836.4389200579448	1.5039859	-1		
9019	783.3642220212673	1.5040653	-1		
9416	444.7165605106943	1.5042689	335		
9242	654.3604784418869	1.5045747	80		
9650	612.3720230616558	1.5047227	-1		
9345	802.3400069575493	1.5048212	-1		
9775	376.1526256239037	1.5049945	-1		
9303	397.2205828900748	1.5051295	98		
9258	472.28801973349033	1.5052772	-1		
9103	494.2253970673339	1.5053253	612		
9031	519.2926218606416	1.505669	115		
9098	444.2458428544594	1.5063554	115	9098.0	Suspect related to Phe-Pro-Lys (predicted molecular formula SIRIUS: unknown / BUDDY: unknown) with delta m/z 53.007 (putative explanation: unspecified; atomic difference: unspecified) [M+H]+
8163	526.2627137535472	1.5066689	98		
9405	807.448759433377	1.5067016	154		
8052	263.6347075208728	1.5069015	80		
9605	229.11863187296447	1.5078242	23	9605.0	Suspect related to Spectral Match to Tyr-Pro from NIST14 (predicted molecular formula SIRIUS: unknown / BUDDY: unknown) with delta m/z -50.015 (putative explanation: Phe->Pro substitution; atomic difference: -4C,-2H) [M+H]+
9122	546.286725063198	1.5083957	38		
9385	524.2821020110815	1.5084462	171		
8790	391.2356423304051	1.5095575	395	8790.0	Spectral Match to Phe-Pro-Lys from NIST14
9627	260.1607211426032	1.5100191	604	9627.0	Suspect related to Spectral Match to Leu-Gly-Leu from NIST14 (predicted molecular formula SIRIUS: unknown / BUDDY: unknown) with delta m/z -42.047 (putative explanation: Deisopropylation, depropylation, dealkylation|Leu/Ile->Ala substitution|Val->Gly substitution; atomic difference: -3C,-6H|-3C,-6H|-3C,-6H) [M+H]+
8932	674.3366523005391	1.511216	15		
9497	321.172028452911	1.5113297	251		
9081	391.1998991349505	1.5125036	138		
9274	341.2188649177543	1.5138646	300	9274.0	Spectral Match to Pro-Pro-Lys from NIST14
9386	642.3084372891614	1.5140108	468		
8914	401.2025145604032	1.514089	-1		
10052	644.3075500751019	1.5141101	55		
10048	416.2053153264424	1.5150547	729		
9540	532.2628993242522	1.5152428	958		
9357	748.370188235633	1.5158182	-1		
9694	643.3086819263336	1.5162903	-1		
9009	620.2780789324283	1.5170496	93		
9433	415.2394160329917	1.5173124	1028		
9841	533.2646580289164	1.51734	-1		
9443	437.2493974341135	1.5178618	475		
8173	486.25647080467536	1.5183078	426		
9292	338.1692417666789	1.518709	1045		
9661	613.2965388027047	1.5187778	-1		
8958	419.2152641112292	1.5188657	-1		
9219	525.3402266282798	1.5193976	300		
10421	254.629423731019	1.5194433	80		
10333	727.3314462657447	1.5203009	-1		
10283	281.1497396929636	1.5206863	552	10283.0	Suspect related to Spectral Match to Val-Met from NIST14 (predicted molecular formula SIRIUS: C14H20N2O4 / BUDDY: C14H20N2O4) with delta m/z 32.026 (putative explanation: unspecified; atomic difference: 1C,4H,1O) [M+H]+
9010	230.1584223209568	1.5207173	155	9010.0	Suspect related to Spectral Match to Val-Ile from NIST14 (predicted molecular formula SIRIUS: C11H20N2O3 / BUDDY: C11H20N2O3) with delta m/z -2.016 (putative explanation: 2-amino-3-oxo-butanoic_acid|Intact disulfide bridge|Val->Pro substitution; atomic difference: -2H|-2H|-2H) [M+H]+
9670	343.8445211815718	1.521132	24		
10386	627.2390186804556	1.5216985	-1		
9788	528.2695048825157	1.5221094	15		
9617	425.2510221045824	1.5222967	-1		
9196	331.197518089282	1.5223688	426		
9118	449.2243551733965	1.5230542	-1		
9344	476.7111164613227	1.5231435	713		
9546	722.3403346778814	1.5234535	-1		
9555	463.2026918730329	1.5237097	31		
10418	390.2113609687562	1.5237291	442		
10567	515.2647118615811	1.5243412	24		
8740	286.1760859236737	1.5245677	22	8740.0	Suspect related to Spectral Match to Ile-Gly-Ile from NIST14 (predicted molecular formula SIRIUS: unknown / BUDDY: unknown) with delta m/z -16.031 (putative explanation: Leu/Ile->Pro substitution; atomic difference: -1C,-4H) [M+H]+
9948	409.2075649881857	1.524932	590		
10384	440.2143234374332	1.525338	-1		
9477	1029.5209402511312	1.5253066	-1		
9268	263.17344414779615	1.52556	80		
9607	472.34978468120096	1.5255809	-1		
9951	453.2460554213772	1.5257694	-1		
10408	166.0865014431398	1.5258889	32	10408.0	PHENYLALANINE
9514	762.4156468414528	1.5264609	84		
10451	381.7109451882967	1.5267131	84		
9710	199.11400369830795	1.527965	98		
9265	400.2198796526493	1.5287333	28		
10574	688.2673846508715	1.528824	1328		
9900	523.2492793734557	1.5288763	463		
8813	384.72850041193374	1.528911	257		
10032	675.3326811875469	1.528933	38		
10842	242.18643378355603	1.5291064	169	10842.0	Suspect related to Glu-Ile (predicted molecular formula SIRIUS: C12H23N3O2 / BUDDY: C12H23N3O2) with delta m/z -18.958 (putative explanation: unspecified; atomic difference: unspecified) [M+H]+
10215	300.1918564026357	1.529357	258	10215.0	Suspect related to Spectral Match to Leu-Pro from NIST14 (predicted molecular formula SIRIUS: C14H25N3O4 / BUDDY: C14H25N3O4) with delta m/z 71.037 (putative explanation: unspecified|Acrylamide adduct|Gly->Gln substitution|unspecified|Sarcosine; atomic difference: 1C,3H,4N|3C,5H,1N,1O|3C,5H,1N,1O|3C,5H,1N,1O|unspecified) [M+H]+
8396	457.2400045955485	1.5297371	115		
10224	509.29767941560334	1.529799	362		
10617	340.198155510897	1.5301754	-1		
9387	467.2625566686974	1.5301671	-1		
9747	577.8258275358336	1.5305312	153		
9516	609.3001359640854	1.5307598	482		
9519	827.429937981045	1.5309652	-1		
10486	767.3191409991886	1.5327108	1080		
9774	253.1181557147564	1.5329132	102	9774.0	Suspect related to Ser-Met (predicted molecular formula SIRIUS: C12H16N2O4 / BUDDY: C12H16N2O4) with delta m/z 16.031 (putative explanation: Pro->Leu/Ile substitution|unspecified; atomic difference: 1C,4H|1C,4H) [M+H]+
10571	402.1929243326034	1.5334481	15		
10287	375.187658843152	1.5335407	31		
9786	506.19236344608754	1.5338244	-1		
8913	556.2735131256659	1.5339963	-1		
10578	803.3791457296222	1.5342306	15		
10053	837.4348918534284	1.5346752	-1		
9816	586.359512932096	1.5350299	-1		
9456	446.2244469295085	1.5357476	37		
9698	332.2181274615261	1.5357863	114	9698.0	Suspect related to Spectral Match to Ile-Val-Lys from NIST14 (predicted molecular formula SIRIUS: C19H26N2O3 / BUDDY: C14H26N4O5) with delta m/z -28.068 (putative explanation: unspecified; atomic difference: unspecified) [M+H]+
9373	465.9070843185796	1.5359397	71		
10602	728.2508922763278	1.5362686	1328		
9926	423.1880217374333	1.5364512	-1		
8820	635.2887609210826	1.5367086	384		
10401	189.1235500206572	1.5367957	102	10401.0	Gly-Leu - 40.0 eV
10502	669.3207803593377	1.5369259	833		
9850	407.1927374827978	1.5374627	115	9850.0	Suspect related to Spectral Match to Phe-Pro-Lys from NIST14 (predicted molecular formula SIRIUS: unknown / BUDDY: unknown) with delta m/z 15.958 (putative explanation: Leu/Ile->Glu substitution|Val->Asp substitution|Demethylation+carboxylation; atomic difference: -1C,-4H,2O|-1C,-4H,2O|2O,-1C,-4H) [M+H]+
9188	229.1548385717871	1.5381573	23	9188.0	Suspect related to Spectral Match to Tyr-Pro from NIST14 (predicted molecular formula SIRIUS: unknown / BUDDY: unknown) with delta m/z -50.015 (putative explanation: Phe->Pro substitution; atomic difference: -4C,-2H) [M+H]+
9916	215.1392335757056	1.5381923	1526	9916.0	Suspect related to Spectral Match to Pro-Val from NIST14 (predicted molecular formula SIRIUS: C10H17NO4 / BUDDY: C10H17NO4) with delta m/z 0.984 (putative explanation: Asn->Asp substitution|Deamidation|Gln->Glu substitution|Amide hydroxylation; atomic difference: -1H,-1N,1O|-1H,-1N,1O|-1H,-1N,1O|1O,-1N,-1H) [M+H]+
9818	414.2162643647128	1.5382484	368		
9892	427.7225457283764	1.5387512	-1		
9785	791.361320430655	1.53876	-1		
9895	516.3402860679436	1.5400783	-1		
9659	786.3616232103997	1.5400803	-1		
10690	318.67700835515024	1.540232	-1		
9762	736.3385150664242	1.5402418	-1		
10645	279.1341204213653	1.5403663	362	10645.0	Spectral Match to Tyr-Pro from NIST14
9561	895.379421578945	1.5405139	-1		
10045	253.15253780762032	1.54121	507		
10603	546.2410150860328	1.5415742	231		
9812	247.12904678361264	1.5417159	519	9812.0	Suspect related to Spectral Match to .alpha.-L-Asp-L-Phe from NIST14 (predicted molecular formula SIRIUS: unknown / BUDDY: unknown) with delta m/z -33.984 (putative explanation: Phe->Leu/Ile substitution; atomic difference: -3C,2H) [M+H]+
9771	347.1925454634713	1.541779	621	9771.0	Suspect related to Spectral Match to Ile-Leu from NIST14 (predicted molecular formula SIRIUS: unknown / BUDDY: unknown) with delta m/z 101.047 (putative explanation: unspecified; atomic difference: 4C,7H,1N,2O) [M+H]+
9943	343.1982723401357	1.5418428	821	9943.0	Spectral Match to Ile-Pro-Ile from NIST14
10385	360.2132641702807	1.5420585	114	10385.0	Suspect related to Spectral Match to Ile-Leu from NIST14 (predicted molecular formula SIRIUS: unknown / BUDDY: unknown) with delta m/z 115.026 (putative explanation: Asp|Cleavage product of EGS protein crosslinks by hydroylamine treatment; atomic difference: 4C,5H,1N,3O|4C,5H,1N,3O) [M+H]+
9842	302.20771476469986	1.5428942	114		
8732	348.177105833314	1.5431266	58		
9986	511.314526564061	1.5434655	-1		
9915	532.2658243416356	1.54369	958		
9588	507.2832871621797	1.5436995	946		
10741	526.7729941582668	1.5442692	15		
9621	376.1722105471375	1.5455493	927	9621.0	Suspect related to Glu-Ile (predicted molecular formula SIRIUS: C13H34N4O6P / BUDDY: C17H31N3O6) with delta m/z 113.085 (putative explanation: Acetyldeoxyhypusine|Serine; atomic difference: 6C,11H,1N,1O|6C,11H,1N,1O) [M+H]+
9938	1052.5393446195335	1.5456864	15		
9964	483.3155065323107	1.5458066	507		
10095	698.3580215708581	1.546136	71		
10281	527.2701599569319	1.5464684	-1		
9796	975.345619036243	1.5472819	-1		
10688	461.3338520140613	1.5482883	1119	10688.0	Spectral Match to Leu-Val from NIST14
9791	430.2304468731706	1.5483444	340		
9897	695.3480329778505	1.5488291	58		
8907	366.2143354861533	1.5496482	60		
9881	521.2343335519865	1.5499	-1		
9822	570.289896417308	1.5499916	-1		
10174	318.1480870021286	1.5503532	1530	10174.0	Suspect related to Spectral Match to Thr-Val-Leu from NIST14 (predicted molecular formula SIRIUS: unknown / BUDDY: unknown) with delta m/z -16.031 (putative explanation: Leu/Ile->Pro substitution; atomic difference: -1C,-4H) [M+H]+
9810	477.2186061460043	1.5505964	230		
9410	427.231504982108	1.5506587	-1		
9780	334.19692907009824	1.5507747	28	9780.0	Suspect related to Spectral Match to Thr-Val-Leu from NIST14 (predicted molecular formula SIRIUS: unknown / BUDDY: unknown) with delta m/z 1.979 (putative explanation: Val->Thr substitution|Demethylation+hydroxylation (on same or differing sites); atomic difference: -1C,-2H,1O|1O,-1C,-2H) [M+H]+
10724	882.3946820437127	1.55088	-1		
10717	629.2883786213919	1.5509291	1461		
9972	431.2140166781652	1.5528991	231		
9978	589.2822944236405	1.5536515	194		
10081	224.13950642326	1.5552127	1007		
9912	362.1920292916657	1.5552411	230	9912.0	Suspect related to Ala-Leu-Lys (predicted molecular formula SIRIUS: C15H28N4O6 / BUDDY: C20H28N2O4) with delta m/z 29.974 (putative explanation: Val->Glu substitution|quinone|Methyl carboxylation, other oxidation|unspecified; atomic difference: -2H,2O|-2H,2O|2O,-2H|2O,-2H) [M+H]+
10555	245.09553042624904	1.5558252	213		
10757	303.1740623826721	1.5565491	930		
9819	246.14490969906188	1.5569555	722	9819.0	Suspect related to Asn-Val (predicted molecular formula SIRIUS: C10H19N3O4 / BUDDY: C10H19N3O4) with delta m/z 14.016 (putative explanation: Asn->Gln substitution|Asp->Glu substitution|Gly->Ala substitution|Methylation|Ser->Thr substitution|Val->Leu/Ile substitution|chain elongation; atomic difference: 1C,2H|1C,2H|1C,2H|1C,2H|1C,2H|1C,2H|1C,2H) [M+H]+
10761	605.34339433414	1.5570252	930		
11385	558.2889520268302	1.5571291	-1		
10920	459.3186744572257	1.5577198	23		
10755	489.224841577801	1.5582116	992		
10745	552.205520581259	1.5588918	-1		
10541	371.2292303683249	1.5589714	339	10541.0	Spectral Match to PyroGlu-Ile-Lys from NIST14
9804	718.8233582419621	1.5591674	-1		
10738	789.3627286438405	1.5600202	-1		
10139	518.2412937958328	1.5609498	116		
10468	849.421952482476	1.5620497	1332		
10148	483.2443714857234	1.5624323	-1		
10945	396.2376556932141	1.5626378	400		
9699	274.17623240674766	1.562824	28	9699.0	Spectral Match to Val-Gly-Val from NIST14
9764	965.4822658197992	1.5634425	-1		
10545	977.4432387521044	1.5635175	-1		
9896	591.2941479124786	1.5635829	15		
9899	1181.581983792001	1.5640378	15		
10121	345.6872198948175	1.5641283	274	10121.0	Suspect related to Leu-Gly-Lys (predicted molecular formula SIRIUS: C15H30N4O5 / BUDDY: C20H30N2O3) with delta m/z 30.011 (putative explanation: Ala->Thr substitution|Gly->Ser substitution|desmethylation + reduction of sulfoxide|formaldehyde induced modifications|hydroxymethyl; atomic difference: 1C,2H,1O|1C,2H,1O|1C,2H,1O|1C,2H,1O|1C,2H,1O) [M+H]+
9936	582.250182327874	1.564457	-1		
10196	384.9792236708725	1.5644832	257		
9871	394.53165245367256	1.5647869	15		
10004	1240.3678296056935	1.5648522	-1		
10289	639.2709775952965	1.5661188	-1		
10142	582.3256365279741	1.5661407	151		
10840	384.1153216608772	1.5665259	-1		
10246	211.1078739656872	1.5671191	213		
10125	399.1933102817193	1.5677643	-1		
10348	768.9513688784626	1.5678228	-1		
10182	589.7943977445302	1.5683169	-1		
10393	515.2464332135448	1.5687871	280		
9904	568.2737124581257	1.5690207	17		
10824	380.193028674094	1.5693113	98		
10956	291.6660022584974	1.569418	-1		
10022	425.2138964428318	1.5695683	1332		
8733	304.1504637499349	1.5703108	1275	8733.0	Suspect related to Glu-Ile (predicted molecular formula SIRIUS: C8H24N4O6P / BUDDY: C12H21N3O6) with delta m/z 43.005 (putative explanation: Ala->Asn substitution|Carbamylation; atomic difference: 1C,1H,1N,1O|1C,1H,1N,1O) [M+H]+
11232	228.13442389628543	1.5704906	213	11232.0	C6_0_N-Acyl_Agmatine
10372	512.6362761077816	1.5707637	257		
10946	578.2493962110682	1.571127	153		
11033	418.1460359071728	1.571285	230		
11007	436.7187771020793	1.5713283	299		
8702	690.3695338469496	1.5718446	274		
10113	519.2303836713367	1.571884	230		
10817	435.1727037457542	1.5720849	230		
10382	591.7955365715525	1.5721395	-1		
9611	632.341666150274	1.5721769	115		
9969	594.2883763173191	1.5722862	-1		
9920	454.26671551154885	1.5724633	151		
10031	458.2243332810847	1.5726349	-1		
10251	947.4326834065154	1.5729741	-1		
10795	373.2083995085269	1.5731046	-1		
10269	437.2027960738834	1.5738034	98		
10214	276.17086538811174	1.5739673	322		
9879	501.26823130656	1.5743527	340		
10366	345.1848435806472	1.5744182	719		
10144	690.3701336353334	1.5745026	-1		
10253	446.7350358911401	1.5747386	1338		
10449	850.4186646558089	1.5752907	-1		
10107	646.3229719664538	1.5762736	55		
9705	588.3000739574173	1.5763901	653		
11064	464.248643873037	1.576892	71		
10141	473.2425905932072	1.5771021	22		
10091	201.12353127833163	1.5774878	-1		
10012	231.170516788114	1.5778201	32	10012.0	Suspect related to Ser-Leu (predicted molecular formula SIRIUS: C11H22N2O3 / BUDDY: C11H22N2O3) with delta m/z 12.036 (putative explanation: Ser->Val substitution|Thr->Leu/Ile substitution; atomic difference: 2C,4H,-1O|2C,4H,-1O) [M+H]+
10072	524.2448946722343	1.577809	-1		
10187	547.7654611461528	1.5778575	-1		
10204	180.14969487245864	1.5783281	692		
10267	443.2696730116509	1.5786953	-1		
8912	655.3758611164541	1.5794729	-1		
10327	797.379649069972	1.5794674	-1		
10242	442.26654368551465	1.5799857	13	10242.0	Suspect related to Leupeptin (predicted molecular formula SIRIUS: C21H40N6O4 / BUDDY: C21H40N6O4) with delta m/z 14.016 (putative explanation: Asn->Gln substitution|Asp->Glu substitution|Gly->Ala substitution|Methylation|Ser->Thr substitution|Val->Leu/Ile substitution|chain elongation; atomic difference: 1C,2H|1C,2H|1C,2H|1C,2H|1C,2H|1C,2H|1C,2H) [M+H]+
10324	679.353185696672	1.5800923	154		
10186	318.2026105751647	1.5802703	114	10186.0	Suspect related to Spectral Match to Leu-Ile from NIST14 (predicted molecular formula SIRIUS: C15H29N3O4 / BUDDY: C15H29N3O4) with delta m/z 71.037 (putative explanation: unspecified|Acrylamide adduct|Gly->Gln substitution|unspecified|Sarcosine; atomic difference: 1C,3H,4N|3C,5H,1N,1O|3C,5H,1N,1O|3C,5H,1N,1O|unspecified) [M+H]+
10305	340.17998571348943	1.5803454	154		
9890	330.1660586986173	1.580426	540		
11305	457.3023711695574	1.5806246	22	11305.0	Suspect related to Spectral Match to Leu-Leu-Arg from NIST14 (predicted molecular formula SIRIUS: C23H42N4O5 / BUDDY: C23H42N4O5) with delta m/z 54.034 (putative explanation: unspecified|3x water; atomic difference: 3C,4H,1N|H6,3O) [M+H]+
10573	691.3720305684321	1.5814278	-1		
9809	320.1243263421667	1.5824047	1399	9809.0	Suspect related to Trp-Leu (predicted molecular formula SIRIUS: C15H17N3O5 / BUDDY: C15H17N3O5) with delta m/z 1.942 (putative explanation: Leu/Ile->Asp substitution|Dealkylation (desethyl/didesmethyl) + carboxylation; atomic difference: -2C,-6H,2O|2C,6H,-2O) [M+H]+
10312	522.2656338625346	1.58276	482		
8738	696.3320022226524	1.583162	58		
9538	600.2996297996763	1.5833203	270		
10336	867.3843433288381	1.5835776	-1		
11347	330.2023544577283	1.58368	258	11347.0	Suspect related to Spectral Match to Ile-Val-Lys from NIST14 (predicted molecular formula SIRIUS: C16H29N3O4 / BUDDY: C16H29N3O4) with delta m/z -31.042 (putative explanation: Lys->Pro substitution; atomic difference: -1C,-5H,-1N) [M+H]+
10225	529.334542664329	1.5844451	28		
11097	408.17673910691576	1.5859419	115	11097.0	Suspect related to Spectral Match to Tyr-Pro from NIST14 (predicted molecular formula SIRIUS: C19H25N3O7 / BUDDY: C23H25N3O2S) with delta m/z 129.043 (putative explanation: Nmethylmaleimidehydrolysis|Photo-induced Proline adduct|monoglutamyl|unspecified; atomic difference: 5C,7H,1N,3O|5C,7H,1N,3O|5C,7H,1N,3O|5C,7H,1N,3O) [M+H]+
10316	653.3631335409631	1.5863217	151		
10356	270.19264900681526	1.5874802	453		
10098	357.2134381063238	1.5876635	115	10098.0	Suspect related to Spectral Match to Phe-Pro-Lys from NIST14 (predicted molecular formula SIRIUS: unknown / BUDDY: unknown) with delta m/z -34.021 (putative explanation: Tyr->Glu substitution; atomic difference: -4C,-2H,1O) [M+H]+
10974	215.1392419049596	1.5894976	-1		
10414	440.2514747135069	1.5900992	115		
11260	324.1628789486097	1.5905322	497		
10368	647.3191283129441	1.5916572	116		
10576	680.3562538794257	1.5923893	154		
11277	376.1714120397153	1.5935296	927	11277.0	Suspect related to Glu-Ile (predicted molecular formula SIRIUS: C13H34N4O6P / BUDDY: C17H31N3O6) with delta m/z 113.085 (putative explanation: Acetyldeoxyhypusine|Serine; atomic difference: 6C,11H,1N,1O|6C,11H,1N,1O) [M+H]+
10441	457.26639026219146	1.5941088	23	10441.0	Suspect related to Spectral Match to Ile-Pro-Ile from NIST14 (predicted molecular formula SIRIUS: unknown / BUDDY: unknown) with delta m/z 113.085 (putative explanation: Acetyldeoxyhypusine|Serine; atomic difference: 6C,11H,1N,1O|6C,11H,1N,1O) [M+H]+
10444	526.3435232428385	1.5941384	15		
10378	318.1660233405555	1.5945143	-1	10378.0	Suspect related to Spectral Match to Ile-Gly-Ile from NIST14 (predicted molecular formula SIRIUS: unknown / BUDDY: unknown) with delta m/z 13.979 (putative explanation: Thr->Asp substitution|Tryptophan oxidation to oxolactone|aldehyde and ketone modifications|hydroxylation difference carboxylation|proline oxidation to pyroglutamic acid|Oxidation, epoxidation; atomic difference: -2H,1O|-2H,1O|-2H,1O|-2H,1O|-2H,1O|1O,-2H) [M+H]+
10231	325.1652332663047	1.5948962	-1		
10105	237.123420217027	1.594991	102	10105.0	Suspect related to Spectral Match to Phe-Phe from NIST14 (predicted molecular formula SIRIUS: unknown / BUDDY: unknown) with delta m/z -76.031 (putative explanation: Dephenylation, didealkynelatoin|Phe->Ala substitution|Tyr->Ser substitution; atomic difference: -6C,-4H|-6C,-4H|-6C,-4H) [M+H]+
10466	679.2645759122988	1.5953652	-1		
9826	840.472152065001	1.5953656	-1		
10399	175.08682148279078	1.596527	748	10399.0	Spectral Match to L-Arginine from NIST14
10293	597.2953262166964	1.5967841	-1		
11266	448.1830868675686	1.5972782	1399	11266.0	Suspect related to Trp-Pro (predicted molecular formula SIRIUS: C16H21N11O5 / BUDDY: C20H25N5O7) with delta m/z 146.036 (putative explanation: hydroxycinnamyl|p-coumaric acid; atomic difference: 9C,6H,2O|unspecified) [M+H]+
10284	504.24591843572375	1.5975481	115		
9231	348.1587117668121	1.5975765	-1		
10457	466.2282079336563	1.5976138	458		
11530	502.2503463923436	1.5980294	-1		
10268	458.2438476305425	1.6001318	-1		
10640	458.7444974825088	1.6003278	-1		
10548	666.8318305617244	1.6003361	-1		
10505	763.7703484156476	1.6005156	-1		
10980	332.181763988429	1.6006277	230		
10302	915.4813841488448	1.6008552	-1		
10562	471.2560623582567	1.6010717	-1		
9595	389.2035613223569	1.6011043	-1		
10477	529.2625942251422	1.6014216	28		
11716	560.9820165450263	1.6017718	80		
10016	376.1907365116568	1.6020464	-1		
9230	995.4687087470448	1.6026942	-1		
10886	494.2242685395066	1.602822	612		
10539	344.18101373630014	1.6028942	24		
10314	713.3491372250032	1.6036502	-1		
10828	304.17617316291387	1.6045921	453		
10596	552.23087497639	1.605468	98		
10527	420.7390129497605	1.6062002	80		
10248	690.3251638489712	1.6066806	-1		
10721	223.1079033076352	1.6075666	102	10721.0	Suspect related to Spectral Match to Gly-Phe from NIST14 (predicted molecular formula SIRIUS: C12H17NOS / BUDDY: C12H17NOS) with delta m/z 1.003 (putative explanation: C isotope; atomic difference: (13)C) [M+H]+
10394	551.2708635136089	1.6077588	-1		
10739	695.3467428276214	1.607969	58		
11418	420.98825509308494	1.6081115	80		
10492	872.3622527004366	1.6083462	-1		
10644	587.3099183214724	1.6088432	782		
10262	560.6498174547855	1.609013	80		
10621	391.87534849093095	1.6091408	524		
11426	285.1347802388005	1.609394	2	11426.0	Suspect related to Spectral Match to His-Ile from NIST14 (predicted molecular formula SIRIUS: unknown / BUDDY: unknown) with delta m/z 33.985 (putative explanation: Leu/Ile->Phe substitution; atomic difference: 3C,-2H) [M-H2O+H]+
10619	519.2931498273107	1.6096687	115		
10430	677.2877043423945	1.6096966	-1		
11224	444.2457507223796	1.6102002	115	11224.0	Suspect related to Phe-Pro-Lys (predicted molecular formula SIRIUS: unknown / BUDDY: unknown) with delta m/z 53.007 (putative explanation: unspecified; atomic difference: unspecified) [M+H]+
10694	634.3112759357884	1.6102521	71		
10463	705.3712293205368	1.6106862	-1		
10361	762.3436234801491	1.6109432	-1		
10624	634.8109099586229	1.6110144	-1		
10438	847.2877048682743	1.6113293	1080		
11451	675.2839054413462	1.611358	231		
10618	423.2081517671648	1.6113976	-1		
10415	425.7433489627056	1.6115286	-1		
10899	445.2499423481895	1.612166	1028		
10290	488.28632027553584	1.6125689	37		
10777	545.2939143474334	1.6127002	-1		
10646	532.7780825101225	1.6133139	-1		
10035	533.2803684536489	1.6135248	-1		
10540	498.2933560182325	1.6137129	-1		
10461	1064.5514775517054	1.6138132	-1		
10665	756.352489632686	1.6140684	-1		
10633	244.64715977717864	1.6146637	-1	10633.0	Suspect related to cyclo(L-Phe-D-Pro) (predicted molecular formula SIRIUS: C11H21N3O3 / BUDDY: C11H21N3O3) with delta m/z -0.963 (putative explanation: unspecified; atomic difference: unspecified) [M+H]+
10723	549.7755867717258	1.6147505	-1		
10758	553.2340815908199	1.6156095	1140		
11353	253.90962097442963	1.6160271	158		
11121	656.3999817617264	1.6161025	115	11121.0	Suspect related to Spectral Match to Phe-Pro-Lys from NIST14 (predicted molecular formula SIRIUS: unknown / BUDDY: unknown) with delta m/z 264.245 (putative explanation: unspecified; atomic difference: unspecified) [M+H]+
10635	450.2326935142588	1.6161667	458		
9996	384.5368758967403	1.6169981	381		
9590	387.2241398522068	1.61712	247		
11979	1151.5988091017427	1.6190145	-1		
11796	488.2354443187895	1.6199394	37		
11990	522.7647135754975	1.620406	15		
10490	400.71898208389865	1.620426	-1		
10762	1044.5227369404197	1.6208824	15		
11298	602.2776972177082	1.6215341	-1		
10375	530.2956828497663	1.6217178	283		
11765	576.302356146922	1.6219897	381		
11110	588.301623470526	1.6220075	653		
10759	402.2350104698106	1.6221634	626	10759.0	Suspect related to Spectral Match to Ile-Gly-Ile from NIST14 (predicted molecular formula SIRIUS: unknown / BUDDY: unknown) with delta m/z 99.069 (putative explanation: N-isopropylcarboxamidomethyl|Tyrosine analog; atomic difference: 5C,9H,1N,1O|9C,9H,1N,2O) [M+H]+
11616	545.2568351040653	1.6223378	-1		
10807	783.437972321095	1.6237139	524		
10802	392.2232885765874	1.6237543	524		
10448	665.297167317179	1.6240336	-1		
9800	565.2620073192692	1.6243347	612		
11344	428.2509418525455	1.6255447	115		
10750	518.2459614247068	1.6255838	-1		
11191	714.3410741431937	1.6259983	-1		
10656	922.4268782322875	1.6267118	-1		
9722	288.1918924362238	1.6276442	659		
10153	649.8197445191543	1.6278561	381		
10783	706.3426809393136	1.6285917	-1		
11568	441.23485681208433	1.6288693	1851		
10936	564.279634220267	1.6290402	-1		
10866	553.2918679483425	1.6302135	1140		
11328	808.3961970057532	1.6302048	-1		
10192	553.7935340842797	1.630306	1140		
11657	618.3256371897327	1.6304644	-1		
10823	1105.5781798562316	1.6307812	-1		
11155	1045.5242955109288	1.6315325	-1		
10910	478.2535079835262	1.6324074	-1		
11222	232.1739896128018	1.6329923	-1		
11529	434.21551327386703	1.6331809	-1		
10019	359.2653555688776	1.6338036	37		
11943	841.4726055711791	1.6340399	-1		
11423	429.25417181637147	1.6360397	381		
11028	513.2670907204993	1.636083	-1		
10601	229.11851476953493	1.6370499	23	10601.0	Suspect related to Spectral Match to Tyr-Pro from NIST14 (predicted molecular formula SIRIUS: unknown / BUDDY: unknown) with delta m/z -50.015 (putative explanation: Phe->Pro substitution; atomic difference: -4C,-2H) [M+H]+
10996	938.4241582482148	1.6374938	-1		
11856	457.2302918522	1.6385931	806		
11656	253.1288851748029	1.639157	98		
9724	472.24074310515385	1.639927	1197		
10904	427.2304367029535	1.6404709	-1		
10169	433.5488513602701	1.640809	-1		
10982	317.6816407133732	1.64094	-1		
10963	853.4573973273893	1.6409603	-1		
10478	433.2089823606625	1.6410142	443	10478.0	Suspect related to Leu-Trp (predicted molecular formula SIRIUS: C21H28N4O6 / BUDDY: C26H28N2O4) with delta m/z 115.026 (putative explanation: Asp|Cleavage product of EGS protein crosslinks by hydroylamine treatment; atomic difference: 4C,5H,1N,3O|4C,5H,1N,3O) [M+H]+
10979	375.2240789516135	1.6418544	626	10979.0	Suspect related to Ile-Glu-Lys (predicted molecular formula SIRIUS: unknown / BUDDY: unknown) with delta m/z -15.995 (putative explanation: Ser->Ala substitution|Tyr->Phe substitution|reduction; atomic difference: -1O|-1O|-1O) [M+H]+
10781	615.3098770282171	1.6418543	-1		
11023	547.266708449709	1.6419666	-1		
10848	634.3579619544984	1.6421268	-1		
12279	360.6874636574293	1.6425768	482		
11881	318.1653306878365	1.6429166	927	11881.0	Suspect related to Asp-Leu (predicted molecular formula SIRIUS: C13H23N3O6 / BUDDY: C13H23N3O6) with delta m/z 71.037 (putative explanation: unspecified|Acrylamide adduct|Gly->Gln substitution|unspecified|Sarcosine; atomic difference: 1C,3H,4N|3C,5H,1N,1O|3C,5H,1N,1O|3C,5H,1N,1O|unspecified) [M+H]+
11021	720.3684870507474	1.6428969	482		
10647	286.1762312912007	1.6430864	28	10647.0	Suspect related to Spectral Match to Ile-Arg from NIST14 (predicted molecular formula SIRIUS: unknown / BUDDY: unknown) with delta m/z -2.032 (putative explanation: unspecified; atomic difference: unspecified) [M+H]+
11561	414.2351028139744	1.6436571	115		
10884	582.3000450940928	1.6436596	-1		
10569	409.1871643810366	1.6439056	443	10569.0	Suspect related to Gly-Trp (predicted molecular formula SIRIUS: C22H24N4O4 / BUDDY: C22H24N4O4) with delta m/z 147.069 (putative explanation: Phenylalanine; atomic difference: 9C,9H,1N,1O) [M+H]+
11921	474.7435610435039	1.644591	482		
11613	531.2777560777805	1.6446227	-1		
10969	503.2475018040478	1.6464877	-1		
11016	392.2024541586906	1.6468868	947		
11251	647.3221068571191	1.6469393	116		
11247	346.19803063309297	1.6476448	302	11247.0	Suspect related to Spectral Match to Glu-Val-Phe from NIST14 (predicted molecular formula SIRIUS: C15H27N3O6 / BUDDY: C15H27N3O6) with delta m/z -48.0 (putative explanation: Phe->Val substitution; atomic difference: -4C) [M+H]+
11101	1013.5256885433688	1.6486143	24		
11065	953.4704646286756	1.6488765	-1		
11189	507.7675497087954	1.6492755	24		
11104	507.2662534516044	1.6493329	24		
11108	338.5128798671686	1.6494906	24		
11154	414.5502083053586	1.6503567	-1		
11932	256.1755973405791	1.6513507	-1	11932.0	Suspect related to Spectral Match to Hexaethylene glycol from NIST14 (predicted molecular formula SIRIUS: C10H22O6 / BUDDY: C11H21N5O2) with delta m/z -27.0 (putative explanation: unspecified; atomic difference: unspecified) [M+H]+
11919	239.14898175611413	1.651687	-1	11919.0	Suspect related to Spectral Match to Hexaethylene glycol from NIST14 (predicted molecular formula SIRIUS: C10H22O6 / BUDDY: C10H22O6) with delta m/z -44.026 (putative explanation: Dealkoxylation, dehydroxyethylation|Thr->Gly substitution; atomic difference: -1C,-2H,-1O|-2C,-4H,-1O) [M+H]+
10666	188.0707997086084	1.6518414	443	10666.0	Spectral Match to DL-Indole-3-lactic acid from NIST14
11293	519.229475455704	1.6518751	230		
9880	205.0973921054232	1.65194	443	9880.0	L-Tryptophan
11131	415.238590074849	1.6527637	1028		
10564	159.09181859115256	1.6533651	-1		
11335	508.2685816214586	1.6539216	24		
10927	951.4455849806584	1.6547838	-1		
10668	447.2272909114001	1.6557492	153		
11502	263.14210871254164	1.6566125	32	11502.0	Suspect related to Spectral Match to Ile-Glu from NIST14 (predicted molecular formula SIRIUS: C11H22N2O3S / BUDDY: C14H18N2O3) with delta m/z 1.999 (putative explanation: S isotope|Cl isotope|Br isotope|Glu->Met substitution; atomic difference: (34)S|(37)Cl|(81)Br|2H,-2O,1S) [M+H]+
11213	678.3212438561274	1.6591947	58		
11176	937.4397596625272	1.6592492	-1		
11057	270.15540154446666	1.6598253	-1		
11220	679.3515917655748	1.6598054	154		
11217	628.313034820383	1.6612619	-1	11217.0	Suspect related to Spectral Match to Phe-Pro-Lys from NIST14 (predicted molecular formula SIRIUS: unknown / BUDDY: unknown) with delta m/z 236.214 (putative explanation: palmitoleyl; atomic difference: 16C,28H,1O) [M+H]+
11820	573.2891543955232	1.6619625	-1		
11208	551.2946809506199	1.6620029	-1		
11250	1283.6423472607346	1.6619602	-1		
10586	641.8225137107185	1.6620812	381		
11216	711.2605814558237	1.6623213	1489		
11229	577.3368671170676	1.6623852	-1		
11294	486.2568976345452	1.6624914	426		
11040	748.3720477304408	1.662497	-1		
11001	643.8259092101524	1.6628622	-1		
9808	849.3466347122195	1.6633512	1299		
11246	419.23252669777577	1.6636549	138		
11255	428.5515219897993	1.664219	381		
11331	1030.4697464528397	1.6642191	-1		
11315	445.22779499642064	1.6645292	-1		
12397	659.3368686328697	1.6647567	283		
10952	556.3106329414269	1.6649603	-1		
10369	267.1340746887157	1.66622	102	10369.0	Suspect related to Spectral Match to Leu-Phe from NIST14 (predicted molecular formula SIRIUS: C13H18N2O4 / BUDDY: C13H18N2O4) with delta m/z -12.036 (putative explanation: Leu/Ile->Thr substitution|Val->Ser substitution|Dealkylation+hydroxylation; atomic difference: -2C,-4H,1O|-2C,-4H,1O|2C,4H,-1O) [M+H]+
11185	341.2187056038313	1.6669403	300	11185.0	Spectral Match to Pro-Pro-Lys from NIST14
11284	428.88529358798826	1.6671479	381		
11261	261.144671473988	1.667438	102	11261.0	Suspect related to .alpha.-L-Glu-L-Tyr (predicted molecular formula SIRIUS: C11H20N2O5 / BUDDY: C11H20N2O5) with delta m/z -49.982 (putative explanation: unspecified; atomic difference: unspecified) [M+H]+
11215	656.3809682741473	1.6696348	300		
11330	328.69371975295763	1.6700529	906		
11281	456.3183817010092	1.6701204	137		
11267	428.2175621447196	1.6708283	381		
11372	914.414627159802	1.6708173	-1		
10309	357.1775937683386	1.6718969	-1		
11399	687.3301412721383	1.6722814	-1		
11079	559.2721586446754	1.6729175	-1		
11377	744.3516135520762	1.6733873	-1		
11386	745.3596070744622	1.6733934	-1		
11910	316.1864373535518	1.6735837	1059	11910.0	Suspect related to Leu-Arg (predicted molecular formula SIRIUS: C14H25N3O5 / BUDDY: C19H25NO3) with delta m/z 27.995 (putative explanation: Formylation|Ser->Asp substitution|Thr->Glu substitution; atomic difference: 1C,1O|1C,1O|1C,1O) [M+H]+
11457	523.2631388406392	1.6745366	782		
11325	203.13929325147697	1.6757902	102	11325.0	Suspect related to Spectral Match to Ile-Leu from NIST14 (predicted molecular formula SIRIUS: unknown / BUDDY: unknown) with delta m/z -43.042 (putative explanation: Carboxyl modification with ethanolamine (reverse)|nan (reverse); atomic difference: -2C,-5H,-1N|-2C,-5H,-1N) [M+H]+
11366	390.18676306602543	1.6768086	230	11366.0	Suspect related to Spectral Match to Leu-Val-Lys from NIST14 (predicted molecular formula SIRIUS: C18H37N4OPS / BUDDY: C21H32N4O3) with delta m/z 29.983 (putative explanation: unspecified; atomic difference: unspecified) [M+H]+
12393	401.72691968331895	1.6768578	916		
11203	829.3833636899847	1.6772678	-1		
11692	433.2098545965976	1.6773162	443	11692.0	Suspect related to Leu-Trp (predicted molecular formula SIRIUS: C21H28N4O6 / BUDDY: C26H28N2O4) with delta m/z 115.026 (putative explanation: Asp|Cleavage product of EGS protein crosslinks by hydroylamine treatment; atomic difference: 4C,5H,1N,3O|4C,5H,1N,3O) [M+H]+
11401	802.4470587573588	1.6772964	916		
11433	415.19656102040005	1.6773918	-1		
11077	644.3247408621985	1.6778269	-1		
11434	617.2825224027869	1.6786003	-1		
12618	615.2814430490407	1.6788056	71		
10620	602.3165262799862	1.6808195	-1		
11733	402.232785505044	1.6809393	626	11733.0	Suspect related to Spectral Match to Ile-Gly-Ile from NIST14 (predicted molecular formula SIRIUS: unknown / BUDDY: unknown) with delta m/z 99.069 (putative explanation: N-isopropylcarboxamidomethyl|Tyrosine analog; atomic difference: 5C,9H,1N,1O|9C,9H,1N,2O) [M+H]+
11537	478.2299812411717	1.6820135	-1		
11475	376.188226521245	1.682413	258		
11252	619.2930151197253	1.6825628	-1		
10865	391.1976745613698	1.6828209	-1		
11316	619.7952715874774	1.6828854	-1		
11907	231.17056476719057	1.6829308	32	11907.0	Suspect related to Spectral Match to Tyr-Ile from NIST14 (predicted molecular formula SIRIUS: C11H22N2O3 / BUDDY: C11H22N2O3) with delta m/z -63.995 (putative explanation: Tyr->Val substitution; atomic difference: -4C,-1O) [M+H]+
11444	472.20474402059216	1.6830609	-1		
10769	759.8599918295478	1.6831297	-1		
11263	697.3534404176977	1.6833795	-1		
11403	261.0905720919871	1.6834941	193	11403.0	Spectral Match to PyroGlu-Met from NIST14
11535	343.19837215090587	1.6838874	-1		
11427	518.2849878369392	1.6839017	-1		
11513	669.3546758351096	1.6839777	-1		
11346	669.8551264935643	1.6848941	-1		
11270	760.3642307604982	1.684922	-1		
11465	263.1734779732316	1.6859001	80		
11342	443.7436522691963	1.6861254	-1		
11623	514.2544497080598	1.6869589	-1		
11498	562.2728918847041	1.6872965	274		
11341	685.3472680556637	1.6880884	-1		
11545	729.3420794944392	1.6883831	-1		
11531	811.4158362832669	1.6885964	-1		
11453	506.2989468794244	1.6887074	-1		
11520	549.2700133553774	1.6890634	-1		
11381	582.3226953000868	1.6893111	151		
11534	459.2461748483511	1.6897609	-1		
11380	332.2182418676581	1.6904521	114	11380.0	Suspect related to Spectral Match to Ile-Val-Lys from NIST14 (predicted molecular formula SIRIUS: C19H26N2O3 / BUDDY: C14H26N4O5) with delta m/z -28.068 (putative explanation: unspecified; atomic difference: unspecified) [M+H]+
11606	490.264414065078	1.6904863	-1		
11371	542.2463571837608	1.690913	-1		
11998	760.3629288796026	1.6908929	-1		
11526	213.1233173243226	1.690962	616	11526.0	Massbank:PR300821 Cyclo(proline-leucine)
12101	411.2317053250216	1.6909925	-1		
12069	528.3049605030611	1.6910518	-1		
11527	415.2567846687941	1.6910806	-1	11527.0	Suspect related to Spectral Match to Ile-Pro-Ile from NIST14 (predicted molecular formula SIRIUS: unknown / BUDDY: unknown) with delta m/z 73.016 (putative explanation: unspecified; atomic difference: 2C,3H,1N,2O) [M+H]+
11583	578.7966076975431	1.6911461	782		
11474	579.2976366041385	1.6915948	-1		
11488	854.4395346780059	1.6920283	-1		
11576	594.2448568171253	1.692179	478		
11528	525.3403879655964	1.6922885	300		
11148	630.3149073476783	1.6923012	-1		
11572	718.3570908842684	1.6925919	116		
11651	631.3350085343245	1.6934435	-1		
11584	411.26062085801567	1.6935971	70		
11625	710.8585462243482	1.6938436	-1		
11597	711.359344780339	1.6943529	-1		
10798	584.3041844025086	1.6952294	-1		
11609	543.278692070393	1.6958671	-1		
11598	1149.5659133570828	1.6962698	-1		
11612	583.7998355251732	1.6963937	-1		
11865	440.25184572022073	1.697036	-1		
11546	660.3209240769087	1.697551	283		
11839	297.1560956714875	1.6977382	-1		
11608	389.23993086752296	1.6977794	-1		
11617	604.8102712883301	1.698003	-1		
12803	412.26391130661113	1.6983384	1564		
12599	447.2268983670024	1.699866	153		
11658	1053.4885147772295	1.7007191	-1		
11636	611.3077057714047	1.701102	-1		
12187	300.1914593903897	1.7021359	-1		
12143	671.4102106707209	1.7029614	-1		
11602	273.15623920570096	1.70307	-1		
11682	242.1501492115518	1.7037668	1	11682.0	Suspect related to Spectral Match to PyroGlu-Ile from NIST14 (predicted molecular formula SIRIUS: C11H19N3O3 / BUDDY: C11H19N3O3) with delta m/z -0.984 (putative explanation: Amidation|Asp->Asn substitution|Glu->Gln substitution; atomic difference: 1H,1N,-1O|1H,1N,-1O|1H,1N,-1O) [M+H]+
11691	491.2180340957085	1.7039349	153		
11365	493.21785120178697	1.7039547	-1		
11634	575.2827921969922	1.7040144	198		
12569	225.1236010313589	1.7048433	-1		
11729	451.2159247600072	1.7050707	-1		
12418	457.2661649913121	1.7051859	806		
11405	452.2170957970781	1.7055317	-1		
11717	810.4169558130245	1.7060207	-1		
11725	405.7114436186131	1.7065077	84		
11726	764.3658517761414	1.7067906	743		
11728	449.2069211481062	1.7069908	434		
11741	571.2725347009258	1.7073059	-1		
11719	470.2622026695816	1.707341	-1		
12613	382.686473453663	1.7076433	539		
11696	935.4101490145453	1.7083576	-1		
11808	492.2207835980028	1.7097042	-1		
11495	735.3746179410255	1.710933	-1		
11718	521.2780685505359	1.7109735	-1		
12296	625.3027399033402	1.7138754	-1		
11838	755.3572616907577	1.7151558	-1		
11582	733.3764868261519	1.7153351	-1		
11629	791.3790428465181	1.7156444	-1		
11841	732.3738531376696	1.7158624	-1		
11872	792.3832658288222	1.716142	-1		
11848	316.1996892910451	1.716623	-1		
11571	497.27331927608026	1.7175632	13		
11824	438.73678975842506	1.7179614	-1		
11810	734.874084040739	1.7183409	-1		
11659	857.4031142939521	1.7192626	-1		
11867	522.2210392745411	1.7196922	-1		
11837	319.1401334300792	1.720272	-1		
11053	378.203064350053	1.7205148	22		
11828	546.2786954256271	1.720828	-1		
11887	592.2716979006882	1.7209631	-1		
12669	293.11352280146974	1.7218955	-1		
11949	472.2413025511434	1.7222264	1197		
11532	322.1765416750344	1.7227156	-1	11532.0	Suspect related to Leu-Phe (predicted molecular formula SIRIUS: C16H23N3O4 / BUDDY: C16H23N3O4) with delta m/z 43.005 (putative explanation: Ala->Asn substitution|Carbamylation; atomic difference: 1C,1H,1N,1O|1C,1H,1N,1O) [M+H]+
12337	662.3269609074022	1.7238863	249		
11918	557.3669931499755	1.7239127	1089		
11904	558.3700057310253	1.7239562	1089		
12685	276.13473614753696	1.7242028	79	12685.0	Suspect related to Spectral Match to PyroGlu-Val from NIST14 (predicted molecular formula SIRIUS: C14H16N2O4 / BUDDY: C14H16N2O4) with delta m/z 48.0 (putative explanation: Val->Phe substitution; atomic difference: 4C) [M+H]+
11889	545.235982979833	1.7243891	-1		
11903	279.1868664502309	1.7244227	-1		
11668	509.2555428459336	1.7246802	98		
12813	508.2526674756118	1.7247899	98		
11896	620.3031012591091	1.7253659	-1		
11759	358.16137278575746	1.7257315	-1		
11988	392.22125626090616	1.7258046	524		
11955	330.1662964293601	1.7265307	-1		
11969	384.5371223421019	1.7265313	381		
12637	371.2295568344041	1.7271636	-1		
12281	720.366668613037	1.7273086	482		
11041	263.1396052592364	1.727696	155	11041.0	Spectral Match to Pro-Phe from NIST14
11861	676.3131176763815	1.7278007	-1		
11995	528.23157408586	1.729065	-1		
12923	468.282866206068	1.731532	-1		
12065	454.7277510893275	1.7323982	-1		
12029	908.4496827707244	1.7326026	-1		
12021	477.2388071499825	1.7331886	-1		
12080	785.3697261482384	1.7341704	543		
12049	655.3439471265757	1.7344112	-1		
12040	1111.59401969515	1.736123	-1		
12031	534.2598012116731	1.7362392	-1		
12160	541.2666246140774	1.7363172	-1		
11964	259.1081267393047	1.7369227	-1		
12028	822.4185478443768	1.7371202	-1		
12074	429.27312576413607	1.7381865	-1		
12129	428.2513790867275	1.7383654	381		
12588	713.4208091858135	1.7386764	-1		
12545	357.213539393651	1.7388253	-1		
12121	1046.5021226596234	1.73915	-1		
12159	535.2589716663335	1.7393074	-1		
12119	524.2561015764533	1.7393222	-1		
11985	688.3462022261601	1.739362	-1		
12095	523.7548244498809	1.7394679	-1		
12105	759.3764569709334	1.740114	-1		
12163	685.3507017041934	1.740517	-1		
12122	757.374248065868	1.7420747	543		
11965	516.2669521134974	1.742219	-1		
12100	758.3742307195962	1.7429364	-1		
12168	1047.5046760212356	1.7433735	-1		
12478	576.3025668337598	1.7434433	-1		
12083	629.8175544464896	1.7441907	381		
13164	556.3000425004675	1.7446241	381		
12775	556.8011441379747	1.7456588	381		
13025	571.3100550563645	1.7457912	13		
12192	657.2740394683634	1.7491543	231		
12197	674.3017031896179	1.7500302	-1		
12149	283.1755729635525	1.7503039	-1		
12208	603.3151258298722	1.7510955	115	12208.0	Suspect related to val-leu-pro-val-pro-gln (predicted molecular formula SIRIUS: C29H42N6O8 / BUDDY: C34H42N4O6) with delta m/z -49.086 (putative explanation: unspecified; atomic difference: unspecified) [M+H]+
12247	371.1935132443599	1.7513797	-1		
12261	300.20276628745955	1.7522546	-1	12261.0	Suspect related to Spectral Match to Hexaethylene glycol from NIST14 (predicted molecular formula SIRIUS: C12H26O7 / BUDDY: C13H25N5O3) with delta m/z 17.027 (putative explanation: replacement of proton with ammonium ion; atomic difference: 3H,1N) [M+H]+
12250	606.2619119684731	1.7546686	1299		
12264	470.22642269251696	1.7556217	-1		
12241	702.3633562393793	1.7556456	-1		
12428	612.801432042126	1.7558233	-1		
12302	550.2609499392953	1.7563528	-1		
12265	635.3049666346728	1.7566912	162		
12222	578.2867928658446	1.7570903	434		
12098	580.2888990906952	1.7571863	-1		
12195	652.3689163198566	1.7574553	820		
12267	547.7787096321908	1.7577772	-1		
12560	674.3900242256866	1.7587996	916		
12645	816.4026482911927	1.7590338	-1		
12361	598.321829650013	1.7590654	-1		
12706	474.2570330156589	1.7596551	-1		
12323	640.8111862921644	1.7603595	-1		
11697	590.3560337674377	1.7603974	-1		
12724	1088.538198139961	1.7608532	-1		
12310	442.2181928001293	1.7624874	249		
12321	562.3010438003824	1.7626256	-1		
12367	663.3254273239002	1.7626586	249		
12314	662.8239764731173	1.7626599	249		
12089	561.2967078432032	1.7630558	174		
11522	560.2940230124455	1.7631189	174		
12345	527.212357236556	1.7636694	-1		
12339	497.253799795255	1.7637566	-1		
11963	655.4402492317307	1.7645408	22		
12289	314.1817689935347	1.76489	219		
12351	443.7120036978637	1.7648968	543		
12103	295.12910226484735	1.7651057	-1		
12348	886.4172403058809	1.7659914	543		
12399	888.4194743959075	1.7663169	-1		
11655	691.3569223783685	1.7666839	-1		
12383	581.8159122775178	1.7678293	1695		
12427	691.8594147391073	1.7686135	-1		
12407	454.2351009869309	1.7713256	-1		
12497	1215.5869499136115	1.7713941	-1		
12459	615.4089834551316	1.7717038	22		
12496	907.4629880317332	1.7723945	-1		
12415	472.276837845839	1.7736058	1290		
12234	288.19206598370926	1.7756262	-1	12234.0	Suspect related to Spectral Match to Ile-Leu from NIST14 (predicted molecular formula SIRIUS: unknown / BUDDY: unknown) with delta m/z 43.005 (putative explanation: Ala->Asn substitution|Carbamylation; atomic difference: 1C,1H,1N,1O|1C,1H,1N,1O) [M+H]+
12494	575.3773220061341	1.7758247	94		
12480	864.4214983145804	1.776328	-1		
12450	415.2265278900028	1.7780353	24		
12474	698.4458427574111	1.7787681	-1		
11786	550.327258366611	1.7789019	-1		
12523	567.2854164745718	1.778904	-1		
12467	470.2981542787613	1.7797406	250		
12477	665.3156022316002	1.7801963	641		
12475	715.3618124670747	1.780516	-1		
13048	268.1293921628813	1.7819551	-1		
12579	672.3580544437225	1.7828895	-1		
12638	485.27375117403847	1.7829863	-1		
13475	621.819816402235	1.7830198	381		
12259	889.9280881249326	1.7833699	-1		
12744	383.22934431193937	1.7836391	28		
12525	388.2070956946538	1.7848889	-1		
12880	265.15504882618654	1.788153	32	12880.0	Suspect related to Val-Glu (predicted molecular formula SIRIUS: C14H20N2O3 / BUDDY: C14H20N2O3) with delta m/z 18.028 (putative explanation: Glu->Phe substitution; atomic difference: 4C,2H,-2O) [M+H]+
13041	337.6791922132706	1.7892786	-1		
12470	409.22029133890976	1.7892803	-1		
11924	674.3518741564139	1.7897327	115		
12540	696.3336400168603	1.7902775	458		
12592	701.3477029728907	1.7913315	-1		
13175	316.1656104206895	1.7919431	497		
12567	634.327237158002	1.7922927	-1		
12593	427.2195816956576	1.7924254	-1		
12570	627.3734232338471	1.792811	645		
12595	631.32525282027	1.7932023	116		
12461	909.4213326892672	1.7948223	-1		
13442	455.2142221058412	1.7949868	-1		
12770	1128.5591178162204	1.7951192	-1		
12502	594.3274695429819	1.7963067	-1		
12629	1085.531770014325	1.7965547	-1		
12796	676.3577930885521	1.7967083	-1		
12601	477.196556715689	1.7975804	-1		
12630	326.20771849539824	1.798038	258		
12666	914.4480254333472	1.7980995	-1		
12634	926.448256459213	1.7998724	-1		
13283	245.1862237661149	1.8000399	32	13283.0	Suspect related to cyclo-(Leu-Leu) (predicted molecular formula SIRIUS: unknown / BUDDY: unknown) with delta m/z 18.01 (putative explanation: Proline oxidation to 5-hydroxy-2-aminovaleric acid|water; atomic difference: 2H,1O|2H,1O) [M+H]+
12582	706.3231820098864	1.8011947	53		
13000	729.3796940785202	1.8012217	-1		
12786	390.75296543710687	1.8025113	1411	12786.0	Spectral Match to Phe-Pro-Lys from NIST14
12671	780.4989709631992	1.8026264	1411		
12696	724.3155699849885	1.8045245	-1		
12699	229.15490053335927	1.805064	155	12699.0	Spectral Match to Pro-Leu from NIST14
12954	486.2936918870884	1.8053421	-1		
12757	660.8134474429686	1.8055395	-1		
12020	318.2026048037286	1.807868	402	12020.0	Suspect related to Spectral Match to Leu-Gly-Leu from NIST14 (predicted molecular formula SIRIUS: unknown / BUDDY: unknown) with delta m/z 15.995 (putative explanation: Ala->Ser substitution|Oxidation or Hydroxylation|Phe->Tyr substitution; atomic difference: 1O|1O|1O) [M+H]+
11877	746.3522109009681	1.8081443	743		
12716	449.2401124263872	1.8081845	-1		
12728	630.3256678311161	1.8084054	115		
12805	648.8078272817627	1.8094143	-1		
12759	445.193406472761	1.8116127	194		
12791	462.21904371466326	1.814829	-1		
13491	332.2182663727005	1.8150618	402	13491.0	"""Candidate Pentahydroxylated bile acid (delta mass -109.0673; sirius atomic difference: -9C, -11H, 3N, -2O; buddy atomic difference: -9C, -11H, 3N, -2O)"""
13622	261.1236576655495	1.8168863	376	13622.0	Suspect related to cyclo(L-Val-L-Pro) (predicted molecular formula SIRIUS: C14H16N2O3 / BUDDY: C14H16N2O3) with delta m/z 63.995 (putative explanation: Val->Tyr substitution|unspecified; atomic difference: 4C,1O|4C,1O) [M+H]+
12802	639.3294187887617	1.8170172	1695		
12527	435.2274941330508	1.8180597	601		
12996	886.4189583664712	1.8181047	543		
12809	525.2320897094381	1.818414	115		
13185	346.1976606527312	1.819107	-1		
12819	344.2283676780491	1.8216482	-1	12819.0	Suspect related to Spectral Match to Decaethylene glycol from NIST14 (predicted molecular formula SIRIUS: unknown / BUDDY: unknown) with delta m/z -115.053 (putative explanation: unspecified; atomic difference: unspecified) [M+H]+
12825	619.3295481748918	1.8227185	-1		
12858	620.335697723416	1.8227727	-1		
12832	573.3155931914763	1.8231606	408		
12899	586.3276177535113	1.823346	685		
12846	310.1672192800412	1.8239895	-1	12846.0	Suspect related to Phe-Pro-Lys (predicted molecular formula SIRIUS: unknown / BUDDY: unknown) with delta m/z -81.071 (putative explanation: nan (reverse); atomic difference: -6C,-9H) [M+H]+
13008	582.3246849328277	1.8241043	-1		
12841	562.2545630047939	1.8243052	-1		
12844	585.3254102667212	1.8250318	685		
13260	655.4392444435036	1.8251724	304		
12867	443.2182681967354	1.8260945	24		
12439	376.18942315101	1.82624	258		
12853	287.1607162470659	1.8263117	132		
13322	328.2232769412432	1.8269241	22		
12285	885.4298110258812	1.8271216	-1		
12840	525.3043319582563	1.8278484	115		
12309	742.3999592672338	1.8279561	94		
12760	243.13417255522447	1.8291066	1	12760.0	Suspect related to Spectral Match to PyroGlu-Ile from NIST14 (predicted molecular formula SIRIUS: C11H19N3O3 / BUDDY: C11H19N3O3) with delta m/z -0.984 (putative explanation: Amidation|Asp->Asn substitution|Glu->Gln substitution; atomic difference: 1H,1N,-1O|1H,1N,-1O|1H,1N,-1O) [M+H]+
12871	997.5124524779488	1.8294053	-1		
12977	745.3892022707871	1.8300196	-1		
12373	659.2787805148326	1.8304578	1181		
12838	608.3443866211801	1.8305681	-1		
13230	456.2820434027211	1.8321446	-1		
12861	728.3644291185299	1.8323455	-1		
12915	277.17100727321065	1.832765	-1		
12935	1096.492147038082	1.8330173	352		
12332	829.4327631431693	1.8333552	-1		
13343	197.12876044777715	1.8339217	2	13343.0	Suspect related to Spectral Match to Pro-Val from NIST14 (predicted molecular formula SIRIUS: C10H16N2O2 / BUDDY: C10H16N2O2) with delta m/z -18.011 (putative explanation: Dehydration|Pyro-glu from E|carbodiimide crosslinker; atomic difference: -2H,-1O|-2H,-1O|-2H,-1O) [M+H]+
12939	1097.4853987449735	1.8342944	352		
12852	559.2908719358031	1.8346307	-1		
12877	1113.517902341801	1.8356465	-1		
12925	698.4085816658206	1.8359936	645		
12960	684.349289434256	1.8372275	-1		
12924	358.2076641930001	1.8378541	-1		
13504	553.3353025332848	1.8395314	115	13504.0	Suspect related to val-leu-pro-val-pro-gln (predicted molecular formula SIRIUS: C26H44N6O7 / BUDDY: C31H44N4O5) with delta m/z -99.064 (putative explanation: Hydrolysis, cleavage; atomic difference: -5C,-9H,-1N,-1O) [M+H]+
12906	302.6525435417381	1.8398438	-1		
12990	606.3037417126884	1.8413903	152		
12967	604.2984582069048	1.8413937	152		
12471	605.3013277032094	1.8414065	152		
12842	514.287816897117	1.84351	280		
13005	988.5381116440084	1.8474479	-1		
13006	812.4523805144682	1.8481542	645		
13009	712.4611279362394	1.8498697	304		
13029	475.2563373656179	1.850969	10		
13038	525.2674712283149	1.8510451	115		
13290	385.2446647076829	1.8514086	13		
13045	373.68069063663137	1.8515606	539		
13092	746.3545704603767	1.8515295	743		
13033	769.4828317644639	1.8518828	13		
13078	254.1599289163221	1.8520892	-1		
13011	320.16068682701496	1.8525004	-1		
13080	600.3363907118988	1.8534933	-1		
13072	989.3558081686854	1.8535298	-1		
12918	518.2453148091533	1.8542228	230		
13069	407.2260290671472	1.8548214	-1		
13360	479.2982088632797	1.85489	60		
13081	501.21811515618543	1.8565714	230		
13095	575.2827992394571	1.8579576	198		
13108	578.2497364406784	1.858887	413		
13148	699.3640739132338	1.8597424	-1		
13174	767.3564324645822	1.860149	-1		
13110	259.16537071267254	1.8603978	-1		
13119	302.14996734750423	1.8609663	-1		
14309	555.2450615415274	1.8612626	-1		
13124	547.2517890958751	1.8618658	-1		
13142	577.2987068800936	1.8624095	413		
13133	943.4738826835712	1.8628179	280		
13443	358.16096428185904	1.8637424	-1		
13138	314.1710236893543	1.8638633	-1		
13137	374.6886726852648	1.8641412	743		
13145	748.3699552528905	1.8646566	743		
13549	263.13921057642574	1.8650988	155	13549.0	Spectral Match to Pro-Phe from NIST14
13046	531.2567509505636	1.8653303	-1		
13151	718.3387796647368	1.8665916	249		
13233	717.8905769059404	1.8682473	-1		
13186	533.9409086465045	1.8690829	24		
13198	533.6066115838089	1.8693908	24		
13240	800.4077050404861	1.8706552	-1		
13193	628.3307198169082	1.8720369	280		
13226	855.4582564621911	1.8740674	-1		
13268	947.4488443200491	1.8743731	-1		
13224	175.10789893971227	1.8752708	-1		
13270	869.4033941118017	1.877161	-1		
13261	868.4053907407734	1.8783449	543		
13220	388.2541174202777	1.8785104	-1	13220.0	Suspect related to Spectral Match to Nonaethylene glycol from NIST14 (predicted molecular formula SIRIUS: unknown / BUDDY: unknown) with delta m/z -27.0 (putative explanation: unspecified; atomic difference: unspecified) [M+H]+
13934	314.2072897228132	1.8786143	-1		
13248	330.239581480773	1.8795677	-1	13248.0	Suspect related to Spectral Match to Leu-Gly-Leu from NIST14 (predicted molecular formula SIRIUS: unknown / BUDDY: unknown) with delta m/z 28.031 (putative explanation: Acetaldehyde +28|Ala->Val substitution|Cys->Met substitution|Ethylation|di-Methylation; atomic difference: 2C,4H|2C,4H|2C,4H|2C,4H|2C,4H) [M+H]+
13235	328.6936434035736	1.8796787	906		
12998	1123.9710684553784	1.8801008	-1		
13246	722.3181650253163	1.8802388	53		
13256	656.380887371342	1.8804581	300		
13303	735.3290386929413	1.8807054	-1		
13176	707.3257361258602	1.8811454	53		
13177	597.2884508333761	1.88177	-1		
13274	321.6766211608696	1.8828413	406		
13259	643.3497273362914	1.8829479	441		
13265	642.3463757043147	1.8831236	406		
13545	442.2667550788844	1.8838588	13	13545.0	Suspect related to Leupeptin (predicted molecular formula SIRIUS: C21H40N6O4 / BUDDY: C21H40N6O4) with delta m/z 14.016 (putative explanation: Asn->Gln substitution|Asp->Glu substitution|Gly->Ala substitution|Methylation|Ser->Thr substitution|Val->Leu/Ile substitution|chain elongation; atomic difference: 1C,2H|1C,2H|1C,2H|1C,2H|1C,2H|1C,2H|1C,2H) [M+H]+
13381	644.3536893499388	1.8853961	441		
13456	546.258099838608	1.8854196	-1		
13263	658.3397570823328	1.8854318	-1		
13367	407.2225112626039	1.8861135	-1		
13297	489.25604986131503	1.8864626	-1		
13286	488.25000326676985	1.8869214	250	13286.0	Suspect related to Spectral Match to Phe-Pro-Lys from NIST14 (predicted molecular formula SIRIUS: unknown / BUDDY: unknown) with delta m/z 97.053 (putative explanation: unspecified; atomic difference: unspecified) [M+H]+
13304	546.2934977975458	1.8887231	258		
13362	835.4179799139087	1.8890015	-1		
13356	1083.4882033783688	1.8901567	-1		
13320	813.4362559784589	1.8907837	645		
13318	614.3527651014817	1.8914601	-1		
12928	399.2604494307531	1.8923239	22		
13337	428.72455570134287	1.8951876	280		
13336	856.4418033572745	1.8954928	280		
13311	402.2338317798781	1.8966526	-1		
13415	637.2838652594864	1.8969477	-1		
13389	1098.5686970670745	1.8977889	-1		
13357	560.2711600919149	1.898433	1170		
13394	957.4893288096304	1.8988763	-1		
13402	484.2774501039257	1.900065	-1		
13368	317.13445456942446	1.9000882	-1	13368.0	Glu-C11:0
13348	543.314195311739	1.9032799	-1		
13408	635.2863075908036	1.9042491	1830		
13398	360.1943902054926	1.9063252	22		
12964	1123.4698168733053	1.906448	83		
13403	426.7526790608099	1.9068664	-1		
13401	852.4984242350024	1.9069302	75		
13158	1122.9695892565533	1.908608	83		
13326	513.3040901933057	1.9089403	-1		
13734	440.25091263868114	1.9104332	115		
13487	648.2726451507411	1.911443	-1		
13447	1011.5922916795498	1.9115943	115		
13789	674.3878669212937	1.9123874	458		
13488	661.3207974415407	1.913854	-1		
13454	524.3091059179402	1.9146572	-1		
13455	326.7049428756116	1.9148144	115	13455.0	Suspect related to val-leu-pro-val-pro-gln (predicted molecular formula SIRIUS: unknown / BUDDY: unknown) with delta m/z -325.695 (putative explanation: unspecified; atomic difference: unspecified) [M+H]+
13479	654.4088029160141	1.9150119	115	13479.0	Suspect related to val-leu-pro-val-pro-gln (predicted molecular formula SIRIUS: C30H55N9O5S / BUDDY: C32H55N5O9) with delta m/z 2.016 (putative explanation: Pro->Val substitution|reduction; atomic difference: 2H|2H) [M+H]+
13374	653.405933188873	1.9151121	115	13374.0	Suspect related to val-leu-pro-val-pro-gln (predicted molecular formula SIRIUS: C30H55N9O5S / BUDDY: C32H55N5O9) with delta m/z 2.016 (putative explanation: Pro->Val substitution|reduction; atomic difference: 2H|2H) [M+H]+
13460	652.403126303375	1.9151448	115	13460.0	val-leu-pro-val-pro
13412	652.5176736183499	1.9152857	-1		
13445	1303.799539882057	1.915279	115		
13440	652.9043879092748	1.9154173	115	13440.0	val-leu-pro-val-pro
13422	652.288858195604	1.9154769	-1		
13449	652.3147831292454	1.9155735	-1		
13453	652.4940018168207	1.9162323	-1		
13635	958.4925823070035	1.9173405	-1		
13481	229.1004754840341	1.9185565	213		
13527	181.0970921905705	1.923207	-1		
13075	328.1864951967276	1.9240448	-1		
13602	842.4272431876764	1.9270183	-1		
13550	724.3419064706901	1.9279867	-1		
13521	432.2805213361805	1.9281768	736	13521.0	Suspect related to Spectral Match to Nonaethylene glycol from NIST14 (predicted molecular formula SIRIUS: unknown / BUDDY: unknown) with delta m/z 18.028 (putative explanation: Glu->Phe substitution; atomic difference: 4C,2H,-2O) [M+H]+
13877	1227.744291142144	1.9304277	60		
13558	548.3085886576183	1.9308859	871		
13572	411.2601682637597	1.9337425	13		
13532	763.3328842522895	1.9345882	-1		
13597	353.6647520140598	1.9378763	-1		
13596	397.2081735796693	1.9381568	28		
13600	708.3249024229768	1.9385914	-1		
13668	931.4515012340872	1.9386996	-1		
13653	419.18959781387935	1.9388461	-1		
13979	706.3227655068087	1.9399298	53		
13590	972.5532072082542	1.9411118	60		
14096	243.1339522348728	1.9421977	102	14096.0	Suspect related to Spectral Match to PyroGlu-Tyr from NIST14 (predicted molecular formula SIRIUS: C11H18N2O4 / BUDDY: C11H18N2O4) with delta m/z -49.982 (putative explanation: unspecified; atomic difference: unspecified) [M+H]+
14188	461.2866335685876	1.9438436	22	14188.0	Suspect related to Spectral Match to Ile-Pro-Ile from NIST14 (predicted molecular formula SIRIUS: unknown / BUDDY: unknown) with delta m/z 119.013 (putative explanation: unspecified; atomic difference: unspecified) [M+H]+
13316	977.485087856778	1.944451	-1		
13634	576.3506863201683	1.9446722	60		
13700	576.445335238883	1.9447154	-1		
13636	288.67870128929513	1.9449763	60		
13627	773.4320552814295	1.9450028	-1		
13664	636.2694210948345	1.9451287	-1		
13778	977.9867639419364	1.9456441	-1		
13685	387.218705935682	1.9458061	132		
13992	613.3555516935571	1.945841	280		
13718	774.4363161730683	1.9458863	-1		
13643	446.25959094174925	1.9470241	1638		
13781	802.4103832411165	1.9474871	-1		
14085	342.23862546967047	1.949321	22	14085.0	Spectral Match to Ile-Pro-Ile from NIST14
13625	343.2419691234188	1.9493705	753	13625.0	Spectral Match to Ile-Pro-Ile from NIST14
14078	651.9929967403881	1.9502778	-1		
13910	997.5119291129092	1.9512546	-1		
13669	742.3988866818146	1.9516935	280		
13756	937.538700000022	1.9525048	-1		
13720	915.5318783959394	1.9556999	60		
13681	927.4755607046164	1.9558183	-1		
13727	613.8352331416842	1.9561695	-1		
13738	302.20738668591	1.9572381	604	13738.0	Suspect related to Spectral Match to Phe-Leu from NIST14 (predicted molecular formula SIRIUS: C14H27N3O4 / BUDDY: C14H27N3O4) with delta m/z 23.036 (putative explanation: unspecified; atomic difference: unspecified) [M+H]+
13771	787.444162548337	1.9595709	-1		
13723	417.21323062718176	1.9603418	28		
13792	632.3137490047176	1.9603912	-1		
14129	644.3037616410434	1.9607215	1181		
13857	812.4151783060707	1.9608583	-1		
14531	461.24282050822217	1.9614555	22	14531.0	Suspect related to Spectral Match to Ile-Pro-Ile from NIST14 (predicted molecular formula SIRIUS: unknown / BUDDY: unknown) with delta m/z 119.013 (putative explanation: unspecified; atomic difference: unspecified) [M+H]+
14646	340.18663976436187	1.9619374	28	14646.0	Suspect related to Spectral Match to Thr-Val-Leu from NIST14 (predicted molecular formula SIRIUS: unknown / BUDDY: unknown) with delta m/z 9.002 (putative explanation: Gln->His substitution; atomic difference: 1C,-1H,1N,-1O) [M+H]+
14317	489.2710463727243	1.962489	10	14317.0	Suspect related to Spectral Match to Tyr-Pro-Phe from NIST14 (predicted molecular formula SIRIUS: unknown / BUDDY: unknown) with delta m/z 63.069 (putative explanation: unspecified; atomic difference: unspecified) [M+H]+
13705	403.1992185577823	1.9661087	-1		
13793	727.3989763927893	1.9672774	280		
13794	805.391455425826	1.9676447	53		
14155	684.392902970054	1.9691098	1147	14155.0	Laxaphycin_D_47962_dereplictor_pv_2.7753e-14
13702	425.2758787851747	1.969425	10		
13695	342.699800252346	1.9695662	753	13695.0	Spectral Match to Ile-Pro-Ile from NIST14
13713	475.2221898074338	1.9713135	22		
14174	514.2873742904799	1.971738	13		
13889	961.462624185372	1.9736683	-1		
13845	476.3061179844391	1.9741575	736		
13847	619.2905665719413	1.9743494	1830		
13791	696.0072389475619	1.9746025	50		
13997	685.396062089133	1.975604	1147		
13977	701.3376895677505	1.9767878	-1		
13833	647.330075979773	1.976799	-1		
13978	497.2039661065055	1.977159	-1		
13986	431.2318927847053	1.9774925	-1		
13777	492.2534677933783	1.9799143	486		
12930	427.29154456078265	1.9804261	13		
14245	696.3409343235845	1.9804556	-1		
13907	491.2505806862684	1.9805251	22		
13926	695.6730014316805	1.9806405	50		
13544	970.991927552362	1.9809195	-1		
13887	635.3404320374901	1.9813325	820		
13859	657.3224545620714	1.9814312	-1		
14039	621.2913490745846	1.9816233	-1		
14476	676.3678840144256	1.9819123	413		
13216	433.2447215729153	1.982028	22		
13769	926.4723457972468	1.9821731	50		
13786	662.3371464647181	1.9822978	50		
13918	1052.5317458573918	1.9841793	-1		
13949	785.4429518692854	1.9844327	-1		
13817	725.3846015708319	1.9846176	-1		
14091	428.2948136884777	1.9857358	-1		
14017	575.2802080515469	1.9862224	250		
13948	564.2919053044891	1.9863766	-1		
14658	562.2906929445569	1.9864774	434		
13866	1123.5734614848395	1.9866602	-1		
13437	969.4886132952028	1.9873365	50		
13809	661.3408712474613	1.9878652	50		
13960	553.2980555816457	1.9886581	13		
13631	1043.0066137910192	1.9888036	-1		
14133	612.853773056019	1.9891313	-1		
13941	1221.6281438253	1.989939	-1		
13293	969.9900655388572	1.9902593	50		
13800	1220.625513839726	1.990389	-1		
13906	617.9847315392662	1.9908187	50		
13976	374.2283846602992	1.9910936	1261	13976.0	Suspect related to Spectral Match to Leu-Glu from NIST14 (predicted molecular formula SIRIUS: C17H31N3O6 / BUDDY: C17H31N3O6) with delta m/z 113.085 (putative explanation: Acetyldeoxyhypusine|Serine; atomic difference: 6C,11H,1N,1O|6C,11H,1N,1O) [M+H]+
13987	330.1734188160157	1.9920207	401		
13353	753.4511240371946	1.992735	115		
14214	1043.5068537040097	1.9932992	50		
13396	925.9724683910922	1.9934353	50		
13930	660.3431826661594	1.9939593	367		
14459	659.3400627021839	1.9943659	367		
14626	1136.668099644944	1.9960892	505		
13944	372.2133224204613	1.9962174	-1		
14574	1317.6744383547798	1.9963157	-1		
14601	490.2858368277754	1.996561	-1		
13400	568.8375626726953	1.9968657	1650		
13391	1035.5100550212333	1.9980568	50		
14056	744.4217658556998	1.9986488	-1		
13395	1035.0090160675882	1.9998534	50		
14599	378.2000217098966	1.9999435	27		
14616	755.3930856258636	2.0002778	27		
14043	1000.4903146622788	2.0003655	-1		
14068	681.3217796841739	2.0014765	19		
14040	588.3508070337897	2.001498	60		
14632	579.8285426617658	2.0017984	-1		
13384	690.6756482042117	2.0020628	50		
13306	646.6613593936928	2.0041513	50		
14637	279.17028530224025	2.0042875	32	14637.0	Suspect related to Spectral Match to Pro-Leu from NIST14 (predicted molecular formula SIRIUS: C15H22N2O3 / BUDDY: C15H22N2O3) with delta m/z 50.016 (putative explanation: Pro->Phe substitution|unspecified; atomic difference: 4C,2H|4C,2H) [M+H]+
13841	706.3769074864769	2.0045295	-1		
14437	886.5048683514844	2.0053048	-1		
13684	686.3987645873644	2.0056434	-1		
13520	619.3612651870334	2.0062041	-1		
14122	604.2995189203134	2.0065901	-1		
13703	690.3413695186777	2.0065923	-1		
14084	723.4401824200214	2.0070577	-1		
13542	661.9988125960923	2.0073462	50		
14098	991.9941770647318	2.008134	50		
13497	661.6650318538774	2.008233	50		
13774	760.3894104106801	2.0104823	-1		
14161	619.8622317826355	2.0106165	-1		
14356	1044.507989201278	2.0114157	-1		
13905	413.75504059994415	2.0133998	-1		
13888	826.5038878965053	2.0135267	505		
14500	833.3646365882856	2.0139637	-1		
15291	991.4927185609796	2.0141985	50		
13939	687.4024965410532	2.0142708	408		
13722	666.662695177867	2.0151756	306		
14805	730.3771710592795	2.0167673	-1		
14219	718.3072415494938	2.0170338	-1		
13763	666.9965966549844	2.0180414	306		
14159	520.3331671107752	2.020065	-1	14159.0	Suspect related to Spectral Match to Hexaethylene glycol from NIST14 (predicted molecular formula SIRIUS: C22H46O12 / BUDDY: C23H45N5O8) with delta m/z 237.158 (putative explanation: unspecified; atomic difference: unspecified) [M+H]+
14802	872.4569494012629	2.0213876	-1		
14565	617.6507822091529	2.0227907	50		
14191	674.3511083154643	2.0245664	250		
13319	646.9956448134698	2.025088	50		
13870	439.2917655793588	2.0257204	250	13870.0	Suspect related to Spectral Match to Ile-Pro-Ile from NIST14 (predicted molecular formula SIRIUS: unknown / BUDDY: unknown) with delta m/z 97.053 (putative explanation: unspecified; atomic difference: unspecified) [M+H]+
14502	669.3647759374896	2.0282006	27		
14210	668.3618071862956	2.0282054	27		
13779	667.3305278003485	2.0286853	24		
14250	602.3668031704761	2.0297525	60		
14267	758.3454581480864	2.031437	1181		
14832	748.3869488382088	2.031979	162		
14327	670.3678234106328	2.033587	27		
13546	491.28645485210825	2.0336535	-1		
14295	776.3460976910719	2.0337434	641		
14320	793.372223901218	2.0345995	641		
14412	675.354783482096	2.0349412	-1		
13662	798.3276300716398	2.0352795	-1		
14936	513.2687861814234	2.035975	178		
13782	741.3938185218716	2.0360575	609		
13923	211.1441786925316	2.036799	2	13923.0	Suspect related to His-Ile (predicted molecular formula SIRIUS: unknown / BUDDY: unknown) with delta m/z -40.009 (putative explanation: His->Pro substitution; atomic difference: -1C,-2N) [M-H2O+H]+
14359	469.266356088753	2.0368235	-1		
14323	365.1819997460257	2.037727	-1		
14249	1114.6293668382275	2.037928	-1		
14081	257.14951084043287	2.040575	-1		
14762	344.25404099857866	2.0407875	132	14762.0	Suspect related to Spectral Match to Ile-Gly-Ile from NIST14 (predicted molecular formula SIRIUS: unknown / BUDDY: unknown) with delta m/z 43.991 (putative explanation: Ala->Asp substitution|Carboxylation; atomic difference: 1C,2O|1C,2O) [M+H]+
14430	981.5680711207766	2.042283	1370		
14383	731.3736556850035	2.0437346	-1		
14340	1016.5680737431832	2.0439816	-1		
13752	1015.5649310351448	2.044153	75		
14303	821.3856031316567	2.0443716	53		
14257	557.8182192189892	2.0444467	1203		
14956	534.3141756775254	2.0451295	-1		
15012	508.28447331352646	2.0452676	-1		
13775	768.4010152088922	2.0491931	-1		
14706	723.4386708401025	2.0524638	-1		
15104	343.7028579489084	2.0537746	132		
15045	277.1183534200096	2.0539186	102	15045.0	Suspect related to Spectral Match to PyroGlu-Tyr from NIST14 (predicted molecular formula SIRIUS: C14H16N2O4 / BUDDY: C14H16N2O4) with delta m/z -15.995 (putative explanation: Ser->Ala substitution|Tyr->Phe substitution|reduction; atomic difference: -1O|-1O|-1O) [M+H]+
15074	686.3989748975381	2.0543766	408		
14567	927.4745500946694	2.0566788	-1		
14213	199.12314565308137	2.0581636	92		
14666	682.355280206617	2.0590997	-1		
15278	588.3032737208171	2.0610914	1851		
14612	588.3498102081184	2.061794	60		
14631	755.3839015989255	2.0618002	-1		
15229	753.3786587496534	2.0618398	406		
15384	459.2605752586773	2.0620267	70		
14653	1023.5084448511894	2.0637436	900		
14780	689.4078228121946	2.0642889	-1		
14892	884.4561446073816	2.0655267	-1		
14659	691.341740039089	2.0667737	50		
14507	1030.5549452134337	2.0682275	-1		
15207	564.3596787991294	2.0690253	-1	15207.0	Suspect related to Spectral Match to Undecaethylene glycol from NIST14 (predicted molecular formula SIRIUS: unknown / BUDDY: unknown) with delta m/z 61.053 (putative explanation: unspecified|unspecified; atomic difference: 2C,7H,1N,1O|5H,4N) [M+H]+
14482	1136.529370582011	2.068985	280		
15305	645.3249840699906	2.0701292	-1		
15535	211.14419623817705	2.071112	2	15535.0	Suspect related to His-Ile (predicted molecular formula SIRIUS: unknown / BUDDY: unknown) with delta m/z -40.009 (putative explanation: His->Pro substitution; atomic difference: -1C,-2N) [M-H2O+H]+
14808	1000.4937485663708	2.0712037	-1		
15021	714.3839086546432	2.0729063	-1		
13925	939.5428078375206	2.0752416	944		
14355	1260.5758714231984	2.0765257	-1		
13891	470.27423529079726	2.077739	132		
14410	553.3350815924068	2.0777473	250		
14385	1184.5601849953798	2.078201	-1		
14915	713.4186440562986	2.0791426	408		
15023	777.3490042289095	2.079252	641		
14673	926.4739634568313	2.080321	50		
14562	654.8623661839404	2.081244	-1		
14493	746.4575572079451	2.0841157	60		
14727	738.4046126701264	2.084992	520		
14509	728.6970695957586	2.0860422	-1		
14672	710.4092286469635	2.0865881	1015		
14663	652.4072549168494	2.0867941	115	14663.0	val-leu-pro-val-pro
15317	446.195852665986	2.0870411	-1		
14481	1008.5715982073274	2.087751	505		
14651	501.2653957073357	2.0882292	162		
14313	604.3407003155789	2.0887709	-1		
14822	666.3882238510403	2.089571	-1		
14943	695.6733670643479	2.090267	50		
14669	624.3726596328818	2.0910108	27		
14867	575.3189684618739	2.0916421	974		
14885	1093.0425878796673	2.092361	-1		
14984	696.3412149312419	2.0937755	-1		
14711	473.2977061099601	2.0939078	1261		
15410	817.3906557897122	2.094727	-1		
15421	925.57276845741	2.0957458	50		
15408	463.2896029194561	2.095992	-1		
14917	712.4169200940283	2.0972314	408		
14794	524.3445982908293	2.0977921	-1		
14798	925.9731612420594	2.098493	50		
14946	587.3200644624222	2.1002195	195		
15010	696.0078298957154	2.1010969	50		
14758	926.57537167061	2.101428	50		
15645	661.3315120561501	2.1018274	50		
14776	617.9851367013766	2.1019094	129		
14852	828.4284310135539	2.103064	-1		
15445	529.2423827106325	2.1031005	-1		
14769	578.3393810789532	2.1040356	1638		
14816	658.3584819958464	2.104592	-1		
14199	342.20243014008463	2.1048822	-1		
15041	969.9906567205268	2.106043	50		
14974	647.3289712867303	2.1061869	-1		
14093	838.4465241100025	2.1073117	75		
14897	730.3595714984607	2.108097	743		
15235	1044.0090530822818	2.108212	-1		
15999	419.72654170400045	2.1086283	-1		
14840	860.4272311231922	2.109142	476		
15639	758.4100813441017	2.109457	29	15639.0	Suspect related to Contaminants septum vial Thermo C4000-53 and C4000-54 serie (predicted molecular formula SIRIUS: C37H55N7O10 / BUDDY: C41H59NO12) with delta m/z 222.235 (putative explanation: unspecified; atomic difference: unspecified) [M+H]+
15109	711.4132180635349	2.109531	-1		
14924	1122.618616461668	2.1095667	505		
15080	902.4602100043944	2.109607	27		
14645	1001.5309973377492	2.1098943	162		
15077	646.6616559600121	2.1142778	50		
15845	751.3823618297448	2.1143703	-1		
14969	696.437752774834	2.1148407	-1	14969.0	Suspect related to Spectral Match to Undecaethylene glycol from NIST14 (predicted molecular formula SIRIUS: unknown / BUDDY: unknown) with delta m/z 193.132 (putative explanation: unspecified; atomic difference: unspecified) [M+H]+
14981	357.2352382213889	2.1156344	-1		
14854	805.9565347631483	2.1158338	53		
13970	723.3649874585345	2.1174107	496		
14964	701.3936587145048	2.117592	-1		
13973	723.6990263305586	2.1182163	496		
14979	496.2768373706083	2.1207414	28		
15788	365.6833305503279	2.1218169	743		
15222	731.3625373982485	2.1220655	743		
14988	518.2589511466798	2.1228354	926		
15069	870.4606864052903	2.1237638	-1		
15592	1013.5287394401762	2.1241336	-1		
15504	751.4719606569128	2.125204	152		
15227	690.6760041733194	2.1252587	50		
14203	1079.6106851732989	2.1255538	54		
14807	483.2872754487461	2.1261194	54		
14985	608.3859117928656	2.126145	-1	14985.0	Suspect related to Spectral Match to Undecaethylene glycol from NIST14 (predicted molecular formula SIRIUS: unknown / BUDDY: unknown) with delta m/z 105.079 (putative explanation: unspecified; atomic difference: unspecified) [M+H]+
15054	617.3297766235587	2.1262953	195		
15027	661.6652455883535	2.1263804	50		
15210	751.3684946079984	2.1268098	152		
15236	690.3421334460523	2.1273072	50		
15239	1035.0095813314742	2.1273859	50		
15031	770.3558839797247	2.1274214	13		
15238	1035.509912390098	2.1278453	50		
15067	540.3087553666231	2.1279948	54		
14972	934.562152320708	2.128757	724		
14131	1101.59408242221	2.1298254	-1		
15273	999.9922458451522	2.1304538	-1		
15083	558.3282887725212	2.1325893	70		
14019	965.5679924500556	2.1327326	54		
15558	681.3211531707751	2.1335218	19		
15835	643.3099166347578	2.1338484	-1		
15105	618.3279501054687	2.1343567	129		
15186	752.3722417627457	2.1365569	152		
15092	806.3945094888842	2.137933	53		
15139	577.3349595270383	2.1380613	-1		
15928	991.9945055522048	2.1382854	50		
15527	551.2996392222836	2.1387005	405		
15082	580.3105024444245	2.1388578	512		
15112	869.9613807187084	2.1391	977		
14319	548.8224207643701	2.139414	54		
15135	805.3915360441808	2.1404479	53		
15158	647.3231864318005	2.141035	-1		
16190	666.6630426524158	2.1411574	-1		
15802	526.2877368801735	2.1414347	-1		
15107	496.3131205086984	2.141902	-1		
15113	559.3316889141615	2.1427681	1564		
15183	773.3477681977819	2.1435332	-1		
15354	617.6509402891614	2.1461852	129		
15387	666.9971086684715	2.1462991	306		
15313	814.4542906560456	2.146459	695	15313.0	Suspect related to val-leu-pro-val-pro-gln (predicted molecular formula SIRIUS: C48H59N7O5 / BUDDY: C41H67NO15) with delta m/z 162.053 (putative explanation: Glucuronidation|Hexose; atomic difference: 6C,10H,5O|6C,10H,5O) [M+H]+
15839	316.1292160920988	2.1467576	-1	15839.0	Suspect related to Gly-Trp (predicted molecular formula SIRIUS: C16H17N3O4 / BUDDY: C16H17N3O4) with delta m/z 54.01 (putative explanation: unspecified|Alkene fragment of DSSO crosslinker|MDA adduct +54|Methylglyoxal-derived hydroimidazolone|unspecified; atomic difference: 1C,3N|3C,2H,1O|3C,2H,1O|3C,2H,1O|3C,2H,1O) [M+H]+
15546	807.3951271940165	2.1497262	-1		
14560	877.5762698907238	2.1504421	724		
15798	376.2230914142363	2.1509202	22	15798.0	Suspect related to Spectral Match to Ile-Pro-Ile from NIST14 (predicted molecular formula SIRIUS: C20H29N3O4 / BUDDY: C20H29N3O4) with delta m/z 33.985 (putative explanation: Leu/Ile->Phe substitution; atomic difference: 3C,-2H) [M+H]+
15650	439.2917550407873	2.1518912	250	15650.0	Suspect related to Spectral Match to Ile-Pro-Ile from NIST14 (predicted molecular formula SIRIUS: unknown / BUDDY: unknown) with delta m/z 97.053 (putative explanation: unspecified; atomic difference: unspecified) [M+H]+
15481	884.453675264785	2.1523633	-1		
15827	266.1023406345737	2.1533353	-1	15827.0	Phe-C6:0
15251	620.2742890376921	2.1534016	344		
15294	364.2246510714057	2.1537197	1274		
15087	1115.6479022135748	2.1541607	70		
14980	632.3448504005524	2.1546924	-1		
15447	989.4900334715288	2.154965	27		
15265	650.3684805316603	2.1557148	1650		
15266	618.2601341241582	2.155737	129		
15366	413.2394502174389	2.1569428	1384		
15647	379.70783963995046	2.1598616	401		
15275	461.2734104688522	2.1607778	-1		
14814	428.2507359682559	2.1614919	-1		
15309	631.345774426658	2.1615903	195		
16085	622.3663701993978	2.1637158	-1		
15435	745.4203466019756	2.1643376	-1		
16235	557.8188427669744	2.1646466	1203		
14432	530.2977127214889	2.165667	841		
16223	1114.6308936060673	2.1660578	1203		
15446	741.3955162378509	2.166472	609		
14823	608.8447819195896	2.1666372	-1		
15402	740.4640161111727	2.167081	-1	15402.0	Suspect related to Spectral Match to Undecaethylene glycol from NIST14 (predicted molecular formula SIRIUS: unknown / BUDDY: unknown) with delta m/z 237.158 (putative explanation: unspecified; atomic difference: unspecified) [M+H]+
15389	379.2483090001879	2.1671474	401		
16037	747.2868238033338	2.1684108	-1		
16157	659.3401959112327	2.1690004	1170		
15405	649.3303067689191	2.1708205	-1		
15401	646.3577321007917	2.1716306	-1		
15391	245.12853149412604	2.1720848	376	15391.0	Suspect related to cyclo(L-Val-L-Pro) (predicted molecular formula SIRIUS: C13H26NOS / BUDDY: C12H24N2O3) with delta m/z 48.058 (putative explanation: unspecified; atomic difference: unspecified) [M+H]+
16005	641.3373007504377	2.1724935	-1		
15670	780.3895363654108	2.173623	19		
16196	568.8093573589289	2.1756167	975		
15536	786.3650607918947	2.1779075	709		
15534	628.3522633275919	2.178774	841		
15343	601.335550369604	2.1790836	195		
15449	627.3493226143374	2.1791925	308		
15463	891.5298914521038	2.1806629	-1		
15473	949.9879387473484	2.1807795	56		
16369	330.173704608818	2.181444	401		
15482	752.9215509033053	2.1814451	165		
14893	1138.5265913146036	2.1835728	-1		
15823	949.4873058353148	2.184597	56		
15703	618.3256244250452	2.1856308	129		
15730	730.3606927664424	2.186878	743		
14535	335.22258962093053	2.1877763	-1		
15480	463.7523170168547	2.188751	-1		
15617	1131.6241123690495	2.1895854	29		
15789	992.491729374276	2.1900713	85		
15853	789.4473687226392	2.1911597	-1		
15584	652.4090221555948	2.1917188	115	15584.0	val-leu-pro-val-pro
15846	695.6739537257009	2.1923218	50		
15562	523.2559131302835	2.192496	10		
15568	208.0969957620213	2.1927195	-1	15568.0	Suspect related to Spectral Match to Phe-Thr from NIST14 (predicted molecular formula SIRIUS: C11H13NO3 / BUDDY: C11H13NO3) with delta m/z -59.037 (putative explanation: nan (reverse)|Propionate labeling reagent heavy form (+3amu), N-term & K (reverse)|nan (reverse); atomic difference: -2C,-5H,-1N,-1O|-3C[13],-4H,-1O|-3H,-4N) [M+H]+
15600	593.3376684565919	2.1939254	-1		
15633	1132.123843940098	2.1949544	29		
16520	505.30231671520175	2.1951804	1370		
15948	763.9120740770812	2.195164	165		
15631	879.4676406721326	2.1954975	-1		
16438	746.4578949501965	2.1955764	60		
16444	1136.5241113349598	2.19565	280		
15518	673.3182687969702	2.1965804	115	15518.0	Suspect related to val-leu-pro-val-pro-gln (predicted molecular formula SIRIUS: C35H51N3O10 / BUDDY: C35H51N3O10) with delta m/z 21.972 (putative explanation: Replacement of 2 protons by magnesium; atomic difference: -2H,1Mg) [M+H]+
16309	701.3357713759422	2.1966505	-1		
15901	617.3307475764227	2.198418	195		
15892	636.3429868865585	2.19954	258		
15601	1008.5742200420416	2.1995573	505		
15879	767.4315087921588	2.199844	-1		
15522	507.30897314566505	2.2002056	-1		
15496	761.4280651843168	2.2004473	165		
16362	527.2846573974584	2.2004836	178		
15459	753.4193845220566	2.201301	165		
15510	926.4946486841257	2.201758	731		
16453	504.7903352592863	2.2022371	1370		
15692	796.3622271067308	2.203338	-1		
15653	758.5499319147063	2.2039945	-1		
15652	754.4250333075199	2.204153	165		
15486	927.4996786036564	2.2052479	731		
16421	1030.556891906985	2.2054076	-1		
15585	166.08637629313785	2.2056415	32	15585.0	PHENYLALANINE
15690	427.2192526708545	2.2068784	-1		
15949	667.3297817362984	2.2073278	24		
15926	577.3365347142525	2.2088978	-1		
15717	1023.5123178498812	2.2094302	900		
14513	498.3290315893564	2.209705	1290		
16440	568.2981413817315	2.2111614	975		
15987	569.3061820545863	2.2113507	-1		
15936	859.4537407393675	2.2113883	183		
15712	689.4354699156307	2.211417	60		
15726	761.9348137355067	2.2115748	165		
15491	520.243294746377	2.2125893	-1		
15763	386.2379552914903	2.2132022	1274	15763.0	Suspect related to Spectral Match to Nonaethylene glycol from NIST14 (predicted molecular formula SIRIUS: unknown / BUDDY: unknown) with delta m/z -30.047 (putative explanation: nan (reverse); atomic difference: -2C,-6H) [M+H]+
16497	491.2326656699128	2.2135317	10		
16481	1001.5316297129316	2.2135808	162		
15909	658.3208429248326	2.2140875	-1		
15684	345.22101439325826	2.2142186	60		
16296	506.30583066305314	2.2142105	486		
15722	668.3291139449054	2.2148538	-1		
15947	1004.5106947010248	2.2149072	-1		
15769	1230.6767246041609	2.2151313	29		
15868	877.4434953502532	2.2158995	-1		
16518	501.2671147956372	2.2162986	162		
15861	667.830637415254	2.216499	24		
16521	509.7828999532434	2.218766	162		
16502	512.2600663064294	2.2191007	-1		
15716	590.2807004120953	2.2193692	-1		
15779	1393.741248797881	2.2198985	29		
15856	784.4896190238211	2.2214792	444		
16227	650.3669574227652	2.2220762	1650		
16038	930.4549606652956	2.2253807	-1		
15863	401.2614074868539	2.2255177	-1		
16578	908.4746315937218	2.2256446	-1		
15979	1023.4932115724796	2.226078	-1		
15893	1056.556103738506	2.2265804	280		
15971	1003.5129766912098	2.226734	613		
15854	978.5619631162486	2.2269251	637		
16256	621.3388856378338	2.228258	10		
16344	335.22253097125423	2.2312856	-1		
15897	489.78401142453765	2.2313182	-1		
15896	999.518878494132	2.2317138	-1		
16701	939.5448419412788	2.2335258	944		
16639	470.2747702204401	2.2339232	132		
15938	1001.50783672467	2.2339888	75		
15869	667.3943291702135	2.235641	24		
15662	764.4134554205352	2.2363274	165		
16652	666.391895790191	2.236838	24		
15415	690.4357906720857	2.237202	657		
16603	1080.6115154660042	2.2375379	-1		
15924	485.22545851875066	2.2390583	-1		
15923	501.25756099162527	2.2399578	1373		
15887	342.21258669602406	2.2404275	-1		
15991	574.3274497884992	2.2421217	-1		
15304	766.4905079101959	2.2428813	115	15304.0	Suspect related to val-leu-pro-val-pro-gln (predicted molecular formula SIRIUS: C37H64N8O9 / BUDDY: C41H68N2O11) with delta m/z 113.085 (putative explanation: Acetyldeoxyhypusine|Serine; atomic difference: 6C,11H,1N,1O|6C,11H,1N,1O) [M+H]+
16263	652.4067581940611	2.244296	115	16263.0	val-leu-pro-val-pro
15930	495.25781637235485	2.2458327	-1		
15969	491.28682976412665	2.245977	10		
16731	561.8124144546966	2.246503	-1		
15872	473.2773111666992	2.2466035	22		
16717	1122.6196765440147	2.2472866	505		
16003	737.8562671203313	2.247903	-1		
15834	687.3824363050894	2.2483673	534		
16315	884.4768364121119	2.251003	-1		
16064	838.4471652618591	2.2518547	75		
16065	712.4159469040217	2.25215	408		
16758	587.3195099697158	2.2529402	195		
15957	284.139444766128	2.2530556	-1		
16843	751.47191275678	2.2535691	152		
16066	892.4452501612234	2.2545836	56		
16646	551.2996438432228	2.2549717	405		
16867	356.7108293680138	2.256395	-1		
16043	746.369483444169	2.2563725	-1		
16074	856.4430745013264	2.258742	-1		
16092	496.2770327060098	2.2602224	28		
16129	580.3113017534841	2.2606714	512		
16794	729.030948105715	2.261253	-1		
16193	878.4402711713336	2.2617283	85		
16082	680.3531334355127	2.2620664	-1		
16111	1115.6520125572042	2.2622137	70		
16225	559.3323446393027	2.2623744	1564		
15962	829.4445903379849	2.2631896	183		
16749	558.3291018724257	2.2632346	70		
16079	806.4063493866188	2.2646081	367		
16081	765.4866015362836	2.264904	115	16081.0	Suspect related to val-leu-pro-val-pro-gln (predicted molecular formula SIRIUS: C37H64N8O9 / BUDDY: C41H68N2O11) with delta m/z 113.085 (putative explanation: Acetyldeoxyhypusine|Serine; atomic difference: 6C,11H,1N,1O|6C,11H,1N,1O) [M+H]+
16186	1101.5949018513618	2.2659404	-1		
16084	724.4030191398683	2.2669587	75		
16175	797.4782502019949	2.2673311	505		
16876	357.23567164108306	2.2676165	-1		
17022	1079.611943659651	2.267699	-1		
16077	596.2839001502025	2.2680397	-1		
16861	696.4387043527228	2.2685654	1224		
16204	701.3968830967714	2.2697132	-1		
16661	772.4264785998192	2.270646	367		
17050	540.309230867738	2.2719104	-1		
16216	798.4767103712226	2.272456	742		
16818	570.3329225153959	2.2738094	-1		
16060	622.3230316723427	2.2739737	10		
16965	548.8225004421287	2.2759607	54		
16205	614.8617180352287	2.2761464	34		
16249	765.9040099460568	2.2762735	-1		
16842	821.4221242839582	2.27661	-1		
16213	614.3597145267312	2.277104	34		
16248	408.250945606813	2.2771845	-1		
16184	778.4174614734899	2.2780957	-1		
16348	981.484974932899	2.278078	-1		
16229	570.2783508933253	2.2792091	-1		
17312	680.0188247821238	2.279543	496		
16284	568.2516069353819	2.2797408	-1		
16266	1018.067730904846	2.280029	22		
16304	552.2800858510748	2.2853882	178		
16577	902.4627434678792	2.2862523	27		
16323	622.277688461585	2.2872393	-1		
17171	679.6846293506334	2.287319	496		
16350	833.471049618006	2.2877452	-1		
16247	752.3701458562037	2.2882166	165		
16339	423.2742263927086	2.2883046	-1	16339.0	Suspect related to 3,6,9,12,15-Pentaoxaheptacosan-1-ol, hydrogen sulfate (predicted molecular formula SIRIUS: unknown / BUDDY: unknown) with delta m/z -79.957 (putative explanation: O-Sulfonation (reverse); atomic difference: -3O,-1S) [M+NH4]+
16396	904.4683791086544	2.2882862	27		
16382	1153.6253549027704	2.2882636	-1		
16302	530.3806899606653	2.2886255	-1		
16312	530.3631260798318	2.2890666	-1		
16317	1059.5864577682476	2.2890499	22		
16437	795.4210075672306	2.2893853	90		
16318	530.2136328500118	2.2894995	-1		
16358	828.5154295030244	2.2898881	-1		
16305	530.4044173937239	2.2901003	-1		
17093	698.4083606565946	2.290915	505		
16431	753.372526648554	2.2912328	165		
16510	621.2784666360722	2.2920387	-1		
17056	620.2753477865161	2.292343	344		
16337	921.5087125113424	2.2932725	-1		
16262	1017.5686610513944	2.2935905	22		
17044	773.3489038277027	2.2936203	-1		
16474	975.4785498893508	2.2936099	-1		
17007	376.1871018836687	2.2951076	-1		
16458	817.4032508961208	2.2951155	-1		
16214	631.2722187317872	2.2952423	-1		
17035	642.257276704649	2.2954397	19		
16324	604.3450031788576	2.2957237	534		
16413	922.496809524325	2.2961023	76		
16424	944.474027247467	2.297758	-1		
16341	607.3550463590827	2.2985091	-1		
16306	1081.5708114667098	2.2985208	178		
16246	924.440600733844	2.3003764	-1		
17075	553.3353387819016	2.300684	250		
16467	684.3810568543854	2.3013885	-1		
17062	751.3670800679182	2.3014572	152		
16452	602.3337398352264	2.3015175	-1		
16352	1086.0451026731737	2.3016303	-1		
16600	723.6988181049744	2.3019404	496		
16059	623.3191999553575	2.3038301	926		
16569	939.520420753424	2.304988	-1		
16135	1085.546219325432	2.3053975	-1		
16620	667.3313006660804	2.305903	24		
17119	575.3190065195232	2.30595	974		
16558	821.437120574733	2.3062825	304		
16180	747.3370750583831	2.306509	225		
16278	188.12820614063327	2.3067842	-1		
16968	601.3350689324843	2.3070273	195		
16596	843.4196091344896	2.3071096	900		
16199	748.3411643928558	2.3079262	225		
16509	1350.7298358059304	2.3079243	22		
16374	245.1286153384269	2.3095415	376	16374.0	Spectral Match to Phe-Pro from NIST14
16568	1023.5082695725232	2.310433	900		
16536	435.22195575506	2.3135471	643		
16567	993.4685512621506	2.3144505	85		
17124	723.3644436179462	2.3148873	496		
16563	430.2669891851693	2.315656	-1	16563.0	Suspect related to Spectral Match to Decaethylene glycol from NIST14 (predicted molecular formula SIRIUS: unknown / BUDDY: unknown) with delta m/z -30.047 (putative explanation: nan (reverse); atomic difference: -2C,-6H) [M+H]+
16587	994.463215997681	2.316223	85		
17253	364.225288827667	2.3165894	-1		
16529	814.4572926659687	2.3168447	695	16529.0	Suspect related to val-leu-pro-val-pro-gln (predicted molecular formula SIRIUS: C48H59N7O5 / BUDDY: C41H67NO15) with delta m/z 162.053 (putative explanation: Glucuronidation|Hexose; atomic difference: 6C,10H,5O|6C,10H,5O) [M+H]+
16407	407.7319691310493	2.3170083	-1		
16366	716.3491447219097	2.3174186	-1		
17134	413.2397692354872	2.3175468	1384		
16594	1085.0451649241122	2.3175957	-1		
16783	877.4982833891168	2.3193405	-1		
16517	836.4363750126446	2.319806	-1		
16589	859.3918952195555	2.3200195	-1		
16566	1187.6090754155182	2.322014	75		
16328	710.4171705970474	2.3226264	-1		
16636	970.496208409729	2.3228753	1181		
16574	556.8024738216974	2.3237138	-1		
16769	703.3814295225245	2.3243225	-1		
16644	1157.5836607835142	2.3243716	27		
16590	1112.5982691288752	2.3243916	64		
16441	796.4318025934822	2.3253152	90		
17459	690.6752791367879	2.3254957	657		
16555	838.4654456188855	2.3257945	304		
16591	649.3324881961049	2.3258464	178		
16593	1188.6082612019648	2.3278031	-1		
17415	724.0325197748413	2.3285675	496		
16601	497.2359731723303	2.3287535	-1		
16649	415.2401704911499	2.3310187	-1		
16565	631.3298952590451	2.331648	-1		
16722	849.4294937880442	2.3324273	147		
16540	629.3565875836158	2.3337462	841		
16788	560.3349072015636	2.3341253	1564		
16612	314.1785806062662	2.3370004	-1		
16714	971.4930451059644	2.3372526	-1		
16681	627.3502623963184	2.3374255	308		
16663	379.748975083479	2.3393135	401		
16776	702.3804671984866	2.3425474	-1		
16712	709.4083462517657	2.3425677	165		
17198	870.4627662685518	2.343624	977		
16732	653.3406770981479	2.3438575	-1		
17018	1101.5932734815626	2.3440087	-1		
17497	379.2487937022822	2.3448572	401		
17632	626.8699694261597	2.3448617	308		
17480	740.4650077137906	2.3456318	1224	17480.0	Suspect related to Spectral Match to Undecaethylene glycol from NIST14 (predicted molecular formula SIRIUS: unknown / BUDDY: unknown) with delta m/z 237.158 (putative explanation: unspecified; atomic difference: unspecified) [M+H]+
16741	842.4958386146154	2.346145	259		
17268	695.2994774497371	2.346991	458		
16546	356.21769938904464	2.3472707	884	16546.0	Suspect related to Spectral Match to PyroGlu-Ile from NIST14 (predicted molecular formula SIRIUS: C17H29N3O5 / BUDDY: C17H29N3O5) with delta m/z 113.085 (putative explanation: Acetyldeoxyhypusine|Serine; atomic difference: 6C,11H,1N,1O|6C,11H,1N,1O) [M+H]+
16836	709.9085353846207	2.3480172	165		
16856	895.5390204175641	2.3481095	-1		
16882	712.4192353959523	2.3490255	408		
16616	475.2913933644789	2.349334	1005		
16580	363.2375401772605	2.3505666	679		
16831	674.3219244171179	2.3511639	115		
17525	619.3571757347729	2.351905	-1		
16773	680.3976385304411	2.352497	115	16773.0	Suspect related to val-leu-pro-val-pro-gln (predicted molecular formula SIRIUS: C27H53N9O11 / BUDDY: C37H53N5O7) with delta m/z 27.995 (putative explanation: Formylation|Ser->Asp substitution|Thr->Glu substitution; atomic difference: 1C,1O|1C,1O|1C,1O) [M+H]+
16755	786.365885523207	2.3526387	709		
17129	869.9614201534333	2.3531628	977		
16768	673.3187669760472	2.3539915	115		
16800	445.2876620823322	2.3551748	-1	16800.0	"""Candidate Trihydroxylated bile acid (delta mass 37.9789; sirius atomic difference: 2C, -2H, 1O; buddy atomic difference: 2C, -2H, 1O)"""
16840	872.5427092098341	2.3552046	444		
16898	948.4794638905768	2.3562756	-1		
16998	661.3296709489767	2.3566098	50		
17506	711.4179712972218	2.3570514	-1		
16890	991.4927390658884	2.3578043	50		
16824	926.4991658639972	2.3588223	731		
16820	689.4345690671423	2.3591924	60		
16844	691.4400365333727	2.359861	657		
16797	787.4698158529311	2.3599966	458		
16828	345.2207497092391	2.3604279	60		
16796	927.5034766840424	2.360704	-1		
17066	661.6649486374768	2.360919	50		
16756	759.4111893945355	2.361018	29	16756.0	Suspect related to Contaminants septum vial Thermo C4000-53 and C4000-54 serie (predicted molecular formula SIRIUS: C37H55N7O10 / BUDDY: C41H59NO12) with delta m/z 222.235 (putative explanation: unspecified; atomic difference: unspecified) [M+H]+
16819	879.4234742763336	2.3611028	85		
16562	455.3228415132109	2.3623695	-1	16562.0	Suspect related to Spectral Match to Leu-Leu-Arg from NIST14 (predicted molecular formula SIRIUS: C23H42N4O5 / BUDDY: C23H42N4O5) with delta m/z 54.034 (putative explanation: unspecified|3x water; atomic difference: 3C,4H,1N|H6,3O) [M+H]+
16908	760.4140388670784	2.3649638	29		
16900	780.3899035181374	2.3669353	19		
16815	463.7527932510429	2.3671527	-1		
17059	765.486131360188	2.367326	374		
16923	758.4083157396249	2.367374	29	16923.0	Suspect related to Contaminants septum vial Thermo C4000-53 and C4000-54 serie (predicted molecular formula SIRIUS: C37H55N7O10 / BUDDY: C41H59NO12) with delta m/z 222.235 (putative explanation: unspecified; atomic difference: unspecified) [M+H]+
16909	782.3946296908636	2.3677409	19		
16914	379.7076037641651	2.368696	401		
16897	701.4346941345551	2.3688269	-1		
16934	758.9098652258303	2.369088	29	16934.0	Suspect related to Contaminants septum vial Thermo C4000-53 and C4000-54 serie (predicted molecular formula SIRIUS: C37H55N7O10 / BUDDY: C41H59NO12) with delta m/z 222.235 (putative explanation: unspecified; atomic difference: unspecified) [M+H]+
17617	371.2146857696057	2.369177	-1	17617.0	Suspect related to Spectral Match to Nonaethylene glycol from NIST14 (predicted molecular formula SIRIUS: unknown / BUDDY: unknown) with delta m/z -43.99 (putative explanation: Asp->Ala substitution|Decarboxylation; atomic difference: -1C,-2O|-1C,-2O) [M+H]+
16962	690.4375556157213	2.3692017	657		
16921	526.8158848048673	2.3692303	132		
16857	1106.562454019061	2.3693535	85		
16869	495.2572286791256	2.3704565	178		
16933	1052.6249928462985	2.3713906	944		
16859	838.4447383665002	2.3726885	75		
16855	1105.5656936830424	2.3728993	85		
16963	989.4909037564812	2.3739512	27		
17163	766.4893794707621	2.3740065	115	17163.0	Suspect related to val-leu-pro-val-pro-gln (predicted molecular formula SIRIUS: C37H64N8O9 / BUDDY: C41H68N2O11) with delta m/z 113.085 (putative explanation: Acetyldeoxyhypusine|Serine; atomic difference: 6C,11H,1N,1O|6C,11H,1N,1O) [M+H]+
17657	1230.6788975214888	2.3743517	29		
16345	1132.1256555656091	2.375315	29		
16814	383.2469361880687	2.375698	115		
17673	796.36331340901	2.376061	19		
16597	614.3041092415987	2.3766904	230		
17677	398.6811502404822	2.3768473	-1		
16950	1395.6406899263757	2.3769765	-1		
17186	797.3667289861552	2.3771307	19		
16972	1374.1598884126397	2.37715	27		
16985	714.381524450904	2.3773425	6		
16955	706.3067968529346	2.3774068	-1		
16823	473.27583597066985	2.3780959	22		
16970	698.3226494499313	2.3784187	177		
16989	1375.663196442758	2.3793788	27		
16987	1373.658457660176	2.3806794	27		
17452	949.9868927591692	2.3811502	56		
17001	857.4772242680081	2.3818736	-1		
16984	1374.6606386677147	2.3825715	27		
17290	380.2091553174784	2.3831115	401		
17349	1131.6266263978268	2.3841066	29		
16907	638.3457918563614	2.3844762	242		
17041	636.339227934132	2.385337	258		
17521	1393.742289161842	2.3871293	29		
17356	1394.746776542864	2.3881903	29		
17021	1126.6161830537271	2.388909	-1		
17031	692.3967690343559	2.3892772	1015		
17063	1237.6187153492958	2.3895943	-1		
16894	166.08626241816526	2.3898106	32	16894.0	PHENYLALANINE
16862	979.5665012576457	2.38987	637		
17019	761.4322836195087	2.3900423	165		
17121	580.3111635921948	2.3906994	512		
16999	695.844903799791	2.391562	27		
17072	709.4216751909163	2.3924053	-1		
17085	845.4399973523605	2.392855	-1		
18356	949.4858653460244	2.3935485	56		
17013	687.3322179592615	2.3940942	27		
17074	657.397161164784	2.3941607	70		
17277	639.3471998694172	2.3951125	1641		
17006	762.4371057519065	2.3982687	165		
17128	1472.8525985168026	2.3987787	-1		
17095	1201.623609359571	2.3991096	75		
17800	386.2383394096197	2.3994522	-1	17800.0	Suspect related to Spectral Match to Nonaethylene glycol from NIST14 (predicted molecular formula SIRIUS: unknown / BUDDY: unknown) with delta m/z -30.047 (putative explanation: nan (reverse); atomic difference: -2C,-6H) [M+H]+
17291	736.4294211792476	2.3997555	70		
16472	752.9226923825104	2.4006398	165		
17360	1019.5229967259164	2.401047	-1		
17135	922.49388721782	2.401188	76		
17002	747.4207025151462	2.4013138	-1		
17149	753.9248445040995	2.4015636	165		
17158	978.563342498098	2.4016037	637		
16983	555.3268460584371	2.402948	-1		
17159	877.4451703131357	2.4032495	-1		
17122	687.382942558924	2.4032972	534		
17090	582.2984317538501	2.4033206	-1		
17184	753.4237222356037	2.4037783	165		
17353	680.3524231905038	2.4039214	-1		
17641	658.3206239732367	2.4051275	19		
17150	574.331405355053	2.405205	1100		
17132	744.941880583849	2.4058447	70		
17140	1272.6114218627629	2.406384	27		
17183	489.7846462218562	2.406498	637		
17017	532.313070681653	2.4067998	1290		
16751	761.9369206861228	2.4072306	165		
17190	437.2533375241315	2.4073603	1401		
17189	830.4507937733727	2.411565	-1		
17242	829.4483547640632	2.4127984	183		
17191	1049.551761584718	2.4135365	-1		
17474	761.4194139681925	2.4147546	29		
17652	754.427038278341	2.4149055	165		
17212	524.7785227373728	2.4149656	-1		
17231	790.3811587835876	2.4149964	-1		
17233	1063.517316257081	2.4152162	-1		
17215	1025.5660179530091	2.4154243	214		
17192	1064.5241665518147	2.4165227	-1		
17180	731.3502447627945	2.4169412	163		
17377	1103.5861963388456	2.417091	75		
17210	524.2768930421013	2.4172263	61		
17250	763.9130225000899	2.418406	165		
17249	452.2771726237555	2.4186323	-1		
17199	513.2873258181819	2.4188583	-1		
17257	532.2600129987079	2.4189327	-1		
17155	764.4142128937118	2.4190173	165		
17241	859.4575076120841	2.4196708	183		
17223	1047.546005235609	2.4198623	324		
17272	976.5122771915406	2.4207327	75		
17334	902.461627346902	2.4237661	27		
17294	622.3223871136204	2.4238648	10		
17306	623.3275231138348	2.4239113	-1		
17323	723.4213125907601	2.42407	-1		
17734	992.4859495937222	2.4266648	85		
18063	784.4911062161536	2.4275162	1336		
16759	730.8491100444863	2.4281123	163		
17237	401.26196102031287	2.4281523	-1		
17304	467.3007048842008	2.428282	-1	17304.0	Suspect related to Decaethylene glycol tridecyl ether (predicted molecular formula SIRIUS: unknown / BUDDY: unknown) with delta m/z -176.106 (putative explanation: PEG repeat unit x4 (reverse); atomic difference: -8C,-16H,-4O) [M+H]+
17333	1101.580334955451	2.428724	75		
17299	1056.5599192681286	2.4299557	280		
17188	645.323130489134	2.430161	-1		
17332	916.5672266094114	2.4301574	444		
17376	550.7914262256718	2.4304585	75		
17366	739.362516784388	2.4308875	163		
17896	1000.5444119034884	2.431134	-1		
17311	785.8957809000935	2.4319212	-1		
17371	501.2576663755536	2.432728	1373		
17145	774.9036498893147	2.4336872	-1		
17441	395.7445079401891	2.43377	-1		
17094	1114.6168908091408	2.434098	-1		
17422	1024.494999748044	2.434429	-1		
17354	284.1392470609902	2.4347122	81	17354.0	Suspect related to NCGC00380229-01_C14H15N3O2_2,5-Piperazinedione, 3-(1H-indol-3-ylmethyl)-6-methyl- (predicted molecular formula SIRIUS: C16H17N3O2 / BUDDY: C16H17N3O2) with delta m/z 26.016 (putative explanation: Acetaldehyde +26|Ala->Pro substitution|unspecified; atomic difference: 2C,2H|2C,2H|2C,2H) [M+H]+
17355	1023.4935075723362	2.4350264	-1		
17351	243.07610950835925	2.4351819	373		
17327	1135.634883851715	2.4365	1106		
17363	559.3041224937782	2.4370909	75		
17359	1100.5767435413848	2.4379134	75		
17405	1001.5097370648488	2.4393144	75		
17368	605.3721670050938	2.4400585	304		
17364	358.2285789298306	2.4404697	-1		
17450	1004.5141109329992	2.4406948	-1		
17390	569.7651722798183	2.4414015	-1		
17625	709.4085048974273	2.4426842	165		
17420	649.3326115297401	2.442993	178		
17462	1138.5312405993402	2.4442546	-1		
17399	715.4495854904952	2.4444082	60		
17614	723.6983738832363	2.4444492	496		
17407	748.3396640554216	2.446079	-1		
17381	1003.5147958196682	2.4463804	613		
17429	724.4059334195962	2.4470034	75		
17431	806.4082734937787	2.4473753	367		
17427	770.425253206946	2.4479623	408		
17435	1171.6122137760756	2.4483948	-1		
17417	725.4076460617822	2.4524934	-1		
17640	558.328859133032	2.453109	70		
17683	870.4629222869733	2.4531908	977		
17207	799.4761753745291	2.4536273	538		
17252	886.5204532731032	2.454982	-1		
18334	393.2281038307705	2.4562042	1401		
18344	747.3357027659054	2.4561858	163		
17493	561.7827472072968	2.457938	1177		
17559	588.3069605515136	2.4608276	-1		
17522	1017.5692800661012	2.460948	22		
17544	765.9046793319066	2.4610188	22		
17658	761.4353750682528	2.4613786	165		
17483	1122.5590283989698	2.4621096	476		
17546	530.2976341060448	2.462469	22		
17554	1096.6063057362558	2.465085	64		
17387	1106.5536896663716	2.4653964	85		
17695	345.2208358358328	2.466731	60		
17712	1085.04338993567	2.4673302	-1		
18396	604.3443180175409	2.468178	534		
17611	1007.5154473791556	2.468352	-1		
17574	568.2515455770287	2.4686322	-1		
18346	1029.0615252801078	2.4686096	22		
17195	738.3582590983076	2.468925	163		
18374	1018.0697396912984	2.4692523	22		
17581	878.4408340860863	2.4697602	85		
17553	747.4218704276587	2.4705925	70		
17425	1028.5616935258292	2.470578	22		
17636	798.4796123475788	2.471852	742		
17490	1037.5616269507077	2.4719446	-1		
17547	746.8710717448605	2.4723153	163		
17410	797.4793196314338	2.472605	505		
17579	686.3710189299488	2.4731145	1406		
18470	1059.588142026642	2.4740074	22		
17758	746.371554355391	2.474364	163		
17815	576.3512333223757	2.4747293	1037		
17496	766.4057344306508	2.4748056	22		
17535	727.3997643811315	2.4749794	-1		
17123	737.8568538930749	2.4756591	163		
17437	1107.5514615186655	2.4758027	85		
18477	1081.570633618429	2.4763982	178		
17585	685.3665074270518	2.4791465	1406		
17317	999.020374109257	2.480797	56		
17782	723.3630919871215	2.4808607	496		
17634	356.2179716642629	2.4809287	884	17634.0	Suspect related to Spectral Match to PyroGlu-Ile from NIST14 (predicted molecular formula SIRIUS: C17H29N3O5 / BUDDY: C17H29N3O5) with delta m/z 113.085 (putative explanation: Acetyldeoxyhypusine|Serine; atomic difference: 6C,11H,1N,1O|6C,11H,1N,1O) [M+H]+
17326	999.522166616387	2.4819937	56		
17552	552.2795076032631	2.483993	178		
17742	758.9100513723039	2.4846551	29	17742.0	Suspect related to Contaminants septum vial Thermo C4000-53 and C4000-54 serie (predicted molecular formula SIRIUS: C37H55N7O10 / BUDDY: C41H59NO12) with delta m/z 222.235 (putative explanation: unspecified; atomic difference: unspecified) [M+H]+
17874	764.915511586562	2.4851766	165		
17672	459.2672558768489	2.4873712	-1		
17701	379.70763863445694	2.4878652	401		
17639	408.2514594224139	2.4884489	-1		
17680	728.4349798308333	2.489531	101		
17718	818.408372583351	2.490616	-1		
17715	796.4291129892194	2.4927735	90		
17675	926.500546233376	2.4928734	731		
17729	474.2910694862717	2.4930704	-1	17729.0	Suspect related to Spectral Match to Decaethylene glycol from NIST14 (predicted molecular formula SIRIUS: unknown / BUDDY: unknown) with delta m/z 13.979 (putative explanation: Thr->Asp substitution|Tryptophan oxidation to oxolactone|aldehyde and ketone modifications|hydroxylation difference carboxylation|proline oxidation to pyroglutamic acid|Oxidation, epoxidation; atomic difference: -2H,1O|-2H,1O|-2H,1O|-2H,1O|-2H,1O|1O,-2H) [M+H]+
17713	1018.6296390754568	2.493017	1077		
17841	990.532745452824	2.4934757	75		
17959	687.3841794247586	2.494282	534		
17733	772.4229639340961	2.4944506	367		
17751	930.550418464637	2.494461	-1		
17670	760.4137213803299	2.4954157	29		
17790	795.4250902886298	2.4961116	90		
17748	759.4129821179837	2.4965146	29	17748.0	Suspect related to Contaminants septum vial Thermo C4000-53 and C4000-54 serie (predicted molecular formula SIRIUS: C37H55N7O10 / BUDDY: C41H59NO12) with delta m/z 222.235 (putative explanation: unspecified; atomic difference: unspecified) [M+H]+
17741	935.5040581466208	2.497574	-1		
17707	1350.732773842676	2.4984906	22		
17767	710.3699400399667	2.499389	-1		
17693	976.4830311033307	2.4999363	-1		
18600	475.2918646273906	2.500156	1005		
17950	1000.5418930780942	2.5003257	-1		
17688	817.4054228788837	2.5041392	-1		
17318	975.4787661922296	2.5041518	-1		
17612	540.3759347163382	2.5047817	13		
17808	901.4612615117004	2.5049293	56		
17938	754.441412313901	2.5050895	742		
17822	960.5965998888588	2.5051534	1500		
17744	689.4349422693678	2.506219	60		
17826	989.4936888471956	2.5079691	27		
17478	615.307374946539	2.5082085	-1		
17842	981.4869052445538	2.5084183	-1		
17890	828.5166350948864	2.5091143	-1		
17479	900.9581336760892	2.5100892	56		
17839	614.3036690994873	2.5130715	230		
17682	758.4097453237962	2.5131035	29	17682.0	Suspect related to Contaminants septum vial Thermo C4000-53 and C4000-54 serie (predicted molecular formula SIRIUS: C37H55N7O10 / BUDDY: C41H59NO12) with delta m/z 222.235 (putative explanation: unspecified; atomic difference: unspecified) [M+H]+
17886	970.5014899391086	2.514349	1181		
17691	625.3328211694444	2.5145216	150		
17852	614.8627111959818	2.514599	230		
17942	376.2230614817579	2.5152535	-1		
17739	892.948027215819	2.5166752	56		
18283	761.9370249994004	2.5173423	165		
18893	780.389443017599	2.517672	19		
17297	423.2748887957351	2.5179625	-1		
17766	883.4691034952814	2.518514	-1		
17708	750.4162156811799	2.5192387	-1		
17980	992.4830656892458	2.5195456	85		
17940	414.7615680541272	2.5196865	-1	17940.0	Suspect related to Spectral Match to Nonaethylene glycol from NIST14 (predicted molecular formula SIRIUS: unknown / BUDDY: unknown) with delta m/z 0.964 (putative explanation: unspecified; atomic difference: unspecified) [M+H]+
18078	859.4588013255676	2.5197089	183		
17911	821.4412613612574	2.5200522	304		
17914	574.3286468305864	2.520325	1100		
17873	716.3449677107997	2.5203533	41		
17877	534.2929460176556	2.5205746	-1		
17909	838.467537999303	2.5206451	304		
17924	843.4226384560124	2.520958	900		
17946	971.5012975881924	2.521002	-1		
17901	972.5018539113236	2.5211742	-1		
18034	594.3294748141803	2.522166	512		
17447	627.3513991529045	2.523292	308		
17807	489.31090948615866	2.5252888	-1		
17999	865.4019909609577	2.5256279	-1		
18328	763.9135645773738	2.5257456	165		
17598	892.4476617450523	2.5257587	56		
17933	505.30225997210295	2.5260317	-1		
17929	618.8432447727868	2.5269995	-1		
18825	866.4982323527304	2.527716	304		
17465	614.3606518191697	2.528064	230		
17948	554.3912104214739	2.5280848	-1		
18999	859.3937466261476	2.528835	-1		
18150	489.7849717171274	2.5290318	637		
17906	670.4281452003981	2.529535	810		
17881	572.3461332652936	2.5332468	70		
18037	622.3229703039035	2.535652	10		
18186	828.3904981112075	2.5369742	-1		
17963	903.4370734470612	2.537277	-1		
17432	993.470004653576	2.5374851	85		
18096	978.5651091443018	2.538081	637		
17867	777.3774211733107	2.5383487	-1		
18065	994.4646970741665	2.5389225	85		
18243	803.9494841826489	2.539032	-1		
17995	624.8285623961738	2.5405037	150		
18262	724.3530361260317	2.5421014	41		
17869	1012.5129228535736	2.542161	-1		
17610	715.8443831083558	2.5426035	41		
18196	829.4476283128791	2.5427287	183		
17876	765.4878901328606	2.5434475	115	17876.0	Suspect related to val-leu-pro-val-pro-gln (predicted molecular formula SIRIUS: C37H64N8O9 / BUDDY: C41H68N2O11) with delta m/z 113.085 (putative explanation: Acetyldeoxyhypusine|Serine; atomic difference: 6C,11H,1N,1O|6C,11H,1N,1O) [M+H]+
17699	1187.612859366758	2.5436864	75		
18313	1056.5583921081911	2.544182	280		
17967	881.4388952594599	2.544481	-1		
17606	1112.601651538032	2.54452	64		
17934	636.3397379381672	2.54479	258		
18422	501.2577791947768	2.5455756	1373		
18041	785.8979575215926	2.547209	-1		
18158	851.4917639497056	2.547669	520		
18003	731.3509504931133	2.5489497	163		
17588	497.2378927575705	2.550088	85		
18133	722.8773257685401	2.5504467	-1		
18164	680.3993275302973	2.5512226	115	18164.0	Suspect related to val-leu-pro-val-pro-gln (predicted molecular formula SIRIUS: C27H53N9O11 / BUDDY: C37H53N5O7) with delta m/z 27.995 (putative explanation: Formylation|Ser->Asp substitution|Thr->Glu substitution; atomic difference: 1C,1O|1C,1O|1C,1O) [M+H]+
17629	594.3095811044481	2.5512316	-1		
18146	975.4576094420316	2.5514722	85		
18240	703.3816410758272	2.5518112	-1		
17589	556.8039028619738	2.552113	-1		
17962	768.8619824850059	2.5524058	-1		
18197	629.3640492794669	2.552741	195		
18209	415.2414849601946	2.5529366	-1		
18466	774.9047415858954	2.5539525	-1		
18157	997.4361831578289	2.5544395	-1		
18253	641.3288393884433	2.5550768	587		
18202	702.381288972505	2.555303	-1		
18188	485.27650683504856	2.556507	-1		
18216	511.2786548967801	2.5579045	-1		
18206	784.4271072030698	2.5601685	794		
18208	538.3243251094538	2.5616348	13		
18053	1134.58335958239	2.5631058	-1		
18535	187.08655376690623	2.564543	-1		
18353	1017.5654553065916	2.5647247	22		
18201	651.3467364300149	2.564868	926		
18285	287.1965013945604	2.5651186	-1		
18225	222.11260389981348	2.5652833	-1		
18315	918.4394761262688	2.5658984	27		
18287	481.2800890105525	2.5659642	-1		
18385	985.5556713171192	2.5668976	-1		
18263	752.9233432355211	2.5674212	165		
18678	764.4152166137658	2.5684755	165		
18495	1023.4946987721302	2.5685978	-1		
18309	806.4067682623007	2.5696619	367		
17720	842.4984867371905	2.5698981	342		
18483	1004.5162332780056	2.5709486	-1		
18304	918.94578639754	2.5709717	27		
18383	724.4084192611625	2.5731015	75		
18543	1157.5883417827838	2.573225	27		
18318	909.9317632165216	2.5733361	27		
18301	601.2811850174083	2.5742493	-1		
18044	372.2499110299845	2.5744472	-1		
18302	910.4311456522768	2.574438	-1		
18342	496.3042562619539	2.5746439	-1		
18335	961.6090029173384	2.5748966	874		
18566	796.4275140844261	2.5750048	90		
18652	798.4783130152442	2.5752084	742		
18321	753.4232630004815	2.576101	165		
18398	974.5762028813826	2.576087	259		
18372	395.7105974481031	2.5773764	-1		
17850	579.296953549639	2.5798154	27		
18587	739.3630703396767	2.5806665	163		
18515	790.4123239841755	2.5806947	450		
18449	1084.6061970627873	2.5817845	-1		
17768	430.2655435177202	2.5820096	-1	17768.0	Suspect related to Spectral Match to Decaethylene glycol from NIST14 (predicted molecular formula SIRIUS: unknown / BUDDY: unknown) with delta m/z -30.047 (putative explanation: nan (reverse); atomic difference: -2C,-6H) [M+H]+
18591	878.440253230646	2.582005	85		
18428	511.3278625057385	2.58229	-1	18428.0	Suspect related to Decaethylene glycol tridecyl ether (predicted molecular formula SIRIUS: unknown / BUDDY: unknown) with delta m/z -132.079 (putative explanation: PEG repeat unit x3 (reverse); atomic difference: -6C,-12H,-3O) [M+H]+
18539	649.2967234864898	2.5838199	-1		
17823	687.3333802746295	2.584241	27		
18450	542.8058424924199	2.5843024	-1		
18259	792.4209510660357	2.584957	-1		
18501	946.5042653640284	2.5857623	75		
18475	627.3149859799462	2.585909	308		
18486	968.4827629862024	2.5860035	-1		
18479	1004.6231617583624	2.58625	1500		
18570	553.2867057706816	2.5867007	85		
18530	812.3951075255906	2.5870209	-1		
18557	879.4255295298548	2.5875416	85		
18551	730.851261285762	2.5879312	163		
18306	519.245976378928	2.591937	-1		
18111	821.4500772173426	2.5919619	-1		
18574	622.368170404953	2.5933998	-1		
18365	1329.6325138186337	2.5937932	-1		
18554	608.8414432227373	2.5942822	-1		
18260	604.3748990183465	2.5943305	871		
18604	858.4832861293255	2.5943613	636		
18452	609.3481934318211	2.5947158	-1		
17848	701.4366597027425	2.5948272	-1		
18670	709.4259432811073	2.5952656	-1		
18437	896.5276945125403	2.595598	64	18437.0	Suspect related to Peptide with possible PPQVV seq, Possibly media derived (predicted molecular formula SIRIUS: C45H69N9O10 / BUDDY: C47H77NO15) with delta m/z -129.044 (putative explanation: Nmethylmaleimidehydrolysis (reverse)|Photo-induced Proline adduct (reverse)|monoglutamyl (reverse)|nan (reverse); atomic difference: -5C,-7H,-1N,-3O|-5C,-7H,-1N,-3O|-5C,-7H,-1N,-3O|-5C,-7H,-1N,-3O) [M+H]+
18536	828.3648644157141	2.5960853	-1		
18417	637.429250126393	2.5963414	304		
18758	448.27391239270816	2.5980003	-1		
18377	659.408852149356	2.5980334	-1		
18524	1001.5117434576454	2.5982983	75		
18016	895.542494310376	2.5988324	64		
18635	658.3226631194813	2.5991726	19		
18700	661.3359438337656	2.5994923	195		
18473	864.5549873215286	2.6000419	374		
18627	692.3994701199837	2.6001716	1015		
18676	1315.640460526698	2.6008718	-1		
18607	714.3825375239124	2.6011057	6		
17964	872.5443964349021	2.6031766	1224		
18641	941.980767944048	2.6035686	-1		
18697	356.2182393886358	2.6039524	884	18697.0	Suspect related to Spectral Match to PyroGlu-Ile from NIST14 (predicted molecular formula SIRIUS: C17H29N3O5 / BUDDY: C17H29N3O5) with delta m/z 113.085 (putative explanation: Acetyldeoxyhypusine|Serine; atomic difference: 6C,11H,1N,1O|6C,11H,1N,1O) [M+H]+
18772	1106.564880374298	2.6048665	85		
19573	273.180951894588	2.6057532	-1		
18834	1003.517927032348	2.6071792	613		
18007	445.288645950531	2.6086807	-1	18007.0	"""Candidate Trihydroxylated bile acid (delta mass 37.9789; sirius atomic difference: 2C, -2H, 1O; buddy atomic difference: 2C, -2H, 1O)"""
19384	857.4817629817404	2.6090407	636		
18735	657.3989690628528	2.609321	70		
18270	871.4924901929763	2.6096668	183		
18801	584.2932030471513	2.6124687	1965		
19031	828.5170618466097	2.613353	1224		
18029	1105.5692815756945	2.6144633	85		
18823	863.4278826423957	2.615466	187		
18668	580.3124983565499	2.6162608	-1		
18807	473.27604546706857	2.6164508	22		
18957	877.4844705072338	2.617047	-1		
18876	709.3136072707579	2.6173527	-1		
18648	724.3915120317705	2.6175792	-1		
18683	1376.669353198506	2.6184468	27		
18126	537.8079235105984	2.6190832	57		
17840	687.8343431437194	2.6192648	27		
19018	838.4674550563037	2.6192753	304		
18819	606.2748906530309	2.6200497	-1		
18802	464.2141069108808	2.6203754	-1		
19658	795.4247563292464	2.622504	90		
18833	486.19658290894296	2.6229362	-1		
19027	975.479619760706	2.6233628	-1		
18696	849.4309948161375	2.6234937	147		
18817	505.21078723476165	2.6237383	-1		
18830	758.449366157148	2.6239638	-1		
19047	737.8572118305797	2.6240752	163		
18919	160.0758340967672	2.6254234	-1		
19239	577.3166927574633	2.6272695	-1		
18672	744.9425423216035	2.627795	70		
18267	526.8166823814362	2.6278238	132		
18878	530.297380832528	2.62788	22		
18895	225.13888825778108	2.62868	-1		
18846	1375.6651508035432	2.6294537	27		
19075	738.358764183244	2.6298032	163		
18272	1052.6267348298195	2.6304638	944		
18983	714.2911637155149	2.6310685	-1		
18887	1374.663316100991	2.6310308	27		
18811	645.324131817849	2.6315336	-1		
18990	821.4451906584254	2.6316872	304		
19124	746.3709370415581	2.6324778	163		
18885	321.1424930318097	2.6336489	-1		
19045	1375.1565222765284	2.6336868	27		
19087	576.3515891595757	2.6341176	1037		
19070	1126.6178949453458	2.635246	64		
18946	311.080135517643	2.635668	26	18946.0	Suspect related to Massbank:AU101702 Sulfamethizole|4-amino-N-(5-methyl-1,3,4-thiadiazol-2-yl)benzenesulfonamide (predicted molecular formula SIRIUS: C12H14N4O4S / BUDDY: C12H14N4O4S) with delta m/z 40.047 (putative explanation: unspecified; atomic difference: unspecified) [M+H]+
18932	855.4993797874116	2.636026	70		
19234	748.8495666279472	2.6368191	-1		
18485	850.4360495543439	2.6368358	-1		
19046	694.4108860694801	2.637879	115		
19013	970.5014765737928	2.639694	1181		
19410	999.5204095568686	2.6400275	56		
18414	848.9296847436989	2.6401014	147		
18997	458.1957359821218	2.6414807	-1		
17752	695.8462010574316	2.6416662	27		
18343	437.2539461090371	2.6419587	1401		
18967	524.2777223459642	2.6427279	61		
18995	567.243210830031	2.6447916	-1		
18827	1106.5555226376223	2.6468174	85		
19399	922.1166790721496	2.646956	27		
18430	698.3233126662485	2.6469953	177		
18458	1373.6602403617867	2.6477647	27		
19117	1063.5191059768708	2.6480398	-1		
19077	243.0765477674603	2.6483135	373		
19232	778.4215087798195	2.6483147	-1		
18492	1395.6428439128404	2.6496654	-1		
19381	715.3887966075331	2.649926	-1		
19164	799.472084119218	2.6503282	538		
18993	545.262902912285	2.6505718	-1		
19080	215.11804371295003	2.6506696	1281		
19094	503.2917423961456	2.6510746	-1		
19097	766.9201430854907	2.6518388	-1		
19114	532.7621572508549	2.6521175	-1		
19266	639.3489616652729	2.6522233	1641		
19093	754.4529339837183	2.652554	70		
18534	706.3069698497562	2.653304	-1		
19303	631.3452384300873	2.6541631	-1		
19177	775.4387963622362	2.6542182	-1		
19138	776.4357688223664	2.6544232	-1		
19334	900.9592478410216	2.6550047	56		
19119	893.4701845984991	2.655457	19		
20545	1374.161584529048	2.6560771	27		
18861	772.4246890853915	2.6565316	29		
19294	1064.5310167049877	2.6565056	56		
19256	716.3453074943195	2.6566114	41		
18494	1237.6210471314998	2.6594172	-1		
19175	518.3177299585361	2.6602364	-1	19175.0	Suspect related to Spectral Match to Decaethylene glycol from NIST14 (predicted molecular formula SIRIUS: unknown / BUDDY: unknown) with delta m/z 58.005 (putative explanation: Ala->Glu substitution|Gly->Asp substitution|Iodoacetic acid derivative|unspecified|unspecified; atomic difference: 2C,2H,2O|2C,2H,2O|2C,2H,2O|2C,2H,2O|3N,1O) [M+H]+
19143	436.2500139425534	2.6603928	-1		
19157	843.4236028645772	2.6606922	900		
19386	1049.5542196150254	2.660739	-1		
19091	1103.5861400995684	2.6611252	75		
18840	1101.0796447535631	2.6618707	75		
19196	949.5459831171094	2.6621444	142		
19184	958.060368893362	2.662179	142		
19521	627.3164537604456	2.6623678	308		
19453	718.382230164502	2.6639779	-1		
19486	539.8228753172547	2.6646729	27		
19021	809.4689463335083	2.664887	-1		
19539	1112.601646669216	2.6648567	64		
19247	533.3411630229377	2.6650608	-1		
19309	1048.6484323375482	2.6652195	-1		
19053	999.0208928314696	2.6653204	56		
19089	1038.5491403554038	2.6653426	-1		
18558	1047.5491778058242	2.6663773	-1		
19691	1027.5724957288703	2.6664248	234		
19501	1201.6256837670328	2.668006	75		
18550	1025.5671603273113	2.6681292	214		
18978	736.9316441777044	2.6682124	70		
19181	949.0447468370826	2.6686006	-1		
19361	513.2870393303274	2.6692934	-1		
19198	957.5601241323968	2.6709409	142		
19096	605.3728232079194	2.6710315	304		
19280	227.1754461674206	2.671156	-1		
18440	747.4223762371918	2.6711442	673		
19323	599.8435313266351	2.6714602	-1		
19279	742.4536634184465	2.6717727	-1		
19515	977.5186838325508	2.672543	-1		
19557	640.33324771059	2.6733227	1092		
19359	1012.547943663033	2.6734245	-1		
19397	994.4617472157348	2.6737604	85		
18674	976.5147952498596	2.6739252	75		
19311	627.3536784503153	2.6740403	308		
19600	601.3165906828985	2.6741304	-1		
19369	961.5278443538024	2.674644	-1		
19257	380.2639869182053	2.675409	-1		
19430	982.4964780056374	2.6754968	-1		
18650	1272.6131742696225	2.6755612	27		
19378	540.3758444162261	2.6762881	13		
18872	747.9223457036913	2.6763434	70		
18482	715.4498514335969	2.6764705	-1		
18858	737.433247089487	2.6767662	70		
19345	609.3598051656455	2.676852	238		
19525	892.9489818114768	2.6769693	56		
19519	901.4629201785528	2.6775703	56		
20374	765.4863045619319	2.677847	374		
18560	452.2776798453177	2.6783943	-1		
18749	636.8083632634812	2.6783772	27		
19576	724.3555602310108	2.678813	-1		
19251	1107.5525951762634	2.6790154	85		
18849	745.4445182649081	2.6797783	70		
19405	1010.012890993197	2.6801069	-1		
19363	971.5275964212628	2.6802316	-1		
18514	1101.5803755804	2.6802382	75		
19243	574.3053172029805	2.6808388	825		
18785	736.4309772161195	2.6810217	70		
19601	715.8456115979835	2.682251	41		
19389	960.530231571392	2.6826632	142		
19637	680.4025448106953	2.6843226	115	19637.0	Suspect related to val-leu-pro-val-pro-gln (predicted molecular formula SIRIUS: C27H53N9O11 / BUDDY: C37H53N5O7) with delta m/z 27.995 (putative explanation: Formylation|Ser->Asp substitution|Thr->Glu substitution; atomic difference: 1C,1O|1C,1O|1C,1O) [M+H]+
19503	744.9437650228438	2.685993	70		
18693	685.3672989734736	2.6867394	1406		
19533	723.4203753434932	2.6875467	-1		
19144	475.25606840708014	2.6876655	-1		
19236	736.8712438272212	2.6878886	70		
19426	707.3901569098973	2.689992	717		
19498	506.7779279048772	2.6902938	-1		
19647	363.23756602383867	2.6919446	679		
19229	1101.077569006546	2.6923187	75		
18806	471.79239188389465	2.692675	-1		
19095	758.4108592221157	2.6944118	29	19095.0	Suspect related to Contaminants septum vial Thermo C4000-53 and C4000-54 serie (predicted molecular formula SIRIUS: C37H55N7O10 / BUDDY: C41H59NO12) with delta m/z 222.235 (putative explanation: unspecified; atomic difference: unspecified) [M+H]+
19517	909.4504356952432	2.6950667	-1		
19568	553.2892886245676	2.6951802	85		
19560	887.4663788593459	2.6953442	75		
18808	916.5698549636932	2.6955204	1336		
19909	614.3620624989071	2.6961164	34		
18986	568.3229850415593	2.696573	-1		
18814	569.7661192849528	2.6967134	1941		
19535	705.8845986875954	2.69713	-1		
19435	993.4731616612364	2.6974466	85		
18848	550.7927178238175	2.6975105	75		
19141	202.1439453834851	2.6978965	102	19141.0	Suspect related to Ala-Met (predicted molecular formula SIRIUS: C9H18N2O3 / BUDDY: C9H18N2O3) with delta m/z -17.956 (putative explanation: Met->Leu/Ile substitution; atomic difference: 1C,2H,-1S) [M+H]+
18847	1100.5785204285164	2.6979606	75		
18860	559.3056969819353	2.6982453	75		
19079	1135.6374395688624	2.6994035	1106		
19447	489.3077327112056	2.699905	-1	19447.0	Suspect related to Spectral Match to Ile-Pro-Ile from NIST14 (predicted molecular formula SIRIUS: unknown / BUDDY: unknown) with delta m/z 147.069 (putative explanation: Phenylalanine; atomic difference: 9C,9H,1N,1O) [M+H]+
19512	983.5219658623377	2.6998792	-1		
19497	1097.6134605470645	2.7002563	-1		
19542	687.3331133061029	2.7014332	27		
19473	509.7899734203775	2.7015479	-1		
19335	998.495942646736	2.7020435	-1		
19625	1106.553527999185	2.7021945	85		
18829	467.3013928944113	2.7026505	-1	18829.0	Suspect related to Decaethylene glycol tridecyl ether (predicted molecular formula SIRIUS: unknown / BUDDY: unknown) with delta m/z -176.106 (putative explanation: PEG repeat unit x4 (reverse); atomic difference: -8C,-16H,-4O) [M+H]+
19567	728.4353553011576	2.7033684	-1		
19409	718.8860601314325	2.7040246	-1		
19669	606.3120441123983	2.7046018	-1		
19764	1138.5335643222948	2.7050407	-1		
19337	458.78788627172753	2.706621	-1		
19632	1108.5501977654458	2.7074971	-1		
19011	1122.560782737573	2.7080991	-1		
18843	561.7834424623077	2.7082355	1177		
19544	553.7798736840871	2.7088597	85		
19680	692.4018349673995	2.7103682	1015		
19978	445.2889544130993	2.7111838	-1	19978.0	"""Candidate Trihydroxylated bile acid (delta mass 37.9789; sirius atomic difference: 2C, -2H, 1O; buddy atomic difference: 2C, -2H, 1O)"""
19566	625.3321135316882	2.7129953	150		
19694	1144.5422645585872	2.7130268	-1		
20438	805.389910447677	2.7146451	-1		
19840	1157.5905204299445	2.714772	27		
19651	541.265097613801	2.7151914	-1		
19704	1202.6262927600758	2.715358	-1		
19708	673.315487960534	2.7154574	-1		
19677	651.3372016498921	2.716355	27		
19687	584.3307785296699	2.7165093	1231		
19839	579.2977607160096	2.7165585	27		
19340	1096.6094791256153	2.7165625	234		
20014	971.0257035805708	2.720707	-1		
19832	1376.6694209912152	2.720875	27		
19719	920.4623779541604	2.722469	233		
19666	572.7752643633015	2.7227776	70		
19233	644.4142280090387	2.722852	60		
19886	1125.5700529090705	2.723603	-1		
19727	459.2676819185759	2.7258017	-1		
19995	657.398541217762	2.7269335	70		
19770	663.8655786915234	2.7274368	-1		
19914	1179.5700659320146	2.7286034	-1		
20126	572.3456067246553	2.728726	70		
19902	583.7660258135118	2.7295225	-1		
20088	999.521967452528	2.730373	56		
20186	537.8081218707625	2.7310412	57		
19490	597.8083547980633	2.7313008	150		
20110	849.4318128744607	2.7324848	147		
19872	605.8728678736587	2.73305	304		
20005	1375.156315097587	2.7340784	27		
19684	641.3297060104934	2.7356594	587		
20098	643.3469274096716	2.7365046	571		
19965	922.4548156867312	2.7366626	27		
19943	525.3085451878301	2.7368917	-1		
19771	892.4473310136273	2.736859	56		
20040	385.2202141307418	2.7373657	-1		
19696	519.2827685811125	2.73869	-1		
20070	879.4229737567441	2.7389388	85		
19986	573.348809612958	2.741843	70		
20025	459.76966609603335	2.742757	-1		
20017	559.8073832282164	2.744676	75		
20013	1105.569820272991	2.7463663	85		
20193	747.9236560795456	2.747679	70		
19932	670.4304404065425	2.7489998	810		
19947	604.371840485665	2.7500553	871		
19938	888.4232766263638	2.7501996	-1		
20203	552.3762085917688	2.7510726	22		
20104	473.2770007426783	2.7517967	22		
20202	1063.5218682187988	2.7517552	-1		
19357	593.3341449311539	2.7521076	717		
19982	647.3685070781215	2.7521303	-1		
19966	671.4144236313459	2.752661	-1		
20354	1052.6261733231954	2.7538908	944		
19994	555.3539365452067	2.7544923	-1		
20052	1092.6738321903852	2.754527	-1		
20158	772.4167595565247	2.754714	206		
20137	1375.6645391143898	2.7559528	27		
20031	624.2465776977554	2.7561994	19		
20631	602.2644160298408	2.7568946	344		
20038	604.2652265554734	2.757459	-1		
19893	412.1853961975588	2.757482	-1		
20166	1018.6316942221806	2.757782	1077		
20103	1107.55044879713	2.758035	85		
20035	640.2201628151838	2.75816	-1		
20057	626.2483144923267	2.7585812	-1		
20085	625.249680727346	2.7588792	19		
20187	590.3307813010792	2.759113	-1		
20055	1142.6313336721494	2.760076	-1		
20576	883.4703103855837	2.7608216	-1		
20079	1374.660732844986	2.7609448	27		
19976	734.9173946319411	2.7612605	-1		
20255	736.9326483127243	2.7618024	70		
19922	540.3310011220486	2.7625735	-1		
20225	775.3889791557904	2.7626772	-1		
20121	1285.6881583991633	2.7626996	1172		
20090	903.437142347356	2.7637072	303		
19467	930.5515361056888	2.7650487	259		
20023	991.5386909289437	2.7653644	-1		
20095	1307.6673402129102	2.765827	-1		
20021	392.2163974861471	2.7662535	-1		
20125	605.3718018775706	2.7674427	304		
20004	491.2495606328373	2.767883	-1		
20161	1172.6207123615472	2.7681623	-1		
20410	747.4235538893847	2.7683024	673		
20154	654.3384608295089	2.768771	61		
20177	689.9003328930934	2.7694924	-1		
20141	595.3304818447382	2.769546	-1		
20176	774.8882734644841	2.7701006	969		
20009	370.234458197596	2.7707765	216		
20272	695.8471018186283	2.7707534	27		
20132	594.3300101264554	2.7712624	512		
20195	643.8486992277575	2.771423	571		
20156	689.3990681047519	2.771569	157		
19984	469.267914287591	2.7725992	-1		
20290	602.3188650261723	2.7726395	-1		
20168	477.2707387436095	2.7733068	-1		
20229	451.2558709693029	2.773351	-1		
20123	764.4019323654363	2.7735045	206		
20170	1103.5859917238265	2.7735658	75		
19813	696.467932130675	2.777177	-1		
20072	390.2030463484341	2.7773645	-1		
20348	1373.6617065294402	2.7775288	27		
20063	700.3985670371213	2.7782598	57		
19596	474.2917988385704	2.7789044	-1	19596.0	Suspect related to Spectral Match to Decaethylene glycol from NIST14 (predicted molecular formula SIRIUS: unknown / BUDDY: unknown) with delta m/z 13.979 (putative explanation: Thr->Asp substitution|Tryptophan oxidation to oxolactone|aldehyde and ketone modifications|hydroxylation difference carboxylation|proline oxidation to pyroglutamic acid|Oxidation, epoxidation; atomic difference: -2H,1O|-2H,1O|-2H,1O|-2H,1O|-2H,1O|1O,-2H) [M+H]+
20233	538.3250123244361	2.7791643	13		
20486	1025.568607905889	2.7793162	64		
20215	763.8999379398404	2.7795274	206		
20058	465.7784871538005	2.7799375	-1		
20245	785.8782718912971	2.7800956	-1		
20167	455.2872914300875	2.7810411	13		
20675	495.7692644633712	2.782007	-1		
20136	700.8902239760907	2.782039	-1		
19925	646.3559813148976	2.7838452	-1		
21249	990.5338658743896	2.785168	75		
20093	511.27761266464927	2.7857804	118		
20649	1272.613404517526	2.788017	27		
19506	1012.5147360906032	2.789184	-1		
20313	638.3576042677754	2.7895412	871		
20500	698.3254558499002	2.7923388	177		
20185	728.8720006862874	2.7925797	27		
20131	806.4068292240421	2.7930508	-1		
20061	651.3486652382803	2.795699	926		
20431	821.4563798536141	2.7961524	-1		
20448	1084.5647693105875	2.7962275	-1		
19777	1002.5312466206608	2.7981284	-1		
20797	636.808564402652	2.798381	27		
20423	784.42748845424	2.7987213	794		
20316	756.3985665449467	2.7987359	-1		
20406	629.3674790114736	2.7988892	195		
20428	160.07601494347827	2.799579	-1		
19871	576.3511509577015	2.7996013	1037		
20468	641.3307229650719	2.8006012	587		
20787	1106.553023655263	2.8005853	85		
20516	1101.578487260252	2.800692	75		
20471	524.2783340442849	2.8013823	61		
20755	467.3014305330484	2.8015463	-1	20755.0	Suspect related to Decaethylene glycol tridecyl ether (predicted molecular formula SIRIUS: unknown / BUDDY: unknown) with delta m/z -176.106 (putative explanation: PEG repeat unit x4 (reverse); atomic difference: -8C,-16H,-4O) [M+H]+
20699	744.9450850961873	2.8015635	70		
20784	736.4319629128582	2.8022096	70		
20139	946.5071506102996	2.8050194	75		
20541	765.4040159697233	2.8069417	188		
20489	489.3150979408975	2.8072095	-1		
21604	480.8019292647186	2.8081229	-1		
20747	597.3032361513872	2.808623	-1		
21709	586.3116792344543	2.8090348	-1		
20400	709.3612244355679	2.8094552	871		
19807	624.8292376660528	2.8095708	150		
20493	799.474331357188	2.8096962	374		
20355	772.4262819548444	2.8099916	-1		
20474	630.3261971012237	2.8103983	-1		
21596	960.5983437592132	2.810892	-1		
20693	1201.626651297394	2.8112705	75		
20742	569.7668509117394	2.8113608	1941		
20595	902.4616068665722	2.812643	-1		
20502	202.14414790847908	2.8132176	102		
20607	1062.5823821228494	2.8142722	1334		
20402	703.4369743383116	2.814352	-1		
20681	1144.5428018953464	2.8143213	-1		
20260	575.3641934728652	2.8147647	825		
20548	773.9166993194007	2.8173642	-1		
20802	999.5255354825832	2.8184114	56		
20696	975.4589838214274	2.8199737	85		
20534	659.4132848768122	2.821228	-1		
20603	637.4297668492837	2.8224444	-1		
20875	777.3789933794563	2.8248038	27		
20764	550.793380566267	2.8254495	75		
20625	558.2901249626484	2.8257558	-1		
20704	1079.6140397183165	2.8261628	-1		
20765	559.3060026447201	2.827539	75		
20722	777.8803651283664	2.8282292	27		
21001	992.4802945119484	2.828419	85		
20685	997.4386286533856	2.829622	-1		
19861	394.755848130931	2.8304348	-1		
20786	1100.578534021471	2.8306272	75		
20318	900.9606173936304	2.8308117	56		
20317	768.8647623222768	2.8308854	27		
20748	1108.547111609109	2.831326	85		
20284	636.34131515404	2.8320749	-1		
20445	901.463252081662	2.8327937	56		
21256	687.3327660084	2.8330152	27		
20757	513.288004655789	2.8348584	398		
20708	643.3971673369633	2.8349535	727		
20718	215.11833709546764	2.835036	-1		
20587	464.2153441188334	2.8359575	1483		
20689	536.3079416330909	2.8362596	250		
20752	561.7836137677027	2.8372638	1177		
21416	574.3595075189127	2.8381593	825		
20389	619.3454592139377	2.839759	-1		
20691	792.4224006497575	2.8418157	-1		
20796	562.343007504048	2.8428826	432		
20815	607.3351895686563	2.8440976	244		
20735	618.3238476217771	2.8452847	227		
20481	903.9392734726798	2.8462434	-1		
21033	999.02317283758	2.8466613	56		
20800	577.3660046856044	2.8471177	-1	20800.0	"""Candidate Trihydroxylated bile acid (delta mass 168.0727; sirius atomic difference: 9C, 12H, 3O; buddy atomic difference: 8C, 12H, 2N, 1S)"""
20788	1235.6419811541812	2.847814	-1		
20824	584.294348204548	2.8492901	1965		
20589	530.2985484836415	2.8495834	-1		
20487	615.8447161797707	2.8496056	-1		
20938	1136.6999703838983	2.8497734	-1		
20767	639.4440369914565	2.8501315	-1		
20113	395.7112052257046	2.8504426	-1		
20510	224.12645708492187	2.8506653	1142		
20961	828.3678569770465	2.852525	-1		
20267	812.397261354458	2.8528743	178		
20416	961.608924636822	2.853879	874		
20867	885.4889316577406	2.854274	-1		
20099	790.4156179471469	2.8544974	450		
20899	1047.5520148927965	2.8545647	-1		
20478	651.3780398013275	2.8550024	-1		
20513	526.8174727343833	2.855611	132		
21005	892.4483182037334	2.85589	56		
21854	685.3688057863454	2.8563883	1406		
21070	892.9501314807429	2.856626	-1		
20837	1213.6593958825304	2.8570848	75		
21093	572.346322820997	2.8575194	70		
21789	814.4024176956862	2.8582566	-1		
20884	505.21166895232807	2.858441	-1		
21131	605.3700754296336	2.8595152	304		
20909	458.1964686488722	2.8597481	22		
20960	693.3949824589993	2.860527	512		
20935	661.3398225275818	2.8608725	195		
21137	794.4128817507172	2.8613875	-1		
22090	481.2807970741162	2.8617575	-1		
22014	772.4294413036772	2.8623033	29		
21002	773.4310579528413	2.862318	-1		
21143	801.409161424818	2.8628876	183		
21211	714.3662832327071	2.8636124	-1		
21067	542.8070209054716	2.8643134	70		
20967	896.5291794608065	2.8643599	64		
20942	448.7666435914748	2.864556	-1		
21049	794.4139835411574	2.8646147	-1		
20924	227.1757347901454	2.8656967	1954		
21009	487.256228970218	2.8659992	1003		
20969	200.1755058589881	2.866168	880		
21122	903.437341612025	2.866166	303		
20725	962.6129025404224	2.8665233	-1		
21100	571.3313081903636	2.866766	749		
20979	905.4778103203812	2.867943	183		
20996	183.1489677840587	2.8683496	880		
21015	156.13807399443695	2.8683555	32		
21074	553.7968488063194	2.8689404	-1		
20964	834.3782104097281	2.8702166	-1		
20334	1084.610005389001	2.8710606	70		
21176	897.5345391577957	2.8717606	-1		
20992	320.1401831598928	2.872129	-1		
20724	610.255057953856	2.8730674	-1		
22033	946.5077259765004	2.8745766	75		
21642	1106.5888314819615	2.875654	-1		
21617	986.560907995705	2.8760474	-1		
20470	759.4088622658713	2.8765516	-1		
21112	949.0446830772366	2.8777966	-1		
20950	802.5175898722143	2.8778527	8		
21028	968.487624233516	2.878494	-1		
21215	781.3962418293454	2.8788638	-1		
21153	401.7640282288057	2.879119	8		
21082	487.7923475371586	2.880747	396		
20627	511.3290202326781	2.8813524	-1		
21092	728.8705225331	2.8820019	27		
21142	1125.1300063493416	2.8840926	64		
21196	576.3512787284639	2.8846214	1037		
21140	1124.633280785446	2.8848677	64		
21110	1125.6367200213149	2.8865337	422		
21135	581.7939296121345	2.8869772	525		
21155	1146.6152733423307	2.8873644	-1		
21129	562.820466148929	2.8877215	432		
20772	644.4155105973324	2.8879015	-1		
20986	960.5230678608943	2.8881528	-1		
21408	660.3959105654951	2.8896625	115		
21422	475.255905079179	2.8904476	-1		
21218	496.3052113585266	2.8906443	164		
21170	864.5565137661983	2.8921204	-1		
21127	1162.5909573539252	2.8923078	-1		
20988	459.26864295235913	2.8924572	1583		
21260	927.4409237782	2.8924372	-1		
21010	671.4144004595726	2.8940513	101		
21138	949.5451783785794	2.8944037	142		
21066	910.4357707201796	2.8954518	27		
21324	758.4121860218407	2.9005601	577		
21329	287.19711456408044	2.9009166	-1		
21228	1122.5646811130282	2.9023008	476		
21364	453.2720825472777	2.904828	-1		
21334	269.12857370492753	2.904952	-1		
21269	563.3231967666438	2.9057078	432		
21191	1007.55479772301	2.9060621	75		
21458	889.9783897317918	2.906449	75	21458.0	"""Candidate Trihydroxylated bile acid (delta mass 479.1645; sirius atomic difference: 22C, 21H, 7N, 6O; buddy atomic difference: 24C, 25H, 5N, 4O, 1S)"""
21340	445.7454813611913	2.9071577	-1		
21402	863.4317980885952	2.9092274	187		
21307	1005.6270284179336	2.909349	-1		
21204	1096.612844427591	2.9096987	234		
21433	502.81562314498734	2.9137967	-1		
20623	918.4449891679282	2.9143233	27		
21447	918.9486223779184	2.9154634	27		
21495	1004.6251567998715	2.916013	-1		
21386	928.4430852669728	2.916058	-1		
21420	856.506269031876	2.9163344	670		
21634	489.3125221531203	2.9178216	-1		
21711	855.5026485688967	2.9182012	70		
21405	755.4585399289169	2.9184453	670		
21474	909.9336045808568	2.9184453	27		
21457	877.4848949848242	2.9190629	-1		
22585	511.3289922984827	2.919572	-1		
21295	426.7538161009247	2.9219425	-1		
21368	609.3609099542915	2.924819	238		
21342	672.4167909863216	2.9257047	445		
20868	456.23443586798544	2.9262507	423		
21537	754.4543870917431	2.9268808	70		
21803	799.4754934619035	2.9271224	374		
21497	635.8402745056968	2.9275913	-1		
21672	984.4813283762938	2.9279592	-1		
21644	569.3331858551927	2.9287448	-1		
21633	962.4978518446374	2.929916	199		
21590	631.3460812991581	2.9301322	926		
21425	573.8133618296534	2.9304628	61		
21289	1270.6748534395394	2.9305022	-1		
20850	871.4963960439871	2.9315512	183		
21649	835.4604201656228	2.9339464	162		
21734	893.4765418330693	2.9348254	19		
21522	776.4373691516859	2.9359636	-1		
21636	843.4406448224676	2.938787	-1		
21157	982.9907163585564	2.9413815	-1		
21673	584.3556450578544	2.9436383	-1		
21115	1315.644887158792	2.9437256	-1		
21710	933.4439137046132	2.9439673	-1		
20373	300.1712569216704	2.9449449	81		
22052	1316.648452148805	2.9452078	-1		
21716	436.2509255748112	2.9458888	-1		
21767	1180.7236575442496	2.9458568	-1		
21685	599.3790850069479	2.9459639	-1		
21679	658.3240745864189	2.9502063	24		
21696	845.949853635183	2.95051	353		
21850	309.17948489053697	2.9511552	-1		
21867	746.4367842407377	2.9514153	-1		
22822	892.9504012469669	2.9525812	56		
21428	445.24237956328005	2.9529557	915		
21708	846.450996336781	2.9536269	353		
21521	436.291731453043	2.9548092	-1		
20940	441.2471741053432	2.9548092	-1		
21389	579.3221629779689	2.9553652	-1		
21661	834.9580344827134	2.9564872	162		
22404	485.2628265136352	2.9569926	-1		
21397	889.4793883282883	2.9570882	75		
21621	985.480531313568	2.95709	-1		
22025	636.3410771334956	2.9575658	258		
22248	591.30474278241	2.959157	-1		
22071	896.5307663087834	2.9596605	-1		
21812	519.283494267984	2.9613442	-1		
22223	831.4675519549326	2.961502	-1		
21956	541.2650317485708	2.961965	-1		
21785	284.0902348610746	2.9672887	-1		
21925	693.3630295318553	2.9690988	-1		
21876	588.3749311088632	2.970749	1518		
21516	390.203469673517	2.9712737	-1		
21906	236.1278752129648	2.9717286	102	21906.0	Suspect related to NCGC00380823-01!2-(14-methylpentadecanoylamino)-3-phenylpropanoic acid [IIN-based: Match] (predicted molecular formula SIRIUS: C9H13N7O / BUDDY: C13H17NO3) with delta m/z -168.188 (putative explanation: Brij 35 synthetic polymer terminus (reverse); atomic difference: -12C,-24H) [M+H]+
22056	412.1861525703875	2.9717445	-1		
21911	419.2648125427283	2.9736753	-1		
21799	262.107929570214	2.9755428	-1		
21986	407.23014909411353	2.975578	-1		
22002	469.2679504446135	2.9759302	-1		
22015	491.25056087404624	2.976763	-1		
21974	1401.7407056435306	2.9775288	-1		
21884	642.8706951360197	2.9783142	-1		
22239	622.8725410317024	2.9792457	-1		
21977	584.3314623064865	2.979278	1231		
21987	606.3124856436219	2.9799857	-1		
23074	503.2951361997448	2.980274	-1		
21857	827.4105086078164	2.9802852	-1		
21966	599.3452890827177	2.980359	-1		
21600	911.4588849784656	2.980447	354		
21677	961.529806839546	2.980859	-1		
21385	599.8454485778489	2.981699	-1		
21855	441.2364354337763	2.982127	1092		
22170	370.2345624775887	2.9830976	216		
22338	496.3064090544706	2.9849963	164		
22314	714.4243811313581	2.9858837	-1		
22155	975.4587726100444	2.9861772	85		
22205	345.22896482009253	2.9865615	-1		
22070	392.2165722437404	2.987359	-1		
22417	658.3211793075599	2.9900534	24		
22094	1344.658292897832	2.9900637	-1		
22189	423.2669957632184	2.9902434	-1		
22340	1084.610120174162	2.9910188	70		
22127	672.8319187071327	2.9923592	978		
22097	1322.675190835728	2.994266	-1		
22446	910.43710709497	2.995124	27		
22267	643.3790924717292	2.9957483	1122		
23380	892.4479161007164	2.996027	56		
22158	849.4345709976051	2.9972122	147		
22163	574.3062826536983	2.9979916	825		
22461	574.8064169784296	2.998531	-1		
22424	609.3618393753746	2.9986494	238		
21569	982.5025403099968	2.9987998	-1		
21993	790.4154200582672	3.001091	450		
21895	772.4109481875361	3.001243	206		
22356	910.447336750339	3.0013714	27		
21288	455.2877472585329	3.0059018	-1		
22185	624.8308996659009	3.0061197	150		
22310	983.503195843144	3.0069919	-1		
22503	903.4374548248674	3.0074716	303		
22398	642.869718146784	3.007633	-1		
22238	518.318879779438	3.0089128	-1	22238.0	Suspect related to Spectral Match to Decaethylene glycol from NIST14 (predicted molecular formula SIRIUS: unknown / BUDDY: unknown) with delta m/z 58.005 (putative explanation: Ala->Glu substitution|Gly->Asp substitution|Iodoacetic acid derivative|unspecified|unspecified; atomic difference: 2C,2H,2O|2C,2H,2O|2C,2H,2O|2C,2H,2O|3N,1O) [M+H]+
22410	477.26973427441567	3.009245	-1		
22460	863.4304568775602	3.0094416	187		
22427	728.3832868372469	3.0097363	56		
22333	735.4153931259104	3.0109785	10		
22551	651.3363134001177	3.0110626	27		
22676	511.2781840606541	3.0110917	118		
22557	952.97458043491	3.0123608	-1		
21962	1443.6933524887077	3.0128915	-1		
22359	722.3492353915049	3.0144246	-1		
22057	1300.6938567931347	3.0145266	714		
22386	711.3597165038848	3.0150557	56		
22743	658.3223424084749	3.015719	24		
22329	736.8696167923665	3.0159867	70		
22687	941.9837618462888	3.0176818	-1		
22463	961.5316177920432	3.018525	-1		
22372	317.1714219585345	3.0201006	-1		
22422	848.9321893556472	3.0204806	147		
22648	909.9337251414538	3.0207884	27		
22750	451.2563255026976	3.0217977	-1		
22061	555.8382378668143	3.0222428	815		
21852	745.3814527687003	3.0227804	70		
22803	506.77855149709353	3.0232506	-1		
22334	960.532174168767	3.0233362	-1		
23152	183.149707058341	3.0236378	880		
22644	859.9229178763587	3.0238588	303		
22425	760.4594747234993	3.0241616	-1		
23168	228.2075831090497	3.024259	-1		
22904	737.3710999321479	3.024253	70		
23106	828.3914894085053	3.0243244	-1		
22273	722.3963984699445	3.0246692	-1		
22830	993.4727456175516	3.0251427	-1		
23169	648.861846823581	3.0253596	-1		
23377	745.8850508840452	3.0253503	70		
22406	806.4093591708213	3.0257874	-1		
22154	638.3596449273314	3.0262694	871		
22478	646.3556997817886	3.0263972	-1		
22574	1013.555442309969	3.0268254	-1		
22592	542.8065890205075	3.0269003	70		
23174	533.2600018964675	3.0269604	-1		
23110	444.2377884424424	3.0275776	-1		
22112	661.8423422408368	3.028135	261		
22641	918.9481554359784	3.02827	27		
22148	659.3648333957564	3.0285902	-1		
23362	909.4509964310344	3.0288703	476		
22457	782.444740338469	3.0291352	-1		
22405	728.8855310739335	3.029597	56		
23383	887.4695628309004	3.029649	75		
22479	719.8731739909617	3.0301046	56		
22971	613.8437148492432	3.030567	-1		
21851	775.4392400873501	3.0316598	-1		
23535	513.2876796138023	3.0323985	398		
22507	758.9094992549125	3.0324404	-1		
22438	733.3596801375477	3.0324974	-1		
22518	625.251075491777	3.0337982	-1		
23102	775.938749778381	3.0354419	-1		
22377	733.8397081503085	3.036705	-1		
22493	533.3419807909273	3.0370615	-1		
23588	524.8288563659594	3.037355	-1		
23494	624.2479138424679	3.0375142	19		
22617	918.4463696432248	3.038398	27		
22597	1024.4918345804897	3.0386384	-1		
23620	1048.6507739888325	3.0392976	-1		
22511	754.4544531920856	3.0393362	70		
23070	766.9220947538935	3.0398169	-1		
22544	986.534799208239	3.0404077	75		
22558	604.2671308405096	3.0412972	-1		
23504	602.2656097063452	3.041436	344		
23490	539.825863618482	3.0420551	396		
22568	876.5226290738099	3.042726	-1		
22187	759.4494929638201	3.042755	-1		
23002	809.471574412016	3.042861	-1		
22825	626.2499995740731	3.0439363	-1		
22619	987.5375253991606	3.044141	75		
23469	640.2210159356448	3.04493	-1		
22570	493.7711935670676	3.045577	-1		
23540	597.8125760197761	3.0455692	150		
22538	757.3982303379585	3.0456195	-1		
22930	584.330205070859	3.045677	1231		
22263	640.3313083747219	3.0457072	1092		
22668	420.27314464212185	3.0461574	674		
23387	618.3893516305789	3.0462441	-1		
22608	309.1423620964378	3.046452	-1		
22728	786.3991309577738	3.0465028	-1		
22632	621.393106996041	3.0478826	-1	22632.0	Suspect related to 3,6,9,12,15-Pentaoxanonacosan-1-ol, hydrogen sulfate (predicted molecular formula SIRIUS: unknown / BUDDY: unknown) with delta m/z 88.052 (putative explanation: PEG repeat unit x2; atomic difference: 4C,8H,2O) [M+NH4]+
22521	871.4970357398822	3.0478876	183		
23378	809.9704492554818	3.0480535	-1		
21664	708.3959629799796	3.0483584	717		
22666	1008.5166585673188	3.0506408	476		
23583	552.3772084695995	3.0520043	22		
22690	803.4296204555111	3.0520263	-1		
22576	898.501248291406	3.0533078	-1		
22646	591.3433773470356	3.0537527	1583		
22760	526.3023092544992	3.055126	1809		
22845	1010.522298529605	3.055591	-1		
22723	313.074694662384	3.055901	-1		
22721	311.08065956391835	3.056031	26	22721.0	Suspect related to Massbank:AU101702 Sulfamethizole|4-amino-N-(5-methyl-1,3,4-thiadiazol-2-yl)benzenesulfonamide (predicted molecular formula SIRIUS: C12H14N4O4S / BUDDY: C12H14N4O4S) with delta m/z 40.047 (putative explanation: unspecified; atomic difference: unspecified) [M+H]+
22612	949.0458222486288	3.0561607	142		
23576	574.3596626859726	3.0570645	825		
22847	590.3339521240745	3.0571742	-1		
22749	349.0365996075104	3.0572133	-1		
22778	335.05709129098983	3.05788	-1		
22699	596.2476206408131	3.0578835	-1		
22736	643.1364963004025	3.0579023	1122		
23645	575.3628811896284	3.057991	-1		
22772	548.2827559714522	3.0580153	-1		
22751	645.1359115366516	3.0580103	-1		
22767	333.062529699556	3.0587943	-1		
22629	949.5472829202068	3.0592499	142		
22790	644.1391748505135	3.0600579	1122		
22788	988.5426121840552	3.060187	75		
23332	387.203533623084	3.0606213	-1		
22726	808.3853750986766	3.0618367	19		
22893	638.3574470112834	3.0622041	871		
23780	901.463781098611	3.0629516	56		
22615	606.3672012482758	3.063075	-1		
22358	740.8643678010687	3.066036	-1		
22645	287.1607176272629	3.066466	124		
22738	672.3664898265954	3.0667024	978		
23125	631.8197786113662	3.06919	-1		
23347	718.8864512715509	3.0693016	-1		
22798	971.028094613462	3.0692892	-1		
23518	650.8519592265393	3.069848	661		
23249	694.8975948368762	3.0703318	-1		
22963	1284.6176748587918	3.0703268	-1		
22978	960.5300245764578	3.0716524	142		
23991	718.3844482131473	3.0725884	-1		
22910	971.5277701661792	3.0725996	-1		
23240	377.187363820964	3.0736578	-1		
22737	580.2745107399353	3.073745	178		
22919	652.2954007514973	3.074057	-1		
22770	677.3253400576092	3.0762546	178		
22987	756.3984098066552	3.0762722	-1		
22692	644.383958252883	3.0794325	1122		
23089	665.3666337238346	3.0816805	926		
23909	707.3927167342691	3.0817413	717		
22985	857.4406202505365	3.0840483	147		
23159	307.1657719410616	3.084701	-1		
23036	725.4261529152649	3.085119	-1		
23384	572.310847899508	3.0854294	22		
23111	703.443344583842	3.0855682	-1		
23132	501.2389472923675	3.0862806	-1		
23656	523.2214833327768	3.086604	-1		
23164	707.8943446067129	3.087877	717		
23416	736.8684406254856	3.0886931	70		
23058	960.0365252442097	3.088783	-1		
23728	232.1548432720365	3.0900474	-1	23728.0	Suspect related to Spectral Match to Leu-Phe from NIST14 (predicted molecular formula SIRIUS: C11H22N2O3 / BUDDY: C11H22N2O3) with delta m/z -48.0 (putative explanation: Phe->Val substitution; atomic difference: -4C) [M+H]+
23724	254.1368222598491	3.0906625	-1		
22842	575.3179328089947	3.0909452	22		
22783	441.24677158462606	3.092296	-1		
23334	950.0483061387604	3.0927675	-1		
23266	329.14789170865185	3.0956235	-1		
23076	525.3092028579837	3.0959563	-1		
22954	800.4679021247931	3.0965364	-1		
23206	849.4325928618582	3.097123	147		
23088	574.319401128602	3.0978281	-1		
23908	592.3247573920594	3.102162	-1		
23301	261.1602676380229	3.1045477	1954	23301.0	Suspect related to Spectral Match to Phe-Leu from NIST14 (predicted molecular formula SIRIUS: unknown / BUDDY: unknown) with delta m/z -18.011 (putative explanation: Dehydration|Pyro-glu from E|carbodiimide crosslinker; atomic difference: -2H,-1O|-2H,-1O|-2H,-1O) [M+H]+
23553	678.3288228851305	3.1049666	27		
24022	629.3311565119013	3.10508	-1		
23603	677.8793154186793	3.1054182	-1		
23211	589.3343570738663	3.1057212	-1		
22906	651.3109168806681	3.1064155	178		
22572	686.8417067899773	3.1098123	27		
23189	672.4172115239145	3.1127322	445		
23915	671.8592796621625	3.1128104	-1		
23256	574.3076347141196	3.1131194	825		
23331	877.9699546554652	3.1136348	-1		
23601	785.4365556742669	3.1146858	215		
23248	540.3308858215746	3.118241	-1		
23444	713.389350589579	3.1195595	-1		
23993	340.1664530503758	3.119946	-1		
23292	957.5620368976664	3.1201713	142		
23215	558.2914338754231	3.122044	22		
24068	536.3095236741823	3.1233277	250		
23582	848.9303782516309	3.1233747	147		
23481	817.4495991028714	3.1245134	-1		
23499	960.5325618816604	3.1250455	142		
24138	560.3170099814315	3.1255434	-1		
23964	695.3512902835929	3.1257164	-1		
23101	754.4130289759336	3.1259391	-1		
23323	741.4368043691439	3.1263092	-1		
23727	645.3218758485004	3.1272888	-1		
23308	643.3485788159484	3.1286614	571		
23615	776.9278461918368	3.128924	215		
23953	531.8212278785998	3.1292455	1144		
23402	689.9013696930546	3.133432	157		
23628	576.3034687030529	3.1334453	-1		
23428	610.2639329685904	3.1354218	-1		
23793	648.3726118190544	3.1354952	-1		
23564	651.8624190168723	3.1366093	571		
23455	594.290409628962	3.1371346	178		
23669	776.4282360734975	3.1372745	215		
23484	700.393730733711	3.137983	-1		
23593	798.9067353925948	3.140681	-1		
23774	654.3386138456082	3.140791	61		
23608	671.4141735309663	3.1410997	101		
23652	795.3985752300385	3.1413689	-1		
24045	643.8497532064226	3.1422665	571		
23538	822.4419471183885	3.1424882	-1		
23716	695.4036547586361	3.1435282	512		
23831	711.3616851468079	3.1438258	56		
23555	942.514712183414	3.1438527	-1		
24331	654.8402789869463	3.1456609	61		
23682	798.4050600200977	3.146637	57		
23421	772.9150545848033	3.1467164	206		
24392	1307.672423084294	3.146793	-1		
23800	787.9172058350687	3.1469407	455		
23667	841.9745193053413	3.147073	-1		
23821	689.399515586872	3.147812	157		
24402	1285.6911708874268	3.1480858	1172		
23673	643.4060397395572	3.1484578	-1	23673.0	Suspect related to Undecaethylene glycol tridecyl ether (predicted molecular formula SIRIUS: unknown / BUDDY: unknown) with delta m/z -44.016 (putative explanation: nan (reverse)|heavy acetylation (reverse); atomic difference: -1C,-2H,-1N,-1O|-2C[13],-2H,-1O) [M+H]+
23896	705.380928615902	3.1487734	458		
23783	613.8490439855299	3.1489832	-1		
23664	424.9331316553178	3.1490977	-1		
23451	618.827946254847	3.1495216	227		
23610	434.9489241822442	3.149628	-1	23610.0	Suspect related to Spectral Match to Nonaethylene glycol from NIST14 (predicted molecular formula SIRIUS: unknown / BUDDY: unknown) with delta m/z 18.028 (putative explanation: Glu->Phe substitution; atomic difference: 4C,2H,-2O) [M+H]+
23609	628.383475500586	3.1497033	-1		
23625	419.2647825277653	3.150885	-1		
23556	806.390630985428	3.1509693	-1		
23551	643.9061964525135	3.151064	-1		
23709	693.3959548376072	3.151104	512		
23630	607.8363041085759	3.1517484	244		
23681	784.9362609398767	3.152839	215		
23829	774.8891252000806	3.1537611	969		
23440	765.9054620459069	3.153879	188		
23719	624.341741422018	3.1550312	27		
23697	1268.784836799506	3.1550136	-1		
23637	616.3497999357028	3.1556206	244		
23683	334.1553130209679	3.1563516	-1		
23685	772.4131797431891	3.1565907	206		
23786	809.3977474305367	3.1566498	-1		
23706	613.3521843379043	3.1570058	-1		
24077	708.3949291295244	3.1585631	717		
24460	555.3545169637424	3.1586885	-1		
24467	546.8411195454697	3.1587439	-1		
23671	787.415053560969	3.1591978	455		
23920	958.0603303083284	3.1592445	142		
23957	525.3103191429884	3.159839	1401		
23757	689.4380047320109	3.1610546	-1		
23868	280.1546217679774	3.1615136	208	23868.0	Tyr-C6:0
23726	661.2942493409389	3.16201	-1		
23820	646.3250681511511	3.1629715	-1		
23741	443.2265454773642	3.1634986	-1		
23679	763.8994628580035	3.163772	206		
23802	709.3704499439891	3.1660414	-1		
23889	1084.5679220779962	3.1669402	-1		
23784	467.28565118302674	3.1675823	724		
24181	452.18301739439977	3.1695626	178		
24363	614.8630701237156	3.1703389	-1		
23766	489.26667205282746	3.17148	-1		
23949	618.3248416387343	3.1753902	227		
23875	871.4957627135925	3.175464	183		
23917	874.4691703911584	3.1760266	-1		
23918	905.477674204293	3.176836	187		
24511	336.20998904787893	3.1790738	-1		
23849	719.8742237975852	3.1797204	56		
24143	784.4475882865953	3.1806316	-1		
24242	707.8931961430101	3.1807187	717		
24051	1062.585706250895	3.1813183	1334		
24005	971.0274036470704	3.1815937	-1		
24202	540.3316430239901	3.1819592	-1		
24517	1012.512522545695	3.1824448	-1		
23746	643.8993853333744	3.1825395	727		
24028	398.2294945814376	3.182864	-1		
23732	990.5323594062191	3.1828434	75		
23930	229.1336348579343	3.182946	-1		
23956	744.3900547274457	3.1835911	-1		
23977	420.2113499983805	3.183961	-1		
24139	728.3847896483063	3.184278	56		
24112	1356.660943654076	3.1849859	-1		
24047	1079.6138397796951	3.18519	-1		
23947	651.3772250467804	3.1859138	115		
24003	615.8484554683785	3.1875818	244		
24508	236.1281767624033	3.1878767	102	24508.0	Suspect related to NCGC00380823-01!2-(14-methylpentadecanoylamino)-3-phenylpropanoic acid [IIN-based: Match] (predicted molecular formula SIRIUS: C9H13N7O / BUDDY: C13H17NO3) with delta m/z -168.188 (putative explanation: Brij 35 synthetic polymer terminus (reverse); atomic difference: -12C,-24H) [M+H]+
23720	623.3402292256993	3.1881075	27		
23919	927.4423032217596	3.1881547	-1		
24162	789.401376356598	3.189008	643		
23962	607.3344637396924	3.1891048	244		
22813	765.4038537257182	3.1894236	188		
24168	667.8462050401783	3.1896443	147		
24226	790.4060924981336	3.1914036	-1		
24189	595.2845458795039	3.193067	-1		
24064	1213.6628461482626	3.193852	-1		
23890	1125.6385793459142	3.1954734	422		
24066	1235.644254569986	3.1964324	-1		
24081	689.824867778112	3.1979735	-1		
23998	673.3630211632587	3.1980836	136		
24326	764.4006004679673	3.2009933	206		
24232	949.0446566334508	3.20114	142		
24018	410.2289668256899	3.2014635	-1		
23648	943.4918346748916	3.201698	-1		
24109	429.2718037506158	3.2034707	473		
24080	432.21079027230127	3.2042933	-1		
23874	571.8361219679157	3.2048347	432		
24275	676.3546724127509	3.2051237	147	24275.0	Suspect related to val-leu-pro-val-pro-gln (predicted molecular formula SIRIUS: C35H51N3O10 / BUDDY: C35H51N3O10) with delta m/z 21.972 (putative explanation: Replacement of 2 protons by magnesium; atomic difference: -2H,1Mg) [M+H]+
24194	544.2770619539309	3.2070746	22		
24195	889.4812920071258	3.2087996	75		
23934	573.3037979033401	3.208856	22		
24099	680.8465417667355	3.2097473	-1		
24114	672.8620882300315	3.2108896	136		
24309	949.5458962526728	3.211611	142		
24082	683.8512999668451	3.2119472	-1		
24319	643.3464774101453	3.2127488	571		
24220	694.3990268424575	3.2130082	512		
24107	661.871851831714	3.213168	608		
24113	1344.7192223372	3.2132978	-1		
24163	406.1956941539988	3.213561	-1		
24086	479.8081300536642	3.2136621	-1		
24239	684.8657615169535	3.213831	-1		
24106	670.3855570342713	3.2143948	608		
24320	691.3415276416836	3.2157717	-1		
24251	415.2545939629285	3.2161658	-1		
24365	651.8612316381908	3.216391	571		
24406	668.3469733900852	3.216717	-1		
24111	1322.737561808418	3.2169473	-1		
24177	445.2443259089396	3.2192636	915		
24178	515.3079805363244	3.2195566	-1		
24284	573.8122934923574	3.2197697	61		
24664	801.4128669178011	3.2202504	29		
24200	401.239450953475	3.2203531	473		
24212	566.25885074815	3.2211487	178		
24214	422.1689471868895	3.2212236	-1		
24361	367.2088980431297	3.221608	-1		
24346	971.527186811839	3.2224863	-1		
24229	835.388496777169	3.222905	361		
24282	1124.6357498477107	3.2230082	64		
24231	428.17717088264527	3.2234085	-1		
24128	401.7630486825724	3.223884	8		
24462	707.3909051908088	3.2250373	717		
24216	670.8858290890703	3.2263038	608		
24294	1146.6174758641323	3.2265606	324		
23773	928.4442585546911	3.2270374	-1		
24353	487.25557802817167	3.2273421	1003		
24267	881.3738957385377	3.2287812	-1		
24278	468.1566276329072	3.2291684	-1		
24300	1221.689860430114	3.229472	1251		
24213	584.8023642186968	3.2302089	-1		
24314	619.8615223477208	3.230949	452		
24303	611.3480136607225	3.2314613	452		
24183	963.5023049946632	3.2320194	187		
24302	1243.6721131784295	3.2327309	-1		
24318	622.338762815678	3.2336104	122		
24783	802.5187591953392	3.2347348	-1		
24308	1363.799379569022	3.235216	-1		
24394	848.9288718957927	3.2357953	-1		
24137	660.396357076925	3.23588	-1		
24348	404.21820032539927	3.2363074	-1		
24816	643.3971169478926	3.237129	727		
24201	384.213059528025	3.237658	473		
24383	739.4127786223229	3.2377968	-1		
24740	547.31933411751	3.2380123	342		
24322	717.4314264311032	3.239329	534		
24369	577.3665587381519	3.2403183	1656	24369.0	"""Candidate Trihydroxylated bile acid (delta mass 168.0727; sirius atomic difference: 9C, 12H, 3O; buddy atomic difference: 8C, 12H, 2N, 1S)"""
24416	960.034931169804	3.2421482	142		
24429	671.4130962800234	3.2427819	101		
24378	426.2001033033032	3.243187	-1		
24222	430.2003259977653	3.2436872	22		
24433	574.3125795299753	3.2488122	61	24433.0	Antamanide_23947_dereplictor_pv_1.19028e-14
23708	933.4448336045048	3.2493308	-1		
24435	892.4917333845963	3.2509465	841		
24412	449.9586710515775	3.2509995	-1		
24191	875.0136803566384	3.2512686	-1		
24424	650.3965852381652	3.2516515	-1	24424.0	Suspect related to Spectral Match to Undecaethylene glycol from NIST14 (predicted molecular formula SIRIUS: unknown / BUDDY: unknown) with delta m/z 146.058 (putative explanation: Fucose; atomic difference: 6C,10H,4O) [M+H]+
24461	913.4695900182488	3.2518332	-1		
24425	665.4200371284232	3.2524052	-1		
24431	439.60865378757774	3.252752	-1		
24323	911.4638108745578	3.2532988	-1		
24421	449.6242990444144	3.2535565	-1	24421.0	Suspect related to Massbank:AU406506 3,6,9,12-Tetraoxatetracosan-1-ol|Tetraethylene glycol monododecyl ether|2-[2-[2-(2-dodecoxyethoxy)ethoxy]ethoxy]ethanol (predicted molecular formula SIRIUS: C24H50O7 / BUDDY: C24H50O7) with delta m/z 88.052 (putative explanation: PEG repeat unit x2; atomic difference: 4C,8H,2O) [M+H]+
24446	439.94307508444143	3.2536106	-1		
24954	889.9811774294468	3.2538114	75		
24631	914.47222097486	3.2538438	-1		
24256	562.343142494773	3.254188	432		
24459	960.528856734434	3.2551267	142		
24489	693.3949368634454	3.255804	512		
24426	962.4987702489622	3.2560291	187		
24453	443.94869301571794	3.256532	-1		
24579	1125.1326292631925	3.256483	64		
24751	934.4484552816348	3.258109	-1		
24221	562.820630271774	3.259444	432		
25043	957.5580295620692	3.259896	142		
25127	464.218148356978	3.2611825	1483		
24999	672.41596088174	3.261427	342		
24578	950.046520700746	3.2626553	142		
24438	689.8996179681964	3.2636945	157		
24464	635.3748672959584	3.2638092	-1		
24390	287.15996798229656	3.2641892	124		
25007	1162.5907972448178	3.2651083	-1		
24616	763.8993238744285	3.2653487	206		
24274	581.794960597213	3.2655494	525		
24577	700.3914270912817	3.2666523	-1		
24964	582.2963482002567	3.2670803	525		
24539	984.4804434936073	3.267396	-1		
25071	643.1362039950835	3.2676406	1122		
24295	571.3342607786957	3.2684145	432		
25065	927.4400389971432	3.2692192	-1		
24035	456.23495598792886	3.2699833	423		
24516	382.1610091191108	3.2705562	-1		
24530	772.9138560122892	3.271056	206		
24552	765.9052161154411	3.271492	-1		
24535	709.3705742533856	3.271549	-1		
24560	688.3699936607259	3.2722356	-1		
25368	568.8531611597883	3.2748396	563		
24597	871.4952958595188	3.2752516	187		
24543	846.4529208319317	3.2756238	353		
24528	616.348440767556	3.2771347	244		
24590	772.4127429718839	3.2784967	206		
24623	835.4615077614983	3.2788246	162		
24632	618.826417272029	3.2804294	227		
24725	1084.5660875949316	3.2804632	-1		
24452	588.3752957500369	3.2823222	1518		
24624	834.9598357387507	3.2854686	162		
24691	643.8985081733854	3.2885888	727		
24707	971.027245466826	3.2913234	-1		
24352	481.7526126780724	3.291403	-1		
24564	711.3619280934317	3.2922564	56		
24144	331.18680626634944	3.295836	-1		
24604	569.3333403510783	3.2961295	-1		
24670	845.9515499346658	3.2971842	353		
25036	534.3121891916542	3.2974646	52		
24686	905.477829190272	3.298869	183		
24621	650.3210866917312	3.3004832	-1		
24646	689.3962238691525	3.302546	157		
24500	643.3848039748127	3.3036134	1122		
24650	525.2483223176902	3.304053	-1		
24472	327.2160398284451	3.3045182	679		
23660	362.2529322747947	3.3045182	679		
24971	1062.5822534326876	3.3062665	-1		
24053	595.7939173473206	3.3064227	-1		
24715	636.3399243059562	3.3068583	258		
24693	1088.5433274302354	3.3074164	85		
24677	607.8356623245378	3.3087368	244		
24735	1105.571855243444	3.309041	85		
24857	949.0449453475586	3.3095682	142		
24804	563.3221607644225	3.3099778	432		
24865	949.5464873367206	3.311094	142		
24741	509.2747077051456	3.312413	1933		
25024	958.0588863467016	3.3126001	142		
24768	580.8211044432571	3.313441	61		
24880	1235.6435595782868	3.314369	-1		
24854	765.4057968014143	3.3146853	188		
24776	1106.5660669433998	3.3146625	-1		
24745	1138.6546269701605	3.3148763	64		
24787	581.322472890098	3.3151069	61		
24758	1002.5710774072246	3.3158216	-1		
24916	889.4824332275084	3.3162868	75	24916.0	"""Candidate Trihydroxylated bile acid (delta mass 479.1645; sirius atomic difference: 22C, 21H, 7N, 6O; buddy atomic difference: 24C, 25H, 5N, 4O, 1S)"""
24730	518.3353419633328	3.3173637	-1		
24779	216.15979915012468	3.317655	-1		
24798	1111.5222818074897	3.3202994	-1		
24617	487.2920713477858	3.3205283	13		
24889	1213.6610974927073	3.3220894	75		
24780	526.7740877813769	3.3222256	-1		
24901	445.2446490446837	3.3224354	915		
24822	615.8477777871528	3.3228242	244		
24773	742.4189958391277	3.323657	-1		
24703	800.4714579933151	3.3237576	1798		
24727	701.3757381139853	3.3242428	-1		
25641	1160.636658400614	3.3244903	-1		
24813	1089.5347706838313	3.325892	85		
24872	607.3341012949949	3.3265357	244		
24852	742.9219142785946	3.3274646	-1		
25045	1124.635763692152	3.327807	64		
24876	552.3410924453298	3.3281868	-1		
24874	830.8961554585727	3.3291142	27		
25020	401.76282072330224	3.3300164	8		
25130	584.8033848955007	3.3304472	-1		
25162	577.3663683724056	3.3335397	-1	25162.0	"""Candidate Trihydroxylated bile acid (delta mass 168.0727; sirius atomic difference: 9C, 12H, 3O; buddy atomic difference: 8C, 12H, 2N, 1S)"""
25066	573.8121507339412	3.334165	61		
24881	822.8841655660982	3.3345792	-1		
25057	1146.6163769846946	3.3353639	324		
24526	345.22661390718264	3.3388243	679		
24846	822.3864114536656	3.3414	27		
24815	618.3248813575069	3.342203	227		
24895	730.9151336592844	3.3435884	-1		
24977	1322.6798759235935	3.3437617	-1		
25862	526.3025376190707	3.3441188	1809		
24955	891.4882088059468	3.3441145	841		
24961	1300.6976423026003	3.3446124	-1		
24984	650.8517838814093	3.3461764	661		
24975	558.3351411055451	3.3463385	-1		
25322	569.8351908328663	3.347275	1220		
24988	661.8426259905178	3.347443	261		
24996	672.8331751896148	3.3481038	57		
25050	599.3810497181734	3.3493078	-1		
25103	986.5378791588925	3.350794	75		
25092	1008.5191868680004	3.3509686	-1		
25742	933.4445417380005	3.3513129	-1		
25034	683.8245160623673	3.351662	-1		
25067	532.2757429204482	3.3520458	-1		
24931	732.383676781553	3.3530319	-1		
25074	536.2663037864343	3.3533776	389	25074.0	Suspect related to taurohyodeoxycholic acid (predicted molecular formula SIRIUS: C26H43NO7S / BUDDY: C26H43NO7S) with delta m/z 13.979 (putative explanation: Thr->Asp substitution|Tryptophan oxidation to oxolactone|aldehyde and ketone modifications|hydroxylation difference carboxylation|proline oxidation to pyroglutamic acid|Oxidation, epoxidation; atomic difference: -2H,1O|-2H,1O|-2H,1O|-2H,1O|-2H,1O|1O,-2H) [M+Na]+
25115	701.8766693581788	3.3544357	-1		
25102	511.29674346247816	3.3544638	-1		
24987	558.249547030467	3.3553395	1229		
25097	687.4336575745392	3.3553905	-1		
25150	531.309367435056	3.355545	537	25150.0	"""Candidate Tetrahydroxylated bile acid (delta mass 106.02; sirius atomic difference: 8C, 4H, -1O; buddy atomic difference: 11C, -2H, 4N, -5O)"""
25101	464.30041843122206	3.3556294	-1	25101.0	"""Candidate Tetrahydroxylated bile acid (delta mass 39.0099; sirius atomic difference: 2C, 1H, 1N; buddy atomic difference: 2C, 1H, 1N)"""
25089	685.4305980726355	3.3575058	-1		
25136	458.6245873740602	3.3576963	1714	25136.0	Suspect related to Spectral Match to Undecaethylene glycol from NIST14 (predicted molecular formula SIRIUS: unknown / BUDDY: unknown) with delta m/z -44.026 (putative explanation: Dealkoxylation, dehydroxyethylation|Thr->Gly substitution; atomic difference: -1C,-2H,-1O|-2C,-4H,-1O) [M+H]+
25133	303.1131679984794	3.3580406	-1		
25119	348.1901738193304	3.3581634	-1		
25088	1009.6129087319838	3.3581333	-1		
25085	963.5020883529068	3.3592126	-1		
25146	454.2846191344697	3.3594537	-1	25146.0	Suspect related to Spectral Match to Nonaethylene glycol from NIST14 (predicted molecular formula SIRIUS: unknown / BUDDY: unknown) with delta m/z 40.016 (putative explanation: unspecified; atomic difference: 2C,2H,1N) [M+H]+
25267	657.3881989165156	3.359438	-1		
25123	659.3664417462606	3.3610678	661		
25164	608.3062861070119	3.3618155	-1		
24948	721.3882276914146	3.361867	-1		
25361	913.469930033638	3.3629274	-1		
25196	412.221406978558	3.363574	-1		
25201	390.2393290416212	3.364297	814		
25277	444.2694588526377	3.3648083	-1		
25207	586.3249173536686	3.3649006	-1		
25238	1128.5783490017238	3.3650727	-1		
25394	984.4801319135888	3.3658614	-1		
24978	729.9021675437023	3.3659794	329		
25220	309.0874183343026	3.3665192	-1		
25244	331.0694186536877	3.3668845	-1		
25135	791.378475553127	3.3668666	-1		
25236	808.3852956126166	3.3671446	-1		
25288	962.4988477733328	3.3698597	199		
24832	584.3573020915393	3.3718183	-1		
25888	558.2931807105605	3.373824	-1		
25179	988.547361931625	3.3747523	75		
24640	555.837955268387	3.3748667	815		
25144	827.4609081073102	3.375027	-1		
25297	418.23452102479376	3.375276	-1		
25890	580.2750107563899	3.3757033	178		
25303	440.2164807056376	3.3758736	-1		
25886	603.3517366901533	3.3759582	-1		
25431	693.3952808270188	3.376725	512		
25248	678.4002535211011	3.377665	60		
25541	960.5328105904744	3.3787522	-1		
25165	596.2485583162965	3.3801267	-1		
25109	769.3990944434023	3.382368	13		
25250	514.2886794940467	3.3833551	537	25250.0	"""Candidate Tetrahydroxylated bile acid (delta mass 88.9939; sirius atomic difference: 2C, 3H, 1N, 1O, 1S; spectral library match to CCMSLIB00005465786, """"2-((4R)-4-((5R,7R,8R,9S,10S,12S,13R,17R)-7,12-dihydroxy-10,13-dimethyl-3-oxohexadecahydro-1H-cyclopenta[a]phenanthren-17-yl)pentanamido)ethane-1-sulfonic acid"""")"""
26248	1031.5951151092495	3.3834774	-1		
25503	660.8978818452225	3.3881276	206		
25143	667.8486294562649	3.389127	147		
25566	914.4712245617036	3.3899722	-1		
25082	660.3970292106728	3.3911712	115		
25577	773.4187458337278	3.3923814	-1		
26045	672.3712747172165	3.3942347	-1		
26183	630.3150525038212	3.3942738	-1		
25298	770.4024934042938	3.3944962	-1		
26085	652.2975311676742	3.3949702	-1		
25348	665.366092189032	3.3949866	926		
25450	376.22387590417446	3.3956997	-1		
25470	523.2541040576904	3.3966184	178		
25464	501.2718363354016	3.3973105	22		
25554	637.3938245273874	3.3986268	-1		
26158	405.5983445341121	3.3996565	-1		
25256	677.3273495596904	3.4001925	178		
26046	590.867951982816	3.4002151	-1		
26165	405.9326895576008	3.404384	643		
25626	764.9084513081962	3.4053664	-1		
26206	493.77194906156575	3.4064634	-1		
25476	658.3130879175862	3.4075637	-1		
25679	636.3400853335463	3.407576	258		
26144	786.4052072146292	3.409476	29		
25657	768.4561718183895	3.410581	1297		
25486	518.2978571631872	3.4108706	-1		
25374	693.3797623942273	3.4117491	-1		
26110	1010.527354687821	3.4121392	-1		
25551	872.4701194134792	3.4134347	206		
25602	659.861747400891	3.413614	1025		
25574	556.9764445299091	3.41407	-1		
25620	699.3465887866159	3.4146097	926		
25596	671.3484821690498	3.41623	-1		
26170	1024.4932104487789	3.4170353	-1		
26308	876.5245269738052	3.4187617	-1		
26177	723.3533657899992	3.419434	-1		
25656	775.8988925116778	3.4214852	-1		
25645	677.3665580968132	3.424061	195		
26162	715.8771455546627	3.4245412	-1		
26747	643.3843699707726	3.4249306	195		
25715	1138.6549414497892	3.4253664	64		
26344	898.5071783666389	3.4266431	-1		
25033	680.8793524349642	3.42789	-1		
25788	668.3737126032778	3.4285028	-1		
26748	663.8960543431715	3.4327176	-1		
25803	742.4528055863444	3.4334223	195		
25778	289.09764208466555	3.433683	-1		
25572	516.7821350452731	3.4338908	-1		
25969	647.3347125984523	3.4345524	-1		
25974	763.9005882727723	3.4359076	-1		
25762	774.427594279751	3.4365788	577		
25691	569.833099137355	3.4394562	1220		
25800	856.9353689065508	3.4400415	-1		
25797	834.9610501692279	3.440225	162		
25801	845.951207272039	3.4407341	-1		
25752	846.4537335186759	3.4409819	353		
26187	334.1556108840954	3.441155	-1		
27483	552.3415429968944	3.4413445	13		
25905	803.4321074167253	3.445418	-1		
25897	256.1697381647911	3.44615	-1		
25922	701.3760160326607	3.4466727	-1		
24833	728.8901504530819	3.4474497	56		
25896	673.3319423057625	3.4474993	57		
25841	655.3450468603158	3.4475994	-1		
25590	398.22939474372697	3.4484565	-1		
25864	772.415484019177	3.4485698	206		
26636	410.22960541074553	3.4496803	-1		
25884	569.3324270717854	3.449963	262		
26135	599.380953082501	3.4503481	-1		
26101	669.8262287829274	3.45204	-1		
25963	584.3765077368307	3.4527805	-1		
24928	719.8751427806129	3.453031	-1		
25833	835.4635286371298	3.45359	162		
26096	1344.661610701261	3.4537437	-1		
26116	672.8329004052639	3.45405	57		
26048	775.3921229318928	3.4541264	-1		
26131	1322.6795036682286	3.4545953	-1		
26124	661.8423055431505	3.4552438	261		
25786	764.4314754774412	3.4558783	926		
26134	683.82416246278	3.4561064	-1		
26239	1008.5191986330424	3.4568856	-1		
25970	452.18340991791786	3.4574766	178		
26145	680.8196192664929	3.457921	-1		
26121	701.8761381362975	3.4588993	-1		
26241	986.5375684196264	3.4596314	75		
26218	659.3654892081645	3.4603672	661		
26174	989.5521278208126	3.4614599	-1		
26077	473.3007130322424	3.4628024	203		
26578	711.8632263230604	3.4630244	-1		
26119	1300.6964584726932	3.4630504	714		
26581	828.4575863528006	3.4640436	-1		
26011	478.9757062777695	3.46418	-1	26011.0	"""Candidate Trihydroxylated bile acid (delta mass 70.0151; sirius atomic difference: 2C, 2H, 2N, 1O)"""
26012	709.4468148851661	3.46649	-1		
26823	572.3089676333061	3.4669943	22		
26825	594.2908665596359	3.4674554	178		
26253	988.54569886752	3.4674754	-1		
26926	711.3617784389163	3.467588	-1		
26090	694.423945630669	3.468588	529		
25326	728.3883716517398	3.4694684	56		
26074	468.9600697621462	3.4698682	-1		
25661	743.8758842704802	3.471527	-1		
25910	406.1955669613869	3.471888	-1		
25913	384.2135172147743	3.4725337	473		
27757	819.4797307495156	3.4726655	1286		
26863	401.23999978331744	3.4734137	473		
26734	1443.696596159621	3.4735394	-1		
27020	489.26965267568846	3.4737198	-1		
26179	458.9441449533659	3.473728	-1		
25978	430.2013974696133	3.4742856	22		
26136	169.0861291955708	3.4743226	558		
26843	789.4015082564023	3.4778187	-1		
26834	515.3088916353508	3.4780707	-1		
26207	594.3141322515661	3.4784462	186		
25911	429.27176413703074	3.4785566	473		
25792	430.2746439385194	3.478611	22		
26830	366.2027834988247	3.4789233	-1		
26963	591.3478289330553	3.4790993	1583		
26648	811.3839186730546	3.4799542	-1		
26877	468.15801631287206	3.480564	-1		
26853	835.3894615334233	3.4808235	361		
26035	475.259305014619	3.4827018	-1		
26842	422.1696241675795	3.4831274	-1		
26948	752.889468289959	3.4835987	-1		
26470	712.3636543021287	3.4836352	56		
26886	467.2856703106113	3.4839866	724		
26289	573.3124897402198	3.4881177	-1		
26324	1209.5979749981311	3.4883304	-1		
26329	665.3670632295907	3.4886057	926		
26186	651.3735614500154	3.48971	115		
26317	838.4459414294687	3.4910054	-1		
26264	808.3858617427567	3.4910715	19		
26025	744.3855949054829	3.4913023	-1		
26326	576.196383415013	3.4925022	-1		
26359	788.4482742553303	3.4926896	408		
25972	606.3709415134558	3.494168	-1		
26221	679.4013153953779	3.494165	-1		
27061	645.3230794688033	3.4942904	-1		
26034	623.3422493595102	3.4946058	27		
27691	623.8891840908472	3.4952316	-1		
26766	432.21052822654417	3.496024	-1		
26427	733.899006741438	3.496743	-1		
27256	410.25838720075257	3.4971223	-1		
27005	733.3419854470163	3.4987779	-1		
27344	734.400170330905	3.4997854	-1		
26453	708.3674466316461	3.4998467	-1		
26600	896.5255409330262	3.5008006	-1		
26380	705.3852517370024	3.5018773	-1		
26224	628.3821802556935	3.502297	-1		
26448	828.9562734316742	3.5025043	-1		
26686	407.1987972710768	3.5034137	-1		
26350	650.8516918128852	3.5037997	661		
25979	613.3519165228271	3.5048125	1690		
26710	800.471542570366	3.5062118	-1		
26420	1046.5304430220149	3.5073414	-1		
26412	501.7868515112833	3.5075138	75		
25764	621.8964568228944	3.5083404	-1		
26445	1002.5661217661208	3.5098717	75		
26671	420.21213054284135	3.5100331	-1		
26657	915.4963773058366	3.5107708	1671		
26740	617.3673581125923	3.513314	-1		
26154	621.3946903064202	3.515249	119		
26141	420.27409400402206	3.5155532	-1		
26056	612.8832801994331	3.5159392	-1		
27517	593.8653661560973	3.5164857	-1		
27319	905.4810231257248	3.5165145	187		
26633	918.5089911402112	3.5184045	-1		
26682	705.8879337816829	3.5184598	-1		
26668	749.3770717409975	3.5187168	242		
26388	661.9150633953483	3.5195267	415		
26693	431.20479524279415	3.520676	-1		
26217	414.5985412086808	3.5218725	-1		
26817	744.8868864444725	3.52255	-1		
26596	747.370556070228	3.5228307	258		
26803	624.3436341788557	3.5228488	27		
26616	769.3532917289402	3.5233862	19		
27082	763.4313566491452	3.5241418	-1		
27036	722.3508302423563	3.5249639	-1		
26464	1040.5193270787945	3.5250297	-1		
26227	754.4146182398882	3.5258293	735		
26618	785.3261428274612	3.5259643	-1		
27053	728.8900158687677	3.5260231	56		
26442	1024.5488607596112	3.5270553	354		
27411	382.1614869854165	3.5275948	-1		
26690	718.3814741558716	3.5284696	-1		
26721	822.3963189514154	3.529224	-1		
26696	535.0356268820605	3.5293117	983	26696.0	Yersiniabactin_Fe-adduct
26652	791.334162026071	3.5293193	-1		
26785	731.3648597672485	3.5295036	-1		
28581	818.9781937795929	3.531521	-1		
27450	404.2188992296603	3.5319152	216		
26404	1146.617839029995	3.5335166	324		
25672	589.3371124759432	3.5337863	-1		
26703	937.4797620010082	3.533946	-1		
27423	426.2008652588368	3.535254	-1		
26664	771.4828045668575	3.536505	1427		
26937	742.4006167546922	3.5378754	-1		
26651	770.4776587782735	3.5381014	1635		
26621	787.9192350837565	3.5381927	455		
26436	730.8671727746972	3.5389025	-1		
26798	1191.717783695407	3.5421453	-1		
26367	554.2151803502428	3.5423205	-1		
27522	544.2781834620898	3.5444305	22		
26714	596.8616675280964	3.5454605	1001		
26806	1213.6936640529786	3.5461178	-1		
27520	566.2601808628465	3.5470214	-1		
27946	800.4111037650546	3.5470448	-1		
26538	367.2097739488392	3.5486505	-1		
27810	518.3367885064042	3.548694	-1		
26677	1247.682170302585	3.5486305	-1		
27604	754.9166682973541	3.5495856	735		
27966	720.8763467635896	3.5507135	-1		
26705	216.1598745773392	3.5527387	-1		
26874	713.8975345082388	3.552844	-1		
26769	607.3512517571519	3.5532014	-1		
27004	659.8984687469244	3.55549	-1		
26733	667.8474852118756	3.5580277	147		
26645	696.400083564713	3.558301	847		
27100	719.87477185284	3.5586898	56		
26973	213.10243209338225	3.5587757	357		
27032	452.1836504427316	3.5593123	178		
27041	544.320064894159	3.5618632	85		
27462	714.398760991224	3.5659223	-1		
26980	731.9611669736555	3.5661726	-1		
27298	705.3839795778905	3.5662148	-1		
27120	429.2495048228531	3.5676074	382		
26913	641.2259578992355	3.5696826	-1		
26856	345.2274975952877	3.5701394	679		
26816	390.2847416319844	3.5701394	-1		
27152	487.97557367537	3.570461	-1		
27337	651.3724698262016	3.570564	-1		
27087	785.4413459478226	3.5705705	215		
27159	488.3095211070591	3.5711453	-1		
27188	716.4373860863145	3.5728025	-1		
27003	795.4001423338951	3.5751147	-1		
27668	728.388330799172	3.5752704	56		
27083	809.3976386789576	3.575552	-1		
27141	483.63540633532455	3.5766137	-1		
26782	1223.7007809027104	3.576903	-1		
27071	493.9852999171543	3.5778804	-1		
26899	658.3105735809049	3.5779772	-1		
27944	741.437351921842	3.5788462	-1		
27228	813.4593204309202	3.5792487	556		
26779	612.3533800485767	3.5799272	-1		
27190	523.7996829211156	3.5800407	-1		
27165	451.23227401897816	3.5802934	-1		
26894	680.2909054768642	3.5818357	19		
27027	776.4272046604138	3.5831602	215		
26882	1245.6833873365467	3.583449	-1		
26421	806.3911972809653	3.5835607	-1		
27310	795.9016831882151	3.5835848	-1		
27357	752.3932196096541	3.5837238	163		
26822	596.360705932842	3.5841334	1001		
27210	813.9616206054375	3.5842004	556		
26987	191.16439321316383	3.5848186	-1		
27285	473.9545005402202	3.5854406	1591	27285.0	Suspect related to Spectral Match to Decaethylene glycol from NIST14 (predicted molecular formula SIRIUS: unknown / BUDDY: unknown) with delta m/z 13.979 (putative explanation: Thr->Asp substitution|Tryptophan oxidation to oxolactone|aldehyde and ketone modifications|hydroxylation difference carboxylation|proline oxidation to pyroglutamic acid|Oxidation, epoxidation; atomic difference: -2H,1O|-2H,1O|-2H,1O|-2H,1O|-2H,1O|1O,-2H) [M+H]+
26658	792.460561491767	3.5854573	-1		
27197	324.172970100423	3.5856173	-1		
27023	784.9401551507174	3.5857017	215		
27322	259.1061727371982	3.586521	-1		
27077	493.6511244854563	3.5865517	1632		
26683	1195.6781717008744	3.5869272	-1		
27295	772.4267356438362	3.5873995	-1		
27249	237.1235692113688	3.5877342	-1		
27172	487.2926942688417	3.5880394	13		
27019	787.4169425699854	3.5880313	-1		
27297	473.6200755155074	3.5882163	1091		
27541	956.510007756848	3.5889666	-1		
27026	798.9016540218813	3.5922008	-1		
27012	619.2453895796674	3.5929527	-1		
28538	776.9284126818501	3.5934868	215		
27021	809.8997524654585	3.5939538	-1		
27851	798.4069064304277	3.5941033	-1		
26993	732.4604210208083	3.5942934	1125		
28096	509.2747524029376	3.594324	1933		
28001	739.415422133998	3.5947196	-1		
27525	648.8757881518696	3.595246	-1		
27207	613.8550873791452	3.5985372	-1		
27853	648.3749149451296	3.599077	-1		
27368	429.27315725147946	3.5993762	473		
28360	717.4332210522156	3.5994353	534		
27485	1012.5429711536626	3.599781	740		
27342	628.3840568666343	3.5999365	-1		
28613	934.529600292007	3.601799	-1		
27068	1089.529691678152	3.601943	85		
27417	1121.6058664986497	3.6019974	-1		
27109	676.3561818728549	3.6024823	-1		
27050	613.3543304710922	3.6027298	-1		
27600	1013.0438070352636	3.6026905	740		
27472	834.4709074196239	3.6031919	97		
27464	569.3310415762742	3.603311	-1		
28142	676.4061859297436	3.603501	-1		
27574	734.8983872184206	3.6047394	-1		
27390	1099.624511567809	3.6054862	75		
27384	183.989247066456	3.6070604	-1		
27089	731.4558058965267	3.609125	-1		
27477	479.8089510387919	3.6195908	-1		
27546	297.1141018702389	3.6211224	-1		
26283	622.3399262215721	3.6219263	122		
27308	424.9335029502512	3.62214	-1		
27505	661.8731292730353	3.6223216	608		
27532	390.2392153469864	3.623538	814		
27496	670.3869173181082	3.62442	-1		
26331	619.8626495724961	3.624792	452		
27544	515.2878314275915	3.6251435	-1		
28803	412.2214229377482	3.6255467	-1		
27446	800.4724158183842	3.6278422	1798		
26854	680.8469575770888	3.6285856	-1		
27593	634.888393870769	3.6291256	-1		
27006	673.3644261382033	3.6296644	136		
27536	537.2686010947214	3.6314547	-1		
27754	725.9011596883313	3.6316552	735		
26988	1244.6779887592888	3.6320732	-1		
27741	684.3605931225545	3.6325955	13		
26335	1221.6922106980826	3.6329653	1251		
28108	598.3423012838753	3.6361938	-1		
27679	628.3090845438487	3.6362133	485		
27400	550.3172428423129	3.6369662	-1		
27677	650.2922838767902	3.6370616	-1		
27900	792.4548802390493	3.6371074	972		
27706	611.8510059768149	3.638327	452		
28335	488.295789915201	3.63939	-1		
29169	683.852166806648	3.6398497	-1		
28700	684.3537342347835	3.6400032	-1		
26467	643.4073893055617	3.640603	-1		
26457	434.9493146836385	3.6408234	-1	26457.0	Suspect related to Spectral Match to Nonaethylene glycol from NIST14 (predicted molecular formula SIRIUS: unknown / BUDDY: unknown) with delta m/z 18.028 (putative explanation: Glu->Phe substitution; atomic difference: 4C,2H,-2O) [M+H]+
27885	822.456324125845	3.6409047	-1		
27146	634.3800626263607	3.64119	1237		
28965	672.8629252820015	3.641734	136		
28868	1344.721455599647	3.6418066	-1		
27844	670.888369688133	3.6420326	608		
29067	1345.7248313392424	3.6424236	-1		
28434	1322.7402980249728	3.6426785	-1		
28996	684.4030326944401	3.6431055	-1		
27742	705.344026376583	3.6444626	71		
27845	634.2867926659512	3.6447961	-1		
27816	294.1550735654095	3.6450212	-1		
27822	742.4028348965152	3.6455534	-1		
27630	611.3491550782617	3.6456704	452		
27857	277.1286408161505	3.64867	-1		
27824	751.4015642506847	3.6497037	-1		
27894	512.2015587761007	3.650439	-1		
27647	633.3300719921623	3.6512187	-1		
28063	1111.582552526783	3.652089	-1		
27638	633.87841930664	3.6536167	1237		
27914	668.3477179323726	3.6536744	147		
29214	1243.6748065986365	3.6552432	-1		
27651	430.2014382479383	3.655361	22		
27884	791.9542019090104	3.655373	972		
27895	802.9476961385934	3.6556458	-1		
27057	874.5149380217965	3.6557517	206		
28068	1089.598743894345	3.6564581	-1		
27139	875.0155409845052	3.657123	206		
28320	1323.7438086211998	3.658045	-1		
28090	1133.563251471906	3.6626797	-1		
28120	840.3863224097762	3.663029	-1		
28298	787.9176597726798	3.6642082	455		
28274	795.3999986863065	3.6648853	-1		
28495	795.4445307557046	3.6656437	-1		
27777	683.362023556527	3.666365	13		
28937	628.3842274738373	3.667235	-1		
28049	564.2764712168073	3.6688428	-1		
28047	1127.552347876502	3.6704838	-1		
28077	331.2171702671506	3.6710565	-1		
28073	583.2761612430677	3.6714282	-1		
27936	804.4567475475965	3.671757	-1		
28375	803.9542605443083	3.672974	547		
28344	662.3740016938532	3.6736612	-1		
27273	540.3506791395148	3.6742768	-1		
28725	613.3548771297245	3.6751673	1690		
28386	1173.642444537677	3.6751158	-1		
28440	776.4294497111946	3.6758702	735		
28128	586.8222845496206	3.6760428	-1		
27962	309.0876980384375	3.6773942	-1		
28243	502.98503561266784	3.6787562	-1		
28213	502.6509250977805	3.6787765	-1		
28176	769.9102870639125	3.6790287	255		
28161	753.4746813657572	3.679295	-1		
28703	599.3442104023209	3.680046	737		
28959	661.8722923893282	3.6800852	608		
28137	508.66099185526673	3.6807446	-1		
28045	1128.557638745183	3.6816287	-1		
28465	809.3984085707141	3.6819015	-1		
28419	754.4773747589644	3.682664	1125		
28173	525.8096913966109	3.683361	-1		
28081	738.9547292178031	3.6837082	-1		
28148	508.32671091584143	3.6838727	715		
28875	630.323487689232	3.6841602	-1		
28264	532.2759243392115	3.684258	-1		
28501	784.9411636637103	3.6844265	-1		
28061	545.3033247109939	3.6850832	176	28061.0	"""Candidate Trihydroxylated bile acid (delta mass 136.0072; sirius atomic difference: -2C, 8N, 3O; buddy atomic difference: 9C, 2N)"""
28198	636.3122599986355	3.6853018	-1		
27923	676.3574726207086	3.6853082	147		
29489	510.29413738250383	3.685369	-1		
27800	700.3865638236758	3.6853607	-1		
27445	579.840155196407	3.685403	-1		
29941	667.8462347339749	3.685582	147		
29022	670.3867914215664	3.687711	608		
28603	619.8626716853624	3.6877718	452		
28263	498.3107094643203	3.6877854	-1		
28225	619.3648646430172	3.6882908	-1		
27864	490.22033819197605	3.6891944	634		
28163	614.3310295071653	3.689708	485		
28307	722.3972589030025	3.690873	-1		
28314	738.4498912530312	3.6915395	1458		
28536	635.3773019588241	3.6923077	262		
29232	622.3399725302125	3.693503	122		
28543	812.459812179506	3.693529	-1		
28443	787.4180842154243	3.6937954	455		
28218	630.3583188962581	3.6954148	-1		
28649	349.1745955940449	3.698838	-1		
28431	586.3243628701991	3.699766	-1		
28478	814.9387711960479	3.7001956	-1		
28692	778.9285977465133	3.7002335	-1		
28665	777.9266352412568	3.7009642	255		
28429	812.9624922435536	3.7013338	-1		
28076	563.7497936890866	3.7023175	-1		
28652	785.4382671792217	3.702443	735		
28296	603.3504702657062	3.7029936	-1		
29352	689.827492305213	3.703963	-1		
28146	639.3459372403602	3.7056465	-1		
28644	769.4027688041142	3.7057803	255		
28622	608.3064107082048	3.7095902	-1		
28467	867.9901655431203	3.7100787	-1		
28505	769.4004921266608	3.7101254	13		
30101	791.3789404596233	3.7146099	-1		
28804	530.8441875970398	3.717875	-1		
29455	169.08643131875434	3.7187247	558		
27753	661.9175091431061	3.719232	1214		
28630	569.831179892136	3.7194815	1220		
27846	580.8219318354029	3.7203236	-1		
29201	429.27378657403176	3.7214963	664		
29076	1088.544647009714	3.7215264	85		
27652	1110.5246369752304	3.7226543	-1		
28522	867.4880093461595	3.7250943	-1		
27904	581.3231446255018	3.7253835	61		
28744	1160.6398795157618	3.7266948	-1		
28985	676.3586359588461	3.727265	147		
28815	1138.656411413075	3.7277336	64		
29342	586.3252725157488	3.7284687	-1		
28704	433.9342674941067	3.7285762	-1		
28910	676.859928763871	3.7288477	147		
27573	650.3988372712272	3.7292151	-1	27573.0	Suspect related to Spectral Match to Undecaethylene glycol from NIST14 (predicted molecular formula SIRIUS: unknown / BUDDY: unknown) with delta m/z 146.058 (putative explanation: Fucose; atomic difference: 6C,10H,4O) [M+H]+
28746	1105.57344095502	3.7294168	85		
28339	836.3921777135271	3.731305	-1		
28832	501.2723625803526	3.731468	22		
27993	1161.6439001428137	3.7324317	-1		
30121	429.59410480225216	3.7327945	-1		
28787	881.9965781721745	3.7327652	186		
28857	654.3534364643872	3.733324	-1		
28813	191.1643331579268	3.7341194	-1		
28784	757.4977406725865	3.7344015	-1		
29240	1106.5682288944724	3.7350683	85		
28802	208.1909869232267	3.7351885	-1		
28990	728.3892528282873	3.735326	-1		
28726	741.9076437071936	3.735961	-1		
28958	1042.5047046765133	3.736119	-1		
28951	450.2936249630197	3.7362669	-1		
28823	881.4969135695226	3.736737	-1		
28865	890.0109076097242	3.737489	696		
28641	327.19260437389494	3.7377331	-1		
28773	1089.5381183139089	3.739284	85		
28847	275.0486777250401	3.7411132	-1		
28853	523.2546915981603	3.7412891	178		
28854	1051.538121358442	3.7414103	-1		
30127	546.3311167948222	3.7416327	-1		
28964	449.6252892785111	3.741783	119		
27782	665.4225428638465	3.741843	563		
28982	449.95964599471137	3.7419693	-1		
28842	678.4015617543134	3.7426949	60		
29136	826.4636626031239	3.7435305	97		
28948	443.94973748258	3.7439399	-1		
27743	444.2843774289285	3.743985	-1		
28834	518.2992329074868	3.744027	-1		
29236	834.4706287470522	3.7440047	97		
29331	1112.52090864735	3.7457516	-1		
28466	988.55589904968	3.7463892	-1		
30553	526.2719283571628	3.7466795	-1		
29876	650.9003959214381	3.748084	-1		
28752	439.6096949637394	3.7483046	1456		
29065	828.4633228304255	3.7502024	-1		
29913	1020.5274483066776	3.750615	-1		
29728	1111.5221631928955	3.7509265	-1		
28905	892.4884538784739	3.7521408	-1		
28972	744.891345963016	3.75435	-1		
29250	845.430103922301	3.7543828	455		
30285	528.3360687585048	3.757282	1214		
30451	1010.5331636723988	3.7586637	-1		
29158	743.8730904496539	3.7590823	-1		
29569	1090.5377374097498	3.7591887	-1		
28878	890.5099529879931	3.759585	696		
29162	834.9732308491675	3.7635322	97		
28369	637.3945498730353	3.7636995	-1		
29369	611.350286595954	3.7638304	452		
28698	1073.5178110564375	3.7647812	-1		
29334	714.8804397214062	3.7674599	113		
29480	651.4100211381141	3.768431	-1		
29208	866.9151788082631	3.7700415	-1		
29228	844.9343090094418	3.7708693	-1		
30811	558.3365080980743	3.7710586	150		
30587	339.7032503089857	3.7721834	-1		
29462	734.4049640326327	3.7731254	-1		
29371	715.3824670757338	3.7737515	113		
29262	717.3543181627668	3.7738044	-1		
29267	836.9504430123286	3.773871	-1		
29434	592.3134111909518	3.7741065	-1		
29254	619.8614770487102	3.7751868	452		
29229	742.9191547137286	3.7763147	-1		
29255	825.9605803386337	3.7771997	97		
29275	858.9315418789959	3.777201	-1		
29317	728.3475648260215	3.7773728	-1		
29381	1428.754045432643	3.7789443	-1		
29263	869.9213335452419	3.7796118	-1		
29367	706.8684743653613	3.7796648	-1		
29358	706.3657367892237	3.7797136	113		
29380	1433.7090623568993	3.7811959	-1		
29377	523.0014305423748	3.7816095	1632	29377.0	"""Candidate Trihydroxylated bile acid (delta mass 113.7082; sirius atomic difference: -14C, -19H, 13O, 3P)"""
29312	728.8490857362692	3.7826285	-1		
29492	517.3258564900641	3.7826498	203		
29242	848.4408087031848	3.782948	1088		
29389	775.4864316828151	3.7834942	-1		
29326	801.9267377888933	3.783501	-1		
29313	859.4320951368096	3.7838972	-1		
29361	1429.7557917589663	3.7844083	-1		
29276	847.9404985249657	3.7844834	1088		
29225	837.4496893867126	3.78456	455		
28558	729.9065348320466	3.7867794	329		
29264	732.8862588132804	3.7873402	-1		
30621	677.3658754452208	3.7890286	195		
29437	732.3842614022639	3.7898352	-1		
29415	1208.6365268660336	3.7904642	-1		
29587	753.9257419676001	3.7927537	396		
29516	512.9857457595353	3.7935467	-1		
29980	769.3974834795201	3.7937157	13		
29470	760.9626745482426	3.7938828	943		
29658	730.4088838063415	3.7941606	329		
29520	721.3921068479652	3.7958562	-1		
30128	496.2753605315684	3.7964323	-1		
30050	874.5152094278075	3.7981062	206		
29619	760.4618266197922	3.799514	529		
30107	722.3987093818583	3.8006122	136		
29604	830.8979765415276	3.8007498	27		
29574	822.3843102048379	3.8017988	27		
29401	730.9154175288685	3.8023036	-1		
29608	839.9144366882291	3.802805	27		
29698	839.4129168538426	3.8038101	27		
29545	1186.663542474293	3.8052893	-1		
29726	822.8861969795031	3.8058722	-1		
30033	831.3988392995417	3.8058877	27		
29632	630.8495170174882	3.8064125	-1		
29733	502.9698490030275	3.8071241	298		
30851	699.3459679367381	3.8083642	926		
29794	678.8354004937911	3.8084252	-1		
29707	764.4357892724357	3.8092375	926		
29747	690.3260909916444	3.8094218	-1		
29798	697.9041544132948	3.8100493	-1		
29406	1066.5281846267435	3.8102248	-1		
29727	742.4559425574173	3.8107708	195		
30077	531.3122231475811	3.8115575	537	30077.0	"""Candidate Tetrahydroxylated bile acid (delta mass 106.02; sirius atomic difference: 8C, 4H, -1O; buddy atomic difference: 11C, -2H, 4N, -5O)"""
30078	558.2482415793029	3.8149455	1229		
29689	1185.6670615274384	3.815434	-1		
29770	571.2419242846868	3.8163419	-1		
30350	769.4019143640996	3.8167021	13		
29695	1163.6840957127151	3.8171575	1304		
29878	630.353353038357	3.8190358	-1		
29972	514.2862679470619	3.820251	537	29972.0	"""Candidate Tetrahydroxylated bile acid (delta mass 88.9939; sirius atomic difference: 2C, 3H, 1N, 1O, 1S; spectral library match to CCMSLIB00005465786, """"2-((4R)-4-((5R,7R,8R,9S,10S,12S,13R,17R)-7,12-dihydroxy-10,13-dimethyl-3-oxohexadecahydro-1H-cyclopenta[a]phenanthren-17-yl)pentanamido)ethane-1-sulfonic acid"""")"""
29893	753.4266864509016	3.8209925	396		
30401	576.1974909151648	3.8213866	-1		
30926	554.2153815568678	3.821897	-1		
29864	727.9196612270205	3.8227735	-1		
30768	743.4585369341244	3.8230546	-1		
29701	582.3455755175382	3.8232937	206		
30205	990.5638288714184	3.8239675	-1		
30041	767.3917421430268	3.8241591	-1		
29621	1221.6929411114825	3.8242092	1251		
29911	774.8774864491612	3.8250568	-1		
30148	1089.5353599730097	3.827832	85		
29668	775.4328847728033	3.828086	-1		
29896	619.3607873725526	3.829496	-1		
30159	1160.6396971689394	3.8296869	-1		
29965	584.3163852754745	3.8298895	-1		
29823	786.420196473721	3.8305223	-1		
29874	367.21005036223033	3.8308964	-1		
30027	766.8936049602316	3.8310044	57		
30459	650.3971870727815	3.831194	342	30459.0	Suspect related to Spectral Match to Undecaethylene glycol from NIST14 (predicted molecular formula SIRIUS: unknown / BUDDY: unknown) with delta m/z 146.058 (putative explanation: Fucose; atomic difference: 6C,10H,4O) [M+H]+
29899	1237.72295534647	3.831381	-1		
30043	755.903764327863	3.8325672	57		
30492	536.2646824688097	3.8332183	-1		
30006	763.8866101966303	3.8334072	-1		
29723	611.8499523611953	3.833869	452		
29908	606.3006088236984	3.8345208	-1		
29490	687.4340199761006	3.8364396	-1		
29974	1356.6664331731747	3.8366923	-1		
29960	1238.7247669264736	3.8370948	-1		
29861	1259.7023543223168	3.8375587	-1		
30065	1381.7467589958285	3.840391	-1		
29849	771.8744174713643	3.8405385	-1		
30042	744.9146809152263	3.8408332	396		
30157	657.3889744856193	3.841251	-1		
30155	580.8212315159823	3.842532	61		
30066	1488.8223535263858	3.8433108	-1		
30594	581.3228817801509	3.8441727	61		
30169	730.3828274183799	3.844276	-1		
30007	1382.250302294328	3.8444245	-1		
31341	569.8305846518393	3.8445399	1220		
30233	733.3911878864106	3.8449328	-1		
30655	443.94958519874746	3.8456652	1016		
30105	301.24841514970734	3.8471594	-1		
31098	777.4039109116427	3.8479857	495		
30063	921.8342869242994	3.8484018	186		
31153	777.9081844449155	3.8494213	495		
30642	665.4225083961225	3.8494406	-1		
30126	659.8578853354899	3.849822	1025		
30035	922.169097880574	3.8502028	735		
30133	730.8822053415846	3.850577	-1		
31367	668.3466167362195	3.8511946	147		
30643	449.6251763484212	3.8518162	-1		
31506	1138.6559885582838	3.851986	64		
30274	635.3768630846587	3.8523262	1091		
30144	756.4102680072332	3.852814	57		
30837	444.26929488657856	3.854606	-1		
30301	448.6094586577035	3.8546414	-1		
30593	1161.6433444597296	3.854986	-1		
30197	1443.788221923127	3.8556347	-1		
30181	690.8861986688582	3.8557694	-1		
30241	1444.790295716125	3.8563762	-1		
30527	672.3752631384261	3.8569129	122		
30231	711.4059716027818	3.856955	97		
30216	719.9194507355784	3.8571637	97		
30878	711.3613060668492	3.857689	-1		
29860	707.3929432012287	3.8577948	-1		
30217	711.9076527355837	3.8578842	97		
30192	1421.807995714644	3.8579743	-1		
30381	720.4207984817417	3.8583784	97		
30258	155.14364107072558	3.8587146	357	30258.0	menthone
30045	769.8864203608682	3.8587651	-1		
30112	745.4186690093424	3.8596947	396		
30385	672.4112472449173	3.8597896	-1		
31074	676.3590775679219	3.8604586	-1		
29892	1004.5733063577718	3.8606758	-1		
30331	452.9491816881183	3.8609293	-1		
29991	1046.5313406404582	3.8609042	-1		
30339	454.61927107873134	3.8612769	-1		
30168	921.50063324544	3.8614666	-1		
30343	968.5842507328824	3.8617182	70		
30354	454.2848385966572	3.8619092	852	30354.0	Suspect related to Spectral Match to Nonaethylene glycol from NIST14 (predicted molecular formula SIRIUS: unknown / BUDDY: unknown) with delta m/z 40.016 (putative explanation: unspecified; atomic difference: 2C,2H,1N) [M+H]+
30848	730.9141057913931	3.861889	-1		
30276	682.8819706097441	3.8622804	-1		
30447	1105.5733681684758	3.863032	-1		
30319	761.3680042586366	3.8633823	-1		
30257	761.869477137125	3.8633854	-1		
30351	760.8681836122838	3.865107	-1		
30315	693.8795717369403	3.8665364	-1		
30556	1110.5241310060924	3.8674872	-1		
30389	458.9592281593565	3.8678262	87	30389.0	Suspect related to Spectral Match to Undecaethylene glycol from NIST14 (predicted molecular formula SIRIUS: unknown / BUDDY: unknown) with delta m/z -44.026 (putative explanation: Dealkoxylation, dehydroxyethylation|Thr->Gly substitution; atomic difference: -1C,-2H,-1O|-2C,-4H,-1O) [M+H]+
30013	718.8849718588987	3.8691974	-1		
30334	203.0918323247935	3.8698218	-1		
30338	157.04990363913868	3.8699546	-1		
30008	315.0847138645778	3.8702404	-1		
29832	1068.5697785595885	3.870452	-1		
31007	742.9162061222772	3.870715	-1		
30308	322.1865722407987	3.872011	-1		
28927	788.4505469545297	3.8719862	408		
31241	299.1106315639346	3.8722513	-1		
30683	660.8805325730752	3.8723893	97		
30493	458.6247177926136	3.8727248	-1		
31297	747.8981608954	3.8727958	-1		
31202	294.1551363794449	3.8731184	291	31202.0	Suspect related to Massbank:AU285706 Triethylcitrate|Triethyl citrate|triethyl 2-hydroxypropane-1,2,3-tricarboxylate (predicted molecular formula SIRIUS: C15H21N2O4 / BUDDY: C12H23NO7) with delta m/z 17.027 (putative explanation: replacement of proton with ammonium ion; atomic difference: 3H,1N) [M+H]+
31206	277.1286962245524	3.8734822	291	31206.0	Massbank:AU285706 Triethylcitrate|Triethyl citrate|triethyl 2-hydroxypropane-1,2,3-tricarboxylate
29554	713.9061588507396	3.8738673	-1		
30712	821.4552880350845	3.875105	416		
30572	728.3888822740296	3.875317	56		
30563	672.9113227576024	3.8755922	-1		
30514	464.3004545986279	3.8758557	87	30514.0	"""Candidate Tetrahydroxylated bile acid (delta mass 39.0099; sirius atomic difference: 2C, 1H, 1N; buddy atomic difference: 2C, 1H, 1N)"""
29618	708.3853794614347	3.876992	-1		
30517	687.4340444879841	3.8781297	-1		
29234	327.2172196482904	3.8788433	679		
29589	768.4549314432393	3.880956	343		
30675	671.8718894271664	3.8810873	122		
30972	445.27809063916	3.8818107	-1		
30523	538.0110279315811	3.8851926	-1	30523.0	Candidate Trihydroxylated bile acid (delta mass 128.3833)
30521	757.496354962984	3.8858392	-1		
32073	728.890387022785	3.8864613	56		
30548	797.4984641171473	3.8868163	-1		
31493	429.2504371947493	3.886993	382		
30518	537.6765860385639	3.8876147	-1	30518.0	Candidate Trihydroxylated bile acid (delta mass 127.532)
30688	532.00098679718	3.8889282	-1		
31230	246.24318474110788	3.889386	-1		
30600	693.8524450840507	3.8906999	-1		
30637	532.3352852106747	3.890865	-1		
30714	809.96358847263	3.8910317	70		
30838	818.9777232425366	3.8913333	70		
31124	839.4126681368311	3.8922033	27		
31141	667.8450992813973	3.8924725	-1		
30814	1322.7629492539827	3.894147	1251		
30800	840.4307702504544	3.8942604	-1		
30741	528.3332304832372	3.8948543	-1		
30677	669.3959217586746	3.8955994	97		
30302	768.9551756060895	3.8962605	1297		
30696	679.8575265774142	3.8974657	-1		
32038	719.8748203555497	3.8982284	56		
30699	527.9954779316627	3.8984106	-1		
30928	598.337647083238	3.8985376	-1		
30668	1320.7575217375716	3.8989978	1251		
30693	527.6611449105098	3.8991854	-1	30693.0	Candidate Trihydroxylated bile acid (delta mass 119.5451)
31222	730.4055396123042	3.8995857	329		
30707	682.8643735356459	3.9003084	-1		
30652	1342.740335615967	3.9007268	-1		
30772	831.9447709282663	3.9008849	57		
30759	843.4398950468161	3.9014688	-1		
30725	810.4654866405999	3.901497	70		
31754	820.9517711320701	3.9039457	416		
31237	839.913777156479	3.903963	27		
30766	782.4754984207591	3.9041483	-1		
30554	658.3095634582668	3.905132	-1		
31180	729.9042104121177	3.9051254	1609		
30865	839.9310060820551	3.905204	-1		
31775	680.2909654427173	3.9052854	19		
30958	770.4787872112615	3.9067724	-1		
30720	818.4753130936754	3.9069095	70		
30841	567.2215293263286	3.9097621	-1		
30830	551.2482479546748	3.9098368	865		
30853	529.2677670259648	3.9100635	595		
31129	668.8476156491233	3.910342	-1		
31158	742.4553800530392	3.9109106	195		
30839	511.2555994683124	3.9110756	595		
30341	988.5133728043884	3.911652	-1		
31255	830.8973093614699	3.9117255	27		
31259	822.3839478166626	3.9124746	27		
31565	966.5316765652476	3.912551	-1		
30894	842.9384723792068	3.9129672	-1		
30840	749.3782785288637	3.9134293	242		
30973	517.6456532062233	3.9142501	298		
30956	1026.557402338941	3.916154	-1		
31265	822.8857778611475	3.9162917	27		
31059	594.3141199329445	3.9163506	186		
30630	612.3554997427557	3.916699	749		
30886	349.25856101364707	3.9173443	-1		
30732	789.4525633253361	3.9173937	-1		
30923	371.2406257782143	3.9174976	-1		
31179	721.3886004921704	3.919285	329		
30681	915.4992442835426	3.9193614	1671		
31389	831.3986988945458	3.9209652	27		
31110	620.3170548218161	3.9216983	-1		
30937	1002.5685122820504	3.9221575	75		
31160	331.21723702730907	3.92244	913		
31025	867.5355407571701	3.9226432	70		
30951	1024.5504575889586	3.9244862	-1		
31038	868.5405209616421	3.9253066	-1		
30827	832.4448767768256	3.9255002	-1		
31450	166.08648007465408	3.927235	32	31450.0	PHENYLALANINE
30806	1088.5432568909446	3.927636	85		
31068	619.8622273610093	3.9278226	452		
31181	764.3971405422026	3.9281042	258		
30664	770.3571595531604	3.928291	19		
30946	771.3595764147842	3.928346	-1		
31994	769.353913846688	3.9283965	19		
30745	748.3753595990372	3.9287465	-1		
30940	662.4170408495067	3.9291015	415		
31989	785.325797238566	3.929293	-1		
30932	747.3724991558098	3.929323	258		
31993	791.335112283354	3.931058	-1		
31108	792.4305038199544	3.9331825	-1		
31072	889.5182555233382	3.9337687	-1		
32140	1046.5314071987373	3.934837	-1		
30658	596.3614384701783	3.9351723	1001		
31587	272.16465427095784	3.9359632	-1	31587.0	Suspect related to Massbank:AU267102 Diphenhydramine|2-benzhydryloxy-N,N-dimethylethanamine (predicted molecular formula SIRIUS: C17H21NO2 / BUDDY: C17H21NO2) with delta m/z 15.995 (putative explanation: Ala->Ser substitution|Oxidation or Hydroxylation|Phe->Tyr substitution; atomic difference: 1O|1O|1O) [M+H]+
30969	512.7778283208435	3.9360757	-1		
30949	501.78720578648125	3.938233	75		
31675	918.5104073199104	3.9392033	-1		
32147	896.527469394729	3.940504	-1		
31524	535.0361695997331	3.9417279	983	31524.0	Yersiniabactin_Fe-adduct
30440	924.4967004915655	3.9421883	-1		
30086	1062.5590142580072	3.9432898	-1		
31377	771.4840761395399	3.94431	1427		
31112	611.349044313493	3.9457474	735		
31111	367.2098689828954	3.948694	-1		
31090	966.0017798581408	3.9502184	163		
30743	806.4813939546724	3.95259	-1		
30971	623.3463814275327	3.9548364	1592		
31326	661.9154388877	3.9556913	415		
31240	319.0750128977011	3.9570618	-1		
31260	341.0569894191386	3.9585152	-1		
31267	490.2196637441646	3.9620469	634		
31051	700.3887902079027	3.9631608	-1		
31334	701.3921856687508	3.968513	-1		
31831	728.3872695637125	3.968663	56		
31845	760.8681547719392	3.9696054	-1		
31910	713.9065957902901	3.9750955	-1		
31719	677.3615076466576	3.9769127	195		
31439	463.2846524322716	3.9784036	-1		
31793	454.2849002738977	3.9787862	-1	31793.0	Suspect related to Spectral Match to Nonaethylene glycol from NIST14 (predicted molecular formula SIRIUS: unknown / BUDDY: unknown) with delta m/z 40.016 (putative explanation: unspecified; atomic difference: 2C,2H,1N) [M+H]+
31279	764.4367302061424	3.98083	926		
30678	1223.7087342504672	3.9812908	64		
31597	659.8592247398598	3.9814672	1025		
31796	672.411035343493	3.9820275	342		
31924	687.43402593636	3.9827204	-1		
31487	774.9264698951313	3.9828863	-1		
31501	612.3566898149926	3.9834871	749		
31885	458.6242067244763	3.9836297	1714	31885.0	Suspect related to Spectral Match to Undecaethylene glycol from NIST14 (predicted molecular formula SIRIUS: unknown / BUDDY: unknown) with delta m/z -44.026 (putative explanation: Dealkoxylation, dehydroxyethylation|Thr->Gly substitution; atomic difference: -1C,-2H,-1O|-2C,-4H,-1O) [M+H]+
31472	469.2950048651696	3.9837675	852		
30705	468.9604273038501	3.9840117	-1		
30452	458.94429404920845	3.9850712	342		
31985	770.4778412238846	3.9858644	1635		
32478	1089.531787960199	3.985899	85		
31500	552.6872367196917	3.9866912	-1		
31535	623.8501913119427	3.9870536	1592		
31510	552.3529668325515	3.9872873	-1		
31653	820.0171094667492	3.9876533	416		
31608	546.6774246321187	3.9877942	-1	31608.0	Suspect related to Spectral Match to Undecaethylene glycol from NIST14 (predicted molecular formula SIRIUS: unknown / BUDDY: unknown) with delta m/z 44.026 (putative explanation: Ethanolation|Gly->Thr substitution|PEG repeat unit|unspecified; atomic difference: 2C,4H,1O|2C,4H,1O|2C,4H,1O|2H,3N) [M+H]+
32133	768.4550637552697	3.9881136	343		
30934	1245.6914433323902	3.988122	-1		
31543	596.3628761984422	3.9885287	1001		
31588	547.011894093027	3.989935	-1	31588.0	Suspect related to Spectral Match to Undecaethylene glycol from NIST14 (predicted molecular formula SIRIUS: unknown / BUDDY: unknown) with delta m/z 44.026 (putative explanation: Ethanolation|Gly->Thr substitution|PEG repeat unit|unspecified; atomic difference: 2C,4H,1O|2C,4H,1O|2C,4H,1O|2H,3N) [M+H]+
31471	657.3882028118213	3.9902558	-1		
31616	819.514701997583	3.993594	416		
30801	683.3633180060527	3.9947603	13		
31011	696.9044713587192	3.9972398	847		
31391	684.3654493205986	3.9986684	-1		
31777	804.4900349642324	3.998876	943		
31648	479.3105611643797	3.9989223	-1	31648.0	Candidate Trihydroxylated bile acid (delta mass 71.5064)
32556	703.8723737099475	4.0006156	-1		
31636	611.3169771309957	4.001457	-1		
31671	542.6717259795773	4.001774	-1		
30722	694.4253057802359	4.0017676	342		
31711	966.5057964753928	4.0021806	163		
31674	542.337457477308	4.002699	-1		
32062	464.3002453272849	4.002991	-1	32062.0	"""Candidate Tetrahydroxylated bile acid (delta mass 39.0099; sirius atomic difference: 2C, 1H, 1N; buddy atomic difference: 2C, 1H, 1N)"""
32860	623.3465439753029	4.003195	1592		
31248	327.216778862511	4.0036573	462		
32752	705.3443712416026	4.0037746	71		
31431	696.4022750281827	4.0043683	-1		
31134	390.28525627615625	4.005308	462		
30858	709.4476959790167	4.0065255	-1		
30872	478.9761746635782	4.0068965	-1	30872.0	Candidate Trihydroxylated bile acid (delta mass 71.5064)
32365	594.3151782344918	4.0075555	186		
31625	709.9492939522238	4.0076103	-1		
32859	473.30072393920864	4.0080285	-1		
30782	544.3207012795964	4.0092907	85		
31455	467.62536685276046	4.0096655	-1		
31930	691.8856126780862	4.012031	-1		
32126	1024.5506432495688	4.0126457	354		
31620	589.3359506567565	4.0136843	-1		
32941	473.63504234048446	4.0139637	-1		
32098	1002.568788429426	4.014987	75		
31691	692.882011979188	4.015234	-1		
31871	532.3203840169019	4.0180697	1591		
31835	412.2213249800621	4.019146	-1		
31842	390.2392982808422	4.019467	814		
31812	761.4578834961442	4.0197673	70		
31890	677.911137493791	4.024886	-1		
31913	702.874996619399	4.025774	-1		
31894	702.376270259471	4.0261116	-1		
31945	691.3829832583458	4.0277925	57		
31949	688.9076254512262	4.0286865	157		
32469	662.4181033271768	4.0300784	415		
31975	328.09318925921656	4.034889	77		
31946	275.0493142882067	4.0368066	-1		
31932	680.8905442382461	4.037917	-1		
32617	661.9165868838528	4.042832	415		
32400	341.150911184705	4.0461774	-1		
32760	612.3579315551782	4.0518236	749		
32313	684.8726441951012	4.0522017	-1		
32432	689.8271526978724	4.0551114	-1		
33108	358.1045071349916	4.057576	-1		
32222	879.4667247896031	4.058344	-1		
32824	1223.7107920768356	4.0583844	64		
32669	761.958218759377	4.058954	70		
31292	813.4636122650029	4.060826	556		
32832	468.961139936635	4.062909	1456		
31710	559.8166263286085	4.0639515	-1		
32922	634.3407939478329	4.0642223	-1		
32871	596.3644425341822	4.0643845	1001		
32758	667.8454525380279	4.0664287	147		
32464	676.3595386159544	4.0672965	147		
32770	1088.5437776383646	4.0688577	-1		
31368	763.9362659644557	4.0698876	-1		
31889	824.9570557558053	4.0713124	-1		
32331	813.9644724987612	4.072043	556		
32405	714.9185358736047	4.072215	-1		
31403	550.3162855427703	4.0752177	-1		
32318	155.14379693849088	4.076548	357		
32328	178.15984955811234	4.076913	357		
33203	628.3109252327287	4.07718	485		
32096	752.9382316976421	4.0787015	70		
32671	1099.6269861359965	4.079447	75		
32199	1121.6086970706572	4.079531	-1		
32582	1004.5736724837486	4.08074	-1		
32505	561.3518259998907	4.0837474	65		
32347	531.3122380781211	4.0859513	537	32347.0	Suspect related to 2-((4R)-4-((5R,7R,8R,9S,10S,12S,13R,17R)-7,12-dihydroxy-10,13-dimethyl-3-oxohexadecahydro-1H-cyclopenta[a]phenanthren-17-yl)pentanamido)ethane-1-sulfonic acid (predicted molecular formula SIRIUS: C26H46N2O7S / BUDDY: C27H46O10) with delta m/z 17.027 (putative explanation: replacement of proton with ammonium ion; atomic difference: 3H,1N) [M+H]+
32362	842.028583310488	4.086342	805		
32472	841.5262909627165	4.0878787	-1		
32441	567.3627378084303	4.0890703	-1	32441.0	"""Candidate Dihydroxylated bile acid (delta mass 175.0483; sirius atomic difference: 6C, 9H, 1N, 5O; buddy atomic difference: 10C, 9H, 1N, 1S)"""
32455	567.0282893367802	4.0900655	-1		
32542	561.6871959071509	4.0924177	-1	32542.0	"""Candidate Trihydroxylated bile acid (delta mass 151.0451; sirius atomic difference: 8C, 9H, 1N, 1S; buddy atomic difference: 8C, 9H, 1N, 1S)"""
32563	1075.5445196938097	4.0959506	-1		
32856	739.3696619035358	4.100096	-1		
32562	473.9552367645031	4.103142	1591	32562.0	Suspect related to Spectral Match to Decaethylene glycol from NIST14 (predicted molecular formula SIRIUS: unknown / BUDDY: unknown) with delta m/z 13.979 (putative explanation: Thr->Asp substitution|Tryptophan oxidation to oxolactone|aldehyde and ketone modifications|hydroxylation difference carboxylation|proline oxidation to pyroglutamic acid|Oxidation, epoxidation; atomic difference: -2H,1O|-2H,1O|-2H,1O|-2H,1O|-2H,1O|1O,-2H) [M+H]+
32643	1053.5636780272694	4.1041946	234		
32597	329.2549220959445	4.1043997	121	32597.0	Arg-C10:0
32636	557.0127537667879	4.1048417	-1		
32774	826.5036779808568	4.106292	342		
32348	731.8883083790025	4.1078234	-1		
32589	477.960611984824	4.108322	-1		
32614	478.2958281498212	4.108841	226	32614.0	"""Candidate Trihydroxylated bile acid (delta mass 70.0151; sirius atomic difference: 2C, 2H, 2N, 1O)"""
32602	829.4592212625372	4.109042	-1		
32924	725.9038612759342	4.110655	7		
33654	525.8106957763704	4.110846	-1		
32557	473.6206248506777	4.111149	342	32557.0	Suspect related to Spectral Match to Decaethylene glycol from NIST14 (predicted molecular formula SIRIUS: unknown / BUDDY: unknown) with delta m/z 13.979 (putative explanation: Thr->Asp substitution|Tryptophan oxidation to oxolactone|aldehyde and ketone modifications|hydroxylation difference carboxylation|proline oxidation to pyroglutamic acid|Oxidation, epoxidation; atomic difference: -2H,1O|-2H,1O|-2H,1O|-2H,1O|-2H,1O|1O,-2H) [M+H]+
33669	614.3321289643025	4.112949	-1		
33596	545.3037799877719	4.11539	176	33596.0	"""Candidate Trihydroxylated bile acid (delta mass 136.0072; sirius atomic difference: -2C, 8N, 3O; buddy atomic difference: 9C, 2N)"""
32946	716.9397700378136	4.1154037	-1		
32573	556.7960876903186	4.115605	-1		
32661	567.2862696005432	4.1160893	-1		
32678	791.9571462429151	4.118831	-1		
33764	1133.5662255418936	4.1189265	-1		
33710	1111.5861110654569	4.1197944	-1		
32887	732.4649236630424	4.1200767	-1		
33781	743.9214768808924	4.120377	-1		
33270	744.4223646170885	4.120388	-1		
31783	788.450185505068	4.120572	408		
33116	636.3133184556445	4.120708	-1		
32624	483.6361614105299	4.1208906	-1		
32784	493.9861059899642	4.1211686	-1		
33720	1089.6039326584312	4.1211963	-1		
33320	792.4586750396985	4.1213994	972		
33787	716.4385878858961	4.1215286	342		
33556	803.4513142244436	4.1263614	-1		
32923	717.3859799506567	4.12701	7		
32938	546.9970194811252	4.1271048	-1		
34335	586.8229326753425	4.127897	-1		
32905	739.8699437540178	4.128357	-1		
32277	597.81406684958	4.1289988	-1		
33798	482.301325438668	4.129162	-1		
32978	734.414472927883	4.1293097	7		
33852	763.9370736993104	4.129878	-1		
33939	493.6517030911321	4.1308126	119		
32771	731.4611769386983	4.1308513	-1		
32903	1450.797325299198	4.1310167	-1		
32873	734.9161836097097	4.1312175	-1		
33815	487.9761764355542	4.131505	-1		
32901	1455.752290906676	4.131508	-1		
33578	840.9563689203254	4.1336164	-1		
32956	1456.7558670108626	4.1354513	-1		
33818	1013.0444477763522	4.136406	740		
34023	1012.544187141594	4.1372485	-1		
33832	488.31069831592686	4.1375275	-1		
32444	765.9031947962793	4.1395197	-1		
33245	1113.5936640721527	4.139716	-1		
33195	726.4049625173388	4.141238	7		
32630	841.4602791455159	4.144107	-1		
33363	379.2529708683552	4.144882	-1		
33062	250.11217302126445	4.1504564	1434		
33999	521.3971536063469	4.1625967	404	33999.0	Lys-UDCA
33147	525.2931126710232	4.163743	-1		
33595	813.9629021600985	4.163816	556		
33821	791.9553446376375	4.1653385	972		
34134	506.8332448149897	4.1657834	-1		
33461	1031.5929454701657	4.16984	70		
33850	788.4500615023253	4.1711726	408		
33767	553.8376028835437	4.1712313	-1		
33432	689.3261104242655	4.172712	-1		
33235	227.16428926902296	4.172992	-1		
33358	432.213995055334	4.174117	-1		
34103	599.3500453717719	4.1812854	-1		
33190	654.3558819990178	4.182766	-1		
33161	547.2775074819758	4.1838417	-1		
33351	454.1951923924375	4.1861033	-1		
33972	676.3595714375659	4.1884875	147		
33418	581.7031959659095	4.1927137	715		
33420	582.0375616580795	4.19286	-1		
33422	1034.0714976764696	4.193269	70		
33557	576.027596562643	4.1939783	-1		
33417	1044.561660674182	4.195722	-1		
33411	1033.570747820543	4.195833	70		
33419	1022.579142730778	4.1958942	70		
33105	831.452728350377	4.1988316	-1		
33364	829.9563706881939	4.199047	-1		
33428	1045.0621258505205	4.199312	-1		
33452	695.3335478317516	4.19936	-1		
33333	864.0392716679785	4.1996746	-1		
33838	607.8668578126307	4.200145	737		
33385	1023.08009850953	4.200624	70		
34255	673.3955844388028	4.2011313	-1		
33864	804.4519470876853	4.201467	547		
33954	651.4168339520178	4.201632	-1		
34295	803.9497355461854	4.203262	547		
33383	673.3557671945957	4.2045016	458		
33459	863.539645528431	4.2048264	-1		
33460	1031.0912867617906	4.2064586	70		
34064	815.4438202388973	4.207234	-1		
33398	738.9547441349392	4.2073903	-1		
33458	1056.0536311008525	4.209037	-1		
33603	572.0220517181843	4.2113004	-1		
33616	571.6877248950907	4.21323	-1		
33406	1055.5533243242023	4.2167215	-1		
33518	876.0038174346706	4.218259	-1		
33614	492.9702504220463	4.219967	342		
33352	922.1668119917348	4.220876	186		
33583	492.6358464645259	4.223348	470		
33651	738.4520980384362	4.223847	-1		
33447	668.3960789561105	4.226092	115		
33693	848.515438052275	4.227191	-1		
34270	822.9332439990751	4.230017	-1		
34421	301.2491422774532	4.230139	131		
33685	881.9977758911177	4.2314253	-1		
33728	607.3378451211464	4.2315087	-1		
33590	651.3719227500211	4.231771	115		
33884	561.6722555732742	4.2324824	-1	33884.0	Suspect related to Spectral Match to Decaethylene glycol from NIST14 (predicted molecular formula SIRIUS: unknown / BUDDY: unknown) with delta m/z 102.031 (putative explanation: unspecified; atomic difference: unspecified) [M+H]+
33478	826.4637378264306	4.2327147	97		
33514	834.9760262722931	4.232963	-1		
33793	537.390747502843	4.233718	404	33793.0	Lys-CA
33752	502.6509579728575	4.236565	-1		
33186	890.5139098767964	4.23904	-1		
34260	496.9760953621012	4.2390814	-1		
33979	881.4979902422955	4.239296	-1		
33886	1096.6196448423127	4.2401285	-1		
34649	488.2952657292751	4.2404613	342		
33620	837.4543454727049	4.243346	455		
33903	1087.6069556729844	4.245034	-1		
33919	778.4266272380394	4.2466645	-1		
35418	498.3110110607408	4.246753	-1		
33741	845.431690458004	4.2487364	-1		
34408	753.9776384909716	4.2492814	-1	34408.0	Suspect related to Spectral Match to p-tert-Octylphenol nonaglycol ether from NIST14 (predicted molecular formula SIRIUS: unknown / BUDDY: unknown) with delta m/z 149.105 (putative explanation: unspecified; atomic difference: unspecified) [M+H]+
33835	834.4744722150655	4.250832	97		
33902	1087.1033034593952	4.251283	-1		
33803	844.9344481845889	4.2514534	-1		
34689	753.4759445977053	4.2519255	-1		
32990	847.9410558016809	4.252815	-1		
33837	1098.0940032988644	4.2535486	-1		
33842	825.9615342535026	4.253598	547		
35543	508.3266351879992	4.254607	119		
34803	508.6610724353	4.254623	-1		
33840	836.9522199673534	4.254707	455		
33817	848.4358501047525	4.2551146	-1		
33969	1099.0953170293762	4.2557344	-1		
33754	624.3592942811323	4.256338	-1		
33985	1095.615063333586	4.2563624	1609		
34763	502.98544929002605	4.2569265	-1		
34312	619.3643553742484	4.2595625	-1		
33992	1096.116669296808	4.26196	-1		
34063	917.47680994367	4.264627	-1		
34428	769.910136195079	4.266972	-1		
34256	859.4335384647975	4.2671638	-1		
34045	582.3459620633646	4.269416	-1		
34769	858.9319807014595	4.271728	-1		
34464	1068.576127316166	4.2738485	-1		
34051	706.868437106563	4.274021	113		
34088	769.4078640532421	4.2746267	-1		
34443	1034.0698801871335	4.2753034	201		
34227	754.4791240641703	4.2766414	-1		
34122	961.4414380929028	4.2789383	-1		
34805	584.3190431680389	4.2838635	-1		
34140	727.9195425402538	4.2858133	-1		
34882	511.2557241542957	4.285995	595		
34158	939.4593497464032	4.2866945	-1		
34811	551.2485441015774	4.2882624	865		
34079	712.90935049699	4.2882566	-1		
34554	1163.6853686402574	4.288304	1304		
34868	529.2664053247746	4.289513	595		
34436	890.0125375551623	4.290293	696		
34465	1013.0434872238708	4.2903166	740		
34144	697.9065613759913	4.2904706	-1		
34854	1164.688344256154	4.2907224	-1		
33895	1185.6677619469654	4.291299	-1		
34137	723.91072223041	4.2921276	266		
34154	934.5065958542936	4.2921543	-1		
34235	596.7135475700716	4.292194	-1	34235.0	"""Candidate Trihydroxylated bile acid (delta mass 187.083; sirius atomic difference: 8C, 13H, 1N, 4O; buddy atomic difference: 8C, 13H, 1N, 4O)"""
34311	591.038083231697	4.2924857	-1		
34327	590.7039252683635	4.294209	-1		
34247	596.3791878074744	4.2943273	-1	34247.0	"""Candidate Trihydroxylated bile acid (delta mass 187.083; sirius atomic difference: 8C, 13H, 1N, 4O; buddy atomic difference: 8C, 13H, 1N, 4O)"""
34119	745.4166265709215	4.299173	396		
34517	706.3662855374389	4.299679	113		
33894	715.3818769530807	4.2998433	113		
34275	885.5527347057013	4.300008	-1		
34294	834.9740513225285	4.3010635	97		
35068	714.8801440503104	4.302238	113		
34307	826.4619494979811	4.303228	547		
34320	246.24298563768463	4.303574	92	34320.0	Suspect related to Massbank:LU030803 Lauryldiethanolamine|2-[dodecyl(2-hydroxyethyl)amino]ethanol (predicted molecular formula SIRIUS: C14H31NO2 / BUDDY: C14H31NO2) with delta m/z -28.031 (putative explanation: Desethylation, didemethylation, dealkylation|Met->Cys substitution|Val->Ala substitution; atomic difference: -2C,-4H|-2C,-4H|-2C,-4H) [M+H]+
34132	777.8840320548649	4.3045673	-1		
34163	723.8987531289629	4.3052893	-1		
34149	1488.824032488943	4.305544	-1		
34359	876.503569871871	4.305811	1092		
34165	767.8899935169264	4.3087883	-1		
34912	968.5844045283746	4.3097663	70		
34296	744.9154463426199	4.3099003	396		
34387	586.6978953838515	4.311437	-1		
34262	767.3913500212517	4.3119435	57		
34291	755.9054366779884	4.312774	57		
34413	586.3635059812591	4.313705	-1		
35353	738.4508909755928	4.314192	-1		
35232	371.24063198083246	4.3172984	-1		
34223	927.5132592275074	4.3180275	-1		
34600	1023.0791678889088	4.319215	70		
34385	560.262063124515	4.319814	-1		
34620	576.3518597768916	4.3200483	-1		
34475	837.4521820646806	4.3200655	455		
34309	722.3978639658923	4.322505	136		
35542	502.6504428888919	4.3235965	239	35542.0	Spectral Match to Undecaethylene glycol from NIST14
34355	733.9439677614336	4.3238053	-1		
34357	711.4059912741473	4.324152	97		
34455	954.5270529508178	4.3257146	-1		
34399	719.9204279606886	4.326418	97		
34510	955.1934669157748	4.328511	1066		
34445	775.9871358034517	4.328674	-1		
34508	507.3103512910876	4.33297	-1		
34775	844.9347848706133	4.3335857	-1		
34472	954.8595614652628	4.333596	1066		
35385	848.4343971811055	4.333976	-1		
34000	756.4070604650765	4.3342566	57		
34825	745.917794455132	4.3347306	396		
34740	847.9393493506747	4.3347435	-1		
34746	836.9504453225026	4.334945	455		
34654	576.6826822479036	4.3352356	342		
34178	390.2388268666855	4.336762	814		
34018	763.8869721461245	4.338168	57		
34593	775.4860876218041	4.339233	-1		
34679	720.4215064993173	4.339259	97		
34540	760.4616754377017	4.340688	-1		
34127	774.8791671031812	4.340884	-1		
34266	753.9292247801964	4.3415055	396		
34749	825.9601646173401	4.3420663	547		
34970	766.895906101086	4.3422794	-1		
34901	804.4500730677366	4.342518	547		
34602	760.963328946569	4.3425965	-1		
34446	832.441189583369	4.3434043	370		
34538	922.1702240647008	4.3438563	-1		
34046	733.8817128363721	4.344537	-1		
34105	722.8986112637558	4.344875	136		
34616	671.873164604914	4.345267	122		
34021	711.9078100041713	4.3454523	97		
34879	1032.5944509316416	4.345891	702	34879.0	"""Candidate Trihydroxylated bile acid (delta mass 624.2984; sirius atomic difference: 25C, 40H, 10N, 9O; buddy atomic difference: 41C, 40H, 2N, 4O)"""
34651	990.5647874987704	4.346065	-1		
34301	753.4279004522341	4.3473487	-1		
34750	834.4722502034251	4.348934	-1		
34572	672.3747867042283	4.3495693	122		
34890	1087.6196730321803	4.3498583	389		
35190	1421.8086325145591	4.350985	-1		
34618	660.8826933569437	4.351488	97		
34625	669.3962790695774	4.351906	97		
35154	733.3880107020848	4.3520393	480		
35329	734.442519493173	4.352964	233		
34627	669.8969990521314	4.353318	97		
35279	1443.78775314562	4.3533654	-1		
34624	682.8636299054197	4.3537235	161		
34621	1320.7584444561624	4.355261	-1		
34704	661.3838705989629	4.3569384	97		
34676	1049.6179048449076	4.358311	702	34676.0	Suspect related to taurocholic acid (predicted molecular formula SIRIUS: unknown / BUDDY: C19H10Br2S4) with delta m/z 17.027 (putative explanation: replacement of proton with ammonium ion; atomic difference: 3H,1N) [2M+H]+
34739	921.5031630178136	4.3614564	-1		
34230	838.4958456663421	4.363995	-1		
35175	517.326462596386	4.3655796	203		
35051	706.8681583720886	4.366721	113		
34534	502.97013366072144	4.366832	-1		
34914	647.3915309528667	4.3670707	42	34914.0	"""Candidate Trihydroxylated bile acid (delta mass 238.098; sirius atomic difference: 8C, 18H, 2N, 4O, 1S; buddy atomic difference: 16C, 14H, 2O)"""
34570	434.2713071043413	4.3682704	-1		
34468	512.9859448763906	4.3686295	-1		
35583	867.5354717074914	4.369771	70		
35200	676.3586734671338	4.370064	147		
34576	844.4421276653022	4.3702254	-1		
34147	683.9142379203254	4.3714037	1342		
35574	523.001530322115	4.3737254	-1	35574.0	"""Candidate Trihydroxylated bile acid (delta mass 113.7082; sirius atomic difference: -14C, -19H, 13O, 3P)"""
34342	810.9677901231446	4.374492	70		
34451	683.3632429795007	4.374955	723		
35194	537.3904311422017	4.3764772	404	35194.0	Lys-CA
34801	1050.6191465450315	4.376952	702	34801.0	"""Candidate Trihydroxylated bile acid (delta mass 642.2651; buddy atomic difference: 47C, 34H, 2N, 1O)"""
35622	517.6605465855197	4.3784943	210	35622.0	Suspect related to Spectral Match to Undecaethylene glycol from NIST14 (predicted molecular formula SIRIUS: unknown / BUDDY: unknown) with delta m/z 14.981 (putative explanation: unspecified; atomic difference: unspecified) [M+H]+
34546	921.8361362279812	4.3790994	-1		
34941	1031.59220018322	4.379325	628	34941.0	Suspect related to taurocholic acid (predicted molecular formula SIRIUS: C58H82N2O14 / BUDDY: C63H82O12) with delta m/z 515.29 (putative explanation: unspecified; atomic difference: unspecified) [M+H]+
34916	480.27723673495865	4.3794556	42	34916.0	Suspect related to glycocholic acid (predicted molecular formula SIRIUS: C26H45NO7S / BUDDY: C26H45NO7S) with delta m/z 49.982 (putative explanation: Leu/Ile->Tyr substitution; atomic difference: 3C,-2H,1O) [M-2H2O+H]+
34928	462.2659743573616	4.381272	42	34928.0	Suspect related to taurocholic acid (predicted molecular formula SIRIUS: C26H39NO4S / BUDDY: C26H39NO4S) with delta m/z -54.034 (putative explanation: nan (reverse)|3x water (reverse); atomic difference: -3C,-4H,-1N|-H6,-3O) [M+H]+
34891	1048.6157706653048	4.381595	628	34891.0	Suspect related to taurocholic acid (predicted molecular formula SIRIUS: unknown / BUDDY: C11H11I3) with delta m/z 17.017 (putative explanation: unspecified; atomic difference: unspecified) [2M+H]+
34865	533.4092262057926	4.3820243	-1		
34869	1051.6116251244282	4.3823357	295	34869.0	"""Candidate Trihydroxylated bile acid (delta mass 641.2267; sirius atomic difference: 26C, 31H, 11N, 9O; buddy atomic difference: 54C, 27H, 1N, -3O)"""
35421	753.4744918091048	4.3826666	396		
34841	1033.5892711219983	4.3834095	702	34841.0	"""Candidate Trihydroxylated bile acid (delta mass 624.2984; sirius atomic difference: 25C, 40H, 10N, 9O; buddy atomic difference: 41C, 40H, 2N, 4O)"""
34930	536.3266213345051	4.384071	465	34930.0	Candidate Trihydroxylated bile acid (delta mass 126.4751)
35882	697.9062748022186	4.3841376	-1		
34946	498.2876151285582	4.38444	-1	34946.0	"""Candidate Trihydroxylated bile acid (delta mass 88.9937; sirius atomic difference: 2C, 3H, 1N, 1O, 1S; buddy atomic difference: 6C, -5H, 5N, -3O; spectral library match to CCMSLIB00005435562, taurocholic acid)"""
34960	554.2469366282941	4.384946	-1		
35047	582.3450279232416	4.385988	206		
35062	559.3396716027826	4.386562	42	35062.0	Suspect related to taurocholic acid (predicted molecular formula SIRIUS: C28H50N2O7S / BUDDY: C36H46O5) with delta m/z 43.043 (putative explanation: Carboxyl modification with ethanolamine|unspecified; atomic difference: 2C,5H,1N|2C,5H,1N) [M+H]+
34937	516.2982118503486	4.3873024	42	34937.0	taurocholic acid
35083	727.9185019170832	4.3874054	-1		
35134	775.4379292802575	4.3879805	-1		
35015	611.387951898003	4.388968	-1	35015.0	Candidate Trihydroxylated bile acid (delta mass 203.5855)
34933	1065.6476074160485	4.3893147	886		
35013	611.0534646981217	4.389448	-1		
34626	683.4125747309638	4.3901987	723		
35093	733.9427743836967	4.3909335	-1		
34950	1082.669233266902	4.392173	886	34950.0	"""Candidate Trihydroxylated bile acid (delta mass 673.3751; sirius atomic difference: 24C, 47H, 15N, 8O; buddy atomic difference: 44C, 51H, 1N, 5O)"""
36120	1488.8229892083943	4.392374	-1		
35169	777.8817153466392	4.3927693	-1		
35066	462.7985437569128	4.392859	-1		
35058	463.0496117906624	4.3930516	-1	35058.0	"""Candidate Tetrahydroxylated bile acid (delta mass 39.0099; sirius atomic difference: 2C, 1H, 1N; buddy atomic difference: 2C, 1H, 1N)"""
35615	810.4666381969009	4.394199	-1		
34431	821.4579708593092	4.3958507	416		
35210	756.9079866312793	4.3970656	57		
35845	809.965811676087	4.398015	70		
36134	745.4167701211237	4.399186	396		
35428	859.4331408447599	4.400276	-1		
35238	349.2584503479075	4.4005384	47		
34812	818.9801430939675	4.4009714	70		
35108	619.3643999051923	4.4023495	-1		
35267	890.5107787824427	4.4029293	735		
35073	349.1733113933399	4.4050817	-1		
34692	818.4798222001849	4.405457	70		
35144	908.0648200930162	4.4064174	-1		
34667	820.9564519707781	4.407429	416		
36059	744.9151644323845	4.4077067	396		
35086	907.5650000526878	4.408158	-1		
35315	838.9955676684957	4.408913	1718		
35874	767.3905966485472	4.4090347	-1		
36061	755.9054007477719	4.410884	57		
35985	722.3970171856532	4.4132676	136		
35191	601.0375123379276	4.4137797	-1		
35272	775.9851914913311	4.414139	-1		
34690	842.9381895485	4.4143844	-1		
35205	227.1175284257168	4.414607	-1		
35221	601.3722344096085	4.414885	-1		
35319	1320.7340761956743	4.415393	-1		
34685	831.9471616088076	4.4160237	-1		
35123	1319.2552348122183	4.4175153	186		
34656	843.4394378047441	4.418355	-1		
36051	719.9196809569124	4.420027	97		
35080	782.9783328749828	4.421129	-1		
35114	532.3366305726562	4.4228516	-1		
35378	889.5161845676339	4.423096	-1		
35463	711.4063123625962	4.42403	-1		
35155	527.9965879848218	4.424101	-1		
34953	1070.5957976156776	4.424378	389		
35548	733.9437376980973	4.4252872	-1		
35627	777.8848566007706	4.42572	-1		
35559	513.3208497655783	4.425805	342		
35213	1310.7419970868275	4.426046	186		
35304	382.154111078958	4.427317	1434		
35287	1318.7534791892497	4.428481	186		
35791	1163.684634799184	4.428721	-1		
35678	328.0931552408273	4.42996	77		
35644	706.3661731437776	4.4306116	113		
35060	327.19218389190564	4.4311066	-1		
35162	526.3275026421533	4.431594	-1		
35364	893.0423598378651	4.4318166	-1		
35003	538.2797943603514	4.432338	389	35003.0	Suspect related to 2-((4R)-4-((3R,5R,9S,10S,12S,13R,14S,17R)-3,12-dihydroxy-10,13-dimethylhexadecahydro-1H-cyclopenta[a]phenanthren-17-yl)pentanamido)ethane-1-sulfonic acid (predicted molecular formula SIRIUS: C26H45NO7S / BUDDY: C29H41NO7) with delta m/z 15.995 (putative explanation: Ala->Ser substitution|Oxidation or Hydroxylation|Phe->Tyr substitution; atomic difference: 1O|1O|1O) [M+Na]+
35266	1301.7272119750864	4.4324183	186		
35091	1095.9128059873265	4.4326134	-1		
35667	523.3360523011762	4.432904	1714	35667.0	"""Candidate Trihydroxylated bile acid (delta mass 113.7082; sirius atomic difference: -14C, -19H, 13O, 3P)"""
35614	847.938237704438	4.433369	-1		
35626	760.4609853533941	4.4357877	-1		
35189	761.4592175282585	4.4363976	70		
35362	1321.232348010236	4.437546	-1		
35658	836.9492871042377	4.4381104	455		
35260	517.9810303411691	4.4392195	342	35260.0	Suspect related to Spectral Match to Nonaethylene glycol from NIST14 (predicted molecular formula SIRIUS: unknown / BUDDY: unknown) with delta m/z 102.031 (putative explanation: unspecified; atomic difference: unspecified) [M+H]+
35316	1318.252324121449	4.439777	-1		
35695	826.4603950253891	4.440084	97		
35199	1089.9030878043106	4.440334	-1		
35332	216.1958988581015	4.440634	190	35332.0	Suspect related to 2,4,7,9-Tetramethyl-5-decyne-4,7-diol (predicted molecular formula SIRIUS: unknown / BUDDY: unknown) with delta m/z -28.031 (putative explanation: Desethylation, didemethylation, dealkylation|Met->Cys substitution|Val->Ala substitution; atomic difference: -2C,-4H|-2C,-4H|-2C,-4H) [M+NH4]+
34374	797.5000075725735	4.4405785	563		
35291	1310.2401887937065	4.4410467	186		
35276	1302.229389118147	4.441244	186		
35589	761.9378789045647	4.442633	206		
35343	522.3216507775583	4.4428124	-1		
35625	832.4405447789796	4.444752	370		
34919	547.3441058817831	4.444986	42		
35122	966.001549307122	4.445153	-1		
35713	775.4847503174519	4.4456167	-1		
35429	1059.102686123921	4.4456506	186		
35341	532.0021601037178	4.446776	210		
35327	1312.2168562785291	4.4467874	-1		
35563	1109.6311872080987	4.447385	186		
35381	1070.5406277124805	4.447747	-1		
35153	966.503497721848	4.4481792	-1		
35443	1059.6068831529212	4.448413	186		
35277	763.937044879523	4.448526	-1		
35019	565.3976457440164	4.449086	1559		
35740	682.8635627604585	4.4497023	161		
35525	1073.548675551909	4.4499197	-1		
35572	916.4945461849702	4.4500966	-1		
35384	1312.7186065592198	4.4510975	-1		
35776	825.9606117523917	4.4519563	1342		
35859	756.4072077583528	4.452129	57		
35579	1382.7490767108616	4.452488	-1		
35531	1062.5590414318165	4.453145	-1		
35470	1071.0417409638103	4.453891	-1		
35528	1082.0304735558566	4.454713	-1		
36362	299.1293941493939	4.454812	-1		
35499	1085.0414119902389	4.454744	-1		
35415	1323.2097398334995	4.4549327	-1		
35596	762.4393568642984	4.455075	206		
35487	696.0585224360489	4.4553866	191		
35148	533.3250157498018	4.4566126	42	35148.0	Suspect related to Taurocholic acid (predicted molecular formula SIRIUS: C30H40N6O3 / BUDDY: C34H44O5) with delta m/z 17.027 (putative explanation: replacement of proton with ammonium ion; atomic difference: 3H,1N) [M+H]+
35471	696.3953950752369	4.457666	1822		
35136	703.7185367247071	4.4579	191		
35440	1060.1018598770809	4.4581785	-1		
35322	761.9600013458551	4.4583116	70		
35523	1074.0496487865437	4.4583936	-1		
35510	1052.0959544657774	4.458888	295		
35573	1065.564338222806	4.459515	-1		
35226	752.943906894283	4.4597135	-1		
35584	1077.0558617287402	4.459925	-1		
35508	1323.7080363211692	4.46078	-1		
36053	766.8955863495379	4.461217	57		
35702	1382.2494962173068	4.461878	-1		
35586	660.8828247489225	4.461964	97		
35733	921.836042647589	4.462357	-1		
35515	1053.0995400598404	4.462517	186		
35546	711.045956269168	4.4627886	-1		
35689	916.1584029253964	4.4632096	-1		
35516	1063.0601436151987	4.4633327	-1		
35380	1301.223645726244	4.464226	186		
35538	1055.0750391236388	4.464613	430		
35441	1052.5988320825672	4.465053	186		
35580	1066.0659801902816	4.4650884	-1		
35822	921.5037218634792	4.4654922	1377		
35390	1309.736855811232	4.4655714	-1		
35570	1373.7385554915834	4.4672356	-1		
35539	704.0524487362319	4.4675694	191		
35435	680.8940769814424	4.4675837	-1		
35730	1320.7579974765194	4.468334	1251		
35642	671.871972726823	4.468535	-1		
35502	560.2616282561355	4.468973	-1		
35526	1044.0864968708463	4.469643	-1		
35619	708.7057885732636	4.4697356	-1		
35446	773.4283024963179	4.4702272	-1		
35358	691.8864121635046	4.4707804	-1		
36060	753.4292001698764	4.4708414	396		
35532	915.8237851647782	4.473283	1377		
35575	1043.586087751861	4.474123	186		
35652	1044.5884954876308	4.474759	696		
36096	722.8982640746497	4.4757285	136		
35920	715.3813110201149	4.4774575	113		
36315	810.9683815486063	4.477841	70		
35729	785.921047195963	4.480502	-1		
35962	834.9684113559738	4.4810767	97		
35991	840.432905921992	4.4815063	-1		
35790	225.14914500364264	4.482775	-1		
35764	242.1756890709433	4.4831414	-1		
35781	626.0626340110908	4.4836345	-1	35781.0	Suspect related to Decaethylene glycol tridecyl ether (predicted molecular formula SIRIUS: unknown / BUDDY: unknown) with delta m/z -14.016 (putative explanation: Ala->Gly substitution|Gln->Asn substitution|Glu->Asp substitution|Leu/Ile->Val substitution|Thr->Ser substitution; atomic difference: -1C,-2H|-1C,-2H|-1C,-2H|-1C,-2H|-1C,-2H) [M+H]+
36457	527.6620452156611	4.484101	-1		
35399	517.6464906715605	4.484504	-1		
35797	625.7281999537639	4.484724	-1		
36519	782.4776004038301	4.4847374	-1		
36452	521.9865836551878	4.4849052	470		
35846	922.1693071238	4.4850926	186		
36069	720.4201226531019	4.4851537	97		
36463	538.0119664625619	4.486845	-1	36463.0	Candidate Trihydroxylated bile acid (delta mass 128.7159)
35724	669.397736763629	4.4870524	97		
36454	537.6776277336681	4.4875026	-1	36454.0	Candidate Trihydroxylated bile acid (delta mass 127.532)
35870	929.5763360391228	4.4880958	-1		
35880	473.8047135244159	4.488743	-1	35880.0	Suspect related to Spectral Match to Undecaethylene glycol from NIST14 (predicted molecular formula SIRIUS: C20H35N5O8 / BUDDY: C25H35N3O6) with delta m/z -29.056 (putative explanation: unspecified; atomic difference: unspecified) [M+H]+
35872	474.05560391415474	4.4889135	-1		
35892	930.0771758666472	4.4915943	-1		
36407	547.0211202834546	4.4918947	-1		
36373	512.9866612281157	4.494721	-1		
35742	1308.7282934498285	4.4956994	-1		
36063	711.9085796227572	4.4959726	-1		
35994	710.7111619175364	4.496806	-1		
35894	373.1976342746424	4.498956	-1		
36411	523.0015503928859	4.4994855	393	36411.0	"""Candidate Trihydroxylated bile acid (delta mass 113.7082; sirius atomic difference: -14C, -19H, 13O, 3P)"""
36538	329.2551366634242	4.5018535	121	36538.0	Arg-C10:0
35549	1084.539697540798	4.5024185	-1		
36566	818.9807222576219	4.5033555	70		
36562	818.4801084997129	4.504012	70		
35815	820.0143463969812	4.5049133	416		
36408	683.4127675008941	4.5054994	723		
36312	532.3365825233901	4.506478	210		
36200	531.281925821813	4.506841	-1		
35912	661.3846192292489	4.5077815	97		
36008	615.7125845430239	4.5093904	793		
35037	1095.5792763754052	4.510207	-1		
36022	616.0471949000965	4.510743	-1		
35468	703.3809805373799	4.512361	-1		
36129	998.0532424098844	4.516494	269		
36702	250.1124323602609	4.5180116	1434		
36021	1020.5330109232578	4.5211835	-1		
36293	733.3873136342113	4.52398	480		
36137	927.5116615434804	4.5239925	-1		
35983	552.3530773830591	4.5248857	119		
35974	552.6875758549019	4.5270667	-1		
35971	542.3378769944184	4.5271206	-1		
36478	775.4806396747907	4.5272536	-1		
36736	842.9384021292491	4.529069	-1		
36776	820.9569757164879	4.531194	416		
36010	542.6720022132671	4.533126	-1		
36268	798.0014492279183	4.534043	-1		
36081	914.5551585231956	4.5344114	-1		
36644	432.2139493973804	4.534527	-1		
35964	1008.54293318853	4.5347867	-1		
37076	689.4097013449829	4.535872	157		
37469	966.001405473508	4.536286	163		
36175	163.1116278091089	4.5365148	357	36175.0	Homovanillic acid - 30.0 eV
37487	688.908190670196	4.5366235	-1		
36367	782.9780774305442	4.5371337	-1		
36320	261.10941708201506	4.537636	-1		
37213	532.0017825908369	4.537792	-1		
37756	774.9262267178677	4.539014	-1		
36161	1020.0328517389564	4.539267	-1		
37155	966.5032222632952	4.539446	163		
36105	532.6565052080243	4.5414314	342		
36646	811.9703808220705	4.5422497	-1		
36748	832.9424686368077	4.5431623	-1		
36199	606.3010687486244	4.543779	-1		
36070	658.0426786460021	4.5438566	-1		
36857	831.947481319415	4.5438924	-1		
36210	938.5718610349412	4.544043	-1		
36365	1009.0415884400794	4.544318	-1		
36890	821.4588549834791	4.544528	416		
36424	1101.252953108057	4.544544	-1		
36491	797.5001649905419	4.5450134	-1		
36632	525.2934790226022	4.545824	-1		
36822	987.0628572190088	4.5464005	-1		
37818	763.9374531912069	4.5465503	-1		
36127	986.5604249211896	4.54733	186		
36541	867.5364791866156	4.549848	70		
36728	995.5752011816318	4.551645	186		
36343	239.12751754131963	4.552584	-1		
35448	754.8798504987458	4.553004	-1		
36459	696.9034422229407	4.553837	-1		
36885	995.0740730222584	4.554212	-1		
37619	1101.5868218205785	4.556771	-1		
36386	1009.5412927903282	4.5571446	-1		
37572	691.8865096671066	4.557497	-1		
36571	1089.9031964034496	4.5580335	-1		
37457	691.3859304914869	4.5581594	-1		
36419	1095.243208680556	4.558135	-1		
36125	1053.566227246314	4.559137	-1		
36414	215.11781904394863	4.560737	-1		
36188	997.551623376646	4.5608525	-1		
36628	1076.5522788195312	4.5625963	-1		
36442	210.1024552924924	4.5678763	558	36442.0	2-pyridin-3-yl-thiazolidine-4-carboxylic acid
36102	557.0131706158228	4.5682383	-1		
36793	1054.571458759735	4.569408	389	36793.0	Suspect related to Spectral Match to Taurocholic acid from NIST14 (predicted molecular formula SIRIUS: C38H74N22O12 / BUDDY: C56H86O17) with delta m/z 515.29 (putative explanation: unspecified; atomic difference: unspecified) [M+Na]+
36780	1095.912612689489	4.5717964	-1		
36653	752.9444730331514	4.5719614	70		
36740	761.4587235765358	4.5720363	70		
37200	677.9110092413088	4.5721846	-1		
36267	668.3992178287973	4.5729213	115		
36677	680.8938144895832	4.5743995	-1		
36458	672.3727951644815	4.574421	122		
36606	761.9598518131188	4.5761523	70		
36884	785.9192339553131	4.5764127	-1		
37074	541.002331876945	4.577146	-1		
36724	454.1960112318301	4.5773354	-1		
36217	509.29850825707337	4.5778694	-1		
36750	547.2754694894417	4.578444	-1		
36450	584.3169404419177	4.579035	-1		
36548	640.7381489569486	4.5790434	471		
36575	485.06222019973296	4.5806293	-1		
36098	567.0284557717703	4.582272	119	36098.0	"""Candidate Dihydroxylated bile acid (delta mass 175.0483; sirius atomic difference: 6C, 9H, 1N, 5O; buddy atomic difference: 10C, 9H, 1N, 1S)"""
36576	640.4040118888956	4.5840287	203		
37245	832.4419035038349	4.586614	-1		
36662	952.092027758666	4.5883646	563		
36616	255.0760272164996	4.5890837	373		
36624	951.590558065778	4.592108	892		
36725	1052.5999669236278	4.592169	186		
36513	675.3589074115009	4.5922422	-1		
37522	536.6618441393238	4.5925546	-1		
37157	714.9194285955075	4.5925865	-1		
37396	673.354694679345	4.5946217	458		
36250	689.3257143253146	4.5947475	-1		
37130	753.4459324044187	4.595574	-1		
37473	546.6773406509403	4.59565	-1	37473.0	Suspect related to Spectral Match to Undecaethylene glycol from NIST14 (predicted molecular formula SIRIUS: unknown / BUDDY: unknown) with delta m/z 44.026 (putative explanation: Ethanolation|Gly->Thr substitution|PEG repeat unit|unspecified; atomic difference: 2C,4H,1O|2C,4H,1O|2C,4H,1O|2H,3N) [M+H]+
37406	651.3727845570079	4.595683	115		
37356	527.6622338326658	4.5957613	-1	37356.0	Candidate Trihydroxylated bile acid (delta mass 119.5451)
37543	532.3213980655338	4.5958977	-1		
36757	762.8917604138734	4.5960345	-1		
36832	695.3348266388384	4.596445	-1		
37565	547.0119375029126	4.5966654	-1	37565.0	Suspect related to Spectral Match to Undecaethylene glycol from NIST14 (predicted molecular formula SIRIUS: unknown / BUDDY: unknown) with delta m/z 44.026 (putative explanation: Ethanolation|Gly->Thr substitution|PEG repeat unit|unspecified; atomic difference: 2C,4H,1O|2C,4H,1O|2C,4H,1O|2H,3N) [M+H]+
37621	804.4905919025914	4.5974607	-1		
36924	1044.5864997237657	4.59875	-1		
36833	875.5192666183028	4.6038203	-1		
36762	630.3880765333945	4.603868	342		
38101	693.9237345677261	4.604825	-1		
37598	819.5161031011029	4.6061306	416		
36570	484.8106131302495	4.6078415	-1		
36607	669.3995282082495	4.60795	97		
36889	1044.086502790848	4.6082983	186		
36919	373.1977596889336	4.608837	-1		
36177	731.3866265600104	4.609062	-1		
37449	731.8877678950089	4.609364	-1		
36772	630.7225951351157	4.610295	793		
37060	998.0526695011022	4.61209	269		
36645	671.8702442983697	4.612161	122		
36068	619.3648794183857	4.6130037	749		
36837	238.1335492106343	4.618019	926		
36858	1075.5445016084002	4.618664	-1		
36861	536.9963547267853	4.619582	39		
36978	921.8341004763196	4.622176	-1		
37051	696.0581303600451	4.6223154	191		
37412	668.3980517910832	4.6240516	115		
36941	936.5688123866826	4.624412	-1		
36533	717.8909855750518	4.6260695	7		
36789	845.4605281383608	4.627367	535		
37370	1053.5646859091248	4.628227	-1		
37299	542.3376576743556	4.63618	-1		
37065	561.3524983303727	4.6369843	-1		
36738	849.1497633982893	4.6374288	-1		
37310	552.687314209421	4.638266	-1		
38191	1113.6021778506022	4.6387544	-1		
36785	849.8188189370991	4.6397276	123		
38148	552.3528400989737	4.6400704	-1		
36712	725.903969429531	4.640905	7		
36765	734.4153467748703	4.642906	7		
37044	922.5015965953482	4.6431327	-1		
37259	1256.700422251044	4.6432824	760		
38026	820.0148411765281	4.643364	416		
39010	761.4590807158171	4.645165	70		
36830	837.7999092832366	4.645264	123		
37354	804.9916658944925	4.6468086	1144		
37229	850.7897235065163	4.648894	123		
37142	262.23739334761257	4.6497674	246		
37178	1275.6756150328888	4.6515045	-1		
36770	852.4542005762635	4.651602	642		
37243	1278.679218450045	4.6522403	-1		
37117	1270.1894319588207	4.6528797	-1		
38163	1271.7082600269553	4.6530423	-1		
36997	860.1153363138536	4.653158	-1		
36980	852.7883552915287	4.653492	642		
37272	851.128565748684	4.6537356	123		
36934	1297.6532581199451	4.6540647	-1		
37162	874.4363865958609	4.655155	-1		
37009	865.4371302825112	4.65582	-1		
37315	860.4483152859464	4.656028	-1		
37392	1300.6574976563968	4.6562486	-1		
37238	1256.1969855161544	4.6563306	-1		
37211	1264.7107582570363	4.6566043	123		
37510	1237.7242549881669	4.656608	-1		
37246	867.1075991597199	4.657555	-1		
37198	843.4754470667384	4.6577563	123		
37433	1294.647304487738	4.6577134	-1		
36873	844.14353616381	4.6577783	123		
37234	1267.6895418178517	4.6577973	-1		
37164	551.3372437117152	4.6579156	-1		
37230	841.5300748068028	4.657983	-1		
36727	838.1343861718092	4.658782	123		
37170	849.4843267724085	4.658783	123		
37220	1286.66509316429	4.659475	-1		
37232	1278.1787453478998	4.659964	-1		
37177	1283.6597766320308	4.660016	-1		
37163	1283.1540427407197	4.660166	-1		
37303	845.1273357486116	4.660228	-1		
37346	1289.6709934396736	4.660763	-1		
37453	1288.1644507372855	4.6616936	-1		
37268	867.7755313533534	4.6622806	1634		
36903	859.7805683957404	4.6625695	-1		
37321	853.1213310980058	4.6627116	642		
37007	875.1024913391619	4.6631885	-1		
37683	867.441781825799	4.664237	1634		
37265	838.4659250971757	4.6643357	123		
37358	857.7764784970769	4.6661954	-1		
38737	660.8836961110695	4.6665206	-1		
37247	843.807969849548	4.6666846	123		
37222	1265.2095899698004	4.666643	123		
37306	845.7940738962473	4.667005	-1		
37946	739.3697453176302	4.667679	-1		
36342	734.9173206496662	4.6681085	7		
37374	1265.712445936378	4.668347	760		
37988	717.3895059611917	4.668463	7		
38047	726.4044853383652	4.669283	7		
37131	874.7698672604288	4.6694117	-1		
37690	1450.7986786694955	4.6697063	-1		
37133	246.24301484161745	4.6698723	92	37133.0	Suspect related to Massbank:LU030803 Lauryldiethanolamine|2-[dodecyl(2-hydroxyethyl)amino]ethanol (predicted molecular formula SIRIUS: C14H31NO2 / BUDDY: C14H31NO2) with delta m/z -28.031 (putative explanation: Desethylation, didemethylation, dealkylation|Met->Cys substitution|Val->Ala substitution; atomic difference: -2C,-4H|-2C,-4H|-2C,-4H) [M+H]+
36716	573.324390182952	4.6702895	-1		
37507	865.4378807887517	4.671804	-1		
36937	1031.595728203434	4.6729927	70		
37488	655.0789231372461	4.6735125	-1	37488.0	Suspect related to Undecaethylene glycol tridecyl ether (predicted molecular formula SIRIUS: unknown / BUDDY: unknown) with delta m/z -30.01 (putative explanation: Decarboxylation|Demethoxylation|Proline oxidation to pyrrolidinone|Ser->Gly substitution|Thr->Ala substitution; atomic difference: -1C,-2H,-1O|-1C,-2H,-1O|-1C,-2H,-1O|-1C,-2H,-1O|-1C,-2H,-1O) [M+H]+
37462	495.8177496223896	4.674333	-1		
37467	655.4137138740875	4.674543	-1	37467.0	Suspect related to Undecaethylene glycol tridecyl ether (predicted molecular formula SIRIUS: unknown / BUDDY: unknown) with delta m/z -30.01 (putative explanation: Decarboxylation|Demethoxylation|Proline oxidation to pyrrolidinone|Ser->Gly substitution|Thr->Ala substitution; atomic difference: -1C,-2H,-1O|-1C,-2H,-1O|-1C,-2H,-1O|-1C,-2H,-1O|-1C,-2H,-1O) [M+H]+
37489	1222.6083402072554	4.6749077	-1		
37184	865.1045345186233	4.675258	-1		
37494	496.06855009101713	4.675622	-1		
37530	973.6026542434514	4.677657	-1		
37429	1257.1995624238723	4.6777315	760		
37609	974.1031034534598	4.683122	563		
37258	1023.082030017692	4.683512	70		
38293	717.8906937572368	4.6841946	7		
37508	1244.5923211497643	4.6843705	-1		
37886	667.8925408021964	4.684998	-1		
37233	1455.7515347317212	4.689672	-1		
37629	1133.6245694138438	4.6914744	186		
37512	1217.6588343231576	4.6924295	-1		
37160	571.6889206762143	4.69775	226		
37603	202.21680281952425	4.6978035	92		
38603	725.9029155094364	4.699566	7		
37734	645.0638556350493	4.6997843	39		
37800	779.4371147184773	4.702857	-1		
37774	488.5572218715257	4.703126	-1		
38170	567.3627385121797	4.7041564	210	38170.0	"""Candidate Dihydroxylated bile acid (delta mass 175.0483; sirius atomic difference: 6C, 9H, 1N, 5O; buddy atomic difference: 10C, 9H, 1N, 1S)"""
38709	734.4155762921557	4.70591	7		
38698	567.0284322877492	4.7063756	119	38698.0	"""Candidate Dihydroxylated bile acid (delta mass 175.0483; sirius atomic difference: 6C, 9H, 1N, 5O; buddy atomic difference: 10C, 9H, 1N, 1S)"""
38160	557.0128451692615	4.7074723	342		
37145	581.7042131241178	4.7075276	87		
37080	557.3473638240727	4.707632	-1		
37735	645.3985694790755	4.7078643	-1		
37128	349.17403584823666	4.7084336	-1		
37875	669.3976957561448	4.7101364	-1		
38708	561.6875512299172	4.7115593	1016	38708.0	"""Candidate Trihydroxylated bile acid (delta mass 151.0451; sirius atomic difference: 8C, 9H, 1N, 1S; buddy atomic difference: 8C, 9H, 1N, 1S)"""
37256	546.9973940295376	4.712604	342		
38692	826.504414632418	4.7127824	-1		
37430	327.1919746261096	4.716616	-1		
37571	372.2489803841295	4.7169642	-1		
37248	1022.580715393328	4.718344	-1		
37785	363.1889662053219	4.7189727	-1		
38468	922.1657066724788	4.719027	-1		
37290	1031.0939108995908	4.721025	70		
38069	1451.8018453961165	4.7223177	-1		
37839	848.4981238596263	4.7231054	-1		
38219	244.2271856630865	4.7248588	1330		
39027	1034.0728825566691	4.725808	70		
38949	1033.5721145879315	4.726584	-1		
37355	1044.5637426219375	4.7272635	-1		
37900	1054.5738992805716	4.7275987	-1		
37849	341.2070795891463	4.727796	-1		
37307	1056.0557816178332	4.7277293	-1		
37350	1045.0628662576469	4.728304	-1		
37992	1055.5545263094623	4.7285223	-1		
37596	927.8418841773948	4.7287173	-1		
38376	543.3420565692498	4.7311144	-1		
37902	512.2369781425347	4.7311893	-1		
38151	671.8703439741963	4.736096	-1		
37977	842.0319336600951	4.736559	563		
37744	488.3072566872653	4.736624	-1		
36877	868.8104561256062	4.737045	-1		
38181	1023.5835922788876	4.7381616	307		
36991	649.3647063419519	4.741215	-1		
38794	1023.0820722930778	4.741859	70		
37913	490.2563862701649	4.742059	-1		
37967	928.175296307574	4.7445607	-1		
38146	921.8323510894922	4.747752	-1		
38192	561.352655518015	4.7490563	210	38192.0	"""Candidate Trihydroxylated bile acid (delta mass 151.0451; sirius atomic difference: 8C, 9H, 1N, 1S; buddy atomic difference: 8C, 9H, 1N, 1S)"""
38126	928.5091689579036	4.752761	-1		
39188	1031.5956666064956	4.7531734	70		
38670	841.5300220668041	4.756004	-1	38670.0	Suspect related to p-tert-Octylphenol tridecaglycol ether (predicted molecular formula SIRIUS: unknown / BUDDY: unknown) with delta m/z 61.053 (putative explanation: unspecified|unspecified; atomic difference: 2C,7H,1N,1O|5H,4N) [M+H]+
38402	922.5013362111666	4.7608156	186		
38210	252.15704664115344	4.763794	-1		
37034	723.9139227531477	4.7648487	266		
38168	230.17512320996235	4.7658772	-1		
38177	507.0759647146911	4.765929	-1	38177.0	Suspect related to Spectral Match to Undecaethylene glycol from NIST14 (predicted molecular formula SIRIUS: C25H45O10 / BUDDY: C28H43NO7) with delta m/z 2.999 (putative explanation: unspecified; atomic difference: unspecified) [M+H]+
38555	869.4790382366807	4.7661552	-1		
37826	917.4786909358688	4.7667375	-1		
38188	506.8250678833269	4.7675986	511	38188.0	Suspect related to Spectral Match to Undecaethylene glycol from NIST14 (predicted molecular formula SIRIUS: C25H45O10 / BUDDY: C28H43NO7) with delta m/z 2.999 (putative explanation: unspecified; atomic difference: unspecified) [M+H]+
38967	934.5077639744668	4.767668	75		
38508	939.4593567350717	4.7682343	-1		
37369	349.25872749856114	4.769259	47		
37564	643.8486119981583	4.7693005	-1		
38185	669.7553865862573	4.7694306	1016		
38200	670.0897405140539	4.7708044	-1		
39002	863.4691604497643	4.775935	-1		
38857	1022.5810925807629	4.7787786	307		
37084	576.0287579292749	4.786451	929	37084.0	"""Candidate Trihydroxylated bile acid (delta mass 168.0727; sirius atomic difference: 9C, 12H, 3O; buddy atomic difference: 8C, 12H, 2N, 1S)"""
38162	961.4407129907448	4.786629	-1		
38220	576.3627911263907	4.7871127	-1	38220.0	"""Candidate Trihydroxylated bile acid (delta mass 168.0727; sirius atomic difference: 9C, 12H, 3O; buddy atomic difference: 8C, 12H, 2N, 1S)"""
38252	566.3482627093771	4.7880015	342		
38225	566.0132480692773	4.7885933	39		
38963	1031.0939148215346	4.7937202	70		
38465	499.56415099379313	4.7956743	-1		
38460	659.7399555596198	4.7974033	-1		
38474	499.3141772247303	4.799828	852		
38731	717.3877880565575	4.8058248	7		
37696	1095.6173565419813	4.806015	-1		
37751	1087.6072839254	4.8069854	-1		
38829	1098.5975734676636	4.8070197	-1		
38458	660.0743184189763	4.8074994	-1		
38325	499.3165243107268	4.8099594	-1		
38678	688.4026380628012	4.813288	-1		
39582	582.038538452973	4.8173456	-1		
39567	581.7041247526971	4.8176394	217		
39576	571.6885493604066	4.81992	852		
39617	572.022987127401	4.819988	-1		
38237	586.3643581184732	4.820425	-1		
37615	864.0418813709416	4.8210225	563		
38596	422.3112959206755	4.822855	-1		
38604	427.267689801743	4.823689	-1		
39587	863.5407997596446	4.8245974	-1		
39203	561.6731230311025	4.825079	342		
38215	1096.1179365210614	4.8263187	-1		
38235	596.7140751547812	4.8277836	-1	38235.0	"""Candidate Trihydroxylated bile acid (delta mass 187.083; sirius atomic difference: 8C, 13H, 1N, 4O; buddy atomic difference: 8C, 13H, 1N, 4O)"""
39262	723.9137774295357	4.8288336	266		
38664	520.3324980672694	4.83198	515		
38736	780.91586673049	4.832276	-1		
38607	538.2563889618738	4.8346186	-1		
38636	999.6009715456396	4.835357	42	38636.0	tauroursodeoxycholic acid
39340	848.5174052307382	4.835543	-1		
38768	779.3589607121357	4.840906	19		
38780	774.4041308037301	4.843357	233		
38735	757.3772903451652	4.8458824	233		
38940	684.7659579383106	4.8467565	65		
39580	576.0282588545355	4.8478293	-1	39580.0	"""Candidate Trihydroxylated bile acid (delta mass 168.0727; sirius atomic difference: 9C, 12H, 3O; buddy atomic difference: 8C, 12H, 2N, 1S)"""
38952	684.4317908679864	4.8525662	-1		
38826	606.2386767848354	4.8531246	-1		
39503	382.15530798204753	4.85331	-1		
38758	464.2841296851523	4.85341	-1	38758.0	Suspect related to 2-((4R)-4-((3R,5R,6S,9S,10R,13R,14S,17R)-3,6-dihydroxy-10,13-dimethylhexadecahydro-1H-cyclopenta[a]phenanthren-17-yl)pentanamido)ethane-1-sulfonic acid (predicted molecular formula SIRIUS: C26H43NO5S / BUDDY: C29H39NO5) with delta m/z -18.011 (putative explanation: Dehydration|Pyro-glu from E|carbodiimide crosslinker; atomic difference: -2H,-1O|-2H,-1O|-2H,-1O) [M-H2O+H]+
39565	576.3619805120082	4.8534727	573	39565.0	"""Candidate Trihydroxylated bile acid (delta mass 168.0727; sirius atomic difference: 9C, 12H, 3O; buddy atomic difference: 8C, 12H, 2N, 1S)"""
39335	1032.5972637777531	4.8534636	201	39335.0	Suspect related to taurocholic acid (predicted molecular formula SIRIUS: unknown / BUDDY: C8H10I3NO) with delta m/z 2.999 (putative explanation: unspecified; atomic difference: unspecified) [2M+H]+
38728	544.2686459435589	4.854057	-1		
38147	954.8606824121484	4.854947	-1		
38920	517.8320188178745	4.8560934	-1	38920.0	Suspect related to Spectral Match to Undecaethylene glycol from NIST14 (predicted molecular formula SIRIUS: unknown / BUDDY: unknown) with delta m/z 13.979 (putative explanation: Thr->Asp substitution|Tryptophan oxidation to oxolactone|aldehyde and ketone modifications|hydroxylation difference carboxylation|proline oxidation to pyroglutamic acid|Oxidation, epoxidation; atomic difference: -2H,1O|-2H,1O|-2H,1O|-2H,1O|-2H,1O|1O,-2H) [M+H]+
38918	518.0827415044926	4.856899	-1	38918.0	Candidate Trihydroxylated bile acid (delta mass 109.6828)
39281	466.28446438788376	4.857926	-1		
38867	955.1949246447588	4.857996	-1		
38687	631.3973560614785	4.858892	-1		
38608	1066.063268090973	4.8594704	-1		
39461	545.3617985936323	4.8597107	447	39461.0	Suspect related to taurodeoxycholic acid (predicted molecular formula SIRIUS: C32H44N6O2 / BUDDY: C32H44N6O2) with delta m/z 45.058 (putative explanation: unspecified; atomic difference: 2C,7H,1N) [M+H]+
39431	481.3285674833646	4.8598876	537	39431.0	"""Candidate Tetrahydroxylated bile acid (delta mass 56.0374; sirius atomic difference: 2C, 4H, 2N; buddy atomic difference: 2C, 4H, 2N)"""
38711	579.2773358573709	4.863811	-1		
39501	508.2663846834094	4.8639927	-1		
39534	502.306046705596	4.866652	-1		
39235	499.3174277067112	4.866795	42	39235.0	Tauroursodeoxycholic acid - 40.0 eV
38983	1017.630347897606	4.8679376	328	38983.0	"""Candidate Dihydroxylated bile acid (delta mass 625.7701; sirius atomic difference: 7C, -2H, 6N, 19O, 4P, 1S)"""
39198	1016.6268410751956	4.868346	42		
39621	464.30164886152176	4.871872	537	39621.0	"""Candidate Tetrahydroxylated bile acid (delta mass 39.0109; sirius atomic difference: 2C, 1H, 1N; buddy atomic difference: 2C, 1H, 1N)"""
40401	482.29447271710126	4.874434	42	40401.0	Suspect related to 2-((4R)-4-((3R,5R,6S,9S,10R,13R,14S,17R)-3,6-dihydroxy-10,13-dimethylhexadecahydro-1H-cyclopenta[a]phenanthren-17-yl)pentanamido)ethane-1-sulfonic acid (predicted molecular formula SIRIUS: C30H39N5O3 / BUDDY: C30H39N5O3) with delta m/z 18.01 (putative explanation: Proline oxidation to 5-hydroxy-2-aminovaleric acid|water; atomic difference: 2H,1O|2H,1O) [M-2H2O+H]+
38777	519.3326122652406	4.877592	-1		
39133	783.9490514628334	4.878975	7		
39161	767.4232286417164	4.879501	7		
40344	522.2873900147539	4.8802023	389		
39155	775.4363652332373	4.8807716	7		
39240	674.4180525401566	4.8818216	-1		
39489	486.2843667314024	4.8834615	92		
39124	775.9374344317329	4.883555	7		
39476	509.3587794808082	4.8842435	-1	39476.0	"""Candidate Tetrahydroxylated bile acid (delta mass 84.0692; sirius atomic difference: 4C, 8H, 2N; buddy atomic difference: 4C, 8H, 2N)"""
39103	192.13844355081912	4.884699	1272		
39184	784.4510839368436	4.8848634	7		
39865	676.407366062009	4.8850346	-1		
39220	674.750050362107	4.8850713	-1		
39185	510.3204502035107	4.8855214	852		
39494	446.2904201741905	4.8863363	537	39494.0	"""Candidate Tetrahydroxylated bile acid (delta mass 21.0012; sirius atomic difference: 2C, -1H, 1N, -1O; buddy atomic difference: 2C, -1H, 1N, -1O)"""
39192	510.5711357008667	4.8868504	852		
39149	1033.5847107934887	4.888823	201	39149.0	"""Candidate Trihydroxylated bile acid (delta mass 624.2984; sirius atomic difference: 25C, 40H, 10N, 9O; buddy atomic difference: 41C, 40H, 2N, 4O)"""
39057	590.7038096545627	4.8896356	-1		
39045	452.04356720737184	4.889994	-1		
39245	922.5015887935668	4.890318	-1		
39142	766.9224628835595	4.8913865	7		
39072	591.0381749538147	4.8917427	-1		
39732	500.305313843989	4.892253	1881	39732.0	Suspect related to glycochenodeoxycholic acid (predicted molecular formula SIRIUS: C30H37N5O2 / BUDDY: C26H45NO6S) with delta m/z 49.982 (putative explanation: Leu/Ile->Tyr substitution; atomic difference: 3C,-2H,1O) [M+H]+
38498	838.9984911461279	4.8926144	1718		
39826	517.3318314614389	4.893261	42	39826.0	Suspect related to taurohyodeoxycholic acid (predicted molecular formula SIRIUS: C30H42N6O3 / BUDDY: C30H42N6O3) with delta m/z 35.037 (putative explanation: unspecified; atomic difference: unspecified) [M-H2O+H]+
39173	451.79266505211575	4.8937335	-1		
39389	543.345893259084	4.894131	-1		
39160	886.0538316216314	4.895037	-1		
39232	596.3789880561803	4.8956065	1714	39232.0	"""Candidate Trihydroxylated bile acid (delta mass 187.083; sirius atomic difference: 8C, 13H, 1N, 4O; buddy atomic difference: 8C, 13H, 1N, 4O)"""
39926	290.0483603938136	4.898552	-1		
39177	1021.5791490208172	4.9001503	389	39177.0	Suspect related to taurohyodeoxycholic acid (predicted molecular formula SIRIUS: C56H86O15 / BUDDY: C58H82N2O12) with delta m/z 499.296 (putative explanation: unspecified; atomic difference: unspecified) [M+Na]+
39352	758.4647650048737	4.9011493	-1		
38592	931.5336981728254	4.90261	29		
39169	576.3496206191573	4.903829	-1		
39260	601.3702065129794	4.904283	-1		
39313	1002.6040766781751	4.9075046	-1		
39644	699.4428808450112	4.913697	648		
39047	987.0655337410116	4.913961	186		
39443	1034.5871471765995	4.9180884	201	39443.0	"""Candidate Trihydroxylated bile acid (delta mass 625.2974; sirius atomic difference: 24C, 39H, 11N, 9O; buddy atomic difference: 39C, 39H, 5N, 3O)"""
39116	995.0759078666404	4.9210825	186		
39525	520.3325442220679	4.9229374	-1		
39455	199.1232903636297	4.9259853	1281		
40371	596.713344260876	4.926416	-1	40371.0	"""Candidate Trihydroxylated bile acid (delta mass 187.083; sirius atomic difference: 8C, 13H, 1N, 4O; buddy atomic difference: 8C, 13H, 1N, 4O)"""
39470	560.2628628921084	4.927894	-1		
39387	622.2330759296522	4.9294186	-1		
39532	428.27834194047847	4.9299116	-1		
40361	586.697626752619	4.930683	-1		
40360	586.3632822676691	4.9307714	-1	40360.0	Suspect related to Decaethylene glycol tridecyl ether (predicted molecular formula SIRIUS: unknown / BUDDY: unknown) with delta m/z -57.01 (putative explanation: nan (reverse); atomic difference: -1C,-1H,-2N,-1O) [M+H]+
40096	210.10280554437176	4.931349	558		
39746	885.5522211000625	4.9333587	-1		
39753	949.5786948326368	4.9354854	-1		
39526	226.1802545853342	4.9360924	-1		
39312	559.34065370901	4.9366145	-1	39312.0	Suspect related to Spectral Match to Taurocholic acid from NIST14 (predicted molecular formula SIRIUS: C25H43N3O7P2 / BUDDY: C33H37NO7) with delta m/z 43.97 (putative explanation: unspecified; atomic difference: unspecified) [M+H]+
39722	1000.604224087217	4.93725	-1		
39541	244.1909284898063	4.9378934	856	39541.0	Suspect related to Massbank:RP014702 D-sphingosine|sphingosine|(E,2S,3R)-2-aminooctadec-4-ene-1,3-diol (predicted molecular formula SIRIUS: C13H25NO3 / BUDDY: C13H25NO3) with delta m/z -56.099 (putative explanation: unspecified; atomic difference: unspecified) [M+H]+
39544	266.172836202294	4.938533	-1		
39637	699.1072716753476	4.9425583	-1		
39572	528.8387321799423	4.943135	-1	39572.0	Candidate Trihydroxylated bile acid (delta mass 119.5451)
39575	529.0896145240861	4.9438767	-1	39575.0	Candidate Trihydroxylated bile acid (delta mass 119.5451)
39979	1031.59272675769	4.944138	42	39979.0	Suspect related to taurohyocholic acid (predicted molecular formula SIRIUS: C47H80N14O13 / BUDDY: C56H88O18) with delta m/z 533.302 (putative explanation: unspecified; atomic difference: unspecified) [M-H2O+H]+
39535	944.6198260056128	4.944512	-1		
39430	927.5089412957911	4.94518	186		
39490	999.5994579512048	4.9452157	-1	39490.0	"""Candidate Dihydroxylated bile acid (delta mass 607.3168; buddy atomic difference: 36C, 41H, 5N, 4O)"""
39444	1055.5755779366405	4.9475207	-1		
40336	406.2957617466531	4.9496846	537	40336.0	Suspect related to 2-((4R)-4-((5R,7R,8R,9S,10S,12S,13R,17R)-7,12-dihydroxy-10,13-dimethyl-3-oxohexadecahydro-1H-cyclopenta[a]phenanthren-17-yl)pentanamido)ethane-1-sulfonic acid (predicted molecular formula SIRIUS: C24H41N2OS / BUDDY: C24H39NO4) with delta m/z -107.988 (putative explanation: unspecified; atomic difference: unspecified) [M+H]+
39801	960.5367462093824	4.9499116	560		
39399	1066.5630595415169	4.949919	-1		
39256	1309.73894302963	4.951366	-1		
39645	602.3540332342872	4.9536543	-1		
39673	580.3714552442435	4.9561725	-1		
39921	544.2684526882454	4.9565053	-1		
39460	1302.74059538989	4.956614	-1		
39523	1310.2438540714415	4.957798	-1		
39952	516.2989448090151	4.958337	133	39952.0	"""Candidate Trihydroxylated bile acid (delta mass 107.0043; sirius atomic difference: 2C, 5H, 1N, 2O, 1S; buddy atomic difference: 6C, -3H, 5N, -2O; spectral library match to CCMSLIB00005435561, taurocholic acid)"""
39561	1302.2406071117548	4.958699	186		
40349	464.2831359096127	4.9599047	42	40349.0	"""Candidate Dihydroxylated bile acid (delta mass 70.9823; buddy atomic difference: 2C, 1H, 1N, 1S; spectral library match to CCMSLIB00005435583, taurohyodeoxycholic acid)"""
39691	1293.7328593820328	4.963323	1110		
40030	538.2811043051502	4.964317	389	40030.0	Suspect related to 2-((4R)-4-((3R,5R,9S,10S,12S,13R,14S,17R)-3,12-dihydroxy-10,13-dimethylhexadecahydro-1H-cyclopenta[a]phenanthren-17-yl)pentanamido)ethane-1-sulfonic acid (predicted molecular formula SIRIUS: C26H45NO7S / BUDDY: C29H41NO7) with delta m/z 15.995 (putative explanation: Ala->Ser substitution|Oxidation or Hydroxylation|Phe->Tyr substitution; atomic difference: 1O|1O|1O) [M+Na]+
40420	255.07630890719585	4.9652424	-1		
39721	1313.2220466286033	4.965528	-1		
40339	596.37851766118	4.966797	-1	40339.0	"""Candidate Trihydroxylated bile acid (delta mass 187.083; sirius atomic difference: 8C, 13H, 1N, 4O; buddy atomic difference: 8C, 13H, 1N, 4O)"""
40368	238.1338294245048	4.9668603	-1		
39573	709.0423310409114	4.9685297	-1		
39811	521.3278594411005	4.969578	-1		
39962	533.4092507506806	4.9698997	-1		
39814	555.3073403108519	4.970116	389	39814.0	Suspect related to Taurocholic acid (predicted molecular formula SIRIUS: C26H48N2O7S / BUDDY: C26H48N2O7S) with delta m/z 17.027 (putative explanation: replacement of proton with ammonium ion; atomic difference: 3H,1N) [M+Na]+
39971	462.266443820927	4.971804	42	39971.0	"""Candidate Trihydroxylated bile acid (delta mass 52.9733; ; spectral library match to CCMSLIB00005435564, taurocholic acid)"""
40071	536.3273760029691	4.972567	465	40071.0	Candidate Trihydroxylated bile acid (delta mass 125.9757)
40059	954.859498749655	4.973113	560		
40088	1096.1177874834466	4.973742	-1		
39342	554.246767327568	4.9738345	108		
39303	1097.5342976620975	4.9742165	-1		
40087	1032.5947663345164	4.974851	702	40087.0	"""Candidate Trihydroxylated bile acid (delta mass 624.2984; sirius atomic difference: 25C, 40H, 10N, 9O; buddy atomic difference: 41C, 40H, 2N, 4O)"""
40063	480.2777324647127	4.9752164	42	40063.0	taurocholic acid
40039	955.1928822132614	4.9752073	560		
39757	1073.549700939495	4.9757977	-1		
39822	521.5776346531868	4.9762397	-1	39822.0	Suspect related to Spectral Match to Hexaethylene glycol from NIST14 (predicted molecular formula SIRIUS: C22H46O12 / BUDDY: C23H45N5O8) with delta m/z 237.158 (putative explanation: unspecified; atomic difference: unspecified) [M+H]+
40204	1031.0917013664366	4.9771113	70		
40179	1033.5708243650645	4.977797	-1		
40068	561.3552143504462	4.978406	42	40068.0	Suspect related to taurocholic acid (predicted molecular formula SIRIUS: C32H44N6O3 / BUDDY: C36H48O5) with delta m/z 45.058 (putative explanation: unspecified; atomic difference: 2C,7H,1N) [M+H]+
39760	1301.7371030357742	4.978635	-1		
40040	498.2884440961834	4.979718	42	40040.0	Suspect related to taurohyocholic acid (predicted molecular formula SIRIUS: unknown / BUDDY: unknown) with delta m/z -533.302 (putative explanation: unspecified; atomic difference: unspecified) [2M+H]+
39327	1070.6002268168545	4.9799194	389		
39953	689.4258214020405	4.9799647	-1		
39818	1152.6424261817149	4.9813347	-1		
39946	1048.6158134088223	4.981908	42	39946.0	Suspect related to taurocholic acid (predicted molecular formula SIRIUS: unknown / BUDDY: C11H11I3) with delta m/z 17.017 (putative explanation: unspecified; atomic difference: unspecified) [2M+H]+
39464	1310.7446768584373	4.9830985	186		
39819	702.4021011479431	4.984531	191		
39643	1044.5855514224809	4.9845147	-1		
40668	1053.098689695389	4.985358	1110		
39742	463.3001424434222	4.9864388	-1	39742.0	"""Candidate Tetrahydroxylated bile acid (delta mass 39.0099; sirius atomic difference: 2C, 1H, 1N; buddy atomic difference: 2C, 1H, 1N)"""
40043	533.3259119521795	4.9865317	42	40043.0	Suspect related to Cholic acid (predicted molecular formula SIRIUS: unknown / BUDDY: unknown) with delta m/z 107.004 (putative explanation: unspecified; atomic difference: unspecified) [M+NH4]+
40057	379.305508959826	4.986743	-1		
39924	1318.7554024464368	4.986765	186		
39851	689.0913716769824	4.986961	-1		
39821	1092.5836035496684	4.9885035	-1		
40510	762.4395317905073	4.9887247	-1		
39702	761.9375345149565	4.9890676	-1		
39551	1312.7227501259188	4.9894547	-1		
40956	1044.084453323483	4.989816	-1		
40047	1082.6708056168468	4.989893	-1		
40158	1074.546742030745	4.9905457	-1		
39333	1315.7174819866132	4.9919906	-1		
40173	545.3618486018902	4.9925404	447	40173.0	Suspect related to taurodeoxycholic acid (predicted molecular formula SIRIUS: C32H44N6O2 / BUDDY: C32H44N6O2) with delta m/z 45.058 (putative explanation: unspecified; atomic difference: 2C,7H,1N) [M+H]+
40183	452.0432623029653	4.9936967	-1		
40717	696.3920531358424	4.9946866	1822		
39931	702.0676281467913	4.9964275	-1		
39755	1062.5592995479549	4.9968524	-1		
40775	703.71901361264	4.9969387	-1		
40749	696.057760096495	4.997045	191		
40051	703.3845146077792	4.997314	-1		
38991	1065.5647227286884	4.997431	-1		
40676	1054.5748997581727	4.9975142	430		
40177	701.7331370658087	4.9976707	-1		
39828	711.0460749348414	4.997713	-1		
40224	590.703131571847	4.997785	-1		
39959	611.053435642586	4.997796	210		
39981	462.7984129377657	4.9978986	210	39981.0	"""Candidate Tetrahydroxylated bile acid (delta mass 39.0099; sirius atomic difference: 2C, 1H, 1N; buddy atomic difference: 2C, 1H, 1N)"""
40672	1043.5836459872062	4.998624	-1		
40642	1063.0601339746097	4.998898	-1		
40580	710.7121551040134	4.9989514	-1		
40687	704.052879721334	4.9989805	191		
39697	1076.555980780039	4.9993877	-1		
40083	1431.7836491245378	4.9996214	-1		
40026	601.037964627916	5.000268	342		
40086	1074.0466678580665	5.000276	-1		
39678	1323.7111237315148	5.0012026	-1		
40949	1052.097036681302	5.0012765	186		
40054	949.5187112819384	5.0013943	560		
39321	463.0492933470412	5.002191	664		
41032	1077.0570029012838	5.0022144	-1		
40279	451.7922912093704	5.0054994	239		
40010	1294.2277278200986	5.0061374	186		
40028	601.3723307954199	5.0065403	-1		
40027	922.169710666354	5.007025	-1		
39723	1088.0390782385964	5.009457	-1		
40710	1055.0752072384664	5.0104895	-1		
39745	1066.0632924649797	5.0105867	-1		
40840	1052.598145471779	5.011502	696		
40247	931.0314027893006	5.0123034	-1		
40115	907.563984900359	5.0128555	563		
40132	1432.2842033906354	5.0134587	-1		
39355	916.159891988171	5.0142536	-1		
40065	948.849323983216	5.0145245	-1		
40287	886.0528130288379	5.0147114	563		
40198	1302.2314803752065	5.0149174	186		
40152	1319.2576580311236	5.015437	-1		
40080	949.182773057574	5.0169168	-1		
40099	348.2742710913175	5.0174527	1662	40099.0	Suspect related to 10,12-Tricosadiynoic acid (predicted molecular formula SIRIUS: C18H37NO5 / BUDDY: C19H33N5O) with delta m/z 0.984 (putative explanation: Asn->Asp substitution|Deamidation|Gln->Glu substitution|Amide hydroxylation; atomic difference: -1H,-1N,1O|-1H,-1N,1O|-1H,-1N,1O|1O,-1N,-1H) [M+H]+
40089	353.2296821030345	5.0194335	-1		
40570	560.2629723534288	5.020435	-1		
39933	1309.737316553858	5.0205326	-1		
40161	1312.2193989527468	5.0220485	-1		
40117	1310.2413998646882	5.0230427	186		
40222	396.3320698070664	5.0235357	-1		
40509	246.24243028672512	5.0236716	-1	40509.0	Suspect related to (2R,6R)-2-methyl-6-tridecylpiperidine (predicted molecular formula SIRIUS: unknown / BUDDY: C15H33NO) with delta m/z -38.053 (putative explanation: unspecified; atomic difference: unspecified) [M+H]+
39841	1009.0408379360664	5.025347	-1		
39812	987.565788802292	5.0259123	-1		
40359	729.4136701777071	5.0264096	-1		
40029	1301.2234749715044	5.02672	-1		
40225	540.0951021331097	5.027049	-1		
40230	539.8442817472347	5.0274982	1333	40230.0	Candidate Trihydroxylated bile acid (delta mass 128.7159)
39948	611.3879120840605	5.0292807	1050		
39596	921.836134765736	5.031331	186		
40276	714.1154160299917	5.0320396	-1		
40718	1301.7299146620503	5.032163	186		
40777	916.4942339606864	5.033795	-1		
40810	605.7126556740212	5.0344005	39		
40012	1382.250962832699	5.034571	-1		
39886	927.844567199318	5.0347767	186		
40005	1382.7517184014414	5.034794	-1		
39767	915.8262231210908	5.0357046	-1		
40141	458.3322001684136	5.0362163	438		
40286	713.7809660910665	5.036818	210		
39915	927.5109680118406	5.0375795	-1		
39835	927.1768848701016	5.0397477	-1		
40469	1102.6282716543597	5.040056	29		
40244	921.502291803723	5.0413857	-1		
40265	262.2372850720772	5.0431666	246		
40149	908.0649850028764	5.04417	-1		
40589	428.2779181162184	5.0474253	-1		
40398	1112.594787952165	5.0476956	1286		
40496	1094.116568242106	5.048482	29		
40362	744.068300514563	5.049338	-1		
40130	1126.088594468534	5.049531	-1		
40542	736.4075787994705	5.049579	-1		
40324	735.0898918548436	5.050922	330		
40303	1137.5779263990166	5.051132	-1		
40377	1104.6098461637482	5.0516343	1132		
40248	1051.6137619127496	5.052345	-1		
40402	1126.5912235926778	5.052413	-1		
40385	1115.0983651846807	5.053399	-1		
40423	1134.5740322199144	5.053847	-1		
40363	1123.5845895326283	5.0550437	-1		
40212	591.0229039745022	5.0561595	-1		
40351	1112.09399792487	5.0574355	-1		
40373	1101.6279339063603	5.057533	-1		
40441	1120.578416979339	5.057819	-1		
40603	729.0793691688061	5.0578904	-1		
40372	1093.616867952729	5.0580134	29		
40396	1104.109888336348	5.058356	-1		
40378	1115.599666129852	5.059464	-1		
40382	1102.1295507039033	5.0595326	-1		
40482	532.3325705001354	5.060616	-1		
40523	532.5832509933921	5.062606	-1		
40393	1093.11771412365	5.0635567	29		
40782	1109.1360768988045	5.0657883	233		
40358	1137.076775095328	5.0659785	-1		
40474	422.3107735960249	5.067082	47		
40478	427.2663424080335	5.0679617	-1		
40532	703.7658341565416	5.068159	1458		
40479	443.2402207521232	5.068266	-1		
40490	405.2842493754807	5.069372	-1		
40640	995.5769140783876	5.072805	696		
40617	1302.2442536507249	5.0735993	-1		
40608	1123.082818697579	5.074349	-1		
40770	1073.5501476497466	5.075696	-1		
39916	995.0755046612126	5.076676	-1		
40698	987.0636689025988	5.0774107	-1		
40306	986.562335926994	5.0798044	186		
40354	658.3784167197916	5.0800233	-1		
41333	658.0433162849152	5.081995	-1		
40677	998.0546593381512	5.0825143	-1		
40827	997.5536391977048	5.0845337	-1		
40327	849.485360278108	5.089324	123		
40599	438.2595767586943	5.091163	-1		
40686	214.17999469332824	5.0919876	190	40686.0	Suspect related to Dodeca-2(E),4(E)-dienoic acid (predicted molecular formula SIRIUS: unknown / BUDDY: unknown) with delta m/z 18.01 (putative explanation: Proline oxidation to 5-hydroxy-2-aminovaleric acid|water; atomic difference: 2H,1O|2H,1O) [M+H]+
40025	1008.5445501130758	5.093049	-1		
40560	1131.0703711350068	5.095548	-1		
40886	922.1703788765024	5.097353	-1		
40575	512.2374863049929	5.0974226	-1		
40658	1132.074238444866	5.1014953	-1		
40835	462.79856797184107	5.1020436	-1	40835.0	"""Candidate Tetrahydroxylated bile acid (delta mass 39.0099; sirius atomic difference: 2C, 1H, 1N; buddy atomic difference: 2C, 1H, 1N)"""
40680	469.80000878648303	5.1030936	-1		
40870	611.0532808587249	5.1031237	210	40870.0	Candidate Trihydroxylated bile acid (delta mass 203.5855)
40732	1097.5334305322751	5.103719	-1		
40862	463.04943048578986	5.104583	-1	40862.0	"""Candidate Tetrahydroxylated bile acid (delta mass 39.0099; sirius atomic difference: 2C, 1H, 1N; buddy atomic difference: 2C, 1H, 1N)"""
40696	474.05627397647936	5.10574	-1		
40703	625.729179070921	5.1065946	203		
40891	601.0381169164236	5.106986	-1		
39965	626.0637861667848	5.1074824	-1		
40961	916.159987611126	5.108227	-1		
40883	601.37209326264	5.109494	342		
40714	551.1015955122905	5.110546	-1	40714.0	Suspect related to Spectral Match to Undecaethylene glycol from NIST14 (predicted molecular formula SIRIUS: C23H48O13 / BUDDY: C30H47NO8) with delta m/z 47.036 (putative explanation: unspecified; atomic difference: 1C,5H,1N,1O) [M+H]+
40739	616.0481222538265	5.111971	-1		
40774	929.5780794832216	5.1129007	563		
40744	550.850606827126	5.114909	-1		
40761	211.08641441386715	5.115858	-1		
40751	728.4566274152704	5.1172433	65		
40785	466.5446468664688	5.1172957	-1		
40908	533.3260578314881	5.1179495	133	40908.0	Suspect related to Cholic acid (predicted molecular formula SIRIUS: unknown / BUDDY: unknown) with delta m/z 107.004 (putative explanation: unspecified; atomic difference: unspecified) [M+NH4]+
40880	907.5641853952312	5.1198144	-1		
40757	728.7903340833378	5.1200075	-1		
41228	1124.0836722888714	5.123063	-1		
40877	1121.524987424378	5.1245623	-1		
40596	490.255278125166	5.128285	-1		
41483	473.80535817282254	5.129301	-1		
41458	620.0540117638217	5.12957	-1		
41407	469.5489702002208	5.1312017	-1		
41532	711.3922659810172	5.132811	-1		
41211	702.0678224213203	5.135674	191		
40967	1009.0392514220258	5.1379547	-1		
41508	615.7136234135793	5.138312	39		
41472	466.2938677749104	5.141243	852	41472.0	"""Candidate Tetrahydroxylated bile acid (delta mass 39.0099; sirius atomic difference: 2C, 1H, 1N; buddy atomic difference: 2C, 1H, 1N)"""
40907	543.3393967850895	5.145201	-1		
40933	543.5898851133048	5.146337	860		
41066	1036.0944330753714	5.153715	-1		
40846	691.0655853449844	5.1540313	-1		
40671	1058.0773890199018	5.1561246	-1		
40656	871.81887362824	5.1562476	18		
40507	872.1536492003678	5.1564317	18		
40829	1047.5875841378397	5.162562	-1		
40990	1315.2415230872066	5.1632533	301		
40964	623.376072072576	5.164336	-1		
40966	645.3583107109133	5.1670284	-1		
40988	648.3110301771451	5.168382	-1		
40996	626.3293287680692	5.1684947	-1		
41185	878.4872621090323	5.170191	18		
40794	884.1484437753593	5.170724	18		
41111	1047.0863140515137	5.1718216	-1		
41148	871.4877039934488	5.171952	18		
41215	878.1538823081149	5.1744833	18		
41153	878.8196644349207	5.1747136	18		
40871	1036.596003776532	5.175396	29		
41121	877.1624208783898	5.1766963	18		
41028	1045.109979210287	5.1770906	-1		
40753	882.505157283157	5.1775956	-1		
41042	1044.608879714115	5.178259	-1		
41430	922.1699575601426	5.1789927	-1		
41031	1058.577457688609	5.1802244	-1		
41436	696.3912860670117	5.180469	191		
40994	1257.2002700575113	5.183013	9		
41010	1265.7136852231106	5.1831665	454		
41156	1305.7301717318246	5.1851573	-1		
41127	1316.7265907376764	5.18564	-1		
41456	987.0636199552744	5.185925	186		
41162	1306.2326369551524	5.186325	-1		
41164	882.8396706767879	5.186624	18		
41113	1325.2088892662066	5.1867785	-1		
41128	1328.2137225875215	5.187443	-1		
41141	876.4960024396676	5.1875863	18		
41110	1336.1995975042455	5.187657	-1		
41126	1338.7027996646773	5.1891246	-1		
41152	1317.2240524564136	5.189524	-1		
41076	885.8107087575896	5.190197	-1		
41223	893.4728070550877	5.1902385	-1		
41005	892.8036709962123	5.1902895	-1		
41149	1335.6986037603842	5.1904383	-1		
40980	850.7898165587181	5.190515	123		
41277	561.8571590058759	5.1908073	-1	41277.0	"""Candidate Trihydroxylated bile acid (delta mass 151.0451; sirius atomic difference: 8C, 9H, 1N, 1S; buddy atomic difference: 8C, 9H, 1N, 1S)"""
41253	562.1079360978651	5.1909995	-1		
41150	1327.712239135491	5.1917157	-1		
41229	886.14447302661	5.1923814	-1		
41159	1339.2037613379782	5.1924233	-1		
41204	870.822788522668	5.192693	18		
41241	883.8112412926046	5.193328	-1		
41245	1325.7116389119485	5.193451	-1		
41036	850.4526174388758	5.1939697	123		
41172	871.155910901317	5.193972	18		
41063	839.1375270613927	5.1942267	123		
41092	1350.1929220536174	5.1951904	-1		
41195	1349.6926529481868	5.1952233	-1		
41411	890.7994587423859	5.1954455	-1		
41231	1069.569026889057	5.195525	-1		
41144	1347.1907978573483	5.1955156	-1		
41143	876.831468321219	5.19643	18		
41135	838.8030692473009	5.1967897	123		
41134	1314.2428338984948	5.197285	-1		
41243	907.7912582502688	5.1982083	-1		
41250	900.1297295671103	5.198611	-1		
41311	893.1382558025564	5.1989913	-1		
41242	900.7985483626724	5.201072	-1		
41384	1306.731095487796	5.201078	301		
41287	844.4789561822779	5.201462	123		
41129	1314.744294986856	5.2016125	301		
41295	860.0047699365116	5.202214	706		
41390	908.125767979354	5.202293	-1		
41169	882.1716392450281	5.202344	-1		
41226	1093.6163525838208	5.202465	-1		
41252	862.4825767804167	5.2027564	-1		
41248	851.4914117060798	5.2028694	-1		
40569	838.4690170386292	5.203022	-1		
41290	859.5027505814516	5.2040257	706		
41259	743.130840958983	5.205955	-1		
41154	898.7944520303537	5.207065	-1		
41275	743.4674467184425	5.2072334	-1	41275.0	Suspect related to Undecaethylene glycol tridecyl ether (predicted molecular formula SIRIUS: unknown / BUDDY: unknown) with delta m/z 58.042 (putative explanation: unspecified|PPG repeat unit|Reduced acrolein addition +58; atomic difference: 1C,4H,3N|3C,6H,1O|3C,6H,1O) [M+H]+
41480	907.457117596258	5.2075043	-1		
41163	900.4654769844506	5.207649	-1		
42025	998.0548231372392	5.2079983	269		
41385	885.4775962019867	5.208101	-1		
41100	849.4860453773869	5.208448	123		
41174	843.4759720434303	5.2093935	123		
41167	849.1515739719437	5.209535	123		
41470	474.0561761773384	5.20969	-1	41470.0	Suspect related to Spectral Match to Undecaethylene glycol from NIST14 (predicted molecular formula SIRIUS: C20H35N5O8 / BUDDY: C25H35N3O6) with delta m/z -29.056 (putative explanation: unspecified; atomic difference: unspecified) [M+H]+
41183	849.8198437855395	5.2098455	123		
41102	844.1444225359709	5.2105703	123		
41487	626.0636205891369	5.210727	-1		
40472	843.8101972933897	5.211256	123		
41286	477.3002352485673	5.211821	852	41286.0	Suspect related to Spectral Match to Hexaethylene glycol from NIST14 (predicted molecular formula SIRIUS: C21H41N5O7 / BUDDY: C21H41N5O7) with delta m/z 193.132 (putative explanation: unspecified; atomic difference: unspecified) [M+H]+
41114	845.4617998514551	5.211919	642		
41489	625.72881517179	5.212175	585	41489.0	Suspect related to Decaethylene glycol tridecyl ether (predicted molecular formula SIRIUS: unknown / BUDDY: unknown) with delta m/z -14.016 (putative explanation: Ala->Gly substitution|Gln->Asn substitution|Glu->Asp substitution|Leu/Ile->Val substitution|Thr->Ser substitution; atomic difference: -1C,-2H|-1C,-2H|-1C,-2H|-1C,-2H|-1C,-2H) [M+H]+
41199	852.7887947597968	5.212163	-1		
41120	845.7957183016811	5.2123303	-1		
41194	853.1223735074182	5.212446	516		
41546	1275.172112796773	5.212544	-1		
41214	837.8007597917444	5.2127166	-1		
41284	845.1288697994586	5.212927	-1		
40884	851.4660717884735	5.213024	535		
41118	1278.6814093129285	5.213018	-1		
40632	838.1348618586052	5.213133	-1		
41119	1265.212357560804	5.213109	760		
40932	1286.1658718493331	5.2131753	-1		
41219	852.4551103426373	5.2132936	642		
41776	1275.6764749167205	5.213268	-1		
41116	1289.6722583465555	5.2133994	-1		
41486	930.0791919550798	5.2135625	-1		
41004	851.1298793285114	5.213683	516		
40942	1286.6635561513704	5.2139616	-1		
41227	850.7913875171719	5.214039	123		
41209	1256.1985490227164	5.2147613	-1		
41203	1264.711804361231	5.2148266	454		
41137	1256.699640784381	5.21495	-1		
41055	846.1292212989434	5.2150807	642		
40929	860.4487462003768	5.2155924	-1		
41578	859.7812760200609	5.2158756	-1		
40649	867.1071135190216	5.2160983	-1		
41288	860.1153563361123	5.216586	-1		
41505	616.0478820681731	5.216713	-1		
41811	1300.659785105822	5.21682	-1		
40972	192.13829246547365	5.2170987	1272		
41234	867.7751386934683	5.2170467	-1		
40809	867.4409414209672	5.217071	-1		
41345	874.770809172449	5.2174788	-1		
41498	466.5444163671365	5.2176704	985		
41589	875.1037707448102	5.218003	-1		
41738	1300.1566092299015	5.218321	-1		
41523	858.1097747165113	5.2185254	-1		
41353	952.0921212827544	5.218603	-1		
41112	1297.6558395194656	5.218705	-1		
41516	874.4358777653579	5.2200546	-1		
41237	866.5075476440159	5.2212744	-1		
41677	1200.627076650645	5.2213435	-1		
41832	1217.6589936484504	5.2217503	-1		
41021	1222.6063222565938	5.222751	-1		
41598	995.576988029026	5.222897	696		
41445	853.4559624599123	5.223786	642		
41404	376.2020459630791	5.2282944	913		
42056	1066.0624257613106	5.2289944	-1		
41270	867.0089852488434	5.2294703	-1		
41452	554.5964865761883	5.2309694	-1		
40651	485.06240748305015	5.231553	210		
41463	554.3456289278715	5.231695	-1		
41920	484.8117020005197	5.2320256	119		
42379	640.404168924269	5.2346396	-1		
41650	1009.0431839322872	5.2346563	-1		
41878	480.5551023550111	5.234737	-1	41878.0	Candidate Trihydroxylated bile acid (delta mass 71.5064)
41301	640.7387128758963	5.2348003	119		
41658	995.0757176149312	5.236549	-1		
41449	955.1856676486108	5.238003	-1		
41694	997.5540238666978	5.2385135	-1		
41348	630.7232921863499	5.243744	-1		
41723	987.5660029256768	5.2439923	-1		
41335	630.3887831779565	5.24404	-1		
41614	955.5207175566444	5.244871	-1		
41368	477.55078747541455	5.2464204	-1	41368.0	"""Candidate Trihydroxylated bile acid (delta mass 70.0151; sirius atomic difference: 2C, 2H, 2N, 1O)"""
41511	405.28435028357393	5.250091	-1		
41535	427.2667827407766	5.2511406	-1		
41526	422.3110126315819	5.251808	47		
41754	696.724014061386	5.2559333	-1		
41533	443.240372621745	5.256009	-1		
41845	658.0436829610272	5.2650857	-1		
41780	199.12312997417024	5.2667584	1281		
41643	573.1148259682511	5.270261	-1		
41647	572.8641990315796	5.273043	210		
41656	758.1426043381316	5.281603	1514		
41856	1265.713666652042	5.282293	9		
41477	502.3586154049679	5.2827625	438		
41866	1279.1828779261125	5.283834	-1		
41959	1008.5441786780768	5.2839065	-1		
41944	987.0639730605488	5.284286	186		
41927	696.3894439456496	5.2854414	-1		
41669	264.1593455453012	5.2879076	102	41669.0	Phe-C6:0
41530	779.3588091267807	5.2881713	-1		
41945	838.4692743829955	5.288323	123		
41536	757.3768279620305	5.29017	233		
41537	774.4037522758861	5.2905393	233		
42090	477.300277664712	5.2971773	-1		
42038	839.1376653192247	5.3024235	-1		
41714	655.4155257872866	5.306002	1151	41714.0	Suspect related to Undecaethylene glycol tridecyl ether (predicted molecular formula SIRIUS: unknown / BUDDY: unknown) with delta m/z -30.01 (putative explanation: Decarboxylation|Demethoxylation|Proline oxidation to pyrrolidinone|Ser->Gly substitution|Thr->Ala substitution; atomic difference: -1C,-2H,-1O|-1C,-2H,-1O|-1C,-2H,-1O|-1C,-2H,-1O|-1C,-2H,-1O) [M+H]+
41730	655.0805084243145	5.3090672	-1	41730.0	Suspect related to Undecaethylene glycol tridecyl ether (predicted molecular formula SIRIUS: unknown / BUDDY: unknown) with delta m/z -30.01 (putative explanation: Decarboxylation|Demethoxylation|Proline oxidation to pyrrolidinone|Ser->Gly substitution|Thr->Ala substitution; atomic difference: -1C,-2H,-1O|-1C,-2H,-1O|-1C,-2H,-1O|-1C,-2H,-1O|-1C,-2H,-1O) [M+H]+
41830	565.6037048004226	5.3093896	-1		
42089	838.8033524563166	5.3126006	123		
41921	955.1875646613112	5.319852	-1		
41025	495.818733869888	5.3317122	210		
41727	496.0695766051506	5.332768	-1		
41721	655.7493425280775	5.334676	-1		
42081	491.813358237579	5.334817	210		
42185	986.5630985458656	5.3349442	-1		
42196	995.5770641672228	5.3359528	186		
42253	649.739829939424	5.338644	-1		
42228	1257.2001673773714	5.3401875	-1		
42209	973.6044736735151	5.3412366	-1		
41651	791.4850996262602	5.341711	-1		
41985	323.19475278128533	5.343989	-1		
41805	645.0651359657952	5.345548	-1		
41961	301.2124906291822	5.346232	-1		
41799	488.5580498228088	5.3465033	-1		
41802	645.3997612351766	5.3466887	-1		
41812	488.30727568544967	5.3472867	-1		
42016	584.122403937187	5.3510923	471		
42023	583.8717726982146	5.351274	-1		
42304	874.7712869832733	5.3517094	-1		
42300	867.7762189471912	5.3534937	-1		
41988	578.3423177699013	5.3560157	-1		
42049	955.5220165696768	5.3597007	-1		
42042	230.11780420390565	5.3647017	421		
42384	387.2737479013221	5.372658	47		
42867	655.0805772704191	5.3769484	-1	42867.0	Suspect related to Undecaethylene glycol tridecyl ether (predicted molecular formula SIRIUS: unknown / BUDDY: unknown) with delta m/z -30.01 (putative explanation: Decarboxylation|Demethoxylation|Proline oxidation to pyrrolidinone|Ser->Gly substitution|Thr->Ala substitution; atomic difference: -1C,-2H,-1O|-1C,-2H,-1O|-1C,-2H,-1O|-1C,-2H,-1O|-1C,-2H,-1O) [M+H]+
42685	405.2845383673414	5.378186	47		
42875	655.4157880123196	5.3808217	210	42875.0	Suspect related to Undecaethylene glycol tridecyl ether (predicted molecular formula SIRIUS: unknown / BUDDY: unknown) with delta m/z -30.01 (putative explanation: Decarboxylation|Demethoxylation|Proline oxidation to pyrrolidinone|Ser->Gly substitution|Thr->Ala substitution; atomic difference: -1C,-2H,-1O|-1C,-2H,-1O|-1C,-2H,-1O|-1C,-2H,-1O|-1C,-2H,-1O) [M+H]+
42653	422.3110198314423	5.3823223	47		
42161	475.3901760933939	5.383561	-1		
42207	576.6109170030775	5.386253	852	42207.0	"""Candidate Trihydroxylated bile acid (delta mass 168.0727; sirius atomic difference: 9C, 12H, 3O; buddy atomic difference: 8C, 12H, 2N, 1S)"""
42204	576.3585122737985	5.3908906	852	42204.0	"""Candidate Trihydroxylated bile acid (delta mass 168.0727; sirius atomic difference: 9C, 12H, 3O; buddy atomic difference: 8C, 12H, 2N, 1S)"""
42421	780.9176007322794	5.3937078	-1		
42571	781.4206094761379	5.3969746	-1		
42625	289.24894938562767	5.4028316	-1		
42463	630.7237257646425	5.403076	-1		
42190	502.8193229556673	5.4068446	-1	42190.0	Spectral Match to Undecaethylene glycol from NIST14
41990	783.9500393532835	5.4100466	7		
42698	580.3718468938702	5.418203	-1		
42705	602.3541486904567	5.420586	-1		
42010	266.17311109479976	5.4215083	-1		
42422	594.878310003948	5.4266095	210	42422.0	"""Candidate Trihydroxylated bile acid (delta mass 187.083; sirius atomic difference: 8C, 13H, 1N, 4O; buddy atomic difference: 8C, 13H, 1N, 4O)"""
42423	595.1292030742262	5.427144	-1	42423.0	"""Candidate Trihydroxylated bile acid (delta mass 187.083; sirius atomic difference: 8C, 13H, 1N, 4O; buddy atomic difference: 8C, 13H, 1N, 4O)"""
42314	498.2896722843892	5.4283338	387	42314.0	"""Candidate Trihydroxylated bile acid (delta mass 88.9942; sirius atomic difference: 2C, 3H, 1N, 1O, 1S; buddy atomic difference: 2C, 3H, 1N, 1O, 1S; spectral library match to CCMSLIB00005435575, taurohyocholic acid)"""
42834	502.5691137402455	5.431108	-1		
43372	506.82579963887554	5.4316716	-1		
43295	669.7564632108493	5.432413	569		
43382	507.0767250222429	5.432435	-1		
43413	670.0908664788619	5.433537	-1		
42401	543.3471195857071	5.4386888	-1		
42420	520.271959251914	5.44493	-1		
43468	659.7407874542738	5.445445	342		
43477	499.564754183613	5.445494	-1		
43451	499.31404740928014	5.445629	-1		
43430	660.0752178141643	5.4458365	39		
42454	518.3173321979374	5.445862	954		
42451	480.2785611567516	5.4496245	387	42451.0	"""Candidate Trihydroxylated bile acid (delta mass 70.9828; sirius atomic difference: 2C, 1H, 1N, 1S; buddy atomic difference: 2C, 1H, 1N, 1S; spectral library match to CCMSLIB00005435576, taurohyocholic acid)"""
42445	515.3788297271884	5.4519696	-1		
42873	495.8185918300771	5.454618	-1		
42424	577.2622563878274	5.455343	-1		
42919	496.069719043589	5.460498	-1		
42781	767.4248228405073	5.4610214	7		
42970	783.9499437830727	5.461177	7		
42143	788.9039713047682	5.4615207	-1		
42943	784.4516020182735	5.462221	7		
42904	775.9379727298702	5.4626575	7		
42949	766.9231762589691	5.4630013	7		
42993	775.4365984818342	5.4634767	7		
42305	576.8127885222407	5.4646454	-1		
42609	587.6173790097323	5.465734	-1		
42962	488.3073858697341	5.4679666	-1		
42485	1012.5952654046786	5.467991	387		
42604	541.3313889471881	5.470407	-1		
42635	226.180218922576	5.471297	856	42635.0	Suspect related to Palmitelaidic acid (predicted molecular formula SIRIUS: C13H23NO2 / BUDDY: C13H23NO2) with delta m/z -29.056 (putative explanation: unspecified; atomic difference: unspecified) [M+H]+
42633	244.1908626451756	5.471297	856	42633.0	Suspect related to Massbank:RP014702 D-sphingosine|sphingosine|(E,2S,3R)-2-aminooctadec-4-ene-1,3-diol (predicted molecular formula SIRIUS: C13H25NO3 / BUDDY: C13H25NO3) with delta m/z -56.099 (putative explanation: unspecified; atomic difference: unspecified) [M+H]+
42874	995.5733633064908	5.4792104	-1		
43037	645.0652764445434	5.4848943	-1		
43101	542.253192932027	5.4850683	-1		
42556	684.7657728613559	5.4872494	210		
42974	540.3365502922487	5.4899554	-1		
42503	961.202179800256	5.490302	-1		
43087	515.3162136874425	5.493661	387	43087.0	"""Candidate Trihydroxylated bile acid (delta mass 106.0198; sirius atomic difference: 2C, 6H, 2N, 1O, 1S)"""
42693	158.1542791076709	5.4960036	-1		
42664	674.4161126168328	5.5002093	470		
42827	606.1355841208269	5.5034842	-1		
42570	1094.1210670768407	5.506963	233		
42647	546.385946805215	5.5083838	438		
42663	960.868579088349	5.5152764	-1		
42724	955.1928279579516	5.521325	-1		
42691	1432.2844703407454	5.5215387	-1		
42648	949.5185447152194	5.522555	43		
42547	735.0907714959874	5.5235624	-1		
42725	960.534960699075	5.52509	560		
42668	948.8497395967066	5.525802	-1		
43103	348.27469541247706	5.5276003	1662		
43834	518.0829544572135	5.527737	210	43834.0	Candidate Trihydroxylated bile acid (delta mass 109.6828)
43833	517.8321569540707	5.5284123	119	43833.0	Candidate Trihydroxylated bile acid (delta mass 109.6828)
43258	684.4314653565755	5.5288725	210		
42746	954.8592325324748	5.529398	-1		
43097	498.2894362713977	5.532926	387	43097.0	"""Candidate Trihydroxylated bile acid (delta mass 88.9912; sirius atomic difference: 2C, 3H, 1N, 1O, 1S; buddy atomic difference: 6C, -5H, 5N, -3O; spectral library match to CCMSLIB00005435575, taurohyocholic acid)"""
42784	1102.6341656611626	5.533038	29		
42758	949.1836440515164	5.537689	-1		
42763	741.72809790745	5.539107	-1		
42881	529.0890547867202	5.5391607	-1	42881.0	Candidate Trihydroxylated bile acid (delta mass 119.5451)
42813	1123.083711008913	5.539158	-1		
43318	510.5711709074844	5.541458	852		
42764	742.0658988420535	5.541546	-1		
43032	598.6238306165627	5.542141	-1		
43877	510.320488250846	5.5423336	342		
43309	674.7499725322539	5.542875	342		
42934	1017.5498087230995	5.542977	-1		
42750	1116.1010697037866	5.543835	-1		
42779	1113.0964520641876	5.5447526	-1		
42759	1126.5919154293358	5.5482893	-1		
42882	1102.1330467416724	5.5501723	-1		
42856	1112.5956629573766	5.5514684	-1		
42864	1134.5735162401868	5.5516453	-1		
42880	1101.6322885008815	5.552291	29		
42877	1093.620231955255	5.554042	29		
43176	232.1908499084317	5.554203	-1		
42988	528.8380804887149	5.5544086	-1	42988.0	Candidate Trihydroxylated bile acid (delta mass 119.5451)
42687	1036.0964389869112	5.5545135	233		
42852	741.1004151604812	5.555683	330		
42886	1104.611167768598	5.556235	-1		
43005	521.3960990642654	5.556328	404	43005.0	Lys-CDCA
42884	1115.1002511955105	5.5563416	-1		
42850	1115.6002420306215	5.557318	-1		
42890	1104.1108321545369	5.558779	1132		
43003	521.5774170520779	5.5603952	-1	43003.0	Suspect related to Spectral Match to Hexaethylene glycol from NIST14 (predicted molecular formula SIRIUS: C22H46O12 / BUDDY: C23H45N5O8) with delta m/z 237.158 (putative explanation: unspecified; atomic difference: unspecified) [M+H]+
43015	521.3266064865546	5.5606284	-1	43015.0	"""Candidate Trihydroxylated bile acid (delta mass 113.7082; sirius atomic difference: -14C, -19H, 13O, 3P)"""
42876	736.7419717661018	5.5621033	-1		
43206	577.2626660433901	5.56268	180		
43203	480.2783913818616	5.5651298	387	43203.0	"""Candidate Trihydroxylated bile acid (delta mass 70.9829; buddy atomic difference: 6C, -7H, 5N, -4O; spectral library match to CCMSLIB00005435576, taurohyocholic acid)"""
43012	699.1065161722803	5.565327	-1		
43191	518.3174304380448	5.565528	954		
42983	254.17292750219704	5.5722485	-1		
43227	588.4037195294364	5.5730057	-1		
43189	617.1423186403783	5.574636	-1		
43056	689.4256436850875	5.5747347	-1		
43373	767.4244658436729	5.5753646	7		
43198	520.2716074172941	5.5764747	-1		
43668	954.5256955192364	5.5822487	-1		
43854	960.2000520558656	5.582784	233		
43266	541.3315557574724	5.5839605	1107		
43210	1012.5943078665988	5.5888667	387	43210.0	Suspect related to 2-((R)-4-((3R,5S,7S,8R,9S,10S,12R,13R,14S,17R)-3,7,12-trihydroxy-10,13-dimethylhexadecahydro-1H-cyclopenta[a]phenanthren-17-yl)pentanamido)ethane-1-sulfonic acid (predicted molecular formula SIRIUS: unknown / BUDDY: C28H42O8) with delta m/z -18.011 (putative explanation: Dehydration|Pyro-glu from E|carbodiimide crosslinker; atomic difference: -2H,-1O|-2H,-1O|-2H,-1O) [2M+H]+
43835	684.7656336367943	5.5893335	-1		
43396	244.2271193160621	5.596872	1330		
42505	1112.0942121161015	5.598079	-1		
42783	740.4319125878463	5.60088	591		
43317	674.4158628939163	5.600954	342		
42730	1137.579743826313	5.6032796	-1		
43218	539.8448479031762	5.60521	-1		
43702	743.7350233876363	5.6053762	-1		
43674	729.4149900881673	5.6053944	591		
43684	736.4075334782291	5.605614	-1		
44026	1093.1183365554466	5.605613	233		
43671	1126.090081708152	5.6056323	-1		
43678	744.0691993778228	5.6056833	-1		
43940	729.7491235903451	5.6058817	330		
43407	1123.5828995530974	5.605878	-1		
44069	729.0806089383553	5.605986	-1		
43140	1131.576727701275	5.6060233	-1		
43683	740.7659612436855	5.6062465	942		
43220	540.0956597198289	5.606288	1766		
43993	735.0904258065852	5.6067543	330		
43211	734.7561310197112	5.607278	330		
43673	699.442133249708	5.6142955	65		
43228	996.5684437669756	5.621383	1107		
43884	949.5179745987908	5.621542	-1		
43487	427.2665385447128	5.621801	-1		
43333	714.1164508373618	5.62322	-1		
43379	369.2634379242513	5.6233697	-1		
43889	960.8685589469684	5.6237893	-1		
43261	1018.5545483962576	5.6250134	-1		
43394	948.8491909706552	5.625139	-1		
43857	960.534621945807	5.626472	43		
43324	713.7817785409652	5.6267815	-1		
43719	689.0906316874235	5.6291575	342		
43486	422.3109750215212	5.6296096	47		
43343	831.5442421791419	5.630894	-1		
43859	949.183358393258	5.6310806	-1		
43113	1045.6128443801342	5.631073	29		
43353	532.3333363971115	5.632694	-1		
43919	1094.1203200131386	5.6333613	29		
43356	703.7663046323757	5.633666	-1		
43147	543.343906229312	5.6336946	-1		
43935	955.1927524509427	5.633854	560		
43502	405.284456850762	5.6340384	47		
43860	954.8590576318394	5.634497	-1		
43346	532.5838924042397	5.634566	985		
43236	387.2739121238272	5.6362557	47		
43453	443.2405222738048	5.6362557	-1		
43676	1112.5954921856437	5.6374836	-1		
43995	1126.5916847484273	5.6415777	-1		
43473	704.1014254364906	5.646892	-1		
43569	1134.5755011261433	5.647363	-1		
43901	735.424779880801	5.6483088	-1		
43271	1036.598208985969	5.650377	29		
43621	1115.5992353927911	5.6507144	-1		
44009	1102.6332246705308	5.650776	29		
44068	1104.6104371184267	5.650788	-1		
43987	1102.1321938980675	5.65163	29		
43704	529.088958036217	5.652189	511	43704.0	Candidate Trihydroxylated bile acid (delta mass 119.5451)
43975	1093.619178552014	5.6525254	-1		
43648	1115.0995784681973	5.6541724	-1		
43267	1036.0964168520711	5.654359	-1		
44019	1101.6319628818826	5.656378	29		
43661	1104.1104375960058	5.65678	-1		
43374	859.5049630358258	5.6572843	706		
43677	1123.0835743318448	5.657935	-1		
43367	1315.2474805974523	5.6592426	-1		
43282	1047.0877029963704	5.6606092	-1		
42966	1058.078582300087	5.6607943	-1		
43326	1047.5893615874063	5.661913	-1		
43338	1045.1108203004069	5.663116	-1		
43330	884.1495386212852	5.6634135	18		
43378	1325.710265537448	5.664136	-1		
43491	1306.2337040288778	5.66457	-1		
43412	1339.7080928954208	5.664823	-1		
43380	898.4617264538795	5.6656513	-1		
43479	876.8328931682069	5.6667356	18		
43354	884.1512094800286	5.6670704	-1		
43449	1349.6956303595844	5.667578	-1		
43456	1335.698972268064	5.66801	-1		
43603	483.343883392118	5.6685243	42	43603.0	"""Candidate Trihydroxylated bile acid (delta mass 74.0479; sirius atomic difference: 2C, 6H, 2N, 1O; buddy atomic difference: 2C, 6H, 2N, 1O)"""
43440	877.5012882998798	5.668489	18		
43458	1328.7177971877124	5.6685123	-1		
43611	466.3172426624369	5.6686397	42	43611.0	GLYCOCHOLIC ACID
43492	871.1576681075763	5.668923	233		
43768	521.5773649359079	5.669896	-1		
43481	1317.2255041522662	5.6699643	-1		
43470	900.4654802869871	5.670279	-1		
43450	1339.2064934058626	5.6703353	-1		
43510	1314.7469730887883	5.670455	233		
43782	521.3265710297085	5.6709557	-1	43782.0	Suspect related to Spectral Match to Undecaethylene glycol from NIST14 (predicted molecular formula SIRIUS: C18H45N7O10 / BUDDY: C29H45NO7) with delta m/z 17.017 (putative explanation: unspecified; atomic difference: unspecified) [M+H]+
43539	1336.201668385705	5.6709137	-1		
43400	883.8106581629606	5.6709614	18		
43694	699.1063858503722	5.6713943	-1		
43467	450.3426973305728	5.6715183	-1		
43464	1327.714613961264	5.6718483	-1		
43547	860.0055341981703	5.672406	-1		
43383	872.1603399560073	5.672441	18		
43978	264.15936534216473	5.6728954	-1		
43714	528.8381093130421	5.672936	210	43714.0	Candidate Trihydroxylated bile acid (delta mass 119.5451)
43485	882.8422751812733	5.6739492	18		
43558	1305.7325167266356	5.6739616	-1		
43432	879.152933064359	5.67413	-1		
43494	870.8235954763992	5.674198	233		
43517	1328.2160106463218	5.674525	-1		
43488	885.8121295272629	5.675839	-1		
43527	877.1671013256052	5.67608	233		
43557	1314.2453433731728	5.676753	-1		
43505	878.4855996981449	5.6772013	18		
43489	893.1391182542196	5.677372	-1		
43657	689.4254096136697	5.6777463	39		
43542	882.5084621706363	5.677866	-1		
43511	883.8119247608629	5.678601	-1		
43537	882.1735151700036	5.679425	18		
43480	893.4733344860554	5.679479	-1		
43513	886.480033204014	5.6805196	-1		
43552	884.4861518849392	5.68138	18		
43561	878.1528063250925	5.6817684	18		
43585	876.4986701274097	5.682185	18		
43559	878.819147115762	5.68286	18		
43609	871.4918743156938	5.6828637	233		
43521	900.7993369370892	5.682998	-1		
43578	886.1457873317343	5.6855993	-1		
43593	892.8051035512123	5.689828	-1		
43847	523.3383295011829	5.6960034	-1		
43909	740.4318075974147	5.696314	942		
43716	590.4111492365896	5.7011127	438		
43955	1116.1010676454166	5.7018065	-1		
43731	521.395912590357	5.7041044	404	43731.0	Lys-CDCA
43751	550.8509217165288	5.7086077	-1		
43757	551.1021560258694	5.7111015	-1		
43952	1137.0790400470764	5.711085	-1		
43823	1131.5772944386472	5.711561	-1		
43870	1121.5256503520643	5.7216253	-1		
43819	177.16380111199086	5.722104	357		
43850	195.17443575323028	5.722104	357	43850.0	Spectral Match to 2-Butanone, 4-(2,6,6-trimethyl-2-cyclohexen-1-yl)- from NIST14
43836	1131.0758774325154	5.722292	-1		
44034	736.4075483703824	5.7227407	-1		
43906	691.0664176360308	5.723623	-1		
43237	1044.6098174494916	5.72722	29		
43818	728.4574371746204	5.7286396	-1		
43948	1117.5751163326006	5.7303343	-1		
43839	871.8258682710074	5.7322354	18		
43814	728.792288823097	5.732641	1050		
43807	1037.098985829846	5.734728	233		
43841	543.5905277721025	5.7355556	852		
44090	1137.5809129480565	5.739273	-1		
43853	543.3400410190319	5.739898	342		
43786	691.4007991933682	5.740815	-1		
43878	551.3531010601092	5.7439528	-1		
43733	1058.0791629601686	5.744949	-1		
43898	430.29419800694734	5.745016	-1		
43918	408.31156170548	5.7477517	-1		
44113	539.8446529640694	5.748135	119		
44173	540.0955193980052	5.7483916	-1		
43533	1306.735075367924	5.7512007	301		
44118	714.1158952407322	5.7517004	-1		
44343	1058.5794755271925	5.7517095	-1		
44050	885.4778075347933	5.752707	-1		
44186	713.7814605615505	5.753775	-1		
44170	1126.0900054571553	5.7551036	-1		
43967	1315.2484091729132	5.756841	301		
44319	230.1175632181814	5.757651	-1		
44056	1036.5980714251343	5.758052	-1		
44049	900.1305469621615	5.7581306	-1		
44284	907.7925971076204	5.7595425	-1		
44294	908.1271465844871	5.7607403	-1		
44051	1036.0964507506355	5.7610936	29		
44070	1047.5893441992698	5.764221	269		
44239	532.583770408455	5.7643695	860		
44065	1047.08758816837	5.764733	-1		
44243	532.3331355903018	5.765446	342		
44027	1318.7280917390528	5.7667527	-1		
44551	1045.111266898239	5.767041	-1		
44442	872.1601377122793	5.7671366	18		
43897	900.4651107775121	5.767753	-1		
44266	898.7959989805393	5.768567	-1		
43958	893.4727042140687	5.769097	-1		
43950	900.799128391536	5.771233	-1		
44062	1328.718187841332	5.7714353	-1		
44052	859.5048315651717	5.772456	706		
44035	901.1316387904252	5.772945	-1		
44046	884.1509971601425	5.773049	18		
44093	879.1528112341864	5.774628	233		
44060	1339.70730755904	5.775367	-1		
44122	871.1578114863007	5.776777	233		
44232	1335.6997663353366	5.7774954	-1		
44097	877.5014740678305	5.7783875	18		
44120	870.823673290112	5.7785115	18		
44119	876.8333459686969	5.7795186	18		
44126	885.8118880924676	5.7799273	-1		
44137	158.15418656048567	5.7800183	-1		
44151	878.8190197147464	5.7800965	18		
44542	882.8427993945405	5.7807856	18		
44100	893.1386754925414	5.7808657	-1		
44138	877.1673411671072	5.781428	18		
44131	882.1744254090968	5.781827	18		
44133	1306.233976936534	5.7819285	-1		
44166	878.4853425443542	5.782765	-1		
44111	882.5088441227425	5.7830915	18		
44160	883.8129800633994	5.7831645	18		
44159	884.4872522376031	5.783202	18		
44147	1328.2158709708883	5.7832756	-1		
44162	878.1526551870537	5.7834272	-1		
44154	886.1456486381036	5.783706	-1		
44408	1339.2061694913382	5.7838235	-1		
44179	876.4993079376169	5.7839766	18		
44156	892.8046295839802	5.784208	-1		
44157	1316.7281571657377	5.7845945	-1		
44148	1314.7474786189168	5.7848887	301		
44494	1327.714523055196	5.7855067	-1		
44169	1305.7331940088964	5.785832	-1		
44116	860.005457210718	5.7862816	-1		
44103	1069.5696214168258	5.786347	-1		
44484	871.4919628488585	5.7867026	29		
44092	866.505500300237	5.7876024	-1		
44307	729.414007348546	5.788154	-1		
44152	891.1341870699487	5.789252	-1		
44176	1325.209549381784	5.789822	-1		
44081	1336.701639000121	5.7955217	-1		
44215	1338.7053126188623	5.7963605	-1		
44188	1336.201097698011	5.798137	-1		
44165	422.31092788007146	5.7986016	47		
44265	872.4951664759913	5.7991576	-1		
44193	1349.694930939386	5.799321	-1		
44172	1350.6981252192309	5.8012385	-1		
44242	862.4832815434547	5.8039274	-1		
44210	405.28444492211327	5.8056245	47		
44255	1340.2081768087482	5.814902	-1		
44158	443.24030025119214	5.815491	-1		
44328	1069.0691866688758	5.817019	-1		
43698	561.8583951314686	5.820373	210		
43985	507.3802784125168	5.8228064	404	43985.0	Dihydroxylated bile acid - Chenodeoxycholylornithine
44144	450.3422534127069	5.8232255	-1		
44422	1044.6104205125348	5.8246593	-1		
44067	387.2736122683677	5.8288317	47		
44475	551.1021045970964	5.830004	-1	44475.0	Suspect related to Spectral Match to Undecaethylene glycol from NIST14 (predicted molecular formula SIRIUS: C23H48O13 / BUDDY: C30H47NO8) with delta m/z 47.036 (putative explanation: unspecified; atomic difference: 1C,5H,1N,1O) [M+H]+
44290	521.3957429049808	5.833239	404	44290.0	Lys-CDCA
44224	743.4684742791936	5.8339915	1073		
43992	481.3278719737223	5.8348303	537	43992.0	"""Candidate Tetrahydroxylated bile acid (delta mass 56.0374; sirius atomic difference: 2C, 4H, 2N; buddy atomic difference: 2C, 4H, 2N)"""
44512	728.7919470242493	5.8349752	-1		
44434	859.5043353160282	5.835149	-1		
44502	728.4574016641394	5.836888	-1		
44467	550.8508471435193	5.837997	-1		
45031	1047.5898341957106	5.8388925	-1		
44281	543.8414425100723	5.839336	852		
44000	414.3006718986238	5.839449	-1		
44482	432.3111498398603	5.843078	42	44482.0	Suspect related to Massbank:RP005203 Glycochenodeoxycholate|GLYCOCHENODEOXYCHOLIC ACID|2-[[(4R)-4-[(3R,5S,7R,8R,9S,10S,13R,14S,17R)-3,7-dihydroxy-10,13-dimethyl-2,3,4,5,6,7,8,9,11,12,14,15,16,17-tetradecahydro-1H-cyclopenta[a]phenanthren (predicted molecular formula SIRIUS: C26H41NO4 / BUDDY: C26H41NO4) with delta m/z -18.011 (putative explanation: Dehydration|Pyro-glu from E|carbodiimide crosslinker; atomic difference: -2H,-1O|-2H,-1O|-2H,-1O) [M+H]+
44044	467.3484935967798	5.843925	-1		
44463	883.8142857109843	5.8440228	18		
44296	463.390234304786	5.844523	-1	44296.0	Deoxycholyl_Putrescine
43764	554.347159137805	5.8457494	-1		
44336	543.5905719839931	5.8494334	-1		
44337	543.3399691387046	5.850835	-1		
45167	871.1580132854132	5.8526855	-1		
44576	1036.598786574294	5.8603945	29		
44995	1306.2342196809063	5.8615465	301		
44594	871.8260690773632	5.8665643	18		
43693	562.1092136156183	5.8711195	-1	43693.0	"""Candidate Trihydroxylated bile acid (delta mass 151.0451; sirius atomic difference: 8C, 9H, 1N, 1S; buddy atomic difference: 8C, 9H, 1N, 1S)"""
44282	634.4377037717119	5.8722067	438		
43752	554.5977149800954	5.8915663	-1		
44706	884.4891556849922	5.893918	18		
44479	202.21676168397968	5.9108176	92	44479.0	Massbank:LU068401 N,N-Dimethyldecylamine oxide|1-Decanamine, N,N-dimethyl-, N-oxide|N,N-dimethyldecan-1-amine oxide
44857	561.8583330725402	5.9127345	1766	44857.0	"""Candidate Trihydroxylated bile acid (delta mass 151.0451; sirius atomic difference: 8C, 9H, 1N, 1S; buddy atomic difference: 8C, 9H, 1N, 1S)"""
44782	1315.2474905080414	5.9160194	18		
44492	542.253080261848	5.917563	-1		
44577	353.2300692166805	5.92524	-1		
44561	375.2121170509619	5.9272885	-1		
44578	348.27468213200547	5.9277244	47		
44036	572.8658571422916	5.927725	-1		
44568	683.4718317205082	5.9279823	-1		
44504	520.2723066720981	5.928479	-1		
44570	331.2479860942506	5.9286265	47		
44588	313.2373472219806	5.928822	-1		
44564	369.2043951497541	5.929048	-1		
44572	295.226935906809	5.9295616	-1		
44674	554.3471646343359	5.9304786	-1		
44527	530.3601312615054	5.942332	-1		
44840	246.24314895836244	5.947834	92		
44532	498.2892127617107	5.9527926	-1	44532.0	"""Candidate Trihydroxylated bile acid (delta mass 88.9944; sirius atomic difference: 2C, 3H, 1N, 1O, 1S; buddy atomic difference: 3C, -1H, 5N, -3O, 1S; spectral library match to CCMSLIB00005435562, taurocholic acid)"""
44064	573.1163218067994	5.953586	210		
44852	844.5899094745615	5.9594216	-1		
44772	1052.5993781686718	5.965441	186		
44778	507.38044188058257	5.967299	404	44778.0	Dihydroxylated bile acid - Chenodeoxycholylornithine
44754	1057.5551366840605	5.9676642	-1		
44882	893.4849445113799	5.969462	-1		
44779	1044.086160588782	5.9694514	-1		
44876	1236.84855871815	5.970083	67	44876.0	"""Candidate Tetrahydroxylated bile acid (delta mass 811.5564; sirius atomic difference: 52C, 65H, 11N, -2O; buddy atomic difference: 54C, 73H, 3N, 3O)"""
44592	515.3162992608557	5.9720097	42	44592.0	Suspect related to taurocholic acid (predicted molecular formula SIRIUS: unknown / BUDDY: unknown) with delta m/z -515.291 (putative explanation: unspecified; atomic difference: unspecified) [2M+H]+
44797	759.5013364223768	5.9723926	-1		
44768	1057.052048948268	5.9746265	-1		
44719	549.4025288875032	5.9751244	1559		
44788	1043.5852223519505	5.97522	-1		
44868	833.5893804253562	5.975476	88	44868.0	Suspect related to (4R)-4-((3R,5S,6R,7R,9S,10R,12S,13R,14S,17R)-3,6,7,12-tetrahydroxy-10,13-dimethylhexadecahydro-1H-cyclopenta[a]phenanthren-17-yl)pentanoic acid (predicted molecular formula SIRIUS: unknown / BUDDY: C9H7Br3O4) with delta m/z -16.978 (putative explanation: unspecified; atomic difference: unspecified) [2M+H]+
44177	565.3540372565457	5.975975	-1	44177.0	Suspect related to Spectral Match to Undecaethylene glycol from NIST14 (predicted molecular formula SIRIUS: unknown / BUDDY: unknown) with delta m/z 61.053 (putative explanation: unspecified|unspecified; atomic difference: 2C,7H,1N,1O|5H,4N) [M+H]+
44124	565.6046212113561	5.976034	-1		
44765	1035.5718760802008	5.976985	-1		
44757	1046.5639147503125	5.9773126	-1		
44874	830.574430102526	5.985451	67	44874.0	"""Candidate Tetrahydroxylated bile acid (delta mass 405.2876; sirius atomic difference: 20C, 35H, 7N, 2O; buddy atomic difference: 24C, 39H, 1N, 4O)"""
44875	851.5040641813398	5.989156	-1		
45154	572.8658105967658	5.989625	210		
44784	1035.0706709850128	5.9906163	-1		
44917	944.6443484283363	5.9915667	-1		
44873	813.5495700231095	6.0046687	67	44873.0	"""Candidate Tetrahydroxylated bile acid (delta mass 388.2618; sirius atomic difference: 24C, 36H, 4O; buddy atomic difference: 25C, 32H, 4N)"""
44904	1263.7851027928668	6.0046687	-1		
44872	538.374291459981	6.005542	-1		
44887	1241.8042833979127	6.0068746	-1		
44871	353.24779671864155	6.0070753	67	44871.0	"""Candidate Tetrahydroxylated bile acid (delta mass -72.0421; sirius atomic difference: -8H, -4O; buddy atomic difference: -8H, -4O)"""
44880	858.6071289120306	6.007778	-1		
44922	371.25873256791374	6.008655	629	44922.0	"""Candidate Tetrahydroxylated bile acid (delta mass -54.032; sirius atomic difference: -6H, -3O; buddy atomic difference: -6H, -3O)"""
44907	389.2685336656759	6.01249	67	44907.0	"""Candidate Tetrahydroxylated bile acid (delta mass -36.0214; sirius atomic difference: -4H, -2O; buddy atomic difference: -4H, -2O; spectral library match to CCMSLIB00005465702, """"(R)-4-((3R,5R,6R,7R,8R,9S,10R,12S,13R,14S,17R)-3,6,7,12-tetrahydroxy-10,13-dimethylhexadecahydro-1H-cyclopenta[a]phenanthren-17-yl)pentanoic acid"""")"""
44884	424.30646574247424	6.0141635	67	44884.0	"""Candidate Tetrahydroxylated bile acid (delta mass -0.9846; buddy atomic difference: 1C, -3H, 5N, -5O)"""
45007	470.28743705884096	6.0143924	-1		
45163	573.1162732651928	6.0205307	210		
44975	497.24894889484005	6.0208225	-1		
44912	835.5306084902793	6.0248895	-1		
44939	524.3574901283084	6.0268054	-1		
44812	521.3963454173952	6.0292134	404	44812.0	Lys-CDCA
44792	426.2608289691767	6.0300136	-1		
44830	448.243027747499	6.0310006	-1		
44503	576.3599804620696	6.033034	1345	44503.0	"""Candidate Trihydroxylated bile acid (delta mass 168.0727; sirius atomic difference: 9C, 12H, 3O; buddy atomic difference: 8C, 12H, 2N, 1S)"""
44383	584.1230685082293	6.0357947	210		
44388	583.872414944312	6.039519	210		
44936	429.26158980732896	6.0405035	-1		
45312	678.4662012009026	6.050103	438		
45298	516.2738948239454	6.053458	-1		
45252	478.3175655876593	6.0536757	537	45252.0	Suspect related to 2-((4R)-4-((5R,7R,8R,9S,10S,12S,13R,17R)-7,12-dihydroxy-10,13-dimethyl-3-oxohexadecahydro-1H-cyclopenta[a]phenanthren-17-yl)pentanamido)ethane-1-sulfonic acid (predicted molecular formula SIRIUS: C27H43NO6 / BUDDY: C27H43NO6) with delta m/z -35.966 (putative explanation: unspecified; atomic difference: unspecified) [M+H]+
45291	495.3440953737195	6.0536838	537	45291.0	"""Candidate Tetrahydroxylated bile acid (delta mass 71.0387; sirius atomic difference: 3C, 5H, 1N, 1O; buddy atomic difference: 4C, 1H, 5N, -3O)"""
44821	523.3755082998434	6.0542006	537		
44496	576.6113419393643	6.057847	1345	44496.0	"""Candidate Trihydroxylated bile acid (delta mass 168.0727; sirius atomic difference: 9C, 12H, 3O; buddy atomic difference: 8C, 12H, 2N, 1S)"""
44775	500.3006959963519	6.0625124	-1		
44704	384.29703182352085	6.0901318	438		
45369	584.1230308814348	6.098747	210		
45559	595.1296303015782	6.1195397	210	45559.0	"""Candidate Trihydroxylated bile acid (delta mass 187.083; sirius atomic difference: 8C, 13H, 1N, 4O; buddy atomic difference: 8C, 13H, 1N, 4O)"""
45257	369.2042487602009	6.122071	-1		
45271	504.2687928461562	6.1239934	108		
45262	353.23000350225	6.1242456	-1		
45265	348.2746197659954	6.1243052	47		
45267	331.24793716246336	6.124584	1105		
45269	313.2373268179525	6.12482	-1		
45272	375.212001755368	6.125523	-1		
45273	295.22684774720045	6.125682	-1		
45406	576.3605860967336	6.1282883	-1	45406.0	"""Candidate Trihydroxylated bile acid (delta mass 168.0727; sirius atomic difference: 9C, 12H, 3O; buddy atomic difference: 8C, 12H, 2N, 1S)"""
45618	504.2717260083217	6.130185	108		
44827	587.3672497531111	6.1376686	-1		
44842	587.6180740590331	6.1377387	-1		
45290	485.2904090611001	6.1548567	465	45290.0	Suspect related to Glycocholic acid (predicted molecular formula SIRIUS: C26H46N2O6 / BUDDY: C33H42N2O) with delta m/z 17.027 (putative explanation: replacement of proton with ammonium ion; atomic difference: 3H,1N) [M+H]+
45242	955.612379914201	6.159845	275		
45331	1419.919136965345	6.1717257	275		
45360	976.590846418612	6.1720552	-1		
45428	477.4056779869617	6.1732283	-1		
45347	969.577938958181	6.177253	-1		
45390	948.6509927255544	6.177605	42	45390.0	Suspect related to glycocholic acid (predicted molecular formula SIRIUS: unknown / BUDDY: C14H9Br3N2O2) with delta m/z 17.027 (putative explanation: replacement of proton with ammonium ion; atomic difference: 3H,1N) [2M+H]+
45395	931.6241598516466	6.1785955	42	45395.0	glycocholic acid
45388	951.6613522736404	6.178874	465	45388.0	"""Candidate Trihydroxylated bile acid (delta mass 541.8025; sirius atomic difference: 18C, -2H, 4N, 5O, 6S)"""
45384	970.5828522961305	6.179546	-1		
45387	956.6160418826482	6.180746	-1		
45412	975.5883581768026	6.181023	-1		
45417	953.6063795061524	6.1812177	275		
45358	976.6833938043784	6.1817656	-1		
45426	1440.8965121070885	6.182643	-1		
45409	1418.9154988109449	6.186393	-1		
45452	949.654458327442	6.190019	-1		
45723	606.1364101853496	6.1960115	210		
45392	412.2844717384271	6.198617	42	45392.0	Suspect related to taurocholic acid (predicted molecular formula SIRIUS: C26H43NO6 / BUDDY: C26H43NO6) with delta m/z -49.982 (putative explanation: unspecified; atomic difference: unspecified) [M-3H2O+H]+
45710	486.35137376984767	6.200586	465		
45597	483.3428751116741	6.20376	42	45597.0	"""Candidate Trihydroxylated bile acid (delta mass 74.0479; sirius atomic difference: 2C, 6H, 2N, 1O; buddy atomic difference: 2C, 6H, 2N, 1O)"""
45589	504.27023441015945	6.204181	108		
45416	597.4107331899277	6.2042103	-1		
45485	510.2816158084053	6.2042866	-1		
45422	488.2980634007935	6.2043552	-1		
45345	511.3738697360513	6.204437	42	45345.0	"""Candidate Trihydroxylated bile acid (delta mass 102.0786; sirius atomic difference: 4C, 10H, 2N, 1O; buddy atomic difference: 4C, 10H, 2N, 1O)"""
45399	448.3059080894485	6.20808	42	45399.0	Suspect related to Spectral Match to Glycodeoxycholic acid from NIST14 (predicted molecular formula SIRIUS: unknown / BUDDY: unknown) with delta m/z -2.016 (putative explanation: 2-amino-3-oxo-butanoic_acid|Intact disulfide bridge|Val->Pro substitution; atomic difference: -2H|-2H|-2H) [M+H]+
45180	598.6247495625119	6.218298	-1		
45368	466.3165045849835	6.2226653	42	45368.0	GLYCOCHOLIC ACID
45505	997.5709782501292	6.2229195	-1		
45558	955.6127782550044	6.2273283	275		
45297	509.35787860731807	6.2303247	42	45297.0	"""Candidate Trihydroxylated bile acid (delta mass 99.0333; sirius atomic difference: 4C, 5H, 1N, 2O; buddy atomic difference: 5C, 1H, 5N, -2O)"""
45579	998.5739664043128	6.2388186	-1		
45578	969.5779266676096	6.2391253	-1		
45622	1419.9167192585728	6.2438827	275		
45599	976.5909410235306	6.2441044	-1		
45568	370.2628711073211	6.2470984	-1		
45617	956.6165037783484	6.2481985	275		
45630	430.29491160615726	6.253046	42	45630.0	Suspect related to Glycocholic acid (predicted molecular formula SIRIUS: C26H39NO4 / BUDDY: C26H39NO4) with delta m/z -36.021 (putative explanation: 2x water (reverse); atomic difference: -4H,-2O) [M+H]+
45643	975.5883998297166	6.260551	-1		
45680	931.6242037306134	6.266019	42	45680.0	"""Candidate Trihydroxylated bile acid (delta mass 522.3307; sirius atomic difference: 19C, 42H, 10N, 7O; buddy atomic difference: 33C, 46H, 5O; spectral library match to CCMSLIB00005435517, glycocholic acid)"""
45694	951.6605815063488	6.2679214	465	45694.0	"""Candidate Trihydroxylated bile acid (delta mass 541.8025; sirius atomic difference: 18C, -2H, 4N, 5O, 6S)"""
45629	301.07543039362906	6.2750564	-1		
45927	617.1430631686816	6.2755995	210		
45683	948.649898137163	6.2761493	42	45683.0	Suspect related to glycocholic acid (predicted molecular formula SIRIUS: unknown / BUDDY: C14H9Br3N2O2) with delta m/z 17.027 (putative explanation: replacement of proton with ammonium ion; atomic difference: 3H,1N) [2M+H]+
45628	279.09354196966336	6.277144	-1		
45682	1418.9150411856458	6.278213	275		
45755	970.582001622348	6.2850895	-1		
45640	1348.9492747858344	6.286153	-1		
45880	549.4027910953139	6.2864656	-1		
45738	953.6071080611756	6.287135	275		
45606	938.5910752623952	6.2901917	-1		
45626	921.6164562230016	6.291885	92		
45620	917.6643543696816	6.292345	35	45620.0	Suspect related to glycodeoxycholic acid (predicted molecular formula SIRIUS: unknown / BUDDY: C11H13Br3N2OS) with delta m/z 17.027 (putative explanation: replacement of proton with ammonium ion; atomic difference: 3H,1N) [2M+H]+
45654	923.6228138983562	6.292635	182		
45645	899.6346843087155	6.293482	42	45645.0	glycohyodeoxycholic acid
45703	510.3562233559617	6.295939	-1	45703.0	"""Candidate Dihydroxylated bile acid (delta mass 118.9668; sirius atomic difference: 2C, 1H, 1N, 3O, 1S; buddy atomic difference: 2C, 1H, 1N, 3O, 1S)"""
45677	937.5884577558428	6.297898	-1		
45661	916.6609594631408	6.3009653	42	45661.0	Suspect related to glycohyodeoxycholic acid (predicted molecular formula SIRIUS: unknown / BUDDY: C12H10OS9) with delta m/z 17.027 (putative explanation: replacement of proton with ammonium ion; atomic difference: 3H,1N) [2M+H]+
45719	924.6251998398632	6.304706	-1		
45667	414.3009786579336	6.308819	42	45667.0	Suspect related to GLYCOCHENODEOXYCHOLATE (predicted molecular formula SIRIUS: C26H41NO4 / BUDDY: C26H41NO4) with delta m/z -18.011 (putative explanation: Dehydration|Pyro-glu from E|carbodiimide crosslinker; atomic difference: -2H,-1O|-2H,-1O|-2H,-1O) [M-H2O+H]+
45688	944.6926986060048	6.316598	-1		
45567	408.3120288932892	6.318818	-1	45567.0	Suspect related to taurocholic acid (predicted molecular formula SIRIUS: C24H41NO4 / BUDDY: C24H41NO4) with delta m/z -107.988 (putative explanation: unspecified; atomic difference: unspecified) [M+H]+
45670	943.598078456001	6.3226476	-1		
45813	493.363752542646	6.3243513	-1		
46025	488.27635039589126	6.324978	-1		
45687	581.4155657242989	6.3293476	-1		
45651	529.2946713335972	6.331777	180		
45863	472.303937787832	6.3331776	-1		
45625	495.37920473190366	6.3334465	-1		
46069	494.2863013509431	6.339374	-1		
45979	467.3491776537403	6.343465	1079	45979.0	Suspect related to Glycodeoxycholic acid (predicted molecular formula SIRIUS: C26H48N2O6 / BUDDY: C26H48N2O6) with delta m/z 35.037 (putative explanation: unspecified; atomic difference: unspecified) [M-H2O+H]+
45959	432.3113662922827	6.3458133	1079	45959.0	"""Candidate Dihydroxylated bile acid (delta mass 39.0121; sirius atomic difference: 2C, 1H, 1N; buddy atomic difference: 2C, 1H, 1N; spectral library match to CCMSLIB00005464545, GLYCOCHENODEOXYCHOLATE)"""
45726	544.2676662314947	6.3514996	-1		
46043	450.3209272035394	6.3536506	-1	46043.0	GLYCOCHENODEOXYCHOLIC ACID
45753	1043.561991221611	6.353942	-1		
45876	1017.6288851055464	6.3544226	42	45876.0	"""Candidate Dihydroxylated bile acid (delta mass 625.7701; sirius atomic difference: 7C, -2H, 6N, 19O, 4P, 1S)"""
45851	1033.6578377922397	6.359636	-1		
46047	802.5430326011368	6.363592	-1		
45912	1017.1264468632676	6.367036	42	45912.0	"""Candidate Trihydroxylated bile acid (delta mass 606.3012; sirius atomic difference: 34C, 46H, 4N, 2O, 2S; buddy atomic difference: 40C, 38H, 4N, 2O)"""
45933	938.5904367889132	6.3683386	-1		
45936	924.6247637655384	6.3684516	-1		
45965	510.355406502579	6.3692565	-1	45965.0	"""Candidate Dihydroxylated bile acid (delta mass 117.0531; sirius atomic difference: 8C, 7H, 1N; buddy atomic difference: 3C, 7H, 3N, 2O)"""
45939	1052.6815190957525	6.3701553	-1	45939.0	"""Candidate Trihydroxylated bile acid (delta mass 641.7751; sirius atomic difference: 13C, -6H, 10N, 12O, 5S)"""
45795	1051.6807317884932	6.372708	-1		
45849	1050.6760373015543	6.3751106	197		
45900	921.616091760214	6.3751554	92		
45542	428.3230639904396	6.375242	438		
45989	916.6606403416216	6.376565	42	45989.0	Suspect related to glycohyodeoxycholic acid (predicted molecular formula SIRIUS: unknown / BUDDY: C12H10OS9) with delta m/z 17.027 (putative explanation: replacement of proton with ammonium ion; atomic difference: 3H,1N) [2M+H]+
45869	1016.6258170412128	6.3772216	369		
46207	543.3486817829214	6.37765	42		
45887	1002.6023905510474	6.3778534	-1		
45866	999.5978248366804	6.377955	42	45866.0	taurodeoxycholic acid
45839	1022.5821008142432	6.3786135	389	45839.0	Suspect related to taurohyodeoxycholic acid (predicted molecular formula SIRIUS: C56H86O15 / BUDDY: C58H82N2O12) with delta m/z 499.296 (putative explanation: unspecified; atomic difference: unspecified) [M+Na]+
45998	937.587493930673	6.380755	180		
45884	1038.6068852379658	6.38174	389		
45958	899.6346778549351	6.38204	42	45958.0	glycoursodeoxycholic acid
45910	1023.5809229010738	6.3825274	389		
45871	520.3315000184127	6.385787	515		
46017	504.26541948958265	6.388208	108		
45837	517.3312433513751	6.389437	42	45837.0	Suspect related to taurohyodeoxycholic acid (predicted molecular formula SIRIUS: C30H42N6O3 / BUDDY: C30H42N6O3) with delta m/z 35.037 (putative explanation: unspecified; atomic difference: unspecified) [M-H2O+H]+
45966	1018.629842327353	6.3908076	-1	45966.0	"""Candidate Dihydroxylated bile acid (delta mass 625.7701; sirius atomic difference: 7C, -2H, 6N, 19O, 4P, 1S)"""
45917	1034.6569623579308	6.3914785	509		
46023	944.6925111889132	6.3923483	-1		
45898	1070.5433104959943	6.398023	-1		
45913	545.3601964123596	6.3982105	-1		
46057	353.2297714312812	6.403038	-1		
46022	1349.9496428000712	6.405137	35		
46183	353.1454795229329	6.410733	-1	46183.0	Spectral Match to Benzyltriphenylphosphonium cation from NIST14
46111	1021.5802853601084	6.414103	389	46111.0	Suspect related to taurohyodeoxycholic acid (predicted molecular formula SIRIUS: C56H86O15 / BUDDY: C58H82N2O12) with delta m/z 499.296 (putative explanation: unspecified; atomic difference: unspecified) [M+Na]+
46121	414.3006006812814	6.4147162	-1	46121.0	"""Candidate Dihydroxylated bile acid (delta mass 21.0007; sirius atomic difference: 2C, -1H, 1N, -1O; buddy atomic difference: 2C, -1H, 1N, -1O; spectral library match to CCMSLIB00005435537, glycoursodeoxycholic acid)"""
45883	464.2850679693133	6.417113	42	45883.0	Suspect related to 2-((4R)-4-((5S,9S,10S,12R,13R,14S,17R)-12-hydroxy-10,13-dimethylhexadecahydro-1H-cyclopenta[a]phenanthren-17-yl)pentanamido)ethane-1-sulfonic acid (predicted molecular formula SIRIUS: C26H43NO5S / BUDDY: C29H39NO5) with delta m/z -18.011 (putative explanation: Dehydration|Pyro-glu from E|carbodiimide crosslinker; atomic difference: -2H,-1O|-2H,-1O|-2H,-1O) [M-H2O+H]+
46018	579.2790482465464	6.4224224	180		
45888	482.2924294330961	6.4280305	42	45888.0	Suspect related to 2-((4R)-4-((3R,5R,9S,10S,12S,13R,14S,17R)-3,12-dihydroxy-10,13-dimethylhexadecahydro-1H-cyclopenta[a]phenanthren-17-yl)pentanamido)ethane-1-sulfonic acid (predicted molecular formula SIRIUS: C26H47NO7S / BUDDY: C30H39N5O3) with delta m/z 18.01 (putative explanation: Proline oxidation to 5-hydroxy-2-aminovaleric acid|water; atomic difference: 2H,1O|2H,1O) [M-2H2O+H]+
45838	522.2870701623971	6.4356875	389	45838.0	Suspect related to 2-((4R)-4-((5R,7R,8R,9S,10S,12S,13R,17R)-7,12-dihydroxy-10,13-dimethyl-3-oxohexadecahydro-1H-cyclopenta[a]phenanthren-17-yl)pentanamido)ethane-1-sulfonic acid (predicted molecular formula SIRIUS: C26H45NO6S / BUDDY: C29H41NO6) with delta m/z -13.981 (putative explanation: Asp->Thr substitution; atomic difference: 2H,-1O) [M+Na]+
46129	780.5611040583736	6.435882	-1		
45878	538.2532359061968	6.4366097	-1		
46090	531.3460927889881	6.43797	42		
46012	392.2748148687551	6.439963	-1		
45828	500.3039850839786	6.4404426	882	45828.0	Taurodeoxycholic acid - 40.0 eV
46083	223.0964507897752	6.44224	866	46083.0	Spectral Match to Diethyl phthalate from NIST14
45980	508.32836777711503	6.442239	-1		
46109	422.31087659853097	6.450511	47		
46171	857.5147417198147	6.4531183	-1		
46177	858.6081642512596	6.4544506	-1		
46073	833.5875458724009	6.4554358	88		
46138	813.5507156809522	6.4556746	67	46138.0	"""Candidate Tetrahydroxylated bile acid (delta mass 388.2618; sirius atomic difference: 24C, 36H, 4O; buddy atomic difference: 25C, 32H, 4N)"""
46040	631.3933219650727	6.4578624	491		
46167	851.5047252881044	6.4578576	-1		
46130	797.5887619999601	6.458374	47		
46172	905.4764220608632	6.4592724	75		
46145	835.533033555991	6.4601316	-1		
45968	560.4006420554578	6.4604263	-1		
46175	888.4496153444983	6.460971	75		
46114	470.28807068587577	6.461081	-1		
46131	1236.847676881061	6.46152	67	46131.0	"""Candidate Tetrahydroxylated bile acid (delta mass 811.5564; sirius atomic difference: 52C, 65H, 11N, -2O; buddy atomic difference: 54C, 73H, 3N, 3O)"""
46186	893.4912871807234	6.462598	-1		
46170	1263.7875295233923	6.463522	-1		
46176	910.431687037116	6.4639106	-1		
46140	1043.5634383421343	6.4643617	-1		
46199	1241.8050549366633	6.465743	-1		
46092	581.2019177672571	6.4658484	-1		
46110	482.29124722333137	6.4662185	42	46110.0	Suspect related to taurolithocholic acid (predicted molecular formula SIRIUS: C29H39NO5 / BUDDY: C30H35N5O) with delta m/z -2.016 (putative explanation: 2-amino-3-oxo-butanoic_acid|Intact disulfide bridge|Val->Pro substitution; atomic difference: -2H|-2H|-2H) [M+H]+
46133	353.2502738794356	6.467353	67	46133.0	"""Candidate Tetrahydroxylated bile acid (delta mass -72.0421; sirius atomic difference: -8H, -4O; buddy atomic difference: -8H, -4O)"""
45993	436.3266893046843	6.4674516	-1		
46134	538.3744426843642	6.4674892	-1		
46159	830.5780952469644	6.467675	67	46159.0	Suspect related to (R)-4-((3S,5S,7R,8R,9S,10S,13R,14S,17R)-3,7-dihydroxy-10,13-dimethyl-12-oxohexadecahydro-1H-cyclopenta[a]phenanthren-17-yl)pentanoic acid (predicted molecular formula SIRIUS: unknown / BUDDY: C9H8Br3NOS) with delta m/z 17.027 (putative explanation: replacement of proton with ammonium ion; atomic difference: 3H,1N) [2M+H]+
46192	405.284727453964	6.468679	47		
46149	452.3376016695862	6.4687324	-1		
45963	557.2978513896301	6.4691687	-1		
46107	497.2488553439519	6.4705224	-1		
46132	559.2199135072524	6.474076	-1		
46158	553.327362384439	6.4761395	389		
46160	491.2318110570561	6.4780736	180		
46228	427.266908017501	6.4794006	-1		
46230	759.5018423932245	6.4795914	-1		
46339	295.2264030321835	6.479642	-1	46339.0	Suspect related to Spectral Match to Conjugated linoleic Acid (10E,12Z) from NIST14 (predicted molecular formula SIRIUS: unknown / BUDDY: unknown) with delta m/z 30.047 (putative explanation: unspecified; atomic difference: 2C,6H) [M-H2O+H]+
46342	348.2740029901622	6.4811425	47		
45997	525.355537751393	6.48127	-1		
46258	683.4711260029985	6.492774	-1		
46251	544.2680474774783	6.495709	-1		
46369	277.2156978948856	6.498801	-1		
45896	595.2523064424369	6.4997277	-1		
46286	612.2552899653948	6.503715	-1		
46304	430.2744492686039	6.50618	-1		
46506	389.2692148867251	6.5072627	67	46506.0	"""Candidate Tetrahydroxylated bile acid (delta mass -36.0217; sirius atomic difference: -4H, -2O; buddy atomic difference: -4H, -2O)"""
46553	335.23671456868846	6.5126877	-1		
46499	371.2586267609069	6.5141106	629	46499.0	"""Candidate Tetrahydroxylated bile acid (delta mass -54.0319; sirius atomic difference: -6H, -3O; buddy atomic difference: -6H, -3O)"""
46507	429.2616864707077	6.5159116	-1		
46447	519.2311685379415	6.5175233	-1		
46525	497.2487418436485	6.5177555	-1		
46491	424.3066128230874	6.5194864	67	46491.0	"""Candidate Tetrahydroxylated bile acid (delta mass -0.9846; buddy atomic difference: 1C, -3H, 5N, -5O)"""
46494	498.2894672902445	6.524549	-1		
46468	427.3142467270463	6.524813	52	46468.0	Suspect related to (4R)-4-((3R,4R,5S,7R,9S,10R,13R,14S,17R)-3,4,7-trihydroxy-10,13-dimethylhexadecahydro-1H-cyclopenta[a]phenanthren-17-yl)pentanoic acid (predicted molecular formula SIRIUS: C22H45NO5 / BUDDY: C22H45NO5) with delta m/z -4.955 (putative explanation: ammonium to sodium adduct (reverse); atomic difference: -none_adduct) [M+Na]+
46350	805.6084312474597	6.5380416	-1		
46446	407.2793101402696	6.546105	67	46446.0	"""Candidate Tetrahydroxylated bile acid (delta mass -18.0099; sirius atomic difference: -2H, -1O; buddy atomic difference: -2H, -1O; spectral library match to CCMSLIB00005465699, """"(R)-4-((3R,5R,6R,7R,8R,9S,10R,12S,13R,14S,17R)-3,6,7,12-tetrahydroxy-10,13-dimethylhexadecahydro-1H-cyclopenta[a]phenanthren-17-yl)pentanoic acid"""")"""
46366	532.3414659762423	6.54807	-1		
46661	520.2722047595157	6.548822	-1		
46521	515.3160907442189	6.552944	-1	46521.0	"""Candidate Trihydroxylated bile acid (delta mass 107.0026; sirius atomic difference: 2C, 5H, 1N, 2O, 1S; buddy atomic difference: 6C, -3H, 5N, -2O; spectral library match to CCMSLIB00006581898, taurocholic acid)"""
46606	392.3162852821164	6.5714493	-1	46606.0	Suspect related to ((4R)-4-((3R,5R,9S,10S,12R,13R,14S,17R)-3,12-dihydroxy-10,13-dimethylhexadecahydro-1H-cyclopenta[a]phenanthren-17-yl)pentanoyl)glycine (predicted molecular formula SIRIUS: C24H41NO3 / BUDDY: C24H41NO3) with delta m/z -58.006 (putative explanation: Asp->Gly substitution|Enzymatic glycine removal leaving an amidated C-terminus|Glu->Ala substitution|Hydrolysis, loss of acetic acid, loss of methylester; atomic difference: -2C,-2H,-2O|-2C,-2H,-2O|-2C,-2H,-2O|-2C,-2H,-2O) [M+H]+
46600	433.3430460102652	6.5714955	835		
46505	452.33748360425886	6.5732265	-1		
46406	526.3317626995433	6.574012	-1		
46804	348.2028836650512	6.576511	47		
46562	538.3742754578532	6.5765877	-1		
46530	450.3196420196875	6.5780954	-1		
46739	331.24738980607526	6.580618	47		
46460	1093.1182084439267	6.5832195	29		
46462	1102.133481091985	6.585503	-1		
46556	467.3130069229038	6.5859823	-1	46556.0	"""Candidate Tetrahydroxylated bile acid (delta mass 42.0214; sirius atomic difference: 6C, 2H, -2O; buddy atomic difference: 1C, 2H, 2N)"""
46456	1093.6198294987796	6.588014	29		
46542	830.576953718181	6.5904293	67	46542.0	Suspect related to (R)-4-((3S,5S,7R,8R,9S,10S,13R,14S,17R)-3,7-dihydroxy-10,13-dimethyl-12-oxohexadecahydro-1H-cyclopenta[a]phenanthren-17-yl)pentanoic acid (predicted molecular formula SIRIUS: unknown / BUDDY: C9H8Br3NOS) with delta m/z 17.027 (putative explanation: replacement of proton with ammonium ion; atomic difference: 3H,1N) [2M+H]+
46500	353.2497872516495	6.5938554	67	46500.0	"""Candidate Tetrahydroxylated bile acid (delta mass -72.0421; sirius atomic difference: -8H, -4O; buddy atomic difference: -8H, -4O)"""
46754	1052.600222699573	6.595931	186		
46378	1044.0865645407018	6.596224	-1		
46514	835.5330096971529	6.5962806	-1		
46348	1052.098082619748	6.596642	-1		
46717	353.2298030801956	6.5983896	-1		
46382	1043.5851068386996	6.601219	-1		
46574	857.5138770749116	6.6030154	-1		
46576	1237.8523594292644	6.6042724	67	46576.0	"""Candidate Tetrahydroxylated bile acid (delta mass 811.5564; sirius atomic difference: 52C, 65H, 11N, -2O; buddy atomic difference: 54C, 73H, 3N, 3O)"""
46533	858.606343194855	6.6048946	-1		
46483	376.30549243420296	6.606633	-1		
46508	472.3490096541428	6.606655	438		
46558	851.5044989091954	6.6070337	-1		
46439	414.28785200180033	6.612442	-1		
46566	1241.8025145823708	6.6152697	-1		
46545	813.5492235766192	6.616395	67	46545.0	"""Candidate Tetrahydroxylated bile acid (delta mass 388.2618; sirius atomic difference: 24C, 36H, 4O; buddy atomic difference: 25C, 32H, 4N)"""
46529	893.490198351605	6.6164637	-1		
46632	805.607900039324	6.617236	-1		
46547	1236.8484527151602	6.618156	67	46547.0	"""Candidate Tetrahydroxylated bile acid (delta mass 811.5564; sirius atomic difference: 52C, 65H, 11N, -2O; buddy atomic difference: 54C, 73H, 3N, 3O)"""
46573	759.5007262895931	6.62207	-1		
46560	833.5862739907774	6.6254272	88	46560.0	"""Candidate Tetrahydroxylated bile acid (delta mass 407.231; sirius atomic difference: 13C, 25H, 15N, 1O; buddy atomic difference: 23C, 29H, 5N, 2O)"""
46595	1264.7872975151374	6.626517	-1		
46723	369.2043389408533	6.6313834	-1		
46552	470.2880337651118	6.6452556	-1		
46663	545.3609678108922	6.650289	447		
46485	480.3324334775449	6.65148	-1		
46672	502.3056968587642	6.6537333	-1		
46686	543.3460444679582	6.659331	42		
46639	1022.5843097957888	6.660495	389		
46680	1044.565959220738	6.660679	-1		
46696	1043.5666932772588	6.663663	-1		
46690	520.3325483784977	6.6668706	515		
46671	1050.6796709753355	6.6711736	42		
46678	1021.5819146069956	6.671372	389	46678.0	Suspect related to taurohyodeoxycholic acid (predicted molecular formula SIRIUS: C56H86O15 / BUDDY: C58H82N2O12) with delta m/z 499.296 (putative explanation: unspecified; atomic difference: unspecified) [M+Na]+
46693	606.2386682577018	6.6727366	-1		
46900	497.3593909379453	6.6743164	-1	46900.0	"""Candidate Trihydroxylated bile acid (delta mass 88.0635; sirius atomic difference: 8C, 8H, -1O; buddy atomic difference: 4C, 4H, 6N, -3O)"""
46668	999.5999281966928	6.6746664	-1		
46656	1038.605554317921	6.675669	-1		
46688	538.2529726345335	6.6770463	-1		
46588	465.3328377762919	6.678549	268	46588.0	Suspect related to taurohyocholic acid (predicted molecular formula SIRIUS: C26H43NO6 / BUDDY: C26H43NO6) with delta m/z -49.982 (putative explanation: unspecified; atomic difference: unspecified) [M+H]+
46781	277.2159786638673	6.679074	-1		
46679	1017.63021176549	6.6796823	-1	46679.0	"""Candidate Dihydroxylated bile acid (delta mass 625.7701; sirius atomic difference: 7C, -2H, 6N, 19O, 4P, 1S)"""
46667	1016.627381959598	6.6797295	42		
46802	683.4709310161752	6.681927	-1		
46694	519.332980781054	6.6837053	-1		
46713	500.3044388480907	6.685469	42	46713.0	Tauroursodeoxycholic acid - 40.0 eV
46745	295.22653984443525	6.686056	-1		
46716	313.2369621266694	6.686056	47		
46738	348.2742045963945	6.686056	47		
46733	678.5140716088063	6.686056	1105		
46773	405.28441638482246	6.687381	47		
46743	705.4508064906338	6.689066	-1		
46708	544.2686147042662	6.6900024	-1		
46705	482.2940182851533	6.6906986	42	46705.0	"""Candidate Dihydroxylated bile acid (delta mass 88.9946; buddy atomic difference: 2C, 3H, 1N, 1O, 1S; spectral library match to CCMSLIB00005435594, tauroursodeoxycholic acid)"""
46715	522.2869624943348	6.691882	389		
46749	450.3425313481918	6.6950026	-1		
46922	492.2708373315938	6.6955194	-1		
46710	464.2837348537507	6.6986947	42	46710.0	"""Candidate Dihydroxylated bile acid (delta mass 70.983; buddy atomic difference: 2C, 1H, 1N, 1S; spectral library match to CCMSLIB00005435583, taurohyodeoxycholic acid)"""
46774	422.31110160442506	6.6994047	47		
46720	517.3315689762388	6.69963	42	46720.0	Suspect related to 2-((4R)-4-((3R,5R,6S,9S,10R,13R,14S,17R)-3,6-dihydroxy-10,13-dimethylhexadecahydro-1H-cyclopenta[a]phenanthren-17-yl)pentanamido)ethane-1-sulfonic acid (predicted molecular formula SIRIUS: C30H42N6O3 / BUDDY: C34H46O5) with delta m/z 35.037 (putative explanation: unspecified; atomic difference: unspecified) [M-H2O+H]+
46760	387.2733839234273	6.702292	47		
46631	579.2794910010745	6.713061	180		
46821	612.2558722588358	6.7274957	-1		
46594	448.3063449808332	6.7294087	268	46594.0	"""Candidate Trihydroxylated bile acid (delta mass 39.012; sirius atomic difference: 2C, 1H, 1N; buddy atomic difference: 2C, 1H, 1N; spectral library match to CCMSLIB00010109239, Glycocholic acid CollisionEnergy:102040)"""
46915	430.2965053131224	6.7413273	-1		
46851	436.3012487486648	6.7417116	438		
47029	331.24780115881134	6.7482386	47		
47028	348.27452616459874	6.748742	47		
46958	499.3196385669204	6.750783	1881	46958.0	Tauroursodeoxycholic acid - 40.0 eV
47065	546.3655926755513	6.7615366	-1		
46985	543.346252542199	6.7785373	42		
47052	353.2298888338608	6.778659	-1		
47001	502.3057372469437	6.778684	-1		
46984	1016.62747148984	6.7795525	42		
46981	1017.6298232624412	6.781528	328	46981.0	"""Candidate Dihydroxylated bile acid (delta mass 625.7701; sirius atomic difference: 7C, -2H, 6N, 19O, 4P, 1S)"""
46973	538.252931304822	6.782261	-1		
47006	520.3324355064639	6.7834587	515		
46986	545.3609838931558	6.7875924	447		
46999	1050.6794436885198	6.788227	42		
47003	1065.5456832828586	6.7885575	-1		
46940	324.15109664889144	6.7905817	-1		
46987	999.6001075576606	6.7917542	42	46987.0	"""Candidate Dihydroxylated bile acid (delta mass 606.2991; sirius atomic difference: 36C, 34H, 10N; buddy atomic difference: 40C, 38H, 4N, 2O; spectral library match to CCMSLIB00005435586, taurohyodeoxycholic acid)"""
47022	1022.584686883174	6.793616	389		
47004	279.09333349508074	6.7979093	-1		
47021	464.28354891857214	6.798726	42	47021.0	"""Candidate Dihydroxylated bile acid (delta mass 70.9821; buddy atomic difference: 2C, 1H, 1N, 1S; spectral library match to CCMSLIB00005435595, tauroursodeoxycholic acid)"""
46988	1021.581526004132	6.7998543	389	46988.0	Suspect related to taurohyodeoxycholic acid (predicted molecular formula SIRIUS: C56H86O15 / BUDDY: C58H82N2O12) with delta m/z 499.296 (putative explanation: unspecified; atomic difference: unspecified) [M+Na]+
47023	482.29401379159	6.800052	42	47023.0	"""Candidate Dihydroxylated bile acid (delta mass 88.9946; buddy atomic difference: 2C, 3H, 1N, 1O, 1S; spectral library match to CCMSLIB00005435594, tauroursodeoxycholic acid)"""
47092	177.0548158171526	6.8020387	866		
47110	223.0966513294592	6.8025966	-1		
46960	301.0751497361938	6.8031197	-1		
47091	517.3315274206545	6.8041763	42	47091.0	Suspect related to taurohyodeoxycholic acid (predicted molecular formula SIRIUS: C30H42N6O3 / BUDDY: C30H42N6O3) with delta m/z 35.037 (putative explanation: unspecified; atomic difference: unspecified) [M-H2O+H]+
47020	519.3327805859604	6.8044434	-1		
47033	500.3044097075307	6.8066545	42	47033.0	Tauroursodeoxycholic acid - 40.0 eV
47030	522.2871043640553	6.807895	389		
47156	376.2017689865692	6.8085895	913		
46989	516.3743836304224	6.8114758	438	46989.0	"""Candidate Trihydroxylated bile acid (delta mass 105.0839; buddy atomic difference: 2C, 11H, 5N, -2O, 1S)"""
47041	1043.5643783145106	6.8125005	-1		
47048	544.2684996399308	6.818025	-1		
47175	228.19590704835284	6.8237457	190	47175.0	Suspect related to 2,4,7,9-Tetramethyl-5-decyne-4,7-diol (predicted molecular formula SIRIUS: unknown / BUDDY: unknown) with delta m/z -16.031 (putative explanation: Leu/Ile->Pro substitution; atomic difference: -1C,-4H) [M+NH4]+
47046	268.1883179084059	6.830182	-1		
46910	211.16931587517047	6.831728	-1		
47191	250.1777871606916	6.8384924	-1		
47200	273.2536652406548	6.8400383	-1		
47088	612.2559389027774	6.8553715	-1		
47072	648.4534563569878	6.8631935	-1		
47301	557.2978020291505	6.864727	-1		
46959	579.2793427002614	6.866482	-1		
47096	481.3642145685645	6.873973	-1		
47097	458.31422853016136	6.8769984	-1		
47105	446.3271936303306	6.8819194	-1		
47192	1051.6825765773167	6.934626	1920		
47352	464.3377683450688	6.9349766	42	47352.0	Ala-UDCA
47204	543.3462980872057	6.9396167	42		
47189	246.2427749843307	6.9507823	-1		
47193	1022.5844564819596	6.9546385	389	47193.0	Suspect related to taurohyodeoxycholic acid (predicted molecular formula SIRIUS: C56H86O15 / BUDDY: C58H82N2O12) with delta m/z 499.296 (putative explanation: unspecified; atomic difference: unspecified) [M+Na]+
47201	1017.6286441775763	6.957292	1920	47201.0	"""Candidate Dihydroxylated bile acid (delta mass 625.7701; sirius atomic difference: 7C, -2H, 6N, 19O, 4P, 1S)"""
47212	293.1088491404228	6.966038	-1		
47223	631.3986270393557	6.9679418	491		
47271	519.3328133650361	6.971887	-1		
47273	520.3327458743561	6.972693	515		
47257	544.2685783036881	6.9732933	-1		
47221	1044.5636093542234	6.9738183	-1		
47300	427.2668048600398	6.9743824	-1		
47283	482.2940079411377	6.9781938	42	47283.0	"""Candidate Dihydroxylated bile acid (delta mass 88.9926; buddy atomic difference: 6C, -5H, 5N, -3O; spectral library match to CCMSLIB00005435568, taurodeoxycholic acid)"""
47244	1016.6270422940402	6.9792366	-1		
47398	560.4005888442506	6.980935	438		
47118	905.4777884407408	6.981768	75		
47217	1041.5627442561424	6.9824486	-1		
47449	888.4509486172171	6.984894	-1		
47225	1046.5165929722327	6.9849257	-1		
47227	1024.5355953930425	6.9850626	-1		
47286	502.3058316598264	6.985234	-1		
47310	606.2385613839714	6.9917445	-1		
47318	538.2530703302001	6.991888	-1		
47254	999.60031037251	6.9919066	42	47254.0	Suspect related to taurodeoxycholic acid (predicted molecular formula SIRIUS: C60H74N10O4 / BUDDY: C56H86O15) with delta m/z 499.296 (putative explanation: unspecified; atomic difference: unspecified) [M+H]+
47264	1021.5807231939827	6.992284	-1		
47316	545.3609037612828	6.995657	447	47316.0	Suspect related to taurodeoxycholic acid (predicted molecular formula SIRIUS: C32H44N6O2 / BUDDY: C32H44N6O2) with delta m/z 45.058 (putative explanation: unspecified; atomic difference: 2C,7H,1N) [M+H]+
47259	209.15366236970044	6.996054	92		
47359	238.15628465326245	6.9972515	-1		
47270	1065.545630220956	6.999929	-1		
47238	1054.5693994097264	6.9999633	-1		
47289	443.2405926428173	7.0027113	-1		
47308	464.2839474298911	7.003413	-1	47308.0	"""Candidate Dihydroxylated bile acid (delta mass 70.9828; buddy atomic difference: 2C, 1H, 1N, 1S; spectral library match to CCMSLIB00005435595, tauroursodeoxycholic acid)"""
47278	1001.6028849759316	7.004939	-1	47278.0	Suspect related to Spectral Match to Tauroursodeoxycholic acid from NIST14 (predicted molecular formula SIRIUS: C60H74N10O4 / BUDDY: C56H86O15) with delta m/z 499.296 (putative explanation: unspecified; atomic difference: unspecified) [M+H]+
47302	522.2875614653552	7.010367	389		
47158	910.4320107005916	7.01324	-1		
47284	1050.6792420858656	7.0154586	369		
47236	1043.563130323705	7.0173893	-1		
47235	450.3425873983778	7.0198894	-1		
47277	405.2846687302936	7.019943	47		
47290	1038.6054048543924	7.0200257	-1		
47335	546.3648654079294	7.023228	-1		
47280	482.3686875587903	7.0236278	-1		
47339	468.3901328804145	7.024768	-1		
47281	422.3110011398573	7.0277796	47		
47256	331.24761176080614	7.0289764	-1		
47178	387.2739504134256	7.0348787	-1		
47397	612.2559299806227	7.0525064	-1		
47367	296.2559036125352	7.054903	-1		
47288	500.3046882826331	7.0579224	42	47288.0	"""Candidate Dihydroxylated bile acid (delta mass 107.0045; buddy atomic difference: 6C, -3H, 5N, -2O; spectral library match to CCMSLIB00006114520, Taurodeoxycholic acid - 40.0 eV)"""
47364	274.2739205763304	7.05826	92	47364.0	Suspect related to Massbank:LU100204 2,2'-(Tetradecylimino)diethanol|Tetradecyldiethanolamine (predicted molecular formula SIRIUS: C16H35NO2 / BUDDY: C16H35NO2) with delta m/z -28.031 (putative explanation: Desethylation, didemethylation, dealkylation|Met->Cys substitution|Val->Ala substitution; atomic difference: -2C,-4H|-2C,-4H|-2C,-4H) [M+H]+
47331	517.3315047007	7.063859	42	47331.0	Suspect related to taurohyodeoxycholic acid (predicted molecular formula SIRIUS: C30H42N6O3 / BUDDY: C30H42N6O3) with delta m/z 35.037 (putative explanation: unspecified; atomic difference: unspecified) [M-H2O+H]+
47392	1002.604972890844	7.0667424	-1		
47553	1022.5840816567564	7.078827	389	47553.0	Suspect related to taurohyodeoxycholic acid (predicted molecular formula SIRIUS: C56H86O15 / BUDDY: C58H82N2O12) with delta m/z 499.296 (putative explanation: unspecified; atomic difference: unspecified) [M+Na]+
47477	544.2687100807885	7.083958	-1		
47423	1023.5833816048817	7.0858274	389		
47506	520.332495282214	7.0882096	515		
47500	519.3329895312763	7.0903263	-1		
47379	545.2901328778971	7.0955014	-1		
47419	917.5845387854572	7.097171	-1		
47548	543.34608430198	7.09781	-1		
47522	482.2940886922395	7.0990076	42	47522.0	Suspect related to 2-((4R)-4-((3R,5R,9S,10S,12S,13R,14S,17R)-3,12-dihydroxy-10,13-dimethylhexadecahydro-1H-cyclopenta[a]phenanthren-17-yl)pentanamido)ethane-1-sulfonic acid (predicted molecular formula SIRIUS: C26H47NO7S / BUDDY: C30H39N5O3) with delta m/z 18.01 (putative explanation: Proline oxidation to 5-hydroxy-2-aminovaleric acid|water; atomic difference: 2H,1O|2H,1O) [M-2H2O+H]+
47486	1017.6284815168416	7.09914	509	47486.0	"""Candidate Dihydroxylated bile acid (delta mass 625.7701; sirius atomic difference: 7C, -2H, 6N, 19O, 4P, 1S)"""
47420	895.6033613916799	7.099223	268		
47566	538.2529286189191	7.1010065	-1		
47546	545.3611312577076	7.101016	447	47546.0	Suspect related to taurodeoxycholic acid (predicted molecular formula SIRIUS: C32H44N6O2 / BUDDY: C32H44N6O2) with delta m/z 45.058 (putative explanation: unspecified; atomic difference: 2C,7H,1N) [M+H]+
47518	1018.6297880230248	7.1031756	-1	47518.0	"""Candidate Dihydroxylated bile acid (delta mass 625.7701; sirius atomic difference: 7C, -2H, 6N, 19O, 4P, 1S)"""
47508	1016.626788350141	7.1033025	42		
47510	1050.678768627564	7.103326	197		
47406	939.5666739881938	7.104136	-1		
47688	522.2876709095971	7.1054316	-1		
47503	999.5998087474812	7.106498	42	47503.0	taurohyodeoxycholic acid
47538	1033.6557467146265	7.1069474	-1		
47447	590.4188195014453	7.107453	-1		
47528	1021.5812227566812	7.109163	389		
47520	631.3996100909367	7.1095505	-1		
47535	1038.606518494103	7.1110606	-1		
47409	527.279539551643	7.1145983	180		
47539	502.30569208822624	7.114876	-1		
47626	1044.5633988783402	7.115473	-1		
47544	464.2842278547576	7.115682	-1	47544.0	"""Candidate Dihydroxylated bile acid (delta mass 70.9833; buddy atomic difference: 2C, 1H, 1N, 1S; spectral library match to CCMSLIB00005435569, taurodeoxycholic acid)"""
47429	912.6298557924624	7.1158156	268		
47529	331.2473285570121	7.1241465	1105	47529.0	Suspect related to Spectral Match to 12,13-DiHOME from NIST14 (predicted molecular formula SIRIUS: C18H34O5 / BUDDY: C18H34O5) with delta m/z 15.995 (putative explanation: Ala->Ser substitution|Oxidation or Hydroxylation|Phe->Tyr substitution; atomic difference: 1O|1O|1O) [M+H]+
47521	230.2478580786941	7.128833	92		
47445	554.240532881122	7.130891	-1		
47586	1065.5454867765866	7.135139	-1		
47577	493.27352021525513	7.154009	-1		
47611	940.5688470318836	7.1576767	-1		
47682	465.3330159320217	7.161487	268	47682.0	"""Candidate Trihydroxylated bile acid (delta mass 56.0371; buddy atomic difference: 2C, 4H, 2N)"""
47705	492.2705983250113	7.161729	-1		
47676	470.2881917205148	7.16243	92		
47384	486.2607396638175	7.1635036	-1		
47662	430.29562227288426	7.1642303	-1	47662.0	Suspect related to 2-((4R)-4-((3R,5R,7R,8R,9S,10S,12S,13R,17R)-3,7,12-trihydroxy-10,13-dimethylhexadecahydro-1H-cyclopenta[a]phenanthren-17-yl)pentanamido)ethane-1-sulfonic acid (predicted molecular formula SIRIUS: C26H43NO6 / BUDDY: C26H43NO6) with delta m/z -49.982 (putative explanation: unspecified; atomic difference: unspecified) [M-2H2O+H]+
47690	500.3048578950799	7.1655293	42	47690.0	"""Candidate Dihydroxylated bile acid (delta mass 107.0049; buddy atomic difference: 2C, 5H, 1N, 2O, 1S; spectral library match to CCMSLIB00006114527, Taurodeoxycholic acid - 40.0 eV)"""
47653	465.4005746626921	7.16593	-1		
47436	468.3413144045037	7.166759	-1		
47732	604.4280488302918	7.1673517	-1		
47678	1043.562924492162	7.167346	-1		
47697	517.3316085766323	7.169486	-1	47697.0	Suspect related to taurohyodeoxycholic acid (predicted molecular formula SIRIUS: C30H42N6O3 / BUDDY: C30H42N6O3) with delta m/z 35.037 (putative explanation: unspecified; atomic difference: unspecified) [M-H2O+H]+
47414	493.3639389862454	7.1695046	-1		
47826	491.3480990171828	7.169699	268		
47788	560.2577608351272	7.169777	-1		
47640	939.5662873054504	7.1748652	-1		
47463	448.3063769375685	7.175754	268	47463.0	"""Candidate Tetrahydroxylated bile acid (delta mass 23.0168; sirius atomic difference: 2C, 1H, 1N, -1O; buddy atomic difference: 2C, 1H, 1N, -1O; spectral library match to CCMSLIB00005435524, glycohyocholic acid)"""
47650	912.6294303274276	7.177566	268		
47659	579.400394617017	7.182359	-1		
47726	544.2688279728161	7.18478	-1		
47794	895.6033971232973	7.1900506	268		
47802	1102.1343361248485	7.191393	-1		
47790	1093.1193573234525	7.192019	-1		
47880	1093.6209054587432	7.192549	-1		
47648	1364.8848566698662	7.194079	-1		
47672	933.5537074352864	7.1950164	-1		
47665	917.585699882316	7.198288	-1		
47756	482.2942796764806	7.202915	882	47756.0	Suspect related to 2-((4R)-4-((3R,5R,9S,10S,12S,13R,14S,17R)-3,12-dihydroxy-10,13-dimethylhexadecahydro-1H-cyclopenta[a]phenanthren-17-yl)pentanamido)ethane-1-sulfonic acid (predicted molecular formula SIRIUS: C26H47NO7S / BUDDY: C30H39N5O3) with delta m/z 18.01 (putative explanation: Proline oxidation to 5-hydroxy-2-aminovaleric acid|water; atomic difference: 2H,1O|2H,1O) [M-2H2O+H]+
47487	1085.1069284009718	7.206813	-1		
47757	999.6006164933063	7.230013	-1		
47638	546.3670916505346	7.232231	-1		
47848	428.31431773825	7.246531	-1		
47833	406.33218800747073	7.2482224	-1		
47795	939.5652427534768	7.251998	-1		
47735	365.2777940897657	7.2611527	-1		
47731	343.295646066715	7.2619886	-1		
47799	184.9859131251644	7.2685504	-1		
47827	912.6305563007415	7.271376	268		
47854	648.4531853210592	7.352447	438		
48036	209.15371538439103	7.3626184	92		
48114	480.333339781493	7.4115486	-1	48114.0	Suspect related to Taurocholic acid (predicted molecular formula SIRIUS: C27H45NO6 / BUDDY: C27H45NO6) with delta m/z -35.966 (putative explanation: unspecified; atomic difference: unspecified) [M+H]+
47941	290.2688047686655	7.419325	246		
47987	1305.8083867160171	7.4268484	440		
47957	330.2274570979173	7.431758	1680		
47990	837.616538240143	7.4401193	465		
47996	391.2835011244708	7.440188	364	47996.0	"""Candidate Trihydroxylated bile acid (delta mass -18.0103; sirius atomic difference: -2H, -1O; buddy atomic difference: -2H, -1O; spectral library match to CCMSLIB00010120210, cholic acid CollisionEnergy:205060)"""
47985	1242.8933642150964	7.44037	364	47985.0	Suspect related to Cholic acid (predicted molecular formula SIRIUS: unknown / BUDDY: C33H60N2O8) with delta m/z 408.288 (putative explanation: unspecified; atomic difference: unspecified) [2M+NH4]+
47986	1247.8488526835038	7.44037	-1		
48025	1248.8531591710623	7.44037	-1		
47975	1306.812494413786	7.44037	440		
47989	897.5206574808313	7.44085	440		
48015	848.6222675461513	7.442436	-1		
48037	1270.835008165492	7.4427576	1051		
47955	841.5688243708399	7.4429836	-1		
47997	817.5803641131706	7.443917	364	47997.0	"""Candidate Trihydroxylated bile acid (delta mass 408.2874; sirius atomic difference: 24C, 40H, 5O; buddy atomic difference: 24C, 40H, 5O; spectral library match to CCMSLIB00006118712, cholic acid - 40.0 eV)"""
48005	839.5622033892123	7.443917	-1		
48109	497.3591541182541	7.444156	-1	48109.0	"""Candidate Trihydroxylated bile acid (delta mass 88.0635; sirius atomic difference: 8C, 8H, -1O; buddy atomic difference: 4C, 4H, 6N, -3O)"""
48012	838.6199084918503	7.444229	465		
48000	540.3888722468669	7.44456	-1		
48004	834.6066731964474	7.4445496	364	48004.0	Suspect related to (4R)-4-((3R,5R,6R,7S,9S,10R,13R,14S,17R)-3,6,7-trihydroxy-10,13-dimethylhexadecahydro-1H-cyclopenta[a]phenanthren-17-yl)pentanoic acid (predicted molecular formula SIRIUS: unknown / BUDDY: C12H6Br3NO) with delta m/z 17.027 (putative explanation: replacement of proton with ammonium ion; atomic difference: 3H,1N) [2M+H]+
48007	426.32147401191327	7.445292	364	48007.0	Suspect related to (R)-4-((3R,5R,8S,9S,10R,13R,14S,17R)-3-hydroxy-10,13-dimethyl-6-oxohexadecahydro-1H-cyclopenta[a]phenanthren-17-yl)pentanoic acid (predicted molecular formula SIRIUS: unknown / BUDDY: unknown) with delta m/z -355.24 (putative explanation: unspecified; atomic difference: unspecified) [2M+H]+
48009	373.27359475460975	7.445528	364	48009.0	"""Candidate Trihydroxylated bile acid (delta mass -36.0223; sirius atomic difference: -4H, -2O; buddy atomic difference: -4H, -2O; spectral library match to CCMSLIB00005788126, Choldienic acid putative)"""
48006	1269.8302866538963	7.445562	1051		
47972	1291.813081340472	7.446093	-1		
47992	948.6749523736502	7.446214	-1		
48008	440.3355779459865	7.446308	-1		
48003	429.32946109576665	7.4464417	465		
48105	499.2639929368824	7.4466553	1051		
48011	493.2467404285056	7.447056	-1		
47967	452.3366228328136	7.448123	-1		
48024	431.2763475036722	7.448912	-1		
48010	548.3546436524533	7.4499764	-1		
47991	855.5341956441279	7.4516253	-1		
48115	502.3138392417272	7.452273	-1		
48001	521.2454267796988	7.452286	-1		
48016	355.2630610716592	7.454194	667	48016.0	Suspect related to (R)-4-((3R,5S,7S,8R,9S,10S,13R,14S,17R)-3,7-dihydroxy-10,13-dimethylhexadecahydro-1H-cyclopenta[a]phenanthren-17-yl)pent-2-enoic acid (predicted molecular formula SIRIUS: C24H36O3 / BUDDY: C24H36O3) with delta m/z -18.011 (putative explanation: Dehydration|Pyro-glu from E|carbodiimide crosslinker; atomic difference: -2H,-1O|-2H,-1O|-2H,-1O) [M-H2O+H]+
48031	306.26386126982175	7.4551105	-1		
47998	438.3210047563906	7.4586926	364	47998.0	Suspect related to Spectral Match to Cholic acid from NIST14 (predicted molecular formula SIRIUS: unknown / BUDDY: unknown) with delta m/z 12.0 (putative explanation: formaldehyde adduct|methylation and reduction|unspecified; atomic difference: 1C|1C|1C) [M+NH4]+
48054	442.3381930611872	7.4598722	-1		
48113	216.2322520417316	7.492677	-1		
48175	1024.536392374292	7.4965243	697		
48077	761.5160858560155	7.5059123	-1		
48100	285.29020978969874	7.5108767	-1		
48161	407.3270628504264	7.512472	-1	48161.0	"""Candidate Trihydroxylated bile acid (delta mass -0.9836; sirius atomic difference: 1H, 1N, -1O; buddy atomic difference: 1H, 1N, -1O)"""
48153	390.3005992482308	7.5212884	431	48153.0	"""Candidate Trihydroxylated bile acid (delta mass -18.0117; sirius atomic difference: -2H, -1O; buddy atomic difference: -2H, -1O; spectral library match to CCMSLIB00005465649, """"(R)-4-((3S,5R,6R,7R,8S,9S,10R,13R,14S,17R)-3,6,7-trihydroxy-10,13-dimethylhexadecahydro-1H-cyclopenta[a]phenanthren-17-yl)pentanoic acid"""")"""
48155	431.327184143034	7.5230365	431		
48111	448.3063383347437	7.526463	-1	48111.0	GLYCOCHOLATE
48082	526.3749661724501	7.532975	-1		
47963	412.2832556730015	7.5341005	-1		
48091	692.4792333942512	7.5364075	438		
48154	372.2901897718813	7.538912	-1		
48203	274.27388512386824	7.5497446	92	48203.0	Suspect related to Massbank:LU100204 2,2'-(Tetradecylimino)diethanol|Tetradecyldiethanolamine (predicted molecular formula SIRIUS: C16H35NO2 / BUDDY: C16H35NO2) with delta m/z -28.031 (putative explanation: Desethylation, didemethylation, dealkylation|Met->Cys substitution|Val->Ala substitution; atomic difference: -2C,-4H|-2C,-4H|-2C,-4H) [M+H]+
48164	801.5754035807923	7.5700364	-1		
48168	348.2743116538601	7.5758953	47		
48173	369.20432428263376	7.579077	-1		
48166	353.229713657707	7.579136	-1		
48142	354.2330673753096	7.5807395	-1		
48176	311.18511506153936	7.5885916	264	48176.0	Suspect related to Massbank:NA002995 [6]-Gingerol|5-hydroxy-1-(4-hydroxy-3-methoxyphenyl)decan-3-one (predicted molecular formula SIRIUS: C17H26O5 / BUDDY: C17H26O5) with delta m/z 15.995 (putative explanation: Ala->Ser substitution|Oxidation or Hydroxylation|Phe->Tyr substitution; atomic difference: 1O|1O|1O) [M+H]+
48280	470.2881188858899	7.5896955	-1		
48183	331.24767902213824	7.591585	47		
48196	313.2370155273809	7.593743	-1		
48191	375.2118006003284	7.5938025	-1		
48057	354.28490551613834	7.6269507	-1		
48099	328.21199599103386	7.6476707	-1		
48269	448.3063818896612	7.647988	-1	48269.0	GLYCOCHOLATE
48277	430.2957796893016	7.654785	-1		
48237	507.3436664988738	7.662299	-1		
48305	524.3704591366328	7.6652303	-1		
48325	529.3257388342021	7.6671143	-1		
48349	489.33311637881866	7.667544	-1		
48097	377.2698352570752	7.6822596	99		
48088	736.5065333891712	7.685424	438		
48319	486.36449296674647	7.693254	-1		
48395	556.3638433801987	7.769705	572	48395.0	Tyr-UDCA
48385	780.5330880352944	7.8191557	-1		
48247	399.2832623866116	7.8237686	99		
48294	398.3118279334229	7.8535643	665		
48517	491.34878087729015	7.868816	1410		
48525	530.3909585200856	7.871516	-1		
48412	863.6423923781886	7.8858438	-1		
48440	842.5720510946934	7.8938212	-1		
48441	1270.8356962448124	7.9000397	-1		
48443	1292.8160477348931	7.900353	-1		
48579	290.2690814221708	7.901843	246	48579.0	Suspect related to Massbank:LU100204 2,2'-(Tetradecylimino)diethanol|Tetradecyldiethanolamine (predicted molecular formula SIRIUS: C16H35NO3 / BUDDY: C16H35NO3) with delta m/z -12.036 (putative explanation: Leu/Ile->Thr substitution|Val->Ser substitution|Dealkylation+hydroxylation; atomic difference: -2C,-4H,1O|-2C,-4H,1O|2C,4H,-1O) [M+H]+
48492	855.5357719143977	7.9019427	-1		
48490	817.5815134886656	7.90412	-1		
48484	1242.8950780711102	7.905284	364	48484.0	Suspect related to Cholic acid (predicted molecular formula SIRIUS: unknown / BUDDY: C33H60N2O8) with delta m/z 408.288 (putative explanation: unspecified; atomic difference: unspecified) [2M+NH4]+
48473	897.5223655200202	7.9057665	-1		
48497	1269.8327017034185	7.9087634	-1		
48506	1243.8984135085177	7.9106655	326	48506.0	Suspect related to Cholic acid (predicted molecular formula SIRIUS: unknown / BUDDY: C33H60N2O8) with delta m/z 408.288 (putative explanation: unspecified; atomic difference: unspecified) [2M+NH4]+
48540	856.5389853140401	7.910712	-1		
48510	391.2840634687067	7.9127183	667	48510.0	"""Candidate Trihydroxylated bile acid (delta mass -18.0123; sirius atomic difference: -2H, -1O; buddy atomic difference: -2H, -1O; spectral library match to CCMSLIB00005463904, CHOLATE)"""
48482	839.5632196716875	7.9129515	-1		
48556	343.29575426321753	7.9132037	-1		
48458	408.3107128729919	7.914309	364	48458.0	"""Candidate Trihydroxylated bile acid (delta mass -0.0018; sirius atomic difference:; buddy atomic difference: ; spectral library match to CCMSLIB00003137939, Spectral Match to Cholic acid from NIST14)"""
48523	1305.8096850414445	7.9145956	-1		
48513	1291.8158493075246	7.915157	-1		
48487	837.6180450640736	7.915694	465	48487.0	Candidate Trihydroxylated bile acid (delta mass 427.7596)
48471	426.26078299984806	7.9201093	-1		
48481	429.3300082019997	7.9227743	465		
48498	356.2661276634579	7.9265556	667	48498.0	Suspect related to 5S-Hydroxy-6E,8Z,11Z,14Z-eicosatetraenoic acid (predicted molecular formula SIRIUS: C24H36O3 / BUDDY: C24H36O3) with delta m/z 52.032 (putative explanation: unspecified; atomic difference: 4C,4H) [M-H2O+H]+
48539	761.5166297078208	7.9268904	-1		
48483	834.6081671310463	7.9361353	364	48483.0	Suspect related to Spectral Match to Cholic acid from NIST14 (predicted molecular formula SIRIUS: unknown / BUDDY: unknown) with delta m/z 408.288 (putative explanation: unspecified; atomic difference: unspecified) [M+NH4]+
48543	421.2960426648009	7.944769	438		
48474	862.637752884797	7.948892	-1		
48635	540.3889454398706	7.9561825	-1		
48650	431.27693369102406	7.958846	-1		
48640	355.2630261796147	7.960537	364	48640.0	Spectral Match to Cholic acid from NIST14
48645	499.2637611545273	7.9609175	-1		
48641	493.24685347237	7.9614058	-1		
48649	373.2738840736265	7.962076	-1	48649.0	Suspect related to 3.alpha.-Hydroxy-7-oxo-5.beta.-cholanic acid (predicted molecular formula SIRIUS: C14H36N10O4 / BUDDY: C21H44O5S) with delta m/z 18.017 (putative explanation: unspecified; atomic difference: unspecified) [M-2H2O+H]+
48636	452.33665007999406	7.9677973	-1		
48667	454.3523479205732	7.970341	-1		
48740	426.3214781465544	7.9708858	364	48740.0	Suspect related to (R)-4-((3R,5R,8S,9S,10R,13R,14S,17R)-3-hydroxy-10,13-dimethyl-6-oxohexadecahydro-1H-cyclopenta[a]phenanthren-17-yl)pentanoic acid (predicted molecular formula SIRIUS: unknown / BUDDY: unknown) with delta m/z -355.24 (putative explanation: unspecified; atomic difference: unspecified) [2M+H]+
48596	1292.8161405463457	7.9718904	-1		
48600	448.3061586493079	7.9778333	1657	48600.0	Suspect related to Spectral Match to Glycodeoxycholic acid from NIST14 (predicted molecular formula SIRIUS: unknown / BUDDY: unknown) with delta m/z -2.016 (putative explanation: 2-amino-3-oxo-butanoic_acid|Intact disulfide bridge|Val->Pro substitution; atomic difference: -2H|-2H|-2H) [M+H]+
48671	897.5208356296605	7.9925194	-1		
48661	839.5631089075522	7.9968987	-1		
48617	1270.8355545959394	7.999232	-1		
48660	391.2838294895319	8.02561	667	48660.0	"""Candidate Trihydroxylated bile acid (delta mass -18.0123; sirius atomic difference: -2H, -1O; buddy atomic difference: -2H, -1O; spectral library match to CCMSLIB00005463904, CHOLATE)"""
48707	376.3055367136025	8.029498	-1		
48665	834.6078510531862	8.031539	364	48665.0	Suspect related to Spectral Match to Cholic acid from NIST14 (predicted molecular formula SIRIUS: unknown / BUDDY: unknown) with delta m/z 408.288 (putative explanation: unspecified; atomic difference: unspecified) [M+NH4]+
48659	817.5809634305969	8.032267	364	48659.0	Suspect related to Cholic acid (predicted molecular formula SIRIUS: unknown / BUDDY: unknown) with delta m/z 391.261 (putative explanation: unspecified; atomic difference: unspecified) [M+NH4]+
48692	574.4163809872393	8.032607	-1		
48700	429.329730492679	8.033141	465		
48701	356.2660715402832	8.033938	-1		
48658	272.2582095819404	8.039595	-1		
48646	862.6377110869197	8.039982	-1		
48705	353.2296512889646	8.040294	-1		
48588	354.23299320842824	8.040859	-1		
48697	841.5690563173602	8.044405	-1		
48704	356.2426807112636	8.046347	264		
48691	855.5344345032295	8.049935	-1		
48653	443.340372526322	8.05005	360		
48664	1242.8939241913754	8.051001	364	48664.0	Suspect related to Cholic acid (predicted molecular formula SIRIUS: unknown / BUDDY: C33H60N2O8) with delta m/z 408.288 (putative explanation: unspecified; atomic difference: unspecified) [2M+NH4]+
48684	837.6170717626418	8.05418	465		
48670	442.3373313267591	8.057912	665		
48713	484.38416803381415	8.057912	-1		
48738	443.3086809450283	8.058491	360		
48657	443.8102507949762	8.058491	99		
48708	311.18490127556976	8.060073	264	48708.0	Suspect related to Massbank:NA002995 [6]-Gingerol|5-hydroxy-1-(4-hydroxy-3-methoxyphenyl)decan-3-one (predicted molecular formula SIRIUS: C17H26O5 / BUDDY: C17H26O5) with delta m/z 15.995 (putative explanation: Ala->Ser substitution|Oxidation or Hydroxylation|Phe->Tyr substitution; atomic difference: 1O|1O|1O) [M+H]+
48703	1243.8968202253775	8.062786	326		
48699	1269.830930159446	8.063671	1051		
48712	348.2740681563714	8.071005	47		
48581	295.2264123561518	8.078667	-1		
48676	200.2371341490509	8.08518	-1		
48668	333.166719073293	8.090799	-1		
48721	465.33102830833656	8.093775	-1		
48727	448.30600431190527	8.097955	1657	48727.0	Glycocholic acid CollisionEnergy:102040
48685	505.40031162624496	8.102922	404		
48732	440.3577569482045	8.110712	-1		
48633	470.2873711536036	8.134326	-1		
48757	314.24035866201007	8.138838	47		
48625	313.236866198867	8.140353	-1	48625.0	Suspect related to Methyl .gamma.-linolenate (predicted molecular formula SIRIUS: unknown / BUDDY: C20H38O4) with delta m/z 50.036 (putative explanation: unspecified; atomic difference: unspecified) [M-CH4O+H]+
48618	331.2474541650257	8.143326	47		
48851	430.2964620162325	8.16174	-1		
48811	618.4424363727172	8.184886	-1		
48833	465.3218313400706	8.187262	438		
48806	344.2091496687328	8.208969	-1		
48825	448.3055910556725	8.231447	-1	48825.0	Suspect related to Spectral Match to Glycodeoxycholic acid from NIST14 (predicted molecular formula SIRIUS: unknown / BUDDY: unknown) with delta m/z -2.016 (putative explanation: 2-amino-3-oxo-butanoic_acid|Intact disulfide bridge|Val->Pro substitution; atomic difference: -2H|-2H|-2H) [M+H]+
48859	465.3315873045059	8.235983	-1		
48730	486.3639899668675	8.249505	665		
48920	530.3085054794176	8.257785	-1		
48900	525.353830460249	8.258456	875	48900.0	Suspect related to Glycocholic acid (predicted molecular formula SIRIUS: C28H48N2O7 / BUDDY: C28H48N2O7) with delta m/z 59.037 (putative explanation: unspecified|Propionate labeling reagent heavy form (+3amu), N-term & K|unspecified; atomic difference: 2C,5H,1N,1O|3C[13],4H,1O|3H,4N) [M+H]+
48864	487.335301531152	8.265124	-1		
48817	331.00203270499514	8.279119	1129		
48808	327.00799147111826	8.280401	-1		
48814	372.0659232431109	8.280401	-1		
48865	235.13279542501235	8.30138	-1		
48868	330.0084573936422	8.3048935	-1		
48969	346.0316130655517	8.316092	-1		
49501	344.03463502249247	8.319605	-1		
48966	348.99002998381377	8.3231125	-1		
48919	376.0599364440162	8.326627	-1		
48890	484.3846785285855	8.329777	-1		
48780	662.4691677097226	8.341815	-1		
48879	509.34897472745166	8.345424	438		
48960	533.4067043177487	8.368199	1559	48960.0	Lithocholyl-arginine
48882	1140.6317795029888	8.368326	697		
48848	1123.6049469996103	8.368709	697		
49463	331.00192285846487	8.3714485	1129		
48922	556.2554969514111	8.37171	-1		
48866	1124.6080318703457	8.372381	-1		
49057	1145.5861578382555	8.372494	-1		
49035	1146.5895058153392	8.376682	-1		
48933	944.6018348678522	8.385083	-1		
49523	372.065969295521	8.38616	-1		
49409	655.276771349533	8.386255	-1		
49299	818.5632463045141	8.388259	-1		
49304	823.5399841682321	8.389318	-1		
48939	555.3891039196994	8.390446	-1		
48942	494.36564855432135	8.39203	-1		
49514	327.0080124541714	8.392084	-1		
49009	411.3951769546276	8.392965	-1		
48938	923.62256264274	8.393543	182		
49297	767.5825047971446	8.393836	-1		
48861	530.3901916212453	8.394813	665		
49083	449.3369747009052	8.395956	-1		
49289	797.0845411828822	8.397346	1847		
49053	437.19264430037873	8.398575	-1		
49335	796.5827801673233	8.399313	-1		
49021	937.5886275965232	8.399447	-1		
49059	432.2377710842024	8.400543	-1		
49116	419.2406571142876	8.400583	-1		
49130	435.2144147465386	8.400782	-1		
49924	272.2219412890654	8.404726	856	49924.0	Suspect related to Hexadecanedioic acid (predicted molecular formula SIRIUS: C15H31NO4 / BUDDY: C15H31NO4) with delta m/z 3.01 (putative explanation: 13C3 label for SILAC; atomic difference: -3C,3C[13]) [M-H2O+H]+
49001	495.2890259712398	8.40508	-1		
49184	312.21669482629204	8.405577	1680	49184.0	Suspect related to Massbank:NA002994 [6]-Gingerol|5-hydroxy-1-(4-hydroxy-3-methoxyphenyl)decan-3-one (predicted molecular formula SIRIUS: C17H29NO4 / BUDDY: C17H29NO4) with delta m/z 17.027 (putative explanation: replacement of proton with ammonium ion; atomic difference: 3H,1N) [M+H]+
49085	900.637674775942	8.406723	-1	49085.0	"""Candidate Dihydroxylated bile acid (delta mass 506.3342; sirius atomic difference: 18C, 42H, 12N, 5O; buddy atomic difference: 28C, 46H, 2N, 6O; spectral library match to CCMSLIB00005435530, glycohyodeoxycholic acid)"""
49034	1370.930029631922	8.407024	92		
49114	1371.9339281437258	8.407296	-1		
49344	749.570743218844	8.408545	-1		
49025	943.5977468865065	8.408887	-1		
49023	450.3207113010876	8.409048	42	49023.0	GUDCA - 40.0 eV
49180	197.1537440815856	8.4110985	-1		
49982	916.6606607474256	8.42	42	49982.0	Suspect related to glycohyodeoxycholic acid (predicted molecular formula SIRIUS: unknown / BUDDY: C12H10OS9) with delta m/z 17.027 (putative explanation: replacement of proton with ammonium ion; atomic difference: 3H,1N) [2M+H]+
49049	470.3550778527536	8.420047	515		
49193	288.2532667854382	8.420368	-1		
49264	292.1906005202515	8.421038	102		
49155	1349.951288345139	8.421593	35		
49206	493.3633763718838	8.423877	42	49206.0	"""Candidate Dihydroxylated bile acid (delta mass 99.0427; sirius atomic difference: 3C, 5H, 3N, 1O; buddy atomic difference: 3C, 5H, 3N, 1O)"""
50020	899.6342340262945	8.424703	42	50020.0	glycohyodeoxycholic acid
49113	513.3006236290037	8.425988	-1		
49649	421.3177068770289	8.427233	267		
49446	641.226727948203	8.428633	-1		
49274	518.2790151161881	8.428668	-1		
49722	393.2861136676501	8.428686	267		
49567	551.2557919362904	8.429072	-1		
49351	376.25925195592527	8.429693	267		
49105	786.0937970630176	8.429802	970	49105.0	Suspect related to deoxycholic acid (predicted molecular formula SIRIUS: C48H82O9 / BUDDY: C48H82O9) with delta m/z 410.304 (putative explanation: unspecified; atomic difference: unspecified) [M-H2O+H]+
49124	414.2859315167569	8.43021	-1		
49476	619.2438681710476	8.430352	-1		
48909	581.4160338342693	8.430828	-1		
49258	483.2688296312143	8.431704	-1		
49271	1211.8617200039007	8.432164	-1		
49356	357.2789818216284	8.433032	380	49356.0	"""Candidate Dihydroxylated bile acid (delta mass -36.153; buddy atomic difference: -8C, -16H, 2N, 1O, 1S)"""
49506	736.5169230506651	8.433047	-1		
49269	1348.94754750201	8.433138	-1		
49307	875.5622025318917	8.433566	-1		
49491	897.5446599608466	8.433848	-1		
50014	467.34812632146696	8.43449	42	50014.0	Suspect related to Glycodeoxycholic acid (predicted molecular formula SIRIUS: C26H48N2O6 / BUDDY: C26H48N2O6) with delta m/z 35.037 (putative explanation: unspecified; atomic difference: unspecified) [M-H2O+H]+
49914	495.37876582274725	8.434616	-1	49914.0	"""Candidate Dihydroxylated bile acid (delta mass 102.0793; sirius atomic difference: 4C, 10H, 2N, 1O; buddy atomic difference: 4C, 10H, 2N, 1O)"""
49205	1210.8584219093675	8.4355955	-1		
49398	375.2897856547495	8.435912	380	49398.0	"""Candidate Dihydroxylated bile acid (delta mass -18.0109; sirius atomic difference: -2H, -1O; buddy atomic difference: -2H, -1O; spectral library match to CCMSLIB00006581909, 3-oxo-5beta-cholanic acid)"""
49196	1026.7050934908352	8.436185	-1		
49424	214.2528075248156	8.4365425	92		
49249	1026.204207730338	8.436665	1344		
49516	763.4567259791987	8.437193	-1		
49339	802.6186798314177	8.437414	970	49339.0	"""Candidate Dihydroxylated bile acid (delta mass 409.3193; sirius atomic difference: 16C, 35H, 13N; buddy atomic difference: 24C, 43H, 1N, 4O)"""
49063	573.2393023863561	8.4375105	-1		
49327	1211.3613931413277	8.437469	-1		
49353	1177.88872753071	8.43848	970	49353.0	"""Candidate Dihydroxylated bile acid (delta mass 784.5844; sirius atomic difference: 48C, 80H, 8O; buddy atomic difference: 55C, 76H, 3O)"""
49260	1221.8498419841294	8.438537	-1		
49418	258.2064789695144	8.4386835	-1		
49321	807.5738945458727	8.438643	-1		
49317	785.5921349992577	8.438786	380	49317.0	Suspect related to Spectral Match to Ursodeoxycholic acid from NIST14 (predicted molecular formula SIRIUS: C48H82O9 / BUDDY: C48H82O9) with delta m/z 410.304 (putative explanation: unspecified; atomic difference: unspecified) [M-H2O+H]+
49270	1178.8930459066582	8.439243	380	49270.0	Suspect related to Spectral Match to Deoxycholic acid from NIST14 (predicted molecular formula SIRIUS: unknown / BUDDY: C36H60O6) with delta m/z 392.294 (putative explanation: unspecified; atomic difference: unspecified) [2M+H]+
49337	993.2319764564892	8.439537	1847		
49279	1003.7205943871448	8.439812	-1		
49291	1222.8528132727868	8.439953	1344		
49301	1200.870898301848	8.43997	-1		
49115	494.2861512154197	8.440261	-1		
49354	1199.868548134374	8.440289	-1		
49302	981.7388128326992	8.4404545	-1		
49303	1004.2223564416164	8.440593	-1		
49553	272.2583458543923	8.440758	-1		
49357	982.2406638433964	8.440953	380		
49330	1015.2133520733156	8.441888	-1		
49863	472.302902398334	8.443142	92	49863.0	Deoxycholyl_1-Aminopropan-2-ol_NCE45
49172	488.2756241842539	8.44445	180		
49387	392.3158797513985	8.447426	380	49387.0	Suspect related to deoxycholic acid (predicted molecular formula SIRIUS: C24H43NO4 / BUDDY: C24H43NO4) with delta m/z 17.027 (putative explanation: replacement of proton with ammonium ion; atomic difference: 3H,1N) [M-H2O+H]+
49343	575.3848932620583	8.44747	-1		
49316	432.3108517665223	8.449377	42	49316.0	"""Candidate Dihydroxylated bile acid (delta mass 39.0107; sirius atomic difference: 2C, 1H, 1N; buddy atomic difference: 2C, 1H, 1N; spectral library match to CCMSLIB00005464545, GLYCOCHENODEOXYCHOLATE)"""
49452	921.6160468292344	8.453094	92		
50135	414.2997903848956	8.453283	42	50135.0	Suspect related to GLYCOCHENODEOXYCHOLATE (predicted molecular formula SIRIUS: C26H41NO4 / BUDDY: C26H41NO4) with delta m/z -18.011 (putative explanation: Dehydration|Pyro-glu from E|carbodiimide crosslinker; atomic difference: -2H,-1O|-2H,-1O|-2H,-1O) [M-H2O+H]+
49522	470.2873838499831	8.455264	-1		
49469	605.3964801131384	8.456593	-1		
49488	280.1885998875039	8.457541	-1		
49392	235.11925286462576	8.459684	-1		
49422	466.33570754798143	8.460087	-1		
49550	465.3322972015687	8.461383	-1	49550.0	Spectral Match to Glycocholic acid from NIST14
49259	574.4159418439767	8.461394	665		
49744	937.58846895141	8.461358	-1		
49465	254.1612429508803	8.464887	453		
49556	451.323731828749	8.468779	-1		
49908	450.3207864871625	8.470482	42	49908.0	GLYCOCHENODEOXYCHOLIC ACID
49692	923.6223217878378	8.476645	182		
49655	524.3439781906794	8.477237	638	49655.0	Chenodeoxycholyl_methionine
49802	499.32063810942486	8.47802	42	49802.0	Sodium taurochenodeoxycholate - 40.0 eV
49618	634.4135457762367	8.47821	655	49618.0	Suspect related to Spectral Match to Undecaethylene glycol from NIST14 (predicted molecular formula SIRIUS: unknown / BUDDY: unknown) with delta m/z 132.078 (putative explanation: PEG repeat unit x3; atomic difference: 6C,12H,3O) [M+H]+
49775	943.5978128739256	8.47928	-1		
49865	496.38202962454	8.484919	-1	49865.0	"""Candidate Dihydroxylated bile acid (delta mass 102.0793; sirius atomic difference: 4C, 10H, 2N, 1O; buddy atomic difference: 4C, 10H, 2N, 1O)"""
49139	706.4948665414004	8.486337	-1		
49584	448.3050573859262	8.488864	268	49584.0	"""Candidate Trihydroxylated bile acid (delta mass 39.012; sirius atomic difference: 2C, 1H, 1N; buddy atomic difference: 2C, 1H, 1N; spectral library match to CCMSLIB00010109239, Glycocholic acid CollisionEnergy:102040)"""
49489	313.23690688064426	8.495731	-1		
49989	424.2460705002388	8.496746	-1		
49841	409.34267801754726	8.506936	42	49841.0	"""Candidate Dihydroxylated bile acid (delta mass 17.0277; sirius atomic difference: 3H, 1N; buddy atomic difference: 3H, 1N)"""
49829	559.3413659301897	8.507384	-1	49829.0	"""Candidate Dihydroxylated bile acid (delta mass 167.0354; sirius atomic difference: 5H, 7N, 4O; buddy atomic difference: 11C, 5H, 1N, 1O)"""
49835	374.306054564403	8.510358	835	49835.0	"""Candidate Dihydroxylated bile acid (delta mass -18.9916; buddy atomic difference: -3C, -5H, 5N, -3O)"""
50181	464.3340443476568	8.510525	-1	50181.0	Deoxycholyl_alanine
49782	568.3600177596393	8.5106535	-1		
49739	356.2950503866673	8.513377	-1		
49963	468.3520727292651	8.514	-1	49963.0	Suspect related to Glycodeoxycholic acid (predicted molecular formula SIRIUS: C26H48N2O6 / BUDDY: C26H48N2O6) with delta m/z 35.037 (putative explanation: unspecified; atomic difference: unspecified) [M-H2O+H]+
49789	551.3320054082149	8.520435	-1		
49794	536.3566953570172	8.52354	-1		
50194	551.0324576383083	8.536594	602		
50075	461.49407277899047	8.539553	-1		
49880	566.0422841335884	8.544555	-1		
50191	592.3328633822827	8.545562	106		
49927	565.707867701615	8.547296	-1		
50069	292.1901555767963	8.54951	-1		
49968	580.7171405379776	8.552294	-1		
49970	580.3830895124078	8.554665	-1		
50259	392.315685028837	8.557374	-1	50259.0	Suspect related to ((4R)-4-((3R,5R,9S,10S,12R,13R,14S,17R)-3,12-dihydroxy-10,13-dimethylhexadecahydro-1H-cyclopenta[a]phenanthren-17-yl)pentanoyl)glycine (predicted molecular formula SIRIUS: C24H41NO3 / BUDDY: C24H41NO3) with delta m/z -58.006 (putative explanation: Asp->Gly substitution|Enzymatic glycine removal leaving an amidated C-terminus|Glu->Ala substitution|Hydrolysis, loss of acetic acid, loss of methylester; atomic difference: -2C,-2H,-2O|-2C,-2H,-2O|-2C,-2H,-2O|-2C,-2H,-2O) [M+H]+
50024	595.0586146154152	8.559252	-1	50024.0	"""Candidate Trihydroxylated bile acid (delta mass 187.083; sirius atomic difference: 8C, 13H, 1N, 4O; buddy atomic difference: 8C, 13H, 1N, 4O)"""
50229	595.3927375458226	8.559835	-1		
50092	610.0681998039449	8.563566	-1	50092.0	Suspect related to Spectral Match to Undecaethylene glycol from NIST14 (predicted molecular formula SIRIUS: unknown / BUDDY: unknown) with delta m/z 105.079 (putative explanation: unspecified; atomic difference: unspecified) [M+H]+
50102	624.7432340357072	8.56729	-1		
49461	609.7336587059385	8.567443	1154	49461.0	Suspect related to Spectral Match to Undecaethylene glycol from NIST14 (predicted molecular formula SIRIUS: unknown / BUDDY: unknown) with delta m/z 105.079 (putative explanation: unspecified; atomic difference: unspecified) [M+H]+
50138	418.2433550083147	8.56863	-1		
50126	639.4190310341987	8.5697155	-1		
50109	624.409303345215	8.570006	-1		
50136	639.0846609037264	8.570225	1154		
50122	654.094406141478	8.570381	-1	50122.0	Suspect related to Spectral Match to Undecaethylene glycol from NIST14 (predicted molecular formula SIRIUS: unknown / BUDDY: unknown) with delta m/z 149.105 (putative explanation: unspecified; atomic difference: unspecified) [M+H]+
50146	539.4054327611079	8.570712	107		
50313	683.4454939347332	8.571512	-1		
50116	668.7695086556383	8.571522	1154		
50110	668.4354952025113	8.571882	563		
50131	683.1109820452709	8.571905	-1		
50147	505.83522813400646	8.573045	-1		
50591	653.7599375299048	8.575611	602	50591.0	Suspect related to Undecaethylene glycol tridecyl ether (predicted molecular formula SIRIUS: unknown / BUDDY: unknown) with delta m/z -30.01 (putative explanation: Decarboxylation|Demethoxylation|Proline oxidation to pyrrolidinone|Ser->Gly substitution|Thr->Ala substitution; atomic difference: -1C,-2H,-1O|-1C,-2H,-1O|-1C,-2H,-1O|-1C,-2H,-1O|-1C,-2H,-1O) [M+H]+
50157	527.8484316179279	8.577331	-1	50157.0	Candidate Trihydroxylated bile acid (delta mass 119.5451)
50374	450.31876270423146	8.577358	-1		
50195	528.0990664920505	8.578312	-1		
50192	539.1057146825267	8.579226	-1		
50211	549.8614627335534	8.580071	602	50211.0	Suspect related to Spectral Match to Decaethylene glycol from NIST14 (predicted molecular formula SIRIUS: unknown / BUDDY: unknown) with delta m/z 89.084 (putative explanation: unspecified; atomic difference: unspecified) [M+H]+
50209	550.11246708125	8.581175	569		
50223	561.1189682798763	8.581946	-1	50223.0	"""Candidate Trihydroxylated bile acid (delta mass 151.0451; sirius atomic difference: 8C, 9H, 1N, 1S; buddy atomic difference: 8C, 9H, 1N, 1S)"""
50495	670.3805257442157	8.583242	697		
50214	572.1255394112453	8.583276	-1		
50461	358.2245659505184	8.587465	92		
50553	231.1591252557576	8.610134	92		
50161	410.3466589060072	8.618271	-1	50161.0	Suspect related to Massbank:AU406501 3,6,9,12-Tetraoxatetracosan-1-ol|Tetraethylene glycol monododecyl ether|2-[2-[2-(2-dodecoxyethoxy)ethoxy]ethoxy]ethanol (predicted molecular formula SIRIUS: C18H45N7O3 / BUDDY: C23H45N5O) with delta m/z 45.058 (putative explanation: unspecified; atomic difference: 2C,7H,1N) [M+H]+
50165	648.4337361126674	8.620865	805		
50683	253.14119208637968	8.6215925	-1		
50326	560.3813949616748	8.622342	932		
50540	248.18569715623985	8.622917	-1		
50413	616.4624212661388	8.623079	168		
50493	867.3707943011914	8.6230755	-1		
50292	582.3953975553385	8.626175	-1		
50368	501.3343031596296	8.631369	-1	50368.0	"""Suspect related to """"2-((4R)-4-((3R,5R,9S,10S,13R,14S,17R)-3-hydroxy-10,13-dimethylhexadecahydro-1H-cyclopenta[a]phenanthren-17-yl)pentanamido)ethane-1-sulfonic acid"""" (predicted molecular formula SIRIUS: C26H48N2O5S / BUDDY: C27H48O8) with delta m/z 17.027 (putative explanation: replacement of proton with ammonium ion; atomic difference: 3H,1N) [M+H]+"""
50268	604.4073472249881	8.631402	-1		
50218	581.4077698519937	8.63169	-1		
50244	670.4490567123629	8.632504	-1		
50727	413.26543246662106	8.635793	-1		
50522	497.33752493592	8.641743	-1		
50459	851.3963480156052	8.641892	-1		
50849	617.0697188769585	8.643859	-1		
50820	803.5410055307005	8.644243	-1		
51438	348.27402432200853	8.644906	47		
50689	405.3011328981688	8.645345	-1	50689.0	Suspect related to Massbank:AU406506 3,6,9,12-Tetraoxatetracosan-1-ol|Tetraethylene glycol monododecyl ether|2-[2-[2-(2-dodecoxyethoxy)ethoxy]ethoxy]ethanol (predicted molecular formula SIRIUS: C23H48O5 / BUDDY: C23H48O5) with delta m/z 42.047 (putative explanation: Ala->Leu/Ile substitution|Gly->Val substitution|Propyl|tri-Methylation|unspecified; atomic difference: 3C,6H|3C,6H|3C,6H|3C,6H|3C,H6) [M+H]+
50792	616.9029669561615	8.645464	-1		
50682	511.6792176560831	8.64581	-1		
50431	331.2476666585581	8.646453	47		
50685	506.3842653747157	8.646481	499	50685.0	Ile/Leu-UDCA
50700	526.6884796843774	8.6465025	-1		
51292	481.252538405748	8.647261	-1		
50668	675.4387077245045	8.648503	-1		
50856	486.230304116908	8.648838	180		
50570	526.3547544590696	8.648846	-1		
50844	1193.8199102349436	8.649031	-1		
50819	819.5133950068359	8.64958	-1		
50932	594.8899135173909	8.649618	-1		
50825	541.0302180766996	8.649799	1019	50825.0	Suspect related to Decaethylene glycol tridecyl ether (predicted molecular formula SIRIUS: unknown / BUDDY: unknown) with delta m/z -102.068 (putative explanation: unspecified; atomic difference: unspecified) [M+H]+
50851	556.0393525607443	8.650215	-1	50851.0	Suspect related to Decaethylene glycol tridecyl ether (predicted molecular formula SIRIUS: unknown / BUDDY: unknown) with delta m/z -85.042 (putative explanation: unspecified; atomic difference: unspecified) [M+H]+
51190	528.2721552554989	8.650383	-1		
50925	734.5013986121832	8.650491	364	50925.0	"""Candidate Trihydroxylated bile acid (delta mass 324.1063; sirius atomic difference: 12C, 20H, 10O; buddy atomic difference: 19C, 16H, 5O)"""
50361	556.3720275116527	8.650742	-1		
50788	373.2735100134415	8.651147	-1	50788.0	"""Candidate Trihydroxylated bile acid (delta mass -36.0214; sirius atomic difference: -4H, -2O; buddy atomic difference: -4H, -2O; spectral library match to CCMSLIB00003139278, Spectral Match to Cholic acid from NIST14)"""
50876	527.25548703365	8.651156	180		
51132	427.3134196876207	8.651287	-1		
50808	704.5150150516367	8.651433	428		
50833	355.2626410583437	8.6516	-1		
50904	568.2849051258969	8.651742	180		
50899	555.7054579821177	8.651749	929		
50862	570.7145929038394	8.6518955	-1		
50845	781.5607461809304	8.652303	364	50845.0	"""Candidate Trihydroxylated bile acid (delta mass 372.2659; sirius atomic difference: 24C, 36H, 3O; buddy atomic difference: 24C, 36H, 3O; spectral library match to CCMSLIB00005464733, """"(R)-4-((3R,5R,8S,9S,10R,13R,14S,17R)-3-hydroxy-10,13-dimethyl-6-oxohexadecahydro-1H-cyclopenta[a]phenanthren-17-yl)pentanoic acid"""")"""
50838	798.5870831690186	8.652898	364	50838.0	Suspect related to Cholic acid (predicted molecular formula SIRIUS: unknown / BUDDY: unknown) with delta m/z 373.25 (putative explanation: unspecified; atomic difference: unspecified) [M+NH4]+
50952	570.3811902058352	8.653005	1619		
51213	630.8123361803598	8.65308	-1		
50970	485.2867179731888	8.653576	148	50970.0	Suspect related to 1-Hexadecanoyl-2-sn-glycero-3-phosphate (predicted molecular formula SIRIUS: C29H42O7 / BUDDY: C29H42O7) with delta m/z 92.047 (putative explanation: unspecified; atomic difference: unspecified) [M-H2O+H]+
50875	585.0550788399255	8.653753	-1	50875.0	Suspect related to Decaethylene glycol tridecyl ether (predicted molecular formula SIRIUS: unknown / BUDDY: unknown) with delta m/z -57.01 (putative explanation: nan (reverse); atomic difference: -1C,-1H,-2N,-1O) [M+H]+
50662	732.1451899600048	8.65398	-1		
50835	586.8873748153264	8.6539955	-1		
50806	659.1008434869282	8.654081	-1		
50938	600.0653577922745	8.654246	1019		
50908	575.8808029934795	8.654427	-1		
50995	614.7406833358718	8.654623	666		
50751	717.4696737654194	8.654629	-1		
50988	599.7318838087324	8.6548195	1160		
52125	391.2837124807287	8.654944	364	52125.0	"""Candidate Trihydroxylated bile acid (delta mass -18.0101; sirius atomic difference: -2H, -1O; buddy atomic difference: -2H, -1O; spectral library match to CCMSLIB00010108872, cholic acid CollisionEnergy:102040)"""
51069	553.8670704182512	8.654963	-1		
50968	1011.5723890027776	8.654926	-1		
50996	313.23680567825625	8.655114	47	50996.0	Suspect related to NCGC00169469-03_C20H34O3_1-Naphthalenecarboxylic acid, decahydro-5-(5-hydroxy-3-methylpentyl)-1,4a-dimethyl-6-methylene-, (1R,4aS,5R,8aS)- (predicted molecular formula SIRIUS: C18H32O4 / BUDDY: C18H32O4) with delta m/z -10.021 (putative explanation: Pro->Ser substitution; atomic difference: -2C,-2H,1O) [M+H]+
51251	501.3359338366225	8.655173	42	51251.0	"""Suspect related to """"2-((4R)-4-((3R,5R,9S,10S,13R,14S,17R)-3-hydroxy-10,13-dimethylhexadecahydro-1H-cyclopenta[a]phenanthren-17-yl)pentanamido)ethane-1-sulfonic acid"""" (predicted molecular formula SIRIUS: C26H48N2O5S / BUDDY: C27H48O8) with delta m/z 17.027 (putative explanation: replacement of proton with ammonium ion; atomic difference: 3H,1N) [M+H]+"""
51083	989.5919798595936	8.655151	-1		
51024	614.4069581341153	8.655196	-1		
50577	517.327180369251	8.655645	-1		
51049	597.8937884737037	8.655642	-1		
51003	644.091707111903	8.655641	-1		
51021	509.3398279553641	8.655659	-1		
50811	541.3644961452286	8.655672	638	50811.0	Phe-UDCA
51050	543.3606811182449	8.655681	-1		
50969	520.5969164439057	8.655743	-1		
50915	585.3903361174126	8.655741	-1	50915.0	Suspect related to Decaethylene glycol tridecyl ether (predicted molecular formula SIRIUS: unknown / BUDDY: unknown) with delta m/z -57.01 (putative explanation: nan (reverse); atomic difference: -1C,-1H,-2N,-1O) [M+H]+
51088	504.3367719707802	8.655889	954		
50886	688.1188448197978	8.655933	-1		
51105	468.2998390428684	8.656028	-1		
50951	564.6236582573865	8.656024	-1		
50864	702.7940011532914	8.656069	-1		
50911	673.4434526788301	8.656079	309	50911.0	Suspect related to Decaethylene glycol tridecyl ether (predicted molecular formula SIRIUS: unknown / BUDDY: unknown) with delta m/z 30.011 (putative explanation: Ala->Thr substitution|Gly->Ser substitution|desmethylation + reduction of sulfoxide|formaldehyde induced modifications|hydroxymethyl; atomic difference: 1C,2H,1O|1C,2H,1O|1C,2H,1O|1C,2H,1O|1C,2H,1O) [M+H]+
51010	531.6036336190897	8.656197	-1		
51134	792.5652512929163	8.656359	-1	51134.0	"""Candidate Trihydroxylated bile acid (delta mass 383.7571; sirius atomic difference: 4C, 5O, 8S)"""
51092	967.6100456352268	8.656348	42	51092.0	taurolithocholic acid
51058	506.2910045605048	8.656533	-1		
51052	629.0830637256296	8.656575	-1	51052.0	Suspect related to Decaethylene glycol tridecyl ether (predicted molecular formula SIRIUS: unknown / BUDDY: unknown) with delta m/z -14.016 (putative explanation: Ala->Gly substitution|Gln->Asn substitution|Glu->Asp substitution|Leu/Ile->Val substitution|Thr->Ser substitution; atomic difference: -1C,-2H|-1C,-2H|-1C,-2H|-1C,-2H|-1C,-2H) [M+H]+
51043	629.4167355084728	8.6567135	-1		
51096	484.3089465569066	8.656767	42	51096.0	Suspect related to Massbank:RP007303 Glycolithocholic acid|AC1N3NBH|2-[4-(3-hydroxy-10,13-dimethyl-2,3,4,5,6,7,8,9,11,12,14,15,16,17-tetradecahydro-1H-cyclopenta[a]phenanthren-17-yl)pentanoylamino]acetic acid (predicted molecular formula SIRIUS: C26H47NO6S / BUDDY: C29H41NO5) with delta m/z 49.982 (putative explanation: Leu/Ile->Tyr substitution; atomic difference: 3C,-2H,1O) [M+H]+
50688	761.1639050318287	8.65715	-1		
51072	503.3370821985021	8.657198	-1		
51007	658.7675955875096	8.657199	-1		
50936	553.6168220984928	8.657212	-1		
51039	643.7588191899763	8.657215	1619		
50640	746.4874930858975	8.657215	-1		
50997	597.643915641426	8.657354	-1		
51029	658.4332367014488	8.657689	-1		
51055	587.3862499444623	8.658016	-1		
50931	731.8131424658851	8.658142	-1		
51103	486.30986388037655	8.658174	-1		
51093	630.6651441077486	8.658198	-1		
51036	542.3607364071261	8.658275	309		
51149	579.2543402788339	8.658587	180		
50873	717.1376868811642	8.658793	-1		
50744	696.2055879870481	8.658889	-1		
50940	702.4605401815079	8.658906	-1		
51101	531.3535486114426	8.658953	-1		
51041	673.1109200041121	8.65894	309	51041.0	Suspect related to Decaethylene glycol tridecyl ether (predicted molecular formula SIRIUS: unknown / BUDDY: unknown) with delta m/z 30.011 (putative explanation: Ala->Thr substitution|Gly->Ser substitution|desmethylation + reduction of sulfoxide|formaldehyde induced modifications|hydroxymethyl; atomic difference: 1C,2H,1O|1C,2H,1O|1C,2H,1O|1C,2H,1O|1C,2H,1O) [M+H]+
51051	687.7866634768448	8.658994	309		
51117	766.5302678292823	8.658989	-1		
51047	1038.5548288969526	8.659069	-1		
51094	466.2980103995471	8.659473	42	51094.0	Taurolithocholate CollisionEnergy:102040
50872	566.3812099451729	8.659647	-1		
51151	836.5926889444952	8.660232	-1		
51104	553.3677015443541	8.660454	-1		
51061	586.3875020396077	8.660577	-1		
51073	1021.5301965218736	8.6606655	-1		
50863	615.4066563444662	8.660807	-1		
50984	685.1994558272072	8.661089	-1		
50954	630.4160772730037	8.661479	-1		
51157	520.3463927900123	8.661506	-1	51157.0	Suspect related to Spectral Match to Hexaethylene glycol from NIST14 (predicted molecular formula SIRIUS: C22H46O12 / BUDDY: C23H45N5O8) with delta m/z 237.158 (putative explanation: unspecified; atomic difference: unspecified) [M+H]+
50529	522.3780990895086	8.661562	-1	50529.0	Trihydroxylated bile acid - Cholylleucine/Cholylisoleucine
50824	527.352670185709	8.661993	-1		
51171	620.2821449379919	8.662473	180		
50990	674.192635054024	8.663307	-1		
50923	565.373508483615	8.663815	-1		
51030	609.3994551053764	8.664449	-1		
50953	663.1856550244521	8.664661	-1		
50618	736.4883560121572	8.664807	-1		
50422	564.374378669376	8.665665	-1	50422.0	Suspect related to Spectral Match to Nonaethylene glycol from NIST14 (predicted molecular formula SIRIUS: unknown / BUDDY: unknown) with delta m/z 149.105 (putative explanation: unspecified; atomic difference: unspecified) [M+H]+
51112	685.4487856260464	8.6659775	-1		
51239	606.3477288375776	8.666006	106		
51156	1043.5089257902196	8.666075	-1		
51116	408.3096927752812	8.666311	364	51116.0	"""Candidate Trihydroxylated bile acid (delta mass -0.9834; sirius atomic difference: 1H, 1N, -1O; buddy atomic difference: 1H, 1N, -1O)"""
50976	644.4241619708158	8.666552	-1		
51186	652.1798146912098	8.666989	-1		
51228	630.16658079952	8.668543	-1		
51187	597.3952477191356	8.668695	-1	51187.0	"""Candidate Trihydroxylated bile acid (delta mass 187.083; sirius atomic difference: 8C, 13H, 1N, 4O; buddy atomic difference: 8C, 13H, 1N, 4O)"""
51249	449.3265340168757	8.669752	168	51249.0	Suspect related to Massbank:AU406506 3,6,9,12-Tetraoxatetracosan-1-ol|Tetraethylene glycol monododecyl ether|2-[2-[2-(2-dodecoxyethoxy)ethoxy]ethoxy]ethanol (predicted molecular formula SIRIUS: C26H54O5 / BUDDY: C26H54O5) with delta m/z 84.094 (putative explanation: unspecified; atomic difference: unspecified) [M+H]+
51138	716.47294183432	8.670259	-1		
51393	608.1536706384002	8.67042	-1		
51402	493.3527875994197	8.670586	168		
51709	537.3791222785233	8.670586	168		
51033	748.5409449319716	8.670586	428		
50758	771.4853499771339	8.670586	979		
51095	731.1478024903528	8.670934	-1		
51202	597.1470908096098	8.670982	-1		
50576	503.3118982062985	8.67128	-1		
51238	540.7030891953228	8.671556	309		
51165	569.3795077881146	8.672294	-1		
51368	606.2157358779464	8.672548	-1		
51185	702.1322917526668	8.672623	309		
51372	618.909869920997	8.673045	-1		
51245	672.7814636660434	8.673057	-1		
51145	701.797860820059	8.673087	309		
51267	672.4466695560126	8.673137	309		
51308	628.755117419699	8.673175	-1		
51339	553.120954069705	8.673213	-1		
51263	687.4565529190671	8.673208	1139		
51268	525.6931081740762	8.673226	-1		
51170	564.1275406703835	8.67324	-1		
51193	511.3528221598693	8.673248	-1		
51294	555.3785886940822	8.673447	-1	51294.0	Phe-bMCA
51301	658.105927547244	8.673494	309		
51261	599.4049234011505	8.673668	-1		
51278	614.0796097919128	8.67379	-1		
51230	657.4327705032264	8.6739025	-1		
51302	555.0437472524667	8.673965	-1		
51266	687.1218913758051	8.673965	309		
51306	584.729056004444	8.6740265	-1		
51252	574.8835378955064	8.67426	-1		
51275	511.0181350589831	8.674582	-1		
51226	713.4827965958738	8.674647	-1		
51299	563.8769790798523	8.674683	-1		
51277	613.4059377117824	8.674746	-1		
51349	643.4306786658009	8.674835	-1	51349.0	Suspect related to Undecaethylene glycol tridecyl ether (predicted molecular formula SIRIUS: unknown / BUDDY: unknown) with delta m/z -44.016 (putative explanation: nan (reverse)|heavy acetylation (reverse); atomic difference: -1C,-2H,-1N,-1O|-2C[13],-2H,-1O) [M+H]+
51296	569.7193019554574	8.674967	-1		
51331	584.3946004291474	8.675048	-1		
51330	628.4207367270426	8.6751585	-1		
51169	544.3687723812325	8.675504	-1		
51335	657.7719753973821	8.675543	-1		
51281	540.3688848922852	8.6755905	638	51281.0	Chenodeoxycholyl_phenylalanine
51300	541.8638126088933	8.675922	-1		
51318	599.0698599302884	8.675925	309		
51324	613.7454285391011	8.676074	309		
51320	531.1077486896127	8.676248	-1		
51334	643.0959154127069	8.676243	309	51334.0	Suspect related to Undecaethylene glycol tridecyl ether (predicted molecular formula SIRIUS: unknown / BUDDY: unknown) with delta m/z -44.016 (putative explanation: nan (reverse)|heavy acetylation (reverse); atomic difference: -1C,-2H,-1N,-1O|-2C[13],-2H,-1O) [M+H]+
51127	638.7499501289524	8.67681	-1		
51175	552.8699736819127	8.67727	-1		
51360	669.4579337698825	8.677453	-1		
51913	640.9229932022614	8.678491	-1		
51174	302.3048257947017	8.679384	92	51174.0	Suspect related to Massbank:LU030802 Lauryldiethanolamine|2-[dodecyl(2-hydroxyethyl)amino]ethanol (predicted molecular formula SIRIUS: C18H39NO2 / BUDDY: C18H39NO2) with delta m/z 28.031 (putative explanation: Acetaldehyde +28|Ala->Val substitution|Cys->Met substitution|Ethylation|di-Methylation; atomic difference: 2C,4H|2C,4H|2C,4H|2C,4H|2C,4H) [M+H]+
50266	454.3733451579049	8.679384	-1		
51344	471.3397212983091	8.679384	-1	51344.0	Suspect related to Spectral Match to Nonaethylene glycol from NIST14 (predicted molecular formula SIRIUS: unknown / BUDDY: unknown) with delta m/z 58.005 (putative explanation: Ala->Glu substitution|Gly->Asp substitution|Iodoacetic acid derivative|unspecified|unspecified; atomic difference: 2C,2H,2O|2C,2H,2O|2C,2H,2O|2C,2H,2O|3N,1O) [M+H]+
50587	498.39965126614754	8.679384	-1		
51380	515.3659532741101	8.679384	168	51380.0	Suspect related to Spectral Match to Undecaethylene glycol from NIST14 (predicted molecular formula SIRIUS: unknown / BUDDY: unknown) with delta m/z 13.979 (putative explanation: Thr->Asp substitution|Tryptophan oxidation to oxolactone|aldehyde and ketone modifications|hydroxylation difference carboxylation|proline oxidation to pyroglutamic acid|Oxidation, epoxidation; atomic difference: -2H,1O|-2H,1O|-2H,1O|-2H,1O|-2H,1O|1O,-2H) [M+H]+
51683	559.3919896533519	8.679384	168	51683.0	Suspect related to Spectral Match to Decaethylene glycol from NIST14 (predicted molecular formula SIRIUS: unknown / BUDDY: unknown) with delta m/z 102.031 (putative explanation: unspecified; atomic difference: unspecified) [M+H]+
50665	476.2629211456869	8.680574	-1		
51453	453.1671084054172	8.682026	-1		
51321	588.3934480805598	8.682131	-1		
54304	432.23778085942	8.682231	337		
51459	415.2113150942602	8.682483	337	51459.0	"""1-({[2-(2-furylmethyl)-5-methylpyrrolidinyl]amino}methylene)-7-[8-({[2-(2-fury lmethyl)pyrrolidinyl]amino}methylene)-1,6-dihydroxy-3-methyl-5-(methylethyl)-7 -oxo(2-naphthyl)]-3,8-dihydroxy-6-methyl-4-(methylethyl)naphthalen-2-one CollisionEnergy:102040"""
51066	458.2529869710175	8.6825905	-1		
51443	437.1930345539784	8.682614	-1		
50789	446.2531208786245	8.682838	-1		
50494	608.4019780657737	8.684332	-1		
52553	460.2689409432668	8.68466	337	52553.0	Suspect related to NCGC00347704-02_C24H32O7_2H-Oxireno[1,10a]phenanthro[3,2-b]furan-10(11bH)-one, 5,7-bis(acetyloxy)-3,3a,4,5,6,7,7a,7b,8,8a-decahydro-4,4,7a,11-tetramethyl-, (1aS,3aR,5S,7S,7aR,7bS,8aR,11bR)- (predicted molecular formula SIRIUS: C23H34N2O5 / BUDDY: C25H39N3O6) with delta m/z 45.058 (putative explanation: unspecified; atomic difference: 2C,7H,1N) [M-H2O+H]+
51474	499.3201197066178	8.684806	-1		
51312	632.4204672586444	8.687252	-1		
51188	672.1107378808919	8.688362	-1		
51322	594.7242991816422	8.689277	-1		
51126	354.28455940384487	8.689545	-1		
50582	514.3588857921264	8.690016	-1		
51408	686.4511661435579	8.690843	-1		
51152	575.3826211168373	8.691664	189	51152.0	"""Candidate Trihydroxylated bile acid (delta mass 168.0727; sirius atomic difference: 9C, 12H, 3O; buddy atomic difference: 8C, 12H, 2N, 1S)"""
50913	666.4379833527005	8.692666	-1		
51528	598.3972473570743	8.694842	-1		
50843	529.3650299867455	8.695333	-1		
51599	657.1016167307573	8.696315	-1		
52447	416.2143858666272	8.696465	-1		
52577	461.272340434072	8.696639	-1		
51189	627.7498544695301	8.698892	-1		
51512	651.4268141159976	8.69934	-1		
51541	642.759665566936	8.700365	-1		
51598	660.4323638417662	8.701053	-1		
51607	652.4296682590939	8.702132	-1		
52982	583.7233838893402	8.702219	-1		
51403	628.0835571159809	8.702363	-1		
51698	780.5136759491738	8.703906	-1		
51336	578.3870712210891	8.703941	-1		
51703	406.33141099758	8.704771	-1	51703.0	"""Suspect related to """"methyl (4R)-4-((3R,5S,7S,9S,10S,13R,14S,17R)-3,7-dihydroxy-10,13-dimethylhexadecahydro-1H-cyclopenta[a]phenanthren-17-yl)pentanoate"""" (predicted molecular formula SIRIUS: C25H44O5 / BUDDY: C25H44O5) with delta m/z 18.01 (putative explanation: Proline oxidation to 5-hydroxy-2-aminovaleric acid|water; atomic difference: 2H,1O|2H,1O) [M-H2O+H]+"""
51579	607.4004541371186	8.704945	-1		
52209	671.7768929075335	8.708031	-1		
51510	710.7166573449338	8.70892	-1		
51974	569.0481214226961	8.7090435	-1		
51797	611.3678685465286	8.709593	-1		
51759	580.7848027650765	8.710183	-1		
51265	556.3742075046616	8.71042	-1		
51734	645.422035363758	8.711535	-1		
51672	612.4064399732896	8.713621	-1		
51670	677.6970921953164	8.713859	-1		
51729	563.3744462086762	8.714219	-1		
51724	601.3970748033626	8.71429	-1		
52089	616.4068950380738	8.716439	-1		
51747	666.6904077372417	8.717813	-1		
51778	623.1622364921673	8.71829	-1		
51771	655.6842967852159	8.718451	-1		
51791	634.1686820461268	8.718474	-1		
51635	244.2632196288548	8.718845	92		
51765	612.1555480456378	8.719856	-1		
51678	633.9217552465251	8.719923	-1	51678.0	Suspect related to Spectral Match to Undecaethylene glycol from NIST14 (predicted molecular formula SIRIUS: unknown / BUDDY: unknown) with delta m/z 132.078 (putative explanation: PEG repeat unit x3; atomic difference: 6C,12H,3O) [M+H]+
51798	601.1488790988358	8.720572	-1		
51716	677.9505906706469	8.7206135	-1		
51817	568.3794206436784	8.720891	-1		
51535	766.1691074889814	8.721005	-1		
51810	611.9075977170321	8.721423	694		
51769	644.6779318303077	8.72152	-1		
51622	751.4928541411639	8.72191	-1		
51813	590.1412653379233	8.722152	-1		
51801	579.1349706107068	8.722525	-1		
51788	589.8933117069787	8.722625	-1	51788.0	Suspect related to Spectral Match to Undecaethylene glycol from NIST14 (predicted molecular formula SIRIUS: unknown / BUDDY: unknown) with delta m/z 88.052 (putative explanation: PEG repeat unit x2; atomic difference: 4C,8H,2O) [M+H]+
51119	600.4017313015786	8.723564	-1		
51848	568.1281640646904	8.723762	-1		
51826	736.4870013486329	8.723767	-1		
51825	600.9000599567293	8.723834	-1		
51854	578.8865994636121	8.723864	-1	51854.0	"""Candidate Trihydroxylated bile acid (delta mass 168.0727; sirius atomic difference: 9C, 12H, 3O; buddy atomic difference: 8C, 12H, 2N, 1S)"""
51606	765.8370631643368	8.723869	-1		
51744	751.1622423738013	8.723968	-1		
51822	567.8794543062897	8.724117	210	51822.0	"""Candidate Dihydroxylated bile acid (delta mass 175.0483; sirius atomic difference: 6C, 9H, 1N, 5O; buddy atomic difference: 10C, 9H, 1N, 1S)"""
51682	736.8178461564252	8.724478	-1		
51895	535.3611864354294	8.724519	-1		
51865	557.1215013246623	8.724758	-1		
51883	556.8722937081527	8.725537	-1		
51733	722.1421920048427	8.725531	-1		
51871	546.1143212510369	8.725836	-1		
51861	707.4659751344271	8.72633	-1		
51837	545.8652007721944	8.726383	-1	51837.0	Suspect related to Massbank:AU224709 Fosinopril|(2S,4S)-4-cyclohexyl-1-[2-[(2-methyl-1-propanoyloxypropoxy)-(4-phenylbutyl)phosphoryl]acetyl]pyrrolidine-2-carboxylic acid (predicted molecular formula SIRIUS: C24H50O13 / BUDDY: C31H46O8) with delta m/z -16.978 (putative explanation: unspecified; atomic difference: unspecified) [M+H]+
51880	535.1077702170429	8.726456	-1		
51894	534.8580980350042	8.726967	-1	51894.0	Candidate Trihydroxylated bile acid (delta mass 127.532)
51878	721.8110201964402	8.727259	-1		
52348	564.3759326671209	8.727587	-1		
51955	692.4574689966319	8.727733	-1		
51885	692.7913464635087	8.727819	-1		
51891	707.1354326126298	8.728025	-1		
51866	623.4137023641758	8.728122	-1		
51997	640.4644586076499	8.728131	-1		
50419	588.430993624271	8.728184	-1		
52083	696.4570735494913	8.728467	-1		
51901	288.2531021984639	8.728562	-1	51901.0	Suspect related to Massbank:LU100203 2,2'-(Tetradecylimino)diethanol|Tetradecyldiethanolamine (predicted molecular formula SIRIUS: C16H33NO3 / BUDDY: C16H33NO3) with delta m/z -14.052 (putative explanation: Lys->Asn substitution; atomic difference: -2C,-6H,1O) [M+H]+
51616	897.5885082593696	8.728732	-1		
51992	372.2431143069349	8.72922	-1		
51915	678.115347572611	8.729207	-1		
52120	578.3912262042804	8.729434	-1	52120.0	"""Candidate Trihydroxylated bile acid (delta mass 168.0727; sirius atomic difference: 9C, 12H, 3O; buddy atomic difference: 8C, 12H, 2N, 1S)"""
51959	663.4383485685657	8.729478	-1	51959.0	Suspect related to Spectral Match to p-tert-Octylphenol decaglycol ether from NIST14 (predicted molecular formula SIRIUS: unknown / BUDDY: unknown) with delta m/z 17.027 (putative explanation: replacement of proton with ammonium ion; atomic difference: 3H,1N) [M+H]+
51870	663.7735362234129	8.729771	-1		
51956	677.7837529931194	8.730086	-1	51956.0	Suspect related to Spectral Match to Undecaethylene glycol from NIST14 (predicted molecular formula SIRIUS: unknown / BUDDY: unknown) with delta m/z 176.104 (putative explanation: PEG repeat unit x4; atomic difference: 8C,16H,4O) [M+H]+
51962	663.1071654351333	8.730321	-1		
51993	592.8896392037353	8.730474	-1		
51775	853.5615949565564	8.730505	-1		
51966	590.3943653621911	8.730561	666	51966.0	Suspect related to Spectral Match to Undecaethylene glycol from NIST14 (predicted molecular formula SIRIUS: unknown / BUDDY: unknown) with delta m/z 88.052 (putative explanation: PEG repeat unit x2; atomic difference: 4C,8H,2O) [M+H]+
51975	648.7639820363324	8.730708	-1		
51923	649.0979739547466	8.730757	-1		
51973	648.4311679610578	8.731119	-1	51973.0	Suspect related to Spectral Match to Undecaethylene glycol from NIST14 (predicted molecular formula SIRIUS: unknown / BUDDY: unknown) with delta m/z 146.058 (putative explanation: Fucose; atomic difference: 6C,10H,4O) [M+H]+
51953	809.5348655364071	8.731332	-1		
51904	589.6464265463884	8.73161	-1	51904.0	Suspect related to Spectral Match to Undecaethylene glycol from NIST14 (predicted molecular formula SIRIUS: unknown / BUDDY: unknown) with delta m/z 88.052 (putative explanation: PEG repeat unit x2; atomic difference: 4C,8H,2O) [M+H]+
51994	634.0883382499596	8.731702	-1	51994.0	Suspect related to Spectral Match to Undecaethylene glycol from NIST14 (predicted molecular formula SIRIUS: unknown / BUDDY: unknown) with delta m/z 132.078 (putative explanation: PEG repeat unit x3; atomic difference: 6C,12H,3O) [M+H]+
52016	575.3855166535781	8.731776	-1		
51930	620.3639446017969	8.732018	106		
52164	706.4714189062204	8.732204	309		
52013	619.4115587071873	8.732271	-1		
51887	621.366318085352	8.732465	106		
52012	633.7553846696387	8.7325945	-1	52012.0	Suspect related to Spectral Match to Decaethylene glycol from NIST14 (predicted molecular formula SIRIUS: unknown / BUDDY: unknown) with delta m/z 176.104 (putative explanation: PEG repeat unit x4; atomic difference: 8C,16H,4O) [M+H]+
51980	605.0712963109199	8.733261	-1		
52028	619.0797407848371	8.733277	-1		
51796	571.1271350100284	8.733448	-1		
52034	604.736980184567	8.7336855	-1		
52035	765.5065440363888	8.733743	-1		
51985	706.8053984836846	8.733924	-1		
51466	604.4036401136534	8.734286	-1		
52059	692.1303497959769	8.734355	-1		
52038	590.0620675082771	8.734735	1160	52038.0	Suspect related to Spectral Match to Undecaethylene glycol from NIST14 (predicted molecular formula SIRIUS: unknown / BUDDY: unknown) with delta m/z 88.052 (putative explanation: PEG repeat unit x2; atomic difference: 4C,8H,2O) [M+H]+
51743	831.5497617178337	8.734755	-1		
51755	787.5242230213196	8.735635	-1		
52062	589.7284241522672	8.735661	210	52062.0	Suspect related to Spectral Match to Undecaethylene glycol from NIST14 (predicted molecular formula SIRIUS: unknown / BUDDY: unknown) with delta m/z 88.052 (putative explanation: PEG repeat unit x2; atomic difference: 4C,8H,2O) [M+H]+
52122	596.3966624779896	8.735956	-1		
52113	691.7963865074806	8.736305	1271		
52052	560.7109623180181	8.736375	-1		
52066	721.4798221188875	8.736654	-1		
52075	662.7790217040467	8.737023	-1		
52091	575.0531778585063	8.737288	-1	52091.0	Suspect related to 3,6,9,12,15-Pentaoxanonacosan-1-ol, hydrogen sulfate (predicted molecular formula SIRIUS: unknown / BUDDY: unknown) with delta m/z 43.005 (putative explanation: Ala->Asn substitution|Carbamylation; atomic difference: 1C,1H,1N,1O|1C,1H,1N,1O) [M+NH4]+
52092	655.4399682408144	8.737736	-1		
52173	426.2613038658537	8.73804	-1		
52107	677.4515737686678	8.73807	-1	52107.0	Suspect related to Spectral Match to Undecaethylene glycol from NIST14 (predicted molecular formula SIRIUS: unknown / BUDDY: unknown) with delta m/z 176.104 (putative explanation: PEG repeat unit x4; atomic difference: 8C,16H,4O) [M+H]+
52661	337.10415996380294	8.738138	-1		
52499	560.3765618393845	8.738206	1160	52499.0	Suspect related to Spectral Match to Decaethylene glycol from NIST14 (predicted molecular formula SIRIUS: unknown / BUDDY: unknown) with delta m/z 102.031 (putative explanation: unspecified; atomic difference: unspecified) [M+H]+
52111	545.7023888529409	8.73843	1160	52111.0	Suspect related to Spectral Match to Undecaethylene glycol from NIST14 (predicted molecular formula SIRIUS: unknown / BUDDY: unknown) with delta m/z 44.026 (putative explanation: Ethanolation|Gly->Thr substitution|PEG repeat unit|unspecified; atomic difference: 2C,4H,1O|2C,4H,1O|2C,4H,1O|2H,3N) [M+H]+
52103	531.0270764104529	8.739597	-1		
51763	874.5818544360523	8.739975	-1		
52079	501.675665653586	8.740257	-1		
52134	611.4117118413488	8.740253	-1	52134.0	Candidate Trihydroxylated bile acid (delta mass 203.5855)
51748	691.1268752408455	8.740411	-1		
52087	640.4228688841797	8.740513	-1		
52567	648.1030291099751	8.740747	-1		
51816	696.7895515411085	8.740804	-1		
52938	622.4164422897203	8.740884	-1		
52137	647.7697578328604	8.740909	-1		
52191	589.398495018995	8.741242	-1	52191.0	Suspect related to Spectral Match to Undecaethylene glycol from NIST14 (predicted molecular formula SIRIUS: unknown / BUDDY: unknown) with delta m/z 88.06 (putative explanation: pyruvate; atomic difference: unspecified) [M+H]+
51804	809.0446504633229	8.741343	-1		
52063	808.5420443780259	8.741837	-1		
52144	633.4243326312458	8.741903	1160	52144.0	Suspect related to Spectral Match to Undecaethylene glycol from NIST14 (predicted molecular formula SIRIUS: unknown / BUDDY: unknown) with delta m/z 132.078 (putative explanation: PEG repeat unit x3; atomic difference: 6C,12H,3O) [M+H]+
52168	662.4447749387812	8.743093	-1		
52138	633.0934501169467	8.743215	65		
52156	765.0191611922405	8.743234	-1		
52180	560.0505245614311	8.743545	-1	52180.0	"""Candidate Trihydroxylated bile acid (delta mass 151.0451; sirius atomic difference: 8C, 9H, 1N, 1S; buddy atomic difference: 8C, 9H, 1N, 1S)"""
52153	567.3857431804244	8.743682	-1	52153.0	"""Candidate Dihydroxylated bile acid (delta mass 175.0483; sirius atomic difference: 6C, 9H, 1N, 5O; buddy atomic difference: 10C, 9H, 1N, 1S)"""
53537	603.7421641653914	8.744401	309		
51898	516.3499072254044	8.744437	-1		
52157	637.7533315089814	8.744447	-1		
52093	786.530169522421	8.744652	-1		
52128	618.4167139685464	8.744702	-1		
52176	589.0673896416461	8.744725	-1		
52185	684.4496403502714	8.744791	-1		
52237	559.7156214081688	8.745439	309		
52223	623.0782407527023	8.745457	-1		
52070	720.4875775899295	8.745713	1271		
52246	545.0402496934113	8.745967	309		
53630	545.3722211218146	8.746053	-1	53630.0	Suspect related to Spectral Match to Undecaethylene glycol from NIST14 (predicted molecular formula SIRIUS: unknown / BUDDY: unknown) with delta m/z 44.026 (putative explanation: Ethanolation|Gly->Thr substitution|PEG repeat unit|unspecified; atomic difference: 2C,4H,1O|2C,4H,1O|2C,4H,1O|2H,3N) [M+H]+
52244	720.9927474121943	8.746188	-1		
52218	530.3640083073508	8.746391	309		
52179	574.3898632376412	8.747282	189	52179.0	Suspect related to 3,6,9,12,15-Pentaoxanonacosan-1-ol, hydrogen sulfate (predicted molecular formula SIRIUS: unknown / BUDDY: unknown) with delta m/z 43.005 (putative explanation: Ala->Asn substitution|Carbamylation; atomic difference: 1C,1H,1N,1O|1C,1H,1N,1O) [M+NH4]+
52178	593.7269271406861	8.747334	-1		
51374	408.3315134387959	8.747446	-1		
51494	413.2863521726532	8.747446	92	51494.0	Suspect related to Spectral Match to Nonaethylene glycol from NIST14 (predicted molecular formula SIRIUS: unknown / BUDDY: unknown) with delta m/z -0.984 (putative explanation: Amidation|Asp->Asn substitution|Glu->Gln substitution; atomic difference: 1H,1N,-1O|1H,1N,-1O|1H,1N,-1O) [M+H]+
52527	414.2899755712493	8.747446	92	52527.0	Spectral Match to Nonaethylene glycol from NIST14
52227	435.3098052324776	8.747446	-1		
53632	753.4755820081589	8.747446	979		
52020	523.3599776035355	8.747609	-1		
52242	742.5040135327713	8.7482815	-1		
52221	579.0521417257671	8.748818	-1		
52377	698.9797538263663	8.750438	-1		
52086	270.3152486251745	8.751372	-1		
52266	698.4786398190582	8.752179	309		
52258	549.7007696185483	8.752214	-1		
52278	626.4834986616215	8.752272	755		
51964	632.7589229900126	8.753192	-1		
52302	535.0256551836499	8.753203	-1		
52190	617.7487367672943	8.7532215	-1		
52341	676.9667875060071	8.753586	-1		
52204	632.4356073217123	8.754087	-1		
52068	676.459905440364	8.754668	-1		
52388	505.67437267287136	8.754723	-1		
52342	447.2822222359652	8.754835	356		
52154	618.0831472951384	8.755294	-1		
52610	588.4138258764623	8.756334	-1		
52444	654.4525263450511	8.756657	-1	52444.0	Suspect related to Undecaethylene glycol tridecyl ether (predicted molecular formula SIRIUS: unknown / BUDDY: unknown) with delta m/z -30.01 (putative explanation: Decarboxylation|Demethoxylation|Proline oxidation to pyrrolidinone|Ser->Gly substitution|Thr->Ala substitution; atomic difference: -1C,-2H,-1O|-1C,-2H,-1O|-1C,-2H,-1O|-1C,-2H,-1O|-1C,-2H,-1O) [M+H]+
52053	209.1533891464588	8.75705	92		
52241	228.2683482544161	8.75705	-1		
52391	559.0454889457066	8.757541	-1		
52428	513.321138184451	8.758083	356		
53568	603.4071839364215	8.758127	-1		
52409	544.7037851656706	8.75818	-1		
52360	469.29558260959584	8.758796	356		
52370	705.4678577995421	8.758775	-1		
52488	530.0282565754922	8.759998	-1		
52355	588.731256767906	8.76028	-1		
52374	315.22767767528615	8.760935	1477		
52399	491.3076612358117	8.761212	356		
52435	661.4422579373083	8.761328	-1		
52338	574.0553509642297	8.76155	-1		
50584	573.3902270092532	8.762109	107		
52380	573.7212302669459	8.762208	-1		
52526	486.3183260771619	8.762432	-1		
52417	529.363937771488	8.762544	-1		
52500	617.416296872411	8.762643	-1		
52597	587.4056259967379	8.764789	-1		
52556	507.3508186541185	8.766544	-1		
52664	529.6939443226889	8.766986	-1		
52528	412.30799553682505	8.767366	-1	52528.0	Suspect related to Spectral Match to Nonaethylene glycol from NIST14 (predicted molecular formula SIRIUS: unknown / BUDDY: unknown) with delta m/z -0.984 (putative explanation: Amidation|Asp->Asn substitution|Glu->Gln substitution; atomic difference: 1H,1N,-1O|1H,1N,-1O|1H,1N,-1O) [M+H]+
52604	434.3215490879936	8.767366	168	52604.0	Suspect related to Spectral Match to Nonaethylene glycol from NIST14 (predicted molecular formula SIRIUS: unknown / BUDDY: unknown) with delta m/z 18.028 (putative explanation: Glu->Phe substitution; atomic difference: 4C,2H,-2O) [M+H]+
52636	456.3341907346712	8.767366	168	52636.0	Suspect related to Spectral Match to Nonaethylene glycol from NIST14 (predicted molecular formula SIRIUS: unknown / BUDDY: unknown) with delta m/z 40.016 (putative explanation: unspecified; atomic difference: 2C,2H,1N) [M+H]+
52646	478.3477718274225	8.767366	168	52646.0	Suspect related to Spectral Match to Decaethylene glycol from NIST14 (predicted molecular formula SIRIUS: unknown / BUDDY: unknown) with delta m/z 18.028 (putative explanation: Glu->Phe substitution; atomic difference: 4C,2H,-2O) [M+H]+
52631	500.3604050865928	8.767366	168		
52621	544.3869711177094	8.767366	168		
52618	566.4003204228322	8.767366	168		
52642	718.5305432675127	8.767366	168		
52692	762.5571509006215	8.767366	168		
52672	806.5832383685243	8.767366	168		
52354	727.4817862341073	8.767379	-1		
52540	485.3373692392332	8.767525	-1		
52511	630.478244722307	8.767761	168	52511.0	Suspect related to Decaethylene glycol tridecyl ether (predicted molecular formula SIRIUS: unknown / BUDDY: unknown) with delta m/z -12.985 (putative explanation: unspecified; atomic difference: unspecified) [M+H]+
52509	463.324326367309	8.767911	-1		
52398	513.3273633646378	8.76927	-1		
52625	464.3371308708706	8.770056	-1	52625.0	"""Candidate Dihydroxylated bile acid (delta mass 71.0378; sirius atomic difference: 3C, 5H, 1N, 1O; buddy atomic difference: 3C, 5H, 1N, 1O; spectral library match to CCMSLIB00006582358, Ala-DCA)"""
52594	551.376587290061	8.771221	-1		
53441	580.3849266728757	8.773955	572	53441.0	Trp-UDCA
52250	785.5185238160376	8.774861	-1		
52632	683.455281161149	8.776873	-1		
52649	522.3741390480232	8.778078	168		
50754	542.4258784219157	8.778078	168		
52446	586.4520448043197	8.778078	168		
50596	674.5045218311147	8.778078	-1		
52630	850.609327283455	8.778078	-1		
52662	987.6630687879132	8.779202	-1		
53440	561.373283701021	8.780686	572	53440.0	Chenodeoxycholyl_tryptophan
53468	579.38404374885	8.781403	572	53468.0	Trp-UDCA
52644	595.402396929692	8.781883	-1		
53442	601.3643176415693	8.782188	-1		
52725	615.6571105615204	8.782648	-1		
52897	593.3952339318772	8.786072	-1		
52715	600.1563401399216	8.78651	-1		
52768	639.4285443599713	8.789163	-1		
53149	829.5508159519234	8.789281	-1		
52892	582.637490166676	8.789519	-1		
52877	323.1591678554991	8.7896805	-1		
52873	339.1335293048056	8.790518	-1		
52699	599.9058394985811	8.790737	210		
52911	571.3808482470963	8.791608	-1		
52575	491.3463417338248	8.792389	-1	52575.0	Suspect related to ((4R)-4-((3R,5R,9S,10S,12S,13R,14S,17R)-3,12-dihydroxy-10,13-dimethylhexadecahydro-1H-cyclopenta[a]phenanthren-17-yl)pentanoyl)glycylglycine (predicted molecular formula SIRIUS: C28H48N2O6 / BUDDY: C33H48O4) with delta m/z 2.016 (putative explanation: Pro->Val substitution|reduction; atomic difference: 2H|2H) [M-H2O+H]+
53092	637.4241236568455	8.793406	-1		
52894	391.1464545249608	8.793653	-1		
52942	560.6242443052314	8.794028	407	52942.0	Suspect related to Spectral Match to Decaethylene glycol from NIST14 (predicted molecular formula SIRIUS: unknown / BUDDY: unknown) with delta m/z 102.031 (putative explanation: unspecified; atomic difference: unspecified) [M+H]+
52707	589.1496164612371	8.795463	1316		
52739	558.3796923731176	8.795679	-1		
52871	623.3301833090453	8.796023	-1		
52207	622.1689958484045	8.796115	-1		
52935	549.6177553762185	8.796219	-1	52935.0	Suspect related to Spectral Match to Decaethylene glycol from NIST14 (predicted molecular formula SIRIUS: unknown / BUDDY: unknown) with delta m/z 89.084 (putative explanation: unspecified; atomic difference: unspecified) [M+H]+
52734	633.1756834924886	8.796892	-1		
52999	712.4718438941625	8.797132	-1		
52836	712.1370441564746	8.797244	-1		
53021	538.3595074142175	8.797667	1058		
53018	697.4633795536405	8.797669	-1	53018.0	Suspect related to Spectral Match to Undecaethylene glycol from NIST14 (predicted molecular formula SIRIUS: unknown / BUDDY: unknown) with delta m/z 193.132 (putative explanation: unspecified; atomic difference: unspecified) [M+H]+
52947	538.6111545007984	8.797975	166	52947.0	Candidate Trihydroxylated bile acid (delta mass 127.532)
53000	500.2777897247414	8.798206	-1		
52813	527.3541388030029	8.798576	-1		
53011	527.6044399729126	8.799862	210	53011.0	Candidate Trihydroxylated bile acid (delta mass 119.5451)
53118	453.1676691650621	8.801136	-1		
52962	682.4517529831666	8.80143	-1		
53094	505.3412573811018	8.802075	-1		
53004	682.7860554296296	8.802577	-1		
53168	343.3318094750699	8.804132	-1		
53023	668.1107880224712	8.804221	935		
53080	667.7763103160001	8.8045845	-1		
53077	668.445242993957	8.804768	-1		
52860	601.3463051342561	8.805014	-1		
52849	254.16109364702217	8.80536	453		
52987	653.4361143923053	8.806256	-1		
53105	653.101550334538	8.807051	-1	53105.0	Suspect related to Spectral Match to Undecaethylene glycol from NIST14 (predicted molecular formula SIRIUS: unknown / BUDDY: unknown) with delta m/z 149.105 (putative explanation: unspecified; atomic difference: unspecified) [M+H]+
53164	638.7595087660062	8.808643	166		
53152	638.4250645199074	8.808969	1514		
53695	325.20068652046155	8.80955	264		
53206	624.0840287391577	8.810531	791		
53181	624.4190309158555	8.811133	-1		
53223	623.7498645506992	8.811289	-1		
52952	496.2409187867111	8.811474	1011		
52548	823.5455573504468	8.812856	-1		
53241	609.0739285218749	8.813084	929	53241.0	Suspect related to Spectral Match to Undecaethylene glycol from NIST14 (predicted molecular formula SIRIUS: unknown / BUDDY: unknown) with delta m/z 105.079 (putative explanation: unspecified; atomic difference: unspecified) [M+H]+
53167	609.4093679225788	8.813363	791	53167.0	Suspect related to Spectral Match to Undecaethylene glycol from NIST14 (predicted molecular formula SIRIUS: unknown / BUDDY: unknown) with delta m/z 105.079 (putative explanation: unspecified; atomic difference: unspecified) [M+H]+
53177	415.2113750686728	8.813611	204		
53985	748.5211621778348	8.813602	-1		
53232	474.2596363801538	8.8138485	-1		
53267	594.7334979170929	8.814757	655	53267.0	"""Candidate Trihydroxylated bile acid (delta mass 187.083; sirius atomic difference: 8C, 13H, 1N, 4O; buddy atomic difference: 8C, 13H, 1N, 4O)"""
53260	594.3985530142637	8.815112	-1	53260.0	"""Candidate Trihydroxylated bile acid (delta mass 187.083; sirius atomic difference: 8C, 13H, 1N, 4O; buddy atomic difference: 8C, 13H, 1N, 4O)"""
53269	452.2771012467891	8.815448	148	53269.0	Suspect related to Monopalmitolein (9c) (predicted molecular formula SIRIUS: C21H44NO8P / BUDDY: C23H39N3O7) with delta m/z 141.019 (putative explanation: unspecified; atomic difference: unspecified) [M-H2O+H]+
53301	579.7235677369108	8.816819	932		
53291	580.3935289598119	8.816922	-1		
53290	580.0582197204602	8.816961	-1		
53792	851.3967217821584	8.817238	-1		
53233	552.2019907380486	8.818338	-1		
53009	816.5426183446162	8.818371	-1		
53253	304.2996133528524	8.819069	-1		
53313	565.3828414498597	8.819157	-1		
53343	807.5747444310198	8.819317	-1		
53353	565.048277467533	8.819378	1316		
53085	581.3882390431146	8.819611	-1		
53326	550.3720307536579	8.819934	-1		
53208	305.30298109848417	8.820064	-1	53208.0	Suspect related to Spectral Match to Benzyltetradecyldimethylammonium from NIST14 (predicted molecular formula SIRIUS: unknown / BUDDY: unknown) with delta m/z -26.032 (putative explanation: Glu->Cys substitution; atomic difference: -2C,-2H,-2O,1S) [M]+
53282	574.1838333297706	8.82045	-1		
53363	550.7073119764327	8.821409	-1		
53304	802.6180885561909	8.821447	380	53304.0	"""Candidate Dihydroxylated bile acid (delta mass 409.3193; sirius atomic difference: 16C, 35H, 13N; buddy atomic difference: 24C, 43H, 1N, 4O)"""
53217	1177.884111584947	8.821411	380	53217.0	"""Candidate Dihydroxylated bile acid (delta mass 784.5844; sirius atomic difference: 48C, 80H, 8O; buddy atomic difference: 55C, 76H, 3O)"""
53220	524.3944577210349	8.821507	-1		
53605	785.5917787102485	8.821862	380	53605.0	Spectral Match to Deoxycholic acid from NIST14
53394	437.1931932667479	8.8219595	-1		
53243	1199.866421441218	8.821897	-1		
52968	787.5982142158789	8.821952	-1	52968.0	Suspect related to Ursodiol (predicted molecular formula SIRIUS: C39H72N14O3 / BUDDY: C48H80O8) with delta m/z 36.034 (putative explanation: unspecified; atomic difference: unspecified) [M+H]+
53272	440.3361830294655	8.82254	-1	53272.0	Suspect related to Spectral Match to Cholic acid from NIST14 (predicted molecular formula SIRIUS: unknown / BUDDY: unknown) with delta m/z 14.016 (putative explanation: Asn->Gln substitution|Asp->Glu substitution|Gly->Ala substitution|Methylation|Ser->Thr substitution|Val->Leu/Ile substitution|chain elongation; atomic difference: 1C,2H|1C,2H|1C,2H|1C,2H|1C,2H|1C,2H|1C,2H) [M+NH4]+
53476	536.3684884273567	8.82256	-1		
53611	375.28899985641993	8.822586	380	53611.0	"""Candidate Dihydroxylated bile acid (delta mass -18.011; sirius atomic difference: -2H, -1O; buddy atomic difference: -2H, -1O; spectral library match to CCMSLIB00005435503, chenodeoxycholic acid)"""
53106	772.5165815391568	8.822584	-1		
53362	409.28073133485714	8.822691	-1		
53397	535.6974536065619	8.822873	-1		
53380	536.03196827241	8.822995	-1		
53321	392.2543357823656	8.823215	-1		
53420	281.1380078044499	8.823522	-1		
53351	357.2783171829976	8.823536	-1	53351.0	"""Candidate Dihydroxylated bile acid (delta mass -36.0213; sirius atomic difference: -4H, -2O; buddy atomic difference: -4H, -2O; spectral library match to CCMSLIB00005463909, DEOXYCHOLATE)"""
53406	839.5102617745124	8.823491	1381		
52974	865.5318988140344	8.824072	-1		
53228	488.2457602745475	8.824745	-1		
53413	392.31570865573485	8.8251095	380	53413.0	Suspect related to URSODEOXYCHOLATE (predicted molecular formula SIRIUS: C24H44O6 / BUDDY: C24H44O6) with delta m/z 36.021 (putative explanation: 2x water; atomic difference: 4H,2O) [M-2H2O+H]+
53435	521.0220227999718	8.825165	-1		
53322	728.4907113626947	8.825296	-1		
53374	521.3567687434082	8.82532	-1	53374.0	Suspect related to Spectral Match to Hexaethylene glycol from NIST14 (predicted molecular formula SIRIUS: C22H46O12 / BUDDY: C23H45N5O8) with delta m/z 237.158 (putative explanation: unspecified; atomic difference: unspecified) [M+H]+
53438	506.3457404477474	8.825331	-1		
53426	410.3255923684376	8.826367	380	53426.0	"""Candidate Dihydroxylated bile acid (delta mass 17.0277; sirius atomic difference: 3H, 1N; buddy atomic difference: 3H, 1N)"""
53045	483.2689410492495	8.827027	-1		
53546	468.3895381948445	8.828148	-1		
53621	574.3940934420679	8.8285	-1		
53681	530.3680219131747	8.828982	-1		
53624	618.419674455115	8.829711	563		
53459	415.2808449354074	8.829934	-1		
53680	1127.7151000110034	8.830644	-1		
53720	823.5460558560101	8.831121	-1		
53194	258.2789559312664	8.832766	92	53194.0	Suspect related to N,N-Dimethyldodecylamine N-oxide (predicted molecular formula SIRIUS: C16H35NO / BUDDY: C16H35NO) with delta m/z 28.031 (putative explanation: Acetaldehyde +28|Ala->Val substitution|Cys->Met substitution|Ethylation|di-Methylation; atomic difference: 2C,4H|2C,4H|2C,4H|2C,4H|2C,4H) [M+H]+
53527	684.4650893945523	8.833146	-1		
53642	708.4869530990892	8.833948	380	53642.0	"""Candidate Dihydroxylated bile acid (delta mass 316.2179; sirius atomic difference: 24C, 28H; buddy atomic difference: 24C, 28H)"""
54309	500.3603074280168	8.834444	168		
54057	494.3241712182236	8.8360815	148		
53561	640.4377052860328	8.836579	-1		
53636	512.4158661966277	8.837571	-1		
53655	515.3510102098016	8.839388	-1		
53754	556.4421626930057	8.841776	-1		
53608	371.3630928525967	8.842214	-1		
53623	596.4109855627238	8.843161	572	53623.0	Chenodeoxycholyl_tryptophan
53640	330.2015773892951	8.845025	-1		
53717	681.1185175389152	8.845818	-1		
53507	537.3616212327515	8.848889	-1		
53850	486.34444995320285	8.8506365	-1		
53932	529.27239977457	8.851059	1381		
53721	325.32138450386594	8.852175	-1		
53592	294.2636789570233	8.852195	-1		
52629	558.4208907888507	8.853407	-1	52629.0	Suspect related to Decaethylene glycol tridecyl ether (predicted molecular formula SIRIUS: unknown / BUDDY: unknown) with delta m/z -85.042 (putative explanation: unspecified; atomic difference: unspecified) [M+H]+
53801	608.1544255805093	8.8553	-1		
53753	597.1474283654536	8.856917	-1		
53796	332.18318749411446	8.858074	-1		
53427	704.4754026919326	8.858266	-1		
53793	586.3934245063954	8.858948	-1		
53762	732.5480640768769	8.859442	-1		
53816	341.243528649139	8.860067	-1		
53869	575.1353122646224	8.860052	-1		
53593	660.4495702574616	8.861201	-1		
51760	338.2896167989162	8.86314	1194	51760.0	"""Candidate Dihydroxylated bile acid (delta mass -55.0102; buddy atomic difference: -6C, -5H, 5N, -3O)"""
54037	343.2593623106287	8.863495	-1	54037.0	Asn-C14:0
53898	575.3869908584777	8.863591	-1		
53707	572.3999456023423	8.86372	-1		
53580	616.4241535869245	8.864262	-1		
53853	564.1280965038985	8.866637	1058		
53918	930.6419280629748	8.867073	875	53918.0	"""Candidate Trihydroxylated bile acid (delta mass 522.3307; sirius atomic difference: 19C, 42H, 10N, 7O; buddy atomic difference: 33C, 46H, 5O; spectral library match to CCMSLIB00005435517, glycocholic acid)"""
54005	518.2144082915399	8.869095	1450		
53858	913.61481411568	8.869316	-1		
53980	553.1215244066681	8.869591	210		
53895	541.8645916112068	8.870124	-1		
53819	327.2282209559677	8.870222	1477		
53839	716.4706587510756	8.870643	-1		
53925	542.1152446669133	8.870718	210		
54292	478.3508195658399	8.872283	-1		
53868	702.4642787607398	8.872389	-1		
54152	712.5217994320434	8.87239	-1		
54214	456.3073503517365	8.873692	-1		
53892	299.2577252463493	8.874068	-1	53892.0	Suspect related to 10E,12Z-octadecadienoic acid (predicted molecular formula SIRIUS: C17H30O4 / BUDDY: C17H30O4) with delta m/z 17.973 (putative explanation: Pro->Asp substitution; atomic difference: -1C,-2H,2O) [M+H]+
53894	317.26827878175	8.874068	-1		
53886	334.29472907289585	8.874068	-1		
52803	382.316016134131	8.874068	-1	52803.0	Suspect related to Massbank:AU406506 3,6,9,12-Tetraoxatetracosan-1-ol|Tetraethylene glycol monododecyl ether|2-[2-[2-(2-dodecoxyethoxy)ethoxy]ethoxy]ethanol (predicted molecular formula SIRIUS: C20H42O5 / BUDDY: C21H41N5O) with delta m/z 17.027 (putative explanation: replacement of proton with ammonium ion; atomic difference: 3H,1N) [M+H]+
53967	420.30544212844006	8.874068	375		
52856	426.3422106773448	8.874068	-1	52856.0	Suspect related to Massbank:AU406506 3,6,9,12-Tetraoxatetracosan-1-ol|Tetraethylene glycol monododecyl ether|2-[2-[2-(2-dodecoxyethoxy)ethoxy]ethoxy]ethanol (predicted molecular formula SIRIUS: C22H46O6 / BUDDY: C23H45N5O2) with delta m/z 61.053 (putative explanation: unspecified|unspecified; atomic difference: 2C,7H,1N,1O|5H,4N) [M+H]+
53926	442.31834520454	8.874068	-1		
52358	514.3947656054577	8.874068	109		
53988	602.4468104738285	8.874068	550	53988.0	Suspect related to Massbank:AU406506 3,6,9,12-Tetraoxatetracosan-1-ol|Tetraethylene glycol monododecyl ether|2-[2-[2-(2-dodecoxyethoxy)ethoxy]ethoxy]ethanol (predicted molecular formula SIRIUS: C36H61N3O4 / BUDDY: C37H61NO5) with delta m/z 237.158 (putative explanation: unspecified; atomic difference: unspecified) [M+H]+
53497	646.4728997902822	8.874068	550		
54032	690.4994007522694	8.874068	-1		
53795	734.525141027131	8.874068	-1		
54012	778.5515159526794	8.874068	-1		
54040	520.101827890619	8.874558	-1		
53485	815.6994819565722	8.876148	-1		
53937	531.108814858865	8.876885	407		
53921	687.4582273414777	8.876963	791		
53958	687.1236754052117	8.877113	-1		
53827	223.9884401274228	8.877441	193	53827.0	2,5-Diphenyl-1H-tetrazole-2-ium
53993	506.3849985157878	8.878546	499	53993.0	Deoxycholyl_isoleucine
53976	365.2413451291882	8.878775	-1		
54119	672.4457742559001	8.880255	-1		
54065	672.7826119620591	8.880641	-1		
54118	658.1071922824898	8.882712	791		
54092	657.7728307288301	8.882996	791		
54171	557.3957988135141	8.883789	638	54171.0	"""Candidate Dihydroxylated bile acid (delta mass 164.0958; sirius atomic difference: 9C, 12H, 2N, 1O; buddy atomic difference: 9C, 12H, 2N, 1O)"""
54093	643.4323498831684	8.885276	-1	54093.0	Suspect related to Undecaethylene glycol tridecyl ether (predicted molecular formula SIRIUS: unknown / BUDDY: unknown) with delta m/z -44.016 (putative explanation: nan (reverse)|heavy acetylation (reverse); atomic difference: -1C,-2H,-1N,-1O|-2C[13],-2H,-1O) [M+H]+
54089	440.2771633947273	8.885507	148	54089.0	Suspect related to 1-Myristoyl-2-hydroxy-sn-glycero-3-phosphoethanolamine (predicted molecular formula SIRIUS: C25H45NO5 / BUDDY: C25H45NO5) with delta m/z 14.073 (putative explanation: unspecified; atomic difference: unspecified) [M+H]+
54157	643.0968379650992	8.885904	1017		
53824	364.1858124883441	8.8871355	-1		
54133	894.6104346923797	8.887313	-1		
54213	628.4209836600485	8.888345	-1		
54003	911.6034151272262	8.888932	-1		
54190	628.7561699037108	8.889089	-1		
54219	614.0809249206886	8.891395	-1		
54222	613.7465860663191	8.891426	791		
54193	324.25095282560267	8.891459	-1		
54842	666.7776011822165	8.892023	-1		
54209	302.26878688040784	8.892113	-1		
54438	435.3293458729283	8.892958	-1	54438.0	"""Candidate Monohydroxylated bile acid (delta mass 57.0209; sirius atomic difference: 2C, 3H, 1N, 1O; buddy atomic difference: 2C, 3H, 1N, 1O; spectral library match to CCMSLIB00005435532, glycolithocholic acid)"""
54240	320.22208172672515	8.894719	102		
54262	599.0703130762114	8.8951025	-1		
54317	921.5642976209558	8.895123	-1		
54225	599.4062363955778	8.89568	-1		
54341	416.3160926800652	8.896751	42	54341.0	Suspect related to taurolithocholic acid (predicted molecular formula SIRIUS: C26H43NO4 / BUDDY: C26H43NO4) with delta m/z -49.982 (putative explanation: unspecified; atomic difference: unspecified) [M-H2O+H]+
54308	584.3953539947184	8.89717	-1		
54280	584.7301224745254	8.897725	-1	54280.0	Suspect related to Decaethylene glycol tridecyl ether (predicted molecular formula SIRIUS: unknown / BUDDY: unknown) with delta m/z -57.01 (putative explanation: nan (reverse); atomic difference: -1C,-1H,-2N,-1O) [M+H]+
54315	889.6266753875974	8.8977375	-1		
54334	457.34155414040737	8.897898	-1		
54891	608.0768871313044	8.897993	-1		
54339	437.3345149363428	8.898218	-1		
54338	570.2987195233788	8.898576	180		
54418	434.3260689827128	8.898818	42	54418.0	"""Candidate Monohydroxylated bile acid (delta mass 57.0209; sirius atomic difference: 2C, 3H, 1N, 1O; buddy atomic difference: 2C, 3H, 1N, 1O; spectral library match to CCMSLIB00005435532, glycolithocholic acid)"""
53609	425.1346270869493	8.899942	-1		
54359	867.6447670461972	8.900179	42	54359.0	"""Candidate Monohydroxylated bile acid (delta mass 490.3414; sirius atomic difference: 22C, 46H, 6N, 6O; buddy atomic difference: 33C, 46H, 3O)"""
54257	478.29071682906255	8.900542	-1		
54407	477.368176663174	8.900575	-1		
54348	298.3465577993051	8.901018	-1		
54350	451.3529596163425	8.901061	42	54350.0	"""Candidate Monohydroxylated bile acid (delta mass 73.0166; buddy atomic difference: 2C, 3H, 1N, 2O)"""
54167	562.3525657907392	8.901372	-1		
54333	570.0547863318297	8.90141	-1		
54345	569.7203099532588	8.901647	1017		
54803	452.35599507871126	8.901993	46		
54252	565.4208448734236	8.902127	-1		
53315	398.1737465331926	8.90233	-1		
55303	316.19347061843496	8.90281	-1	55303.0	Suspect related to cis-8,11,14-Eicosatrienoic acid (predicted molecular formula SIRIUS: C18H34O4 / BUDDY: C18H34O4) with delta m/z 7.99 (putative explanation: unspecified; atomic difference: unspecified) [M+H]+
54396	555.0448439139708	8.904526	99		
54370	555.3797530107204	8.904838	-1	54370.0	Suspect related to Decaethylene glycol tridecyl ether (predicted molecular formula SIRIUS: unknown / BUDDY: unknown) with delta m/z -85.042 (putative explanation: unspecified; atomic difference: unspecified) [M+H]+
54531	449.3358801699313	8.905058	-1	54531.0	Suspect related to Glycodeoxycholic acid (predicted molecular formula SIRIUS: unknown / BUDDY: unknown) with delta m/z 36.021 (putative explanation: 2x water; atomic difference: 4H,2O) [M-2H2O+H]+
54393	540.7039213445734	8.908103	-1		
54676	494.3586323151184	8.908629	1410		
54469	479.38364637160174	8.909181	-1		
54442	525.6940378525775	8.910487	-1		
54449	526.0285423842001	8.911284	99		
54402	225.1485271144172	8.911489	1142		
54422	541.372042133653	8.911714	638	54422.0	Phe-UDCA
54551	698.5414188190301	8.911832	755		
54421	540.3694506249566	8.911967	-1		
54472	511.01876214384953	8.913414	-1		
54476	511.3537717671523	8.913579	-1		
54473	750.8318463275133	8.91502	-1		
54537	865.629219607835	8.918879	-1		
54461	695.7928215571452	8.921844	-1		
54231	713.4856946417434	8.921952	-1		
54630	416.2427894251632	8.923408	204		
54656	589.6455720593209	8.9242115	-1	54656.0	Suspect related to Spectral Match to Undecaethylene glycol from NIST14 (predicted molecular formula SIRIUS: unknown / BUDDY: unknown) with delta m/z 88.06 (putative explanation: pyruvate; atomic difference: unspecified) [M+H]+
54644	578.6390825952744	8.924681	-1	54644.0	"""Candidate Trihydroxylated bile acid (delta mass 168.0727; sirius atomic difference: 9C, 12H, 3O; buddy atomic difference: 8C, 12H, 2N, 1S)"""
54379	931.578552482394	8.9253025	-1		
54602	402.35771835361385	8.925599	204		
54658	578.3898139042625	8.925848	210	54658.0	"""Candidate Trihydroxylated bile acid (delta mass 168.0727; sirius atomic difference: 9C, 12H, 3O; buddy atomic difference: 8C, 12H, 2N, 1S)"""
54563	669.4595954698299	8.928868	438		
54670	433.3142233090466	8.929137	-1		
54673	567.3827655368862	8.92949	-1	54673.0	"""Candidate Dihydroxylated bile acid (delta mass 175.0483; sirius atomic difference: 6C, 9H, 1N, 5O; buddy atomic difference: 10C, 9H, 1N, 1S)"""
54626	438.27049874073447	8.929655	-1		
54635	432.3106565189633	8.929764	-1	54635.0	"""Candidate Dihydroxylated bile acid (delta mass 39.0108; sirius atomic difference: 2C, 1H, 1N; buddy atomic difference: 2C, 1H, 1N; spectral library match to CCMSLIB00005464545, GLYCOCHENODEOXYCHOLATE)"""
54601	272.2217886241045	8.929945	-1		
54669	567.6325008294544	8.930493	210		
54684	356.1851903673446	8.9326315	-1		
54672	556.3764546459458	8.933135	-1		
55091	648.4066727080518	8.933258	-1		
54760	622.4163785778693	8.934812	-1		
54695	556.6257980254255	8.93573	-1		
54735	706.4709460567012	8.936097	648		
54667	721.4816678598544	8.936337	-1		
54722	545.619299681502	8.937667	210	54722.0	Suspect related to Spectral Match to Undecaethylene glycol from NIST14 (predicted molecular formula SIRIUS: unknown / BUDDY: unknown) with delta m/z 44.026 (putative explanation: Ethanolation|Gly->Thr substitution|PEG repeat unit|unspecified; atomic difference: 2C,4H,1O|2C,4H,1O|2C,4H,1O|2H,3N) [M+H]+
54748	652.1018287972718	8.938401	-1		
54723	706.8055327663056	8.938911	-1		
54712	637.0925329890043	8.940528	-1		
54739	534.6125157651087	8.94114	-1		
54879	651.7677232972903	8.941759	-1		
54793	691.7961334264921	8.9427	-1		
54791	692.1302129856546	8.942825	-1		
55463	734.5407386020055	8.9429245	47		
54750	534.3626986740908	8.943462	1333		
54892	622.7509058646314	8.943893	-1		
54790	523.3558848836067	8.946576	-1		
54821	677.4543742095265	8.947055	-1		
54804	677.1202591481191	8.947403	-1		
54816	663.1134926412049	8.94866	-1		
54852	607.7416594247711	8.948955	-1		
54833	662.7788902993799	8.949775	-1		
54814	662.4444199962537	8.9501	65		
54854	647.7694068319946	8.952244	-1		
54867	648.1036137883748	8.9526415	-1		
54823	496.3842939157004	8.953972	46		
54812	540.4109047447641	8.953972	46		
54828	584.4371680235934	8.953972	46		
54897	633.4278979112274	8.955372	573	54897.0	Suspect related to Spectral Match to Undecaethylene glycol from NIST14 (predicted molecular formula SIRIUS: unknown / BUDDY: unknown) with delta m/z 132.078 (putative explanation: PEG repeat unit x3; atomic difference: 6C,12H,3O) [M+H]+
54881	633.0937658945842	8.955845	-1		
54890	423.1569194619109	8.957232	-1		
54920	618.7526692370752	8.958561	-1		
55025	425.28805625760725	8.959653	-1		
54699	510.2570940303276	8.961652	1011		
54894	618.4184082523561	8.961674	-1		
54956	603.7429256358669	8.962165	-1		
55013	604.0779033444643	8.962735	1656		
55171	631.3809226379449	8.963609	-1		
54901	407.1827433387651	8.965058	-1		
54957	430.2587409408949	8.965329	-1		
55015	402.2273268973318	8.96538	-1		
54926	566.3804958436153	8.965501	-1		
54924	385.20079133883615	8.965557	-1		
55017	308.221147041981	8.96612	-1		
54997	589.4006817476037	8.966675	573	54997.0	Suspect related to Spectral Match to Undecaethylene glycol from NIST14 (predicted molecular formula SIRIUS: unknown / BUDDY: unknown) with delta m/z 88.052 (putative explanation: PEG repeat unit x2; atomic difference: 4C,8H,2O) [M+H]+
54998	403.3056449921295	8.96678	-1		
54978	589.0674044223197	8.966879	-1		
54986	251.127504279672	8.967093	204		
54903	588.2000112866169	8.967456	-1		
55040	420.3326503280534	8.968548	-1		
55035	574.726448676914	8.970197	-1		
54942	488.2751901450626	8.972224	439		
54991	325.1430790872941	8.972809	-1		
55053	471.339947998687	8.972809	-1	55053.0	Suspect related to Spectral Match to Nonaethylene glycol from NIST14 (predicted molecular formula SIRIUS: unknown / BUDDY: unknown) with delta m/z 58.005 (putative explanation: Ala->Glu substitution|Gly->Asp substitution|Iodoacetic acid derivative|unspecified|unspecified; atomic difference: 2C,2H,2O|2C,2H,2O|2C,2H,2O|2C,2H,2O|3N,1O) [M+H]+
54902	574.3920868948647	8.973793	-1		
55117	498.2560161393212	8.973999	-1		
55079	428.37366023686354	8.974044	-1		
55083	545.3726113774645	8.974047	65	55083.0	Suspect related to Spectral Match to Undecaethylene glycol from NIST14 (predicted molecular formula SIRIUS: unknown / BUDDY: unknown) with delta m/z 44.026 (putative explanation: Ethanolation|Gly->Thr substitution|PEG repeat unit|unspecified; atomic difference: 2C,4H,1O|2C,4H,1O|2C,4H,1O|2H,3N) [M+H]+
55058	559.716617563553	8.974281	87	55058.0	"""Candidate Trihydroxylated bile acid (delta mass 151.0451; sirius atomic difference: 8C, 9H, 1N, 1S; buddy atomic difference: 8C, 9H, 1N, 1S)"""
55066	560.0515306649985	8.974455	-1	55066.0	Suspect related to Spectral Match to Decaethylene glycol from NIST14 (predicted molecular formula SIRIUS: unknown / BUDDY: unknown) with delta m/z 102.031 (putative explanation: unspecified; atomic difference: unspecified) [M+H]+
55110	466.29283736616367	8.976643	148	55110.0	Suspect related to 1-Stearoyl-2-hydroxy-sn-glycero-3-phosphoethanolamine (predicted molecular formula SIRIUS: C22H44NO7P / BUDDY: C29H39NO4) with delta m/z -16.031 (putative explanation: Leu/Ile->Pro substitution; atomic difference: -1C,-4H) [M+H]+
55146	545.0412209629843	8.978168	39		
55129	542.3249731930704	8.978886	-1	55129.0	Suspect related to 1-Oleoyl-sn-glycero-3-phosphocholine (predicted molecular formula SIRIUS: C28H48NO7P / BUDDY: C28H48NO7P) with delta m/z 19.969 (putative explanation: unspecified; atomic difference: unspecified) [M+H]+
55160	199.12590165976192	8.979352	-1		
55127	427.3136950480998	8.982477	-1		
55016	681.4519127612792	8.982468	-1		
54872	681.2010386964674	8.984183	-1		
55229	284.3313478085463	8.9847145	92		
54796	872.9059420104041	8.985542	-1		
55104	670.1945012999448	8.987038	-1		
55050	476.2753827956485	8.987243	439	55050.0	Spectral Match to 1-Palmitoyl-2-hydroxy-sn-glycero-3-phosphoethanolamine from NIST14
55224	786.4346685552966	8.989306	-1		
55130	659.438987093762	8.990184	1620		
55162	659.1880450579267	8.990496	1620		
55158	648.4347480447475	8.990884	-1		
55304	528.4106160422939	8.991061	109		
55212	704.5154079259346	8.991579	109		
55163	792.5673323683609	8.991579	-1		
55195	647.9305487880192	8.993023	-1	55195.0	Suspect related to Spectral Match to Undecaethylene glycol from NIST14 (predicted molecular formula SIRIUS: unknown / BUDDY: unknown) with delta m/z 146.058 (putative explanation: Fucose; atomic difference: 6C,10H,4O) [M+H]+
55205	648.1813031668314	8.993918	-1	55205.0	Suspect related to Spectral Match to Undecaethylene glycol from NIST14 (predicted molecular formula SIRIUS: unknown / BUDDY: unknown) with delta m/z 146.058 (putative explanation: Fucose; atomic difference: 6C,10H,4O) [M+H]+
55223	637.1746496181565	8.996077	-1	55223.0	Suspect related to Spectral Match to Undecaethylene glycol from NIST14 (predicted molecular formula SIRIUS: unknown / BUDDY: unknown) with delta m/z 133.111 (putative explanation: unspecified; atomic difference: unspecified) [M+H]+
55210	636.9239293301017	8.996153	-1		
55232	637.4258633447276	8.997645	21	55232.0	Suspect related to Spectral Match to Undecaethylene glycol from NIST14 (predicted molecular formula SIRIUS: unknown / BUDDY: unknown) with delta m/z 133.111 (putative explanation: unspecified; atomic difference: unspecified) [M+H]+
54970	829.2139777229172	8.998367	-1		
55048	372.3466666430858	8.9987	-1		
55264	626.4191733260581	8.998871	-1		
55255	626.168119881977	8.999099	-1		
55246	625.9172717782275	8.999217	-1		
55286	615.4121796512073	9.002429	-1		
55126	813.8698314630176	9.002507	-1		
55281	614.9107427577925	9.002666	-1		
55278	615.1615087401011	9.002676	-1		
55184	814.2039399663003	9.002961	-1		
55297	603.9040960278902	9.00562	59		
55299	604.1547933930925	9.00589	-1		
55280	604.4061782695378	9.006123	59		
55176	799.8629734603045	9.006349	-1		
55241	799.5289738892991	9.006465	-1		
55320	587.365998619322	9.006751	-1		
55335	352.30518693475096	9.009026	1194	55335.0	Suspect related to Massbank:AU406506 3,6,9,12-Tetraoxatetracosan-1-ol|Tetraethylene glycol monododecyl ether|2-[2-[2-(2-dodecoxyethoxy)ethoxy]ethoxy]ethanol (predicted molecular formula SIRIUS: C18H38O5 / BUDDY: C19H37N5O) with delta m/z -11.004 (putative explanation: unspecified; atomic difference: unspecified) [M+H]+
55259	396.3317609397193	9.009026	1194	55259.0	Suspect related to 3,6,9,12,15-Pentaoxaheptacosan-1-ol, hydrogen sulfate (predicted molecular formula SIRIUS: unknown / BUDDY: unknown) with delta m/z -107.988 (putative explanation: unspecified; atomic difference: unspecified) [M+NH4]+
55069	440.3579286808032	9.009026	-1	55069.0	Suspect related to 3,6,9,12,15-Pentaoxaheptacosan-1-ol, hydrogen sulfate (predicted molecular formula SIRIUS: unknown / BUDDY: unknown) with delta m/z -65.938 (putative explanation: unspecified; atomic difference: unspecified) [M+NH4]+
55018	484.3843337435141	9.009026	-1		
55282	572.4367096088249	9.009026	109	55282.0	Suspect related to 2-Linoleoyl-1-palmitoyl-sn-glycero-3-phosphoethanolamine (predicted molecular formula SIRIUS: unknown / BUDDY: C39H70NO8P) with delta m/z -4.031 (putative explanation: x2 reduction (reverse); atomic difference: -4H) [M-C2H8NO4P+H]+
55269	616.4627338787714	9.009026	550		
55238	660.4888298314194	9.009026	109		
55322	593.1483194344058	9.009052	-1	55322.0	Suspect related to Spectral Match to Decaethylene glycol from NIST14 (predicted molecular formula SIRIUS: unknown / BUDDY: unknown) with delta m/z 133.111 (putative explanation: unspecified; atomic difference: unspecified) [M+H]+
55333	592.8975431916464	9.009648	-1	55333.0	Suspect related to Spectral Match to Decaethylene glycol from NIST14 (predicted molecular formula SIRIUS: unknown / BUDDY: unknown) with delta m/z 133.111 (putative explanation: unspecified; atomic difference: unspecified) [M+H]+
55285	784.8532807285918	9.00989	-1		
55336	414.22708349485816	9.011703	337	55336.0	Suspect related to NCGC00385123-01_C22H30O6_7b,9-Dihydroxy-3-(hydroxymethyl)-1,1,6,8-tetramethyl-5-oxo-1,1a,1b,4,4a,5,7a,7b,8,9-decahydro-9aH-cyclopropa[3,4]benzo[1,2-e]azulen-9a-yl acetate (predicted molecular formula SIRIUS: unknown / BUDDY: C17H27NO8) with delta m/z -17.038 (putative explanation: deuterated methyl ester (reverse); atomic difference: -1C,1H,-3H[2]) [M+C2H3N+H]+
55430	353.3520888431798	9.012411	92		
55352	582.1417412567597	9.012823	393		
55353	581.8909350897301	9.012993	-1		
55331	770.1777807565252	9.013474	-1		
55356	543.3399612091793	9.014892	356		
55368	571.1352897684685	9.016244	68		
55374	571.3860294128212	9.016319	59		
55369	570.8843756245303	9.0166645	-1		
55362	755.502350202874	9.017219	-1		
55367	755.1678501661617	9.017474	1017		
55376	326.37768449347595	9.019726	-1		
55398	559.877845041547	9.020127	-1		
55386	740.826843570039	9.020401	-1	55386.0	Suspect related to Spectral Match to Undecaethylene glycol from NIST14 (predicted molecular formula SIRIUS: unknown / BUDDY: unknown) with delta m/z 237.158 (putative explanation: unspecified; atomic difference: unspecified) [M+H]+
55252	560.3794328190417	9.021176	429	55252.0	Suspect related to Spectral Match to Decaethylene glycol from NIST14 (predicted molecular formula SIRIUS: unknown / BUDDY: unknown) with delta m/z 102.031 (putative explanation: unspecified; atomic difference: unspecified) [M+H]+
55393	741.1609764072592	9.021398	-1		
55394	560.1286083195508	9.022137	68	55394.0	Suspect related to Spectral Match to Decaethylene glycol from NIST14 (predicted molecular formula SIRIUS: unknown / BUDDY: unknown) with delta m/z 102.031 (putative explanation: unspecified; atomic difference: unspecified) [M+H]+
55395	740.4928675082357	9.022296	-1	55395.0	Suspect related to Spectral Match to Undecaethylene glycol from NIST14 (predicted molecular formula SIRIUS: unknown / BUDDY: unknown) with delta m/z 237.158 (putative explanation: unspecified; atomic difference: unspecified) [M+H]+
55416	548.8712967256859	9.024009	393	55416.0	"""Candidate Trihydroxylated bile acid (delta mass 138.0613; sirius atomic difference: 6C, 2H, 8N, -3O; buddy atomic difference: 5C, 6H, 4N, 1O)"""
55220	549.3729752338837	9.0241165	393	55220.0	Suspect related to Spectral Match to Decaethylene glycol from NIST14 (predicted molecular formula SIRIUS: unknown / BUDDY: unknown) with delta m/z 89.084 (putative explanation: unspecified; atomic difference: unspecified) [M+H]+
55409	725.8169036203881	9.024229	393		
55414	549.1220719167219	9.024314	68	55414.0	"""Candidate Trihydroxylated bile acid (delta mass 138.0613; sirius atomic difference: 6C, 2H, 8N, -3O; buddy atomic difference: 5C, 6H, 4N, 1O)"""
55412	726.1512821915491	9.0247135	68		
55447	537.8647646951543	9.027588	210		
55439	538.1155589716935	9.027628	393	55439.0	Candidate Trihydroxylated bile acid (delta mass 128.3833)
55370	1057.6950667979934	9.027985	-1		
55441	711.1415115675065	9.028238	-1		
55446	711.475995161092	9.02858	393		
55388	1058.196956442164	9.028578	-1		
55480	527.1090112545738	9.030824	393	55480.0	Candidate Trihydroxylated bile acid (delta mass 119.5451)
55413	399.2502413479712	9.030937	-1	55413.0	Suspect related to Tris(2-butoxyethyl) phosphate (predicted molecular formula SIRIUS: C16H38N3O6P / BUDDY: C18H33N5O5) with delta m/z 1.003 (putative explanation: C isotope; atomic difference: (13)C) [M+H]+
55484	526.8582360838293	9.03093	393	55484.0	Candidate Trihydroxylated bile acid (delta mass 119.5451)
55467	696.4661024646742	9.031182	-1	55467.0	Suspect related to Spectral Match to Undecaethylene glycol from NIST14 (predicted molecular formula SIRIUS: unknown / BUDDY: unknown) with delta m/z 193.132 (putative explanation: unspecified; atomic difference: unspecified) [M+H]+
55470	696.8005249151569	9.0314	68	55470.0	Suspect related to Spectral Match to Undecaethylene glycol from NIST14 (predicted molecular formula SIRIUS: unknown / BUDDY: unknown) with delta m/z 193.132 (putative explanation: unspecified; atomic difference: unspecified) [M+H]+
55468	697.1348436146791	9.031561	-1		
55418	1035.6823804000378	9.032035	-1		
55505	642.425149388363	9.033698	-1		
55514	516.1024864158412	9.033731	393	55514.0	Suspect related to Spectral Match to Undecaethylene glycol from NIST14 (predicted molecular formula SIRIUS: unknown / BUDDY: unknown) with delta m/z 13.979 (putative explanation: Thr->Asp substitution|Tryptophan oxidation to oxolactone|aldehyde and ketone modifications|hydroxylation difference carboxylation|proline oxidation to pyroglutamic acid|Oxidation, epoxidation; atomic difference: -2H,1O|-2H,1O|-2H,1O|-2H,1O|-2H,1O|1O,-2H) [M+H]+
55520	515.8517073874633	9.03377	-1	55520.0	Suspect related to Spectral Match to Undecaethylene glycol from NIST14 (predicted molecular formula SIRIUS: unknown / BUDDY: unknown) with delta m/z 13.979 (putative explanation: Thr->Asp substitution|Tryptophan oxidation to oxolactone|aldehyde and ketone modifications|hydroxylation difference carboxylation|proline oxidation to pyroglutamic acid|Oxidation, epoxidation; atomic difference: -2H,1O|-2H,1O|-2H,1O|-2H,1O|-2H,1O|1O,-2H) [M+H]+
55497	681.7906501011926	9.034953	-1		
55501	682.1250983722483	9.03531	68	55501.0	Suspect related to 3,6,9,12,15-Pentaoxaheptacosan-1-ol, hydrogen sulfate (predicted molecular formula SIRIUS: unknown / BUDDY: unknown) with delta m/z 176.104 (putative explanation: PEG repeat unit x4; atomic difference: 8C,16H,4O) [M+NH4]+
55472	1014.170802246507	9.035726	-1		
55525	516.3533947022062	9.036262	-1		
55524	667.1152939005267	9.038818	393		
55526	667.4497011029835	9.038826	68		
55509	992.1580691320374	9.03897	-1		
55499	991.6560747096852	9.039532	-1		
55451	607.6560207412424	9.040593	429	55451.0	Suspect related to Spectral Match to Decaethylene glycol from NIST14 (predicted molecular formula SIRIUS: unknown / BUDDY: unknown) with delta m/z 149.105 (putative explanation: unspecified; atomic difference: unspecified) [M+H]+
55549	652.7743273870069	9.042545	393	55549.0	Suspect related to Spectral Match to Undecaethylene glycol from NIST14 (predicted molecular formula SIRIUS: unknown / BUDDY: unknown) with delta m/z 149.105 (putative explanation: unspecified; atomic difference: unspecified) [M+H]+
55177	652.4399375787802	9.042647	68	55177.0	Suspect related to Spectral Match to Undecaethylene glycol from NIST14 (predicted molecular formula SIRIUS: unknown / BUDDY: unknown) with delta m/z 149.105 (putative explanation: unspecified; atomic difference: unspecified) [M+H]+
55557	970.1445970128768	9.043386	-1		
55535	969.6431587870508	9.043856	-1		
55561	664.4908190695105	9.044132	148	55561.0	Suspect related to Spectral Match to 1-Myristoyl-2-hydroxy-sn-glycero-3-phosphoethanolamine from NIST14 (predicted molecular formula SIRIUS: C35H70NO8P / BUDDY: C35H70NO8P) with delta m/z 238.23 (putative explanation: Palmitoylation; atomic difference: 16C,30H,1O) [M+H]+
55582	598.3985199477856	9.044198	-1		
55581	637.7645570385058	9.046881	68	55581.0	Suspect related to Spectral Match to Undecaethylene glycol from NIST14 (predicted molecular formula SIRIUS: unknown / BUDDY: unknown) with delta m/z 133.111 (putative explanation: unspecified; atomic difference: unspecified) [M+H]+
55583	638.0990183531345	9.046885	393	55583.0	Suspect related to Spectral Match to Undecaethylene glycol from NIST14 (predicted molecular formula SIRIUS: unknown / BUDDY: unknown) with delta m/z 133.111 (putative explanation: unspecified; atomic difference: unspecified) [M+H]+
55572	947.6301230546902	9.047471	-1		
55569	948.131611284885	9.0475025	44		
55616	583.7228743845635	9.047554	-1		
55615	623.0892100306035	9.050333	393		
55576	926.1187112528238	9.050382	-1		
55619	623.4235735113808	9.050488	68		
55645	569.0475567372561	9.050896	-1		
55597	925.6169964314688	9.051116	-1		
56212	676.4405210818655	9.052117	-1		
55608	376.320683443419	9.05265	-1	55608.0	"""Candidate Monohydroxylated bile acid (delta mass -0.9837; sirius atomic difference: 1H, 1N, -1O; buddy atomic difference: 1H, 1N, -1O)"""
55663	434.3225099095595	9.053375	375	55663.0	Suspect related to Spectral Match to Nonaethylene glycol from NIST14 (predicted molecular formula SIRIUS: unknown / BUDDY: unknown) with delta m/z 18.028 (putative explanation: Glu->Phe substitution; atomic difference: 4C,2H,-2O) [M+H]+
55968	454.2924043376972	9.054211	148	55968.0	Suspect related to 2-hydroxy-3-(2-hydroxyacetoxy)propyl palmitate (predicted molecular formula SIRIUS: C28H41NO5 / BUDDY: C28H41NO5) with delta m/z -12.985 (putative explanation: unspecified; atomic difference: unspecified) [M-H2O+H]+
55649	608.4137670578572	9.054328	68	55649.0	Suspect related to Spectral Match to Decaethylene glycol from NIST14 (predicted molecular formula SIRIUS: unknown / BUDDY: unknown) with delta m/z 149.105 (putative explanation: unspecified; atomic difference: unspecified) [M+H]+
55659	608.7482181329985	9.054378	393	55659.0	Suspect related to Spectral Match to Decaethylene glycol from NIST14 (predicted molecular formula SIRIUS: unknown / BUDDY: unknown) with delta m/z 149.105 (putative explanation: unspecified; atomic difference: unspecified) [M+H]+
55676	554.3723048650451	9.054648	-1		
55646	904.1056452564536	9.054667	-1		
55644	903.6039359705989	9.054921	-1		
55689	593.7384951230609	9.058102	393	55689.0	Suspect related to Spectral Match to Decaethylene glycol from NIST14 (predicted molecular formula SIRIUS: unknown / BUDDY: unknown) with delta m/z 133.111 (putative explanation: unspecified; atomic difference: unspecified) [M+H]+
55702	539.696754034154	9.058161	-1		
55694	594.0729081247529	9.058278	68	55694.0	Suspect related to Spectral Match to Decaethylene glycol from NIST14 (predicted molecular formula SIRIUS: unknown / BUDDY: unknown) with delta m/z 133.111 (putative explanation: unspecified; atomic difference: unspecified) [M+H]+
55685	882.0925433188896	9.0583315	-1		
55673	594.7414500801516	9.05854	-1	55673.0	"""Candidate Trihydroxylated bile acid (delta mass 187.083; sirius atomic difference: 8C, 13H, 1N, 4O; buddy atomic difference: 8C, 13H, 1N, 4O)"""
55687	881.5910596889593	9.058863	1093		
55714	579.0631073441416	9.062268	68	55714.0	"""Candidate Trihydroxylated bile acid (delta mass 168.0727; sirius atomic difference: 9C, 12H, 3O; buddy atomic difference: 8C, 12H, 2N, 1S)"""
55732	525.0213443271342	9.0623255	-1		
55715	579.3975051160212	9.0624695	-1		
55713	860.079266300946	9.062725	-1		
55739	525.356080545029	9.062829	-1		
55710	859.5777737361707	9.0630665	-1		
55756	510.3457846829692	9.065668	-1		
55708	282.2787225483063	9.066058	905	55708.0	Suspect related to Spectral Match to Elaidic acid from NIST14 (predicted molecular formula SIRIUS: unknown / BUDDY: unknown) with delta m/z -0.984 (putative explanation: Amidation|Asp->Asn substitution|Glu->Gln substitution; atomic difference: 1H,1N,-1O|1H,1N,-1O|1H,1N,-1O) [M+H]+
55677	300.2892654464948	9.066058	905	55677.0	Suspect related to Spectral Match to N-Cyclohexanecarbonylpentadecylamine from NIST14 (predicted molecular formula SIRIUS: C18H37NO2 / BUDDY: C18H37NO2) with delta m/z -38.053 (putative explanation: unspecified; atomic difference: unspecified) [M+H]+
55720	762.5566065285468	9.066058	-1		
55743	564.7222056460606	9.066649	-1		
55746	564.3875675843094	9.066716	68		
55731	838.0662525073371	9.066697	-1		
55730	837.5644794872542	9.067173	-1		
55944	815.699206290643	9.067193	-1		
55785	550.0468486280457	9.071044	68	55785.0	Suspect related to Spectral Match to Decaethylene glycol from NIST14 (predicted molecular formula SIRIUS: unknown / BUDDY: unknown) with delta m/z 89.084 (putative explanation: unspecified; atomic difference: unspecified) [M+H]+
55781	734.4885506187532	9.0712185	-1		
55790	549.712372565677	9.071251	-1	55790.0	Suspect related to Spectral Match to Decaethylene glycol from NIST14 (predicted molecular formula SIRIUS: unknown / BUDDY: unknown) with delta m/z 89.084 (putative explanation: unspecified; atomic difference: unspecified) [M+H]+
55799	816.0530913909267	9.071427	846		
55801	550.3811757653809	9.07162	-1	55801.0	Suspect related to Spectral Match to Undecaethylene glycol from NIST14 (predicted molecular formula SIRIUS: C23H48O13 / BUDDY: C30H47NO8) with delta m/z 47.036 (putative explanation: unspecified; atomic difference: 1C,5H,1N,1O) [M+H]+
55776	815.5517081703666	9.071673	846		
55814	712.4767159707097	9.073457	-1		
55774	674.5042031657171	9.074083	-1		
55757	718.5302645989991	9.074083	-1	55757.0	"""Candidate Monohydroxylated bile acid (delta mass 340.1571; sirius atomic difference: 10C, 24H, 6N, 7O; buddy atomic difference: 21C, 24H, 4O)"""
55813	668.4508854105395	9.074099	-1		
55817	535.3713860177846	9.075681	393	55817.0	Candidate Trihydroxylated bile acid (delta mass 127.532)
55633	371.1623656032166	9.0758095	-1		
55808	793.5383384449543	9.076007	-1		
55818	535.0370840179838	9.076043	-1	55818.0	Candidate Trihydroxylated bile acid (delta mass 127.532)
55820	794.0399540448383	9.076099	-1		
55341	502.2900621358639	9.077737	-1		
55836	690.4616126030318	9.078983	-1		
55851	520.696127112387	9.080038	-1	55851.0	Suspect related to Spectral Match to Undecaethylene glycol from NIST14 (predicted molecular formula SIRIUS: C18H45N7O10 / BUDDY: C29H45NO7) with delta m/z 17.017 (putative explanation: unspecified; atomic difference: unspecified) [M+H]+
55854	520.3616469083225	9.0803995	87	55854.0	Suspect related to Spectral Match to Hexaethylene glycol from NIST14 (predicted molecular formula SIRIUS: C22H46O12 / BUDDY: C23H45N5O8) with delta m/z 237.158 (putative explanation: unspecified; atomic difference: unspecified) [M+H]+
55841	771.5254073349374	9.080475	-1		
55843	586.4520388832558	9.082885	109	55843.0	Suspect related to Decaethylene glycol tridecyl ether (predicted molecular formula SIRIUS: unknown / BUDDY: unknown) with delta m/z -57.01 (putative explanation: nan (reverse); atomic difference: -1C,-1H,-2N,-1O) [M+H]+
55810	630.4780224468934	9.082885	109	55810.0	Suspect related to Decaethylene glycol tridecyl ether (predicted molecular formula SIRIUS: unknown / BUDDY: unknown) with delta m/z -12.985 (putative explanation: unspecified; atomic difference: unspecified) [M+H]+
55877	506.0207769202325	9.083987	-1	55877.0	Suspect related to Spectral Match to Decaethylene glycol from NIST14 (predicted molecular formula SIRIUS: unknown / BUDDY: unknown) with delta m/z 45.058 (putative explanation: unspecified; atomic difference: 2C,7H,1N) [M+H]+
55875	505.68637224382894	9.08406	-1	55875.0	Suspect related to Spectral Match to Decaethylene glycol from NIST14 (predicted molecular formula SIRIUS: unknown / BUDDY: unknown) with delta m/z 45.058 (putative explanation: unspecified; atomic difference: 2C,7H,1N) [M+H]+
55863	749.5123014778324	9.084736	1093		
55844	624.4247134927484	9.085597	-1		
55869	646.4367543055173	9.086355	-1		
55909	491.0107704930536	9.087688	-1		
55910	491.34499255734977	9.087858	-1		
55890	430.3885490220741	9.08862	148		
55667	480.3077590824549	9.089265	148	55667.0	Spectral Match to 1-(9Z-Octadecenoyl)-sn-glycero-3-phosphoethanolamine from NIST14
55904	727.499328049117	9.089266	1430		
55903	624.925086192437	9.090504	-1		
55916	454.37343661758	9.0906315	-1	55916.0	Suspect related to Spectral Match to Nonaethylene glycol from NIST14 (predicted molecular formula SIRIUS: unknown / BUDDY: unknown) with delta m/z 40.016 (putative explanation: unspecified; atomic difference: 2C,2H,1N) [M+H]+
55889	498.3996971112816	9.0906315	109		
55870	542.4260428301637	9.0906315	109		
55920	705.4855547797036	9.093399	-1		
55908	602.4105917201257	9.094489	-1		
55872	580.3982606171678	9.096021	-1		
55956	199.12578225451435	9.096699	-1		
55926	673.6979945165828	9.096789	-1		
56093	476.3354662404933	9.097382	42	56093.0	Suspect related to glycolithocholic acid (predicted molecular formula SIRIUS: C32H45NO2 / BUDDY: C32H45NO2) with delta m/z 42.021 (putative explanation: Guanidination|amidino|unspecified; atomic difference: 1C,2H,2N|1C,2H,2N|1C,2H,2N) [M+H]+
55949	683.4730242602151	9.097833	-1		
55987	691.4622105622092	9.098492	-1		
56099	366.320945228005	9.10167	-1		
56025	410.34724609337934	9.10167	-1		
55966	661.4599915260276	9.10253	-1		
55955	558.3847200087673	9.102931	-1		
55960	651.6846432417462	9.10297	-1		
55969	640.6783218594962	9.105006	393		
55986	651.4339116221329	9.105782	-1		
55993	536.3717514833937	9.106028	-1		
55992	639.4470397808835	9.106949	585		
55996	629.6716484023074	9.107111	393		
56005	618.6651165000878	9.109471	68		
55997	629.4213062733999	9.110368	-1		
55977	514.3582905774828	9.110659	-1		
56034	617.9355658466392	9.111792	391		
56014	617.4338238668424	9.111913	747		
56022	618.9145866850401	9.113685	-1		
56031	607.4078134776105	9.114081	-1	56031.0	Suspect related to Spectral Match to Undecaethylene glycol from NIST14 (predicted molecular formula SIRIUS: unknown / BUDDY: unknown) with delta m/z 105.079 (putative explanation: unspecified; atomic difference: unspecified) [M+H]+
56030	492.3450746872279	9.1144285	-1		
56036	607.6585360794866	9.114766	429	56036.0	Suspect related to Spectral Match to Undecaethylene glycol from NIST14 (predicted molecular formula SIRIUS: unknown / BUDDY: unknown) with delta m/z 105.079 (putative explanation: unspecified; atomic difference: unspecified) [M+H]+
55945	804.1999150751623	9.11598	-1		
56055	596.6520511351248	9.1166725	59	56055.0	"""Candidate Trihydroxylated bile acid (delta mass 187.083; sirius atomic difference: 8C, 13H, 1N, 4O; buddy atomic difference: 8C, 13H, 1N, 4O)"""
56094	595.9224844727465	9.116696	-1	56094.0	"""Candidate Trihydroxylated bile acid (delta mass 187.083; sirius atomic difference: 8C, 13H, 1N, 4O; buddy atomic difference: 8C, 13H, 1N, 4O)"""
56048	595.4209424723902	9.117003	-1	56048.0	"""Candidate Trihydroxylated bile acid (delta mass 187.083; sirius atomic difference: 8C, 13H, 1N, 4O; buddy atomic difference: 8C, 13H, 1N, 4O)"""
56072	596.3997253392195	9.11924	59	56072.0	"""Candidate Trihydroxylated bile acid (delta mass 187.083; sirius atomic difference: 8C, 13H, 1N, 4O; buddy atomic difference: 8C, 13H, 1N, 4O)"""
56078	585.6455597784286	9.119275	68		
56082	585.3947507249343	9.119669	393		
56011	789.524707613845	9.120554	-1		
56074	573.4076983111046	9.121488	747	56074.0	Suspect related to 3,6,9,12,15-Pentaoxanonacosan-1-ol, hydrogen sulfate (predicted molecular formula SIRIUS: unknown / BUDDY: unknown) with delta m/z 43.005 (putative explanation: Ala->Asn substitution|Carbamylation; atomic difference: 1C,1H,1N,1O|1C,1H,1N,1O) [M+NH4]+
56073	618.4134742114346	9.122376	391		
56098	574.6390093661124	9.122444	68		
55984	1130.7420963973086	9.122473	-1		
56075	774.8494755219889	9.124064	-1		
55973	1131.2436505011192	9.125243	-1		
56114	563.6323772432401	9.125319	68		
56116	563.3816572134491	9.125651	-1		
56102	551.3948507155139	9.126771	-1		
56092	760.5083956372071	9.1267605	-1		
56095	760.173997577514	9.126806	-1		
56125	574.3870203055864	9.126974	-1		
56135	552.6258996072163	9.1289425	68		
56061	790.5515049925209	9.128977	-1		
55606	1108.7287599759943	9.128949	-1		
56121	745.498348236767	9.12946	-1	56121.0	Suspect related to Undecaethylene glycol tridecyl ether (predicted molecular formula SIRIUS: unknown / BUDDY: unknown) with delta m/z 58.042 (putative explanation: unspecified|PPG repeat unit|Reduced acrolein addition +58; atomic difference: 1C,4H,3N|3C,6H,1O|3C,6H,1O) [M+H]+
56111	403.24798221711865	9.129663	866		
56122	745.1641058358385	9.130038	-1	56122.0	Suspect related to Undecaethylene glycol tridecyl ether (predicted molecular formula SIRIUS: unknown / BUDDY: unknown) with delta m/z 58.042 (putative explanation: unspecified|PPG repeat unit|Reduced acrolein addition +58; atomic difference: 1C,4H,3N|3C,6H,1O|3C,6H,1O) [M+H]+
56152	552.373922427478	9.13054	68		
56138	529.3815868731253	9.130906	-1	56138.0	Candidate Trihydroxylated bile acid (delta mass 119.5451)
56065	746.5251219375299	9.132196	-1		
56158	541.6194259297714	9.132388	393		
56157	541.3685470481149	9.132774	-1		
56146	730.8230875260953	9.132865	68		
56145	730.4884224192381	9.133296	68		
56064	1086.715425329847	9.134505	-1		
56170	702.4994726476144	9.135583	-1		
56166	715.813311104464	9.135627	-1		
56168	716.1475893551199	9.135679	68		
56189	530.6127957240652	9.136234	-1	56189.0	Candidate Trihydroxylated bile acid (delta mass 119.5451)
56172	507.3686040798357	9.136312	-1	56172.0	Suspect related to Spectral Match to Undecaethylene glycol from NIST14 (predicted molecular formula SIRIUS: C25H45O10 / BUDDY: C28H43NO7) with delta m/z 2.999 (putative explanation: unspecified; atomic difference: unspecified) [M+H]+
56197	658.4748842411313	9.136518	285		
56188	701.137786247278	9.138632	-1	56188.0	Suspect related to Spectral Match to Decaethylene glycol tridecyl ether from NIST14 (predicted molecular formula SIRIUS: unknown / BUDDY: unknown) with delta m/z 58.042 (putative explanation: unspecified|PPG repeat unit|Reduced acrolein addition +58; atomic difference: 1C,4H,3N|3C,6H,1O|3C,6H,1O) [M+H]+
56191	701.4721777996967	9.138668	68	56191.0	Suspect related to Spectral Match to Decaethylene glycol tridecyl ether from NIST14 (predicted molecular formula SIRIUS: unknown / BUDDY: unknown) with delta m/z 58.042 (putative explanation: unspecified|PPG repeat unit|Reduced acrolein addition +58; atomic difference: 1C,4H,3N|3C,6H,1O|3C,6H,1O) [M+H]+
56106	1064.702702526467	9.13914	-1		
56180	588.7291330098271	9.139399	-1		
56300	600.1539769004347	9.139402	-1		
56193	588.3954516947211	9.140129	-1		
56204	614.4483087921186	9.1401615	-1		
56203	485.3556855728912	9.140688	-1		
56224	530.3606766721446	9.141339	-1	56224.0	Candidate Trihydroxylated bile acid (delta mass 119.5451)
56210	686.4623769493355	9.141348	-1		
56215	686.796849422161	9.141609	68		
56293	589.1476814744732	9.141784	-1		
56213	570.4215369081506	9.142322	285		
56226	526.3947503639615	9.144022	-1		
56013	1043.191891177131	9.144031	-1		
56232	672.1214386765378	9.144605	68		
56234	671.7870344152944	9.144801	-1		
56185	1042.689610567095	9.145177	-1		
56219	482.3683876659237	9.145292	-1		
56222	438.34214420611744	9.145865	1405		
56239	463.342398677224	9.1460705	-1	56239.0	"""Candidate Tetrahydroxylated bile acid (delta mass 39.0099; sirius atomic difference: 2C, 1H, 1N; buddy atomic difference: 2C, 1H, 1N)"""
56220	1020.6771366518236	9.1474285	-1		
56245	657.1116214122558	9.147742	393	56245.0	Suspect related to Undecaethylene glycol tridecyl ether (predicted molecular formula SIRIUS: unknown / BUDDY: unknown) with delta m/z -30.01 (putative explanation: Decarboxylation|Demethoxylation|Proline oxidation to pyrrolidinone|Ser->Gly substitution|Thr->Ala substitution; atomic difference: -1C,-2H,-1O|-1C,-2H,-1O|-1C,-2H,-1O|-1C,-2H,-1O|-1C,-2H,-1O) [M+H]+
56249	657.4461507684731	9.14824	68	56249.0	Suspect related to Undecaethylene glycol tridecyl ether (predicted molecular formula SIRIUS: unknown / BUDDY: unknown) with delta m/z -30.01 (putative explanation: Decarboxylation|Demethoxylation|Proline oxidation to pyrrolidinone|Ser->Gly substitution|Thr->Ala substitution; atomic difference: -1C,-2H,-1O|-1C,-2H,-1O|-1C,-2H,-1O|-1C,-2H,-1O|-1C,-2H,-1O) [M+H]+
55763	999.1654252025216	9.151425	436		
56271	642.4361600953109	9.151502	-1		
56240	998.6633286645624	9.151637	-1		
56276	642.7707468467539	9.151718	68	56276.0	Suspect related to Undecaethylene glycol tridecyl ether (predicted molecular formula SIRIUS: unknown / BUDDY: unknown) with delta m/z -44.016 (putative explanation: nan (reverse)|heavy acetylation (reverse); atomic difference: -1C,-2H,-1N,-1O|-2C[13],-2H,-1O) [M+H]+
56279	643.1051019610167	9.152175	59	56279.0	Suspect related to Undecaethylene glycol tridecyl ether (predicted molecular formula SIRIUS: unknown / BUDDY: unknown) with delta m/z -44.016 (putative explanation: nan (reverse)|heavy acetylation (reverse); atomic difference: -1C,-2H,-1N,-1O|-2C[13],-2H,-1O) [M+H]+
56277	864.6250908801363	9.153171	109		
55748	977.1525133060244	9.155274	436		
56304	627.7609604506229	9.155321	68		
55760	976.6505697114578	9.15557	-1		
56308	628.0953280742594	9.155623	393		
56295	955.1391863229532	9.158744	446		
56312	954.6371619674336	9.158928	446		
56327	613.4200023036932	9.15926	210	56327.0	Suspect related to Spectral Match to Decaethylene glycol tridecyl ether from NIST14 (predicted molecular formula SIRIUS: unknown / BUDDY: unknown) with delta m/z -30.01 (putative explanation: Decarboxylation|Demethoxylation|Proline oxidation to pyrrolidinone|Ser->Gly substitution|Thr->Ala substitution; atomic difference: -1C,-2H,-1O|-1C,-2H,-1O|-1C,-2H,-1O|-1C,-2H,-1O|-1C,-2H,-1O) [M+H]+
56330	613.0855482100096	9.15975	68	56330.0	Suspect related to Spectral Match to Decaethylene glycol tridecyl ether from NIST14 (predicted molecular formula SIRIUS: unknown / BUDDY: unknown) with delta m/z -30.01 (putative explanation: Decarboxylation|Demethoxylation|Proline oxidation to pyrrolidinone|Ser->Gly substitution|Thr->Ala substitution; atomic difference: -1C,-2H,-1O|-1C,-2H,-1O|-1C,-2H,-1O|-1C,-2H,-1O|-1C,-2H,-1O) [M+H]+
56321	741.4962498391546	9.1603985	-1	56321.0	Suspect related to Spectral Match to Undecaethylene glycol from NIST14 (predicted molecular formula SIRIUS: unknown / BUDDY: unknown) with delta m/z 237.158 (putative explanation: unspecified; atomic difference: unspecified) [M+H]+
56323	932.6244877722016	9.161716	-1		
56331	933.1261473202168	9.161779	-1		
56461	705.8076653096758	9.162082	-1		
56364	732.545630023977	9.162233	109	56364.0	Suspect related to p-tert-Octylphenol decaglycol ether (predicted molecular formula SIRIUS: unknown / BUDDY: unknown) with delta m/z 86.036 (putative explanation: 2-hydroxyisobutyrylation|Michael addition of hydroxymethylvinyl ketone to cysteine|transamidation of glycine ethyl ester to glutamine; atomic difference: 4C,6H,2O|4C,6H,2O|4C,6H,2O) [M+H]+
56332	776.5716247380827	9.162233	109		
56316	820.59778703134	9.162233	109		
56347	750.1692228584983	9.162854	-1		
56350	598.7446162482725	9.163715	-1		
56430	720.8174752501978	9.164007	-1		
56348	599.0789070593545	9.1641	59		
56352	598.4102016510168	9.164172	68		
56354	719.483213754351	9.164769	-1		
56353	911.1131141283504	9.165476	-1	56353.0	Suspect related to p-tert-Octylphenol pentadecaglycol ether (predicted molecular formula SIRIUS: unknown / BUDDY: unknown) with delta m/z 44.026 (putative explanation: Ethanolation|Gly->Thr substitution|PEG repeat unit|unspecified; atomic difference: 2C,4H,1O|2C,4H,1O|2C,4H,1O|2H,3N) [M+H]+
56349	910.610618373677	9.166363	-1		
56419	720.4856874147949	9.166527	-1		
56451	556.1293585015624	9.167699	-1		
56455	545.1224111339702	9.168259	-1		
56379	697.4701948898681	9.168693	-1	56379.0	Suspect related to Spectral Match to Undecaethylene glycol from NIST14 (predicted molecular formula SIRIUS: unknown / BUDDY: unknown) with delta m/z 193.132 (putative explanation: unspecified; atomic difference: unspecified) [M+H]+
56388	583.7348614355915	9.168847	68		
56377	889.0999415539734	9.168852	-1		
56391	584.0692559103695	9.168966	-1		
56385	888.5983068282852	9.169356	951		
56417	378.2843504026885	9.171507	-1		
56409	675.4573270511404	9.172474	-1		
56015	867.0867985334902	9.172942	436		
56432	569.3939282260735	9.173052	-1	56432.0	"""Candidate Dihydroxylated bile acid (delta mass 175.0483; sirius atomic difference: 6C, 9H, 1N, 5O; buddy atomic difference: 10C, 9H, 1N, 1S)"""
56363	1094.2242091649982	9.173037	-1		
56434	721.1526175955804	9.173116	-1		
56433	569.0594560080381	9.173288	68	56433.0	"""Candidate Dihydroxylated bile acid (delta mass 175.0483; sirius atomic difference: 6C, 9H, 1N, 5O; buddy atomic difference: 10C, 9H, 1N, 1S)"""
56420	359.29389812547146	9.173436	-1	56420.0	Lithocholic-acid
56405	866.5843535007601	9.173822	-1		
56459	653.4440528559375	9.176295	-1	56459.0	Suspect related to Spectral Match to Undecaethylene glycol from NIST14 (predicted molecular formula SIRIUS: unknown / BUDDY: unknown) with delta m/z 149.105 (putative explanation: unspecified; atomic difference: unspecified) [M+H]+
56457	844.5721784412502	9.17639	-1		
56486	845.0739209531112	9.176445	436		
56466	554.3841549649014	9.177551	68		
56467	555.0528535231314	9.177729	59		
56469	554.7185875241015	9.177989	-1		
56403	688.5195595551193	9.178943	109		
56035	823.0606856442904	9.180057	-1		
56485	631.4308588490969	9.180384	1684		
56494	539.7088021170765	9.181575	68	56494.0	Candidate Trihydroxylated bile acid (delta mass 128.7159)
56497	540.0432752433071	9.182013	-1		
56454	822.5577454706727	9.181999	-1		
56511	801.047577282395	9.182825	436		
56505	800.5461262436097	9.183461	-1		
56506	609.4178589645447	9.183646	-1	56506.0	Suspect related to Spectral Match to Undecaethylene glycol from NIST14 (predicted molecular formula SIRIUS: unknown / BUDDY: unknown) with delta m/z 105.079 (putative explanation: unspecified; atomic difference: unspecified) [M+H]+
56473	600.4673478122227	9.184905	109	56473.0	Suspect related to Decaethylene glycol tridecyl ether (predicted molecular formula SIRIUS: unknown / BUDDY: unknown) with delta m/z -41.015 (putative explanation: nan (reverse); atomic difference: -1C,-1H,-2N) [M+H]+
56438	644.493401623587	9.184905	109		
56509	1027.6838692755932	9.184876	-1		
56488	706.1431721669531	9.185264	68		
56526	525.3678606037159	9.185905	-1		
56527	525.0334644596221	9.186075	119		
56692	676.4591889053657	9.186545	68		
56514	587.404725247704	9.187283	-1		
56581	779.0346950321076	9.187863	-1		
56510	778.5314520289265	9.189174	585		
56583	691.4676517848643	9.18944	-1		
56559	510.3581731242277	9.189848	-1		
56566	510.6924466759089	9.190264	-1		
56548	565.3920156507517	9.190607	1684		
56568	757.0215240776081	9.190767	-1		
56551	756.5199238246134	9.19084	585		
56499	556.4413095721495	9.192205	109	56499.0	Suspect related to Decaethylene glycol tridecyl ether (predicted molecular formula SIRIUS: unknown / BUDDY: unknown) with delta m/z -85.042 (putative explanation: unspecified; atomic difference: unspecified) [M+H]+
56580	543.3787820069304	9.1936655	-1		
56593	495.6824435223319	9.1943035	-1		
56666	588.4066273736917	9.194401	68		
56613	735.0085053403636	9.195285	-1	56613.0	Suspect related to p-tert-Octylphenol decaglycol ether (predicted molecular formula SIRIUS: unknown / BUDDY: unknown) with delta m/z 86.036 (putative explanation: 2-hydroxyisobutyrylation|Michael addition of hydroxymethylvinyl ketone to cysteine|transamidation of glycine ethyl ester to glutamine; atomic difference: 4C,6H,2O|4C,6H,2O|4C,6H,2O) [M+H]+
56565	734.5055631875983	9.19646	65		
56596	521.3657123282178	9.196855	-1		
56541	468.3889695308669	9.198322	109	56541.0	histamine-C23:1
56516	512.4152254408563	9.198322	109	56516.0	Suspect related to Massbank:AU406506 3,6,9,12-Tetraoxatetracosan-1-ol|Tetraethylene glycol monododecyl ether|2-[2-[2-(2-dodecoxyethoxy)ethoxy]ethoxy]ethanol (predicted molecular formula SIRIUS: C27H53N5O4 / BUDDY: C27H53N5O4) with delta m/z 149.105 (putative explanation: unspecified; atomic difference: unspecified) [M+H]+
56630	712.9952764861503	9.199025	-1		
56600	712.4936912635234	9.199297	-1		
56570	424.362918471104	9.199449	-1	56570.0	Suspect related to 3,6,9,12,15-Pentaoxaheptacosan-1-ol, hydrogen sulfate (predicted molecular formula SIRIUS: unknown / BUDDY: unknown) with delta m/z -79.957 (putative explanation: O-Sulfonation (reverse); atomic difference: -3O,-1S) [M+NH4]+
56575	662.1170354384228	9.199431	68		
56615	499.35265007880577	9.200741	-1		
56576	661.7828216007483	9.200846	935		
56691	544.3812309779385	9.201346	68		
56629	477.3396891680867	9.203346	-1	56629.0	Suspect related to Spectral Match to Hexaethylene glycol from NIST14 (predicted molecular formula SIRIUS: C21H41N5O7 / BUDDY: C21H41N5O7) with delta m/z 193.132 (putative explanation: unspecified; atomic difference: unspecified) [M+H]+
56621	690.4799054328446	9.203802	-1		
56587	691.133755238261	9.204961	21		
56650	668.4675277103643	9.2074375	1430		
56763	632.4331182799923	9.207628	68		
56542	892.6188776156378	9.207772	-1		
56646	848.5925904236402	9.209201	-1		
56632	961.6444386735736	9.210319	-1		
56624	647.4420855633716	9.210584	-1		
56667	646.4544009890687	9.210897	119		
56633	603.4159687024758	9.211505	-1		
56656	804.5669055529233	9.211741	-1		
56640	939.6312616114062	9.212915	-1		
56686	624.441477926649	9.214296	-1		
56628	618.0912466722677	9.214597	68		
56679	760.5413778369646	9.214797	-1		
56674	319.28384889891174	9.217691	1208	56674.0	Suspect related to Spectral Match to 9(10)-EpOME from NIST14 (predicted molecular formula SIRIUS: C19H36N4O / BUDDY: C19H36N4O) with delta m/z 40.047 (putative explanation: unspecified; atomic difference: unspecified) [M-H2O+H]+
56618	336.3102004863031	9.217691	1208		
56612	363.30964069368616	9.217691	508	56612.0	Massbank:AU406506 3,6,9,12-Tetraoxatetracosan-1-ol|Tetraethylene glycol monododecyl ether|2-[2-[2-(2-dodecoxyethoxy)ethoxy]ethoxy]ethanol
56592	380.3364535175593	9.217691	508	56592.0	Suspect related to Massbank:AU406506 3,6,9,12-Tetraoxatetracosan-1-ol|Tetraethylene glycol monododecyl ether|2-[2-[2-(2-dodecoxyethoxy)ethoxy]ethoxy]ethanol (predicted molecular formula SIRIUS: C20H42O5 / BUDDY: C21H41N5O) with delta m/z 17.027 (putative explanation: replacement of proton with ammonium ion; atomic difference: 3H,1N) [M+H]+
56657	716.5166186619706	9.21794	219		
56712	602.4284068404442	9.218549	585		
56664	672.491234968257	9.2211075	-1		
56710	408.33136091522704	9.221759	-1		
56727	580.4153507157426	9.222227	-1		
56698	452.3590439753253	9.222467	1405		
56681	628.4654644793172	9.22291	219		
56722	496.3839590119194	9.223108	219		
56719	540.4107747849403	9.223126	219		
56694	584.4375774495455	9.22332	219		
56668	917.6183776972764	9.223795	-1		
56792	470.3502961633957	9.224177	-1		
56669	603.0817073209322	9.22521	68		
56683	896.1069367032552	9.226665	-1		
56742	558.4024987890726	9.226891	585	56742.0	"""Candidate Trihydroxylated bile acid (delta mass 151.0451; sirius atomic difference: 8C, 9H, 1N, 1S; buddy atomic difference: 8C, 9H, 1N, 1S)"""
56682	574.065351481857	9.227287	-1	56682.0	Suspect related to 3,6,9,12,15-Pentaoxanonacosan-1-ol, hydrogen sulfate (predicted molecular formula SIRIUS: unknown / BUDDY: unknown) with delta m/z 43.005 (putative explanation: Ala->Asn substitution|Carbamylation; atomic difference: 1C,1H,1N,1O|1C,1H,1N,1O) [M+NH4]+
56818	878.6401064299339	9.227576	-1		
56680	588.7407974266615	9.22775	68		
56704	559.0555140400264	9.230573	68	56704.0	"""Candidate Trihydroxylated bile acid (delta mass 151.0451; sirius atomic difference: 8C, 9H, 1N, 1S; buddy atomic difference: 8C, 9H, 1N, 1S)"""
56693	573.7308387434016	9.230936	68		
56756	536.3894332805738	9.230943	585	56756.0	Candidate Trihydroxylated bile acid (delta mass 128.7159)
56702	874.0937634471682	9.230989	436		
56696	647.1079668948677	9.231773	-1		
56684	895.6055305710776	9.233346	-1		
56767	514.3765010183602	9.234128	-1		
56777	492.3632442766919	9.235361	-1		
56790	922.6663578212288	9.23606	-1		
56720	676.7931320346623	9.236102	68		
56752	966.6923613454892	9.239428	-1		
56723	851.579441290703	9.241674	932		
56716	873.5925514226446	9.242047	65		
56731	940.13362178419	9.244718	-1		
56538	1006.1725394516972	9.249085	-1		
56746	918.1208244917482	9.251458	-1		
56851	746.5610146617155	9.254652	109		
56861	702.5352289413302	9.255839	109		
56840	790.5876208198715	9.255839	109		
56820	682.4653176618332	9.262379	-1		
56974	422.3469716571058	9.263755	-1		
56876	658.5089478567697	9.264048	109	56876.0	Suspect related to Decaethylene glycol tridecyl ether (predicted molecular formula SIRIUS: unknown / BUDDY: unknown) with delta m/z 17.027 (putative explanation: replacement of proton with ammonium ion; atomic difference: 3H,1N) [M+H]+
56859	660.4530241253219	9.26664	1102	56859.0	Suspect related to Decaethylene glycol tridecyl ether (predicted molecular formula SIRIUS: unknown / BUDDY: unknown) with delta m/z 17.027 (putative explanation: replacement of proton with ammonium ion; atomic difference: 3H,1N) [M+H]+
56867	638.438445621409	9.270307	-1		
56914	526.4305306633123	9.272257	109		
56903	570.456773484558	9.273306	109	56903.0	Suspect related to 2-Linoleoyl-1-palmitoyl-sn-glycero-3-phosphoethanolamine (predicted molecular formula SIRIUS: unknown / BUDDY: C39H70NO8P) with delta m/z -4.031 (putative explanation: x2 reduction (reverse); atomic difference: -4H) [M-C2H8NO4P+H]+
56892	614.4829139320382	9.273306	109	56892.0	Suspect related to Spectral Match to Decaethylene glycol tridecyl ether from NIST14 (predicted molecular formula SIRIUS: unknown / BUDDY: unknown) with delta m/z -27.0 (putative explanation: unspecified; atomic difference: unspecified) [M+H]+
56880	616.427523910835	9.274014	1102		
56891	572.4002328985392	9.280268	1102		
56981	466.3734696039739	9.281878	-1		
56904	550.386042602078	9.282692	-1	56904.0	Suspect related to Spectral Match to Undecaethylene glycol from NIST14 (predicted molecular formula SIRIUS: C21H40N8O9 / BUDDY: C30H44O9) with delta m/z 45.985 (putative explanation: Beta-methylthiolation|Gly->Cys substitution; atomic difference: 1C,2H,1S|1C,2H,1S) [M+H]+
56908	528.3755767376401	9.284909	1102		
56894	506.3601422192819	9.287259	-1		
56937	484.34834337535466	9.289198	1102		
56841	906.6344771161343	9.2943535	-1		
56963	730.5291723376306	9.294661	219		
56927	774.5566678137685	9.295979	-1		
56983	686.5045522045855	9.29659	-1		
56994	510.3996581693016	9.296752	-1		
56992	642.4780404196456	9.297623	-1		
56997	554.4254231849724	9.298588	-1		
56999	598.4516493385499	9.299241	219		
56995	217.0142779528381	9.307555	1096		
57275	512.414802932258	9.307669	-1		
56735	515.030064118869	9.3216305	-1	56735.0	"""Candidate Trihydroxylated bile acid (delta mass 107.0151; sirius atomic difference: 2C, 6H, 1N, 2O, 1P; buddy atomic difference: 4C, 1H, 3N, 1O)"""
56967	529.705446594763	9.3226	-1	56967.0	Candidate Trihydroxylated bile acid (delta mass 119.5451)
56721	544.7152744656277	9.32292	-1		
57190	848.6298484097518	9.324756	-1		
57052	720.8196909897213	9.325743	-1		
57065	530.0399255093574	9.32713	-1		
57071	544.3793785227102	9.3286915	-1		
56806	742.0164975832874	9.330648	-1		
57089	653.4625963534697	9.330963	-1	57089.0	Suspect related to Spectral Match to Undecaethylene glycol from NIST14 (predicted molecular formula SIRIUS: unknown / BUDDY: unknown) with delta m/z 149.105 (putative explanation: unspecified; atomic difference: unspecified) [M+H]+
57096	675.4759572987242	9.330975	655		
57093	697.4888248171306	9.331057	-1		
57092	719.5019093955087	9.331083	-1		
57077	697.9904069132201	9.331533	-1		
57099	631.4498823929679	9.331968	-1		
56741	763.5281321097641	9.331975	-1		
57100	741.515121423206	9.333199	65	57100.0	Suspect related to Spectral Match to Undecaethylene glycol from NIST14 (predicted molecular formula SIRIUS: unknown / BUDDY: unknown) with delta m/z 237.158 (putative explanation: unspecified; atomic difference: unspecified) [M+H]+
57044	691.4688653859695	9.3332815	1050		
57102	609.4364867242513	9.3334	1285	57102.0	Suspect related to Spectral Match to Undecaethylene glycol from NIST14 (predicted molecular formula SIRIUS: unknown / BUDDY: unknown) with delta m/z 105.079 (putative explanation: unspecified; atomic difference: unspecified) [M+H]+
56772	785.5413370712597	9.333423	-1		
57106	587.4238531449474	9.333627	-1		
56744	786.0427691149133	9.334346	655	56744.0	Suspect related to Spectral Match to 1-Myristoyl-2-stearoyl-sn-glycero-3-phosphocholine from NIST14 (predicted molecular formula SIRIUS: C47H78O9 / BUDDY: C40H82O14) with delta m/z 53.007 (putative explanation: unspecified; atomic difference: unspecified) [M+H]+
56755	807.5542776281551	9.334486	-1		
57108	559.3908447871981	9.335261	210		
57113	565.4101620337601	9.335431	951		
56751	808.0559709454088	9.3355665	563		
57122	543.3975733179356	9.336134	-1		
57063	706.1441891866231	9.336857	1151		
56750	830.0690920225901	9.337408	-1		
57137	720.0035278048964	9.33749	44		
56743	829.5676645122447	9.33795	664		
57126	521.3841826240513	9.338248	-1	57126.0	Suspect related to Spectral Match to Undecaethylene glycol from NIST14 (predicted molecular formula SIRIUS: C18H45N7O10 / BUDDY: C29H45NO7) with delta m/z 17.017 (putative explanation: unspecified; atomic difference: unspecified) [M+H]+
57143	764.0297314370225	9.340248	1285		
57147	499.3710462327055	9.340446	-1		
57156	477.3580220332784	9.341148	-1	57156.0	Suspect related to Spectral Match to Decaethylene glycol from NIST14 (predicted molecular formula SIRIUS: unknown / BUDDY: unknown) with delta m/z 17.044 (putative explanation: unspecified; atomic difference: unspecified) [M+H]+
57188	892.6560628808165	9.341523	-1		
56873	852.0822354460611	9.341712	-1		
56988	1146.3260807115855	9.341821	135		
57019	1148.3248557886404	9.341821	135	57019.0	Suspect related to Contaminant vial septum ThermoFisher C5000-44B (predicted molecular formula SIRIUS: unknown / BUDDY: C62H54N2O15S2) with delta m/z 446.115 (putative explanation: unspecified; atomic difference: unspecified) [M+NH4]+
57182	936.682241124646	9.345039	-1		
57164	588.4060710707874	9.346736	-1		
57197	804.6043731462369	9.346876	563		
57072	676.4615362955049	9.346942	694		
57128	573.7318226123095	9.353595	217		
56766	617.7578676638842	9.353821	-1		
57107	559.0564167604894	9.354211	210	57107.0	"""Candidate Trihydroxylated bile acid (delta mass 151.0451; sirius atomic difference: 8C, 9H, 1N, 1S; buddy atomic difference: 8C, 9H, 1N, 1S)"""
57335	851.5806250068807	9.354553	-1		
57218	716.5510415302349	9.3547535	109		
57208	760.5771761002928	9.3547535	109		
57130	574.0662004122718	9.356722	-1		
57173	588.7415857760886	9.3583765	-1		
57144	603.0825469878647	9.36073	65		
57294	874.0954847037917	9.360841	-1		
57525	873.5939992840321	9.360916	-1		
57199	603.4169605048772	9.363435	-1		
57307	391.3411047046059	9.364012	-1		
56773	632.7678196799202	9.365592	694		
57401	895.6068356087001	9.366609	44		
57482	510.4358542983727	9.36715	-1		
57331	896.1085488117682	9.367541	-1		
57269	496.42011536744064	9.367835	109	57269.0	Suspect related to Spectral Match to Hexaethylene glycol from NIST14 (predicted molecular formula SIRIUS: C26H54O8 / BUDDY: C26H54O8) with delta m/z 212.213 (putative explanation: unspecified; atomic difference: unspecified) [M+H]+
57309	524.4513879709579	9.367835	-1		
57264	540.446377637111	9.367835	109	57264.0	Suspect related to Decaethylene glycol tridecyl ether (predicted molecular formula SIRIUS: unknown / BUDDY: unknown) with delta m/z -102.068 (putative explanation: unspecified; atomic difference: unspecified) [M+H]+
57285	545.401708395899	9.367835	92		
57248	584.4724266793672	9.367835	109	57248.0	Suspect related to Decaethylene glycol tridecyl ether (predicted molecular formula SIRIUS: unknown / BUDDY: unknown) with delta m/z -57.01 (putative explanation: nan (reverse); atomic difference: -1C,-1H,-2N,-1O) [M+H]+
57231	628.4985120282447	9.367835	109	57231.0	Suspect related to Decaethylene glycol tridecyl ether (predicted molecular formula SIRIUS: unknown / BUDDY: unknown) with delta m/z -12.985 (putative explanation: unspecified; atomic difference: unspecified) [M+H]+
57234	630.5047805399206	9.368196	135	57234.0	Contaminant vial septum ThermoFisher C5000-44B
57226	672.524820337387	9.368196	-1	57226.0	Suspect related to Undecaethylene glycol tridecyl ether (predicted molecular formula SIRIUS: unknown / BUDDY: unknown) with delta m/z -12.985 (putative explanation: unspecified; atomic difference: unspecified) [M+H]+
57230	618.0924817197268	9.371128	-1		
57169	589.0759868124908	9.372226	674		
57140	1221.3445486679288	9.373199	135		
57333	432.38322626636926	9.373914	-1	57333.0	Lithocholyl_Isobutylamine_NCE45
57138	918.121571313104	9.3740015	-1		
57078	1220.344186776574	9.374117	135		
57526	917.6201719016346	9.377276	892		
57318	939.6329555242922	9.379919	-1		
57283	940.1349439950482	9.380102	932		
57444	374.3033978058687	9.381536	-1		
57297	501.37529717407256	9.383465	92		
57391	518.3685456117297	9.38505	-1		
57135	632.4333123621716	9.385338	-1		
57658	1148.3250864185816	9.38667	135	57658.0	Suspect related to Contaminant vial septum ThermoFisher C5000-44B (predicted molecular formula SIRIUS: unknown / BUDDY: C62H54N2O15S2) with delta m/z 446.115 (putative explanation: unspecified; atomic difference: unspecified) [M+NH4]+
57159	961.646396354335	9.386904	-1		
57195	1222.343238007455	9.38982	135		
57473	962.1479950432038	9.39184	-1		
57453	257.0321245010558	9.391926	1096		
57142	647.1089168763235	9.394333	-1		
57062	300.2893123000896	9.395669	838		
57246	647.443423837998	9.398863	-1		
57299	457.34920250138873	9.399217	92		
57119	984.1613481837234	9.399366	-1		
57220	906.2594958588708	9.402475	135	57220.0	Suspect related to Contaminants septum vial Thermo C4000-53 and C4000-54 serie (predicted molecular formula SIRIUS: C26H55N3O27S2 / BUDDY: C41H51N3O14S3) with delta m/z 148.038 (putative explanation: glycosyl-L-hydroxyproline; atomic difference: 5C,8H,5O) [M+H]+
57296	326.3050460704794	9.406085	838	57296.0	Suspect related to Arachidonoyl ethanolamide (predicted molecular formula SIRIUS: C20H39NO2 / BUDDY: C20H39NO2) with delta m/z -21.984 (putative explanation: glyoxal-derived AGE (reverse)|Sodium adduct (reverse); atomic difference: -2C,2H|1H,-1Na) [M+H]+
57563	983.6591021361102	9.406818	-1		
57189	662.1188944809941	9.409069	-1		
57677	1146.3255021630564	9.409095	135		
57179	661.7844312335046	9.412684	-1		
57499	352.3205245260557	9.415261	190	57499.0	Suspect related to Spectral Match to 14,15-EE-(8Z)-E from NIST14 (predicted molecular formula SIRIUS: C22H43NO3 / BUDDY: C22H43NO3) with delta m/z 45.058 (putative explanation: unspecified; atomic difference: 2C,7H,1N) [M-H2O+H]+
57613	409.18347292024816	9.416677	-1		
57599	283.04787555283764	9.417062	1096		
57360	369.2969230466132	9.418178	-1		
57324	413.3232579682215	9.418178	92		
57545	457.28705253368753	9.418215	-1		
57542	474.3120020762906	9.418827	-1		
57635	660.4680828561225	9.418994	106		
57786	588.4070488239612	9.420033	-1		
57796	559.3917101099789	9.426361	-1		
57772	515.0306535630007	9.427471	664		
57806	544.3810199761664	9.429022	210		
57788	529.7060157331289	9.429085	-1	57788.0	Candidate Trihydroxylated bile acid (delta mass 119.5451)
57129	676.7943033492145	9.430095	65		
57802	530.0403424652816	9.430485	1073	57802.0	Candidate Trihydroxylated bile acid (delta mass 119.5451)
57821	544.7158296494707	9.433718	-1		
57544	672.4641428676653	9.443672	-1		
57992	684.2023768765627	9.444717	135	57992.0	Suspect related to Contaminants septum vial Thermo C4000-53 and C4000-54 serie (predicted molecular formula SIRIUS: C27H41NO15S2 / BUDDY: C37H37N3O4S3) with delta m/z -74.02 (putative explanation: Met->Gly substitution; atomic difference: -3C,-6H,-1S) [M+H]+
57074	691.135446719098	9.4548235	-1		
57800	422.3842186334201	9.46401	-1		
57914	906.2597861036896	9.465485	135	57914.0	Suspect related to Contaminants septum vial Thermo C4000-53 and C4000-54 serie (predicted molecular formula SIRIUS: C26H55N3O27S2 / BUDDY: C41H51N3O14S3) with delta m/z 148.038 (putative explanation: glycosyl-L-hydroxyproline; atomic difference: 5C,8H,5O) [M+H]+
57850	674.4834573400742	9.465991	106		
57598	466.41026063379127	9.4669485	-1		
57971	163.0978463937653	9.467881	459		
57919	556.4431036458379	9.468035	-1		
57825	679.4391056599032	9.468115	-1		
58615	676.4604572776992	9.473077	1151		
57944	310.3105132554638	9.475391	1753		
58703	512.4164155461121	9.48161	-1		
57730	468.3893530924217	9.483722	-1		
59532	512.504032410563	9.485699	945		
57842	924.2698027594296	9.489594	135	57842.0	Suspect related to Contaminant vial septum ThermoFisher C5000-44B (predicted molecular formula SIRIUS: unknown / BUDDY: C46H42N4O14S) with delta m/z 222.064 (putative explanation: unspecified; atomic difference: unspecified) [M+NH4]+
58409	918.1225827277184	9.491979	-1		
57956	458.3999488934901	9.493458	-1		
58455	939.6345058997592	9.495721	-1		
57797	705.8108288910992	9.496868	-1		
58777	962.1486317600747	9.502183	-1		
59060	691.469922826881	9.503785	-1		
58999	940.1358430673872	9.506862	-1		
58095	688.4992520436427	9.508666	106		
58065	693.4549231950919	9.50911	-1		
58031	706.1455586896769	9.516527	-1		
57695	735.4956513837432	9.519004	-1		
57994	378.3577207061275	9.524575	-1		
58473	502.3445303695633	9.525634	-1		
57704	735.1615289031922	9.527659	-1		
58603	714.558620680533	9.5322075	179		
58177	391.2842304454469	9.534308	866	58177.0	DEHP CollisionEnergy:205060
58702	1006.1747026348232	9.534306	-1		
58433	459.3025397842805	9.536565	179		
58951	559.3918303131603	9.537906	-1		
58754	297.28988429092493	9.538061	-1	58754.0	Suspect related to Spectral Match to Palmitamide from NIST14 (predicted molecular formula SIRIUS: C18H36N2O / BUDDY: C18H36N2O) with delta m/z 41.027 (putative explanation: Ser->Gln substitution|amidination of lysines or N-terminal amines with methyl acetimidate|unspecified; atomic difference: 2C,3H,1N|2C,3H,1N|2C,3H,1N) [M+H]+
58730	1005.672788443027	9.540382	-1		
58322	473.318149436818	9.541159	179		
58316	495.2994208919025	9.542058	-1		
58329	518.3759432194589	9.542102	-1		
58788	647.1092316677242	9.542725	65		
58347	490.3443757261822	9.544895	179		
58429	554.4633076228235	9.545909	1038	58429.0	Suspect related to Decaethylene glycol tridecyl ether (predicted molecular formula SIRIUS: unknown / BUDDY: unknown) with delta m/z -85.042 (putative explanation: unspecified; atomic difference: unspecified) [M+H]+
58067	720.8208058667192	9.547437	-1		
58450	510.43654799328056	9.549069	-1		
58442	598.4898324577986	9.5504	1038	58442.0	Suspect related to Massbank:AU406506 3,6,9,12-Tetraoxatetracosan-1-ol|Tetraethylene glycol monododecyl ether|2-[2-[2-(2-dodecoxyethoxy)ethoxy]ethoxy]ethanol (predicted molecular formula SIRIUS: C36H61N3O4 / BUDDY: C37H61NO5) with delta m/z 237.158 (putative explanation: unspecified; atomic difference: unspecified) [M+H]+
58445	466.41011947325234	9.551083	-1		
58457	422.3839995574565	9.551652	-1		
58967	588.4077226831959	9.554727	-1		
58853	632.7683214726495	9.555547	-1		
58475	686.5419802327308	9.5557785	1038		
58446	642.5162484852017	9.555896	1038		
58949	588.7421329294309	9.556722	-1		
58696	720.4871119063087	9.557876	-1		
58972	662.1191372644389	9.558935	655		
58946	574.0664978709555	9.56055	-1		
58926	632.4341249525381	9.561049	210		
58466	730.5678977539363	9.561972	-1		
58430	476.32930981362233	9.563212	179		
58513	338.34151077991385	9.564193	905	58513.0	Suspect related to Palmitelaidic acid (predicted molecular formula SIRIUS: C22H45NO2 / BUDDY: C22H45NO2) with delta m/z 101.12 (putative explanation: unspecified; atomic difference: unspecified) [M-H2O+H]+
58477	356.35226410484324	9.564193	905	58477.0	Suspect related to Spectral Match to N-Cyclohexanecarbonylpentadecylamine from NIST14 (predicted molecular formula SIRIUS: C22H45NO2 / BUDDY: C22H45NO2) with delta m/z 18.01 (putative explanation: Proline oxidation to 5-hydroxy-2-aminovaleric acid|water; atomic difference: 2H,1O|2H,1O) [M+H]+
59000	676.7945094937772	9.565497	65		
58418	354.336715825251	9.569922	-1		
59089	573.7324081203025	9.57066	-1		
59008	603.0831911379037	9.571391	-1		
59026	603.4177979024573	9.571568	929		
58675	298.3106753386956	9.575123	-1		
58787	283.04791652622987	9.577572	-1		
58612	436.3998193550166	9.584328	-1		
57678	324.3261738869238	9.589051	-1		
58740	624.469582835127	9.592858	755		
59165	618.0930960385514	9.593539	655		
59203	676.46055168298	9.593685	-1		
59127	368.425754841483	9.59389	-1		
59214	617.7586588312179	9.597979	-1		
59285	661.7849223124504	9.60183	-1		
59279	691.1358674753885	9.605955	65		
59183	705.8111315964718	9.608554	-1		
58771	392.373616019182	9.612424	-1		
58981	581.4494039818121	9.623342	755		
59164	908.237808826551	9.63785	135	59164.0	Suspect related to Contaminants septum vial Thermo C4000-53 and C4000-54 serie (predicted molecular formula SIRIUS: C26H55N3O27S2 / BUDDY: C41H51N3O14S3) with delta m/z 148.038 (putative explanation: glycosyl-L-hydroxyproline; atomic difference: 5C,8H,5O) [M+H]+
59197	545.1240256245268	9.640122	-1		
59493	1006.175061490222	9.641145	-1		
58917	735.496168661472	9.641178	-1		
59123	419.3159669848657	9.657643	-1		
59247	376.3191127296097	9.657736	-1		
59335	720.4868045435272	9.658285	569		
59538	706.1457970591721	9.666716	1139		
59177	735.161984684416	9.667874	-1		
59419	848.2719555813233	9.672159	135	59419.0	Suspect related to Contaminant vial septum ThermoFisher C5000-44B (predicted molecular formula SIRIUS: unknown / BUDDY: C39H48N2O10S4) with delta m/z 74.017 (putative explanation: polysiloxane repeat unit|Gly->Met substitution|unspecified; atomic difference: 2C,6H,1O,1Si|3C,6H,1S|6C,2H) [M+NH4]+
59749	540.5361369770897	9.673307	945		
59729	691.4703772225852	9.673873	-1		
59364	512.4172293329057	9.674494	-1		
58936	336.32749806782203	9.678343	-1		
59291	354.3367204574489	9.679039	190	59291.0	Suspect related to cis-Vaccenic acid (predicted molecular formula SIRIUS: C21H40O5 / BUDDY: C21H40O5) with delta m/z 90.031 (putative explanation: unspecified; atomic difference: unspecified) [M-H2O+H]+
59403	846.5859806417229	9.688527	-1		
59407	824.6042773887854	9.690043	-1		
59362	450.4162750733504	9.699728	-1		
59397	431.1795539710606	9.701851	-1		
59764	720.8210998421918	9.706076	-1		
59783	438.3792469085239	9.7228775	-1		
59683	364.35833549525984	9.728019	-1		
59860	338.34181315414486	9.72949	1753		
59654	847.6203763646237	9.733731	-1		
59655	869.6022880652695	9.734802	-1		
60104	310.3106574587566	9.791689	-1		
59815	980.278880051336	9.807175	135	59815.0	Suspect related to Contaminants septum vial Thermo C4000-53 and C4000-54 serie (predicted molecular formula SIRIUS: C34H53N5O26S / BUDDY: C49H45N11O6S3) with delta m/z 222.055 (putative explanation: unspecified; atomic difference: unspecified) [M+H]+
59991	284.29520084834644	9.826861	-1		
60015	312.32646371252844	9.833853	-1		
59886	744.5938593566306	9.844323	-1	59886.0	Suspect related to 1-Palmitoyl-2-oleoyl-sn-glycero-3-phosphoethanolamine (predicted molecular formula SIRIUS: C43H77N5O5 / BUDDY: C42H82NO7P) with delta m/z 26.053 (putative explanation: Ser->Leu/Ile substitution; atomic difference: 3C,6H,-1O) [M+H]+
60050	564.4304131699014	9.863292	-1		
60235	894.6934565095289	9.888286	-1		
60263	1274.4520810398014	9.888471	-1		
60249	887.5913755330233	9.888646	-1		
60258	1284.941372130762	9.888671	-1		
60211	849.6357381753401	9.889478	1410	60211.0	"""Candidate Monohydroxylated bile acid (delta mass 472.3304; sirius atomic difference: 22C, 44H, 6N, 5O; buddy atomic difference: 26C, 49H, 5O, 1P)"""
60216	871.6177080705363	9.890497	-1		
60502	906.2596079839656	9.891766	135	60502.0	(3S,4R)-7-hydroxy-3-[(3S,4R)-7-hydroxy-4-(4-hydroxyphenyl)-2-oxo-5-[(2S,3R,4S,5S,6R)-3,4,5-trihydroxy-6-(hydroxymethyl)oxan-2-yl]oxy-3,4-dihydrochromen-3-yl]-4-(4-hydroxyphenyl)-5-[(2S,3R,4S,5S,6R)-3,4,5-trihydroxy-6-(hydroxymethyl)oxan-2-yl]oxy-3,4-dihydrochromen-2-one
60281	1273.94927188829	9.892863	-1		
60383	744.5932200547147	9.906761	-1		
60024	1073.3081256707765	9.942041	135	60024.0	Suspect related to Contaminant vial septum ThermoFisher C5000-44B (predicted molecular formula SIRIUS: unknown / BUDDY: C58H45N3O17) with delta m/z 297.076 (putative explanation: unspecified; atomic difference: unspecified) [M+NH4]+
60577	288.289859725855	9.993369	-1		
60536	999.2896322880648	10.003355	135	60536.0	[(2S,3R,4S,5S,6R)-6-[[(2R,3R,4R,5S,6R)-3,4-dihydroxy-6-(hydroxymethyl)-5-[(2S,3R,4R,5R,6S)-3,4,5-trihydroxy-6-methyloxan-2-yl]oxyoxan-2-yl]oxymethyl]-3,4,5-trihydroxyoxan-2-yl] (1S,2R,4aS,6aS,6bR,9R,10R,11R,12aR)-10,11-dihydroxy-9-(hydroxymethyl)-1,2,6a,6b,9,12a-hexamethyl-2,3,4,5,6,6a,7,8,8a,10,11,12,13,14b-tetradecahydro-1H-picene-4a-carboxylate
60775	284.29486129779144	10.043315	92		
60809	366.37317940355433	10.072671	1753		
60978	1057.2763416017913	10.225718	135	60978.0	Suspect related to Contaminants septum vial Thermo C4000-53 and C4000-54 serie (predicted molecular formula SIRIUS: unknown / BUDDY: C51H54N6O13S3) with delta m/z 297.076 (putative explanation: unspecified; atomic difference: unspecified) [M+H]+
60880	740.6400046040305	10.236198	-1	60880.0	Suspect related to 2.3-bis(hexadecanoyloxy)propyl-hexadec-9-enoate (predicted molecular formula SIRIUS: unknown / BUDDY: C48H82O4) with delta m/z -82.095 (putative explanation: unspecified; atomic difference: unspecified) [M+NH4]+
60958	163.09796416608637	10.239285	459		
61075	520.4362132525192	10.257685	-1		
61004	832.2397099609904	10.287805	135	61004.0	Suspect related to Contaminant vial septum ThermoFisher C5000-44B (predicted molecular formula SIRIUS: unknown / BUDDY: C43H42O12S2) with delta m/z 130.026 (putative explanation: S-(2-monomethylsuccinyl) cysteine; atomic difference: 5C,6H,4O) [M+NH4]+
61064	312.32652589746283	10.291225	-1		
60915	531.4084040596649	10.31024	-1	60915.0	Spectral Match to Didodecyl 3,3'-thiodipropionate oxide from NIST14
61189	996.3086501975516	10.313757	135		
61289	758.2208598788479	10.322771	135	61289.0	[4-[4,5-dihydroxy-6-methyl-3-(3,4,5-trihydroxyoxan-2-yl)oxyoxan-2-yl]oxy-6-[2-(3,4-dihydroxyphenyl)ethoxy]-5-hydroxy-2-(hydroxymethyl)oxan-3-yl] (E)-3-(3,4-dihydroxyphenyl)prop-2-enoate
61482	832.2403115381645	10.468183	135	61482.0	Suspect related to Contaminant vial septum ThermoFisher C5000-44B (predicted molecular formula SIRIUS: unknown / BUDDY: C43H42O12S2) with delta m/z 130.026 (putative explanation: S-(2-monomethylsuccinyl) cysteine; atomic difference: 5C,6H,4O) [M+NH4]+
61346	174.09019840051957	10.479834	-1		
61404	922.2899940382212	10.494778	135	61404.0	Suspect related to Contaminant vial septum ThermoFisher C5000-44B (predicted molecular formula SIRIUS: unknown / BUDDY: C50H48O12S2) with delta m/z 294.096 (putative explanation: Hex Pent; atomic difference: 11C,18H,9O) [M+NH4]+
61422	563.4671469218271	10.5088	-1		
61408	580.494333829049	10.508939	-1		
61407	585.4489932890175	10.524893	-1		
61472	982.2561714963056	10.529868	135	61472.0	Suspect related to Contaminants septum vial Thermo C4000-53 and C4000-54 serie (predicted molecular formula SIRIUS: C33H57NO30S / BUDDY: C51H49NO17S) with delta m/z 370.093 (putative explanation: unspecified; atomic difference: unspecified) [M+H]+
61634	706.4955284875915	10.562896	179		
61793	202.10877682871467	10.626655	-1		
61604	161.08236033888775	10.630623	459		
61637	980.2782733835528	10.646556	135	61637.0	Suspect related to Contaminants septum vial Thermo C4000-53 and C4000-54 serie (predicted molecular formula SIRIUS: C33H57NO30S / BUDDY: C51H49NO17S) with delta m/z 370.093 (putative explanation: unspecified; atomic difference: unspecified) [M+H]+
61626	663.4536715072389	10.651199	179	61626.0	DG(20:4_18:0)
61619	680.4804374563665	10.651199	179		
61651	1342.9275023889395	10.651199	179		
61850	906.2595967644698	10.718904	135	61850.0	Suspect related to Contaminants septum vial Thermo C4000-53 and C4000-54 serie (predicted molecular formula SIRIUS: C26H55N3O27S2 / BUDDY: C41H51N3O14S3) with delta m/z 148.038 (putative explanation: glycosyl-L-hydroxyproline; atomic difference: 5C,8H,5O) [M+H]+
61592	338.3418008764373	10.729225	-1	61592.0	Suspect related to N-Oleoylglycine (predicted molecular formula SIRIUS: unknown / BUDDY: C24H48N2O3) with delta m/z 73.089 (putative explanation: unspecified; atomic difference: 4C,11H,1N) [M-C2H5NO2+H]+
61944	199.12607955959712	10.755638	-1		
61955	153.1385755333732	10.755716	92		
62062	764.8466933819499	10.762075	-1		
62147	449.156540279229	10.769175	-1		
62232	600.1576763017554	10.771049	-1		
62089	705.8114594097863	10.771119	-1		
62088	371.1631722673458	10.772285	-1		
62067	357.1474778214931	10.7726755	-1		
62122	647.1097727614746	10.772692	-1		
62078	691.1359898763358	10.773257	-1		
62012	697.3555703972175	10.773551	-1		
62233	589.150631366805	10.7740345	-1		
62091	662.1196683644201	10.77425	-1		
62117	490.1324690453034	10.775602	-1		
62020	719.3372099232199	10.775639	-1		
62126	476.1178550257964	10.775933	-1		
62203	463.1713325113377	10.7771	1450		
62278	556.1312052249931	10.777405	-1		
62357	504.19898603689376	10.781312	1450		
62194	765.3630926307502	10.781301	-1		
62396	488.22552153670586	10.782159	-1		
62313	508.1945807729154	10.782159	-1		
62207	642.4377498867465	10.786008	-1		
62398	194.97502495026865	10.787441	781		
62487	190.9792046978033	10.787577	781		
62417	192.97622864728305	10.789328	781		
62492	480.3087035772856	10.791764	-1		
62158	526.4319308378559	10.794933	-1		
62668	254.16109436429733	10.86756	453		
62661	175.11916711927125	10.868159	976	62661.0	Suspect related to NG,NG-Dimethyl-L-arginine (predicted molecular formula SIRIUS: C6H14N4O2 / BUDDY: C6H14N4O2) with delta m/z -28.031 (putative explanation: Desethylation, didemethylation, dealkylation|Met->Cys substitution|Val->Ala substitution; atomic difference: -2C,-4H|-2C,-4H|-2C,-4H) [M+H]+
62800	235.11905432509133	10.882906	1821		
62680	162.1124895835457	10.895156	347		
