cluster index	parent mass	RTMean
69	185.02337939575017	0.3882833
31	216.15860118109333	0.3914097
79	167.0129188757491	0.39158285
78	323.6798382293966	0.393825
110	343.18298063235954	0.39495403
99	280.9933485295439	0.39524168
123	257.97722035959424	0.39529133
108	239.1558703899488	0.395486
147	212.12459542108635	0.39580315
120	265.015809839495	0.39624745
93	532.3101442894234	0.39630955
149	266.6583201516557	0.3964042
157	169.04597842245647	0.39643785
101	207.1110859267777	0.396548
106	412.2313875722052	0.39656395
137	218.9837518017264	0.39670712
109	239.9666758362288	0.39685822
133	241.99971028656807	0.396992
100	341.1503881716677	0.3971534
160	171.09826232115793	0.39784017
129	231.1397236045076	0.3981522
145	187.0756647846981	0.3982155
175	275.20807776124127	0.3982394
81	267.1592693591686	0.39847466
29	305.1488245055606	0.39857072
177	151.03552662105582	0.39877072
166	265.1759993639747	0.39906284
170	206.6190304137949	0.40068206
199	284.1720078550324	0.40090385
192	239.08544954132336	0.40110216
107	188.6315813086601	0.40119714
139	152.11085436859037	0.4020092
281	215.0879355288388	0.40341467
180	308.2181922625869	0.40355295
131	217.2024856103725	0.40511474
325	234.14501076800912	0.40664157
323	261.1559873615176	0.40695557
362	306.1539699997694	0.4082238
154	203.1870047867992	0.40831915
337	204.13454826730944	0.40960047
338	297.1901628111471	0.41068977
347	218.18650938191823	0.41204023
351	204.95727723918057	0.41254398
364	272.9445363493419	0.4137936
346	303.2143174223038	0.41738573
402	327.0517201760925	0.41860056
403	259.06434430123085	0.41894597
442	345.1486796069961	0.41947266
444	362.92659105989065	0.42006376
446	164.920788078657	0.42014194
437	155.0793130847155	0.4207695
200	246.22873406671047	0.42102116
438	169.09497869840934	0.42148226
407	359.1644332982572	0.42155933
452	294.93917262706185	0.42159098
443	177.0612363140952	0.42199126
345	231.2181942573364	0.4221248
441	337.1833906515531	0.42212948
455	226.951640652664	0.42308062
448	191.0769125340486	0.42348096
468	242.9256249175179	0.42525595
465	158.96430973960912	0.4256977
21	380.23531376976274	0.42670777
470	207.05086501672176	0.42680588
511	164.93025304946156	0.43081978
521	352.8977411474358	0.43086594
266	157.08124341360178	0.43138236
463	203.22332889583527	0.43226624
507	200.04089678168992	0.4323875
549	284.91029806107315	0.43251783
530	249.03545486367105	0.43337983
397	218.15018234783133	0.43357703
557	218.9198881637	0.4350176
546	216.922922349456	0.43539152
542	219.08302531555847	0.4368044
584	260.1241832715562	0.43690237
548	213.2075508256096	0.4379708
564	178.0588206313106	0.43806112
566	232.8968707174726	0.43824878
580	274.88150490232067	0.43873256
505	245.2337401175461	0.43873563
552	189.1600616932289	0.43966937
570	197.1012384858532	0.4398668
508	400.267094338948	0.4399773
58	426.222884570858	0.44069502
572	213.07501026580684	0.44182986
596	206.8941204056336	0.44195738
671	296.0660299441699	0.44346496
567	249.09593929623588	0.44361705
525	171.1493643069593	0.44643167
517	248.1605391393136	0.44718134
656	177.0247790015283	0.4478612
581	156.14978467512617	0.44788346
2258	188.17601263852723	0.4493766
724	305.2549729439483	0.45384908
728	219.0266967311956	0.45397538
636	210.1579767933327	0.45475426
708	164.0295597908892	0.45480806
716	203.05287394860483	0.45577237
722	292.198080189984	0.45659068
705	271.96507984146217	0.4570343
711	214.0064895734901	0.45771822
723	207.9985455469124	0.45891616
732	175.11919545784733	0.45960736
734	192.0245608090144	0.4605146
726	220.06721561399544	0.46076462
730	210.01723858068183	0.4607965
748	156.04234681876147	0.46289197
764	221.1861921764874	0.46396875
762	257.1473946847472	0.46463934
763	227.1139711065731	0.46473923
749	188.0354073510049	0.46501657
756	170.04257045528217	0.46591473
766	303.1780375569853	0.4671227
776	198.0856611746396	0.46918195
768	365.1056577135398	0.46953198
826	253.12846477682143	0.46961865
631	203.1506269508285	0.47061282
837	191.1504609246281	0.47109753
828	279.1914087452042	0.4712722
815	216.1344654435877	0.47332302
825	214.0591125075021	0.47391596
780	162.1126832197212	0.47425437
816	160.03472338939457	0.4747386
794	199.1318307063509	0.47558603
842	244.16561659720327	0.4756676
863	315.2027245018431	0.47578314
855	333.1771711082606	0.47612017
852	156.07701809578248	0.476363
820	316.187873898559	0.4764406
928	249.1080566070343	0.47682968
846	225.0983191783673	0.47714654
870	280.0911200613971	0.47757107
821	408.2223022465389	0.47762653
856	252.10913949800167	0.47882408
859	193.62391808918315	0.4792521
880	304.1627479376049	0.47949967
849	227.1253545649156	0.47971657
861	272.1721737305204	0.48032793
1681	329.1945039825787	0.48034343
868	259.1708590688068	0.4814209
893	263.19628246578947	0.48153132
886	231.6227535806605	0.48236835
897	358.12203016002746	0.4828174
1633	209.103448412721	0.4838175
929	249.15571355554115	0.48419195
905	386.2399536340527	0.48488766
1631	162.0503759828124	0.4857562
920	298.10117577338787	0.48578843
927	238.0800364631844	0.48585114
1695	214.1299204777126	0.48677307
934	285.1672185347807	0.4868843
967	246.1812729847112	0.48698837
836	243.10898324845783	0.4872828
966	573.2139191456616	0.48760048
908	517.3350624070662	0.48760635
910	462.2395139786472	0.48840666
958	274.18769645276564	0.48842975
973	244.1293470920297	0.48861545
1000	270.1197507175784	0.48932707
949	341.1431917559496	0.4895596
1010	430.24101364286827	0.48962298
986	231.145269905211	0.48978153
1031	223.6252074550082	0.4906912
1006	243.15782941774123	0.4911421
1039	286.15125976866136	0.49143675
1001	493.2745819460196	0.4918168
1085	257.1011084527745	0.49215382
1732	200.1395722209091	0.4929495
1740	319.1613566825446	0.4930243
1112	345.2246639764007	0.49356687
1071	373.1715411311204	0.49387312
1058	260.196915901388	0.49426103
915	289.1506387058062	0.49446523
1068	375.2230599293197	0.49471846
1101	331.1609829283826	0.49473986
1102	485.3087873442547	0.49484077
1043	205.08208328971563	0.49500027
1066	187.1078476601322	0.4950579
1099	239.06388118805967	0.49507686
1063	333.2130366813008	0.49512228
1070	645.1980495598692	0.4955021
1704	203.1139947057752	0.49602115
1126	383.1536780009345	0.4960588
1725	267.10887168697167	0.496237
1162	662.3188740192668	0.49627268
1737	258.14479543856635	0.49689224
1073	446.2395771380144	0.4971506
1080	288.20312531490606	0.4972641
1252	618.3113140372798	0.49757674
1150	512.1965053361048	0.49810186
1154	471.2930439335227	0.4984149
1287	268.127108719654	0.49881083
1147	321.14075210073844	0.49930465
1107	413.12731283333846	0.5000517
1184	275.13542396734914	0.5001383
1130	336.14022511933524	0.5004718
1110	534.2521901287832	0.5006255
1123	395.1690328084369	0.5012487
1188	525.3405164730442	0.5013917
1132	160.13335176610113	0.5016776
1670	263.1723157661151	0.50201064
1187	599.2291929090754	0.5021881
1140	347.22826649247844	0.50221395
1208	399.1112215205031	0.50226384
1177	317.2185804334528	0.50246495
1390	529.1757529546682	0.5028378
1069	174.01395631121756	0.50304574
1164	194.0225466523493	0.50316644
1216	498.1814337090418	0.503656
1240	369.1742604511247	0.50422215
1209	176.10337183802594	0.50433517
1215	276.1190938111835	0.504566
1217	230.1864495363334	0.5049239
1235	181.013037791926	0.50495636
1220	219.0976426716633	0.5053787
1244	179.01716969285616	0.50599545
1264	277.1030620017441	0.5068258
1129	178.99281903353776	0.5068488
1308	159.07655435972498	0.5071713
1236	366.1646569009857	0.5073104
1250	397.2204472590643	0.5075823
1260	158.0925461262238	0.5078108
1281	374.23895304984825	0.50827956
1312	631.2760048479732	0.50849247
1301	168.06907588909377	0.50905377
1652	247.1761025896189	0.50951976
1282	235.1190084559418	0.50969976
1370	258.109011385315	0.5099274
1338	644.3061356899901	0.5099676
1283	189.123492187555	0.5101963
1324	490.2139434527736	0.510218
1322	175.10795208695342	0.5103673
1227	623.2151012935706	0.51059693
1359	366.213596447879	0.5110132
1345	389.2392416863804	0.5111589
1316	361.1716369202006	0.511292
1374	269.16084221833376	0.51150495
1378	352.19795945397993	0.5115372
1271	344.181125533622	0.51159275
1325	233.11339045027628	0.5117142
1853	284.12173558394085	0.5119417
1356	262.10339606789114	0.5119854
1342	226.15502655111115	0.5121386
1307	343.1973663221004	0.5123389
1315	281.07468687472806	0.5123922
1339	259.12898955293304	0.51271415
1391	194.0847240784766	0.51275104
1536	411.221623094381	0.51277125
1383	166.05330884173878	0.5129308
1347	246.14474315677475	0.5134079
1333	262.1394175648475	0.5137704
1400	219.13408385549488	0.51392716
1373	577.2465270755653	0.514861
1371	334.16083916643856	0.51506996
1509	561.2518277796684	0.51529956
1327	188.091877282516	0.5155801
1392	347.19261854116763	0.5156543
1398	375.18684641010793	0.51665866
1388	476.1991551013626	0.5166487
1408	230.1134886826356	0.51735634
1367	507.193130473487	0.51753837
1414	235.1652270939628	0.5176961
1318	487.1470837340802	0.51827604
1385	247.12890468276825	0.5184117
1481	362.1553910718228	0.51905006
1442	348.1764506400837	0.5204531
1452	229.15489705866133	0.5208039
1488	260.1605841782305	0.5208034
1449	196.1003179017221	0.5209334
1443	182.08128601784867	0.52117914
1459	165.05472697000496	0.5215394
1472	371.2401952303626	0.52153367
1455	254.1609136785564	0.5215906
1475	414.1282827364876	0.5219819
1416	376.1712583831536	0.5221301
1571	360.1398504942708	0.5226823
1678	216.0978795260556	0.5230113
1514	233.14970766900447	0.5233763
1480	465.1652088232474	0.52438563
1499	284.09944717223857	0.5244041
2124	245.1133602616688	0.52452487
1521	236.12278135233936	0.5248774
1456	260.09586967182577	0.5276192
1522	176.06606840835107	0.5278375
1501	261.14436123160493	0.5287302
1512	460.2030882304519	0.5295579
1319	215.1391928484056	0.5298067
1438	223.0688537784929	0.5298907
1510	259.09245599897525	0.5301374
1746	186.0874113603832	0.53087133
1505	348.0702179673612	0.53267884
1528	318.16572827319004	0.53335446
1465	474.2190991381497	0.53546286
1534	212.1025577872745	0.53555197
1556	377.12999435156814	0.5372091
1550	201.0870498914243	0.5381115
1526	210.11577786979697	0.53873247
1446	332.18119253797715	0.53964764
1513	195.0762025809434	0.5410666
1592	253.82558744005124	0.545166
1686	312.65365169462785	0.54677653
1591	360.150055000928	0.5490558
1638	240.9873823731322	0.55341613
1632	551.2309920628419	0.55555475
1636	296.51173047865893	0.5589827
1616	380.2357733545035	0.56189924
1644	260.80518039578715	0.5694806
1651	444.2642255603618	0.5699464
2666	231.09757220725257	0.576016
1809	244.09280826709923	0.57627183
1668	390.7040164655912	0.57629734
1647	284.4842160004495	0.57656014
1674	426.2226910198176	0.5822018
1224	391.1454347728368	0.5889816
1729	624.299722834209	0.59059775
1781	386.2395972456724	0.5908376
1874	378.15101482877554	0.59276396
1682	517.3345486191199	0.5928839
1762	316.68898517377	0.5939282
1771	380.21586771055127	0.5939356
1626	394.1273347354667	0.5945165
1887	244.1291864678952	0.5949269
1784	159.03854014269135	0.59531564
1877	160.03445905311662	0.59558463
2223	213.615028638158	0.5956636
1973	158.03918971257644	0.5968474
1812	631.3694011895252	0.5994106
1848	295.0956401552356	0.599836
1936	274.1874520324597	0.6041429
1749	366.1327657796129	0.6043273
1735	316.18813190082466	0.60434085
1649	506.8117325336567	0.60527176
1918	159.0309535590102	0.6053953
1880	435.1725582494991	0.60565424
1968	329.155672362118	0.6057195
1602	446.2413842943837	0.6060283
1754	324.0589949672631	0.6063707
1777	338.20991246183013	0.6064538
1850	228.07217410280472	0.60707784
1646	411.19066810796926	0.6076941
1773	253.9092475877786	0.6078448
1828	217.0818747805943	0.60799026
2719	259.1704865871925	0.60868037
1802	333.2129030719825	0.60915214
1890	157.03527692540968	0.6092997
1823	150.05845131946876	0.6095194
3033	493.177385803145	0.60951185
1770	654.3563584233908	0.6099621
1892	393.1436976256944	0.6104053
2505	462.2379261037521	0.6110493
2866	160.1332264130082	0.6113054
1810	622.2310914739355	0.61221343
1908	432.1729932733336	0.6125423
1845	217.1294937632008	0.6128616
1818	623.2148131107955	0.6140813
1868	322.17471604716303	0.6146283
1815	395.1673998037867	0.6149855
2159	198.12380030627853	0.61533755
1839	357.6931838136534	0.6154507
1915	446.2626406588556	0.6154866
1826	481.1599918126543	0.6154965
1822	430.240680777915	0.6156445
1841	320.1450209138183	0.61570084
1846	223.63417986233875	0.61582834
1482	208.06372222889445	0.6158929
1843	228.14538204772512	0.61623925
1847	373.1713456009396	0.6163343
1836	262.1393946886578	0.61679024
1803	360.1876674098443	0.6169067
1798	327.6819405861766	0.6169298
1687	407.15891234219765	0.61702824
2880	347.22824791461755	0.61724186
2106	544.2724051444408	0.61769646
1840	286.1509887015503	0.6179898
2637	348.14031217425384	0.6180539
1907	187.1076597101408	0.61823034
1825	402.2458451589008	0.61828184
1862	188.0917422080597	0.6185049
1866	356.19298118129086	0.6185346
1871	489.26692335738505	0.6188794
1929	301.1506030267752	0.61920875
1932	251.1140205079861	0.6192915
1875	343.23364751343405	0.6193358
1901	275.13504434412613	0.6195942
1990	397.2195259827154	0.6196019
1949	515.1372709404	0.6200057
1921	231.6225714604548	0.6203691
1905	233.10316794503737	0.62062955
1985	245.0767478817397	0.62143
1849	383.2040863338877	0.62151545
1876	317.2180910821536	0.62192845
2207	279.1007957937428	0.62333965
2057	520.1883214791463	0.6241002
2003	310.1758473855051	0.6247503
1903	334.16065002884886	0.6250446
1981	258.10851252700775	0.62539
2079	484.2513876545121	0.62565094
1916	269.1606162564464	0.6258051
2211	239.1503193054569	0.6270957
1951	361.2441633280781	0.6272731
2092	170.0811229041288	0.6276872
1933	246.1445073551082	0.6281109
3046	507.1932230596071	0.6282586
1942	245.1494060133357	0.6292859
2029	195.12333942507053	0.6295
1955	375.22241811516335	0.6299039
2024	290.13423001085715	0.63137263
2145	446.1889460857648	0.63141954
2040	223.62500290291703	0.6320976
2144	518.2935719954024	0.63218737
3327	158.09244532902028	0.6324161
1982	389.2390775426204	0.6328908
2137	435.20766695822925	0.6340257
2009	476.1987366128333	0.6345706
2123	292.16385878016484	0.63461226
2059	259.1286479083147	0.634827
1683	361.17144249209946	0.6350318
2023	229.154720133612	0.63524103
2107	227.1390277739556	0.6353031
2032	200.1029269354231	0.6353323
2273	416.2146337289653	0.63565284
2018	247.65772010331983	0.63568836
1881	359.2648682829463	0.6361064
1801	243.1575983089615	0.63755214
2398	260.09578529619137	0.6377884
2272	591.2241496414105	0.6379706
1898	189.12334570840105	0.6383221
2058	260.1967254237157	0.639001
2195	618.3097266117976	0.6391535
2062	235.11883279746928	0.63980097
2356	529.1753530710453	0.64055276
2080	268.1270920066035	0.64189434
2164	403.2287599103314	0.64340943
2094	574.2465802098743	0.64348125
2033	345.2245397395753	0.64359844
2357	469.2308694990615	0.64396614
2132	494.3083166068982	0.64463925
2414	516.2882800880285	0.64479977
2417	235.1434956741336	0.6448662
2153	230.18623076796987	0.6461578
2143	277.0852496773471	0.6467937
1806	259.09238855135334	0.6471349
2277	521.1717228642005	0.6471141
2752	237.1346196791298	0.64771336
2386	613.1592290467037	0.64801985
2117	270.15567087035635	0.6485383
2339	533.22009996643	0.64903957
1694	249.8254759120611	0.64917964
2213	376.1708062223396	0.6494811
1697	374.2347093189424	0.6503215
2070	628.3046762768271	0.6510212
2158	175.10770240564327	0.651339
2301	607.2932404462883	0.6516081
2482	260.16042516225787	0.652245
1713	747.4621151254777	0.6523531
2179	394.1336867893201	0.65239227
2004	233.14948288639795	0.6525057
2256	485.3081753322839	0.6537953
2408	456.1373462959677	0.65397257
3042	453.2453545092068	0.65433085
2578	319.16186399557216	0.654388
2362	325.1472383696747	0.6548942
1716	405.1978263265572	0.6551144
2152	210.1157660341149	0.65581614
2348	662.3177919257704	0.6564533
1722	471.2924842731466	0.657862
2270	306.202092763309	0.6583075
2294	268.1402724553259	0.6598867
2053	290.17075213366746	0.66120934
2649	408.1778222304094	0.6614196
2302	350.1738375435153	0.66199267
2230	318.11917527036434	0.662478
2329	247.12872990765564	0.66256714
2313	315.1659030335984	0.66308033
2199	705.2674029276675	0.663697
2308	233.11319913220413	0.6648601
2204	175.1189590573864	0.6650249
2377	449.1877609621535	0.6660442
2512	481.24001065353326	0.6670737
1965	348.0702804593655	0.66856045
2736	248.13235581097027	0.66880226
2581	536.2928602947749	0.6688258
2380	330.0595314602828	0.66900325
2309	229.1181954328616	0.66904116
2415	462.2191952440078	0.66932577
1759	182.08120733293643	0.66998637
2334	165.054640927534	0.6701916
2382	430.1923031956474	0.6706977
2288	364.0649628043687	0.6714809
2330	407.250114731096	0.67185825
2129	318.16576700749454	0.67192066
2394	320.1815855942126	0.6729469
2400	321.16558666087053	0.67401636
2421	313.17535835432705	0.67427826
3016	279.1370059822944	0.67441386
1950	219.13384960817217	0.6753594
2358	493.2490176759914	0.6756382
2579	390.16156823980384	0.6756678
2430	254.1607622762372	0.67579246
2463	363.1565378764512	0.676825
2383	263.1963101977277	0.67803484
2439	412.17103392252767	0.67832553
1863	205.11828803159207	0.68053055
2403	269.10824494074296	0.6819332
2558	289.13873046628373	0.68274313
1897	362.1919612999329	0.6831038
2278	389.2025915567417	0.6856884
1995	558.2516881035538	0.6875922
2494	542.1857092743272	0.68886256
2509	440.1661293806554	0.68967044
2491	545.2213528229898	0.69076806
1799	226.1548770472984	0.69240594
2171	288.20291975270976	0.69241256
2484	362.1564488095084	0.69243103
2205	227.1585495870655	0.6925098
1940	428.2616487883012	0.6926905
2480	414.1270505854381	0.693947
1786	577.246190177894	0.69468266
2485	294.15445987814627	0.69495606
2526	382.1605593517046	0.69721013
2076	390.1865633736501	0.69814765
2567	346.0545197175437	0.69914734
2452	203.1390558137009	0.7007854
1758	490.2137290782969	0.7016659
2830	618.3107835117289	0.7017074
2660	209.1283291073801	0.7030871
2128	454.3021910890489	0.7044578
2473	814.2861815064572	0.7044641
1767	700.3262322845039	0.7062678
2549	223.06886789610903	0.7082421
2340	314.09144133571687	0.70846444
2229	332.1813535022816	0.7105369
2351	424.7031948981105	0.71065897
2010	707.2385275776801	0.71278524
1837	455.2247663184038	0.7135956
2584	340.1977446256648	0.7146342
1947	355.1973512999242	0.71524394
2407	268.1038839160208	0.7195313
2770	683.1915595693303	0.72170466
2683	461.2237863541655	0.72244424
2641	262.14822303048743	0.7234726
2266	237.08725983007025	0.72358847
2593	304.1500080002914	0.72364587
1975	561.2516597712735	0.72379917
3745	517.2797749158669	0.7243221
3493	261.1443868456582	0.7259777
2696	706.252297416679	0.72594017
2848	574.2476585596772	0.7271249
3937	387.7123067739647	0.7275732
2747	369.17416848744745	0.72885174
2255	215.1390002915088	0.72972625
2874	262.13860617904135	0.73075753
2404	275.17070170906254	0.7309614
2853	554.3040930340604	0.7315927
2191	434.260867483101	0.7319774
2745	201.0870134289768	0.7321285
2917	417.2451385204977	0.7325992
2819	375.2240216413698	0.73268783
2793	536.1848679090574	0.7328127
2291	343.1974841610166	0.73359334
2344	375.2060384209443	0.7340431
2907	641.3374805685459	0.7341885
2875	269.16061568612463	0.73581547
2760	873.4859057456622	0.73646003
2960	150.0584518746141	0.736536
2513	283.12665052107	0.7373455
2762	291.8330532920117	0.73814
3750	445.24477718460986	0.73823327
3514	347.1923373007504	0.7389145
2167	228.17060740326784	0.7392226
1954	489.230248355599	0.73921984
2803	402.2443302509294	0.7401813
2985	689.2725380104312	0.74047893
2938	295.176350146523	0.74138224
2304	212.1028838859126	0.742935
1889	348.17631512593937	0.74433875
2286	185.0921138020633	0.7445985
2916	259.1434321976616	0.7448979
2373	195.0765117648471	0.7449874
2345	230.1132846614224	0.7455233
3665	317.1816732464756	0.7466577
2862	476.2352449128692	0.7466591
3339	463.27534534525296	0.7467007
2957	227.65473203328187	0.74684805
2902	394.12775962079314	0.7469462
2406	327.6819077733221	0.74744916
2851	334.1606265949273	0.74746376
3098	391.2016203127617	0.7480018
3005	609.2981312993483	0.74799985
3186	277.65577527039784	0.74840826
2962	781.3954974368594	0.7486046
2772	457.2040953676279	0.7492273
2181	303.1660658857538	0.7492729
2303	234.0847985760165	0.7493832
2936	654.3571223282215	0.7502115
3028	498.2672346347284	0.75127244
3699	389.2027524032159	0.75171745
2953	385.194326194588	0.7517368
3899	270.1560200385785	0.7520179
2607	284.09892198364344	0.75242877
3139	258.10878311769136	0.7531893
4153	195.1232562452269	0.75325423
2667	269.0880764052379	0.7532998
3252	272.1600250584068	0.7541992
3061	221.09200832571872	0.7543579
3099	296.183846501029	0.7544308
3199	321.1718479521071	0.75465953
3072	506.2461492281554	0.7547416
3259	157.03523213901505	0.75537586
2726	551.2343306028055	0.7562405
3271	519.2804165799366	0.75740075
3257	389.23933242334266	0.75806856
3071	491.2843263471266	0.7584738
3070	171.11274267854623	0.7588592
2555	361.1713329033809	0.7588415
2920	164.07397087968215	0.7591731
3332	223.6250573247044	0.7599522
2200	524.2830331753044	0.76033574
3256	392.20359721477166	0.760896
3577	306.20201496242163	0.76195395
2216	748.3725960909892	0.76197183
3195	325.14827215596057	0.7622538
3024	807.4466044511906	0.76276153
3272	274.14907237692705	0.7631908
3021	290.17084286383016	0.76390374
2926	568.2723369527313	0.76424414
3004	246.14470964745337	0.76446944
3056	404.22699401733695	0.7649888
3103	284.4844295143659	0.7650276
2723	386.2397301022068	0.7652333
2260	341.1831054461141	0.76534665
3128	265.08509097811566	0.7654888
3069	432.2095858433114	0.7657704
3093	278.6632443868171	0.76611054
3089	292.1653288277723	0.76628065
3300	550.2356690475066	0.76626587
2922	513.3129364639876	0.76701933
3580	607.2915198618549	0.76706433
2742	446.2436889949508	0.7682532
2361	229.15470640663503	0.7683989
3190	414.2710032529136	0.769736
2501	199.1076690523917	0.7705668
2648	321.15674633498963	0.77109146
3630	705.1737688752606	0.7715227
3106	189.12338632642656	0.77162194
3131	374.6897225649664	0.77209693
2970	549.3029719167681	0.77212876
3034	543.2398932509732	0.77224237
3194	350.17389443770503	0.77265525
2523	400.2197800875744	0.77325755
3163	460.235397298294	0.7735599
3372	472.28807750094734	0.77434057
2977	345.2125601604756	0.7747497
3231	405.1980461553258	0.7748319
3116	260.16037600034474	0.7758643
3120	262.64492137888294	0.7762339
3405	416.2864249412305	0.7769921
2990	437.25027942746334	0.777157
3330	260.19682574191125	0.77768266
2531	872.3737872847428	0.77762884
2469	687.2949479828208	0.77968615
3221	337.6712033905573	0.7806846
3158	504.248182528743	0.78118616
2995	275.1550423044648	0.7812649
3439	572.3406265819252	0.78139067
2456	375.1871252869121	0.7814314
3053	252.1540732639269	0.7828341
3275	370.2085053838175	0.7829673
2560	525.3397617065294	0.7844751
3105	522.2664025225032	0.7848896
2532	463.2032085402303	0.7853566
2676	603.2254950651052	0.78542674
3003	674.3347472040468	0.7855279
2712	521.2563906582716	0.78615886
3456	446.2633518559387	0.7868673
3187	305.17089707941045	0.786907
2438	286.17583893454525	0.7869604
3846	217.1546081881233	0.78760535
2536	465.2015861366485	0.7877396
3818	263.19628829706926	0.7881306
3188	457.2399283487708	0.78840005
3902	306.16569893654014	0.78894687
2714	263.1732097967851	0.788955
3620	341.218313433831	0.7898918
3618	629.2889799457809	0.79035676
3181	254.161001929252	0.79040176
3364	290.13470237682566	0.79045576
3428	401.2000512186506	0.7925753
3781	247.6577667124747	0.79276425
3401	294.1813153656627	0.79337823
2566	267.1500777820361	0.7936665
3442	533.2933509683825	0.7948888
3205	476.7102335289007	0.7952544
3241	489.2628161322257	0.79574
3488	197.0921090878176	0.79656875
3313	260.8054817103813	0.7968471
3045	305.153229002028	0.79693854
3585	657.2821973105736	0.7977822
3154	430.2295869375347	0.7978068
3334	397.2192594868986	0.7982805
2707	214.11856856104308	0.7988351
3735	276.1559417477453	0.7990836
4376	550.1183902419859	0.8010095
2674	357.2129450936882	0.8012646
2634	251.15022319001807	0.8017474
3523	219.1339216348845	0.80339646
3635	235.11872670067467	0.8039866
3738	344.18133629982555	0.80481505
3458	464.2068458024968	0.8055612
3296	468.257341566921	0.80557835
3829	288.2031780216976	0.805804
3292	722.3377884384578	0.8058904
3396	589.2821273343501	0.807539
2715	155.08154420447235	0.8076906
3551	247.1103508757853	0.80778545
3009	278.67655599817084	0.8091556
3457	818.4617181637161	0.80915916
3423	255.16480635839395	0.80921596
3505	473.2366208213044	0.81043655
3890	218.7904957586007	0.8110266
3282	531.2407328780455	0.81110114
2675	465.1652787481349	0.81114995
3251	390.70432500692567	0.81118846
3578	476.1992546931514	0.8115821
2689	467.1648963291758	0.8118099
3414	361.6714649242113	0.8123781
3192	368.2187459773	0.8127144
2664	487.1473119673891	0.8128063
4740	316.1868363513359	0.81366956
3411	426.2237416836845	0.81434375
3799	426.72031380108	0.81508875
3307	256.1768797572845	0.8162821
3385	565.2970827266888	0.8164023
3534	556.2738293280221	0.81763357
3532	273.6473433911042	0.8180932
3389	414.2141823068752	0.81865126
3621	485.3081158708553	0.8190065
3288	546.288339030757	0.8190962
3424	373.2080806618165	0.8196592
3911	494.3083507287037	0.8203238
3384	310.1159431755078	0.8203667
3420	253.90936709074944	0.8214776
3284	286.1517372188831	0.8214886
3416	239.1366081476069	0.8229832
3237	631.2739963158025	0.8235477
3942	455.224702686614	0.82373357
3409	308.15798979847915	0.8252826
4072	234.08476328321777	0.82609105
3392	409.7342787090087	0.8264613
3421	183.6104784663692	0.8264896
4228	253.1180245194768	0.82649976
3557	831.4021899763811	0.82659423
3297	267.077376779929	0.8267024
3644	499.24885822965695	0.82677597
3266	459.2260737358162	0.82712543
2791	195.11278636041115	0.82773477
3575	362.1921979939536	0.82881564
3461	543.3137080479692	0.828802
3634	615.3353233053664	0.8297088
3552	223.10768597546016	0.8299702
3689	457.2056678392388	0.82995355
3276	646.322637370409	0.8302145
3996	294.1548651359324	0.8309808
3616	431.21256159788834	0.8312121
4755	371.239975116538	0.8316337
3753	313.1741138753925	0.8317388
3681	391.1939314984506	0.8320409
2813	245.16077521480173	0.83309275
3480	324.66621572208544	0.8334004
3524	367.21677189671993	0.83382404
4283	477.218461629721	0.834118
4060	198.0432704741473	0.8342292
3464	388.19562468928825	0.8342779
3308	245.0953368016096	0.8353617
3295	323.6646751637607	0.83545977
3795	346.1972780758256	0.8357059
3533	294.1431615654161	0.8361793
3418	248.1007352293844	0.8383637
4062	361.2438436148358	0.83897734
3978	700.3258761685294	0.8395574
3281	479.2222714586897	0.83972627
3477	515.2618168171396	0.84025073
3291	366.21344289107	0.8403033
3769	588.2620371020248	0.8405798
3838	165.05459336766248	0.840698
3948	219.07969759505224	0.840786
3584	229.11822190150667	0.8408435
3063	213.0869740826778	0.84150374
3632	437.24018319841446	0.84405833
4108	228.1706254496236	0.8441182
3915	511.2526944200872	0.8449896
3919	201.12334536558868	0.84613854
4633	239.1023990404944	0.84650296
3671	226.11851537891968	0.849169
3887	334.16066536467645	0.8496335
3709	304.18677124143994	0.8497945
3470	253.12946070784784	0.8500175
3810	552.3022982788253	0.8501487
3631	428.2868948350324	0.8534355
3655	318.1658389776188	0.8543826
3686	199.11440056063188	0.85439956
3663	440.2508862190329	0.85518306
3869	409.2074791199256	0.85601985
3852	369.1744658027823	0.85625124
4190	561.2518881794999	0.85633326
3132	182.08126490697012	0.85935897
3255	444.7158231989968	0.8593567
4591	221.09119453313343	0.86045617
3860	390.1865298573679	0.8609113
3780	387.2239275285658	0.86186534
3963	730.3972094493247	0.8618641
3994	231.097403492899	0.8628697
4053	355.1975291987201	0.862991
4161	321.17262550291946	0.8629963
3896	279.13377673654696	0.86398643
4063	631.2749856879581	0.8652773
3831	166.08621582980834	0.8658102
4196	641.3368121845981	0.86600256
3876	167.08230044536754	0.8662595
4110	422.1986486323502	0.8682369
4204	328.6848438632033	0.87054366
4008	302.1702687321696	0.87173426
3884	331.1647236541574	0.8729078
3858	328.1383380858701	0.8729782
3185	267.1338979957996	0.8735272
3191	177.10227600473007	0.8760333
3563	247.12918184601864	0.8776573
3561	322.18740894174084	0.8786664
4254	284.09896149617373	0.87875843
4138	365.1793235696299	0.87911916
4024	348.1763469874572	0.8793866
4209	243.15771118188675	0.8798499
4133	400.21977227783066	0.8800489
4027	424.7029335112919	0.88012487
4147	526.2615721046783	0.88089955
3930	483.2819080252576	0.88113487
4031	568.2724021285371	0.8822947
3987	332.18167747524546	0.8840164
4237	362.1552999129369	0.88434064
4587	215.1389890622222	0.884463
4061	543.2404183596149	0.88520575
3932	485.2613892781121	0.88525826
4255	654.3575191527456	0.8855248
4232	259.0922807702695	0.8863272
4463	157.03521485509685	0.8866836
4272	618.3124688510653	0.88708645
4333	229.15470125522413	0.8874631
3923	803.3768299027406	0.8876323
4004	436.7272063015608	0.88929754
4035	345.1844341076453	0.8897961
4343	341.1827334555266	0.8908125
4086	293.6815534257768	0.89092153
4022	706.3240740862135	0.89095676
4146	437.2504411391965	0.8912237
4244	226.15491170956275	0.89163184
4416	201.08706598673456	0.89286464
4169	343.1976925924325	0.8933723
3973	188.06820311648207	0.8935667
4150	278.6634088471513	0.89469254
4178	209.1272631561956	0.8960993
4247	600.2982936892063	0.89805675
3992	283.12760409410595	0.89850825
4163	376.1707143523455	0.8985684
4084	412.1694791086643	0.8989863
4030	385.1948550946535	0.8991569
4195	414.1272583914708	0.8992144
4419	262.6448476755203	0.89990824
4253	199.10736754727773	0.9001846
4289	476.234883764804	0.90019965
4332	783.3994399208843	0.9007815
4241	618.2731661466943	0.90125656
4456	576.2993315994352	0.90317476
4379	236.14970717989453	0.9042044
4054	506.8123142304852	0.90437114
4336	524.2811533672851	0.90445685
4477	377.1490180433289	0.90449715
4291	181.0971977556434	0.9047734
4023	437.7486840551634	0.9052901
4302	340.198101585945	0.90557647
4521	321.1569887844097	0.90676075
4502	485.185231954754	0.90687144
4544	290.13498442219014	0.90701824
4215	359.26464622964323	0.9077663
4340	628.3281251402675	0.9082336
4508	361.170879873859	0.9083866
4432	292.1660380241781	0.9088969
4795	489.2304345763391	0.9091975
4612	214.11862691371672	0.909356
4303	375.2059379516041	0.9107139
3789	366.1655430448748	0.911221
4798	460.234742437565	0.9127287
4115	731.4199701899316	0.9131604
4399	613.15166310838	0.9134179
3872	320.1821234596204	0.9136651
4421	644.3066051901421	0.91422725
4528	472.2885053205901	0.9145662
4287	591.2963151564569	0.91496867
4279	233.14945567156272	0.91507137
4465	572.3407201969009	0.91544807
4172	432.21155182008425	0.9158931
5132	256.1769114189632	0.9160271
4648	533.2929145553203	0.9160841
4159	291.83348126696546	0.91613215
4517	486.25709935162666	0.9171498
4542	542.1861328978857	0.91777885
4470	374.689646695922	0.91788256
4406	318.202223404007	0.9179338
4522	331.1973089650913	0.9179406
4422	471.2930712742407	0.91805685
4231	338.20976998006097	0.918181
5115	259.1435482009306	0.9183842
4553	599.2773337442479	0.91873944
4370	550.2340587165303	0.9188285
4687	421.1925959232746	0.9190595
4760	254.1609538216348	0.9191112
4205	490.2134025293532	0.91947037
4334	392.2034787120923	0.9197502
5075	504.2483663773344	0.919927
4315	522.2669941376822	0.92068744
4603	465.2030226330666	0.9219493
4552	517.2791059115874	0.92208815
4445	748.3719383913973	0.92249006
4490	341.68531700598135	0.92320216
4377	446.22252347785127	0.92341375
4511	588.2630297775781	0.92374355
5070	457.2404554897944	0.92378294
4476	441.1887584616081	0.9238305
4656	687.2953585843571	0.9238467
4408	417.2456206711928	0.92488146
4631	357.21298811277063	0.92499095
4354	290.17084290848663	0.92577374
4383	273.647532821034	0.92587256
4351	253.90938749313852	0.9260598
4384	348.1958439555642	0.92611927
4420	275.15511594475856	0.92660975
4583	637.3679091279021	0.92668587
4598	459.22650817524254	0.92759347
4479	290.1533424191589	0.9280191
4623	267.1500705908581	0.9281166
4615	328.1825515249226	0.92816335
3812	675.3338999737151	0.9282483
4373	347.1923164925045	0.9285903
4660	294.1816172268775	0.92874736
4466	327.68230641128304	0.9288028
4412	392.1807372710376	0.92882186
3894	334.1965463505297	0.9289632
4418	531.2408691722441	0.929193
5269	521.2575278388836	0.9293906
4263	279.1360644272548	0.93007916
4487	375.18716008219576	0.9306107
4635	306.1658093947104	0.93112683
4584	267.0774063886094	0.93160033
5043	388.1956379816157	0.9322267
4458	679.3516531181516	0.9340653
3751	570.8409165598489	0.93435705
4596	573.2511705675619	0.93515545
4338	211.10707450255424	0.93533754
4410	521.2248477208957	0.9366481
4582	582.3251234369606	0.9371875
4438	460.2769191524914	0.9374225
4509	164.09331543199147	0.9374533
4268	241.11646652728183	0.93824214
4320	391.1996702583693	0.9387538
4447	361.67167935756646	0.93928707
4167	354.2017598275427	0.9396006
4624	625.3411287209233	0.940003
4425	223.62507911046893	0.9405111
4461	549.3032350500339	0.94074076
4484	305.17133748857435	0.9410101
4756	325.14979996288616	0.94134456
4472	183.6105053832609	0.9414398
4762	261.14418342466473	0.9415381
4741	373.280425553567	0.941564
4495	219.13391840504804	0.94189876
4644	603.2257096042729	0.94305736
4693	547.3229850562711	0.944871
4357	263.6343407368591	0.94585586
4716	487.1471718573107	0.9468224
4311	397.2195172016287	0.9478405
4764	278.6767190850508	0.94838107
4732	556.3184309146174	0.9483739
4559	511.1651681330544	0.94866306
4430	430.2298608011461	0.9498364
4578	418.7216457234542	0.9501345
5180	245.0951789688341	0.95016026
4674	350.1377804732132	0.9504317
4561	253.1294827627408	0.95101076
4837	463.20255479765336	0.95101285
4719	467.16493665590974	0.95171773
4607	251.15013849375245	0.95216125
4313	417.1993994293837	0.9524369
4527	546.2883716114856	0.95331585
4652	543.3139502956033	0.9534289
4590	553.3341914563457	0.9537319
4840	245.1606840205899	0.9537842
4702	629.2888607085791	0.9543156
4749	465.1648184992041	0.9558122
4742	310.1162072124412	0.9561364
4686	485.3077495114341	0.95632374
4649	294.14274798889625	0.9565754
4723	169.0970304113063	0.95662266
4696	341.21839362255355	0.9572993
5100	565.2963827636382	0.95820016
4637	446.2622029856264	0.9590736
4457	587.305445951096	0.9596081
4802	195.11279436657912	0.9601211
4678	366.2134985678854	0.96128035
4709	414.2710768496812	0.9619608
4659	189.11348787821493	0.9622884
4672	442.26584586944216	0.9623443
4856	419.2148897812282	0.9649383
5047	368.2187826045488	0.9653572
4661	362.1925422795592	0.9654767
4668	272.160319587474	0.96587455
4688	273.16409447918244	0.96616584
4784	722.3382481328478	0.9669179
4720	476.7104946438887	0.9674618
4717	431.2124270693952	0.9677365
4917	321.1730654510034	0.9678288
4867	213.0869213393193	0.9686009
4813	217.1545887106399	0.9688486
5133	367.2166653663352	0.96918553
4959	588.264121521495	0.9703403
4787	243.1338024999136	0.9713052
4782	440.2506569057246	0.97148424
4746	389.2025699499812	0.97217757
4761	391.2342698097604	0.9744329
4597	438.243329482829	0.97501796
4745	486.2769408165202	0.9763101
5076	446.2444647004492	0.97680986
4808	409.20697726784766	0.97733766
4577	410.1743086417553	0.97751784
4955	369.1745375975058	0.97816944
4715	646.3228399744705	0.9791103
5004	243.1576874000804	0.9803421
4826	411.17592301704974	0.9810105
4868	574.1295781252865	0.981889
4863	356.1441551771641	0.9828262
4804	437.2403342867645	0.98388016
4175	244.1000966552745	0.98401356
5006	303.16580468089927	0.98503864
4965	479.22229161591866	0.9857607
5265	525.3399775467194	0.9864812
4894	528.3142861395321	0.9867129
4899	318.16601892356255	0.98675656
5377	391.1985645754686	0.9879944
4999	252.62811997270023	0.988072
4969	274.1766916305089	0.9892397
4994	305.15328409004206	0.9895714
4729	674.3356126936676	0.99080795
4895	387.22385975098376	0.99103916
4226	534.1913832333439	0.9912299
4805	783.3625889641576	0.9915527
4989	543.2407339018714	0.99280035
4825	512.1957365206788	0.99321485
4568	323.66492099233943	0.99353665
5550	348.1764254881979	0.9937258
4424	515.2175255660882	0.9948921
4799	378.1268269200161	0.99494416
4836	330.20195683452414	0.99598795
4838	166.10103827018065	0.99696916
4864	167.08377014746145	0.9979252
5104	781.3955585469195	0.99827105
4862	522.7638101910663	0.99978983
4853	532.2607818505927	1.0013316
4439	210.05040287140903	1.001549
5000	185.092169787136	1.0020175
5434	226.1184156116949	1.0020344
4832	518.2138122782981	1.0021722
5547	331.16504961441314	1.0038155
4281	286.17588005551846	1.0042164
4748	189.1233338970553	1.0046953
4875	249.82591420280264	1.0049571
5606	166.08649315257293	1.0053407
4918	178.08960103105204	1.0065168
4920	188.06828644607245	1.0067183
4922	355.18572974721013	1.0070049
4903	373.1718397099818	1.007714
4666	589.2824727653453	1.0078515
4928	199.14407391716483	1.0082611
4876	337.6711176627443	1.0091488
5134	443.2251095327503	1.0103558
5002	226.1548558655873	1.0107553
5061	166.02667744448658	1.012102
5026	353.14731666182905	1.0124371
4765	653.3617893622985	1.012601
4972	376.1710536905744	1.0129277
5021	189.071690753481	1.0130919
4990	344.18138342680976	1.0152736
4551	246.1448089749053	1.0153415
5019	407.1922750765438	1.0153798
4960	302.17050794167614	1.015681
4981	524.279570949841	1.0163177
4947	390.18640504598034	1.0179222
4680	506.8122584534961	1.019178
5321	308.1577446825733	1.0200176
5502	328.1386438293265	1.0202188
4987	209.09184896764367	1.0209522
5224	654.3575793681175	1.0235932
4854	155.08155522574555	1.0259832
5044	359.192293276862	1.0262463
4968	506.1916403244183	1.0268078
5046	195.12261353691576	1.02795
4931	807.4473593997859	1.029159
4998	423.234065650177	1.029817
5227	531.2410922915358	1.0301236
5680	441.1868592257582	1.0313611
5231	446.2223504425274	1.0313907
5054	441.23425710614345	1.0320829
4941	203.13909277348048	1.0335362
5092	490.21413430376913	1.0342423
5117	296.1841516271046	1.0343834
5020	461.2235275040965	1.0351743
5161	417.1985859031909	1.0358162
6089	602.2786047306618	1.0370365
5088	440.214636473168	1.0373086
4681	263.17328481208057	1.0378828
4938	374.23491264405504	1.0385791
5094	437.24784713755264	1.0386512
5108	242.09974294123143	1.039115
4861	345.68679413370984	1.0391946
5111	647.3221638948935	1.03981
5103	400.2194447143372	1.0398749
5140	468.1942351183524	1.0400976
5120	364.1536427308976	1.040706
5324	195.0764282645399	1.0407809
5157	423.1872894392224	1.0411674
5138	468.2826452162287	1.042435
5352	230.1133771877996	1.042941
5369	215.138993382777	1.0435249
5256	461.21010288030095	1.0441093
5322	417.2457113377113	1.0443659
5022	512.2743627669682	1.0444521
5150	220.1178516320812	1.0447705
5141	435.2806105536452	1.0448357
5032	515.7642134361976	1.0448297
4585	473.2362083472435	1.0450122
5163	475.1808701456671	1.0456301
5258	662.3172930656917	1.0457565
5166	242.1859830141356	1.0460565
5085	343.1975856140892	1.0468425
5188	518.2391551462279	1.0473326
5325	243.1897886753813	1.0475669
5147	304.1870765399053	1.0475706
5106	522.2678233463315	1.0476
5113	437.2463148971854	1.0476495
5845	354.2017403047279	1.0486366
5015	499.2475882885236	1.0487193
5013	428.2868657113385	1.0499235
5193	343.84396059106064	1.0503712
5340	549.3030287556959	1.0505886
5148	223.62501414873057	1.0509043
4976	675.2830369829554	1.0512255
5271	631.2757435270843	1.051352
5213	376.15199990356535	1.052836
5800	288.19182589195253	1.0528505
5533	637.3676517821175	1.0528977
5317	392.2018643334778	1.0535555
5164	515.2630080969273	1.0536116
5385	455.2498500170915	1.0536462
5241	459.24646808836457	1.0544076
5445	430.22996068986384	1.0545939
5018	588.2988880292307	1.0554868
5234	234.0849143713353	1.0555934
5910	457.2079075636427	1.0568054
5215	474.2189228174268	1.0571883
4726	279.1340042949841	1.0580226
5296	384.2125872015914	1.0582219
4963	409.7347179760789	1.0596575
5053	157.03519588770197	1.0609672
5276	347.192309181844	1.0609661
5177	158.08118016461214	1.0611247
5230	250.0384764935069	1.0613115
5282	431.285719887286	1.0621814
5464	331.66234445550526	1.0629278
5329	1029.5183335630345	1.0631411
5446	543.3136922513889	1.0633345
5272	523.2485361708408	1.0640882
4779	873.4869757439594	1.0641472
5250	359.2645065402686	1.0643568
6107	653.2572251714663	1.0651306
5418	366.2134281703396	1.0679452
5412	275.1553310883333	1.0704497
5127	429.2323017165471	1.0704616
5217	291.8334051205335	1.0716945
5375	546.2878252659723	1.0731214
5484	485.2639651988713	1.0732836
5275	260.1604264538395	1.073699
5353	348.0703309992489	1.0737224
5302	519.2325593009709	1.074046
4890	635.2877166659356	1.0742173
5467	272.16014503274704	1.0742671
5307	241.1166070680893	1.0752561
5350	231.0838104867437	1.0755267
5519	454.3027072048856	1.0755306
5233	415.21848378861694	1.0760746
5219	444.7159665556943	1.0761433
5172	730.3988859026362	1.0764173
5069	341.183013045372	1.07662
5341	177.10212941701798	1.0772815
5371	251.15022868815404	1.0774516
5378	511.25116016455496	1.0777911
5333	597.1568984215158	1.0778838
5221	462.2312071907319	1.0784764
5395	448.2651690083917	1.0794606
5240	377.2393062232162	1.0799694
5401	362.1923767562234	1.0800629
5428	317.1816674534355	1.0820899
5466	245.16064374122328	1.0823779
5609	722.3388457318151	1.0829647
5507	379.19531151729433	1.083472
5137	219.13400506748803	1.0835599
5508	267.15009511476194	1.0835708
5470	276.10773578491035	1.0838026
5242	182.0813381348175	1.0852109
5155	253.90945735320983	1.08542
5495	356.1787016762773	1.0858104
4611	609.2992754788768	1.0860304
5178	440.2504668138807	1.0882689
5278	552.303238125854	1.0883813
5604	460.24081276883874	1.0888059
5169	488.3092931354991	1.088973
5332	306.16554547044075	1.0893329
5387	447.7245330847175	1.0913122
5634	646.3229805188043	1.0918959
5583	183.6105461536584	1.0925974
6684	568.2719224260819	1.0929302
5717	526.3431047517303	1.0936592
5478	762.4142425568848	1.0941751
5485	342.1634012290728	1.0945997
5351	212.1029198873565	1.0949092
5491	381.710390085623	1.0969036
5567	253.12962282281595	1.0972362
5675	431.2129271608951	1.0973533
5383	541.2123270345154	1.0976851
5476	688.2660566483852	1.0979111
5516	610.284256970767	1.0980071
5551	489.2635303468499	1.0983192
5300	341.2183984736849	1.0998592
5309	262.64495258437125	1.1003808
5690	323.66499407527374	1.1009971
5109	324.1648123753731	1.101196
5430	292.12913134309633	1.1025919
5836	254.16093881641464	1.1028959
5316	501.2659278091013	1.1046302
5014	392.18098101624327	1.105181
5797	314.1111879947761	1.10521
5591	223.10784904217448	1.1061616
5171	334.16152422010896	1.1064755
5592	340.1975274408037	1.1071336
5482	249.1258143340597	1.1076247
5455	239.10162583959053	1.1076692
6404	334.19705634851164	1.1077158
5336	365.1794481938984	1.1080309
5481	514.3216865647855	1.1084236
5062	247.1108500454734	1.1086398
5546	354.0784249451186	1.1086794
5594	642.2586888739853	1.1088808
5535	320.1818479780504	1.1089723
5586	751.3725442392357	1.1089553
5306	249.0847113493692	1.1091031
5370	227.1025938172985	1.1096152
5315	221.09174423754456	1.1100024
5450	404.2269967606906	1.110029
5091	433.19241860529286	1.1101382
5543	713.4190308309217	1.1105162
7459	345.2492317170808	1.1106406
5734	375.18753797112345	1.1111448
5614	585.3608136352511	1.1113086
5875	188.068236424522	1.1119184
5529	199.10773374066912	1.1121948
5274	464.2065826781013	1.1122279
5801	769.3825835583359	1.1122246
5587	230.1579980329176	1.1128802
5392	213.0871327533636	1.1145257
5610	457.3014458568271	1.1159662
5539	318.1478831077813	1.1161034
5678	256.1768123807762	1.1174285
5892	361.2082418318285	1.118714
6703	457.2404092238526	1.1188953
5432	618.2735337029668	1.1196924
5919	324.6663199868137	1.1198515
5605	229.1545486189385	1.1202933
5681	477.216283914659	1.121623
5745	268.12752091675367	1.122303
5978	268.1045693729397	1.122638
5857	394.1276022557657	1.1228051
5382	332.2179392032688	1.1230427
5898	565.2965074937913	1.1234808
5548	269.82051181999555	1.1250176
5897	446.2618903852819	1.1251336
5419	644.3071849729881	1.12539
5825	321.15663922243726	1.1255099
5441	355.1616855939107	1.1261055
5774	589.2830024812753	1.1267272
5553	410.1748722642524	1.126767
6044	209.09212830597292	1.127263
7187	397.21930908956034	1.1272696
5486	374.1380132851932	1.1280253
5698	290.085955964697	1.1282616
5411	233.14963680414385	1.1285433
5709	360.2124931042756	1.128964
5623	328.6849906336517	1.1301101
5684	499.2007860036925	1.1303775
5673	211.10717791549496	1.1306767
5830	570.8415064168743	1.1310778
6579	435.2085195783767	1.1312828
5746	361.6728917876538	1.1314093
5931	668.304956204039	1.131632
5699	294.18107485208645	1.1320825
5850	321.17194103851955	1.132517
5927	302.170492420977	1.1325557
5617	331.1973095133827	1.1330254
5643	201.12345465892503	1.1334121
6052	336.158300766472	1.1334031
5436	465.1653362363615	1.1343069
5615	246.1448308083261	1.1348203
5732	459.1847417712012	1.1351464
5822	472.2887009663497	1.1352475
5554	475.2555075307874	1.1352761
5821	391.2350525652804	1.1357542
5757	400.2557539189834	1.135997
5886	361.2441397271751	1.1360294
6097	506.8123702918597	1.1361281
5736	380.193588119633	1.1372999
5687	665.3511269132636	1.1377262
5503	374.6894489379257	1.1384884
5989	340.18440138050954	1.139027
5710	847.2858546300129	1.139158
5726	281.1494315008169	1.1394562
5827	489.2917897446292	1.1399511
5689	507.2821584559888	1.1406373
5796	568.2225689809258	1.141153
5337	332.1821138426167	1.1417931
5918	426.720218204156	1.142107
5939	226.1185320683157	1.1421558
5596	620.2797316088894	1.1426898
5792	481.2991722285186	1.143491
5581	410.23650920810326	1.1447014
6056	504.2471998014288	1.1448478
5834	427.2215790761852	1.1449264
5632	318.2024963292803	1.1454562
5541	228.10627595628017	1.1454803
7003	674.3361687451815	1.1456748
6637	515.3206656336462	1.1459613
5645	299.1002667736095	1.1462256
5846	577.8247249765221	1.1464446
5688	460.320064270945	1.1471364
5853	288.20340783849383	1.1473261
5870	526.2614153006035	1.147307
5908	195.11287976623527	1.1477354
5667	286.1760102690075	1.1478975
5840	254.6290406310449	1.1483725
5658	224.13834970944825	1.1484333
5844	337.6713278036663	1.1484612
5520	533.2951390093777	1.149095
5107	263.6342782312592	1.1501526
5805	357.2133489494239	1.150359
5835	316.1863125031916	1.1510036
6148	228.1707479763704	1.151251
5468	669.318596579302	1.1513039
6256	473.23648583508015	1.1517301
5905	690.3673496158004	1.1519704
5902	511.3132526277455	1.1521657
5819	459.3174504126836	1.1523145
5883	548.2441966083845	1.1545746
5923	599.2075611941922	1.1549742
5766	546.2416165133516	1.1552922
5941	437.2035101521104	1.1555876
5685	361.1720110082568	1.156328
5320	691.3021494084855	1.1564708
5693	356.14448914728405	1.1567576
5889	305.15331660501744	1.1568162
6041	255.13194606742937	1.1569204
5674	551.2931556520367	1.157424
5901	345.6866786252014	1.1593237
6076	446.2437606195351	1.1594837
5650	641.8728669517822	1.1597912
6224	417.2456716195717	1.1603173
6253	515.2170455009157	1.1604395
5980	600.2986785855063	1.1616108
5782	371.2400274690261	1.1627027
5929	243.1340379451241	1.1627345
6007	314.0916708417929	1.1636926
6551	300.1918589329068	1.1638227
6133	825.3589479128066	1.1643679
5984	402.1924517289049	1.1645682
6027	767.3188590695479	1.1645702
6029	276.1702098075072	1.1647359
5987	803.3773155977971	1.1647176
6183	631.2753768144631	1.1654267
6562	641.3373273631234	1.1654344
6091	355.1989009505997	1.1658144
5921	436.7277009965721	1.1662037
6035	627.2379675053423	1.1665826
6057	485.3082135654254	1.1672393
5692	807.4476175559489	1.1674947
5405	465.2032369204181	1.167568
6335	534.1911346429933	1.1680853
6440	650.197901192866	1.1685611
5798	294.14378842279626	1.1688204
6239	412.16872412407326	1.1689322
6472	504.23004366299335	1.1694069
5770	748.3688083232372	1.1694545
6016	261.1446001748302	1.169828
5723	487.1475556362675	1.1698467
6175	486.2576470515256	1.1701845
6772	523.222090198861	1.1708555
6072	574.1300416556759	1.1718844
6634	215.139137673715	1.1732525
6087	181.0972374103696	1.1733145
6081	562.2916973844633	1.1733114
6325	630.2431448030361	1.1735038
6535	166.0863518404127	1.1750143
6024	409.734941214968	1.1755505
5218	476.7106509193313	1.1769447
6226	508.2395429202174	1.1773791
6088	467.2607363440818	1.1776695
6019	318.1661722516575	1.1778934
6340	436.2132972342773	1.1778946
6489	549.3031003754343	1.1782339
6103	405.1978284012744	1.178298
6130	283.1267525807302	1.1788772
6760	431.1954725787761	1.179305
6117	675.3352413389435	1.1808319
6963	199.14424265679503	1.1812488
6128	376.1717541251598	1.1814793
6156	391.1906774380717	1.1814977
5342	169.09727695316923	1.1819048
6362	444.2458079858833	1.1821587
6169	516.3387486926568	1.182873
6873	247.12897351186217	1.1833544
6478	546.2865440227672	1.1834593
5799	270.1552391537598	1.1839596
6159	245.09542417892013	1.1842892
5936	432.21139578047286	1.1845725
6075	664.2203211679303	1.1854855
5993	577.2478986153375	1.1866184
6283	498.7415021913381	1.1869161
5937	416.2058320338679	1.1877137
6083	409.2060136324363	1.1878977
6238	460.2362881361224	1.188054
6891	178.08977116120795	1.1882683
6084	463.2019724662845	1.1893369
5960	559.2377354024371	1.1898143
6641	525.3400850556294	1.1904827
6896	239.636713290156	1.1905606
6051	447.2261681944117	1.1911353
6447	388.1949252764668	1.1913213
6115	410.20890983259375	1.1916423
6299	276.155595533359	1.1921297
6205	255.1644657241632	1.1923509
6397	274.17616058543547	1.1924736
6699	155.08164061321017	1.1925336
6308	556.2730027349667	1.192542
6748	747.4623561998519	1.1929843
6534	244.10036043879435	1.1932691
5477	428.2519100165362	1.1941636
6434	231.170405039553	1.1947116
6332	263.17331539642504	1.1954707
7153	601.3562532799139	1.1956278
6229	267.0775230337411	1.196114
6421	366.2137192022441	1.1962731
6482	522.2701378254184	1.1973222
6365	189.12344148912737	1.1973753
6638	610.2855525620846	1.1975315
6740	250.16004753176563	1.1977546
6837	338.1701371525974	1.1981514
6289	331.1657122422102	1.1983477
6583	401.2015120731179	1.1984755
6599	374.2346754202821	1.1986432
6173	494.2257348247617	1.19905
7039	621.2358539934997	1.1991979
5899	604.2104048658101	1.2001765
6323	895.3784287420887	1.2009754
6367	556.3188148718582	1.2010252
6756	515.2632498977774	1.2018672
6456	269.1253563446915	1.2020358
6514	391.1983447498219	1.2023414
6374	414.2370048585606	1.202816
6716	511.2513822051974	1.2032954
6504	437.2480960980572	1.2058772
6244	588.2686512068639	1.2060213
6550	437.7488975355551	1.2062725
7414	373.2276075762144	1.2063333
7106	390.18706590003546	1.2066113
6416	461.33285451862207	1.2067503
6720	183.61059567982107	1.2069936
6341	428.2869916810066	1.2073523
6165	371.2290343852166	1.2074807
6442	873.4875257560271	1.2075186
6066	359.19248829464533	1.2076842
6492	783.3990150380315	1.2079723
6431	483.3148781571641	1.2080168
6310	290.1534162086718	1.2080501
6481	291.8335658725845	1.2081273
6417	232.17354318352207	1.2084327
7477	671.3202306000321	1.2085773
6373	236.09501254047777	1.2093773
6643	249.8258133071652	1.2102133
6337	368.2302538200819	1.2102599
6347	644.2170900500093	1.2106769
6443	359.2651045282485	1.2111124
6407	489.2647479074082	1.2113563
6645	474.2590854038844	1.2115479
5788	706.3243474042115	1.2115668
6188	223.6252477313956	1.2117655
6672	414.27109271922393	1.2124423
6457	975.3438972686432	1.2125537
7218	229.11842093528543	1.2126571
6427	253.1519776163184	1.2131144
6631	543.3147253930432	1.2133386
6727	469.2396497798129	1.2133601
6301	449.2239573019501	1.213608
6502	342.1635657168788	1.2136348
7240	228.13430584747	1.2139472
6541	273.1642063400628	1.213955
6108	290.17094792184	1.215016
6391	262.64519748333964	1.2151058
6277	318.67704999662186	1.2153256
7008	795.4228709630528	1.215927
6494	203.1392172373595	1.2160403
6396	307.07943677167947	1.2164414
6698	389.2029449475714	1.2164867
6862	479.2228873833173	1.216571
6531	328.2227520490377	1.2166383
6819	622.3094463409595	1.21734
6780	417.1985523994972	1.2178968
6378	253.11825649892708	1.2179604
6573	576.3246103649691	1.2182648
6473	612.2988235501452	1.2187752
6189	669.3591345609067	1.2187846
6561	217.154551185411	1.2191573
6376	437.2137751231768	1.2196369
6363	455.22526750991466	1.2197837
6382	490.2146921396256	1.2203097
6618	613.3199909346858	1.220331
6293	423.2249574813864	1.2214615
6420	575.3412679572203	1.221803
6587	437.24025612667424	1.2221359
6422	242.18604335637747	1.2224057
7628	237.08612419739453	1.2226671
6309	531.2422490832793	1.2228669
6465	558.2412892551612	1.2231464
6640	468.2068284410722	1.2232376
6406	515.2835725213525	1.2251185
7307	448.2402829850296	1.2251762
6586	589.354595597482	1.2253319
6415	675.2825602225911	1.2262508
6588	317.1820624194346	1.2263079
7612	612.3721148133195	1.2263293
7324	247.0914818106181	1.227498
6725	709.3397292708171	1.2276785
6940	182.0813002825076	1.2280464
6731	458.29767971060704	1.228067
7016	609.3001480179746	1.2282473
6753	199.1077516948436	1.2285557
6469	316.1507433408796	1.2286254
6412	366.1638391806497	1.2292094
6670	574.3447997144605	1.2295914
6454	532.2618256332572	1.2296392
5917	477.24115401869295	1.22966
6964	167.08323124469928	1.2297922
6682	616.3326599824763	1.2303922
6138	447.2244856007168	1.2315669
7520	387.223868716086	1.2331336
6886	441.1865891573803	1.2335073
6792	717.3287194131624	1.2335645
6042	458.2235651102637	1.2338834
5672	330.2024956861912	1.2341163
6547	514.3219741524422	1.2344842
6708	515.2459096969534	1.2345216
6750	225.1224695162923	1.2346357
7278	730.3989334176235	1.2350427
6350	752.380149372557	1.2350582
6624	331.19737044523833	1.2360919
6033	459.2275242592369	1.2361594
6947	565.2966588142672	1.2362123
7378	302.1841208202835	1.2363787
6683	562.3807772506389	1.2366805
7270	489.2279504145175	1.2370057
6576	407.1919236818421	1.2379304
6809	269.11114492735413	1.238031
6652	188.06851546698732	1.2387934
6828	308.15784697289723	1.239019
6251	405.2706130709225	1.2392012
6702	695.3474338126997	1.2392036
6736	188.106829908068	1.2392733
6747	706.2529008355842	1.2392733
6752	480.2800098748102	1.2401745
6763	320.1817975914451	1.2409519
6681	253.9095085893148	1.2411785
6571	422.20088479891353	1.2416371
6715	222.112326447009	1.2422752
6554	728.2495451816624	1.2427369
6649	644.3080489884678	1.2429528
6764	523.2485130546244	1.2430993
6777	537.2272002556997	1.2431227
6507	469.206195037006	1.2436305
6648	414.21468907327335	1.2440032
7411	295.1289054930804	1.2441859
6754	563.2958239760341	1.2441608
6879	341.21864352747855	1.244402
5616	189.11398376909543	1.2444246
6826	367.2163777274876	1.2446095
6857	215.10289426706984	1.2446263
6610	672.3769112762378	1.2447271
6915	375.2059277295037	1.2453195
6225	461.2239847652301	1.2453939
6778	345.18500275134625	1.2457589
7350	687.3569793946779	1.2464677
6797	532.36966216465	1.2465453
6621	606.2087788769268	1.2467148
6902	429.2332059389501	1.2471691
7055	629.2893898818241	1.2473104
6849	288.1917694521613	1.2474157
6603	606.2630492052815	1.2474836
6839	571.3093943015691	1.2477407
6991	589.2834565828957	1.2480985
6688	365.1793737296792	1.2482219
6874	476.23544116753055	1.2497916
6968	250.11654100051223	1.249842
6924	301.116241275142	1.2506258
7517	524.2817960621354	1.2508951
6483	532.2989443056946	1.2519871
8426	158.0813671599308	1.2520883
6840	315.2029122282546	1.252079
6824	545.3118983795064	1.2523496
7291	284.09985671357595	1.2526035
6615	446.2224374927573	1.2532603
6892	348.1763617009254	1.2538407
7239	426.720310673908	1.2538797
7053	357.2132476642495	1.2543246
7212	852.4323067325984	1.2545903
7343	546.3178120441437	1.2548566
6765	515.1759540441935	1.2550662
6838	380.1836844638252	1.2551365
6578	620.3395095967588	1.2554175
6998	275.1562630925505	1.2561556
5784	369.7348926602817	1.2561668
7352	323.6649267863661	1.2563516
6120	700.3242230538864	1.256765
7569	699.3204718051592	1.257043
6779	484.24089547512057	1.2571547
7013	501.26580193890754	1.2574153
6969	211.1073651577079	1.25754
6693	400.21947219178656	1.2576244
6520	377.2393570982926	1.2579031
6928	506.2610699676924	1.2581098
6787	719.22834003206	1.2581949
6875	819.3587416283366	1.2585329
7417	344.1816231998292	1.2585827
7440	462.2317096217564	1.2586254
7161	354.2016306270916	1.2593312
6082	797.3775912189279	1.2593689
6413	419.2142156870039	1.2594596
7168	518.2400365595764	1.2594618
6785	590.1252064239758	1.2598114
6890	242.1001188203024	1.2598475
6863	425.2515094045239	1.2600006
5828	220.1181652209945	1.2614999
7108	785.3934403348723	1.2616236
6477	499.2504874441125	1.261726
6553	570.2787851275658	1.2619478
6548	343.19776055022635	1.2623236
6685	279.1349486253123	1.2623405
7133	272.1603784091019	1.2628772
6980	375.1877437926519	1.263399
6722	624.2991993209147	1.263441
6983	305.1533768047224	1.2640141
7097	632.3247525588857	1.2646599
7221	397.1705764840719	1.2668644
7034	393.2013024306871	1.2669383
7209	563.3017856984944	1.2669548
6353	440.2507079689128	1.2678045
6985	557.2594435451716	1.2680414
6861	564.2512257813356	1.2683754
7320	446.2440763345292	1.2686881
7064	605.3448815493804	1.269415
7213	249.12518475517	1.2696524
7127	201.1235086173976	1.2699397
7167	369.1760938117446	1.2703542
6994	606.3444167821585	1.2705702
6814	509.2981976743395	1.2709839
7120	431.2143805365507	1.2712271
6984	404.2273618561711	1.2713819
6850	618.2732216711368	1.2714107
6630	592.2589764822312	1.2715597
7022	228.12090042175265	1.2718925
7077	615.3725227398228	1.2719679
6936	415.218292759474	1.2722137
6847	378.1273154499818	1.2723024
6383	221.09195059424212	1.2724919
7098	302.17029238756925	1.272644
7009	807.4482278761035	1.2728599
7011	269.8207042330535	1.2736924
7230	347.19211632089724	1.2754207
7377	260.1606292629836	1.2768207
7154	437.2021654150898	1.2768042
7492	547.2729153081855	1.2772369
7177	610.3451909089019	1.2779187
7105	255.1319475158193	1.2787853
8678	189.12347024462343	1.2792702
7143	303.17359957844525	1.2793455
7129	564.3055860509578	1.2795347
6962	356.1451563474066	1.2799526
7495	239.1008770115409	1.2801195
7204	584.2972195160629	1.2801467
6941	476.710863186569	1.2808933
7131	433.1925816379831	1.2813792
7172	334.16080876475206	1.281741
7174	333.1552719165908	1.2819374
7287	152.0569778179859	1.2820467
7565	465.1653401408967	1.2822709
7652	322.1880214257208	1.282529
7158	448.2665445554388	1.2828311
6822	368.2183669580526	1.2832328
7107	206.13897917537025	1.2843935
7030	455.17683708182415	1.2843766
7311	669.1064272566924	1.2846423
6973	373.1724369203314	1.2847127
6629	392.2034698442593	1.2855945
7765	473.243198559791	1.2864387
7208	434.286798733836	1.2870775
7770	362.1922370551839	1.2871835
7233	409.2060498462597	1.2879072
7188	195.12292851343432	1.2886688
7128	229.13672637175807	1.2894408
7436	306.16593874442555	1.2895443
6852	305.1712632846049	1.289955
7841	572.3307345842707	1.2900225
7282	472.2877343956299	1.2907447
7326	418.7224068194451	1.2910708
7382	223.10773604022552	1.2912123
7280	504.246657281984	1.2917613
7266	181.09724510153288	1.2919066
6884	440.1279870532334	1.2926701
7235	233.1495868381473	1.2929673
7180	212.14918961228065	1.2930627
7393	410.2089537118654	1.2939905
7399	574.1298322831661	1.2949295
7185	311.12363572191447	1.2949698
7284	332.2176026502161	1.2951678
7223	477.2165293371963	1.2954807
7162	453.2462611386561	1.2958418
7290	269.08817796148566	1.2958666
7315	507.2833177289676	1.2969971
7408	251.1502198647288	1.2977039
7245	475.2565027939241	1.2979208
7911	316.18649553293363	1.2984849
7694	417.244988655824	1.2988981
7473	620.2806591812467	1.299599
7301	561.2513632487428	1.2997942
7232	257.17345586670103	1.3006262
7549	321.15650365736275	1.3007152
7407	292.12935386390853	1.3015404
7104	459.1854877422399	1.3018489
7277	475.18023734534086	1.3019047
7304	490.2514050373231	1.3019077
7486	249.08465909765823	1.3024422
7145	847.286862309465	1.3024096
7560	209.0922891460076	1.3027614
7309	513.341442515563	1.3031214
7340	453.2006559240536	1.303204
7249	379.1950150124457	1.3032624
7322	442.2670374666508	1.3039095
7494	213.08708617663223	1.3040098
7303	683.1914823523305	1.3041608
7422	243.1340441472673	1.3047801
7342	748.3731439147434	1.3054134
7402	454.26590818137134	1.3057779
7392	263.1732922603077	1.3058366
7356	597.1572359895689	1.3062749
7354	534.2617220571066	1.3066715
7274	299.0828139259502	1.3069904
8256	267.077438372159	1.3072668
7344	251.1369278554007	1.3076736
7358	245.0954812408021	1.3078481
7384	227.102729749808	1.3084344
7449	616.3470586006503	1.3084788
7389	228.10638053973352	1.3085315
7451	560.3655240446424	1.3094265
8157	169.09726289582215	1.3097887
7437	261.1445669816497	1.3101063
7327	354.079049738107	1.3100988
8070	299.1002707387549	1.3104566
7500	230.15831500009065	1.310467
7442	344.146851813224	1.3113108
7816	447.2245309810063	1.3122429
7447	470.3344035122537	1.3125187
7206	455.2507330745797	1.3127583
7423	472.2403119765647	1.3140033
7653	364.06543009577854	1.3174818
7297	428.2603898595246	1.3186903
7996	318.1660181104254	1.3191564
7453	552.2016879502414	1.3212819
7521	548.2538682819456	1.3215601
7512	604.3045019514357	1.322045
7800	873.4874297839591	1.3221278
8265	166.08646437527486	1.3224484
7554	513.2681649520842	1.3225362
7441	226.1185966852863	1.3237617
7299	446.2614317701429	1.324084
7439	209.1021291710708	1.3241398
7573	489.2937628285629	1.3243492
7319	457.302165422693	1.3245815
7794	473.2384134638261	1.3246155
7551	582.228048999069	1.3249817
7563	430.230459472768	1.3257995
8069	229.1547981879672	1.3263216
7596	291.66551883377963	1.3268924
7537	456.2098205464418	1.3270506
7656	613.1523820753574	1.32719
7629	332.1818112222613	1.3275949
7793	444.7160168683812	1.327828
7776	437.2489926669741	1.3278956
7660	409.7348642782952	1.3279033
7543	558.2805647965935	1.3282735
7753	291.8335235100097	1.3283699
7771	578.2527076185958	1.329284
7638	302.2079646139153	1.3303148
7650	384.1146879257557	1.331108
7541	290.1533658626778	1.3315275
7701	304.1503373067433	1.3315957
7567	514.3231744903351	1.3321238
7553	224.13816962611304	1.3324099
8081	374.6898630384836	1.3328128
7558	231.08404725480293	1.3329649
7648	359.2650587067184	1.3333138
7371	253.1296543197984	1.333585
7738	558.2412865655323	1.3337553
7724	203.13916985324195	1.3342594
7536	371.2292597476697	1.3350846
7532	571.3446359754248	1.3354939
7448	688.2666693714588	1.335709
7395	417.23513944390606	1.3359983
8500	253.1181719607652	1.3361288
7460	276.17046546134765	1.3370548
7524	316.1991943570965	1.3400068
7587	359.19253609610485	1.3403836
7675	297.15599056686284	1.3408065
8254	254.16071839721937	1.3411034
7789	401.2012406381255	1.3421828
7605	380.1935681514421	1.3424342
7742	213.123173304566	1.3434565
7635	568.2236562241376	1.3435537
7680	381.7103105631619	1.3442162
7631	585.2156870120785	1.3443631
7704	387.1864745985255	1.3447174
7747	242.18631495269204	1.3448738
7896	521.2320911318506	1.3450947
7809	734.3524459643912	1.3452673
7864	256.1651720482128	1.3454633
7761	502.3240916295946	1.3457223
7739	300.1918231457729	1.3457814
7234	384.2245005090445	1.3463863
7844	460.24031094202434	1.3467633
7931	519.2306558442916	1.3473471
7645	582.325928728215	1.3477883
7685	527.2468328843896	1.3479776
7698	247.11098267042652	1.3486048
7884	274.1759902693529	1.348844
7774	368.1454122436778	1.3490484
7920	296.1585059803119	1.3495513
8129	533.296496826664	1.350185
7921	286.1759350244974	1.350331
7762	546.2416482565941	1.3507992
7836	331.19731029240444	1.3516566
7926	320.1817042325946	1.3516645
7833	530.3548992909417	1.3518145
7842	706.3253082130369	1.3546665
6803	391.235280103	1.3546989
7922	308.1575985533645	1.3552183
7888	341.2187969892007	1.3559189
7396	376.15256689438576	1.3562868
7509	428.2869921827342	1.3565077
7874	525.3400462878137	1.3570439
7932	338.16922025050405	1.3582364
7839	416.2056701083724	1.3587544
7850	381.1740164659073	1.3597137
7902	511.323957198176	1.359822
7915	541.2115807661697	1.3598231
8280	479.2855965348997	1.3600894
7885	219.1341597042052	1.3604096
8089	635.3046835295269	1.3605797
7899	161.09223575929127	1.36066
7997	330.1660523860308	1.3613778
8018	390.1870708137667	1.3614372
7938	366.21376840631154	1.3626586
7870	635.2768850594616	1.3629173
7160	463.20225587986266	1.3630633
8009	606.2084657467085	1.3633204
7998	293.1133735033169	1.3636503
7970	220.13732660379023	1.3641276
7967	446.223856620009	1.3647169
7943	241.11726697209812	1.3647581
7868	549.2265258523328	1.3652624
7514	762.4146425086468	1.3662125
7136	506.8124958053017	1.36748
7624	728.3096247755753	1.3674971
7941	606.2628694157851	1.367807
7978	303.1315743466734	1.3679023
7947	233.10288761941783	1.368311
7081	457.2666718466784	1.3685439
8051	283.1268007811618	1.3687446
7961	445.2668710329804	1.3692468
7994	532.2621858974496	1.3700244
7559	430.1755757631736	1.3704692
8004	352.14816207183014	1.3718065
7825	387.7118989222661	1.373579
7966	308.17229282697315	1.3738092
8067	338.6708897263954	1.3742787
7985	675.3331733361247	1.3749046
7878	365.1794469261599	1.3753309
8079	1023.5822941315818	1.3756282
8038	537.7628071234544	1.3757374
8148	807.4481953473339	1.376863
8037	526.7720653175526	1.3774729
7989	397.2194750771064	1.3777006
8210	318.20247406197427	1.3782285
8211	367.21653660791264	1.3783076
8024	340.1305350976494	1.3794793
8001	281.14977225125773	1.3797429
7824	259.1436028569265	1.3812379
8149	269.8207344555696	1.3814118
8138	347.1923721902154	1.3817087
8068	1052.536680908362	1.3816457
8078	246.14483673757937	1.3820934
8039	255.13196650372493	1.3827896
8090	670.4135551036085	1.3828093
8305	215.13917469847289	1.3828847
8092	388.1931125917086	1.3833166
8142	407.19243299881794	1.3833416
8984	215.1028721088292	1.3835343
8094	465.9061849701908	1.3835714
8171	253.90949526371	1.3840377
8096	698.3562946342922	1.3845977
8172	480.2237699108141	1.3849386
8361	276.1078086576164	1.385238
7914	366.1649227774122	1.3859766
8459	188.06893714304428	1.3861058
8127	267.15004341741394	1.3866473
7805	600.2995354279719	1.3875134
7982	538.3218578194346	1.388363
8158	506.19205156877103	1.388403
8136	618.2730868740994	1.3887618
8164	669.3612318733307	1.3899803
8241	245.1496093718157	1.3908035
8140	404.2272227611055	1.3907921
8122	476.7109725490823	1.3908646
8080	272.16033275295587	1.3909466
8289	183.61056333570423	1.3916495
8236	338.2102303644991	1.3921322
8284	464.2476832782582	1.3924423
8083	353.1805314532586	1.3930533
8161	276.4802501316884	1.3936996
8267	331.16755912631555	1.3982049
8285	400.21958202113774	1.3990407
8230	320.12372010471125	1.3990916
8293	479.223508733864	1.4011657
8245	396.2369313671373	1.4014639
8693	201.12350796060852	1.401503
8253	418.1459201621228	1.4015603
8303	318.148166804728	1.401643
8344	285.9242460485936	1.402267
8213	517.2763021688855	1.4028583
8216	456.2537290437547	1.4035913
8600	410.2088365992311	1.4040233
8214	527.2714963236248	1.4043137
8153	497.2724571389707	1.4044391
7323	570.8418575186544	1.4045177
8371	442.2671711141348	1.4053257
8100	458.2239992622938	1.4053863
8462	487.1471847757057	1.4059544
7222	360.2130592854187	1.4069442
8268	641.3987840691723	1.4069829
8302	465.25104165823	1.4073573
7963	615.3722107978291	1.407367
8410	644.3079781234786	1.407901
8049	254.629475091802	1.4082159
8291	454.1935748455603	1.4082209
8283	376.172569263385	1.4085513
8684	334.1963502443443	1.4090487
8274	474.2202464736733	1.4090836
8391	883.5243215406421	1.4092655
8340	475.1803943923341	1.409592
8250	546.2881465648057	1.4101983
8205	242.1000913544323	1.4111832
8415	504.245784938884	1.4111639
8270	330.2025238415224	1.4117676
8465	224.13901040295764	1.4120127
8193	631.2755578573594	1.4121681
8369	163.1229000856511	1.4132069
7508	516.3398702973849	1.4131993
8332	244.65757925331457	1.4133129
8362	180.1494320417958	1.4135413
8233	435.17273045322366	1.4141897
8316	736.3382688078615	1.4144282
8228	539.2209578254565	1.4145545
8335	321.202712856031	1.4151521
8395	270.192198511769	1.4160622
8347	499.2015142816181	1.4166347
8388	348.2017049791869	1.4167762
8483	501.2669203585946	1.4169333
8527	408.1766459021622	1.416988
8436	414.2716024986162	1.4172751
8356	483.31561066622055	1.4175475
8493	523.2492196152625	1.41781
8355	453.2464434785187	1.417955
8406	288.1917744939865	1.4180832
8409	247.1289704758404	1.419458
8432	550.2600855429979	1.420072
8977	199.10780335379232	1.4212823
8439	343.1983809019945	1.4214228
8482	379.1952917434741	1.4214649
8463	630.2441826626126	1.4216636
8724	181.0972387942	1.4220501
7487	253.15245658689363	1.4222335
8168	440.1280576739575	1.4225113
8407	273.1923183286386	1.423241
8237	221.09202852680045	1.4232695
8333	233.14953935773573	1.4237893
8581	380.8966870875964	1.4245539
8845	245.0955237829947	1.4253354
8475	477.21894157938107	1.4256161
8575	399.23587189978224	1.42575
8448	478.2231694099091	1.4258988
8357	568.2728384991705	1.4258935
8579	357.21325907254106	1.4259222
8461	511.1799910158144	1.4261467
8491	586.3593472861995	1.4261911
8490	237.12290577963844	1.4262705
8088	977.4434134792746	1.4262189
10256	220.1183488067016	1.4267575
9146	531.2423505834237	1.427267
8288	588.2995486660601	1.4278314
8312	445.193590535843	1.4279065
8539	231.1704570491676	1.4282441
8586	672.3763724174169	1.4287034
8348	386.20481355447936	1.4293239
8421	217.11843037297	1.4293553
8519	232.1739721463179	1.4298258
8537	151.123017104999	1.4304167
8529	251.15025069766853	1.4313848
9618	361.6727326664568	1.432298
8569	461.3336320641303	1.4330114
7614	414.2155603696628	1.433316
8373	292.1292313905567	1.4339297
8514	251.13700621349795	1.4340154
8561	646.321112181553	1.4347372
8565	610.2832937898792	1.4352449
8558	262.1483816967771	1.4355274
8810	374.2351303067633	1.437056
8520	409.2068016654062	1.4377459
8518	199.1441549007166	1.4390821
9580	290.17095259864925	1.4393182
8789	346.1972202708477	1.4397364
8976	599.2074122977228	1.4409137
8523	713.4199354630737	1.4412844
8455	317.18233265393246	1.4413416
8552	489.22615910975554	1.4416043
8400	541.3234741034482	1.4423454
8642	294.1455431852726	1.4424326
8745	228.13440810066027	1.4424665
8555	430.2306189546638	1.4424635
8654	276.1708711541671	1.4433051
8621	371.229124542127	1.443411
8653	448.2665543471984	1.4434887
8991	571.3447704010928	1.4455405
9288	223.6252569717036	1.4456457
9183	321.1570004594106	1.4461902
10093	299.1002995621185	1.4468465
8760	249.8258567137129	1.4470779
8660	448.1823912412152	1.4470655
8896	604.2113456190623	1.4471728
8817	465.1654932251471	1.4476899
8489	354.2005180691357	1.4482666
8761	473.2424142199041	1.4493533
8656	446.2614341420093	1.4495043
8744	250.11633970343817	1.4499916
8671	229.13720903321143	1.4506555
8430	373.17221378627767	1.4511687
8616	490.215728789343	1.4529018
8603	334.1608010813657	1.4531873
9496	255.1638477550052	1.4557309
9527	226.11868222752213	1.4558233
8890	454.3025080885836	1.4558907
8368	354.07902074941546	1.4563441
8040	345.6871856608697	1.4566
8494	345.1849708533698	1.4566938
8720	518.2404378091237	1.4572105
8791	211.1078069878643	1.4580545
8772	647.3164224731404	1.4580232
8605	435.2079595153911	1.458097
8525	433.19301526437073	1.458204
8758	437.2032109553124	1.4586525
8886	337.6715293257996	1.459739
8718	324.1634760755408	1.4603072
8618	243.1340807062024	1.4606545
8634	384.21122142144463	1.4608616
8637	384.9788941727745	1.4609541
8349	356.1452070054336	1.4618671
8774	458.2984951602341	1.4623373
8622	257.16086175112883	1.4628744
8842	390.1871155799892	1.4632556
8710	316.1861755843381	1.4633204
8595	311.1236960011682	1.4633486
8723	768.9510674696943	1.4643013
8753	768.4499479878942	1.4643526
8775	556.3182541419209	1.464423
9325	564.2512521029074	1.4647887
8737	228.10638843395387	1.4654728
8717	341.68347668164006	1.4655415
8704	340.17972287606915	1.466495
8751	512.6360565342438	1.466509
8855	574.1297768633549	1.4666154
9155	227.6549930755743	1.4669315
8966	355.16160376736	1.46777
8604	359.2651422238263	1.4683927
8577	522.2692685082897	1.4684178
8865	285.1343960120428	1.469012
9071	189.1137918596306	1.4692498
8863	548.2454021958876	1.4699752
8771	512.9700282385498	1.4700712
10025	730.3995574881416	1.4700673
9395	543.2414053175058	1.4704428
8943	318.1660509280598	1.4707893
8856	455.2509480520452	1.4709058
8811	280.12876755285254	1.4720494
8707	653.3642455397231	1.4721662
9335	559.238884758385	1.4721836
8869	175.0865565340495	1.4727647
8748	446.7347762831751	1.4733232
8951	457.3024519613007	1.4745679
8730	249.0846718148705	1.474675
8867	752.3777899040441	1.4747586
9431	446.2447584624702	1.4748737
9394	417.24511351977407	1.4754614
9254	511.25195857577313	1.4764823
8897	436.7279665098019	1.476583
9165	606.2631771571045	1.476643
9313	328.1512263676621	1.4770436
8582	590.1253494627215	1.4779564
8764	526.3435098352276	1.478153
8941	700.3892650551045	1.4787985
9036	589.2834083197866	1.4789855
9004	440.2505867933671	1.4794431
8915	428.2871186736486	1.4798676
9511	426.7202043560952	1.4804538
9012	456.2824586889149	1.481397
9173	641.8735135988617	1.4816462
8806	387.187271073292	1.4826658
10028	706.3261569996857	1.4831532
9058	499.25117901810114	1.4834718
9323	613.1527952581533	1.4836471
9320	327.68230471255674	1.4837029
9412	262.6451279697165	1.4839786
9983	336.6910952311031	1.4843836
9005	223.10771868881727	1.4844747
9030	231.08411645087145	1.4849002
9440	308.15767797057134	1.4852972
9145	558.241293090006	1.4856141
9846	158.08138119087803	1.4858822
9246	391.70277036270414	1.4863492
9132	219.13420601523623	1.4871821
8779	227.10274728398088	1.4875025
8685	209.0923277893596	1.4891596
8936	332.1817987890398	1.4891863
8864	572.331253379339	1.4893292
9262	291.83351441047733	1.4897199
8975	527.2466455452463	1.4897218
9541	462.2315673292006	1.4898174
9545	424.70358900141264	1.4903382
10060	195.12286363029523	1.4903673
8910	305.15331751669873	1.4905182
9240	465.2041161281046	1.491333
9144	759.3336576560035	1.4915911
9459	498.7417260091266	1.4918218
8589	549.3047457339219	1.4923669
9349	448.2402515554541	1.4926172
9093	414.2361320451269	1.4927651
9238	218.7905818775848	1.4932965
9170	514.3241404785579	1.4933424
9291	344.1809213445496	1.493492
9422	618.2733699044013	1.4935753
9032	428.2513147019485	1.4937766
8871	320.18165257316144	1.494023
9371	404.22753458059657	1.4940579
9882	169.0973168539464	1.4949791
8795	242.18642738464527	1.495095
9256	873.4885107141519	1.4951118
9114	381.17425740039135	1.4952263
10657	251.15026189283483	1.4959581
8692	313.6972517927237	1.495993
9156	261.144612568746	1.496529
8919	529.2641376699393	1.496754
9398	275.1559693447785	1.497234
8754	485.2384671225888	1.4975597
9154	183.61060259351603	1.4980578
9302	852.4326595550096	1.4985241
9560	305.1714472985415	1.4994748
8909	409.734982298338	1.4997115
9652	366.1650179992065	1.4997817
8716	459.18573397174896	1.5005795
9290	374.6891276574957	1.5006859
9061	552.2300627753086	1.5007739
7840	459.3189052087995	1.5009352
9078	359.1928291882215	1.5014648
9399	400.2554562793309	1.5017155
10200	247.1104701356417	1.5018196
9678	545.309865246587	1.5019138
8825	323.6654946302772	1.5023084
9216	417.19907288201455	1.5024089
10191	418.7224201673848	1.502567
9452	388.19334621022216	1.5035744
9343	269.8207086777826	1.5038514
9255	847.2875756872639	1.5038462
9050	836.4389200579448	1.5039859
9019	783.3642220212673	1.5040653
9416	444.7165605106943	1.5042689
9242	654.3604784418869	1.5045747
9650	612.3720230616558	1.5047227
9345	802.3400069575493	1.5048212
9775	376.1526256239037	1.5049945
9303	397.2205828900748	1.5051295
9258	472.28801973349033	1.5052772
9103	494.2253970673339	1.5053253
9031	519.2926218606416	1.505669
9098	444.2458428544594	1.5063554
8163	526.2627137535472	1.5066689
9405	807.448759433377	1.5067016
8052	263.6347075208728	1.5069015
9605	229.11863187296447	1.5078242
9122	546.286725063198	1.5083957
9385	524.2821020110815	1.5084462
8790	391.2356423304051	1.5095575
9627	260.1607211426032	1.5100191
8932	674.3366523005391	1.511216
9497	321.172028452911	1.5113297
9081	391.1998991349505	1.5125036
9274	341.2188649177543	1.5138646
9386	642.3084372891614	1.5140108
8914	401.2025145604032	1.514089
10052	644.3075500751019	1.5141101
10048	416.2053153264424	1.5150547
9540	532.2628993242522	1.5152428
9357	748.370188235633	1.5158182
9694	643.3086819263336	1.5162903
9009	620.2780789324283	1.5170496
9433	415.2394160329917	1.5173124
9841	533.2646580289164	1.51734
9443	437.2493974341135	1.5178618
8173	486.25647080467536	1.5183078
9292	338.1692417666789	1.518709
9661	613.2965388027047	1.5187778
8958	419.2152641112292	1.5188657
9219	525.3402266282798	1.5193976
10421	254.629423731019	1.5194433
10333	727.3314462657447	1.5203009
10283	281.1497396929636	1.5206863
9010	230.1584223209568	1.5207173
9670	343.8445211815718	1.521132
10386	627.2390186804556	1.5216985
9788	528.2695048825157	1.5221094
9617	425.2510221045824	1.5222967
9196	331.197518089282	1.5223688
9118	449.2243551733965	1.5230542
9344	476.7111164613227	1.5231435
9546	722.3403346778814	1.5234535
9555	463.2026918730329	1.5237097
10418	390.2113609687562	1.5237291
10567	515.2647118615811	1.5243412
8740	286.1760859236737	1.5245677
9948	409.2075649881857	1.524932
10384	440.2143234374332	1.525338
9477	1029.5209402511312	1.5253066
9268	263.17344414779615	1.52556
9607	472.34978468120096	1.5255809
9951	453.2460554213772	1.5257694
10408	166.0865014431398	1.5258889
9514	762.4156468414528	1.5264609
10451	381.7109451882967	1.5267131
9710	199.11400369830795	1.527965
9265	400.2198796526493	1.5287333
10574	688.2673846508715	1.528824
9900	523.2492793734557	1.5288763
8813	384.72850041193374	1.528911
10032	675.3326811875469	1.528933
10842	242.18643378355603	1.5291064
10215	300.1918564026357	1.529357
8396	457.2400045955485	1.5297371
10224	509.29767941560334	1.529799
10617	340.198155510897	1.5301754
9387	467.2625566686974	1.5301671
9747	577.8258275358336	1.5305312
9516	609.3001359640854	1.5307598
9519	827.429937981045	1.5309652
10486	767.3191409991886	1.5327108
9774	253.1181557147564	1.5329132
10571	402.1929243326034	1.5334481
10287	375.187658843152	1.5335407
9786	506.19236344608754	1.5338244
8913	556.2735131256659	1.5339963
10578	803.3791457296222	1.5342306
10053	837.4348918534284	1.5346752
9816	586.359512932096	1.5350299
9456	446.2244469295085	1.5357476
9698	332.2181274615261	1.5357863
9373	465.9070843185796	1.5359397
10602	728.2508922763278	1.5362686
9926	423.1880217374333	1.5364512
8820	635.2887609210826	1.5367086
10401	189.1235500206572	1.5367957
10502	669.3207803593377	1.5369259
9850	407.1927374827978	1.5374627
9188	229.1548385717871	1.5381573
9916	215.1392335757056	1.5381923
9818	414.2162643647128	1.5382484
9892	427.7225457283764	1.5387512
9785	791.361320430655	1.53876
9895	516.3402860679436	1.5400783
9659	786.3616232103997	1.5400803
10690	318.67700835515024	1.540232
9762	736.3385150664242	1.5402418
10645	279.1341204213653	1.5403663
9561	895.379421578945	1.5405139
10045	253.15253780762032	1.54121
10603	546.2410150860328	1.5415742
9812	247.12904678361264	1.5417159
9771	347.1925454634713	1.541779
9943	343.1982723401357	1.5418428
10385	360.2132641702807	1.5420585
9842	302.20771476469986	1.5428942
8732	348.177105833314	1.5431266
9986	511.314526564061	1.5434655
9915	532.2658243416356	1.54369
9588	507.2832871621797	1.5436995
10741	526.7729941582668	1.5442692
9621	376.1722105471375	1.5455493
9938	1052.5393446195335	1.5456864
9964	483.3155065323107	1.5458066
10095	698.3580215708581	1.546136
10281	527.2701599569319	1.5464684
9796	975.345619036243	1.5472819
10688	461.3338520140613	1.5482883
9791	430.2304468731706	1.5483444
9897	695.3480329778505	1.5488291
8907	366.2143354861533	1.5496482
9881	521.2343335519865	1.5499
9822	570.289896417308	1.5499916
10174	318.1480870021286	1.5503532
9810	477.2186061460043	1.5505964
9410	427.231504982108	1.5506587
9780	334.19692907009824	1.5507747
10724	882.3946820437127	1.55088
10717	629.2883786213919	1.5509291
9972	431.2140166781652	1.5528991
9978	589.2822944236405	1.5536515
10081	224.13950642326	1.5552127
9912	362.1920292916657	1.5552411
10555	245.09553042624904	1.5558252
10757	303.1740623826721	1.5565491
9819	246.14490969906188	1.5569555
10761	605.34339433414	1.5570252
11385	558.2889520268302	1.5571291
10920	459.3186744572257	1.5577198
10755	489.224841577801	1.5582116
10745	552.205520581259	1.5588918
10541	371.2292303683249	1.5589714
9804	718.8233582419621	1.5591674
10738	789.3627286438405	1.5600202
10139	518.2412937958328	1.5609498
10468	849.421952482476	1.5620497
10148	483.2443714857234	1.5624323
10945	396.2376556932141	1.5626378
9699	274.17623240674766	1.562824
9764	965.4822658197992	1.5634425
10545	977.4432387521044	1.5635175
9896	591.2941479124786	1.5635829
9899	1181.581983792001	1.5640378
10121	345.6872198948175	1.5641283
9936	582.250182327874	1.564457
10196	384.9792236708725	1.5644832
9871	394.53165245367256	1.5647869
10004	1240.3678296056935	1.5648522
10289	639.2709775952965	1.5661188
10142	582.3256365279741	1.5661407
10840	384.1153216608772	1.5665259
10246	211.1078739656872	1.5671191
10125	399.1933102817193	1.5677643
10348	768.9513688784626	1.5678228
10182	589.7943977445302	1.5683169
10393	515.2464332135448	1.5687871
9904	568.2737124581257	1.5690207
10824	380.193028674094	1.5693113
10956	291.6660022584974	1.569418
10022	425.2138964428318	1.5695683
8733	304.1504637499349	1.5703108
11232	228.13442389628543	1.5704906
10372	512.6362761077816	1.5707637
10946	578.2493962110682	1.571127
11033	418.1460359071728	1.571285
11007	436.7187771020793	1.5713283
8702	690.3695338469496	1.5718446
10113	519.2303836713367	1.571884
10817	435.1727037457542	1.5720849
10382	591.7955365715525	1.5721395
9611	632.341666150274	1.5721769
9969	594.2883763173191	1.5722862
9920	454.26671551154885	1.5724633
10031	458.2243332810847	1.5726349
10251	947.4326834065154	1.5729741
10795	373.2083995085269	1.5731046
10269	437.2027960738834	1.5738034
10214	276.17086538811174	1.5739673
9879	501.26823130656	1.5743527
10366	345.1848435806472	1.5744182
10144	690.3701336353334	1.5745026
10253	446.7350358911401	1.5747386
10449	850.4186646558089	1.5752907
10107	646.3229719664538	1.5762736
9705	588.3000739574173	1.5763901
11064	464.248643873037	1.576892
10141	473.2425905932072	1.5771021
10091	201.12353127833163	1.5774878
10012	231.170516788114	1.5778201
10072	524.2448946722343	1.577809
10187	547.7654611461528	1.5778575
10204	180.14969487245864	1.5783281
10267	443.2696730116509	1.5786953
8912	655.3758611164541	1.5794729
10327	797.379649069972	1.5794674
10242	442.26654368551465	1.5799857
10324	679.353185696672	1.5800923
10186	318.2026105751647	1.5802703
10305	340.17998571348943	1.5803454
9890	330.1660586986173	1.580426
11305	457.3023711695574	1.5806246
10573	691.3720305684321	1.5814278
9809	320.1243263421667	1.5824047
10312	522.2656338625346	1.58276
8738	696.3320022226524	1.583162
9538	600.2996297996763	1.5833203
10336	867.3843433288381	1.5835776
11347	330.2023544577283	1.58368
10225	529.334542664329	1.5844451
11097	408.17673910691576	1.5859419
10316	653.3631335409631	1.5863217
10356	270.19264900681526	1.5874802
10098	357.2134381063238	1.5876635
10974	215.1392419049596	1.5894976
10414	440.2514747135069	1.5900992
11260	324.1628789486097	1.5905322
10368	647.3191283129441	1.5916572
10576	680.3562538794257	1.5923893
11277	376.1714120397153	1.5935296
10441	457.26639026219146	1.5941088
10444	526.3435232428385	1.5941384
10378	318.1660233405555	1.5945143
10231	325.1652332663047	1.5948962
10105	237.123420217027	1.594991
10466	679.2645759122988	1.5953652
9826	840.472152065001	1.5953656
10399	175.08682148279078	1.596527
10293	597.2953262166964	1.5967841
11266	448.1830868675686	1.5972782
10284	504.24591843572375	1.5975481
9231	348.1587117668121	1.5975765
10457	466.2282079336563	1.5976138
11530	502.2503463923436	1.5980294
10268	458.2438476305425	1.6001318
10640	458.7444974825088	1.6003278
10548	666.8318305617244	1.6003361
10505	763.7703484156476	1.6005156
10980	332.181763988429	1.6006277
10302	915.4813841488448	1.6008552
10562	471.2560623582567	1.6010717
9595	389.2035613223569	1.6011043
10477	529.2625942251422	1.6014216
11716	560.9820165450263	1.6017718
10016	376.1907365116568	1.6020464
9230	995.4687087470448	1.6026942
10886	494.2242685395066	1.602822
10539	344.18101373630014	1.6028942
10314	713.3491372250032	1.6036502
10828	304.17617316291387	1.6045921
10596	552.23087497639	1.605468
10527	420.7390129497605	1.6062002
10248	690.3251638489712	1.6066806
10721	223.1079033076352	1.6075666
10394	551.2708635136089	1.6077588
10739	695.3467428276214	1.607969
11418	420.98825509308494	1.6081115
10492	872.3622527004366	1.6083462
10644	587.3099183214724	1.6088432
10262	560.6498174547855	1.609013
10621	391.87534849093095	1.6091408
11426	285.1347802388005	1.609394
10619	519.2931498273107	1.6096687
10430	677.2877043423945	1.6096966
11224	444.2457507223796	1.6102002
10694	634.3112759357884	1.6102521
10463	705.3712293205368	1.6106862
10361	762.3436234801491	1.6109432
10624	634.8109099586229	1.6110144
10438	847.2877048682743	1.6113293
11451	675.2839054413462	1.611358
10618	423.2081517671648	1.6113976
10415	425.7433489627056	1.6115286
10899	445.2499423481895	1.612166
10290	488.28632027553584	1.6125689
10777	545.2939143474334	1.6127002
10646	532.7780825101225	1.6133139
10035	533.2803684536489	1.6135248
10540	498.2933560182325	1.6137129
10461	1064.5514775517054	1.6138132
10665	756.352489632686	1.6140684
10633	244.64715977717864	1.6146637
10723	549.7755867717258	1.6147505
10758	553.2340815908199	1.6156095
11353	253.90962097442963	1.6160271
11121	656.3999817617264	1.6161025
10635	450.2326935142588	1.6161667
9996	384.5368758967403	1.6169981
9590	387.2241398522068	1.61712
11979	1151.5988091017427	1.6190145
11796	488.2354443187895	1.6199394
11990	522.7647135754975	1.620406
10490	400.71898208389865	1.620426
10762	1044.5227369404197	1.6208824
11298	602.2776972177082	1.6215341
10375	530.2956828497663	1.6217178
11765	576.302356146922	1.6219897
11110	588.301623470526	1.6220075
10759	402.2350104698106	1.6221634
11616	545.2568351040653	1.6223378
10807	783.437972321095	1.6237139
10802	392.2232885765874	1.6237543
10448	665.297167317179	1.6240336
9800	565.2620073192692	1.6243347
11344	428.2509418525455	1.6255447
10750	518.2459614247068	1.6255838
11191	714.3410741431937	1.6259983
10656	922.4268782322875	1.6267118
9722	288.1918924362238	1.6276442
10153	649.8197445191543	1.6278561
10783	706.3426809393136	1.6285917
11568	441.23485681208433	1.6288693
10936	564.279634220267	1.6290402
10866	553.2918679483425	1.6302135
11328	808.3961970057532	1.6302048
10192	553.7935340842797	1.630306
11657	618.3256371897327	1.6304644
10823	1105.5781798562316	1.6307812
11155	1045.5242955109288	1.6315325
10910	478.2535079835262	1.6324074
11222	232.1739896128018	1.6329923
11529	434.21551327386703	1.6331809
10019	359.2653555688776	1.6338036
11943	841.4726055711791	1.6340399
11423	429.25417181637147	1.6360397
11028	513.2670907204993	1.636083
10601	229.11851476953493	1.6370499
10996	938.4241582482148	1.6374938
11856	457.2302918522	1.6385931
11656	253.1288851748029	1.639157
9724	472.24074310515385	1.639927
10904	427.2304367029535	1.6404709
10169	433.5488513602701	1.640809
10982	317.6816407133732	1.64094
10963	853.4573973273893	1.6409603
10478	433.2089823606625	1.6410142
10979	375.2240789516135	1.6418544
10781	615.3098770282171	1.6418543
11023	547.266708449709	1.6419666
10848	634.3579619544984	1.6421268
12279	360.6874636574293	1.6425768
11881	318.1653306878365	1.6429166
11021	720.3684870507474	1.6428969
10647	286.1762312912007	1.6430864
11561	414.2351028139744	1.6436571
10884	582.3000450940928	1.6436596
10569	409.1871643810366	1.6439056
11921	474.7435610435039	1.644591
11613	531.2777560777805	1.6446227
10969	503.2475018040478	1.6464877
11016	392.2024541586906	1.6468868
11251	647.3221068571191	1.6469393
11247	346.19803063309297	1.6476448
11101	1013.5256885433688	1.6486143
11065	953.4704646286756	1.6488765
11189	507.7675497087954	1.6492755
11104	507.2662534516044	1.6493329
11108	338.5128798671686	1.6494906
11154	414.5502083053586	1.6503567
11932	256.1755973405791	1.6513507
11919	239.14898175611413	1.651687
10666	188.0707997086084	1.6518414
11293	519.229475455704	1.6518751
9880	205.0973921054232	1.65194
11131	415.238590074849	1.6527637
10564	159.09181859115256	1.6533651
11335	508.2685816214586	1.6539216
10927	951.4455849806584	1.6547838
10668	447.2272909114001	1.6557492
11502	263.14210871254164	1.6566125
11213	678.3212438561274	1.6591947
11176	937.4397596625272	1.6592492
11057	270.15540154446666	1.6598253
11220	679.3515917655748	1.6598054
11217	628.313034820383	1.6612619
11820	573.2891543955232	1.6619625
11208	551.2946809506199	1.6620029
11250	1283.6423472607346	1.6619602
10586	641.8225137107185	1.6620812
11216	711.2605814558237	1.6623213
11229	577.3368671170676	1.6623852
11294	486.2568976345452	1.6624914
11040	748.3720477304408	1.662497
11001	643.8259092101524	1.6628622
9808	849.3466347122195	1.6633512
11246	419.23252669777577	1.6636549
11255	428.5515219897993	1.664219
11331	1030.4697464528397	1.6642191
11315	445.22779499642064	1.6645292
12397	659.3368686328697	1.6647567
10952	556.3106329414269	1.6649603
10369	267.1340746887157	1.66622
11185	341.2187056038313	1.6669403
11284	428.88529358798826	1.6671479
11261	261.144671473988	1.667438
11215	656.3809682741473	1.6696348
11330	328.69371975295763	1.6700529
11281	456.3183817010092	1.6701204
11267	428.2175621447196	1.6708283
11372	914.414627159802	1.6708173
10309	357.1775937683386	1.6718969
11399	687.3301412721383	1.6722814
11079	559.2721586446754	1.6729175
11377	744.3516135520762	1.6733873
11386	745.3596070744622	1.6733934
11910	316.1864373535518	1.6735837
11457	523.2631388406392	1.6745366
11325	203.13929325147697	1.6757902
11366	390.18676306602543	1.6768086
12393	401.72691968331895	1.6768578
11203	829.3833636899847	1.6772678
11692	433.2098545965976	1.6773162
11401	802.4470587573588	1.6772964
11433	415.19656102040005	1.6773918
11077	644.3247408621985	1.6778269
11434	617.2825224027869	1.6786003
12618	615.2814430490407	1.6788056
10620	602.3165262799862	1.6808195
11733	402.232785505044	1.6809393
11537	478.2299812411717	1.6820135
11475	376.188226521245	1.682413
11252	619.2930151197253	1.6825628
10865	391.1976745613698	1.6828209
11316	619.7952715874774	1.6828854
11907	231.17056476719057	1.6829308
11444	472.20474402059216	1.6830609
10769	759.8599918295478	1.6831297
11263	697.3534404176977	1.6833795
11403	261.0905720919871	1.6834941
11535	343.19837215090587	1.6838874
11427	518.2849878369392	1.6839017
11513	669.3546758351096	1.6839777
11346	669.8551264935643	1.6848941
11270	760.3642307604982	1.684922
11465	263.1734779732316	1.6859001
11342	443.7436522691963	1.6861254
11623	514.2544497080598	1.6869589
11498	562.2728918847041	1.6872965
11341	685.3472680556637	1.6880884
11545	729.3420794944392	1.6883831
11531	811.4158362832669	1.6885964
11453	506.2989468794244	1.6887074
11520	549.2700133553774	1.6890634
11381	582.3226953000868	1.6893111
11534	459.2461748483511	1.6897609
11380	332.2182418676581	1.6904521
11606	490.264414065078	1.6904863
11371	542.2463571837608	1.690913
11998	760.3629288796026	1.6908929
11526	213.1233173243226	1.690962
12101	411.2317053250216	1.6909925
12069	528.3049605030611	1.6910518
11527	415.2567846687941	1.6910806
11583	578.7966076975431	1.6911461
11474	579.2976366041385	1.6915948
11488	854.4395346780059	1.6920283
11576	594.2448568171253	1.692179
11528	525.3403879655964	1.6922885
11148	630.3149073476783	1.6923012
11572	718.3570908842684	1.6925919
11651	631.3350085343245	1.6934435
11584	411.26062085801567	1.6935971
11625	710.8585462243482	1.6938436
11597	711.359344780339	1.6943529
10798	584.3041844025086	1.6952294
11609	543.278692070393	1.6958671
11598	1149.5659133570828	1.6962698
11612	583.7998355251732	1.6963937
11865	440.25184572022073	1.697036
11546	660.3209240769087	1.697551
11839	297.1560956714875	1.6977382
11608	389.23993086752296	1.6977794
11617	604.8102712883301	1.698003
12803	412.26391130661113	1.6983384
12599	447.2268983670024	1.699866
11658	1053.4885147772295	1.7007191
11636	611.3077057714047	1.701102
12187	300.1914593903897	1.7021359
12143	671.4102106707209	1.7029614
11602	273.15623920570096	1.70307
11682	242.1501492115518	1.7037668
11691	491.2180340957085	1.7039349
11365	493.21785120178697	1.7039547
11634	575.2827921969922	1.7040144
12569	225.1236010313589	1.7048433
11729	451.2159247600072	1.7050707
12418	457.2661649913121	1.7051859
11405	452.2170957970781	1.7055317
11717	810.4169558130245	1.7060207
11725	405.7114436186131	1.7065077
11726	764.3658517761414	1.7067906
11728	449.2069211481062	1.7069908
11741	571.2725347009258	1.7073059
11719	470.2622026695816	1.707341
12613	382.686473453663	1.7076433
11696	935.4101490145453	1.7083576
11808	492.2207835980028	1.7097042
11495	735.3746179410255	1.710933
11718	521.2780685505359	1.7109735
12296	625.3027399033402	1.7138754
11838	755.3572616907577	1.7151558
11582	733.3764868261519	1.7153351
11629	791.3790428465181	1.7156444
11841	732.3738531376696	1.7158624
11872	792.3832658288222	1.716142
11848	316.1996892910451	1.716623
11571	497.27331927608026	1.7175632
11824	438.73678975842506	1.7179614
11810	734.874084040739	1.7183409
11659	857.4031142939521	1.7192626
11867	522.2210392745411	1.7196922
11837	319.1401334300792	1.720272
11053	378.203064350053	1.7205148
11828	546.2786954256271	1.720828
11887	592.2716979006882	1.7209631
12669	293.11352280146974	1.7218955
11949	472.2413025511434	1.7222264
11532	322.1765416750344	1.7227156
12337	662.3269609074022	1.7238863
11918	557.3669931499755	1.7239127
11904	558.3700057310253	1.7239562
12685	276.13473614753696	1.7242028
11889	545.235982979833	1.7243891
11903	279.1868664502309	1.7244227
11668	509.2555428459336	1.7246802
12813	508.2526674756118	1.7247899
11896	620.3031012591091	1.7253659
11759	358.16137278575746	1.7257315
11988	392.22125626090616	1.7258046
11955	330.1662964293601	1.7265307
11969	384.5371223421019	1.7265313
12637	371.2295568344041	1.7271636
12281	720.366668613037	1.7273086
11041	263.1396052592364	1.727696
11861	676.3131176763815	1.7278007
11995	528.23157408586	1.729065
12923	468.282866206068	1.731532
12065	454.7277510893275	1.7323982
12029	908.4496827707244	1.7326026
12021	477.2388071499825	1.7331886
12080	785.3697261482384	1.7341704
12049	655.3439471265757	1.7344112
12040	1111.59401969515	1.736123
12031	534.2598012116731	1.7362392
12160	541.2666246140774	1.7363172
11964	259.1081267393047	1.7369227
12028	822.4185478443768	1.7371202
12074	429.27312576413607	1.7381865
12129	428.2513790867275	1.7383654
12588	713.4208091858135	1.7386764
12545	357.213539393651	1.7388253
12121	1046.5021226596234	1.73915
12159	535.2589716663335	1.7393074
12119	524.2561015764533	1.7393222
11985	688.3462022261601	1.739362
12095	523.7548244498809	1.7394679
12105	759.3764569709334	1.740114
12163	685.3507017041934	1.740517
12122	757.374248065868	1.7420747
11965	516.2669521134974	1.742219
12100	758.3742307195962	1.7429364
12168	1047.5046760212356	1.7433735
12478	576.3025668337598	1.7434433
12083	629.8175544464896	1.7441907
13164	556.3000425004675	1.7446241
12775	556.8011441379747	1.7456588
13025	571.3100550563645	1.7457912
12192	657.2740394683634	1.7491543
12197	674.3017031896179	1.7500302
12149	283.1755729635525	1.7503039
12208	603.3151258298722	1.7510955
12247	371.1935132443599	1.7513797
12261	300.20276628745955	1.7522546
12250	606.2619119684731	1.7546686
12264	470.22642269251696	1.7556217
12241	702.3633562393793	1.7556456
12428	612.801432042126	1.7558233
12302	550.2609499392953	1.7563528
12265	635.3049666346728	1.7566912
12222	578.2867928658446	1.7570903
12098	580.2888990906952	1.7571863
12195	652.3689163198566	1.7574553
12267	547.7787096321908	1.7577772
12560	674.3900242256866	1.7587996
12645	816.4026482911927	1.7590338
12361	598.321829650013	1.7590654
12706	474.2570330156589	1.7596551
12323	640.8111862921644	1.7603595
11697	590.3560337674377	1.7603974
12724	1088.538198139961	1.7608532
12310	442.2181928001293	1.7624874
12321	562.3010438003824	1.7626256
12367	663.3254273239002	1.7626586
12314	662.8239764731173	1.7626599
12089	561.2967078432032	1.7630558
11522	560.2940230124455	1.7631189
12345	527.212357236556	1.7636694
12339	497.253799795255	1.7637566
11963	655.4402492317307	1.7645408
12289	314.1817689935347	1.76489
12351	443.7120036978637	1.7648968
12103	295.12910226484735	1.7651057
12348	886.4172403058809	1.7659914
12399	888.4194743959075	1.7663169
11655	691.3569223783685	1.7666839
12383	581.8159122775178	1.7678293
12427	691.8594147391073	1.7686135
12407	454.2351009869309	1.7713256
12497	1215.5869499136115	1.7713941
12459	615.4089834551316	1.7717038
12496	907.4629880317332	1.7723945
12415	472.276837845839	1.7736058
12234	288.19206598370926	1.7756262
12494	575.3773220061341	1.7758247
12480	864.4214983145804	1.776328
12450	415.2265278900028	1.7780353
12474	698.4458427574111	1.7787681
11786	550.327258366611	1.7789019
12523	567.2854164745718	1.778904
12467	470.2981542787613	1.7797406
12477	665.3156022316002	1.7801963
12475	715.3618124670747	1.780516
13048	268.1293921628813	1.7819551
12579	672.3580544437225	1.7828895
12638	485.27375117403847	1.7829863
13475	621.819816402235	1.7830198
12259	889.9280881249326	1.7833699
12744	383.22934431193937	1.7836391
12525	388.2070956946538	1.7848889
12880	265.15504882618654	1.788153
13041	337.6791922132706	1.7892786
12470	409.22029133890976	1.7892803
11924	674.3518741564139	1.7897327
12540	696.3336400168603	1.7902775
12592	701.3477029728907	1.7913315
13175	316.1656104206895	1.7919431
12567	634.327237158002	1.7922927
12593	427.2195816956576	1.7924254
12570	627.3734232338471	1.792811
12595	631.32525282027	1.7932023
12461	909.4213326892672	1.7948223
13442	455.2142221058412	1.7949868
12770	1128.5591178162204	1.7951192
12502	594.3274695429819	1.7963067
12629	1085.531770014325	1.7965547
12796	676.3577930885521	1.7967083
12601	477.196556715689	1.7975804
12630	326.20771849539824	1.798038
12666	914.4480254333472	1.7980995
12634	926.448256459213	1.7998724
13283	245.1862237661149	1.8000399
12582	706.3231820098864	1.8011947
13000	729.3796940785202	1.8012217
12786	390.75296543710687	1.8025113
12671	780.4989709631992	1.8026264
12696	724.3155699849885	1.8045245
12699	229.15490053335927	1.805064
12954	486.2936918870884	1.8053421
12757	660.8134474429686	1.8055395
12020	318.2026048037286	1.807868
11877	746.3522109009681	1.8081443
12716	449.2401124263872	1.8081845
12728	630.3256678311161	1.8084054
12805	648.8078272817627	1.8094143
12759	445.193406472761	1.8116127
12791	462.21904371466326	1.814829
13491	332.2182663727005	1.8150618
13622	261.1236576655495	1.8168863
12802	639.3294187887617	1.8170172
12527	435.2274941330508	1.8180597
12996	886.4189583664712	1.8181047
12809	525.2320897094381	1.818414
13185	346.1976606527312	1.819107
12819	344.2283676780491	1.8216482
12825	619.3295481748918	1.8227185
12858	620.335697723416	1.8227727
12832	573.3155931914763	1.8231606
12899	586.3276177535113	1.823346
12846	310.1672192800412	1.8239895
13008	582.3246849328277	1.8241043
12841	562.2545630047939	1.8243052
12844	585.3254102667212	1.8250318
13260	655.4392444435036	1.8251724
12867	443.2182681967354	1.8260945
12439	376.18942315101	1.82624
12853	287.1607162470659	1.8263117
13322	328.2232769412432	1.8269241
12285	885.4298110258812	1.8271216
12840	525.3043319582563	1.8278484
12309	742.3999592672338	1.8279561
12760	243.13417255522447	1.8291066
12871	997.5124524779488	1.8294053
12977	745.3892022707871	1.8300196
12373	659.2787805148326	1.8304578
12838	608.3443866211801	1.8305681
13230	456.2820434027211	1.8321446
12861	728.3644291185299	1.8323455
12915	277.17100727321065	1.832765
12935	1096.492147038082	1.8330173
12332	829.4327631431693	1.8333552
13343	197.12876044777715	1.8339217
12939	1097.4853987449735	1.8342944
12852	559.2908719358031	1.8346307
12877	1113.517902341801	1.8356465
12925	698.4085816658206	1.8359936
12960	684.349289434256	1.8372275
12924	358.2076641930001	1.8378541
13504	553.3353025332848	1.8395314
12906	302.6525435417381	1.8398438
12990	606.3037417126884	1.8413903
12967	604.2984582069048	1.8413937
12471	605.3013277032094	1.8414065
12842	514.287816897117	1.84351
13005	988.5381116440084	1.8474479
13006	812.4523805144682	1.8481542
13009	712.4611279362394	1.8498697
13029	475.2563373656179	1.850969
13038	525.2674712283149	1.8510451
13290	385.2446647076829	1.8514086
13045	373.68069063663137	1.8515606
13092	746.3545704603767	1.8515295
13033	769.4828317644639	1.8518828
13078	254.1599289163221	1.8520892
13011	320.16068682701496	1.8525004
13080	600.3363907118988	1.8534933
13072	989.3558081686854	1.8535298
12918	518.2453148091533	1.8542228
13069	407.2260290671472	1.8548214
13360	479.2982088632797	1.85489
13081	501.21811515618543	1.8565714
13095	575.2827992394571	1.8579576
13108	578.2497364406784	1.858887
13148	699.3640739132338	1.8597424
13174	767.3564324645822	1.860149
13110	259.16537071267254	1.8603978
13119	302.14996734750423	1.8609663
14309	555.2450615415274	1.8612626
13124	547.2517890958751	1.8618658
13142	577.2987068800936	1.8624095
13133	943.4738826835712	1.8628179
13443	358.16096428185904	1.8637424
13138	314.1710236893543	1.8638633
13137	374.6886726852648	1.8641412
13145	748.3699552528905	1.8646566
13549	263.13921057642574	1.8650988
13046	531.2567509505636	1.8653303
13151	718.3387796647368	1.8665916
13233	717.8905769059404	1.8682473
13186	533.9409086465045	1.8690829
13198	533.6066115838089	1.8693908
13240	800.4077050404861	1.8706552
13193	628.3307198169082	1.8720369
13226	855.4582564621911	1.8740674
13268	947.4488443200491	1.8743731
13224	175.10789893971227	1.8752708
13270	869.4033941118017	1.877161
13261	868.4053907407734	1.8783449
13220	388.2541174202777	1.8785104
13934	314.2072897228132	1.8786143
13248	330.239581480773	1.8795677
13235	328.6936434035736	1.8796787
12998	1123.9710684553784	1.8801008
13246	722.3181650253163	1.8802388
13256	656.380887371342	1.8804581
13303	735.3290386929413	1.8807054
13176	707.3257361258602	1.8811454
13177	597.2884508333761	1.88177
13274	321.6766211608696	1.8828413
13259	643.3497273362914	1.8829479
13265	642.3463757043147	1.8831236
13545	442.2667550788844	1.8838588
13381	644.3536893499388	1.8853961
13456	546.258099838608	1.8854196
13263	658.3397570823328	1.8854318
13367	407.2225112626039	1.8861135
13297	489.25604986131503	1.8864626
13286	488.25000326676985	1.8869214
13304	546.2934977975458	1.8887231
13362	835.4179799139087	1.8890015
13356	1083.4882033783688	1.8901567
13320	813.4362559784589	1.8907837
13318	614.3527651014817	1.8914601
12928	399.2604494307531	1.8923239
13337	428.72455570134287	1.8951876
13336	856.4418033572745	1.8954928
13311	402.2338317798781	1.8966526
13415	637.2838652594864	1.8969477
13389	1098.5686970670745	1.8977889
13357	560.2711600919149	1.898433
13394	957.4893288096304	1.8988763
13402	484.2774501039257	1.900065
13368	317.13445456942446	1.9000882
13348	543.314195311739	1.9032799
13408	635.2863075908036	1.9042491
13398	360.1943902054926	1.9063252
12964	1123.4698168733053	1.906448
13403	426.7526790608099	1.9068664
13401	852.4984242350024	1.9069302
13158	1122.9695892565533	1.908608
13326	513.3040901933057	1.9089403
13734	440.25091263868114	1.9104332
13487	648.2726451507411	1.911443
13447	1011.5922916795498	1.9115943
13789	674.3878669212937	1.9123874
13488	661.3207974415407	1.913854
13454	524.3091059179402	1.9146572
13455	326.7049428756116	1.9148144
13479	654.4088029160141	1.9150119
13374	653.405933188873	1.9151121
13460	652.403126303375	1.9151448
13412	652.5176736183499	1.9152857
13445	1303.799539882057	1.915279
13440	652.9043879092748	1.9154173
13422	652.288858195604	1.9154769
13449	652.3147831292454	1.9155735
13453	652.4940018168207	1.9162323
13635	958.4925823070035	1.9173405
13481	229.1004754840341	1.9185565
13527	181.09709219057052	1.923207
13075	328.1864951967276	1.9240448
13602	842.4272431876764	1.9270183
13550	724.3419064706901	1.9279867
13521	432.2805213361805	1.9281768
13877	1227.744291142144	1.9304277
13558	548.3085886576183	1.9308859
13572	411.2601682637597	1.9337425
13532	763.3328842522895	1.9345882
13597	353.6647520140598	1.9378763
13596	397.2081735796693	1.9381568
13600	708.3249024229768	1.9385914
13668	931.4515012340872	1.9386996
13653	419.18959781387935	1.9388461
13979	706.3227655068087	1.9399298
13590	972.5532072082542	1.9411118
14096	243.1339522348728	1.9421977
14188	461.2866335685876	1.9438436
13316	977.485087856778	1.944451
13634	576.3506863201683	1.9446722
13700	576.445335238883	1.9447154
13636	288.67870128929513	1.9449763
13627	773.4320552814295	1.9450028
13664	636.2694210948345	1.9451287
13778	977.9867639419364	1.9456441
13685	387.218705935682	1.9458061
13992	613.3555516935571	1.945841
13718	774.4363161730683	1.9458863
13643	446.25959094174925	1.9470241
13781	802.4103832411165	1.9474871
14085	342.23862546967047	1.949321
13625	343.2419691234188	1.9493705
14078	651.9929967403881	1.9502778
13910	997.5119291129092	1.9512546
13669	742.3988866818146	1.9516935
13756	937.538700000022	1.9525048
13720	915.5318783959394	1.9556999
13681	927.4755607046164	1.9558183
13727	613.8352331416842	1.9561695
13738	302.20738668591	1.9572381
13771	787.444162548337	1.9595709
13723	417.21323062718176	1.9603418
13792	632.3137490047176	1.9603912
14129	644.3037616410434	1.9607215
13857	812.4151783060707	1.9608583
14531	461.24282050822217	1.9614555
14646	340.18663976436187	1.9619374
14317	489.2710463727243	1.962489
13705	403.1992185577823	1.9661087
13793	727.3989763927893	1.9672774
13794	805.391455425826	1.9676447
14155	684.392902970054	1.9691098
13702	425.2758787851747	1.969425
13695	342.699800252346	1.9695662
13713	475.2221898074338	1.9713135
14174	514.2873742904799	1.971738
13889	961.462624185372	1.9736683
13845	476.3061179844391	1.9741575
13847	619.2905665719413	1.9743494
13791	696.0072389475619	1.9746025
13997	685.396062089133	1.975604
13977	701.3376895677505	1.9767878
13833	647.330075979773	1.976799
13978	497.2039661065055	1.977159
13986	431.2318927847053	1.9774925
13777	492.2534677933783	1.9799143
12930	427.29154456078265	1.9804261
14245	696.3409343235845	1.9804556
13907	491.2505806862684	1.9805251
13926	695.6730014316805	1.9806405
13544	970.991927552362	1.9809195
13887	635.3404320374901	1.9813325
13859	657.3224545620714	1.9814312
14039	621.2913490745846	1.9816233
14476	676.3678840144256	1.9819123
13216	433.2447215729153	1.982028
13769	926.4723457972468	1.9821731
13786	662.3371464647181	1.9822978
13918	1052.5317458573918	1.9841793
13949	785.4429518692854	1.9844327
13817	725.3846015708319	1.9846176
14091	428.2948136884777	1.9857358
14017	575.2802080515469	1.9862224
13948	564.2919053044891	1.9863766
14658	562.2906929445569	1.9864774
13866	1123.5734614848395	1.9866602
13437	969.4886132952028	1.9873365
13809	661.3408712474613	1.9878652
13960	553.2980555816457	1.9886581
13631	1043.0066137910192	1.9888036
14133	612.853773056019	1.9891313
13941	1221.6281438253	1.989939
13293	969.9900655388572	1.9902593
13800	1220.625513839726	1.990389
13906	617.9847315392662	1.9908187
13976	374.2283846602992	1.9910936
13987	330.1734188160157	1.9920207
13353	753.4511240371946	1.992735
14214	1043.5068537040097	1.9932992
13396	925.9724683910922	1.9934353
13930	660.3431826661594	1.9939593
14459	659.3400627021839	1.9943659
14626	1136.668099644944	1.9960892
13944	372.2133224204613	1.9962174
14574	1317.6744383547798	1.9963157
14601	490.2858368277754	1.996561
13400	568.8375626726953	1.9968657
13391	1035.5100550212333	1.9980568
14056	744.4217658556998	1.9986488
13395	1035.0090160675882	1.9998534
14599	378.2000217098966	1.9999435
14616	755.3930856258636	2.0002778
14043	1000.4903146622788	2.0003655
14068	681.3217796841739	2.0014765
14040	588.3508070337897	2.001498
14632	579.8285426617658	2.0017984
13384	690.6756482042117	2.0020628
13306	646.6613593936928	2.0041513
14637	279.17028530224025	2.0042875
13841	706.3769074864769	2.0045295
14437	886.5048683514844	2.0053048
13684	686.3987645873644	2.0056434
13520	619.3612651870334	2.0062041
14122	604.2995189203134	2.0065901
13703	690.3413695186777	2.0065923
14084	723.4401824200214	2.0070577
13542	661.9988125960923	2.0073462
14098	991.9941770647318	2.008134
13497	661.6650318538774	2.008233
13774	760.3894104106801	2.0104823
14161	619.8622317826355	2.0106165
14356	1044.507989201278	2.0114157
13905	413.75504059994415	2.0133998
13888	826.5038878965053	2.0135267
14500	833.3646365882856	2.0139637
15291	991.4927185609796	2.0141985
13939	687.4024965410532	2.0142708
13722	666.662695177867	2.0151756
14805	730.3771710592795	2.0167673
14219	718.3072415494938	2.0170338
13763	666.9965966549844	2.0180414
14159	520.3331671107752	2.020065
14802	872.4569494012629	2.0213876
14565	617.6507822091529	2.0227907
14191	674.3511083154643	2.0245664
13319	646.9956448134698	2.025088
13870	439.2917655793588	2.0257204
14502	669.3647759374896	2.0282006
14210	668.3618071862956	2.0282054
13779	667.3305278003485	2.0286853
14250	602.3668031704761	2.0297525
14267	758.3454581480864	2.031437
14832	748.3869488382088	2.031979
14327	670.3678234106328	2.033587
13546	491.28645485210825	2.0336535
14295	776.3460976910719	2.0337434
14320	793.372223901218	2.0345995
14412	675.354783482096	2.0349412
13662	798.3276300716398	2.0352795
14936	513.2687861814234	2.035975
13782	741.3938185218716	2.0360575
13923	211.1441786925316	2.036799
14359	469.266356088753	2.0368235
14323	365.1819997460257	2.037727
14249	1114.6293668382275	2.037928
14081	257.14951084043287	2.040575
14762	344.25404099857866	2.0407875
14430	981.5680711207766	2.042283
14383	731.3736556850035	2.0437346
14340	1016.5680737431832	2.0439816
13752	1015.5649310351448	2.044153
14303	821.3856031316567	2.0443716
14257	557.8182192189892	2.0444467
14956	534.3141756775254	2.0451295
15012	508.28447331352646	2.0452676
13775	768.4010152088922	2.0491931
14706	723.4386708401025	2.0524638
15104	343.7028579489084	2.0537746
15045	277.1183534200096	2.0539186
15074	686.3989748975381	2.0543766
14567	927.4745500946694	2.0566788
14213	199.12314565308137	2.0581636
14666	682.355280206617	2.0590997
15278	588.3032737208171	2.0610914
14612	588.3498102081184	2.061794
14631	755.3839015989255	2.0618002
15229	753.3786587496534	2.0618398
15384	459.2605752586773	2.0620267
14653	1023.5084448511894	2.0637436
14780	689.4078228121946	2.0642889
14892	884.4561446073816	2.0655267
14659	691.341740039089	2.0667737
14507	1030.5549452134337	2.0682275
15207	564.3596787991294	2.0690253
14482	1136.529370582011	2.068985
15305	645.3249840699906	2.0701292
15535	211.14419623817705	2.071112
14808	1000.4937485663708	2.0712037
15021	714.3839086546432	2.0729063
13925	939.5428078375206	2.0752416
14355	1260.5758714231984	2.0765257
13891	470.27423529079726	2.077739
14410	553.3350815924068	2.0777473
14385	1184.5601849953798	2.078201
14915	713.4186440562986	2.0791426
15023	777.3490042289095	2.079252
14673	926.4739634568313	2.080321
14562	654.8623661839404	2.081244
14493	746.4575572079451	2.0841157
14727	738.4046126701264	2.084992
14509	728.6970695957586	2.0860422
14672	710.4092286469635	2.0865881
14663	652.4072549168494	2.0867941
15317	446.195852665986	2.0870411
14481	1008.5715982073274	2.087751
14651	501.2653957073357	2.0882292
14313	604.3407003155789	2.0887709
14822	666.3882238510403	2.089571
14943	695.6733670643479	2.090267
14669	624.3726596328818	2.0910108
14867	575.3189684618739	2.0916421
14885	1093.0425878796673	2.092361
14984	696.3412149312419	2.0937755
14711	473.2977061099601	2.0939078
15410	817.3906557897122	2.094727
15421	925.57276845741	2.0957458
15408	463.2896029194561	2.095992
14917	712.4169200940283	2.0972314
14794	524.3445982908293	2.0977921
14798	925.9731612420594	2.098493
14946	587.3200644624222	2.1002195
15010	696.0078298957154	2.1010969
14758	926.57537167061	2.101428
15645	661.3315120561501	2.1018274
14776	617.9851367013766	2.1019094
14852	828.4284310135539	2.103064
15445	529.2423827106325	2.1031005
14769	578.3393810789532	2.1040356
14816	658.3584819958464	2.104592
14199	342.20243014008463	2.1048822
15041	969.9906567205268	2.106043
14974	647.3289712867303	2.1061869
14093	838.4465241100025	2.1073117
14897	730.3595714984607	2.108097
15235	1044.0090530822818	2.108212
15999	419.72654170400045	2.1086283
14840	860.4272311231922	2.109142
15639	758.4100813441017	2.109457
15109	711.4132180635349	2.109531
14924	1122.618616461668	2.1095667
15080	902.4602100043944	2.109607
14645	1001.5309973377492	2.1098943
15077	646.6616559600121	2.1142778
15845	751.3823618297448	2.1143703
14969	696.437752774834	2.1148407
14981	357.2352382213889	2.1156344
14854	805.9565347631483	2.1158338
13970	723.3649874585345	2.1174107
14964	701.3936587145048	2.117592
13973	723.6990263305586	2.1182163
14979	496.2768373706083	2.1207414
15788	365.6833305503279	2.1218169
15222	731.3625373982485	2.1220655
14988	518.2589511466798	2.1228354
15069	870.4606864052903	2.1237638
15592	1013.5287394401762	2.1241336
15504	751.4719606569128	2.125204
15227	690.6760041733194	2.1252587
14203	1079.6106851732989	2.1255538
14807	483.2872754487461	2.1261194
14985	608.3859117928656	2.126145
15054	617.3297766235587	2.1262953
15027	661.6652455883535	2.1263804
15210	751.3684946079984	2.1268098
15236	690.3421334460523	2.1273072
15239	1035.0095813314742	2.1273859
15031	770.3558839797247	2.1274214
15238	1035.509912390098	2.1278453
15067	540.3087553666231	2.1279948
14972	934.562152320708	2.128757
14131	1101.59408242221	2.1298254
15273	999.9922458451522	2.1304538
15083	558.3282887725212	2.1325893
14019	965.5679924500556	2.1327326
15558	681.3211531707751	2.1335218
15835	643.3099166347578	2.1338484
15105	618.3279501054687	2.1343567
15186	752.3722417627457	2.1365569
15092	806.3945094888842	2.137933
15139	577.3349595270383	2.1380613
15928	991.9945055522048	2.1382854
15527	551.2996392222836	2.1387005
15082	580.3105024444245	2.1388578
15112	869.9613807187084	2.1391
14319	548.8224207643701	2.139414
15135	805.3915360441808	2.1404479
15158	647.3231864318005	2.141035
16190	666.6630426524158	2.1411574
15802	526.2877368801735	2.1414347
15107	496.3131205086984	2.141902
15113	559.3316889141615	2.1427681
15183	773.3477681977819	2.1435332
15354	617.6509402891614	2.1461852
15387	666.9971086684715	2.1462991
15313	814.4542906560456	2.146459
15839	316.1292160920988	2.1467576
15546	807.3951271940165	2.1497262
14560	877.5762698907238	2.1504421
15798	376.2230914142363	2.1509202
15650	439.2917550407873	2.1518912
15481	884.453675264785	2.1523633
15827	266.1023406345737	2.1533353
15251	620.2742890376921	2.1534016
15294	364.2246510714057	2.1537197
15087	1115.6479022135748	2.1541607
14980	632.3448504005524	2.1546924
15447	989.4900334715288	2.154965
15265	650.3684805316603	2.1557148
15266	618.2601341241582	2.155737
15366	413.2394502174389	2.1569428
15647	379.70783963995046	2.1598616
15275	461.2734104688522	2.1607778
14814	428.2507359682559	2.1614919
15309	631.345774426658	2.1615903
16085	622.3663701993978	2.1637158
15435	745.4203466019756	2.1643376
16235	557.8188427669744	2.1646466
14432	530.2977127214889	2.165667
16223	1114.6308936060673	2.1660578
15446	741.3955162378509	2.166472
14823	608.8447819195896	2.1666372
15402	740.4640161111727	2.167081
15389	379.2483090001879	2.1671474
16037	747.2868238033338	2.1684108
16157	659.3401959112327	2.1690004
15405	649.3303067689191	2.1708205
15401	646.3577321007917	2.1716306
15391	245.12853149412604	2.1720848
16005	641.3373007504377	2.1724935
15670	780.3895363654108	2.173623
16196	568.8093573589289	2.1756167
15536	786.3650607918947	2.1779075
15534	628.3522633275919	2.178774
15343	601.335550369604	2.1790836
15449	627.3493226143374	2.1791925
15463	891.5298914521038	2.1806629
15473	949.9879387473484	2.1807795
16369	330.173704608818	2.181444
15482	752.9215509033053	2.1814451
14893	1138.5265913146036	2.1835728
15823	949.4873058353148	2.184597
15703	618.3256244250452	2.1856308
15730	730.3606927664424	2.186878
14535	335.22258962093053	2.1877763
15480	463.7523170168547	2.188751
15617	1131.6241123690495	2.1895854
15789	992.491729374276	2.1900713
15853	789.4473687226392	2.1911597
15584	652.4090221555948	2.1917188
15846	695.6739537257009	2.1923218
15562	523.2559131302835	2.192496
15568	208.0969957620213	2.1927195
15600	593.3376684565919	2.1939254
15633	1132.123843940098	2.1949544
16520	505.30231671520175	2.1951804
15948	763.9120740770812	2.195164
15631	879.4676406721326	2.1954975
16438	746.4578949501965	2.1955764
16444	1136.5241113349598	2.19565
15518	673.3182687969702	2.1965804
16309	701.3357713759422	2.1966505
15901	617.3307475764227	2.198418
15892	636.3429868865585	2.19954
15601	1008.5742200420416	2.1995573
15879	767.4315087921588	2.199844
15522	507.30897314566505	2.2002056
15496	761.4280651843168	2.2004473
16362	527.2846573974584	2.2004836
15459	753.4193845220566	2.201301
15510	926.4946486841257	2.201758
16453	504.7903352592863	2.2022371
15692	796.3622271067308	2.203338
15653	758.5499319147063	2.2039945
15652	754.4250333075199	2.204153
15486	927.4996786036564	2.2052479
16421	1030.556891906985	2.2054076
15585	166.08637629313785	2.2056415
15690	427.2192526708545	2.2068784
15949	667.3297817362984	2.2073278
15926	577.3365347142525	2.2088978
15717	1023.5123178498812	2.2094302
14513	498.3290315893564	2.209705
16440	568.2981413817315	2.2111614
15987	569.3061820545863	2.2113507
15936	859.4537407393675	2.2113883
15712	689.4354699156307	2.211417
15726	761.9348137355067	2.2115748
15491	520.243294746377	2.2125893
15763	386.2379552914903	2.2132022
16497	491.2326656699128	2.2135317
16481	1001.5316297129316	2.2135808
15909	658.3208429248326	2.2140875
15684	345.22101439325826	2.2142186
16296	506.30583066305314	2.2142105
15722	668.3291139449054	2.2148538
15947	1004.5106947010248	2.2149072
15769	1230.6767246041609	2.2151313
15868	877.4434953502532	2.2158995
16518	501.2671147956372	2.2162986
15861	667.830637415254	2.216499
16521	509.7828999532434	2.218766
16502	512.2600663064294	2.2191007
15716	590.2807004120953	2.2193692
15779	1393.741248797881	2.2198985
15856	784.4896190238211	2.2214792
16227	650.3669574227652	2.2220762
16038	930.4549606652956	2.2253807
15863	401.2614074868539	2.2255177
16578	908.4746315937218	2.2256446
15979	1023.4932115724796	2.226078
15893	1056.556103738506	2.2265804
15971	1003.5129766912098	2.226734
15854	978.5619631162486	2.2269251
16256	621.3388856378338	2.228258
16344	335.22253097125423	2.2312856
15897	489.78401142453765	2.2313182
15896	999.518878494132	2.2317138
16701	939.5448419412788	2.2335258
16639	470.2747702204401	2.2339232
15938	1001.50783672467	2.2339888
15869	667.3943291702135	2.235641
15662	764.4134554205352	2.2363274
16652	666.391895790191	2.236838
15415	690.4357906720857	2.237202
16603	1080.6115154660042	2.2375379
15924	485.22545851875066	2.2390583
15923	501.25756099162527	2.2399578
15887	342.21258669602406	2.2404275
15991	574.3274497884992	2.2421217
15304	766.4905079101959	2.2428813
16263	652.4067581940611	2.244296
15930	495.25781637235485	2.2458327
15969	491.28682976412665	2.245977
16731	561.8124144546966	2.246503
15872	473.2773111666992	2.2466035
16717	1122.6196765440147	2.2472866
16003	737.8562671203313	2.247903
15834	687.3824363050894	2.2483673
16315	884.4768364121119	2.251003
16064	838.4471652618591	2.2518547
16065	712.4159469040217	2.25215
16758	587.3195099697158	2.2529402
15957	284.139444766128	2.2530556
16843	751.47191275678	2.2535691
16066	892.4452501612234	2.2545836
16646	551.2996438432228	2.2549717
16867	356.7108293680138	2.256395
16043	746.369483444169	2.2563725
16074	856.4430745013264	2.258742
16092	496.2770327060098	2.2602224
16129	580.3113017534841	2.2606714
16794	729.030948105715	2.261253
16193	878.4402711713336	2.2617283
16082	680.3531334355127	2.2620664
16111	1115.6520125572042	2.2622137
16225	559.3323446393027	2.2623744
15962	829.4445903379849	2.2631896
16749	558.3291018724257	2.2632346
16079	806.4063493866188	2.2646081
16081	765.4866015362836	2.264904
16186	1101.5949018513618	2.2659404
16084	724.4030191398683	2.2669587
16175	797.4782502019949	2.2673311
16876	357.23567164108306	2.2676165
17022	1079.611943659651	2.267699
16077	596.2839001502025	2.2680397
16861	696.4387043527228	2.2685654
16204	701.3968830967714	2.2697132
16661	772.4264785998192	2.270646
17050	540.309230867738	2.2719104
16216	798.4767103712226	2.272456
16818	570.3329225153959	2.2738094
16060	622.3230316723427	2.2739737
16965	548.8225004421287	2.2759607
16205	614.8617180352287	2.2761464
16249	765.9040099460568	2.2762735
16842	821.4221242839582	2.27661
16213	614.3597145267312	2.277104
16248	408.250945606813	2.2771845
16184	778.4174614734899	2.2780957
16348	981.484974932899	2.278078
16229	570.2783508933253	2.2792091
17312	680.0188247821238	2.279543
16284	568.2516069353819	2.2797408
16266	1018.067730904846	2.280029
16304	552.2800858510748	2.2853882
16577	902.4627434678792	2.2862523
16323	622.277688461585	2.2872393
17171	679.6846293506334	2.287319
16350	833.471049618006	2.2877452
16247	752.3701458562037	2.2882166
16339	423.2742263927086	2.2883046
16396	904.4683791086544	2.2882862
16382	1153.6253549027704	2.2882636
16302	530.3806899606653	2.2886255
16312	530.3631260798318	2.2890666
16317	1059.5864577682476	2.2890499
16437	795.4210075672306	2.2893853
16318	530.2136328500118	2.2894995
16358	828.5154295030244	2.2898881
16305	530.4044173937239	2.2901003
17093	698.4083606565946	2.290915
16431	753.372526648554	2.2912328
16510	621.2784666360722	2.2920387
17056	620.2753477865161	2.292343
16337	921.5087125113424	2.2932725
16262	1017.5686610513944	2.2935905
17044	773.3489038277027	2.2936203
16474	975.4785498893508	2.2936099
17007	376.1871018836687	2.2951076
16458	817.4032508961208	2.2951155
16214	631.2722187317872	2.2952423
17035	642.257276704649	2.2954397
16324	604.3450031788576	2.2957237
16413	922.496809524325	2.2961023
16424	944.474027247467	2.297758
16341	607.3550463590827	2.2985091
16306	1081.5708114667098	2.2985208
16246	924.440600733844	2.3003764
17075	553.3353387819016	2.300684
16467	684.3810568543854	2.3013885
17062	751.3670800679182	2.3014572
16452	602.3337398352264	2.3015175
16352	1086.0451026731737	2.3016303
16600	723.6988181049744	2.3019404
16059	623.3191999553575	2.3038301
16569	939.520420753424	2.304988
16135	1085.546219325432	2.3053975
16620	667.3313006660804	2.305903
17119	575.3190065195232	2.30595
16558	821.437120574733	2.3062825
16180	747.3370750583831	2.306509
16278	188.12820614063327	2.3067842
16968	601.3350689324843	2.3070273
16596	843.4196091344896	2.3071096
16199	748.3411643928558	2.3079262
16509	1350.7298358059304	2.3079243
16374	245.1286153384269	2.3095415
16568	1023.5082695725232	2.310433
16536	435.22195575506	2.3135471
16567	993.4685512621506	2.3144505
17124	723.3644436179462	2.3148873
16563	430.2669891851693	2.315656
16587	994.463215997681	2.316223
17253	364.225288827667	2.3165894
16529	814.4572926659687	2.3168447
16407	407.7319691310493	2.3170083
16366	716.3491447219097	2.3174186
17134	413.2397692354872	2.3175468
16594	1085.0451649241122	2.3175957
16783	877.4982833891168	2.3193405
16517	836.4363750126446	2.319806
16589	859.3918952195555	2.3200195
16566	1187.6090754155182	2.322014
16328	710.4171705970474	2.3226264
16636	970.496208409729	2.3228753
16574	556.8024738216974	2.3237138
16769	703.3814295225245	2.3243225
16644	1157.5836607835142	2.3243716
16590	1112.5982691288752	2.3243916
16441	796.4318025934822	2.3253152
17459	690.6752791367879	2.3254957
16555	838.4654456188855	2.3257945
16591	649.3324881961049	2.3258464
16593	1188.6082612019648	2.3278031
17415	724.0325197748413	2.3285675
16601	497.2359731723303	2.3287535
16649	415.2401704911499	2.3310187
16565	631.3298952590451	2.331648
16722	849.4294937880442	2.3324273
16540	629.3565875836158	2.3337462
16788	560.3349072015636	2.3341253
16612	314.1785806062662	2.3370004
16714	971.4930451059644	2.3372526
16681	627.3502623963184	2.3374255
16663	379.748975083479	2.3393135
16776	702.3804671984866	2.3425474
16712	709.4083462517657	2.3425677
17198	870.4627662685518	2.343624
16732	653.3406770981479	2.3438575
17018	1101.5932734815626	2.3440087
17497	379.2487937022822	2.3448572
17632	626.8699694261597	2.3448617
17480	740.4650077137906	2.3456318
16741	842.4958386146154	2.346145
17268	695.2994774497371	2.346991
16546	356.21769938904464	2.3472707
16836	709.9085353846207	2.3480172
16856	895.5390204175641	2.3481095
16882	712.4192353959523	2.3490255
16616	475.2913933644789	2.349334
16580	363.2375401772605	2.3505666
16831	674.3219244171179	2.3511639
17525	619.3571757347729	2.351905
16773	680.3976385304411	2.352497
16755	786.365885523207	2.3526387
17129	869.9614201534333	2.3531628
16768	673.3187669760472	2.3539915
16800	445.2876620823322	2.3551748
16840	872.5427092098341	2.3552046
16898	948.4794638905768	2.3562756
16998	661.3296709489767	2.3566098
17506	711.4179712972218	2.3570514
16890	991.4927390658884	2.3578043
16824	926.4991658639972	2.3588223
16820	689.4345690671423	2.3591924
16844	691.4400365333727	2.359861
16797	787.4698158529311	2.3599966
16828	345.2207497092391	2.3604279
16796	927.5034766840424	2.360704
17066	661.6649486374768	2.360919
16756	759.4111893945355	2.361018
16819	879.4234742763336	2.3611028
16562	455.3228415132109	2.3623695
16908	760.4140388670784	2.3649638
16900	780.3899035181374	2.3669353
16815	463.7527932510429	2.3671527
17059	765.486131360188	2.367326
16923	758.4083157396249	2.367374
16909	782.3946296908636	2.3677409
16914	379.7076037641651	2.368696
16897	701.4346941345551	2.3688269
16934	758.9098652258303	2.369088
17617	371.2146857696057	2.369177
16962	690.4375556157213	2.3692017
16921	526.8158848048673	2.3692303
16857	1106.562454019061	2.3693535
16869	495.2572286791256	2.3704565
16933	1052.6249928462985	2.3713906
16859	838.4447383665002	2.3726885
16855	1105.5656936830424	2.3728993
16963	989.4909037564812	2.3739512
17163	766.4893794707621	2.3740065
17657	1230.6788975214888	2.3743517
16345	1132.1256555656091	2.375315
16814	383.2469361880687	2.375698
17673	796.36331340901	2.376061
16597	614.3041092415987	2.3766904
17677	398.6811502404822	2.3768473
16950	1395.6406899263757	2.3769765
17186	797.3667289861552	2.3771307
16972	1374.1598884126397	2.37715
16985	714.381524450904	2.3773425
16955	706.3067968529346	2.3774068
16823	473.27583597066985	2.3780959
16970	698.3226494499313	2.3784187
16989	1375.663196442758	2.3793788
16987	1373.658457660176	2.3806794
17452	949.9868927591692	2.3811502
17001	857.4772242680081	2.3818736
16984	1374.6606386677147	2.3825715
17290	380.2091553174784	2.3831115
17349	1131.6266263978268	2.3841066
16907	638.3457918563614	2.3844762
17041	636.339227934132	2.385337
17521	1393.742289161842	2.3871293
17356	1394.746776542864	2.3881903
17021	1126.6161830537271	2.388909
17031	692.3967690343559	2.3892772
17063	1237.6187153492958	2.3895943
16894	166.08626241816526	2.3898106
16862	979.5665012576457	2.38987
17019	761.4322836195087	2.3900423
17121	580.3111635921948	2.3906994
16999	695.844903799791	2.391562
17072	709.4216751909163	2.3924053
17085	845.4399973523605	2.392855
18356	949.4858653460244	2.3935485
17013	687.3322179592615	2.3940942
17074	657.397161164784	2.3941607
17277	639.3471998694172	2.3951125
17006	762.4371057519065	2.3982687
17128	1472.8525985168026	2.3987787
17095	1201.623609359571	2.3991096
17800	386.2383394096197	2.3994522
17291	736.4294211792476	2.3997555
16472	752.9226923825104	2.4006398
17360	1019.5229967259164	2.401047
17135	922.49388721782	2.401188
17002	747.4207025151462	2.4013138
17149	753.9248445040995	2.4015636
17158	978.563342498098	2.4016037
16983	555.3268460584371	2.402948
17159	877.4451703131357	2.4032495
17122	687.382942558924	2.4032972
17090	582.2984317538501	2.4033206
17184	753.4237222356037	2.4037783
17353	680.3524231905038	2.4039214
17641	658.3206239732367	2.4051275
17150	574.331405355053	2.405205
17132	744.941880583849	2.4058447
17140	1272.6114218627629	2.406384
17183	489.7846462218562	2.406498
17017	532.313070681653	2.4067998
16751	761.9369206861228	2.4072306
17190	437.2533375241315	2.4073603
17189	830.4507937733727	2.411565
17242	829.4483547640632	2.4127984
17191	1049.551761584718	2.4135365
17474	761.4194139681925	2.4147546
17652	754.427038278341	2.4149055
17212	524.7785227373728	2.4149656
17231	790.3811587835876	2.4149964
17233	1063.517316257081	2.4152162
17215	1025.5660179530091	2.4154243
17192	1064.5241665518147	2.4165227
17180	731.3502447627945	2.4169412
17377	1103.5861963388456	2.417091
17210	524.2768930421013	2.4172263
17250	763.9130225000899	2.418406
17249	452.2771726237555	2.4186323
17199	513.2873258181819	2.4188583
17257	532.2600129987079	2.4189327
17155	764.4142128937118	2.4190173
17241	859.4575076120841	2.4196708
17223	1047.546005235609	2.4198623
17272	976.5122771915406	2.4207327
17334	902.461627346902	2.4237661
17294	622.3223871136204	2.4238648
17306	623.3275231138348	2.4239113
17323	723.4213125907601	2.42407
17734	992.4859495937222	2.4266648
18063	784.4911062161536	2.4275162
16759	730.8491100444863	2.4281123
17237	401.26196102031287	2.4281523
17304	467.3007048842008	2.428282
17333	1101.580334955451	2.428724
17299	1056.5599192681286	2.4299557
17188	645.323130489134	2.430161
17332	916.5672266094114	2.4301574
17376	550.7914262256718	2.4304585
17366	739.362516784388	2.4308875
17896	1000.5444119034884	2.431134
17311	785.8957809000935	2.4319212
17371	501.2576663755536	2.432728
17145	774.9036498893147	2.4336872
17441	395.7445079401891	2.43377
17094	1114.6168908091408	2.434098
17422	1024.494999748044	2.434429
17354	284.1392470609902	2.4347122
17355	1023.4935075723362	2.4350264
17351	243.07610950835925	2.4351819
17327	1135.634883851715	2.4365
17363	559.3041224937782	2.4370909
17359	1100.5767435413848	2.4379134
17405	1001.5097370648488	2.4393144
17368	605.3721670050938	2.4400585
17364	358.2285789298306	2.4404697
17450	1004.5141109329992	2.4406948
17390	569.7651722798183	2.4414015
17625	709.4085048974273	2.4426842
17420	649.3326115297401	2.442993
17462	1138.5312405993402	2.4442546
17399	715.4495854904952	2.4444082
17614	723.6983738832363	2.4444492
17407	748.3396640554216	2.446079
17381	1003.5147958196682	2.4463804
17429	724.4059334195962	2.4470034
17431	806.4082734937787	2.4473753
17427	770.425253206946	2.4479623
17435	1171.6122137760756	2.4483948
17417	725.4076460617822	2.4524934
17640	558.328859133032	2.453109
17683	870.4629222869733	2.4531908
17207	799.4761753745291	2.4536273
17252	886.5204532731032	2.454982
18334	393.2281038307705	2.4562042
18344	747.3357027659054	2.4561858
17493	561.7827472072968	2.457938
17559	588.3069605515136	2.4608276
17522	1017.5692800661012	2.460948
17544	765.9046793319066	2.4610188
17658	761.4353750682528	2.4613786
17483	1122.5590283989698	2.4621096
17546	530.2976341060448	2.462469
17554	1096.6063057362558	2.465085
17387	1106.5536896663716	2.4653964
17695	345.2208358358328	2.466731
17712	1085.04338993567	2.4673302
18396	604.3443180175409	2.468178
17611	1007.5154473791556	2.468352
17574	568.2515455770287	2.4686322
18346	1029.0615252801078	2.4686096
17195	738.3582590983076	2.468925
18374	1018.0697396912984	2.4692523
17581	878.4408340860863	2.4697602
17553	747.4218704276587	2.4705925
17425	1028.5616935258292	2.470578
17636	798.4796123475788	2.471852
17490	1037.5616269507077	2.4719446
17547	746.8710717448605	2.4723153
17410	797.4793196314338	2.472605
17579	686.3710189299488	2.4731145
18470	1059.588142026642	2.4740074
17758	746.371554355391	2.474364
17815	576.3512333223757	2.4747293
17496	766.4057344306508	2.4748056
17535	727.3997643811315	2.4749794
17123	737.8568538930749	2.4756591
17437	1107.5514615186655	2.4758027
18477	1081.570633618429	2.4763982
17585	685.3665074270518	2.4791465
17317	999.020374109257	2.480797
17782	723.3630919871215	2.4808607
17634	356.2179716642629	2.4809287
17326	999.522166616387	2.4819937
17552	552.2795076032631	2.483993
17742	758.9100513723039	2.4846551
17874	764.915511586562	2.4851766
17672	459.2672558768489	2.4873712
17701	379.70763863445694	2.4878652
17639	408.2514594224139	2.4884489
17680	728.4349798308333	2.489531
17718	818.408372583351	2.490616
17715	796.4291129892194	2.4927735
17675	926.500546233376	2.4928734
17729	474.2910694862717	2.4930704
17713	1018.6296390754568	2.493017
17841	990.532745452824	2.4934757
17959	687.3841794247586	2.494282
17733	772.4229639340961	2.4944506
17751	930.550418464637	2.494461
17670	760.4137213803299	2.4954157
17790	795.4250902886298	2.4961116
17748	759.4129821179837	2.4965146
17741	935.5040581466208	2.497574
17707	1350.732773842676	2.4984906
17767	710.3699400399667	2.499389
17693	976.4830311033307	2.4999363
18600	475.2918646273906	2.500156
17950	1000.5418930780942	2.5003257
17688	817.4054228788837	2.5041392
17318	975.4787661922296	2.5041518
17612	540.3759347163382	2.5047817
17808	901.4612615117004	2.5049293
17938	754.441412313901	2.5050895
17822	960.5965998888588	2.5051534
17744	689.4349422693678	2.506219
17826	989.4936888471956	2.5079691
17478	615.307374946539	2.5082085
17842	981.4869052445538	2.5084183
17890	828.5166350948864	2.5091143
17479	900.9581336760892	2.5100892
17839	614.3036690994873	2.5130715
17682	758.4097453237962	2.5131035
17886	970.5014899391086	2.514349
17691	625.3328211694444	2.5145216
17852	614.8627111959818	2.514599
17942	376.2230614817579	2.5152535
17739	892.948027215819	2.5166752
18283	761.9370249994004	2.5173423
18893	780.389443017599	2.517672
17297	423.2748887957351	2.5179625
17766	883.4691034952814	2.518514
17708	750.4162156811799	2.5192387
17980	992.4830656892458	2.5195456
17940	414.7615680541272	2.5196865
18078	859.4588013255676	2.5197089
17911	821.4412613612574	2.5200522
17914	574.3286468305864	2.520325
17873	716.3449677107997	2.5203533
17877	534.2929460176556	2.5205746
17909	838.467537999303	2.5206451
17924	843.4226384560124	2.520958
17946	971.5012975881924	2.521002
17901	972.5018539113236	2.5211742
18034	594.3294748141803	2.522166
17447	627.3513991529045	2.523292
17807	489.31090948615866	2.5252888
17999	865.4019909609577	2.5256279
18328	763.9135645773738	2.5257456
17598	892.4476617450523	2.5257587
17933	505.30225997210295	2.5260317
17929	618.8432447727868	2.5269995
18825	866.4982323527304	2.527716
17465	614.3606518191697	2.528064
17948	554.3912104214739	2.5280848
18999	859.3937466261476	2.528835
18150	489.7849717171274	2.5290318
17906	670.4281452003981	2.529535
17881	572.3461332652936	2.5332468
18037	622.3229703039035	2.535652
18186	828.3904981112075	2.5369742
17963	903.4370734470612	2.537277
17432	993.470004653576	2.5374851
18096	978.5651091443018	2.538081
17867	777.3774211733107	2.5383487
18065	994.4646970741665	2.5389225
18243	803.9494841826489	2.539032
17995	624.8285623961738	2.5405037
18262	724.3530361260317	2.5421014
17869	1012.5129228535736	2.542161
17610	715.8443831083558	2.5426035
18196	829.4476283128791	2.5427287
17876	765.4878901328606	2.5434475
17699	1187.612859366758	2.5436864
18313	1056.5583921081911	2.544182
17967	881.4388952594599	2.544481
17606	1112.601651538032	2.54452
17934	636.3397379381672	2.54479
18422	501.2577791947768	2.5455756
18041	785.8979575215926	2.547209
18158	851.4917639497056	2.547669
18003	731.3509504931133	2.5489497
17588	497.2378927575705	2.550088
18133	722.8773257685401	2.5504467
18164	680.3993275302973	2.5512226
17629	594.3095811044481	2.5512316
18146	975.4576094420316	2.5514722
18240	703.3816410758272	2.5518112
17589	556.8039028619738	2.552113
17962	768.8619824850059	2.5524058
18197	629.3640492794669	2.552741
18209	415.2414849601946	2.5529366
18466	774.9047415858954	2.5539525
18157	997.4361831578289	2.5544395
18253	641.3288393884433	2.5550768
18202	702.381288972505	2.555303
18188	485.27650683504856	2.556507
18216	511.2786548967801	2.5579045
18206	784.4271072030698	2.5601685
18208	538.3243251094538	2.5616348
18053	1134.58335958239	2.5631058
18535	187.08655376690623	2.564543
18353	1017.5654553065916	2.5647247
18201	651.3467364300149	2.564868
18285	287.1965013945604	2.5651186
18225	222.11260389981348	2.5652833
18315	918.4394761262688	2.5658984
18287	481.2800890105525	2.5659642
18385	985.5556713171192	2.5668976
18263	752.9233432355211	2.5674212
18678	764.4152166137658	2.5684755
18495	1023.4946987721302	2.5685978
18309	806.4067682623007	2.5696619
17720	842.4984867371905	2.5698981
18483	1004.5162332780056	2.5709486
18304	918.94578639754	2.5709717
18383	724.4084192611625	2.5731015
18543	1157.5883417827838	2.573225
18318	909.9317632165216	2.5733361
18301	601.2811850174083	2.5742493
18044	372.2499110299845	2.5744472
18302	910.4311456522768	2.574438
18342	496.3042562619539	2.5746439
18335	961.6090029173384	2.5748966
18566	796.4275140844261	2.5750048
18652	798.4783130152442	2.5752084
18321	753.4232630004815	2.576101
18398	974.5762028813826	2.576087
18372	395.7105974481031	2.5773764
17850	579.296953549639	2.5798154
18587	739.3630703396767	2.5806665
18515	790.4123239841755	2.5806947
18449	1084.6061970627873	2.5817845
17768	430.2655435177202	2.5820096
18591	878.440253230646	2.582005
18428	511.3278625057385	2.58229
18539	649.2967234864898	2.5838199
17823	687.3333802746295	2.584241
18450	542.8058424924199	2.5843024
18259	792.4209510660357	2.584957
18501	946.5042653640284	2.5857623
18475	627.3149859799462	2.585909
18486	968.4827629862024	2.5860035
18479	1004.6231617583624	2.58625
18570	553.2867057706816	2.5867007
18530	812.3951075255906	2.5870209
18557	879.4255295298548	2.5875416
18551	730.851261285762	2.5879312
18306	519.245976378928	2.591937
18111	821.4500772173426	2.5919619
18574	622.368170404953	2.5933998
18365	1329.6325138186337	2.5937932
18554	608.8414432227373	2.5942822
18260	604.3748990183465	2.5943305
18604	858.4832861293255	2.5943613
18452	609.3481934318211	2.5947158
17848	701.4366597027425	2.5948272
18670	709.4259432811073	2.5952656
18437	896.5276945125403	2.595598
18536	828.3648644157141	2.5960853
18417	637.429250126393	2.5963414
18758	448.27391239270816	2.5980003
18377	659.408852149356	2.5980334
18524	1001.5117434576454	2.5982983
18016	895.542494310376	2.5988324
18635	658.3226631194813	2.5991726
18700	661.3359438337656	2.5994923
18473	864.5549873215286	2.6000419
18627	692.3994701199837	2.6001716
18676	1315.640460526698	2.6008718
18607	714.3825375239124	2.6011057
17964	872.5443964349021	2.6031766
18641	941.980767944048	2.6035686
18697	356.2182393886358	2.6039524
18772	1106.564880374298	2.6048665
19573	273.180951894588	2.6057532
18834	1003.517927032348	2.6071792
18007	445.288645950531	2.6086807
19384	857.4817629817404	2.6090407
18735	657.3989690628528	2.609321
18270	871.4924901929763	2.6096668
18801	584.2932030471513	2.6124687
19031	828.5170618466097	2.613353
18029	1105.5692815756945	2.6144633
18823	863.4278826423957	2.615466
18668	580.3124983565499	2.6162608
18807	473.27604546706857	2.6164508
18957	877.4844705072338	2.617047
18876	709.3136072707579	2.6173527
18648	724.3915120317705	2.6175792
18683	1376.669353198506	2.6184468
18126	537.8079235105984	2.6190832
17840	687.8343431437194	2.6192648
19018	838.4674550563037	2.6192753
18819	606.2748906530309	2.6200497
18802	464.2141069108808	2.6203754
19658	795.4247563292464	2.622504
18833	486.19658290894296	2.6229362
19027	975.479619760706	2.6233628
18696	849.4309948161375	2.6234937
18817	505.21078723476165	2.6237383
18830	758.449366157148	2.6239638
19047	737.8572118305797	2.6240752
18919	160.0758340967672	2.6254234
19239	577.3166927574633	2.6272695
18672	744.9425423216035	2.627795
18267	526.8166823814362	2.6278238
18878	530.297380832528	2.62788
18895	225.13888825778108	2.62868
18846	1375.6651508035432	2.6294537
19075	738.358764183244	2.6298032
18272	1052.6267348298195	2.6304638
18983	714.2911637155149	2.6310685
18887	1374.663316100991	2.6310308
18811	645.324131817849	2.6315336
18990	821.4451906584254	2.6316872
19124	746.3709370415581	2.6324778
18885	321.1424930318097	2.6336489
19045	1375.1565222765284	2.6336868
19087	576.3515891595757	2.6341176
19070	1126.6178949453458	2.635246
18946	311.080135517643	2.635668
18932	855.4993797874116	2.636026
19234	748.8495666279472	2.6368191
18485	850.4360495543439	2.6368358
19046	694.4108860694801	2.637879
19013	970.5014765737928	2.639694
19410	999.5204095568686	2.6400275
18414	848.9296847436989	2.6401014
18997	458.1957359821218	2.6414807
17752	695.8462010574316	2.6416662
18343	437.2539461090371	2.6419587
18967	524.2777223459642	2.6427279
18995	567.243210830031	2.6447916
18827	1106.5555226376223	2.6468174
19399	922.1166790721496	2.646956
18430	698.3233126662485	2.6469953
18458	1373.6602403617867	2.6477647
19117	1063.5191059768708	2.6480398
19077	243.0765477674603	2.6483135
19232	778.4215087798195	2.6483147
18492	1395.6428439128404	2.6496654
19381	715.3887966075331	2.649926
19164	799.472084119218	2.6503282
18993	545.262902912285	2.6505718
19080	215.11804371295003	2.6506696
19094	503.2917423961456	2.6510746
19097	766.9201430854907	2.6518388
19114	532.7621572508549	2.6521175
19266	639.3489616652729	2.6522233
19093	754.4529339837183	2.652554
18534	706.3069698497562	2.653304
19303	631.3452384300873	2.6541631
19177	775.4387963622362	2.6542182
19138	776.4357688223664	2.6544232
19334	900.9592478410216	2.6550047
19119	893.4701845984991	2.655457
20545	1374.161584529048	2.6560771
18861	772.4246890853915	2.6565316
19294	1064.5310167049877	2.6565056
19256	716.3453074943195	2.6566114
18494	1237.6210471314998	2.6594172
19175	518.3177299585361	2.6602364
19143	436.2500139425534	2.6603928
19157	843.4236028645772	2.6606922
19386	1049.5542196150254	2.660739
19091	1103.5861400995684	2.6611252
18840	1101.0796447535631	2.6618707
19196	949.5459831171094	2.6621444
19184	958.060368893362	2.662179
19521	627.3164537604456	2.6623678
19453	718.382230164502	2.6639779
19486	539.8228753172547	2.6646729
19021	809.4689463335083	2.664887
19539	1112.601646669216	2.6648567
19247	533.3411630229377	2.6650608
19309	1048.6484323375482	2.6652195
19053	999.0208928314696	2.6653204
19089	1038.5491403554038	2.6653426
18558	1047.5491778058242	2.6663773
19691	1027.5724957288703	2.6664248
19501	1201.6256837670328	2.668006
18550	1025.5671603273113	2.6681292
18978	736.9316441777044	2.6682124
19181	949.0447468370826	2.6686006
19361	513.2870393303274	2.6692934
19198	957.5601241323968	2.6709409
19096	605.3728232079194	2.6710315
19280	227.1754461674206	2.671156
18440	747.4223762371918	2.6711442
19323	599.8435313266351	2.6714602
19279	742.4536634184465	2.6717727
19515	977.5186838325508	2.672543
19557	640.33324771059	2.6733227
19359	1012.547943663033	2.6734245
19397	994.4617472157348	2.6737604
18674	976.5147952498596	2.6739252
19311	627.3536784503153	2.6740403
19600	601.3165906828985	2.6741304
19369	961.5278443538024	2.674644
19257	380.2639869182053	2.675409
19430	982.4964780056374	2.6754968
18650	1272.6131742696225	2.6755612
19378	540.3758444162261	2.6762881
18872	747.9223457036913	2.6763434
18482	715.4498514335969	2.6764705
18858	737.433247089487	2.6767662
19345	609.3598051656455	2.676852
19525	892.9489818114768	2.6769693
19519	901.4629201785528	2.6775703
20374	765.4863045619319	2.677847
18560	452.2776798453177	2.6783943
18749	636.8083632634812	2.6783772
19576	724.3555602310108	2.678813
19251	1107.5525951762634	2.6790154
18849	745.4445182649081	2.6797783
19405	1010.012890993197	2.6801069
19363	971.5275964212628	2.6802316
18514	1101.5803755804	2.6802382
19243	574.3053172029805	2.6808388
18785	736.4309772161195	2.6810217
19601	715.8456115979835	2.682251
19389	960.530231571392	2.6826632
19637	680.4025448106953	2.6843226
19503	744.9437650228438	2.685993
18693	685.3672989734736	2.6867394
19533	723.4203753434932	2.6875467
19144	475.25606840708014	2.6876655
19236	736.8712438272212	2.6878886
19426	707.3901569098973	2.689992
19498	506.7779279048772	2.6902938
19647	363.23756602383867	2.6919446
19229	1101.077569006546	2.6923187
18806	471.79239188389465	2.692675
19095	758.4108592221157	2.6944118
19517	909.4504356952432	2.6950667
19568	553.2892886245676	2.6951802
19560	887.4663788593459	2.6953442
18808	916.5698549636932	2.6955204
19909	614.3620624989071	2.6961164
18986	568.3229850415593	2.696573
18814	569.7661192849528	2.6967134
19535	705.8845986875954	2.69713
19435	993.4731616612364	2.6974466
18848	550.7927178238175	2.6975105
19141	202.1439453834851	2.6978965
18847	1100.5785204285164	2.6979606
18860	559.3056969819353	2.6982453
19079	1135.6374395688624	2.6994035
19447	489.3077327112056	2.699905
19512	983.5219658623377	2.6998792
19497	1097.6134605470645	2.7002563
19542	687.3331133061029	2.7014332
19473	509.7899734203775	2.7015479
19335	998.495942646736	2.7020435
19625	1106.553527999185	2.7021945
18829	467.3013928944113	2.7026505
19567	728.4353553011576	2.7033684
19409	718.8860601314325	2.7040246
19669	606.3120441123983	2.7046018
19764	1138.5335643222948	2.7050407
19337	458.78788627172753	2.706621
19632	1108.5501977654458	2.7074971
19011	1122.560782737573	2.7080991
18843	561.7834424623077	2.7082355
19544	553.7798736840871	2.7088597
19680	692.4018349673995	2.7103682
19978	445.2889544130993	2.7111838
19566	625.3321135316882	2.7129953
19694	1144.5422645585872	2.7130268
20438	805.389910447677	2.7146451
19840	1157.5905204299445	2.714772
19651	541.265097613801	2.7151914
19704	1202.6262927600758	2.715358
19708	673.315487960534	2.7154574
19677	651.3372016498921	2.716355
19687	584.3307785296699	2.7165093
19839	579.2977607160096	2.7165585
19340	1096.6094791256153	2.7165625
20014	971.0257035805708	2.720707
19832	1376.6694209912152	2.720875
19719	920.4623779541604	2.722469
19666	572.7752643633015	2.7227776
19233	644.4142280090387	2.722852
19886	1125.5700529090705	2.723603
19727	459.2676819185759	2.7258017
19995	657.398541217762	2.7269335
19770	663.8655786915234	2.7274368
19914	1179.5700659320146	2.7286034
20126	572.3456067246553	2.728726
19902	583.7660258135118	2.7295225
20088	999.521967452528	2.730373
20186	537.8081218707625	2.7310412
19490	597.8083547980633	2.7313008
20110	849.4318128744607	2.7324848
19872	605.8728678736587	2.73305
20005	1375.156315097587	2.7340784
19684	641.3297060104934	2.7356594
20098	643.3469274096716	2.7365046
19965	922.4548156867312	2.7366626
19943	525.3085451878301	2.7368917
19771	892.4473310136273	2.736859
20040	385.2202141307418	2.7373657
19696	519.2827685811125	2.73869
20070	879.4229737567441	2.7389388
19986	573.348809612958	2.741843
20025	459.76966609603335	2.742757
20017	559.8073832282164	2.744676
20013	1105.569820272991	2.7463663
20193	747.9236560795456	2.747679
19932	670.4304404065425	2.7489998
19947	604.371840485665	2.7500553
19938	888.4232766263638	2.7501996
20203	552.3762085917688	2.7510726
20104	473.2770007426783	2.7517967
20202	1063.5218682187988	2.7517552
19357	593.3341449311539	2.7521076
19982	647.3685070781215	2.7521303
19966	671.4144236313459	2.752661
20354	1052.6261733231954	2.7538908
19994	555.3539365452067	2.7544923
20052	1092.6738321903852	2.754527
20158	772.4167595565247	2.754714
20137	1375.6645391143898	2.7559528
20031	624.2465776977554	2.7561994
20631	602.2644160298408	2.7568946
20038	604.2652265554734	2.757459
19893	412.1853961975588	2.757482
20166	1018.6316942221806	2.757782
20103	1107.55044879713	2.758035
20035	640.2201628151838	2.75816
20057	626.2483144923267	2.7585812
20085	625.249680727346	2.7588792
20187	590.3307813010792	2.759113
20055	1142.6313336721494	2.760076
20576	883.4703103855837	2.7608216
20079	1374.660732844986	2.7609448
19976	734.9173946319411	2.7612605
20255	736.9326483127243	2.7618024
19922	540.3310011220486	2.7625735
20225	775.3889791557904	2.7626772
20121	1285.6881583991633	2.7626996
20090	903.437142347356	2.7637072
19467	930.5515361056888	2.7650487
20023	991.5386909289437	2.7653644
20095	1307.6673402129102	2.765827
20021	392.2163974861471	2.7662535
20125	605.3718018775706	2.7674427
20004	491.2495606328373	2.767883
20161	1172.6207123615472	2.7681623
20410	747.4235538893847	2.7683024
20154	654.3384608295089	2.768771
20177	689.9003328930934	2.7694924
20141	595.3304818447382	2.769546
20176	774.8882734644841	2.7701006
20009	370.234458197596	2.7707765
20272	695.8471018186283	2.7707534
20132	594.3300101264554	2.7712624
20195	643.8486992277575	2.771423
20156	689.3990681047519	2.771569
19984	469.267914287591	2.7725992
20290	602.3188650261723	2.7726395
20168	477.2707387436095	2.7733068
20229	451.2558709693029	2.773351
20123	764.4019323654363	2.7735045
20170	1103.5859917238265	2.7735658
19813	696.467932130675	2.777177
20072	390.2030463484341	2.7773645
20348	1373.6617065294402	2.7775288
20063	700.3985670371213	2.7782598
19596	474.2917988385704	2.7789044
20233	538.3250123244361	2.7791643
20486	1025.568607905889	2.7793162
20215	763.8999379398404	2.7795274
20058	465.7784871538005	2.7799375
20245	785.8782718912971	2.7800956
20167	455.2872914300875	2.7810411
20675	495.7692644633712	2.782007
20136	700.8902239760907	2.782039
19925	646.3559813148976	2.7838452
21249	990.5338658743896	2.785168
20093	511.27761266464927	2.7857804
20649	1272.613404517526	2.788017
19506	1012.5147360906032	2.789184
20313	638.3576042677754	2.7895412
20500	698.3254558499002	2.7923388
20185	728.8720006862874	2.7925797
20131	806.4068292240421	2.7930508
20061	651.3486652382803	2.795699
20431	821.4563798536141	2.7961524
20448	1084.5647693105875	2.7962275
19777	1002.5312466206608	2.7981284
20797	636.808564402652	2.798381
20423	784.42748845424	2.7987213
20316	756.3985665449467	2.7987359
20406	629.3674790114736	2.7988892
20428	160.07601494347827	2.799579
19871	576.3511509577015	2.7996013
20468	641.3307229650719	2.8006012
20787	1106.553023655263	2.8005853
20516	1101.578487260252	2.800692
20471	524.2783340442849	2.8013823
20755	467.3014305330484	2.8015463
20699	744.9450850961873	2.8015635
20784	736.4319629128582	2.8022096
20139	946.5071506102996	2.8050194
20541	765.4040159697233	2.8069417
20489	489.3150979408975	2.8072095
21604	480.8019292647186	2.8081229
20747	597.3032361513872	2.808623
21709	586.3116792344543	2.8090348
20400	709.3612244355679	2.8094552
19807	624.8292376660528	2.8095708
20493	799.474331357188	2.8096962
20355	772.4262819548444	2.8099916
20474	630.3261971012237	2.8103983
21596	960.5983437592132	2.810892
20693	1201.626651297394	2.8112705
20742	569.7668509117394	2.8113608
20595	902.4616068665722	2.812643
20502	202.14414790847908	2.8132176
20607	1062.5823821228494	2.8142722
20402	703.4369743383116	2.814352
20681	1144.5428018953464	2.8143213
20260	575.3641934728652	2.8147647
20548	773.9166993194007	2.8173642
20802	999.5255354825832	2.8184114
20696	975.4589838214274	2.8199737
20534	659.4132848768122	2.821228
20603	637.4297668492837	2.8224444
20875	777.3789933794563	2.8248038
20764	550.793380566267	2.8254495
20625	558.2901249626484	2.8257558
20704	1079.6140397183165	2.8261628
20765	559.3060026447201	2.827539
20722	777.8803651283664	2.8282292
21001	992.4802945119484	2.828419
20685	997.4386286533856	2.829622
19861	394.755848130931	2.8304348
20786	1100.578534021471	2.8306272
20318	900.9606173936304	2.8308117
20317	768.8647623222768	2.8308854
20748	1108.547111609109	2.831326
20284	636.34131515404	2.8320749
20445	901.463252081662	2.8327937
21256	687.3327660084	2.8330152
20757	513.288004655789	2.8348584
20708	643.3971673369633	2.8349535
20718	215.11833709546764	2.835036
20587	464.2153441188334	2.8359575
20689	536.3079416330909	2.8362596
20752	561.7836137677027	2.8372638
21416	574.3595075189127	2.8381593
20389	619.3454592139377	2.839759
20691	792.4224006497575	2.8418157
20796	562.343007504048	2.8428826
20815	607.3351895686563	2.8440976
20735	618.3238476217771	2.8452847
20481	903.9392734726798	2.8462434
21033	999.02317283758	2.8466613
20800	577.3660046856044	2.8471177
20788	1235.6419811541812	2.847814
20824	584.294348204548	2.8492901
20589	530.2985484836415	2.8495834
20487	615.8447161797707	2.8496056
20938	1136.6999703838983	2.8497734
20767	639.4440369914565	2.8501315
20113	395.7112052257046	2.8504426
20510	224.12645708492187	2.8506653
20961	828.3678569770465	2.852525
20267	812.397261354458	2.8528743
20416	961.608924636822	2.853879
20867	885.4889316577406	2.854274
20099	790.4156179471469	2.8544974
20899	1047.5520148927965	2.8545647
20478	651.3780398013275	2.8550024
20513	526.8174727343833	2.855611
21005	892.4483182037334	2.85589
21854	685.3688057863454	2.8563883
21070	892.9501314807429	2.856626
20837	1213.6593958825304	2.8570848
21093	572.346322820997	2.8575194
21789	814.4024176956862	2.8582566
20884	505.21166895232807	2.858441
21131	605.3700754296336	2.8595152
20909	458.1964686488722	2.8597481
20960	693.3949824589993	2.860527
20935	661.3398225275818	2.8608725
21137	794.4128817507172	2.8613875
22090	481.2807970741162	2.8617575
22014	772.4294413036772	2.8623033
21002	773.4310579528413	2.862318
21143	801.409161424818	2.8628876
21211	714.3662832327071	2.8636124
21067	542.8070209054716	2.8643134
20967	896.5291794608065	2.8643599
20942	448.7666435914748	2.864556
21049	794.4139835411574	2.8646147
20924	227.1757347901454	2.8656967
21009	487.256228970218	2.8659992
20969	200.1755058589881	2.866168
21122	903.437341612025	2.866166
20725	962.6129025404224	2.8665233
21100	571.3313081903636	2.866766
20979	905.4778103203812	2.867943
20996	183.1489677840587	2.8683496
21015	156.13807399443695	2.8683555
21074	553.7968488063194	2.8689404
20964	834.3782104097281	2.8702166
20334	1084.610005389001	2.8710606
21176	897.5345391577957	2.8717606
20992	320.1401831598928	2.872129
20724	610.255057953856	2.8730674
22033	946.5077259765004	2.8745766
21642	1106.5888314819615	2.875654
21617	986.560907995705	2.8760474
20470	759.4088622658713	2.8765516
21112	949.0446830772366	2.8777966
20950	802.5175898722143	2.8778527
21028	968.487624233516	2.878494
21215	781.3962418293454	2.8788638
21153	401.7640282288057	2.879119
21082	487.7923475371586	2.880747
20627	511.3290202326781	2.8813524
21092	728.8705225331	2.8820019
21142	1125.1300063493416	2.8840926
21196	576.3512787284639	2.8846214
21140	1124.633280785446	2.8848677
21110	1125.6367200213149	2.8865337
21135	581.7939296121345	2.8869772
21155	1146.6152733423307	2.8873644
21129	562.820466148929	2.8877215
20772	644.4155105973324	2.8879015
20986	960.5230678608943	2.8881528
21408	660.3959105654951	2.8896625
21422	475.255905079179	2.8904476
21218	496.3052113585266	2.8906443
21170	864.5565137661983	2.8921204
21127	1162.5909573539252	2.8923078
20988	459.26864295235913	2.8924572
21260	927.4409237782	2.8924372
21010	671.4144004595726	2.8940513
21138	949.5451783785794	2.8944037
21066	910.4357707201796	2.8954518
21324	758.4121860218407	2.9005601
21329	287.19711456408044	2.9009166
21228	1122.5646811130282	2.9023008
21364	453.2720825472777	2.904828
21334	269.12857370492753	2.904952
21269	563.3231967666438	2.9057078
21191	1007.55479772301	2.9060621
21458	889.9783897317918	2.906449
21340	445.7454813611913	2.9071577
21402	863.4317980885952	2.9092274
21307	1005.6270284179336	2.909349
21204	1096.612844427591	2.9096987
21433	502.81562314498734	2.9137967
20623	918.4449891679282	2.9143233
21447	918.9486223779184	2.9154634
21495	1004.6251567998715	2.916013
21386	928.4430852669728	2.916058
21420	856.506269031876	2.9163344
21634	489.3125221531203	2.9178216
21711	855.5026485688967	2.9182012
21405	755.4585399289169	2.9184453
21474	909.9336045808568	2.9184453
21457	877.4848949848242	2.9190629
22585	511.3289922984827	2.919572
21295	426.7538161009247	2.9219425
21368	609.3609099542915	2.924819
21342	672.4167909863216	2.9257047
20868	456.23443586798544	2.9262507
21537	754.4543870917431	2.9268808
21803	799.4754934619035	2.9271224
21497	635.8402745056968	2.9275913
21672	984.4813283762938	2.9279592
21644	569.3331858551927	2.9287448
21633	962.4978518446374	2.929916
21590	631.3460812991581	2.9301322
21425	573.8133618296534	2.9304628
21289	1270.6748534395394	2.9305022
20850	871.4963960439871	2.9315512
21649	835.4604201656228	2.9339464
21734	893.4765418330693	2.9348254
21522	776.4373691516859	2.9359636
21636	843.4406448224676	2.938787
21157	982.9907163585564	2.9413815
21673	584.3556450578544	2.9436383
21115	1315.644887158792	2.9437256
21710	933.4439137046132	2.9439673
20373	300.1712569216704	2.9449449
22052	1316.648452148805	2.9452078
21716	436.2509255748112	2.9458888
21767	1180.7236575442496	2.9458568
21685	599.3790850069479	2.9459639
21679	658.3240745864189	2.9502063
21696	845.949853635183	2.95051
21850	309.17948489053697	2.9511552
21867	746.4367842407377	2.9514153
22822	892.9504012469669	2.9525812
21428	445.24237956328005	2.9529557
21708	846.450996336781	2.9536269
21521	436.291731453043	2.9548092
20940	441.2471741053432	2.9548092
21389	579.3221629779689	2.9553652
21661	834.9580344827134	2.9564872
22404	485.2628265136352	2.9569926
21397	889.4793883282883	2.9570882
21621	985.480531313568	2.95709
22025	636.3410771334956	2.9575658
22248	591.30474278241	2.959157
22071	896.5307663087834	2.9596605
21812	519.283494267984	2.9613442
22223	831.4675519549326	2.961502
21956	541.2650317485708	2.961965
21785	284.0902348610746	2.9672887
21925	693.3630295318553	2.9690988
21876	588.3749311088632	2.970749
21516	390.203469673517	2.9712737
21906	236.1278752129648	2.9717286
22056	412.1861525703875	2.9717445
21911	419.2648125427283	2.9736753
21799	262.107929570214	2.9755428
21986	407.23014909411353	2.975578
22002	469.2679504446135	2.9759302
22015	491.25056087404624	2.976763
21974	1401.7407056435306	2.9775288
21884	642.8706951360197	2.9783142
22239	622.8725410317024	2.9792457
21977	584.3314623064865	2.979278
21987	606.3124856436219	2.9799857
23074	503.2951361997448	2.980274
21857	827.4105086078164	2.9802852
21966	599.3452890827177	2.980359
21600	911.4588849784656	2.980447
21677	961.529806839546	2.980859
21385	599.8454485778489	2.981699
21855	441.2364354337763	2.982127
22170	370.2345624775887	2.9830976
22338	496.3064090544706	2.9849963
22314	714.4243811313581	2.9858837
22155	975.4587726100444	2.9861772
22205	345.22896482009253	2.9865615
22070	392.2165722437404	2.987359
22417	658.3211793075599	2.9900534
22094	1344.658292897832	2.9900637
22189	423.2669957632184	2.9902434
22340	1084.610120174162	2.9910188
22127	672.8319187071327	2.9923592
22097	1322.675190835728	2.994266
22446	910.43710709497	2.995124
22267	643.3790924717292	2.9957483
23380	892.4479161007164	2.996027
22158	849.4345709976051	2.9972122
22163	574.3062826536983	2.9979916
22461	574.8064169784296	2.998531
22424	609.3618393753746	2.9986494
21569	982.5025403099968	2.9987998
21993	790.4154200582672	3.001091
21895	772.4109481875361	3.001243
22356	910.447336750339	3.0013714
21288	455.2877472585329	3.0059018
22185	624.8308996659009	3.0061197
22310	983.503195843144	3.0069919
22503	903.4374548248674	3.0074716
22398	642.869718146784	3.007633
22238	518.318879779438	3.0089128
22410	477.26973427441567	3.009245
22460	863.4304568775602	3.0094416
22427	728.3832868372469	3.0097363
22333	735.4153931259104	3.0109785
22551	651.3363134001177	3.0110626
22676	511.2781840606541	3.0110917
22557	952.97458043491	3.0123608
21962	1443.6933524887077	3.0128915
22359	722.3492353915049	3.0144246
22057	1300.6938567931347	3.0145266
22386	711.3597165038848	3.0150557
22743	658.3223424084749	3.015719
22329	736.8696167923665	3.0159867
22687	941.9837618462888	3.0176818
22463	961.5316177920432	3.018525
22372	317.1714219585345	3.0201006
22422	848.9321893556472	3.0204806
22648	909.9337251414538	3.0207884
22750	451.2563255026976	3.0217977
22061	555.8382378668143	3.0222428
21852	745.3814527687003	3.0227804
22803	506.77855149709353	3.0232506
22334	960.532174168767	3.0233362
23152	183.149707058341	3.0236378
22644	859.9229178763587	3.0238588
22425	760.4594747234993	3.0241616
23168	228.2075831090497	3.024259
22904	737.3710999321479	3.024253
23106	828.3914894085053	3.0243244
22273	722.3963984699445	3.0246692
22830	993.4727456175516	3.0251427
23169	648.861846823581	3.0253596
23377	745.8850508840452	3.0253503
22406	806.4093591708213	3.0257874
22154	638.3596449273314	3.0262694
22478	646.3556997817886	3.0263972
22574	1013.555442309969	3.0268254
22592	542.8065890205075	3.0269003
23174	533.2600018964675	3.0269604
23110	444.2377884424424	3.0275776
22112	661.8423422408368	3.028135
22641	918.9481554359784	3.02827
22148	659.3648333957564	3.0285902
23362	909.4509964310344	3.0288703
22457	782.444740338469	3.0291352
22405	728.8855310739335	3.029597
23383	887.4695628309004	3.029649
22479	719.8731739909617	3.0301046
22971	613.8437148492432	3.030567
21851	775.4392400873501	3.0316598
23535	513.2876796138023	3.0323985
22507	758.9094992549125	3.0324404
22438	733.3596801375477	3.0324974
22518	625.251075491777	3.0337982
23102	775.938749778381	3.0354419
22377	733.8397081503085	3.036705
22493	533.3419807909273	3.0370615
23588	524.8288563659594	3.037355
23494	624.2479138424679	3.0375142
22617	918.4463696432248	3.038398
22597	1024.4918345804897	3.0386384
23620	1048.6507739888325	3.0392976
22511	754.4544531920856	3.0393362
23070	766.9220947538935	3.0398169
22544	986.534799208239	3.0404077
22558	604.2671308405096	3.0412972
23504	602.2656097063452	3.041436
23490	539.825863618482	3.0420551
22568	876.5226290738099	3.042726
22187	759.4494929638201	3.042755
23002	809.471574412016	3.042861
22825	626.2499995740731	3.0439363
22619	987.5375253991606	3.044141
23469	640.2210159356448	3.04493
22570	493.7711935670676	3.045577
23540	597.8125760197761	3.0455692
22538	757.3982303379585	3.0456195
22930	584.330205070859	3.045677
22263	640.3313083747219	3.0457072
22668	420.27314464212185	3.0461574
23387	618.3893516305789	3.0462441
22608	309.1423620964378	3.046452
22728	786.3991309577738	3.0465028
22632	621.393106996041	3.0478826
22521	871.4970357398822	3.0478876
23378	809.9704492554818	3.0480535
21664	708.3959629799796	3.0483584
22666	1008.5166585673188	3.0506408
23583	552.3772084695995	3.0520043
22690	803.4296204555111	3.0520263
22576	898.501248291406	3.0533078
22646	591.3433773470356	3.0537527
22760	526.3023092544992	3.055126
22845	1010.522298529605	3.055591
22723	313.074694662384	3.055901
22721	311.08065956391835	3.056031
22612	949.0458222486288	3.0561607
23576	574.3596626859726	3.0570645
22847	590.3339521240745	3.0571742
22749	349.0365996075104	3.0572133
22778	335.05709129098983	3.05788
22699	596.2476206408131	3.0578835
22736	643.1364963004025	3.0579023
23645	575.3628811896284	3.057991
22772	548.2827559714522	3.0580153
22751	645.1359115366516	3.0580103
22767	333.062529699556	3.0587943
22629	949.5472829202068	3.0592499
22790	644.1391748505135	3.0600579
22788	988.5426121840552	3.060187
23332	387.203533623084	3.0606213
22726	808.3853750986766	3.0618367
22893	638.3574470112834	3.0622041
23780	901.463781098611	3.0629516
22615	606.3672012482758	3.063075
22358	740.8643678010687	3.066036
22645	287.1607176272629	3.066466
22738	672.3664898265954	3.0667024
23125	631.8197786113662	3.06919
23347	718.8864512715509	3.0693016
22798	971.028094613462	3.0692892
23518	650.8519592265393	3.069848
23249	694.8975948368762	3.0703318
22963	1284.6176748587918	3.0703268
22978	960.5300245764578	3.0716524
23991	718.3844482131473	3.0725884
22910	971.5277701661792	3.0725996
23240	377.187363820964	3.0736578
22737	580.2745107399353	3.073745
22919	652.2954007514973	3.074057
22770	677.3253400576092	3.0762546
22987	756.3984098066552	3.0762722
22692	644.383958252883	3.0794325
23089	665.3666337238346	3.0816805
23909	707.3927167342691	3.0817413
22985	857.4406202505365	3.0840483
23159	307.1657719410616	3.084701
23036	725.4261529152649	3.085119
23384	572.310847899508	3.0854294
23111	703.443344583842	3.0855682
23132	501.2389472923675	3.0862806
23656	523.2214833327768	3.086604
23164	707.8943446067129	3.087877
23416	736.8684406254856	3.0886931
23058	960.0365252442097	3.088783
23728	232.1548432720365	3.0900474
23724	254.1368222598491	3.0906625
22842	575.3179328089947	3.0909452
22783	441.24677158462606	3.092296
23334	950.0483061387604	3.0927675
23266	329.14789170865185	3.0956235
23076	525.3092028579837	3.0959563
22954	800.4679021247931	3.0965364
23206	849.4325928618582	3.097123
23088	574.319401128602	3.0978281
23908	592.3247573920594	3.102162
23301	261.1602676380229	3.1045477
23553	678.3288228851305	3.1049666
24022	629.3311565119013	3.10508
23603	677.8793154186793	3.1054182
23211	589.3343570738663	3.1057212
22906	651.3109168806681	3.1064155
22572	686.8417067899773	3.1098123
23189	672.4172115239145	3.1127322
23915	671.8592796621625	3.1128104
23256	574.3076347141196	3.1131194
23331	877.9699546554652	3.1136348
23601	785.4365556742669	3.1146858
23248	540.3308858215746	3.118241
23444	713.389350589579	3.1195595
23993	340.1664530503758	3.119946
23292	957.5620368976664	3.1201713
23215	558.2914338754231	3.122044
24068	536.3095236741823	3.1233277
23582	848.9303782516309	3.1233747
23481	817.4495991028714	3.1245134
23499	960.5325618816604	3.1250455
24138	560.3170099814315	3.1255434
23964	695.3512902835929	3.1257164
23101	754.4130289759336	3.1259391
23323	741.4368043691439	3.1263092
23727	645.3218758485004	3.1272888
23308	643.3485788159484	3.1286614
23615	776.9278461918368	3.128924
23953	531.8212278785998	3.1292455
23402	689.9013696930546	3.133432
23628	576.3034687030529	3.1334453
23428	610.2639329685904	3.1354218
23793	648.3726118190544	3.1354952
23564	651.8624190168723	3.1366093
23455	594.290409628962	3.1371346
23669	776.4282360734975	3.1372745
23484	700.393730733711	3.137983
23593	798.9067353925948	3.140681
23774	654.3386138456082	3.140791
23608	671.4141735309663	3.1410997
23652	795.3985752300385	3.1413689
24045	643.8497532064226	3.1422665
23538	822.4419471183885	3.1424882
23716	695.4036547586361	3.1435282
23831	711.3616851468079	3.1438258
23555	942.514712183414	3.1438527
24331	654.8402789869463	3.1456609
23682	798.4050600200977	3.146637
23421	772.9150545848033	3.1467164
24392	1307.672423084294	3.146793
23800	787.9172058350687	3.1469407
23667	841.9745193053413	3.147073
23821	689.399515586872	3.147812
24402	1285.6911708874268	3.1480858
23673	643.4060397395572	3.1484578
23896	705.380928615902	3.1487734
23783	613.8490439855299	3.1489832
23664	424.9331316553178	3.1490977
23451	618.827946254847	3.1495216
23610	434.9489241822442	3.149628
23609	628.383475500586	3.1497033
23625	419.2647825277653	3.150885
23556	806.390630985428	3.1509693
23551	643.9061964525135	3.151064
23709	693.3959548376072	3.151104
23630	607.8363041085759	3.1517484
23681	784.9362609398767	3.152839
23829	774.8891252000806	3.1537611
23440	765.9054620459069	3.153879
23719	624.341741422018	3.1550312
23697	1268.784836799506	3.1550136
23637	616.3497999357028	3.1556206
23683	334.1553130209679	3.1563516
23685	772.4131797431891	3.1565907
23786	809.3977474305367	3.1566498
23706	613.3521843379043	3.1570058
24077	708.3949291295244	3.1585631
24460	555.3545169637424	3.1586885
24467	546.8411195454697	3.1587439
23671	787.415053560969	3.1591978
23920	958.0603303083284	3.1592445
23957	525.3103191429884	3.159839
23757	689.4380047320109	3.1610546
23868	280.1546217679774	3.1615136
23726	661.2942493409389	3.16201
23820	646.3250681511511	3.1629715
23741	443.2265454773642	3.1634986
23679	763.8994628580035	3.163772
23802	709.3704499439891	3.1660414
23889	1084.5679220779962	3.1669402
23784	467.28565118302674	3.1675823
24181	452.18301739439977	3.1695626
24363	614.8630701237156	3.1703389
23766	489.26667205282746	3.17148
23949	618.3248416387343	3.1753902
23875	871.4957627135925	3.175464
23917	874.4691703911584	3.1760266
23918	905.477674204293	3.176836
24511	336.20998904787893	3.1790738
23849	719.8742237975852	3.1797204
24143	784.4475882865953	3.1806316
24242	707.8931961430101	3.1807187
24051	1062.585706250895	3.1813183
24005	971.0274036470704	3.1815937
24202	540.3316430239901	3.1819592
24517	1012.512522545695	3.1824448
23746	643.8993853333744	3.1825395
24028	398.2294945814376	3.182864
23732	990.5323594062191	3.1828434
23930	229.1336348579343	3.182946
23956	744.3900547274457	3.1835911
23977	420.2113499983805	3.183961
24139	728.3847896483063	3.184278
24112	1356.660943654076	3.1849859
24047	1079.6138397796951	3.18519
23947	651.3772250467804	3.1859138
24003	615.8484554683785	3.1875818
24508	236.1281767624033	3.1878767
23720	623.3402292256993	3.1881075
23919	927.4423032217596	3.1881547
24162	789.401376356598	3.189008
23962	607.3344637396924	3.1891048
22813	765.4038537257182	3.1894236
24168	667.8462050401783	3.1896443
24226	790.4060924981336	3.1914036
24189	595.2845458795039	3.193067
24064	1213.6628461482626	3.193852
23890	1125.6385793459142	3.1954734
24066	1235.644254569986	3.1964324
24081	689.824867778112	3.1979735
23998	673.3630211632587	3.1980836
24326	764.4006004679673	3.2009933
24232	949.0446566334508	3.20114
24018	410.2289668256899	3.2014635
23648	943.4918346748916	3.201698
24109	429.2718037506158	3.2034707
24080	432.21079027230127	3.2042933
23874	571.8361219679157	3.2048347
24275	676.3546724127509	3.2051237
24194	544.2770619539309	3.2070746
24195	889.4812920071258	3.2087996
23934	573.3037979033401	3.208856
24099	680.8465417667355	3.2097473
24114	672.8620882300315	3.2108896
24309	949.5458962526728	3.211611
24082	683.8512999668451	3.2119472
24319	643.3464774101453	3.2127488
24220	694.3990268424575	3.2130082
24107	661.871851831714	3.213168
24113	1344.7192223372	3.2132978
24163	406.1956941539988	3.213561
24086	479.8081300536642	3.2136621
24239	684.8657615169535	3.213831
24106	670.3855570342713	3.2143948
24320	691.3415276416836	3.2157717
24251	415.2545939629285	3.2161658
24365	651.8612316381908	3.216391
24406	668.3469733900852	3.216717
24111	1322.737561808418	3.2169473
24177	445.2443259089396	3.2192636
24178	515.3079805363244	3.2195566
24284	573.8122934923574	3.2197697
24664	801.4128669178011	3.2202504
24200	401.239450953475	3.2203531
24212	566.25885074815	3.2211487
24214	422.1689471868895	3.2212236
24361	367.2088980431297	3.221608
24346	971.527186811839	3.2224863
24229	835.388496777169	3.222905
24282	1124.6357498477107	3.2230082
24231	428.17717088264527	3.2234085
24128	401.7630486825724	3.223884
24462	707.3909051908088	3.2250373
24216	670.8858290890703	3.2263038
24294	1146.6174758641323	3.2265606
23773	928.4442585546911	3.2270374
24353	487.25557802817167	3.2273421
24267	881.3738957385377	3.2287812
24278	468.1566276329072	3.2291684
24300	1221.689860430114	3.229472
24213	584.8023642186968	3.2302089
24314	619.8615223477208	3.230949
24303	611.3480136607225	3.2314613
24183	963.5023049946632	3.2320194
24302	1243.6721131784295	3.2327309
24318	622.338762815678	3.2336104
24783	802.5187591953392	3.2347348
24308	1363.799379569022	3.235216
24394	848.9288718957927	3.2357953
24137	660.396357076925	3.23588
24348	404.21820032539927	3.2363074
24816	643.3971169478926	3.237129
24201	384.213059528025	3.237658
24383	739.4127786223229	3.2377968
24740	547.31933411751	3.2380123
24322	717.4314264311032	3.239329
24369	577.3665587381519	3.2403183
24416	960.034931169804	3.2421482
24429	671.4130962800234	3.2427819
24378	426.2001033033032	3.243187
24222	430.2003259977653	3.2436872
24433	574.3125795299753	3.2488122
23708	933.4448336045048	3.2493308
24435	892.4917333845963	3.2509465
24412	449.9586710515775	3.2509995
24191	875.0136803566384	3.2512686
24424	650.3965852381652	3.2516515
24461	913.4695900182488	3.2518332
24425	665.4200371284232	3.2524052
24431	439.60865378757774	3.252752
24323	911.4638108745578	3.2532988
24421	449.6242990444144	3.2535565
24446	439.94307508444143	3.2536106
24954	889.9811774294468	3.2538114
24631	914.47222097486	3.2538438
24256	562.343142494773	3.254188
24459	960.528856734434	3.2551267
24489	693.3949368634454	3.255804
24426	962.4987702489622	3.2560291
24453	443.94869301571794	3.256532
24579	1125.1326292631925	3.256483
24751	934.4484552816348	3.258109
24221	562.820630271774	3.259444
25043	957.5580295620692	3.259896
25127	464.218148356978	3.2611825
24999	672.41596088174	3.261427
24578	950.046520700746	3.2626553
24438	689.8996179681964	3.2636945
24464	635.3748672959584	3.2638092
24390	287.15996798229656	3.2641892
25007	1162.5907972448178	3.2651083
24616	763.8993238744285	3.2653487
24274	581.794960597213	3.2655494
24577	700.3914270912817	3.2666523
24964	582.2963482002567	3.2670803
24539	984.4804434936073	3.267396
25071	643.1362039950835	3.2676406
24295	571.3342607786957	3.2684145
25065	927.4400389971432	3.2692192
24035	456.23495598792886	3.2699833
24516	382.1610091191108	3.2705562
24530	772.9138560122892	3.271056
24552	765.9052161154411	3.271492
24535	709.3705742533856	3.271549
24560	688.3699936607259	3.2722356
25368	568.8531611597883	3.2748396
24597	871.4952958595188	3.2752516
24543	846.4529208319317	3.2756238
24528	616.348440767556	3.2771347
24590	772.4127429718839	3.2784967
24623	835.4615077614983	3.2788246
24632	618.826417272029	3.2804294
24725	1084.5660875949316	3.2804632
24452	588.3752957500369	3.2823222
24624	834.9598357387507	3.2854686
24691	643.8985081733854	3.2885888
24707	971.027245466826	3.2913234
24352	481.7526126780724	3.291403
24564	711.3619280934317	3.2922564
24144	331.18680626634944	3.295836
24604	569.3333403510783	3.2961295
24670	845.9515499346658	3.2971842
25036	534.3121891916542	3.2974646
24686	905.477829190272	3.298869
24621	650.3210866917312	3.3004832
24646	689.3962238691525	3.302546
24500	643.3848039748127	3.3036134
24650	525.2483223176902	3.304053
24472	327.2160398284451	3.3045182
23660	362.2529322747947	3.3045182
24971	1062.5822534326876	3.3062665
24053	595.7939173473206	3.3064227
24715	636.3399243059562	3.3068583
24693	1088.5433274302354	3.3074164
24677	607.8356623245378	3.3087368
24735	1105.571855243444	3.309041
24857	949.0449453475586	3.3095682
24804	563.3221607644225	3.3099778
24865	949.5464873367206	3.311094
24741	509.2747077051456	3.312413
25024	958.0588863467016	3.3126001
24768	580.8211044432571	3.313441
24880	1235.6435595782868	3.314369
24854	765.4057968014143	3.3146853
24776	1106.5660669433998	3.3146625
24745	1138.6546269701605	3.3148763
24787	581.322472890098	3.3151069
24758	1002.5710774072246	3.3158216
24916	889.4824332275084	3.3162868
24730	518.3353419633328	3.3173637
24779	216.15979915012468	3.317655
24798	1111.5222818074897	3.3202994
24617	487.2920713477858	3.3205283
24889	1213.6610974927073	3.3220894
24780	526.7740877813769	3.3222256
24901	445.2446490446837	3.3224354
24822	615.8477777871528	3.3228242
24773	742.4189958391277	3.323657
24703	800.4714579933151	3.3237576
24727	701.3757381139853	3.3242428
25641	1160.636658400614	3.3244903
24813	1089.5347706838313	3.325892
24872	607.3341012949949	3.3265357
24852	742.9219142785946	3.3274646
25045	1124.635763692152	3.327807
24876	552.3410924453298	3.3281868
24874	830.8961554585727	3.3291142
25020	401.76282072330224	3.3300164
25130	584.8033848955007	3.3304472
25162	577.3663683724056	3.3335397
25066	573.8121507339412	3.334165
24881	822.8841655660982	3.3345792
25057	1146.6163769846946	3.3353639
24526	345.22661390718264	3.3388243
24846	822.3864114536656	3.3414
24815	618.3248813575069	3.342203
24895	730.9151336592844	3.3435884
24977	1322.6798759235935	3.3437617
25862	526.3025376190707	3.3441188
24955	891.4882088059468	3.3441145
24961	1300.6976423026003	3.3446124
24984	650.8517838814093	3.3461764
24975	558.3351411055451	3.3463385
25322	569.8351908328663	3.347275
24988	661.8426259905178	3.347443
24996	672.8331751896148	3.3481038
25050	599.3810497181734	3.3493078
25103	986.5378791588925	3.350794
25092	1008.5191868680004	3.3509686
25742	933.4445417380005	3.3513129
25034	683.8245160623673	3.351662
25067	532.2757429204482	3.3520458
24931	732.383676781553	3.3530319
25074	536.2663037864343	3.3533776
25115	701.8766693581788	3.3544357
25102	511.29674346247816	3.3544638
24987	558.249547030467	3.3553395
25097	687.4336575745392	3.3553905
25150	531.309367435056	3.355545
25101	464.30041843122206	3.3556294
25089	685.4305980726355	3.3575058
25136	458.6245873740602	3.3576963
25133	303.1131679984794	3.3580406
25119	348.1901738193304	3.3581634
25088	1009.6129087319838	3.3581333
25085	963.5020883529068	3.3592126
25146	454.2846191344697	3.3594537
25267	657.3881989165156	3.359438
25123	659.3664417462606	3.3610678
25164	608.3062861070119	3.3618155
24948	721.3882276914146	3.361867
25361	913.469930033638	3.3629274
25196	412.221406978558	3.363574
25201	390.2393290416212	3.364297
25277	444.2694588526377	3.3648083
25207	586.3249173536686	3.3649006
25238	1128.5783490017238	3.3650727
25394	984.4801319135888	3.3658614
24978	729.9021675437023	3.3659794
25220	309.0874183343026	3.3665192
25244	331.0694186536877	3.3668845
25135	791.378475553127	3.3668666
25236	808.3852956126166	3.3671446
25288	962.4988477733328	3.3698597
24832	584.3573020915393	3.3718183
25888	558.2931807105605	3.373824
25179	988.547361931625	3.3747523
24640	555.837955268387	3.3748667
25144	827.4609081073102	3.375027
25297	418.23452102479376	3.375276
25890	580.2750107563899	3.3757033
25303	440.2164807056376	3.3758736
25886	603.3517366901533	3.3759582
25431	693.3952808270188	3.376725
25248	678.4002535211011	3.377665
25541	960.5328105904744	3.3787522
25165	596.2485583162965	3.3801267
25109	769.3990944434023	3.382368
25250	514.2886794940467	3.3833551
26248	1031.5951151092495	3.3834774
25503	660.8978818452225	3.3881276
25143	667.8486294562649	3.389127
25566	914.4712245617036	3.3899722
25082	660.3970292106728	3.3911712
25577	773.4187458337278	3.3923814
26045	672.3712747172165	3.3942347
26183	630.3150525038212	3.3942738
25298	770.4024934042938	3.3944962
26085	652.2975311676742	3.3949702
25348	665.366092189032	3.3949866
25450	376.22387590417446	3.3956997
25470	523.2541040576904	3.3966184
25464	501.2718363354016	3.3973105
25554	637.3938245273874	3.3986268
26158	405.5983445341121	3.3996565
25256	677.3273495596904	3.4001925
26046	590.867951982816	3.4002151
26165	405.9326895576008	3.404384
25626	764.9084513081962	3.4053664
26206	493.77194906156575	3.4064634
25476	658.3130879175862	3.4075637
25679	636.3400853335463	3.407576
26144	786.4052072146292	3.409476
25657	768.4561718183895	3.410581
25486	518.2978571631872	3.4108706
25374	693.3797623942273	3.4117491
26110	1010.527354687821	3.4121392
25551	872.4701194134792	3.4134347
25602	659.861747400891	3.413614
25574	556.9764445299091	3.41407
25620	699.3465887866159	3.4146097
25596	671.3484821690498	3.41623
26170	1024.4932104487789	3.4170353
26308	876.5245269738052	3.4187617
26177	723.3533657899992	3.419434
25656	775.8988925116778	3.4214852
25645	677.3665580968132	3.424061
26162	715.8771455546627	3.4245412
26747	643.3843699707726	3.4249306
25715	1138.6549414497892	3.4253664
26344	898.5071783666389	3.4266431
25033	680.8793524349642	3.42789
25788	668.3737126032778	3.4285028
26748	663.8960543431715	3.4327176
25803	742.4528055863444	3.4334223
25778	289.09764208466555	3.433683
25572	516.7821350452731	3.4338908
25969	647.3347125984523	3.4345524
25974	763.9005882727723	3.4359076
25762	774.427594279751	3.4365788
25691	569.833099137355	3.4394562
25800	856.9353689065508	3.4400415
25797	834.9610501692279	3.440225
25801	845.951207272039	3.4407341
25752	846.4537335186759	3.4409819
26187	334.1556108840954	3.441155
27483	552.3415429968944	3.4413445
25905	803.4321074167253	3.445418
25897	256.1697381647911	3.44615
25922	701.3760160326607	3.4466727
24833	728.8901504530819	3.4474497
25896	673.3319423057625	3.4474993
25841	655.3450468603158	3.4475994
25590	398.22939474372697	3.4484565
25864	772.415484019177	3.4485698
26636	410.22960541074553	3.4496803
25884	569.3324270717854	3.449963
26135	599.380953082501	3.4503481
26101	669.8262287829274	3.45204
25963	584.3765077368307	3.4527805
24928	719.8751427806129	3.453031
25833	835.4635286371298	3.45359
26096	1344.661610701261	3.4537437
26116	672.8329004052639	3.45405
26048	775.3921229318928	3.4541264
26131	1322.6795036682286	3.4545953
26124	661.8423055431505	3.4552438
25786	764.4314754774412	3.4558783
26134	683.82416246278	3.4561064
26239	1008.5191986330424	3.4568856
25970	452.18340991791786	3.4574766
26145	680.8196192664929	3.457921
26121	701.8761381362975	3.4588993
26241	986.5375684196264	3.4596314
26218	659.3654892081645	3.4603672
26174	989.5521278208126	3.4614599
26077	473.3007130322424	3.4628024
26578	711.8632263230604	3.4630244
26119	1300.6964584726932	3.4630504
26581	828.4575863528006	3.4640436
26011	478.9757062777695	3.46418
26012	709.4468148851661	3.46649
26823	572.3089676333061	3.4669943
26825	594.2908665596359	3.4674554
26253	988.54569886752	3.4674754
26926	711.3617784389163	3.467588
26090	694.423945630669	3.468588
25326	728.3883716517398	3.4694684
26074	468.9600697621462	3.4698682
25661	743.8758842704802	3.471527
25910	406.1955669613869	3.471888
25913	384.2135172147743	3.4725337
27757	819.4797307495156	3.4726655
26863	401.23999978331744	3.4734137
26734	1443.696596159621	3.4735394
27020	489.26965267568846	3.4737198
26179	458.9441449533659	3.473728
25978	430.2013974696133	3.4742856
26136	169.0861291955708	3.4743226
26843	789.4015082564023	3.4778187
26834	515.3088916353508	3.4780707
26207	594.3141322515661	3.4784462
25911	429.27176413703074	3.4785566
25792	430.2746439385194	3.478611
26830	366.2027834988247	3.4789233
26963	591.3478289330553	3.4790993
26648	811.3839186730546	3.4799542
26877	468.15801631287206	3.480564
26853	835.3894615334233	3.4808235
26035	475.259305014619	3.4827018
26842	422.1696241675795	3.4831274
26948	752.889468289959	3.4835987
26470	712.3636543021287	3.4836352
26886	467.2856703106113	3.4839866
26289	573.3124897402198	3.4881177
26324	1209.5979749981311	3.4883304
26329	665.3670632295907	3.4886057
26186	651.3735614500154	3.48971
26317	838.4459414294687	3.4910054
26264	808.3858617427567	3.4910715
26025	744.3855949054829	3.4913023
26326	576.196383415013	3.4925022
26359	788.4482742553303	3.4926896
25972	606.3709415134558	3.494168
26221	679.4013153953779	3.494165
27061	645.3230794688033	3.4942904
26034	623.3422493595102	3.4946058
27691	623.8891840908472	3.4952316
26766	432.21052822654417	3.496024
26427	733.899006741438	3.496743
27256	410.25838720075257	3.4971223
27005	733.3419854470163	3.4987779
27344	734.400170330905	3.4997854
26453	708.3674466316461	3.4998467
26600	896.5255409330262	3.5008006
26380	705.3852517370024	3.5018773
26224	628.3821802556935	3.502297
26448	828.9562734316742	3.5025043
26686	407.1987972710768	3.5034137
26350	650.8516918128852	3.5037997
25979	613.3519165228271	3.5048125
26710	800.471542570366	3.5062118
26420	1046.5304430220149	3.5073414
26412	501.7868515112833	3.5075138
25764	621.8964568228944	3.5083404
26445	1002.5661217661208	3.5098717
26671	420.21213054284135	3.5100331
26657	915.4963773058366	3.5107708
26740	617.3673581125923	3.513314
26154	621.3946903064202	3.515249
26141	420.27409400402206	3.5155532
26056	612.8832801994331	3.5159392
27517	593.8653661560973	3.5164857
27319	905.4810231257248	3.5165145
26633	918.5089911402112	3.5184045
26682	705.8879337816829	3.5184598
26668	749.3770717409975	3.5187168
26388	661.9150633953483	3.5195267
26693	431.20479524279415	3.520676
26217	414.5985412086808	3.5218725
26817	744.8868864444725	3.52255
26596	747.370556070228	3.5228307
26803	624.3436341788557	3.5228488
26616	769.3532917289402	3.5233862
27082	763.4313566491452	3.5241418
27036	722.3508302423563	3.5249639
26464	1040.5193270787945	3.5250297
26227	754.4146182398882	3.5258293
26618	785.3261428274612	3.5259643
27053	728.8900158687677	3.5260231
26442	1024.5488607596112	3.5270553
27411	382.1614869854165	3.5275948
26690	718.3814741558716	3.5284696
26721	822.3963189514154	3.529224
26696	535.0356268820605	3.5293117
26652	791.334162026071	3.5293193
26785	731.3648597672485	3.5295036
28581	818.9781937795929	3.531521
27450	404.2188992296603	3.5319152
26404	1146.617839029995	3.5335166
25672	589.3371124759432	3.5337863
26703	937.4797620010082	3.533946
27423	426.2008652588368	3.535254
26664	771.4828045668575	3.536505
26937	742.4006167546922	3.5378754
26651	770.4776587782735	3.5381014
26621	787.9192350837565	3.5381927
26436	730.8671727746972	3.5389025
26798	1191.717783695407	3.5421453
26367	554.2151803502428	3.5423205
27522	544.2781834620898	3.5444305
26714	596.8616675280964	3.5454605
26806	1213.6936640529786	3.5461178
27520	566.2601808628465	3.5470214
27946	800.4111037650546	3.5470448
26538	367.2097739488392	3.5486505
27810	518.3367885064042	3.548694
26677	1247.682170302585	3.5486305
27604	754.9166682973541	3.5495856
27966	720.8763467635896	3.5507135
26705	216.1598745773392	3.5527387
26874	713.8975345082388	3.552844
26769	607.3512517571519	3.5532014
27004	659.8984687469244	3.55549
26733	667.8474852118756	3.5580277
26645	696.400083564713	3.558301
27100	719.87477185284	3.5586898
26973	213.10243209338225	3.5587757
27032	452.1836504427316	3.5593123
27041	544.320064894159	3.5618632
27462	714.398760991224	3.5659223
26980	731.9611669736555	3.5661726
27298	705.3839795778905	3.5662148
27120	429.2495048228531	3.5676074
26913	641.2259578992355	3.5696826
26856	345.2274975952877	3.5701394
26816	390.2847416319844	3.5701394
27152	487.97557367537	3.570461
27337	651.3724698262016	3.570564
27087	785.4413459478226	3.5705705
27159	488.3095211070591	3.5711453
27188	716.4373860863145	3.5728025
27003	795.4001423338951	3.5751147
27668	728.388330799172	3.5752704
27083	809.3976386789576	3.575552
27141	483.63540633532455	3.5766137
26782	1223.7007809027104	3.576903
27071	493.9852999171543	3.5778804
26899	658.3105735809049	3.5779772
27944	741.437351921842	3.5788462
27228	813.4593204309202	3.5792487
26779	612.3533800485767	3.5799272
27190	523.7996829211156	3.5800407
27165	451.23227401897816	3.5802934
26894	680.2909054768642	3.5818357
27027	776.4272046604138	3.5831602
26882	1245.6833873365467	3.583449
26421	806.3911972809653	3.5835607
27310	795.9016831882151	3.5835848
27357	752.3932196096541	3.5837238
26822	596.360705932842	3.5841334
27210	813.9616206054375	3.5842004
26987	191.16439321316383	3.5848186
27285	473.9545005402202	3.5854406
26658	792.460561491767	3.5854573
27197	324.172970100423	3.5856173
27023	784.9401551507174	3.5857017
27322	259.1061727371982	3.586521
27077	493.6511244854563	3.5865517
26683	1195.6781717008744	3.5869272
27295	772.4267356438362	3.5873995
27249	237.1235692113688	3.5877342
27172	487.2926942688417	3.5880394
27019	787.4169425699854	3.5880313
27297	473.6200755155074	3.5882163
27541	956.510007756848	3.5889666
27026	798.9016540218813	3.5922008
27012	619.2453895796674	3.5929527
28538	776.9284126818501	3.5934868
27021	809.8997524654585	3.5939538
27851	798.4069064304277	3.5941033
26993	732.4604210208083	3.5942934
28096	509.2747524029376	3.594324
28001	739.415422133998	3.5947196
27525	648.8757881518696	3.595246
27207	613.8550873791452	3.5985372
27853	648.3749149451296	3.599077
27368	429.27315725147946	3.5993762
28360	717.4332210522156	3.5994353
27485	1012.5429711536626	3.599781
27342	628.3840568666343	3.5999365
28613	934.529600292007	3.601799
27068	1089.529691678152	3.601943
27417	1121.6058664986497	3.6019974
27109	676.3561818728549	3.6024823
27050	613.3543304710922	3.6027298
27600	1013.0438070352636	3.6026905
27472	834.4709074196239	3.6031919
27464	569.3310415762742	3.603311
28142	676.4061859297436	3.603501
27574	734.8983872184206	3.6047394
27390	1099.624511567809	3.6054862
27384	183.989247066456	3.6070604
27089	731.4558058965267	3.609125
27477	479.8089510387919	3.6195908
27546	297.1141018702389	3.6211224
26283	622.3399262215721	3.6219263
27308	424.9335029502512	3.62214
27505	661.8731292730353	3.6223216
27532	390.2392153469864	3.623538
27496	670.3869173181082	3.62442
26331	619.8626495724961	3.624792
27544	515.2878314275915	3.6251435
28803	412.2214229377482	3.6255467
27446	800.4724158183842	3.6278422
26854	680.8469575770888	3.6285856
27593	634.888393870769	3.6291256
27006	673.3644261382033	3.6296644
27536	537.2686010947214	3.6314547
27754	725.9011596883313	3.6316552
26988	1244.6779887592888	3.6320732
27741	684.3605931225545	3.6325955
26335	1221.6922106980826	3.6329653
28108	598.3423012838753	3.6361938
27679	628.3090845438487	3.6362133
27400	550.3172428423129	3.6369662
27677	650.2922838767902	3.6370616
27900	792.4548802390493	3.6371074
27706	611.8510059768149	3.638327
28335	488.295789915201	3.63939
29169	683.852166806648	3.6398497
28700	684.3537342347835	3.6400032
26467	643.4073893055617	3.640603
26457	434.9493146836385	3.6408234
27885	822.456324125845	3.6409047
27146	634.3800626263607	3.64119
28965	672.8629252820015	3.641734
28868	1344.721455599647	3.6418066
27844	670.888369688133	3.6420326
29067	1345.7248313392424	3.6424236
28434	1322.7402980249728	3.6426785
28996	684.4030326944401	3.6431055
27742	705.344026376583	3.6444626
27845	634.2867926659512	3.6447961
27816	294.1550735654095	3.6450212
27822	742.4028348965152	3.6455534
27630	611.3491550782617	3.6456704
27857	277.1286408161505	3.64867
27824	751.4015642506847	3.6497037
27894	512.2015587761007	3.650439
27647	633.3300719921623	3.6512187
28063	1111.582552526783	3.652089
27638	633.87841930664	3.6536167
27914	668.3477179323726	3.6536744
29214	1243.6748065986365	3.6552432
27651	430.2014382479383	3.655361
27884	791.9542019090104	3.655373
27895	802.9476961385934	3.6556458
27057	874.5149380217965	3.6557517
28068	1089.598743894345	3.6564581
27139	875.0155409845052	3.657123
28320	1323.7438086211998	3.658045
28090	1133.563251471906	3.6626797
28120	840.3863224097762	3.663029
28298	787.9176597726798	3.6642082
28274	795.3999986863065	3.6648853
28495	795.4445307557046	3.6656437
27777	683.362023556527	3.666365
28937	628.3842274738373	3.667235
28049	564.2764712168073	3.6688428
28047	1127.552347876502	3.6704838
28077	331.2171702671506	3.6710565
28073	583.2761612430677	3.6714282
27936	804.4567475475965	3.671757
28375	803.9542605443083	3.672974
28344	662.3740016938532	3.6736612
27273	540.3506791395148	3.6742768
28725	613.3548771297245	3.6751673
28386	1173.642444537677	3.6751158
28440	776.4294497111946	3.6758702
28128	586.8222845496206	3.6760428
27962	309.0876980384375	3.6773942
28243	502.98503561266784	3.6787562
28213	502.6509250977805	3.6787765
28176	769.9102870639125	3.6790287
28161	753.4746813657572	3.679295
28703	599.3442104023209	3.680046
28959	661.8722923893282	3.6800852
28137	508.66099185526673	3.6807446
28045	1128.557638745183	3.6816287
28465	809.3984085707141	3.6819015
28419	754.4773747589644	3.682664
28173	525.8096913966109	3.683361
28081	738.9547292178031	3.6837082
28148	508.32671091584143	3.6838727
28875	630.323487689232	3.6841602
28264	532.2759243392115	3.684258
28501	784.9411636637103	3.6844265
28061	545.3033247109939	3.6850832
28198	636.3122599986355	3.6853018
27923	676.3574726207086	3.6853082
29489	510.29413738250383	3.685369
27800	700.3865638236758	3.6853607
27445	579.840155196407	3.685403
29941	667.8462347339749	3.685582
29022	670.3867914215664	3.687711
28603	619.8626716853624	3.6877718
28263	498.3107094643203	3.6877854
28225	619.3648646430172	3.6882908
27864	490.22033819197605	3.6891944
28163	614.3310295071653	3.689708
28307	722.3972589030025	3.690873
28314	738.4498912530312	3.6915395
28536	635.3773019588241	3.6923077
29232	622.3399725302125	3.693503
28543	812.459812179506	3.693529
28443	787.4180842154243	3.6937954
28218	630.3583188962581	3.6954148
28649	349.1745955940449	3.698838
28431	586.3243628701991	3.699766
28478	814.9387711960479	3.7001956
28692	778.9285977465133	3.7002335
28665	777.9266352412568	3.7009642
28429	812.9624922435536	3.7013338
28076	563.7497936890866	3.7023175
28652	785.4382671792217	3.702443
28296	603.3504702657062	3.7029936
29352	689.827492305213	3.703963
28146	639.3459372403602	3.7056465
28644	769.4027688041142	3.7057803
28622	608.3064107082048	3.7095902
28467	867.9901655431203	3.7100787
28505	769.4004921266608	3.7101254
30101	791.3789404596233	3.7146099
28804	530.8441875970398	3.717875
29455	169.08643131875434	3.7187247
27753	661.9175091431061	3.719232
28630	569.831179892136	3.7194815
27846	580.8219318354029	3.7203236
29201	429.27378657403176	3.7214963
29076	1088.544647009714	3.7215264
27652	1110.5246369752304	3.7226543
28522	867.4880093461595	3.7250943
27904	581.3231446255018	3.7253835
28744	1160.6398795157618	3.7266948
28985	676.3586359588461	3.727265
28815	1138.656411413075	3.7277336
29342	586.3252725157488	3.7284687
28704	433.9342674941067	3.7285762
28910	676.859928763871	3.7288477
27573	650.3988372712272	3.7292151
28746	1105.57344095502	3.7294168
28339	836.3921777135271	3.731305
28832	501.2723625803526	3.731468
27993	1161.6439001428137	3.7324317
30121	429.59410480225216	3.7327945
28787	881.9965781721745	3.7327652
28857	654.3534364643872	3.733324
28813	191.1643331579268	3.7341194
28784	757.4977406725865	3.7344015
29240	1106.5682288944724	3.7350683
28802	208.1909869232267	3.7351885
28990	728.3892528282873	3.735326
28726	741.9076437071936	3.735961
28958	1042.5047046765133	3.736119
28951	450.2936249630197	3.7362669
28823	881.4969135695226	3.736737
28865	890.0109076097242	3.737489
28641	327.19260437389494	3.7377331
28773	1089.5381183139089	3.739284
28847	275.0486777250401	3.7411132
28853	523.2546915981603	3.7412891
28854	1051.538121358442	3.7414103
30127	546.3311167948222	3.7416327
28964	449.6252892785111	3.741783
27782	665.4225428638465	3.741843
28982	449.95964599471137	3.7419693
28842	678.4015617543134	3.7426949
29136	826.4636626031239	3.7435305
28948	443.94973748258	3.7439399
27743	444.2843774289285	3.743985
28834	518.2992329074868	3.744027
29236	834.4706287470522	3.7440047
29331	1112.52090864735	3.7457516
28466	988.55589904968	3.7463892
30553	526.2719283571628	3.7466795
29876	650.9003959214381	3.748084
28752	439.6096949637394	3.7483046
29065	828.4633228304255	3.7502024
29913	1020.5274483066776	3.750615
29728	1111.5221631928955	3.7509265
28905	892.4884538784739	3.7521408
28972	744.891345963016	3.75435
29250	845.430103922301	3.7543828
30285	528.3360687585048	3.757282
30451	1010.5331636723988	3.7586637
29158	743.8730904496539	3.7590823
29569	1090.5377374097498	3.7591887
28878	890.5099529879931	3.759585
29162	834.9732308491675	3.7635322
28369	637.3945498730353	3.7636995
29369	611.350286595954	3.7638304
28698	1073.5178110564375	3.7647812
29334	714.8804397214062	3.7674599
29480	651.4100211381141	3.768431
29208	866.9151788082631	3.7700415
29228	844.9343090094418	3.7708693
30811	558.3365080980743	3.7710586
30587	339.7032503089857	3.7721834
29462	734.4049640326327	3.7731254
29371	715.3824670757338	3.7737515
29262	717.3543181627668	3.7738044
29267	836.9504430123286	3.773871
29434	592.3134111909518	3.7741065
29254	619.8614770487102	3.7751868
29229	742.9191547137286	3.7763147
29255	825.9605803386337	3.7771997
29275	858.9315418789959	3.777201
29317	728.3475648260215	3.7773728
29381	1428.754045432643	3.7789443
29263	869.9213335452419	3.7796118
29367	706.8684743653613	3.7796648
29358	706.3657367892237	3.7797136
29380	1433.7090623568993	3.7811959
29377	523.0014305423748	3.7816095
29312	728.8490857362692	3.7826285
29492	517.3258564900641	3.7826498
29242	848.4408087031848	3.782948
29389	775.4864316828151	3.7834942
29326	801.9267377888933	3.783501
29313	859.4320951368096	3.7838972
29361	1429.7557917589663	3.7844083
29276	847.9404985249657	3.7844834
29225	837.4496893867126	3.78456
28558	729.9065348320466	3.7867794
29264	732.8862588132804	3.7873402
30621	677.3658754452208	3.7890286
29437	732.3842614022639	3.7898352
29415	1208.6365268660336	3.7904642
29587	753.9257419676001	3.7927537
29516	512.9857457595353	3.7935467
29980	769.3974834795201	3.7937157
29470	760.9626745482426	3.7938828
29658	730.4088838063415	3.7941606
29520	721.3921068479652	3.7958562
30128	496.2753605315684	3.7964323
30050	874.5152094278075	3.7981062
29619	760.4618266197922	3.799514
30107	722.3987093818583	3.8006122
29604	830.8979765415276	3.8007498
29574	822.3843102048379	3.8017988
29401	730.9154175288685	3.8023036
29608	839.9144366882291	3.802805
29698	839.4129168538426	3.8038101
29545	1186.663542474293	3.8052893
29726	822.8861969795031	3.8058722
30033	831.3988392995417	3.8058877
29632	630.8495170174882	3.8064125
29733	502.9698490030275	3.8071241
30851	699.3459679367381	3.8083642
29794	678.8354004937911	3.8084252
29707	764.4357892724357	3.8092375
29747	690.3260909916444	3.8094218
29798	697.9041544132948	3.8100493
29406	1066.5281846267435	3.8102248
29727	742.4559425574173	3.8107708
30077	531.3122231475811	3.8115575
30078	558.2482415793029	3.8149455
29689	1185.6670615274384	3.815434
29770	571.2419242846868	3.8163419
30350	769.4019143640996	3.8167021
29695	1163.6840957127151	3.8171575
29878	630.353353038357	3.8190358
29972	514.2862679470619	3.820251
29893	753.4266864509016	3.8209925
30401	576.1974909151648	3.8213866
30926	554.2153815568678	3.821897
29864	727.9196612270205	3.8227735
30768	743.4585369341244	3.8230546
29701	582.3455755175382	3.8232937
30205	990.5638288714184	3.8239675
30041	767.3917421430268	3.8241591
29621	1221.6929411114825	3.8242092
29911	774.8774864491612	3.8250568
30148	1089.5353599730097	3.827832
29668	775.4328847728033	3.828086
29896	619.3607873725526	3.829496
30159	1160.6396971689394	3.8296869
29965	584.3163852754745	3.8298895
29823	786.420196473721	3.8305223
29874	367.21005036223033	3.8308964
30027	766.8936049602316	3.8310044
30459	650.3971870727815	3.831194
29899	1237.72295534647	3.831381
30043	755.903764327863	3.8325672
30492	536.2646824688097	3.8332183
30006	763.8866101966303	3.8334072
29723	611.8499523611953	3.833869
29908	606.3006088236984	3.8345208
29490	687.4340199761006	3.8364396
29974	1356.6664331731747	3.8366923
29960	1238.7247669264736	3.8370948
29861	1259.7023543223168	3.8375587
30065	1381.7467589958285	3.840391
29849	771.8744174713643	3.8405385
30042	744.9146809152263	3.8408332
30157	657.3889744856193	3.841251
30155	580.8212315159823	3.842532
30066	1488.8223535263858	3.8433108
30594	581.3228817801509	3.8441727
30169	730.3828274183799	3.844276
30007	1382.250302294328	3.8444245
31341	569.8305846518393	3.8445399
30233	733.3911878864106	3.8449328
30655	443.94958519874746	3.8456652
30105	301.24841514970734	3.8471594
31098	777.4039109116427	3.8479857
30063	921.8342869242994	3.8484018
31153	777.9081844449155	3.8494213
30642	665.4225083961225	3.8494406
30126	659.8578853354899	3.849822
30035	922.169097880574	3.8502028
30133	730.8822053415846	3.850577
31367	668.3466167362195	3.8511946
30643	449.6251763484212	3.8518162
31506	1138.6559885582838	3.851986
30274	635.3768630846587	3.8523262
30144	756.4102680072332	3.852814
30837	444.26929488657856	3.854606
30301	448.6094586577035	3.8546414
30593	1161.6433444597296	3.854986
30197	1443.788221923127	3.8556347
30181	690.8861986688582	3.8557694
30241	1444.790295716125	3.8563762
30527	672.3752631384261	3.8569129
30231	711.4059716027818	3.856955
30216	719.9194507355784	3.8571637
30878	711.3613060668492	3.857689
29860	707.3929432012287	3.8577948
30217	711.9076527355837	3.8578842
30192	1421.807995714644	3.8579743
30381	720.4207984817417	3.8583784
30258	155.14364107072558	3.8587146
30045	769.8864203608682	3.8587651
30112	745.4186690093424	3.8596947
30385	672.4112472449173	3.8597896
31074	676.3590775679219	3.8604586
29892	1004.5733063577718	3.8606758
30331	452.9491816881183	3.8609293
29991	1046.5313406404582	3.8609042
30339	454.61927107873134	3.8612769
30168	921.50063324544	3.8614666
30343	968.5842507328824	3.8617182
30354	454.2848385966572	3.8619092
30848	730.9141057913931	3.861889
30276	682.8819706097441	3.8622804
30447	1105.5733681684758	3.863032
30319	761.3680042586366	3.8633823
30257	761.869477137125	3.8633854
30351	760.8681836122838	3.865107
30315	693.8795717369403	3.8665364
30556	1110.5241310060924	3.8674872
30389	458.9592281593565	3.8678262
30013	718.8849718588987	3.8691974
30334	203.0918323247935	3.8698218
30338	157.04990363913868	3.8699546
30008	315.0847138645778	3.8702404
29832	1068.5697785595885	3.870452
31007	742.9162061222772	3.870715
30308	322.1865722407987	3.872011
28927	788.4505469545297	3.8719862
31241	299.1106315639346	3.8722513
30683	660.8805325730752	3.8723893
30493	458.6247177926136	3.8727248
31297	747.8981608954	3.8727958
31202	294.1551363794449	3.8731184
31206	277.1286962245524	3.8734822
29554	713.9061588507396	3.8738673
30712	821.4552880350845	3.875105
30572	728.3888822740296	3.875317
30563	672.9113227576024	3.8755922
30514	464.3004545986279	3.8758557
29618	708.3853794614347	3.876992
30517	687.4340444879841	3.8781297
29234	327.2172196482904	3.8788433
29589	768.4549314432393	3.880956
30675	671.8718894271664	3.8810873
30972	445.27809063916	3.8818107
30523	538.0110279315811	3.8851926
30521	757.496354962984	3.8858392
32073	728.890387022785	3.8864613
30548	797.4984641171473	3.8868163
31493	429.2504371947493	3.886993
30518	537.6765860385639	3.8876147
30688	532.00098679718	3.8889282
31230	246.24318474110788	3.889386
30600	693.8524450840507	3.8906999
30637	532.3352852106747	3.890865
30714	809.96358847263	3.8910317
30838	818.9777232425366	3.8913333
31124	839.4126681368311	3.8922033
31141	667.8450992813973	3.8924725
30814	1322.7629492539827	3.894147
30800	840.4307702504544	3.8942604
30741	528.3332304832372	3.8948543
30677	669.3959217586746	3.8955994
30302	768.9551756060895	3.8962605
30696	679.8575265774142	3.8974657
32038	719.8748203555497	3.8982284
30699	527.9954779316627	3.8984106
30928	598.337647083238	3.8985376
30668	1320.7575217375716	3.8989978
30693	527.6611449105098	3.8991854
31222	730.4055396123042	3.8995857
30707	682.8643735356459	3.9003084
30652	1342.740335615967	3.9007268
30772	831.9447709282663	3.9008849
30759	843.4398950468161	3.9014688
30725	810.4654866405999	3.901497
31754	820.9517711320701	3.9039457
31237	839.913777156479	3.903963
30766	782.4754984207591	3.9041483
30554	658.3095634582668	3.905132
31180	729.9042104121177	3.9051254
30865	839.9310060820551	3.905204
31775	680.2909654427173	3.9052854
30958	770.4787872112615	3.9067724
30720	818.4753130936754	3.9069095
30841	567.2215293263286	3.9097621
30830	551.2482479546748	3.9098368
30853	529.2677670259648	3.9100635
31129	668.8476156491233	3.910342
31158	742.4553800530392	3.9109106
30839	511.2555994683124	3.9110756
30341	988.5133728043884	3.911652
31255	830.8973093614699	3.9117255
31259	822.3839478166626	3.9124746
31565	966.5316765652476	3.912551
30894	842.9384723792068	3.9129672
30840	749.3782785288637	3.9134293
30973	517.6456532062233	3.9142501
30956	1026.557402338941	3.916154
31265	822.8857778611475	3.9162917
31059	594.3141199329445	3.9163506
30630	612.3554997427557	3.916699
30886	349.25856101364707	3.9173443
30732	789.4525633253361	3.9173937
30923	371.2406257782143	3.9174976
31179	721.3886004921704	3.919285
30681	915.4992442835426	3.9193614
31389	831.3986988945458	3.9209652
31110	620.3170548218161	3.9216983
30937	1002.5685122820504	3.9221575
31160	331.21723702730907	3.92244
31025	867.5355407571701	3.9226432
30951	1024.5504575889586	3.9244862
31038	868.5405209616421	3.9253066
30827	832.4448767768256	3.9255002
31450	166.08648007465408	3.927235
30806	1088.5432568909446	3.927636
31068	619.8622273610093	3.9278226
31181	764.3971405422026	3.9281042
30664	770.3571595531604	3.928291
30946	771.3595764147842	3.928346
31994	769.353913846688	3.9283965
30745	748.3753595990372	3.9287465
30940	662.4170408495067	3.9291015
31989	785.325797238566	3.929293
30932	747.3724991558098	3.929323
31993	791.335112283354	3.931058
31108	792.4305038199544	3.9331825
31072	889.5182555233382	3.9337687
32140	1046.5314071987373	3.934837
30658	596.3614384701783	3.9351723
31587	272.16465427095784	3.9359632
30969	512.7778283208435	3.9360757
30949	501.78720578648125	3.938233
31675	918.5104073199104	3.9392033
32147	896.527469394729	3.940504
31524	535.0361695997331	3.9417279
30440	924.4967004915655	3.9421883
30086	1062.5590142580072	3.9432898
31377	771.4840761395399	3.94431
31112	611.349044313493	3.9457474
31111	367.2098689828954	3.948694
31090	966.0017798581408	3.9502184
30743	806.4813939546724	3.95259
30971	623.3463814275327	3.9548364
31326	661.9154388877	3.9556913
31240	319.0750128977011	3.9570618
31260	341.0569894191386	3.9585152
31267	490.2196637441646	3.9620469
31051	700.3887902079027	3.9631608
31334	701.3921856687508	3.968513
31831	728.3872695637125	3.968663
31845	760.8681547719392	3.9696054
31910	713.9065957902901	3.9750955
31719	677.3615076466576	3.9769127
31439	463.2846524322716	3.9784036
31793	454.2849002738977	3.9787862
31279	764.4367302061424	3.98083
30678	1223.7087342504672	3.9812908
31597	659.8592247398598	3.9814672
31796	672.411035343493	3.9820275
31924	687.43402593636	3.9827204
31487	774.9264698951313	3.9828863
31501	612.3566898149926	3.9834871
31885	458.6242067244763	3.9836297
31472	469.2950048651696	3.9837675
30705	468.9604273038501	3.9840117
30452	458.94429404920845	3.9850712
31985	770.4778412238846	3.9858644
32478	1089.531787960199	3.985899
31500	552.6872367196917	3.9866912
31535	623.8501913119427	3.9870536
31510	552.3529668325515	3.9872873
31653	820.0171094667492	3.9876533
31608	546.6774246321187	3.9877942
32133	768.4550637552697	3.9881136
30934	1245.6914433323902	3.988122
31543	596.3628761984422	3.9885287
31588	547.011894093027	3.989935
31471	657.3882028118213	3.9902558
31616	819.514701997583	3.993594
30801	683.3633180060527	3.9947603
31011	696.9044713587192	3.9972398
31391	684.3654493205986	3.9986684
31777	804.4900349642324	3.998876
31648	479.3105611643797	3.9989223
32556	703.8723737099475	4.0006156
31636	611.3169771309957	4.001457
31671	542.6717259795773	4.001774
30722	694.4253057802359	4.0017676
31711	966.5057964753928	4.0021806
31674	542.337457477308	4.002699
32062	464.3002453272849	4.002991
32860	623.3465439753029	4.003195
31248	327.216778862511	4.0036573
32752	705.3443712416026	4.0037746
31431	696.4022750281827	4.0043683
31134	390.28525627615625	4.005308
30858	709.4476959790167	4.0065255
30872	478.9761746635782	4.0068965
32365	594.3151782344918	4.0075555
31625	709.9492939522238	4.0076103
32859	473.30072393920864	4.0080285
30782	544.3207012795964	4.0092907
31455	467.62536685276046	4.0096655
31930	691.8856126780862	4.012031
32126	1024.5506432495688	4.0126457
31620	589.3359506567565	4.0136843
32941	473.63504234048446	4.0139637
32098	1002.568788429426	4.014987
31691	692.882011979188	4.015234
31871	532.3203840169019	4.0180697
31835	412.2213249800621	4.019146
31842	390.2392982808422	4.019467
31812	761.4578834961442	4.0197673
31890	677.911137493791	4.024886
31913	702.874996619399	4.025774
31894	702.376270259471	4.0261116
31945	691.3829832583458	4.0277925
31949	688.9076254512262	4.0286865
32469	662.4181033271768	4.0300784
31975	328.09318925921656	4.034889
31946	275.0493142882067	4.0368066
31932	680.8905442382461	4.037917
32617	661.9165868838528	4.042832
32400	341.150911184705	4.0461774
32760	612.3579315551782	4.0518236
32313	684.8726441951012	4.0522017
32432	689.8271526978724	4.0551114
33108	358.1045071349916	4.057576
32222	879.4667247896031	4.058344
32824	1223.7107920768356	4.0583844
32669	761.958218759377	4.058954
31292	813.4636122650029	4.060826
32832	468.961139936635	4.062909
31710	559.8166263286085	4.0639515
32922	634.3407939478329	4.0642223
32871	596.3644425341822	4.0643845
32758	667.8454525380279	4.0664287
32464	676.3595386159544	4.0672965
32770	1088.5437776383646	4.0688577
31368	763.9362659644557	4.0698876
31889	824.9570557558053	4.0713124
32331	813.9644724987612	4.072043
32405	714.9185358736047	4.072215
31403	550.3162855427703	4.0752177
32318	155.14379693849088	4.076548
32328	178.15984955811234	4.076913
33203	628.3109252327287	4.07718
32096	752.9382316976421	4.0787015
32671	1099.6269861359965	4.079447
32199	1121.6086970706572	4.079531
32582	1004.5736724837486	4.08074
32505	561.3518259998907	4.0837474
32347	531.3122380781211	4.0859513
32362	842.028583310488	4.086342
32472	841.5262909627165	4.0878787
32441	567.3627378084303	4.0890703
32455	567.0282893367802	4.0900655
32542	561.6871959071509	4.0924177
32563	1075.5445196938097	4.0959506
32856	739.3696619035358	4.100096
32562	473.9552367645031	4.103142
32643	1053.5636780272694	4.1041946
32597	329.2549220959445	4.1043997
32636	557.0127537667879	4.1048417
32774	826.5036779808568	4.106292
32348	731.8883083790025	4.1078234
32589	477.960611984824	4.108322
32614	478.2958281498212	4.108841
32602	829.4592212625372	4.109042
32924	725.9038612759342	4.110655
33654	525.8106957763704	4.110846
32557	473.6206248506777	4.111149
33669	614.3321289643025	4.112949
33596	545.3037799877719	4.11539
32946	716.9397700378136	4.1154037
32573	556.7960876903186	4.115605
32661	567.2862696005432	4.1160893
32678	791.9571462429151	4.118831
33764	1133.5662255418936	4.1189265
33710	1111.5861110654569	4.1197944
32887	732.4649236630424	4.1200767
33781	743.9214768808924	4.120377
33270	744.4223646170885	4.120388
31783	788.450185505068	4.120572
33116	636.3133184556445	4.120708
32624	483.6361614105299	4.1208906
32784	493.9861059899642	4.1211686
33720	1089.6039326584312	4.1211963
33320	792.4586750396985	4.1213994
33787	716.4385878858961	4.1215286
33556	803.4513142244436	4.1263614
32923	717.3859799506567	4.12701
32938	546.9970194811252	4.1271048
34335	586.8229326753425	4.127897
32905	739.8699437540178	4.128357
32277	597.81406684958	4.1289988
33798	482.301325438668	4.129162
32978	734.414472927883	4.1293097
33852	763.9370736993104	4.129878
33939	493.6517030911321	4.1308126
32771	731.4611769386983	4.1308513
32903	1450.797325299198	4.1310167
32873	734.9161836097097	4.1312175
33815	487.9761764355542	4.131505
32901	1455.752290906676	4.131508
33578	840.9563689203254	4.1336164
32956	1456.7558670108626	4.1354513
33818	1013.0444477763522	4.136406
34023	1012.544187141594	4.1372485
33832	488.31069831592686	4.1375275
32444	765.9031947962793	4.1395197
33245	1113.5936640721527	4.139716
33195	726.4049625173388	4.141238
32630	841.4602791455159	4.144107
33363	379.2529708683552	4.144882
33062	250.11217302126445	4.1504564
33999	521.3971536063469	4.1625967
33147	525.2931126710232	4.163743
33595	813.9629021600985	4.163816
33821	791.9553446376375	4.1653385
34134	506.8332448149897	4.1657834
33461	1031.5929454701657	4.16984
33850	788.4500615023253	4.1711726
33767	553.8376028835437	4.1712313
33432	689.3261104242655	4.172712
33235	227.16428926902296	4.172992
33358	432.213995055334	4.174117
34103	599.3500453717719	4.1812854
33190	654.3558819990178	4.182766
33161	547.2775074819758	4.1838417
33351	454.1951923924375	4.1861033
33972	676.3595714375659	4.1884875
33418	581.7031959659095	4.1927137
33420	582.0375616580795	4.19286
33422	1034.0714976764696	4.193269
33557	576.027596562643	4.1939783
33417	1044.561660674182	4.195722
33411	1033.570747820543	4.195833
33419	1022.579142730778	4.1958942
33105	831.452728350377	4.1988316
33364	829.9563706881939	4.199047
33428	1045.0621258505205	4.199312
33452	695.3335478317516	4.19936
33333	864.0392716679785	4.1996746
33838	607.8668578126307	4.200145
33385	1023.08009850953	4.200624
34255	673.3955844388028	4.2011313
33864	804.4519470876853	4.201467
33954	651.4168339520178	4.201632
34295	803.9497355461854	4.203262
33383	673.3557671945957	4.2045016
33459	863.539645528431	4.2048264
33460	1031.0912867617906	4.2064586
34064	815.4438202388973	4.207234
33398	738.9547441349392	4.2073903
33458	1056.0536311008525	4.209037
33603	572.0220517181843	4.2113004
33616	571.6877248950907	4.21323
33406	1055.5533243242023	4.2167215
33518	876.0038174346706	4.218259
33614	492.9702504220463	4.219967
33352	922.1668119917348	4.220876
33583	492.6358464645259	4.223348
33651	738.4520980384362	4.223847
33447	668.3960789561105	4.226092
33693	848.515438052275	4.227191
34270	822.9332439990751	4.230017
34421	301.2491422774532	4.230139
33685	881.9977758911177	4.2314253
33728	607.3378451211464	4.2315087
33590	651.3719227500211	4.231771
33884	561.6722555732742	4.2324824
33478	826.4637378264306	4.2327147
33514	834.9760262722931	4.232963
33793	537.390747502843	4.233718
33752	502.6509579728575	4.236565
33186	890.5139098767964	4.23904
34260	496.9760953621012	4.2390814
33979	881.4979902422955	4.239296
33886	1096.6196448423127	4.2401285
34649	488.2952657292751	4.2404613
33620	837.4543454727049	4.243346
33903	1087.6069556729844	4.245034
33919	778.4266272380394	4.2466645
35418	498.3110110607408	4.246753
33741	845.431690458004	4.2487364
34408	753.9776384909716	4.2492814
33835	834.4744722150655	4.250832
33902	1087.1033034593952	4.251283
33803	844.9344481845889	4.2514534
34689	753.4759445977053	4.2519255
32990	847.9410558016809	4.252815
33837	1098.0940032988644	4.2535486
33842	825.9615342535026	4.253598
35543	508.3266351879992	4.254607
34803	508.6610724353	4.254623
33840	836.9522199673534	4.254707
33817	848.4358501047525	4.2551146
33969	1099.0953170293762	4.2557344
33754	624.3592942811323	4.256338
33985	1095.615063333586	4.2563624
34763	502.98544929002605	4.2569265
34312	619.3643553742484	4.2595625
33992	1096.116669296808	4.26196
34063	917.47680994367	4.264627
34428	769.910136195079	4.266972
34256	859.4335384647975	4.2671638
34045	582.3459620633646	4.269416
34769	858.9319807014595	4.271728
34464	1068.576127316166	4.2738485
34051	706.868437106563	4.274021
34088	769.4078640532421	4.2746267
34443	1034.0698801871335	4.2753034
34227	754.4791240641703	4.2766414
34122	961.4414380929028	4.2789383
34805	584.3190431680389	4.2838635
34140	727.9195425402538	4.2858133
34882	511.2557241542957	4.285995
34158	939.4593497464032	4.2866945
34811	551.2485441015774	4.2882624
34079	712.90935049699	4.2882566
34554	1163.6853686402574	4.288304
34868	529.2664053247746	4.289513
34436	890.0125375551623	4.290293
34465	1013.0434872238708	4.2903166
34144	697.9065613759913	4.2904706
34854	1164.688344256154	4.2907224
33895	1185.6677619469654	4.291299
34137	723.91072223041	4.2921276
34154	934.5065958542936	4.2921543
34235	596.7135475700716	4.292194
34311	591.038083231697	4.2924857
34327	590.7039252683635	4.294209
34247	596.3791878074744	4.2943273
34119	745.4166265709215	4.299173
34517	706.3662855374389	4.299679
33894	715.3818769530807	4.2998433
34275	885.5527347057013	4.300008
34294	834.9740513225285	4.3010635
35068	714.8801440503104	4.302238
34307	826.4619494979811	4.303228
34320	246.24298563768463	4.303574
34132	777.8840320548649	4.3045673
34163	723.8987531289629	4.3052893
34149	1488.824032488943	4.305544
34359	876.503569871871	4.305811
34165	767.8899935169264	4.3087883
34912	968.5844045283746	4.3097663
34296	744.9154463426199	4.3099003
34387	586.6978953838515	4.311437
34262	767.3913500212517	4.3119435
34291	755.9054366779884	4.312774
34413	586.3635059812591	4.313705
35353	738.4508909755928	4.314192
35232	371.24063198083246	4.3172984
34223	927.5132592275074	4.3180275
34600	1023.0791678889088	4.319215
34385	560.262063124515	4.319814
34620	576.3518597768916	4.3200483
34475	837.4521820646806	4.3200655
34309	722.3978639658923	4.322505
35542	502.6504428888919	4.3235965
34355	733.9439677614336	4.3238053
34357	711.4059912741473	4.324152
34455	954.5270529508178	4.3257146
34399	719.9204279606886	4.326418
34510	955.1934669157748	4.328511
34445	775.9871358034517	4.328674
34508	507.3103512910876	4.33297
34775	844.9347848706133	4.3335857
34472	954.8595614652628	4.333596
35385	848.4343971811055	4.333976
34000	756.4070604650765	4.3342566
34825	745.917794455132	4.3347306
34740	847.9393493506747	4.3347435
34746	836.9504453225026	4.334945
34654	576.6826822479036	4.3352356
34178	390.2388268666855	4.336762
34018	763.8869721461245	4.338168
34593	775.4860876218041	4.339233
34679	720.4215064993173	4.339259
34540	760.4616754377017	4.340688
34127	774.8791671031812	4.340884
34266	753.9292247801964	4.3415055
34749	825.9601646173401	4.3420663
34970	766.895906101086	4.3422794
34901	804.4500730677366	4.342518
34602	760.963328946569	4.3425965
34446	832.441189583369	4.3434043
34538	922.1702240647008	4.3438563
34046	733.8817128363721	4.344537
34105	722.8986112637558	4.344875
34616	671.873164604914	4.345267
34021	711.9078100041713	4.3454523
34879	1032.5944509316416	4.345891
34651	990.5647874987704	4.346065
34301	753.4279004522341	4.3473487
34750	834.4722502034251	4.348934
34572	672.3747867042283	4.3495693
34890	1087.6196730321803	4.3498583
35190	1421.8086325145591	4.350985
34618	660.8826933569437	4.351488
34625	669.3962790695774	4.351906
35154	733.3880107020848	4.3520393
35329	734.442519493173	4.352964
34627	669.8969990521314	4.353318
35279	1443.78775314562	4.3533654
34624	682.8636299054197	4.3537235
34621	1320.7584444561624	4.355261
34704	661.3838705989629	4.3569384
34676	1049.6179048449076	4.358311
34739	921.5031630178136	4.3614564
34230	838.4958456663421	4.363995
35175	517.326462596386	4.3655796
35051	706.8681583720886	4.366721
34534	502.97013366072144	4.366832
34914	647.3915309528667	4.3670707
34570	434.2713071043413	4.3682704
34468	512.9859448763906	4.3686295
35583	867.5354717074914	4.369771
35200	676.3586734671338	4.370064
34576	844.4421276653022	4.3702254
34147	683.9142379203254	4.3714037
35574	523.001530322115	4.3737254
34342	810.9677901231446	4.374492
34451	683.3632429795007	4.374955
35194	537.3904311422017	4.3764772
34801	1050.6191465450315	4.376952
35622	517.6605465855197	4.3784943
34546	921.8361362279812	4.3790994
34941	1031.59220018322	4.379325
34916	480.27723673495865	4.3794556
34928	462.2659743573616	4.381272
34891	1048.6157706653048	4.381595
34865	533.4092262057926	4.3820243
34869	1051.6116251244282	4.3823357
35421	753.4744918091048	4.3826666
34841	1033.5892711219983	4.3834095
34930	536.3266213345051	4.384071
35882	697.9062748022186	4.3841376
34946	498.2876151285582	4.38444
34960	554.2469366282941	4.384946
35047	582.3450279232416	4.385988
35062	559.3396716027826	4.386562
34937	516.2982118503486	4.3873024
35083	727.9185019170832	4.3874054
35134	775.4379292802575	4.3879805
35015	611.387951898003	4.388968
34933	1065.6476074160485	4.3893147
35013	611.0534646981217	4.389448
34626	683.4125747309638	4.3901987
35093	733.9427743836967	4.3909335
34950	1082.669233266902	4.392173
36120	1488.8229892083943	4.392374
35169	777.8817153466392	4.3927693
35066	462.7985437569128	4.392859
35058	463.0496117906624	4.3930516
35615	810.4666381969009	4.394199
34431	821.4579708593092	4.3958507
35210	756.9079866312793	4.3970656
35845	809.965811676087	4.398015
36134	745.4167701211237	4.399186
35428	859.4331408447599	4.400276
35238	349.2584503479075	4.4005384
34812	818.9801430939675	4.4009714
35108	619.3643999051923	4.4023495
35267	890.5107787824427	4.4029293
35073	349.1733113933399	4.4050817
34692	818.4798222001849	4.405457
35144	908.0648200930162	4.4064174
34667	820.9564519707781	4.407429
36059	744.9151644323845	4.4077067
35086	907.5650000526878	4.408158
35315	838.9955676684957	4.408913
35874	767.3905966485472	4.4090347
36061	755.9054007477719	4.410884
35985	722.3970171856532	4.4132676
35191	601.0375123379276	4.4137797
35272	775.9851914913311	4.414139
34690	842.9381895485	4.4143844
35205	227.1175284257168	4.414607
35221	601.3722344096085	4.414885
35319	1320.7340761956743	4.415393
34685	831.9471616088076	4.4160237
35123	1319.2552348122183	4.4175153
34656	843.4394378047441	4.418355
36051	719.9196809569124	4.420027
35080	782.9783328749828	4.421129
35114	532.3366305726562	4.4228516
35378	889.5161845676339	4.423096
35463	711.4063123625962	4.42403
35155	527.9965879848218	4.424101
34953	1070.5957976156776	4.424378
35548	733.9437376980973	4.4252872
35627	777.8848566007706	4.42572
35559	513.3208497655783	4.425805
35213	1310.7419970868275	4.426046
35304	382.154111078958	4.427317
35287	1318.7534791892497	4.428481
35791	1163.684634799184	4.428721
35678	328.0931552408273	4.42996
35644	706.3661731437776	4.4306116
35060	327.19218389190564	4.4311066
35162	526.3275026421533	4.431594
35364	893.0423598378651	4.4318166
35003	538.2797943603514	4.432338
35266	1301.7272119750864	4.4324183
35091	1095.9128059873265	4.4326134
35667	523.3360523011762	4.432904
35614	847.938237704438	4.433369
35626	760.4609853533941	4.4357877
35189	761.4592175282585	4.4363976
35362	1321.232348010236	4.437546
35658	836.9492871042377	4.4381104
35260	517.9810303411691	4.4392195
35316	1318.252324121449	4.439777
35695	826.4603950253891	4.440084
35199	1089.9030878043106	4.440334
35332	216.1958988581015	4.440634
34374	797.5000075725735	4.4405785
35291	1310.2401887937065	4.4410467
35276	1302.229389118147	4.441244
35589	761.9378789045647	4.442633
35343	522.3216507775583	4.4428124
35625	832.4405447789796	4.444752
34919	547.3441058817831	4.444986
35122	966.001549307122	4.445153
35713	775.4847503174519	4.4456167
35429	1059.102686123921	4.4456506
35341	532.0021601037178	4.446776
35327	1312.2168562785291	4.4467874
35563	1109.6311872080987	4.447385
35381	1070.5406277124805	4.447747
35153	966.503497721848	4.4481792
35443	1059.6068831529212	4.448413
35277	763.937044879523	4.448526
35019	565.3976457440164	4.449086
35740	682.8635627604585	4.4497023
35525	1073.548675551909	4.4499197
35572	916.4945461849702	4.4500966
35384	1312.7186065592198	4.4510975
35776	825.9606117523917	4.4519563
35859	756.4072077583528	4.452129
35579	1382.7490767108616	4.452488
35531	1062.5590414318165	4.453145
35470	1071.0417409638103	4.453891
35528	1082.0304735558566	4.454713
36362	299.1293941493939	4.454812
35499	1085.0414119902389	4.454744
35415	1323.2097398334995	4.4549327
35596	762.4393568642984	4.455075
35487	696.0585224360489	4.4553866
35148	533.3250157498018	4.4566126
35471	696.3953950752369	4.457666
35136	703.7185367247071	4.4579
35440	1060.1018598770809	4.4581785
35322	761.9600013458551	4.4583116
35523	1074.0496487865437	4.4583936
35510	1052.0959544657774	4.458888
35573	1065.564338222806	4.459515
35226	752.943906894283	4.4597135
35584	1077.0558617287402	4.459925
35508	1323.7080363211692	4.46078
36053	766.8955863495379	4.461217
35702	1382.2494962173068	4.461878
35586	660.8828247489225	4.461964
35733	921.836042647589	4.462357
35515	1053.0995400598404	4.462517
35546	711.045956269168	4.4627886
35689	916.1584029253964	4.4632096
35516	1063.0601436151987	4.4633327
35380	1301.223645726244	4.464226
35538	1055.0750391236388	4.464613
35441	1052.5988320825672	4.465053
35580	1066.0659801902816	4.4650884
35822	921.5037218634792	4.4654922
35390	1309.736855811232	4.4655714
35570	1373.7385554915834	4.4672356
35539	704.0524487362319	4.4675694
35435	680.8940769814424	4.4675837
35730	1320.7579974765194	4.468334
35642	671.871972726823	4.468535
35502	560.2616282561355	4.468973
35526	1044.0864968708463	4.469643
35619	708.7057885732636	4.4697356
35446	773.4283024963179	4.4702272
35358	691.8864121635046	4.4707804
36060	753.4292001698764	4.4708414
35532	915.8237851647782	4.473283
35575	1043.586087751861	4.474123
35652	1044.5884954876308	4.474759
36096	722.8982640746497	4.4757285
35920	715.3813110201149	4.4774575
36315	810.9683815486063	4.477841
35729	785.921047195963	4.480502
35962	834.9684113559738	4.4810767
35991	840.432905921992	4.4815063
35790	225.14914500364264	4.482775
35764	242.1756890709433	4.4831414
35781	626.0626340110908	4.4836345
36457	527.6620452156611	4.484101
35399	517.6464906715605	4.484504
35797	625.7281999537639	4.484724
36519	782.4776004038301	4.4847374
36452	521.9865836551878	4.4849052
35846	922.1693071238	4.4850926
36069	720.4201226531019	4.4851537
36463	538.0119664625619	4.486845
35724	669.397736763629	4.4870524
36454	537.6776277336681	4.4875026
35870	929.5763360391228	4.4880958
35880	473.8047135244159	4.488743
35872	474.05560391415474	4.4889135
35892	930.0771758666472	4.4915943
36407	547.0211202834546	4.4918947
36373	512.9866612281157	4.494721
35742	1308.7282934498285	4.4956994
36063	711.9085796227572	4.4959726
35994	710.7111619175364	4.496806
35894	373.1976342746424	4.498956
36411	523.0015503928859	4.4994855
36538	329.2551366634242	4.5018535
35549	1084.539697540798	4.5024185
36566	818.9807222576219	4.5033555
36562	818.4801084997129	4.504012
35815	820.0143463969812	4.5049133
36408	683.4127675008941	4.5054994
36312	532.3365825233901	4.506478
36200	531.281925821813	4.506841
35912	661.3846192292489	4.5077815
36008	615.7125845430239	4.5093904
35037	1095.5792763754052	4.510207
36022	616.0471949000965	4.510743
35468	703.3809805373799	4.512361
36129	998.0532424098844	4.516494
36702	250.1124323602609	4.5180116
36021	1020.5330109232578	4.5211835
36293	733.3873136342113	4.52398
36137	927.5116615434804	4.5239925
35983	552.3530773830591	4.5248857
35974	552.6875758549019	4.5270667
35971	542.3378769944184	4.5271206
36478	775.4806396747907	4.5272536
36736	842.9384021292491	4.529069
36776	820.9569757164879	4.531194
36010	542.6720022132671	4.533126
36268	798.0014492279183	4.534043
36081	914.5551585231956	4.5344114
36644	432.2139493973804	4.534527
35964	1008.54293318853	4.5347867
37076	689.4097013449829	4.535872
37469	966.001405473508	4.536286
36175	163.1116278091089	4.5365148
37487	688.908190670196	4.5366235
36367	782.9780774305442	4.5371337
36320	261.10941708201506	4.537636
37213	532.0017825908369	4.537792
37756	774.9262267178677	4.539014
36161	1020.0328517389564	4.539267
37155	966.5032222632952	4.539446
36105	532.6565052080243	4.5414314
36646	811.9703808220705	4.5422497
36748	832.9424686368077	4.5431623
36199	606.3010687486244	4.543779
36070	658.0426786460021	4.5438566
36857	831.947481319415	4.5438924
36210	938.5718610349412	4.544043
36365	1009.0415884400794	4.544318
36890	821.4588549834791	4.544528
36424	1101.252953108057	4.544544
36491	797.5001649905419	4.5450134
36632	525.2934790226022	4.545824
36822	987.0628572190088	4.5464005
37818	763.9374531912069	4.5465503
36127	986.5604249211896	4.54733
36541	867.5364791866156	4.549848
36728	995.5752011816318	4.551645
36343	239.12751754131963	4.552584
35448	754.8798504987458	4.553004
36459	696.9034422229407	4.553837
36885	995.0740730222584	4.554212
37619	1101.5868218205785	4.556771
36386	1009.5412927903282	4.5571446
37572	691.8865096671066	4.557497
36571	1089.9031964034496	4.5580335
37457	691.3859304914869	4.5581594
36419	1095.243208680556	4.558135
36125	1053.566227246314	4.559137
36414	215.11781904394863	4.560737
36188	997.551623376646	4.5608525
36628	1076.5522788195312	4.5625963
36442	210.1024552924924	4.5678763
36102	557.0131706158228	4.5682383
36793	1054.571458759735	4.569408
36780	1095.912612689489	4.5717964
36653	752.9444730331514	4.5719614
36740	761.4587235765358	4.5720363
37200	677.9110092413088	4.5721846
36267	668.3992178287973	4.5729213
36677	680.8938144895832	4.5743995
36458	672.3727951644815	4.574421
36606	761.9598518131188	4.5761523
36884	785.9192339553131	4.5764127
37074	541.002331876945	4.577146
36724	454.1960112318301	4.5773354
36217	509.29850825707337	4.5778694
36750	547.2754694894417	4.578444
36450	584.3169404419177	4.579035
36548	640.7381489569486	4.5790434
36575	485.06222019973296	4.5806293
36098	567.0284557717703	4.582272
36576	640.4040118888956	4.5840287
37245	832.4419035038349	4.586614
36662	952.092027758666	4.5883646
36616	255.0760272164996	4.5890837
36624	951.590558065778	4.592108
36725	1052.5999669236278	4.592169
36513	675.3589074115009	4.5922422
37522	536.6618441393238	4.5925546
37157	714.9194285955075	4.5925865
37396	673.354694679345	4.5946217
36250	689.3257143253146	4.5947475
37130	753.4459324044187	4.595574
37473	546.6773406509403	4.59565
37406	651.3727845570079	4.595683
37356	527.6622338326658	4.5957613
37543	532.3213980655338	4.5958977
36757	762.8917604138734	4.5960345
36832	695.3348266388384	4.596445
37565	547.0119375029126	4.5966654
37621	804.4905919025914	4.5974607
36924	1044.5864997237657	4.59875
36833	875.5192666183028	4.6038203
36762	630.3880765333945	4.603868
38101	693.9237345677261	4.604825
37598	819.5161031011029	4.6061306
36570	484.8106131302495	4.6078415
36607	669.3995282082495	4.60795
36889	1044.086502790848	4.6082983
36919	373.1977596889336	4.608837
36177	731.3866265600104	4.609062
37449	731.8877678950089	4.609364
36772	630.7225951351157	4.610295
37060	998.0526695011022	4.61209
36645	671.8702442983697	4.612161
36068	619.3648794183857	4.6130037
36837	238.1335492106343	4.618019
36858	1075.5445016084002	4.618664
36861	536.9963547267853	4.619582
36978	921.8341004763196	4.622176
37051	696.0581303600451	4.6223154
37412	668.3980517910832	4.6240516
36941	936.5688123866826	4.624412
36533	717.8909855750518	4.6260695
36789	845.4605281383608	4.627367
37370	1053.5646859091248	4.628227
37299	542.3376576743556	4.63618
37065	561.3524983303727	4.6369843
36738	849.1497633982893	4.6374288
37310	552.687314209421	4.638266
38191	1113.6021778506022	4.6387544
36785	849.8188189370991	4.6397276
38148	552.3528400989737	4.6400704
36712	725.903969429531	4.640905
36765	734.4153467748703	4.642906
37044	922.5015965953482	4.6431327
37259	1256.700422251044	4.6432824
38026	820.0148411765281	4.643364
39010	761.4590807158171	4.645165
36830	837.7999092832366	4.645264
37354	804.9916658944925	4.6468086
37229	850.7897235065163	4.648894
37142	262.23739334761257	4.6497674
37178	1275.6756150328888	4.6515045
36770	852.4542005762635	4.651602
37243	1278.679218450045	4.6522403
37117	1270.1894319588207	4.6528797
38163	1271.7082600269553	4.6530423
36997	860.1153363138536	4.653158
36980	852.7883552915287	4.653492
37272	851.128565748684	4.6537356
36934	1297.6532581199451	4.6540647
37162	874.4363865958609	4.655155
37009	865.4371302825112	4.65582
37315	860.4483152859464	4.656028
37392	1300.6574976563968	4.6562486
37238	1256.1969855161544	4.6563306
37211	1264.7107582570363	4.6566043
37510	1237.7242549881669	4.656608
37246	867.1075991597199	4.657555
37198	843.4754470667384	4.6577563
37433	1294.647304487738	4.6577134
36873	844.14353616381	4.6577783
37234	1267.6895418178517	4.6577973
37164	551.3372437117152	4.6579156
37230	841.5300748068028	4.657983
36727	838.1343861718092	4.658782
37170	849.4843267724085	4.658783
37220	1286.66509316429	4.659475
37232	1278.1787453478998	4.659964
37177	1283.6597766320308	4.660016
37163	1283.1540427407197	4.660166
37303	845.1273357486116	4.660228
37346	1289.6709934396736	4.660763
37453	1288.1644507372855	4.6616936
37268	867.7755313533534	4.6622806
36903	859.7805683957404	4.6625695
37321	853.1213310980058	4.6627116
37007	875.1024913391619	4.6631885
37683	867.441781825799	4.664237
37265	838.4659250971757	4.6643357
37358	857.7764784970769	4.6661954
38737	660.8836961110695	4.6665206
37247	843.807969849548	4.6666846
37222	1265.2095899698004	4.666643
37306	845.7940738962473	4.667005
37946	739.3697453176302	4.667679
36342	734.9173206496662	4.6681085
37374	1265.712445936378	4.668347
37988	717.3895059611917	4.668463
38047	726.4044853383652	4.669283
37131	874.7698672604288	4.6694117
37690	1450.7986786694955	4.6697063
37133	246.24301484161745	4.6698723
36716	573.324390182952	4.6702895
37507	865.4378807887517	4.671804
36937	1031.595728203434	4.6729927
37488	655.0789231372461	4.6735125
37462	495.8177496223896	4.674333
37467	655.4137138740875	4.674543
37489	1222.6083402072554	4.6749077
37184	865.1045345186233	4.675258
37494	496.06855009101713	4.675622
37530	973.6026542434514	4.677657
37429	1257.1995624238723	4.6777315
37609	974.1031034534598	4.683122
37258	1023.082030017692	4.683512
38293	717.8906937572368	4.6841946
37508	1244.5923211497643	4.6843705
37886	667.8925408021964	4.684998
37233	1455.7515347317212	4.689672
37629	1133.6245694138438	4.6914744
37512	1217.6588343231576	4.6924295
37160	571.6889206762143	4.69775
37603	202.21680281952425	4.6978035
38603	725.9029155094364	4.699566
37734	645.0638556350493	4.6997843
37800	779.4371147184773	4.702857
37774	488.5572218715257	4.703126
38170	567.3627385121797	4.7041564
38709	734.4155762921557	4.70591
38698	567.0284322877492	4.7063756
38160	557.0128451692615	4.7074723
37145	581.7042131241178	4.7075276
37080	557.3473638240727	4.707632
37735	645.3985694790755	4.7078643
37128	349.17403584823666	4.7084336
37875	669.3976957561448	4.7101364
38708	561.6875512299172	4.7115593
37256	546.9973940295376	4.712604
38692	826.504414632418	4.7127824
37430	327.1919746261096	4.716616
37571	372.2489803841295	4.7169642
37248	1022.580715393328	4.718344
37785	363.1889662053219	4.7189727
38468	922.1657066724788	4.719027
37290	1031.0939108995908	4.721025
38069	1451.8018453961165	4.7223177
37839	848.4981238596263	4.7231054
38219	244.2271856630865	4.7248588
39027	1034.0728825566691	4.725808
38949	1033.5721145879315	4.726584
37355	1044.5637426219375	4.7272635
37900	1054.5738992805716	4.7275987
37849	341.2070795891463	4.727796
37307	1056.0557816178332	4.7277293
37350	1045.0628662576469	4.728304
37992	1055.5545263094623	4.7285223
37596	927.8418841773948	4.7287173
38376	543.3420565692498	4.7311144
37902	512.2369781425347	4.7311893
38151	671.8703439741963	4.736096
37977	842.0319336600951	4.736559
37744	488.3072566872653	4.736624
36877	868.8104561256062	4.737045
38181	1023.5835922788876	4.7381616
36991	649.3647063419519	4.741215
38794	1023.0820722930778	4.741859
37913	490.2563862701649	4.742059
37967	928.175296307574	4.7445607
38146	921.8323510894922	4.747752
38192	561.352655518015	4.7490563
38126	928.5091689579036	4.752761
39188	1031.5956666064956	4.7531734
38670	841.5300220668041	4.756004
38402	922.5013362111666	4.7608156
38210	252.15704664115344	4.763794
37034	723.9139227531477	4.7648487
38168	230.17512320996235	4.7658772
38177	507.0759647146911	4.765929
38555	869.4790382366807	4.7661552
37826	917.4786909358688	4.7667375
38188	506.8250678833269	4.7675986
38967	934.5077639744668	4.767668
38508	939.4593567350717	4.7682343
37369	349.25872749856114	4.769259
37564	643.8486119981583	4.7693005
38185	669.7553865862573	4.7694306
38200	670.0897405140539	4.7708044
39002	863.4691604497643	4.775935
38857	1022.5810925807629	4.7787786
37084	576.0287579292749	4.786451
38162	961.4407129907448	4.786629
38220	576.3627911263907	4.7871127
38252	566.3482627093771	4.7880015
38225	566.0132480692773	4.7885933
38963	1031.0939148215346	4.7937202
38465	499.56415099379313	4.7956743
38460	659.7399555596198	4.7974033
38474	499.3141772247303	4.799828
38731	717.3877880565575	4.8058248
37696	1095.6173565419813	4.806015
37751	1087.6072839254	4.8069854
38829	1098.5975734676636	4.8070197
38458	660.0743184189763	4.8074994
38325	499.3165243107268	4.8099594
38678	688.4026380628012	4.813288
39582	582.038538452973	4.8173456
39567	581.7041247526971	4.8176394
39576	571.6885493604066	4.81992
39617	572.022987127401	4.819988
38237	586.3643581184732	4.820425
37615	864.0418813709416	4.8210225
38596	422.3112959206755	4.822855
38604	427.267689801743	4.823689
39587	863.5407997596446	4.8245974
39203	561.6731230311025	4.825079
38215	1096.1179365210614	4.8263187
38235	596.7140751547812	4.8277836
39262	723.9137774295357	4.8288336
38664	520.3324980672694	4.83198
38736	780.91586673049	4.832276
38607	538.2563889618738	4.8346186
38636	999.6009715456396	4.835357
39340	848.5174052307382	4.835543
38768	779.3589607121357	4.840906
38780	774.4041308037301	4.843357
38735	757.3772903451652	4.8458824
38940	684.7659579383106	4.8467565
39580	576.0282588545355	4.8478293
38952	684.4317908679864	4.8525662
38826	606.2386767848354	4.8531246
39503	382.15530798204753	4.85331
38758	464.2841296851523	4.85341
39565	576.3619805120082	4.8534727
39335	1032.5972637777531	4.8534636
38728	544.2686459435589	4.854057
38147	954.8606824121484	4.854947
38920	517.8320188178745	4.8560934
38918	518.0827415044926	4.856899
39281	466.28446438788376	4.857926
38867	955.1949246447588	4.857996
38687	631.3973560614785	4.858892
38608	1066.063268090973	4.8594704
39461	545.3617985936323	4.8597107
39431	481.3285674833646	4.8598876
38711	579.2773358573709	4.863811
39501	508.2663846834094	4.8639927
39534	502.306046705596	4.866652
39235	499.3174277067112	4.866795
38983	1017.630347897606	4.8679376
39198	1016.6268410751956	4.868346
39621	464.30164886152176	4.871872
40401	482.29447271710126	4.874434
38777	519.3326122652406	4.877592
39133	783.9490514628334	4.878975
39161	767.4232286417164	4.879501
40344	522.2873900147539	4.8802023
39155	775.4363652332373	4.8807716
39240	674.4180525401566	4.8818216
39489	486.2843667314024	4.8834615
39124	775.9374344317329	4.883555
39476	509.3587794808082	4.8842435
39103	192.13844355081912	4.884699
39184	784.4510839368436	4.8848634
39865	676.407366062009	4.8850346
39220	674.750050362107	4.8850713
39185	510.3204502035107	4.8855214
39494	446.2904201741905	4.8863363
39192	510.5711357008667	4.8868504
39149	1033.5847107934887	4.888823
39057	590.7038096545627	4.8896356
39045	452.04356720737184	4.889994
39245	922.5015887935668	4.890318
39142	766.9224628835595	4.8913865
39072	591.0381749538147	4.8917427
39732	500.305313843989	4.892253
38498	838.9984911461279	4.8926144
39826	517.3318314614389	4.893261
39173	451.79266505211575	4.8937335
39389	543.345893259084	4.894131
39160	886.0538316216314	4.895037
39232	596.3789880561803	4.8956065
39926	290.0483603938136	4.898552
39177	1021.5791490208172	4.9001503
39352	758.4647650048737	4.9011493
38592	931.5336981728254	4.90261
39169	576.3496206191573	4.903829
39260	601.3702065129794	4.904283
39313	1002.6040766781751	4.9075046
39644	699.4428808450112	4.913697
39047	987.0655337410116	4.913961
39443	1034.5871471765995	4.9180884
39116	995.0759078666404	4.9210825
39525	520.3325442220679	4.9229374
39455	199.1232903636297	4.9259853
40371	596.713344260876	4.926416
39470	560.2628628921084	4.927894
39387	622.2330759296522	4.9294186
39532	428.27834194047847	4.9299116
40361	586.697626752619	4.930683
40360	586.3632822676691	4.9307714
40096	210.10280554437176	4.931349
39746	885.5522211000625	4.9333587
39753	949.5786948326368	4.9354854
39526	226.1802545853342	4.9360924
39312	559.34065370901	4.9366145
39722	1000.604224087217	4.93725
39541	244.1909284898063	4.9378934
39544	266.172836202294	4.938533
39637	699.1072716753476	4.9425583
39572	528.8387321799423	4.943135
39575	529.0896145240861	4.9438767
39979	1031.59272675769	4.944138
39535	944.6198260056128	4.944512
39430	927.5089412957911	4.94518
39490	999.5994579512048	4.9452157
39444	1055.5755779366405	4.9475207
40336	406.2957617466531	4.9496846
39801	960.5367462093824	4.9499116
39399	1066.5630595415169	4.949919
39256	1309.73894302963	4.951366
39645	602.3540332342872	4.9536543
39673	580.3714552442435	4.9561725
39921	544.2684526882454	4.9565053
39460	1302.74059538989	4.956614
39523	1310.2438540714415	4.957798
39952	516.2989448090151	4.958337
39561	1302.2406071117548	4.958699
40349	464.2831359096127	4.9599047
39691	1293.7328593820328	4.963323
40030	538.2811043051502	4.964317
40420	255.07630890719585	4.9652424
39721	1313.2220466286033	4.965528
40339	596.37851766118	4.966797
40368	238.1338294245048	4.9668603
39573	709.0423310409114	4.9685297
39811	521.3278594411005	4.969578
39962	533.4092507506806	4.9698997
39814	555.3073403108519	4.970116
39971	462.266443820927	4.971804
40071	536.3273760029691	4.972567
40059	954.859498749655	4.973113
40088	1096.1177874834466	4.973742
39342	554.246767327568	4.9738345
39303	1097.5342976620975	4.9742165
40087	1032.5947663345164	4.974851
40063	480.2777324647127	4.9752164
40039	955.1928822132614	4.9752073
39757	1073.549700939495	4.9757977
39822	521.5776346531868	4.9762397
40204	1031.0917013664366	4.9771113
40179	1033.5708243650645	4.977797
40068	561.3552143504462	4.978406
39760	1301.7371030357742	4.978635
40040	498.2884440961834	4.979718
39327	1070.6002268168545	4.9799194
39953	689.4258214020405	4.9799647
39818	1152.6424261817149	4.9813347
39946	1048.6158134088223	4.981908
39464	1310.7446768584373	4.9830985
39819	702.4021011479431	4.984531
39643	1044.5855514224809	4.9845147
40668	1053.098689695389	4.985358
39742	463.3001424434222	4.9864388
40043	533.3259119521795	4.9865317
40057	379.305508959826	4.986743
39924	1318.7554024464368	4.986765
39851	689.0913716769824	4.986961
39821	1092.5836035496684	4.9885035
40510	762.4395317905073	4.9887247
39702	761.9375345149565	4.9890676
39551	1312.7227501259188	4.9894547
40956	1044.084453323483	4.989816
40047	1082.6708056168468	4.989893
40158	1074.546742030745	4.9905457
39333	1315.7174819866132	4.9919906
40173	545.3618486018902	4.9925404
40183	452.0432623029653	4.9936967
40717	696.3920531358424	4.9946866
39931	702.0676281467913	4.9964275
39755	1062.5592995479549	4.9968524
40775	703.71901361264	4.9969387
40749	696.057760096495	4.997045
40051	703.3845146077792	4.997314
38991	1065.5647227286884	4.997431
40676	1054.5748997581727	4.9975142
40177	701.7331370658087	4.9976707
39828	711.0460749348414	4.997713
40224	590.703131571847	4.997785
39959	611.053435642586	4.997796
39981	462.7984129377657	4.9978986
40672	1043.5836459872062	4.998624
40642	1063.0601339746097	4.998898
40580	710.7121551040134	4.9989514
40687	704.052879721334	4.9989805
39697	1076.555980780039	4.9993877
40083	1431.7836491245378	4.9996214
40026	601.037964627916	5.000268
40086	1074.0466678580665	5.000276
39678	1323.7111237315148	5.0012026
40949	1052.097036681302	5.0012765
40054	949.5187112819384	5.0013943
39321	463.0492933470412	5.002191
41032	1077.0570029012838	5.0022144
40279	451.7922912093704	5.0054994
40010	1294.2277278200986	5.0061374
40028	601.3723307954199	5.0065403
40027	922.169710666354	5.007025
39723	1088.0390782385964	5.009457
40710	1055.0752072384664	5.0104895
39745	1066.0632924649797	5.0105867
40840	1052.598145471779	5.011502
40247	931.0314027893006	5.0123034
40115	907.563984900359	5.0128555
40132	1432.2842033906354	5.0134587
39355	916.159891988171	5.0142536
40065	948.849323983216	5.0145245
40287	886.0528130288379	5.0147114
40198	1302.2314803752065	5.0149174
40152	1319.2576580311236	5.015437
40080	949.182773057574	5.0169168
40099	348.2742710913175	5.0174527
40089	353.2296821030345	5.0194335
40570	560.2629723534288	5.020435
39933	1309.737316553858	5.0205326
40161	1312.2193989527468	5.0220485
40117	1310.2413998646882	5.0230427
40222	396.3320698070664	5.0235357
40509	246.24243028672512	5.0236716
39841	1009.0408379360664	5.025347
39812	987.565788802292	5.0259123
40359	729.4136701777071	5.0264096
40029	1301.2234749715044	5.02672
40225	540.0951021331097	5.027049
40230	539.8442817472347	5.0274982
39948	611.3879120840605	5.0292807
39596	921.836134765736	5.031331
40276	714.1154160299917	5.0320396
40718	1301.7299146620503	5.032163
40777	916.4942339606864	5.033795
40810	605.7126556740212	5.0344005
40012	1382.250962832699	5.034571
39886	927.844567199318	5.0347767
40005	1382.7517184014414	5.034794
39767	915.8262231210908	5.0357046
40141	458.3322001684136	5.0362163
40286	713.7809660910665	5.036818
39915	927.5109680118406	5.0375795
39835	927.1768848701016	5.0397477
40469	1102.6282716543597	5.040056
40244	921.502291803723	5.0413857
40265	262.2372850720772	5.0431666
40149	908.0649850028764	5.04417
40589	428.2779181162184	5.0474253
40398	1112.594787952165	5.0476956
40496	1094.116568242106	5.048482
40362	744.068300514563	5.049338
40130	1126.088594468534	5.049531
40542	736.4075787994705	5.049579
40324	735.0898918548436	5.050922
40303	1137.5779263990166	5.051132
40377	1104.6098461637482	5.0516343
40248	1051.6137619127496	5.052345
40402	1126.5912235926778	5.052413
40385	1115.0983651846807	5.053399
40423	1134.5740322199144	5.053847
40363	1123.5845895326283	5.0550437
40212	591.0229039745022	5.0561595
40351	1112.09399792487	5.0574355
40373	1101.6279339063603	5.057533
40441	1120.578416979339	5.057819
40603	729.0793691688061	5.0578904
40372	1093.616867952729	5.0580134
40396	1104.109888336348	5.058356
40378	1115.599666129852	5.059464
40382	1102.1295507039033	5.0595326
40482	532.3325705001354	5.060616
40523	532.5832509933921	5.062606
40393	1093.11771412365	5.0635567
40782	1109.1360768988045	5.0657883
40358	1137.076775095328	5.0659785
40474	422.3107735960249	5.067082
40478	427.2663424080335	5.0679617
40532	703.7658341565416	5.068159
40479	443.2402207521232	5.068266
40490	405.2842493754807	5.069372
40640	995.5769140783876	5.072805
40617	1302.2442536507249	5.0735993
40608	1123.082818697579	5.074349
40770	1073.5501476497466	5.075696
39916	995.0755046612126	5.076676
40698	987.0636689025988	5.0774107
40306	986.562335926994	5.0798044
40354	658.3784167197916	5.0800233
41333	658.0433162849152	5.081995
40677	998.0546593381512	5.0825143
40827	997.5536391977048	5.0845337
40327	849.485360278108	5.089324
40599	438.2595767586943	5.091163
40686	214.17999469332824	5.0919876
40025	1008.5445501130758	5.093049
40560	1131.0703711350068	5.095548
40886	922.1703788765024	5.097353
40575	512.2374863049929	5.0974226
40658	1132.074238444866	5.1014953
40835	462.79856797184107	5.1020436
40680	469.80000878648303	5.1030936
40870	611.0532808587249	5.1031237
40732	1097.5334305322751	5.103719
40862	463.04943048578986	5.104583
40696	474.05627397647936	5.10574
40703	625.729179070921	5.1065946
40891	601.0381169164236	5.106986
39965	626.0637861667848	5.1074824
40961	916.159987611126	5.108227
40883	601.37209326264	5.109494
40714	551.1015955122905	5.110546
40739	616.0481222538265	5.111971
40774	929.5780794832216	5.1129007
40744	550.850606827126	5.114909
40761	211.08641441386715	5.115858
40751	728.4566274152704	5.1172433
40785	466.5446468664688	5.1172957
40908	533.3260578314881	5.1179495
40880	907.5641853952312	5.1198144
40757	728.7903340833378	5.1200075
41228	1124.0836722888714	5.123063
40877	1121.524987424378	5.1245623
40596	490.255278125166	5.128285
41483	473.80535817282254	5.129301
41458	620.0540117638217	5.12957
41407	469.5489702002208	5.1312017
41532	711.3922659810172	5.132811
41211	702.0678224213203	5.135674
40967	1009.0392514220258	5.1379547
41508	615.7136234135793	5.138312
41472	466.2938677749104	5.141243
40907	543.3393967850895	5.145201
40933	543.5898851133048	5.146337
41066	1036.0944330753714	5.153715
40846	691.0655853449844	5.1540313
40671	1058.0773890199018	5.1561246
40656	871.81887362824	5.1562476
40507	872.1536492003678	5.1564317
40829	1047.5875841378397	5.162562
40990	1315.2415230872066	5.1632533
40964	623.376072072576	5.164336
40966	645.3583107109133	5.1670284
40988	648.3110301771451	5.168382
40996	626.3293287680692	5.1684947
41185	878.4872621090323	5.170191
40794	884.1484437753593	5.170724
41111	1047.0863140515137	5.1718216
41148	871.4877039934488	5.171952
41215	878.1538823081149	5.1744833
41153	878.8196644349207	5.1747136
40871	1036.596003776532	5.175396
41121	877.1624208783898	5.1766963
41028	1045.109979210287	5.1770906
40753	882.505157283157	5.1775956
41042	1044.608879714115	5.178259
41430	922.1699575601426	5.1789927
41031	1058.577457688609	5.1802244
41436	696.3912860670117	5.180469
40994	1257.2002700575113	5.183013
41010	1265.7136852231106	5.1831665
41156	1305.7301717318246	5.1851573
41127	1316.7265907376764	5.18564
41456	987.0636199552744	5.185925
41162	1306.2326369551524	5.186325
41164	882.8396706767879	5.186624
41113	1325.2088892662066	5.1867785
41128	1328.2137225875215	5.187443
41141	876.4960024396676	5.1875863
41110	1336.1995975042455	5.187657
41126	1338.7027996646773	5.1891246
41152	1317.2240524564136	5.189524
41076	885.8107087575896	5.190197
41223	893.4728070550877	5.1902385
41005	892.8036709962123	5.1902895
41149	1335.6986037603842	5.1904383
40980	850.7898165587181	5.190515
41277	561.8571590058759	5.1908073
41253	562.1079360978651	5.1909995
41150	1327.712239135491	5.1917157
41229	886.14447302661	5.1923814
41159	1339.2037613379782	5.1924233
41204	870.822788522668	5.192693
41241	883.8112412926046	5.193328
41245	1325.7116389119485	5.193451
41036	850.4526174388758	5.1939697
41172	871.155910901317	5.193972
41063	839.1375270613927	5.1942267
41092	1350.1929220536174	5.1951904
41195	1349.6926529481868	5.1952233
41411	890.7994587423859	5.1954455
41231	1069.569026889057	5.195525
41144	1347.1907978573483	5.1955156
41143	876.831468321219	5.19643
41135	838.8030692473009	5.1967897
41134	1314.2428338984948	5.197285
41243	907.7912582502688	5.1982083
41250	900.1297295671103	5.198611
41311	893.1382558025564	5.1989913
41242	900.7985483626724	5.201072
41384	1306.731095487796	5.201078
41287	844.4789561822779	5.201462
41129	1314.744294986856	5.2016125
41295	860.0047699365116	5.202214
41390	908.125767979354	5.202293
41169	882.1716392450281	5.202344
41226	1093.6163525838208	5.202465
41252	862.4825767804167	5.2027564
41248	851.4914117060798	5.2028694
40569	838.4690170386292	5.203022
41290	859.5027505814516	5.2040257
41259	743.130840958983	5.205955
41154	898.7944520303537	5.207065
41275	743.4674467184425	5.2072334
41480	907.457117596258	5.2075043
41163	900.4654769844506	5.207649
42025	998.0548231372392	5.2079983
41385	885.4775962019867	5.208101
41100	849.4860453773869	5.208448
41174	843.4759720434303	5.2093935
41167	849.1515739719437	5.209535
41470	474.0561761773384	5.20969
41183	849.8198437855395	5.2098455
41102	844.1444225359709	5.2105703
41487	626.0636205891369	5.210727
40472	843.8101972933897	5.211256
41286	477.3002352485673	5.211821
41114	845.4617998514551	5.211919
41489	625.72881517179	5.212175
41199	852.7887947597968	5.212163
41120	845.7957183016811	5.2123303
41194	853.1223735074182	5.212446
41546	1275.172112796773	5.212544
41214	837.8007597917444	5.2127166
41284	845.1288697994586	5.212927
40884	851.4660717884735	5.213024
41118	1278.6814093129285	5.213018
40632	838.1348618586052	5.213133
41119	1265.212357560804	5.213109
40932	1286.1658718493331	5.2131753
41219	852.4551103426373	5.2132936
41776	1275.6764749167205	5.213268
41116	1289.6722583465555	5.2133994
41486	930.0791919550798	5.2135625
41004	851.1298793285114	5.213683
40942	1286.6635561513704	5.2139616
41227	850.7913875171719	5.214039
41209	1256.1985490227164	5.2147613
41203	1264.711804361231	5.2148266
41137	1256.699640784381	5.21495
41055	846.1292212989434	5.2150807
40929	860.4487462003768	5.2155924
41578	859.7812760200609	5.2158756
40649	867.1071135190216	5.2160983
41288	860.1153563361123	5.216586
41505	616.0478820681731	5.216713
41811	1300.659785105822	5.21682
40972	192.13829246547365	5.2170987
41234	867.7751386934683	5.2170467
40809	867.4409414209672	5.217071
41345	874.770809172449	5.2174788
41498	466.5444163671365	5.2176704
41589	875.1037707448102	5.218003
41738	1300.1566092299015	5.218321
41523	858.1097747165113	5.2185254
41353	952.0921212827544	5.218603
41112	1297.6558395194656	5.218705
41516	874.4358777653579	5.2200546
41237	866.5075476440159	5.2212744
41677	1200.627076650645	5.2213435
41832	1217.6589936484504	5.2217503
41021	1222.6063222565938	5.222751
41598	995.576988029026	5.222897
41445	853.4559624599123	5.223786
41404	376.2020459630791	5.2282944
42056	1066.0624257613106	5.2289944
41270	867.0089852488434	5.2294703
41452	554.5964865761883	5.2309694
40651	485.06240748305015	5.231553
41463	554.3456289278715	5.231695
41920	484.8117020005197	5.2320256
42379	640.404168924269	5.2346396
41650	1009.0431839322872	5.2346563
41878	480.5551023550111	5.234737
41301	640.7387128758963	5.2348003
41658	995.0757176149312	5.236549
41449	955.1856676486108	5.238003
41694	997.5540238666978	5.2385135
41348	630.7232921863499	5.243744
41723	987.5660029256768	5.2439923
41335	630.3887831779565	5.24404
41614	955.5207175566444	5.244871
41368	477.55078747541455	5.2464204
41511	405.28435028357393	5.250091
41535	427.2667827407766	5.2511406
41526	422.3110126315819	5.251808
41754	696.724014061386	5.2559333
41533	443.240372621745	5.256009
41845	658.0436829610272	5.2650857
41780	199.12312997417024	5.2667584
41643	573.1148259682511	5.270261
41647	572.8641990315796	5.273043
41656	758.1426043381316	5.281603
41856	1265.713666652042	5.282293
41477	502.3586154049679	5.2827625
41866	1279.1828779261125	5.283834
41959	1008.5441786780768	5.2839065
41944	987.0639730605488	5.284286
41927	696.3894439456496	5.2854414
41669	264.1593455453012	5.2879076
41530	779.3588091267807	5.2881713
41945	838.4692743829955	5.288323
41536	757.3768279620305	5.29017
41537	774.4037522758861	5.2905393
42090	477.300277664712	5.2971773
42038	839.1376653192247	5.3024235
41714	655.4155257872866	5.306002
41730	655.0805084243145	5.3090672
41830	565.6037048004226	5.3093896
42089	838.8033524563166	5.3126006
41921	955.1875646613112	5.319852
41025	495.818733869888	5.3317122
41727	496.0695766051506	5.332768
41721	655.7493425280775	5.334676
42081	491.813358237579	5.334817
42185	986.5630985458656	5.3349442
42196	995.5770641672228	5.3359528
42253	649.739829939424	5.338644
42228	1257.2001673773714	5.3401875
42209	973.6044736735151	5.3412366
41651	791.4850996262602	5.341711
41985	323.19475278128533	5.343989
41805	645.0651359657952	5.345548
41961	301.2124906291822	5.346232
41799	488.5580498228088	5.3465033
41802	645.3997612351766	5.3466887
41812	488.30727568544967	5.3472867
42016	584.122403937187	5.3510923
42023	583.8717726982146	5.351274
42304	874.7712869832733	5.3517094
42300	867.7762189471912	5.3534937
41988	578.3423177699013	5.3560157
42049	955.5220165696768	5.3597007
42042	230.11780420390565	5.3647017
42384	387.2737479013221	5.372658
42867	655.0805772704191	5.3769484
42685	405.2845383673414	5.378186
42875	655.4157880123196	5.3808217
42653	422.3110198314423	5.3823223
42161	475.3901760933939	5.383561
42207	576.6109170030775	5.386253
42204	576.3585122737985	5.3908906
42421	780.9176007322794	5.3937078
42571	781.4206094761379	5.3969746
42625	289.24894938562767	5.4028316
42463	630.7237257646425	5.403076
42190	502.8193229556673	5.4068446
41990	783.9500393532835	5.4100466
42698	580.3718468938702	5.418203
42705	602.3541486904567	5.420586
42010	266.17311109479976	5.4215083
42422	594.878310003948	5.4266095
42423	595.1292030742262	5.427144
42314	498.2896722843892	5.4283338
42834	502.5691137402455	5.431108
43372	506.82579963887554	5.4316716
43295	669.7564632108493	5.432413
43382	507.0767250222429	5.432435
43413	670.0908664788619	5.433537
42401	543.3471195857071	5.4386888
42420	520.271959251914	5.44493
43468	659.7407874542738	5.445445
43477	499.564754183613	5.445494
43451	499.31404740928014	5.445629
43430	660.0752178141643	5.4458365
42454	518.3173321979374	5.445862
42451	480.2785611567516	5.4496245
42445	515.3788297271884	5.4519696
42873	495.8185918300771	5.454618
42424	577.2622563878274	5.455343
42919	496.069719043589	5.460498
42781	767.4248228405073	5.4610214
42970	783.9499437830727	5.461177
42143	788.9039713047682	5.4615207
42943	784.4516020182735	5.462221
42904	775.9379727298702	5.4626575
42949	766.9231762589691	5.4630013
42993	775.4365984818342	5.4634767
42305	576.8127885222407	5.4646454
42609	587.6173790097323	5.465734
42962	488.3073858697341	5.4679666
42485	1012.5952654046786	5.467991
42604	541.3313889471881	5.470407
42635	226.180218922576	5.471297
42633	244.1908626451756	5.471297
42874	995.5733633064908	5.4792104
43037	645.0652764445434	5.4848943
43101	542.253192932027	5.4850683
42556	684.7657728613559	5.4872494
42974	540.3365502922487	5.4899554
42503	961.202179800256	5.490302
43087	515.3162136874425	5.493661
42693	158.1542791076709	5.4960036
42664	674.4161126168328	5.5002093
42827	606.1355841208269	5.5034842
42570	1094.1210670768407	5.506963
42647	546.385946805215	5.5083838
42663	960.868579088349	5.5152764
42724	955.1928279579516	5.521325
42691	1432.2844703407454	5.5215387
42648	949.5185447152194	5.522555
42547	735.0907714959874	5.5235624
42725	960.534960699075	5.52509
42668	948.8497395967066	5.525802
43103	348.27469541247706	5.5276003
43834	518.0829544572135	5.527737
43833	517.8321569540707	5.5284123
43258	684.4314653565755	5.5288725
42746	954.8592325324748	5.529398
43097	498.2894362713977	5.532926
42784	1102.6341656611626	5.533038
42758	949.1836440515164	5.537689
42763	741.72809790745	5.539107
42881	529.0890547867202	5.5391607
42813	1123.083711008913	5.539158
43318	510.5711709074844	5.541458
42764	742.0658988420535	5.541546
43032	598.6238306165627	5.542141
43877	510.320488250846	5.5423336
43309	674.7499725322539	5.542875
42934	1017.5498087230995	5.542977
42750	1116.1010697037866	5.543835
42779	1113.0964520641876	5.5447526
42759	1126.5919154293358	5.5482893
42882	1102.1330467416724	5.5501723
42856	1112.5956629573766	5.5514684
42864	1134.5735162401868	5.5516453
42880	1101.6322885008815	5.552291
42877	1093.620231955255	5.554042
43176	232.1908499084317	5.554203
42988	528.8380804887149	5.5544086
42687	1036.0964389869112	5.5545135
42852	741.1004151604812	5.555683
42886	1104.611167768598	5.556235
43005	521.3960990642654	5.556328
42884	1115.1002511955105	5.5563416
42850	1115.6002420306215	5.557318
42890	1104.1108321545369	5.558779
43003	521.5774170520779	5.5603952
43015	521.3266064865546	5.5606284
42876	736.7419717661018	5.5621033
43206	577.2626660433901	5.56268
43203	480.2783913818616	5.5651298
43012	699.1065161722803	5.565327
43191	518.3174304380448	5.565528
42983	254.17292750219704	5.5722485
43227	588.4037195294364	5.5730057
43189	617.1423186403783	5.574636
43056	689.4256436850875	5.5747347
43373	767.4244658436729	5.5753646
43198	520.2716074172941	5.5764747
43668	954.5256955192364	5.5822487
43854	960.2000520558656	5.582784
43266	541.3315557574724	5.5839605
43210	1012.5943078665988	5.5888667
43835	684.7656336367943	5.5893335
43396	244.2271193160621	5.596872
42505	1112.0942121161015	5.598079
42783	740.4319125878463	5.60088
43317	674.4158628939163	5.600954
42730	1137.579743826313	5.6032796
43218	539.8448479031762	5.60521
43702	743.7350233876363	5.6053762
43674	729.4149900881673	5.6053944
43684	736.4075334782291	5.605614
44026	1093.1183365554466	5.605613
43671	1126.090081708152	5.6056323
43678	744.0691993778228	5.6056833
43940	729.7491235903451	5.6058817
43407	1123.5828995530974	5.605878
44069	729.0806089383553	5.605986
43140	1131.576727701275	5.6060233
43683	740.7659612436855	5.6062465
43220	540.0956597198289	5.606288
43993	735.0904258065852	5.6067543
43211	734.7561310197112	5.607278
43673	699.442133249708	5.6142955
43228	996.5684437669756	5.621383
43884	949.5179745987908	5.621542
43487	427.2665385447128	5.621801
43333	714.1164508373618	5.62322
43379	369.2634379242513	5.6233697
43889	960.8685589469684	5.6237893
43261	1018.5545483962576	5.6250134
43394	948.8491909706552	5.625139
43857	960.534621945807	5.626472
43324	713.7817785409652	5.6267815
43719	689.0906316874235	5.6291575
43486	422.3109750215212	5.6296096
43343	831.5442421791419	5.630894
43859	949.183358393258	5.6310806
43113	1045.6128443801342	5.631073
43353	532.3333363971115	5.632694
43919	1094.1203200131386	5.6333613
43356	703.7663046323757	5.633666
43147	543.343906229312	5.6336946
43935	955.1927524509427	5.633854
43502	405.284456850762	5.6340384
43860	954.8590576318394	5.634497
43346	532.5838924042397	5.634566
43236	387.2739121238272	5.6362557
43453	443.2405222738048	5.6362557
43676	1112.5954921856437	5.6374836
43995	1126.5916847484273	5.6415777
43473	704.1014254364906	5.646892
43569	1134.5755011261433	5.647363
43901	735.424779880801	5.6483088
43271	1036.598208985969	5.650377
43621	1115.5992353927911	5.6507144
44009	1102.6332246705308	5.650776
44068	1104.6104371184267	5.650788
43987	1102.1321938980675	5.65163
43704	529.088958036217	5.652189
43975	1093.619178552014	5.6525254
43648	1115.0995784681973	5.6541724
43267	1036.0964168520711	5.654359
44019	1101.6319628818826	5.656378
43661	1104.1104375960058	5.65678
43374	859.5049630358258	5.6572843
43677	1123.0835743318448	5.657935
43367	1315.2474805974523	5.6592426
43282	1047.0877029963704	5.6606092
42966	1058.078582300087	5.6607943
43326	1047.5893615874063	5.661913
43338	1045.1108203004069	5.663116
43330	884.1495386212852	5.6634135
43378	1325.710265537448	5.664136
43491	1306.2337040288778	5.66457
43412	1339.7080928954208	5.664823
43380	898.4617264538795	5.6656513
43479	876.8328931682069	5.6667356
43354	884.1512094800286	5.6670704
43449	1349.6956303595844	5.667578
43456	1335.698972268064	5.66801
43603	483.343883392118	5.6685243
43440	877.5012882998798	5.668489
43458	1328.7177971877124	5.6685123
43611	466.3172426624369	5.6686397
43492	871.1576681075763	5.668923
43768	521.5773649359079	5.669896
43481	1317.2255041522662	5.6699643
43470	900.4654802869871	5.670279
43450	1339.2064934058626	5.6703353
43510	1314.7469730887883	5.670455
43782	521.3265710297085	5.6709557
43539	1336.201668385705	5.6709137
43400	883.8106581629606	5.6709614
43694	699.1063858503722	5.6713943
43467	450.3426973305728	5.6715183
43464	1327.714613961264	5.6718483
43547	860.0055341981703	5.672406
43383	872.1603399560073	5.672441
43978	264.15936534216473	5.6728954
43714	528.8381093130421	5.672936
43485	882.8422751812733	5.6739492
43558	1305.7325167266356	5.6739616
43432	879.152933064359	5.67413
43494	870.8235954763992	5.674198
43517	1328.2160106463218	5.674525
43488	885.8121295272629	5.675839
43527	877.1671013256052	5.67608
43557	1314.2453433731728	5.676753
43505	878.4855996981449	5.6772013
43489	893.1391182542196	5.677372
43657	689.4254096136697	5.6777463
43542	882.5084621706363	5.677866
43511	883.8119247608629	5.678601
43537	882.1735151700036	5.679425
43480	893.4733344860554	5.679479
43513	886.480033204014	5.6805196
43552	884.4861518849392	5.68138
43561	878.1528063250925	5.6817684
43585	876.4986701274097	5.682185
43559	878.819147115762	5.68286
43609	871.4918743156938	5.6828637
43521	900.7993369370892	5.682998
43578	886.1457873317343	5.6855993
43593	892.8051035512123	5.689828
43847	523.3383295011829	5.6960034
43909	740.4318075974147	5.696314
43716	590.4111492365896	5.7011127
43955	1116.1010676454166	5.7018065
43731	521.395912590357	5.7041044
43751	550.8509217165288	5.7086077
43757	551.1021560258694	5.7111015
43952	1137.0790400470764	5.711085
43823	1131.5772944386472	5.711561
43870	1121.5256503520643	5.7216253
43819	177.16380111199086	5.722104
43850	195.17443575323028	5.722104
43836	1131.0758774325154	5.722292
44034	736.4075483703824	5.7227407
43906	691.0664176360308	5.723623
43237	1044.6098174494916	5.72722
43818	728.4574371746204	5.7286396
43948	1117.5751163326006	5.7303343
43839	871.8258682710074	5.7322354
43814	728.792288823097	5.732641
43807	1037.098985829846	5.734728
43841	543.5905277721025	5.7355556
44090	1137.5809129480565	5.739273
43853	543.3400410190319	5.739898
43786	691.4007991933682	5.740815
43878	551.3531010601092	5.7439528
43733	1058.0791629601686	5.744949
43898	430.29419800694734	5.745016
43918	408.31156170548	5.7477517
44113	539.8446529640694	5.748135
44173	540.0955193980052	5.7483916
43533	1306.735075367924	5.7512007
44118	714.1158952407322	5.7517004
44343	1058.5794755271925	5.7517095
44050	885.4778075347933	5.752707
44186	713.7814605615505	5.753775
44170	1126.0900054571553	5.7551036
43967	1315.2484091729132	5.756841
44319	230.1175632181814	5.757651
44056	1036.5980714251343	5.758052
44049	900.1305469621615	5.7581306
44284	907.7925971076204	5.7595425
44294	908.1271465844871	5.7607403
44051	1036.0964507506355	5.7610936
44070	1047.5893441992698	5.764221
44239	532.583770408455	5.7643695
44065	1047.08758816837	5.764733
44243	532.3331355903018	5.765446
44027	1318.7280917390528	5.7667527
44551	1045.111266898239	5.767041
44442	872.1601377122793	5.7671366
43897	900.4651107775121	5.767753
44266	898.7959989805393	5.768567
43958	893.4727042140687	5.769097
43950	900.799128391536	5.771233
44062	1328.718187841332	5.7714353
44052	859.5048315651717	5.772456
44035	901.1316387904252	5.772945
44046	884.1509971601425	5.773049
44093	879.1528112341864	5.774628
44060	1339.70730755904	5.775367
44122	871.1578114863007	5.776777
44232	1335.6997663353366	5.7774954
44097	877.5014740678305	5.7783875
44120	870.823673290112	5.7785115
44119	876.8333459686969	5.7795186
44126	885.8118880924676	5.7799273
44137	158.15418656048567	5.7800183
44151	878.8190197147464	5.7800965
44542	882.8427993945405	5.7807856
44100	893.1386754925414	5.7808657
44138	877.1673411671072	5.781428
44131	882.1744254090968	5.781827
44133	1306.233976936534	5.7819285
44166	878.4853425443542	5.782765
44111	882.5088441227425	5.7830915
44160	883.8129800633994	5.7831645
44159	884.4872522376031	5.783202
44147	1328.2158709708883	5.7832756
44162	878.1526551870537	5.7834272
44154	886.1456486381036	5.783706
44408	1339.2061694913382	5.7838235
44179	876.4993079376169	5.7839766
44156	892.8046295839802	5.784208
44157	1316.7281571657377	5.7845945
44148	1314.7474786189168	5.7848887
44494	1327.714523055196	5.7855067
44169	1305.7331940088964	5.785832
44116	860.005457210718	5.7862816
44103	1069.5696214168258	5.786347
44484	871.4919628488585	5.7867026
44092	866.505500300237	5.7876024
44307	729.414007348546	5.788154
44152	891.1341870699487	5.789252
44176	1325.209549381784	5.789822
44081	1336.701639000121	5.7955217
44215	1338.7053126188623	5.7963605
44188	1336.201097698011	5.798137
44165	422.31092788007146	5.7986016
44265	872.4951664759913	5.7991576
44193	1349.694930939386	5.799321
44172	1350.6981252192309	5.8012385
44242	862.4832815434547	5.8039274
44210	405.28444492211327	5.8056245
44255	1340.2081768087482	5.814902
44158	443.24030025119214	5.815491
44328	1069.0691866688758	5.817019
43698	561.8583951314686	5.820373
43985	507.3802784125168	5.8228064
44144	450.3422534127069	5.8232255
44422	1044.6104205125348	5.8246593
44067	387.2736122683677	5.8288317
44475	551.1021045970964	5.830004
44290	521.3957429049808	5.833239
44224	743.4684742791936	5.8339915
43992	481.3278719737223	5.8348303
44512	728.7919470242493	5.8349752
44434	859.5043353160282	5.835149
44502	728.4574016641394	5.836888
44467	550.8508471435193	5.837997
45031	1047.5898341957106	5.8388925
44281	543.8414425100723	5.839336
44000	414.3006718986238	5.839449
44482	432.3111498398603	5.843078
44044	467.3484935967798	5.843925
44463	883.8142857109843	5.8440228
44296	463.390234304786	5.844523
43764	554.347159137805	5.8457494
44336	543.5905719839931	5.8494334
44337	543.3399691387046	5.850835
45167	871.1580132854132	5.8526855
44576	1036.598786574294	5.8603945
44995	1306.2342196809063	5.8615465
44594	871.8260690773632	5.8665643
43693	562.1092136156183	5.8711195
44282	634.4377037717119	5.8722067
43752	554.5977149800954	5.8915663
44706	884.4891556849922	5.893918
44479	202.21676168397968	5.9108176
44857	561.8583330725402	5.9127345
44782	1315.2474905080414	5.9160194
44492	542.253080261848	5.917563
44577	353.2300692166805	5.92524
44561	375.2121170509619	5.9272885
44578	348.27468213200547	5.9277244
44036	572.8658571422916	5.927725
44568	683.4718317205082	5.9279823
44504	520.2723066720981	5.928479
44570	331.2479860942506	5.9286265
44588	313.2373472219806	5.928822
44564	369.2043951497541	5.929048
44572	295.226935906809	5.9295616
44674	554.3471646343359	5.9304786
44527	530.3601312615054	5.942332
44840	246.24314895836244	5.947834
44532	498.2892127617107	5.9527926
44064	573.1163218067994	5.953586
44852	844.5899094745615	5.9594216
44772	1052.5993781686718	5.965441
44778	507.38044188058257	5.967299
44754	1057.5551366840605	5.9676642
44882	893.4849445113799	5.969462
44779	1044.086160588782	5.9694514
44876	1236.84855871815	5.970083
44592	515.3162992608557	5.9720097
44797	759.5013364223768	5.9723926
44768	1057.052048948268	5.9746265
44719	549.4025288875032	5.9751244
44788	1043.5852223519505	5.97522
44868	833.5893804253562	5.975476
44177	565.3540372565457	5.975975
44124	565.6046212113561	5.976034
44765	1035.5718760802008	5.976985
44757	1046.5639147503125	5.9773126
44874	830.574430102526	5.985451
44875	851.5040641813398	5.989156
45154	572.8658105967658	5.989625
44784	1035.0706709850128	5.9906163
44917	944.6443484283363	5.9915667
44873	813.5495700231095	6.0046687
44904	1263.7851027928668	6.0046687
44872	538.374291459981	6.005542
44887	1241.8042833979127	6.0068746
44871	353.24779671864155	6.0070753
44880	858.6071289120306	6.007778
44922	371.25873256791374	6.008655
44907	389.2685336656759	6.01249
44884	424.30646574247424	6.0141635
45007	470.28743705884096	6.0143924
45163	573.1162732651928	6.0205307
44975	497.24894889484005	6.0208225
44912	835.5306084902793	6.0248895
44939	524.3574901283084	6.0268054
44812	521.3963454173952	6.0292134
44792	426.2608289691767	6.0300136
44830	448.243027747499	6.0310006
44503	576.3599804620696	6.033034
44383	584.1230685082293	6.0357947
44388	583.872414944312	6.039519
44936	429.26158980732896	6.0405035
45312	678.4662012009026	6.050103
45298	516.2738948239454	6.053458
45252	478.3175655876593	6.0536757
45291	495.3440953737195	6.0536838
44821	523.3755082998434	6.0542006
44496	576.6113419393643	6.057847
44775	500.3006959963519	6.0625124
44704	384.29703182352085	6.0901318
45369	584.1230308814348	6.098747
45559	595.1296303015782	6.1195397
45257	369.2042487602009	6.122071
45271	504.2687928461562	6.1239934
45262	353.23000350225	6.1242456
45265	348.2746197659954	6.1243052
45267	331.24793716246336	6.124584
45269	313.2373268179525	6.12482
45272	375.212001755368	6.125523
45273	295.22684774720045	6.125682
45406	576.3605860967336	6.1282883
45618	504.2717260083217	6.130185
44827	587.3672497531111	6.1376686
44842	587.6180740590331	6.1377387
45290	485.2904090611001	6.1548567
45242	955.612379914201	6.159845
45331	1419.919136965345	6.1717257
45360	976.590846418612	6.1720552
45428	477.4056779869617	6.1732283
45347	969.577938958181	6.177253
45390	948.6509927255544	6.177605
45395	931.6241598516466	6.1785955
45388	951.6613522736404	6.178874
45384	970.5828522961305	6.179546
45387	956.6160418826482	6.180746
45412	975.5883581768026	6.181023
45417	953.6063795061524	6.1812177
45358	976.6833938043784	6.1817656
45426	1440.8965121070885	6.182643
45409	1418.9154988109449	6.186393
45452	949.654458327442	6.190019
45723	606.1364101853496	6.1960115
45392	412.2844717384271	6.198617
45710	486.35137376984767	6.200586
45597	483.3428751116741	6.20376
45589	504.27023441015945	6.204181
45416	597.4107331899277	6.2042103
45485	510.2816158084053	6.2042866
45422	488.2980634007935	6.2043552
45345	511.3738697360513	6.204437
45399	448.3059080894485	6.20808
45180	598.6247495625119	6.218298
45368	466.3165045849835	6.2226653
45505	997.5709782501292	6.2229195
45558	955.6127782550044	6.2273283
45297	509.35787860731807	6.2303247
45579	998.5739664043128	6.2388186
45578	969.5779266676096	6.2391253
45622	1419.9167192585728	6.2438827
45599	976.5909410235306	6.2441044
45568	370.2628711073211	6.2470984
45617	956.6165037783484	6.2481985
45630	430.29491160615726	6.253046
45643	975.5883998297166	6.260551
45680	931.6242037306134	6.266019
45694	951.6605815063488	6.2679214
45629	301.07543039362906	6.2750564
45927	617.1430631686816	6.2755995
45683	948.649898137163	6.2761493
45628	279.09354196966336	6.277144
45682	1418.9150411856458	6.278213
45755	970.582001622348	6.2850895
45640	1348.9492747858344	6.286153
45880	549.4027910953139	6.2864656
45738	953.6071080611756	6.287135
45606	938.5910752623952	6.2901917
45626	921.6164562230016	6.291885
45620	917.6643543696816	6.292345
45654	923.6228138983562	6.292635
45645	899.6346843087155	6.293482
45703	510.3562233559617	6.295939
45677	937.5884577558428	6.297898
45661	916.6609594631408	6.3009653
45719	924.6251998398632	6.304706
45667	414.3009786579336	6.308819
45688	944.6926986060048	6.316598
45567	408.3120288932892	6.318818
45670	943.598078456001	6.3226476
45813	493.363752542646	6.3243513
46025	488.27635039589126	6.324978
45687	581.4155657242989	6.3293476
45651	529.2946713335972	6.331777
45863	472.303937787832	6.3331776
45625	495.37920473190366	6.3334465
46069	494.2863013509431	6.339374
45979	467.3491776537403	6.343465
45959	432.3113662922827	6.3458133
45726	544.2676662314947	6.3514996
46043	450.3209272035394	6.3536506
45753	1043.561991221611	6.353942
45876	1017.6288851055464	6.3544226
45851	1033.6578377922397	6.359636
46047	802.5430326011368	6.363592
45912	1017.1264468632676	6.367036
45933	938.5904367889132	6.3683386
45936	924.6247637655384	6.3684516
45965	510.355406502579	6.3692565
45939	1052.6815190957525	6.3701553
45795	1051.6807317884932	6.372708
45849	1050.6760373015543	6.3751106
45900	921.616091760214	6.3751554
45542	428.3230639904396	6.375242
45989	916.6606403416216	6.376565
45869	1016.6258170412128	6.3772216
46207	543.3486817829214	6.37765
45887	1002.6023905510474	6.3778534
45866	999.5978248366804	6.377955
45839	1022.5821008142432	6.3786135
45998	937.587493930673	6.380755
45884	1038.6068852379658	6.38174
45958	899.6346778549351	6.38204
45910	1023.5809229010738	6.3825274
45871	520.3315000184127	6.385787
46017	504.26541948958265	6.388208
45837	517.3312433513751	6.389437
45966	1018.629842327353	6.3908076
45917	1034.6569623579308	6.3914785
46023	944.6925111889132	6.3923483
45898	1070.5433104959943	6.398023
45913	545.3601964123596	6.3982105
46057	353.2297714312812	6.403038
46022	1349.9496428000712	6.405137
46183	353.1454795229329	6.410733
46111	1021.5802853601084	6.414103
46121	414.3006006812814	6.4147162
45883	464.2850679693133	6.417113
46018	579.2790482465464	6.4224224
45888	482.2924294330961	6.4280305
45838	522.2870701623971	6.4356875
46129	780.5611040583736	6.435882
45878	538.2532359061968	6.4366097
46090	531.3460927889881	6.43797
46012	392.2748148687551	6.439963
45828	500.3039850839786	6.4404426
46083	223.0964507897752	6.44224
45980	508.32836777711503	6.442239
46109	422.31087659853097	6.450511
46171	857.5147417198147	6.4531183
46177	858.6081642512596	6.4544506
46073	833.5875458724009	6.4554358
46138	813.5507156809522	6.4556746
46040	631.3933219650727	6.4578624
46167	851.5047252881044	6.4578576
46130	797.5887619999601	6.458374
46172	905.4764220608632	6.4592724
46145	835.533033555991	6.4601316
45968	560.4006420554578	6.4604263
46175	888.4496153444983	6.460971
46114	470.28807068587577	6.461081
46131	1236.847676881061	6.46152
46186	893.4912871807234	6.462598
46170	1263.7875295233923	6.463522
46176	910.431687037116	6.4639106
46140	1043.5634383421343	6.4643617
46199	1241.8050549366633	6.465743
46092	581.2019177672571	6.4658484
46110	482.29124722333137	6.4662185
46133	353.2502738794356	6.467353
45993	436.3266893046843	6.4674516
46134	538.3744426843642	6.4674892
46159	830.5780952469644	6.467675
46192	405.284727453964	6.468679
46149	452.3376016695862	6.4687324
45963	557.2978513896301	6.4691687
46107	497.2488553439519	6.4705224
46132	559.2199135072524	6.474076
46158	553.327362384439	6.4761395
46160	491.2318110570561	6.4780736
46228	427.266908017501	6.4794006
46230	759.5018423932245	6.4795914
46339	295.2264030321835	6.479642
46342	348.2740029901622	6.4811425
45997	525.355537751393	6.48127
46258	683.4711260029985	6.492774
46251	544.2680474774783	6.495709
46369	277.2156978948856	6.498801
45896	595.2523064424369	6.4997277
46286	612.2552899653948	6.503715
46304	430.2744492686039	6.50618
46506	389.2692148867251	6.5072627
46553	335.23671456868846	6.5126877
46499	371.2586267609069	6.5141106
46507	429.2616864707077	6.5159116
46447	519.2311685379415	6.5175233
46525	497.2487418436485	6.5177555
46491	424.3066128230874	6.5194864
46494	498.2894672902445	6.524549
46468	427.3142467270463	6.524813
46350	805.6084312474597	6.5380416
46446	407.2793101402696	6.546105
46366	532.3414659762423	6.54807
46661	520.2722047595157	6.548822
46521	515.3160907442189	6.552944
46606	392.3162852821164	6.5714493
46600	433.3430460102652	6.5714955
46505	452.33748360425886	6.5732265
46406	526.3317626995433	6.574012
46804	348.2028836650512	6.576511
46562	538.3742754578532	6.5765877
46530	450.3196420196875	6.5780954
46739	331.24738980607526	6.580618
46460	1093.1182084439267	6.5832195
46462	1102.133481091985	6.585503
46556	467.3130069229038	6.5859823
46456	1093.6198294987796	6.588014
46542	830.576953718181	6.5904293
46500	353.2497872516495	6.5938554
46754	1052.600222699573	6.595931
46378	1044.0865645407018	6.596224
46514	835.5330096971529	6.5962806
46348	1052.098082619748	6.596642
46717	353.2298030801956	6.5983896
46382	1043.5851068386996	6.601219
46574	857.5138770749116	6.6030154
46576	1237.8523594292644	6.6042724
46533	858.606343194855	6.6048946
46483	376.30549243420296	6.606633
46508	472.3490096541428	6.606655
46558	851.5044989091954	6.6070337
46439	414.28785200180033	6.612442
46566	1241.8025145823708	6.6152697
46545	813.5492235766192	6.616395
46529	893.490198351605	6.6164637
46632	805.607900039324	6.617236
46547	1236.8484527151602	6.618156
46573	759.5007262895931	6.62207
46560	833.5862739907774	6.6254272
46595	1264.7872975151374	6.626517
46723	369.2043389408533	6.6313834
46552	470.2880337651118	6.6452556
46663	545.3609678108922	6.650289
46485	480.3324334775449	6.65148
46672	502.3056968587642	6.6537333
46686	543.3460444679582	6.659331
46639	1022.5843097957888	6.660495
46680	1044.565959220738	6.660679
46696	1043.5666932772588	6.663663
46690	520.3325483784977	6.6668706
46671	1050.6796709753355	6.6711736
46678	1021.5819146069956	6.671372
46693	606.2386682577018	6.6727366
46900	497.3593909379453	6.6743164
46668	999.5999281966928	6.6746664
46656	1038.605554317921	6.675669
46688	538.2529726345335	6.6770463
46588	465.3328377762919	6.678549
46781	277.2159786638673	6.679074
46679	1017.63021176549	6.6796823
46667	1016.627381959598	6.6797295
46802	683.4709310161752	6.681927
46694	519.332980781054	6.6837053
46713	500.3044388480907	6.685469
46745	295.22653984443525	6.686056
46716	313.2369621266694	6.686056
46738	348.2742045963945	6.686056
46733	678.5140716088063	6.686056
46773	405.28441638482246	6.687381
46743	705.4508064906338	6.689066
46708	544.2686147042662	6.6900024
46705	482.2940182851533	6.6906986
46715	522.2869624943348	6.691882
46749	450.3425313481918	6.6950026
46922	492.2708373315938	6.6955194
46710	464.2837348537507	6.6986947
46774	422.31110160442506	6.6994047
46720	517.3315689762388	6.69963
46760	387.2733839234273	6.702292
46631	579.2794910010745	6.713061
46821	612.2558722588358	6.7274957
46594	448.3063449808332	6.7294087
46915	430.2965053131224	6.7413273
46851	436.3012487486648	6.7417116
47029	331.24780115881134	6.7482386
47028	348.27452616459874	6.748742
46958	499.3196385669204	6.750783
47065	546.3655926755513	6.7615366
46985	543.346252542199	6.7785373
47052	353.2298888338608	6.778659
47001	502.3057372469437	6.778684
46984	1016.62747148984	6.7795525
46981	1017.6298232624412	6.781528
46973	538.252931304822	6.782261
47006	520.3324355064639	6.7834587
46986	545.3609838931558	6.7875924
46999	1050.6794436885198	6.788227
47003	1065.5456832828586	6.7885575
46940	324.15109664889144	6.7905817
46987	999.6001075576606	6.7917542
47022	1022.584686883174	6.793616
47004	279.09333349508074	6.7979093
47021	464.28354891857214	6.798726
46988	1021.581526004132	6.7998543
47023	482.29401379159	6.800052
47092	177.0548158171526	6.8020387
47110	223.0966513294592	6.8025966
46960	301.0751497361938	6.8031197
47091	517.3315274206545	6.8041763
47020	519.3327805859604	6.8044434
47033	500.3044097075307	6.8066545
47030	522.2871043640553	6.807895
47156	376.2017689865692	6.8085895
46989	516.3743836304224	6.8114758
47041	1043.5643783145106	6.8125005
47048	544.2684996399308	6.818025
47175	228.19590704835284	6.8237457
47046	268.1883179084059	6.830182
46910	211.16931587517047	6.831728
47191	250.1777871606916	6.8384924
47200	273.2536652406548	6.8400383
47088	612.2559389027774	6.8553715
47072	648.4534563569878	6.8631935
47301	557.2978020291505	6.864727
46959	579.2793427002614	6.866482
47096	481.3642145685645	6.873973
47097	458.31422853016136	6.8769984
47105	446.3271936303306	6.8819194
47192	1051.6825765773167	6.934626
47352	464.3377683450688	6.9349766
47204	543.3462980872057	6.9396167
47189	246.2427749843307	6.9507823
47193	1022.5844564819596	6.9546385
47201	1017.6286441775763	6.957292
47212	293.1088491404228	6.966038
47223	631.3986270393557	6.9679418
47271	519.3328133650361	6.971887
47273	520.3327458743561	6.972693
47257	544.2685783036881	6.9732933
47221	1044.5636093542234	6.9738183
47300	427.2668048600398	6.9743824
47283	482.2940079411377	6.9781938
47244	1016.6270422940402	6.9792366
47398	560.4005888442506	6.980935
47118	905.4777884407408	6.981768
47217	1041.5627442561424	6.9824486
47449	888.4509486172171	6.984894
47225	1046.5165929722327	6.9849257
47227	1024.5355953930425	6.9850626
47286	502.3058316598264	6.985234
47310	606.2385613839714	6.9917445
47318	538.2530703302001	6.991888
47254	999.60031037251	6.9919066
47264	1021.5807231939827	6.992284
47316	545.3609037612828	6.995657
47259	209.15366236970044	6.996054
47359	238.15628465326245	6.9972515
47270	1065.545630220956	6.999929
47238	1054.5693994097264	6.9999633
47289	443.2405926428173	7.0027113
47308	464.2839474298911	7.003413
47278	1001.6028849759316	7.004939
47302	522.2875614653552	7.010367
47158	910.4320107005916	7.01324
47284	1050.6792420858656	7.0154586
47236	1043.563130323705	7.0173893
47235	450.3425873983778	7.0198894
47277	405.2846687302936	7.019943
47290	1038.6054048543924	7.0200257
47335	546.3648654079294	7.023228
47280	482.3686875587903	7.0236278
47339	468.3901328804145	7.024768
47281	422.3110011398573	7.0277796
47256	331.24761176080614	7.0289764
47178	387.2739504134256	7.0348787
47397	612.2559299806227	7.0525064
47367	296.2559036125352	7.054903
47288	500.3046882826331	7.0579224
47364	274.2739205763304	7.05826
47331	517.3315047007	7.063859
47392	1002.604972890844	7.0667424
47553	1022.5840816567564	7.078827
47477	544.2687100807885	7.083958
47423	1023.5833816048817	7.0858274
47506	520.332495282214	7.0882096
47500	519.3329895312763	7.0903263
47379	545.2901328778971	7.0955014
47419	917.5845387854572	7.097171
47548	543.34608430198	7.09781
47522	482.2940886922395	7.0990076
47486	1017.6284815168416	7.09914
47420	895.6033613916799	7.099223
47566	538.2529286189191	7.1010065
47546	545.3611312577076	7.101016
47518	1018.6297880230248	7.1031756
47508	1016.626788350141	7.1033025
47510	1050.678768627564	7.103326
47406	939.5666739881938	7.104136
47688	522.2876709095971	7.1054316
47503	999.5998087474812	7.106498
47538	1033.6557467146265	7.1069474
47447	590.4188195014453	7.107453
47528	1021.5812227566812	7.109163
47520	631.3996100909367	7.1095505
47535	1038.606518494103	7.1110606
47409	527.279539551643	7.1145983
47539	502.30569208822624	7.114876
47626	1044.5633988783402	7.115473
47544	464.2842278547576	7.115682
47429	912.6298557924624	7.1158156
47529	331.2473285570121	7.1241465
47521	230.2478580786941	7.128833
47445	554.240532881122	7.130891
47586	1065.5454867765866	7.135139
47577	493.27352021525513	7.154009
47611	940.5688470318836	7.1576767
47682	465.3330159320217	7.161487
47705	492.2705983250113	7.161729
47676	470.2881917205148	7.16243
47384	486.2607396638175	7.1635036
47662	430.29562227288426	7.1642303
47690	500.3048578950799	7.1655293
47653	465.4005746626921	7.16593
47436	468.3413144045037	7.166759
47732	604.4280488302918	7.1673517
47678	1043.562924492162	7.167346
47697	517.3316085766323	7.169486
47414	493.3639389862454	7.1695046
47826	491.3480990171828	7.169699
47788	560.2577608351272	7.169777
47640	939.5662873054504	7.1748652
47463	448.3063769375685	7.175754
47650	912.6294303274276	7.177566
47659	579.400394617017	7.182359
47726	544.2688279728161	7.18478
47794	895.6033971232973	7.1900506
47802	1102.1343361248485	7.191393
47790	1093.1193573234525	7.192019
47880	1093.6209054587432	7.192549
47648	1364.8848566698662	7.194079
47672	933.5537074352864	7.1950164
47665	917.585699882316	7.198288
47756	482.2942796764806	7.202915
47487	1085.1069284009718	7.206813
47757	999.6006164933063	7.230013
47638	546.3670916505346	7.232231
47848	428.31431773825	7.246531
47833	406.33218800747073	7.2482224
47795	939.5652427534768	7.251998
47735	365.2777940897657	7.2611527
47731	343.295646066715	7.2619886
47799	184.9859131251644	7.2685504
47827	912.6305563007415	7.271376
47854	648.4531853210592	7.352447
48036	209.15371538439103	7.3626184
48114	480.333339781493	7.4115486
47941	290.2688047686655	7.419325
47987	1305.8083867160171	7.4268484
47957	330.2274570979173	7.431758
47990	837.616538240143	7.4401193
47996	391.2835011244708	7.440188
47985	1242.8933642150964	7.44037
47986	1247.8488526835038	7.44037
48025	1248.8531591710623	7.44037
47975	1306.812494413786	7.44037
47989	897.5206574808313	7.44085
48015	848.6222675461513	7.442436
48037	1270.835008165492	7.4427576
47955	841.5688243708399	7.4429836
47997	817.5803641131706	7.443917
48005	839.5622033892123	7.443917
48109	497.3591541182541	7.444156
48012	838.6199084918503	7.444229
48000	540.3888722468669	7.44456
48004	834.6066731964474	7.4445496
48007	426.32147401191327	7.445292
48009	373.27359475460975	7.445528
48006	1269.8302866538963	7.445562
47972	1291.813081340472	7.446093
47992	948.6749523736502	7.446214
48008	440.3355779459865	7.446308
48003	429.32946109576665	7.4464417
48105	499.2639929368824	7.4466553
48011	493.2467404285056	7.447056
47967	452.3366228328136	7.448123
48024	431.2763475036722	7.448912
48010	548.3546436524533	7.4499764
47991	855.5341956441279	7.4516253
48115	502.3138392417272	7.452273
48001	521.2454267796988	7.452286
48016	355.2630610716592	7.454194
48031	306.26386126982175	7.4551105
47998	438.3210047563906	7.4586926
48054	442.3381930611872	7.4598722
48113	216.2322520417316	7.492677
48175	1024.536392374292	7.4965243
48077	761.5160858560155	7.5059123
48100	285.29020978969874	7.5108767
48161	407.3270628504264	7.512472
48153	390.3005992482308	7.5212884
48155	431.327184143034	7.5230365
48111	448.3063383347437	7.526463
48082	526.3749661724501	7.532975
47963	412.2832556730015	7.5341005
48091	692.4792333942512	7.5364075
48154	372.2901897718813	7.538912
48203	274.27388512386824	7.5497446
48164	801.5754035807923	7.5700364
48168	348.2743116538601	7.5758953
48173	369.20432428263376	7.579077
48166	353.229713657707	7.579136
48142	354.2330673753096	7.5807395
48176	311.18511506153936	7.5885916
48280	470.2881188858899	7.5896955
48183	331.24767902213824	7.591585
48196	313.2370155273809	7.593743
48191	375.2118006003284	7.5938025
48057	354.28490551613834	7.6269507
48099	328.21199599103386	7.6476707
48269	448.3063818896612	7.647988
48277	430.2957796893016	7.654785
48237	507.3436664988738	7.662299
48305	524.3704591366328	7.6652303
48325	529.3257388342021	7.6671143
48349	489.33311637881866	7.667544
48097	377.2698352570752	7.6822596
48088	736.5065333891712	7.685424
48319	486.36449296674647	7.693254
48395	556.3638433801987	7.769705
48385	780.5330880352944	7.8191557
48247	399.2832623866116	7.8237686
48294	398.3118279334229	7.8535643
48517	491.34878087729015	7.868816
48525	530.3909585200856	7.871516
48412	863.6423923781886	7.8858438
48440	842.5720510946934	7.8938212
48441	1270.8356962448124	7.9000397
48443	1292.8160477348931	7.900353
48579	290.2690814221708	7.901843
48492	855.5357719143977	7.9019427
48490	817.5815134886656	7.90412
48484	1242.8950780711102	7.905284
48473	897.5223655200202	7.9057665
48497	1269.8327017034185	7.9087634
48506	1243.8984135085177	7.9106655
48540	856.5389853140401	7.910712
48510	391.2840634687067	7.9127183
48482	839.5632196716875	7.9129515
48556	343.29575426321753	7.9132037
48458	408.3107128729919	7.914309
48523	1305.8096850414445	7.9145956
48513	1291.8158493075246	7.915157
48487	837.6180450640736	7.915694
48471	426.26078299984806	7.9201093
48481	429.3300082019997	7.9227743
48498	356.2661276634579	7.9265556
48539	761.5166297078208	7.9268904
48483	834.6081671310463	7.9361353
48543	421.2960426648009	7.944769
48474	862.637752884797	7.948892
48635	540.3889454398706	7.9561825
48650	431.27693369102406	7.958846
48640	355.2630261796147	7.960537
48645	499.2637611545273	7.9609175
48641	493.24685347237	7.9614058
48649	373.2738840736265	7.962076
48636	452.33665007999406	7.9677973
48667	454.3523479205732	7.970341
48740	426.3214781465544	7.9708858
48596	1292.8161405463457	7.9718904
48600	448.3061586493079	7.9778333
48671	897.5208356296605	7.9925194
48661	839.5631089075522	7.9968987
48617	1270.8355545959394	7.999232
48660	391.2838294895319	8.02561
48707	376.3055367136025	8.029498
48665	834.6078510531862	8.031539
48659	817.5809634305969	8.032267
48692	574.4163809872393	8.032607
48700	429.329730492679	8.033141
48701	356.2660715402832	8.033938
48658	272.2582095819404	8.039595
48646	862.6377110869197	8.039982
48705	353.2296512889646	8.040294
48588	354.23299320842824	8.040859
48697	841.5690563173602	8.044405
48704	356.2426807112636	8.046347
48691	855.5344345032295	8.049935
48653	443.340372526322	8.05005
48664	1242.8939241913754	8.051001
48684	837.6170717626418	8.05418
48670	442.3373313267591	8.057912
48713	484.38416803381415	8.057912
48738	443.3086809450283	8.058491
48657	443.8102507949762	8.058491
48708	311.18490127556976	8.060073
48703	1243.8968202253775	8.062786
48699	1269.830930159446	8.063671
48712	348.2740681563714	8.071005
48581	295.2264123561518	8.078667
48676	200.2371341490509	8.08518
48668	333.166719073293	8.090799
48721	465.33102830833656	8.093775
48727	448.30600431190527	8.097955
48685	505.40031162624496	8.102922
48732	440.3577569482045	8.110712
48633	470.2873711536036	8.134326
48757	314.24035866201007	8.138838
48625	313.236866198867	8.140353
48618	331.2474541650257	8.143326
48851	430.2964620162325	8.16174
48811	618.4424363727172	8.184886
48833	465.3218313400706	8.187262
48806	344.2091496687328	8.208969
48825	448.3055910556725	8.231447
48859	465.3315873045059	8.235983
48730	486.3639899668675	8.249505
48920	530.3085054794176	8.257785
48900	525.353830460249	8.258456
48864	487.335301531152	8.265124
48817	331.00203270499514	8.279119
48808	327.00799147111826	8.280401
48814	372.0659232431109	8.280401
48865	235.13279542501235	8.30138
48868	330.0084573936422	8.3048935
48969	346.0316130655517	8.316092
49501	344.03463502249247	8.319605
48966	348.99002998381377	8.3231125
48919	376.0599364440162	8.326627
48890	484.3846785285855	8.329777
48780	662.4691677097226	8.341815
48879	509.34897472745166	8.345424
48960	533.4067043177487	8.368199
48882	1140.6317795029888	8.368326
48848	1123.6049469996103	8.368709
49463	331.00192285846487	8.3714485
48922	556.2554969514111	8.37171
48866	1124.6080318703457	8.372381
49057	1145.5861578382555	8.372494
49035	1146.5895058153392	8.376682
48933	944.6018348678522	8.385083
49523	372.065969295521	8.38616
49409	655.276771349533	8.386255
49299	818.5632463045141	8.388259
49304	823.5399841682321	8.389318
48939	555.3891039196994	8.390446
48942	494.36564855432135	8.39203
49514	327.0080124541714	8.392084
49009	411.3951769546276	8.392965
48938	923.62256264274	8.393543
49297	767.5825047971446	8.393836
48861	530.3901916212453	8.394813
49083	449.3369747009052	8.395956
49289	797.0845411828822	8.397346
49053	437.19264430037873	8.398575
49335	796.5827801673233	8.399313
49021	937.5886275965232	8.399447
49059	432.2377710842024	8.400543
49116	419.2406571142876	8.400583
49130	435.2144147465386	8.400782
49924	272.2219412890654	8.404726
49001	495.2890259712398	8.40508
49184	312.21669482629204	8.405577
49085	900.637674775942	8.406723
49034	1370.930029631922	8.407024
49114	1371.9339281437258	8.407296
49344	749.570743218844	8.408545
49025	943.5977468865065	8.408887
49023	450.3207113010876	8.409048
49180	197.1537440815856	8.4110985
49982	916.6606607474256	8.42
49049	470.3550778527536	8.420047
49193	288.2532667854382	8.420368
49264	292.1906005202515	8.421038
49155	1349.951288345139	8.421593
49206	493.3633763718838	8.423877
50020	899.6342340262945	8.424703
49113	513.3006236290037	8.425988
49649	421.3177068770289	8.427233
49446	641.226727948203	8.428633
49274	518.2790151161881	8.428668
49722	393.2861136676501	8.428686
49567	551.2557919362904	8.429072
49351	376.25925195592527	8.429693
49105	786.0937970630176	8.429802
49124	414.2859315167569	8.43021
49476	619.2438681710476	8.430352
48909	581.4160338342693	8.430828
49258	483.2688296312143	8.431704
49271	1211.8617200039007	8.432164
49356	357.2789818216284	8.433032
49506	736.5169230506651	8.433047
49269	1348.94754750201	8.433138
49307	875.5622025318917	8.433566
49491	897.5446599608466	8.433848
50014	467.34812632146696	8.43449
49914	495.37876582274725	8.434616
49205	1210.8584219093675	8.4355955
49398	375.2897856547495	8.435912
49196	1026.7050934908352	8.436185
49424	214.2528075248156	8.4365425
49249	1026.204207730338	8.436665
49516	763.4567259791987	8.437193
49339	802.6186798314177	8.437414
49063	573.2393023863561	8.4375105
49327	1211.3613931413277	8.437469
49353	1177.88872753071	8.43848
49260	1221.8498419841294	8.438537
49418	258.2064789695144	8.4386835
49321	807.5738945458727	8.438643
49317	785.5921349992577	8.438786
49270	1178.8930459066582	8.439243
49337	993.2319764564892	8.439537
49279	1003.7205943871448	8.439812
49291	1222.8528132727868	8.439953
49301	1200.870898301848	8.43997
49115	494.2861512154197	8.440261
49354	1199.868548134374	8.440289
49302	981.7388128326992	8.4404545
49303	1004.2223564416164	8.440593
49553	272.2583458543923	8.440758
49357	982.2406638433964	8.440953
49330	1015.2133520733156	8.441888
49863	472.302902398334	8.443142
49172	488.2756241842539	8.44445
49387	392.3158797513985	8.447426
49343	575.3848932620583	8.44747
49316	432.3108517665223	8.449377
49452	921.6160468292344	8.453094
50135	414.2997903848956	8.453283
49522	470.2873838499831	8.455264
49469	605.3964801131384	8.456593
49488	280.1885998875039	8.457541
49392	235.11925286462576	8.459684
49422	466.33570754798143	8.460087
49550	465.3322972015687	8.461383
49259	574.4159418439767	8.461394
49744	937.58846895141	8.461358
49465	254.1612429508803	8.464887
49556	451.323731828749	8.468779
49908	450.3207864871625	8.470482
49692	923.6223217878378	8.476645
49655	524.3439781906794	8.477237
49802	499.32063810942486	8.47802
49618	634.4135457762367	8.47821
49775	943.5978128739256	8.47928
49865	496.38202962454	8.484919
49139	706.4948665414004	8.486337
49584	448.3050573859262	8.488864
49489	313.23690688064426	8.495731
49989	424.2460705002388	8.496746
49841	409.34267801754726	8.506936
49829	559.3413659301897	8.507384
49835	374.306054564403	8.510358
50181	464.3340443476568	8.510525
49782	568.3600177596393	8.5106535
49739	356.2950503866673	8.513377
49963	468.3520727292651	8.514
49789	551.3320054082149	8.520435
49794	536.3566953570172	8.52354
50194	551.0324576383083	8.536594
50075	461.49407277899047	8.539553
49880	566.0422841335884	8.544555
50191	592.3328633822827	8.545562
49927	565.707867701615	8.547296
50069	292.1901555767963	8.54951
49968	580.7171405379776	8.552294
49970	580.3830895124078	8.554665
50259	392.315685028837	8.557374
50024	595.0586146154152	8.559252
50229	595.3927375458226	8.559835
50092	610.0681998039449	8.563566
50102	624.7432340357072	8.56729
49461	609.7336587059385	8.567443
50138	418.2433550083147	8.56863
50126	639.4190310341987	8.5697155
50109	624.409303345215	8.570006
50136	639.0846609037264	8.570225
50122	654.094406141478	8.570381
50146	539.4054327611079	8.570712
50313	683.4454939347332	8.571512
50116	668.7695086556383	8.571522
50110	668.4354952025113	8.571882
50131	683.1109820452709	8.571905
50147	505.83522813400646	8.573045
50591	653.7599375299048	8.575611
50157	527.8484316179279	8.577331
50374	450.31876270423146	8.577358
50195	528.0990664920505	8.578312
50192	539.1057146825267	8.579226
50211	549.8614627335534	8.580071
50209	550.11246708125	8.581175
50223	561.1189682798763	8.581946
50495	670.3805257442157	8.583242
50214	572.1255394112453	8.583276
50461	358.2245659505184	8.587465
50553	231.1591252557576	8.610134
50161	410.3466589060072	8.618271
50165	648.4337361126674	8.620865
50683	253.14119208637968	8.6215925
50326	560.3813949616748	8.622342
50540	248.18569715623985	8.622917
50413	616.4624212661388	8.623079
50493	867.3707943011914	8.6230755
50292	582.3953975553385	8.626175
50368	501.3343031596296	8.631369
50268	604.4073472249881	8.631402
50218	581.4077698519937	8.63169
50244	670.4490567123629	8.632504
50727	413.26543246662106	8.635793
50522	497.33752493592	8.641743
50459	851.3963480156052	8.641892
50849	617.0697188769585	8.643859
50820	803.5410055307005	8.644243
51438	348.27402432200853	8.644906
50689	405.3011328981688	8.645345
50792	616.9029669561615	8.645464
50682	511.6792176560831	8.64581
50431	331.2476666585581	8.646453
50685	506.3842653747157	8.646481
50700	526.6884796843774	8.6465025
51292	481.252538405748	8.647261
50668	675.4387077245045	8.648503
50856	486.230304116908	8.648838
50570	526.3547544590696	8.648846
50844	1193.8199102349436	8.649031
50819	819.5133950068359	8.64958
50932	594.8899135173909	8.649618
50825	541.0302180766996	8.649799
50851	556.0393525607443	8.650215
51190	528.2721552554989	8.650383
50925	734.5013986121832	8.650491
50361	556.3720275116527	8.650742
50788	373.2735100134415	8.651147
50876	527.25548703365	8.651156
51132	427.3134196876207	8.651287
50808	704.5150150516367	8.651433
50833	355.2626410583437	8.6516
50904	568.2849051258969	8.651742
50899	555.7054579821177	8.651749
50862	570.7145929038394	8.6518955
50845	781.5607461809304	8.652303
50838	798.5870831690186	8.652898
50952	570.3811902058352	8.653005
51213	630.8123361803598	8.65308
50970	485.2867179731888	8.653576
50875	585.0550788399255	8.653753
50662	732.1451899600048	8.65398
50835	586.8873748153264	8.6539955
50806	659.1008434869282	8.654081
50938	600.0653577922745	8.654246
50908	575.8808029934795	8.654427
50995	614.7406833358718	8.654623
50751	717.4696737654194	8.654629
50988	599.7318838087324	8.6548195
52125	391.2837124807287	8.654944
51069	553.8670704182512	8.654963
50968	1011.5723890027776	8.654926
50996	313.23680567825625	8.655114
51251	501.3359338366225	8.655173
51083	989.5919798595936	8.655151
51024	614.4069581341153	8.655196
50577	517.327180369251	8.655645
51049	597.8937884737037	8.655642
51003	644.091707111903	8.655641
51021	509.3398279553641	8.655659
50811	541.3644961452286	8.655672
51050	543.3606811182449	8.655681
50969	520.5969164439057	8.655743
50915	585.3903361174126	8.655741
51088	504.3367719707802	8.655889
50886	688.1188448197978	8.655933
51105	468.2998390428684	8.656028
50951	564.6236582573865	8.656024
50864	702.7940011532914	8.656069
50911	673.4434526788301	8.656079
51010	531.6036336190897	8.656197
51134	792.5652512929163	8.656359
51092	967.6100456352268	8.656348
51058	506.2910045605048	8.656533
51052	629.0830637256296	8.656575
51043	629.4167355084728	8.6567135
51096	484.3089465569066	8.656767
50688	761.1639050318287	8.65715
51072	503.3370821985021	8.657198
51007	658.7675955875096	8.657199
50936	553.6168220984928	8.657212
51039	643.7588191899763	8.657215
50640	746.4874930858975	8.657215
50997	597.643915641426	8.657354
51029	658.4332367014488	8.657689
51055	587.3862499444623	8.658016
50931	731.8131424658851	8.658142
51103	486.30986388037655	8.658174
51093	630.6651441077486	8.658198
51036	542.3607364071261	8.658275
51149	579.2543402788339	8.658587
50873	717.1376868811642	8.658793
50744	696.2055879870481	8.658889
50940	702.4605401815079	8.658906
51101	531.3535486114426	8.658953
51041	673.1109200041121	8.65894
51051	687.7866634768448	8.658994
51117	766.5302678292823	8.658989
51047	1038.5548288969526	8.659069
51094	466.2980103995471	8.659473
50872	566.3812099451729	8.659647
51151	836.5926889444952	8.660232
51104	553.3677015443541	8.660454
51061	586.3875020396077	8.660577
51073	1021.5301965218736	8.6606655
50863	615.4066563444662	8.660807
50984	685.1994558272072	8.661089
50954	630.4160772730037	8.661479
51157	520.3463927900123	8.661506
50529	522.3780990895086	8.661562
50824	527.352670185709	8.661993
51171	620.2821449379919	8.662473
50990	674.192635054024	8.663307
50923	565.373508483615	8.663815
51030	609.3994551053764	8.664449
50953	663.1856550244521	8.664661
50618	736.4883560121572	8.664807
50422	564.374378669376	8.665665
51112	685.4487856260464	8.6659775
51239	606.3477288375776	8.666006
51156	1043.5089257902196	8.666075
51116	408.3096927752812	8.666311
50976	644.4241619708158	8.666552
51186	652.1798146912098	8.666989
51228	630.16658079952	8.668543
51187	597.3952477191356	8.668695
51249	449.3265340168757	8.669752
51138	716.47294183432	8.670259
51393	608.1536706384002	8.67042
51402	493.3527875994197	8.670586
51709	537.3791222785233	8.670586
51033	748.5409449319716	8.670586
50758	771.4853499771339	8.670586
51095	731.1478024903528	8.670934
51202	597.1470908096098	8.670982
50576	503.3118982062985	8.67128
51238	540.7030891953228	8.671556
51165	569.3795077881146	8.672294
51368	606.2157358779464	8.672548
51185	702.1322917526668	8.672623
51372	618.909869920997	8.673045
51245	672.7814636660434	8.673057
51145	701.797860820059	8.673087
51267	672.4466695560126	8.673137
51308	628.755117419699	8.673175
51339	553.120954069705	8.673213
51263	687.4565529190671	8.673208
51268	525.6931081740762	8.673226
51170	564.1275406703835	8.67324
51193	511.3528221598693	8.673248
51294	555.3785886940822	8.673447
51301	658.105927547244	8.673494
51261	599.4049234011505	8.673668
51278	614.0796097919128	8.67379
51230	657.4327705032264	8.6739025
51302	555.0437472524667	8.673965
51266	687.1218913758051	8.673965
51306	584.729056004444	8.6740265
51252	574.8835378955064	8.67426
51275	511.0181350589831	8.674582
51226	713.4827965958738	8.674647
51299	563.8769790798523	8.674683
51277	613.4059377117824	8.674746
51349	643.4306786658009	8.674835
51296	569.7193019554574	8.674967
51331	584.3946004291474	8.675048
51330	628.4207367270426	8.6751585
51169	544.3687723812325	8.675504
51335	657.7719753973821	8.675543
51281	540.3688848922852	8.6755905
51300	541.8638126088933	8.675922
51318	599.0698599302884	8.675925
51324	613.7454285391011	8.676074
51320	531.1077486896127	8.676248
51334	643.0959154127069	8.676243
51127	638.7499501289524	8.67681
51175	552.8699736819127	8.67727
51360	669.4579337698825	8.677453
51913	640.9229932022614	8.678491
51174	302.3048257947017	8.679384
50266	454.3733451579049	8.679384
51344	471.3397212983091	8.679384
50587	498.39965126614754	8.679384
51380	515.3659532741101	8.679384
51683	559.3919896533519	8.679384
50665	476.2629211456869	8.680574
51453	453.1671084054172	8.682026
51321	588.3934480805598	8.682131
54304	432.23778085942	8.682231
51459	415.2113150942602	8.682483
51066	458.2529869710175	8.6825905
51443	437.1930345539784	8.682614
50789	446.2531208786245	8.682838
50494	608.4019780657737	8.684332
52553	460.2689409432668	8.68466
51474	499.3201197066178	8.684806
51312	632.4204672586444	8.687252
51188	672.1107378808919	8.688362
51322	594.7242991816422	8.689277
51126	354.28455940384487	8.689545
50582	514.3588857921264	8.690016
51408	686.4511661435579	8.690843
51152	575.3826211168373	8.691664
50913	666.4379833527005	8.692666
51528	598.3972473570743	8.694842
50843	529.3650299867455	8.695333
51599	657.1016167307573	8.696315
52447	416.2143858666272	8.696465
52577	461.272340434072	8.696639
51189	627.7498544695301	8.698892
51512	651.4268141159976	8.69934
51541	642.759665566936	8.700365
51598	660.4323638417662	8.701053
51607	652.4296682590939	8.702132
52982	583.7233838893402	8.702219
51403	628.0835571159809	8.702363
51698	780.5136759491738	8.703906
51336	578.3870712210891	8.703941
51703	406.33141099758	8.704771
51579	607.4004541371186	8.704945
52209	671.7768929075335	8.708031
51510	710.7166573449338	8.70892
51974	569.0481214226961	8.7090435
51797	611.3678685465286	8.709593
51759	580.7848027650765	8.710183
51265	556.3742075046616	8.71042
51734	645.422035363758	8.711535
51672	612.4064399732896	8.713621
51670	677.6970921953164	8.713859
51729	563.3744462086762	8.714219
51724	601.3970748033626	8.71429
52089	616.4068950380738	8.716439
51747	666.6904077372417	8.717813
51778	623.1622364921673	8.71829
51771	655.6842967852159	8.718451
51791	634.1686820461268	8.718474
51635	244.2632196288548	8.718845
51765	612.1555480456378	8.719856
51678	633.9217552465251	8.719923
51798	601.1488790988358	8.720572
51716	677.9505906706469	8.7206135
51817	568.3794206436784	8.720891
51535	766.1691074889814	8.721005
51810	611.9075977170321	8.721423
51769	644.6779318303077	8.72152
51622	751.4928541411639	8.72191
51813	590.1412653379233	8.722152
51801	579.1349706107068	8.722525
51788	589.8933117069787	8.722625
51119	600.4017313015786	8.723564
51848	568.1281640646904	8.723762
51826	736.4870013486329	8.723767
51825	600.9000599567293	8.723834
51854	578.8865994636121	8.723864
51606	765.8370631643368	8.723869
51744	751.1622423738013	8.723968
51822	567.8794543062897	8.724117
51682	736.8178461564252	8.724478
51895	535.3611864354294	8.724519
51865	557.1215013246623	8.724758
51883	556.8722937081527	8.725537
51733	722.1421920048427	8.725531
51871	546.1143212510369	8.725836
51861	707.4659751344271	8.72633
51837	545.8652007721944	8.726383
51880	535.1077702170429	8.726456
51894	534.8580980350042	8.726967
51878	721.8110201964402	8.727259
52348	564.3759326671209	8.727587
51955	692.4574689966319	8.727733
51885	692.7913464635087	8.727819
51891	707.1354326126298	8.728025
51866	623.4137023641758	8.728122
51997	640.4644586076499	8.728131
50419	588.430993624271	8.728184
52083	696.4570735494913	8.728467
51901	288.2531021984639	8.728562
51616	897.5885082593696	8.728732
51992	372.2431143069349	8.72922
51915	678.115347572611	8.729207
52120	578.3912262042804	8.729434
51959	663.4383485685657	8.729478
51870	663.7735362234129	8.729771
51956	677.7837529931194	8.730086
51962	663.1071654351333	8.730321
51993	592.8896392037353	8.730474
51775	853.5615949565564	8.730505
51966	590.3943653621911	8.730561
51975	648.7639820363324	8.730708
51923	649.0979739547466	8.730757
51973	648.4311679610578	8.731119
51953	809.5348655364071	8.731332
51904	589.6464265463884	8.73161
51994	634.0883382499596	8.731702
52016	575.3855166535781	8.731776
51930	620.3639446017969	8.732018
52164	706.4714189062204	8.732204
52013	619.4115587071873	8.732271
51887	621.366318085352	8.732465
52012	633.7553846696387	8.7325945
51980	605.0712963109199	8.733261
52028	619.0797407848371	8.733277
51796	571.1271350100284	8.733448
52034	604.736980184567	8.7336855
52035	765.5065440363888	8.733743
51985	706.8053984836846	8.733924
51466	604.4036401136534	8.734286
52059	692.1303497959769	8.734355
52038	590.0620675082771	8.734735
51743	831.5497617178337	8.734755
51755	787.5242230213196	8.735635
52062	589.7284241522672	8.735661
52122	596.3966624779896	8.735956
52113	691.7963865074806	8.736305
52052	560.7109623180181	8.736375
52066	721.4798221188875	8.736654
52075	662.7790217040467	8.737023
52091	575.0531778585063	8.737288
52092	655.4399682408144	8.737736
52173	426.2613038658537	8.73804
52107	677.4515737686678	8.73807
52661	337.10415996380294	8.738138
52499	560.3765618393845	8.738206
52111	545.7023888529409	8.73843
52103	531.0270764104529	8.739597
51763	874.5818544360523	8.739975
52079	501.675665653586	8.740257
52134	611.4117118413488	8.740253
51748	691.1268752408455	8.740411
52087	640.4228688841797	8.740513
52567	648.1030291099751	8.740747
51816	696.7895515411085	8.740804
52938	622.4164422897203	8.740884
52137	647.7697578328604	8.740909
52191	589.398495018995	8.741242
51804	809.0446504633229	8.741343
52063	808.5420443780259	8.741837
52144	633.4243326312458	8.741903
52168	662.4447749387812	8.743093
52138	633.0934501169467	8.743215
52156	765.0191611922405	8.743234
52180	560.0505245614311	8.743545
52153	567.3857431804244	8.743682
53537	603.7421641653914	8.744401
51898	516.3499072254044	8.744437
52157	637.7533315089814	8.744447
52093	786.530169522421	8.744652
52128	618.4167139685464	8.744702
52176	589.0673896416461	8.744725
52185	684.4496403502714	8.744791
52237	559.7156214081688	8.745439
52223	623.0782407527023	8.745457
52070	720.4875775899295	8.745713
52246	545.0402496934113	8.745967
53630	545.3722211218146	8.746053
52244	720.9927474121943	8.746188
52218	530.3640083073508	8.746391
52179	574.3898632376412	8.747282
52178	593.7269271406861	8.747334
51374	408.3315134387959	8.747446
51494	413.2863521726532	8.747446
52527	414.2899755712493	8.747446
52227	435.3098052324776	8.747446
53632	753.4755820081589	8.747446
52020	523.3599776035355	8.747609
52242	742.5040135327713	8.7482815
52221	579.0521417257671	8.748818
52377	698.9797538263663	8.750438
52086	270.3152486251745	8.751372
52266	698.4786398190582	8.752179
52258	549.7007696185483	8.752214
52278	626.4834986616215	8.752272
51964	632.7589229900126	8.753192
52302	535.0256551836499	8.753203
52190	617.7487367672943	8.7532215
52341	676.9667875060071	8.753586
52204	632.4356073217123	8.754087
52068	676.459905440364	8.754668
52388	505.67437267287136	8.754723
52342	447.2822222359652	8.754835
52154	618.0831472951384	8.755294
52610	588.4138258764623	8.756334
52444	654.4525263450511	8.756657
52053	209.1533891464588	8.75705
52241	228.2683482544161	8.75705
52391	559.0454889457066	8.757541
52428	513.321138184451	8.758083
53568	603.4071839364215	8.758127
52409	544.7037851656706	8.75818
52360	469.29558260959584	8.758796
52370	705.4678577995421	8.758775
52488	530.0282565754922	8.759998
52355	588.731256767906	8.76028
52374	315.22767767528615	8.760935
52399	491.3076612358117	8.761212
52435	661.4422579373083	8.761328
52338	574.0553509642297	8.76155
50584	573.3902270092532	8.762109
52380	573.7212302669459	8.762208
52526	486.3183260771619	8.762432
52417	529.363937771488	8.762544
52500	617.416296872411	8.762643
52597	587.4056259967379	8.764789
52556	507.3508186541185	8.766544
52664	529.6939443226889	8.766986
52528	412.30799553682505	8.767366
52604	434.3215490879936	8.767366
52636	456.3341907346712	8.767366
52646	478.3477718274225	8.767366
52631	500.3604050865928	8.767366
52621	544.3869711177094	8.767366
52618	566.4003204228322	8.767366
52642	718.5305432675127	8.767366
52692	762.5571509006215	8.767366
52672	806.5832383685243	8.767366
52354	727.4817862341073	8.767379
52540	485.3373692392332	8.767525
52511	630.478244722307	8.767761
52509	463.324326367309	8.767911
52398	513.3273633646378	8.76927
52625	464.3371308708706	8.770056
52594	551.376587290061	8.771221
53441	580.3849266728757	8.773955
52250	785.5185238160376	8.774861
52632	683.455281161149	8.776873
52649	522.3741390480232	8.778078
50754	542.4258784219157	8.778078
52446	586.4520448043197	8.778078
50596	674.5045218311147	8.778078
52630	850.609327283455	8.778078
52662	987.6630687879132	8.779202
53440	561.373283701021	8.780686
53468	579.38404374885	8.781403
52644	595.402396929692	8.781883
53442	601.3643176415693	8.782188
52725	615.6571105615204	8.782648
52897	593.3952339318772	8.786072
52715	600.1563401399216	8.78651
52768	639.4285443599713	8.789163
53149	829.5508159519234	8.789281
52892	582.637490166676	8.789519
52877	323.1591678554991	8.7896805
52873	339.1335293048056	8.790518
52699	599.9058394985811	8.790737
52911	571.3808482470963	8.791608
52575	491.3463417338248	8.792389
53092	637.4241236568455	8.793406
52894	391.1464545249608	8.793653
52942	560.6242443052314	8.794028
52707	589.1496164612371	8.795463
52739	558.3796923731176	8.795679
52871	623.3301833090453	8.796023
52207	622.1689958484045	8.796115
52935	549.6177553762185	8.796219
52734	633.1756834924886	8.796892
52999	712.4718438941625	8.797132
52836	712.1370441564746	8.797244
53021	538.3595074142175	8.797667
53018	697.4633795536405	8.797669
52947	538.6111545007984	8.797975
53000	500.2777897247414	8.798206
52813	527.3541388030029	8.798576
53011	527.6044399729126	8.799862
53118	453.1676691650621	8.801136
52962	682.4517529831666	8.80143
53094	505.3412573811018	8.802075
53004	682.7860554296296	8.802577
53168	343.3318094750699	8.804132
53023	668.1107880224712	8.804221
53080	667.7763103160001	8.8045845
53077	668.445242993957	8.804768
52860	601.3463051342561	8.805014
52849	254.16109364702217	8.80536
52987	653.4361143923053	8.806256
53105	653.101550334538	8.807051
53164	638.7595087660062	8.808643
53152	638.4250645199074	8.808969
53695	325.20068652046155	8.80955
53206	624.0840287391577	8.810531
53181	624.4190309158555	8.811133
53223	623.7498645506992	8.811289
52952	496.2409187867111	8.811474
52548	823.5455573504468	8.812856
53241	609.0739285218749	8.813084
53167	609.4093679225788	8.813363
53177	415.2113750686728	8.813611
53985	748.5211621778348	8.813602
53232	474.2596363801538	8.8138485
53267	594.7334979170929	8.814757
53260	594.3985530142637	8.815112
53269	452.2771012467891	8.815448
53301	579.7235677369108	8.816819
53291	580.3935289598119	8.816922
53290	580.0582197204602	8.816961
53792	851.3967217821584	8.817238
53233	552.2019907380486	8.818338
53009	816.5426183446162	8.818371
53253	304.2996133528524	8.819069
53313	565.3828414498597	8.819157
53343	807.5747444310198	8.819317
53353	565.048277467533	8.819378
53085	581.3882390431146	8.819611
53326	550.3720307536579	8.819934
53208	305.30298109848417	8.820064
53282	574.1838333297706	8.82045
53363	550.7073119764327	8.821409
53304	802.6180885561909	8.821447
53217	1177.884111584947	8.821411
53220	524.3944577210349	8.821507
53605	785.5917787102485	8.821862
53394	437.1931932667479	8.8219595
53243	1199.866421441218	8.821897
52968	787.5982142158789	8.821952
53272	440.3361830294655	8.82254
53476	536.3684884273567	8.82256
53611	375.28899985641993	8.822586
53106	772.5165815391568	8.822584
53362	409.28073133485714	8.822691
53397	535.6974536065619	8.822873
53380	536.03196827241	8.822995
53321	392.2543357823656	8.823215
53420	281.1380078044499	8.823522
53351	357.2783171829976	8.823536
53406	839.5102617745124	8.823491
52974	865.5318988140344	8.824072
53228	488.2457602745475	8.824745
53413	392.31570865573485	8.8251095
53435	521.0220227999718	8.825165
53322	728.4907113626947	8.825296
53374	521.3567687434082	8.82532
53438	506.3457404477474	8.825331
53426	410.3255923684376	8.826367
53045	483.2689410492495	8.827027
53546	468.3895381948445	8.828148
53621	574.3940934420679	8.8285
53681	530.3680219131747	8.828982
53624	618.419674455115	8.829711
53459	415.2808449354074	8.829934
53680	1127.7151000110034	8.830644
53720	823.5460558560101	8.831121
53194	258.2789559312664	8.832766
53527	684.4650893945523	8.833146
53642	708.4869530990892	8.833948
54309	500.3603074280168	8.834444
54057	494.3241712182236	8.8360815
53561	640.4377052860328	8.836579
53636	512.4158661966277	8.837571
53655	515.3510102098016	8.839388
53754	556.4421626930057	8.841776
53608	371.3630928525967	8.842214
53623	596.4109855627238	8.843161
53640	330.2015773892951	8.845025
53717	681.1185175389152	8.845818
53507	537.3616212327515	8.848889
53850	486.34444995320285	8.8506365
53932	529.27239977457	8.851059
53721	325.32138450386594	8.852175
53592	294.2636789570233	8.852195
52629	558.4208907888507	8.853407
53801	608.1544255805093	8.8553
53753	597.1474283654536	8.856917
53796	332.18318749411446	8.858074
53427	704.4754026919326	8.858266
53793	586.3934245063954	8.858948
53762	732.5480640768769	8.859442
53816	341.243528649139	8.860067
53869	575.1353122646224	8.860052
53593	660.4495702574616	8.861201
51760	338.2896167989162	8.86314
54037	343.2593623106287	8.863495
53898	575.3869908584777	8.863591
53707	572.3999456023423	8.86372
53580	616.4241535869245	8.864262
53853	564.1280965038985	8.866637
53918	930.6419280629748	8.867073
54005	518.2144082915399	8.869095
53858	913.61481411568	8.869316
53980	553.1215244066681	8.869591
53895	541.8645916112068	8.870124
53819	327.2282209559677	8.870222
53839	716.4706587510756	8.870643
53925	542.1152446669133	8.870718
54292	478.3508195658399	8.872283
53868	702.4642787607398	8.872389
54152	712.5217994320434	8.87239
54214	456.3073503517365	8.873692
53892	299.2577252463493	8.874068
53894	317.26827878175	8.874068
53886	334.29472907289585	8.874068
52803	382.316016134131	8.874068
53967	420.30544212844006	8.874068
52856	426.3422106773448	8.874068
53926	442.31834520454	8.874068
52358	514.3947656054577	8.874068
53988	602.4468104738285	8.874068
53497	646.4728997902822	8.874068
54032	690.4994007522694	8.874068
53795	734.525141027131	8.874068
54012	778.5515159526794	8.874068
54040	520.101827890619	8.874558
53485	815.6994819565722	8.876148
53937	531.108814858865	8.876885
53921	687.4582273414777	8.876963
53958	687.1236754052117	8.877113
53827	223.9884401274228	8.877441
53993	506.3849985157878	8.878546
53976	365.2413451291882	8.878775
54119	672.4457742559001	8.880255
54065	672.7826119620591	8.880641
54118	658.1071922824898	8.882712
54092	657.7728307288301	8.882996
54171	557.3957988135141	8.883789
54093	643.4323498831684	8.885276
54089	440.2771633947273	8.885507
54157	643.0968379650992	8.885904
53824	364.1858124883441	8.8871355
54133	894.6104346923797	8.887313
54213	628.4209836600485	8.888345
54003	911.6034151272262	8.888932
54190	628.7561699037108	8.889089
54219	614.0809249206886	8.891395
54222	613.7465860663191	8.891426
54193	324.25095282560267	8.891459
54842	666.7776011822165	8.892023
54209	302.26878688040784	8.892113
54438	435.3293458729283	8.892958
54240	320.22208172672515	8.894719
54262	599.0703130762114	8.8951025
54317	921.5642976209558	8.895123
54225	599.4062363955778	8.89568
54341	416.3160926800652	8.896751
54308	584.3953539947184	8.89717
54280	584.7301224745254	8.897725
54315	889.6266753875974	8.8977375
54334	457.34155414040737	8.897898
54891	608.0768871313044	8.897993
54339	437.3345149363428	8.898218
54338	570.2987195233788	8.898576
54418	434.3260689827128	8.898818
53609	425.1346270869493	8.899942
54359	867.6447670461972	8.900179
54257	478.29071682906255	8.900542
54407	477.368176663174	8.900575
54348	298.3465577993051	8.901018
54350	451.3529596163425	8.901061
54167	562.3525657907392	8.901372
54333	570.0547863318297	8.90141
54345	569.7203099532588	8.901647
54803	452.35599507871126	8.901993
54252	565.4208448734236	8.902127
53315	398.1737465331926	8.90233
55303	316.19347061843496	8.90281
54396	555.0448439139708	8.904526
54370	555.3797530107204	8.904838
54531	449.3358801699313	8.905058
54393	540.7039213445734	8.908103
54676	494.3586323151184	8.908629
54469	479.38364637160174	8.909181
54442	525.6940378525775	8.910487
54449	526.0285423842001	8.911284
54402	225.1485271144172	8.911489
54422	541.372042133653	8.911714
54551	698.5414188190301	8.911832
54421	540.3694506249566	8.911967
54472	511.01876214384953	8.913414
54476	511.3537717671523	8.913579
54473	750.8318463275133	8.91502
54537	865.629219607835	8.918879
54461	695.7928215571452	8.921844
54231	713.4856946417434	8.921952
54630	416.2427894251632	8.923408
54656	589.6455720593209	8.9242115
54644	578.6390825952744	8.924681
54379	931.578552482394	8.9253025
54602	402.35771835361385	8.925599
54658	578.3898139042625	8.925848
54563	669.4595954698299	8.928868
54670	433.3142233090466	8.929137
54673	567.3827655368862	8.92949
54626	438.27049874073447	8.929655
54635	432.3106565189633	8.929764
54601	272.2217886241045	8.929945
54669	567.6325008294544	8.930493
54684	356.1851903673446	8.9326315
54672	556.3764546459458	8.933135
55091	648.4066727080518	8.933258
54760	622.4163785778693	8.934812
54695	556.6257980254255	8.93573
54735	706.4709460567012	8.936097
54667	721.4816678598544	8.936337
54722	545.619299681502	8.937667
54748	652.1018287972718	8.938401
54723	706.8055327663056	8.938911
54712	637.0925329890043	8.940528
54739	534.6125157651087	8.94114
54879	651.7677232972903	8.941759
54793	691.7961334264921	8.9427
54791	692.1302129856546	8.942825
55463	734.5407386020055	8.9429245
54750	534.3626986740908	8.943462
54892	622.7509058646314	8.943893
54790	523.3558848836067	8.946576
54821	677.4543742095265	8.947055
54804	677.1202591481191	8.947403
54816	663.1134926412049	8.94866
54852	607.7416594247711	8.948955
54833	662.7788902993799	8.949775
54814	662.4444199962537	8.9501
54854	647.7694068319946	8.952244
54867	648.1036137883748	8.9526415
54823	496.3842939157004	8.953972
54812	540.4109047447641	8.953972
54828	584.4371680235934	8.953972
54897	633.4278979112274	8.955372
54881	633.0937658945842	8.955845
54890	423.1569194619109	8.957232
54920	618.7526692370752	8.958561
55025	425.28805625760725	8.959653
54699	510.2570940303276	8.961652
54894	618.4184082523561	8.961674
54956	603.7429256358669	8.962165
55013	604.0779033444643	8.962735
55171	631.3809226379449	8.963609
54901	407.1827433387651	8.965058
54957	430.2587409408949	8.965329
55015	402.2273268973318	8.96538
54926	566.3804958436153	8.965501
54924	385.20079133883615	8.965557
55017	308.221147041981	8.96612
54997	589.4006817476037	8.966675
54998	403.3056449921295	8.96678
54978	589.0674044223197	8.966879
54986	251.127504279672	8.967093
54903	588.2000112866169	8.967456
55040	420.3326503280534	8.968548
55035	574.726448676914	8.970197
54942	488.2751901450626	8.972224
54991	325.1430790872941	8.972809
55053	471.339947998687	8.972809
54902	574.3920868948647	8.973793
55117	498.2560161393212	8.973999
55079	428.37366023686354	8.974044
55083	545.3726113774645	8.974047
55058	559.716617563553	8.974281
55066	560.0515306649985	8.974455
55110	466.29283736616367	8.976643
55146	545.0412209629843	8.978168
55129	542.3249731930704	8.978886
55160	199.12590165976192	8.979352
55127	427.3136950480998	8.982477
55016	681.4519127612792	8.982468
54872	681.2010386964674	8.984183
55229	284.3313478085463	8.9847145
54796	872.9059420104041	8.985542
55104	670.1945012999448	8.987038
55050	476.2753827956485	8.987243
55224	786.4346685552966	8.989306
55130	659.438987093762	8.990184
55162	659.1880450579267	8.990496
55158	648.4347480447475	8.990884
55304	528.4106160422939	8.991061
55212	704.5154079259346	8.991579
55163	792.5673323683609	8.991579
55195	647.9305487880192	8.993023
55205	648.1813031668314	8.993918
55223	637.1746496181565	8.996077
55210	636.9239293301017	8.996153
55232	637.4258633447276	8.997645
54970	829.2139777229172	8.998367
55048	372.3466666430858	8.9987
55264	626.4191733260581	8.998871
55255	626.168119881977	8.999099
55246	625.9172717782275	8.999217
55286	615.4121796512073	9.002429
55126	813.8698314630176	9.002507
55281	614.9107427577925	9.002666
55278	615.1615087401011	9.002676
55184	814.2039399663003	9.002961
55297	603.9040960278902	9.00562
55299	604.1547933930925	9.00589
55280	604.4061782695378	9.006123
55176	799.8629734603045	9.006349
55241	799.5289738892991	9.006465
55320	587.365998619322	9.006751
55335	352.30518693475096	9.009026
55259	396.3317609397193	9.009026
55069	440.3579286808032	9.009026
55018	484.3843337435141	9.009026
55282	572.4367096088249	9.009026
55269	616.4627338787714	9.009026
55238	660.4888298314194	9.009026
55322	593.1483194344058	9.009052
55333	592.8975431916464	9.009648
55285	784.8532807285918	9.00989
55336	414.22708349485816	9.011703
55430	353.3520888431798	9.012411
55352	582.1417412567597	9.012823
55353	581.8909350897301	9.012993
55331	770.1777807565252	9.013474
55356	543.3399612091793	9.014892
55368	571.1352897684685	9.016244
55374	571.3860294128212	9.016319
55369	570.8843756245303	9.0166645
55362	755.502350202874	9.017219
55367	755.1678501661617	9.017474
55376	326.37768449347595	9.019726
55398	559.877845041547	9.020127
55386	740.826843570039	9.020401
55252	560.3794328190417	9.021176
55393	741.1609764072592	9.021398
55394	560.1286083195508	9.022137
55395	740.4928675082357	9.022296
55416	548.8712967256859	9.024009
55220	549.3729752338837	9.0241165
55409	725.8169036203881	9.024229
55414	549.1220719167219	9.024314
55412	726.1512821915491	9.0247135
55447	537.8647646951543	9.027588
55439	538.1155589716935	9.027628
55370	1057.6950667979934	9.027985
55441	711.1415115675065	9.028238
55446	711.475995161092	9.02858
55388	1058.196956442164	9.028578
55480	527.1090112545738	9.030824
55413	399.2502413479712	9.030937
55484	526.8582360838293	9.03093
55467	696.4661024646742	9.031182
55470	696.8005249151569	9.0314
55468	697.1348436146791	9.031561
55418	1035.6823804000378	9.032035
55505	642.425149388363	9.033698
55514	516.1024864158412	9.033731
55520	515.8517073874633	9.03377
55497	681.7906501011926	9.034953
55501	682.1250983722483	9.03531
55472	1014.170802246507	9.035726
55525	516.3533947022062	9.036262
55524	667.1152939005267	9.038818
55526	667.4497011029835	9.038826
55509	992.1580691320374	9.03897
55499	991.6560747096852	9.039532
55451	607.6560207412424	9.040593
55549	652.7743273870069	9.042545
55177	652.4399375787802	9.042647
55557	970.1445970128768	9.043386
55535	969.6431587870508	9.043856
55561	664.4908190695105	9.044132
55582	598.3985199477856	9.044198
55581	637.7645570385058	9.046881
55583	638.0990183531345	9.046885
55572	947.6301230546902	9.047471
55569	948.131611284885	9.0475025
55616	583.7228743845635	9.047554
55615	623.0892100306035	9.050333
55576	926.1187112528238	9.050382
55619	623.4235735113808	9.050488
55645	569.0475567372561	9.050896
55597	925.6169964314688	9.051116
56212	676.4405210818655	9.052117
55608	376.320683443419	9.05265
55663	434.3225099095595	9.053375
55968	454.2924043376972	9.054211
55649	608.4137670578572	9.054328
55659	608.7482181329985	9.054378
55676	554.3723048650451	9.054648
55646	904.1056452564536	9.054667
55644	903.6039359705989	9.054921
55689	593.7384951230609	9.058102
55702	539.696754034154	9.058161
55694	594.0729081247529	9.058278
55685	882.0925433188896	9.0583315
55673	594.7414500801516	9.05854
55687	881.5910596889593	9.058863
55714	579.0631073441416	9.062268
55732	525.0213443271342	9.0623255
55715	579.3975051160212	9.0624695
55713	860.079266300946	9.062725
55739	525.356080545029	9.062829
55710	859.5777737361707	9.0630665
55756	510.3457846829692	9.065668
55708	282.2787225483063	9.066058
55677	300.2892654464948	9.066058
55720	762.5566065285468	9.066058
55743	564.7222056460606	9.066649
55746	564.3875675843094	9.066716
55731	838.0662525073371	9.066697
55730	837.5644794872542	9.067173
55944	815.699206290643	9.067193
55785	550.0468486280457	9.071044
55781	734.4885506187532	9.0712185
55790	549.712372565677	9.071251
55799	816.0530913909267	9.071427
55801	550.3811757653809	9.07162
55776	815.5517081703666	9.071673
55814	712.4767159707097	9.073457
55774	674.5042031657171	9.074083
55757	718.5302645989991	9.074083
55813	668.4508854105395	9.074099
55817	535.3713860177846	9.075681
55633	371.1623656032166	9.0758095
55808	793.5383384449543	9.076007
55818	535.0370840179838	9.076043
55820	794.0399540448383	9.076099
55341	502.2900621358639	9.077737
55836	690.4616126030318	9.078983
55851	520.696127112387	9.080038
55854	520.3616469083225	9.0803995
55841	771.5254073349374	9.080475
55843	586.4520388832558	9.082885
55810	630.4780224468934	9.082885
55877	506.0207769202325	9.083987
55875	505.68637224382894	9.08406
55863	749.5123014778324	9.084736
55844	624.4247134927484	9.085597
55869	646.4367543055173	9.086355
55909	491.0107704930536	9.087688
55910	491.34499255734977	9.087858
55890	430.3885490220741	9.08862
55667	480.3077590824549	9.089265
55904	727.499328049117	9.089266
55903	624.925086192437	9.090504
55916	454.37343661758	9.0906315
55889	498.3996971112816	9.0906315
55870	542.4260428301637	9.0906315
55920	705.4855547797036	9.093399
55908	602.4105917201257	9.094489
55872	580.3982606171678	9.096021
55956	199.12578225451435	9.096699
55926	673.6979945165828	9.096789
56093	476.3354662404933	9.097382
55949	683.4730242602151	9.097833
55987	691.4622105622092	9.098492
56099	366.320945228005	9.10167
56025	410.34724609337934	9.10167
55966	661.4599915260276	9.10253
55955	558.3847200087673	9.102931
55960	651.6846432417462	9.10297
55969	640.6783218594962	9.105006
55986	651.4339116221329	9.105782
55993	536.3717514833937	9.106028
55992	639.4470397808835	9.106949
55996	629.6716484023074	9.107111
56005	618.6651165000878	9.109471
55997	629.4213062733999	9.110368
55977	514.3582905774828	9.110659
56034	617.9355658466392	9.111792
56014	617.4338238668424	9.111913
56022	618.9145866850401	9.113685
56031	607.4078134776105	9.114081
56030	492.3450746872279	9.1144285
56036	607.6585360794866	9.114766
55945	804.1999150751623	9.11598
56055	596.6520511351248	9.1166725
56094	595.9224844727465	9.116696
56048	595.4209424723902	9.117003
56072	596.3997253392195	9.11924
56078	585.6455597784286	9.119275
56082	585.3947507249343	9.119669
56011	789.524707613845	9.120554
56074	573.4076983111046	9.121488
56073	618.4134742114346	9.122376
56098	574.6390093661124	9.122444
55984	1130.7420963973086	9.122473
56075	774.8494755219889	9.124064
55973	1131.2436505011192	9.125243
56114	563.6323772432401	9.125319
56116	563.3816572134491	9.125651
56102	551.3948507155139	9.126771
56092	760.5083956372071	9.1267605
56095	760.173997577514	9.126806
56125	574.3870203055864	9.126974
56135	552.6258996072163	9.1289425
56061	790.5515049925209	9.128977
55606	1108.7287599759943	9.128949
56121	745.498348236767	9.12946
56111	403.24798221711865	9.129663
56122	745.1641058358385	9.130038
56152	552.373922427478	9.13054
56138	529.3815868731253	9.130906
56065	746.5251219375299	9.132196
56158	541.6194259297714	9.132388
56157	541.3685470481149	9.132774
56146	730.8230875260953	9.132865
56145	730.4884224192381	9.133296
56064	1086.715425329847	9.134505
56170	702.4994726476144	9.135583
56166	715.813311104464	9.135627
56168	716.1475893551199	9.135679
56189	530.6127957240652	9.136234
56172	507.3686040798357	9.136312
56197	658.4748842411313	9.136518
56188	701.137786247278	9.138632
56191	701.4721777996967	9.138668
56106	1064.702702526467	9.13914
56180	588.7291330098271	9.139399
56300	600.1539769004347	9.139402
56193	588.3954516947211	9.140129
56204	614.4483087921186	9.1401615
56203	485.3556855728912	9.140688
56224	530.3606766721446	9.141339
56210	686.4623769493355	9.141348
56215	686.796849422161	9.141609
56293	589.1476814744732	9.141784
56213	570.4215369081506	9.142322
56226	526.3947503639615	9.144022
56013	1043.191891177131	9.144031
56232	672.1214386765378	9.144605
56234	671.7870344152944	9.144801
56185	1042.689610567095	9.145177
56219	482.3683876659237	9.145292
56222	438.34214420611744	9.145865
56239	463.342398677224	9.1460705
56220	1020.6771366518236	9.1474285
56245	657.1116214122558	9.147742
56249	657.4461507684731	9.14824
55763	999.1654252025216	9.151425
56271	642.4361600953109	9.151502
56240	998.6633286645624	9.151637
56276	642.7707468467539	9.151718
56279	643.1051019610167	9.152175
56277	864.6250908801363	9.153171
55748	977.1525133060244	9.155274
56304	627.7609604506229	9.155321
55760	976.6505697114578	9.15557
56308	628.0953280742594	9.155623
56295	955.1391863229532	9.158744
56312	954.6371619674336	9.158928
56327	613.4200023036932	9.15926
56330	613.0855482100096	9.15975
56321	741.4962498391546	9.1603985
56323	932.6244877722016	9.161716
56331	933.1261473202168	9.161779
56461	705.8076653096758	9.162082
56364	732.545630023977	9.162233
56332	776.5716247380827	9.162233
56316	820.59778703134	9.162233
56347	750.1692228584983	9.162854
56350	598.7446162482725	9.163715
56430	720.8174752501978	9.164007
56348	599.0789070593545	9.1641
56352	598.4102016510168	9.164172
56354	719.483213754351	9.164769
56353	911.1131141283504	9.165476
56349	910.610618373677	9.166363
56419	720.4856874147949	9.166527
56451	556.1293585015624	9.167699
56455	545.1224111339702	9.168259
56379	697.4701948898681	9.168693
56388	583.7348614355915	9.168847
56377	889.0999415539734	9.168852
56391	584.0692559103695	9.168966
56385	888.5983068282852	9.169356
56417	378.2843504026885	9.171507
56409	675.4573270511404	9.172474
56015	867.0867985334902	9.172942
56432	569.3939282260735	9.173052
56363	1094.2242091649982	9.173037
56434	721.1526175955804	9.173116
56433	569.0594560080381	9.173288
56420	359.29389812547146	9.173436
56405	866.5843535007601	9.173822
56459	653.4440528559375	9.176295
56457	844.5721784412502	9.17639
56486	845.0739209531112	9.176445
56466	554.3841549649014	9.177551
56467	555.0528535231314	9.177729
56469	554.7185875241015	9.177989
56403	688.5195595551193	9.178943
56035	823.0606856442904	9.180057
56485	631.4308588490969	9.180384
56494	539.7088021170765	9.181575
56497	540.0432752433071	9.182013
56454	822.5577454706727	9.181999
56511	801.047577282395	9.182825
56505	800.5461262436097	9.183461
56506	609.4178589645447	9.183646
56473	600.4673478122227	9.184905
56438	644.493401623587	9.184905
56509	1027.6838692755932	9.184876
56488	706.1431721669531	9.185264
56526	525.3678606037159	9.185905
56527	525.0334644596221	9.186075
56692	676.4591889053657	9.186545
56514	587.404725247704	9.187283
56581	779.0346950321076	9.187863
56510	778.5314520289265	9.189174
56583	691.4676517848643	9.18944
56559	510.3581731242277	9.189848
56566	510.6924466759089	9.190264
56548	565.3920156507517	9.190607
56568	757.0215240776081	9.190767
56551	756.5199238246134	9.19084
56499	556.4413095721495	9.192205
56580	543.3787820069304	9.1936655
56593	495.6824435223319	9.1943035
56666	588.4066273736917	9.194401
56613	735.0085053403636	9.195285
56565	734.5055631875983	9.19646
56596	521.3657123282178	9.196855
56541	468.3889695308669	9.198322
56516	512.4152254408563	9.198322
56630	712.9952764861503	9.199025
56600	712.4936912635234	9.199297
56570	424.362918471104	9.199449
56575	662.1170354384228	9.199431
56615	499.35265007880577	9.200741
56576	661.7828216007483	9.200846
56691	544.3812309779385	9.201346
56629	477.3396891680867	9.203346
56621	690.4799054328446	9.203802
56587	691.133755238261	9.204961
56650	668.4675277103643	9.2074375
56763	632.4331182799923	9.207628
56542	892.6188776156378	9.207772
56646	848.5925904236402	9.209201
56632	961.6444386735736	9.210319
56624	647.4420855633716	9.210584
56667	646.4544009890687	9.210897
56633	603.4159687024758	9.211505
56656	804.5669055529233	9.211741
56640	939.6312616114062	9.212915
56686	624.441477926649	9.214296
56628	618.0912466722677	9.214597
56679	760.5413778369646	9.214797
56674	319.28384889891174	9.217691
56618	336.3102004863031	9.217691
56612	363.30964069368616	9.217691
56592	380.3364535175593	9.217691
56657	716.5166186619706	9.21794
56712	602.4284068404442	9.218549
56664	672.491234968257	9.2211075
56710	408.33136091522704	9.221759
56727	580.4153507157426	9.222227
56698	452.3590439753253	9.222467
56681	628.4654644793172	9.22291
56722	496.3839590119194	9.223108
56719	540.4107747849403	9.223126
56694	584.4375774495455	9.22332
56668	917.6183776972764	9.223795
56792	470.3502961633957	9.224177
56669	603.0817073209322	9.22521
56683	896.1069367032552	9.226665
56742	558.4024987890726	9.226891
56682	574.065351481857	9.227287
56818	878.6401064299339	9.227576
56680	588.7407974266615	9.22775
56704	559.0555140400264	9.230573
56693	573.7308387434016	9.230936
56756	536.3894332805738	9.230943
56702	874.0937634471682	9.230989
56696	647.1079668948677	9.231773
56684	895.6055305710776	9.233346
56767	514.3765010183602	9.234128
56777	492.3632442766919	9.235361
56790	922.6663578212288	9.23606
56720	676.7931320346623	9.236102
56752	966.6923613454892	9.239428
56723	851.579441290703	9.241674
56716	873.5925514226446	9.242047
56731	940.13362178419	9.244718
56538	1006.1725394516972	9.249085
56746	918.1208244917482	9.251458
56851	746.5610146617155	9.254652
56861	702.5352289413302	9.255839
56840	790.5876208198715	9.255839
56820	682.4653176618332	9.262379
56974	422.3469716571058	9.263755
56876	658.5089478567697	9.264048
56859	660.4530241253219	9.26664
56867	638.438445621409	9.270307
56914	526.4305306633123	9.272257
56903	570.456773484558	9.273306
56892	614.4829139320382	9.273306
56880	616.427523910835	9.274014
56891	572.4002328985392	9.280268
56981	466.3734696039739	9.281878
56904	550.386042602078	9.282692
56908	528.3755767376401	9.284909
56894	506.3601422192819	9.287259
56937	484.34834337535466	9.289198
56841	906.6344771161343	9.2943535
56963	730.5291723376306	9.294661
56927	774.5566678137685	9.295979
56983	686.5045522045855	9.29659
56994	510.3996581693016	9.296752
56992	642.4780404196456	9.297623
56997	554.4254231849724	9.298588
56999	598.4516493385499	9.299241
56995	217.0142779528381	9.307555
57275	512.414802932258	9.307669
56735	515.030064118869	9.3216305
56967	529.705446594763	9.3226
56721	544.7152744656277	9.32292
57190	848.6298484097518	9.324756
57052	720.8196909897213	9.325743
57065	530.0399255093574	9.32713
57071	544.3793785227102	9.3286915
56806	742.0164975832874	9.330648
57089	653.4625963534697	9.330963
57096	675.4759572987242	9.330975
57093	697.4888248171306	9.331057
57092	719.5019093955087	9.331083
57077	697.9904069132201	9.331533
57099	631.4498823929679	9.331968
56741	763.5281321097641	9.331975
57100	741.515121423206	9.333199
57044	691.4688653859695	9.3332815
57102	609.4364867242513	9.3334
56772	785.5413370712597	9.333423
57106	587.4238531449474	9.333627
56744	786.0427691149133	9.334346
56755	807.5542776281551	9.334486
57108	559.3908447871981	9.335261
57113	565.4101620337601	9.335431
56751	808.0559709454088	9.3355665
57122	543.3975733179356	9.336134
57063	706.1441891866231	9.336857
56750	830.0690920225901	9.337408
57137	720.0035278048964	9.33749
56743	829.5676645122447	9.33795
57126	521.3841826240513	9.338248
57143	764.0297314370225	9.340248
57147	499.3710462327055	9.340446
57156	477.3580220332784	9.341148
57188	892.6560628808165	9.341523
56873	852.0822354460611	9.341712
56988	1146.3260807115855	9.341821
57019	1148.3248557886404	9.341821
57182	936.682241124646	9.345039
57164	588.4060710707874	9.346736
57197	804.6043731462369	9.346876
57072	676.4615362955049	9.346942
57128	573.7318226123095	9.353595
56766	617.7578676638842	9.353821
57107	559.0564167604894	9.354211
57335	851.5806250068807	9.354553
57218	716.5510415302349	9.3547535
57208	760.5771761002928	9.3547535
57130	574.0662004122718	9.356722
57173	588.7415857760886	9.3583765
57144	603.0825469878647	9.36073
57294	874.0954847037917	9.360841
57525	873.5939992840321	9.360916
57199	603.4169605048772	9.363435
57307	391.3411047046059	9.364012
56773	632.7678196799202	9.365592
57401	895.6068356087001	9.366609
57482	510.4358542983727	9.36715
57331	896.1085488117682	9.367541
57269	496.42011536744064	9.367835
57309	524.4513879709579	9.367835
57264	540.446377637111	9.367835
57285	545.401708395899	9.367835
57248	584.4724266793672	9.367835
57231	628.4985120282447	9.367835
57234	630.5047805399206	9.368196
57226	672.524820337387	9.368196
57230	618.0924817197268	9.371128
57169	589.0759868124908	9.372226
57140	1221.3445486679288	9.373199
57333	432.38322626636926	9.373914
57138	918.121571313104	9.3740015
57078	1220.344186776574	9.374117
57526	917.6201719016346	9.377276
57318	939.6329555242922	9.379919
57283	940.1349439950482	9.380102
57444	374.3033978058687	9.381536
57297	501.37529717407256	9.383465
57391	518.3685456117297	9.38505
57135	632.4333123621716	9.385338
57658	1148.3250864185816	9.38667
57159	961.646396354335	9.386904
57195	1222.343238007455	9.38982
57473	962.1479950432038	9.39184
57453	257.0321245010558	9.391926
57142	647.1089168763235	9.394333
57062	300.2893123000896	9.395669
57246	647.443423837998	9.398863
57299	457.34920250138873	9.399217
57119	984.1613481837234	9.399366
57220	906.2594958588708	9.402475
57296	326.3050460704794	9.406085
57563	983.6591021361102	9.406818
57189	662.1188944809941	9.409069
57677	1146.3255021630564	9.409095
57179	661.7844312335046	9.412684
57499	352.3205245260557	9.415261
57613	409.18347292024816	9.416677
57599	283.04787555283764	9.417062
57360	369.2969230466132	9.418178
57324	413.3232579682215	9.418178
57545	457.28705253368753	9.418215
57542	474.3120020762906	9.418827
57635	660.4680828561225	9.418994
57786	588.4070488239612	9.420033
57796	559.3917101099789	9.426361
57772	515.0306535630007	9.427471
57806	544.3810199761664	9.429022
57788	529.7060157331289	9.429085
57129	676.7943033492145	9.430095
57802	530.0403424652816	9.430485
57821	544.7158296494707	9.433718
57544	672.4641428676653	9.443672
57992	684.2023768765627	9.444717
57074	691.135446719098	9.4548235
57800	422.3842186334201	9.46401
57914	906.2597861036896	9.465485
57850	674.4834573400742	9.465991
57598	466.41026063379127	9.4669485
57971	163.0978463937653	9.467881
57919	556.4431036458379	9.468035
57825	679.4391056599032	9.468115
58615	676.4604572776992	9.473077
57944	310.3105132554638	9.475391
58703	512.4164155461121	9.48161
57730	468.3893530924217	9.483722
59532	512.504032410563	9.485699
57842	924.2698027594296	9.489594
58409	918.1225827277184	9.491979
57956	458.3999488934901	9.493458
58455	939.6345058997592	9.495721
57797	705.8108288910992	9.496868
58777	962.1486317600747	9.502183
59060	691.469922826881	9.503785
58999	940.1358430673872	9.506862
58095	688.4992520436427	9.508666
58065	693.4549231950919	9.50911
58031	706.1455586896769	9.516527
57695	735.4956513837432	9.519004
57994	378.3577207061275	9.524575
58473	502.3445303695633	9.525634
57704	735.1615289031922	9.527659
58603	714.558620680533	9.5322075
58177	391.2842304454469	9.534308
58702	1006.1747026348232	9.534306
58433	459.3025397842805	9.536565
58951	559.3918303131603	9.537906
58754	297.28988429092493	9.538061
58730	1005.672788443027	9.540382
58322	473.318149436818	9.541159
58316	495.2994208919025	9.542058
58329	518.3759432194589	9.542102
58788	647.1092316677242	9.542725
58347	490.3443757261822	9.544895
58429	554.4633076228235	9.545909
58067	720.8208058667192	9.547437
58450	510.43654799328056	9.549069
58442	598.4898324577986	9.5504
58445	466.41011947325234	9.551083
58457	422.3839995574565	9.551652
58967	588.4077226831959	9.554727
58853	632.7683214726495	9.555547
58475	686.5419802327308	9.5557785
58446	642.5162484852017	9.555896
58949	588.7421329294309	9.556722
58696	720.4871119063087	9.557876
58972	662.1191372644389	9.558935
58946	574.0664978709555	9.56055
58926	632.4341249525381	9.561049
58466	730.5678977539363	9.561972
58430	476.32930981362233	9.563212
58513	338.34151077991385	9.564193
58477	356.35226410484324	9.564193
59000	676.7945094937772	9.565497
58418	354.336715825251	9.569922
59089	573.7324081203025	9.57066
59008	603.0831911379037	9.571391
59026	603.4177979024573	9.571568
58675	298.3106753386956	9.575123
58787	283.04791652622987	9.577572
58612	436.3998193550166	9.584328
57678	324.3261738869238	9.589051
58740	624.469582835127	9.592858
59165	618.0930960385514	9.593539
59203	676.46055168298	9.593685
59127	368.425754841483	9.59389
59214	617.7586588312179	9.597979
59285	661.7849223124504	9.60183
59279	691.1358674753885	9.605955
59183	705.8111315964718	9.608554
58771	392.373616019182	9.612424
58981	581.4494039818121	9.623342
59164	908.237808826551	9.63785
59197	545.1240256245268	9.640122
59493	1006.175061490222	9.641145
58917	735.496168661472	9.641178
59123	419.3159669848657	9.657643
59247	376.3191127296097	9.657736
59335	720.4868045435272	9.658285
59538	706.1457970591721	9.666716
59177	735.161984684416	9.667874
59419	848.2719555813233	9.672159
59749	540.5361369770897	9.673307
59729	691.4703772225852	9.673873
59364	512.4172293329057	9.674494
58936	336.32749806782203	9.678343
59291	354.3367204574489	9.679039
59403	846.5859806417229	9.688527
59407	824.6042773887854	9.690043
59362	450.4162750733504	9.699728
59397	431.1795539710606	9.701851
59764	720.8210998421918	9.706076
59783	438.3792469085239	9.7228775
59683	364.35833549525984	9.728019
59860	338.34181315414486	9.72949
59654	847.6203763646237	9.733731
59655	869.6022880652695	9.734802
60104	310.3106574587566	9.791689
59815	980.278880051336	9.807175
59991	284.29520084834644	9.826861
60015	312.32646371252844	9.833853
59886	744.5938593566306	9.844323
60050	564.4304131699014	9.863292
60235	894.6934565095289	9.888286
60263	1274.4520810398014	9.888471
60249	887.5913755330233	9.888646
60258	1284.941372130762	9.888671
60211	849.6357381753401	9.889478
60216	871.6177080705363	9.890497
60502	906.2596079839656	9.891766
60281	1273.94927188829	9.892863
60383	744.5932200547147	9.906761
60024	1073.3081256707765	9.942041
60577	288.289859725855	9.993369
60536	999.2896322880648	10.003355
60775	284.29486129779144	10.043315
60809	366.37317940355433	10.072671
60978	1057.2763416017913	10.225718
60880	740.6400046040305	10.236198
60958	163.09796416608637	10.239285
61075	520.4362132525192	10.257685
61004	832.2397099609904	10.287805
61064	312.32652589746283	10.291225
60915	531.4084040596649	10.31024
61189	996.3086501975516	10.313757
61289	758.2208598788479	10.322771
61482	832.2403115381645	10.468183
61346	174.09019840051957	10.479834
61404	922.2899940382212	10.494778
61422	563.4671469218271	10.5088
61408	580.494333829049	10.508939
61407	585.4489932890175	10.524893
61472	982.2561714963056	10.529868
61634	706.4955284875915	10.562896
61793	202.10877682871467	10.626655
61604	161.08236033888775	10.630623
61637	980.2782733835528	10.646556
61626	663.4536715072389	10.651199
61619	680.4804374563665	10.651199
61651	1342.9275023889395	10.651199
61850	906.2595967644698	10.718904
61592	338.3418008764373	10.729225
61944	199.12607955959712	10.755638
61955	153.1385755333732	10.755716
62062	764.8466933819499	10.762075
62147	449.156540279229	10.769175
62232	600.1576763017554	10.771049
62089	705.8114594097863	10.771119
62088	371.1631722673458	10.772285
62067	357.1474778214931	10.7726755
62122	647.1097727614746	10.772692
62078	691.1359898763358	10.773257
62012	697.3555703972175	10.773551
62233	589.150631366805	10.7740345
62091	662.1196683644201	10.77425
62117	490.1324690453034	10.775602
62020	719.3372099232199	10.775639
62126	476.1178550257964	10.775933
62203	463.1713325113377	10.7771
62278	556.1312052249931	10.777405
62357	504.19898603689376	10.781312
62194	765.3630926307502	10.781301
62396	488.22552153670586	10.782159
62313	508.1945807729154	10.782159
62207	642.4377498867465	10.786008
62398	194.97502495026865	10.787441
62487	190.9792046978033	10.787577
62417	192.97622864728305	10.789328
62492	480.3087035772856	10.791764
62158	526.4319308378559	10.794933
62668	254.16109436429733	10.86756
62661	175.11916711927125	10.868159
62800	235.11905432509133	10.882906
62680	162.1124895835457	10.895156
