CLUSTERID1	CLUSTERID2	ComponentIndex	Cosine	DeltaMZ
3671	7441	1	0.9357	-0.000
5434	7441	1	0.9784	-0.000
5939	7441	1	0.9752	-0.000
7441	9527	1	0.9866	-0.000
3671	8779	1	0.8971	-0.984
5370	8779	1	0.9678	-0.000
5434	8779	1	0.887	-0.984
5541	8779	1	0.8833	1.003
6044	8779	1	0.9196	-18.011
7133	8779	1	0.8862	45.058
7384	8779	1	0.9687	0.000
8685	8779	1	0.9015	-18.010
3671	5370	1	0.8975	-0.984
5370	6044	1	0.9221	18.010
5370	7133	1	0.9033	-45.058
5370	7384	1	0.982	-0.000
5370	7560	1	0.8837	18.010
5370	8080	1	0.8872	-45.058
5370	8685	1	0.9059	18.010
3671	4987	1	0.8828	17.026
4987	5434	1	0.8909	-17.026
4987	9527	1	0.8858	-17.027
3671	5434	1	0.97	-0.000
3671	5939	1	0.9282	-0.000
3671	6044	1	0.9188	17.026
3671	7384	1	0.9221	-0.985
3671	8685	1	0.8989	17.026
3671	9527	1	0.9525	-0.000
7384	12760	1	0.8893	-16.032
11682	12760	1	0.945	240.158
7133	8080	1	0.9599	0.000
7384	8080	1	0.8846	-45.058
6044	7560	1	0.9276	-0.000
7384	7560	1	0.9138	18.010
7560	8685	1	0.9323	-0.000
7560	9527	1	0.8864	-17.026
5541	8737	1	0.9654	-0.000
7389	8737	1	0.9738	0.000
5434	7384	1	0.8954	-0.984
6044	7384	1	0.9535	-18.011
7133	7384	1	0.907	45.058
7384	8685	1	0.9442	18.010
5434	8685	1	0.8895	17.026
6044	8685	1	0.9729	-0.000
5434	5939	1	0.9785	0.000
5434	6044	1	0.8996	17.026
5434	9527	1	0.988	-0.000
5541	7389	1	0.9662	-0.000
6044	9527	1	0.8928	-17.026
5939	9527	1	0.9817	-0.000
1633	2634	2	0.9139	-42.047
2062	2634	2	0.944	-16.031
2634	3635	2	0.9481	16.031
2634	4607	2	0.9905	-0.000
2634	5371	2	0.9859	0.000
2634	7408	2	0.97	-0.000
2634	8529	2	0.9848	-0.000
2634	8865	2	0.963	-33.985
2634	10657	2	0.9395	-0.000
2634	11426	2	0.9241	-33.984
2715	8157	2	0.9194	-14.016
4338	8157	2	0.8882	42.009
4723	8157	2	0.9788	-0.000
4854	8157	2	0.9084	-14.016
5342	8157	2	0.98	0.000
5673	8157	2	0.8937	42.010
6699	8157	2	0.8966	-14.016
8157	9882	2	0.9679	-0.000
2062	11426	2	0.8921	-50.016
4607	11426	2	0.9286	-33.984
5371	11426	2	0.929	-33.985
7408	11426	2	0.926	-33.984
8529	11426	2	0.9203	-33.984
8865	11426	2	0.9479	0.000
10657	11426	2	0.8893	-33.984
2715	4854	2	0.9943	0.000
4723	4854	2	0.9113	14.016
4854	5342	2	0.9264	-14.016
4854	6699	2	0.9752	-0.000
4854	9882	2	0.9278	-14.016
4854	13343	2	0.8968	-42.047
4854	13923	2	0.8828	-56.062
2062	10657	2	0.9283	-16.032
3635	10657	2	0.9344	-16.032
4607	10657	2	0.9357	-0.000
5371	10657	2	0.9463	-0.000
7408	10657	2	0.9573	-0.000
8514	10657	2	0.9155	-0.014
8529	10657	2	0.9489	-0.000
8865	10657	2	0.9175	33.984
4338	4723	2	0.8932	42.009
4338	5342	2	0.9018	42.009
4338	5673	2	0.9457	-0.001
4338	9882	2	0.9031	42.009
1282	1414	2	0.9632	-0.046
4723	5673	2	0.8944	-42.010
5342	5673	2	0.8955	-42.010
5673	9882	2	0.8977	42.010
1282	1521	2	0.8838	-1.004
1282	2062	2	0.9268	0.000
1282	3635	2	0.9095	0.000
2715	13923	2	0.8942	-56.062
9882	13923	2	0.8914	-42.047
13343	13923	2	0.9817	-14.015
13923	15535	2	0.9931	-0.000
1633	5371	2	0.9213	-42.046
2062	5371	2	0.9494	-16.031
3635	5371	2	0.9485	-16.031
4607	5371	2	0.9847	0.000
5371	7408	2	0.9819	-0.000
5371	8529	2	0.9883	-0.000
5371	8865	2	0.9577	-33.985
2062	8865	2	0.9254	-50.016
3635	8865	2	0.9186	-50.016
4607	8865	2	0.9648	-33.984
7408	8865	2	0.9451	-33.984
8529	8865	2	0.9562	-33.984
2715	4723	2	0.9225	-14.015
2715	5342	2	0.9373	-14.016
2715	6699	2	0.9795	-0.000
2715	9882	2	0.9356	-14.016
2715	13343	2	0.9023	-42.047
2715	15535	2	0.8852	-56.063
4723	9882	2	0.976	-0.000
5342	9882	2	0.9891	-0.000
6699	9882	2	0.9121	-14.016
9882	13343	2	0.9189	-28.031
1633	7408	2	0.9176	-42.047
2062	7408	2	0.9426	-16.032
3635	7408	2	0.9384	-16.032
4607	7408	2	0.9705	-0.000
7408	8529	2	0.9831	0.000
4723	13343	2	0.8875	-28.032
5342	13343	2	0.9074	-28.032
13343	15535	2	0.9866	-14.015
2062	3635	2	0.9862	0.000
3635	4607	2	0.9469	-16.032
3635	8529	2	0.9486	-16.032
3635	15535	2	0.8903	23.974
1633	4607	2	0.9162	-42.047
2062	4607	2	0.9449	-16.031
4607	8529	2	0.9811	0.000
1633	8529	2	0.914	-42.047
2062	8529	2	0.9492	-16.031
4723	6699	2	0.9028	14.015
5342	6699	2	0.91	14.016
2286	4723	2	0.8815	15.995
4723	5342	2	0.9833	-0.000
2286	5000	2	0.9661	-0.000
1235	1918	3	0.8703	21.982
1244	4918	3	0.9344	0.928
1890	4918	3	0.9404	-21.054
2920	4918	3	0.8685	-14.016
4463	4918	3	0.9687	-21.055
4918	4928	3	0.982	-21.054
4918	5053	3	0.9673	21.054
4918	6891	3	0.9802	-0.000
4928	6891	3	0.9664	21.054
1784	1973	3	0.9535	0.999
1918	1973	3	0.9494	0.992
1973	2920	3	0.9132	-6.035
1301	2920	3	0.883	3.995
1784	2920	3	0.9638	-5.035
1918	2920	3	0.9502	-5.043
2920	4463	3	0.8632	7.039
2920	5053	3	0.861	7.039
2920	6891	3	0.8604	-14.016
1244	6891	3	0.9412	0.927
1890	6891	3	0.9357	-21.055
4463	6891	3	0.9663	-21.055
5053	6891	3	0.9672	-21.055
1784	1918	3	0.9763	0.007
1244	4463	3	0.9463	21.982
1482	4463	3	0.9263	51.029
1890	4463	3	0.9499	0.000
4463	5053	3	0.9988	-0.000
1244	5053	3	0.9478	21.982
1482	5053	3	0.927	51.029
1890	5053	3	0.95	0.000
1482	1890	3	0.8826	51.028
1244	1890	3	0.9465	21.982
4597	6541	5	0.8422	165.079
4383	4688	5	0.8856	0.483
4688	6541	5	0.9291	0.000
3532	4383	5	0.8915	-0.000
16985	18607	6	0.907	-0.004
32923	38293	7	0.9431	-0.503
32978	38293	7	0.9335	16.523
33195	38293	7	0.9464	8.514
36342	38293	7	0.9365	17.026
36533	38293	7	0.9184	0.001
36765	38293	7	0.9523	16.525
37988	38293	7	0.9187	715.880
38047	38293	7	0.9233	8.513
38293	38603	7	0.9496	-732.906
38293	38709	7	0.9371	-16.524
39124	39142	7	0.9137	-756.900
39133	39142	7	0.9325	34.054
39142	39155	7	0.9127	-17.028
39142	42904	7	0.9357	756.900
39142	42943	7	0.9372	748.386
39142	42949	7	0.9151	-0.001
39142	42970	7	0.9425	-34.056
39142	42993	7	0.9459	-17.028
39142	43373	7	0.9445	765.413
32923	36533	7	0.9356	-0.503
36342	36533	7	0.9328	17.025
36533	36712	7	0.8769	-732.906
39133	42970	7	0.9032	-0.002
39155	42970	7	0.9033	-17.028
39161	42970	7	0.8989	-799.470
39184	42970	7	0.8997	-782.441
41990	42970	7	0.9003	-782.943
42943	42970	7	0.8981	-782.442
42949	42970	7	0.928	-34.054
42970	42993	7	0.8999	17.027
42970	43373	7	0.9388	799.469
32923	38603	7	0.9465	-733.409
32978	38603	7	0.9405	-716.383
33195	38603	7	0.9231	-724.392
36342	38603	7	0.9188	-715.881
36765	38603	7	0.9306	-716.382
37988	38603	7	0.9	-17.026
38047	38603	7	0.9023	-724.394
38603	38709	7	0.9383	716.382
38603	38731	7	0.9157	733.408
41990	42949	7	0.9531	-748.888
42781	42949	7	0.9496	-765.415
42904	42949	7	0.8712	-756.901
42943	42949	7	0.8868	-748.388
42949	43373	7	0.9225	765.415
36342	37988	7	0.9063	-698.855
36712	37988	7	0.9265	17.026
36765	37988	7	0.9166	-699.356
37988	38047	7	0.9504	707.368
37988	38731	7	0.9036	716.382
39155	43373	7	0.8739	782.441
39161	43373	7	0.8732	-0.001
41990	43373	7	0.8767	16.526
42781	43373	7	0.9231	0.000
42904	43373	7	0.8935	8.513
42943	43373	7	0.8983	17.027
42993	43373	7	0.8725	782.441
32924	36712	7	0.9235	-724.895
36712	38047	7	0.9513	724.394
36712	38731	7	0.8992	733.408
36712	42993	7	0.8763	-99.068
32923	33195	7	0.9286	-9.017
32924	33195	7	0.9194	-0.503
32978	33195	7	0.9113	8.009
33195	36342	7	0.92	-8.511
33195	36765	7	0.9173	-8.010
33195	38047	7	0.9228	0.002
33195	38709	7	0.936	-8.010
33195	38731	7	0.9202	9.016
39161	41990	7	0.872	-16.527
39184	41990	7	0.8674	0.501
41990	42781	7	0.9503	16.526
41990	42943	7	0.9181	-0.500
39124	39184	7	0.931	-8.514
39133	39184	7	0.9188	782.439
39155	39184	7	0.9073	765.414
39161	39184	7	0.9273	-17.028
39184	42993	7	0.8908	-765.414
32923	38709	7	0.9231	-17.027
32924	38709	7	0.9248	-8.512
32978	38709	7	0.9283	-0.001
36342	38709	7	0.9152	0.502
36765	38709	7	0.9369	0.001
38047	38709	7	0.9205	-8.012
38709	38731	7	0.9376	17.026
39124	39133	7	0.9675	-790.954
39133	39155	7	0.9222	17.026
39133	39161	7	0.8937	799.468
39133	42904	7	0.9374	790.954
39133	42943	7	0.9067	782.440
39133	42993	7	0.9655	17.025
32923	32978	7	0.917	-17.026
32923	36342	7	0.965	-17.528
32923	36765	7	0.9552	-17.027
32923	38047	7	0.9192	-9.015
32923	38731	7	0.934	-0.001
39124	42943	7	0.8846	-8.514
39161	42943	7	0.8998	-17.027
42904	42943	7	0.9169	-8.513
42943	42993	7	0.9017	-765.415
39124	42904	7	0.9159	-0.000
39155	42904	7	0.8844	773.928
42904	42993	7	0.936	-773.928
32978	36342	7	0.9144	-0.502
32978	38731	7	0.9111	17.025
32924	38047	7	0.9161	-0.501
36765	38047	7	0.9298	8.012
38047	38731	7	0.9325	9.014
32924	36342	7	0.9099	-9.014
32924	36765	7	0.9271	-8.513
39124	39161	7	0.8944	8.514
39155	39161	7	0.9102	782.442
39124	39155	7	0.9476	-773.928
39124	42993	7	0.9385	-773.928
36342	36765	7	0.9159	0.501
36765	38731	7	0.9441	17.026
39155	42993	7	0.9116	-0.000
21153	24128	8	0.9357	-0.001
21153	25020	8	0.9143	-0.001
24128	25020	8	0.9689	0.000
20950	25020	8	0.8645	400.755
40994	41856	9	0.9183	-8.513
15562	17294	10	0.8552	-99.067
16060	17294	10	0.9591	-0.002
17294	18037	10	0.9767	0.001
17294	22333	10	0.8806	-113.087
15562	15969	10	0.8797	31.968
15969	16497	10	0.9771	0.055
15562	16497	10	0.8802	32.023
15562	16060	10	0.8505	-99.065
16060	18037	10	0.9628	-0.002
16060	22333	10	0.8601	-113.090
13029	13702	10	0.8785	49.980
13702	14317	10	0.9543	-63.995
13029	14317	10	0.9646	-14.015
14317	15562	10	0.9048	-33.985
18037	22333	10	0.8907	-113.088
13029	15562	10	0.8771	-47.999
16256	18037	10	0.8599	-0.982
15562	18037	10	0.856	-99.067
18208	19378	13	0.894	-2.051
18208	20167	13	0.9311	83.038
18208	20233	13	0.9575	0.000
18208	27483	13	0.9231	-14.016
12930	18208	13	0.9226	-111.034
17612	18208	13	0.9184	2.051
7322	12930	13	0.9178	14.975
8371	12930	13	0.9048	14.975
10242	12930	13	0.9137	14.976
12930	13290	13	0.8634	42.047
12930	13545	13	0.9103	-14.975
12930	17612	13	0.9231	-113.084
12930	19378	13	0.9283	-113.085
12930	20167	13	0.8976	-27.996
12930	20233	13	0.9196	-111.033
28505	30350	13	0.9768	-0.001
29980	30350	13	0.8854	-0.001
15031	30350	13	0.9359	0.955
13290	13572	13	0.8606	-26.016
13572	24617	13	0.8623	-76.032
25109	28505	13	0.8669	-0.003
24617	27172	13	0.9508	-0.000
27777	30801	13	0.9546	-682.357
7322	27777	13	0.8796	-241.096
8090	27777	13	0.8654	-12.948
8371	27777	13	0.8729	-241.096
10242	27777	13	0.8694	-241.095
13545	27777	13	0.8793	-241.096
15031	27777	13	0.8606	86.994
15031	28505	13	0.9449	0.956
4672	13545	13	0.9582	-0.000
7322	13545	13	0.9874	-0.000
8090	13545	13	0.9388	228.148
8371	13545	13	0.9819	0.000
10242	13545	13	0.9808	0.001
13545	13960	13	0.8863	-111.031
17612	19378	13	0.9474	-0.001
10242	11571	13	0.8772	-55.006
4672	8371	13	0.9443	-0.000
7322	8371	13	0.9803	-0.000
8090	8371	13	0.9347	228.148
8371	10242	13	0.9738	-0.001
8371	13960	13	0.8847	-111.031
14174	27483	13	0.9181	-38.054
28505	29980	13	0.8925	0.000
13033	13290	13	0.9019	384.238
27741	30801	13	0.8638	-681.355
7322	13960	13	0.88	-111.032
10242	13960	13	0.8926	-111.031
4672	10242	13	0.9457	-0.001
7322	10242	13	0.9738	-0.001
8090	10242	13	0.9258	228.147
10242	13025	13	0.8743	-129.043
4672	7322	13	0.9568	-0.000
7322	8090	13	0.9408	-228.148
4672	8090	13	0.9304	-228.148
3003	3221	15	0.7866	336.664
3221	3923	15	0.7299	-465.706
3221	4729	15	0.7769	-336.665
3221	4876	15	0.943	0.000
3221	5844	15	0.9247	-336.664
3221	5987	15	0.7466	-465.706
3221	7003	15	0.7799	-336.665
3221	8932	15	0.8066	-336.665
8068	9899	15	0.8853	-129.043
8068	9938	15	0.8765	-0.001
3003	3923	15	0.8167	-129.042
3003	4729	15	0.8199	-0.001
3003	4876	15	0.826	336.664
3003	5844	15	0.7639	-0.001
3003	5987	15	0.8382	-129.043
3003	7003	15	0.8487	-0.002
3003	8932	15	0.8874	-0.001
3003	10571	15	0.7568	-129.044
3003	10578	15	0.9392	-129.044
9899	9938	15	0.7947	129.042
4287	10741	15	0.7265	-461.246
8037	10741	15	0.9293	-0.002
8214	10741	15	0.8357	-525.265
9788	10741	15	0.7235	-524.269
9896	10741	15	0.7975	129.040
9899	10741	15	0.7241	129.041
10444	10741	15	0.9232	-526.196
8037	9788	15	0.7203	524.267
8214	9788	15	0.7499	-0.996
9788	10444	15	0.7551	1.927
3923	5987	15	0.9237	-0.001
4729	5987	15	0.8772	-129.041
4876	5987	15	0.7647	-465.706
5844	5987	15	0.8045	-129.042
5987	7003	15	0.9065	129.041
5987	8932	15	0.9128	129.042
5987	10578	15	0.848	-0.002
3923	8932	15	0.8998	129.041
4729	8932	15	0.8968	0.000
4876	8932	15	0.8366	-336.665
5844	8932	15	0.7945	-0.000
7003	8932	15	0.9436	0.001
8932	10578	15	0.8493	-129.043
8037	8214	15	0.8423	525.263
8214	10444	15	0.835	0.931
3923	5844	15	0.7952	129.041
4729	5844	15	0.7524	0.000
4876	5844	15	0.9166	-336.665
5844	5984	15	0.7106	-129.042
5844	7003	15	0.7666	-0.001
5844	10578	15	0.7666	-129.044
4287	9896	15	0.9552	-590.286
8037	9896	15	0.816	-129.043
9871	9896	15	0.7738	-787.048
9896	9899	15	0.7465	-0.001
9896	10444	15	0.7215	655.237
9896	11990	15	0.7457	137.059
3923	7003	15	0.9207	129.040
4729	7003	15	0.9278	-0.000
4876	7003	15	0.7907	-336.665
7003	10578	15	0.8048	-129.043
3923	4729	15	0.8967	129.041
3923	4876	15	0.7417	465.706
3923	10578	15	0.8326	-0.002
4287	10444	15	0.7533	64.951
8037	10444	15	0.9321	526.194
9871	10444	15	0.7303	-131.811
9899	10444	15	0.7097	655.237
4287	9871	15	0.8047	196.762
4729	4876	15	0.7698	336.665
4876	10571	15	0.7041	-465.708
4876	10578	15	0.7612	-465.708
4729	10578	15	0.7775	-129.043
5984	10578	15	0.7928	-0.002
10571	10578	15	0.8265	-0.001
4287	8037	15	0.73	-461.243
4287	9899	15	0.7529	-590.287
4862	5984	15	0.7457	241.143
4862	10571	15	0.7214	241.142
4862	10762	15	0.7667	-0.001
4862	11990	15	0.8895	-0.000
5984	10571	15	0.944	-0.001
5984	11990	15	0.7669	-241.143
10571	11990	15	0.7791	-241.142
8037	9899	15	0.7222	-129.043
10762	11990	15	0.7681	0.001
5616	9071	16	0.9752	0.000
2926	6684	17	0.9481	-0.000
4031	6684	17	0.9584	0.001
5378	6684	17	0.9167	-57.020
5516	6684	17	0.9068	42.011
6638	6684	17	0.8896	42.011
6684	6716	17	0.9057	57.021
6684	8357	17	0.977	0.000
6684	9904	17	0.9727	-0.000
2926	4031	17	0.9404	-0.001
2926	5378	17	0.8928	57.020
2926	5516	17	0.8805	-42.012
2926	6638	17	0.8793	-42.011
2926	6716	17	0.8821	57.021
2926	8357	17	0.9634	-0.000
2926	9904	17	0.9457	-0.000
4031	9904	17	0.9438	0.001
5378	9904	17	0.9109	-57.021
5516	9904	17	0.8877	42.011
6638	9904	17	0.8796	42.010
6716	9904	17	0.8867	-57.021
8357	9904	17	0.9755	-0.000
4031	5378	17	0.9173	57.021
4031	5516	17	0.9	-42.010
4031	6638	17	0.8556	-42.010
4031	6716	17	0.8678	57.022
4031	8357	17	0.9328	0.001
5015	6477	17	0.8938	0.000
6477	9058	17	0.9392	-0.000
5015	6716	17	0.8453	-12.001
5015	9058	17	0.9042	0.000
5378	6638	17	0.8609	-99.031
5516	6638	17	0.9365	0.001
6638	6716	17	0.8398	99.032
6638	8357	17	0.8797	42.011
5378	5516	17	0.889	-99.032
5378	6716	17	0.9475	0.001
5378	8357	17	0.9058	-57.020
5516	6716	17	0.8389	99.033
5516	8357	17	0.8794	42.012
6716	8357	17	0.8988	-57.021
40656	41172	18	0.9277	0.669
41141	41172	18	0.9297	5.342
41143	41172	18	0.9419	5.675
41148	41172	18	0.9284	0.334
41164	41172	18	0.9171	11.685
41172	43485	18	0.9294	-11.686
41172	43537	18	0.9193	-11.017
41172	44097	18	0.9239	-6.344
41172	44179	18	0.9161	-5.342
41172	44594	18	0.9174	-0.669
40794	41153	18	0.9241	5.332
41153	41185	18	0.9244	0.334
41153	43561	18	0.9276	0.666
41153	44160	18	0.9054	-4.994
40794	44463	18	0.9138	0.337
43552	44463	18	0.9054	0.671
43561	44463	18	0.9095	-5.661
43330	43400	18	0.9816	0.343
43330	43552	18	0.9269	-0.333
43330	44159	18	0.9582	-0.336
43330	44706	18	0.9262	-0.338
43400	44706	18	0.9455	-0.680
44046	44706	18	0.9091	-0.342
40507	44594	18	0.9172	0.333
40656	44594	18	0.9151	0.000
43485	44594	18	0.9397	11.017
43839	44594	18	0.9153	0.001
44097	44594	18	0.9318	5.675
44138	44594	18	0.9343	5.341
44179	44594	18	0.9227	4.673
44442	44594	18	0.9216	0.334
44594	44782	18	0.9203	-443.421
41141	44111	18	0.9189	-6.011
41164	44111	18	0.9315	0.332
43383	44111	18	0.9036	-10.350
43585	44111	18	0.9662	-6.011
44111	44131	18	0.9104	0.336
44111	44542	18	0.9066	-0.332
40507	44179	18	0.9111	-4.339
40656	44179	18	0.9177	-4.673
41143	44179	18	0.922	0.334
41148	44179	18	0.9164	-5.007
41185	44179	18	0.9207	1.986
43485	44179	18	0.9039	6.344
44120	44179	18	0.9063	-5.674
43383	43440	18	0.9013	-5.342
43383	43485	18	0.9015	-10.682
43383	43585	18	0.9092	-4.339
43383	44138	18	0.9213	-5.007
43383	44542	18	0.9031	-10.682
40507	44120	18	0.9131	1.335
41121	44120	18	0.9402	6.342
41204	44120	18	0.9434	-0.001
43839	44120	18	0.9117	1.002
44120	44442	18	0.9147	-1.336
44120	44782	18	0.9107	-444.423
40507	41185	18	0.9125	-6.325
40656	41185	18	0.9128	-6.659
41148	41185	18	0.9181	-6.993
41185	43485	18	0.9121	-4.358
41185	43505	18	0.9261	-0.001
41185	43561	18	0.9083	0.332
41121	41141	18	0.9126	0.667
41141	43440	18	0.9361	-1.003
41141	43585	18	0.9259	0.000
41141	44138	18	0.9139	-0.668
43479	44119	18	0.9386	-0.001
43479	44131	18	0.9201	-5.340
41121	43440	18	0.9307	-0.336
43440	43839	18	0.9099	5.675
43440	44138	18	0.9399	0.335
43440	44442	18	0.916	5.342
40656	43485	18	0.9271	-11.017
41143	43485	18	0.9188	-6.010
41148	43485	18	0.9341	-11.351
43485	44097	18	0.9453	5.341
41164	44542	18	0.9469	-0.000
44131	44542	18	0.9117	-0.669
40507	41121	18	0.9296	-5.007
40507	41215	18	0.9042	-5.992
40507	43839	18	0.9346	0.333
40507	44097	18	0.9184	-5.342
40507	44442	18	0.9289	-0.001
40656	44138	18	0.9262	-5.341
41121	44138	18	0.9273	-0.001
41148	44138	18	0.9318	-5.676
43585	44138	18	0.92	-0.668
43839	44138	18	0.9322	-5.340
44097	44138	18	0.926	0.334
40794	43505	18	0.9046	5.665
40794	43559	18	0.9088	5.332
40794	44160	18	0.9291	0.338
41204	44782	18	0.9162	-444.424
44442	44782	18	0.9078	-443.087
40656	41143	18	0.9531	-5.006
40656	41148	18	0.9136	0.335
40656	43537	18	0.9218	-10.348
40656	44097	18	0.9277	-5.675
43559	44151	18	0.9136	-0.000
41121	41204	18	0.9296	6.343
41204	43839	18	0.9043	-1.003
41204	44442	18	0.9114	-1.336
43400	44046	18	0.9287	-0.338
43552	44046	18	0.9311	0.337
41143	41164	18	0.9046	-6.010
41148	41164	18	0.9036	-11.351
41164	43537	18	0.9203	0.668
41164	43585	18	0.9066	6.343
43505	43561	18	0.9352	0.332
41121	44442	18	0.9258	5.006
43839	44442	18	0.9308	-0.333
44097	44442	18	0.9287	5.341
41143	41148	18	0.9343	5.341
41143	43537	18	0.9369	-5.342
41143	43585	18	0.906	0.333
41143	44097	18	0.928	-0.669
41121	43839	18	0.9181	5.340
43400	44159	18	0.9467	-0.678
43839	44097	18	0.9128	-5.675
43400	43552	18	0.9185	-0.675
41148	44097	18	0.9492	-6.010
44119	44131	18	0.9029	-5.339
19119	26264	19	0.793	85.087
21734	26264	19	0.8124	85.089
22726	26264	19	0.911	-0.001
26264	38768	19	0.8539	29.027
15558	26264	19	0.8602	-127.064
16909	26264	19	0.8766	-25.991
17673	26264	19	0.7719	-12.022
18635	30664	19	0.8769	-112.036
26616	30664	19	0.7894	-1.005
17035	30664	19	0.7646	-128.099
17641	30664	19	0.8993	-112.036
17186	17673	19	0.8963	1.004
15558	16909	19	0.8694	-101.073
16909	21734	19	0.7959	-111.080
16909	22726	19	0.899	-25.990
16909	38768	19	0.8864	3.036
20031	20085	19	0.7679	-1.003
14068	17035	19	0.8158	39.064
17035	26894	19	0.8266	-38.033
17035	31775	19	0.8016	-38.032
19119	21734	19	0.8713	-0.002
21734	22726	19	0.8428	85.090
21734	38768	19	0.862	114.116
15558	21734	19	0.875	-212.153
26894	31775	19	0.9312	0.000
14068	31775	19	0.8142	1.032
18893	22726	19	0.7834	-27.995
22726	38768	19	0.9153	29.026
15558	22726	19	0.9488	-127.063
15670	22726	19	0.7671	-27.996
16900	22726	19	0.7749	-27.994
15558	16900	19	0.764	-99.068
15558	38768	19	0.938	-98.037
14068	15670	19	0.8492	-99.067
15670	16900	19	0.9594	-0.002
15670	18893	19	0.9671	-0.001
15670	38768	19	0.78	1.030
18635	26616	19	0.8342	-111.032
26616	31994	19	0.8572	-0.001
17641	26616	19	0.8281	-111.031
18893	38768	19	0.7991	1.031
14068	18893	19	0.8357	-99.067
16900	18893	19	0.9628	0.001
16900	38768	19	0.8096	1.031
20031	23494	19	0.9457	-0.001
18635	31994	19	0.8642	-111.033
23494	31994	19	0.7734	-145.106
17641	31994	19	0.8456	-111.033
14068	16900	19	0.8334	-99.068
14068	26894	19	0.8094	1.031
17641	18635	19	0.942	0.001
157	438	20	0.9824	-0.049
55232	56587	21	0.9462	-53.708
16266	17544	22	0.8829	1269.223
16317	17544	22	0.911	293.681
17496	17544	22	0.9539	0.500
17522	17544	22	0.8893	1268.228
17544	17546	22	0.8948	-293.683
17544	18346	22	0.8933	-263.157
17544	18470	22	0.9086	-293.683
17544	18878	22	0.8895	235.608
18807	23215	22	0.899	-85.015
18878	23215	22	0.9018	-27.995
20104	23215	22	0.8818	-85.016
22842	23215	22	0.9284	17.028
23215	23384	22	0.9519	-14.016
23215	23934	22	0.9251	-15.011
23215	25464	22	0.9496	57.020
23215	26823	22	0.9082	-14.017
23215	28832	22	0.9619	57.020
23384	23934	22	0.9126	-0.995
23934	26823	22	0.8908	0.994
16509	17707	22	0.9242	-0.004
16509	18470	22	0.8842	291.141
23384	26823	22	0.945	-0.001
5481	6547	22	0.9555	0.000
5481	7319	22	0.9438	57.022
5481	7567	22	0.9407	0.000
5481	9170	22	0.9189	0.001
5481	11305	22	0.8953	57.022
5481	12928	22	0.9168	115.064
13398	15798	22	0.9311	-16.029
20203	23583	22	0.9876	-0.001
14085	23583	22	0.9233	-210.139
5282	8761	22	0.9532	-41.958
5385	8761	22	0.9453	-17.994
5819	8761	22	0.9259	-13.926
7206	8761	22	0.9402	-17.993
7319	8761	22	0.9099	-15.941
7765	8761	22	0.9658	0.000
8653	8761	22	0.9365	-24.977
8761	8856	22	0.9193	17.993
8761	10141	22	0.9622	-0.000
11963	12459	22	0.8886	40.031
12928	15872	22	0.898	-74.015
14085	15872	22	0.909	-131.037
15798	15872	22	0.928	-97.053
15872	16823	22	0.9945	-0.001
15872	18807	22	0.9531	-0.002
15872	20104	22	0.9574	-0.001
18807	25464	22	0.8849	-27.995
18878	25464	22	0.8878	29.026
25464	28832	22	0.994	-0.000
13713	14188	22	0.9025	13.935
13713	14531	22	0.9315	13.979
13713	20909	22	0.8923	17.026
5282	7765	22	0.9518	-41.958
5385	7765	22	0.9647	-17.994
5610	7765	22	0.9574	-15.942
5819	7765	22	0.9445	-13.926
7158	7765	22	0.9531	-24.977
7206	7765	22	0.9592	-17.993
7765	8653	22	0.9438	24.977
7765	8856	22	0.9298	17.993
7765	10141	22	0.9628	-0.000
18807	24194	22	0.9093	-71.000
24194	27522	22	0.9881	-0.001
18807	20104	22	0.9606	0.001
12928	20104	22	0.8977	-74.016
15798	20104	22	0.8911	-97.054
16823	20104	22	0.9629	-0.000
20909	24222	22	0.8819	27.995
24222	25792	22	0.9823	-0.074
24222	25978	22	0.9561	-0.001
24222	27651	22	0.9825	-0.000
12459	13322	22	0.9127	287.185
14085	15798	22	0.9452	-33.984
15798	16823	22	0.9146	-97.053
4281	7921	22	0.9025	-0.000
4281	8740	22	0.898	-0.000
4281	12928	22	0.9014	-113.084
18878	28832	22	0.9052	29.025
11053	13322	22	0.929	49.979
14188	14531	22	0.9835	0.044
5282	5819	22	0.9342	-28.032
5385	5819	22	0.9497	-4.068
5610	5819	22	0.9611	-2.016
5819	7158	22	0.9315	11.051
5819	7206	22	0.9478	4.067
5819	8856	22	0.9296	4.067
5819	10141	22	0.9514	-13.926
5819	14085	22	0.9309	117.079
2438	7921	22	0.8843	-0.000
2438	8740	22	0.9085	-0.000
16266	18374	22	0.9582	-0.003
17522	18374	22	0.946	-0.998
14085	20203	22	0.9225	-210.138
16262	16266	22	0.924	-0.997
16262	16317	22	0.8957	974.544
16262	17522	22	0.9289	-0.002
16262	18353	22	0.9554	1016.563
16262	18470	22	0.9053	974.542
16317	17522	22	0.918	-974.547
16317	17546	22	0.9241	-0.002
16317	17707	22	0.8835	-291.146
16317	18470	22	0.9327	-0.002
16317	18878	22	0.9196	529.289
5282	8653	22	0.9428	-16.981
5385	8653	22	0.9471	6.983
5610	8653	22	0.9397	9.035
7158	8653	22	0.9745	0.000
7206	8653	22	0.939	6.984
8653	8856	22	0.9281	-6.984
8653	8951	22	0.9192	-9.036
5282	7206	22	0.9437	-23.965
5385	7206	22	0.9689	-0.001
5610	7206	22	0.9518	2.051
7158	7206	22	0.956	-6.984
7206	8856	22	0.9687	0.000
7206	10141	22	0.946	-17.993
7508	8740	22	0.9311	230.164
7921	8740	22	0.9561	0.000
8740	12928	22	0.8992	-113.084
8740	13322	22	0.8914	-42.048
6547	7567	22	0.9192	-0.000
7567	9170	22	0.8865	0.000
5610	8951	22	0.9348	-0.001
7158	8951	22	0.9115	-9.035
8951	11305	22	0.9753	-0.000
16266	17522	22	0.949	0.995
17522	17546	22	0.9108	974.545
17522	18346	22	0.8813	1005.071
17522	18353	22	0.8937	1016.565
17522	18470	22	0.9277	974.545
17522	18878	22	0.9116	1503.836
16266	18353	22	0.8884	1017.560
16266	18470	22	0.8934	975.539
18346	18470	22	0.9007	-30.527
17425	18346	22	0.9638	-0.503
7508	7921	22	0.9044	230.163
5282	5385	22	0.9517	-23.964
5385	5610	22	0.9627	-2.052
5385	7158	22	0.965	6.983
5385	8856	22	0.9486	-0.001
5385	10141	22	0.9539	-17.994
20909	25792	22	0.8845	27.921
25792	25978	22	0.9589	0.073
25792	27651	22	0.9628	0.073
16823	25792	22	0.8834	43.002
12928	16823	22	0.8976	-74.016
14085	16823	22	0.9064	-131.038
16823	18807	22	0.9619	-0.001
25978	27651	22	0.9399	0.000
5282	5610	22	0.9561	-26.016
5282	7158	22	0.9574	-16.981
5282	7208	22	0.9475	-3.001
5282	10141	22	0.9428	-41.958
13216	13907	22	0.9011	-58.007
5610	10141	22	0.9725	-15.942
7158	10141	22	0.9414	-24.977
7319	10141	22	0.9331	-15.941
8856	10141	22	0.9311	-17.993
7319	11305	22	0.9208	-0.000
18807	20909	22	0.9183	15.081
18807	27522	22	0.8875	-71.001
5610	7158	22	0.947	9.035
7158	8856	22	0.9467	-6.984
6547	7319	22	0.9489	57.021
18470	18878	22	0.9629	529.291
17546	18878	22	0.9936	529.291
17546	18470	22	0.9679	-0.000
12928	13216	22	0.8917	-33.984
5610	7208	22	0.9423	23.015
6547	9170	22	0.9626	0.000
6547	12928	22	0.9116	115.063
2255	4587	23	0.9602	-0.000
4587	5369	23	0.9114	0.000
4587	6033	23	0.8807	-244.088
4587	9188	23	0.9272	-14.016
2255	9188	23	0.9073	-14.016
7081	9188	23	0.8906	228.111
9188	9605	23	0.9625	0.036
9188	10441	23	0.9077	-228.111
9188	10601	23	0.9542	0.036
4598	6033	23	0.9454	-0.001
2255	5369	23	0.9397	-0.000
2255	6634	23	0.8847	0.000
7081	10441	23	0.98	-0.000
7840	10441	23	0.8885	2.052
9605	10441	23	0.8864	-228.147
10441	10601	23	0.8854	228.147
7840	10920	23	0.8958	-0.002
9605	10601	23	0.9918	-0.000
5369	6634	23	0.921	0.000
13779	15869	24	0.8396	-0.067
15861	15869	24	0.8277	0.435
15869	15949	24	0.8818	-666.256
15869	16620	24	0.8132	0.066
15869	16652	24	0.8352	1.003
21679	22417	24	0.9168	657.317
21679	22743	24	0.9632	657.316
15861	21679	24	0.8012	-647.811
16620	21679	24	0.7894	-648.311
3477	11335	24	0.7826	6.994
6756	11335	24	0.7924	6.996
11101	11335	24	0.7996	505.256
11104	11335	24	0.8331	505.256
11189	11335	24	0.9428	-0.501
11101	11104	24	0.8376	-0.000
11101	11189	24	0.852	505.756
3477	6756	24	0.8847	-0.002
5032	6756	24	0.8627	0.500
5164	6756	24	0.8962	514.254
6756	10567	24	0.8976	-514.260
6756	11189	24	0.8106	7.497
3477	5164	24	0.9628	-514.256
3477	9670	24	0.7976	171.417
3477	10567	24	0.8373	-514.262
3477	11189	24	0.787	7.495
3738	9670	24	0.9133	0.336
3738	10539	24	0.8617	0.000
3738	11108	24	0.7894	5.668
5032	10567	24	0.8146	-513.760
5164	10567	24	0.8363	-0.006
9670	10539	24	0.8137	-0.336
10539	11108	24	0.7862	5.668
11104	11108	24	0.7812	675.012
11104	11189	24	0.9585	505.757
11104	12867	24	0.7862	128.096
12450	13198	24	0.8056	-118.381
13186	13198	24	0.9171	0.334
12450	13186	24	0.7943	-118.715
12867	13186	24	0.7807	351.487
13186	15861	24	0.7863	-133.889
11108	11189	24	0.8004	-169.255
9670	11108	24	0.7876	5.332
22417	22743	24	0.9411	-0.001
15861	22417	24	0.796	9.506
15949	22417	24	0.7869	675.328
16620	22417	24	0.8055	9.006
13779	15949	24	0.9198	-666.324
15861	15949	24	0.8966	-665.822
15949	16620	24	0.9381	666.322
13779	15861	24	0.9276	-0.502
13779	16620	24	0.9395	-0.001
13779	22743	24	0.7877	9.003
15861	16620	24	0.9216	0.501
16620	22743	24	0.8028	9.005
15861	22743	24	0.8147	9.505
4072	18946	26	0.7357	-76.995
18946	22721	26	0.9947	-0.000
4072	22721	26	0.7283	-76.996
16999	17840	27	0.961	702.849
17013	17840	27	0.9584	685.822
17752	17840	27	0.9545	702.850
17823	17840	27	0.9627	685.823
17840	18887	27	0.9258	-686.828
17840	19542	27	0.968	-685.824
17840	20079	27	0.9259	-686.827
17840	20272	27	0.9532	-8.011
17840	21256	27	0.9664	0.502
19677	23720	27	0.8983	27.995
22551	23720	27	0.8515	27.995
23720	26034	27	0.9491	-0.001
23720	26803	27	0.7747	-1.004
14210	23720	27	0.8105	712.374
14502	23720	27	0.7802	46.024
14616	23720	27	0.7988	132.051
14669	23720	27	0.8222	1.032
18683	19832	27	0.8171	0.002
18846	19832	27	0.914	1373.654
16972	16984	27	0.946	1372.652
16972	16987	27	0.9482	1.004
16972	17013	27	0.9341	1373.656
16972	18458	27	0.9366	1.001
16972	20348	27	0.9528	1373.655
16972	20545	27	0.9367	-0.003
18315	22551	27	0.8766	267.102
18650	22551	27	0.8791	621.279
19677	22551	27	0.8289	0.000
20649	22551	27	0.8732	621.278
21066	22551	27	0.8421	259.101
22356	22551	27	0.8242	259.104
22446	22551	27	0.8263	259.100
22551	26034	27	0.8434	27.994
18846	18887	27	0.9169	1375.659
18887	19045	27	0.9482	-0.493
18887	20005	27	0.9501	-0.491
18887	20079	27	0.9309	0.001
18887	20137	27	0.9386	-1.001
18887	21256	27	0.918	687.330
16989	18887	27	0.9542	1.001
14210	14502	27	0.8271	666.349
14327	14502	27	0.9173	1.003
14502	14616	27	0.8485	-86.027
14502	14669	27	0.8212	44.993
14210	14616	27	0.9097	580.322
14210	14669	27	0.9267	711.342
14210	16577	27	0.7827	-468.205
14210	19677	27	0.8693	684.379
14210	26034	27	0.8192	712.372
18458	20348	27	0.9579	1372.653
18458	20545	27	0.9474	-1.004
16984	18458	27	0.9441	-1371.651
16987	18458	27	0.958	-0.003
18749	22572	27	0.8391	585.768
20185	22572	27	0.8364	42.029
20722	22572	27	0.8072	91.038
20797	22572	27	0.8328	-50.034
20875	22572	27	0.7891	866.907
21092	22572	27	0.8761	42.028
22572	23553	27	0.8809	8.512
16999	17752	27	0.9701	-0.002
17013	17752	27	0.9619	-17.028
17752	17823	27	0.9622	17.027
17752	19542	27	0.969	17.026
17752	20272	27	0.9736	694.839
17752	21256	27	0.9632	703.352
14616	15080	27	0.8249	-147.069
14669	15080	27	0.8259	-278.089
15080	15447	27	0.8547	-87.027
15080	16577	27	0.974	-901.458
15080	17334	27	0.9778	-0.001
14599	14616	27	0.8714	-377.192
18315	22446	27	0.8891	8.001
18318	22446	27	0.9102	-0.505
20623	22446	27	0.8778	925.448
21066	22446	27	0.8642	0.001
21447	22446	27	0.8765	926.457
21474	22446	27	0.8926	908.427
22356	22446	27	0.9058	0.004
22446	22648	27	0.8838	0.503
22446	24846	27	0.8909	88.052
18846	19399	27	0.8775	1828.206
19399	19965	27	0.937	-0.335
18304	20623	27	0.8788	-916.938
18315	20623	27	0.8383	-917.446
18318	20623	27	0.9069	-925.953
20623	21447	27	0.9504	-1.009
20623	21474	27	0.894	17.021
20623	22617	27	0.9	917.438
20623	22641	27	0.9028	916.936
20623	22648	27	0.9043	925.950
15447	16963	27	0.8476	-0.007
16963	17826	27	0.9342	0.000
16963	18650	27	0.8291	-283.120
18318	21474	27	0.861	-908.932
21066	21474	27	0.8406	-908.426
21447	21474	27	0.8858	18.030
21474	22356	27	0.8567	908.423
21474	22648	27	0.9164	908.929
17140	17826	27	0.8403	283.119
17140	17850	27	0.8185	693.316
17140	18543	27	0.8609	115.025
17140	18749	27	0.82	0.004
17140	19840	27	0.8327	115.025
17140	20797	27	0.9317	635.805
16984	17013	27	0.9421	1.005
16999	17013	27	0.9701	17.027
17013	17823	27	0.9737	-0.001
17013	19542	27	0.9666	-0.002
17013	20272	27	0.9558	677.811
17013	20545	27	0.9349	-1373.659
17013	21256	27	0.964	686.324
16989	18846	27	0.9046	-1374.658
16989	19045	27	0.9425	0.508
16989	20005	27	0.9626	0.510
16989	20079	27	0.9439	1.002
16989	20137	27	0.9456	-0.001
16984	16999	27	0.9356	-16.022
16987	16999	27	0.9303	1355.626
16999	17823	27	0.9679	17.026
16999	19542	27	0.9704	17.025
16999	20272	27	0.966	694.838
16999	20348	27	0.9305	17.025
16999	21256	27	0.9682	703.351
18315	22356	27	0.9323	7.997
29574	30033	27	0.9028	-9.014
29604	30033	27	0.8904	829.387
29698	30033	27	0.9175	8.012
30033	31124	27	0.9397	-8.013
30033	31237	27	0.9226	-8.515
30033	31255	27	0.9149	0.501
30033	31259	27	0.8985	9.013
30033	31265	27	0.9403	8.514
30033	31389	27	0.9136	-0.001
24874	30033	27	0.9206	829.386
19839	20317	27	0.7822	-957.424
20185	20317	27	0.8298	-807.850
20317	20722	27	0.862	758.841
20317	21092	27	0.8399	807.850
20317	23553	27	0.778	858.391
16984	17823	27	0.9376	1.003
16987	17823	27	0.9311	1372.651
17823	19542	27	0.9668	-0.001
17823	20272	27	0.958	677.812
17823	20545	27	0.9311	-1373.658
17823	21256	27	0.9669	686.325
18650	18683	27	0.8311	-104.055
18683	20649	27	0.847	104.056
18683	20797	27	0.8486	739.862
18683	20875	27	0.7803	-177.080
18683	23553	27	0.7801	698.340
18543	19840	27	0.94	0.001
15447	19840	27	0.8051	-168.100
16644	19840	27	0.9275	-0.005
14669	16577	27	0.7984	-1179.547
15447	16577	27	0.8072	-814.431
16577	17334	27	0.9799	901.457
18846	20005	27	0.9007	1375.168
19045	20005	27	0.9443	0.001
20005	20079	27	0.9297	0.493
20005	20137	27	0.952	-0.510
18315	21066	27	0.8225	8.001
18318	21066	27	0.8654	-0.506
18650	21066	27	0.8551	362.179
20649	21066	27	0.8435	362.177
21066	21447	27	0.8237	-926.456
16984	16987	27	0.9501	-1371.648
16984	19542	27	0.9344	1.003
16984	20079	27	0.9579	0.000
16984	20348	27	0.9505	1.003
16984	20545	27	0.9615	-1372.655
29574	31124	27	0.9227	-17.027
29604	31124	27	0.9126	821.375
29608	31124	27	0.934	0.503
29698	31124	27	0.9737	-0.001
31124	31237	27	0.9745	-0.503
31124	31255	27	0.9291	8.513
31124	31259	27	0.9145	17.026
31124	31265	27	0.9506	16.527
31124	31389	27	0.9099	8.012
23719	26803	27	0.7635	-0.001
15447	17334	27	0.8525	87.025
15447	17826	27	0.8381	-0.006
29574	29604	27	0.9714	-838.402
29574	29608	27	0.8749	-17.530
29574	29698	27	0.8877	-17.026
29574	31237	27	0.8889	-17.530
29574	31255	27	0.9379	-8.514
29574	31389	27	0.9293	-9.015
24846	29574	27	0.9089	-0.000
24874	29574	27	0.926	838.400
19839	23553	27	0.7708	-99.032
29604	31389	27	0.9299	829.387
29608	31389	27	0.8671	8.515
31255	31389	27	0.9567	-0.501
24846	31389	27	0.8851	-9.015
24874	31389	27	0.9136	829.385
24874	29604	27	0.9396	-0.002
24874	29608	27	0.908	820.870
24874	29698	27	0.9309	821.374
24874	31237	27	0.9313	820.870
24874	31255	27	0.9236	829.886
24874	31265	27	0.9164	837.900
19486	23719	27	0.7504	-84.519
18304	22641	27	0.9623	-0.002
21447	22641	27	0.8959	917.945
22617	22641	27	0.9626	-0.503
22641	22648	27	0.8421	9.014
14616	14669	27	0.9314	131.020
14616	17334	27	0.8135	-147.070
14616	19677	27	0.846	104.057
14616	26034	27	0.7935	132.050
17826	17850	27	0.827	410.198
17850	18749	27	0.8112	-693.313
17850	19839	27	0.905	-0.000
17850	20722	27	0.8135	-198.583
17850	20797	27	0.8679	-57.511
17850	21092	27	0.8077	-149.573
18304	21447	27	0.8691	-917.947
18304	22617	27	0.9417	0.501
18304	22648	27	0.8499	9.013
20079	20348	27	0.9283	1.003
20079	20545	27	0.9532	-1372.655
16987	20079	27	0.9205	1371.648
19677	20722	27	0.8308	-126.544
19839	20722	27	0.8199	-198.582
20185	20722	27	0.9201	-49.009
20722	20875	27	0.8178	-775.870
20722	21092	27	0.9143	49.009
18315	18318	27	0.8664	8.507
18315	18650	27	0.867	-354.178
18315	20649	27	0.8669	-354.176
18315	21447	27	0.8478	-918.456
18315	22648	27	0.8406	8.504
18318	22648	27	0.8614	-0.003
21447	22648	27	0.8978	926.960
22617	22648	27	0.8554	8.512
18846	19045	27	0.9357	1375.167
18846	19965	27	0.8501	1827.871
18846	20137	27	0.9281	1374.658
18318	18749	27	0.8521	-362.679
18650	18749	27	0.878	0.005
18749	20649	27	0.8804	-0.004
18749	20797	27	0.8721	635.802
18749	20875	27	0.8426	-281.140
18749	21092	27	0.8343	543.739
29604	31255	27	0.9177	829.888
29608	31255	27	0.8934	9.016
29698	31255	27	0.898	8.513
31237	31255	27	0.8976	9.016
24846	31255	27	0.9167	-8.514
19045	20137	27	0.9499	-0.509
14669	17334	27	0.8297	-278.090
14669	19677	27	0.8948	-26.963
14669	26034	27	0.8184	1.030
19542	21256	27	0.9765	686.326
20272	21256	27	0.9741	8.513
16644	18543	27	0.8947	-0.006
17826	18650	27	0.8472	-283.120
17826	20185	27	0.815	260.624
17826	20649	27	0.8624	-283.119
17826	20797	27	0.8628	352.686
19677	20185	27	0.8085	-77.535
20185	20649	27	0.8568	-543.743
20185	21092	27	0.9496	0.001
18318	18650	27	0.852	-362.684
18318	20649	27	0.8534	-362.683
18318	21447	27	0.9252	-926.962
21447	22617	27	0.8917	918.448
18650	20875	27	0.8549	-281.134
20649	20875	27	0.8549	-281.136
14327	16396	27	0.7711	-234.100
19677	21092	27	0.8168	-77.535
19839	21092	27	0.8257	-149.573
29604	29698	27	0.9114	821.375
29608	29698	27	0.9151	0.503
29698	31237	27	0.9974	-0.503
29698	31259	27	0.9247	17.025
29698	31265	27	0.9743	16.526
19542	20272	27	0.974	677.813
19542	20348	27	0.9295	0.000
19542	20545	27	0.9321	-1373.657
31237	31259	27	0.9281	17.529
31259	31265	27	0.9541	-0.499
29604	31265	27	0.8922	837.902
29608	31265	27	0.9003	17.030
31237	31265	27	0.9758	17.030
19677	26034	27	0.8788	27.994
18650	20649	27	0.9916	0.001
29604	29608	27	0.8946	820.872
29608	31237	27	0.9178	0.000
29604	31237	27	0.9114	820.872
20348	20545	27	0.9489	-1373.657
16987	20348	27	0.9621	1372.650
19965	20797	27	0.8821	285.643
16987	20545	27	0.9472	-1.007
4169	4343	28	0.9172	2.016
4343	5069	28	0.9635	-0.001
4343	6374	28	0.8367	-73.053
4343	6548	28	0.8345	-2.016
4343	8439	28	0.8625	-2.017
4343	8919	28	0.8341	-188.081
4343	8966	28	0.8285	-13.980
4343	9093	28	0.8505	-73.054
4343	12744	28	0.8814	-42.048
2523	9265	28	0.9653	-0.001
4133	9265	28	0.9601	-0.001
5103	9265	28	0.975	-0.000
5757	9265	28	0.9257	0.036
6693	9265	28	0.9817	0.000
8285	9265	28	0.9634	-0.000
4410	5693	28	0.8972	165.079
4863	5693	28	0.972	-0.000
5693	6962	28	0.9226	-0.000
5693	8349	28	0.9626	0.000
5693	14646	28	0.919	15.959
1333	1836	28	0.9546	-0.000
1333	2874	28	0.9765	-0.000
1333	7884	28	0.9492	-12.037
1333	9699	28	0.9156	-12.038
3932	5484	28	0.9259	-0.001
5484	6763	28	0.9138	165.080
5484	7926	28	0.9185	165.080
5484	8871	28	0.9124	165.080
3252	10647	28	0.9482	-14.016
4668	10647	28	0.9465	-14.016
5467	10647	28	0.949	-14.016
10647	12744	28	0.8303	-97.053
10647	13723	28	0.8495	-131.037
10647	14646	28	0.8253	-54.010
4169	5069	28	0.8956	2.015
5069	8439	28	0.8391	-2.016
5069	12744	28	0.8495	-42.047
3252	3461	28	0.9189	-271.154
3252	4438	28	0.9059	-188.116
3252	4652	28	0.9167	-271.154
3252	4668	28	0.9777	-0.000
3252	4804	28	0.9366	-165.080
3252	5446	28	0.9064	-271.154
3252	5467	28	0.9861	-0.000
3252	6587	28	0.9059	-165.079
3252	7884	28	0.8777	-2.016
3034	4061	28	0.9327	-0.001
3034	9146	28	0.8325	11.999
3034	9395	28	0.9078	-0.001
1836	2874	28	0.9181	0.000
1836	3902	28	0.828	-44.026
1836	7884	28	0.914	-12.036
1836	9699	28	0.9155	-12.037
2874	7884	28	0.9597	-12.036
2874	9699	28	0.899	-12.037
3872	6763	28	0.9485	-0.001
3932	6763	28	0.9142	165.079
4635	6763	28	0.9233	-14.016
5332	6763	28	0.9076	-14.016
5535	6763	28	0.9169	0.000
6404	6763	28	0.9086	14.016
6763	7926	28	0.9827	-0.000
6763	8871	28	0.9693	0.000
6763	9780	28	0.916	-14.016
4410	4863	28	0.9264	165.080
4863	5486	28	0.837	-17.993
4863	6962	28	0.9333	-0.001
4863	8349	28	0.9079	-0.000
4863	14646	28	0.943	15.958
4061	9395	28	0.898	0.000
4668	7884	28	0.8688	-2.016
5467	7884	28	0.8797	-2.016
7884	9699	28	0.9267	-0.001
6962	14646	28	0.8947	15.959
8349	14646	28	0.8612	15.959
2523	5103	28	0.9714	-0.000
4133	5103	28	0.9697	-0.001
5103	5757	28	0.9138	-0.037
5103	6693	28	0.9667	-0.000
5103	8285	28	0.9578	0.000
2394	3902	28	0.9191	14.016
3902	4635	28	0.8683	-0.000
3902	5332	28	0.8621	-0.000
3902	7436	28	0.8998	-0.000
2523	4133	28	0.9847	0.000
4133	4169	28	0.8463	57.021
4133	5757	28	0.9079	-0.037
4133	6693	28	0.9639	-0.001
4133	8285	28	0.9746	-0.000
2394	5535	28	0.904	-0.000
3872	5535	28	0.9451	-0.001
3894	5535	28	0.884	14.015
3932	5535	28	0.9065	165.079
4635	5535	28	0.8916	-14.016
5332	5535	28	0.8896	-14.016
5535	6404	28	0.8901	-14.015
5535	7926	28	0.9255	0.000
5535	8871	28	0.9191	0.000
3282	6309	28	0.9456	-0.000
4418	6309	28	0.9577	0.001
5227	6309	28	0.9264	-0.000
6309	8919	28	0.8689	1.979
6309	9146	28	0.9334	-0.000
6309	10477	28	0.8454	1.979
3461	3632	28	0.867	106.074
3461	4438	28	0.9535	83.037
3461	4652	28	0.9798	-0.001
3461	4668	28	0.9169	271.153
3461	4804	28	0.9766	106.074
3461	5446	28	0.9608	0.000
3461	5467	28	0.9185	271.153
3461	6587	28	0.9413	106.075
3461	6631	28	0.8957	0.000
3632	4804	28	0.8842	-0.000
4438	4804	28	0.9396	23.037
4652	4804	28	0.9795	106.074
4668	4804	28	0.9379	-165.080
4804	5446	28	0.9538	-106.074
4804	5467	28	0.9342	165.080
4804	6587	28	0.954	0.001
4804	6631	28	0.8791	-106.074
3282	4418	28	0.9452	-0.001
3282	5227	28	0.9481	0.000
3282	8919	28	0.8474	1.978
3282	9146	28	0.9432	-0.000
3282	10477	28	0.8591	1.979
4418	5227	28	0.9306	0.001
5227	8919	28	0.8452	1.978
5227	9146	28	0.9521	-0.001
5227	10477	28	0.8603	1.979
4438	5467	28	0.9149	188.116
4652	5467	28	0.9159	271.154
4668	5467	28	0.9765	0.000
5446	5467	28	0.9039	271.153
5467	6587	28	0.8961	-165.079
2394	4635	28	0.9173	14.016
3735	4635	28	0.9002	-30.010
3872	4635	28	0.9259	14.016
4635	5332	28	0.9327	-0.000
4635	7436	28	0.8883	-0.000
4635	7926	28	0.9245	-14.016
4635	8871	28	0.9265	-14.016
4438	5446	28	0.9182	-83.037
4652	5446	28	0.9595	0.001
4668	5446	28	0.8971	-271.153
4989	5446	28	0.9469	-0.073
5446	6587	28	0.923	106.075
5446	6631	28	0.9592	0.000
3735	3932	28	0.8289	-209.105
3872	3932	28	0.9269	-165.079
3932	7926	28	0.9242	165.079
3932	8871	28	0.9204	165.079
2394	3894	28	0.9128	-14.015
3872	3894	28	0.925	-14.016
3894	6404	28	0.9683	-0.000
3894	8684	28	0.9103	-0.001
3894	8871	28	0.9166	14.015
3894	9780	28	0.9332	-0.001
2523	5757	28	0.9106	-0.037
5757	6693	28	0.9334	0.036
5757	8285	28	0.9111	0.037
4438	4668	28	0.9073	188.116
4652	4668	28	0.9142	271.154
4668	6587	28	0.8936	-165.079
2523	4169	28	0.8527	57.021
2523	6693	28	0.9697	-0.001
2523	8285	28	0.973	-0.000
2523	8439	28	0.827	57.021
4169	8439	28	0.9291	-0.001
6374	8439	28	0.8621	71.037
6548	8439	28	0.8696	-0.000
8285	8439	28	0.8224	57.021
8439	8919	28	0.826	-186.064
8439	9093	28	0.8601	-71.037
4438	4652	28	0.9568	-83.038
4438	4989	28	0.8329	-82.964
4438	6587	28	0.8938	23.038
4438	6631	28	0.8705	-83.037
4418	10477	28	0.8406	1.980
8919	10477	28	0.8962	0.000
9146	10477	28	0.8671	1.979
10225	10477	28	0.9215	0.072
4989	6631	28	0.9662	-0.073
4989	9395	28	0.8308	-0.000
3632	4652	28	0.8595	-106.075
3632	6587	28	0.8866	0.001
4169	8919	28	0.8654	-186.065
4418	8919	28	0.8777	1.979
8919	9146	28	0.8703	-1.979
8919	9395	28	0.8254	-13.978
4169	6548	28	0.8666	-0.001
6374	6548	28	0.8303	71.037
6548	6693	28	0.8235	-57.022
6548	8285	28	0.8255	-57.021
13596	16092	28	0.8791	-99.069
14979	16092	28	0.9935	-0.001
3872	6404	28	0.9281	-14.016
6404	7926	28	0.9106	14.015
6404	8684	28	0.9061	-0.000
6404	9780	28	0.9359	-0.000
4410	8349	28	0.844	165.079
6962	8349	28	0.8662	0.000
4652	6631	28	0.8875	0.001
6587	6631	28	0.8493	-106.075
4410	6962	28	0.8634	165.079
4652	6587	28	0.9407	106.075
3872	5332	28	0.9117	14.016
3872	7926	28	0.9599	-0.001
3872	8871	28	0.9607	-0.000
3872	9780	28	0.9141	-14.016
4418	9146	28	0.9386	0.000
9146	9395	28	0.8293	-11.999
4169	8285	28	0.85	-57.022
6693	8285	28	0.9783	0.000
2394	5332	28	0.8874	14.016
2394	7436	28	0.8891	14.016
5332	8871	28	0.932	-14.016
7926	8871	28	0.9761	0.000
8871	9780	28	0.9299	-14.016
5332	7436	28	0.8518	-0.000
3735	7926	28	0.912	-44.026
5332	7926	28	0.9272	-14.016
4169	9093	28	0.8714	-71.038
6374	9093	28	0.9519	-0.000
8966	13596	28	0.8937	-42.046
13596	14979	28	0.8836	-99.068
3735	5332	28	0.9316	-30.010
4169	6374	28	0.8638	-71.037
8684	9780	28	0.9211	0.000
43919	44051	29	0.917	-977.063
15769	15779	29	0.9275	-163.065
15779	17356	29	0.9089	-1.004
15779	17521	29	0.9668	0.000
15779	17657	29	0.9007	163.061
15779	19095	29	0.9097	635.331
19095	22014	29	0.947	-14.020
19095	24664	29	0.9589	-43.004
19095	26144	29	0.9284	-27.994
19095	40393	29	0.9481	-334.707
17521	19095	29	0.9157	635.331
17657	19095	29	0.941	472.270
17682	19095	29	0.9549	0.001
15639	18861	29	0.9125	-14.018
17682	18861	29	0.9058	-14.014
40469	42880	29	0.9012	0.999
38592	40393	29	0.9283	-161.584
15769	17657	29	0.9144	-0.004
17521	17657	29	0.9137	163.061
17657	17682	29	0.9027	472.269
24664	40393	29	0.9368	-291.703
24664	42784	29	0.9263	-301.219
24664	43237	29	0.9212	-1286.797
24664	43987	29	0.9178	-300.718
17521	24664	29	0.9083	592.327
17682	24664	29	0.9339	-43.003
15769	17682	29	0.9079	472.265
17521	17682	29	0.9081	635.330
17682	22014	29	0.9104	-14.018
17682	40393	29	0.915	-334.706
40393	43987	29	0.9051	-9.015
43237	43987	29	0.9395	986.080
43271	43987	29	0.9386	-65.534
43987	44009	29	0.907	-0.501
43987	44576	29	0.9344	65.534
46456	46460	29	0.9034	1.001
40469	46460	29	0.9041	-1082.596
43113	46460	29	0.9321	-1139.615
43237	44576	29	0.9258	1051.613
43271	44576	29	0.9918	-0.000
16756	17748	29	0.9882	0.000
16908	17748	29	0.907	1.003
16934	17748	29	0.9078	-0.501
17670	17748	29	0.9145	1.002
17742	17748	29	0.9191	-0.503
15617	16345	29	0.9206	-1.000
16345	17349	29	0.9413	0.999
40496	43113	29	0.9097	48.506
40871	43113	29	0.9481	-9.016
40469	43919	29	0.9009	8.512
40393	40469	29	0.9045	-9.515
40469	44019	29	0.9471	1.001
40393	43237	29	0.902	-995.094
42877	43237	29	0.9268	-994.592
43237	43271	29	0.9326	1051.614
43237	44009	29	0.9176	985.579
17356	17521	29	0.9142	1.004
40372	44019	29	0.9005	-8.013
15639	17742	29	0.9225	-0.501
16756	17742	29	0.9211	0.503
16923	17742	29	0.9626	756.901
16934	17742	29	0.9741	0.002
15617	15633	29	0.9099	-0.999
15633	17349	29	0.9144	0.998
16756	16908	29	0.9047	-1.003
16756	16934	29	0.9166	0.501
16756	17670	29	0.9093	-1.002
16908	17670	29	0.9773	0.001
17474	17670	29	0.9306	1.003
15617	15769	29	0.9152	1031.565
15617	17349	29	0.9314	-0.001
15639	15769	29	0.9423	-472.269
15769	16923	29	0.9309	-285.134
15769	16934	29	0.9231	471.766
15769	17521	29	0.9115	-163.064
15639	16923	29	0.9411	-757.403
16923	16934	29	0.9498	756.900
26144	42784	29	0.9102	-316.229
40393	40496	29	0.9007	-1.002
40496	40871	29	0.9121	57.522
15639	16934	29	0.9321	-0.503
40393	44009	29	0.9295	-9.516
16908	17474	29	0.9073	-1.003
42877	44484	29	0.9412	222.128
2216	4445	30	0.9652	-0.000
2216	5770	30	0.9369	0.001
2216	7342	30	0.8928	0.000
4445	5770	30	0.92	0.001
5770	7342	30	0.9293	-0.001
4445	7342	30	0.8663	0.000
4205	9555	31	0.8763	27.012
5092	9555	31	0.8611	27.012
6382	9555	31	0.8616	27.012
7160	9555	31	0.9116	0.000
8616	9555	31	0.9078	27.012
4241	6850	31	0.8316	-0.003
5432	6850	31	0.9438	-0.001
6850	8136	31	0.9183	0.001
6850	9422	31	0.8777	0.000
1954	5092	31	0.8188	-0.983
4205	5092	31	0.9784	0.000
4241	5092	31	0.7842	128.057
4795	5092	31	0.8323	-0.983
5092	6382	31	0.9735	0.000
5092	7160	31	0.8762	27.012
5092	8616	31	0.9168	-0.000
4241	9422	31	0.8934	-0.002
5432	9422	31	0.9243	-0.001
8136	9422	31	0.8577	-0.000
1954	7270	31	0.8293	0.000
4205	7270	31	0.7836	0.984
4795	7270	31	0.8794	0.000
6382	7270	31	0.798	0.983
7270	8616	31	0.7955	-0.984
1954	6382	31	0.8213	-0.983
4205	6382	31	0.9653	0.000
4241	6382	31	0.8014	128.057
4795	6382	31	0.845	-0.983
5432	6382	31	0.7858	128.059
6382	7160	31	0.8832	27.011
6382	8616	31	0.9242	-0.001
4241	8136	31	0.8358	-0.002
5432	8136	31	0.9281	-0.001
4241	5432	31	0.8682	-0.001
1954	4795	31	0.929	-0.000
4205	4795	31	0.8203	0.983
4795	10287	31	0.8182	114.044
1954	4205	31	0.8016	-0.984
1954	10287	31	0.7915	114.043
4205	7160	31	0.8828	27.012
4205	8616	31	0.9348	-0.000
7160	8616	31	0.8755	-27.012
3831	15585	32	0.9795	-0.000
4864	15585	32	0.9511	0.998
5061	15585	32	0.9803	-0.060
5606	15585	32	0.9874	0.000
6535	15585	32	0.9787	0.000
6964	15585	32	0.9496	0.997
8265	15585	32	0.9734	0.000
10408	15585	32	0.9803	-0.000
15585	16894	32	0.9847	-0.000
15585	31450	32	0.9844	-0.000
3846	21015	32	0.9342	61.016
6561	21015	32	0.92	61.017
11907	21015	32	0.9201	75.032
3831	3876	32	0.9606	-0.997
3831	5061	32	0.9956	0.060
3831	5606	32	0.9914	-0.000
3831	6535	32	0.9946	-0.000
3831	6964	32	0.9603	-0.997
3831	8265	32	0.99	-0.000
3831	10408	32	0.9901	0.000
3831	16894	32	0.9792	-0.000
3831	31450	32	0.9922	-0.000
1898	7382	32	0.9731	-33.985
5591	7382	32	0.97	-0.001
5606	7382	32	0.9562	-57.022
7382	10408	32	0.9536	57.022
7382	16894	32	0.9502	57.022
4813	6561	32	0.9343	-0.000
1898	6434	32	0.9797	-42.047
2004	6434	32	0.9275	1.979
2452	6434	32	0.9706	-28.031
3070	6434	32	0.9522	-60.058
3106	6434	32	0.9413	-42.047
3846	6434	32	0.981	-14.016
6434	6561	32	0.9544	14.015
6434	8539	32	0.9855	-0.000
6434	10012	32	0.9969	-0.000
6434	13283	32	0.9594	-14.016
1898	2452	32	0.9741	-14.016
1898	3070	32	0.9824	18.011
1898	3106	32	0.9539	-0.000
1898	5591	32	0.9574	-33.984
1898	8539	32	0.9685	-42.047
1898	10012	32	0.9801	-42.047
1898	13283	32	0.9189	-56.063
3106	5591	32	0.9429	-33.984
2004	13283	32	0.9308	-12.037
2452	13283	32	0.9498	-42.047
3070	13283	32	0.9142	-74.073
3106	13283	32	0.9284	-56.063
8539	13283	32	0.9639	-14.015
10012	13283	32	0.9589	-14.015
11502	13283	32	0.906	17.956
11907	13283	32	0.9561	-14.015
3876	5061	32	0.959	1.057
4864	5061	32	0.959	1.057
5061	5606	32	0.9922	-0.060
5061	6535	32	0.9931	-0.060
5061	8265	32	0.991	-0.060
5061	10408	32	0.9858	-0.059
5061	16894	32	0.9772	-0.060
5061	31450	32	0.9924	-0.060
3846	11907	32	0.9697	-14.016
6561	11907	32	0.9468	-14.016
11907	12880	32	0.9514	-33.984
2004	8539	32	0.9206	1.979
2452	8539	32	0.9708	-28.032
3070	8539	32	0.9367	-60.058
3106	8539	32	0.9523	-42.047
3846	8539	32	0.9855	-14.016
6561	8539	32	0.9682	-14.016
8539	10012	32	0.988	0.000
12880	14637	32	0.9764	-14.015
3876	8265	32	0.9549	0.997
5606	8265	32	0.9849	-0.000
6535	8265	32	0.9899	-0.000
6964	8265	32	0.9562	0.997
8265	10408	32	0.9857	0.000
8265	16894	32	0.9786	0.000
8265	31450	32	0.9862	0.000
2452	3106	32	0.9729	14.016
3070	3106	32	0.9449	-18.011
3106	10012	32	0.9461	-42.047
3876	4864	32	0.9958	-0.000
3876	6535	32	0.9578	0.997
3876	6964	32	0.9974	0.000
3876	10408	32	0.9535	0.997
3876	31450	32	0.9598	0.997
2452	3070	32	0.9613	32.026
3070	10012	32	0.9521	-60.058
4864	6964	32	0.9956	0.000
6535	6964	32	0.9575	-0.997
764	2452	32	0.9242	18.047
4864	5606	32	0.9564	0.998
4864	31450	32	0.9623	0.997
5606	6535	32	0.9919	-0.000
6535	10408	32	0.9896	0.000
6535	16894	32	0.9783	0.000
6535	31450	32	0.9901	0.000
3846	6561	32	0.9767	-0.000
6561	10012	32	0.9566	-14.016
3846	10012	32	0.98	-14.016
5606	10408	32	0.9872	0.000
5606	16894	32	0.9885	-0.000
5606	31450	32	0.9923	-0.000
10408	16894	32	0.9821	-0.000
10408	31450	32	0.9914	-0.000
16894	31450	32	0.985	-0.000
2004	10012	32	0.9283	1.979
2452	10012	32	0.9729	-28.032
2004	2452	32	0.9119	30.010
16205	16213	34	0.9543	0.502
16213	19909	34	0.9597	-613.356
16205	19909	34	0.9399	-612.854
45620	46022	35	0.876	-432.287
46022	49155	35	0.8645	0.001
8158	11796	37	0.8499	17.957
4215	6443	37	0.9392	-0.001
5044	6443	37	0.9626	-0.073
5250	6443	37	0.9401	-0.001
6066	6443	37	0.9615	-0.073
6443	6615	37	0.845	-86.959
6443	7587	37	0.9755	0.073
6443	7648	37	0.9725	0.000
6443	8604	37	0.9605	-0.000
6443	9078	37	0.9471	0.073
6443	10019	37	0.9578	-0.000
4215	7587	37	0.9414	0.072
5044	7587	37	0.9432	-0.001
5250	7587	37	0.9189	0.072
6066	7587	37	0.9624	-0.000
7587	7648	37	0.972	-0.072
7587	8604	37	0.9741	-0.073
7587	9078	37	0.9278	0.000
7587	9456	37	0.822	-87.030
7587	10019	37	0.9717	-0.073
5044	6615	37	0.8472	-87.032
5250	6615	37	0.8472	-86.959
6615	9456	37	0.9491	0.001
6615	11796	37	0.8914	-42.011
4215	8604	37	0.9521	-0.001
5044	8604	37	0.9246	-0.073
5250	8604	37	0.8976	-0.001
6066	8604	37	0.9369	-0.073
7648	8604	37	0.9543	-0.000
8604	9078	37	0.8745	0.073
8604	10019	37	0.9755	0.000
4215	9078	37	0.8601	0.072
5044	9078	37	0.9321	-0.001
5250	9078	37	0.9096	0.072
6066	9078	37	0.9652	0.000
7648	9078	37	0.9369	0.073
9078	9456	37	0.8587	-87.030
9078	10019	37	0.9012	-0.073
4215	10019	37	0.9559	-0.001
5044	10019	37	0.9405	-0.073
5250	10019	37	0.9187	-0.001
6066	10019	37	0.9455	-0.073
7648	10019	37	0.9708	-0.000
4215	5044	37	0.9487	0.073
5044	5250	37	0.9558	-0.073
5044	6066	37	0.9442	-0.001
5044	7648	37	0.9501	-0.073
10290	11796	37	0.912	0.052
4215	6066	37	0.9136	0.072
5250	6066	37	0.9242	0.072
6066	7648	37	0.9493	-0.073
6066	9456	37	0.869	-87.030
7648	9456	37	0.8259	-86.958
9456	11796	37	0.8776	-42.012
4215	5250	37	0.9211	0.000
5250	7648	37	0.9247	-0.001
4215	7648	37	0.94	-0.000
2917	7694	38	0.9245	-0.000
4313	7694	38	0.8293	-0.047
4408	7694	38	0.9357	0.000
5322	7694	38	0.9456	-0.000
6224	7694	38	0.9165	-0.000
7694	9394	38	0.9281	-0.001
3288	5375	38	0.9766	-0.000
4408	5375	38	0.8732	-129.042
4527	5375	38	0.9813	0.000
5322	5375	38	0.8601	-129.043
5375	6117	38	0.875	-129.043
5375	6478	38	0.9686	0.000
5375	8250	38	0.962	-0.001
5375	9122	38	0.9873	-0.001
5375	9394	38	0.8661	129.042
5375	10032	38	0.9257	-129.044
2917	6224	38	0.9363	-0.000
4313	6224	38	0.9372	-0.047
4408	6224	38	0.9491	0.000
5322	6224	38	0.9449	0.000
6224	9394	38	0.9408	-0.001
2917	10032	38	0.8305	-258.087
3288	10032	38	0.9387	-129.044
3812	10032	38	0.8858	-0.002
4527	10032	38	0.9216	-129.044
6117	10032	38	0.8812	-0.001
6478	10032	38	0.8967	-129.044
7985	10032	38	0.8593	-0.000
8250	10032	38	0.8963	-129.043
9122	10032	38	0.9227	-129.043
2917	5322	38	0.9732	-0.000
3288	5322	38	0.8614	129.042
4313	5322	38	0.8636	-0.047
4408	5322	38	0.9854	0.000
5322	9394	38	0.9733	-0.001
3288	4408	38	0.877	129.042
3288	4527	38	0.9746	-0.001
3288	6117	38	0.8634	-129.043
3288	6478	38	0.9545	-0.000
3288	8250	38	0.9491	-0.001
3288	9122	38	0.974	-0.001
3288	9394	38	0.8737	129.042
2917	9394	38	0.9807	-0.001
4313	9394	38	0.8725	-0.048
4408	9394	38	0.9815	-0.001
9122	9394	38	0.8694	129.043
2917	4313	38	0.8742	0.047
4313	4408	38	0.8702	-0.047
3812	8250	38	0.8667	129.042
4527	8250	38	0.9717	-0.000
6117	8250	38	0.9067	129.042
6478	8250	38	0.9839	-0.001
7985	8250	38	0.9009	129.043
8250	9122	38	0.9703	-0.000
2917	4408	38	0.9811	-0.000
3812	7985	38	0.8706	-0.002
4527	7985	38	0.872	-129.043
6117	7985	38	0.934	-0.001
6478	7985	38	0.8947	-129.044
7985	9122	38	0.8716	129.043
3812	6117	38	0.8744	-0.001
4527	6117	38	0.8819	-129.043
6117	6478	38	0.9015	129.043
6117	9122	38	0.8835	129.042
4408	9122	38	0.8783	-129.043
4527	9122	38	0.9909	-0.000
6478	9122	38	0.976	-0.001
3812	6478	38	0.8579	129.042
4527	6478	38	0.9766	0.000
4408	4527	38	0.8641	-129.043
36861	37734	39	0.9939	-108.067
37734	41508	39	0.9945	29.350
37734	43430	39	0.9939	-15.011
37734	43657	39	0.9885	-44.360
36861	38225	39	0.9964	-29.017
36861	41508	39	0.9926	-78.717
36861	43430	39	0.9983	-123.078
36861	43657	39	0.9944	-152.428
41508	43430	39	0.9944	-44.361
43430	43657	39	0.9928	-29.349
40810	41508	39	0.9914	-10.001
40810	55146	39	0.991	60.671
17610	18262	41	0.8725	706.329
17610	19256	41	0.8842	714.337
17610	19601	41	0.897	714.837
17873	18262	41	0.85	-8.008
17873	19256	41	0.9025	-0.000
18262	19256	41	0.8608	8.008
19256	19601	41	0.8425	0.500
45866	47331	42	0.9146	482.267
46090	47331	42	0.9342	14.014
46207	47331	42	0.9284	26.015
47254	47331	42	0.9396	482.269
47288	47331	42	0.9353	-17.027
39235	47331	42	0.9136	-18.012
45958	49982	42	0.9327	-17.027
49908	49982	42	0.9127	-466.340
49982	50014	42	0.948	449.313
49982	50020	42	0.9634	17.026
45837	47091	42	0.9075	0.001
46720	47091	42	0.9428	-0.000
46987	47091	42	0.9264	482.269
47033	47091	42	0.9204	-17.027
47091	47503	42	0.9243	-482.270
39198	47091	42	0.9284	499.297
39235	47091	42	0.9115	-18.011
39826	47091	42	0.9371	0.001
45661	49206	42	0.9073	423.299
45989	49206	42	0.9103	423.297
49023	49206	42	0.9112	-43.041
45888	51096	42	0.9058	-2.016
51092	51096	42	0.9585	483.301
51094	51096	42	0.9783	-18.011
51096	51251	42	0.9107	-17.026
51096	54418	42	0.9429	49.983
39235	46207	42	0.9137	-44.026
39235	46705	42	0.9073	17.026
39235	46987	42	0.933	-500.281
39235	47033	42	0.9309	-0.984
46667	47508	42	0.9195	-0.000
46987	47503	42	0.9106	-0.000
39826	47503	42	0.907	-482.269
34916	45630	42	0.9347	49.982
45368	45630	42	0.9059	36.021
45392	45630	42	0.9397	-18.011
45395	45630	42	0.9084	501.329
45399	45630	42	0.9598	18.010
45630	45680	42	0.9177	-501.329
34916	34937	42	0.9446	-36.021
34919	34937	42	0.9478	31.042
34928	34937	42	0.9308	-54.032
34937	35062	42	0.9302	-43.042
34937	40040	42	0.9553	18.010
34937	40043	42	0.9054	-17.028
34937	45368	42	0.9373	49.982
46090	46987	42	0.9157	-468.255
46207	46987	42	0.9188	-456.255
46671	46987	42	0.9113	51.079
46987	46999	42	0.9413	-51.080
46987	47033	42	0.9331	499.296
45866	46207	42	0.9158	456.253
46090	46207	42	0.9186	-12.000
46207	47254	42	0.937	-456.254
46207	47288	42	0.9383	43.041
45667	46710	42	0.9273	-49.982
45883	46710	42	0.9116	-0.001
45888	46710	42	0.9067	18.010
46705	46710	42	0.9275	18.011
46710	46713	42	0.9367	-36.021
46710	47021	42	0.9444	-0.000
46710	50135	42	0.9122	49.983
38636	46710	42	0.9187	535.318
40401	46710	42	0.9414	18.011
45345	45395	42	0.9308	-420.250
45390	45395	42	0.962	17.026
45392	45395	42	0.9058	-519.340
45395	45680	42	0.9741	0.000
45395	45683	42	0.9514	-17.027
35148	44592	42	0.9121	18.009
40068	44592	42	0.9089	46.041
46110	47522	42	0.908	-0.001
47033	47522	42	0.9082	18.010
34919	39946	42	0.9145	-501.278
35062	39946	42	0.9261	-489.278
35148	39946	42	0.9403	-515.293
39946	39979	42	0.9317	17.027
39946	40043	42	0.9086	515.292
39946	40068	42	0.9388	487.261
34916	34928	42	0.9661	18.011
34916	40040	42	0.9276	-18.011
34916	45888	42	0.9062	-2.015
45645	45958	42	0.9356	0.002
45667	45958	42	0.9151	-485.333
45958	49316	42	0.9632	467.323
45958	49908	42	0.9734	449.313
45958	50014	42	0.9817	432.286
45958	50020	42	0.9736	-0.001
45958	50135	42	0.946	485.334
47033	47352	42	0.9193	35.966
51092	51094	42	0.9521	501.312
51094	54341	42	0.9104	49.983
34928	45392	42	0.9239	49.982
54341	54350	42	0.9289	-35.037
54341	54359	42	0.9329	-451.329
54341	54418	42	0.9343	-18.011
54341	56093	42	0.9503	-60.021
46720	47033	42	0.9083	17.027
47023	47033	42	0.9148	-18.010
47033	49023	42	0.9132	49.982
40349	47033	42	0.9192	-36.021
34914	34919	42	0.9159	100.053
34919	35062	42	0.9721	-12.000
34919	35148	42	0.9215	14.015
34919	40040	42	0.9052	49.052
34919	40043	42	0.9103	14.014
34914	35148	42	0.9201	114.068
35062	35148	42	0.934	26.015
35148	39979	42	0.9059	-498.266
35148	40043	42	0.9152	-0.001
35148	40068	42	0.9244	-28.032
35148	45597	42	0.9135	49.983
46667	46686	42	0.9323	473.282
46667	46984	42	0.9396	0.000
46667	46985	42	0.9252	473.281
46667	47204	42	0.9156	473.281
45866	47254	42	0.948	-0.002
45883	47254	42	0.9102	-535.318
45888	47254	42	0.9088	-517.307
45912	47254	42	0.924	17.528
46090	47254	42	0.9186	-468.255
46713	47254	42	0.9063	-499.296
47254	47288	42	0.9255	499.296
38636	47254	42	0.9172	0.001
34914	35062	42	0.9184	88.053
45368	45399	42	0.9421	18.011
40040	45399	42	0.9217	49.983
46090	47288	42	0.9093	31.041
45345	45390	42	0.9326	-437.277
45390	45680	42	0.9624	17.027
45390	45683	42	0.9836	-0.000
44482	49023	42	0.9152	-18.010
49841	50014	42	0.9326	-58.005
45661	45989	42	0.9291	0.002
54350	54359	42	0.9806	-416.292
54359	54418	42	0.9377	433.318
54359	56093	42	0.9671	391.308
46671	46984	42	0.916	34.052
46671	46999	42	0.9551	-0.001
39826	46720	42	0.9379	0.001
38636	40401	42	0.9074	517.307
38636	45866	42	0.9539	0.002
38636	45883	42	0.9185	535.319
38636	45888	42	0.9369	517.308
38636	45912	42	0.9174	-17.528
38636	46713	42	0.9594	499.297
46705	46713	42	0.9248	-18.010
46705	47021	42	0.9453	18.011
46705	47288	42	0.9049	-18.011
40349	46705	42	0.9128	-18.011
40401	46705	42	0.944	0.000
45866	45883	42	0.9165	535.316
45866	45888	42	0.9417	517.305
45866	45912	42	0.9569	-17.530
45866	46713	42	0.919	499.295
45866	47288	42	0.909	499.294
35062	39979	42	0.9094	-472.250
39979	40068	42	0.9057	470.233
54350	56093	42	0.9725	-24.984
54418	56093	42	0.969	-42.011
35062	40043	42	0.9109	26.014
40043	40063	42	0.9199	53.048
40043	40068	42	0.9154	-28.031
47204	47283	42	0.9054	61.053
47283	47690	42	0.9191	-18.010
45876	45912	42	0.911	0.500
39971	40063	42	0.9207	-18.011
45883	47288	42	0.9195	-36.022
45888	47288	42	0.9195	-18.012
40401	45883	42	0.9219	18.012
40401	46713	42	0.932	-18.010
40401	47021	42	0.9259	18.011
45345	45683	42	0.9378	-437.277
45680	45683	42	0.9641	-17.027
45645	50020	42	0.9402	0.001
49316	50020	42	0.9357	-467.324
49908	50020	42	0.9631	-449.314
50014	50020	42	0.9831	-432.287
50020	50135	42	0.9055	485.335
46686	46985	42	0.9535	-0.000
46984	46985	42	0.9102	473.281
46985	49802	42	0.9091	44.025
45297	45345	42	0.919	-2.016
45345	45368	42	0.9104	45.058
45345	45597	42	0.937	28.031
45345	45680	42	0.948	-420.250
43603	45345	42	0.9194	-28.030
45297	45368	42	0.9276	43.042
45368	45597	42	0.9559	-17.026
43603	45368	42	0.9283	17.028
43611	45368	42	0.9424	0.001
43603	43611	42	0.9104	17.027
43611	45297	42	0.9164	-43.041
43611	45597	42	0.9135	-17.025
51092	51251	42	0.9474	466.275
45645	45667	42	0.9231	485.335
45645	49316	42	0.9119	467.325
45645	49908	42	0.9378	449.315
45645	50014	42	0.9353	432.288
45297	45597	42	0.9482	26.015
45597	45680	42	0.9093	-448.281
43603	45597	42	0.9537	0.001
45667	49316	42	0.9376	-18.010
49316	49908	42	0.9709	-18.010
49316	50014	42	0.9495	-35.037
49316	50135	42	0.9641	18.011
49316	54418	42	0.9191	-2.015
45883	45888	42	0.9381	-18.011
45888	45912	42	0.9105	-534.835
45888	46713	42	0.9497	-18.011
45667	49908	42	0.9348	-36.021
46713	49908	42	0.9259	49.983
49908	50014	42	0.973	-17.027
49908	50135	42	0.9567	36.021
40349	47021	42	0.9299	-0.000
35062	45297	42	0.9217	49.982
45297	45680	42	0.9093	-422.266
43603	45297	42	0.9401	-26.014
35062	40068	42	0.9283	-2.017
45883	46713	42	0.9118	-36.022
45912	46713	42	0.9081	516.824
54350	54418	42	0.9498	17.026
45667	50135	42	0.9546	0.001
51251	54350	42	0.9081	49.983
50014	50135	42	0.9152	53.048
42648	43857	43	0.9439	-11.016
55569	57137	44	0.9949	228.129
55569	57401	44	0.9948	-842.072
57137	57401	44	0.995	-1070.201
54803	54823	46	0.9259	-44.026
54812	54823	46	0.9464	44.027
54823	54828	46	0.9241	-88.053
54803	54812	46	0.9472	-88.052
54803	54828	46	0.9339	-132.078
54812	54828	46	0.9364	-44.026
46130	55463	47	0.8238	63.047
42653	55463	47	0.8294	-312.230
43486	55463	47	0.882	-312.230
43502	55463	47	0.8551	-329.256
44165	55463	47	0.9367	-312.229
44210	55463	47	0.8806	-329.256
43236	44067	47	0.852	-0.000
43236	46716	47	0.8578	74.037
43236	48183	47	0.8521	56.026
43236	50996	47	0.8797	74.037
35238	44210	47	0.8764	-56.026
42653	44210	47	0.8409	17.027
43486	44210	47	0.9383	17.027
43502	44210	47	0.897	0.000
44165	44210	47	0.9243	17.027
44210	46342	47	0.8715	57.011
44210	46739	47	0.8678	74.037
46109	46192	47	0.889	17.026
46192	47281	47	0.88	-17.027
46192	48618	47	0.8594	74.036
40474	46192	47	0.879	17.027
41526	46192	47	0.8374	17.027
42653	46192	47	0.8937	17.027
43486	46192	47	0.8672	17.027
43502	46192	47	0.919	0.000
35238	46804	47	0.8927	1.055
45265	46804	47	0.8822	0.072
46738	46804	47	0.9176	0.071
46804	47028	47	0.8829	-0.071
46804	47029	47	0.8781	16.956
46773	46774	47	0.8316	-17.027
46716	50431	47	0.898	-18.011
48183	50431	47	0.8288	-0.000
44570	50431	47	0.845	0.000
35238	46738	47	0.9159	0.984
45265	46738	47	0.9269	0.000
46342	46738	47	0.9026	-0.000
46738	46739	47	0.8967	17.027
46738	47028	47	0.9451	0.000
46738	47029	47	0.9229	17.027
46738	48618	47	0.861	17.027
46738	48712	47	0.9235	0.000
44578	46738	47	0.8833	0.000
44067	48183	47	0.8523	56.026
42384	44570	47	0.8246	56.026
44570	44578	47	0.898	-17.027
44570	46716	47	0.8239	18.011
44570	48168	47	0.8866	-17.026
44570	48183	47	0.9385	0.000
44570	48618	47	0.8637	0.001
35238	37369	47	0.8728	-0.000
35238	45265	47	0.8802	0.984
35238	46342	47	0.9318	0.985
35238	46739	47	0.8698	18.011
35238	47028	47	0.9021	0.984
35238	47029	47	0.876	18.011
35238	48712	47	0.9241	0.984
46109	47277	47	0.8289	17.026
47277	47281	47	0.8545	-17.027
40474	47277	47	0.8718	17.027
41526	42653	47	0.8313	0.000
41526	43486	47	0.8305	0.000
41526	46109	47	0.8716	0.001
41526	46773	47	0.8491	17.026
42653	44165	47	0.8519	-0.000
43486	44165	47	0.9258	-0.000
43502	44165	47	0.8693	-17.027
42653	43502	47	0.927	17.027
43486	43502	47	0.9025	17.027
43502	46739	47	0.8734	74.037
43502	47281	47	0.8535	-17.027
46342	48618	47	0.8713	17.026
46739	48618	47	0.8836	-0.000
47028	48618	47	0.8954	17.027
47029	48618	47	0.8822	-0.000
48183	48618	47	0.8674	0.000
48618	48712	47	0.899	-17.027
44578	48618	47	0.8867	17.027
40474	42653	47	0.8595	0.000
40474	46109	47	0.9187	0.001
40474	47281	47	0.8999	-0.000
45265	48712	47	0.893	0.001
46342	48712	47	0.9237	-0.000
46739	48712	47	0.911	-17.027
47028	48712	47	0.9212	-0.000
47029	48712	47	0.8817	-17.027
48168	48712	47	0.8834	0.000
44578	48712	47	0.8993	0.001
48168	48183	47	0.8834	17.027
48168	51438	47	0.8488	-0.000
46716	48183	47	0.8268	-18.011
48183	51438	47	0.8381	-17.027
42384	48183	47	0.8789	56.026
48757	50996	47	0.8251	1.003
45265	47029	47	0.9281	17.027
46342	47029	47	0.8614	17.026
46739	47029	47	0.8759	-0.000
47028	47029	47	0.918	17.027
44578	47029	47	0.8711	17.027
46109	46773	47	0.879	17.026
46109	47281	47	0.9139	-0.001
42653	46109	47	0.8724	0.001
43486	46109	47	0.8335	0.001
46773	47281	47	0.8308	-17.027
42653	47281	47	0.8801	-0.000
44578	45265	47	0.8635	0.000
44578	46342	47	0.9075	0.001
44578	46739	47	0.8849	17.027
44578	47028	47	0.9004	0.001
37369	46342	47	0.8763	0.985
46760	46773	47	0.8819	-18.011
42384	46773	47	0.8399	-18.010
42685	46773	47	0.863	-0.000
46342	46739	47	0.9717	17.027
46342	47028	47	0.9005	-0.000
46739	47028	47	0.894	-17.027
42384	42685	47	0.8715	-18.010
42685	46760	47	0.9163	18.011
42653	43486	47	0.905	-0.000
42384	46760	47	0.9241	0.000
42384	46716	47	0.8637	74.037
45265	47028	47	0.9098	0.001
13396	13769	50	0.899	924.465
13396	14098	50	0.8518	-132.042
13396	14565	50	0.833	1233.287
13396	14673	50	0.8299	-1.004
13396	15291	50	0.8726	-131.040
13396	15928	50	0.8746	-132.046
13396	16890	50	0.8473	859.446
14758	15421	50	0.8296	1.003
14798	15421	50	0.9302	925.363
13497	13809	50	0.9193	0.325
13786	13809	50	0.8297	0.997
13809	15027	50	0.8813	-0.325
13391	15928	50	0.8236	87.028
13542	15928	50	0.8405	-1320.985
13769	15928	50	0.8796	-1056.511
14098	15928	50	0.9032	-0.003
15291	15928	50	0.9344	-1.006
15928	16890	50	0.9158	991.491
13293	14673	50	0.8221	87.028
13769	14673	50	0.8644	-925.469
14673	14758	50	0.9387	925.367
13293	13319	50	0.8357	1291.975
13306	13319	50	0.9022	-0.333
13319	13437	50	0.8343	-1290.976
13319	15041	50	0.8391	-322.996
13319	15077	50	0.9241	0.333
13384	13391	50	0.846	-1379.336
13384	13395	50	0.8593	-1378.335
13384	13791	50	0.8411	-5.332
13384	14659	50	0.9223	-0.667
13384	15227	50	0.9059	0.000
13384	15236	50	0.9124	0.334
13384	15238	50	0.867	-344.836
13384	15239	50	0.8497	-344.335
13293	13306	50	0.8542	1292.308
13293	13391	50	0.8579	-131.042
13293	13395	50	0.8759	-130.040
13293	13437	50	0.9291	0.998
13293	15041	50	0.9652	968.979
13293	15077	50	0.849	1292.308
13293	15238	50	0.8802	903.459
13293	15239	50	0.8675	903.960
13769	13906	50	0.8703	308.488
13906	14565	50	0.9306	0.334
13791	13926	50	0.9177	0.334
13926	14943	50	0.8921	0.000
13926	15010	50	0.9447	-0.334
13926	15846	50	0.9141	0.001
13497	16998	50	0.8264	0.334
13786	16998	50	0.8266	1.006
15027	16998	50	0.834	0.334
15645	16998	50	0.8785	-0.001
16998	17066	50	0.968	-0.334
13791	14943	50	0.8622	0.334
14214	14943	50	0.8339	1390.338
14943	15010	50	0.8692	-0.334
14943	15846	50	0.9372	0.000
13306	13437	50	0.8488	-1291.309
13391	13437	50	0.875	132.040
13395	13437	50	0.9013	131.039
13437	15041	50	0.9289	967.981
13437	15077	50	0.848	1291.310
13437	15238	50	0.879	902.461
13437	15239	50	0.8814	902.961
13391	14214	50	0.8636	-15.999
14214	15239	50	0.8225	1051.001
14214	15846	50	0.8298	1390.338
13395	15291	50	0.8801	87.033
13542	15291	50	0.8599	-1319.979
13769	15291	50	0.8955	-1055.505
14098	15291	50	0.9375	1.003
15027	15291	50	0.8306	-1320.312
15291	15645	50	0.8488	1320.648
15291	16890	50	0.9391	990.485
14659	15227	50	0.8847	0.667
15227	15236	50	0.9394	0.333
13497	13542	50	0.8798	-0.333
13497	13786	50	0.9148	-0.672
13497	15027	50	0.9443	-0.000
13497	15645	50	0.8546	0.335
13497	17066	50	0.8402	0.000
13306	15041	50	0.846	-323.329
13391	15041	50	0.8667	1100.021
13395	15041	50	0.864	1099.019
15041	15077	50	0.8461	323.329
15041	15238	50	0.8901	-65.520
15041	15239	50	0.8563	-65.019
13306	15077	50	0.9352	0.000
13791	15846	50	0.8658	0.335
15010	15846	50	0.8967	0.334
13391	14098	50	0.8932	87.031
13542	14098	50	0.8814	-1320.982
13769	14098	50	0.8994	-1056.508
14098	15027	50	0.8625	1321.315
14098	15645	50	0.8898	1321.651
14098	16890	50	0.9624	991.488
14098	17066	50	0.841	1321.316
13542	15027	50	0.9132	0.333
13786	15027	50	0.9275	0.672
15027	15645	50	0.8871	0.336
15027	16890	50	0.8558	-329.827
15027	17066	50	0.8564	0.001
13542	15645	50	0.8712	0.668
13786	15645	50	0.8605	1.007
15645	16890	50	0.8738	-330.162
15645	17066	50	0.895	-0.335
13769	14758	50	0.8474	-0.103
13542	13786	50	0.9098	-0.339
13786	17066	50	0.8352	0.672
13391	13395	50	0.9502	1.001
13391	15238	50	0.9507	1034.501
13391	15239	50	0.9614	1035.001
13769	14565	50	0.8646	308.822
13542	13769	50	0.8499	-264.474
13542	16890	50	0.8678	-329.494
13542	17066	50	0.8355	0.333
13395	15238	50	0.9469	1033.499
13791	15238	50	0.8363	-339.503
14659	15238	50	0.8512	-344.169
15236	15238	50	0.8325	-345.169
15238	15239	50	0.9551	0.501
13791	14659	50	0.8215	4.665
14659	15236	50	0.8783	1.001
13395	13791	50	0.8261	1373.003
13395	15236	50	0.8493	1378.668
13395	15239	50	0.9618	1034.000
15236	15239	50	0.8296	-344.669
13791	15010	50	0.9351	0.000
13769	16890	50	0.8879	-65.019
910	2505	51	0.9098	0.001
25036	46468	52	0.7056	107.000
12582	13979	53	0.9593	0.000
13176	13979	53	0.862	1.002
13246	13979	53	0.8989	15.995
13794	13979	53	0.902	99.069
13979	15135	53	0.8626	-99.067
12582	13246	53	0.8923	-15.995
13246	14303	53	0.9138	-99.068
13794	15135	53	0.8976	0.001
14854	15135	53	0.9535	0.565
15092	15135	53	0.8849	1.003
14854	15092	53	0.9105	-0.439
13794	14303	53	0.8938	-15.994
12582	13794	53	0.8964	-99.069
13794	14854	53	0.8716	-0.563
14203	15067	54	0.8343	1078.602
14319	15067	54	0.9272	17.028
14807	15067	54	0.8079	-114.041
15067	16965	54	0.9287	-17.029
14203	16965	54	0.8251	1061.573
14319	16965	54	0.9516	-0.001
14203	14319	54	0.8241	1061.574
14319	14807	54	0.7991	131.070
14019	14807	54	0.8067	-0.001
14019	14203	54	0.8387	-1192.644
2348	4421	55	0.8652	18.012
2348	4715	55	0.85	15.995
2348	5258	55	0.964	-0.000
2348	5634	55	0.8424	15.995
2348	8410	55	0.8432	18.010
2348	8561	55	0.8421	15.994
5258	8410	55	0.8514	18.010
3276	4715	55	0.9614	-0.001
3276	5634	55	0.9847	-0.001
3276	8561	55	0.9818	-0.002
3276	10107	55	0.9827	-0.002
4715	8561	55	0.9702	-0.001
5634	8561	55	0.9874	-0.001
8561	10107	55	0.988	0.000
4421	8410	55	0.9349	-0.001
5419	8410	55	0.96	-0.001
6649	8410	55	0.9287	-0.001
8410	10052	55	0.8842	-643.299
4715	5634	55	0.9697	-0.000
4715	10107	55	0.9656	-0.001
4421	5419	55	0.9247	-0.001
4421	6649	55	0.8735	-0.001
4421	10052	55	0.9461	-643.301
5634	10107	55	0.9829	-0.001
5419	6649	55	0.9321	-0.000
5419	10052	55	0.8763	-643.300
22479	23831	56	0.8554	8.512
22479	23849	56	0.8856	-0.000
22479	24139	56	0.8982	-8.513
22479	24564	56	0.8973	8.511
22479	25326	56	0.8452	-8.514
22479	27053	56	0.9099	-9.018
22479	27100	56	0.9205	-0.001
22479	30572	56	0.9352	-8.516
22479	31831	56	0.9023	-8.515
22479	32038	56	0.8588	-0.002
23849	26470	56	0.8909	7.510
24139	26470	56	0.9038	16.023
24564	26470	56	0.9105	-1.002
26470	27053	56	0.9116	-16.527
26470	27100	56	0.8627	-7.510
26470	27668	56	0.8555	-16.024
26470	31831	56	0.8626	-16.025
26470	32038	56	0.8563	-7.512
26470	32073	56	0.9217	-16.527
18356	21005	56	0.8344	1005.521
19771	21005	56	0.8547	0.000
21005	22822	56	0.8663	-0.502
21005	23380	56	0.8863	-0.001
21005	30572	56	0.8449	164.057
15473	15823	56	0.8842	0.999
15823	16066	56	0.8578	1005.524
15823	17317	56	0.8272	-99.064
15823	17452	56	0.8928	947.983
15823	18356	56	0.8303	0.002
17317	17326	56	0.8714	997.511
17317	18356	56	0.8425	99.065
17317	19053	56	0.8806	998.011
17317	19294	56	0.8703	932.493
17317	19410	56	0.9332	997.512
17317	20088	56	0.8717	997.508
17317	20802	56	0.8706	997.515
17317	21033	56	0.8597	998.011
19053	20802	56	0.849	-0.496
19294	20802	56	0.8588	65.022
19410	20802	56	0.9201	0.003
20088	20802	56	0.8932	0.008
20802	21033	56	0.8428	0.496
17326	20802	56	0.8373	0.004
18356	30572	56	0.8254	1169.578
17452	18356	56	0.8529	-947.981
27668	32073	56	0.8738	-0.502
24139	27668	56	0.873	-0.002
24564	27668	56	0.9195	-17.026
25326	27668	56	0.8998	-0.001
27053	27100	56	0.9425	9.016
27053	31831	56	0.8747	0.502
27053	32073	56	0.9066	0.000
22427	27053	56	0.8561	-0.505
23831	27053	56	0.905	-17.530
23849	27053	56	0.9264	-9.017
24564	27053	56	0.8924	-17.529
25326	27053	56	0.8775	-0.503
19053	19410	56	0.8893	-0.499
19294	19410	56	0.8782	65.019
19410	20088	56	0.9241	-0.004
19410	21033	56	0.8934	0.499
17326	19410	56	0.9084	0.001
16066	17739	56	0.8844	-0.502
17479	17739	56	0.9328	907.964
17598	17739	56	0.9076	890.940
17739	17808	56	0.9213	-8.514
17739	19334	56	0.9259	-8.010
17739	19519	56	0.9419	-8.517
17739	19525	56	0.8658	-0.002
17739	20318	56	0.9139	-907.965
17739	20445	56	0.9042	-8.516
17739	23780	56	0.942	-8.517
23849	24139	56	0.868	-8.513
24139	24564	56	0.9429	17.025
24139	31831	56	0.8572	-0.002
24139	32038	56	0.9195	8.511
24139	32073	56	0.8736	-0.504
19053	20088	56	0.8875	-0.504
19294	20088	56	0.8835	65.015
20088	21033	56	0.8848	0.504
17326	20088	56	0.8795	-0.003
19053	19294	56	0.8983	-65.518
19053	21033	56	0.9081	0.000
17326	19053	56	0.8898	0.501
23849	24564	56	0.9102	8.511
24564	27100	56	0.8901	-8.512
24564	31831	56	0.8648	-17.027
24564	32038	56	0.8804	-8.514
24564	32073	56	0.9118	-17.529
15473	17452	56	0.8535	948.982
19334	19525	56	0.8944	8.009
19519	19525	56	0.8801	8.515
19525	20318	56	0.887	-907.963
19525	20445	56	0.9296	-8.514
19525	22822	56	0.8566	-0.000
19525	23380	56	0.8475	0.501
19525	23780	56	0.893	-8.515
17598	19525	56	0.9055	890.938
17808	19525	56	0.9268	8.512
19771	22822	56	0.8353	-0.502
22822	23380	56	0.8841	0.502
22427	23831	56	0.8703	17.025
23831	23849	56	0.8668	-8.512
23831	25326	56	0.858	-17.026
23831	27100	56	0.884	-8.513
23831	32073	56	0.8452	-17.529
22386	22405	56	0.9479	-17.528
22386	22427	56	0.8721	-17.026
23849	25326	56	0.9127	-8.514
23849	27100	56	0.9243	-0.001
23849	31831	56	0.8589	-8.515
23849	32073	56	0.8946	-9.017
27100	31831	56	0.8804	-8.514
30572	31831	56	0.8885	0.001
31831	32038	56	0.8518	8.513
24833	31831	56	0.8513	0.503
24833	30572	56	0.896	0.502
19294	21033	56	0.8355	65.519
17326	21033	56	0.9227	0.501
19771	23380	56	0.9171	-0.000
22405	25326	56	0.8312	0.500
22427	25326	56	0.8745	-0.001
25326	27100	56	0.8999	8.513
25326	32073	56	0.8818	-0.503
17326	19294	56	0.8684	-65.018
19334	20445	56	0.9435	-0.505
19519	20445	56	0.9121	0.001
20318	20445	56	0.9215	899.449
20445	23780	56	0.9375	-0.001
16066	20445	56	0.87	-9.018
17479	20445	56	0.8711	899.449
17598	20445	56	0.9231	882.424
17808	20445	56	0.9287	-0.002
19334	23780	56	0.9386	-0.506
19519	23780	56	0.9592	0.000
20318	23780	56	0.9255	899.448
16066	23780	56	0.8721	-9.019
17479	23780	56	0.9146	899.448
17598	23780	56	0.9463	882.423
17808	23780	56	0.9314	-0.003
27100	32073	56	0.8744	-9.016
22427	27100	56	0.8753	8.512
22405	22427	56	0.8784	0.502
16066	17479	56	0.8549	-908.466
16066	17598	56	0.8448	-891.442
16066	17808	56	0.8699	-9.016
16066	19334	56	0.8698	-8.513
16066	19519	56	0.8596	-9.019
16066	20318	56	0.8319	-908.467
19334	19519	56	0.9371	-0.506
19519	20318	56	0.9173	-899.448
17479	19519	56	0.9296	899.447
17598	19519	56	0.9147	882.423
17808	19519	56	0.9236	-0.003
22427	32073	56	0.8466	-0.504
17479	17598	56	0.8443	17.024
17479	17808	56	0.8724	899.450
17479	19334	56	0.9003	899.954
17479	20318	56	0.9008	-0.000
17598	17808	56	0.92	882.426
17808	19334	56	0.91	0.503
17808	20318	56	0.8984	-899.451
19334	20318	56	0.9168	-899.954
17598	20318	56	0.9025	-17.025
17598	19334	56	0.9289	882.930
23682	34018	57	0.8283	34.519
18126	20186	57	0.9719	536.801
20186	30043	57	0.827	-218.097
20186	31945	57	0.8432	-153.577
20186	36061	57	0.8366	-218.097
23682	30027	57	0.9099	31.510
23682	30772	57	0.8202	-33.541
23682	36053	57	0.8679	31.509
30027	34262	57	0.9186	-0.497
30043	34262	57	0.8147	-11.487
30144	34262	57	0.8723	-10.985
34000	34262	57	0.8804	-10.985
34262	35210	57	0.9612	10.484
34262	35859	57	0.9101	10.985
34262	36053	57	0.8603	0.496
20063	34262	57	0.8638	-66.998
30027	35210	57	0.9525	9.987
30027	36053	57	0.9502	-0.000
30043	36061	57	0.9197	-0.000
30144	36061	57	0.867	0.502
34000	36061	57	0.8567	0.502
35859	36061	57	0.8501	0.502
30043	35210	57	0.9061	-1.004
30144	35210	57	0.8689	-0.502
35210	35859	57	0.8276	0.502
20063	35210	57	0.8141	-56.514
30043	34291	57	0.9165	-754.899
30144	34291	57	0.8771	-754.396
34291	35859	57	0.8934	754.397
30043	36053	57	0.8698	-10.991
30772	36053	57	0.8848	65.051
26116	36053	57	0.8112	-94.062
30043	30144	57	0.88	-0.502
30144	34000	57	0.8747	-0.000
30144	35859	57	0.925	0.000
30043	35859	57	0.8738	-0.502
34000	35859	57	0.9171	0.001
20063	35859	57	0.8351	-56.012
30043	31945	57	0.8316	64.520
20063	30043	57	0.8116	-55.510
24996	25896	57	0.8146	-0.500
24996	26116	57	0.8318	-0.001
6892	8732	58	0.8258	-0.001
6702	8738	58	0.8663	-0.984
6702	9897	58	0.9673	-0.002
6702	10739	58	0.9658	-0.001
6702	11213	58	0.7848	17.027
6892	10739	58	0.748	-347.172
8738	10739	58	0.8804	0.983
9897	10739	58	0.9675	0.000
10739	11213	58	0.8	17.028
8738	11213	58	0.7674	18.011
9897	11213	58	0.8119	17.028
8738	9897	58	0.8661	0.983
55280	55374	59	0.9822	33.021
55374	56055	59	0.9842	-620.912
55374	56348	59	0.982	-27.693
55280	56279	59	0.98	-38.698
56348	56467	59	0.9809	44.027
55297	56072	59	0.9806	610.401
56055	56072	59	0.9806	595.899
13636	15684	60	0.8682	231.129
15684	16820	60	0.8726	-344.214
15684	16828	60	0.9827	-344.214
15684	17695	60	0.9695	0.000
15684	17744	60	0.8773	-344.214
13636	16820	60	0.8614	-113.085
13636	16828	60	0.9021	-113.085
13636	17744	60	0.8712	-113.085
13590	13634	60	0.9029	396.203
13590	13720	60	0.9467	57.023
13590	13877	60	0.9137	-255.190
4678	7938	60	0.8796	-0.001
6421	7938	60	0.9865	-0.001
6412	7914	60	0.9057	-0.002
7914	9652	60	0.9304	0.000
13634	14612	60	0.8927	-12.000
14040	14612	60	0.881	-0.001
14250	14612	60	0.903	14.016
13634	14250	60	0.9046	-26.016
14250	17399	60	0.8955	-113.083
14250	19233	60	0.882	-42.047
14250	25248	60	0.9095	-76.033
14250	28842	60	0.8923	-76.034
13634	13720	60	0.9073	-339.180
13720	13877	60	0.9107	-312.213
1250	1990	60	0.983	-0.000
1250	4678	60	0.8965	31.006
1250	5418	60	0.8637	31.006
1250	8907	60	0.9107	31.005
1250	13360	60	0.8797	-82.079
1990	8907	60	0.9131	31.005
4678	8907	60	0.9663	-0.001
5418	8907	60	0.9282	-0.001
8907	13360	60	0.916	-113.084
13634	17744	60	0.9004	-113.084
14493	17744	60	0.9041	57.023
16438	17744	60	0.8879	57.023
16820	17744	60	0.9861	0.001
16828	17744	60	0.8799	0.000
17399	17744	60	0.8936	26.016
17695	17744	60	0.8969	-344.214
1990	4678	60	0.8949	31.006
1990	13360	60	0.886	-82.079
3789	5418	60	0.8879	-0.050
3789	6412	60	0.9493	-0.001
3789	9652	60	0.8614	-0.002
19233	25248	60	0.886	-33.986
19233	28842	60	0.8762	-33.987
4678	5418	60	0.9696	0.000
4678	6421	60	0.8655	-0.000
4678	13360	60	0.8985	-113.085
13360	13634	60	0.8672	-97.052
13634	13877	60	0.9045	-651.393
13634	14493	60	0.8987	-170.107
13634	16438	60	0.9048	-170.107
13634	16820	60	0.8962	-113.085
15712	16820	60	0.8614	-0.001
16820	16828	60	0.879	0.000
16828	17695	60	0.9821	344.214
25248	28842	60	0.9354	-0.001
16820	17399	60	0.877	-26.015
14493	16438	60	0.9585	-0.001
16438	16820	60	0.88	57.023
16820	17695	60	0.8974	344.214
14493	16820	60	0.8927	57.022
6412	9652	60	0.9018	-0.001
18967	20471	61	0.9279	0.000
18967	21425	61	0.7809	-49.534
18967	25066	61	0.8554	-49.534
17210	18967	61	0.927	-0.001
24331	24787	61	0.7612	73.518
24433	24787	61	0.8017	-7.010
24768	24787	61	0.8612	579.313
24787	27904	61	0.919	-0.000
24787	30155	61	0.7886	-579.313
24787	30594	61	0.9481	-0.001
27904	30594	61	0.9724	-0.000
30155	30594	61	0.8271	579.313
24331	30594	61	0.7978	73.518
24433	30594	61	0.7943	-7.010
24768	30594	61	0.9083	579.312
17210	20471	61	0.9273	-0.000
17210	21425	61	0.7845	-49.534
17210	25066	61	0.8718	-49.535
24768	27904	61	0.8522	579.313
21425	24284	61	0.8854	-572.805
24284	24433	61	0.9434	572.304
24284	25066	61	0.9741	572.805
23774	24331	61	0.8348	652.829
20154	23774	61	0.8821	-0.001
20471	21425	61	0.7699	-49.534
21425	24433	61	0.8768	-0.502
21425	25066	61	0.8825	-0.000
20471	25066	61	0.8791	-49.534
24768	30155	61	0.946	-0.000
24433	25066	61	0.9459	0.501
28815	31506	64	0.9713	0.001
28815	32824	64	0.9308	-85.053
19539	28815	64	0.905	-26.054
24282	28815	64	0.9326	1109.607
25715	28815	64	0.9589	-0.001
31506	32824	64	0.9547	-85.054
19070	31506	64	0.9179	-12.038
19539	31506	64	0.9118	-26.052
24282	31506	64	0.9322	1109.608
25715	31506	64	0.9802	0.000
17554	31506	64	0.9015	-42.046
17606	31506	64	0.9038	-26.052
20486	21142	64	0.9029	-1223.687
20486	24579	64	0.9113	-99.568
20486	25045	64	0.9483	-99.068
16590	20486	64	0.9171	87.031
21140	21142	64	0.9538	-0.994
21142	24579	64	0.9533	1124.120
21142	25045	64	0.9739	1124.619
17606	19070	64	0.9171	-14.013
17606	19539	64	0.9079	0.001
17606	32824	64	0.9067	-111.106
16590	21140	64	0.9052	-1135.661
16590	24579	64	0.9165	-12.536
16590	24745	64	0.9316	-26.056
16590	25045	64	0.9545	-12.037
21140	24579	64	0.934	1123.125
24579	25045	64	0.9427	0.500
17554	18016	64	0.9118	201.065
17554	19070	64	0.9062	-30.008
17554	20967	64	0.9023	200.079
19539	24282	64	0.9076	-1135.660
24282	25715	64	0.9198	1109.608
19070	30678	64	0.9116	-97.093
18437	25045	64	0.902	-228.108
18016	19070	64	0.9149	-231.073
19070	25715	64	0.9336	-12.039
19070	32824	64	0.9265	-97.093
25715	32824	64	0.9396	-85.054
18016	19539	64	0.9194	-217.059
18016	24745	64	0.9018	-243.110
19539	24745	64	0.9189	-26.051
21140	25045	64	0.9746	1123.625
24745	25045	64	0.9039	14.019
52138	54814	65	0.9795	-29.351
52138	56565	65	0.9794	-834.910
52138	56716	65	0.9992	-240.498
52138	57100	65	0.9965	-848.930
52138	57144	65	0.9876	30.011
52138	58788	65	0.9815	-14.017
40751	52138	65	0.988	95.363
32505	43673	65	0.9944	-138.090
32505	56565	65	0.9929	-906.651
32505	59000	65	0.9948	-115.443
56716	58788	65	0.9799	226.481
57100	58788	65	0.9854	834.912
57129	58788	65	0.9841	29.685
57144	58788	65	0.9971	-44.028
43673	59000	65	0.99	22.646
56565	59000	65	0.9966	791.208
59000	59279	65	0.9817	-14.341
40751	56716	65	0.9881	-145.136
56716	57100	65	0.9956	-608.431
56716	57129	65	0.9956	196.796
56716	57144	65	0.9862	270.509
54814	55083	65	0.9818	117.072
38940	57144	65	0.9819	81.683
57100	57144	65	0.987	878.940
57129	57144	65	0.9908	73.713
40751	43673	65	0.9801	29.014
43673	56565	65	0.984	-768.561
56565	57100	65	0.98	-14.020
56565	59279	65	0.9815	776.866
40751	57100	65	0.9878	-753.567
40751	57129	65	0.9892	51.661
57100	57129	65	0.9957	805.227
2469	3618	66	0.7218	58.006
3618	4702	66	0.9424	-0.000
2469	4702	66	0.7519	58.006
44873	46491	67	0.8362	389.242
44874	46491	67	0.8127	406.269
44876	46491	67	0.8583	812.540
44884	46491	67	0.8587	-0.002
46138	46491	67	0.8789	389.245
46159	46491	67	0.8379	406.271
46446	46491	67	0.8168	-17.029
46491	46542	67	0.8258	-406.269
46491	46545	67	0.9139	-389.242
46491	46547	67	0.8162	-812.541
44873	46542	67	0.9354	-17.027
44874	46542	67	0.9791	-0.000
44876	46542	67	0.8769	406.271
44884	46542	67	0.9211	-406.271
44907	46542	67	0.8933	-441.309
46159	46542	67	0.9734	0.002
46542	46545	67	0.8842	17.027
46542	46547	67	0.8027	-406.271
44871	46133	67	0.9724	-0.001
44873	46133	67	0.8436	460.301
46133	46500	67	0.9599	0.001
44876	46138	67	0.8515	423.296
46138	46446	67	0.846	406.273
46138	46545	67	0.859	0.002
46138	46547	67	0.8401	-423.296
44873	44874	67	0.9259	-17.027
44873	44876	67	0.838	-423.298
44873	44884	67	0.9468	389.244
44873	44907	67	0.9313	424.281
44873	46159	67	0.9387	-17.029
44873	46506	67	0.8511	424.280
44873	46545	67	0.9048	-0.000
44874	44876	67	0.8614	-406.271
44876	44884	67	0.8447	812.542
44876	46131	67	0.8371	-0.000
44876	46159	67	0.8879	406.269
44876	46545	67	0.9175	423.298
44876	46547	67	0.9126	-0.000
44871	46500	67	0.9386	-0.000
44884	46500	67	0.8415	71.058
44871	44907	67	0.8103	-36.021
44874	44907	67	0.8886	441.308
44884	44907	67	0.901	35.037
44907	46159	67	0.8796	-441.311
44907	46506	67	0.8382	-0.001
46446	46545	67	0.8543	-406.271
46131	46547	67	0.9149	-0.000
46159	46547	67	0.8037	-406.269
46131	46576	67	0.8039	-1.004
44874	44884	67	0.9096	406.271
44874	46159	67	0.9609	-0.002
44874	46545	67	0.8692	17.027
44884	46506	67	0.8447	35.036
46159	46506	67	0.8064	441.309
46506	46545	67	0.8509	-424.281
44884	46159	67	0.9312	-406.273
46159	46545	67	0.8965	17.029
44884	46545	67	0.913	-389.244
55394	55714	68	0.9844	540.186
55470	55714	68	0.985	117.737
55581	55714	68	0.987	58.701
55714	56145	68	0.9832	-151.425
55714	56433	68	0.9851	10.003
55714	56466	68	0.9849	24.679
55714	56494	68	0.9846	39.354
55714	56575	68	0.9859	-83.055
55714	56628	68	0.9855	-39.029
55714	56720	68	0.9844	-97.730
55177	56388	68	0.982	68.705
55746	56388	68	0.988	-19.347
56388	56466	68	0.9856	29.351
56388	56669	68	0.9856	-19.347
56388	56691	68	0.9827	39.354
55501	56330	68	0.9829	69.039
56098	56330	68	0.9799	535.185
56330	56352	68	0.9863	14.675
56330	56680	68	0.9838	24.344
55412	56763	68	0.9784	93.718
56488	56763	68	0.9813	73.711
55785	56628	68	0.984	-68.045
55526	55619	68	0.9865	44.026
55619	56114	68	0.9849	-502.834
55619	56191	68	0.9849	-78.049
55619	56232	68	0.99	-48.698
55619	56249	68	0.9868	-34.022
55619	56276	68	0.9883	-19.347
55619	56304	68	0.9832	-4.337
55619	56680	68	0.9865	34.682
55394	56152	68	0.9868	15.510
56135	56152	68	0.9835	0.505
56152	56304	68	0.9877	475.978
56152	56666	68	0.9886	515.332
56152	56680	68	0.9851	514.998
56152	56691	68	0.9832	559.359
56152	56704	68	0.9833	544.683
55177	56669	68	0.9871	49.358
55581	56669	68	0.9855	34.682
55649	56669	68	0.9878	5.332
56232	56669	68	0.986	69.039
56276	56669	68	0.9871	39.689
56433	56669	68	0.988	-34.022
56575	56669	68	0.9843	59.036
56628	56669	68	0.9842	15.010
56666	56669	68	0.9935	-14.675
55412	56146	68	0.9828	-4.672
56005	56146	68	0.9803	505.499
56146	56488	68	0.9857	24.679
56078	56098	68	0.9815	22.013
56098	56135	68	0.9847	44.026
56098	56680	68	0.9837	559.529
55526	56168	68	0.9846	-48.698
55694	56168	68	0.9827	-122.075
56168	56191	68	0.9841	14.675
56168	56249	68	0.9874	58.702
56168	56276	68	0.9841	73.377
56168	56352	68	0.9807	117.737
56168	56575	68	0.9853	54.029
55414	56494	68	0.9836	557.528
55414	56628	68	0.9853	479.144
55177	56692	68	0.9844	-24.019
55470	56692	68	0.988	20.341
55581	56692	68	0.9892	-38.695
56145	56692	68	0.9865	54.029
56304	56692	68	0.9857	-48.698
56433	56692	68	0.9847	-107.399
56575	56692	68	0.9842	-14.341
56628	56692	68	0.9851	-58.367
55526	56215	68	0.9878	-19.347
56145	56215	68	0.9819	43.692
56191	56215	68	0.9836	14.675
56215	56232	68	0.9872	14.675
56215	56249	68	0.9901	29.351
56215	56276	68	0.9841	44.026
55177	55746	68	0.984	88.052
55177	56276	68	0.9856	9.669
55177	56666	68	0.9871	64.033
56135	56249	68	0.9858	446.798
56135	56680	68	0.9823	515.503
55526	56249	68	0.9909	10.004
55649	56249	68	0.9845	-49.032
56114	56249	68	0.9845	468.811
56249	56276	68	0.9913	14.675
56249	56352	68	0.9848	59.036
56249	56720	68	0.9854	-19.348
55394	55746	68	0.9842	554.862
55649	55746	68	0.9871	44.026
55746	56433	68	0.9879	-4.672
55746	56466	68	0.9892	10.003
55746	56575	68	0.9859	-97.731
55746	56666	68	0.9869	-24.019
55501	56191	68	0.9842	-19.347
55526	56191	68	0.9917	-34.022
55694	56191	68	0.9856	-107.399
56191	56232	68	0.9882	29.351
56191	56276	68	0.9842	58.701
56191	56575	68	0.9867	39.354
55501	56352	68	0.9831	83.715
55526	56352	68	0.9852	69.039
55694	56352	68	0.9836	-4.337
55526	55649	68	0.9845	59.036
55526	55694	68	0.985	73.377
55526	56232	68	0.9889	-4.672
55526	56276	68	0.9867	24.679
55470	56304	68	0.9832	69.039
55581	56304	68	0.9866	10.003
55649	56304	68	0.9874	-19.347
56276	56304	68	0.9856	15.010
56304	56433	68	0.9847	58.701
56304	56666	68	0.9879	39.354
56304	56693	68	0.9847	54.030
56304	56720	68	0.9854	-49.033
55394	56466	68	0.9848	564.865
55581	56466	68	0.9867	83.380
55649	56466	68	0.9874	54.029
56433	56466	68	0.9863	14.675
56466	56494	68	0.9861	14.675
56466	56666	68	0.9876	-34.022
55581	55649	68	0.9863	29.351
55581	56145	68	0.9868	-92.724
55581	56433	68	0.9884	68.705
55581	56488	68	0.9881	-68.380
55581	56666	68	0.9883	49.358
55694	56232	68	0.9862	-78.048
56114	56232	68	0.9877	454.136
56232	56276	68	0.9891	29.351
56232	56575	68	0.9868	10.003
56232	56680	68	0.986	83.380
56232	56720	68	0.9866	-4.672
56114	56680	68	0.9845	537.516
56276	56680	68	0.9872	54.030
56680	56693	68	0.9853	15.010
56680	56704	68	0.9842	29.685
55501	55694	68	0.9818	88.052
55694	56114	68	0.9827	-532.184
55470	56575	68	0.9845	34.682
55470	56628	68	0.9847	78.708
56494	56628	68	0.9896	-78.383
56494	56704	68	0.9818	-19.347
55394	56114	68	0.9849	-7.008
55368	56720	68	0.9845	464.469
55649	56720	68	0.9862	-68.380
56488	56720	68	0.9843	29.351
56575	56720	68	0.9848	-14.675
56628	56720	68	0.9866	-58.701
55368	56145	68	0.9821	410.774
55649	56488	68	0.9857	-97.731
55649	56666	68	0.9886	20.007
55649	56704	68	0.9855	49.358
55394	56575	68	0.9845	457.131
55394	56005	68	0.9864	-117.072
55394	56433	68	0.9852	550.190
55394	56628	68	0.9842	501.157
56433	56666	68	0.9886	-19.347
56666	56704	68	0.9871	29.351
55368	56005	68	0.9823	-95.059
56433	56628	68	0.9861	-49.032
1475	2480	69	0.915	0.000
1475	2491	69	0.9334	-131.094
1475	4195	69	0.9384	0.000
2480	4195	69	0.9633	-0.000
2491	4195	69	0.9163	131.094
2480	2491	69	0.9075	-131.095
33385	35189	70	0.902	1283.693
33419	35189	70	0.8856	1282.694
34600	35189	70	0.8813	261.621
35189	35845	70	0.9358	-857.466
35189	36653	70	0.9194	8.514
18849	19503	70	0.9203	-743.435
18858	19503	70	0.9107	-751.446
19503	20255	70	0.9376	751.949
19503	20699	70	0.9421	743.937
19503	20784	70	0.8759	752.449
17132	19503	70	0.9268	-0.004
17291	19503	70	0.9097	-17.029
30714	36566	70	0.9557	-9.015
30720	36566	70	0.9509	-0.501
30725	36566	70	0.9601	800.944
30838	36566	70	0.9627	-0.000
32669	36566	70	0.9505	-57.021
34342	36566	70	0.9589	-8.012
34692	36566	70	0.9656	816.972
34812	36566	70	0.9503	817.974
36315	36566	70	0.9744	-8.012
36562	36566	70	0.9406	-0.501
20334	22340	70	0.885	-0.001
20334	22592	70	0.9508	541.803
32096	33419	70	0.9177	-1291.208
33385	33419	70	0.9365	0.999
33419	33460	70	0.9056	1013.060
33419	34600	70	0.9243	1021.073
33419	35845	70	0.911	425.228
33419	38794	70	0.9026	1021.068
33419	39027	70	0.8855	-22.986
36740	39010	70	0.9729	-0.001
16111	39010	70	0.9014	354.192
30343	34912	70	0.8719	0.000
30343	35583	70	0.8628	101.048
30343	36541	70	0.8642	101.048
18932	30343	70	0.8625	-113.082
21711	30343	70	0.8699	-113.082
32096	36653	70	0.9206	0.000
35845	36653	70	0.901	865.980
16111	36653	70	0.91	362.707
17640	36653	70	0.9093	-194.615
33385	33411	70	0.8626	-20.983
33385	33422	70	0.9038	-21.986
33385	33460	70	0.8696	1014.059
33385	34600	70	0.8954	1022.072
33385	35845	70	0.8841	426.227
33385	37290	70	0.8676	-16.027
33385	38963	70	0.869	1014.058
33385	40204	70	0.9286	1014.059
18735	22511	70	0.8709	-97.053
18932	22511	70	0.8638	101.047
19093	22511	70	0.8924	0.000
21537	22511	70	0.9697	0.001
21711	22511	70	0.8637	101.047
22340	22511	70	0.8685	330.157
22511	31025	70	0.8767	-113.082
22511	35583	70	0.8782	-113.081
22511	36541	70	0.8909	-113.081
31025	35583	70	0.9792	0.001
31025	36541	70	0.9781	0.000
20126	31025	70	0.8922	-295.189
21093	31025	70	0.892	-295.190
17881	31025	70	0.8743	-295.190
15083	17074	70	0.8981	-99.069
15087	17074	70	0.9001	458.256
16111	17074	70	0.9176	458.253
16749	17074	70	0.9259	-99.068
17074	17640	70	0.9404	99.069
17074	18735	70	0.9547	-0.004
17074	19995	70	0.9585	-0.002
17074	21537	70	0.8654	-97.057
15384	17881	70	0.8741	-113.084
17881	19666	70	0.867	-0.430
17881	20126	70	0.948	-0.001
17881	21093	70	0.975	-0.000
17881	35583	70	0.8648	-295.190
18672	20699	70	0.9009	0.001
18849	20699	70	0.9429	0.502
18858	20699	70	0.9323	-7.509
20255	20699	70	0.9598	-8.012
20699	20784	70	0.8894	8.512
17132	20699	70	0.9602	743.933
17291	20699	70	0.9222	726.908
18672	18785	70	0.894	-726.910
18672	18849	70	0.8968	-0.501
18672	20193	70	0.8943	-2.980
18672	20255	70	0.88	8.013
18672	20784	70	0.9119	8.514
18672	21852	70	0.8749	-0.437
18672	22329	70	0.8742	-727.788
11584	18672	70	0.8728	-333.684
17132	18672	70	0.8829	743.932
30714	30725	70	0.9504	-809.960
30720	30725	70	0.9388	-801.445
30725	30838	70	0.95	800.945
30725	32669	70	0.9453	857.965
30725	34342	70	0.9384	808.957
30725	34692	70	0.9705	-16.028
30725	34812	70	0.9422	-17.029
30725	36315	70	0.942	808.957
30725	36562	70	0.9354	801.445
30838	34342	70	0.9384	8.012
32669	34342	70	0.9401	-49.009
34342	34692	70	0.9395	-824.984
34342	34812	70	0.969	-825.986
34342	36315	70	0.9564	-0.000
34342	36562	70	0.9342	-7.511
34342	36606	70	0.9385	49.008
18849	20255	70	0.954	8.514
18858	20255	70	0.9476	0.503
19236	20255	70	0.8827	-0.063
17132	20255	70	0.9627	751.946
17291	20255	70	0.9307	734.921
18872	20193	70	0.8888	-0.002
17553	20193	70	0.8804	-0.502
19666	19986	70	0.9058	-0.575
19666	20126	70	0.9079	0.429
37290	40204	70	0.9426	1030.085
33411	34600	70	0.9304	1043.056
34600	37258	70	0.8888	-1022.077
34600	38794	70	0.9044	-0.005
34600	39188	70	0.9447	-1039.108
18932	21711	70	0.9495	0.001
21537	21711	70	0.8742	-101.046
21711	34912	70	0.8648	-113.082
33411	39188	70	0.9274	3.948
33422	39188	70	0.877	4.951
33460	39188	70	0.8707	-1031.094
33461	39188	70	0.8744	-1030.591
36937	39188	70	0.9106	-1030.591
37258	39188	70	0.9331	-17.030
38794	39188	70	0.927	-1039.103
39027	39188	70	0.8798	4.951
17553	18872	70	0.9363	-0.501
18735	19995	70	0.9845	0.002
15083	18735	70	0.8991	-99.072
15087	18735	70	0.9148	458.252
16111	18735	70	0.9123	458.249
16749	18735	70	0.9344	-99.071
17640	18735	70	0.9399	-99.073
18785	23416	70	0.8897	734.986
18978	23416	70	0.938	0.064
21852	23416	70	0.9096	8.513
22329	23416	70	0.9314	735.864
22904	23416	70	0.9113	0.502
23377	23416	70	0.9086	9.017
15083	15087	70	0.9368	-557.325
15087	16111	70	0.967	0.003
15087	16749	70	0.9566	557.324
15087	17640	70	0.9653	557.325
15087	19995	70	0.914	458.254
15087	36740	70	0.8781	354.195
30714	30838	70	0.9511	-9.015
30720	30838	70	0.9364	-0.501
30838	34692	70	0.9613	-816.972
30838	34812	70	0.9384	-817.974
30838	36315	70	0.9436	8.012
30838	36606	70	0.9374	57.020
21067	22340	70	0.9177	-0.004
21067	22592	70	0.8895	541.800
18932	21537	70	0.8648	101.047
30714	36562	70	0.9379	-8.514
30720	36562	70	0.9772	0.000
31812	36562	70	0.927	703.429
32669	36562	70	0.9446	-56.520
34692	36562	70	0.9486	817.473
34812	36562	70	0.9603	818.475
36315	36562	70	0.9228	-7.511
33411	38794	70	0.9137	1043.051
33461	38794	70	0.9419	8.512
36937	38794	70	0.9211	8.512
37258	38794	70	0.941	1022.073
38794	39027	70	0.8749	-1044.054
18785	18978	70	0.9152	734.922
18785	19236	70	0.8892	734.987
18785	20784	70	0.8696	735.424
18785	21852	70	0.9281	726.473
18785	22329	70	0.9241	-0.877
17132	17291	70	0.9329	17.025
17291	18849	70	0.9001	726.406
17291	18858	70	0.8994	734.417
19986	20126	70	0.8863	1.004
35583	36541	70	0.9897	-0.000
20126	35583	70	0.8922	-295.189
21093	35583	70	0.8735	-295.189
21537	35583	70	0.8711	-113.080
30714	32669	70	0.9615	48.006
30720	32669	70	0.9554	56.520
31812	32669	70	0.9613	759.949
32669	34812	70	0.9512	-874.995
32669	36315	70	0.9437	-49.009
32669	36606	70	0.9549	-0.000
18978	21852	70	0.919	-8.449
18978	22329	70	0.9383	-735.799
18978	22904	70	0.8995	-0.438
18978	23377	70	0.8624	-8.953
19995	21537	70	0.8711	-97.055
15083	19995	70	0.8996	-99.070
16111	19995	70	0.918	458.251
16749	19995	70	0.9386	-99.070
17640	19995	70	0.9457	-99.071
33461	35322	70	0.9209	269.635
33461	36937	70	0.94	-0.000
33461	37258	70	0.9311	-1013.560
33461	38963	70	0.9068	0.503
33461	39027	70	0.9115	-1035.542
21852	22904	70	0.8945	8.011
22329	22904	70	0.8723	735.362
32096	35845	70	0.9086	-865.980
21537	22340	70	0.8647	-330.157
22340	22592	70	0.9018	541.804
18849	18858	70	0.9354	8.011
18849	19236	70	0.8656	8.577
18849	20784	70	0.8889	9.015
17132	18849	70	0.9389	743.431
33411	39027	70	0.9182	-1.003
33422	39027	70	0.9196	-0.000
36937	39027	70	0.9321	-1035.542
37258	39027	70	0.9317	-21.982
11584	16749	70	0.8926	-147.069
15083	16749	70	0.9552	-0.001
16111	16749	70	0.9597	557.321
16749	17640	70	0.9836	0.001
11584	15083	70	0.873	-147.068
15083	16111	70	0.9333	-557.322
15083	17640	70	0.9446	0.000
33411	36937	70	0.9099	1034.539
33422	36937	70	0.87	1035.542
36937	37258	70	0.9413	-1013.560
33411	33422	70	0.9079	-1.003
33422	33460	70	0.8757	1036.045
18858	20784	70	0.8733	1.003
17132	18858	70	0.9125	751.443
16111	17640	70	0.9672	557.322
16111	36740	70	0.9019	354.192
30714	30720	70	0.959	-8.514
30714	31812	70	0.927	-711.943
30714	34692	70	0.9451	-825.987
30714	36315	70	0.9446	-1.003
17132	20784	70	0.8678	752.446
21852	22329	70	0.9454	-727.350
21852	23377	70	0.8734	-0.504
31812	36606	70	0.945	759.949
34812	36606	70	0.9357	874.994
35322	36606	70	0.917	0.002
30720	34812	70	0.9432	-818.475
34692	34812	70	0.9566	-1.002
34812	36315	70	0.9359	825.986
17132	19236	70	0.8841	752.009
33411	37258	70	0.9306	20.979
11584	17640	70	0.8942	-147.068
19236	22329	70	0.8694	-735.864
21537	22592	70	0.8629	211.648
30720	31812	70	0.9424	-703.429
30720	34692	70	0.9497	-817.473
34692	36315	70	0.9408	824.984
22329	23377	70	0.8842	726.846
35322	36740	70	0.923	0.503
19093	21537	70	0.8825	-0.000
20126	21093	70	0.9493	0.001
20126	36541	70	0.8803	-295.189
21093	36541	70	0.865	-295.190
15384	21093	70	0.8639	-113.084
30720	36315	70	0.9307	7.511
21537	36541	70	0.874	-113.080
1312	3237	71	0.8641	0.000
1312	4063	71	0.8822	-0.001
1312	5271	71	0.8945	-0.001
1312	8193	71	0.8703	-0.001
1312	12618	71	0.8176	15.995
3158	12618	71	0.8275	-111.032
3237	12618	71	0.9049	15.994
4063	12618	71	0.8715	15.995
5075	12618	71	0.913	-111.032
5271	12618	71	0.8889	15.995
6056	12618	71	0.8554	-111.032
7280	12618	71	0.885	-111.032
8193	12618	71	0.908	15.996
3158	10095	71	0.7583	-194.109
5075	10095	71	0.7846	-194.109
6056	10095	71	0.8	-194.109
7280	10095	71	0.7993	-194.109
8096	10095	71	0.9473	697.349
9373	10095	71	0.7732	-232.450
10095	10694	71	0.7168	64.046
4999	9373	71	0.709	-213.279
8094	9373	71	0.7765	-0.001
8096	9373	71	0.7214	929.799
9373	10694	71	0.7279	-168.404
3158	6056	71	0.9125	-0.000
5075	6056	71	0.9478	-0.000
6056	7280	71	0.9628	-0.000
6056	8096	71	0.7517	-891.458
3237	5271	71	0.9401	-0.001
4063	5271	71	0.9784	0.000
5271	6183	71	0.7305	0.000
5271	8193	71	0.9484	-0.001
1216	8302	71	0.7279	32.929
4756	8302	71	0.7598	-140.103
8094	8302	71	0.7665	0.655
8284	8302	71	0.8073	-1.004
8302	11064	71	0.8597	1.002
4063	6183	71	0.7346	0.000
6183	8193	71	0.7187	-0.001
3158	5075	71	0.9107	-0.000
5075	7280	71	0.9734	-0.000
5075	8096	71	0.7397	-891.458
3158	8096	71	0.7377	-891.458
7280	8096	71	0.7564	-891.458
3158	7280	71	0.9179	-0.000
27742	32752	71	0.7993	0.001
4756	8284	71	0.8622	-139.100
8284	11064	71	0.924	-0.001
8284	27742	71	0.759	-241.097
3237	4063	71	0.9297	-0.001
3237	8193	71	0.9803	-0.002
4756	11064	71	0.8203	-139.101
11064	27742	71	0.7	-241.096
4063	8193	71	0.9355	-0.000
17377	19091	75	0.9468	-0.003
17377	20170	75	0.9387	-0.002
17377	22788	75	0.904	115.041
20786	20837	75	0.9257	-113.082
20837	24889	75	0.909	-0.001
20837	27390	75	0.9012	114.036
30937	32098	75	0.9804	0.002
23732	30937	75	0.9109	-12.037
26445	30937	75	0.9644	-0.002
18847	20786	75	0.9799	1099.571
17333	18847	75	0.9186	-1098.570
21458	24195	75	0.901	-887.976
21458	24916	75	0.9424	0.499
21458	24954	75	0.9827	-888.977
21458	32098	75	0.9071	-112.586
13401	14093	75	0.9301	14.052
14093	16084	75	0.921	114.040
14093	16859	75	0.9592	-0.001
14093	17359	75	0.907	-1361.701
14093	17429	75	0.9168	114.040
14093	18383	75	0.9098	114.040
13401	16859	75	0.9203	14.051
16064	16859	75	0.9068	0.001
16859	17429	75	0.9321	114.041
16859	18383	75	0.9012	114.041
17363	17376	75	0.9478	17.025
17376	18840	75	0.9096	-0.507
17376	18848	75	0.9734	-0.001
17376	18860	75	0.9603	-17.027
17376	19229	75	0.9081	-0.504
17376	20017	75	0.9489	540.769
17376	20764	75	0.9765	549.784
17376	20765	75	0.9679	541.271
18501	22544	75	0.9086	-40.029
21249	22544	75	0.9431	4.000
22544	23383	75	0.9189	99.066
22544	25179	75	0.9184	-2.019
22544	26241	75	0.9638	-0.002
22544	27390	75	0.9189	-113.089
22544	32671	75	0.9232	-113.091
17272	22544	75	0.9285	-10.022
17841	22544	75	0.958	3.997
17272	17841	75	0.9667	-14.019
17841	18501	75	0.9646	44.026
17841	18674	75	0.9111	14.017
17841	21249	75	0.9657	-0.004
17841	25179	75	0.9437	1.977
17841	26241	75	0.9478	3.995
19091	22788	75	0.9167	115.044
20170	22788	75	0.9022	115.043
22619	22788	75	0.9221	-1.006
18501	21249	75	0.9442	-44.030
18674	21249	75	0.9374	-14.021
20139	21249	75	0.9043	-44.026
20786	21249	75	0.927	110.042
21249	22033	75	0.9291	44.027
21249	25179	75	0.9791	1.981
21249	26241	75	0.9438	3.999
17272	21249	75	0.9451	-14.022
19501	20516	75	0.9493	100.046
20516	20693	75	0.9435	-100.044
20516	20786	75	0.9465	1.002
16566	20516	75	0.9225	86.030
27390	32671	75	0.9676	-0.002
23383	27390	75	0.9242	-212.155
25103	27390	75	0.9019	-113.086
16566	17333	75	0.9174	86.031
17095	17333	75	0.9548	100.045
17333	17699	75	0.9076	-86.034
17333	20693	75	0.9129	-100.045
17333	20786	75	0.9406	1.001
17333	22619	75	0.9277	114.041
17333	26241	75	0.9272	115.042
13401	16084	75	0.9234	128.093
21397	38967	75	0.917	-45.026
38967	46175	75	0.9043	46.059
16064	17429	75	0.9046	114.042
16084	18383	75	0.9244	-0.000
17429	18383	75	0.9532	0.000
18840	19229	75	0.9893	0.003
18840	20764	75	0.906	550.292
18840	20765	75	0.9046	541.779
17359	18840	75	0.9529	1099.062
17095	17699	75	0.9314	14.011
17699	18514	75	0.9275	86.032
17699	19501	75	0.9064	-14.013
17699	20693	75	0.9063	-14.011
17359	19229	75	0.9581	1099.065
17359	20764	75	0.9056	1649.353
21397	22033	75	0.9036	-57.028
21397	24195	75	0.9305	-888.476
23383	32671	75	0.9186	-212.157
25103	32671	75	0.9044	-113.089
23732	24916	75	0.9092	101.050
23732	26445	75	0.9329	-12.035
23732	32098	75	0.9096	-12.035
16084	17429	75	0.9305	-0.001
17429	23383	75	0.9048	-163.064
24916	26445	75	0.9121	-113.085
26412	26445	75	0.914	-0.000
26445	30949	75	0.9163	-0.001
26445	32098	75	0.9629	-0.000
18848	18860	75	0.974	-17.026
18848	19229	75	0.9048	-0.503
18848	20017	75	0.9545	540.770
18848	20764	75	0.9865	549.785
18848	20765	75	0.9764	541.272
17363	18848	75	0.959	17.024
21191	24195	75	0.906	-770.394
20139	22033	75	0.9279	0.001
20139	25179	75	0.9026	-42.045
18501	24916	75	0.9117	57.025
24195	24916	75	0.9481	888.475
24916	24954	75	0.9163	-889.475
22619	26241	75	0.9246	1.001
17363	18860	75	0.9599	-0.003
17363	20017	75	0.9444	557.793
17363	20764	75	0.9572	566.809
17363	20765	75	0.9601	558.296
46172	47118	75	0.9802	-0.002
16566	17095	75	0.9316	-14.013
16566	19501	75	0.9178	-14.016
16566	20693	75	0.972	-14.014
16566	20786	75	0.9556	87.033
18501	25179	75	0.9269	-42.049
18674	25179	75	0.9211	-12.039
22033	25179	75	0.9357	-42.046
25179	26241	75	0.9289	2.018
17272	25179	75	0.9282	-12.041
17272	18501	75	0.966	30.007
17272	26241	75	0.9321	-10.024
19091	20170	75	0.9623	0.001
18860	20017	75	0.9496	557.796
20017	20764	75	0.9565	9.016
20017	20765	75	0.9585	0.503
18860	20765	75	0.9745	558.299
19229	20765	75	0.9022	541.776
20764	20765	75	0.9765	-8.513
15938	17405	75	0.9798	-0.002
17405	18524	75	0.9832	0.001
17405	19560	75	0.9034	114.042
18514	19501	75	0.9756	-100.045
17095	19501	75	0.9018	-0.003
17095	20693	75	0.9235	-0.000
17095	20786	75	0.9426	101.046
18501	26241	75	0.9115	-40.031
20786	26241	75	0.9417	114.041
23383	26241	75	0.9177	-99.068
19501	20693	75	0.9357	0.002
19501	20786	75	0.9293	101.049
13752	23383	75	0.9188	128.094
46172	46175	75	0.9544	17.027
15938	18524	75	0.9766	-0.001
26412	30949	75	0.9618	-0.002
18860	20764	75	0.9757	566.812
20693	20786	75	0.9591	101.047
19229	20764	75	0.905	550.288
18524	19560	75	0.9135	114.041
19560	23383	75	0.9419	-0.002
16413	17135	76	0.9194	-0.001
31975	35678	77	0.9548	0.000
5430	12685	79	0.9013	15.995
7407	12685	79	0.894	15.994
8373	12685	79	0.8894	15.994
5430	7407	79	0.9796	0.001
7407	8373	79	0.979	-0.000
5430	8373	79	0.9779	0.001
2714	3120	80	0.8768	1.056
3120	4419	80	0.8288	261.638
3120	4681	80	0.8519	261.109
3120	6332	80	0.9532	261.109
3120	7392	80	0.8565	261.109
3120	11465	80	0.8543	-1.057
6332	11418	80	0.7917	-577.797
10262	11418	80	0.7877	-280.321
10527	11418	80	0.8673	-420.231
11418	11716	80	0.7872	279.988
3890	5107	80	0.8027	-307.471
4357	5107	80	0.9684	-262.627
5107	5840	80	0.8062	18.010
5107	8052	80	0.8646	-0.000
5107	9268	80	0.9163	0.921
5107	10421	80	0.8591	18.010
5107	11465	80	0.8444	0.922
2714	11465	80	0.9038	-0.001
4681	11465	80	0.9112	-262.166
6332	11465	80	0.845	-262.166
7392	11465	80	0.9075	-262.166
8052	11465	80	0.84	0.922
10262	10527	80	0.8784	139.910
10262	11716	80	0.9521	-0.333
1770	2936	80	0.9712	-0.001
1798	2936	80	0.7988	-326.676
2936	4255	80	0.9693	0.000
2936	5224	80	0.8093	0.000
2936	9242	80	0.9371	-0.000
2936	9320	80	0.7812	326.675
4357	8049	80	0.8094	9.005
5840	8049	80	0.9016	253.622
8049	9268	80	0.7913	-270.711
8049	10421	80	0.8648	-253.622
2714	4681	80	0.9781	262.166
4681	6332	80	0.8388	-0.000
4681	7392	80	0.9879	-0.000
4357	8052	80	0.8239	-262.627
8052	9268	80	0.8021	0.922
4419	6391	80	0.9184	0.000
5309	6391	80	0.9782	0.000
6391	9412	80	0.98	-0.000
1798	4615	80	0.9446	-0.501
2406	4615	80	0.9415	326.174
4204	4615	80	0.8366	0.502
4466	4615	80	0.8786	-0.501
4615	5623	80	0.9276	-0.502
4615	9320	80	0.9372	0.501
1770	4255	80	0.9503	-0.001
4255	5224	80	0.8268	0.000
4255	9242	80	0.9529	-0.000
4419	5309	80	0.9182	-0.000
4419	6332	80	0.8238	-0.528
4419	9412	80	0.9276	-0.000
1798	2406	80	0.9752	-326.675
2406	4466	80	0.9043	326.675
2406	5623	80	0.8293	325.672
2406	9320	80	0.9544	326.674
2406	10421	80	0.7836	146.105
10527	11716	80	0.8537	-140.243
3890	9268	80	0.7995	-306.549
4357	9268	80	0.9013	-261.705
5840	9268	80	0.8118	-17.089
9268	10421	80	0.8754	17.088
5309	9412	80	0.9807	-0.000
1798	3890	80	0.7919	108.891
3890	4357	80	0.826	-44.844
3890	9320	80	0.782	-108.892
3890	10421	80	0.8385	-289.461
4357	5840	80	0.8325	-244.616
5840	10421	80	0.9314	-0.001
1798	4204	80	0.8099	-1.003
4204	4466	80	0.8402	1.003
4204	5623	80	0.8765	-0.000
4204	9320	80	0.8067	1.003
4357	10421	80	0.9106	-244.617
1770	9320	80	0.7863	326.674
1798	9320	80	0.9431	-0.001
4466	9320	80	0.9339	-0.000
5623	9320	80	0.8843	1.003
2714	6332	80	0.8663	262.166
6332	7392	80	0.8472	-0.000
1770	9242	80	0.9257	-0.001
5224	9242	80	0.8318	-0.001
1798	5623	80	0.873	-1.003
4466	5623	80	0.8389	-1.003
1798	4466	80	0.8987	-0.000
1770	1798	80	0.8185	326.675
2714	7392	80	0.9714	262.165
17354	20373	81	0.9516	-16.032
7350	7841	82	0.9069	115.027
7841	8864	82	0.9629	0.001
3634	4959	82	0.8881	27.067
3769	4959	82	0.9748	-0.000
4511	4959	82	0.9782	0.000
4959	5193	82	0.8952	244.423
4959	6244	82	0.9621	-0.001
4959	6553	82	0.9564	17.989
4959	7350	82	0.9669	-99.089
3634	3769	82	0.8856	27.067
3769	4511	82	0.9724	-0.000
3769	5193	82	0.8877	244.423
3769	6244	82	0.9615	-0.002
3769	6553	82	0.9381	17.989
3769	7350	82	0.9387	-99.089
3634	6553	82	0.9075	45.057
4511	6553	82	0.9526	17.990
5193	6553	82	0.9082	-226.434
6244	6553	82	0.9317	17.991
6553	7350	82	0.9536	-117.078
6553	8864	82	0.8998	-2.051
4511	6244	82	0.9565	-0.001
5193	6244	82	0.8964	-244.425
6244	7350	82	0.9212	-99.088
3634	7350	82	0.8984	-72.022
4511	7350	82	0.9547	-99.089
7350	8864	82	0.9029	115.028
3634	5193	82	0.8849	271.491
3634	8864	82	0.8934	43.006
4511	5193	82	0.8972	244.424
12964	13158	83	0.9462	0.999
5478	7514	84	0.9615	-0.001
5491	7514	84	0.7559	-0.002
7514	7680	84	0.821	380.704
7514	9514	84	0.9496	-0.000
7514	10451	84	0.8117	0.000
5478	5491	84	0.7751	0.001
5491	7680	84	0.9346	380.703
5491	9514	84	0.7748	-0.002
5491	10451	84	0.8954	-0.001
5491	11725	84	0.7382	-48.001
5478	9514	84	0.977	-0.001
7680	9514	84	0.8479	-380.705
9514	10451	84	0.8366	0.001
7680	11725	84	0.7444	-428.704
10451	11725	84	0.7858	-48.000
5478	7680	84	0.8401	380.704
5478	10451	84	0.8298	-0.000
7680	10451	84	0.9591	-380.704
17588	18065	85	0.7719	-0.994
17588	18570	85	0.7883	440.183
17588	18772	85	0.7427	-113.084
17588	19397	85	0.7774	-0.994
17588	19544	85	0.7738	439.690
17588	19568	85	0.791	440.183
27068	32478	85	0.8638	-0.012
28773	32478	85	0.8741	-0.000
29240	32478	85	0.9125	17.031
30148	32478	85	0.8285	0.001
30806	32478	85	0.7689	-0.992
24693	32478	85	0.8026	-0.992
24813	32478	85	0.8522	-0.000
18570	19568	85	0.8621	0.000
19544	19568	85	0.8747	0.493
19568	20748	85	0.8144	-555.262
15789	16193	85	0.8033	114.043
16193	16819	85	0.8189	-0.981
16193	17581	85	0.8226	0.003
16193	17734	85	0.7974	-114.045
16193	17980	85	0.8237	-114.043
16193	18146	85	0.8169	-97.014
16193	18557	85	0.7853	-0.983
16193	18591	85	0.8693	0.001
16193	20070	85	0.8039	-0.982
16193	20696	85	0.792	-97.017
27068	30806	85	0.8079	0.980
28746	30806	85	0.8925	17.027
28773	30806	85	0.886	0.992
29076	30806	85	0.9372	0.000
30148	30806	85	0.8368	0.993
24693	30806	85	0.9	0.001
24735	30806	85	0.9392	17.028
24813	30806	85	0.8946	0.992
17980	20696	85	0.7981	17.026
18146	20696	85	0.9526	-0.002
18557	20696	85	0.7474	-96.034
18591	20696	85	0.7897	-97.018
20070	20696	85	0.7589	-96.035
20696	21001	85	0.9612	-17.020
20696	22155	85	0.9589	0.001
17581	20696	85	0.765	-97.019
24693	24813	85	0.8913	-0.991
24735	24813	85	0.8892	16.036
24813	27068	85	0.871	0.012
24813	28746	85	0.8536	-16.035
24813	28773	85	0.9029	0.000
24813	29076	85	0.8651	0.992
24813	29240	85	0.8277	-17.031
24813	30148	85	0.7892	-0.001
28773	30148	85	0.8808	-0.001
29076	30148	85	0.8241	-0.993
29240	30148	85	0.8166	17.030
24693	30148	85	0.8047	-0.992
19544	20748	85	0.7862	-554.770
20103	20748	85	0.824	-1.000
17980	19435	85	0.8525	-0.985
18065	19435	85	0.8353	0.995
19397	19435	85	0.8901	0.995
19435	19625	85	0.8551	-113.083
19435	20787	85	0.8268	-113.083
15789	19435	85	0.8287	-0.985
16567	19435	85	0.8882	-0.003
16587	19435	85	0.8737	0.991
17432	19435	85	0.8829	-0.000
17734	19435	85	0.8122	-0.982
16567	16587	85	0.8856	-0.995
16587	17387	85	0.8015	-112.090
16587	17432	85	0.8709	0.991
16587	17437	85	0.8064	-113.087
16587	18065	85	0.808	-0.003
16587	18827	85	0.8302	-112.092
16587	19397	85	0.8973	-0.003
16587	19625	85	0.8288	-112.091
16587	20787	85	0.8453	-112.091
27041	30782	85	0.8749	-543.315
17980	18065	85	0.7729	-1.979
18065	18591	85	0.7889	116.024
18065	19251	85	0.7743	-113.085
18065	19397	85	0.8858	0.000
18065	20103	85	0.827	-113.086
18065	27068	85	0.7966	-95.059
17437	18065	85	0.8479	113.084
18146	18557	85	0.777	96.031
18557	18591	85	0.8037	0.985
18557	20070	85	0.9538	0.001
18557	22155	85	0.7696	-96.033
16819	18557	85	0.9328	-0.002
17581	18557	85	0.7736	-0.986
16567	17387	85	0.812	-113.085
17387	17432	85	0.7894	113.082
17387	17437	85	0.8114	-0.997
17387	18029	85	0.7881	0.981
17387	18772	85	0.8099	-0.003
17387	18827	85	0.8399	-0.002
17387	19625	85	0.834	-0.001
17387	20787	85	0.8732	-0.001
18772	19251	85	0.8556	-0.995
19251	19397	85	0.7438	113.085
19251	19625	85	0.8097	0.997
19251	20103	85	0.815	-0.001
17437	19251	85	0.8567	-0.001
19544	27041	85	0.7435	9.461
27068	29076	85	0.8107	0.980
28746	29076	85	0.9369	17.027
28773	29076	85	0.8236	0.992
29076	29240	85	0.7816	-18.023
24693	29076	85	0.9484	0.001
24735	29076	85	0.9602	17.028
17581	29076	85	0.752	-210.104
16819	17581	85	0.8136	0.984
16819	18591	85	0.8312	0.983
16819	20070	85	0.9226	-0.000
16819	22155	85	0.7646	-96.035
16855	16857	85	0.7514	-0.997
18029	18827	85	0.8066	-0.983
18827	19625	85	0.8336	0.001
18827	20013	85	0.8392	0.984
18827	20787	85	0.9367	0.001
16567	18827	85	0.885	-113.087
17432	18827	85	0.8889	-113.083
17437	18827	85	0.7671	0.995
17980	18146	85	0.8007	17.028
18146	18591	85	0.7917	97.016
18146	20070	85	0.7999	96.033
18146	21001	85	0.9204	-17.022
18146	22155	85	0.9309	-0.002
17581	18146	85	0.7803	-97.017
18591	20070	85	0.7985	-0.983
20070	22155	85	0.7681	-96.034
17581	20070	85	0.7742	-0.984
17980	18591	85	0.8453	114.044
18591	22155	85	0.8027	-97.018
17581	18591	85	0.9172	-0.001
15789	16857	85	0.7658	-114.079
16857	18029	85	0.8249	0.994
16857	18570	85	0.7585	553.276
16857	20013	85	0.8092	0.995
15789	16567	85	0.8486	-0.981
15789	17432	85	0.8212	-0.985
15789	17734	85	0.883	-0.002
15789	17980	85	0.8462	-0.000
15789	18029	85	0.7884	-113.085
15789	20013	85	0.8103	-113.084
18029	20013	85	0.8853	0.001
18029	20787	85	0.8292	-0.982
27068	28773	85	0.8194	-0.012
28773	29240	85	0.8319	-17.031
24693	28773	85	0.8198	-0.991
24735	28773	85	0.7573	16.036
27068	29240	85	0.8763	-17.043
28746	29240	85	0.8158	-0.996
24693	29240	85	0.7893	-18.022
24735	29240	85	0.7685	-0.995
24693	24735	85	0.961	-17.028
24693	27068	85	0.8721	-0.980
24693	28746	85	0.9692	-17.027
24735	27068	85	0.7961	16.048
24735	28746	85	0.9517	0.001
19625	20787	85	0.8608	-0.000
20013	20787	85	0.8399	-0.984
16567	20787	85	0.8777	-113.086
17432	20787	85	0.8792	-113.083
17437	20787	85	0.7856	0.996
17980	22155	85	0.7823	17.027
21001	22155	85	0.936	17.020
17581	22155	85	0.805	-97.019
17437	18772	85	0.8311	0.994
17437	19397	85	0.8176	113.084
17437	19625	85	0.8583	0.996
17437	20103	85	0.798	-0.002
17581	17980	85	0.802	-114.045
17734	17980	85	0.8823	0.002
16567	17734	85	0.7956	0.979
17432	17734	85	0.7972	0.982
27068	28746	85	0.8173	-16.047
16567	17432	85	0.9562	-0.003
17432	19397	85	0.829	-0.995
17432	19625	85	0.8249	-113.083
18772	20103	85	0.7677	-0.996
19397	20103	85	0.745	-113.086
16567	19397	85	0.8448	-0.998
18570	19544	85	0.8233	-0.493
19625	20013	85	0.801	0.984
16567	19625	85	0.8087	-113.086
30389	37145	87	0.9826	-122.745
30514	37145	87	0.9799	-117.403
37145	55058	87	0.9831	21.987
37145	55854	87	0.9906	61.342
30389	30514	87	0.9917	-5.342
44868	46073	88	0.8921	-0.000
44868	46560	88	0.8658	-0.001
46073	46560	88	0.8899	-0.000
18566	19658	90	0.864	1.003
16437	18566	90	0.8828	-1.005
16441	18566	90	0.9539	-0.001
17715	18566	90	0.9594	0.001
17790	18566	90	0.8768	-1.003
16437	16441	90	0.8803	-1.004
16441	17715	90	0.9666	-0.002
16441	17790	90	0.8803	1.002
16437	17790	90	0.9767	-0.002
17715	17790	90	0.8675	1.004
17790	19658	90	0.9801	0.000
16437	19658	90	0.9798	-0.002
16437	17715	90	0.8606	-1.006
37133	37603	92	0.9119	44.026
37603	44479	92	0.8844	0.000
37603	49863	92	0.9089	-270.086
34320	37133	92	0.9787	-0.000
34320	44479	92	0.9048	44.026
34320	47364	92	0.985	-28.031
34320	48203	92	0.9848	-28.031
34320	51174	92	0.9181	-56.062
49424	53194	92	0.8861	-44.026
50553	53194	92	0.8827	-27.120
51635	53194	92	0.9108	-14.015
44479	53194	92	0.9841	-56.062
44840	53194	92	0.9192	-12.036
1164	4439	92	0.9337	-16.028
4178	4439	92	0.9006	-0.922
4439	4509	92	0.9122	45.957
4509	57297	92	0.9317	-337.282
49424	57297	92	0.9509	-287.122
52053	57297	92	0.8882	-292.222
55229	57297	92	0.9321	-217.044
57285	57297	92	0.9408	44.026
57297	57299	92	0.944	44.026
57297	57324	92	0.9688	88.052
44479	51635	92	0.9195	-42.047
47364	51174	92	0.9222	-28.031
48203	51174	92	0.9228	-28.031
37133	51174	92	0.9134	-56.062
50461	52053	92	0.9257	149.074
39489	49863	92	0.9284	13.979
39489	55430	92	0.8948	132.930
47364	48203	92	0.9903	0.000
37133	47364	92	0.9912	-28.031
49034	49863	92	0.9723	898.628
4509	14213	92	0.9456	-35.030
14213	49863	92	0.9003	-273.180
14213	51494	92	0.92	-214.163
14213	52053	92	0.9012	-10.030
14213	57299	92	0.9278	-258.226
14213	57324	92	0.9471	-214.200
14213	61955	92	0.9641	45.984
47259	48036	92	0.9501	-0.000
48036	52053	92	0.9248	0.000
45626	45900	92	0.9903	0.001
45900	49452	92	0.9748	-0.001
45900	49863	92	0.9748	449.313
4509	55229	92	0.9295	-120.238
49424	55229	92	0.9721	-70.078
55229	57285	92	0.9281	-261.070
55229	57299	92	0.9314	-173.018
55229	57324	92	0.9563	-128.992
51494	52527	92	0.9637	-1.003
37133	44479	92	0.9103	44.026
44479	49424	92	0.8933	-12.036
44479	50553	92	0.8845	-28.943
1164	4178	92	0.8907	-15.106
7558	9030	92	0.9672	-0.000
37133	48203	92	0.9903	-28.031
37133	49424	92	0.8902	31.990
37133	60775	92	0.9121	-38.052
47676	49863	92	0.9749	-2.016
1164	52053	92	0.907	-15.131
4509	52053	92	0.9231	-45.060
49424	52053	92	0.9048	5.099
52053	57299	92	0.8918	-248.196
52053	57324	92	0.9113	-204.170
52053	61955	92	0.9165	56.015
4509	57324	92	0.9558	-249.230
49424	57324	92	0.976	-199.070
57285	57324	92	0.9654	132.078
57299	57324	92	0.9672	44.026
47521	48203	92	0.9522	-44.026
4509	57299	92	0.9309	-293.256
49424	57299	92	0.95	-243.096
49863	57299	92	0.9094	14.954
57285	57299	92	0.9395	88.053
57299	61955	92	0.9585	304.210
45626	49452	92	0.9846	0.000
45626	49863	92	0.9753	449.314
4509	61955	92	0.9483	10.955
57285	61955	92	0.9506	392.263
1164	7558	92	0.9023	-37.062
49452	49863	92	0.992	449.314
4509	49424	92	0.9492	-50.160
4509	57285	92	0.9276	-381.308
49424	57285	92	0.9469	-331.149
5596	6603	93	0.8132	14.014
5596	7473	93	0.9318	-0.000
5596	9009	93	0.9146	-0.001
7473	9009	93	0.8762	-0.001
6603	8009	93	0.9185	0.055
6621	8009	93	0.9512	0.000
6603	6621	93	0.9134	0.055
4585	6256	94	0.9514	0.001
4585	7794	94	0.9204	0.001
4585	12309	94	0.7093	-269.162
4585	12494	94	0.738	-102.140
6256	12494	94	0.7841	-102.141
7794	12494	94	0.7725	-102.141
12309	12494	94	0.7854	167.022
6256	7794	94	0.9561	-0.000
6256	12309	94	0.7269	-269.163
7794	12309	94	0.7178	-269.163
29236	35724	97	0.9148	165.077
34618	35724	97	0.9565	651.363
34625	35724	97	0.959	668.389
34704	35724	97	0.9266	-8.011
35586	35724	97	0.9809	-8.513
35724	36607	97	0.9319	0.000
30216	30231	97	0.9525	17.028
30217	30231	97	0.9163	-709.897
30231	34021	97	0.9314	709.896
30231	34357	97	0.948	-0.002
30231	34399	97	0.9477	-17.028
30231	34618	97	0.9098	101.046
30231	34679	97	0.9497	701.382
30216	34021	97	0.9427	726.924
30217	34021	97	0.9214	-0.001
30381	34021	97	0.9123	8.513
34021	34357	97	0.9301	-709.898
34021	34399	97	0.9212	-726.924
34021	34679	97	0.94	-8.514
34021	36069	97	0.9215	-8.513
27472	29136	97	0.9279	8.014
29136	29236	97	0.909	-8.012
29136	33478	97	0.9119	-0.001
29136	34294	97	0.902	-8.513
27472	29236	97	0.9166	0.002
29162	29236	97	0.9168	0.502
30677	30683	97	0.9591	676.901
30677	34618	97	0.9397	17.025
30677	34625	97	0.9123	-0.002
30677	34627	97	0.9303	667.886
30677	34704	97	0.918	676.399
30677	36607	97	0.9303	668.388
30216	30217	97	0.9395	726.924
30216	30381	97	0.9223	718.411
30216	34357	97	0.9411	17.026
30216	34399	97	0.9342	-0.001
30216	34679	97	0.9353	718.410
30216	36051	97	0.9281	0.000
30216	36069	97	0.9388	718.411
34294	35695	97	0.9114	8.512
30381	34679	97	0.904	-0.001
34357	34679	97	0.9241	701.384
34399	34679	97	0.9429	718.411
34679	36051	97	0.9027	-718.410
34679	36069	97	0.9151	0.001
34625	35912	97	0.937	676.401
35586	35912	97	0.9071	-0.501
30683	36607	97	0.9186	-8.513
34618	36607	97	0.9536	651.363
34625	36607	97	0.9443	668.390
34704	36607	97	0.9237	-8.011
35586	36607	97	0.9337	-8.513
34618	35586	97	0.9293	659.876
34625	35586	97	0.9384	676.903
34704	35586	97	0.9051	0.502
27472	34618	97	0.9028	-486.283
30683	34618	97	0.9222	-659.876
34357	34618	97	0.9201	101.048
34618	34625	97	0.9484	-17.027
34618	34704	97	0.964	659.374
30217	34399	97	0.9085	-726.925
34357	34399	97	0.9352	-17.027
34399	36051	97	0.9196	0.001
34399	36069	97	0.9202	718.412
29162	35962	97	0.9296	-0.001
29255	35962	97	0.9488	-9.016
33478	35962	97	0.9332	-8.513
33835	35962	97	0.9159	832.966
27472	34294	97	0.9348	-0.499
27472	34625	97	0.9017	-503.310
30217	30381	97	0.9473	-8.513
34357	36051	97	0.9198	-17.026
34625	36051	97	0.9026	-101.047
36051	36069	97	0.9185	718.411
34357	36069	97	0.9126	701.385
29162	29255	97	0.9242	9.015
29162	33478	97	0.9427	8.512
29255	33478	97	0.9367	-0.503
29255	33835	97	0.946	-841.981
30683	34625	97	0.9032	-676.903
30683	34627	97	0.9306	-9.015
30683	34704	97	0.918	-0.502
33478	33835	97	0.9025	-841.478
34625	34704	97	0.9389	676.400
30217	36069	97	0.9033	-8.513
1616	1651	98	0.8465	-64.028
1636	1651	98	0.8548	-147.752
1359	4302	98	0.8448	26.015
1374	4302	98	0.864	-71.037
1866	4302	98	0.8471	15.995
1916	4302	98	0.8665	-71.037
2584	4302	98	0.9806	-0.000
3291	4302	98	0.9082	26.015
4302	4311	98	0.8435	-57.022
4302	5592	98	0.9745	-339.191
4302	9710	98	0.8531	141.084
4302	12813	98	0.8551	-168.054
2584	5592	98	0.9581	-339.191
5592	9710	98	0.8285	480.275
199	1735	98	0.8274	-32.017
1616	1735	98	0.8677	64.047
3291	5533	98	0.8792	-271.154
4115	5533	98	0.9603	94.053
4583	5533	98	0.9739	0.001
3334	7187	98	0.9756	-0.000
4147	7187	98	0.8668	129.042
4311	7187	98	0.9776	0.000
5717	7187	98	0.8564	129.123
7187	7989	98	0.9844	-0.000
7187	8764	98	0.8774	-129.124
7187	9303	98	0.9767	-0.000
7187	12813	98	0.88	-111.033
199	2875	98	0.8463	15.011
826	2875	98	0.8448	-16.031
852	2875	98	0.8491	-113.083
1374	2875	98	0.8888	-0.000
1725	2875	98	0.8448	-2.051
1916	2875	98	0.8706	0.000
2875	5567	98	0.8509	16.031
1359	3291	98	0.8971	0.000
2584	3291	98	0.9023	-26.015
3291	4115	98	0.882	-365.207
3334	12813	98	0.8643	-111.033
4147	12813	98	0.9118	18.010
4311	12813	98	0.8707	-111.033
5717	12813	98	0.8852	18.090
7989	12813	98	0.8611	-111.033
8764	12813	98	0.9069	18.091
9303	12813	98	0.8729	-111.032
11668	12813	98	0.8977	1.003
5161	6780	98	0.9679	0.000
5161	9216	98	0.9218	-0.000
1359	2584	98	0.8537	26.016
826	1374	98	0.8531	-16.031
826	1916	98	0.8394	-16.031
826	3421	98	0.8699	69.519
826	4561	98	0.8305	-0.000
826	5567	98	0.8823	-0.000
826	5583	98	0.8726	69.519
826	6720	98	0.8642	69.519
826	8289	98	0.8622	69.519
826	9154	98	0.8523	69.519
3334	9303	98	0.9609	-0.001
4147	9303	98	0.8674	129.042
4311	9303	98	0.9646	-0.000
5717	9303	98	0.8562	129.123
7989	9303	98	0.9731	-0.000
8764	9303	98	0.8708	129.124
199	7371	98	0.8224	31.042
4561	7371	98	0.937	-0.000
7371	11656	98	0.9167	-0.000
3421	4472	98	0.9868	-182.603
4472	5583	98	0.9877	182.603
4472	6720	98	0.9272	182.603
4472	8289	98	0.9632	182.603
4472	9154	98	0.9547	182.603
2584	9710	98	0.8495	141.084
3334	7989	98	0.9695	-0.000
4311	7989	98	0.9737	0.000
7989	8764	98	0.8595	-129.124
8758	10596	98	0.8705	-115.026
9061	10596	98	0.9917	0.000
10269	10596	98	0.8419	-115.026
5941	10269	98	0.9268	-0.001
7154	10269	98	0.8995	-0.001
8758	10269	98	0.9755	0.000
9061	10269	98	0.8419	115.026
6376	7154	98	0.9438	0.012
6376	7605	98	0.8297	57.022
6376	10824	98	0.8257	57.022
1837	8764	98	0.8537	-71.119
3334	8764	98	0.8787	-129.124
4147	8764	98	0.9762	-0.081
4311	8764	98	0.886	-129.124
5717	8764	98	0.9812	-0.001
8163	8764	98	0.898	-0.080
1374	1866	98	0.8623	-87.033
1866	1916	98	0.8669	87.033
1866	2584	98	0.8486	15.995
1866	10824	98	0.8245	-24.000
6780	9216	98	0.9305	-0.000
1686	5567	98	0.8598	59.525
3421	5567	98	0.8653	-69.519
4561	5567	98	0.8623	0.000
5567	5583	98	0.8657	69.519
5567	6720	98	0.8589	69.519
5567	8289	98	0.8564	69.519
5567	9154	98	0.8477	69.519
5567	11656	98	0.8824	-0.000
1837	10824	98	0.8826	75.032
1916	10824	98	0.8352	-111.032
3942	10824	98	0.8647	75.032
6363	10824	98	0.8732	75.032
7605	10824	98	0.9788	-0.000
106	199	98	0.8295	128.059
199	1374	98	0.8424	15.011
199	1916	98	0.837	15.011
199	4561	98	0.8271	31.042
199	7605	98	0.8222	-96.021
199	11656	98	0.8703	31.042
3421	5583	98	0.9931	-0.000
3421	6720	98	0.9605	-0.000
3421	8289	98	0.9666	-0.000
3421	9154	98	0.9607	-0.000
1837	4147	98	0.8699	-71.037
4147	4311	98	0.8596	129.042
4147	5717	98	0.9695	-0.081
4147	5870	98	0.8722	0.000
4147	6363	98	0.8572	71.037
4147	8163	98	0.9288	-0.001
4115	4583	98	0.9536	94.052
852	1374	98	0.8409	-113.083
1374	1725	98	0.8317	2.051
1374	1916	98	0.9783	-0.000
1374	2584	98	0.8598	-71.037
1374	7605	98	0.8333	-111.032
1837	6363	98	0.9567	-0.001
3942	6363	98	0.9341	-0.000
6363	7605	98	0.8845	75.033
1837	8163	98	0.8565	-71.038
3942	8163	98	0.8681	-71.038
5717	8163	98	0.9286	0.080
5870	8163	98	0.9419	-0.001
1592	1616	98	0.8257	-126.410
1616	1636	98	0.8226	83.724
852	1916	98	0.833	-113.083
1916	2584	98	0.8633	-71.037
1916	7605	98	0.8456	-111.032
1837	5717	98	0.8496	-71.118
3334	5717	98	0.8635	-129.124
4311	5717	98	0.8698	-129.123
5717	5870	98	0.8884	0.081
1837	3942	98	0.9775	-0.000
3942	5870	98	0.8289	-71.037
3942	7605	98	0.8648	75.032
5583	6720	98	0.963	-0.000
5583	8289	98	0.9686	-0.000
5583	9154	98	0.9616	-0.000
5583	11656	98	0.8272	-69.519
2584	4311	98	0.835	-57.022
3334	4311	98	0.9923	-0.000
5941	7154	98	0.8436	-0.000
5941	8758	98	0.8808	-0.001
6720	8289	98	0.9904	-0.000
8289	9154	98	0.9912	-0.000
8289	11656	98	0.8205	-69.519
8758	9216	98	0.832	20.006
4561	11656	98	0.8943	-0.000
1837	7605	98	0.8892	75.032
6720	9154	98	0.9876	-0.000
1686	11656	98	0.826	59.524
581	852	98	0.8429	0.072
748	852	98	0.9649	-0.035
7154	8758	98	0.9109	-0.001
8758	9061	98	0.8706	-115.026
581	748	98	0.9456	0.107
48097	54396	99	0.9242	198.488
54396	54449	99	0.9261	29.016
48247	48657	99	0.8958	-89.053
48247	54449	99	0.9302	271.531
21010	23608	101	0.9859	-0.001
23608	24429	101	0.9617	-0.000
17680	23608	101	0.9019	57.021
21010	24429	101	0.9655	-0.001
17680	21010	101	0.9011	57.022
3884	49264	102	0.9228	38.974
4175	49264	102	0.9358	-48.091
5547	49264	102	0.9425	38.974
6289	49264	102	0.9479	38.974
8267	49264	102	0.9359	38.974
3884	4175	102	0.9684	87.065
3884	5547	102	0.9753	-0.000
3884	6289	102	0.9703	-0.000
3884	6534	102	0.9742	87.065
3884	8267	102	0.9741	-0.000
3884	21906	102	0.9298	95.037
3884	24508	102	0.9513	95.036
3884	41669	102	0.9372	67.006
1465	2383	102	0.9604	211.022
4175	8267	102	0.9794	-87.065
5547	8267	102	0.9946	-0.000
6289	8267	102	0.987	-0.000
6534	8267	102	0.9924	-87.065
8267	9005	102	0.924	108.058
8267	21906	102	0.941	95.037
8267	24508	102	0.9667	95.037
8267	41669	102	0.9505	67.006
4659	4748	102	0.9338	-0.010
4659	4941	102	0.9101	-14.025
4659	6365	102	0.9706	-0.010
4659	6494	102	0.914	-14.026
4659	11325	102	0.9101	-14.026
4941	7724	102	0.9775	-0.000
6365	7724	102	0.9246	-14.016
6494	7724	102	0.9823	-0.000
7724	10105	102	0.921	-33.984
7724	10401	102	0.9423	14.016
7724	11325	102	0.977	-0.000
7724	19141	102	0.9261	0.995
7724	20502	102	0.9245	0.995
4279	10369	102	0.9339	-33.984
5411	10369	102	0.9322	-33.984
7235	10369	102	0.9175	-33.984
8500	10369	102	0.9278	-14.016
9774	10369	102	0.9129	-14.015
10369	15045	102	0.9062	-9.985
4941	6365	102	0.9315	14.015
4941	6494	102	0.9888	-0.000
4941	10401	102	0.9572	14.015
4941	11325	102	0.988	-0.000
4941	19141	102	0.9214	0.995
4941	20502	102	0.9226	0.995
1526	19141	102	0.9203	7.972
2152	19141	102	0.9258	7.972
2383	19141	102	0.9122	61.052
6494	19141	102	0.9306	0.995
19141	20502	102	0.9844	-0.000
19141	24508	102	0.9321	-33.984
11325	19141	102	0.9301	0.995
1446	2229	102	0.9048	0.000
1449	1528	102	0.913	-122.066
1528	2229	102	0.9141	-14.015
6365	6494	102	0.9411	-14.016
6494	10105	102	0.9062	-33.984
6494	10401	102	0.954	14.016
6494	11325	102	0.9851	-0.000
6494	20502	102	0.9311	0.995
2076	2213	102	0.9255	14.015
2213	2229	102	0.904	43.990
6365	11325	102	0.9382	-14.016
8490	11325	102	0.9089	33.984
10105	11325	102	0.919	33.984
10401	11325	102	0.9538	-14.016
11325	20502	102	0.9367	0.995
2158	7899	102	0.9025	14.015
2204	7899	102	0.9021	14.026
1449	1526	102	0.9745	-14.015
1449	2152	102	0.9802	-14.015
1526	2152	102	0.9767	0.000
2152	2229	102	0.9612	-122.065
2152	2383	102	0.9908	-53.081
2152	3818	102	0.9846	-53.080
2152	6534	102	0.9396	-33.984
5547	9005	102	0.9228	108.057
6289	9005	102	0.9204	108.057
9005	10105	102	0.9199	-14.016
9005	10401	102	0.9368	33.984
9005	10721	102	0.9624	-0.000
9005	21906	102	0.921	-13.020
9005	24508	102	0.9402	-13.021
8490	10105	102	0.9862	0.000
10105	15045	102	0.9103	-39.995
10105	21906	102	0.918	0.995
4279	5411	102	0.9644	0.000
5411	7235	102	0.9789	-0.000
1863	4495	102	0.9326	-14.016
3523	4495	102	0.9785	0.000
4279	4495	102	0.9181	14.016
4495	8500	102	0.9035	-33.984
4495	14096	102	0.9236	-24.000
732	2204	102	0.9886	0.000
2158	2204	102	0.9906	-0.011
2204	4748	102	0.9494	-14.005
2204	6365	102	0.9253	-14.005
2204	10401	102	0.9641	-14.005
2204	10721	102	0.9046	-47.989
2309	3584	102	0.9368	0.000
2329	3584	102	0.9218	18.011
4175	6289	102	0.9858	-87.065
5547	6289	102	0.9915	0.000
6289	6534	102	0.985	87.065
6289	21906	102	0.9575	95.037
6289	24508	102	0.9755	95.036
6289	41669	102	0.9617	67.006
1526	20502	102	0.922	7.972
1526	2383	102	0.9793	-53.081
2229	2383	102	0.9665	68.985
2383	3818	102	0.9932	0.000
24508	54240	102	0.9636	-84.093
4175	41669	102	0.9539	-20.059
5547	41669	102	0.9588	67.006
6534	41669	102	0.953	-20.059
4175	21906	102	0.9465	7.972
5547	21906	102	0.947	95.037
6534	21906	102	0.9405	7.972
8490	21906	102	0.9157	0.995
21906	24508	102	0.9655	-0.000
3523	4279	102	0.9216	-14.015
4279	7235	102	0.9746	-0.000
2329	6016	102	0.9555	-14.015
2329	7437	102	0.9546	-14.016
2329	11261	102	0.9303	-14.016
6365	8678	102	0.9359	0.000
6016	11261	102	0.9631	-0.001
7437	11261	102	0.9719	-0.000
1526	2229	102	0.9465	-122.065
1526	3818	102	0.9797	-53.080
1526	4175	102	0.9419	-33.984
1526	6534	102	0.9425	-33.984
732	4748	102	0.9293	-14.004
2158	4748	102	0.9459	-14.016
4748	6365	102	0.9396	-0.000
4748	10401	102	0.9509	-0.001
3523	9774	102	0.9081	-33.984
8500	9774	102	0.9837	-0.000
9774	15045	102	0.9462	-24.000
6016	7437	102	0.9792	-0.000
7437	14096	102	0.9173	18.011
732	2158	102	0.9838	0.011
732	10401	102	0.9401	-14.005
2158	10401	102	0.9616	-14.016
6365	10401	102	0.955	-0.000
4175	5547	102	0.9835	-87.065
4175	6534	102	0.9855	-0.000
4175	24508	102	0.9759	7.972
2076	2400	102	0.9334	69.021
8490	15045	102	0.9132	-39.995
8500	15045	102	0.9613	-24.000
10721	15045	102	0.908	-54.010
14096	15045	102	0.92	-33.985
2158	6365	102	0.9272	-14.016
5547	6534	102	0.9937	87.065
5547	24508	102	0.9735	95.037
3523	14096	102	0.9411	-24.000
6016	14096	102	0.9418	18.010
2158	10721	102	0.9042	-48.000
6534	24508	102	0.9706	7.972
2229	3818	102	0.9589	68.985
1863	3523	102	0.9319	-14.016
3523	8500	102	0.9201	-33.984
1388	4172	104	0.8633	43.989
2009	4172	104	0.8629	43.989
3069	4172	104	0.9452	0.000
4172	5936	104	0.9619	-0.000
3456	4637	104	0.9513	0.001
4377	4637	104	0.9643	-0.036
4637	5231	104	0.9732	0.037
4637	5897	104	0.973	-0.001
4637	7967	104	0.9399	0.038
4637	8656	104	0.9413	-0.002
2742	7967	104	0.9447	0.021
3456	7967	104	0.945	0.039
4377	7967	104	0.9514	0.002
5076	7967	104	0.8745	0.022
5231	7967	104	0.9363	0.001
5897	7967	104	0.9279	0.039
7967	8656	104	0.9721	-0.040
2742	3456	104	0.8627	-0.018
2742	4377	104	0.878	0.019
2742	5076	104	0.952	-0.001
2742	8656	104	0.9288	-0.019
3456	5897	104	0.9511	0.000
4377	5897	104	0.9804	-0.037
5231	5897	104	0.9713	-0.037
5897	8656	104	0.942	-0.001
2301	3580	104	0.9744	0.001
3332	4425	104	0.9708	-0.000
4303	4425	104	0.9072	-71.037
4425	5076	104	0.8645	-0.001
4425	5148	104	0.9702	222.618
4303	5076	104	0.8617	-71.038
5076	5148	104	0.8656	222.619
3332	5148	104	0.9809	222.618
4303	5148	104	0.8822	151.581
3069	5231	104	0.8653	-14.014
3069	5936	104	0.9198	0.000
3456	5231	104	0.9307	0.037
4377	5231	104	0.9696	0.000
5231	8656	104	0.9535	-0.039
1388	3580	104	0.8928	-131.094
2009	3580	104	0.8781	-131.094
3578	3580	104	0.9016	-131.094
1388	2009	104	0.9807	0.000
2009	3578	104	0.9729	0.000
2009	5936	104	0.8694	43.989
3456	8656	104	0.9419	-0.001
4377	8656	104	0.9638	-0.038
3456	4377	104	0.9602	0.037
2344	4303	104	0.9078	0.000
1388	3578	104	0.9802	0.001
1388	5936	104	0.8724	43.989
3578	5936	104	0.8654	43.988
3332	4303	104	0.8993	71.037
50191	51239	106	0.7631	-14.015
51239	51887	106	0.7957	-15.018
51239	51930	106	0.8443	-14.016
51239	57635	106	0.764	-54.119
51239	57850	106	0.7712	-741.613
51239	58095	106	0.7252	-82.150
51887	51930	106	0.7774	1.003
50191	51930	106	0.7819	-28.031
50191	57635	106	0.7971	-68.134
50191	58095	106	0.7692	-96.165
51930	57635	106	0.8806	-40.104
51930	58095	106	0.9057	-68.135
57635	58095	106	0.9539	-28.031
50146	50584	107	0.8805	-33.985
39342	45618	108	0.8294	49.981
45271	46017	108	0.9326	-0.003
45589	46017	108	0.9508	-0.002
45618	46017	108	0.9388	-0.001
45271	45589	108	0.9842	-0.002
45271	45618	108	0.9696	-0.003
45589	45618	108	0.9843	-0.001
56277	56851	109	0.9816	118.064
52358	55304	109	0.9843	-14.016
55304	55870	109	0.9867	-14.015
56516	56541	109	0.983	44.026
56541	57269	109	0.9943	-28.031
52358	57248	109	0.9847	-70.078
55870	57248	109	0.9871	-42.047
56903	57248	109	0.9853	-14.016
57248	57264	109	0.9829	44.026
52358	55870	109	0.9963	-28.031
55870	56903	109	0.9819	-28.031
56438	56876	109	0.9903	-14.016
55889	56516	109	0.9848	-14.015
56499	56516	109	0.9817	44.026
56516	56914	109	0.9896	-14.016
56516	57264	109	0.9888	-28.031
56851	57208	109	0.9805	-14.016
55889	57264	109	0.99	-42.047
56914	57264	109	0.9856	-14.016
55238	56861	109	0.9855	-42.047
56840	56861	109	0.9805	88.052
56851	56861	109	0.985	44.026
56861	56876	109	0.9816	44.026
56861	57218	109	0.9834	-14.016
52358	56903	109	0.9832	-56.062
56316	56332	109	0.9802	44.026
56332	56364	109	0.9803	44.026
56332	56840	109	0.98	-14.016
55212	55238	109	0.9842	44.026
55212	56316	109	0.9797	-116.082
55282	56892	109	0.9809	-42.046
55843	56892	109	0.9815	-28.031
56473	56892	109	0.9799	-14.016
56876	56892	109	0.9927	44.026
56892	57231	109	0.9847	-14.016
55843	56473	109	0.9892	-14.015
56473	56499	109	0.9815	44.026
56316	56840	109	0.9845	30.010
55238	57218	109	0.995	-56.062
55810	55843	109	0.9821	44.027
55889	56914	109	0.9796	-28.031
56364	56403	109	0.9831	44.026
55843	57231	109	0.9828	-42.047
837	929	110	0.8779	-58.006
837	886	110	0.8697	-40.473
886	986	110	0.9458	0.478
1472	4755	110	0.9322	0.000
4755	5782	110	0.9513	-0.000
443	448	110	0.9295	-14.015
443	837	110	0.893	-14.089
443	986	110	0.8913	-54.083
722	724	110	0.8848	-13.057
724	837	110	0.8625	114.105
724	928	110	0.8692	56.147
448	837	110	0.8681	-0.073
837	986	110	0.9117	-39.995
928	986	110	0.8866	17.962
722	1472	110	0.8635	-79.042
1472	5782	110	0.9692	-0.000
837	928	110	0.9133	-57.957
905	8589	112	0.7818	-163.064
2970	8589	112	0.9852	-0.002
4461	8589	112	0.9494	-0.001
5340	8589	112	0.9917	-0.001
6489	8589	112	0.9886	-0.001
2970	4461	112	0.9394	-0.001
2970	5340	112	0.9836	-0.000
2970	6489	112	0.9804	-0.000
905	5477	112	0.8012	-42.012
3631	5477	112	0.8206	0.035
5013	5477	112	0.8571	0.035
5477	6341	112	0.9312	-0.036
5477	8915	112	0.7941	-0.035
905	3631	112	0.9316	-42.047
1781	3631	112	0.9262	-42.047
2723	3631	112	0.9364	-42.047
3631	5013	112	0.9667	-0.000
3631	6341	112	0.9067	-0.001
3631	7509	112	0.9498	-0.001
3631	8915	112	0.941	-0.000
4461	5340	112	0.942	0.000
4461	6489	112	0.9584	0.000
905	1781	112	0.9491	-0.000
1781	2723	112	0.9683	0.001
1781	5013	112	0.9241	-42.047
1781	6341	112	0.8607	-42.047
1781	7509	112	0.9285	-42.047
1781	8915	112	0.9232	-42.047
905	6341	112	0.8773	-42.048
2723	6341	112	0.8588	-42.048
5013	6341	112	0.9409	-0.001
6341	7509	112	0.8706	0.000
6341	8915	112	0.9005	0.001
905	2723	112	0.9288	0.001
905	5013	112	0.911	-42.047
905	7509	112	0.9024	-42.047
905	8915	112	0.8993	-42.047
2723	5013	112	0.9343	-42.048
5013	7509	112	0.9536	-0.000
5013	8915	112	0.9457	-0.000
2723	7509	112	0.9483	-42.048
7509	8915	112	0.9593	0.000
5340	6489	112	0.9855	-0.000
2723	8915	112	0.9363	-42.048
2723	6489	112	0.7845	-163.064
29358	34517	113	0.9014	0.001
29371	34517	113	0.8934	-696.343
33894	34517	113	0.8666	-696.342
34517	35051	113	0.9189	704.857
34517	35068	113	0.8665	-17.028
29334	35051	113	0.9078	8.012
29358	35051	113	0.9295	704.858
29371	35051	113	0.9152	8.514
33894	35051	113	0.9292	8.515
35051	35068	113	0.9229	-721.886
35051	35644	113	0.892	0.501
35051	35920	113	0.8641	-8.514
29334	29371	113	0.884	-0.502
29358	29371	113	0.9242	696.344
29371	33894	113	0.9009	-0.001
29371	34051	113	0.9072	8.512
29371	35068	113	0.9033	-713.372
29371	35644	113	0.8922	9.015
29371	35920	113	0.874	-0.000
29334	33894	113	0.9298	-0.503
29358	33894	113	0.9174	696.343
33894	35068	113	0.9235	-713.371
33894	35644	113	0.9469	9.016
33894	35920	113	0.8934	0.001
29334	29358	113	0.8985	-696.846
29358	35068	113	0.8967	-17.028
29358	35644	113	0.9274	705.359
29358	35920	113	0.8703	696.344
29334	35068	113	0.9234	-713.874
35068	35644	113	0.8869	722.387
35068	35920	113	0.893	713.372
29334	35644	113	0.9283	8.513
35644	35920	113	0.8663	-9.015
29334	35920	113	0.9375	-0.502
4406	5382	114	0.8903	-14.016
4406	5632	114	0.9765	-0.000
4406	6019	114	0.9114	0.036
4406	7284	114	0.9186	-14.016
4406	9698	114	0.9068	-14.016
4406	10385	114	0.8887	-42.011
5382	5709	114	0.9046	-27.995
5632	5709	114	0.8822	-42.010
5709	7222	114	0.9746	-0.001
5709	7284	114	0.9088	27.995
5709	9698	114	0.9072	27.994
5709	9842	114	0.8967	58.005
5709	10385	114	0.9797	-0.000
3655	8210	114	0.911	-0.037
8210	10186	114	0.9385	-0.000
3795	10385	114	0.8874	-14.016
5382	10385	114	0.9217	-27.996
5632	10385	114	0.8984	-42.011
7222	10385	114	0.9728	0.000
7284	10385	114	0.9347	-27.995
9698	10385	114	0.9319	-27.995
9842	10385	114	0.9005	-58.005
3655	4899	114	0.8876	0.000
3655	10186	114	0.9222	-0.037
5382	7222	114	0.8996	-27.996
7222	7284	114	0.9067	27.996
7222	9698	114	0.9005	27.995
7222	9842	114	0.8921	58.006
5382	9698	114	0.9393	-0.001
5632	9698	114	0.9147	-14.016
7284	9698	114	0.9752	-0.001
9698	9842	114	0.8939	30.011
9698	11380	114	0.9387	0.000
3795	4899	114	0.9191	28.031
7284	9842	114	0.8867	30.010
7638	9842	114	0.9529	-0.000
5632	6019	114	0.9246	0.036
5382	5632	114	0.8948	14.015
5382	7284	114	0.9379	-0.000
7284	11380	114	0.9197	-0.001
5632	7284	114	0.9266	-14.015
4590	16773	115	0.8937	-127.064
13504	16773	115	0.8978	-127.064
14663	16773	115	0.9022	-27.993
16081	16773	115	0.8841	85.088
16263	16773	115	0.8942	-27.993
16773	17876	115	0.893	-85.088
16773	18164	115	0.9326	-0.001
16773	19046	115	0.8961	-14.013
16773	19637	115	0.9535	-0.001
9032	11121	115	0.9476	-228.148
9611	11121	115	0.9617	-24.058
11121	11344	115	0.9431	228.147
19046	23947	115	0.8855	43.039
19637	23947	115	0.904	29.027
23947	26186	115	0.8968	-0.001
23947	33590	115	0.941	0.000
23947	36267	115	0.9443	-17.027
23947	37406	115	0.9524	-0.001
23947	37412	115	0.9434	-17.026
13374	15304	115	0.9165	-113.083
15304	17163	115	0.9676	-0.001
13374	17163	115	0.9154	-113.083
1722	4590	115	0.9128	-82.042
4422	4590	115	0.9156	-82.042
4590	7053	115	0.9088	196.121
4590	10098	115	0.9105	196.121
4590	12208	115	0.8928	-49.980
4590	13504	115	0.9829	-0.000
18164	19637	115	0.9689	0.000
19046	19637	115	0.9117	14.012
13440	19637	115	0.9072	-27.495
14663	19637	115	0.9155	-27.994
15518	16768	115	0.984	-0.001
16768	16831	115	0.898	-1.004
9611	15518	115	0.9021	-40.977
15518	16831	115	0.8811	-1.005
4782	9032	115	0.9377	12.000
5178	9032	115	0.9358	12.000
6353	9032	115	0.9345	12.000
9032	9098	115	0.9816	-15.995
9032	9611	115	0.9657	-204.090
9032	11224	115	0.9782	-15.996
9032	11344	115	0.9952	-0.001
9032	11561	115	0.9887	14.016
9032	13734	115	0.9539	-12.001
13353	16081	115	0.9193	-12.036
13445	16081	115	0.8836	538.312
13455	16081	115	0.8863	-113.084
13460	16081	115	0.9031	538.312
16081	16814	115	0.9296	382.239
16081	17876	115	0.9694	-0.001
5614	8523	115	0.9395	-128.060
7053	8523	115	0.9006	-356.208
8523	10098	115	0.9021	356.208
33447	37406	115	0.9017	17.024
5019	6576	115	0.9688	-0.000
6576	7053	115	0.9106	49.979
6576	8142	115	0.9714	-0.000
6576	8527	115	0.9073	-0.984
6576	9850	115	0.9325	-0.000
6576	10098	115	0.8943	49.979
6576	11097	115	0.9005	-0.985
3188	6703	115	0.947	0.000
6703	8396	115	0.9641	-0.000
5019	8527	115	0.9041	-0.984
8142	8527	115	0.9153	-0.984
8527	9850	115	0.8952	0.984
8527	11097	115	0.9874	-0.001
3663	6353	115	0.9432	-0.001
4782	6353	115	0.9562	-0.001
5178	6353	115	0.9652	-0.000
6353	9004	115	0.9701	0.000
6353	9098	115	0.9344	-3.995
6353	11224	115	0.9337	-3.995
6353	11561	115	0.9455	26.016
6353	13734	115	0.953	-0.000
4782	9098	115	0.9289	-3.995
5178	9098	115	0.9331	-3.995
9004	9098	115	0.9134	-3.995
9098	11224	115	0.993	-0.001
9098	11344	115	0.9783	15.994
9098	11561	115	0.9824	30.011
9098	13734	115	0.9433	3.994
33590	36267	115	0.9733	-17.027
33590	37406	115	0.9373	-0.001
33590	37412	115	0.9739	-17.027
25082	33590	115	0.8906	9.026
26186	33590	115	0.9227	0.001
26186	37412	115	0.94	-17.026
36267	37412	115	0.9822	0.001
37406	37412	115	0.9537	-17.026
5019	7053	115	0.9033	49.979
5805	7053	115	0.9194	-0.000
7053	8142	115	0.9172	-49.980
7053	9850	115	0.9107	-49.980
7053	10098	115	0.9727	-0.000
7053	13504	115	0.9052	-196.122
26186	36267	115	0.9273	-17.026
36267	37406	115	0.9531	17.026
3188	8396	115	0.965	-0.000
3188	9004	115	0.9236	16.990
12809	12840	115	0.9892	-0.072
12809	13038	115	0.9436	-0.035
5019	8142	115	0.9709	-0.001
5019	9850	115	0.9387	-0.000
5019	11097	115	0.897	-0.985
13353	17876	115	0.9005	-12.036
13440	13445	115	0.9262	-650.895
13445	13447	115	0.9791	292.207
13445	13460	115	0.955	0.000
13445	14663	115	0.9458	651.393
13445	16263	115	0.9163	651.393
13445	17876	115	0.8899	538.312
13374	13440	115	0.9041	0.503
13440	13447	115	0.9258	-358.688
13440	13455	115	0.9223	0.501
13440	13460	115	0.9686	-650.894
13440	14663	115	0.9335	0.499
13440	16263	115	0.9111	0.498
13440	17876	115	0.8996	-112.583
13440	18164	115	0.9106	-27.495
13447	14663	115	0.942	359.187
13460	14663	115	0.964	651.393
14663	15584	115	0.9073	-0.002
14663	16263	115	0.9797	-0.001
14663	17876	115	0.9045	-113.082
13374	13479	115	0.9109	-1.003
3663	10414	115	0.9494	-0.001
10284	10414	115	0.9225	63.995
3663	13734	115	0.9533	-0.001
4782	13734	115	0.9507	-0.001
5178	13734	115	0.9492	-0.001
9004	13734	115	0.9473	-0.000
11224	13734	115	0.9456	3.995
11344	13734	115	0.9506	-12.000
11561	13734	115	0.9529	-26.016
3663	11561	115	0.9404	26.016
4782	11561	115	0.9437	26.016
5178	11561	115	0.9376	26.016
9611	11561	115	0.9369	218.106
11224	11561	115	0.9825	30.011
11344	11561	115	0.9839	14.016
3663	11344	115	0.9318	11.999
4782	11344	115	0.9353	11.999
5178	11344	115	0.9317	11.999
9611	11344	115	0.9664	204.090
11224	11344	115	0.9738	15.995
3663	11224	115	0.9312	-3.996
4782	11224	115	0.9305	-3.996
5178	11224	115	0.9346	-3.996
8415	11224	115	0.9206	59.999
8415	10284	115	0.9277	-0.001
10284	11924	115	0.9061	-843.448
5805	10098	115	0.9461	-0.001
21408	25082	115	0.8811	-0.002
12840	13038	115	0.9524	0.037
13447	13460	115	0.954	-292.206
13455	13460	115	0.9204	-651.396
13460	16263	115	0.9354	651.392
13460	16814	115	0.889	920.551
13460	17876	115	0.9158	538.311
15584	16263	115	0.9464	0.001
18164	19046	115	0.9271	-14.012
8142	9850	115	0.9664	0.000
9850	10098	115	0.9183	49.979
9850	11097	115	0.8917	-0.985
3663	9004	115	0.9523	-0.000
4782	9004	115	0.9651	-0.000
5178	9004	115	0.9491	-0.000
9004	18164	115	0.9182	-240.148
9031	12728	115	0.9103	-111.033
10619	12728	115	0.8986	-111.033
1154	4422	115	0.9541	0.001
1722	4422	115	0.9817	-0.000
4422	9031	115	0.9599	-48.000
4422	10098	115	0.9086	114.079
4422	10619	115	0.9512	-48.000
4422	13504	115	0.9148	-82.042
13447	17876	115	0.8886	246.105
13455	17876	115	0.8952	-113.084
16814	17876	115	0.9427	-382.239
13447	16263	115	0.9134	359.186
8142	10098	115	0.9123	49.979
8142	11097	115	0.9097	-0.985
13455	16814	115	0.9147	269.155
9611	13038	115	0.9113	107.074
1154	1722	115	0.9741	0.001
1154	9031	115	0.9319	-47.999
1154	10619	115	0.9128	-48.000
1722	9031	115	0.9488	-48.000
1722	10098	115	0.9021	114.079
1722	10619	115	0.9451	-48.001
1722	13504	115	0.9145	-82.042
3663	5178	115	0.9574	-0.000
4782	5178	115	0.961	-0.000
9031	10619	115	0.9717	-0.000
3663	4782	115	0.9533	-0.000
10098	13504	115	0.9017	-196.121
26186	37406	115	0.9099	-0.000
12208	13504	115	0.8932	49.980
1940	2907	116	0.7927	-213.074
2907	3163	116	0.7742	181.103
2907	4196	116	0.9258	-0.000
2907	4798	116	0.7567	181.103
2907	6238	116	0.7929	181.103
2907	6367	116	0.7653	85.017
2907	6562	116	0.8315	-0.001
2907	7297	116	0.8004	213.074
2907	8775	116	0.8244	85.017
1940	3163	116	0.8939	-31.971
1940	4196	116	0.8369	-213.074
1940	4732	116	0.8646	-128.057
1940	4798	116	0.9119	-31.971
1940	6238	116	0.9085	-31.971
1940	6367	116	0.8594	-128.057
1940	6562	116	0.7994	-213.075
1940	7297	116	0.9767	-0.000
1940	8775	116	0.9087	-128.057
5111	11251	116	0.7816	-0.000
8772	11251	116	0.9585	-0.001
10368	11251	116	0.9355	-0.000
11251	12595	116	0.7468	15.994
7168	12595	116	0.834	-113.085
8720	12595	116	0.8195	-113.084
8772	12595	116	0.7778	15.993
10139	12595	116	0.8662	-113.085
10368	12595	116	0.7895	15.994
11572	12595	116	0.827	87.032
7168	10139	116	0.8956	0.000
8720	10139	116	0.8691	0.001
10139	11572	116	0.8472	-200.117
8772	10368	116	0.9666	-0.000
3163	6367	116	0.827	-96.086
4196	6367	116	0.808	85.017
4732	6367	116	0.9682	-0.001
4798	6367	116	0.8352	-96.086
6238	6367	116	0.8624	-96.086
6367	6562	116	0.7659	-85.018
6367	7297	116	0.8752	128.057
6367	8775	116	0.9424	-0.000
3163	8775	116	0.848	-96.086
4196	8775	116	0.8605	85.017
4732	8775	116	0.914	-0.001
4798	8775	116	0.8435	-96.086
6238	8775	116	0.8957	-96.086
6562	8775	116	0.8017	85.017
7297	8775	116	0.9232	-128.057
5111	8772	116	0.7661	0.000
3163	6238	116	0.9402	-0.000
4196	6238	116	0.8338	181.103
4732	6238	116	0.8451	96.085
4798	6238	116	0.9413	0.000
6238	6562	116	0.805	-181.103
6238	7297	116	0.9304	31.971
3163	4732	116	0.8194	-96.085
4196	4732	116	0.7877	85.018
4732	4798	116	0.8405	96.085
4732	6562	116	0.7588	-85.018
4732	7297	116	0.8753	128.056
3163	4196	116	0.8149	-181.103
3163	4798	116	0.9599	-0.000
3163	7297	116	0.9124	31.971
3163	8720	116	0.7693	-58.007
7168	11572	116	0.7509	-200.117
8720	11572	116	0.7489	-200.117
4196	4798	116	0.8093	181.103
4798	6562	116	0.7583	-181.103
4798	7297	116	0.9276	31.971
7168	8720	116	0.9219	-0.001
4196	6562	116	0.8498	-0.000
4196	7297	116	0.8449	213.074
6562	7297	116	0.8033	213.074
20093	22676	118	0.9248	-0.002
28964	35983	119	0.9867	-102.728
28964	38698	119	0.9811	-117.403
28964	43833	119	0.9813	-585.032
36098	38698	119	0.9891	-0.000
26154	35983	119	0.985	689.429
35983	41301	119	0.9845	-88.387
35983	43833	119	0.9881	-482.304
33939	35543	119	0.9821	-14.675
35543	43833	119	0.9884	-526.330
33939	41920	119	0.9793	-474.964
41301	56667	119	0.9832	-651.163
36098	56527	119	0.9799	41.995
43833	44113	119	0.9815	494.813
41301	44113	119	0.9909	100.895
958	3829	121	0.8743	-14.016
1080	3829	121	0.865	-0.000
1936	3829	121	0.9006	-14.016
2171	3829	121	0.905	-0.001
3561	3829	121	0.9017	33.984
3829	5853	121	0.9313	-0.000
3829	7652	121	0.9142	-33.984
2813	5466	121	0.8712	0.000
4840	5466	121	0.9552	0.000
32597	36538	121	0.9433	-0.000
4840	32597	121	0.8763	-84.094
1080	1936	121	0.8823	14.016
1080	2171	121	0.9039	0.000
1080	3561	121	0.874	-33.984
1080	5853	121	0.8819	-0.000
1080	7652	121	0.8819	-33.985
958	3561	121	0.9426	-48.000
1936	3561	121	0.9469	-48.000
2171	3561	121	0.9548	-33.984
3561	5853	121	0.9419	33.984
3561	7652	121	0.9681	-0.000
958	4840	121	0.8747	29.027
1704	4840	121	0.8838	-42.047
2171	4840	121	0.8821	43.042
4840	5853	121	0.8637	-43.043
958	7652	121	0.9313	-48.000
1936	7652	121	0.9531	-48.000
2171	7652	121	0.9466	-33.985
5853	7652	121	0.9293	-33.984
958	1936	121	0.9367	-0.000
1936	2171	121	0.95	-14.015
1936	5853	121	0.9534	-14.016
346	958	121	0.8633	29.026
346	2171	121	0.8689	15.011
958	5853	121	0.9208	-14.016
2171	5853	121	0.9444	-0.001
958	2171	121	0.962	-14.015
958	1901	121	0.8842	-0.947
958	1704	121	0.8635	71.074
29232	30527	122	0.8747	-50.035
30527	30675	122	0.9597	0.502
30527	34572	122	0.94	-0.002
30527	34616	122	0.9257	-670.364
30527	36458	122	0.9701	-0.000
30527	36645	122	0.9537	0.501
24318	30527	122	0.9101	571.296
26283	30527	122	0.8968	571.299
30675	34572	122	0.9207	-0.504
30675	34616	122	0.9242	-670.866
30675	36458	122	0.9577	-0.502
30675	36645	122	0.962	-0.000
24318	30675	122	0.8949	571.798
26283	30675	122	0.8778	571.800
24318	26283	122	0.9483	-0.003
26283	29232	122	0.9053	621.334
26283	34572	122	0.8766	571.297
26283	34616	122	0.9409	-99.066
26283	36458	122	0.8981	571.298
26283	36645	122	0.8785	571.800
24318	29232	122	0.8864	621.331
24318	34572	122	0.9074	571.294
24318	34616	122	0.9174	-99.068
24318	36458	122	0.9111	571.296
24318	36645	122	0.8848	571.797
34572	34616	122	0.9428	-670.362
34572	36458	122	0.9608	0.002
34572	36645	122	0.9405	0.503
34616	36645	122	0.9521	670.866
36458	36645	122	0.9642	0.502
34616	36458	122	0.9284	670.364
41063	41102	123	0.9153	-5.008
41063	41183	123	0.9097	-10.685
41063	41287	123	0.9013	-5.342
41063	41945	123	0.9129	0.669
41063	42089	123	0.9037	0.334
36727	36785	123	0.9321	-11.685
36727	36830	123	0.9063	0.334
36727	36873	123	0.9569	-6.010
36727	37170	123	0.9168	-11.351
36727	37198	123	0.9176	-5.341
36727	37247	123	0.9293	-5.676
36727	41135	123	0.9222	-0.669
36727	41287	123	0.9102	-6.345
40472	41100	123	0.911	-5.676
40472	41167	123	0.9049	-5.342
40472	41174	123	0.9105	0.333
40472	41183	123	0.9126	-6.012
36785	41135	123	0.9164	11.015
36873	41135	123	0.9311	5.341
37170	41135	123	0.9212	10.682
37198	41135	123	0.9111	4.672
37229	41135	123	0.9108	11.985
41135	41183	123	0.9027	-11.018
41135	41287	123	0.9362	-5.676
37211	37265	123	0.9095	1689.947
36785	36873	123	0.9595	5.675
36785	37170	123	0.9336	0.334
36785	37247	123	0.9301	6.009
36785	41287	123	0.9147	5.340
36830	37222	123	0.9081	-427.411
37222	37247	123	0.93	421.402
37198	37265	123	0.9067	5.007
37265	41100	123	0.901	-11.018
37265	41167	123	0.9223	-10.683
36830	36873	123	0.915	-6.344
36830	37170	123	0.9121	-11.685
36830	37198	123	0.9412	-5.675
36830	37247	123	0.9266	-6.009
36830	41102	123	0.9238	-6.344
37229	41036	123	0.9335	0.336
37272	41036	123	0.9032	0.677
41036	41102	123	0.9131	6.308
41036	41227	123	0.917	-0.339
36873	41287	123	0.934	-0.335
37170	41287	123	0.9113	5.006
37229	40980	123	0.9465	0.002
37272	40980	123	0.9614	0.343
40980	41183	123	0.9018	0.964
40980	41227	123	0.9232	-0.006
37198	41183	123	0.9089	-6.346
37229	41183	123	0.9251	0.966
37272	41183	123	0.9151	1.307
41183	41945	123	0.9147	11.354
37229	37272	123	0.9299	-0.341
37272	41227	123	0.932	0.337
41100	41167	123	0.9535	0.334
41100	41174	123	0.9393	6.009
40327	41174	123	0.9137	6.010
36873	37198	123	0.9131	0.668
37170	37198	123	0.9224	6.010
37198	37247	123	0.9076	-0.334
37198	41102	123	0.9109	-0.669
37198	41227	123	0.9196	-7.316
37229	41227	123	0.9098	-0.004
36873	37247	123	0.9564	0.334
37170	37247	123	0.9226	5.676
37170	41227	123	0.91	-1.307
41102	41227	123	0.936	-6.647
36873	41102	123	0.9091	-0.001
37170	41102	123	0.9303	5.340
36873	37170	123	0.9442	-5.341
22645	24390	124	0.9821	0.000
14776	15266	129	0.8912	-0.275
15105	15266	129	0.9141	0.068
15266	15703	129	0.8629	-0.066
14776	15105	129	0.918	-0.343
15105	15703	129	0.8764	0.002
14776	15354	129	0.799	0.334
14776	15703	129	0.9355	-0.341
967	3116	131	0.8968	-13.980
1488	3116	131	0.911	-0.000
2003	3116	131	0.905	50.015
2058	3116	131	0.9186	0.036
2482	3116	131	0.9881	-0.001
3116	3330	131	0.9261	-0.036
3116	3401	131	0.8954	-34.020
967	1347	131	0.892	0.037
967	2058	131	0.9226	-14.015
967	2482	131	0.9128	-13.979
1347	1933	131	0.8937	-0.001
325	34421	131	0.8972	-67.104
337	34421	131	0.8843	-97.114
337	397	131	0.9108	-14.016
175	5699	131	0.9033	-18.973
325	5699	131	0.8935	-60.036
2003	5699	131	0.9224	15.995
3330	5699	131	0.9037	-33.985
3401	5699	131	0.968	-0.000
4660	5699	131	0.9643	0.000
175	325	131	0.8868	41.063
325	337	131	0.9244	30.011
325	3401	131	0.8874	-60.036
325	4660	131	0.9053	-60.036
2003	3330	131	0.9152	49.979
2482	3330	131	0.9141	-0.036
3330	3401	131	0.9171	-33.984
3330	4660	131	0.8841	-33.985
1488	2482	131	0.9266	0.000
2003	2482	131	0.8865	50.016
2058	2482	131	0.9354	0.036
175	337	131	0.8989	71.074
1058	2058	131	0.9415	0.000
1488	2058	131	0.9079	-0.036
175	2003	131	0.8898	-34.968
2003	3401	131	0.938	15.995
2003	4660	131	0.9243	15.995
1058	1488	131	0.9035	0.036
175	3401	131	0.9061	-18.973
175	4660	131	0.9065	-18.973
3401	4660	131	0.9562	-0.000
13891	16921	132	0.8267	-113.083
16921	18267	132	0.9671	-0.002
16921	20513	132	0.9544	525.808
13685	15104	132	0.8554	-299.178
13891	15104	132	0.7618	253.143
13891	16639	132	0.8212	-0.002
13891	18267	132	0.8291	-113.085
13891	20513	132	0.7772	412.725
18267	20513	132	0.9686	525.810
14762	15104	132	0.8301	-342.143
12853	15104	132	0.8854	-113.083
39952	40908	133	0.9238	-17.026
57078	57914	135	0.8904	314.084
57220	57914	135	0.9307	0.000
57914	57992	135	0.9015	222.057
57914	59815	135	0.9103	-74.019
57914	61289	135	0.8923	148.039
57914	61637	135	0.8587	-74.019
57914	61850	135	0.9292	-0.000
57019	57140	135	0.919	-73.020
57019	57195	135	0.8955	-74.019
57019	57234	135	0.8559	517.820
57019	57658	135	0.9626	-0.000
57019	60024	135	0.8791	75.017
57019	60978	135	0.871	91.048
57220	59815	135	0.917	-74.019
59815	60502	135	0.8888	74.019
59815	61004	135	0.8881	148.039
59815	61289	135	0.9574	222.058
59815	61482	135	0.8711	148.038
59815	61637	135	0.8989	0.000
59815	61850	135	0.9136	74.019
56988	57677	135	0.9813	0.000
57078	57677	135	0.9724	74.018
57140	57677	135	0.8978	75.019
57220	57677	135	0.9159	-240.066
57677	57842	135	0.98	222.056
57677	59164	135	0.9582	238.087
57677	59419	135	0.9429	298.054
57677	61004	135	0.8978	314.086
57677	61404	135	0.905	224.036
57677	61472	135	0.8969	164.069
56988	59419	135	0.9253	298.055
57078	59419	135	0.9462	372.072
57220	59419	135	0.9385	57.988
57842	59419	135	0.9192	75.998
59164	59419	135	0.9569	59.967
59419	60024	135	0.8782	-225.037
59419	61004	135	0.9114	16.032
59419	61189	135	0.9083	-148.037
59419	61472	135	0.9307	-133.985
57140	60024	135	0.9447	148.037
57195	60024	135	0.8914	149.035
57658	60024	135	0.8944	75.017
60024	60978	135	0.9573	16.032
56988	61404	135	0.8842	224.036
57078	61404	135	0.909	298.054
57220	61404	135	0.8955	-16.030
59164	61404	135	0.93	-14.051
60536	61404	135	0.9147	77.000
60978	61404	135	0.8661	134.986
61189	61404	135	0.9225	74.019
61404	61472	135	0.8735	-59.966
57140	57658	135	0.9569	73.020
57195	57658	135	0.9577	74.018
57658	60978	135	0.8887	91.049
56988	57078	135	0.9557	-74.018
56988	57140	135	0.9021	-75.019
56988	57220	135	0.8984	240.066
56988	57842	135	0.9851	222.056
56988	57992	135	0.8977	462.124
56988	59164	135	0.9462	238.087
56988	61472	135	0.8848	164.070
57140	60978	135	0.9183	164.069
57842	60978	135	0.8823	-133.007
59164	60978	135	0.8934	-149.038
60536	60978	135	0.874	-57.987
60978	61472	135	0.8782	75.020
57078	57140	135	0.896	-1.001
57140	57195	135	0.9228	-0.999
57140	57842	135	0.8853	297.075
57140	60536	135	0.8777	222.055
57842	57992	135	0.8812	240.067
57992	61850	135	0.8722	-222.057
57078	61472	135	0.9058	238.087
57220	61472	135	0.8877	-75.997
57842	61472	135	0.8867	-57.987
59164	61472	135	0.9354	-74.018
61189	61472	135	0.9016	14.052
57078	57220	135	0.9267	314.084
57078	57842	135	0.9517	296.074
57078	59164	135	0.9531	312.105
57195	60536	135	0.8378	223.054
60536	61189	135	0.8629	2.981
57842	59164	135	0.9522	16.031
59164	61189	135	0.8955	-88.070
60502	61637	135	0.9109	-74.019
61289	61637	135	0.8642	-222.057
61482	61637	135	0.8869	-148.038
61637	61850	135	0.8946	74.019
60502	61482	135	0.9061	74.019
61004	61482	135	0.8809	-0.001
61189	61482	135	0.8615	164.068
61482	61850	135	0.8558	-74.019
57220	61850	135	0.9062	0.000
60502	61850	135	0.9278	0.000
61289	61850	135	0.8684	-148.039
61004	61189	135	0.8651	-164.069
57220	61004	135	0.8901	74.020
23998	24114	136	0.9042	-671.353
24114	28965	136	0.8728	-0.002
24114	30107	136	0.8376	622.320
24114	34309	136	0.8079	-99.071
27006	34105	136	0.8525	-49.532
27006	35985	136	0.836	-770.420
27006	36096	136	0.8767	-49.531
28965	34309	136	0.8722	-99.068
30107	34309	136	0.8763	-721.391
34105	34309	136	0.8813	-720.889
34309	35985	136	0.9011	0.001
34309	36096	136	0.882	720.889
28965	34105	136	0.8842	621.820
34105	35985	136	0.9682	-720.888
34105	36096	136	0.9951	0.001
23998	28965	136	0.8543	-671.355
23998	30107	136	0.8262	-49.033
28965	35985	136	0.8976	-99.068
30107	35985	136	0.8223	-721.390
35985	36096	136	0.9675	720.889
28965	30107	136	0.8324	622.322
28965	36096	136	0.8837	621.821
3190	4709	137	0.829	-0.000
3190	6672	137	0.8261	-0.001
3190	8436	137	0.8699	-0.001
3190	11281	137	0.8051	-42.047
4709	6672	137	0.9069	-0.000
6672	8436	137	0.9238	-0.000
6672	11281	137	0.8465	-42.047
4709	8436	137	0.9253	-0.000
8436	11281	137	0.8248	-42.047
4709	11281	137	0.8451	-42.047
3098	4320	138	0.9463	0.000
4320	6514	138	0.7729	0.002
4320	9081	138	0.9112	-0.000
4320	11246	138	0.8688	-28.031
3098	6514	138	0.7881	0.002
5377	6514	138	0.7819	-0.000
6514	9081	138	0.8071	-0.002
6514	11246	138	0.7546	-28.033
3098	9081	138	0.9051	-0.000
3098	11246	138	0.8733	-28.031
9081	11246	138	0.855	-28.031
3887	5171	139	0.8807	0.000
5171	7172	139	0.9205	-0.000
2532	3458	139	0.8078	-1.003
3458	4837	139	0.8179	1.003
3458	5274	139	0.9223	-0.000
3458	6084	139	0.8123	1.003
1373	2532	139	0.817	114.044
1786	2532	139	0.8147	114.043
2532	3887	139	0.8249	129.042
2532	4837	139	0.9772	-0.000
2532	6084	139	0.9618	-0.000
3887	4837	139	0.8076	-129.042
4837	6084	139	0.972	-0.000
1373	5993	139	0.941	-0.000
1786	5993	139	0.9289	-0.001
5993	6084	139	0.8042	114.044
3887	7172	139	0.8962	-0.000
1373	1786	139	0.9457	0.001
1373	6084	139	0.8017	114.043
3620	5300	141	0.9332	0.000
4490	5300	141	0.9293	0.467
4696	5300	141	0.949	0.000
5300	8717	141	0.8864	-0.467
4490	8717	141	0.9124	-0.000
3620	4696	141	0.9562	0.000
19184	23920	142	0.9379	957.052
19196	23920	142	0.9261	940.024
19198	23920	142	0.9058	956.054
22612	23920	142	0.9292	939.023
22629	23920	142	0.9253	940.026
23920	24232	142	0.9185	9.015
23920	24865	142	0.9262	8.515
23920	25024	142	0.9227	0.002
19389	22978	142	0.9028	-0.001
21138	22978	142	0.9177	-10.986
22612	22978	142	0.9262	936.553
22629	22978	142	0.9143	937.556
22978	23499	142	0.9386	-0.003
22978	24232	142	0.9209	11.485
22978	24865	142	0.9337	10.985
22978	25043	142	0.9235	2.971
19184	19196	142	0.9318	17.027
19184	19198	142	0.9334	0.998
19184	21138	142	0.9169	965.568
19184	22612	142	0.9317	18.029
19184	22629	142	0.9251	17.026
19184	24232	142	0.9226	966.067
19184	24865	142	0.9347	965.567
19184	25024	142	0.9178	957.054
19184	25043	142	0.9249	957.552
19196	24232	142	0.9378	949.039
19198	24232	142	0.9252	965.068
21138	24232	142	0.9484	0.498
22612	24232	142	0.9586	948.038
22629	24232	142	0.9283	949.041
24232	24865	142	0.9437	-0.500
24232	25043	142	0.9509	-8.514
19196	24865	142	0.9423	948.539
21138	24865	142	0.9645	-0.001
22612	24865	142	0.9579	947.538
22629	24865	142	0.9257	948.541
23499	24865	142	0.9188	10.988
24865	25043	142	0.9663	-8.014
21138	24578	142	0.9452	-0.504
23292	24578	142	0.8806	7.516
24309	24578	142	0.9146	-0.500
19196	22612	142	0.9625	1.001
19198	22612	142	0.9342	17.030
21138	22612	142	0.9487	-947.540
22612	22629	142	0.9358	-1.003
22612	25043	142	0.9548	939.524
24309	24857	142	0.9487	0.502
24416	24857	142	0.8509	10.989
21138	23499	142	0.9129	-10.989
23499	25024	142	0.9212	2.475
23292	24459	142	0.9275	-2.968
24309	24459	142	0.8661	-10.983
24416	24459	142	0.857	-0.497
19196	19198	142	0.9483	-16.029
19196	21138	142	0.9308	948.541
19196	22629	142	0.9396	-0.002
19196	25024	142	0.9388	940.027
19196	25043	142	0.9498	940.525
19198	25024	142	0.8954	956.056
19198	25043	142	0.9309	956.554
24309	24416	142	0.9063	-10.487
23292	24309	142	0.8988	8.015
21138	22629	142	0.9289	-948.543
22629	25024	142	0.9211	940.029
22629	25043	142	0.9336	940.527
21138	25043	142	0.9814	-8.016
25024	25043	142	0.931	0.498
3409	7922	143	0.8817	0.000
6828	7922	143	0.9511	-0.000
3409	5321	143	0.9581	-0.000
3409	6828	143	0.9378	0.000
5321	6828	143	0.8899	0.000
2760	4779	144	0.8395	-0.001
4779	6442	144	0.8552	0.000
4779	7800	144	0.7704	0.001
4779	9256	144	0.7931	0.000
2760	6442	144	0.9174	-0.001
2760	7800	144	0.8495	-0.000
2760	9256	144	0.858	-0.001
6442	9256	144	0.8865	0.000
7800	9256	144	0.9473	-0.001
6442	7800	144	0.8753	0.001
1848	2207	145	0.8279	15.995
18414	18696	147	0.913	847.420
18414	20110	147	0.8902	847.421
18414	22158	147	0.951	847.417
18414	22422	147	0.9337	847.920
18414	22985	147	0.9191	839.410
18414	23206	147	0.8932	847.417
18414	23582	147	0.8204	847.920
16722	18414	147	0.898	-847.422
24168	25143	147	0.9229	-0.000
24275	25143	147	0.8981	8.512
25143	28910	147	0.8748	-9.014
25143	28985	147	0.8671	-8.513
25143	29941	147	0.8917	-666.840
25143	31367	147	0.8862	-0.500
25143	32464	147	0.9156	-8.513
25143	32758	147	0.8574	0.000
25143	33972	147	0.9534	-8.514
25143	35200	147	0.9139	-8.514
27914	27923	147	0.9353	-8.011
27914	28910	147	0.9178	-8.511
27914	32464	147	0.9498	-8.010
27914	35200	147	0.8808	-8.011
24275	27914	147	0.8509	8.008
16722	18696	147	0.9416	-0.002
16722	20110	147	0.9164	-0.001
16722	22158	147	0.92	-0.005
16722	22422	147	0.8588	0.498
16722	22985	147	0.9511	-8.012
16722	23206	147	0.8816	-0.005
18696	23206	147	0.9044	-0.003
20110	23206	147	0.8448	-0.004
22158	23206	147	0.918	0.000
22422	23206	147	0.8665	-0.503
22985	23206	147	0.8618	8.007
22422	23582	147	0.853	0.000
24168	24275	147	0.8933	-8.512
24168	27923	147	0.8531	-8.515
24168	28910	147	0.8882	-9.014
24168	28985	147	0.9041	-8.513
24168	29941	147	0.8734	-666.841
24168	31367	147	0.8607	-0.500
24168	32464	147	0.903	-8.513
24168	33972	147	0.9004	-8.514
24168	35200	147	0.9132	-8.514
27923	31367	147	0.8448	8.015
28910	31367	147	0.8434	8.514
29941	31367	147	0.9916	666.340
31367	32464	147	0.9422	-8.013
31367	33972	147	0.8901	-8.014
27923	28910	147	0.9647	-0.500
27923	29941	147	0.8787	-658.326
27923	32464	147	0.9422	0.001
27923	35200	147	0.8813	0.000
24275	27923	147	0.8564	-0.003
18696	22985	147	0.9356	-8.010
20110	22985	147	0.9642	-8.011
22158	22985	147	0.9141	-8.007
22422	22985	147	0.8704	-8.510
18696	20110	147	0.9557	0.001
20110	22158	147	0.9057	-0.004
28985	32758	147	0.8207	8.513
32464	32758	147	0.9276	8.513
32758	33972	147	0.8849	-8.514
26733	32758	147	0.9726	0.001
28985	35200	147	0.8727	-0.001
24275	28985	147	0.8918	-0.002
28910	29941	147	0.8757	-657.826
28910	32464	147	0.923	0.501
28910	33972	147	0.897	0.500
28910	35200	147	0.9147	0.500
24275	28910	147	0.9118	-0.503
29941	32464	147	0.9589	658.327
29941	33972	147	0.9013	658.327
29941	35200	147	0.8777	658.326
22422	29941	147	0.8588	-485.754
24275	29941	147	0.8583	-658.329
18696	22158	147	0.9459	-0.003
18696	22422	147	0.8704	0.500
24275	35200	147	0.9204	-0.003
26733	33972	147	0.8849	-8.512
22158	22422	147	0.9023	0.503
22422	33972	147	0.8855	172.573
32464	35200	147	0.9211	-0.001
33972	35200	147	0.9145	-0.000
32464	33972	147	0.9344	-0.000
54089	55968	148	0.7953	-14.015
53269	55561	148	0.7387	-212.214
55561	55667	148	0.7049	184.183
55561	55968	148	0.8927	210.199
53269	55667	148	0.8146	-28.030
54057	55667	148	0.8022	14.017
55110	55667	148	0.8411	-14.014
55667	55968	148	0.8299	26.016
53269	55110	148	0.9248	-14.016
55110	55968	148	0.9384	12.001
53269	55890	148	0.7358	21.889
50970	55968	148	0.8633	30.995
53269	55968	148	0.8596	-2.015
1217	2153	149	0.8396	0.000
17995	22185	150	0.8333	623.820
19490	22185	150	0.8042	-27.017
19566	22185	150	0.9125	0.502
19807	22185	150	0.9117	623.823
22185	23540	150	0.7712	-569.789
17691	22185	150	0.8715	0.501
17995	19807	150	0.8978	-0.003
19490	19807	150	0.8003	-650.840
19566	19807	150	0.9278	-623.320
19807	23540	150	0.7963	54.034
17691	19807	150	0.9074	-623.321
19566	30811	150	0.7674	-490.333
19490	23540	150	0.8856	-596.806
19566	23540	150	0.797	-569.286
17691	23540	150	0.8191	-569.287
17691	17995	150	0.8569	-623.318
17691	19490	150	0.812	27.519
17691	19566	150	0.9015	-0.001
17995	19566	150	0.8471	623.317
19490	19566	150	0.8074	-27.520
17995	19490	150	0.7816	650.837
4582	11381	151	0.8541	-0.002
4765	11381	151	0.882	71.036
7402	11381	151	0.8212	-128.060
7645	11381	151	0.9627	-0.002
8707	11381	151	0.8776	71.036
10142	11381	151	0.9905	0.000
10316	11381	151	0.8904	71.037
4765	8707	151	0.9449	-0.000
7645	8707	151	0.8731	-71.038
8707	10142	151	0.8751	71.036
8707	10316	151	0.9649	-0.001
4582	10142	151	0.8485	-0.002
4765	10316	151	0.9436	-0.002
7645	10316	151	0.8805	-71.039
10142	10316	151	0.8801	-71.037
7402	9920	151	0.8531	-0.001
7402	10142	151	0.8275	-128.060
4765	7645	151	0.8556	71.037
4765	10142	151	0.8748	71.036
7645	10142	151	0.9654	-0.002
12967	16843	152	0.9171	-147.174
15186	16843	152	0.868	0.897
15210	16843	152	0.9868	-0.106
15504	16843	152	0.9877	0.001
16843	17062	152	0.9848	0.104
12471	12967	152	0.8706	1.004
12471	12990	152	0.9172	-1.002
12471	15186	152	0.8708	-147.067
12967	15210	152	0.9058	-147.068
12967	15504	152	0.9135	-147.175
12967	17062	152	0.9138	-147.069
15186	17062	152	0.867	1.002
15210	17062	152	0.9857	-0.001
15504	17062	152	0.9834	0.105
15186	15210	152	0.8729	1.003
15210	15504	152	0.9917	-0.107
15186	15504	152	0.869	0.897
10668	12599	153	0.9628	-0.000
11691	12599	153	0.8898	43.991
10668	11691	153	0.8926	-43.991
7771	11691	153	0.8197	87.031
5846	9747	153	0.9028	576.817
9747	10946	153	0.8418	-0.424
7771	10946	153	0.9066	-0.001
4458	10576	154	0.8456	-1.005
8704	10576	154	0.8206	-340.178
10305	10576	154	0.8161	-1.005
10324	10576	154	0.8285	-1.005
10576	11220	154	0.8478	1.004
3024	4931	154	0.7802	-0.001
4931	5692	154	0.8689	0.000
4931	7009	154	0.947	0.000
4931	8148	154	0.883	-0.000
4931	9405	154	0.8053	-0.001
3024	4458	154	0.8124	128.095
4458	8704	154	0.8962	339.172
4458	9405	154	0.8048	-128.097
4458	10305	154	0.8736	-0.000
4458	10324	154	0.982	-0.000
4458	11220	154	0.9793	-0.001
3024	9405	154	0.9373	-0.002
5450	9405	154	0.8186	-403.221
5692	9405	154	0.828	-0.001
6984	9405	154	0.8152	-403.221
7009	9405	154	0.7872	-0.001
8140	9405	154	0.7946	-403.222
9405	10324	154	0.8076	128.097
9405	11220	154	0.7971	128.096
5548	8149	154	0.9282	-0.000
7011	8149	154	0.9333	0.000
8149	9343	154	0.9021	-0.000
8704	10305	154	0.9786	-339.172
9371	10305	154	0.7953	128.096
10305	10324	154	0.8803	-0.000
10305	11220	154	0.8859	-0.001
3024	11220	154	0.8068	128.094
8704	11220	154	0.8993	-339.173
10324	11220	154	0.9761	-0.001
3024	10324	154	0.8106	128.095
8704	10324	154	0.9033	-339.172
5548	7011	154	0.8952	-0.000
5548	9343	154	0.8549	-0.000
3024	9371	154	0.8007	-0.001
3056	9371	154	0.9213	-0.001
5450	9371	154	0.9297	-403.220
6984	9371	154	0.9352	-403.220
8140	9371	154	0.971	-403.221
3024	5692	154	0.7848	-0.001
5692	7009	154	0.8895	0.000
5692	8148	154	0.8522	-0.000
7009	8148	154	0.8891	-0.000
3024	8140	154	0.8176	403.220
3056	8140	154	0.9209	403.220
5450	8140	154	0.9335	0.000
6984	8140	154	0.9326	0.000
8140	9343	154	0.7887	134.407
7011	9343	154	0.9272	-0.000
3024	6984	154	0.83	403.219
3056	6984	154	0.9264	403.220
5450	6984	154	0.9521	-0.000
3056	5450	154	0.9341	403.220
3024	5450	154	0.8115	403.220
5587	7500	155	0.8911	-0.000
5587	9010	155	0.9679	-0.000
1319	7128	155	0.9403	-13.999
3896	7128	155	0.8928	49.996
4726	7128	155	0.8934	49.996
5605	7128	155	0.9155	0.017
7128	7500	155	0.8808	-1.020
7128	8671	155	0.9737	-0.000
7128	11041	155	0.8794	-34.001
7128	12699	155	0.93	-0.017
7128	13549	155	0.8974	-34.002
1319	1907	155	0.8997	28.031
1319	8671	155	0.8714	-13.999
1319	12699	155	0.9204	-14.016
1066	8671	155	0.8685	-42.030
3896	8671	155	0.8882	49.996
4726	8671	155	0.887	49.996
5605	8671	155	0.9213	0.017
8671	9010	155	0.8646	-1.021
8671	11041	155	0.8842	-34.001
8671	12699	155	0.9189	-0.017
8671	13549	155	0.9127	-34.001
1066	1907	155	0.9361	0.000
3896	12699	155	0.9099	49.979
4726	12699	155	0.9153	49.979
5605	12699	155	0.9569	-0.000
7500	9010	155	0.955	-0.000
3551	3896	155	0.8627	-32.023
3551	4726	155	0.8761	-32.023
3551	5605	155	0.9007	17.956
3896	4726	155	0.9822	-0.000
4726	5605	155	0.9392	49.979
4726	11041	155	0.9233	15.995
4726	13549	155	0.9257	15.995
3896	5605	155	0.9397	49.979
3896	11041	155	0.9257	15.995
3896	13549	155	0.9145	15.994
5605	11041	155	0.9157	-33.985
11041	13549	155	0.9626	-0.000
5605	13549	155	0.9154	-33.985
31949	37076	157	0.9681	687.397
20156	31949	157	0.8397	-687.408
23402	31949	157	0.8472	1.987
23821	31949	157	0.9351	-687.407
24438	31949	157	0.8575	-686.906
24646	31949	157	0.8808	-687.409
20156	24438	157	0.8849	-0.502
23402	24438	157	0.925	688.893
23821	24438	157	0.9319	-0.501
24438	24646	157	0.9183	0.503
24438	37076	157	0.8842	0.492
20156	24646	157	0.9169	0.001
23402	24646	157	0.9348	689.396
23821	24646	157	0.8857	0.002
24646	37076	157	0.8626	-0.011
20156	23821	157	0.8466	-0.001
23402	23821	157	0.8701	689.394
23821	37076	157	0.9689	-0.009
20156	23402	157	0.938	-689.395
20156	37076	157	0.8321	-0.010
23402	37076	157	0.8392	689.385
1697	3131	158	0.7856	-0.911
3131	4938	158	0.8744	374.138
1773	3420	158	0.9339	0.000
1777	3420	158	0.8348	84.301
3420	4231	158	0.8366	-84.301
3420	4875	158	0.7891	4.083
3420	6643	158	0.7989	4.083
3420	6740	158	0.7946	3.749
3420	8171	158	0.8763	-252.903
3420	8236	158	0.8063	-84.301
3420	8760	158	0.8068	4.083
3420	11353	158	0.9279	-0.000
1694	6643	158	0.8831	-0.001
1773	6643	158	0.8157	4.084
4875	6643	158	0.9554	0.000
4938	6643	158	0.8184	124.409
6643	6740	158	0.9703	-0.334
6643	8171	158	0.7847	-256.987
6643	8760	158	0.9192	0.000
6643	11353	158	0.828	-4.084
1281	1697	158	0.971	-373.227
1281	4938	158	0.8296	-0.000
1281	6599	158	0.9269	-0.000
1281	8760	158	0.8099	124.409
1281	8810	158	0.8327	0.000
1694	4875	158	0.8768	-0.001
1773	4875	158	0.8227	4.083
4875	4938	158	0.8456	-124.409
4875	6740	158	0.9375	-0.334
4875	8171	158	0.7928	-256.987
4875	8344	158	0.8077	-321.015
4875	8760	158	0.9047	0.000
4875	11353	158	0.828	-4.084
1773	1777	158	0.8792	-84.301
1773	4231	158	0.8714	-84.301
1773	6740	158	0.8112	3.749
1773	8171	158	0.8802	-252.903
1773	8236	158	0.8175	-84.301
1773	8760	158	0.8127	4.084
1773	11353	158	0.9538	-0.000
1697	6599	158	0.9219	373.227
4938	6599	158	0.8678	0.000
6599	8760	158	0.8132	124.409
6599	8810	158	0.8884	0.000
1777	4231	158	0.8794	0.000
4231	8171	158	0.8027	-168.603
4231	8236	158	0.8015	-0.000
4231	11353	158	0.8718	84.300
1694	6740	158	0.8711	-0.335
4938	6740	158	0.8048	124.075
6740	8760	158	0.9174	0.334
6740	11353	158	0.8182	-3.749
1777	8236	158	0.7916	0.000
1777	11353	158	0.8852	84.301
1697	4938	158	0.8309	373.227
1697	8810	158	0.8465	373.227
4938	8810	158	0.841	0.000
1694	4938	158	0.8095	-124.410
1694	8760	158	0.9176	-0.000
8171	8236	158	0.808	168.602
8171	11353	158	0.8912	252.903
8236	11353	158	0.822	84.300
4938	8760	158	0.8346	124.409
8760	11353	158	0.8293	-4.084
1889	4024	160	0.9318	-0.000
4024	5550	160	0.9066	-0.000
4384	5550	160	0.937	0.019
1889	5550	160	0.9001	-0.000
34624	35740	161	0.9661	681.856
14651	16518	162	0.9224	-500.263
14651	16521	162	0.8647	-8.518
12265	14832	162	0.8437	-113.082
14645	16481	162	0.9746	0.000
14832	16481	162	0.8492	-253.143
16481	16518	162	0.8384	0.002
16481	16521	162	0.7605	491.748
16481	24623	162	0.7694	166.069
16481	24624	162	0.8117	-667.381
16481	25797	162	0.7771	166.570
14645	16521	162	0.7638	491.748
16518	16521	162	0.8828	491.745
16521	21649	162	0.7666	-325.677
16521	25833	162	0.7643	-325.679
14645	14832	162	0.8418	253.143
14645	16518	162	0.843	0.002
14645	24623	162	0.7677	166.069
14645	24624	162	0.8134	-667.381
14645	25797	162	0.7741	166.570
21649	21661	162	0.9241	0.501
21649	24623	162	0.887	-0.001
21649	24624	162	0.8894	-833.452
21649	25797	162	0.8953	0.500
21649	25833	162	0.9579	-0.002
14832	21649	162	0.7782	-87.072
14832	21661	162	0.8022	-86.571
14832	24623	162	0.8113	-87.074
14832	24624	162	0.8302	-920.524
14832	25797	162	0.8215	-86.573
14832	25833	162	0.7666	-87.075
21661	24623	162	0.9532	-0.503
24623	24624	162	0.9517	-833.450
24623	25797	162	0.9516	0.501
24623	25833	162	0.896	-0.001
16518	24624	162	0.7846	-667.383
16518	25797	162	0.7607	166.568
21661	25797	162	0.9497	-0.002
24624	25797	162	0.9589	833.951
25797	25833	162	0.892	-0.502
21661	24624	162	0.9392	-833.953
21661	25833	162	0.9115	-0.504
24624	25833	162	0.8893	833.449
18003	19047	163	0.8651	-6.508
18587	19047	163	0.8783	1.503
19047	19075	163	0.9417	-0.500
19047	19124	163	0.9036	-8.512
17123	19047	163	0.8867	736.847
17180	19047	163	0.8785	-6.509
17195	19047	163	0.8875	0.498
17366	19047	163	0.899	739.862
17547	19047	163	0.8604	9.012
17758	19047	163	0.8857	753.874
37155	37469	163	0.8743	0.501
16759	17180	163	0.9199	729.342
17180	17366	163	0.9054	-746.371
17180	18003	163	0.9514	-0.001
17180	18551	163	0.8917	0.502
17180	18587	163	0.9166	-8.013
17180	19075	163	0.8731	-7.009
17123	27357	163	0.8764	722.312
17123	17195	163	0.9275	736.349
17195	18003	163	0.8699	7.007
17195	18587	163	0.8615	-1.005
17195	19075	163	0.9003	-0.001
18003	19075	163	0.8665	-7.008
18587	19075	163	0.8669	1.003
17123	19075	163	0.888	736.347
17366	19075	163	0.8647	739.362
17547	19075	163	0.8708	8.512
16759	17123	163	0.9633	-14.014
16759	18003	163	0.923	729.341
16759	18551	163	0.9476	729.844
16759	18587	163	0.8651	721.330
16759	31090	163	0.8652	494.691
17366	17758	163	0.8791	-14.012
17366	18003	163	0.8979	746.370
17366	18587	163	0.9678	738.359
18003	18551	163	0.9202	0.503
18003	18587	163	0.9125	-8.011
18003	31090	163	0.8799	-234.650
17123	18003	163	0.8926	743.355
17123	18551	163	0.917	743.858
17123	31090	163	0.8696	508.705
17547	18344	163	0.9489	-0.467
31090	37155	163	0.9102	-0.502
31711	37155	163	0.8608	-0.000
17758	19124	163	0.8732	745.362
31090	31711	163	0.8865	-0.502
21218	22338	164	0.98	495.298
15459	15948	165	0.822	-773.393
15662	15948	165	0.8385	-762.403
15948	17155	165	0.8712	762.402
15948	17250	165	0.895	-0.002
15948	17625	165	0.7581	817.409
15948	17874	165	0.7837	761.901
15948	18328	165	0.8587	762.904
15948	18678	165	0.7776	762.403
15459	15662	165	0.8107	-10.990
15459	16712	165	0.8125	44.015
15459	16836	165	0.7867	43.514
15459	17184	165	0.861	-0.001
15459	17625	165	0.8371	44.015
15459	17874	165	0.791	-11.493
15459	18678	165	0.795	-10.991
15496	15652	165	0.8881	7.004
15652	16431	165	0.8657	1.054
15652	16751	165	0.8564	-768.441
15652	17149	165	0.8629	0.501
15652	17652	165	0.9061	-0.000
15652	18283	165	0.9195	-7.510
15652	18321	165	0.9062	1.003
16712	17625	165	0.8784	0.000
16836	17625	165	0.86	0.501
18328	18678	165	0.8427	-0.501
17874	18678	165	0.8142	0.502
15662	17006	165	0.8804	1.975
17006	17149	165	0.8993	8.513
17006	17155	165	0.8566	-1.976
17006	17184	165	0.8324	9.014
18263	18283	165	0.9248	-9.014
18263	18321	165	0.9315	-0.501
15482	18263	165	0.8719	751.913
15496	18263	165	0.9251	8.508
16247	18263	165	0.9051	-0.552
16472	18263	165	0.9331	751.916
17019	18263	165	0.9341	8.509
17149	18263	165	0.8845	1.003
17652	18263	165	0.8601	1.505
17658	18263	165	0.9418	8.513
15482	16472	165	0.8647	-0.003
15496	16472	165	0.9195	-743.408
16247	16472	165	0.8881	-752.468
16431	16472	165	0.8438	-751.465
16472	17019	165	0.9226	743.407
16472	17149	165	0.8763	750.913
16472	17658	165	0.9524	743.403
16472	18283	165	0.9153	742.902
16472	18321	165	0.9056	751.414
17149	17184	165	0.879	0.501
17149	17652	165	0.8796	-0.502
17149	17658	165	0.8632	-7.510
16712	16836	165	0.9036	-0.501
18283	18321	165	0.9502	8.513
15482	18283	165	0.8903	742.899
15496	18283	165	0.9354	-0.506
16247	18283	165	0.9131	-9.566
16751	18283	165	0.9161	760.931
17019	18283	165	0.9375	-0.505
17658	18283	165	0.9249	-0.501
15662	17250	165	0.8731	-762.406
17155	17250	165	0.9378	-762.405
17250	18328	165	0.7948	762.906
15482	15496	165	0.8952	743.405
15482	16247	165	0.9453	752.465
15482	16431	165	0.9386	751.463
15482	16751	165	0.8396	-18.032
15482	17019	165	0.8938	743.404
15482	17658	165	0.8806	743.400
15482	18321	165	0.8903	751.412
15662	17155	165	0.9198	-0.001
15662	17874	165	0.8279	-0.503
15662	18328	165	0.8588	0.501
15496	16247	165	0.9096	9.060
16247	16431	165	0.9328	-1.003
16247	17019	165	0.8944	-9.061
16247	17658	165	0.9016	-9.065
16247	18321	165	0.8983	-1.053
17184	17652	165	0.8509	-1.003
15496	17658	165	0.9385	-0.005
16431	17658	165	0.8802	-8.063
17019	17658	165	0.9433	-0.004
17658	18321	165	0.9359	8.012
15496	18321	165	0.9553	8.007
16431	18321	165	0.8962	-0.051
17019	18321	165	0.9489	8.008
17155	17874	165	0.7924	-0.502
17155	18328	165	0.8184	0.502
16836	18328	165	0.7452	-54.004
17874	18328	165	0.8321	1.003
15726	16751	165	0.9532	-0.004
15496	16431	165	0.8965	8.058
15496	17019	165	0.9599	-0.001
16431	17019	165	0.8828	-8.059
16751	17019	165	0.8986	761.436
52947	53164	166	0.9679	-100.148
1955	2819	167	0.8814	0.001
3699	4746	167	0.8958	0.000
4746	6698	167	0.8661	-0.000
1955	3699	167	0.8496	-13.979
2278	3699	167	0.9152	-0.001
2278	6698	167	0.8505	-0.001
3699	6698	167	0.9301	-0.000
50413	52672	168	0.9761	-190.120
50413	52692	168	0.9656	-146.094
50754	52446	168	0.9596	-44.026
51380	52649	168	0.9656	-528.375
51402	52649	168	0.9706	-58.043
51683	52649	168	0.9742	74.037
51709	52649	168	0.9694	30.010
52631	52649	168	0.9613	-44.027
52636	52649	168	0.9607	-587.407
52646	52649	168	0.9625	-565.393
51380	51402	168	0.9845	-470.332
51380	51683	168	0.9816	-602.412
51380	51709	168	0.9818	-558.385
51380	52631	168	0.9667	-484.348
51380	52636	168	0.9614	59.032
51380	52646	168	0.9647	37.018
51402	51709	168	0.9695	-88.053
51402	52631	168	0.9698	-14.016
51402	52636	168	0.9702	529.364
51402	52646	168	0.9749	507.350
51683	52646	168	0.9623	639.430
51709	52646	168	0.9611	595.403
52631	52646	168	0.9789	521.366
52636	52646	168	0.984	-22.014
52446	52511	168	0.9678	-44.026
52446	52692	168	0.9648	-176.105
51249	54309	168	0.9612	-102.067
51709	54309	168	0.9601	74.038
52621	54309	168	0.9746	-455.325
52642	54309	168	0.9642	-281.182
52692	54309	168	0.9592	-237.155
51683	52631	168	0.9632	118.064
51709	52631	168	0.97	74.037
52631	52636	168	0.9767	543.379
52511	52692	168	0.9827	-132.079
52642	52692	168	0.9685	-44.027
51683	51709	168	0.9868	44.027
51683	52618	168	0.9643	-14.016
52604	52636	168	0.9632	-22.013
52511	52672	168	0.9737	-176.105
52618	52621	168	0.9607	587.406
51709	52618	168	0.9617	-58.043
51709	52642	168	0.965	355.220
52511	52642	168	0.9607	-88.052
1342	1732	169	0.9305	26.016
1342	1799	169	0.9613	0.000
1342	4244	169	0.9562	0.000
1342	5002	169	0.9661	0.000
1732	4244	169	0.9249	-26.015
1799	4244	169	0.9927	-0.000
4244	5002	169	0.9881	-0.000
4244	5108	169	0.9132	-15.945
4244	5166	169	0.9209	-16.031
4244	6422	169	0.9101	-16.031
4244	10842	169	0.9147	-16.032
2957	4108	169	0.9044	-0.516
2167	8795	169	0.911	-14.016
5108	8795	169	0.98	-0.087
5166	8795	169	0.9735	-0.000
5325	8795	169	0.9178	1.004
6422	8795	169	0.9857	-0.000
6890	8795	169	0.9796	-0.086
7747	8795	169	0.9272	0.000
8795	10842	169	0.9809	-0.000
1799	5108	169	0.9107	-15.945
2167	5108	169	0.9299	-13.929
5108	5166	169	0.9867	-0.086
5108	5325	169	0.9129	-1.090
5108	6422	169	0.989	-0.086
5108	6890	169	0.949	-0.000
5108	7747	169	0.9479	-0.087
5108	10842	169	0.9854	-0.087
1732	1799	169	0.9246	-26.015
1732	2167	169	0.9136	-28.031
1732	5002	169	0.9267	-26.016
1799	6422	169	0.9118	-16.031
2167	6422	169	0.9328	-14.015
4108	6422	169	0.9098	-14.016
5166	6422	169	0.988	-0.000
6422	6890	169	0.9562	0.086
6422	7747	169	0.9553	-0.000
6422	10842	169	0.9887	-0.000
1799	5002	169	0.9923	-0.000
1799	5166	169	0.9215	-16.031
1799	7747	169	0.918	-16.032
1799	10842	169	0.9145	-16.032
5138	6890	169	0.9125	226.183
5166	6890	169	0.9344	0.086
6890	8205	169	0.9065	-0.000
6890	10842	169	0.9484	-0.087
2167	4108	169	0.9871	0.000
4108	5166	169	0.9197	-14.015
4108	6148	169	0.9731	-0.000
4108	7747	169	0.9254	-14.016
4108	10842	169	0.9197	-14.016
5325	7422	169	0.946	0.056
7422	8618	169	0.9589	-0.000
5138	8205	169	0.9241	226.182
5140	8205	169	0.9286	226.095
5256	8205	169	0.9295	219.109
2167	10842	169	0.9364	-14.016
5166	10842	169	0.9922	-0.000
7747	10842	169	0.9565	0.000
2167	5002	169	0.9122	2.016
2167	5166	169	0.9421	-14.015
2167	6148	169	0.9773	-0.000
2167	7747	169	0.9345	-14.016
5929	8618	169	0.9284	-0.000
5166	7747	169	0.9546	-0.000
5138	5256	169	0.9028	7.073
5140	5256	169	0.9137	6.986
6148	7747	169	0.9181	-14.016
5002	7747	169	0.9191	-16.031
5138	5140	169	0.9934	0.087
2200	9385	171	0.9795	-0.000
4336	9385	171	0.9666	-0.001
4981	9385	171	0.9679	-0.000
7517	9385	171	0.9356	-0.000
2200	4981	171	0.9737	0.000
4336	4981	171	0.9862	-0.000
4981	7517	171	0.9138	-0.000
2200	4336	171	0.9701	0.000
4336	7517	171	0.9092	-0.000
2200	7517	171	0.9237	0.000
11522	12089	174	0.8246	-1.003
5150	10256	175	0.976	-0.000
5828	10256	175	0.991	0.000
7107	10256	175	0.9153	-13.979
5150	7107	175	0.9023	13.979
5828	7107	175	0.9158	13.979
5150	5828	175	0.9752	-0.000
28061	33596	176	0.9668	-544.297
18430	20500	177	0.9598	697.315
16970	18430	177	0.9461	-0.001
16970	20500	177	0.9361	697.314
16304	16306	178	0.9689	-529.290
16306	17552	178	0.9632	529.290
16306	18477	178	0.9701	-0.002
20267	22770	178	0.8989	135.071
22770	25256	178	0.8941	-0.001
16591	22770	178	0.8808	-27.994
17420	22770	178	0.8848	-27.994
22737	23455	178	0.9209	-14.016
22906	23455	178	0.8732	57.020
23455	24212	178	0.8843	28.031
23455	25470	178	0.8817	71.036
23455	26825	178	0.9076	-0.002
23455	28853	178	0.877	71.036
16304	23455	178	0.8825	-42.011
22737	22906	178	0.8938	-71.036
22906	26825	178	0.9356	57.018
17420	22906	178	0.8749	-1.978
22737	26825	178	0.9453	-14.017
24212	26825	178	0.959	-28.033
25470	26825	178	0.9456	-71.038
26825	28853	178	0.9444	71.037
16304	26825	178	0.9127	-42.013
16591	26825	178	0.8949	55.041
17420	26825	178	0.9027	55.041
17552	26825	178	0.9065	-42.012
14936	16362	178	0.9316	-14.016
14936	27032	178	0.8624	61.086
16362	16869	178	0.8835	32.028
16362	24181	178	0.8699	75.103
16362	25970	178	0.8846	75.102
16362	27032	178	0.8805	75.102
16304	16591	178	0.8869	-97.054
16591	16869	178	0.8805	154.075
16591	17420	178	0.9386	0.000
16591	17552	178	0.8777	97.053
16591	22737	178	0.8655	69.059
16591	25470	178	0.8793	126.079
16591	28853	178	0.8797	126.078
16869	17420	178	0.8789	-154.075
17420	20267	178	0.8685	-163.065
17420	24212	178	0.8944	83.073
17420	25470	178	0.8716	126.078
17420	28853	178	0.8802	126.078
16869	24181	178	0.8894	43.075
16869	24212	178	0.917	-71.002
16869	25970	178	0.9031	43.074
16869	27032	178	0.9005	43.074
24181	25970	178	0.9881	-0.001
24181	27032	178	0.9908	-0.000
22737	25890	178	0.9467	-0.001
17552	25890	178	0.9048	-27.996
22737	25470	178	0.9352	57.020
24212	25470	178	0.918	43.005
25470	27032	178	0.867	71.071
25470	28853	178	0.9945	-0.000
16304	25470	178	0.9245	29.025
17552	25470	178	0.9255	29.026
16304	17552	178	0.9876	-0.001
16304	18477	178	0.9574	-529.293
16304	22737	178	0.9314	-27.996
16304	24212	178	0.8982	-13.980
16304	28853	178	0.9131	29.024
27032	28853	178	0.8665	-71.071
22737	28853	178	0.9337	57.020
24212	28853	178	0.9297	43.005
17552	28853	178	0.9155	29.025
25970	27032	178	0.9902	0.000
22737	24212	178	0.899	14.015
17552	22737	178	0.9271	-27.995
24212	25970	178	0.8885	114.075
17552	24212	178	0.8904	-13.979
17552	18477	178	0.9493	-529.292
58430	58603	179	0.9471	-238.229
58433	58603	179	0.9438	-255.256
58322	58347	179	0.8614	-17.026
58322	58433	179	0.9207	14.015
58322	61626	179	0.7793	-190.135
61619	61634	179	0.9859	-26.015
61626	61634	179	0.9474	-43.042
61634	61651	179	0.9855	-636.431
58347	61619	179	0.7103	-190.136
58430	61619	179	0.8014	-204.151
61619	61626	179	0.9667	17.027
61619	61651	179	0.9749	-662.447
58347	58430	179	0.8739	14.015
58430	58433	179	0.9467	17.027
58433	61626	179	0.7778	-204.151
61626	61651	179	0.9067	-679.474
46018	46631	180	0.7471	0.000
45651	50856	180	0.8249	43.064
46631	50856	180	0.828	93.048
50856	50876	180	0.9399	-41.027
50856	50904	180	0.8326	-82.056
43206	46631	180	0.8402	-2.016
51149	51171	180	0.8985	-41.028
99	120	180	0.7824	15.977
120	133	180	0.9282	23.016
120	166	180	0.8608	-0.160
45651	45998	180	0.7349	-408.295
45651	47409	180	0.7439	2.015
45651	49172	180	0.7654	41.017
79	50876	180	0.7585	-360.243
50876	50904	180	0.8572	-41.029
50876	51171	180	0.7263	-93.026
69	79	180	0.935	18.010
79	99	180	0.8148	-113.980
79	145	180	0.7415	-20.063
133	137	180	0.7553	23.016
45998	54338	180	0.7546	367.289
49172	54338	180	0.7566	-82.022
69	123	180	0.7281	-72.954
69	145	180	0.7628	-2.053
46631	51171	180	0.7932	-41.005
123	145	180	0.7269	70.901
99	109	180	0.8048	41.026
109	123	180	0.8262	-18.010
46160	50904	180	0.8258	-77.054
99	123	180	0.9129	23.016
123	133	180	0.7507	15.977
45654	49692	182	0.9733	-0.001
48938	49692	182	0.9929	-0.001
45654	48938	182	0.9767	0.000
15936	15962	183	0.9263	30.009
15936	17241	183	0.9529	-0.001
15936	18196	183	0.9152	30.007
15936	18270	183	0.9241	-12.039
15936	20979	183	0.9036	-46.020
15936	24686	183	0.9046	-46.021
18078	18196	183	0.9246	30.009
18078	20850	183	0.9013	-12.040
18078	24686	183	0.9018	-46.020
17241	18078	183	0.9324	-0.001
18196	22521	183	0.9219	-42.048
18270	22521	183	0.9471	-0.001
20850	22521	183	0.965	0.002
20979	22521	183	0.9096	33.980
22521	23875	183	0.9547	-0.000
22521	24686	183	0.916	-33.981
17241	18196	183	0.9242	30.008
17241	18270	183	0.9152	-12.039
17241	20850	183	0.916	-12.041
17241	20979	183	0.9048	-46.020
17241	24686	183	0.9102	-46.020
18270	20979	183	0.9441	-33.981
20850	20979	183	0.9137	-33.978
20979	23875	183	0.9118	33.980
20979	24686	183	0.985	-0.001
18196	23875	183	0.941	-42.048
18270	23875	183	0.9391	-0.001
20850	23875	183	0.977	0.001
21143	23875	183	0.9116	-70.084
23875	24686	183	0.915	-33.981
18196	24686	183	0.9162	-76.029
18270	24686	183	0.9449	-33.982
20850	24686	183	0.9216	-33.979
17242	18196	183	0.9101	0.002
18196	18270	183	0.9336	-42.047
18270	20850	183	0.935	-0.003
15962	18270	183	0.9061	-42.048
15962	18196	183	0.9313	-0.002
20850	21143	183	0.9062	70.086
18196	20850	183	0.9269	-42.049
768	6229	184	0.8633	98.028
4584	6229	184	0.9373	-0.000
768	4584	184	0.8592	98.028
4584	8256	184	0.9177	-0.000
39047	41456	186	0.9596	0.000
40306	41456	186	0.906	985.055
41456	42196	186	0.9574	-8.514
31059	35429	186	0.9298	128.518
35429	36127	186	0.9666	72.542
35429	40010	186	0.9462	-235.125
39430	39886	186	0.9157	-0.337
39596	39886	186	0.9636	-6.008
35441	35563	186	0.9097	-57.034
35563	37629	186	0.9332	-23.994
35563	39561	186	0.9207	-192.619
35563	42196	186	0.9616	114.053
35441	39464	186	0.9305	-258.149
39116	39464	186	0.9202	-315.670
39464	39561	186	0.9299	8.496
39464	40010	186	0.9063	16.516
39464	40117	186	0.9334	0.504
36889	39116	186	0.915	49.008
39116	39561	186	0.9058	-307.175
39116	40117	186	0.9131	-315.167
39116	40949	186	0.9052	-1108.110
39116	46754	186	0.9099	-1109.118
35443	40718	186	0.9281	-242.121
35443	41944	186	0.9086	72.545
35123	35515	186	0.9223	266.159
35266	35515	186	0.9236	248.631
35287	35515	186	0.9011	265.659
35291	35515	186	0.9128	257.144
35515	36725	186	0.945	0.501
35515	36728	186	0.9656	57.521
35515	36889	186	0.9157	9.015
35515	40949	186	0.9032	-1050.088
35515	44772	186	0.9042	0.497
35123	35213	186	0.9404	8.512
35123	35287	186	0.939	0.500
35123	35291	186	0.9415	9.014
35123	36725	186	0.9096	266.660
31059	32365	186	0.9113	593.307
32365	37629	186	0.926	-539.310
32365	40718	186	0.9222	-707.415
32365	41944	186	0.9147	-392.749
26207	32365	186	0.9069	593.306
35276	35575	186	0.9101	258.648
35575	40198	186	0.9175	-258.648
35575	40949	186	0.9156	-1059.603
35266	40949	186	0.9025	-801.456
35291	40949	186	0.912	-792.943
36889	40949	186	0.9405	-1059.102
39430	39596	186	0.9041	5.671
35213	35291	186	0.953	0.502
35266	35291	186	0.926	-8.513
35287	35291	186	0.9546	8.515
35291	36728	186	0.9147	314.666
35291	36889	186	0.9094	266.159
35266	36889	186	0.9148	257.646
36728	36889	186	0.9035	-48.507
35266	36728	186	0.9204	306.153
36725	36728	186	0.9436	57.020
36728	44772	186	0.9204	-57.024
35380	39561	186	0.9148	-1.021
35441	39561	186	0.9653	-249.653
36127	39561	186	0.9069	-315.688
37629	39561	186	0.9298	-168.625
39561	39924	186	0.9034	-16.505
39561	40117	186	0.9026	-7.992
39561	42196	186	0.9488	306.672
39596	40718	186	0.9241	-379.891
31059	35441	186	0.92	135.025
31059	36127	186	0.9657	201.060
31059	39047	186	0.9124	200.558
31059	39924	186	0.9199	-131.133
31059	40010	186	0.9303	-106.608
31059	40306	186	0.9214	-784.496
31059	40718	186	0.9154	-114.108
31059	41944	186	0.9067	200.558
33352	35846	186	0.9122	-0.006
35846	38402	186	0.9986	-0.331
35846	42196	186	0.9208	-73.407
35441	41944	186	0.9186	65.533
36127	41944	186	0.9147	-0.502
37629	41944	186	0.9423	146.561
39047	41944	186	0.9377	-0.000
40306	41944	186	0.9358	985.054
40718	41944	186	0.9311	314.665
41944	42196	186	0.9487	-8.514
35441	42196	186	0.9382	57.019
37629	42196	186	0.9645	138.047
38402	42196	186	0.9242	-73.076
39047	42196	186	0.949	-8.514
40198	42196	186	0.9255	306.652
35441	40718	186	0.938	-249.133
35276	40198	186	0.9473	0.000
33352	38402	186	0.9163	-0.337
28787	39047	186	0.9486	-105.066
35380	40117	186	0.9031	-9.013
30063	36127	186	0.9106	-64.726
35441	36127	186	0.9454	66.035
36127	39047	186	0.9192	-0.502
36127	40010	186	0.97	-307.667
36127	40306	186	0.9332	-985.556
37629	46754	186	0.935	-970.568
35213	36725	186	0.9009	258.148
35266	36725	186	0.9181	249.133
36725	44772	186	0.91	-0.004
35213	35266	186	0.9122	9.015
35213	35287	186	0.9647	-8.013
39047	40306	186	0.9434	-985.054
35441	37629	186	0.9479	-81.028
30063	39047	186	0.9018	-65.228
35266	35276	186	0.9039	-0.502
35266	35287	186	0.902	-17.027
35266	44772	186	0.9058	249.129
35441	40010	186	0.9131	-241.633
18823	21402	187	0.9106	-0.003
21402	22460	187	0.9234	-0.001
23918	24183	187	0.92	-58.025
23918	24426	187	0.8829	-57.020
23918	24597	187	0.9308	33.984
23918	27319	187	0.9373	-0.002
24597	27319	187	0.9005	-33.986
24183	27319	187	0.9457	58.023
18823	24426	187	0.8828	-99.070
20541	23440	188	0.8872	-0.501
23440	24854	188	0.9425	0.502
20541	22813	188	0.8454	-764.395
20541	24854	188	0.9196	0.001
51152	52179	189	0.9602	0.990
35332	47175	190	0.7893	-12.000
47175	59291	190	0.7867	-126.141
40686	59291	190	0.7677	-140.157
47175	57499	190	0.7925	-124.125
40686	57499	190	0.7845	-138.141
40686	47175	190	0.8634	-14.016
35539	40687	191	0.9907	-0.001
35136	35539	191	0.8848	-0.333
35136	39819	191	0.9184	1.316
35487	37051	191	0.9513	-0.000
35487	40749	191	0.9172	-0.001
35487	41436	191	0.8877	-0.334
35539	39819	191	0.893	1.650
37051	39819	191	0.9255	-6.345
39819	41436	191	0.9255	6.011
37051	40749	191	0.9622	-0.001
37051	41211	191	0.9093	-6.011
37051	41436	191	0.9237	-0.334
40749	41436	191	0.9048	-0.333
40749	41211	191	0.9357	-6.010
1383	2960	193	0.7461	15.995
1749	2960	193	0.7634	216.075
1823	2960	193	0.9828	-0.000
1850	2960	193	0.8082	78.014
2960	3128	193	0.7489	-115.027
1383	53827	193	0.7219	-57.935
1383	1823	193	0.7535	15.995
1749	1823	193	0.7431	216.075
1823	1850	193	0.8059	-78.014
1823	3128	193	0.7294	-115.027
1749	1850	193	0.8329	138.061
3128	11403	193	0.7728	3.994
2494	4542	194	0.8905	-0.000
2676	5774	194	0.7713	13.943
3396	5774	194	0.9445	-0.001
4644	5774	194	0.8054	13.942
4666	5774	194	0.9386	-0.000
5774	6991	194	0.9828	0.000
5774	9036	194	0.9332	0.000
5774	9978	194	0.9082	0.000
5774	12759	194	0.7661	144.089
2676	9978	194	0.8001	13.944
3396	9978	194	0.8585	-0.001
4666	9978	194	0.9479	0.000
6991	9978	194	0.9082	0.000
9036	9978	194	0.9515	0.000
2473	7303	194	0.9619	131.093
2770	7303	194	0.9894	-0.001
4542	7303	194	0.8131	-141.007
4644	7303	194	0.7983	-79.967
2676	12759	194	0.802	158.033
4644	12759	194	0.7847	158.031
2473	2770	194	0.9668	131.094
2770	4542	194	0.806	141.005
2770	4644	194	0.8172	79.966
2676	4644	194	0.8744	0.001
2676	4666	194	0.7922	13.944
2676	6991	194	0.7656	13.943
2676	9036	194	0.8072	13.943
3396	9036	194	0.8899	-0.001
4644	9036	194	0.7763	13.942
4666	9036	194	0.9627	-0.000
6991	9036	194	0.9439	-0.000
3396	6991	194	0.945	-0.001
4644	6991	194	0.7904	13.942
4666	6991	194	0.9411	-0.000
3396	4666	194	0.8926	-0.001
2473	4644	194	0.8056	211.060
3396	4644	194	0.7724	-13.943
14946	15343	195	0.9881	-14.016
15054	15343	195	0.9777	15.995
15309	15343	195	0.9603	30.011
15343	15901	195	0.9671	-15.995
15343	16758	195	0.9852	14.016
15343	16968	195	0.9871	-0.001
15343	18197	195	0.9736	-28.032
15343	18700	195	0.8864	-60.004
15343	20406	195	0.9719	-28.033
15343	26747	195	0.8938	-42.051
14946	15054	195	0.9759	-30.010
15054	15309	195	0.9645	-14.016
15054	15901	195	0.9802	-0.001
15054	16758	195	0.9729	30.010
15054	16968	195	0.9707	15.993
15054	18197	195	0.9723	-12.038
15054	20406	195	0.969	-12.039
15054	25803	195	0.8882	-125.124
15054	30621	195	0.8914	-60.038
29727	31158	195	0.957	0.002
25803	31158	195	0.9246	-0.003
18197	20406	195	0.9926	-0.001
20406	25803	195	0.9276	-113.085
20406	26747	195	0.9132	-14.017
14946	20406	195	0.9755	-42.049
15309	20406	195	0.9523	1.978
15901	20406	195	0.9597	-12.038
16758	20406	195	0.9792	-42.049
16968	20406	195	0.9888	-28.032
14946	16758	195	0.9939	-0.000
15309	16758	195	0.9493	44.026
15901	16758	195	0.9649	30.011
16758	16968	195	0.9857	-14.017
16758	18197	195	0.9797	-42.048
16758	18700	195	0.8863	-74.019
18700	20935	195	0.9423	-0.001
20935	26747	195	0.9327	17.954
20935	31719	195	0.9203	-16.027
25645	30621	195	0.9184	0.001
25645	31719	195	0.8848	0.002
14946	15309	195	0.9536	-44.026
14946	15901	195	0.9631	-30.011
14946	16968	195	0.9839	-14.017
14946	18197	195	0.9764	-42.048
14946	18700	195	0.8854	-74.019
30621	31719	195	0.9367	0.001
18700	31719	195	0.9046	-16.028
26747	31719	195	0.8904	-33.981
18197	18700	195	0.9109	-31.971
18700	26747	195	0.9415	17.953
18700	30621	195	0.8817	-16.029
18197	25803	195	0.9231	-113.086
15309	18197	195	0.9578	1.978
15901	18197	195	0.962	-12.037
16968	18197	195	0.9875	-28.031
15309	15901	195	0.9548	14.015
15901	16968	195	0.9609	15.994
15901	26747	195	0.8827	-26.055
15901	30621	195	0.8926	-60.037
25803	29727	195	0.898	-0.005
26747	30621	195	0.8941	-33.982
15309	16968	195	0.9535	30.010
16968	25803	195	0.8923	-141.117
16968	26747	195	0.8967	-42.049
45849	47510	197	0.9361	-0.004
11634	13095	198	0.9068	0.000
21633	25288	199	0.9716	-0.001
34443	39149	201	0.7331	0.478
39149	39335	201	0.7781	1.000
39149	39443	201	0.7572	-1.000
29492	35175	203	0.9823	0.000
36576	40703	203	0.9934	14.675
26077	35175	203	0.9878	-44.026
35175	36576	203	0.9802	-123.078
53177	54630	204	0.8107	-1.031
53177	54986	204	0.7381	164.084
54602	54630	204	0.7251	-13.885
54630	54986	204	0.909	165.115
2485	3858	205	0.8562	-33.984
3858	3996	205	0.8662	33.984
3858	5502	205	0.9715	0.000
2485	3996	205	0.9482	-0.000
2485	5502	205	0.8584	-33.984
3996	5502	205	0.8686	-33.984
20123	24530	206	0.9612	-8.513
20158	24530	206	0.9479	-0.502
20215	24530	206	0.9568	-9.016
21895	24530	206	0.9224	-0.504
23421	24530	206	0.9401	-0.000
23679	24530	206	0.9272	753.876
23685	24530	206	0.9271	-0.501
24326	24530	206	0.877	-8.513
24530	24590	206	0.9437	0.502
24530	25864	206	0.9727	0.502
25503	35596	206	0.8667	-101.542
20123	23421	206	0.9175	-8.513
20158	23421	206	0.9109	-0.501
20215	23421	206	0.9436	-9.015
21895	23421	206	0.9194	-0.503
23421	23679	206	0.9624	-753.877
23421	23685	206	0.9185	0.501
23421	24326	206	0.9003	8.512
23421	24590	206	0.9375	0.502
23421	25864	206	0.9375	0.502
27057	30050	206	0.892	0.001
24326	30050	206	0.8733	-110.112
24616	25551	206	0.8738	-108.573
20123	20215	206	0.9458	0.502
20158	20215	206	0.9445	8.514
20215	21895	206	0.9275	-8.512
20215	23679	206	0.9332	-762.892
20215	23685	206	0.9052	-8.514
20215	24590	206	0.95	-8.513
20215	25864	206	0.9622	-8.513
20215	27139	206	0.9006	-111.117
20123	23685	206	0.908	-8.012
20158	23685	206	0.9268	-0.000
21895	23685	206	0.9132	-0.002
23679	23685	206	0.9384	754.378
23685	24326	206	0.8895	8.011
23685	24590	206	0.9566	0.001
23685	25864	206	0.9167	0.001
29701	35589	206	0.8834	401.748
35589	35596	206	0.9443	-0.503
20123	21895	206	0.9401	-8.010
20158	21895	206	0.9334	0.002
21895	23679	206	0.9089	-754.380
21895	24590	206	0.9286	-0.001
21895	25864	206	0.9283	-0.001
29701	35596	206	0.8781	401.245
24326	24616	206	0.9194	0.502
24616	35047	206	0.8859	181.554
20123	20158	206	0.9589	-8.012
20158	23679	206	0.9021	-754.378
20158	24590	206	0.9343	0.001
20158	25864	206	0.9557	0.001
20158	27139	206	0.8632	-102.604
20123	23679	206	0.9255	-762.389
23679	24326	206	0.9017	762.389
23679	24590	206	0.9404	754.379
23679	25864	206	0.9184	754.378
20123	25864	206	0.9579	-8.011
24590	25864	206	0.9398	-0.000
29701	35047	206	0.8815	581.338
24326	24590	206	0.905	-8.010
24326	27139	206	0.879	-110.615
20123	27139	206	0.875	-110.615
20123	24590	206	0.9317	-8.011
1456	2398	208	0.9482	0.000
1456	2421	208	0.8809	-53.081
1456	2439	208	0.8885	-152.077
1456	2509	208	0.8451	-180.072
1456	2526	208	0.905	-122.065
1456	3753	208	0.8797	-53.080
1456	4084	208	0.8778	-152.076
3061	4591	208	0.9104	0.000
4591	5242	208	0.8783	39.011
4591	5315	208	0.9254	-0.000
4591	6383	208	0.923	-0.000
4591	8237	208	0.9581	-0.000
1443	1759	208	0.9785	-0.000
1759	2398	208	0.889	-78.014
1759	2421	208	0.8809	-131.095
1759	2526	208	0.8861	-200.079
1759	3132	208	0.9261	-0.000
1759	3753	208	0.8824	-131.094
1759	5242	208	0.9185	0.000
1759	6940	208	0.9017	-0.000
1443	3132	208	0.9179	-0.000
3132	5242	208	0.9863	0.000
3132	6940	208	0.9689	0.000
3132	23868	208	0.8925	-98.073
2398	2526	208	0.9335	-122.066
2421	2526	208	0.9564	-68.984
2439	2526	208	0.9776	30.012
2509	2526	208	0.921	58.007
2526	3753	208	0.9578	68.985
2526	4084	208	0.9657	-30.011
2526	5455	208	0.8919	143.058
2526	23868	208	0.9429	102.006
3061	8237	208	0.8872	-0.000
5242	8237	208	0.8867	-39.011
5315	8237	208	0.9464	-0.000
6383	8237	208	0.9539	-0.000
6940	8237	208	0.8729	-39.011
1443	2421	208	0.8798	-131.095
2398	2421	208	0.9255	-53.081
2421	2439	208	0.9494	-98.996
2421	2509	208	0.8812	-126.991
2421	3753	208	0.9943	0.001
2421	4084	208	0.9513	-98.995
2421	23868	208	0.9049	33.021
2439	2509	208	0.9245	-27.995
2509	3753	208	0.8839	126.992
2509	4084	208	0.9039	27.996
2398	4633	208	0.8806	20.993
2439	4633	208	0.862	173.070
4084	4633	208	0.8609	173.069
4633	5455	208	0.9697	-0.000
4633	7495	208	0.9612	-0.000
1443	3753	208	0.8794	-131.094
2398	3753	208	0.9282	-53.080
2439	3753	208	0.953	98.997
3753	4084	208	0.952	-98.996
3753	23868	208	0.9089	33.021
1443	5455	208	0.8703	-57.021
2439	5455	208	0.8732	173.070
4084	5455	208	0.8739	173.069
5455	7495	208	0.9855	-0.000
5455	23868	208	0.9167	-41.052
2398	23868	208	0.8891	-20.060
2439	23868	208	0.9292	132.017
4084	23868	208	0.9253	132.017
5242	23868	208	0.8911	-98.073
7495	23868	208	0.893	-41.052
3061	6383	208	0.8624	0.000
5315	6383	208	0.9109	-0.000
3061	5315	208	0.9029	0.000
2398	4084	208	0.92	-152.076
2439	4084	208	0.9678	0.001
1443	5242	208	0.9109	-0.000
5242	6940	208	0.9838	-0.000
2398	2439	208	0.9219	-152.077
1443	2398	208	0.8972	-78.014
1443	6940	208	0.8967	-0.000
1480	6325	209	0.9382	-165.079
2536	6325	209	0.9288	-165.042
2675	6325	209	0.892	-165.079
4603	6325	209	0.926	-165.042
4749	6325	209	0.8888	-165.078
5436	6325	209	0.9028	-165.079
6325	7565	209	0.9449	165.078
6325	8463	209	0.974	-0.001
6325	8817	209	0.9455	165.078
6325	9240	209	0.9057	165.041
1480	2675	209	0.9315	0.000
2536	2675	209	0.9588	0.037
2675	4603	209	0.9669	-0.036
2675	4749	209	0.961	-0.000
2675	5405	209	0.9346	-0.037
2675	7565	209	0.9107	-0.001
2675	8463	209	0.8875	-165.079
2675	8817	209	0.8999	-0.000
2675	9240	209	0.9665	-0.037
1480	4749	209	0.9306	-0.000
2536	4749	209	0.9513	0.037
4603	4749	209	0.9535	0.036
4749	5405	209	0.9485	-0.036
4749	7565	209	0.9081	-0.000
4749	8463	209	0.8918	-165.079
4749	8817	209	0.9009	0.000
4749	9240	209	0.9656	-0.037
1480	8817	209	0.9578	-0.000
2536	8817	209	0.9467	0.037
4603	8817	209	0.9406	0.036
5436	8817	209	0.9412	-0.000
7565	8817	209	0.9662	0.000
8463	8817	209	0.9412	165.079
8817	9240	209	0.9116	-0.037
1480	9240	209	0.941	-0.037
2536	9240	209	0.9738	-0.000
4603	9240	209	0.972	-0.001
5405	9240	209	0.9604	-0.000
7565	9240	209	0.9233	-0.036
8463	9240	209	0.9088	165.042
1480	5436	209	0.9229	-0.000
5436	7565	209	0.9318	-0.001
5436	8463	209	0.9081	-165.079
1480	2536	209	0.9686	-0.037
1480	4603	209	0.9645	-0.036
1480	7565	209	0.9615	-0.001
1480	8463	209	0.9325	-165.079
2536	4603	209	0.9917	0.001
2536	5405	209	0.9218	0.000
2536	7565	209	0.9514	0.036
2536	8463	209	0.9265	-165.042
4603	5405	209	0.92	-0.000
4603	7565	209	0.9433	0.036
7565	8463	209	0.9318	-165.079
4603	8463	209	0.9208	-165.043
45369	58926	210	0.9829	-48.312
45723	58926	210	0.9822	578.833
38170	58926	210	0.9833	-65.072
40651	58926	210	0.9803	336.684
41025	58926	210	0.986	358.194
43834	58926	210	0.9974	402.723
44064	58926	210	0.9847	512.790
44388	58926	210	0.9822	534.302
40286	42556	210	0.9838	29.013
38170	43834	210	0.9823	-467.796
39981	43834	210	0.9836	-110.570
40651	43834	210	0.9809	-66.039
41025	43834	210	0.9865	-44.529
43834	44064	210	0.9834	-110.067
43834	44388	210	0.9816	-131.579
43834	45369	210	0.9815	451.035
43834	45723	210	0.981	-176.109
35622	44383	210	0.9851	-649.578
44383	45369	210	0.984	583.116
39959	57806	210	0.9905	66.672
45927	53980	210	0.9946	680.158
51822	53980	210	0.9853	14.756
41025	53980	210	0.9828	437.507
41647	53980	210	0.9801	591.600
53980	54669	210	0.9804	-581.135
42556	53011	210	0.9839	157.163
42556	53925	210	0.9793	142.652
42556	56327	210	0.9854	71.347
40870	51822	210	0.9795	43.176
45154	45559	210	0.9794	-616.388
45154	45723	210	0.982	-638.402
41647	45154	210	0.9822	571.856
44388	45154	210	0.9819	593.872
44388	45723	210	0.9978	-44.531
44388	52062	210	0.9829	577.008
43714	54658	210	0.9817	-626.937
45163	45559	210	0.9832	-616.138
45559	57108	210	0.9833	629.863
42081	45559	210	0.9804	-697.441
43698	45559	210	0.9845	-66.543
42081	43698	210	0.9977	-630.898
42081	45163	210	0.9975	-81.303
42081	57108	210	0.9956	-67.578
43698	45163	210	0.9965	549.595
43698	57108	210	0.997	563.320
39981	40651	210	0.9918	-44.530
40651	54722	210	0.9833	-121.112
36312	43714	210	0.9811	3.498
43714	54722	210	0.9863	-561.394
45723	52062	210	0.9826	621.538
41647	45927	210	0.9844	-88.558
35341	43258	210	0.9808	-152.428
43258	53925	210	0.9806	142.316
36312	54722	210	0.9903	-557.895
39981	54722	210	0.9826	-165.643
41025	54722	210	0.9833	-99.602
54722	55447	210	0.9802	15.509
42422	56327	210	0.98	575.329
42422	57107	210	0.9809	629.693
53011	56327	210	0.9891	-85.816
41025	56327	210	0.9793	377.209
35341	53925	210	0.9927	-10.112
52699	53925	210	0.9845	656.689
53925	57107	210	0.9796	-16.941
41025	55447	210	0.9954	-84.094
35341	38192	210	0.9799	-29.349
35341	52699	210	0.9824	-666.801
35341	57107	210	0.9848	-27.053
45163	57108	210	0.9963	13.725
45723	57108	210	0.9794	651.877
41025	57107	210	0.9837	431.573
52699	57806	210	0.9841	654.423
36312	52699	210	0.9821	-666.468
41025	45927	210	0.9843	-242.651
42875	57806	210	0.9827	111.034
1674	1839	212	0.8142	137.059
1839	3103	212	0.7937	429.896
1647	3103	212	0.9041	0.000
1674	3103	212	0.804	566.955
2223	3103	212	0.8304	-70.869
3103	3411	212	0.8462	-141.738
1674	3411	212	0.9636	425.217
1647	2223	212	0.7708	70.869
2223	3313	212	0.7742	-47.190
1644	3313	212	0.9506	0.000
1668	3313	212	0.7758	129.900
1868	3313	212	0.7818	61.370
3251	3313	212	0.7918	129.899
1868	3251	212	0.7712	-68.529
1668	2579	212	0.7904	0.543
1668	3251	212	0.9244	0.001
1647	3411	212	0.8076	-141.738
2579	3251	212	0.7987	-0.542
8407	8745	213	0.8827	45.058
4354	7541	213	0.9014	0.017
6108	7541	213	0.9801	0.018
6310	7541	213	0.9816	-0.000
7541	9580	213	0.9352	-0.017
2304	2373	213	0.9281	17.026
2373	3063	213	0.9464	-18.011
2373	4867	213	0.9498	-18.011
2373	5324	213	0.9399	-0.000
2373	5351	213	0.9405	-17.027
2373	5392	213	0.9268	-18.011
2373	7494	213	0.9483	-18.011
3308	4291	213	0.9441	63.998
3308	4577	213	0.9245	-165.079
3308	5180	213	0.9804	0.000
3308	6087	213	0.9235	63.998
3308	6159	213	0.9422	-0.000
3308	7266	213	0.911	63.998
3308	7358	213	0.9255	-0.000
3308	8845	213	0.8989	-0.000
3308	10555	213	0.929	-0.001
3308	13481	213	0.9306	15.994
2791	3063	213	0.9002	-17.974
2791	4291	213	0.9497	14.016
2791	4802	213	0.9636	0.000
2791	4867	213	0.8964	-17.974
2791	5351	213	0.8957	-16.990
2791	5908	213	0.9427	0.001
2791	6087	213	0.9302	14.016
2791	7266	213	0.9174	14.016
2791	7494	213	0.8975	-17.974
4291	5180	213	0.9237	-63.998
4291	5908	213	0.9451	-14.016
4291	6087	213	0.9738	-0.000
4291	6159	213	0.9633	-63.999
4291	7266	213	0.9598	-0.000
4291	7358	213	0.9422	-63.999
4291	10555	213	0.9379	-63.999
4291	13481	213	0.9576	-48.004
6087	8724	213	0.9104	0.000
7266	8724	213	0.8905	0.000
4577	5180	213	0.9146	165.079
5180	5553	213	0.8936	-165.080
5180	6159	213	0.9238	-0.000
5180	7358	213	0.943	-0.000
5180	8845	213	0.9032	-0.000
5180	10555	213	0.9219	-0.001
5180	13481	213	0.9104	15.994
2304	5351	213	0.9875	-0.000
3063	5351	213	0.9813	0.984
4867	5351	213	0.9795	0.984
5324	5351	213	0.9388	-17.026
5351	5392	213	0.9674	-0.984
5351	7240	213	0.8858	-16.031
5351	7494	213	0.9866	-0.984
5351	8745	213	0.8909	-16.031
5908	7266	213	0.9023	14.015
6087	7266	213	0.9811	0.000
6159	7266	213	0.922	63.998
7266	13481	213	0.9113	-48.003
2707	4612	213	0.9681	0.000
4612	7240	213	0.909	-14.016
4612	8745	213	0.9036	-14.016
4612	11232	213	0.9267	-14.016
2304	3063	213	0.9766	-0.984
3063	4867	213	0.9856	0.000
3063	5324	213	0.9377	18.010
3063	5392	213	0.9817	0.000
3063	7494	213	0.9859	-0.000
4577	10555	213	0.9251	165.078
5553	10555	213	0.9287	165.079
6087	10555	213	0.9076	-63.998
6159	10555	213	0.9688	-0.000
7358	10555	213	0.9465	-0.000
8845	10555	213	0.9479	-0.000
10555	13481	213	0.9531	15.995
2304	5324	213	0.9211	17.026
4867	5324	213	0.9297	18.010
5324	5392	213	0.9153	-18.010
5324	7494	213	0.9381	-18.010
4577	4963	213	0.8993	0.439
4963	5553	213	0.9323	-0.440
4577	7358	213	0.9296	165.078
5553	7358	213	0.9225	165.079
6087	7358	213	0.9174	-63.998
6159	7358	213	0.9519	-0.000
7358	8845	213	0.9524	0.000
7358	13481	213	0.9371	15.995
2304	8745	213	0.8874	-16.031
6969	8745	213	0.9253	-17.027
7240	8745	213	0.9923	0.000
8745	8791	213	0.9173	17.026
8745	10246	213	0.9274	17.027
8745	11232	213	0.9802	-0.000
4802	5908	213	0.9454	0.000
5908	6087	213	0.9181	14.015
2304	4867	213	0.9766	-0.984
2304	5392	213	0.9602	-0.984
2304	7240	213	0.887	-16.032
2304	7494	213	0.9811	-0.984
4577	13481	213	0.8866	181.073
6087	13481	213	0.9164	-48.003
6159	13481	213	0.9834	15.995
8845	13481	213	0.9286	15.995
4577	6159	213	0.9508	165.079
6087	6159	213	0.9295	-63.998
6159	8845	213	0.936	0.000
4867	7494	213	0.9821	-0.000
5392	7494	213	0.9819	-0.000
2707	11232	213	0.889	-14.016
4577	8845	213	0.9083	165.079
5553	8845	213	0.9151	165.079
4577	5553	213	0.9626	-0.001
6969	7240	213	0.9231	-17.027
6969	8791	213	0.9866	-0.000
6969	10246	213	0.9769	0.000
6969	11232	213	0.9108	-17.027
4867	5392	213	0.9658	0.000
7240	8791	213	0.9133	17.026
7240	10246	213	0.9195	17.027
7240	11232	213	0.98	-0.000
4354	6108	213	0.9264	-0.000
6108	6310	213	0.9953	0.018
6108	9580	213	0.9316	0.000
4354	6310	213	0.9359	0.017
4577	9580	213	0.8948	120.003
8791	11232	213	0.902	-17.026
10246	11232	213	0.9093	-17.027
8791	10246	213	0.9781	0.000
6310	9580	213	0.9224	-0.018
17215	18550	214	0.9216	-0.002
27023	28538	215	0.9176	791.944
27027	28538	215	0.9345	774.918
23615	28538	215	0.9422	-0.001
27023	27027	215	0.9317	17.026
23601	27023	215	0.9098	-783.432
23615	27023	215	0.9151	-791.945
23669	27023	215	0.9114	-792.447
23615	27027	215	0.9037	-774.919
23601	23681	215	0.9351	0.502
23669	23681	215	0.9097	-8.513
23681	27087	215	0.9387	-0.503
23601	23615	215	0.9268	8.513
23615	23669	215	0.9331	0.502
23615	27087	215	0.9079	-8.514
23601	23669	215	0.9311	9.015
23601	27087	215	0.9469	-0.001
23669	27087	215	0.9134	-9.016
20009	22170	216	0.9545	-0.000
20009	27450	216	0.8864	-33.985
39567	57128	217	0.9824	7.972
56694	56722	219	0.9466	88.052
12289	56722	219	0.9477	-182.202
56657	56694	219	0.9551	132.078
56681	56694	219	0.941	44.026
56694	56719	219	0.9592	44.026
56694	56999	219	0.9753	-14.016
56657	56681	219	0.9555	88.052
56657	56963	219	0.9399	-14.015
56657	56999	219	0.9444	118.062
7188	10060	221	0.9108	0.000
5046	7188	221	0.9034	-0.000
16180	16199	225	0.864	-1.005
32614	37160	226	0.9795	-93.393
20735	23451	227	0.8859	-0.502
23451	23949	227	0.9204	-616.815
23451	24632	227	0.9239	0.001
23451	24815	227	0.9344	0.501
20735	23949	227	0.9444	-617.317
20735	24632	227	0.8802	-0.501
20735	24815	227	0.9031	-0.001
23949	24815	227	0.9335	617.316
24632	24815	227	0.9062	0.500
23949	24632	227	0.8737	616.816
1985	2124	228	0.9159	-0.036
2277	7931	230	0.854	1.942
4947	7931	230	0.8561	-129.043
5302	7931	230	0.9609	0.000
7106	7931	230	0.8572	260.137
7931	10113	230	0.9741	-0.001
7931	11293	230	0.9775	-0.001
7931	12918	230	0.8555	0.983
7931	13081	230	0.8599	18.011
3046	8475	230	0.8919	29.974
4283	8475	230	0.9481	-0.001
5681	8475	230	0.9222	-0.001
8475	9810	230	0.9799	0.000
3575	9912	230	0.9345	-0.000
4661	9912	230	0.9048	-0.000
5337	9912	230	0.8826	-30.011
5401	9912	230	0.9318	-0.000
7629	9912	230	0.8889	-30.010
7770	9912	230	0.9361	0.000
8936	9912	230	0.8878	-30.010
9912	10980	230	0.8988	30.010
3046	9810	230	0.8994	29.974
4283	9810	230	0.9672	-0.001
5681	9810	230	0.9404	-0.001
3860	8936	230	0.9232	58.005
5337	8936	230	0.982	-0.000
7629	8936	230	0.9764	0.000
7770	8936	230	0.8786	30.010
8018	8936	230	0.9251	58.005
8842	8936	230	0.9233	58.005
8936	10980	230	0.9628	0.000
8936	11366	230	0.9184	-58.006
3860	4947	230	0.9345	-0.000
4947	5302	230	0.8633	-129.043
4947	8018	230	0.9175	0.000
4947	10113	230	0.8621	-129.044
4947	11293	230	0.8666	-129.044
4947	11366	230	0.9348	-0.000
1649	3046	230	0.8578	-0.381
2277	3046	230	0.8669	13.979
3033	3046	230	0.87	-14.016
3046	4283	230	0.9115	29.975
3046	5302	230	0.8574	-12.036
3046	5681	230	0.8813	29.975
3046	10113	230	0.8652	-12.038
3046	11293	230	0.8709	-12.038
3575	5337	230	0.9025	30.011
3860	5337	230	0.9314	58.005
5337	7629	230	0.9802	-0.000
5337	7770	230	0.8875	-30.011
5337	8018	230	0.928	-58.005
5337	8842	230	0.9236	-58.005
5337	10980	230	0.9658	-0.000
5337	11366	230	0.9292	-58.006
5302	12918	230	0.8612	0.983
8233	12918	230	0.8588	-83.074
10113	12918	230	0.8605	0.985
11293	12918	230	0.8641	0.985
12918	13081	230	0.8892	17.028
8233	10817	230	0.903	-0.000
8253	10817	230	0.8962	-17.027
10817	11033	230	0.8866	17.026
3575	4661	230	0.9519	0.000
3575	5401	230	0.937	0.000
3575	7629	230	0.8999	30.010
3575	7770	230	0.9453	-0.000
3575	8018	230	0.9008	-27.995
3575	8842	230	0.8923	-27.995
3575	10980	230	0.9084	30.010
3575	11366	230	0.8996	-27.995
2277	11293	230	0.8726	1.941
3860	11293	230	0.9104	-129.044
5302	11293	230	0.9754	-0.001
7106	11293	230	0.8627	260.136
10113	11293	230	0.9865	0.000
11293	13081	230	0.8568	18.013
3860	8842	230	0.9588	-0.000
7106	8842	230	0.9779	389.180
7629	8842	230	0.9254	-58.005
8018	8842	230	0.9703	0.000
8842	10980	230	0.917	58.005
8842	11366	230	0.9524	-0.001
2277	5302	230	0.8634	1.942
3860	5302	230	0.9103	-129.043
5302	7106	230	0.8616	-260.137
5302	10113	230	0.9775	-0.001
3860	8018	230	0.9776	-0.000
7106	8018	230	0.949	389.180
7629	8018	230	0.9176	-58.005
8018	10980	230	0.9052	58.005
8018	11366	230	0.9689	-0.000
4283	5681	230	0.9344	0.000
17465	17852	230	0.9446	612.851
4661	5401	230	0.9543	-0.000
4661	7770	230	0.9503	-0.000
3860	7106	230	0.9418	-389.180
3860	7629	230	0.9115	58.005
3860	11366	230	0.9723	-0.001
8233	8253	230	0.9255	17.027
8233	11033	230	0.8653	17.026
7629	10980	230	0.9882	0.000
7629	11366	230	0.9057	-58.005
5401	7770	230	0.9662	-0.000
7770	10980	230	0.8803	30.010
7770	11366	230	0.9016	-27.995
17839	17852	230	0.8482	-0.560
7106	10113	230	0.863	260.136
7106	11366	230	0.9523	389.180
2277	10113	230	0.8735	1.941
10113	13081	230	0.8586	18.013
2277	13081	230	0.8655	19.954
13081	16597	230	0.8553	-113.085
16597	17839	230	0.9645	-0.001
8253	11033	230	0.8888	-0.001
3616	4717	231	0.8633	0.002
4717	5675	231	0.9518	-0.001
4717	7120	231	0.9404	-0.001
4717	9972	231	0.9016	-0.001
3616	10603	231	0.8231	-115.029
4976	10603	231	0.8539	129.041
5766	10603	231	0.8382	-0.001
9972	10603	231	0.8437	-115.030
10603	11451	231	0.8707	-129.041
10603	12192	231	0.816	-111.032
4976	5766	231	0.8667	129.042
4976	7762	231	0.8767	129.042
4976	9972	231	0.8016	244.071
4976	11451	231	0.9264	0.000
11451	12192	231	0.8262	18.009
5766	11451	231	0.877	-129.042
7762	11451	231	0.8663	-129.042
9972	11451	231	0.8177	-244.071
5766	7762	231	0.9163	0.000
3616	5675	231	0.901	0.001
5675	7120	231	0.9654	-0.000
5675	9972	231	0.9351	-0.000
3616	9972	231	0.9183	0.001
7120	9972	231	0.944	0.000
3616	7120	231	0.8899	0.001
40782	42570	233	0.9016	15.020
43494	43609	233	0.9022	-0.668
43609	44093	233	0.9434	-7.661
43609	44122	233	0.9058	0.333
19719	41537	233	0.9344	146.058
41536	41537	233	0.9426	-17.028
43492	44122	233	0.9193	-0.001
43807	44122	233	0.9037	165.939
35329	43807	233	0.9509	-302.657
42687	43807	233	0.9685	-1.001
43807	43854	233	0.9189	76.901
43494	43510	233	0.9536	-443.924
43494	44026	233	0.9114	-1314.410
19719	42570	233	0.9011	-173.657
19719	44026	233	0.9254	-1264.771
43492	43527	233	0.9745	-6.010
38735	38780	233	0.9504	-17.027
38780	41536	233	0.9013	17.027
35329	42570	233	0.9141	-359.678
38735	41536	233	0.93	0.000
35329	42687	233	0.9181	-301.656
35329	43854	233	0.9429	-225.756
19340	21204	234	0.9632	0.003
19691	21204	234	0.9052	-69.034
21204	32643	234	0.9039	43.043
19345	21368	238	0.8786	0.001
21368	22424	238	0.8309	0.003
19345	22424	238	0.9303	0.003
35542	40279	239	0.9879	50.858
26668	30840	242	0.9144	-0.001
16907	30840	242	0.8268	-111.032
16907	26668	242	0.8674	-111.031
23637	24003	244	0.9516	-614.341
24003	24528	244	0.9493	614.344
24003	24822	244	0.931	614.842
20815	23630	244	0.9676	-0.502
20815	23962	244	0.971	-606.327
20815	24677	244	0.9499	-0.502
20815	24822	244	0.9148	-8.515
20815	24872	244	0.9759	0.000
23630	24872	244	0.9652	0.502
23962	24872	244	0.9715	606.327
24677	24872	244	0.9406	0.502
24822	24872	244	0.9163	8.515
23630	24677	244	0.9526	-0.000
23637	24677	244	0.9271	8.514
23962	24677	244	0.9559	605.825
24677	24822	244	0.9212	-8.013
23630	24822	244	0.9169	-8.013
23637	24822	244	0.9547	0.501
23962	24822	244	0.9394	597.812
24528	24822	244	0.9624	0.498
23637	24528	244	0.9534	0.003
23630	23962	244	0.966	-605.825
23637	23962	244	0.9151	-597.311
1063	1802	245	0.9439	-0.000
37142	40265	246	0.9638	0.000
40265	47941	246	0.9524	-28.031
40265	48579	246	0.9219	-28.032
3780	7077	247	0.8166	-228.148
3810	7077	247	0.8261	-63.069
4895	7077	247	0.8199	-228.148
5172	7077	247	0.8462	115.027
5278	7077	247	0.8367	-63.067
7077	7278	247	0.8273	-115.027
7077	7520	247	0.8198	228.148
7077	7963	247	0.9717	-0.001
7077	9590	247	0.8217	228.148
7077	10025	247	0.8209	-115.026
3780	7520	247	0.9834	-0.001
3810	7520	247	0.9586	165.079
4895	7520	247	0.9847	-0.000
5278	7520	247	0.9464	165.080
7520	7963	247	0.841	-228.148
7520	9590	247	0.9852	0.000
3780	7963	247	0.8382	-228.149
3810	7963	247	0.8535	-63.069
4895	7963	247	0.8414	-228.149
5172	7963	247	0.8486	115.026
5278	7963	247	0.8592	-63.068
7278	7963	247	0.844	115.026
7963	9590	247	0.8421	228.148
7963	10025	247	0.8377	-115.026
3780	5278	247	0.9419	-165.081
3810	5278	247	0.9766	-0.001
4895	5278	247	0.9459	-165.081
5278	9590	247	0.9401	165.080
3810	5172	247	0.816	-178.096
5172	7278	247	0.9676	0.000
5172	10025	247	0.9524	0.001
3780	10025	247	0.8085	-343.174
3810	10025	247	0.8249	-178.095
4895	10025	247	0.8065	-343.174
7278	10025	247	0.9771	0.001
3780	4895	247	0.9893	-0.000
3810	4895	247	0.9597	165.079
4895	9590	247	0.9751	-0.000
3780	3810	247	0.9582	-165.080
3780	9590	247	0.9733	-0.000
3810	7278	247	0.8171	-178.095
3810	9590	247	0.9509	165.079
863	1875	248	0.8837	-28.032
12314	13151	249	0.7894	-111.029
12314	12337	249	0.819	662.312
12337	12367	249	0.8194	-0.998
12310	12367	249	0.8738	-221.108
12314	12367	249	0.9465	661.314
12310	12314	249	0.8911	-882.421
14017	14191	250	0.9249	-99.067
20689	24068	250	0.9775	-0.001
13870	24068	250	0.8972	-97.018
14410	24068	250	0.893	17.025
15650	24068	250	0.8948	-97.018
17075	24068	250	0.9167	17.027
2128	13286	250	0.8981	-33.947
13286	14017	250	0.8972	-87.033
2128	5519	250	0.9084	-0.000
5519	8890	250	0.9534	-0.000
13870	20689	250	0.893	-97.017
14410	20689	250	0.8893	17.027
15650	20689	250	0.8887	-97.016
17075	20689	250	0.9177	17.028
14410	17075	250	0.9668	-0.001
2128	8890	250	0.9057	-0.001
2128	12467	250	0.8908	-15.996
2128	13870	250	0.9013	15.011
2128	15650	250	0.8997	15.011
13870	15650	250	0.9954	-0.000
2648	7549	251	0.8903	320.150
3199	7549	251	0.8147	0.015
4521	7549	251	0.9278	-0.000
5825	7549	251	0.9129	320.149
7549	9183	251	0.8917	0.000
7549	9497	251	0.8277	-0.015
3199	5850	251	0.8451	-320.164
4161	5850	251	0.9298	-320.165
4917	5850	251	0.9851	-320.165
5850	9497	251	0.8048	320.164
2648	4521	251	0.8853	320.150
3199	4521	251	0.7621	0.015
4521	5825	251	0.8641	-320.149
4521	9183	251	0.815	0.000
4521	9497	251	0.7811	-0.015
2648	5825	251	0.8458	0.001
2648	9183	251	0.8262	320.150
3199	4917	251	0.8481	0.000
4161	4917	251	0.9398	0.000
4917	9497	251	0.8077	-0.000
3199	9497	251	0.9319	0.000
4161	9497	251	0.8214	-0.000
5825	9497	251	0.9044	320.134
9183	9497	251	0.8632	-0.015
3199	5825	251	0.8612	-320.134
5825	9183	251	0.9251	320.150
3199	9183	251	0.848	0.015
3199	4161	251	0.847	0.000
4476	5680	252	0.9232	-0.001
5470	5680	252	0.7329	-165.079
5680	6886	252	0.9565	0.001
5680	8361	252	0.7844	165.080
4476	5470	252	0.7369	165.078
4476	6886	252	0.9077	-0.000
4476	8361	252	0.7856	165.078
5470	6886	252	0.7266	-165.079
5470	8361	252	0.8836	0.000
6886	8361	252	0.7647	165.079
28176	28665	255	0.8276	-8.015
28644	28665	255	0.7653	-8.516
28176	28644	255	0.7766	0.501
8637	8771	257	0.7641	-127.991
8723	8771	257	0.7941	255.980
8751	8771	257	0.9191	-0.334
8753	8771	257	0.7299	1022.921
8771	8813	257	0.7455	-255.479
8771	10196	257	0.7459	127.991
8771	10372	257	0.8846	0.335
8637	8751	257	0.7705	-127.657
8723	8751	257	0.7778	256.314
8751	8753	257	0.7405	-1023.255
8751	8813	257	0.761	-255.813
8751	10196	257	0.7619	127.657
8751	10372	257	0.9011	0.000
8637	10372	257	0.747	-127.657
8723	10372	257	0.7913	256.315
8753	10372	257	0.7393	1023.256
8813	10372	257	0.7585	255.813
10196	10372	257	0.7508	-127.657
8723	8753	257	0.8857	-766.941
8637	8813	257	0.9501	-383.470
8637	10196	257	0.8932	0.000
8813	10196	257	0.9149	383.470
11475	12439	258	0.9319	-0.001
11475	12630	258	0.9291	49.981
11475	13304	258	0.8832	-170.106
11475	30932	258	0.8728	-371.185
11475	31181	258	0.8613	-388.208
4740	4836	258	0.9514	-14.015
4740	5667	258	0.9381	30.011
4740	5672	258	0.9555	-14.015
4740	7739	258	0.8851	15.995
4740	8270	258	0.9242	-14.016
4740	10215	258	0.8922	15.996
4740	11347	258	0.9671	-14.015
4740	12630	258	0.8907	-10.020
13304	15892	258	0.9143	-90.045
15892	17041	258	0.9913	-0.001
15892	17934	258	0.9917	-0.000
15892	22025	258	0.9547	-0.001
15892	24715	258	0.9662	-0.002
15892	25679	258	0.9621	-0.001
15892	26596	258	0.8852	-111.033
15892	30932	258	0.909	-111.034
15892	31181	258	0.882	-128.058
4836	5667	258	0.894	44.025
5667	5672	258	0.9057	-44.026
5667	7739	258	0.8853	-14.016
5667	8270	258	0.8912	-44.026
5667	10215	258	0.9011	-14.015
5667	11347	258	0.9132	-44.026
5667	12630	258	0.8977	-40.031
13304	17041	258	0.9166	-90.046
13304	17934	258	0.9179	-90.045
13304	22025	258	0.8739	-90.045
13304	24715	258	0.8955	-90.046
13304	25679	258	0.9023	-90.045
13304	30932	258	0.8839	-201.079
22025	25679	258	0.9666	-0.000
24715	25679	258	0.9936	0.001
25679	26596	258	0.8841	-111.032
25679	30932	258	0.9138	-111.033
25679	31181	258	0.9072	-128.057
17041	25679	258	0.9705	0.000
17934	25679	258	0.9654	-0.001
22025	26596	258	0.9282	-111.032
24715	26596	258	0.903	-111.031
26596	30932	258	0.9603	-0.002
26596	31181	258	0.9719	-17.025
17041	26596	258	0.872	-111.032
17934	26596	258	0.8664	-111.033
4836	11347	258	0.984	-0.000
5672	11347	258	0.9775	0.000
7739	11347	258	0.862	-30.010
8270	11347	258	0.9597	0.001
10215	11347	258	0.8671	-30.010
11347	12630	258	0.9021	3.995
6551	7739	258	0.9053	-0.001
7739	10215	258	0.9515	0.000
4836	8270	258	0.9482	-0.001
5672	8270	258	0.9619	-0.000
8270	12630	258	0.8636	3.995
4836	10215	258	0.866	30.010
5672	10215	258	0.8759	30.011
6551	10215	258	0.8807	-0.000
22025	24715	258	0.9866	-0.001
24715	30932	258	0.9177	-111.033
24715	31181	258	0.9132	-128.056
17041	24715	258	0.9649	-0.001
17934	24715	258	0.96	-0.002
30932	31181	258	0.9676	-17.024
22025	31181	258	0.9179	-128.057
17041	31181	258	0.873	-128.057
17934	31181	258	0.8722	-128.058
22025	30932	258	0.9245	-111.033
17041	22025	258	0.9421	0.000
17934	22025	258	0.9374	-0.001
4836	5672	258	0.976	-0.001
5672	12630	258	0.8751	3.995
17041	17934	258	0.9933	0.001
17934	30932	258	0.9015	-111.034
4836	12630	258	0.9084	3.995
17041	30932	258	0.9083	-111.033
18398	19467	259	0.9628	44.027
16741	19467	259	0.9941	-88.056
22112	26124	261	0.9647	-660.835
24988	26124	261	0.8848	0.000
22112	24988	261	0.9187	-660.836
25884	28536	262	0.9531	-700.409
48176	53695	264	0.9551	-14.015
48708	53695	264	0.9431	-14.016
48176	48708	264	0.9645	0.000
48704	48708	264	0.8468	45.058
34137	39262	266	0.9024	-0.001
37034	39262	266	0.756	722.908
34137	37034	266	0.8656	-722.909
49351	49649	267	0.914	-45.058
49649	49722	267	0.9827	28.031
49351	49722	267	0.9246	-17.027
47420	47826	268	0.9065	404.256
47794	47826	268	0.8351	404.255
47420	47794	268	0.9031	0.001
47463	47794	268	0.8483	-447.296
47650	47794	268	0.8561	17.027
47682	47794	268	0.8915	-430.270
47794	47827	268	0.8718	-17.029
47420	47827	268	0.8944	-17.028
47429	47827	268	0.8526	-0.002
47650	47827	268	0.9229	-0.001
47682	47827	268	0.9035	-447.298
47420	47650	268	0.8884	-17.026
47650	47682	268	0.887	447.297
46588	46594	268	0.8495	17.026
46594	49584	268	0.8863	0.001
46588	49584	268	0.856	17.027
47682	49584	268	0.853	17.027
47420	47463	268	0.8378	447.297
47463	47682	268	0.842	-17.026
47420	47682	268	0.8878	430.271
47420	47429	268	0.8758	-17.026
36129	37060	269	0.9632	997.047
37060	42025	269	0.9202	-0.001
36129	42025	269	0.8846	997.045
36129	44070	269	0.8955	-99.070
2195	2830	270	0.9172	0.001
2195	4247	270	0.7652	18.012
2195	4272	270	0.9294	-0.000
2195	5980	270	0.838	18.011
2195	7805	270	0.8233	18.010
2195	9538	270	0.7873	18.010
2830	5980	270	0.8767	18.010
4247	5980	270	0.8481	-0.001
4272	5980	270	0.8605	18.011
5980	7805	270	0.9288	-0.001
5980	9538	270	0.8559	-0.000
2830	4247	270	0.8476	18.011
2830	4272	270	0.9532	-0.001
2830	7805	270	0.8717	18.010
2830	9538	270	0.8622	18.010
4247	9538	270	0.924	-0.001
4272	9538	270	0.8258	18.011
7805	9538	270	0.8915	0.000
4247	7805	270	0.8745	-0.001
4272	7805	270	0.8558	18.010
4247	4272	270	0.8088	-18.012
2696	6747	273	0.8907	0.000
3392	5581	274	0.8347	408.225
3392	7660	274	0.8952	408.726
3392	8909	274	0.9315	-0.001
5581	6024	274	0.8027	0.501
5581	8909	274	0.8024	-408.227
8040	8702	274	0.8363	-344.682
8040	10121	274	0.9468	-344.681
8702	10121	274	0.8455	0.001
8909	10121	274	0.7901	128.095
7660	8909	274	0.8647	-408.728
8702	8909	274	0.8159	-128.094
8702	11498	274	0.7824	128.097
45242	45558	275	0.9937	-0.000
45331	45558	275	0.7895	464.310
45558	45617	275	0.8996	-1.003
45558	45622	275	0.807	-464.306
45242	45331	275	0.7694	-464.310
45242	45617	275	0.8798	-1.003
45242	45622	275	0.7834	-464.306
45331	45622	275	0.9838	0.004
45417	45622	275	0.8103	-466.312
45622	45682	275	0.8696	0.998
45622	45738	275	0.7958	466.312
45331	45682	275	0.8817	1.002
45417	45682	275	0.9323	-465.314
45682	45738	275	0.9124	465.314
45331	45417	275	0.8236	466.316
45331	45738	275	0.8106	466.316
45417	45738	275	0.993	-0.000
7970	8519	276	0.8252	-12.036
2270	3577	277	0.9842	0.000
5047	6822	278	0.9542	0.000
5845	6822	278	0.9067	-14.016
4167	5845	278	0.9832	-0.000
4167	7161	278	0.9282	-0.001
4167	8489	278	0.9596	-0.001
5845	7161	278	0.9593	-0.000
7161	8489	278	0.9729	-0.000
5845	8489	278	0.977	-0.001
12842	13669	280	0.7637	-228.113
13133	13669	280	0.8131	201.072
13336	13669	280	0.8511	114.040
13669	14482	280	0.7663	-394.122
13669	15893	280	0.7821	-314.160
13669	16444	280	0.7774	-394.122
4340	15893	280	0.7873	-428.231
13133	15893	280	0.9055	-113.089
13193	15893	280	0.804	-428.231
13336	15893	280	0.8939	-200.120
13793	15893	280	0.8822	-329.163
14482	15893	280	0.8927	79.962
15893	16444	280	0.878	-79.962
15893	17299	280	0.8523	0.002
15893	18313	280	0.8276	0.002
13133	18313	280	0.7734	-113.087
13793	18313	280	0.8417	-329.161
14482	18313	280	0.7957	79.964
17299	18313	280	0.9385	0.000
13133	17299	280	0.7952	-113.087
13336	17299	280	0.7973	-200.118
13793	17299	280	0.852	-329.161
14482	17299	280	0.8234	79.964
16444	17299	280	0.785	79.964
4340	6708	280	0.7665	113.085
4340	12842	280	0.8287	114.042
4340	13193	280	0.9626	-0.000
4340	13336	280	0.7847	-228.111
4340	13793	280	0.8907	-99.069
13133	14482	280	0.8738	-193.051
13336	14482	280	0.8637	-280.082
13793	14482	280	0.8576	-409.125
14482	16444	280	0.9355	-0.000
12842	13992	280	0.7743	-99.066
13793	13992	280	0.8139	114.044
13133	13337	280	0.7961	87.030
13336	13337	280	0.7908	-0.001
13337	16444	280	0.7866	-280.081
12842	13193	280	0.8508	-114.042
6708	10393	280	0.8263	-0.002
13133	13336	280	0.9206	87.031
13193	13336	280	0.8129	-228.111
13336	13793	280	0.9157	129.043
13336	16444	280	0.8871	-280.082
13133	16444	280	0.9094	-193.051
13193	16444	280	0.7695	-508.193
13793	16444	280	0.8482	-409.125
6708	13193	280	0.7743	-113.085
13133	13193	280	0.8028	315.142
13193	13793	280	0.8942	-99.068
13133	13793	280	0.8724	216.074
1370	1981	282	0.9119	0.001
1737	1981	282	0.8291	0.036
1224	11546	283	0.7706	-269.175
10375	11546	283	0.7863	-130.026
11546	12397	283	0.8567	0.985
10375	12397	283	0.8139	-129.041
1224	2555	283	0.8343	29.974
1224	4508	283	0.7767	29.974
1224	5685	283	0.8025	29.974
2555	5685	283	0.9175	-0.000
4508	5685	283	0.9478	-0.000
2555	4508	283	0.904	-0.000
4412	4922	284	0.8573	36.995
4412	5014	284	0.9558	-0.000
4922	5014	284	0.8488	-36.996
56197	56213	285	0.9626	88.051
31202	31206	291	0.9211	17.026
1260	3327	293	0.9477	-0.000
1260	3973	293	0.8807	-29.976
1260	5352	293	0.8902	-72.021
2345	5352	293	0.9631	-0.001
3327	5352	293	0.8863	-72.021
34869	35510	295	0.8317	-0.478
29733	30973	298	0.9971	-14.676
7034	11007	299	0.706	-87.033
1188	9219	300	0.9766	-0.000
2560	9219	300	0.9539	-0.001
5265	9219	300	0.9582	-0.001
6641	9219	300	0.9778	-0.000
7888	9219	300	0.9026	-184.122
9219	11528	300	0.9473	0.001
1188	2560	300	0.9702	0.001
1188	5265	300	0.9656	0.001
1188	6641	300	0.9688	0.000
1188	7888	300	0.8937	184.122
1188	11528	300	0.9494	0.000
2560	5265	300	0.9563	-0.000
2560	6641	300	0.949	-0.001
2560	11528	300	0.9566	-0.001
6879	9274	300	0.9233	-0.000
7888	9274	300	0.9383	-0.000
9274	11185	300	0.9686	0.000
6879	7888	300	0.9277	-0.000
6879	11185	300	0.9527	-0.000
11215	11528	300	0.8816	131.041
11215	13256	300	0.8937	-0.001
5265	6641	300	0.9661	-0.000
5265	11528	300	0.9459	-0.000
6641	11528	300	0.9459	0.000
6641	11185	300	0.8828	184.121
7888	11185	300	0.9568	0.000
6641	7888	300	0.8964	184.121
40990	41384	301	0.9483	8.512
41384	44148	301	0.916	-1321.755
43967	44148	301	0.939	-1313.240
40990	41129	301	0.9279	0.501
41129	43533	301	0.9609	8.009
41129	44148	301	0.9577	-1313.744
41129	44995	301	0.9124	8.513
40990	44148	301	0.9496	-1313.243
43533	44148	301	0.9239	-1321.753
8789	11247	302	0.9848	-0.000
20090	21122	303	0.8335	0.000
20090	22503	303	0.9324	0.000
20090	22644	303	0.8589	43.515
21122	22503	303	0.7546	0.000
22503	22644	303	0.7988	43.514
18825	18990	304	0.9423	45.059
18825	19018	304	0.9359	28.032
16555	18825	304	0.9332	-28.034
16558	18825	304	0.9463	-45.060
17909	18825	304	0.9344	-28.032
17911	18825	304	0.9497	-45.059
13009	13260	304	0.8369	57.021
13260	18417	304	0.8307	18.010
19096	21131	304	0.8486	0.000
19872	21131	304	0.9049	0.500
20125	21131	304	0.9335	604.365
19096	20125	304	0.874	-604.365
19872	20125	304	0.8462	-603.865
16555	16558	304	0.9793	17.026
16555	17909	304	0.8934	-0.002
16555	17911	304	0.9084	17.025
16555	18990	304	0.9828	17.025
16555	19018	304	0.9924	-0.001
19096	19872	304	0.9241	-0.500
17368	19096	304	0.895	604.364
16558	17909	304	0.902	-17.028
17909	17911	304	0.9416	17.026
17909	18990	304	0.903	17.027
17909	19018	304	0.8929	0.000
13009	16558	304	0.8333	-108.979
16558	17911	304	0.9253	-0.002
16558	18990	304	0.9871	-0.001
16558	19018	304	0.9802	-17.028
17368	18417	304	0.8313	572.307
13009	17911	304	0.8232	-108.980
17911	18990	304	0.9238	0.000
17911	19018	304	0.907	-17.026
13009	18990	304	0.8365	-108.980
18990	19018	304	0.9856	-17.027
13722	13763	306	0.9264	-0.334
13722	15387	306	0.9174	-0.334
13763	15387	306	0.912	0.001
38181	38857	307	0.9365	1.003
15449	19311	308	0.9345	-0.003
16681	19311	308	0.9185	-0.002
17632	19311	308	0.9377	-0.482
15449	17632	308	0.9857	0.479
16681	17447	308	0.9651	-0.002
16681	18475	308	0.9255	0.032
16681	19521	308	0.9643	0.034
17447	18475	308	0.9599	0.034
17447	19521	308	0.9758	0.036
18475	19521	308	0.958	0.002
51145	51334	309	0.938	58.701
51185	51334	309	0.9362	59.036
51266	51334	309	0.9293	44.025
50911	51301	309	0.9059	15.337
51185	51301	309	0.8986	44.026
51185	51267	309	0.8989	29.686
51238	51267	309	0.9177	-131.743
51266	51267	309	0.9611	14.675
51267	51324	309	0.9191	58.701
51041	51324	309	0.9249	59.367
51051	51324	309	0.9308	74.042
51318	51324	309	0.9416	-14.675
51324	53537	309	0.9195	10.004
51318	53537	309	0.9306	-4.672
52164	53537	309	0.9136	102.728
52218	53537	309	0.9228	-73.377
52237	53537	309	0.9538	-44.026
52246	53537	309	0.924	-58.701
50911	51266	309	0.9285	-13.678
51051	51318	309	0.9628	88.718
51051	52246	309	0.929	142.747
52164	52266	309	0.9224	7.992
52218	52237	309	0.9403	-29.351
52218	52246	309	0.923	-14.676
51185	51266	309	0.932	15.011
51238	51266	309	0.9199	-146.418
51266	51318	309	0.9278	88.052
51036	51238	309	0.8909	1.659
51041	51318	309	0.9205	74.042
51318	52246	309	0.9213	54.029
52164	52237	309	0.9268	146.754
52237	52246	309	0.9299	14.674
1602	6076	321	0.9456	-0.002
6076	7320	321	0.9635	-0.000
6076	9431	321	0.9719	-0.000
1602	9431	321	0.958	-0.002
7320	9431	321	0.9718	0.000
1073	1602	321	0.9034	-0.001
1073	7320	321	0.8907	-0.003
1602	7320	321	0.9573	-0.002
6029	10214	322	0.9378	-0.000
7460	10214	322	0.9445	-0.000
8161	10214	322	0.9438	0.309
8654	10214	322	0.981	0.000
4432	8654	322	0.907	15.994
6029	8654	322	0.9447	-0.001
7460	8654	322	0.9458	-0.000
8161	8654	322	0.9548	0.309
6029	7460	322	0.9714	-0.000
7460	8161	322	0.9156	-0.310
6029	8161	322	0.9144	-0.310
24294	25057	324	0.8015	0.000
24294	26404	324	0.936	0.000
25057	26404	324	0.8271	0.000
17223	25057	324	0.8422	-99.069
48506	48703	326	0.924	0.002
38983	46981	328	0.9306	0.001
24978	29658	329	0.8703	-0.503
24978	31222	329	0.7861	-0.502
28558	31179	329	0.847	8.517
29658	31179	329	0.7966	9.020
31179	31222	329	0.9004	-9.018
28558	31222	329	0.8662	-0.501
29658	31222	329	0.8201	0.001
42852	43993	330	0.8982	6.010
40324	43940	330	0.884	5.341
43211	43940	330	0.9932	5.008
40324	43211	330	0.8868	0.334
42852	43211	330	0.8829	6.345
1505	5353	331	0.915	-0.001
1965	5353	331	0.7973	-0.001
1965	2294	331	0.8474	79.930
2294	2380	331	0.9046	-61.919
2294	2407	331	0.9774	0.036
2294	2607	331	0.9668	-15.959
2294	2667	331	0.9538	-0.948
2294	4254	331	0.9623	-15.959
2294	5978	331	0.9501	0.036
2294	6072	331	0.883	-305.989
2294	7291	331	0.9515	-15.959
2294	8855	331	0.8387	-305.990
2340	4868	331	0.7879	-260.038
4868	6007	331	0.8326	260.037
4868	6072	331	0.9685	-0.000
4868	7356	331	0.8604	-23.028
4868	7656	331	0.8134	-39.023
4868	9323	331	0.7996	-39.023
2407	2667	331	0.919	-0.984
2607	2667	331	0.9154	15.011
2667	4254	331	0.9136	-15.011
2667	5978	331	0.9381	0.984
2667	7290	331	0.8774	-0.001
2667	7291	331	0.903	-15.011
2380	7399	331	0.8286	-244.070
7356	7399	331	0.8247	23.027
7399	8582	331	0.9283	-15.995
7399	8855	331	0.9574	0.000
4399	5333	331	0.8687	15.995
4399	7356	331	0.8314	15.994
4399	7656	331	0.9346	-0.000
4399	9323	331	0.9118	-0.000
2380	6072	331	0.8192	-244.070
2407	6072	331	0.8222	-306.026
5978	6072	331	0.9005	-306.025
6007	6072	331	0.8401	-260.037
6072	7356	331	0.851	-23.028
6072	7656	331	0.811	-39.023
6072	8582	331	0.9163	-15.996
6072	8855	331	0.935	-0.000
2340	6007	331	0.939	-0.000
2380	6007	331	0.7834	15.968
6007	8855	331	0.8498	-260.038
2288	7287	331	0.8479	212.008
2567	7287	331	0.9109	193.998
2607	7287	331	0.904	132.042
4254	7287	331	0.907	132.042
7287	7653	331	0.8798	-212.008
7287	8582	331	0.8108	-438.068
2288	2567	331	0.9128	18.010
2380	2567	331	0.8604	-15.995
2567	2607	331	0.9637	61.956
2567	4254	331	0.962	61.956
2567	7291	331	0.9706	61.955
2567	7653	331	0.9238	-18.011
2567	8582	331	0.9017	-244.071
1505	2380	331	0.8199	18.010
1965	2380	331	0.8883	18.010
2380	2407	331	0.8523	61.956
2380	5978	331	0.919	61.955
2380	8855	331	0.8237	-244.070
5333	7356	331	0.9488	-0.000
7356	7656	331	0.8654	-15.995
7356	8855	331	0.838	23.028
7356	9323	331	0.8628	-15.995
1505	1965	331	0.8811	-0.000
1754	1965	331	0.8157	-24.011
1965	2288	331	0.8471	-15.995
1965	2407	331	0.8171	79.966
1965	5978	331	0.8317	79.966
1965	7653	331	0.832	-15.995
1754	2288	331	0.8345	-40.006
2288	2607	331	0.9249	79.966
2288	4254	331	0.9242	79.966
2288	5120	331	0.8353	-0.089
2288	7291	331	0.9115	79.966
2288	7653	331	0.8948	-0.000
2288	8582	331	0.8686	-226.060
2407	7291	331	0.9224	-15.995
2607	7291	331	0.982	-0.001
4254	7291	331	0.978	-0.000
5978	7291	331	0.9421	-15.995
7291	7653	331	0.9633	-79.966
7291	8582	331	0.9068	-306.026
5333	9323	331	0.8478	-15.995
7656	9323	331	0.9609	0.000
7653	8582	331	0.8746	-226.060
8582	8855	331	0.953	15.995
5333	7656	331	0.8666	-15.995
2407	7290	331	0.8503	-0.985
2407	4254	331	0.9258	-15.995
2607	4254	331	0.9952	-0.000
4254	5978	331	0.9414	15.995
4254	7653	331	0.9524	-79.966
2407	2607	331	0.9354	-15.995
2607	5978	331	0.9402	15.994
2607	7653	331	0.9586	-79.967
7656	8855	331	0.8166	39.022
2340	8855	331	0.8153	-260.038
5978	8855	331	0.8624	-306.025
1754	7653	331	0.7921	-40.006
1505	1754	331	0.7944	24.011
2407	5978	331	0.8841	-0.000
5445	8555	332	0.9332	0.000
3255	5219	335	0.804	443.708
3255	7793	335	0.7745	443.708
3255	9416	335	0.8307	443.708
5219	9416	335	0.8938	0.001
7793	9416	335	0.8741	0.000
5219	7793	335	0.9226	0.001
51459	52553	337	0.9448	-45.058
51459	54304	337	0.9241	-17.027
52553	54304	337	0.9723	28.031
54304	55336	337	0.9267	18.011
52553	55336	337	0.9208	46.042
5529	6963	338	0.902	-0.036
6753	6963	338	0.9837	-0.036
6963	8518	338	0.9896	-0.000
6963	8977	338	0.9724	0.036
5529	6753	338	0.9336	0.000
6753	8518	338	0.9783	-0.037
6753	8977	338	0.9773	-0.000
5529	8518	338	0.9127	-0.036
8518	8977	338	0.9765	0.036
5529	8977	338	0.9338	-0.000
1947	7536	339	0.8743	-16.032
4053	7536	339	0.8835	-16.032
6091	7536	339	0.8829	-16.031
6165	7536	339	0.9784	-0.000
7536	8621	339	0.9821	-0.001
7536	10541	339	0.9799	0.000
1947	6165	339	0.8842	-16.031
4053	6165	339	0.8961	-16.031
6091	6165	339	0.8801	-16.031
6165	8621	339	0.9819	-0.001
6165	10541	339	0.9883	0.000
1947	10541	339	0.8615	-16.031
4053	10541	339	0.8707	-16.031
6091	10541	339	0.8635	-16.031
8621	10541	339	0.9802	0.001
1947	4053	339	0.9817	-0.000
4053	6091	339	0.9731	-0.000
4053	8621	339	0.885	-16.032
1947	6091	339	0.9562	-0.001
1947	8621	339	0.8783	-16.033
6091	8621	339	0.8735	-16.032
3154	9791	340	0.8691	-0.001
4430	9791	340	0.9457	-0.000
5316	9791	340	0.8039	71.037
7563	9791	340	0.9267	-0.000
3154	7563	340	0.8249	-0.000
4430	7563	340	0.9101	0.000
4430	9879	340	0.8271	-71.038
5316	9879	340	0.9722	-0.001
8483	9879	340	0.9566	0.000
4430	8483	340	0.8256	-71.038
5316	8483	340	0.9612	-0.001
3154	4430	340	0.9104	-0.000
3154	5316	340	0.8108	-71.037
4430	5316	340	0.844	-71.037
33787	36762	342	0.975	801.482
36762	43317	342	0.992	-44.028
36762	43719	342	0.9844	-58.703
36762	44243	342	0.9688	98.055
33614	35559	342	0.9755	-20.350
33614	40026	342	0.9853	-108.067
33614	43853	342	0.9748	-50.370
33614	44243	342	0.9604	-39.362
34649	35260	342	0.9651	-29.686
34649	37256	342	0.9755	-58.702
34649	39203	342	0.9969	-73.377
34649	43877	342	0.976	-531.340
24740	34649	342	0.9667	59.025
30722	32774	342	0.984	-264.160
17720	32774	342	0.9614	-809.500
30452	35260	342	0.9965	-59.037
35260	36105	342	0.9679	-14.675
35260	37256	342	0.9642	-29.016
35260	39203	342	0.9671	-43.691
24740	35260	342	0.986	29.339
40026	43853	342	0.9756	57.697
38160	43309	342	0.9648	-117.737
38160	44243	342	0.9596	24.680
30452	36105	342	0.9689	-73.713
30459	36105	342	0.9753	117.742
31796	36105	342	0.9602	139.754
32557	36105	342	0.994	-59.037
34654	36105	342	0.9648	44.025
24740	36105	342	0.9683	14.663
30452	32557	342	0.9747	-14.676
30459	32557	342	0.9624	176.779
32557	34654	342	0.961	-103.061
24740	32557	342	0.9757	73.700
30722	43877	342	0.9643	368.205
33787	43877	342	0.9799	412.235
37256	43877	342	0.9606	-472.637
38252	43877	342	0.9745	-453.287
39203	43877	342	0.9804	-457.962
43719	43877	342	0.9664	-330.543
17720	30722	342	0.964	-545.341
40883	43468	342	0.9604	-58.369
40883	44243	342	0.9612	69.039
33787	38252	342	0.969	865.522
38252	43468	342	0.9673	-93.393
38252	43719	342	0.9607	-122.744
33787	44243	342	0.9694	899.536
40026	44243	342	0.9758	68.705
43719	44243	342	0.9742	156.758
30722	39203	342	0.9616	826.168
33787	43719	342	0.9879	742.778
43317	43719	342	0.9635	-14.676
33787	39203	342	0.9675	870.197
24740	39203	342	0.9662	-14.352
37256	39203	342	0.9786	-14.675
24740	30452	342	0.9895	88.376
35559	40026	342	0.9755	-87.717
30459	43309	342	0.9743	-24.351
43309	43468	342	0.9976	15.009
33787	37256	342	0.9764	884.872
30459	43468	342	0.9768	-9.342
24999	30459	342	0.9687	22.012
29589	32133	343	0.9268	0.000
15251	17056	344	0.984	-0.001
17056	20631	344	0.8818	18.011
20631	23504	344	0.9014	-0.001
15251	20631	344	0.883	18.010
780	1132	347	0.9214	1.979
780	2866	347	0.9368	1.979
780	62680	347	0.974	-0.000
1132	2866	347	0.9758	0.000
1632	2726	350	0.8233	0.001
1632	5269	350	0.7037	29.974
12935	12939	352	0.8259	-0.993
21696	24670	353	0.9553	-844.947
21708	24670	353	0.905	-844.447
21708	24543	353	0.884	-0.002
24543	25752	353	0.9305	-0.001
21696	21708	353	0.8619	-0.499
21708	25752	353	0.9117	-0.004
21600	32126	354	0.8795	-113.086
26442	32126	354	0.9377	-0.000
4226	6335	355	0.9547	0.001
5230	6335	355	0.8119	-284.153
4226	4424	355	0.7335	18.974
4424	6253	355	0.9642	0.001
4226	5230	355	0.8438	284.153
4226	6253	355	0.7274	18.974
52342	52399	356	0.8793	-88.051
52360	52399	356	0.8824	-44.025
52399	52428	356	0.9711	-44.025
52399	55356	356	0.8726	438.268
52342	55356	356	0.879	350.217
52360	55356	356	0.8882	394.244
52428	55356	356	0.8822	482.293
52342	52360	356	0.9673	-44.027
52342	52428	356	0.8918	-132.076
52360	52428	356	0.9005	-88.049
30258	43850	357	0.7443	-40.031
32318	43850	357	0.7451	-40.031
43819	43850	357	0.867	-18.011
30258	32328	357	0.9395	-23.017
32318	32328	357	0.9312	-23.017
30258	32318	357	0.964	0.000
26973	36175	357	0.7685	49.991
36175	43819	357	0.8084	-14.052
48653	48738	360	0.8925	-442.269
24229	26853	361	0.9381	-0.001
6685	6814	362	0.8925	-230.163
6685	6928	362	0.8868	-227.128
6685	10645	362	0.9604	-0.000
6814	6928	362	0.9657	3.036
6928	10224	362	0.9461	-3.036
6928	10645	362	0.9065	227.127
6814	10224	362	0.9692	-0.000
6814	10645	362	0.9129	230.163
47997	48007	364	0.9031	391.259
47997	48659	364	0.9734	-0.000
47997	48665	364	0.9719	-17.027
47997	51116	364	0.912	409.269
47985	48664	364	0.9566	-0.003
48004	48664	364	0.8992	-408.288
48483	48664	364	0.9515	-408.288
48664	48665	364	0.9182	408.289
47998	48458	364	0.8964	30.011
47998	48740	364	0.8969	11.999
47998	50925	364	0.8879	-296.181
50845	50925	364	0.9067	47.058
47996	48640	364	0.8969	36.021
47985	48004	364	0.9059	408.285
47985	48483	364	0.9726	408.285
47985	48665	364	0.9068	408.286
48004	48740	364	0.8915	408.286
48007	48009	364	0.8929	53.048
48004	48484	364	0.8905	-408.290
50838	51116	364	0.9176	390.276
48004	48483	364	0.9205	0.000
48007	48665	364	0.8875	-408.286
48483	48665	364	0.9088	0.001
48659	48665	364	0.9649	-17.026
48665	51116	364	0.9077	426.296
51116	52125	364	0.9104	17.027
47996	48007	364	0.8956	-35.038
48007	48483	364	0.9227	-408.287
48007	48659	364	0.8963	-391.259
48659	51116	364	0.9143	409.270
13930	14459	367	0.8956	1.004
16079	16661	367	0.9131	33.982
16661	17431	367	0.8961	-33.983
16661	17733	367	0.9231	-0.001
16661	18309	367	0.8807	-33.982
14459	18309	367	0.8708	-147.068
16079	18309	367	0.9612	-0.000
17431	18309	367	0.9844	0.001
17733	18309	367	0.9027	-33.982
14459	16079	367	0.8604	-147.068
16079	17431	367	0.9696	-0.002
16079	17733	367	0.9132	33.981
14459	17431	367	0.8744	-147.069
17431	17733	367	0.9179	33.983
3389	9818	368	0.8901	-413.209
6648	9818	368	0.9078	-413.209
7614	9818	368	0.9279	-413.209
3389	6648	368	0.9002	-0.000
3389	7614	368	0.8787	0.000
6648	7614	368	0.9589	0.000
45869	47284	369	0.9258	981.564
34446	35625	370	0.9242	0.001
17351	19077	373	0.9848	-0.001
17351	36616	373	0.9117	-12.000
19077	36616	373	0.9035	-11.999
17059	20374	374	0.8646	-0.000
17059	20493	374	0.8309	-33.989
17059	21803	374	0.8975	-33.989
18473	20493	374	0.789	65.080
18473	21803	374	0.8032	65.080
20374	21803	374	0.88	-33.989
20493	21803	374	0.9468	0.000
20374	20493	374	0.869	-33.989
53967	55663	375	0.9457	405.282
13622	15391	376	0.7781	15.995
13622	16374	376	0.843	15.995
15391	16374	376	0.8433	-0.001
49356	53611	380	0.9151	-18.010
49387	53611	380	0.9275	17.027
49398	53611	380	0.9295	0.001
53413	53611	380	0.9347	17.027
53426	53611	380	0.9138	35.037
53605	53611	380	0.9057	410.303
49270	49317	380	0.9153	-391.285
49270	49357	380	0.9555	-784.581
49317	49387	380	0.9054	1177.862
49356	49387	380	0.9121	-35.037
49357	49387	380	0.9188	1571.158
49387	49398	380	0.9588	17.027
49387	53413	380	0.9507	0.000
49387	53426	380	0.9296	-18.010
49387	53605	380	0.9287	-393.276
49317	49357	380	0.9315	-393.296
49317	49398	380	0.9072	1194.888
49317	53217	380	0.9417	392.296
49317	53426	380	0.936	1159.852
49317	53605	380	0.9469	784.586
49357	53605	380	0.9048	1177.882
49398	53605	380	0.9322	-410.302
53217	53605	380	0.9403	392.290
53413	53605	380	0.9346	-393.276
53426	53605	380	0.9733	-375.266
53605	53642	380	0.9146	77.105
49398	53413	380	0.9256	-17.026
53413	53426	380	0.9399	-18.010
49357	53426	380	0.9068	1553.148
49398	53426	380	0.9204	-35.037
53217	53426	380	0.9289	767.556
53426	53642	380	0.9045	-298.161
53217	53304	380	0.9134	375.264
53217	53642	380	0.9357	469.395
53304	53642	380	0.9182	94.131
49357	49398	380	0.9072	1588.185
4456	9996	381	0.8723	191.765
4456	10586	381	0.8089	-706.335
4456	11765	381	0.7947	-575.294
4456	11969	381	0.8674	191.764
10586	13475	381	0.8111	40.004
12083	13475	381	0.8873	15.995
12775	13475	381	0.8087	-685.831
13164	13475	381	0.8624	-131.040
9996	11969	381	0.9687	-0.000
10153	12083	381	0.8118	40.003
12083	12775	381	0.8044	701.826
12083	13164	381	0.8532	147.035
11255	11284	381	0.8748	-0.334
11255	11423	381	0.8535	-0.703
11255	12129	381	0.8835	0.301
12775	13164	381	0.941	-554.791
10586	11267	381	0.8358	854.419
11267	11284	381	0.8303	-0.668
11267	12129	381	0.8662	-0.034
10586	12129	381	0.7952	854.385
11284	12129	381	0.9103	0.635
11423	12129	381	0.8437	1.003
11284	11423	381	0.9334	-0.369
10153	10586	381	0.7984	15.994
10586	13164	381	0.7996	171.043
27120	31493	382	0.9556	-0.000
4890	8820	384	0.8582	0.000
42314	43097	387	0.903	0.001
43087	43097	387	0.9179	17.028
42451	42485	387	0.877	-532.318
42485	43203	387	0.896	532.319
42485	43210	387	0.8365	0.000
43087	43210	387	0.8067	-497.280
42314	43087	387	0.8558	-17.027
42314	42451	387	0.8539	18.010
42451	43203	387	0.9478	0.001
42314	43203	387	0.8668	18.012
34953	36793	389	0.8528	16.024
36793	39327	389	0.7201	-16.029
34890	39327	389	0.7039	17.015
34953	39327	389	0.8684	-0.005
35003	39327	389	0.8631	-532.322
39327	39814	389	0.7146	515.294
39327	40030	389	0.82	532.321
45910	47423	389	0.7715	-0.001
34953	40030	389	0.8031	532.315
35003	40030	389	0.9231	-0.001
25074	40030	389	0.7972	-2.015
39814	40030	389	0.7369	17.027
45839	46639	389	0.8986	-0.003
45910	46639	389	0.793	0.995
46639	47022	389	0.9745	0.002
46639	47193	389	0.8943	0.002
46639	47553	389	0.8794	0.003
45838	46111	389	0.9049	-1519.866
45839	46111	389	0.8316	-1019.569
45884	46111	389	0.9522	-1003.548
46111	46158	389	0.9362	1488.824
46111	46678	389	0.9079	1020.570
46111	46715	389	0.8409	1519.866
46111	46988	389	0.8843	1020.570
46111	47302	389	0.9014	1519.866
46111	47528	389	0.945	1020.570
39177	46111	389	0.8836	-1020.570
45839	47193	389	0.9497	-0.001
45884	47193	389	0.8096	16.020
45910	47193	389	0.9072	0.997
46158	47193	389	0.8326	-469.257
47022	47193	389	0.9121	-0.001
47193	47528	389	0.8357	1.003
47193	47553	389	0.965	0.001
45884	47528	389	0.9671	17.022
45910	47528	389	0.7641	2.000
46158	47528	389	0.9933	-468.254
47528	47553	389	0.809	-1.001
45839	47553	389	0.93	-0.000
45884	47553	389	0.8275	16.021
45910	47553	389	0.8827	0.998
46158	47553	389	0.8095	-469.256
47022	47553	389	0.9042	0.001
47302	47553	389	0.7675	-500.297
25074	35003	389	0.8194	-2.014
25074	45838	389	0.8311	13.981
25074	47302	389	0.8389	13.980
35003	40344	389	0.7422	15.994
39177	40344	389	0.9289	499.296
40344	45838	389	0.849	0.001
40344	46678	389	0.8768	-499.295
40344	46715	389	0.9777	0.000
40344	47030	389	0.9655	-0.000
45838	46678	389	0.8114	-499.296
45839	46678	389	0.7773	1.002
46678	46715	389	0.9116	499.295
46678	46988	389	0.9418	-0.000
46678	47030	389	0.8855	499.295
39177	46678	389	0.9638	0.001
45839	46988	389	0.8072	1.001
45839	47022	389	0.8765	-0.001
45910	47022	389	0.8213	0.998
35003	47302	389	0.8047	15.994
45838	47302	389	0.9678	-0.001
45839	47302	389	0.8228	500.297
35003	46715	389	0.7483	15.994
45838	46715	389	0.8972	-0.001
46715	47030	389	0.99	-0.000
39177	46715	389	0.9599	499.296
34890	34953	389	0.7126	17.021
34953	35003	389	0.874	532.317
34953	39814	389	0.7877	515.288
45839	45910	389	0.8519	-0.998
45884	45910	389	0.7366	15.023
45910	46158	389	0.7686	470.254
45884	46158	389	0.9557	485.277
35003	39814	389	0.8082	-17.028
39177	45838	389	0.8601	499.297
39177	47030	389	0.9504	499.296
35003	45838	389	0.8337	15.995
45838	45839	389	0.7966	-500.298
45838	47030	389	0.8984	-0.001
35003	47030	389	0.744	15.994
56034	56073	391	0.9835	-0.477
55409	56245	393	0.9874	68.706
55524	56245	393	0.9794	10.005
55615	56245	393	0.9822	-34.022
55416	55439	393	0.9832	21.511
55416	55484	393	0.9859	44.025
55416	55689	393	0.9808	502.996
55416	56082	393	0.9815	-73.047
55416	56158	393	0.9834	14.503
55409	55446	393	0.9815	14.342
55446	55549	393	0.9838	58.701
55446	55583	393	0.9857	73.376
55446	55659	393	0.9841	102.727
55446	55969	393	0.9808	70.798
55446	56308	393	0.9845	83.380
55352	55439	393	0.9793	88.052
55352	55480	393	0.984	110.063
55352	55817	393	0.9818	627.903
55352	56158	393	0.982	81.044
55583	55659	393	0.9817	29.351
55659	56158	393	0.9838	-473.482
55659	56308	393	0.9806	-19.347
55220	56158	393	0.9856	-532.858
55439	56158	393	0.9862	-7.008
55480	56158	393	0.9834	-29.019
55484	56158	393	0.9797	-29.522
55689	56158	393	0.9797	-488.493
55514	55583	393	0.9793	393.100
55583	55996	393	0.9793	8.428
55583	56308	393	0.9889	10.004
55439	55480	393	0.9836	22.012
55439	55817	393	0.9814	539.851
55484	56082	393	0.9841	-117.072
55480	55689	393	0.9798	459.473
55480	55817	393	0.981	517.840
55409	55549	393	0.9868	73.043
55549	56308	393	0.9846	24.679
36411	55409	393	0.9824	-202.816
55409	56308	393	0.9848	97.722
55969	56082	393	0.9852	-529.104
3533	8642	394	0.9296	-0.001
4761	5821	395	0.9225	0.001
5821	6803	395	0.9281	-0.002
5821	8790	395	0.9563	-0.000
4761	8790	395	0.9201	0.000
6803	8790	395	0.9494	0.001
4761	6803	395	0.9258	-0.001
21082	23490	396	0.7926	-590.852
23490	35421	396	0.7641	325.169
29587	34825	396	0.868	8.011
29893	34825	396	0.8276	7.509
30042	34825	396	0.841	742.903
30112	34825	396	0.8947	-0.502
34119	34825	396	0.942	-0.501
34266	34825	396	0.8386	8.012
34296	34825	396	0.903	742.905
34825	36059	396	0.8566	-742.903
34825	36060	396	0.8511	-7.509
34825	36134	396	0.9064	0.501
29587	30042	396	0.8047	-734.892
29893	30042	396	0.7762	-735.393
30042	30112	396	0.8076	743.405
30042	34119	396	0.8828	743.404
30042	34296	396	0.8349	-0.002
30042	36059	396	0.8091	-0.001
30042	36060	396	0.7911	735.393
30042	36134	396	0.937	743.404
34266	35421	396	0.803	0.455
29587	36134	396	0.8716	8.512
29893	36134	396	0.8381	8.011
30112	36134	396	0.8714	-0.001
34119	36134	396	0.9567	0.000
34266	36134	396	0.8498	8.514
34296	36134	396	0.9105	743.406
36059	36134	396	0.8731	743.405
36060	36134	396	0.8554	8.011
29587	30112	396	0.9024	8.513
29893	30112	396	0.8506	8.012
30112	34119	396	0.9051	-0.002
30112	34266	396	0.8678	-8.515
30112	34296	396	0.8918	-743.407
30112	36059	396	0.9026	-743.406
30112	36060	396	0.8673	-8.012
29587	29893	396	0.9355	0.502
29893	34119	396	0.8265	8.010
29893	34266	396	0.829	-0.503
29893	34296	396	0.8635	-735.395
29893	36059	396	0.9362	-735.394
29893	36060	396	0.9634	0.000
29587	34266	396	0.8727	-0.001
34119	34266	396	0.8399	-8.513
34266	34296	396	0.8648	-734.892
34266	36059	396	0.8614	-734.891
34266	36060	396	0.8402	0.503
29587	34119	396	0.8582	8.512
34119	34296	396	0.93	-743.405
34119	36059	396	0.8765	-743.404
34119	36060	396	0.8531	-8.010
29587	36060	396	0.9488	0.502
34296	36060	396	0.8636	735.395
36059	36060	396	0.9531	735.394
29587	34296	396	0.8799	-734.894
29587	36059	396	0.9567	-734.892
34296	36059	396	0.8972	0.001
2181	5006	397	0.9692	-0.001
2191	5006	397	0.8878	131.094
2181	2191	397	0.8868	-131.095
20757	23535	398	0.9293	0.001
8245	10945	400	0.9479	395.229
15389	17701	401	0.8576	-0.459
15647	17701	401	0.9845	-0.000
16663	17701	401	0.9432	0.042
16914	17701	401	0.9814	378.701
17290	17701	401	0.8872	0.502
15389	15647	401	0.8843	-0.459
15647	16663	401	0.9557	-0.042
15647	16914	401	0.9812	-378.701
15647	17290	401	0.9072	-0.502
13987	16369	401	0.9811	329.166
15389	16663	401	0.9034	-0.501
15389	16914	401	0.8632	-379.160
15389	17290	401	0.901	-0.961
15389	17497	401	0.9087	-378.242
13987	16914	401	0.875	-99.069
16663	16914	401	0.931	-378.659
16914	17290	401	0.8932	378.199
16663	17290	401	0.9439	-0.460
12020	13491	402	0.8318	-14.015
33793	43005	404	0.8811	15.994
33999	43005	404	0.9143	0.000
43005	43731	404	0.9427	0.001
43005	44290	404	0.9369	0.001
43005	44812	404	0.9768	0.000
43731	44290	404	0.9627	0.000
44290	44812	404	0.956	-0.001
44290	48685	404	0.8989	15.995
43985	44778	404	0.9089	0.000
43985	44812	404	0.8871	-14.016
44812	48685	404	0.8809	15.995
33793	35194	404	0.9949	-0.000
33999	43731	404	0.9542	0.001
43731	44812	404	0.9233	-0.001
15527	16646	405	0.9745	0.000
13265	13274	406	0.7938	962.007
13265	15229	406	0.8919	530.306
52942	53937	407	0.9663	29.516
17427	28927	408	0.771	-18.021
17427	31783	408	0.7646	-18.023
14915	16882	408	0.8948	1.003
14917	16882	408	0.9609	-0.000
15074	16882	408	0.8425	-26.016
16065	16882	408	0.9767	0.002
16882	28927	408	0.7763	-76.032
12832	13939	408	0.8514	-114.087
12832	15074	408	0.9446	-113.084
13939	14915	408	0.8084	-26.017
13939	15074	408	0.9226	1.003
14917	15074	408	0.8388	26.016
15074	16065	408	0.8419	-26.017
26359	28927	408	0.8887	787.442
26359	31783	408	0.798	787.440
14915	16065	408	0.8873	1.002
14917	16065	408	0.9674	-0.002
16065	28927	408	0.7647	-76.031
28927	31783	408	0.9083	-0.002
31783	33850	408	0.8569	0.000
28927	33850	408	0.785	-0.002
14915	14917	408	0.9081	1.004
13142	14476	413	0.8446	-99.071
13108	13142	413	0.7484	0.951
2902	5857	414	0.953	0.000
30940	31326	415	0.9175	-660.407
31326	32469	415	0.9411	660.407
31326	32617	415	0.9181	660.909
26388	31326	415	0.8691	-0.002
30940	32469	415	0.9533	0.000
32469	32617	415	0.9106	0.502
26388	32469	415	0.8629	660.405
30940	32617	415	0.9654	0.502
26388	32617	415	0.9377	660.906
26388	30940	415	0.9075	660.404
30712	36890	416	0.8184	-0.001
31754	36890	416	0.8248	-0.502
34431	36890	416	0.8877	0.001
36776	36890	416	0.7737	-0.502
31616	35815	416	0.8411	-0.501
31653	35815	416	0.8574	-0.001
35815	37598	416	0.8282	0.501
35815	38026	416	0.9253	0.001
30712	36776	416	0.8386	0.501
31754	36776	416	0.8744	-0.000
34431	36776	416	0.8237	0.503
30712	34431	416	0.853	-0.002
31754	34431	416	0.8155	-0.503
30712	31754	416	0.8609	0.501
31616	34667	416	0.7184	-821.390
31754	34667	416	0.8825	-819.950
31616	37598	416	0.9535	-0.000
31616	38026	416	0.8671	-0.500
37598	38026	416	0.8476	-0.500
31653	38026	416	0.9279	-0.000
756	1315	421	0.775	-111.032
756	42042	421	0.878	-60.075
21110	23890	422	0.8594	-0.002
20868	24035	423	0.9585	0.000
455	836	425	0.8612	-16.158
468	836	425	0.8654	-0.184
1801	2256	426	0.8348	0.000
1801	3621	426	0.8433	0.000
1801	4209	426	0.9784	242.150
1801	4686	426	0.8249	-0.001
1801	5004	426	0.9785	242.150
1801	6624	426	0.7998	154.111
1801	7836	426	0.8121	154.111
1801	8579	426	0.8066	128.095
1801	9196	426	0.7929	154.110
1102	4209	426	0.8293	242.151
2256	4209	426	0.8571	242.150
3621	4209	426	0.8499	242.150
4209	4686	426	0.8498	-242.151
4209	5004	426	0.9739	-0.000
1102	2256	426	0.9601	0.001
1102	3621	426	0.9497	0.001
1102	4686	426	0.9452	0.000
1102	5004	426	0.8173	242.151
1102	6175	426	0.8555	-0.947
1102	8173	426	0.872	-0.948
1102	11294	426	0.8755	-0.947
1392	9196	426	0.829	15.995
5617	9196	426	0.8897	-0.001
6624	9196	426	0.9496	-0.000
7836	9196	426	0.9513	-0.000
8579	9196	426	0.8946	26.015
1392	6624	426	0.8556	15.995
5617	6624	426	0.9181	-0.000
6624	7836	426	0.9792	-0.000
6624	8579	426	0.9084	-26.016
2256	11294	426	0.8945	-0.948
3621	11294	426	0.8938	-0.949
4517	11294	426	0.8948	-0.000
4686	11294	426	0.8861	-0.948
6175	11294	426	0.8219	-0.001
8173	11294	426	0.9746	0.000
2256	3621	426	0.9702	0.000
3621	4686	426	0.9698	-0.001
3621	5004	426	0.8359	242.150
3621	6175	426	0.8517	-0.948
3621	8173	426	0.8996	-0.949
4517	8173	426	0.8967	-0.001
1392	5617	426	0.7932	15.996
4522	5617	426	0.8584	-0.001
5617	7836	426	0.9103	-0.000
5617	8579	426	0.8625	-26.016
1392	7836	426	0.8596	15.995
1392	8579	426	0.871	-10.020
2256	4686	426	0.9636	-0.001
2256	5004	426	0.8331	242.150
2256	6175	426	0.8556	-0.948
2256	8173	426	0.894	-0.949
2256	8579	426	0.8298	128.095
4686	5004	426	0.8321	242.151
4686	8579	426	0.8229	128.096
7836	8579	426	0.9002	-26.016
4686	6175	426	0.8523	-0.947
4686	8173	426	0.889	-0.948
50808	51033	428	0.9653	-44.027
55252	56036	429	0.9637	-653.930
55451	56036	429	0.9721	-606.651
55252	55451	429	0.986	-47.279
35538	40676	430	0.9177	-1053.066
48153	48155	431	0.8466	-41.027
20796	21129	432	0.9613	-562.290
20796	21269	432	0.9405	-0.979
20796	23874	432	0.9019	-9.493
20796	24221	432	0.9578	-562.292
20796	24256	432	0.9625	-0.001
20796	24295	432	0.9385	-579.318
21129	24221	432	0.9745	-0.002
21269	24221	432	0.9596	-561.313
23874	24221	432	0.9232	-552.799
24221	24256	432	0.9343	562.291
24221	24295	432	0.9236	-17.027
24221	24804	432	0.9248	561.313
21129	24295	432	0.9011	-17.029
21269	24295	432	0.9037	-578.340
23874	24295	432	0.9199	-569.826
24256	24295	432	0.9534	-579.318
21129	23874	432	0.9283	552.797
21269	23874	432	0.9513	-8.514
23874	24256	432	0.9184	9.492
21129	24256	432	0.9346	562.289
21269	24256	432	0.9276	0.978
21129	21269	432	0.9665	561.311
21129	24804	432	0.9378	561.311
21269	24804	432	0.9047	0.000
12222	14658	434	0.7495	15.996
11728	14658	434	0.855	-113.084
56015	56511	436	0.986	66.039
56486	56511	436	0.986	44.026
55763	56702	436	0.986	125.071
56015	56702	436	0.9805	-7.008
55748	55763	436	0.9794	-22.013
56015	56486	436	0.983	22.013
48088	48879	438	0.918	-281.183
46989	48088	438	0.9094	-220.132
47398	48088	438	0.922	-176.106
47854	48088	438	0.9634	-88.054
45542	47854	438	0.9208	-220.129
46508	47854	438	0.9224	-176.104
46989	47854	438	0.9072	-132.079
47398	47854	438	0.9108	-88.053
44704	47854	438	0.9294	-264.156
48543	54563	438	0.932	172.127
48833	54563	438	0.9171	260.179
40141	46851	438	0.997	-413.263
42647	46851	438	0.9275	-325.209
43716	46851	438	0.9521	-281.184
44282	46851	438	0.9342	-237.158
46989	47398	438	0.954	-44.026
47398	48091	438	0.9134	-132.079
42647	47398	438	0.936	-14.014
48091	48833	438	0.9252	-237.158
40141	42647	438	0.9242	-88.054
40141	43716	438	0.9474	-132.079
40141	44282	438	0.931	-176.105
41477	42647	438	0.9258	-44.027
42647	43716	438	0.9197	-44.025
42647	44282	438	0.944	-88.051
42647	45312	438	0.9241	-132.080
45542	46508	438	0.9709	-44.025
44704	45542	438	0.9128	-44.027
41477	46989	438	0.8989	-14.016
44704	46989	438	0.9043	-132.077
41477	45312	438	0.9968	-176.108
43716	44282	438	0.956	-44.027
54942	55050	439	0.9551	12.001
47975	47989	440	0.9147	409.292
47987	47989	440	0.9676	408.288
13259	13381	441	0.8644	-1.003
4578	7326	442	0.9158	-0.001
4578	10191	442	0.8852	-417.716
4578	10418	442	0.7574	28.510
7326	10191	442	0.9249	-417.716
7326	10418	442	0.7943	28.511
10191	10418	442	0.7671	446.227
9880	11692	443	0.926	-228.112
10478	11692	443	0.9923	-0.001
10569	11692	443	0.9744	-24.022
1459	2334	443	0.9404	-0.000
2334	3838	443	0.9975	0.000
2334	10666	443	0.8473	-23.016
1459	3838	443	0.9424	0.000
3838	10666	443	0.8499	-23.016
9880	10478	443	0.924	-228.111
9880	10569	443	0.941	-204.090
9880	10666	443	0.9372	17.027
10478	10569	443	0.9758	24.021
10569	10666	443	0.8187	221.116
10478	10666	443	0.8023	245.138
1459	10666	443	0.8121	-23.016
15856	16840	444	0.962	-88.053
16840	17332	444	0.9611	-44.025
21342	23189	445	0.9109	-0.002
56295	56312	446	0.9797	-953.127
46663	46986	447	0.9219	-0.000
46663	47316	447	0.8791	0.000
46663	47546	447	0.961	-0.000
39461	40173	447	0.9229	0.000
40173	47316	447	0.8841	0.000
39461	47316	447	0.8979	0.000
46986	47546	447	0.9051	-0.000
47316	47546	447	0.8961	-0.000
18515	20099	450	0.974	-0.001
18515	21993	450	0.9709	-0.001
20099	21993	450	0.9762	0.000
27630	29723	452	0.9268	609.841
27706	29723	452	0.9088	0.000
28603	29723	452	0.9094	8.013
29254	29723	452	0.9239	8.012
29369	29723	452	0.9229	-0.501
29723	31068	452	0.9282	-8.012
24303	29723	452	0.9053	609.839
26331	29723	452	0.9492	626.868
29254	29369	452	0.9142	8.513
24314	29254	452	0.9609	618.853
26331	29254	452	0.9081	618.856
24314	29369	452	0.9223	627.367
24303	26331	452	0.9173	-17.030
24303	27630	452	0.9636	-0.003
24303	27706	452	0.9578	609.838
24303	28603	452	0.9442	601.826
24303	29369	452	0.9199	610.340
24303	31068	452	0.9197	601.826
26331	27630	452	0.9395	17.027
26331	27706	452	0.904	626.868
26331	28603	452	0.9263	618.856
26331	29369	452	0.9383	627.370
26331	31068	452	0.9472	618.856
27630	27706	452	0.9302	609.841
27630	28603	452	0.9769	601.829
27630	29369	452	0.9423	610.343
27630	31068	452	0.9412	601.829
27706	28603	452	0.901	-8.012
28603	29369	452	0.9215	8.514
28603	31068	452	0.9316	0.000
27706	29369	452	0.9058	0.502
29369	31068	452	0.9436	-8.514
5678	10828	453	0.8906	-48.000
8395	10828	453	0.9134	-33.984
10356	10828	453	0.9262	-33.984
4760	62668	453	0.9441	0.000
49465	62668	453	0.9464	0.001
52849	62668	453	0.9717	0.000
1843	5678	453	0.9393	-28.031
3307	5678	453	0.9753	0.000
5132	5678	453	0.9777	0.000
5678	8395	453	0.9371	-14.016
5678	10356	453	0.9526	-14.016
1455	6205	453	0.9196	-1.004
2430	6205	453	0.9258	-1.004
3181	6205	453	0.937	-1.004
3423	6205	453	0.9774	-0.000
4760	6205	453	0.9522	-1.004
5155	6205	453	0.9439	-1.255
5836	6205	453	0.9216	-1.004
6205	6681	453	0.9518	1.255
6205	9496	453	0.9752	-0.000
6205	49465	453	0.946	1.003
1455	6681	453	0.9574	0.252
2430	6681	453	0.9488	0.252
3181	6681	453	0.9621	0.251
3423	6681	453	0.9424	1.255
4351	6681	453	0.9544	0.000
4760	6681	453	0.9851	0.252
5155	6681	453	0.9741	0.000
5836	6681	453	0.9717	0.252
6681	49465	453	0.9692	-0.252
1455	3181	453	0.957	0.000
2430	3181	453	0.9908	0.000
3181	4760	453	0.9609	-0.000
3181	5155	453	0.986	0.251
3181	5836	453	0.922	-0.000
3181	9496	453	0.9177	-1.004
3181	49465	453	0.9492	-0.001
1455	4760	453	0.9507	-0.000
2430	4760	453	0.9398	-0.000
4351	4760	453	0.9377	-0.252
4760	5155	453	0.9602	0.252
4760	5836	453	0.9543	0.000
4760	49465	453	0.9733	-0.000
3423	4351	453	0.9197	1.255
3423	5836	453	0.929	1.004
3423	9496	453	0.9706	-0.000
3423	49465	453	0.9312	1.003
711	1695	453	0.8822	-0.123
711	3307	453	0.8892	-42.171
1843	5132	453	0.9357	-28.031
3307	5132	453	0.9766	0.000
5132	8395	453	0.9364	-14.015
5132	10356	453	0.9497	-14.016
1455	5836	453	0.9364	-0.000
4351	5836	453	0.9822	-0.252
5155	5836	453	0.9511	-0.252
5836	9496	453	0.9238	-1.004
5836	49465	453	0.9355	-0.001
1843	3307	453	0.9412	-28.032
1843	8395	453	0.9135	-42.047
1843	10356	453	0.93	-42.047
1455	2430	453	0.949	-0.000
2430	5155	453	0.9885	0.252
2430	49465	453	0.9265	-0.001
1455	4351	453	0.9275	0.251
4351	5155	453	0.9362	0.000
4351	9496	453	0.915	-1.256
1455	5155	453	0.9597	0.252
5155	9496	453	0.9356	-1.256
5155	49465	453	0.9471	-0.252
3307	8395	453	0.934	-14.015
3307	10356	453	0.9448	-14.016
1455	10356	453	0.9252	-16.032
8395	10356	453	0.9729	-0.001
1455	49465	453	0.9237	-0.001
41010	41203	454	0.924	-1262.701
23671	23800	455	0.8719	785.905
23800	29225	455	0.8417	-49.534
23671	28298	455	0.8647	785.904
34746	35658	455	0.9095	-0.000
26621	28443	455	0.9664	0.502
26621	29250	455	0.8631	-57.513
28443	29250	455	0.8862	-58.015
29250	35658	455	0.867	8.481
29225	34475	455	0.8582	-0.001
33620	34475	455	0.8998	0.003
34475	35658	455	0.8957	0.502
33620	35658	455	0.9556	0.505
29225	33840	455	0.8586	-835.444
33840	35658	455	0.8475	835.945
23896	33383	458	0.8059	32.027
3281	10635	458	0.7762	28.990
4965	10635	458	0.8211	28.990
5221	10635	458	0.8477	12.001
5507	10635	458	0.7661	-71.038
7440	10635	458	0.8257	12.001
8482	10635	458	0.7756	-71.036
9541	10635	458	0.8052	12.000
10457	10635	458	0.8465	15.995
10635	12540	458	0.7517	-246.101
33383	37396	458	0.8621	-0.001
4965	37396	458	0.8226	-194.132
8293	37396	458	0.8476	-194.132
13789	37396	458	0.7634	1.034
3281	12540	458	0.7961	-217.111
4965	12540	458	0.8087	-217.111
6862	12540	458	0.8364	-217.111
7440	12540	458	0.7701	-234.099
8293	12540	458	0.7614	-217.111
10457	12540	458	0.7914	-230.106
12540	13789	458	0.7557	21.945
12540	17268	458	0.824	1.033
3281	33383	458	0.8507	-194.131
4965	33383	458	0.846	-194.131
6862	33383	458	0.8808	-194.131
8293	33383	458	0.8456	-194.131
13789	33383	458	0.8276	1.035
16797	33383	458	0.8095	114.117
3281	4965	458	0.9367	0.000
4965	5221	458	0.8598	16.990
4965	6862	458	0.9492	-0.000
4965	7440	458	0.8511	16.989
4965	8293	458	0.8819	-0.000
4965	9541	458	0.8124	16.990
3281	10457	458	0.7657	12.995
5221	10457	458	0.8634	-3.995
5507	10457	458	0.7704	-87.033
7440	10457	458	0.8226	-3.994
8482	10457	458	0.7706	-87.031
9541	10457	458	0.7997	-3.995
5221	5507	458	0.8127	83.038
5507	6640	458	0.741	-89.012
5507	7249	458	0.9488	-0.000
5507	8482	458	0.957	-0.001
6862	16797	458	0.7966	-308.248
6862	13789	458	0.8021	-195.166
8293	13789	458	0.7665	-195.166
3281	5221	458	0.8479	16.990
5221	6862	458	0.857	-16.990
5221	7440	458	0.9253	-0.001
5221	8293	458	0.7933	-16.990
5221	8482	458	0.8115	83.037
5221	9541	458	0.8845	0.000
3281	6862	458	0.9713	0.000
6862	7440	458	0.8627	16.989
6862	8293	458	0.8962	-0.000
6862	9541	458	0.8227	16.990
7249	8482	458	0.9607	-0.001
7440	8482	458	0.7836	83.038
8482	9541	458	0.746	-83.037
3281	9541	458	0.8019	16.990
7440	9541	458	0.9307	0.001
8293	9541	458	0.7855	16.990
3281	7440	458	0.8656	16.989
7440	8293	458	0.8306	-16.989
3281	8293	458	0.889	-0.000
57971	61604	459	0.8277	2.016
60958	61604	459	0.8671	2.015
57971	60958	459	0.8744	0.001
5383	7915	460	0.8701	0.000
31134	31248	462	0.7807	63.069
5272	9900	463	0.8788	-0.000
5732	9900	463	0.7859	-64.064
8493	9900	463	0.8643	0.001
8716	9900	463	0.7505	-64.064
5272	6764	463	0.7732	-0.000
5732	6764	463	0.7234	-64.064
6764	8493	463	0.7727	-0.001
6764	8716	463	0.7343	64.064
5272	7104	463	0.7133	64.064
5732	7104	463	0.8748	-0.001
7104	8716	463	0.8557	0.000
5272	8716	463	0.7718	64.064
5732	8716	463	0.9274	-0.001
8493	8716	463	0.7596	64.064
5272	8493	463	0.9776	-0.001
5732	8493	463	0.7656	-64.065
5272	5732	463	0.7718	64.064
47990	48487	465	0.8107	-0.002
48012	48487	465	0.9415	1.001
48487	48684	465	0.8366	0.002
34930	45290	465	0.8489	51.033
45290	45388	465	0.8151	-466.367
45290	45694	465	0.7552	-466.367
45290	45710	465	0.8431	-1.058
34930	40071	465	0.7858	-0.001
40071	45710	465	0.7514	49.976
45388	45694	465	0.9306	0.001
45388	45710	465	0.7339	465.309
48003	48481	465	0.9557	-0.002
48012	48481	465	0.7039	409.289
48481	48700	465	0.8843	0.001
47990	48684	465	0.9545	-0.000
48012	48684	465	0.7835	1.003
45694	45710	465	0.7256	465.309
47990	48012	465	0.769	-1.003
45710	48700	465	0.723	57.023
48003	48700	465	0.926	-0.000
34930	45710	465	0.8047	49.975
9173	9386	468	0.8119	-0.872
5650	9173	468	0.8273	-0.002
33583	36452	470	0.996	-29.350
36452	42664	470	0.9949	-152.430
33583	42664	470	0.9948	-181.780
36548	42016	471	0.9838	-526.499
24109	27368	473	0.9666	0.000
24200	24201	473	0.9516	17.027
24200	25911	473	0.9406	-28.033
24200	25913	473	0.9409	17.026
24200	26863	473	0.978	-0.001
24200	27368	473	0.9523	-28.032
24201	25911	473	0.9098	-45.059
24201	25913	473	0.9932	-0.001
24201	26863	473	0.9563	-17.027
24201	27368	473	0.9149	-45.059
25913	26863	473	0.9415	-17.026
25911	26863	473	0.9443	28.032
26863	27368	473	0.9647	-28.031
25911	27368	473	0.9838	0.001
2762	4159	475	0.9108	0.000
4159	5217	475	0.8754	-0.000
4159	6481	475	0.9561	-0.000
4159	7753	475	0.9403	-0.000
4159	9262	475	0.934	-0.000
1031	2040	475	0.9187	-222.618
1031	2762	475	0.8083	-68.208
1031	6188	475	0.8099	-222.618
1031	9288	475	0.8314	0.000
2990	3937	475	0.8055	-337.171
3937	4146	475	0.8182	337.172
3937	7776	475	0.8215	337.171
3937	7825	475	0.9106	386.706
3937	8897	475	0.8121	337.691
5217	6481	475	0.8456	-0.000
5217	7753	475	0.8979	0.000
5217	9262	475	0.8026	0.000
2762	7753	475	0.8723	-0.000
6481	7753	475	0.9299	0.000
7753	9262	475	0.8937	-0.000
2990	9443	475	0.8568	-0.002
4004	9443	475	0.8098	-0.522
4146	9443	475	0.8506	-0.003
5113	9443	475	0.8186	-0.003
6504	9443	475	0.8566	-0.001
7776	9443	475	0.913	-0.002
8897	9443	475	0.8802	-0.521
2762	9262	475	0.9469	-0.000
2990	9262	475	0.8033	145.414
6481	9262	475	0.9421	0.000
3750	7776	475	0.8132	7.997
2990	6504	475	0.8853	-0.001
4004	6504	475	0.8635	-0.521
4146	6504	475	0.9129	-0.002
5113	6504	475	0.8384	-0.002
6504	7776	475	0.9285	0.001
6504	8897	475	0.8847	0.520
2040	9288	475	0.8589	222.618
6188	9288	475	0.9572	222.618
2990	7776	475	0.9363	-0.000
4004	7776	475	0.8865	-0.520
4146	7776	475	0.9541	-0.001
5113	7776	475	0.8442	-0.001
7776	7825	475	0.8315	49.535
7776	8897	475	0.9441	0.520
2762	2990	475	0.8108	-145.414
2762	4146	475	0.8229	-145.413
2762	6481	475	0.9404	-0.000
2990	4146	475	0.9456	0.001
4004	4146	475	0.8988	-0.519
4146	5113	475	0.8196	-0.000
4146	7825	475	0.8462	49.533
4146	8897	475	0.9396	0.518
5113	8897	475	0.8211	0.519
2040	6188	475	0.8273	0.000
2990	4004	475	0.8919	0.520
4004	8897	475	0.8963	-0.000
2990	7825	475	0.8272	49.535
7825	8897	475	0.826	-49.015
2990	8897	475	0.9424	0.519
17483	21228	476	0.7061	-0.002
14840	17483	476	0.8045	-262.130
17483	22666	476	0.7256	114.042
22666	23362	476	0.7241	99.067
542	557	477	0.922	0.163
1826	11576	478	0.8593	-113.085
35154	36293	480	0.8204	0.002
2513	3992	481	0.9477	-0.000
3005	4611	482	0.8915	-0.001
3105	4611	482	0.7681	-87.032
4315	4611	482	0.8032	-87.032
4611	5106	482	0.7912	87.032
4611	6482	482	0.7809	87.032
4611	6983	482	0.7328	304.146
4611	7016	482	0.9681	-0.000
4611	8577	482	0.817	87.032
4611	9516	482	0.8881	-0.000
4611	10312	482	0.8078	87.032
3005	3045	482	0.7603	304.145
3045	4994	482	0.8693	0.000
3045	5889	482	0.9158	-304.146
3045	6983	482	0.8955	-0.000
3045	8910	482	0.9092	-0.000
3045	9560	482	0.7397	-0.018
3187	9560	482	0.7958	-0.001
4484	9560	482	0.8089	-0.000
5889	9560	482	0.7134	304.128
6852	9560	482	0.7527	-0.000
6983	9560	482	0.7529	-0.018
8910	9560	482	0.7388	-0.018
9560	12279	482	0.7194	-415.196
3187	4484	482	0.958	-0.000
3187	6852	482	0.9051	-0.000
3187	12279	482	0.7495	-415.196
3105	6482	482	0.8828	-0.000
4315	6482	482	0.9378	-0.000
5106	6482	482	0.9328	-0.000
6482	7016	482	0.7549	-87.033
6482	8577	482	0.9458	-0.001
6482	9516	482	0.7483	-87.032
6482	10312	482	0.9591	-0.001
3005	3105	482	0.7674	87.031
3105	4315	482	0.9389	-0.000
3105	5106	482	0.9438	-0.000
3105	7016	482	0.7622	-87.033
3105	8577	482	0.9363	-0.001
3105	10312	482	0.8903	-0.001
4484	12279	482	0.7379	-415.196
6852	12279	482	0.7425	-415.196
11021	12279	482	0.7781	0.000
11921	12279	482	0.8257	228.112
12279	12281	482	0.7619	-0.001
11021	12281	482	0.9445	-0.000
4994	5889	482	0.9312	-304.147
5889	6983	482	0.9536	304.146
5889	8910	482	0.9511	304.146
3005	6983	482	0.7235	304.145
4994	6983	482	0.9205	-0.000
6983	7016	482	0.7469	-304.147
6983	8910	482	0.9404	0.000
3005	4315	482	0.7589	87.031
3005	5106	482	0.7544	87.031
3005	7016	482	0.9077	-0.001
3005	8577	482	0.7698	87.031
3005	9516	482	0.8072	-0.001
3005	10312	482	0.7278	87.031
4315	8577	482	0.9856	-0.001
5106	8577	482	0.9719	-0.001
7016	8577	482	0.8037	87.032
8577	9516	482	0.7156	-87.032
8577	10312	482	0.946	0.000
4994	8910	482	0.9427	-0.000
4315	5106	482	0.9745	0.000
5106	7016	482	0.7686	-87.033
5106	10312	482	0.9343	-0.001
4484	6852	482	0.894	-0.000
4315	10312	482	0.9464	-0.001
7016	10312	482	0.7822	87.032
9516	10312	482	0.7416	87.032
4315	7016	482	0.7848	-87.033
4315	9516	482	0.7019	-87.033
7016	9516	482	0.8737	0.000
27679	28163	485	0.904	13.978
27679	33203	485	0.9718	-0.000
28163	33203	485	0.934	-13.979
13777	16296	486	0.9774	-14.052
46040	47223	491	0.9693	-0.002
3442	5520	492	0.9103	-0.001
4648	5520	492	0.9301	-0.000
5520	8129	492	0.8912	-0.000
2566	4623	492	0.9665	266.143
3442	4623	492	0.8269	266.143
4623	4648	492	0.8297	-266.143
4623	5508	492	0.9428	-266.143
4623	8127	492	0.8522	-266.143
2566	3442	492	0.7981	0.000
3442	4648	492	0.9716	-0.000
3442	8129	492	0.8585	-0.001
2566	8127	492	0.8552	0.000
5508	8127	492	0.8314	0.000
2566	4648	492	0.7992	-0.000
4648	5508	492	0.7952	0.000
4648	8129	492	0.8836	-0.001
2566	5508	492	0.9341	0.000
31098	31153	495	0.9173	-0.505
13970	17124	496	0.8654	0.001
13973	17124	496	0.8623	0.336
16600	17124	496	0.9106	0.336
17124	17415	496	0.8608	-0.668
17124	17614	496	0.8768	-0.335
17124	17782	496	0.8573	-0.000
13973	17614	496	0.8303	0.001
16600	17614	496	0.8741	0.001
17415	17614	496	0.8617	0.333
17614	17782	496	0.8885	0.334
17171	17312	496	0.8274	-0.335
17312	17782	496	0.8299	-43.345
16600	17782	496	0.8269	0.335
13970	13973	496	0.9224	-0.335
13973	16600	496	0.8951	0.000
13973	17415	496	0.849	-0.332
13970	16600	496	0.9004	-0.335
16600	17415	496	0.887	-0.332
13970	17415	496	0.8611	-0.667
5109	11260	497	0.8378	-323.155
8718	11260	497	0.9707	-323.155
11260	13175	497	0.7292	15.994
5109	8718	497	0.8451	-0.000
50685	53993	499	0.8875	-0.000
4163	4972	503	0.9672	-0.000
4163	6128	503	0.9574	0.000
4972	6128	503	0.9733	0.000
3524	5133	504	0.8938	0.000
5133	6826	504	0.9531	0.000
5133	8211	504	0.9289	-0.000
3192	3524	504	0.8145	1.001
3524	6826	504	0.8085	0.000
6826	8211	504	0.9598	-0.000
13888	17093	505	0.7977	128.095
14481	17093	505	0.8	310.165
15601	17093	505	0.7844	310.165
16175	17093	505	0.8519	99.070
17093	17410	505	0.7892	-99.073
14626	14924	505	0.8319	14.046
14481	15601	505	0.9564	0.000
15601	16175	505	0.8399	211.095
15601	17410	505	0.8045	211.092
14924	16717	505	0.8653	0.000
13888	14924	505	0.7863	-296.118
14481	16175	505	0.8557	211.095
14924	16175	505	0.7874	325.143
16175	17410	505	0.9583	-0.002
14481	17410	505	0.8192	211.093
14481	14924	505	0.7871	-114.048
7487	10045	507	0.9542	0.000
8356	10045	507	0.9081	230.164
507	6427	507	0.8823	-53.111
507	7487	507	0.8963	-53.111
6427	7344	507	0.93	2.015
7344	7487	507	0.8963	-2.016
6427	8356	507	0.9308	-230.164
6431	8356	507	0.9564	-0.001
7487	8356	507	0.9418	-230.164
8356	9964	507	0.9725	0.000
6427	6431	507	0.9102	-230.163
6427	7487	507	0.9383	-0.000
6427	9964	507	0.9419	-230.164
6431	7487	507	0.9183	230.163
6431	9964	507	0.9508	-0.000
7487	9964	507	0.9414	-230.163
56592	56612	508	0.972	17.026
45917	47486	509	0.9188	17.027
38188	43704	511	0.9809	483.555
18034	25431	512	0.8456	-99.068
20132	25431	512	0.9136	-99.068
20960	25431	512	0.9557	-0.002
23709	25431	512	0.9556	-0.000
23716	25431	512	0.8238	2.007
24220	25431	512	0.886	1.005
24489	25431	512	0.9305	-0.001
15082	25431	512	0.8006	-113.085
16129	25431	512	0.8247	-113.084
17121	25431	512	0.8057	-113.085
18034	20132	512	0.9317	0.000
20132	20960	512	0.8832	-99.067
20132	23709	512	0.87	-99.068
20132	23716	512	0.7554	-101.075
20132	24220	512	0.7963	-100.073
20132	24489	512	0.8459	-99.067
20960	24220	512	0.8844	-1.006
23709	24220	512	0.8883	-1.005
23716	24220	512	0.8212	1.002
24220	24489	512	0.9142	1.006
18034	23709	512	0.8038	-99.068
20960	23709	512	0.9641	-0.002
23709	23716	512	0.7843	-2.007
23709	24489	512	0.9622	0.001
15082	23709	512	0.8145	-113.085
16129	23709	512	0.8424	-113.084
17121	23709	512	0.8205	-113.085
20960	23716	512	0.7776	-2.008
23716	24489	512	0.7819	2.008
15082	16129	512	0.9738	-0.001
16129	17121	512	0.9885	0.001
16129	20960	512	0.8677	-113.083
16129	24489	512	0.868	-113.083
18034	20960	512	0.8337	-99.067
20960	24489	512	0.9724	-0.001
15082	20960	512	0.8455	-113.084
17121	20960	512	0.8497	-113.083
18034	24489	512	0.7877	-99.067
15082	17121	512	0.9811	-0.000
15082	24489	512	0.8397	-113.084
17121	24489	512	0.8478	-113.084
38664	45871	515	0.782	0.001
38664	47006	515	0.8764	0.000
45871	47273	515	0.8423	-0.001
46690	47273	515	0.8672	-0.000
45871	46690	515	0.8528	-0.001
46690	47006	515	0.8721	-0.000
46690	47506	515	0.8768	-0.000
45871	47006	515	0.8709	-0.001
45871	47506	515	0.8427	-0.001
45871	49049	515	0.7867	49.975
41004	41194	516	0.9043	-1.997
5643	8693	518	0.9652	-0.000
7127	8693	518	0.9767	-0.000
5643	7127	518	0.976	-0.000
3563	6873	519	0.8457	-0.000
7698	9812	519	0.9343	-0.018
8409	9812	519	0.8978	0.000
3563	10200	519	0.922	0.017
5062	10200	519	0.9668	-0.000
7698	10200	519	0.8512	0.000
3563	5062	519	0.9492	0.018
7698	8409	519	0.8763	-0.018
5062	7698	519	0.8501	-0.001
14727	18158	520	0.7251	-113.085
1345	3257	521	0.9768	-0.000
1682	3257	521	0.8541	128.096
1982	3257	521	0.9685	-0.000
3257	7299	521	0.9023	-57.024
1345	2880	521	0.8628	42.011
1982	2880	521	0.8583	42.011
1345	1982	521	0.983	-0.000
1682	1982	521	0.8699	128.096
1982	7299	521	0.9001	-57.024
1345	1682	521	0.8719	-128.096
1345	7299	521	0.8988	-57.024
10621	10802	524	0.9268	-391.563
10621	10807	524	0.7224	-391.561
10621	11988	524	0.9279	-0.347
10802	11988	524	0.9187	391.216
10807	11988	524	0.7566	391.214
10802	10807	524	0.7162	0.002
21135	24274	525	0.9235	-0.001
24274	24964	525	0.7865	580.285
21135	24964	525	0.839	580.284
3295	8825	526	0.9312	322.657
4568	8825	526	0.9747	322.657
5690	8825	526	0.9057	0.000
7352	8825	526	0.9613	-0.000
3295	4568	526	0.9259	-0.001
3295	5690	526	0.864	322.657
3295	7352	526	0.9085	322.657
4568	7352	526	0.9586	322.658
5690	7352	526	0.9281	0.000
4568	5690	526	0.9472	322.657
2683	5020	528	0.9691	-0.000
2683	7131	528	0.714	28.031
2683	8525	528	0.7078	28.031
5091	8525	528	0.9318	-0.002
7131	8525	528	0.9638	0.000
5020	5091	528	0.7014	28.033
5091	7131	528	0.9323	-0.002
26090	29619	529	0.9603	627.377
3470	4228	530	0.8164	0.011
131	546	531	0.965	0.280
131	566	531	0.8108	-15.694
131	580	531	0.8273	-57.679
131	596	531	0.8291	10.308
546	566	531	0.8324	-15.974
444	452	531	0.8246	67.988
452	549	531	0.7671	10.029
402	403	531	0.8049	67.987
402	546	531	0.7686	110.129
470	596	531	0.8606	0.156
546	596	531	0.7942	10.028
444	521	531	0.7952	10.029
546	549	531	0.7616	-67.988
549	580	531	0.784	10.029
470	546	531	0.8856	-9.872
470	580	531	0.8013	-67.830
546	580	531	0.8466	-57.959
3099	5117	532	0.9034	0.000
15834	17122	534	0.9708	-0.001
16324	17122	534	0.8737	-83.039
17122	17959	534	0.9782	-0.000
17122	18396	534	0.8515	83.038
18396	28360	534	0.8596	-113.088
24322	28360	534	0.9859	-0.002
16324	28360	534	0.8828	-113.090
15834	16324	534	0.8863	83.039
15834	17959	534	0.9747	-0.001
15834	18396	534	0.8584	83.037
18396	24322	534	0.888	-113.086
16324	24322	534	0.9002	-113.087
17959	18396	534	0.856	83.038
16324	17959	534	0.8803	-83.040
16324	18396	534	0.973	-0.001
36789	40884	535	0.9089	-6.002
25250	39621	537	0.9082	49.984
39431	39621	537	0.8937	17.027
39494	39621	537	0.8937	-18.011
39621	40336	537	0.9285	58.006
39621	45252	537	0.8527	-14.017
30077	39431	537	0.8601	49.985
25150	39431	537	0.787	49.985
39431	39494	537	0.8424	35.037
39431	45291	537	0.7923	-14.017
45252	45291	537	0.8701	-17.027
25150	45291	537	0.7978	35.968
43992	45291	537	0.8828	-14.016
44821	45291	537	0.8754	28.031
32347	43992	537	0.8082	49.984
25250	30077	537	0.881	-17.027
25250	40336	537	0.8698	107.990
25250	45252	537	0.8183	35.967
30077	43992	537	0.7888	49.984
25150	43992	537	0.7937	49.984
39494	43992	537	0.8137	-35.038
39494	40336	537	0.8564	39.995
39494	45252	537	0.8221	-32.028
29972	45252	537	0.8544	35.968
40336	45252	537	0.8439	-72.022
25150	30077	537	0.8152	-0.000
17207	19164	538	0.9512	-0.001
12613	13045	539	0.8777	390.684
7997	9890	540	0.9818	-0.000
12080	12996	543	0.8617	-101.047
12122	12996	543	0.7356	-129.043
12348	12996	543	0.9563	-0.000
12351	12996	543	0.7388	0.000
12996	13261	543	0.8661	18.010
12080	12348	543	0.8434	-101.047
12122	12348	543	0.7287	-129.043
12348	12351	543	0.7431	-0.001
12348	13261	543	0.857	18.010
12080	13261	543	0.808	-83.037
12122	13261	543	0.7629	-111.033
33842	33864	547	0.9167	846.462
33842	34307	547	0.9198	824.451
33842	34901	547	0.9314	846.464
28375	33864	547	0.9087	-0.505
28375	34295	547	0.9037	-802.942
34295	34749	547	0.9114	780.930
53497	53988	550	0.9886	44.026
53988	55269	550	0.9317	-14.016
53497	55269	550	0.9225	30.010
5726	8001	552	0.9687	-0.000
8001	10283	552	0.9714	-0.000
5726	10283	552	0.9726	-0.001
27210	31292	556	0.8745	813.453
31292	32331	556	0.8959	-0.500
31292	33595	556	0.9017	-0.500
27210	27228	556	0.8549	813.456
27228	32331	556	0.9165	-0.503
27228	33595	556	0.8878	-0.503
27210	32331	556	0.9222	812.953
32331	33595	556	0.956	0.000
27210	33595	556	0.9501	812.953
26136	29455	558	0.9431	-0.000
26136	36442	558	0.8823	-41.016
36442	40096	558	0.9795	-0.001
39801	43935	560	0.9213	5.341
40039	43935	560	0.884	-0.001
40059	43935	560	0.9242	-0.334
42725	43935	560	0.8889	5.341
40054	42725	560	0.8831	-11.015
40059	42725	560	0.9155	-5.675
39801	40039	560	0.903	5.341
39801	40054	560	0.8953	11.014
40054	40059	560	0.9285	-5.339
39801	40059	560	0.9317	5.675
53624	56751	563	0.9968	-189.632
25368	53624	563	0.9831	-49.569
36662	53624	563	0.9876	333.668
40115	53624	563	0.9805	289.142
25368	36662	563	0.9987	-383.238
36662	40115	563	0.9867	44.526
36662	40774	563	0.9936	22.512
36662	50110	563	0.9948	283.657
36662	56751	563	0.9904	144.036
50110	56751	563	0.9831	-139.621
25368	50110	563	0.9939	-99.581
40115	50110	563	0.9836	239.131
27782	40287	563	0.9887	443.786
37615	40287	563	0.9951	-22.012
40287	40774	563	0.9936	-43.528
27782	34374	563	0.9838	-264.155
34374	37609	563	0.9985	619.889
34374	37977	563	0.9985	751.960
34374	40774	563	0.981	664.412
56751	57197	563	0.985	3.452
27782	37977	563	0.9807	487.806
37609	37977	563	0.9958	132.072
27782	37615	563	0.9955	465.798
27782	40774	563	0.9982	400.258
37615	40774	563	0.9974	-65.540
25368	56751	563	0.9876	-239.202
40115	56751	563	0.9851	99.510
25368	40115	563	0.9872	-338.712
43295	50209	569	0.9886	119.644
43295	59335	569	0.9943	-50.730
50209	59335	569	0.9839	-170.375
20098	23308	571	0.9635	-642.341
20195	23308	571	0.9138	-641.840
23308	23564	571	0.863	633.825
23308	24045	571	0.9511	641.839
23308	24319	571	0.9561	642.342
23308	24365	571	0.9078	633.827
20098	20195	571	0.9348	-0.501
20195	23564	571	0.8224	-8.015
20195	24045	571	0.912	-0.001
20195	24319	571	0.9008	0.502
20195	24365	571	0.8559	-8.013
20098	24365	571	0.8863	-8.515
23564	24365	571	0.8851	0.001
24045	24365	571	0.9106	-8.012
24319	24365	571	0.9266	-8.515
20098	24045	571	0.9387	-0.502
23564	24045	571	0.8715	8.014
24045	24319	571	0.9628	0.503
20098	23564	571	0.8585	-8.516
23564	24319	571	0.8819	8.517
20098	24319	571	0.9307	0.001
53440	53623	572	0.8371	-35.037
53468	53623	572	0.8698	-17.027
48395	53468	572	0.9198	-23.016
53440	53468	572	0.9246	-18.010
53441	53468	572	0.822	1.004
39565	54997	573	0.9829	-13.039
54897	54997	573	0.984	44.028
39565	54897	573	0.9957	-57.067
21324	25762	577	0.7921	-16.020
2029	4153	578	0.983	0.000
55992	56712	585	0.9794	74.034
56510	56712	585	0.9838	352.209
56712	56742	585	0.9843	88.054
56742	56756	585	0.9886	44.026
41489	56510	585	0.9798	-930.331
56510	56551	585	0.9797	44.029
351	465	586	0.8246	45.993
465	505	586	0.8108	-86.269
465	584	586	0.7812	-101.160
18253	20468	587	0.8917	-0.002
19684	20468	587	0.9669	-0.000
18253	19684	587	0.896	-0.001
3869	4138	590	0.8296	44.026
4138	4808	590	0.8074	-44.026
4138	5336	590	0.963	-0.000
4138	6083	590	0.8517	-44.027
4138	6340	590	0.914	-71.037
4138	7233	590	0.8278	-44.026
4138	7878	590	0.9667	0.000
4138	8520	590	0.8627	-44.026
4138	8600	590	0.7869	-45.030
4138	9948	590	0.8601	-44.027
3869	8520	590	0.9492	-0.001
4110	8520	590	0.8241	12.995
4808	8520	590	0.9253	-0.000
5336	8520	590	0.8016	-44.026
6083	8520	590	0.9713	0.000
7233	8520	590	0.972	-0.000
7878	8520	590	0.8332	-44.027
8520	8600	590	0.8664	-1.003
8520	9948	590	0.9625	-0.000
3869	5336	590	0.8006	44.026
4808	5336	590	0.7814	44.026
5336	6083	590	0.822	-44.027
5336	6340	590	0.9033	-71.037
5336	7878	590	0.9413	0.000
5336	9948	590	0.8326	-44.027
3869	6083	590	0.974	-0.001
4110	6083	590	0.8113	12.995
4808	6083	590	0.957	-0.000
6083	7233	590	0.9565	0.000
6083	7878	590	0.8215	44.027
6083	8600	590	0.8676	-1.003
6083	9948	590	0.9868	0.000
4808	6115	590	0.8396	-1.004
6115	8600	590	0.8395	0.000
3869	7233	590	0.9421	-0.000
4808	7233	590	0.9273	0.000
7233	7878	590	0.7882	44.026
7233	8600	590	0.8483	-1.004
7233	9948	590	0.9438	-0.000
3869	9948	590	0.9617	-0.001
4110	9948	590	0.8202	12.995
4808	9948	590	0.9437	-0.000
7878	9948	590	0.8359	-44.027
8600	9948	590	0.8772	1.003
3869	4110	590	0.8002	-12.995
3869	4808	590	0.9627	-0.000
4808	7878	590	0.7888	44.026
4808	8600	590	0.8416	-1.004
6340	7878	590	0.9139	71.038
3869	8600	590	0.8576	-1.004
7878	8600	590	0.8051	-45.030
3869	7878	590	0.8101	44.026
42783	43674	591	0.9015	11.017
30839	34882	595	0.9745	-0.000
30853	34882	595	0.9406	18.010
34868	34882	595	0.973	18.010
30839	30853	595	0.9632	-18.011
30839	34868	595	0.9847	-18.011
30853	34868	595	0.9547	-0.000
6052	12527	601	0.7951	-99.068
50194	50211	602	0.979	1.172
50211	50591	602	0.9796	-103.899
50194	50591	602	0.9961	-102.727
1806	2059	603	0.9831	-0.036
7377	9627	604	0.9369	0.000
9627	13738	604	0.8826	-42.047
5275	13738	604	0.882	-42.047
3689	5070	606	0.9211	-0.032
3689	5910	606	0.9347	0.001
5070	5910	606	0.981	0.033
27505	29022	608	0.9379	652.353
28959	29022	608	0.9819	-8.513
24106	29022	608	0.9038	669.378
24216	29022	608	0.9106	0.501
24106	24216	608	0.9295	668.877
24107	24216	608	0.9223	651.849
24216	27844	608	0.9376	-0.000
24106	24107	608	0.9799	17.028
24106	27844	608	0.9456	668.876
27505	28959	608	0.9504	660.866
24107	27844	608	0.9356	651.848
13782	15446	609	0.9136	-0.002
9103	9800	612	0.8572	-71.037
9103	10886	612	0.9285	-0.001
9800	10886	612	0.8429	71.036
15971	17381	613	0.9383	-0.002
15971	18834	613	0.9093	-0.002
17381	18834	613	0.931	0.001
7742	11526	616	0.892	-0.000
5306	11526	616	0.8267	35.961
129	345	619	0.8979	-0.078
4373	5276	621	0.9077	0.000
4373	7230	621	0.9227	0.000
4373	9771	621	0.937	-0.000
2456	4487	621	0.861	-0.000
4470	4487	621	0.907	373.185
4487	5503	621	0.9004	0.498
4470	5503	621	0.9567	373.683
4470	8081	621	0.8621	0.000
7230	8138	621	0.8999	-0.000
2456	5734	621	0.8737	-0.000
5734	6980	621	0.922	0.000
5276	7230	621	0.8795	-0.000
2456	3514	621	0.8711	27.995
3514	9771	621	0.8685	-0.001
7230	9771	621	0.9163	-0.000
10759	10979	626	0.8742	27.011
10979	11733	626	0.8696	-27.011
10759	11733	626	0.9833	0.000
34891	34941	628	0.9353	17.026
44922	46499	629	0.8254	-0.001
2123	3089	632	0.9336	0.000
27864	31267	634	0.9342	-0.000
18604	19384	636	0.833	1.001
18096	18150	637	0.8806	488.780
15854	18150	637	0.8762	488.777
16862	18150	637	0.7971	489.782
17158	18150	637	0.8425	488.779
17183	18150	637	0.9611	488.778
15854	17183	637	0.871	-0.001
16862	17183	637	0.8544	1.004
17158	17183	637	0.8289	0.001
17183	18096	637	0.8806	-0.002
15854	16862	637	0.8157	-1.005
16862	17158	637	0.8282	1.003
16862	18096	637	0.8601	1.002
15854	17158	637	0.8361	-0.002
17158	18096	637	0.8856	-0.001
15854	18096	637	0.9327	-0.003
49655	51281	638	0.8483	-16.029
50811	51281	638	0.8945	1.001
51281	54171	638	0.8981	-17.027
51281	54422	638	0.8572	-1.004
50811	54422	638	0.9483	-0.003
12477	14295	641	0.8518	-111.030
14295	14320	641	0.9545	-17.029
14295	15023	641	0.7941	-1.003
14320	15023	641	0.8111	16.025
36770	41055	642	0.8614	6.325
36980	41055	642	0.9272	6.659
37321	41055	642	0.9247	6.993
41055	41114	642	0.8834	0.667
41055	41219	642	0.9047	-6.326
36980	41219	642	0.9745	0.333
37321	41219	642	0.8881	0.667
41219	41445	642	0.8927	-1.001
36770	36980	642	0.862	-0.334
36980	37321	642	0.9211	-0.334
36980	41445	642	0.8785	-0.668
37321	41445	642	0.8836	-0.334
36770	37321	642	0.8635	-0.668
3385	5100	643	0.9677	0.000
4649	5100	643	0.9367	-271.153
5100	5798	643	0.9622	271.153
5100	5898	643	0.9513	0.000
5898	6947	643	0.9541	-0.000
24162	26165	643	0.9069	383.468
3385	4649	643	0.9482	271.154
3385	5798	643	0.952	271.154
3385	5898	643	0.9303	0.000
4649	5798	643	0.9628	0.000
4649	5898	643	0.8994	-271.153
5798	16536	643	0.9565	-141.080
5798	5898	643	0.92	-271.153
5798	26165	643	0.9042	-111.790
12570	12925	645	0.833	-71.034
12925	13006	645	0.8258	-114.044
12925	13320	645	0.8926	-115.028
12570	13320	645	0.7993	-186.062
13006	13320	645	0.8926	-0.984
12570	13006	645	0.7312	-185.078
5883	8863	647	0.9055	-0.000
39644	54735	648	0.9828	-7.027
5018	9705	653	0.7775	-587.294
8288	9705	653	0.9377	-587.294
9705	11110	653	0.9858	587.293
5018	8288	653	0.8235	0.000
5018	11110	653	0.7902	-0.001
8288	11110	653	0.9467	-0.001
49618	57096	655	0.9943	-715.532
53267	57096	655	0.9972	-755.211
56744	57096	655	0.9974	-563.901
57096	58972	655	0.9972	687.825
57096	59165	655	0.9967	731.851
49618	56744	655	0.9947	-151.631
53267	56744	655	0.998	-191.310
56744	58972	655	0.9987	123.923
56744	59165	655	0.9987	167.950
49618	59165	655	0.9972	16.319
53267	59165	655	0.9979	-23.360
58972	59165	655	0.9988	44.026
49618	53267	655	0.9977	39.679
49618	58972	655	0.9959	-27.708
53267	58972	655	0.9963	-67.387
15415	16962	657	0.9454	0.001
16844	16962	657	0.8641	1.003
16962	17459	657	0.9172	-0.238
15415	16844	657	0.8705	-1.002
16844	17459	657	0.8817	0.765
15415	17459	657	0.9623	-0.237
2664	4716	658	0.8983	0.000
2664	5723	658	0.9206	0.000
2664	8462	658	0.9285	0.000
4716	8462	658	0.8649	-0.000
5723	8462	658	0.944	-0.000
4716	5723	658	0.9048	0.000
4969	6849	659	0.8843	-14.015
4969	8406	659	0.8653	-14.016
4969	9722	659	0.8326	-14.016
6849	8406	659	0.9776	-0.000
6849	9722	659	0.9666	-0.000
8406	9722	659	0.9881	-0.000
23518	26218	661	0.9156	-8.515
24984	26218	661	0.9177	641.330
25123	26218	661	0.956	658.361
23518	24984	661	0.9619	-649.845
24984	25123	661	0.9505	-17.030
24984	26350	661	0.9714	0.000
23518	25123	661	0.9495	-666.876
23518	26350	661	0.9525	-649.845
25123	26350	661	0.9337	17.030
29201	56743	664	0.9652	-1228.858
39321	57772	664	0.9657	-51.982
29201	39321	664	0.9847	-33.776
48730	49259	665	0.9273	-88.052
48861	49259	665	0.9074	-44.026
48670	48730	665	0.9461	-44.027
48730	48861	665	0.9848	-44.027
48670	48861	665	0.9296	-88.053
48294	48670	665	0.9342	-44.025
50995	51966	666	0.9292	24.345
48016	48498	667	0.8333	-1.003
48016	48660	667	0.7309	-36.021
48510	48660	667	0.8792	0.001
3464	6447	668	0.9761	0.000
5043	6447	668	0.9345	0.000
6447	8092	668	0.8727	-0.000
6447	9452	668	0.8936	-0.000
3464	5043	668	0.9738	0.000
3464	8092	668	0.9054	-0.000
3464	9452	668	0.9246	-0.000
5043	8092	668	0.9217	-0.000
8092	9452	668	0.9635	-0.000
5043	9452	668	0.9387	-0.000
21405	21420	670	0.9096	-101.047
18440	20410	673	0.9675	-0.000
22668	57169	674	0.8975	-168.803
19647	24526	679	0.8113	18.012
23660	24526	679	0.8669	17.027
24472	24526	679	0.8274	-18.010
24526	26856	679	0.9333	-0.001
24526	29234	679	0.804	18.010
16580	24526	679	0.8892	18.011
24472	29234	679	0.8226	-0.001
26856	29234	679	0.8154	18.010
16580	29234	679	0.8766	36.021
19647	23660	679	0.8753	0.985
23660	24472	679	0.8488	35.037
23660	26856	679	0.8287	17.026
16580	23660	679	0.8761	0.985
16580	19647	679	0.8517	-0.000
16580	24472	679	0.8372	36.022
16580	26856	679	0.9035	18.011
19647	24472	679	0.8053	36.022
12844	12899	685	0.8497	-1.003
1385	1652	689	0.9095	-0.048
3191	8362	692	0.8233	-3.047
5341	8362	692	0.8176	-3.047
8362	10204	692	0.9964	-0.000
3191	10204	692	0.8264	-3.047
5341	10204	692	0.8224	-3.047
3191	5341	692	0.9894	0.000
51810	56773	694	0.9947	-20.863
56773	57072	694	0.9965	-43.693
15313	16529	695	0.9554	-0.001
34436	41598	696	0.9097	-105.565
35652	41598	696	0.9209	49.008
40840	41598	696	0.9009	1108.613
35652	40640	696	0.9012	-945.563
28878	34436	696	0.9304	0.501
28865	28878	696	0.9094	-0.501
40640	40840	696	0.9116	-114.042
48175	50495	697	0.7155	354.155
48175	48848	697	0.958	-99.069
48175	48882	697	0.8787	-116.096
48848	48882	697	0.9307	-17.027
34676	40087	702	0.9221	17.026
34801	40087	702	0.8864	18.026
34841	40087	702	0.9126	0.998
34879	40087	702	0.9465	-0.001
34676	34801	702	0.8851	-1.000
34676	34841	702	0.9139	16.028
34676	34879	702	0.9258	17.027
34801	34841	702	0.9081	17.028
34801	34879	702	0.866	18.027
34841	34879	702	0.9056	0.999
41290	41295	706	0.9704	-0.501
41295	43374	706	0.8509	0.500
41295	44052	706	0.8695	0.500
41290	43374	706	0.8303	-0.001
43374	44052	706	0.808	0.000
41290	44052	706	0.894	-0.001
3751	5830	707	0.9428	0.000
5830	7323	707	0.8932	-569.834
5830	8581	707	0.7814	189.945
4054	7136	707	0.8556	-505.806
4680	7136	707	0.8353	-505.807
6097	7136	707	0.8078	-505.807
7532	8991	707	0.9548	-0.000
7323	8991	707	0.7842	569.331
3751	4054	707	0.7944	64.029
4054	4680	707	0.9445	0.000
4054	6097	707	0.927	0.000
3751	7323	707	0.8624	-569.834
4680	6097	707	0.9443	0.000
15536	16755	709	0.9728	-0.002
3205	6941	713	0.7448	-0.001
4720	6941	713	0.947	-475.704
5218	6941	713	0.8898	-475.704
5921	6941	713	0.7462	-515.687
6941	8122	713	0.8664	475.704
6941	9344	713	0.852	475.703
3205	9344	713	0.852	475.702
4720	9344	713	0.817	-0.001
5218	9344	713	0.8704	-0.000
5921	9344	713	0.7601	-39.983
8122	9344	713	0.9378	-0.000
3205	5218	713	0.8311	475.703
4720	5218	713	0.8746	-0.000
5218	5921	713	0.766	39.983
5218	8122	713	0.8863	-0.000
3665	5921	713	0.7012	-119.545
3205	4720	713	0.7271	475.703
3205	8122	713	0.8273	475.703
4720	5921	713	0.755	39.982
4720	8122	713	0.8321	-0.001
5921	8122	713	0.7368	-39.983
22057	26119	714	0.9668	-0.003
28148	33418	715	0.9802	-73.377
19426	21664	717	0.8325	-1.004
19426	23164	717	0.9164	-0.503
19426	23909	717	0.8887	-706.386
19426	24077	717	0.8447	-1.004
19426	24242	717	0.82	-0.502
19426	24462	717	0.9239	-0.000
19357	23909	717	0.8162	-820.443
21664	23909	717	0.8551	-705.382
23164	23909	717	0.9014	-705.883
23909	24077	717	0.8331	705.383
23909	24242	717	0.8337	705.885
23909	24462	717	0.8704	706.386
19357	21664	717	0.7463	-115.061
21664	23164	717	0.8991	0.501
21664	24077	717	0.9494	0.001
21664	24242	717	0.931	0.503
21664	24462	717	0.8482	1.004
19357	23164	717	0.7422	-114.560
19357	24077	717	0.786	-115.061
19357	24242	717	0.78	-114.559
19357	24462	717	0.7446	-114.057
23164	24462	717	0.8827	0.503
24077	24462	717	0.8961	1.003
24242	24462	717	0.8706	0.501
23164	24242	717	0.8515	0.001
24077	24242	717	0.945	0.502
23164	24077	717	0.8616	-0.501
6778	8494	719	0.9672	-0.000
6778	10366	719	0.8957	-0.000
4551	5615	722	0.8302	0.000
3004	4551	722	0.9883	-0.001
4551	8078	722	0.8402	0.000
4551	8811	722	0.8449	-33.984
4551	9819	722	0.8416	0.000
3004	8078	722	0.8682	-0.000
3004	8811	722	0.8558	-33.984
3004	9819	722	0.8688	-0.000
8078	9819	722	0.9735	-0.000
34451	36408	723	0.8749	-0.049
34451	34626	723	0.9056	-682.455
14560	14972	724	0.9634	-56.985
14560	23784	724	0.722	-55.988
23784	26886	724	0.8738	466.278
20708	23746	727	0.8499	641.888
20708	24691	727	0.8851	641.889
20708	24816	727	0.8341	0.001
23746	24816	727	0.8806	-641.887
24691	24816	727	0.9203	-641.888
23746	24691	727	0.8776	0.000
5937	10048	729	0.9297	-415.198
7839	10048	729	0.9215	0.001
5937	7839	729	0.9352	-415.199
1810	1818	730	0.8742	-0.984
15510	16824	731	0.9067	-0.001
15510	17675	731	0.9389	0.000
16824	17675	731	0.9542	0.002
15486	17675	731	0.8905	1.003
2995	4420	733	0.9795	274.147
4420	5412	733	0.9447	0.000
4420	6998	733	0.9311	0.000
4420	9398	733	0.9437	-0.000
2995	5412	733	0.9465	274.148
2995	6998	733	0.9245	274.148
2995	9398	733	0.9441	274.147
5412	6998	733	0.9705	0.000
5412	9398	733	0.9797	-0.001
6998	9398	733	0.9573	-0.001
27604	28440	735	0.9279	-21.510
30035	35267	735	0.9366	31.658
27754	28440	735	0.9104	-50.524
27754	31112	735	0.9215	-495.788
26227	27754	735	0.9112	781.919
28440	28652	735	0.9123	-9.015
26227	28440	735	0.9382	731.395
26227	35267	735	0.9536	617.309
26227	28652	735	0.9092	722.380
13521	13845	736	0.8681	-44.025
28703	33838	737	0.8798	-8.516
27485	27600	740	0.8975	-0.500
27600	33818	740	0.9044	-1012.039
27600	34465	740	0.8991	-0.000
33818	34465	740	0.9593	1012.039
893	1670	741	0.911	-262.142
17636	17938	742	0.8938	44.035
17938	18652	742	0.8108	-44.035
16216	18652	742	0.8698	-0.001
17636	18652	742	0.8704	0.000
13137	13145	743	0.8675	0.000
13137	15788	743	0.9176	18.010
13145	15730	743	0.8796	18.010
14897	15730	743	0.9776	-0.001
15222	15730	743	0.8959	1.004
11877	14897	743	0.869	15.995
13092	14897	743	0.8677	15.996
13145	14897	743	0.8951	18.010
14897	15222	743	0.9215	-1.005
11726	13092	743	0.8646	18.011
11877	13092	743	0.9799	-0.001
56014	56074	747	0.9833	44.025
8869	10399	748	0.9975	-0.000
31501	36068	749	0.8843	-14.017
31501	32760	749	0.8937	611.350
30630	31501	749	0.9032	-611.349
21100	31501	749	0.8843	-652.372
4062	5886	750	0.9513	-0.000
13625	13695	753	0.8951	0.542
58740	58981	755	0.953	43.019
52278	54551	755	0.8369	-72.059
52278	58981	755	0.7306	45.034
54551	58981	755	0.8355	117.093
37259	37374	760	0.9221	-9.014
37259	37429	760	0.9152	-0.501
37429	41119	760	0.9026	-1272.217
37374	37429	760	0.9483	8.513
1039	1840	772	0.8738	-0.000
1039	3284	772	0.8642	0.001
1840	3284	772	0.9453	0.001
4990	6670	774	0.9188	-230.163
4990	7417	774	0.9269	0.000
4990	9291	774	0.9177	0.000
6670	7417	774	0.9033	230.164
7417	9291	774	0.9691	0.000
62398	62417	781	0.777	1.999
62398	62487	781	0.9265	3.996
62417	62487	781	0.8539	1.997
4457	10644	782	0.9188	-586.302
4457	11457	782	0.7611	-458.209
11457	11583	782	0.7639	-111.068
53167	53206	791	0.9663	-14.674
53206	54092	791	0.9602	-33.688
53167	53921	791	0.9683	-78.047
53167	54118	791	0.9839	-48.696
54092	54118	791	0.9618	-0.334
53167	54092	791	0.9754	-48.362
53167	54222	791	0.9684	-4.336
1510	2719	792	0.9139	-0.078
36008	36772	793	0.9084	-15.011
18206	20423	794	0.8945	-0.003
4022	10028	795	0.9043	-0.000
5788	10028	795	0.897	-0.000
7842	10028	795	0.9269	0.000
4022	5788	795	0.934	0.000
5788	7842	795	0.9316	-0.001
4022	7842	795	0.9195	-0.001
1452	2023	800	0.8883	0.000
2023	2361	800	0.9758	-0.000
2023	4333	800	0.95	-0.000
1452	4333	800	0.9203	0.000
2361	4333	800	0.9013	-0.000
32362	50165	805	0.9605	193.593
11856	12418	806	0.9091	-0.036
2641	6156	807	0.7551	-129.042
2641	6417	807	0.798	29.975
17906	19932	810	0.9203	-0.002
27532	34178	814	0.9374	0.001
31842	34178	814	0.9528	0.000
25201	34178	814	0.9444	0.001
27532	31842	814	0.9211	0.000
25201	27532	814	0.9094	0.000
25201	31842	814	0.9671	0.001
22061	24640	815	0.844	-0.001
5296	8634	818	0.9894	-0.000
12195	13887	820	0.8061	17.027
5085	9943	821	0.9508	-0.000
2117	3899	822	0.8807	-0.000
2117	5799	822	0.7139	-0.000
3899	5799	822	0.8302	0.000
19243	22163	825	0.8962	-573.300
21416	23576	825	0.9649	-0.001
23256	23576	825	0.9544	-0.054
20260	21416	825	0.9047	1.004
21416	23256	825	0.9354	0.052
19243	23256	825	0.8986	-0.001
3686	4253	830	0.9476	0.008
5177	8426	830	0.988	-0.000
5177	9846	830	0.9915	-0.000
8426	9846	830	0.9817	0.000
2501	3686	830	0.8789	-0.007
2501	8305	830	0.8817	-16.032
2501	8426	830	0.876	41.026
5468	10502	833	0.9155	-0.001
46600	49835	835	0.9115	59.038
57062	57296	838	0.8889	-26.016
14432	15534	841	0.8253	-98.055
15534	16540	841	0.8391	-1.004
24435	24955	841	0.8854	1.004
16540	24955	841	0.8652	-262.130
16540	24435	841	0.8367	-263.135
1767	3978	845	0.8776	-0.000
3978	6120	845	0.8877	-0.000
1767	6120	845	0.9796	-0.000
55776	55799	846	0.9652	814.042
26645	31011	847	0.9165	-0.504
30354	39192	852	0.9956	-565.850
30354	41286	852	0.9808	-23.015
30354	42204	852	0.9871	-697.427
31472	43318	852	0.986	-550.841
41286	43318	852	0.9873	-542.836
42207	43318	852	0.9856	132.078
43318	43841	852	0.9933	476.545
39185	39576	852	0.9833	447.945
39576	42207	852	0.9853	-580.526
39192	44281	852	0.9807	476.294
31472	43841	852	0.9812	-74.295
39192	41286	852	0.9856	542.835
39192	42204	852	0.9931	-131.577
38474	39185	852	0.9817	-22.014
42207	43841	852	0.9838	608.624
38474	42207	852	0.9829	-154.595
41286	42204	852	0.9801	-674.412
38474	41286	852	0.981	520.319
38474	41472	852	0.9926	531.325
1400	1950	853	0.9836	0.000
39541	42635	856	0.8264	18.011
42633	42635	856	0.8534	18.011
39541	42633	856	0.9077	0.000
39541	49924	856	0.7862	-28.031
42633	49924	856	0.8028	-28.031
40933	44239	860	0.961	553.588
30830	34811	865	0.9038	-0.001
47092	58177	866	0.9199	-214.230
56111	58177	866	0.7404	11.964
46083	58177	866	0.8724	-168.188
18260	22154	871	0.8877	-33.986
19947	22154	871	0.9135	-33.987
20313	22154	871	0.9213	-0.003
20400	22154	871	0.8318	71.002
22154	22893	871	0.9013	0.001
13558	22154	871	0.866	-90.050
18260	19947	871	0.9359	0.001
19947	20313	871	0.941	-33.985
19947	22893	871	0.8958	-33.986
13558	19947	871	0.908	-56.063
18260	20313	871	0.9266	-33.984
18260	22893	871	0.8982	-33.985
13558	18260	871	0.9089	-56.064
13558	20313	871	0.9006	-90.047
13558	22893	871	0.8539	-90.049
20313	22893	871	0.9242	-0.001
816	1877	873	0.9946	-0.000
18335	20416	874	0.8872	0.003
48900	53918	875	0.8478	-405.288
20969	23152	880	0.794	17.026
20996	23152	880	0.98	-0.001
45828	47756	882	0.931	18.011
16546	17634	884	0.8272	-0.000
16546	18697	884	0.9118	-0.000
17634	18697	884	0.9244	0.000
34933	34950	886	0.9547	-17.022
6588	8455	887	0.9318	-0.000
36624	57526	892	0.9969	33.970
6051	7816	895	0.9189	0.001
6138	7816	895	0.982	-0.001
6051	6138	895	0.9179	0.001
763	849	896	0.9404	-0.011
6579	8605	899	0.9242	0.000
15717	16596	900	0.838	180.092
16596	17924	900	0.7187	-0.002
16596	19157	900	0.9251	-0.001
14653	17924	900	0.7776	180.089
15717	17924	900	0.7029	180.090
17924	19157	900	0.8033	0.001
14653	16568	900	0.7094	-0.000
15717	19157	900	0.8525	180.091
55677	58477	905	0.9298	-56.063
58477	58513	905	0.8389	18.010
55677	55708	905	0.9655	18.011
55708	58513	905	0.8311	-56.063
11330	13235	906	0.9792	327.687
41404	47156	913	0.8551	0.000
31160	41404	913	0.9215	-44.985
21428	24177	915	0.9719	-444.238
24177	24901	915	0.9754	444.237
21428	24901	915	0.9443	-0.000
11401	12560	916	0.8091	128.057
11401	12393	916	0.8841	0.000
1316	1951	925	0.9033	-0.071
1683	1951	925	0.9805	-0.072
1316	1683	925	0.8981	0.001
14988	21590	926	0.863	-113.085
18201	20061	926	0.9171	-0.001
20061	23089	926	0.8918	-14.017
20061	25620	926	0.8394	-47.998
20061	25786	926	0.8512	-113.086
20061	29707	926	0.8273	-113.086
20061	30851	926	0.8811	-47.999
20061	31279	926	0.8953	-113.087
14988	20061	926	0.8793	-133.090
16059	20061	926	0.8349	-28.031
29707	30851	926	0.8311	65.087
29707	31279	926	0.9311	-0.000
18201	29707	926	0.8835	-113.087
23089	29707	926	0.9076	-99.069
25620	29707	926	0.8908	-65.088
25786	29707	926	0.9505	-0.000
26329	29707	926	0.7956	-99.071
14988	29707	926	0.7687	-246.176
16059	29707	926	0.8462	-141.118
18201	25786	926	0.8922	-113.087
23089	25786	926	0.8561	-99.069
25620	25786	926	0.8578	-65.088
25786	26329	926	0.8016	99.070
25786	30851	926	0.8284	65.087
25786	31279	926	0.9302	-0.001
14988	25786	926	0.7663	-246.176
16059	25786	926	0.83	-141.117
14988	36837	926	0.7856	280.125
14988	18201	926	0.8765	-133.089
30851	31279	926	0.8818	-65.088
18201	30851	926	0.8714	-48.000
23089	30851	926	0.8645	-33.982
25620	30851	926	0.8334	-0.000
16059	30851	926	0.8144	-76.030
18201	25620	926	0.9198	-48.000
23089	25620	926	0.9569	-33.982
25620	26329	926	0.8424	33.983
25620	31279	926	0.8173	-65.088
16059	25620	926	0.8972	-76.030
16059	18201	926	0.8787	-28.030
16059	23089	926	0.8756	-42.048
16059	26329	926	0.8446	-42.047
16059	31279	926	0.8056	-141.118
18201	23089	926	0.9542	-14.018
23089	25348	926	0.8792	-0.001
23089	26329	926	0.8776	0.001
23089	31279	926	0.8571	-99.070
18201	26329	926	0.8977	-14.017
25348	26329	926	0.9201	0.002
18201	31279	926	0.8793	-113.088
7996	8943	927	0.9351	0.000
7996	9621	927	0.8046	-58.006
7996	11881	927	0.7829	-317.158
8283	11277	927	0.9763	-0.001
9621	11277	927	0.9652	-0.000
8943	11881	927	0.8601	-317.158
1556	9621	927	0.7887	0.959
8283	9621	927	0.9541	-0.000
50899	59026	929	0.9928	-47.714
53241	59026	929	0.9885	5.655
37084	59026	929	0.9867	-27.392
37084	50899	929	0.9881	20.322
37084	53241	929	0.9981	-33.047
50899	53241	929	0.9873	-53.369
7143	10757	930	0.9747	-0.001
7143	10761	930	0.7388	-0.004
7064	10761	930	0.9238	-0.000
10757	10761	930	0.7391	-0.004
5645	8070	931	0.942	-0.000
8070	10093	931	0.9428	0.000
5645	10093	931	0.9772	-0.000
53301	57283	932	0.9937	-360.411
56723	57283	932	0.9969	762.016
53301	56723	932	0.9972	-1122.428
50326	53301	932	0.9876	-19.343
53023	56576	935	0.9547	6.326
1713	6748	938	0.8971	-0.001
43683	43909	942	0.9258	0.333
29470	31777	943	0.9612	-43.527
13925	16701	944	0.8268	-0.003
13925	16933	944	0.8632	-113.082
13925	18272	944	0.9095	-113.084
13925	20354	944	0.8599	-113.084
18272	20354	944	0.8819	0.000
16701	20354	944	0.8962	-113.081
16933	18272	944	0.9084	-0.002
16701	18272	944	0.8242	-113.081
59532	59749	945	0.7671	-28.032
7315	9588	946	0.9833	-0.000
3256	5317	947	0.9374	0.001
4334	5317	947	0.9704	0.000
5317	6629	947	0.8433	-0.000
5317	11016	947	0.8505	-0.000
3256	4334	947	0.9346	0.001
3256	6629	947	0.8692	0.001
3256	11016	947	0.8742	0.001
4334	11016	947	0.8517	-0.000
6629	11016	947	0.9379	-0.000
4334	6629	947	0.8429	-0.000
56385	57113	951	0.9795	1210.777
446	511	953	0.9876	-0.009
42454	43191	954	0.8169	0.001
42454	51088	954	0.7202	13.981
1716	3231	958	0.9097	0.001
3231	4853	958	0.7375	-127.063
4190	4853	958	0.774	28.991
4853	6454	958	0.9622	-0.001
4853	7301	958	0.7791	-28.992
4853	7994	958	0.9485	-0.001
4853	9540	958	0.9553	-0.001
4853	9915	958	0.9569	-0.003
1975	4190	958	0.9218	560.244
1975	6454	958	0.7253	589.234
1975	7301	958	0.9275	560.243
1975	9915	958	0.7509	589.232
4190	7301	958	0.9799	-0.001
6454	7301	958	0.7655	-28.991
7301	7994	958	0.7534	28.990
7301	9540	958	0.7666	28.991
7301	9915	958	0.779	28.989
4190	7994	958	0.7636	28.990
6454	7994	958	0.985	-0.001
7994	9540	958	0.9711	0.000
7994	9915	958	0.9576	-0.002
4190	6454	958	0.7713	28.990
4190	9540	958	0.7647	28.990
4190	9915	958	0.7732	28.988
3231	9540	958	0.725	-127.064
6454	9540	958	0.9851	-0.000
9540	9915	958	0.9841	-0.002
3231	9915	958	0.7299	-127.066
6454	9915	958	0.9767	-0.002
1740	2578	964	0.705	0.000
20176	23829	969	0.8822	-0.002
49105	49339	970	0.8465	-16.525
49339	49353	970	0.8883	-1552.154
27884	33821	972	0.8709	-0.003
27900	33320	972	0.8984	-0.003
27900	33821	972	0.8448	0.499
14867	17119	974	0.8412	0.000
16196	16440	975	0.8016	568.312
1322	62661	976	0.891	-0.012
15112	17198	977	0.8517	868.452
17129	17198	977	0.8487	868.452
17198	17683	977	0.8875	-0.000
15112	17683	977	0.8028	868.452
17129	17683	977	0.884	868.452
15112	17129	977	0.8206	0.000
22127	22738	978	0.9138	0.461
50758	53632	979	0.926	18.010
26696	31524	983	0.8181	-0.001
41498	43346	985	0.9606	-66.040
4289	6874	991	0.8829	0.000
8552	10755	992	0.9345	-488.221
30658	31543	1001	0.8899	-595.356
30658	32871	1001	0.9272	0.001
26714	30658	1001	0.8958	0.500
26822	30658	1001	0.9018	-0.003
31543	32871	1001	0.9152	595.356
26714	32871	1001	0.9629	0.500
26822	32871	1001	0.969	-0.002
26714	31543	1001	0.914	-594.856
26822	31543	1001	0.91	-595.358
26714	26822	1001	0.957	0.502
21009	24353	1003	0.9779	-0.001
16616	18600	1005	0.9845	-0.000
5658	7553	1007	0.9547	-0.000
5658	8465	1007	0.9568	-0.001
5658	10081	1007	0.942	-0.000
7553	10081	1007	0.9723	-0.000
8465	10081	1007	0.9747	0.000
7553	8465	1007	0.9691	-0.001
3852	4955	1009	0.7892	-0.000
3852	7167	1009	0.7979	-0.000
4955	7167	1009	0.9432	-0.000
52952	54699	1011	0.9312	-14.016
18627	19680	1015	0.9685	0.000
14672	19680	1015	0.868	18.008
17031	19680	1015	0.9727	-0.003
14672	17031	1015	0.8415	18.011
14672	18627	1015	0.8674	18.008
17031	18627	1015	0.9666	-0.003
30655	38185	1016	0.9832	-225.806
30655	38708	1016	0.9857	-117.738
54157	54345	1017	0.9953	73.378
54345	55367	1017	0.9875	-185.448
50825	50938	1019	0.9399	-59.035
25602	30126	1025	0.8513	-658.851
25602	31597	1025	0.8653	0.001
30126	31597	1025	0.9152	658.851
9433	11131	1028	0.922	-0.000
10899	11131	1028	0.8567	30.011
9433	10899	1028	0.9312	-30.011
5485	5495	1035	0.7828	-14.016
17815	19087	1037	0.9272	-0.000
19087	19871	1037	0.8477	-575.347
19871	21196	1037	0.8901	575.347
58429	58446	1038	0.9741	-88.052
58442	58446	1038	0.9647	-44.026
58446	58475	1038	0.9549	-44.026
58429	58442	1038	0.9653	-44.026
58429	58475	1038	0.9571	-132.078
58442	58475	1038	0.9331	-88.052
3016	4263	1043	0.9617	-0.000
6837	9292	1045	0.9709	-337.162
7932	9292	1045	0.9476	0.000
6837	7932	1045	0.9561	-337.162
1264	4232	1049	0.9035	18.010
3139	4232	1049	0.8663	-0.984
43814	57044	1050	0.9855	37.323
39948	57044	1050	0.9903	-80.082
48006	48105	1051	0.9619	770.567
48006	48037	1051	0.8841	-1.003
48006	48699	1051	0.9844	-0.001
53021	53853	1058	0.967	-25.768
5835	7911	1059	0.9285	0.001
5835	8710	1059	0.9201	0.001
5835	11910	1059	0.9391	0.000
7911	8710	1059	0.8905	0.000
8710	11910	1059	0.955	-0.001
7911	11910	1059	0.9481	-0.000
34472	34510	1066	0.8907	-0.334
1828	3994	1069	0.8975	-14.016
81	149	1070	0.9083	-265.150
44224	57802	1073	0.9938	213.429
17713	20166	1077	0.864	-0.003
45959	45979	1079	0.8573	-35.037
5710	10486	1080	0.7386	79.967
9255	10486	1080	0.7199	79.969
10438	10486	1080	0.7138	79.968
5710	10438	1080	0.9468	-0.001
7145	10438	1080	0.9143	-0.000
9255	10438	1080	0.9687	0.001
5710	7145	1080	0.9324	-0.001
7145	9255	1080	0.9164	-0.001
5710	9255	1080	0.9528	-0.002
101	170	1085	0.8926	0.492
29242	29276	1088	0.7934	0.500
11904	11918	1089	0.8423	1.004
154	200	1090	0.8824	-43.041
154	347	1090	0.8973	-14.999
154	463	1090	0.9576	-0.036
154	548	1090	0.8849	-10.020
463	548	1090	0.8844	-9.984
347	463	1090	0.9021	14.963
27297	30274	1091	0.9833	-161.755
19557	22263	1092	0.9172	0.001
21855	22263	1092	0.8418	-199.098
22263	34359	1092	0.8044	-236.170
55687	55863	1093	0.9794	264.157
56995	57453	1096	0.8387	-40.018
56995	57599	1096	0.8877	-66.033
17150	17914	1100	0.9819	0.000
56859	56891	1102	0.8793	88.054
56880	56891	1102	0.9307	44.027
56859	56908	1102	0.9218	132.078
56859	56880	1102	0.9015	44.027
56859	56937	1102	0.9069	176.105
45267	46733	1105	0.83	-347.266
45267	47529	1105	0.9033	0.001
17327	19079	1106	0.9753	-0.000
43228	43266	1107	0.806	455.238
3745	4552	1108	0.9086	-0.000
3745	8213	1108	0.9433	-0.001
4552	8213	1108	0.9508	-0.000
39691	40668	1110	0.9943	240.632
1550	2745	1111	0.9377	0.000
1550	4416	1111	0.9338	-0.000
2745	4416	1111	0.9522	-0.000
6416	10688	1119	0.9747	-0.001
6731	10688	1119	0.8841	-3.037
22267	24500	1122	0.8778	-0.004
22736	24500	1122	0.8986	-0.249
24500	25071	1122	0.9073	0.249
22267	22736	1122	0.9715	0.246
22267	22790	1122	0.8868	-0.757
22736	22790	1122	0.8745	-1.003
22692	22790	1122	0.8441	0.246
26993	28419	1125	0.9711	-22.013
2484	4237	1126	0.9469	0.000
1209	1522	1128	0.8729	0.037
48817	49463	1129	0.9425	0.000
40377	42890	1132	0.9464	1.001
1846	1915	1135	0.7914	-222.627
51263	59538	1139	0.9863	-18.689
10192	10758	1140	0.9256	0.560
10192	10866	1140	0.9002	-551.784
10758	10866	1140	0.9343	-552.344
20510	54402	1142	0.7309	-1.021
23953	37354	1144	0.9988	-273.170
13997	14155	1147	0.8633	1.003
41714	57063	1151	0.9932	-50.728
41714	58615	1151	0.9974	-21.044
50116	50136	1154	0.9686	29.685
49461	50116	1154	0.968	-59.035
1825	2803	1155	0.9372	0.000
50988	52144	1160	0.9455	-33.691
52111	52144	1160	0.9498	-87.721
52144	52499	1160	0.9461	73.048
52038	52111	1160	0.9365	44.359
52111	52499	1160	0.9492	-14.673
2018	3781	1163	0.9003	246.650
5688	8216	1167	0.9085	4.067
13357	16157	1170	0.8555	-99.069
525	2258	1171	0.7938	-17.027
552	2258	1171	0.8101	0.984
20121	24402	1172	0.7989	-0.001
17493	18843	1177	0.9491	-0.001
17493	20752	1177	0.9482	560.775
18843	20752	1177	0.9712	560.776
12373	14267	1181	0.897	-99.067
14129	14267	1181	0.7511	-114.042
14129	19013	1181	0.765	-326.200
16636	19013	1181	0.8488	-0.005
17886	19013	1181	0.9535	-0.001
14129	17886	1181	0.7973	-326.199
16636	17886	1181	0.8393	-0.004
14129	16636	1181	0.7425	-326.195
147	160	1189	0.8778	41.027
51760	55335	1194	0.9415	-14.015
55259	55335	1194	0.9633	44.027
1847	11949	1197	0.8384	-99.069
9724	11949	1197	0.9526	-0.000
1847	9724	1197	0.8284	-99.069
14257	16223	1203	0.9065	-556.813
14257	16235	1203	0.9842	-556.813
16223	16235	1203	0.9069	0.000
56618	56674	1208	0.9421	17.026
27753	30285	1214	0.8252	267.162
9132	9238	1218	0.9531	0.343
25322	28630	1220	0.9184	-568.825
25322	31341	1220	0.8734	-568.823
25691	31341	1220	0.9181	-568.824
16861	19031	1224	0.9881	-132.077
17480	19031	1224	0.9796	-88.051
17480	17964	1224	0.984	-132.081
24987	30078	1229	0.9049	-0.000
2916	5115	1230	0.897	0.000
2916	7824	1230	0.8649	-0.000
5115	7824	1230	0.8768	-0.000
19687	22930	1231	0.9805	-0.001
21977	22930	1231	0.9946	0.001
19687	21977	1231	0.9847	-0.001
27146	27638	1237	0.7843	-632.370
564	734	1243	0.8404	-13.966
29621	30814	1251	0.9038	-101.072
29621	35730	1251	0.9142	-99.068
30668	35730	1251	0.9694	-0.001
30814	35730	1251	0.9107	2.004
26335	35730	1251	0.955	-99.067
24300	26335	1251	0.9268	-0.003
26335	30668	1251	0.9678	-99.066
24300	30668	1251	0.9064	-99.068
13976	14711	1261	0.8938	-99.070
3799	5918	1270	0.8931	-0.001
3799	7239	1270	0.9745	-0.000
3799	9511	1270	0.8792	-0.000
5918	7239	1270	0.9128	0.000
5918	9511	1270	0.8269	0.000
7239	9511	1270	0.8887	0.000
52070	52113	1271	0.9322	28.693
39103	40972	1272	0.9611	-0.000
15294	15763	1274	0.9615	-407.244
3364	4544	1275	0.9176	0.000
3364	5698	1275	0.8033	0.049
3364	8733	1275	0.8524	-14.015
4544	5698	1275	0.8197	0.049
4544	8733	1275	0.8352	-14.015
5698	8733	1275	0.7952	-14.064
19080	41780	1281	0.9139	15.995
39455	41780	1281	0.9351	0.000
19080	39455	1281	0.8622	15.995
57102	57143	1285	0.9855	-154.592
27757	40398	1286	0.8696	-293.116
3414	4447	1288	0.8682	360.664
3414	5746	1288	0.8508	360.664
3414	9618	1288	0.7402	360.664
4447	5746	1288	0.8739	-0.000
5746	9618	1288	0.8743	-0.000
4447	9618	1288	0.7715	-0.000
12415	14513	1290	0.9374	-26.052
12415	17017	1290	0.8826	-60.037
14513	17017	1290	0.9093	-33.985
25657	30302	1297	0.8465	-0.502
9808	12250	1299	0.7831	243.086
5899	8896	1300	0.8865	-0.000
2132	3911	1301	0.9644	0.000
29695	34554	1304	0.9286	0.003
2351	9545	1308	0.8764	-0.001
4027	9545	1308	0.9249	-0.001
2351	4027	1308	0.8919	0.000
52707	53353	1316	0.9966	24.102
5104	6492	1320	0.7012	-2.004
5476	10602	1328	0.8319	-79.970
6554	10602	1328	0.8205	-727.246
7448	10602	1328	0.8137	-767.229
10574	10602	1328	0.8647	-79.968
5476	10574	1328	0.9078	-0.002
6554	10574	1328	0.9098	-647.278
7448	10574	1328	0.9089	-687.261
5476	6554	1328	0.8928	647.276
5476	7448	1328	0.8665	687.259
6554	7448	1328	0.922	39.983
5546	7327	1329	0.9056	-0.001
7327	8368	1329	0.9541	0.000
5546	8368	1329	0.9255	-0.001
38219	43396	1330	0.838	0.000
10022	10468	1332	0.7754	0.001
40230	54750	1333	0.9797	10.963
20607	24051	1334	0.916	-0.002
18063	18808	1336	0.8363	-132.078
8748	10253	1338	0.9109	-445.727
34147	35776	1342	0.9053	-142.046
49249	49291	1344	0.9586	-196.646
44496	44503	1345	0.9969	0.502
1501	3493	1351	0.8646	0.000
14430	16520	1370	0.883	476.266
16453	16520	1370	0.9066	-0.512
15923	18422	1373	0.958	500.250
17371	18422	1373	0.9648	500.251
15923	17371	1373	0.9637	-0.001
2674	4631	1374	0.9435	-0.000
35532	35822	1377	0.981	-5.676
53406	53932	1381	0.9088	310.238
15366	17134	1384	0.8982	-0.001
842	973	1391	0.9597	0.036
842	1887	1391	0.8844	0.036
973	1887	1391	0.8873	0.000
7174	9809	1399	0.7295	13.031
8230	9809	1399	0.9722	-0.000
8660	9809	1399	0.7009	128.058
9809	11266	1399	0.7074	-128.059
7174	11266	1399	0.7457	-115.027
8660	11266	1399	0.9595	-0.000
7174	8660	1399	0.741	-115.027
7174	8230	1399	0.7039	13.032
18334	23957	1401	0.9455	-132.080
18343	23957	1401	0.9406	-88.053
17190	23957	1401	0.9587	-88.055
56222	56698	1405	0.9266	-14.016
17579	17585	1406	0.8319	1.003
17585	18693	1406	0.8102	-0.000
17585	21854	1406	0.8414	-0.003
18693	21854	1406	0.9351	-0.002
48517	54676	1410	0.8165	-3.010
48517	60211	1410	0.8924	-358.286
54676	60211	1410	0.8288	-355.276
12671	12786	1411	0.8856	-0.000
4268	7943	1414	0.9572	-0.000
26664	31377	1427	0.917	-0.001
55904	56650	1430	0.9818	118.064
7685	8975	1431	0.7867	0.001
33062	35304	1434	0.8948	-132.042
33062	36702	1434	0.9813	-0.000
35304	36702	1434	0.9179	132.042
54005	62357	1450	0.7786	14.015
62203	62357	1450	0.7674	-41.027
28752	32832	1456	0.9879	-29.351
28314	40532	1458	0.9619	34.686
7055	10717	1461	0.8837	-0.000
52374	53819	1477	0.824	-12.000
20587	25127	1483	0.9425	-0.001
7902	8461	1489	0.8851	0.144
8461	11216	1489	0.7976	-200.080
7451	7833	1496	0.9625	30.011
17822	18479	1500	0.987	-44.026
5551	6407	1502	0.8305	0.001
2593	3709	1507	0.9617	-0.037
41656	53152	1514	0.9852	119.718
21876	24452	1518	0.9255	0.000
6857	8984	1526	0.9823	-0.000
6857	9916	1526	0.9411	-0.036
8984	9916	1526	0.9299	-0.036
5539	10174	1530	0.9142	-0.000
8303	10174	1530	0.9138	0.000
5539	8303	1530	0.9781	-0.000
2143	2649	1535	0.9235	-131.093
4008	4960	1555	0.9582	0.000
4960	5927	1555	0.9552	-0.000
4960	7098	1555	0.9424	0.000
4008	7098	1555	0.9552	0.001
5927	7098	1555	0.9286	0.000
4008	5927	1555	0.9764	0.000
1903	2851	1558	0.8529	-0.000
35019	44719	1559	0.9092	15.995
44719	48960	1559	0.8804	15.996
12803	16225	1564	0.8757	-147.068
15113	16225	1564	0.9859	-0.001
16225	16788	1564	0.8817	-1.002
12803	16788	1564	0.8229	-148.070
15113	16788	1564	0.897	-1.003
12803	15113	1564	0.8785	-147.068
20988	26963	1583	0.9675	326.180
22646	26963	1583	0.9828	-0.002
31871	32562	1591	0.9825	58.366
27285	32562	1591	0.9815	-0.001
30971	32860	1592	0.9367	-0.001
31535	32860	1592	0.8941	623.347
30971	31535	1592	0.9537	-623.348
31180	33985	1609	0.8309	-365.709
50952	51039	1619	0.9611	-73.378
55130	55162	1620	0.9597	0.253
27077	29377	1632	0.9798	-29.350
37268	37683	1634	0.8968	0.335
26651	31985	1635	0.9114	0.001
13643	14769	1638	0.9487	-132.079
17277	19266	1641	0.8169	0.000
13400	15265	1650	0.8524	486.298
13400	16227	1650	0.804	486.298
15265	16227	1650	0.946	0.000
24369	55013	1656	0.9865	549.649
48600	48727	1657	0.8842	0.001
40099	43103	1662	0.8103	0.000
26657	30681	1671	0.9045	0.002
47957	49184	1680	0.7172	18.011
56485	56548	1684	0.9823	66.039
25979	28725	1690	0.846	0.001
12383	12802	1695	0.7846	-115.025
3021	4479	1699	0.8311	0.017
31885	35667	1714	0.9824	-64.712
25136	31885	1714	0.9838	0.000
35667	39232	1714	0.9838	-73.043
35315	38498	1718	0.8825	-0.000
57944	59860	1753	0.9339	-28.031
57944	60809	1753	0.9276	-56.063
59860	60809	1753	0.9086	-28.031
43220	44857	1766	0.9984	517.327
3372	5822	1770	0.9444	0.000
4528	5822	1770	0.9733	-0.000
3372	4528	1770	0.9414	0.001
24703	27446	1798	0.9353	-0.003
22760	25862	1809	0.8983	-0.001
2357	62800	1821	0.8219	234.112
35471	40717	1822	0.9327	-0.002
13408	13847	1830	0.8808	15.996
49289	49337	1847	0.8887	-1188.372
11568	15278	1851	0.8747	-147.068
2953	4030	1855	0.9502	-0.001
7486	8730	1864	0.9277	0.000
39732	46958	1881	0.89	0.984
47192	47201	1920	0.8912	34.051
24741	28096	1933	0.9645	-0.000
18814	20742	1941	0.8644	0.000
20924	23301	1954	0.761	-33.984
18801	20824	1965	0.8818	-0.001
