cluster index	parent mass	RTMean
1797	150.05855650955874	0.53737825
1347	150.07698934423593	0.4698816
49233	150.08539074790366	10.636057
4090	150.0915779999615	0.76384085
2565	150.1044255580495	0.59664017
1379	150.1054324048039	0.45981702
925	150.11261218499547	0.42996648
8492	150.12793297934695	1.514515
560	151.03538992848107	0.39233676
3691	151.06166891558922	0.7353833
18079	151.06215463168655	2.1794536
3525	151.09663379401837	0.7145194
930	151.14432285872502	0.44725788
1077	151.6257031687637	0.44592953
519	152.03614280538577	0.3914099
3628	152.05680495718602	0.7280696
2091	152.0568956511376	0.5604986
1794	152.07069734809102	0.4797969
4645	152.07078399546214	0.83776695
18080	152.07083445507752	2.1791205
7151	152.0708523838313	1.4417591
20913	152.1071077521744	2.4483776
14761	152.10716744139583	1.9453766
529	153.03290811797362	0.39115986
3412	153.04137341566576	0.7836453
3996	153.06601536624547	0.7604663
49085	153.07701946061795	10.53044
49243	153.07702371198	10.649668
48195	153.0770339327658	10.120774
11574	153.09122722048247	1.7471098
48916	153.11342879794475	10.501942
48292	153.1134428716977	10.096017
47890	153.11345388140535	9.858908
22944	153.12757826558794	2.7465017
1989	153.13884505822546	0.47208598
11556	153.13885296637986	1.6981387
3008	154.04941432072036	0.62374616
4080	154.0500002122614	0.7713889
6195	154.05010596897085	1.1746814
2767	154.08634917942982	0.6210029
1567	154.0975456531241	0.47219735
5719	154.1101663428689	1.047299
24382	154.1228406700102	2.9905422
49739	154.99030351934607	10.790342
38691	154.99033275568354	8.605104
172	154.99033368707197	0.10571316
1150	155.04275842379994	0.47238094
2217	155.0815376546255	0.5852754
1234	155.11796025954993	0.43876696
4942	155.11800057054313	0.91534424
15834	156.01086051449434	2.0130484
1087	156.0421922127082	0.42159125
3141	156.06541344422652	0.5873884
858	156.07681772800456	0.41849747
4650	156.0768281511211	0.85870486
20830	156.10214367536886	2.4531083
855	156.14963201958386	0.41221666
10204	156.14971779504367	1.6256608
671	156.62916529910905	0.3999847
884	157.08023690578577	0.4290319
15319	157.09731942013423	1.9653101
633	157.13363386538018	0.34324357
766	157.15267035723846	0.41188708
12954	157.6936976737408	1.8136364
5688	158.02722344093272	1.0411677
2951	158.08131470014715	0.64166963
5565	158.08138697333936	1.02364
9023	158.0814222846496	1.5203829
2165	158.11767770707056	0.5742419
5774	158.11775100847666	1.0255953
23365	158.1177682753349	2.7989242
31322	158.15416040729556	5.3190536
706	158.16521593819772	0.39472842
37012	158.81041970344484	8.291685
99	158.96162629667427	0.081934914
816	158.96398210490915	0.41107145
49541	158.96406749081908	10.760588
49333	159.06647826245714	10.682194
1152	159.07652311927876	0.4604619
8979	159.09186175834594	1.543967
3579	159.11285277111568	0.71996266
5320	159.11287986804714	0.96692324
11705	159.1129048352523	1.7050078
1890	159.12087900287884	0.5653098
20183	159.14945873027835	2.4135346
1122	159.9692392342343	0.3942593
4019	160.06089517127876	0.78017783
4167	160.07584847778375	0.77254575
21876	160.07589703163427	2.5921884
12421	160.0759641359854	1.7400846
9126	160.09696073173797	1.5020901
3253	160.09699569737768	0.6622883
5765	160.09700490381056	1.0536294
2598	160.10807019896546	0.60211873
1574	160.13330405138342	0.4711761
3572	160.13332021109977	0.7139372
12895	160.1334353614847	1.8085295
3919	161.08122407634994	0.73568636
4651	161.08167545613898	0.8815257
48217	161.0820918465326	10.092028
1144	161.0922071778936	0.45476475
10861	161.10746392281564	1.6596773
8312	161.117415483125	1.5330306
817	161.12846322875944	0.4052803
3697	161.12879348817182	0.7423886
1502	161.13647475524897	0.47764683
4514	162.05508655474196	0.8470505
7426	162.05511373057809	1.4172229
12400	162.05515083478846	1.7542204
17064	162.05515706801327	2.0986013
14828	162.0552075796633	1.9408883
3314	162.05863081176514	0.7016103
2438	162.07613463222413	0.5937603
1350	162.07615394057865	0.4613671
10437	162.076251190236	1.6155899
1096	162.11253436553238	0.44781762
3699	162.13183060956226	0.73604256
12508	163.07554283940644	1.7909708
48910	163.0977077662613	10.539223
49246	163.09771838774913	10.661748
48746	163.09771983576474	10.4365425
48044	163.0977277278381	10.102399
47139	163.0977267932522	9.552012
48473	163.09773268275117	10.268292
47450	163.09773470535958	9.771756
47888	163.09773304873255	9.900284
46450	163.09774791691655	9.379765
22943	163.11190545656925	2.7354357
11649	163.13300610169912	1.6817926
19148	163.13307983882842	2.267323
953	163.97789649079022	0.4391679
16216	164.0708341752193	2.0393417
943	164.12826318190062	0.43346837
2771	165.05470059777286	0.6201789
8296	165.0549105947048	1.5020176
48286	165.0771102707425	10.112938
48532	165.07711685606444	10.270844
1959	165.10236053818736	0.5101344
18107	165.10245616633426	2.1741333
48921	165.11343782738945	10.517032
48155	165.11345177073957	10.095377
49299	165.11344908278818	10.678311
47666	165.11345613809843	9.872703
27968	165.12758725093028	3.848238
21106	165.12761059678147	2.452708
4673	166.0493069437316	0.8626724
1175	166.05341006634916	0.45789772
2473	166.0723830939543	0.58908314
2529	166.08633686583212	0.5961255
8396	166.08650103732558	1.5145197
4700	166.08651591792895	0.86979043
11999	166.0865186140458	1.7521735
49000	166.1086535526482	10.540959
49259	166.10866408754435	10.674671
48613	166.10866725965502	10.428314
48119	166.10867200182483	10.110184
46891	166.10867397499794	9.517623
47256	166.10867791317943	9.6827
47542	166.10867721842382	9.856946
47968	166.1086765723184	9.980166
48489	166.10867846925402	10.225146
1964	167.01288105823156	0.42839772
49743	167.01288023977236	10.7892885
7678	167.04538848142323	1.4584607
1572	167.09229672849565	0.47667113
48894	167.09270168941487	10.53165
49295	167.0927084568037	10.663188
48230	167.09273905328746	10.130138
22982	167.10682287709423	2.7408776
19667	167.10688232781155	2.251368
5232	167.11799835779732	0.95545906
6209	167.11808774326752	1.1649806
2528	168.01411716410246	0.5918107
3558	168.0651916283343	0.7097478
1871	168.0655107391771	0.5118389
885	168.07680521371003	0.42089543
3458	168.1231377502876	0.7125492
558	169.04577547204343	0.38849488
960	169.05873584776245	0.44105175
737	169.09563465094985	0.41698268
2916	169.097149893147	0.66785717
5881	169.0972194853076	1.0815575
4510	169.1335394941075	0.8480721
5329	169.13361159528463	0.96965486
8262	169.13363873467722	1.4549005
1116	170.03289119878391	0.44641563
904	170.04150830974376	0.42859447
1118	170.0479317659789	0.4409322
8853	170.06015323373188	1.5371581
2391	170.08112693419514	0.5849585
1399	170.0811542706398	0.46494377
6162	170.08123453935272	1.1705327
862	170.0923207557619	0.41330618
15144	170.11777116300962	1.964592
849	170.1652783495772	0.42120337
561	171.04335886051274	0.39034474
1290	171.07638942468336	0.45765787
14708	171.10173168553453	1.9640458
11660	171.1017373631286	1.7590386
6446	171.11295376406997	1.2457184
1253	171.14920290964227	0.5182994
10414	171.14929442433197	1.6478655
17356	171.14933654890626	2.1369636
45183	171.18555682260896	9.128559
11024	171.61810974034756	1.6686784
8531	171.61816450633626	1.5179657
624	171.99235744809536	0.38216084
2147	172.06035809924032	0.56536514
4647	172.09686525548045	0.86859006
4060	172.0968968792817	0.7610537
5722	172.09692891335504	1.0438043
10923	172.096935874734	1.6499857
13779	172.09694390391195	1.8535762
8006	172.0969560969571	1.4773074
15500	172.096995547157	1.9777873
19642	173.09220033648904	2.336037
4987	173.0924568661675	0.9094603
11788	173.11745328035457	1.7517016
2347	173.12858261840935	0.58244616
5011	173.1285969338262	0.9220159
2432	173.13976569361603	0.5886888
1268	173.1398914256836	0.4426624
865	173.17624599096052	0.42134342
7124	174.05298098311744	1.3753135
1508	174.07622010101016	0.47744268
8343	174.07627927739492	1.4535865
1554	174.08743182758178	0.47597975
1478	174.112607995036	0.47277012
12310	174.11273752638473	1.7265254
14820	174.1127296840189	1.908074
16517	174.11276420256416	2.0324414
2973	174.12373609777617	0.64065844
3960	174.14883632019252	0.75503993
2526	174.16020590386617	0.5789703
1166	174.16022571385102	0.43175942
10151	174.16032914045508	1.6726828
1084	174.1803118022139	0.45115367
20555	174.18543153448	2.4126267
2276	175.02368237989194	0.57475024
4057	175.0479387172541	0.77025056
2837	175.05340237180275	0.61497676
7952	175.0868317837518	1.4730468
15553	175.08685622733648	2.0013022
2706	175.10780064114283	0.6172564
9340	175.10784879578551	1.5234963
1432	175.1079176731283	0.45670983
27990	175.112085924764	3.8547797
12679	175.1160997586944	1.7620751
928	175.11904643013676	0.43075147
4688	175.11917991277474	0.8713693
2880	175.11942519853184	0.6276225
9127	175.12660062795936	1.5559232
5818	175.14431563708715	1.0631521
23810	175.14842476849643	2.8460863
2394	175.15706013680028	0.5680808
1384	175.1571594162112	0.4662368
2423	175.16361088076795	0.56898
13438	176.03790054639063	1.8458514
2255	176.05535059224968	0.57440287
7030	176.07086679413072	1.3462638
5828	176.07498439259754	0.99543613
3078	176.09184986180813	0.65943986
1285	176.09187533246376	0.46699435
5264	176.09193035783437	0.96182895
12297	176.0919884877348	1.7477936
6114	176.0919951218257	1.1564006
11129	176.10095174003797	1.675346
1219	176.1030851712813	0.46198454
48869	176.10559677234198	10.52764
48702	176.10561052421423	10.42217
48086	176.1056128301559	10.041643
859	176.12232172646011	0.43206102
2041	176.12821944854986	0.5250451
1386	176.1647280955425	0.4732928
933	177.02467796061407	0.43349046
25863	177.0554859571341	3.2997367
1394	177.0617150548053	0.4666366
4838	177.0762019185024	0.90437376
4145	177.10239266850647	0.7870446
48750	177.11405633602303	10.502523
680	177.9961321032019	0.40310222
8993	178.04989579319678	1.5807934
17258	178.05004576904165	2.172982
23037	178.05006416246582	2.7549517
12800	178.05010618982624	1.8496298
5630	178.0534751672377	1.0309687
822	178.05874698653992	0.4210861
4788	178.0724323990329	0.8301998
2898	178.0896882951236	0.63428587
5841	178.08980813026574	1.0700471
48885	178.1086170360261	10.521349
49156	178.10861895119717	10.631778
48223	178.10863213593612	10.132207
48640	178.10863013652158	10.39393
47808	178.10864348492706	9.922065
48535	178.10864317232856	10.2709055
2016	178.11859911117884	0.5531766
7557	178.14441942602835	1.4234447
48839	179.092596637375	10.509219
49229	179.09260425304834	10.629562
48298	179.0926190860238	10.089256
15978	179.1068321559324	2.0156708
19426	179.10684224035293	2.2679086
4432	179.1180671726164	0.82794935
22218	179.11913357324227	2.6237488
30933	179.1432025242261	5.188624
22669	179.14321951709366	2.6788983
49679	180.02193432169892	10.782348
17069	180.0657274262683	2.1015973
12589	180.06573288867463	1.7626698
2910	180.0866882911777	0.62661266
954	180.08721853428477	0.42529544
4062	180.08786422855275	0.7587025
13049	180.1020720823329	1.8003361
10904	180.1021081329687	1.6567817
5820	180.11328241362796	1.0794971
9567	180.13849772825822	1.584593
2022	180.14944581221712	0.59487563
19154	180.15961809310863	2.2680154
181	180.98987976489963	0.10928299
49709	180.98991826691432	10.785985
49561	181.01449630140047	10.771569
2007	181.05280206587844	0.5222486
10145	181.06101464188416	1.6203446
3549	181.0971763723817	0.6812676
10412	181.0973329952708	1.6363248
634	181.108218905094	0.40370822
22936	181.1224549400472	2.7205017
15741	181.12247418828	2.002456
4150	181.13365011293132	0.7407789
5269	181.1448375642563	0.9612779
33100	181.15884380860572	6.186703
23349	181.1701244593968	2.8010528
49736	181.98804246465107	10.789347
49560	182.0228599041732	10.771104
2470	182.029946105765	0.6028746
3044	182.05504648636213	0.6284064
1555	182.0579027906178	0.47362518
7539	182.08051008320209	1.468958
6361	182.08103771708232	1.1895628
1639	182.0812112048721	0.4861307
2776	182.08125400433985	0.6234915
2974	182.0932193353311	0.636972
2559	182.1029093395368	0.6034473
21095	182.11780975030345	2.4711537
1126	182.9852864330539	0.41978833
185	182.9852951960349	0.09992917
49705	182.9853048457725	10.785782
42067	182.98532159323292	8.816903
38755	182.985322397893	8.620903
49557	183.0093257167542	10.769343
2793	183.08460505751955	0.619983
8113	183.1016111670054	1.5035715
3393	183.11296273786857	0.73696655
5327	183.1129827614168	0.9697683
6280	183.1130546552914	1.1966608
8757	183.1132206749691	1.5508274
23336	183.14947290201496	2.7985744
8673	183.14949195322689	1.5211512
49558	184.01813855763908	10.771231
14875	184.0371439919793	1.9437342
2694	184.0604234635105	0.6101768
3877	184.060589044963	0.751642
1278	184.06400667721368	0.4675486
5592	184.0970078040286	1.0267203
15194	184.09707614666337	1.9623718
2590	184.10807283947443	0.5968842
1235	184.1444996301801	0.41053256
2644	184.1447435938209	0.60704756
49592	184.98547658332532	10.777178
586	185.0234797647513	0.40992624
4064	185.02355148235372	0.7946974
851	185.0687193401592	0.42083618
3166	185.0921898602901	0.65917313
25779	185.11733666707124	3.2497005
26761	185.11738555555408	3.4595826
19672	185.1174165485834	2.292828
22984	185.1174448576509	2.7330816
2575	185.12858795520685	0.60224736
10103	185.12881484461548	1.6254916
7692	185.12883229452908	1.4624872
2646	185.14802134159245	0.60704756
7304	185.1538774804254	1.3767436
939	185.9598810141461	0.43669716
49652	185.9827266471832	10.7794075
589	185.9834508838552	0.38701272
1211	186.0543762480765	0.45911124
2154	186.07624015892344	0.5665353
3263	186.07626224257623	0.67880845
1732	186.11263233929213	0.5352516
6279	186.11275598950004	1.2004162
15769	186.11278627981235	1.9901657
18864	186.11283885525955	2.198906
1895	186.16029336704284	0.47857785
49589	186.9809402127702	10.777084
30506	187.08683289277	4.967626
10513	187.08735447382145	1.6635765
2226	187.1079126982584	0.48769373
22192	187.1080076522312	2.6237638
8197	187.14441826204856	1.4974045
4044	188.055615692488	0.7671361
4753	188.0685236613588	0.8759688
26136	188.0707574090754	3.3417792
8975	188.07086944668083	1.5435913
11794	188.0743338407707	1.7230242
4677	188.09190404133807	0.86784595
2145	188.09190124791047	0.51859725
5448	188.09196175225065	1.0029261
7073	188.0920210576448	1.4398587
15342	188.0920012967069	1.9493032
2129	188.10297898561905	0.56457794
3766	188.12833577395511	0.73332787
15105	188.12838690009272	1.964679
17874	188.1284198923148	2.1340659
832	188.17586976979268	0.43242538
2242	188.17594605868325	0.5407804
49585	188.9785536463872	10.776522
7666	189.02742167664312	1.4579653
1213	189.04692452057984	0.45650336
14267	189.06960053859007	1.9005631
2113	189.0870657946436	0.56386435
21442	189.10250780160823	2.522039
48852	189.11350885745503	10.529758
48062	189.1135244152836	10.079135
49290	189.1135160760005	10.668935
47833	189.1135405729914	9.864062
2077	189.1234804752262	0.54214585
4154	189.12349556917948	0.80425453
3237	189.1234963656337	0.6860717
5073	189.12353216282463	0.922999
5629	189.12355613977093	1.0365744
12423	189.1237145932748	1.773405
844	189.15983410644407	0.42083725
20971	190.0501047920136	2.4640446
12151	190.0501976994788	1.712699
2705	190.07110916733336	0.6161129
11606	190.08991506254307	1.7325633
1796	190.10754984213224	0.510476
4568	190.10755872914052	0.85450935
5720	190.107604574716	1.0448116
15178	190.1076238339123	1.9122566
18534	190.1076298279807	2.219305
7378	190.10766009453792	1.4346087
11434	190.1076667022092	1.7087262
2141	190.11863094877387	0.5668666
28301	190.12632192279787	3.9745483
3242	190.13724472740327	0.6852401
1852	190.137449259798	0.46856734
3121	190.14392209198	0.6515437
11865	190.1440304316572	1.7565463
2872	190.15518248329613	0.6293377
1267	190.15524073954745	0.4638697
19448	190.1593798191081	2.298237
929	191.0768180241964	0.41898808
22929	191.1068657314585	2.7385445
12891	191.1069003797697	1.8304045
19663	191.11821621042367	2.321881
5996	191.11841590004812	1.1608928
2902	191.1212131812858	0.63552266
3562	191.13921392762825	0.7204483
5017	191.1392475271812	0.9088911
27033	191.14324974275107	3.5568283
27333	191.1643956960156	3.63628
951	192.02425363754355	0.4375828
5721	192.0260167700684	1.1037841
570	192.06201032684007	0.39741114
14751	192.0657920042518	1.9367456
9582	192.06929157304887	1.5852245
7291	192.0693026213866	1.4088135
8108	192.0868454547173	1.4506404
22831	192.1231983572192	2.7224197
48850	192.1243681516128	10.49062
7068	192.1604087459782	1.362053
5339	192.1604197528827	0.99028856
2267	193.0343609315	0.57338876
6447	193.09712082973684	1.2522314
27976	193.12261032299017	3.8455968
21096	193.1226246808801	2.4438941
34053	193.12264434929503	6.7599487
7071	193.13390565997045	1.4024221
1119	193.15491287686183	0.4552435
23190	193.1590545486103	2.8342452
686	193.9738219990473	0.4052901
2177	194.04830868091952	0.5680994
18117	194.0814929632081	2.161113
14291	194.08151019105367	1.8916875
4315	194.1033678261544	0.80916214
49522	194.11769407991605	10.762907
1349	194.1177358753893	0.47144547
12523	194.11789759343367	1.7721488
6702	195.0766858058322	1.2814907
21023	195.1003640364204	2.4340863
22512	195.101782349572	2.6617136
5199	195.11329789325228	0.95141715
6188	195.11331690012665	1.15765
4748	195.1228096565078	0.8825083
5609	195.12288398782405	1.0264455
48667	195.13522031682143	10.412755
15417	195.1379929052325	1.9611814
26972	195.1380717478584	3.5310776
8058	195.160734540682	1.4856695
10330	195.6065973787635	1.6297449
49803	195.9936135441181	10.800667
1127	195.9936600332177	0.37830132
49752	196.0168839443896	10.791776
39140	196.016979659	8.635424
7055	196.0608675911849	1.3589615
3222	196.0970778489931	0.6836261
5794	196.09717340151	1.0794072
8634	196.1181263647852	1.5104545
2379	196.1424242632679	0.58377904
2906	196.18090739283016	0.64850545
547	197.0407872721408	0.38919225
7839	197.06957671686044	1.4643888
2758	197.0921539981934	0.6220839
825	197.1009880818641	0.42007998
21617	197.1166227504852	2.5440812
18305	197.1167588230208	2.1872983
19515	197.11677611902903	2.302754
5821	197.12850310172485	0.964616
6066	197.12859154740133	1.1262531
9171	197.12860285759865	1.4636979
3590	197.1396866300578	0.7307841
30924	197.1538760645144	5.186171
22634	197.15389879620304	2.672088
3013	198.0761900231951	0.56861055
4906	198.0760851880398	0.8960766
1075	198.08680779177385	0.45760307
3649	198.09493390936453	0.73081887
12386	198.11262853618643	1.7678765
2937	198.1236096192285	0.6553238
21118	198.14915162851068	2.5553546
1734	198.15981377941395	0.47202614
3036	198.1601970032405	0.6772715
16844	198.18556866407744	2.0775714
528	198.9396037303934	0.38976887
2452	199.1078358517057	0.5915463
20833	199.1078726699769	2.4390743
4552	199.10789337534052	0.8469882
5496	199.1079364489985	1.0314672
15229	199.12338046126564	1.9361265
5255	199.1441824260115	0.94217616
4100	199.1442335272324	0.776501
33101	199.1695612571078	6.2070556
23101	199.169574238845	2.7647386
812	199.19173184026369	0.43605813
101	199.9880598967588	0.069588386
5623	200.03546048967132	1.0293019
4713	200.0547311369354	0.92789584
2209	200.0919005353253	0.5717814
8691	200.09192737669304	1.5217186
5498	200.09194399120827	1.0140413
48913	200.0929685898594	10.529374
49276	200.09297739612936	10.667949
48106	200.09299627153868	10.126694
47006	200.09300692421405	9.530147
47444	200.0930142515193	9.690269
23064	200.12836275559644	2.763663
12316	200.12838470875457	1.8820993
18468	200.12841775526687	2.1838703
23343	200.17537119411327	2.8006248
785	200.17577141278824	0.41926485
588	200.9726371612426	0.39624423
49765	200.9958399155159	10.791832
38738	200.99586138237007	8.616754
192	200.99625619672167	0.09370213
3882	201.07362530424908	0.7560821
2618	201.08708493527888	0.60891443
25462	201.12359323964372	3.2121232
1113	201.20725838768908	0.4555611
942	201.9337957572916	0.43526888
12617	202.04778265055063	1.7790164
4135	202.0708290323308	0.7702672
8379	202.0708481082206	1.4735228
5050	202.0708482154496	0.90526134
5579	202.1075574423639	1.0245512
10995	202.10762817342533	1.6685535
7398	202.10766930325363	1.4365506
49231	202.1086000449087	10.61404
48887	202.10860378219195	10.454595
48003	202.10861817185275	10.054482
48406	202.1086240838408	10.224158
47919	202.10863332520088	9.919242
2562	202.1184442223829	0.5862172
3307	202.1343966900729	0.6958282
22975	202.14398630446388	2.714193
19540	202.14405876257777	2.2992468
1238	202.15466536994387	0.4422546
9510	202.154762108824	1.5841521
419	202.1914075140624	0.38570526
9065	203.0485299420485	1.5509135
1055	203.05271654961587	0.43754956
21877	203.08151994181537	2.577513
3215	203.0817166303715	0.70572287
2842	203.1026970263032	0.6860716
19206	203.11039056294445	2.2739627
1239	203.11268407327304	0.50567466
21470	203.11826268189404	2.56103
28215	203.12815171138507	3.9389856
14653	203.12817022457605	1.9107666
15320	203.13918224837548	1.9803197
3164	203.13921228064856	0.67296743
4844	203.13925118971227	0.8923204
6781	203.1392664488284	1.2924839
5583	203.1392905297556	1.0322313
7081	203.14892436195657	1.3070661
1049	203.15039492025656	0.4416091
708	203.223091145818	0.4071733
1712	204.0437429546465	0.47645324
2836	204.0631351575304	0.624676
6449	204.0692809633623	1.2378564
2614	204.0868181903915	0.5882816
4074	204.08682066981385	0.77123046
1518	204.0868537208832	0.47487563
2351	204.0968997806245	0.5334551
9458	204.1022963456489	1.5862501
4801	204.123215206218	0.84461087
1450	204.12326332097703	0.5068911
24159	204.1232828739308	2.9456682
6300	204.1233009635376	1.1995131
8688	204.12330436107803	1.6477152
23366	204.12331477159856	2.778608
15056	204.12332659872112	1.8693775
2563	204.1338505622235	0.5855373
1718	204.13387498103148	0.46869177
12181	204.15973910823377	1.7458401
5412	204.1708014037297	0.9659893
4201	204.1708570628462	0.7364732
710	204.95709600023767	0.40445524
49593	205.0171433277252	10.775821
4046	205.08217977979385	0.76837283
8973	205.09743180922257	1.5432687
12424	205.09773978101444	1.7233977
11366	205.1072933019616	1.6905823
2493	205.1182460477602	0.5910386
5766	205.1548043778364	1.0576861
7794	205.1549594604014	1.4894944
10404	206.0402243721782	1.6310037
4528	206.0449375021869	0.84404343
10870	206.04512443901044	1.659209
21072	206.08140737491456	2.460687
19878	206.0815045360372	2.3430793
2736	206.1024451200171	0.6091342
4778	206.10251765168425	0.9454544
14985	206.1177559579811	1.9386183
21445	206.1289134578808	2.519955
5631	206.1388481495417	1.0358102
49546	207.0174775280548	10.765442
823	207.0506019735021	0.4165208
22972	207.0998869511241	2.743709
15962	207.1016438492773	2.0167308
11007	207.101748454216	1.6906211
2286	207.1130264935716	0.57272863
2805	207.149281526416	0.62418306
11559	207.149442206598	1.7060484
11906	207.65753365853453	1.7329634
49741	208.0394051653564	10.789091
620	208.0394330992703	0.4206221
6655	208.0606307203377	1.2756097
7405	208.0607176629292	1.4259158
12114	208.0607184495613	1.7486814
15293	208.09705144130865	1.9820014
18135	208.09709430066687	2.1786222
10495	208.16269256652177	1.638669
27338	208.19088489186672	3.6357253
49536	209.0128123234346	10.763516
16565	209.117154235094	2.0328386
22942	209.11730945194847	2.7470078
8348	209.1285186937944	1.4098487
9139	209.13885107259665	1.5903636
27041	209.1538106590805	3.5503619
34126	209.15383200408337	6.788992
32087	209.15385709546592	5.68173
49579	209.94606791583536	10.77557
4730	210.05051032533973	0.8740855
2232	210.0608068120924	0.57343733
15309	210.0732751419692	2.012812
3262	210.0760933354929	0.68194586
17259	210.0762969056656	2.104346
20495	210.07636994594696	2.4083853
2039	210.0765150964021	0.5557468
2101	210.08717754137024	0.5634321
15102	210.1114264720086	1.9605125
23357	210.11263209102697	2.8009784
2458	210.11263354264537	0.5358581
4262	210.1126938933804	0.7951029
8052	210.11274615411168	1.5113865
11163	210.11276597612405	1.6437626
13985	210.134310456968	1.8768135
8074	210.1855807682073	1.5117646
3098	210.19637373029587	0.6669579
9314	211.0579487311853	1.5522878
21446	211.08426053845545	2.519955
11918	211.09477928112807	1.7519722
5068	211.10683921028257	0.952496
18319	211.1076077875736	2.2150693
3831	211.10766948907727	0.7337864
7364	211.10775999105672	1.4096413
14303	211.1077637765932	1.8881073
14223	211.1322676621116	1.8865925
15805	211.1325311916912	2.0040293
34073	211.13281629633585	6.759768
27981	211.13289806681493	3.818095
21098	211.13294572048235	2.4432304
17378	211.1330400692165	2.1145852
5599	211.14422986360125	1.0016819
10228	211.144244506626	1.6062114
8408	211.1442497586281	1.4849535
6917	211.1549625713794	1.3271219
30195	211.169453828036	4.797932
28312	211.16947349292977	3.9710457
23802	211.1694895157489	2.887577
692	211.1918829349399	0.40274027
29447	211.58053723034536	4.50808
1032	212.0668517634597	0.4699802
4732	212.0911019408444	0.8295591
7384	212.09123389105747	1.4432191
5727	212.09141761739244	1.0614812
3089	212.091848117102	0.6111505
10176	212.0919197548276	1.6141617
7687	212.10282726314563	1.4526247
1548	212.10301909653745	0.47876066
25344	212.12807199373609	3.189861
4749	212.1491504608436	0.8761851
5613	212.149276543231	1.0273253
27598	212.16460573866868	3.7317817
10415	212.17541005733543	1.632092
576	213.0183457026825	0.40099087
846	213.07461391545985	0.43961135
21171	213.1122833592965	2.4655914
2497	213.1234088338576	0.59221905
26979	213.14861146441515	3.5335884
22291	213.1487220036838	2.6360314
13998	213.14887610823592	1.9432303
17357	213.1594160429387	2.112396
7149	213.16000562449173	1.3777492
8627	213.1709972130934	1.5202085
33057	213.1850754003982	6.167757
636	213.20738233821572	0.40602472
14803	214.04760539041567	1.9417757
1037	214.058928241053	0.44609824
8152	214.0702327067424	1.4334104
2392	214.0710622194366	0.58216614
7292	214.10713940624868	1.4293159
5331	214.1071650572459	0.98266435
10501	214.1072841920943	1.6613483
13719	214.10735985671928	1.850084
20454	214.14386819287336	2.400988
17266	214.14387983053612	2.122605
15985	214.15328271321903	1.9855151
30925	214.18026300770137	5.1857452
510	214.91735415236764	0.390937
2221	215.0161698484829	0.56342703
4199	215.04859197871392	0.79487914
632	215.08763483159404	0.39746323
10484	215.09216089100195	1.6265963
7483	215.0927667903169	1.42155
1419	215.1027599408858	0.46937722
4916	215.10276076717545	0.89986926
19405	215.12808774209344	2.270502
17895	215.1281192635056	2.0383086
14850	215.1389877598276	1.9374838
2547	215.13918143048184	0.6867395
3591	215.1492842849581	0.70270765
866	215.2226485441412	0.41768032
2929	216.05434865515377	0.64499676
18085	216.06304009052528	2.1794536
14355	216.0632050686136	1.9028563
4566	216.08632397744245	0.864653
14958	216.12325580887384	1.9371309
20209	216.1232715328243	2.3420067
12125	216.12328380126897	1.7563221
3990	216.1498106841705	0.7648152
21353	216.15961379181044	2.5436852
11954	216.1596194511371	1.8000746
10801	216.1596663663744	1.697225
6435	216.1701611792886	1.1770003
5281	216.17081335957883	0.96463376
33102	216.19605439399865	6.1971927
6424	217.0643153773688	1.2304171
1281	217.0683474163677	0.4651507
12221	217.09748045079647	1.7587315
14883	217.0975780902241	1.8918718
2278	217.11823214812063	0.5598275
3588	217.1183090669122	0.7248054
4433	217.1183516441133	0.827385
2057	217.12949973242144	0.52010566
2939	217.1547442882801	0.6441942
3928	217.15485085495044	0.7611082
4933	217.1548771011012	0.8987009
7872	217.1549259023301	1.5689085
5168	217.1745396294219	0.963875
1114	217.20237952618308	0.43594354
7052	218.04283853853104	1.3586323
836	218.04296969374195	0.41124636
8263	218.05606874851347	1.4984103
2709	218.10241406673208	0.6017521
6613	218.1025311604339	1.2658098
2623	218.1134834957821	0.604236
10056	218.12885551698028	1.6086581
12062	218.1388886665932	1.8055239
9779	218.13891664902656	1.6326393
18466	218.1389306753545	2.2225175
649	218.1497215762047	0.40708035
1241	218.1862433806168	0.39718476
4982	218.18643735979697	0.9145882
2082	218.1866023798263	0.5620312
24639	218.1903533192214	3.0372274
21721	218.21169379811963	2.413904
488	218.98357352769213	0.38782766
950	219.026554931506	0.43752688
818	219.08282752153724	0.41734958
19565	219.09196080236	2.3171117
5051	219.09780681615464	0.9028582
19796	219.11294604815745	2.3133717
9714	219.1132824651277	1.5911946
2714	219.1338605819925	0.6161426
1547	219.13392213732976	0.4757332
4454	219.1340163931432	0.8949124
3594	219.13398813454185	0.7330148
19643	219.13415220116212	2.326066
48214	219.135026679316	10.110524
48502	219.135039861385	10.237892
1489	219.17034710420089	0.4698003
12274	219.17085682063657	1.7712544
34076	219.17459125853296	6.7729254
4945	219.1898852507013	0.9026423
17914	220.06408612354653	2.1678283
8695	220.07147942754585	1.5693891
8380	220.0817701699404	1.5074351
23458	220.09701267600585	2.8147137
4308	220.11810510756692	0.8031427
5582	220.1181112658267	1.0325463
3055	220.11812492072207	0.66996276
2495	220.12897347651383	0.58829606
6552	220.133482217038	1.257475
19197	220.1368590483104	2.2734416
4890	220.13762307812075	0.89207256
15603	220.1443976758515	1.9934288
5677	220.1462944850908	1.0307789
6115	220.15427061294017	1.1420541
4849	220.15443031701847	0.8678818
9341	220.1656385365282	1.5575345
18116	220.16986112983025	2.1824925
779	220.93433727187	0.39297873
531	220.9807158565021	0.38668385
18932	221.05894336400755	2.2492063
8322	221.05896116115332	1.5040975
3274	221.09278874923976	0.6926904
3037	221.0949911704288	0.65518576
602	221.1495205115788	0.39521605
5272	221.14962681225532	0.9614189
12300	221.1501235685416	1.7460525
33099	221.15279451243867	6.199436
21201	221.15377995904032	2.492679
1163	222.01995731952132	0.455409
16905	222.07634817252992	2.0885484
13369	222.0763959270588	1.8459513
3322	222.07938990206583	0.69625676
18814	222.07964792394105	2.2401414
5397	222.0796855772215	0.9924909
1343	222.0972156561252	0.4717377
19876	222.11264547864744	2.3387358
12819	222.1237379164216	1.7774884
2900	222.13674289124697	0.634166
6610	222.17011898798148	1.2663808
45349	223.0633222266872	9.16091
7776	223.10785361653072	1.4603082
5835	223.10836002827364	1.0775667
5271	223.1107166847533	1.0010846
34690	223.1694518302084	7.089856
1062	223.1914025567628	0.4304935
580	223.98849525535823	0.40441447
49574	223.9884991583402	10.774986
38488	223.9885358015132	8.596472
49700	224.0116521156725	10.784867
197	224.01175853984324	0.11187002
16640	224.0378173209015	2.0659273
13423	224.04126595089647	1.8463347
4523	224.055374818498	0.8494564
2502	224.0917600451283	0.5916544
5144	224.0919133919314	0.9376961
16538	224.1282334656701	2.0618424
13353	224.12828023092823	1.8425621
22219	224.17761529600543	2.6222453
10606	224.2446058013846	1.6454093
49577	224.98930302629404	10.775041
11927	225.0870825009046	1.7350453
14711	225.11107516814909	1.9288633
15824	225.1118006312638	2.024114
4851	225.12248568584533	0.8821788
5548	225.1226696382398	1.0149575
18143	225.1234213360832	2.1849983
10703	225.1234494753052	1.6617937
2839	225.1373672499248	0.63494235
11100	225.1485221658463	1.6806151
927	225.1710952211773	0.43735415
1063	225.2076780671072	0.42325345
487	225.98578951444452	0.3871085
49598	226.0119918228299	10.778239
2317	226.0708457592821	0.5821482
2519	226.08139521930624	0.5784073
3064	226.1074955878756	0.6589802
22733	226.10750631405097	2.6986597
7129	226.1075428269953	1.3891535
2040	226.1084946886264	0.5473419
16861	226.1438428625812	2.045117
19077	226.14384961716183	2.2842317
22546	226.14385666830745	2.681653
13727	226.1439338325421	1.8612543
4239	226.154875360735	0.7968013
30398	226.18023158195933	4.925039
15976	226.1803224207989	2.0177357
49482	226.9513684537357	10.758848
801	226.9513837458456	0.4104476
1702	227.04293127532907	0.4829016
21448	227.0580913884994	2.519955
4059	227.06396263477245	0.76948404
8940	227.07910386592977	1.5418041
12427	227.0807493187513	1.8287345
11439	227.0895229078388	1.6794962
3517	227.1024701100688	0.71268994
5750	227.10268042140785	1.053981
6735	227.10278424622297	1.2902602
833	227.11449124231044	0.4203949
29011	227.11789193036608	4.3019137
1140	227.12590574151605	0.45137087
29505	227.12771142215288	4.5291133
26882	227.1277653234267	3.5083227
13138	227.12776480167528	1.8934002
22934	227.12784897478224	2.7374926
20980	227.1279158327542	2.4597929
16420	227.1280531198864	2.023619
18750	227.1280583297946	2.2364268
3059	227.1501739501417	0.6349467
10065	227.15052309682005	1.5571225
22322	227.15438938949825	2.6422517
698	227.162922925172	0.35490227
32083	227.16435128631747	5.6723948
28560	227.164359819598	4.083357
11548	227.17553278739348	1.7231176
37797	227.20059722196555	8.484343
639	227.2232561847356	0.40045905
739	227.95492997202888	0.3978044
49594	228.00735714342176	10.777794
5454	228.0504206884808	1.0023875
4698	228.0632047332025	0.87165785
19868	228.0633230412987	2.3411615
6276	228.06911057387344	1.1966821
2984	228.0864978098972	0.6434756
2923	228.0976907799832	0.5505689
4609	228.09783397301908	0.8188599
11760	228.1133740450821	1.7179004
21078	228.12301359995183	2.4644675
5852	228.13430095417	1.0745426
4513	228.14573378869363	0.8483544
22769	228.15954833028687	2.6777189
28209	228.15957182775776	3.9163263
3052	228.1702923046915	0.6481027
9591	228.17038738504388	1.5623432
23325	228.20721394151604	2.79982
45426	228.23207011541444	9.169161
13399	229.09687928309827	1.8446525
1642	229.1011851479001	0.53018165
13083	229.10639851849325	1.8234222
6032	229.1071281347517	1.1182657
3574	229.1183710910588	0.64896464
2172	229.11837417762803	0.5726304
6248	229.11848787015808	1.1946087
34064	229.14357972193395	6.755108
27984	229.14374748777303	3.8492906
21092	229.14376878821423	2.4540217
17643	229.1438342608656	2.0688548
22454	229.1438148795856	2.594976
1779	229.1546961311061	0.5455512
3440	229.1547750200257	0.7064918
5888	229.15485448872468	1.0916666
8732	229.15494272587705	1.5312798
6733	229.1549530331369	1.2973374
6905	229.1649710009806	1.3118039
30186	229.1800738060703	4.8210497
23806	229.18012133646107	2.8845687
49590	230.00493904878243	10.776647
6685	230.0421981712098	1.2783695
12170	230.0426363231429	1.7532597
18159	230.0790265851493	2.1842108
7270	230.09244636235096	1.39497
11617	230.10252648343808	1.6316354
2823	230.12894145198248	0.6263374
9130	230.1289472687753	1.5656945
21173	230.13859473735835	2.451036
13336	230.13881267283384	2.013257
5824	230.14945303211047	1.095211
8582	230.1585306568456	1.5266123
5887	230.16537642159523	1.089015
26978	230.175199386442	3.5337412
27588	230.1752225787533	3.7302828
14552	230.17530757609532	1.9344174
17425	230.17533346181287	2.1515214
2457	230.18620161907884	0.5909801
1522	230.1862997612231	0.4747415
10454	230.18633225027875	1.6539522
33095	230.2117234044776	6.181301
598	230.23410826402232	0.3928278
34362	230.2480697277836	6.915079
36926	230.24808861143856	8.260857
2066	230.9901640067102	0.50441384
648	231.0651424661507	0.39798397
26329	231.07590832072785	3.3812668
2124	231.09740846938843	0.53348935
13078	231.11394589632948	1.795884
26320	231.11468583513337	3.3691354
7863	231.1150277519939	1.4940047
15929	231.12327793326108	1.9795004
5567	231.13406544057972	1.0165285
27038	231.1354082737289	3.55661
27755	231.1417468936091	3.7847226
1160	231.1451982794068	0.4561709
15540	231.1594877282886	1.9541148
14235	231.17038396458767	1.9144886
9240	231.17051093595416	1.615163
7186	231.17049159955863	1.3951759
12038	231.17050266490776	1.7348557
6164	231.1705047624669	1.1648405
2599	231.18986505192555	0.5888355
857	231.2180018428461	0.42024508
2448	231.21810143211772	0.5775803
18086	232.0369841096732	2.1794536
15343	232.05582780709696	1.9851031
898	232.11133636062348	0.43258443
12791	232.11804226804747	1.7809827
2092	232.11819790718872	0.5333886
9920	232.118304609614	1.6502104
4409	232.11834046787467	0.81525934
3791	232.12918044197812	0.7435717
11152	232.14312874734765	1.7117795
18313	232.15446052565449	2.1702275
20489	232.15446123943164	2.4018514
14781	232.1544938769695	1.8827226
6284	232.1546336114086	1.2144588
6377	232.1657732234121	1.2616951
9969	232.17406901398485	1.5670198
7987	232.20215259114795	1.4906535
28531	232.2062236370319	4.0738764
579	232.92811522702223	0.387255
20569	233.0762045455473	2.4143667
8807	233.0922277327692	1.5272257
17712	233.09226590449265	2.1643684
16268	233.0923155603505	2.0452027
4587	233.1128783748078	0.86143637
1559	233.11293459261685	0.47392508
24688	233.12059985727177	3.047907
30509	233.12863868177087	4.972436
7673	233.1290168747757	1.4808829
25136	233.1318455201457	3.0878358
29453	233.13235642341843	4.510257
19410	233.1387404427512	2.294683
7814	233.14926802767783	1.4674604
22193	233.1493444334702	2.6160088
4189	233.1494534320589	0.79023045
2639	233.14945998920072	0.606886
5649	233.14961619098804	1.0330389
5071	233.1496862062746	0.9244317
15235	233.149983409418	1.9930589
599	233.72068674532548	0.3944128
2018	234.01070876076875	0.546654
1790	234.06083620197165	0.49469838
2966	234.064801337416	0.6469654
18496	234.07147871997503	2.215432
21582	234.11267655739715	2.5462062
7299	234.12382768737533	1.4082388
11783	234.13382631806456	1.7531456
6005	234.133972287955	1.1157075
2121	234.1447563872626	0.55668867
21449	234.1590753758312	2.565324
8285	234.16016006714727	1.4729172
12280	234.17013264178107	1.7552674
14975	234.17014655066413	1.9202598
5580	234.18121086378125	1.0259601
12428	234.181979286455	1.771929
420	234.21785241616217	0.37941924
534	234.9610895912711	0.38803247
826	235.0567802827917	0.41920775
21165	235.09423370328864	2.482271
5418	235.10788929662928	0.985162
17121	235.10798192697885	2.1051464
7078	235.1088378248996	1.4014866
24697	235.1342446871676	3.0540848
1056	235.16524506106984	0.43323985
4458	235.1653007922192	0.8340289
15181	235.1654335695525	1.9724692
33042	235.16843833821	6.1677265
32407	235.1694069230844	5.824736
17316	235.1694855554526	2.1215944
14618	235.16962785958347	1.918308
13823	235.180698245642	1.8679734
8075	236.0506374458022	1.4847511
7217	236.05900380206063	1.3952532
2335	236.112915003543	0.5505456
24846	236.1130621217066	3.0703442
17635	236.149461773774	2.116648
14491	236.1645450461088	1.9169682
24667	236.2008593658344	3.0437725
1104	236.90643258746687	0.41439456
49657	237.01993934831543	10.779961
4973	237.0849466676213	0.9106111
3030	237.0874303306992	0.65148926
8462	237.1091902053273	1.5541449
23884	237.11059557254487	2.8850582
18644	237.11555551917408	2.2249467
5773	237.1235031497604	1.0600461
8394	237.12365654185885	1.5098228
18087	237.1236574114164	2.1312468
7276	237.12636585434765	1.4046354
22693	237.14843503446025	2.7154562
27009	237.14859532316305	3.551143
19143	237.14863248662468	2.2437797
16474	237.1487297100376	2.0657816
14884	237.1598511328345	1.9003655
6421	237.15994354835223	1.2349539
7915	237.15996601201243	1.478423
18625	237.19638034570823	2.225376
4602	238.0690309217052	0.87037456
5990	238.07457001441207	1.1226197
20192	238.10551991382144	2.3775148
14925	238.1055757147448	1.9468534
12264	238.10642495363828	1.7597302
25681	238.1074797158016	3.238357
8272	238.1076492422564	1.5033463
3829	238.11857819001352	0.7448061
19908	238.13338682150533	2.3562188
17869	238.1339886275523	2.223431
20920	238.1435704346277	2.4441774
19392	238.14390602573403	2.2930107
3020	238.15486972631308	0.65211487
12936	239.0910264197153	1.8303823
4526	239.1019086801913	0.7695787
2085	239.1047514546001	0.5679073
3569	239.11369449153705	0.72408473
15721	239.1270615557993	1.9748303
5817	239.12900188776456	1.0656608
9956	239.13811945666703	1.6303127
17917	239.1388461837888	2.1662424
20361	239.1388483394778	2.4032571
9016	239.14912926564875	1.547888
1405	239.1492221359544	0.47529492
23075	239.16313464063012	2.7753093
21210	239.1633782723609	2.5161362
29065	239.1637875403939	4.3184214
27336	239.16379783684863	3.581496
15244	239.16417763545653	1.9881549
5278	239.1753602827472	0.9574335
14378	239.17561849149607	1.9021475
21897	239.17568734393868	2.5747113
1297	239.22446799893683	0.45625687
556	239.966411704096	0.38943052
3162	240.0358231347783	0.6804526
6564	240.08591724265688	1.245326
2764	240.0863700209297	0.620555
12699	240.10232634250988	1.7852268
20682	240.10549616583288	2.4304192
2701	240.1087475045976	0.60771626
18444	240.12184121207923	2.2058318
13420	240.12284100493005	1.8507344
10301	240.12313736464787	1.6213254
18019	240.14331578034785	2.1698468
10230	240.149847336548	1.6110575
7831	240.15066738683592	1.5003959
23084	240.15942412671865	2.761525
17031	240.1595717336812	2.1607957
14865	240.1596071805696	1.9418985
19270	240.1596792210544	2.279714
5595	240.1806833344096	1.025954
674	240.7284483785539	0.40054855
538	240.96791260759773	0.40367743
479	241.0153897409411	0.3872381
924	241.0298894617888	0.44082013
5025	241.0817803533237	0.8515307
7531	241.10520725419505	1.4778578
9122	241.1052672834045	1.5807761
5022	241.11757172706703	0.9417178
19645	241.1178372145339	2.327639
27118	241.1434907244728	3.5574913
19259	241.14350833734056	2.2731962
17150	241.1435193100201	2.0816772
22743	241.1435527162985	2.7156405
29510	241.14360689763444	4.516495
2625	241.15465290483584	0.60259134
3817	241.1547001744417	0.74319345
13876	241.166284586078	1.8591269
34685	241.1800054411844	7.093533
914	241.2018343932762	0.4468004
23636	241.2038517861572	2.8488016
476	241.9994415201256	0.38822636
12880	242.0120134772923	1.806379
49759	242.02219540776065	10.792299
8344	242.0647046867637	1.5275955
7844	242.0662249932665	1.4698511
5590	242.1001577335662	1.0258846
3959	242.10203369180084	0.7630116
16390	242.1386626333483	2.1901393
23834	242.1386468835547	2.8864589
5432	242.14979391585584	0.98897
11691	242.18625556015547	1.6998837
1303	242.22518941956145	0.4618691
9226	242.7022243582644	1.5606313
824	242.92544939950912	0.415056
4028	243.03796393186548	0.7635091
8692	243.0531050683516	1.5410398
12430	243.05391971627944	1.7228582
2925	243.0744374575254	0.66022587
20609	243.08791647359376	2.4216294
5154	243.0976761230751	0.9411146
5601	243.1037474713408	1.0282269
12469	243.11287288096784	1.7783544
15971	243.12299209208243	2.0108955
5365	243.1339362180641	0.9880943
3538	243.13396727577083	0.6436375
5978	243.1341607788884	1.1119082
7404	243.1341866252665	1.4261446
27088	243.15914843054043	3.512542
28126	243.15923499086333	3.9329743
34050	243.1592768786888	6.7571783
483	243.99666753780687	0.3865878
13663	244.02777279977823	1.8611747
16899	244.05829502899616	2.087607
5381	244.06163581426907	0.98912907
1149	244.07947899615	0.45602423
1376	244.0927435211412	0.47174034
13255	244.09730013875924	1.8351424
26878	244.1543400101232	3.5063126
24902	244.15442815738592	3.0613625
17315	244.15451431050943	2.1140633
20088	244.15453607105528	2.2945564
11188	244.15454154432155	1.7097878
5500	244.16571067476883	1.0174726
32086	244.19078202685515	5.660054
30400	244.1908650636856	4.9255424
13609	244.20222906005424	1.8456113
7932	244.2023622249776	1.417978
660	244.2497162658584	0.3986073
2004	245.0767091201612	0.5421354
7709	245.0900123592416	1.4612166
20107	245.0944189902187	2.373715
5241	245.09555416465537	0.9584524
2316	245.1130327515337	0.57878625
3244	245.1131442366624	0.6893753
20808	245.113275010802	2.448793
21674	245.1386494793187	2.5322456
22945	245.1386545411964	2.744534
25764	245.1386621164012	3.2540348
26777	245.13871709242	3.48899
16242	245.13872174682484	2.0432427
18806	245.13887295931312	2.2300599
4947	245.1495535931712	0.89782387
8705	245.14966626347623	1.5304859
11729	245.1499001112813	1.6926898
14106	245.1499099795249	1.8938254
2985	245.16080125889425	0.6412845
3729	245.1609046839404	0.74275035
3581	245.1762774956344	0.724568
2578	245.18588990776888	0.5957449
16558	245.1860379829608	2.0662482
14793	245.1861163875681	1.9368759
12868	245.1862143145494	1.7567827
748	245.2333529201843	0.38676286
16626	246.0198781895804	2.0658333
4590	246.03728570051103	0.86080915
18173	246.0525798943189	2.1873474
7825	246.09094523644688	1.4682777
14405	246.1234509082851	1.9119208
3298	246.13347371803	0.7043728
12473	246.1336662687983	1.8121744
2449	246.1447145313426	0.5869492
4668	246.14490951465748	0.942785
2653	246.1700774102292	0.5737763
27993	246.1701035814541	3.857796
22786	246.1701039362978	2.7147994
18955	246.1701744807401	2.158862
13986	246.1701857190852	1.9270076
889	246.18112380514063	0.4262804
8555	246.18141566608	1.4586576
4940	246.18155169843268	0.8342485
13411	246.1818331023292	1.819162
28314	246.2062992440441	3.9680438
23807	246.20653326768465	2.8690069
30188	246.20686736133385	4.8155313
5003	246.21726888508093	0.9497318
28802	246.24296668705	4.2094493
23697	247.09200062797532	2.8850672
28204	247.092258151441	3.9206045
18399	247.1079839601645	2.2957282
9061	247.1081354660917	1.5539306
6763	247.10927699859823	1.296231
2737	247.12864652901905	0.61792403
1609	247.12877943260327	0.47975272
4152	247.1289156769056	0.7887204
5333	247.12902952564693	0.97404903
5907	247.1290729971288	1.0932246
2968	247.1390935063513	0.6297504
1891	247.1397100311744	0.50748587
4418	247.14046910524155	0.8015991
21090	247.15421452521005	2.4757369
25463	247.16530012370865	3.2173958
7639	247.1653186851613	1.4527031
49529	247.1665166079208	10.762058
1641	248.0764392714061	0.48081672
24158	248.08700923065453	2.939725
23314	248.08707507440985	2.7962036
8307	248.09518678750405	1.381798
9102	248.11371022383585	1.5845613
7271	248.12481698590625	1.401437
4355	248.1437312692373	0.82597804
2596	248.1493017184337	0.578186
13881	248.14950866062617	1.8759692
18754	248.14952571350787	2.229116
27754	248.16796496797875	3.7838788
11169	248.175713933934	1.648249
14984	248.18582497170536	1.9230549
15322	248.19710288269772	1.9839108
17345	248.2010667182945	2.1199613
8704	249.0612332800217	1.5386598
26879	249.10989509324943	3.5075002
15873	249.1102945435325	2.0238893
21880	249.1234741031581	2.5434384
3671	249.12361245195987	0.7499918
5806	249.1264861477088	1.0647722
5048	249.12666366314303	0.9227629
32079	249.14730560470207	5.683962
1214	249.1557598252268	0.4581569
15363	249.1699603350336	2.0274663
31353	249.1849714373576	5.2701654
1471	249.2534899707456	0.4944477
5444	250.0319447601464	0.99989384
8133	250.0382181951707	1.489223
4709	250.0386585018832	0.87277395
2735	250.07419453082943	0.61581933
2944	250.0797060411872	0.59635574
21071	250.10541583296083	2.4729984
13521	250.11051772703064	1.8504709
11892	250.11075363260443	1.7292162
28604	250.1123618552634	4.106626
17117	250.11883078441247	2.0498228
2009	250.12858135387248	0.5178508
4045	250.1397968186672	0.76837283
17734	250.1437534550264	2.147592
14367	250.14377467653992	1.899962
19883	250.14390608172653	2.3439426
12433	250.1549025309808	1.7484716
30491	250.1550112248184	4.9564295
19408	250.16520020369367	2.2987902
25350	250.21650164410607	3.1922848
522	250.93865357212096	0.3725257
49576	250.9723976252193	10.775461
5864	251.0778812318575	1.0832845
6242	251.10029806311985	1.1865774
11413	251.10287468730263	1.6948597
29589	251.11763457377148	4.5678687
27979	251.1260011652056	3.8495286
8689	251.13755298555964	1.52909
10921	251.1390464765124	1.657733
12420	251.1395311610684	1.7815098
595	251.16007848664384	0.39472368
23482	251.16314201054465	2.8315606
30202	251.1635038589401	4.8207927
22086	251.163864585486	2.636749
6891	251.17564739217795	1.3172265
10187	252.08479904762743	1.6242758
17261	252.0867532373101	2.114856
14330	252.0869114314949	1.9031608
8697	252.09803617776305	1.5260062
3350	252.1089825398567	0.6986446
16509	252.1211278684353	2.058681
13387	252.12271859456465	1.8450553
7540	252.13503697310293	1.3880757
16975	252.1446733304989	2.0706825
19102	252.14973500874467	2.263207
27603	252.1572524476373	3.7309506
11493	252.1593229149892	1.7045946
20895	252.1593533903541	2.4483414
17270	252.15946402444808	2.113889
640	252.18088815815065	0.4498889
1801	252.97234977986804	0.48499086
4914	253.0583937490373	0.8987792
7202	253.0852499059763	1.397878
3834	253.0931634327391	0.7503404
18738	253.10520166059223	2.2059746
16353	253.10521993446093	2.02258
5543	253.1168870059396	1.0255954
4079	253.11804357327355	0.7730027
7074	253.11824462783585	1.3697109
2940	253.1184492687591	0.62497246
16084	253.11873868780745	2.0253372
9406	253.1286949001156	1.6083721
22283	253.14235102022025	2.5921118
14195	253.14252792755704	1.8717256
16479	253.14259100198512	2.0293214
21190	253.14281530458143	2.4194148
24719	253.14304254066408	3.0203056
7187	253.1531221159252	1.384806
6168	253.15317798809627	1.1660503
9175	253.1535634769449	1.5596447
21293	253.15496751645404	2.497967
17304	253.17979066436592	2.1130471
14639	253.1799593711924	1.938624
23176	253.19141902599097	2.7772722
31911	253.21633896352145	5.6081185
4612	254.0426728987052	0.8630332
6050	254.1016799492564	1.083446
7424	254.101944972039	1.4393609
5389	254.1020429671609	0.98038656
16407	254.1023693864636	2.0275311
20492	254.13709915359868	2.3969448
10463	254.14920507845304	1.6270744
44575	254.24769678795064	9.086575
8077	254.99360905710367	1.4863662
24543	255.06520795764763	3.0197277
20043	255.06560687381096	2.3580852
4533	255.0739775384743	0.8480552
16290	255.0742183374469	2.0460021
7498	255.08436930795912	1.4467043
24521	255.08711280013745	3.0195255
24616	255.10117345460867	3.0350425
30510	255.1103276134572	4.9646335
19412	255.12143016003824	2.2546628
14880	255.1327830085523	1.9442993
5086	255.1328074526072	0.9251364
5657	255.133067559534	1.0316252
2195	255.1338181669385	0.5412101
8714	255.13394848890096	1.6375803
39696	255.1339191863692	8.707443
7216	255.1339498018904	1.4316264
16622	255.15844768445896	2.03311
19311	255.15875704289653	2.3097208
22787	255.1590781833284	2.7333627
3806	255.6734575938517	0.75102174
577	255.9440313429564	0.39096627
1782	256.0813919698267	0.48662856
5796	256.1179348940839	1.0632733
10973	256.1180192485145	1.6647202
1834	256.1285451041083	0.5771515
8624	256.1293741549793	1.5321815
10341	256.1357907772575	1.6380072
23848	256.13681444499605	2.891084
20520	256.1542079819193	2.3979526
28251	256.1542244360855	3.9637635
24246	256.15423069231736	2.9080062
9026	256.1757300117958	1.5490352
46737	256.2633143826939	9.422657
5032	257.0537772318675	0.92070514
2994	257.08091747259715	0.6483603
17119	257.0899861744777	2.1036031
21060	257.1007170761694	2.4601474
12434	257.1279377154467	1.821841
16372	257.1499730266534	2.0303078
1545	257.16084055487704	0.47449538
6718	257.16109503116616	1.2859125
24795	257.17508318880164	3.054399
29308	257.1754022916334	4.449173
32863	257.1756897371104	6.05192
3060	257.1772321043337	0.6969408
12682	257.1907416184194	1.7587835
957	257.1973053944871	0.43864098
9227	257.25759025897224	1.6019168
498	257.9770657299176	0.38385925
8445	258.03775853012826	1.5074351
8748	258.06225239186324	1.5548289
5596	258.0740687235533	1.0265503
2576	258.1086032663878	0.5925812
1438	258.10920212319826	0.47240916
19648	258.1126202974047	2.321552
9107	258.12712675621293	1.5542407
17169	258.1337676777728	2.0633602
13616	258.1526861801504	1.8562975
10084	258.15940631510705	1.6369587
5892	258.1694148593801	1.0948081
21164	258.16991424540345	2.5431554
27124	258.16994030404646	3.571067
19775	258.1699532585933	2.2919266
7158	258.18173115593123	1.4136682
3216	258.1927087600001	0.68638694
34691	258.2065150377169	7.0941296
14148	258.20658876154124	1.905904
17381	258.21815293265206	2.0938447
676	258.2653279942219	0.4009965
12884	259.0390032451746	1.8015114
2926	259.06922111351395	0.67634964
1333	259.0924384954925	0.46817058
7876	259.09296529550767	1.4700614
26281	259.10782542188764	3.3800752
2341	259.1286870270738	0.58082426
28551	259.1542006867217	4.109632
29503	259.1542027374517	4.5231586
12141	259.1655826592633	1.7440516
8525	259.1767683874518	1.5080726
6239	259.1769358986192	1.199064
17415	259.20184078013443	2.1289494
917	259.21296638710106	0.42524648
507	260.0100856265677	0.3877507
5989	260.055401144481	1.1481652
38958	260.07400542268897	8.633335
37691	260.0741436344848	8.463143
6471	260.14298488138166	1.2431121
22443	260.14940715908546	2.6586425
21294	260.1494108829594	2.4570696
14113	260.1494849534795	1.8628683
15525	260.1494845634745	1.9909103
19274	260.1496577819027	2.163332
2673	260.160437242371	0.60692084
1686	260.1605104186677	0.47801715
4860	260.16069461785315	0.88553435
5415	260.1607925781865	0.9942556
6960	260.1609303060472	1.2630335
27977	260.18567778583235	3.838552
16850	260.18572353838044	2.0726678
34062	260.1857488752657	6.7587504
13244	260.1858412633731	1.8731405
1157	260.1969533440423	0.46217132
2507	260.19697585220933	0.5922126
7988	260.23287575520567	1.4788313
13706	261.0543678667992	1.8611343
12608	261.0880371253707	1.7919484
10825	261.0904255499818	1.6563091
3006	261.09828764178513	0.64887303
26536	261.12347738423483	3.4284089
4521	261.14431151838625	0.8444885
3149	261.1444410840401	0.67459625
9264	261.1446031220591	1.5621216
5349	261.144674069179	0.9802705
5982	261.14479437866135	1.123241
13054	261.14486566899126	1.7702817
9315	261.15652708916525	1.5697933
27094	261.16985919716564	3.572295
28129	261.1700055789222	3.9011285
11268	261.17197278678964	1.6739823
1626	261.1808371610075	0.4736606
37906	261.22122903216683	8.495231
42539	261.2212570471356	8.934277
4586	262.01122348628024	0.85986644
23009	262.10807893231095	2.752739
18521	262.10841286480195	2.2105227
8816	262.11064367464814	1.5599834
3485	262.11085702191195	0.7166761
10871	262.1289714183937	1.6897392
3437	262.16492455882087	0.7222882
25839	262.1650784377924	3.2884192
26577	262.1651387560153	3.4152126
11195	262.1651717061526	1.7897073
22935	262.1652104327812	2.7403913
21642	262.16524309049606	2.4749155
14499	262.1652453702407	1.9065969
18417	262.16528171523004	2.2038465
24300	262.1652919925666	2.8928852
3593	262.1764499097924	0.8037405
19184	262.1796802176892	2.3061814
49530	262.1799581195708	10.763303
20902	262.1802652582251	2.444802
2355	262.1915692748501	0.58140814
21812	262.2378963809269	2.5642807
17409	263.08764738606544	2.1207907
5551	263.09595730329704	1.0215316
16976	263.10297477935137	2.0979793
12938	263.1030569455683	1.8327057
27080	263.12589592966384	3.5767353
13050	263.13928742496097	1.8192751
11672	263.13966254380483	1.6788446
9667	263.1420906795808	1.5344652
19453	263.1494928102232	2.283616
2755	263.1601518797978	0.61986774
34686	263.1624066888843	7.0953064
7813	264.04823147309406	1.469795
12742	264.0539744721789	1.7992404
18495	264.1216777926383	2.122199
23833	264.1212639171833	2.8880522
7808	264.12296739527005	1.4690567
10090	264.1348687675547	1.6098282
3286	264.1443465041607	0.71254104
6004	264.1446470016043	1.1105624
5047	264.1557231756517	0.922167
14986	264.1589257168233	1.957909
30511	264.1706978461876	4.9646335
26915	264.18082563834326	3.5049655
21115	264.18090542711553	2.4721527
17199	264.1809249657712	2.0777812
29908	264.18094449171286	4.6863465
19649	264.19222464808115	2.3249044
3805	264.2073505868577	0.7469424
485	265.01550023261336	0.387647
21328	265.0609521282745	2.501629
20594	265.0699247017381	2.4197006
5140	265.0796618026442	0.9384223
22440	265.10473597954194	2.6455982
21276	265.1047435696364	2.4715867
15989	265.1048663851728	2.0034978
19266	265.10486909283406	2.2582726
6721	265.1116450732194	1.2865986
923	265.11177843943767	0.43353415
7394	265.1149045135695	1.4326392
8429	265.1398673638208	1.4930825
34042	265.142618226784	6.7582464
23475	265.1549207457841	2.8187823
12028	265.1549569216796	1.739369
15070	265.15502869832164	1.9601274
17408	265.16499993775835	2.1267886
11553	265.1665993526259	1.6907498
5593	265.1760667723827	1.0293753
1270	265.2023069622992	0.46513018
2433	265.20230766367143	0.5871814
2778	266.03356498636657	0.62044334
18781	266.04355971104343	2.2377715
24163	266.0696609800048	2.9416032
26832	266.08477983989417	3.4955645
3011	266.1139159481958	0.6655251
958	266.1151227231763	0.43281814
5636	266.1249230244955	1.033904
22543	266.1367304523145	2.677449
19778	266.1369144103879	2.2748985
16672	266.13717579577326	2.0615597
10203	266.1386214067592	1.629802
21883	266.14984750152564	2.577513
5557	266.16064538279784	1.024312
30417	266.1728134949589	4.9250183
15528	266.19659607113897	2.029857
8544	266.196682220763	1.5185946
22542	266.2231220191608	2.6797204
621	266.92711057355314	0.3975689
49832	266.9379053914445	10.818135
490	267.01263679006985	0.38665605
8118	267.0645906394574	1.4892377
5280	267.09767420149467	0.9622564
27980	267.099387180949	3.8524408
13239	267.1128275877249	1.8327056
26245	267.11646180443773	3.3724253
26572	267.1201577910522	3.4173243
21629	267.1204599961817	2.5076716
22937	267.1205607393738	2.746511
19695	267.12065274053833	2.3391237
24307	267.120707818145	2.9012437
13163	267.1207722380639	1.8490081
4985	267.12697801219434	0.9480738
3032	267.1338440315277	0.6532711
4176	267.1339163597368	0.78832316
8609	267.1340539152868	1.5237193
18510	267.1346801873391	2.2149982
6650	267.1349759821812	1.2732085
23815	267.1351669440652	2.8771968
5391	267.13797242896953	0.99123794
590	267.1580778685864	0.35470438
8815	267.17052880959665	1.5351374
41868	267.17202869960806	8.881965
734	267.1935991192132	0.37897435
22549	267.207226269015	2.6822183
8257	267.2182267954708	1.5006436
7482	268.0818423808002	1.4330732
20552	268.0860676747812	2.4140928
16522	268.0946330037645	2.0620768
36999	268.09641023035385	8.289129
33965	268.09650881730465	6.722973
3773	268.10413958728407	0.7265831
4759	268.1279685557847	0.94546324
2718	268.1394377121551	0.61290836
28207	268.15225949505634	3.9295676
18397	268.1539886670324	2.2069006
8324	268.1652056239691	1.4634248
23677	269.0739960731967	2.884557
18724	269.07889176220687	2.234797
31185	269.0809098491212	5.262786
3252	269.0880086318721	0.68977964
9046	269.08925174191813	1.5488665
19617	269.08962747008775	2.3100643
20496	269.09057394480305	2.3691144
11902	269.10240799408007	1.7663546
5908	269.11171013892243	1.0951706
4419	269.1227605420691	0.8509854
7212	269.1256575387041	1.3937055
21084	269.13669436646126	2.4696827
18191	269.1371447254551	2.2245827
17202	269.13712417091807	2.0752964
22740	269.1371355249584	2.6528873
14619	269.1372149331245	1.9353677
26906	269.137393915447	3.5157597
25495	269.1475022542957	3.2232437
2751	269.1487400822795	0.61572134
13496	269.15027460437057	1.8445674
2311	269.16099057515	0.5779727
15289	269.1740534385692	1.9112161
17007	269.174229491343	2.0928078
1679	269.1973049429444	0.43608683
3991	269.1974820943544	0.7648152
32835	269.21122525439074	6.0679946
5121	269.2337621665787	0.9356962
7443	269.2338361353036	1.4310814
3251	270.0917198603587	0.69052523
8504	270.1336824467044	1.5163436
11089	270.1516489689117	1.6725551
10583	270.1551739121037	1.6015565
3969	270.16942699012924	0.7590444
25039	270.1698388540733	3.0935326
20892	270.16988468052784	2.4361944
18431	270.16996893854946	2.2066045
4912	270.1812362966472	0.90623105
14667	270.20634492776566	1.9372168
642	270.2652677688426	0.40012607
15835	271.031725297167	2.0130484
16311	271.0481681371046	2.0457544
21041	271.0603024730452	2.551594
28727	271.06029737978463	4.1731253
29120	271.0603552737836	4.3363237
3647	271.09260277133205	0.72881943
21772	271.1050827984699	2.5364509
5078	271.1067817789876	0.9265188
2564	271.14012208902506	0.5973802
3654	271.14055371829284	0.7329011
14453	271.14428293119	1.8924396
11621	271.1454760342567	1.7274148
15508	271.1528221553776	2.031568
13090	271.1537388516657	1.854575
24711	271.15396824428177	3.018616
14728	271.1658593546026	2.0531826
11031	271.1658635964016	1.671393
11955	271.17662621297336	1.7364589
17310	271.1900374012914	2.1073391
42436	271.20546776765	8.927053
949	271.21264303080943	0.44274974
2629	271.21279815763035	0.6045207
2187	272.0075179786257	0.56475985
11890	272.0929461622004	1.7279458
7685	272.12119060159466	1.4584836
2934	272.1243013719891	0.63761896
19298	272.12826876372	2.2849276
12200	272.1386031945118	1.7213854
20720	272.14929063229914	2.3974226
10338	272.14929330160373	1.663761
5672	272.1607313788197	1.0187774
16915	272.175475857596	2.0891767
14013	272.176699566961	1.8836964
16441	272.18539958871315	2.0464318
10692	272.19770741176444	1.6480755
6089	272.19774943755624	1.1466978
37746	272.2585182623133	8.47387
30807	272.2586075300081	5.137927
677	272.28090859107056	0.4009965
736	272.94421296228995	0.4063058
5872	273.05968521822126	1.0854526
17138	273.063828980491	2.1043887
2143	273.10782124908366	0.56802815
13282	273.1230502323694	1.8597052
18528	273.1237426858276	2.221564
7485	273.1446696017123	1.4348998
25111	273.1696746906379	3.1590776
15439	273.18168032653546	1.9862034
22315	273.182080328252	2.641515
3099	273.22803122782886	0.68194216
830	273.2286274301511	0.43642005
464	273.9547387819593	0.36755797
6428	274.08623972442547	1.2361463
12418	274.1108846445836	1.777446
21061	274.1287553714844	2.448389
26690	274.1471843908259	3.4639275
19651	274.1649483606	2.3211427
15852	274.164967205295	1.8988186
17393	274.165011669852	2.154582
2960	274.17615649493086	0.6362591
4373	274.1764461129528	0.89480674
5439	274.17651874318	0.9980739
7213	274.1767392782558	1.4719998
6211	274.17673004798286	1.1438091
6779	274.1768078724465	1.3239356
14352	274.177627488415	1.892894
30940	274.18374175330695	5.19896
30458	274.18376274488264	4.9451075
13732	274.20141422089864	1.947917
27975	274.2013964632898	3.8521316
29054	274.2014694411582	4.328864
29341	274.20147041317995	4.4454007
23220	274.2378720873585	2.8054433
34861	274.27418536729743	7.156491
34273	274.27419781038697	6.8604846
3903	275.0751299099681	0.7561848
7082	275.10033517706745	1.368809
13844	275.106001815424	1.8684464
30318	275.1232302638056	4.8791513
13740	275.13898400429406	1.8609846
15160	275.139151730122	1.9739317
9468	275.1604866712655	1.58056
6921	275.16055380195104	1.3279146
1225	275.1717306458269	0.45391968
32888	275.1855171258223	6.071829
4274	275.1965874556093	0.8030792
16547	275.1973047098936	2.058842
45050	275.20065715230777	9.100257
41956	275.2007708842352	8.892273
607	275.20779435788694	0.39122552
17537	275.2299324270305	2.1365285
918	275.2443187489285	0.43054676
17212	276.0851483245083	2.0740783
2933	276.10771860909193	0.62363195
3621	276.10804253205	0.72436976
1245	276.11957842934834	0.46410832
13191	276.1268726035556	1.8295711
5812	276.13800552327825	1.0610744
3132	276.1440667280773	0.69189614
14448	276.14452728274165	1.8968576
21070	276.1446086744769	2.4414778
2712	276.15595061667915	0.6117711
6305	276.1565072249049	1.2044482
13340	276.15866495882256	1.8396611
11345	276.1704054386953	1.703195
26953	276.1808790354647	3.5304258
28548	276.18088160919683	4.0844154
22931	276.18088451694217	2.7627008
29496	276.1809178167872	4.5361776
18734	276.1810075637512	2.203771
5564	276.1923178511866	1.0222516
14625	276.21716167922057	1.914245
22281	276.2173235105953	2.6472893
246	276.8967208194711	0.12387347
2291	276.9865273312796	0.5742371
24533	277.04719248581097	3.018578
1442	277.1034477160455	0.4735926
19437	277.10386042826445	2.2656035
7560	277.1178726267701	1.4780786
26289	277.11839043336107	3.3802977
16619	277.11850626636044	2.1089926
27015	277.1284573758078	3.5413182
13736	277.1755376781334	1.8501469
40367	277.1795911132188	8.747079
22168	277.2010406028951	2.6221542
14054	277.2131357838473	1.9170027
46115	277.21613158341137	9.164605
43485	277.2161559728865	8.999515
41044	277.21633904558104	8.8241415
39543	277.21638822316373	8.682639
38148	277.2164489995432	8.567801
36051	277.21645081454506	7.7773676
30585	277.21651864751965	5.0219064
40453	277.23748846623107	8.768354
3085	278.11670736348225	0.66095024
38761	278.1176174147266	8.623017
20235	278.1367324493744	2.297119
28261	278.1367822095382	3.9550605
16280	278.1488369606517	2.0446932
12903	278.1499847641909	1.8111228
25497	278.15997032439617	3.2093608
4364	278.1601518023625	0.7979234
17767	278.1602388620276	2.13146
7532	278.160323977966	1.4808314
14645	278.1603673285844	1.9320161
15407	278.1753349482998	1.9824736
13419	278.1857168335023	1.8424125
30523	278.1862945599343	4.9741044
29462	278.19047675103604	4.5146646
28132	278.19665514413	3.9167616
45211	278.2475916091112	9.141032
40560	278.2478992380437	8.781206
21062	279.08415933682875	2.473418
15492	279.09159604147715	1.9867944
33023	279.09357151546635	6.156665
4428	279.10037060088695	0.83302486
2761	279.10055281496744	0.5985275
10881	279.10089163902666	1.6579672
15987	279.1128826695168	2.0230563
16254	279.1336610886643	2.012207
6557	279.13410771614355	1.2580762
4957	279.13412319487867	0.90678626
14304	279.13434344668184	1.9075911
18088	279.1346496529642	2.1697469
878	279.1552447103276	0.4288504
43853	279.159082950392	9.028325
14575	279.1706641509561	1.9203287
17873	279.1712123211356	2.1668966
47190	279.2316387679455	9.560095
46108	279.231839031959	9.065612
32211	279.2318698071116	5.650876
42390	279.2319238138732	8.918262
37898	279.2319436203592	8.5177555
38763	279.2320047287189	8.6182
30621	279.23202169360167	5.027991
34179	279.2320764957156	6.819683
9559	280.04400371901863	1.5839792
9915	280.0488785256059	1.502914
17896	280.095038759294	2.165391
1390	280.10333465872617	0.47212344
5574	280.1176633337428	1.025733
9407	280.1177963441722	1.5597436
7427	280.12913837352795	1.4289995
1735	280.139342867975	0.48725685
23079	280.1524262280567	2.7596588
21885	280.1639075616163	2.5671215
17127	280.1648703709144	2.1024418
7989	280.1648944984806	1.4330593
9597	280.1658074534883	1.5854487
19439	280.1759249340227	2.2648234
16269	280.17599874762425	2.0798426
21348	280.1907041977537	2.474073
29445	280.19745792325176	4.5146155
2359	280.2019699334457	0.58140814
25986	280.2269410413134	3.3114994
46160	280.2632827886665	9.237671
44765	280.26341310437647	9.1054735
526	280.9930268282653	0.3880209
12696	281.07991149539265	1.8308647
15494	281.0853590268939	1.9917263
13360	281.09991734940417	1.8618382
6078	281.1070397434003	1.1458719
4352	281.1130347474137	0.8191266
34059	281.1151283307064	6.758648
19980	281.1176111172409	2.3533278
26966	281.1367123782771	3.529804
28546	281.136773279236	4.0953965
22738	281.13680021368094	2.73286
29495	281.1369223091499	4.52823
4228	281.14924443323565	0.8042693
10542	281.14978012194075	1.6466558
5969	281.1498237893917	1.1259426
21398	281.1501011336729	2.5116193
16136	281.1748951755529	2.0652418
13700	281.17664913332544	1.8597498
6434	281.18589511841867	1.3111935
5303	281.18630806308346	0.9744724
36865	281.2477691398466	8.219592
25659	282.0714878117124	3.2503977
15495	282.0893472011584	1.9917263
1893	282.1001391436463	0.58964396
16888	282.1105732654237	2.075649
3159	282.119161961445	0.6844855
2290	282.1193177100104	0.5423987
4960	282.11985880710967	0.9079525
4323	282.127602974306	0.81308556
4874	282.1429180287396	0.91182876
17419	282.19150583374915	2.1254587
43736	282.2790577159218	9.017059
39321	282.27919472127627	8.709822
8943	282.6815136172277	1.5264579
667	282.90443266730887	0.3797771
49827	282.91038803636144	10.817117
461	283.0258515586938	0.38676843
22926	283.09445781001784	2.751349
4726	283.1035186839691	0.9286453
14381	283.10764898288494	1.8716877
19634	283.11237774613244	2.3231757
25498	283.11542105362446	3.2189794
12879	283.1156454995964	1.9022502
18248	283.1156446422925	2.1537666
5366	283.12749387873043	0.98609465
5974	283.1278689051076	1.1173272
4208	283.1283693557773	0.7937181
17901	283.12946816003364	2.1659348
13696	283.1302568056811	1.8968916
5997	283.1324392663208	1.1244814
27105	283.1531637661208	3.5592446
28121	283.1532107963121	3.8828182
9422	283.1647836766232	1.5727799
16352	283.2023977085343	2.0478394
44694	283.26305298071594	9.116977
23022	284.0887481160706	2.7568502
18522	284.09200483413207	2.222187
8892	284.0935194516196	1.517652
3269	284.0988982376726	0.6916595
3426	284.1478935364008	0.71676725
11118	284.14818812597207	1.6723222
27821	284.1490826238921	3.812996
584	284.17133122985	0.41306838
7428	284.1966198904763	1.4296145
10212	284.1969122751919	1.6283604
587	284.2446465751597	0.39280134
47583	284.2945393227214	9.734816
42086	284.3312213461029	8.899092
629	284.9377078011103	0.3866233
8288	285.00429278639893	1.4991032
18902	285.0208423065964	2.2482877
525	285.0230382798971	0.3863514
19595	285.0641561681863	2.3125274
25374	285.0757011666629	3.1952724
4160	285.0825540260385	0.78810203
13366	285.0848949236181	1.8332419
2983	285.10241607636215	0.6748651
21079	285.1101580284341	2.4715123
18186	285.1315463545152	2.1867156
16308	285.1315516615583	2.0769258
6302	285.17403664712344	1.207994
19046	285.1821090622779	2.2555048
16935	285.18234785781146	2.095643
12064	285.1926756995823	1.7350974
1244	285.2282763736205	0.42044163
2658	285.2283627203153	0.65073216
10108	285.22873155439623	1.5732619
37543	285.24260096230347	8.437403
5480	286.10375096782275	1.0085295
36986	286.1072671296308	8.283051
10670	286.13171734686034	1.6473475
1678	286.1393992980478	0.47557378
4907	286.1396055447561	0.8956467
21795	286.16438331251146	2.5401702
20307	286.16453492612885	2.2730823
23297	286.16465001500325	2.786718
3461	286.17640651277287	0.7184315
4669	286.1764917419412	0.8621924
5725	286.1767716041086	1.0388461
10579	286.17683043583594	1.6667435
8626	286.17684293186835	1.5155866
6193	286.2237870992714	1.1725773
831	286.27338689087986	0.37563664
43932	286.2739649646204	9.037339
18903	287.0175062401848	2.2482877
21773	287.0794647269207	2.5328698
7879	287.12428293512977	1.4706857
17438	287.14754230182626	2.1268287
17432	287.1539440959398	2.1277814
11205	287.1610517500824	1.6793759
13773	287.1611131139119	1.8571627
25410	287.1752288111662	3.2023957
24157	287.17564852488147	2.939421
2857	287.1894997961468	0.6398517
4269	287.1903281765356	0.80515885
9755	287.1961834787215	1.5992699
1733	287.1963376183618	0.4755211
20896	287.1969579445732	2.4496024
19839	287.1971566003528	2.3347547
17886	287.19729697187165	2.1464396
32859	287.2218129629661	6.0592003
49728	287.8883777055895	10.786316
268	287.8888551008017	0.14458644
10040	288.01750239142166	1.6143188
18904	288.0209650700168	2.2482877
24165	288.05148302046143	2.9416032
1342	288.0741705486175	0.46612874
12000	288.16982288448907	1.8020824
11264	288.18030997312394	1.7346818
24819	288.18054213313326	3.0994098
23734	288.1805618738582	2.9085994
16128	288.18067896883014	2.0490623
18061	288.1807141791854	2.1686077
12899	288.1807453842539	1.8572408
21373	288.1807654927126	2.4719052
4198	288.1918739595643	0.7932865
13813	288.19311933335104	1.7418724
6027	288.19248842504624	1.1130445
7527	288.1927605766748	1.5174503
1697	288.20246574158097	0.4828013
34061	288.21706193870125	6.748714
35803	288.2897815911569	7.6939387
815	288.92116722779565	0.3898885
496	288.95580602834167	0.38590628
5873	289.0335996322581	1.0865315
5240	289.07959745097685	0.95987225
41802	289.0917701705135	8.877035
22914	289.10243686914833	2.7392163
27829	289.1047235893184	3.8126266
18494	289.11664602940374	2.216099
8754	289.11719759916275	1.5336845
41772	289.14334723920774	8.874485
17360	289.15373764414284	2.1852653
14758	289.1538383991269	1.9549962
19310	289.16488873670835	2.2511861
5910	289.201963832207	1.0929672
9402	289.2124093473024	1.575669
17277	289.21273683369475	2.086833
19183	289.21295551868855	2.2625775
5535	289.22341745550256	1.0189201
31952	289.2373175812954	5.624187
7484	290.06402176270547	1.4344982
3780	290.0859863986431	0.7470399
28223	290.13434065167576	3.9311893
19879	290.1367438909485	2.3416777
17720	290.1368767676043	2.1543515
5378	290.1595100768055	0.99307907
14810	290.1601235543622	1.9417948
5200	290.17162027657804	0.9307565
6695	290.17195216180755	1.252086
8385	290.1720781854564	1.5008426
15071	290.1962732831567	1.8713764
26267	290.19613686561223	3.3820057
34636	290.19628878696534	7.0696373
22928	290.19633523117056	2.7063043
17008	290.1964007963418	2.1202602
25336	290.1964043155043	3.1753013
19015	290.1964261886061	2.255996
14353	290.2076712718966	1.9080905
12436	290.20809972127984	1.7599709
3922	291.04909745015743	0.7566499
31193	291.06276144409844	5.2645507
3238	291.06985877647946	0.6898072
21093	291.1193072985611	2.4542446
26982	291.1203827967997	3.5387201
8643	291.13393699021645	1.5698159
20814	291.15507646125906	2.4464693
13319	291.16360961710143	1.8789737
4132	291.1663981744616	0.7845172
13928	291.1805164295882	1.893333
41916	291.1948072036349	8.865529
24554	291.19578779033657	2.9730916
40471	291.1961161559314	8.750532
21806	291.1963572393424	2.543279
44354	291.23103908394665	9.057297
41386	291.2318508914876	8.850437
42849	291.2529622165573	8.956669
10158	291.7863295329805	1.636621
49720	291.8847075801544	10.785601
1854	292.0663524381129	0.49755213
7211	292.08511492632334	1.4049025
2511	292.1023213005534	0.5804968
11469	292.12860879581564	1.6990674
20874	292.152212961972	2.4491377
26687	292.15751798882064	3.463559
18381	292.164515034637	2.3067944
6012	292.1756836304216	1.1236879
17659	292.17580746059195	2.043363
13315	292.17580819631604	1.8353381
13454	292.20189587987545	1.8248686
21192	292.2121242989281	2.4796107
25430	292.2237803584157	3.2169347
26747	292.2269912881127	3.472961
28255	292.22722353212976	3.9522114
15837	293.01349503229693	2.0130484
24541	293.02106650691024	3.019169
21681	293.04217328138145	2.5518188
12354	293.1267601352652	1.7675148
7438	293.13468576880393	1.4304594
17424	293.1358794599908	2.1688523
24716	293.1360394060576	3.018129
18208	293.1501989466608	2.1847072
7041	293.1614832281595	1.3521627
21889	293.175002647396	2.561465
12531	293.178743128753	1.8063763
13814	293.1861479464968	1.8550065
9509	293.1888212162357	1.5739722
41109	293.21067802161554	8.8462515
39169	293.2106992105601	8.699287
26176	293.2108960768417	3.3381796
44380	293.2109169198002	9.046157
23856	293.2110572727933	2.9210293
34588	293.2111332773312	7.0306563
22484	293.21119510580905	2.671085
796	293.21802367544035	0.4102576
39818	293.2470681669136	8.739212
46080	293.24719563030936	9.153001
48047	293.24709097190515	9.996664
49347	293.24710493348294	10.719072
42555	293.2471071214431	8.958793
19403	294.1105436783127	2.295028
2149	294.11852867742124	0.58412385
20714	294.1318973543547	2.3994899
26293	294.1444293582129	3.3822372
8020	294.1445354966476	1.4833354
2928	294.154673123354	0.633947
27016	294.154819218085	3.540347
10418	294.1786478936216	1.6238291
3635	294.1804586205968	0.73020774
21890	294.18049248012335	2.5386946
2313	294.1807882942722	0.58039844
17186	294.2072581364258	2.0958989
15504	294.2277156640976	2.0314264
41705	294.2425490183392	8.858139
40452	294.26410493673256	8.767515
807	294.9388614562648	0.39671272
49459	294.9388622849796	10.758669
21489	295.09650142016005	2.5170763
14807	295.1155079142314	1.9446803
7490	295.1273007083629	1.4374282
5304	295.1289219452924	0.96914995
9405	295.1292946963013	1.5760765
11307	295.12933832169944	1.6867052
13749	295.1297071969939	1.8570821
26019	295.15195559094326	3.216681
16585	295.1519808251241	2.08473
18825	295.1519809087921	2.2082899
34639	295.1524969917791	7.0803404
8345	295.16536347141243	1.5814303
11756	295.16552043519533	1.7203465
24428	295.19027824054655	3.0067108
40387	295.1905249768636	8.752961
4946	295.21308442861346	0.9515432
38282	295.2267538725322	8.64553
43526	295.2267241342011	8.966631
36061	295.22680571452923	7.7674336
40782	295.22683414688066	8.773392
32514	295.2269211015071	5.8521047
32841	295.2269226506109	6.051397
30576	295.2269328895434	5.0250854
46881	295.2628808478274	9.470175
45783	295.2629898176004	9.176387
1805	295.2873930496524	0.48929417
19652	296.06851756605045	2.321552
11771	296.09192444506255	1.7214173
33218	296.1313844800931	6.2660913
28880	296.1315527548106	4.249889
9218	296.1350209097148	1.5607302
5871	296.1359895705385	1.0849788
16764	296.1394426211027	2.0602756
5291	296.143081019177	0.96619487
4893	296.15881021046346	0.9429172
7358	296.15928649855294	1.4764559
16204	296.15969677880315	2.0040665
11071	296.18551287418546	1.67321
44869	296.2581646127039	9.083105
42435	296.25826273561523	8.951595
49675	296.9655752467866	10.779579
562	296.97022693189706	0.3840942
8270	297.07534434035074	1.5023812
13852	297.088417017116	1.8685622
3905	297.10168810242897	0.7560085
30314	297.1054152859588	4.878561
2612	297.10771441400766	0.6022824
4403	297.1083700365396	0.82257247
29515	297.11049853682	4.525631
28558	297.1105217112187	4.0908494
13371	297.12788681134464	1.8499125
13264	297.1308072310725	1.8496405
19832	297.1313695892896	2.3096392
3794	297.1376177946664	0.7471433
3002	297.144569550298	0.66030127
5753	297.144832538373	1.0539825
6532	297.145086434895	1.2549202
14228	297.145195395442	1.8947917
15864	297.1454463764211	2.0150986
20102	297.1457285341534	2.360778
15285	297.167891259794	2.0019584
23109	297.1681859788007	2.7599204
24752	297.1681864494446	3.050518
21217	297.16824231256	2.4964435
12633	297.1812165699348	1.791955
18312	297.18214738566763	2.2011776
31663	297.1852592891497	5.5013437
44252	297.24235802288854	9.044665
31227	297.24240006995296	5.2547565
37895	297.24242260628694	8.52474
34180	297.2425013922927	6.8234997
30623	297.242504197204	5.038054
38855	297.24252187800323	8.634189
42361	297.2425327881895	8.92225
600	297.2765838833729	0.3771458
17185	298.0663238439339	2.1110961
7436	298.09069493162303	1.4235142
9475	298.0972156822594	1.5756168
5005	298.11464048983714	0.836794
5505	298.1287627442499	1.0135425
33362	298.1483226769935	6.3979087
6543	298.14833925576704	1.2525862
3854	298.1514546985327	0.74986327
8110	298.1753265405072	1.4910603
11117	298.1762778408175	1.6742542
6902	298.1868941903873	1.3333973
22689	298.20138161891015	2.7121556
14212	298.2227765537528	1.9751868
11535	298.2239413911988	1.7018582
643	298.2604439617882	0.39275342
44313	298.2739076879285	9.067997
41503	298.27410199970166	8.862023
6894	298.6888848946947	1.3139671
10509	298.7941889015656	1.6632849
10780	299.08121190295213	1.6563059
5769	299.08974497902693	1.052964
19091	299.090639103558	2.263774
22976	299.0906395773879	2.7485695
31774	299.0907540447102	5.558205
26294	299.1004447711138	3.381591
27019	299.1103098482406	3.5395973
3722	299.1140462927808	0.73781645
4475	299.1140466439925	0.8431391
28143	299.1257162232228	3.9040697
19977	299.12846492967446	2.353769
17347	299.14750919965473	2.118615
6530	299.14885262363055	1.259735
22167	299.18448247145704	2.6373203
14178	299.1854868756031	1.9215188
40750	299.20066349488604	8.788178
8678	299.20786402689504	1.5459732
11042	299.2442848947827	1.6834106
36859	299.2580693242544	8.223645
38187	299.2582633795625	8.521382
24457	300.0870674884321	3.0118172
24553	300.12310562499545	3.0203376
33963	300.12324611606164	6.7207794
1360	300.1297325420743	0.4705877
13295	300.1471158593344	1.843849
14846	300.17088595512047	1.9439486
17648	300.1808503539469	2.1382055
8880	300.19007148871685	1.5428774
5884	300.1901602978759	1.089156
10891	300.1902390670313	1.6668091
12372	300.2024991087889	1.6822281
26160	300.21717919052713	3.3565733
3100	300.2758307982546	0.72797483
46432	300.28944628988904	9.333018
45772	300.28956787093057	9.136031
43706	300.2896404396484	9.013909
39261	300.28970644390944	8.657209
22014	301.07096400363173	2.5973039
15496	301.0724544936421	2.006877
6524	301.1156664696317	1.2551699
18090	301.1158757251864	2.1794536
7691	301.13976014019374	1.4611856
21684	301.15477427946666	2.5873775
8326	301.15488311982006	1.4663334
44801	301.1567732773378	9.111918
19922	301.1637987614492	2.3257213
17627	301.16902084703554	2.1121442
21460	301.16922560775106	2.5194328
12837	301.1763917872757	1.7989513
18686	301.2026534407426	2.2302494
16734	301.203125108464	2.0945444
11288	301.2044634031481	1.6617202
13904	301.2124739912496	1.8739693
19386	301.2130100935081	2.2947109
42456	301.216331811177	8.928939
38819	301.2168401332892	8.632252
9037	301.22355038900963	1.5477551
664	301.3075556528092	0.39363387
21335	302.10236053176607	2.5038326
7386	302.11118537442945	1.4289877
16265	302.1423974650518	2.0444133
8628	302.1533232353777	1.5246346
8706	302.1597846147934	1.5614208
21065	302.1600053404176	2.4383965
4494	302.17163015376235	0.8418237
14938	302.19587391939865	1.9242226
17478	302.1961679068026	2.170179
6432	302.2083000604558	1.3765274
12150	302.2083342034137	1.7224636
8161	302.20842513502106	1.503212
14444	302.20914780848125	1.9197164
1047	302.2438242876057	0.43971327
17055	302.2456249591527	2.1000266
38490	302.3053672678968	8.608616
15480	303.0670397985109	1.990558
5016	303.07106842179843	0.9208357
29519	303.11844354912523	4.5249453
5975	303.13152356865	1.1185185
21407	303.1321655773108	2.5069165
3553	303.14474317797243	0.722168
2280	303.153785431897	0.57222825
19587	303.17040664550285	2.2961903
22466	303.17070120536914	2.6569262
10081	303.217547171284	1.620936
5922	303.2181673677979	1.1014405
45126	303.2319703898295	9.108588
41902	303.2324855288816	8.888289
38129	303.2328436738407	8.538454
7193	303.23912559797793	1.4224234
3509	303.2394686808659	0.71721137
37518	303.25308321345665	8.439255
28722	303.25364129128604	4.1763144
9293	303.7045482999567	1.5647335
12549	304.093064779647	1.7837688
3014	304.1024575485166	0.6489994
3719	304.1505875561419	0.7346446
5972	304.150813540014	1.1181769
21595	304.1578995762841	2.5473754
13334	304.1645751368079	1.8425289
9335	304.17541855466345	1.6102073
31317	304.17558595798164	5.2927885
24341	304.17562204154325	2.9868512
32709	304.1756416355681	5.9770694
23467	304.17566478349374	2.79718
13033	304.1759098471987	1.8528332
4435	304.18764093058894	0.8405385
5251	304.18780449426924	0.962163
8358	304.1884120555253	1.5098296
20807	304.2120235468519	2.4982448
18454	304.212058806027	2.1823924
28547	304.2120635203865	4.10862
29497	304.2121442052652	4.5045595
10775	304.2216447963057	1.6262605
26060	304.2269356579162	3.3252416
32925	304.230639103412	6.071556
33778	304.23199210173783	6.6336164
32795	304.24844311236416	6.03172
38067	304.2634443113401	8.520998
40071	304.2998930617416	8.737394
42412	304.2999041640241	8.927098
206	304.89215527368214	0.118816435
49547	304.8937815473155	10.765475
39794	304.8942202842326	8.770191
10050	305.04407937726745	1.6150068
1110	305.0844978904708	0.4572956
17927	305.1114696400887	2.1680424
19557	305.15040043014903	2.3006034
19031	305.15248490248945	2.2621865
19717	305.20732651817053	2.327765
24954	305.2073899659888	3.1056962
276	305.8977727500913	0.1205102
3256	306.08097605098953	0.6910669
1757	306.08178605073675	0.5043825
11454	306.10213659951467	1.6796025
8076	306.1473257045204	1.4884657
3634	306.1481302531721	0.731318
2696	306.148258829341	0.61150485
2186	306.1844279680874	0.56413746
19320	306.19140983531275	2.2488494
12391	306.1915575663109	1.8132291
13119	306.20429333455576	1.8637668
27097	306.22756391091855	3.549518
21219	306.227671078649	2.5615115
16169	306.2277158435127	2.0166736
28122	306.22771688232257	3.8945994
31370	306.24281163619514	5.3085833
35052	306.2481471058671	7.301793
31903	306.2640290424473	5.6014147
35812	306.27926045337426	7.694178
9931	306.6712093455437	1.6065905
18891	307.0026244325573	2.2473922
31201	307.03678605029853	5.265814
3226	307.0438737653504	0.6888878
25367	307.0576049692663	3.194852
4203	307.0642099291399	0.79210836
16706	307.0752204729252	2.0739841
23308	307.08263544759404	2.795569
17581	307.1150819945566	2.1099954
3638	307.12198365221525	0.73121494
30418	307.1439668546746	4.9276075
18157	307.14416320606193	2.1872427
20982	307.1649330173743	2.4582808
7203	307.1652540606457	1.3889681
13716	307.17697706746816	1.8406186
2899	307.1862045333304	0.63336277
9588	307.1877093537404	1.5848932
7990	307.2125277819146	1.483594
5536	307.2128159539782	1.0002065
44939	307.226515153197	9.093433
20657	307.26334153552443	2.426391
645	307.9533045552055	0.38915497
5482	308.08524914549366	1.0078914
4935	308.12143336533336	0.9032348
3411	308.1341783644922	0.70079434
21707	308.1473284205515	2.5526483
23301	308.1476353522833	2.7944286
28125	308.1528095713493	3.8925793
26330	308.1603433321789	3.3822372
5479	308.17165000201777	1.0404522
20800	308.1819730835504	2.4444566
14133	308.1861185627918	1.8894924
16559	308.207139179352	2.0934799
619	308.21787201766256	0.3949309
41478	308.22182598170804	8.888117
26622	308.2219654308661	3.4493444
21710	308.22227092148825	2.5570972
19473	308.2226683175195	2.3013692
3261	308.2445037796121	0.69407815
2024	308.24456437507257	0.5301294
42853	308.2795298770757	8.95664
15838	308.987457716839	2.0130484
18892	308.99940333896154	2.2473922
21666	309.016145557003	2.5528288
2240	309.0748810839202	0.5736453
24718	309.1099355258521	3.0554466
1844	309.1119415403052	0.5008187
15533	309.12406358365627	1.9888654
14156	309.13094718349487	1.9028423
18279	309.1309976740081	2.1554997
19598	309.13106857220214	2.305331
23437	309.13112825039366	2.7956572
11157	309.14388402360976	1.6879642
7946	309.14446618845216	1.4829714
12255	309.1578929017565	1.755857
31351	309.15918924008446	5.332971
28778	309.1595000654078	4.2043657
675	309.16550837128216	0.4043831
20954	309.16756799169497	2.4980307
32811	309.2048993685798	6.031686
25813	309.20588485866546	3.2650988
41923	309.20596261887624	8.8826
24496	309.20600168723587	2.9505754
22402	309.2062134537165	2.6545482
21375	309.20646613221226	2.5001912
16996	309.2066738448751	2.1155808
21588	309.22690929598593	2.5387876
47240	309.2420492101147	9.591938
40176	309.24210511604747	8.756653
45698	309.2421720717797	9.166576
43701	309.2422453253694	8.9885435
41396	309.24225824375344	8.862637
35649	309.24239695454884	7.6362534
42737	309.3263924761125	8.950383
24251	310.0333014466661	2.9489727
7207	310.0956826767137	1.3913057
14087	310.10845930778333	1.8914793
1618	310.1132723534528	0.47456792
4648	310.12721994814336	0.8719154
4170	310.139877449775	0.78972703
12483	310.14755512414433	1.7828687
25031	310.1626314412606	3.120479
18390	310.1628418452508	2.207306
23715	310.1630436459769	2.8626978
20460	310.1640491614105	2.3935885
12564	310.1646745280703	1.8452227
7520	310.1750408284695	1.4539729
3469	310.1756950045984	0.7147677
2259	310.1757176220429	0.5746003
6116	310.1758209814768	1.1552019
19934	310.20147280690395	2.351057
8895	310.22253226623855	1.5815114
888	310.2349629106078	0.43258443
24512	310.23758771640223	3.0161078
25208	310.23760838725593	3.1635756
45267	310.2733376389712	9.147822
25370	310.75915536903744	3.194915
49534	310.9120140335193	10.767905
16437	311.06998014099224	2.05085
24458	311.0807986106888	3.0100322
14741	311.08939931373123	1.9371123
27166	311.10287867902616	3.5953937
4485	311.1235650014096	0.8395901
6184	311.12367466783974	1.0604031
1903	311.1258207863796	0.5649904
42105	311.12662821178355	8.901449
12623	311.1468180095821	1.829813
19318	311.1468210543577	2.2551405
9522	311.1604488209497	1.5846822
12199	311.16221098563983	1.7835611
19378	311.18319189086645	2.2978888
35173	311.1851897329992	7.4040766
23125	311.1973690160263	2.7690353
31899	311.2204327324315	5.5984206
25889	311.22134104841155	3.3160603
29992	311.22155354849315	4.7228103
21600	311.2216135984946	2.55407
22911	311.22162567519365	2.745423
40570	311.2217607134463	8.823907
16387	311.25080039847614	2.0506353
25283	311.2511783859342	3.1802852
14217	311.2513517639227	1.8919405
46029	311.2570679071937	9.247662
42552	311.2579008981846	8.970249
39512	311.2580109645425	8.723175
2212	312.11079093443686	0.5724622
1176	312.1289129301167	0.47389048
7027	312.13033126164686	1.355914
7733	312.14408864034664	1.4659356
5194	312.15364107803305	0.9347707
6061	312.15451003480337	1.2038393
16989	312.178872629175	2.0976639
21367	312.1801119276042	2.4546154
14495	312.18955305531455	1.9028418
7201	312.19214838679284	1.3885338
6064	312.192173839687	1.1279689
5717	312.2390899096588	1.0752326
11884	312.23926794499096	1.7314842
14630	312.2395538343011	1.9314102
672	312.2515038403796	0.3895587
36055	312.25342341509764	7.798656
24290	312.25350543899447	2.9795976
37519	312.2535672647984	8.4523735
46876	312.2893580461361	9.471498
8749	312.68277976059784	1.6143895
49731	312.9429736364088	10.787631
4607	313.05205284157495	0.8797444
24473	313.07564965211304	3.0080097
21473	313.1062045111084	2.5314445
28101	313.1076689593939	3.8889678
15307	313.1185181877239	1.9829504
37019	313.1302705552561	8.296736
20801	313.137747558686	2.4443395
3705	313.1389853282077	0.7381632
7627	313.13989487938204	1.4931266
21228	313.14250106356934	2.497684
15641	313.1541886830529	2.004124
16544	313.16260686976244	2.030208
19354	313.1627461710669	2.2626424
27394	313.1804022288838	3.6591141
10357	313.22347374351415	1.6977714
40427	313.23728984844365	8.678803
36049	313.2372779399016	7.7469635
35359	313.2373057598762	7.4923186
33452	313.23736721099334	6.4286237
32846	313.23736731648194	6.051846
41678	313.2737922021538	8.882803
15429	313.296243504603	1.9870095
49694	313.9286675336154	10.781349
3007	314.1230322143298	0.65047944
24677	314.1388407684234	3.0490034
36995	314.1389688188011	8.28894
26691	314.140124342637	3.463338
23826	314.1415735847819	2.9446685
3333	314.14495126118453	0.7008342
16126	314.1496343878487	2.0088167
7690	314.1694873911501	1.4594256
6549	314.18090827365904	1.2688539
5711	314.1824937806476	1.06398
15170	314.19599230431305	1.998484
17472	314.1962564031044	2.1414864
9176	314.20765566714937	1.5595517
10444	314.2263469941505	1.6457086
22094	314.2325609222345	2.6094446
44274	314.26865106106345	9.064075
38948	314.26897686273514	8.637218
30993	314.26904547437715	5.215693
34075	314.2690877863216	6.778965
30671	314.26910520543925	5.052147
31673	314.2691105952232	5.5077744
15901	314.99544386379307	2.0173512
26274	315.0741169547143	3.3766406
26959	315.0852039192931	3.5336907
3066	315.1114457124102	0.660998
39633	315.12274185998336	8.702107
12957	315.183108696759	1.7586884
42029	315.1929443931479	8.918538
32194	315.1960229436737	5.712126
31680	315.1960925028328	5.5037985
27912	315.19612946548153	3.8323421
37875	315.2150396374984	8.500574
20886	315.22831492907426	2.4495988
3217	315.2390335928443	0.6847395
10598	315.2392584893856	1.6730136
37904	315.25306302743166	8.513667
34839	315.25313656951903	7.1898994
41367	315.2531780423794	8.771833
30622	315.25328252993364	5.0343337
32198	315.2533306350953	5.64845
31688	315.2533923437676	5.5106416
15839	316.08954473980225	2.0130484
21653	316.1183796239786	2.5516424
2959	316.13673858851007	0.6391288
19597	316.1756200629644	2.190496
9929	316.18708450556585	1.5154715
4948	316.18719389342493	0.904887
14966	316.21162213960304	2.0472562
21526	316.2121605473227	2.492075
11112	316.2241677380758	1.6741143
14147	316.22464695367546	1.8881499
40713	316.22730564587056	8.788441
28574	316.2284414262918	4.1069036
17597	316.2432455179786	2.141268
25259	316.24340557401484	3.173144
3193	316.2707311779306	0.6900837
37782	316.2846123731952	8.482476
45098	316.2847461875958	9.016104
15497	317.0466030133412	1.9917263
5756	317.099433308618	1.0575391
5309	317.1113736023084	0.96892464
14684	317.1121766312266	1.9302428
6558	317.1823973071756	1.258864
3304	317.1829757855495	0.68704176
5938	317.1830428244581	1.110311
10850	317.1991027630941	1.6340467
10104	317.2074244006812	1.6181827
43421	317.20928621525763	8.988244
41737	317.2104025204047	8.918428
26367	317.2118577186614	3.390682
2126	317.2182960530571	0.5317121
10613	317.2542658793489	1.6607494
36866	317.2688262954197	8.22048
37702	317.26913391739885	8.491236
24549	318.07362304864006	3.0203876
2719	318.11926842783805	0.6136525
28306	318.137230950666	3.9742239
6388	318.15371303863265	1.2338902
13147	318.15528835591044	1.8714283
2198	318.16612171261374	0.57333535
3221	318.1663559283569	0.6773616
5926	318.16639360277844	1.0925537
5254	318.166499262284	0.9558236
8170	318.1667492875196	1.4157124
4123	318.16680040985864	0.7814296
16345	318.1803226906178	2.0055318
12756	318.1911826559438	1.868953
16856	318.1919498458782	2.0252914
4137	318.20299755546046	0.7797762
9478	318.2036821349448	1.5879657
7507	318.2038565196	1.4264474
38602	318.2065964841014	8.595359
18844	318.2074989672666	2.2468567
42445	318.2177032514202	8.930019
16551	318.2275443967242	2.0763521
20213	318.22759863407293	2.3897026
32000	318.2278069918218	5.6304216
32345	318.22790762733064	5.7502007
40549	318.24072066122505	8.772524
38604	318.26379361671025	8.671474
38558	318.30016905619647	8.600364
44786	318.3002841153993	9.1003275
34750	318.30053609289934	7.1351604
15847	319.1270088018729	2.014874
20083	319.1275783453989	2.363091
8253	319.12823091338583	1.4978485
6565	319.1372777232313	1.2592818
11825	319.1383059627169	1.6741216
2835	319.1497848087972	0.6178764
11887	319.1519688740581	1.731218
22665	319.1657717112499	2.6966698
23795	319.1658431123735	2.8817668
34086	319.1913118223338	6.7733893
14253	319.2331813987944	1.9136064
4335	319.23703767959097	0.83722925
45454	319.2839293981032	9.172181
5517	320.111136043157	1.0187454
7135	320.1240216488413	1.380104
33364	320.1288670538635	6.3808928
8605	320.1644601761214	1.5270864
2757	320.18206836495017	0.618677
6042	320.18257563766485	1.226528
17725	320.20704927354365	2.1235023
31363	320.2431267578584	5.2576895
24832	320.2432604944588	3.0542078
21242	320.2433717128343	2.5120533
44518	320.2567257365179	9.062369
22983	321.0735224874498	2.7490113
26404	321.0822863700135	3.391737
17941	321.0848809031599	2.1676283
4976	321.09620910067423	0.93380076
22458	321.1453889560108	2.7993567
19147	321.1452716113171	2.269467
13946	321.1473790612537	1.8745222
2743	321.16551590124044	0.6169702
43964	321.16647193093	9.037079
5167	321.167151857636	0.9436387
24280	321.18191236684663	2.9549391
10852	321.2095964092085	1.7350025
10241	321.22834950685655	1.6261177
38126	321.2419493720015	8.56591
4144	322.1438284413371	0.7890604
13397	322.1754684308223	1.8434495
26337	322.17600845378155	3.383012
27010	322.1861520770459	3.5409393
16241	322.18622479211865	2.0665724
2741	322.1868784811322	0.6096472
4122	322.18786959394976	0.78693
20841	322.1977784693314	2.4456182
18216	322.2021203297353	2.1945157
16148	322.2021557542609	2.036089
14200	322.2124896762036	1.8755211
42662	322.23774039675993	9.017135
43659	322.2730277218748	9.029006
44528	322.29504580249267	9.082594
18905	322.9766462338092	2.2482877
25381	323.0314909014476	3.195723
15437	323.0546982546042	1.9994653
23053	323.0585656560001	2.756644
14876	323.10281500820463	1.9439695
6387	323.1102404018952	1.2226639
21316	323.13939533365186	2.506121
23344	323.1398541852122	2.7977004
12824	323.15908371986893	1.8015896
15703	323.161199707685	2.004847
3363	323.1825353396181	0.70049435
31997	323.1840460817622	5.6282744
32340	323.1841734322645	5.7619176
20218	323.1843360775896	2.382621
22216	323.2065158581084	2.6184785
45072	323.2213999376137	9.104024
29700	323.2216650576779	4.593404
631	323.92979625848125	0.37894645
5465	324.0591959420952	1.0078003
18403	324.14255333570526	2.2081292
13161	324.1472455356689	1.8707533
5857	324.1548328342338	1.0833992
16206	324.1912460807316	2.0176156
18163	324.2019040668814	2.1875527
11594	324.21741133673913	1.6931962
20277	324.2174437897446	2.3872974
44654	324.2894249583459	9.168464
26990	324.7748627800618	3.5354147
18906	324.97373059955413	2.2482877
5014	325.05295460247805	0.9170926
12724	325.08581871507045	1.7978263
6957	325.0889519449552	1.3370088
17653	325.1258104373957	2.107196
9180	325.13976533487704	1.561857
12561	325.164619524148	1.7839948
11418	325.1762402563164	1.7711649
3187	325.21188027747337	0.696343
7239	325.213473775413	1.3999931
38586	325.237004237764	8.634687
44267	325.237042429621	9.038796
40249	325.23720930764523	8.811465
16916	325.2482821829368	2.0891767
449	325.951183295787	0.38591176
1048	326.0305611425469	0.44751388
5959	326.1307767104841	1.1169559
4368	326.1339398760184	0.81956863
25045	326.13680810617944	3.1267252
5344	326.1692229774925	0.96867704
12095	326.1713535133258	1.7475444
14428	326.1808081174092	1.8800365
18209	326.1966560703192	2.1984282
725	326.2297348296564	0.40979582
40485	326.23312217299514	8.756543
21578	326.2537855665089	2.5358107
46521	326.3050163622999	9.341576
42570	326.3781507389191	8.937534
23849	327.0979361823055	2.8918571
19307	327.1209143251504	2.2640767
11207	327.14111331606	1.782721
19461	327.17780497819547	2.22544
24221	327.1782402643036	2.9182556
16998	327.21607987740833	2.1205223
25583	327.2162759234664	3.2416193
23279	327.2165046812377	2.799338
24413	327.2166263931795	2.984323
33662	327.2424007110242	6.559517
33203	327.2427657492605	6.2611775
39107	327.2524813947365	8.662866
41253	327.25280057371066	8.850815
16418	328.096916536231	2.0532005
30463	328.1183066393488	4.952356
30089	328.118392416486	4.7782106
13289	328.11931124926866	1.890173
4658	328.1388611185356	0.86934376
3122	328.16089965331463	0.6873193
3896	328.1861204069468	0.7526077
18416	328.2123877574776	2.1903477
12577	328.2235651963793	1.7850792
41797	328.2479814421216	8.8706
39123	328.2480587033321	8.728302
21286	328.2482970290825	2.5060112
37882	328.24829899651814	8.5253105
27902	328.2483753266724	3.8222404
35187	328.24844249104336	7.4249454
22864	328.24846610746914	2.679947
37199	328.2486851891414	8.405603
45771	328.2843212116189	9.212217
49710	328.9153274517228	10.786087
39390	328.91541284309926	8.657629
282	328.9156371090473	0.1574761
18907	328.98460114050204	2.2482877
16723	329.05716339175166	2.0739913
20842	329.1113151963812	2.4444566
23038	329.1134775991184	2.7549517
30419	329.12614866954084	4.9283476
24477	329.14953058307503	3.0115724
12637	329.1497964827568	1.7522199
20228	329.15745210678926	2.379949
18043	329.1575095934809	2.1805522
4177	329.18319519167943	0.7855386
8265	329.2177644645031	1.4854672
2891	329.2182673352193	0.6557855
26017	329.2321173134263	3.3131852
29997	329.2322954824388	4.716677
22286	329.2325124234645	2.6298912
23042	329.23252822799986	2.7544563
21396	329.23258135177275	2.5121143
44947	329.26866471653886	9.066379
42548	329.2686670901168	8.938018
35508	329.26871848197214	7.5804586
501	329.98241316565344	0.3861058
18894	330.07858638335506	2.247423
8847	330.0820929820412	1.5367038
13040	330.12007302777084	1.8194541
37014	330.1334291556068	8.292566
29474	330.13387559167137	4.519169
29824	330.1344250447118	4.8171296
15499	330.1345958516814	2.0090652
25026	330.1591008795533	3.1291678
4798	330.18474252077834	0.8714574
21044	330.19096884533167	2.4687834
18826	330.19101734301734	2.2201447
8464	330.20305879357426	1.6143072
20910	330.2274896667148	2.4190369
16741	330.22760889315555	2.099859
13614	330.2395316667412	1.8583169
25357	330.2409041556559	3.1934981
43709	330.263670597741	9.00999
38359	330.2638691988124	8.701817
40895	330.26389171781506	8.779394
36057	330.2639891035252	7.7992067
21779	330.264006784807	2.5603201
37567	330.2640078163167	8.4787445
40717	330.33666490051246	8.7855
49707	330.9156617549341	10.7854805
516	330.93064929523973	0.38760024
18898	330.9813561429908	2.247525
29647	331.0814496642466	4.584798
28777	331.14174503594376	4.204144
4701	331.16589976405646	0.8738826
4233	331.18539788167874	0.8035888
41921	331.1884201097481	8.882893
25763	331.19027539426594	3.2647555
27683	331.1907011802033	3.6580372
6812	331.1981764648029	1.3152643
4816	331.1984442353617	0.8817858
10335	331.2230581544867	1.6314096
14299	331.22326720601177	1.8735924
45685	331.225190116835	9.182932
2116	331.23384657078753	0.517705
11154	331.23551829078707	1.6938486
39694	331.24798699398866	8.6013775
32518	331.2479673717563	5.8513274
29038	331.2479768068685	4.321991
35365	331.2479856712235	7.4918933
32849	331.2479981111416	6.0528584
41618	331.28436569623426	8.862062
1321	332.09500749259274	0.4571795
7116	332.1344140478415	1.371178
39627	332.149470717149	8.701732
6105	332.15006637235393	1.1453764
8089	332.17053173638146	1.4839346
2927	332.17107286711365	0.65153825
15819	332.17118763701035	1.9918278
5728	332.1826343161357	1.0490005
8725	332.1826461771399	1.5299323
14998	332.20635487121854	1.900992
19674	332.20672091861	2.3256738
23008	332.20688075882856	2.7334437
12305	332.2196422591152	1.7406309
14234	332.22004692440385	1.8963457
32253	332.2230818766007	5.7137766
19583	332.22328582307654	2.3090894
37905	332.279580430269	8.507005
40866	332.27968377356086	8.7811365
41909	332.33117553006576	8.885684
49706	332.9117684545984	10.7855015
16434	333.05188587660695	2.0536613
24486	333.06286458030394	3.0094426
15745	333.1668406689676	2.0066729
35181	333.1676124719572	7.404057
5318	333.1778025545167	0.9894825
18532	333.19120254316107	2.1970937
16401	333.1914099966912	2.0349743
3521	333.1927645938687	0.7232745
34589	333.2041674559121	7.029864
35206	333.2042537974548	7.4201837
42415	333.2043108265399	8.837859
37210	333.2045632329199	8.389423
39249	333.2046876493091	8.691147
31216	333.263569108694	5.2635655
30625	333.26360413769964	5.033593
31991	333.26370361522845	5.6398845
31689	333.263761172619	5.5107355
32391	333.26378792270094	5.776048
37833	333.28273960746594	8.497393
46016	333.2993931900308	9.257329
15842	334.0400397423996	2.0130484
12622	334.09575136100585	1.7879869
7037	334.11269017268245	1.3465374
2527	334.1128275352935	0.5951272
25053	334.1319459967089	3.1288927
4550	334.14325363705484	0.9421866
19988	334.1654019038483	2.3535476
12395	334.1774487803392	1.7749939
10525	334.1793435804087	1.6469939
4237	334.1977600352227	0.87556344
8764	334.19799128765857	1.5336637
20843	334.19911632437976	2.3866227
19802	334.20356241086955	2.301869
19323	334.22196870833426	2.248227
21980	334.2221085618473	2.6101
16721	334.2222507582953	2.0684602
42517	334.2379009219789	8.9164505
27808	334.23874398459685	3.8058085
29640	334.2393143736214	4.575125
36868	334.2953078371853	8.227132
49704	334.910604287241	10.7851095
19815	335.0223151757147	2.3369884
24487	335.057004896879	3.0124617
6548	335.1104608663277	1.2579387
20844	335.1190637173245	2.4444566
23453	335.1612317966608	2.8143308
28307	335.1640778899811	3.9774065
5209	335.1670671346758	0.9455581
7885	335.1708849921555	1.47384
3074	335.18100721002145	0.6532763
17216	335.1814593115754	2.1135397
12501	335.2079327893662	1.785691
39343	335.2194771682047	8.639454
40910	335.2197295537319	8.776952
37562	335.21979994839614	8.475018
42613	335.22014463147707	8.902714
36052	335.220300994793	7.79943
18717	335.2694891021276	2.233326
42935	335.2791358788345	8.963862
12905	335.65287000715495	1.8111228
36982	336.1202631998341	8.282168
21825	336.1475196541678	2.5618556
6456	336.15596052889657	1.2360469
5879	336.156261143076	1.0849909
7434	336.15845090625834	1.4308096
14520	336.1656977202282	1.9205277
13412	336.19148128968567	1.8617826
16380	336.2020748467914	2.0507543
20802	336.21349487309686	2.4443395
19281	336.2376455352497	2.260607
24753	336.23783652896566	3.0666344
11924	336.2381591816161	1.7554412
34041	336.2520316285811	6.7531266
25152	336.2538866319121	3.1517787
29604	336.2541207378836	4.573943
45393	336.3104782476152	9.163478
285	336.8026465091526	0.14458644
49719	336.9076972689569	10.786927
19726	337.0380890723507	2.327782
22967	337.0475101278921	2.7489998
4316	337.0797165176505	0.8120492
7125	337.0892076716424	1.3738365
6065	337.1039013051628	1.146929
9919	337.13939050145706	1.6059568
45215	337.1434472984663	9.143355
30859	337.15466412132605	5.1662936
20148	337.16178634674225	2.337411
11727	337.161907366872	1.7274787
20694	337.1774217914979	2.4318795
19053	337.1775850552821	2.2583828
9082	337.1982241865406	1.5526367
37877	337.23520111975915	8.512141
38737	337.23538475702065	8.6503
40912	337.2355900979045	8.789386
34181	337.23572835470213	6.817429
34837	337.2361507025485	7.179542
444	337.9690141690827	0.38393342
12524	338.08742178723696	1.7834337
2144	338.1377720392585	0.5656035
4998	338.16876050266126	0.9128389
9259	338.17079551549483	1.5626599
11116	338.1715472016223	1.6684086
14559	338.18112191157405	1.870997
11088	338.2053152005599	1.6719046
1111	338.2205341825047	0.45269552
38269	338.2560743850195	8.554442
28779	338.25634717542795	4.20445
38441	338.26754494344027	8.568371
41953	338.2693641702334	8.888334
19982	339.12100788121995	2.340864
16828	339.1414595388983	2.0652006
11142	339.1556317139085	1.6768718
5980	339.16403131840275	1.1179436
6603	339.1644866644278	1.2634919
1763	339.1762437005122	0.48573473
17370	339.17784931507566	2.111901
20928	339.17794274068973	2.4272652
21996	339.17803647258256	2.5751321
43250	339.1914216662888	8.981221
40733	339.1937565415949	8.756649
3639	339.2006096079604	0.73030955
9289	339.2039951921993	1.5517116
24692	339.2463922624468	3.0641856
36869	339.2511665803572	8.231292
37133	339.2519220682291	8.530659
38743	339.26481774456323	8.617472
45134	339.28924878977	9.092213
49796	339.9039146927124	10.783353
12053	340.08226340175304	1.7425764
23063	340.08495319346025	2.765366
13570	340.10341652319977	1.8537123
28317	340.11961763017297	3.9755037
1629	340.1237999532556	0.4789528
15111	340.1871898249763	1.9894631
14802	340.2123032333164	1.9500535
17517	340.21287844439206	2.1355426
19493	340.21306331691625	2.30818
22155	340.23307947439923	2.6114254
43531	340.28461059421943	8.980612
45637	340.2846362515006	9.138226
39500	340.3575562341632	8.687982
22668	341.14642759301387	2.6970205
23783	341.1465814986459	2.880652
1588	341.15686771416534	0.47839797
16285	341.1572899689825	2.0449302
19198	341.1576022582364	2.315137
19464	341.1938443680009	2.278355
24754	341.194930907761	3.047561
10467	341.1979926466413	1.636907
34077	341.2590109641293	6.7728353
45652	341.3048844179137	9.157473
9994	341.6798575370993	1.6121701
32619	341.7672384790527	5.9438944
31472	341.76749023570767	5.4136505
49591	341.92354865724684	10.778877
5487	342.11846094737376	1.0010378
15048	342.1220441237537	1.9593633
18215	342.1345774629887	2.207362
1524	342.13994219141216	0.4773293
15008	342.1449487111296	1.9533849
9959	342.1660421813941	1.6070135
42277	342.1703319013577	8.913848
8510	342.1763730748712	1.5167266
7632	342.2026434561962	1.4521425
13311	342.2036967356001	1.8590834
6601	342.21202285933543	1.2689924
10164	342.21209408521173	1.7023567
11028	342.228751118352	1.6844087
8547	342.2292458530528	1.5165247
12962	342.239746965804	1.8203083
14588	342.2403210918326	1.9264302
42081	342.26399964375776	8.822368
44255	342.2641279703532	9.054767
38653	342.3731569439603	8.591312
13108	343.1365766655458	1.851994
10855	343.1398072500588	1.6585343
29416	343.1506617260818	4.499165
43214	343.15372060833016	8.983098
22493	343.1623719183977	2.6674998
18418	343.17311695737124	2.240017
3101	343.197954300411	0.667565
8403	343.1986093408254	1.5660683
33366	343.2047775756521	6.3808928
43911	343.22915418454244	9.036637
41837	343.24792899786144	8.864863
35374	343.2958284734207	7.5002294
665	343.31984609529667	0.3564139
26532	344.113173332012	3.4169426
25871	344.1132758329876	3.2860346
2820	344.1335504490225	0.6253447
21671	344.1508564612684	2.5570977
1907	344.15574134482864	0.47810227
20680	344.1602837882376	2.4350393
4932	344.1815779218067	0.9073982
9656	344.18255226757367	1.6417924
4285	344.19444421429864	0.8081765
15990	344.19671944174826	2.0230563
15998	344.2074239736038	2.0581963
9957	344.22811315851214	1.7567829
17004	344.2441321621061	2.0959752
24601	344.2447868089905	3.0200644
40652	344.24494265391786	8.748767
15046	344.25611214737256	1.9587656
34057	344.2676806927584	6.7625813
43417	344.27942461389244	9.035594
41731	344.2795283497149	8.874643
39435	344.2972473351049	8.674952
23104	345.04072114187574	2.7657788
1424	345.0790749368827	0.4779098
30415	345.10023403449105	4.9286685
14229	345.1314104569833	1.8869308
17797	345.1314819648582	2.1754975
15724	345.14360891114745	2.0021265
5383	345.2132950332673	0.963868
12339	345.2137069776582	1.732881
6726	345.21370510719794	1.298059
2469	345.224733291326	0.58944833
24504	345.2274782732444	3.0170841
28575	345.2283404495692	4.1048613
11888	345.2374977073504	1.7254443
4823	345.2496757466256	0.86043626
40517	345.26385353098004	8.806273
33818	345.2638867736274	6.6537466
43506	345.28246248199684	9.031464
41989	345.2825918174484	8.88856
3057	346.0911114323058	0.65932626
6956	346.11339986270804	1.3354852
24463	346.1291731254654	2.9987726
8925	346.165161368277	1.5411086
15792	346.16860752192554	2.009792
17759	346.1868245142873	2.1817036
22268	346.18710074272667	2.579161
12374	346.19789602127634	1.7690423
7526	346.1983555454451	1.4409987
19563	346.221873548651	2.3143928
17459	346.22222395361047	2.0324562
13915	346.23498389979574	1.874055
34901	346.25460830675576	7.229865
25156	346.2585157551098	3.1028528
24400	346.258659575512	2.9864209
26885	346.2586622418406	3.5175676
21378	346.2586857511349	2.5336273
29231	346.2588664547513	4.414114
28914	346.2588764201289	4.2720866
29498	346.25892571907514	4.528843
37880	346.2949586949861	8.495493
42553	346.29522788231867	8.940213
44810	346.29523338933564	9.057846
35059	346.75542048143586	7.303403
17686	347.10724188387195	2.1460867
28781	347.1158819504254	4.204977
843	347.1215392784803	0.42022526
8535	347.1306946230771	1.5159844
2972	347.1489807467034	0.64135194
17617	347.1629299976464	2.135855
22525	347.1636287609094	2.6768231
27264	347.18510209454894	3.6215806
7026	347.19323012478685	1.3245596
3157	347.1932728671932	0.6762651
6231	347.1937870475957	1.16175
2104	347.2289883610698	0.48267147
24330	347.243103053264	3.0547822
29993	347.2430994226749	4.7160654
23027	347.2432531318614	2.7553558
19532	347.26233357663165	2.3289223
7352	347.2655409366565	1.4034313
11917	347.26562525798965	1.7420906
35504	347.27940451085703	7.5799904
37674	347.2794942537887	8.4564495
36168	347.27953921270336	7.850707
36914	347.2798851490696	8.283894
42638	347.29839155057493	8.934974
25379	348.0844543607778	3.1957076
4896	348.13034380586697	0.89521044
13048	348.1304421745148	1.8189347
21484	348.14452894168124	2.5249436
26407	348.14455966696585	3.3917859
17693	348.14603723981327	2.134997
23860	348.16565641924785	2.893345
3648	348.176725995198	0.79446304
6810	348.17689659528816	1.4560623
18971	348.1911675155036	2.2518826
13188	348.2019276679707	1.9592412
17663	348.201986101434	2.08515
32893	348.2020506379622	6.0816436
25759	348.21787931946307	3.2618294
27386	348.2187709721501	3.6582973
38690	348.27436515535004	8.604861
30989	348.2745582186481	5.1617703
35354	348.27456974946875	7.489007
30593	348.2745782492336	5.0187016
32517	348.2746095988546	5.851571
32848	348.2746111112077	6.0525117
41593	348.3105564012131	8.861292
40166	348.3261404990683	8.744806
24474	349.0372086451986	2.9950693
1233	349.11005475114393	0.46623626
41838	349.17791953325616	8.877241
37185	349.1784395184862	8.37917
21238	349.1797291917539	2.4847622
40371	349.1993913830573	8.740915
44824	349.2009061951436	9.1036415
2747	349.2087001028744	0.6120555
745	349.23043372964963	0.42522058
41652	349.2356067172505	8.926924
25827	349.2586056519467	3.2845662
26697	349.25873321629626	3.4917626
25012	349.25898501537887	3.130456
22026	349.2590210618343	2.597274
24123	349.2590276791604	2.9335327
23268	349.25921200691266	2.7882135
44536	349.2732051707813	9.049114
23280	349.284459744738	2.788197
30102	350.1001806235125	4.7809367
30462	350.10019600623195	4.943821
4684	350.12066181973785	0.87203985
7545	350.1443041899517	1.4436662
19452	350.1630764323171	2.300476
7742	350.1727590923789	1.4691012
13121	350.20779006153055	1.8226188
16247	350.2081048563548	2.0397992
19812	350.21759925135774	2.3141367
9003	350.21783181725425	1.5813468
32174	350.2339989564838	5.709533
45784	350.2669857327728	9.2115555
30628	350.29081568455683	5.0338793
45984	350.32611581408634	9.251039
23767	351.01726424221584	2.8789284
6947	351.0686313347701	1.3336797
23442	351.0841298694336	2.8046496
23001	351.09545556673004	2.750887
12619	351.12246218826186	1.7872684
22030	351.1422080822055	2.5844092
25072	351.1587400332254	3.130197
15469	351.1780638804874	2.0230422
36050	351.193526698317	7.7918954
37557	351.19360518393006	8.439044
39143	351.1936928725947	8.631598
11090	351.194154014319	1.686759
8205	351.19545973958844	1.4653118
8723	351.20308971050696	1.4936062
10473	351.20315102080133	1.6506246
26692	351.2151908859477	3.5249074
29507	351.21529357947884	4.5266447
29230	351.2153908512749	4.4086657
28920	351.2154576345273	4.2773685
12288	351.22814258719285	1.6917624
42563	351.25139681612274	8.94182
40065	351.2522249452332	8.830604
19836	352.0488927124982	2.3391345
2008	352.1236754395226	0.5419833
10739	352.1510642341747	1.6549237
17165	352.1649857644809	2.1003206
9807	352.18634282412086	1.5999616
15215	352.19748288476774	2.0056496
13604	352.2198848060252	1.8571297
40679	352.2490021708797	8.781246
37940	352.2489925275366	8.504059
21970	352.24914739265967	2.5874484
22997	352.2494303852904	2.772759
42461	352.24955668177995	8.909473
33584	352.28501800635416	6.4922533
24875	352.29614722223465	3.0875854
42914	352.3055186334581	8.962382
46548	352.3204471602269	9.364945
22470	353.0330864304774	2.6685827
7113	353.06363338428685	1.3720658
21490	353.09981646582844	2.5318449
23846	353.1208498572843	2.8921256
24091	353.151152953803	2.932005
15145	353.1571527131295	1.972116
43368	353.17711608898486	8.993401
6808	353.18021057451534	1.3123515
4048	353.1976035605174	0.7685256
18671	353.207967613073	2.225346
13683	353.20821370952643	1.8713288
37874	353.2084942983537	8.484524
38700	353.23001411071	8.582348
32516	353.2300701764562	5.8517118
32845	353.2300751686342	6.0521007
35152	353.2300893588277	7.4858603
36189	353.23013798802435	7.8182926
37586	353.2301396256256	8.4566
36800	353.2301538115214	8.188862
33398	353.2301998771049	6.341116
30579	353.23073470560826	5.01927
30990	353.2307454242448	5.172822
29016	353.2309482961862	4.3079576
27667	353.23241002098257	3.7580202
26815	353.245516685687	3.4978685
35912	353.2627799381793	7.7484446
39468	353.2684119189105	8.819483
42916	353.26826242300695	8.961461
19746	354.06465842437154	2.3300993
24121	354.1371231631464	2.9290073
6525	354.1516796802313	1.2537624
5833	354.1656980074059	1.0727781
10060	354.201640422002	1.6138752
11874	354.2026043383063	1.7702131
29195	354.20988212953705	4.4107456
21559	354.2282858121868	2.5372903
41906	354.26467870667	8.893859
46409	354.30015209191623	9.315441
13179	354.6967612416316	1.8288921
24464	355.04458557054136	3.0087883
19997	355.0952308459045	2.3545785
8449	355.15014308345206	1.5115237
33253	355.15429007576915	6.2856846
16786	355.1728725274987	2.0645287
4642	355.1861344205276	0.86625814
31655	355.1897171190329	5.504039
37890	355.2085725444695	8.496746
31230	355.24547385105404	5.271575
32267	355.2455968088724	5.6528683
31693	355.2456515175409	5.513549
30624	355.2457665908808	5.033438
32602	355.24579459423654	5.831955
28737	355.2601860680278	4.18327
29152	355.2602985194517	4.3560348
35269	355.2633427444823	7.443434
31152	355.2638474443335	5.2588496
38571	355.26397095479814	8.594065
19608	355.27026219088003	2.3204195
7503	355.2818844412727	1.4371841
43801	355.28381914775946	8.990176
49613	355.8762020772469	10.778307
38720	355.87635396831706	8.64733
25065	356.1142112083118	3.128662
23752	356.15272405667577	2.8732274
8668	356.180926418805	1.5256025
27614	356.20779020331065	3.7287452
11329	356.21852544350656	1.6848371
26968	356.2238263032798	3.5333247
10818	356.2440912205704	1.6479613
37899	356.279568701174	8.526859
41751	356.27958884907514	8.832206
37598	356.2956014941615	8.418565
45133	356.3155025110367	9.109056
19842	357.0044093538296	2.3402417
16369	357.1315799381273	2.0585172
1143	357.1418663801398	0.47045594
23361	357.14277569613347	2.8162582
15222	357.1521192470478	1.977585
17630	357.1522586111972	2.1379652
17218	357.1636252267161	2.1135397
18044	357.1907540713809	2.2086928
12216	357.19133850856434	1.7471036
36058	357.2025601884824	7.7945557
4870	357.2135023868758	0.89496905
9270	357.21388111723945	1.5683525
38162	357.2270543891878	8.5473585
22059	357.2482219490584	2.599205
11480	357.2489804198393	1.6728367
3170	357.2494161066068	0.67893213
17306	357.2499420386209	2.118389
35646	357.2532513223531	7.6377773
33758	357.2533203085718	6.612239
29795	357.2541952433256	4.660651
47979	357.2786000715608	9.9465685
42930	357.2795073600374	9.08648
36372	357.2798623366201	8.027733
40566	357.2799001542701	8.779694
22416	357.7615298780703	2.6551352
21807	358.1301456582995	2.570838
8321	358.1977360467778	1.5896212
12383	358.2073770402944	1.7695951
18530	358.2232412274712	2.2005262
24427	358.2235811898687	3.0103402
37661	358.22634960711247	8.502462
12502	358.23362018459784	1.7916534
40256	358.2589458206645	8.734141
16739	358.2710308942408	2.1502564
8998	358.28117138275275	1.5452226
41250	358.29523776681634	8.861946
45712	358.295255418866	9.123878
43653	358.29529818721704	8.992844
36054	358.2953364910222	7.792787
38296	358.2953736244932	8.530532
45675	358.3312509769543	9.173416
42546	358.3678709758681	8.936004
4324	359.06169409003496	0.8142733
30857	359.1367157562835	5.1651525
4831	359.1451628842032	0.8983006
20650	359.1579170554767	2.428774
19052	359.15822996377534	2.2587562
7993	359.1684866282529	1.4783928
34074	359.18403278191533	6.7609444
37015	359.1960842270539	8.292691
22602	359.1968754971565	2.6856596
37867	359.21687305454884	8.490889
3985	359.22881341091846	0.7653012
5046	359.2289877575106	0.92280483
6929	359.22926506495435	1.3224341
11844	359.229438828504	1.7257935
13866	359.2296497789588	1.8713452
2409	359.23992836369825	0.58583206
5275	359.26494517196807	1.0426795
2482	359.2648840435932	0.5903933
45141	359.29549014169214	9.111294
45803	359.3269299760642	9.21825
49784	359.8186060042761	10.789862
49614	359.8728794006192	10.778485
11845	360.12925189605414	1.7244947
1320	360.15008584472304	0.4619959
43234	360.18049561420054	8.984263
14172	360.19426792941283	1.854645
22330	360.2016517718909	2.6260078
12045	360.21307467523104	1.7557185
9084	360.21332283416075	1.5822703
14604	360.2140774726775	1.9344709
14766	360.23783897116914	1.9590685
26488	360.2378670159252	3.3786824
19658	360.2379535510846	2.2979393
11611	360.2382812485512	1.7847216
41390	360.27417035609403	8.834305
38522	360.2742231971525	8.617927
20772	360.2934458247096	2.4368603
37878	360.3106980072285	8.499283
42642	360.31074461279377	8.984714
24885	360.7730173381427	3.0895643
19962	361.103132913883	2.3586855
21506	361.1741110536652	2.4925723
10168	361.1970073873361	1.6192673
12204	361.1989903838667	1.7670175
15196	361.2045147074767	1.9606334
4666	361.2086464959756	0.8744963
43719	361.22063235987326	9.014981
21669	361.2222988787949	2.5531533
10999	361.2336102047997	1.6679631
36858	361.2340619316135	8.221354
38113	361.2353017206768	8.534303
11458	361.2423875389313	1.7284795
2115	361.2442739449885	0.5331521
23210	361.2523046197406	2.7892838
34752	361.25896945125646	7.1316266
20651	361.2951081517431	2.4263005
49648	361.8715016928917	10.778544
13630	362.0853797711131	1.8555665
2750	362.0859276416588	0.63017696
5120	362.1432054256221	0.9421342
22772	362.1495433440506	2.7139907
31348	362.1602261023345	5.3304725
9290	362.19186181592	1.5651749
5103	362.1923041398093	0.9271549
19996	362.1978326780602	2.354538
14452	362.2091511500447	1.9145973
12072	362.21723508022416	1.7829245
17657	362.2177719971687	2.0140743
25791	362.2535742355154	3.2526054
21374	362.2536424225876	2.492588
28582	362.25366919852354	4.0946183
18593	362.2536952990818	2.1035879
24568	362.25378045087024	2.9388554
22411	362.2537833414731	2.6554751
2626	362.2890217304972	0.611739
38899	362.2898712896542	8.622939
40548	362.289996258771	8.79095
35602	362.2901274474641	7.5794044
8778	362.7215373529112	1.5337937
810	362.926193176607	0.39678612
7470	363.1414825271874	1.4321444
16033	363.15613378847297	2.023489
14140	363.1575081740264	1.8873689
24803	363.1955305332602	3.0879955
10150	363.21337193511016	1.6423897
20487	363.23732169383686	2.4375138
23481	363.2376142843191	2.818882
46178	363.2886841645128	9.2399
45371	363.3099317789045	9.160666
4822	364.1003609008487	0.90171605
666	364.1744521945767	0.39895773
18912	364.1785404585568	2.2484183
15802	364.1786416430018	2.0104692
12666	364.18749895341296	1.791599
20279	364.2105790139889	2.3864608
27267	364.2125679031705	3.622422
15556	364.2228421724397	1.9536263
18956	364.233117506996	2.0577316
29990	364.2691732861114	4.715365
25248	364.2693656687008	3.1705663
23153	364.2702214978831	2.7835937
23892	364.2706563867258	2.9457517
45580	364.30521983805255	9.184134
35500	364.3059620892114	7.5774493
46008	364.3416396154442	9.332632
11894	365.0844660605288	1.7241538
1076	365.10549667081375	0.4419351
43107	365.1360651217786	8.978707
13105	365.1572621567638	1.8457135
26410	365.1939463047588	3.3898284
23223	365.21808935309633	2.7860825
41336	365.2309412129219	8.820124
38605	365.2311101041709	8.623045
26892	365.2537876215477	3.510505
19399	365.2547681976301	2.2934442
45906	365.2682623447648	9.226117
34289	365.31671910926616	6.8678083
28336	365.728989479136	3.988914
26530	366.0948471453254	3.4159336
25890	366.0951092966304	3.286333
4671	366.0951214548463	0.8733065
15688	366.14332358223055	2.001395
16823	366.1764797360193	2.0905318
10928	366.2028888444872	1.8156155
16072	366.20293573923976	2.0278854
5751	366.2143188435192	1.0556782
3568	366.2143641781468	0.7240922
44828	366.2275745773948	9.103592
25769	366.2275949433714	3.2652192
27385	366.2280100646846	3.6590996
15107	366.2361564075783	1.9692152
20909	366.2488241393735	2.4266572
42452	366.2651183559215	8.913803
45086	366.300818892722	9.115254
44663	366.3213872178835	9.091959
41583	366.3368061303362	8.857906
23187	367.0226835503497	2.7796097
23004	367.06936560207697	2.750887
22939	367.0905585321704	2.7419746
5138	367.09976898429846	0.9375507
10366	367.10979407425725	1.6314061
31331	367.1157104684209	5.3324122
8459	367.1493329338181	1.5187804
4499	367.14933624315154	0.84555656
15516	367.17355218445294	1.9989486
19466	367.1902828269257	2.3011153
6813	367.19565048028886	1.3037457
25596	367.2093658784737	3.2189522
26545	367.20941431721377	3.4813676
24518	367.2094662815254	2.987792
22406	367.2098612243158	2.672848
28577	367.2098611671771	4.092592
21370	367.2099054422068	2.513617
42536	367.2254741480565	8.93523
4965	367.2316343540016	0.908752
13208	367.2341155633421	1.838053
35614	367.2462143298205	7.6254015
33816	367.2464650923488	6.656976
40911	367.2466558621411	8.789571
38419	367.2467144369825	8.650427
34868	367.25934347011446	7.217241
23768	368.04449060611535	2.8794527
24448	368.1106616586026	3.008625
9791	368.1819338872455	1.6091532
16601	368.1918838380398	2.0657988
5484	368.2296095012071	1.0091664
22012	368.2636822109184	2.602849
49649	368.8846536469583	10.776321
21487	369.0741062846598	2.5260148
19828	369.0756967411445	2.3436449
4599	369.1124488920668	0.87311184
4689	369.1664338529592	0.8662573
6965	369.1755654610566	1.3376327
30587	369.2042311103941	5.0174627
29025	369.2047600026002	4.3199625
35214	369.2053384994901	7.483637
32520	369.205449633747	5.8524384
32850	369.2054545754285	6.052658
26156	369.22541573539934	3.3279004
24818	369.2254244019996	3.0681376
23955	369.2255132360193	2.9261897
29987	369.2255504160984	4.7214947
23048	369.22564785046063	2.7610805
21452	369.225699792056	2.5221877
35503	369.2616221660487	7.5791583
36167	369.26181082391935	7.8591666
36910	369.2620055459695	8.262269
37287	369.262584629892	8.4613285
40304	369.2789368072813	8.758525
2398	369.2948208380588	0.5824494
7355	369.29766200349206	1.4167006
8707	369.7295772883506	1.5274035
517	369.9243393727234	0.38905302
22461	370.0594399450294	2.6659265
1704	370.0980329610156	0.47930774
13034	370.1131895312295	1.8188117
10446	370.113894060794	1.6364304
8002	370.1393484575482	1.4779601
15816	370.2026791089479	2.0139346
20411	370.2235018581807	2.3986259
24748	370.2281563491821	3.0742083
23030	370.228458035054	2.7546482
13190	370.2342767489456	1.828893
26481	370.2585145591824	3.409678
29187	370.2588233141253	4.3962274
31650	370.2590730552235	5.4985766
44948	370.2952224499118	9.115356
40896	370.2952713006859	8.8415985
42558	370.29531558810174	8.946946
38600	370.2954110248416	8.61398
19722	371.091521427444	2.3277495
22756	371.1128640066346	2.7029107
18132	371.1299077076192	2.1207714
21379	371.1636925006632	2.4915621
44814	371.18309217105065	9.102794
27389	371.1838631433812	3.658027
20893	371.2051225626113	2.4519727
854	371.2124085349553	0.42213458
31962	371.2208377175609	5.643147
30627	371.2211224954997	5.034863
9622	371.23003228366304	1.6419885
27108	371.24019921502514	3.513824
20941	371.240752700299	2.4860842
22031	371.2408053929039	2.5974765
25933	371.24095551073856	3.3125598
24134	371.2411773890655	2.934671
23262	371.2411869581006	2.7873316
25008	371.241358681055	3.122122
26841	371.25672666475066	3.498459
38919	371.25866056636266	8.631416
30117	371.2592558791264	4.7967434
12542	371.2650844801965	1.7771307
42862	371.27884657816014	8.937714
45033	371.2954853524608	9.132519
41150	371.3272602106298	8.821371
6391	372.2132378928444	1.2297932
7321	372.2234592219236	1.4143242
11289	372.2390570775195	1.7115903
17509	372.2391588239653	2.149843
15505	372.2492540979933	1.9023987
25210	372.2737746488131	3.1647587
42209	372.2748142555485	8.910866
29053	372.2748474587348	4.316797
44938	372.29035101769847	9.119853
32442	372.2905313460861	5.8313875
41578	372.3106331631394	8.972128
25302	372.3104467411648	3.1906328
8068	372.72202128378177	1.4877678
16632	373.147832891272	2.0666213
27906	373.1994593938877	3.830808
5929	373.208735983023	1.1023571
7959	373.24535717695295	1.5744315
14198	373.24555103682815	1.893297
28735	373.27068276866913	4.1780734
29143	373.2707270979114	4.3582706
38588	373.2738517483172	8.606003
31151	373.2738707147493	5.259025
35233	373.2741661790881	7.4371996
32306	373.2744314290455	5.759458
31834	373.274432843219	5.561607
3406	373.2808969024808	0.70912176
4384	373.2811543607388	0.8216669
10199	373.2813075942633	1.6377693
39356	373.2951059272814	8.6743965
34195	373.7483880120087	6.8479605
34593	373.7928822454152	7.0376325
2005	374.106769159029	0.58446395
6942	374.1448006190518	1.3366206
23750	374.1630919816008	2.8718894
2106	374.1663435444191	0.47999963
23040	374.1714139734334	2.776344
22381	374.1714832264427	2.6491084
9511	374.18218757676937	1.5848502
3602	374.2038758049163	0.72814524
5950	374.2039418940553	1.1116308
17155	374.2175704026593	2.137596
26891	374.21789815932345	3.4961708
14382	374.22891097404806	1.9103382
9344	374.2294857425918	1.6176474
40714	374.2309768598472	8.784347
2122	374.23983960944855	0.48607787
21517	374.244101826564	2.529714
38208	374.2539588561651	8.575431
22456	374.25397016325945	2.6444592
21075	374.2540256440123	2.4712274
18877	374.2540508399455	2.2320585
37225	374.2542278536704	8.415507
44745	374.2903512430298	8.959559
37599	374.3066387839045	8.4160185
42550	374.32648675846826	8.969608
26366	375.08157708162975	3.3899226
21499	375.0820737303566	2.5284348
14373	375.0986038914541	1.9120024
30858	375.11086247374345	5.1668487
24065	375.1318747358681	2.93285
20437	375.1784332943975	2.4028618
5286	375.1884369280353	0.8564846
3864	375.18819837060863	0.7561468
7230	375.1882800085824	1.397011
30582	375.2125340781273	5.015509
2477	375.222558203482	0.5901569
1371	375.2222873337595	0.47092873
8831	375.2247416225322	1.5975815
28691	375.2500235639884	4.153342
36401	375.2889306126374	7.9915843
40356	375.2899500134061	8.79389
6625	376.12402400101047	1.2727987
16921	376.2246922470768	2.0895555
23777	376.2331283854255	2.8726351
23117	376.25036319837614	2.7681453
36183	376.2594312640913	7.8956194
28665	376.2694226090614	4.143946
27995	376.2695626987372	3.8445435
37342	376.2697040356471	8.425302
40127	376.3058427446553	8.718682
31000	376.3058764595807	5.1548185
30594	376.3059280363945	5.020529
33252	377.1364414166331	6.2848926
13608	377.1461302672565	1.8571026
12396	377.1827262046552	1.7757452
6705	377.18530091334	1.2861259
9042	377.1856855242289	1.5515529
18054	377.1862041037119	2.177897
22305	377.2075444954703	2.647085
4341	377.2171302219724	0.8148554
15509	377.2188870277844	1.9945695
30618	377.2283412031776	5.034581
12494	377.2289534765074	1.7677566
43088	377.26751743220433	8.976632
45975	377.3255211370041	9.251364
23449	378.04509212666	2.8132327
13326	378.13088924675446	1.8393108
18106	378.1556344122475	2.178869
12718	378.1679490636973	1.810421
9749	378.1694873415991	1.5965873
10720	378.17741786906976	1.6614267
11284	378.2029599704581	1.6841539
2943	378.2239137030811	0.6297729
20847	378.22443791568026	2.447983
17619	378.2389887172934	2.1351829
43725	378.248265763354	9.015405
21942	378.2489341263169	2.5517476
37177	378.267764398688	8.381582
34751	378.285079390238	7.1350217
30309	378.28577414778624	4.843722
45878	378.300054655746	9.225667
43232	378.3214076146602	8.82432
30949	378.32150040191584	5.2723794
30619	378.3217055130525	5.0328326
492	378.9957799510336	0.38570586
1410	379.1208607281389	0.47170365
16051	379.1409739347297	2.0248075
29712	379.1655227650069	4.6086674
26275	379.1723613245487	3.3743541
6226	379.1976993381512	1.209787
4121	379.2086149989031	0.7780572
38174	379.2097864185176	8.53571
37222	379.2111797645524	8.413506
11481	379.2326603755512	1.7286589
42624	379.2454658013753	8.946199
38744	379.25740155773167	8.618755
31399	379.295905761535	5.4684277
30675	379.29584520994985	5.051979
38235	379.3318722688493	8.548873
18452	379.7508657544751	2.2146876
4848	380.0743800027164	0.8820924
905	380.0952356884272	0.42944607
8004	380.181391312356	1.4790535
9958	380.18151918780745	1.6070554
17254	380.191667324449	2.084962
15018	380.2182893121087	1.9672922
17086	380.2417146064283	2.0868456
44836	380.2437487507696	9.107246
19449	380.2647784005312	2.2534308
16992	380.2652015389447	2.128559
42451	380.2803096253599	8.930939
45357	380.3368519733671	9.160315
24574	381.0574150000336	3.028761
6629	381.0792028391141	1.2790626
1029	381.0793284981842	0.44139776
4623	381.1654261404637	0.8642678
24699	381.1823915886749	3.0529873
8465	381.1863492755095	1.4968405
21799	381.1885903294116	2.5443144
20266	381.1886624947022	2.3537707
23755	381.18894265011056	2.8531737
8737	381.1910471714582	1.5159411
5092	381.2110053803113	0.9290112
13894	381.21123510682	1.8722967
6901	381.2116427753498	1.3252351
11846	381.21179596083385	1.7232841
28074	381.2255140536458	3.8956478
28660	381.2257394436611	4.132599
29693	381.22605022893663	4.5854545
37336	381.22615404063305	8.433283
33540	381.3116015032169	6.4660254
33780	381.3116415707128	6.634492
30943	381.7901974714326	5.198364
7647	382.077196029586	1.4546934
29278	382.1547066729556	4.424126
6212	382.1709653653082	1.1876398
4597	382.1971818459412	0.85862553
12639	382.1975325928131	1.7897105
10410	382.2451837827202	1.6485527
37495	382.2953586948886	8.427496
47079	382.3313891096104	9.512429
38211	382.3316391445031	8.544595
49597	382.8373644449196	10.775793
49578	382.9268431194165	10.775006
21372	383.1831047647789	2.5095475
22399	383.1831637845604	2.6518722
24605	383.1833340455893	3.0207925
26121	383.20436072341687	3.333481
21722	383.20456112228527	2.562319
19669	383.2045744016373	2.3226013
35622	383.2208039524518	7.620142
37158	383.2235186330914	8.368202
6955	383.2292187688526	1.3367724
30327	383.2420884536924	4.843704
29095	383.242188045561	4.3408213
34754	383.2421888274729	7.132841
13391	383.2661274049677	1.8663677
22110	383.2765150962492	2.6072195
20648	383.2768874670368	2.4255602
24395	383.2768928266512	2.9972253
26903	383.2773553146524	3.5142937
39027	383.2791757117322	8.67071
31982	383.3271486175794	5.6355824
44854	383.32788705176415	9.10732
10524	384.09306636096846	1.6413037
6948	384.1151634120244	1.332739
43218	384.1579057109006	8.97686
9654	384.17705719646193	1.5880057
11922	384.2136058604161	1.7338622
34241	384.2534447793647	6.8454757
28235	384.2752226280456	3.9469872
23781	385.0704917233202	2.8788223
20354	385.0737462807376	2.395629
18876	385.14389720455534	2.2498188
24800	385.177548044591	3.093201
18384	385.1836809092347	2.2015712
24787	385.19887109929743	3.084339
23965	385.1988838813668	2.9212463
23049	385.1989186793008	2.753197
29988	385.2004619766598	4.715546
18529	385.21992763717685	2.1473713
20350	385.2200130983885	2.4669168
23476	385.2202773446172	2.8181767
36172	385.23729059428047	7.8760147
13380	385.24558057666906	1.8441988
3750	385.25591425984464	0.7416017
45747	385.3105676344132	9.18431
12137	386.2020047270287	1.739715
27306	386.2179481154415	3.618225
9649	386.2289267646187	1.6571668
24394	386.25398237282513	3.002381
21226	386.2542416473687	2.591196
41335	386.2901623634568	8.827028
26428	387.1075807889196	3.4010468
27044	387.1078069432957	3.5591195
18091	387.1559932546144	2.214117
18459	387.1573309244745	2.212673
19401	387.1705381205196	2.2939398
23214	387.1992078219504	2.7678976
9393	387.2247899919308	1.586118
36983	387.2273415768987	8.282168
10796	387.2322933943436	1.6579361
19402	387.2361149872686	2.2912464
11920	387.2412154477249	1.7700832
14514	387.2610562414843	1.9233204
2822	387.2713784658037	0.6285176
40310	387.2900412392936	8.778493
34290	387.2980804817486	6.87082
530	387.934616730344	0.38871378
3735	388.21988107970674	0.72875625
24836	388.2330345841328	3.065293
16433	388.233157313149	2.068641
13011	388.25443068108746	1.816738
2138	388.2547018817624	0.51203763
41983	388.2702972191231	8.847465
23446	388.2715247399165	2.8120494
21477	388.2716376313172	2.5255868
43800	388.30579453258775	8.957579
41022	388.3059084444319	8.842511
34380	388.780042994332	6.9306536
10405	389.09114571124553	1.6325686
43642	389.11180397469127	9.010165
4614	389.134295196797	0.8635455
16208	389.1608798903897	2.087612
4251	389.20318754867645	0.79911196
7421	389.2035836308454	1.4775784
28281	389.2167944946024	3.970507
18552	389.2174580501579	2.1743402
11507	389.2283314060696	1.7017672
2156	389.2377463883496	0.55965984
12781	389.2396936099652	1.777869
8021	389.2402524161011	1.4865767
42910	389.2685237830303	8.964839
38930	389.2688415218856	8.640177
22941	390.1663153167596	2.7419746
43318	390.1727163507009	8.992083
23956	390.1927684201131	2.9094315
17593	390.2131698523406	2.1227899
26606	390.2849315685672	3.4531236
24780	390.2850165648065	3.037069
23878	390.2851594132554	2.900107
22813	390.2851742178024	2.7120597
21385	390.2852775809824	2.5285645
33274	390.2925459021122	6.3225856
32599	390.2936766447384	5.883191
32443	390.3019043166941	5.784938
44333	390.32149385942967	9.062327
35623	390.32149443322623	7.6200166
4659	391.09445558686696	0.87338173
43594	391.1097602170496	9.010586
10073	391.1439156902491	1.6146593
12148	391.1585412450797	1.7500787
27311	391.17297866383086	3.6205106
19364	391.1765679341003	2.2916677
18338	391.2019962493342	2.2026343
10214	391.2078774694854	1.6236709
29986	391.2080156752331	4.716558
8352	391.2286194727834	1.5035623
41464	391.2463006980044	8.841869
46938	391.2838358512215	9.484183
38561	391.2842580360592	8.588692
31089	391.2844382096187	5.2525873
35226	391.28447605989567	7.4434257
36798	391.2844910304229	8.1599455
37064	391.2845962849442	8.315015
39380	391.3058340725998	8.676376
4804	392.137482658129	0.88058347
12621	392.1821490725007	1.7937212
42320	392.1883764279488	8.919504
44202	392.18849088715575	9.060262
22301	392.1916937553447	2.6365635
12471	392.2107573709513	1.7856568
20519	392.2284607310919	2.3982275
24672	392.22857490827306	3.0483737
22866	392.2289177979766	2.7319381
40038	392.247108223568	8.749684
20947	392.25614992461794	2.457841
39353	392.26481537534	8.644876
7991	392.2655692490795	1.4788313
23077	392.3013510169639	2.7592442
39987	392.3013884723781	8.745955
23977	392.3020449443919	2.8969228
44831	392.31486073192747	9.107822
36373	392.315521435212	8.034324
40301	392.31579555203535	8.800689
37584	392.3160787912535	8.439328
35499	392.3375237281839	7.579652
22757	393.095089977218	2.7057726
15438	393.213803033112	1.989349
9327	393.2237834037275	1.5576766
14719	393.2239630535056	1.9298186
41950	393.22588420681785	8.840698
12540	393.2482330883092	1.7449865
3825	393.2495532248205	0.7493936
12218	393.2503116776397	1.7022917
42735	393.2620385604918	8.946222
40930	393.2621845391208	8.791989
36184	393.2862232146077	7.8957887
45479	393.2987814817292	9.142068
47551	393.3389009511996	9.714245
3726	394.1344987143796	0.7256273
7686	394.1347378335908	1.4693805
2006	394.1347615976281	0.4815221
7289	394.1610289829021	1.4066496
43379	394.2038180748573	8.996116
45065	394.2043136654362	9.122059
31276	394.2240056164625	5.2992396
32429	394.22497807977095	5.822604
12618	394.2345641396344	1.8049781
42213	394.2582300835591	8.908981
27408	394.2604150712653	3.660426
38609	394.2951827727776	8.597422
44903	394.3157748293055	9.1118555
47550	394.3464346759133	9.7119055
45421	394.35250078288857	9.25008
12554	395.1357732668339	1.7837688
19615	395.16773449213065	2.2891955
38160	395.1835498726039	8.537534
4661	395.1923375100204	0.8724968
30258	395.1978279228131	4.8475575
9389	395.2278788159264	1.5691382
22539	395.2407308147826	2.6801214
25467	395.2409409669218	3.2193725
24055	395.2410629135242	2.8711698
29151	395.252829565614	4.3609257
28733	395.2530178518881	4.1777563
4453	395.2633481667866	0.8292624
7992	395.2636382690888	1.4550499
44188	395.27770621209095	9.047125
17058	396.1148678599058	2.1013908
39954	396.1501415691562	8.727925
5967	396.18566303067655	1.1167676
12091	396.2130753341561	1.74676
15246	396.2602057282324	1.9801408
39505	396.3109286554266	8.686494
42068	396.3324250306337	8.966257
44911	396.34768603724814	9.136214
26372	397.0637915460776	3.390688
4681	397.11105265880536	0.87929153
22306	397.1470309563625	2.639727
26236	397.18267540343646	3.376804
17151	397.1839464020007	2.128662
24757	397.1840115448936	3.042454
22823	397.1840845407938	2.7157066
20451	397.1840949782301	2.3844132
23792	397.1842239734508	2.908645
27471	397.2206457018853	3.7439744
39352	397.2209515927193	8.673268
17752	397.22204972861056	2.1949973
18561	397.2566074770009	2.2247941
22812	397.2568198824225	2.5625498
23844	397.2568498026338	2.894215
39945	397.25742224987454	8.753921
44789	397.2717252628072	9.110392
45902	397.34228944738817	9.227925
5442	398.1402451190576	0.9993324
8937	398.1851920720991	1.5278909
12376	398.19284077571416	1.7696737
16914	398.208060644368	2.0921187
18885	398.20807323767593	2.2476828
9682	398.24029791567096	1.5910099
36190	398.2409451458005	7.8966613
26052	398.27498855345095	3.3249848
30287	398.2908041910369	4.823746
40461	398.3270142150361	8.799449
13625	399.12803476052807	1.8575184
1039	399.1447076672396	0.4523601
14689	399.165436538313	1.9495474
6699	399.16721595049785	1.2937952
5610	399.1746256503328	1.026098
26234	399.17732795286656	3.380988
15317	399.1990556306945	1.9813144
43128	399.2507034792632	8.980534
45884	399.2509571393411	9.147727
13216	399.2610309195616	1.8342352
11648	399.261164410136	1.6837156
18238	399.2724222277884	2.1942835
27602	399.27257178474576	3.740357
46095	399.3072787411626	9.26213
18003	400.1385043509637	2.208808
15088	400.1401329642098	1.9702089
3689	400.1463732066039	0.73317575
3177	400.1824913927069	0.68318975
8878	400.1985609638309	1.539203
17647	400.2209516851474	2.1399515
2506	400.25549519382855	0.59290075
22068	400.271433491033	2.601914
41848	400.3419069610992	8.910823
7594	400.7486439073648	1.4449267
49777	400.84522518554616	10.787969
10496	401.1150930889421	1.6415856
10557	401.1192330237709	1.6443298
24788	401.1519876437962	3.1037211
19533	401.1861247883253	2.3100731
17110	401.1929281619907	2.104815
15440	401.2157535399765	1.9892927
11699	401.2283711993721	1.7340888
14015	401.2765109699495	1.8785411
31569	401.2779271563224	5.471118
30677	401.2780017218048	5.0523343
3768	401.2872371511083	0.7496773
42070	401.2874470387914	8.898666
19014	401.28832982991776	2.255652
30047	401.3020823502575	4.7787805
29417	401.3021626474122	4.5250926
47144	401.34117713645065	9.564008
20393	402.1002665599896	2.3909822
9571	402.21292732666194	1.5954788
13246	402.2338021292357	1.8329775
8114	402.2356834649281	1.4923781
2485	402.2457653582133	0.58966315
25402	402.2853600936402	3.1502163
12031	402.3066533606783	1.7826408
2434	402.3186512921579	0.5871814
44689	402.32149248201534	9.079585
45443	402.3363465892809	9.169191
41305	402.3368486677489	8.766378
41499	402.3580474454104	8.85158
20438	403.1145849642162	2.3989184
15736	403.14014393451714	2.0109415
24696	403.1630712500922	3.0524318
9835	403.2194648526958	1.5987395
26098	403.23071399829865	3.3247955
45034	403.2316402211475	9.1218605
16005	403.2326782502	2.037723
44602	403.24847775602575	9.0884
14541	403.2560058992401	1.9243534
11110	403.2565453848391	1.6794733
12876	403.2569124171477	1.8047419
12505	403.29155134182537	1.780338
33782	403.2935794575296	6.635827
7609	404.0594465059015	1.4531007
30006	404.1244279139967	4.7265024
27047	404.13495334769743	3.5605707
29283	404.1369527027989	4.424135
6215	404.153768062176	1.1852365
18692	404.1821570635136	2.2288325
5306	404.1929920692741	0.9683795
22346	404.22854893433447	2.609166
20484	404.2285570627943	2.3768263
32820	404.264327006532	6.0291204
45056	404.2834775587396	9.123717
40313	404.3009860556016	8.725872
42126	404.3012149740366	8.849388
29839	404.3013105951503	4.676222
28568	404.3016094574826	4.099017
221	404.815422511964	0.14458644
21619	405.1530802598286	2.5854223
5895	405.19816783267953	0.9588405
16424	405.213546143598	2.0521727
11893	405.2168848476665	1.7323223
43395	405.2631130121088	8.995311
45797	405.2632468225029	9.217262
31058	405.263342006926	5.2203546
30653	405.26344422632224	5.049739
32763	405.2646309283988	6.0165544
4843	405.2708339901991	0.88591987
33502	405.2851547136637	6.438648
31130	405.2854007401039	5.2487974
30699	405.2854600677992	5.0648427
43716	405.29960339556817	9.025538
31985	405.3089619888006	5.637418
46390	405.3522394690082	9.317112
295	405.824393642367	0.14458644
49779	405.8244645641187	10.790038
43643	406.1383224414855	9.010178
2205	406.18193815248367	0.5755606
13195	406.207899524753	1.8881297
23705	406.2080693128347	2.856825
19855	406.21130650431854	2.3298812
28283	406.2436466731412	3.98075
17005	406.2441535480938	2.1334658
23341	406.2800793507226	2.7578044
21784	406.2801430849496	2.5663886
19620	406.2802229547849	2.3054402
38929	406.29532287850793	8.630872
26015	406.2965094156748	3.3109436
27154	406.2968925846776	3.5919762
35457	406.3166363034073	7.553132
15221	407.22975596279787	1.9339507
12752	407.2306239128624	1.7991049
12562	407.2661409331045	1.7896198
7664	407.2670926093628	1.4538672
6237	407.2673276314309	1.1858193
45636	407.2787472881115	9.194315
33158	407.2796074064589	6.225474
32929	407.2797126165916	6.1149793
29518	407.2797218045157	4.532486
31061	407.30090146973487	5.235588
30557	407.3011757127511	4.9919314
36195	407.3020802041723	7.894461
43710	407.3145920533235	8.997526
49774	407.8241512115204	10.788465
43602	408.136253817525	9.010336
23413	408.1659536870421	2.8072767
22462	408.1659703038271	2.6635025
4127	408.18797426056585	0.7844494
43863	408.2378619202691	9.029054
22638	408.249467171276	2.6922343
24821	408.2538690541202	3.0963016
17074	408.2958398909833	2.1391559
19541	408.2958583888405	2.26404
39795	408.3103567380843	8.785406
38550	408.31050204035967	8.593406
31174	408.3111801771906	5.260971
35232	408.3113125939944	7.4520607
36799	408.3113604545779	8.1600895
32462	408.3115731088555	5.793668
37061	408.3115849660651	8.319236
45615	408.3322578409016	9.189356
39369	408.33254464879656	8.675351
46023	408.3681285100336	9.330508
27062	409.0897062829174	3.5607862
18703	409.1386591180717	2.229885
20510	409.1842753938554	2.3713157
19494	409.1856526878034	2.3044531
8945	409.1871685645617	1.5420035
9418	409.20881946554687	1.5830929
32779	409.2206702856545	6.0174823
40614	409.2570748281144	8.739638
26498	409.2995595419626	3.4117289
24694	409.2996000490079	3.0510356
40816	409.31422282063386	8.786442
36944	409.3415986115016	8.209621
45213	409.3475312611174	9.125258
23538	409.7789444855791	2.8282163
26083	409.778984551673	3.332265
7320	410.1562868848831	1.4133079
3184	410.16625711268273	0.67858523
12110	410.1723072987581	1.757065
18873	410.1822279809117	2.2451794
19038	410.2098779445496	2.2542245
43875	410.2542737104189	9.030112
13352	410.27535781550296	1.8910538
40642	410.3252823462995	8.780263
44647	410.34834012253	9.09046
515	410.9507080557311	0.388481
43578	411.0936998853657	9.0072775
43156	411.1190423311511	8.980448
19907	411.1575961663988	2.3402262
13086	411.1631657154091	1.8576409
23688	411.1633468240058	2.8598511
25279	411.1916578567119	3.1783683
23990	411.1940838537323	2.915375
28275	411.19944267424233	3.9671755
17740	411.1998406985364	2.154832
28732	411.2271269010994	4.1582103
29157	411.22731133803154	4.356535
20701	411.2362652784077	2.4050744
21939	411.2363506501395	2.5690942
23149	411.23653230632806	2.7927635
38924	411.2504796425384	8.631458
35461	411.2724810638128	7.558758
46421	411.361832132338	9.3054905
42168	411.3619490263215	8.905988
47089	411.3619921746756	9.533243
41026	412.21473394168174	8.812857
25872	412.2360518595482	3.2904239
26475	412.2365317877273	3.40758
25038	412.236647701645	3.1259403
22821	412.2685326721356	2.7177336
44348	412.284124162922	9.068706
32146	412.28445821320383	5.7129765
38225	412.3053182682685	8.542578
43521	412.34206243759417	9.057448
40431	412.342528351712	8.809096
42981	412.39009945389097	8.958071
23415	413.12114553768026	2.8085685
22425	413.1211672838597	2.65595
5169	413.1231668792464	0.95178145
15296	413.1232280949896	1.9817699
18951	413.1278704747594	2.250788
11108	413.1415697261485	1.6716
19666	413.1760378540031	2.3265142
14892	413.18062345692965	1.9805189
21872	413.1809445837246	2.5776618
23455	413.2081477046886	2.814506
41742	413.230969382963	8.871433
17447	413.25183060436575	2.1406293
19152	413.2519311949003	2.2573948
38548	413.26594874204943	8.597874
31159	413.26654567328416	5.258963
36794	413.2669456306344	8.159765
37070	413.26711992002	8.318407
31824	413.2674740395109	5.5590053
39373	413.2876632201688	8.675863
17605	414.1661447213976	2.1429863
11119	414.188422680597	1.6748003
19497	414.23455372672754	2.3186734
9179	414.23548927705167	1.5678481
38543	414.2689384030278	8.591498
3584	414.2712881324775	0.72541636
4919	414.2713500303133	0.89948237
37616	414.2982355744613	8.438224
36931	414.29964443336513	8.25546
32466	414.30023335025294	5.8337545
36263	414.3005437435162	7.9381175
11908	414.3080876962383	1.7566115
44692	414.3574898355418	9.107453
18653	415.1368281709056	2.2287195
30612	415.1389325831878	5.0306964
20575	415.1659097390384	2.4172428
19676	415.1718261270298	2.328247
20780	415.1947248325056	2.4090602
43946	415.2110794523338	9.0342655
38616	415.2116964907797	8.597207
9930	415.2201911463296	1.6338317
21081	415.222879102398	2.4752815
15240	415.2331637436046	2.0076466
40521	415.2813393118628	8.777158
16097	415.2920693426489	2.0287294
43497	415.3025199567431	9.001178
13819	416.1912026649093	1.8396487
17694	416.1946111956529	2.1494107
38599	416.214699928306	8.597483
27013	416.2647967604846	3.5265257
17348	416.2653355904942	2.1374454
5202	416.2870412418787	0.9473568
21984	416.3008904838081	2.5927837
41415	416.3156053417165	8.844988
12612	416.3235374066526	1.7953688
27147	416.3373266572684	3.5859408
27656	416.3374092006924	3.7484827
13413	416.7324742975008	1.8469901
26645	417.1182693799085	3.453594
30274	417.1790255981503	4.8493667
26452	417.19136832057967	3.4086304
13173	417.2349500344611	1.7812856
2534	417.2445319150685	0.59529746
31570	417.2510467302335	5.4716043
10803	417.27244834784494	1.7277368
41595	417.296271029826	8.859457
44808	417.299812466998	9.079609
18243	417.3327171092724	2.1948154
33243	418.1631625834025	6.285777
6244	418.23043457551313	1.1903436
31325	418.2439303137381	5.31701
1400	418.2665407296944	0.471715
2419	418.2671472830396	0.5861867
15712	418.28022041446025	2.0747817
11137	418.2819685386064	1.7297581
38963	418.31598557888657	8.668548
34814	418.3431571146882	7.1698084
33783	418.3432544267254	6.6517963
9281	418.71161283847385	1.5644792
24705	419.1366177014839	3.0465739
15344	419.140837911802	1.9851031
44213	419.1492750663217	9.058422
42329	419.1493109947302	8.919315
26243	419.1614894912312	3.3726087
9346	419.21326492441904	1.56922
12565	419.2311964072547	1.7829593
8906	419.2415059640319	1.5416282
43640	419.2430145902848	8.983875
21574	419.2896392897315	2.5506842
5423	420.1231152369784	0.9963356
18780	420.223681208986	2.2112243
19535	420.2269879512945	2.2729912
38255	420.2376069122389	8.552465
45026	420.2584838430778	9.120827
27028	420.2592972911659	3.4642413
24915	420.2592908652709	3.1013966
33513	420.2595095245248	6.459119
10686	420.2610736746563	1.6465877
29010	420.2955185362497	4.2896485
28621	420.2958538855098	4.1212263
44365	420.311173154273	9.069749
46000	420.3318198719657	9.25491
40163	420.3472837516361	8.793755
12811	421.1513460583001	1.8029687
26239	421.159493744252	3.3725724
43299	421.16478299308136	8.9899645
20566	421.18198891593175	2.4209535
9156	421.2298772417506	1.5606129
43113	421.2324489117349	8.980384
14957	421.24470991702304	1.9512036
43884	421.25788594499335	9.038124
17840	421.3062978433105	2.1589837
45500	421.30980456177366	9.178186
36186	421.3176452472257	7.8961453
43700	421.3470184929765	9.012682
35840	421.3470291580748	7.7228417
27989	422.23879400389046	3.87437
5563	422.2500410347385	1.0224175
33556	422.2892692876961	6.477675
30666	422.28948075103455	5.0476418
31110	422.2895323181564	5.236573
32626	422.2898420931956	5.979705
45806	422.2898022842124	9.21789
33356	422.31141284087295	6.431578
30143	422.3114661379153	4.806383
31107	422.31163219966345	5.24785
29677	422.31205549139946	4.6034045
43729	422.326076703668	9.025379
43074	422.3484289045396	8.948944
18458	423.1714053628583	2.2339416
12970	423.2031401942385	1.8144288
14039	423.2588236724874	1.860899
3708	423.2604807051654	0.74024796
34722	423.2646013163738	7.117676
39007	423.27282447841225	8.663512
43402	423.27333421957945	8.996043
25738	423.2743489838696	3.2565384
37821	423.32535928967854	8.4825325
46286	423.3262186594088	9.298064
42087	423.3262421149593	8.88592
40418	423.3269415366575	8.7634945
34725	423.3274185131544	7.121496
34345	423.3276548980842	6.9049706
46391	423.3619182534602	9.316674
43743	423.36254902004055	9.115853
4500	424.1824702392153	0.8394268
19468	424.1997885683115	2.32567
15598	424.1995714105986	2.0003667
12194	424.2075815756782	1.755221
30163	424.305149417997	4.8084865
45641	424.3055741538782	9.194835
34184	424.305885708841	6.734979
34815	424.3060460920013	7.1705527
32861	424.3061046832213	6.0553403
33159	424.3061292150051	6.1812887
29502	424.30635338271816	4.524808
45115	424.3413604531325	9.123058
41016	424.3419135738356	8.811674
45337	424.3632425130493	9.158683
27065	425.0636826147498	3.5688043
5395	425.1672855001488	0.9890583
32668	425.1892318676563	5.9540224
24900	425.2149175023761	3.0845172
33507	425.215199288636	6.447314
12515	425.2393837257003	1.7839779
28590	425.25190307672256	4.105965
28998	425.25192663096766	4.295353
29668	425.2521715441846	4.5840473
31203	425.2897196127229	5.257313
29189	425.2898159259716	4.3899846
42201	425.30622206847073	8.911892
32432	425.3376483090947	5.84758
45035	425.341678680364	8.952474
46448	425.3748694827729	9.34228
41818	425.37725733583767	8.877311
30009	426.1064960725735	4.726302
15418	426.2029435880874	1.9869074
39927	426.2615823473469	8.725783
33065	426.2998969781048	6.177623
14919	426.3080040706952	1.9476758
31153	426.321634169022	5.2658973
35253	426.3217049891097	7.4402685
33576	426.3219086520702	6.489658
42198	426.35825968589927	8.910986
7023	426.7389935460399	1.3457873
7963	427.1312481753757	1.4784977
22751	427.1893735109169	2.718347
17105	427.1961745910662	2.0654762
8260	427.21910297464143	1.4959817
38950	427.2250097133103	8.630197
9305	427.2306251188041	1.5627667
31026	427.2437774455777	5.2466884
45924	427.24508148595385	9.244137
32761	427.2453862606458	6.0010786
31108	427.2670592803203	5.248096
30181	427.2671139112673	4.8116975
30690	427.26714661191056	5.063108
32002	427.2671643305797	5.6049476
33361	427.2672075651661	6.4381943
29676	427.267243758583	4.6544642
43703	427.2815166507617	9.013822
43051	427.3025899996692	8.9683
44681	427.321113749308	9.088579
46205	427.3567705710058	9.372132
45162	427.35669587282274	9.134059
43827	427.356957884888	9.011322
13599	428.1898863517333	1.8583304
5607	428.1921077729304	1.0365157
6139	428.1927131541106	1.1609386
14338	428.219193335722	1.9085032
24493	428.2638367517741	2.9880044
43791	428.28182301659615	9.02016
4256	428.2871463852552	0.7969618
33160	428.30127342127537	6.234482
45947	428.3144802255157	9.248783
37397	428.3158972077472	8.409197
37984	428.3164741293419	8.510935
33403	428.31668254773854	6.402312
35254	428.32795234261647	7.440111
45736	428.337337348396	9.174314
16540	429.14636770115095	2.0618315
38554	429.2404263408701	8.593025
37071	429.2415666319929	8.321871
32666	429.24810172547313	5.9444084
45635	429.2611697466263	9.20413
30113	429.2613980501393	4.7915106
32931	429.2618177332767	6.11799
33162	429.2618800811107	6.2210865
42902	429.26189256960527	8.956561
29514	429.2619002710263	4.5278015
34803	429.2620485949865	7.1700716
30552	429.2821693577386	4.99106
31067	429.2822034351272	5.2352824
19584	429.3075524221937	2.223836
15423	429.30770862418666	1.9848907
22613	429.3077434941521	2.6891584
44325	429.31013217245504	9.0678625
35225	429.3305876188895	7.440596
45890	429.3375507000629	9.225707
42739	429.3376053608646	8.911823
42163	429.3727281709056	8.905723
44510	429.3729343933113	9.091386
15464	430.21107209065696	2.0133235
22630	430.2308849587749	2.6925085
9515	430.2362997755482	1.5799334
12361	430.2664861148904	1.7973397
8968	430.2668491744803	1.5449944
23917	430.2790233312605	2.9080741
43119	430.2928017857702	8.981293
32471	430.2937667764373	5.8219647
27836	430.29550892471934	3.8158915
9263	430.3022228416248	1.5616415
4780	430.3027690803806	0.8785222
28037	430.3167769214324	3.869928
35151	430.31688417389466	7.386058
42247	430.3312041850442	8.913277
30144	430.3430519064357	4.8130136
33957	430.3431014061678	6.7193947
48564	430.3796707597971	10.29473
7738	430.7591987454501	1.4637524
793	430.9138445913926	0.3893483
49456	430.9140093567489	10.758321
16919	431.0978852910383	2.0893855
3338	431.1408531890341	0.6966217
8713	431.1691940159225	1.5297245
18250	431.21806307637263	2.2006679
16910	431.23972799603695	2.1565654
35262	431.2772552270815	7.4438615
32283	431.2776167991847	5.757325
33435	431.27769230182895	6.40869
16534	431.2874378768551	2.0497415
42744	431.31248000955713	8.951196
44980	431.3158471445012	9.102648
31345	431.3247211447402	5.330396
30824	431.3247560460143	5.144025
18979	431.3486024180905	2.2520888
32678	431.36393474270113	5.955084
27048	432.1656952046673	3.5595024
1476	432.1717426330903	0.47433305
8585	432.2224449704562	1.5256512
42905	432.2382279319812	8.891438
38621	432.2382300940098	8.597115
27692	432.2397166893106	3.7641253
3422	432.2459673576706	0.6884581
8648	432.24747339258073	1.5245789
13858	432.28107116852647	1.8698423
26287	432.2962928440822	3.3794868
36918	432.31079913083096	8.235568
36311	432.31091707897394	7.9443903
32444	432.3109587228647	5.829627
46987	432.38432110821816	9.542984
25941	433.17352088848565	3.177081
24004	433.1744721924336	2.917613
28300	433.18180831977696	3.9707704
7123	433.2294185981594	1.4088197
14997	433.24713812823927	1.9467833
49740	433.819213599112	10.783617
26668	434.1447006228147	3.4557412
22531	434.1816782659569	2.6786196
3808	434.1893207313759	0.7472779
26914	434.2389328994117	3.503418
3838	434.25080367626975	0.748863
34551	434.27522701081614	7.0137067
27832	434.2755722936863	3.800011
44364	434.2934607958736	9.072619
41446	434.3244672279995	8.852493
41609	434.3633915078929	8.901965
34327	434.8072645826178	6.895124
15376	435.1134009495505	1.9849641
11817	435.1291594383838	1.7239008
26248	435.1367347754906	3.3769572
19629	435.15691272166	2.319985
22075	435.1653516822036	2.5995317
23466	435.18983605836246	2.8159966
12230	435.2249913348812	1.7584947
36795	435.2488789492351	8.160321
37060	435.24915803704806	8.3173275
16002	435.2607029565908	2.0238087
19075	435.2607691454131	2.245331
9004	435.27202906870485	1.495442
25608	435.2842205374821	3.2535126
8886	435.29788661484673	1.5353186
38434	435.332879529533	8.577095
20177	436.1605575199671	2.3776777
3786	436.1852522107831	0.7469374
26492	436.1915618023738	3.4131155
16331	436.222719893556	2.0502691
29884	436.254641318065	4.7223177
23969	436.2548751096355	2.907619
10615	436.2549090501544	1.6782515
27117	436.2700926980239	3.5736547
43536	436.2701141697553	9.009003
29832	436.2907352306002	4.6633124
21011	436.2909286220173	2.541719
22649	436.2909494295122	2.6435668
45908	436.3059964144524	9.227569
34747	436.3275001435682	7.1239796
45011	436.3404283470752	9.141959
38555	436.3415887235601	8.593034
36102	436.3425576825576	7.793775
34889	436.3428634101656	7.2371554
30611	437.12118479756265	5.0291443
1199	437.12664673799736	0.46106613
20550	437.1495413717288	2.4158597
19635	437.15483215518833	2.326804
20964	437.1716014779844	2.4632983
38620	437.1933584333148	8.598243
21089	437.2057660342435	2.4757607
12464	437.2398639960728	1.7845407
14469	437.24006965842335	1.9090099
44656	437.2469219554579	9.091465
16117	437.27443705079344	2.0614157
35410	437.30159075455714	7.5257483
42869	437.3052774056317	8.901733
45411	437.3414778636488	9.140901
43040	437.3416837906282	8.973196
39341	437.3484696636704	8.675306
39868	437.3736382111162	8.694553
37601	437.3743760537264	8.429635
20513	438.150835675622	2.4099011
41743	438.1609626805598	8.87139
15917	438.23972785992055	2.0179932
45657	438.3207204747064	9.194953
45613	438.37873879752846	9.251093
26661	439.0999766880056	3.455442
22540	439.1367684512119	2.6797423
18483	439.1441310395616	2.205056
41024	439.1752061006359	8.814275
14746	439.1873649296693	1.998744
17412	439.1875348710852	2.1261997
26931	439.19418932929057	3.5179477
27833	439.2308822285146	3.8183005
38277	439.2309426382838	8.556575
34545	439.2309770404205	7.0151234
44696	439.2470879552658	9.09152
11671	439.26723680292986	1.7114123
45533	439.3209336869864	9.187289
44106	439.3210612563116	9.048345
46458	439.3565202549738	9.337028
39274	439.3570268592189	8.587247
43674	439.3569705194056	9.012438
35864	439.357373672888	7.7199297
45235	439.35752610521314	9.136421
40530	439.3580687019015	8.7754345
40513	439.3629415785399	8.770611
6261	440.1665916681473	1.2025248
32897	440.19477755551935	6.082532
6247	440.2127093819237	1.1899111
19022	440.240515554955	2.2536855
15049	440.25519097017593	1.9606235
40651	440.2768228850871	8.796627
45239	440.2790311461546	9.131878
25748	440.3008303713402	3.2618027
16853	440.3237493858314	2.0838993
40238	440.33628412997865	8.734547
35271	440.3366137910776	7.446679
37798	440.35378636447854	8.481896
44835	440.42132263749176	9.110708
15310	441.12265693234514	1.983324
5836	441.1874579175173	1.0634453
25920	441.2020238326816	3.298905
24609	441.2026704651145	3.03153
29885	441.2103698831878	4.708504
23974	441.2105457340711	2.9039202
16457	441.21315623044353	2.0694623
43604	441.22459697696814	9.025434
24824	441.2459750753398	3.0885317
29836	441.2463064277735	4.666451
23712	441.2463802016442	2.8640516
25915	441.2655255333948	3.2990985
34745	441.2828855256311	7.1168394
34363	441.28311518530575	6.935906
44599	441.30018549729607	9.087317
16731	441.3079740443752	2.0755043
42411	441.3362621648724	8.926783
44471	441.3362747122293	9.077109
40639	441.33641413140447	8.768824
36414	441.3367989203627	7.988332
33444	441.33685991193687	6.416002
46354	441.3369405898197	9.272437
43789	441.37140626410064	9.033699
45966	441.37240424659535	9.317409
44962	441.3724887122911	9.107679
23450	442.16513488270937	2.8197296
30167	442.21006225779456	4.8075266
20167	442.2114921929455	2.3720512
15941	442.21155526925935	2.0182076
3005	442.22814370373806	0.647473
5992	442.22970747016416	1.1238859
26238	442.2373496390095	3.370503
13095	442.266997456657	1.8271749
7294	442.26727274545226	1.4170958
14410	442.2707345144443	1.9139721
6100	442.2780730048042	1.1498169
30787	442.2941824925761	5.1352777
26840	442.300222655212	3.5302436
11974	442.3035243820652	1.7377713
31479	442.3164040817413	5.417586
27508	442.31730226723744	3.7038715
37723	442.3530543706086	8.467319
7408	442.72782176912506	1.424647
10218	442.746130181108	1.6240883
477	442.8782555483152	0.38802752
20476	443.1637514788062	2.4140816
25882	443.2077102447717	3.2986517
23905	443.2184367584358	2.9025311
20123	443.219039073396	2.371393
16625	443.2292894567827	2.0740879
30205	443.240542228664	4.8147793
44529	443.2408588511064	9.080624
30692	443.2413373305187	5.063892
33341	443.24155012343806	6.4351153
20885	443.255162970328	2.4506419
24287	443.2615979617384	3.093899
35541	443.2981902434865	7.605747
17493	443.3232730848675	2.1418495
29178	443.3484006249224	4.368557
42321	443.3518015894407	8.995158
45474	443.352049168621	9.172641
46431	443.38577577819945	9.336542
41804	443.38823014513656	8.877203
14089	444.16387735080457	1.8743788
14117	444.2236368113477	1.863263
5566	444.2319128424063	1.0244925
8779	444.2463857462096	1.5853894
32316	444.249794721948	5.769429
14478	444.2648765918392	1.9181238
14364	444.28152427169687	1.8873385
6046	444.2820219920152	1.1387161
10635	444.28236315645535	1.7507178
25323	444.29678186597766	3.176527
43115	444.30758227342	8.979201
33066	444.3108065691917	6.177623
34671	444.3112267532721	7.0964804
35317	444.3117118792119	7.490797
3614	444.31830168333073	0.73339146
37341	444.332595369099	8.399544
38866	444.369033531937	8.627665
47618	445.1198439305833	9.7504835
45360	445.1200268723187	9.160912
30996	445.1498796519454	5.2188272
18478	445.15337861116495	2.202118
21648	445.2338426851856	2.5485108
29509	445.2355170522071	4.5303664
34794	445.2357335912099	7.170511
40346	445.2927593391685	8.794809
45621	445.2948154949788	9.190558
33462	445.3539533128608	6.421267
43409	445.3667724075936	8.9993925
46241	445.36734533187854	9.372357
8472	446.2253000996082	1.5131874
38623	446.2536499725304	8.597647
14080	446.2605376413183	1.8848263
2713	446.2612517753605	0.6132314
10355	446.2614516659025	1.6425028
24093	446.2750949434019	2.9177094
32671	446.2759866463318	5.931649
27721	446.27675363390136	3.7680838
43099	446.2892140367133	8.977573
4084	446.29727916920166	0.77652794
37399	446.3267465787136	8.387867
37985	446.3268277842923	8.532219
33405	446.32787084321154	6.4001894
42340	446.347604999444	8.940212
47097	446.3741593544607	9.537588
20679	447.0930800190022	2.4248478
42741	447.0998220991983	8.936206
18533	447.1662138458401	2.2342405
6000	447.1832228737714	1.1274095
5585	447.2328656654349	1.0316727
7415	447.24533000233504	1.4312654
35270	447.25048438290656	7.442035
31471	447.2731913693991	5.4189453
29186	447.2736597536667	4.378441
43696	447.3091153033835	9.010603
40770	447.3112353764624	8.80766
46186	447.34626380931	9.238441
42643	447.348373585654	8.941975
29181	447.35740447861286	4.341067
44484	447.3832425243376	9.076755
16940	448.1247031419405	2.0889995
12775	448.22020809637087	1.7927986
39924	448.2435879828073	8.726989
39162	448.2905399121268	8.644868
32181	448.3056058375934	5.7149515
27837	448.3060098373362	3.8596044
31062	448.3066121900815	5.1149225
42632	448.339858089706	8.957608
44698	448.3417895829584	9.072149
44055	448.3638540810592	9.044801
44464	448.3790475070758	9.029705
8005	449.11173061714265	1.4824276
25275	449.1472983134669	3.1766357
22746	449.17077049861416	2.7211092
28322	449.1752597602125	3.9828963
23669	449.21380435612406	2.8785822
12661	449.24119390410607	1.7838703
7563	449.2617750850337	1.4445589
21409	449.2765263730322	2.5132093
45451	449.3258971072141	9.138002
37618	449.3265974447306	8.454997
36264	449.337482294961	7.941606
31371	449.3741840629078	5.370679
17129	450.14010725845696	2.1066034
3163	450.161915074114	0.6776435
24653	450.2339040924507	3.044063
23627	450.2346255964241	2.8449888
43793	450.2644974401289	9.01911
30481	450.2704044817496	4.9427485
32282	450.270420094697	5.7474732
32686	450.2705005130129	5.9638867
30723	450.2705885145192	5.0796347
29954	450.27103102921046	4.715357
26823	450.29721099085685	3.4920466
36303	450.32084205719553	7.944696
32467	450.3212060773752	5.8873296
45839	450.3217746524955	9.218593
36921	450.3224984555552	8.269956
42197	450.32277710707024	8.927833
31119	450.3430676922464	5.248622
41256	450.3580761773855	8.837116
37041	450.3591552050817	8.320702
45124	450.3789394567078	9.166037
8746	450.7484758810808	1.5245917
15301	451.0780774436441	1.983324
19640	451.13106979003487	2.321505
23334	451.2034499955078	2.797753
24155	451.2035808444736	2.938806
32669	451.2310727817627	5.937467
29527	451.2424626479881	4.5281787
15488	451.2890212944359	1.9935349
18851	451.2900151769253	2.2161999
22635	451.2904700730063	2.6885545
40417	451.3033338934719	8.793789
42315	451.3035124879341	8.944115
38507	451.3167709929482	8.596726
41416	451.3527229907895	8.852286
31372	451.3796124056181	5.3468957
11841	452.15563214883474	1.7235764
17337	452.2499178657524	2.1211038
5628	452.2599195162356	1.0351058
44286	452.282307902557	9.059168
13512	452.2872819581906	1.9035829
27542	452.3124228151621	3.7138493
29860	452.3124948866488	4.6809583
34957	452.3147325506519	7.2726107
35261	452.337477832082	7.4431953
45915	452.3586185404987	9.238056
32570	452.3737865289695	5.8742266
46441	452.3942936853572	9.335746
788	452.41871727015024	0.41161013
14372	452.766985610989	1.9085865
16900	453.0799652103656	2.0875523
30604	453.0946644010701	5.029735
4031	453.1212426615825	0.76829654
38617	453.1676142728641	8.596931
21048	453.17885173152905	2.4731631
13491	453.1991601227929	1.8499264
18241	453.2014116255074	2.1980567
2884	453.2090783485251	0.6348255
12179	453.23496496997	1.7054281
42775	453.2935082122453	8.952684
25698	453.2943525781155	3.2566032
44030	453.318986280748	9.033592
18162	453.34410341352935	2.1873944
32437	453.3694471846447	5.832953
30056	453.81237578741394	4.7636337
14516	454.2344272250399	1.9214668
17975	454.2456755501264	2.2092805
19569	454.2657756648056	2.3173656
44746	454.2804064798669	9.099092
38559	454.2926971063604	8.59629
29689	454.2934207445522	4.587839
31043	454.3166899076704	5.187622
40495	454.33083681456986	8.7649
41811	454.3524384616203	8.853044
35249	454.35302605902615	7.4424663
19864	455.1198079877626	2.3406281
8273	455.1255323704781	1.499483
18747	455.1450844885459	2.236739
1874	455.18829706138825	0.5291059
24651	455.1894766238838	3.0260127
23632	455.1896449694973	2.8501284
27716	455.2192457449558	3.7692287
30479	455.2258564525576	4.952765
32274	455.2258904357983	5.752201
30725	455.2259173904318	5.075311
32700	455.2259659861874	5.968052
3567	455.261152883708	0.72505105
27351	455.3233412254633	3.6428704
45674	455.333692362593	9.179177
43015	455.351792028296	8.972907
32121	455.352420488883	5.701524
36813	455.3526017435079	8.168299
548	455.9096870054768	0.38910744
6221	456.1856445051867	1.1957614
17313	456.2144931408003	2.1242702
5708	456.2334060029542	1.0448318
25282	456.2499971347255	3.178556
43899	456.2967482477519	9.0316
41077	456.30749059180016	8.821715
29115	456.3171138876528	4.3406553
37094	456.3327679843324	8.3312645
40268	456.3464059599429	8.753143
44320	456.3474382989398	9.070075
36680	456.34804486550894	8.077776
15339	457.0965343007367	1.9864691
3247	457.2050517440546	0.6909484
17335	457.2052592329955	2.132318
19107	457.2414467265488	2.2886128
15981	457.24187959488944	2.036918
34753	457.2557779574904	7.114925
12313	457.2660594470922	1.8268026
12198	457.2927362731343	1.7585438
8508	457.30249235335975	1.516089
13439	457.3026273015458	1.8476272
32556	457.32999647292615	5.8804536
35192	457.3315378707797	7.416237
42915	457.3320327384309	9.020038
20299	457.3386059464239	2.3839574
41664	457.3676568819821	8.767805
43693	457.3677286591204	9.017216
37623	457.3739549454868	8.449745
28393	457.82566728379845	4.0062103
26474	458.1724915739946	3.4115677
19664	458.2334072951338	2.321382
13304	458.2663470036193	1.8344822
23451	458.2673136503113	2.8148384
3645	458.2974723220037	0.7335469
15711	458.2982997263832	1.9863889
9086	458.3082791174057	1.5499415
4553	458.3087021826624	0.8569101
36096	458.3237752786551	7.820599
35141	458.3238369237449	7.37195
34863	458.3239236800445	7.211748
36517	458.3252209569161	8.011486
35624	458.3252691341552	7.602964
7062	458.3343370812604	1.361519
6256	458.33457486730686	1.2094302
38350	458.3473464876759	8.56848
36420	458.3637123599183	7.9960976
44500	458.36386109018696	9.081776
33446	458.36395474492497	6.409425
42405	458.3640376734221	8.92492
43522	458.3703669512012	9.012838
707	458.8555925514546	0.38958007
49782	458.8735865479164	10.7891035
20897	459.1543724535985	2.461232
5036	459.1704277294034	0.92018294
19556	459.2212300608894	2.3070345
13592	459.2237661269832	1.9112434
44690	459.2365468031565	9.094897
32810	459.2642152340586	6.0233335
35409	459.2837157261655	7.525641
2382	459.292831557652	0.5820573
47044	459.3018729918371	9.515971
42366	459.310119301322	9.028823
17923	459.3183323643008	2.1675277
42352	459.3236114391996	8.921878
44102	459.3464869374066	9.06108
46212	459.3468760877768	9.278262
44952	459.3488091343143	9.112085
19450	459.3543920581248	2.3010051
9125	459.7488039830553	1.5559305
18714	460.2338965293528	2.2331438
39900	460.26889767868687	8.597259
44804	460.2688530000641	9.082518
18506	460.2733880990253	2.315932
12130	460.2771920994568	1.7502695
14075	460.2787280415295	1.88718
21042	460.28089276366455	2.476379
45859	460.29448469184814	9.219853
30789	460.3058776078779	5.135166
8841	460.3130881093677	1.5361196
3273	460.3131321175756	0.6984037
5340	460.3134232949648	1.0736
7312	460.3133824928217	1.4276533
37193	460.34175931906304	8.3652725
47548	460.41494220690646	9.67855
8448	461.1381334254587	1.5053132
5573	461.2106475539097	1.02526
10178	461.22281860242623	1.6277239
42299	461.3265444357121	8.927927
6147	461.3345641762076	1.1680356
7150	461.3347544973514	1.3861442
45480	461.3623232239758	9.174999
43593	461.3626956890132	9.008914
49828	461.814242223777	10.817164
47623	462.1462802807116	9.751811
31016	462.2031364998113	5.2181745
13052	462.20852895153325	1.8174965
4078	462.21904054775024	0.7591769
2112	462.25523057763854	0.5805963
41483	462.2587118118843	8.848769
29902	462.2690628860793	4.6919255
21905	462.2893182651192	2.579733
20935	462.2893641483455	2.4578795
40397	462.30482512085314	8.762379
42386	462.3062195560004	8.8640175
35364	462.3213456974019	7.4905763
30760	462.3214681867399	5.113128
33067	462.3216199557893	6.1771
34689	462.32275670825584	7.17768
44679	462.3578783850905	9.092168
45413	462.3944523160328	9.197136
45364	463.1302554713455	9.160637
14436	463.16180813426655	1.9148575
25930	463.183800755569	3.2995307
24608	463.1840274819516	3.0310555
4192	463.2285238659789	0.79782873
16593	463.2900598025573	2.0760052
46509	463.3057181123161	9.35062
45198	463.3419354601645	9.136491
37400	463.35358879779767	8.419269
46583	463.3771618565786	9.372833
31701	463.3900104966709	5.520615
7995	463.73253290387066	1.481955
20699	464.119955673547	2.4298308
23463	464.1467643088098	2.8160615
7264	464.2493711543799	1.4078712
14592	464.25145794248215	1.9413164
29608	464.283723225712	4.587329
33505	464.284216958974	6.460049
31100	464.2850104429689	5.232149
30100	464.28515110353584	4.7920074
27152	464.2863221209084	3.5987217
39422	464.3367870831563	8.675235
37989	464.3374985908087	8.528384
33409	464.3380343496422	6.436857
39675	464.37379460020856	8.671151
45628	464.3741505339878	9.166762
42308	465.1098101148858	8.920414
45356	465.12846976356496	9.160537
22749	465.14436584519495	2.7168841
14437	465.1771426849184	1.915863
23911	465.2004627127152	2.9030678
20113	465.2014864416943	2.3733535
14431	465.2350138732757	1.8966264
20873	465.2366500073704	2.449205
11703	465.2630816913246	1.7131399
14926	465.2716848501532	1.9478314
8414	465.2720369357717	1.5099355
5021	465.2915406486105	0.9220382
17483	465.3055629995607	2.1413286
36651	465.3323096510972	8.069641
33790	465.3325789513398	6.6309714
42855	465.3567839727146	8.97072
42248	465.3679067544105	8.894065
21279	465.3695656057148	2.4989314
28169	465.3696400818294	3.9182284
42167	465.3925661944969	8.904251
19794	466.135519653796	2.336831
3655	466.2670085323149	0.73707294
21999	466.2926062060369	2.4910018
18156	466.2928195538881	2.2323081
38881	466.2983465458522	8.627203
34193	466.3173149165749	6.890072
26856	466.3174776926541	3.5015328
32163	466.3177509731627	5.7371073
41741	466.3319811695939	8.875013
33411	466.34356859972894	6.4017773
46265	466.3516697895314	9.2110815
45455	466.352519209379	9.170776
32503	466.35342516647273	5.849117
37090	466.3540392736594	8.368382
30992	467.1317415115584	5.217415
13091	467.1648478205869	1.816649
23371	467.1749311373149	2.8060973
32665	467.2039636696013	5.944457
21647	467.2161147072187	2.5485485
3816	467.225136709186	0.74875414
19131	467.23202427763147	2.2778518
11663	467.2509113981389	1.7138984
16674	467.2521007983621	2.0711813
19559	467.2521790849953	2.3151693
33315	467.2609363950453	6.371082
33457	467.3361287549337	6.4214334
36315	467.3483354609705	7.9388757
32446	467.34850278376086	5.8361535
36935	467.3485233044975	8.243779
34879	467.384565519212	7.21389
5624	468.19569679165386	1.0322652
22326	468.2236602874546	2.647441
16701	468.22438453133753	2.0690958
16382	468.2511301479372	2.0503142
21869	468.30695278035705	2.553805
22460	468.3077958963401	2.6636345
25125	468.3106020800121	3.1335018
26553	468.3110029769419	3.426735
36074	468.3308702548461	7.8323045
39585	468.3335003970244	8.704592
43799	468.3330877458004	8.995739
37861	468.34638486512006	8.500337
41104	468.3681354122986	8.817891
43699	468.368346200796	9.077855
45316	468.3897680192827	9.156737
20666	469.0753463809078	2.4273045
3912	469.2409610832665	0.7555667
40874	469.292262169091	8.786011
41707	469.3307831450562	8.869713
32459	469.3317376022127	5.8375926
15461	470.2401049884137	2.0114388
20693	470.2666319498158	2.434552
15065	470.2982156963064	1.9664025
44655	470.32307212943294	9.088329
34941	470.3261785223841	7.268755
38212	470.3477941285515	8.5486765
43982	470.34821190625854	9.018107
39374	470.348545875088	8.677195
44323	470.36057253193184	9.080602
41246	470.3625116475756	8.833643
18192	470.37075919891726	2.1872842
39495	470.38481381976766	8.688209
19827	471.0888549809772	2.3377194
28323	471.15713825893744	3.9834228
3246	471.2203431574818	0.69032705
17342	471.22364398877767	2.0583549
11287	471.25686892344737	1.6861305
6356	471.25726960270345	1.2222512
21461	471.25748124480174	2.5227659
32501	471.30898809690086	5.8399773
45406	471.30948432618834	9.152058
37098	471.3096124362793	8.373424
23983	471.3110431498128	2.9159102
32870	471.3113120287455	6.078457
34452	471.3219709939308	6.9874372
38306	471.34737677117823	8.557907
31373	471.3539280710623	5.387035
23525	471.35421628676033	2.8352542
24140	472.1948952028151	2.9370623
25792	472.2444547214438	3.270642
25115	472.2449316413391	3.1452513
45761	472.2697538513498	9.211429
5883	472.2779672762817	1.0907769
14753	472.2816069827556	1.9386857
33438	472.3031437307731	6.40329
36312	472.30334713277296	7.941285
37096	472.3037558155232	8.280746
32366	472.3045088598135	5.7615266
24950	472.3127154310661	3.1059794
18261	472.3136973621696	2.1945343
36742	472.3414619002265	8.116477
39398	472.3419548195027	8.689209
33667	472.3426089065532	6.5855575
35901	472.3430133543676	7.62516
28449	472.3437178018178	4.0290203
9338	472.3509814869975	1.5697739
44912	472.3779222881497	9.048811
32123	472.3793340133989	5.7007775
43034	472.3797180856072	8.973002
34598	472.86129862170174	7.0407405
34258	472.8620971055722	6.8528814
23323	473.1850781215993	2.7985275
24211	473.1852774599573	2.9416032
4270	473.19731731652735	0.80130565
16354	473.2399758342884	2.0515826
3129	473.2821980224947	0.66486686
39599	473.2883666995912	8.701666
4629	473.3088349840943	0.8597571
37683	473.3270737061552	8.455132
23335	473.33385965415937	2.7986548
41922	473.348238323885	8.8861265
36821	473.3628612882786	8.17919
35878	473.3628942112293	7.724314
7630	473.7337087572161	1.4523848
5635	474.24276317293305	1.03427
10727	474.2561014136997	1.633614
44297	474.2643277405913	9.066842
8236	474.278050149735	1.4954674
11256	474.2854803597999	1.6770759
14722	474.292374150493	1.908527
12398	474.2928997117608	1.8071436
6038	474.2933176889676	1.1354889
9236	474.3286867146722	1.55938
40227	474.3581762612861	8.782473
38380	474.3585702144304	8.561077
43646	474.3587996822493	9.007633
36681	474.3589185195474	8.04627
35185	474.3592385049722	7.418555
41465	475.3049793263365	8.870016
21679	475.3384859253701	2.5519764
19599	475.3386614534522	2.3171878
43748	475.3416642513172	9.033174
23594	475.35255649785023	2.9027565
14733	476.1726287562696	1.936932
20743	476.2195435866096	2.4373562
9928	476.2320481534132	1.5994545
15726	476.2510095703914	2.0322635
7798	476.26547377700143	1.4710295
23927	476.2683856973082	2.9059088
2481	476.2700348209555	0.5881991
1599	476.2708025495136	0.4766821
9499	476.2717296063336	1.5794201
21771	476.27633148584414	2.5552046
40386	476.2772295992647	8.75994
8435	476.29226617523904	1.5107672
42513	476.3015272240529	8.932817
14430	476.3073493862257	1.9155228
47036	476.32858160150727	9.5159
38099	476.3371418626297	8.512862
36532	476.3377907058272	8.004661
31920	476.3377924925806	5.610802
35660	476.3378526540775	7.610685
34169	476.3383333522246	6.841616
46417	476.40970347384007	9.324004
49672	476.8459439393982	10.782636
18711	477.1261718883838	2.233331
21698	477.1464132863241	2.554152
2893	477.1705306648861	0.63460267
27719	477.2006081605634	3.7707474
9672	477.2195951683311	1.5962515
16404	477.27220977041287	2.0673108
19627	477.3079108316058	2.3295557
43815	477.3198004659836	9.002212
43987	477.35684159174906	9.052228
32033	477.4053887291392	5.6677337
32522	477.40573062128334	5.895852
36174	477.40573935377694	7.9085717
32405	478.2078731669992	5.822117
26659	478.2644813709269	3.45356
10676	478.2659646426882	1.6417192
15579	478.2661805387014	2.0058675
11496	478.2701514997888	1.6996791
42371	478.2926034932189	8.920939
34294	478.29801962226384	6.866551
30790	478.31707663491983	5.1296926
36851	478.3522076015528	8.202911
40620	478.35313708726926	8.773787
37165	478.35339283435	8.42213
35587	478.3540551539249	7.6460824
42235	478.3892406421175	8.922974
46214	478.3901041120002	9.255549
11868	478.7625796291347	1.7264172
14173	478.8008781846762	1.8942335
25919	479.1577101755085	3.2990837
24589	479.1583384036928	3.0327175
17303	479.1800993229078	2.119051
17640	479.1921734691336	2.1652288
38896	479.2373262755116	8.632295
27985	479.2631604548856	3.8487618
20554	479.2877193575338	2.4179475
9415	479.2909116087067	1.6668034
40029	479.29646735163067	8.717795
18735	479.3128449231027	2.2332528
30791	479.3200568846431	5.1421514
20448	479.32158532809046	2.3868392
42462	479.3357360348323	8.893587
44276	479.3360350714336	9.041041
37992	479.3480662533151	8.537252
45547	479.3722143216963	9.167118
43465	479.37256242704274	9.016118
44258	479.3836219625182	9.046073
21687	479.38467894418704	2.553084
28445	479.38514911745455	4.0320463
45369	480.1569750808014	9.160656
7475	480.225188761493	1.4327391
9395	480.2461812939708	1.6036831
25567	480.27806515177247	3.22596
26196	480.27795155384206	3.370361
26744	480.2783707124106	3.4724245
32724	480.27872965295273	5.99282
29891	480.2787566035748	4.6891212
9158	480.28266998789366	1.5501075
34335	480.33220508140425	6.9419613
30761	480.3324346335462	5.145476
34670	480.3327184874338	7.145149
33093	480.33279598364766	6.1864324
35361	480.3328939037288	7.5135927
33391	480.33311905784217	6.445835
41770	480.3700528161668	8.87455
43954	480.370223181744	9.093741
30825	480.8589531293821	5.144025
31292	480.8591877954881	5.3093114
5039	481.1522315802704	0.9254673
23897	481.174268727288	2.9030936
20822	481.2102312143735	2.4541113
12689	481.23021842390136	1.8480644
7142	481.3004541774415	1.3943413
17933	481.300782913905	2.167857
41508	481.3088024569773	8.851
40438	481.3286865698016	8.764151
38252	481.35212131587775	8.601461
36265	481.3633988298602	7.929408
37993	481.3634371860055	8.481191
36912	481.3639928325149	8.210425
33412	481.3644298389638	6.404837
39317	481.38820708012895	8.668732
36095	481.3997872241314	7.8191495
34862	481.4003559213946	7.2109284
44013	482.1058897497792	9.040052
42421	482.1367086900925	8.928552
45370	482.15508837846505	9.1606455
15799	482.2880186602503	2.0003355
31112	482.2936415116949	5.2467995
29612	482.2942833590996	4.5957665
37458	482.31249444490805	8.422308
36874	482.3301082886237	8.224064
41463	482.330680168082	8.839502
35323	482.3384688198007	7.490797
41125	482.3479621742548	8.889891
49683	482.3484632731926	10.805941
46020	482.348472004554	9.22259
45166	482.3485704693138	9.095428
43257	482.3495087422797	8.996035
39379	482.3602316898048	8.699006
37263	482.3679124169965	8.4407015
44985	482.3841952516081	9.088458
41912	482.3849671221116	8.922961
45974	482.4051020762343	9.251253
9770	482.7283075070218	1.5959578
8450	483.1203531108233	1.5074351
32403	483.1633293200547	5.821152
21657	483.1892795287623	2.5497558
40514	483.26987624992233	8.780004
13056	483.2887974912592	1.8218426
42343	483.3076373283948	8.920114
6148	483.31624207532064	1.1684636
7185	483.3167256649783	1.3867264
40811	483.3330155372128	8.82138
34748	483.3342827176776	7.1486764
32177	483.3437235386843	5.72345
42587	483.34396059151214	8.93665
546	483.90447774650687	0.38864246
39721	484.11650314968784	8.712505
42403	484.1352441400717	8.927557
38909	484.2154425097986	8.632127
17523	484.219600650241	2.153266
41485	484.23940321951136	8.851344
21451	484.2787752968621	2.5258093
19542	484.302722256718	2.440638
22734	484.3027090139769	2.7029734
17430	484.3042050757209	2.1262238
38994	484.30974517847335	8.643832
5885	484.32455249223074	1.089339
42615	484.3479116290301	8.9379835
43571	484.3624844367812	9.035356
38987	484.3631859166056	8.63867
45145	484.3638781249433	9.118195
37308	484.3725002330929	8.395359
45378	484.3755554894804	9.158277
9230	484.3975177148205	1.5625384
42641	484.8496911743916	8.941319
45365	485.1125810144874	9.161143
5170	485.18755111748993	0.9554145
37034	485.326533049093	8.302003
28476	485.3268585708527	4.0380197
34756	485.33801760188817	7.135461
46586	485.3597179964148	9.375342
31676	485.37248073898417	5.516331
25947	486.2597725441913	3.3015041
24615	486.2601909042683	3.032996
11092	486.2931702669388	1.7506807
37404	486.31837307846416	8.410213
39634	486.31849713611416	8.768662
38198	486.3187483928388	8.523801
33413	486.320240422423	6.4448075
36137	486.3210447289976	7.870676
27766	486.3241503338809	3.7897
16405	486.3296554812188	2.0541952
8467	486.3404192340754	1.4783627
32178	486.3515831355989	5.7084675
36969	486.3589007859026	8.227027
42357	487.09262110484127	8.924597
18815	487.1160314286739	2.2401414
14932	487.2533484793601	1.9519142
41436	487.2880727887507	8.846396
43251	487.3042230442232	8.988943
45810	487.3053340229877	9.218271
8600	487.3231778161279	1.5231063
3666	487.3247883690845	0.7301094
7032	487.3250947460536	1.3554609
31383	487.32947068885306	5.353921
42118	487.3421779091268	8.880014
32470	487.342220729201	5.835463
21117	487.3496005682328	2.477024
28150	487.3519327230235	3.9123406
42779	487.3644608177924	8.951976
42135	487.37641004246535	8.903061
18303	488.19035194821726	2.2030492
17735	488.2394635685149	2.1527965
40488	488.24611430643535	8.772987
7789	488.2666485871815	1.5117141
8412	488.2704856817665	1.5456548
12615	488.2721097420608	1.841882
32478	488.2764996678592	5.8376064
37044	488.27654166889744	8.275959
36308	488.27715161655465	7.995655
32161	488.2982262004829	5.7289925
3914	488.3082970498932	0.7435117
4926	488.3083105571808	0.90426904
37692	488.33649414117343	8.444609
24003	488.3368045549905	2.9145527
34946	488.3378001478208	7.3051586
32875	488.338625366389	6.0912476
41363	488.3589789242351	8.840881
41240	488.37271707892353	8.809023
38279	488.3732180373984	8.551589
39714	489.0719941960453	8.711906
42317	489.0918499562008	8.925215
19596	489.2329340633086	2.316148
16568	489.2334083047651	2.067538
14768	489.2347600441733	1.9265429
7939	489.2677348112775	1.4816628
21412	489.3094588998858	2.5126078
34453	489.3327486233024	6.9251084
33895	489.3328639018308	6.690589
21464	490.2443174309362	2.521741
8151	490.2516043000256	1.4936774
10091	490.2517301432452	1.6203936
35542	490.28400845564784	7.6163607
14612	490.289587156976	1.9509866
21661	490.29081164409183	2.551161
31224	490.2919294599099	5.275301
8642	490.306981137408	1.4628289
43844	490.3359134226813	8.950466
47047	490.3441876059695	9.515059
39320	490.3527376103478	8.759398
33668	490.3537767642813	6.5075374
38063	490.3538801570359	8.4589615
34553	490.3539616464309	7.0214376
35592	490.353979220928	7.6178718
41918	490.375381950062	8.898781
44866	490.3891882202813	9.111596
17153	491.19116128405045	2.1053252
6614	491.23491728053847	1.2776909
2425	491.2471817634821	0.58694893
40877	491.27324703722775	8.785072
15804	491.2803009843062	2.010567
13709	491.2894697632042	1.9041435
42482	491.2993447346025	8.891386
23771	491.32491053612193	2.8956597
22822	491.3249763404508	2.7288644
39296	491.3482005005242	8.654899
45121	491.37396470795136	9.131394
36713	491.3848187210007	8.120274
12979	491.8014410981068	1.8127345
20684	492.24766700901273	2.4364913
21135	492.2813695352754	2.4658666
11306	492.2828596743025	1.6854237
8988	492.2918932876884	1.5304414
31779	492.3315479275293	5.5298796
33698	492.3326344355352	6.583955
2568	492.34227079210046	0.5967015
36685	492.3685925798591	8.078169
43527	492.3688361312185	9.002239
38796	492.3690705340734	8.6378765
40864	492.36926444065	8.818971
34280	492.393575744792	6.865064
46522	492.4041411573176	9.31828
45654	492.4051751796762	9.128031
43010	492.4051895847224	8.990101
15667	493.1415201421477	2.0016572
11298	493.2390062793098	1.6871936
6357	493.2392595286317	1.2242748
9750	493.2552642223183	1.5888492
4357	493.2733513601156	0.7925229
39840	493.2814720541239	8.723099
14280	493.28214297873546	1.9013052
12486	493.28244451188107	1.7733783
9947	493.2831288162893	1.6075927
41857	493.29092302838814	9.002238
39491	493.315749964785	8.73924
19306	493.3281018733288	2.2860963
23550	493.3373403637087	2.8349776
42667	493.352369605445	8.940813
36317	493.36283435425065	7.9321733
38100	493.3637335604241	8.495109
22036	493.3640133840041	2.6016655
28812	493.3643640852772	4.256579
26939	493.3652923681976	3.564968
44059	493.4001977788786	9.04803
22616	493.4005695108584	2.64558
28913	493.4007703346909	4.260335
10433	493.77361946922326	1.6332015
24154	494.1762384455533	2.9346576
4225	494.19847120773846	0.79650337
3397	494.2101119983539	0.7039527
36196	494.2861175699293	7.955136
32505	494.2856520189399	5.8465223
37190	494.2856611649372	8.301579
18263	494.2963857621063	2.2016757
28269	494.3112346392545	3.980928
27838	494.3115070480019	3.8158915
42155	494.3234957470253	8.8126135
35654	494.347899062519	7.665211
37869	494.3480859177459	8.491265
36480	494.34814043126806	7.983243
32962	494.3483259160402	6.144384
28000	494.3483413929156	3.8960314
31921	494.34862554091086	5.665059
36370	494.36048087975496	7.9356813
41424	494.38454406258177	8.8659725
40058	494.384566976938	8.737217
43238	494.3846500036474	8.98113
17446	495.1817548124971	2.124949
12974	495.2978194492438	1.8148623
34564	495.3083585179997	7.0239153
23321	495.3174736118195	2.798377
14100	495.3302530987236	1.8856926
41840	495.3319094901946	8.890075
30363	495.3438632246428	4.86773
36266	495.37927969198944	7.936956
32448	495.3794078089516	5.829627
36927	495.3798603032042	8.301708
15750	496.2450881742163	2.0069783
25647	496.3035367745438	3.2473266
25020	496.30385264118814	3.0413835
39209	496.3099847640461	8.677513
25204	496.3275599184223	3.165859
36846	496.3277279111485	8.201503
30826	496.3278875683481	5.128226
38183	496.3400702660134	8.558646
42556	496.34656160784687	8.93912
46460	496.36442721609376	9.306028
46453	496.420762702782	9.336938
7567	496.7627148496234	1.4437081
30123	497.1450101109921	4.8039465
30891	497.1450599368227	5.1770864
17918	497.2750253122266	2.1684358
32714	497.3057640854352	5.992769
11066	497.3133609782194	1.6706215
21692	497.32030430529977	2.5509412
43722	497.32251927640607	9.009051
38170	497.34468005407547	8.541126
32134	497.358041589074	5.703177
35349	497.3587070639904	7.4899583
34660	497.35894335496187	7.0818734
33085	497.3592734660791	6.1956544
20681	498.200088253702	2.432515
15716	498.2485713754598	2.0057547
20262	498.2723375154014	2.3166883
14441	498.28221804071626	1.9135174
42465	498.28311967824015	8.929813
25623	498.2856594138818	3.2785878
26171	498.287236318396	3.423841
29892	498.2886832509666	4.691052
31463	498.3253439231872	5.4073305
9802	498.3406076991109	1.6072992
41616	498.3442048423652	8.845798
43344	498.3442769411181	8.960079
37757	498.3443155091822	8.496107
44456	498.3643034399341	9.076825
38253	498.3785895645404	8.524108
44462	498.865410599041	9.076659
800	498.9012583270196	0.38418338
21723	499.1282298045208	2.5570118
2894	499.1524825458913	0.6357641
16334	499.2541829352143	2.0775409
33433	499.2637008336337	6.404415
35163	499.26422079561576	7.442097
19601	499.2903089947544	2.3350163
21439	499.3037262032868	2.5223935
18924	499.3040442804976	2.2485056
29614	499.32118269328	4.5928335
31121	499.3212743261098	5.2477236
46209	499.3394198081612	9.283787
41574	499.35324709999793	8.857138
32427	499.3877071109758	5.8524284
536	499.8813944175397	0.38929006
15541	500.2480740254623	1.997479
14201	500.2505329930335	1.8848417
11344	500.2602784466416	1.6910515
42388	500.27375824997256	8.924687
15249	500.2771523147656	1.9803482
34295	500.2791234630147	6.8701925
29648	500.30466604237904	4.588616
30107	500.30508703943343	4.793867
34160	500.3052045350181	6.805781
37166	500.3348084393402	8.313639
36410	500.3371941476613	7.9921722
18052	500.3454078140109	2.2079813
41736	500.3588536688419	8.861777
43794	500.3590558327842	9.024745
41265	500.3708375281443	8.826347
45873	500.3949369604893	9.099516
16907	501.2348987446805	2.0857809
10672	501.2457893831717	1.647582
10113	501.25974344425936	1.62463
20544	501.2689202350098	2.4233925
42494	501.30349362715145	8.936333
43817	501.3185813219334	9.027902
38996	501.3359410991817	8.641391
45467	501.3554864128877	9.173299
43396	501.3562555730399	8.998891
21688	501.3665746156343	2.553084
28450	501.3672741048756	4.029985
40254	501.3676313299057	8.716202
38132	501.4050369538904	8.535813
28428	501.4053653800759	4.026418
2447	502.1765968788409	0.48056588
10586	502.2510765378055	1.7007765
15030	502.2908218451346	1.9569494
21091	502.2928639434175	2.4776669
30762	502.3127254066222	5.144014
34354	502.3131239103688	6.90574
34656	502.3132636630703	7.076327
33074	502.31338187402025	6.1777377
35366	502.3135490905661	7.5006785
9683	502.3234029109415	1.5913999
8023	502.3242386268778	1.497545
30771	502.338787996111	5.1235647
28478	502.3533566184614	4.0381675
37024	502.35366808004215	8.298275
32837	502.3554908256463	6.01299
28532	502.36446062338354	4.071514
39136	502.37394436259854	8.677303
42987	502.3739947423286	8.922582
40710	502.3742541809152	8.814762
16886	503.2509483221993	2.087804
9482	503.2614352711541	1.5770835
2571	503.2834749088649	0.5911604
23409	503.28717687298	2.8081186
20141	503.2876091656679	2.3709736
7039	503.2987746205166	1.3659331
19418	503.3082543745917	2.2928863
3148	503.3195918879219	0.6668228
21281	503.3235732173474	2.4631696
44309	503.33519534990745	9.011917
38251	503.3362192510753	8.550825
34134	503.34753171231125	6.762975
30291	503.3481217143137	4.857895
34732	503.3483747000855	7.087477
39275	503.3717017785471	8.660439
39601	503.38349966346607	8.689461
49691	503.8071617404136	10.780151
1587	504.1924177790981	0.48045292
29348	504.26276197080085	4.4698944
28994	504.2627710996716	4.2948403
30201	504.2628743660824	4.8174143
32184	504.2707066402722	5.6930847
18580	504.2821348227331	2.207238
13010	504.3037423559284	1.8181471
44650	504.3069895921996	9.084303
36872	504.3128690447516	8.222899
35451	504.3315796815635	7.50353
36138	504.33199409049377	7.870676
45804	504.3320295447649	9.218225
32706	504.33250566562526	6.025919
36970	504.36680423999655	8.341106
37817	504.36821818861495	8.439782
42301	504.36935883380295	8.896525
42774	504.3906598217216	8.9533415
46369	504.405203941753	9.29971
9595	504.5992184666178	1.5848347
3857	505.1779534052905	0.74999905
3482	505.2603817408343	0.7159233
6073	505.2812861323488	1.1502141
28637	505.2938397670195	4.125498
43737	505.3142350498419	8.97385
41695	505.3147022083115	8.857405
24668	505.3389719176933	3.041548
38968	505.3636738255389	8.632914
37932	505.4001738806799	8.511579
36990	505.4002301349929	8.297432
29586	505.4012434588918	4.583131
32816	505.4113171440197	6.048314
237	505.7492958152561	0.13637502
14622	505.76428612834695	1.9310238
31851	506.179058007194	5.5892835
21498	506.2622444818704	2.5287223
31838	506.278728877046	5.555308
31166	506.27873585610666	5.2588873
10110	506.2856610187442	1.618915
38997	506.29351449661806	8.656406
19546	506.2975767398569	2.3284898
15028	506.2985177663212	1.9724615
36623	506.3287117079389	8.076657
40181	506.3304991593512	8.734934
31126	506.3411691522282	5.265804
32392	506.34806827440144	5.8115754
34988	506.34857171247	7.2314453
36325	506.3486430561738	7.91162
30025	506.3493506846644	4.7447367
42557	506.3586599505151	8.923955
38215	506.3838639629084	8.556225
44089	506.38479081612167	9.03603
41263	506.38483254974216	8.826441
1475	507.1322207359102	0.47270584
4763	507.1973410589962	0.8801605
24278	507.274405496965	2.9537854
35559	507.31060872841823	7.616534
43367	507.3301712934434	8.919911
40641	507.3304820009389	8.805615
34469	507.3431802894343	6.964453
33896	507.3435132248353	6.6641183
30095	507.3442119883708	4.807612
42491	507.36772561813024	8.914255
44633	507.36794856099016	9.093391
24786	507.3685572684939	3.0708892
39426	507.37914859937433	8.675305
22514	507.3794664626087	2.6737893
35604	507.37969550192986	7.6341867
29084	507.3802963282008	4.3046007
32529	507.3805035308621	5.876806
46267	507.4159728551063	9.277579
45201	507.4160984289516	9.127496
32784	507.4176987751029	6.0324936
12048	508.2757381167951	1.7518595
31128	508.2800890203622	5.2584205
8496	508.2887271372576	1.5118992
33496	508.3021149811213	6.4758825
28796	508.3285616267245	4.1956754
35777	508.32865478915375	7.7045636
43816	508.3451200281938	8.995384
36342	508.3637960944886	7.9066544
33640	508.3643560927848	6.6242175
35848	508.3644631756176	7.7197824
43993	508.40089767162	9.072401
32785	508.4213237704964	6.0288224
10831	508.8096613263477	1.6579782
18816	509.0983837005439	2.2401414
1284	509.1477230882845	0.4677177
30185	509.218308688998	4.817973
31122	509.27943575946654	5.2612276
16660	509.28463757719567	2.0520504
45819	509.2874689764641	9.214051
26582	509.2892271549436	3.434177
43831	509.3455836695456	8.963811
33699	509.3583885177898	6.5875454
32214	509.35871118305965	5.7273736
34527	509.3646772367516	7.001741
37259	509.3945947824728	8.380316
38287	509.39492110851415	8.564045
33417	509.3951354987681	6.4017773
40073	509.3952657008173	8.742218
36687	509.3956623785015	8.0961275
43073	509.4431428792915	8.977
18341	510.1716857216322	2.19977
20028	510.2350087590004	2.317906
32279	510.28092255720645	5.7337456
17589	510.2833038482645	2.137711
42250	510.285514877536	8.912408
39905	510.3093294191744	8.732317
44757	510.3200917011021	9.045857
27785	510.3280748261261	3.9426742
31817	510.343578593944	5.572396
40255	510.3439660591504	8.79139
32993	510.35737055891406	6.093345
44470	510.36474043478967	9.075758
32548	510.38803797328734	5.8613963
38961	511.176128048324	8.633304
31171	511.2334556957948	5.260949
31831	511.2337490573616	5.565479
7741	511.2502829713905	1.4800324
8739	511.2519929556294	1.523119
22930	511.2523823765281	2.7451057
21432	511.2903569303637	2.5438864
10736	511.2924955531179	1.6496562
39205	511.302199689707	8.670131
41911	511.30295813397765	8.869151
37115	511.3033357726485	8.354171
33552	511.30391538370696	6.472014
32390	511.3040255614582	5.810426
22777	511.3282698697184	2.7044344
27839	511.33657698398	3.7644277
35613	511.3733075100144	7.615701
36514	511.3738675563903	8.020339
34644	511.3741811334373	7.078616
32185	511.37420690792015	5.721792
35324	511.3742773903522	7.483783
33046	511.3744543367378	6.169456
44117	511.3998326538672	9.106908
15918	512.2045048573508	2.0181975
31229	512.2737345031802	5.2756696
44263	512.3345632114474	9.076334
35666	512.3350491228366	7.6440597
39466	512.3353920246927	8.673168
38343	512.33685337915	8.564461
16762	512.3454562430512	2.156737
22310	512.3459754258788	2.628678
41348	512.3600676165368	8.941318
40177	512.3952848032812	8.741293
45300	512.4163584314189	9.154788
29136	513.1403345446178	4.3531837
24174	513.1499340334215	2.9398108
19176	513.3014016808404	2.2713063
23773	513.3056943746786	2.8918056
7550	513.3083125751912	1.4415971
37575	513.3190467874296	8.448049
6132	513.3409384957731	1.1605657
8169	513.341562726015	1.5901527
30835	513.354416501217	5.125788
35893	513.3555473194281	7.7264376
36847	513.3558746438345	8.203165
36728	513.3668935694725	8.12561
43664	513.3682075629961	9.011423
32840	513.3685765941929	6.033501
33209	513.3690915535913	6.2623024
21137	514.2650646589395	2.478839
27918	514.2831798424342	3.8326542
9178	514.2871174048707	1.5592124
12602	514.28827054981	1.8141193
13903	514.2899342883047	1.8698136
33700	514.3154074194266	6.597232
40236	514.3502919309655	8.750712
38315	514.3516223003379	8.55499
36719	514.3519132791664	8.063147
38267	514.3530283553458	8.552259
17144	514.3608654387763	2.1254547
19159	514.3612570126371	2.2684174
22601	514.3616988654447	2.6839392
35125	514.3643104793715	7.3994536
41713	514.3739176117742	8.907698
15668	515.1242160577757	2.0075142
4492	515.2552410901768	0.8543813
39916	515.2637383704101	8.724288
43690	515.2745544729316	9.009628
14417	515.2786734333979	1.9142271
28230	515.2830805289016	3.9433396
25007	515.3155849965598	3.1935458
25695	515.3159661267619	3.2983434
26504	515.316349728598	3.4443467
44485	515.3188514749216	9.074005
12140	515.3205985486949	1.7563286
2870	515.3303174751641	0.71178573
5890	515.3306347290717	1.0905817
42707	515.3348412410064	8.950432
35203	515.3375424590455	7.420935
28813	515.3458197895819	4.2560973
26918	515.3464715256956	3.5160542
22041	515.3474434291913	2.6572611
22618	515.3816743759489	2.6899037
28909	515.3824431149354	4.2641225
15608	516.1182929681921	1.9994462
4252	516.1805390161933	0.8032105
20251	516.2494342306845	2.377264
27824	516.2941192825858	3.770171
27269	516.2974692327717	3.4731617
29900	516.2981270480498	4.690849
25552	516.2986269715543	3.2328053
13797	516.303354468266	1.8760446
37167	516.3085304302635	8.393741
9491	516.3153080045537	1.5912454
31923	516.3286581833133	5.6271114
32963	516.3300057443032	6.1372256
35626	516.330280823164	7.623009
36530	516.3307489858178	8.041675
16411	516.3404671067775	2.0525203
42890	516.3671369617449	8.99423
43041	516.3897812303295	9.004382
35540	517.2220135647555	7.6145706
10325	517.2651569993413	1.6330767
44353	517.2895446316865	9.0756445
33565	517.3294318951635	6.4799547
34161	517.3309779873364	6.809744
29658	517.3322170989583	4.5900383
30105	517.332516148978	4.7874837
7548	517.3361799980731	1.4658619
36392	517.3632735377383	8.016802
39762	517.376520431028	8.716946
39803	517.3778891996968	8.720383
39485	517.4004606401572	8.697698
12751	518.2830075720701	1.7977736
35325	518.2854080066033	7.490797
33047	518.2859433976791	6.169456
34676	518.2863812106698	7.0988035
24687	518.2868185978604	3.0500948
33384	518.28684302834	6.390219
25582	518.2986905221237	3.230081
30812	518.308952521257	5.1375237
38064	518.3232146300958	8.5262575
38725	518.3690528937761	8.639757
44463	518.3688908632442	9.058796
40157	518.3699867402971	8.771995
8909	518.7831405272493	1.5336845
15141	518.8066638762565	1.9639846
30890	519.1271190150245	5.1752214
30129	519.1271342671696	4.802912
48122	519.1383879060245	10.035101
25669	519.1722704029347	3.249302
1754	519.2320610522858	0.5154704
41589	519.3787196617131	8.864511
35194	519.3794106599763	7.4151897
35008	519.379873683641	7.2917843
41849	519.397463790847	8.884277
28431	519.4155019362767	4.025881
38151	519.4159010628546	8.571994
3832	520.1901856649581	0.74798894
25730	520.271555213429	3.3555791
27615	520.2719569983709	3.7023847
14137	520.2788205783377	1.855821
16366	520.2813550241318	2.0500453
31466	520.3071182703427	5.4059463
31618	520.3273763254867	5.533245
15001	520.3340779938289	1.9561539
38524	520.3403289799465	8.602791
40119	520.340451194208	8.738722
12841	520.3509950690421	1.8078697
41126	520.3633223049374	8.791865
38261	520.3636949184788	8.546176
42838	520.3642258191911	8.981758
44806	520.3758731156462	9.101485
43974	520.4009279952662	9.023345
27637	520.4484641681892	3.7461934
28236	520.4485885082178	3.9455578
9153	520.796728679941	1.5569504
46888	521.117381736067	9.473819
44713	521.1183829618273	9.096473
48141	521.1394315418626	10.036213
35239	521.245740888439	7.442832
23544	521.2533829761687	2.8321981
28999	521.2889749092486	4.2962303
19375	521.2982299852259	2.2926376
12728	521.3078620325603	1.7981524
39416	521.309936971627	8.739303
32629	521.3580060754273	5.8726664
28975	521.3585891582119	4.287283
33105	521.3586742770741	6.1417904
27931	521.3588098931838	3.8427684
34744	521.3590941476434	7.107029
34109	521.3593976088389	6.772296
30364	521.3596272561975	4.908032
42229	521.3945383736633	8.898149
23595	521.3952170594371	2.8434484
35562	521.3956582774781	7.6399755
33589	521.3960210884424	6.4969087
32944	521.3960322586364	6.1108456
29606	521.3961962012853	4.5289907
28715	521.3962496985412	4.1544642
32540	521.396436056009	5.87138
31640	521.3964362513353	5.505408
29234	521.4066551785822	4.4039035
23134	521.4067409450233	2.7751763
19606	521.7827520776995	2.3214927
1401	522.2032155848092	0.47085527
24645	522.2393402724759	3.03777
25576	522.239617320787	3.2355623
34186	522.2871249695185	6.8084
33559	522.28715862794	6.4768553
29646	522.288510933608	4.592493
7506	522.2944219265382	1.4526954
33599	522.3068295199372	6.5069
37194	522.3160172719347	8.437334
36393	522.320684746135	7.9756923
35967	522.3237240349563	7.763809
44495	522.3247485093972	9.080737
36135	522.3423184151937	7.862034
35422	522.343013363654	7.547876
31924	522.3432384522882	5.5940847
28827	522.3435309278218	4.2157135
42789	522.3443299518287	8.910001
33025	522.3529853339647	6.1841393
38310	522.3544051643253	8.560455
40723	522.3546705098928	8.7833395
41391	522.3556594526018	8.799351
45581	522.3600354345926	9.178436
30367	522.3625525437474	4.907688
37897	522.3790579216235	8.485849
36973	522.3799968286145	8.269051
34129	522.3964338539791	6.789674
45221	522.4167011431211	9.156781
36542	522.4263408008914	8.049905
1413	523.1062220238086	0.4688688
5878	523.1303088234474	1.085916
31172	523.3052027829015	5.260596
40489	523.3247237137001	8.769504
38056	523.3249113513948	8.629054
39399	523.3248087490077	8.65824
44461	523.3249721669421	9.057198
30189	523.3394116475482	4.828927
36247	523.3742544574769	7.918887
34948	523.3745075765224	7.271301
41342	523.4108424749965	8.829949
37168	523.4109403559045	8.313639
38363	523.4109685768514	8.567007
18608	524.177855545312	2.227337
13006	524.2777381437406	1.8167759
35459	524.2966765971206	7.468998
33200	524.2965693375477	6.220269
34632	524.2967917185248	7.1005254
16389	524.3072503150706	2.1005092
8509	524.3101711406377	1.5216379
26186	524.3211456111648	3.3949676
31340	524.3223792200007	5.368873
36626	524.3408252460645	8.076657
40017	524.3409743616397	8.734449
34458	524.3694794757668	6.9905276
40057	524.3700021553668	8.660631
44914	524.3718390805399	9.077622
34929	524.3766436046028	7.2463946
36326	524.3773183908984	7.960991
7830	524.7629007913978	1.4759002
1332	525.1196373845805	0.4654161
17290	525.1913555414368	2.1172874
23355	525.2690274458865	2.806501
20099	525.2693923350835	2.365718
31115	525.3066392734896	5.2657175
25896	525.3073714220141	3.2973423
36628	525.343326283313	8.103899
28814	525.3537260260325	4.161676
35796	525.3543322996042	7.684143
43846	525.3730655914411	9.031342
32756	525.383264728225	6.0135345
33049	525.3884672295239	6.128561
33672	525.3891924920401	6.519643
36548	525.3896618939677	7.9831405
35326	525.3897252535426	7.49312
34645	525.3902471666966	7.0818734
35844	525.3904214100285	7.716597
33418	525.3904382118529	6.4295335
22661	526.2190142322834	2.6952167
20327	526.2196174816338	2.3954062
10002	526.2508078466826	1.6102597
15753	526.270269635445	2.0023541
26141	526.2707391543611	3.3533242
41763	526.3130313719164	8.808411
21051	526.3331442302033	2.475159
42639	526.350475795758	8.9129505
35062	526.3834375326119	7.2801876
33075	526.3931363515577	6.177623
44279	526.4103731672182	9.07727
38240	526.4103811450608	8.549745
45993	526.4315985810392	9.253061
31310	527.1557399076519	5.3158603
30403	527.1558413664045	4.9259024
3910	527.1609086668185	0.7576317
28554	527.2983801962479	4.076527
24674	527.3203595361616	3.0447094
40117	527.3414877163715	8.735575
31819	527.3696492823374	5.5711837
37035	527.3842180675266	8.277782
33788	527.3861132165611	6.642133
36839	527.3862127202685	8.227006
39072	527.3952601047779	8.655933
31859	528.160607151707	5.5822234
6283	528.2310971300146	1.2038431
31116	528.2592485063084	5.259982
10003	528.265050392163	1.6153795
38999	528.2735392847189	8.637395
15174	528.2799295426348	1.9735403
35563	528.3086290565643	7.6283746
39122	528.3260426343313	8.65091
41959	528.3278363892659	8.891529
39469	528.3284607687557	8.672678
36362	528.3304461656157	7.953856
35049	528.3305657233666	7.242415
16190	528.3404303752542	2.046786
30785	528.3425731819577	5.1116166
30530	528.3426796260999	4.975506
39778	528.3552831188347	8.757145
41594	528.3656294069245	8.854938
31863	528.3703672192146	5.6223984
21397	528.3766703232747	2.5125523
18972	528.3767551537663	2.2468414
37174	528.3804944056219	8.362605
18684	529.1328647570521	2.2248602
3197	529.2254521947896	0.6859148
40621	529.2743779460761	8.779284
30096	529.3246715973982	4.782751
34449	529.3250498539788	7.016085
33914	529.3255481106112	6.6967044
36729	529.3413848410698	8.118339
6128	529.3466944722094	1.1577741
24793	529.3503839288123	3.0717664
22516	529.3612592264308	2.6737893
32530	529.361691108863	5.857205
29150	529.3637906701398	4.364274
29821	529.3647136386479	4.6821413
11471	529.3723957920937	1.6922321
39335	530.3419324397181	8.682963
36352	530.3457904463982	7.9530296
35915	530.3464134080162	7.7594914
35667	530.3467494785754	7.641143
33673	530.3467534105827	6.617625
32380	530.3499619537754	5.803609
16131	530.3558346608095	2.036405
18992	530.3567216546669	2.3140385
31501	530.3571180895075	5.470313
25451	530.3581920461826	3.1644118
30872	530.3589320830296	5.158789
27196	530.3591128298494	3.6176474
39291	530.370304283006	8.734454
30838	530.3931803735187	5.148662
31267	530.3934792094	5.295782
44872	530.4057264440495	9.089364
9167	530.7755594294855	1.5570589
24547	531.1054999982902	3.0195704
30182	531.2008953597591	4.8197484
29335	531.2013240708297	4.471863
40245	531.2705760788268	8.75187
45858	531.2740404328879	9.220626
9235	531.2783400471995	1.559507
12026	531.2803612479953	1.7481415
26456	531.3097846330326	3.4035347
25073	531.3103452129434	3.045721
27903	531.310261329181	3.827938
27413	531.3103723292846	3.6661067
22043	531.3206013353921	2.6447432
10142	531.3510362630257	1.6189481
28899	531.3562279102914	4.2415357
38905	531.3847526506056	8.631028
41969	531.3919843823435	8.8931
7958	532.1449997724966	1.4775952
38596	532.236481637626	8.59085
19899	532.2710138065664	2.3462265
3619	532.2728513550235	0.7278544
31072	532.2934478702708	5.2588797
13174	532.2973395399476	1.8204021
12910	532.2982676642321	1.8141838
36519	532.3041473791252	8.028349
44758	532.3043566048632	9.095282
31789	532.3250248103183	5.5735207
8486	532.3350079731546	1.5066937
40024	532.3484243041648	8.805433
30875	532.3656870353888	5.1647
41195	532.3851119521952	8.795472
43116	532.3852625668104	8.960454
45022	532.4005854661725	9.182265
39447	532.4475984358775	8.681906
31179	533.2162470048294	5.2616878
31832	533.2165067793289	5.538296
22924	533.2342401640062	2.740623
47008	533.2544498884067	9.511213
39263	533.2821090987836	8.674118
42093	533.2831284984638	8.908305
39267	533.2844715584096	8.66735
41927	533.2845389133143	8.904185
19409	533.2846435516363	2.2949655
33550	533.2862709447562	6.47228
40812	533.3116011467067	8.767217
25556	533.3257689887502	3.2393692
26203	533.325909302783	3.3705573
26751	533.3260216282275	3.4766798
29899	533.3262692963391	4.6925
24944	533.3264700240338	3.1283112
43295	533.3468703507554	8.963255
41314	533.3937084264286	8.885114
35081	533.3946419034967	7.3173056
44759	533.3947095493377	9.097732
35993	533.4065853911972	7.7781434
26700	533.4093224252607	3.472737
29861	533.4105153172445	4.689691
4619	534.1911451724991	0.87169474
19522	534.2347471696991	2.3079243
7410	534.2695570683414	1.4319832
33437	534.2747712154777	6.404859
32290	534.2750210256737	5.7595053
30793	534.2778841772331	5.160133
31097	534.3077686910083	5.256247
18060	534.3282118711163	2.1759126
22371	534.3283199329734	2.626755
30880	534.3431301710449	5.170803
43098	534.3632440056771	8.964806
41200	534.3998767721916	8.760786
39534	534.4263398870019	8.680802
35836	534.4269125985237	7.7175584
31412	534.4273775333306	5.3798223
36586	534.427642800192	8.060425
29141	535.1223282113019	4.3526387
24177	535.130233940068	2.9398108
2437	535.2251421145271	0.5861943
45778	535.2681933290156	9.211294
46855	535.2700201746318	9.530857
42416	535.3256197629643	8.87543
38361	535.3264012763186	8.7253895
39311	535.3267856952876	8.695858
25568	535.3272270233148	3.2348475
30190	535.3743132255215	4.8049955
29263	535.3748573758569	4.416677
28506	535.3750619394165	4.0604463
28191	535.3751658558438	3.933157
43552	535.3994042076184	9.069422
35564	535.4104413085819	7.580269
23597	535.4113010126313	2.8302128
31575	535.4114697524067	5.518419
33846	535.4117655499845	6.669659
48144	536.0982885869383	10.0361805
48948	536.1652203641156	10.455348
48116	536.1652716513075	10.0332985
49460	536.1655246088986	10.759214
30651	536.2184076218572	5.0443287
48105	536.2314533885278	10.036651
27920	536.2664929925395	3.798848
13529	536.2724012735661	1.8517276
17096	536.274148511127	2.104713
10411	536.2830331067893	1.6328545
8933	536.3103435821802	1.5452626
25554	536.3278852971423	3.2373106
26736	536.3279180459991	3.4738135
29887	536.3283411774761	4.6904306
19167	536.3443116490167	2.2668815
35127	536.3460248287063	7.395927
31981	536.3584376259672	5.617607
29683	536.3586141574588	4.564458
33459	536.3589922711591	6.3877645
43357	536.3597032519281	8.976356
43753	536.3733770703186	9.101956
38499	536.3940257019061	8.582865
35195	536.405848485126	7.4151897
35009	536.4063846092469	7.2917843
37099	536.4399554453496	8.335304
36675	536.4428546513005	8.112646
16218	536.4431344869624	2.1738794
23888	536.4432259688841	2.8164163
23311	536.8157625021533	2.7995608
48113	537.1658745238908	10.033275
3248	537.1680804823042	0.68628836
21077	537.2654014364591	2.4750082
12707	537.2679442927865	1.794995
47071	537.2843453954881	9.512135
46673	537.2854599156651	9.397458
41563	537.3045523466245	8.833782
39937	537.34111032163	8.792932
24761	537.3537994164799	3.0648284
30446	537.3545809925133	4.939006
30881	537.3898343362109	5.170803
35038	537.3898694184517	7.2656054
37517	537.3899596632656	8.385443
22764	537.3900168436433	2.7242577
40882	537.3906158632362	8.784566
20993	537.3909397985615	2.4667616
44844	537.4150613895581	9.126146
41094	537.4254077775589	8.80895
36722	537.4263271455184	8.11584
43754	537.4270510399396	9.025031
45152	537.4741717449041	9.141489
46879	538.1441416249636	9.473266
48123	538.1637013283884	10.034406
13695	538.2227912715026	1.8628203
20223	538.2315769603155	2.3779342
24372	538.2707932057165	2.9880786
25559	538.2812832198749	3.233926
26209	538.2815085804173	3.473431
29896	538.2815892818124	4.6899037
36395	538.2935794884254	7.9921722
36731	538.3122264594327	8.055219
27519	538.3378342630398	3.7211034
31587	538.3378401715231	5.534412
34765	538.3512747695437	7.083434
38413	538.3521048850715	8.582012
42345	538.3558025229974	8.929462
34459	538.3850350695342	6.927191
34012	538.3858757959252	6.761461
34714	538.3860551686745	7.0870957
46133	538.3898854022764	9.314638
32549	538.4211721293914	5.8613963
44626	539.1285255860051	9.085846
15586	539.1971410366273	1.9959008
35850	539.2965655170291	7.715976
43105	539.319361770394	8.96582
33600	539.3326575901627	6.487728
41264	539.3565583305628	8.732893
39779	539.3572222940076	8.719461
36141	539.3680582959046	7.8513947
44339	539.3694232826585	9.071149
35423	539.3696823199915	7.509926
28865	539.3697462998604	4.2444324
36974	539.4055392648075	8.279499
36573	539.405541122709	8.042322
37820	539.4058010475724	8.506548
33674	539.4058315713193	6.602911
35644	539.405883942904	7.6306753
48121	540.1616225455676	10.035673
41484	540.2024580283994	8.84961
8105	540.2786956493939	1.4880558
30955	540.2917424534941	5.184049
16427	540.2922636166169	2.0500934
14086	540.292978378493	1.8790597
30655	540.334776402508	5.0895486
35702	540.3351754604379	7.6364927
34950	540.3351835696916	7.2475567
35998	540.3354772904785	7.7744493
34440	540.3357595119281	6.9664226
30177	540.3652501831523	4.8145175
41733	540.3683168397321	8.864867
38618	540.3697060447929	8.639532
19489	540.3766985402829	2.30611
43632	540.3899324575676	9.014432
46459	540.4471890292824	9.338574
43647	540.5098833745614	8.997911
15843	541.0563926244054	2.0130484
25670	541.1542791424822	3.2508402
19745	541.2663196781915	2.3302395
15083	541.3392032301434	1.9608259
26263	541.3487801339111	3.3321085
31311	541.3498136516594	5.311465
35010	541.3616446742082	7.2917843
40056	541.3677291073516	8.724788
30794	541.3841963541857	5.1485114
38138	541.3971964629065	8.542779
44916	541.3980299549678	9.0951805
16598	541.7862217017249	2.0681815
3883	542.1717389940793	0.7519902
17268	542.217508469121	2.1201408
25231	542.2520262766134	3.368408
27604	542.2523844377379	3.7120838
40178	542.3223448031915	8.744062
42015	542.3694558458999	8.880345
42497	542.3805919071019	8.920391
44376	542.3906404909446	9.074915
42783	542.4055129646418	8.936749
1090	543.132276322234	0.4506076
23549	543.2367404255439	2.832211
19427	543.2795922391118	2.3002129
12566	543.3135696597558	1.8022889
30867	543.3301493414921	5.1702147
43393	543.3337668721344	8.987661
30343	543.3391514996663	4.872054
34706	543.3401915266252	7.124884
28976	543.3409075296288	4.2867384
34096	543.3413857024141	6.766262
27935	543.3414608716319	3.8751602
37032	543.3568774344765	8.325439
32920	543.3772994897197	6.1167994
33579	543.377448924145	6.5035915
23599	543.3780485835651	2.8408928
28708	543.3788101594939	4.2072806
42995	543.3796723057869	8.928415
29219	543.3862622369334	4.3267145
10758	543.3880311429789	1.6491109
39019	543.3893205839356	8.640744
46473	543.4617197033617	9.44283
36188	543.8941800310181	7.898266
10371	544.1436144124635	1.6302447
3573	544.1877882023456	0.7224984
3231	544.2357658832359	0.68857867
34165	544.2675836969654	6.793148
35050	544.3022016627415	7.285871
35452	544.3251151424358	7.549167
31926	544.3251527283778	5.6580567
36143	544.3254906874015	7.866007
28839	544.3262773865523	4.2453485
16549	544.3358194618158	2.0613713
24225	544.338154466548	2.953071
40765	544.3385500993535	8.781072
39106	544.3419123482448	8.668422
37073	544.3598172812424	8.323275
37721	544.360876010739	8.443986
32766	544.3754693070932	6.0049844
28969	544.3759965717564	4.3154173
32572	544.3764254325711	5.8274794
41991	544.3850109441238	8.885198
45195	544.3996775151819	9.139698
44166	544.4220999472566	9.069117
34460	545.2980893365515	6.925499
3075	545.3031527216642	0.6598244
30213	545.3204040640993	4.82496
26948	545.3260892123493	3.5230675
8844	545.3309540031203	1.5185027
22517	545.3334580514454	2.627599
32576	545.3356848125785	5.8733163
29620	545.3618970070842	4.5790677
8646	545.3674536327289	1.5260804
36396	545.3955246389266	7.9981995
34413	545.4681542590342	6.946292
26188	546.3042968205453	3.3614428
36249	546.3103101255647	7.920261
35479	546.3104479015763	7.5634966
33675	546.3171861237834	6.5326695
35935	546.3183244406262	7.7200003
35668	546.3192279314785	7.69266
36630	546.3217356914621	8.076657
40234	546.3235913763809	8.718362
17397	546.3303826269872	2.1256566
27741	546.3543831185644	3.7803533
20803	546.3545937423346	2.4511535
43003	546.4008118122368	8.973906
41349	546.401244620303	8.852817
45714	546.4160703620486	9.2678795
23869	546.4269475546783	2.8951106
33062	546.4269852174609	6.1699276
36901	546.4269994752319	8.267249
36244	546.4274709424004	7.8139353
35159	546.4271595723814	7.370103
35493	546.4272342834313	7.57649
34139	546.4274184840787	6.8234825
34823	546.4274251081894	7.2116904
9484	547.2737012844135	1.5766941
17894	547.307848257104	2.207684
7387	547.3456277843271	1.4378783
41017	547.3624299453377	8.952701
31427	547.386702804499	5.377395
41175	547.4104885810345	8.824197
37862	547.4215129235591	8.48646
36919	547.422614037851	8.268305
41620	547.4473355595144	8.838411
20268	548.2032377869393	2.3940763
15129	548.2151207307186	1.9981577
45826	548.3008676121881	9.220129
37824	548.3259889757795	8.480305
31301	548.3262308133319	5.434434
37077	548.3267692131071	8.322055
43282	548.3361398642827	8.94347
40161	548.3429988705694	8.737304
21702	548.3463879730067	2.5558774
43678	548.3597908114086	9.029719
37794	548.3788451418511	8.492029
38771	548.3798523255421	8.615514
35006	548.3819689333193	7.306286
44616	548.3962066322061	9.117813
41984	548.4161883581495	8.894171
44881	548.4341077727586	9.172006
36889	548.4429066279067	8.345408
39624	548.4428412751117	8.666191
33859	548.4428746976214	6.6500535
36157	548.4429144052369	7.900535
37245	548.5301765566945	8.34387
15891	549.1154783291804	2.0108042
30416	549.1375269802435	4.926896
31314	549.1376044644937	5.3166533
31175	549.1853583482609	5.262528
46594	549.249306404343	9.374799
17982	549.2921691055899	2.1735346
14584	549.3050410016772	1.9260181
23629	549.3205444977182	2.8459482
43106	549.3411310467887	8.873678
40638	549.3418479574698	8.791374
33527	549.3541423361194	6.4591002
27708	549.363306092658	3.7817125
35022	549.3888323523885	7.300409
29932	549.39032787128	4.7040477
28466	549.3907304635852	4.0356674
29563	549.391312267473	4.5555906
29166	549.391557915051	4.400281
28084	549.4006035739524	3.8938797
24111	549.4011543281734	2.9320416
31585	549.4014019334535	5.489939
26928	549.4015741017291	3.4794126
31945	549.4019920025703	5.611439
32247	549.4023758649014	5.745922
41896	549.4262807701001	8.894596
4543	550.1631302649835	0.87108797
48133	550.1808685372565	10.035514
15924	550.2886949232632	2.0197535
35093	550.3118776338727	7.354376
34829	550.3125601280711	7.189012
43019	550.3212099094527	8.897829
16368	550.3248190353627	2.050776
19610	550.3258244550964	2.3239741
34500	550.3393598500875	6.941184
31627	550.341589965579	5.498307
32586	550.3418551551487	5.8764277
21392	550.3591055991684	2.5120978
37125	550.3624308977936	8.348271
39603	550.3744674017769	8.697692
34271	550.3761242884719	6.8845406
33767	550.3771437004552	6.5967865
45720	550.4096410904277	9.159301
35077	550.4221266314481	7.318043
28263	550.4222719123118	3.991826
36075	550.4486305749394	7.8675337
37201	550.4487268880059	8.324193
38139	550.4571276079955	8.535813
17194	551.1619349137754	2.1142008
46146	551.2650580513942	9.273928
36215	551.265270769234	7.9176726
30066	551.3063909731206	4.7679973
34524	551.3069723600952	6.993099
33912	551.3076812780655	6.6955433
34975	551.3178662496634	7.306881
38439	551.3206639121123	8.609554
37146	551.3325242071601	8.359781
25309	551.3335775019763	3.1850212
43012	551.3560267165684	8.953156
41300	551.35644544132	8.85037
22802	551.3692106565495	2.7185848
21312	551.3696497483102	2.50018
30932	551.3700144874192	5.250692
36117	551.3855411254298	7.8430986
45625	551.4056909534637	9.200466
34908	551.4057715394606	7.2490063
31577	551.4074574475273	5.4766774
41333	551.4412521530254	8.834075
37202	551.4512361300789	8.3379755
36091	551.4516240989931	7.862186
36852	551.4519470638191	8.232584
32812	551.8911931866285	6.0287833
3258	552.179905220821	0.6911643
47299	552.1965737661128	9.604355
9925	552.307402591389	1.5887681
35128	552.3215763361851	7.347946
33713	552.3279106743929	6.6583753
36200	552.3291694547968	7.849752
46164	552.3327852437841	9.271356
45678	552.3333566486175	9.148763
19747	552.3380822883735	2.3255794
16153	552.3384606475141	2.0362093
30965	552.3402635993828	5.1991587
27200	552.3407385361868	3.608909
31543	552.3413642041196	5.4795985
41655	552.3537772380437	8.853742
30152	552.4005250925836	4.756035
34715	552.4008806027075	7.073026
34462	552.4011131669349	6.943476
34135	552.4016800756006	6.686144
46292	552.4277631747183	9.119689
44724	552.4279448084027	9.097076
32550	552.4375395747473	5.857205
9817	552.7874560084952	1.6163818
26649	553.2259269189403	3.464201
16979	553.2762589491152	2.0946074
45263	553.280681531877	9.150954
33171	553.2959644149057	6.2405243
40154	553.2990022965237	8.720976
33714	553.3333665062255	6.59277
38680	553.3355360201335	8.609531
37800	553.335901652088	8.502809
42000	553.3714500160431	8.893512
38048	553.383328569666	8.535816
36144	553.3843895610067	7.8320284
31889	553.3852123465282	5.6284175
29713	553.3852991868181	4.6086674
33677	553.4210139700234	6.561434
35924	553.4213140990171	7.7123885
37026	553.4213270384105	8.248444
37863	553.4214413205867	8.472855
46147	554.1758296157323	9.273986
38523	554.2178066856245	8.591239
29863	554.2489946754454	4.6875067
26721	554.2494805515072	3.4761658
31792	554.3065092876305	5.6181383
34214	554.347781594589	6.8433194
37854	554.3481219950881	8.4901905
40332	554.3716562371039	8.799412
30431	554.3806435703164	4.9415793
43876	554.3844642340841	9.043556
23469	554.3930596999854	2.8141823
44781	554.406074131216	9.091055
43798	554.4071420469501	9.057668
34556	554.4322346510453	7.0230026
44773	554.525596801726	9.094815
20357	554.7984467305321	2.3947725
14652	555.2522624663322	1.9332402
39283	555.2680796757048	8.676626
41905	555.2682895456367	8.892027
19786	555.2828617377954	2.3329048
35116	555.311200781263	7.35519
22497	555.3179395122896	2.6702456
12672	555.3195026816215	1.7946566
16997	555.3512022460163	2.0942807
10455	555.3612282475079	1.6298206
31588	555.3638796999062	5.4775386
45812	555.3663405681583	9.161671
46660	555.3679032001944	9.393724
42182	555.3810523632292	8.901403
30432	555.3840176482082	4.940804
31794	555.4005819958384	5.561333
42065	555.4270731010272	8.885904
37629	555.9114737724295	8.45166
44666	556.1556410748223	9.091973
8115	556.1563582558101	1.4885869
4646	556.173178440855	0.86472785
40494	556.2336198084996	8.773672
4547	556.238342796625	0.85974294
31256	556.2910871848882	5.2654433
12154	556.298977117765	1.756051
14720	556.2990013165712	1.9343631
11539	556.3109448969274	1.7032211
31030	556.3238092954216	5.196306
24411	556.3297150146946	3.003762
30727	556.3310110175308	5.0802174
34766	556.36226593173	7.0961943
38353	556.362409884397	8.608011
32995	556.3638193859523	6.1527524
14120	556.3714066876496	1.8872854
23657	556.4085271964802	2.8663173
31413	556.4098413994539	5.3616123
45283	556.4425422602751	9.153073
7422	557.303701532949	1.428097
35012	557.3335467596662	7.288839
29264	557.3567253387574	4.416677
28192	557.3569484469945	3.926116
28507	557.3570570588892	4.0604463
35703	557.3630420537113	7.679486
35997	557.3632853818739	7.8122463
16852	557.3676861173111	2.0792046
18900	557.3679512625857	2.25119
46328	557.3804174432186	9.320639
43745	557.3827449286828	9.086879
41545	557.3932714630204	8.840499
33854	557.3935686518612	6.671914
43418	557.3935724429994	8.995417
38752	557.3968049592713	8.647226
46666	557.4567058030555	9.378281
44671	558.1542743267006	9.093074
21824	558.2342864811426	2.570804
27916	558.2482091193616	3.818716
40210	558.2957379276514	8.7446785
14823	558.2963341152614	1.9469995
35129	558.3284961645103	7.343638
43679	558.3395504324143	8.985245
9453	558.3627230761874	1.5798013
20281	558.3882019694094	2.3930035
45690	558.9184886384458	9.165579
3319	559.1509371467803	0.69210565
13743	559.3103448860827	1.8660406
34118	559.3122437440948	6.7636538
34716	559.3124068220748	7.102405
28995	559.3145360435675	4.267458
27937	559.3147379973497	3.893381
40179	559.3260629004396	8.801874
30433	559.3362718710628	4.9426804
25595	559.3407882878683	3.2349043
26932	559.3416065688132	3.481959
5640	559.3464958827657	1.0246162
4792	559.3465500210139	0.86417186
10146	559.34658459375	1.6178471
7319	559.3471464997241	1.4473137
14024	559.3479502457392	1.8809124
23601	559.3507966499667	2.8434484
32942	559.3512011353818	6.1126633
30882	559.3699998737587	5.091453
40018	559.3742715717008	8.683472
11704	559.3823468259775	1.7089913
9169	559.3840515830891	1.5609078
33841	559.3976660114766	6.6582985
43631	559.4570210057298	9.009391
42619	560.1338126789782	8.939315
25535	560.2630646132673	3.2325974
26754	560.2631351629884	3.4753067
29890	560.2633208761306	4.6894937
36145	560.2968673014034	7.870676
9621	560.3062435793918	1.590023
31550	560.319716902167	5.501571
37074	560.3322381465299	8.383225
19054	560.3488166509667	2.2576413
29296	560.371155015028	4.410724
41157	560.3801232547116	8.7891
40730	560.4161801871842	8.810403
42210	560.4164149215612	8.913335
35381	560.4303310064308	7.4844575
34865	560.4308485077688	7.215572
46782	560.4877431648819	9.441251
13284	560.8064639499975	1.8276051
42817	560.9347635223331	8.956218
44670	561.1110703868127	9.092321
3687	561.2061925179424	0.73793864
32293	561.2356366868178	5.759383
35287	561.2357015168941	7.442417
33436	561.235751160461	6.4038725
35852	561.2800840305764	7.71549
30155	561.2890996017638	4.8185244
20884	561.315528275328	2.4506693
40653	561.3419133682174	8.788067
26757	561.3579100643274	3.4753025
29883	561.3582706739508	4.6909714
7726	561.361946767088	1.4731468
44209	561.3685422111552	9.044565
40929	561.368891928959	8.80181
35510	561.390053640291	7.597639
38092	561.3900724807233	8.552325
39024	561.3999762392004	8.639014
42469	561.4260316144597	8.965859
30842	561.4631852264533	5.1497636
41517	562.1841742080793	8.851838
4559	562.1899680090717	0.8698101
16402	562.2317713636783	2.061297
31464	562.3052173171357	5.4126463
34647	562.3167722256384	7.0366006
30657	562.3173392808301	5.0307517
36329	562.3183999452247	7.95119
34967	562.3184179762904	7.2748384
35704	562.3185760371802	7.6134295
36020	562.3186623721865	7.765629
16554	562.3252941373521	2.053879
36616	562.3384035016841	8.074393
41992	562.3502586546223	8.886584
26955	562.3547045778388	3.5274684
19511	562.3596263250739	2.3069327
44341	562.3752587664363	9.093047
41183	562.4101695385785	8.81572
42845	562.4131758204642	9.112466
44086	562.4203697452066	9.080071
32531	562.4220322118795	5.8034053
30741	562.4221470664179	5.094317
36016	562.4560356939654	7.7789364
37004	562.4568018816312	8.287716
31854	562.4593980236477	5.695185
30827	562.466376243746	5.174172
8144	562.7734708721771	1.4928151
15798	563.0381241281253	2.0130484
21836	563.1898405099598	2.571625
46279	563.265177220749	9.296538
35437	563.3359016218682	7.56408
42285	563.3572871690258	8.843618
32775	563.3687268857568	6.0615754
33975	563.3700119130855	6.7263317
37036	563.4040289405756	8.303542
33325	563.4053509841137	6.345018
36543	563.4056443764891	8.055624
29085	563.4062389793862	4.328286
35804	563.4066025758942	7.674895
31188	563.4066031535734	5.263304
33212	563.4173648531931	6.2665076
32351	563.4174181823018	5.7792115
29869	563.4175648737141	4.656808
29526	563.417736612756	4.5323086
33495	563.4183242696968	6.456465
37203	563.4390288147857	8.36803
33103	564.3209483391244	6.1890163
32507	564.3210653276176	5.848961
40020	564.3285235195063	8.788508
18389	564.3405427605506	2.207504
33121	564.3454756804578	6.2034965
15587	564.3603902134042	1.9985901
44326	564.4013307801129	9.070152
39121	564.4100153622973	8.645713
37747	564.4188405830877	8.494533
32352	564.4201104617296	5.7792115
39883	564.4261393323852	8.720671
45055	564.4359317901659	9.126148
22044	564.4373150529523	2.613224
24345	564.4373696893921	3.0218666
16606	564.4374768567734	2.0439708
36790	564.4375465738697	8.184394
33126	564.4377348159202	6.2513933
34441	564.4377519006588	6.9562335
37470	564.4377560724972	8.393146
38140	564.4732689781649	8.536911
42583	565.089194314277	8.938575
6079	565.1681172933942	1.146338
45475	565.2445558009647	9.172511
14170	565.2988085099342	1.8917598
12445	565.3010669519598	1.7919871
34668	565.3228593959691	7.1029778
34046	565.3237725332749	6.71423
38629	565.3322512014364	8.631199
38462	565.3479632440842	8.634784
25833	565.3492680301885	3.2798245
43287	565.3498530527124	8.990323
32969	565.3599942134731	6.1397753
10616	565.3690924130948	1.6637609
42228	565.3723778718827	8.910763
40735	565.3729649670161	8.797547
23603	565.3844791311478	2.8434484
32059	565.3847312554724	5.62929
37043	565.3859531868518	8.308418
28338	565.3969910540654	4.0055737
23559	565.3989008504067	2.8342159
33107	565.4222761633587	6.2260475
36746	565.4409017660029	8.171981
46790	565.443760281698	9.44349
14277	566.2821229300393	1.8942624
36225	566.3067369531572	7.913655
32767	566.3575513197611	6.0287433
46361	566.405029775263	9.272211
42651	566.4069192149157	8.982265
30368	566.4161846317623	4.910496
34119	566.4163889944913	6.7837434
34718	566.4166698316525	7.1218925
27888	566.4173645706791	3.7940059
46326	566.4429783009019	9.2722
33123	566.4432333014643	6.2297053
33842	566.4516444370571	6.6655345
804	566.888596309264	0.38589135
49449	566.8891102739611	10.758468
17289	567.1553985222693	2.118923
3277	567.1909734283649	0.6910365
35277	567.2508469598183	7.445673
32313	567.2513259844459	5.7618427
44233	567.2604401390815	9.061789
6472	567.2991822154088	1.2510093
30214	567.3027467458936	4.8257337
7961	567.3107910298128	1.4821465
9867	567.3156291438044	1.5997007
46161	567.3679728593255	9.276963
45385	567.3992779860089	9.1314125
35424	567.3997432942109	7.5365186
43022	567.40045708031	8.957633
36147	567.400895874753	7.8285427
38529	567.4009290220534	8.64767
34259	567.4014392309111	6.8550763
33772	567.4014728274608	6.6247177
28325	567.402319411726	3.9960635
37075	567.4366015453803	8.322292
37722	567.4368939752903	8.456142
33140	567.4461322442205	6.215704
44109	567.4619978549263	9.049798
45495	567.4620034888412	9.178254
31132	568.2256894680462	5.25891
17427	568.3124634395732	2.1240404
27201	568.3134357632906	3.5448503
31573	568.3134949138844	5.472912
30966	568.3139746638568	5.208352
42792	568.3294440097876	8.975736
41471	568.3301304233266	8.859374
27717	568.3362016840774	3.7733536
37152	568.3578274781368	8.407207
38344	568.3582844254385	8.585712
44531	568.386037046414	8.975504
30156	568.3950637272533	4.809662
45466	568.4002907877499	9.167542
44707	568.4221869935623	9.065104
18967	569.0345926509923	2.2484016
45276	569.275384648391	9.150091
46165	569.3602822227152	9.236572
38711	569.366627983174	8.630803
18125	569.3671501043762	2.1792293
46070	569.3833963208548	9.2629795
36633	569.3984893400428	8.076657
46826	569.477527795533	9.455061
26381	570.2562359475512	3.3927145
40123	570.3654777393951	8.748499
46074	570.3929356074822	9.264085
25524	570.4227040931388	3.2323124
31143	570.4274762177982	5.2543235
45997	570.4577263840703	9.254
15840	571.097433334837	2.0130484
18037	571.2753672142414	2.1771812
17097	571.3357264365671	2.1110528
33529	571.3360968018638	6.4591002
42936	571.3618207764297	8.970547
28467	571.3727449593854	4.0356674
29949	571.3733965187007	4.6522684
28088	571.3817039529183	3.8723326
18803	571.382679146461	2.219646
32203	571.383523032645	5.723502
31549	571.3836402422386	5.468161
45127	571.4072802984165	9.131759
43728	571.4101132453097	9.097905
10375	572.1425337592982	1.6290822
4544	572.1448057660439	0.86711806
8111	572.1515887500628	1.4880289
8432	572.3061626300838	1.5108804
20116	572.3073769053724	2.325456
34251	572.3582442752831	6.8772287
31232	572.3589015489583	5.2753773
8591	572.3773597272656	1.5030898
46661	572.3941079405668	9.393989
28247	572.4043281386122	3.952564
42912	572.4381540973911	8.965992
17195	573.1435437209617	2.1126454
36214	573.2472608583047	7.9205775
22969	573.2848161002955	2.7433248
37134	573.3153060045842	8.354582
28515	573.3291585842139	4.1163087
30728	573.357192707881	5.081626
27553	573.3580162825347	3.7079363
9555	573.362306595702	1.5742216
33857	573.3645389416214	6.7004247
44346	573.3781746526951	9.000358
38420	573.3877124682817	8.586331
30042	573.3901556512049	4.6985016
32997	573.3902520810134	6.1527524
34768	573.3910430526873	7.142847
44883	573.4264839330027	9.095157
46118	573.4512707944875	9.217653
46658	573.4513384475345	9.356768
45496	573.4522226521411	9.177472
45864	573.4748752919414	9.2237625
3227	574.1625044345639	0.69090253
14398	574.3129342029124	1.906848
31401	574.3215234890932	5.3522854
27203	574.3225253185626	3.5906851
3321	574.3294956942839	0.69625103
21689	574.3492361600893	2.553084
34935	574.3496304181623	7.271709
4109	574.3575118733354	0.78252965
38860	574.3957887484353	8.627473
30556	574.4221576263704	4.9924293
24860	574.4226878268161	3.0794399
37636	574.4571211312415	8.438249
33345	574.4586690582573	6.402636
33784	574.4589819634984	6.5870237
41047	574.9142713902493	8.820774
26382	575.2093057376992	3.457967
13192	575.3036791372233	1.8097074
30408	575.3074124024319	4.9263377
10138	575.3335461792171	1.6196622
5549	575.3407178341083	1.0207279
7768	575.3407494575001	1.467447
42033	575.3686334594681	8.894785
39592	575.4047593330986	8.682944
31619	576.289252582529	5.4885106
10783	576.3029422417355	1.6551396
6033	576.313832315757	1.1352346
18301	576.3409737352648	2.196737
15659	576.3420609851319	2.004484
43877	576.3659275266136	9.03433
23484	576.3763192156567	2.8222542
42303	576.4111400295493	8.92515
39704	576.4118420767868	8.748741
38428	576.4118477877834	8.583009
42996	576.4359601894525	8.990625
35342	576.4373757748305	7.485581
43634	576.4835707183705	9.009701
38677	576.9294595050831	8.64923
14650	577.2345269223005	1.934488
32532	577.2784859687428	5.880025
12250	577.2869485052136	1.7563906
22509	577.2997187893155	2.6766171
15484	577.3401773880453	1.998946
35100	577.3855958867468	7.3712254
30341	577.3965232521488	4.898865
29522	577.3968737964608	4.4875975
42428	577.41908772916	8.899921
37763	577.4194684025645	8.517237
34414	577.4216637381501	6.9497776
46859	577.4819972608447	9.467421
8045	578.1382205715818	1.4867693
4625	578.155997348282	0.86310637
25103	578.2136228486314	3.13754
24340	578.2140946325999	2.9674768
4548	578.2205614791964	0.8504525
14755	578.2816155197527	1.937266
12191	578.281966656394	1.7581902
35996	578.287853962138	7.7748265
36331	578.2890974481788	7.9380283
30729	578.3126402332196	5.081626
38422	578.343912293935	8.58797
34769	578.3450679500751	7.0826845
33000	578.3456324540214	6.1639023
38935	578.368343276392	8.648745
37229	578.4056673559478	8.374019
44658	578.4067358484743	9.086444
39199	578.4178339189253	8.707617
39023	578.426285347049	8.6389675
16693	578.4525994024026	2.074
28785	578.4542501817284	4.203754
15498	579.1565584544026	1.9917263
17525	579.2570671451665	2.1357121
46397	579.2601315963692	9.211212
10302	579.3159133305726	1.6293228
18921	579.3514277201327	2.2570434
37982	579.3522732034899	8.650104
36653	579.3641765197665	8.099602
38355	579.3783408284264	8.562475
37324	579.3791842098789	8.39623
40892	579.3801604831224	8.809004
31032	579.4006991551008	5.2300067
32153	579.4010504887258	5.730996
32797	579.4016592415759	5.959053
30070	579.4122187564766	4.767864
29686	579.4123446118572	4.5967607
44381	579.4253895749067	9.067637
25601	580.3054773053744	3.239226
20155	580.3704156915	2.3946624
34137	580.4141318856437	6.7954507
35527	580.4208383315058	7.5966887
33614	580.4323848548196	6.4902153
29019	580.4325584246701	4.2830305
29271	580.4326959704426	4.423248
28508	580.4327030996411	4.0457225
33821	580.4694564449258	6.6696367
38894	581.178443425398	8.593311
13860	581.2925000750383	1.8725278
30521	581.3187696249533	4.9671087
40151	581.3671562987572	8.747968
38368	581.3677006030352	8.571029
44635	581.4148609824105	9.051128
41621	581.431891102673	8.803125
43605	581.4391179554794	9.009181
20914	581.8229037921976	2.4550507
31551	582.3001587993749	5.469476
27242	582.3217875026515	3.6128898
19045	582.3308473555148	2.2555094
41006	582.3408963564347	8.809166
38259	582.3723101680803	8.570517
44646	582.4003783556989	9.088032
30434	582.4111000817937	4.933883
45994	582.4750833976113	9.2521925
7820	583.3204274803934	1.4714829
29880	583.3403461946243	4.689996
37754	583.3453536250546	8.487844
35511	583.37178679034	7.5847883
39200	583.3740813733408	8.690959
31967	583.3786799814862	5.625982
38991	583.3821043203146	8.642939
31620	583.3938016225499	5.4885106
41048	583.4271491248182	8.815009
46230	583.4562183802477	9.286385
47599	583.4934221260743	9.740698
4598	584.1731257454001	0.86137146
44665	584.18701614118	9.094746
29391	584.276772729731	4.488006
36069	584.2996526445968	7.794004
35736	584.3006405826416	7.699178
27709	584.3076509063711	3.7546208
27240	584.3241782317655	3.600558
26142	584.3266252639495	3.361233
38317	584.3563019903409	8.64059
44342	584.3569664899378	9.025772
34519	584.3592354121542	7.000144
26429	584.3645289831982	3.3966064
42847	584.3917607767082	8.947372
42842	584.4176731267256	8.889688
31976	584.4403900148354	5.67288
13474	584.9854614260533	1.8480985
12355	585.246380356112	1.7837331
47287	585.2700808023654	9.599781
28634	585.2921771810122	4.1243067
13467	585.3209921381529	1.8470508
13410	585.3228342225641	1.8519939
24126	585.3512889096961	2.8882995
33976	585.3515864924445	6.7123
32798	585.3516610206943	6.0252094
10236	585.3635116431402	1.6202896
37049	585.3874253488034	8.311227
29086	585.387712881723	4.2976704
31189	585.3881738664463	5.263304
36667	585.388270148093	8.058742
45270	585.3901290651028	9.134896
33922	585.3903107660021	6.7126474
36053	585.3920166151446	7.7715616
34952	585.3941320804339	7.2698803
22197	585.3980019943614	2.624391
39445	585.4412067526357	8.693919
45524	585.4725999369607	9.177057
18451	586.3238332440061	2.2148633
39885	586.408093834354	8.761624
46089	586.4086774470481	9.265009
16610	586.4189185297646	2.0669956
33138	586.4200363629744	6.228065
36797	586.4209691110212	8.173772
46823	586.5042911660851	9.454641
33531	587.3101256222076	6.4591002
38463	587.3316095123497	8.569469
16232	587.3415948864044	2.040305
29567	587.3459841169446	4.623449
44517	587.356521356887	9.046629
32204	587.3582977605712	5.7111983
32060	587.368327241288	5.654614
28318	587.3781080661223	3.9831104
8806	587.3792310993714	1.537872
38594	587.4042922104602	8.570187
33001	587.4043419294833	6.1527524
42802	587.4328328922701	8.953587
45180	587.4873309300615	9.133628
28379	587.8788659595971	3.9989073
22856	587.9953495736796	2.7277455
9607	588.2966690988391	1.5911534
10033	588.335799648904	1.6096455
36226	588.3657687816922	7.929431
38933	588.3745064566066	8.634541
29249	588.3749944470255	4.3788605
29741	588.3751240166534	4.6326876
28534	588.3753899252722	4.1059856
41255	588.4117739920538	8.819564
38142	588.4350444230668	8.570683
37430	588.4380229385902	8.412554
12747	588.8009107662123	1.8234266
35417	589.2339693394846	7.447177
4421	589.2860803544045	0.82631654
25460	589.3022338097109	3.2167258
30361	589.3029118156079	4.907444
27798	589.3203807194415	3.809177
26413	589.320408625027	3.3961475
22179	589.3352154038962	2.6195407
8784	589.3569322259519	1.5395039
39749	589.3594760220726	8.713507
43145	589.3735431205454	8.897105
28347	589.3834338320963	3.9755743
34246	589.3837307851676	6.8660545
40300	589.4205022411941	8.766962
34573	589.4211644398151	7.0272927
42413	589.4474284033229	8.926205
47447	589.4827818710214	9.633563
43024	590.3117361715331	8.991049
26874	590.323012756662	3.50428
27534	590.3850584087066	3.7124107
41917	590.4262971885613	8.878403
44481	590.4518118517665	9.090706
35865	590.4527147462052	7.6967835
39322	590.4530925810053	8.672288
33868	590.4531669930587	6.645355
36840	590.4532038575097	8.189209
30028	590.4537363376702	4.8096
32398	590.4642776160174	5.8294845
45856	590.4987855896915	9.222094
25382	591.1259360743693	3.1947856
26383	591.1828372351473	3.4536307
44960	591.3175549435568	9.116206
25901	591.317825674618	3.2959888
32566	591.3181112259216	5.871674
30520	591.3182688863064	4.966732
24691	591.3184740744094	3.1152008
21804	591.3515140902733	2.5712678
18830	591.3533357351341	2.2329807
38054	591.3630378652955	8.494395
36920	591.3990288560178	8.311095
33582	591.3998768122565	6.4463453
29493	591.4122537600757	4.52327
31561	591.4124405348081	5.466155
37620	591.436638201563	8.450245
47166	591.459176606496	9.4531765
46053	591.4616687151741	9.191906
45398	591.4743702782506	9.148016
47492	591.4983946921864	9.68628
7859	592.1374074665011	1.4716127
12665	592.2860740117846	1.7936585
25529	592.3210288413676	3.2913048
37719	592.3327102194287	8.473191
38904	592.4065199026342	8.635601
31729	592.4318525822737	5.5603995
23605	592.4319711324691	2.8588517
24365	592.4322605962916	2.985762
22804	592.4322658237168	2.7185848
29125	592.4328988740768	4.346844
41555	592.4423751261309	8.856058
25162	593.1876648894028	3.1532037
46566	593.2754724946304	9.369882
29742	593.3315397464007	4.640154
44585	593.3322762503725	9.087178
29244	593.3326025472178	4.389323
28539	593.333132911623	4.087807
25639	593.3333024531557	3.245833
36119	593.333706783499	7.848265
35525	593.3338489245106	7.597577
41081	593.3648919706136	8.81624
32304	593.3649707774869	5.761024
41089	593.3658016370165	8.815639
18765	593.3671602262028	2.2381046
40985	593.3794362076733	8.791174
37834	593.379497557195	8.489779
22623	593.3912423306874	2.6899037
35845	593.391879218307	7.7133794
43004	593.3965069776352	8.995073
42784	593.4044476574435	8.946772
25594	593.4106473844299	3.2456844
35837	593.4149048234386	7.704183
38724	593.4155520255771	8.643292
36217	593.415761381469	7.948844
34199	593.4175170177843	6.848246
45087	593.424701130597	9.128178
25643	593.4322912974468	3.2472124
46076	593.4772629078133	9.265483
45181	593.4779380927455	9.138308
13961	593.5008904517395	1.8837206
4611	594.1280834515997	0.8615694
30738	594.2837163054573	5.1190615
8416	594.2867201940473	1.510439
33002	594.3194699372402	6.1527524
25633	594.3366514707884	3.24594
34266	594.3391318000688	6.903485
31190	594.339878717484	5.2824516
26090	594.3758255085615	3.3346078
35841	594.4008960133618	7.711401
35097	594.4121104549438	7.3701534
33533	594.4122855588598	6.4996834
42764	594.4455879191501	8.972275
37705	594.4464942188708	8.464505
29568	594.4490464102378	4.5216684
15507	595.1303765650614	1.9911388
31147	595.1861636223111	5.260366
46047	595.2918675927233	9.257241
37515	595.3468790381595	8.471887
26351	595.349362557086	3.3861911
36419	595.3495750728337	7.991952
36034	595.3496835039625	7.7851524
37092	595.3587558869451	8.330923
36661	595.3595061199646	8.085089
6907	595.3684370027834	1.3150488
32607	595.3736905139534	5.842209
37247	595.3748075653841	8.363083
38247	595.3752991524248	8.543336
42166	595.3810224299069	8.875357
38580	595.3955200465625	8.593325
44885	595.4087969078937	9.101498
45169	595.4317857401735	9.115914
37178	595.4320674360149	8.363315
47206	595.4928205498846	9.572377
26070	596.2557542586294	3.3394506
24067	596.3402855317057	2.9117348
38638	596.38859136043	8.6486845
40908	596.406330391665	8.806234
37326	596.4064613696186	8.39623
37006	596.4187449563094	8.321604
37657	596.4190712016614	8.457221
4738	597.1571304483161	0.8744393
26335	597.1935451057425	3.3826768
37718	597.2882079794225	8.471468
13227	597.3154006981971	1.8450742
26088	597.3559873060678	3.3830342
27180	597.3573966010708	3.595748
36711	597.3641772279356	8.109279
41561	597.3976543939104	8.87074
38157	597.4235904968849	8.499234
39091	597.4368268147974	8.6345215
35528	597.4475403886722	7.5966887
47179	597.4493395246511	9.562502
18785	598.2503535150671	2.2375576
18286	598.3214402571143	2.190774
38516	598.3355061915311	8.658187
37756	598.3364543900523	8.478273
24471	598.3567766339062	3.0123804
38530	598.3721312253381	8.66459
44358	598.4710033011634	9.076848
24488	598.6906754041584	3.0109801
19754	598.8401351530349	2.332498
15323	598.8592103711794	1.9843998
10687	599.3047534802876	1.6429881
35842	599.3560257985537	7.711652
35101	599.3676321610889	7.3381357
41142	599.3691225563329	8.818123
42947	599.3718969200783	8.911586
28435	599.3734983648261	4.020537
44330	599.3948541028765	9.070543
42765	599.4020272003161	8.926949
37767	599.4026638014806	8.484304
34415	599.4029606324478	6.9500136
43878	599.4416056770359	9.046299
46665	599.4883739415474	9.396315
25120	600.1965386650642	3.1374404
24351	600.197079116982	2.973573
10584	600.3121628972658	1.6456171
15427	600.3192779577103	1.9873408
30540	600.3533491627211	4.9758754
36822	600.3540588000257	8.175892
19377	600.3749146896565	2.292566
45170	600.3867063919109	9.085915
37231	600.3874687718549	8.374019
33519	600.4011074517352	6.451942
30072	600.401216524067	4.770893
29734	600.4014622698784	4.615575
28791	600.4365355577951	4.2102113
44222	600.4487078015693	9.041813
45265	600.4692395730412	9.151358
46233	600.4848217040961	9.285021
47600	600.5191491444336	9.74061
46821	600.5202476242287	9.451319
31199	601.2028355001569	5.26647
26144	601.3523854799873	3.3533242
39325	601.35255719787	8.673646
37462	601.3608115950889	8.428922
40884	601.3618707213952	8.802086
32801	601.3827770229029	5.9626846
42908	601.3840595911718	8.984709
38403	601.384539273402	8.571669
40441	601.3848928289258	8.73477
46478	601.385048248656	9.345657
34520	601.3858873425862	7.000144
30722	601.3887143597067	5.133979
34771	601.421516364478	7.142847
33006	601.4226598256498	6.1258874
32770	601.4254699822573	6.0051665
44845	601.4486179909845	9.1008625
3711	602.3240026352812	0.7377394
39992	602.3298905781238	8.732188
28717	602.3445483297563	4.1693206
37783	602.3811713787551	8.445617
35529	602.4027183433144	7.5966887
30832	602.4168144664206	5.1470075
41295	602.4280692768816	8.81258
45498	602.4990912718303	9.178068
18822	603.2065816603017	2.2391207
26798	603.2340058770855	3.488574
18973	603.256042529138	2.2523115
16058	603.2577795863712	2.0610592
20549	603.2687338174903	2.4170885
20848	603.2848335361589	2.447983
32061	603.339851176811	5.6538706
28332	603.3501181318908	3.9550133
34396	603.4005723028629	6.9039755
44513	603.4308245787398	9.101383
42924	603.4345826193622	8.881494
44601	603.4644907760749	9.092416
42463	603.4828930716859	8.930676
17114	603.4843427504802	2.103335
8131	604.142946137517	1.4795384
27248	604.3033704667104	3.6116297
14110	604.3241115321895	1.8889481
41107	604.3246383098199	8.820936
3459	604.3686282047169	0.7307544
21591	604.3712749678272	2.5433867
40470	604.4050290646629	8.768756
34416	604.4314252135035	6.9500136
32621	604.4321480239967	5.88492
33924	604.4322184099836	6.6990986
23510	604.4322834204229	2.8243237
37693	604.437941637816	8.472989
36917	604.468042227063	8.25908
36747	604.4692097542224	8.147173
29107	604.5166406170678	4.341592
8666	605.2768122856592	1.5283271
17037	605.3001324321225	2.09611
36099	605.4149500670883	7.818986
37431	605.4164447337664	8.366018
36672	605.4169927450223	8.093054
44982	605.4406356557992	9.120566
42944	605.4425343095986	8.967739
39886	605.4510527841082	8.692488
33717	605.4647439712451	6.5801926
47594	605.4751062838419	9.739347
28723	605.5005130256559	4.1774755
28240	605.5009369147225	3.9494097
29108	605.5199291098072	4.3510303
15302	606.2245603007536	1.983324
29394	606.2585219063118	4.4896765
26190	606.3070080828377	3.3757844
24537	606.3178084365485	3.0186758
38404	606.3411857806208	8.598761
38610	606.3477635240142	8.600988
19172	606.3575067485363	2.265699
41427	606.4240646035132	8.875308
39201	606.4465783542405	8.756754
36222	606.4474504128111	7.936227
33374	606.4475773537754	6.3884315
26145	606.4477703717523	3.393865
22808	606.4478097650084	2.7123094
32788	606.4481670361016	6.0262194
32249	606.4482341309798	5.6870184
35952	606.4482790938418	7.757815
29015	606.4592060123922	4.300889
48297	606.508624094063	10.082739
46019	607.2548266605309	9.257683
28642	607.2734195612954	4.129028
12822	607.3111982037187	1.7948422
29743	607.3133805948426	4.6199083
40995	607.3754506900806	8.879393
40675	607.394056276898	8.751432
38176	607.394202397455	8.519333
36904	607.4076476015211	8.210469
33194	607.4308477264477	6.2573085
46030	607.4407916921135	9.276282
45478	607.4553340973964	9.164209
46745	607.4554239058584	9.425773
44198	607.4561048174915	9.056358
42268	607.4672166499078	8.913441
38177	608.3981373155405	8.540402
45472	608.4531059344425	9.171642
37724	608.4627008016387	8.467785
25577	608.4642016898136	3.2355623
48035	608.524529879146	10.002691
10755	608.8136824578266	1.6553771
35936	608.9548455171378	7.744572
19995	609.1839132635026	2.3559537
46407	609.2703690101349	9.320745
31683	609.3288339007535	5.51012
28319	609.3601629061513	3.9846594
37589	609.3751937884352	8.445624
38833	609.3874082421647	8.580013
35161	609.411555325643	7.405027
44232	609.4305466519766	9.057538
44244	609.4720961046783	9.065191
18878	609.8385569906146	2.244418
48808	610.0801155222448	10.432782
48809	610.1034805418781	10.432626
48802	610.1835397774593	10.430728
47258	610.1839873198776	9.511169
46810	610.1840759992347	9.383198
47714	610.1840513878612	9.783042
49411	610.1840754069337	10.749499
45709	610.1840831460929	9.255748
48835	610.2653302334978	10.434797
48822	610.2870620498319	10.433106
34219	610.3108749434341	6.8485575
36227	610.3460503300764	7.913655
37329	610.420226754755	8.404392
42884	610.4210226478787	8.967889
36218	610.4419521957848	7.94652
39350	610.4423114008805	8.673512
34110	610.4426945360508	6.8186026
32063	610.4430328776397	5.676766
47135	610.5045063822195	9.435907
47121	611.1844381479586	9.507809
25439	611.2674370316655	3.0389361
22977	611.2676178139841	2.8008764
44370	611.2863716241582	9.034485
9367	611.2980040887305	1.571658
38622	611.3042304350807	8.600713
13247	611.3097709907299	1.834985
22164	611.3179834969953	2.621028
22908	611.342674500256	2.7416484
34001	611.3697370625259	6.734307
34575	611.4031253615087	7.0272927
40491	611.404013652064	8.769237
46105	611.4874334416056	9.269943
43673	611.4874412228291	9.020066
45149	611.4884005145094	9.133979
47358	612.1627201407293	9.632742
48804	612.1827871386413	10.430899
32102	612.3205578668254	5.6907077
9923	612.3370135800617	1.6074818
19362	612.3375605323249	2.286252
39420	612.35425191405	8.650218
20021	612.3732639686606	2.3570259
37140	612.3847318440495	8.404147
36662	612.386072859781	8.085089
45172	612.3883774524735	9.116762
38194	612.3973605947529	8.556779
38034	612.4015641626218	8.514591
32590	612.401661762323	5.87895
33727	612.4139947418129	6.59111
35867	612.4358131741606	7.719677
43035	612.445746617813	8.9683
42808	612.448587968998	8.953262
46084	612.4885176856204	9.270698
47199	612.5193151864481	9.469454
25384	613.178215363473	3.3106763
25185	613.2005649000396	3.2988129
24213	613.2696944906954	3.0157185
25057	613.2824659700303	3.2000628
25794	613.282759558525	3.3589478
44940	613.2997803982748	9.113875
21820	613.3341737256563	2.571633
37814	613.3481958708182	8.471346
33585	613.3846650038238	6.4649434
43025	613.3883180999278	8.994633
18708	613.3946999247597	2.2304902
37650	613.4183333692766	8.456805
46539	613.4440624340089	9.361428
48033	613.4801180988245	10.002982
10493	614.3886234074524	1.6018089
31730	614.4130192413658	5.5336094
23607	614.4138245240038	2.8434484
22809	614.414116954759	2.7185848
43269	614.4640957682738	8.997096
45992	614.4841388790535	9.252984
46834	614.5336509986156	9.453644
47491	614.5345130098568	9.721358
2157	615.0346264150519	0.573967
25169	615.1698603744144	3.14922
30448	615.2338155217184	4.9410167
31473	615.2339832028649	5.416292
46557	615.2574345619431	9.366696
25820	615.2817711045226	3.3552752
32732	615.3141422141007	6.031504
33133	615.3142997828091	6.188125
44579	615.315231257025	9.086233
25609	615.3176095683684	3.2410896
12576	615.3386380367335	1.8101442
35103	615.3416597254262	7.3381357
13565	615.3421772692642	1.8541257
37923	615.3627566497454	8.547587
39639	615.3640711937088	8.703058
30307	615.3664492939702	4.8599887
37768	615.3765324843881	8.491295
43005	615.3785564949021	8.978542
10177	615.3859361565061	1.6124189
43254	615.38720943255	8.979895
36332	615.3981507629637	7.936462
42748	615.398634566264	8.962236
34206	615.3994130388819	6.8328004
38318	615.3997091085571	8.516837
46513	615.458595312559	9.423708
24908	616.2230813812249	3.0349002
25305	616.2822908925948	3.3179307
26578	616.2830367351288	3.3941205
25610	616.3200265690614	3.2422936
34267	616.322715451975	6.853784
42107	616.3458632654239	8.883643
37232	616.3625895618641	8.43283
10098	616.3808691064105	1.6190498
24129	616.4003159738196	2.9374287
28423	616.4019320926949	4.039284
7668	616.4060731056369	1.4634401
40726	616.4064269395867	8.774862
44337	616.4218815893995	9.071249
32175	616.4325711670053	5.7146554
30086	616.4328919532279	4.796871
44569	616.478742170956	9.0860615
46668	616.5142799781479	9.395908
30445	616.5176166310619	4.9425592
5113	616.7739921044383	0.9339902
13952	617.3162014980295	1.8639518
36035	617.3315561498424	7.7843084
36427	617.3315698619986	7.9935904
26357	617.3316375061517	3.3873837
37464	617.3326696115911	8.390156
5615	617.3515675578255	1.0384613
37971	617.3559134086748	8.507109
32591	617.3567604119444	5.87895
8317	617.3633804119959	1.5064042
23766	617.3672479279137	2.8755548
36818	617.37956372867	8.143503
30516	617.3801916480562	4.9646335
44973	617.3809946135467	9.126543
42840	617.4031586844638	8.954249
34220	617.4154321993657	6.839716
43879	617.4511584859921	9.028716
46873	617.4746814057501	9.572771
45196	617.497035954684	9.136352
25704	618.2380590451135	3.3660173
35531	618.3764716836349	7.5966887
17492	618.3909759540868	2.133421
40542	618.4653320616246	8.824678
18797	618.6650123741045	2.2406237
21045	618.8516410575482	2.460295
9064	619.3225156042683	1.5514338
36704	619.3469696389183	8.113839
40545	619.3787850303293	8.769197
39217	619.3953721607743	8.65983
34017	619.4072032885194	6.747054
38058	619.4088279593936	8.518512
43414	619.4197645063093	8.993845
41049	619.4250944084105	8.835359
38270	619.4317671108968	8.576727
3291	620.20332937955	0.6927101
25996	620.236544351387	3.3617415
40160	620.2652931216802	8.739158
41093	620.2991190292388	8.817373
39607	620.3193014228949	8.699893
27212	620.3332580292715	3.6064162
39218	620.356664471888	8.6981945
39404	620.3649171184534	8.680518
31917	620.3913424170147	5.6097717
33581	620.4053928317669	6.5303955
34397	620.4274603284373	6.9417644
29357	620.4280315572508	4.4669447
44949	620.4546762690635	9.112338
37769	620.4636483503264	8.4897785
33082	620.4639298542886	6.186727
31456	620.4644313006784	5.4077287
42477	620.5086348698495	8.931692
28034	621.194934076382	3.8696823
25967	621.2908881878294	3.3051162
25183	621.2924654447299	3.0672588
21776	621.3132652303123	2.5687938
28438	621.3560709602745	4.026446
40035	621.3933931754448	8.737587
39219	621.4101465439663	8.656425
37997	621.4218750279749	8.509457
43587	621.4365634419777	9.00769
41557	621.4379866415061	8.896703
35725	621.4481653694654	7.636476
35382	621.4949433366087	7.50511
16255	621.4952892586507	2.0424979
24119	621.4959045757163	2.9328065
14219	621.495921644058	1.8954258
26541	621.8693873922135	3.4160175
15358	622.1908424474386	1.9851031
38405	622.3135918790247	8.571669
13645	622.3214061993177	1.8644934
36808	622.3360467782749	8.166748
14394	622.3378039174034	1.9125044
19391	622.3554157005284	2.2926455
35502	622.3691656343848	7.5684547
35171	622.370395201313	7.399361
33693	622.4422010352172	6.5560875
35105	622.4434538529239	7.3381357
36842	622.4439945396465	8.1423235
36397	622.4440947616014	8.026424
37672	622.4790415099019	8.460393
34417	622.479519750296	6.9617004
47348	622.5042789291446	9.548958
48040	622.5405741151919	10.001423
31262	623.1847805824477	5.2765384
45553	623.2496873131568	9.184132
17732	623.2832622908506	2.1520088
24584	623.3449495044454	3.0285132
20027	623.3648131505278	2.3578553
37835	623.3706503259801	8.488289
34329	623.3715144595585	6.9197702
23756	623.3757889091696	2.8771393
32774	623.4167914326702	6.0142817
43969	623.446857820493	9.011469
43046	623.4513718113631	8.918414
44695	623.452019741887	9.093659
37233	623.4635161191112	8.374019
48815	624.1992936331536	10.4333725
11899	624.309087128175	1.7348015
39772	624.39582847353	8.7300825
40999	624.3992592670505	8.780764
37330	624.4357783943419	8.422062
38305	624.4478281759887	8.558675
37571	624.4483377322302	8.440928
33113	624.4582607545728	6.1951036
32804	624.4590847213753	6.0252094
45971	624.4827972438849	9.243769
47671	624.5187861423647	9.767036
47344	624.5195451985171	9.614519
3285	625.1589978262608	0.6939374
26812	625.2151112639799	3.4913125
18985	625.2379841328933	2.2526433
20576	625.253126740407	2.4171138
44356	625.2648719814348	9.065345
20850	625.2653075025408	2.4294698
11739	625.2821552985174	1.7182224
39418	625.3191308902116	8.681674
35098	625.3816468443333	7.3380527
34398	625.3820256146099	6.9366264
44875	625.4088196520556	9.11004
41369	625.4173814286553	8.882235
45157	625.4589802245357	9.115053
42455	625.4661479104424	8.930613
35533	625.4786494113962	7.5966887
14822	625.8179779179962	1.9415932
47746	626.215054842849	9.832336
21586	626.352958973002	2.545771
37998	626.4004519690908	8.457535
44809	626.4152004976418	9.107824
38274	626.4163961362957	8.533857
25265	626.4241952688484	3.1710105
45764	626.4263388639171	9.211675
35544	626.4372538380394	7.6063604
36906	626.4499299043209	8.24969
38389	626.4629265952445	8.568581
46629	626.4993068854569	9.255121
45639	626.5005840224418	9.197829
48084	626.5341776583551	10.011497
47498	626.53478909419	9.68514
7897	627.3288979905399	1.4811261
5681	627.3579256144802	1.0425069
17012	627.3692593139085	2.0977583
34576	627.3769369535169	7.0272927
36676	627.3991155865632	8.0863905
37665	627.4006776684087	8.442872
43847	627.4236112414864	9.095657
39887	627.4316944938271	8.767602
47090	627.4594843477396	9.540447
44219	627.4833719694658	9.060084
41268	627.9403030157008	8.834599
46627	628.1945173386997	9.38311
15311	628.2068853937659	1.983324
18461	628.2374863898801	2.2130644
23080	628.2946458422736	2.805614
24481	628.2948611517253	3.029897
24525	628.2958296986948	3.022054
43027	628.3844499380473	9.021981
21979	628.3845411320575	2.5856364
15650	628.4055804241468	2.00291
32250	628.4301064599384	5.68818
35999	628.4306955816993	7.777018
31319	628.4317669806875	5.2747164
46085	628.5146237346017	9.267543
8159	628.8043205639595	1.4984508
11502	628.8115673035774	1.7003177
20425	629.3207393089034	2.4048684
39770	629.3509239027669	8.715541
41199	629.3537513578841	8.772963
38178	629.3759486292496	8.540402
39421	629.3787703025257	8.6985655
17501	629.3828140413473	2.1358113
37577	629.3919002425541	8.44202
8328	629.4000922803205	1.5074788
38299	629.403403944166	8.557765
37574	629.4038401343258	8.447859
33166	629.4128119109222	6.2374544
45175	629.4158123141617	9.108923
22269	629.4248785245327	2.6328053
44839	629.4386580145117	9.105153
46017	629.4394800320389	9.227539
45954	629.4443476235404	9.24612
42432	629.4510900306855	8.885522
19857	629.4646512493186	2.3402333
47670	629.4746681117462	9.749553
47101	629.474718700227	9.615839
43852	629.4977238645753	9.025216
39872	629.4992631678164	8.763707
13560	629.8243616137578	1.8552197
26495	630.3092348776506	3.3613298
8814	630.3845251074554	1.5124547
11105	630.4217036451371	1.6585428
41350	630.4601045053458	8.867873
25163	631.1430525011767	3.1540408
19971	631.1649579729595	2.355592
23032	631.3102932095828	2.7440734
29102	631.3112634279098	4.343048
37729	631.3356544181369	8.467995
32266	631.3704817703748	5.723267
34182	631.372639042912	6.81742
35130	631.3923201862107	7.378584
35629	631.39368585857	7.616942
16555	631.4048308210386	2.061755
45631	631.4552640319365	9.178588
44137	631.4559902976163	9.084411
37216	631.4797175605096	8.410893
17601	631.4797327876348	2.141268
36056	631.4799041870814	7.7938595
25260	631.4804146565203	3.173144
47494	631.4907262140138	9.685926
39092	631.9661694125911	8.644231
44632	632.153957420713	9.089948
8644	632.2505057361093	1.5241156
15517	632.3307088743996	1.992854
18147	632.3418287546191	2.182698
7853	632.360119867495	1.4807048
27914	632.3714495764024	3.8495128
30305	632.3953612663455	4.8707223
9839	632.4002183984815	1.5960615
45158	632.4549117415595	9.17551
39142	632.4608247906485	8.661837
27227	632.5120371587448	3.6099122
30197	632.5483453531851	4.8254666
24671	633.2478339693539	3.030983
32581	633.3306861402128	5.8738146
38785	633.3571888167099	8.621556
16937	633.3635527972419	2.016769
46099	633.4701825089068	9.275008
34559	633.4953329541714	7.030491
34190	633.4955656750202	6.826917
49451	633.8066359819211	10.757723
19833	633.8469754778145	2.3400042
26127	634.2106193074698	3.3493702
18503	634.2522714129633	2.2334507
9901	634.3199362172888	1.6016811
19352	634.3200094495609	2.2873626
37694	634.3770412450506	8.531203
38532	634.4251723317349	8.602558
34965	634.4432436899198	7.2755575
28603	634.4436199793448	4.1061897
44119	634.4690819021673	9.118755
43741	634.4767900967331	9.018977
34578	634.4789955891346	7.0272927
45194	634.5252787888735	9.137465
797	634.8763016069853	0.41596127
26425	635.2638621196646	3.3692644
20903	635.2722983482032	2.4526963
27792	635.3095229370656	3.7315495
28288	635.3095213548195	3.8956788
8499	635.3177970358091	1.5131135
18718	635.3773205629923	2.2374406
25202	635.3821296154836	3.162528
37651	635.399500071813	8.422912
42130	635.4113607162985	8.902484
41981	635.4150104489136	8.869612
39841	635.4262340704904	8.6758
37418	635.4621352766326	8.410542
3344	636.2726400930005	0.7045363
39595	636.2941973515868	8.697274
36230	636.3856156629978	7.913655
35894	636.3859571853138	7.744207
23918	636.4000923071515	2.905272
46439	636.4557500574243	9.332176
34158	636.457977937393	6.8040705
27689	636.4581992430825	3.7413313
38369	636.458724879941	8.571271
26654	636.4591367166283	3.4548316
27131	636.4593662230961	3.5776434
37532	636.4595484932423	8.427222
37578	636.4973463241128	8.511877
44586	637.1086842507399	9.085228
30451	637.2163076235319	4.9407167
31469	637.2163995070963	5.4150386
17699	637.2879842944083	2.149255
25617	637.2986594688107	3.246032
24573	637.3346375843701	3.0227404
43906	637.3860880471254	9.044872
36201	637.3893632522472	7.9598017
39728	637.4050430669901	8.708299
41884	637.4226931599289	8.889099
39902	637.4314695962942	8.784651
29516	637.4542552849892	4.5589223
31707	637.4900876423073	5.5627375
48784	638.2152062574332	10.433296
24128	638.3822945362996	2.9329689
42878	638.4052866315876	8.961264
41001	638.4150551088047	8.825286
39222	638.4350746223034	8.707442
37730	638.4379195178597	8.45681
45907	638.4599229047525	9.247124
46061	638.4618251830148	9.246513
44545	638.4626230930664	9.080843
35758	638.4735762487442	7.6777773
34194	638.4737051250939	6.8224573
46730	638.4994918438606	9.408407
48063	638.5341775143642	10.001894
12761	638.8319232180851	1.8023373
42809	638.9735536384544	8.954531
27600	639.2957748380043	3.7253857
39385	639.308657588524	8.679863
36044	639.3119715972647	7.7862625
11227	639.316118339895	1.6726341
18677	639.3186030401665	2.2356946
15600	639.3253210945959	2.0016246
23772	639.3490706406935	2.8780036
32132	639.3712891018062	5.6712546
36125	639.396181583113	7.8162527
34092	639.4834757228989	6.7759585
42819	639.9627991807035	8.955139
25345	640.2192083260667	3.3646786
37196	640.2813975660578	8.363363
17722	640.3071381285293	2.1529865
18675	640.3219967442956	2.2353637
36758	640.3827737016443	8.182598
37837	640.3943068680701	8.423359
34341	640.3948886915042	6.9291306
32592	640.4326962955987	5.87895
45412	640.4386240335269	9.161333
33286	640.4433098544453	6.3167477
35067	640.4440631622941	7.310374
47499	640.5515259006296	9.688694
12733	641.2970620300906	1.789457
7493	641.3994595070949	1.4459499
38114	641.4121878795805	8.557273
45541	641.4289175761638	9.180628
42269	641.4549085396783	8.888555
48774	641.509617251032	10.432371
29709	641.8771973866352	4.6011195
40153	642.2470154145263	8.744389
27193	642.3157693195698	3.603745
9829	642.3218370461169	1.5991117
29359	642.4094683953232	4.4727535
33959	642.4118768309529	6.717657
17948	642.4200394688498	2.1690788
33083	642.4451219213596	6.200028
44508	642.4952438976777	9.081495
42297	642.4975727894944	8.930958
46909	642.5305522589698	9.481173
7799	642.8322645891296	1.465658
17486	642.8713071368886	2.1330256
24476	643.1365642244139	3.0114508
8760	643.2419068295446	1.5388057
24773	643.2745892186174	3.0666406
21778	643.2936721466451	2.5687566
40274	643.3739988204165	8.788976
39224	643.3935639241454	8.696469
42750	643.395144765228	8.951493
46022	643.4156651014262	9.24512
44357	643.4191047622147	9.001558
41717	643.4201557680541	8.898026
35729	643.4304786875305	7.6577067
37456	643.4793726749148	8.420785
36836	643.479628246011	8.208301
35708	643.4798509040237	7.65766
34495	643.4801519913036	7.026302
12766	643.8477650253861	1.8038656
26531	643.8514906440128	3.4147336
25203	643.895667592066	3.1626077
15359	644.1728613063274	1.9851031
47320	644.2094423009751	9.614259
37016	644.2968107225471	8.292691
30171	644.2973089021178	4.8062963
36126	644.3523779538193	7.851987
15260	644.3627805802811	1.9911565
36648	644.4257055238401	8.062168
38049	644.4272365050582	8.50029
34607	644.4284544032272	7.0843563
36873	644.482068813761	8.169699
35919	644.4829391438319	7.65766
44218	644.5101606178233	9.060457
11003	644.8242712986633	1.6682826
44870	645.2370958982511	9.113862
17758	645.2654090880835	2.1535544
24333	645.3213686970975	2.9990442
39760	645.3239476266233	8.71409
41002	645.3296793515392	8.809273
37750	645.3498503132429	8.404926
33195	645.382517667391	6.2173276
32695	645.3862463282607	5.949934
33097	645.3863754906821	6.2076006
32776	645.3985722049032	6.0157027
33285	645.3988262903405	6.31708
43907	645.4112452848678	9.0296135
43606	645.4345166642488	9.005955
34694	645.4945598097121	7.131526
36465	645.4952273941929	8.007637
36769	645.4953629908161	8.112215
37561	645.4960300967903	8.437553
37548	645.5845209681609	8.440586
37549	645.606852671819	8.440586
8000	646.3011426760422	1.4942936
3603	646.3420501456876	0.72738826
33686	646.4550449556122	6.559586
33279	646.4552202094637	6.3453846
41162	646.4759778195921	8.827801
32726	646.5276217870065	5.9875665
9500	646.7928467693049	1.5754191
20852	647.2472175753098	2.4396393
37839	647.3576305107206	8.479145
34399	647.3645475362958	6.9417644
19928	647.3802899806643	2.3657498
45112	647.4413129023579	9.15565
44174	647.4506752110581	9.055392
33734	647.4760289092583	6.605839
46912	647.4868249964247	9.482397
36773	647.5016031353223	8.116671
37394	647.5017763379497	8.438364
40863	647.5095355703841	8.795805
35357	647.5099001059191	7.4720125
31912	647.5103046030796	5.611019
35035	647.5106517255035	7.2924156
41422	648.3502061366836	8.845669
9871	648.3775318204786	1.6048287
8503	648.3936480617502	1.5097533
42123	648.448519262051	8.922857
36884	648.4572847561179	8.220803
34400	648.4580268103878	6.9417644
36324	648.4587893399372	7.9507475
35403	648.459486098653	7.5009756
49458	648.4806462503377	10.758036
36815	648.5040492053977	8.193469
37395	648.504618863488	8.446824
26991	648.5430657612677	3.5356076
14821	648.7969835908594	1.943777
37013	649.252073155394	8.29191
29221	649.2771105020743	4.3950887
25171	649.2790015493108	3.1612139
24930	649.285597679872	3.1237266
37666	649.3817195729584	8.446379
43052	649.3858392621471	8.928208
45702	649.4312235135205	9.195248
32966	649.4366816616634	6.1798286
42479	649.4419971809542	8.931406
44207	649.4663800777804	9.056714
31320	649.4890033956458	5.278766
30849	649.4890973314789	5.1556215
16695	649.4897878207536	2.074
19656	649.4897983177659	2.3249748
36748	649.5247550019842	8.147173
15360	650.1896244299232	1.9851031
10514	650.35324263063	1.6971698
43908	650.3663073197704	9.031726
15651	650.3887114321826	2.0033119
33098	650.4147820598881	6.139873
32655	650.415057984236	5.9576936
39338	650.45098750122	8.651039
8809	651.2242656500601	1.5397245
25733	651.2295509767422	3.3541138
23532	651.2937801705132	2.828175
23992	651.3017574555396	2.9151642
21220	651.3033737838027	2.5222468
19848	651.3036469255869	2.343042
19919	651.3620394344655	2.3453646
38939	651.3650847639218	8.669055
33167	651.392255926676	6.2544007
22264	651.4075465700748	2.6318803
43668	651.4366292714566	9.034026
41829	651.4375130872556	8.891427
42264	651.4711347080527	8.898998
43671	651.4807487607069	9.024622
32251	651.5061803165412	5.690504
9403	651.8375017876389	1.5702915
44472	651.9588146489133	9.063959
34841	652.3802893714325	7.1852975
34069	652.3815738043954	6.7598405
41004	652.4319289135215	8.761274
39247	652.4441307131567	8.661713
39225	652.4510895647113	8.694728
46654	652.4752994248923	9.374452
33196	652.4889238202903	6.2573085
35665	652.4890538141171	7.6432843
47257	652.5131883202022	9.576007
17116	652.9198410165161	2.101151
37787	652.9631341596164	8.489406
15031	653.2822997377517	1.9601094
26182	653.3059675286552	3.3594677
32277	653.3831158653029	5.7509875
16541	653.3848658471187	2.0617666
31636	653.3854616233667	5.4624944
38805	653.4160720903253	8.61767
8828	654.2324496450495	1.5328006
24071	654.3556295246959	2.9346173
37712	654.3960475629536	8.437916
37840	654.4112631924951	8.489779
36319	654.4147655672717	7.9361362
39979	654.4313554645987	8.707698
41830	654.4481504571457	8.867623
39395	654.4487554975792	8.683124
39204	654.4558898228722	8.679213
43515	654.4582329257152	8.951345
39272	654.4579932087163	8.67992
35472	654.4588016727906	7.557233
41079	654.4601133826349	8.874554
45807	654.4953479760859	9.229462
42240	654.9683237470884	8.9131775
36645	655.2772583729062	8.077168
15870	655.3448711159404	2.0171406
38562	655.3451747863098	8.599009
21291	655.3468606309181	2.4991033
30755	655.4794680588956	5.1076746
26595	656.1865372511731	3.3713489
22247	656.3303434813442	2.6277547
9255	656.3991304505429	1.5717256
12593	656.3994080018317	1.7882288
42174	656.475159049389	8.909295
41777	656.960296393146	8.877578
25867	657.2460479394991	3.3549209
27804	657.2916860106533	3.7316737
28291	657.2919483794037	3.8945565
43084	657.3972128770586	8.955304
41869	657.3984495309181	8.888079
39266	657.3995258363929	8.667633
39843	657.4079195086567	8.696239
37451	657.4444236794769	8.439816
36234	658.3670673274111	7.913655
10604	658.4160687687756	1.6036513
11488	658.425236169173	1.7002269
41756	658.4905988221064	8.8803835
48832	658.5360886577994	10.434809
17229	658.9201100351318	2.1136374
17703	659.2698553149356	2.149172
24044	659.3033143000013	2.914093
24575	659.3164029484561	3.0228705
41603	659.3450549936233	8.860102
4769	659.3628019147507	0.8779686
37558	659.3668243164573	8.397602
39226	659.3669794134098	8.65983
36202	659.3699995950038	7.9102
35770	659.4029635964486	7.6708655
41885	659.4036960227053	8.886309
8581	659.4129007898731	1.522569
21538	659.4133478345972	2.5334992
39287	659.4139120527461	8.689057
35470	659.4141115005104	7.5561514
32023	659.4742703342325	5.681816
30649	659.4746693088082	5.0749135
33333	659.4747508864051	6.3597884
31717	659.4749722035631	5.5557194
25360	659.4750658790631	3.1934981
37396	659.5063891632653	8.409019
16934	659.8729893593285	2.094088
41623	660.0020042738229	8.862405
24240	660.186653587275	3.0358615
22853	660.373730162529	2.7268112
33334	660.4774950512152	6.357534
40880	660.5055425804588	8.798956
45942	660.541848232251	9.242151
27592	661.2753512601324	3.7388132
18687	661.3013184576046	2.241551
15146	661.3092967375895	1.9668082
37841	661.3243977063614	8.489779
31076	661.381870958009	5.241236
4757	661.3891023854585	0.8855037
43093	661.4303869421062	8.9147415
38083	661.4731201945937	8.55264
32945	661.4900638199825	6.124907
31632	661.490399444366	5.512103
33871	661.4907979143658	6.6933575
29274	661.4917772663107	4.432752
43255	661.5244370477861	8.9854145
38186	661.5263148286284	8.541277
14641	661.8234022435718	1.9313076
37186	662.2627378036499	8.366911
33011	662.4379618275193	6.135009
28720	662.4492648863801	4.1695566
30029	662.4494052544849	4.7761984
33461	662.4730115236615	6.4164114
36489	662.4739819840197	8.020954
38329	662.4751871593444	8.569475
36378	662.5118223677379	7.987588
40990	662.5165327493444	8.808302
28625	662.5217782235408	4.065933
18726	662.8464434421807	2.2473636
15456	662.8879455804681	1.9822974
41897	663.42140301986	8.884935
43252	663.4456610175655	8.914923
49167	663.4525057412584	10.59278
36832	663.4805399347346	8.185194
35870	663.4831431006818	7.7219396
48793	663.4937850571723	10.429513
31295	663.5065237544582	5.3078866
31660	663.5066552937907	5.5104003
28700	663.5068976395229	4.1910863
29720	663.8579565722937	4.6003485
21699	664.3234963634587	2.5519748
40081	664.3460747768647	8.738209
18010	664.4027056526947	2.1734827
38465	664.4165770035845	8.5816
33731	664.429308489815	6.5928187
33247	664.4294055408295	6.301817
31897	664.4535248879855	5.5500016
32245	664.4536356200508	5.7254305
37279	664.4540283294834	8.337341
44210	664.4683054584842	9.052524
40505	664.5363385252901	8.770973
24437	665.118130969111	2.9885247
21346	665.2820441673499	2.5071154
17718	665.3511450648662	2.1568055
20486	665.3694240225818	2.3670382
43427	665.4280186416161	8.997186
40883	665.4604626308593	8.80235
15443	665.7894699488384	1.9895701
19037	665.8440094197811	2.2579238
39415	666.2701948807503	8.679703
30164	666.2791793024883	4.8061137
20055	666.3388111405342	2.3592606
21360	666.3673756500112	2.512665
34888	666.3946755704993	7.191975
43053	666.4110625583482	8.918107
37445	666.4484160728746	8.414704
39227	666.4663353826791	8.726663
42480	666.4664274106021	8.9470415
35730	666.5051352689302	7.663113
18128	666.8813167088454	2.183779
26647	667.2860105235611	3.454328
25187	667.2872885826027	3.1583679
16644	667.2977588910475	2.0702229
22198	667.297917216852	2.6184242
18136	667.2984731835035	2.2345467
24975	667.3492031436659	3.1172535
22241	667.3795148612343	2.635052
41167	667.4736928172177	8.822912
36106	667.4751116207267	7.897339
37292	667.4761847110939	8.389366
36756	667.4764551089794	8.176149
35871	667.4764720709726	7.7646065
41052	667.9521861320045	8.845609
39984	667.9992143362406	8.729606
8902	668.3750460048448	1.5369935
38941	668.3919693503589	8.684934
38022	668.4271202795165	8.529259
42257	668.4324003212103	8.90686
15051	668.4355092323613	1.958581
43992	668.4642601453932	9.094812
39888	668.4997838576638	8.731928
28712	668.511613441747	4.1639576
46941	669.1779109511755	9.49001
22946	669.3028862283602	2.8104134
9523	669.3379123424182	1.5896586
19909	669.361257180849	2.3653033
34783	669.4073175423562	7.1526747
40095	669.4461211250937	8.774368
40536	669.4915400639272	8.773475
23377	670.2842168837066	2.8153102
38806	670.4425805735813	8.626231
35293	670.4435118855232	7.484889
13261	670.8582361648944	1.833379
29220	671.258453607801	4.3957157
24887	671.2684784598777	3.1071427
43225	671.3659988702702	8.978491
41243	671.4116010605472	8.828173
42481	671.4248946636926	8.94145
16917	671.4719718874071	2.0891767
22797	671.862489829319	2.7115614
13312	672.3610581605552	1.841936
38521	672.371948579789	8.587335
37631	672.3788237602467	8.45166
39041	672.3891131189419	8.645948
37668	672.4605840216076	8.494984
42111	672.4679593614202	8.813681
39108	672.4697645089221	8.707213
42820	672.4956388788827	8.95655
44097	672.5090088607678	9.090758
46469	672.5264263137448	9.341304
49236	672.5511654312135	10.641307
8990	673.2067893514281	1.5341583
23541	673.2753227687847	2.8271873
22015	673.2857968496994	2.5236568
19773	673.2866352265315	2.3377743
19886	673.3431862028928	2.3590364
12294	673.3529173675615	1.7577635
34842	673.4179863842601	7.1938972
35389	673.4180611192826	7.5561895
43761	673.4185803820898	9.044116
37885	673.4632234205071	8.492426
39486	673.492178441627	8.712256
22317	674.482250136841	2.6333919
41724	674.4838207393643	8.784319
27379	674.5220375515739	3.6758091
26417	674.5221968581726	3.3954644
43231	674.5233991756946	8.991822
33695	674.5583203129531	6.5721645
17723	675.2420043637483	2.1508188
15024	675.2649406112416	1.9604547
26180	675.2889138338813	3.3597515
32167	675.3966599398217	5.7385535
31954	675.397581511154	5.6236796
38807	675.3998593771377	8.611961
41214	675.4077168022371	8.83195
37870	675.5060338989547	8.536389
23967	675.890537267017	2.907433
38241	675.9965353116891	8.570425
22784	676.299025287323	2.7141163
14458	676.3346475399042	1.8949683
7944	676.3897305464808	1.4811928
41102	676.4319028394312	8.82364
41526	676.9689024802201	8.824694
21301	677.3255358525428	2.5016809
21302	677.3272367401844	2.5015204
17962	677.362345741583	2.169025
14992	677.3655473341829	1.9492278
15612	677.3687989635966	1.9819891
43592	677.4652333400073	9.038985
37058	677.4661200433775	8.362373
35394	677.4662316761904	7.521474
34311	677.483074713493	6.885475
22901	677.4849200829221	2.7525425
33267	677.4853924807941	6.300161
24562	677.4861487544661	3.0355773
49240	677.5049488755233	10.637623
35123	677.5210787549726	7.362201
34763	677.5216192376021	7.095785
22243	678.31162279134	2.626362
39361	678.4299541286363	8.712172
32597	678.4798007357913	5.897869
42911	678.5522632823092	8.960262
11087	678.8565316266485	1.7070838
18420	679.3718693129977	2.2100408
33396	679.3917151483071	6.383777
39470	679.4404635426902	8.700473
43470	679.479174997783	9.020738
33144	679.4795023633111	6.193187
36481	679.4822274508062	8.0359535
37265	679.4822895580754	8.381999
36857	679.4830107309556	8.23158
34788	679.4892835326339	7.1868134
36490	679.4999558816352	8.030033
23170	679.8725339846278	2.7884874
18008	680.3737436562589	2.1721737
21954	680.3809710556849	2.5848753
31713	680.4223983912732	5.4923673
42623	680.4267649754265	8.95632
41898	680.4459433680429	8.844424
45462	680.4790211084928	9.207714
49164	680.479771718398	10.59263
43448	680.4816298810238	9.049542
23997	681.2851939671367	2.9149356
20736	681.3158849209884	2.436161
18760	681.3281014371145	2.2394745
36614	681.3523220182618	8.072361
12030	681.3637244185317	1.7418282
21514	681.3955433783366	2.5319781
39069	681.4556760474095	8.6891
37745	681.4558501983151	8.548323
34850	681.4589455374048	7.207741
45315	681.4915283364885	9.153204
40738	681.5008063835057	8.786638
46467	681.5144216883176	9.342067
9971	682.35405172271	1.6107237
22818	682.3554447218758	2.7369754
23707	682.3843702905652	2.8623304
40803	682.4060178795609	8.752774
36046	682.4170108247947	7.789004
43805	682.4377985404134	9.024723
43961	682.4817460546625	9.091521
13861	683.2927462385047	1.8705947
19383	683.3274856513566	2.2743385
32928	683.4712721185599	6.053677
33834	683.4726957064357	6.6158576
38717	683.4734049056239	8.655766
34428	683.4748123687207	6.9744596
42955	683.507759086357	8.967683
46924	684.2024218233389	9.480684
47425	684.2025641998233	9.585753
48100	684.2026449488195	10.0283985
48892	684.2027344125382	10.445066
46933	684.2992679399414	9.485193
46949	684.3243560392947	9.48561
14414	684.3556967685145	1.9131938
11960	684.3589643937272	1.738621
30075	684.4304226211839	4.785595
18612	684.4317078050213	2.2342837
36491	684.4552579677379	8.041595
39060	684.4596007125198	8.651154
16838	684.8995340310364	2.0872557
22001	685.3528684422316	2.6076689
18247	685.4144767206578	2.1969578
9628	685.4265559185013	1.6055763
49170	685.4347211388244	10.593049
43030	685.438213279825	8.999052
38801	685.4766903523847	8.640055
48269	686.1820290533	10.058238
47720	686.1821366101191	9.814706
46925	686.201117968817	9.482376
44851	686.2639932873324	9.113245
19185	686.4109105164176	2.2609534
44211	686.4492092093814	9.013029
40233	686.4727779648513	8.735319
17667	687.3327853152595	2.1648045
39042	687.335202389505	8.639582
19032	687.3391862655766	2.2562876
43226	687.3403487616577	8.983747
36043	687.3720375904996	7.7917137
43892	687.3924854468439	9.0306015
39239	687.4028847502636	8.638786
9747	687.4048183071752	1.5956343
36575	687.4312860267182	8.094236
36967	687.4327833186887	8.269248
36236	687.4333427936361	7.875806
43206	687.4373858855402	8.933821
10893	687.4428821955328	1.6584194
46589	687.4931624506296	9.370746
49467	687.836370656996	10.757925
49038	688.1987186107732	10.534557
16516	688.3898946859628	2.061646
14155	688.390530539468	1.8927573
30531	688.3921350279336	4.950072
14272	688.3986343242868	1.8792164
15749	688.4085541041088	2.0065634
40906	688.4609265087388	8.785561
38851	688.4857174271134	8.62566
34696	688.490746713702	7.0617876
45253	688.522682412443	9.149692
48447	688.6080698782439	10.184193
21205	689.2591218211139	2.5272968
26652	689.2675692715621	3.454163
18071	689.2804614619907	2.185899
19477	689.2823990350935	2.297611
24985	689.3312754499091	3.1153517
39557	689.4649781089652	8.733127
39315	689.4967574896087	8.6980095
42241	689.4975227882245	8.909608
35835	689.5225223013962	7.6782146
22415	690.3546100981874	2.6560564
15078	690.4181169780337	1.9611645
35327	690.4428672735318	7.483783
45559	690.4479100676908	9.190912
43120	690.4481129310161	8.9942
40241	690.4792027381038	8.736152
37204	690.5052168256035	8.36803
22990	691.284995533419	2.8117893
9348	691.3804466734136	1.5230181
33652	691.4994278197523	6.505574
32719	691.4996228577929	5.9870954
34884	691.499905324037	7.169724
34127	691.5007560832232	6.7895646
31709	691.5011531500691	5.468829
28811	691.5118529535468	4.2321606
20766	692.0082930929373	2.440435
11426	692.3487331178893	1.6960667
35295	692.4244676404328	7.4911113
38474	692.4264708107371	8.597443
36237	692.4582599733565	7.877665
42177	692.4641657635835	8.924957
11678	693.3534681753921	1.6961453
10460	693.3582460201684	1.6366916
12311	693.3584819480591	1.7656896
23299	693.3997042698622	2.7954676
40922	693.4163594949281	8.779878
40978	693.418025589718	8.742155
41403	693.4601758208485	8.949667
35329	693.4623650318904	7.452035
37107	693.4720756437673	8.368024
37920	693.4728201549532	8.499983
19536	693.5178778202724	2.2823544
48423	693.5633245242401	10.180036
39414	694.4016226229486	8.680512
25215	694.4096875037477	3.1562967
32830	694.4393245244343	6.020975
43228	694.4410955398781	9.008041
49285	694.4954943892565	10.593086
30854	695.2847441142424	5.168855
23097	695.3419994179915	2.7648754
21581	695.3786628493814	2.5810084
39947	695.4358853256474	8.731883
33480	695.4778813673116	6.4279337
33197	695.478199223824	6.2140794
38245	695.5119135334993	8.549069
21233	696.3620977341959	2.5221243
9253	696.3697500638286	1.5746514
35921	696.3958364899898	7.7336326
40853	696.4175194558825	8.795332
30917	696.4371536149023	5.209958
31361	696.4382393609392	5.3262186
14936	696.4416264659294	1.9505004
44176	696.4974078348306	9.099082
45332	696.5014688662633	9.153866
41068	697.3935417265275	8.82078
37941	697.4754516701386	8.498958
22789	698.2804291015341	2.7126372
16123	698.4071220700474	2.0316823
31584	698.4122849793548	5.4791784
41099	698.4128005823022	8.809318
29749	699.3038192561655	4.6288223
22077	699.3474447170707	2.6047454
39454	699.3559760274696	8.679611
18582	699.3584272553978	2.2235465
8054	699.4064154557901	1.489073
34562	699.4681940791801	7.0112243
31377	699.4690501943566	5.3690867
36322	699.4705041903233	7.9489484
21622	699.8775642991756	2.546662
20715	699.9210019313286	2.4310226
46940	700.2181298784149	9.485605
48281	700.234092761514	10.112355
15943	700.2944275594771	2.0195463
16412	700.4257547811177	2.0544293
33956	700.452337638029	6.7326035
22453	701.344641689915	2.6641273
35898	701.3514000971825	7.7312417
40851	701.3719384510111	8.794857
34777	701.4723963370955	7.136407
47416	702.2144699669742	9.510636
16938	702.3472677857725	2.0899143
41027	702.3502959857648	8.817878
30632	702.4062467181913	4.96263
25346	702.437548994663	3.187746
36591	702.468278100875	8.097205
49423	702.5118408738515	10.751463
34333	702.5170596192853	6.9319143
33757	702.5177209965129	6.6105905
48456	702.6242695838786	10.185001
808	702.863688932946	0.4157075
20754	703.2970170407103	2.440441
12168	703.3643881155479	1.7545545
31596	703.3676844877834	5.482999
31714	703.3916840461055	5.5210342
40575	703.4321709462224	8.771007
25220	704.2398967363707	3.1616473
14239	704.3405611503392	1.8956931
39044	704.3610268752016	8.63975
12258	704.3691489365042	1.7583662
8101	704.38626058555	1.5068063
39240	704.4301643112346	8.660765
37280	704.4850704521624	8.384626
42018	704.5201193433962	8.939701
18407	705.2559539433365	2.2024884
35330	705.389797089807	7.476095
37697	705.4571783209935	8.456296
32382	705.5175686863081	5.8262076
39077	705.5231787695499	8.642776
19916	706.3169250782203	2.3388035
11953	706.3387192938382	1.7328515
14447	706.3388436104693	1.9109136
30077	706.4126791308876	4.7709265
18512	706.4142099581454	2.236184
42892	706.4434299624977	9.035005
37050	706.4740384523748	8.316915
36864	706.4757798218458	8.181299
33032	706.4984708494972	6.1714764
44829	706.5375921354765	9.092213
9542	706.818165279868	1.5880623
20032	707.366239295345	2.347177
16765	707.3736867492479	2.0771236
11072	707.3758560391049	1.6749388
18302	707.3997159780882	2.204517
31197	707.4346862192176	5.262213
45589	707.4745209284259	9.186827
43121	707.4749020602142	8.982576
36399	707.528701318689	7.9517875
11341	708.3581477492643	1.6859139
27231	708.3753528231872	3.6135917
13185	708.3869139568797	1.815504
19220	708.3933401913558	2.25759
10712	708.3955217056024	1.6403862
39835	708.4571756364637	8.7084255
25178	709.1953931696805	3.1602535
35247	709.4169962609669	7.48812
43209	709.4184572759099	8.96369
38263	709.4523007123801	8.588365
33521	709.4662726830065	6.4551473
34509	709.4683776570049	7.0308213
2213	710.3096715113567	0.57448745
13131	710.3416314927373	1.8249531
16482	710.3713573304738	2.063005
14115	710.3721304874169	1.8973634
15656	710.3909933615923	2.0078454
41406	710.4180310782726	8.814307
38803	710.471178498404	8.623137
34727	710.4711835885452	7.089135
45450	710.4958803044311	9.1691675
19782	711.270086243211	2.3316822
22430	711.4317407869327	2.6517847
39570	711.452727371355	8.694847
35828	711.5033305607974	7.660075
35193	711.5065204060329	7.420741
46923	712.2320950966127	9.487151
43122	712.4300989665074	8.987865
32056	712.4651451932644	5.621238
37205	712.4864497249895	8.403868
20505	713.4340571107984	2.4095054
38370	714.4097807823164	8.604393
37491	714.4302612712863	8.422947
22500	714.4422749251686	2.6699834
35496	714.5167055581674	7.5775776
45227	714.5362746158023	9.097321
43510	714.5363812497662	8.971082
16270	714.8921910004932	2.044641
10489	715.3404604438591	1.6393288
31510	715.4629088768545	5.43532
25077	716.3724536256597	3.1321335
3542	716.3944172143288	0.72503287
37953	716.483741009286	8.502045
38911	716.5106075226649	8.688616
45209	716.5310561481867	9.135265
34890	716.5327271594232	7.223586
35199	716.5328954622798	7.3983245
23112	717.3270360416325	2.7655983
7953	717.3322798171554	1.4779059
12798	717.3794490070645	1.7984253
45905	717.505426436255	9.239249
38583	717.5147025272797	8.642291
8454	718.399167242479	1.5183085
45294	718.5143091431561	9.159031
27384	719.3776595146844	3.6575418
31900	720.307115197844	5.5945325
32683	720.3076069196669	5.9565415
12453	720.3449959996749	1.7773062
40856	720.457782012891	8.769571
35188	720.5147090584852	7.4615827
18181	721.3769336569509	2.1663058
36968	721.4176946123416	8.272304
14141	721.4274489264333	1.8882866
31324	721.4496182924024	5.2993426
31477	721.4501916909197	5.3999662
45199	721.4859756152551	9.1411085
35801	721.4909595885183	7.704553
35285	721.4911104867427	7.4889436
35112	721.4931513982266	7.37473
26921	721.5119199445529	3.5242746
39078	721.5473002035699	8.642776
11928	722.372673468308	1.7361368
16454	722.4095357195853	2.0599737
32396	722.4339540354454	5.85456
40595	722.4713614993893	8.786988
45295	722.5092794754594	9.10572
42594	723.0494614798837	8.939108
33033	723.5242712150023	6.1468415
11292	724.3523195649022	1.6998962
18896	724.3718574556949	2.247588
20521	724.426453153302	2.410963
36127	724.4313854759957	7.856067
38642	724.4367797367676	8.60828
38051	725.4835766003141	8.514318
35109	725.4857451653363	7.348994
14459	725.8288889248122	1.917347
38809	726.4138268799261	8.601623
42311	726.4489819116037	8.915362
27441	726.5133312740647	3.678362
27541	726.8458596992768	3.7145476
27537	727.3475471945115	3.7160397
25076	727.3619444362686	3.13443
42392	727.4507476216177	8.924894
37804	727.4608518778816	8.461222
37304	728.4110728234353	8.395062
16489	728.4219016631812	2.0549645
33034	728.4802708717665	6.183282
17700	729.327119470894	2.1477582
18226	729.4330481013416	2.192923
45159	729.4587839114286	9.07971
46799	730.0390638320034	9.437859
27245	730.3568083635821	3.6131473
39643	730.4414438633876	8.729798
9106	730.4486212002038	1.5654691
44397	730.5424034716418	9.1248865
45230	731.0440987929742	9.090964
37110	731.4227438996095	8.308953
16821	731.883693227303	2.0831685
7695	732.408165309898	1.4646406
9834	733.3635738739707	1.6007344
22071	733.4200222493855	2.6066031
35296	733.5115888402055	7.4762034
34885	733.512878795221	7.1943398
34697	733.5484113078414	7.065236
29945	733.8536500349247	4.705002
41663	734.4757007454613	8.877512
37805	734.5213831995703	8.559161
44493	734.5419612845249	8.915593
25672	735.4160912544695	3.251857
36735	735.4765593546977	8.129913
35855	735.4793187638147	7.73741
36107	735.4817378785486	7.823507
45569	735.5481567732388	9.168989
11640	736.4007906592269	1.7101753
22499	736.4240659400003	2.671246
40368	736.4741716729859	8.808829
33917	737.4124673403578	6.6830626
35189	737.541339248729	7.4272976
13694	737.8825230911211	1.8624057
25094	738.3537812788605	3.134852
13832	738.3742970743325	1.8831087
13687	738.3828124715394	1.8548402
37788	738.465993355715	8.482814
13944	738.701966798308	1.8759251
7903	739.3143343597418	1.4732335
9745	739.3823829522466	1.5950557
44524	739.497867985222	8.9101
9733	739.8839276387005	1.5940193
37305	740.4597080014369	8.352233
18464	740.464884237215	2.2153323
28730	740.5292985468202	4.1736975
18180	741.3963182067336	2.185547
38643	741.4643932638205	8.599084
34021	741.4796852045473	6.7431107
31535	741.4799518052497	5.4906445
35663	742.4106015399524	7.6439476
44138	742.4309901461902	9.051451
40231	742.4423474946992	8.75694
35153	742.4968256201524	7.3809357
37095	742.5483532905411	8.325105
35217	742.5485343176924	7.4974074
36338	742.5485514382142	7.9427667
35920	742.5492853872564	7.742789
15115	742.7240024816537	1.9732966
38811	743.4395472310715	8.656702
42134	743.4742175758847	8.91755
38533	743.487280767128	8.601271
20602	743.8544113913406	2.4191341
37780	744.5617415327724	8.451526
20111	745.426536067647	2.3710403
42522	745.4534811648755	8.895875
45726	745.5884709081586	9.205383
18913	746.351165263152	2.2494984
34188	746.4895914901591	6.814487
40450	746.5270033551996	8.769946
34596	746.5779209880726	7.050412
35021	746.5780810045176	7.2989287
10724	747.463436904238	1.687027
38694	747.5053489517261	8.60713
42349	748.4301301662897	8.925245
42922	748.4906468478715	8.963302
28626	748.5584466721465	4.103895
27564	748.8270709805234	3.7172477
10001	750.3793352374817	1.6147006
37257	750.3909447524755	8.379002
16539	750.4035949704029	2.0587304
33035	750.4619646083609	6.13457
38659	750.4688360084155	8.60242
35664	750.5165124719754	7.6371646
35032	750.5169092829474	7.230143
13807	750.8845429940217	1.8659836
10032	751.3829713700384	1.612627
13726	751.3872120024901	1.8712485
18236	751.4137427824238	2.2088015
38000	751.4490692853733	8.509457
32216	751.4747665555333	5.7062187
33237	751.4750575361904	6.301527
32660	751.4763830618489	5.9459944
41610	751.5016734166347	8.872025
33036	751.5544385625377	6.134132
10173	751.8870483457625	1.6183583
32677	754.5450095277025	5.95332
20610	754.8449901548028	2.4202037
10716	755.3486817277037	1.6507068
42004	756.0736722581871	8.893332
11475	756.4089027788162	1.7016104
34488	756.4532528799945	7.0172453
41512	756.4555356146107	8.860562
45304	756.5730933078888	9.103367
41820	756.5736965993704	8.904877
9620	756.8956165710191	1.5904102
49256	758.2209968716484	10.541472
47296	758.221245146217	9.496263
45996	758.2215225114669	9.342601
49383	758.2215463274516	10.742761
33146	758.541846961583	6.2053165
32218	758.5426271463745	5.7378283
38246	758.5775346429677	8.541304
40232	759.4690906376976	8.742943
30334	759.5023340865927	4.9032316
30818	759.5028531529274	5.1035867
48390	760.2007177481298	10.092621
37113	760.428481628215	8.338575
34402	760.5583255843779	6.9168434
21537	761.3510081546394	2.5401769
15574	761.3929324449078	1.9889408
45656	761.4812795006363	9.197115
44311	761.5207484041057	9.048462
22610	762.4420758427892	2.6880484
28718	762.5118816105888	4.1729994
38390	762.5611855430305	8.58887
31432	762.5737856560714	5.3617606
30927	762.5757656725661	5.1813016
18167	763.3756250836685	2.1911733
18652	763.3788334286626	2.2143118
8545	763.4023090927338	1.5122299
36241	763.5003901651614	7.9256644
16293	763.9444335189328	2.0466897
42595	764.0706225294	8.97763
30669	764.0799284282201	5.0512614
48243	764.1979592371022	10.093526
49056	764.2160576918227	10.546885
16309	764.4461105969145	2.0443969
39241	764.4861083682251	8.645897
49620	764.5713709084449	10.730046
42596	764.5720072976603	8.973444
9735	765.379304285464	1.5968262
41955	765.4597125935926	8.880381
38095	765.4643451777471	8.528909
35154	765.5731775017308	7.369345
20626	765.8360137044846	2.418925
40577	766.4997672981738	8.775687
20098	767.4106678069244	2.3761437
42523	767.4364157421046	8.936164
37795	767.4582844707505	8.479721
38660	767.4952509809164	8.588253
42011	767.5155755495747	8.893698
39679	767.5693621526212	8.744614
47316	767.5824576558699	9.619983
47946	767.5827007835487	9.963635
20303	768.3936114549371	2.3904827
19363	768.4145391048617	2.3074434
34065	768.526383239334	6.7613754
35868	769.4746798400233	7.7197323
10189	770.442597903497	1.6196927
44400	770.5551730286568	9.090968
30918	771.701213171683	5.1915007
38661	772.4503490720283	8.60242
11473	772.4577599106553	1.6882617
12760	772.4942078601218	1.7988207
42560	772.5693433955895	8.968818
41642	772.5829304336985	8.86386
33238	773.4575124070399	6.28618
41216	773.4855071660644	8.8026085
24797	773.5138781511215	3.0712042
48346	774.2140754020006	10.092589
49046	774.2513733386619	10.52265
7012	774.4005092750918	1.3380268
8259	774.4409567909913	1.5067079
35075	774.4659877333584	7.320889
37806	774.5198758845224	8.510174
35167	774.5735232225301	7.397505
35822	774.5740444693664	7.6890044
36161	774.5751699179194	7.86951
13045	775.379885142906	1.8210183
18460	775.4010333688497	2.209446
16362	775.438444053753	2.0477855
47480	776.2317902403369	9.678882
33663	776.5293469138754	6.55508
37781	776.5353024829964	8.387239
20553	776.8256203744451	2.4215145
23165	776.9123556911866	2.774004
16346	777.4179630381782	2.0457036
42331	777.6259458688663	8.922573
11835	778.4106825582253	1.7259008
34451	778.5595502009783	6.9659634
22100	779.372280812846	2.601706
9810	779.3952500614943	1.5991805
37593	779.4728383580176	8.499879
12146	780.3894835737038	1.7512125
9778	780.3915534161208	1.5982655
42242	780.5787785682969	8.888816
21816	781.0850159655292	2.5661538
39645	781.4530936077649	8.730514
48846	781.5993676819774	10.435367
45780	781.6097738856608	9.190508
37172	782.3970191505592	8.361132
39833	782.4683653159803	8.7206135
41831	782.4846732037597	8.869627
38535	782.4993163609098	8.62289
47606	782.592561661092	9.741556
34613	783.4905095423162	7.0647497
46042	783.5776450881347	9.262981
22603	784.4233126721678	2.6936562
15003	784.4264959022589	1.948608
37819	784.4841647554642	8.4635935
43513	784.4909124462299	8.977382
39084	784.5219746578157	8.643573
30911	784.5234985185706	5.1822147
47978	784.608255518819	9.953349
21479	785.4033251500812	2.5252857
18172	785.4037848622513	2.1890233
40592	785.5933009943567	8.775767
28943	785.7385650686988	4.2881794
21123	785.8393651589377	2.4782722
3441	786.2825734286604	0.6670113
20244	786.4067831645066	2.3945582
39243	786.4646867560695	8.660765
35869	786.5010668421912	7.7217383
39067	786.5161924366284	8.66513
40699	786.596453916205	8.775408
17855	786.8506753511318	2.161684
17546	787.3494511684643	2.149897
37141	787.3524549675552	8.361126
42833	787.5005982694132	8.96667
34349	787.558231902618	6.9067903
37974	787.5587363069014	8.507115
11437	788.454899126716	1.6963421
40700	788.6023935882353	8.775538
37796	789.4387938207303	8.480717
39055	789.4761627298201	8.643918
47982	789.5637584817557	9.955429
36902	789.5731783980395	8.22919
35916	790.5231518007898	7.73428
37010	790.5250805427956	8.277131
35873	791.4563126114626	7.7262325
34483	792.5304421869816	6.9893446
33657	792.5306584829766	6.56009
34085	792.5311620666348	6.7704015
38514	792.5652600553316	8.571321
13799	793.4455494092608	1.8615001
35446	793.5071715970034	7.516302
16138	793.8977022232556	2.0339894
38957	794.5573208748883	8.632359
32921	795.3132397944803	6.10731
41100	795.466202764385	8.817661
9662	795.4735542662797	1.5924995
24799	795.4954022958448	3.072772
20991	796.4072363885392	2.4665506
38871	796.5726853896527	8.625993
36431	797.0852219197452	7.9775405
18457	797.3801889410032	2.2164764
37374	797.4699268164555	8.403844
23568	797.5147020896632	2.845167
39647	798.4792367139503	8.676603
40420	798.4984544967584	8.785822
45118	798.5056673724215	9.1307955
38556	798.5882607447579	8.592478
46992	798.5895752604757	9.621333
48754	798.6242174151665	10.439042
45781	798.6362405735568	9.211942
13932	798.9222222415023	1.8821136
16296	799.39698351517	2.0433426
13854	799.4330495535435	1.8672322
38945	799.5122848303133	8.632402
35241	799.569950314003	7.429969
11877	800.4889396472985	1.7337434
38052	800.4955925119691	8.518139
34477	800.5396339630295	6.9898095
46863	800.60208495536	9.462904
47467	800.602972421094	9.67292
24088	801.0987198314303	2.930183
11461	801.3625715275808	1.6987915
24036	801.4359087893421	2.9312356
38862	801.5255979357054	8.627796
18727	802.0736483000898	2.2266977
9768	802.3715075101476	1.59678
16562	802.4444712604651	2.0683029
37237	802.5118200562829	8.342287
40606	802.6192231199059	8.775731
28915	803.4392478052594	4.265159
40454	803.4556854506554	8.775419
38576	803.5431573854282	8.5922365
37065	803.5443579326405	8.319093
36796	803.5444537555207	8.163131
48770	803.5788919730794	10.425838
28907	803.9410141747588	4.2663345
11269	804.4326331097894	1.6823133
9970	804.4858780067443	1.6140884
41685	804.5695468263341	8.870629
40101	805.5103698784621	8.739094
47466	805.5584532855531	9.673822
32937	805.5673759321123	6.1352253
37595	805.607804319556	8.461935
40701	805.6281887640401	8.775216
23419	806.0566399487664	2.808791
23438	806.3908721880555	2.8133392
43493	806.4723849739563	8.972733
38331	806.5535415269799	8.587129
18232	807.3840411992812	2.1946158
21486	807.3842644089121	2.5261564
35874	807.4300462506059	7.723521
24069	807.4436868011952	2.9297953
36433	807.5742971879321	7.979645
40618	807.5751365420623	8.777314
36540	808.5582090631083	8.0533
35480	808.5583878949686	7.577578
36831	808.558823387155	8.17414
37975	809.5407149932818	8.507115
34346	809.5410350102462	6.915755
42292	809.5671019227184	8.9108
14064	809.9355463695554	1.8829734
15442	810.3902154845861	1.9923792
13948	810.4384578280194	1.886418
37922	811.4844787707026	8.506643
20432	811.4951531785878	2.4068835
36903	811.5548986354338	8.2542515
48691	812.6392343133109	10.420416
33131	813.3244238237946	6.215763
18872	813.4579910967672	2.2458558
46742	813.5873256614507	9.507927
42943	813.6036508777287	8.985007
42597	814.1050405345125	8.96279
8210	814.4322073721054	1.4955549
14203	814.4693717973873	1.8986362
47615	814.618343418719	9.723974
48366	814.6189645600044	10.144622
43431	815.0678018723347	8.987694
13112	815.3886173977131	1.8205284
38949	815.4855236116714	8.631511
29067	816.1141836591938	4.3253584
10481	816.4483333991869	1.633818
35145	816.4912063521797	7.3753357
36987	816.492341447687	8.265308
45903	816.5985119695553	9.23717
32917	817.2957367554359	6.105565
18434	817.4508153262029	2.2123334
35219	817.5826259571955	7.429919
18545	817.9391936253062	2.2196555
15635	818.4059681225497	2.0104442
26935	818.9810983485042	3.522467
31877	819.3610862354424	5.592786
13103	819.4013849572331	1.844385
37375	819.4513950572187	8.405365
26941	819.4821456918459	3.5213423
23586	819.4962628645603	2.8499742
38574	819.5172038705648	8.592913
34916	819.5829062670638	7.265308
35220	819.5885072950955	7.4206066
18275	819.7662395308726	2.2033205
48319	820.1662905206434	10.112154
18421	820.4526681523321	2.2160816
20005	820.4526780711242	2.3511639
45917	821.5532384646598	9.229516
24509	822.4256798057452	3.0198221
40102	822.5360695568381	8.744204
32946	822.595785872743	6.1139264
44899	822.6639278947943	9.086957
17745	823.4234017144097	2.1553185
39066	823.4679709598225	8.594429
42119	823.48207815133	8.916588
42835	823.4990089546554	8.932989
40465	823.5461302329445	8.775954
44006	823.5801535526375	9.010248
49338	823.6562065114626	10.731803
38756	823.6574815308329	8.610761
37807	824.5111808004398	8.485217
33730	826.5326317857538	6.5865097
25684	827.0897868291243	3.258875
32938	827.5516625662735	6.1277547
7442	828.3855617688329	1.4314086
9724	828.4482339014751	1.6150713
21536	828.4860881213684	2.5313218
37939	828.510605747727	8.5000725
37473	828.5118842661776	8.4328165
47617	828.6344615993223	9.757563
40457	829.5572044767229	8.7791605
25830	829.7699094380414	3.2778924
32744	830.5788301419103	5.994035
47120	830.6139846390835	9.550393
45119	830.6506642435475	9.126103
8062	831.4220907491238	1.487307
24895	831.4225822924948	3.0875456
34028	831.452798882753	6.7504077
31075	831.5021297692683	5.237042
38334	831.5746451852696	8.554882
49441	832.2396316380542	10.750182
47046	832.2398797818086	9.516795
46352	832.2401913579441	9.281952
13462	832.460308869772	1.8493165
9098	832.4807863506813	1.5640287
37150	832.5485436793083	8.3440895
40382	832.6300402199122	8.760154
38210	833.46558867856	8.501877
13064	833.4670621405793	1.8405819
20412	833.4779583936291	2.4063084
43554	833.5389210971076	8.995981
48965	834.219392912982	10.505073
49317	834.2206141411945	10.648926
49432	834.2388533538839	10.74982
17863	834.4440972486858	2.160989
40512	834.5794803925403	8.768435
35242	834.6092329939365	7.4434166
17780	834.9449403672463	2.160997
19365	834.9522200163278	2.2903903
33132	835.3064013812162	6.214837
40060	835.4832608725283	8.733095
32743	835.5340561419503	5.9869404
29513	835.534346531809	4.513724
47096	835.5688641235765	9.552967
47378	836.2186043528475	9.624299
9286	836.4165443422019	1.5653919
14194	836.452347825251	1.8886052
44389	837.5160954555047	9.087955
40737	837.5862613405143	8.798849
35246	837.6191035563158	7.451753
31978	838.2769663064303	5.6411963
11667	838.4064774181467	1.7132769
43508	838.4945802335263	9.007042
40294	838.5107328004191	8.770994
44447	838.5997169496371	9.078949
35223	838.6219749657639	7.432087
18432	839.4310623032687	2.2140396
40579	839.4945665607016	8.732531
43432	839.4969617149528	9.016579
40552	839.5114882503019	8.777271
27151	839.5610403944115	3.5917509
35243	839.5645147959892	7.440792
31405	839.5651553253088	5.388474
33401	839.5651837962214	6.4045043
32292	839.5654856161499	5.7604523
35872	839.60085562775	7.7362833
44561	839.6500746755231	9.08966
24242	839.7749112721734	2.9479077
23811	840.413026914854	2.8768241
40580	840.4971281437324	8.775687
42341	840.5097314331847	8.919263
38706	840.5428639742113	8.635123
31873	841.3433913367338	5.5896797
37373	841.432548185188	8.401699
34903	841.5680772222595	7.2159023
35235	841.5708541848346	7.4296527
19974	842.4321032366609	2.3616574
38423	842.5087289652272	8.613295
31993	843.2329300713204	5.6458526
33319	843.3340771933524	6.337429
25266	843.3578362195972	3.1739557
17332	843.4212133659166	2.1188116
11009	843.439597360632	1.6684015
43509	843.4488371181358	9.013852
19539	843.4597622933125	2.2941294
17276	843.9225800864353	2.1210175
24503	844.4057753797048	3.0168147
14468	844.4794169612783	1.9191203
42443	845.4616135468062	8.926708
42401	845.464405184329	8.92333
23648	845.4669406860678	2.8527167
32221	845.5819707577817	5.725461
40306	845.6137945064196	8.765494
49604	845.6404208667614	10.844491
34366	845.6475905619083	6.921695
34741	845.6478988719828	7.1288195
35397	847.5693150434917	7.523186
36280	847.5697548679395	7.937163
36010	847.5706005422826	7.758726
47531	848.2720444670754	9.691705
47875	848.2725878240042	9.812097
34202	848.5253492560565	6.814811
33658	848.5268550431136	6.5804653
29430	849.3711961387586	4.5008545
29035	849.3714447247326	4.307714
32172	849.3718163644286	5.7168
32675	849.3721228847893	5.9521556
20493	849.4373118861525	2.4060173
38295	849.4394617330212	8.483567
10992	849.4863469018346	1.6671144
26639	849.509769160504	3.457119
47870	849.6339944561914	9.871696
47920	850.2505946289788	9.906571
21505	850.46807259639	2.5293036
27511	851.4675827489023	3.7079606
39616	851.6884743320246	8.715711
15303	853.2386790246317	1.9710468
31009	853.4013570950113	5.2176027
27457	853.4020239225488	3.68842
30549	853.4024043365039	4.9871736
39983	853.4943292862679	8.729825
16017	853.5164923437421	2.026009
44706	853.6674613211978	9.119468
11386	854.4057516723018	1.6962953
20641	854.5001918398757	2.424769
42332	854.5257087086407	8.914699
37148	854.5306112930807	8.334467
48301	854.5980122001324	10.12492
47465	854.5980216825687	9.678482
30112	855.4178283263806	4.792703
35258	855.536508850631	7.446269
32891	855.5984335969873	6.0838175
44161	855.6300146102482	9.054267
38515	855.6307903966353	8.554756
43175	855.64192561729	8.9908285
41320	855.6445949687302	8.877333
19931	856.4016915141661	2.3404956
24738	856.4405474423897	3.0645196
43434	856.5250398540312	8.951341
40581	856.5250759089267	8.845297
48813	856.6662761939511	10.42805
18865	857.4123901579859	2.237765
26664	857.5172780354084	3.4573858
18849	857.746008194682	2.2461593
36356	858.5008239045635	7.975616
37938	858.5010731818393	8.451321
26002	859.4128250246467	3.312597
26004	859.9136676985737	3.313338
18654	860.413250718492	2.229125
23293	860.4709680175137	2.7927701
44477	860.5836324310105	9.07166
19483	860.760134972921	2.2992456
18624	860.9150645114412	2.226329
40582	861.4776219646836	8.775687
27148	861.5424942566362	3.5904014
35229	861.5448672471892	7.4328694
32298	861.5468108095355	5.762426
33399	861.5469172112598	6.4044003
44762	861.6340688570809	9.097062
31346	861.6409162771844	5.326845
30841	861.6430157479792	5.1317143
40303	862.6402109965278	8.755621
39518	863.1802106159175	8.689617
38795	863.5458734326071	8.62236
42746	863.6377769644373	8.973724
49336	863.6874294109372	10.719897
44292	863.6883596895286	9.057058
48006	864.6349832993812	9.956362
15409	864.9019333266498	1.9814658
33318	865.3169156525005	6.3373656
28064	865.3685888011435	3.8788934
15340	865.4029273646228	1.9867659
17564	865.4046322200109	2.137466
19498	865.4871619568949	2.3120818
38427	865.5598907073008	8.545605
40351	865.6492432467116	8.756406
39519	865.6669796973371	8.688589
47857	866.6488131658402	9.866032
13459	866.7649247988226	1.8485861
40311	867.5958799846168	8.747862
41509	867.6455383300939	8.831583
45281	867.6819725878913	9.153826
28352	869.572562709327	3.9936683
41519	869.6624609175051	8.865715
39946	870.5214117960983	8.728388
45755	870.590623396133	9.156007
48551	870.5906994729057	10.241245
47445	870.5912459682913	9.655827
32676	871.3535378622483	5.951026
29039	871.3538608921631	4.31064
29446	871.354051740004	4.5041637
32160	871.3541078820148	5.7142873
20455	871.4188150305821	2.408081
26635	871.4917944500966	3.4541357
48448	871.6233341408642	10.174533
35248	871.6269084919221	7.447292
36207	871.6276427630629	7.912049
36960	871.6280016900494	8.276744
48420	872.6615084448116	10.180821
41323	872.6712751166156	8.845538
15247	873.4343233367356	1.9756951
27513	873.4501130268194	3.7086818
12973	873.5251099469115	1.8153269
39588	873.6690680300045	8.696899
27789	873.9808474017244	3.807783
39409	874.1707091329174	8.678648
31879	875.3616812504465	5.5909047
31563	875.3628708295332	5.4651103
30544	875.3830884468698	4.9887934
30985	875.3835664653244	5.2124505
27456	875.3840189383797	3.6894631
21558	875.4534933150485	2.5418847
39976	875.4763914245841	8.729029
16008	875.5002092356372	2.0266051
24630	876.413848619791	3.0368297
20637	876.4842167526049	2.4263546
13465	876.9752699872297	1.8524328
30109	877.3998818568554	4.792638
13475	877.4775062750397	1.8505567
41324	877.6273590322097	8.849544
20570	878.9401033320187	2.4138956
32895	879.3817665686	6.082471
29837	879.3818120189828	4.668568
32032	879.3821010281417	5.579818
29288	879.3823622171486	4.4333577
32458	879.3825255370111	5.830534
26650	879.4992686966195	3.454355
41426	879.5480712656254	8.855739
38538	879.5504791083263	8.5896635
47897	879.6820137962713	9.881799
45834	879.6838674618491	9.183101
20656	879.9266721603749	2.4257672
34009	880.2862890201792	6.7396717
35070	880.2884179886872	7.3184476
48422	880.6646769226072	10.19446
49136	880.6651720143841	10.563882
25937	881.3965397426222	3.3027837
22865	881.4903841928788	2.7273192
44259	881.6609876935851	9.00731
46270	881.6612156674252	9.26633
48004	881.6619274495666	9.95165
38509	881.6639357722227	8.633507
22875	881.9912580670175	2.7293978
43973	882.5220866296289	9.038091
47420	882.6435971935832	9.622477
46402	882.6437087623912	9.364235
31356	883.4125090113387	5.33458
30135	883.4125187207803	4.8050947
30739	883.4126819615192	5.093905
27746	883.4133366732997	3.779582
15815	883.465441209093	2.0204184
42106	883.6772393353511	8.893935
18626	883.978409965554	2.227818
18627	884.4809417919193	2.226612
44509	884.6720010421421	9.081517
34008	885.2438053879179	6.7343636
35073	885.2439171235451	7.3129735
46631	885.3671527278914	9.384059
30381	885.4291598541953	4.913148
14748	885.5059952522196	1.9411021
44047	885.6697319572779	9.056778
49542	885.6703099992034	10.774151
30809	886.4676919327424	5.134924
43562	886.5845364081972	9.032414
46135	886.5868134386634	9.248024
47894	886.6157822330973	9.949461
43180	886.6170572512808	9.0309515
41592	886.68807837631	8.872323
28066	887.3483568595376	3.8850865
14288	887.4440661062437	1.9033085
29345	887.4451307068505	4.4670143
43935	887.476058335983	9.036406
48552	887.6176573262458	10.265554
47431	887.6183143431784	9.645433
44919	887.6340961508586	9.133501
39522	887.6491680623699	8.698061
14276	887.9458034985788	1.9010195
17940	888.4840052326074	2.1968336
36669	888.6433903203834	8.091063
47779	888.6553936720114	9.839568
46720	888.6561438634851	9.412006
39130	889.6164177692137	8.622912
41489	889.6257834360805	8.874825
39957	891.4476359027168	8.729312
41584	891.6455227230351	8.888835
40009	893.4901580910656	8.73281
36092	893.6593442705516	7.813076
45669	893.6611818747983	9.191985
41686	893.6992357744468	8.87621
26321	895.2850813646763	3.3943746
20186	895.4326237764038	2.3760943
41747	895.5039281269411	8.872127
40106	895.5344586551076	8.700129
36895	895.5469022171982	8.237359
32416	895.6008334812814	5.822368
47082	895.6763592288445	9.48869
45075	895.6768520051437	9.130386
46237	895.6769729144245	9.271748
42253	895.6777427660419	8.908527
45503	896.6226764246264	9.21689
43438	896.6271598807897	8.992837
47399	896.6585398202877	9.646717
47677	896.6585769239226	9.761709
47958	896.659297959935	9.886029
46403	896.6599799351067	9.318204
43181	896.6625661411596	8.933419
39524	896.7524107100187	8.689617
24495	897.0313145741192	3.0215406
31557	897.3434696056099	5.4653955
31880	897.343534816245	5.5947175
29442	897.3924733550891	4.5072064
35272	897.5224829067373	7.4472036
24461	897.5327088812417	3.0116527
47011	897.6584516212446	9.505548
46404	897.6629290140992	9.30388
48435	897.6884922447728	10.148484
24592	898.3968509413295	3.0456264
20698	898.4633894019556	2.4158003
30317	898.5170208223778	4.885083
31194	898.5174333037737	5.235281
47679	898.6215748344763	9.805338
44888	898.6398342044791	9.1256275
42244	898.6403955093223	8.893045
30900	899.3598307991766	5.186235
35264	899.5223295345638	7.4380007
36285	899.6349615117015	7.9611473
36923	899.6356894766521	8.263526
32450	899.6358338656298	5.856879
40107	900.486960596372	8.739094
42113	900.7037137523467	8.89164
33970	901.1362682379224	6.7222395
34002	901.2188117751458	6.7384186
29833	901.3641021245128	4.663362
32892	901.3644344362228	6.083327
31808	901.3644530684102	5.5651484
29287	901.3648120482568	4.4300776
32456	901.3649876854548	5.828354
27855	901.4245971844892	3.815468
32378	901.5287004838032	5.800936
32379	902.031103716861	5.8021574
46632	902.394189104856	9.38378
43563	902.5800537665876	9.011933
32860	903.1208326567036	6.0608916
25932	903.3782268783816	3.2987514
32858	903.4550020725102	6.069029
46096	903.6101930275004	9.238057
43564	903.6124516319207	9.000873
38757	903.6442509662876	8.637347
46682	904.6261949947004	9.415785
32877	904.6373620539352	6.0734005
30175	905.3944119872958	4.806793
31355	905.3951653698292	5.336131
30740	905.3954174967938	5.093986
28106	905.3957639285122	3.7880692
37790	905.6122273331276	8.448488
36383	905.6122279719948	8.009871
42157	905.6593930173794	8.902906
48757	906.2582530703304	10.4104805
49354	906.2585376160836	10.729117
30380	907.4111422513582	4.913933
14775	907.488966797184	1.9392282
31195	907.5314484498508	5.247175
32311	907.5482201204244	5.7675157
47380	908.2390816429574	9.641017
47828	908.2393297575536	9.753303
13593	908.4373282268792	1.8553736
9885	908.448936706472	1.6068519
38197	908.7090581621188	8.539099
47361	909.2403100361236	9.6416235
29337	909.4274048517914	4.465682
21716	909.4343661317106	2.5617607
24695	909.4691133037304	3.0505872
46861	909.6925167173938	9.48253
44974	909.6926335126478	9.096257
40907	909.6933775635652	8.763058
40002	910.5150244368248	8.729053
37801	910.7230944252676	8.503394
38873	910.7239693247564	8.626985
13798	911.4326640730434	1.8729824
43009	911.6722386435472	8.976553
40632	911.672728533756	8.785339
47404	912.2361458296256	9.641657
20622	912.4369611762888	2.4227774
41732	912.5313820954487	8.870554
44617	912.6563471829236	9.05483
46310	912.6571640799036	9.296282
20612	912.938167583453	2.4224367
25547	913.4408619240714	3.2334342
37389	913.5174706298242	8.405064
45504	913.65097580549	9.179754
47401	913.6868572231976	9.622899
47678	913.6880595973452	9.766187
43183	913.6881164386444	8.982568
16013	914.4869233212288	2.024
35237	914.6345219432018	7.4350247
43559	914.6815996424452	9.012184
40072	915.4692017130628	8.735872
30316	915.5439734702952	4.9045143
31162	915.5439941526456	5.240131
47661	915.651572291472	9.790914
41689	915.6798342393683	8.877945
45435	915.6830515744442	9.116906
27638	916.091380712988	3.749387
36957	916.660742467185	8.280837
36286	916.6612426653176	7.94557
32469	917.3381062452648	5.8316092
29291	917.339455423643	4.4386687
23390	917.3650687440196	2.8211076
20188	917.4130994613912	2.3771043
41735	917.4865822851336	8.871497
42254	917.6604254901036	8.943161
44823	917.6605575336392	9.104795
45505	918.6057911090012	9.184031
43440	918.609643353256	8.966221
43184	918.643150276862	8.982568
47998	918.6435580255628	9.9637985
34704	918.6524530935964	7.10801
25942	919.3532526496784	3.2983623
29438	919.375313566868	4.5054693
17639	919.4461953494438	2.1415777
43484	919.6070236239616	8.99682
43560	919.6381914238314	9.007774
35581	919.661906645828	7.61894
17629	919.7801446038376	2.1428332
19837	920.4895250224296	2.341651
38913	920.6002982844976	8.643167
19503	921.4851461934744	2.3224661
36287	921.616201161972	7.938
36961	921.6169263435518	8.272898
32451	921.6172925988463	5.8066244
42035	921.6331688877948	8.882559
43566	922.611281822166	8.9819355
35224	922.6503099116712	7.445907
46275	922.7241466590484	9.294603
45351	922.724657398509	9.1613
27856	923.4051540803512	3.8202238
39661	923.4995931755344	8.702959
47469	923.6702422530124	9.671641
48482	924.269619451828	10.22294
16737	924.4454358662392	2.058964
35268	924.54028280185	7.4419236
43274	924.5618938674916	8.970118
35582	924.61656920255	7.591671
37059	924.705555228591	8.337497
42636	925.6832202400964	8.965467
44595	925.6852101245698	9.061148
25911	926.45404559849	3.3035235
37799	926.7193097502344	8.479947
35854	927.4294239055546	7.724729
18801	927.4946879092668	2.2401004
37410	927.6665843970216	8.374311
33419	927.667591613746	6.418807
40633	927.6685823838452	8.778877
18792	927.9958056286192	2.238102
38336	928.626169645088	8.527006
21033	929.547569986503	2.4715288
47232	929.6823112099128	9.616141
45838	929.6832183398848	9.302093
13519	930.418017754242	1.8642184
36377	930.5442028010629	7.9849825
37387	930.544632345713	8.40322
32186	931.6242674025078	5.721659
35238	931.6609252792912	7.43643
46862	931.6739535319724	9.465032
40687	931.6746047983193	8.812367
47873	931.6758375308874	9.812056
41709	933.460731939688	8.867172
37251	933.6185971375288	8.327498
40634	933.6540000330092	8.824863
35769	933.6774724928654	7.6709256
20667	934.4177897920188	2.420977
46313	934.6376144103822	9.278153
20672	934.9182758818032	2.4217453
22131	935.1723316227402	2.6107316
18647	935.4417295596412	2.2231295
36374	935.4984411389904	7.9824886
37385	935.498766119936	8.401269
16120	936.4676161548742	2.026513
12897	936.5184203671676	1.8096933
37633	936.5958413791795	8.400608
35175	936.6170725180458	7.4043565
38758	936.7390426265958	8.614243
43273	937.5125693237172	8.989634
36290	937.5882020883298	7.9455237
36924	937.5884374909922	8.271575
32421	937.611983298502	5.8230824
29396	937.8204522185548	4.479341
29402	938.1548840552064	4.4857674
43503	938.7187509958252	9.014799
41161	938.7195766296604	8.83137
18813	938.9874827109232	2.2414222
39739	939.6329201323316	8.712507
19088	940.408222457729	2.26279
15748	941.4868521613556	2.0122185
34871	941.6827256850848	7.2243323
19927	942.4752709521166	2.3425386
44260	942.7141218397048	9.06369
36620	943.5274104037336	8.078196
36313	943.5971633000776	7.9350667
36928	943.5976885658564	8.266114
36905	943.6658296371425	8.257772
37508	944.6226548340804	8.375671
36208	944.623514572858	7.911166
35164	944.631835342075	7.3812127
37311	944.6930137878036	8.3812
40635	944.6930280846803	8.788431
39638	945.4810428188416	8.701939
28538	945.5076301355158	4.076143
35547	946.5984996512364	7.583927
37465	947.6347301493884	8.376666
45341	947.6380331958768	9.162761
40804	947.649024060705	8.791441
35426	947.656245216922	7.53697
44148	947.6708864057304	9.045402
47437	947.6714442824438	9.6137295
43549	947.7097342268712	9.013039
46610	947.71084346584	9.418792
27963	948.0547596464452	3.849399
24763	948.4921270345042	3.0584443
27960	948.55646944191	3.8488941
32149	948.6512539403924	5.698348
37802	948.7009730387564	8.474636
37312	949.6480021501314	8.359174
40636	949.6486081957956	8.752646
33422	949.649149280719	6.4019184
38005	949.6497157946422	8.461861
44065	949.7230630281504	9.044902
21028	951.530488201236	2.4702778
32179	951.6625257340388	5.7099752
47651	951.7020842348312	9.790386
46366	951.7076823379527	9.287981
44066	951.7380380653652	9.044902
35200	952.5892646495594	7.40752
35427	952.6109333261188	7.551405
44200	952.7354654783454	9.061703
32187	953.6063784723572	5.707949
39846	953.6478386165254	8.721532
46783	953.6625390617188	9.536768
47607	953.662110698834	9.741922
47215	953.6835905742856	9.539147
43286	954.5416643704292	8.986452
41358	954.7024205609662	8.881556
39720	954.7127315663153	8.710324
41332	954.7136467649332	8.8480215
29042	955.565577505704	4.3115945
39706	955.699484008228	8.679747
37382	957.4801310632917	8.400174
35176	958.598488265513	7.391735
34872	958.7091221224993	7.246111
38759	958.7237533996066	8.594592
21308	958.9913995057104	2.4971154
27962	959.0464906123188	3.8504498
21306	959.49235170258	2.4977186
24973	959.493862640152	3.1090534
43311	959.4968808800616	8.988691
35897	959.5225371778406	7.7269444
27972	959.5479567236474	3.8503764
33077	959.6553167742072	6.177263
35376	959.6556328248664	7.497848
34679	959.657559352028	7.0885806
29410	960.1397591011252	4.4916472
39847	961.6138965140811	8.721532
38180	961.6487265526011	8.496136
19043	962.3903994908638	2.2632146
28760	962.5351329652592	4.197285
38747	962.6141657065616	8.607681
36690	963.6646394333133	8.103895
34873	963.6650233940748	7.231485
45879	963.6664336191268	9.226529
49320	963.7044086592892	10.747696
43188	963.7052760816124	9.022559
34157	963.8606554448436	6.815901
46367	964.73511515455	9.311857
36617	965.5094208413552	8.073024
36929	965.580075030796	8.280643
38006	965.6212506843398	8.476216
33424	965.6407514396454	6.393381
36894	965.6445916477676	8.27605
41943	965.7174419139478	8.908638
47631	965.718130001542	9.734556
29755	965.828483682497	4.6248736
27952	967.0314428063522	3.8541462
28524	967.4891228449808	4.0823503
28756	967.4891865592184	4.1834674
27997	967.5319333377934	3.8600042
42053	967.6257744817271	8.895212
40805	967.6619446870632	8.791465
47601	967.6968950563936	9.723742
21307	968.0059376155468	2.4996524
39817	968.7292123398154	8.836011
32188	969.578231898908	5.701477
21290	969.9818773191084	2.5010037
27959	970.0359856527812	3.8530338
27973	970.538667442646	3.850961
35684	970.6049727420664	7.6555405
47134	970.6889029337376	9.533183
47608	970.689215291298	9.743905
27123	971.1576953236164	3.582702
18218	971.5390219372454	2.1880033
33425	971.6303370611648	6.410788
41359	971.7280012143642	8.841384
17721	973.5447291549611	2.1536286
41398	973.68857127172	8.839487
27259	973.9619886564176	3.624029
23877	974.4506048223938	2.8988113
35454	974.594870065416	7.5515513
43561	974.7148179292852	9.007148
32189	975.5871396919032	5.725929
39849	975.6276682281548	8.6982155
30795	975.6518129245708	5.1136775
16927	976.4968515173406	2.076491
14327	976.538477523186	1.9077209
38916	976.6041949410622	8.645558
41552	976.6828709321314	8.850651
33078	976.6829048454902	6.1706085
35334	976.6830606389632	7.493441
37171	977.6812402266124	8.340191
27950	978.0228175291796	3.8504536
27954	978.5216773274744	3.8484402
42330	978.752693668554	8.877328
26159	979.007379823386	3.3587203
36270	979.659324261384	7.9200597
33079	979.6921070042746	6.1736507
39541	979.6981961114068	8.696876
45648	979.7353535354154	9.156153
48695	979.7354795272818	10.348452
44920	979.7708923200216	9.112342
16429	980.1200751877868	2.053777
48844	980.277641641539	10.3754225
49175	980.2774730285944	10.546433
49466	980.278331218726	10.739939
17536	980.4531191785072	2.0650244
42857	980.732257384303	8.948898
16419	980.788507536784	2.053855
27974	981.0264208346116	3.8525765
49084	981.2778314085734	10.502453
48697	981.2779414316784	10.375653
21325	981.470367299116	2.5016177
35892	981.5041867911744	7.7323565
31735	981.526563326203	5.532608
27971	981.5289274862592	3.8537345
38007	981.5852193812016	8.470555
35335	981.6376637975392	7.4821444
33080	981.6382529922208	6.1562266
34648	981.6384695840156	7.0739884
42139	981.6408296709886	8.9035
40260	981.6750521929984	8.740424
39730	981.7071830576452	8.756067
45573	981.7138314757613	9.072617
21319	981.9678786542136	2.4994924
14878	981.9809335332644	1.946599
36438	982.2397887882356	7.995817
49145	982.2585474141546	10.576284
49137	982.2618269975044	10.568014
49493	982.27258856327	10.724234
49140	982.273701146426	10.530898
49399	982.2760664506	10.732366
14899	982.4834702521962	1.9454978
22778	982.5395437113292	2.7162595
41944	982.7459917636064	8.902618
43849	983.7080547511024	9.056074
40066	983.7277376794082	8.722957
36691	983.730244742029	8.101461
32553	983.7771733345216	5.8683453
34287	983.7781496672004	6.872527
23090	984.4895653742566	2.7625015
40806	984.6887261715156	8.791465
45767	984.7249774401196	9.255827
8974	985.4235996635812	1.5347074
21408	985.4729489327708	2.5159533
37648	985.7083787300548	8.398837
22051	985.720174525523	2.623715
41242	985.7577027119752	8.831601
17991	987.4851581260616	2.1711566
36621	987.490099329077	8.08142
39707	987.6698064672884	8.708288
36508	987.688048473302	8.037572
35632	987.6881268680552	7.639356
41993	987.7034468803504	8.92404
45830	987.7219807319636	9.147752
17996	987.9870086795206	2.1725183
21350	988.9586430550976	2.5065687
27947	989.0113533577188	3.8583417
27983	989.5134955511616	3.852447
42058	989.6055410790888	8.892621
40807	989.6450923597104	8.762323
41177	990.712348783201	8.862617
22335	990.987945301556	2.6393533
30796	991.645239158519	5.1320777
21304	991.9662194682652	2.5049965
27965	992.015087730172	3.8498943
24972	992.4159116038492	3.109365
27955	992.5200806401268	3.8504784
32131	992.6789471886422	5.686704
21247	992.964316743474	2.4929287
36440	993.2303521826052	8.002784
44994	993.67764506012	9.063838
31134	994.5230180769546	5.2618914
39528	994.7462910236072	8.658567
17717	995.524390361997	2.162602
36604	995.636501523551	8.075782
42664	995.6572855194556	8.944555
41945	995.728649800576	8.846064
46063	995.7297855931048	9.263342
23091	996.490598173947	2.7662134
23172	996.5073410488568	2.7837644
41132	996.7232179841628	8.864457
39542	996.7246027380596	8.690713
32320	997.5711549980018	5.7564044
35336	997.6073591996444	7.4714966
33081	997.6093085747594	6.186556
30765	997.6318421665192	5.1033173
32107	997.6346865794754	5.6745687
40146	997.7079219424164	8.772963
43335	997.7098311758516	9.024124
17998	998.476713424893	2.172456
41954	998.6694593276272	8.8895645
45574	998.7412530623488	9.221604
31102	999.4774780491708	5.257205
19526	999.478720787448	2.30609
29655	999.600984992617	4.5959063
39735	999.7350604038631	8.699911
40067	1000.7549449456496	8.778938
26137	1000.9896657991492	3.3480155
15233	1001.468967832314	1.9774609
39582	1001.679284898686	8.683413
35571	1001.6802272147154	7.619619
22328	1001.9788558396212	2.6425905
22632	1002.4777232194962	2.6899662
45508	1002.6788427039144	9.155012
37649	1002.7348407766028	8.435719
31736	1003.5082664713556	5.533736
34680	1003.6182860900482	7.093011
35337	1003.6194449129438	7.481607
33050	1003.6201405173643	6.1660786
42140	1003.6235945038655	8.932988
45575	1003.693958817362	9.136132
36546	1003.7430799578387	8.063141
31154	1003.8631349227784	5.252269
36442	1004.2213606151748	7.992343
22785	1004.5217799801728	2.712704
36509	1004.7141903952668	8.028964
20255	1005.4799307301084	2.3839989
27329	1005.4807990763416	3.6316357
35634	1005.6743573567994	7.6250567
38392	1005.7091559398598	8.543811
40068	1005.7101826465952	8.729698
36693	1005.7118357455824	8.102848
20249	1005.9816911796788	2.3849418
27494	1006.539429792988	3.7000864
29282	1006.5483298758654	4.4271817
34905	1007.6552412502068	7.231269
37625	1007.6908375277133	8.41486
22052	1007.702229663504	2.6179907
30797	1008.6730412276428	5.141792
36510	1009.6691888143952	8.013513
35635	1009.6693266314692	7.632347
42353	1009.6743982588464	8.893787
38973	1009.7213071403812	8.590823
31133	1009.8724939204136	5.2566614
24565	1009.9516766539311	3.0183272
14629	1010.5220547620606	1.9353575
38321	1010.7027554894516	8.533167
44995	1010.7039388238798	9.121819
42751	1010.7399970991634	8.943558
27297	1011.490561446894	3.6354635
31113	1011.548740154245	5.260451
36272	1011.6308999584614	7.938899
34949	1011.6883524999212	7.2676716
45832	1011.72365102177	9.19487
43336	1011.7248553544408	8.991862
41247	1011.7596837534938	8.837522
25312	1012.014844644172	3.1907227
42756	1012.6832997504976	8.951697
42101	1012.756570681346	8.85858
20331	1013.6050540511328	2.395884
30798	1013.628667344258	5.130445
34465	1013.6791735017564	6.978288
39672	1013.686117018394	8.712809
44837	1013.714098149499	9.081129
44921	1013.7567658120264	9.07619
24984	1014.396336238034	3.1114235
35554	1015.2255933052506	7.603258
35550	1015.5600015312305	7.607175
44996	1015.659388571733	9.118444
31931	1015.6828125348896	5.625956
36511	1015.6838266312596	8.011735
40069	1015.700158692254	8.733719
36694	1015.7017805917294	8.104022
33644	1015.7187053054784	6.556133
20248	1016.4707572328178	2.3857782
31101	1016.5046652475844	5.2597485
26022	1016.520360516143	3.3131826
39529	1016.7315509937624	8.718627
20253	1016.9718878830732	2.3852243
42757	1017.638495371134	8.970514
38917	1017.6533254329186	8.62778
41824	1017.7135306774504	8.85064
23169	1018.4900007165974	2.7806249
33051	1019.5898854172124	6.171564
31795	1019.6773222463302	5.55546
38445	1019.6809429737496	8.57892
35838	1019.688682493986	7.7046533
44128	1019.6897072462348	9.038818
46399	1019.7776407002846	9.301354
42492	1019.777822318642	8.932288
31007	1020.5632989954408	5.23071
35556	1021.2361432158824	7.609173
31127	1021.4585271836946	5.2576513
35549	1021.5700618446882	7.6034236
29629	1021.581535489269	4.5949616
36408	1021.6472644185008	7.980537
36695	1021.69999258977	8.088016
43920	1021.7923929021104	9.026389
33465	1023.1869967661204	6.41839
30249	1023.5453809608348	4.840919
41133	1023.7714491462048	8.819386
30253	1024.0463707450526	4.846281
20312	1024.4530094849897	2.3915203
33148	1025.602911393246	6.213802
36512	1025.6421314061067	8.0262375
31932	1025.6648333510102	5.601
30846	1025.677099854025	5.135073
39750	1026.1461948543724	8.714711
39738	1026.6483576260928	8.712203
43501	1026.6990917336057	9.001574
46197	1026.7369713533903	9.280186
29699	1027.1487768552304	4.5953135
20293	1027.4605064285531	2.3859859
34733	1027.6930755131975	7.1376247
35131	1027.719469854315	7.371635
20284	1027.96087376088	2.388002
27501	1028.520262502274	3.7035475
29279	1028.5300776146555	4.4222407
31093	1028.5763678301005	5.25119
34944	1028.7151416521194	7.2638974
45833	1028.749664253663	9.237499
40919	1028.7867691531148	8.840823
24961	1029.004669652351	3.1067502
33472	1029.1962220627604	6.41979
31059	1031.0510028162266	5.2431836
39967	1031.182876400106	8.742665
30183	1031.534948172616	4.8088293
26727	1031.5899395108804	3.474924
36577	1031.651086773288	8.061853
38974	1031.703001764311	8.568099
34995	1031.7241668243184	7.2811613
30247	1032.5590353150792	4.842174
34996	1032.7276711960706	7.278853
39708	1032.7285983183335	8.715956
33645	1032.7458756023457	6.5399013
35909	1032.7459100750436	7.7231026
31085	1033.535526557145	5.246552
34970	1033.6689983762528	7.2700615
43337	1033.705415666121	8.991862
41334	1033.7414818229963	8.866897
20257	1035.4450165983549	2.3850875
34466	1035.6600762442838	6.9749603
33881	1035.662050753854	6.6861696
39673	1035.6680131154046	8.717684
32555	1035.7333321589742	5.8625073
43445	1035.772677261922	8.979827
31015	1036.0046728298332	5.2297664
31796	1036.7044587191	5.558082
35808	1037.2077468179452	7.701176
20742	1037.5086427699066	2.4375994
35814	1037.5416618682227	7.6943326
36513	1037.6661949442948	8.025844
44306	1037.6688375208762	9.0626135
40070	1037.683423557483	8.740679
36638	1037.6836459922076	8.095097
33646	1037.700642989095	6.561013
35781	1037.701935733951	7.6826634
40898	1037.7818391871838	8.811803
42506	1037.7866634936313	8.931431
20734	1038.0099390341004	2.436963
24767	1038.6209747100384	3.0668697
38322	1038.6966452539689	8.519328
45397	1038.738021794024	9.108802
44068	1038.748506101624	9.030142
20206	1038.9514240263566	2.3826346
34019	1039.064658290171	6.748482
39279	1039.5472603664712	8.663661
35940	1040.7651811742214	7.7372966
31797	1041.6596284405464	5.5493727
38469	1041.6754143087026	8.547119
35132	1041.686322505547	7.3681526
34099	1041.7100897036066	6.771616
34759	1041.7102769169178	7.142222
23534	1041.7818944664343	2.838574
35813	1043.2171891727198	7.697863
31158	1043.440986898271	5.262633
35815	1043.5518216487349	7.698394
36150	1043.6778972770446	7.8753495
36975	1043.750587483521	8.287563
26272	1044.5086406369774	3.3791122
14205	1044.5389569676036	1.8954597
44421	1044.6936363146297	9.076126
27796	1045.515436735886	3.805092
30252	1045.5237436710984	4.8465204
30158	1045.6678457351886	4.7831907
41816	1045.7461412415344	8.908308
30248	1046.023773139989	4.848385
29903	1047.617751924513	4.6742563
30877	1047.6615302399673	5.1704926
40036	1047.6734601066844	8.731558
35941	1047.6914051437182	7.744101
44923	1047.7371163491566	9.086048
20695	1048.4994764153648	2.4385493
24822	1048.5101132945304	3.0642858
26702	1048.6185024302986	3.4663823
29879	1048.6192051982553	4.6909966
20745	1049.0007470526932	2.4349654
34960	1049.6406539735274	7.270162
34721	1049.6757229524198	7.1138873
35139	1049.7054431597503	7.377979
34467	1051.6324752211924	6.968952
30126	1051.6551657582283	4.8054376
39862	1051.7674219598389	8.727394
41537	1051.7682737170564	8.859501
26720	1053.5720571298775	3.4708676
31934	1053.6590131685568	5.6235585
33647	1053.6710571168348	6.5278707
35798	1053.674684808616	7.684426
41505	1053.77290586249	8.848456
39080	1053.7841207151305	8.58495
49343	1055.2968171956622	10.693372
34971	1055.650392242905	7.2929773
26028	1056.0041464554886	3.3206038
48689	1056.2926156025228	10.419554
30255	1056.5150319367565	4.8429785
38632	1056.5735455347274	8.652074
40776	1056.7270020082829	8.838209
30246	1057.0169569538175	4.8412166
31798	1057.63291394598	5.5677543
34491	1057.6411268746583	6.985028
34731	1057.6687525457191	7.1327934
30410	1057.7045560776005	4.9243174
31753	1058.738267372422	5.543831
20781	1059.490058660483	2.443927
44308	1059.650558511678	9.068448
35910	1059.6823987341188	7.7129207
33648	1059.683134594406	6.5473475
31487	1059.7097639411315	5.4191413
30878	1059.7104106790423	5.1492753
38145	1059.8046278125048	8.494482
20777	1059.990957618876	2.4409404
24772	1060.6058641733232	3.0713108
45186	1060.7191380430745	9.139043
36976	1060.776562988413	8.306029
37755	1060.7767852749562	8.444802
39269	1061.528685296528	8.663287
30159	1062.696020714624	4.808552
31799	1063.639872830699	5.551095
34760	1063.6914655064377	7.144052
30371	1063.6917838230347	4.926515
34101	1063.6928358812552	6.778956
23535	1063.7639893256317	2.805502
39971	1064.7004529148076	8.731558
35968	1064.7180634672272	7.7633376
45798	1064.7834263602606	9.1520405
26680	1065.645499800092	3.4700174
35428	1065.6587034643917	7.53589
36152	1065.6591703489385	7.8540993
36977	1065.7319660832502	8.30138
37735	1065.7330134116412	8.427889
26255	1066.4892232038485	3.3769367
30160	1067.6498796367275	4.8174467
42013	1067.726438018422	8.859749
38762	1069.558124326824	8.615524
31800	1069.65348218336	5.5593014
39928	1069.6547384490234	8.702091
36642	1069.6564314671157	8.076895
35969	1069.6733869517811	7.763375
20790	1070.982244865664	2.4365263
35040	1071.62144268443	7.29988
35976	1072.740495972282	7.764943
15420	1073.5130624830076	1.990092
30437	1073.70074489619	4.9352736
26718	1075.5544887676367	3.4703524
33625	1075.651282203145	6.52417
41360	1075.754768905418	8.889607
39980	1076.7257497286969	8.732603
35079	1077.633617459603	7.3178444
34832	1077.6341217512042	7.1840124
39187	1078.7676199882724	8.672901
43694	1078.8030233511272	8.995113
31801	1079.6109676111269	5.5332947
34786	1079.6624485601158	7.1594796
30411	1079.6876981791318	4.8942175
41704	1079.729159901998	8.868882
39229	1080.7087923210402	8.640476
40050	1080.7801134198062	8.775251
44893	1080.7801237525614	9.0617485
36153	1081.6301048722542	7.881395
33679	1081.6645046897415	6.564437
31488	1081.6923942135668	5.4117556
37626	1081.7040671745256	8.410242
36978	1081.705565228726	8.287166
44999	1082.7030068393883	9.126726
39571	1082.7617140593152	8.673512
33149	1083.560835447053	6.2089314
38453	1083.7217020220476	8.551601
31802	1085.6239644066115	5.545296
35978	1085.6435328655505	7.7714434
34787	1085.6727761944996	7.149862
28188	1086.580431442175	3.9226897
31590	1086.7309046955022	5.48311
36154	1087.6412624104285	7.8831806
37627	1087.7133660503664	8.41161
21130	1089.454608903148	2.4767985
30439	1090.7268746158484	4.943387
44425	1090.732095715493	9.076126
38765	1091.5400070990383	8.617637
35979	1091.6541445445405	7.77106
27710	1091.6982880232367	3.784816
33810	1091.796259363424	6.6488104
33151	1093.592304024965	6.232323
44159	1094.798865624265	9.054933
40137	1094.7996373169028	8.740463
24680	1095.6420636526375	3.0513568
30440	1095.6810309302202	4.940531
35989	1096.6900558889365	7.792507
41573	1096.7563889430392	8.859732
26699	1097.5377989352646	3.4720557
29874	1097.5380161360354	4.6867375
31592	1097.6492338454564	5.481351
31470	1097.664141540761	5.4153066
32168	1097.794751244429	5.71573
27731	1098.189048127775	3.770345
27722	1098.5232382803283	3.7684283
25235	1098.5301181583286	3.1666286
25250	1098.8639704729048	3.1660008
44426	1099.7324917850494	9.079135
41792	1099.7452672764932	8.875418
37468	1100.0869104022738	8.411677
44160	1100.786982694401	9.058101
36032	1101.6448692210588	7.7803783
42014	1101.709923417148	8.87282
40139	1102.763815792776	8.680366
31562	1103.6747791590276	5.4810104
44427	1104.6861317445369	9.076126
30296	1105.4998548347803	4.865397
19682	1105.5937418221797	2.3245182
13943	1107.0486821392096	1.876064
13956	1107.5494535139585	1.8827198
26085	1107.559647811676	3.3333223
44428	1107.7620620528755	9.040752
43126	1108.8025670952934	9.0290365
42507	1110.7937755589196	8.932832
21054	1111.4381975229462	2.4846804
38471	1111.7184203504696	8.532899
27711	1113.6820240866014	3.7723906
34227	1114.6918186434034	6.836115
24034	1115.0856045176242	2.9212034
27810	1116.5709080077174	3.8120933
43580	1116.7810956923618	9.006005
44186	1116.8302310565075	9.127271
24660	1117.625795518431	3.0385852
30442	1117.6613250726507	4.9315925
32169	1119.776072367043	5.7161155
42508	1120.86179400305	8.932832
30295	1122.5273824674678	4.867725
28185	1123.5897291161884	3.9313214
27780	1124.90939424222	3.7934463
27770	1125.2436477354183	3.79049
27786	1125.579091925477	3.7939224
30301	1127.4798973472546	4.865953
19706	1127.5745042741355	2.3324342
24665	1128.13755691836	3.0410666
24610	1128.6373259608356	3.0408623
24658	1128.639353024598	3.040521
38438	1128.7457014909166	8.537201
26101	1129.540504616445	3.33453
28357	1129.7825531643114	3.974435
27761	1130.9197424527722	3.7870948
43230	1132.703103041441	8.9589
38527	1133.7005883137797	8.548784
33019	1133.7013785702886	6.1494813
38042	1133.7723086422543	8.472144
34833	1135.5923518247853	7.229441
35168	1135.592314379193	7.383367
27658	1135.6637882507632	3.7667208
41854	1136.855100040396	8.884277
39890	1136.8562090794494	8.765842
9574	1137.4514007257403	1.6003786
24643	1139.1299509633816	3.040003
16037	1139.57587844418	2.0307634
25580	1141.5491514457717	3.2428946
25560	1141.7983187373231	3.242838
33179	1141.9289175431638	6.2500625
33180	1142.262998491487	6.24708
35047	1145.624256525934	7.293649
30672	1146.117925179608	5.050927
41067	1148.8214727497184	8.81845
33139	1149.8505618835795	6.2140718
24673	1150.6140948048444	3.0417695
24625	1150.6177960755429	3.0429044
28354	1151.767156839271	4.0044794
39448	1152.849222088821	8.659122
12758	1153.575684929199	1.8021185
30920	1157.5493306496817	5.1958623
27758	1157.6445824237444	3.7980328
40927	1157.752045589924	8.790347
34231	1160.7366887040894	6.8490224
41212	1163.8539390844228	8.823789
41793	1164.8519063462743	8.872773
34232	1165.6926888056914	6.83662
45382	1166.8472486139226	9.128857
21790	1171.6279205963413	2.565927
40841	1174.7782208648366	8.810417
37240	1177.7866463532212	8.3745
44797	1177.8725516727272	9.118555
28956	1178.6074749156094	4.2813144
37338	1179.7332251040104	8.394203
43923	1179.848180772333	9.012379
40141	1179.8520483890695	8.740463
40859	1182.8098784835793	8.765551
12714	1183.5661009628714	1.7991776
39575	1185.8251502734302	8.694847
34234	1187.6741269848967	6.8332334
44437	1188.7588538104726	9.076126
38324	1189.691325318861	8.534009
18764	1191.5833661012798	2.2342694
45009	1196.7834476177352	9.153006
41540	1198.837627658266	8.842556
40466	1199.8665558670175	8.771075
24077	1201.646773403575	2.931203
37621	1203.8486581160766	8.420791
44116	1205.8576594573078	9.054488
38025	1206.7680406161355	8.468371
39365	1207.8061769159497	8.648845
23439	1209.0842667127276	2.8096738
23417	1209.5856362549748	2.8091896
41008	1213.740752499098	8.81114
13760	1214.569663940389	1.8640949
31776	1221.2935644035242	5.558471
25459	1222.203024274415	3.2195637
20014	1223.7381375990965	2.3574321
29066	1224.1705647097754	4.321692
31764	1227.302883889099	5.554795
18609	1227.5844857750844	2.2186108
38045	1230.8249679013766	8.47296
41010	1235.7202700801397	8.749696
38046	1235.7806780886451	8.477958
38302	1235.8157344610772	8.549499
37849	1237.7235474064405	8.45504
41069	1237.847062935066	8.81845
25697	1240.6336688667684	3.256836
25627	1242.5856776050366	3.2751408
26516	1242.7284172576838	3.4183953
24874	1247.1310862741643	3.0867264
25735	1247.5390960345612	3.2691052
37622	1247.8135202586411	8.413455
38118	1259.8391691402696	8.498903
26513	1264.7143163180272	3.4160366
38376	1264.810539065117	8.537586
19873	1266.6872639004278	2.3388834
34269	1267.6140507399916	6.856216
37851	1267.7130307991818	8.450278
44443	1268.784391841452	9.076126
23864	1269.614891667112	2.8922355
25214	1269.757951103493	3.165827
35273	1269.8332535014763	7.445284
7383	1270.5689100893585	1.4224769
34405	1271.7423653413668	6.9396753
21252	1276.9284693521486	2.498086
21300	1277.2614145048208	2.4986475
29715	1282.747427763721	4.6003413
21295	1284.5889486043743	2.502241
35234	1285.8030628851604	7.4402857
44734	1285.810664782173	9.096454
18945	1286.1148876739064	2.238365
19845	1288.668648725125	2.3414042
23863	1291.5967229939745	2.8929448
25229	1291.7396167020197	3.1681397
35267	1291.8153155349105	7.4670286
41542	1295.887369680668	8.841613
38120	1303.8214077940538	8.510302
26409	1311.6231600674255	3.389727
37552	1311.9626544340772	8.401158
35216	1313.7982107915182	7.4349823
30810	1329.6998186806522	5.1355577
38125	1332.8324310954192	8.502408
26440	1333.603119239337	3.3893216
41071	1334.9005523002013	8.815009
33801	1343.953571486666	6.6522183
40867	1344.2785565444476	8.793411
40787	1349.951734465218	8.780287
40849	1350.2886503188736	8.784583
33968	1351.7035377499271	6.7219744
29756	1353.6362407852737	4.635523
29162	1353.6364755468742	4.3657813
32857	1354.6802194359611	6.0619273
32865	1355.1811645140208	6.0648656
38667	1362.8647352548558	8.56113
38668	1366.8179742137452	8.576195
23018	1369.2852366882694	2.7426283
29154	1375.616530058605	4.3684654
29750	1375.617002977149	4.6319256
17853	1379.1664297236048	2.1476715
7573	1388.4953476528397	1.4490637
31893	1395.6468156032545	5.5887923
32684	1395.647339858885	5.9567842
38478	1405.830677560626	8.547194
29403	1406.7283570400257	4.493712
38818	1424.862904726191	8.581563
25064	1431.7393869227128	3.1327984
34155	1445.788760325113	6.812065
28982	1467.9710416015564	4.2977905
16408	1470.1753488198583	2.0518517
30467	1478.5994960889718	4.957774
30461	1484.6071440566134	4.9517756
20629	1486.7024702151666	2.4196475
