CLUSTERID1	CLUSTERID2	DeltaMZ	MinRatio	Cosine	AlignScore2	AlignScore3
33325	36543	-0.000	0.000	0.8292	0.4232	1
33333	33871	-2.016	0.000	0.8486	0.4236	1
33333	37396	-0.032	0.000	0.7529	0.6092	1
33345	33784	-0.000	0.000	0.9662	0.9272	1
33345	37636	0.002	0.000	0.9612	0.8961	1
33374	35952	-0.001	0.000	0.8087	0.7430	1
33403	36311	-3.994	0.000	0.7004	0.5812	1
33403	36918	-3.994	0.000	0.7107	0.5392	1
33403	37397	0.001	0.000	0.9273	0.8099	1
33403	37984	0.000	0.000	0.8884	0.7592	1
33403	42247	-2.014	0.000	0.8170	0.6760	1
33403	46391	4.955	0.000	0.7050	0.6754	1
33405	37399	0.001	0.000	0.8170	0.4523	1
33405	37985	0.001	0.000	0.8049	0.4752	1
33405	42632	-2.012	0.000	0.8392	0.6443	1
33409	37400	0.984	0.000	0.8305	0.6793	1
33409	37989	0.001	0.000	0.8750	0.5693	1
33409	42855	-1.019	0.000	0.7133	0.5424	1
33412	37263	-1.003	0.000	0.7325	0.3873	1
33412	37993	0.001	0.000	0.8701	0.6099	1
33417	37259	0.001	0.000	0.8812	0.7346	1
33419	37410	0.001	0.000	0.8662	0.5349	1
33452	40427	0.000	0.000	0.8469	0.7255	1
33527	34500	-0.985	0.000	0.7714	0.6013	1
33533	38054	3.049	0.000	0.8420	0.7050	1
33565	34161	-0.002	0.000	0.9191	0.7750	1
33565	34458	-7.040	0.000	0.7626	0.5586	1
33565	35613	5.956	0.000	0.7910	0.4169	1
33565	35796	-8.025	0.000	0.7333	0.6456	1
33565	36514	5.956	0.000	0.7977	0.4799	1
33565	36687	7.934	0.000	0.7911	0.4465	1
33565	38287	7.935	0.000	0.7407	0.6270	1
33565	38363	-6.082	0.000	0.7861	0.4504	1
33565	39426	9.950	0.000	0.7938	0.4803	1
33565	40073	7.934	0.000	0.7864	0.4264	1
33565	41342	-6.081	0.000	0.7754	0.3870	1
33565	42229	-4.065	0.000	0.7218	0.5622	1
33576	34184	2.016	0.000	0.8182	0.6624	1
33576	34815	2.016	0.000	0.7379	0.5511	1
33576	35253	0.000	0.000	0.7681	0.2814	1
33640	34988	2.016	0.000	0.8250	0.8263	1
33640	35604	0.985	0.000	0.8778	0.5111	1
33640	35848	-0.000	0.000	0.8371	0.8525	1
33640	36342	0.001	0.000	0.8446	0.8377	1
33640	36410	8.027	0.000	0.8120	0.6856	1
33645	35909	0.000	0.000	0.8367	0.7145	1
33646	35781	-0.001	0.000	0.9538	0.7543	1
33648	35910	0.001	0.000	0.9856	0.9388	1
33657	38514	-0.035	0.000	0.7850	0.5197	1
33668	34946	2.016	0.000	0.7081	0.5839	1
33668	38796	-2.015	0.000	0.7580	0.2934	1
33672	34948	2.015	0.000	0.8315	0.8119	1
33672	35562	3.994	0.000	0.7642	0.3350	1
33672	35844	-0.001	0.000	0.8527	0.8475	1
33672	36247	2.015	0.000	0.7457	0.6985	1
33672	36392	8.026	0.000	0.8366	0.7658	1
33672	36628	0.046	0.000	0.8024	0.7683	1
33674	35038	2.016	0.000	0.7463	0.5395	1
33674	35564	3.995	0.000	0.8448	0.5174	1
33674	35644	-0.000	0.000	0.7628	0.5825	1
33677	33714	0.088	0.000	0.9584	0.8285	1
33677	34908	2.015	0.000	0.8209	0.7702	1
33677	35924	-0.000	0.000	0.8591	0.8615	1
33677	36396	8.026	0.000	0.7281	0.5064	1
33677	39603	3.047	0.000	0.7794	0.7743	1
33699	36325	3.010	0.000	0.7658	0.7217	1
33699	36392	-8.005	0.000	0.8138	0.6679	1
33699	41348	-3.002	0.000	0.7233	0.5265	1
33714	34975	2.016	0.000	0.8134	0.6546	1
33714	35924	-0.088	0.000	0.8571	0.7672	1
33714	39603	2.959	0.000	0.7611	0.6582	1
33758	35646	0.000	0.000	0.9249	0.7309	1
33767	34271	0.001	0.000	0.7864	0.4617	1
33767	37863	-3.044	0.000	0.7426	0.5220	1
33772	34259	0.000	0.000	0.8922	0.7310	1
33772	37075	-0.035	0.000	0.7164	0.4914	1
33772	37722	-0.035	0.000	0.9040	0.7229	1
33772	38529	0.001	0.000	0.8451	0.6829	1
33784	37636	0.002	0.000	0.9694	0.9030	1
33790	36651	0.000	0.000	0.7640	0.6967	1
33821	34414	3.048	0.000	0.7690	0.2916	1
33821	37763	3.050	0.000	0.9008	0.7809	1
33846	35702	-4.923	0.000	0.7600	0.7034	1
33846	35998	-4.924	0.000	0.8509	0.8292	1
33895	34453	0.000	0.000	0.7055	0.3656	1
33895	39296	-2.015	0.000	0.7153	0.2858	1
33896	34160	7.038	0.000	0.7229	0.4053	1
33896	34469	0.000	0.000	0.9441	0.8746	1
33896	34660	9.985	0.000	0.7662	0.7742	1
33896	35349	9.985	0.000	0.7306	0.6941	1
33896	35451	3.012	0.000	0.7734	0.7443	1
33896	35613	-4.030	0.000	0.7286	0.7204	1
33896	35777	-0.985	0.000	0.7662	0.4373	1
33896	36514	-4.030	0.000	0.7340	0.8214	1
33896	36687	-2.052	0.000	0.7327	0.7872	1
33896	36990	1.943	0.000	0.7601	0.7702	1
33896	38215	0.960	0.000	0.8536	0.6821	1
33896	39601	3.960	0.000	0.7026	0.6577	1
33896	40073	-2.052	0.000	0.7327	0.7619	1
33896	40181	1.013	0.000	0.7387	0.8105	1
33896	40254	5.976	0.000	0.7315	0.7488	1
33896	41263	0.959	0.000	0.8746	0.8275	1
33896	42301	2.974	0.000	0.7942	0.6971	1
33956	36591	-2.016	0.000	0.7333	0.6062	1
33975	36616	1.032	0.000	0.7879	0.6008	1
34012	34714	-0.000	0.000	0.8214	0.4592	1
34012	35423	-0.984	0.000	0.7548	0.4307	1
34012	36141	-0.982	0.000	0.7276	0.4574	1
34075	37904	-0.984	0.000	0.8211	0.4740	1
34075	38948	0.000	0.000	0.7325	0.5281	1
34075	39512	3.011	0.000	0.7645	0.7195	1
34075	42552	3.011	0.000	0.8241	0.5256	1
34075	45267	3.996	0.000	0.7478	0.5150	1
34096	34706	0.001	0.000	0.9588	0.7631	1
34099	45397	2.972	0.000	0.7666	0.7783	1
34101	34760	0.001	0.000	0.9585	0.7228	1
34109	34744	0.000	0.000	0.9591	0.9050	1
34109	35422	-0.984	0.000	0.8803	0.8522	1
34109	35613	9.986	0.000	0.7462	0.7799	1
34109	36135	-0.983	0.000	0.8668	0.8643	1
34109	36326	-3.018	0.000	0.7809	0.7363	1
34109	36514	9.985	0.000	0.7210	0.7880	1
34109	36626	-2.981	0.000	0.8478	0.8597	1
34109	38151	1.943	0.000	0.7952	0.6399	1
34109	38363	-2.052	0.000	0.7477	0.7796	1
34109	40017	-2.982	0.000	0.8207	0.8131	1
34109	41342	-2.051	0.000	0.7361	0.6993	1
34119	34718	-0.000	0.000	0.9240	0.8104	1
34119	36147	-0.984	0.000	0.7827	0.6681	1
34119	36633	-2.982	0.000	0.7307	0.4199	1
34119	38140	1.943	0.000	0.7537	0.5244	1
34134	34732	-0.001	0.000	0.8031	0.4738	1
34134	38132	1.943	0.000	0.7077	0.6074	1
34134	38968	-2.016	0.000	0.8147	0.3689	1
34139	36075	-4.021	0.000	0.8014	0.3832	1
34139	36091	-5.024	0.000	0.7989	0.5443	1
34139	36157	-2.015	0.000	0.8839	0.4229	1
34139	36244	-0.000	0.000	0.7655	0.5930	1
34139	39624	-2.015	0.000	0.8732	0.8661	1
34160	34469	-7.038	0.000	0.7273	0.3755	1
34160	35592	9.951	0.000	0.7594	0.4140	1
34160	35654	5.957	0.000	0.7482	0.3758	1
34160	35777	-8.023	0.000	0.8444	0.7577	1
34160	36480	5.957	0.000	0.7546	0.3747	1
34160	36685	7.937	0.000	0.7505	0.4212	1
34160	38796	7.936	0.000	0.7188	0.3926	1
34160	39209	3.995	0.000	0.9021	0.8257	1
34160	39320	9.953	0.000	0.7591	0.3204	1
34160	40864	7.936	0.000	0.7352	0.3163	1
34160	41263	-6.080	0.000	0.7578	0.3932	1
34160	42301	-4.064	0.000	0.7542	0.3432	1
34161	34458	-7.039	0.000	0.8304	0.7079	1
34161	35613	5.958	0.000	0.8183	0.5010	1
34161	35796	-8.023	0.000	0.7601	0.6538	1
34161	36514	5.957	0.000	0.8554	0.6018	1
34161	36687	7.935	0.000	0.8188	0.5385	1
34161	38287	7.936	0.000	0.7751	0.7507	1
34161	38363	-6.080	0.000	0.8015	0.5286	1
34161	39426	9.952	0.000	0.8282	0.5965	1
34161	40073	7.936	0.000	0.8428	0.5352	1
34161	41342	-6.080	0.000	0.7969	0.4614	1
34161	42229	-4.063	0.000	0.7412	0.6740	1
34169	34670	-3.994	0.000	0.7470	0.4553	1
34169	35361	-3.995	0.000	0.7493	0.4588	1
34169	38099	0.001	0.000	0.7509	0.4768	1
34184	34815	-0.000	0.000	0.8134	0.5826	1
34184	35253	-2.016	0.000	0.7430	0.2641	1
34194	39222	0.039	0.000	0.8153	0.4467	1
34194	39841	3.047	0.000	0.7656	0.5480	1
34214	34766	-2.015	0.000	0.7948	0.4995	1
34214	37854	-0.000	0.000	0.7759	0.5308	1
34214	38353	-2.015	0.000	0.7598	0.3207	1
34251	38420	-1.029	0.000	0.7535	0.6946	1
34251	42033	-3.010	0.000	0.7369	0.7297	1
34251	42845	9.945	0.000	0.7465	0.7443	1
34259	37722	-0.035	0.000	0.8824	0.6221	1
34259	38529	0.001	0.000	0.9431	0.8701	1
34271	37863	-3.045	0.000	0.8394	0.6523	1
34349	36902	-2.015	0.000	0.9007	0.6958	1
34349	37974	-0.000	0.000	0.8683	0.6432	1
34396	36672	-2.016	0.000	0.7504	0.4149	1
34397	36842	-2.016	0.000	0.7583	0.7883	1
34414	37763	0.002	0.000	0.7767	0.2504	1
34417	38318	7.080	0.000	0.7178	0.3159	1
34440	34950	0.001	0.000	0.9270	0.7462	1
34453	38279	0.960	0.000	0.8032	0.5704	1
34453	39296	-2.016	0.000	0.8168	0.5690	1
34453	41240	0.960	0.000	0.8036	0.5834	1
34458	34744	3.010	0.000	0.7044	0.6089	1
34458	35796	-0.985	0.000	0.7377	0.5649	1
34458	38363	0.958	0.000	0.8300	0.6172	1
34458	41342	0.959	0.000	0.8201	0.5364	1
34458	42229	2.975	0.000	0.7377	0.6835	1
34462	41333	0.960	0.000	0.7253	0.6094	1
34469	34660	9.984	0.000	0.7130	0.6714	1
34469	35349	9.984	0.000	0.7393	0.6679	1
34469	35451	3.012	0.000	0.7422	0.6770	1
34469	35613	-4.030	0.000	0.7050	0.7455	1
34469	35777	-0.986	0.000	0.7783	0.4140	1
34469	36514	-4.031	0.000	0.7312	0.7826	1
34469	36687	-2.052	0.000	0.7118	0.7920	1
34469	36990	1.943	0.000	0.7469	0.7094	1
34469	38215	0.959	0.000	0.8604	0.7429	1
34469	40073	-2.052	0.000	0.7393	0.8120	1
34469	40254	5.976	0.000	0.7073	0.7420	1
34469	41263	0.958	0.000	0.8937	0.8445	1
34469	42301	2.974	0.000	0.8154	0.7517	1
34495	36769	-2.015	0.000	0.8284	0.3552	1
34495	36773	-4.021	0.000	0.7374	0.3174	1
34495	36884	-4.977	0.000	0.7642	0.3017	1
34559	39872	3.996	0.000	0.7174	0.6202	1
34573	37620	-2.015	0.000	0.8577	0.4181	1
34578	37578	-2.018	0.000	0.8249	0.3930	1
34648	35335	0.001	0.000	0.9611	0.9072	1
34656	35366	-0.000	0.000	0.9267	0.7659	1
34660	35349	0.000	0.000	0.9344	0.8557	1
34660	36927	1.979	0.000	0.8906	0.7734	1
34660	38100	3.995	0.000	0.8386	0.6699	1
34660	40254	-4.009	0.000	0.8439	0.7077	1
34670	35323	-2.006	0.000	0.7201	0.5805	1
34670	35361	-0.000	0.000	0.9663	0.9413	1
34670	35660	3.995	0.000	0.7688	0.8269	1
34670	37165	1.979	0.000	0.9029	0.8773	1
34671	35317	-0.001	0.000	0.7445	0.4481	1
34671	40495	-10.020	0.000	0.7715	0.5423	1
34679	35376	0.002	0.000	0.9131	0.6994	1
34689	35364	0.002	0.000	0.9272	0.8757	1
34689	36517	3.998	0.000	0.7305	0.7319	1
34689	37193	1.981	0.000	0.8365	0.7390	1
34689	37989	-2.015	0.000	0.7222	0.7163	1
34689	39398	-10.019	0.000	0.8664	0.7685	1
34689	39422	-2.014	0.000	0.9097	0.7967	1
34694	35035	-2.016	0.000	0.8547	0.4147	1
34694	36773	-2.007	0.000	0.7350	0.3442	1
34696	37204	-2.014	0.000	0.8881	0.5487	1
34706	36143	-0.985	0.000	0.8981	0.6282	1
34706	40234	-2.983	0.000	0.8788	0.6079	1
34714	35423	-0.984	0.000	0.9045	0.8658	1
34714	36141	-0.982	0.000	0.8988	0.8066	1
34714	36573	-1.019	0.000	0.7346	0.7602	1
34714	40056	-2.982	0.000	0.8372	0.6418	1
34714	42783	-4.019	0.000	0.7089	0.7416	1
34714	42995	-4.994	0.000	0.7156	0.6786	1
34718	36147	-0.984	0.000	0.8093	0.6530	1
34718	36633	-2.982	0.000	0.7218	0.3752	1
34718	38140	1.943	0.000	0.7588	0.5601	1
34732	35451	-0.983	0.000	0.8089	0.6488	1
34732	36138	-0.984	0.000	0.8091	0.6614	1
34732	36623	-2.980	0.000	0.7474	0.6469	1
34732	38968	-2.015	0.000	0.9032	0.6651	1
34732	40181	-2.982	0.000	0.7277	0.5162	1
34744	35422	-0.984	0.000	0.8907	0.8311	1
34744	35613	9.986	0.000	0.7293	0.7653	1
34744	36135	-0.983	0.000	0.9186	0.8927	1
34744	36326	-3.018	0.000	0.7888	0.7105	1
34744	36514	9.985	0.000	0.7370	0.7836	1
34744	36626	-2.982	0.000	0.8567	0.8378	1
34744	38151	1.943	0.000	0.8110	0.6658	1
34744	38363	-2.052	0.000	0.7442	0.7865	1
34744	40017	-2.982	0.000	0.8754	0.8354	1
34744	41342	-2.052	0.000	0.7233	0.6970	1
34763	36481	-1.961	0.000	0.7231	0.5932	1
34766	37854	2.014	0.000	0.7620	0.3494	1
34766	38353	-0.000	0.000	0.9024	0.6212	1
34766	38629	-8.970	0.000	0.7654	0.7983	1
34823	36901	0.000	0.000	0.7455	0.5179	1
34823	37201	-4.021	0.000	0.7438	0.2764	1
34823	45152	8.953	0.000	0.7328	0.4135	1
34829	35077	-0.109	0.000	0.7566	0.4637	1
34850	37745	0.003	0.000	0.9413	0.8554	1
34862	35587	3.046	0.000	0.7571	0.3890	1
34862	36095	0.001	0.000	0.9211	0.8047	1
34862	36851	3.048	0.000	0.8774	0.7617	1
34888	38465	1.978	0.000	0.7923	0.5695	1
34889	36102	0.000	0.000	0.9081	0.7586	1
34890	35199	-0.000	0.000	0.8676	0.8269	1
34908	34975	0.088	0.000	0.9330	0.7449	1
34908	35022	2.017	0.000	0.7766	0.3031	1
34908	35924	-2.016	0.000	0.8224	0.7050	1
34908	36396	6.010	0.000	0.7690	0.4935	1
34929	34948	1.002	0.000	0.7794	0.4142	1
34929	35062	-2.007	0.000	0.7575	0.6450	1
34941	39398	-2.016	0.000	0.7327	0.2883	1
34941	43646	-4.033	0.000	0.8028	0.4333	1
34946	35592	-2.016	0.000	0.8057	0.4231	1
34946	39320	-2.015	0.000	0.7813	0.3204	1
34948	35844	-2.016	0.000	0.9300	0.8750	1
34948	36247	0.000	0.000	0.7823	0.7304	1
34948	36392	6.011	0.000	0.8503	0.7434	1
34948	36628	-1.969	0.000	0.8551	0.7840	1
34949	39672	-1.998	0.000	0.8255	0.5148	1
34949	44995	0.984	0.000	0.9069	0.7519	1
34957	40495	-2.016	0.000	0.8262	0.5089	1
34970	41334	-0.073	0.000	0.9145	0.6587	1
34975	35022	1.929	0.000	0.8088	0.3899	1
34988	35848	-2.016	0.000	0.9189	0.8630	1
34988	36325	0.000	0.000	0.7069	0.6263	1
34988	36342	-2.015	0.000	0.9239	0.8621	1
34988	36410	6.011	0.000	0.8484	0.7220	1
35008	35194	0.000	0.000	0.8950	0.7352	1
35009	35195	0.001	0.000	0.9036	0.6125	1
35009	36974	-2.999	0.000	0.7224	0.3356	1
35035	36769	2.015	0.000	0.7469	0.6423	1
35038	35644	-2.016	0.000	0.8354	0.7509	1
35049	36352	-2.015	0.000	0.9324	0.7799	1
35049	41594	-0.035	0.000	0.9044	0.5419	1
35105	39217	3.048	0.000	0.7969	0.6830	1
35109	38051	0.002	0.000	0.7915	0.3781	1
35195	36974	-3.000	0.000	0.7365	0.4604	1
35199	35496	2.016	0.000	0.8317	0.7222	1
35219	45903	0.984	0.000	0.9116	0.7045	1
35226	37584	-1.032	0.000	0.7226	0.5009	1
35226	38561	0.000	0.000	0.7613	0.5750	1
35232	40816	-1.003	0.000	0.7159	0.5078	1
35233	36401	-2.015	0.000	0.7306	0.3980	1
35233	40304	3.995	0.000	0.7922	0.8259	1
35233	40356	-2.016	0.000	0.7894	0.5531	1
35237	45504	0.984	0.000	0.8240	0.5348	1
35238	35769	-2.017	0.000	0.8102	0.4536	1
35242	47120	3.995	0.000	0.7714	0.4658	1
35253	43729	3.996	0.000	0.8230	0.8180	1
35269	36372	-2.017	0.000	0.7966	0.4995	1
35269	40566	-2.017	0.000	0.9014	0.8852	1
35269	42930	-2.016	0.000	0.8557	0.6617	1
35317	40495	-10.019	0.000	0.8228	0.7548	1
35323	35361	2.006	0.000	0.7434	0.6133	1
35326	37168	1.979	0.000	0.8335	0.7393	1
35327	36237	-2.015	0.000	0.9315	0.7017	1
35342	41621	-4.995	0.000	0.7482	0.4434	1
35349	36927	1.979	0.000	0.8744	0.7205	1
35349	38100	3.995	0.000	0.8354	0.6825	1
35349	40254	-4.009	0.000	0.8427	0.6779	1
35361	35660	3.995	0.000	0.7604	0.8129	1
35361	37165	1.979	0.000	0.8675	0.8566	1
35364	36517	3.996	0.000	0.7640	0.7688	1
35364	37193	1.979	0.000	0.8262	0.7411	1
35364	37989	-2.016	0.000	0.7044	0.6680	1
35364	39398	-10.021	0.000	0.8253	0.7260	1
35364	39422	-2.016	0.000	0.8949	0.7741	1
35364	40268	5.975	0.000	0.7215	0.7004	1
35364	41246	-8.041	0.000	0.7127	0.7629	1
35364	42855	-3.036	0.000	0.7185	0.7126	1
35397	36010	-0.001	0.000	0.8430	0.8054	1
35397	38515	-8.062	0.000	0.8305	0.4904	1
35422	36135	0.001	0.000	0.9595	0.9195	1
35422	36326	-2.034	0.000	0.8013	0.7583	1
35422	36626	-1.998	0.000	0.8575	0.8369	1
35422	38151	2.927	0.000	0.7691	0.6407	1
35422	40017	-1.998	0.000	0.8582	0.8404	1
35423	36141	0.002	0.000	0.9413	0.8133	1
35423	36573	-0.036	0.000	0.7431	0.7483	1
35423	40056	-1.998	0.000	0.8696	0.6994	1
35423	42783	-3.036	0.000	0.7765	0.8308	1
35423	42995	-4.010	0.000	0.7918	0.7203	1
35451	35654	9.984	0.000	0.7503	0.6831	1
35451	36138	-0.000	0.000	0.8235	0.5561	1
35451	36480	9.983	0.000	0.7303	0.6616	1
35451	36623	-1.997	0.000	0.8222	0.7671	1
35451	38215	-2.052	0.000	0.7095	0.5690	1
35451	40181	-1.999	0.000	0.8376	0.7578	1
35452	36143	-0.000	0.000	0.9703	0.8993	1
35493	36075	-4.021	0.000	0.7512	0.4138	1
35493	36157	-2.016	0.000	0.8111	0.4548	1
35493	36244	-0.000	0.000	0.9570	0.8033	1
35493	36901	0.000	0.000	0.7647	0.6363	1
35493	37201	-4.022	0.000	0.7205	0.3327	1
35500	40548	2.016	0.000	0.7488	0.5855	1
35500	44745	-9.984	0.000	0.8548	0.6610	1
35504	36168	-0.000	0.000	0.7222	0.6515	1
35504	36914	-0.001	0.000	0.7358	0.5959	1
35504	37674	-0.000	0.000	0.7476	0.3919	1
35504	40517	2.016	0.000	0.7202	0.5263	1
35504	42553	0.984	0.000	0.7333	0.3315	1
35525	36034	-2.016	0.000	0.9383	0.8458	1
35525	36119	0.000	0.000	0.9884	0.9220	1
35525	36419	-2.016	0.000	0.9158	0.7877	1
35525	44960	2.016	0.000	0.7459	0.3618	1
35564	35844	10.020	0.000	0.8336	0.7618	1
35564	36675	-1.032	0.000	0.7101	0.5650	1
35587	36851	0.002	0.000	0.7340	0.3391	1
35592	35654	-3.994	0.000	0.8673	0.7796	1
35592	36480	-3.994	0.000	0.8427	0.7675	1
35592	36685	-2.015	0.000	0.9036	0.8682	1
35592	36713	-1.031	0.000	0.7342	0.7399	1
35592	38796	-2.015	0.000	0.7533	0.7855	1
35592	39209	-5.956	0.000	0.7469	0.4506	1
35592	39320	0.001	0.000	0.9301	0.7261	1
35592	40864	-2.015	0.000	0.8708	0.7120	1
35602	38522	2.016	0.000	0.7104	0.6477	1
35604	38287	-2.015	0.000	0.9012	0.7311	1
35613	36514	-0.001	0.000	0.9489	0.8068	1
35613	36687	1.978	0.000	0.9191	0.8502	1
35613	38287	1.978	0.000	0.7569	0.4755	1
35613	39426	3.994	0.000	0.8822	0.7394	1
35613	40073	1.978	0.000	0.9012	0.8242	1
35613	40254	10.006	0.000	0.8187	0.7245	1
35624	36517	0.000	0.000	0.8574	0.6346	1
35624	36680	1.977	0.000	0.7883	0.5730	1
35624	40268	1.979	0.000	0.7392	0.4278	1
35624	40495	3.994	0.000	0.7730	0.6754	1
35626	36530	-0.000	0.000	0.9244	0.8482	1
35632	36508	0.000	0.000	0.8301	0.4417	1
35654	36480	-0.000	0.000	0.9599	0.9389	1
35654	36685	1.979	0.000	0.9129	0.8177	1
35654	36713	2.963	0.000	0.7503	0.8056	1
35654	37190	0.062	0.000	0.7659	0.6016	1
35654	38063	3.994	0.000	0.7721	0.5335	1
35654	38100	0.984	0.000	0.7096	0.5272	1
35654	38796	1.979	0.000	0.8328	0.8081	1
35654	39209	-1.962	0.000	0.7542	0.4011	1
35654	39320	3.995	0.000	0.8718	0.7590	1
35654	39601	-9.036	0.000	0.7202	0.5869	1
35654	40864	1.979	0.000	0.9017	0.7916	1
35660	36532	0.000	0.000	0.7919	0.4390	1
35660	36681	1.979	0.000	0.8103	0.5081	1
35660	38380	1.979	0.000	0.7081	0.4345	1
35660	39398	3.996	0.000	0.8645	0.7993	1
35660	40227	1.980	0.000	0.9191	0.8704	1
35660	40620	-2.015	0.000	0.8961	0.6713	1
35702	35998	-0.000	0.000	0.8547	0.7763	1
35703	35997	-0.000	0.000	0.9471	0.7647	1
35703	40018	-2.011	0.000	0.8440	0.6840	1
35704	36020	-0.000	0.000	0.9882	0.9361	1
35708	35919	-1.003	0.000	0.9241	0.8046	1
35708	36836	0.000	0.000	0.9331	0.8175	1
35708	36873	-1.002	0.000	0.7713	0.5614	1
35708	37394	-4.022	0.000	0.8597	0.5579	1
35708	37395	-5.025	0.000	0.8104	0.6053	1
35708	37456	0.001	0.000	0.8027	0.6232	1
35708	37561	-2.016	0.000	0.9448	0.7678	1
35777	38215	1.945	0.000	0.7426	0.3510	1
35777	39601	4.945	0.000	0.7425	0.5274	1
35777	41263	1.944	0.000	0.7869	0.4258	1
35777	42301	3.959	0.000	0.7127	0.3360	1
35822	36161	-0.001	0.000	0.9137	0.7101	1
35822	37781	-1.961	0.000	0.8829	0.6935	1
35837	36217	-0.001	0.000	0.7818	0.7825	1
35837	38724	-0.001	0.000	0.8035	0.3842	1
35844	36247	2.016	0.000	0.8557	0.7654	1
35844	36392	8.027	0.000	0.8799	0.7803	1
35844	36628	0.047	0.000	0.9182	0.8106	1
35848	36325	2.016	0.000	0.7793	0.6235	1
35848	36342	0.001	0.000	0.9780	0.9113	1
35848	36410	8.027	0.000	0.8522	0.6768	1
35848	37817	3.996	0.000	0.7067	0.7183	1
35855	36107	-0.002	0.000	0.9535	0.8641	1
35901	36681	-2.016	0.000	0.8023	0.7659	1
35901	40227	-2.015	0.000	0.7517	0.4814	1
35915	36352	0.001	0.000	0.9836	0.8280	1
35919	36836	1.003	0.000	0.8921	0.7866	1
35919	36873	0.001	0.000	0.8080	0.6587	1
35919	37394	-3.019	0.000	0.9182	0.6450	1
35919	37395	-4.022	0.000	0.8944	0.7509	1
35919	37456	1.004	0.000	0.7891	0.6410	1
35919	37561	-1.013	0.000	0.9124	0.7240	1
35924	36396	8.026	0.000	0.7720	0.5413	1
35924	39603	3.047	0.000	0.9160	0.8597	1
35952	36222	0.001	0.000	0.8687	0.3431	1
35967	36247	-1.051	0.000	0.7028	0.7030	1
35967	36326	-2.054	0.000	0.8229	0.6866	1
35967	36626	-2.017	0.000	0.8330	0.6474	1
35967	40017	-2.017	0.000	0.8801	0.6936	1
35969	42013	1.947	0.000	0.8861	0.7310	1
35997	40018	-2.011	0.000	0.8624	0.7975	1
35998	43632	-0.054	0.000	0.7099	0.7665	1
36010	36280	0.001	0.000	0.7554	0.5205	1
36010	38515	-8.060	0.000	0.7551	0.4585	1
36016	36790	-1.982	0.000	0.8451	0.4700	1
36020	36329	0.000	0.000	0.9841	0.9175	1
36034	36119	2.016	0.000	0.9454	0.8466	1
36034	36419	0.000	0.000	0.9706	0.8960	1
36034	44585	2.017	0.000	0.7370	0.3657	1
36049	36866	-4.031	0.000	0.7629	0.7365	1
36049	37702	-4.032	0.000	0.7029	0.5659	1
36049	37904	-2.016	0.000	0.7856	0.5323	1
36049	41396	3.995	0.000	0.8451	0.5593	1
36049	41678	-0.036	0.000	0.7700	0.7635	1
36049	42552	1.979	0.000	0.7047	0.5292	1
36049	43701	3.995	0.000	0.8453	0.8114	1
36049	45698	3.995	0.000	0.7283	0.4672	1
36051	41044	0.000	0.000	0.7752	0.5083	1
36057	37567	0.000	0.000	0.7982	0.6296	1
36057	37882	2.016	0.000	0.7742	0.6117	1
36057	37905	-2.016	0.000	0.8150	0.5823	1
36057	38359	0.000	0.000	0.8082	0.6553	1
36057	39107	3.012	0.000	0.7584	0.6213	1
36057	39123	2.016	0.000	0.7046	0.6098	1
36057	41253	3.011	0.000	0.9104	0.7814	1
36057	41797	2.016	0.000	0.7399	0.5971	1
36057	42548	0.995	0.000	0.7110	0.5677	1
36061	37895	-2.016	0.000	0.7159	0.4346	1
36061	38282	0.000	0.000	0.7027	0.6290	1
36061	38855	-2.016	0.000	0.7029	0.5528	1
36061	42361	-2.016	0.000	0.7458	0.5807	1
36061	42555	1.980	0.000	0.7111	0.5539	1
36061	44354	3.996	0.000	0.7144	0.6836	1
36074	39585	-0.003	0.000	0.9436	0.7970	1
36075	36091	-1.003	0.000	0.9195	0.6232	1
36075	36157	2.006	0.000	0.8336	0.6338	1
36075	36244	4.021	0.000	0.7451	0.4428	1
36075	37201	-0.000	0.000	0.7419	0.6656	1
36075	39624	2.006	0.000	0.7529	0.3832	1
36091	36157	3.009	0.000	0.7601	0.4605	1
36091	39624	3.009	0.000	0.7633	0.5443	1
36095	36851	3.048	0.000	0.9073	0.8746	1
36119	36419	-2.016	0.000	0.9377	0.8228	1
36119	44960	2.016	0.000	0.7443	0.3822	1
36125	36230	3.011	0.000	0.8341	0.7608	1
36135	36326	-2.035	0.000	0.7668	0.7006	1
36135	36626	-1.999	0.000	0.8359	0.8128	1
36135	38151	2.926	0.000	0.7747	0.6490	1
36135	40017	-1.999	0.000	0.8984	0.8776	1
36138	36623	-1.997	0.000	0.7199	0.5486	1
36141	36573	-0.037	0.000	0.7673	0.7630	1
36141	40056	-2.000	0.000	0.8190	0.5651	1
36141	42783	-3.037	0.000	0.7491	0.6857	1
36141	42995	-4.012	0.000	0.7724	0.6130	1
36147	36633	-1.998	0.000	0.7593	0.4110	1
36157	36244	2.015	0.000	0.8096	0.4908	1
36157	39624	0.000	0.000	0.8292	0.4383	1
36161	37781	-1.960	0.000	0.9303	0.6214	1
36168	36914	-0.000	0.000	0.8875	0.7403	1
36168	37674	0.000	0.000	0.7407	0.3779	1
36168	40517	2.016	0.000	0.7491	0.5607	1
36196	37190	0.000	0.000	0.7860	0.4424	1
36217	38724	0.000	0.000	0.7166	0.3780	1
36236	36575	0.002	0.000	0.9475	0.8842	1
36244	36901	0.000	0.000	0.8433	0.8704	1
36244	37201	-4.021	0.000	0.7562	0.3909	1
36244	39624	-2.015	0.000	0.7872	0.5627	1
36247	36392	6.011	0.000	0.8554	0.8198	1
36247	36628	-1.969	0.000	0.8094	0.6589	1
36247	37897	0.995	0.000	0.7165	0.6432	1
36263	36931	0.001	0.000	0.9127	0.8505	1
36263	46391	-9.061	0.000	0.7455	0.6653	1
36264	36303	-0.983	0.000	0.9008	0.6122	1
36264	36921	-0.985	0.000	0.8686	0.5920	1
36264	41416	-2.015	0.000	0.8945	0.7649	1
36264	44500	-9.026	0.000	0.7166	0.6206	1
36265	36912	-0.001	0.000	0.8193	0.6002	1
36266	36317	2.017	0.000	0.7521	0.4781	1
36285	36923	-0.001	0.000	0.9056	0.6672	1
36286	36957	0.000	0.000	0.8824	0.5754	1
36303	36921	-0.002	0.000	0.9562	0.9248	1
36303	37399	3.994	0.000	0.8042	0.8800	1
36303	37985	3.994	0.000	0.7492	0.8254	1
36303	42643	2.972	0.000	0.7071	0.5415	1
36303	43015	-5.031	0.000	0.7228	0.5573	1
36303	43693	-7.047	0.000	0.7443	0.6981	1
36303	44464	1.942	0.000	0.8306	0.8229	1
36311	36918	0.000	0.000	0.9491	0.8717	1
36311	37397	3.995	0.000	0.7643	0.7252	1
36311	37984	3.994	0.000	0.7632	0.7505	1
36311	41446	-2.014	0.000	0.9081	0.7972	1
36311	43674	-7.046	0.000	0.7010	0.5451	1
36311	46391	8.949	0.000	0.7081	0.5735	1
36312	37096	-0.000	0.000	0.9759	0.8838	1
36315	36935	-0.000	0.000	0.9649	0.9082	1
36315	37989	3.011	0.000	0.7209	0.8180	1
36325	36342	-2.015	0.000	0.7811	0.6625	1
36325	36410	6.011	0.000	0.7894	0.7622	1
36325	37817	1.980	0.000	0.7124	0.6318	1
36325	38253	7.970	0.000	0.7398	0.5909	1
36326	36626	0.036	0.000	0.9019	0.8029	1
36326	38151	4.961	0.000	0.7489	0.5794	1
36326	40017	0.036	0.000	0.8661	0.7825	1
36338	37095	0.000	0.000	0.9225	0.6530	1
36338	37780	-2.013	0.000	0.8371	0.7497	1
36342	36410	8.027	0.000	0.8607	0.7263	1
36342	37817	3.996	0.000	0.7153	0.7769	1
36372	40566	0.000	0.000	0.8870	0.5840	1
36372	42930	0.000	0.000	0.8901	0.7336	1
36372	45141	-2.016	0.000	0.7436	0.5009	1
36373	40301	-0.000	0.000	0.9107	0.6543	1
36373	44831	0.001	0.000	0.8683	0.5095	1
36392	36628	-7.980	0.000	0.8325	0.6766	1
36392	41348	5.003	0.000	0.7552	0.6524	1
36393	36542	-0.106	0.000	0.8441	0.8743	1
36401	40356	-0.001	0.000	0.8802	0.7029	1
36410	37817	-4.031	0.000	0.7142	0.7069	1
36410	43010	7.932	0.000	0.7896	0.7741	1
36419	44585	2.017	0.000	0.7427	0.3677	1
36465	36769	-0.000	0.000	0.9399	0.5641	1
36465	36773	-2.006	0.000	0.8265	0.4677	1
36465	36884	-2.962	0.000	0.7692	0.3004	1
36480	36685	1.980	0.000	0.8988	0.8150	1
36480	36713	2.963	0.000	0.7367	0.7914	1
36480	37190	0.062	0.000	0.7759	0.6049	1
36480	38063	3.994	0.000	0.7851	0.5461	1
36480	38100	0.984	0.000	0.7081	0.5084	1
36480	38796	1.979	0.000	0.8443	0.8343	1
36480	39209	-1.962	0.000	0.7781	0.4099	1
36480	39320	3.995	0.000	0.8950	0.7836	1
36480	39601	-9.035	0.000	0.7121	0.5871	1
36480	40864	1.979	0.000	0.9312	0.8112	1
36481	36857	-0.001	0.000	0.9320	0.7522	1
36481	37058	2.016	0.000	0.8624	0.7299	1
36514	36687	1.978	0.000	0.8849	0.7983	1
36514	38287	1.979	0.000	0.7824	0.5598	1
36514	39426	3.995	0.000	0.8595	0.7844	1
36514	40073	1.979	0.000	0.9188	0.8186	1
36514	40254	10.006	0.000	0.8208	0.7481	1
36517	40268	1.979	0.000	0.8333	0.6292	1
36517	40495	3.994	0.000	0.8433	0.7746	1
36532	36681	1.979	0.000	0.8109	0.6923	1
36532	38380	1.979	0.000	0.7673	0.7304	1
36532	39398	3.996	0.000	0.7696	0.4703	1
36532	40227	1.980	0.000	0.7556	0.4254	1
36532	40620	-2.015	0.000	0.8568	0.6320	1
36540	36831	-0.001	0.000	0.8913	0.7241	1
36591	42018	-2.052	0.000	0.7193	0.6550	1
36623	40181	-0.002	0.000	0.9133	0.7312	1
36623	43816	-2.016	0.000	0.8652	0.7268	1
36626	38151	4.925	0.000	0.8062	0.6655	1
36626	40017	-0.000	0.000	0.9357	0.8859	1
36675	41314	3.049	0.000	0.8700	0.7103	1
36680	40495	2.017	0.000	0.7760	0.4859	1
36681	38380	0.000	0.000	0.7135	0.7593	1
36681	39398	2.017	0.000	0.8423	0.5883	1
36681	40227	0.001	0.000	0.8611	0.5568	1
36685	36713	0.984	0.000	0.7088	0.7170	1
36685	38063	2.015	0.000	0.7509	0.5877	1
36685	38796	-0.001	0.000	0.7435	0.7800	1
36685	39209	-3.941	0.000	0.7653	0.4528	1
36685	39320	2.016	0.000	0.8761	0.6693	1
36685	40864	-0.001	0.000	0.9297	0.7325	1
36687	39426	2.017	0.000	0.8790	0.7855	1
36687	40073	0.000	0.000	0.9556	0.9244	1
36687	40254	8.028	0.000	0.8278	0.7894	1
36691	39730	2.023	0.000	0.8005	0.5869	1
36691	40066	0.003	0.000	0.7926	0.3819	1
36694	40069	0.002	0.000	0.8532	0.5894	1
36713	38796	-0.984	0.000	0.8907	0.8095	1
36713	39320	1.032	0.000	0.7438	0.6693	1
36713	40864	-0.984	0.000	0.7131	0.7016	1
36728	38315	-0.985	0.000	0.9337	0.7339	1
36746	36790	1.003	0.000	0.8658	0.4483	1
36747	40491	-6.935	0.000	0.7031	0.6321	1
36748	36884	1.068	0.000	0.7106	0.4348	1
36769	36773	-2.006	0.000	0.8380	0.6265	1
36769	36884	-2.962	0.000	0.7838	0.5536	1
36773	36815	-1.002	0.000	0.7952	0.3579	1
36818	37330	-7.056	0.000	0.8437	0.4121	1
36818	40999	-7.020	0.000	0.8574	0.4110	1
36822	40995	-7.021	0.000	0.7964	0.3670	1
36836	36873	-1.003	0.000	0.8221	0.6432	1
36836	37394	-4.022	0.000	0.8444	0.5376	1
36836	37395	-5.025	0.000	0.7874	0.5696	1
36836	37456	0.000	0.000	0.8260	0.7009	1
36836	37561	-2.016	0.000	0.9325	0.7367	1
36840	39322	0.000	0.000	0.9491	0.8120	1
36846	41616	-2.017	0.000	0.7527	0.2897	1
36852	36889	3.009	0.000	0.8155	0.6687	1
36852	37201	1.003	0.000	0.8466	0.5313	1
36852	37202	0.001	0.000	0.9515	0.6621	1
36857	37058	2.017	0.000	0.8334	0.6061	1
36866	37702	-0.000	0.000	0.8515	0.6370	1
36866	37782	0.984	0.000	0.7121	0.3504	1
36866	37904	2.016	0.000	0.8111	0.5092	1
36866	41678	3.995	0.000	0.9004	0.8703	1
36873	37394	-3.020	0.000	0.8084	0.4745	1
36873	37395	-4.022	0.000	0.8180	0.5870	1
36873	37456	1.003	0.000	0.9500	0.9263	1
36873	37561	-1.014	0.000	0.7845	0.5115	1
36889	37201	-2.006	0.000	0.7862	0.5055	1
36889	37202	-3.008	0.000	0.7793	0.4679	1
36901	37201	-4.022	0.000	0.7001	0.3928	1
36901	39624	-2.016	0.000	0.7622	0.5542	1
36902	37974	2.014	0.000	0.9299	0.8639	1
36914	37674	0.000	0.000	0.8079	0.4994	1
36914	40517	2.016	0.000	0.7061	0.6223	1
36917	39886	-0.983	0.000	0.7604	0.6344	1
36918	37397	3.995	0.000	0.7612	0.6644	1
36918	37984	3.994	0.000	0.8035	0.7262	1
36918	41446	-2.014	0.000	0.8874	0.7054	1
36918	43674	-7.046	0.000	0.7005	0.5062	1
36918	46391	8.949	0.000	0.7033	0.5299	1
36921	37399	3.996	0.000	0.7877	0.8412	1
36921	37985	3.996	0.000	0.7869	0.8637	1
36921	40268	-6.024	0.000	0.7392	0.7499	1
36921	42643	2.974	0.000	0.7210	0.5465	1
36921	43015	-5.029	0.000	0.7137	0.5499	1
36921	43693	-7.045	0.000	0.7245	0.6755	1
36921	44464	1.944	0.000	0.8198	0.8195	1
36927	38100	2.016	0.000	0.7578	0.5591	1
36927	40254	-5.988	0.000	0.8641	0.8439	1
36931	46391	-9.062	0.000	0.7181	0.6209	1
36944	40642	-0.984	0.000	0.7872	0.4665	1
36973	37897	0.001	0.000	0.8280	0.8269	1
36973	38261	2.016	0.000	0.8084	0.7661	1
36974	37820	-0.000	0.000	0.7669	0.4762	1
36974	43632	-0.984	0.000	0.7883	0.5687	1
36976	37755	-0.000	0.000	0.8398	0.6796	1
36977	37735	-0.001	0.000	0.9290	0.5808	1
36990	37932	0.000	0.000	0.8011	0.3557	1
36990	39601	2.017	0.000	0.7435	0.7301	1
36990	41263	-0.985	0.000	0.7280	0.7410	1
36990	42301	1.031	0.000	0.7702	0.6103	1
37064	38930	2.016	0.000	0.7871	0.6853	1
37073	37721	-0.001	0.000	0.9047	0.5734	1
37075	37722	-0.000	0.000	0.7980	0.6578	1
37077	37824	0.001	0.000	0.8920	0.7317	1
37094	38350	-2.014	0.000	0.8337	0.7208	1
37095	37780	-2.013	0.000	0.8266	0.5526	1
37110	37304	3.012	0.000	0.7385	0.6353	1
37165	46417	1.944	0.000	0.7407	0.6827	1
37201	37202	-1.002	0.000	0.8152	0.3506	1
37201	39624	2.006	0.000	0.7265	0.2817	1
37312	38005	-0.002	0.000	0.9817	0.9268	1
37329	40995	3.045	0.000	0.8698	0.4697	1
37330	40999	0.036	0.000	0.9535	0.8747	1
37389	39661	-9.982	0.000	0.7450	0.5809	1
37394	37395	-1.003	0.000	0.9072	0.6691	1
37394	37456	4.022	0.000	0.7871	0.4566	1
37394	37561	2.006	0.000	0.8633	0.5990	1
37395	37456	5.025	0.000	0.7941	0.5460	1
37395	37561	3.009	0.000	0.8039	0.6053	1
37397	37984	-0.001	0.000	0.9378	0.8930	1
37397	42247	-2.015	0.000	0.8266	0.5997	1
37397	46391	4.954	0.000	0.7001	0.6158	1
37399	37985	-0.000	0.000	0.9433	0.8761	1
37399	40268	-10.020	0.000	0.7241	0.7229	1
37399	42632	-2.013	0.000	0.8781	0.6480	1
37399	43015	-9.025	0.000	0.7099	0.5331	1
37400	37989	-0.984	0.000	0.7669	0.4059	1
37400	42248	-2.014	0.000	0.8075	0.5131	1
37404	38198	-0.000	0.000	0.9661	0.9050	1
37418	37651	0.063	0.000	0.7497	0.5047	1
37456	37561	-2.017	0.000	0.8064	0.5674	1
37470	37747	0.019	0.000	0.7082	0.3726	1
37518	37895	6.011	0.000	0.7019	0.5592	1
37518	41396	-5.989	0.000	0.7269	0.5538	1
37518	41503	4.979	0.000	0.7289	0.5668	1
37518	42552	-8.005	0.000	0.7568	0.6186	1
37543	42555	-8.004	0.000	0.7370	0.5661	1
37543	46160	4.979	0.000	0.7038	0.6893	1
37567	37905	-2.016	0.000	0.8358	0.7929	1
37567	38359	0.000	0.000	0.9674	0.9194	1
37567	39107	3.012	0.000	0.7910	0.8043	1
37567	39123	2.016	0.000	0.7589	0.7116	1
37567	41253	3.011	0.000	0.7909	0.7200	1
37567	41797	2.016	0.000	0.8173	0.7977	1
37567	42548	0.995	0.000	0.7147	0.7543	1
37584	38561	1.032	0.000	0.7084	0.7597	1
37599	40356	-0.983	0.000	0.7506	0.5212	1
37620	41621	10.005	0.000	0.8035	0.3677	1
37620	44481	0.985	0.000	0.9496	0.8455	1
37674	40517	2.016	0.000	0.7622	0.5351	1
37674	42553	0.984	0.000	0.9111	0.7746	1
37702	37782	0.984	0.000	0.7661	0.4914	1
37702	37904	2.016	0.000	0.8266	0.6611	1
37702	41396	8.027	0.000	0.7686	0.6777	1
37702	41678	3.995	0.000	0.8072	0.6215	1
37702	42552	6.011	0.000	0.7831	0.7406	1
37702	43701	8.027	0.000	0.7053	0.6354	1
37722	38529	0.036	0.000	0.8589	0.5615	1
37723	41256	-8.005	0.000	0.7366	0.6246	1
37757	38253	-0.034	0.000	0.7343	0.3268	1
37782	37904	1.031	0.000	0.8406	0.6832	1
37782	42552	5.027	0.000	0.7027	0.4888	1
37817	38215	-2.016	0.000	0.8759	0.6971	1
37817	41263	-2.017	0.000	0.9065	0.8216	1
37820	43632	-0.984	0.000	0.8700	0.7478	1
37834	38317	9.023	0.000	0.7555	0.5568	1
37861	41246	-2.016	0.000	0.8220	0.5586	1
37861	44912	-4.031	0.000	0.8417	0.8095	1
37878	38522	0.036	0.000	0.7511	0.4843	1
37882	37905	-4.031	0.000	0.7314	0.4079	1
37882	38359	-2.016	0.000	0.7157	0.4443	1
37895	38282	2.016	0.000	0.7279	0.5136	1
37895	38855	-0.000	0.000	0.8520	0.6466	1
37895	41109	4.032	0.000	0.8008	0.6578	1
37895	41503	-1.032	0.000	0.8096	0.7760	1
37895	42361	-0.000	0.000	0.9184	0.7139	1
37895	42435	0.984	0.000	0.8198	0.8043	1
37895	42555	3.995	0.000	0.8585	0.6430	1
37895	43526	2.016	0.000	0.8739	0.8021	1
37895	44313	-1.031	0.000	0.7878	0.7475	1
37895	44354	6.011	0.000	0.7015	0.5195	1
37895	46080	3.995	0.000	0.8996	0.8585	1
37897	38261	2.015	0.000	0.8387	0.7542	1
37898	41044	2.016	0.000	0.7657	0.4858	1
37898	42390	0.000	0.000	0.8281	0.5928	1
37898	42436	8.026	0.000	0.7045	0.4936	1
37898	43485	2.016	0.000	0.7985	0.5871	1
37898	45211	0.984	0.000	0.8027	0.4659	1
37904	39512	3.995	0.000	0.7723	0.4468	1
37904	40570	4.031	0.000	0.7142	0.6749	1
37904	41367	-0.000	0.000	0.7190	0.4617	1
37904	41396	6.011	0.000	0.8236	0.8217	1
37904	41678	1.979	0.000	0.7321	0.4802	1
37904	42552	3.995	0.000	0.9598	0.8516	1
37904	43701	6.011	0.000	0.7191	0.5311	1
37904	45267	4.980	0.000	0.8404	0.7192	1
37904	45698	6.011	0.000	0.7388	0.7952	1
37905	38359	2.016	0.000	0.8539	0.7744	1
37905	41253	5.027	0.000	0.7206	0.6186	1
37905	41797	4.032	0.000	0.7583	0.7462	1
37905	42548	3.011	0.000	0.9791	0.9127	1
37906	42436	-9.984	0.000	0.7112	0.5798	1
37906	42539	-0.000	0.000	0.8928	0.7630	1
37984	42247	-2.015	0.000	0.8027	0.5502	1
37984	46391	4.955	0.000	0.7036	0.6014	1
37985	40268	-10.020	0.000	0.7413	0.8241	1
37985	42632	-2.013	0.000	0.8779	0.6852	1
37989	42855	-1.019	0.000	0.7320	0.7475	1
37989	45413	1.943	0.000	0.7982	0.7688	1
37993	41912	-1.022	0.000	0.7802	0.8004	1
38000	38643	9.985	0.000	0.7473	0.7007	1
38063	39209	-5.956	0.000	0.7279	0.5778	1
38063	40864	-2.015	0.000	0.7272	0.4567	1
38083	38186	-0.053	0.000	0.9523	0.8754	1
38083	38329	-1.002	0.000	0.7576	0.6587	1
38092	41183	-1.020	0.000	0.7794	0.3760	1
38100	40254	-8.004	0.000	0.7858	0.5465	1
38114	40274	-1.962	0.000	0.7671	0.5092	1
38140	42469	3.047	0.000	0.8964	0.9143	1
38151	40017	-4.925	0.000	0.8132	0.6719	1
38157	38247	2.048	0.000	0.7727	0.6330	1
38170	38183	1.005	0.000	0.8781	0.6996	1
38174	38235	-0.122	0.000	0.9570	0.7852	1
38178	41199	0.022	0.000	0.8924	0.5720	1
38215	41263	-0.001	0.000	0.9326	0.7768	1
38215	42301	2.015	0.000	0.7919	0.8155	1
38247	40908	-1.031	0.000	0.7131	0.6803	1
38252	42235	2.963	0.000	0.7052	0.6373	1
38253	41616	0.034	0.000	0.7233	0.5598	1
38279	41240	0.000	0.000	0.9842	0.9440	1
38279	44866	-2.016	0.000	0.9035	0.7773	1
38282	41109	2.016	0.000	0.8115	0.6703	1
38282	41705	0.984	0.000	0.7314	0.5937	1
38282	42555	1.980	0.000	0.7476	0.6948	1
38282	43526	0.000	0.000	0.7024	0.4158	1
38282	44252	-2.016	0.000	0.7538	0.6530	1
38282	44354	3.996	0.000	0.7426	0.7636	1
38287	39426	2.016	0.000	0.7424	0.5708	1
38287	40073	-0.000	0.000	0.7366	0.5238	1
38287	40254	8.027	0.000	0.7177	0.5454	1
38315	40236	0.001	0.000	0.9504	0.7520	1
38317	38935	5.988	0.000	0.7751	0.5795	1
38343	39466	0.002	0.000	0.9578	0.8243	1
38344	38462	3.010	0.000	0.7182	0.7155	1
38353	38629	-8.970	0.000	0.7734	0.5534	1
38353	43019	6.041	0.000	0.7144	0.6688	1
38355	40892	-0.002	0.000	0.9430	0.8924	1
38359	39107	3.011	0.000	0.7943	0.8120	1
38359	39123	2.016	0.000	0.7658	0.7444	1
38359	41253	3.011	0.000	0.8119	0.7638	1
38359	41797	2.016	0.000	0.8364	0.8563	1
38359	42548	0.995	0.000	0.7249	0.7151	1
38363	41342	0.000	0.000	0.9704	0.8454	1
38363	42229	2.017	0.000	0.7221	0.5732	1
38392	40068	-0.001	0.000	0.9627	0.7559	1
38403	38580	5.989	0.000	0.8017	0.6768	1
38413	38618	-2.018	0.000	0.7302	0.6942	1
38413	41733	-2.016	0.000	0.7528	0.7311	1
38420	42033	-1.981	0.000	0.7187	0.6682	1
38434	39341	-2.016	0.000	0.7988	0.4505	1
38434	40513	-4.030	0.000	0.8105	0.5246	1
38474	39060	7.967	0.000	0.7783	0.6542	1
38509	44259	0.003	0.000	0.7057	0.4137	1
38509	46270	0.003	0.000	0.8911	0.8306	1
38522	38899	-2.016	0.000	0.7722	0.7277	1
38524	40057	-4.030	0.000	0.8654	0.7577	1
38524	40119	-0.000	0.000	0.8460	0.5185	1
38524	40723	-2.014	0.000	0.8563	0.6369	1
38550	38929	2.015	0.000	0.7624	0.8212	1
38550	39795	0.000	0.000	0.9039	0.7473	1
38550	40642	-2.015	0.000	0.8914	0.6834	1
38556	46863	-2.014	0.000	0.7507	0.5451	1
38558	38602	0.094	0.000	0.9567	0.8834	1
38561	40310	3.994	0.000	0.7739	0.8471	1
38588	40356	-2.016	0.000	0.7149	0.5459	1
38594	40300	-2.016	0.000	0.8422	0.7346	1
38618	41733	0.001	0.000	0.9184	0.7013	1
38618	42345	2.014	0.000	0.7306	0.7380	1
38618	44916	-1.028	0.000	0.7659	0.6696	1
38621	42905	0.000	0.000	0.7993	0.3686	1
38629	41471	-2.998	0.000	0.7753	0.6653	1
38659	42522	5.015	0.000	0.8503	0.7486	1
38660	39241	3.009	0.000	0.8406	0.6834	1
38660	40577	0.995	0.000	0.7227	0.4433	1
38752	41545	0.003	0.000	0.9111	0.6253	1
38752	42182	2.016	0.000	0.7244	0.5978	1
38755	42067	0.000	0.000	0.9827	0.8807	1
38755	49557	-0.024	0.000	0.9775	0.7703	1
38755	49561	1.971	0.000	0.8778	0.8145	1
38755	49679	2.963	0.000	0.8690	0.6455	1
38755	49705	0.000	0.000	0.9755	0.7412	1
38755	49709	1.995	0.000	0.8925	0.8642	1
38755	49736	0.997	0.000	0.7965	0.6912	1
38756	49338	0.001	0.000	0.9735	0.9501	1
38796	39209	-3.941	0.000	0.7155	0.4229	1
38796	39320	2.016	0.000	0.7851	0.7046	1
38796	40864	-0.000	0.000	0.7825	0.7256	1
38819	40750	2.016	0.000	0.7153	0.5945	1
38819	42456	0.000	0.000	0.7484	0.6627	1
38855	41109	4.032	0.000	0.7219	0.6314	1
38855	42361	0.000	0.000	0.8468	0.8099	1
38855	42435	0.984	0.000	0.7293	0.4974	1
38855	42555	3.995	0.000	0.7507	0.7476	1
38855	43526	2.016	0.000	0.7792	0.5086	1
38855	44252	0.000	0.000	0.8009	0.6053	1
38855	46080	3.995	0.000	0.7261	0.6310	1
38881	44912	-6.080	0.000	0.8017	0.6561	1
38899	41390	2.016	0.000	0.7403	0.5432	1
38929	39795	-2.015	0.000	0.7480	0.7694	1
38968	43816	-2.981	0.000	0.8183	0.7780	1
38968	45201	-2.052	0.000	0.7501	0.7597	1
38994	39296	-7.039	0.000	0.7621	0.4765	1
38994	40620	5.957	0.000	0.8263	0.6080	1
38994	43646	9.951	0.000	0.8214	0.6609	1
38994	44866	-6.079	0.000	0.8235	0.6030	1
38996	39296	9.988	0.000	0.7438	0.7785	1
38996	44059	7.936	0.000	0.8676	0.7987	1
38996	45201	-6.080	0.000	0.8415	0.7405	1
39023	39704	2.014	0.000	0.7604	0.7259	1
39024	42210	0.984	0.000	0.8027	0.7649	1
39066	40102	0.932	0.000	0.7157	0.6896	1
39107	41253	-0.000	0.000	0.7448	0.7231	1
39107	42548	-2.016	0.000	0.7218	0.7689	1
39122	41959	-0.002	0.000	0.9180	0.7550	1
39123	41797	0.000	0.000	0.9417	0.8813	1
39187	40050	-2.013	0.000	0.8619	0.7777	1
39205	41911	-0.001	0.000	0.8523	0.6451	1
39209	39320	5.957	0.000	0.7561	0.3529	1
39209	40864	3.941	0.000	0.7584	0.3472	1
39209	42301	-8.059	0.000	0.7401	0.3730	1
39222	39421	9.056	0.000	0.7153	0.5610	1
39227	41897	3.045	0.000	0.7660	0.3744	1
39240	40575	0.998	0.000	0.7197	0.5813	1
39241	40577	-2.014	0.000	0.7683	0.5565	1
39274	43674	0.000	0.000	0.7102	0.4474	1
39274	44471	-1.979	0.000	0.7493	0.6679	1
39274	45966	-2.015	0.000	0.7064	0.5062	1
39296	44866	0.959	0.000	0.8442	0.7371	1
39320	40864	-2.017	0.000	0.9271	0.9080	1
39325	40441	-0.032	0.000	0.7121	0.6579	1
39341	40513	-2.014	0.000	0.9336	0.7520	1
39361	43448	-2.052	0.000	0.7804	0.5115	1
39398	40227	-2.016	0.000	0.9020	0.8545	1
39398	43646	-2.017	0.000	0.8988	0.6825	1
39404	39607	0.046	0.000	0.7609	0.5874	1
39426	40073	-2.016	0.000	0.8787	0.7699	1
39426	40254	6.011	0.000	0.8333	0.8159	1
39447	45152	-5.027	0.000	0.7165	0.4785	1
39466	40236	-2.015	0.000	0.9347	0.7344	1
39512	41678	-2.016	0.000	0.7873	0.7076	1
39512	42552	0.000	0.000	0.7839	0.5029	1
39512	45267	0.985	0.000	0.7661	0.5256	1
39541	39730	-2.009	0.000	0.8874	0.5437	1
39543	41044	0.000	0.000	0.7389	0.4256	1
39592	42428	-2.014	0.000	0.8433	0.5670	1
39601	42301	-0.986	0.000	0.7656	0.5603	1
39720	41332	-0.001	0.000	0.8166	0.7706	1
39730	40066	-2.021	0.000	0.8039	0.4937	1
39762	39803	-0.001	0.000	0.7461	0.3087	1
39795	40642	-2.015	0.000	0.8484	0.7812	1
39795	40816	-1.004	0.000	0.7151	0.3190	1
39818	41386	2.015	0.000	0.7069	0.5770	1
39818	42361	-3.995	0.000	0.7075	0.4305	1
39818	42555	0.000	0.000	0.7372	0.4573	1
39818	44354	2.016	0.000	0.7704	0.5412	1
39818	46080	-0.000	0.000	0.7546	0.3746	1
39862	41537	-0.001	0.000	0.7606	0.7894	1
39883	41471	-3.904	0.000	0.7111	0.7415	1
39883	44883	-9.000	0.000	0.7086	0.6196	1
39888	39984	1.001	0.000	0.7103	0.5942	1
39890	41854	0.001	0.000	0.8399	0.6973	1
39979	42479	4.989	0.000	0.7262	0.4535	1
39987	40038	0.054	0.000	0.9768	0.9495	1
40029	41508	-2.012	0.000	0.9106	0.6971	1
40056	42345	3.012	0.000	0.7069	0.7023	1
40056	42783	-1.038	0.000	0.7479	0.6720	1
40056	42995	-2.012	0.000	0.7918	0.6832	1
40057	40119	4.029	0.000	0.9456	0.6276	1
40057	40723	2.015	0.000	0.9747	0.7921	1
40073	40254	8.028	0.000	0.8412	0.7733	1
40119	40723	-2.014	0.000	0.9764	0.7837	1
40178	40765	-2.016	0.000	0.9539	0.8578	1
40181	43816	-2.015	0.000	0.9139	0.8154	1
40245	40621	1.996	0.000	0.7341	0.6523	1
40268	40495	2.016	0.000	0.8002	0.5566	1
40268	42855	-9.010	0.000	0.7158	0.7548	1
40301	44831	0.001	0.000	0.9485	0.7755	1
40304	45033	-2.017	0.000	0.8877	0.7411	1
40382	47120	2.016	0.000	0.7226	0.4143	1
40418	45035	-2.015	0.000	0.7858	0.6294	1
40441	42908	0.001	0.000	0.9478	0.9078	1
40461	41848	-2.015	0.000	0.9705	0.8418	1
40505	43255	3.012	0.000	0.8838	0.7154	1
40517	41731	0.984	0.000	0.7617	0.4674	1
40545	43879	1.928	0.000	0.8971	0.7840	1
40548	41390	2.016	0.000	0.7452	0.7328	1
40566	42930	0.000	0.000	0.9113	0.7136	1
40570	41396	1.979	0.000	0.7176	0.6566	1
40570	44939	3.995	0.000	0.7750	0.6972	1
40579	40580	-1.002	0.000	0.7227	0.3718	1
40592	40699	-1.003	0.000	0.8228	0.7501	1
40592	47978	0.985	0.000	0.8683	0.5406	1
40606	46863	2.017	0.000	0.7644	0.3920	1
40620	43646	3.994	0.000	0.8393	0.7960	1
40632	43009	0.001	0.000	0.9774	0.9363	1
40632	43564	8.060	0.000	0.7153	0.6947	1
40699	40700	-2.006	0.000	0.7109	0.4177	1
40699	47978	1.988	0.000	0.7218	0.4257	1
40806	45767	-0.036	0.000	0.7190	0.3898	1
40898	42506	-0.005	0.000	0.7406	0.4632	1
40907	44974	0.001	0.000	0.7823	0.6576	1
40907	46861	0.001	0.000	0.7636	0.5501	1
40985	45169	-2.052	0.000	0.7158	0.6580	1
41004	43052	3.046	0.000	0.8904	0.6605	1
41044	42390	-2.016	0.000	0.7938	0.6665	1
41044	43485	0.000	0.000	0.7933	0.7092	1
41047	41067	-0.000	0.000	0.7962	0.6905	1
41049	41069	-0.004	0.000	0.7257	0.6368	1
41104	43699	-0.000	0.000	0.7396	0.4012	1
41109	42361	-4.032	0.000	0.7615	0.7095	1
41109	42555	-0.036	0.000	0.7352	0.6843	1
41109	43526	-2.016	0.000	0.7925	0.5500	1
41109	44354	1.980	0.000	0.7294	0.6290	1
41125	43257	-0.001	0.000	0.9367	0.7885	1
41161	43503	0.001	0.000	0.7003	0.6113	1
41175	44616	-0.986	0.000	0.7157	0.6973	1
41183	44341	0.035	0.000	0.7067	0.4728	1
41195	41200	-2.015	0.000	0.7445	0.6528	1
41240	44866	-2.016	0.000	0.9082	0.8192	1
41246	44912	-2.015	0.000	0.8210	0.5608	1
41253	41618	-4.032	0.000	0.7732	0.7321	1
41253	42548	-2.016	0.000	0.8632	0.7667	1
41263	42301	2.015	0.000	0.8187	0.7385	1
41333	44616	3.045	0.000	0.7911	0.7633	1
41342	42229	2.016	0.000	0.7332	0.5036	1
41367	42552	3.995	0.000	0.7475	0.5249	1
41386	44354	0.001	0.000	0.7291	0.3915	1
41391	44914	-2.016	0.000	0.9045	0.7023	1
41396	41678	-4.031	0.000	0.7095	0.4541	1
41396	42552	-2.016	0.000	0.9045	0.8387	1
41396	43701	0.000	0.000	0.8240	0.5855	1
41396	44939	2.016	0.000	0.8070	0.6349	1
41396	45698	0.000	0.000	0.8798	0.8621	1
41403	43120	3.012	0.000	0.7129	0.7472	1
41403	44176	-3.037	0.000	0.8571	0.6077	1
41416	42632	3.013	0.000	0.7201	0.8002	1
41446	43674	-5.033	0.000	0.7185	0.6722	1
41446	45966	-7.048	0.000	0.7198	0.5920	1
41478	41923	-0.984	0.000	0.7762	0.4453	1
41503	41705	4.032	0.000	0.7234	0.6676	1
41503	42361	1.032	0.000	0.7562	0.6160	1
41503	42435	2.016	0.000	0.7625	0.7083	1
41503	43526	3.047	0.000	0.7169	0.6553	1
41503	43706	-2.016	0.000	0.7559	0.6614	1
41503	44313	0.000	0.000	0.8823	0.8385	1
41503	46080	5.027	0.000	0.7300	0.6977	1
24944	25556	0.001	0.000	0.7702	0.3873	1
24944	26203	0.001	0.000	0.8064	0.4629	1
24944	26751	0.000	0.000	0.7288	0.2793	1
24944	27413	2.016	0.000	0.7018	0.4238	1
24944	29899	0.000	0.000	0.8562	0.5657	1
24944	30177	-7.039	0.000	0.7487	0.4294	1
24944	31311	-8.023	0.000	0.8018	0.7250	1
24944	31819	5.957	0.000	0.7747	0.3459	1
24944	33672	7.937	0.000	0.7095	0.3261	1
24944	34948	9.952	0.000	0.7835	0.3395	1
24944	35195	-3.079	0.000	0.7024	0.4488	1
24944	35844	7.936	0.000	0.7674	0.3437	1
24944	36628	7.983	0.000	0.7158	0.2896	1
24944	36974	-6.079	0.000	0.7485	0.4338	1
24944	37820	-6.079	0.000	0.7033	0.2388	1
25007	25695	-0.000	0.000	0.8737	0.7118	1
25007	27269	-0.982	0.000	0.7146	0.5404	1
25007	29900	-0.982	0.000	0.8837	0.7620	1
25007	33565	-2.014	0.000	0.7492	0.4193	1
25007	34161	-2.015	0.000	0.7520	0.3706	1
25007	35604	7.936	0.000	0.7205	0.4353	1
25020	25647	0.000	0.000	0.9710	0.9340	1
25020	38170	-1.041	0.000	0.8409	0.6622	1
25020	38183	-0.036	0.000	0.9008	0.6050	1
25038	26475	0.000	0.000	0.8347	0.6769	1
25057	25439	2.015	0.000	0.8340	0.6330	1
25057	25794	-0.000	0.000	0.9817	0.9392	1
25115	25792	0.000	0.000	0.9723	0.9506	1
25125	26553	-0.000	0.000	0.9035	0.6017	1
25183	25967	0.002	0.000	0.7442	0.5193	1
25204	26939	2.962	0.000	0.7216	0.5969	1
25204	28000	1.979	0.000	0.7348	0.4567	1
25204	30025	-10.022	0.000	0.7084	0.4477	1
25204	30826	-0.000	0.000	0.7882	0.3766	1
25204	32962	1.979	0.000	0.7382	0.3331	1
25204	33698	3.995	0.000	0.7919	0.7208	1
25204	34988	-10.021	0.000	0.7697	0.3755	1
25204	36410	-4.010	0.000	0.7530	0.4293	1
25248	41390	3.995	0.000	0.7083	0.5875	1
25279	30612	-3.947	0.000	0.8662	0.5848	1
25305	25610	-0.038	0.000	0.9452	0.9052	1
25305	26578	-0.001	0.000	0.7065	0.4497	1
25309	29563	1.942	0.000	0.7001	0.3875	1
25309	33767	0.957	0.000	0.7464	0.6115	1
25309	34271	0.958	0.000	0.7992	0.5160	1
25374	38761	6.958	0.000	0.7740	0.4937	1
25439	25794	-2.015	0.000	0.8331	0.6372	1
25460	25901	-2.016	0.000	0.9363	0.6046	1
25463	25681	9.058	0.000	0.7442	0.6155	1
25529	25639	-1.012	0.000	0.7470	0.3171	1
25529	25901	1.003	0.000	0.7116	0.4060	1
25547	25580	0.000	0.000	0.8856	0.8067	1
25552	26504	0.982	0.000	0.7030	0.4109	1
25552	27269	0.001	0.000	0.8655	0.6798	1
25552	31817	5.955	0.000	0.7125	0.4058	1
25552	34988	9.950	0.000	0.7559	0.4205	1
25552	35848	7.934	0.000	0.7110	0.3810	1
25552	36342	7.935	0.000	0.7176	0.4103	1
25552	37897	-6.081	0.000	0.7072	0.3757	1
25552	38261	-4.065	0.000	0.7536	0.4522	1
25556	26203	-0.000	0.000	0.9450	0.8179	1
25556	26751	-0.000	0.000	0.9310	0.6980	1
25556	27413	2.015	0.000	0.8203	0.7098	1
25556	27903	2.016	0.000	0.7716	0.5029	1
25556	29899	-0.000	0.000	0.8688	0.6824	1
25556	30177	-7.039	0.000	0.7860	0.6287	1
25556	30446	-4.029	0.000	0.7091	0.6555	1
25556	31819	5.956	0.000	0.8596	0.7515	1
25556	33672	7.937	0.000	0.7905	0.7380	1
25556	34948	9.951	0.000	0.8390	0.6925	1
25556	35844	7.935	0.000	0.8510	0.7430	1
25556	36247	9.951	0.000	0.8126	0.8165	1
25556	36628	7.982	0.000	0.8049	0.6398	1
25556	36974	-6.080	0.000	0.7703	0.7059	1
25556	37820	-6.080	0.000	0.8146	0.5424	1
25556	43632	-7.064	0.000	0.8056	0.6665	1
25559	29896	-0.000	0.000	0.8704	0.8060	1
25567	26196	0.000	0.000	0.7955	0.4901	1
25567	26744	-0.000	0.000	0.8676	0.7999	1
25567	29612	-2.016	0.000	0.7094	0.5008	1
25567	38994	-4.032	0.000	0.7464	0.5426	1
25610	26578	0.037	0.000	0.7355	0.4635	1
25623	33668	7.932	0.000	0.8011	0.6753	1
25623	34160	-2.020	0.000	0.7485	0.4234	1
25623	34946	9.948	0.000	0.8229	0.5154	1
25623	36970	-6.081	0.000	0.7348	0.4635	1
25633	25639	1.003	0.000	0.8209	0.6339	1
25639	25901	2.016	0.000	0.7208	0.6842	1
25639	26351	-2.016	0.000	0.7226	0.6101	1
25647	38170	-1.041	0.000	0.8198	0.6622	1
25647	38183	-0.037	0.000	0.8788	0.6050	1
25695	27269	-0.982	0.000	0.7148	0.5185	1
25695	29900	-0.982	0.000	0.7900	0.5768	1
25695	33565	-2.013	0.000	0.7086	0.3384	1
25695	34161	-2.015	0.000	0.7214	0.3027	1
25695	35604	7.936	0.000	0.7336	0.3883	1
25764	26777	0.000	0.000	0.9354	0.7355	1
25769	27385	-0.000	0.000	0.9160	0.6642	1
25779	26761	-0.000	0.000	0.9623	0.9585	1
25827	26697	-0.000	0.000	0.8087	0.7700	1
25827	29993	2.016	0.000	0.7501	0.6757	1
25827	40517	3.995	0.000	0.7796	0.6533	1
25833	31232	-7.010	0.000	0.7284	0.4344	1
25833	32995	8.986	0.000	0.7471	0.5500	1
25839	26577	0.000	0.000	0.9811	0.8812	1
25882	26238	0.970	0.000	0.7621	0.6325	1
25937	29288	2.014	0.000	0.7253	0.5665	1
25937	32458	2.014	0.000	0.8261	0.6159	1
26015	27154	-0.000	0.000	0.8785	0.8025	1
26090	34520	-7.010	0.000	0.8113	0.7588	1
26144	30722	-0.036	0.000	0.8059	0.5055	1
26145	26190	0.141	0.000	0.7843	0.7684	1
26171	34946	9.949	0.000	0.7119	0.5462	1
26186	27931	2.962	0.000	0.8427	0.6564	1
26186	28827	1.978	0.000	0.7687	0.5786	1
26186	30880	-10.022	0.000	0.8609	0.8041	1
26186	36247	0.947	0.000	0.7026	0.6519	1
26196	26744	-0.000	0.000	0.7955	0.4979	1
26203	26751	-0.000	0.000	0.9094	0.6009	1
26203	27413	2.016	0.000	0.8041	0.7314	1
26203	27903	2.016	0.000	0.7724	0.5729	1
26203	29899	-0.000	0.000	0.8913	0.7937	1
26203	30177	-7.039	0.000	0.7852	0.6996	1
26203	31819	5.956	0.000	0.8451	0.6597	1
26203	33672	7.937	0.000	0.7692	0.6313	1
26203	34948	9.951	0.000	0.8149	0.5858	1
26203	35844	7.936	0.000	0.8291	0.6446	1
26203	36247	9.952	0.000	0.7937	0.7152	1
26203	36628	7.983	0.000	0.7865	0.5600	1
26203	36974	-6.080	0.000	0.7561	0.7154	1
26203	37820	-6.080	0.000	0.7870	0.4624	1
26203	43632	-7.064	0.000	0.7764	0.5692	1
26209	29896	-0.000	0.000	0.9126	0.8761	1
26263	28865	1.979	0.000	0.7409	0.4423	1
26263	30794	-0.035	0.000	0.8515	0.7208	1
26263	36396	-4.047	0.000	0.7995	0.6203	1
26320	26329	0.039	0.000	0.9256	0.6817	1
26456	27413	-0.001	0.000	0.8343	0.3815	1
26456	27903	-0.000	0.000	0.8795	0.5506	1
26504	27269	-0.981	0.000	0.7726	0.5574	1
26622	35812	1.943	0.000	0.7468	0.5225	1
26697	29993	2.016	0.000	0.7316	0.6549	1
26744	29612	-2.016	0.000	0.7205	0.5056	1
26744	34941	9.952	0.000	0.7190	0.5331	1
26744	38994	-4.031	0.000	0.7470	0.5515	1
26751	27413	2.016	0.000	0.8216	0.5385	1
26751	27903	2.016	0.000	0.7613	0.3665	1
26751	29899	-0.000	0.000	0.8062	0.4868	1
26751	30177	-7.039	0.000	0.7460	0.4655	1
26751	30446	-4.029	0.000	0.7134	0.7102	1
26751	31819	5.956	0.000	0.8580	0.7514	1
26751	33672	7.937	0.000	0.7739	0.7188	1
26751	34948	9.951	0.000	0.8285	0.7582	1
26751	35844	7.936	0.000	0.8382	0.7461	1
26751	36247	9.952	0.000	0.7923	0.6457	1
26751	36628	7.983	0.000	0.7885	0.7305	1
26751	36974	-6.080	0.000	0.7220	0.5230	1
26751	37820	-6.080	0.000	0.8490	0.7648	1
26751	43632	-7.064	0.000	0.8231	0.8322	1
26856	32163	-0.000	0.000	0.8674	0.5631	1
26856	39675	1.944	0.000	0.7245	0.4182	1
26882	27984	-2.016	0.000	0.7318	0.5301	1
26928	27708	0.038	0.000	0.7584	0.3620	1
26928	28084	0.001	0.000	0.8328	0.2776	1
26928	31585	0.000	0.000	0.8924	0.4582	1
26928	31945	-0.000	0.000	0.9458	0.7244	1
26928	32247	-0.001	0.000	0.8311	0.2654	1
26935	26941	-1.002	0.000	0.9583	0.8890	1
26991	30755	-6.936	0.000	0.8996	0.8632	1
27088	28126	-0.000	0.000	0.7358	0.7076	1
27088	34050	-0.000	0.000	0.7239	0.6004	1
27094	28129	-0.000	0.000	0.8727	0.8898	1
27094	34062	0.984	0.000	0.8024	0.8386	1
27147	27656	-0.000	0.000	0.9547	0.7695	1
27154	38225	-6.008	0.000	0.7251	0.5673	1
27180	28435	-2.016	0.000	0.8394	0.4980	1
27196	30872	0.000	0.000	0.9382	0.6530	1
27196	30875	-2.007	0.000	0.8531	0.6306	1
27196	31501	0.002	0.000	0.8834	0.4352	1
27200	30965	0.000	0.000	0.9633	0.8749	1
27200	31543	-0.001	0.000	0.9315	0.7803	1
27227	30197	-0.036	0.000	0.8013	0.6812	1
27242	27553	8.964	0.000	0.9037	0.8805	1
27269	29900	-0.001	0.000	0.7371	0.6230	1
27269	30025	9.948	0.000	0.7107	0.4760	1
27269	32944	-5.099	0.000	0.7043	0.5386	1
27269	34988	9.949	0.000	0.7254	0.3344	1
27269	38261	-4.066	0.000	0.7235	0.3557	1
27413	27903	0.000	0.000	0.8980	0.6066	1
27413	29899	-2.016	0.000	0.7139	0.6657	1
27413	32629	9.952	0.000	0.7004	0.2958	1
27519	28506	2.963	0.000	0.8043	0.6437	1
27519	29683	1.979	0.000	0.7703	0.6057	1
27519	30880	3.995	0.000	0.8543	0.7047	1
27519	31981	1.979	0.000	0.8086	0.4938	1
27637	28236	-0.000	0.000	0.7082	0.5539	1
27708	28084	-0.037	0.000	0.7669	0.4852	1
27708	31427	1.977	0.000	0.7533	0.3923	1
27708	31577	-2.044	0.000	0.8065	0.5027	1
27708	31585	-0.038	0.000	0.8094	0.6526	1
27708	31945	-0.039	0.000	0.7933	0.4804	1
27708	32247	-0.039	0.000	0.7828	0.4784	1
27708	34706	6.023	0.000	0.7031	0.3583	1
27722	27731	1.003	0.000	0.8561	0.6455	1
27837	32181	0.000	0.000	0.8135	0.4888	1
27837	32467	-2.015	0.000	0.7261	0.3954	1
27837	36303	-2.015	0.000	0.7355	0.3686	1
27837	36921	-2.017	0.000	0.7548	0.3786	1
27838	28000	-0.037	0.000	0.7806	0.6010	1
27839	32185	-0.038	0.000	0.8726	0.7465	1
27839	36325	4.988	0.000	0.7274	0.7648	1
27931	28827	-0.985	0.000	0.7690	0.4396	1
27962	27972	-1.003	0.000	0.8345	0.6005	1
27984	34064	0.000	0.000	0.8751	0.5271	1
27993	28126	3.011	0.000	0.9291	0.6314	1
27993	34050	3.011	0.000	0.9315	0.7085	1
28000	30826	-1.980	0.000	0.8033	0.6271	1
28000	31779	2.017	0.000	0.7068	0.7003	1
28000	32962	0.000	0.000	0.8236	0.6188	1
28000	36410	-5.989	0.000	0.8050	0.7482	1
28084	30343	6.061	0.000	0.7541	0.2348	1
28084	30965	-2.940	0.000	0.7199	0.2124	1
28084	31427	2.014	0.000	0.8112	0.2842	1
28084	31577	-2.007	0.000	0.8625	0.6787	1
28084	31585	-0.001	0.000	0.9179	0.5788	1
28084	31945	-0.001	0.000	0.8508	0.3502	1
28084	32247	-0.002	0.000	0.9684	0.8756	1
28084	34706	6.060	0.000	0.7366	0.2664	1
28084	36919	1.978	0.000	0.7353	0.5965	1
28084	37862	1.979	0.000	0.7134	0.3662	1
28088	31549	-0.002	0.000	0.9772	0.9120	1
28088	32203	-0.002	0.000	0.9582	0.8036	1
28126	34050	-0.000	0.000	0.9460	0.8102	1
28129	34062	0.984	0.000	0.9460	0.8570	1
28191	30190	0.001	0.000	0.8551	0.6982	1
28312	30195	0.000	0.000	0.8506	0.7013	1
28318	38422	9.034	0.000	0.7190	0.4138	1
28325	28338	2.005	0.000	0.8726	0.6158	1
28325	29526	3.985	0.000	0.8067	0.4209	1
28325	29869	3.985	0.000	0.8045	0.5152	1
28325	30433	8.066	0.000	0.7302	0.3461	1
28325	33495	3.984	0.000	0.7998	0.4328	1
28338	29869	1.979	0.000	0.7549	0.5894	1
28338	30433	6.061	0.000	0.7382	0.3206	1
28338	32351	1.980	0.000	0.7177	0.5746	1
28506	29683	-0.983	0.000	0.7572	0.4755	1
28506	30880	1.032	0.000	0.8236	0.7677	1
28506	31981	-0.983	0.000	0.7370	0.3839	1
28506	32549	-3.046	0.000	0.7252	0.3930	1
28508	31032	1.032	0.000	0.7985	0.6134	1
28508	36653	1.068	0.000	0.8281	0.7433	1
28548	29496	0.000	0.000	0.9554	0.9115	1
28637	31166	-0.985	0.000	0.7402	0.3372	1
28637	31838	-0.985	0.000	0.7633	0.6090	1
28715	29900	5.098	0.000	0.8046	0.7208	1
28715	31340	-2.926	0.000	0.8039	0.6837	1
28715	31863	-6.974	0.000	0.7711	0.6208	1
28715	32944	0.000	0.000	0.8216	0.5189	1
28715	33589	0.000	0.000	0.7245	0.6398	1
28715	35008	2.016	0.000	0.7064	0.5785	1
28715	35194	2.017	0.000	0.7188	0.5380	1
28720	30029	-0.000	0.000	0.7152	0.4145	1
28727	31185	1.979	0.000	0.7838	0.4041	1
28735	29143	0.000	0.000	0.7702	0.6594	1
28796	31817	-2.015	0.000	0.7170	0.4482	1
28796	32529	0.948	0.000	0.7261	0.4754	1
28796	33640	-0.036	0.000	0.7599	0.4563	1
28796	35604	0.949	0.000	0.7968	0.8079	1
28814	33049	-0.035	0.000	0.8906	0.6810	1
28814	33075	-1.039	0.000	0.7419	0.4763	1
28814	33418	-0.037	0.000	0.7050	0.3884	1
28827	33105	0.985	0.000	0.7137	0.3662	1
28865	30794	-2.015	0.000	0.7556	0.4189	1
28865	33459	3.011	0.000	0.8504	0.6208	1
28865	36396	-6.026	0.000	0.7327	0.5082	1
28880	33218	0.000	0.000	0.9474	0.8185	1
28907	28915	1.004	0.000	0.9020	0.8006	1
28914	30593	-2.016	0.000	0.8419	0.6093	1
28914	30989	-2.016	0.000	0.8959	0.8360	1
28994	30201	-0.000	0.000	0.7328	0.6457	1
28994	31838	-2.016	0.000	0.7072	0.5724	1
29038	30625	-2.016	0.000	0.7217	0.5515	1
29085	31188	-0.000	0.000	0.8195	0.7328	1
29107	29108	-1.003	0.000	0.9251	0.7934	1
29166	29932	0.001	0.000	0.7195	0.2140	1
29348	30201	-0.000	0.000	0.7879	0.6107	1
29348	31838	-2.016	0.000	0.7348	0.5851	1
29417	30047	0.000	0.000	0.9493	0.8713	1
29445	29462	2.007	0.000	0.8305	0.7762	1
29493	31561	-0.000	0.000	0.9619	0.9315	1
29502	30666	2.017	0.000	0.7316	0.5154	1
29502	31107	1.995	0.000	0.7688	0.7045	1
29502	31153	-2.015	0.000	0.7306	0.5693	1
29502	32626	2.017	0.000	0.7857	0.5749	1
29502	32861	0.000	0.000	0.8271	0.7813	1
29502	33159	0.000	0.000	0.9467	0.9125	1
29502	34815	0.000	0.000	0.7217	0.5324	1
29502	35253	-2.015	0.000	0.7578	0.5103	1
29502	44365	3.995	0.000	0.7942	0.6928	1
29518	33158	0.000	0.000	0.8930	0.7668	1
29518	38929	0.984	0.000	0.7847	0.4897	1
29526	29869	0.000	0.000	0.8910	0.4427	1
29526	33212	0.000	0.000	0.9576	0.7685	1
29526	33495	-0.001	0.000	0.9572	0.8933	1
29563	32995	-6.972	0.000	0.8183	0.6088	1
29563	33767	-0.986	0.000	0.7413	0.4325	1
29563	34271	-0.985	0.000	0.7011	0.2608	1
29568	33006	-6.974	0.000	0.7264	0.4495	1
29568	35097	0.037	0.000	0.9103	0.7881	1
29604	29640	2.015	0.000	0.9692	0.8740	1
29604	33203	9.011	0.000	0.9274	0.8592	1
29604	34077	-5.005	0.000	0.8820	0.5833	1
29608	35624	5.958	0.000	0.8205	0.7990	1
29608	36517	5.958	0.000	0.7715	0.5663	1
29608	38881	-2.015	0.000	0.7903	0.6677	1
29608	40268	7.937	0.000	0.7401	0.4191	1
29608	40495	9.953	0.000	0.7753	0.6417	1
29608	41246	-6.079	0.000	0.7371	0.4568	1
29612	31920	5.957	0.000	0.8525	0.7728	1
29612	34453	-7.038	0.000	0.7535	0.7010	1
29612	35660	5.956	0.000	0.7751	0.4757	1
29612	36532	5.957	0.000	0.7800	0.6963	1
29612	36681	7.935	0.000	0.8691	0.8391	1
29612	38279	-6.079	0.000	0.7988	0.5401	1
29612	38380	7.936	0.000	0.7347	0.7736	1
29612	38994	-2.015	0.000	0.8643	0.7804	1
29612	39398	9.952	0.000	0.7880	0.5300	1
29612	40227	7.936	0.000	0.7989	0.5006	1
29612	41240	-6.078	0.000	0.8014	0.5556	1
29614	29648	-0.983	0.000	0.8633	0.6358	1
29614	34160	-0.984	0.000	0.9153	0.8549	1
29614	38996	-2.015	0.000	0.8214	0.4504	1
29640	33203	6.996	0.000	0.9364	0.8265	1
29640	34077	-7.020	0.000	0.8987	0.5936	1
29648	30095	-7.040	0.000	0.8012	0.7660	1
29648	31921	5.956	0.000	0.8223	0.6012	1
29648	33896	-7.039	0.000	0.8030	0.6231	1
29648	34160	-0.001	0.000	0.7960	0.5536	1
29648	34469	-7.039	0.000	0.7629	0.5499	1
29648	35592	9.951	0.000	0.8169	0.6561	1
29648	35654	5.957	0.000	0.8285	0.5909	1
29648	35777	-8.024	0.000	0.7774	0.5511	1
29648	36480	5.957	0.000	0.8117	0.5790	1
29648	36685	7.936	0.000	0.8324	0.6517	1
29648	36990	-5.096	0.000	0.7040	0.5987	1
29648	38063	9.951	0.000	0.7555	0.7442	1
29648	38215	-6.079	0.000	0.7855	0.5027	1
29648	38796	7.936	0.000	0.7380	0.5971	1
29648	39209	3.995	0.000	0.8108	0.5959	1
29648	39320	9.952	0.000	0.7996	0.4973	1
29648	40864	7.935	0.000	0.8031	0.4955	1
29648	41263	-6.080	0.000	0.8128	0.6076	1
29648	42301	-4.065	0.000	0.7675	0.5103	1
29683	33674	-3.047	0.000	0.8460	0.7127	1
29683	35564	0.948	0.000	0.8269	0.4454	1
29686	30070	0.000	0.000	0.9193	0.7553	1
29713	30932	2.015	0.000	0.7524	0.7121	1
29713	32550	0.948	0.000	0.8431	0.4841	1
29713	33677	-0.036	0.000	0.7989	0.4149	1
29713	33714	0.052	0.000	0.7825	0.3510	1
29869	33212	0.000	0.000	0.8546	0.3414	1
29869	33495	-0.001	0.000	0.8580	0.4124	1
29899	30177	-7.039	0.000	0.8549	0.7408	1
29899	31311	-8.023	0.000	0.7567	0.4573	1
29899	31819	5.957	0.000	0.8714	0.5849	1
29899	33672	7.937	0.000	0.7934	0.5507	1
29899	34948	9.952	0.000	0.8364	0.5398	1
29899	35844	7.936	0.000	0.8677	0.5820	1
29899	36247	9.952	0.000	0.8327	0.6559	1
29899	36628	7.983	0.000	0.8197	0.5043	1
29899	36974	-6.079	0.000	0.8360	0.7225	1
29899	37820	-6.080	0.000	0.8140	0.4150	1
29899	43632	-7.064	0.000	0.8048	0.4900	1
29900	30025	9.949	0.000	0.7782	0.5977	1
29900	31340	-8.024	0.000	0.8090	0.6424	1
29900	31817	5.954	0.000	0.7099	0.2924	1
29900	32944	-5.098	0.000	0.7212	0.4773	1
29900	34988	9.949	0.000	0.7048	0.2860	1
29900	35848	7.934	0.000	0.7090	0.2730	1
29900	36342	7.934	0.000	0.7069	0.2884	1
29900	37897	-6.081	0.000	0.7000	0.2690	1
29990	41390	3.995	0.000	0.8385	0.7103	1
30025	34988	0.001	0.000	0.7138	0.2254	1
30095	33896	0.001	0.000	0.9272	0.7297	1
30095	34160	7.039	0.000	0.7511	0.5365	1
30095	34469	0.001	0.000	0.8908	0.6583	1
30095	34660	9.985	0.000	0.7351	0.7462	1
30095	35349	9.986	0.000	0.7213	0.7535	1
30095	35451	3.013	0.000	0.7551	0.7737	1
30095	35777	-0.984	0.000	0.8176	0.5987	1
30095	36990	1.944	0.000	0.7381	0.6946	1
30095	38215	0.960	0.000	0.8120	0.5202	1
30095	39601	3.961	0.000	0.7274	0.7040	1
30095	41263	0.959	0.000	0.8291	0.6333	1
30095	42301	2.975	0.000	0.7430	0.5129	1
30144	33957	0.000	0.000	0.7735	0.6514	1
30144	46987	-2.041	0.000	0.7741	0.4792	1
30152	34135	-0.001	0.000	0.8787	0.8296	1
30152	34462	-0.001	0.000	0.7553	0.3996	1
30156	33772	0.994	0.000	0.7433	0.6445	1
30156	34259	0.994	0.000	0.8058	0.6980	1
30156	37722	0.958	0.000	0.8428	0.6902	1
30156	38529	0.994	0.000	0.8654	0.6980	1
30163	33576	-2.017	0.000	0.7322	0.6077	1
30163	34184	-0.001	0.000	0.8167	0.6922	1
30163	34815	-0.001	0.000	0.8486	0.5168	1
30177	31311	-0.984	0.000	0.7261	0.4066	1
30177	36974	0.960	0.000	0.7851	0.7499	1
30177	37820	0.959	0.000	0.8192	0.4528	1
30177	43632	-0.025	0.000	0.7708	0.4948	1
30189	30835	9.985	0.000	0.7716	0.7521	1
30189	31819	-4.030	0.000	0.7299	0.7036	1
30189	35844	-2.051	0.000	0.7166	0.6763	1
30189	35967	1.016	0.000	0.7290	0.5407	1
30189	36247	-0.035	0.000	0.7836	0.6058	1
30189	36392	5.976	0.000	0.7028	0.5820	1
30189	36628	-2.004	0.000	0.7337	0.7256	1
30189	36973	0.959	0.000	0.8096	0.7556	1
30189	37897	0.960	0.000	0.8832	0.7951	1
30189	38261	2.976	0.000	0.8171	0.6808	1
30195	33057	-2.016	0.000	0.7060	0.6865	1
30201	31166	-2.016	0.000	0.7258	0.3637	1
30201	31838	-2.016	0.000	0.8141	0.7167	1
30213	37721	0.959	0.000	0.7512	0.5377	1
30291	34134	0.001	0.000	0.9091	0.7401	1
30291	38968	-2.016	0.000	0.7158	0.2738	1
30343	31543	-9.002	0.000	0.8147	0.6125	1
30343	31577	-8.068	0.000	0.7131	0.2055	1
30343	32247	-6.063	0.000	0.7478	0.2187	1
30343	34096	-0.002	0.000	0.9419	0.8101	1
30343	34706	-0.001	0.000	0.9605	0.7707	1
30364	30367	-1.003	0.000	0.8630	0.6785	1
30364	31924	-0.984	0.000	0.7610	0.6079	1
30364	34109	0.000	0.000	0.8977	0.5860	1
30364	34744	0.001	0.000	0.8604	0.5387	1
30364	35422	-0.983	0.000	0.7640	0.5236	1
30364	36135	-0.983	0.000	0.7411	0.4890	1
30364	36626	-2.981	0.000	0.7238	0.4814	1
30364	38151	1.944	0.000	0.7012	0.3879	1
30367	34109	1.003	0.000	0.8122	0.4316	1
30367	34744	1.004	0.000	0.7705	0.3876	1
30368	34119	-0.000	0.000	0.9473	0.8532	1
30368	34718	-0.000	0.000	0.9164	0.8433	1
30368	36147	-0.985	0.000	0.7750	0.6258	1
30368	36633	-2.982	0.000	0.7001	0.3736	1
30368	38140	1.943	0.000	0.7629	0.5897	1
30431	30432	-1.003	0.000	0.7660	0.3878	1
30431	31588	-0.983	0.000	0.8558	0.6111	1
30431	31794	-1.020	0.000	0.7638	0.6095	1
30431	35703	-2.982	0.000	0.8511	0.7345	1
30431	35997	-2.983	0.000	0.8189	0.5724	1
30431	40018	-4.994	0.000	0.7332	0.5361	1
30433	31550	-0.983	0.000	0.8899	0.6138	1
30433	34716	0.024	0.000	0.8388	0.4471	1
30433	36020	-2.982	0.000	0.8533	0.5038	1
30434	31620	-0.983	0.000	0.7835	0.5753	1
30434	32997	9.021	0.000	0.7813	0.6628	1
30434	33821	1.942	0.000	0.7557	0.3848	1
30446	31587	-0.983	0.000	0.8686	0.7023	1
30446	31819	9.985	0.000	0.7515	0.8115	1
30446	33846	1.943	0.000	0.8544	0.8321	1
30446	35702	-2.981	0.000	0.8256	0.7685	1
30446	35998	-2.981	0.000	0.8967	0.8609	1
30446	37820	-2.051	0.000	0.7502	0.6359	1
30446	43632	-3.035	0.000	0.7430	0.7720	1
30516	32590	4.979	0.000	0.7338	0.7237	1
30516	34220	-0.035	0.000	0.8591	0.7752	1
30530	30872	-2.016	0.000	0.9411	0.5788	1
30530	31501	-2.014	0.000	0.8829	0.3773	1
30593	30628	-2.016	0.000	0.7093	0.6686	1
30593	30989	0.000	0.000	0.8887	0.6707	1
30593	41731	3.995	0.000	0.7677	0.6686	1
30593	42553	1.979	0.000	0.7233	0.6186	1
30593	43417	3.995	0.000	0.7600	0.5903	1
30625	31216	0.000	0.000	0.8303	0.7805	1
30625	31689	-0.000	0.000	0.7846	0.6963	1
30625	31991	-0.000	0.000	0.8035	0.6366	1
30625	32391	-0.000	0.000	0.8594	0.7965	1
30625	37905	0.984	0.000	0.8485	0.5160	1
30625	42548	3.995	0.000	0.8385	0.5374	1
30628	35504	3.011	0.000	0.8298	0.5369	1
30628	36168	3.011	0.000	0.7158	0.4505	1
30628	36914	3.011	0.000	0.7251	0.5579	1
30628	37674	3.011	0.000	0.8557	0.7068	1
30628	42553	3.996	0.000	0.8493	0.6100	1
30649	32945	-2.015	0.000	0.8023	0.2902	1
30655	34440	-0.001	0.000	0.8614	0.5158	1
30655	34950	-0.000	0.000	0.8574	0.6017	1
30666	32626	-0.000	0.000	0.7825	0.7055	1
30666	32861	-2.017	0.000	0.7597	0.5322	1
30666	33159	-2.017	0.000	0.7205	0.4861	1
30741	32531	0.000	0.000	0.8997	0.7241	1
30741	33123	-4.021	0.000	0.7885	0.3791	1
30760	30789	2.016	0.000	0.8422	0.6756	1
30760	34689	-0.001	0.000	0.9337	0.7894	1
30760	35364	0.000	0.000	0.9039	0.7731	1
30760	36517	3.996	0.000	0.7197	0.7203	1
30760	37193	1.980	0.000	0.8610	0.8469	1
30760	39398	-10.021	0.000	0.8466	0.6486	1
30760	39422	-2.015	0.000	0.8797	0.6779	1
30761	30790	2.015	0.000	0.8776	0.7608	1
30761	34169	3.994	0.000	0.7832	0.5439	1
30761	34670	-0.000	0.000	0.9645	0.8480	1
30761	35323	-2.006	0.000	0.7173	0.5566	1
30761	35361	-0.000	0.000	0.9399	0.8339	1
30761	35660	3.995	0.000	0.7471	0.7014	1
30761	37165	1.979	0.000	0.8683	0.7906	1
30785	31501	-2.015	0.000	0.8588	0.3506	1
30789	34689	-2.017	0.000	0.8094	0.5596	1
30789	35364	-2.015	0.000	0.8330	0.5853	1
30789	39422	-4.031	0.000	0.7787	0.4904	1
30790	30791	-1.003	0.000	0.7347	0.3933	1
30790	33093	-2.016	0.000	0.7872	0.7274	1
30790	34670	-2.016	0.000	0.8748	0.6786	1
30790	34946	-10.021	0.000	0.7476	0.4835	1
30790	35361	-2.016	0.000	0.8943	0.7003	1
30790	38252	-3.035	0.000	0.7557	0.6052	1
30794	35564	5.974	0.000	0.7033	0.6450	1
30794	36396	-4.011	0.000	0.8294	0.5963	1
30812	35049	-10.022	0.000	0.9074	0.6937	1
30824	30841	-0.001	0.000	0.7355	0.5832	1
30826	31779	3.996	0.000	0.7805	0.7388	1
30826	32962	1.980	0.000	0.9070	0.8284	1
30826	34988	-10.021	0.000	0.9086	0.8612	1
30826	36325	-10.021	0.000	0.7939	0.6650	1
30826	36410	-4.009	0.000	0.8493	0.6968	1
30826	37817	-8.040	0.000	0.7467	0.8090	1
30827	34441	-1.971	0.000	0.7474	0.4105	1
30835	33025	-8.999	0.000	0.7733	0.3992	1
30835	33699	3.996	0.000	0.8166	0.5797	1
30835	36325	7.006	0.000	0.7177	0.5835	1
30835	36392	-4.009	0.000	0.8700	0.7247	1
30835	41348	0.994	0.000	0.8289	0.8395	1
30872	30875	-2.007	0.000	0.8594	0.6649	1
30872	31501	0.002	0.000	0.9428	0.6793	1
30875	31501	2.009	0.000	0.8577	0.5034	1
30880	31981	-2.015	0.000	0.7843	0.4046	1
30880	35038	-3.047	0.000	0.7431	0.3731	1
30925	33102	-2.016	0.000	0.7159	0.5543	1
30927	30943	0.003	0.000	0.7549	0.6025	1
30932	31889	-2.015	0.000	0.8450	0.6265	1
30932	32550	-1.068	0.000	0.7290	0.4052	1
30932	34908	-0.036	0.000	0.8047	0.3644	1
30932	34975	0.052	0.000	0.8350	0.4656	1
30932	35022	1.981	0.000	0.9532	0.8221	1
30932	36396	5.974	0.000	0.7268	0.5076	1
30965	31543	-0.001	0.000	0.9514	0.7896	1
30965	34706	9.000	0.000	0.8586	0.5893	1
31032	36653	0.036	0.000	0.8570	0.6774	1
31043	42197	3.994	0.000	0.8066	0.3781	1
31061	44689	4.979	0.000	0.7258	0.4598	1
31107	33159	-1.994	0.000	0.7206	0.6457	1
31151	32306	-0.001	0.000	0.7769	0.6306	1
31151	35233	-0.000	0.000	0.8800	0.5884	1
31151	36401	-2.015	0.000	0.7940	0.6362	1
31151	40356	-2.016	0.000	0.8004	0.7092	1
31153	32432	0.984	0.000	0.8013	0.6670	1
31153	32861	2.016	0.000	0.7551	0.5432	1
31153	33159	2.016	0.000	0.7115	0.5204	1
31153	33576	-0.000	0.000	0.8749	0.6073	1
31153	34184	2.016	0.000	0.8197	0.5377	1
31153	34815	2.016	0.000	0.7649	0.7198	1
31153	35253	-0.000	0.000	0.8534	0.4381	1
31166	31838	0.000	0.000	0.8714	0.4671	1
31166	38253	7.900	0.000	0.7742	0.8585	1
31166	40255	-4.065	0.000	0.8451	0.6074	1
31166	41616	7.934	0.000	0.8992	0.6187	1
31174	38550	0.001	0.000	0.9626	0.8229	1
31174	38929	2.016	0.000	0.7442	0.8014	1
31174	39795	0.001	0.000	0.8999	0.8344	1
31174	40642	-2.014	0.000	0.8956	0.7826	1
31185	38761	-9.037	0.000	0.7882	0.5801	1
31197	36864	0.959	0.000	0.9545	0.8962	1
31216	31689	-0.000	0.000	0.9211	0.8684	1
31216	31991	-0.000	0.000	0.8862	0.6954	1
31216	32391	-0.000	0.000	0.9366	0.9022	1
31216	37905	0.984	0.000	0.7527	0.4436	1
31216	42548	3.995	0.000	0.7916	0.4950	1
31227	42555	3.995	0.000	0.7088	0.4096	1
31232	37324	-7.020	0.000	0.7498	0.2458	1
31295	32945	2.016	0.000	0.7563	0.6119	1
31301	32586	-2.016	0.000	0.7148	0.4470	1
31301	36249	2.016	0.000	0.9260	0.9341	1
31324	32396	-0.984	0.000	0.9960	1.0000	1
31324	36127	-2.982	0.000	0.7849	0.7136	1
31340	32944	2.926	0.000	0.7021	0.4084	1
31371	31372	-2.005	0.000	0.9196	0.5224	1
31427	31577	-4.021	0.000	0.8177	0.2969	1
31427	31585	-2.015	0.000	0.8801	0.4885	1
31427	31945	-2.015	0.000	0.9344	0.7759	1
31427	32247	-2.016	0.000	0.8178	0.2811	1
31535	34021	0.000	0.000	0.8240	0.4367	1
31543	34706	9.001	0.000	0.8249	0.6739	1
31543	36143	8.016	0.000	0.8548	0.6278	1
31549	32203	0.000	0.000	0.9642	0.8462	1
31550	36020	-1.999	0.000	0.9388	0.7981	1
31577	31585	2.006	0.000	0.8813	0.5494	1
31577	31945	2.005	0.000	0.8265	0.3364	1
31577	32247	2.005	0.000	0.8528	0.6302	1
31577	34706	8.067	0.000	0.7166	0.2659	1
31577	37721	7.047	0.000	0.7084	0.2194	1
31577	37862	3.986	0.000	0.7749	0.4022	1
31585	31945	-0.001	0.000	0.9219	0.5960	1
31585	32247	-0.001	0.000	0.9150	0.5440	1
31585	36919	1.979	0.000	0.7151	0.4782	1
31585	37862	1.980	0.000	0.7022	0.4267	1
31587	33846	2.926	0.000	0.7733	0.6300	1
31587	35702	-1.997	0.000	0.8212	0.6861	1
31587	35998	-1.998	0.000	0.8168	0.6400	1
31588	31794	-0.037	0.000	0.8556	0.8090	1
31588	35703	-1.999	0.000	0.8705	0.6966	1
31588	35997	-1.999	0.000	0.9092	0.8678	1
31588	40018	-4.010	0.000	0.8689	0.8326	1
31618	31924	-2.016	0.000	0.7167	0.3731	1
31618	35422	-2.016	0.000	0.7137	0.3140	1
31618	35967	-1.996	0.000	0.7031	0.3655	1
31618	36135	-2.015	0.000	0.7073	0.2928	1
31632	32023	2.016	0.000	0.8532	0.6287	1
31632	33871	-0.000	0.000	0.7751	0.3179	1
31632	37396	1.984	0.000	0.8024	0.6366	1
31640	32540	0.000	0.000	0.8678	0.8164	1
31660	33871	2.016	0.000	0.7191	0.6605	1
31689	31991	0.000	0.000	0.8923	0.6939	1
31689	32391	0.000	0.000	0.9138	0.8671	1
31689	37905	0.984	0.000	0.7403	0.4181	1
31689	42548	3.995	0.000	0.7634	0.4550	1
31707	34965	3.047	0.000	0.8259	0.7227	1
31709	34127	0.000	0.000	0.8730	0.7724	1
31717	32023	0.001	0.000	0.8717	0.5914	1
31717	33871	-2.016	0.000	0.7593	0.3007	1
31729	38157	-4.992	0.000	0.8119	0.5681	1
31779	31921	-2.017	0.000	0.8891	0.7299	1
31779	32962	-2.017	0.000	0.7219	0.6610	1
31779	34946	3.994	0.000	0.7599	0.4703	1
31779	35654	-2.016	0.000	0.8832	0.7154	1
31779	36410	-8.006	0.000	0.7531	0.7960	1
31779	36480	-2.017	0.000	0.9084	0.7326	1
31789	35049	3.994	0.000	0.8796	0.7143	1
31789	36352	1.979	0.000	0.8694	0.7226	1
31794	33677	1.980	0.000	0.7168	0.6020	1
31794	34908	3.995	0.000	0.7085	0.6377	1
31794	35703	-1.962	0.000	0.8422	0.7580	1
31794	35924	1.979	0.000	0.7025	0.5617	1
31794	35997	-1.963	0.000	0.8291	0.7774	1
31794	40018	-3.974	0.000	0.7812	0.7292	1
31817	32529	2.963	0.000	0.7789	0.8034	1
31817	33640	1.979	0.000	0.8659	0.8261	1
31817	33699	0.985	0.000	0.8005	0.6355	1
31817	34988	3.995	0.000	0.8758	0.8261	1
31817	35848	1.979	0.000	0.9064	0.8241	1
31817	36325	3.995	0.000	0.7859	0.6753	1
31817	36342	1.980	0.000	0.9172	0.8860	1
31817	36410	10.006	0.000	0.8285	0.7057	1
31817	37817	5.975	0.000	0.7161	0.7894	1
31819	33025	5.017	0.000	0.7769	0.4359	1
31819	33672	1.980	0.000	0.8887	0.8621	1
31819	34948	3.995	0.000	0.9072	0.8519	1
31819	35844	1.979	0.000	0.9372	0.8958	1
31819	36247	3.995	0.000	0.8772	0.7911	1
31819	36392	10.006	0.000	0.8680	0.7810	1
31819	36628	2.026	0.000	0.8839	0.7680	1
31838	40255	-4.065	0.000	0.8257	0.6570	1
31838	41616	7.934	0.000	0.8728	0.6891	1
31863	32944	6.974	0.000	0.8403	0.6111	1
31863	33846	-7.041	0.000	0.7655	0.3530	1
31863	36973	5.990	0.000	0.7384	0.3510	1
31889	32550	0.948	0.000	0.7174	0.4997	1
31889	33714	0.052	0.000	0.7031	0.4119	1
31889	34908	1.979	0.000	0.7878	0.4495	1
31889	35924	-0.036	0.000	0.7454	0.4850	1
31889	36396	7.990	0.000	0.8137	0.6937	1
31889	39603	3.011	0.000	0.7223	0.4887	1
31917	38270	0.959	0.000	0.7180	0.2666	1
31920	34169	-0.000	0.000	0.7047	0.6422	1
31920	35660	-0.000	0.000	0.8820	0.5959	1
31920	36532	0.000	0.000	0.8646	0.6969	1
31920	36681	1.979	0.000	0.8897	0.8399	1
31920	38380	1.979	0.000	0.7882	0.7129	1
31920	39398	3.996	0.000	0.8192	0.6067	1
31920	40227	1.980	0.000	0.8484	0.5937	1
31920	40620	-2.015	0.000	0.9026	0.7846	1
31921	34160	-5.957	0.000	0.7301	0.3780	1
31921	35451	-9.983	0.000	0.7685	0.7024	1
31921	35592	3.995	0.000	0.8677	0.8046	1
31921	35654	0.001	0.000	0.9763	0.9434	1
31921	36480	0.000	0.000	0.9569	0.9351	1
31921	36685	1.980	0.000	0.9142	0.8238	1
31921	36713	2.964	0.000	0.7268	0.7937	1
31921	37190	0.063	0.000	0.7667	0.6112	1
31921	38063	3.995	0.000	0.8000	0.5595	1
31921	38100	0.985	0.000	0.7098	0.5296	1
31921	38796	1.979	0.000	0.8171	0.8063	1
31921	39209	-1.961	0.000	0.7488	0.4093	1
31921	39320	3.996	0.000	0.8689	0.7667	1
31921	39601	-9.035	0.000	0.7110	0.5888	1
31921	40864	1.979	0.000	0.8953	0.7800	1
31924	34109	0.984	0.000	0.8233	0.7001	1
31924	34744	0.984	0.000	0.8319	0.6830	1
31924	35422	0.000	0.000	0.8936	0.7475	1
31924	36135	0.001	0.000	0.8610	0.7057	1
31924	36326	-2.034	0.000	0.8241	0.7539	1
31924	36626	-1.998	0.000	0.7780	0.6514	1
31924	40017	-1.998	0.000	0.7919	0.6830	1
31945	32247	-0.000	0.000	0.8596	0.3448	1
31981	35644	-3.047	0.000	0.7145	0.6016	1
31991	32391	-0.000	0.000	0.9058	0.7176	1
31991	37905	0.984	0.000	0.8193	0.5913	1
31991	42548	3.995	0.000	0.8146	0.6206	1
32023	33333	-0.000	0.000	0.8556	0.7000	1
32023	33871	-2.016	0.000	0.7720	0.4676	1
32023	37396	-0.032	0.000	0.7307	0.6718	1
32059	32995	9.021	0.000	0.7601	0.7298	1
32059	37043	-0.001	0.000	0.7839	0.5039	1
32063	33006	9.020	0.000	0.7156	0.6384	1
32063	36818	-6.937	0.000	0.7076	0.5554	1
32146	32462	3.973	0.000	0.7353	0.7163	1
32146	32466	-2.016	0.000	0.8529	0.8245	1
32146	36263	-2.016	0.000	0.8333	0.6948	1
32146	36931	-2.015	0.000	0.8444	0.6607	1
32153	33922	-5.989	0.000	0.8515	0.6226	1
32161	37404	1.980	0.000	0.8723	0.6246	1
32163	39675	1.944	0.000	0.8126	0.6883	1
32177	33093	3.011	0.000	0.7148	0.7035	1
32177	43954	2.973	0.000	0.8100	0.5630	1
32177	44985	0.960	0.000	0.8079	0.4455	1
32181	32467	-2.016	0.000	0.8767	0.7789	1
32181	36303	-2.015	0.000	0.8765	0.7307	1
32181	36921	-2.017	0.000	0.8867	0.7269	1
32185	32214	2.016	0.000	0.7053	0.2551	1
32247	34706	6.062	0.000	0.7407	0.2575	1
32247	36919	1.980	0.000	0.7215	0.5522	1
32251	35403	3.047	0.000	0.8508	0.7621	1
32306	35233	0.000	0.000	0.7173	0.3873	1
32306	36401	-2.014	0.000	0.7758	0.6946	1
32306	40356	-2.016	0.000	0.7578	0.5584	1
32351	32352	-1.003	0.000	0.7926	0.3094	1
32378	32379	-1.005	0.000	0.8592	0.7991	1
32391	37905	0.984	0.000	0.7739	0.4513	1
32391	42548	3.995	0.000	0.7922	0.4857	1
32396	36127	-1.997	0.000	0.7841	0.7136	1
32432	33576	-0.984	0.000	0.7433	0.5869	1
32432	35253	-0.984	0.000	0.7403	0.3316	1
32444	32471	2.017	0.000	0.7815	0.6902	1
32444	33403	3.994	0.000	0.7163	0.7010	1
32444	36311	0.000	0.000	0.8935	0.6306	1
32444	36918	0.000	0.000	0.8432	0.5442	1
32444	37397	3.995	0.000	0.7267	0.6424	1
32444	41446	-2.013	0.000	0.8600	0.6994	1
32444	42411	-9.025	0.000	0.7071	0.6242	1
32444	43674	-7.046	0.000	0.7308	0.7165	1
32444	45966	-9.061	0.000	0.7107	0.6775	1
32444	46391	8.949	0.000	0.7012	0.6638	1
32446	36315	0.000	0.000	0.9286	0.8436	1
32446	36935	0.000	0.000	0.9125	0.8606	1
32446	37989	3.011	0.000	0.7438	0.7583	1
32450	36285	0.001	0.000	0.9445	0.8305	1
32450	36923	0.000	0.000	0.8705	0.5677	1
32466	36263	-0.000	0.000	0.9334	0.7853	1
32466	36931	0.001	0.000	0.8830	0.7101	1
32466	41415	-2.015	0.000	0.7336	0.5028	1
32466	46391	-9.062	0.000	0.7392	0.6836	1
32467	36264	0.984	0.000	0.8813	0.6554	1
32467	36303	0.000	0.000	0.9649	0.8933	1
32467	36921	-0.001	0.000	0.9522	0.8820	1
32467	37399	3.995	0.000	0.8023	0.7827	1
32467	37985	3.994	0.000	0.7618	0.8221	1
32467	40268	-6.025	0.000	0.7228	0.7568	1
32467	42643	2.973	0.000	0.7331	0.5882	1
32467	43015	-5.031	0.000	0.7492	0.6028	1
32467	43693	-7.047	0.000	0.7621	0.7417	1
32467	44464	1.942	0.000	0.7783	0.7342	1
32471	36311	-2.017	0.000	0.7388	0.4627	1
32471	36918	-2.017	0.000	0.7652	0.4342	1
32471	41446	-4.031	0.000	0.8066	0.5739	1
32517	35354	0.000	0.000	0.7637	0.4182	1
32529	33640	-0.984	0.000	0.9075	0.7975	1
32529	34988	1.032	0.000	0.7936	0.7682	1
32529	35848	-0.984	0.000	0.7765	0.7673	1
32529	36342	-0.983	0.000	0.7892	0.8022	1
32529	36410	7.043	0.000	0.7751	0.7423	1
32531	33123	-4.021	0.000	0.7584	0.3313	1
32548	38287	0.993	0.000	0.7156	0.3539	1
32549	33674	-0.985	0.000	0.8863	0.6784	1
32549	35038	1.031	0.000	0.7958	0.6845	1
32549	35644	-0.985	0.000	0.8906	0.8514	1
32550	33677	-0.984	0.000	0.8792	0.7491	1
32550	34908	1.032	0.000	0.7820	0.6411	1
32550	35924	-0.984	0.000	0.8649	0.7567	1
32550	36396	7.042	0.000	0.7269	0.5496	1
32586	37077	2.015	0.000	0.7139	0.5936	1
32590	34220	-5.014	0.000	0.7338	0.7663	1
32599	33274	0.002	0.000	0.8868	0.6546	1
32607	37247	-0.001	0.000	0.9668	0.8275	1
32621	33374	-2.015	0.000	0.7165	0.2397	1
32621	35952	-2.016	0.000	0.7001	0.2921	1
32626	32861	-2.016	0.000	0.7967	0.5860	1
32626	33159	-2.016	0.000	0.8078	0.5866	1
32626	34184	-2.016	0.000	0.7584	0.5897	1
32626	34815	-2.016	0.000	0.7319	0.6535	1
32629	34929	-3.019	0.000	0.7061	0.4544	1
32719	34884	-0.000	0.000	0.8208	0.6341	1
32732	33133	-0.000	0.000	0.8979	0.7264	1
32784	32785	-1.004	0.000	0.8674	0.7312	1
32784	32816	2.006	0.000	0.7311	0.2421	1
32788	33374	0.001	0.000	0.9444	0.8677	1
32830	35327	3.996	0.000	0.9001	0.8070	1
32830	36237	1.981	0.000	0.8804	0.7667	1
32849	35365	0.000	0.000	0.9092	0.8377	1
32861	33159	0.000	0.000	0.8592	0.7944	1
32861	35253	-2.016	0.000	0.8113	0.5771	1
32861	44365	3.995	0.000	0.7176	0.6503	1
32893	35354	-0.073	0.000	0.7170	0.7606	1
32929	33158	0.000	0.000	0.7419	0.5293	1
32944	33589	0.000	0.000	0.7955	0.4736	1
32944	35008	2.016	0.000	0.7219	0.5135	1
32944	36973	-0.984	0.000	0.7746	0.4695	1
32944	38261	1.032	0.000	0.7433	0.4841	1
32962	36410	-5.989	0.000	0.8439	0.6575	1
32962	43010	1.943	0.000	0.7518	0.5665	1
32993	36970	5.991	0.000	0.7442	0.5663	1
32997	33772	5.989	0.000	0.7025	0.5112	1
32997	33821	-7.079	0.000	0.7833	0.4458	1
32997	37075	5.954	0.000	0.9120	0.8932	1
32997	37722	5.953	0.000	0.7653	0.6593	1
33006	38403	0.038	0.000	0.8601	0.5789	1
33006	38530	3.051	0.000	0.7055	0.2838	1
33006	38580	6.027	0.000	0.7407	0.6466	1
33025	33672	-3.036	0.000	0.7425	0.4216	1
33025	34948	-1.021	0.000	0.7545	0.4209	1
33025	35844	-3.037	0.000	0.7808	0.4336	1
33025	36247	-1.021	0.000	0.7267	0.4674	1
33025	36392	4.990	0.000	0.7988	0.4799	1
33025	36628	-2.990	0.000	0.7075	0.3601	1
33033	34697	-10.024	0.000	0.9038	0.7746	1
33049	33075	-1.005	0.000	0.7758	0.4256	1
33049	33418	-0.002	0.000	0.7693	0.3368	1
33066	33405	-2.017	0.000	0.7717	0.6904	1
33066	37399	-2.016	0.000	0.7218	0.3731	1
33066	37985	-2.016	0.000	0.7791	0.4225	1
33066	42632	-4.029	0.000	0.8020	0.5867	1
33067	33409	-2.016	0.000	0.8197	0.6684	1
33067	37989	-2.016	0.000	0.7553	0.4154	1
33075	33418	1.003	0.000	0.8663	0.6449	1
33080	34648	-0.000	0.000	0.8838	0.6748	1
33080	35335	0.001	0.000	0.8895	0.6933	1
33082	35725	-0.984	0.000	0.7883	0.5699	1
33085	36325	-8.989	0.000	0.7118	0.5640	1
33085	37757	-0.985	0.000	0.7158	0.3051	1
33085	38253	-1.019	0.000	0.8885	0.8672	1
33093	33391	-0.000	0.000	0.7191	0.2755	1
33093	38252	-1.019	0.000	0.8816	0.7973	1
33093	42235	1.944	0.000	0.7361	0.7372	1
33126	33140	-3.008	0.000	0.7372	0.3908	1
33126	34441	-0.000	0.000	0.8188	0.3249	1
33140	34441	3.008	0.000	0.8175	0.5159	1
33146	38246	-0.036	0.000	0.7048	0.5352	1
33158	38929	0.984	0.000	0.7579	0.4159	1
33159	35253	-2.016	0.000	0.7432	0.4885	1
33159	44365	3.995	0.000	0.8006	0.6983	1
33179	33180	-1.002	0.000	0.7284	0.6372	1
33194	38157	10.007	0.000	0.9028	0.7059	1
33212	33495	-0.001	0.000	0.9484	0.7615	1
16734	18686	0.000	0.000	0.9179	0.7377	1
16734	24553	1.080	0.000	0.7408	0.3660	1
16861	19077	0.000	0.000	0.7399	0.5702	1
16899	17315	-0.096	0.000	0.8300	0.5415	1
16899	20088	-0.096	0.000	0.7221	0.6225	1
17031	19392	2.016	0.000	0.7571	0.6432	1
17031	20920	2.016	0.000	0.7346	0.5641	1
17031	23084	0.000	0.000	0.8113	0.6105	1
17064	20913	9.948	0.000	0.7350	0.4858	1
17216	20802	-1.032	0.000	0.7179	0.6464	1
17216	20843	0.982	0.000	0.7112	0.6244	1
17270	23176	-1.032	0.000	0.9006	0.6410	1
17270	25350	1.943	0.000	0.7840	0.4323	1
17276	17332	1.003	0.000	0.8736	0.6730	1
17315	20088	0.000	0.000	0.8065	0.6837	1
17348	21984	-0.036	0.000	0.7389	0.3873	1
17348	38225	3.960	0.000	0.7294	0.4412	1
17415	19274	-0.948	0.000	0.7157	0.5440	1
17438	17886	-0.050	0.000	0.8129	0.6497	1
17509	21075	-2.015	0.000	0.7299	0.4086	1
17601	27131	-4.980	0.000	0.7393	0.4409	1
17734	20895	-2.016	0.000	0.8009	0.6707	1
17901	18248	0.014	0.000	0.8500	0.7111	1
17901	21398	1.979	0.000	0.7625	0.6247	1
17914	18116	-0.106	0.000	0.7199	0.5075	1
17917	20361	0.000	0.000	0.9773	0.8043	1
17917	21210	-0.025	0.000	0.7030	0.5205	1
17923	20299	1.980	0.000	0.9021	0.6749	1
17991	17996	-1.004	0.000	0.8931	0.6544	1
18054	29712	-1.979	0.000	0.7370	0.6105	1
18135	23064	7.969	0.000	0.7560	0.6733	1
18172	21479	0.000	0.000	0.9345	0.7548	1
18248	21398	1.966	0.000	0.7613	0.6224	1
18338	19401	4.031	0.000	0.8410	0.7938	1
18338	19533	-9.984	0.000	0.9497	0.8811	1
18397	20892	-2.016	0.000	0.7843	0.5325	1
18466	22291	4.990	0.000	0.7219	0.7603	1
18521	24543	7.043	0.000	0.7361	0.2823	1
18624	18654	1.004	0.000	0.9173	0.7981	1
18626	18627	-1.005	0.000	0.7713	0.5513	1
18686	24553	1.080	0.000	0.7420	0.4542	1
18754	19408	-2.016	0.000	0.7112	0.7195	1
18792	18801	1.002	0.000	0.9423	0.8829	1
18924	21439	0.000	0.000	0.9272	0.8467	1
19206	23064	2.982	0.000	0.7610	0.6774	1
19386	19922	0.049	0.000	0.7012	0.7808	1
19392	20192	0.038	0.000	0.8976	0.7802	1
19392	20920	0.000	0.000	0.9821	0.9214	1
19515	21096	3.994	0.000	0.8197	0.8145	1
19515	27976	3.994	0.000	0.7514	0.6316	1
19542	22734	0.000	0.000	0.9689	0.8612	1
19599	21679	0.000	0.000	0.8911	0.7373	1
19667	49743	0.094	0.000	0.8446	0.6698	1
19672	21096	-8.005	0.000	0.7535	0.6321	1
19794	20699	2.016	0.000	0.7751	0.4531	1
20014	20021	-0.001	0.000	0.8115	0.4458	1
20043	24543	0.000	0.000	0.9394	0.6023	1
20088	22786	-2.016	0.000	0.7784	0.6675	1
20088	24902	0.000	0.000	0.7004	0.7528	1
20102	21217	-0.023	0.000	0.9261	0.8430	1
20192	20920	-0.038	0.000	0.8969	0.8237	1
20248	20253	-1.002	0.000	0.8643	0.6909	1
20361	21210	-0.025	0.000	0.7040	0.4909	1
20520	20895	3.995	0.000	0.7226	0.7134	1
20520	21164	-2.016	0.000	0.7364	0.6742	1
20612	20622	1.002	0.000	0.9486	0.8846	1
20734	20742	1.003	0.000	0.8979	0.6680	1
20802	20843	2.014	0.000	0.9631	0.7302	1
20803	27741	0.000	0.000	0.8619	0.3395	1
20874	21192	-0.060	0.000	0.7325	0.7528	1
20913	24382	-2.016	0.000	0.8181	0.5796	1
20935	21905	0.000	0.000	0.9602	0.8005	1
20993	22764	0.001	0.000	0.8409	0.7618	1
21041	28727	0.000	0.000	0.9193	0.6822	1
21041	31185	1.979	0.000	0.8088	0.5500	1
21041	38761	-7.057	0.000	0.7451	0.4654	1
21075	22456	0.000	0.000	0.9411	0.8497	1
21090	22945	2.016	0.000	0.7295	0.8072	1
21090	24719	-5.989	0.000	0.7182	0.4610	1
21090	27088	3.995	0.000	0.8113	0.5400	1
21090	27993	0.984	0.000	0.9638	0.9059	1
21090	28126	3.995	0.000	0.9165	0.5844	1
21090	34050	3.995	0.000	0.9315	0.6618	1
21092	26882	2.016	0.000	0.7140	0.4776	1
21092	27984	0.000	0.000	0.9863	0.9246	1
21092	34064	0.000	0.000	0.8588	0.4812	1
21096	27976	0.000	0.000	0.8462	0.7054	1
21098	27981	0.000	0.000	0.9644	0.9199	1
21115	22935	2.016	0.000	0.7713	0.6870	1
21115	27094	3.011	0.000	0.7909	0.8543	1
21115	28129	3.011	0.000	0.9601	0.9262	1
21115	34062	3.995	0.000	0.9576	0.8425	1
21164	24719	5.027	0.000	0.7202	0.5643	1
21190	22945	8.004	0.000	0.7311	0.7178	1
21252	21300	-0.999	0.000	0.8310	0.7128	1
21279	28169	0.000	0.000	0.8595	0.4564	1
21291	22247	-0.983	0.000	0.7061	0.4439	1
21306	21308	1.002	0.000	0.9234	0.7830	1
21312	22802	0.000	0.000	0.8011	0.7062	1
21328	24543	9.996	0.000	0.8387	0.3493	1
21328	31185	-4.020	0.000	0.8279	0.3958	1
21374	22411	-0.000	0.000	0.9467	0.8832	1
21374	24568	-0.000	0.000	0.8318	0.6220	1
21374	29990	-2.016	0.000	0.7345	0.5370	1
21442	30506	2.016	0.000	0.8646	0.5786	1
21464	21661	-0.047	0.000	0.9330	0.8942	1
21687	28445	-0.000	0.000	0.9106	0.7122	1
22014	31774	1.980	0.000	0.9026	0.7083	1
22036	28812	-0.000	0.000	0.7518	0.4046	1
22036	28913	-0.037	0.000	0.7546	0.6868	1
22044	28338	-0.960	0.000	0.7150	0.5977	1
22044	30842	2.974	0.000	0.7284	0.3351	1
22044	31143	-5.990	0.000	0.7301	0.3218	1
22411	24568	0.000	0.000	0.8911	0.7060	1
22411	25248	-2.016	0.000	0.7083	0.5232	1
22411	29990	-2.015	0.000	0.7603	0.5721	1
22616	28532	-8.964	0.000	0.7074	0.2459	1
22616	28913	-0.000	0.000	0.7764	0.7211	1
22616	32962	-0.948	0.000	0.7495	0.7392	1
22623	22804	0.959	0.000	0.8514	0.7704	1
22634	30924	0.000	0.000	0.9412	0.7865	1
22665	23795	0.000	0.000	0.9519	0.8625	1
22689	26160	-2.016	0.000	0.8400	0.6922	1
22802	32995	-4.995	0.000	0.7027	0.6576	1
22804	23605	0.000	0.000	0.7276	0.6063	1
22804	29125	-0.001	0.000	0.7684	0.3687	1
22808	26145	0.000	0.000	0.7338	0.6118	1
22813	24780	0.000	0.000	0.9708	0.8829	1
22865	22875	-1.002	0.000	0.8618	0.7414	1
22929	22936	9.984	0.000	0.7384	0.6566	1
22935	23009	0.057	0.000	0.9694	0.8629	1
22935	29503	3.011	0.000	0.9336	0.6543	1
22945	29510	3.995	0.000	0.9242	0.7231	1
22977	25439	0.000	0.000	0.8066	0.6289	1
23009	29503	2.954	0.000	0.9027	0.5648	1
23027	24330	0.000	0.000	0.8986	0.8320	1
23032	29102	-0.001	0.000	0.7782	0.4581	1
23134	29234	0.000	0.000	0.9244	0.6466	1
23366	24159	0.000	0.000	0.9262	0.8202	1
23455	23990	2.014	0.000	0.9630	0.9171	1
23455	25279	2.016	0.000	0.9321	0.7637	1
23538	26083	-0.000	0.000	0.9180	0.8492	1
23559	28338	0.002	0.000	0.8470	0.3470	1
23595	27931	0.036	0.000	0.7748	0.7488	1
23802	28312	0.000	0.000	0.7660	0.6411	1
23802	30195	0.000	0.000	0.7899	0.7587	1
23802	33057	-2.016	0.000	0.7860	0.7322	1
23869	28084	-2.974	0.000	0.7522	0.4773	1
23869	31577	-4.981	0.000	0.7769	0.4696	1
23869	31585	-2.975	0.000	0.7469	0.4351	1
23869	32247	-2.976	0.000	0.7473	0.4355	1
23869	34706	3.087	0.000	0.7459	0.3407	1
23869	37721	2.066	0.000	0.8014	0.3481	1
23869	37862	-0.995	0.000	0.7327	0.3791	1
23888	31575	1.032	0.000	0.7036	0.4207	1
23905	24609	2.016	0.000	0.9408	0.7865	1
23905	25920	2.016	0.000	0.9650	0.8460	1
23990	25279	0.002	0.000	0.9665	0.8262	1
23990	30612	-3.945	0.000	0.8438	0.6386	1
24123	25827	0.000	0.000	0.7887	0.6812	1
24123	26697	0.000	0.000	0.7523	0.6305	1
24123	29993	2.016	0.000	0.7253	0.5749	1
24123	40517	3.995	0.000	0.7719	0.6973	1
24278	26582	-2.015	0.000	0.7707	0.5193	1
24411	30727	-0.001	0.000	0.8653	0.5976	1
24458	24473	-1.995	0.000	0.9432	0.7305	1
24488	24495	1.002	0.000	0.8584	0.8326	1
24512	25208	0.000	0.000	0.8762	0.6733	1
24512	26622	2.016	0.000	0.8628	0.6345	1
24568	29990	-2.015	0.000	0.7375	0.6696	1
24609	25920	0.001	0.000	0.9785	0.7923	1
24615	25947	0.000	0.000	0.9864	0.8766	1
24691	25460	2.016	0.000	0.9467	0.8869	1
24691	25529	-1.003	0.000	0.7186	0.5827	1
24691	25639	-2.015	0.000	0.7388	0.4919	1
24691	25901	0.001	0.000	0.9301	0.6042	1
24694	26498	0.000	0.000	0.9537	0.7709	1
24719	28126	9.984	0.000	0.7411	0.7422	1
24719	28129	-8.027	0.000	0.7095	0.5377	1
24719	34050	9.984	0.000	0.7518	0.6595	1
24761	30446	-0.001	0.000	0.7132	0.2482	1
24860	30556	0.001	0.000	0.9094	0.4671	1
41545	42182	2.012	0.000	0.7751	0.7314	1
41589	43974	-1.022	0.000	0.7652	0.7127	1
41593	41731	4.031	0.000	0.7073	0.4734	1
41593	42553	2.015	0.000	0.7223	0.4711	1
41618	42548	2.016	0.000	0.8208	0.7558	1
41620	44881	-0.987	0.000	0.7416	0.8141	1
41664	42915	0.036	0.000	0.7081	0.6548	1
41664	43522	-1.003	0.000	0.7924	0.6746	1
41678	42552	2.016	0.000	0.7551	0.5287	1
41678	43701	4.032	0.000	0.7006	0.6400	1
41705	42435	-2.016	0.000	0.7660	0.5877	1
41705	43526	-0.984	0.000	0.8661	0.6235	1
41731	42553	-2.016	0.000	0.8949	0.8801	1
41731	43417	0.000	0.000	0.8873	0.8335	1
41733	42345	2.013	0.000	0.7361	0.6730	1
41733	43019	-9.953	0.000	0.7063	0.7125	1
41820	45304	0.001	0.000	0.8522	0.6989	1
41830	44472	2.489	0.000	0.7958	0.5738	1
41837	44255	0.984	0.000	0.7020	0.4989	1
41849	42506	0.001	0.000	0.7495	0.6733	1
41912	45166	0.036	0.000	0.9028	0.7278	1
41943	43188	2.012	0.000	0.9079	0.8245	1
41945	46063	-0.001	0.000	0.7016	0.6383	1
41989	43506	0.000	0.000	0.7871	0.6671	1
42067	49557	-0.024	0.000	0.9578	0.6786	1
42067	49561	1.971	0.000	0.8494	0.6518	1
42067	49679	2.963	0.000	0.8757	0.7093	1
42067	49705	0.000	0.000	0.9579	0.6510	1
42067	49709	1.995	0.000	0.8555	0.6771	1
42067	49736	0.997	0.000	0.7705	0.5752	1
42106	43562	-2.907	0.000	0.7052	0.5249	1
42113	43564	-2.909	0.000	0.7167	0.6504	1
42113	46096	-2.907	0.000	0.7157	0.7648	1
42130	43741	0.935	0.000	0.8246	0.5694	1
42244	43181	1.978	0.000	0.8630	0.6392	1
42244	44888	0.001	0.000	0.7142	0.4911	1
42244	47011	0.982	0.000	0.7943	0.4911	1
42321	45533	4.031	0.000	0.7561	0.6660	1
42321	46241	-2.016	0.000	0.7441	0.3946	1
42361	42435	0.984	0.000	0.7472	0.5203	1
42361	42555	3.995	0.000	0.8724	0.8567	1
42361	43526	2.016	0.000	0.7773	0.5375	1
42361	44313	-1.031	0.000	0.7179	0.6054	1
42361	44354	6.012	0.000	0.7254	0.6727	1
42361	46080	3.995	0.000	0.8361	0.7061	1
42390	43485	2.016	0.000	0.7228	0.6957	1
42390	45211	0.984	0.000	0.7915	0.6542	1
42405	44320	2.017	0.000	0.8713	0.7568	1
42405	44500	0.000	0.000	0.9509	0.9167	1
42411	43040	3.995	0.000	0.7707	0.6467	1
42411	43674	1.979	0.000	0.7835	0.6372	1
42411	44471	0.000	0.000	0.7737	0.6750	1
42411	45966	-0.036	0.000	0.7827	0.7096	1
42435	44313	-2.016	0.000	0.7582	0.6988	1
42461	42916	-1.019	0.000	0.8022	0.5410	1
42552	43701	2.016	0.000	0.8089	0.6430	1
42552	44939	4.031	0.000	0.7566	0.6820	1
42552	45267	0.985	0.000	0.8537	0.7914	1
42552	45698	2.016	0.000	0.8332	0.7672	1
42553	43417	2.016	0.000	0.8609	0.8599	1
42555	44252	-3.995	0.000	0.7603	0.6062	1
42555	44354	2.016	0.000	0.7731	0.7265	1
42555	46080	-0.000	0.000	0.8537	0.6611	1
42595	42596	-1.003	0.000	0.7874	0.4985	1
42595	49620	-1.002	0.000	0.7849	0.6434	1
42632	43015	-7.012	0.000	0.7214	0.7870	1
42632	43674	8.983	0.000	0.7137	0.7277	1
42632	45966	6.967	0.000	0.7101	0.6523	1
42636	44595	-0.002	0.000	0.9358	0.8155	1
42783	42995	-0.974	0.000	0.7650	0.7250	1
42783	43019	-7.916	0.000	0.8164	0.7928	1
42783	43632	2.016	0.000	0.7524	0.7072	1
42838	44914	-4.008	0.000	0.7299	0.5595	1
42915	43522	-1.038	0.000	0.7511	0.6983	1
42915	45480	-4.030	0.000	0.7035	0.4997	1
43009	43564	8.060	0.000	0.7089	0.6734	1
43009	46096	8.062	0.000	0.7048	0.7249	1
43015	43693	-2.016	0.000	0.8540	0.7080	1
43040	43674	-2.015	0.000	0.7472	0.5187	1
43040	44471	-3.995	0.000	0.7561	0.7354	1
43181	44888	-1.977	0.000	0.7242	0.3880	1
43336	45832	0.001	0.000	0.7498	0.3546	1
43438	45503	0.005	0.000	0.8755	0.8041	1
43465	43748	4.031	0.000	0.7182	0.5609	1
43484	45504	5.956	0.000	0.7092	0.5429	1
43522	43693	1.003	0.000	0.7041	0.3719	1
43526	46080	1.980	0.000	0.7104	0.6314	1
43549	44065	-2.013	0.000	0.9483	0.6935	1
43564	46096	0.002	0.000	0.9203	0.7466	1
43634	46826	7.006	0.000	0.8364	0.7634	1
43659	44654	-2.016	0.000	0.7450	0.4780	1
43668	44472	-0.522	0.000	0.7945	0.5859	1
43674	44471	-1.979	0.000	0.7820	0.5336	1
43674	45966	-2.015	0.000	0.8186	0.7342	1
43693	44464	8.989	0.000	0.7403	0.7295	1
43693	45413	-5.027	0.000	0.7023	0.7502	1
43701	44939	2.016	0.000	0.8538	0.7589	1
43701	45698	0.000	0.000	0.7664	0.5135	1
43706	44313	2.016	0.000	0.7901	0.7167	1
43729	44365	2.015	0.000	0.7144	0.5081	1
43736	44765	2.016	0.000	0.7118	0.5554	1
43736	46160	2.016	0.000	0.8128	0.7473	1
43853	46108	-0.073	0.000	0.9324	0.7906	1
43920	44117	0.000	0.000	0.7717	0.5773	1
43954	44985	-2.014	0.000	0.8416	0.6504	1
43961	45559	-7.966	0.000	0.8404	0.7892	1
44055	45124	-2.015	0.000	0.7799	0.6395	1
44065	44066	-2.015	0.000	0.8479	0.7226	1
44161	47465	1.032	0.000	0.7285	0.5845	1
44218	44508	2.015	0.000	0.7747	0.5727	1
44259	46270	-0.000	0.000	0.7515	0.4070	1
44292	49336	0.001	0.000	0.9245	0.8784	1
44313	46080	5.027	0.000	0.7149	0.6879	1
44320	44500	-2.016	0.000	0.8776	0.7509	1
44354	46080	-2.016	0.000	0.8184	0.6151	1
44471	45966	-0.036	0.000	0.7000	0.5458	1
44585	44960	2.015	0.000	0.9289	0.8838	1
44616	44881	-0.038	0.000	0.8619	0.7903	1
44617	46310	-0.001	0.000	0.8621	0.5478	1
44617	47401	-1.031	0.000	0.8365	0.4762	1
44635	44658	3.008	0.000	0.8683	0.7144	1
44654	46521	-2.016	0.000	0.7304	0.3342	1
44681	46987	-5.063	0.000	0.7405	0.4299	1
44765	45211	2.016	0.000	0.7045	0.4898	1
44765	46160	0.000	0.000	0.7350	0.5324	1
44888	45503	2.017	0.000	0.7704	0.7042	1
44888	47011	0.981	0.000	0.7842	0.6543	1
44939	45698	-2.016	0.000	0.8225	0.6177	1
44974	46861	0.000	0.000	0.8696	0.7490	1
45075	46237	-0.000	0.000	0.9246	0.8425	1
45075	47082	0.000	0.000	0.7675	0.4397	1
45211	46160	-2.016	0.000	0.8002	0.7728	1
45351	46275	0.001	0.000	0.8793	0.8191	1
45480	46212	2.015	0.000	0.8751	0.6550	1
45480	46583	-2.015	0.000	0.8235	0.6714	1
45709	46810	0.000	0.000	0.9120	0.6875	1
45709	47121	-1.000	0.000	0.7591	0.6152	1
45709	47258	0.000	0.000	0.9124	0.7152	1
45709	47714	0.000	0.000	0.9933	1.0000	1
45709	48802	0.001	0.000	0.8751	0.5960	1
45709	49411	0.000	0.000	0.9001	0.6550	1
45834	47897	0.002	0.000	0.8230	0.4671	1
45996	47296	0.000	0.000	0.9069	0.7276	1
45996	49256	0.000	0.000	0.9056	0.7258	1
45996	49383	0.000	0.000	0.8817	0.6064	1
46047	46566	2.016	0.000	0.8740	0.4870	1
46105	46668	-5.027	0.000	0.7067	0.5182	1
46146	46594	2.016	0.000	0.8952	0.7514	1
46147	47299	1.979	0.000	0.9126	0.8171	1
46212	46583	-4.030	0.000	0.7657	0.5649	1
46237	47082	0.001	0.000	0.8095	0.5069	1
46310	47401	-1.030	0.000	0.9506	0.8431	1
46352	47046	0.000	0.000	0.9726	0.9001	1
46352	48965	-1.979	0.000	0.8544	0.7531	1
46352	49317	-1.980	0.000	0.8134	0.6027	1
46352	49432	-1.999	0.000	0.8214	0.7219	1
46352	49441	0.001	0.000	0.9765	0.9117	1
46403	47399	0.001	0.000	0.9278	0.8019	1
46450	47139	0.000	0.000	0.9811	0.9362	1
46450	47450	0.000	0.000	0.9690	0.8564	1
46450	47888	0.000	0.000	0.9861	0.9589	1
46450	48044	0.000	0.000	0.9964	1.0000	1
46450	48473	0.000	0.000	0.9722	0.8863	1
46450	48746	0.000	0.000	0.9763	0.8970	1
46450	48910	0.000	0.000	0.9775	0.8965	1
46450	49246	0.000	0.000	0.9783	0.9010	1
46627	47746	1.979	0.000	0.9788	0.9396	1
46673	46855	2.016	0.000	0.8657	0.7245	1
46673	47071	0.001	0.000	0.8795	0.6733	1
46783	47607	0.000	0.000	0.9419	0.8550	1
46810	47121	-1.000	0.000	0.7248	0.5693	1
46810	47258	0.000	0.000	0.9469	0.8657	1
46810	47358	-1.979	0.000	0.7673	0.8001	1
46810	47714	0.000	0.000	0.9110	0.6875	1
46810	48802	0.001	0.000	0.9347	0.8210	1
46810	49411	0.000	0.000	0.9729	0.9236	1
46855	47071	-2.014	0.000	0.9012	0.6590	1
46879	48116	1.979	0.000	0.7757	0.5782	1
46879	48948	1.979	0.000	0.8044	0.8483	1
46879	49460	1.979	0.000	0.7744	0.8299	1
46891	47256	0.000	0.000	0.9791	0.8698	1
46891	47542	0.000	0.000	0.9874	0.9476	1
46891	47968	0.000	0.000	0.9744	0.9017	1
46891	48119	0.000	0.000	0.9888	0.9508	1
46891	48489	0.000	0.000	0.9853	0.8941	1
46891	48613	0.000	0.000	0.9831	0.8956	1
46891	49000	0.000	0.000	0.9835	0.8991	1
46891	49259	0.000	0.000	0.9830	0.9164	1
46924	47425	-0.000	0.000	0.9066	0.6341	1
46924	47720	-1.980	0.000	0.7548	0.7670	1
46924	48100	-0.000	0.000	0.8826	0.6101	1
46924	48892	-0.000	0.000	0.8091	0.5783	1
47046	48965	-1.979	0.000	0.8556	0.7924	1
47046	49317	-1.981	0.000	0.8520	0.6854	1
47046	49432	-1.999	0.000	0.8548	0.7724	1
47046	49441	0.000	0.000	0.9730	0.8642	1
47121	47258	1.000	0.000	0.7274	0.5949	1
47121	47714	1.000	0.000	0.7493	0.6152	1
47121	48802	1.001	0.000	0.7085	0.4980	1
47121	49411	1.000	0.000	0.7264	0.5534	1
47134	47608	-0.000	0.000	0.8816	0.7623	1
47139	47450	0.000	0.000	0.9856	0.9136	1
47139	47888	0.000	0.000	0.9838	0.9355	1
47139	48044	0.000	0.000	0.9852	0.9362	1
47139	48473	0.000	0.000	0.9872	0.9493	1
47139	48746	0.000	0.000	0.9835	0.9235	1
47139	48910	0.000	0.000	0.9824	0.9230	1
47139	49246	0.000	0.000	0.9899	0.9515	1
47256	47542	0.000	0.000	0.9867	0.9184	1
47256	47968	0.000	0.000	0.9858	0.9134	1
47256	48119	0.000	0.000	0.9878	0.9184	1
47256	48489	0.000	0.000	0.9901	0.9588	1
47256	48613	0.000	0.000	0.9893	0.9588	1
47256	49000	0.000	0.000	0.9821	0.9184	1
47256	49259	0.000	0.000	0.9840	0.9184	1
47258	47714	-0.000	0.000	0.9118	0.7152	1
47258	48802	0.001	0.000	0.9545	0.8245	1
47258	49411	-0.000	0.000	0.9756	0.8960	1
47296	49256	0.000	0.000	0.8638	0.5697	1
47296	49383	-0.000	0.000	0.8417	0.4787	1
47316	47946	-0.000	0.000	0.8450	0.6796	1
47358	48802	1.979	0.000	0.7415	0.7627	1
47358	49411	1.979	0.000	0.7449	0.8183	1
47361	47380	1.001	0.000	0.8093	0.7036	1
47361	47828	1.001	0.000	0.7993	0.7036	1
47361	48757	2.982	0.000	0.7023	0.6029	1
47361	49354	2.982	0.000	0.7890	0.7211	1
47380	47828	-0.000	0.000	0.9751	0.9554	1
47380	48757	1.981	0.000	0.8027	0.7550	1
47380	49354	1.981	0.000	0.8460	0.7413	1
47416	48281	1.980	0.000	0.9797	0.9366	1
47425	48100	0.000	0.000	0.9590	0.9363	1
47425	48892	-0.000	0.000	0.8525	0.7928	1
47450	47888	0.000	0.000	0.9718	0.8564	1
47450	48044	0.000	0.000	0.9724	0.8564	1
47450	48473	0.000	0.000	0.9834	0.9422	1
47450	48746	0.000	0.000	0.9707	0.8850	1
47450	48910	0.000	0.000	0.9766	0.9136	1
47450	49246	0.000	0.000	0.9768	0.9136	1
47465	48301	0.000	0.000	0.7656	0.5488	1
47480	49046	1.980	0.000	0.9716	0.9139	1
47531	47875	-0.001	0.000	0.9156	0.8466	1
47531	47920	-1.979	0.000	0.9218	0.8234	1
47542	47968	0.000	0.000	0.9876	0.9508	1
47542	48119	0.000	0.000	0.9990	1.0000	1
47542	48489	0.000	0.000	0.9930	0.9357	1
47542	48613	0.000	0.000	0.9953	0.9429	1
47542	49000	0.000	0.000	0.9947	0.9414	1
47542	49259	0.000	0.000	0.9968	0.9679	1
47606	47978	-2.016	0.000	0.7003	0.3311	1
47714	48802	0.001	0.000	0.8794	0.5960	1
47714	49411	0.000	0.000	0.9013	0.6550	1
47720	48269	0.000	0.000	0.8138	0.5321	1
47828	48757	1.981	0.000	0.7589	0.6980	1
47828	49354	1.981	0.000	0.8025	0.6872	1
47875	47920	-1.978	0.000	0.9114	0.7741	1
47888	48044	0.000	0.000	0.9907	0.9690	1
47888	48473	0.000	0.000	0.9807	0.8980	1
47888	48746	0.000	0.000	0.9895	0.9241	1
47888	48910	0.000	0.000	0.9738	0.8811	1
47888	49246	0.000	0.000	0.9718	0.8777	1
47968	48119	0.000	0.000	0.9872	0.9508	1
47968	48489	0.000	0.000	0.9811	0.8919	1
47968	48613	0.000	0.000	0.9827	0.8989	1
47968	49000	0.000	0.000	0.9824	0.8972	1
47968	49259	0.000	0.000	0.9840	0.9213	1
48044	48473	0.000	0.000	0.9755	0.8863	1
48044	48746	0.000	0.000	0.9819	0.8970	1
48044	48910	0.000	0.000	0.9797	0.8965	1
48044	49246	0.000	0.000	0.9798	0.9010	1
48086	48702	0.000	0.000	0.9953	1.0000	1
48086	48869	0.000	0.000	0.9894	1.0000	1
48100	48892	-0.000	0.000	0.9221	0.9159	1
48113	48116	1.001	0.000	0.7818	0.6236	1
48113	48948	1.001	0.000	0.8315	0.7404	1
48113	49460	1.000	0.000	0.8116	0.6700	1
48116	48948	0.000	0.000	0.9524	0.6466	1
48116	49460	-0.000	0.000	0.9481	0.6301	1
48119	48489	0.000	0.000	0.9936	0.9357	1
48119	48613	0.000	0.000	0.9946	0.9429	1
48119	49000	0.000	0.000	0.9942	0.9414	1
48119	49259	0.000	0.000	0.9959	0.9679	1
48390	49256	1.980	0.000	0.7337	0.6126	1
48390	49383	1.979	0.000	0.8118	0.7724	1
48473	48746	0.000	0.000	0.9841	0.9474	1
48473	48910	0.000	0.000	0.9781	0.9473	1
48473	49246	0.000	0.000	0.9802	0.9493	1
48489	48613	0.000	0.000	0.9939	0.9671	1
48489	49000	0.000	0.000	0.9939	0.9686	1
48489	49259	0.000	0.000	0.9898	0.9357	1
48613	49000	0.000	0.000	0.9903	0.9414	1
48613	49259	0.000	0.000	0.9972	0.9709	1
48640	48885	0.000	0.000	0.9301	0.9218	1
48697	48844	1.000	0.000	0.8404	0.7469	1
48697	49084	0.000	0.000	0.9466	0.8455	1
48697	49140	-0.996	0.000	0.7463	0.6186	1
48697	49175	1.000	0.000	0.8663	0.7596	1
48697	49466	1.000	0.000	0.8192	0.7596	1
48697	49493	-0.995	0.000	0.7839	0.6030	1
48702	48869	0.000	0.000	0.9964	1.0000	1
48746	48910	0.000	0.000	0.9722	0.9062	1
48746	49246	0.000	0.000	0.9768	0.9262	1
48757	49354	-0.000	0.000	0.8632	0.6970	1
48802	49411	-0.001	0.000	0.9693	0.9041	1
48844	49084	-1.000	0.000	0.8851	0.7469	1
48844	49137	-1.984	0.000	0.8186	0.7702	1
48844	49140	-1.996	0.000	0.8290	0.7341	1
48844	49145	-1.981	0.000	0.7976	0.7702	1
48844	49175	0.000	0.000	0.9660	0.8800	1
48844	49466	-0.001	0.000	0.9445	0.8817	1
48844	49493	-1.995	0.000	0.8178	0.6414	1
48910	49246	0.000	0.000	0.9926	0.9755	1
48948	49460	-0.000	0.000	0.9699	0.9098	1
48965	49317	-0.001	0.000	0.9220	0.7474	1
48965	49432	-0.019	0.000	0.8575	0.7813	1
48965	49441	1.980	0.000	0.8671	0.7382	1
49000	49259	0.000	0.000	0.9921	0.9414	1
49084	49140	-0.996	0.000	0.7889	0.6186	1
49084	49175	1.000	0.000	0.9115	0.8404	1
49084	49466	0.999	0.000	0.8633	0.7884	1
49084	49493	-0.995	0.000	0.8277	0.6030	1
49137	49140	-0.012	0.000	0.8979	0.8116	1
49137	49145	0.003	0.000	0.9054	0.8676	1
49137	49175	1.984	0.000	0.8035	0.7093	1
49137	49466	1.983	0.000	0.8233	0.7751	1
49137	49493	-0.011	0.000	0.8910	0.7443	1
49140	49145	0.015	0.000	0.8482	0.8090	1
49140	49175	1.996	0.000	0.8535	0.7341	1
49140	49466	1.995	0.000	0.7972	0.7341	1
49140	49493	0.001	0.000	0.9138	0.8096	1
49145	49175	1.981	0.000	0.7437	0.6908	1
49145	49466	1.980	0.000	0.8501	0.8328	1
49145	49493	-0.014	0.000	0.8115	0.6977	1
49175	49466	-0.001	0.000	0.8994	0.8584	1
49175	49493	-1.995	0.000	0.8420	0.6414	1
49256	49383	-0.000	0.000	0.9608	0.8201	1
49317	49432	-0.018	0.000	0.8526	0.6612	1
49317	49441	1.981	0.000	0.8322	0.5924	1
49432	49441	1.999	0.000	0.8636	0.7397	1
49466	49493	-1.994	0.000	0.7873	0.6414	1
49557	49561	1.995	0.000	0.8815	0.7851	1
49557	49679	2.987	0.000	0.8343	0.4813	1
49557	49705	0.024	0.000	0.9935	0.9405	1
49557	49709	2.019	0.000	0.8934	0.7738	1
49557	49736	1.021	0.000	0.8155	0.7404	1
49561	49592	-3.971	0.000	0.7167	0.7565	1
49561	49705	-1.971	0.000	0.8875	0.7631	1
49561	49709	0.025	0.000	0.9897	0.9309	1
49561	49736	-0.974	0.000	0.8642	0.8417	1
49574	49700	-0.023	0.000	0.9907	0.9354	1
49589	49592	1.995	0.000	0.9864	0.9308	1
49589	49652	0.998	0.000	0.7145	0.7654	1
49592	49652	-0.997	0.000	0.7147	0.7524	1
49592	49709	3.996	0.000	0.7142	0.7253	1
49592	49736	2.997	0.000	0.7808	0.7650	1
49594	49598	1.995	0.000	0.9851	0.9188	1
49679	49705	-2.963	0.000	0.8386	0.4648	1
49705	49709	1.995	0.000	0.8979	0.7472	1
49705	49736	0.997	0.000	0.8248	0.7323	1
49706	49707	1.996	0.000	0.9431	0.8435	1
49709	49736	-0.998	0.000	0.8574	0.7926	1
8307	27754	-0.073	0.000	0.7862	0.7591	1
8317	10098	0.982	0.000	0.8848	0.8247	1
8317	10177	1.977	0.000	0.7454	0.5375	1
8322	18932	0.000	0.000	0.9737	0.7363	1
8343	10151	-0.084	0.000	0.7105	0.4935	1
8345	9405	0.036	0.000	0.9897	0.9469	1
8396	16216	2.016	0.000	0.8017	0.6209	1
8396	17064	4.031	0.000	0.7291	0.5953	1
8403	9656	-0.984	0.000	0.7875	0.6946	1
8464	10525	-3.976	0.000	0.7003	0.5687	1
8464	12577	1.979	0.000	0.8504	0.6172	1
8531	11024	0.000	0.000	0.9412	0.7871	1
8547	10164	0.017	0.000	0.8164	0.8531	1
8547	11028	0.000	0.000	0.8948	0.8542	1
8609	8815	-0.036	0.000	0.9780	0.8684	1
8642	9158	10.024	0.000	0.8157	0.7664	1
8673	8757	0.036	0.000	0.8591	0.7585	1
8678	9037	-2.016	0.000	0.9549	0.8846	1
8697	37691	-7.976	0.000	0.7496	0.5161	1
8705	17917	6.011	0.000	0.8083	0.6776	1
8705	20361	6.011	0.000	0.8436	0.7886	1
8706	22689	3.958	0.000	0.7333	0.4740	1
8748	9102	9.949	0.000	0.7531	0.5899	1
8764	12305	1.978	0.000	0.7916	0.6651	1
8807	15824	7.980	0.000	0.7009	0.6875	1
8814	11105	-0.037	0.000	0.7041	0.5747	1
8815	12028	2.016	0.000	0.7267	0.7158	1
8880	10891	-0.000	0.000	0.7009	0.6496	1
8973	18319	-6.010	0.000	0.7626	0.4591	1
8975	14751	-3.995	0.000	0.7561	0.6591	1
8975	26136	0.000	0.000	0.8771	0.7575	1
9004	38434	-0.061	0.000	0.7125	0.4929	1
9102	17270	-4.046	0.000	0.7368	0.4914	1
9107	10090	-6.008	0.000	0.7155	0.4045	1
9169	11704	0.002	0.000	0.7585	0.4903	1
9236	9338	1.978	0.000	0.8310	0.6523	1
9240	9969	-1.004	0.000	0.8364	0.7443	1
9240	14235	0.000	0.000	0.9664	0.8183	1
9263	9515	0.066	0.000	0.7555	0.6271	1
9281	9286	-0.001	0.000	0.7990	0.6432	1
9314	10228	-0.086	0.000	0.9191	0.8275	1
9335	22689	5.974	0.000	0.7959	0.6353	1
9335	26160	3.958	0.000	0.7781	0.5411	1
9340	12310	0.995	0.000	0.8114	0.6740	1
9340	19642	2.016	0.000	0.7591	0.6194	1
9422	9468	8.004	0.000	0.8671	0.6973	1
9468	11031	3.995	0.000	0.8190	0.4224	1
9510	15320	-0.984	0.000	0.7438	0.5577	1
9522	13904	9.948	0.000	0.7497	0.6777	1
9649	10796	-1.003	0.000	0.9302	0.6886	1
9649	11922	2.015	0.000	0.9032	0.5630	1
9662	9682	0.000	0.000	0.7927	0.7719	1
9667	17415	3.940	0.000	0.8288	0.5726	1
9755	19839	-0.001	0.000	0.7051	0.6461	1
9755	20102	-9.949	0.000	0.7720	0.5539	1
9778	12146	0.002	0.000	0.9085	0.6411	1
9779	14850	3.000	0.000	0.9225	0.7816	1
9810	15003	-5.031	0.000	0.7539	0.6713	1
9947	12974	-2.015	0.000	0.7358	0.4370	1
9947	14280	0.001	0.000	0.7436	0.5309	1
9957	42914	-8.077	0.000	0.7437	0.5346	1
9969	14235	1.004	0.000	0.8121	0.7609	1
10060	11329	-2.017	0.000	0.9255	0.7192	1
10073	10214	-0.064	0.000	0.9279	0.7955	1
10081	11535	4.994	0.000	0.7206	0.5909	1
10081	13814	10.031	0.000	0.7199	0.4727	1
10081	16734	2.014	0.000	0.8584	0.6434	1
10081	18686	2.015	0.000	0.8726	0.7503	1
10090	11955	-7.042	0.000	0.8285	0.6562	1
10150	10168	2.016	0.000	0.7181	0.6274	1
10151	15553	-0.927	0.000	0.8988	0.7202	1
10228	13985	1.010	0.000	0.7301	0.6708	1
10338	10692	-0.048	0.000	0.7823	0.5815	1
10414	12310	-2.963	0.000	0.7656	0.5209	1
10460	11678	0.005	0.000	0.7249	0.4854	1
10598	30993	0.970	0.000	0.7339	0.3992	1
10615	14117	-7.969	0.000	0.8216	0.6746	1
10692	15439	-0.984	0.000	0.7710	0.7003	1
10736	28236	-9.156	0.000	0.7360	0.5604	1
10796	11922	3.019	0.000	0.8757	0.6293	1
10803	16097	1.980	0.000	0.7462	0.7251	1
10891	12150	-2.018	0.000	0.7422	0.5694	1
10891	12372	-0.012	0.000	0.7840	0.7181	1
10928	15556	1.980	0.000	0.7610	0.5474	1
11003	12766	1.953	0.000	0.7088	0.4762	1
11031	12200	-0.973	0.000	0.7319	0.4069	1
11031	14453	0.022	0.000	0.7704	0.3775	1
11031	15987	-7.947	0.000	0.8761	0.5101	1
11031	21041	0.106	0.000	0.7029	0.3483	1
11031	38761	-6.952	0.000	0.7478	0.4007	1
11071	11307	1.056	0.000	0.7395	0.6162	1
11169	19102	-3.974	0.000	0.9660	0.7814	1
11188	16899	0.096	0.000	0.7265	0.6279	1
11188	17315	0.000	0.000	0.8003	0.5152	1
11307	11756	-0.036	0.000	0.8222	0.7737	1
11345	11955	4.994	0.000	0.8507	0.6153	1
11345	12903	-1.980	0.000	0.7356	0.4817	1
11418	12724	0.090	0.000	0.7413	0.7216	1
11418	16148	2.974	0.000	0.8478	0.5406	1
11434	12151	0.057	0.000	0.9781	0.8579	1
11434	20971	0.058	0.000	0.9061	0.4882	1
11458	12204	0.043	0.000	0.9347	0.7422	1
11493	20043	-2.906	0.000	0.7350	0.4044	1
11493	24543	-2.906	0.000	0.7490	0.4237	1
11496	11868	-0.985	0.000	0.8420	0.6522	1
11535	14212	0.001	0.000	0.9006	0.8436	1
11535	16734	-2.979	0.000	0.7122	0.5152	1
11535	18686	-2.979	0.000	0.7412	0.6568	1
11548	14552	-3.000	0.000	0.7744	0.5525	1
11556	14761	1.032	0.000	0.7908	0.4687	1
11556	20913	1.032	0.000	0.7768	0.4577	1
11617	13727	3.959	0.000	0.7182	0.6672	1
11617	16861	3.959	0.000	0.7370	0.7482	1
11617	19077	3.959	0.000	0.7273	0.5022	1
11672	12028	-2.015	0.000	0.7671	0.6108	1
11884	14630	-0.000	0.000	0.8778	0.6683	1
11908	42981	1.918	0.000	0.7205	0.4110	1
11954	12125	0.036	0.000	0.9378	0.8731	1
11954	14958	0.036	0.000	0.7031	0.6731	1
11955	12903	-6.973	0.000	0.8156	0.6386	1
11999	15553	-9.000	0.000	0.8910	0.7436	1
12028	15070	0.000	0.000	0.9175	0.6734	1
12062	18466	0.000	0.000	0.8691	0.6144	1
12095	12501	-9.036	0.000	0.7924	0.4889	1
12114	15320	4.921	0.000	0.7104	0.5377	1
12125	14958	0.000	0.000	0.7063	0.7774	1
12151	20971	0.000	0.000	0.9135	0.4742	1
12199	12483	1.015	0.000	0.7406	0.4730	1
12199	14133	2.976	0.000	0.7309	0.5839	1
12199	25208	0.925	0.000	0.7024	0.4323	1
12200	15987	-6.974	0.000	0.7550	0.3283	1
12200	31185	3.058	0.000	0.7554	0.4606	1
12200	38761	-5.979	0.000	0.7673	0.4684	1
12305	13614	1.980	0.000	0.8083	0.6057	1
12310	12679	-1.003	0.000	0.8343	0.8065	1
12310	15144	3.995	0.000	0.7453	0.4915	1
12316	23064	0.000	0.000	0.8141	0.7330	1
12339	12374	-0.984	0.000	0.8309	0.7410	1
12383	12502	-0.026	0.000	0.9733	0.8882	1
12396	12494	-0.046	0.000	0.7044	0.5915	1
12400	14761	9.948	0.000	0.7561	0.4952	1
12400	14828	0.000	0.000	0.9826	0.8991	1
12400	16216	-2.016	0.000	0.9080	0.6545	1
12400	17064	0.000	0.000	0.9611	0.9045	1
12400	20913	9.948	0.000	0.7219	0.4584	1
12423	15342	1.032	0.000	0.7917	0.5650	1
12423	18534	-0.984	0.000	0.9132	0.6853	1
12424	21877	2.016	0.000	0.7978	0.5301	1
12434	19648	-0.985	0.000	0.7630	0.7667	1
12434	24543	2.063	0.000	0.7002	0.3482	1
12524	13570	-2.016	0.000	0.9622	0.7952	1
12756	14966	1.980	0.000	0.7234	0.6440	1
12868	13823	10.006	0.000	0.8949	0.6503	1
12868	16242	0.048	0.000	0.9079	0.5481	1
12868	16558	0.000	0.000	0.9029	0.5397	1
12938	13050	-0.036	0.000	0.9683	0.9288	1
12974	14280	2.016	0.000	0.7114	0.6240	1
13040	13614	-0.119	0.000	0.9220	0.7173	1
13216	14015	-2.016	0.000	0.8011	0.7344	1
13244	21812	-2.052	0.000	0.7106	0.6018	1
13467	13474	1.006	0.000	0.8175	0.4757	1
13616	14148	-0.054	0.000	0.8118	0.6834	1
13687	13694	1.001	0.000	0.8064	0.5844	1
13726	13807	1.005	0.000	0.7453	0.4522	1
13727	14958	10.021	0.000	0.7945	0.5894	1
13727	15976	-0.036	0.000	0.8615	0.7507	1
13727	16861	0.000	0.000	0.9595	0.8472	1
13727	19077	0.000	0.000	0.7310	0.5222	1
13779	16517	-2.016	0.000	0.7104	0.7587	1
13814	13928	2.006	0.000	0.8138	0.6648	1
13814	16734	-8.017	0.000	0.7664	0.5283	1
13814	18686	-8.017	0.000	0.7897	0.5098	1
13823	16242	-9.958	0.000	0.8145	0.3510	1
13832	13944	-0.983	0.000	0.8455	0.6023	1
13866	14604	-0.984	0.000	0.8514	0.6737	1
13866	16739	0.959	0.000	0.7299	0.3549	1
13904	20102	4.067	0.000	0.7965	0.7081	1
13904	21217	4.044	0.000	0.8199	0.6537	1
13915	15046	1.979	0.000	0.7804	0.5664	1
13946	17653	-3.978	0.000	0.7510	0.6552	1
13961	17114	-9.983	0.000	0.7737	0.6473	1
13986	19408	-3.995	0.000	0.7501	0.6214	1
13998	15805	2.016	0.000	0.7117	0.7452	1
13998	16565	4.032	0.000	0.7155	0.6162	1
13998	21098	2.016	0.000	0.7867	0.7924	1
13998	22291	0.000	0.000	0.7833	0.6170	1
13998	22942	4.032	0.000	0.7239	0.6982	1
13998	27981	2.016	0.000	0.7533	0.7826	1
14198	14382	-0.983	0.000	0.8174	0.7214	1
14201	20028	-9.984	0.000	0.7528	0.6766	1
14223	14303	0.024	0.000	0.8706	0.5955	1
14276	14288	1.003	0.000	0.8078	0.5712	1
14304	14575	-0.036	0.000	0.8962	0.7024	1
14394	22269	-7.087	0.000	0.7267	0.5126	1
14410	15049	2.016	0.000	0.8437	0.8288	1
14430	14733	0.135	0.000	0.9558	0.7869	1
14436	14437	-2.015	0.000	0.8496	0.5485	1
14453	38761	-6.973	0.000	0.7008	0.3854	1
14499	15525	2.016	0.000	0.7118	0.6216	1
14588	15048	0.118	0.000	0.9087	0.8316	1
14604	16739	1.943	0.000	0.7068	0.3198	1
14639	21090	6.026	0.000	0.7214	0.6987	1
14711	15824	-0.001	0.000	0.9041	0.7053	1
14746	15917	0.948	0.000	0.7045	0.5991	1
14751	15342	3.974	0.000	0.7149	0.5755	1
14758	17360	0.000	0.000	0.8823	0.6585	1
14761	14828	-9.948	0.000	0.7521	0.4952	1
14761	17064	-9.948	0.000	0.7857	0.5493	1
14761	20913	0.000	0.000	0.9695	0.9101	1
14761	24382	-2.016	0.000	0.8608	0.6376	1
14802	17517	-0.001	0.000	0.9644	0.9000	1
14828	16216	-2.016	0.000	0.9184	0.6760	1
14828	17064	0.000	0.000	0.9666	0.8460	1
14828	20913	9.948	0.000	0.7204	0.4584	1
14846	21684	-0.984	0.000	0.7514	0.6695	1
14865	16390	-1.979	0.000	0.7078	0.7718	1
14865	17031	0.000	0.000	0.9718	0.9182	1
14865	19392	2.016	0.000	0.7674	0.6378	1
14865	20920	2.016	0.000	0.7396	0.5500	1
14865	23084	0.000	0.000	0.7945	0.5755	1
14925	20192	0.000	0.000	0.7532	0.8634	1
14958	16861	-10.020	0.000	0.8016	0.6504	1
15018	17619	1.979	0.000	0.7987	0.6825	1
15049	15917	2.016	0.000	0.9321	0.7912	1
15056	19540	1.979	0.000	0.8174	0.6144	1
15144	15500	-1.979	0.000	0.8312	0.5979	1
15307	15641	-0.036	0.000	0.9703	0.7728	1
15320	23366	-0.984	0.000	0.7769	0.7176	1
15323	19754	0.038	0.000	0.8412	0.5789	1
15363	18754	1.020	0.000	0.7166	0.5152	1
15363	21090	2.016	0.000	0.7371	0.7680	1
15492	15495	-2.998	0.000	0.7490	0.6489	1
15525	22935	-2.016	0.000	0.7014	0.6653	1
15769	18864	0.000	0.000	0.8347	0.8876	1
15805	16565	2.015	0.000	0.8153	0.7044	1
15870	18010	-9.058	0.000	0.8894	0.7325	1
15943	16412	-0.131	0.000	0.8150	0.7174	1
15971	21190	-10.020	0.000	0.7091	0.7116	1
15976	16861	0.036	0.000	0.9193	0.8727	1
15976	19077	0.036	0.000	0.7305	0.5710	1
15987	38761	0.995	0.000	0.8149	0.4398	1
15998	17459	-2.015	0.000	0.8774	0.7177	1
16131	18972	1.979	0.000	0.7835	0.5904	1
16216	17064	2.016	0.000	0.9533	0.7615	1
16216	24382	9.948	0.000	0.8604	0.5671	1
16218	23888	-0.000	0.000	0.9634	0.7789	1
16242	16558	-0.047	0.000	0.9416	0.8013	1
16254	18088	-0.001	0.000	0.8781	0.7066	1
16390	17315	-2.016	0.000	0.7238	0.7951	1
16390	19392	3.995	0.000	0.7671	0.6253	1
16390	20192	4.033	0.000	0.7315	0.4868	1
16390	20920	3.995	0.000	0.7444	0.5636	1
16401	18532	0.000	0.000	0.8865	0.7397	1
16407	25463	6.937	0.000	0.7968	0.6512	1
16419	17536	1.006	0.000	0.8072	0.4639	1
16457	16731	-0.095	0.000	0.7847	0.8152	1
16606	22044	0.000	0.000	0.7180	0.4234	1
16606	24345	0.000	0.000	0.7383	0.2786	1
101	4713	-0.067	0.000	0.7130	0.5541	1
172	1122	-4.979	0.000	0.9185	0.7481	1
172	49739	0.000	0.000	0.8874	0.7537	1
181	185	-1.995	0.000	0.9753	0.7715	1
181	561	9.947	0.000	0.7772	0.6820	1
181	1126	-1.995	0.000	0.9805	0.9116	1
181	38755	-1.995	0.000	0.9859	0.9279	1
181	42067	-1.995	0.000	0.9777	0.9101	1
181	49557	-2.019	0.000	0.9636	0.7203	1
181	49561	-0.025	0.000	0.8397	0.6612	1
181	49705	-1.995	0.000	0.9607	0.6900	1
181	49709	0.000	0.000	0.8436	0.6697	1
181	49736	-0.998	0.000	0.7936	0.6260	1
185	1126	0.000	0.000	0.9773	0.7685	1
185	8113	-0.116	0.000	0.8725	0.6111	1
185	38755	0.000	0.000	0.9808	0.8348	1
185	42067	0.000	0.000	0.9584	0.7335	1
185	49557	-0.024	0.000	0.9814	0.8973	1
185	49561	1.971	0.000	0.8719	0.8289	1
185	49679	2.963	0.000	0.8310	0.5213	1
185	49705	0.000	0.000	0.9779	0.8556	1
185	49709	1.995	0.000	0.8864	0.8349	1
185	49736	0.997	0.000	0.8013	0.7721	1
192	588	0.024	0.000	0.9025	0.7769	1
192	49765	0.001	0.000	0.9356	0.7745	1
197	580	0.023	0.000	0.8127	0.6749	1
197	49574	0.023	0.000	0.9104	0.6183	1
197	49700	0.000	0.000	0.9117	0.6103	1
282	49710	0.000	0.000	0.9738	0.8723	1
485	923	-0.096	0.000	0.9921	0.8827	1
498	577	2.033	0.000	0.7250	0.7832	1
498	2994	0.896	0.000	0.7926	0.6853	1
522	577	-5.005	0.000	0.7739	0.5903	1
522	595	-0.221	0.000	0.7246	0.6328	1
558	561	-1.998	0.000	0.9317	0.7546	1
560	18079	-0.027	0.000	0.9625	0.7059	1
561	49709	-9.947	0.000	0.7095	0.6642	1
576	620	4.979	0.000	0.9686	0.8600	1
576	49741	4.979	0.000	0.9696	0.8806	1
577	2994	-1.137	0.000	0.7049	0.6137	1
586	851	-0.045	0.000	0.9197	0.7109	1
586	4064	-0.000	0.000	0.9738	0.8659	1
587	2857	-2.945	0.000	0.7989	0.5552	1
587	4269	-2.946	0.000	0.7911	0.5295	1
588	49765	-0.023	0.000	0.8834	0.7877	1
589	49589	-0.997	0.000	0.7263	0.7425	1
589	49592	0.998	0.000	0.7120	0.7743	1
589	49652	0.001	0.000	0.9339	0.8593	1
590	2564	-3.982	0.000	0.7050	0.5997	1
598	857	-0.984	0.000	0.7253	0.6797	1
619	645	0.265	0.000	0.8041	0.5192	1
620	49741	0.000	0.000	0.9945	0.9723	1
624	1964	4.980	0.000	0.9370	0.7571	1
624	19667	4.885	0.000	0.8439	0.7115	1
624	49743	4.980	0.000	0.9289	0.7195	1
633	766	-0.019	0.000	0.7914	0.4912	1
633	855	0.984	0.000	0.7675	0.7582	1
633	1234	2.016	0.000	0.7897	0.7814	1
634	1235	-3.036	0.000	0.8004	0.7690	1
634	1478	6.996	0.000	0.7253	0.4538	1
634	1555	-0.950	0.000	0.7752	0.6296	1
634	2644	-3.036	0.000	0.7923	0.6323	1
634	2646	-4.040	0.000	0.7309	0.3884	1
634	2973	6.984	0.000	0.7013	0.4779	1
634	4062	1.020	0.000	0.7430	0.5272	1
634	13049	1.006	0.000	0.7205	0.4421	1
636	708	9.984	0.000	0.9223	0.8071	1
636	1062	-9.984	0.000	0.8660	0.7459	1
649	836	0.107	0.000	0.8536	0.6589	1
664	3100	1.032	0.000	0.7420	0.5898	1
676	1270	-6.937	0.000	0.8438	0.7035	1
676	2433	-6.937	0.000	0.8487	0.6419	1
708	1239	0.110	0.000	0.7884	0.4023	1
737	2391	-0.986	0.000	0.7439	0.4932	1
766	855	1.003	0.000	0.7279	0.6232	1
801	49482	0.000	0.000	0.9406	0.5065	1
830	2359	-6.973	0.000	0.8059	0.5042	1
830	3805	9.021	0.000	0.8048	0.4798	1
833	1140	-0.011	0.000	0.9401	0.6634	1
833	1160	-4.031	0.000	0.8707	0.5084	1
844	1213	0.113	0.000	0.7625	0.8048	1
849	1502	9.029	0.000	0.8535	0.7786	1
849	1574	10.032	0.000	0.7897	0.6099	1
851	4064	0.045	0.000	0.9325	0.7463	1
855	10204	-0.000	0.000	0.9717	0.7613	1
857	2900	9.081	0.000	0.8163	0.5372	1
858	884	-1.003	0.000	0.9122	0.8044	1
858	1087	0.035	0.000	0.7100	0.3955	1
858	3572	-4.057	0.000	0.7640	0.3927	1
858	4650	0.000	0.000	0.8584	0.4218	1
858	4673	-9.973	0.000	0.8106	0.4480	1
858	12895	-4.057	0.000	0.7722	0.2698	1
858	18080	4.006	0.000	0.7656	0.2906	1
859	865	2.946	0.000	0.7064	0.4730	1
859	1166	1.962	0.000	0.7320	0.4259	1
859	1384	0.965	0.000	0.8775	0.6217	1
859	1386	-0.042	0.000	0.9038	0.7141	1
859	2394	0.965	0.000	0.8752	0.6088	1
859	2423	0.959	0.000	0.8722	0.5799	1
859	2526	1.962	0.000	0.7270	0.3804	1
859	2880	1.003	0.000	0.8992	0.7379	1
859	2898	-1.967	0.000	0.7453	0.5275	1
859	4688	1.003	0.000	0.9361	0.6764	1
859	7952	1.035	0.000	0.7072	0.5871	1
859	8343	2.046	0.000	0.7915	0.5439	1
859	10151	1.962	0.000	0.7260	0.3793	1
859	11999	10.036	0.000	0.7570	0.3885	1
859	15553	1.035	0.000	0.7769	0.4582	1
862	904	0.051	0.000	0.7937	0.7888	1
862	1116	0.059	0.000	0.8221	0.8018	1
862	1290	-0.984	0.000	0.7196	0.7138	1
865	1084	-1.004	0.000	0.9140	0.8127	1
865	1166	-0.984	0.000	0.9134	0.8198	1
865	1384	-1.981	0.000	0.7769	0.6603	1
865	1386	-2.989	0.000	0.7520	0.5595	1
865	2394	-1.981	0.000	0.7793	0.6509	1
865	2423	-1.987	0.000	0.7819	0.6697	1
865	2526	-0.984	0.000	0.9092	0.7710	1
865	2880	-1.943	0.000	0.7676	0.5944	1
865	2898	-4.914	0.000	0.7040	0.5572	1
865	4688	-1.943	0.000	0.7165	0.5505	1
865	10151	-0.984	0.000	0.9025	0.8026	1
865	15553	-1.911	0.000	0.7540	0.6055	1
865	20555	-1.009	0.000	0.7952	0.5946	1
866	1114	-1.980	0.000	0.7404	0.7132	1
884	3572	-3.053	0.000	0.7322	0.4605	1
884	4650	1.003	0.000	0.7759	0.3791	1
884	4673	-8.969	0.000	0.7630	0.5624	1
884	4700	-9.006	0.000	0.7621	0.5600	1
884	12895	-3.053	0.000	0.7177	0.3061	1
898	927	6.940	0.000	0.8591	0.5719	1
898	3052	3.941	0.000	0.7101	0.6318	1
898	3059	4.961	0.000	0.8132	0.6362	1
904	1116	0.009	0.000	0.9258	0.8250	1
904	1118	-0.006	0.000	0.7666	0.8240	1
918	1244	-9.984	0.000	0.7894	0.7283	1
918	2658	-9.984	0.000	0.7577	0.7439	1
923	958	-1.003	0.000	0.7530	0.6309	1
925	2165	-8.005	0.000	0.7762	0.4654	1
925	3253	-9.984	0.000	0.7409	0.3910	1
925	3572	-10.021	0.000	0.7259	0.5308	1
927	3052	-2.999	0.000	0.7235	0.6106	1
927	3059	-1.979	0.000	0.8800	0.6422	1
927	9714	6.058	0.000	0.8568	0.4566	1
928	1268	1.979	0.000	0.7159	0.6468	1
928	1432	0.011	0.000	0.7327	0.5456	1
928	2432	1.979	0.000	0.7178	0.6468	1
928	4057	0.071	0.000	0.7582	0.6709	1
928	5820	-4.994	0.000	0.7201	0.4385	1
943	1096	2.016	0.000	0.7623	0.6610	1
943	1290	-6.948	0.000	0.7613	0.5647	1
943	1478	-9.984	0.000	0.8796	0.6682	1
943	1502	2.992	0.000	0.7603	0.4240	1
943	1508	-9.948	0.000	0.7672	0.6427	1
943	1554	-9.959	0.000	0.7015	0.6071	1
943	1574	3.995	0.000	0.7144	0.6331	1
943	1890	5.007	0.000	0.7894	0.6336	1
943	1959	-0.974	0.000	0.7287	0.4068	1
943	2165	6.011	0.000	0.7967	0.6689	1
943	2916	-4.969	0.000	0.7266	0.5857	1
943	2973	-9.995	0.000	0.7401	0.5700	1
943	3141	8.063	0.000	0.7661	0.5086	1
943	3253	4.031	0.000	0.7023	0.6024	1
943	3572	3.995	0.000	0.7768	0.7287	1
943	4510	-5.005	0.000	0.7357	0.5307	1
943	5329	-5.005	0.000	0.7100	0.4714	1
943	6209	-2.990	0.000	0.7070	0.4476	1
943	12400	2.073	0.000	0.7942	0.4249	1
943	14828	2.073	0.000	0.8108	0.4409	1
943	16216	0.057	0.000	0.7419	0.4662	1
943	17064	2.073	0.000	0.7756	0.4403	1
943	27968	-0.999	0.000	0.7514	0.4529	1
949	2629	-0.000	0.000	0.9821	0.9342	1
960	1871	0.993	0.000	0.7454	0.4556	1
960	2391	-1.022	0.000	0.7414	0.5760	1
960	2916	-0.038	0.000	0.7319	0.5514	1
960	5329	-0.075	0.000	0.7207	0.5456	1
1037	7384	1.968	0.000	0.7289	0.5716	1
1037	8152	-0.011	0.000	0.8273	0.6302	1
1037	14803	0.011	0.000	0.7265	0.6302	1
1049	1349	9.033	0.000	0.7148	0.3160	1
1049	5496	4.043	0.000	0.7056	0.3588	1
1056	1160	4.020	0.000	0.9086	0.6579	1
1056	2066	4.175	0.000	0.7461	0.4007	1
1056	5773	-1.958	0.000	0.9285	0.4779	1
1062	1063	-2.016	0.000	0.7524	0.8176	1
1062	9591	-4.979	0.000	0.7018	0.6216	1
1062	11760	-4.922	0.000	0.8259	0.4721	1
1075	18117	4.005	0.000	0.7775	0.5108	1
1084	1166	0.020	0.000	0.9981	0.9775	1
1084	1384	-0.977	0.000	0.8802	0.8150	1
1084	1386	-1.984	0.000	0.8020	0.5286	1
1084	2394	-0.977	0.000	0.8815	0.8023	1
1084	2423	-0.983	0.000	0.8872	0.8334	1
1084	2526	0.020	0.000	0.9978	0.9548	1
1084	2898	-3.909	0.000	0.7372	0.4937	1
1084	7124	0.127	0.000	0.9827	0.8556	1
1084	8343	0.104	0.000	0.7104	0.5020	1
1084	10151	0.020	0.000	0.9952	0.9395	1
1087	3572	-4.091	0.000	0.7220	0.5218	1
1087	4650	-0.035	0.000	0.7845	0.5836	1
1096	1502	0.976	0.000	0.8910	0.5731	1
1096	1574	1.979	0.000	0.9577	0.8313	1
1096	1890	2.992	0.000	0.8565	0.6972	1
1096	1959	-2.990	0.000	0.7688	0.3770	1
1096	1989	8.974	0.000	0.8026	0.3473	1
1096	2165	3.995	0.000	0.8519	0.8038	1
1096	2598	2.004	0.000	0.9102	0.8052	1
1096	5688	4.085	0.000	0.7323	0.5589	1
1096	6195	8.062	0.000	0.7748	0.3227	1
1096	8396	-3.974	0.000	0.7191	0.5216	1
1096	12400	0.057	0.000	0.8035	0.4130	1
1096	14828	0.057	0.000	0.8093	0.4484	1
1096	16216	-1.958	0.000	0.7674	0.4913	1
1096	17064	0.057	0.000	0.8076	0.3727	1
1116	1118	-0.015	0.000	0.7537	0.7917	1
1122	49739	4.979	0.000	0.8535	0.7376	1
1126	8113	-0.116	0.000	0.8829	0.7627	1
1126	38755	0.000	0.000	0.9813	0.9017	1
1126	42067	0.000	0.000	0.9708	0.9211	1
1126	49557	-0.024	0.000	0.9597	0.7024	1
1126	49561	1.971	0.000	0.8680	0.7481	1
1126	49679	2.963	0.000	0.8413	0.6485	1
1126	49705	0.000	0.000	0.9558	0.6685	1
1126	49709	1.995	0.000	0.8807	0.7903	1
1126	49736	0.997	0.000	0.7884	0.6460	1
1127	49803	0.000	0.000	0.9273	0.8074	1
1140	1160	-4.019	0.000	0.8627	0.4547	1
1149	1376	-0.013	0.000	0.9746	0.8473	1
1150	1794	2.972	0.000	0.7127	0.3160	1
1157	1686	0.036	0.000	0.9218	0.7654	1
1157	2673	0.037	0.000	0.8386	0.7741	1
1160	2066	0.155	0.000	0.9488	0.8282	1
1166	1384	-0.997	0.000	0.8795	0.7963	1
1166	1386	-2.005	0.000	0.8057	0.5505	1
1166	2394	-0.997	0.000	0.8803	0.7833	1
1166	2423	-1.003	0.000	0.8873	0.8143	1
1166	2526	0.000	0.000	0.9974	0.9538	1
1166	2880	-0.959	0.000	0.8757	0.7687	1
1166	2898	-3.930	0.000	0.7396	0.5084	1
1166	4688	-0.959	0.000	0.7704	0.5541	1
1166	6446	3.047	0.000	0.8471	0.6427	1
1166	7124	0.107	0.000	0.9870	0.8954	1
1166	8343	0.084	0.000	0.7106	0.5187	1
1166	10151	-0.000	0.000	0.9969	0.9541	1
1166	15553	-0.927	0.000	0.8900	0.6947	1
1211	10412	4.957	0.000	0.8213	0.3741	1
1213	2077	-0.077	0.000	0.8380	0.6720	1
1213	2113	-0.040	0.000	0.9618	0.9214	1
1213	2705	-1.024	0.000	0.7800	0.6013	1
1219	1285	0.011	0.000	0.9711	0.8920	1
1225	2718	7.032	0.000	0.8431	0.4931	1
1234	1379	5.013	0.000	0.8572	0.5732	1
1234	1890	-4.003	0.000	0.7115	0.6732	1
1234	2565	5.014	0.000	0.8494	0.5732	1
1234	24382	0.995	0.000	0.7220	0.6650	1
1235	1478	10.032	0.000	0.8199	0.5336	1
1235	2644	-0.000	0.000	0.9680	0.7837	1
1235	2973	10.021	0.000	0.8031	0.5939	1
1235	4062	4.057	0.000	0.7879	0.5212	1
1235	4315	-9.959	0.000	0.7532	0.5618	1
1238	2805	-4.995	0.000	0.7318	0.4656	1
1241	2082	-0.000	0.000	0.8709	0.6940	1
1244	2658	-0.000	0.000	0.9550	0.7284	1
1253	15144	1.031	0.000	0.7146	0.4771	1
1267	1852	0.018	0.000	0.8132	0.6901	1
1267	2872	0.000	0.000	0.9928	0.8889	1
1267	3242	0.018	0.000	0.7603	0.5952	1
1268	1478	-0.973	0.000	0.7136	0.4759	1
1268	1554	-0.948	0.000	0.7394	0.4863	1
1268	2432	0.000	0.000	0.9916	0.9211	1
1268	5011	0.011	0.000	0.7403	0.6559	1
1268	5820	-6.973	0.000	0.7213	0.3797	1
1270	2433	0.000	0.000	0.9526	0.7307	1
1270	3099	-8.026	0.000	0.8229	0.6764	1
1278	2973	9.940	0.000	0.7234	0.5557	1
1285	1432	0.984	0.000	0.7092	0.5606	1
1290	1478	-3.036	0.000	0.8131	0.6996	1
1290	1508	-3.000	0.000	0.7669	0.7535	1
1290	1959	5.974	0.000	0.7583	0.5025	1
1290	2916	1.979	0.000	0.7231	0.7324	1
1290	2973	-3.047	0.000	0.7164	0.6473	1
1290	4062	-9.012	0.000	0.7442	0.6345	1
1290	4514	9.021	0.000	0.7746	0.4729	1
1290	4651	9.995	0.000	0.7932	0.4477	1
1290	6162	0.995	0.000	0.8003	0.6256	1
1290	6209	3.958	0.000	0.7014	0.4861	1
1290	7030	-4.995	0.000	0.8206	0.4662	1
1290	12400	9.021	0.000	0.7721	0.5152	1
1290	14828	9.021	0.000	0.8316	0.5444	1
1290	16216	7.006	0.000	0.7624	0.5552	1
1290	17064	9.021	0.000	0.7971	0.5033	1
1290	17258	-6.974	0.000	0.8294	0.4817	1
1290	47256	4.968	0.000	0.7104	0.4480	1
1290	48489	4.968	0.000	0.7237	0.4545	1
1290	48613	4.968	0.000	0.7251	0.4343	1
1290	49000	4.968	0.000	0.7244	0.4459	1
1347	1797	0.018	0.000	0.9757	0.8160	1
1349	7081	-9.031	0.000	0.7536	0.3509	1
1379	1890	-9.016	0.000	0.8859	0.5603	1
1379	2565	0.001	0.000	0.9967	0.9609	1
1379	5688	-7.922	0.000	0.7295	0.3558	1
1384	1386	-1.008	0.000	0.9774	0.9177	1
1384	2394	0.000	0.000	0.9973	0.9638	1
1384	2423	-0.006	0.000	0.9975	0.9512	1
1384	2526	0.997	0.000	0.8813	0.8000	1
1384	2837	0.104	0.000	0.9856	0.9194	1
1384	2880	0.038	0.000	0.9911	0.9245	1
1384	2898	-2.933	0.000	0.8233	0.7069	1
1384	4688	0.038	0.000	0.8613	0.6400	1
1384	10151	0.997	0.000	0.8821	0.8173	1
1384	11999	9.071	0.000	0.8371	0.6058	1
1384	15553	0.070	0.000	0.8339	0.7098	1
1386	2394	1.008	0.000	0.9747	0.8984	1
1386	2423	1.001	0.000	0.9762	0.8871	1
1386	2526	2.005	0.000	0.8041	0.5376	1
1386	2880	1.045	0.000	0.9725	0.9124	1
1386	2898	-1.925	0.000	0.7934	0.7035	1
1386	4688	1.046	0.000	0.8440	0.6837	1
1386	10151	2.004	0.000	0.8062	0.5649	1
1386	15553	1.078	0.000	0.8324	0.6240	1
1390	1735	-0.036	0.000	0.9704	0.8510	1
1419	2221	0.087	0.000	0.8771	0.7249	1
1450	2562	2.005	0.000	0.7962	0.7585	1
1450	2563	-0.011	0.000	0.9461	0.8354	1
1450	3649	6.028	0.000	0.7620	0.4255	1
1450	5199	9.010	0.000	0.7400	0.4181	1
1450	13985	-6.011	0.000	0.7138	0.4181	1
1478	1508	0.036	0.000	0.9143	0.7879	1
1478	1554	0.025	0.000	0.8836	0.8370	1
1478	1555	-7.945	0.000	0.7659	0.4662	1
1478	1959	9.010	0.000	0.8013	0.3386	1
1478	2041	-2.016	0.000	0.7824	0.8432	1
1478	2432	0.973	0.000	0.7128	0.4430	1
1478	2473	8.040	0.000	0.7348	0.5684	1
1478	2644	-10.032	0.000	0.8105	0.4376	1
1478	2916	5.015	0.000	0.7031	0.5725	1
1478	2973	-0.011	0.000	0.8359	0.6782	1
1478	4057	-0.935	0.000	0.7233	0.2972	1
1478	4062	-5.975	0.000	0.8081	0.4821	1
1478	4510	4.979	0.000	0.7508	0.4631	1
1478	5329	4.979	0.000	0.7476	0.5050	1
1478	6162	4.031	0.000	0.7821	0.5274	1
1478	6209	6.994	0.000	0.7211	0.3870	1
1478	7030	-1.958	0.000	0.8349	0.3409	1
1478	17258	-3.937	0.000	0.8637	0.3547	1
1478	20555	-0.073	0.000	0.7487	0.2994	1
1478	22218	-5.007	0.000	0.8030	0.2990	1
1489	1547	0.036	0.000	0.9534	0.8817	1
1489	5272	-1.979	0.000	0.7624	0.4985	1
1489	12221	2.073	0.000	0.8150	0.5327	1
1502	1574	1.003	0.000	0.9214	0.6945	1
1502	1890	2.016	0.000	0.8318	0.5672	1
1502	2091	9.080	0.000	0.7011	0.3519	1
1502	2165	3.019	0.000	0.8320	0.4892	1
1502	2598	1.028	0.000	0.9039	0.5464	1
1508	1554	-0.011	0.000	0.9491	0.8571	1
1508	1555	-7.982	0.000	0.7031	0.4642	1
1508	2973	-0.048	0.000	0.7102	0.7629	1
1508	6162	3.995	0.000	0.7438	0.6235	1
1508	16216	10.005	0.000	0.7145	0.5855	1
1508	17258	-3.974	0.000	0.7231	0.4065	1
1518	1712	0.043	0.000	0.9057	0.7381	1
1518	1718	-0.047	0.000	0.8827	0.6614	1
1522	2457	0.000	0.000	0.9750	0.7397	1
1522	2823	0.057	0.000	0.8456	0.7589	1
1522	10454	0.000	0.000	0.8726	0.7770	1
1522	11548	3.011	0.000	0.8346	0.5967	1
1545	1626	-4.020	0.000	0.8870	0.6118	1
1547	5272	-2.016	0.000	0.7151	0.4667	1
1547	12221	2.036	0.000	0.8173	0.5856	1
1554	2432	0.948	0.000	0.7331	0.4486	1
1554	6162	4.006	0.000	0.7024	0.5518	1
1554	10904	-6.015	0.000	0.7241	0.3414	1
1555	2973	7.934	0.000	0.7366	0.5562	1
1555	4057	7.010	0.000	0.7529	0.5032	1
1555	4062	1.970	0.000	0.7640	0.5490	1
1555	17258	4.008	0.000	0.7824	0.5008	1
1559	7186	1.942	0.000	0.7726	0.5008	1
1559	9240	1.942	0.000	0.8309	0.5423	1
1559	9969	0.939	0.000	0.7024	0.4976	1
1559	14235	1.943	0.000	0.8054	0.5008	1
1567	1574	-6.036	0.000	0.7242	0.6831	1
1567	2217	-0.984	0.000	0.7916	0.7475	1
1567	2598	-6.011	0.000	0.7380	0.5389	1
1567	3579	-5.015	0.000	0.7672	0.5954	1
1572	4167	7.016	0.000	0.7912	0.5794	1
1572	4514	5.037	0.000	0.7198	0.4530	1
1572	16216	3.021	0.000	0.7343	0.5447	1
1574	1890	1.012	0.000	0.8483	0.8299	1
1574	1959	-4.969	0.000	0.7995	0.5833	1
1574	1989	6.995	0.000	0.8032	0.4254	1
1574	2165	2.016	0.000	0.8377	0.7185	1
1574	2565	10.029	0.000	0.7425	0.3911	1
1574	2598	0.025	0.000	0.8861	0.6712	1
1574	3691	9.072	0.000	0.7512	0.4909	1
1574	4514	-1.922	0.000	0.7248	0.4231	1
1574	8396	-5.953	0.000	0.7188	0.5245	1
1574	12400	-1.922	0.000	0.7950	0.4939	1
1574	14828	-1.922	0.000	0.8081	0.5046	1
1574	16216	-3.938	0.000	0.7688	0.5780	1
1574	17064	-1.922	0.000	0.8099	0.4678	1
1639	2559	-0.022	0.000	0.9716	0.8180	1
1639	2776	-0.000	0.000	0.9773	0.7458	1
1639	2793	-1.003	0.000	0.9159	0.7458	1
1639	2974	-0.012	0.000	0.7304	0.7805	1
1642	2923	1.003	0.000	0.8857	0.6423	1
1679	3991	-0.000	0.000	0.7087	0.4354	1
1686	2673	0.000	0.000	0.7961	0.5827	1
1697	4132	-2.964	0.000	0.7569	0.5893	1
1712	1718	-0.090	0.000	0.8791	0.8069	1
1734	6188	3.047	0.000	0.7032	0.7621	1
1734	19878	-7.922	0.000	0.8761	0.6046	1
1779	2172	0.036	0.000	0.9026	0.8470	1
1779	3440	-0.000	0.000	0.8198	0.7167	1
1779	3517	2.052	0.000	0.7435	0.4558	1
1779	3574	0.036	0.000	0.9700	0.8604	1
1794	1890	-7.050	0.000	0.7377	0.4781	1
1794	1989	-1.068	0.000	0.7576	0.4217	1
1794	2091	0.014	0.000	0.9752	0.9318	1
1794	2165	-6.047	0.000	0.7433	0.5208	1
1794	3412	-0.971	0.000	0.7930	0.4498	1
1794	3628	0.014	0.000	0.8921	0.7470	1
1794	3691	1.009	0.000	0.7513	0.4933	1
1794	3996	-0.995	0.000	0.7361	0.5537	1
1794	4080	-1.979	0.000	0.8175	0.5825	1
1794	5565	-6.011	0.000	0.7279	0.5161	1
1794	6195	-1.979	0.000	0.7157	0.3308	1
1794	11556	-1.068	0.000	0.7407	0.3579	1
1796	2141	-0.011	0.000	0.7590	0.7474	1
1796	2145	2.016	0.000	0.7996	0.6654	1
1796	3121	-0.036	0.000	0.7287	0.6130	1
1852	2872	-0.018	0.000	0.8075	0.6796	1
1852	3242	0.000	0.000	0.9178	0.7627	1
1871	2391	-2.016	0.000	0.8004	0.6787	1
1871	2916	-1.032	0.000	0.8845	0.6406	1
1871	3253	7.969	0.000	0.8266	0.7492	1
1871	4510	-1.068	0.000	0.7638	0.5824	1
1871	5329	-1.068	0.000	0.8046	0.5297	1
1871	5881	-1.032	0.000	0.7776	0.4853	1
1871	7030	-8.005	0.000	0.7729	0.4850	1
1871	12400	6.010	0.000	0.7115	0.5341	1
1890	1989	5.982	0.000	0.9700	0.6383	1
1890	2091	7.064	0.000	0.7747	0.4989	1
1890	2165	1.003	0.000	0.9880	0.7918	1
1890	2473	-6.952	0.000	0.7826	0.4345	1
1890	2565	9.016	0.000	0.8935	0.5975	1
1890	2598	-0.987	0.000	0.7756	0.6197	1
1890	3141	3.055	0.000	0.7375	0.7020	1
1890	3628	7.064	0.000	0.8056	0.4515	1
1890	3691	8.059	0.000	0.9059	0.5537	1
1890	4510	-10.013	0.000	0.7560	0.4576	1
1890	4514	-2.934	0.000	0.8488	0.5847	1
1890	5329	-10.013	0.000	0.7163	0.6016	1
1890	5688	1.094	0.000	0.8273	0.6195	1
1890	6209	-7.997	0.000	0.7599	0.4762	1
1890	11556	5.982	0.000	0.8771	0.5826	1
1890	12400	-2.934	0.000	0.9489	0.6947	1
1890	14761	7.014	0.000	0.7579	0.4897	1
1890	14828	-2.934	0.000	0.9551	0.7172	1
1890	16216	-4.950	0.000	0.9044	0.6494	1
1890	17064	-2.934	0.000	0.9716	0.6724	1
1890	20913	7.014	0.000	0.7322	0.5185	1
1890	31322	0.967	0.000	0.8882	0.5941	1
1891	2968	0.001	0.000	0.9890	0.9276	1
1891	3729	1.979	0.000	0.8304	0.7777	1
1891	4355	-1.004	0.000	0.9040	0.6535	1
1891	4418	-0.001	0.000	0.9846	0.9045	1
1959	2165	6.985	0.000	0.9100	0.5161	1
1959	2217	10.021	0.000	0.7305	0.6192	1
1959	2473	-0.970	0.000	0.7462	0.4053	1
1959	2598	4.994	0.000	0.7401	0.4805	1
1959	2973	-9.021	0.000	0.8151	0.3946	1
1959	4510	-4.031	0.000	0.7709	0.5525	1
1959	5329	-4.031	0.000	0.7119	0.5414	1
1959	5688	7.075	0.000	0.7567	0.3628	1
1959	6162	-4.979	0.000	0.7083	0.4767	1
1959	12400	3.047	0.000	0.9122	0.6919	1
1959	14828	3.047	0.000	0.9078	0.6841	1
1959	16216	1.032	0.000	0.8935	0.6360	1
1959	17064	3.047	0.000	0.9288	0.7192	1
1964	19667	-0.094	0.000	0.8535	0.7809	1
1964	49743	0.000	0.000	0.9789	0.8526	1
1989	2091	1.082	0.000	0.7917	0.4455	1
1989	2165	-4.979	0.000	0.9639	0.5483	1
1989	2598	-6.969	0.000	0.7277	0.3369	1
1989	3628	1.082	0.000	0.8469	0.5544	1
1989	3691	2.077	0.000	0.9023	0.4737	1
1989	5688	-4.888	0.000	0.7889	0.3485	1
1989	12400	-8.916	0.000	0.9344	0.7251	1
1989	14761	1.032	0.000	0.7776	0.4708	1
1989	14828	-8.916	0.000	0.9348	0.6491	1
1989	17064	-8.916	0.000	0.9679	0.7676	1
2009	21090	2.974	0.000	0.7298	0.6857	1
2009	22945	4.990	0.000	0.7128	0.5719	1
2039	3089	-2.015	0.000	0.8430	0.7162	1
2041	2391	6.047	0.000	0.7039	0.4933	1
2041	7030	0.057	0.000	0.7108	0.3201	1
2041	18864	-9.985	0.000	0.7617	0.4296	1
2077	2113	0.036	0.000	0.9177	0.7299	1
2077	2141	-0.995	0.000	0.7455	0.7854	1
2077	2177	-4.925	0.000	0.8080	0.4283	1
2077	2242	0.948	0.000	0.7916	0.4145	1
2077	2705	-0.948	0.000	0.9182	0.8167	1
2077	5496	-9.984	0.000	0.7798	0.4804	1
2077	7692	3.995	0.000	0.7042	0.3525	1
2085	2121	4.960	0.000	0.7441	0.4967	1
2091	2165	-6.061	0.000	0.7775	0.5318	1
2091	3412	-0.984	0.000	0.8096	0.4866	1
2091	3628	0.000	0.000	0.9120	0.7582	1
2091	3691	0.995	0.000	0.7711	0.4813	1
2091	3996	-1.009	0.000	0.7711	0.5998	1
2091	4080	-1.993	0.000	0.8316	0.6530	1
2091	5688	-5.970	0.000	0.7292	0.5246	1
2091	6195	-1.993	0.000	0.7510	0.3548	1
2091	11556	-1.082	0.000	0.7634	0.3784	1
2092	3574	3.000	0.000	0.7070	0.6095	1
2101	2232	0.026	0.000	0.9723	0.8521	1
2113	2141	-1.032	0.000	0.7323	0.7410	1
2113	2177	-4.961	0.000	0.7488	0.3118	1
2113	2242	0.911	0.000	0.7204	0.3221	1
2113	2705	-0.984	0.000	0.8496	0.6612	1
2115	2409	2.004	0.000	0.7576	0.5706	1
2115	2482	1.979	0.000	0.8184	0.6369	1
2115	3170	3.995	0.000	0.7005	0.5968	1
2115	5275	1.979	0.000	0.7962	0.5919	1
2122	2477	-0.983	0.000	0.7723	0.6870	1
2122	3406	0.959	0.000	0.7402	0.4785	1
2122	4384	0.959	0.000	0.7660	0.4613	1
2122	7959	0.994	0.000	0.7264	0.5353	1
2126	5254	-0.948	0.000	0.7286	0.5491	1
2141	2145	2.027	0.000	0.8628	0.7632	1
2141	2705	0.048	0.000	0.7249	0.7119	1
2141	3121	-0.025	0.000	0.7590	0.6165	1
2143	2290	-9.012	0.000	0.7292	0.4537	1
2143	3159	-9.011	0.000	0.7161	0.4254	1
2143	3252	4.020	0.000	0.7582	0.5539	1
2149	2928	-0.036	0.000	0.9602	0.8588	1
2149	5505	-4.010	0.000	0.7437	0.4750	1
2156	3735	1.018	0.000	0.7457	0.4621	1
2165	2473	-7.955	0.000	0.7805	0.4654	1
2165	2565	8.013	0.000	0.8698	0.4757	1
2165	2598	-1.990	0.000	0.7737	0.6052	1
2165	3141	2.052	0.000	0.7524	0.6723	1
2165	3628	6.061	0.000	0.8014	0.4611	1
2165	3691	7.056	0.000	0.9052	0.5921	1
2165	4514	-3.937	0.000	0.8518	0.4970	1
2165	5688	0.090	0.000	0.8642	0.7711	1
2165	6195	4.068	0.000	0.9281	0.4951	1
2165	6209	-9.000	0.000	0.7562	0.4962	1
2165	11556	4.979	0.000	0.8732	0.4997	1
2165	12400	-3.938	0.000	0.9478	0.6340	1
2165	14761	6.011	0.000	0.7779	0.5663	1
2165	14828	-3.938	0.000	0.9566	0.6949	1
2165	16216	-5.953	0.000	0.9114	0.7039	1
2165	17064	-3.938	0.000	0.9657	0.5811	1
2165	20913	6.011	0.000	0.7561	0.6039	1
2172	3440	-0.036	0.000	0.9679	0.8446	1
2172	3574	0.000	0.000	0.9017	0.8491	1
2172	4602	-8.951	0.000	0.7668	0.3234	1
2172	14711	4.007	0.000	0.7541	0.3398	1
2172	14925	-8.987	0.000	0.7661	0.3609	1
2172	15824	4.007	0.000	0.7679	0.3737	1
2177	2705	3.977	0.000	0.8482	0.5640	1
2177	5050	-8.023	0.000	0.8712	0.7263	1
2177	8379	-8.023	0.000	0.8765	0.7657	1
2195	5389	1.032	0.000	0.7239	0.6270	1
2195	9107	-2.993	0.000	0.7282	0.5541	1
2217	3141	-0.984	0.000	0.9014	0.8145	1
2217	3253	-5.016	0.000	0.7179	0.4971	1
2217	12400	-6.974	0.000	0.7587	0.6449	1
2217	14828	-6.974	0.000	0.7315	0.6930	1
2278	2497	3.995	0.000	0.7495	0.6259	1
2278	2714	-2.016	0.000	0.7184	0.6211	1
2286	4100	7.969	0.000	0.7994	0.4554	1
2286	9171	9.984	0.000	0.7781	0.5798	1
2286	13985	-3.021	0.000	0.7557	0.6510	1
2290	3159	0.000	0.000	0.9867	0.9029	1
2290	3269	-1.980	0.000	0.9001	0.5572	1
2290	4160	-2.963	0.000	0.8256	0.5324	1
2311	4912	-1.020	0.000	0.7834	0.4678	1
2311	12141	9.995	0.000	0.7181	0.4024	1
2311	14304	-9.973	0.000	0.7698	0.5683	1
2391	2916	0.984	0.000	0.8117	0.6890	1
2391	3253	9.984	0.000	0.7568	0.6750	1
2391	4510	0.948	0.000	0.7136	0.6559	1
2391	4514	8.026	0.000	0.7804	0.6735	1
2391	5329	0.947	0.000	0.7688	0.6135	1
2391	5881	0.984	0.000	0.8486	0.6528	1
2391	7030	-5.990	0.000	0.7791	0.6743	1
2394	2423	-0.007	0.000	0.9967	0.9355	1
2394	2526	0.997	0.000	0.8821	0.7861	1
2394	2837	0.104	0.000	0.9853	0.9300	1
2394	2880	0.038	0.000	0.9906	0.9251	1
2394	2898	-2.933	0.000	0.8261	0.7043	1
2394	4688	0.038	0.000	0.8604	0.6400	1
2394	10151	0.997	0.000	0.8819	0.7971	1
2394	11999	9.071	0.000	0.8347	0.5870	1
2394	15553	0.070	0.000	0.8322	0.6895	1
2409	2482	-0.025	0.000	0.9062	0.8293	1
2423	2526	1.003	0.000	0.8907	0.8382	1
2423	2837	0.110	0.000	0.9844	0.8865	1
2423	2880	0.044	0.000	0.9913	0.9050	1
2423	2898	-2.926	0.000	0.7011	0.7055	1
2423	4688	0.044	0.000	0.8610	0.6231	1
2423	10151	1.003	0.000	0.8896	0.8356	1
2423	11999	9.077	0.000	0.7360	0.4888	1
2423	15553	0.077	0.000	0.8441	0.7444	1
2432	5011	0.011	0.000	0.7411	0.6726	1
2432	5820	-6.973	0.000	0.7235	0.3950	1
2433	3099	-8.026	0.000	0.8444	0.8293	1
2452	5199	3.995	0.000	0.7218	0.4941	1
2452	5498	-0.984	0.000	0.7672	0.6694	1
2452	6066	1.979	0.000	0.7544	0.6021	1
2452	19515	1.991	0.000	0.8457	0.7209	1
2452	21096	5.985	0.000	0.7533	0.6380	1
2452	22929	8.001	0.000	0.7654	0.5878	1
2457	2823	0.057	0.000	0.8990	0.8085	1
2457	6421	-6.974	0.000	0.7622	0.4892	1
2457	10454	-0.000	0.000	0.8627	0.5954	1
2457	11548	3.011	0.000	0.8289	0.4742	1
2473	2598	5.964	0.000	0.7092	0.6028	1
2473	2973	-8.051	0.000	0.7243	0.5489	1
2473	4167	5.997	0.000	0.7097	0.3861	1
2473	4514	4.017	0.000	0.7162	0.3534	1
2473	4651	4.991	0.000	0.7445	0.3225	1
2473	5688	8.045	0.000	0.7179	0.5150	1
2473	6209	-1.046	0.000	0.7143	0.5612	1
2473	12400	4.017	0.000	0.7702	0.3918	1
2473	14828	4.017	0.000	0.7776	0.4221	1
2473	16216	2.002	0.000	0.8059	0.5402	1
2473	17064	4.017	0.000	0.8012	0.4304	1
2477	3406	1.942	0.000	0.8592	0.6191	1
2477	4384	1.941	0.000	0.8722	0.5446	1
2477	7959	1.977	0.000	0.8286	0.6478	1
2482	5275	0.000	0.000	0.7578	0.5797	1
2485	3768	0.959	0.000	0.8701	0.6965	1
2526	2880	-0.959	0.000	0.8774	0.7590	1
2526	2898	-3.930	0.000	0.7375	0.4968	1
2526	4688	-0.959	0.000	0.7691	0.5372	1
2526	7124	0.107	0.000	0.9843	0.8556	1
2526	8343	0.084	0.000	0.7060	0.4699	1
2526	10151	-0.000	0.000	0.9969	0.9711	1
2526	15553	-0.927	0.000	0.8923	0.7054	1
2547	4199	0.091	0.000	0.9385	0.8918	1
2559	2776	0.022	0.000	0.9914	0.9033	1
2559	2793	-0.982	0.000	0.8902	0.7583	1
2559	2974	0.010	0.000	0.7189	0.6791	1
2562	2563	-2.016	0.000	0.8220	0.7628	1
2563	3649	6.039	0.000	0.7804	0.4351	1
2563	5199	9.021	0.000	0.7401	0.4313	1
2565	5688	-7.923	0.000	0.7436	0.4006	1
2565	14761	-2.003	0.000	0.7337	0.4722	1
2575	3877	1.068	0.000	0.7926	0.6723	1
2575	5199	-9.985	0.000	0.7183	0.5949	1
2575	7030	9.058	0.000	0.7022	0.4185	1
2575	8757	2.015	0.000	0.7307	0.5982	1
2598	3691	9.046	0.000	0.7283	0.4814	1
2598	8396	-5.978	0.000	0.7824	0.5311	1
2598	12400	-1.947	0.000	0.7134	0.3506	1
2598	14828	-1.947	0.000	0.7245	0.3852	1
2598	16216	-3.963	0.000	0.7628	0.5303	1
2598	17064	-1.947	0.000	0.7445	0.3685	1
2598	24382	5.985	0.000	0.7538	0.3722	1
2625	3817	0.000	0.000	0.8923	0.4800	1
2625	5025	0.073	0.000	0.7953	0.3928	1
2639	3052	4.979	0.000	0.7102	0.3709	1
2639	5567	2.015	0.000	0.7350	0.4911	1
2639	6164	1.979	0.000	0.9012	0.5741	1
2644	2973	10.021	0.000	0.7985	0.4592	1
2644	4062	4.057	0.000	0.7798	0.5208	1
2644	4315	-9.959	0.000	0.7846	0.6127	1
2705	10412	8.974	0.000	0.7343	0.3362	1
2706	5630	-2.946	0.000	0.7014	0.6153	1
2706	10145	-5.953	0.000	0.7347	0.6329	1
2709	8380	-1.979	0.000	0.7513	0.4619	1
2714	3928	1.979	0.000	0.7970	0.6555	1
2718	3252	-0.949	0.000	0.8755	0.6930	1
2719	3007	3.996	0.000	0.7352	0.5297	1
2719	3333	3.974	0.000	0.7433	0.5398	1
2719	6184	6.996	0.000	0.7549	0.7633	1
2741	4122	-0.001	0.000	0.7477	0.5874	1
2743	20277	-3.052	0.000	0.7056	0.4923	1
2776	2793	-1.003	0.000	0.8986	0.7115	1
2776	2974	-0.012	0.000	0.7123	0.6226	1
2793	2974	0.991	0.000	0.7341	0.6355	1
2823	10454	-0.057	0.000	0.7463	0.5233	1
2837	2880	-0.066	0.000	0.9953	0.9796	1
2837	4688	-0.066	0.000	0.8942	0.7743	1
2837	7124	1.000	0.000	0.8728	0.7343	1
2837	15553	-0.033	0.000	0.8163	0.6445	1
2857	4269	-0.001	0.000	0.9462	0.8334	1
2870	5890	-0.000	0.000	0.7570	0.6118	1
2872	3242	0.018	0.000	0.7640	0.6771	1
2872	21442	1.053	0.000	0.7400	0.5479	1
2880	2898	-2.970	0.000	0.8186	0.6903	1
2880	4688	0.000	0.000	0.8877	0.7666	1
2880	8343	1.043	0.000	0.8429	0.7558	1
2880	10151	0.959	0.000	0.8752	0.7660	1
2880	11999	9.033	0.000	0.8342	0.5654	1
2880	15553	0.033	0.000	0.8276	0.6708	1
2898	4688	2.971	0.000	0.7305	0.5460	1
2898	10151	3.929	0.000	0.7334	0.4981	1
2898	15553	3.003	0.000	0.7613	0.5068	1
2900	5281	5.966	0.000	0.8857	0.6220	1
2916	3253	9.000	0.000	0.7021	0.4589	1
2916	3572	8.964	0.000	0.7844	0.6391	1
2916	4510	-0.036	0.000	0.7654	0.7120	1
2916	4514	7.042	0.000	0.7521	0.6764	1
2916	5329	-0.036	0.000	0.8422	0.7463	1
2916	5881	-0.000	0.000	0.7667	0.6433	1
2916	7030	-6.974	0.000	0.8719	0.7011	1
2916	12400	7.042	0.000	0.7516	0.7269	1
2916	14828	7.042	0.000	0.7628	0.7770	1
2916	17258	-8.953	0.000	0.7221	0.6854	1
2916	27968	3.970	0.000	0.8009	0.6474	1
2928	5505	-3.974	0.000	0.7763	0.4797	1
2939	4433	0.036	0.000	0.7247	0.5313	1
2939	4916	2.052	0.000	0.7345	0.5036	1
2939	4933	-0.000	0.000	0.8198	0.7131	1
2968	3729	1.978	0.000	0.8304	0.7356	1
2968	4355	-1.005	0.000	0.8966	0.6062	1
2968	4418	-0.001	0.000	0.9911	0.9689	1
2972	3157	-0.044	0.000	0.7217	0.4941	1
2973	4062	-5.964	0.000	0.8304	0.6051	1
2973	17258	-3.926	0.000	0.8647	0.4666	1
2973	20555	-0.062	0.000	0.7870	0.4572	1
2973	22218	-4.995	0.000	0.8487	0.4382	1
2974	3044	0.038	0.000	0.9349	0.8918	1
2983	3269	1.003	0.000	0.7323	0.5539	1
2985	3729	-0.000	0.000	0.7517	0.5964	1
3002	5753	-0.000	0.000	0.7372	0.4505	1
3002	9402	7.932	0.000	0.7060	0.3915	1
3006	3149	-0.046	0.000	0.9938	0.9611	1
3007	3333	-0.022	0.000	0.9717	0.8085	1
3064	7129	0.000	0.000	0.7765	0.5540	1
3064	14552	-4.068	0.000	0.7415	0.6501	1
3089	8348	2.963	0.000	0.7252	0.4535	1
3100	5536	-6.937	0.000	0.8428	0.7276	1
3141	3253	-4.032	0.000	0.7451	0.5157	1
3141	3691	5.004	0.000	0.7388	0.6300	1
3141	5688	-1.962	0.000	0.7554	0.6783	1
3141	12400	-5.990	0.000	0.8689	0.7256	1
3141	14828	-5.990	0.000	0.8436	0.8033	1
3141	16216	-8.005	0.000	0.7501	0.5935	1
3141	17064	-5.990	0.000	0.7519	0.6735	1
3141	27968	-9.062	0.000	0.8224	0.6216	1
3157	13915	0.958	0.000	0.8180	0.5932	1
3159	3269	-1.980	0.000	0.8855	0.5355	1
3159	4160	-2.963	0.000	0.8159	0.4940	1
3170	5275	-2.016	0.000	0.7098	0.6060	1
3222	5794	-0.000	0.000	0.8244	0.4969	1
3237	14291	-4.958	0.000	0.7807	0.5454	1
3242	21442	1.035	0.000	0.8833	0.6038	1
3251	3252	1.004	0.000	0.7418	0.6951	1
3252	3647	-2.005	0.000	0.7654	0.6122	1
3256	3634	-0.067	0.000	0.7148	0.6224	1
3269	4160	-0.984	0.000	0.9188	0.8113	1
3314	3919	0.977	0.000	0.7468	0.6078	1
3350	3834	-0.984	0.000	0.9438	0.4801	1
3350	4079	-1.009	0.000	0.8997	0.4862	1
3393	7692	-2.016	0.000	0.8096	0.6418	1
3406	4384	-0.000	0.000	0.9576	0.7514	1
3406	7959	0.036	0.000	0.8824	0.7081	1
3406	9344	-0.949	0.000	0.7549	0.5540	1
3412	3628	0.985	0.000	0.8350	0.6480	1
3412	3996	-0.025	0.000	0.7782	0.5577	1
3412	4080	-1.009	0.000	0.8487	0.6008	1
3440	3574	0.036	0.000	0.8308	0.7287	1
3440	15824	4.043	0.000	0.7253	0.3178	1
3461	4198	-2.016	0.000	0.7639	0.4581	1
3469	7201	-2.016	0.000	0.7529	0.6730	1
3517	3574	-2.016	0.000	0.7447	0.4641	1
3517	12280	-7.068	0.000	0.7509	0.5460	1
3538	5241	-1.962	0.000	0.7658	0.4606	1
3553	15307	-9.974	0.000	0.8680	0.6169	1
3569	4526	0.012	0.000	0.9549	0.9129	1
3572	4650	4.057	0.000	0.8456	0.5298	1
3572	4673	-5.916	0.000	0.7523	0.4601	1
3572	4700	-5.953	0.000	0.7678	0.5775	1
3572	5232	-6.985	0.000	0.7659	0.5073	1
3572	6162	-9.948	0.000	0.7872	0.6247	1
3572	12895	-0.000	0.000	0.7872	0.5051	1
3572	14828	-1.922	0.000	0.7394	0.6046	1
3574	4602	-8.951	0.000	0.7094	0.2852	1
3574	14711	4.007	0.000	0.7218	0.3075	1
3574	15824	4.007	0.000	0.7262	0.3676	1
3579	5765	-0.984	0.000	0.8688	0.5873	1
3579	11705	0.000	0.000	0.9506	0.7459	1
3581	11169	-2.999	0.000	0.8786	0.7585	1
3581	14884	8.016	0.000	0.8582	0.5816	1
3581	19102	-6.973	0.000	0.8895	0.8409	1
3590	6066	0.011	0.000	0.7860	0.6390	1
3594	8380	-0.948	0.000	0.7155	0.6769	1
3628	3691	0.995	0.000	0.8083	0.5806	1
3628	3996	-1.009	0.000	0.8595	0.7044	1
3628	4080	-1.993	0.000	0.8001	0.7486	1
3628	4167	-8.019	0.000	0.7486	0.4676	1
3628	6195	-1.993	0.000	0.8026	0.3872	1
3628	11556	-1.082	0.000	0.8129	0.5009	1
3649	4315	3.992	0.000	0.7625	0.5891	1
3649	4906	0.019	0.000	0.7645	0.5472	1
3649	5199	2.982	0.000	0.7761	0.6545	1
3649	5821	0.966	0.000	0.7288	0.7285	1
3649	6188	2.982	0.000	0.7006	0.6309	1
3649	19663	6.977	0.000	0.8153	0.4740	1
3691	5688	-6.965	0.000	0.7932	0.5828	1
3691	6195	-2.988	0.000	0.8942	0.4741	1
3691	7151	-1.009	0.000	0.8187	0.4710	1
3691	11556	-2.077	0.000	0.8204	0.4037	1
3691	14761	-1.045	0.000	0.7506	0.5499	1
3691	18080	-1.009	0.000	0.8134	0.5185	1
3691	20913	-1.045	0.000	0.7082	0.4925	1
3697	3699	-1.003	0.000	0.8535	0.6600	1
3697	3919	0.048	0.000	0.9674	0.7351	1
3699	3919	1.051	0.000	0.8628	0.7394	1
3719	4435	-0.037	0.000	0.8306	0.7036	1
3719	12150	1.942	0.000	0.7806	0.5960	1
3722	4475	0.000	0.000	0.9530	0.8199	1
3722	14758	9.960	0.000	0.7129	0.6321	1
3722	15533	-10.010	0.000	0.8209	0.8395	1
3729	4355	-2.983	0.000	0.8105	0.6518	1
3729	4418	-1.980	0.000	0.8243	0.7267	1
3766	4677	0.036	0.000	0.7507	0.7934	1
3766	14751	-3.938	0.000	0.8506	0.6556	1
3773	5636	1.979	0.000	0.8578	0.4639	1
3794	3905	0.036	0.000	0.9408	0.7990	1
3834	4079	-0.025	0.000	0.9562	0.8140	1
3834	5154	9.995	0.000	0.9172	0.6723	1
3834	5365	9.959	0.000	0.8758	0.6062	1
3834	5864	2.015	0.000	0.9512	0.5243	1
3834	7540	0.958	0.000	0.8591	0.4290	1
3877	7030	7.990	0.000	0.7119	0.6319	1
3877	19672	-1.057	0.000	0.7024	0.6232	1
3877	21096	-9.062	0.000	0.7417	0.6457	1
3877	27976	-9.062	0.000	0.7439	0.6220	1
3996	4080	-0.984	0.000	0.8968	0.8685	1
3996	6195	-0.984	0.000	0.8024	0.5796	1
4060	4647	0.000	0.000	0.9272	0.8013	1
4060	4688	-3.022	0.000	0.7272	0.6831	1
4060	8006	-0.000	0.000	0.7467	0.5261	1
4060	8396	6.010	0.000	0.7028	0.5909	1
4062	7030	4.017	0.000	0.7858	0.4522	1
4062	10513	-6.999	0.000	0.8608	0.5522	1
4062	17258	2.038	0.000	0.8472	0.4521	1
4062	20555	5.903	0.000	0.7698	0.4342	1
4062	22218	0.969	0.000	0.8107	0.4688	1
4079	5154	10.020	0.000	0.8626	0.5831	1
4079	5365	9.984	0.000	0.8237	0.5529	1
4079	5864	2.040	0.000	0.8895	0.4549	1
4100	5821	2.016	0.000	0.7624	0.5127	1
4100	5996	8.026	0.000	0.7386	0.3928	1
4100	6066	2.016	0.000	0.7795	0.4048	1
4100	9171	2.016	0.000	0.7271	0.5374	1
4123	4137	-0.036	0.000	0.8586	0.7766	1
4127	7664	0.921	0.000	0.7268	0.6310	1
4150	17258	3.084	0.000	0.7590	0.5808	1
4167	5688	2.049	0.000	0.7616	0.4252	1
4167	6209	-7.042	0.000	0.7641	0.6067	1
4167	8979	0.984	0.000	0.8478	0.8206	1
4167	14761	7.969	0.000	0.7976	0.4959	1
4167	16216	-3.995	0.000	0.8495	0.6540	1
4170	4485	-0.984	0.000	0.7724	0.6965	1
4189	9240	1.979	0.000	0.7219	0.6950	1
4189	14235	1.979	0.000	0.7084	0.5727	1
4208	5969	1.979	0.000	0.8005	0.6994	1
4208	6078	2.021	0.000	0.8277	0.7385	1
4228	4352	0.036	0.000	0.8710	0.8637	1
4262	4732	-1.978	0.000	0.8985	0.7118	1
4269	13814	-5.996	0.000	0.7119	0.4727	1
4269	13928	-3.990	0.000	0.7737	0.4953	1
4308	4849	-0.036	0.000	0.9213	0.8887	1
4315	4906	-3.973	0.000	0.7394	0.5670	1
4315	5199	-1.010	0.000	0.7103	0.5959	1
4352	14304	1.979	0.000	0.7859	0.4579	1
4352	14575	1.942	0.000	0.9266	0.7049	1
4355	4418	1.003	0.000	0.8957	0.5997	1
4373	5439	-0.000	0.000	0.9627	0.8652	1
4384	7959	0.036	0.000	0.8899	0.6205	1
4384	9344	-0.948	0.000	0.7471	0.6778	1
4432	4510	9.985	0.000	0.7129	0.3830	1
4433	4933	-0.037	0.000	0.8712	0.6911	1
4435	12150	1.979	0.000	0.7042	0.5960	1
4475	14758	9.960	0.000	0.7274	0.5714	1
4475	15533	-10.010	0.000	0.8256	0.8082	1
4485	6184	-0.000	0.000	0.7552	0.5995	1
4510	5329	-0.000	0.000	0.9111	0.8471	1
4510	5881	0.036	0.000	0.7523	0.7367	1
4510	6209	2.015	0.000	0.7368	0.5253	1
4510	12400	7.078	0.000	0.8353	0.4562	1
4510	14828	7.078	0.000	0.8010	0.4804	1
4510	16216	5.063	0.000	0.8049	0.5584	1
4510	22218	-9.986	0.000	0.8261	0.4818	1
4510	27968	4.006	0.000	0.7169	0.4505	1
4514	5688	4.028	0.000	0.7525	0.3916	1
4514	6209	-5.063	0.000	0.7743	0.5487	1
4514	12400	-0.000	0.000	0.9010	0.8201	1
4514	14761	9.948	0.000	0.7959	0.5087	1
4514	14828	-0.000	0.000	0.9187	0.7454	1
4514	16216	-2.016	0.000	0.8639	0.5472	1
4514	17064	-0.000	0.000	0.8832	0.7867	1
4514	20913	9.948	0.000	0.7870	0.5039	1
4521	4860	0.984	0.000	0.7749	0.5805	1
4521	5415	0.983	0.000	0.7412	0.6292	1
4523	16905	1.979	0.000	0.8987	0.6206	1
4590	4668	-0.108	0.000	0.8888	0.8952	1
4614	4623	7.969	0.000	0.9561	0.7581	1
4629	6038	-0.984	0.000	0.8106	0.6436	1
4629	9338	0.958	0.000	0.8050	0.7636	1
4645	7151	-0.000	0.000	0.9117	0.9156	1
4645	18080	0.000	0.000	0.9251	0.9134	1
4647	4688	-3.022	0.000	0.7678	0.7142	1
4647	8006	-0.000	0.000	0.7643	0.5872	1
4668	5333	-0.984	0.000	0.8190	0.8271	1
4668	5907	-0.984	0.000	0.7946	0.6967	1
4673	4700	-0.037	0.000	0.9990	0.9728	1
4677	4788	10.020	0.000	0.7035	0.7105	1
4688	8343	1.043	0.000	0.7411	0.6348	1
4688	10151	0.959	0.000	0.7744	0.5866	1
4688	15553	0.032	0.000	0.7698	0.6394	1
4700	5232	-1.031	0.000	0.7063	0.4853	1
4700	12895	5.953	0.000	0.9321	0.5463	1
4713	5623	0.019	0.000	0.7080	0.4879	1
4778	5631	-0.036	0.000	0.9094	0.8364	1
4831	5046	-0.084	0.000	0.9463	0.8585	1
4844	5583	0.000	0.000	0.9653	0.8207	1
4849	9130	-9.975	0.000	0.7481	0.5236	1
4860	5349	-0.984	0.000	0.8827	0.8443	1
4860	5415	-0.000	0.000	0.9511	0.8026	1
4860	5982	-0.984	0.000	0.8250	0.5913	1
4860	6960	-0.000	0.000	0.7480	0.6811	1
4860	9264	-0.984	0.000	0.7198	0.5785	1
4890	5051	1.040	0.000	0.8459	0.8315	1
4906	10870	-7.969	0.000	0.7561	0.7166	1
4906	12151	8.026	0.000	0.7018	0.4976	1
4906	19663	6.958	0.000	0.7473	0.5291	1
4906	20971	8.026	0.000	0.7543	0.5720	1
4916	4933	-2.052	0.000	0.7641	0.6341	1
4919	5202	-2.016	0.000	0.8121	0.8309	1
4926	8642	-1.999	0.000	0.8459	0.7408	1
4926	9158	8.026	0.000	0.8393	0.8232	1
4940	8555	0.000	0.000	0.8588	0.7975	1
4945	4982	1.003	0.000	0.8678	0.7629	1
4982	6435	2.016	0.000	0.7423	0.5038	1
4985	5280	0.029	0.000	0.7437	0.8076	1
4985	5391	-0.011	0.000	0.9492	0.8304	1
5011	8396	7.042	0.000	0.7852	0.6934	1
5017	11434	1.032	0.000	0.7975	0.5017	1
5017	12151	1.089	0.000	0.7619	0.4210	1
5025	13078	9.968	0.000	0.7884	0.4762	1
5050	8379	0.000	0.000	0.9963	0.9594	1
5051	8380	-0.984	0.000	0.9128	0.7354	1
5071	5649	0.000	0.000	0.9495	0.7517	1
5071	5978	-9.984	0.000	0.7948	0.5771	1
5071	7186	1.979	0.000	0.8402	0.6239	1
5071	9240	1.979	0.000	0.8033	0.6754	1
5071	14235	1.979	0.000	0.8415	0.7040	1
5073	5629	-0.000	0.000	0.9281	0.7411	1
5073	10145	8.062	0.000	0.7287	0.7015	1
5154	5365	-0.036	0.000	0.9734	0.8899	1
5154	7540	-9.037	0.000	0.8266	0.4693	1
5199	5498	-4.979	0.000	0.8047	0.6312	1
5199	5821	-2.015	0.000	0.7450	0.6228	1
5199	9171	-2.015	0.000	0.7921	0.6487	1
5199	19663	3.995	0.000	0.8262	0.6238	1
5199	27976	1.991	0.000	0.7445	0.7046	1
5200	5378	0.012	0.000	0.7481	0.6951	1
5202	6237	9.020	0.000	0.7144	0.6479	1
5202	7664	9.020	0.000	0.7130	0.6479	1
5232	6209	-0.000	0.000	0.7643	0.6989	1
5232	19667	0.011	0.000	0.7339	0.6324	1
5232	49743	0.105	0.000	0.7041	0.5318	1
5251	8161	1.979	0.000	0.7219	0.5498	1
5280	5391	-0.040	0.000	0.7474	0.6824	1
5303	6434	0.000	0.000	0.9991	1.0000	1
5320	15319	2.016	0.000	0.7119	0.7273	1
5327	6280	-0.000	0.000	0.8090	0.6936	1
5327	8673	-0.036	0.000	0.7890	0.5121	1
5327	8757	-0.000	0.000	0.7940	0.5563	1
5329	5881	0.036	0.000	0.7930	0.6938	1
5329	6209	2.016	0.000	0.7377	0.5671	1
5329	12400	7.078	0.000	0.8283	0.5151	1
5329	14828	7.078	0.000	0.7940	0.5832	1
5329	16216	5.063	0.000	0.7642	0.6988	1
5329	17064	7.078	0.000	0.7225	0.5151	1
5329	17258	-8.916	0.000	0.7719	0.5338	1
5329	22218	-9.985	0.000	0.8031	0.5350	1
5333	5907	-0.000	0.000	0.9281	0.7909	1
5340	6256	1.979	0.000	0.7003	0.5877	1
5340	7062	1.979	0.000	0.8591	0.7227	1
5340	8841	0.000	0.000	0.8001	0.6699	1
5349	5415	0.984	0.000	0.8289	0.7996	1
5349	5982	-0.000	0.000	0.9500	0.7976	1
5365	7540	-9.001	0.000	0.7958	0.4646	1
5378	22689	-8.042	0.000	0.7333	0.5401	1
5389	5796	-2.016	0.000	0.7838	0.5932	1
5415	5982	-0.984	0.000	0.8180	0.6471	1
5415	6960	-0.000	0.000	0.7768	0.6896	1
5415	9264	-0.984	0.000	0.7077	0.6456	1
5448	7073	0.000	0.000	0.8040	0.6765	1
5496	21470	-4.010	0.000	0.9089	0.7975	1
5498	19515	2.975	0.000	0.7524	0.7148	1
5500	11729	-0.984	0.000	0.8347	0.7423	1
5536	8895	-3.010	0.000	0.7006	0.5762	1
5551	24543	8.031	0.000	0.7918	0.3286	1
5565	5688	0.054	0.000	0.9934	0.9410	1
5567	6164	-0.036	0.000	0.7140	0.4219	1
5583	6781	0.000	0.000	0.7900	0.7670	1
5629	10145	8.063	0.000	0.7245	0.6660	1
5630	5841	-0.036	0.000	0.7064	0.7610	1
5630	13779	5.957	0.000	0.7950	0.7116	1
5630	16517	3.941	0.000	0.7938	0.7290	1
5630	18864	-8.059	0.000	0.7949	0.7508	1
5649	7186	1.979	0.000	0.8766	0.7356	1
5649	9240	1.979	0.000	0.8533	0.6982	1
5649	14235	1.979	0.000	0.8766	0.7538	1
5688	6195	3.977	0.000	0.7916	0.4468	1
5688	12400	-4.028	0.000	0.8120	0.4838	1
5688	14828	-4.028	0.000	0.8297	0.5314	1
5688	16216	-6.044	0.000	0.8070	0.6482	1
5688	17064	-4.028	0.000	0.8184	0.4574	1
5688	24382	3.904	0.000	0.7305	0.3748	1
5720	7378	-0.000	0.000	0.7970	0.5414	1
5750	6905	-2.062	0.000	0.7078	0.6993	1
5753	9755	9.949	0.000	0.7287	0.6333	1
5753	13904	-4.068	0.000	0.7259	0.4484	1
5820	10412	-0.984	0.000	0.8015	0.7576	1
5821	6066	-0.000	0.000	0.7320	0.5536	1
5821	9171	-0.000	0.000	0.7410	0.5665	1
5821	27976	4.006	0.000	0.7007	0.5865	1
5824	5887	-0.016	0.000	0.9869	0.9721	1
5881	27968	3.970	0.000	0.7699	0.5436	1
5884	8161	-2.018	0.000	0.7674	0.6071	1
5888	6248	0.036	0.000	0.9450	0.9079	1
5888	6733	-0.000	0.000	0.8624	0.8707	1
5888	7186	-2.016	0.000	0.7499	0.7797	1
5888	9240	-2.016	0.000	0.7555	0.6456	1
5888	14235	-2.015	0.000	0.7605	0.7797	1
5907	5978	3.995	0.000	0.7242	0.4686	1
5922	10081	0.001	0.000	0.9520	0.8392	1
5922	11535	4.994	0.000	0.7464	0.5582	1
5922	13814	10.032	0.000	0.7324	0.5259	1
5922	16734	2.015	0.000	0.8537	0.6944	1
5922	18686	2.016	0.000	0.8831	0.6516	1
5938	6558	0.001	0.000	0.8795	0.8230	1
5969	6078	0.043	0.000	0.8458	0.8703	1
5969	6557	2.016	0.000	0.7584	0.6552	1
5996	9171	-6.010	0.000	0.7682	0.4193	1
6038	9158	-5.989	0.000	0.7632	0.6321	1
6038	9236	-0.035	0.000	0.7353	0.5365	1
6038	9338	1.942	0.000	0.8675	0.7314	1
6162	8396	3.995	0.000	0.7055	0.6119	1
6162	14828	8.026	0.000	0.7105	0.5203	1
6209	7030	-8.953	0.000	0.7940	0.4507	1
6209	12400	5.063	0.000	0.8063	0.4544	1
6209	14828	5.063	0.000	0.8036	0.4916	1
6209	16216	3.047	0.000	0.8026	0.5282	1
6209	17064	5.063	0.000	0.7986	0.5282	1
6209	19667	0.011	0.000	0.7070	0.7392	1
6237	7664	0.000	0.000	0.9869	0.9653	1
6248	6733	-0.036	0.000	0.9186	0.8107	1
6280	8673	-0.036	0.000	0.8466	0.6513	1
6280	8757	-0.000	0.000	0.8292	0.6877	1
6300	6449	0.054	0.000	0.7280	0.5125	1
6447	7071	-0.037	0.000	0.9845	0.9233	1
6471	9107	2.016	0.000	0.8419	0.5174	1
6530	6543	1.001	0.000	0.8377	0.6758	1
6532	9755	9.949	0.000	0.7679	0.4438	1
6532	13904	-4.067	0.000	0.8132	0.6048	1
6532	21217	-0.023	0.000	0.7168	0.5185	1
6685	8582	-0.116	0.000	0.7969	0.8151	1
6702	7055	-0.984	0.000	0.9224	0.6453	1
6718	8525	-2.016	0.000	0.8209	0.6548	1
6726	7526	-0.985	0.000	0.7765	0.6544	1
6763	9061	0.001	0.000	0.9269	0.6144	1
6763	21880	-2.014	0.000	0.7020	0.5061	1
6812	8725	-0.984	0.000	0.8246	0.7672	1
6894	6902	1.004	0.000	0.9477	0.8451	1
7030	17258	-1.979	0.000	0.9326	0.8516	1
7062	8841	-1.979	0.000	0.8543	0.7819	1
7074	7187	-0.035	0.000	0.9381	0.7521	1
7124	8343	-0.023	0.000	0.7077	0.4600	1
7124	10151	-0.107	0.000	0.9863	0.8743	1
7129	14552	-4.068	0.000	0.7349	0.5500	1
7151	18080	0.000	0.000	0.9943	0.9525	1
7186	9240	0.000	0.000	0.9427	0.8280	1
7186	9969	-1.004	0.000	0.7773	0.7360	1
7186	14235	0.000	0.000	0.9768	0.9176	1
7352	17306	-9.984	0.000	0.7915	0.6397	1
7404	8705	-2.016	0.000	0.8037	0.7149	1
7404	17917	3.995	0.000	0.8764	0.6519	1
7404	20361	3.995	0.000	0.9007	0.7181	1
7405	12114	0.000	0.000	0.9327	0.6381	1
7428	10212	-0.000	0.000	0.8711	0.6874	1
7443	8257	2.016	0.000	0.9290	0.8220	1
7443	11345	-6.937	0.000	0.7938	0.5353	1
7632	9959	0.037	0.000	0.7085	0.6906	1
7639	12868	1.979	0.000	0.8088	0.7186	1
7639	16242	2.027	0.000	0.7246	0.4225	1
7639	16558	1.979	0.000	0.7574	0.5025	1
7673	9130	3.000	0.000	0.8686	0.5847	1
7678	8979	7.953	0.000	0.7622	0.4798	1
7692	8197	-2.016	0.000	0.7190	0.6828	1
7776	16268	-9.984	0.000	0.7759	0.6637	1
7831	10230	0.002	0.000	0.8501	0.5598	1
8000	9500	-0.983	0.000	0.8371	0.6812	1
8020	13749	-0.985	0.000	0.9227	0.7800	1
8108	15178	1.979	0.000	0.8042	0.7893	1
8111	8591	-0.226	0.000	0.7860	0.6044	1
8113	38755	0.116	0.000	0.8937	0.7230	1
8113	42067	0.116	0.000	0.9027	0.8035	1
8113	49557	0.092	0.000	0.8814	0.5630	1
8113	49679	3.080	0.000	0.7316	0.6038	1
8113	49705	0.116	0.000	0.8786	0.5438	1
8118	8609	-0.069	0.000	0.9650	0.9029	1
8118	8815	-0.106	0.000	0.9548	0.8518	1
8133	19408	-0.127	0.000	0.7262	0.6754	1
8152	14803	0.023	0.000	0.7730	0.7235	1
8257	9107	9.091	0.000	0.7463	0.3782	1
