FeatureID	rab.all	rab.win.FA	rab.win.FT	diff.btw	diff.win	effect	overlap	we.ep	we.eBH	wi.ep	wi.eBH
PF08455.13	0.62396845366445	-0.243415889254905	1.24131643600095	1.48117826547541	3.24686375322404	0.401451141463414	0.29600000906446	0.261536529162926	1	0.264424242424242	0.926829753007202
PF00176.26	1.52137720554485	1.0156834756539	1.83505972816965	1.01815024020837	2.66112045783013	0.311587207411875	0.31845437149215	0.294246725366959	1	0.344467532467533	0.956248128104491
PF00271.34	5.12817608978906	5.14589523715278	5.1132232865552	-0.0445259730807051	0.43512501967685	-0.0987356978581554	0.453333335076917	0.709798817788763	1	0.733809523809524	0.993962540448121
PF01565.26	2.29851700822682	2.44965414777762	2.15039477056984	-0.278021348100602	1.46581866602255	-0.164182996612316	0.411059297201336	0.638975712983001	1	0.654359307359307	0.999798637006558
PF08447.15	3.70931964771404	3.11293154424088	4.20943057734151	1.30577188898652	1.44423307493692	0.865855082523974	0.114000035385422	0.0640557333476642	0.995590189355304	0.0349004329004329	0.504422406156448
PF00015.24	6.6767967024596	6.44842221335694	6.86264902157745	0.658162450472116	0.893167005501426	0.722318598004111	0.153333358058484	0.0727132611751128	1	0.0494805194805195	0.628200298525549
PF08448.13	3.38549313421915	2.68148287314741	3.82689039848144	1.27717031403853	1.34441783046139	0.895780089485089	0.14466669325603	0.0560215291126347	0.990066976659312	0.0523679653679654	0.602438074853856
PF00512.28	6.45114550633395	6.17285762228713	6.62790706875392	0.503121985680342	0.540560144662158	0.855867859380136	0.172551653452205	0.0728399537995448	0.995387470077664	0.0680519480519481	0.706715705270396
PF02518.29	7.2816447077637	6.92844082308839	7.60433705455242	0.625226851725273	0.423401978698012	1.42930928771451	0.0712858693399155	0.00918934128738422	0.91107135317956	0.00910822510822506	0.361193423656266
PF01025.22	1.79067677505468	2.32422338740729	1.17041161532835	-1.24490736059779	1.96837567699319	-0.518076379230613	0.223850780853185	0.169933556709427	0.999668498638867	0.199108225108225	0.981601628834106
PF00012.23	5.97332901100242	6.01194410092533	5.85361406134875	-0.201417994147593	0.812725005888939	-0.218522589842063	0.405063294782061	0.526523664630235	1	0.677151515151515	1
PF06100.14	-0.522715923639558	-0.222704453378737	-0.962865567492218	-0.680128395465202	3.54489380042323	-0.164646512717985	0.411725519692567	0.586050608213784	1	0.635658008658009	0.99828055044672
PF00359.25	2.04485263967028	2.40023965655176	1.28800885790361	-1.1018089428446	1.99173259666326	-0.431669643317829	0.295136584722382	0.245777311325702	1	0.322714285714286	0.998484200371884
PF02302.20	3.32990105087719	4.35696586584882	2.49415985342628	-1.96394286145153	2.1997307046728	-0.804465163164266	0.150566314404717	0.0681153357992361	1	0.0641428571428571	0.971013954063848
PF02378.21	4.9415724097349	4.95871101897679	4.92478979756735	-0.171293178061916	1.07250389996903	-0.156144365306483	0.434000002487791	0.641460880125675	1	0.740367965367965	1
PF04167.16	-1.07376209362271	-1.06839317878553	-1.07923952196978	-0.056864945298714	3.89159450953405	-0.00971028897375074	0.494000000222254	0.761225751698039	1	0.772813852813853	0.994090675039527
PF00521.23	3.74171076538807	4.23640561203463	3.50685606472067	-0.726153305418118	1.10368772505821	-0.607301526847367	0.253830791498822	0.197445680880002	1	0.248822510822511	0.994947338566837
PF03989.16	5.88424254700849	6.58924344819286	5.42282042105341	-0.840216574277265	1.07324526386926	-0.789937547111775	0.204666683466006	0.0871713920783799	1	0.130164502164502	0.999065152868538
PF01544.21	-0.852530999639555	-1.11425953475439	-0.585813372944976	0.626165170785232	3.65075512359229	0.148552727952243	0.419333336400829	0.615843968648383	1	0.585991341991342	0.975214375152076
PF00471.23	1.52511769872906	1.49122600811403	1.56696425468161	0.11069432460579	2.12591791108606	0.0384121965630514	0.470000001115125	0.766382617428851	1	0.735489177489178	0.991593938760415
PF00122.23	3.85556137983321	4.02518546118939	3.67758969171992	-0.381353540355461	0.70139996711111	-0.486689381120746	0.286475692537435	0.282426164023189	0.997858368177862	0.351359307359307	0.985426189907399
PF00702.29	3.8224201498302	3.94989627306279	3.6959170774789	-0.259030429466356	0.730036903280705	-0.334400986652878	0.357333339085605	0.423681160091667	1	0.492718614718615	0.996066497124046
PF10543.12	-0.890481628737391	-0.966443344521067	-0.819017449454154	0.315083294594175	4.18488904009502	0.0607245729782233	0.463024651608331	0.737624397061638	1	0.710809523809524	0.990587181190579
PF00692.22	0.554951314837867	-0.0554144621729122	1.00785882618579	1.07611918355651	2.72132276919289	0.338863319460139	0.310000008224679	0.313252263102139	0.999578259183749	0.330194805194805	0.910166268315523
PF06605.14	-1.33418376323663	-1.63223130075156	-0.986430967039801	0.634763957556123	4.15506856236044	0.127028713847492	0.432378416938174	0.656173997728553	0.999779483651926	0.616961038961039	0.977594063778394
PF18013.4	0.59993660984644	1.65739280652871	-0.909774041366765	-2.19702971052056	3.78729862516762	-0.510881315770557	0.245169899475198	0.250776077063525	1	0.225354978354978	0.994677888930367
PF01551.25	3.59224642794115	3.41265059211135	3.71127588297053	0.303287944150014	0.874810174423287	0.34380143825491	0.348666672836835	0.452037076531518	0.999588347466505	0.461735930735931	0.943095741947462
PF01521.23	-1.74549628777174	-1.65539657437579	-1.83102264118803	-0.192945902598335	4.12167382768604	-0.0380539670614429	0.479333334100075	0.71955435859575	1	0.737212121212121	0.991284589139034
PF08282.15	2.97177352327172	4.02234070876213	2.38380380249893	-1.54124331345152	1.21977895772994	-1.02744873918644	0.157333357264905	0.193994129136796	0.999926787836815	0.0652121212121212	0.991469430911752
PF01219.22	-0.955556179944303	-0.141370834344648	-1.99430053474898	-1.71401253149578	3.63941171132836	-0.40331146115229	0.299800142063257	0.380678857547287	1	0.371978354978355	0.988459126818039
PF00654.23	0.586594811722657	0.817633254185867	0.365717073072981	-0.55405459738624	2.81462611441798	-0.151259480975433	0.405729517272928	0.60623968002331	1	0.635047619047619	0.999844069999877
PF17767.4	1.35974000649583	1.94708131869739	0.254790454938613	-1.65407260896849	2.29861362623394	-0.621779906221049	0.197868105543786	0.134733895204674	0.998387791053775	0.160627705627706	0.976630058880064
PF04095.19	1.42460026112875	1.92497067761388	0.388897738471625	-1.5465557439277	2.2424537014656	-0.585592472365275	0.214666682338143	0.145480412291551	0.999614898646366	0.180484848484848	0.984215310591158
PF17956.4	1.29447491228516	1.86680755228872	0.318192162479273	-1.51604883133551	2.43647202596588	-0.54660012635397	0.23666668016346	0.177254801307241	0.999061388769467	0.208571428571429	0.986313615103005
PF00583.28	3.05426396565137	2.86710538761164	3.19267554913096	0.32759238244718	1.14074057461786	0.274522015316807	0.374000004983114	0.482857750722634	0.999508246611362	0.471290043290043	0.968817493091493
PF00005.30	8.40992646226171	8.24147545049323	8.60849990813096	0.408883885987965	0.391257726202241	1.02801262243256	0.11933336687211	0.0286649712869988	0.989915084612273	0.0256969696969697	0.532218776964707
PF02687.24	6.24409034141697	6.4848984999783	6.04938090616434	-0.563121112591139	0.905713570009071	-0.588551030108335	0.247168566861408	0.14118153887031	1	0.19017316017316	0.999241393866648
PF12704.10	3.41624246775262	3.43187262880706	3.38071169718914	0.0309182733223814	1.04487998993555	0.0334122792256786	0.485676216386335	0.81620092075998	1	0.790341991341991	0.993852185189153
PF08245.15	3.65487695077146	3.93518259604936	3.36265576688164	-0.541135426610727	0.986106135308308	-0.483005097332126	0.263157906031298	0.261463755802565	0.999409856488101	0.278142857142857	0.9931383517767
PF08353.13	0.235310692471055	0.673919135538751	-0.533264516903258	-1.20025842601203	2.72599529703021	-0.367352219431421	0.309793479244992	0.29139800626481	0.999927233100277	0.3794329004329	0.989736878158891
PF13328.9	3.03526829351603	3.3419518761568	2.82216546281894	-0.49597248411233	1.4769960767003	-0.294679140252279	0.346666672935199	0.496519742987306	1	0.496965367965368	0.99967604449758
PF04607.20	3.79540485505459	3.77036061229956	3.83044557313922	0.118662995764785	1.04483804616632	0.100680386039209	0.4633333346987	0.737869118332194	1	0.701549783549784	0.995308596311786
PF02824.24	3.5718652951063	3.86550819828883	3.42100312676131	-0.388197760168653	1.25245171300365	-0.290741381647534	0.371333338436713	0.533455573001276	1	0.542883116883117	1
PF19296.2	2.65959974744656	2.7417231672276	2.57964165421328	-0.120616421957973	1.57253595051439	-0.0578073387859773	0.467688209061577	0.816969616100159	1	0.782844155844156	0.99883740420573
PF13291.9	2.92496107322911	3.26244344971409	2.69492441555703	-0.460232470717579	1.65473552270012	-0.244440524165848	0.36175883298481	0.653711710489488	1	0.536597402597403	1
PF13460.9	-1.66050396610893	-1.68182833286595	-1.63489260412367	0.105600280916731	4.23726728198008	0.02119217002288	0.485676216386335	0.752516621460242	0.999593991456387	0.72130303030303	0.982449183068296
PF13520.9	0.416273495653399	0.638697079288039	0.151466687525042	-0.590436635972957	2.51094161578365	-0.179316108711729	0.40133333713572	0.473488687497015	0.99958181823946	0.584891774891775	0.998092993092178
PF00580.24	3.06694507317958	3.1019486663536	3.02402501258475	-0.14113167906222	1.3109905129798	-0.0829384435375694	0.456666668283751	0.533074338099476	1	0.727545454545455	0.999438054009483
PF13361.9	3.23093921586775	3.32487589042522	3.10843266416373	-0.301152727491643	1.20181900498318	-0.229209434673789	0.393737512444108	0.493216445648028	1	0.605372294372294	0.999558377896613
PF00890.27	3.95087284864067	3.96528917956838	3.93622054312943	-0.048370266951026	0.921535577115296	-0.0498874465973071	0.474666667607353	0.765381309855079	1	0.791965367965368	0.999260027672145
PF00056.26	3.20176033377528	3.98712930552879	2.72000333952755	-1.32267126875808	1.30474909395748	-0.883151036180353	0.168666688546128	0.106805900855831	0.999030027436842	0.0888874458874459	0.980030168442444
PF02866.21	3.20716080472249	3.96626148163972	2.76315611208643	-1.27539639062841	1.31790357888343	-0.86624175681087	0.168554319004588	0.11846025015395	0.997785376344981	0.0984025974025974	0.97853695609846
PF00478.28	3.73649529290243	4.112392326149	3.23465999976834	-0.890963702903518	0.722261468363275	-1.20122629922371	0.092604974877976	0.0337918408316643	0.966444128184403	0.0371948051948052	0.867584233261309
PF00588.22	1.82211404378279	2.37588519896858	1.26423378166717	-1.07974033854003	1.70195116812471	-0.555689104003413	0.218000015316584	0.21812074898027	0.998496283608887	0.183497835497835	0.981257981616772
PF01288.23	-1.06887251454846	-0.758182531413109	-1.43056225612902	-0.568008682334097	3.9358170700452	-0.12679655748067	0.42704863700083	0.617817570202994	0.999053779684114	0.648411255411255	0.996170296928978
PF01227.25	-0.778041132460459	-0.68285238670758	-0.917459007934187	-0.1957894723539	3.61809249041923	-0.0435055282046504	0.473017989008912	0.717243727847031	1	0.764138528138528	0.996507074508567
PF00528.25	6.05840521383242	5.96980165607878	6.2303368014363	0.315754450698459	0.559807203530418	0.5261286490056	0.277814800380107	0.190805204514421	0.999813968156457	0.242658008658009	0.904569532899262
PF01594.19	1.6712335813811	1.87031594000346	1.26382331702089	-0.545632167583106	2.22298750289414	-0.213065297739257	0.395069957424349	0.48301412810297	1	0.611935064935065	0.998959322868201
PF02776.21	2.93879159992049	3.12941052728409	2.66574823815539	-0.454745344421271	1.33793273452708	-0.288311254464401	0.345103270827835	0.372406104154013	1	0.478012987012987	0.999243522648995
PF00205.25	2.91002320786122	3.10924634796925	2.64826213581828	-0.491792982526892	1.21516502476814	-0.353947756978143	0.315789481567806	0.321510748307112	1	0.411134199134199	0.995938528811435
PF02775.24	7.37600274787732	7.42460014213372	7.28201528854593	-0.211388152963285	0.55167341923714	-0.339761073403414	0.366000005347005	0.296668653869787	1	0.52682683982684	1
PF07517.17	3.90157265662219	3.93979912120209	3.86241988112408	-0.104564396456976	0.875645752249035	-0.0950559192576298	0.444000002100421	0.637744838244798	1	0.730891774891775	0.998509399348435
PF01043.23	3.83808842063035	3.91450219022647	3.76306084408904	-0.132084406184241	0.961122158039642	-0.104494812574488	0.436000002409853	0.657453286175834	1	0.703112554112554	0.999722107698298
PF07516.16	3.88102181297623	3.9314109004757	3.81321343691159	-0.117803372133103	0.905328692986163	-0.108878642785694	0.441039309340154	0.619050428884528	1	0.71095670995671	0.999824894077554
PF02810.18	4.00543469530794	4.01371738459096	3.9945018666356	-0.00825577572070024	0.842486501254246	-0.00953101886355908	0.495669553791098	0.820447557186847	1	0.776363636363636	0.996320203420967
PF00665.29	3.27091918786823	3.35494752693211	3.14748609188973	-0.244231078909301	1.09504065694048	-0.17220084781748	0.396666670664582	0.448496113694369	1	0.607307359307359	0.998502980877707
PF13333.9	1.70196302061477	1.47710701114336	1.95801904303062	0.54569074688116	2.12180513129657	0.191196072057473	0.37866667144168	0.516064631219844	1	0.485320346320346	0.971609080843295
PF00872.21	2.73869487029312	3.28006373906494	1.82795013216752	-1.56276938720783	1.59967756860732	-0.867706394035123	0.114590308277128	0.0661113130337422	0.99604421893296	0.0486580086580087	0.91508062733482
PF05524.16	4.66846669411051	4.25516108079935	4.88670068315307	0.601055204850245	0.934543720569398	0.604736935468492	0.26866667756814	0.196901238529032	1	0.203995670995671	0.928084992434549
PF00391.26	7.55893187507424	7.41922282433118	7.64378856689307	0.221555793743412	0.493645861012987	0.465142770078351	0.286000009703439	0.306681487754407	1	0.247636363636364	0.967940421324604
PF02896.21	7.53950990014659	7.42074212197138	7.62562544057258	0.206781292886083	0.486977238284887	0.422931985138094	0.298666675566474	0.313653041350107	1	0.265718614718615	0.969712507459862
PF00977.24	1.42046329401626	0.716113607599003	2.03313930060826	1.3339046251093	1.87333653598874	0.623559553731451	0.198000017609354	0.138876610823819	0.990860134739693	0.12674025974026	0.722332382517658
PF00180.23	2.57895462745458	2.73562821540931	2.39797528231425	-0.372924946525726	1.36693883321472	-0.231504864577914	0.389073955014824	0.500518197545159	1	0.569597402597403	0.999074224966356
PF00330.23	3.17890587491432	3.22091274726309	3.1458333288603	-0.0992733212828476	0.992652794341509	-0.0940459788920466	0.457028649169526	0.695178586495268	1	0.743155844155844	0.99646245361495
PF01195.22	-1.55996793817321	-1.76025494787579	-1.36758084057645	0.290077068347561	4.47221370058093	0.0572778620901286	0.471333334398563	0.714469123550071	1	0.683281385281385	0.981718860783016
PF01751.25	4.36263419015181	4.66840597626621	4.17646063275018	-0.42722415001476	0.778553817147485	-0.490947866385797	0.284666676458011	0.365654511606346	0.999825067547139	0.309852813852814	0.99633282923047
PF01131.23	3.23030503808471	3.3448441902259	3.17061095613	-0.128859676527045	1.25702262387392	-0.1071754660428	0.451698869225096	0.746032483008771	1	0.760926406926407	0.998822695657802
PF01396.22	2.06730809297831	2.34582103616295	1.82634740224544	-0.468925866009538	3.29797818299602	-0.105262611595383	0.423333336241206	0.659228826965321	1	0.707064935064935	1
PF13495.9	0.0532869902997293	-0.204655764110379	0.321107892716427	0.516148335854695	3.18900780556309	0.126241859788347	0.428666669363533	0.68332528811694	1	0.620675324675325	0.980190461988451
PF00589.25	5.79753409409691	5.64613470030121	6.15825396072753	0.449189115294151	0.815161101549382	0.492757783276981	0.302666675323749	0.279514309188847	1	0.282636363636364	0.97211823754295
PF07690.19	3.40584424591284	3.51139168823023	3.25157911381941	-0.273786431912085	0.951244596313347	-0.271161504418678	0.378414395186208	0.526372207520253	1	0.583199134199134	0.997707766628842
PF00664.26	3.6591280534424	3.58488075962509	3.73820839224747	0.170101194924434	0.839828424989764	0.170373135047511	0.42038641208195	0.649700997719704	0.999721186669015	0.591796536796537	0.980177386084265
PF04079.19	-0.753974149125458	-0.230187563058605	-1.53378436569323	-1.1619371811465	3.68043462818038	-0.264482360859938	0.363333338803763	0.466641889499751	0.996123584577325	0.503017316017316	0.995084528530396
PF12850.10	1.10664455177275	1.28086617957315	0.879484435992014	-0.406617673942892	1.86156087302278	-0.181680576624266	0.40066667049685	0.533419513222132	0.999959802093663	0.610623376623377	0.997454462947911
PF14691.9	4.12211773072948	3.86606067174304	4.37306098714497	0.496215559384734	0.834704423286651	0.574356802858758	0.254497013963923	0.216683593680403	0.995472076513889	0.211636363636364	0.850066398832568
PF07992.17	6.12080824719952	6.12676836331409	6.11519518565999	-0.020071193505852	0.400634644488525	-0.0467926863266718	0.47666666753275	0.702283282496545	1	0.763813852813853	0.996176561713826
PF00310.24	0.236835170036935	0.25527768280476	0.21934421261237	-0.023493770405091	3.11756875675003	-0.00490453680006996	0.496000000148157	0.779440317824909	1	0.771619047619048	0.996602251300745
PF04898.17	-0.256249416229218	-0.358836606904757	-0.158150758640221	0.26857563014582	3.52689084361067	0.0658024541762623	0.459693539142167	0.714938052432143	0.999410732088721	0.715679653679654	0.991447478003868
PF01645.20	0.701376935435428	-0.427679472769816	1.41002958911349	1.64459862431457	2.92594990170634	0.479894098607871	0.23666668016346	0.260300480959059	0.998278776035465	0.177528138528139	0.834305648717261
PF01493.22	0.168570591260006	-0.0206479290578958	0.363148900721204	0.363834555663541	3.15486499977713	0.0835347214459426	0.449333335229345	0.710921685481132	1	0.660852813852814	0.989494203977153
PF13508.10	0.49420321061836	-0.00981374633153997	0.899689411441329	0.846675516609179	2.64443895719961	0.256287761934365	0.344666673034318	0.467261720879294	0.997615624560641	0.419883116883117	0.937835076250605
PF01321.21	2.98138054199643	3.12861897973195	2.68954519702577	-0.447515671707906	1.26828394273227	-0.322536236589507	0.354666672546119	0.423971242586485	1	0.506082251082251	0.998855624551725
PF03960.18	1.47459251343361	3.10919687339079	0.0327590147582661	-2.92628883806557	2.31270341122652	-1.18979297408053	0.0739507570616665	0.0305251873833858	0.981290677245576	0.0214545454545455	0.863173011589302
PF17757.4	2.75122179777181	2.85979835542644	2.64592885097116	-0.151759444551885	1.19832823240649	-0.123621075570479	0.447035311774745	0.695647572784814	1	0.712688311688312	0.999787224357957
PF02559.19	2.22024538013001	1.94625308140582	2.41511151670614	0.502923528530729	1.23236946303163	0.364739889023727	0.332000007014083	0.3793604801794	0.999370667214901	0.377861471861472	0.910609635832929
PF00270.32	4.17261098218657	4.37620693385536	3.97765349272523	-0.484323262081161	0.865046495194106	-0.534670183467572	0.271333344042284	0.222161181877913	1	0.302017316017316	0.991335416418554
PF03461.18	1.49388207332561	1.68137851946129	1.29342653715739	-0.333182376990925	1.66533151976278	-0.174674592667146	0.414666669921978	0.658093793785164	1	0.657493506493506	0.998882639716884
PF05833.14	0.414264730755169	0.239122605202211	0.592055908797296	0.494468823908786	3.00651669555303	0.150227348843815	0.416666669841269	0.605914613044868	1	0.606865800865801	0.982219852541152
PF05670.16	0.449460374045417	0.268555454443844	0.632786253396105	0.500169848563149	2.88959504631513	0.139460681186296	0.416389077132241	0.596979143757702	1	0.592190476190476	0.982632200192768
PF02653.19	4.48419517866012	4.21360653688665	5.05894897147815	0.878010334583708	1.10903629451693	0.756706840708102	0.19000001865087	0.0909917839529932	0.996993070474613	0.0910995670995671	0.766328656151394
PF00224.24	3.15597358120899	3.95508913319002	2.52211499627223	-1.47061147266138	1.30703809036172	-1.05895130848858	0.121333366220655	0.0500467181960986	0.991419502958919	0.0431168831168831	0.931650588438874
PF02887.19	3.14309699136682	3.84622059376893	2.47269016913363	-1.33732498049762	1.30776096260567	-0.916583880518938	0.121333366220655	0.0638078543510632	0.992086094622189	0.0524718614718615	0.929998605947732
PF01210.26	0.974148295721665	1.49969642210689	0.146063054954229	-1.32526954008962	2.20944036871635	-0.496124471724522	0.241838787170259	0.210371270120613	0.999623428465328	0.246506493506494	0.980875868452048
PF07479.17	1.01864733971094	1.48716063471717	0.209267197438629	-1.24247447437702	2.16979238839925	-0.490012645637919	0.254000012020947	0.219902654468446	0.999179687755135	0.269454545454545	0.979617959301793
PF20618.1	0.962053510196971	1.47159485211046	0.142688541355091	-1.30749621485665	2.21585577222023	-0.488967915084028	0.238666679983602	0.212263201508674	1	0.252844155844156	0.976136559554944
PF00483.26	6.8369264110246	6.68079751354506	7.06713422556904	0.414491954822016	0.664805562507228	0.55945652085979	0.283810802639802	0.236455522653227	1	0.20465367965368	0.95344665570272
PF00348.20	2.61987218007986	3.07269535045254	2.10952938793399	-0.897587156382914	1.58587780401681	-0.500887560009394	0.270666677423451	0.297140291828609	1	0.276320346320346	0.995784661923014
PF01180.24	1.27885054586547	1.84345173694022	0.703649411129944	-1.10621651465637	1.9486722767234	-0.49254795812444	0.253830791498822	0.263062166473171	0.999793694232999	0.276580086580087	0.981171703784807
PF13421.9	1.30917312890312	0.386294540401729	1.76817249430935	1.29186249069624	2.61536872363854	0.437296983054799	0.275816132963409	0.224344153983368	0.999542186810687	0.242515151515152	0.902615272869097
PF00849.25	2.22542974310219	2.49089851799449	1.98903647163893	-0.5403467886893	1.41391486927936	-0.371332096034185	0.344666673034318	0.422858398776362	1	0.464194805194805	0.996576350209056
PF00690.29	3.03868096013406	3.15673355255838	2.89755217671746	-0.312320414674836	0.991046055358551	-0.290123875219673	0.364666672075246	0.433055343301212	1	0.52504329004329	0.996562620512044
PF00689.24	3.05843830122405	3.17005199490491	2.89220849835366	-0.302863030991857	1.0139815986787	-0.291935549657264	0.367754835372621	0.420079506267693	1	0.5134329004329	0.997335317928468
PF05263.14	-1.87723997026194	-1.73869606723581	-2.105875534767	-0.312868900766785	4.46530038243565	-0.0607424300442257	0.465333334623486	0.683494292569385	0.999617717909936	0.729722943722944	0.993969025676696
PF14657.9	0.691853053689923	1.28040545824854	-0.060609605702691	-1.22652663955495	2.97157648292986	-0.343761812505034	0.299333342192336	0.398377550539253	1	0.347506493506493	0.996014939576992
PF14659.9	2.82453593350855	2.79966229473905	2.87726553340884	0.049497336626942	1.36816491377618	0.0203108645824994	0.482666667309414	0.586071199290327	1	0.762593073593074	0.998624602285125
PF06146.15	-1.85033858690524	-1.66037934904887	-2.05759294409406	-0.394930918614649	4.28121006553116	-0.0792709190733121	0.459693539142167	0.682445702792836	0.999994412069857	0.711372294372294	0.988501623551241
PF00392.24	3.87246014595023	3.99758191190878	3.74958011794791	-0.203120877718091	0.783431818908052	-0.239912776441692	0.387075287545898	0.604661106160952	1	0.58878354978355	0.99919202891681
PF02080.24	3.03558801196712	2.94985974102383	3.18929729709073	-0.0236834066775771	1.82016171724571	-0.00920897445535649	0.49466666686422	0.731501819523922	1	0.836861471861472	1
PF00367.23	4.16060509134364	3.98554012892455	4.31888676472638	0.286659340063631	0.862165322184675	0.309259645833726	0.364666672075246	0.502877232767695	1	0.436311688311688	0.980876208368612
PF00358.23	2.89775505378254	3.63487092909106	1.2804832245433	-1.94519540892662	2.68329685046505	-0.605816868656198	0.216666682124016	0.153458818073024	1	0.158454545454545	0.995200772176313
PF01047.25	0.020226120820527	0.374397692737571	-0.3742757176434	-0.72586629664942	2.8944792867133	-0.216713265409643	0.372418392789095	0.527167773791052	0.999299001432467	0.550363636363636	0.996522962769366
PF00881.27	2.3679111139191	2.62033934022004	2.11937010126365	-0.560669940453936	1.79321347416157	-0.238968743841154	0.347768160769613	0.427410412260498	1	0.466021645021645	0.998339083473984
PF00106.28	1.82941649160369	1.83347283744911	1.82679303925987	-0.0425923242152928	1.96901066698521	-0.0181242629433747	0.489007328854492	0.797041248379695	1	0.803194805194805	0.998211892475237
PF13292.9	1.7937252515542	1.79257983072908	1.79463312337238	-0.0593393179431079	2.18075530249949	-0.0154377770573363	0.489007328854492	0.776705026221588	1	0.817021645021645	0.99941436411606
PF02779.27	3.94123428322301	4.10840652458331	3.68872054490242	-0.455456070756589	0.845364700243076	-0.436951145397062	0.265822795905675	0.219892988515844	1	0.277575757575758	0.982942013141388
PF02780.23	3.90439656782674	4.05470405465	3.68941917184265	-0.424736234467201	0.877860821583501	-0.366380703187275	0.280000010104348	0.245454135507535	0.999578418695203	0.329935064935065	0.990209207252109
PF01554.21	4.56563954812655	4.5521622895575	4.58436163356578	0.0914665003361055	0.959207760754738	0.0861541792840529	0.447333335305835	0.759850603459935	1	0.706887445887446	0.998805669549167
PF01261.27	2.80221984578295	3.00390482331814	2.6165203660008	-0.316123511979863	1.22876296469157	-0.23625470697132	0.389333337643233	0.617648769265646	1	0.588406926406926	0.999512914862915
PF01479.28	5.13725210550165	5.04849087508234	5.33708116479731	0.247164801454889	0.581998057736492	0.371171116120295	0.339333339969129	0.488738898203649	0.999851577231017	0.397493506493507	0.965940433182039
PF02861.23	4.5710231831784	4.67412247353384	4.5411186392688	-0.158254055398722	0.862944583434176	-0.159123966848157	0.441705531832793	0.709486078020935	1	0.756272727272727	1
PF00004.32	5.60787456262166	5.9256766226917	5.22261937449262	-0.707428505812691	0.642702594102148	-1.06350103088494	0.12400003205072	0.0340058730172281	0.99865191111264	0.0419134199134199	0.954534738413444
PF17871.4	4.49835402198266	5.18911632834213	4.01618145312214	-1.18591110492671	0.727436544597798	-1.59560193415473	0.0346436996194963	0.00656174424242927	0.939204745627432	0.00964935064935065	0.785758222845285
PF07724.17	5.18891372390325	5.48760227842069	4.97825997127484	-0.547395683142034	0.644960575940146	-0.820320674322055	0.175216543099913	0.0795563605863392	0.998811669054823	0.104290043290043	0.964404875677568
PF10431.12	5.12712986270337	5.4482193555976	4.89164640082734	-0.585907674071731	0.643670770837239	-0.876096880612057	0.153231203926835	0.0641009550441017	0.996227435670425	0.080987012987013	0.951686282338108
PF01370.24	2.28147649965477	2.17341481419958	2.38168811519977	0.0357690056803808	1.76843606656564	0.0148307548200507	0.49100599633544	0.69492556736439	1	0.776818181818182	0.999023475268637
PF13522.9	2.17092058383845	2.13213114521902	2.23022852350127	0.0889030644763293	1.41084648939559	0.0591594681827173	0.470666667756838	0.742992991047078	0.999874619889096	0.704134199134199	0.99412689730233
PF00156.30	3.63365150620137	3.72223647540976	3.53665793329365	-0.219505537570037	1.01914325793604	-0.188539306545103	0.400399737347201	0.554226170451451	1	0.624073593073593	0.999604893657068
PF18072.4	4.20852674487315	4.32200002815145	4.10701256792871	-0.250794175696366	1.12135482419573	-0.224405921102179	0.396666670664582	0.609812843451507	1	0.650428571428571	0.999816623376623
PF00586.27	2.70163146928242	2.93005900705841	2.47371281023607	-0.475313010446277	1.08568073612889	-0.404206006679034	0.310666674852809	0.346564833406098	0.999751078925269	0.399593073593074	0.992865340196644
PF02769.25	4.69673372607402	4.86893163102433	4.57480319166976	-0.472410422783446	0.983067205642056	-0.471764005878291	0.321333340919238	0.292942096310738	0.9999151575111	0.407134199134199	0.999683779287566
PF13507.9	4.27198369198665	4.39646217063132	4.16331801231059	-0.243133505172906	1.13375086408837	-0.210996051451303	0.409726852218993	0.618384417487486	1	0.659766233766234	1
PF01259.21	1.6226699961908	1.52653056059015	1.71478459765413	0.180232023754914	1.63981797964473	0.093947301901898	0.455029981690227	0.6657865195376	1	0.651329004329004	0.986178058114587
PF00128.27	5.83235315503895	5.8104492045235	5.84758214090655	0.0585783381678766	0.474035663339817	0.10841347497487	0.448666668588154	0.616825612663243	1	0.674341991341991	0.989524993006572
PF02806.21	4.67422385244466	4.64986149663297	4.68807267948535	0.032447456095662	0.662671833262745	0.0445832000380181	0.480346436437592	0.73640994962375	1	0.746770562770563	0.995853686045975
PF08240.15	3.78050048614888	3.68564240796734	3.87787404113701	0.271715445437853	1.09600202991035	0.229821126148273	0.399733514856683	0.526244679141291	0.99984078944132	0.544445887445888	0.985901035412845
PF00107.29	3.81222217536972	3.73124313515167	3.91558125387431	0.258550127363312	1.07967907798395	0.225002550637184	0.399733514856683	0.521451113950985	1	0.528103896103896	0.987148685848129
PF06541.14	1.44998536783553	0.617943633476952	1.88028767904165	1.30674343348378	2.4429312054662	0.43065237248192	0.260666678165493	0.204774949954489	0.99915247299145	0.2135670995671	0.872358832132005
PF02922.21	4.92155275343623	4.89789603397438	4.93927002564624	0.0724504696044743	0.538587183731171	0.111677163495727	0.450000001870557	0.631624825880753	1	0.654675324675325	0.986529105099031
PF12848.10	3.3094439993183	3.6326392562393	3.00407445696189	-0.558057639553079	1.42850130663178	-0.356673805281413	0.330446376173551	0.438800332643483	1	0.438593073593074	0.999892316017316
PF16326.8	1.11320544517455	1.29331079608125	0.965675994379104	-0.261044165785585	2.50661255373275	-0.0834974069776378	0.43637575189238	0.72447786604669	1	0.706337662337662	0.998720377077358
PF03577.18	0.648948420311763	1.73542802487669	-0.164415983582069	-1.688543551101	3.50953058496819	-0.420144573453665	0.269153908253317	0.420839588387008	0.999078189529035	0.274268398268398	0.994867009451246
PF01018.25	1.59850439532135	1.49596990898312	1.67177432147207	0.213062140022408	1.88940049614324	0.0834359209383238	0.448000001946984	0.768259281158383	0.999953240084697	0.684311688311688	0.989394325544013
PF01926.26	4.77254558411861	4.89945981733364	4.61154924598092	-0.323835083190318	0.657947455872323	-0.409158409593724	0.267155240844119	0.225043923651788	1	0.312112554112554	0.98993481162046
PF09269.14	1.22556783754101	0.932736413555064	1.4959866389721	0.390582967208226	2.07809552814904	0.1713936310335	0.416389077132241	0.691989434627094	0.999464946120848	0.586233766233766	0.979980233065104
PF00171.25	5.05280683257302	5.30521603055337	4.56971941398581	-0.804270658215078	0.737852497516767	-1.05018120764002	0.1059294188884	0.0320229283125996	0.990402337585503	0.0394199134199134	0.906604070924964
PF00696.31	3.91128111407057	4.00265000272344	3.82532004859729	-0.153672895617851	0.931161756954985	-0.114187921870581	0.42438374703289	0.845096633049437	1	0.67352380952381	0.999731650248678
PF02881.22	3.12894083287056	3.30782300336412	2.97038768019246	-0.290878579256246	0.973561869459143	-0.262808931458784	0.379080617675076	0.551197501516427	1	0.57178354978355	0.999405014283342
PF00448.25	3.36670642673806	3.31743319165753	3.40073138296629	0.0777350911476455	0.825058173441373	0.0887294828888918	0.459027316648982	0.70298951671225	1	0.696974025974026	0.981128683817098
PF02978.22	2.68253485667094	2.69988166863516	2.66654796656792	0.0518782260985748	1.16438927849866	0.0437683608516848	0.482666667309414	0.709110497938093	1	0.743212121212121	0.989903550183248
PF00753.30	4.92631968666314	4.91133513555779	4.93969521201946	0.0210277599448592	0.639480563319189	0.0323170461851598	0.483677548905506	0.777321003906288	1	0.731268398268398	0.996482975920048
PF07521.15	3.89392447322529	3.69063374205527	4.04239797659232	0.36442995645093	0.842074325755707	0.399467173479155	0.319120593973523	0.307788483520073	0.999121256613044	0.33395670995671	0.913555584321585
PF17770.4	2.93444918030555	3.04138171249553	2.82430337144043	-0.260118117778134	0.972990094602399	-0.242370220812825	0.387333337729382	0.549624895963413	0.998817679209239	0.594675324675325	0.997502279483522
PF01118.27	2.26560658306324	2.39756788190625	2.13994724371858	-0.334578628749345	1.74492589683217	-0.155560249406516	0.405333336969865	0.562866361274628	1	0.633900432900433	0.999717563878514
PF02774.21	2.02174068674073	2.08277276565241	1.91789250314955	-0.16120858635111	1.60967125737275	-0.0725109884742732	0.452666668435606	0.607965952244681	1	0.712017316017316	0.997887812018712
PF01081.22	0.523423822570127	0.792560086612078	0.295459193592643	-0.396235331408611	2.66255484335313	-0.129749760398199	0.419720189590245	0.693805377766124	1	0.671207792207792	0.999639551783956
PF01263.23	2.43335631117391	2.0921741832301	2.74611028688828	0.601238004635219	1.55079643978215	0.354750053763884	0.335333340174044	0.376067886834647	0.999717117159928	0.369922077922078	0.949709762363493
PF13347.9	1.92072141476291	2.10081410934233	1.60786570804862	-0.39610103362431	1.92452674917162	-0.187471418977768	0.406666670248255	0.538713719905801	1	0.635848484848485	0.998868604073522
PF01232.26	0.866783453606689	0.360765980064859	1.24526432710914	0.721038927415427	2.64394375438759	0.212811360879953	0.372666671709787	0.557808890666039	1	0.482744588744589	0.975743368364832
PF08125.16	0.888606211283065	0.377313479870106	1.26537124973555	0.739134968121741	2.50824424854436	0.247297415276847	0.371085947812638	0.545825232322342	1	0.466255411255411	0.978345234548904
PF00356.24	2.84250659958703	2.98732266133556	2.65595560031448	-0.332432754312553	1.22914730805225	-0.247658298154522	0.396402402404781	0.597602109155524	1	0.610012987012987	0.99912066150224
PF13377.9	3.10856983408916	3.02373502605101	3.21574351158922	0.198648926227013	1.15853287611819	0.15225710487727	0.429713526969265	0.649730772602496	1	0.608839826839827	0.99281011568607
PF00206.23	3.389856060871	3.46585077922164	3.29449091825876	-0.156664666776179	0.990723698958712	-0.125600132113704	0.435709529399944	0.625753354425383	1	0.681419913419913	0.998341000077906
PF10397.12	2.36888880976299	2.00497223427824	2.74649972884292	0.733549098753405	1.40537253020231	0.452083161812969	0.276666676999855	0.339810237706449	0.996603366355558	0.258805194805195	0.874381333127687
PF02926.20	2.17716349729239	1.79678824548324	2.48655489583731	0.692179450619478	1.31774794191855	0.44846862549249	0.280479690271559	0.277221049098679	0.994717909162219	0.274160173160173	0.877498368174936
PF01170.21	1.7056749816166	0.575178962699044	2.39033247480003	1.87413975275499	2.00167929747146	0.839445415955392	0.107333371280178	0.0697203835556134	0.991574126298525	0.0407056277056277	0.475458748085479
PF05103.16	-1.29038552975483	-1.68887253616088	-0.881369261579642	0.67873066794725	3.85554183111368	0.140829535481206	0.417721522115336	0.63709322444949	0.999655297388294	0.579380952380952	0.963344186411786
PF08230.14	-1.12949568863741	0.10320538660534	-2.12757425280011	-1.9630660986349	4.1608682644209	-0.396873850904103	0.284666676458011	0.392111580580994	0.998738770883921	0.365095238095238	0.988418757913657
PF00155.24	4.65108964746801	4.70536086569566	4.55696162048374	-0.17816282960866	0.664649985312989	-0.224118987517146	0.386409065056362	0.464587167434343	1	0.593437229437229	0.999184793112688
PF01381.25	4.43791425954612	4.33166843914035	4.54639822021636	0.177366485700936	0.757944017988968	0.212594698547138	0.403333337052597	0.682610297723911	1	0.567714285714286	0.991524796446047
PF01209.21	-0.601176123634958	-0.670970215539351	-0.529270391087306	-0.0489161404831728	4.24348816554425	-0.0122168210301233	0.49466666686422	0.772571159112787	1	0.788558441558442	0.996433190896679
PF06018.17	3.20451126084545	2.78620594153727	3.47322434253619	0.808363738444482	1.36319423099185	0.546015027257779	0.253164569033961	0.178061969086749	0.999111341742836	0.193532467532468	0.86291964815205
PF08222.14	3.20583153149787	2.75037125311191	3.48830961149088	0.805820839077424	1.37046156662472	0.538727539012275	0.253333345407786	0.177111520174375	0.998466319260076	0.198108225108225	0.858526310206959
PF12464.11	0.132890674407323	-0.558246024625313	0.814183063449234	1.31876202745295	3.18843114386873	0.340844887353038	0.314000007995311	0.446663165228034	0.999735303667189	0.34404329004329	0.919264270653052
PF00132.27	4.43630231642983	4.32561030438155	4.83905579650455	0.392999794964253	0.980380283165903	0.373342063746452	0.352666672642312	0.4849741301746	0.999853963904859	0.435190476190476	0.975209507176877
PF02686.18	-1.32680930821166	-1.10989719768288	-1.52411225579304	-0.316135992697791	3.81050540130235	-0.0706013664364163	0.460359761635369	0.708969993884822	1	0.722939393939394	0.990564916683055
PF02903.17	1.50766692263386	0.443984978709138	1.93197501093175	1.43239559841033	2.8612607408613	0.433489086586936	0.27466667713935	0.185456086637423	0.999627840011751	0.223246753246753	0.873002468306667
PF01425.24	0.277304215905309	1.33160392144686	-1.0605501236245	-2.22525193907475	3.13056055389178	-0.611121756695651	0.220519668599033	0.21919127402912	0.997070176814829	0.175761904761905	0.976095460685903
PF01476.23	3.59368624434002	3.84219876254254	3.51291719824476	-0.427056631599005	1.74152637188215	-0.236176046339964	0.411725519692567	0.659484741246644	1	0.659125541125541	1
PF03610.19	3.22840757141755	3.79170346548164	2.32092956712448	-1.36459072116326	1.2974208577669	-0.95425449633066	0.151232536783492	0.0627935814966382	0.998170084588921	0.0797575757575758	0.970470155244464
PF03830.18	5.28840133988609	5.68658858996826	4.69606015511917	-0.979529881320742	0.95660775309904	-0.997161844243799	0.111925419180171	0.041556155884871	0.999138212156318	0.0335064935064935	0.935132893843919
PF03609.17	5.6829822768941	5.76893485049672	5.57840066575959	-0.332181803682731	0.844455749669565	-0.332552542892596	0.343104603372395	0.328619827695833	1	0.468991341991342	1
PF03613.17	5.0641757802437	5.11967835552619	4.98300921508085	-0.254895785941327	1.03675807614806	-0.227455611495415	0.390000004281288	0.510085213081896	1	0.600584415584416	1
PF02934.18	0.460074709760491	1.158830377133	-0.63373054224385	-1.68814892335488	3.1951661388763	-0.472692898196779	0.243333346240751	0.274134174884811	1	0.240333333333333	0.987955228291735
PF02637.21	0.422528719726668	1.13478222640284	-0.648035666692507	-1.64761946703584	3.00542348635331	-0.471018957314777	0.243837454552399	0.277788554374233	0.999798379385268	0.251242424242424	0.987953252204284
PF02403.25	2.67350921672446	2.51002579423318	2.80262909207023	0.088841036844582	1.46136368989524	0.0541403232844479	0.471019321528573	0.794430746870343	1	0.736865800865801	0.99611164024923
PF00587.28	4.98010285235515	5.01297518822275	4.94943281409823	-0.0838029373132203	0.80144611645765	-0.0991728704160191	0.454363759197163	0.659542242000058	1	0.75965367965368	0.99969461135879
PF12849.10	0.290240597079253	1.23050559879974	-0.596788597563122	-1.71003357852757	3.41537871437464	-0.40223599757189	0.284666676458011	0.333275609167171	0.99998160326032	0.303982683982684	0.99402421772464
PF01668.21	0.265643195085668	0.0817451335549526	0.463416143219752	0.402618830345642	2.99028530163729	0.116700267308766	0.439333335613819	0.64939423521788	0.999024744179481	0.633822510822511	0.985094915587456
PF01411.22	3.53700992149183	3.56616971060205	3.51383764634287	-0.0784509853103792	1.16090320108137	-0.0585820440843871	0.469686876541738	0.763743590262072	1	0.799121212121212	0.999669690603514
PF07973.17	4.19379255230644	4.244127032029	4.13748742814751	-0.143776768457638	1.00666098502212	-0.124579188364365	0.442000002177447	0.727993765431496	1	0.765558441558442	1
PF02272.22	4.28062598419375	4.36650472547424	4.19590304335843	-0.134257419166006	0.896287900448727	-0.136508777040707	0.436000002409853	0.724742980568596	1	0.696774891774892	1
PF13145.9	0.507909433146563	0.469841646796104	0.566605618463024	-0.118407946687062	3.19437584706459	-0.0288373038073024	0.48234510391832	0.714855441291101	0.999917055379398	0.802030303030303	0.996286789469992
PF01596.20	-0.318167229808189	0.467519630679671	-1.52955270207121	-1.80017462610727	3.52313278118373	-0.447842656538632	0.281333343347389	0.302158940868247	0.998790153704246	0.329385281385281	0.992016157975269
PF08439.13	-0.391178558747224	-0.30101296748854	-0.494485354873984	-0.126310780289646	3.80732957758349	-0.0233640604988624	0.48733333380277	0.74611284754688	1	0.795813852813853	0.997380210855377
PF01432.23	2.59334006844997	3.07990168757397	2.09119434790555	-1.03738406484738	1.29554225449168	-0.709860390414704	0.194000018120103	0.147906561212565	0.995323613366874	0.154883116883117	0.966349323200968
PF01027.23	0.974783334787543	1.77665807408261	0.0537623029198651	-1.76179339496171	2.5657129469469	-0.588775239753704	0.194536993376127	0.143711486477868	0.998981496585508	0.153142857142857	0.969361959538077
PF01966.25	6.19709550158279	6.05168708592389	6.4517957144345	0.415269606070559	0.570442207077472	0.667383706367253	0.242000013023006	0.163333020972304	0.999003972380989	0.161225108225108	0.872829590107353
PF04892.15	-0.0648838210378386	-1.00726982448715	0.822775589281581	1.63261833490751	3.58215702903356	0.38677682898067	0.28914058243768	0.372434179696342	0.999715016497447	0.283969696969697	0.905233696041014
PF01264.24	0.297176622977315	1.05571373842696	-0.646044043487125	-1.58380548029042	3.03890251844515	-0.464071470274835	0.245169899475198	0.295268916143372	0.999868885194439	0.252528138528139	0.989666581047522
PF04657.16	-1.81655408384217	-1.61711618347654	-1.96536437416788	-0.398001619203756	4.30361833040238	-0.0794022641069355	0.461692206621819	0.684643045910668	1	0.699727272727273	0.994254386346499
PF01761.23	0.878729288382186	1.19419838155488	0.533950287440375	-0.619305505680565	2.77290347421804	-0.179662099537994	0.387075287545898	0.597273104632072	1	0.599017316017316	0.999044036423347
PF09335.14	-1.07703519848235	-1.60261974027925	-0.597464808913925	0.911339225588955	3.67621509684913	0.22210236840892	0.38333333790312	0.548505175579313	1	0.494922077922078	0.954209060850616
PF00497.23	2.40311343238313	2.53845313059984	2.25743175008295	-0.353181623256739	1.39652761795445	-0.227932446544045	0.393071289954061	0.496568789632789	1	0.603333333333333	0.999581726354454
PF02874.26	7.12307339389327	7.12307339389327	7.12318036964196	0.0654156555564218	0.502675440805703	0.125241722748308	0.453333335076917	0.758503790787618	1	0.717692640692641	1
PF00006.28	7.21650587088385	7.21480054516507	7.22301773757898	0.0581085945581372	0.461355476632993	0.121213042556196	0.453031314211091	0.751863146188952	1	0.707151515151515	0.998899596784316
PF00306.30	5.55576974360024	5.64903596605448	5.40699550049704	-0.153457396304277	0.658734565736673	-0.223171513079827	0.417333336481106	0.597378545899605	1	0.678922077922078	1
PF00213.21	3.35343386158913	2.98709852769969	3.92119378059766	0.86500026453367	1.10888815413412	0.714505635640303	0.223184558401627	0.161452925055894	0.997370816856606	0.147367965367965	0.819703083305721
PF00119.23	2.93269546274421	2.88256627655585	2.98442651019133	0.0212656595206768	1.22622126167252	0.0150521086519687	0.49100599633544	0.741573648509984	1	0.762718614718615	0.995480181453887
PF01694.25	0.218180221687347	0.444043537061251	-0.101382546819376	-0.556483571383843	2.91852493890048	-0.166394819576644	0.415056632149291	0.557245262024944	1	0.624926406926407	0.998392029047734
PF01592.19	0.947180762633726	0.701980682116878	1.11594621417255	0.418058231813434	2.83668756438672	0.103909420516352	0.440666668895584	0.601433400117049	1	0.668571428571429	0.993110351976756
PF13527.10	0.982882499716995	1.19001242207006	0.630574343067597	-0.653514526495918	2.28472498480555	-0.231408330864284	0.36933333852758	0.405756516932514	1	0.537506493506493	0.999131008899669
PF17668.4	-1.01540095358928	-0.100363569207786	-1.98277491858596	-1.78190632206479	3.78569646708106	-0.406741612885678	0.284000009835547	0.36916992817422	0.998990667334951	0.359987012987013	0.990413638348263
PF04997.15	5.6845190495927	5.75066074041494	5.61285228403814	-0.14387240499978	0.616318365132853	-0.223419007551202	0.396666670664582	0.537502771178933	1	0.610601731601732	1
PF00623.23	6.27359477370665	6.30228416967729	6.24728211599016	-0.143979008925511	0.653798702752788	-0.217462122649213	0.414390409657871	0.577826477268341	1	0.675307359307359	1
PF04983.21	5.70997586544373	5.76859588136034	5.64196184170686	-0.135157641725307	0.579784974328055	-0.211582636501495	0.406395739763836	0.593021010044586	1	0.642887445887446	1
PF05000.20	5.7040578313071	5.7645107095419	5.62960865896139	-0.127698141082476	0.587892940142028	-0.206609450345674	0.400000003858024	0.600391864879553	1	0.652926406926407	0.999904021064846
PF04998.20	5.75714129668383	5.83595246758476	5.672980659668	-0.169339797455279	0.570704846098202	-0.276929869283394	0.380666671353383	0.50388171086656	1	0.559463203463203	0.999749455028296
PF19200.3	-1.22508343409585	-1.67375445469728	-0.706462886354091	1.09284678104524	4.11599042217513	0.229566024350265	0.381079285142026	0.55730270546218	0.998234535980284	0.479510822510823	0.949608247052737
PF05913.14	-1.20913013039713	-1.64596443384886	-0.673886578896559	1.07670381570927	4.27915875079158	0.211120156587935	0.386666671091537	0.587088884581271	0.99892569933968	0.509995670995671	0.956627456167855
PF04563.18	5.47046441183002	5.53825936192427	5.41573911091926	-0.132147726169587	0.532038619068044	-0.246311174758247	0.385333337816007	0.502248482972482	1	0.566103896103896	0.999324769634015
PF04561.17	6.29646935966681	6.22319924493207	6.34032943201557	0.0518670119852054	0.542206820414243	0.0894317179173591	0.459693539142167	0.859630902585763	1	0.735497835497836	0.99773793672745
PF04565.19	5.46284593170827	5.54816279370246	5.40817533614937	-0.164376224315735	0.518141501067102	-0.304998622588035	0.373333338346419	0.483493677248632	1	0.54561038961039	0.99904739723006
PF10385.12	5.46891921436409	5.53215980526264	5.40940671832732	-0.158491774232589	0.523035524917261	-0.279632787542655	0.373333338346419	0.498166995208728	1	0.563017316017316	0.999636062978266
PF00562.31	5.50206134707446	5.57935162823444	5.44372306966543	-0.157039579659529	0.514501994424366	-0.280682368943551	0.364423722934262	0.504804460307822	1	0.564363636363636	0.999945937319209
PF04560.23	5.49230261704854	5.57982107089728	5.42082294905286	-0.175842885661218	0.547261809678258	-0.314348123233309	0.367088612884815	0.460905917611546	1	0.523311688311688	0.999704861567241
PF05649.16	1.96077908853415	2.57246576219418	0.552605756581495	-2.02884373535329	2.39265097342584	-0.772478461262531	0.137333361677552	0.0752418596477546	0.998652378625467	0.0652640692640693	0.931522470666792
PF01431.24	1.97539058772099	2.55702050806825	0.616394088110503	-1.96727029708249	2.28928764760342	-0.730695433451522	0.138574311808054	0.0739295761264369	0.999207754343438	0.0637835497835498	0.929336167991421
PF01943.20	1.25430843287455	1.1388766453927	1.36156441274526	0.283033465684388	2.01851880396378	0.120015682606599	0.428000002723133	0.585027673748369	1	0.622073593073593	0.986975454958878
PF14667.9	1.18016965385761	1.29944190475432	1.08601454187566	-0.0748073247827143	2.07712317919863	-0.0295333718180874	0.481333334025656	0.753636267853171	1	0.777398268398268	0.993199890750717
PF01368.23	3.65244592875409	3.83316986204726	3.40426873533751	-0.333454791718757	1.06092284695474	-0.288362603596258	0.365756167909403	0.483818202187621	1	0.508467532467533	0.999676948051948
PF02833.17	1.53060915572178	2.13591702539948	1.07977343125556	-0.868720280173279	2.35679674633067	-0.298779088377763	0.335333340174044	0.45643293512517	1	0.432350649350649	0.998142739580371
PF01595.23	2.7244429813279	2.7005923153186	2.75077319676051	0.0399568291035504	1.43661641592157	0.0245830509396485	0.488000000444701	0.783600152039486	1	0.76495670995671	0.999227867422526
PF00571.31	5.57636897245323	5.95339119696583	5.2966755695167	-0.699567038148555	0.551892372730209	-1.22385865650077	0.0700000611592504	0.0185203412160418	0.974840317192733	0.0233809523809524	0.850009356984975
PF03471.20	2.73939281379725	2.72155081049178	2.75522499163442	-0.0371550028735497	1.36489105964542	-0.0243810053440551	0.48733333380277	0.812368291652358	1	0.804311688311688	0.998070383401714
PF17760.4	2.15852283249823	1.82000801539549	2.45555407484677	0.592822009111477	1.52226511801239	0.372123303482583	0.346666672935199	0.451118684330178	1	0.415948051948052	0.95833815782756
PF17755.4	2.18296714841903	1.85669709145633	2.4558630540668	0.521616812889767	1.51627461706074	0.322371661234467	0.353764163143399	0.462488377090953	1	0.425333333333333	0.955279430897049
PF04263.19	-0.301860919391141	-0.285545599587315	-0.323630902445301	-0.161013546174861	3.1012179244809	-0.044417257421483	0.478347768956934	0.758996593590839	0.999850003672859	0.7634329004329	0.993096733395801
PF04265.17	-0.335913632680858	-0.362513914893786	-0.311713761891155	0.0267914552950455	3.14106069651802	0.00798196797247127	0.495669553791098	0.782259140481603	0.999927357977651	0.758744588744589	0.990642304690502
PF00582.29	1.02329141284353	1.57959191118946	0.583365501312171	-1.0517922897285	2.30959090975361	-0.33663028222386	0.309127256765295	0.510804977789508	0.999641825205008	0.397878787878788	0.99677664898827
PF19300.2	1.7507388066537	1.96750463942639	1.49142572828806	-0.596325582774065	1.83309160380652	-0.256234273021562	0.362000005532558	0.416659046814281	1	0.518437229437229	0.997803590486805
PF08352.15	4.12321075693911	4.26442657162032	3.91833119433982	-0.313344119954128	0.836607558675104	-0.368942145342877	0.336442378526689	0.441073497026158	1	0.469220779220779	0.998387750025452
PF01134.25	1.49435380585096	1.91728760949442	0.774992682126292	-1.06127828320152	2.16375311926021	-0.428801322720009	0.283810802639802	0.266302600702479	1	0.327316017316017	0.993825749563252
PF13932.9	1.38112061613864	1.7401787486433	0.675634266633165	-0.953206428841197	2.11067372328285	-0.40181345784683	0.32111926141832	0.314830078693254	1	0.392	0.996333758580207
PF01406.22	2.47315879364908	2.5869546132048	2.35887926790874	-0.233051752722434	1.3203538618841	-0.150850169493592	0.428381081984987	0.644230767774274	1	0.651142857142857	0.998057474273446
PF09190.14	2.35982576943916	2.51473321195965	2.18639406336758	-0.340025615319248	1.42986150397553	-0.224945954517722	0.403064627309717	0.562779092196714	1	0.60021645021645	0.99917233044733
PF01138.24	4.79470628291496	4.96986744458463	4.47071285146926	-0.495758394036375	0.880919799384698	-0.539130762279735	0.267155240844119	0.23987245056208	1	0.270082251082251	0.999869097029627
PF03725.18	4.33015419567674	4.59710080832706	3.94342527891371	-0.649448410815448	0.965351935914171	-0.632137818904162	0.232511672754783	0.164551375860194	1	0.193073593073593	0.995161739908845
PF03726.17	3.61498760214245	3.84350891318243	3.28667481373813	-0.560372494912791	0.988935096853351	-0.50860832059735	0.276482355435458	0.253225413908186	1	0.299402597402597	0.995266298207814
PF00013.32	6.05059018776925	6.08004434248849	6.01547063313304	-0.0435491093870883	0.58357459728809	-0.0696843224616778	0.467688209061577	0.855358543755088	1	0.814679653679654	0.998773345534321
PF00575.26	7.77774791604803	7.67658944172418	7.88608889786682	0.155092878994841	0.553827465421958	0.273215498221321	0.37641572771996	0.561560512887467	1	0.475112554112554	0.99887305615767
PF00009.30	8.89764250359225	8.94977073793478	8.74580006335414	-0.179458232054444	0.339036188340489	-0.463163252781945	0.334666673541859	0.32229511639484	1	0.408333333333333	1
PF03144.28	8.76685010615634	8.80945684411177	8.66934544597794	-0.11814437893131	0.343289929665297	-0.292747569517466	0.393737512444108	0.602703381030268	1	0.631047619047619	1
PF03143.20	8.07239997005141	8.13180030979316	7.83805362021143	-0.267397384962988	0.341728332373555	-0.683857251535046	0.270000010804815	0.159281615162781	1	0.234385281385281	0.999953358469488
PF00133.25	5.02169836614231	5.17860007964452	4.96152886807621	-0.269007777247496	0.687559266604909	-0.371136686697773	0.360426388010507	0.42977018602041	1	0.530926406926407	0.999730117501546
PF08264.16	5.07728501983429	5.28215885839429	5.01983016554298	-0.241880332489166	0.734634102032889	-0.328119571901213	0.381745507631124	0.512914948065967	1	0.581839826839827	0.999859117490696
PF06827.17	0.673074327440868	1.38911793588217	-0.378101134835186	-1.7313674808813	2.76058846260739	-0.535837731038714	0.237841452413626	0.189369820174863	0.9999151575111	0.222441558441558	0.987995729684075
PF00091.28	3.57306135017098	3.8663618267453	3.07173484551467	-0.812912557746709	1.12377273855261	-0.676401015800592	0.217854778802425	0.124162105432204	1	0.169757575757576	0.985986414771132
PF12327.11	3.56947723487291	3.8607506065172	3.05831621194603	-0.835963847064687	1.09841341152029	-0.66924000146531	0.212000015962704	0.116914634504046	1	0.159419913419913	0.98968190323836
PF00126.30	2.0225458371363	1.7995896563888	2.2432627144609	0.422885362792258	1.73305518974587	0.191930361902413	0.379080617675076	0.719793589709713	0.99987502625647	0.502329004329004	0.978684975723765
PF03466.23	1.99273245150797	1.65055282797878	2.26469700954204	0.582462312959857	1.83274473166957	0.230252498946145	0.357095275576019	0.662649340327597	0.999895469868435	0.445376623376623	0.975464073736406
PF04055.24	5.61727921754161	5.44127436593634	5.75264646033013	0.336817879945071	0.573285233142649	0.565384096967462	0.256000011861867	0.206304595008609	0.998658966096473	0.19965367965368	0.873071456570073
PF13394.9	1.68717295536382	1.94407936319914	1.46181798901417	-0.541763767590941	1.49769445509251	-0.304006885344369	0.349333339470879	0.497259997413552	1	0.509151515151515	0.996278837078668
PF01029.21	1.83489795730355	2.01771874441713	1.68939201764621	-0.316861464493834	1.84786510775578	-0.131452281312845	0.415056632149291	0.584403167944195	1	0.63191341991342	0.999828530084148
PF01189.20	1.6190675577227	1.49628132724113	1.7317877923295	0.133740515993805	2.07171534304189	0.0528566034432306	0.466355764074866	0.789145247043946	1	0.698264069264069	0.99535343839671
PF04226.16	0.445810033084075	1.80175047047331	-0.956296465935662	-2.36589846899751	3.39688198699798	-0.628099256232907	0.203333350290745	0.193679570245815	0.997696225438356	0.146095238095238	0.980639829532343
PF00551.22	2.84321058802468	2.96144033521256	2.71607612346027	-0.336851840265735	1.40909766271878	-0.193897775413012	0.391738844974114	0.459953831286446	1	0.605415584415584	0.999361593645165
PF02911.21	1.7490382185613	1.66085438574775	1.82424798589246	0.151608934782211	1.73608261317421	0.0751357286742319	0.452666668435606	0.719242604217481	0.999574974183257	0.689575757575758	0.991330212977288
PF06983.16	-1.54595358403426	-2.1215749927529	-1.02380341330281	0.970818624325486	3.88086891059639	0.221128019614192	0.382411730120278	0.547028548153951	0.997957754869987	0.502073593073593	0.931604226571366
PF12072.11	5.66130615530485	5.6022347528207	5.76033498214363	0.135555889879617	0.673640172524582	0.18028402537241	0.431712194445903	0.683877736046325	1	0.656926406926407	0.997117697870481
PF01182.23	4.2246980914853	4.16928419339932	4.41598786119088	0.122608793316325	1.42075881845317	0.0916208413103116	0.456362426676409	0.784835576544445	1	0.727519480519481	1
PF00712.22	1.65554709640425	2.17741679745411	1.20501972972143	-1.0404993402524	2.04981502030207	-0.409492472643234	0.289333342819867	0.320351189154564	0.999866178654351	0.322367965367965	0.996317393310899
PF02767.19	1.61341411742824	2.23722946299522	1.01842733637257	-1.25971244335995	2.08497693135071	-0.494765773115619	0.25666667847598	0.259779660671543	0.997545718294153	0.248922077922078	0.992729341986574
PF02768.18	1.59156211764025	2.21013635838052	0.964520475376577	-1.22240789799297	2.17675897366589	-0.470354649425259	0.263824128499574	0.26137738107943	0.999945709498668	0.260792207792208	0.994460158001116
PF01116.23	6.00294799190262	6.00821808603847	5.99633269853233	-0.0252703185711471	0.611031481786648	-0.0358206155911071	0.479680213944031	0.776046976408259	1	0.845454545454545	0.999778570245783
PF03129.23	4.78958583342374	4.88795419334577	4.67854875310316	-0.168941138988093	0.723990090953216	-0.20123103030763	0.40066667049685	0.570886216677441	1	0.621978354978355	0.999972035311709
PF03477.19	4.28489756387845	4.2020272972913	4.37311170141122	0.156087579854914	0.640062813042734	0.219453002243541	0.394000004110675	0.57505598825994	0.999404695742767	0.515320346320346	0.967659398820125
PF14681.9	1.26905810321588	1.2717764289936	1.26840977568698	0.0792691365706739	2.65995629686396	0.0190783626018437	0.485676216386335	0.781127559285765	1	0.768095238095238	0.998337341085896
PF01053.23	1.59444452244477	1.38541469692024	1.81047602335197	0.382170545825044	2.34101544723567	0.129756214504215	0.42266666960106	0.765238248135642	0.999655565984657	0.599337662337662	0.992797258989702
PF02646.19	-1.80811280021336	-1.51116647119438	-2.01900963186242	-0.502874435846064	4.42078990519841	-0.098588899637404	0.43970686435495	0.651851170352146	0.999084311199898	0.674320346320346	0.995114691618957
PF16745.8	0.480405956303815	0.743938527759684	0.092762699958933	-0.52154261829308	3.01278209474915	-0.149120690961087	0.410393074710145	0.593521197848207	1	0.650445887445887	0.998739995904996
PF03193.19	0.478272742439281	0.756387357200857	0.0523285261217836	-0.556640609352923	2.97837479096871	-0.147138404888244	0.416389077132241	0.607598153822907	0.999903062070637	0.651532467532468	0.999476929574491
PF01588.23	3.84183381984936	4.01568643355137	3.67660504851265	-0.382670728680385	0.800450827957417	-0.453225758512028	0.287333342949525	0.270265028945394	1	0.358025974025974	0.989384236080111
PF03483.20	2.0232863409097	1.93713015854273	2.10634226051419	0.133842487509577	1.64594415115208	0.0711934137042368	0.468354431554951	0.782224661152131	1	0.69782683982684	0.990766056500033
PF03484.18	1.98977682734998	1.90823529992418	2.0773220997837	0.100128521142205	1.58021945949694	0.0599122580665007	0.466666667906746	0.785416693965245	1	0.703969696969697	0.989740479831802
PF17759.4	2.01672009364414	1.93855311011366	2.08976597395093	0.108759025659733	1.58923775917578	0.0581929381202443	0.466355764074866	0.772129727349516	0.99984078944132	0.709887445887446	0.988560044819729
PF03147.17	2.01106732710635	1.92812832070292	2.0964025826948	0.110203597184161	1.5940937633357	0.0646997320841186	0.468354431554951	0.761959245265272	1	0.702277056277056	0.992173179453917
PF02912.21	1.01989472745092	1.24051650914715	0.66456666220126	-0.596304714153894	2.47832649163586	-0.194089334797722	0.384410397588074	0.464142608516795	1	0.581012987012987	0.999158559747131
PF01409.23	1.03667445474816	1.23347068293632	0.7701696448364	-0.564708791961771	2.46515333213305	-0.194475624515965	0.397734847385403	0.501103486097966	1	0.62317316017316	0.997859697645863
PF02421.21	1.55893368798941	1.36590262780342	1.74576027597225	0.43489071327001	2.01445501361971	0.178491548546126	0.397068624895069	0.534173038387068	1	0.561285714285714	0.97955682480184
PF17910.4	1.45403229325671	1.21868856446649	1.69680798879116	0.564117014037196	1.99385338721728	0.231781021778208	0.367333338619035	0.468623883431717	1	0.474034632034632	0.971138528131248
PF07670.17	2.5104577169285	2.29020766618966	2.74118313805587	0.506628769714809	1.78814643629222	0.20538834113999	0.365756167909403	0.403957491873238	1	0.447978354978355	0.973712969672382
PF07664.15	1.53735466064765	1.37247154654321	1.69757643157854	0.350826981861193	1.99868658348317	0.154000598637472	0.419720189590245	0.564262722708035	1	0.594948051948052	0.980784400637002
PF00704.31	1.7182174465825	1.98048828592718	1.4921077586677	-0.483523581566948	1.86360369773949	-0.237238995575775	0.392000004195757	0.598502785718143	1	0.598380952380952	0.999746013340401
PF03067.18	-1.82650268037779	-2.15000123718624	-1.46250238341914	0.718033684280382	4.28280866447851	0.140567827685671	0.425333336161842	0.623357370023874	0.999135685669616	0.581051948051948	0.96630194089872
PF01872.20	0.994831252572912	1.55016077387243	0.221724968776676	-1.31426788597624	2.33961939835744	-0.49565413748555	0.250000012345675	0.227956973325955	0.998597411468388	0.270454545454545	0.987605039440972
PF01336.28	4.68337912919549	4.6962269779832	4.65815948026648	-0.0230870943549837	0.939878275440453	-0.0243443078683148	0.489673551348137	0.77373459966518	1	0.82621645021645	0.999056176381758
PF00152.23	4.55688287008874	4.58445747287837	4.50419439102211	-0.0495703762284796	0.951578246812538	-0.0397990494888763	0.476349101476354	0.710304434551669	1	0.824606060606061	0.999313388285991
PF02938.17	2.87596187550301	3.00753957121905	2.77939998447873	-0.131842439195582	1.64415153288413	-0.0719076000771663	0.460666668132528	0.796873678580145	1	0.750597402597403	0.999363184998256
PF13393.9	2.05075782605913	2.14731773691164	1.9516397728591	-0.168335543240055	1.43659215647284	-0.100342609739263	0.444370421803586	0.707387305790022	1	0.704497835497836	0.998701724861644
PF13413.9	-0.610018147203685	-0.364696633224138	-1.07681907362485	-0.469636553900953	3.73206382196738	-0.108613722436414	0.442371754325456	0.647121142619778	0.998979188179892	0.694709956709957	0.997320764651862
PF00675.23	3.3588744254381	3.46702381988862	3.20637683239228	-0.235667901384911	0.978984801820824	-0.216154472752728	0.400399737347201	0.612393244014361	1	0.620619047619048	0.999656613174827
PF05193.24	3.87084166406231	4.10298135766636	3.50752814432975	-0.536467340379879	1.01989586026185	-0.484076615568725	0.28914058243768	0.297973040914926	1	0.336735930735931	0.998528871256495
PF03780.16	2.3654277433525	1.86398974685595	2.80926998305502	1.01036479374235	1.56294743291147	0.521570668747446	0.214000015743663	0.182660704563366	0.997704296402825	0.148112554112554	0.776453644889707
PF16363.8	4.29110493866934	4.06550515142912	4.57396282409504	0.453726012556823	0.944234343878168	0.393217948190788	0.30200000869719	0.531142293517471	0.999637136781582	0.28721645021645	0.947494922090391
PF10509.12	2.92775653007473	3.08161435585766	2.78445533243619	-0.349014787058627	1.32905107002971	-0.231062945617084	0.390666670919393	0.515741952940918	1	0.591190476190476	0.997882069683072
PF00288.29	3.30098311853231	3.64946422127466	3.04096775233841	-0.631050175955582	1.24397171260903	-0.482019944903874	0.289333342819867	0.278005953656838	1	0.343489177489178	0.996406035221145
PF08544.16	3.11710554056666	3.29906930663743	2.97124627817162	-0.365357619177809	1.29280669404107	-0.248738819477212	0.383077952609488	0.517162702142769	1	0.573285714285714	0.998785132745283
PF01136.22	2.05415902167364	1.77677137316257	2.34265442252677	0.624376056032888	1.4491060547373	0.408728286829292	0.329780153690359	0.351900307858723	0.999340617575024	0.353103896103896	0.917675863316511
PF16325.8	0.846476641713332	0.329649399958003	1.25941300762237	0.983181743305916	2.15390371464337	0.37204743393	0.311125924204762	0.315904338869105	0.999660960411429	0.325181818181818	0.908586524433741
PF00687.24	4.64711282696166	4.65515975403869	4.64362340790005	0.0162978703043688	0.723828297540301	0.0200615474106416	0.491333333654417	0.814330456474717	1	0.766904761904762	0.996452841059366
PF01765.22	3.08106557844953	3.49504112597761	2.62885284610768	-0.863751783024219	0.954317678551912	-0.837023033650515	0.181333353209282	0.110829053927196	0.988515815127247	0.128376623376623	0.953449060277168
PF00871.20	3.49233408297782	3.58318187693539	3.37737495508673	-0.21125002986824	0.968162764804686	-0.188283530420294	0.40866667016615	0.576409264323872	1	0.657800865800866	0.998676236272095
PF14492.9	7.51559438752204	7.54518549713057	7.49903903046706	-0.00844566707504235	0.439029289754837	-0.0194342402373691	0.494000000222254	0.848868121863773	1	0.872207792207792	1
PF00679.27	7.58051099793393	7.60559079331326	7.55492602084034	-0.0107556398988824	0.424251762793868	-0.0221593777328313	0.487008661373583	0.850249181758824	1	0.861160173160173	1
PF04397.18	3.18746422855534	3.11847078696741	3.24106837330284	0.139539773469887	1.17470154438422	0.107798317793157	0.458666668208064	0.686056042518049	1	0.691541125541126	0.995537052211922
PF00480.23	3.59342446831654	4.14718991711476	3.03387474912839	-1.15989697979397	1.01860428329085	-1.06482042908894	0.0959360857172495	0.0456141450231852	0.993016552718771	0.0368701298701299	0.895973473902992
PF00817.23	0.750057636503848	1.00158119940577	0.517956470545889	-0.506851147769874	2.03428396273122	-0.230285095475438	0.392405067464063	0.556029051353036	1	0.609419913419913	0.997246873856485
PF11799.11	0.650985916814761	0.708376784835452	0.593705301484651	-0.138651600256642	2.29020883117099	-0.0451213297430759	0.475682878982846	0.788050266407253	1	0.770554112554113	0.994082412738962
PF02729.24	2.70740052784692	2.95661052944806	2.42636570844236	-0.588177362789114	1.14790573563883	-0.47673814951336	0.269153908253317	0.28007576405648	0.999110330118288	0.345935064935065	0.985266759807899
PF00185.27	2.6956473467763	2.93889442003915	2.44470030434678	-0.579491713634278	1.13723873090733	-0.439362840495217	0.276666676999855	0.269661985277438	0.999290704340934	0.339995670995671	0.989119581495881
PF01316.24	-0.018679486566036	-0.0254205420923173	-0.0154403249665878	0.0254918261243056	2.94895807007083	0.00918706511469646	0.493670886310086	0.773566268376168	1	0.751225108225108	0.992091094977325
PF02863.21	-0.0344151545550009	-0.0806725192514692	0.00966261665493828	0.056738009467864	2.90297980646403	0.0181389668083761	0.488666667086636	0.741014637008234	1	0.726134199134199	0.992584097776438
PF01225.28	2.40755949247257	2.83283678888941	1.77885576853645	-0.973967079153103	1.86302540612804	-0.417443305754909	0.264666677863006	0.28046770987002	1	0.266528138528139	0.996825014441323
PF02875.24	3.30631613496387	3.6712310336348	2.9392059825048	-0.733170367006673	1.14408182232186	-0.566221184806502	0.231845450298827	0.198955730244455	0.999959802093663	0.219978354978355	0.982640813915998
PF04321.20	1.61190628874391	1.37173887058965	1.85860073702141	0.475815181583929	1.82347531357398	0.191606379271083	0.379746840164002	0.49509469321529	1	0.493952380952381	0.964940616630919
PF00230.23	1.28854681374819	0.638433691961874	1.99344349695903	1.38069735418909	3.19210468691606	0.359920421567015	0.307333341713425	0.381362445957865	1	0.271601731601732	0.952450578626423
PF18073.4	0.585862226610582	0.449327028737542	0.833668942419521	0.392486048086042	2.94673222746666	0.0942109208251537	0.438374419369845	0.731909669522035	1	0.641982683982684	0.988945392172765
PF13481.9	0.922105998706826	0.791149986915785	1.1284286687103	0.397412490785579	2.78525007465822	0.115859772726396	0.435709529399944	0.690426733159482	1	0.643047619047619	0.991408909701331
PF13541.9	0.900674342560639	0.7177537601951	1.21291171935001	0.555780831954969	2.88422265306642	0.144110115270016	0.408394407236809	0.744945023162668	1	0.600233766233766	0.987845189818777
PF01196.22	4.37310234482217	4.31054415610209	4.4803387585468	0.153230902736611	0.758939278654738	0.186618422760843	0.415722854640748	0.735188204557069	1	0.625103896103896	0.994065244015459
PF01193.27	5.21843655316581	5.30973854074378	5.13705803513654	-0.11253746790091	0.65754856063526	-0.161953340881111	0.430000002644423	0.684380788490697	1	0.70221645021645	1
PF01000.29	5.21876450733425	5.31123879003063	5.13247480942942	-0.121870496185413	0.648815338441582	-0.190163715377767	0.425333336161842	0.692916507767524	1	0.710285714285714	1
PF03118.18	5.21248862222812	5.3142231119584	5.13792121212052	-0.122607080181212	0.651102986625376	-0.166875979486898	0.434666669128451	0.697629539866712	1	0.700242424242424	1
PF00411.22	4.05662566446011	4.21874187060083	3.77339659546975	-0.465861677136878	0.772496251787568	-0.549551420764549	0.267155240844119	0.200639618200935	0.999980587157074	0.266242424242424	0.98447054669104
PF01176.22	1.29174117504873	1.63686447529235	0.805928353323755	-0.920332909303728	2.03410585196949	-0.366029964958228	0.29780147463059	0.286584700663726	1	0.365683982683983	0.99404312860927
PF13276.9	2.11944710504911	2.15532869493296	2.08070714202233	-0.0126820106560288	1.65031437299897	-0.00598992780813066	0.495669553791098	0.809195659614457	1	0.790761904761905	0.998381067374897
PF00406.25	2.64660878248139	2.87482733362083	2.18519677356298	-0.875758032863416	1.83807501906518	-0.38840948242018	0.277148577907692	0.193718514015007	1	0.308025974025974	0.992494589384059
PF05191.17	2.32002649944455	2.56035480329085	1.84045292654462	-0.856214448142289	1.93346210250756	-0.339943508233749	0.309793479244992	0.246168653930319	1	0.370852813852814	0.999493962886954
PF00828.22	4.16448340753086	4.21080864891238	4.11561044402695	-0.0698822155564871	0.734328626584092	-0.0795411268287486	0.460000001491024	0.790761805807218	1	0.738376623376623	0.997025958508334
PF00347.26	5.86841784151578	5.79034711106706	5.9005800111383	0.104274097305845	0.757875957014157	0.131433232323543	0.448666668588154	0.704540389855715	1	0.68648051948052	0.999881377774441
PF06480.18	2.66379135546521	2.8043796028527	2.49728689979399	-0.290413621448124	1.21941492596036	-0.203402477064901	0.394000004110675	0.512019894348284	1	0.579186147186147	0.998708787181608
PF17862.4	3.83448176820049	3.97335641920796	3.61733816012516	-0.371750091011528	0.905597474084304	-0.34943202887106	0.336442378526689	0.351218151262262	1	0.442329004329004	0.998687002800268
PF01434.21	3.96786262654378	4.0503187452262	3.85007723445778	-0.200243406954913	0.870848523454818	-0.187179194875688	0.390666670919393	0.467026885770039	1	0.599818181818182	0.998535618477508
PF07650.20	4.86393146052159	4.90037209318254	4.83494811676479	-0.110257423600022	0.652768427416387	-0.13096023912655	0.434666669128451	0.594142454281948	1	0.680471861471861	0.999578447480687
PF00189.23	4.64261224850203	4.67370675378711	4.60461970701991	-0.0914890646587798	0.759887419312032	-0.105923137957314	0.440666668895584	0.650422972461726	1	0.721385281385281	0.999778520251162
PF00237.22	3.96261570509384	3.91038540820848	4.0626309304119	0.0936655908588104	0.95322478200209	0.0785735109603626	0.459333334849536	0.823271044534956	1	0.702904761904762	0.995052143838428
PF00573.25	4.36408984605591	4.39201073036158	4.30478457575648	-0.100290862443127	0.805567400704161	-0.110717053659759	0.446000002023603	0.669298713162327	1	0.746393939393939	0.999275673695236
PF14821.9	1.35537846134375	1.49450018769946	1.21851744199941	-0.36654024636745	2.22775956471811	-0.113323880469246	0.430379749461449	0.538475022576354	1	0.669883116883117	0.999270541224536
PF00291.28	3.13593527186322	3.52579129689855	2.68839892890284	-0.895842376690622	1.17347460023572	-0.616096939082443	0.158560983024598	0.1513318434997	1	0.10434632034632	0.956014881027247
PF04239.15	-1.82633382412079	-1.5092881716178	-2.17963130727228	-0.61567691906198	4.31270216833672	-0.123959885910451	0.433710861922799	0.666906406963544	0.998781022711169	0.675865800865801	0.997804608377132
PF01243.23	-0.795016796775549	-0.679554233749077	-0.998870849078926	-0.106086773397632	3.83516589428572	-0.0258836694723668	0.487008661373583	0.718289454201152	1	0.768995670995671	0.992365964779628
PF14480.9	1.79799961672291	1.3851654130217	2.34395220477032	0.875419544342316	1.83967917411765	0.416331169172517	0.308666674968797	0.401574345961579	0.999646352927423	0.306017316017316	0.9268051129063
PF11490.11	0.70378331377962	0.475003148600782	0.927937096330076	0.380466232447112	2.33510610528623	0.130489676541942	0.429333336003963	0.623295578642047	0.999015611286496	0.586038961038961	0.967001407467459
PF02811.22	3.880751533593	3.77035855800027	4.03789648369612	0.285803730566165	0.82163073591601	0.307792252911689	0.356000005815711	0.521332480463359	0.999826146034757	0.45948051948052	0.953230973047989
PF00929.27	2.78257644313566	2.44263163951169	3.19615125422104	0.761025003465806	1.7308029443835	0.415210466940395	0.277333343620393	0.306497578473066	0.99972956823948	0.238082251082251	0.889341365604523
PF07733.15	3.79250574960316	3.52647048317073	4.13508027916968	0.611916540236553	1.09871504433729	0.516928910957561	0.267155240844119	0.243113071960091	0.997481200078522	0.21795670995671	0.895690161140508
PF17657.4	3.35825538442816	3.20334345908729	3.56307543223708	0.370351595382778	1.0011255236385	0.338313695774611	0.351333339373498	0.472162439684577	0.999938522586085	0.42104329004329	0.957255375051841
PF14579.9	3.34044642635681	3.20627344181493	3.53460711072386	0.368263348260261	1.03120559711862	0.322560925145063	0.344437048342602	0.467147251491745	0.99978434197909	0.426112554112554	0.953514253796743
PF02852.25	3.2127290355494	3.11958837132668	3.3526351971775	0.152880336870177	0.949325227496549	0.143209941529663	0.432378416938174	0.742782777270567	1	0.610493506493507	0.981780050585456
PF04073.18	0.867436106245225	0.991367426849632	0.7612086654807	-0.015479478349147	3.10216317484455	-0.00293124796416879	0.49866666671605	0.80305112448881	1	0.807731601731602	0.997893305685314
PF02163.25	3.43652533027906	3.35069720912445	3.55104680578588	0.150314003128278	1.19643292971743	0.0646269049647304	0.441705531832793	0.658727328571722	1	0.648220779220779	0.9950206076505
PF17820.4	2.43268647054535	2.108364454846	2.6722724748919	0.514236026605446	1.4610277565925	0.321996009758723	0.351765495684751	0.440613902459463	0.999951880557634	0.430831168831169	0.956481678013838
PF02739.19	2.38406269638337	2.56781608787677	2.20714581675168	-0.416935932782158	1.39501427252536	-0.258657549992524	0.365756167909403	0.450432080780433	0.9999151575111	0.538493506493506	0.995991686204988
PF01367.23	2.34398688515753	2.57787100005429	2.1353135972754	-0.505129154604565	1.33241734274835	-0.323942399246529	0.34533333966786	0.401729540942653	1	0.484735930735931	0.997257574579156
PF00476.23	2.38931820982289	2.54251910647878	2.23837477306702	-0.334298581625723	1.18375962038902	-0.255982033353631	0.38974017750457	0.552085698215488	0.999714898942474	0.593943722943723	0.996395053761665
PF01527.23	1.79739204505075	2.11624944009805	1.345875133163	-0.760870001290809	1.93743541122233	-0.340464935471182	0.32711526375861	0.341627562257555	1	0.427948051948052	0.998258321342772
PF00889.22	4.40844709126673	4.49031242922063	4.31183697302632	-0.143767473123195	0.951553773152628	-0.130645776550147	0.432000002565979	0.620455034737515	1	0.723692640692641	0.999717563878514
PF00318.23	4.40448400004168	4.21914393027338	4.53125777616463	0.273654389760018	0.753704497667258	0.340217169084268	0.350666672739211	0.414841944787877	1	0.420051948051948	0.958865973426298
PF00465.22	4.2563245885017	4.35564838213736	4.1108606935467	-0.287251962699829	0.876617359172158	-0.317359596781559	0.367088612884815	0.473660342330046	1	0.540982683982684	0.999639551783956
PF13180.9	3.18327603099348	3.18645090055671	3.18009985468326	-0.129707136773851	1.2666815285018	-0.0618699204051055	0.453697536704118	0.515245632069983	1	0.757225108225108	0.999389526737353
PF05362.16	2.7467069685745	2.89483275900607	2.56288659869616	-0.366271360994198	1.31647124108899	-0.226823946824961	0.382000004628139	0.490934295956092	1	0.577034632034632	0.999791695550934
PF00342.22	4.3397506529761	4.31580802929764	4.37854164582123	0.0473973990987018	0.715160261880627	0.0614375589610104	0.471685544022008	0.80599124219526	1	0.730424242424243	0.994123684582251
PF10458.12	2.74016401257807	2.89265945290317	2.59139076151319	-0.296090235519769	1.05420751694319	-0.247305361848674	0.386409065056362	0.557980284928887	1	0.588281385281385	0.996895119176798
PF01938.23	1.79563252615473	2.05577720266635	1.51864326818947	-0.61349764201157	1.54416868327269	-0.309283287188057	0.327781486241393	0.347985676950547	1	0.436757575757576	0.995731345755982
PF05958.14	1.99998992196997	1.92490853603999	2.10414530961581	0.209801116522013	1.37756224821025	0.127136264463816	0.436666669050594	0.631481619301575	0.999925662640543	0.620727272727273	0.974697985563705
PF01418.20	2.47663975788992	2.19489794996833	2.74391183275235	0.543368012236503	1.16113020835711	0.434210048874879	0.304666675204241	0.340939798741686	0.997193333763617	0.319675324675325	0.894307580353926
PF01380.25	4.54270710856378	4.40843873048466	4.71367759064045	0.294589448521958	0.582639754097028	0.46619700610694	0.301333342070768	0.352986745828225	0.996996244715789	0.320298701298701	0.90288175841687
PF02673.21	-0.100470776809758	-0.097695932753755	-0.102810398607986	-0.00213945579461061	3.63174948238698	-0.000254593249374705	0.49966688875316	0.785898654244772	1	0.784476190476191	0.997687244314207
PF13177.9	3.06571187666522	2.95124236460793	3.2013249003639	0.205486487206207	1.34062507872294	0.124311400386063	0.428381081984987	0.80098000089742	1	0.629658008658009	0.990214120778243
PF03951.22	2.16631294821768	2.03091052849146	2.32398417844303	0.356020428353237	1.70136900219574	0.156852344008594	0.403730849800456	0.508301517786274	1	0.560441558441559	0.980073546294866
PF00120.27	3.20925158605386	3.32260174501881	3.10005734130083	-0.260730969201635	1.20734085162214	-0.19436475979067	0.410000003444949	0.636103800214148	1	0.652753246753247	0.999558377896613
PF01330.24	-0.923195457083748	-0.639320046876591	-1.11317833141574	-0.370848834980349	4.01148528141066	-0.0819948445947226	0.455696204183309	0.730020903690817	1	0.724623376623377	0.998276559381304
PF14520.9	2.83449043954531	2.37668252286241	3.28700279167653	0.963212207467649	1.09795186253139	0.810605303491715	0.156562315854896	0.0977120767743011	0.988282720570244	0.0845367965367965	0.638451707718899
PF07499.16	-0.913545555135119	-0.884724224313452	-0.938448464964975	0.0156022418921609	3.83098122511029	0.00239007724182313	0.498334443765803	0.762959091129633	0.99984807688442	0.759774891774892	0.989415418292403
PF01624.23	3.50023669418914	4.47246020324463	2.29999658788989	-2.09061048505095	1.58413785148697	-1.29185477684717	0.0726183131793591	0.0125949735880315	0.989736865076711	0.0184372294372294	0.894567937144544
PF05188.20	1.43433314172826	1.84970088074987	1.12388961263467	-0.463688509701419	2.61132718219727	-0.129834030881328	0.410666670084409	0.775147885850867	1	0.667359307359307	0.999996289424861
PF05192.21	1.43344779683441	1.89487269112092	1.13635526652619	-0.505799884473001	2.69178370204535	-0.153529683564866	0.40066667049685	0.791546664019878	1	0.643632034632035	0.999845674486804
PF05190.21	1.49548472318294	1.90967516905328	1.21536871486552	-0.496108891145317	2.61672456664711	-0.150630645330351	0.403730849800456	0.794329952606561	1	0.635640692640693	0.999996289424861
PF00488.24	2.96501283317676	3.03562736883102	2.89720463698925	-0.0747532194388718	1.43882629146044	-0.0468424289395204	0.477681546463399	0.802717735421027	1	0.82369696969697	0.99974043529419
PF03446.18	-0.112601901569977	0.697328741130266	-1.43626162045286	-1.87185521101629	3.48240927427539	-0.466168853507201	0.282666676591126	0.285630267129733	0.998801670020831	0.292073593073593	0.991537532384029
PF14833.9	-0.852443975551087	-0.281705958045414	-1.49014143412244	-0.957321124997835	4.27875823082755	-0.182776852591116	0.400399737347201	0.57673549388957	1	0.604034632034632	0.999879947938771
PF01925.22	-1.28888508850914	-1.09347906431334	-1.51646192975255	-0.314655634394565	3.94203546480521	-0.0709144349771614	0.463024651608331	0.700727588855651	1	0.71774025974026	0.995249087356861
PF00226.34	2.75304582236356	2.87813928575124	2.53774296817349	-0.21288888950508	1.48902641774173	-0.131006867463416	0.440666668895584	0.724644489105782	1	0.738961038961039	0.999900103326029
PF01556.21	2.4315116676005	2.67090516386689	1.99426880983277	-0.557380333752951	1.65378621566778	-0.288673221020265	0.375333338256687	0.505775833160522	1	0.543212121212121	1
PF00684.22	2.39797673336091	2.58039761818467	2.02429368819972	-0.498070158315233	1.65603384155514	-0.268011794644028	0.389333337643233	0.558991391207477	1	0.599402597402597	0.999854577521244
PF13537.9	2.8180606215551	3.10452650565076	2.29311970027243	-0.923470013276448	2.02020969083105	-0.374634215113205	0.299333342192336	0.246772887240876	1	0.315155844155844	1
PF00733.24	1.37018948813616	0.915770814843318	2.07659433896701	1.32700287930408	2.49929915987726	0.438414029176863	0.26866667756814	0.247902497542608	0.997991219893866	0.2255670995671	0.880536156863186
PF05257.19	1.29602961412975	1.79615387787248	0.585852496080903	-1.06377923987736	2.84197677312669	-0.292296702395961	0.340439713433031	0.481976951878983	1	0.439991341991342	0.999709188660802
PF13545.9	0.617737761451335	0.320557424557805	0.938095772845033	0.440778305032816	2.80549829790619	0.115347326871711	0.424000002881386	0.716766690245178	1	0.610666666666667	0.986612557817457
PF01869.23	2.85069691774618	2.6891449833331	3.0247948365062	0.0379010495731595	1.79121293730041	0.0200568310374178	0.489673551348137	0.656745538102181	1	0.791411255411255	0.999944105718843
PF09989.12	1.19680913260284	1.00275429594339	1.38308289217171	0.257036312635593	2.77944653096	0.0674723507754492	0.452365091718084	0.784912594340537	1	0.713220779220779	0.994420855601072
PF06050.16	4.01013283916208	4.01154427797563	4.00683537136466	-0.0473119010783094	1.15006651138312	-0.0378844684190647	0.48500999389272	0.78949811250809	1	0.852584415584416	1
PF00440.26	3.60261486947073	3.51692718490605	3.6861934191832	0.205815859489809	0.883116937553161	0.225754602424476	0.390666670919393	0.530505040148899	1	0.550134199134199	0.974794125563775
PF14278.9	0.148447576866558	1.08571449388373	-0.795321456521568	-1.68843897157634	3.31596645218437	-0.470593858378685	0.242666679631739	0.28743024720383	0.999219291009747	0.24982683982684	0.990773687955397
PF17191.7	1.34860417235346	1.75582752381166	0.954407681030632	-0.709719910152967	1.76047522162981	-0.381466961879406	0.31978681645501	0.421056851583087	0.998825210971721	0.433917748917749	0.993512261621216
PF19833.2	1.56030454954694	2.01394289457806	0.944634552487578	-1.10176545877983	1.50984917086068	-0.660138519565601	0.223333348102116	0.187390567920639	0.998159447773417	0.223709956709957	0.966475376975049
PF03764.21	7.55655260090728	7.59030886065146	7.5294772163061	-0.103348072677669	0.520254687083904	-0.190610706259538	0.416666669841269	0.604050946116762	1	0.705212121212121	1
PF06962.15	-1.80964276522289	-1.61823382797075	-1.96935614904154	-0.232691312345319	4.11216000642031	-0.0533511643484705	0.467688209061577	0.708194218035472	0.999935161605804	0.73491341991342	0.988582182073494
PF13167.9	2.13942421864638	2.25457057061876	1.98603105644065	-0.358448175603788	1.94496814764626	-0.140095159785581	0.411333336723907	0.456656323844115	1	0.645865800865801	0.999385224278081
PF16360.8	2.1457241403558	2.27167637337783	1.9789305355508	-0.368527453397057	1.94284720980913	-0.153391454023351	0.406000003609039	0.470318438529594	1	0.649047619047619	1
PF01467.29	2.43958460262797	1.75933908331402	2.73110945956261	0.823636036838407	2.12597400445168	0.362348247971185	0.32111926141832	0.387022257598753	1	0.356160173160173	0.953026327008675
PF13649.9	2.14391337841347	2.20620588851447	2.02266181539428	-0.304415425289616	2.33627698437767	-0.101598133255535	0.447701534267589	0.451634600051666	1	0.764597402597403	1
PF05636.14	-0.973573945908036	-1.68826213180428	-0.365381801334951	1.17674611043829	3.80919467107061	0.268626336054898	0.353097940657105	0.476725537224921	0.99944682110686	0.428727272727273	0.938396338212572
PF01709.23	2.41647079885392	2.35632471646178	2.49968464935836	0.121633938178575	1.21517889223535	0.0861924327332454	0.459027316648982	0.774992284894973	0.999131921539776	0.683333333333333	0.987997238780182
PF00162.22	6.05062471761351	5.89858661571235	6.20608317944207	0.228471989843533	0.748846963774782	0.271192190338098	0.386409065056362	0.518864972716698	1	0.477952380952381	0.997549548727913
PF02733.20	1.82112849229439	1.48718395738874	2.08081938106016	0.607212438736848	1.61515327085536	0.335744452579515	0.335776156042623	0.383636110938948	0.99965858608649	0.386510822510823	0.939367722120492
PF06874.14	2.76626606026078	2.33994946827985	3.03364664931364	0.790617441433262	2.06576056449553	0.313502060115042	0.294470362245698	0.222206831048984	1	0.271294372294372	0.932923352938551
PF01408.25	4.17278242070762	4.54114184308058	3.8984001634082	-0.543809568123636	1.00993021021405	-0.492433027111306	0.286000009703439	0.329449270687272	1	0.315103896103896	0.999594601644483
PF02894.20	3.48513512752768	3.75736820231109	3.21752628488673	-0.44160118515622	1.26578029432252	-0.312406902592033	0.353764163143399	0.471550288989716	1	0.495099567099567	1
PF02664.18	-0.134274198734729	-0.125120456898371	-0.146038019723886	-0.00979224285133284	3.15860515269171	-0.00250194354993039	0.496000000148157	0.761671902344215	1	0.766441558441558	0.99297701215139
PF00248.24	2.90497723831646	2.62652445913557	3.19909295335348	0.51949596610643	1.15214549566637	0.366980149356133	0.320000007659312	0.511775274949533	0.999680480074779	0.332900432900433	0.929420576744615
PF13597.9	4.15301620366676	4.02966882090485	4.26995963648089	0.227785785046361	0.627049409620542	0.328802566441699	0.344666673034318	0.467710674385843	0.996610086999323	0.416800865800866	0.921246480809379
PF13353.9	3.99938777178961	3.89089917693981	4.08455783736286	0.175312103507674	0.779176404847734	0.21441549126932	0.406666670248255	0.584166236030479	0.999779784971346	0.555034632034632	0.976907787795603
PF02361.19	-0.695520932814163	-1.21460198256756	-0.244855197395349	1.0001978352407	3.69539098713544	0.229162781504698	0.372418392789095	0.511790358897967	0.999383696939606	0.475891774891775	0.956139725849581
PF12705.10	2.05445518432767	2.13769224596223	1.92535791083746	-0.202985869101628	2.30226631950497	-0.0809043383116335	0.453697536704118	0.626448941890878	1	0.754844155844156	1
PF00163.22	4.79839496432281	4.6275006961525	5.00182933998428	0.33480139431095	0.669591000083411	0.449940952641837	0.304000008577276	0.356941044515519	0.997361016240862	0.284290043290043	0.93189073007899
PF09371.13	2.031388577589	1.94452674335888	2.10147578907063	0.0382463834568183	1.61224115736238	0.0160705811329793	0.48733333380277	0.68507798620762	1	0.754437229437229	0.999220496683032
PF16921.8	2.01993069386722	1.94556946025396	2.08658631922367	0.00677673814626445	1.61730381162127	0.00237538260782463	0.49866666671605	0.672259441888802	1	0.763	0.996289781473704
PF12836.10	2.50827242166671	2.35579445631173	2.62228721852755	0.355710586642405	1.23240299655308	0.26091046908394	0.38333333790312	0.528001491018255	0.9995282643462	0.532515151515152	0.971989179195838
PF17674.4	2.36745253968763	2.15370333077439	2.5368898059318	0.171530923915474	1.73250097825629	0.0671022091020534	0.456000001642348	0.76483613781252	1	0.673922077922078	0.995993910018181
PF08706.14	-1.66731251969626	-2.19511810559706	-1.04261792878916	1.13393568427925	4.16061171513153	0.240514532005573	0.378000004804562	0.550970261972554	0.999526764271664	0.489744588744589	0.953656192067627
PF19263.2	-1.64547059431974	-2.15373052378858	-1.04427161739544	1.10766216921246	4.2696902824718	0.22318644187393	0.379746840164002	0.580373595574328	0.998993100220869	0.517471861471862	0.946809727375895
PF03288.19	-1.66481273156279	-2.1586980473706	-1.07694999676716	1.08071071688729	4.22880104524349	0.212338714781279	0.387333337729382	0.587041208000855	0.997107637771784	0.536549783549784	0.947714168390337
PF17900.4	-0.830408176555189	-0.272019953863586	-1.44263784116206	-1.03729104886562	3.5102579371373	-0.248618012727402	0.365089945421798	0.502890064967991	1	0.513082251082251	0.994635175821561
PF01433.23	-0.655392972334226	-0.375572371368318	-0.981301896648395	-0.644100253733676	3.3799292314865	-0.152128132642156	0.415333336561705	0.613734782778414	1	0.623493506493507	0.99738010216189
PF11838.11	-0.824116527913923	-0.261754756573641	-1.45085530803744	-1.10582631967134	3.55974206865834	-0.267609232013902	0.353764163143399	0.506322771658427	1	0.502606060606061	0.995622513549222
PF02229.19	-1.85336575873797	-1.65886404633639	-1.98728962726347	-0.294504183300421	4.18223341032025	-0.0583190382506468	0.469333334473424	0.706158444964648	1	0.731532467532468	0.994173821936216
PF03180.17	0.288639292306823	-0.545391164982101	0.994964218977574	1.56576979337318	2.96452662382323	0.440819145981863	0.260666678165493	0.318243331905354	0.997648097697319	0.228619047619048	0.838498281097619
PF09383.13	-0.543855278135312	-1.12990150989377	-0.0395207899264687	1.08142866469579	3.30149494765589	0.274242667353004	0.339107268463884	0.473249223858947	0.997192889055441	0.421467532467532	0.924675668072705
PF01497.21	1.89845708668101	1.90307568086262	1.89336509635176	0.0350080047931831	1.64815040432651	0.0185148183942535	0.489007328854492	0.769605457191951	1	0.78748051948052	0.995754131859152
PF00300.25	1.72077550538022	1.75052066843585	1.69773404664742	0.0176384829706473	1.56811299095858	0.010190395522647	0.495003331297425	0.753820267677664	1	0.761536796536797	0.993217639577688
PF03717.18	3.41472989171704	3.2321641811189	3.68784654956108	0.409945344342777	1.14520544918822	0.325877550666884	0.352431718170889	0.525637200492019	0.999940810184717	0.44378354978355	0.968855887150699
PF00905.25	4.35680813601958	4.28567366056071	4.48126847663026	0.149790423976444	0.746291643616249	0.176222529625592	0.416666669841269	0.760342630811345	1	0.609935064935065	0.989098680489127
PF00496.25	5.5378785305959	5.64993967805632	5.39858616067488	-0.287939284799343	0.808539056148072	-0.33940186093837	0.348434383255266	0.384082828522984	1	0.465056277056277	0.999872807604766
PF16658.8	1.95472514931589	1.83228021286648	2.13550398222957	0.29325010467344	1.52115670443356	0.12167666308499	0.433044639430472	0.787266451106852	1	0.604450216450216	0.98312999321166
PF00154.24	2.41120367982886	2.82698167142366	1.98030382689283	-0.858590313270016	1.39375479643625	-0.537317770229448	0.245169899475198	0.226217718923925	0.998938013531498	0.26730303030303	0.986692713891503
PF02568.17	0.90802990908825	1.18978220407273	0.634413170449747	-0.65234409906103	2.55223392844747	-0.215137081647181	0.383744175098753	0.489028365847822	1	0.582922077922078	0.999152822034781
PF02525.20	0.484524113876017	0.732854143846353	0.281906403394538	-0.468374784077725	2.84168787005121	-0.130835742132672	0.415722854640748	0.67973640973325	1	0.680571428571429	0.999581422598139
PF00999.24	0.944127474586564	1.39088401648776	0.464771200237526	-1.14190943309283	2.41075656977358	-0.392959170574685	0.292000009315869	0.264683692562815	0.999751078925269	0.34617316017316	0.994567665865518
PF00118.27	5.61235471056703	5.43624632504252	5.63527334305947	0.401357272804333	0.984308113985461	0.392429497165703	0.369753502836437	0.375767771451417	1	0.458766233766234	0.997031192465296
PF00072.27	7.39066069154269	7.12027490209886	7.64975643592958	0.611168096823918	0.579207844471683	1.09925448815454	0.0839440873391152	0.0287391450760037	0.993306350987374	0.013082251082251	0.406524842935769
PF00486.31	4.89978572755351	4.9394914316315	4.86514773607861	-0.102992842234471	0.732570776742793	-0.120571431039131	0.428381081984987	0.586026904476286	1	0.702636363636364	0.999981652825001
PF07155.15	0.974539889436607	0.581068134375311	1.24168707252893	0.700996001591358	2.3397664465911	0.24284777498307	0.355333339180877	0.38240337011896	0.999720696159096	0.422813852813853	0.952210093350512
PF06418.17	1.00952280417855	1.33864130535948	0.626791892377242	-0.788130634236126	1.97827730913839	-0.330283344871322	0.334666673541859	0.398429071952948	1	0.452251082251082	0.995582910814028
PF00117.31	3.22144201076194	3.81604894957497	2.72905268559832	-0.991990694699134	1.16091073997378	-0.822787032972199	0.166666688888874	0.0990577014013283	0.995850336424455	0.103709956709957	0.967151413859911
PF02645.19	4.01631112557312	3.6525867575495	4.44837617685208	0.737272410691836	1.14844606247661	0.594995089059433	0.257161903826699	0.195950564505655	0.999448591947321	0.169991341991342	0.891562260977393
PF00216.24	3.29874548345876	3.25150063774149	3.38577611415285	0.0827958922893108	1.16984334417316	0.057987616470263	0.465333334623486	0.777748266792503	1	0.696484848484848	0.993253570621662
PF04545.19	4.60055530004291	4.58230037009051	4.63383462948358	0.069935484148778	0.673785630716754	0.0889434073197327	0.462358429115068	0.736482262417698	1	0.699969696969697	0.990034705701679
PF01832.23	1.9692204155727	2.18134593855491	1.79709318878726	-0.421182630243404	1.87442027522365	-0.16024925726492	0.407728184745777	0.778468666538627	1	0.630632034632035	0.999831262532561
PF00912.25	3.15453607015886	3.21916241471316	3.05566016052383	-0.210954204815603	1.07288732893718	-0.164378238397372	0.409060629727881	0.476134304919193	1	0.634523809523809	0.99932583277244
PF05697.16	4.11245099880459	4.09989430327198	4.13095750545253	-0.058566400030875	0.988576305699782	-0.0536946137397777	0.476349101476354	0.726762012939993	1	0.806969696969697	0.999886969682717
PF00254.31	4.2589858759762	4.33158891085877	4.17235484563532	-0.101265117466388	0.789097454711335	-0.118045610701367	0.450366424239179	0.716834967514299	1	0.736558441558442	0.99897068128981
PF05698.17	4.05396088529631	4.02009520461927	4.09203000041975	0.103642668749805	0.822686455062362	0.115732262908452	0.447701534267589	0.690243799393696	1	0.667341991341991	0.993618373135988
PF03979.17	2.87213387804806	2.85853780481077	2.89504516483791	0.00530572023154807	1.13131072578693	0.00405796839557276	0.498334443765803	0.748245446863334	1	0.77508658008658	0.990973618912918
PF00140.23	3.21153649246157	3.39594222123864	2.92034262388828	-0.474865553332407	1.09845756184336	-0.395853901300369	0.325333340701651	0.339351591029365	0.99991701201084	0.422008658008658	0.996479017904816
PF04542.17	5.15603622110973	5.05043685175283	5.28019437616695	0.213889956359536	0.506258771930208	0.396283481821372	0.325116596310885	0.440725172532968	0.999262712747126	0.348982683982684	0.938486377092064
PF04539.19	4.04529303065285	4.22054253366487	3.7878276391692	-0.442965514062166	0.769267468994955	-0.535634665017338	0.26866667756814	0.241753425688551	0.999449937053292	0.288034632034632	0.989448289765139
PF01327.24	-0.390495972713722	0.161558442291977	-1.07640805103579	-1.12249721606338	3.57905857925427	-0.259620767547699	0.351099273198694	0.483937073100868	1	0.495735930735931	0.996378054828808
PF04851.18	5.02499711679837	5.28803564235429	4.49506931148026	-0.84553078200734	0.859121102592497	-0.924108789758294	0.150000025417554	0.0504337213428592	0.998682834073642	0.074025974025974	0.965770884896732
PF12344.11	2.09468723778585	2.11240716160152	2.06057916850959	0.00257156690397942	1.47270001760878	0.000947234080416558	0.499000666259482	0.793474847344148	0.999818636188985	0.768995670995671	0.996873250255063
PF02151.22	2.30310686077157	2.08680243525417	2.56693984263341	0.513325387866175	1.53088379528341	0.293405018093489	0.366666671982987	0.464015051568629	0.999990365752632	0.442597402597403	0.963883807940417
PF07977.16	0.495315336665883	0.6022183344516	0.345678740257419	-0.32218146906559	2.39498109238704	-0.108978647862814	0.441333335536504	0.581780571921217	1	0.690233766233766	0.998170860340785
PF02734.20	3.74270882903879	3.79526989548593	3.71889754566691	-0.0488127677304684	0.949262588968329	-0.0499566686073027	0.477015323969872	0.810851946659148	1	0.809125541125541	0.999650967621158
PF01987.20	0.481554825068267	-0.309248447459056	0.941503804377883	1.26953318426341	2.78647944968204	0.400186846726672	0.294000009189488	0.269405841589823	0.999041927683039	0.288883116883117	0.887379333484434
PF00265.21	-0.9723374616396	-1.00141918218355	-0.96108732608159	0.133877907571746	4.02555113290762	0.0312291157585726	0.483677548905506	0.750329306139981	1	0.728822510822511	0.994017424844066
PF03462.21	3.65813494474718	3.65978819423974	3.65512081025738	-0.11797591357888	1.08619878889652	-0.0863837355295825	0.454666668359595	0.574884070527759	1	0.748883116883117	0.999319384188855
PF00472.23	3.62532779133088	3.64734161131899	3.58567883448808	-0.163073031464838	1.08465787733474	-0.129223899359661	0.44037308684754	0.526479603210069	1	0.7004329004329	0.999103404163923
PF11967.11	-0.623223838206408	-0.195194849540385	-1.02788264846961	-0.787049771977128	3.73319007612291	-0.188132326555639	0.396402402404781	0.628936490438643	1	0.608675324675325	0.998367072577538
PF02565.18	-0.655432537096144	-0.106691855378432	-1.11841642884704	-0.741723117879894	3.88265014610721	-0.160477282942128	0.402398404819022	0.636030141651586	1	0.610935064935065	0.997743103804639
PF00464.22	2.54444512407245	2.75618441657601	2.30541446429203	-0.39386697213913	1.37704107679565	-0.222084425977594	0.376666671530504	0.62258411476616	0.998882908288532	0.544073593073593	0.997620784110349
PF08032.15	0.964899670458673	1.53645470693336	0.121888748490137	-1.49786431139762	2.38408506856456	-0.541918023147113	0.219187223699967	0.172959402460671	0.99954457459579	0.204168831168831	0.97600547955574
PF00557.27	4.10184319150652	4.49392805633678	3.88233856025356	-0.568663531760744	1.13557080069523	-0.470067009304799	0.306666675085933	0.363240318732935	1	0.354406926406926	0.998725921046302
PF02603.19	1.86110363574206	1.84030213245432	1.88337898363929	-0.021431574500685	1.60799250834139	-0.0107431228523649	0.495333333506188	0.740214729357227	1	0.773935064935065	0.994824385356056
PF07475.15	1.84938665326246	1.80101075632765	1.91272639157483	0.0781064880058118	1.60322975593165	0.0388215193987489	0.48500999389272	0.786260398226667	1	0.716813852813853	0.993457861410322
PF00393.22	-1.09676248604981	-0.389716580004343	-1.97487431783325	-1.46451620311678	3.66934381058342	-0.341596626423874	0.330446376173551	0.433949222200858	0.999617717909936	0.436519480519481	0.989308268010595
PF02705.19	-0.96818711513368	-0.173615280628568	-1.94777231844736	-1.6425495644703	3.67564133098787	-0.377322487659106	0.301798809497187	0.403509395513655	0.998558999897977	0.386779220779221	0.985525355909438
PF02588.18	1.2602859441546	0.718471851128949	1.6984345546421	0.995656922726813	2.16716714231334	0.41699139303398	0.300666675444484	0.308989117078101	0.998991187293765	0.29774025974026	0.911029589850774
PF00364.25	3.98155010508617	4.14249178853508	3.8763180778924	-0.315797990497917	0.904313712542794	-0.322306363589309	0.352000006007865	0.433968618823955	1	0.490705627705628	0.998531807840177
PF02817.20	0.451709350930076	1.1433343288891	-0.385492939133286	-1.38665794588397	3.43988547698082	-0.347813991395329	0.318666674399836	0.418422874742955	0.999302210967818	0.406393939393939	0.996581926339655
PF00198.26	0.39452668708705	1.05686657431824	-0.283728795862169	-1.33215078452166	3.42713381228325	-0.337341767855848	0.320666674289219	0.395607890154996	1	0.409428571428571	0.995779319423474
PF12706.10	2.42076153673094	2.61280466230442	2.18476847823344	-0.448437356541522	1.24472216082866	-0.324457080431298	0.343770825857455	0.423308593991225	0.999088020886427	0.494177489177489	0.996116147122196
PF17768.4	1.06980570306728	1.39634218263121	0.714317184797917	-0.753702126994483	2.88441490348444	-0.202531339242094	0.386666671091537	0.594808610876479	1	0.585393939393939	0.999737208147044
PF03449.18	2.05452098634776	1.90804698174868	2.20705260174497	0.148409869509686	1.90439671860341	0.0520586021859683	0.467688209061577	0.794962205374879	1	0.694064935064935	0.998705711965072
PF01272.22	2.05711345055418	1.92286269457782	2.16636700553541	0.147391034497693	1.87256508368029	0.0546747221634918	0.463024651608331	0.772778860883243	1	0.707822510822511	0.998340181255381
PF13518.9	0.881497563616362	1.41150069385139	0.320436393691434	-0.954922289710958	2.44022745565141	-0.318772915573504	0.31978681645501	0.467174890705679	0.999102021593542	0.396108225108225	0.993434676861949
PF00676.23	1.10666637342336	1.36017927376351	0.982342805765201	-0.365628534035189	2.36942956821466	-0.133314437919968	0.433044639430472	0.801129188084055	1	0.732095238095238	0.999737208147044
PF02901.18	7.71898023230919	7.69578624655735	7.86556563195361	0.139842177483821	0.61655362138262	0.19781322559277	0.427714859492894	0.717988362326268	1	0.636103896103896	1
PF01228.24	7.68321384030967	7.63168323898777	7.94792631942714	0.255251978081265	0.608507015933089	0.349304738229646	0.364423722934262	0.444175719660304	1	0.423398268398268	0.999789212302412
PF06071.16	2.30276581093762	2.31808068956238	2.27260449813524	-0.193180071619734	1.74360546640135	-0.0768920269948971	0.452666668435606	0.557430251605527	1	0.759251082251082	0.998178181907191
PF00694.22	2.44486603350248	2.47826042744272	2.39752514015137	-0.234431662604586	1.8502477215288	-0.106320375820079	0.429333336003963	0.548293682842017	1	0.716004329004329	1
PF00579.28	2.87877289611787	2.85768297850995	2.91542023707368	0.0348521311866632	1.24583110405092	0.0249139887721546	0.489007328854492	0.79419419420822	1	0.773272727272727	0.996277752065109
PF00343.23	4.78101368810619	4.58998178952089	5.02873130787891	0.387051533468251	0.773103254496901	0.48136341936078	0.28914058243768	0.282442975560426	0.997965385347788	0.249307359307359	0.925554765528438
PF00854.24	0.23665794308761	1.82763388979069	-0.350366622197683	-1.88825793668927	4.82828864984995	-0.341749066715513	0.328000007225393	0.50394733231152	1	0.446164502164502	0.999872807604766
PF01654.20	-0.798934716320003	-0.59335699670991	-0.976924306407215	-0.395614575473332	4.08551585540248	-0.0821953840034104	0.456666668283751	0.729396762272132	1	0.743268398268398	0.998700589363522
PF00149.31	3.13324219084888	3.36875454880546	2.93617966467121	-0.317056118263227	1.55064846825158	-0.196979491552692	0.39800000394182	0.707287607533499	1	0.631268398268398	0.999964787694575
PF14437.9	-0.951824393959431	-2.20929793576704	0.295329612102635	2.36705428207556	3.74417939346143	0.534244254310045	0.246502344399073	0.269973842447647	0.995192583851899	0.189987012987013	0.807418179488613
PF02746.19	-1.47817750732818	-1.45366764421576	-1.52309604375416	-0.12798757782563	4.25695294969019	-0.0247737497516041	0.488000000444701	0.758749263537352	1	0.761558441558442	0.990281944803991
PF13378.9	-1.44184635455966	-1.45245409413752	-1.42352628954686	0.0640254124811799	4.15335035070625	0.0135010501502524	0.492338441322757	0.751560191730947	1	0.740805194805195	0.983248880423187
PF00378.23	4.54579660786264	4.57497255093538	4.5038855471178	-0.0976872091982104	0.831339118128363	-0.106483879979775	0.452666668435606	0.739202670014406	1	0.779787878787879	0.999881377774441
PF13302.10	2.31740229268312	2.23538940125033	2.43132787358104	0.196826494889142	1.27908894401606	0.133571503422699	0.435333335769139	0.678119243583569	1	0.624528138528139	0.984229279577796
PF00710.23	0.337028019222591	0.107715103978234	0.512325899258843	0.437215159850952	3.48417156658548	0.107990099125239	0.432378416938174	0.684471639665233	1	0.653831168831169	0.991778716116341
PF17763.4	0.370354574471422	0.11792676058171	0.59213607695567	0.430557331782653	3.50223581458151	0.0966702477991633	0.438374419369845	0.651451527645221	1	0.630541125541126	0.991192518953348
PF00772.24	2.15013884122789	1.91817382362801	2.70253159522896	0.718520267762092	1.6159403657725	0.371135039364915	0.346435715798556	0.516164772751504	0.999023853217408	0.41948051948052	0.949754459743445
PF03796.18	2.12684639911889	1.89779470893229	2.684164542829	0.684511125759311	1.63593375145881	0.358074885458473	0.344666673034318	0.518512687001176	0.998164353968834	0.423450216450217	0.951854164475465
PF16555.8	-1.74234934792647	-1.59457004671688	-1.89014833915877	-0.346778787353864	4.43904221174143	-0.0702074860082774	0.460359761635369	0.708072852442572	1	0.730025974025974	0.995144126248643
PF04760.18	4.63345164608514	4.71319027092278	4.53822956310437	-0.166873941907959	0.992018030905609	-0.146488511873228	0.417721522115336	0.592791373286695	1	0.678649350649351	1
PF11987.11	3.95400397717258	4.18207954248811	3.70827180989612	-0.402450115491408	1.13715579840632	-0.303805199478842	0.347101938284043	0.424152122334957	1	0.46052380952381	0.999309949372661
PF08545.13	1.2345871874744	1.82029434310546	0.39117311086276	-1.38944019962518	2.37757813223065	-0.498350363565641	0.248666679122591	0.21656775549235	0.99989676077142	0.242294372294372	0.987371047758237
PF08541.13	0.860099746910719	1.57208781970319	-0.0159670360451081	-1.39594681171	3.12067684259027	-0.390913904846348	0.277814800380107	0.345533350966997	1	0.314943722943723	0.99757265074359
PF00289.25	0.291655940047288	0.65208991512263	0.0396928006727988	-0.599259460431511	3.1760513951174	-0.13942965723432	0.414390409657871	0.709794732507037	1	0.635731601731602	0.999224724953698
PF02786.20	4.0976345810158	4.31432085688208	3.98472542656018	-0.190587632651789	1.12467867567571	-0.149291736624495	0.44533333538252	0.811954091333097	1	0.753450216450216	1
PF02785.22	0.392776922549084	0.656863716009406	0.216590549843335	-0.466846842554696	3.08373887749064	-0.124032043818655	0.425333336161842	0.721646129662926	1	0.677177489177489	0.999243115514262
PF03255.17	0.968640506660972	0.648662700802119	1.16898850645204	0.460769219688663	2.29101109898207	0.176698408168333	0.401732182328371	0.543991440366517	0.999797871291953	0.574316017316017	0.973732085450155
PF00581.23	-0.473841978829111	-0.292229284194224	-0.76258178111885	-0.407820574895646	3.67499049736561	-0.0946927255567504	0.453031314211091	0.666146689909125	1	0.723748917748918	0.998287684780853
PF02583.20	-1.38208019303801	-1.69409109293868	-1.07664507171383	0.546991763106243	3.67739111570259	0.127994705635524	0.429047304477111	0.634205214340791	0.99983893697052	0.596584415584416	0.968752412964029
PF09334.14	4.82597408055391	4.94532067553147	4.69548127793914	-0.298082558362013	0.749602262657167	-0.386142641673753	0.335333340174044	0.363940564479661	1	0.449549783549784	0.999892316017316
PF19303.2	2.73517308557972	3.05517247209322	2.3292552534422	-0.739868893652674	1.28300437618169	-0.505108723811961	0.263333344629637	0.23147073992905	1	0.273454545454545	0.99045475196728
PF13561.9	3.32178915957589	3.80276969173883	2.83424148175487	-0.978982045024156	1.13647950421784	-0.809986786084542	0.14856764727563	0.0767562194912925	0.996217287933838	0.085974025974026	0.94627026776059
PF01960.21	0.696211379892842	0.677220303895335	0.733018352128619	0.0126295510658938	3.16591455527562	0.00220683728480038	0.498334443765803	0.742091418571195	1	0.790948051948052	0.998408619940852
PF00202.24	2.25899192498585	2.20653101498637	2.33512903161066	0.0391938320423213	1.28030368315721	0.0298170882119158	0.48500999389272	0.776829633800448	1	0.712865800865801	0.991553480557029
PF14622.9	0.150362177718828	-0.0418479382348105	0.410084778509191	0.442366826834285	2.79389035371314	0.124421199620845	0.426382414508798	0.715503776230828	1	0.639298701298701	0.978503584107636
PF00035.29	0.0941054415041345	-0.105819147321842	0.351379871374488	0.475531304173281	2.78425526621946	0.120390347135686	0.424666669521598	0.716176760266206	1	0.61508658008658	0.978603823547777
PF00884.26	2.70113409478378	2.94480886972433	2.00273101655124	-0.941167545011184	1.87523570444433	-0.385566285018293	0.311333341481063	0.234665633103499	1	0.350800865800866	0.999810732945216
PF00324.24	-0.482333838827021	-1.13484083585225	0.0981643500332918	1.09331222832292	3.36874980667172	0.285903981313729	0.339107268463884	0.458160543482981	0.996823908647555	0.412047619047619	0.925050894937985
PF13793.9	2.93286587879961	2.98795332445577	2.84711470665947	-0.046561112279238	1.3759613687802	-0.0272915651202485	0.487008661373583	0.813292578186061	1	0.811580086580087	0.997828402131816
PF14572.9	2.47606273888235	2.69454116283012	2.31748916456059	-0.346641402140984	1.32682932727311	-0.244035398623753	0.386666671091537	0.568155832764208	1	0.561658008658009	0.999256035085729
PF13603.9	3.74897115210354	3.79448294549196	3.71436187320228	-0.15615347949419	1.00619078931426	-0.150914587713781	0.433044639430472	0.650157781282803	1	0.719380952380952	0.999340282524493
PF00232.21	2.95574002049112	4.78353373858328	1.96935530656164	-2.74603066087761	2.04975261594867	-1.31768548695696	0.0646667333088871	0.0115817000166601	0.98514029231689	0.0167748917748918	0.842233187559365
PF03315.18	0.0708556494374433	0.627386597685588	-0.683693805877979	-1.33261721803322	3.04608629763946	-0.360393674298313	0.296469029676195	0.374789320628594	0.999238388316087	0.373190476190476	0.986914556074887
PF01842.28	1.88349804398881	2.47408165054405	1.01899940621319	-1.47728642467216	2.0106511596327	-0.64093570565483	0.207333349822154	0.138930315971466	0.999821744618848	0.164896103896104	0.982196314212145
PF00403.29	2.59547287874102	2.88674204141701	2.23965046332385	-0.663017959269592	1.4758778672746	-0.426622283120473	0.320453038936609	0.355077056231527	0.999945249357119	0.393575757575758	0.996519531970863
PF03054.19	0.690510264643767	0.819999973530914	0.567777870553718	-0.25077426197103	2.44761038116662	-0.0845800041800941	0.445036644296342	0.728484364954223	1	0.736069264069264	0.995514061839022
PF20259.1	0.473335607697627	0.585429336529138	0.37750406249584	-0.313175858042851	2.78134903489424	-0.0876887821794196	0.442666668818415	0.677209372619011	1	0.722467532467532	0.999185645746618
PF20258.1	0.468544302247855	0.570597745459484	0.36411371583993	-0.272623621078728	2.83352701628896	-0.077683289863539	0.458000001566609	0.707809940320339	1	0.750597402597403	0.999962401795735
PF01541.27	1.38670490584602	1.572718734639	1.20928411755792	-0.260346204256502	2.37624714622768	-0.0848817684234727	0.438000002332155	0.711668742430859	1	0.69525974025974	0.999717563878514
PF08459.14	1.27322243675726	1.35185649934373	1.22603182669979	-0.0702173346300325	2.97772344585033	-0.0165817361594084	0.486000000518925	0.753109463549727	1	0.802251082251082	0.998590696215092
PF00763.26	1.05358642898403	1.20772263397618	0.903589544882882	-0.330861108220234	2.01411222774328	-0.130975739064855	0.431712194445903	0.605830839635727	1	0.675320346320346	0.998479085617974
PF02882.22	1.05504826456165	1.15897409593125	0.965496144931278	-0.277944578078309	2.08256602122163	-0.111881661814603	0.444000002100421	0.644934095403188	0.999678893866761	0.707090909090909	0.996972504594124
PF13742.9	1.88055176734321	1.9883977641201	1.79000876052589	-0.18397913439866	1.60933756470638	-0.10787563082207	0.452365091718084	0.747249953499108	1	0.737363636363636	0.999606319558515
PF02601.18	2.02187474691245	2.04950108628392	1.99217998284179	-0.0281210106964638	1.61782788018542	-0.0168505811800261	0.488666667086636	0.803005899846609	1	0.803770562770563	0.996006659915507
PF01728.22	-0.583486976878319	-0.399436887546578	-0.786752278594411	-0.3099987197691	3.44587829783093	-0.072246564736699	0.452666668435606	0.677361710952373	1	0.703012987012987	0.997211625977526
PF03793.22	4.21901981754068	4.10933321485853	4.35849921778455	0.0625884957685106	1.18419686032057	0.0421451767557965	0.4840000005932	0.79788044984852	1	0.784428571428571	0.999472323951825
PF01245.23	3.25867893823882	3.11138242747806	3.4576878206909	0.247347131704604	1.27378786205002	0.180036889686885	0.42038641208195	0.718038879978646	1	0.621796536796537	0.992376991266094
PF01883.22	0.317271042959518	0.668678920287618	-0.0360918155323047	-0.561499365773527	3.02660474697666	-0.159687925093573	0.404000003691644	0.663574136939173	1	0.637229437229437	0.997923106208344
PF07730.16	-0.353328085793979	-0.535228273051875	-0.103811634122372	0.615315965170592	3.67125273252477	0.130189500955381	0.428666669363533	0.675865851336122	0.99981259954832	0.625640692640693	0.981417084934982
PF00390.22	1.81717902827838	2.16369075688015	1.38013745095058	-0.76621076997477	2.6782846764724	-0.210197337002149	0.341105935917739	0.500742679545602	1	0.440324675324675	0.999495464044124
PF03949.18	1.9050727752572	2.18568338860264	1.61022314598269	-0.624332775842746	2.8371543777205	-0.176114940690986	0.369753502836437	0.587306228691034	1	0.568614718614719	0.999892316017316
PF00204.28	3.54358927730452	3.76287344579225	3.37130885899382	-0.37098288144671	0.902267763672838	-0.363371445593737	0.32644904127593	0.423966698075007	1	0.411242424242424	0.995887529602659
PF00986.24	3.33915968154119	3.36801835731579	3.31137159052039	-0.0774090132653829	0.867892198165301	-0.0847634597845179	0.460359761635369	0.72551467506422	1	0.738212121212121	0.996202893545327
PF04464.17	1.35359020434868	1.99621350849598	0.100168312790012	-1.97231344534216	2.68318715257844	-0.635803905788882	0.19000001865087	0.116986297362431	0.999546218926994	0.148601731601732	0.968912294161319
PF12674.10	-1.42987942660019	-0.930155343341151	-1.96928675293315	-0.945112926197228	4.14833785210452	-0.204521023242198	0.393737512444108	0.569080883023194	0.999371241183355	0.601290043290043	0.996283976357617
PF01048.23	3.01765899004772	3.00926360743509	3.03749528291037	-0.0114789820441841	1.14442503706288	-0.00854397802583331	0.495333333506188	0.76554128490561	0.999975210974583	0.785787878787879	0.991967031211949
PF00877.22	4.77605835018426	4.74670737762874	4.83105992704296	0.114624228534304	1.03429639005396	0.0990343265300139	0.454666668359595	0.837048689431911	1	0.747160173160173	0.999681657749807
PF08206.14	1.30168630434931	1.00950279634322	1.5493991751854	0.554329791067783	2.81735042270192	0.151894796121004	0.392000004195757	0.576576707669827	1	0.546683982683983	0.985267680546549
PF17876.4	1.74500958474692	1.69965769975159	1.80916021505832	-0.0176506231452551	1.72767423670231	-0.0059075101454236	0.496000000148157	0.668613076566862	1	0.782575757575758	0.996940243207328
PF00773.22	1.73231087472768	1.6938065694247	1.7849043568766	-0.0207059246254895	1.79031366872679	-0.0104592076968587	0.493333333580291	0.655247891146402	1	0.774536796536797	0.997731463806886
PF01266.27	2.47760773207799	2.31716031961901	2.58860971746961	0.238519166459718	1.30915606278696	0.163517938955133	0.425333336161842	0.635370022872011	1	0.60087012987013	0.985006291681639
PF03600.19	-1.20821794901835	-1.49103535135694	-0.998647544045322	0.434332942375478	3.99043094532438	0.0953131961613488	0.445702866789121	0.66284414765481	1	0.6534329004329	0.98305351891305
PF07715.18	5.24654491378231	5.94381859559009	4.76911925574453	-1.06563800731128	1.86943500207294	-0.541934519709538	0.290473027388758	0.215387219922059	1	0.28004329004329	1
PF00593.27	4.98744178467155	5.77368497165385	4.49849868767953	-1.22104871458895	2.00483865791813	-0.599778083422344	0.260666678165493	0.174239966874369	1	0.226779220779221	1
PF02787.22	3.01872311026414	3.09331532086319	2.97404342996028	-0.0516016217519422	1.35055447121108	-0.0323713173130218	0.48434377139911	0.786529586484973	1	0.817510822510823	0.999439857488976
PF02142.25	3.71533153597306	3.86534191380019	3.64174447983009	-0.265305024115799	1.10414941874209	-0.217976031692328	0.416666669841269	0.664558976133528	1	0.673207792207792	0.999892316017316
PF10091.12	-1.52933130855041	-1.56319341124823	-1.48896087891654	0.132782371862362	4.13694759302299	0.0278196608013388	0.4840000005932	0.746360291818101	0.999818718439637	0.712562770562771	0.985061052684329
PF06165.14	0.608551688423547	-0.45020003795192	1.30251147596786	1.79155754724513	2.61906077813368	0.619225297372368	0.20200001711741	0.142033028116281	0.996173688060957	0.126675324675325	0.734221577876726
PF17167.7	0.538507788197453	-0.536321963496174	1.25589399701555	1.81133213918606	2.55310684425358	0.630321069496308	0.192538326082082	0.129743423270089	0.992902295489814	0.113601731601732	0.690173546127293
PF01546.31	4.12054827423736	4.33765249442893	3.83280081872786	-0.547831229552905	0.963222493718825	-0.473590950423789	0.254497013963923	0.195325405970558	1	0.259601731601732	0.989902173881786
PF07687.17	3.72420121429557	4.02277313742485	3.30386300129658	-0.765946668978057	1.02678178636799	-0.642855823371545	0.204666683466006	0.133528063911002	0.998770532964115	0.158709956709957	0.983933917776294
PF03840.17	0.779938276237593	0.518678492867949	1.01794746089495	0.466269458267241	2.49687052132354	0.136467371394883	0.425716192016797	0.686657823621221	1	0.586038961038961	0.9826157414256
PF00873.22	3.06659349035476	3.58854291763725	2.65045971518836	-0.861103369024804	1.48605109216497	-0.542583918326934	0.267333344332271	0.258030837066728	1	0.274051948051948	0.997489914861415
PF00293.31	2.4010065953694	2.06024593097608	2.71109687623391	0.66982064369068	1.44364824808506	0.418617192842042	0.314457036606336	0.371176498763476	0.999091989794054	0.332515151515152	0.927283289761228
PF13857.9	0.673034141416233	1.66829491025451	-0.547441352305801	-2.06771521874903	2.9736390840045	-0.61789601938355	0.190666685227631	0.200457300701441	0.999619909800604	0.137675324675325	0.974101229541
PF12796.10	1.57016750103365	2.13200823696216	0.423204556395414	-1.73948477427018	2.65035617947083	-0.586050047635616	0.194000018120103	0.12845142227386	0.999972836138461	0.159848484848485	0.984740288040114
PF16957.8	-1.85169035166522	-1.63673244248786	-2.08491264305053	-0.372092316209264	4.1374346106966	-0.0744644141378436	0.456000001642348	0.693497328664629	0.997657903894367	0.71508658008658	0.99168944742568
PF00361.23	2.22551860236637	2.64538563708867	1.99457767535914	-0.863478809485922	2.15073604206398	-0.326811942042294	0.335333340174044	0.405801378812197	1	0.452922077922078	0.998967718116841
PF07859.16	-0.200349809954715	-0.155669214399952	-0.23988601570372	-0.127789183249364	3.11782582262957	-0.028786530087652	0.48234510391832	0.743713357887389	1	0.786580086580087	0.992265388847215
PF00730.28	1.31578772375638	1.03665234907653	1.53216789271799	0.420649905289928	1.97238558632072	0.194439076220728	0.410666670084409	0.589013434546751	1	0.574822510822511	0.985784610118419
PF00633.26	1.13413787020443	0.814962267813286	1.38114281301329	0.504179092453086	2.11808251222189	0.2103936211604	0.401732182328371	0.576800689454126	1	0.552805194805195	0.985708490254044
PF00437.23	0.302089132482741	0.240910539709192	0.340952660776502	0.0701176400320751	3.03917093453537	0.0213810822003825	0.48733333380277	0.74796344952792	1	0.754112554112554	0.992668390982546
PF14890.9	-1.87559741887353	-1.70818029082746	-2.04926827813055	-0.356993948811184	4.2446796631777	-0.0661483144268118	0.462358429115068	0.708782122932155	1	0.733606060606061	0.995328989641934
PF14528.9	-1.87955548380677	-1.72813635462402	-2.02301407925513	-0.35152964978775	4.27463940767743	-0.0689416667354985	0.462666668057134	0.698207975918136	1	0.723978354978355	0.993668098182753
PF00903.28	-0.844888387241887	-1.09370261603947	-0.657164934004913	0.326276150937941	4.12827966554786	0.0639115954673055	0.464000001340281	0.699910257828433	1	0.681272727272727	0.987373567780866
PF05954.14	-0.905972047165931	0.0727139242506993	-1.94021041380873	-1.81104239341772	3.86920551890075	-0.44133425811329	0.279333343483091	0.356134227288832	0.998987223249381	0.33238961038961	0.984450610383278
PF04717.15	-1.86410402100126	-2.18170699569668	-1.48747373704013	0.696037594969719	4.18182443795076	0.129178093894718	0.435043306907536	0.635609243432309	0.999499493942148	0.589701298701299	0.958756756737978
PF20071.2	12.6207291697964	12.1414526692987	12.8458125419019	0.704474699305329	1.07788745858787	0.589696148754284	0.27466667713935	0.180495117326197	1	0.170562770562771	0.989324849165934
PF00115.23	-1.75182831047252	-1.44087176118876	-2.01174524730814	-0.68232594954382	4.41745123751157	-0.135763119943718	0.438374419369845	0.649635339469691	1	0.671242424242424	0.997622021434296
PF13411.9	3.18726543679045	3.33283165359333	3.06500156829604	-0.242691356640926	0.962787132989678	-0.232706543699863	0.395736179914541	0.59693371580033	1	0.599238095238095	0.998671186336576
PF07739.16	-0.862514835253704	-1.61345460699871	-0.140577495365164	1.40186067371886	3.6839115781261	0.313402217644707	0.330446376173551	0.461358467983245	0.999715279003888	0.385670995670996	0.919498305063625
PF01791.12	2.01234065374904	2.40899335444348	1.71685600044259	-0.714127235055164	1.98735981964063	-0.237892868051821	0.339333339969129	0.643747168069392	1	0.446151515151515	0.999389349258089
PF01156.22	-0.168619381355898	-0.99673179316095	0.324305871471058	1.25621193091177	3.39387055436837	0.329751932570138	0.327781486241393	0.404811989678044	0.999910317713391	0.38648051948052	0.944717807306107
PF00239.24	7.40378729662955	7.4938715480863	7.00531548515166	-0.402781736165502	0.623523412390094	-0.488946837551034	0.366000005347005	0.304401819038704	1	0.52912987012987	1
PF07508.16	7.47155726316942	7.55761789023279	7.07219394413112	-0.408965956780059	0.634010738537863	-0.500998457159259	0.366000005347005	0.272408049263337	1	0.508757575757576	1
PF13408.9	7.42486562852204	7.50662522116361	7.0667840005379	-0.368963055023086	0.619897647162687	-0.47062939933138	0.365089945421798	0.317985745915633	1	0.506961038961039	1
PF14287.9	7.18158493919822	7.28192704010644	6.65191486733554	-0.459871017411575	0.755593471482118	-0.553155508410285	0.335776156042623	0.243673023720376	1	0.424376623376623	1
PF20188.1	-1.87099482620133	-1.74674301284677	-1.95192303445761	-0.1861016186235	4.11157279708447	-0.0427008304493602	0.476000000890941	0.722476892862426	1	0.738047619047619	0.987107535460783
PF02195.21	1.6066507145501	1.69753655088102	1.49675426079544	-0.24287851973654	1.47908026904124	-0.143562977685272	0.433044639430472	0.64128738321364	1	0.678800865800866	0.997401920431232
PF03432.17	1.40136252748202	1.75842411068904	0.964816706079854	-0.756726005020898	1.90961656818477	-0.341374504787275	0.31666667451148	0.362289118076494	1	0.419082251082251	0.995725854809362
PF13443.9	1.93074480898335	1.74246502075394	2.06136570462177	0.28023336817827	1.65400067777518	0.141135589642675	0.424000002881386	0.670385170792659	1	0.604558441558442	0.989141136427815
PF13154.9	-0.899424970419454	-0.181083315591925	-1.54391087621731	-1.21274273243414	4.20918184533083	-0.261177980781561	0.357095275576019	0.511283622487554	1	0.512623376623377	0.997279418677234
PF13155.9	2.45118765595511	2.76523678002947	2.14118228462515	-0.72269142816767	1.96341281589148	-0.294827658862294	0.325782818793355	0.389088649070137	1	0.417320346320346	0.998852674161919
PF19044.3	-0.917801106548646	-0.358673566401981	-1.48555665332662	-1.07593085341368	3.73569757412992	-0.230515274143769	0.380413062652985	0.55336605180679	1	0.558207792207792	0.996815565608221
PF02534.17	0.337259033335064	-0.0636490307516686	0.697282077539032	0.63870619063808	3.8145985742624	0.14090578639179	0.415333336561705	0.641682591466183	1	0.591077922077922	0.988577566611502
PF06970.14	-1.77853910158654	-2.14137142626717	-1.30346848428001	0.957517113505885	4.28027246728928	0.185316088499031	0.396666670664582	0.586280304030131	0.999013020343573	0.53765367965368	0.950929217631533
PF19481.2	-1.69192899101315	-1.65537781019731	-1.73068107701784	-0.00111682159713755	4.37952604240683	-0.000452312986051569	0.49966688875316	0.766679206974175	1	0.756428571428571	0.992037825055043
PF00389.33	3.57228357632536	3.59046071942646	3.54529702555856	-0.132827676583871	1.21753713014296	-0.0808800461965612	0.456000001642348	0.639185278411184	1	0.780151515151515	0.999704075156955
PF02826.22	3.59581157563397	3.61781405062967	3.57109269296794	-0.166628067828266	1.28214506302278	-0.109806941192785	0.449700201746251	0.626825756982917	1	0.775034632034632	0.999813249888459
PF13610.9	0.576421277125188	-1.01186655657399	1.81037956330348	2.62567571116814	3.56211106978491	0.658469828941861	0.177215210343661	0.180295217248545	0.998006935857286	0.0712424242424243	0.717361499637899
PF02913.22	0.826695866479834	0.966485427604867	0.688261060868185	-0.193124318233401	2.59522581117843	-0.0651695371014863	0.467688209061577	0.776176246076654	1	0.773025974025974	0.99955266955267
PF00561.23	1.35764810906386	1.38372209260686	1.31614854124416	-0.0144967126973654	2.51081552145555	-0.00583351303365248	0.495333333506188	0.779074426533667	1	0.823688311688312	0.998916786916787
PF00535.29	4.71756061115679	4.60549560693836	4.9168853987478	0.298111845326892	0.820058899329851	0.303756001049344	0.370666671800271	0.592746822621339	1	0.443822510822511	0.987573692231276
PF01281.22	1.70618581851374	1.59847425600238	1.79257987931672	0.136416640327328	2.17708812458599	0.0395319708811821	0.471333334398563	0.771333838299331	1	0.734277056277056	0.995626827656896
PF03948.17	1.69285404310468	1.61165758569661	1.75794835161696	0.0859169860547944	2.20072042068211	0.0232128244340246	0.483677548905506	0.784670397298403	1	0.74091341991342	0.995619193283431
PF00668.23	1.2735491963913	1.37934762205163	1.09689802547205	-0.293744835201776	2.83251672348502	-0.0913594119810266	0.449333335229345	0.746175225280166	1	0.768692640692641	0.999325493247152
PF00501.31	4.08335859920099	4.00885874137763	4.17775144288583	0.154558501509672	0.89270186354222	0.158391167588926	0.418000003120978	0.600702545420721	1	0.596588744588745	0.98841109921183
PF13193.9	2.79284669480413	2.58842520765288	3.03939781968177	0.46053214472308	1.35786669922183	0.293122212338969	0.373084615277418	0.541363623279262	1	0.448627705627706	0.972455445434765
PF00550.28	2.92242727567457	3.11522592791633	2.68886822122337	-0.42761492547254	1.37735870543111	-0.278555822190842	0.366666671982987	0.45758622519736	1	0.527640692640693	0.999709188660802
PF01807.23	2.36678371350682	2.64692828231772	2.10126796870213	-0.628326217002884	1.88528264659564	-0.247598905971847	0.351333339373498	0.433538702866765	1	0.461735930735931	0.998601847589696
PF08275.14	2.33465287590112	2.66415274621699	2.04493935077814	-0.684342452265626	1.76581681203059	-0.298258023124574	0.317121926529746	0.398075390748186	1	0.424268398268398	0.997480928881782
PF10410.12	2.35408421257939	2.65649626264554	2.12846684140212	-0.630008448696736	1.72568514509547	-0.262608137494725	0.341772158402536	0.421316846758003	1	0.459575757575758	0.999073802094693
PF02661.21	1.88420229155669	1.99950267615315	1.74822622054027	-0.278578883544878	1.50224500230927	-0.159526664399332	0.430000002644423	0.55816952503579	0.999782430017452	0.647818181818182	0.99734437149031
PF00756.23	0.810252810638922	1.28269161486122	0.250323081831266	-0.889319059751488	3.23923275584922	-0.211753376935744	0.366422390397075	0.512938516001148	1	0.510060606060606	0.999630303030303
PF16296.8	-1.84354422036772	-1.64235586459451	-2.03509585008871	-0.370022205278672	4.23706388624962	-0.0703158530496833	0.458000001566609	0.682353047140928	0.999975210974583	0.707606060606061	0.991287161258632
PF13579.9	-1.38243180379747	-1.232576575841	-1.57606731046576	-0.217098734020419	4.09119031587122	-0.0399676535869102	0.476000000890941	0.728927815991733	0.999725903320619	0.754458874458874	0.988527633461949
PF13692.9	0.661598507266131	0.477691589413485	0.842384917551225	0.506870551243356	2.52034295849261	0.160162513713165	0.40866667016615	0.514957243856767	0.999862214135363	0.551411255411255	0.973023150037885
PF01979.23	4.38068550078474	4.50270830961958	4.24895138597676	-0.219719611920002	0.744073597380118	-0.280675212623933	0.378000004804562	0.547971277756224	1	0.564861471861472	0.999974590626765
PF02502.21	0.910158977944707	0.518269716435747	1.32977674325841	0.849240779130107	2.46384382538927	0.286075572678688	0.330666673750784	0.461702123827779	0.999301964150522	0.373917748917749	0.940804137507776
PF13247.9	-1.55875857130943	-1.12585829905501	-2.07052230058749	-0.715546439021374	3.91638055614875	-0.156831074097868	0.416389077132241	0.600741107799469	1	0.618619047619048	0.996905699892203
PF00899.24	0.257278215912491	-0.0926969102794439	0.650964472213864	0.731683102817319	2.98146011206978	0.204926275683288	0.383744175098753	0.607130270473069	0.999622407029573	0.516125541125541	0.965052304773199
PF09508.13	3.50205888673769	2.42300969712645	4.11577728446516	1.75796834240519	1.68801404743097	0.963103408583998	0.121918753509812	0.0446825130051205	0.993276940852986	0.027995670995671	0.540530605209796
PF17385.5	3.5278731820073	2.46747099405104	4.10366162621726	1.74404925237775	1.66217859618894	0.95489180543155	0.131912088351105	0.0470870313084641	0.993520987017703	0.0291125541125541	0.54921991136945
PF17386.5	3.49971217425002	2.43469910549586	4.09573816773262	1.72775195454528	1.69156224372453	0.951636877794266	0.123333365589886	0.0451562967357168	0.996335299849488	0.0289177489177489	0.548983089435833
PF11296.11	-1.78246258120663	-1.56365979513426	-1.99566203392616	-0.381799008066333	4.29370555352669	-0.0754788163072258	0.455696204183309	0.70123015951195	0.99990437300884	0.723770562770563	0.995573558970398
PF00672.28	6.35745924799912	6.21093627251691	6.47604404809658	0.383086077662353	0.864597520916352	0.350659954134283	0.292666675940256	0.163996925907954	1	0.238900432900433	0.945616937625766
PF13426.10	-0.00406555068166981	-0.0781953263975526	0.137212501670004	0.344145214501077	3.63583713452916	0.0712802960996671	0.458666668208064	0.780859078851211	1	0.694424242424242	0.991336855254478
PF00989.28	0.950172258213461	0.994816458766032	0.918212979683394	0.229905528230823	2.65185057706187	0.0780357107923826	0.456362426676409	0.606118895703803	1	0.684268398268398	0.993959084350877
PF14690.9	0.635179726189757	0.185861019475994	1.17129071056885	0.874652870934843	3.35464180251978	0.21267124397132	0.37574950523133	0.600811013312577	1	0.479809523809524	0.98412472355111
PF01610.20	2.95462752109252	2.46804211839249	3.21226851773542	0.827958802505827	1.46652875109354	0.483549184446325	0.280000010104348	0.22858802033261	0.999710007352218	0.240337662337662	0.919445637344736
PF02357.22	4.22168116803914	4.36193716147321	4.10758168287954	-0.338500576086415	0.971925532111969	-0.321371462629533	0.351099273198694	0.376877740169188	1	0.479874458874459	0.999543304799797
PF00467.32	4.03009785933724	4.03818195705652	4.02715556238898	-0.158467833486117	1.22854871752883	-0.122737034093319	0.450000001870557	0.637609634083749	1	0.777199134199134	1
PF05222.18	1.88394288330025	1.60589703304135	2.18869121193695	0.503626210466782	1.73562341596943	0.272728402834968	0.363757500446794	0.519630540916554	0.999619622092612	0.472675324675325	0.967458984045714
PF01262.24	1.88994818120046	1.66356012298322	2.22713314977367	0.504551614882853	1.73081426622539	0.274003617242953	0.375333338256687	0.53641394031425	0.999781139681605	0.477792207792208	0.971465918071404
PF01312.22	1.96100939520179	1.35879966237644	2.37445260991579	0.94765902056536	1.87050859394551	0.456964921340652	0.294470362245698	0.292112273595979	0.999949580373766	0.276805194805195	0.934966006528677
PF08207.15	3.70164820520617	3.44816266021954	3.9845878500283	0.575334270358021	0.812588112761786	0.655219711178964	0.222518335950429	0.177472630030064	0.991175722192165	0.172935064935065	0.774582389755452
PF01132.23	3.70496472819141	3.45071120000611	3.99434953190683	0.560463415289038	0.794841324350553	0.684540553232351	0.218000015316584	0.147306109028952	0.990071655587517	0.143735930735931	0.768774724574183
PF09285.14	3.73710130139391	3.45952607893787	4.02795078262893	0.591294523712855	0.807726190035515	0.708943522665889	0.209860109450865	0.151983547070886	0.985232344048395	0.144073593073593	0.743047132166882
PF02915.20	6.25200590592843	5.99089283369713	6.71192459789546	0.765113592834767	0.540769350504732	1.33935239179671	0.0786667204928136	0.0165817954734953	0.94461157609453	0.0118917748917749	0.38135511616661
PF03952.19	3.90164136811591	5.59436999015759	3.34606166075451	-2.26993285295749	1.32006984267783	-1.55206439881982	0.0880000475329704	0.00984844989918725	0.983478988104349	0.0214761904761905	0.896388547999727
PF00113.25	3.96086407992525	5.60660769162891	3.39348955327924	-2.24981485132938	1.29401179126405	-1.55612604288519	0.0860000487675456	0.00981543249973502	0.982818699729294	0.0213203463203463	0.896924716223387
PF01391.21	0.0066269007117814	1.42257222066633	-1.25153883727714	-2.18795626596305	3.95104565838296	-0.490816681342965	0.246502344399073	0.301587996798587	1	0.2394329004329	0.989769955561664
PF12846.10	-1.10689120877415	-0.518651320825189	-1.65614882384061	-1.03153951817071	4.33064772909573	-0.199515207181092	0.384666671178323	0.577136515378763	1	0.599051948051948	0.999335337312997
PF02447.19	-0.852281952570305	-0.562805530083899	-1.12123969194156	-0.432434959209532	3.76500756829002	-0.0961244723975867	0.454363759197163	0.702268819425089	1	0.719220779220779	0.996710340676196
PF01520.21	2.96866328010039	2.84564645488761	3.08388166050374	0.217570328797041	1.05063094502929	0.194793057379865	0.42038641208195	0.59307026463423	0.998335111230796	0.561744588744589	0.975305187948041
PF01346.21	0.591581477203315	1.51830156237892	-0.282602656939543	-1.46723721717424	3.60229487353875	-0.346703234962127	0.298000008940754	0.459900455292225	1	0.364489177489177	0.997764582807886
PF04392.15	0.189563901293285	0.84991501160829	-1.10208070739368	-1.93311257348774	3.01834730610323	-0.546135267091502	0.241838787170259	0.189082919003087	0.998692416423472	0.240199134199134	0.981714855226425
PF01743.23	1.44830564426677	1.30440930975763	1.56031850527742	0.304429021036229	1.85432927042372	0.119680134763	0.425049969524827	0.547030189771109	0.999903242205226	0.595896103896104	0.977554063879701
PF02367.20	-0.340018093061192	0.647793063121905	-1.27029346889221	-1.78633143733956	3.79646147849486	-0.4164015466388	0.279333343483091	0.357470121277098	0.999866178654351	0.310112554112554	0.996956311823748
PF06207.14	1.25878403788434	0.864680223159787	1.64775546982072	0.737015627402307	1.80194163293047	0.357532946374325	0.325333340701651	0.420539502277429	0.998829533649959	0.366380952380952	0.919636015381595
PF02812.21	5.73971985469063	6.19727310779007	5.40196876285176	-0.833894933191741	0.948372071189506	-0.849423955981197	0.173884098274512	0.0648220993861846	1	0.0783463203463203	0.994029246820469
PF00208.24	5.73876331065299	6.20260553501908	5.41092307369157	-0.826386882515601	0.947837437879955	-0.854751809375885	0.177881432759714	0.0652248377485746	1	0.0800735930735931	0.995018892496546
PF02391.20	-1.85923009289059	-1.75702162744134	-1.98749689834375	-0.178594869149147	4.34184564074301	-0.033596052896014	0.479333334100075	0.737021415064703	0.999264717779073	0.755077922077922	0.993013793105688
PF03485.19	2.15875352291897	2.53554299249636	1.74546460232278	-0.912113676450272	1.90804591351871	-0.402602827180087	0.283810802639802	0.247260535620588	1	0.299471861471862	0.996863927208992
PF00750.22	2.16654897251386	2.55150382250002	1.72006694539745	-0.958543961820917	1.95233671165087	-0.428536208459724	0.267333344332271	0.241673198327933	1	0.293320346320346	0.996853714156896
PF05746.18	2.14434280472069	2.49980378720274	1.73707648809454	-0.892635670038617	1.96714905794279	-0.385345937523306	0.280000010104348	0.250999259910809	1	0.318982683982684	0.996510039935739
PF06689.16	2.95991260812002	2.70302007918636	3.25285500194633	0.570794622695045	0.889801353579949	0.579275669393927	0.262666678013274	0.262560034863584	0.989942162624911	0.232337662337662	0.831019695045052
PF00861.25	4.57724405229694	4.69139039984528	4.4383689364756	-0.272377793383562	0.798665098563025	-0.322474491140811	0.352431718170889	0.411800787273991	1	0.485558441558442	0.999682058682059
PF01384.23	-1.1791761632409	-1.15764160348539	-1.22611246112257	0.118507304306941	4.19119018779977	0.021736427751195	0.485333333877011	0.760609430856688	1	0.739709956709957	0.995051771991805
PF00625.24	1.07853846326553	1.6499258039631	0.0755081084586671	-1.67823233287854	2.41951180275822	-0.618636834668356	0.201199217724494	0.135211023936874	0.999963815377198	0.164714285714286	0.964031353367209
PF01293.23	7.17439751421502	7.07356672654856	7.4120018861081	0.365072190672576	0.443486281173837	0.783826444597172	0.19000001865087	0.0823895448138523	0.998539848590663	0.0916450216450217	0.729146570712893
PF03734.17	2.26718807430687	2.29366084265995	2.25256928393124	0.0158170994039688	1.32420857554462	0.0118324635462551	0.495003331297425	0.76341989375108	1	0.773298701298701	0.991899875608576
PF02670.19	0.665864078091962	0.221636752151109	0.96498550854584	0.667302216800125	2.95509028953212	0.178872863042569	0.397068624895069	0.537670755445122	1	0.556532467532468	0.981420216525227
PF08436.15	0.685204097310876	0.182856162167194	0.961411963176237	0.649167619768147	2.83550222615553	0.184278140534973	0.403730849800456	0.566974534665668	1	0.555787878787879	0.98564362911536
PF13288.9	0.63397201077371	0.10984649571727	0.911121700058298	0.652207147922321	2.8606406254841	0.177309938017906	0.401732182328371	0.555905772371197	1	0.555554112554113	0.984000309672817
PF08503.13	-1.1258266979187	-0.282954662155611	-1.92601842188198	-1.46390714195585	3.71623446150508	-0.344757206970816	0.324000007440414	0.432098437842604	0.997666175512274	0.436627705627706	0.988046513818153
PF14602.9	0.337349352983663	0.0139249400027088	0.797707849564851	0.742338463685799	2.72865604983952	0.214313337612266	0.379333338078856	0.644262583364986	0.999747955315616	0.503290043290043	0.961351201698426
PF14493.9	-0.91907598470543	-0.521587244534609	-1.34954984395481	-0.749921548587412	3.89181066168312	-0.162333338819614	0.406000003609039	0.615568888459315	1	0.623809523809524	0.999201851154287
PF12323.11	-1.63155572544183	-1.73588365975771	-1.52650441438717	0.184997288116422	4.15477881476935	0.0406377334874459	0.474350433995858	0.745308450093629	1	0.727753246753247	0.990729226107661
PF01385.22	-1.00122889222835	-0.753621547225134	-1.27431960940141	-0.554911618001884	3.87058567570545	-0.109309604684784	0.435333335769139	0.657459096884323	1	0.66969696969697	0.994473462782809
PF07282.14	0.404288368751722	0.840605705074075	-0.173530668299152	-1.13021667151569	2.6376492879372	-0.35772872324805	0.317788149010891	0.312481336231073	1	0.397155844155844	0.991109089568033
PF13565.9	0.898592123025737	-0.941339157199454	2.19331269440991	3.05883034535225	2.67610986496826	1.06400376742564	0.0726183131793591	0.0339315182853418	0.969560716592647	0.0143160173160173	0.356615164184008
PF13439.9	3.02758892041838	2.96966077473255	3.08674566457118	0.122789235770417	1.10656933511498	0.0964387117230548	0.456666668283751	0.707430904376458	1	0.662688311688312	0.986343567794788
PF00534.23	5.11112672187567	5.31832295574851	4.88466674813681	-0.426775216303609	0.797919807719274	-0.509583226090125	0.284000009835547	0.25331598801784	1	0.281307359307359	0.99854171463729
PF02384.19	3.11921008927898	3.05403166955037	3.19502552524793	0.15095968867652	1.04042459934547	0.128622150863269	0.438000002332155	0.66319302549278	1	0.635718614718615	0.982828230977172
PF19514.2	-1.35130865172459	-1.18049171092865	-1.53985465359966	-0.282906569044806	4.13129646496977	-0.0618161848637108	0.468000001190059	0.70912938417709	1	0.745809523809524	0.993127574786491
PF01784.21	0.649384790205596	0.219682697212102	0.95155242099748	0.713937696159437	2.52845150666286	0.221341371491002	0.362000005532558	0.490699388284158	0.999647700665567	0.470948051948052	0.946264397908585
PF01012.24	6.68578556339252	6.64219440008525	6.79527515217128	0.114113313718106	0.577458544335586	0.186437294149549	0.433333335847159	0.727375618223428	1	0.663359307359307	0.999628915791932
PF00766.22	6.11333953718714	6.09546888288656	6.16125034895888	-0.0356818128691367	0.712757146211765	-0.0514921261879663	0.479013991450479	0.818412473102092	1	0.852008658008658	1
PF00459.28	-1.33402225381733	-1.16639930998088	-1.55353670989828	-0.34108533509981	4.0399008787496	-0.0711692998895646	0.460666668132528	0.699941689752417	1	0.729709956709957	0.99580572112203
PF03167.22	0.0100706371788464	0.130622092033805	-0.28945574667707	-0.313294655222975	3.53008092995254	-0.0780096696592483	0.462666668057134	0.639170857590313	1	0.766220779220779	0.997744145688224
PF00251.23	2.43897855396149	3.73625254138015	0.85358757585553	-2.94007960288956	2.00205863902722	-1.42697570049408	0.0213193327233724	0.0198168958774153	0.963558111424158	0.00528138528138528	0.742870926546802
PF00834.22	0.544128702657942	0.453856847085027	0.637566406909156	0.131433533640636	3.11919935883244	0.0396655104878125	0.477015323969872	0.77701604328758	1	0.729554112554113	0.991863445658264
PF18269.4	3.19572318686758	2.69625214683078	3.46175895962992	0.715761482000117	1.10745330487428	0.601037239473544	0.26866667756814	0.205915957261747	0.997915466136285	0.20408658008658	0.88082677755613
PF04650.20	1.10759783552199	2.09018004185783	-0.120856568256947	-2.32946538008698	2.59174069835841	-0.841485813257725	0.11933336687211	0.0607289932337006	0.994716411032054	0.0621558441558442	0.921724229360791
PF17965.4	3.28665933397934	4.0848333565895	-0.380841903388465	-4.56463422713703	3.70371548596534	-1.04856284835941	0.092604974877976	0.0286795368502211	0.9999151575111	0.02504329004329	0.925534592799125
PF17966.4	3.67550910031498	4.51088225133043	0.879751521696239	-3.93634251338167	3.17814722829342	-1.15736128732089	0.0473018916909726	0.0234671128462603	0.999692937601579	0.0106406926406926	0.823232975629609
PF00746.24	3.68561262734109	3.42493438614185	4.62973947451558	0.997321569371884	1.46524124567434	0.527125778524565	0.288474359962378	0.498885984776616	0.99978098454706	0.210471861471861	0.970474761944624
PF07554.16	7.34556973638547	7.355473629986	7.03696136398019	-0.152057704257958	1.20911933312032	-0.128095024871992	0.447701534267589	0.657717052674063	1	0.757	1
PF07564.14	0.194088607779547	5.59069297637655	-1.53031602174151	-5.78826072032099	7.01683753695087	-0.70317488269886	0.254666678634348	0.178520062638584	1	0.242056277056277	0.999255255351356
PF01468.20	0.00399284787552734	1.4535756093395	-1.46106120288373	-2.39944773250842	4.35487242897715	-0.473984865075164	0.268487685783383	0.31012857995561	0.999981632761808	0.27169696969697	0.993615587488088
PF20585.1	-1.83289421021525	-1.60311891008523	-2.07142248802725	-0.441868617021075	4.24347529913882	-0.0912881202017434	0.453333335076917	0.681160915611578	1	0.701714285714286	0.994018118236475
PF18957.3	-0.148973684391395	0.369319306834892	-0.752742218055573	-0.927688730404191	3.65277440382469	-0.215966092660696	0.38333333790312	0.530300016939804	1	0.554151515151515	0.999788342609771
PF08428.13	1.06336114036637	1.92949993848612	0.269595951769771	-1.55996657862403	3.53223863252245	-0.383800693191327	0.308000008341047	0.389575139407721	1	0.34930303030303	0.999360406788978
PF13102.9	1.02756924184959	1.35494214084719	0.311822835196764	-1.03910701464382	2.6907612416119	-0.33906887913097	0.320000007659312	0.294606952527793	1	0.432047619047619	0.996102610764329
PF00027.32	1.62704372207938	0.331788989795181	2.68151025215491	2.13203701386222	2.71478589761105	0.710883867371381	0.167888096599568	0.0964066253170665	0.996162649677456	0.0638874458874459	0.676910609418324
PF00578.24	1.48281566015046	2.10420772341276	0.743208067688794	-1.31233586567044	2.71141293652887	-0.371347102373346	0.270000010804815	0.372060919926266	1	0.286692640692641	0.997988012489347
PF00253.24	3.29338532567616	3.74302384561663	2.76036050864522	-0.890905442969194	1.21838431703046	-0.683672652758787	0.210666682777509	0.177167429962674	0.999279222830348	0.166489177489177	0.990911768614912
PF18076.4	-1.40916241616954	-0.509269018323832	-2.10030867460589	-2.55919841256576	5.36497844290694	-0.427172653832195	0.330666673750784	0.368165974872208	0.999807073807746	0.437662337662338	0.991225940497079
PF02572.18	0.228086494590031	-0.808895662307351	0.852875809002982	1.50680096635753	3.27712770169051	0.404667495599787	0.275816132963409	0.310608091920332	0.998725705295185	0.273095238095238	0.877770069247586
PF04313.17	2.79889278146473	2.34177221626577	2.98031994082252	0.648832959373913	1.8341435059086	0.327004156625605	0.350666672739211	0.351887006491984	1	0.418562770562771	0.989240329937132
PF18766.4	2.70204030259687	2.42176600652784	2.80677769134269	0.516080163533432	1.89653386512262	0.266842533775794	0.386409065056362	0.454196450681145	0.999888623129177	0.528489177489178	0.993704527537104
PF11867.11	0.564809165914949	-0.657557654037538	1.10568604751245	1.56535372288722	3.71190945456787	0.351739539346836	0.322451706382074	0.349590680857117	1	0.348532467532468	0.967130976033951
PF13491.9	1.62212943435393	1.46053726402342	1.77100818927697	0.283722867296497	2.20755514950026	0.0974925871680124	0.451032646732127	0.806986359053492	1	0.706974025974026	0.995162719707504
PF17854.4	1.98384063329961	2.06505635749518	1.88799902978179	-0.195652757670709	1.64168055057117	-0.107933225296627	0.447035311774745	0.701798568470781	1	0.74891341991342	0.997919081538724
PF01580.21	2.38643999396046	2.3802108629059	2.39764544387905	0.0965330676236906	1.47657364492992	0.0568914314759863	0.472666667682047	0.72871672733762	1	0.733424242424242	0.995884477891672
PF09397.13	1.95870834699041	2.05931439887621	1.86942821961178	-0.236824412543553	1.69219794455977	-0.123877977781816	0.428000002723133	0.664640728296054	1	0.704285714285714	0.999215373331902
PF05223.14	-0.0272028379092246	-0.358435435697486	0.458965531055648	0.972198463989697	3.2116156695414	0.2500478090389	0.37866667144168	0.558463643678001	0.998611042499348	0.48017316017316	0.960982846219145
PF00892.23	2.14820111346807	2.05107408199488	2.23254787327621	0.188227704150211	1.76385294562725	0.068469111566853	0.455029981690227	0.617425342158793	1	0.686255411255411	0.996106780997061
PF01850.24	0.828663000733842	0.624418681344292	1.02656917841292	0.261594507855693	3.32979403177605	0.0617281444666542	0.461692206621819	0.763422469925585	1	0.716337662337662	0.996922855488471
PF01957.21	2.43677489525176	2.78933275467138	2.09427514522457	-0.557790059846163	1.67623636977365	-0.300806906510765	0.353333339276837	0.559493281587882	1	0.487034632034632	0.999759641801094
PF13187.9	3.11983369973605	3.1593921607471	3.07155211298506	-0.0906046201390742	0.910154162500574	-0.0924191441702449	0.457333334925171	0.680953338366231	1	0.712190476190476	0.997996238951721
PF02662.19	1.39311213040579	1.27169332779675	1.5719616657938	0.20788167707789	2.0151351649849	0.0728849065191084	0.460666668132528	0.753380878124	1	0.691735930735931	0.993661431399128
PF01584.22	5.73249590332835	5.26812361636046	6.54207596334668	1.31479944547454	0.831440389971615	1.65385042962371	0.0213193327233724	0.00403539223742175	0.86916614605796	0.00238095238095234	0.163852759675214
PF17293.5	-1.29715916725199	-1.04579979276086	-1.59821326287638	-0.479222524426692	4.27243877273899	-0.0908444476176271	0.454000001718247	0.68277698677079	1	0.727025974025974	0.998403035775237
PF09820.12	2.9169441471011	2.81845683015394	3.00391633519133	0.363097830537618	1.36871934690986	0.226347499572351	0.396666670664582	0.511219277673008	0.999820734514333	0.548160173160173	0.983588840339081
PF08011.14	2.78630833766802	2.73939681006058	2.8255354423576	0.267272553643759	1.48628073417959	0.169130375397285	0.429047304477111	0.548685346935349	1	0.621047619047619	0.992323110100765
PF13676.9	-0.491165021830199	-0.355113022561271	-0.596312322909746	-0.477365398846694	3.6977289178848	-0.0976321304805347	0.449333335229345	0.710701281274138	1	0.709354978354978	0.998672961916755
PF13310.9	1.53258516093577	1.4289916891753	1.62761286358438	0.139653155046688	2.14938161137575	0.0499992263452307	0.471333334398563	0.771790516253148	1	0.741549783549784	0.999039585577724
PF13472.9	2.32654948459967	2.0859356027206	2.52552568203441	0.21802470841012	1.872697330206	0.0996767243380256	0.450000001870557	0.706975575896125	1	0.670268398268398	0.994625099988198
PF02706.18	0.103249267705393	1.52555843986655	-1.5160938867742	-2.81301818141612	3.15662685551018	-0.805177904090988	0.146666692806954	0.144292593750569	0.99013032964181	0.0884112554112554	0.935790338273523
PF13807.9	0.47132144280135	0.0978444198898378	0.840606097925812	0.758423440516272	2.62989848759604	0.227375915162569	0.368666671891333	0.507647189208811	0.999929537073331	0.465194805194805	0.949514856252847
PF13614.9	2.62832947164828	2.71370743103588	2.47192538244204	-0.239564917023649	1.17612282082378	-0.188074487309563	0.423333336241206	0.551966429068724	1	0.635329004329004	0.999025635134443
PF13715.9	5.24357171110571	5.85844609191984	4.78721131911161	-1.13527454214389	1.89987925940883	-0.563628509915495	0.283144580165811	0.198192897722989	1	0.261978354978355	1
PF14559.9	2.02845733836259	1.95623383549836	2.1658416368331	0.0699007125330038	3.00744347707107	0.0162676777177472	0.487674883867214	0.822289338639716	1	0.823623376623377	0.999998809992316
PF13432.9	3.33344910071625	3.96482617541942	3.06278663612323	-1.01443300680676	1.3931652644133	-0.685452848382993	0.247168566861408	0.152916939220166	0.999678893866761	0.224212121212121	0.987307444256666
PF01713.24	2.11616272494753	2.27127119948586	1.87034366695642	-0.382515246662176	1.45946939205647	-0.252143528362427	0.386409065056362	0.492911628368564	1	0.575874458874459	0.998543469116893
PF02743.21	4.02772002136274	3.8610206107425	4.19905824437116	0.376185997903739	1.14597584270491	0.278450732889654	0.345769493313153	0.336706623599631	1	0.387714285714286	0.969728848610138
PF01636.26	2.81434471657127	2.59470442806239	3.01014180303301	0.469737753799586	1.49463014521808	0.219404322393931	0.355333339180877	0.399028736616612	1	0.409008658008658	0.947793408130961
PF13524.9	-0.755288352167314	-1.17967741412289	-0.266039767319742	0.811041304523514	4.14133732306022	0.175013026997982	0.40066667049685	0.613043721137151	0.999561152390635	0.54434632034632	0.975807482484616
PF05050.15	-1.82815022347468	-1.73075681590378	-1.96257315152596	-0.262043468861789	4.14912579285134	-0.0556561737490477	0.46502331908821	0.701908264411106	1	0.733584415584416	0.988180081270273
PF05067.15	0.736342632821585	1.10377119140425	0.340878994425449	-0.872249529609139	2.93445700103948	-0.230801039114867	0.351099273198694	0.484059013176797	1	0.507484848484849	0.997973206784345
PF13679.9	-0.355900154379217	-0.319786133544908	-0.392139946434861	-0.0773885092969007	3.14226346717288	-0.0183371951523279	0.486666667160845	0.745443794382763	0.999654710682884	0.779238095238095	0.988421001236314
PF08298.14	0.421722442565336	1.17578789003064	-0.526405916979687	-1.49204882496059	3.10062788805059	-0.399526822906942	0.287333342949525	0.360009600562888	1	0.319350649350649	0.996627384396795
PF06798.15	0.460154868247783	1.17583260135968	-0.45328455866095	-1.46490896557611	3.08505846199413	-0.401834066822353	0.286000009703439	0.385562721719318	1	0.34612987012987	0.994235650167575
PF02254.21	2.58491440696723	2.3510279343713	3.01324253648491	0.674424121176247	1.65105250680003	0.367732989827129	0.325333340701651	0.410263215773617	0.99975588594564	0.355813852813853	0.947847296126349
PF01555.21	0.330241478532736	0.13075602457133	0.601496289270133	0.503732978254043	3.38064578010528	0.122824620979019	0.42438374703289	0.711687818492296	1	0.617593073593074	0.990981434656265
PF02515.20	-0.979149145342872	-1.14171607274605	-0.811977508635236	0.320287969955633	3.92167801414836	0.0710096524290801	0.461692206621819	0.70582041541177	1	0.657679653679654	0.985420753807137
PF00482.26	0.944114213813394	1.20146581527181	0.737115345124669	-0.390345160156293	3.03318743596471	-0.0948801315530803	0.439333335613819	0.782216163488606	1	0.741034632034632	1
PF16586.8	-1.23976285630811	-0.962350626795338	-1.48907022394822	-0.479556994762934	4.11177735171206	-0.0970371856720237	0.447035311774745	0.685054292874696	1	0.712419913419913	0.995358565261321
PF12904.10	-1.89433031995427	-1.7384847716233	-2.01346866310218	-0.192255751841731	4.1965084582421	-0.0337768580676495	0.479013991450479	0.745701865439466	0.999919945941642	0.74804329004329	0.989678262723615
PF16886.8	4.62743755820763	4.62802334425482	4.62452479798607	-0.0725329066521248	0.853470703787179	-0.0776225134863769	0.466000001265109	0.686306725434618	1	0.786770562770563	0.99923447225164
PF00731.23	0.72452618463745	0.476508567167413	0.890952618129487	0.235559992902296	2.79856677175636	0.0621809711968814	0.464000001340281	0.749314107477404	1	0.705311688311688	0.994337894516355
PF01909.26	-0.160904607691986	-0.346090958530454	0.159233745518549	0.621439585052316	3.48590822673676	0.137238071401298	0.423717524540984	0.697154254166635	1	0.620199134199134	0.977829628236023
PF02699.18	1.61700863864924	1.29913809337333	1.91955995297275	0.583154967149727	2.42024078214236	0.184899508780138	0.37866667144168	0.550997095291701	0.99992518954614	0.48069696969697	0.972053476611886
PF02618.19	1.4928873407756	1.7500638301328	1.13321136769404	-0.64169042294177	1.71261250130791	-0.299873283724881	0.345103270827835	0.365669915474828	1	0.4605670995671	0.990311708783973
PF07883.14	1.27392947156168	1.60719887845317	0.840139604540813	-0.733980174627544	1.83280615527389	-0.330492175143202	0.325333340701651	0.379016778198457	0.999593570046366	0.447142857142857	0.994253062582911
PF02129.21	-1.00362434728452	-1.7700298628513	-0.244266728471374	1.30517612087563	3.70472943766634	0.30733274072322	0.339773490948412	0.460263070510362	0.997949723512378	0.402757575757576	0.908155920118688
PF08530.13	-0.940260209080211	-1.71792987806942	-0.181911057421535	1.38148266497879	3.77596965219273	0.309939100627335	0.332445043623722	0.46841800894779	0.998941930107515	0.398268398268398	0.928153366514295
PF16640.8	-1.22742498934489	-2.25243997877861	-0.343855923233773	1.68846025461796	3.86997217714559	0.383954916553472	0.288474359962378	0.390651135062529	0.997246310391856	0.316320346320346	0.878943546165945
PF00990.24	4.23049072682172	3.76654218466665	4.6557850872956	0.885461330841889	0.9524661663917	0.858963285738728	0.135333362188154	0.0600429158829326	0.991113892423822	0.0420519480519481	0.601094668557829
PF01121.23	0.369091294954988	0.889287972801483	-0.338166356469214	-1.12891439166839	3.0782855218065	-0.314501548534291	0.337774823495102	0.433515413954536	1	0.443450216450216	0.998115880940123
PF13414.9	1.47401570403717	1.51978911685087	1.43632021290826	-0.579411424712243	2.64264793793138	-0.191711293225687	0.417055299623771	0.550077102995931	1	0.679021645021645	1
PF13181.9	3.00801060526598	3.17544874299907	2.83403989719922	-0.307527972883729	1.50074706338437	-0.17741924170345	0.399733514856683	0.58160435350183	1	0.627701298701299	0.999652174390753
PF00515.31	-0.440247359318461	-0.95417683134404	-0.0151452261973093	0.905626166671683	3.4151224526575	0.240459305693726	0.367088612884815	0.520977532409429	0.99973855105574	0.484896103896104	0.954034345008104
PF00308.21	0.623055645878273	0.134785009660585	1.03848881582384	1.01644432422514	2.78658094615073	0.288093794149856	0.333777488590993	0.427698954198657	0.999421073222632	0.385454545454545	0.944180225842016
PF08299.14	0.585731861407965	0.0699136608252706	1.00135842727602	0.978203994004833	2.79628850085066	0.302516022407242	0.337108601010849	0.404386580108931	0.999656891204345	0.376909090909091	0.936340032165506
PF03838.17	-0.591567139598962	-0.112305660784155	-1.01527006900209	-0.88244511413313	3.48526116642459	-0.194215314870138	0.390000004281288	0.554355563447031	1	0.555818181818182	0.998621643231107
PF07261.14	1.77354577768331	1.36317546645424	1.98279603363021	0.645673828203644	1.92490014923899	0.271389184167822	0.357333339085605	0.340869924821662	1	0.422753246753247	0.959774805803593
PF05025.16	0.898018024546191	0.194012880238955	1.59891138501648	1.35280218241685	2.54773735371436	0.412040321654363	0.259160571226217	0.357827012069498	0.998969843219638	0.223961038961039	0.866175406573636
PF01820.24	1.4557711631248	1.87420042981068	0.664773414928144	-1.09911590973907	2.08491198132387	-0.448580551797832	0.274483688019865	0.267260117442128	0.9999151575111	0.319493506493506	0.986090133459937
PF07478.16	1.47799507380253	1.86715134261231	0.673840630009718	-1.14316279432807	1.89053737824081	-0.526809998312023	0.255829458894841	0.206024872198491	1	0.269735930735931	0.984334888978986
PF00311.20	-1.87015341704073	-1.60547319585337	-2.08776024690411	-0.297508539256564	4.16212364265783	-0.0573227506938162	0.466666667906746	0.701936452239745	1	0.713277056277056	0.994627352328878
PF02092.20	-1.05900845609861	-0.377765873332043	-1.95382883019328	-1.41711511929589	3.70073286379056	-0.335354656471624	0.324450373828521	0.415613686472365	0.997548924148089	0.419645021645022	0.989959454639552
PF01165.23	4.89197489573474	4.86634374684727	4.91171221493699	-0.0192875796424392	0.634849014194367	-0.0233907863825307	0.487674883867214	0.716669058339813	1	0.802649350649351	0.999422548447463
PF07702.16	2.13308003732857	2.5325680916337	1.55435481860793	-1.0164325273813	1.67350792621626	-0.493235103869586	0.229846782932892	0.18114694390903	1	0.219177489177489	0.981087768061065
PF00908.20	0.40371169914302	0.214053616613902	0.556563561890369	0.321154463473261	3.0108588464319	0.0891478937232428	0.441039309340154	0.664393669218611	1	0.631705627705628	0.982006517930203
PF13450.9	0.814845412197045	0.517339162585151	1.08990992620643	0.520309198084883	2.3735101903258	0.182357415356386	0.389073955014824	0.590453972908004	0.99957913844059	0.531142857142857	0.957859765049003
PF03275.16	0.483828650758864	0.10771429020086	0.809084120234404	0.700807546670241	2.6551370395917	0.213415009319036	0.372666671709787	0.484985811008017	0.999662597862636	0.486268398268398	0.951890572599101
PF01451.24	-0.375523771105539	-0.308888961266288	-0.435593021789666	-0.053452970681156	3.5022587319674	-0.0128664847372756	0.492000000296372	0.758818762308476	1	0.782441558441558	0.993809700089021
PF00312.25	2.90145126289398	2.8801766403102	2.95393787812346	0.00906330033902325	1.1654470661835	0.00718551385750151	0.498334443765803	0.688838156953997	1	0.787844155844156	0.99382620651179
PF01649.21	2.02379909457081	1.67738317953307	2.38156350883502	0.681227103697661	1.55426732486948	0.377588534920968	0.312666674737943	0.442364051619931	0.998437016449644	0.335402597402597	0.923938303597443
PF03602.18	0.0129981642322559	-0.579990496416711	0.557953010879753	1.0335477256204	3.43019740631411	0.248606666109812	0.355333339180877	0.506257843720771	0.99989072372662	0.435935064935065	0.948540146446794
PF14490.9	2.22972549510574	1.44157973205625	2.81585571579796	1.39284940904449	1.51636680249305	0.830376951392399	0.154666691122907	0.0776727966895237	0.983179964197072	0.06795670995671	0.620104545954631
PF13604.9	2.27069643093738	1.60365486520523	2.83435393977217	1.21650565393186	1.35202949008575	0.805646955852798	0.172000021325098	0.100426611311206	0.985619826848893	0.0851991341991342	0.656035942215342
PF18335.4	2.22936045316557	1.44544527599678	2.79448178414334	1.32802511582939	1.5204679620646	0.817464853075594	0.163333356144567	0.0817639376007432	0.984755192993805	0.0657489177489178	0.631140289385481
PF13538.9	2.45719392036378	1.89597584521829	2.93266119414993	1.04993866391887	1.49689773637962	0.645305088208815	0.223184558401627	0.168004539312833	0.996818022787439	0.154134199134199	0.808683510841499
PF17774.4	0.0441828501751456	-0.059028802063839	0.169653762909044	0.190015917743734	2.75120156601635	0.0506104903397146	0.466666667906746	0.758791112020898	1	0.684354978354978	0.982770200020323
PF04472.15	1.44623394356501	0.880251488022386	1.77854739267342	1.02359508189345	2.50307016277544	0.335452051403541	0.322000007549368	0.304015940041874	1	0.323467532467533	0.953707297849171
PF02491.23	-0.464438277441524	0.22714946380666	-1.16951490118321	-1.25797441380145	3.68721669910956	-0.271045027556648	0.336442378526689	0.470560054002472	1	0.444242424242424	0.992195529720618
PF14450.9	1.99613238527217	1.84677204415657	2.21437599689882	0.406067646432706	1.61731590085521	0.219360743755349	0.392405067464063	0.564207806201104	1	0.515380952380952	0.968430302617351
PF01795.22	3.05457585937619	3.77061552293419	2.47534333224181	-1.20822304521077	1.32993255379611	-0.780458939632534	0.181878767270915	0.151194872355766	0.998539015220629	0.0913896103896104	0.984567210934513
PF02381.21	3.66378541453475	3.55567038051017	3.77913499413808	0.377743315119857	1.35698552733705	0.249288369387437	0.37708195020865	0.478616592907295	1	0.499961038961039	0.987929679799408
PF04085.17	1.35117551400019	1.19112108216004	1.51934058944342	0.409458085921629	1.65810448460126	0.207605138809426	0.395736179914541	0.547100381050187	0.999370300316263	0.535813852813853	0.962623399402386
PF06723.16	3.10587593023691	2.74023914883371	3.54138113055096	0.737228930006317	1.35791244258402	0.497753382564599	0.288666676196259	0.313244227797052	0.999526027768802	0.235489177489178	0.919278287777564
PF06160.15	0.18929230126525	1.20514106229379	-1.48492996049863	-2.70652602149136	3.08809918036618	-0.795068215875796	0.152666691527968	0.085669625096065	0.997560120644114	0.0976103896103896	0.94643233866768
PF01809.21	-1.30239602031852	-1.18815999255995	-1.44025015541547	-0.209549827010098	3.96993427803217	-0.0497946201071912	0.474666667607353	0.727770827248786	0.997775328098689	0.746125541125541	0.987041327900375
PF02823.19	2.32978308613249	2.37652704323163	2.2841410611878	-0.0185438099106126	1.58388199423422	-0.0123789739531066	0.493333333580291	0.813091535130161	1	0.812112554112554	0.998233795169444
PF00401.23	2.28625114734023	2.43556074440848	2.08505754934263	-0.288822443509839	1.80904739696577	-0.132198567590488	0.437708196877331	0.642998300538783	1	0.715549783549784	0.999816623376623
PF00231.22	4.12072563725836	3.92205150169424	4.42195916181215	0.55995406140325	0.777095230971852	0.654313755014532	0.247834789324005	0.177909876921353	0.99620750933671	0.19108658008658	0.820020241677901
PF00430.21	3.6416735651296	3.45033214841347	3.85815317830033	0.367472640428401	0.956029821090236	0.316272877073058	0.346435715798556	0.574618991721624	0.999934411598175	0.395878787878788	0.954619632563403
PF00137.24	3.33917062962375	3.13750262268452	3.55396092266763	0.398823107362146	1.07587807533514	0.345375201539691	0.347333339568994	0.482333657331836	0.999568417706302	0.42482683982684	0.966547186757694
PF13630.9	2.07902842090839	1.92730514336486	2.29602506361596	0.393152955014317	2.07132035359663	0.143846400976775	0.418387744606937	0.782338909831342	1	0.590112554112554	0.993959161092365
PF02878.19	5.4227482759829	5.24112509599296	5.5246939761752	0.278709952724528	0.800275969178808	0.308997085738251	0.363091277959396	0.349471823869407	1	0.440965367965368	0.989858970503226
PF02879.19	5.40716741125755	5.23503950687688	5.51245647505558	0.309332664126426	0.805605648721984	0.339648928034832	0.349333339470879	0.345956050480259	1	0.445047619047619	0.993905975365979
PF02880.19	5.41942032747822	5.22379652917792	5.52008295953931	0.290026372314783	0.788755603289373	0.332703819331167	0.355762830602743	0.334001134364865	1	0.422770562770563	0.992113932969175
PF00408.23	4.68352116546631	4.8969548547892	4.582666400193	-0.380053669309351	0.882340293086903	-0.37314214513628	0.338441045979447	0.407968917197835	1	0.466467532467532	0.999808765385045
PF19293.2	1.30763110236458	1.19665795063575	1.43198718778311	0.207321530227386	2.65275891935385	0.0539334637628739	0.465333334623486	0.750752327096145	1	0.682277056277056	0.996959009529306
PF02457.19	1.31655518800328	1.2219025910986	1.41162192254274	0.1894875767939	2.58736760139083	0.0516763697486462	0.462666668057134	0.75626023488263	1	0.696545454545455	0.996640219169202
PF01515.22	3.70627114273323	3.37402199155978	3.96264818489263	0.576972931578211	1.01676665947668	0.514524762731017	0.271152575664316	0.234090734448804	0.999194144440284	0.229683982683983	0.888587946624687
PF00121.21	4.98953648315578	4.78959795354031	5.22431421364262	0.496073824245632	0.781533806888261	0.625547130818048	0.255333345247989	0.182262737365249	0.998255265383883	0.181493506493507	0.857800226726133
PF00044.27	8.16467311051829	8.15342508864805	8.16521809682542	-0.100032467966617	0.819895032576244	-0.116554019133581	0.454666668359595	0.670753725351613	1	0.834640692640693	1
PF02800.23	8.1594756480095	8.16199830640618	8.15931715063091	-0.10475515326821	0.836422032199332	-0.135316987069128	0.448000001946984	0.662998949530992	1	0.841450216450216	1
PF04198.16	-0.980034879025656	-0.475637360341409	-1.5224632252477	-0.916731412622015	4.02247209141512	-0.198112354650827	0.386000004453745	0.566263173341067	0.999743689209688	0.590878787878788	0.996623310466248
PF00574.26	2.37794966179273	2.52605291026051	2.17278254761284	-0.425905906256753	1.32775692444521	-0.287847403424743	0.371085947812638	0.441070775057491	1	0.518367965367965	0.998794941637674
PF10298.12	2.4000926336352	1.8069826551548	2.82798084052807	0.935597184477492	1.74377844000655	0.503620211273258	0.282478357691991	0.252002543549479	0.999749933275798	0.222424242424242	0.913972262182522
PF14527.9	2.38173204654406	1.73078888542868	2.82606427770647	1.01398550033732	1.81413879366962	0.514336014615273	0.263157906031298	0.253243165086741	0.998359505253523	0.214186147186147	0.905274577692157
PF02650.17	2.39439904727738	1.76849289878498	2.84353807870092	1.00453102377365	1.75955935799743	0.536184558142698	0.255829458894841	0.244056375623447	0.998516685850393	0.214813852813853	0.901046208645549
PF01933.21	-1.60869820775447	-1.23017867457516	-2.05959829848484	-0.710408892777872	4.07550125220052	-0.143726597913963	0.421718857065464	0.630645489234916	1	0.645735930735931	0.996374519689269
PF03668.18	0.918006504315134	0.431214356981758	1.46405671933991	0.998188363833948	2.31709680276337	0.379519407700143	0.315789481567806	0.357790147933864	0.99928501066745	0.321554112554113	0.926015464317645
PF03729.16	-0.211809837806872	1.45620331330452	-1.56495464784553	-2.73909357325665	3.72388147720005	-0.634784823451573	0.200000017361103	0.225512105864783	0.997395486949409	0.155848484848485	0.976000813833259
PF02482.22	4.24055381192378	4.52758703438482	4.07802228268144	-0.30917641451284	1.14161722265424	-0.247935472030653	0.38840773252513	0.634259499614643	1	0.615722943722944	1
PF16321.8	4.07976896280618	4.10243207276928	4.06080518104552	-0.016695904829847	1.08315962380052	-0.0144285482757828	0.49266666693833	0.835284420688367	1	0.820147186147186	0.999460885443783
PF13743.9	-1.86388356297394	-1.68610687693983	-2.03265276535162	-0.291342027031361	4.1207161370068	-0.0619201394895124	0.467688209061577	0.696678774536286	0.999989486209277	0.725744588744589	0.989339831436423
PF05389.15	2.01510760638548	1.75047931173877	2.2662073769266	0.520153490147885	1.56975398977573	0.310436430850004	0.356429053089343	0.478531059132949	0.999361539192394	0.440320346320346	0.954405487244703
PF00381.22	4.17283971831344	3.76715046057753	4.84941025283	1.07952264338705	0.969846500456659	1.01684797776371	0.133244533029065	0.0663289037478155	0.983227691082717	0.036034632034632	0.572557702702356
PF01638.20	1.24828203358231	1.11437710563471	1.36527118860462	0.293641795208706	2.12490112406711	0.10793216865739	0.436666669050594	0.618712645242326	1	0.634095238095238	0.983300482874234
PF00453.21	2.55656120015356	2.4626007067011	2.65147523954778	0.163233768135714	1.21999855826474	0.104679181245335	0.437708196877331	0.770447676708764	1	0.645593073593074	0.981699792142999
PF01632.22	2.14354825258792	2.1775385468106	2.09609160732403	-0.043280290028803	1.38821692829418	-0.0276472160801872	0.485333333877011	0.767087891096736	1	0.7794329004329	0.995450692042765
PF05198.19	2.19117521379684	2.48981508207299	1.87302949421333	-0.630854432942135	1.2969810397255	-0.440419084254959	0.313333341366566	0.358078282386281	0.999622407715494	0.400926406926407	0.990336136585537
PF00707.25	2.2058086945305	2.52115965466056	1.89479579359267	-0.605638856174084	1.30406298418287	-0.433842681526577	0.313790814125779	0.337187864211315	0.999059462355648	0.384731601731602	0.990253679415028
PF01230.26	1.13494043639878	1.84621655711241	0.16404151804803	-1.45495025995238	3.14955579424669	-0.395892639212497	0.273151243077072	0.331352601704059	1	0.284861471861472	0.997632676603524
PF12732.10	-1.45619397818041	-1.43144155204256	-1.50177970935251	-0.234984875156006	4.29179025350288	-0.0424890756168945	0.477333334174568	0.719262328184827	1	0.739380952380952	0.997231131158833
PF13616.9	-0.564672887407977	-0.901608843127105	-0.153499820883374	0.827326119664574	4.6458625445396	0.163324540522424	0.419053967098574	0.664197590834404	1	0.602532467532468	0.988712632739049
PF13514.9	-0.884551155997814	-0.255537119170716	-1.52004362367934	-0.995384908934484	4.17086738235482	-0.203553480905101	0.383744175098753	0.583044596812517	0.999678893866761	0.584471861471861	0.996781272539089
PF06133.14	-0.995087682601254	-1.57437807409297	-0.430625104176209	1.12500774228084	3.71857545309159	0.262093571093099	0.363091277959396	0.493748967769841	0.999356796251055	0.445549783549784	0.933521639125541
PF00294.27	4.43742317697388	4.69646166910188	4.00909644376185	-0.814234852169629	0.974425892789266	-0.792577055977238	0.159227205416562	0.0680129423121402	0.997844734545239	0.0863636363636364	0.952453881489083
PF00781.27	0.504402201677794	0.42998514342393	0.585281936243811	0.14406102825049	3.67690661447019	0.0330554848681356	0.477681546463399	0.712337804521949	0.99988923764905	0.766649350649351	0.997533240916353
PF19279.2	-0.538601001567139	-0.388424464658975	-0.650678533707397	-0.222283506428401	3.59180920703165	-0.0467769253040037	0.467021986568215	0.752339685565102	1	0.756852813852814	0.995206626097448
PF07537.14	-0.855797084035889	0.190909284853842	-2.06154877897473	-1.97737341032235	3.76577515965288	-0.460269178611189	0.266666677714643	0.318907857459653	0.994308690781213	0.298367965367965	0.987356530432522
PF01653.21	0.972158794619053	0.63849604255107	1.3118204985281	0.61559044137605	1.97719006968923	0.290770573818249	0.359760165523463	0.483656720413504	0.998882490357491	0.459874458874459	0.942480513471722
PF03120.19	1.03270707621739	0.659586265348394	1.36226270991958	0.674248984154075	1.97600214050986	0.320751489617624	0.347333339568994	0.463888489367657	0.998672160965614	0.437168831168831	0.941949446903684
PF03119.19	-0.437470497660168	-0.391096089915796	-0.495167636278647	-0.136258947952501	3.98696776211717	-0.0277927922140494	0.487008661373583	0.773287672832228	0.999947820480975	0.79017316017316	0.994791770102963
PF12826.10	1.53691907500703	1.15946982084144	2.00764567308192	0.870893221875118	1.71074735391808	0.458231871424679	0.29913391958556	0.316796401777967	0.997372586049131	0.291372294372294	0.894184280948802
PF00533.29	0.99427249452518	0.612563769981273	1.35469437868403	0.698855396055552	2.02006781823138	0.30143438207202	0.350433050712716	0.462160565019137	0.997340560098628	0.418688311688312	0.934127612923464
PF03176.18	-1.13054123588549	0.0917265754630883	-2.048785983282	-2.05990147768007	4.21996767835209	-0.431367704021912	0.292471694816542	0.392203594858577	1	0.370038961038961	0.991904089768498
PF13416.9	7.37627017978004	7.09866326285828	7.6147382118961	0.535517627121318	0.603836258305815	0.81347436846423	0.182544989691855	0.0979569019967693	0.998655466798864	0.0623593073593074	0.752036103194406
PF13245.9	0.440969893478922	0.75270583398665	0.163698656062885	-0.676613246687448	2.93557290254553	-0.195475483446587	0.385333337816007	0.599421646586343	1	0.577181818181818	0.999019331413622
PF04131.17	1.58764565377489	1.65294531316944	1.46236724069953	-0.035793591978412	2.18701384574955	-0.0153930986253362	0.493670886310086	0.708113049344373	1	0.817419913419913	0.997865070506222
PF03372.26	0.806931464967208	1.36783788369947	-0.272582395065466	-1.63991940160031	2.51094617833363	-0.585965041514775	0.224666681302174	0.154071378668959	0.999986158425999	0.211398268398268	0.974820518720012
PF07972.14	-1.82685424038958	-1.65031925070461	-2.0000817487801	-0.293551317039028	4.25370253665809	-0.0565838416957637	0.468000001190059	0.708873908554847	1	0.734038961038961	0.994739763958634
PF00950.20	-1.86841910978224	-2.26153926841806	-1.48388190349893	0.807784942441441	4.27011264244151	0.163348495941282	0.416000003201469	0.613312858955418	0.999510920261017	0.570874458874459	0.961606872450523
PF04138.17	-0.361543221679497	0.0772943230775907	-0.904526666871235	-0.91944175824366	3.55869415330335	-0.212342977234407	0.384000004540694	0.567313689808759	0.999989604772106	0.56630303030303	0.998254621616383
PF02527.18	-0.571556528931945	-0.31248335746494	-0.878427594369486	-0.47171473955652	3.49720584173476	-0.101439571730866	0.446666668664708	0.643727571790407	1	0.688229437229437	0.995415063546468
PF02674.19	-0.419788621130349	-0.446288848738991	-0.397674044595311	-0.054271205046776	3.46526382383357	-0.0121559815244061	0.493670886310086	0.772241467533095	1	0.769779220779221	0.994615101414662
PF03358.18	1.72765206392719	1.54215324179547	1.93894987122338	0.417142620056377	1.61949242605724	0.215708753281556	0.397068624895069	0.616540892660791	0.999830469276463	0.532316017316017	0.971486620742499
PF03123.18	-0.353986103408994	-0.0727512892331639	-0.578125232287779	-0.449629784914962	3.83882498979928	-0.0885999663320116	0.449033979253343	0.732913766114419	1	0.739987012987013	0.999783443040977
PF00874.23	2.47148962697725	2.55561580581294	2.41696476125677	-0.58210842841088	2.13528532463081	-0.210637644434859	0.391072622484215	0.417427413076562	1	0.599809523809524	1
PF08244.15	2.47258948014353	3.71766692640273	0.838588089134341	-2.90823055459269	2.06633766300814	-1.37251254130823	0.0159896248810776	0.0215196225394961	0.971543782444327	0.00492207792207792	0.741446472905869
PF07685.17	1.16448064076302	0.838246080860811	1.36490533376869	0.575704413880082	1.91476586748687	0.252170723445386	0.369087280348433	0.419386441335931	0.999918264156429	0.450493506493507	0.951597816777606
PF06115.14	-0.323441026590677	0.565410445365996	-1.50026653254787	-1.98020741768187	3.14922845877727	-0.546408771834867	0.222666681502626	0.233996815784873	0.998475354684234	0.225277056277056	0.967844658197177
PF03062.22	0.639824509679167	1.24331876474122	-0.0523178137612739	-1.28625844364929	2.72955779895443	-0.396100195063131	0.279333343483091	0.272384541019025	1	0.325722943722944	0.991952667444599
PF01470.20	-1.01390767574794	-0.602834487233563	-1.46021956714346	-0.774432487485077	3.84224341072759	-0.182037260387081	0.40066667049685	0.585473172172816	0.999722019267797	0.58882683982684	0.996871184895992
PF02322.18	-1.25445035324742	-1.021644307053	-1.44269700366023	-0.432445889919619	4.03950284104933	-0.0820373794301339	0.447035311774745	0.688201607331851	1	0.706891774891775	0.998261906988562
PF01040.21	-1.53904897523619	-1.58081060800019	-1.49202158568958	0.239773618035713	4.20722156227733	0.0455506630308255	0.475016656489348	0.719169793867804	0.999025635700078	0.68847619047619	0.976985935698892
PF03051.18	2.64359018958982	3.52756936140009	2.0098612118119	-1.32741492727525	2.29059354007362	-0.507676254980938	0.242505009630695	0.203267041594052	1	0.178437229437229	0.996352914163195
PF00860.23	1.44682194141055	1.26002760744303	1.70342865216537	0.391947980550147	2.50339716909231	0.121568899307452	0.42038641208195	0.673941337597832	1	0.583411255411255	0.991295237801367
PF01276.23	1.1859976619086	0.684188202198902	1.70441920819747	0.935403822986859	2.43215638905096	0.294797197821451	0.332000007014083	0.488698434393833	0.999170787070351	0.37330303030303	0.948414802764586
PF03711.18	1.22257960941997	0.691668628501806	1.75229930772161	0.881106875760288	2.44447207220192	0.294341450162339	0.329780153690359	0.493021992002068	1	0.379419913419913	0.945082293278244
PF00011.24	-1.19486459249666	-1.18524481022644	-1.21201031592487	-0.0704956310337606	4.05558984720574	-0.015480123518185	0.489673551348137	0.741697753617832	0.999863592116041	0.776060606060606	0.988475846758625
PF02096.23	2.40181502898537	2.40538820168055	2.39716123375298	-0.0231226402626614	1.13292251561669	-0.0214212809490626	0.491333333654417	0.744697865053002	1	0.769199134199134	0.989584047915621
PF00825.21	-0.11455972261981	-0.153591096768102	-0.0677540403469106	0.131528695011345	3.29615130384003	0.0278337552296332	0.482000000667532	0.770823825884279	1	0.729064935064935	0.993770232557106
PF00468.20	0.865522420704674	1.11485013587207	0.693807285670539	-0.397085842782425	2.81957646902463	-0.110309296516398	0.426000002802118	0.678928559132383	1	0.668484848484848	0.999014751922827
PF02255.19	1.72710927097728	3.35079730486494	0.531200096779933	-2.4622216539837	3.56423625872103	-0.64810300113256	0.178666686942036	0.186858072030954	1	0.0955454545454545	0.991347660750631
PF00383.26	1.44894154690961	0.942506570005871	1.89854429466566	1.04847779462177	1.94233325842799	0.469474699123956	0.271333344042284	0.251025182669086	0.997026768106669	0.248251082251082	0.859109274953232
PF00398.23	1.21389444865629	1.68583031148605	0.441030719414989	-1.25064448828544	2.82461324220092	-0.387313580996717	0.295333342439321	0.279605826617118	1	0.347974025974026	0.998630707867077
PF06257.14	-1.08196577720644	-1.14506577367802	-1.02111968892359	0.105915499395277	3.74696497938924	0.0188482531397567	0.488000000444701	0.727438986581592	1	0.71947619047619	0.984741084527559
PF12804.10	2.02997707294581	2.50331907028619	1.67421372097071	-0.761569354231943	1.71838705635758	-0.371166331256883	0.307794811806282	0.317660416468092	1	0.367506493506494	0.996599839741336
PF03636.18	2.17853626387223	1.92955443488246	2.70783236487935	0.885107811864049	3.14521812802631	0.215268029769665	0.381333337990732	0.633980741497746	1	0.483450216450217	0.997742169973153
PF03632.18	2.20449464117009	1.9486388621252	2.67505462789813	0.928037845546874	3.18036938905899	0.231026670573808	0.37574950523133	0.635571956718359	1	0.457056277056277	0.996991183065879
PF03633.18	2.16571000177443	1.93562301481363	2.68909406614763	0.886093026264965	3.20807945949906	0.220718418036949	0.370000005163893	0.621704185958545	1	0.462904761904762	0.995056920888371
PF13419.9	5.64500941905729	5.58912397200594	5.72307281940049	0.0734108846000003	0.82447785448145	0.0796766713183492	0.460666668132528	0.816309655152736	1	0.758917748917749	1
PF19276.2	-1.88000116676718	-1.72202674566417	-2.0568368014016	-0.248255612580597	4.25282122036313	-0.0565010361548644	0.475016656489348	0.70126873042818	1	0.729380952380952	0.990543816364824
PF05066.16	-1.60936614950216	-1.20611141851344	-2.02331988899845	-0.711679389812502	4.13581224743601	-0.159966490074093	0.418387744606937	0.611440468906401	0.999948856027614	0.620748917748918	0.996793771506162
PF00275.23	2.8070797669947	2.87776428088189	2.73115833198806	-0.172564323596666	1.12077993778161	-0.145973904079055	0.437708196877331	0.634445908896251	1	0.691982683982684	0.999953358469488
PF03547.21	-0.00684853637786453	-0.755803364681929	0.630815717800953	0.964508508367258	4.5040421797534	0.185599358657166	0.403730849800456	0.601603066553102	1	0.566549783549784	0.989360170958101
PF01197.21	2.63863859292919	2.46636641493269	2.85462571074692	0.301618434122309	1.5368896824842	0.175785653513149	0.420000003040807	0.709253058673128	1	0.590458874458874	0.985978637284182
PF01648.23	0.169000550919103	-1.63785064669819	1.16523216143578	2.83167517498266	2.88002847358648	0.884542721310137	0.124666698513706	0.0615999029969745	0.979987209470307	0.0459307359307359	0.544201461664627
PF01168.23	1.69808099242363	2.17463516919324	1.16507179901484	-0.844860106146879	2.19393768280815	-0.282904862397976	0.317788149010891	0.56415258041443	1	0.40678354978355	0.998956958424216
PF00842.24	0.981039854993886	1.29718066650524	0.531527047431086	-0.624834674941457	2.27449897343747	-0.225018191807169	0.3777481726974	0.582554468815481	1	0.541437229437229	0.997032272827914
PF04977.18	-0.735485580346759	-0.0467884592766143	-1.58333028866837	-1.38154781527223	3.69848255912858	-0.32691506981763	0.335333340174044	0.446764952701782	1	0.453190476190476	0.992191645481109
PF01430.22	-0.34500919749915	-0.502295510690692	-0.223403811379707	0.272398466497351	3.28784570400955	0.0612060867435724	0.466355764074866	0.674241390255081	1	0.687320346320346	0.98553487620398
PF01207.20	1.14160204000892	1.51954646949669	0.524476789800748	-0.772257527997589	2.41043099153031	-0.258437739998916	0.367333338619035	0.571518895785114	1	0.524926406926407	0.999079907247677
PF00164.28	4.37905741016269	4.5106116576649	4.26708644598253	-0.231889223983179	0.703838625615776	-0.302300180774834	0.365089945421798	0.517314261962197	1	0.532748917748918	0.998492717932191
PF00177.24	4.94590464501721	5.07736397557357	4.70578320103859	-0.438600372929206	0.76139988737264	-0.538567644193363	0.263333344629637	0.180366878840203	1	0.262463203463203	0.99610270177524
PF00338.25	2.70802534526713	2.74943089138062	2.66119833192814	-0.0193263719224799	1.59377245141926	-0.00771779443765435	0.49466666686422	0.687321721319598	1	0.805181818181818	0.998111108684269
PF00297.25	4.19758504108182	4.19445910139889	4.19968201434523	-0.0821622400255606	1.03356692715436	-0.0699511125465994	0.465333334623486	0.671341163786096	1	0.783004329004329	0.999948207207701
PF00276.23	2.99699253279807	3.09403601964392	2.8254672971209	-0.278469518281118	1.18838871330333	-0.205372882286508	0.39800000394182	0.490844003750138	1	0.612541125541125	0.998916014527415
PF00181.26	4.47261943318236	4.47974725532524	4.46095878783619	-0.0566428770454923	0.66368290823249	-0.0800476585439798	0.46369087410161	0.709252738212174	1	0.758341991341991	0.998222972880379
PF03947.21	4.46155865386666	4.47508795634307	4.44794572334751	-0.0600183688495184	0.670930224370529	-0.0864646950507846	0.458000001566609	0.717965871207445	1	0.769199134199134	0.998876202016309
PF00252.21	4.41723779216777	4.55821852256557	4.2703154336695	-0.323985586618253	0.899019704173267	-0.327998503612095	0.347101938284043	0.393522570024622	1	0.486562770562771	0.999286079545455
PF00831.26	3.38582292513894	3.60600774110185	3.2712875781053	-0.321116630265956	1.06383505262554	-0.29287038224522	0.376000004893566	0.574608047362193	1	0.58795670995671	0.999513852813853
PF00366.23	3.85783284579589	3.88798452440853	3.84839338648324	-0.0365516622733484	1.12967805574414	-0.0265426801054062	0.487674883867214	0.764119722039691	1	0.841515151515152	1
PF00238.22	4.64531592180455	4.68325541426796	4.59730027239675	-0.120862070908777	0.602059093918868	-0.190408036440509	0.418000003120978	0.608091203487821	1	0.660354978354978	0.99909833911266
PF17136.7	3.69529387151103	3.66895966738559	3.73376373633373	0.0295132409930883	0.919647934534033	0.0257331285858415	0.488666667086636	0.74920140017509	1	0.760121212121212	0.993450389900887
PF00281.22	5.02740466075014	5.03568061318568	5.0164548911546	-0.0562185074495183	0.875236917126442	-0.0555210788855702	0.474000000965574	0.71588648790224	1	0.820419913419913	1
PF00673.24	5.0196040121266	5.01869548808108	5.01995037245038	-0.0479412364427558	0.859667802820144	-0.0452060433815986	0.474666667607353	0.723982733342956	1	0.835151515151515	1
PF00410.22	3.89976792248862	3.85432988781035	3.96262580368167	0.0848768322985629	0.926391651646009	0.0792640638476928	0.460666668132528	0.814533872194479	1	0.708246753246753	0.994406294690023
PF00333.23	4.47622056602494	4.49595583178427	4.45495678447235	-0.0867595192680986	0.694572651202045	-0.110351205718209	0.446000002023603	0.649180653216638	1	0.719108225108225	0.998197418247319
PF03719.18	4.47639615212628	4.4919759746544	4.45830556336813	-0.105733517660878	0.695385476830003	-0.127830726305667	0.441039309340154	0.644007706119189	1	0.719718614718615	0.998984183263024
PF00327.23	1.7074438710115	1.54569936330821	1.86964532728726	0.275823919618726	1.40927476060798	0.17483799500767	0.423051302049111	0.635852685706485	0.998787181706656	0.564969696969697	0.966801102959803
PF05532.15	-0.137986714850045	1.44389878223532	-2.14257160785866	-3.27205727848468	3.54336918667076	-0.841125778487363	0.125333364978809	0.0933599092815586	0.986404253583796	0.0658787878787879	0.922623211331295
PF00344.23	4.61350400817333	4.64898985026953	4.47521425642722	-0.138674741144152	1.01474173408677	-0.136015496280293	0.43637575189238	0.619981782471966	1	0.756588744588745	1
PF00444.21	0.373953517850388	1.09045335413956	-0.795516882418118	-1.9289762679153	2.60140234403584	-0.639489854001438	0.194000018120103	0.153797307400778	0.999792642804121	0.177272727272727	0.961685593408298
PF00416.25	4.09305304099744	4.18016558755605	3.99071190357548	-0.209355484207126	0.702430788862686	-0.280626757320585	0.382411730120278	0.497619220002848	1	0.550887445887446	0.99857563698129
PF00572.21	3.28501900586238	3.06622996984977	3.55648739299143	0.378933386703011	1.22118320981232	0.291308693283831	0.366422390397075	0.559100171634869	0.999338205976201	0.489445887445888	0.976461567995555
PF00380.22	2.31998422108419	2.16812389074161	2.50319503466991	0.37006999057597	1.69498431545208	0.179832126903606	0.412391742183836	0.639626796469575	1	0.583831168831169	0.984388831036329
PF01965.27	1.78512294693169	1.27902564407565	2.28948382193582	1.00660549759968	2.01231123162709	0.376567678477133	0.264490350968064	0.438974970651898	0.999563389514361	0.232883116883117	0.884020649669313
PF13671.9	-0.314009819709971	-0.120591704068369	-0.614328293472178	-0.380000167943444	3.53333795443937	-0.0815455448056111	0.456000001642348	0.64463071459221	0.999884201400526	0.713177489177489	0.996937302575475
PF00749.24	3.99855938522921	3.96633104937124	4.03721725041916	0.112392513481111	0.887700862380201	0.120755430534548	0.450366424239179	0.741804169234063	1	0.669645021645022	0.995673851998049
PF19269.2	2.61432309415243	2.62762133560898	2.60170443458744	0.0208925221264504	1.34712942818489	0.0161927631225212	0.494000000222254	0.799789970792556	1	0.766229437229437	0.993528157289912
PF03946.17	3.85137390326903	3.95622498627881	3.72255951981771	-0.282143732658729	0.95294269845267	-0.236657699512645	0.359093943036492	0.351941796053454	1	0.497753246753247	0.997732780982153
PF00298.22	3.86110994345948	3.96806007248348	3.73293398062682	-0.298711441197963	0.95363554874273	-0.228487188592076	0.347768160769613	0.349734904128176	1	0.496229437229437	0.998133070740242
PF00466.23	4.2211615514374	4.19050194094834	4.2626758993124	0.058410778852199	0.660463836108383	0.0698528245618343	0.468000001190059	0.755590290407452	0.998660680349106	0.704177489177489	0.985927653664485
PF16320.8	4.64191730836102	4.48043010795585	4.79101254660262	0.282391534047947	0.669065527033251	0.399754478155968	0.323784151346264	0.369420706609352	0.998937471519777	0.3554329004329	0.927453872801968
PF00542.22	4.65432261549791	4.52402648667609	4.79254425371331	0.281353683529344	0.658466291610588	0.389943788039257	0.339107268463884	0.416032347599242	0.999855609061445	0.401727272727273	0.937997897192003
PF02575.19	-0.545571225520108	-0.737672838043599	-0.357511520808542	0.452902589618223	3.59968675879586	0.100477596752398	0.444000002100421	0.682810465236318	1	0.632008658008658	0.982925619279043
PF02132.18	1.13439950609471	0.924887696674976	1.34174184863749	0.338196135039915	3.31986111794358	0.0804493040802473	0.442000002177447	0.718933393496834	0.999817544025969	0.653341991341991	0.99343239584915
PF13662.9	1.16254607501924	1.00395616114465	1.33758171180161	0.289899801670842	3.2480140385672	0.0689631865104902	0.449333335229345	0.714782951678438	1	0.663792207792208	0.995126496023309
PF06153.14	-1.6206095632201	-1.64939267134806	-1.58923187536047	0.00496036900729369	4.30717813682205	0.00146083153077595	0.499333333358025	0.769848374427539	1	0.734354978354978	0.992613281930234
PF00814.28	1.66569780645403	0.813553830530983	2.36481256131073	1.54581225279883	1.85970637692403	0.70572990749382	0.174000021002175	0.133372538326462	0.991188151002393	0.0902510822510823	0.674457118263355
PF00709.24	1.98917715502127	2.37970285611641	1.40066175859383	-0.965068360528916	1.69202515070778	-0.457550306353484	0.261825461095393	0.226732917142802	1	0.265298701298701	0.988021646238196
PF00166.24	2.32581240413554	2.08903295365788	2.62242714433629	0.54472223186461	1.41952641934182	0.335298079199882	0.335776156042623	0.447992126936384	0.99967392873662	0.408051948051948	0.951311848343858
PF05496.15	1.00748743845036	1.2865280277461	0.803087475773805	-0.380375792461151	2.47483863839227	-0.111122949548893	0.425333336161842	0.746664579753641	1	0.677593073593074	0.999952326039007
PF17864.4	-0.0423077637562486	0.285521969399205	-0.359672303453374	-0.753674607573404	3.7307824179356	-0.157542147477679	0.406395739763836	0.612879617975316	1	0.618753246753247	0.999475540450897
PF05491.16	-0.0373056675830101	0.305577296320942	-0.42136701117907	-0.716916089271542	3.64850374351622	-0.178232160436072	0.401065959837764	0.628379245536641	1	0.627987012987013	0.999927871015554
PF06135.15	0.876700617151128	0.781344034898058	0.990641019554552	0.306084345500147	2.50386675229794	0.106490498919428	0.442371754325456	0.659025655169678	1	0.667541125541126	0.991037418038941
PF06949.14	0.867645287461946	0.854552207874711	0.888451783147032	0.0579342436103589	3.08881749878898	0.0169904389086665	0.490000000370519	0.767942266021107	1	0.770445887445887	0.997828568006217
PF20297.1	2.08020715301083	2.20117427530485	1.85936116607708	-0.35188192805	1.4239146820021	-0.204594187844884	0.39800000394182	0.524322240785668	0.999921631069003	0.616805194805195	0.998346796013042
PF01177.25	0.543051308042962	0.733431249220262	0.2931063960289	-0.484031853894089	2.89788614182913	-0.127012127721668	0.418666669760886	0.634874536683923	1	0.666454545454545	0.998641392114603
PF01725.19	0.79157063078053	0.579558999896847	0.971061613223059	0.398752400563057	2.35954012448401	0.133538928976454	0.425333336161842	0.644839290440295	1	0.611995670995671	0.976562661517159
PF06103.14	-1.08597614867803	-0.209119950975674	-1.93170184429734	-1.57267480885807	4.0500001349453	-0.327929055932639	0.334443711074774	0.469808888471409	0.999452816391993	0.453056277056277	0.992609108366896
PF03009.20	1.75568733005217	1.99153388409925	1.59543627700994	-0.317590196369447	1.99788885242274	-0.125055541400105	0.425333336161842	0.698410793629421	1	0.67769696969697	0.999441764584622
PF00438.23	2.40118609354204	2.23179215348581	2.58254716353252	0.257093169846567	1.89122960201808	0.0990899223107479	0.441039309340154	0.815126268535186	1	0.641852813852814	0.993974407212207
PF02772.19	2.38994067739722	2.24199244477719	2.57163851936601	0.262187500862954	1.98754247560286	0.108407587123443	0.434000002487791	0.812538348947234	1	0.643493506493507	0.989686188888212
PF02773.19	2.39820252230478	2.24372202837723	2.5638698224616	0.24388263031683	1.91151808551299	0.0982557968240716	0.445702866789121	0.798143382415323	1	0.638900432900433	0.991601761492226
PF03352.16	0.859175441789787	0.417310676756473	1.25170399415895	0.857293303094458	2.09718456762463	0.343141381478254	0.32600000733243	0.362253150294165	0.998754613625097	0.368121212121212	0.914241977512275
PF01569.24	0.0530786455533701	0.53496427341888	-0.423322761461693	-0.724638604032837	3.32708516529641	-0.172861351295665	0.39800000394182	0.609410148341138	1	0.587181818181818	0.999068449692107
PF01895.22	3.58737128622465	4.00436511569564	3.20589121556896	-0.869734261234711	1.13695496921708	-0.698676722102828	0.183877434535728	0.100386987673909	0.999569602176009	0.118935064935065	0.968483484059142
PF00210.27	-0.727353263210266	-0.426074550252718	-1.06182546799386	-0.565567551685429	3.74742072354684	-0.121422448461177	0.426666669442425	0.663858310226196	1	0.67995670995671	0.998304933711438
PF09364.13	1.01769058561775	1.63544433513729	-0.125383100606438	-1.67327858926862	3.50717597126784	-0.441089806278794	0.273151243077072	0.294228265547349	1	0.287991341991342	0.998759464575082
PF03894.18	0.985144753473488	1.66857418833017	-0.154677744434174	-1.80023680588033	3.53738117330185	-0.461955203096175	0.267155240844119	0.280578587341345	1	0.271290043290043	0.996996425658944
PF09363.13	0.995873362464629	1.64665511119562	-0.104375339925444	-1.67777737900476	3.46559809661625	-0.417612385902816	0.277814800380107	0.285415018768619	1	0.298640692640693	0.997578229994481
PF00258.28	2.54131058904074	2.72356127963456	2.29052761819003	-0.450340454610995	1.76805029453572	-0.208384240165734	0.395333337387533	0.609966128279828	1	0.594515151515152	0.999879947938771
PF01250.20	4.00530498531826	3.87985498134686	4.08868747226569	0.134691377002313	0.880107885139514	0.140445444188626	0.439333335613819	0.733937863758756	1	0.667077922077922	0.995760274244214
PF10035.12	1.23602828992884	0.635830126541307	1.76686653914429	1.10152498955489	2.11545184736074	0.445259833234968	0.265333344480009	0.251006004726364	0.996986538034267	0.241034632034632	0.840707945690253
PF00829.24	2.60979618784406	2.71829210638845	2.49920197719622	-0.272059493237993	1.51941460290212	-0.138412564843356	0.410000003444949	0.517367522299585	1	0.643051948051948	0.999708547795162
PF01016.22	4.04936068678725	3.90043571191659	4.19032321024597	0.203664589951284	0.894897211083863	0.183443105655363	0.409060629727881	0.763753724599467	1	0.575541125541126	0.992898885006014
PF02463.22	3.50145163626742	3.42362049983601	3.57662263712765	0.169699913815591	0.861496375761427	0.178155748229229	0.42066666968082	0.601244053521272	1	0.579281385281385	0.977159626267257
PF01192.25	0.900662441334187	0.629897753004014	1.10488133057444	0.466681434842977	2.62929812404613	0.130850202434535	0.404397072291237	0.55605525436981	1	0.561787878787879	0.97213308099311
PF00830.22	2.42470696044792	2.37504714194502	2.4584799121008	0.00761251957376352	1.29723041868171	0.00521233416736771	0.498334443765803	0.744794610350185	1	0.781991341991342	0.996624820047332
PF13684.9	3.6084573525657	3.6996982679781	3.54743939341855	-0.171102033889375	1.0995929529747	-0.148231444772424	0.426000002802118	0.71848862238516	1	0.718385281385281	0.999823408151139
PF06470.16	2.14980082105395	2.0415024619913	2.3029100031978	0.263941409725902	1.24163353411668	0.184410199465924	0.412666670003021	0.637407541011206	1	0.587614718614719	0.966850554784588
PF04297.17	-0.535634046396711	-0.527905010469258	-0.551294773617522	-0.129707366579034	3.96229949839208	-0.0352217262257527	0.487008661373583	0.76463321046273	1	0.794320346320346	0.995033452307147
PF00886.22	3.33071815855754	3.26906917556723	3.40033950299085	0.11479169475633	1.63619011389986	0.0599580563546286	0.464357096594903	0.839540843693106	1	0.763528138528139	1
PF10502.12	1.27477848471462	1.60284624025591	0.968571829979179	-0.661582474415579	1.80328702774081	-0.303498062218856	0.338666673336384	0.454891337550609	1	0.48112987012987	0.994587200293477
PF01726.19	0.743559279044735	0.118626153646595	1.14116130268902	0.990210666880358	3.29137752175144	0.269771200466677	0.352000006007865	0.450784157981117	0.999975272727522	0.423554112554113	0.964935551358906
PF00717.26	0.991544633165965	0.638986124535676	1.14259674549836	0.514075384649394	3.38979810826673	0.134281926709462	0.423333336241206	0.563310355744151	1	0.615735930735931	0.989885757735742
PF03672.16	-1.61319515660514	-1.16762017543083	-2.01097023973311	-0.710895417527497	4.17452593372926	-0.15385405734619	0.417333336481106	0.605731702506385	1	0.634753246753247	0.996850428394638
PF13641.9	-1.30513749213977	-0.607103472325646	-2.15448367878181	-1.40809438660713	4.01403199063721	-0.30396834256552	0.34133333986791	0.460204313188277	0.996888904411135	0.45561038961039	0.994582461723304
PF01255.22	1.0897071539328	1.18218500432059	1.01223342053067	-0.187040466956191	1.81032666762569	-0.0983838867734392	0.457028649169526	0.717127208516607	1	0.724008658008658	0.992964505387024
PF01148.23	0.463729479652188	0.633999301482043	0.301597012000526	-0.199965873735377	2.54021534670301	-0.071808515028776	0.464000001340281	0.730666921685354	1	0.721441558441558	0.997736622823395
PF02576.20	0.31288714300265	0.826689808391246	-0.147680240278647	-0.856341778996901	3.02008347856921	-0.23209048836159	0.376000004893566	0.631200702008648	0.999994412069857	0.555350649350649	0.998203342230872
PF17384.5	-0.147725641816397	-0.150153381353602	-0.145895006980558	0.012212007763865	3.36820827669917	0.00399088016508792	0.499000666259482	0.74313405872485	1	0.758069264069264	0.99612251850419
PF08529.14	2.68260894834991	2.74682287366005	2.61158787159152	-0.109114252947403	1.012534179194	-0.102061704269007	0.456000001642348	0.717560349902331	1	0.733264069264069	0.998019142741804
PF13184.9	2.70051640486651	2.7431798216927	2.64566960183336	-0.0686063893206263	1.00467975335442	-0.0604653764444954	0.47368421150238	0.715214591778992	1	0.737987012987013	0.995320534725886
PF02033.21	0.210715902439083	0.224769172917537	0.203254812869869	-0.180873667126993	3.61378900787873	-0.0426226464043734	0.477333334174568	0.777529726742425	1	0.803056277056277	0.999242188229987
PF00436.28	3.12668583685289	2.81988313402966	3.34082972592767	0.56074719893043	1.2427122227192	0.352815169598095	0.307128589326967	0.293709074105459	0.999980619360974	0.313761904761905	0.922703628046878
PF01628.24	1.34765437138215	1.90005388383344	0.455702508439514	-1.39291743967723	2.46940296795866	-0.501017357801943	0.239840119790646	0.178324311204015	1	0.232636363636364	0.98381285553107
PF06421.15	1.8398620168614	1.96665544167302	1.68443840854803	-0.287361914697632	1.57108166277513	-0.139954522100736	0.42066666968082	0.555395459665377	1	0.647151515151515	0.99821852386514
PF04343.16	-1.82735684458699	-1.55227260886198	-2.08155160800064	-0.650434741458151	4.5122366567306	-0.133197495398189	0.438000002332155	0.661212486793635	1	0.674424242424242	0.996909956193801
PF00365.23	5.35574821598177	5.47185549751971	5.27274477084821	-0.223978516698923	0.65790127125268	-0.308543081951456	0.368000005255151	0.479756693999155	1	0.53617316017316	1
PF14714.9	1.93208763384258	2.22342615444842	1.53299930244752	-0.779408521093336	1.93354158850747	-0.302293584289549	0.306462366847782	0.277043591660535	1	0.386965367965368	0.991668470737077
PF13174.9	3.05743151482911	3.27743899484057	2.82055044684498	-0.617637884024533	1.62046535883454	-0.332479823962087	0.353333339276837	0.406482933737772	1	0.472536796536797	0.999916247264596
PF03572.21	3.19249060683143	3.84938930868413	2.88445935121094	-1.21850551886375	2.02605853869664	-0.462303557939006	0.278481022852703	0.20423244444125	1	0.259380952380952	0.99804158916452
PF01471.21	0.140277609281418	0.257730199518082	-0.0853623199360989	-0.300896601013937	3.98156660471507	-0.0637113980175699	0.457694871662661	0.702896584625537	1	0.772350649350649	0.996884432661289
PF02481.18	-0.588458869584125	0.0868870848716945	-1.4068340373726	-1.49096242989326	3.17467799857357	-0.386545031920884	0.297333342315177	0.347210513435659	0.999449937053292	0.364709956709957	0.981545902867169
PF01084.23	2.50483961932512	2.35739596723871	2.72665168541492	0.391932936830538	1.50158182182016	0.22888125122906	0.393737512444108	0.608793889898994	0.999993751205264	0.531844155844156	0.981449343421294
PF13396.9	2.01531735837421	1.81580015817248	2.24160739346948	0.495379035974798	1.41795505361411	0.288804801264754	0.354000005911439	0.451468108769397	0.998490862368014	0.428987012987013	0.939838669869907
PF13091.9	3.29147261916451	2.9867737232023	3.50804452628465	0.555551241309113	0.953118715636211	0.523209066409112	0.267821463313649	0.228913058735397	0.997302798604619	0.233532467532468	0.868220467388823
PF02899.20	1.83587774693479	1.93281113812286	1.70481182698062	-0.170187891364065	2.02610141859495	-0.0556781381627765	0.452365091718084	0.748076835415399	1	0.733562770562771	0.996927604387902
PF05525.16	-1.80548885555043	-2.16175977054397	-1.47943364265573	0.636393156383738	3.96896852304578	0.129932649701351	0.425049969524827	0.633246392537529	0.999719168857962	0.57817316017316	0.960902021307219
PF00160.24	0.914504445561815	1.5042734120272	-0.0701738755807586	-1.36549515763802	3.10877896093448	-0.393705392908637	0.276666676999855	0.323107592256705	1	0.314948051948052	0.995186283547666
PF02386.19	1.4218448085009	1.09850273544494	1.75880377511784	0.479243657176067	2.61996099546925	0.13571667442633	0.410000003444949	0.654427398391486	1	0.553467532467533	0.992561403836743
PF00082.25	4.43620939869863	4.75858265453142	4.06399624816662	-0.644737709680181	1.64440895673628	-0.299004456188433	0.300466364541095	0.270317023978207	1	0.323857142857143	0.999832417792645
PF02225.25	-1.584606887315	-1.13652189214343	-2.11306211185921	-0.870919439318285	4.30509125326102	-0.181343119299393	0.398666670580509	0.598513937690353	0.999499532359458	0.608645021645022	0.996133631069746
PF06280.15	0.1642733702123	-0.372597486146487	0.59640032312319	1.01962648334362	3.4256025753228	0.259837809528515	0.368000005255151	0.523812178325343	0.999850003672859	0.459571428571429	0.968997623476634
PF09136.13	-1.59409490341939	-1.69785801711608	-1.45183294610205	0.275318584873772	4.21674434951737	0.0526362146198315	0.47035309903515	0.717891078821487	1	0.688800865800866	0.978879191057562
PF00988.25	0.210202336743293	0.811313032864471	-0.461504171990371	-1.13278424339899	3.12228939964592	-0.322987541331507	0.321785483900142	0.432560791565189	1	0.424588744588745	0.993955618258569
PF00395.23	3.77844638148199	4.03155865736776	3.45662727077597	-0.568304211301759	2.09594672452179	-0.21406643715231	0.358666672355798	0.438793852770644	1	0.479536796536797	1
PF12627.10	1.43239617147674	1.26363192424882	1.54980240268995	0.315242363738009	1.89176825183544	0.120760524191813	0.423717524540984	0.531343938115684	1	0.591835497835498	0.973533728828013
PF12146.11	2.33973124127815	2.19716673988067	2.47827973803492	0.304745672808051	1.41386735812546	0.194615337286568	0.397333337303178	0.538364149176755	0.999892622660762	0.546168831168831	0.975280203592106
PF13086.9	-0.256295560757213	0.283908778700455	-0.61431587986586	-0.84030449599027	3.67510497348321	-0.185315618501773	0.404397072291237	0.641119585722414	1	0.619225108225108	0.998754619207952
PF13087.9	-0.272963005678249	0.264659890707081	-0.617524372901292	-0.894095816201717	3.60792312903471	-0.198941501622291	0.396402402404781	0.644428831557172	1	0.612229437229437	0.998650658326069
PF01593.27	-0.00456488595477555	-0.967401446739498	0.911203735437648	1.85894045789686	3.64127891231939	0.448680912017543	0.27466667713935	0.343648370200797	0.997921831450345	0.24652380952381	0.876678732849672
PF00355.29	-1.88255542387562	-2.29732539622693	-1.47457525105575	0.770811583579449	4.27950159350733	0.163693306879875	0.423717524540984	0.615673769594546	0.999330210387714	0.574112554112554	0.962442157644841
PF00848.22	-1.889537786487	-2.21234390573689	-1.55350850451556	0.643950137440816	4.1623468566899	0.135263964970536	0.435709529399944	0.651004761675398	0.999427285962841	0.606575757575758	0.959434446424688
PF02867.18	0.493563813608695	0.770190485641604	0.108727623097736	-0.641910870944699	3.01640470843676	-0.163250378601268	0.405063294782061	0.535636403697695	1	0.614510822510823	0.998395509770342
PF03401.17	-1.83522891527464	-2.20304777484432	-1.43008381421019	0.620576957150533	4.25995145236305	0.119953183354329	0.428666669363533	0.630504771405011	0.998862407280712	0.58308658008658	0.962845124647654
PF00669.23	9.45439588965495	9.61677974505607	9.32541727501735	-0.329581696728424	0.603146308991196	-0.472096821158711	0.350000006105005	0.329454622734732	1	0.465329004329004	1
PF00700.24	9.52661357868862	9.67253251274642	9.19762267845925	-0.488594187111982	0.567415955465549	-0.656065456950869	0.29780147463059	0.197409004184862	1	0.292095238095238	1
PF00682.22	5.75154827883969	5.68464857764388	5.85329768382705	0.221013167991949	0.505937829127156	0.420172547953453	0.336000006806324	0.337052258279202	0.99766686013949	0.381809523809524	0.936623394603293
PF02436.21	5.67999415967403	5.60916851007718	5.81028266465541	0.239784815824399	0.509508519348019	0.441252597463366	0.321333340919238	0.36052798038399	0.999527771370277	0.354545454545455	0.943162488986626
PF01973.21	-1.55944253436598	-2.18109073109426	-0.642508888781846	1.79057890562339	4.54990099355009	0.340272675933355	0.342000006501016	0.45401312766292	0.997781040772787	0.402692640692641	0.929595546668076
PF02784.19	1.35056013573875	0.71498030368832	1.73854116153084	1.03569808112501	2.3929887080032	0.365786293138668	0.291139249864532	0.263665304775469	0.99981259954832	0.282385281385281	0.911077650391471
PF00278.25	1.28196615210862	0.920462008176134	1.56144212783981	0.692094032848506	2.81769188849096	0.186534673074194	0.383744175098753	0.540419397034205	1	0.50265367965368	0.975683586781744
PF05378.16	-1.77965571049597	-2.14921847517257	-1.39704139161149	0.705094652406902	4.11964684972476	0.159161224545002	0.413724187166488	0.631662900007263	0.999585068981134	0.583519480519481	0.964028083489746
PF01968.21	-1.82137801450807	-2.23689152627427	-1.46372973141956	0.798463570641472	4.20835712586057	0.171410006553904	0.410393074710145	0.621451525832586	0.999019744994766	0.566961038961039	0.955193774153386
PF03703.17	-0.78384925707252	-0.99628029555883	-0.622255792063572	0.483698207816402	3.86745394902117	0.104044876903328	0.442666668818415	0.659936996148713	0.99999900189637	0.645952380952381	0.985653519466249
PF13519.9	-1.00175515313055	-0.922479979110882	-1.08352993693253	-0.181970918320737	3.96920668861098	-0.0332892341265763	0.480346436437592	0.745454476037752	1	0.76812987012987	0.991256774389611
PF13585.9	-1.76583109609255	-2.03582742547774	-1.44492693443095	0.592853403385948	4.03600600698342	0.117536237713636	0.433333335847159	0.649734202028834	0.999853731195622	0.619597402597403	0.965768001423754
PF11638.11	0.243580878453134	-0.336643319210994	0.839007237557243	1.08175992835607	3.03758700855622	0.280041647346395	0.329333340487885	0.506738905200218	0.998836252790747	0.378896103896104	0.934165123143902
PF20434.1	-0.684641732617585	-0.301235044893754	-1.00011927885503	-0.577070583967178	3.95302037889515	-0.135953878114155	0.428000002723133	0.643506233336859	1	0.661445887445888	0.998539443038214
PF19890.2	0.122394260617001	0.413073048224694	-0.0523227768351662	-0.319016561935004	3.57751172009634	-0.0680000716052016	0.460666668132528	0.772121977459022	1	0.753627705627706	0.999645081253337
PF08543.15	-0.0628765574880541	-0.0944293976928279	-0.0174521562970256	0.196229812086208	3.21551320071389	0.0509643509864037	0.47035309903515	0.732649464038816	1	0.695255411255411	0.990327297415067
PF02581.20	-0.458974829647607	-0.460246395925605	-0.455714973777415	0.136963080845317	3.68987010977622	0.0270067176152792	0.480666667383788	0.76893065414285	1	0.745930735930736	0.995965673059188
PF16338.8	2.59942665054239	2.92948976554525	1.96330905509779	-1.13388128291691	3.26867407752352	-0.323382757650567	0.342666673134211	0.335940804334801	1	0.421359307359307	0.999781003310415
PF13802.9	1.10987992176232	1.45724534157231	0.906499233664754	-0.549905782823985	2.65664214780196	-0.162016333359255	0.410000003444949	0.682027943216286	1	0.650251082251082	0.999988868274583
PF01055.29	5.06027646115898	5.02154350814924	5.29760335850665	0.21283440350043	0.905427105884073	0.176738177406547	0.417055299623771	0.870315868157412	1	0.612229437229437	0.998108166500692
PF17137.7	3.1318339877443	3.47569613519141	2.34546450378278	-1.16534346597078	2.32144627396305	-0.440306507002178	0.288000009572812	0.236294193101748	1	0.284103896103896	1
PF02872.21	1.06469270986313	1.10730230958716	1.02233720641033	0.0562418460105674	3.46583299262689	0.0162326172066604	0.492338441322757	0.796804114638185	1	0.790095238095238	0.998631234820147
PF13476.9	2.34735692146659	2.49144189155176	2.14333940075435	-0.300513400902148	1.37580703926067	-0.193996616487999	0.406395739763836	0.579858522175198	1	0.641974025974026	0.999082625851541
PF13558.9	2.42581837474721	2.11164143554527	2.71102988886669	0.593285496437099	1.39466418099171	0.403496536408044	0.31845437149215	0.345313326125642	0.998627340460039	0.318103896103896	0.918757765346707
PF01773.23	-1.4026250251748	-1.2011416871711	-1.62842444834235	-0.255161650703331	4.14311457046827	-0.0484001500425497	0.468354431554951	0.708905308054434	0.99988147613771	0.744060606060606	0.99296535670617
PF07662.16	-1.37364967913099	-1.20407534368132	-1.54263640865405	-0.271929614854709	4.04414841171922	-0.0519800376319737	0.471333334398563	0.724636004787858	1	0.760753246753247	0.996530090381065
PF02574.19	1.71766529366889	1.50899437234331	1.87832063914703	0.420818731650417	1.90227039966395	0.17353144827636	0.396000004026034	0.512130014632169	1	0.532406926406926	0.98441714183382
PF02737.21	5.34149501114289	5.18624001660775	5.44243589098549	0.402185299013416	0.793150432503811	0.4774259674552	0.304000008577276	0.262558247515131	0.999809095824221	0.297952380952381	0.956132009023153
PF00725.25	5.35534168557169	5.16767415071753	5.48056117630352	0.432297928299196	0.788122319911587	0.512983909160755	0.288000009572812	0.238442546968679	0.999722452433847	0.25625974025974	0.938746982905663
PF00370.24	5.05487042674034	4.61655475106534	5.52411835498172	0.982284014729315	0.740515519342349	1.321585845637	0.0566289908007927	0.0133494699684607	0.923331005713628	0.00750649350649347	0.279728684461095
PF02782.19	5.04184215391779	4.60303436459695	5.50840375425169	0.988003365959274	0.741898545262772	1.32336687158834	0.0566289908007927	0.0146040436833044	0.929472346111123	0.00822510822510819	0.274759477691313
PF13192.9	0.161250703001243	0.664824831178881	-0.567208026258587	-1.10339089222083	3.08483883436783	-0.300272307324931	0.331333340382384	0.426010722865811	0.99993282103042	0.438822510822511	0.992056794683258
PF10417.12	-0.959786363292587	-0.857901139429719	-1.05250711178987	-0.381737756187923	3.8697959214047	-0.0898904133189532	0.456666668283751	0.747600256311538	1	0.744203463203463	0.998258988463196
PF02449.18	0.758521997950597	0.157223804987025	1.77374501442314	1.52074379712138	3.4420937773922	0.371985242607346	0.310000008224679	0.380288340719611	0.999949899386182	0.295735930735931	0.95468372403798
PF08532.13	0.749362347605754	0.134924821320147	1.79817661505851	1.5761490108265	3.34338329267622	0.400027905070541	0.303131254453829	0.385525633316573	0.999622834245976	0.289376623376623	0.948214978057506
PF08533.13	0.708579994083919	0.124415670537075	1.81702348778787	1.50818710218593	3.29133681474624	0.380800376800593	0.30533334183134	0.396706324808717	0.999926111226162	0.297588744588745	0.934340070038253
PF17762.4	1.08547026715207	1.06864172966956	1.11172395665631	-0.0321433038585965	1.7635525670031	-0.0163545111076859	0.491333333654417	0.769026102901238	0.999892622660762	0.751493506493507	0.989930447356245
PF06570.14	-1.87458437723199	-1.72215155841321	-2.03007763591503	-0.481736940088882	4.3057450454417	-0.0939097912439352	0.459027316648982	0.690276786581466	1	0.725281385281385	0.991411251796835
PF01676.21	4.5485658432805	4.61149793205819	4.48794465461475	-0.195816828888641	0.815631724024638	-0.214224947919152	0.397333337303178	0.514460658144794	1	0.615367965367965	0.999962401795735
PF02885.20	1.03863169037823	1.46754505178063	0.571312536576014	-0.745615101512904	2.36329377902126	-0.238051519934647	0.356429053089343	0.578526442609822	1	0.478675324675325	0.997920704079576
PF00591.24	1.04139291754094	1.48946800751623	0.572093921906919	-0.76780061772409	2.33736040154307	-0.24987667651105	0.339107268463884	0.583686372648471	0.998112195914456	0.484541125541126	0.996895842169108
PF07831.16	0.980331531582202	1.44617561644367	0.545521509260421	-0.773380196105503	2.29021430888268	-0.257474256643016	0.338000006703729	0.563768816891807	0.99958181823946	0.470649350649351	0.996819602822866
PF01782.21	-0.952323706015331	-1.68148889087534	-0.287422105797236	1.27598693028099	3.80200343103593	0.296121903659645	0.350666672739211	0.471463629151271	0.996545999852545	0.409	0.921726065747785
PF05239.19	-0.376775166186309	-0.201546508720835	-0.60319125514828	-0.299496913026249	3.27858909967247	-0.0709464130968013	0.459027316648982	0.686410125860945	1	0.729077922077922	0.996498528326263
PF13083.9	2.85231797468964	2.53634180799735	3.07595141370432	0.496572306683355	1.38089559172458	0.326121989443811	0.358000005720664	0.511687807028087	1	0.44874025974026	0.966577672411801
PF01715.20	0.616043003235855	0.783097990416942	0.400251532639214	-0.357908807389242	1.99105041914407	-0.161403509202775	0.425049969524827	0.616464508459987	1	0.651277056277056	0.996765538131105
PF01812.23	-0.565555350363224	-1.11873498959881	-0.0221217047349747	1.03806043834219	3.73436048427604	0.23601751482006	0.370666671800271	0.548786461635547	0.999164473627468	0.472038961038961	0.954316103664638
PF00485.21	1.95583468855072	2.41156495538811	1.26401170335238	-1.08752586209783	1.69888583124771	-0.530249138242074	0.242666679631739	0.218247167258754	0.998740031207284	0.235839826839827	0.986705005181704
PF05437.15	-1.87617357353492	-1.6601589460931	-2.02316702165047	-0.318747747093657	4.29206349233002	-0.0657552316978188	0.467021986568215	0.705335086116658	0.99983893697052	0.723307359307359	0.988965570647897
PF01783.26	2.29654943185364	1.90753229501021	2.60253526411555	0.652147612232662	1.32357232413641	0.433680398590382	0.297333342315177	0.342741736137813	0.996246845496381	0.301645021645022	0.887392955537229
PF02620.20	3.50321569140963	3.19524760511829	3.75569508842647	0.595789843301977	1.36380203885679	0.427324137551631	0.312458369165026	0.324185728069046	1	0.304155844155844	0.950729200851613
PF01149.27	-0.695037612888203	0.389192289040206	-2.10167888292556	-2.361769937398	3.34804500633523	-0.631144399994373	0.216522333906437	0.199015658291815	0.997118603460481	0.194419913419913	0.964002483710747
PF06831.17	-0.611467440588536	0.392471082404663	-1.95468079912944	-2.24184635680345	3.33771166595182	-0.605103735032376	0.21319122167346	0.20878649036119	0.995211739003315	0.20582683982684	0.973083063018557
PF00085.23	3.05056248345834	3.04824573405206	3.05634566571788	-0.0583486291995916	1.07152918173007	-0.0505717470198309	0.474350433995858	0.696949708576735	1	0.778701298701299	0.995467551481456
PF03413.22	1.3011719306485	-0.480817877477442	1.81985542630736	1.75259623581201	3.82195757617356	0.401765946653623	0.296469029676195	0.290772331082239	1	0.271761904761905	0.94736279023262
PF00809.25	2.43320971608577	2.38809323031197	2.46381995116651	0.111275176105435	1.4876355301527	0.0654704781705031	0.467021986568215	0.733039521769528	1	0.734805194805195	0.997451853779296
PF01475.22	1.94866335218402	1.68362267482011	2.16991647815003	0.510737878971768	1.46859037071005	0.325917754982039	0.348434383255266	0.415768974559673	0.999360758007483	0.431632034632035	0.938179952496212
PF01268.22	3.83605330104247	4.05657748552927	3.52759755887848	-0.506092800919363	1.04839293992166	-0.448345039971551	0.30200000869719	0.288690518675412	0.999990988921904	0.36082683982684	0.998074977119254
PF02222.25	-0.651571834562441	1.24810768183471	-1.46669767769779	-2.25077977997772	4.31996066042293	-0.465320969698414	0.288474359962378	0.385336222228788	1	0.329147186147186	0.992510553632066
PF17769.4	-1.48073408030453	-0.900398261202945	-2.0279440310106	-1.03045422064584	4.1978560110839	-0.212889782610841	0.382000004628139	0.560664266022841	0.999678893866761	0.566069264069264	0.997285700789573
PF02350.22	0.0876059437585832	0.556954404832261	-0.359970118313161	-0.804086028765795	3.47530673445106	-0.196366931901513	0.380413062652985	0.592340496971374	1	0.588558441558442	0.999053316361325
PF04262.17	-1.17838727813889	-0.733460961359856	-1.60781732476622	-0.758054065924232	4.26266848174124	-0.153125606155701	0.42038641208195	0.658191013218895	0.999893966586293	0.675164502164502	0.998952991387774
PF00909.24	-0.871944436369644	-1.12863121587786	-0.620869836481421	0.586964111732452	3.76900354802055	0.121079731436482	0.432666669206554	0.628096934885788	0.999526116357392	0.592008658008658	0.968147850298881
PF01416.23	1.46535874285319	1.66105919691143	1.02387744655279	-0.611583743819162	3.52930301652971	-0.161923107474469	0.390000004281288	0.542930817345909	1	0.63230303030303	1
PF01808.21	2.3221932974411	2.65682994590585	1.96554553701712	-0.729341363421405	1.46056124507843	-0.475382558733167	0.290473027388758	0.298529712451236	0.999267003480139	0.352177489177489	0.993931946837668
PF03976.17	2.02213530511135	1.89801335176517	2.27568813424777	0.338003568237855	2.68468239157399	0.0963572226026775	0.431333335925431	0.709724831106995	1	0.613242424242424	0.996121406175882
PF00203.24	3.73334032485912	3.90038326796651	3.57003167664597	-0.370338060135029	0.809315179832963	-0.423522030387345	0.315789481567806	0.329619572160889	1	0.393718614718615	0.993872948059039
PF06750.16	-1.82364821763379	-2.13618801503222	-1.46672105339616	0.644072015012844	4.03491467214693	0.136310675484582	0.421333336320866	0.645785789306379	0.999950200514146	0.585354978354978	0.957705381612558
PF05848.14	-1.88911431615696	-1.69858485810624	-2.04397438698483	-0.299275240064315	4.29154230548	-0.0663466989640983	0.460000001491024	0.704341280418366	1	0.727034632034632	0.986336265156179
PF17727.4	-1.82055963873557	-1.57500699050373	-2.06243462923959	-0.466014833888982	4.22456812207903	-0.0927642587848433	0.453333335076917	0.687610314613146	1	0.71195670995671	0.994615855212317
PF00313.25	5.19971333065819	5.25593013745778	5.097478165587	-0.158211305926597	0.674750448883522	-0.227986671944485	0.395736179914541	0.530053788934362	1	0.61265367965368	0.999768904103143
PF01988.22	-1.80980346026171	-1.65608399022735	-1.98663971401374	-0.256031647189396	4.19451980366561	-0.054008952764381	0.47035309903515	0.717691000098168	1	0.738272727272727	0.990174544494267
PF00939.22	-1.87666579208774	-2.16569815480387	-1.56709550739546	0.631071477217135	4.3030680475184	0.122948715601065	0.42704863700083	0.64806873126735	0.999939413338182	0.601545454545455	0.965021545252358
PF07929.14	-0.564774586311319	-0.533159750129662	-0.588380606257554	-0.218776385327522	4.08123295409719	-0.0417276013302739	0.47368421150238	0.756909101082144	1	0.76934632034632	0.998577204350919
PF01270.20	-1.56398416980486	-2.12271428939895	-1.07921298322891	0.959848618901908	3.96353003358959	0.204243129915627	0.38974017750457	0.56352631671335	0.998632997030884	0.515506493506494	0.937406137309522
PF02133.18	1.1764294993439	1.06987430703961	1.29244570535384	0.161585472475618	2.46870166721874	0.0512555672785044	0.471019321528573	0.77869260471947	1	0.74778354978355	0.997041356300963
PF04260.15	-1.86100790361901	-1.67278042532275	-2.02275575548566	-0.295632607699617	4.2420214021883	-0.0608143652837691	0.47035309903515	0.726854103395417	1	0.728818181818182	0.993148723025945
PF02540.20	3.1708644442467	3.65509504983098	2.79502791365667	-0.853798650934112	1.61751828143895	-0.3875539946316	0.234000013740834	0.385809843806757	1	0.181632034632035	0.998743469246182
PF00958.25	2.59996818819396	3.39006586443922	1.80217645538958	-1.58312716971902	1.52770863526468	-0.980770901955541	0.0993333748000427	0.0617352009872476	0.997066237972852	0.0349307359307359	0.905593168736772
PF12698.10	1.9348291193236	1.85477020415012	2.02943402206898	0.152729816455918	2.26035861722497	0.0627821266734299	0.465689541581532	0.801241616369894	1	0.760095238095238	0.998633193002539
PF08402.13	4.20487690815897	4.35940812442433	4.00186905123123	-0.23966501741198	1.16431524832512	-0.204395040000273	0.422000002960946	0.647091734602269	1	0.704528138528139	1
PF03611.17	0.0715041881469718	-0.467550421332668	0.596303069227692	1.04988192791222	3.72829321107695	0.224748997674808	0.369087280348433	0.557647236468995	1	0.473030303030303	0.968768669643578
PF03099.22	0.942434914141984	1.30418404774318	0.569447071094315	-0.646407451209384	2.19829361380503	-0.221304781454017	0.37574950523133	0.65689568245842	1	0.549606060606061	0.99779470027068
PF10437.12	-1.57290607751898	-1.22400834954475	-1.95866285918091	-0.643231712028931	4.09124441940129	-0.137153961028917	0.423717524540984	0.630303598219866	1	0.652714285714286	0.996579802574149
PF00173.31	-1.71539353356943	-1.5050925774412	-1.88074236019555	-0.261830182488255	4.36630997439438	-0.0526589421765089	0.469686876541738	0.722055397689464	1	0.731272727272727	0.995833377457104
PF01545.24	-0.26615626874942	0.0803512273606239	-0.574140103734695	-0.519695666985309	3.54976557143259	-0.121742553978015	0.434000002487791	0.714661604027104	1	0.690108225108225	0.997936834952871
PF16916.8	-0.575636190892413	0.0628812558961709	-1.10638172983	-0.936270948925535	3.66918296562911	-0.212676914728382	0.381333337990732	0.565115380481122	1	0.535601731601732	0.997209251523465
PF13412.9	1.88873855111202	1.31942711848018	2.34572971616694	1.05334010128985	1.57095103583831	0.620857734656546	0.227848115569919	0.17861795652855	0.997016685488439	0.16252380952381	0.794792598295096
PF01037.24	0.566274736249142	0.76164256811635	0.366869838720897	-0.442693734356728	2.82106221834673	-0.117123224982408	0.438374419369845	0.63282644784507	1	0.677277056277056	0.998191523098618
PF00375.21	2.32041449328951	2.56272611647251	2.09911050203114	-0.431247455050976	1.50510103349072	-0.271268010778728	0.36175883298481	0.52281833286288	1	0.543138528138528	0.998320256560157
PF01087.25	2.17311513607957	1.48726165490812	2.83816834261428	1.31493312566308	1.54093778464246	0.772794638881107	0.173884098274512	0.138133887783548	0.986749063185829	0.0792987012987013	0.683481966317674
PF02744.20	2.14755218347794	1.47146606348065	2.83110049349865	1.28514233889214	1.50545136096321	0.74977534487789	0.177333353812666	0.15162011107523	0.983863352024452	0.0953030303030303	0.673763576663766
PF13350.9	-1.92272651180156	-1.73577686327752	-2.10422307131295	-0.394441236980424	4.27142759593148	-0.0708478755744084	0.464000001340281	0.695468723987153	0.999041743607048	0.720727272727273	0.991636369174034
PF04204.19	0.395091163223541	0.450684723620688	0.312416167673468	-0.140968635820033	3.30700216345957	-0.0354208995053794	0.473333334323805	0.751741000976833	1	0.779155844155844	0.996428706498222
PF12784.10	4.57687768465018	4.41123856552674	4.71392016278344	0.331880723112508	0.707731397970678	0.4519965800025	0.311792146684833	0.30001168932008	0.998948710605977	0.304935064935065	0.933715167407157
PF03606.18	-0.772142975998046	-1.6161432314135	0.00469263828476141	1.56791821592882	3.89537768482185	0.340811036310857	0.312000008109442	0.406145114636359	0.998065185040678	0.346679653679654	0.913570381264116
PF03853.18	0.441687640469441	0.760798714186188	-0.0777640694187083	-0.699996448327603	3.03557800518201	-0.183421434029285	0.385076620077449	0.538924656959574	1	0.593619047619048	0.999369676355391
PF19258.2	-1.88120609003743	-2.26829029392966	-1.39797721740359	0.89070863737404	4.26315221136989	0.184018896423108	0.402398404819022	0.600939963146794	0.997918442077874	0.560298701298701	0.951767635918894
PF01022.23	0.731990484876855	0.427666978760717	1.00160311702517	0.393747493922271	3.30609037302146	0.101887477379766	0.436000002409853	0.687759793290279	1	0.642203463203463	0.993219429142714
PF12822.10	2.25392805180821	1.25803437286062	3.02933794532481	1.64003647873968	2.37860580279694	0.647979795685558	0.188540991509475	0.119870254136505	0.996760435375708	0.0852077922077922	0.756484685344951
PF03590.18	0.302379618219624	0.804369495694225	-0.215325365803011	-0.943069079053342	2.79623020810454	-0.284525096465105	0.348000006202873	0.497810276602496	1	0.493532467532468	0.997780888864714
PF01641.21	-1.07247267950481	-0.766358499434114	-1.37315445861953	-0.534740951228392	3.62328559884785	-0.128811789504077	0.425049969524827	0.6128201777823	1	0.646233766233766	0.99612512983669
PF07969.14	-0.941176537426135	-0.26756609552616	-1.5792426562737	-1.05410174870919	3.85526830182222	-0.230626190201662	0.367088612884815	0.536597680359	0.999290583941976	0.5254329004329	0.996546150166379
PF00334.22	-0.447091552980586	-0.0782902034827577	-0.936955516392497	-0.81140149295075	3.53965489946813	-0.187825709521969	0.393737512444108	0.544750942480385	1	0.56265367965368	0.999346093919662
PF02541.19	0.320553932315543	-0.180396788126766	0.937622848221324	1.01184806423678	3.05429281069377	0.280877585464793	0.346000006301487	0.512854993298945	0.999504671982271	0.38612987012987	0.949980716216293
PF02146.20	0.846383889595479	1.11145395238736	0.568681400705257	-0.613241555483772	2.4971495016402	-0.205155336056097	0.386666671091537	0.479756036737584	1	0.560229437229437	0.999484798558573
PF06028.14	-1.83427170253699	-1.74366211217592	-1.93152713374893	-0.165118570042831	4.29348163543656	-0.0270991891781894	0.48500999389272	0.732952404945499	0.999198885219743	0.755510822510822	0.985910971591983
PF04203.16	3.60295371073596	2.70611377491037	4.08401474818278	1.35554422317535	1.38562559036925	0.953170887121248	0.120586308900179	0.0543741038654087	0.994789084429426	0.0348441558441558	0.538157388198722
PF04011.15	-0.208920561394317	0.522330930661393	-1.03148595046665	-1.35274488491594	3.49565700091078	-0.310998968715585	0.32111926141832	0.442129959693721	1	0.416632034632035	0.995843925667957
PF01435.21	-0.879994660379845	-0.625640726198165	-1.05777764745756	-0.548004945898371	4.40110034026309	-0.109918265395022	0.447035311774745	0.722129600799272	1	0.723528138528139	0.999027034690051
PF04960.18	-1.52631747638601	-1.55038631507703	-1.51894678334343	0.00483156789820782	4.29170799051842	0.000778019897751735	0.5	0.758358068781081	1	0.749212121212121	0.989398231270397
PF01171.23	0.99617794183118	1.39030947345296	0.46193748241169	-0.983495014171635	2.43667385332806	-0.343964042141885	0.319333341029517	0.336357962899814	1	0.421935064935065	0.997636674507752
PF09179.14	-1.85675987512418	-1.69622896947501	-2.00772258061787	-0.376741845765497	4.25757984115528	-0.0741168115251886	0.459027316648982	0.705367926746454	0.999664991850914	0.724497835497836	0.994664026418555
PF02837.21	5.44345092190612	5.30770269037231	5.78202167193828	0.375173762780456	1.26441298905448	0.291980265295365	0.370000005163893	0.568827718804642	1	0.446658008658009	0.999834264431882
PF00703.24	5.41753788361055	5.30902028158519	5.73917205839582	0.311831307295348	1.23064955154286	0.226336298665435	0.390666670919393	0.655812997477333	1	0.504212121212121	1
PF02836.20	5.63224343476487	5.46400692175498	5.98766137772288	0.452072078528967	1.32156191802347	0.316262015477845	0.374000004983114	0.56038673025024	1	0.439463203463204	0.999931904218515
PF02929.20	4.5711401258436	4.39310151167895	4.75886413222764	0.298895026771495	1.42461488807303	0.178221960866625	0.431045971953661	0.778296564102349	1	0.621558441558442	0.999696016427308
PF06026.17	-1.8612099302109	-1.78762454690177	-1.94344767981161	-0.198632634808479	4.26171195540821	-0.044063480141198	0.476349101476354	0.721617600112726	1	0.757705627705628	0.989884105016224
PF13468.9	-1.86982424509355	-1.61954621052563	-2.10277929597111	-0.28399744977113	4.32527407788656	-0.0602025035482576	0.46502331908821	0.68928680684311	0.999741715395295	0.712069264069264	0.992704630495722
PF01741.21	-1.82827991052555	-1.56547524354727	-2.04936561012749	-0.497674609091038	4.2540233657275	-0.10213209098994	0.451698869225096	0.684287728755298	1	0.711367965367965	0.996485880383794
PF03807.20	0.560768405318618	0.364065285891368	0.7659855415035	0.317077955223865	2.6313415058154	0.0852694400409993	0.445702866789121	0.728063222821396	1	0.640601731601732	0.976887320915688
PF14748.9	0.572631552448401	0.36949653400918	0.789618879839452	0.374219116982292	2.64195382923455	0.10550789329108	0.435043306907536	0.701237172094496	1	0.61934632034632	0.983190268858875
PF00317.24	-0.0392865863020369	-0.274953583757878	0.289250043565239	0.481984366872684	3.47187910307044	0.111821954301155	0.428000002723133	0.707095678468265	1	0.626424242424242	0.984719659151475
PF12169.11	2.60500560257625	2.38733617663193	2.82470604532728	0.45053653571293	1.54025949197352	0.25863232077987	0.370000005163893	0.571813688005508	0.99978498949037	0.465666666666667	0.97503229527198
PF02223.20	-0.73874351659652	-0.96392115053866	-0.570915603351464	0.364435009557769	3.61393729579824	0.0878020742693953	0.449333335229345	0.661461269600861	1	0.655298701298701	0.982672773983826
PF00590.23	2.20637512406811	2.20007854553171	2.21185010525316	0.0124960835451953	1.64046740864674	0.00708243489257209	0.497668221272125	0.7609221916356	1	0.798935064935065	0.996824920419873
PF13089.9	2.04537912651337	2.14552431203008	1.9078465971467	-0.17472152308863	1.77685968093409	-0.0690720861451608	0.459333334849536	0.643004092121751	1	0.741645021645022	0.999828530084148
PF02503.20	1.98376292651423	2.09149256330589	1.86496405040765	-0.189913989831546	1.8503616248163	-0.0674829994499781	0.453333335076917	0.634626805199109	1	0.730471861471861	0.998882460599496
PF17941.4	2.04895696138372	2.1145274659592	1.96143353712323	-0.156213925145141	1.78905921322378	-0.0740360888538676	0.452365091718084	0.658654808030993	1	0.755402597402597	0.999997444684945
PF13090.9	2.02306782415751	2.1037179056615	1.91542349627768	-0.181401473138189	1.82645389749619	-0.0665136707746472	0.458361094155813	0.630395093884525	1	0.741134199134199	0.99702837797005
PF00795.25	2.50672483155169	2.55796735425019	2.45589510369687	-0.148233437750022	1.55713432864809	-0.0708970125056338	0.447333335305835	0.680224503191031	1	0.747255411255411	0.999605601469238
PF02589.18	-1.08743184353141	-1.2123406710861	-0.934225595371335	0.262337857247	4.27740735525311	0.0431969866307627	0.475682878982846	0.728219671388294	1	0.718121212121212	0.989606941001895
PF13183.9	2.30365080239677	2.23149907718186	2.4181536110151	0.270919325984881	1.76637502702148	0.131542610450202	0.437708196877331	0.780495573578754	1	0.688333333333333	0.997706185941534
PF02873.19	1.67532345421248	1.68136546609294	1.66884634748839	-0.0707347250358481	1.84367083581785	-0.026872099737291	0.481333334025656	0.688550535163139	1	0.796402597402597	0.997298568635696
PF12802.10	-0.539608403967038	-0.919860808400942	-0.269884799376996	0.625074833482436	3.59861518183777	0.145929527289663	0.42105263457369	0.5800435779103	0.999966503119341	0.580727272727273	0.978425013568664
PF02566.22	-1.79396581461955	-1.70249391031843	-1.86947839306352	-0.188448301479369	4.14687224230975	-0.0343706438104653	0.479333334100075	0.718961658253009	0.999403405569457	0.742571428571429	0.987167339640385
PF02274.20	-0.255023262362335	0.71669013729371	-1.37121347747248	-1.57093588203462	4.02483114518511	-0.324465274050418	0.332666673645881	0.426186411602052	1	0.430268398268398	0.999225659401985
PF07907.14	-1.8765732227353	-1.64413652235019	-2.04260875096342	-0.398502213012692	4.26868213973867	-0.0804508093242246	0.455696204183309	0.709138478494577	1	0.72648051948052	0.989578979342931
PF01098.22	2.37912725738993	2.05669909459696	2.63156950259304	0.597649908340088	1.28907077281798	0.432054202328419	0.311792146684833	0.340929166916055	0.998432149064777	0.342038961038961	0.910829743311433
PF00083.27	-1.75424601399193	-2.11356048568659	-1.40902777144136	0.717272711153599	3.943435612103	0.14679618353335	0.416000003201469	0.625147602604067	0.998741811282425	0.582580086580087	0.952724112249635
PF00596.24	2.28057678757638	2.19317525346652	2.43221815224225	0.149338234502622	1.68844606421394	0.0707452745474276	0.461025984128586	0.787458509391323	1	0.693571428571429	0.993095853905795
PF02610.18	2.1980645227648	2.11673301630124	2.29122406575409	0.162805635809328	1.3967617289939	0.0987173705997026	0.447333335305835	0.699681549871052	0.999849406303575	0.647047619047619	0.979748163988599
PF11762.11	2.16313845651808	2.09326774944882	2.21509605313781	0.157633039342705	1.37591781895583	0.0959932846595135	0.457028649169526	0.730021339320191	1	0.699199134199134	0.99292559456194
PF04002.18	0.34934433032937	1.02439248531559	-0.411318317416164	-1.40586395713341	3.27251281343768	-0.361060321718597	0.293804139769162	0.377739514737208	1	0.367722943722944	0.997632739394589
PF04093.15	-1.23742888231966	-0.902765327986661	-1.53729766165471	-0.615785231673105	4.09290262555987	-0.12843155916515	0.434666669128451	0.65102230164448	1	0.663627705627706	0.997527407950669
PF00532.24	-0.997703229343262	-0.522585007576142	-1.47030427922789	-0.905418976966859	3.89289937781378	-0.208435294222568	0.378000004804562	0.558548582544783	0.999978430894885	0.571593073593074	0.997307447845812
PF00994.27	1.52226733495824	1.57278757291275	1.47193510719467	-0.152394065405962	1.66091193440325	-0.078141100978732	0.461692206621819	0.722234181740506	1	0.750255411255411	0.99822269568986
PF18146.4	0.555038858740534	0.257708383919421	0.764605850380706	0.642132788048385	2.50477944614766	0.205521592829748	0.391333337557549	0.456519188797157	1	0.508363636363636	0.965196626348267
PF02464.20	0.790652289420771	0.742186225519048	0.845380160715392	0.254218185624958	2.28153242759336	0.0843497882714332	0.451333335153042	0.585163546755519	1	0.660125541125541	0.988405372394336
PF00108.26	5.91565235805339	5.78525397582901	6.28256193249006	0.401199063433412	0.708674050222422	0.541396494719609	0.30000000881834	0.25694446334374	0.999849408691428	0.241229437229437	0.953554286610961
PF02803.21	5.96209900630045	5.83754544407494	6.30146956973906	0.378975276963979	0.717957902700286	0.495310757467107	0.295333342439321	0.26104644627615	0.999784104679373	0.25369696969697	0.951516573061479
PF13344.9	-0.713238626069232	-1.69765744369259	0.105851146601934	1.58813408946258	3.43303384558966	0.388072464187585	0.287333342949525	0.37343784523175	0.992966633580776	0.296779220779221	0.86900103620388
PF13242.9	0.667969564158946	0.0486599324272214	1.12779647029279	1.01230741091806	2.67251790517707	0.293898885208644	0.335109933558651	0.428522196500458	0.999379467670618	0.388649350649351	0.93608106389255
PF10282.12	0.910424325946191	-0.022999151907956	1.50180803410539	1.64873594250352	2.59686300308788	0.544008299062068	0.225183225757369	0.162808896270518	0.99741264421339	0.170675324675325	0.79670828088473
PF00266.22	3.71987141934015	3.6646812977262	3.75142781962083	0.00939163854218528	0.948590643898141	0.00934960878470239	0.496335776284772	0.776328791928784	1	0.761099567099567	0.997609299781072
PF08866.13	-1.8382344132661	-1.67567138983397	-1.98042424685776	-0.24802735791957	4.17854150883539	-0.050071406880701	0.475016656489348	0.70375458244437	1	0.738424242424242	0.992249008334356
PF05979.15	-1.08661636868197	-0.766368902798421	-1.44888348714259	-0.635116941210193	3.7023437714243	-0.151957716976963	0.406000003609039	0.61416350065256	0.999602477640499	0.633909090909091	0.995333826683337
PF04296.16	-0.168289087111852	-0.182573452910813	-0.140543575919267	0.0217281079824199	3.3797196498028	0.00476114684702103	0.497333333432102	0.76899103569883	1	0.751757575757576	0.995872911281354
PF01248.29	-0.680722807296198	-1.0290431838941	-0.416195415018966	0.567698159022626	3.62708398406983	0.140482200202222	0.418666669760886	0.626655357882612	1	0.606545454545455	0.973300024994287
PF01509.21	0.597628812992674	0.913218219819441	0.280137723093551	-0.580200449482022	2.04830800308467	-0.245538262023475	0.367333338619035	0.486701129150927	0.999602477640499	0.523701298701299	0.995872987731761
PF16198.8	0.552193437779161	0.878473022669083	0.216625759899342	-0.68104072407757	2.10652058325602	-0.268888803234819	0.363091277959396	0.470436260039293	0.999674262035199	0.503285714285714	0.995360362974238
PF03444.18	-1.16197723603458	-0.947377308691743	-1.43611413817937	-0.302600180452198	4.26645352353804	-0.0582319404287998	0.467333334548396	0.71450380234555	1	0.746640692640693	0.998556915082754
PF04452.17	0.542597249888491	0.86151781705713	0.149088384333057	-0.658605708393246	2.68260711712838	-0.200953139237528	0.379333338078856	0.54673102284407	1	0.568619047619048	0.998784033044284
PF14698.9	1.10245675428799	1.14506632396736	1.07230721332846	-0.242888432319639	3.15135747438673	-0.0562400329103142	0.461025984128586	0.766448377787197	1	0.801688311688312	0.999575506116137
PF08279.15	3.00541052784443	2.99890470499095	3.00998188339056	-0.0537213177976437	1.21686567649496	-0.038243161828659	0.480000000741928	0.745611914838695	1	0.813852813852814	0.997507822589537
PF02237.20	0.756461311539617	1.03074976296535	0.463307098356399	-0.544557560250871	2.77532651078324	-0.164476115795262	0.410000003444949	0.647209177601272	1	0.637675324675325	1
PF16124.8	1.4826013487158	2.38908366643114	-0.0934113917530057	-2.35386340400818	2.84385074077647	-0.727291367482083	0.178666686942036	0.100069225571439	0.999911459896683	0.104272727272727	0.985563567569142
PF00186.22	0.364946376125475	0.692431910917117	-0.0527380891557971	-0.779663475187403	3.05323597165508	-0.207983693668833	0.37708195020865	0.508524845482212	1	0.557536796536797	0.999045336096683
PF01351.21	-0.734451817001368	-0.43625312296418	-0.973935076688074	-0.434716214027063	3.70118619846791	-0.103057908966821	0.442000002177447	0.689897791494656	1	0.698411255411255	0.999075523912021
PF00926.22	-0.517212283275927	-0.359431085776488	-0.665147742601563	-0.207422947756948	3.42843428954004	-0.0463888383191038	0.470666667756838	0.742564927216902	1	0.757688311688312	0.996013713292705
PF00925.23	-0.537128377483084	-0.451748508149184	-0.621343655157019	-0.0983688767188067	3.51782722485913	-0.0249964404646905	0.488000000444701	0.750684907818077	1	0.763761904761905	0.990172512113621
PF09586.13	1.05567701636045	1.18533490470938	0.99557449323601	-0.284044792212983	3.66688263298486	-0.0612748441979839	0.462358429115068	0.799249478078748	1	0.806056277056277	0.999713795638324
PF19295.2	-0.165922671112114	1.09368262425383	-1.56299555243904	-2.63315518551093	3.43038514053928	-0.67162211831718	0.197333351026475	0.170631537680436	0.992295530281366	0.152939393939394	0.967918184940913
PF01458.20	1.64104688419363	2.08108804260153	1.28244609482384	-0.827040096004678	2.03721427837732	-0.379406742469484	0.331112598656842	0.410339564801607	1	0.435060606060606	0.998513113269212
PF00196.22	1.19817955568352	0.951354649063822	1.47977659764521	0.556249142773059	2.56610657801514	0.169504786879587	0.391738844974114	0.602790507111279	1	0.537536796536797	0.97823754698046
PF01145.28	5.02961068120589	4.90246532957944	5.15436048804542	0.218484487403491	0.679874801008882	0.276066665983769	0.367333338619035	0.628784113946682	1	0.463125541125541	0.981644495086836
PF16875.8	2.88317478002618	2.92121569398952	2.83737668230559	-0.0583538161988493	1.19674668310991	-0.0455368516260642	0.478666667458231	0.759230580581248	1	0.799320346320346	0.99762895179926
PF02065.21	2.92912766002122	2.98538558993299	2.85191814202928	-0.0971961005481488	1.19985242461162	-0.0740025899301942	0.4633333346987	0.710182591392241	1	0.770718614718615	0.996557811260942
PF16874.8	2.89679838447474	2.9359680516646	2.81136037007179	-0.0834539210038336	1.17638735764501	-0.0641113668483215	0.47035309903515	0.729180125054049	1	0.778774891774892	0.998842186859263
PF02424.18	-0.219304236005041	-0.0226743124451714	-0.439595817090214	-0.492777134876756	2.91918425588153	-0.119295515701482	0.425716192016797	0.582381626021398	1	0.642112554112554	0.99461135163945
PF03787.18	-1.76706695990981	-1.61795441952712	-1.92222315908611	-0.245783026719853	4.14679583287262	-0.0540612199662085	0.471333334398563	0.730290965255866	0.999305400172037	0.73852380952381	0.993559037646116
PF01590.29	0.121927520386783	0.308676722650403	-0.101169137817466	-0.541735673531806	2.97000799704138	-0.154569841825943	0.411059297201336	0.584515937241167	1	0.634662337662338	0.998491347680644
PF02224.21	0.596080385977209	0.990871483000822	0.240535800078687	-0.661534079611674	3.1365372364784	-0.150276963569378	0.406666670248255	0.711409867303957	1	0.6174329004329	0.9992931551523
PF00691.23	3.24441910901417	3.0116405045227	3.59073026206612	0.525056829476379	1.18808327797401	0.384920144419686	0.307128589326967	0.427576360001143	0.999637136781582	0.322073593073593	0.947642042853872
PF00490.24	-0.905515402727507	-0.218845635023249	-1.43893204383001	-1.39363802958929	4.13168742744077	-0.269294536056846	0.366000005347005	0.539708884320167	0.9999151575111	0.52017316017316	0.998390367419544
PF02569.18	0.789451465591823	0.933369312299615	0.598877442889265	-0.371648648373538	3.01556508769026	-0.102414381006696	0.438666668972974	0.67539748513454	1	0.709212121212121	0.998222059915696
PF20437.1	-1.61283972121484	-1.1836876539938	-2.02785233830091	-0.799982516879477	4.18757769253113	-0.175687112738752	0.410000003444949	0.613287228887692	0.999931216930758	0.634194805194805	0.996615615146149
PF13654.9	-1.53786207442097	-1.20738343529923	-1.94562445255129	-0.558478532475825	4.15685476555472	-0.105040481376721	0.430379749461449	0.634337826922092	0.999911459896683	0.648125541125541	0.997901181628154
PF20436.1	-1.61267294252232	-1.20901435023232	-2.00747054082144	-0.666150112269234	4.22391833690485	-0.143794768210182	0.423717524540984	0.64245506619835	0.999789641622046	0.669961038961039	0.996605133942397
PF00415.21	-1.86571692562337	-2.16543936255077	-1.51823787908015	0.734872705062372	4.10489058259692	0.162695780854003	0.422000002960946	0.651938756105401	0.999412048651619	0.605809523809524	0.967810207766364
PF13540.9	-1.86207714762671	-2.17645329943295	-1.51866753185826	0.6771103668577	4.20573507847422	0.127359035685279	0.431712194445903	0.6457350651488	0.999241345723777	0.595822510822511	0.957723293001862
PF18019.4	-0.884643160836626	-1.67572283261989	-0.248170747470586	1.3487305164192	3.58609152274498	0.340621584980346	0.318666674399836	0.411285716712859	0.995888629350962	0.368	0.908360708185113
PF01627.26	5.32448091911686	4.90682941960122	6.11764975995869	1.25953579820178	0.84479284013759	1.47042131941939	0.0632912073550645	0.00817497858527011	0.901626754083195	0.00769264069264065	0.324986577362671
PF13646.9	-1.57679154053741	-1.70153894394208	-1.43867600692467	0.210401601171885	4.42522867386379	0.042482399240383	0.478666667458231	0.720232225470928	1	0.684718614718615	0.98080982634948
PF13186.9	1.95363847261145	1.93868538047182	1.96551607046231	-0.0132036713101229	1.51351010202363	-0.0103223829103491	0.493670886310086	0.663431058483125	1	0.780112554112554	0.99586250710148
PF02638.18	-1.35620208882083	-1.19476012133967	-1.54024177513009	-0.184254363069171	4.13381031420249	-0.0420552822283791	0.474000000965574	0.715955225218168	1	0.748099567099567	0.994437443292483
PF02368.21	7.85200629985861	7.43840999229711	8.00849369399404	0.845101418939529	2.10214882490115	0.354791212940186	0.316455704048718	0.247752965395544	1	0.288839826839827	0.999104444898062
PF01548.20	5.80823105377352	5.56020448009517	5.97112627448866	0.442225094391981	0.666434502229658	0.620341952706202	0.214666682338143	0.143463868849388	0.99981345593892	0.125948051948052	0.818292284336701
PF08502.13	0.810220116809	0.698063173573701	0.993146699881418	-0.0766895449248484	3.82055498024122	-0.0157507745597439	0.489333333728575	0.732490676614176	1	0.827809523809524	0.999510992429471
PF01702.21	0.0113698016141921	0.462113491780971	-0.506088696830424	-0.882835067111755	3.75349682887888	-0.209029536009518	0.380000004716091	0.544153030188502	1	0.556995670995671	0.999962401795735
PF17912.4	6.8222113146245	6.71847711744752	7.2617017243126	0.543647362195821	0.729353748432036	0.71016601180292	0.261825461095393	0.140846582932263	1	0.174779220779221	0.934380514718577
PF03459.20	6.38130996634273	6.28824225309697	6.67253520366506	0.44216114191495	0.658344785514476	0.611955719914205	0.27981346779843	0.182065710171957	0.999747302337082	0.218774891774892	0.946234658367551
PF13365.9	2.7953717861587	2.93768988252739	2.58554692200172	-0.361136340301491	1.62026468607865	-0.207241627698107	0.404000003691644	0.575414874380551	1	0.622030303030303	1
PF00498.29	-0.167000997415628	-0.502721878885514	0.0566175999581517	0.620613314270314	3.17609654341636	0.161488078023404	0.415333336561705	0.565927476010706	1	0.574813852813853	0.978055853815009
PF02690.18	3.69296049049233	4.45340647253175	3.24223963637748	-1.3656588179587	1.43090544958016	-0.879910943865394	0.154563648694759	0.0612707014854317	0.998852840477445	0.0704935064935065	0.974148836615228
PF02558.19	-1.02874833827911	-0.616376649321126	-1.49249596205257	-0.808848119742072	3.9543108520212	-0.16521767898184	0.416000003201469	0.624933496574976	0.998815526302142	0.64191341991342	0.998013057719062
PF08546.14	-0.972593750842871	-0.53626222528329	-1.47975025745784	-0.782744552164974	3.98247561118309	-0.149513885205438	0.409060629727881	0.593749611520491	1	0.614692640692641	0.996641240690702
PF03553.17	1.61871700619044	1.42520450324175	1.85279239944329	0.312563957472601	2.04788147918273	0.112833330157469	0.429333336003963	0.794607360711719	1	0.611878787878788	0.993411516831552
PF01964.21	0.366876351001907	0.83111695985406	0.100519252912772	-0.551679232431536	4.01100809267829	-0.121860477462687	0.427714859492894	0.724833865336843	1	0.708857142857143	0.9999944929081
PF13286.9	0.67032423033627	-0.333038465921152	1.41047585255809	1.52805413538203	3.18220471185808	0.407917203440928	0.275816132963409	0.321992801766398	0.999830510223037	0.25412987012987	0.905121346583772
PF02627.23	-0.684180211399966	-0.91004319398568	-0.541145036138698	-0.174180167231171	4.50237347365365	-0.028747497132236	0.487008661373583	0.772480187642995	1	0.798398268398268	0.998674777161498
PF12682.10	-0.726543401379234	-0.0946809798615824	-1.50442905234902	-1.30932902971713	3.58103439998609	-0.332057832791331	0.327333340594301	0.432202419002262	0.999310847400142	0.430190476190476	0.991554806263298
PF12697.10	-0.36496616415925	0.237613492405549	-1.17263728963773	-1.307430696094	3.80288900204909	-0.283721598090972	0.336000006806324	0.483928183583834	1	0.472337662337662	0.997099932761265
PF00754.28	7.10007254858155	7.00664429981269	7.17451320485791	0.107879659958293	1.05201835599875	0.0706330917537443	0.464666667981876	0.578544605206376	1	0.799883116883117	1
PF00404.21	-0.587244333582205	0.396662067634425	-1.17226611025494	-1.38508568407289	4.27211142363333	-0.270740026099251	0.347101938284043	0.528407279671383	1	0.486528138528139	0.998816081237452
PF02838.18	5.44131403652532	5.42471840828314	5.47350208801476	-0.133690193294561	1.2803983521214	-0.0993084776394301	0.453697536704118	0.475339075504555	1	0.812852813852814	1
PF00728.25	4.29926498828862	4.36308589898096	4.21577176202633	-0.330208942078396	1.29958522347211	-0.232685954837542	0.388666671005231	0.414891101824433	1	0.593047619047619	1
PF16347.8	-1.13410414980213	-0.993415860571489	-1.26111571515075	-0.419700055017661	4.15117323761485	-0.086807202433709	0.447333335305835	0.701471019802066	1	0.726891774891775	0.998602981409189
PF16576.8	1.35561507284793	2.19805927175097	-0.017545206511782	-2.1733017662726	2.26405065467148	-0.874828456471756	0.137333361677552	0.0656573509687927	0.994795263344756	0.0675670995670996	0.934826538295786
PF03797.22	-1.61536308515686	-1.61831591963984	-1.61187927555495	0.122527374741641	4.06251286007293	0.0290420700278076	0.48500999389272	0.765067050651362	1	0.716597402597403	0.983710540242076
PF07244.18	0.241386349173411	1.12044219141541	-0.280117169660433	-1.06302649203358	4.99425101973433	-0.179950995337476	0.408394407236809	0.651608551870397	1	0.663	1
PF01103.26	-0.740915800373997	0.129423945570192	-1.5652647045464	-1.45610956236906	4.00505991619615	-0.317844216099372	0.337108601010849	0.47915955492061	0.99978570399004	0.456506493506494	0.995079244780138
PF02321.21	1.54463960075965	2.57119978395684	0.894196194614811	-1.5714275165629	2.87410923211065	-0.426048760325241	0.239173897331348	0.34498474332037	1	0.213012987012987	0.994351541766327
PF05221.20	0.874956418800299	-0.567344641118081	2.24825040863574	2.69631517541286	2.7755460394138	0.909326141062123	0.12325119812848	0.0592261944230135	0.986385987869828	0.0377835497835498	0.52582472653244
PF00670.24	0.724623895280517	-0.662266801234578	2.09201678810578	2.6707662514839	2.72129757460485	0.895281362631722	0.117255197417657	0.0615491061746948	0.974375337650236	0.0408787878787879	0.502897643489204
PF00144.27	-0.0812893500460579	0.188430203856131	-0.350409644427438	-0.724908485088207	3.40761133053512	-0.179740965688372	0.40133333713572	0.600067606966542	1	0.623969696969697	0.998234955319876
PF02910.23	2.12136972025293	2.78167291197728	1.71873852424712	-1.18075776808957	2.38357369801079	-0.359551957880674	0.276000010379501	0.498204490346567	1	0.297471861471861	0.998763616702687
PF01325.22	-0.0107555980004763	-0.527500956952949	0.340027115880599	0.721714251300977	3.1956271691841	0.183075153777571	0.39466667074908	0.571326659791679	1	0.522558441558442	0.972856814374165
PF02742.18	-0.0480381641096583	-0.471079587814316	0.3454011453659	0.76372064120585	3.40139556628827	0.185776012856744	0.385076620077449	0.585647280814478	0.999521711542208	0.529930735930736	0.964327935489512
PF04023.17	-0.138997249233991	0.243903507696385	-0.545383958793566	-0.624031311767651	4.02856657380286	-0.128375061424492	0.42038641208195	0.662020533149695	1	0.666038961038961	0.998906669270579
PF00034.24	-1.88666675933068	-1.69160018299817	-2.04116331658775	-0.211862630567122	4.37444881005655	-0.0371855716044946	0.480346436437592	0.707235626987892	1	0.729242424242424	0.993075788410325
PF07498.15	1.26648123155477	1.50659192747778	1.01732050784261	-0.428654646846411	2.16776792626199	-0.132620794128178	0.409726852218993	0.701340798148908	1	0.660939393939394	0.999511120811961
PF07497.15	2.50989987569768	2.60152482261873	2.42019491770837	-0.260655350771841	1.66758114071889	-0.103216676878932	0.430666669284912	0.635312397159566	1	0.707558441558442	0.999783443040977
PF07719.20	2.50442689908526	3.09771037307978	2.13663555077058	-0.975483205147609	1.5445713986412	-0.580969340068631	0.253333345407786	0.222615615198808	1	0.251281385281385	0.991924160046029
PF11104.11	2.40247505370791	2.72893257011786	2.03884240046288	-0.762295895469275	1.55002295508526	-0.440518634090399	0.296666675689746	0.29466426628955	1	0.372428571428571	0.995532296152344
PF01634.21	-0.482728529487452	-0.562119132381481	-0.380138565781448	0.196255700448207	3.60833295155711	0.0485149732595227	0.475016656489348	0.766625969239078	0.999831757696434	0.723484848484849	0.991593137768585
PF08029.14	-1.55766863749466	-1.04320138538117	-2.11592995447969	-0.916158585038249	4.09915803416214	-0.187044128685907	0.397068624895069	0.585296529609083	1	0.599683982683983	0.995274121632855
PF00920.24	2.77284368156001	2.8529480848203	2.7028058780607	-0.152848159992043	1.2192072842149	-0.120921144948008	0.446000002023603	0.677888720215293	1	0.716225108225108	0.999569578663324
PF14498.9	-0.046740114956207	0.049848246728919	-0.12118740849612	-0.364070224510966	3.93589115188541	-0.0752603301642129	0.459333334849536	0.761616392900679	1	0.758844155844156	0.999960616170807
PF11013.11	-1.18728388576862	-0.786165159547827	-1.46988151586098	-0.760863276260655	4.05497556542079	-0.166481470044269	0.414666669921978	0.646267820897592	1	0.646623376623377	0.997844886749691
PF01740.24	-0.861256849373236	-1.19057354284946	-0.587727466699435	0.463346625421846	3.59916882726916	0.107572659241818	0.433044639430472	0.661157187409594	0.999816924885901	0.624935064935065	0.97661470002347
PF01531.19	-0.906425134339735	-1.6999424196504	-0.082946099941914	1.4334821827897	3.81442416702618	0.334651006872303	0.329113931207269	0.428912612911486	0.999059448595734	0.365666666666667	0.910278323905651
PF03814.18	-1.76974379147354	-2.12031016311138	-1.43594854493308	0.557055136968571	3.94187942414549	0.130937040028806	0.433710861922799	0.637824225485666	1	0.601298701298701	0.956364933347511
PF03781.19	-0.266272462468994	-0.723869347262151	0.123042727178255	0.93119284339845	3.12616928579366	0.244943742627294	0.360000005626285	0.522766096646271	0.999993751205264	0.494393939393939	0.950357740362358
PF01212.24	2.83947584703195	3.41967104212951	1.77461391020861	-1.59951823488668	1.3860584128535	-1.02484314726863	0.111333369707144	0.0394351223964114	0.997187853314677	0.0414112554112554	0.923382989032124
PF01882.21	0.218591751099662	0.855963088169649	-0.237278496494228	-0.904403233510348	3.26943561127741	-0.232898121457685	0.364423722934262	0.594154712422736	1	0.55174025974026	0.999135590422934
PF07991.15	3.83988833913265	3.80855992044013	3.88386960676093	0.134248960304363	1.03572910863961	0.1277029107661	0.438666668972974	0.677092824379373	1	0.650917748917749	0.992070621733257
PF01450.22	3.84647512136757	3.82133002711899	3.87958726494948	0.142833850364987	1.01213534090145	0.131009406724239	0.444666668741459	0.673772880607278	0.99981259954832	0.652939393939394	0.989067454977158
PF16499.8	-1.59450568454232	-2.14639419234702	-1.09451524925857	0.991961267241845	3.86506356285434	0.211064736296439	0.381079285142026	0.548229726438391	0.998403386124058	0.503658008658009	0.94133391229251
PF17801.4	-1.30974945989124	-2.13974977019755	-0.586085263951572	1.55157110842517	3.76179864711404	0.35803340598303	0.31978681645501	0.41215799836854	0.99579041422845	0.360489177489178	0.874714911563966
PF01050.21	0.565633021172132	-1.7095975807046	2.05144549619061	3.6606366204949	2.7182631688475	1.28112911434667	0.0480000915868691	0.022658667481754	0.922170925308099	0.00692640692640689	0.238724776139396
PF06733.18	-0.73270962099954	-0.670503197306234	-0.780580901156146	-0.0717290735648923	3.67011325639358	-0.0172179893653271	0.49266666693833	0.741961888222495	0.999488711622733	0.776675324675325	0.988052503503829
PF13307.9	0.934972466872565	0.385887066602043	1.44107145249204	1.13642856011109	2.13483474469223	0.461238280745771	0.266489018374794	0.263483913047848	0.997663246134687	0.251709956709957	0.873801737175745
PF01891.19	-1.83552815986887	-2.1454490914664	-1.54470436950615	0.464385772754336	4.05956896347834	0.0999245809682946	0.44533333538252	0.658865935263773	0.998547362539018	0.630103896103896	0.95656426781774
PF17297.5	1.34707556819604	1.58950682790603	0.891098963934002	-0.680372512511737	2.30534726770185	-0.231374997899901	0.373750837765804	0.407214575557478	1	0.553471861471861	0.998187538020334
PF00821.21	1.33452990630557	1.60660691953343	0.904398792071123	-0.669947019720778	2.22489408617821	-0.256085414711918	0.356000005815711	0.381339593151476	1	0.516670995670996	0.997462205828933
PF01510.28	0.504458167033827	0.262956965092792	0.689372108209412	0.522939095281056	2.64453952701939	0.161753160295193	0.405729517272928	0.504934933255878	1	0.559103896103896	0.979367696170928
PF12838.10	7.4674890439126	7.46109317655043	7.48450505441434	-0.0857009494892318	0.524656549264784	-0.167465340423571	0.445702866789121	0.428232889725243	1	0.784497835497835	1
PF12971.10	2.08893325120292	2.70342426486147	1.73363481929705	-0.922582745521079	1.91026598427351	-0.410067204947507	0.303797476932353	0.414433591803004	1	0.353792207792208	0.997468062656628
PF05089.15	2.06616019593052	2.69370514442074	1.70584580520222	-0.992053697700547	1.89097673959555	-0.46549961725475	0.291333342691635	0.362133896482657	1	0.319619047619048	0.998385519694115
PF12972.10	2.08218812140706	2.7259677131113	1.72876416688678	-0.984844450831161	1.89035340069725	-0.449413257503691	0.29180547234046	0.36099953064673	1	0.319987012987013	0.997877138502953
PF07085.15	1.76588200079376	2.20473347377213	1.35639417702341	-0.731218177841431	2.35610659332778	-0.260248854767675	0.349766828226818	0.505104947253699	1	0.495809523809524	0.999582882633848
PF16385.8	0.201069516416359	0.544906923644822	-0.112174041515832	-0.635215571934974	3.49519212471827	-0.145196812121143	0.410393074710145	0.627930562337901	1	0.634536796536797	0.9998349731077
PF01256.20	0.478478470941946	0.774371467326906	0.0263817909575206	-0.71769657025859	3.31176725470537	-0.177694036941559	0.397333337303178	0.539697159254454	1	0.601489177489178	0.999275566581048
PF02590.20	-0.372717477676644	-0.254653590528069	-0.476941241429294	-0.161342769203112	3.77306966909956	-0.041467675142368	0.477333334174568	0.758108489567832	1	0.7825670995671	0.998139234270833
PF02472.19	2.6698305987163	3.62538579711957	2.05120305369367	-1.8541075795257	3.1406593069146	-0.495326679170192	0.283144580165811	0.255861083407322	1	0.27834632034632	0.99967834810692
PF20511.1	1.75165918673457	1.80275163001773	1.73357369900127	-0.160270643307783	2.09798536431863	-0.0579706982679906	0.471685544022008	0.795986554266057	1	0.786372294372294	1
PF12437.11	2.17253845266334	2.56640575384238	1.75685984745046	-0.797453279892217	1.40063597611725	-0.526632126909107	0.2613333447812	0.254379975865854	0.999387681808623	0.283515151515151	0.983453598018138
PF18318.4	2.21707697188906	2.62200296018413	1.7544962011798	-0.872221407035886	1.40070709568466	-0.547202613079752	0.252000012182198	0.235533869751324	0.998897880073213	0.256428571428571	0.98037105158748
PF14849.9	0.580201082282506	1.35634644538601	-0.788861957287565	-2.22528404245339	3.15072555503981	-0.613631309112847	0.213333349149593	0.131440072072972	0.999540441216061	0.168095238095238	0.975550713144979
PF03629.21	-1.08907644316241	-0.0324131125634057	-1.91202657473383	-2.23679525898235	4.49095804850215	-0.421745061565185	0.302666675323749	0.368622103703933	0.9978442661051	0.382290043290043	0.992182875678972
PF01204.21	-0.611014067734835	-0.295372714173205	-1.09287682295358	-0.66807797696252	3.66631472679961	-0.153853980604803	0.413724187166488	0.598205538417152	1	0.648233766233766	0.996909835006651
PF02073.18	1.93201741710683	1.72609888431242	2.05368651641791	0.170049379378864	2.4615511807111	0.058455760863183	0.459333334849536	0.679184331947388	1	0.69334632034632	0.996703120495184
PF12951.10	-1.95308599451645	-1.77542148147122	-2.11215988775025	-0.319722639175539	4.17876741325392	-0.0612983617066749	0.465333334623486	0.68808332731769	0.999622407029573	0.718038961038961	0.992260760178396
PF01042.24	-0.309006796403116	-0.468153011172691	-0.0961112430857023	0.454161813470028	3.53321785386524	0.109979537061735	0.433333335847159	0.701331449413228	1	0.634692640692641	0.986907391235419
PF00924.21	1.21015215129814	1.30351283390721	1.12656102337314	-0.1880325626709	2.18002875823085	-0.0561147080747098	0.467688209061577	0.755835952044914	1	0.744887445887446	0.994660062717868
PF00209.21	2.55974124014542	2.42946767381323	2.66626392309677	0.335945766973968	1.60765520108262	0.202103964692779	0.400000003858024	0.559710391227916	1	0.557363636363636	0.987787117557984
PF00109.29	2.52595794647915	2.58368995653358	2.4429489922933	-0.197631238640981	1.6545821551049	-0.0873683767725305	0.437708196877331	0.547565663978381	1	0.734575757575758	0.999272227949252
PF02801.25	2.50890298590975	2.55935739290458	2.45646714763804	-0.245065189544619	1.63603578112844	-0.101992779086609	0.443333335459407	0.549943072848476	1	0.731904761904762	0.999447764867169
PF04551.17	1.08746380325991	1.13979496902458	1.03323013130808	-0.0202056095323888	1.95617122200512	-0.00732503602345448	0.493333333580291	0.688084808097105	0.999703989483574	0.767917748917749	0.99052311874704
PF01757.25	0.749222042897304	0.449711890453297	0.979292050075441	0.514303364049409	2.96205853387216	0.141570742898931	0.42266666960106	0.583355881820733	1	0.560385281385281	0.988755428893198
PF12715.10	-1.88103251710726	-1.737811270935	-2.0377414083628	-0.252647431984916	4.33309222220309	-0.0470422411688514	0.470000001115125	0.716797200295094	0.998771961717209	0.736787878787879	0.989403384120351
PF02492.22	1.40618741768879	1.40416285829992	1.40723741438599	0.0220144431881604	2.39616951316646	0.00735066990015401	0.493670886310086	0.760431202923683	1	0.775402597402597	0.997107336197645
PF00708.21	-0.731174511002429	0.065870870921918	-1.4315247040858	-1.25920861278183	4.15565940508099	-0.272032057372223	0.351099273198694	0.522335680241827	1	0.503554112554113	0.996495224152956
PF01300.21	1.14002728059762	0.877097642346041	1.43541557330667	0.505188156617989	1.85377860746358	0.196269218662454	0.381745507631124	0.657652271910026	0.999012195714117	0.508004329004329	0.958420085752728
PF00069.28	2.61216604029225	2.56454958805837	2.66156737899955	0.130581155318636	1.55338787764052	0.0766074787703717	0.462358429115068	0.773536462298027	1	0.718380952380952	0.994774996286892
PF08305.14	3.6359610812019	3.47517377791059	3.85321729967098	0.243253473245506	1.67901955656497	0.119308537011637	0.428666669363533	0.786656859551776	1	0.649926406926407	0.999159425177117
PF03692.18	-1.48963594557427	-1.52380655890046	-1.46650689977695	0.0798698625827869	4.20573223579907	0.0187301164208386	0.490000000370519	0.758342888678702	0.999650731626806	0.729623376623377	0.991418630658056
PF08238.15	3.55981660704638	3.14693713736725	3.95802309818631	0.505718677271509	4.32307603623708	0.0971315248416144	0.40133333713572	0.844390479274568	1	0.574571428571429	1
PF04519.16	1.57290886430879	1.0250767422317	2.14672614871252	1.00491917853523	2.52149918873288	0.320207491211061	0.315789481567806	0.47163982267391	1	0.318935064935065	0.941102309945542
PF01120.20	1.31677481351495	2.19035951772331	0.578757859228604	-1.96926451444208	2.75107750602839	-0.624619608590134	0.220000015108342	0.157624164242226	0.99993282103042	0.192809523809524	0.987960718352985
PF13899.9	0.365188363172802	-0.548381996017385	0.770810251860727	0.892289888733259	3.80376913979402	0.216566968386257	0.383077952609488	0.505014222997531	1	0.519779220779221	0.986901014398901
PF05656.17	-1.90255398679751	-1.79852348122955	-2.0276894482361	-0.178222377516226	4.28420751302636	-0.0334888969239083	0.478347768956934	0.721989222141731	1	0.749406926406926	0.994228951695405
PF02535.25	-1.37400071678421	-1.18834037742769	-1.58834535129445	-0.213672608783548	4.18810881961727	-0.0410665884094988	0.475333334249142	0.720645700975411	1	0.754229437229437	0.992271258449486
PF03435.21	0.399967536347702	0.351880170574092	0.424503433535448	-0.00590892490744821	3.1632790136443	-0.00142174134271237	0.498334443765803	0.77401137576271	1	0.774060606060606	0.996664939066594
PF16653.8	0.455316168494388	0.395672718424422	0.500873753682907	0.0591233889597715	3.10345901076155	0.0188225291746539	0.489673551348137	0.75771022130236	1	0.762277056277056	0.99319061617128
PF03755.16	2.09033410698269	1.78711715924336	2.31715313870914	0.598681167889389	2.14999844078552	0.231975317920772	0.355096608116218	0.412782788042377	1	0.435891774891775	0.971078062626306
PF08340.14	2.08314579358285	1.79566037761377	2.32231118905463	0.606932127656871	2.16900259991784	0.217580873151943	0.362425055472068	0.410186570920822	1	0.451238095238095	0.974709178513354
PF07549.17	3.56669522893982	3.80820593184274	3.3319424070338	-0.70537581299667	1.24669819485819	-0.517981118824659	0.267821463313649	0.187437509001872	1	0.274545454545455	0.993779593429928
PF02355.19	4.31389090984401	4.55268650535498	4.14102419487855	-0.471813947608191	1.18322895223605	-0.362679790700139	0.290000009443632	0.296642454617037	1	0.314	0.998484189598576
PF13402.9	3.48480014262995	3.00428132077628	3.72467592447666	0.543957261011082	1.40996767158885	0.360799835036577	0.344666673034318	0.445925072998175	1	0.412406926406926	0.981898844684605
PF05977.16	-1.57943755106964	-1.60943115115786	-1.53847656719671	0.0842118508687673	4.0760415904714	0.014924854879779	0.490666667012466	0.722786061042223	0.99983893697052	0.706735930735931	0.984512726482781
PF19528.2	0.104055269961065	-0.982592699465977	1.10113127547263	1.88245719707976	3.61570386762731	0.461730352247949	0.258494348759483	0.320927767884169	0.997185025908619	0.217874458874459	0.870530605006618
PF19580.2	-0.48113135048939	-0.128520722664399	-0.939326368265213	-0.72462188847389	3.412452020229	-0.179550401776339	0.402398404819022	0.569455091611206	1	0.628467532467533	0.998801761357641
PF03030.19	1.96224890387473	2.85107100588919	1.19397071071226	-1.77328387939325	1.95529342271961	-0.809982653281944	0.14466669325603	0.085851666408983	0.999319533087692	0.0802943722943723	0.93361962915228
PF00425.21	-0.7889699728726	-0.889386935115318	-0.707286669020466	0.0698403431082948	4.00161920306993	0.014854810226135	0.493670886310086	0.771966550531983	1	0.754515151515152	0.99711822641751
PF13088.9	2.86214804906056	2.62986558273778	3.25714938921492	0.323659963802332	2.05053773456839	0.116618052335179	0.431333335925431	0.672596120812068	1	0.644588744588745	0.999445733088565
PF00507.22	-0.603899150006406	-0.604477313711484	-0.602576685454299	0.0583675540576749	3.6738859611244	0.0125940132748796	0.492338441322757	0.784913960519724	1	0.772060606060606	0.995916747230794
PF01835.22	0.640504254831837	0.493856096545287	0.749282357121272	0.414396773230646	3.55897798486682	0.102708702776793	0.437708196877331	0.621047972062332	1	0.646454545454546	0.997439366135623
PF07703.17	-1.7943591961437	-1.55605721065912	-2.06430821430384	-0.390612563776442	4.18414234674416	-0.0770431254999972	0.4633333346987	0.698574889788425	1	0.722883116883117	0.994690075072052
PF00207.25	0.744337748306659	0.732101651499675	0.759921934891269	0.203555948163396	3.06958320122024	0.0474431700244723	0.47035309903515	0.728100532621746	1	0.729844155844156	0.998329684333386
PF17973.4	0.63366227059362	0.488833758425905	0.728137246332004	0.456925920465316	3.38296216224225	0.118590199077956	0.42704863700083	0.628482174535065	1	0.653722943722944	0.995347523730672
PF00285.24	2.22273368175288	1.95948313675762	2.45098479508414	0.52015644797162	1.56270293372431	0.278285641480177	0.351333339373498	0.447902382649543	0.999660524421661	0.434056277056277	0.944155746924664
PF13482.9	-0.995175116392703	-1.21425858825784	-0.781488494384505	0.346533434909143	3.82377449912261	0.0774741801686579	0.455696204183309	0.701449642675753	1	0.678116883116883	0.98368925615381
PF05157.18	-1.7962197663123	-1.59566376263136	-2.1057093638442	-0.437885730455784	4.08039060689149	-0.0859128221042842	0.452365091718084	0.68569730488345	0.999878382126107	0.717467532467532	0.99421942496277
PF03023.17	-1.64828275944675	-2.15259397294758	-1.091245409908	1.10092079426762	4.04735483891312	0.236552330135041	0.378414395186208	0.541944795401059	0.998923565538411	0.494350649350649	0.939876531843473
PF00081.25	-0.956925082593656	0.250011102738123	-2.07239943708538	-1.99966824350312	3.99127566850163	-0.443893630512247	0.273817465548373	0.365704490098455	0.999363535926807	0.338484848484848	0.985244792403199
PF02777.21	-1.02638600180899	0.186695736251698	-2.01329007472534	-2.02087606981882	4.09260909801815	-0.40146882592841	0.30200000869719	0.394399174425123	0.999593570046366	0.370251082251082	0.990718089912648
PF00662.23	0.526104612064981	1.27126897078531	-0.171643860124415	-1.58310904166287	3.32483785157043	-0.396338295912548	0.29913391958556	0.354069028091939	1	0.342584415584416	0.99618023890316
PF00499.23	-1.48628394023597	-1.52083702299818	-1.4450472095911	0.065346730376282	4.38740738908286	0.0115342035362869	0.494000000222254	0.741451106315063	1	0.726506493506494	0.983350773791846
PF01512.20	4.76648002461241	4.75543882450204	4.77625571191826	0.0356818590356962	0.692265674790517	0.0489510057237366	0.479013991450479	0.734482252187787	1	0.737623376623377	0.994098125645019
PF10531.12	4.825563886608	4.8926475527494	4.73297844742917	-0.219784092978345	0.94532485343146	-0.211412083811315	0.403333337052597	0.593944447852242	1	0.673134199134199	1
PF10589.12	3.48293441892842	3.55125665491975	3.3562566011583	-0.313801346675539	1.34633649043683	-0.20290312965918	0.399733514856683	0.461909090607486	1	0.609402597402597	1
PF01522.24	1.96588447401868	1.90749674376272	2.03791054564688	0.151460082261448	1.94755055122826	0.0514613002679796	0.472666667682047	0.777734191658409	1	0.73204329004329	0.996608823402756
PF02470.23	-1.00290103374262	-1.78894829719125	-0.317256362728253	1.31690296725194	3.73329574929472	0.294247654296232	0.338000006703729	0.479191162366895	0.998492326757483	0.40638961038961	0.922402512858623
PF06325.16	0.464017498531858	0.601785783123113	0.285280917407039	-0.400515931920105	2.393817068634	-0.13590461669074	0.42038641208195	0.569665821309302	1	0.662991341991342	0.999112625490079
PF02446.20	2.53199287720897	2.93442055472976	2.14149310135733	-0.848939103791958	1.15041765474254	-0.67308308906789	0.199866772850687	0.161624244737118	0.995405238413518	0.188497835497835	0.9572421681231
PF00919.23	3.27910309134945	2.92395261835571	3.79216892685611	0.844838574664417	1.11019501890735	0.688023937332671	0.214666682338143	0.210605506171455	0.991096210977038	0.1305670995671	0.805509185842357
PF18693.4	2.50493976178676	1.64740334062221	3.23175222963909	1.6235752987301	1.49712949168764	1.03296692631557	0.11200003612238	0.045273204395903	0.960475845929613	0.032974025974026	0.494256137463912
PF04408.26	-0.884717924368438	-1.19119446826841	-0.487649685237159	0.816304305940049	3.78613068708876	0.191434130943209	0.404000003691644	0.603441742843724	0.999644264654221	0.562458874458875	0.969596205174739
PF08482.13	-1.80588222651195	-1.66393462883603	-1.98222252054405	-0.231151703361421	4.12786935937747	-0.0525858332486241	0.47035309903515	0.707949110764355	0.999820734514333	0.721835497835498	0.988661701129695
PF04028.16	-1.89392079463182	-1.74661465145194	-2.06111893485399	-0.3526773459538	4.3852023097685	-0.0715030206061512	0.461025984128586	0.722198049655704	1	0.747722943722944	0.991597709614085
PF18565.4	3.57329647079745	3.35577872452784	3.74025119175957	0.256750272217961	1.8145282941154	0.100489187865279	0.427333336082764	0.8253132341037	1	0.63038961038961	0.999622023482889
PF16193.8	0.875615291229787	0.994969494765019	0.723817905103863	-0.215572264841873	1.99393049794005	-0.0953254131299606	0.455696204183309	0.670660804277151	1	0.71174025974026	0.99677674168311
PF12002.11	0.884266994257644	1.01993212090848	0.736096412368078	-0.272029065787517	2.03347687404648	-0.134879851860514	0.437708196877331	0.668223019767532	1	0.699705627705628	0.996678900485062
PF02283.19	-1.29837687960062	-1.67599237434406	-0.92711935995986	0.65311508314731	4.12063607499454	0.134121874506477	0.42066666968082	0.644922290759742	0.999410732088721	0.599857142857143	0.970954399321707
PF01301.22	0.326118119834141	0.4076347123935	0.199414599580898	-0.195260046373164	2.68487948962587	-0.0507638258781632	0.467333334548396	0.6918323099476	0.999719783050823	0.74604329004329	0.996824341372372
PF13505.9	-0.25454358444251	-0.300604732622944	-0.222747110240801	-0.0511810301786602	3.81907923898829	-0.0116822959126463	0.49466666686422	0.788466179329127	1	0.788051948051948	0.998816660373098
PF18765.4	-1.84110971867574	-1.76158006807165	-1.91677377030813	-0.177974326163827	4.19515898764485	-0.0360508912030456	0.476000000890941	0.724446743469472	0.999750693096163	0.753359307359307	0.988571031698088
PF16870.8	-1.7929644476	-1.67638706041532	-1.90922251011592	-0.158135467551253	4.17301759900801	-0.0324395424883362	0.48434377139911	0.714415481242949	0.999777831601651	0.747822510822511	0.985808767971349
PF01663.25	-0.81308698261556	-0.701481039274056	-0.972233031377826	-0.281376561146644	3.71165209569941	-0.0539392878914441	0.465689541581532	0.717446547360331	0.999695690912723	0.752662337662338	0.995154617813765
PF09382.13	1.16351853970535	2.14398941939795	-0.532262579410625	-2.53063816482065	3.19943391778708	-0.6823753979786	0.191872103651861	0.109951332698288	1	0.119658008658009	0.987353791256784
PF00570.26	1.22176653549345	2.1459537499757	-0.657916968107653	-2.5641186411268	3.25405027391735	-0.709943310608603	0.200666683946039	0.112891694515699	1	0.134017316017316	0.990245981867223
PF01643.20	0.480018844247661	0.64033014018844	0.254221348250787	-0.419901156501463	2.5314821056062	-0.139495289035704	0.427714859492894	0.555736019753142	1	0.665121212121212	0.9976938732478
PF07786.15	-1.40258119307837	-1.80588793939131	-1.00643199597888	0.734201455577419	3.9916305673076	0.164717287039027	0.421333336320866	0.588281310086049	0.999594870067883	0.5635670995671	0.959524675841531
PF04235.15	-1.48088717366888	-1.0430742050282	-1.89603767637953	-0.979393760694713	4.39934226530242	-0.204194874959459	0.393737512444108	0.599439809447022	1	0.609316017316017	0.998657557563227
PF01704.21	-0.226333353550331	-1.71550502156416	1.17485480512516	2.55832326569833	3.59830881422869	0.642963194724594	0.18987343636466	0.204865385193909	0.989224300856215	0.103056277056277	0.710044807543327
PF08241.15	0.929424355596777	1.0988849636686	0.667113010262146	-0.415463223322612	2.22554304857304	-0.15169937837712	0.42266666960106	0.558576097356998	1	0.674060606060606	0.998195404977927
PF04991.16	1.53058144991368	1.38444436490294	1.6148391776811	0.101050100936376	2.8148204094289	0.0248099115622676	0.486342438879956	0.621729059674587	1	0.800177489177489	1
PF02698.20	0.409893908713943	0.341037000815452	0.501129318606981	0.0661940423811327	2.38446773703926	0.0221250871341953	0.48500999389272	0.704696368822067	1	0.72934632034632	0.988914434719987
PF07726.14	0.594978562280819	1.16937331087165	-0.00474914898358669	-1.03148514963676	2.78105500729405	-0.313661632042237	0.334443711074774	0.451900946872251	0.999461903823923	0.425571428571429	0.994869702408463
PF17863.4	0.760093721547601	1.19983532172605	0.194710747443226	-0.855305975852838	2.83572866469857	-0.26215941815547	0.357333339085605	0.509715936897402	1	0.50774025974026	0.999458656950796
PF12541.11	-1.36146784043829	-1.68228767388522	-1.06204243555391	0.556871929534405	4.00745788197128	0.115452988147865	0.431712194445903	0.632822908436911	0.999956247682243	0.619363636363636	0.968493736708453
PF04015.15	2.22751287623733	1.88725935485239	2.48456758755657	0.636455242398335	1.70520601274999	0.322443786715443	0.335109933558651	0.380990314868339	0.999329629701314	0.382766233766234	0.936627406130184
PF17785.4	-1.11893714131902	-1.69115183166777	-0.613772754329353	0.927834174788304	3.88513044633344	0.196535811184902	0.39800000394182	0.554024333831872	0.999476846078192	0.512290043290043	0.95887758455998
PF10672.12	-0.0288407233079901	-0.649074903097428	0.572366667343804	1.18513728915935	3.27695225512909	0.295254005916862	0.337774823495102	0.495274425429071	0.998288666069743	0.396471861471862	0.938875799029423
PF13667.9	0.0696019490472644	0.784987928594326	-0.363941860136333	-0.966402071761716	3.9613841945325	-0.206961284809243	0.387333337729382	0.633584844411331	1	0.578943722943723	0.99923870565061
PF07732.18	-1.77002970086391	-1.62658793174589	-1.89182317627854	-0.154546788710653	4.09109841636412	-0.0346919993446287	0.482666667309414	0.699086029859255	1	0.724142857142857	0.989537452947094
PF07731.17	-1.84178529947302	-1.73039851739062	-1.94880640370203	-0.257403885707721	4.22664326451972	-0.0580698497831197	0.467688209061577	0.719865853802039	1	0.74825974025974	0.990467839948741
PF02844.18	2.74279534012429	2.78335333703578	2.69337651246711	-0.150713724836545	1.18744419102052	-0.101193801393685	0.449033979253343	0.592839401436027	1	0.7235670995671	0.997439699299931
PF01071.22	2.74246076991836	2.79559179592205	2.67412025882852	-0.170139395136661	1.16847861441007	-0.121219677101552	0.437708196877331	0.578352934231861	1	0.699917748917749	0.998332891719081
PF02843.19	2.73750707958533	2.79221781008015	2.68491025592964	-0.163401880497098	1.16272993859903	-0.118513294050263	0.436666669050594	0.580142905719394	1	0.69952380952381	0.99887107012373
PF01618.19	3.80674958401255	3.59917152442877	3.96880714331051	0.223991568796777	1.16323985740057	0.183042203997969	0.428381081984987	0.732288656108418	1	0.630445887445887	0.999499669879267
PF08323.14	4.23725687591575	4.81401017648594	3.79796310392818	-1.01761698430626	1.02572371592847	-0.881414433644164	0.171885431042234	0.103199803398452	0.999697058954419	0.0874242424242424	0.983662155850159
PF10996.11	2.85325736666161	2.16210286616022	3.26360402684642	1.19036423054624	1.35929257479532	0.820650375864644	0.147235202529104	0.0723738438348619	0.988398472847477	0.064025974025974	0.59577301538039
PF14057.9	5.97083442647399	5.93464096975446	6.16427428520243	0.213487924231841	0.658289295548899	0.276636087183885	0.412391742183836	0.59300679830199	1	0.607952380952381	0.998984053139084
PF02086.18	-0.986070611304632	-0.617729873121189	-1.4181877365321	-0.745507432431943	3.90450658066098	-0.15798358272884	0.413057964675142	0.606975975218302	1	0.627017316017316	0.997406542862749
PF02537.18	-1.78163164205177	-1.62519016865841	-2.00781395245816	-0.334077028559421	4.26399278018965	-0.0702398644485003	0.462666668057134	0.705424794725124	0.998974448718255	0.732160173160173	0.992774484581564
PF03331.16	0.31489114362931	0.248409979907919	0.382303592613366	0.139588395939941	3.06893616841377	0.0348354000027198	0.478666667458231	0.734050991295068	1	0.715718614718615	0.990835563270031
PF20154.2	-1.00977073164805	-1.63983673723326	-0.511112844464565	1.08124562966325	3.68183859738887	0.233700250382553	0.370419725324506	0.494549997708418	0.997832607964746	0.467562770562771	0.928914384029772
PF01578.23	-1.89130405850019	-2.22889708124997	-1.57047239163124	0.672915446233569	4.43683599361295	0.13424572327998	0.42038641208195	0.642396415837099	0.998472506155244	0.595900432900433	0.973073462560462
PF09375.13	-1.82667645287574	-1.68208441921513	-1.94721794182568	-0.24899918238424	4.28722228905359	-0.0523291565275009	0.469686876541738	0.715416067512347	1	0.738489177489178	0.990211060788397
PF13437.9	0.741591670887952	-0.047679817978497	1.64201791542762	1.74448536397074	2.18893138969304	0.700590631272453	0.201199217724494	0.153636608401243	0.988953188460725	0.124077922077922	0.724101276305775
PF10722.12	-1.8140780069466	-1.70332811162338	-1.93797138874088	-0.141339834043327	4.2132827273656	-0.03242260623203	0.483333333951304	0.739588512146633	1	0.762147186147186	0.990353515713636
PF00701.25	3.2323814940198	2.69819811325602	3.98952607343895	1.0790217844883	1.93642016278282	0.540814392620252	0.246000012679536	0.25478058911586	1	0.156497835497836	0.904598368663645
PF07221.14	0.974930543340485	1.66481185673356	0.551450164381905	-0.981168714559422	3.36529435510568	-0.238370983165377	0.37508328274276	0.674096264443053	1	0.546528138528139	0.99906707178595
PF12900.10	-0.0708275678005998	-0.278038457339708	0.126767079550534	0.460489545714609	3.59245020725054	0.11625162558383	0.441333335536504	0.664449947684827	1	0.615545454545455	0.986213106602559
PF07691.15	-1.8757039272596	-2.18775630525953	-1.45002706191793	0.562737746079795	4.11382525939803	0.116081970452526	0.438666668972974	0.662701973277728	0.999105060742916	0.619731601731602	0.965363356538582
PF02607.20	1.09701690112003	0.673819872194751	1.46632175058979	0.926030099552912	2.07756749374534	0.357151593565178	0.308461034285725	0.325860809636969	0.997541186512859	0.318424242424242	0.916118269443615
PF02310.22	3.34790488760767	3.54704383364109	3.23211262771164	-0.252317402554555	1.5797176956948	-0.140947524766413	0.425049969524827	0.734048051451639	1	0.681510822510823	1
PF02965.20	-0.667998947818806	-0.0582523263779908	-1.48763281622188	-1.33176158846674	3.20320401381769	-0.34743762919522	0.308000008341047	0.354051825034642	0.997856434304548	0.385233766233766	0.990465644205993
PF01326.22	8.30674257153355	8.19567810926378	8.40098134974926	0.224376643464015	0.42807884040572	0.502584258733248	0.292000009315869	0.240518427323396	1	0.233627705627706	0.97396629591771
PF01642.25	3.32499975761104	3.70290445202761	2.95838577137333	-0.681641188187244	1.83406722798339	-0.304142530547409	0.343333339767493	0.570315670672508	1	0.448017316017316	1
PF13669.9	0.706964117723372	0.98068403535416	0.242079429650442	-0.698699710386474	2.83975550749625	-0.208785741835979	0.371085947812638	0.502717524251608	1	0.53474025974026	0.998001157385818
PF02082.23	-0.0887050319392531	0.373986834160762	-0.766536935527243	-1.12735637820843	3.54261141604287	-0.265738002920603	0.373750837765804	0.452506046412051	1	0.518385281385281	0.999369480098215
PF01039.25	4.94571702975566	5.06318392298022	4.87449799253557	-0.176523650319012	0.818640166519489	-0.185975820198832	0.405729517272928	0.66842384231371	1	0.647961038961039	1
PF02075.20	-1.83276944127521	-1.62093901379102	-2.03815779266818	-0.635910121300959	4.62040696830372	-0.118639778702523	0.446369089281922	0.654349891991208	0.999355449451905	0.681108225108225	0.997438041019727
PF04909.17	-0.292046058149118	-0.750060270567006	0.0085911782179684	0.71852486775302	3.33975160201999	0.181039694667897	0.399733514856683	0.56859075408965	1	0.554337662337662	0.971849292150872
PF00303.22	1.33098215845512	0.780804314715657	1.73092884470359	0.967787135170432	1.81601440165736	0.472552992948238	0.265156573436765	0.250106004993541	0.997240098757899	0.256264069264069	0.865834729994036
PF10609.12	1.43936501216311	1.85169223331262	0.91331527939663	-1.04197426329062	2.20417786819694	-0.403887268327139	0.285809470062779	0.280871427053009	1	0.336987012987013	0.994262394574425
PF03977.16	3.34158535799362	3.34237881870741	3.33957264562	0.0128367510785692	0.998067141591973	0.013681177693073	0.495333333506188	0.783900203684086	1	0.754965367965368	0.994044917120896
PF02684.18	-1.61964740890063	-1.7740742566914	-1.46698920078921	0.280088584354518	4.12525901832061	0.0581055110572685	0.466355764074866	0.721554254420382	1	0.693359307359307	0.989340869125044
PF02550.18	2.73532834660414	2.83986606528304	2.62633328212393	-0.356632861713353	1.49243062535003	-0.212846974584765	0.40133333713572	0.550437564139491	1	0.608290043290043	0.999469628285295
PF13336.9	2.81575200619009	2.96516310247062	2.66006818635827	-0.420137190818737	1.51038492487884	-0.248558786511924	0.383744175098753	0.537673801277157	1	0.578796536796537	0.999912235133288
PF00199.22	-1.46231459986626	-0.947270460080561	-2.05682075424537	-0.962281607073439	4.18523339252645	-0.197451955131554	0.390406399994367	0.572362181761755	0.999733278262856	0.583705627705628	0.996890178976375
PF06628.15	-1.52236915709825	-0.947563528079152	-2.03398756507272	-0.888377272208974	4.248769072349	-0.178292609119852	0.397734847385403	0.57992777777528	0.998716705301827	0.601212121212121	0.997596606218747
PF19567.2	-1.05586246649404	-0.934305250406103	-1.14832678938331	-0.202216067154243	4.17297972019541	-0.0422911411163494	0.478666667458231	0.722435429801846	1	0.759082251082251	0.99518845326354
PF02397.19	2.0268608605525	1.86688130357346	2.28825593426153	0.519710270488455	1.70193840418214	0.285952660040061	0.377333338167504	0.467066687972379	0.999732195049558	0.455623376623377	0.971597505606312
PF04932.18	0.094792898077694	0.401376746544568	-0.0385476718650182	-0.523272751506023	3.61068750792561	-0.11077629078749	0.443333335459407	0.778761619779765	1	0.730701298701299	0.999627391774892
PF00933.24	3.9205960746421	3.97217207606446	3.84607635515969	-0.0967700493863921	1.20032797136686	-0.0551483831606802	0.468000001190059	0.681425004473011	1	0.799978354978355	1
PF01058.25	-1.25207048603355	-0.873840024343932	-1.53561632573335	-0.628865445607191	4.07089984530615	-0.131081092787783	0.423717524540984	0.646878869471239	1	0.652588744588745	0.997977722703435
PF13385.9	3.7581487073539	3.43038553679166	4.48539430073197	0.973880629348472	2.25648939608973	0.261901649180134	0.37466667161987	0.868888875207557	1	0.429554112554113	0.999813249888459
PF13004.10	-1.82741165161862	-2.13915399448174	-1.50364705871755	0.611833359923349	3.95047823058979	0.129773402212871	0.430379749461449	0.636480359269276	1	0.61052380952381	0.968428839600351
PF08534.13	-0.420384970881399	-0.569259224021616	-0.283186278417728	0.231662116911333	3.61778858528636	0.0500720098362432	0.47035309903515	0.726839043347052	1	0.68630303030303	0.987252740774524
PF13246.9	-0.724554504150112	-0.101317694146577	-1.48402798409129	-1.27907512239414	3.40567858770261	-0.322018673056218	0.328000007225393	0.418178946892987	0.99998160326032	0.424155844155844	0.994821996026537
PF07669.14	1.03114206423891	1.10078524833233	0.947232419714497	-0.177282602564397	2.59620581115417	-0.0510630916796861	0.462666668057134	0.711098628051093	1	0.776138528138528	0.999968977007357
PF00520.34	-1.85954309247995	-2.22468656747619	-1.50571580491918	0.786141881114059	4.14415415045693	0.160284866392695	0.422000002960946	0.618314788657872	0.999853065371333	0.584350649350649	0.959366915018457
PF02548.18	-1.23871062631197	-0.3972001149043	-2.02698913795572	-1.4867106390053	4.05366453854535	-0.310479353823087	0.343104603372395	0.474795525118777	0.999547543838295	0.466813852813853	0.99153081427025
PF13905.9	-1.33144983441056	-0.556726991858453	-1.8957669103622	-1.43344417227277	4.39104214088561	-0.296584746704044	0.364666672075246	0.537334660052742	0.999612051612495	0.534865800865801	0.996481428403112
PF07698.14	-1.45072368895746	-0.950659822910957	-1.93263891766483	-0.959159815879103	4.20335779915027	-0.20411724211348	0.395736179914541	0.584645646766473	0.998984901035558	0.597809523809524	0.995214822307383
PF01202.25	0.721272864061389	0.76539379255888	0.668989582391481	-0.0507184982459021	2.49484044319332	-0.0198400323305852	0.488341106360851	0.666500392866112	1	0.789056277056277	0.996447344366105
PF16355.8	3.48199280980828	3.54597529693156	3.41986343120397	-0.15462604931724	1.67390466925033	-0.0618582614389667	0.456000001642348	0.582106233371532	1	0.813281385281385	1
PF06415.16	4.04248391263956	4.28824458784555	3.87764933297525	-0.511456852172442	0.963483027637547	-0.479748651999168	0.292666675940256	0.254278450059072	1	0.320597402597403	0.997620259329726
PF03061.25	0.0209607750053022	0.75279791489818	-1.3155358624464	-1.9007931085546	3.48695217151793	-0.477398063422395	0.261159238627766	0.277704521649975	0.999713269976266	0.293930735930736	0.98852105359172
PF00158.29	0.558955221244089	1.01969205224957	0.0329583165407827	-1.05467839239341	2.45559981269977	-0.356748534877273	0.315123259087011	0.351578874912998	0.99972357909767	0.411844155844156	0.992673171293081
PF02954.22	0.785721447302374	1.20882176756385	0.19865562573768	-1.03028102778103	2.29781147962063	-0.38086106662308	0.304463699411011	0.32027910341184	1	0.369021645021645	0.991975536094024
PF02609.19	-1.83201617063365	-1.67802517420052	-1.94891705494746	-0.240366618325545	4.22420906707944	-0.0562235287572001	0.469686876541738	0.729081724422975	1	0.742064935064935	0.991552738037301
PF03739.17	0.132074071025623	0.126199455787684	0.14060343418987	-0.115834267046593	3.50395533024086	-0.0271468837989953	0.488000000444701	0.739589625817575	1	0.817337662337662	0.998289002972138
PF01553.24	1.0036798288362	1.26636781033884	0.723764600771895	-0.59436062386749	2.27309509134777	-0.216866718645856	0.370419725324506	0.435645246119656	1	0.534121212121212	0.996816145891667
PF11412.11	-1.4940483332587	-1.46664307450181	-1.52491319489308	-0.187954134989041	4.3450248035302	-0.0370623247985751	0.4840000005932	0.746199451042698	1	0.765354978354978	0.996315935945194
PF09180.14	3.11413717602112	2.90120875001858	3.28852211093953	0.425103243357571	1.0521561918259	0.381070643877756	0.333777488590993	0.395423631044186	0.998606582607697	0.381757575757576	0.933279217579727
PF01061.27	0.184524637178903	0.367587404535079	-0.10920445446763	-0.490893215239413	3.22407606066702	-0.12002590334624	0.430000002644423	0.630661948394764	1	0.684294372294372	0.998665743979242
PF07494.14	0.392210598136992	0.837362084028584	0.133690387068048	-0.401050124605263	4.65838216996721	-0.0674104287881068	0.467688209061577	0.776414105094148	1	0.804982683982684	1
PF14537.9	-1.22124442779949	-1.46403078736414	-1.00770029735931	0.354767479348364	4.3841751909971	0.0604625497333829	0.46502331908821	0.707576001595042	1	0.681805194805195	0.98364730202998
PF13287.9	2.10548399558947	2.26220779360559	1.97975115392216	-0.635844338444419	4.03790143609639	-0.139314483966849	0.442000002177447	0.799290015843631	1	0.768883116883117	1
PF12679.10	-0.71436205680099	-1.10340546874858	-0.43662448866056	0.637958782490997	4.11393828255133	0.138641639355634	0.418666669760886	0.645612320691444	1	0.593225108225108	0.989213646700922
PF13500.9	-0.0182489630568199	-0.397957068482084	0.286624195431837	0.618577626089341	3.51587136995743	0.142844668756275	0.40933333680553	0.610914211873134	1	0.584229437229437	0.985564152312095
PF01235.20	3.7138812739701	3.6398299408907	3.77830543212263	0.187747547136716	1.03434007580429	0.167379103172036	0.421333336320866	0.64466438076017	1	0.639207792207792	0.989887525537299
PF13379.9	-1.48246750478097	-2.18239428391017	-0.73880494318243	1.33124547068024	4.18128041847595	0.282973728195954	0.358427720549594	0.497697269024007	0.997965092596389	0.443012987012987	0.926671133097617
PF00023.33	-0.225516436059688	1.02460534415638	-1.9617926664006	-2.95067064028853	3.30636056995468	-0.770012773331393	0.159227205416562	0.12915958623677	0.992616316809609	0.102584415584416	0.933336540009541
PF03950.21	3.36973349964774	3.30035291849114	3.4507206368571	0.20613077792123	0.972866246259605	0.194602566759286	0.40866667016615	0.608744138657864	0.999644019644143	0.573722943722944	0.983243042759826
PF17764.4	1.77764126922222	1.53145617728959	1.96187414057576	0.449013576909347	1.53513758493674	0.248301218509086	0.374417060254251	0.467253465654585	0.999467309913755	0.481606060606061	0.948955172733298
PF18319.4	1.81791962781291	1.5594724070989	1.98566058963299	0.43885406299783	1.49660028216546	0.256044496801652	0.372418392789095	0.458655368049144	0.999863292915253	0.477471861471861	0.957506036097828
PF18074.4	1.64187214876934	0.991492881649065	1.94299416595419	1.00402496366168	1.98292159458325	0.425960683927197	0.293333342564796	0.235967962346536	0.999876086768555	0.274701298701299	0.895890882134139
PF00768.23	2.18153628050844	1.71825766873188	2.50338545195383	0.854107634172091	1.46018231302808	0.525824570920653	0.255829458894841	0.214270840460463	0.998971540041062	0.231121212121212	0.847725976136124
PF01678.22	1.80030025281873	1.49403686326749	2.1257152554278	0.608850908003292	3.02376567244401	0.164268977369963	0.370666671800271	0.549023015695881	1	0.495974025974026	0.98676470221579
PF08281.15	3.43440094611473	3.39716287027632	3.49109131792553	0.244555706039979	1.36955278951068	0.137128634634729	0.42238507955727	0.514474978251321	1	0.619	0.989914914964364
PF13673.10	1.45853365298556	1.06950806191107	1.85541382425465	0.636662637947707	2.0699571623452	0.281834036228597	0.366666671982987	0.531414903568093	0.99975420602124	0.456497835497836	0.966184328991109
PF04127.18	2.16491760312133	1.5606832275602	2.49200174396866	0.85367742717237	1.9020572241478	0.413417607008621	0.307333341713425	0.293888260926355	1	0.28912987012987	0.919777490469593
PF13376.9	0.700330716050787	-0.158753805792897	1.13192188864183	1.04851181566623	3.45151347111283	0.276591189251469	0.341105935917739	0.404253766453777	1	0.395484848484849	0.956143345611619
PF01041.20	2.35185632488065	2.0407935161982	2.92866937099555	0.809252334066046	1.70858181559503	0.371755604472788	0.299800142063257	0.488961858310773	0.999688370704065	0.282874458874459	0.944645380796196
PF00456.24	3.15178962277634	3.45594216609132	2.7151159298292	-0.778195659213661	1.25948457118996	-0.585229613285538	0.253830791498822	0.181914705273274	1	0.24578354978355	0.993085568005335
PF05343.17	1.8959729140455	2.39688396632906	1.22094276034894	-1.18485284513856	1.73362240492008	-0.576728548163423	0.216000015528324	0.152464933889988	0.998687708079148	0.186454545454545	0.964562483613741
PF10150.12	1.80979488229106	1.17239658359935	2.17396402415041	0.87340033320394	2.32811629095037	0.295479747456837	0.325333340701651	0.482690557177544	1	0.343904761904762	0.948026218556051
PF07555.16	4.62285635714498	4.55282360820466	4.80645414083279	0.0453229309708654	1.39144319549817	0.0241550027075102	0.485676216386335	0.550404865496329	1	0.833506493506494	1
PF06725.14	1.28096020141821	1.33019172763438	1.21302775126864	-0.171549723348851	2.16986721357204	-0.0598790677325777	0.466000001265109	0.685262085338885	1	0.78508658008658	0.999513852813853
PF00218.24	-1.85295199679311	-1.59498798243642	-2.0767930756002	-0.375765243929114	4.20869461063244	-0.0629318764821804	0.462666668057134	0.689904159193016	0.999691322308205	0.705731601731602	0.986668017996362
PF02021.20	-0.788790517084611	-0.507908986971693	-1.05818573950745	-0.569716891501861	3.7594380921648	-0.120490715766844	0.431045971953661	0.6679229880478	1	0.668718614718615	0.997415546078415
PF03819.20	1.08764687415458	1.00946545074981	1.15854297753971	0.210204637137496	2.48948142748573	0.0653590268532098	0.458666668208064	0.73171851308787	1	0.697203463203463	0.994318990948038
PF01612.23	0.188655326041175	0.580331254797281	-0.18240011959401	-0.818870971590898	3.45683951743651	-0.184605948728211	0.387333337729382	0.623595898148414	1	0.589151515151515	0.999161524489524
PF02606.17	-1.58650269186686	-1.67843021413578	-1.49915330491113	0.0965384517937515	4.22502603994519	0.0209015384388739	0.490666667012466	0.725520334269427	1	0.686744588744589	0.977619225886115
PF16654.8	1.55097881841731	1.66508963433378	1.40141498809532	-0.352807463616841	1.9268542941761	-0.143862898420471	0.423333336241206	0.533083520406307	1	0.656069264069264	0.998618791508886
PF02517.19	0.964676790843648	0.882299067921368	1.07482867097811	0.0725579568502592	2.09958720236407	0.0320859965497729	0.483333333951304	0.734981007528363	0.998805585741343	0.737025974025974	0.991614424299521
PF19576.2	-1.09925844783235	-0.718526370083068	-1.61548708376687	-0.652204633625178	3.84373681321433	-0.132648600334355	0.418000003120978	0.629953378099066	1	0.650930735930736	0.996878617133987
PF13444.9	-1.51114228316744	-1.48617106787849	-1.52616905437522	-0.0257035513646118	4.25211468863982	-0.00455893328554524	0.496666666790129	0.757052024412666	1	0.745722943722944	0.990745474311414
PF01613.21	2.4077528805739	2.36276424764202	2.43372516366003	0.029976728372989	1.30457791668113	0.0217164794488136	0.488341106360851	0.782468275603834	1	0.743809523809524	0.993224722459882
PF00217.22	-1.28881966086359	-0.500347289924122	-1.93051545653899	-1.32131664842746	4.01009948809747	-0.264484400915769	0.354000005911439	0.497602685256315	1	0.494796536796537	0.995813562825409
PF00667.23	-0.509513911210459	-1.69080609785644	0.43348242065765	2.02019609594712	3.39564745915998	0.514660779978777	0.23666668016346	0.253953398217133	0.996395985115741	0.202943722943723	0.825778819217633
PF00175.24	3.86712423308734	3.61464400659449	4.23655526304999	0.600262459756919	0.776880001248354	0.702287818995736	0.211858776783148	0.210290750522213	0.993412966273127	0.143056277056277	0.796557399410284
PF13477.9	0.146256356244367	-0.491188347500565	0.916901203604435	1.28443430642234	3.46992989015483	0.303469346035144	0.320666674289219	0.455575122627399	0.99991413293758	0.347922077922078	0.934392422387908
PF10555.12	0.650178199636127	0.628649857595307	0.666592342234591	0.0718014405359497	2.97154188930265	0.0198657295528691	0.485333333877011	0.709562851516158	1	0.75004329004329	0.994856384258742
PF00953.24	1.22562090616134	1.51403070989043	0.877273062740564	-0.686149598683685	2.14170418847738	-0.275097668394368	0.353764163143399	0.422269734200259	1	0.520242424242424	0.994598505377047
PF03033.23	1.31013911393724	1.39115773031527	1.2486536489629	0.0243191487407808	2.5835542252853	0.00682422346054045	0.496000000148157	0.656707677960891	1	0.790943722943723	0.996499736259955
PF04101.19	1.91850243297407	1.54233209617047	2.14751709230434	0.633641465389595	1.88481187463326	0.283685595051999	0.339773490948412	0.375286546197924	0.999858048534175	0.403987012987013	0.943950860639971
PF08478.13	-1.21952613883095	-0.657499556643731	-1.91031022092421	-1.13289893654108	3.846759580867	-0.244110750196571	0.360426388010507	0.51703282225244	0.999784068038614	0.52321645021645	0.994191215847979
PF13529.9	0.445507294101078	0.735392542533269	0.01191622867875	-0.665938372216739	3.32240530900111	-0.168134784608237	0.391072622484215	0.550590264349457	1	0.611948051948052	0.998935956972321
PF04616.17	1.4959103263466	1.57497389958217	1.4069017403035	-0.263246509088833	3.27523733823106	-0.0633905102927458	0.460000001491024	0.696595702331977	1	0.772103896103896	0.999952326039007
PF01128.22	0.300195507006565	-0.228270562855528	0.775253534128193	0.908455422106112	3.32313738814443	0.222395393616382	0.365756167909403	0.539533166248908	1	0.453134199134199	0.967516572183673
PF12127.11	-1.18506404108454	-0.821728805648698	-1.50174605913315	-0.625486326400875	4.37397875410043	-0.127452752660299	0.425716192016797	0.66646708462569	1	0.688796536796537	0.998088732519209
PF05690.17	-1.56636696146339	-1.55440548302658	-1.57643640201556	-0.173411382595947	4.21356061997011	-0.0354672724514088	0.48301132641191	0.746668919501681	1	0.760883116883117	0.991770925625282
PF05593.17	4.30812202591196	3.23253678161289	6.65151468231699	2.6800618796925	6.59614869390553	0.412559293831028	0.27333334389995	0.424680191013509	1	0.168367965367965	0.974512819816092
PF06574.15	0.00144885423445373	-0.0322974973851764	0.0564107629433597	0.275985098173011	3.24671648707841	0.0738699403184892	0.461025984128586	0.728782927559023	0.999956247682243	0.697645021645022	0.988224317394546
PF01687.20	0.206565044891462	0.365301048887297	0.0147412837062779	-0.141653426553173	3.07840387267666	-0.0284619971833572	0.482000000667532	0.751439592577822	1	0.77782683982684	0.995716657617815
PF01075.20	-0.22976314861703	0.575159065531849	-0.776055429289769	-1.11815135295968	3.95545186693433	-0.238331444740827	0.368000005255151	0.571529517849964	0.999082755105469	0.530294372294372	0.996349184795593
PF02577.17	-1.35278182266345	-1.15472751784762	-1.57210110961819	-0.37762803862502	3.90084646999343	-0.0832850566007993	0.448367756760455	0.686746111140733	0.999727676656536	0.702454545454545	0.991878178564117
PF01078.24	-0.293652686671691	-0.36765698239279	-0.218993404284856	0.103031931932579	3.18622889053302	0.0316948056728893	0.480346436437592	0.771799302925634	1	0.733688311688312	0.992200551977305
PF13335.9	-0.49309373777818	-0.346595865179469	-0.657473269578793	-0.258075226437406	3.42322669409306	-0.0690988473340788	0.459693539142167	0.665439959958207	1	0.708290043290043	0.995527574862722
PF02660.18	0.219683971982239	-0.0798454747450572	0.49850314439944	0.648480974641725	2.70112297145251	0.195737007411344	0.390666670919393	0.570306435914483	0.999410393487996	0.521766233766234	0.962519333113436
PF01855.22	7.32134310227416	7.35169711030357	7.24419647028392	-0.192324740390372	0.562906201477744	-0.336044237196297	0.382000004628139	0.356642656427592	1	0.585424242424242	1
PF17147.7	7.2683779082607	7.29617506215272	7.19251788026447	-0.195444845100701	0.585640049178783	-0.331842720920652	0.373750837765804	0.306497108644751	1	0.568896103896104	1
PF01558.21	7.28505547489913	7.31966981680855	7.2054946336516	-0.202544708630714	0.588186621457874	-0.33851254897668	0.369753502836437	0.302508230685826	1	0.549419913419913	1
PF10371.12	7.07225150429919	7.02821505950993	7.18883521881172	0.0645352750083852	0.570263388552795	0.0957196880065584	0.4633333346987	0.849064028628481	1	0.748354978354978	1
PF13484.9	2.32885561203529	2.69307050047543	1.76391450866234	-0.824979289182149	1.67861271475465	-0.419696290713275	0.317121926529746	0.347931554257295	1	0.38738961038961	0.999234639389282
PF08308.14	0.362848563783673	-0.767542313182388	1.22283824531132	1.98953038222887	3.20232033976292	0.552304205018201	0.228514338023909	0.222006602427719	0.996844544407182	0.146731601731602	0.812171709775479
PF07717.19	-1.14242044532076	-1.78364849590307	-0.530328766072391	1.30096922343506	4.18556638761119	0.268968318652731	0.363757500446794	0.498892399504354	0.999984219039959	0.45612987012987	0.946726383237206
PF11898.11	-1.14885450661451	-1.70574486247115	-0.609633062855516	1.1586042038559	4.04537924005956	0.249067083563827	0.366422390397075	0.520171643254952	0.999481633469907	0.472761904761905	0.958410366773332
PF06144.16	0.71518811861604	1.42336967134083	0.0146838239588849	-1.49838900553124	2.57133162248163	-0.49521021106241	0.256495681360653	0.222620710098218	0.999085189549712	0.254203463203463	0.977775430735975
PF16353.8	4.56410907875999	4.36852510040466	4.75110418366215	0.291145300334934	1.45480434578879	0.18174135613616	0.42105263457369	0.789572908231602	1	0.61717316017316	1
PF00916.23	-1.58413690605682	-2.20391374679552	-1.00573265155793	1.1297876349978	3.8219296111267	0.229796063686544	0.364423722934262	0.518695813185355	0.998404188751675	0.480151515151515	0.928294255838696
PF03772.19	-0.453209513618915	-0.33333285907019	-0.610727568637561	-0.276841099677258	3.10304791977049	-0.0705932082770139	0.454666668359595	0.708737773696568	0.999888623129177	0.722393939393939	0.989835238975517
PF06826.15	2.56426312422805	2.8016420427836	2.34298163471946	-0.395122695654043	1.38967715463569	-0.272772045542566	0.37708195020865	0.506313693276979	1	0.549623376623377	0.9979682094697
PF03808.16	0.0894540342628947	-1.45698255001733	1.64041264908046	3.0123120304654	4.53470498741335	0.592606827346154	0.241838787170259	0.230903428359127	0.999158222903766	0.148372294372294	0.840778550585636
PF00376.26	-1.47020248558636	-2.21334657398063	-0.812194882068147	1.17987285173117	4.12642588857317	0.264818273398087	0.353764163143399	0.501414983696383	0.997556810487493	0.44421645021645	0.91432928049642
PF04298.15	0.397397022977765	-0.12903105195172	0.771038538845973	0.822914214395653	2.78874034323897	0.236627746720577	0.366666671982987	0.490137538751264	0.99858440990059	0.450164502164502	0.953571333707805
PF11396.11	-0.463967697494505	0.242208759426049	-1.24344084353554	-1.48068606399723	3.73946740421175	-0.322257320429984	0.314457036606336	0.428123585881697	0.998293114025343	0.411640692640693	0.995657565861968
PF02602.18	1.4148748270851	1.33545258501687	1.48025972013025	0.219105559362235	2.29514134814265	0.083406021812355	0.453333335076917	0.632834008454981	1	0.68625974025974	0.998119255688523
PF13342.9	-1.88345982758694	-2.24135875741174	-1.47733609727092	1.02721690845383	4.69452275625022	0.205791629491679	0.406666670248255	0.572374910026836	0.997721906287141	0.559813852813853	0.948102286124776
PF01923.21	0.0713016243456694	0.030831627264166	0.103106293765436	0.233259267968102	3.26215497605743	0.0606853071865978	0.466355764074866	0.750749909229388	1	0.70912987012987	0.992211034620132
PF12392.11	0.513279333005674	-0.339374752923114	1.18088155311986	1.53067644913653	3.21371076449365	0.416439990658707	0.292000009315869	0.267701921838249	0.999958226823786	0.284774891774892	0.930922205181316
PF12419.11	-0.118618379406671	0.0514446373767887	-0.30034862600825	-0.441919040321939	3.47075514991335	-0.0967804156198408	0.437333335691362	0.671969149205628	1	0.694891774891775	0.997195058762254
PF01513.24	0.33996937020637	0.954436306263056	-0.357765304277061	-1.25651578225918	2.94095624621956	-0.347885028570065	0.313333341366566	0.406757861838427	1	0.396060606060606	0.993905259435855
PF20143.2	0.20698731487066	0.682323943235418	-0.315239476881326	-0.95771253915815	3.48644507501122	-0.217840153800077	0.367333338619035	0.563605357422146	1	0.543454545454545	0.999051405867453
PF01501.23	-1.79537087799883	-1.55004214857636	-2.03784755720815	-0.431662992068476	4.03683625902735	-0.0843148439324819	0.456362426676409	0.688201392400925	0.999986582346452	0.706233766233766	0.987267082561558
PF02554.17	-0.150576108611492	0.00754420436045677	-0.348452777401138	-0.427971447348312	3.65731373006064	-0.104751508435556	0.446000002023603	0.686069565057352	1	0.736333333333333	0.998719424111341
PF13722.9	-0.224443267251705	-0.0248405632341466	-0.442078785234726	-0.463653217034999	3.4680885228164	-0.102239490773637	0.43970686435495	0.647948547993145	1	0.703792207792208	0.997452859879327
PF12801.10	0.714402836420383	1.29277357084753	-0.27641650151268	-1.42143123136767	3.28582434913841	-0.375248868604207	0.304666675204241	0.34826042183232	1	0.360809523809524	0.999507481590455
PF00076.25	-0.233427859068412	-0.441592970187604	-0.0643035770735541	0.35080888756834	3.83369543486521	0.0797821821586609	0.456362426676409	0.722033475892016	1	0.695212121212121	0.991277866343348
PF00474.20	1.904837282289	2.15580939068861	1.75212033537493	-0.565837465720668	2.32657015746578	-0.199141004502181	0.387075287545898	0.501915888577857	1	0.600246753246753	0.999737208147044
PF06925.14	-1.65210483766678	-1.73212947195139	-1.57875353424449	0.0700538534062325	4.25304018605773	0.0155615074874223	0.493670886310086	0.739406705452141	1	0.71908658008658	0.986694136439992
PF01258.20	-1.53237269998861	-1.01328507253417	-1.99976359298321	-0.959691813235002	4.20032658427675	-0.204045056757048	0.399733514856683	0.577088480311827	1	0.597904761904762	0.998287869921928
PF13085.9	0.548820658175122	0.813114623102575	0.383438764463398	-0.395647923871614	2.92939305835607	-0.0988538327892997	0.443704199310853	0.772522040630921	1	0.723415584415584	0.999490749622852
PF03186.16	-0.277795491719933	-0.0602657647518008	-0.566842866761696	-0.515071387850519	2.92506360953263	-0.14230227869271	0.413057964675142	0.599515709694162	1	0.637666666666667	0.997653337844373
PF02371.19	5.76265137636011	5.52683629731553	5.9280185628059	0.450763087417031	0.6936350649879	0.615350674681683	0.213333349149593	0.133640907271647	0.999760498855142	0.122818181818182	0.809134555512824
PF07275.14	-0.404434721149423	-0.531852832154294	-0.274115811160386	0.232913447868681	3.70524670100639	0.0675613631737706	0.466666667906746	0.734924864459146	1	0.689857142857143	0.993698675771277
PF13560.9	-0.311752491227081	-1.0159735531733	0.263019622507255	0.973556267886734	3.88764226737518	0.218568474071454	0.381079285142026	0.546432619463237	1	0.486510822510823	0.981874318844666
PF18430.4	2.31148526212416	2.53213422533122	2.08745738630604	-0.412622553778862	2.09151850763859	-0.16566569170103	0.397734847385403	0.517988398243547	1	0.634069264069264	1
PF01695.20	1.76493383380443	1.35173125609761	2.06781921937775	0.622702426030283	1.6228942384715	0.35404462074191	0.333333340277776	0.427383954081899	0.998602175851435	0.386203463203463	0.936259704270105
PF02311.22	2.48032227122231	2.33835780695453	2.60267694365116	0.319416203207266	1.24684740173853	0.24357882303464	0.391333337557549	0.505014534373264	0.999649459634337	0.524787878787879	0.971556876291646
PF12833.10	3.96437940007775	3.37391840461208	4.45051551992839	1.08025438404843	0.80537448450963	1.29409604301184	0.0700000611592504	0.0179318619788572	0.923963317218279	0.0145497835497835	0.350974675900057
PF10881.11	-0.377207350431009	-0.158221872889213	-0.593152168363765	-0.340228525242527	3.43159538420768	-0.081933579953113	0.457028649169526	0.735431443811668	1	0.733731601731602	0.99737315966729
PF05272.14	-1.5566102020951	-2.12395917007466	-1.05407326693061	0.945750643038004	3.96341315450042	0.213969772956904	0.386000004453745	0.539671188272291	0.996484332427397	0.493363636363636	0.920130290223869
PF03389.18	1.23827152100235	1.10163460925196	1.40864225729119	0.420166852328637	2.28194584273873	0.12783104423225	0.410666670084409	0.658671104245696	0.999761063456036	0.58534632034632	0.987310429975971
PF13655.9	0.683467366543574	1.54670464230071	-0.186806104357801	-1.52349923028124	3.26764973045868	-0.38994991739849	0.30533334183134	0.397466259468058	1	0.353497835497835	0.997591376499437
PF00078.30	3.78104399500187	4.07570286415529	3.55108128015316	-0.436911419315973	1.39171687707188	-0.285208759412466	0.379333338078856	0.612057007810944	1	0.553632034632035	1
PF08388.14	2.69077916569655	2.91195681876998	2.55693252305965	-0.164402499881507	1.52261279231332	-0.0903729493062304	0.456000001642348	0.776890151774897	1	0.779645021645022	0.999900103326029
PF01205.22	-0.319138398641441	-0.459204551643638	-0.214907049483263	0.125655339605544	3.70285977553177	0.0339419931576607	0.479680213944031	0.743950499095225	1	0.729731601731602	0.992017866556688
PF04324.18	1.83988329810354	2.0532510508307	1.66600843420515	-0.501461041533218	2.0720011216979	-0.183331328660689	0.404000003691644	0.548785837615159	1	0.607051948051948	0.999419448159528
PF08442.13	-1.36308251515804	-0.679220593162483	-2.06758465985041	-1.23427335671714	3.97521408110087	-0.277858664710635	0.358666672355798	0.491794431935747	1	0.504350649350649	0.996990076116938
PF00549.22	1.90516630102108	2.26265255907841	1.64886005576519	-0.580133298254957	1.43067595914046	-0.353869658484252	0.324666674070979	0.449528330568935	1	0.464090909090909	0.996033793810448
PF13340.9	0.913069493814451	0.873783254227742	0.970449007796169	0.12478196099323	2.94313163117321	0.0387035863053022	0.482666667309414	0.797277778264525	0.999710007352218	0.747220779220779	0.994408782739016
PF07228.15	0.718640240622581	-0.28992092941842	1.36854057771829	1.5319602800198	2.95107308931146	0.444278077686101	0.257333345090326	0.283134700626208	0.997910578984797	0.216718614718615	0.847598092611405
PF13424.9	1.49843142130865	1.63163056624146	1.3832701094222	-0.322208277822715	2.54704474296156	-0.0998849769339335	0.44037308684754	0.753599015799425	1	0.736645021645022	1
PF12770.10	-1.82146473105567	-2.21267307254843	-1.46375091623767	0.756438858947418	4.19208136924342	0.155411449171814	0.416666669841269	0.600613273206365	0.998046373796497	0.570142857142857	0.960046843215808
PF04245.16	-1.83317948758451	-2.18602375287419	-1.46690858147994	0.634041578708548	4.22398742113932	0.124946751174272	0.431045971953661	0.636782445386539	0.999172866841216	0.59582683982684	0.960438924702811
PF03880.18	1.38591833831105	1.61600660957455	1.05824891661717	-0.703409107407323	2.50904786262214	-0.240232075873472	0.365756167909403	0.401599633986647	1	0.538316017316017	0.999004526212101
PF01494.22	-0.26196694070962	0.0563964765804323	-0.714844314550467	-0.58600192686934	3.62267139687135	-0.130625527264124	0.434377084415154	0.594856669249779	1	0.654774891774892	0.998754601929486
PF01571.24	1.32460941142825	1.78998129555976	0.851775601605324	-0.897726213840952	2.20659707031358	-0.35647161278154	0.327333340594301	0.383131989925086	1	0.415437229437229	0.998337339958712
PF08669.14	1.34612368179745	1.76440588163047	0.931417330351877	-0.818693646459878	2.15250773094442	-0.339451297583493	0.327333340594301	0.403467722121324	1	0.438939393939394	0.996739393014476
PF01734.25	1.1887379904973	1.66913509178474	0.512089564398883	-1.09349048848688	2.0351821354703	-0.465338736102163	0.270000010804815	0.286637187270005	1	0.322376623376623	0.99092488803245
PF00211.23	-1.64112844939153	-1.72599546269985	-1.50649875163828	0.265007694529206	4.12071294278976	0.0517771885636392	0.470000001115125	0.727751960047362	0.999853963904859	0.695757575757576	0.983057096493678
PF17189.7	-1.87916936740338	-2.21797107612108	-1.60183328917323	0.580668181636571	4.26557946675923	0.123954643440059	0.433333335847159	0.648054680779653	0.999869481947178	0.606467532467532	0.970294627973356
PF05175.17	1.69438937610228	1.98369445270602	1.07405323803326	-0.954232535185067	2.10694252761861	-0.360651763521097	0.310666674852809	0.265459336809145	1	0.375943722943723	0.996519487920412
PF02615.17	0.887788798551979	0.762213186705789	1.05017412988587	0.297636682436844	1.8421492283376	0.14293270914531	0.421333336320866	0.62734984844589	0.998989429199414	0.599528138528139	0.971616017387061
PF04879.19	0.690674567191874	0.970059417101394	0.404378996481809	-0.606328277426645	2.77469603681222	-0.16092445370897	0.395736179914541	0.570969270922059	1	0.588978354978355	0.99708526437703
PF00384.25	0.783581732777515	1.28674618679076	0.370252571638192	-1.02824276573228	2.99180555544984	-0.276862436108861	0.338666673336384	0.478028413266909	1	0.46108658008658	0.993925135283978
PF01568.24	-0.0092900758050094	0.678219933106249	-1.00894423793554	-1.66483304534145	3.22578997712755	-0.434620078737706	0.264666677863006	0.303742679951345	0.998917646362431	0.296679653679654	0.984009360996863
PF01797.19	1.07723267263332	0.0174956053632433	1.91857237989718	1.81973024790059	2.50233399595474	0.622292929271806	0.186666685776076	0.136144964619041	0.996681401047171	0.101878787878788	0.708155478660409
PF00563.23	3.81861707017885	3.48921194832744	4.0803677345149	0.616236543524448	0.839335956651051	0.681947948206776	0.206666683232425	0.134749937420552	0.991356184296616	0.138398268398268	0.750824798274146
PF10518.12	-1.63065007392319	-1.23780193709776	-2.03155960368842	-0.772665232313448	4.07009403964775	-0.163635238577435	0.418666669760886	0.626612104922907	1	0.640805194805195	0.997487369023147
PF14863.9	-0.676384532947642	0.631612573080161	-2.07718801569665	-2.36094294640688	3.81847704391745	-0.552373254210308	0.225333347902735	0.257018605143904	0.998095677587502	0.21869696969697	0.979632639979423
PF04962.15	0.296935208738522	0.354564132589663	0.264470172446543	-0.0189315842602165	3.03238771238008	-0.00494759436593284	0.497668221272125	0.750629597220165	1	0.787922077922078	0.99787687814068
PF13374.9	-0.228914722142375	-1.15611827710162	0.477342827933347	1.64986793931864	3.10247499771757	0.445943886931191	0.27248502060596	0.298233668360643	0.996870651612572	0.261792207792208	0.854292490884046
PF16197.8	-1.84963453335664	-1.71877749504154	-2.02363637970193	-0.325825000232995	4.22153590049362	-0.0609343033647667	0.467333334548396	0.702280137149225	1	0.725411255411255	0.989246301298495
PF00698.24	0.653732916350778	1.18342972911857	0.0283939087081775	-1.21262938419778	2.31045884467639	-0.423663913758812	0.267333344332271	0.268289474551408	0.998728353227102	0.31217316017316	0.986591150460375
PF09826.12	-1.00458969446088	-1.70564301667042	-0.365160697025518	1.17859302651908	3.61800054623401	0.277442717458425	0.355096608116218	0.490576130504162	0.997237740013279	0.435688311688312	0.922494771686198
PF00111.30	1.4882432757257	1.17434478238015	1.80801716831363	0.693203510985628	1.99752534616462	0.282146389861951	0.352000006007865	0.427172465621559	0.999622407029573	0.425727272727273	0.964970578938702
PF01799.23	-1.2832985999173	-1.76453134653083	-0.687217187940299	0.963280451467192	3.89942996568558	0.213638187100039	0.396666670664582	0.575729016621616	0.999185201484804	0.518606060606061	0.950320353153239
PF01315.25	-1.12390990474761	-1.56948231452895	-0.730266576801983	0.674631144069663	4.19544917457793	0.145185307981894	0.416000003201469	0.634606701427262	1	0.591	0.976283275376608
PF02738.21	-1.15336474993776	-1.53968833877596	-0.775073147238837	0.740949365913933	4.16164645653027	0.157748724578794	0.42105263457369	0.639376578291765	1	0.580809523809524	0.972923802457515
PF20256.1	-1.0544076636892	-1.52425121597116	-0.533306721374085	0.767788047122713	4.24643610979325	0.158176643547683	0.415056632149291	0.609300408996917	0.99945553996402	0.554428571428571	0.968294360781576
PF02504.18	3.84020844397145	3.63830988560222	4.14508145817463	0.405480820528688	1.00551233927667	0.341641800206284	0.344666673034318	0.536625202334712	0.999601698079702	0.371393939393939	0.970535772928017
PF04231.16	0.391067965681598	0.590750892835509	0.150934512851974	-0.492078574624498	2.49534025904903	-0.159265362967315	0.419053967098574	0.500136966292648	0.998994197142004	0.632073593073593	0.998932144213347
PF13305.9	-1.87105989752282	-1.72113969646622	-2.01128121698442	-0.287899206952839	4.28376876044089	-0.0583927354428622	0.468354431554951	0.703964369327613	0.999305400172037	0.723489177489178	0.991469520327186
PF13732.9	1.22937824611411	1.52580985958636	0.844947241685976	-0.635865118282357	2.63888554775999	-0.197802776642601	0.380413062652985	0.428568240068976	1	0.568064935064935	1
PF00543.25	-0.941063150952867	-1.66549590426047	-0.224830715267155	1.28414778390029	3.80784317537384	0.293170069937533	0.341105935917739	0.475455228260621	0.997533255154454	0.405207792207792	0.914957033570106
PF13589.9	3.68179888627987	3.46604547373306	3.83250709252959	0.469886910910193	1.25056385078449	0.343558582649042	0.350666672739211	0.344445451571328	1	0.390212121212121	0.974447912708423
PF01119.22	1.03331490390004	1.03804494989647	1.03238806637869	0.0629683800259393	2.39192191993286	0.0224918574442755	0.484666667235102	0.708855271777091	1	0.731675324675325	0.996159339620143
PF08676.14	0.96409456375234	0.868103914745623	1.04442792359398	0.27189332236413	2.51459226828946	0.0912943379017772	0.447035311774745	0.643444961801363	1	0.687744588744589	0.991284105020361
PF03481.16	0.597846268315468	0.0720715881570682	1.01340526351442	1.00811692272743	2.73080387250561	0.310064006875565	0.320666674289219	0.415643618628088	0.99984078944132	0.358445887445887	0.927398012108079
PF17773.4	-1.8500151724108	-1.6860577100655	-2.01815341567035	-0.188531547642686	4.16297373458478	-0.0418158203942444	0.477681546463399	0.714602057598761	0.999460424321354	0.739021645021645	0.990022698947606
PF14198.9	1.49587209140333	1.28733779106035	1.70108778847454	0.381359293420772	1.69911341865801	0.195902665079947	0.403333337052597	0.587294637378018	0.999730536618428	0.562125541125541	0.963021020216663
PF01420.22	1.24784185661648	-0.291164325376858	2.36765303393379	2.59144724183352	2.56054360645531	0.979040528024384	0.0840000500603321	0.0514677516743019	0.973003155253428	0.0215454545454545	0.413809270632559
PF13936.9	0.0496973444628379	0.503822931997919	-0.649551411734294	-1.22019412527585	2.55573079572266	-0.417604356937103	0.295802807199215	0.317833852089964	0.999826787616713	0.375047619047619	0.986934157584632
PF14258.9	-1.92681795419608	-2.26108889977159	-1.49526791965872	0.786680950021948	4.42891907674848	0.142836051083495	0.419053967098574	0.634571110169048	0.999806452377252	0.588774891774892	0.958089134398919
PF13188.10	-0.340709926826081	-0.549024839304342	-0.0939125680029811	0.50943338435543	3.56889861698881	0.112118513182219	0.441039309340154	0.678434718950982	0.999922921655975	0.637532467532468	0.985692730196601
PF01928.24	-1.80491310255936	-2.12312045598489	-1.46642166263829	0.661048937009692	4.00304008230326	0.141431704653308	0.423717524540984	0.628566748852762	0.998770712113399	0.597714285714286	0.957075532235488
PF07501.15	2.30430998464497	2.0977243237947	2.43221757984657	0.31429440844461	1.46764425719131	0.195978276580674	0.399333337219243	0.567358444969094	1	0.551441558441559	0.976374117772167
PF18267.4	-0.266710537970297	-0.540807616931535	-0.0392168514591749	0.54800382315933	3.55758465264237	0.130627580516941	0.424000002881386	0.644007499247737	0.99997595695424	0.623926406926407	0.981850383593094
PF03460.20	3.14897505544182	2.81072465888896	3.59196788493083	0.721510362727389	1.17000472644484	0.575143186605714	0.264490350968064	0.244690888508761	0.99903744554058	0.21948051948052	0.889783203160831
PF01077.25	3.06407945675646	2.6978551891373	3.57478218447613	0.844982824878603	1.15327826361107	0.676516936195448	0.223850780853185	0.185968624803661	0.991756552669989	0.159316017316017	0.801307374757735
PF06271.15	0.193305538397864	-0.900048313472359	1.0720442403061	1.67670218269657	3.39952326199525	0.434146544908306	0.273817465548373	0.310275811570495	0.998516578854363	0.241372294372294	0.89511508836152
PF01026.24	0.129542245812188	0.0946028839417385	0.179743720335978	-0.115697110333604	4.06797129994169	-0.0175833502998094	0.489007328854492	0.788828577829644	1	0.814536796536797	0.999011319086398
PF05099.16	-1.57313518179837	-1.66766805361691	-1.47612817512391	0.199337316316929	4.23973974788781	0.0417414422054199	0.47666666753275	0.71480586948973	1	0.696658008658009	0.984611498233317
PF09339.13	-1.09632655525115	-0.658400144113208	-1.51217366030048	-0.736866632407512	3.78779857584358	-0.1719377699949	0.38974017750457	0.581677473450595	1	0.609069264069264	0.996481193157573
PF01614.21	-1.17191185888745	-0.803239997030428	-1.53312049704218	-0.714859317753318	3.70632006408029	-0.1655316802559	0.410393074710145	0.606992404852888	0.999922283364908	0.615506493506494	0.994911937062819
PF03918.17	-1.84867877252973	-1.64326391736834	-2.04208912959252	-0.175359881793828	4.25083768299659	-0.0383628300804088	0.480000000741928	0.721640392335972	0.999993751205264	0.743125541125541	0.991401191760286
PF11950.11	-1.84606564722157	-2.17465319388951	-1.55289929511619	0.566218873271992	4.03104995981869	0.115271453350876	0.432666669206554	0.656122978645826	1	0.615051948051948	0.969819878368869
PF13487.9	2.37452107102476	1.35341809919145	2.9167194778321	1.59804656248354	2.06960698756126	0.725217891859805	0.138574311808054	0.0935781518614399	0.998972009971693	0.054008658008658	0.56722564939629
PF04227.15	-1.74498733467519	-1.49743906538109	-1.94979583298611	-0.409676829637896	4.26185782060161	-0.0840775859854689	0.463024651608331	0.691535733020098	1	0.708051948051948	0.995424134014932
PF00309.23	-0.958722863504457	-1.00346780095121	-0.893605565067732	0.134571011134148	4.0874824734081	0.0297548476507011	0.48234510391832	0.729423953614368	1	0.717588744588745	0.995111110455343
PF04963.16	-0.987051437945479	-1.03652866267949	-0.920987947392198	0.256066445753647	4.03216429535537	0.0587274765257545	0.47035309903515	0.726557294197136	1	0.71404329004329	0.990951370970267
PF04552.16	-0.914892229214322	-0.916305328053555	-0.91225528299697	0.210094070961323	4.13658440825746	0.048657033717942	0.477681546463399	0.719790600094153	1	0.715333333333333	0.992642101990052
PF00067.25	-0.502875357931981	-1.6662304340824	0.491882822101145	1.99867899420948	3.50219557615749	0.499698373944364	0.239840119790646	0.275261147998806	0.996913445538369	0.195774891774892	0.810306214665145
PF13533.9	0.0313633907082398	-0.749154310960682	0.408034486513466	0.989624410284341	3.32246176627659	0.259219037294918	0.370666671800271	0.438945009400512	1	0.467991341991342	0.960933308275413
PF13175.9	1.19372123524893	0.542472723297158	1.78998617332232	1.34176594774832	2.26037066632803	0.512942467212024	0.260666678165493	0.243897102342241	0.998674297429972	0.214051948051948	0.86310972960715
PF04026.15	4.4623628738376	4.24788424937444	4.63539747688455	0.225415492087385	0.983941214584215	0.21864622071303	0.412000003363445	0.671692140010007	1	0.571238095238095	0.995671357962224
PF19302.2	3.33883513814565	3.27050417754746	3.36927010763021	0.0633690085612688	1.12905808109666	0.0475376685791618	0.479333334100075	0.800166726944784	1	0.781155844155844	0.999756567038436
PF00764.22	2.07477996130067	2.12908521441943	1.99845030053661	-0.12470828390068	1.49177192733428	-0.074397783460933	0.457028649169526	0.61264005073202	1	0.713865800865801	0.998572367834565
PF01813.20	3.39759785374091	3.4610692777889	3.30614397038212	-0.0516961528028865	1.39051110352176	-0.0326030554009977	0.4840000005932	0.820141968187766	1	0.82787012987013	0.998940650916758
PF07882.15	4.96136820072676	4.6042460168528	5.23765199794093	0.633572667730991	0.78300352980002	0.749954835849894	0.169333355100261	0.0848332785875591	0.997665703717099	0.0711558441558442	0.675641975716695
PF02952.20	5.20529817174662	4.88688633104446	5.4917964014802	0.609149301393993	0.646466888963109	0.878532993987307	0.161225872598461	0.0738018436824696	0.99407825770082	0.0598484848484849	0.643526801713481
PF02632.17	0.834659506265842	0.158550786536237	1.43776249733821	1.23186800457801	2.71311673575525	0.382285304048808	0.282000009969172	0.388905239884965	0.999606808637376	0.271406926406926	0.896286185963982
PF02127.18	3.15975610411236	3.26546982892516	2.94148918194464	-0.396722121728187	1.29168184854072	-0.209889833699515	0.357095275576019	0.305289809874634	1	0.492515151515152	0.998529886678312
PF05167.15	1.3524557201597	0.782676947949123	2.03595590549207	1.24188794516931	2.63823679714168	0.4310501349841	0.289333342819867	0.280776224772455	1	0.266809523809524	0.943789762325536
PF12010.11	1.54583725888322	0.833989606386045	2.33217717268723	1.87966256874974	2.4070148034819	0.693245674006799	0.186666685776076	0.114170868401795	0.992997322762408	0.112991341991342	0.72358754886036
PF06838.14	-0.905562738794698	-1.05052515074562	-0.788192643192687	0.355131961588265	4.01488942062685	0.0733045074872239	0.459693539142167	0.721487199403042	0.999836294198898	0.696666666666667	0.990736290198431
PF13407.9	7.7580002848791	7.64105660401506	7.99500431024707	0.393133718293466	0.710669728186316	0.526556758689446	0.276000010379501	0.214940843095906	1	0.202160173160173	0.976201429560901
PF16078.8	-1.77265544467347	-1.58092680514494	-1.96735805685148	-0.335789459442141	4.20918684816564	-0.0673031488667494	0.466666667906746	0.695062131868001	0.999602180433127	0.717536796536797	0.994201468951527
PF13672.9	0.427157572852948	0.406201494999363	0.448628990180673	0.1079663373829	2.28586321251283	0.0374523120534664	0.479680213944031	0.757006458527274	0.999793246405925	0.731047619047619	0.987598059076984
PF13173.9	0.604770128729897	0.936799432487532	0.157565295196862	-0.775201257507661	2.12935625313323	-0.293370396269385	0.327781486241393	0.366645498346898	0.997287126868328	0.460168831168831	0.991779273015578
PF13635.9	0.569054938474078	0.99264997832338	0.052185215111936	-0.976268843185159	2.21321762362252	-0.383283023496808	0.30533334183134	0.322986778613568	0.999815413605313	0.374069264069264	0.986420724780504
PF01863.20	0.764594610656149	0.632958084563938	0.88009914840259	0.277621157339174	3.13226692408001	0.0650096865967187	0.454666668359595	0.718713997989106	1	0.689160173160173	0.990074370278511
PF07833.14	-0.756331943401463	-0.155789758300386	-1.30646589467289	-1.29138023530147	4.37348536963276	-0.236914493466133	0.381079285142026	0.551410045063587	1	0.565965367965368	0.999295486954696
PF17202.7	1.38082699297537	1.73230025770559	0.703036484665242	-0.819952639368683	3.14869473472386	-0.218823193318803	0.39466667074908	0.413044436206761	1	0.605419913419913	1
PF10418.12	4.09215811084109	3.78777900582646	4.39845603441768	0.602763841348231	0.629167929776642	0.883703097892975	0.159333356882476	0.0867805053013887	0.969451534498863	0.0798138528138528	0.6191817138972
PF00290.23	-1.7888791713419	-1.67387971107092	-1.93326657023758	-0.330176695695143	4.22999026040765	-0.0717769627715281	0.462358429115068	0.702365877853108	0.997867221266834	0.721324675324675	0.989531547844756
PF13510.9	3.66736492130919	3.28275503013931	3.88075536836542	0.542883189248196	1.23816908448234	0.421043448540212	0.315123259087011	0.298383331229284	1	0.30648051948052	0.954527918229088
PF10588.12	3.00758430709711	2.5870111423154	3.25106282209534	0.574447129877247	1.53699561217846	0.361614313330781	0.343770825857455	0.359979875926588	1	0.378181818181818	0.976013509467828
PF00037.30	5.65025063746873	5.62486771946292	5.7614997507926	0.0650209901604839	0.750458422366045	0.0844710623655465	0.461025984128586	0.821392406274779	1	0.738320346320346	0.999948207207701
PF01817.24	1.29858784620265	1.15831289993797	1.49946741853737	0.277728749505438	2.08951392181669	0.10194446818663	0.437708196877331	0.813277239615798	1	0.630268398268398	0.989618337332123
PF02153.20	-0.675255850822004	-0.601896399848315	-0.736709306500193	-0.130339012379159	3.64335512781865	-0.0264598955527992	0.48234510391832	0.741733377248233	1	0.781636363636364	0.99725217406814
PF01257.22	3.45041403327868	3.53573669114055	3.3751945548555	-0.211623823373334	1.03139360547442	-0.185155610508459	0.418387744606937	0.600222896100068	1	0.655116883116883	0.999280563849442
PF13237.9	1.98500154997356	2.305154076059	1.64570420804073	-0.613183297687967	1.57970545879501	-0.332433620127612	0.328666673856588	0.463368390564907	0.998878334096518	0.455017316017316	0.997002781572319
PF01496.22	4.82967065495333	4.96559183047955	4.71426154985979	-0.264546692455574	0.900235068471229	-0.277683378488609	0.370666671800271	0.457631697351395	1	0.509497835497836	1
PF12844.10	1.3719293209388	1.32798515650532	1.41736371666507	0.171866367359188	2.13870679857501	0.0670414598239856	0.456362426676409	0.643342231374591	1	0.683580086580087	0.99320647270186
PF01967.24	-1.82819357021549	-2.1605496463829	-1.4616907776822	0.669508053234403	4.14487710764722	0.138522040009988	0.432000002565979	0.644058273653437	0.99765430013195	0.596640692640693	0.964225252480631
PF01758.19	-0.830373285793154	-0.735966545338558	-0.905751453150001	-0.106987173602476	3.838516189152	-0.0285949743154374	0.481678881424736	0.731869403944691	1	0.767744588744589	0.997334930524253
PF13623.9	1.5598008754309	2.06941711233532	1.00668327625327	-0.677222547779516	3.11208305694446	-0.169949530559397	0.384666671178323	0.738943035186219	1	0.586467532467532	0.999953358469488
PF12895.10	0.473806588793035	-0.30407737127582	1.15332609246106	1.54910827297902	3.22458126065519	0.406069437348234	0.288000009572812	0.31833395821172	0.999579401275663	0.272670995670996	0.909902997024767
PF18942.3	-1.27750048824083	-1.15406298308561	-1.38360837667191	0.0725181153377843	4.34341428008887	0.0166676348570708	0.49266666693833	0.774978527886497	1	0.742675324675325	0.99460854782178
PF10825.11	-1.36165138870212	-0.691709280412308	-2.08808563446324	-1.21371517511801	3.91190846869007	-0.262522691960337	0.359760165523463	0.512666228095248	0.998018065971764	0.517385281385281	0.9919576234195
PF14535.9	1.73131252676341	1.14878681172444	2.28448401149966	1.13171868653837	2.12315543359302	0.452468554111704	0.268000010950104	0.245624522262123	0.998464446590788	0.206134199134199	0.887608605071846
PF02771.19	6.69351223880886	6.59148560042749	7.01186617985914	0.31991167757638	0.618889413134861	0.519684940423871	0.292471694816542	0.235491590234845	1	0.249484848484849	0.946298527601089
PF02770.22	6.69392721663221	6.58471092549806	7.01758647962909	0.335586543640525	0.610891571135943	0.589056768971068	0.277814800380107	0.216805448553551	1	0.230428571428571	0.941931637156826
PF00441.27	6.70310474661463	6.59408938729895	7.03851322425729	0.332476568540645	0.598369233231314	0.56167607529295	0.276482355435458	0.217270581082418	0.99981259954832	0.227008658008658	0.937489078331059
PF18952.3	0.0795193104265275	-0.0114644387604166	0.161266477479301	0.140026030550308	4.25562576305704	0.0340247730012394	0.485333333877011	0.771149277683984	1	0.774614718614719	0.999293796428878
PF01547.28	7.00236235648933	6.72071136383224	7.28970641534496	0.646626885124248	0.63951854557291	0.9942924174617	0.101932085513116	0.0335970419975353	0.991471263055511	0.0217619047619047	0.505605109888936
PF07683.17	-0.315062840583636	0.170818597251343	-0.816442376611209	-0.892836340734163	3.72522770562054	-0.197287399087551	0.395333337387533	0.570765783923912	1	0.583441558441558	0.999329042706702
PF01915.25	3.14230543055638	3.55554903154102	2.48947954615224	-0.995385948980728	1.74840014833637	-0.452215255188134	0.279333343483091	0.237212208108438	1	0.260082251082251	0.999974590626765
PF00150.21	0.183153230000995	-0.286430723361133	0.488066944393025	0.764044645121611	3.25134045569692	0.205198002439946	0.384000004540694	0.484051483683919	1	0.499584415584416	0.965781154403999
PF12161.11	2.43922391106084	2.43524998257123	2.44758608706083	-0.0239967601872966	1.34395332555939	-0.0120068672972604	0.494000000222254	0.749569013367665	1	0.799731601731602	0.997556583557399
PF18537.4	2.76488631273363	2.47396272435024	3.13777385051951	0.594421186832641	1.31112584023007	0.379791379320646	0.316000007882261	0.448271533668966	0.998831670238166	0.333246753246753	0.94173304017445
PF03598.18	2.75730420730319	2.47297397822205	3.20729789024504	0.661466610047174	1.31073198201547	0.471811740239819	0.304000008577276	0.40462185466956	0.998567399801945	0.299623376623377	0.938737933452306
PF19436.2	2.83507756012013	2.52247081584023	3.21154517142815	0.65311004915943	1.20240945354834	0.529125295484703	0.27466667713935	0.277376580735312	0.997225735139505	0.258367965367965	0.889343324860572
PF03063.23	2.68834070913166	2.48605305881536	2.90087410246572	0.457650165617549	1.42091514363402	0.305631512654371	0.36400000543947	0.482302386908223	0.999941381446314	0.437735930735931	0.9710450459039
PF03060.18	1.66259690935952	1.42765038248478	1.76354731063535	0.267413937060358	2.87481183386617	0.071915377948345	0.4633333346987	0.551208871387692	1	0.750424242424243	1
PF05598.14	4.29346060439152	4.32180520593321	4.26947414031172	0.0133062094813665	0.92432512844723	0.0135410985410556	0.495333333506188	0.829647435909634	1	0.812831168831169	0.999137358223514
PF01076.22	0.659627524931735	0.171650768195754	1.06084879608285	0.919027707154266	3.1449948133119	0.25363295374476	0.371085947812638	0.520161489402254	1	0.471779220779221	0.98283679606444
PF09338.14	6.63055597370576	6.77490829762436	6.48804823934019	-0.290382289162041	0.827439520849575	-0.333272325846446	0.359333338991004	0.38663655456858	1	0.46765367965368	1
PF04723.17	4.70133476987177	4.51086927215199	4.97226339872628	0.327154905803043	0.917695020178725	0.337256847604098	0.368000005255151	0.496774785006474	1	0.414116883116883	0.983602749331594
PF19789.2	-0.897384931989297	-0.105196545829165	-1.50833619141094	-1.36759332875394	4.01720799152558	-0.294603416354726	0.34533333966786	0.516553667812589	1	0.489597402597403	0.997228148746692
PF13290.9	2.7858399009301	3.2149532409453	2.50112264029065	-1.05218336899157	2.01430191833552	-0.439322006892258	0.296469029676195	0.254418970600291	1	0.316692640692641	0.99943533459129
PF05729.15	-0.927542404292208	-1.2276501123294	-0.662051455303698	0.485256491221376	3.54703608458142	0.114811933516369	0.430666669284912	0.641432491587978	0.998974372318825	0.608549783549784	0.967987587365327
PF19478.2	-0.807453449338545	-1.1876120888878	-0.438558923283091	0.680674116653949	3.91059007790883	0.140974116141177	0.414390409657871	0.628803095935856	1	0.582125541125541	0.974372054738466
PF14193.9	-1.83764959300453	-2.10979876094392	-1.49327109009946	0.620083327915335	4.17785605473555	0.121516176123612	0.429333336003963	0.638329937691238	0.998531858884114	0.591064935064935	0.95524238341626
PF18852.4	-1.90653883604258	-2.21240617894589	-1.61676902558704	0.629928493840873	4.28672234438313	0.12889537144521	0.435709529399944	0.656139240987198	0.999049021538177	0.605004329004329	0.971062860759205
PF08401.14	-0.301673041454569	-0.276365346451507	-0.327994357163043	0.0648988048077834	3.91779085874952	0.013071488548174	0.491672218829097	0.791250686950955	1	0.760012987012987	0.995928849968192
PF06114.16	0.3465900990514	0.201437716381614	0.545450453858837	0.408096269994747	2.7700757103439	0.123050113045544	0.426382414508798	0.703482614657588	0.999609141642363	0.62252380952381	0.989628638450265
PF14191.9	0.0229210788848091	-0.0746649937039416	0.11294948650483	0.0591853795760144	4.06282087717163	0.0115802721745397	0.490666667012466	0.781382019706506	1	0.745722943722944	0.999050394029031
PF14195.9	0.353508350875945	-0.154707226671537	0.724911492308737	0.931975202458323	3.3615040893148	0.224270514612776	0.371085947812638	0.519313208838363	1	0.454822510822511	0.973317476143428
PF12645.10	-0.181631151208822	0.213105479382627	-0.732378738406902	-0.849687493523842	3.88479343427405	-0.204110617891459	0.380666671353383	0.552005871481778	1	0.5854329004329	0.998806813301039
PF00301.23	3.33290608376056	3.56232594794384	3.04722441707009	-0.313325297692584	1.54376255807489	-0.173826100623554	0.421333336320866	0.736556623916913	1	0.670770562770563	1
PF02920.18	5.28333430260608	4.97397123668638	5.70065485986816	0.633647666558596	0.912325113433738	0.63903637883567	0.245836121937002	0.203021762680105	1	0.149077922077922	0.910131830824131
PF14283.9	-1.59397932314215	-1.15252008852364	-2.0779832740538	-0.75539545580743	4.00895140270295	-0.158763474766438	0.414390409657871	0.618752923450588	0.99972876493478	0.640246753246753	0.997476474620619
PF12666.10	-1.82862838244173	-1.67728251937499	-1.96883776278463	-0.391757928381898	4.22355075287955	-0.0798448672913335	0.457694871662661	0.686765107028215	0.999821174928372	0.703194805194805	0.98963087261747
PF12728.10	0.409827640774762	0.284373273825731	0.54710477797366	0.243785322712859	2.96959910969216	0.0767007105262715	0.465689541581532	0.76792856798849	1	0.679679653679654	0.993114807000331
PF02545.17	-0.299463666215413	-0.125889291532666	-0.462421034550433	-0.295060240806083	3.25746940673459	-0.0770797101010186	0.457028649169526	0.714402606688793	1	0.733670995670996	0.996065314430843
PF13620.9	-1.88861680614091	-2.24534741983933	-1.49860461482773	0.684394596467429	4.21767335694257	0.134969994891133	0.431712194445903	0.641624536291008	0.999268894052342	0.59565367965368	0.961405957191411
PF04413.19	-1.82617975691944	-1.70364333962516	-1.95756733595487	-0.237839749510641	4.21955810729769	-0.0500385955294914	0.472000001040299	0.737814062703712	1	0.761606060606061	0.991650531222328
PF03575.20	-0.782636841495414	-0.52805152249531	-1.01435315482371	-0.479775249666607	3.80713525255084	-0.101790189748289	0.437333335691362	0.689237428332947	1	0.694316017316017	0.999095562880823
PF04613.17	-1.52061444182248	-1.04783396801394	-1.9961570155567	-1.00449845728632	4.1709133261873	-0.199594408287881	0.395736179914541	0.591750277808221	1	0.607281385281385	0.996860872289735
PF11028.11	0.252887740776259	0.197832065992801	0.325772791935026	-0.0486451920916302	3.45462650708801	-0.00995709619557634	0.49466666686422	0.77550993146714	1	0.772281385281385	0.997810076813339
PF02417.18	-0.240887642412551	-0.25272225315622	-0.227226353769375	0.0778395617311949	2.9688710916849	0.0163753873812665	0.488000000444701	0.747180489535127	1	0.736658008658009	0.98944211772078
PF13304.9	1.24528278503309	1.06937485578281	1.40270467108861	0.189642514375614	2.29286065488626	0.0646213771935499	0.464000001340281	0.797751376109774	1	0.706441558441559	0.994511924934941
PF12186.11	-0.480355287325507	0.625911539481139	-1.41723427253558	-1.97769117425522	3.7223126693897	-0.46800724786594	0.268000010950104	0.325982100983451	1	0.294679653679654	0.988703211228275
PF01502.21	0.427002013156549	-0.349167455388725	1.14009687423407	1.48847219170058	2.83450581912333	0.468214035809998	0.257333345090326	0.220157643443046	0.999435062075287	0.210290043290043	0.852226660868995
PF01503.20	0.279859663459523	-0.627658683378701	0.996188906877884	1.67070279433086	2.68484192692254	0.553511732984553	0.229333347513362	0.182360625558112	0.998227533581878	0.171099567099567	0.80832820175938
PF08328.14	-0.881784471612821	0.192154684930643	-1.98406497534465	-2.0009565459468	3.77381328251693	-0.44920760323014	0.269153908253317	0.354171990866835	0.99741428845001	0.315597402597403	0.979319639349536
PF12008.11	0.624423671994554	0.0317761773997542	1.0005154689888	1.04636329541484	2.46338079139416	0.363988019628682	0.31978681645501	0.309237574159589	0.999771160503406	0.342991341991342	0.909650773226186
PF16403.8	0.22985589976568	-1.02439578228535	0.939114973434771	1.85736766320537	3.71971928285121	0.450017881496538	0.285333343080642	0.291999834088259	1	0.252103896103896	0.924790602158257
PF02190.19	2.33720215022515	2.43504945553337	2.2270087740723	-0.130742499979647	1.47126662728469	-0.0815697204931362	0.459333334849536	0.733808599270715	1	0.740822510822511	0.998780908201421
PF04327.15	1.47523572705126	1.56955977925663	1.3331430935453	-0.232933279656101	2.23564050070025	-0.0807914841214365	0.461333334774048	0.718007353264666	1	0.790969696969697	1
PF01032.21	0.575765143616585	0.806851122920418	0.327734078051145	-0.47539934591814	2.80218781746159	-0.134485029228604	0.408394407236809	0.617233850414097	1	0.640017316017316	0.998488128342246
PF05582.15	-1.75082692955242	-1.5324408619148	-1.9599581274025	-0.481865172654881	4.39212464880973	-0.101977636336855	0.44533333538252	0.693021333898386	1	0.704961038961039	0.996461743245262
PF01867.19	-0.778473640570592	-1.61253090320692	0.235506728733598	1.71802144336633	3.93253376370752	0.373493210041151	0.312458369165026	0.423026862051465	0.997793236489534	0.321779220779221	0.909080232339147
PF04468.15	1.52441272271744	1.06779170104287	1.80384104836567	0.694432380081786	2.10049825467014	0.251373388149248	0.365333338711092	0.41705728644816	0.999953240084697	0.445727272727273	0.96396176667986
PF09491.13	-1.87993384052172	-2.31343561802066	-1.47428254982881	0.656524062530663	4.02801674570241	0.132761834868794	0.426000002802118	0.616455936089165	0.997607797926595	0.583329004329004	0.957023194118065
PF07355.15	5.13285002288705	5.14707666461122	5.10817620082822	-0.0397058335591778	0.91993880779261	-0.0427781605499803	0.479333334100075	0.824072181799661	1	0.867515151515152	1
PF05544.14	3.94069493788126	3.91696092329163	3.97622877072564	0.201987261508113	1.24165868697756	0.140667991252957	0.425333336161842	0.677353152045997	1	0.653874458874459	0.997211850514147
PF19571.2	-0.0921818525860774	-0.366811885927716	0.284503738487781	0.49377497126854	3.73622349779768	0.116815654277275	0.435709529399944	0.675025048610565	1	0.61612987012987	0.993240129867745
PF13751.9	3.84357631817822	3.56753382181426	4.3244153672396	0.66660827541589	0.973896825341306	0.61047976064898	0.254000012020947	0.253473636490518	0.999225853167312	0.181891774891775	0.878416797687337
PF02604.22	1.37106332745677	0.741813541864552	1.93949747529148	1.17254037443568	2.2683733318309	0.424290653069704	0.274483688019865	0.386595465939589	0.998962998100487	0.249705627705628	0.894370516874027
PF13401.9	1.08399908707835	1.12487596421275	1.02423097717922	-0.0180565189581605	1.83148859787737	-0.0101208372511714	0.495669553791098	0.769427313517186	0.99998692661623	0.749510822510823	0.991125016143589
PF09299.14	0.478193759404205	0.238023653269656	0.74879909084743	0.6587341375486	2.80065246966479	0.194337685567029	0.397734847385403	0.569601525435674	1	0.52074025974026	0.967231554664407
PF20020.2	-1.22270155661201	-0.46117340761529	-1.96250229469732	-1.39308847642614	4.20122981504574	-0.285582967034614	0.353097940657105	0.517136693973398	1	0.494995670995671	0.992768087280077
PF05164.16	0.621300929533825	0.493212559096527	0.805838998442744	0.337610788880445	2.84345693107286	0.0929644140238499	0.446000002023603	0.764762918268801	1	0.672640692640693	0.989546888664905
PF00269.23	5.78250122709277	6.16183042825698	5.55801896405806	-0.537548214504217	1.03318933706491	-0.37688288882928	0.267155240844119	0.599669127344204	1	0.22708658008658	1
PF02616.17	-0.706948554826807	-1.08328704356053	-0.388475923267904	0.650028672560919	3.61783167837158	0.144120943603926	0.415056632149291	0.625184124593237	0.999874320166071	0.585943722943723	0.972734846500789
PF01992.19	3.17369231178168	3.14998339146158	3.22063201001303	0.0731847131143368	1.264790483002	0.0453540299034916	0.478000000816395	0.825110347724338	1	0.741813852813853	0.997601154595647
PF19568.2	-1.90590009223741	-2.23447261141393	-1.57999830283677	0.633239098218779	4.27431778423127	0.119991538248487	0.432378416938174	0.653395280081655	0.999935014571435	0.623571428571429	0.970955820635001
PF18980.3	0.456593837863248	-0.13061314062532	1.19291244837444	1.19702340585916	3.33514371632148	0.300962106497418	0.333111266107309	0.52648794900834	0.999175729568294	0.386095238095238	0.942244901298416
PF01946.20	-0.119471941962907	-0.688659279024662	0.706961271292442	1.28948834180131	3.58768779711749	0.315558645374276	0.329113931207269	0.503217791254847	0.999722750185466	0.366194805194805	0.946372164636754
PF18075.4	1.50110801562254	1.42871759525624	1.56058658992187	0.192074690083245	2.2356672848067	0.0640107933706957	0.459693539142167	0.720480851830593	0.99971871895851	0.686688311688312	0.993170260365803
PF12663.10	0.0271179373015729	-0.870542524075108	0.556752720454509	1.36094727262646	3.25263167812621	0.362249330655029	0.316455704048718	0.341786190984751	0.997989594444805	0.323251082251082	0.917385772260063
PF13847.9	0.846651970946452	1.12889102173677	0.589866042350852	-0.608705627423626	2.61356142714744	-0.195107692642999	0.390406399994367	0.588249329937076	1	0.59152380952381	0.999326157130278
PF14082.9	-1.62589195731377	-1.73318152924979	-1.50644676043218	0.259515115272007	4.25795089758268	0.0577779640426883	0.47035309903515	0.731722978399413	0.99997595695424	0.70961038961039	0.982276260832783
PF18828.4	-0.703933630110837	-0.420847983034326	-0.963250963863881	-0.362809066081939	3.92176910933618	-0.0716890310818608	0.456000001642348	0.696532974811184	1	0.726155844155844	0.99760206584898
PF05713.14	-0.95395974790371	-1.02195601464985	-0.908070324491597	0.16810803431072	3.92346376391188	0.0333516196176008	0.479333334100075	0.731805493881429	1	0.710874458874459	0.987907581981473
PF13588.9	-0.408949783559302	0.361130995673989	-1.55154209159154	-1.74868498333664	3.60756208181864	-0.413641772609644	0.28914058243768	0.327958153467421	0.999641825205008	0.342709956709957	0.993776033310998
PF08463.13	1.45811831941867	1.65764552708223	1.25187306610571	-0.433982598377944	1.45343541141619	-0.275914894916299	0.363333338803763	0.488018545272592	0.999879096764072	0.544385281385281	0.994816710959829
PF13263.9	-0.181607029712143	-0.658832092912121	0.218854794053248	0.818888309367158	3.26806599354565	0.21858378813265	0.375333338256687	0.531713924406927	0.998979687447927	0.491493506493507	0.953307611287644
PF02906.17	4.06674139179297	3.83761896269442	4.29997570549487	0.490785640136087	0.807853474516112	0.551446245662325	0.250000012345675	0.221246704781571	0.997221570143285	0.200194805194805	0.825812887106019
PF02256.20	2.75742877636311	2.24895624943119	3.09700308979536	0.74517008948219	1.52510188855074	0.444858621915626	0.308666674968797	0.321574607702981	0.99959686862792	0.303554112554113	0.949748843212923
PF12687.10	-1.43846544163741	-1.61589317957622	-1.24444544257392	0.379264317427392	4.12922850616048	0.0755738468248558	0.456000001642348	0.710769327549913	0.999720696159096	0.672658008658009	0.978287701205185
PF01656.26	1.55012063747343	1.43663065430528	1.68165905772221	0.367552282268347	1.73753764579603	0.179018862246966	0.415333336561705	0.621246269542565	1	0.591441558441559	0.977010741213389
PF01609.24	4.81314429925703	4.69396316714211	4.99446013411073	0.243784278025476	0.794701023763301	0.257320582297302	0.369087280348433	0.673595082621636	1	0.446705627705628	0.987662204274716
PF02401.21	4.62972834617906	4.67013259442178	4.5441290848406	-0.257700744625823	1.20988652680549	-0.176543142243342	0.417333336481106	0.486910153976222	1	0.696147186147186	1
PF04060.16	2.80260590947482	2.42667947698362	3.18407217085369	0.677251367293451	1.49188612968575	0.412629018617321	0.285809470062779	0.360097718513373	0.99876624624999	0.28169696969697	0.919917474728733
PF13375.9	4.1080711873711	3.96025296773084	4.21762420253956	0.30313081077334	0.749135066522657	0.396438082252494	0.330446376173551	0.351555325567821	0.999026269184678	0.376571428571429	0.923067874539863
PF14266.9	0.704048866881737	1.56191285760184	-0.369319896411519	-1.92571389969955	3.28988604585035	-0.514136455242341	0.232000013927131	0.269297405536394	0.998866079301441	0.193575757575758	0.992647318118396
PF12685.10	0.283213309603714	-0.434765370953568	0.957863974412882	1.31374166456831	3.45564690016535	0.336651297109388	0.333777488590993	0.4094557991158	1	0.355896103896104	0.943722752858726
PF03313.18	1.54853901382144	1.95231480703597	1.11179834516123	-0.932220766801952	1.76533791544834	-0.437360046102322	0.280666676725781	0.263898810154667	0.999555941664341	0.315242424242424	0.988266196155972
PF13458.9	2.29495132965676	2.18697407838431	2.42245131850817	0.238431022833093	1.61175341800528	0.0886809014456847	0.437041974384842	0.805991549691324	1	0.630194805194805	0.99486435679583
PF00941.24	-1.3792666068032	-0.83302657498487	-1.99645893432042	-1.02646728381503	3.83148281980024	-0.2238382323943	0.385076620077449	0.543624901039915	1	0.563294372294372	0.997155861432405
PF03450.20	-1.27568604976727	-0.702956432043137	-1.89481935629586	-1.03908731105244	3.75269690540523	-0.238137713479227	0.365089945421798	0.514888440998222	0.999055871074672	0.517878787878788	0.992734534862468
PF02629.22	2.33956491598209	2.52651903278229	2.17929144859039	-0.289235597423864	1.47881483533154	-0.178126326903521	0.422000002960946	0.608752259172939	1	0.653835497835498	0.999813249888459
PF04199.16	-1.20636676914547	-1.02339562553617	-1.40787792688218	-0.423641089777716	4.03043441746356	-0.0901219564514748	0.452365091718084	0.694929439669971	1	0.716471861471861	0.994896125989987
PF01311.23	0.833708051101636	-0.409967616701214	1.60019529846376	1.86511297492896	2.93554770461049	0.578083337169823	0.205862774798181	0.210876403154842	0.999558620262794	0.128506493506494	0.779758613982739
PF12733.10	0.59688509369827	1.7633853650385	-0.289974431847249	-1.67919216528647	4.11854783225357	-0.367174484465165	0.277148577907692	0.427243449616076	0.999911459896683	0.301692640692641	0.998181341919158
PF02561.17	3.68434838233275	2.96106204219178	4.16688905897427	1.32474173715796	1.6704361132846	0.745863157477154	0.156562315854896	0.0743332760020255	0.999220805452576	0.0507878787878788	0.662877499897821
PF02465.21	5.49849332582252	5.53266239900082	5.37064328200897	0.141464999754759	1.75300352510295	0.0765579211447531	0.467333334548396	0.692049520788253	1	0.791207792207792	1
PF07195.15	6.04114717355741	6.12620528721117	5.88674777117362	-0.0524832329584894	1.69270203555784	-0.029282087085402	0.490666667012466	0.788907574862399	1	0.93682683982684	1
PF20074.2	2.0000422104066	1.84393766746426	2.17178264792885	0.268809861489027	1.58231196978685	0.166781534138767	0.419720189590245	0.67471716556991	0.999993751205264	0.6024329004329	0.979105277945867
PF06429.16	6.49503409556502	5.96175828086394	6.81043323168265	1.10936878752051	1.18254906486881	0.94110866107673	0.106595641130074	0.0371630393729193	0.999138822434283	0.0192077922077922	0.485823424776675
PF01814.26	2.19317401480688	2.02578570635585	2.37080934726936	0.321627961407928	1.52246823452415	0.177725735183628	0.411333336723907	0.668978511019289	1	0.566770562770563	0.97914962511126
PF07194.14	5.19585086822442	4.66550983417776	6.05134220091725	1.39545960935095	0.925272341670117	1.52895186168647	0.0586667406622703	0.00646633911755763	0.895734516204617	0.00658441558441554	0.316507185660232
PF02895.17	5.19723455621526	4.67786850295097	6.0505297491423	1.3969795875261	0.954557645783341	1.46322657238521	0.0572952123663054	0.00651176775708813	0.888360084853205	0.00596969696969692	0.296617765270246
PF01139.20	-1.20015019940956	-1.45717604451601	-0.974727221218863	0.440917063937923	3.91513212722355	0.0958226202479821	0.451032646732127	0.675389431900061	1	0.650532467532468	0.984407995807372
PF05076.16	-1.31874821896124	-1.20129049304581	-1.41934714179238	-0.139502505638881	4.01142321848298	-0.0301891568281958	0.48500999389272	0.743175171263029	1	0.763112554112554	0.992237085872943
PF09951.12	-1.31380180190538	-1.26845911485861	-1.34343894107208	-0.110388331445063	4.18703810917852	-0.0194547371142243	0.486342438879956	0.748714787329393	1	0.75687012987013	0.989192783098355
PF12673.10	1.32176473337698	-0.602008630327016	2.20464589381515	2.65785303929958	3.64555991287266	0.651195641707299	0.192000018382905	0.151583337259042	0.998860036255713	0.0865887445887446	0.761018778853688
PF08220.15	1.72648953930207	1.7690115638196	1.66776242638593	-0.00919450923597864	1.66895466179295	-0.00538717573811841	0.497333333432102	0.755151787795058	1	0.776181818181818	0.993334385752196
PF00455.25	1.64610556980813	1.60961956769257	1.68826227397819	0.12209279017374	1.65319681333291	0.0619698362378481	0.47666666753275	0.763640395456734	1	0.70369696969697	0.98307673574763
PF03788.17	-1.88099523052487	-1.73477395630887	-2.06241004602022	-0.337528149526644	4.15782508308366	-0.0675781518242958	0.468666667831736	0.700534161205906	0.999695690912723	0.718168831168831	0.99032004484227
PF03116.18	1.69519117586218	1.93169254121999	1.54229885536958	-0.304223447979882	1.8267342156316	-0.158098084442935	0.417333336481106	0.696578779303775	1	0.664714285714286	0.999541176172755
PF06580.16	1.90975605612531	1.36458400573853	2.33551988350669	0.925971085509114	1.50390576159622	0.593472789266178	0.241333346414553	0.210979229648217	0.997038845113909	0.204147186147186	0.816450127580169
PF04233.17	-1.37131240959449	-0.725667575647049	-1.97233212676195	-1.09853788346934	3.8110552617895	-0.229969614406135	0.370000005163893	0.538446314991722	0.998952934675571	0.535640692640693	0.996638866312945
PF01507.22	0.42974719135123	0.604430625461482	0.25598794646349	-0.307211950212616	2.65255435723397	-0.0945030882611803	0.442666668818415	0.67498273844812	1	0.696281385281385	0.997757156268947
PF13714.9	-1.33123985187194	-1.64236438821438	-1.09429889024144	0.492850661579765	3.81165099031177	0.111409833245056	0.449033979253343	0.655634222295387	0.999956247682243	0.626670995670996	0.9691059225556
PF14236.9	-1.92790870548703	-2.25909899054794	-1.58600766142576	0.886242730250233	4.67432373300453	0.172964015638431	0.410000003444949	0.619303832720028	0.999926111226162	0.585164502164502	0.973006903815839
PF17746.4	-0.422004484402318	-1.42963599858516	0.511056630694888	1.67334238495749	4.07207198443822	0.369431848957957	0.31666667451148	0.430838572611018	0.999391676091526	0.340008658008658	0.936895202329964
PF03749.16	-0.432481865383198	-1.53239925350788	0.4977341197967	1.77878693914411	4.03747735356577	0.381163302731469	0.310000008224679	0.398556459091117	0.999813112921436	0.330484848484849	0.935721133382683
PF07943.16	0.248563444214921	-0.705065137107238	1.0860781092216	1.75712786028246	2.85707421144042	0.547164486963167	0.220666681706355	0.236536736448514	0.995368427229	0.164454545454545	0.788690108097642
PF08769.14	0.485422512820318	1.0516545397906	-0.152861052822606	-1.08770774297719	3.07584089154963	-0.298689797373601	0.329780153690359	0.469399213125743	1	0.427181818181818	0.997089854368661
PF08013.14	1.19674380420643	0.697330580089994	1.62750278326236	1.04708164890708	2.24451555327503	0.377311576797414	0.294470362245698	0.262942998664292	0.999554139333056	0.285878787878788	0.877545898871709
PF01487.18	-0.681627257092187	0.0536129686580846	-1.53871212073145	-1.38885353546354	3.32464879896355	-0.341661813323213	0.312000008109442	0.424651785665428	0.99925416913376	0.416134199134199	0.990318297141131
PF13320.9	2.69571382991695	2.68425632922407	2.7144889709123	0.335345082997712	2.36248230714615	0.100747432762636	0.440666668895584	0.573289326224863	1	0.684974025974026	0.999474547383565
PF02719.18	1.25950621837541	1.33181311888168	1.20800912110581	0.0447825880710271	2.34301570689531	0.0143450071682798	0.489673551348137	0.719810229832128	1	0.776991341991342	0.998572954200352
PF08485.13	-1.82270389717159	-1.64401448645043	-1.9879046830798	-0.345655380546313	4.19934849613888	-0.0756242972756274	0.464357096594903	0.709267346188091	0.999410732088721	0.730779220779221	0.991569378277039
PF12911.10	1.89427887034343	2.17505692228882	1.42224706719657	-0.775828682045784	1.63762065168176	-0.39393822396472	0.287808137487236	0.248992088769176	0.997986814036211	0.344619047619048	0.987498412716224
PF07804.15	0.653222169240558	-0.226479635664554	1.31376909877767	1.4766129270742	2.57440456570095	0.497583669563527	0.251165901640848	0.215547801818442	0.998010398029686	0.196575757575758	0.810818371721255
PF20613.1	-1.88851787654423	-2.16237594342475	-1.59524206382001	0.695930251701633	4.39832345868402	0.127543255676388	0.432378416938174	0.648783779806065	1	0.604597402597403	0.971044017360117
PF00801.23	-1.55902589245823	-1.61984486738039	-1.49826455180422	-0.143985218304806	4.30390660301018	-0.0298653019147227	0.4840000005932	0.763996933694371	1	0.747506493506494	0.994701131637106
PF01113.23	1.15346865443124	0.881310529718921	1.33005674823213	0.306702845321673	2.43985060461147	0.114043025548967	0.433710861922799	0.661097963623344	1	0.624645021645022	0.985516102417448
PF05173.17	1.09449668133021	0.895159149042851	1.28351159656767	0.289206663261585	2.34009558525993	0.0978866436744644	0.43970686435495	0.692331662889862	1	0.655082251082251	0.990344549041001
PF05922.19	-0.0100070448013616	-1.00259805349022	0.685544036899614	1.5033433798474	3.72856735113172	0.323137509996333	0.319120593973523	0.401986800868998	1	0.346835497835498	0.948087961399094
PF07532.14	3.55480698970273	2.87987744577288	3.87385231879852	0.917423292427951	2.12159727406431	0.30601156463338	0.331778821140233	0.68146186170247	1	0.332419913419913	0.997438628673546
PF07693.17	-1.51413140049897	-0.924576562073189	-1.99711338705043	-0.930271292143252	4.11613209410844	-0.194575491809409	0.38800000436728	0.573265942767062	1	0.573718614718615	0.99583775257419
PF13238.9	-1.23560027201197	-1.61455502338033	-0.829031761894481	0.908637189634319	4.17225141520432	0.190974106426575	0.401065959837764	0.633708782356451	0.999826799680383	0.55934632034632	0.970191625396316
PF00923.22	1.44887656125903	1.0732301022308	1.67913918741589	0.607276969822485	2.22638782337103	0.223890470789617	0.38333333790312	0.459621114642249	0.99981259954832	0.507021645021645	0.976857765928916
PF10991.11	-1.62513361205852	-2.11552875531068	-1.06276641428081	1.01410974146974	4.02387512166246	0.226927727118337	0.37574950523133	0.550872058247359	0.997777155320591	0.505705627705628	0.946847222685334
PF10926.11	-0.578644458448502	-1.17968621866507	0.323489469204284	1.28210342783375	4.09917020660712	0.264066291815487	0.347768160769613	0.531041239521536	0.999159082979784	0.419428571428571	0.950429682806397
PF05673.16	-1.23537887492594	-1.68269184141492	-0.690038128814977	0.929841739191319	4.06794706322162	0.201868885460366	0.383744175098753	0.603233192010091	0.999389363899193	0.539225108225108	0.96780979731271
PF14202.9	-0.586001071705482	-0.975681772461612	-0.210214053813435	0.697040853322771	3.76641681920149	0.153249513300414	0.407728184745777	0.597969851424786	1	0.569874458874459	0.977784771641602
PF15583.9	-1.767554187188	-2.15184004496018	-1.28639302357557	0.837243112232225	4.35314603814179	0.166409310531565	0.408000003526811	0.616630283417205	0.999430238263748	0.570818181818182	0.962758802708283
PF14568.9	-1.23243126728195	-1.16776559274185	-1.31023149725992	0.0173107697811892	4.03818743862138	0.00442487475260216	0.497668221272125	0.762945503807936	1	0.769264069264069	0.992260632397877
PF14080.9	-1.79784620058021	-2.12018360627218	-1.28458301910475	0.909556983561822	4.25085693713083	0.202737926034233	0.404666670330733	0.588258395194226	0.998990971315129	0.547038961038961	0.956786834198909
PF14062.9	-1.23549649758381	-1.73085284319936	-0.760728882581624	0.857888982156886	3.74731018793163	0.195189535022308	0.402398404819022	0.575526973466053	0.999509168346834	0.522593073593074	0.956302661849345
PF00145.20	1.47038963438323	2.49744447788705	1.1564796173014	-0.963169226154079	3.45983921427036	-0.24710446786101	0.37466667161987	0.602945171661761	1	0.566787878787879	1
PF00326.24	2.90825156219004	3.33315946060802	2.39988569506762	-1.12293095899149	1.99643828333616	-0.489414408967935	0.23666668016346	0.164899631132703	1	0.200138528138528	0.993347196556616
PF07881.15	4.97115868347446	4.58536119621276	5.24232436790422	0.656268207498532	0.811072083883505	0.762914804222469	0.155229871080386	0.081439783828104	0.997613733419304	0.0657229437229437	0.654381512389056
PF00183.21	4.30187627020391	3.89492105178954	4.50843250153918	0.714937795680263	1.43518233945458	0.431816027809432	0.303797476932353	0.212817797074636	1	0.248484848484849	0.965173573987889
PF00639.24	1.17220611437772	1.8273565961366	0.721808928027936	-1.21357179413098	3.53726083582654	-0.286029874228647	0.342438380887421	0.563592623288845	1	0.447021645021645	1
PF18998.3	3.94563901670903	2.42302048543811	4.24761341661377	1.39544094078221	2.97905444652719	0.366927898482168	0.391738844974114	0.738633597286599	1	0.472774891774892	1
PF20597.1	-1.47102101331194	-2.08742999974255	-0.871263165338809	1.37751368607558	4.05432728053215	0.272820078411187	0.352000006007865	0.485042712867322	0.999491512186683	0.445437229437229	0.923053623248672
PF19778.2	-1.83799558050255	-2.218272742047	-1.38583432435232	0.85890719991848	4.20574896556973	0.169415786631847	0.402666670413595	0.608844261088824	0.999194377356313	0.554887445887446	0.957028691749609
PF13151.9	-0.684341402756456	-0.478692648605329	-0.829897817456439	-0.360393585183098	4.4554771581537	-0.070139389283648	0.464666667981876	0.729450082488955	1	0.762701298701299	0.999469302860811
PF19553.2	-1.08359515219195	-0.688948535440006	-1.44003785595797	-0.645625549569978	3.6989954588681	-0.144100002385047	0.416000003201469	0.622139559093721	0.999587578006532	0.631064935064935	0.997547988659034
PF10646.12	0.904734026275476	0.381575476642382	1.49408932938459	1.06020012067046	3.08812106947142	0.291979786412439	0.323784151346264	0.456513318049762	1	0.376489177489178	0.962084814646822
PF19364.2	4.51035125399955	4.48727247358537	4.53681620867105	0.134275480615004	0.939592772523177	0.1424173517499	0.43637575189238	0.620325872240981	1	0.672376623376623	0.995633737174147
PF13707.9	-1.50924080555741	-1.0047742612735	-1.97633567944828	-0.93036849239954	4.28610258026026	-0.191675237574722	0.402666670413595	0.586492442556182	1	0.606073593073593	0.995968083500114
PF00460.23	6.44939324967902	5.90302124862742	6.80284827294965	1.23106713538398	1.18724552606765	0.967829389464352	0.107261863375132	0.0319493685232351	0.998123437130108	0.0177012987012987	0.479948126409973
PF02028.20	-1.58236948415551	-1.71334430085068	-1.42388965494352	0.398686159069258	4.3853059224976	0.0873289513310695	0.455696204183309	0.699439877156295	0.998986809946796	0.649800865800866	0.975474913419339
PF14203.9	-0.275784945377059	0.298098548767009	-0.744355423429194	-0.988910517294079	4.44734198855318	-0.181321567478538	0.405063294782061	0.634874862637975	1	0.634727272727273	0.999746753246753
PF17295.5	-0.377062565571624	-0.883636878542432	0.212773096396903	1.02787977743278	3.8642902626664	0.219185295687524	0.3777481726974	0.568956412385963	0.999888841267615	0.486649350649351	0.968224960730309
PF04326.17	3.52101847573477	3.51119471449695	3.5304699938084	0.079980381655318	1.0413024515563	0.0582376269957202	0.469686876541738	0.817097886523842	1	0.72961038961039	0.99530005892975
PF13749.9	3.28220774656872	3.00002128217179	3.59086756149683	0.590978322629449	1.26501914982488	0.441353102342052	0.296666675689746	0.348972371124051	0.999869301486807	0.293199134199134	0.942888977985512
PF08002.14	-0.763236566329436	-1.13173939470328	-0.355447114231728	0.75235299262236	3.67214091339929	0.153772814951375	0.40933333680553	0.607167923400567	0.999680219705679	0.555142857142857	0.969381163713627
PF13702.9	-1.8430991149137	-1.63788276469911	-2.0247780007081	-0.326457520779696	4.16255037413168	-0.0661337021740417	0.461692206621819	0.691327762658918	1	0.719601731601732	0.993985004135299
PF13586.9	1.39096364045871	0.495989626019008	2.07960141930976	1.60845141414217	2.13343379133926	0.677716915294338	0.169333355100261	0.110468779639725	0.990453157951197	0.0865584415584416	0.673688766366333
PF13358.9	1.63096151756532	0.671353118639751	2.79974965094459	2.06799874103496	2.20546238556269	0.85974974811088	0.138000028177214	0.0927874805264585	0.985571365853282	0.0471731601731602	0.595781793523261
PF03050.17	5.02243632915818	4.96762660997599	5.08440619458772	0.188349481817974	0.71427317104055	0.242901468751629	0.383744175098753	0.453606836299152	1	0.514675324675325	0.983531402175801
PF13817.9	4.10412741671868	3.75471165610202	4.26621491898649	0.606869707870997	1.36752403266959	0.418590779622655	0.318000007770269	0.266678487242848	1	0.303099567099567	0.979393161167185
PF18610.4	2.10447474417381	1.09366268530671	3.7578724234652	2.53115565958751	2.43213887363308	0.9009751697248	0.143237868320802	0.0823754469599689	0.991820686310439	0.0424069264069264	0.63261404883433
PF17802.4	4.34011761617966	4.04974652713227	5.32151857069934	1.29393715622434	2.8860252070551	0.355750656185788	0.29600000906446	0.346376316988011	1	0.229670995670996	0.993546991317937
PF12636.10	-1.21797297461524	-1.66777383364048	-0.70058730545074	1.01793835475107	4.20078979148478	0.207996759588659	0.397068624895069	0.587666010707847	0.998760256374183	0.516887445887446	0.961869340530573
PF03235.17	1.62623722075281	2.05016640562668	1.02525336586349	-1.17209580564402	2.22028048386365	-0.427621718813172	0.275149910491543	0.222430288016857	1	0.287320346320346	0.997208117504667
PF03652.18	1.6253206808643	1.91582718953658	1.19733938091327	-0.695517729102427	2.56305267447791	-0.224170021900667	0.350666672739211	0.521418597656596	1	0.490350649350649	0.999732070707434
PF17853.4	3.00435003209522	2.38345823444982	3.71889018935367	1.3331996913216	1.03063766546592	1.22732166728769	0.0992671966727295	0.0291197474554495	0.912413681264238	0.0264329004329004	0.426496705912645
PF13556.9	2.8019877569847	2.23617985683169	3.39982343204359	1.15728980125395	0.980266975703455	1.10701840031387	0.118587642003341	0.0484232106624459	0.930174395919693	0.0419047619047619	0.487157024620896
PF02508.17	2.45351504042915	2.31583465444843	2.67713099756848	0.276740573004418	1.3827002432272	0.160220630059324	0.418387744606937	0.769248978949068	1	0.60238961038961	0.987541935839648
PF00793.23	1.04654562329145	1.31385276006295	0.763790285695525	-0.558496025145659	2.59996116206738	-0.175959073075176	0.390666670919393	0.618425228952641	1	0.57865367965368	0.99896590578606
PF18840.4	-0.543729911510885	-0.70853413391628	-0.344206280730494	0.381522969444227	3.70665966536862	0.0792113740235459	0.448000001946984	0.693680226355938	1	0.652341991341991	0.986203155981871
PF18911.3	-1.63739110470398	-1.64238514825628	-1.63119583963356	0.0360445548405135	4.5239302548114	0.00697164458733589	0.498000000074075	0.765721824756225	1	0.761251082251082	0.993409485745088
PF01074.25	0.144704877079514	-1.81869987707221	1.37080310940698	2.96071895272937	3.20837972152632	0.802557022451342	0.138574311808054	0.12311914876871	0.973752069203108	0.0551558441558442	0.579609730378493
PF09261.14	0.578060040681399	-0.69681792838926	1.54079146620302	2.17427236594139	2.92641931308544	0.637616597821667	0.191872103651861	0.178515459416282	0.990803491547451	0.103034632034632	0.712584336429371
PF07748.16	0.276503047810091	-1.20138738142254	1.42761084843298	2.52933101733964	3.18922642919537	0.723386586192332	0.164666689239557	0.143328832953452	0.989846672815116	0.0748484848484849	0.653699840209654
PF17677.4	0.133807255098018	-1.64880381383883	1.47313422384142	3.05762043831818	3.20255057009383	0.849839958640423	0.137333361677552	0.0931737672097045	0.977133602161218	0.0500952380952381	0.566909212869554
PF14524.9	-0.107879644249681	-1.13289550556446	0.765581147583632	1.87484216403839	3.02749759880385	0.525520649441545	0.228666680910742	0.249276160589175	0.992792586109951	0.177064935064935	0.77388778707868
PF02441.22	2.22296935203493	1.59001852731775	2.5557376112039	0.951763110756972	1.79138219825973	0.503037975827365	0.269820130723452	0.216750111920058	0.999420454163183	0.234796536796537	0.881358302142332
PF01229.20	-1.51995841636796	-1.65655577524279	-1.36064168609289	0.261470623464218	4.24437521651113	0.0599131989024898	0.466355764074866	0.690794638664458	0.999241168242005	0.670160173160173	0.975274467506404
PF02342.21	2.10121610068259	2.18064195755981	2.04800648899803	-0.0226292991517409	1.55826815384188	-0.012335337114495	0.493670886310086	0.741774148727067	1	0.792255411255411	0.996547187624854
PF08501.14	0.804173343264118	0.292842043038828	1.14125410339881	0.985684087510579	2.70902892614751	0.308796776443498	0.338666673336384	0.343439734983335	1	0.393246753246753	0.951286927162854
PF18317.4	0.541326956987847	-0.390558311294948	1.05946089942009	1.49759198732422	2.65517598008593	0.46556471591185	0.270486353193786	0.214761754900397	0.997853721888495	0.227502164502165	0.857155884474079
PF02614.17	1.37432124486882	0.899665651381325	1.63237070509309	0.788248738852825	2.50653776055716	0.25784984540463	0.344000006400862	0.336840632386614	1	0.396030303030303	0.9440762592852
PF16107.8	-1.8434041814498	-2.16655774952063	-1.46868749725797	0.620076425849917	4.19814265224716	0.114577440176346	0.437708196877331	0.640048026160588	0.999792516587193	0.596229437229437	0.965450539464322
PF05717.16	1.50727963551984	0.908446752362076	1.89363682314198	1.16801936688499	3.08899790671996	0.328105016076722	0.341105935917739	0.462124847713613	1	0.379935064935065	0.983752325024529
PF05136.16	-1.16138551048165	-0.389598650499833	-2.01146683928263	-1.49754858038682	4.06714071211099	-0.328998525308291	0.337333340071168	0.463308366746202	0.999559639278758	0.458337662337662	0.995152200850632
PF00882.21	-1.12733584439355	-0.0539436443117278	-2.05805470072148	-1.78911041506517	4.02362825508801	-0.378565916066304	0.307794811806282	0.414040911899228	1	0.40552380952381	0.993754482675723
PF10369.12	0.938048706314369	-0.0189852052806394	1.41739361017365	1.22490700672781	3.05421364473903	0.366299222348737	0.322000007549368	0.303006810875447	1	0.336636363636364	0.94763451769253
PF16736.8	-1.01708788079271	-0.530914743842552	-1.5664801703675	-0.827336405262145	3.87573710160033	-0.193182175813929	0.38974017750457	0.571252271353356	1	0.56282683982684	0.996137252947061
PF17678.4	-0.216768153071937	0.0611101219843357	-0.413983491067095	-0.898270299616867	4.15179418625607	-0.173057656123001	0.413724187166488	0.658348907063673	1	0.649541125541126	0.999046176046176
PF07971.15	-0.203402206678541	0.15543900882438	-0.401866369733955	-0.971284613680965	4.03718597643128	-0.193521581227442	0.410000003444949	0.626962944294969	1	0.634748917748918	0.997843424057036
PF13306.9	7.23155040175238	6.78695001797752	7.72451304290041	0.839683848978102	1.33337988093947	0.690527445892953	0.17854765517649	0.125985242069246	1	0.0549047619047619	0.737050458009259
PF03422.18	-0.316815598863037	-1.6435619009109	1.401417976355	3.20739910689638	4.08182663068904	0.687993279571089	0.211333349369893	0.178706035398321	0.989808675175852	0.119134199134199	0.768011361531862
PF17851.4	-0.626976866559099	-1.10366858355422	-0.261611370933627	0.582915535539411	3.80424462811823	0.131977879894405	0.433044639430472	0.628624810626931	1	0.595502164502165	0.982876904959638
PF02219.20	1.62756019277685	1.70812821295117	1.53747477687016	-0.205063634101491	1.86823504184228	-0.0788559476867452	0.452000001794314	0.626446417377755	1	0.730623376623377	0.997820631678862
PF05683.15	2.3163286835186	2.28254871228058	2.33828554298212	-0.192399987110183	1.81159484543147	-0.0962969636703526	0.461333334774048	0.698085864049154	1	0.775753246753247	0.999962401795735
PF18830.4	-0.541463039293295	-0.162640710629718	-0.999994064452631	-0.782559973509017	3.50903766456547	-0.197861908340974	0.384410397588074	0.558449775871021	1	0.582714285714286	0.996551434528646
PF04865.17	-0.840871045141077	-0.35249098924338	-1.37744105698989	-0.794780853999882	4.31877219955612	-0.146252314918962	0.418666669760886	0.617887330524847	1	0.658056277056277	1
PF08890.14	-1.80211466525788	-2.17689983079664	-1.44609346449717	0.573204632252831	4.05732098136838	0.123307617269458	0.433710861922799	0.621887979371936	0.999417898341609	0.594675324675325	0.957411944265971
PF17481.5	-0.758754433760852	-0.810524600107041	-0.706160411944873	0.223458276228024	4.47980960791759	0.0449089530078733	0.479333334100075	0.761191430954172	1	0.76308658008658	0.995671405344977
PF04984.17	-0.0905215181879084	-0.702932066481564	0.354889216088837	0.870722403660343	4.10722140477736	0.17706196969108	0.404397072291237	0.579490449446324	1	0.552294372294372	0.984473980033615
PF17482.5	-0.218573721751255	-0.779122094174263	0.361363603073145	1.05150004202066	4.06830928770948	0.22154156178392	0.386000004453745	0.567112511552561	1	0.513991341991342	0.971195778970186
PF04883.15	-1.56152731364591	-1.68766008786512	-1.40848587063277	0.360556267224807	4.16955991228529	0.0771851257995914	0.453697536704118	0.696780074400244	1	0.667298701298701	0.981265790903738
PF06810.14	-1.83750746539226	-1.70368912558359	-1.976374247513	-0.228172590615674	4.23530556582891	-0.0461417291225727	0.478347768956934	0.724328756584091	1	0.750116883116883	0.996025295500735
PF05133.17	-1.83476827062425	-2.1450884369957	-1.56552591899534	0.567116888852214	4.18799120109709	0.121398842509653	0.432000002565979	0.66559427161025	0.998834041714895	0.626385281385281	0.970830104612193
PF04466.16	-1.81831891688489	-1.68244218798517	-1.95693994966591	-0.268055555936117	4.20088841374396	-0.0514189612235564	0.466666667906746	0.720569077214148	1	0.745445887445887	0.993457954437898
PF17288.5	-1.94891267523267	-1.8161800059752	-2.10336916371063	-0.332417652234196	4.24549178860147	-0.0658248038877941	0.465689541581532	0.715830688155427	1	0.741939393939394	0.992399036471475
PF03747.17	0.0732569385736479	-0.171710633978112	0.259272565975882	0.411635141108269	2.67235704985703	0.115894720774479	0.431045971953661	0.569518186763488	0.999600262276129	0.57665367965368	0.965099376743799
PF04295.16	-0.992651862937534	-0.695585301521572	-1.33040859699321	-0.419082216571247	3.83480180677822	-0.0972166153726995	0.447035311774745	0.660425253023361	1	0.71134632034632	0.997615252641822
PF18152.4	-0.817990797572914	-0.633259540037502	-0.995707853647786	-0.360788826882422	3.54006571837246	-0.0784094316368003	0.457028649169526	0.691657804749662	1	0.71130303030303	0.993197892172844
PF04223.15	-1.61245251483727	-1.15042338743027	-2.03844543233992	-0.786946875971632	4.05663557128332	-0.148226023199435	0.416000003201469	0.610112400448701	0.999738848870829	0.632272727272727	0.996948219558054
PF06808.15	0.704927653298484	1.1252605996962	0.328304978683177	-0.687793079302729	2.88840416404674	-0.191026131436113	0.395736179914541	0.609496886560338	1	0.585987012987013	0.999981652825001
PF06130.15	3.70843579076964	3.61234799997918	3.80925814074111	0.108347180860991	1.01849793755831	0.0811849494153727	0.453333335076917	0.825638156563099	1	0.66565367965368	0.995409282780679
PF02562.19	1.19601269075571	1.06964425218157	1.2956038073403	0.0888732501181391	2.20701533004742	0.0326884764657481	0.48234510391832	0.758072219681504	1	0.737073593073593	0.997102382187495
PF03354.18	-1.50347519894338	-1.67020910215871	-1.29636041862365	0.250561736390658	4.08228304160427	0.0506741265405897	0.466666667906746	0.715749624852672	0.99882082875606	0.692056277056277	0.979644272065467
PF20441.1	-1.46265054505829	-1.69679459249391	-1.23401494694331	0.356701416205554	3.96750105566502	0.0770147198700317	0.451032646732127	0.689707262695303	1	0.665748917748918	0.981693373658595
PF05063.17	-1.8825736569404	-2.15963300280722	-1.58205596871388	0.714557813783632	4.39410097252293	0.142046019181297	0.415056632149291	0.651084989350512	1	0.609917748917749	0.96488902957615
PF18789.4	-1.9000005716499	-1.67513399558242	-2.13383028691929	-0.448090289369694	4.23979307343608	-0.0877004688083332	0.454000001718247	0.694626714792091	1	0.716796536796537	0.99658036827224
PF01297.20	-1.48791290546219	-2.14260096056564	-0.772117428378202	1.32940464213054	4.12010510922304	0.279157224624453	0.355333339180877	0.496040198390999	0.998130998861117	0.43195670995671	0.933566980959116
PF02595.18	0.162352203679169	0.547600239681029	-0.501198901374718	-0.936415007045393	2.84680982179276	-0.28341682495615	0.355096608116218	0.389680952719386	1	0.483476190476191	0.991785819277871
PF09913.12	-0.0327341324976995	-0.114521483357942	0.0297708090575464	-0.0462568937072385	3.15824771875601	-0.013811699714877	0.492338441322757	0.760746726434441	1	0.77087012987013	0.993850979719017
PF06180.14	1.04209534613863	0.622176894979395	1.48638680597801	0.908965080362974	2.5914585230588	0.30783284121261	0.334000006909769	0.366053907600036	0.99974622430963	0.363255411255411	0.942164170154171
PF13149.9	-0.205386996778261	0.53513926307346	-0.830657408669286	-1.14381016188719	4.21433620207602	-0.231786960313031	0.369087280348433	0.57027213808437	1	0.554367965367965	0.999358189027723
PF06769.17	0.532120095374219	-0.0553408599889096	1.08420997215997	1.11052209206919	3.63419944010987	0.269951724481855	0.350000006105005	0.498575728283569	0.999918264156429	0.415307359307359	0.968761713134911
PF07366.15	2.05475413038008	1.55452426758413	2.41811969725106	0.835778307525191	1.61475413657233	0.444109912040503	0.290000009443632	0.306015426979628	0.999859088721369	0.281103896103896	0.909611532187043
PF17179.7	1.89007047918328	1.9675070851276	1.8063453045995	-0.257878935421593	1.81006453043963	-0.125660873772407	0.436666669050594	0.628020399643541	1	0.711281385281385	0.998948173742212
PF14310.9	3.07563833946902	3.4393032125751	2.51486927353581	-0.900167467348829	1.72395289401144	-0.418482522618136	0.2866666763264	0.272675837131245	1	0.308073593073593	0.999655214049505
PF03473.20	-1.58580929117533	-1.09988055983203	-2.13925084293951	-0.706042909204766	4.07578473972738	-0.151451621163064	0.418000003120978	0.612611767389592	1	0.625991341991342	0.997591764343048
PF20501.1	-1.62557306207453	-2.26365728367399	-1.02800732370412	1.2504516237718	3.97619172409773	0.277750278112324	0.358000005720664	0.509373834162057	0.997674933844145	0.464887445887446	0.928944377394406
PF04039.16	-1.62684908387595	-2.14192816582183	-1.04087216396803	1.05473272469505	3.92551331662049	0.229134025705442	0.378414395186208	0.560351878251295	0.999781311406625	0.499666666666667	0.947645592576313
PF14322.9	4.18589904908191	4.95813088239405	3.27846234409073	-1.912094529872	2.45317172530467	-0.673185900442401	0.196000017862304	0.0989946559064342	1	0.106194805194805	0.998657997238552
PF07980.14	4.29806664129739	5.00279396646506	3.51784852659607	-1.77563196476467	2.49989402479853	-0.599988591704494	0.206000016643155	0.113975962863328	1	0.11874025974026	0.999632839214219
PF00296.23	-1.62488777993771	-1.64930819757751	-1.60776081744342	0.194380995948347	4.31031592308443	0.0367525780572599	0.47666666753275	0.746802875289199	1	0.718692640692641	0.984978002325875
PF03861.17	-1.63827259099878	-2.20805887270123	-1.03440170292128	1.1838251138254	4.07845700779306	0.241675824189185	0.363333338803763	0.541864062434137	0.998594359384147	0.477190476190476	0.941960438289697
PF07949.15	3.05641863039391	2.89677705741583	3.19040983580661	0.259486317347763	1.30470265069799	0.190328101415837	0.408394407236809	0.666448468341608	1	0.574484848484848	0.983324009948184
PF06074.15	-1.54729915318906	-1.15440828182744	-1.96591954412475	-0.630236051208932	4.13028583375813	-0.126608437966596	0.42266666960106	0.624050889605373	0.999988814224408	0.650987012987013	0.996446835656787
PF12730.10	1.51446739395915	2.61161141984758	-0.262082817595043	-2.79478930417575	2.60792532008679	-1.02006002257731	0.0900000463527226	0.0420743508839048	0.987570075656878	0.0312077922077922	0.884413834472019
PF01063.22	1.98038915417782	1.79907586255736	2.11059100942245	0.28757301962531	1.506778196754	0.178431776265698	0.409726852218993	0.598526926848628	1	0.573658008658009	0.977209312035788
PF04439.15	-0.0925364225994123	-1.10353950002332	0.852311766189984	1.74378898949507	3.81830847766239	0.404867720268533	0.284666676458011	0.35551460580852	0.998360749126395	0.274376623376623	0.900453760914812
PF06486.14	-0.718019632496545	0.0769899760733743	-1.51777528255842	-1.48119612199622	3.7183066522138	-0.327699894018877	0.329780153690359	0.433701768727937	0.998420587554445	0.439151515151515	0.994492570083479
PF01473.23	7.24878477198594	8.02469629947891	6.78481983497014	-1.50734204884765	1.36708967136809	-1.03202166488349	0.12325119812848	0.0407629264146833	1	0.0346406926406926	0.990593087594246
PF19085.3	4.69266099945958	5.99219541825452	4.39126127414765	-1.70544296279257	1.95773494958098	-0.564670945776496	0.317121926529746	0.415181831863146	1	0.348298701298701	1
PF19127.3	5.97954454677548	6.72390027904132	5.50566321620036	-1.39277063492136	1.02098479304139	-1.33523774436805	0.0579614339536367	0.00874944303847151	0.996922219094711	0.0107792207792208	0.84392921158439
PF01183.23	1.75171443392462	1.02975733382832	2.59661298402879	1.39817022900049	1.88464346002996	0.594784632033255	0.215856111459035	0.357566887272445	0.994452953320391	0.117376623376623	0.805675818705045
PF20008.2	-1.55680232856362	-2.25533170991005	-0.951999906842016	1.20744298457157	3.93470076329627	0.26876484695553	0.355333339180877	0.516376606648848	0.996210378775329	0.465450216450217	0.933609734627428
PF00188.29	2.19583609066778	0.296367617712755	3.43877015741785	3.1748834854611	2.09929007417337	1.51534374826758	0.013333675830244	0.0186726253843067	0.911438533332784	0.00167532467532465	0.107491754862576
PF09479.13	5.49122594663255	6.0785461964535	5.39604265003173	-0.670038769933996	1.34497626328607	-0.388173066952149	0.380666671353383	0.410335203881955	1	0.593484848484849	1
PF06472.18	-1.89708905282926	-1.73066735375384	-2.06980124707718	-0.266430642651897	4.43179106324756	-0.0500356776202246	0.475333334249142	0.712649749649812	1	0.750307359307359	0.989941947503731
PF02951.17	-1.93891286560952	-2.20020223622944	-1.6604314953094	0.700282925345087	4.35052311820572	0.136534285803734	0.42704863700083	0.632099089274155	0.99930795614744	0.593831168831169	0.970963215053439
PF02955.19	-1.91706799473736	-2.20630467300432	-1.62717637753915	0.662828762863318	4.3543897939165	0.13410161025676	0.429713526969265	0.652488317211215	0.99952602722167	0.619818181818182	0.965710697505515
PF13204.9	-1.19013722362815	-0.92288642681642	-1.46635781053387	-0.444147492347067	4.12118871251782	-0.0952604707608819	0.453333335076917	0.69786677056168	1	0.723415584415584	0.997988740538716
PF13531.9	-1.61284058579462	-1.64662297597851	-1.58450991825352	0.191791659293736	4.31145423627219	0.0338156861749553	0.48234510391832	0.743873378666332	1	0.724484848484849	0.992089860421014
PF12399.11	-1.19778039052836	-1.68837892242766	-0.776994687247837	0.862640997046924	4.21452008060278	0.176743595412548	0.405729517272928	0.601192591165225	0.999874619889096	0.553025974025974	0.961018999727019
PF00771.23	3.03612937644558	2.83163098289439	3.19668356425944	0.221277309917178	1.2581200176771	0.170255608107606	0.42038641208195	0.70527586462083	1	0.597285714285714	0.993812998296404
PF17391.5	2.01756952768799	1.48700983051189	2.40441417930595	0.90123198249764	1.98531082580888	0.395404062702738	0.282478357691991	0.306339619140415	0.999376804555687	0.258982683982684	0.892489367002016
PF01175.21	2.00015733790168	1.52520817260988	2.4000760728873	0.900027497469929	1.97268521755718	0.370150553500807	0.295802807199215	0.302350227655163	0.999649384616341	0.272090909090909	0.898716211067357
PF17392.5	1.99894354170098	1.50908809637768	2.3962441603826	0.90120224041847	2.03233683752639	0.391016494965347	0.281145912744863	0.299942123191055	0.999906047916459	0.254753246753247	0.898078383970765
PF10105.12	-0.402852498280227	-0.480601002981339	-0.330015929231794	0.0622008071588676	3.59336612334918	0.0186416380877026	0.490339773841787	0.749563488634897	0.999888287071709	0.741484848484849	0.99312807884942
PF18962.3	-1.33155060026822	-1.67555497122176	-0.943829538769588	0.709011095627478	4.07789223863439	0.143336984385001	0.416000003201469	0.633270106077815	0.998732306819065	0.580965367965368	0.9628390108858
PF12847.10	0.788964631419126	0.991976511966487	0.477883272870881	-0.512329966381095	2.5271840486227	-0.153376762682652	0.418000003120978	0.518317614337804	1	0.658493506493506	0.999933800393991
PF06545.14	1.84873882666557	2.06510070071082	1.63854210193557	-0.402869732893476	1.36339755823095	-0.266734854861639	0.366666671982987	0.52626171287151	1	0.553995670995671	0.996846309481918
PF00722.24	-0.574490033691267	0.308639713630466	-1.2251390628637	-1.32096466878749	4.11943090129979	-0.275630244557646	0.348434383255266	0.539398327683613	1	0.488792207792208	0.997780512701528
PF02608.17	3.6480401577278	3.12902392714772	3.94983173343663	1.02933548459859	1.85939032793515	0.511797559676677	0.247168566861408	0.148262835139976	0.999828271803431	0.171917748917749	0.90339488329428
PF08874.13	-0.0216142688168155	0.111842415730539	-0.15063480807555	-0.104264348144901	3.25205520717294	-0.0280485109422966	0.482666667309414	0.74525332877908	1	0.785008658008658	0.996002578548885
PF12395.11	-0.0940587087521259	0.0627313169067492	-0.306663191270428	-0.208145688657978	3.31075484829999	-0.0542676314900347	0.471019321528573	0.725348095926955	0.999993751205264	0.780203463203463	0.998075181913127
PF09547.13	1.22126895094204	1.74135491299525	0.894655984622098	-0.856794787534793	2.3834144393267	-0.270450928635252	0.350433050712716	0.580461537762669	1	0.493645021645022	0.99913435161631
PF20438.1	1.26765508309731	1.78815086553398	0.923216234537773	-0.76460791446361	2.46289426311554	-0.256787156234974	0.358427720549594	0.582612167602552	1	0.494930735930736	0.998556020621156
PF20439.1	1.23090198127662	1.74078755792915	0.907867764734441	-0.786824519918971	2.38914924601743	-0.246967552023066	0.354000005911439	0.587097359250302	0.9999151575111	0.490380952380952	0.999705478085662
PF13451.9	1.81249895223242	1.46472939347186	2.18226119584168	0.701011080470062	1.87774349314027	0.335668722297918	0.331778821140233	0.424703793523645	1	0.37995670995671	0.955202228628516
PF01746.24	0.596493324640204	0.77952864902962	0.466950147773233	-0.384509564231609	2.67196578477372	-0.104193980315469	0.431712194445903	0.649774278426529	1	0.686883116883117	0.998756901159391
PF08903.14	0.678185290390909	0.809349465669127	0.563054221126293	-0.249635730405163	2.19587793111278	-0.095834554246573	0.454000001718247	0.651377179324813	0.99951751934246	0.69065367965368	0.997204443060583
PF06751.14	0.379335870684682	0.53411038158554	0.181629256517393	-0.482487130301929	2.77077050802463	-0.153678703222744	0.426382414508798	0.533758007870004	1	0.661883116883117	0.999086251842626
PF00936.22	4.67923647896752	4.80590114587452	4.45177274106622	-0.402173546893317	0.957872268350088	-0.407682319204083	0.322000007549368	0.301236703472297	1	0.403437229437229	0.999240825477962
PF06134.14	-0.151924134044899	0.122839853606714	-0.37750634556791	-0.565983720441687	3.3839687870327	-0.135832799768788	0.423051302049111	0.665472762767423	1	0.675718614718615	0.998645626504249
PF05816.14	2.45632051770879	2.10817731826226	2.85047553940033	0.701628595505507	1.08030613209348	0.590783180010753	0.255829458894841	0.289206769109167	0.989065792997312	0.236151515151515	0.795791681195546
PF07728.17	-0.199268444843402	-1.19486668180117	0.528042792212331	1.66191341923833	3.15479393828673	0.466901414069204	0.270000010804815	0.289107222451548	0.995813954984154	0.241593073593074	0.837152151708502
PF13624.9	-0.508988978412784	-0.653477464106812	-0.349515523481029	0.417696657949363	4.08390034559094	0.0903765617882156	0.452000001794314	0.750007744930882	1	0.693839826839827	0.987030586483741
PF07635.14	-1.8699117986569	-2.24893392497937	-1.49150920561717	0.774623922858514	4.21074607512296	0.15138403106446	0.413333336642635	0.610780749035641	0.999863592116041	0.578692640692641	0.958580416808371
PF07626.14	-1.87481286054972	-2.18890103392232	-1.53777869525512	0.807069638188972	4.22594200984622	0.143288913774082	0.424000002881386	0.639259258804269	0.999641717621192	0.593822510822511	0.956826118883434
PF07637.14	-1.89630053714725	-2.23897714577972	-1.53417654884261	0.787418184693118	4.34569107279351	0.154680966341593	0.419053967098574	0.629442257914757	0.999767422870977	0.592251082251082	0.965196157338677
PF07631.14	-1.82122490660514	-2.25092685222251	-1.45284620383753	0.72648699325197	4.20858410961969	0.157312002160503	0.42266666960106	0.614430207519512	0.998765784533463	0.575108225108225	0.962036338479988
PF07627.14	-1.8179670511405	-2.09761965292466	-1.49779008599769	0.642143297638675	4.2286062769047	0.129922163803605	0.428666669363533	0.635615880583972	0.999708187663133	0.596073593073593	0.968053260831323
PF07624.14	-1.86565652941788	-2.32339823574309	-1.49369859008645	0.810532039793897	4.30007029042128	0.156845963355207	0.410393074710145	0.615895920848787	0.998392008033891	0.565809523809524	0.957075455562027
PF01035.23	-0.125350192172415	-0.0699368262225555	-0.193708528823676	-0.102338282782095	2.86503215952129	-0.0266421187288725	0.48234510391832	0.718859041880222	1	0.763320346320346	0.992245672737479
PF04357.16	-0.654521043280434	-0.707319798422972	-0.62056288126922	-0.000705444934337329	3.81058506592734	-6.57343939279122e-05	0.5	0.7521531044486	1	0.772874458874459	0.997029005256373
PF13488.9	-1.38820893729843	-0.717451671136248	-1.96673862188503	-1.21211226862123	4.25089579652083	-0.247819570250368	0.368666671891333	0.547847267437164	1	0.550800865800866	0.994812536462671
PF10415.12	1.1206273109168	1.66055404931982	0.47441712766157	-1.17991435423126	1.96861057265497	-0.50883131307883	0.268487685783383	0.247216167427294	0.998590161912009	0.280151515151515	0.979318723993622
PF02018.20	1.52244011786484	0.770306568371359	2.29352325613512	1.37225675337526	2.84243988415699	0.436756688048573	0.27981346779843	0.356470802941334	0.999608868649045	0.254935064935065	0.939873511516444
PF09414.13	-0.068707220950305	0.135129614431626	-0.315698998280834	-0.47126838112486	3.71490650670096	-0.104026644950096	0.437708196877331	0.666274047037805	1	0.739580086580087	0.999636597636598
PF04229.17	-1.83018521056812	-1.68448088157915	-1.95597974231965	-0.32630680736371	4.17703878176771	-0.0605197731266054	0.466000001265109	0.703615606922931	0.999989604772106	0.719861471861472	0.990948315254509
PF00724.23	1.58384731271228	2.03518415542458	1.05025724232728	-0.893177242859822	2.19423818743888	-0.338295981304285	0.32711526375861	0.369805539828969	1	0.434419913419913	0.998676389916636
PF18931.3	-1.58136711724135	-1.07770665341973	-2.01111057761428	-0.969953826787786	4.19543907680829	-0.194192716336652	0.398401069875784	0.593426241539251	1	0.589770562770563	0.997671484357586
PF04754.15	0.205360714287866	0.0417316062544106	0.308353464196109	0.234228230597683	2.79174203413199	0.0639873432976303	0.462666668057134	0.664138300451626	1	0.675670995670996	0.987782946864256
PF10145.12	-0.143146535578399	0.619446134324595	-1.37893622076278	-1.9199236628706	3.90775250818308	-0.437857141069052	0.296666675689746	0.308854553510324	1	0.332709956709957	0.99554997985354
PF02511.18	-1.8378735650704	-2.173650013362	-1.551128876178	0.543618772889365	4.11970604227219	0.123980913508539	0.429333336003963	0.635397338797755	0.999935161605804	0.597562770562771	0.958145187848117
PF04014.21	1.21105461782505	1.16049109015335	1.24307519075636	0.0267034912159732	2.70314690398256	0.00619402372717488	0.495333333506188	0.817516443563779	1	0.7905670995671	0.999121061737073
PF06908.14	-1.86177266099577	-1.71356721918528	-2.0574977890156	-0.163526890414414	4.03799816697972	-0.0344627785714029	0.48301132641191	0.718989867054167	0.999392525241916	0.751926406926407	0.99254182867099
PF13346.9	-0.0502734139242857	-0.0402412526089151	-0.0626279947098096	0.0207166026658596	3.51646357679752	0.0054903332176747	0.498000000074075	0.749872743898448	1	0.779341991341991	0.991899409025535
PF12837.10	-0.297935439516865	-0.319058559286741	-0.244636574834196	0.178250435800007	3.66539005460419	0.0441702745716824	0.479013991450479	0.770941218178327	0.998997988763273	0.746441558441558	0.99089705735309
PF13470.9	0.235529736824782	0.539163783722699	-0.0639984737302237	-0.54402757377699	3.18741907740704	-0.138966197305396	0.418387744606937	0.637426911241281	1	0.633264069264069	0.998488276189543
PF04221.15	2.18551722401675	1.37232334309991	2.73155424633219	1.28514352292181	1.40710340470072	0.859557818630547	0.161225872598461	0.0904410185012839	0.980318944189737	0.0791645021645022	0.634380352946995
PF05016.18	1.1725467011854	1.25267852266021	1.08458057678541	-0.295590798153945	3.22698621685684	-0.0788400022007295	0.450000001870557	0.65860011183413	1	0.749753246753247	0.999123408966512
PF06964.15	1.80159261013443	1.15453491059131	2.24133608813274	1.12656834166051	2.46697187263082	0.386521051987725	0.284666676458011	0.238718086063839	0.999792973442958	0.257056277056277	0.901626804130538
PF13007.10	4.42034601289736	4.02074564861885	4.73946799886396	0.774176063488127	1.22275786967996	0.578728070164655	0.244666679459601	0.143558437123405	1	0.156502164502165	0.898125246268626
PF13643.9	-0.927979352739166	0.011458706540294	-1.94556097639705	-1.75867399244483	3.70468585394013	-0.41029292835386	0.29780147463059	0.368759800059227	0.997880679785386	0.349142857142857	0.989174330722438
PF01583.23	-1.18466236788662	-1.63571722797097	-0.619605401527927	0.984251751349905	3.84353995422365	0.222974574307527	0.386000004453745	0.56331636126386	0.999194980192703	0.508831168831169	0.947782320237157
PF03965.19	4.06426024619426	4.26133280656392	3.90679448502549	-0.440338573674268	1.10193466115032	-0.379586533117539	0.342438380887421	0.384738955193432	1	0.450268398268398	0.999996289424861
PF19546.2	0.2336245999995	0.450276682369449	-0.0240186737581851	-0.376424445078188	2.95136691965694	-0.0922633921908482	0.446000002023603	0.670538302186719	1	0.70721645021645	0.997918456624987
PF17761.4	3.04303573341074	3.0218427833867	3.08153137119129	0.000821131506872241	1.1485481077803	0.000944682917898887	0.499333333358025	0.720537800739694	1	0.771307359307359	0.998089185657222
PF06250.14	3.06463439092226	3.04345612381145	3.08700785755069	-0.069048952909724	1.14595116075386	-0.0489320196882248	0.475333334249142	0.679136004305429	1	0.808480519480519	0.997972017402655
PF04509.15	5.09347893287219	4.61411373444319	5.38921847058828	0.741323281722376	0.664899001881372	0.946817301863791	0.179333353507797	0.0829609362269762	0.997446737533668	0.0597878787878788	0.726797173865173
PF01052.23	4.50764344780873	4.0373109383302	4.74991155742536	0.671504182552132	0.697558306306376	0.80457358851181	0.208666683002966	0.140090276873667	0.997892822228942	0.103584415584416	0.794345546300896
PF04647.18	1.77210757510342	1.7560388095662	1.7912526040464	0.14177390110429	3.27857230759634	0.0353973961649705	0.475682878982846	0.812581433068279	1	0.763376623376623	0.999592038837613
PF07697.14	-1.50788550747758	-0.905185355177308	-1.99890071717338	-1.04179953839138	4.23208369512678	-0.231546652781534	0.389333337643233	0.567459395510582	0.999911459896683	0.573090909090909	0.997437950626943
PF09424.13	-0.476174096863469	0.730140121842431	-1.48063476716043	-1.91031630982407	3.96075145340399	-0.450931721608152	0.277148577907692	0.347239737689843	0.999842231978755	0.316194805194805	0.991856165269932
PF04020.16	-1.54042317084235	-1.6252965540314	-1.42803428928828	0.221045888669779	4.15174732283055	0.0433987852314333	0.474000000965574	0.72278349339124	0.999720680332892	0.694796536796537	0.983312632563387
PF00462.27	0.451741574518984	0.298353052726744	0.632712171476972	0.305698374180679	2.80999352184124	0.0850132295349186	0.451032646732127	0.751154639960408	1	0.678008658008658	0.988453819112269
PF05569.14	4.55535647342215	5.13013011373732	4.17453333574869	-0.925804908545379	0.989545916020448	-0.873089332314266	0.167333355440424	0.0657896121036086	0.999640344510018	0.0868311688311688	0.980060471065691
PF13229.9	0.788936240470611	1.06069458978122	0.338344456291115	-0.723606015759784	2.52410061672755	-0.233246201173232	0.373750837765804	0.423414926266613	1	0.536350649350649	0.999778570245783
PF02547.18	1.41375780899147	1.4416078222042	1.38472425645586	0.0346145011165531	2.31835594159849	0.00946722707850208	0.493333333580291	0.783754694033525	1	0.778350649350649	0.996412179911161
PF03938.17	1.27716498652785	2.27140689470762	0.303645946767615	-1.84448822677198	2.86271680815777	-0.532549414950902	0.252666678794869	0.18686323041314	1	0.221692640692641	0.997298300666434
PF11392.11	-1.80840203252536	-1.61545475713119	-1.99487380132752	-0.286688713170986	4.25284918628555	-0.056051179904189	0.470666667756838	0.712617780455172	1	0.739995670995671	0.98883416514663
PF12860.10	-1.84424050804887	-1.68127966428333	-1.97129558501918	-0.226567893643637	4.29430546180006	-0.0410125624701373	0.476000000890941	0.702553839476938	1	0.731506493506494	0.992725045397057
PF13165.9	1.50097119876741	1.33915347465211	1.66155562419191	0.337510185335603	2.01863963401279	0.124793306561304	0.423717524540984	0.743102219020896	1	0.618151515151515	0.990108362033407
PF13303.9	0.16390252878276	-0.00586343338771123	0.411424195790264	0.398826652928318	2.69744710341437	0.112665483419854	0.434377084415154	0.734641064412688	1	0.626558441558442	0.977806669127305
PF14078.9	-1.82198694587462	-2.14219364058736	-1.44964204087547	0.653319099044564	4.13678581132355	0.133138448828948	0.429713526969265	0.621434064444485	0.999988381211262	0.583341991341991	0.956869367715256
PF01070.21	-1.04367375904225	0.213211749184676	-1.98971406539061	-2.01063316270021	4.12684841469395	-0.408770751784502	0.294470362245698	0.399359451465747	0.998520599030339	0.364891774891775	0.98949329438219
PF02682.19	-1.83144193587268	-1.75209041942847	-1.90355918684017	-0.101725158435938	4.32484461001869	-0.0204404152698865	0.486666667160845	0.724675708684129	0.999771815232182	0.759753246753247	0.991474431021467
PF03328.17	-1.5764182543177	-2.16350846764115	-1.0383174155761	0.977651416293845	3.85146233233867	0.217936805885438	0.379080617675076	0.547181248745098	0.998596931657604	0.505632034632035	0.924775887045766
PF14804.9	1.68503000467211	1.77915900609051	1.57887937105408	-0.22583806657904	2.11182208065986	-0.0922878774763983	0.449700201746251	0.643149768394526	0.999473333532221	0.732515151515152	0.997350385139118
PF01424.25	1.66502986085482	1.75710032064925	1.55575101024791	-0.192400283929303	2.10612186304338	-0.0787741390605759	0.457694871662661	0.642103323399067	1	0.732515151515152	0.997957009420514
PF01066.24	0.446641964474678	1.03485557687127	-0.590710540653723	-1.39775798773301	3.49494202661627	-0.355370477522027	0.316455704048718	0.373242588412931	1	0.403337662337662	0.998805051259602
PF01144.26	3.59567932787475	4.11411640419222	3.09157263894022	-1.00540913415505	1.29741251907488	-0.693618087167362	0.19000001865087	0.11757606131103	0.99978570399004	0.116316017316017	0.989040118496879
PF03746.19	-1.5707900513988	-1.63513652419739	-1.52665755059598	0.114020077668175	4.14525430014989	0.0231369146042905	0.488000000444701	0.731805559283994	0.999290583941976	0.70482683982684	0.990125102283088
PF01566.21	-0.937447297993413	-0.456957527441333	-1.48291278365669	-0.631665451813308	4.17685065877913	-0.125389593316394	0.42438374703289	0.635837145667651	1	0.670670995670996	0.998876620433665
PF07286.15	-1.40802333723073	-1.12253561803654	-1.70719517540562	-0.528125678372853	4.41847433162798	-0.105253523150392	0.437708196877331	0.686498675315418	1	0.710220779220779	0.997901948493844
PF08497.13	0.207901062683781	-0.148105835098296	0.531228146570832	0.580343489027263	3.00931159146783	0.162159522842181	0.405729517272928	0.62784723981379	0.999437037257177	0.539861471861472	0.958387893802366
PF11842.11	0.0437221596818134	-0.399065335626996	0.499294677892144	0.877272560313878	2.85684927055749	0.240721925799678	0.362425055472068	0.556289673809757	0.999840382178362	0.467194805194805	0.952365270564817
PF00215.27	0.951583423305921	1.62771097732627	0.421361580516733	-1.09439202102506	2.66705551667449	-0.31991798894265	0.331333340382384	0.507788591206153	0.99993282103042	0.429753246753247	0.996169535221634
PF00302.21	-0.260466035653652	-1.46057289386333	0.586148199283723	2.15216318119295	3.42894261537806	0.540131214120573	0.244000012850039	0.225428881918163	0.996792187944149	0.179722943722944	0.822989981915988
PF02754.19	2.4401406201317	2.41162934899187	2.50384924932149	-0.00474478817707968	1.64768743586221	-0.00211191957619966	0.49866666671605	0.620312505908129	1	0.770541125541126	0.997281334157615
PF15714.8	-0.186678930013142	-0.30774854431391	-0.0704230461405153	0.198309078720265	3.85654860361156	0.0411506271192588	0.472666667682047	0.75169460891418	1	0.729887445887446	0.992947503242294
PF12710.10	-0.528405953977188	0.26803918439887	-1.28356749406442	-1.24197386346449	4.04052122791675	-0.26867250810785	0.36175883298481	0.518239288282179	0.999423099906567	0.516502164502164	0.99637083458378
PF07873.14	-0.898898456654698	-1.58804229009618	-0.15689488413773	1.55727550439519	3.92259516597461	0.334482866516214	0.329780153690359	0.468460850623119	0.997665548401394	0.386874458874459	0.906441628432485
PF13493.9	-1.08060711267238	-2.1586998364413	-0.0605967599281598	1.98104441751867	3.6542019786356	0.468595296109175	0.268487685783383	0.329230629411225	0.99355850000155	0.256255411255411	0.836077530959991
PF13840.9	-0.0133000633161897	0.235568976477952	-0.313493182729085	-0.67251517656529	3.07828824671862	-0.177214083702349	0.392666670834013	0.54122932541376	1	0.601450216450216	0.998808868000601
PF13860.9	0.900352996696483	0.242389634538266	1.22489116289288	1.22960605919403	3.15209098769294	0.326981100388144	0.328000007225393	0.320006999798014	1	0.378857142857143	0.957328143890028
PF18934.3	-1.38511712175084	-1.75303114352885	-1.01295660335916	0.594716094698739	3.99006297191259	0.132985709297862	0.428666669363533	0.640532793378997	1	0.591943722943723	0.977086720472819
PF07993.15	0.0493061906498831	-0.55701078257573	0.720049580972307	1.32291286800329	3.5165322943647	0.317079437652139	0.323333340809957	0.460599409561128	0.999778028983733	0.360748917748918	0.935706332221911
PF01348.24	-0.759667311486107	-0.793688436454301	-0.732068205568243	0.0485715452152569	3.80679488274386	0.0129512138032385	0.492000000296372	0.755140969443813	1	0.737857142857143	0.991655570844449
PF08495.13	2.52542344231841	1.26542687359813	3.32962413063784	1.98940801098431	1.81764474294171	0.989582391923636	0.0900000463527226	0.0438834431680353	0.983728733944385	0.0196406926406926	0.445348661872864
PF10442.12	1.14745020386349	0.075216762967643	1.76512946932812	1.55281404946752	3.07279122762544	0.436179662927418	0.260493016160361	0.26010032772636	0.997914556661628	0.204095238095238	0.892323517112896
PF08797.14	-1.11260393183344	-0.681621628395471	-1.5057063762952	-0.740930312726043	4.19186172414551	-0.150913341219359	0.413333336642635	0.646801529547252	1	0.648108225108225	0.998294707981079
PF11794.11	-1.54280696361931	-1.68887103248463	-1.41566135397257	0.181300913275729	3.91179059816454	0.0473406338959838	0.48101265893116	0.712213838744428	0.99847954393139	0.679649350649351	0.966033188220856
PF03241.16	-1.56829827427307	-1.68252167794296	-1.46164271788588	0.182628367661565	3.99728858533877	0.0388190317170413	0.475682878982846	0.717706688674163	0.998936129985734	0.695194805194805	0.980599255455857
PF00857.23	0.0690377613004296	-0.115317690723627	0.330827253271154	0.322121033119366	3.4573693768328	0.0750775266471153	0.456000001642348	0.717690801473071	1	0.663787878787879	0.990348558892415
PF13343.9	-0.192385092970151	-0.379290491036518	-0.00859914964102781	0.345642516668185	2.9549595070984	0.0914707753142519	0.446666668664708	0.671284101326471	1	0.65295670995671	0.976233318097079
PF10593.12	-1.78794721353686	-2.14049456739987	-1.48279391581268	0.664051939061186	4.22298433313746	0.130785658882495	0.429713526969265	0.637274727257021	1	0.599376623376623	0.962555265277739
PF10592.12	-1.8311513518298	-1.6909132563911	-1.99890177676027	-0.32949345397308	4.30532505747435	-0.0613155427129414	0.474000000965574	0.708587780364623	1	0.735	0.993459460495602
PF09924.12	-0.0632999448555118	-0.819407121245342	0.400128275226447	0.926087458006175	3.92366272610934	0.21207402480531	0.39466667074908	0.56169376837822	1	0.543099567099567	0.987612608357022
PF08818.14	-1.33295821922182	-1.74190634195883	-0.797080168764628	1.00476780270565	4.3222831125202	0.207595233509372	0.391738844974114	0.628263316426751	0.99984078944132	0.550099567099567	0.963790613007709
PF12681.10	-0.164167410447431	-1.0939180353329	0.533144351210651	1.42202999759734	3.59900324829645	0.326045897882784	0.320000007659312	0.415231207633029	0.999723543266073	0.348541125541126	0.936169961325709
PF20148.2	-0.256623246342001	-0.383574755691678	-0.0941725686264858	0.254119910966232	3.83683756658793	0.0612162105988501	0.469686876541738	0.719231037232569	1	0.706177489177489	0.99236630113738
PF05580.15	-0.568376353417054	-1.54965292262749	0.37886109561306	1.6548379920946	4.06915997883369	0.340489028123384	0.321785483900142	0.441761330227244	0.999505004737321	0.364199134199134	0.934552395505715
PF11760.11	-0.926113867011358	-0.733492484697101	-1.04572210813766	-0.346110588998741	4.01751100721408	-0.0678115378284664	0.460359761635369	0.738766340311957	1	0.742225108225108	0.995910206825634
PF01890.19	-0.928618217258717	-0.754969730933904	-1.0722706255678	-0.44288710469871	3.86301418768582	-0.0945464045756927	0.452365091718084	0.737332482199967	1	0.741813852813853	0.996804039385442
PF18991.3	0.0726265456575099	0.0764351340458038	0.0671429299107729	-0.0492187117489804	3.34415494627453	-0.0116726393621682	0.490339773841787	0.749286320072147	1	0.793744588744589	0.994063166633491
PF13569.9	0.811774486936356	1.01494960454579	0.486323263470102	-0.561903568214073	3.13854228555498	-0.141947429333548	0.408394407236809	0.55805963992188	1	0.640623376623377	0.999023556850259
PF03448.20	1.82766733116527	1.25740554372388	2.24669499206921	0.97279490289268	1.91000889011591	0.389919440872515	0.294000009189488	0.273200910807872	0.999103339800013	0.259450216450216	0.894952878403264
PF01769.19	1.32241773849925	1.1219632280041	1.46767129711774	0.213905691151207	2.31091624448151	0.0641213042781429	0.461333334774048	0.717469617758122	1	0.683926406926407	0.993674100687295
PF06695.14	-1.34264147176166	-1.2023517408021	-1.50081050728913	-0.178501020605885	3.96198208731115	-0.0400678394815469	0.478000000816395	0.722822612676692	1	0.743445887445887	0.991998543235845
PF13595.9	-1.80883151962967	-2.07132250897192	-1.48419052023415	0.635136598894725	4.20425627174729	0.126714095764595	0.430379749461449	0.649966040373609	1	0.607787878787879	0.965403372420229
PF12225.11	0.3823419960012	0.228605258567765	0.565018568209158	0.396851085348766	2.9618601882969	0.106004415749975	0.438666668972974	0.697278074338212	1	0.639008658008658	0.978424134158488
PF17200.7	1.85811052856061	-0.370529342102627	3.0534969630642	3.26603616572742	2.77798113645905	1.05800040593667	0.0779480889437771	0.0319393830937298	0.980600904321997	0.0108744588744588	0.377887939185831
PF11734.11	0.407999117205809	0.731266350109581	-0.0980157615653381	-0.933723842872353	2.83951855938867	-0.282677132701919	0.351333339373498	0.369845769085816	1	0.486727272727273	0.996928979666175
PF05853.15	-0.447500051238967	-0.401443706681781	-0.537255135143377	-0.0775410414860849	3.42342909974366	-0.018919798688945	0.488666667086636	0.729882518894173	1	0.765207792207792	0.990523789429431
PF03551.17	0.602985021813721	0.454633349596422	0.731857387197032	0.20731390355567	3.22745757432616	0.0477498687699399	0.467688209061577	0.716119200481013	1	0.725995670995671	0.989566862356847
PF07729.15	1.90943581865641	2.05880104551386	1.71859955875962	-0.272261164857248	1.95915707107138	-0.117595656891866	0.424666669521598	0.621772390643466	1	0.706277056277056	0.999257464785438
PF01386.22	0.670642512525942	1.51345325142704	-0.225163340438305	-1.35966035027091	3.97707964528359	-0.301511849756906	0.329780153690359	0.455017725829389	1	0.4054329004329	1
PF14693.9	0.70742043949595	1.52544680226432	-0.206560575463157	-1.38632881407644	4.03830303984634	-0.314476410709472	0.32111926141832	0.4469373511862	1	0.397554112554113	0.999381930027682
PF16199.8	-0.450547136444368	-0.136676101232739	-0.841684047764691	-0.639010900672072	3.51461809909788	-0.148129695319658	0.411725519692567	0.615156042586995	1	0.641891774891775	0.998722866032728
PF02631.19	-0.661136596718008	-0.511496063731923	-0.8105656806384	0.101350939062084	4.42115394352291	0.0230642660276134	0.489333333728575	0.786576987563372	1	0.773822510822511	0.997134706088912
PF14319.9	0.323520532608313	0.457309233035089	0.18168341168676	-0.356224720025734	2.90555899345259	-0.107305514568926	0.431712194445903	0.621452627640989	1	0.688813852813853	0.99903552289078
PF04986.16	0.441137260539105	0.475174337174641	0.410724546100583	-0.153798817799491	2.8328178073723	-0.042141580339247	0.470000001115125	0.665519141103245	1	0.760220779220779	0.995866552525353
PF18974.3	-1.8303000030952	-2.14413121721767	-1.4264811286116	0.599669279735017	4.10930741371957	0.130367082211907	0.426000002802118	0.638986771316379	0.998262392848293	0.599978354978355	0.959947677396341
PF00092.31	0.194120447766433	-0.199583294197979	0.439415190011367	0.61501642884169	3.10236049805003	0.166736288635683	0.403730849800456	0.501895302970667	1	0.529359307359307	0.97875188154406
PF14489.9	0.180213744757415	-0.264184092453752	0.61597083984009	0.899507098215492	2.79247387081058	0.259864288642086	0.35443038562977	0.48140055886041	0.999049196832306	0.441393939393939	0.942477897140601
PF04383.16	0.518458023222097	0.0204757567617664	0.96615290906942	0.926110955771023	2.6047694926533	0.291752490207632	0.329780153690359	0.442349097954771	0.999388085014411	0.383025974025974	0.923301594787974
PF05693.16	0.537078494651916	1.21112813697491	-0.552059801028151	-1.029874678914	4.41164658752477	-0.226029349958875	0.372418392789095	0.538195509583329	1	0.580164502164502	0.999799529367852
PF11897.11	1.21911857532183	1.80954091578313	0.719193687266477	-1.07713040777981	3.27482497356899	-0.275560689427969	0.349333339470879	0.494711926026374	1	0.486354978354978	0.999580192096002
PF12439.11	0.565036453361395	0.822693845622563	0.260314511820987	-1.01190804722653	4.07157508362137	-0.218347142483399	0.386409065056362	0.506874131002099	1	0.587255411255411	0.999912235133288
PF06202.17	0.599690134774689	0.799465500736169	0.26683027292058	-1.17096568504708	3.97906436641945	-0.263377019607472	0.379333338078856	0.515557252376838	1	0.582450216450216	0.999737208147044
PF03065.18	-0.0406369940794216	0.972040260710283	-0.695541067425806	-1.89706141560667	3.7269765785566	-0.437989522189504	0.284000009835547	0.366864666538955	1	0.336649350649351	0.993563047603777
PF12708.10	-0.0701067304056293	-0.284923868710353	0.165289415338861	0.383688135568097	3.54259185309704	0.0928651325504724	0.441705531832793	0.698270811707153	1	0.656441558441558	0.98672669088868
PF00295.20	-1.39017097417031	-1.76122251542593	-1.12744546194976	0.628597783165703	3.91758078579827	0.131075850348808	0.42704863700083	0.62417144254703	1	0.594852813852814	0.974689327285567
PF01095.22	-1.84341127727157	-2.16981894334461	-1.47213196592513	0.659415779112529	4.16609048863679	0.141412811783572	0.432666669206554	0.638411553389756	0.999582008029524	0.593277056277056	0.955622203940933
PF07495.16	-0.537440273324937	-0.917691446963159	-0.157951187960805	0.738235218561464	3.82434902109817	0.168789206930029	0.39800000394182	0.620198589737119	0.999999935564898	0.569982683982684	0.972144852488772
PF13636.9	-0.222203817463718	0.0529098485236972	-0.414521578038089	-0.323363896510337	3.73905764526471	-0.077482457361129	0.459693539142167	0.73813528381816	1	0.753549783549784	0.998014858231954
PF02591.18	-0.57451851185158	0.49106975688773	-1.56256068054103	-2.17840948866331	3.77411783886198	-0.509604717744145	0.270486353193786	0.302324300648082	0.997785432090092	0.29008658008658	0.984596501144345
PF04205.17	2.03701741578341	2.13819772404388	1.9326416060767	-0.120807229143701	2.10018339546317	-0.0400437646572436	0.470666667756838	0.830668641246037	1	0.792792207792208	0.998835975893045
PF03993.15	4.82031607947376	6.14914941224619	3.7474030242186	-2.44182333646067	2.30629430969381	-1.17903141273206	0.0226517649978984	0.0403262811188341	0.999981632761808	0.00472294372294372	0.743332883975546
PF02308.19	-1.1110174652066	-1.08217842626186	-1.1523360106819	-0.101665495418574	4.05361518504261	-0.0217462808455518	0.486666667160845	0.766818592440606	1	0.769060606060606	0.992712412460675
PF13205.9	-0.993928166588712	-0.162206527912578	-1.96437998962122	-1.93092800345937	3.86957358803281	-0.452653578085237	0.287808137487236	0.334369697840662	0.998830614176594	0.343311688311688	0.987373987399824
PF02475.19	-1.7194628477414	-2.37168230832477	-0.996214145426912	1.26536936015952	4.24304187825345	0.265723920872521	0.363333338803763	0.51455251189053	0.999268669569685	0.457939393939394	0.936080535689555
PF13368.9	1.79005305746672	1.57220496797622	1.8413607355165	0.297136253913479	4.14078459081189	0.0657329401231294	0.464000001340281	0.566564087558825	1	0.773	0.999927871015554
PF01975.20	-1.22088339547231	-1.01820525066747	-1.45254699895006	-0.395696869075061	4.11200723695768	-0.091964425922753	0.459333334849536	0.701492703910024	1	0.737632034632035	0.996556607484461
PF04390.15	-1.85980734043837	-1.67485144018102	-2.08020131426222	-0.251769135522023	4.34843511493243	-0.0580999026312117	0.469333334473424	0.712803743851361	0.999150288307787	0.731220779220779	0.992066179900346
PF06824.14	-1.11627542250538	-0.220404614565976	-1.89532101956175	-1.48306028453622	4.134593401003	-0.305669190489986	0.341105935917739	0.448281538001045	0.999127203299325	0.442	0.992442752547551
PF14128.9	-1.5217494038018	-1.53176466322575	-1.51593729299902	0.0940114916491419	4.30544135826692	0.0191481857484536	0.489673551348137	0.764579710564812	1	0.738285714285714	0.987753910516061
PF05681.17	2.84943517531333	3.09039070192997	2.64354466824105	-0.410660914867822	1.2061007741474	-0.330923558856004	0.355762830602743	0.487829370617645	0.999893966586293	0.499463203463203	0.998961271377238
PF16314.8	-1.80149987596614	-1.56215134584877	-2.04507823384623	-0.386275791483199	4.17116494112189	-0.0807190982464354	0.459333334849536	0.691052759507226	0.999946897382376	0.716324675324675	0.993334410719247
PF02347.19	1.82786866422585	2.79831234952182	1.23274171715912	-1.36435533168393	2.48734281007808	-0.434062865413024	0.270486353193786	0.452301805306679	1	0.25995670995671	0.997969487234817
PF13525.9	0.0979349726150147	0.326521761409468	-0.199776740882258	-0.517908187140567	2.95469306330913	-0.14230428566692	0.417055299623771	0.592052070678336	1	0.628350649350649	0.998202626322672
PF02405.19	-1.60007732414737	-1.74525183707854	-1.45233710380677	0.223620350765854	3.99187637524195	0.0445419225948703	0.47368421150238	0.70533526571609	0.999820545852696	0.676380952380952	0.980271252756391
PF01464.23	1.69969998914787	2.28244749260966	1.1452268411365	-1.20910260642511	1.88235914260247	-0.549275118064315	0.221852113499596	0.18410608001641	0.999710232188326	0.198852813852814	0.979597541399129
PF18935.3	-1.24895906022191	-1.57164870865685	-0.949575291547943	0.499359134311314	4.25125761072513	0.109142895688757	0.436666669050594	0.666478426923044	1	0.632822510822511	0.98343181156377
PF13100.9	-0.391586260815274	0.365573559575531	-1.22403831137947	-1.45766220819302	3.50939937762664	-0.337131881261259	0.306000008458571	0.406275639554263	1	0.382831168831169	0.992660323605968
PF14134.9	0.00889332210169425	0.672915744928974	-0.610436344327391	-1.47310152041766	3.82032686065375	-0.329401085026737	0.32711526375861	0.444644692561266	0.999997136598414	0.422688311688312	0.999461083854417
PF00329.22	1.01424407996801	1.9924068706152	0.127165195140916	-1.88668962039655	3.21377528797959	-0.49908171872713	0.235176562581753	0.279340836548885	0.99972478273964	0.203238095238095	0.991262735606446
PF00346.22	0.918713233355709	2.03590436660914	0.0896753690478569	-2.32748654080144	3.47518829149964	-0.567135647141576	0.231333347323201	0.23155825822644	0.999617717909936	0.189	0.991134618391217
PF19838.2	-0.322004372986098	-0.411902552854483	-0.241769048954655	0.180107999498058	3.41951276734428	0.0439840085669836	0.476349101476354	0.719271320255259	0.999732195049558	0.711060606060606	0.990101596932875
PF14123.9	-0.597402793379934	0.239116692099319	-1.50189453890859	-1.57682161054217	3.41178834712905	-0.395131435526157	0.287333342949525	0.376714020339707	1	0.350064935064935	0.990426709306364
PF08666.15	0.791072264711793	0.507421917475777	1.23795074922523	0.567726471023962	2.46323110633835	0.167094319681775	0.406395739763836	0.771019988182092	0.999868778891816	0.556991341991342	0.978874502455233
PF13740.9	-0.856504431642788	-0.20781172911052	-1.39569437167796	-1.15100952201491	3.76422293316178	-0.266652482713493	0.362666672168125	0.542830706556657	0.999690734971201	0.525666666666667	0.995621857085016
PF14127.9	-1.36384952079177	-0.72058719678978	-2.08514876827766	-1.14783061991712	3.93914884789714	-0.244924242103792	0.363333338803763	0.50148234277442	0.999128638554041	0.504142857142857	0.995373341492084
PF04773.16	-1.79651207170215	-1.71221578720642	-1.84930507740394	-0.160696708005601	4.04199189686466	-0.0307938713735703	0.481678881424736	0.732198195823946	1	0.74617316017316	0.988904175246128
PF16344.8	-1.84537378618992	-1.7932056085584	-1.93452973184802	-0.245338289745175	4.27847371504391	-0.0454639811436132	0.477333334174568	0.735451027842723	0.999974015792052	0.752125541125541	0.98773740634646
PF03571.18	0.0331350873076337	0.718262513741427	-0.436310393045721	-0.898239249772609	4.2779241851584	-0.171003888249647	0.37866667144168	0.624626019166698	1	0.587441558441558	1
PF02666.18	-1.09483396068765	-0.35512433251668	-2.04212063217784	-1.51585042860692	3.60102610802032	-0.349061544420777	0.313124591645342	0.406429308173874	0.999931216930758	0.41547619047619	0.989682474548802
PF08665.15	0.622895272585736	1.18465519325762	-0.102691283089692	-1.24984530721744	3.04385861456971	-0.32883665685747	0.328000007225393	0.392602174246989	1	0.441445887445887	1
PF07676.15	5.36494944906129	6.05265396658576	4.91964618544241	-1.20878742605464	2.14082563507438	-0.436437120645322	0.266000011097222	0.201838652212346	1	0.215281385281385	1
PF03169.18	0.338911138501031	0.998940372308752	-0.272186857126217	-1.03966229679395	3.04641077738764	-0.284765637713414	0.344437048342602	0.529274790143348	0.999674262035199	0.450471861471861	0.993662979749774
PF02749.19	-0.192081154845257	0.574529612294904	-0.813138286910179	-1.36780886715269	3.73450662108803	-0.314468870069291	0.332000007014083	0.487887212579042	1	0.440064935064935	0.997775654655688
PF01729.22	-0.230899322775408	0.503214971052216	-0.872164427984399	-1.32055655951507	3.75749206143633	-0.284849095473364	0.348666672836835	0.497311862505347	1	0.464571428571429	0.998395413581228
PF03308.19	-1.00071996310268	-1.14454249013899	-0.807433385828488	0.387577553979473	4.07375718557089	0.0883477204033639	0.454000001718247	0.715418459325093	0.999500664287393	0.671341991341991	0.976657675979892
PF05896.14	-1.37856784921064	-1.14206638580682	-1.62870593995941	-0.344829089361699	4.20079485832496	-0.0653985226260485	0.459693539142167	0.697980402282226	1	0.725272727272727	0.994387594646741
PF11973.11	-1.30317357494217	-1.1480439964231	-1.46483206211492	-0.239429708265884	4.19462640134127	-0.0538972875412187	0.468000001190059	0.708940857614673	1	0.754398268398268	0.996794325205062
PF00970.27	2.6645751110491	2.48788517095401	2.85397692294	0.270913244269424	1.30476225640061	0.174489491792321	0.398401069875784	0.782357498391799	1	0.560943722943723	0.990024692445456
PF07837.15	1.49916932400198	1.35126374212244	1.64057530568428	0.33283346009172	1.95367295934995	0.131714451500552	0.40933333680553	0.509316854533238	0.999982986946402	0.579424242424243	0.968638329178346
PF02971.17	1.52664030691938	1.4108703028154	1.64824127412018	0.273173327406004	1.92477145942455	0.10736495008226	0.430379749461449	0.548264819474157	0.999993751205264	0.610692640692641	0.97267112791439
PF04961.15	1.5851050653794	1.48646679526102	1.68640289681731	0.110622838134709	1.71704479826006	0.0446927620823125	0.471333334398563	0.756082725740247	1	0.705878787878788	0.991240024029107
PF00221.22	1.17712297233582	1.44645791892091	0.758679757005998	-0.597767869415596	2.89371594909167	-0.179888019027827	0.395736179914541	0.583960156883447	1	0.61412987012987	0.999944673055751
PF04172.19	-1.26002192903367	-1.23117517149938	-1.28912390801496	-0.0516488109402085	4.01010205057963	-0.0131102591285282	0.491672218829097	0.752909374297564	0.999596179096919	0.762354978354978	0.990891236457237
PF20600.1	-0.96970636734038	-1.11596477940622	-0.771893260328018	0.323195217602482	3.83647919967892	0.0807787823644797	0.461333334774048	0.694998995673882	1	0.662562770562771	0.977999747199917
PF06971.16	0.333829429340475	0.391407295399779	0.265515682334259	0.0409421581301164	3.54949932518622	0.0119827570584436	0.495003331297425	0.784534576063849	1	0.78695670995671	0.998275293581594
PF01252.21	0.284304898928411	0.411226179758593	0.0490556284923347	-0.448244690525755	2.69013837463561	-0.141568615316296	0.425049969524827	0.529112626534398	1	0.657597402597403	0.997061561312862
PF02585.20	1.97436247499192	2.52480908710874	0.517073189872568	-1.23590790431402	4.25187992197406	-0.245314403245003	0.38800000436728	0.487250971127451	1	0.613320346320346	1
PF02498.20	-0.876645002916916	-1.46888189143815	-0.406927599757536	0.934192298977472	3.84359200012258	0.205804477152231	0.38974017750457	0.535676007308687	0.998997988763273	0.509320346320346	0.960922126534712
PF18956.3	-1.77099218070953	-1.64020816953057	-1.90582438621993	-0.0819471444801128	4.10617270026858	-0.0157080239682803	0.489007328854492	0.701056646054186	0.999758981059027	0.727731601731602	0.988989309302952
PF09709.13	0.842857360960874	0.50600577454843	1.18687186113587	0.623076157664055	2.32802154257845	0.21395309082526	0.363091277959396	0.562882911012651	0.999557741413025	0.486108225108225	0.954499738764185
PF20463.1	-0.729670372824885	-0.559672838445295	-0.907383198731738	-0.296489545317388	3.45986737801937	-0.0714113423040578	0.458666668208064	0.689219310464427	1	0.713904761904762	0.993051432985611
PF12897.10	0.667691187062894	1.35682303684325	0.267576108342696	-1.04796945438575	3.50507997051121	-0.235694040656772	0.364666672075246	0.633183351963226	1	0.520255411255411	0.999604790968749
PF13734.9	1.7913815695853	2.44675444826608	1.41581431074947	-1.10172403421963	1.89613606287779	-0.552944036198434	0.274000010519555	0.282636819571507	0.999792213067407	0.309744588744589	0.989018656354276
PF01640.20	1.55183117728627	2.27602815060128	1.20357042964847	-1.11857797041306	2.1069427733199	-0.465345479292126	0.30246503197544	0.343663115628955	1	0.375606060606061	0.994762232691579
PF07610.14	-1.31866142446793	-1.18125940832369	-1.48085391201593	-0.279262236400993	3.80598793980984	-0.0570768871042085	0.467688209061577	0.725004616955148	1	0.730818181818182	0.989374124476526
PF04443.15	-1.46495438069073	-1.56952423206292	-1.32658082081231	0.345873643254181	4.02705676795686	0.0659503930115998	0.456666668283751	0.705947221874956	1	0.67625974025974	0.981309260908894
PF13650.9	-1.82025517056339	-1.5928671441303	-2.03732204644349	-0.278160009427414	4.26997528956774	-0.0543067417362573	0.472351766515455	0.710339185649214	0.999170121098566	0.732	0.991616507507076
PF13195.9	-1.58279102022827	-1.05658846841203	-2.00271265953313	-0.878631690656059	4.31186693712233	-0.17904822424806	0.404000003691644	0.604638531898755	1	0.601294372294372	0.997092215420276
PF18741.4	-1.50779047184387	-1.06689004331776	-1.94457717699109	-0.935253859057284	4.20101427787932	-0.189395045660353	0.407061962254786	0.604979495302163	1	0.625406926406926	0.996838110481195
PF17919.4	0.193457841573635	-0.134199848644328	0.540027655193041	0.542533743547874	2.9292791004622	0.139035286773893	0.408000003526811	0.650186990443455	1	0.568532467532468	0.969968396069982
PF13191.9	-1.89725622306303	-2.2191322310576	-1.59109202306892	0.729688590095878	4.10781561764917	0.144265652155215	0.419333336400829	0.64794001195964	0.998770770477818	0.613099567099567	0.966165882358102
PF05368.16	-1.77260138795268	-2.08754498913104	-1.4438872331651	0.490524416919405	3.92394452774961	0.11049494785269	0.437708196877331	0.647862454002765	0.999489872509655	0.617406926406926	0.955782569115831
PF12320.11	-0.717757382419186	0.201576337916606	-1.99274326873394	-2.13833297756863	3.36557992664352	-0.555377568119692	0.240506342250232	0.250967757154246	0.996120708849453	0.252194805194805	0.971225505574386
PF07705.14	-1.33966961634224	-1.78472022388412	-1.00041920954177	0.692464340270475	4.00405432167511	0.137571558290912	0.417333336481106	0.63719863270927	1	0.60304329004329	0.97344057699713
PF07331.14	-1.568729973758	-1.04869358641695	-2.04860996599385	-0.892428826949628	4.32632565574686	-0.180135767001209	0.406395739763836	0.59337202928931	1	0.611090909090909	0.997321163525294
PF17651.4	0.163512152730839	-0.480180709602336	0.648671268942844	1.25771577394159	2.72564508756681	0.388674581897649	0.299800142063257	0.306388646136361	0.999565687328224	0.310619047619048	0.906699129405725
PF14574.9	0.623550646669963	-0.32516284611776	1.41766467691571	1.89990078177574	2.73026950355516	0.589366920600251	0.203333350290745	0.153077271310213	0.997875099129277	0.124199134199134	0.747922320616364
PF12771.10	-1.54082080414886	-1.64185648979435	-1.47476513622169	0.139252898323696	4.14650690958953	0.0307722460252962	0.487008661373583	0.72293357913053	0.999361375164106	0.700904761904762	0.979912764147033
PF04632.15	-1.85440476451484	-2.21913645122484	-1.49307841393195	0.677883952853803	4.29266767240324	0.145915401493703	0.42238507955727	0.618184712561101	0.999319842038857	0.585398268398268	0.968546638273398
PF03721.17	1.92647612879128	1.30711380695158	2.5422803343847	1.09073897093646	1.76368267997134	0.499581234479369	0.237841452413626	0.447013519206847	0.998567203044468	0.179987012987013	0.852410861863611
PF00984.22	1.9279463396197	1.28319043152882	2.54061058088315	1.10607100722355	1.82805124972069	0.481190010557482	0.250000012345675	0.440411138693049	0.998410251937412	0.188593073593074	0.861214386684001
PF03720.18	0.724787852674443	0.0436306501447374	1.54015912377421	1.25330595097337	3.0940568891705	0.335472273242562	0.29913391958556	0.471587348149309	0.999336544481131	0.289562770562771	0.923586402120299
PF16123.8	-1.80804981499231	-1.64736534207314	-1.96792940107384	-0.384519107935234	4.16823801027592	-0.0766369187172011	0.460666668132528	0.700717169131848	0.999763989423005	0.725038961038961	0.988137203271671
PF02578.18	-0.222310085948118	-0.107069754741741	-0.35184064773261	-0.310394582019805	3.21890407007488	-0.0793443415713717	0.449333335229345	0.711696995147127	1	0.725874458874459	0.999572181254745
PF13489.9	0.454296240560631	-0.135932822262752	0.938970727391014	0.822536253995554	3.8147798130339	0.180959286318332	0.387333337729382	0.563127286711651	1	0.486207792207792	0.979492852609698
PF07876.15	-1.39644033877814	-1.68364578690162	-1.06849169286784	0.577823322348899	4.13630851235429	0.12531919564734	0.431333335925431	0.648768684743816	0.999380509374955	0.613766233766234	0.961128259599687
PF14842.9	3.5973421872891	3.06610398513182	4.10307741347605	1.12754485353422	0.960707307698737	1.05494088789105	0.0813333852153608	0.0385445314350807	0.958828470459777	0.0221731601731602	0.400179566556741
PF14841.9	3.59378027481111	3.07601144495696	4.1191937124084	1.10148530925	0.979525077171775	1.0763753977057	0.0820000514155932	0.0383300165482038	0.959840809914364	0.0217748917748917	0.396957111970134
PF01706.19	3.63916697221079	3.07090940756126	4.13886092960855	1.1520315900614	0.91701205515641	1.21545466338369	0.073333391468453	0.0318095712140673	0.953987192991577	0.0181601731601731	0.356325977418188
PF01888.20	-0.611765399382557	-1.57531666701865	0.418895301089939	1.98952246449675	3.80973847531793	0.468148833902144	0.269153908253317	0.312888483141145	0.996650616890749	0.240229437229437	0.86987322381367
PF00584.23	2.17904550759464	2.19549479690723	2.15597698564618	-0.237507980202332	1.65677607445169	-0.140728036005432	0.442000002177447	0.60024793104603	1	0.722212121212121	0.999693238443703
PF03786.16	1.2857768711596	0.444929597435184	2.14246242760194	1.59878084628278	2.44001223294615	0.510341130046079	0.235176562581753	0.310898207991974	0.997973554637122	0.150017316017316	0.838707260151555
PF15975.8	3.20983662811233	2.76198037450044	3.55311954390831	0.707354010307523	1.69700215038874	0.384877528350798	0.276666676999855	0.353397333255499	1	0.240675324675325	0.914413552600784
PF05139.17	-1.79813301018759	-2.13760808121531	-1.46239544016954	0.684571790469505	4.08079066990128	0.130331894426714	0.424666669521598	0.626306025960665	0.999515407252795	0.602835497835498	0.960911603927804
PF03682.16	-1.86515906387691	-1.67369687929387	-2.04522877211436	-0.454729765685635	4.30185800315775	-0.0841540717073135	0.455029981690227	0.701363652296707	1	0.726463203463203	0.995354956942297
PF13710.9	0.0577868368019878	-1.01470907684522	0.827091178936255	1.70533181490978	3.25998527410386	0.451185940457334	0.266666677714643	0.284479824574644	0.999035501170548	0.23252380952381	0.863684158264235
PF00041.24	3.84559542285765	3.29854007759935	4.56767740575869	1.19756266160346	1.04919734179612	0.999108994242636	0.148000025847422	0.0971329590559392	0.976881196693601	0.0442683982683983	0.622974593391148
PF13808.9	1.58002745589962	1.52062436538484	1.6901906388527	0.205863207002755	1.99031334139739	0.0829321016478389	0.459333334849536	0.784177726457495	1	0.687554112554113	0.993226273001531
PF09369.13	-0.626155257371146	-1.08441580237603	-0.0775260253670726	1.0544420262392	4.2779696580123	0.207795467806069	0.395736179914541	0.607228863043828	1	0.543515151515152	0.979812515569111
PF00331.23	1.44416655475827	-0.313718949301308	2.34182897878959	2.86908264161428	2.80034086349298	0.950229430115538	0.110666703294885	0.0465258646393483	0.985490385165027	0.0292857142857143	0.4907115977148
PF03576.17	-1.83306393114644	-1.65665170928419	-2.01066388334854	-0.213793521619309	4.17345806744085	-0.045544563911321	0.474350433995858	0.695066567081484	1	0.729350649350649	0.987202046495265
PF13581.9	-0.945528836620571	-1.61964057615962	-0.361275049148254	1.15815040829982	3.73786188835763	0.261816366140082	0.342666673134211	0.477777906759528	0.999944019602382	0.429636363636364	0.925056323566159
PF01948.21	-0.79524599113032	0.333369473876292	-1.85422831021769	-1.94286654402601	3.71759460703502	-0.464912220911327	0.264666677863006	0.338750072148201	0.998518012401528	0.31230303030303	0.986283250924792
PF02748.18	0.0883280335565901	0.320742987283188	-0.134597481645607	-0.444431395177322	3.42797598329194	-0.111454897740088	0.428666669363533	0.683475476517297	1	0.702025974025974	0.999475981674124
PF05043.16	1.31461117627037	1.53392676129972	0.997350659794385	-0.742673449287928	2.28811870428763	-0.242267654304739	0.353333339276837	0.398407739439621	1	0.502246753246753	0.998538559179229
PF12683.10	1.57900031070643	2.03937946275579	1.27125499581008	-0.634430981037973	2.13852104864068	-0.2351436118773	0.365756167909403	0.690421061072556	1	0.537268398268398	0.999589818702601
PF06089.15	-1.81110367648265	-2.11759115541522	-1.47167482603755	0.703148263219799	4.2840458832177	0.137586270758364	0.429333336003963	0.634269889024415	0.998815474607736	0.592917748917749	0.965414956857614
PF08531.13	0.299861580794873	1.17769018262756	-0.379099263180646	-1.27416250195257	4.04201125803264	-0.26517198176252	0.353097940657105	0.530589902712947	1	0.498809523809524	0.999425463788209
PF05592.14	0.255909659383857	1.19012777745961	-0.383482848352134	-1.31263574489452	4.03361989588281	-0.283487037003845	0.350000006105005	0.519072635095612	1	0.495073593073593	0.999730117501546
PF17389.5	0.660401910089145	1.45863886324998	-0.0939886773898317	-1.34085511304317	3.66126493508844	-0.323002197895448	0.330666673750784	0.395064242818767	1	0.411926406926407	0.996899193061788
PF17390.5	0.3106163539027	1.22285242471279	-0.320404556485183	-1.34098942468263	4.1157058848262	-0.266842564048612	0.36175883298481	0.531653220883288	1	0.508735930735931	0.999997444684945
PF16189.8	2.35511363111411	2.40556340574018	2.30011419199588	-0.293216952863818	1.75492728694557	-0.161502911232753	0.433710861922799	0.622508318776242	1	0.743909090909091	1
PF16188.8	2.36250795166391	2.41823898654286	2.31309537709286	-0.306110963720251	1.68337096033035	-0.158874614919774	0.429333336003963	0.574935434674736	1	0.707891774891775	1
PF00815.23	0.492185305195377	0.553239224450053	0.43174902287109	-0.202766299008211	2.92553313365205	-0.0499542028348556	0.470000001115125	0.754258067229144	1	0.784251082251082	0.997392245071737
PF09861.12	1.77909119482751	1.44685040278211	2.10670174296682	0.66633857803709	1.52381848104925	0.395555266539473	0.311792146684833	0.356132689034654	0.997779318802567	0.343701298701299	0.909958044909166
PF13555.9	0.471993074350917	0.0593888397771245	0.777817024211163	0.637153950264016	2.89883936155197	0.178155478148416	0.40066667049685	0.553830339342361	0.999018707223784	0.520069264069264	0.969724809548487
PF03480.16	1.64744789681882	2.17514737939984	1.14791090193083	-0.93991454086295	2.03259094158618	-0.419286829795987	0.315789481567806	0.404205893960603	1	0.402692640692641	0.99750186991075
PF01436.24	-0.204702449396893	0.163910553896412	-0.629686251833353	-0.458717139685429	4.40181576582949	-0.0960958271623649	0.447035311774745	0.664344667451133	1	0.723038961038961	0.999907954992666
PF07863.14	-1.85210651936615	-2.10336129803336	-1.54976235784486	0.678576875812224	4.1881623282916	0.144833429464528	0.428666669363533	0.64305898338234	0.999136089456627	0.597593073593074	0.96803790505999
PF02613.18	-0.37493760347375	-1.81775543134763	1.01342111688631	2.97368275831062	3.78037815925952	0.710867179458908	0.194000018120103	0.14301982703217	0.99134299636369	0.112558441558442	0.733371127852286
PF12411.11	-1.95867975777301	-2.23202342458901	-1.62306970155355	0.639278162016182	4.39750414838127	0.131936358804092	0.435333335769139	0.659854986303158	0.999467816760461	0.625861471861472	0.964584185183239
PF13280.9	2.32369966908733	2.41346916452332	2.26303213784229	-0.32700302003758	2.4736332421665	-0.088089470003488	0.43970686435495	0.787029673018967	1	0.724030303030303	1
PF01223.26	-1.82597280161914	-2.24345863615399	-1.47356177448368	0.642715376372309	4.06935020623681	0.142317864845214	0.42704863700083	0.616294001030205	0.998840055627456	0.570458874458875	0.957577849705567
PF02639.17	-1.55204613658246	-2.08371966196694	-0.96761903343594	1.03454307026411	3.99579332221299	0.211808198103497	0.37708195020865	0.557961575984046	0.999230589517585	0.499835497835498	0.946420433861719
PF17125.8	0.340556807023102	0.70204371562567	-0.0750182008017592	-0.72476403707222	2.96542009877053	-0.198416097931214	0.394000004110675	0.542282165499768	1	0.568683982683983	0.9988082422033
PF17126.8	-0.85848415047131	-0.376983968431685	-1.43976212272754	-0.848001105820824	4.01438160439457	-0.182608783863295	0.390666670919393	0.585883582760696	1	0.606575757575758	0.99822693379123
PF02635.18	-1.328817295948	-1.14353894331956	-1.52743045799195	-0.395783892702095	4.11054473511224	-0.0847016848116762	0.451032646732127	0.684146432079564	1	0.717558441558442	0.994997117620224
PF14265.9	-1.30016094613984	-0.719706763584504	-1.97364189067648	-1.15170462845174	3.78111231714441	-0.240357853391585	0.372418392789095	0.523280022997803	1	0.54265367965368	0.996555380861068
PF07396.14	-0.922842255655398	-0.40636938828252	-1.4709057147624	-0.910575472212562	3.83279012026883	-0.188417107116011	0.391738844974114	0.573628249809915	0.998935120899145	0.587645021645022	0.997320282257066
PF03591.17	-0.390032638253629	-1.45796937465647	0.322001492455112	1.6262054000127	3.34774584330628	0.442730893593515	0.282478357691991	0.307288020680747	0.997895076081787	0.271255411255411	0.886197619313947
PF14526.9	0.963490665246579	0.47858800017812	1.31360389109511	0.843943366923805	2.25482156736738	0.322599848282283	0.343333339767493	0.409856664603926	0.999823371474794	0.422025974025974	0.953867482858651
PF05635.14	-1.86519176969668	-1.68942986022346	-2.0346414369929	-0.260566115593495	4.11087454584976	-0.0518277354668107	0.468354431554951	0.710356670302304	1	0.740229437229437	0.989181051782739
PF14815.9	-0.213660701436761	-1.53618176601245	0.635735421399897	1.91749195627302	3.73963157152231	0.477396066356879	0.27981346779843	0.297641049200274	0.999762192428462	0.257731601731602	0.905996889814215
PF14289.9	-0.730833941972478	0.553266311759426	-2.00592474761362	-2.54161039814246	4.06144244123633	-0.53630894947586	0.248501011786862	0.272752846081414	0.996749749709437	0.244705627705628	0.981384251813164
PF02669.18	-1.79852159918134	-1.6749081206601	-1.9343014275022	-0.143203787025803	4.0000410218622	-0.0238686845833601	0.486000000518925	0.723181342274307	1	0.750147186147186	0.986228851226434
PF09210.14	-1.84747044772607	-1.70885653131216	-1.99294057094508	-0.227237677780012	4.14487081860653	-0.0425887487146376	0.477333334174568	0.712209689671759	1	0.746311688311688	0.993967144969416
PF20030.2	-1.81580559070307	-1.61212055550988	-2.0479005511108	-0.441732421746122	4.16148542293071	-0.0808647178249875	0.452365091718084	0.693302849500552	0.999743784619952	0.727194805194805	0.99264882822132
PF17868.4	-1.8990565661453	-1.8111141607655	-1.98756065150893	-0.25410569087832	4.29915868562407	-0.0511607126978182	0.473333334323805	0.748228671062803	1	0.766121212121212	0.994698740934716
PF02423.18	-1.12507529307087	-1.18162321744508	-1.06090503946825	0.0787433020303832	3.94122793940869	0.0176415822215428	0.491672218829097	0.767892146293469	1	0.739012987012987	0.993533086436152
PF19732.2	-1.34140748822725	-1.61670441610323	-1.04111293040425	0.614810972481024	3.84078116598885	0.129700458892776	0.42704863700083	0.645630812250242	0.999272937717665	0.621688311688312	0.972781545701253
PF13606.9	-1.28324854091719	-0.586236275741512	-2.02939441752041	-1.29747819321832	3.96563448474677	-0.276054022970774	0.35666667245062	0.507182184455979	0.999184820739617	0.503125541125541	0.992989107268737
PF07927.15	3.42705248933729	3.6546916751809	3.22252265650742	-0.36624071383428	1.25472086038386	-0.272747295398163	0.364423722934262	0.572918665600562	1	0.55817316017316	0.999872807604766
PF04228.16	-1.63022878761832	-1.26142375958789	-1.98643762125733	-0.771409384542691	3.99019957617182	-0.16152838220915	0.412391742183836	0.621518882630361	0.999158709802584	0.635151515151515	0.994633992327214
PF00759.22	-0.591928563935444	-1.68934930011611	0.174325197585016	1.68815599089627	3.54781982500138	0.412966638635332	0.281145912744863	0.345484970706569	0.999493364010196	0.294549783549784	0.879857816857264
PF09546.13	-1.81882772609636	-2.19388080748287	-1.46684423950904	0.572169908328734	4.07772072490156	0.13172813063567	0.438374419369845	0.623657811903388	0.999881186840835	0.585744588744589	0.95991863967611
PF06691.14	-0.166134379590148	-0.976162451746965	0.442609078039332	1.53364374503694	3.29042542501412	0.403442699208557	0.290473027388758	0.324381858861609	0.998762969180142	0.282969696969697	0.889947708655347
PF04389.20	-0.581493507658175	-0.083944348988175	-0.958284303039001	-0.839864672486319	3.98666620814464	-0.178496677479428	0.402398404819022	0.608921173813865	1	0.612744588744589	0.996869979449966
PF07934.15	-1.66801414840326	-1.16674451445605	-2.11628341832336	-0.795482232607236	4.17137127463367	-0.162095035919966	0.415056632149291	0.61770188815625	0.998810016148761	0.617463203463203	0.995186568716571
PF03705.18	2.5029143994768	1.84553978337024	3.11977015425594	1.22548057329904	1.77922942150707	0.58663355297486	0.188000018924165	0.168670508441411	0.998230889775318	0.101225108225108	0.72664336520857
PF01739.21	2.56638412698466	1.88623485963515	3.17685087448473	1.22252267672922	1.61014368928906	0.633731340028931	0.166666688888874	0.134582492849903	0.996487675355864	0.0841774891774892	0.668810341425982
PF00902.21	-1.78958645609136	-2.11565957200829	-1.46547641569441	0.590301238995099	4.13847715965774	0.125303643613121	0.434377084415154	0.627060754770508	0.998020864786581	0.60208658008658	0.949073786502348
PF02557.20	0.518576076451382	1.25949192916502	-0.961382503814688	-2.11231131383336	2.94147106364541	-0.631716463986683	0.194666684700289	0.129404583671864	0.996877674361598	0.158891774891775	0.967272080554545
PF05201.18	-0.968094958924707	-0.679249908201866	-1.33053686447173	-0.533201222247819	3.90087449241461	-0.120375280428965	0.437708196877331	0.649060726392521	1	0.658770562770563	0.99598433666922
PF01488.23	0.101181526580306	-0.295247691285812	0.463218057378096	0.795492639547702	2.68185060672941	0.232942329787594	0.369087280348433	0.510712839817971	0.999418629535134	0.479445887445888	0.95114025275166
PF00745.23	-0.979215032658288	-0.667091755260063	-1.31754709717478	-0.551457059708173	3.72955288086488	-0.131904486435993	0.430666669284912	0.649146441466459	0.998874333720099	0.665632034632035	0.997450573019539
PF05036.16	-0.911842328780571	-1.19175615286778	-0.635394279121335	0.628795337823542	3.63828062536393	0.138151623607408	0.427333336082764	0.62419390193945	0.999696786499828	0.590051948051948	0.970246156556422
PF13351.9	-1.86073018155382	-1.73385355617304	-1.98925128360206	-0.305046981136812	4.12425279146515	-0.0581397237562562	0.466355764074866	0.714484233855773	1	0.742316017316017	0.987747535782825
PF13101.9	-1.806212557894	-1.56271749438169	-1.99079905696422	-0.399540282455556	4.31807932353575	-0.0731735719808389	0.454363759197163	0.678265057383667	0.99997532839555	0.701294372294372	0.991988991471159
PF00112.26	2.37297766789018	3.35774365984874	1.72465816971694	-1.50576010406161	2.20353732001212	-0.612665873526373	0.210000016185558	0.183669219006304	1	0.137748917748918	0.992035682473947
PF13483.9	0.76417379556128	0.906543579880528	0.593400305776347	-0.105275924840912	3.42349474183528	-0.0236711047780511	0.489333333728575	0.731938239381082	1	0.831818181818182	0.999334751549468
PF00545.23	-1.85105207144433	-2.14789529085639	-1.55373870740117	0.640215450252984	4.23216966462545	0.129475222637351	0.429713526969265	0.646057019098643	0.999791584913528	0.605194805194805	0.966179565827634
PF02265.19	-1.2761369473769	-1.57881605542619	-0.954718261909543	0.626068626257334	3.77594237593672	0.138561543536547	0.421718857065464	0.624197760693091	0.999896787933168	0.590852813852814	0.964413480325012
PF12729.10	5.22717281328378	5.00051560833008	5.41672077910881	0.618573602787754	1.13566220396715	0.489998927781234	0.258000011704904	0.156446968613624	1	0.184099567099567	0.900849253820161
PF12081.11	-0.399436406195005	-0.943212450517377	0.188117106728535	1.09566173235151	4.05650455019596	0.21692502834278	0.374417060254251	0.578084307157022	1	0.514571428571429	0.971655501062058
PF12080.11	-0.431528851418585	-0.945637091425864	0.198402286342268	1.12618163352767	3.99441559770172	0.22946155115194	0.376666671530504	0.577029538450935	1	0.490766233766234	0.964919330013295
PF00449.23	-0.160847205758539	0.463373004146076	-1.03506823582448	-1.64640441396479	2.88252457819434	-0.484146527547822	0.266666677714643	0.242145694779892	0.998265402253369	0.298987012987013	0.976260530263219
PF12099.11	-1.09345847062307	-0.429751530930195	-1.48290054369906	-1.31574719288897	4.52840463109943	-0.259975081659287	0.385333337816007	0.566093551271057	0.999173000987118	0.570450216450216	0.998811887914027
PF06969.19	-0.655434692231192	0.113032070896029	-1.53255357751986	-1.75227097615783	3.69392488756	-0.406023155047897	0.29780147463059	0.376977330779322	1	0.37669696969697	0.985073767462836
PF03544.17	2.23873289242699	3.10951462571782	1.65968394046513	-1.66712973888618	2.70760883780519	-0.65359548441158	0.231179227843191	0.165137055432571	1	0.20065367965368	0.991571852217359
PF03631.18	-1.04768745616759	-0.71233226026586	-1.41860151185823	-0.660287318016115	3.83715762302247	-0.137831941660473	0.42105263457369	0.626601994096921	1	0.651450216450217	0.999308130474196
PF07584.14	-0.880327218402288	-0.878659171495483	-0.880370126210459	-0.123278594694165	4.02273552779258	-0.0292839975507989	0.486000000518925	0.772629994452829	1	0.787900432900433	0.995143603376052
PF04402.17	0.918585944042417	1.10096632382286	0.653746863768048	-0.434548167775132	2.83544606034798	-0.113173587508569	0.432666669206554	0.663829046396226	1	0.70882683982684	0.999740060705578
PF14121.9	-1.22794731543512	-0.466505017361457	-2.0646975692725	-1.4901009391459	3.89848654352652	-0.335294769997253	0.334666673541859	0.443837836503318	0.999513604441905	0.453497835497836	0.992416681282885
PF02261.19	-0.253868050254048	-0.0256394534384619	-0.511118371088345	-0.434922946276584	3.91142255638001	-0.095066812006594	0.441333335536504	0.699891585583877	1	0.725593073593074	0.998993738325031
PF01790.21	-0.42576767168571	-0.129817116911798	-0.693401151295534	-0.58079349656939	3.46332000620881	-0.134207880497025	0.417055299623771	0.634046522790226	1	0.666883116883117	0.999049549158506
PF03486.17	0.626901860437249	-0.531658415724864	1.32778768896427	1.97406352384853	2.58436612175903	0.697413464444014	0.171219208633065	0.117286543250787	0.990523282202927	0.100948051948052	0.664171697630794
PF01930.20	-0.318459618847793	-1.22657206789801	0.322180599179865	1.5315820629026	3.24077433292174	0.407719776721317	0.279147245325478	0.330148368899087	0.99785791481211	0.306796536796537	0.862413605658341
PF07885.19	-1.63019056400265	-0.928316170659813	-2.12922855476565	-1.2098550265449	4.39758932137763	-0.245355087488474	0.373750837765804	0.553535382770727	0.999205234422355	0.561160173160173	0.994319695586926
PF14905.9	0.176467380003246	0.667121093658585	-0.08488807975887	-0.809069900177974	3.9367003022661	-0.165824797020813	0.411725519692567	0.656053298898115	1	0.635095238095238	0.999377349879524
PF00930.24	0.698924365655931	1.56247108944477	-0.157132289041694	-1.65816567011812	2.91936600068328	-0.474928418051278	0.243837454552399	0.325264283392349	1	0.225108225108225	0.988377202444878
PF08522.13	-1.49192087561822	-1.46457437606645	-1.51334188044766	-0.0929320096441568	4.12922628103525	-0.0185965321436435	0.49300466381642	0.746185179258438	0.999921631069003	0.776593073593074	0.994092373012941
PF16141.8	-1.80477657158734	-1.55304760373778	-2.01656806573213	-0.268632947839299	4.21017110966455	-0.0564914351201367	0.474666667607353	0.708082155393307	1	0.726445887445887	0.991791894205908
PF12741.10	-1.01278997485763	-0.441015600772142	-1.63358158889488	-1.00723475165791	3.99490549085828	-0.216538299723565	0.386000004453745	0.569080078307328	1	0.576484848484848	0.996847769656465
PF07660.17	-0.234987198731847	-0.615677001466636	0.0865056271043851	0.663376396116613	3.28875023057694	0.153910215574219	0.408394407236809	0.600889296180587	0.999929688320428	0.554848484848485	0.976723679389432
PF14491.9	-0.981314394624564	-0.514983294801357	-1.53986916165099	-0.783527364397419	4.00550069473534	-0.175538426604672	0.411333336723907	0.605554416092095	1	0.637454545454545	0.998745467066343
PF09992.12	-1.47415134257757	-1.58974661864091	-1.38859318780518	0.0526640731107459	4.10879776547767	0.0104947249111442	0.491333333654417	0.742729033965215	1	0.738541125541126	0.988022677551452
PF03816.17	2.60962386188476	2.84466167470957	2.33900201167595	-0.487364607779706	1.09376170519838	-0.427347824613395	0.321333340919238	0.369827694781425	0.999251115214353	0.420965367965368	0.985865382601573
PF00479.25	-1.6625292281553	-1.74530770411366	-1.5738822460853	0.157553738321188	4.21868392614155	0.0287521426592593	0.483677548905506	0.731568636277352	0.999284276846586	0.703406926406926	0.984122610695113
PF02781.19	-1.51540075777527	-1.55785728955349	-1.47387958202624	0.153241024055596	4.02619863820465	0.0356260997355887	0.48301132641191	0.746227039902203	0.999975272727522	0.712632034632035	0.982493135510523
PF04371.18	-1.20768798126629	-1.40688513835028	-1.04992631759589	0.269187132197656	4.08434290556997	0.0550202023165213	0.470666667756838	0.708591743015347	1	0.69747619047619	0.991052323999429
PF01575.22	-1.57223678701574	-1.77749863105077	-1.37751742466127	0.378799652899756	4.11096877654924	0.0816164391545114	0.456000001642348	0.700854076591179	1	0.662073593073593	0.980443194508475
PF03776.17	-0.580587209256088	-0.505950243885769	-0.669889137856043	-0.10271789518833	3.85709477149078	-0.0252785774308727	0.486000000518925	0.755062730688016	1	0.784121212121212	0.994990018900894
PF08984.14	0.511169872708074	-0.324228691898847	1.50001133691499	1.71208254073167	2.73928829553787	0.526022266304343	0.239840119790646	0.30172371812748	0.996433029817359	0.163463203463203	0.8216957605323
PF04069.15	0.0876669934642571	0.190970101561976	-0.0700821155718652	-0.243241120285891	3.26281498228904	-0.056615489991856	0.458361094155813	0.658763618619326	1	0.760190476190476	0.998459056234711
PF04230.16	0.178309165723872	-0.711647695624557	1.18784217131284	1.86215446639664	3.21596779680394	0.4907117518572	0.258000011704904	0.267829337009455	0.997207953598606	0.208822510822511	0.85155064292499
PF03773.16	-1.8747378321615	-1.69424907605026	-2.08858520152957	-0.240701698326258	4.35436238081012	-0.0442689825198086	0.473017989008912	0.682075100684648	0.999425561283788	0.707307359307359	0.990342772336454
PF03806.16	-1.60711433554343	-1.76906852391229	-1.48388255089651	0.259213329959606	4.11509337179706	0.0524877089571217	0.472000001040299	0.712359364866318	1	0.69143722943723	0.982808734034676
PF00677.20	0.476231430235909	0.635615487283037	0.238412718426017	-0.299131758761599	3.70042893529422	-0.0674082204760241	0.456000001642348	0.687134332873699	1	0.748982683982684	0.999929377784031
PF04237.16	-1.31109822519548	-1.67173599226688	-0.95673923920144	0.622568587427704	3.82558176437736	0.139469669753962	0.424000002881386	0.624986171910195	0.999855300986071	0.590125541125541	0.965273913835425
PF03006.23	0.988379887258061	0.538394430325727	1.35346838906743	0.818923857740151	2.0395888009407	0.347865903930621	0.322666674179608	0.351978866761759	0.998993230106196	0.366943722943723	0.910940937645565
PF11276.11	-1.90426799372537	-2.16484984431366	-1.54650203328786	0.573776910938769	4.23805823527543	0.119227946701715	0.435709529399944	0.651216282745704	1	0.609285714285714	0.967046797683383
PF16153.8	-1.57769340595146	-1.73037880219559	-1.45771995422906	0.259561199274904	4.11370890326745	0.0445791936075466	0.477015323969872	0.727093315327701	1	0.690519480519481	0.980296430495038
PF00885.22	-1.54210126346976	-1.61180459272094	-1.49272164355523	0.0939769750493484	4.14318781784916	0.018047938504554	0.491672218829097	0.738892672158749	1	0.71682683982684	0.979856312417082
PF01253.25	-1.84284529171336	-1.72594351401269	-1.98231794237388	-0.287814511483628	4.27390286146319	-0.0573097735764595	0.464666667981876	0.709130880340483	1	0.752683982683983	0.993791663657606
PF14036.9	-1.87223066329833	-2.15406574648205	-1.57237793277292	0.59892210476784	4.2664556548614	0.126696733894867	0.434666669128451	0.639947897478578	0.99874415254317	0.608554112554113	0.97005754429661
PF06039.18	-1.89526753402848	-2.2188520510191	-1.50901050095596	0.714128251520392	4.22822471062863	0.15061211427215	0.42238507955727	0.640899234766488	0.99996009484926	0.601679653679654	0.961648742398984
PF03447.19	1.3193914412443	1.34144295948991	1.30456901122801	0.0689911194839494	2.98527179821362	0.0147957033282025	0.48733333380277	0.749401362083192	1	0.771242424242424	0.998148308480568
PF00742.22	1.31167471211549	1.36324559355906	1.27276333895266	-0.0146772756226126	2.94284686908665	-0.00298787038689632	0.497333333432102	0.737723443350116	1	0.790220779220779	0.996090153903412
PF10112.12	1.23816335311039	0.675417485602885	1.78356377518309	1.06267495684101	2.20677629600573	0.422724200576873	0.294470362245698	0.306246139979433	0.99907646017196	0.278649350649351	0.905033175953933
PF00032.20	-1.91455093502421	-1.75682521764907	-2.07880801679726	-0.205498460275151	4.1268939521055	-0.0426594995184256	0.480000000741928	0.711239465575726	1	0.725848484848485	0.989600811104281
PF02230.19	-1.83011434521511	-2.21608627869482	-1.47774635825463	0.616739474741827	4.07660845405788	0.139975716820136	0.429047304477111	0.620190911192259	0.999549262177901	0.587761904761905	0.957714784584798
PF07408.14	-1.91947505434884	-2.26488191354984	-1.53625486197336	0.795057755075153	4.07784341069605	0.164079727385153	0.413333336642635	0.631683121563741	0.998995471055989	0.586354978354978	0.964515146835794
PF14542.9	-1.83830126939809	-1.6813663581695	-1.9487949667485	-0.131079673759709	4.29542447130173	-0.0208425396990503	0.485676216386335	0.711413329833177	0.999959802093663	0.734489177489178	0.992217502831978
PF04264.16	-1.8038040721671	-1.71015846202842	-1.93632460487754	-0.193705880589788	4.36626060141303	-0.0362550807587316	0.479680213944031	0.719884288198434	0.99927727090223	0.742909090909091	0.990971641586549
PF01379.23	0.56359036712514	0.773726547565325	0.341838547676466	-0.475475279932563	2.57255742504465	-0.157005317995495	0.426382414508798	0.594044196496454	1	0.669242424242424	0.998297345822834
PF03900.18	-1.07190022509567	-0.693067939651566	-1.52197821025701	-0.720338983420317	3.88597062996616	-0.166670874696046	0.416666669841269	0.612737115883511	1	0.635099567099567	0.996710738113111
PF03963.17	4.22482327666709	3.93710780710497	4.34211000509913	0.398937943882898	1.19006208729728	0.314051439694669	0.35666667245062	0.441222672469347	1	0.444727272727273	0.993523109339434
PF13861.9	0.196477101076672	0.885460105504851	0.0395398014215127	-0.775260930881504	3.93648611886084	-0.154060159194358	0.42238507955727	0.765349236212907	1	0.704917748917749	0.999766161616162
PF12508.11	-1.56935966778937	-1.07777891258172	-2.04621047573943	-0.854815615887179	4.02753066369946	-0.190816853442253	0.402398404819022	0.585348481757407	0.999010600110996	0.593865800865801	0.995689404172302
PF10117.12	-1.85669317021742	-2.19441207807351	-1.47888486902502	0.706172864602615	4.32196060196862	0.139290668345303	0.418387744606937	0.631586941433424	0.999453587136531	0.58543722943723	0.964580795705642
PF03382.17	-0.146673700636606	0.758527553788745	-1.26516039484301	-1.66200867648731	3.85030626047277	-0.367798579278615	0.304463699411011	0.404316777348721	1	0.372636363636364	0.996438867721405
PF17883.4	0.393159553602446	4.1707079965105	-1.09005260597736	-4.14041428109374	5.75128913138662	-0.615072216396619	0.2613333447812	0.225919357559626	1	0.225290043290043	0.998913571621721
PF01935.20	-0.684099561148598	-0.638976207485494	-0.716758908656487	-0.0576436877101765	3.86998451628206	-0.0143800695811942	0.492338441322757	0.762886382310096	1	0.775125541125541	0.993081901147027
PF13542.9	-1.23089800506389	-0.229511680997834	-2.1251884561327	-1.81066164086694	4.26588188887414	-0.363530909157964	0.316455704048718	0.440837507684752	0.999801016019515	0.423852813852814	0.994069808195695
PF10396.12	0.0418841973493604	0.484418396430468	-0.605381143087784	-1.12248345257706	3.07362134384997	-0.297291413070273	0.331778821140233	0.40556277560617	0.999959802093663	0.44425974025974	0.994576043284914
PF12631.10	0.023923078873068	0.489404156287319	-0.65296520243786	-1.06567233819164	3.20395115959903	-0.279277571857234	0.342438380887421	0.425952359531577	0.999989604772106	0.460614718614719	0.995964107299647
PF02275.21	-0.608936081454519	-0.721126409311241	-0.474477883147974	0.216997932669819	3.4691033997283	0.0495847471890309	0.47035309903515	0.731583592681573	0.999061547729257	0.688658008658009	0.987013048599647
PF06629.15	-1.78925545711307	-1.58879880174294	-1.99606584899798	-0.282395341316907	4.17296042542546	-0.0583373952649518	0.467688209061577	0.715124325291613	0.999695690912723	0.740952380952381	0.989873354246469
PF03992.19	-1.04236001808431	-0.123669901531051	-2.15455331178955	-1.80723309758037	3.78126753776776	-0.40138588776599	0.288000009572812	0.360614598978829	0.999189331513419	0.353588744588745	0.987286124480297
PF01008.20	-1.21247354145966	-2.21962131987842	-0.12983930073954	2.05922111650522	4.16502377708969	0.423524139326531	0.283333343213252	0.364984539039281	0.995770903262497	0.283277056277056	0.867193458530447
PF07136.14	-0.286977065237478	-0.127899740622946	-0.445115838066115	-0.357657689655772	4.08428839366425	-0.0704893903244251	0.459027316648982	0.722281327477043	1	0.755476190476191	0.99836955299082
PF04536.17	1.21533921026547	1.32417361709785	1.11943886697368	-0.175681445850055	1.91181259253351	-0.0698327666467693	0.450666668511789	0.758289705557925	1	0.710519480519481	0.994572637683673
PF14253.9	-1.78943360521836	-1.63317945364194	-1.94526549842274	-0.182834223886483	4.08057792663938	-0.0426210514732532	0.477681546463399	0.71760878045946	1	0.731861471861472	0.992473110491075
PF01226.20	-1.09816740143619	-1.16144250366188	-1.01770641671855	0.115530338723238	3.68812973812822	0.0241532154009608	0.48301132641191	0.72251530281719	1	0.696493506493506	0.985183351657831
PF13612.9	-1.03542589939567	-1.05097729196817	-0.997204267888903	0.0807062765517959	3.89725609101117	0.0171646449487938	0.490339773841787	0.768410662908308	1	0.752294372294372	0.992172904333875
PF08028.14	-1.80232255255427	-2.1815257460402	-1.44792903409041	0.556383298174014	4.06518391272908	0.115442592178956	0.428666669363533	0.613134143311307	0.999682706082349	0.584926406926407	0.954462666368239
PF07510.14	-1.2910661942272	-1.08329293854077	-1.48894775723469	-0.361937388624379	4.04504182174313	-0.0738176232801651	0.457694871662661	0.703958300628733	1	0.716800865800866	0.99770758132959
PF14088.9	-0.551361788248339	-1.2159681683362	0.0780249228471082	1.34060907285639	3.81885454420087	0.280039348436415	0.343770825857455	0.474133785454599	0.999337371941319	0.40061038961039	0.946606190022963
PF01161.23	0.620482026547508	0.821716154583712	0.407961464196147	-0.391400010239716	2.82373418221265	-0.11180401311954	0.425716192016797	0.643122250231068	1	0.675411255411255	0.999068357039786
PF07722.16	1.2800867746977	1.56397428024742	1.10017630136721	-0.72080488946694	3.89078576980523	-0.157339692334289	0.411059297201336	0.718559898063404	1	0.674025974025974	1
PF03704.20	0.759525432954085	1.67155127037441	-0.6354029729069	-2.29609576682381	2.57634728142064	-0.796645527203497	0.154666691122907	0.0888031359189546	0.993219913344265	0.100329004329004	0.944351597016901
PF00931.25	-0.978719079395039	-0.958237948406172	-1.00086217954925	0.0778828931968487	3.94993252677496	0.0153741108661028	0.488341106360851	0.761815662073621	1	0.750082251082251	0.994282495355693
PF18655.4	-1.55835582024109	-1.57246041571735	-1.5334322756492	-0.0586410102247754	4.3051518148077	-0.0120907673177201	0.495333333506188	0.754964845328009	1	0.749004329004329	0.992416358520059
PF17936.4	-1.52528506698194	-1.5052748346975	-1.53663250671197	0.00506668033411017	4.36673958584094	0.00104292703007316	0.49966688875316	0.76049618354668	1	0.759562770562771	0.993103276195714
PF05616.16	-1.55649387722388	-1.50824360553912	-1.58375156944485	-0.185705091140965	4.40766478263708	-0.0330889696604068	0.478000000816395	0.755264148596368	1	0.783666666666667	0.9955026316689
PF05168.17	-1.06460722556355	-1.2694411327562	-0.846004441624576	0.253747785982939	4.02275406270647	0.0628364977564604	0.46502331908821	0.727191981554243	1	0.702636363636364	0.990560245223956
PF13534.9	2.23345158153399	1.73412247726964	2.68515965129053	0.880034786025774	2.57912667765641	0.270713742578602	0.313333341366566	0.534481143631214	1	0.28747619047619	0.951852876203683
PF04041.16	0.0936133520324374	-0.127647609441657	0.29840232680985	0.434825122369451	3.50227892103062	0.100360244056334	0.443704199310853	0.672805626580553	1	0.657688311688312	0.991043914774955
PF14293.9	-1.88218455256089	-2.26602033070931	-1.49061146295692	0.688268678335224	4.01487396022781	0.146782588697775	0.423333336241206	0.617997426345399	0.99978476484801	0.561848484848485	0.953630822666372
PF12696.10	-0.281596001232574	-0.586635480425226	0.00552243396862373	0.63940064568891	3.23358990178623	0.158535359737173	0.411059297201336	0.627568207721151	1	0.595515151515152	0.975613446008992
PF08842.13	-1.03917100593087	-0.969008427776539	-1.07727442527286	-0.0608741278540155	4.02866851859994	-0.011997153667066	0.494000000222254	0.751555970625176	1	0.758463203463204	0.992332556514211
PF13720.9	-0.0386818816700192	0.334584658584857	-0.411129492381142	-0.678796787526881	3.65297232314346	-0.159034694098514	0.413333336642635	0.647674894030146	1	0.634896103896104	0.99950592688289
PF11297.11	-1.58788860871785	-1.22940789591639	-2.00248448349753	-0.703689638483768	4.0498406291282	-0.143969235012742	0.42438374703289	0.653213169417167	1	0.674324675324675	0.997072584757854
PF11387.11	-1.32829166641723	-1.15286591037891	-1.52863779793907	-0.332732450016539	3.98136074013001	-0.0773125641837361	0.462358429115068	0.712645430939997	1	0.73721645021645	0.994344956816583
PF06245.14	1.87372963365725	2.00317415450915	1.78072951020216	-0.356962708807735	1.79421192786495	-0.179942273270863	0.417333336481106	0.592868994270944	1	0.64934632034632	0.999892316017316
PF05685.15	0.861065014033853	0.134499925464919	1.63893747044468	1.27191886064172	2.73718485995384	0.369317213598081	0.306666675085933	0.453944528954852	0.999784153428066	0.304965367965368	0.944289167833139
PF08341.14	-1.10814210819709	-1.68240451611242	-0.606065206235312	1.04904654869923	3.6788525275515	0.234811841087733	0.379333338078856	0.527276164987178	0.998060177997078	0.476056277056277	0.934718558180126
PF13727.9	1.84551663466017	1.78568120583103	1.89904408740979	0.295272366395809	2.04337364497295	0.122916431693239	0.446000002023603	0.628517538758317	1	0.648670995670996	0.994647979878259
PF17132.7	-1.583552823618	-1.62479027684453	-1.53381285529433	0.212080336294701	4.13801880645258	0.0450415427385198	0.475333334249142	0.715609258509406	1	0.691450216450217	0.983825349637399
PF08668.15	2.38856470266283	2.61266053449426	2.15876945337155	-0.587698043752212	1.42402642168154	-0.366270643948469	0.339333339969129	0.361288636595608	1	0.44912987012987	0.997951932134294
PF00805.25	-1.5902281045608	-1.16602771851131	-2.01838936010409	-0.777510496683353	4.12814364948322	-0.155944847967729	0.420000003040807	0.621761227120978	1	0.646779220779221	0.994649323142131
PF03160.17	3.81889549999792	3.96832754695023	3.52024848194376	-0.573263290014396	1.38378814768848	-0.370222590478043	0.339107268463884	0.332856923623376	1	0.422419913419913	1
PF12799.10	1.74586584555553	1.99070668500751	1.1534165728362	-0.666899773072007	4.43588622968303	-0.143547493335946	0.425049969524827	0.566227946944913	1	0.731502164502165	1
PF13855.9	0.493666468590326	1.75108536481825	-1.46547973133475	-2.82064244623007	4.00857697010802	-0.591596336217356	0.236509007497088	0.21026343032509	1	0.194502164502165	0.993752340282259
PF13308.9	0.0160891029756955	-1.00954108149597	1.14710316219919	1.91805913406728	3.67134195370127	0.467211025762121	0.249833456713348	0.322649862297509	0.997722586808557	0.205831168831169	0.865900734819238
PF02668.19	-1.83385207044304	-2.07954118736697	-1.53690247406776	0.57213092234961	4.07251359658125	0.107976462584467	0.441333335536504	0.642785622637038	0.9992146042899	0.601445887445887	0.965185318118039
PF05226.14	-1.86024123104233	-2.20054929387736	-1.46309994597065	0.718154154400672	4.22686979433019	0.144722658300045	0.428381081984987	0.654591750788561	0.99910606100847	0.599264069264069	0.960598113497587
PF02571.17	-0.325135078517234	-0.723839732760567	0.0178498354654506	0.650319472239852	3.11104793827727	0.165609778558875	0.408000003526811	0.584558720861748	0.999668056856426	0.549445887445888	0.962941006032207
PF12894.10	-1.35331909962617	-1.22853913958215	-1.47193366931017	-0.234867492795241	4.03361949718011	-0.0485905271729902	0.473333334323805	0.716691208810882	1	0.746675324675325	0.988937155353162
PF00962.25	0.413365896459009	0.859265893382103	-0.365661674818771	-1.21926559743833	3.00297871463217	-0.348913938960939	0.32644904127593	0.330862075568759	0.998984265653235	0.426103896103896	0.99539523996808
PF02452.20	0.850505819471896	1.32166622857864	-0.311285818926062	-1.60847589035397	3.09528358686781	-0.431891700601558	0.278481022852703	0.203110235989123	0.999989604772106	0.299878787878788	0.994005837818009
PF08239.14	5.06186651348315	4.38458352456449	5.67923342084111	1.62556806169067	1.53719099698134	1.03361731140843	0.11333336896157	0.0244704825249165	0.990633493695675	0.0218831168831169	0.501473724045662
PF00075.27	1.04614895056739	1.39422371220578	0.779634509380246	-0.614373099824494	2.7278164462101	-0.172377449075453	0.38800000436728	0.61434596218775	1	0.56991341991342	0.9998349731077
PF14516.9	0.594040455102857	0.777830426880821	0.430744798368288	-0.236427970789028	2.88678045169343	-0.0654423217497511	0.462358429115068	0.783545358003191	1	0.740809523809524	0.998829705182331
PF04285.15	-0.690153673921355	-0.0354575820438026	-1.40737586221059	-1.03521031533566	4.5109130875489	-0.201279116242393	0.399067292366211	0.602541310928663	1	0.639419913419913	1
PF01523.19	-0.730759926704652	0.0159134438874577	-1.555366946491	-1.40848944788537	3.7701273396741	-0.328911477937318	0.327781486241393	0.449938869922566	0.999343257151697	0.43821645021645	0.995429026156567
PF19290.2	0.334871814409771	1.07757134820418	-0.445105793295998	-1.38145897168993	3.3271430624321	-0.376444171763639	0.304666675204241	0.371231754724559	1	0.374004329004329	0.996641339517789
PF19289.2	0.811122493722994	1.57163906056008	-0.505353224482985	-1.99970914466191	2.67223048116482	-0.650761717811137	0.20053299528734	0.137747658762052	0.993049587645518	0.152948051948052	0.95866797665236
PF03321.16	-0.806070627842493	-1.51172025833748	-0.165528852907928	1.24616485267795	3.96639005585611	0.26914216167972	0.366000005347005	0.510238285249283	1	0.45521645021645	0.952780554727627
PF04025.15	-1.38360429058902	-2.23061113383278	-0.426861708773522	1.56080137470019	4.14159198135983	0.333236733629497	0.322451706382074	0.457722588152145	0.997526687075525	0.380502164502165	0.894925788836491
PF04012.15	-1.54839923544378	-1.59265634313732	-1.51059105017687	0.109245613158737	4.19776157811845	0.02452573199395	0.486666667160845	0.735806820803109	0.999760999020934	0.718428571428571	0.984621978609941
PF03601.17	1.12581021479148	0.109475751795872	1.99954601325341	1.98455796619964	2.29572526792436	0.776160178770013	0.145902757787694	0.0975993047969335	0.988293490712916	0.0715194805194805	0.606579358480414
PF00627.34	-0.46727348812941	0.454904053531862	-1.58101178280848	-1.85358688689737	3.3191491539916	-0.49109160174714	0.247834789324005	0.278935436589859	0.998955164325812	0.258809523809524	0.98090160711664
PF19238.2	0.243673798862797	-1.20519365521563	1.40136297187324	2.38615739501355	3.28581589632837	0.682871417052309	0.172551653452205	0.178661309413433	0.988010771880245	0.0880476190476191	0.680629286347137
PF04459.15	0.302012851478892	-1.1240943588374	1.4021134752624	2.36290671147597	2.9813344832665	0.700164134333536	0.174666687562761	0.151700463545435	0.994509044288069	0.0850865800865801	0.683964958880764
PF02789.20	-1.84650004445283	-1.71049277210569	-1.981797671662	-0.279979149981612	4.17073564180189	-0.0610720321543633	0.472000001040299	0.723638441795824	1	0.742385281385281	0.989810347739975
PF00883.24	-1.26238090422831	-1.750689297185	-0.795007363710359	0.822194551073789	4.00973082029077	0.170078885915042	0.406666670248255	0.586803564654005	0.999779878536537	0.545103896103896	0.960304101104956
PF14697.9	1.01881870081739	0.376850483907392	1.77259843346684	1.25827177290791	3.17763275082455	0.329043424011794	0.315123259087011	0.397394743351991	0.998689895801311	0.302186147186147	0.934113038646404
PF13509.9	1.41444504221138	0.801728459927489	2.17395195029296	1.32572807003694	2.18418372807736	0.447748110503292	0.243837454552399	0.380857727686145	0.998005067430204	0.173095238095238	0.853920448481493
PF17783.4	0.549867116546038	-0.0888209680182035	1.17173970013727	1.24115908403947	2.42225877515016	0.415976840389739	0.29713525215332	0.397596968330214	0.995424601399774	0.288822510822511	0.893356186709486
PF01991.21	2.11837367775439	2.18686419997524	2.05849310358728	-0.103162284494497	1.37212009941157	-0.064974749487218	0.464000001340281	0.720017410892924	1	0.751969696969697	0.996961068252038
PF01990.20	0.959478121266389	0.914836966920591	0.990842339915766	0.11374730549377	2.83230861035095	0.0351001589849071	0.477681546463399	0.79891694086368	1	0.733541125541126	0.998366499422381
PF09084.14	4.19861053204763	3.22949016961692	5.04854463927249	1.76456150298774	1.40318939758594	1.1349702899294	0.136575644753774	0.0313767160099892	0.987053559186321	0.0291904761904762	0.568442667355634
PF13354.9	-1.89666048606388	-1.76385496719802	-2.01256308267022	-0.202877296609105	4.34312003423778	-0.0395428539586453	0.477333334174568	0.711645996532482	0.999210788405884	0.748199134199134	0.990481835622886
PF02580.19	-1.3795371679806	-1.66183990292608	-1.09181803412642	0.482799426334336	3.94196268268157	0.103479879580924	0.445702866789121	0.640165992781699	1	0.618515151515152	0.977680176888541
PF00699.23	-1.44832348069429	-1.70288277991352	-1.22315012248728	0.437734108389764	4.2692595287504	0.0887222489212899	0.446369089281922	0.678378450984081	0.997775850454686	0.654337662337662	0.977746402295886
PF13370.9	-1.58735755172527	-1.10087471941943	-2.05572581465745	-0.790071303743551	4.02367297793491	-0.17188878128232	0.412391742183836	0.603461099855336	0.999956837808341	0.617558441558442	0.994526284025148
PF03418.17	-0.843744313898082	-0.67143200904695	-0.993215855227831	-0.29084869916257	3.86076793321261	-0.0568632605257201	0.468354431554951	0.686139039262075	0.999808255059477	0.728251082251082	0.997162161745691
PF07561.14	-0.252599301633235	-0.719669772316546	0.0277268610588326	0.446190974537686	3.99577597485213	0.09451052369123	0.450666668511789	0.671254558407656	1	0.669813852813853	0.992734576246863
PF13399.9	-1.38481189967785	-1.26426666938823	-1.59487324326081	-0.262152319237074	4.25286115590904	-0.0594732039033961	0.468000001190059	0.703635617736949	1	0.737744588744589	0.99481182401373
PF19864.2	0.982505112209927	0.686696862244511	1.15522472343655	0.328154679105007	2.97530758371657	0.088519486129645	0.443333335459407	0.655076103022307	1	0.65982683982684	0.994147782922755
PF02056.19	-0.336200999090737	0.787643405214876	-1.48015060585379	-1.90800338031807	4.08834151608444	-0.440289069967916	0.276482355435458	0.360441952349721	0.998949666000458	0.309614718614719	0.991809227732444
PF11975.11	-0.27027154057918	0.74293252461222	-1.43047781056539	-1.81605402060886	3.88521924693914	-0.428308880977152	0.269153908253317	0.359196655992234	1	0.310649350649351	0.993467212136182
PF12800.10	-0.2740465511425	-0.114216399893735	-0.406323373735591	-0.438973578619405	4.39374916478933	-0.0859788164062974	0.456666668283751	0.72653546063587	1	0.769982683982684	0.99967772347927
PF14286.9	-0.922306408785851	-2.21185393635384	0.118221930506388	2.23030355797218	3.5388656009064	0.509523011199117	0.250499679176972	0.281011013313635	0.992473721709243	0.213445887445887	0.811330669738893
PF06445.18	2.19427895311533	2.33685994980467	2.05754525680592	-0.365739102181285	1.57576879216329	-0.170429139410886	0.391333337557549	0.428195251561806	1	0.568883116883117	0.998111880062762
PF00079.23	-0.494708786426836	-0.703845418613453	-0.294916115370365	-0.244427621122354	4.47201337563177	-0.04395354735341	0.479680213944031	0.790052975262565	1	0.809385281385281	0.999717563878514
PF02514.19	-1.69934975044946	-2.27347064196471	-1.15396141410801	1.13949167383891	4.18527045160195	0.237527849283291	0.382000004628139	0.545586604547188	0.999661259185128	0.499484848484849	0.948117207357729
PF01936.21	-0.782007354232087	-1.6733111838449	0.186283111473648	1.64507430238739	3.90533792356183	0.372586375805864	0.307128589326967	0.395555455952386	0.999199523127604	0.312861471861472	0.896264556536026
PF12872.10	-0.503574938136613	-1.58378866570307	0.659186142764809	1.81958659333406	4.13430739023651	0.388727506518692	0.301798809497187	0.387881289635231	0.999621661100624	0.30387012987013	0.913390909474389
PF05651.16	-0.757023204503234	-0.112655593619031	-1.56190152774004	-1.29586086115449	3.70980422682224	-0.310342362679919	0.352431718170889	0.471184785513168	0.998935120899145	0.487502164502164	0.997496003496981
PF01343.21	1.34600096939716	1.20063093989919	1.47915939498715	-0.0770278726937992	3.12179612541899	-0.0182518813767141	0.489673551348137	0.762572918994865	1	0.832584415584416	1
PF11941.11	0.941872129000072	1.78294513856556	0.35893058275358	-1.56239263204141	3.17701818641377	-0.435857001773001	0.285809470062779	0.369249647553337	1	0.326155844155844	0.997450271144181
PF01661.24	0.357877252302344	-0.494941671091481	1.25176790577959	1.62226391350328	2.87768154639609	0.489395565540953	0.241333346414553	0.259195755228158	0.999182645146066	0.184233766233766	0.84254259681384
PF13384.9	-1.57806642159504	-1.6063777986114	-1.54098278498459	0.0998457072246373	4.0367556790197	0.0261788188458952	0.490339773841787	0.740407183613278	0.999694113720452	0.717073593073593	0.986483968214799
PF13189.9	2.71978500088957	2.56433382820179	2.94767431911899	0.40936501412926	1.11342740053984	0.315616738033024	0.362666672168125	0.52021685880065	0.99926702337126	0.465818181818182	0.949003101593968
PF13349.9	0.0214197798653455	0.949896972525182	-0.848007004074476	-1.5554170774304	3.69349790772935	-0.366126231088855	0.304000008577276	0.417530155758303	1	0.371831168831169	0.996439556082485
PF01206.20	-0.667951389997914	-0.386383097323315	-0.960458249160201	-0.637844607666611	3.74195524941392	-0.135465088064042	0.428381081984987	0.65111796236479	0.999741715395295	0.677995670995671	0.99661734673215
PF11997.11	-0.837523310856845	-1.05419953250458	-0.640358126611797	0.377089237005237	3.90527702248451	0.0784189089323972	0.453031314211091	0.697672448590961	1	0.677536796536797	0.987153883367113
PF17995.4	0.713379537361604	0.629439314575581	0.756639877699153	0.167282930877509	3.07962404798955	0.0489534733876513	0.47666666753275	0.69950042654173	1	0.755484848484849	0.999931904218515
PF18080.4	-1.89814748265836	-2.28864681329936	-1.46525520279802	0.774720812741793	4.28137971367455	0.154890753413721	0.417333336481106	0.628028983634601	1	0.577376623376623	0.960779123456485
PF12905.10	-1.90858557757757	-2.20393351422908	-1.50469048336545	0.683877176368963	4.07843164104565	0.13966295030567	0.425333336161842	0.635318646570842	0.99957421969746	0.596406926406926	0.963515146431664
PF17451.5	-1.87659488054863	-2.11171731930804	-1.56803889330865	0.622662362613006	4.21727831261123	0.127518173275102	0.438666668972974	0.658326003724357	0.998428487519839	0.611848484848485	0.964174522771934
PF17974.4	-1.88263403395683	-2.22330848237062	-1.50144855770214	0.628285343259765	4.26682570101425	0.129140872435964	0.433333335847159	0.632904713206457	1	0.590034632034632	0.970519341587615
PF06430.15	-1.88065316046557	-2.16800973933892	-1.5537526810796	0.634408273336786	4.19429180601834	0.129083910346923	0.431712194445903	0.644895618598717	0.999380611426056	0.609497835497836	0.961363204491318
PF02599.19	1.93674671295985	0.995111832881283	2.62393285035899	1.75139893668759	2.04584157152661	0.772341660751088	0.129333363812067	0.0822176183334821	0.991581262265387	0.0516709956709957	0.592540371209193
PF18563.4	-1.83406974945648	-1.60838504009227	-2.0877620716067	-0.374901908229825	4.20829206823861	-0.0771168290852348	0.460666668132528	0.68845053616281	1	0.714212121212121	0.995142447451257
PF00553.22	-1.81601840889956	-1.75407276585988	-1.90407873137182	-0.139423626483282	4.10669354439206	-0.0282660198663514	0.478000000816395	0.726287305897183	0.99948364258424	0.750748917748918	0.986235727595552
PF05991.14	1.31137104677294	0.858606184516053	1.60628150349141	0.886933682457347	2.45244905690393	0.311776759977469	0.338666673336384	0.321354865010105	1	0.369571428571429	0.962006531004223
PF00636.29	-1.35951975858632	-1.68292826379783	-0.981659543833618	0.70517047286662	4.11022207485972	0.158487906286086	0.42238507955727	0.64612569967188	1	0.583939393939394	0.976951046266837
PF02542.19	-0.99299650079178	-0.480693337354605	-1.57015739085631	-0.897067089175978	4.01874807662622	-0.191808601268907	0.39466667074908	0.573507061399133	1	0.589701298701299	0.999021556436255
PF14584.9	-0.523354725594887	-1.45607761209298	0.204821816043116	1.47346312608915	3.42475169924619	0.365302631379604	0.296469029676195	0.37945407301491	0.998159567500135	0.324164502164502	0.890667060512662
PF03417.19	-1.80976084847765	-1.69037359573713	-1.94271122140641	-0.110023457758034	4.03802818484231	-0.0248889265642535	0.4840000005932	0.710242650246938	0.998889792625458	0.725021645021645	0.988392844257536
PF12116.11	-1.22050391870731	-0.922158644182232	-1.50051391613767	-0.553354287172923	4.09012328109296	-0.122460993619701	0.440666668895584	0.670193976228384	1	0.691541125541126	0.996071600907958
PF02049.21	-0.803847963184216	-1.65917049672447	0.239731235725455	1.72541197584778	3.91432651945386	0.399613022213967	0.298666675566474	0.410709415627383	0.998617352480931	0.307142857142857	0.885411840066453
PF01514.20	3.57248231004403	3.23593255307141	3.83782192781508	0.644216918021458	1.08640271454418	0.530595345136551	0.214523666565433	0.152065318970983	0.998615739913363	0.158017316017316	0.768651832416999
PF08345.14	3.5467574006692	3.21590957624311	3.79274937724226	0.642016629855277	1.11777785367406	0.541161056609262	0.222666681502626	0.166147922076125	0.998313323286542	0.178108225108225	0.778974215570323
PF02108.19	2.58431348465963	1.79056387349927	3.27686396720621	1.48863546879447	1.34342415770536	1.05237933103107	0.103930752184326	0.0410091554805877	0.961951337873949	0.0326753246753247	0.491369056804171
PF02050.19	0.87224971937265	-0.687920815785152	1.59771511824503	2.22135630717198	3.03450551195417	0.67318795891034	0.18720854665671	0.11548711725488	0.998623378059756	0.103818181818182	0.734187189055699
PF02120.19	5.6414198920603	5.30560168672188	5.79320568048192	0.516612836097454	1.44804768174001	0.364878924490242	0.340000006601966	0.291261950471155	1	0.330212121212121	0.997492816344297
PF12611.11	3.27497895254217	3.47742251977119	3.14746034498679	-0.300548428125495	1.52859128710987	-0.200905996421864	0.413724187166488	0.60417070643077	1	0.664367965367965	1
PF20560.1	0.312920026586374	-1.00116230454046	1.22276855628945	1.99997786569068	3.50036096544657	0.49243804679111	0.245836121937002	0.266952379561538	0.999314743958912	0.198580086580087	0.857968257534249
PF13677.9	2.92914345175341	2.27470413740621	3.42313239336945	1.04124178853857	1.39472145563257	0.660952360806361	0.219333348510707	0.17524066352203	0.996433521786962	0.137948051948052	0.811409305344882
PF02154.18	3.05000029586566	2.6464491753801	3.29226072178472	0.509452361694131	1.29232003208835	0.37340858548382	0.350666672739211	0.410573235682085	1	0.392666666666667	0.964614311842695
PF04347.16	2.2781550414289	1.8976798372613	2.70325858363232	0.649667127482185	1.57069485262615	0.352596553392728	0.322666674179608	0.45823628138499	1	0.35752380952381	0.94810966592619
PF00813.23	2.0258916045497	1.90711424493207	2.12236735878263	0.0551940995912439	2.37935268074522	0.0138784377653963	0.489333333728575	0.742003731646354	1	0.74565367965368	0.998296229924505
PF01313.22	0.00334635502757674	-0.0335355505461745	0.0267356108446011	0.235649263602709	3.65586083104626	0.0502680741787903	0.466666667906746	0.692034105989662	1	0.709982683982684	0.994049522919173
PF03975.16	1.14622631829957	-0.15279333944255	1.79517889268885	1.86068025483773	2.64364597206922	0.607158178709223	0.205196552357659	0.143090485555207	0.998043996685962	0.129515151515152	0.783613728225859
PF02623.18	3.50676138284393	1.40142738494104	4.16268621946669	2.84908888638704	1.96188924763198	1.29174802072219	0.0406396825646335	0.0278244144758547	0.974403642681669	0.00369696969696965	0.223953729596169
PF05130.15	4.8720152002995	4.64833706615435	5.15192408530439	0.343663290192888	0.90749115634316	0.350955164930806	0.339107268463884	0.464272579489167	1	0.36995670995671	0.9817856184806
PF04316.16	3.06615676519458	2.87809899059969	3.30597091944296	0.360144074319948	1.25965130625767	0.239073243351464	0.385076620077449	0.653977626710197	1	0.485233766233766	0.979486106749061
PF01339.20	2.35557145710211	1.3039447270614	3.44375606967671	2.10914608577254	1.76341879402	1.10916407158404	0.0820000514155932	0.0470524919260445	0.970764295585501	0.014073593073593	0.394819091942468
PF07238.17	0.926494481038066	0.591696788107775	1.18985046718866	0.601335391365708	2.48899669569577	0.217039588910013	0.3777481726974	0.478757943233642	1	0.498757575757576	0.973508673699553
PF04166.15	-0.238214749588968	0.447096582982504	-1.13393926378534	-1.40147781563817	3.1544119661825	-0.383560670416048	0.296469029676195	0.367568912402484	0.999644481767658	0.355186147186147	0.994505744179542
PF19642.2	-0.410579994137474	-1.10895232923161	0.214114662365847	1.29468211797332	3.4391524680495	0.296802661044427	0.325333340701651	0.43930786021897	0.999416485038703	0.378852813852814	0.920345414398898
PF01625.24	-1.82182352282669	-1.4959875924351	-2.1265813104208	-0.532421126774993	4.3244581948931	-0.0976408776129572	0.447333335305835	0.686131091395107	1	0.702965367965368	0.996566368107669
PF11611.11	-1.58990640430719	-1.75795428148045	-1.45188236194001	0.134099142160254	4.18526103299637	0.0315804510562586	0.48500999389272	0.719564478862285	1	0.695233766233766	0.980759214799776
PF01985.24	-1.38261629723825	-1.81026863567781	-1.02961033657528	0.566655336670592	4.03867345711203	0.12470249210148	0.430666669284912	0.632133475491946	0.999307142864504	0.60308658008658	0.959193657202326
PF06107.14	-1.59178963661266	-1.63880447602	-1.53133380876512	0.0778806937263505	4.06011049972332	0.0159422952689871	0.49100599633544	0.734227167611294	1	0.716264069264069	0.988762636218777
PF12821.10	-1.33261232445309	-1.6239553167116	-1.00669012360838	0.56532885443219	3.89076406631737	0.122119581319889	0.434000002487791	0.631441903830435	0.999917047290801	0.601251082251082	0.9701654793516
PF06738.15	-0.0829577008473725	-0.172644400049128	0.0239044917093603	0.217951216559429	3.09792639774607	0.0588927553008675	0.464666667981876	0.706832512734751	1	0.676528138528139	0.98714324280153
PF03795.17	-0.394016686992332	-1.05741653146168	0.232182197873922	1.12228663549312	4.02800892738391	0.25788888698183	0.357333339085605	0.529023615637959	0.999223702364434	0.449307359307359	0.954605886859245
PF09419.13	-1.94200009969209	-1.76059771127754	-2.07146379584047	-0.321745899252113	4.27054035608674	-0.0630176094692547	0.464357096594903	0.708931543766096	1	0.737311688311688	0.993206540403482
PF02579.20	-0.941218592336754	-1.06017624756437	-0.829813165077195	0.144606221967649	4.15176335618449	0.0297696581677109	0.480000000741928	0.731558771412462	1	0.724471861471861	0.994346555777402
PF13311.9	-1.51905266549495	-1.47352420082461	-1.55677998391831	0.042865462360524	4.22884933374707	0.00810115330956024	0.495669553791098	0.771284794864881	0.999540441216061	0.759597402597403	0.995433935541651
PF09578.13	-1.55050826113343	-1.63276943326526	-1.45693809844543	0.235941434342508	4.16634544731977	0.0436599383090077	0.474666667607353	0.731770723484321	0.999455250664675	0.707554112554113	0.984243872155761
PF13682.9	3.65580900198071	3.42275293905073	3.78260734375865	0.299942095307621	0.947657235263583	0.285086324988702	0.365333338711092	0.441210189389798	0.998884352570722	0.460341991341991	0.969488858083882
PF08348.14	-0.831801148095276	-0.756331955738236	-0.918508751860121	-0.0896107115895752	3.64629639620283	-0.0234049499167694	0.4840000005932	0.73711295072953	1	0.777995670995671	0.991753906645821
PF13309.9	-0.787459061145986	-0.679187589862325	-0.859831260915579	-0.0988372658590091	3.64151722236528	-0.0195241218151317	0.488666667086636	0.76681354226546	1	0.761701298701299	0.996098385089773
PF10114.12	1.43756157160841	0.91450230524474	1.82962186185567	1.06927702625788	2.43403434363233	0.390450804178994	0.285333343080642	0.26099477563576	0.999224069081587	0.278038961038961	0.916145271745338
PF13515.9	-1.84889170795703	-1.71721409085412	-1.9901113990677	-0.310959924159616	4.26062260451103	-0.0655365095644553	0.467688209061577	0.72370946532927	1	0.743701298701299	0.987906257489567
PF02110.18	-1.46778487535194	-1.67083658911897	-1.29095827205759	0.287869847900409	4.02986975729969	0.0539812281359044	0.470000001115125	0.698392748999572	0.998107294399998	0.661636363636364	0.972125762262925
PF04294.16	2.50402201199076	2.50342037477468	2.50556342309179	0.0359389688740608	1.34296700419032	0.0206903242308411	0.48733333380277	0.761552672675151	1	0.765203463203463	0.995925430311089
PF12229.11	3.04550265328052	2.80608031442689	3.23300243887281	0.421873143945847	0.956934296175183	0.397773836849753	0.318000007770269	0.377811819266343	0.999300345139536	0.359285714285714	0.914881561244453
PF08486.13	0.457432252877648	0.9286739590783	-0.138010061361745	-0.905696894501882	2.96379351762185	-0.265700409297285	0.352000006007865	0.459653462687742	1	0.484857142857143	0.998472219677087
PF12700.10	1.12035779414589	0.64972307704193	1.47575696547082	0.787820978000108	3.50285892249661	0.191024008848692	0.370666671800271	0.494766344716582	1	0.466307359307359	0.983692363302411
PF20069.2	2.27576421047763	1.64295296938298	2.8670092803804	1.16681086032587	2.39155376866309	0.345617202131622	0.272000010661313	0.517789438519395	0.999559798058633	0.203792207792208	0.924720951953543
PF00420.27	-1.59709182264054	-1.08226945437836	-2.05851125459157	-0.88414164601844	4.21283585500465	-0.177926980802285	0.400399737347201	0.594152672555253	0.999644481767658	0.606900432900433	0.995678843491604
PF07451.14	-1.34621888036649	-2.14696972139154	-0.639675833533058	1.47109253460598	3.89739354215795	0.302395499762993	0.331333340382384	0.439191166558101	0.998981697435502	0.386735930735931	0.905429219442442
PF00800.21	0.516067582394484	0.00399386994557727	0.984900410570455	0.767790996881295	3.14239812297366	0.201461777691816	0.368000005255151	0.588837714544931	1	0.483813852813853	0.969744614261408
PF12643.10	-1.85292831627063	-2.17579327429379	-1.53115604095648	0.624105523937986	4.13881600252757	0.126399800455628	0.430379749461449	0.620031850495041	0.999587563904639	0.591354978354978	0.958029879046937
PF15919.8	1.38996959856785	0.906760071909825	1.77310191402883	0.853521476999755	1.7643879362798	0.441856376233583	0.296666675689746	0.326537808679667	0.996560846715939	0.302818181818182	0.888394753480061
PF14285.9	0.900182274158145	-0.623921814540763	1.97973487218339	2.72697902370689	2.48545033890944	1.00521884339478	0.0880000475329704	0.04477528870735	0.964314166028984	0.0253463203463203	0.414066679928183
PF20465.1	-1.84551334337636	-1.61025903661533	-2.02195283739427	-0.328956967590721	4.35231459761444	-0.0633256784330626	0.46369087410161	0.70315951087084	1	0.715350649350649	0.993604275669958
PF20473.1	-1.74774983288427	-1.63742508365095	-1.90791531228125	-0.19852655810779	4.16293575677108	-0.0444785766765441	0.472351766515455	0.712426673461234	1	0.732056277056277	0.988473604444842
PF20466.1	-1.87155760579345	-1.6512373936015	-2.16745584525593	-0.385508956288115	4.19300245703618	-0.0830889017560586	0.454363759197163	0.674443983513913	1	0.70112987012987	0.990684479087339
PF20467.1	-1.79194842763274	-1.55755325940359	-2.05230136735435	-0.347628508139012	4.35813532795212	-0.0676626490473438	0.462666668057134	0.687500081467365	1	0.716619047619048	0.991845438970439
PF12637.10	-1.17345667022978	-0.959086349426323	-1.47809801474831	-0.29256437204326	4.39267902265326	-0.0591899883911395	0.468000001190059	0.706980768682016	1	0.73878354978355	0.998220022843024
PF18975.3	0.230433226579177	0.357760398799151	0.0242424575494917	-0.243305649005238	3.31885516952402	-0.068875880251754	0.458666668208064	0.705547512445439	1	0.738770562770563	0.998264392973947
PF12724.10	0.784934502310111	0.820804817173997	0.741369144566477	-0.0587540236085191	2.8071612985616	-0.0151067387503644	0.49266666693833	0.753524685536458	1	0.805930735930736	0.999012174978055
PF09719.13	0.516247543804125	-0.759156832316579	1.67195629761289	2.37933802777442	3.23795806550686	0.637961515052172	0.190666685227631	0.18451243364218	0.996045672288676	0.0876060606060606	0.714007052938148
PF04246.15	-1.83432695897212	-1.60154601722503	-2.10976208478538	-0.402566649961264	4.18624108488766	-0.0739528171717412	0.459333334849536	0.683208477131576	0.999525121120516	0.712168831168831	0.994919580362364
PF13735.9	1.1431445352307	-0.0377738478509491	1.56796106501508	1.55670853430496	2.80822361526094	0.476283221969194	0.277814800380107	0.192978325898165	0.999917027787989	0.2404329004329	0.89200715486122
PF18912.3	-0.721298844079333	-1.70651483271918	0.160724481245304	1.81806857700558	3.82934208455091	0.419288682258259	0.285143247588287	0.344115809862878	0.999497116600409	0.281233766233766	0.87401496363046
PF05857.14	-1.0873025110244	-1.2235833866999	-0.955524742874083	0.31744521361128	3.91863064594597	0.0734710820454242	0.462358429115068	0.71479842128543	0.999919945941642	0.678627705627706	0.983416842874315
PF06961.16	-1.71454588588454	-2.30690142396279	-1.00377880418344	1.2194627796169	4.02327026174846	0.254749537025871	0.366666671982987	0.533089183056039	0.999582663302768	0.475658008658009	0.926170876563054
PF05504.14	-1.8593498020486	-2.17427662411923	-1.53913084301479	0.811439815026789	4.20468938058894	0.157781135172519	0.424666669521598	0.621502896988723	0.999256543822513	0.58721645021645	0.962116544488025
PF03323.16	-0.531982085297582	-1.19287035778716	0.00677479684758264	1.10719278783239	3.48935030991356	0.255550404528828	0.357095275576019	0.470602875197724	0.99945202121403	0.430831168831169	0.940845230741123
PF05135.16	-1.86791826254303	-1.65311779143784	-2.07961292462155	-0.345131237125055	4.2406017954994	-0.0702105754217673	0.459333334849536	0.692054400611576	1	0.717095238095238	0.989850163250612
PF14512.9	-1.50375542843017	-1.0580706756222	-1.94622458544592	-0.917196185372191	4.34832928844498	-0.181116255512895	0.403730849800456	0.600721174324672	0.998815072155939	0.618528138528138	0.99531983636546
PF02130.20	0.199137052217511	0.240114377144735	0.175296730096941	0.00136599420958827	2.87233939055922	0.000803771171592452	0.49966688875316	0.774695642363521	0.999888623129177	0.772541125541126	0.992332171898118
PF06898.14	-1.53001936284443	-2.15004236778742	-0.841811109299137	1.27908903564491	4.17005449724232	0.269132147637496	0.359333338991004	0.514587332196904	0.997303763692412	0.463926406926407	0.930106540526986
PF09579.13	0.179097343651798	-0.729300039190611	0.835152737707765	1.57283898067516	2.86664621872221	0.444315114247622	0.258666678319712	0.287986000754185	0.996524232813649	0.238757575757576	0.845226552759541
PF20155.2	-1.57244272295876	-1.64644162226454	-1.48673857357327	0.220199304217996	4.13163514377793	0.0457576743270082	0.476349101476354	0.743937317301196	0.999877583767466	0.711458874458874	0.985023097024361
PF05762.17	-0.644364280957808	-1.00950597234706	-0.377402083609602	0.477806087271355	3.83263873014177	0.0977846168575723	0.438666668972974	0.653531212628842	0.999802645860943	0.644904761904762	0.985464230342611
PF01906.20	0.792018087308322	0.121176294654977	1.7251300809287	1.41278865898411	2.61452824813848	0.471022455055997	0.267821463313649	0.400183661294825	0.996704055992962	0.23474025974026	0.87957605173599
PF12571.11	-1.58331928576387	-1.18673795375747	-1.96392691145198	-0.892901938783438	4.11471540327816	-0.179717478369722	0.405063294782061	0.605636568886226	0.99819365231491	0.637809523809524	0.997640832853085
PF01244.24	-0.46832590374236	-0.498204065836289	-0.450983513676819	0.0877611024087877	3.62808526983299	0.0147459967924874	0.490000000370519	0.771730822570563	1	0.751108225108225	0.996586502852048
PF05684.15	0.530468223989621	0.692558929297212	0.456913933467672	-0.0300601478929803	3.5263091445628	-0.00729479245512476	0.495669553791098	0.740165376788624	1	0.809320346320346	0.998995766315512
PF14070.9	0.542677970646503	-0.117204941712671	0.959968511229387	0.670422421198722	3.93317165085599	0.147268374017963	0.42238507955727	0.627447689014585	1	0.620930735930736	0.998817613888347
PF09346.13	0.34553773096828	1.1870728338792	-0.208657471433213	-1.30272299199935	3.50261927189695	-0.314175179088905	0.329780153690359	0.501928054088717	1	0.41391341991342	0.998870596210421
PF09548.13	-1.8367348658529	-2.17208108877677	-1.48460096433313	0.574808153151625	4.02688178679966	0.115888030166654	0.435043306907536	0.63398246801972	0.997195331969104	0.588731601731602	0.950019328488021
PF01885.19	-1.68034570385685	-2.29205336613292	-1.08703826930593	1.15323639660466	4.24380717106663	0.207669770305026	0.38840773252513	0.547794719932512	0.999786534413028	0.502268398268398	0.952163702573687
PF06177.14	-1.57922734489649	-1.84077146062569	-1.35038387640683	0.337336753097347	4.26573763360591	0.0680020367140266	0.462666668057134	0.695392037521305	0.999491907880512	0.665008658008658	0.984037038078042
PF09581.13	-1.88478442184166	-1.67193982049972	-2.08303969566601	-0.310035764031649	4.25002367701984	-0.0623410767868087	0.467021986568215	0.712277221478361	1	0.733476190476191	0.9898055123765
PF17866.4	-1.18371580115841	-0.979308860233406	-1.42406935834294	-0.558147786194494	4.35317924259564	-0.108770893971801	0.445702866789121	0.680105473854097	0.999820545852696	0.693242424242424	0.997071435126669
PF13228.9	0.365184231265272	-0.357318872946863	1.08590366557812	1.30270028146692	3.07729416037037	0.351481435455908	0.292000009315869	0.426619404432668	0.994467376032429	0.288779220779221	0.899994428434101
PF14277.9	-1.43006138519534	-0.905864206819276	-2.01976780886233	-0.942635323294089	4.15383920592638	-0.192249102678514	0.397333337303178	0.60706514772122	0.999688258267904	0.612402597402597	0.997309228464901
PF05195.19	0.23391609756193	0.318879996093639	0.176363757285374	-0.125488279967003	3.36084499945545	-0.0375483485019653	0.480346436437592	0.769606824147166	1	0.79761038961039	0.997525875920775
PF13530.9	0.476110286071211	0.904075620380047	-0.0715668199596546	-1.01292640810778	2.6970793696267	-0.336863695663123	0.32600000733243	0.334121566860421	1	0.414316017316017	0.995024692785215
PF02493.23	-0.503956249469941	-2.16305617204134	2.78487538513221	4.23343990520804	4.30333120331431	0.909659658056953	0.14656898015775	0.0961902768266991	0.969616199648293	0.0543160173160173	0.612962689804619
PF02567.19	-1.30268649879573	-1.00497608295599	-1.54525240709435	-0.507826598734172	3.95028005383915	-0.116320336008101	0.440666668895584	0.667117934288385	1	0.683549783549784	0.995053798929992
PF08006.14	0.368501149494222	0.631973128280603	0.0809899298255381	-0.477902061237973	2.60028518612817	-0.132761114785031	0.425716192016797	0.668231999791562	1	0.667056277056277	0.998411018517567
PF02390.20	0.668754959601304	0.686841961956241	0.654795987625844	-0.065545902496801	3.15094069886038	-0.0152014302768755	0.488666667086636	0.774636314333579	1	0.782575757575758	0.993857866129095
PF20250.1	3.4972176419632	2.7583355635188	3.9346742458918	1.13648482568634	1.18120483465213	0.903549863181922	0.154666691122907	0.0774358517432909	0.98899710580913	0.0663463203463203	0.656670919953523
PF03961.16	3.5105536828811	2.76949760230537	3.97372877845457	1.16004666533505	1.18251064095824	0.883983293209168	0.154563648694759	0.0710848332261558	0.992825715746365	0.0615151515151515	0.637026081253781
PF07523.15	0.248409250121918	1.01358285385518	-0.776990834074463	-1.75730195904626	2.87491842747948	-0.52788259563744	0.228666680910742	0.263080798861262	0.999631990456641	0.219272727272727	0.979811828190169
PF18947.3	1.63422992979125	2.31815657894025	0.87566295851038	-1.2831100734529	3.00483663895524	-0.364020914792715	0.303797476932353	0.325431507615297	1	0.352134199134199	0.999812912801484
PF17848.4	0.361765360953972	-0.0356562132960567	0.68513700161163	0.596306160137794	3.60703201042911	0.134712263903824	0.412000003363445	0.591784063793092	1	0.573753246753247	0.986610686100224
PF00484.22	-1.83829495650395	-2.17578625965367	-1.50503453800771	0.63394173254153	3.92824025826147	0.133783767788469	0.435043306907536	0.642322962246216	0.999576192353699	0.60687012987013	0.963211269924844
PF06912.14	-1.82784129680017	-1.70119608517481	-1.96156235993846	-0.321575334211801	4.22604929021446	-0.0733454916165503	0.467021986568215	0.709942936273661	1	0.735935064935065	0.992317642006763
PF01019.24	-0.314147058799181	-0.197469141107072	-0.413356982961088	-0.223210958780538	3.64154460023743	-0.0459830232843755	0.473017989008912	0.765868464732691	1	0.767861471861472	0.999275055043237
PF09186.14	-0.941062033007311	-1.69476869157546	-0.39684026070362	1.15496284648406	3.67479510687842	0.256914439506802	0.352431718170889	0.495007699544589	0.997404102745111	0.455900432900433	0.929289710578246
PF04070.15	-1.59328749008073	-1.63055007840228	-1.55000055021945	0.101344481449028	4.20351794124661	0.0181474157171952	0.489673551348137	0.740230385240626	1	0.711203463203463	0.98659230434522
PF02277.20	-0.478219414566669	-0.549754423559722	-0.435513048939866	0.190749820059257	3.73518749215634	0.044473336083142	0.471333334398563	0.738953200537053	1	0.730290043290043	0.992562485222407
PF05065.16	-1.05176448385054	-1.08060136413712	-1.03089101033462	0.154733772057519	3.78200105361392	0.0334150227981107	0.477681546463399	0.730037007959891	0.999949500040814	0.72287012987013	0.988804489713666
PF01844.26	-1.07408260582611	-1.13891536339331	-0.992038807005602	0.26217332610988	4.17580034343934	0.0502549836707935	0.473017989008912	0.729944584825764	1	0.697212121212121	0.983015425604808
PF03419.16	-1.24964829915402	-1.50383764864626	-1.04748206666178	0.301392829829547	4.0070851696832	0.0753218217988737	0.460000001491024	0.687658426013837	1	0.670965367965368	0.97550074183009
PF13490.9	-1.17795184304703	-1.4919101312648	-0.776248840892584	0.816768724267695	4.20167139979864	0.157623947151942	0.40866667016615	0.615152590841722	0.99972313247717	0.581272727272727	0.978418444881802
PF13711.9	-1.85509268097103	-2.17970834997435	-1.50433128677768	0.520257143356326	3.98620609849258	0.111933592249969	0.433044639430472	0.645713224829812	0.998951393447206	0.596662337662338	0.967972041623167
PF05534.15	-1.61116901213917	-1.73963771497798	-1.50386964230962	0.189981127789105	4.15831260072063	0.031919113087589	0.477681546463399	0.747642559934556	0.999672681518907	0.722766233766234	0.982010075333362
PF11188.11	-1.91364098019624	-2.17214616587918	-1.60617640519409	0.743588744538605	4.25326742552431	0.142135353563781	0.425333336161842	0.632339606945041	0.998511105300538	0.600528138528139	0.96994704110798
PF02681.17	-0.995031430777696	-0.966241692293972	-1.00831309909858	-0.0345507470001651	3.73782411893286	-0.00637304685748232	0.496666666790129	0.755807897581101	1	0.74138961038961	0.992046844845754
PF10727.12	-1.63573011361215	-1.1658021970292	-2.08715906870129	-0.77056534497634	4.05151220682003	-0.172379239662485	0.411059297201336	0.596140646983285	0.999185531843445	0.622658008658009	0.993073454453726
PF10728.12	-1.56694849853128	-1.13526762883977	-2.08266151748246	-0.897204345676208	4.14092927084912	-0.187757195145926	0.406395739763836	0.605149319746902	0.999481310692095	0.616354978354978	0.994206406016979
PF16822.8	-1.05230350079281	-1.61886280724742	-0.640692750006816	0.839790776943876	3.76319951149183	0.195369362016562	0.39800000394182	0.539945367152155	0.99845183392723	0.500948051948052	0.957909119258682
PF14689.9	-1.44819551346189	-2.16341391983498	-0.716698803842178	1.26416733425487	3.96564349041776	0.276154997756473	0.350433050712716	0.487576735446439	0.998313729428749	0.419658008658009	0.915371182347197
PF14501.9	3.84616802281108	3.86282578781294	3.83834953801715	-0.108373791426841	0.806270094869667	-0.116666761450521	0.445036644296342	0.651315595947435	1	0.719865800865801	0.999859876314162
PF13786.9	-0.277178458656432	-1.17127849811239	0.700173314094199	1.94649410200693	3.62906519778863	0.434534079921905	0.277814800380107	0.338702870715198	0.998925828231679	0.255961038961039	0.884936886734163
PF14268.9	-1.62036863766405	-1.76145174009631	-1.46481202301944	0.16587221907075	4.11550896298325	0.0350742337640676	0.477015323969872	0.723340471260422	1	0.70438961038961	0.983471700726603
PF12959.10	-1.66149033379002	-1.76041008463406	-1.56800295831491	0.0826958113304066	4.14048990544235	0.0166201329090899	0.489673551348137	0.725038792708066	1	0.705541125541126	0.983167377556766
PF12960.10	1.36113260013466	1.98217466687475	0.676627790242502	-1.14818048392131	3.07805051364934	-0.315694562846931	0.329780153690359	0.460780396954893	1	0.410952380952381	0.999496129246129
PF08757.14	1.7370695845777	1.1859441507908	2.12080769891547	0.772900399509769	2.41320627310501	0.261780692778679	0.331778821140233	0.472238803255943	1	0.383463203463204	0.965418747129982
PF13546.9	3.67961649585531	3.12083957673004	4.39353714250209	1.29154158221365	1.37340698573551	0.871326386352412	0.169886763817166	0.06487664765077	0.994629840615706	0.0603246753246753	0.681049522114056
PF20574.1	-1.30572116035405	-1.23039672848878	-1.36654327253097	-0.0453689777226218	4.04075724335605	-0.012047515074634	0.49466666686422	0.747662193464132	1	0.769038961038961	0.994508905185129
PF19552.2	-1.41161777354923	-1.19207371254286	-1.62422359745088	-0.253738266525277	4.01785784138274	-0.0519760593123728	0.471019321528573	0.710778384276453	1	0.730376623376623	0.989645401375635
PF19498.2	4.64765765028823	4.63753629535879	4.6612428186951	0.0146606765872299	0.862636219749541	0.0146441565086189	0.494000000222254	0.843337341980889	1	0.799722943722944	0.996599721285622
PF12995.10	3.11540695566937	3.13239751321952	3.08372599770474	-0.0371510062682638	1.70246922641247	-0.0172233555220993	0.488341106360851	0.752793053288086	1	0.835393939393939	0.99975269102796
PF18987.3	-1.61100417912559	-2.21558535520698	-1.00099606079108	1.16678704470373	4.13061722755629	0.243037104404313	0.369087280348433	0.531614344650618	0.999414130809995	0.475467532467533	0.929121254002687
PF14706.9	-0.670344362533169	-2.18987810405523	0.915158934184436	2.78927230178877	3.88713519741153	0.643960150164155	0.189207213936769	0.218191222538713	0.988021029088421	0.116688311688312	0.728837973517441
PF17922.4	-0.375462676660328	-0.630139104796307	-0.15405834110715	0.567639929309151	3.33875705632069	0.133101730777637	0.417333336481106	0.638853850763134	1	0.590705627705628	0.9802092050311
PF12652.10	0.409050825357809	0.732776019194741	0.0782729469429597	-0.442421591292631	3.62879564460757	-0.119308988770637	0.436666669050594	0.690768421897116	1	0.7174329004329	0.999904021064846
PF12773.10	0.457740915565425	0.584396093792801	0.363645065695188	-0.249866358448849	2.6084198515454	-0.0813992223792676	0.453697536704118	0.66145524518039	1	0.71	0.996032410656437
PF09509.13	-1.45675907594179	-1.60964253170306	-1.3061060600218	0.343739771920347	4.3670222040218	0.0736102245355811	0.461692206621819	0.721568595406636	1	0.693666666666667	0.986976605693726
PF14280.9	-1.2766536337337	-1.2968281160863	-1.25378117033777	0.0971935193408484	3.94731701245614	0.0190034465037002	0.489333333728575	0.767862859984825	1	0.74417316017316	0.982657495317965
PF12639.10	-1.88816781428173	-1.79079068397398	-1.97971525760267	-0.272558517946288	4.19627813871609	-0.060886193509797	0.47368421150238	0.720040912649887	1	0.744138528138528	0.989414191031217
PF04471.15	-0.191163586121281	-1.07425211853661	0.539948826524397	1.43673527273525	3.883898640363	0.329207384077724	0.332666673645881	0.44081141597393	1	0.377744588744589	0.955308566911936
PF01371.22	-0.224149437155166	-0.928329010428399	0.286032888302722	0.970378750216025	3.60774142361717	0.212943448424656	0.37708195020865	0.510161982503194	1	0.481636363636364	0.975157777820946
PF13701.9	-1.097244279366	-1.73101654108318	-0.465781120987955	1.10776567985092	4.08723447159516	0.238822698497218	0.380000004716091	0.546142931119592	0.999823599363103	0.481640692640693	0.962021187986252
PF01774.20	-1.78497794242844	-2.06399339894043	-1.48011516730924	0.638676957803152	4.15411072986504	0.123752778872258	0.423717524540984	0.634004933526772	0.998977805830849	0.606307359307359	0.959520945227065
PF04952.17	-1.29612740874717	-0.987906128745588	-1.55923043744463	-0.544629351106759	4.13255965429951	-0.115176931243716	0.442371754325456	0.673272319825883	1	0.692727272727273	0.998415603532287
PF01841.22	2.75375621458569	2.8570472589218	2.63849444512661	-0.177432639418663	1.18997769971434	-0.141751005982297	0.438666668972974	0.661058438124679	1	0.692164502164502	0.99747108549405
PF14403.9	-0.577138952777751	0.694120382949893	-2.01068139662163	-2.53533154550318	3.54190712365848	-0.612923359424104	0.201199217724494	0.181479838632677	0.994374685533105	0.168337662337662	0.971981900574644
PF06289.14	0.61848112415848	0.965456509340913	0.196393344138824	-0.658768549717125	3.2582370957078	-0.167882532738947	0.393071289954061	0.563566135445279	1	0.601121212121212	0.99838792259328
PF20379.1	-1.28034394706587	-1.43281154387467	-1.09942581277469	0.418065719417616	4.30420049482848	0.0850223517608803	0.454666668359595	0.69133954753277	1	0.652935064935065	0.98558232006261
PF03748.17	0.523274473115877	-1.13607130654531	1.58757048522598	2.68669161279891	2.7009116366085	0.911799920683175	0.114000035385422	0.0611451326503005	0.9817028752377	0.0423030303030303	0.511157472330344
PF18941.3	-0.396703534970903	-0.0528113112682211	-0.83222158298967	-0.71231441279301	3.14714543334284	-0.18307596828124	0.392000004195757	0.539388146501392	1	0.579212121212121	0.995530219147098
PF17989.4	-0.596055503597863	-1.04970942749818	-0.109071343176125	1.0069227331242	3.48275993438524	0.2295064671111	0.369753502836437	0.52132269203443	0.999790588423996	0.475848484848485	0.953494636881058
PF16226.8	0.535208108712046	1.10732900584424	-0.376567787548741	-1.44959402798241	2.57741454709516	-0.497796618961449	0.253164569033961	0.234258687967192	0.999037397672084	0.277645021645022	0.980718042721007
PF11372.11	-1.64849153850398	-1.17002853502378	-2.11904513617761	-0.717522282472868	4.12715981835092	-0.145889748545656	0.417055299623771	0.615646922565046	0.999051476253232	0.641497835497835	0.997851194136066
PF16242.8	-1.57947468061774	-1.69893819034932	-1.47813745757605	0.206647411027881	4.08560016364172	0.0401814367248116	0.475682878982846	0.730408626230682	1	0.703337662337662	0.986698521219435
PF11667.11	-1.85704924027873	-2.24977157965256	-1.40012022211094	0.884730353711086	4.28774559266833	0.172021118635353	0.411725519692567	0.593809836152362	0.999282519756403	0.547320346320346	0.957860762253145
PF13730.9	-1.8953210534578	-2.15256536116455	-1.56063033942713	0.655181689939473	4.20654077999954	0.131919032636165	0.436666669050594	0.651585532496276	0.999886051683899	0.609766233766234	0.960545372054479
PF13463.9	-1.23851682089725	-1.52261134689354	-0.991971126292208	0.533777617820726	3.72211342619713	0.1168515198092	0.435709529399944	0.631481990009368	1	0.610510822510823	0.971327981775505
PF07505.14	-1.109713705085	-0.730972697902044	-1.50828330337676	-0.56100980440519	3.9904024087326	-0.1371587812529	0.436666669050594	0.656265697862917	1	0.680541125541126	0.998841935142176
PF20323.1	-1.87052754111736	-1.70758164034572	-2.02584898117469	-0.232656850706918	4.13617784607306	-0.0497647520980863	0.473017989008912	0.714518220192001	0.999667068946693	0.736441558441558	0.993455701399833
PF13783.9	-1.18146892793564	-0.219097868488138	-2.08239847592611	-1.71332765519897	4.04829721809814	-0.370391381433401	0.310459701724815	0.417537234519154	0.997855291035848	0.400108225108225	0.992445167925202
PF12957.10	-1.85590347775903	-2.25247385104447	-1.47639140276566	0.575784638431941	4.08671002031204	0.121709443879077	0.432378416938174	0.639524265199227	0.997381131856485	0.605108225108225	0.958249848496206
PF09681.13	-1.41615428896191	-1.21304607417293	-1.59783460104051	-0.324233395725265	3.99591802934595	-0.0660598499071879	0.466666667906746	0.702370231086854	1	0.724359307359307	0.995021928077066
PF13683.9	0.154418094216336	0.588349454820821	-0.352454059833875	-1.06131153909196	2.53676313267413	-0.359197062499099	0.312666674737943	0.348654756124029	1	0.403861471861472	0.990219420828763
PF18676.4	0.0490965745915881	-0.56839578355297	0.474386543323095	0.936227341579078	3.2553267163383	0.233685583100573	0.352431718170889	0.521527958981399	0.999939413338182	0.460441558441558	0.95787499035314
PF09587.13	0.0218468850862781	0.244658498053219	-0.403027868473556	-0.286878721148838	4.12306423816166	-0.061058598352688	0.465689541581532	0.687640179225593	1	0.774108225108225	0.998943558485012
PF19776.2	-1.84336905441707	-1.62064761376823	-2.06548575333741	-0.24170772963022	4.15363365812565	-0.0558305602563723	0.474666667607353	0.700541098210533	1	0.72065367965368	0.993272071878508
PF19537.2	-1.63387684139048	-1.75946766561334	-1.49805402519658	0.196700123124757	4.04138193409099	0.0391894116281001	0.482000000667532	0.729316448232466	0.999956247682243	0.707601731601732	0.984384531362981
PF07441.14	-1.86910743833873	-2.18563086653822	-1.5296092635853	0.632826717716971	4.30487485622583	0.115412540006422	0.435333335769139	0.654063917319748	0.999353399317264	0.596272727272727	0.961898808535868
PF02036.20	0.226587708865646	-1.76802999209984	1.58609956955461	3.08485913757973	3.48981320203191	0.798785859848748	0.136666695179472	0.111487137760014	0.983961228106331	0.0506406926406926	0.597635776741424
PF03309.17	0.188851929451267	0.532211529185871	-0.125518306269373	-0.60109441847664	3.60181876672576	-0.140023329140949	0.415333336561705	0.662095284293363	1	0.667662337662338	0.999531367517163
PF12672.10	-1.90973522472781	-1.83957146900212	-1.98753818820738	-0.164482103660188	4.31485420744244	-0.0315989034553505	0.480346436437592	0.734325077136529	1	0.74874025974026	0.987812739888977
PF05119.15	-1.81820820254216	-2.13052626435153	-1.51282219516314	0.69019866420185	4.2003961306102	0.139690050143869	0.424000002881386	0.643481799186955	1	0.59591341991342	0.966347265382863
PF12686.10	-0.140291076350993	0.236171399749346	-0.618789346072131	-0.913657744616919	3.32522447086389	-0.224037628949714	0.381745507631124	0.494539978072514	1	0.545922077922078	0.997717403242117
PF18832.4	-1.82566404824603	-1.56340050628694	-2.03434930358722	-0.384787191478009	4.14667393771967	-0.0759804781694071	0.460359761635369	0.693943596183383	1	0.706194805194805	0.991267967296205
PF04277.16	2.99155208370327	2.58652081120632	3.3862892822455	0.740082382951701	1.22487168864736	0.554889284077267	0.269820130723452	0.223559472987665	0.998079496000695	0.208692640692641	0.856354690701076
PF09827.12	-1.87771002180448	-2.20488743046108	-1.50316898398143	0.70309669440656	4.33909542202184	0.138117827537757	0.417333336481106	0.640110921819607	0.998685365454097	0.600424242424242	0.958518669973217
PF08747.14	-1.13055058564204	-1.67342839916417	-0.638436380992069	0.902416045688341	3.60016913899555	0.215843064951996	0.391333337557549	0.530617345433289	0.999818066864249	0.497242424242424	0.947396348140608
PF15978.8	-1.86481463283742	-1.6792506199665	-2.02708329793105	-0.221914645328301	4.07579059004198	-0.0414818307489039	0.480666667383788	0.703168113231737	1	0.725727272727273	0.985105601415187
PF06527.14	-1.85394350606538	-1.6722883251408	-2.02311106991917	-0.305109956577829	4.17637612703256	-0.055530836651174	0.466355764074866	0.702354549146142	0.999602180433127	0.724852813852814	0.989541456141591
PF08722.14	-1.81779241978028	-2.16703551715498	-1.44424143045413	0.592223499198323	4.11239963059919	0.116716734172356	0.436000002409853	0.651257732129362	0.99951825183777	0.60504329004329	0.961361794060717
PF08721.14	-1.82858337243534	-2.07177594132908	-1.54449865459176	0.475391766435186	4.23303634986124	0.104386047069177	0.437041974384842	0.654525352866765	0.998499339763373	0.623251082251082	0.964688916404394
PF18657.4	3.97569528835856	4.48522696818505	2.93547721165203	-1.52469688702016	1.4721008738397	-0.897379232565853	0.175882765513751	0.0597042910857089	1	0.0747532467532468	0.989796261757887
PF14205.9	-1.43187954298187	-1.29788975419093	-1.60205771149444	-0.371132358402344	3.98159759186588	-0.070837017366143	0.464000001340281	0.715930003865218	1	0.735034632034632	0.994782492723189
PF08843.14	0.974075848242608	0.904697341138466	1.05468781293983	0.060235251315798	2.20540042105975	0.0217449702684044	0.486342438879956	0.776481983226605	0.999119848618936	0.718593073593074	0.991293017424266
PF13338.9	-0.26689764707374	-0.251003463488513	-0.298659983327114	-0.00223374509149288	3.68050515696938	-0.000449988711115878	0.49966688875316	0.786171133240839	1	0.773277056277056	0.997293454579455
PF18864.4	-1.61871225069076	-1.77227729175652	-1.47929771618041	0.203189182038289	4.06836220144757	0.0430280491484974	0.474350433995858	0.708110207817491	0.999723711335426	0.696177489177489	0.98144826756122
PF04365.16	1.35357300434172	0.741431006280823	1.67550088590135	0.994396346094639	3.48322524182237	0.26563203658971	0.342000006501016	0.406946183756207	1	0.399073593073593	0.975621635234576
PF13788.9	-1.57304721425079	-1.75704820443482	-1.38835809739301	0.428701681522399	4.21782710864582	0.0844368191935884	0.457694871662661	0.69962919058328	0.999850003672859	0.663987012987013	0.982275884454482
PF02592.18	1.60241339955896	1.28814701046351	1.94839205784213	0.655639252580826	1.8592518015768	0.279680828911554	0.334443711074774	0.398567589148853	0.999791827060737	0.394255411255411	0.937392551028443
PF06508.16	0.866311464390249	0.131818745906934	1.65026366961796	1.57758877494122	2.10300033222193	0.683037864194875	0.202666683703834	0.155378125192915	0.988388974353393	0.136952380952381	0.725161463226063
PF06397.15	-1.84460540290682	-1.74444325175031	-1.94911689584234	-0.294857736909904	4.16090626831538	-0.060011426895366	0.466666667906746	0.720610301093573	1	0.740904761904762	0.993042915044313
PF01880.21	0.0822710135129014	0.831537890770258	-0.863914896541827	-1.61069275176642	3.11635243414671	-0.442482163004005	0.276666676999855	0.331458690415933	0.999751457219405	0.319463203463203	0.98849365019034
PF12676.10	-1.83780624672931	-1.62014850539934	-2.03132364065048	-0.235614762815641	4.28019106662615	-0.048218309321735	0.467021986568215	0.70660900489876	0.998682490072236	0.732965367965368	0.994107177247368
PF06182.14	-1.35006386306171	-1.1213918868492	-1.58152723974045	-0.335108283184939	4.10071564478012	-0.0690896279726017	0.458361094155813	0.701164721453444	1	0.738064935064935	0.995007433362156
PF08845.13	-1.57762074969018	-1.71196827135951	-1.43983977262902	0.260218711308234	4.0292404792155	0.0523472396079337	0.465689541581532	0.711599596374925	1	0.681190476190476	0.982325982262283
PF14282.9	0.923658847911592	0.687223472296659	1.10049674689247	0.432955022224744	2.65459836888541	0.12520255508775	0.412391742183836	0.56592747575751	1	0.578320346320346	0.981859594895093
PF02659.18	-1.76144400046454	-1.6009549069636	-1.94631531736546	-0.428773174500284	4.44312850365235	-0.0842603097966274	0.451032646732127	0.681990351139832	0.999514006746353	0.704255411255411	0.995533052278922
PF20016.2	-1.90476496489718	-1.67249759893437	-2.14452851887744	-0.281337018116312	4.18326557878582	-0.0584133448783853	0.467021986568215	0.6899282397088	1	0.723536796536797	0.992294753870552
PF14393.9	-0.773920368761503	-0.494886454611704	-1.10991203621544	-0.445764896135766	3.57579373599833	-0.107310702928125	0.439040641862385	0.647559217031081	1	0.672792207792208	0.996536921059449
PF09455.13	-1.83094557504449	-2.24898769945628	-1.43249842380395	0.753673899171334	4.04149723928112	0.147481029481921	0.423051302049111	0.607830221304584	0.998855868655272	0.579467532467532	0.952331678835662
PF14907.9	2.50216450940827	2.60586604497744	2.42779889379808	-0.0739886592954786	1.67366252274978	-0.0283839169602866	0.479333334100075	0.656444857597922	1	0.806670995670996	0.997785896591196
PF16935.8	0.102414458354619	-0.156803385746403	0.348378427686294	0.43273580471323	3.03125067697572	0.113518662762735	0.434666669128451	0.661791421472005	1	0.606238095238095	0.974299315975045
PF20042.2	-0.263439331350147	-0.838867146777573	0.131828928821928	0.683279761538962	4.19698576530741	0.140136872921934	0.433044639430472	0.655724331931447	1	0.627965367965368	0.989082116769007
PF07081.14	-0.351537668813127	-0.975275487427596	0.0261527911575525	0.934474748388173	3.46948265526711	0.227442619253819	0.372418392789095	0.516187819214462	1	0.503051948051948	0.963037031834022
PF20599.1	-1.83615963946137	-1.61513718942547	-2.00850005505038	-0.25641152841819	4.2804096611787	-0.0563408963350814	0.471685544022008	0.708943443933638	0.998826271483304	0.725	0.989414137825067
PF01699.27	-0.192486330517751	-0.633988159754631	0.144516431563486	0.736291971800478	4.13605883393731	0.159243395172905	0.412391742183836	0.635301774031914	1	0.594735930735931	0.990635289858215
PF04854.17	0.885011395019477	0.570516153800896	1.19171225429998	0.684525708961277	2.37614434416839	0.265358061483245	0.368000005255151	0.474161678882433	0.999866707530938	0.476675324675325	0.961471066868211
PF07007.15	-0.30982921892067	-0.193733642387603	-0.423970098971494	-0.33453982605231	3.96809601844213	-0.0734118772721942	0.458361094155813	0.715906926276828	1	0.747640692640693	0.999808213083213
PF01637.21	-0.866371135822217	-1.63348700303927	-0.253056745322186	1.34060911542148	3.54042516182247	0.336388060089076	0.330000007119284	0.411642776669833	0.999052075268165	0.366874458874459	0.915304329408923
PF03008.17	-0.423049183770646	-1.63917973971374	0.472414140271844	2.19744372445515	3.35313491391808	0.567267721239112	0.234510340124545	0.227731464698916	0.987685542501178	0.183025974025974	0.783748306245204
PF10127.12	-0.327901938218493	0.0578010330099863	-0.611763055944531	-0.803925267104868	4.23955357447312	-0.162867183444977	0.414390409657871	0.657194700340122	1	0.640714285714286	0.999327984149889
PF15738.8	0.346210753709336	0.0203713231559233	0.647289688343873	0.680210804728397	2.83818648801236	0.203104988934492	0.383744175098753	0.565428376851803	0.999032016584872	0.515549783549784	0.962577293286257
PF18813.4	-0.173235280655701	-1.10116513035578	0.466802180206155	1.39073188461045	3.71763742001227	0.322420548991423	0.331333340382384	0.426265083493024	0.999715576151334	0.367675324675325	0.939055849694026
PF02830.21	-0.795216546106028	-0.60701437747539	-1.01688979084841	-0.345860828625486	3.85199872324022	-0.068199362007702	0.454363759197163	0.703066346242405	1	0.727562770562771	0.99687832395546
PF14317.9	-0.732363496155236	-1.04037309802349	-0.4721993873797	0.636492401588318	3.87159434557568	0.12938145950637	0.426382414508798	0.645144342444781	1	0.631987012987013	0.990453916051662
PF01996.19	-0.442434842469428	-1.16587019928117	0.26548521063693	1.60887818424956	3.56087537701986	0.395543371806455	0.315123259087011	0.36435323009344	0.99799365864133	0.319545454545455	0.903824184373703
PF06889.14	0.797154929299015	-0.513120229499597	1.6705940617208	1.9982619939343	2.87175403381708	0.638351962823324	0.18200001977782	0.188926711456713	0.990018595236978	0.105012987012987	0.705387032429562
PF06463.16	-1.64218026270037	-1.70393546409014	-1.53509768687013	0.304591390541002	4.25720973040387	0.0603603612174219	0.464357096594903	0.707852582573003	0.999932959778649	0.683515151515152	0.981460840822942
PF07944.15	-0.380567421260808	-0.323999368136555	-0.462578048294906	-0.128407239056275	3.49567604131042	-0.0265913327225826	0.484666667235102	0.699064651129318	1	0.775705627705628	0.995351618405031
PF13568.9	0.223936418232984	1.00404965588355	-0.61907493441898	-1.44710502341614	2.94888145564329	-0.393002670271892	0.287141915012254	0.375321222632413	1	0.314666666666667	0.994382784480094
PF12675.10	-0.266673839320183	-1.15903172050224	0.38265457953164	1.57946144413371	3.09928952754345	0.437196771608686	0.268000010950104	0.287345278232032	0.995845647237044	0.260337662337662	0.83385849449665
PF19570.2	-1.57181737334601	-1.59839208310727	-1.54171515104811	0.202460291631099	4.16634387582218	0.0424797178680294	0.474000000965574	0.720981910371754	0.999879112923772	0.695714285714286	0.986716711260659
PF05960.14	-0.505344984018834	-0.50297456672376	-0.509030652863155	0.000242132246961013	3.38352086107822	-5.82908280254568e-05	0.5	0.737066573538586	1	0.757307359307359	0.991331855715962
PF06224.15	-1.81738517178725	-1.64948040785049	-1.96239665101547	-0.346121962342155	4.16244770671	-0.0720072249047364	0.459693539142167	0.702679398956745	0.999749815681267	0.720549783549784	0.993459893751828
PF02348.22	0.493742971765887	-0.232678151012708	1.05209644888357	1.21301003434156	3.35181343926253	0.307860516189917	0.328000007225393	0.395867997131925	1	0.350411255411255	0.9414941646892
PF01564.20	-0.846383885008533	-1.60992166963726	-0.00526191554196931	1.44559702555894	3.87550581040479	0.321790972310894	0.334443711074774	0.441535905308984	0.999664303401409	0.365614718614719	0.918186973853047
PF17874.4	-0.384056237937716	-0.299911155466053	-0.499641249446963	-0.169643284824281	3.90467267718088	-0.03777359939553	0.479013991450479	0.760799639696482	1	0.782792207792208	0.997857508312653
PF01972.19	-1.57483786241721	-0.99487010181264	-2.14359373227345	-1.29395723106054	4.4129320981557	-0.255709977373706	0.372666671709787	0.559079184244555	0.99998160326032	0.566670995670996	0.994807169426655
PF08481.13	-0.923414471850069	0.480693274776067	-2.01050925542356	-2.50608985304917	4.21792360690845	-0.513567624907155	0.256000011861867	0.283023018395712	1	0.256380952380952	0.987608999105474
PF03453.20	-0.536927032314733	-0.250281722449911	-0.757698987619529	-0.382502745437729	4.15919492362885	-0.0755690634116035	0.449033979253343	0.698893063174893	1	0.740619047619048	0.999180751319402
PF03454.18	-0.503365310774264	-0.246761288556797	-0.780364266021172	-0.408535951165755	4.05613690291086	-0.0823422278718492	0.451333335153042	0.704175014290076	1	0.724051948051948	0.998688636224927
PF08713.14	-1.34606258303477	-1.17752416266546	-1.55716977661604	-0.204174916207355	4.29606887273387	-0.0412037290150733	0.477681546463399	0.71816995752	1	0.757883116883117	0.993148940658711
PF17932.4	-1.52457573580792	-1.58378004991305	-1.4598980302538	0.194985761481648	4.15759984486986	0.0367003127711942	0.480000000741928	0.724391272712739	1	0.700757575757576	0.986729944886902
PF09661.13	-0.789712406455497	-1.1785546858156	-0.461616340040364	0.745441978076884	3.56787831869573	0.175462960525217	0.414666669921978	0.595910860401585	1	0.56495670995671	0.967065358665404
PF03412.18	-0.799137701363462	-0.280364799828765	-1.47146576052122	-1.02339905575886	3.65460732718459	-0.240928515660116	0.363757500446794	0.52444353451093	1	0.540264069264069	0.996337543538764
PF18096.4	-1.10563073427708	-1.15815348513812	-1.05575071801917	0.221074594077458	3.98701522020074	0.0445808976424855	0.471685544022008	0.744924410162998	1	0.708225108225108	0.98719893022689
PF01963.20	-1.78960880181136	-1.65127459798997	-1.91299399581635	-0.322635705563676	4.16193207476612	-0.0640597339030918	0.464000001340281	0.693823253760467	1	0.726727272727273	0.989051250169378
PF13780.9	-1.91801201157294	-1.66089888730395	-2.13109573861435	-0.314944784464441	4.32605271139127	-0.0650931192475312	0.467021986568215	0.699543033428095	1	0.722108225108225	0.989127004861494
PF00059.24	-1.85391481861556	-1.70627794261776	-2.047436028596	-0.215353416244719	4.29303436009886	-0.0447242840432259	0.478000000816395	0.709398023170864	0.999873312639924	0.725575757575758	0.992791541460708
PF16881.8	-1.64493025347242	-2.22065690552988	-0.92774371326143	1.08859125407736	4.19452944089739	0.230944690651705	0.369087280348433	0.524722384551567	0.997560979051715	0.471233766233766	0.9433003011062
PF09326.14	-1.8832144377832	-1.74710989879852	-2.05034537949228	-0.216128805285465	4.25020883083146	-0.0456767555068245	0.470000001115125	0.70506078088018	1	0.719848484848485	0.991829947487436
PF09976.12	-1.82430307765729	-1.67075826614331	-1.97055671270027	-0.37676777199024	4.22466158565801	-0.0662350331541087	0.464000001340281	0.734562188079793	1	0.738796536796537	0.993869959752536
PF18989.3	1.03536744352527	0.350297724874358	1.87043446592028	1.26285091461328	3.32657456737615	0.322618661678814	0.298467697108004	0.505611942339463	0.999408519786967	0.292978354978355	0.932788979170683
PF13231.9	0.174707491735933	-1.1312101987991	1.33447920385065	2.3746240721812	3.10685341535048	0.684920468677338	0.17921387759398	0.153229323353503	0.987731961031598	0.0934502164502165	0.67771945005024
PF03646.18	3.98476811146683	3.49562993447761	4.52449750485454	0.901688290355703	1.09294222741153	0.755555562681823	0.227333347706512	0.141451741951159	0.998545731485248	0.126194805194805	0.840687093358548
PF07581.15	-0.576373820815482	-0.0386548168722047	-0.925706035857515	-0.761263292456638	3.81572005572908	-0.16702166464139	0.409060629727881	0.633919102211439	0.999685813745143	0.615787878787879	0.999038918597742
PF19510.2	-0.955412572975096	-2.24743448451799	0.00725404907269667	2.06961677181176	3.54532460330033	0.546327212326833	0.246502344399073	0.278608411613173	0.993048424098722	0.213484848484848	0.804931798082382
PF04724.16	-1.14074449615846	-1.68301438328146	-0.582969033366086	1.07701433489508	4.07612114360882	0.218310641670844	0.373084615277418	0.566516757726776	0.999820642928451	0.497987012987013	0.941587883841882
PF05523.14	-1.58346425646457	-1.10583029989547	-2.05453601069532	-0.800431560416767	4.07369882351658	-0.164591552280007	0.412391742183836	0.60260540161395	0.999733051167631	0.620471861471862	0.996596019553411
PF08759.14	-1.51217217917093	-1.69118768656546	-1.29010188917353	0.3753683428843	4.18875562475334	0.0685428742648429	0.459027316648982	0.699908100939549	1	0.652982683982684	0.977585032737781
PF14264.9	-1.64269649748328	-1.80938250146803	-1.47499659682634	0.21484523113184	4.15195243087466	0.0399030260048556	0.478666667458231	0.721342793697626	0.999942095367389	0.697766233766234	0.987789695952011
PF09359.13	0.0627983342476872	-0.868021763653794	1.26603863621256	2.08514622465069	3.82033752063603	0.485455791590676	0.249167234249977	0.301787172060797	0.997811964096851	0.20248051948052	0.856148973556602
PF16316.8	-0.680168932609371	-2.12800465446305	0.478933619872599	2.50291797385655	3.34961495728403	0.676868920204674	0.192000018382905	0.168978182207438	0.989887976638109	0.124809523809524	0.699634386525966
PF04794.15	-0.791601103672458	-2.11339325180416	0.212260965211574	2.38487161339021	3.45881035645425	0.629260885528811	0.216666682124016	0.199694704406706	0.989859460647412	0.165787878787879	0.749668249371517
PF19554.2	-1.09419869070163	-1.69806796954791	-0.583758602127275	0.982263680380681	3.70075867078586	0.234353097479521	0.379333338078856	0.533251462371356	0.999208634993115	0.488961038961039	0.95221253051487
PF13526.9	0.806419952939188	-1.46563328990345	2.00323934090473	3.21252919399771	3.43323217593958	0.842555542505831	0.126582309712805	0.0918281093472028	0.985102292365924	0.0389480519480519	0.548172998782086
PF07745.16	-0.897217714033654	-0.689278216329062	-1.05282932043612	-0.296477917428104	4.06490613211115	-0.0601089396200574	0.465689541581532	0.742207916982724	1	0.736900432900433	0.998132282229364
PF11738.11	0.175067996247464	0.145522959145328	0.195351423944605	-0.0468093037205177	4.26130004168514	-0.00959513102524185	0.493333333580291	0.806162228451601	1	0.806670995670996	0.998899843309151
PF06161.14	-0.410142443257757	-0.703513501544382	-0.202286329358227	0.566262125712734	3.60053778288968	0.12969479084906	0.422000002960946	0.650654529549857	1	0.613978354978355	0.985245205163972
PF20462.1	-0.921857481003132	-1.09136426086962	-0.783960946101034	0.30031828227947	4.33599709574002	0.0628162818176839	0.466666667906746	0.741034283129852	1	0.717822510822511	0.993201769541877
PF03588.17	-1.79523541770825	-2.26736953650525	-1.36788876155303	0.75479321522905	4.1653575491605	0.169342495711571	0.411725519692567	0.589110306970891	0.998193121807822	0.562532467532468	0.947373865289831
PF02617.20	-1.8209660582115	-1.69292074891193	-1.95852338879934	-0.146179344368728	4.22035499758475	-0.0307650611325436	0.481678881424736	0.733916633910987	1	0.745181818181818	0.990989010631182
PF07592.14	1.91835870381029	2.63382286072963	0.826217894248834	-1.77319982272547	2.53942867876278	-0.639457364877149	0.221852113499596	0.145936683878067	1	0.153930735930736	0.993653832459181
PF12669.10	-1.64073962929553	-1.81539005457477	-1.45574235110233	0.478412374226456	4.1490589095731	0.0933470661375464	0.453697536704118	0.684456828599335	1	0.666896103896104	0.976013415068861
PF04434.20	0.140364900983271	0.371171138034711	-0.0905983421360048	-0.425685130620072	3.6583431126764	-0.100073165890207	0.444666668741459	0.691544012913401	1	0.72	0.999407995151454
PF13566.9	-1.82343703591859	-1.64265954818729	-1.99150459119891	-0.28749264868117	4.20164029726815	-0.0614948310918597	0.47035309903515	0.712301763852891	1	0.729155844155844	0.98901239468806
PF06452.14	0.909207036807955	-0.383714294662313	1.89744405109614	2.51569157400638	3.30407645118999	0.645355017527016	0.201199217724494	0.174475226781269	0.995252920903653	0.106181818181818	0.74108130803746
PF18988.3	-1.74347245141363	-2.25850785528972	-1.17240575917349	1.16401744069825	4.30503450831565	0.250310935244275	0.381333337990732	0.578063378803308	0.999252171363949	0.512051948051948	0.948362606256693
PF15979.8	-0.848090132658113	-1.63343632248828	-0.107033390144093	1.50530422656294	3.95367703877833	0.316490573611546	0.320453038936609	0.440462709977062	0.999307076396785	0.384268398268398	0.912005250171265
PF17829.4	-0.855815444556665	-1.69116739926002	-0.0973172162492881	1.61567145730555	3.98827976050752	0.334570119422142	0.334666673541859	0.437581563066632	0.999201881814164	0.368333333333333	0.921326609683732
PF13366.9	0.0830475018771706	0.0521058385365105	0.128975261424316	0.027241210786908	3.22990376616604	0.00583980649501002	0.497001998778448	0.778331307550878	1	0.752636363636364	0.994169022564621
PF08849.14	-1.40002959550688	-1.71565474776642	-1.05533048173688	0.604282370031849	4.21447361664769	0.126534255315553	0.438000002332155	0.63097950598999	1	0.59012987012987	0.970982962695276
PF13592.9	-1.12874082078781	-1.1869701964824	-1.0573944407063	0.238423253104952	3.82375129775852	0.0500790855870092	0.467688209061577	0.720097771485428	1	0.691073593073593	0.976116370707432
PF20442.1	0.175062594786213	0.587163094436638	-0.257375413641308	-0.897904701721142	3.06274521021611	-0.231066990974723	0.36175883298481	0.507811375132731	1	0.50791341991342	0.998022973918761
PF13337.9	0.3072097701373	0.855919783417426	-0.211375000330554	-1.03280344526588	3.04027461045795	-0.281128795125092	0.328666673856588	0.487267361368591	1	0.442121212121212	0.994449537093605
PF13182.9	0.16250874656609	0.125321816048099	0.197208141826439	0.00435159488614101	2.7541827664691	0.00112307255129822	0.49966688875316	0.772991038128499	1	0.722852813852814	0.987128908208437
PF05017.17	-1.05875885294638	-1.72232804448931	-0.18670604967345	1.37602266283979	4.62686180300515	0.254887105900404	0.366666671982987	0.548634870850081	1	0.478	0.967648709781201
PF20251.1	-0.454035384109441	-0.164105603306205	-0.767512431062988	-0.588901218750244	3.4057278674362	-0.135925802676501	0.42066666968082	0.597368268812496	1	0.628212121212121	0.99726052818093
PF10923.11	-0.891444394617714	-1.53706789356676	-0.193678107165733	1.30190873710336	3.84369547781585	0.29853715406623	0.339333339969129	0.486202416721169	0.9992503228302	0.424281385281385	0.928587868272305
PF05686.15	-1.61492328572466	-1.68614344961598	-1.56829284085425	0.120292456711788	4.26015558295399	0.0303367492850883	0.4840000005932	0.734983573899231	0.99984927981054	0.696688311688312	0.981292048456121
PF09860.12	-1.34837972216697	-1.25927023166638	-1.4294042891736	0.0110771577496891	4.34198663816558	0.0017106835467423	0.49866666671605	0.773328833112317	1	0.765251082251082	0.99556004031496
PF02445.19	0.0397859680285819	1.06205058693798	-1.07690870899481	-1.96269324821899	3.08475845048804	-0.563247787742458	0.223184558401627	0.244213842207461	0.99611226236929	0.203090909090909	0.979213541453614
PF02829.17	-0.854033357689311	-0.274108530066684	-1.66354601971597	-1.14998969582132	3.8404990050226	-0.250570750091319	0.375333338256687	0.511443023106	0.999521827560129	0.546008658008658	0.994649974772712
PF09234.13	-1.72442255922192	-2.03300421132312	-1.41391054600343	0.53533981520038	4.03438842319426	0.118776414611647	0.430000002644423	0.646934857735095	0.998527757250644	0.593177489177489	0.963372304717137
PF09515.13	-1.81393367963399	-2.11799195646963	-1.48415420861493	0.553465802150884	4.11566320780504	0.118470287163109	0.441039309340154	0.633591570969146	0.999916459186389	0.603294372294372	0.955853984598445
PF03706.16	-1.3656665154663	-1.23411238917014	-1.51776396427786	-0.204875505603984	3.93637631483766	-0.0422227288284505	0.478666667458231	0.727476056846044	1	0.757138528138528	0.993532060528765
PF16927.8	-0.0863983013828715	-0.624340732180974	0.431314570410412	1.03028157821648	3.30492634882631	0.27628528695118	0.342666673134211	0.495021058892332	0.999700222503548	0.426099567099567	0.944116232759396
PF16472.8	-1.89293564399727	-2.14554805759108	-1.59377916548342	0.694187092537885	4.28491301379793	0.137180936558735	0.425049969524827	0.65437667801493	1	0.611502164502165	0.973500321107309
PF08367.14	2.39375796623539	1.83062923066747	2.88108962442729	1.08166300738391	1.5060382711794	0.668978142935192	0.217333348720104	0.134799484711351	0.995919433393661	0.134437229437229	0.786478046004124
PF18907.3	-0.815052296007956	-0.689003663409013	-0.997585579538455	-0.0870036711387048	3.80401673584057	-0.0214902256618517	0.488666667086636	0.738435564413706	1	0.784969696969697	0.993135523117204
PF09986.12	1.64863559545424	-0.73004922343002	2.43840276305353	3.08587782163848	2.94211218241796	0.943442581879559	0.105333372110753	0.0459222210095385	0.990368411677519	0.0281212121212121	0.469650417618836
PF12725.10	-0.404096350761366	-1.58634952689591	0.544560954933234	1.86987484242845	3.77874054245984	0.438455120072174	0.27333334389995	0.323804943281755	0.999011096684227	0.258701298701299	0.888672387534978
PF19275.2	-1.89672275345471	-1.58967959936412	-2.14198764808975	-0.564687144305603	4.39685201608883	-0.113414975011247	0.446369089281922	0.66790518219524	1	0.696419913419913	0.995694456998987
PF10021.12	-1.26343588569355	-1.72918323174314	-0.822436908486759	0.924543088704164	4.11407158130435	0.195292996463065	0.397333337303178	0.581258163279305	0.999696164665037	0.53208658008658	0.963782955225377
PF14478.9	-1.0623051478908	-1.64974221720271	-0.54990158585118	1.04313075583515	3.74733331971134	0.231460700746939	0.370666671800271	0.530081490261541	0.999148555033394	0.49143722943723	0.956207266181336
PF16990.8	-1.60998186566698	-1.71678251020004	-1.5206630477921	0.181553683043661	4.22731933560671	0.0382323820287864	0.48101265893116	0.7096880481259	0.999949580373766	0.690415584415584	0.981633526129521
PF02677.17	-0.483580796171568	-0.602620925354264	-0.386659044191256	0.221782716010467	3.61470381382726	0.0492117137631164	0.465689541581532	0.702939829347534	0.999924329141968	0.669900432900433	0.985075710937903
PF13023.9	-0.0493785165579217	0.231431419086586	-0.398990235084078	-0.552041260161858	3.38452477935576	-0.139266945676644	0.42105263457369	0.646244049219955	1	0.649904761904762	0.998092287846808
PF08719.14	-1.34137453901911	-1.64566587859886	-1.03190835936945	0.532354629688633	4.14051338841462	0.105048589379569	0.439333335613819	0.644721650086568	1	0.612004329004329	0.974304188623055
PF10047.12	-1.32692577090133	-0.645817492986414	-2.09163618529577	-1.33045766659637	3.93642490660553	-0.286199518205893	0.349333339470879	0.496995241345764	1	0.492095238095238	0.993967416758098
PF20195.1	-1.79530272783841	-2.13058362296957	-1.41919876046271	0.721067344313683	4.1439104555197	0.143506152810855	0.414000003282288	0.61324700894236	0.998549793015408	0.561073593073593	0.952220294996269
PF19601.2	-0.133888233291424	-1.23423932663084	0.832039979647601	1.92775300026103	3.18994313120056	0.558086872726115	0.226000014503648	0.242001387432203	0.994365306654748	0.167922077922078	0.784758158126596
PF03799.18	-0.971894768178647	-0.878783630849008	-1.05613588453608	-0.230914593931736	4.00651752189805	-0.0597332297480937	0.471019321528573	0.76872654684216	1	0.776688311688312	0.99760016814425
PF20335.1	-1.85535827562245	-2.19878774139745	-1.51417189250781	0.789331619174985	4.12134619168903	0.161581827452553	0.414390409657871	0.619820550931595	1	0.583688311688312	0.963962241179331
PF17117.8	-1.84875790144285	-2.24279778223345	-1.4625314935286	0.725377957562219	4.34400894841194	0.15839583768049	0.424666669521598	0.633298812515638	0.999644405433701	0.584519480519481	0.958528377245657
PF13739.9	-1.35071689091291	-1.1819410541392	-1.55008025563449	-0.323335947271877	3.95892669792881	-0.0644088280799321	0.462666668057134	0.689639532196208	1	0.719787878787879	0.99288754450737
PF16661.8	-1.81116978168	-2.23621962850486	-1.40719388656788	0.735533242962785	4.24801863369419	0.152913221064688	0.407333336887512	0.609907015367878	0.998728112765506	0.569307359307359	0.952316322135918
PF19306.2	-1.88794706515641	-1.72404186023665	-2.06289413895316	-0.341932228993276	4.27728507244369	-0.0693601066767497	0.46369087410161	0.702626008345092	0.998048876241739	0.724666666666667	0.991314649741035
PF08494.14	-1.76651260049261	-1.55030852993552	-2.00126507007109	-0.333792776980969	4.14834837995423	-0.0676430119034204	0.464000001340281	0.699846930009929	1	0.720411255411255	0.988380252928449
PF01693.19	-1.16886408538333	-0.85672024504309	-1.47814968885697	-0.720679353723006	4.17225128280898	-0.143190594707195	0.419720189590245	0.657170219805044	0.999260356796538	0.665471861471861	0.997215887672468
PF12997.10	-0.902854639954154	-1.06323734644033	-0.780751124992667	-0.112989010262972	4.10279311012643	-0.0294441975109844	0.485333333877011	0.757533972901405	1	0.759025974025974	0.995629627599345
PF01899.19	-1.83174444598419	-1.59927692613875	-2.0427130512195	-0.387291004966555	4.07468673225535	-0.0769503451976598	0.463024651608331	0.700220825785743	1	0.719298701298701	0.991611953961169
PF19753.2	4.61625629871931	2.32454296497725	5.51345107232476	3.19545158966254	2.40729331330269	1.33992444343764	0.0106670959500989	0.0276283503449513	0.98566628697133	0.000900432900432859	0.101295795377704
PF10704.12	-1.44314882607986	-1.67287502788659	-1.18595289856711	0.390337231837012	4.03892093080691	0.0837484484748058	0.454666668359595	0.684311244576787	0.999796795298072	0.641965367965368	0.971930352277541
PF09365.13	-0.922723120723868	-1.49318136579801	-0.424112253400535	0.907697669236017	4.15046636695562	0.194132541302792	0.404666670330733	0.576556740301953	1	0.535134199134199	0.971870049700505
PF18560.4	-1.59699912369901	-1.16156669029078	-1.96050016802824	-0.729118386664108	4.20687077603827	-0.163221530764872	0.416000003201469	0.625813639255031	1	0.643813852813853	0.997026256081181
PF18555.4	-1.43055742841629	-2.19113983892733	-0.658020718133532	1.294816290059	4.09965541643914	0.280987847245263	0.350433050712716	0.488984652726453	0.996339706425844	0.426883116883117	0.915552403662079
PF07090.14	-1.82986638556842	-2.12437313701319	-1.5063955754662	0.771650078148259	4.17297892792202	0.14982455916467	0.416389077132241	0.632628341535062	0.998608907133433	0.586844155844156	0.96138146463904
PF11208.11	1.29098946363197	0.781912193024637	1.76237397212931	0.959296926926364	1.95550914596017	0.414670632044192	0.280666676725781	0.302218263856285	0.996520685080937	0.269017316017316	0.870375684838847
PF18928.3	-1.9052140196635	-1.7321339359776	-2.05737716373849	-0.240374710465733	4.26190570706339	-0.0487539603782751	0.475682878982846	0.701106805562763	0.999261880905711	0.720645021645022	0.993656641187545
PF10026.12	-1.15158557228059	-1.24087154452143	-1.08075346782315	0.245321378209495	4.10425284959498	0.0490369239417369	0.471333334398563	0.731292449491059	1	0.704683982683983	0.988164735464112
PF13567.9	-0.875513837587951	-0.729034757001983	-1.05873760576668	-0.319087394234624	3.49561380084484	-0.0822542171070184	0.456666668283751	0.708371662214237	1	0.732116883116883	0.994790485935823
PF14094.9	-1.31370041680321	-1.01770281722632	-1.58101246643658	-0.450775240515041	3.93311011602615	-0.0988299567540789	0.451032646732127	0.682725555490727	0.999699752710854	0.685844155844156	0.99359243895102
PF03885.16	-1.45126588211933	-2.22220331301863	-0.680755838472874	1.39699872664516	3.93516972230525	0.309867938734755	0.337108601010849	0.480724199343272	0.996554440905919	0.41712987012987	0.912715320496648
PF06968.16	2.50581387276458	2.25558564074019	2.86282764558715	0.730246119926274	2.1036177610193	0.261012795913654	0.334000006909769	0.393795315076048	1	0.371025974025974	0.964983254244208
PF14107.9	-1.82665434927682	-1.73993581874798	-1.90084387993259	-0.183943658230266	4.25049775056327	-0.035467083219976	0.48434377139911	0.719731559583341	1	0.749887445887446	0.993092184775006
PF09553.13	-1.63324000589178	-2.11567676260121	-1.09190131829972	1.03781303861771	4.21904600676708	0.214349353463562	0.384666671178323	0.559252510184756	0.998872797041101	0.51221645021645	0.945453820276178
PF01969.20	-1.41268283597726	-1.49190483242602	-1.36031219811504	0.0165161438849397	4.25807225136987	0.00280297420326562	0.49866666671605	0.757026045480436	0.999763540188339	0.740909090909091	0.988910966236301
PF19845.2	-0.87484268313241	-1.60060536584359	-0.231893472016081	1.21297492230853	3.66604354117152	0.272847461003407	0.349766828226818	0.481488754169189	0.998257516262214	0.419515151515152	0.935179044947242
PF19694.2	-0.138843687774632	-0.66783795465808	0.276885698955869	0.896219451281067	3.18827461251155	0.224989732105839	0.381333337990732	0.52189227866914	0.999660524421661	0.481580086580087	0.959545458820171
PF20037.2	-1.0723234432842	-1.81146075239788	-0.384096284749006	1.25921638628871	4.0090704140934	0.292655458340211	0.345103270827835	0.495991981410571	0.998441539863226	0.433493506493507	0.950643515375096
PF04074.15	1.33959680926442	1.58557549884357	1.12803424700514	-0.328455256626014	1.9671162001959	-0.129351455707942	0.425049969524827	0.79695641479347	1	0.665264069264069	0.998934620220875
PF19610.2	0.382087071623285	-1.45924703073068	1.38961024740299	2.74788966018067	3.33966402219023	0.723838429126653	0.196666684444123	0.105054782001431	0.995932502352017	0.0953419913419914	0.752222980651064
PF09704.13	-1.08024078598067	-1.76873034281136	-0.549393686185314	1.0626177488366	3.94704350542766	0.235238855188874	0.376000004893566	0.513532345565747	0.99967571919108	0.478640692640693	0.94661978352124
PF05107.15	-0.578015804402654	-0.726618429640497	-0.438413505152114	0.461427338078314	3.7480235783201	0.101015948563576	0.440666668895584	0.684127639468526	0.999355807387715	0.665281385281385	0.983141659976059
PF03714.17	-1.36501587758154	-1.69541704656808	-1.00297802674027	0.815866034411464	4.03723410492724	0.156610646809849	0.415722854640748	0.628873613390191	0.999633968269929	0.584809523809524	0.971985816354757
PF10040.12	-1.79054636832325	-1.65838149543618	-1.94999408384428	-0.171763479368665	4.07873034871921	-0.0384312857497941	0.48101265893116	0.716034398396754	0.999778028983733	0.74887012987013	0.988944281876883
PF12945.10	-1.14354299586957	-2.13445029339587	-0.0340349078408071	2.02228474343891	3.99298681557458	0.45164713315225	0.283333343213252	0.350819172301054	0.991759909118049	0.283138528138528	0.857435825114504
PF13750.9	-1.84434341008888	-1.73244761231508	-1.9772315441421	-0.166249112142281	4.19712457951044	-0.0383070820510269	0.479333334100075	0.727756339513756	0.999667068946693	0.738017316017316	0.993880583834974
PF13203.9	-1.63578343060994	-2.18635304411315	-1.09070463741878	0.969415073561615	3.93578196803219	0.216996295810808	0.378414395186208	0.54733106723757	0.998945762959618	0.514575757575758	0.935372684962149
PF09967.12	-1.51809282122767	-2.21682372195285	-0.794979501965953	1.36380166689977	4.00501589845558	0.292500316159013	0.352000006007865	0.502600025225303	0.998448976862005	0.437779220779221	0.923062735215025
PF09527.13	0.49167253332487	-0.284117753283738	1.01904586418714	1.37823955376615	2.55147649607176	0.459070750870685	0.258494348759483	0.219641648636999	0.998811731741219	0.227038961038961	0.835012151831712
PF10020.12	-1.91228466338068	-2.33483211364805	-1.47188913952249	0.769595947622526	4.21969939925965	0.158304961397931	0.411725519692567	0.607303345447331	0.998950813350561	0.555077922077922	0.95799011663851
PF07486.15	1.88829770233606	0.926925739680983	3.06276750962583	1.93801365996499	2.18090873131457	0.804727257022349	0.187874769082787	0.114017772666782	0.995471738198154	0.0898831168831169	0.744531306551272
PF19909.2	-1.82407306308484	-2.17699037379624	-1.45901952698241	0.78048327649016	4.18956162628549	0.157246461751678	0.419053967098574	0.62742594548063	0.999919562207372	0.570688311688312	0.966694631044069
PF17753.4	-0.612233271782563	-0.719269471258946	-0.469813913556395	0.344873620890636	3.98817686285357	0.068767822800361	0.457028649169526	0.758105301958529	1	0.709943722943723	0.98967703000789
PF01051.24	0.512185986489698	-0.315457355652645	1.13143556162534	1.4343052638499	2.36584989512874	0.551437331589439	0.243837454552399	0.217259272815552	0.996045745438417	0.199887445887446	0.795457010144404
PF11007.11	-0.441967363712508	-1.23095001664707	0.197361876150175	1.34866885188511	3.48356254663548	0.335717864247035	0.32844770872428	0.438010216723925	0.99941745114269	0.382437229437229	0.926124494207827
PF15595.9	-1.75292906056068	-2.16589604431894	-1.26439545859886	0.933972680506522	4.25756260567686	0.189667396447127	0.398401069875784	0.588083700089735	0.998696403069794	0.54017316017316	0.955956511420152
PF13240.9	1.37449624821566	1.39905391427759	1.33160249435978	-0.0502352980684053	1.9288955240231	-0.0235662135417748	0.488341106360851	0.691830492913989	1	0.798090909090909	0.995049693423544
PF12746.10	-0.857496735860037	-1.06133233805993	-0.65411237247927	0.557574007676292	4.15159543933369	0.113988884824188	0.443037976818143	0.681606880254306	1	0.645168831168831	0.983232269570244
PF20582.1	0.259020572569838	0.894982904639594	-0.562354512448356	-1.33347634812093	3.33510336771902	-0.354424239644855	0.301333342070768	0.374073322977774	1	0.385554112554113	0.994472905504811
PF05209.16	-1.58762933806799	-2.13245292287248	-1.03329820702553	1.05198670761791	3.92499847952946	0.236266414269902	0.381745507631124	0.528342295685297	0.996081140199201	0.491709956709957	0.936501123335794
PF03775.19	-0.262783528426769	0.372424591353385	-1.00815510402305	-1.33997398790918	3.05024850173481	-0.382175185726216	0.296469029676195	0.384961451175773	0.999855783426457	0.385458874458874	0.99043890070787
PF12840.10	-0.758173617990047	-1.13826655589941	-0.31474680465404	0.778837099450552	3.83008362249705	0.170112465158955	0.402666670413595	0.625202672622516	1	0.546168831168831	0.980331401569139
PF03848.17	-1.80735165826568	-2.23262368729154	-1.46031769073685	0.734677397163043	4.1013939109728	0.146705668796417	0.414666669921978	0.620489094520511	0.999888839599104	0.576974025974026	0.94807348832587
PF13026.9	-0.273075156793674	-0.380857611644066	-0.0792925479546911	0.257687855383608	3.44006268943196	0.0714416246472812	0.46369087410161	0.756374357145396	0.999989751474642	0.691329004329004	0.977425765917133
PF18977.3	-1.59420445106076	-2.13336650825744	-1.02413925095694	1.049622942502	3.8332714456232	0.240777588167249	0.3777481726974	0.540430276327406	0.997211108575183	0.503220779220779	0.931186377948157
PF20047.2	-1.78626717887054	-1.54878428077041	-1.99256182643996	-0.300674934268037	4.09632568189695	-0.0651740334804513	0.467021986568215	0.706685562895169	0.999982986946402	0.716242424242424	0.995896463047232
PF16146.8	-1.85876526197898	-2.1775069314882	-1.52226202056445	0.64408016319044	4.20435157467068	0.137911187143712	0.433710861922799	0.645361618586421	0.998849050610994	0.600324675324675	0.955078806090071
PF13690.9	2.32296358804302	1.93182729623141	2.54121221535487	0.741258713294653	2.65635230233735	0.241332983619011	0.338666673336384	0.297942333192377	1	0.38365367965368	0.967199547853987
PF00475.21	0.0571134482896936	0.759483719931583	-0.998491896371637	-1.5678272293024	3.27484727208563	-0.427163879261511	0.27981346779843	0.329220685194609	0.999860443792089	0.313281385281385	0.987275498885703
PF02410.18	-0.460104148447619	-0.60791183399291	-0.3277751933338	0.21140715912114	3.79320061184734	0.0474703566919443	0.469686876541738	0.748537575163039	1	0.716294372294372	0.992452901255857
PF20317.1	-1.87031356168237	-1.67472497618609	-2.05623572010097	-0.288656337484594	4.2539981919496	-0.0534992498154229	0.46502331908821	0.703281498061168	1	0.729549783549784	0.99545481597673
PF14103.9	-1.83479764372988	-2.23782125516848	-1.46089123991833	0.751966182108844	4.24295343529852	0.147423320374329	0.411059297201336	0.635852536393112	0.998795470779186	0.583601731601732	0.964632569623202
PF08889.14	-0.989043618710713	-1.17374205939919	-0.828323392465661	0.348673046615612	3.91641957369997	0.0697791170648746	0.457333334925171	0.689473329102877	1	0.669012987012987	0.980949462248999
PF13685.9	-0.988695482857072	-0.695643757284906	-1.36604906693298	-0.654462987287387	3.74248968657571	-0.145845077401302	0.42238507955727	0.61907590577746	1	0.657709956709957	0.998664582813328
PF19677.2	-1.04290679917972	-1.607148617017	-0.506751679973525	1.01327178980951	3.9002618701233	0.212744626128714	0.385742842566878	0.550926948627967	0.99983893697052	0.504930735930736	0.96289040523739
PF08020.14	-1.07308298206419	-1.65707287787426	-0.573239889474512	0.928039888921138	3.6809386905733	0.223748361233487	0.384000004540694	0.521833169885533	0.99901192616128	0.496818181818182	0.936720670892838
PF13578.9	-1.76798253605886	-2.10071225532786	-1.36571382648282	0.710865478296654	4.27847297067418	0.136439016619997	0.430000002644423	0.63587334128084	0.999709342974207	0.581878787878788	0.973222507244028
PF18982.3	-1.11644054450506	-1.6724731358544	-0.664075790134151	0.976898292250254	3.72754119025513	0.224409615354785	0.384666671178323	0.522266007788816	0.999520940756027	0.505341991341991	0.950281194247156
PF13835.9	-1.8991301604212	-1.76245857317828	-2.0395462805303	-0.210298653786447	4.35115131742208	-0.0411771676773813	0.478000000816395	0.719292030697073	1	0.740363636363636	0.989352351488092
PF07429.14	-1.86500611458929	-2.22535485235338	-1.49358242842063	0.697654654906844	4.07949802385069	0.156013110157143	0.423717524540984	0.630278134810809	1	0.579588744588745	0.95657542559228
PF17836.4	-0.894656699021615	-1.30014082549588	-0.57579573132628	0.66475327149977	3.74709187682673	0.145294932892198	0.42066666968082	0.595284571208404	1	0.574333333333333	0.970815080642946
PF11922.11	-1.89965273305218	-2.18227910692378	-1.55508270433198	0.641961610459438	4.30922494112588	0.12352138540013	0.432378416938174	0.65948286548817	0.999821816856943	0.61921645021645	0.973311734788248
PF15609.9	-1.09417063870826	-1.1248888805592	-1.05950229918605	0.148086589319276	4.25018188463376	0.0341655329507518	0.48234510391832	0.752459545739215	1	0.728909090909091	0.988955598050731
PF12500.11	-1.19627643613686	-1.25611288719036	-1.1468405423389	0.215660880575758	4.24484473441987	0.0375767937924116	0.481678881424736	0.746283306609993	1	0.71574025974026	0.98817693973069
PF14018.9	-0.179140013927062	0.177422797933209	-0.602865111558118	-0.618224751271509	4.14036102925666	-0.124462489150495	0.429333336003963	0.673034264038027	1	0.674199134199134	0.999796096558808
PF02675.18	-1.6347047604132	-2.19749647070236	-1.08553589399569	1.08106602359669	4.14530842760485	0.232416343809638	0.381079285142026	0.540746811094969	0.999133786353246	0.48582683982684	0.938762092361893
PF00491.24	-0.896066095721799	-1.65304857928181	-0.138193875655666	1.38581052990306	3.82520600495232	0.307480432408289	0.329333340487885	0.466332282719461	0.999342434040005	0.387242424242424	0.919706747987989
PF18425.4	-1.31005744122209	-1.74379835217226	-1.01731531500072	0.643477875638229	3.89217111698839	0.132615927410807	0.425716192016797	0.628109608243897	0.998788980540484	0.596090909090909	0.96127761112561
PF20312.1	-1.83344073067202	-1.69240162139231	-1.98940456442428	-0.214701840810124	4.20037875609241	-0.0485566779512059	0.474666667607353	0.709468016833422	1	0.730363636363636	0.992152688697501
PF02654.18	-1.13843640187845	-1.72863239788793	-0.644775418602757	1.04279056694464	3.72197090057526	0.236327217756781	0.3777481726974	0.541422188227146	0.998995781541552	0.496220779220779	0.938329753600175
PF13687.9	-1.88790351848072	-2.28679618025482	-1.53139509500101	0.704568772788389	4.15740414212881	0.13760496279945	0.42238507955727	0.611849891379374	0.999685116972124	0.580519480519481	0.951061740035973
PF10096.12	-1.1181443284262	-1.66755673794124	-0.509831659996654	1.16053061552955	4.14052122283362	0.237464434163459	0.376000004893566	0.548066701939994	0.999425810356351	0.492731601731602	0.94421299024915
PF02655.17	0.0912665662219672	0.420696721987553	-0.129653255329065	-0.453687667730096	3.7912964334325	-0.0921036038860387	0.43970686435495	0.73717033003614	1	0.715125541125541	0.999912235133288
PF03102.17	0.369140640010166	-0.0859903564053122	0.919040944673993	0.899192228891687	3.17430180746808	0.23511490773585	0.353764163143399	0.568158851776415	0.99911135819449	0.441679653679654	0.957056316836608
PF07922.14	-1.4664515552543	-2.17629398431574	-0.728574891253131	1.33204693394679	3.945619360344	0.286767543157138	0.344437048342602	0.491498036334518	0.99825396871797	0.421506493506494	0.923875821126126
PF14897.9	-1.64167471287379	-1.73362610759752	-1.57017731177709	0.183363865898559	4.18406198572981	0.0317615987901884	0.480666667383788	0.733177861353707	1	0.694272727272727	0.99141581198259
PF10135.12	0.646554292813935	-0.364964510146009	1.54723531444209	1.81794633047812	3.16998345504287	0.495472778632489	0.230000014116313	0.258019447809838	0.997647686094951	0.162380952380952	0.817922396071598
PF09254.14	-1.834606901824	-2.15691785801405	-1.47044857991448	0.87534696666377	4.40819259851121	0.168604340130334	0.404000003691644	0.602303005221565	0.999731160561249	0.561714285714286	0.966928759756802
PF00080.23	-1.78967031129776	-2.05863622931583	-1.50755057072888	0.568366370690547	3.90003390664654	0.125855027559575	0.437708196877331	0.655842138380211	0.999452489370175	0.613251082251082	0.963538131066939
PF17996.4	-1.56273109514729	-2.06783542687472	-1.022416454587	1.043355506389	3.98509759567624	0.230050026862009	0.371333338436713	0.532007552401112	0.999600736984627	0.495233766233766	0.939546900620843
PF04994.16	0.15631820483102	0.285499333762658	0.0142925481422944	-0.189300830991769	3.11590091610639	-0.0464608289483149	0.474350433995858	0.758436609620949	1	0.778402597402597	0.995422882057146
PF17827.4	0.0327536180101111	0.527252544896671	-0.629380603815423	-1.1552418449031	3.1773885844296	-0.30661822362578	0.316000007882261	0.423423546929603	1	0.435393939393939	0.995954973792478
PF11258.11	0.98174315938913	-0.459484661417595	2.06018391918034	2.45466905084646	2.50756496572147	0.881129118215898	0.11666670110807	0.0605724834277424	0.982537200123668	0.0334848484848485	0.498837292488179
PF17479.5	1.00529175800342	-0.464985305802376	2.06632116214124	2.4873030483523	2.50321255400764	0.941097753811591	0.113924085998685	0.0616128488212941	0.977432037045541	0.0337922077922078	0.486220923476652
PF06081.14	-1.02150695751306	-1.50090834623881	-0.660362347147495	0.792309325810586	3.83480224665409	0.178068702109316	0.399733514856683	0.564596450788823	0.999771192064477	0.54004329004329	0.962930355935271
PF11728.11	-1.09824886802624	-1.66483353107182	-0.599504188592833	0.967349081626348	3.57240025219286	0.230488718063863	0.3777481726974	0.52334456458844	0.998565986232226	0.492722943722944	0.939364595060962
PF13289.9	0.734810819256881	-1.09379575551948	2.11625113215815	2.99605568163882	3.3782140894384	0.795568574126669	0.133333362713645	0.11391563779033	0.988472515995737	0.046030303030303	0.589486716950929
PF12762.10	-0.57795047666537	-1.69187820813608	0.583127922087637	2.02547913100549	3.86697584581143	0.473814356877089	0.260493016160361	0.312670543706001	0.997032734334022	0.226419913419913	0.839989200764111
PF18984.3	1.91671484007801	1.05358828857819	2.38522133116415	1.42878877484504	2.43071143431777	0.541425025091544	0.226515670662955	0.146218316409664	0.999074869762838	0.141186147186147	0.80507380805521
PF18983.3	1.90370260604614	1.04885900588809	2.42463259539636	1.50490537370153	2.40664457658933	0.553553028145345	0.218521001251004	0.131152533265516	0.998774167843346	0.12617316017316	0.779995485368183
PF07456.14	-1.05176605562739	-0.751311069795079	-1.45855906296497	-0.724574893706779	3.7958298683425	-0.151080638466373	0.427333336082764	0.634199968211407	1	0.663419913419913	0.997531645805485
PF07009.14	-0.682608771036853	-0.373028300961811	-1.1032851064553	-0.590381462655173	3.57341559940588	-0.138364646223163	0.425049969524827	0.61931464777665	1	0.673151515151515	0.998111985827571
PF08876.14	0.227003941244893	-1.49323823182828	1.18015669597837	2.51693501245323	3.49622501454879	0.619988443623194	0.20053299528734	0.161310148061679	0.997249615710929	0.108502164502165	0.738627839795707
PF02016.18	-1.1189415650649	-0.889325832641084	-1.35059969014591	-0.253918211448462	4.36884595818774	-0.0459508528234877	0.477015323969872	0.725664751126834	1	0.754095238095238	0.997527975332013
PF17676.4	-1.11329341680869	-0.859918567185407	-1.39519226704924	-0.39341990630439	4.41362903646043	-0.0840048314243913	0.448666668588154	0.708416627137626	1	0.739437229437229	0.998578671401895
PF14199.9	0.162902805783882	-0.889893682892064	0.895246917037795	1.57303159393376	3.61689137083647	0.386166770596244	0.29600000906446	0.326100248828289	1	0.304207792207792	0.937165053322939
PF17225.6	-1.59234563189488	-1.68488118577947	-1.5070015396065	0.198067548482887	4.09456832214418	0.0370497209650021	0.475333334249142	0.704585685461617	1	0.671991341991342	0.982418067951125
PF14257.9	-0.92819132975721	-0.487976377095716	-1.45256508566821	-0.861802486034088	4.09578367218275	-0.188120138764338	0.400000003858024	0.600993362939556	1	0.610593073593074	0.998821931225171
PF09148.13	-0.413456461467599	-1.70094679909612	0.639939636876661	2.07395222120537	3.54099559719279	0.526068561604807	0.237841452413626	0.275259503438963	0.996088578482585	0.198701298701299	0.811901244744561
PF07826.14	0.54096403757627	-0.0951183961525928	0.93127249633583	1.12441599613967	2.96312735991507	0.332982195262892	0.323784151346264	0.296298095742635	0.999779164555168	0.359233766233766	0.945818373202094
PF20260.1	0.48427241419077	0.730738646961423	0.176010280854254	-0.50983161150232	2.66936904413676	-0.161446292568756	0.409726852218993	0.606838454416552	1	0.648735930735931	0.997758665629302
PF16369.8	-1.87202047465312	-2.1869115554374	-1.52772449435238	0.752567663593204	4.31711915873902	0.156121004921049	0.413333336642635	0.644874020814156	0.999291760987605	0.595212121212121	0.96292169903554
PF02156.18	0.0309124158037397	0.173020093703147	-0.112248441647234	-0.290624222582556	3.3714496814699	-0.0668028918405721	0.452000001794314	0.717109196158372	1	0.742134199134199	0.997944311172805
PF08765.14	-1.50522874507222	-0.98079026308673	-1.97123626732405	-0.859685382089347	4.13520627266426	-0.183549865847652	0.401065959837764	0.592919495950727	1	0.601272727272727	0.996074940429717
PF20456.1	-1.89440381729068	-1.71520008473096	-2.03009094943569	-0.171039111360822	4.37282019045349	-0.0367390763958195	0.48234510391832	0.715184948365413	1	0.733151515151515	0.98533101254947
PF19484.2	-0.350699431994458	-0.836728105294215	-0.044961084914358	0.770098586491592	3.91724164492928	0.167368705681139	0.415722854640748	0.586717038724549	1	0.589411255411255	0.985761411496527
PF04018.16	-0.989120364207465	-1.19105139287652	-0.807034642764042	0.29304770182138	3.67956792996029	0.0650960218614538	0.459027316648982	0.698291350976666	0.99983893697052	0.666203463203463	0.981057146600329
PF14751.9	-1.38553909082908	-1.15563247573013	-1.65525445062321	-0.296845284234211	4.17377100034281	-0.0567098458872382	0.467333334548396	0.692839969595749	1	0.718064935064935	0.984803522938547
PF01978.22	-1.82339276755238	-2.14679810497461	-1.51051282061734	0.55123231561108	4.08379973285334	0.123447573709616	0.435333335769139	0.638919639889074	0.999755562839351	0.611	0.957349701656574
PF11495.11	-1.82931316798247	-2.23586826870755	-1.4437239519434	0.835374333521674	4.16949438503692	0.160703986089616	0.406395739763836	0.600469495589089	0.998697759370006	0.563683982683983	0.957396843572852
PF00246.27	-0.431234819581193	0.539446091223528	-1.02540604051452	-1.38719064013724	3.88935177637907	-0.290595373109282	0.344437048342602	0.545997030192958	1	0.491463203463203	0.997107300806646
PF13241.9	-0.790946372018821	-0.23419569053635	-1.49818008584029	-1.15275621405119	3.69271185279997	-0.278655499692653	0.346435715798556	0.489183993552887	0.997783183177868	0.511991341991342	0.993098828145096
PF16738.8	-1.61320141528392	-2.14301787368051	-1.03147557100452	1.05381489974012	3.96870193806009	0.221681870963429	0.379746840164002	0.536497770185271	0.99865158622804	0.487506493506494	0.942990067799068
PF19539.2	-0.846590717735645	-1.22497864384244	-0.445971400812234	0.769188341569454	3.67084392117583	0.180407352389653	0.404000003691644	0.594879160834631	0.999453365937628	0.546242424242424	0.959176262059849
PF20469.1	-0.179382313859952	-0.507800697875461	0.0949357825337911	0.705142886339557	3.52085896641356	0.168813391822406	0.402000003774635	0.595373058388504	0.999418629535134	0.567246753246753	0.977817131043813
PF14192.9	-1.88135764658647	-2.30887640445305	-1.47347147456924	0.757595618908185	4.08228833970598	0.163473999444801	0.426382414508798	0.613065040183992	0.99871450725408	0.569004329004329	0.956798337229556
PF03852.18	-1.84155638983417	-2.28840236413083	-1.39311353708317	0.817738597048131	4.10378587815166	0.163698840986377	0.413333336642635	0.589193518091206	0.99972553487438	0.556948051948052	0.9483743105138
PF09565.13	-1.85306716696782	-1.76080681992509	-1.97054013784426	-0.260547132832434	4.3409805017752	-0.0545140591134975	0.469020654048339	0.728027622421186	0.999203649244531	0.746341991341991	0.989969266288979
PF13005.10	3.24193154666617	2.53300661992844	3.85784817557041	1.3599923262556	1.2860204709858	0.985454534554053	0.125333364978809	0.0445143886813701	0.977787128750562	0.0364329004329004	0.552794376926287
PF06094.15	-1.78175797735208	-1.60966846713362	-1.97867658647637	-0.278504541769399	4.18151293021587	-0.0640250895887948	0.467333334548396	0.704853491093537	1	0.728584415584416	0.993261528225686
PF01680.20	0.0887338598344298	-0.943672634098681	0.672221178597911	1.66467338021082	3.35700032518828	0.416486102421641	0.287808137487236	0.304723990529153	0.998476247062507	0.28087012987013	0.900636266755375
PF00350.26	-1.35136027212482	-2.15763903600706	-0.526618468044191	1.50230070235919	4.06293548054062	0.320580725088975	0.333777488590993	0.464231731663621	0.999101098875355	0.384497835497836	0.905256666154409
PF14414.9	-1.8008953749684	-2.1640297039599	-1.42377996783131	0.6990315078856	4.07744624715384	0.148690236089762	0.417333336481106	0.607219756984439	0.999207391132035	0.577056277056277	0.955126292673702
PF02652.17	-1.14268453370749	-1.18738526796516	-1.07265090863333	0.169674670455854	3.91331543477444	0.0398560682421007	0.48101265893116	0.733917463241552	0.999893552547428	0.714164502164502	0.984900614359956
PF05183.15	-1.74102420045106	-1.45924855808789	-2.09263981836085	-0.631596349608077	4.20365836562599	-0.128052579859549	0.430000002644423	0.659089708249488	1	0.689350649350649	0.996948821528105
PF13577.9	-1.87968739784535	-2.22279181611109	-1.44364889802542	0.807325920394181	4.29135487457248	0.163013243369406	0.414000003282288	0.622759178423791	0.99946269395082	0.586060606060606	0.962330358050858
PF19538.2	-0.604980734300876	-1.20535810652502	0.028827660158397	1.28455829723388	3.72399393164256	0.295432570193924	0.337333340071168	0.457370830849189	1	0.40725974025974	0.946061877954454
PF12650.10	-1.09266351616374	-1.15107637647764	-1.0386375661743	0.16251360337766	3.97515604996509	0.0335718339931694	0.479680213944031	0.735186067977088	0.99988923764905	0.724536796536797	0.989799653006567
PF20040.2	-1.81560105575583	-2.17092168421435	-1.50204544709174	0.548701280074713	4.01153602475684	0.120187241859511	0.435333335769139	0.61888061910357	0.998022429367567	0.596948051948052	0.964748919219089
PF03928.17	0.537069171970745	-0.458462157427459	1.42525725748625	1.91652265298592	3.11003308851697	0.53340178484089	0.224000014701966	0.232531004967229	0.997682867949505	0.147601731601732	0.804043746185004
PF03319.16	1.41866960531374	1.22443758092642	1.66664501865365	0.471773430552354	2.18252452486643	0.197365952024005	0.406000003609039	0.620360488259213	1	0.586688311688312	0.989404818835924
PF18427.4	-1.3637905692698	-1.15868392195116	-1.56327693934645	-0.30353265965616	4.16533739008471	-0.0647835186562674	0.461692206621819	0.705012495311169	1	0.731311688311688	0.995037362930478
PF08841.13	-1.35501694022656	-1.17370426453854	-1.60706034059709	-0.442199794831471	4.12624605548227	-0.0837782880541603	0.457028649169526	0.702672373491895	1	0.712787878787879	0.996545968071363
PF02287.18	-1.82518478103006	-1.5378285172344	-2.08814261134391	-0.316000221174005	4.18607446603162	-0.0659700434008535	0.458361094155813	0.689822293060615	1	0.717025974025974	0.990818477398328
PF02286.18	-0.784437949104592	-0.942662198355897	-0.581252764389245	0.357022067165869	4.35781787374556	0.069662454574305	0.463024651608331	0.714091005182237	0.999958518514058	0.695701298701299	0.989196809321241
PF11580.11	0.398071237485365	0.403322075800284	0.389829942476728	0.014010834448599	2.43548762813215	0.00614099695483344	0.497001998778448	0.754531232687352	1	0.733502164502165	0.987617864101215
PF14136.9	-1.73314292297289	-1.50371263500447	-1.92957552081696	-0.545168890781432	4.40024984202543	-0.112445957914256	0.443037976818143	0.6913237123138	1	0.701545454545455	0.997549768453698
PF16657.8	1.6904846760319	1.48637205702024	1.86327851976829	0.195503936070385	2.16573176105798	0.0696614987395477	0.457028649169526	0.815822256854678	1	0.69161038961039	0.99653890445949
PF20446.1	0.755639345733517	0.952826101531303	0.535736297638115	-0.405797752998838	2.0259253600239	-0.161598427699283	0.411059297201336	0.554257480300484	1	0.6144329004329	0.997166443870907
PF09818.12	0.773654893469157	0.959770888073597	0.529562142031303	-0.419861923826359	1.99340231031575	-0.166356160926149	0.418666669760886	0.566901036860708	1	0.619735930735931	0.998033081361848
PF02522.17	-1.54865399882734	-1.15321326759922	-1.97960469939181	-0.596575789436075	4.01562235438144	-0.137837267733243	0.428381081984987	0.622805921631023	0.999994412069857	0.627796536796537	0.993307911039745
PF13551.9	-0.196459930734301	-0.288675647587215	-0.116866223223162	0.252208299780943	3.51034806848883	0.0563463781430573	0.469333334473424	0.732370217765215	1	0.700380952380952	0.987341885679331
PF20313.1	-1.87769761636818	-1.72383275093594	-1.99795361145108	-0.245084526676772	4.21235069816894	-0.0510821043796701	0.470000001115125	0.70619755853068	0.999101891420283	0.725705627705628	0.98833506860868
PF13958.9	-1.88121413311395	-2.23876563465389	-1.51555591191545	0.760029023238103	4.13074149752034	0.159980520700011	0.416666669841269	0.629947296038141	0.998480522661075	0.588103896103896	0.953877142962604
PF07892.14	-0.778168021953316	-1.53085181750638	-0.169656615230611	1.04993458252427	3.89623579644382	0.230646802668086	0.380666671353383	0.531826036751127	0.999809095824221	0.493151515151515	0.967435040578756
PF13466.9	-1.53676556712732	-1.64236226350706	-1.40655597877698	0.21504597903653	4.05202813638902	0.0539901459591665	0.472000001040299	0.703682420041792	0.999767422870977	0.664298701298701	0.983811165870924
PF08445.13	-0.86780169705335	-1.1437553768761	-0.621886496335298	0.442873276058759	3.4278519828807	0.102099426165498	0.434377084415154	0.628022387158477	0.998784182949215	0.605718614718615	0.969339626779815
PF07179.15	1.08089411210358	1.49185585172266	0.642466287289675	-0.848716856439892	2.08932433481625	-0.321340958983516	0.334443711074774	0.38833295685316	1	0.458220779220779	0.995425239037319
PF11796.11	-1.11069425009363	-1.6207474445029	-0.670857812181294	0.87434093782683	3.7962095317677	0.195952211192913	0.393737512444108	0.554873258828854	1	0.514021645021645	0.954639141943433
PF09664.13	-1.0232797257054	-1.57552191664191	-0.502702306179139	1.03550096195919	3.84779650810925	0.23535030744553	0.371752170300835	0.543624738253502	0.999539398408175	0.482930735930736	0.942111722948581
PF09660.13	-0.296601955959276	-1.72090357110418	0.798129566457133	2.48139559897625	3.21883603607114	0.670666275202928	0.174666687562761	0.162085875754431	0.986949630271528	0.105722943722944	0.675360305961574
PF18889.3	1.81131058600341	0.443232871589087	2.45433758622029	1.0488192621859	4.41566888314343	0.202266394671993	0.392666670834013	0.531472087764812	1	0.522965367965368	0.998956436285461
PF01345.21	3.94683004457614	6.66666863728299	2.70773579672886	-3.94091644001071	2.73576882016786	-1.58351345641804	0.013333675830244	0.0150376863314846	0.96996630209184	0.00342857142857143	0.715796394536003
PF07613.14	-1.49362039549189	-2.1825819921417	-0.577312930012195	1.57707620859003	4.27445685181249	0.320022219730759	0.330666673750784	0.48193081124493	0.994539498498641	0.409199134199134	0.910975765063492
PF14056.9	-1.44337960116857	-1.77955357387094	-1.14961497548807	0.570350509356815	3.85457774623385	0.124863574074651	0.431333335925431	0.618611332115529	0.998634066768185	0.585238095238095	0.965056765224052
PF14076.9	-1.32080250266674	-1.09071828469708	-1.57359476324797	-0.43862183889394	4.26084652315122	-0.084356986463851	0.450666668511789	0.721923841536432	1	0.746380952380952	0.995123055597565
PF01402.24	-0.587195292675823	-1.16070855217354	-0.0291531554132822	0.954226764039386	3.75224248836546	0.2179470856464	0.371752170300835	0.543347477090192	0.999826792592554	0.481242424242424	0.952560775341229
PF10651.12	-1.87767531727192	-2.19571425441113	-1.52713256689283	0.705324659706139	4.3557890288771	0.142498797320838	0.425716192016797	0.629117433556221	0.998862566254245	0.588069264069264	0.963266848865558
PF19639.2	-0.540020969085897	-1.21324920377873	0.0799907132359738	1.21678247077112	3.62847532509204	0.307249914026826	0.341772158402536	0.484697164717215	0.998427894274433	0.400493506493507	0.937783128819956
PF13279.9	-1.29265658680838	-1.02095313950633	-1.56809199375179	-0.376752947297925	4.19135017207237	-0.0675863872683915	0.465333334623486	0.719061912914975	0.999974643530879	0.74382683982684	0.995627018783389
PF13391.9	-1.931432466859	-2.19389719544676	-1.59627154051965	0.619765707973357	4.20689208002052	0.125524769982899	0.432000002565979	0.669567493511576	0.999905151294332	0.622493506493507	0.963511694069024
PF07853.14	-0.23877738961484	-1.75095725050997	0.876812520571206	2.61729252262282	3.24121441403237	0.709679415367844	0.170552986224705	0.150908246234396	0.98947459737836	0.100177489177489	0.682080601549159
PF09297.14	-1.2701335176452	-1.72266926411316	-0.824411225567707	0.728766370651082	4.05110727969884	0.166815292082136	0.403730849800456	0.618526313998227	0.999355314908558	0.573350649350649	0.967845750052797
PF11187.11	-1.84675284367737	-2.21437065646149	-1.50492518386299	0.680816582166682	4.00391234507765	0.142088607077231	0.42105263457369	0.617243886017705	1	0.583722943722944	0.963533927413756
PF07454.14	-1.57823912829527	-1.74001865693931	-1.4154376892445	0.353468439202512	4.15470379611885	0.0737223295746853	0.458000001566609	0.700513538409391	0.999820545852696	0.659411255411255	0.982431767078298
PF12670.10	-1.380216423894	-1.73057303455536	-1.01754278877499	0.694851773196609	3.98219397568948	0.140545829137816	0.42704863700083	0.638193736497899	0.999872613315012	0.603190476190476	0.972603847248746
PF09552.13	-1.34453252300838	-2.18355220334015	-0.456485648833175	1.55270317370977	3.84430677530447	0.350818214922881	0.315789481567806	0.434158436282368	0.997166420549134	0.363809523809524	0.907643311467018
PF12953.10	-1.01040360285788	-0.530035089348073	-1.50366611259288	-0.846175052794353	3.85841340375493	-0.180391459784339	0.400399737347201	0.602377560151951	0.9994050694684	0.602857142857143	0.996028633423869
PF19499.2	0.519582742574953	-0.971306067149308	1.37398350237736	2.33356700025241	2.91270228806274	0.732177307884721	0.17800002037699	0.113899291635346	0.992240960058311	0.100142857142857	0.711176493091916
PF03883.17	-0.221684850383209	-0.36563936281657	-0.0880729284440367	0.396146743821006	2.97709821322907	0.0962206107828725	0.442666668818415	0.689872814634283	1	0.639337662337662	0.980456597463701
PF07866.14	-1.18147686148035	-1.70591519517182	-0.713559371851975	0.918755429963033	3.89961446922773	0.210593336104261	0.384000004540694	0.553321581792097	0.998375967458831	0.516796536796537	0.956623033764164
PF03862.16	-1.28871979436729	-1.55945349242899	-0.953807981435122	0.669664601969648	3.97642491124892	0.151997697372967	0.418387744606937	0.643605587479447	0.999588489652979	0.593714285714286	0.974042445578846
PF01174.22	-0.877202811684366	-1.74596949141209	0.0693737384113975	1.62610258119714	4.06132602233644	0.334021117623821	0.314000007995311	0.448315566322364	0.998815735237781	0.355995670995671	0.930838327384922
PF03932.17	0.0370337743148861	-0.350942627428377	0.528826762886189	1.00914009117089	3.16388188976943	0.268208629082586	0.35443038562977	0.54108158959844	0.999157861081421	0.444515151515152	0.96324921010791
PF12893.10	-1.64307299731063	-2.20130181087411	-1.05019978871225	1.1316132848062	4.32819564440973	0.2372629247061	0.378414395186208	0.53226623213119	0.998367363979658	0.47412987012987	0.932660618323726
PF18088.4	-1.56690313397186	-1.71775388644367	-1.42630324969342	0.216837423030755	4.19230008058116	0.0417103508844022	0.48101265893116	0.72765752359125	0.999618840096141	0.688731601731602	0.983889572491858
PF08867.14	-1.3570115630215	-1.74850038687635	-1.08005273326548	0.621332351425598	3.89798127579867	0.127449548312481	0.429047304477111	0.622803340787833	0.999029171230177	0.605380952380952	0.969021859774603
PF10143.12	0.556432719824487	0.229595945486517	0.835366839812361	0.479588661326021	3.21667360730308	0.125959309748343	0.418387744606937	0.675908832791024	1	0.602965367965368	0.990257021907362
PF08645.14	-1.83965767757643	-1.70077399017629	-1.97887675401863	-0.167098078922174	4.172342803113	-0.035588414693578	0.480000000741928	0.717316090365714	0.999329380702809	0.737787878787879	0.988864641043891
PF19830.2	-1.26714186805733	-2.20130149300842	-0.423599766096148	1.73455142743194	3.65240733026522	0.37882177423093	0.310459701724815	0.397021818077725	0.995093535204081	0.341645021645022	0.866907322395432
PF07940.16	-1.80583529528398	-1.6464821753632	-1.98293646307895	-0.36204515851224	4.30974725840308	-0.0690524139724504	0.464666667981876	0.717083781078114	1	0.738493506493507	0.998345389334172
PF07470.16	-0.708106457001413	-0.25391996705315	-1.21197832965894	-0.719418144142112	4.07136452868548	-0.145967954387987	0.42066666968082	0.63016915216648	1	0.658506493506493	0.999050779856063
PF13535.9	-1.33262923167196	-1.23465934068357	-1.46427530591873	-0.234636524669598	3.86914930271307	-0.0480109244902178	0.478347768956934	0.721334307599097	1	0.749848484848485	0.991738163075539
PF18603.4	-1.84339182001454	-2.17988827096576	-1.51180739597231	0.711472262384591	4.24487662409742	0.132466974597441	0.421718857065464	0.631893377162275	0.998932839274173	0.588238095238095	0.956175135141554
PF08922.14	-1.08448149939156	-1.70747725907048	-0.521220295724591	1.08840403843311	3.70372612091545	0.259094116868793	0.368421057860494	0.51404246522548	0.998810206375849	0.460329004329004	0.944405369552774
PF03733.16	0.207654765037637	-0.0684650649631031	0.733109682839643	0.963001168665762	4.24773683147603	0.198279716283802	0.393737512444108	0.623689298537117	1	0.536108225108225	0.986930645833952
PF10974.11	-1.23039865710387	-1.1958734806564	-1.26303528993008	-0.071208162330362	4.11814615179924	-0.0160843441829034	0.488341106360851	0.743346603227328	1	0.756800865800866	0.992797403224217
PF12558.11	-0.202250439467311	-0.670692724343343	0.478794876338283	1.31613962032667	3.61980692578178	0.322225640246223	0.343770825857455	0.473434468076356	0.999410732088721	0.382818181818182	0.941819683800189
PF01939.19	-1.30034738847086	-1.74710423821904	-0.852322092465965	0.9430289614532	3.95441731498117	0.198870277329416	0.383744175098753	0.593352347994995	0.999509193054366	0.550874458874459	0.951708008588406
PF13395.9	-0.666775324720503	-1.09782062769563	-0.346017854373789	0.536097626414025	3.74895864191133	0.120732049254781	0.429047304477111	0.640640217310092	1	0.613056277056277	0.979005874921995
PF20578.1	-0.0392159611798881	0.187242931265453	-0.223451220602522	-0.498373255764676	3.35931213513376	-0.1048816635158	0.431045971953661	0.696152575607039	1	0.685735930735931	0.997364459990323
PF13274.9	-0.295353561172454	0.593595274493412	-1.08516562458576	-1.4683821186703	3.93344007616315	-0.317696002970943	0.32111926141832	0.452088598529526	1	0.426428571428571	0.998721850285792
PF16467.8	-1.84167071093785	-2.22580068700941	-1.46558416660465	0.813628602240675	4.2353701909319	0.160719483248706	0.410000003444949	0.621998702276273	0.99965009925899	0.589792207792208	0.963392691902961
PF12996.10	-1.43118729735073	-2.14077885604722	-0.530970929008356	1.56096581029972	4.14405201948714	0.334386877475567	0.325116596310885	0.437862223335227	0.998382437596892	0.378722943722944	0.916855475400939
PF02900.21	-0.149613231541229	-0.494957658597386	0.174444610905178	0.597341289909672	3.30261279707679	0.146165924919158	0.407728184745777	0.608699747612375	1	0.585277056277056	0.973639069642974
PF01871.20	-0.182368124627133	-0.483603365497917	0.086161099880834	0.597506693832032	3.39706754022392	0.151282322595589	0.409060629727881	0.603175327171847	0.99992242995647	0.579406926406926	0.981346332342667
PF01970.19	-0.503579750100142	-1.12772124610155	0.226245775560479	1.35030984255067	3.98324584136192	0.284775620613917	0.351333339373498	0.475832379700705	0.999401062054067	0.409887445887446	0.928914415686526
PF07556.14	-1.09230388288975	-1.55566574176709	-0.632418398624876	1.01831371002983	4.50175816890844	0.191195262470217	0.402000003774635	0.583098303388628	0.999852361071335	0.547441558441559	0.968183895490205
PF11913.11	-1.30418549929267	-2.15361246691849	-0.327481137579389	1.75410042516743	4.13072858865706	0.367124387226938	0.311125924204762	0.403550533117762	0.99932876607061	0.340848484848485	0.893810837649091
PF19848.2	-1.3261405313595	-2.13640797146409	-0.632333592523064	1.44558994009654	3.76534417934881	0.333289154847036	0.332000007014083	0.419462469235897	0.998805571769089	0.367285714285714	0.901916393320337
PF13271.9	-1.35751057682346	-1.161781747343	-1.60956338836769	-0.298853910652829	4.12904277103951	-0.0603227368278065	0.467333334548396	0.713200594527036	1	0.747476190476191	0.993946294567144
PF14270.9	-0.450827259727395	-1.07042869719498	0.140245661701766	1.0497867964128	3.81206329215162	0.228252368881856	0.3777481726974	0.554027138313935	0.999656112090388	0.486558441558442	0.967077205150755
PF09823.12	-1.81759143618103	-2.22503118095008	-1.38180598398891	0.880454190891729	4.39426898925927	0.168616479198885	0.404666670330733	0.620897497663373	0.999393329380154	0.562857142857143	0.94885607855209
PF14871.9	-1.70368960913598	-2.15199672507149	-1.26944307381187	0.718967976471744	4.14234331905492	0.1458250009259	0.414666669921978	0.618193098668436	0.999409800645091	0.571333333333333	0.957288088144512
PF16962.8	-1.10719114129794	-1.68636842548104	-0.539776388812633	0.994455873623012	4.33850731286827	0.193813163062483	0.396402402404781	0.578921636734835	1	0.541264069264069	0.977988556630383
PF13275.9	-0.82603527081044	-0.522212393710714	-1.19176795970496	-0.400732611703934	3.97990572754221	-0.0828591160594532	0.453697536704118	0.682968430786708	1	0.72787012987013	0.995608795577941
PF01980.19	-1.81573205380289	-1.61870694565439	-2.00293064113273	-0.362658199420071	4.22950464430242	-0.0704564001662068	0.461333334774048	0.696934232332807	0.999810108390321	0.716515151515152	0.994907364359444
PF01937.22	-1.57745649710753	-1.60013023731177	-1.54387582336864	0.16677149308519	4.0447832801644	0.0340371971993446	0.483333333951304	0.724314777905556	1	0.70508658008658	0.985687022051206
PF11449.11	0.0910854132981598	0.565877193331121	-0.425057724457231	-0.893621833818604	3.56946814552744	-0.198900520852204	0.380413062652985	0.583934035383727	1	0.584961038961039	0.99959352927774
PF01478.21	-1.56517479070512	-1.66530750544895	-1.45320813410538	0.24795145312922	4.23716756832353	0.0454576796462274	0.470000001115125	0.716201684060373	1	0.688679653679654	0.985563098654606
PF18960.3	-1.61195729463544	-2.13532006895938	-1.06741991744604	1.02492076436496	3.95715486042724	0.211569514259793	0.384666671178323	0.555787125879148	0.998993669779023	0.506415584415584	0.940870421879499
PF09115.13	0.141269273747024	0.181071957022166	0.0960480905872654	-0.14014494229733	3.11278416013415	-0.0485753250565657	0.478000000816395	0.717178623744404	1	0.789593073593074	0.99754862404975
PF03458.16	-1.90937166422041	-2.20729432361189	-1.50645902616598	0.949455964036092	4.71644270720509	0.164618370698369	0.427333336082764	0.618463390821777	0.999345630918434	0.586484848484848	0.961311485126379
PF13657.9	-1.80022160349551	-1.50152607351031	-2.06229227439737	-0.512652308535517	4.25041231103875	-0.101694090491296	0.448367756760455	0.678351537097829	0.99940925226821	0.705294372294372	0.996355509230981
PF12889.10	-0.032435039724291	-0.464605929178549	0.300437925652163	0.785839916967428	3.14122731094066	0.219889441386602	0.378414395186208	0.476089850539153	0.999866707530938	0.484125541125541	0.956151646658265
PF04985.17	-1.53398680001885	-1.19111013289312	-2.0148516294415	-0.677100466775978	4.10739096681353	-0.145089124705014	0.426382414508798	0.633710742072559	1	0.642874458874459	0.996080996325571
PF10662.12	-0.36079217528128	-0.309994550509538	-0.42267361626219	-0.103550684000172	3.63885676001745	-0.0196629198014915	0.490000000370519	0.772512647040656	1	0.785194805194805	0.996746718205572
PF12450.11	-1.82878082028807	-2.16413529646882	-1.4781909409211	0.736174031268262	4.36283930079567	0.158154148399265	0.413333336642635	0.628714265947507	0.998616217961462	0.589554112554113	0.949423111312961
PF12034.11	-1.81683972519826	-2.23183551388727	-1.33083801129531	1.00319891831417	4.39845499461509	0.17536553042579	0.409726852218993	0.598204970230454	0.999035090914587	0.564294372294372	0.959806843937407
PF02683.18	0.258555550661992	-0.565025427958521	0.726295198674115	0.941715691196023	3.96307296897833	0.206289225284175	0.392000004195757	0.520686372691285	1	0.50482683982684	0.981451106414073
PF08902.14	-0.422610113676178	0.0154925224716864	-0.814439443670507	-0.769713718745585	3.72042268633151	-0.181200248437101	0.393071289954061	0.612943270795556	1	0.597718614718615	0.999541176172755
PF13539.9	-1.04638960564934	-1.70482191514082	-0.378657357687252	1.21841884111824	4.00834710041678	0.276936934169054	0.355333339180877	0.497147887336223	0.999967210198613	0.440748917748918	0.951743390748986
PF18937.3	-0.229669888831933	-0.398252003114289	-0.0230282350334265	0.437371274074353	3.40541423435651	0.101164053780092	0.43637575189238	0.721347847898641	1	0.657891774891775	0.980822647521516
PF12810.10	-1.85690957830866	-1.71879666466977	-2.03796539493419	-0.158322517879512	4.24043147872267	-0.0362758479083627	0.479333334100075	0.718917611166674	0.999986024812879	0.738670995670996	0.987527158676686
PF01220.22	-1.80582420524895	-1.69421122534835	-1.95107716390069	-0.203321730150425	4.32673725927163	-0.0366113803010875	0.476349101476354	0.721245666218029	1	0.745290043290043	0.996485204635199
PF10086.12	-1.13769826476729	-2.18917244612845	-0.213706282229461	1.76541090948084	3.78131154811866	0.38868078638777	0.29713525215332	0.355282029601738	0.996933117658316	0.300069264069264	0.864915696282067
PF04463.15	0.558311614031666	2.27445814316104	-1.55078360319144	-3.51924678958205	3.5616101884636	-0.902828895151076	0.125916087391773	0.0994276834208619	0.993871561330947	0.0534372294372294	0.929840159852966
PF17782.4	-1.0921642991554	-0.727928948442105	-1.43729856837386	-0.651621583229639	3.63126922391054	-0.135782241103175	0.415722854640748	0.624248175390358	0.999644481767658	0.637536796536797	0.994343679402642
PF04993.16	-0.658475690229458	-1.18952156537579	-0.186093781325372	0.955140836037268	3.54929646660033	0.225054979323393	0.380000004716091	0.533646135196936	1	0.482852813852814	0.948751620553628
PF19502.2	-1.13504720831528	-2.24174942002898	-0.18213592966039	2.11647507468029	3.70038955445699	0.466756567510351	0.26866667756814	0.317251654589902	0.99125422707403	0.259982683982684	0.833931444259758
PF07875.15	-1.28259161818133	-1.24210193420309	-1.35181252349624	0.0338197550602484	4.02520807426144	0.0072956279058936	0.495003331297425	0.765895658621456	0.999637136781582	0.75752380952381	0.991614312980986
PF01944.20	-1.5779707030684	-1.1700867560983	-1.97595490759596	-0.655048471707684	4.31909529861604	-0.139919606623663	0.430000002644423	0.635005235972652	1	0.655134199134199	0.996943547393328
PF18310.4	-1.33780148908931	-1.11532919464598	-1.55080100390163	-0.246869862174441	4.02072370318208	-0.050687526676995	0.470666667756838	0.706912805135275	1	0.730437229437229	0.994475484495417
PF08378.14	-1.40152293205369	-0.742110186258858	-2.00835668904477	-1.10843808698161	4.02811633162612	-0.242837463186704	0.3777481726974	0.558058923144451	0.999612769183871	0.553580086580087	0.995753064280082
PF20610.1	-1.86448354354276	-1.69174125812653	-2.01511765844253	-0.490614882729168	4.24632990114826	-0.0921285024784378	0.447701534267589	0.697165961333264	1	0.711800865800866	0.991111381377459
PF18389.4	-1.79979705058777	-1.65053293255939	-1.95333044069658	-0.210785893439187	4.14493044485537	-0.0426923113263378	0.478347768956934	0.716692307590771	1	0.731627705627706	0.987846928316131
PF03616.17	-0.34259242493937	-0.274291687142214	-0.390745910467219	-0.272313555926347	3.8070254498001	-0.0623874329403152	0.475016656489348	0.761477796418707	1	0.773896103896104	0.998583640029236
PF04346.15	-0.822941514449592	-1.18036756359872	-0.49191400709098	0.653696683510652	3.92967728131289	0.14246794997008	0.425716192016797	0.654934222371259	0.999684795453255	0.611272727272727	0.969205765475396
PF18948.3	-0.747851052581476	-1.09105526417772	-0.377040932606256	0.681017812070801	4.31488967248673	0.140599957287292	0.429333336003963	0.661422021972047	1	0.620766233766234	0.985254708530959
PF07247.15	-1.84216761871478	-1.623638517958	-1.98742547415023	-0.38757183116501	4.28510719321648	-0.0838177756680275	0.456362426676409	0.714034635082042	1	0.729822510822511	0.990302581782985
PF13575.9	-1.92898720914696	-1.82081638569201	-2.06709073429702	-0.205856974889934	4.3748090073078	-0.0462698323828852	0.482000000667532	0.721781114264795	1	0.744935064935065	0.990148780127151
PF04024.15	-1.46985243462113	-1.69207612401472	-1.24858869891486	0.247325098488774	4.11424954900487	0.0520282568308989	0.467688209061577	0.696292606165	0.99989904013344	0.662714285714286	0.972649433614439
PF08808.14	-1.75477799049028	-2.18326976900593	-1.32366732433684	0.62046903620215	3.96859468026931	0.133727445675996	0.424666669521598	0.614583646802873	0.997626845213227	0.574939393939394	0.940417292032259
PF13930.9	-1.63832928901978	-1.77514744907612	-1.49760397919805	0.338855210029208	4.40419583303215	0.0596517242767428	0.465689541581532	0.697249575804386	0.99968570613587	0.670030303030303	0.985668789800948
PF16161.8	-0.108169471946429	-0.437286987306098	0.229436636216684	0.603293986979738	3.32541378935474	0.144458980798062	0.405333336969865	0.589508047645671	0.999675835177951	0.548320346320346	0.969162805299143
PF07905.14	-0.355587314100795	-0.110162784314872	-0.62495514075035	-0.310935596582535	4.23029892914877	-0.0636543030263595	0.471019321528573	0.716379270233933	1	0.761917748917749	0.999792385983669
PF05552.15	1.27953465638582	1.39279093003042	1.08448026559154	-0.307479548819795	2.9685310341246	-0.0890829470739384	0.447333335305835	0.63497021972465	1	0.737510822510823	0.999653810915181
PF13248.9	-1.84000244622385	-1.65294623047082	-2.04814784521923	-0.328498881947552	4.18782680965282	-0.0652074536683491	0.464357096594903	0.686066459211291	1	0.711	0.987716472701808
PF09551.13	-1.32696795067778	-0.768034568110753	-2.01752495653029	-1.1389564766873	3.92690306139314	-0.252008538448656	0.365089945421798	0.521029136308136	0.999438680902161	0.529952380952381	0.995826386422844
PF04290.15	-1.29502290218071	-1.19623784950929	-1.42461127078354	-0.242190253924965	4.06465697979058	-0.0514965572865835	0.474666667607353	0.71353250080162	0.999947820480975	0.747675324675325	0.994507923599161
PF16163.8	-1.8119167312846	-1.6453904799042	-1.98899920516428	-0.36497260760861	4.3296380746887	-0.0776797374392471	0.46502331908821	0.70823740771665	1	0.731264069264069	0.991037451277859
PF04422.16	-1.57645206191846	-1.58110259467769	-1.57186474258288	0.218572692354331	4.25615772196029	0.0490597105292513	0.474000000965574	0.737047154119941	0.999393110771296	0.717290043290043	0.980617320127349
PF04432.16	-1.10424105399057	-1.1643888569234	-1.04778689330655	0.0992570010517708	3.87872398691831	0.0223739066193885	0.486666667160845	0.761549412172563	1	0.745099567099567	0.994453746687086
PF11700.11	-0.993873653805379	-0.719121134546673	-1.16761501589795	-0.654295056762502	4.39581978280398	-0.129118159067715	0.42105263457369	0.680445419529584	1	0.690874458874459	0.999256390524736
PF09960.12	-1.38414192840618	-2.10102609730724	-0.592953299616823	1.32363539467659	3.96254591229756	0.299155222351166	0.340439713433031	0.490371620312494	0.997011915040862	0.411025974025974	0.921003939337416
PF16933.8	-1.66634655148574	-2.17536999712327	-1.04612990379333	1.03368687149085	4.05554400519414	0.221072095118377	0.383077952609488	0.563013325950765	0.997778907626417	0.505	0.934618102639766
PF16173.8	-1.63288139983904	-1.23493129506084	-2.0549339125756	-0.690777649499355	4.13920497605718	-0.147535460566819	0.423333336241206	0.621684737895973	1	0.635307359307359	0.997156126025556
PF16116.8	-1.57328732847289	-1.13968669022434	-2.03511806953694	-0.842199989536938	4.15342064224082	-0.178383718912393	0.398401069875784	0.603073857879731	1	0.621034632034632	0.995668151194067
PF18082.4	-1.93208160020404	-1.81829896153938	-2.07758311551321	-0.383949043671445	4.32053972917146	-0.0749809578990394	0.460666668132528	0.700355175710201	0.99988147613771	0.726974025974026	0.991605908998244
PF18164.4	-1.89129597612516	-1.75414483623886	-1.99344903132683	-0.197171155882328	4.1321093142098	-0.0345167098676769	0.479013991450479	0.730053827006589	0.999986582346452	0.742160173160173	0.992296875854849
PF07751.14	-1.341655878015	-1.21895437999616	-1.44174617668429	-0.18127540152751	4.23655249766322	-0.0339765840130074	0.480346436437592	0.741145543438892	1	0.780887445887446	0.99410644286681
PF20369.1	-0.218401503472371	-0.466412526464054	0.0467415235438438	0.327353243067479	3.93914308182844	0.0755645740794755	0.456000001642348	0.730127419544148	1	0.697307359307359	0.996128319432875
PF13382.9	1.01533335431108	1.16228083586792	0.870980308970307	-0.230342196205162	3.014978478242	-0.0632612738780262	0.464666667981876	0.774901466809052	1	0.790757575757576	0.999834182480012
PF12668.10	-1.33902345347272	-1.16410815368536	-1.52099674221385	-0.234153059500562	3.90825455521208	-0.052630804650133	0.472351766515455	0.704266740935962	1	0.723813852813853	0.993027260967667
PF02625.19	-1.80720566874982	-2.16717657032176	-1.41990172011032	0.634500316155764	4.1027386740552	0.131306425701426	0.429047304477111	0.615676241205501	0.999485226770378	0.571251082251082	0.959599070554691
PF13478.9	-1.76056646716926	-2.10096419006873	-1.4219252943132	0.651811142694497	4.20080132713565	0.137921275629605	0.419720189590245	0.622505762904192	1	0.583558441558442	0.963980601784587
PF00481.24	-1.84040391973581	-2.07021524472818	-1.64391695245665	0.489996494155622	4.34854117921614	0.113259156206449	0.440666668895584	0.672904684645933	0.998983238472874	0.627489177489178	0.967937651280347
PF01887.19	-1.83541166320087	-1.7051697773454	-1.95978583146756	-0.159267932583784	4.30734934937738	-0.0289506739391144	0.483677548905506	0.734725606591084	0.999968928229643	0.747424242424242	0.988122194834369
PF20257.1	-1.76630104463973	-1.54273899859485	-2.03406961445706	-0.337307813789122	4.27499803028045	-0.0726267866296513	0.460359761635369	0.700491901615193	1	0.723190476190476	0.994422230795394
PF10576.12	-1.30731091263432	-0.561251175644983	-2.10502522042451	-1.31293273760953	4.02229061577845	-0.280516681423256	0.35443038562977	0.496478575324145	1	0.495679653679654	0.994365983851886
PF16757.8	-1.62585156207245	-2.29779799824843	-1.00532386882811	1.05244370296213	3.86353259537838	0.232483226428773	0.37508328274276	0.507543340531027	0.997234441647358	0.464935064935065	0.926934120804159
PF02001.19	-1.21478614193422	-1.60470376297199	-0.869215523188146	0.580601804052593	4.18221316888417	0.124509667783745	0.427714859492894	0.656918215901778	0.999430465429695	0.619112554112554	0.979302458858518
PF14024.9	-1.35779157176638	-1.15312816694415	-1.57329000888125	-0.304684128733604	3.86106081344651	-0.0549223382645754	0.467021986568215	0.70548029248373	1	0.724437229437229	0.990363990045829
PF16152.8	-0.712690181664672	-0.461424568105565	-1.02040540787265	-0.416878813763831	3.88966839355048	-0.0901140664217198	0.444370421803586	0.689712503722956	1	0.733493506493507	0.994696404326418
PF18128.4	-1.29139176489219	-1.70103260639808	-0.902919349879699	0.843954377386199	3.98428864802668	0.165577279491078	0.399067292366211	0.620965736835336	1	0.56869696969697	0.964148081460093
PF18133.4	-1.31618106658186	-1.64016667982404	-0.960957903582119	0.558471618774701	3.91134764946603	0.130216666231306	0.42704863700083	0.642047033884483	0.999506655604651	0.598008658008658	0.972543917331219
PF00595.27	-0.773754680443535	-1.21282286332282	-0.276019326215176	0.827552450456486	3.83766820411249	0.189890499744246	0.396000004026034	0.618037667596834	1	0.554471861471862	0.974164729723059
PF04309.15	-0.6877397567954	-0.262277334091603	-1.06180285428594	-0.779065460572938	3.68119959622985	-0.181152776316494	0.401732182328371	0.626103144324099	1	0.618757575757576	0.998512901459572
PF05336.16	-1.39126307970638	-1.46228440969391	-1.31638429922251	0.0801035462526487	4.25799614004301	0.0166259541703877	0.488666667086636	0.74441420574586	1	0.724701298701299	0.99179262807492
PF13244.9	-1.8020327331622	-2.26318380677885	-1.34292883298064	0.854857912402874	4.15934058234782	0.172033343124937	0.401732182328371	0.611822314209761	0.999506086361976	0.554220779220779	0.94642778361655
PF02152.21	-1.56681103141802	-1.64350630381086	-1.53480919303128	-0.13818753813072	4.43589492654141	-0.0250067507793005	0.4840000005932	0.768128103271974	1	0.753852813852814	0.992886940244196
PF06685.14	-0.89075454977396	-1.00014381781604	-0.768569419746775	0.457400300628666	4.32024010080257	0.0914422184068307	0.454000001718247	0.724908710296503	1	0.678121212121212	0.986264984012696
PF02074.18	-0.549805027101725	0.206853236774978	-1.55573891589291	-1.61078826148832	3.72566882641532	-0.364918517212457	0.301333342070768	0.398010383705146	1	0.40561038961039	0.993360039381684
PF19644.2	-0.464254554182875	-2.19218977025272	3.35660354827134	5.546079933035	4.94389940690534	0.994718151069097	0.158666690342258	0.0785631310644324	0.971735316015841	0.0588917748917749	0.613909318574673
PF07314.14	-1.94019671586045	-2.19122291263863	-1.66064412687215	0.692967951561132	4.35802895915749	0.12586462173941	0.430666669284912	0.664982708005792	0.999723514228074	0.610069264069264	0.961794061812621
PF00135.31	-0.877377064742158	-1.57559547804296	-0.0689438135270537	1.58407978825232	3.92780078436672	0.347287217284927	0.321333340919238	0.443731865155152	0.999781800075571	0.377251082251082	0.923321551349885
PF02586.17	-1.59127388983899	-1.13381216260582	-2.07848027400568	-0.829307681082448	3.88359288522689	-0.180102844509229	0.40133333713572	0.596235500479958	1	0.607138528138528	0.993782328239174
PF04256.15	-1.56652231283556	-1.23503592364069	-1.88173111818101	-0.671273113858454	4.02983241544202	-0.141868680642789	0.431712194445903	0.648912426307006	1	0.666735930735931	0.997267904106528
PF12695.10	-1.31245381474276	-1.10276403804586	-1.51506356811141	-0.240413370699336	4.12336187369848	-0.0527270534497225	0.470000001115125	0.716918470951723	1	0.731255411255411	0.996519053965554
PF10719.12	0.749922735005643	1.44287765760346	0.0507231924356306	-1.28437683536656	2.31787931173788	-0.462082708834922	0.276482355435458	0.44499142918163	0.998789827205471	0.294987012987013	0.990973409679544
PF07196.16	2.66306624847455	2.10506285210118	2.83175761922278	0.703312376285412	1.81070316075826	0.360751439210955	0.355096608116218	0.337920846579191	0.999658399363857	0.40330303030303	0.979560237356877
PF01361.24	-0.653495086840711	-0.742713311782828	-0.572354983031705	0.17925655499443	3.44201621701332	0.0450879263383639	0.475682878982846	0.720638207100532	1	0.706536796536797	0.989916192766122
PF13250.9	-1.86710828792053	-1.68130760202794	-2.0949508617969	-0.318781701794549	4.37192513953712	-0.0708261877699971	0.460666668132528	0.700066894679943	0.999685950522542	0.71930303030303	0.993445519697904
PF10544.12	-1.38162403178422	-1.20981612845603	-1.52479542972294	-0.350614375170069	3.94540777348684	-0.0758126743810812	0.457333334925171	0.703059039150094	1	0.7185670995671	0.990937256933782
PF06152.14	-1.85061762135467	-2.16780235916854	-1.48726325070846	0.608424771683992	4.21254165126937	0.129994686386455	0.429713526969265	0.63361646443183	0.998800600601985	0.592761904761905	0.959293741726513
PF03864.18	-0.786355093493093	-0.527681611510868	-1.03908494411549	-0.380174651592666	3.62674570980887	-0.0814251128862589	0.451333335153042	0.705450869910958	1	0.716406926406926	0.997289660651047
PF12961.10	-1.85121159168415	-2.11192717806626	-1.50328153935985	0.529568359708231	4.18660709293577	0.110173044254824	0.440666668895584	0.663019984974138	1	0.615961038961039	0.962568312832449
PF11167.11	-0.224786371647403	0.467722052078386	-1.40235458434094	-1.62636671382515	3.57519884051891	-0.383329008332826	0.299800142063257	0.339557952589939	1	0.366670995670996	0.994674235835417
PF11230.11	-1.25730576746205	-1.02069586648284	-1.49815733706384	-0.419577763668599	4.21666882674612	-0.0821399638429316	0.451698869225096	0.684547284450538	1	0.708995670995671	0.996617582015933
PF16980.8	-1.78059025137202	-2.09562934034597	-1.42079216711085	0.75438731219593	4.26185697329027	0.150614426948297	0.418000003120978	0.618883819484917	0.998328251851969	0.570194805194805	0.962176755275478
PF13440.9	-0.995229221027525	-0.173881367958614	-2.06345061162027	-1.68251263149066	3.67863138296654	-0.366540876014903	0.293333342564796	0.37159289909565	0.99876566938128	0.378926406926407	0.983062568224547
PF11185.11	-0.115270825984195	0.0592124815436126	-0.285470536833343	-0.469703803996913	3.55757486315174	-0.108606806198011	0.443333335459407	0.682201688793931	1	0.720181818181818	0.99936111737867
PF20476.1	-1.03169987956046	-1.05410181975406	-1.00549030001708	-0.141151539567735	4.28372277868946	-0.0253002428831524	0.486342438879956	0.784415504518219	1	0.79017316017316	0.997947351189438
PF18145.4	-1.77997936689905	-1.48144686204448	-2.07964545616535	-0.495617372492854	4.4073457754774	-0.101395873753924	0.43970686435495	0.68397584909407	1	0.694281385281385	0.992731410978607
PF03070.19	-1.47216877331095	-1.6388588400196	-1.31188274982297	0.448452205852084	4.23790725844083	0.100276333331275	0.450000001870557	0.700399718415772	1	0.651974025974026	0.977112145668781
PF01934.20	-0.643996141910391	-0.428990062073307	-0.985184105656921	-0.511361438068037	3.37374928504445	-0.113567588782516	0.428666669363533	0.636512170759449	1	0.683722943722944	0.996855232567803
PF15655.9	-1.82442124030654	-1.63640120114284	-2.05540669755381	-0.271618726536015	4.1563767561745	-0.0561173043952063	0.468000001190059	0.70670800153907	1	0.728497835497836	0.993097684846324
PF02288.18	-1.80546796101823	-2.192016370065	-1.43181786914119	0.740207289579772	4.18917301545481	0.151210495643031	0.418666669760886	0.629263725626656	1	0.573471861471861	0.957712926563963
PF13176.9	-0.385945472267158	0.427857056069265	-1.40163180705827	-1.80555204791937	3.41619636939937	-0.448046223012882	0.268487685783383	0.295523479622811	0.999988618476897	0.29048051948052	0.988677061798302
PF09388.13	-1.05133922885538	-1.15156644297462	-0.954728162978244	0.241603058253381	3.93198994040762	0.0482708207824697	0.469686876541738	0.747916519458798	1	0.702112554112554	0.987236300089467
PF02026.19	-1.55718256389601	-1.16893199068088	-1.96027266724972	-0.739451723334414	4.19966358264613	-0.147074862346807	0.416000003201469	0.612354553838853	1	0.632865800865801	0.995718052762032
PF12718.10	-0.829406943400905	0.631294418437397	-2.06236781068198	-2.5510585600177	3.98858984702467	-0.525367989107138	0.243171232091409	0.272995155637584	0.998135870111069	0.240943722943723	0.982664712175299
PF13580.9	0.302824022430823	0.924508837044291	-0.50536124737294	-1.34135600806804	3.46374197081049	-0.327655582153011	0.318000007770269	0.381650898060131	1	0.404787878787879	0.998097099276922
PF06188.15	-1.7367676884762	-1.470904838854	-1.97124466401889	-0.47117090460624	4.12813243730864	-0.0948033553883179	0.456362426676409	0.683792521993088	1	0.694939393939394	0.993928838002482
PF18735.4	-0.764940716482967	-1.02882962712108	-0.566493966870677	0.453322819216889	3.53718548615392	0.0930909900027793	0.444666668741459	0.648670309262847	1	0.639857142857143	0.981924999031337
PF14262.9	-1.49759813782315	-1.56658231227532	-1.44229203881837	0.247626968382729	4.30487446256289	0.0509172808676669	0.472666667682047	0.73256213491239	1	0.699272727272727	0.993749088434852
PF03415.17	-1.29434909650177	-2.1521462719308	-0.576595569639324	1.53458675106997	3.92739446640831	0.32797006626745	0.322000007549368	0.418547234861997	0.997969535723772	0.370038961038961	0.900507651842662
PF04071.15	-1.89461943107956	-2.21781439348107	-1.50046065292892	0.842601649999533	4.2962051108275	0.165330915491592	0.413724187166488	0.6160740264518	0.997838072503575	0.57778354978355	0.955075628101292
PF11761.11	-1.89207016691761	-1.7651899572048	-2.02362887125114	-0.201896670771934	4.316447743764	-0.0440856909038875	0.480000000741928	0.721916406074036	0.999177160343386	0.742445887445887	0.991230359451013
PF18887.3	0.193813303661874	-0.860311525239793	1.21182942818213	1.42544812348968	4.79577734907857	0.273411976690758	0.36400000543947	0.51971706383128	1	0.419519480519481	0.987021654008055
PF17118.8	-0.876696258655588	-0.558479108808014	-1.20929753730235	-0.679923689750264	3.9817686200016	-0.14385360274575	0.416000003201469	0.608450070078188	1	0.644727272727273	0.995558080650014
PF18899.3	-1.04940081181516	-0.668972037087239	-1.46907236540197	-0.657835568724441	3.85812081581379	-0.153506450600595	0.42438374703289	0.616523876610469	1	0.654675324675325	0.996991105842511
PF17728.4	-1.23827147590082	-1.66417725144618	-0.805409369109343	0.767009140384375	3.81041657490486	0.168278961563213	0.409726852218993	0.608190088851131	0.999481858204884	0.565151515151515	0.964427297419419
PF06616.14	-1.18058546051414	-1.59799376668583	-0.831920448775234	0.725437959600113	3.8775773006587	0.148162657025423	0.412000003363445	0.631419306277715	0.998638957970632	0.570095238095238	0.961175953515656
PF14378.9	-1.82725133571579	-1.6938588399405	-1.97952046961972	-0.297326334856258	4.21728306294607	-0.0552906711037836	0.471019321528573	0.708584550252194	0.999540441216061	0.742675324675325	0.994572808699095
PF12476.11	-1.85299009322601	-2.13534929585406	-1.52923509899084	0.66639092652892	4.27700708206267	0.125676046008416	0.437333335691362	0.638716557381854	0.998909560350206	0.604632034632035	0.958223860951963
PF09983.12	-1.17491736741171	-1.65555885000633	-0.796945499724148	0.684060882481393	4.20034400427128	0.142540764886977	0.42704863700083	0.639309914161514	1	0.604203463203463	0.975332582641116
PF12641.10	-1.87217513920111	-1.60060418541324	-2.09326553845168	-0.480732820597878	4.29146937860514	-0.0861903699019896	0.451032646732127	0.688833198348135	1	0.693718614718615	0.99438590946635
PF14594.9	-1.85041417665946	-2.22030042076369	-1.51818221867507	0.650947883520827	4.15879368473627	0.124616230517098	0.425049969524827	0.636720746777006	0.999474050808823	0.617722943722944	0.956614490540562
PF01242.22	-0.861831988741757	-0.309860718909651	-1.47095301974893	-1.02118729315005	4.03408719693438	-0.20351368253168	0.382000004628139	0.559020566032896	1	0.567891774891775	0.99694119588754
PF07799.15	-1.81223254895915	-1.70845998260254	-1.9137948973334	-0.0682758257402494	4.19440938232582	-0.00938908851746997	0.492338441322757	0.732062385012246	0.999237023215068	0.751787878787879	0.98786227456749
PF01112.21	-0.696217229479058	-1.21813922711686	-0.142675702711271	1.03722149824452	3.9566032671959	0.223116403189138	0.37708195020865	0.579242914303476	0.998909560350206	0.504974025974026	0.958669100564118
PF20092.2	-1.85540532957343	-1.76413783012239	-1.95130241659259	-0.147224256675092	4.17440508579171	-0.0349984938927762	0.480346436437592	0.721142625856974	0.999057572977045	0.754168831168831	0.989893513765032
PF11202.11	-1.56508973625945	-2.08436032259134	-1.01284139960645	0.98546093282005	3.97931970838107	0.208652056700813	0.385742842566878	0.559858213265004	0.995264257245881	0.514961038961039	0.93620136502776
PF15608.9	-1.59665030618969	-2.16250620584773	-1.06225075854629	1.01043225824018	4.05510780029496	0.209344715933823	0.386666671091537	0.548909294165937	0.999018489197475	0.506372294372294	0.942013891280443
PF03190.18	-1.84248500644716	-2.2049815379501	-1.53093574837481	0.628884619343856	4.20665204209553	0.120771271932587	0.430379749461449	0.633695877276029	0.999921853653189	0.592909090909091	0.964497131190382
PF00719.22	-1.52369319428494	-1.59546709833043	-1.43133221007337	0.219309436940533	4.09230729692618	0.0453285540687771	0.474350433995858	0.729736493234067	1	0.707181818181818	0.986328443553041
PF03683.16	-1.79097365498543	-2.13720918752828	-1.42704911061341	0.674881494844541	4.00493968422292	0.15228287282207	0.42238507955727	0.638450090421603	0.999214705809885	0.596337662337662	0.955853019406502
PF11848.11	-1.84086190547501	-1.70479280213841	-1.99026208502935	-0.33483648470712	4.29362122599822	-0.0599065449928188	0.466000001265109	0.707721699824657	1	0.728099567099567	0.993612055250334
PF06067.14	-1.84156107224427	-2.25447154857736	-1.47631824897146	0.783808287124117	4.16081646602993	0.158181646598231	0.413333336642635	0.605945917441082	0.999574495130445	0.570454545454546	0.965979466807962
PF05448.15	-1.85823869576384	-2.20015971998829	-1.50476171487038	0.658989365525292	4.33850287697383	0.135918212765977	0.428000002723133	0.635539383978194	0.997938885614943	0.590311688311688	0.95914321051887
PF06496.14	-1.7964760588445	-1.62531300209908	-2.00010968608668	-0.301917668307079	3.95428029478816	-0.0586305884934435	0.467021986568215	0.694653161497661	0.998118344543446	0.713922077922078	0.991678222587372
PF12408.11	-1.8674989977961	-2.1701255236161	-1.52178932278781	0.625237467063195	4.28319405780305	0.124773927831689	0.433333335847159	0.645540171700676	0.999802645860943	0.604341991341991	0.962398234596639
PF13420.10	-0.425184647434321	0.493507733760753	-1.51615018215773	-1.74027841919765	3.75354609244134	-0.41936275616939	0.283333343213252	0.36390877526336	0.99972478273964	0.344709956709957	0.990257854718419
PF06013.15	-0.916165047344574	-1.08455806245076	-0.724291721236851	0.201031245069518	4.10123471755421	0.0387292860176121	0.477333334174568	0.733645704046625	1	0.712181818181818	0.992093118688992
PF10066.12	-1.60806006255538	-1.68822924888509	-1.55539310742049	0.151927352758368	4.32787080276905	0.0294420245200407	0.482000000667532	0.74390365664916	0.999779483651926	0.706445887445888	0.98791280109908
PF14133.9	-1.85208289516989	-1.64174476733174	-2.0919090421791	-0.367895853051157	4.22000438078535	-0.0719526643599466	0.458666668208064	0.702725066776136	0.999215818557588	0.714406926406926	0.994635659538808
PF14200.9	1.7126211325702	3.23907821425328	0.597589748990082	-2.42373176654288	4.13123904247697	-0.512299927248561	0.248666679122591	0.243130152609234	1	0.199363636363636	0.99931247045645
PF10022.12	-1.31954704497635	-1.16353863781947	-1.4422867857859	-0.186495197048616	3.75349555080198	-0.0440165167054697	0.47666666753275	0.725364257829235	1	0.742069264069264	0.994716543627212
PF00932.22	0.524094166340456	1.20230610193461	-0.389153602317242	-1.58593725213389	2.57793783090387	-0.533098520242697	0.247333345900539	0.190776157615445	0.996686492605119	0.229307359307359	0.983783759386433
PF15417.9	-1.85198239246118	-2.1934051255987	-1.46675793390151	0.729110203953243	4.23147997529919	0.145708473226018	0.414666669921978	0.60894949321493	0.999444755799002	0.578800865800866	0.947650080270517
PF14307.9	-1.63563549829245	-1.70434165530173	-1.57874618704208	0.171638826102888	4.15637839456493	0.0386148386509154	0.479680213944031	0.739225665064201	0.999838024980347	0.717099567099567	0.984746140349038
PF05711.14	-1.2634053375615	-0.932949948521852	-1.57230872353339	-0.601152233825405	4.28951243248818	-0.115751951893572	0.429333336003963	0.662284785210224	1	0.667181818181818	0.997460578996114
PF03869.17	-1.5796169314992	-1.65345640441564	-1.48006736081472	0.250386325017786	4.0178138651883	0.0552604632170848	0.469020654048339	0.700154964226079	1	0.696805194805195	0.981061765499606
PF14607.9	-0.888284121199549	-0.193432670869504	-1.5082075001193	-1.2430317674527	3.77537892419825	-0.283148810101806	0.348434383255266	0.509529378802659	1	0.489190476190476	0.990979544131157
PF14606.9	-0.883911711921407	-0.231724148836663	-1.45509945021376	-1.29253850771455	3.89062117189621	-0.263949901522539	0.350433050712716	0.509742997605194	1	0.501558441558442	0.995066801338942
PF02927.17	-0.621334250721436	-1.66986920211538	0.210112774602898	1.68040518743675	3.58180809098691	0.399950379389265	0.285333343080642	0.356987214455517	0.996545336081683	0.288056277056277	0.868137828314204
PF05057.17	-1.8422864038284	-2.20356637103204	-1.48302960549352	0.606714740872688	4.08930906436724	0.135435901807206	0.428000002723133	0.622816316773173	0.999927357977651	0.598809523809524	0.960881896214097
PF06686.14	-1.24417213131819	-1.59236138063089	-0.794779298285247	0.790875655200315	4.0383907532077	0.156933223833595	0.404000003691644	0.616173669665174	0.999525689512708	0.569506493506494	0.963823728716993
PF06965.15	-1.38100808679546	-0.731646383441609	-1.89277085858768	-1.05499511008986	4.18082577042826	-0.226725819968628	0.380666671353383	0.580477755318707	1	0.586099567099567	0.995241334632698
PF00245.23	-0.592035661428566	-0.588872116316064	-0.597277970409987	-0.926679734758606	5.11445704695585	-0.146240765002619	0.443704199310853	0.691159716518846	1	0.727995670995671	1
PF12892.10	3.84159041420366	6.96296201595872	0.906174333560054	-5.37999905827827	3.7839957416973	-1.51397371008664	0.0286477249158083	0.00958717157749107	0.981179633501767	0.00538528138528139	0.762610017604715
PF17210.6	0.694944617849971	0.680688479332562	0.703440783467274	0.346982505315456	3.07838402702869	0.087183193924453	0.453697536704118	0.652225967180369	1	0.699878787878788	0.994473086760712
PF07450.14	-1.91525873316394	-1.74510022910888	-2.05790960382356	-0.294184814978801	4.16220350323735	-0.0594780764255318	0.469020654048339	0.693838707134521	0.999458188353096	0.723948051948052	0.991966054843426
PF02633.17	-1.26188058818205	-1.12110601143358	-1.43459248130039	-0.353969632009042	4.24461991947828	-0.0628550781198803	0.461692206621819	0.705543882322306	1	0.734878787878788	0.998297143318111
PF03927.16	-1.86386983329142	-1.71125039450419	-2.02417608396487	-0.196330833848966	4.13523333387291	-0.0408982824011646	0.474666667607353	0.701438670554742	1	0.734995670995671	0.990672692703744
PF02335.18	-1.25611504756969	-0.506890646271309	-2.00098940957793	-1.26716861527389	4.05704140068229	-0.273917658091183	0.357761498062769	0.510365710164023	0.999301476716948	0.510151515151515	0.992803484543517
PF06675.14	-1.77720117294026	-2.04755461193516	-1.5102613765808	0.593698836520979	4.20109565203267	0.116452355823557	0.434666669128451	0.663709635580658	0.999632581263209	0.616341991341991	0.971368005567857
PF01106.20	-1.89362522868241	-1.77866113004039	-2.01137238113834	-0.1858183034096	4.29393244041031	-0.0396495929128677	0.478347768956934	0.713634955153174	1	0.726865800865801	0.986604015952394
PF02626.18	-1.81315334940348	-2.12314817908401	-1.48747759032398	0.672321467181516	4.10714368763745	0.13287054664438	0.430000002644423	0.646154620154736	0.999497792371527	0.601718614718615	0.95756843464396
PF02538.17	-1.62275398822198	-1.06506251178846	-2.03251950835941	-1.14861068136091	4.43254140139607	-0.234218888206522	0.380413062652985	0.567754936019435	1	0.588519480519481	0.998077771913744
PF01894.20	-1.56950657645836	-1.66445079920284	-1.47866405425451	0.120206518145665	4.08433903613703	0.0294878930331986	0.482000000667532	0.709092999431506	1	0.686424242424242	0.977042944087678
PF03437.18	-1.86619774941293	-2.18105106961172	-1.54894861475237	0.678345763964993	4.03687745519147	0.133060441235557	0.432000002565979	0.6194674424789	0.999158039237481	0.590064935064935	0.955229821877889
PF14903.9	-1.59734819725338	-1.59166983632749	-1.61165543646774	0.0881747509760489	4.85704200445177	0.0178918742209729	0.490666667012466	0.761940138943685	1	0.738805194805195	0.996388942615428
PF19823.2	-1.36067605410284	-0.769872551719976	-2.02696035917379	-1.10203529829681	3.99179264824636	-0.232261536813018	0.370000005163893	0.534270819310884	1	0.536692640692641	0.99298312617048
PF08664.13	-1.62812628548236	-1.20042342191507	-2.0293154741064	-0.882813622725299	4.1030217383766	-0.174224550664958	0.413333336642635	0.629584209170223	1	0.64430303030303	0.995860801646634
PF16868.8	-0.398847553087468	-2.24652632771935	0.905352719731954	2.95574945323639	3.49599086275418	0.780145814157386	0.154000024590135	0.133475225924018	0.975901746563655	0.0775064935064935	0.60097079370619
PF06506.14	-0.654880115485229	-1.04527220814451	-0.326129392676196	0.587105016268315	3.58701230519711	0.14076622993973	0.418387744606937	0.623931923945254	0.998961416545636	0.577818181818182	0.973277321588204
PF13660.9	-1.78680165729906	-2.2282054905906	-1.36971611046572	0.814443713723118	4.1952467792485	0.161101993196137	0.40866667016615	0.589183578906327	0.999342558769948	0.550316017316017	0.949693598846016
PF05161.16	-1.88126303310242	-2.32367876914376	-1.48803221619343	0.824650182245927	4.12624865785313	0.167501009244661	0.415333336561705	0.596088599572197	0.997747445914027	0.575220779220779	0.944907073827383
PF18933.3	-1.86123205409411	-2.2514051216954	-1.50684937316404	0.626045633496044	4.17306986886844	0.130080089887565	0.429047304477111	0.620868166404927	0.99881023149742	0.585090909090909	0.960254991124249
PF19598.2	-1.85399087466299	-1.69069406567558	-2.03889982492244	-0.268646300035423	4.20268921364096	-0.0592897081559996	0.468666667831736	0.695109102582018	1	0.717268398268398	0.991826161824627
PF05128.15	-1.85093101142047	-2.23046489440511	-1.49946660067472	0.651293621488053	4.07897313169115	0.137885196093273	0.42266666960106	0.619048688088642	0.999536467745338	0.589805194805195	0.958012905579288
PF14209.9	-1.61129060903422	-2.18960380846564	-0.975015283670637	1.18086366398671	4.29464457504093	0.235959047815142	0.378000004804562	0.539917470777005	0.999856721286115	0.485761904761905	0.938991814043841
PF19854.2	-1.59928002110447	-2.28018950475359	-0.999963370057888	1.17692281067987	4.01537059847718	0.250278951377992	0.361333338897062	0.528277789978919	0.999866104298385	0.469541125541126	0.93307916236903
PF13200.9	-0.0895353226058049	1.06825850681284	-1.48071950369031	-2.34284680647284	3.40107516409955	-0.613235350063699	0.204666683466006	0.19390229242378	0.999413041007544	0.165761904761905	0.964689691116307
PF09639.13	-1.88648807045799	-1.66540313741139	-2.13412370552291	-0.341120533206149	4.17690524744202	-0.071652020092704	0.460666668132528	0.695846527743173	1	0.714168831168831	0.992469501127281
PF10097.12	-1.19500333311359	-0.443283487428175	-1.89001303530554	-1.27829489727968	3.8856738928754	-0.282174680105404	0.344000006400862	0.487319382898361	1	0.475155844155844	0.993637640735442
PF10123.12	-1.60321039861924	-1.6890182332805	-1.51003657604828	0.196716955352798	4.10726444527335	0.0436643345455777	0.480000000741928	0.721543033718725	0.999744335377079	0.700428571428572	0.973397713787737
PF14532.9	-0.848493522905014	-1.00578218855643	-0.718820914404414	0.263447638777921	3.55840502307174	0.0667619477938403	0.468666667831736	0.710757537723763	1	0.698424242424243	0.988878154386815
PF06262.14	-1.80377411048149	-2.12420996055264	-1.472952365299	0.653094715458332	4.2764240494427	0.127647473295932	0.432666669206554	0.640689820566294	0.99908349893619	0.614190476190476	0.96169468393267
PF11193.11	-0.442868344291018	0.456755851198392	-1.56132088074138	-1.70214436125268	3.60435201455222	-0.404178441249898	0.281333343347389	0.351699207512547	1	0.334441558441558	0.989392911075797
PF05489.15	-1.84456177096881	-1.70788868616804	-1.99427461062981	-0.329849805726164	4.2412045665396	-0.0600873480201291	0.4633333346987	0.71395317843468	1	0.735359307359307	0.993183685889057
PF09684.13	-1.82724879117924	-1.72083316335395	-1.91990059911963	-0.227687402705604	4.15924218112866	-0.0418503744197453	0.476349101476354	0.734787932590898	1	0.754982683982684	0.992747665569133
PF13644.9	-1.85939315564387	-2.21877741980655	-1.48715830265204	1.04798447321253	4.5485585389968	0.200733268393727	0.400000003858024	0.590361559832152	1	0.557376623376623	0.968864995338708
PF18481.4	-1.82866441126819	-1.61278943511239	-2.03764837506617	-0.332612991416734	4.33230984566808	-0.0611888772836156	0.467688209061577	0.701410612894555	1	0.720333333333333	0.991707744188032
PF19407.2	1.85683960350556	0.787119941371637	3.30119972077842	1.84540318978901	3.41303824728715	0.495994677707612	0.242666679631739	0.3138637043491	0.999341411819973	0.159909090909091	0.907962381497415
PF04143.17	-1.83323901826837	-1.6158217448121	-2.050553994341	-0.484231385942678	4.41761434370903	-0.0950338465397335	0.452000001794314	0.686946739829972	1	0.706926406926407	0.995151547406907
PF11823.11	-1.74494622382654	-2.09421684107538	-1.47157532711568	0.590568066831177	3.98895401568436	0.127963249021598	0.428000002723133	0.640111032998632	0.999042343223644	0.613727272727273	0.96658900004079
PF04412.16	-1.84778967431986	-1.66579895592558	-2.00783580270646	-0.244424257432953	4.25807802462992	-0.0425166504270762	0.473333334323805	0.710588733641981	0.999622407029573	0.737155844155844	0.984541782120982
PF11672.11	-1.83005275688649	-2.17841520286546	-1.48855531111821	0.662730591583593	4.23987690511879	0.133514605948241	0.430666669284912	0.630615889578481	0.999715156217518	0.599536796536797	0.964458663623035
PF16554.8	0.443977994163776	0.895690328886269	-0.353456412262904	-1.20718271814382	2.5296971715972	-0.413882662145665	0.287808137487236	0.25676137028398	1	0.340484848484849	0.991339929148985
PF09043.14	0.914362804542129	1.61719919059144	0.191474483853187	-1.40880752985078	2.20035569138441	-0.526128990723385	0.230000014116313	0.22102114957573	0.997574092751486	0.222718614718615	0.975503671489689
PF12544.11	0.209125005415133	0.855941770610168	-0.517984608642578	-1.29789801299361	3.17089236045871	-0.358047916383995	0.301798809497187	0.407031050946613	1	0.377316017316017	0.991256614411133
PF01427.20	-1.33471378125577	-1.19733679832516	-1.48974992517522	-0.14734799534662	4.10809337783793	-0.0321288727343734	0.48234510391832	0.735901914945817	0.999782582747262	0.763307359307359	0.987770037527129
PF14246.9	-1.79220520629734	-2.23760751686424	-1.42123161658525	0.749444819743719	4.2282772220923	0.153550228243714	0.416389077132241	0.637245074614458	0.997872636933298	0.585393939393939	0.953378336378136
PF03457.17	-1.00605325698206	-0.637795214460632	-1.34429261844012	-0.603070192364077	5.05047833273817	-0.0991796656561987	0.455333335000962	0.715848285140099	1	0.750233766233766	1
PF05728.15	-1.81604267798232	-1.65124108547303	-1.96479469095754	-0.241854493023861	4.23073311157238	-0.05042761913737	0.469333334473424	0.703642646775113	0.999698549281901	0.73274025974026	0.989531630754473
PF16929.8	-1.66419569359032	-2.28188002600053	-0.959321017802891	1.26672984079878	4.13812159982878	0.259798163187146	0.352000006007865	0.518926922096184	0.999177591834906	0.457965367965368	0.933061142525817
PF16011.8	-0.643356194451608	-1.19898187672083	-0.124397042277216	0.937387751996512	3.68540368060194	0.217612348015385	0.37466667161987	0.553999185451512	1	0.486030303030303	0.956776010679803
PF06249.15	2.1238445702023	2.4213301962421	1.87460850116943	-0.515254053681314	1.36316540691618	-0.341655401971558	0.335109933558651	0.423138845696222	0.99958181823946	0.468298701298701	0.997482793883322
PF19062.3	-1.88074008333407	-1.68764880635288	-2.02157773771707	-0.251949514642906	4.35429285248821	-0.0552666704606095	0.472000001040299	0.722931578750593	1	0.737974025974026	0.990892985142652
PF14588.9	-1.45998001181566	-0.628005183867095	-2.04829355116483	-1.42418437832827	4.27701365166164	-0.278126338929081	0.349100605741001	0.511236370570803	0.99898184465433	0.505445887445887	0.994428440494138
PF16481.8	-1.63972419163299	-2.11532750148201	-1.03461000494035	1.11238492440612	4.16968075804687	0.225393499423886	0.37708195020865	0.545426731348013	0.998108532729174	0.480735930735931	0.945139090515544
PF07694.15	-1.76567575115202	-1.5995652530288	-1.91092354226565	-0.324022264231044	4.18444617883991	-0.067545069952602	0.466355764074866	0.710415625786207	1	0.733424242424242	0.99402416739274
PF12787.10	-1.87348195467225	-1.7292193099947	-2.02679852220665	-0.245544815463428	4.36205248183797	-0.0462303235963119	0.473017989008912	0.710512176141017	0.999859763142172	0.732601731601732	0.990126801749433
PF16569.8	0.426310442997405	-1.6281577964165	4.20553636512526	5.15592466385612	3.720766723849	1.30881577565742	0.0906667126374239	0.0385895860473007	0.923930681493067	0.0173376623376623	0.412503690573054
PF01633.23	-1.8401535222072	-1.6620871449632	-2.00920644805148	-0.23826622622895	4.25812045180792	-0.0559933597174914	0.474350433995858	0.710688092209953	1	0.734376623376623	0.986519734071131
PF04587.18	-0.986222872803587	-1.01418237693809	-0.948690859892627	-0.0681911608635293	3.97716937271579	-0.019337941618671	0.488000000444701	0.756165898088507	1	0.761082251082251	0.992684714549335
PF07385.15	-0.824791671043509	-1.02225058834374	-0.647372531047609	0.21826386835644	4.06186784767713	0.0474999135004195	0.476000000890941	0.736936894959466	1	0.71891341991342	0.990350666718448
PF08484.14	-1.79481040789175	-1.58925624113527	-1.96162927177917	-0.270152010500382	3.99092986529669	-0.0583991398441091	0.467688209061577	0.717107811983338	0.999481991895706	0.727454545454545	0.992735550551388
PF14486.9	-0.132854950895363	-0.902978517008569	0.426533690872447	1.04327792305412	3.70147822849845	0.254268751094689	0.361333338897062	0.488941699295467	0.999840743872606	0.447744588744589	0.958685889337914
PF08901.14	-1.55295668095277	-1.63702344540027	-1.46213773426941	0.155777067175116	4.08220337829681	0.0260710444235092	0.479333334100075	0.723887743396787	0.999506021336285	0.69912987012987	0.97087170175757
PF16729.8	-1.93508376281123	-2.25965737560786	-1.57274206727501	0.719216355401572	4.26729704269965	0.139368854552816	0.42438374703289	0.646237213695561	0.999944019602382	0.599909090909091	0.964882973987198
PF06149.15	-0.769154851673343	-0.344659153399166	-1.10473718059057	-0.629677454300843	3.79612740641109	-0.131781026943524	0.42105263457369	0.659666237134624	1	0.651268398268398	0.998603094789653
PF06166.15	-1.32121542444651	-0.719009996992101	-1.95968247008405	-1.10476366470595	3.72727336883299	-0.256252906509069	0.370000005163893	0.51487678311731	0.999727952317546	0.517242424242424	0.99236343925003
PF18002.4	-0.451228797994401	-2.23732546683195	3.88078933289827	5.17245131236505	4.67750321973358	1.03463175361513	0.150000025417554	0.0805413409801544	0.957105521084152	0.0568441558441558	0.598980769835861
PF05045.15	-1.23933721975716	-1.22628532869999	-1.26404511155944	-0.29795488143288	4.1779844058064	-0.0597730096436796	0.468666667831736	0.730368970855068	1	0.763982683982684	0.997565465747852
PF01208.20	-1.54340349750235	-2.1944448355889	-0.762707236519161	1.35364890556027	4.22071311811388	0.281147762171831	0.356429053089343	0.525010289962719	0.998815655195522	0.447766233766234	0.921819994693936
PF12832.10	-1.50616679813989	-1.04539684747393	-2.00270256452551	-0.895640150760725	4.05594364225851	-0.179716364630953	0.400000003858024	0.608152810854148	0.999989604772106	0.61004329004329	0.997038107108872
PF09106.14	-1.11794012303606	-0.708229564900765	-1.54600539125062	-0.662557037579162	3.97416961013746	-0.154342048795307	0.428000002723133	0.631168576343861	0.999700649427899	0.66361038961039	0.998263853193592
PF09107.14	-1.12842788001346	-0.792368209186365	-1.57255965246213	-0.684997144543972	4.07120421619601	-0.145230402312822	0.42066666968082	0.632643337373181	1	0.669363636363636	0.995954916120753
PF12390.11	-1.63779551761644	-1.80109999294542	-1.52770602221851	0.245386315531944	4.08889490178517	0.0516575918825038	0.474000000965574	0.723993840644535	0.999636380825878	0.700012987012987	0.983083000974413
PF03841.16	-1.45523554562671	-1.63308305199848	-1.24066843320486	0.372558607182314	3.99666258685247	0.0812838551902265	0.456666668283751	0.704741776385405	0.999677565630657	0.671965367965368	0.970950027842377
PF10668.12	-1.49173555191362	-0.869073205953269	-1.99271703342878	-1.13694114442229	4.26765576532082	-0.226436484470887	0.384410397588074	0.550702726093545	0.996680593897027	0.572450216450216	0.994152496098889
PF02126.21	-1.58698324589885	-1.72448377372763	-1.44929131080708	0.355151916751359	3.99299207935049	0.0712753453147205	0.461025984128586	0.699988290358455	0.999744654937802	0.677731601731602	0.98072411940614
PF06560.14	-1.81883187739739	-1.65429022931595	-1.96136968627588	-0.284778541023719	4.15505487365238	-0.0555989631797519	0.465333334623486	0.720179759628646	1	0.73569696969697	0.993649124080838
PF13823.9	-1.33844765085928	-1.6904834528445	-0.990515522214561	0.565367557245215	4.03307461748943	0.114000674141657	0.433710861922799	0.651261938727209	0.999572432103997	0.619203463203463	0.971609523537958
PF09711.13	-1.78984227505334	-2.15180618018466	-1.4028181528206	0.709412087628418	4.28969602342264	0.147727147967277	0.430666669284912	0.618569358241787	0.999694885562831	0.577502164502165	0.96531364025099
PF16593.8	-1.84115046715389	-1.67528464748223	-1.99607215430727	-0.309858822209159	4.36769991791468	-0.0549362282731852	0.468000001190059	0.703808815677115	1	0.72430303030303	0.997297646830342
PF16592.8	-1.63848505271028	-1.08574789505328	-2.16664483098106	-0.969367381938341	4.17476196138614	-0.201107395369478	0.394403734934204	0.585085484563208	1	0.590606060606061	0.996455256165095
PF16595.8	-1.56166929788874	-1.07872203539312	-2.00510740057896	-1.00357549726821	4.20692219835544	-0.210478910352679	0.394403734934204	0.585797833428061	1	0.607203463203463	0.99777202526115
PF14213.9	-1.90293345241181	-1.67552146932213	-2.13115209965592	-0.256191504291099	4.27100371866454	-0.0580774772150816	0.472000001040299	0.697531667752414	0.999598572127472	0.715822510822511	0.988866682852476
PF01519.19	-1.83279486122967	-2.12569120229633	-1.51255021799384	0.59097981709645	4.16575258307376	0.127686132730247	0.429047304477111	0.645195130743719	0.999831757696434	0.607900432900433	0.966884913782246
PF09471.13	-1.41226057366002	-2.12051688358543	-0.608945816470929	1.3674758652744	4.00479944060997	0.283577043410831	0.351765495684751	0.493966163499967	0.998605433340451	0.422376623376623	0.920488128340664
PF08878.14	-1.80725343031338	-2.17133941410222	-1.51431859952685	0.636950841124214	4.01004191429312	0.129233881712815	0.431045971953661	0.646061793628861	0.999427681567319	0.609558441558442	0.964715867546499
PF20453.1	-1.78126364607467	-1.60401526024025	-2.01100714717653	-0.277959305953764	4.20550653387397	-0.0587501437143866	0.472666667682047	0.685406843924461	1	0.719337662337662	0.989377659000316
PF12952.10	-1.86723382295556	-2.13888380299359	-1.59135005923605	0.699955603754177	4.32051630483063	0.124443202767821	0.428381081984987	0.635843255407074	1	0.597160173160173	0.961743577885116
PF09903.12	-1.80655749656992	-1.61052101786487	-1.97919139586704	-0.323966704830378	4.18650877245449	-0.0602485420852123	0.469686876541738	0.707279327019939	1	0.712506493506494	0.989477125836024
PF19615.2	-1.19206709170843	-1.64765061733281	-0.719913973074778	0.830555064935062	3.94087817147864	0.180428972532932	0.410666670084409	0.60383141305645	1	0.543995670995671	0.951213280055635
PF11731.11	-1.49730411979705	-0.907590514633953	-2.04977736789409	-1.05439671763247	4.40221170887455	-0.194202220560184	0.38840773252513	0.57459597156825	0.999377783916655	0.579774891774892	0.992569896158765
PF18495.4	-1.1288872468054	-0.792245527238808	-1.51358557468602	-0.651094768245715	3.81011608567997	-0.141421483290412	0.418000003120978	0.626865880528624	1	0.658142857142857	0.997707870564647
PF16219.8	-1.06652029476699	-1.6816680061007	-0.496084142584684	1.00180353347712	3.95985249068436	0.218944790985694	0.381079285142026	0.549480291891537	0.999853963904859	0.497489177489178	0.952393095052991
PF12651.10	-1.83466919894202	-1.78270530175427	-1.88461438734245	-0.0611510794163124	4.26636933439335	-0.00813717556021486	0.495333333506188	0.737694243924844	1	0.764935064935065	0.988209289165103
PF07862.14	-1.64449225780672	-1.68676851289787	-1.5980923948894	0.240042575127888	4.33091152966342	0.0406540677799814	0.478000000816395	0.728207987806171	1	0.70238961038961	0.987965663130514
PF09848.12	-1.58319363808262	-2.16116389640877	-0.966829786107166	1.03552247602491	3.97913041453171	0.231447385362321	0.372666671709787	0.519833956969995	0.999468635082003	0.46974025974026	0.948320386585902
PF18211.4	-1.57011206926761	-1.72090699071776	-1.35511902500601	0.408199601491439	4.33327693018647	0.0762021210154651	0.459027316648982	0.688160708912149	1	0.654251082251082	0.980616410082303
PF13392.9	-1.90816730165763	-2.29694187238087	-1.55265174967834	0.619086205495537	4.14593118834119	0.135325633848724	0.428000002723133	0.627540100508876	0.998451720438384	0.592774891774892	0.966027367177837
PF16656.8	-1.62568437371075	-1.20593284988618	-2.03747299203206	-0.749719159429294	4.21803418988158	-0.152650864962058	0.418000003120978	0.63941629675902	1	0.64121645021645	0.995168060404905
PF18851.4	-1.81402205950938	-1.7295826132345	-1.89970867577271	-0.184035982274575	4.1923479735173	-0.0382785000325001	0.480000000741928	0.731258253389754	1	0.759164502164502	0.990565890922764
PF14539.9	-1.79629208054524	-1.61998253347046	-1.95440376014273	-0.34342352556154	4.00614105788667	-0.0712731705339582	0.466355764074866	0.705366780084827	1	0.733770562770563	0.992033506796176
PF02040.18	-1.83583387323874	-1.66050395334591	-2.01818594783053	-0.343379201660636	4.39355897245483	-0.0710191165892592	0.464357096594903	0.708244806463981	0.999866178654351	0.729108225108225	0.990228322668007
PF03626.17	-1.86734720266556	-1.64257541534662	-2.14637083789652	-0.399737283019793	4.11961093151999	-0.0877064912271763	0.454000001718247	0.690117361402873	0.999091410644029	0.713177489177489	0.991755669213446
PF00146.24	-1.05247684965213	-0.907603964289676	-1.1815816786797	-0.39500840495191	3.96809752744533	-0.081680953144484	0.453031314211091	0.707724874194339	1	0.733082251082251	0.994114460558131
PF05015.16	-1.61959105085496	-2.21307377543685	-0.971243660977251	1.12539319323158	4.15322875921217	0.236672187356915	0.369753502836437	0.560171643544734	0.999448790046344	0.497896103896104	0.939392312939508
PF11617.11	-1.78384940932495	-2.13030704272812	-1.37870247884097	1.03544280088731	5.25716282463263	0.198766637341602	0.40933333680553	0.565757943172072	0.999889177464503	0.574831168831169	0.960918680862062
PF03599.19	1.93574830550114	2.04954314286147	1.81690825461897	-0.262114131992093	1.53163360304657	-0.154800081967503	0.424666669521598	0.662416959333529	1	0.672640692640693	0.999121372454706
PF04445.16	-1.61444290930223	-1.23439594878464	-2.02068041908535	-0.676339557059244	4.12333743307292	-0.136200755997389	0.428666669363533	0.642164807821061	0.999281951184624	0.651969696969697	0.996523042787098
PF12368.11	-1.84117072855292	-1.71650964174267	-1.9924656063634	-0.240672002844761	4.16305655315291	-0.0514120345315941	0.477333334174568	0.708300042285319	0.999488439545185	0.732857142857143	0.988917564754923
PF14063.9	-0.671582203154938	-0.651502444500905	-0.684931821204039	-0.222005394583094	4.17950873507588	-0.0494289227627146	0.47035309903515	0.75329366607858	1	0.761528138528138	0.997363979952184
PF18004.4	-1.84815138765672	-2.16206676291354	-1.48608266984445	0.656697025467904	4.21425279795557	0.14732558919238	0.424000002881386	0.631519190589177	0.999778124660255	0.590294372294372	0.959151643424771
PF11307.11	-1.79411207533694	-1.64219067851923	-1.98378484353435	-0.345780546535996	4.30593074077585	-0.0679587060449535	0.466000001265109	0.721156002725593	0.999587578006532	0.732813852813853	0.993479193169052
PF02730.18	-0.454303639547986	0.02858019310671	-0.78292312650457	-0.905586019380231	4.12380287948557	-0.186685324016306	0.402666670413595	0.643131339318688	1	0.617640692640693	0.999577926693065
PF01314.21	-0.45435119584577	0.0150728165303997	-0.803594386789007	-0.896314111633651	4.13686671911695	-0.193324759998701	0.397734847385403	0.605544862367097	1	0.601051948051948	0.999026221461409
PF07675.14	-1.18308699201157	-1.46401852549466	-0.94372328742817	0.220510736844676	4.12916452488743	0.0505667328803325	0.470666667756838	0.699397153178868	1	0.687419913419913	0.987213179227112
PF16271.8	-1.60447279757416	-1.66323505686932	-1.51849482118465	0.156457079080393	4.25668872616135	0.030398562890714	0.482000000667532	0.726154305945542	0.999851673953474	0.695774891774892	0.983178729415982
PF05402.15	-1.25658625810907	-0.971883720864423	-1.48320813349554	-0.405004837549824	4.13668569420803	-0.0839843958781055	0.454363759197163	0.683915045203464	1	0.708264069264069	0.997695866774696
PF14279.9	-1.86793147948951	-1.7040006800456	-2.03501265454166	-0.351139362179873	4.24444591949735	-0.0669313812761548	0.470666667756838	0.724474527842437	0.999806452377252	0.733796536796537	0.993990541964376
PF04893.20	-0.973170783075448	-1.66504779591243	-0.227530614776142	1.28386736340474	4.00665925122992	0.289951801882527	0.349766828226818	0.508257161950772	0.999889463002423	0.436099567099567	0.950065733437595
PF03279.16	-1.10638493120197	-0.771693261009994	-1.43768875436331	-0.7062202319282	3.71531628218255	-0.159788629367143	0.407333336887512	0.615410519377967	1	0.616021645021645	0.994478107912386
PF15495.9	-0.456812770701026	0.644328033720235	-1.45454482594569	-2.08613475057298	3.74927946783756	-0.475845742188448	0.257333345090326	0.308258637122453	1	0.284796536796537	0.986372958660722
PF16889.8	-1.88316832234513	-1.73212217687226	-2.00682490696131	-0.293532522633548	4.23384408207623	-0.0640978869009106	0.467021986568215	0.718564847681447	1	0.746441558441558	0.99494432792494
PF07884.17	-1.85613437106737	-1.69320028954808	-1.98084441921481	-0.317266330705474	4.10016712099429	-0.0664143320949547	0.467021986568215	0.712974017065799	1	0.732186147186147	0.994048597351582
PF17650.4	-1.4812884240123	-1.49377664227038	-1.46404886775146	-0.102869428638587	4.10700071815257	-0.0221723302973318	0.489333333728575	0.756057196288154	1	0.754939393939394	0.992844184565414
PF02563.19	0.768310255746016	1.18904026766044	0.239009390847012	-0.928520106944807	3.37571169649088	-0.210978643000471	0.386666671091537	0.517054557516259	1	0.538701298701299	1
PF08269.14	0.073306370510676	0.993198437363231	-0.620505296207199	-1.35769514774835	3.41596209045906	-0.33277134852713	0.316000007882261	0.493246857753871	1	0.40361038961039	0.997578891097762
PF13207.9	-1.88437253542856	-2.19372551842544	-1.61501821373701	0.638461706616263	4.06367081997656	0.138635458661281	0.428666669363533	0.639669599533848	0.99931625773789	0.612874458874459	0.967787746383647
PF05962.14	-1.59876395563123	-1.63280680702197	-1.54220304521177	0.132141935892869	4.19057548291307	0.0253725372968768	0.48434377139911	0.732842468408114	1	0.700536796536797	0.990649951501712
PF13726.9	-0.699669571591176	-0.717322741594544	-0.663410574661993	0.297570776285603	4.03597289127008	0.057833345661172	0.468354431554951	0.765012881251578	0.999683545894315	0.716580086580087	0.990337630863973
PF02805.19	-1.87541272257869	-2.13024061950306	-1.60925109806729	0.602726744106279	4.29568626797575	0.122961522101009	0.44000000225469	0.630362537122512	0.999986357728721	0.613467532467532	0.961773225616433
PF13331.9	-0.96276510071348	-0.516011938923252	-1.45744484820862	-0.819330451753465	3.89799158847687	-0.173493124233108	0.398666670580509	0.578156303210679	1	0.603333333333333	0.998782200703558
PF12513.11	-1.13005319440355	-1.21886694647799	-1.03113025814529	0.281251336640565	4.11607332617748	0.0572059197118364	0.47035309903515	0.753831248868436	0.999935161605804	0.729939393939394	0.992612471874193
PF13111.9	-1.83476883574612	-1.64285054657853	-2.007479354453	-0.208361981328292	4.22025472416627	-0.0453441090281318	0.469333334473424	0.704477506613063	0.999515202704105	0.721731601731602	0.986956305582579
PF18157.4	-1.88790311045732	-1.71451786730955	-2.08024488888549	-0.276051610265404	4.26620955153946	-0.0526007782079455	0.471685544022008	0.704989046057472	1	0.725450216450216	0.993758924660783
PF13032.9	-1.82532024904615	-1.60685664004342	-2.07354246584341	-0.300970351023248	4.23579456644902	-0.0604442861549299	0.467021986568215	0.685577058365687	0.999758981059027	0.717177489177489	0.988164135577604
PF18155.4	-1.77280141706756	-1.57979882979222	-1.94826654723787	-0.274168393294442	4.17939120602627	-0.0629816975762206	0.469686876541738	0.700727302354109	1	0.727320346320346	0.991249501235243
PF02622.18	-1.46074605475954	-0.844099465969024	-2.02117149326899	-1.02569115991404	4.21464492507761	-0.214826563547166	0.386409065056362	0.581546717554825	0.998975817767885	0.580359307359307	0.994250135776441
PF14229.9	-1.79464718277002	-1.6177236856679	-1.98235946660457	-0.273016595410065	4.33625258023909	-0.0499230424540584	0.472000001040299	0.720043204589095	1	0.742450216450216	0.991867146069744
PF04511.18	-1.8517016495583	-1.7062174578714	-2.03110576523548	-0.27143427738145	4.21812048449649	-0.0615478687844968	0.467688209061577	0.704455827896046	1	0.730575757575758	0.99051322215826
PF17831.4	-1.83367427615109	-1.57815910361654	-2.07797526374497	-0.461555606732327	4.14542602694761	-0.100325216088213	0.448367756760455	0.669729682593353	1	0.689225108225108	0.996348409913201
PF04107.16	-0.891179893799175	0.195838911967314	-2.00374743269859	-2.05229244183891	3.72833530761626	-0.475612707245788	0.262491683563237	0.307009423777312	1	0.286186147186147	0.986144568863137
PF13360.9	-1.85210142684582	-2.2134428569129	-1.55794407603155	0.615230573733706	4.08294024690264	0.131680767929769	0.429047304477111	0.63050271670524	0.999031522920217	0.597233766233766	0.959630316645765
PF17170.7	-0.569601781020715	-0.498721079791467	-0.617011566511025	-0.173577690340312	3.62799055731585	-0.0362128895481908	0.477681546463399	0.765916708331268	1	0.770108225108225	0.997585072273042
PF02304.18	-0.849425798873622	-1.05968139277905	-0.67170961446897	0.34591672236654	4.2416411447565	0.0703315345757906	0.460666668132528	0.707177560951686	1	0.678294372294372	0.992537365736974
PF14349.9	-0.319465404769137	0.456123023187408	-1.25696114911474	-1.62995377033958	3.64981882692756	-0.37396263539971	0.29180547234046	0.402701195213779	1	0.349194805194805	0.992101606562599
PF05970.17	-0.891048592759995	-0.485147676302351	-1.27280181263317	-0.787167303451135	4.00409721544445	-0.185061047897745	0.40133333713572	0.594413349927711	0.999989604772106	0.603	0.997857219203031
PF19841.2	-1.19341593190419	-1.11321564412145	-1.25160854109377	-0.162122846213888	3.91892862138236	-0.0317955668213305	0.481678881424736	0.734639171495835	1	0.768411255411255	0.990397843117261
PF19310.2	0.567582464056877	0.551044590073887	0.582467437725245	0.0270562356043458	2.36920780052025	0.00914132626159601	0.49300466381642	0.734661060552002	1	0.728147186147186	0.985958935963028
PF20310.1	-1.51868813606972	-1.04353821164623	-1.97618596791204	-0.755362703381025	4.08191375830312	-0.162967402350504	0.409726852218993	0.605637201681709	1	0.624290043290043	0.997360690779209
PF05872.15	-1.265379719802	-1.10275365507996	-1.45381709458732	-0.0706331406344587	3.98737927844746	-0.0155949146629238	0.490666667012466	0.73365839913111	0.999975272727522	0.776168831168831	0.993183341312625
PF16582.8	-1.85377471211993	-2.17752961849991	-1.50434467030413	0.677394136915533	4.08334726602339	0.126786209516932	0.42704863700083	0.64846207588714	0.999475562212248	0.607017316017316	0.955744493860349
PF20091.2	-1.83385885435778	-1.66029214523913	-2.02140578245915	-0.36648324691693	4.07552020068434	-0.0687115336517282	0.464357096594903	0.712069211006678	0.999956622199645	0.727116883116883	0.993580208563309
PF19190.3	-1.8088173790318	-2.19342052035829	-1.36699444399139	0.917509879460966	4.32244404424448	0.181726776422384	0.403333337052597	0.627661975965325	0.999416977572196	0.568748917748918	0.963877201431588
PF06737.17	-1.79978989633668	-1.54106120207321	-2.02128798998012	-0.534083370441584	4.44884732870911	-0.101608764291238	0.446000002023603	0.674825789878697	1	0.690813852813853	0.997169986253295
PF18674.4	-1.9100427773703	-2.21480663259266	-1.58534907063778	0.737720218972144	4.15790234989958	0.156372912126896	0.42238507955727	0.639644399268674	0.998629170465063	0.604688311688312	0.960357612703894
PF17810.4	-0.229438619486071	-0.0129544863486979	-0.38020698011823	-0.518257249444693	3.82556643147156	-0.11175330507151	0.441705531832793	0.717842011110145	1	0.724701298701299	0.999271001875877
PF17944.4	-0.275927583079494	-0.0249833059265558	-0.474928339503045	-0.360095261592737	3.80385447361433	-0.0884969698826016	0.458361094155813	0.741973741724009	1	0.743852813852814	0.998229088710209
PF07332.14	-1.36554542106843	-1.19218966242012	-1.52029886253418	-0.158744563092905	4.03880528025427	-0.0413660977214048	0.479013991450479	0.715392400586053	1	0.745220779220779	0.995600892395732
PF08471.13	-1.86520912695563	-1.70894443771274	-2.00285588401042	-0.320969775618307	4.15197850546946	-0.0631139463879274	0.467688209061577	0.710167636559127	0.999569416070551	0.725930735930736	0.987241892828445
PF13387.9	-1.42727383636505	-0.597241081124654	-1.99520021077841	-1.2419424626374	4.30266351651474	-0.246718960391248	0.372418392789095	0.549172565293685	1	0.548034632034632	0.994189410167744
PF07681.15	-1.4302473158397	-0.72637959334855	-2.00863665531522	-1.13907618929933	4.23674903874802	-0.232160266464891	0.371752170300835	0.54142532500311	0.998200914185467	0.544623376623377	0.994817385325548
PF13464.9	-1.65823448086485	-2.21220023585254	-1.03440593267552	1.18064922577648	4.13402695412366	0.23769543773772	0.37641572771996	0.553663072792689	0.997570626312472	0.494930735930736	0.94957851932375
PF00686.22	1.34763439580841	1.3138051234369	1.37205466534668	-0.0468287619599916	3.56545995586381	-0.00839068830360638	0.492000000296372	0.804864876747271	1	0.803047619047619	0.999296443643344
PF15632.9	-1.5138924339343	-0.972644904087132	-1.94866622343481	-1.0075800491159	4.31007220768357	-0.207138969177965	0.391738844974114	0.597314817405609	0.999937977400953	0.606255411255411	0.99586104343077
PF06835.16	-1.27513081768918	-0.689843080637207	-2.01750633253605	-1.23657010137431	3.70213025055251	-0.254713660686992	0.357761498062769	0.496519400944298	0.999591055263738	0.507818181818182	0.99168073385282
PF09314.14	-1.84115814195575	-1.77879463457722	-1.88135124230714	-0.211713791436356	4.34074876016978	-0.0445779009715651	0.478666667458231	0.721179023895031	0.999855421101253	0.7475670995671	0.991975701522168
PF00240.26	3.78233040222699	3.47264263405241	4.32170731243526	1.08489864698562	1.89446418603093	0.517322898825335	0.286475692537435	0.182502724864137	1	0.203372294372294	0.962630967688019
PF10988.11	0.553809804045986	1.32141621590725	-0.0202347138888674	-1.16227276783076	3.88991262316064	-0.25311993545798	0.343770825857455	0.54134549248454	1	0.483952380952381	1
PF02388.19	-1.4247198101176	-1.01017232053877	-1.86462895951426	-0.692539075000504	4.20429711852074	-0.152460935126114	0.412666670003021	0.620684810683497	1	0.636748917748918	0.996998754250377
PF06832.15	-1.85015629800952	-1.67063183642184	-1.9997793526284	-0.413349909230374	4.22280148960145	-0.0835059265430783	0.457028649169526	0.701309216289334	1	0.715969696969697	0.990410407808264
PF01068.24	-1.90126904657642	-1.75443101190883	-2.06014066114344	-0.362360285076988	4.36000270810053	-0.0827096527027714	0.459027316648982	0.701077453267539	0.999817544025969	0.724112554112554	0.987480531288101
PF04679.18	-1.85349635831735	-1.74847185052354	-1.9651948168573	-0.251565917622243	4.20118235861479	-0.0564563709076321	0.467688209061577	0.707478576285414	0.999501654724673	0.732441558441558	0.993282427180635
PF05751.14	-1.79421145306028	-1.62832159975091	-1.9990106797025	-0.311160924214402	4.09660136290054	-0.064973921817682	0.466000001265109	0.693636698523859	0.997760519661965	0.710943722943723	0.992532712500017
PF18914.3	-1.83676008421973	-2.21773759343702	-1.45297623678571	0.945797895344342	4.46786432264469	0.178274718432746	0.409726852218993	0.592843290322036	0.999596062533603	0.559151515151515	0.961757342291278
PF01323.23	-0.994449268760598	-0.562613778921607	-1.47945226754688	-0.866684369453462	3.72841654086932	-0.189341226077309	0.390406399994367	0.577974774743179	0.999798379385268	0.586718614718615	0.997415182801281
PF01597.22	0.115485285614189	-0.191672509552415	0.359045286447529	0.552090657705018	3.41992137495306	0.131080012753401	0.413333336642635	0.621850027201361	1	0.599645021645022	0.981593176857711
PF14237.9	-0.124107479589077	1.05393680266314	-1.0008547332501	-1.76427304069215	3.59225954993526	-0.427859641749177	0.278481022852703	0.387501074685613	1	0.312203463203463	0.993095516032884
PF03740.16	-1.85370065031397	-1.65062596113894	-2.09167946071731	-0.275244976249277	4.15086542140738	-0.058116164763383	0.47035309903515	0.69545007228784	1	0.720658008658009	0.992503530677905
PF14509.9	-0.0519272126103738	-0.111513150837455	0.0031470047298976	0.132248503751095	2.88741211265246	0.0367533535550036	0.475016656489348	0.744658880915398	0.999253182758887	0.723277056277056	0.984919734210845
PF04505.15	-0.0567203748703893	0.336724273097993	-0.48325910413458	-0.704132733251394	3.70326544944855	-0.152814921212712	0.408000003526811	0.600460949298579	1	0.619038961038961	0.999430046042714
PF00963.21	0.741185414247963	0.849251295492975	0.706312863928087	-0.12677386589906	3.91753775526855	-0.0230329983052067	0.486342438879956	0.718903358084645	1	0.833666666666667	0.998348403971436
PF14169.9	-1.87480976550478	-2.05273160992393	-1.67258838437738	0.583291041221751	4.4425406542866	0.104878441652558	0.450000001870557	0.65874372736231	0.999642986302467	0.619554112554113	0.972362847658228
PF19952.2	-1.81182984368241	-1.66102516816428	-1.93729079050681	-0.308768258727816	4.34613908584093	-0.0592570685536296	0.468000001190059	0.722385136472936	1	0.741636363636364	0.997479089957743
PF16119.8	-0.0263583562473277	-1.03188524220743	0.614038744375869	1.58728096728669	3.18399052697564	0.429550695577017	0.269153908253317	0.29906542915248	0.998918292851768	0.259822510822511	0.855920389778825
PF03109.19	-1.84484026852981	-2.15167837900573	-1.58325801772065	0.653121830803713	4.18388956827018	0.13076493339699	0.436666669050594	0.650694287406626	0.999876396549895	0.606255411255411	0.969628265097929
PF02600.19	-1.88524229643009	-2.19253548225671	-1.52229575062863	0.70213083052302	4.23694208203485	0.151204015411384	0.418387744606937	0.633228088260371	0.998433306261036	0.59804329004329	0.963356929781218
PF11306.11	-1.43004699035378	-1.46441849327336	-1.41665704363484	0.126496200717462	4.10672136306287	0.0233739317487113	0.487008661373583	0.739302560085327	0.999355443326823	0.721108225108225	0.99133826344237
PF00328.25	-0.798699958577892	-0.328122863753946	-1.42384054772945	-1.02223885078618	3.72560829118093	-0.223408203845663	0.374000004983114	0.526828903243133	0.99993282103042	0.538307359307359	0.995395064252878
PF11751.11	-1.85766812938685	-1.72425545287182	-2.01487969074449	-0.316775329510604	4.4809455537949	-0.0691373518649242	0.465689541581532	0.71655706730256	1	0.747545454545455	0.996437337895417
PF03524.18	-1.92699332117234	-2.21180399186775	-1.59251045734351	0.733030843031351	4.29262088913157	0.136597759867668	0.438666668972974	0.647539764926865	0.99940561517848	0.599012987012987	0.964072537471886
PF07506.14	-1.81937875610635	-1.63626939490826	-1.99428142755271	-0.225135997303895	4.32831888963078	-0.0409362119031735	0.474000000965574	0.723675107372349	0.999550272342265	0.740333333333333	0.990485572755701
PF16118.8	-1.79511500957112	-1.45445214707285	-2.1431788186487	-0.554414499540698	4.44825503756032	-0.117768118589802	0.43970686435495	0.658923954199363	0.999688258267904	0.678709956709957	0.996112777691599
PF18823.4	-1.83564013296607	-1.71936603182959	-1.93119685420115	-0.230255979825642	4.22473670327154	-0.054071779050222	0.474350433995858	0.7296113876042	0.999655734720222	0.747991341991342	0.99027758234476
PF20169.1	-1.84528853170902	-2.21296064938789	-1.45630467138123	0.756333751392443	4.2075697590479	0.154547754140402	0.418387744606937	0.619651681638795	0.999437710389545	0.579489177489177	0.947598047131726
PF05034.16	-1.82253261419093	-1.60275849509753	-2.02312628859395	-0.171077873961265	4.17050267052607	-0.0362335192555829	0.478000000816395	0.725808978545706	1	0.740619047619048	0.991063134206612
PF07476.14	-1.8196553324451	-1.64166551548563	-1.97114962518301	-0.283221302456041	4.04921192083249	-0.0580199467548517	0.471019321528573	0.719378054752586	0.99913089076306	0.733744588744589	0.989132466047724
PF05547.14	-0.956477206906253	-0.558382261097926	-1.41704309782421	-0.802174459557846	3.872750167527	-0.180221806416058	0.399733514856683	0.601747574042465	1	0.614883116883117	0.998895548103731
PF04280.18	-1.84177693845886	-1.6578492772244	-2.02023727938859	-0.2692399973984	4.02219726550219	-0.0537667182146266	0.469686876541738	0.721211427787523	0.999390507285374	0.741575757575758	0.991195583161429
PF01364.21	-0.0954127233041042	0.145020926170641	-0.306247346021874	-0.379720842730833	3.17154169058914	-0.0917744217483257	0.451333335153042	0.706382358005475	1	0.710030303030303	0.99912382326668
PF09674.13	-1.83135525621746	-1.62381740957243	-2.05486307443366	-0.327971654921329	4.04122689162582	-0.0669864953180711	0.463024651608331	0.678801790348087	0.999187267054248	0.719393939393939	0.987342902372371
PF04734.16	-1.32868335708275	-1.71408112041375	-0.963658806007735	0.686630276657739	4.00747988823212	0.153918839073225	0.413057964675142	0.607134183761753	0.999997231518567	0.558779220779221	0.965540440721692
PF04261.15	-1.5187533987891	-0.931205771464298	-2.09470858391869	-1.11660397266302	4.18839610469207	-0.214754272525473	0.372418392789095	0.556636293838169	0.997977507032363	0.578212121212121	0.996471268625457
PF17999.4	-1.47590445382644	-0.92968543142628	-2.0828184677367	-0.970900261475907	4.12409155396011	-0.211617072795263	0.391333337557549	0.570515526456509	0.999560722524838	0.585246753246753	0.995011578032732
PF05985.14	-0.227566037847803	0.168060083864246	-0.597292285384658	-0.72352629331431	3.30633268952804	-0.1853160421341	0.403064627309717	0.629053782202333	1	0.616900432900433	0.998123199819355
PF01710.19	-1.8557628810923	-2.14433611817199	-1.57188568876724	0.50300980644642	4.20095906142184	0.109757090782831	0.437708196877331	0.658032059933462	1	0.623393939393939	0.968834112279097
PF08433.13	-1.88850898419583	-2.15700336504902	-1.59587192952134	0.458657746968781	3.98938191228348	0.102002890270214	0.444370421803586	0.662642003427	0.999638609783609	0.617199134199134	0.965061666473973
PF16477.8	-1.90434825221207	-1.74728469092197	-2.03977424425202	-0.304241463153045	4.13263255463837	-0.0587966033428374	0.464000001340281	0.709802636329928	0.999593570046366	0.729406926406926	0.987085824213261
PF02870.18	-1.9428701921999	-1.76139561861351	-2.11892575209566	-0.341495985563179	4.34303984314587	-0.061639239453292	0.464357096594903	0.715135184119509	1	0.727974025974026	0.991122199236686
PF09413.13	-1.76489006600329	-1.55832391350491	-1.99182529093704	-0.530417117874989	4.37794836448284	-0.105892157213797	0.448367756760455	0.66924998773099	1	0.687073593073593	0.997245224530368
PF19448.2	-1.84665825389339	-2.11703266140932	-1.50138081521287	0.692725127314429	4.19960994524109	0.142703516252797	0.427714859492894	0.638504996193247	0.999606091102737	0.587017316017316	0.96756270673394
PF19773.2	-1.86837796909143	-2.24378307795125	-1.52665674800582	0.700154532661982	4.30856287114346	0.148861146534405	0.425333336161842	0.627737324751323	0.999664009347757	0.58625974025974	0.961005626938893
PF14353.9	-1.03808113166419	0.0745911972763746	-2.0638660984112	-1.87148995776206	3.99592309132817	-0.387976235397329	0.303131254453829	0.41061950617653	0.999996278698267	0.38438961038961	0.989657112943036
PF07994.15	2.88702679399781	3.21283566962898	2.5721040986633	-0.382433571495898	2.51307898103111	-0.116734170277236	0.423333336241206	0.798708739811966	1	0.710151515151515	0.999408235175677
PF01658.20	2.87978907642349	3.19197013867362	2.61445442916175	-0.383307750927624	2.45923102110793	-0.117707385631323	0.419333336400829	0.813067134903012	1	0.711757575757576	1
PF14294.9	2.0051340363857	2.24799340616825	1.85815828260684	-0.271145279946242	2.6324086419711	-0.0818008350031666	0.443333335459407	0.809925916447234	1	0.76704329004329	1
PF00022.22	3.88696500538247	3.65421750585518	4.13289428715733	0.499915572359912	1.79040187570335	0.262572368971052	0.359760165523463	0.430397732459393	1	0.445835497835498	0.998056907592627
PF03738.17	-1.88171786579794	-1.76725758430509	-2.00023536518754	-0.254044077756665	4.37118737523075	-0.0541206781365306	0.473017989008912	0.722018162699342	1	0.741021645021645	0.989770120743862
PF02709.17	-0.947113516576009	-0.165178507392636	-1.96149879908257	-1.62180124089493	3.69464555099862	-0.379168733602764	0.29713525215332	0.377907253496495	0.998456729330458	0.386796536796537	0.983786971055935
PF18939.3	-1.94614446204401	-1.70306641569086	-2.15222742389931	-0.491632509781256	4.31829670806337	-0.0946866739651108	0.451333335153042	0.696335850828103	0.99829469117591	0.712168831168831	0.98969685858748
PF14100.9	-1.87415116201333	-2.25034658047139	-1.50441565568255	0.599345656554141	4.19595680361874	0.121089722489195	0.425333336161842	0.624156621545899	1	0.58891341991342	0.97370126160389
PF16976.8	-1.93051492145941	-2.25792172985726	-1.55393483034984	0.709389230145909	4.05168943062687	0.14292636978769	0.427714859492894	0.629812471860688	0.999179323592269	0.588112554112554	0.961142174841543
PF13428.9	-1.56918980200144	-1.67166349842732	-1.46185048664647	0.24736405693398	4.1150147392304	0.0480417288820509	0.475333334249142	0.71135684273229	1	0.707813852813853	0.98506073101128
PF20216.1	-1.58939212770505	-1.61615254930331	-1.55056704961425	0.184342110167693	4.14783262812043	0.0313600984448249	0.478347768956934	0.730724909466227	0.999959802093663	0.716787878787879	0.986892196976354
PF11687.11	-1.58353782232255	-1.21799826831493	-1.99686322758524	-0.762543407454455	4.16319508199274	-0.148718564789511	0.424666669521598	0.638150919541146	1	0.643904761904762	0.996457922557065
PF13516.9	-0.0866100267184349	1.76379400711047	-2.01700732224418	-3.442997329463	3.60383160316784	-0.899157328387765	0.129333363812067	0.0972035109077655	0.991748509300383	0.0620735930735931	0.936586669290414
PF06338.14	-1.81620631736205	-1.71501531307842	-1.95630084832869	-0.213049879581559	4.21988461985166	-0.0430790686168534	0.472666667682047	0.704932878177326	0.999809095824221	0.739441558441558	0.988611560696707
PF11858.11	-1.86982015188317	-1.69961695582053	-2.08208030567985	-0.2803517645702	4.22817488187572	-0.0632951200177451	0.467333334548396	0.698735276153431	1	0.729939393939394	0.990851663363531
PF14581.9	-1.07160690592663	-0.264401466108646	-1.94813564636072	-1.50899476028632	3.79196057242913	-0.344659498072571	0.322000007549368	0.44460622089191	0.997016084621196	0.427874458874459	0.991131946254321
PF13648.9	-1.81667818656847	-1.63777274321221	-1.99812818065264	-0.285524682408561	3.97525351805501	-0.0585450862258728	0.469333334473424	0.734820855549709	0.999704890646318	0.740991341991342	0.988633860783455
PF14502.9	-1.86243825243663	-1.62539618634115	-2.10750345285495	-0.358989511953754	4.15075347540988	-0.0753528606371764	0.458666668208064	0.699288484799947	1	0.721294372294372	0.993866376242563
PF14503.9	-1.8526566842405	-1.73169620739488	-1.97146724541238	-0.333307429771859	4.25036830866258	-0.0645162514442365	0.462000001415584	0.698108494274144	1	0.732515151515152	0.990374098713233
PF10797.12	-1.56633007700358	-1.81112243071974	-1.29463220644292	0.311517763497172	4.21827340822778	0.0684330293391918	0.470666667756838	0.693002762817202	0.999944854524243	0.656748917748918	0.984585822027125
PF10110.12	-1.26558978538457	-0.556215324806602	-2.08043762577357	-1.33448204263777	3.98099646541439	-0.29381558343799	0.351765495684751	0.487911814716335	0.999798379385268	0.491069264069264	0.994129673531165
PF03899.18	-1.60026323888982	-1.19110679769954	-2.01151149783757	-0.71615064297288	4.03795222745805	-0.149237084533681	0.418666669760886	0.620171675149982	1	0.636545454545455	0.997200678023495
PF18143.4	-1.92585348299469	-1.72229015171879	-2.09468665504177	-0.321016203752747	4.17483114076433	-0.0655772429511773	0.466666667906746	0.708003026614932	0.999773158716505	0.729558441558442	0.991783809207885
PF11074.11	-1.14266266134905	-0.26902542385317	-1.95272165552915	-1.32584220644904	3.94932314062124	-0.306879438101463	0.332000007014083	0.479146287002199	1	0.461636363636364	0.994381893045577
PF00274.22	1.75384960039708	1.29152589771109	2.28281336298188	0.757488365172802	2.45670434195536	0.246473994039192	0.369753502836437	0.636482441528461	0.999737364575886	0.444891774891775	0.983154583833948
PF14505.9	-1.26543914127974	-0.556267576213423	-1.97910568353293	-1.222673091125	4.01627657372334	-0.276241622410764	0.351333339373498	0.493716779502521	0.998359000649748	0.495073593073593	0.992591988779905
PF14131.9	-1.88588417672316	-1.67769440797624	-2.08057755863189	-0.274521585692925	4.24939422844124	-0.0533136879780665	0.474000000965574	0.709616001767841	0.999748544536748	0.734398268398268	0.991731845583378
PF06998.14	0.10865449633343	1.03888716298279	-1.11095347718981	-1.99373797675811	3.00960533955891	-0.580080003314292	0.212524999228095	0.227221799470547	0.996417709836561	0.193545454545455	0.973898187158401
PF08333.14	-1.83994787548952	-1.7060840142153	-2.02796543750934	-0.346788499440379	4.13252679121907	-0.070460032054214	0.465689541581532	0.711092432680448	0.99998160326032	0.735606060606061	0.993664472388268
PF05869.14	-1.79790380854891	-1.54791946941652	-2.00043567010376	-0.307870954784612	4.10176282143652	-0.0636526986117792	0.466355764074866	0.683095334906807	1	0.701307359307359	0.992792219921854
PF12727.10	-1.83615225025459	-1.67128381398984	-1.98619226254966	-0.432199663573925	4.47350611636607	-0.0904441837933135	0.456000001642348	0.693089559810938	0.999514963777355	0.718454545454545	0.993986164760631
PF14508.9	-0.0642167657952371	-0.131394298563397	0.00897147784390473	0.126230944612272	2.93671530045305	0.0266674368745685	0.480666667383788	0.742938304244774	1	0.700735930735931	0.992996866431139
PF10566.12	-0.000604223852443297	-0.122684201761863	0.113962930422312	0.212641625369887	2.93916595238418	0.0504790968308266	0.464000001340281	0.725162801375555	0.999687760050861	0.697640692640693	0.982034607379799
PF00891.21	-1.79891047105406	-1.62367725514897	-1.93473339131621	-0.172636215906151	4.00017893116554	-0.038583203895023	0.476000000890941	0.707245940752086	1	0.731372294372294	0.986620238970529
PF01020.20	-1.47511655154613	-1.5712933160101	-1.38988606603124	0.288445568820338	3.95126753999705	0.0577528242852661	0.472666667682047	0.720369748871914	0.999491967320898	0.701554112554113	0.982998693780836
PF10771.12	-0.435962813422275	0.0254476822184335	-1.03485841110131	-0.925244737270159	3.50156214343602	-0.224969604719916	0.372666671709787	0.514043164525818	1	0.552809523809524	0.99668490118299
PF00129.21	1.92368893179974	1.30971094295861	2.37765122333427	1.35646150505127	2.36700621704679	0.493063728862153	0.271333344042284	0.226870071812921	1	0.211160173160173	0.915282702815762
PF07654.18	2.88374690794715	2.33374641946615	3.49869811161317	1.09211463854117	1.70231619212177	0.578887142527178	0.235333346951534	0.168260292324347	0.999750693096163	0.154186147186147	0.872214001411721
PF00969.22	-1.84689974912115	-1.60781810258259	-2.10944987896713	-0.44693739644396	4.16648928817305	-0.0862876947961717	0.450000001870557	0.677853484932765	1	0.699714285714286	0.987732521315601
PF20050.2	-1.50859758004666	-1.03452851461616	-1.95958101558453	-0.832835070269116	4.25040911330175	-0.175524941604188	0.405729517272928	0.601095874849224	0.999963171570089	0.609017316017316	0.996241943501302
PF16350.8	-1.81790557161682	-2.09740584490699	-1.4626417607028	0.571848359747398	4.21341164112147	0.118438665763114	0.435709529399944	0.644243589952846	0.999820734514333	0.605727272727273	0.964602071247857
PF11808.11	-1.8493776765995	-1.64644166539671	-2.04675827290639	-0.28923641474311	4.14186859754319	-0.0621793210478294	0.468666667831736	0.699249934775946	1	0.732532467532468	0.988248147054253
PF20432.1	-1.92635437343014	-1.77946381940802	-2.04999426143186	-0.264714809571428	4.34216420434956	-0.049158888787509	0.47368421150238	0.721595805245509	1	0.747558441558442	0.989741096352424
PF09722.13	-1.80450911685578	-1.68152342274767	-1.94145346394346	-0.207035798484024	4.15903671564307	-0.0444103336216443	0.479333334100075	0.71959902675167	0.999342516529649	0.743744588744589	0.98761006448668
PF14267.9	-1.29134998421864	-1.05929398177506	-1.55238224046527	-0.347586397495333	4.37836426718864	-0.0675353820291337	0.462358429115068	0.694095999407323	1	0.721632034632035	0.993284237696159
PF14130.9	-1.71711377337558	-2.16732236608759	-1.23941449873254	0.712160096199429	4.17392831842107	0.150520800079967	0.425333336161842	0.611732247194702	0.998635733448021	0.553926406926407	0.954379386141423
PF09572.13	-1.8919157934721	-1.72923465658876	-2.07019103760101	-0.408341461994612	4.36033362280194	-0.0751779483003952	0.461025984128586	0.694463106993936	0.999805685683046	0.726519480519481	0.987785632765649
PF17127.7	-1.50330365037863	-1.71960161182497	-1.29415116098437	0.307884617836768	4.0724180104812	0.069871588753083	0.467021986568215	0.701706502644356	0.999204154076065	0.677536796536797	0.975894605026296
PF20283.1	-1.34591508237591	-2.19741273614048	-0.47509839947805	1.63472483804855	3.95527322168114	0.379987899252536	0.310000008224679	0.432810061805753	0.997743837335042	0.364354978354978	0.893174263967941
PF06941.15	-1.93489808181054	-1.70742332506976	-2.1485933627337	-0.338401878290299	4.29937569759836	-0.0728822588192035	0.465689541581532	0.688953707707444	1	0.709580086580087	0.988482701136196
PF19278.2	-1.91092866804076	-2.19727673533825	-1.58879748661999	0.630672377066988	4.12280463567998	0.138274203585483	0.435709529399944	0.637677453969795	0.999697679340415	0.602831168831169	0.964000128725103
PF20217.1	-1.31178569795468	-1.13372576330671	-1.50138152689788	-0.296097402757445	3.78066945679365	-0.0636498017799914	0.461333334774048	0.70850413589588	1	0.730645021645022	0.99323111935237
PF20187.1	-1.51605072899193	-1.61722365933118	-1.41376628547388	0.216042310559295	3.94814818193142	0.0466547958127853	0.472351766515455	0.711935422449789	1	0.695705627705628	0.986752399715624
PF18709.4	-1.72468058593584	-1.56700720334372	-1.94269940010951	-0.438942801378755	4.24987600009815	-0.0852538184623439	0.457694871662661	0.68799235191103	1	0.719471861471861	0.991583407843002
PF14022.9	-1.83454795335695	-2.17905055334371	-1.44721136492503	0.635026224159871	4.20956805870765	0.127198393558831	0.425716192016797	0.617664915589555	0.999474467345021	0.586056277056277	0.956056293838036
PF17425.5	-1.55387732876808	-1.74159431949051	-1.30186036296609	0.491284289404573	4.20200439710268	0.101749252580509	0.440666668895584	0.681930717137973	0.999403405569457	0.639865800865801	0.977604955331066
PF05935.14	-1.47698234998451	-1.67580294910449	-1.25733956009471	0.621745719573315	4.28432496151199	0.123630038883544	0.437708196877331	0.674649362698268	0.999847029450909	0.628177489177489	0.968992351593524
PF20282.1	-1.838649934452	-1.69040837618683	-1.97581932717904	-0.321505027267722	4.14364332134972	-0.0590683024293894	0.467688209061577	0.705635349814516	1	0.727393939393939	0.990398833854457
PF06381.14	-1.89690802583433	-1.68338474075214	-2.11458801337972	-0.215407627283683	4.17702214656823	-0.0492504037971099	0.471333334398563	0.678103265347774	1	0.712549783549784	0.990607109491915
PF20289.1	-1.75922176527796	-1.66700521699701	-1.86789091400858	-0.242347452542555	4.19449078342665	-0.0453945538200062	0.478000000816395	0.724166556574488	0.999654361743518	0.765580086580087	0.990610501584095
PF20541.1	-1.79581791284745	-2.22247246321168	-1.40441984668852	0.686311558483221	4.09981427731241	0.151943775014754	0.408000003526811	0.600391697495399	1	0.575021645021645	0.958185254594402
PF12532.11	-0.272574862314566	-1.04452011406855	0.303366574561901	1.15922170299603	3.47096601922548	0.279572189372871	0.348666672836835	0.46331735593987	0.999951880557634	0.403757575757576	0.934022939200431
PF18812.4	-1.85299045479362	-2.29871515125227	-1.43854712194211	0.718809547846101	4.09416093693602	0.153116979996622	0.411333336723907	0.617712977522854	0.999987792266684	0.577887445887446	0.960598528023342
PF16162.8	-1.85759161360739	-2.277912261134	-1.46847730424333	0.684803804019868	4.28899594258669	0.140332250836377	0.415056632149291	0.621257845407517	0.99872456517181	0.578619047619048	0.957247435992584
PF11155.11	-1.69982011173477	-2.13386738560445	-1.22726252210787	0.808980466176303	4.04391014004321	0.172642085056473	0.414390409657871	0.611023097399999	0.998369607068983	0.559103896103896	0.947138442925733
PF06763.14	-1.88322279655053	-2.22356437212181	-1.52899135667377	0.707752185246123	4.43010585007347	0.142149880269052	0.423051302049111	0.650072912766249	0.999476777832814	0.615337662337662	0.964116036519023
PF10109.12	-1.60226897769113	-1.20671443322433	-2.03913914811087	-0.742925666290899	3.8298955006088	-0.164762112979389	0.417721522115336	0.601727057415226	0.999411002102961	0.61834632034632	0.995769046635654
PF01246.23	-1.55173479438997	-2.23784260408205	-0.900436522887888	1.25493447538659	3.96225935557131	0.265996523621855	0.365756167909403	0.511481687413706	0.997857259625411	0.456683982683983	0.923893318245282
PF14292.9	0.415485370501213	0.451585029507251	0.384069349468143	0.134813176137008	3.77229507601496	0.030422745681738	0.48301132641191	0.72176296630778	1	0.77187012987013	0.999206396551589
PF16411.8	-0.859210173464886	-0.00306763824542244	-1.49759715932993	-1.85743597511129	4.57788936949373	-0.331428175334881	0.340666673234893	0.444108815832284	0.999883720394723	0.462337662337662	0.994647823193191
PF14390.9	-1.83829283407042	-1.63884587178658	-1.99237593937407	-0.350278717963437	4.10861188247214	-0.0706725023688812	0.463024651608331	0.693296918021066	1	0.71578354978355	0.981998262434101
PF14125.9	-1.53104006724447	-0.959511229337083	-2.06559900681007	-0.923245019036246	4.13096359312839	-0.199696893618803	0.395069957424349	0.602493653737542	1	0.599943722943723	0.997653384497081
PF19652.2	-1.80449509179173	-1.64791720831884	-1.97165988544262	-0.180952096846922	4.14431289157635	-0.0407231566679205	0.478347768956934	0.726200518480501	0.999966132196411	0.740073593073593	0.99657137735858
PF07075.14	-1.4759714704353	-1.00149829895087	-2.00453275898437	-0.880399621632733	4.06148819439018	-0.168672016068306	0.403730849800456	0.607482752276856	0.999953330721811	0.612056277056277	0.997218179169159
PF03825.19	-1.02681496772029	-1.18249466464558	-0.886394522454172	0.319020323904775	3.92558161866889	0.0709416765765177	0.460359761635369	0.705334835603545	0.999968928229643	0.665666666666667	0.979709932135276
PF06321.14	-1.15130717167821	-0.553871881188088	-1.67969672622057	-1.6342925391715	5.10531704652859	-0.286799325702542	0.369753502836437	0.527906993979365	1	0.554264069264069	0.998967825687013
PF14684.9	2.24438278892493	3.141787021096	1.91193952074787	-1.48040778163728	2.50959400990102	-0.495678201695165	0.292471694816542	0.285862618050648	1	0.331744588744589	0.997632882839976
PF14685.9	0.378514854142163	2.21306647062727	-0.602714136928639	-2.8618265941855	3.92730385202987	-0.643910758175501	0.217188556354235	0.166530548617764	1	0.171458874458874	0.987853503706337
PF05117.15	-1.80510752045108	-1.56698394141148	-2.007306923027	-0.556550375008505	4.32727058459592	-0.113357632800331	0.43970686435495	0.679128869735837	1	0.699874458874459	0.996044822131278
PF16283.8	-1.78642456222487	-1.54292655339287	-2.01221477434993	-0.480682871763158	4.44789018527375	-0.0879119086986793	0.446369089281922	0.696896428399713	1	0.705385281385281	0.994455146031202
PF14900.9	2.47569355908987	2.96827942822959	1.48638329414067	-1.54383448999548	2.40418239574193	-0.577329075860741	0.232666680531382	0.162779948271074	1	0.194095238095238	0.999725342771231
PF13201.9	1.40246718361373	1.88347461389025	0.28970538550816	-1.58680888744973	2.9938134558011	-0.448422580316158	0.281812135218341	0.209615051428804	1	0.292060606060606	0.999360134226851
PF05258.15	-1.93649127135579	-1.70919941012065	-2.21584692633824	-0.374347544040965	4.26507816636906	-0.0646262442476244	0.461333334774048	0.6864349090161	0.999960034155205	0.708047619047619	0.99283000627687
PF14052.9	-1.00519514179248	-0.570389757756844	-1.32180894112922	-0.637490087535119	4.44838093948557	-0.120358234624351	0.435333335769139	0.681065172973231	1	0.6985670995671	0.999206069819537
PF13584.9	-0.675489010854486	-0.0396119051403803	-1.40958183600798	-1.07983993476485	4.07980346022714	-0.224052341116445	0.386666671091537	0.549009116915462	1	0.577844155844156	0.997652948109393
PF11644.11	-1.80577589898004	-1.644017937046	-1.97952706681592	-0.303251837293494	4.07905446008855	-0.0680042519848665	0.465333334623486	0.695363721283296	1	0.725982683982684	0.988430737605053
PF16585.8	-1.86399212731633	-1.66049519620082	-2.01058343943791	-0.329214907028906	4.18474904037783	-0.059538946101206	0.466000001265109	0.702734624316468	1	0.720367965367965	0.991641566243408
PF19755.2	0.21248177115407	1.02187947171653	-0.654452037134391	-1.59797671045513	2.89327650820408	-0.474686822687573	0.252000012182198	0.30466131969248	0.999903062070637	0.278077922077922	0.987860403897706
PF19573.2	-1.23311430255592	-0.950145321435333	-1.50621188279468	-0.492796256186917	4.07474915233388	-0.111643331488484	0.443333335459407	0.656333195076412	1	0.685900432900433	0.994943914601917
PF12864.10	-1.53443922617267	-0.894746910109213	-2.13133970675499	-1.08029058801815	4.12356430908831	-0.231246260773469	0.383744175098753	0.55230006723012	0.999907006960049	0.557844155844156	0.995079514935155
PF16115.8	-0.344566448914085	0.327411466798203	-1.10121957595477	-1.2926733298561	3.3990652293225	-0.336266576658107	0.315333341253158	0.441136228710375	1	0.409722943722944	0.99254172121829
PF18174.4	-1.0656279436018	-0.703276320835264	-1.41892120689355	-0.567738176828367	3.73821271965289	-0.132144263163936	0.42266666960106	0.620951497928219	0.999856440530789	0.644246753246753	0.997393182110995
PF18175.4	-1.0679189721925	-0.672618216669843	-1.45904399922723	-0.760838196154052	3.61705912465702	-0.165974707442818	0.404666670330733	0.611878044898524	1	0.620974025974026	0.996125751628249
PF06293.17	-1.83360527924914	-1.57215476519636	-2.1290830975844	-0.37843796205401	4.28085982837474	-0.0788121933002861	0.450666668511789	0.673724045086615	0.999066904015642	0.701575757575758	0.992816496429604
PF09640.13	-1.75395626923576	-1.44047125334977	-1.99188672473911	-0.590899499613997	4.45614657756609	-0.118349984639328	0.439040641862385	0.658106394742149	1	0.681147186147186	0.996579479764034
PF18347.4	-0.204428157643605	-0.105023602665524	-0.2792645522923	-0.115227839897087	3.31751852715968	-0.0322517326978838	0.48434377139911	0.77846518205268	1	0.792376623376623	0.998654170373337
PF04087.17	-1.5969856877133	-1.69733171491891	-1.48578023609462	0.186352484502009	4.09509132350948	0.0386732198219773	0.474666667607353	0.723062208387304	1	0.697506493506494	0.976175886664754
PF14902.9	-1.2294729560073	-0.943413075737265	-1.51619739367429	-0.630979726473298	3.96448756446738	-0.126923573143926	0.429713526969265	0.653390344373696	1	0.664242424242424	0.998095050791674
PF14109.9	-1.8650762728335	-1.71483458736763	-2.02513646000018	-0.210308949585031	4.12520917870956	-0.0440987816775857	0.475682878982846	0.734551907828634	1	0.757030303030303	0.992361090007335
PF11325.11	-0.550878673654803	-0.361368839685873	-0.700910804216175	-0.50933151989098	3.834796824596	-0.106639039931942	0.441333335536504	0.677735988989926	1	0.687805194805195	0.997758481847865
PF14092.9	-0.962383735184039	-0.234648454765535	-1.60116234249736	-1.25744103471393	3.98577899454681	-0.270735656157575	0.350000006105005	0.545193352678219	1	0.500753246753247	0.996402189038896
PF16352.8	-1.48889428364454	-1.46631681430678	-1.5114926712581	-0.0629267349451821	4.17162404521363	-0.0110295899540641	0.49100599633544	0.762013067625142	0.999853616462769	0.774502164502165	0.994035145372632
PF11810.11	-0.476041441057882	-0.975062163117805	0.00639726597308332	0.799543320333515	3.73509687678982	0.174050669574739	0.393737512444108	0.595071718756069	0.999532123237072	0.525961038961039	0.963326628538801
PF07959.15	-1.4598652484897	-0.9601512479109	-1.98574048419961	-0.897621256152585	4.22384012750281	-0.178476870987909	0.393737512444108	0.60983432729277	1	0.62	0.996300771295707
PF07813.15	-1.43335674276495	-0.718442090856228	-2.0738327119227	-1.15222755952529	4.37647592985697	-0.236751799188352	0.373084615277418	0.535473418846245	0.999150288307787	0.538722943722944	0.995258491018705
PF02253.18	-1.59435778800408	-1.14577891375553	-1.98128266922912	-0.717573315475625	4.15756395133442	-0.145503430692635	0.424000002881386	0.634781203815462	1	0.645541125541126	0.996803928873116
PF03724.19	-0.56831707333779	0.575017849518153	-1.24497820400842	-1.95221720151148	4.37986851793758	-0.388861782152052	0.310459701724815	0.427533690149054	0.998655865951269	0.401406926406926	0.994679970636694
PF17145.7	-1.58735833038441	-1.18066569286757	-2.04936746570118	-0.842529523352828	4.17215318086147	-0.168336790352295	0.410666670084409	0.614481479297284	1	0.626021645021645	0.997247875965406
PF19572.2	-1.02299583451031	-0.551358997416906	-1.48923132849945	-0.841555169124655	3.6955479115623	-0.176653571874409	0.391333337557549	0.586073967692245	1	0.596688311688312	0.995322856394234
PF19515.2	-1.71716278728932	-1.51107568310263	-1.92766518023151	-0.457990157967161	4.24059991034811	-0.0926337769452017	0.455696204183309	0.676988638843333	1	0.697493506493506	0.99511970576416
PF08885.14	-1.83867372369487	-1.60400993521947	-2.0368100171106	-0.350652035710779	4.25312273528707	-0.0750486225989535	0.459027316648982	0.694304960415176	0.999393767461406	0.721787878787879	0.990722748047914
PF16266.8	-1.33532076474371	-1.19701074330609	-1.50594142634294	-0.189418036595817	3.89911566413631	-0.0407455268799235	0.479013991450479	0.713963104582411	0.999834292729166	0.7495670995671	0.987943507246804
PF16288.8	-1.88741563745311	-1.73441896695493	-2.01109505690854	-0.296201728680646	4.18435978854129	-0.0610880509709725	0.468354431554951	0.697889940994489	0.9999151575111	0.721705627705628	0.985362589351531
PF14129.9	-1.04522591845456	-1.57296505869437	-0.598432154275899	0.632223685975559	4.23847254198284	0.136455357183662	0.439040641862385	0.636390738931436	0.999986158425999	0.603008658008658	0.982880288698263
PF18348.4	-1.83044696958368	-1.60675421405247	-2.09463153956539	-0.390878567206626	4.1840633863215	-0.0822113572481797	0.453697536704118	0.687535171350873	0.999497119227234	0.709809523809524	0.989920413053309
PF16109.8	-1.4505167658089	-0.75481099440529	-2.03901962001382	-1.2055634907125	4.26823007446105	-0.243045773424935	0.373084615277418	0.550587004646391	0.999751078925269	0.556800865800866	0.995253011339629
PF13562.9	-1.54000801190081	-0.967879058360389	-2.07911769470167	-1.01738420225069	4.07723150127902	-0.215368479301494	0.393071289954061	0.581672562518789	0.999731591550101	0.595025974025974	0.994874685416906
PF07313.15	-1.65566519075488	-1.72611769214063	-1.57150883963065	0.0460976881527575	4.11490695532032	0.00908330253866561	0.493670886310086	0.728212791734626	0.999232829543859	0.708753246753247	0.977916142258061
PF18451.4	-1.89291714243421	-1.68960295438601	-2.10094601947242	-0.257201953987306	4.2889606581488	-0.054510456493995	0.47368421150238	0.701646846410869	0.999053630296925	0.71930303030303	0.988504549068877
PF04301.16	-0.9583592357395	0.0751741698738497	-2.09234800258178	-1.95924148600978	3.8475709367526	-0.432002585453513	0.278481022852703	0.342604903982436	0.999255908972125	0.315199134199134	0.984658913327074
PF06123.15	-1.32588004030028	-0.55013418560448	-1.93462413043928	-2.03778032648908	4.83955780296564	-0.350874404977378	0.345769493313153	0.45460707869818	0.999983625202314	0.476818181818182	0.995845471272578
PF13404.9	-1.84923506827633	-1.64711411572732	-2.02809315076253	-0.19738790409665	4.18223489546697	-0.0390615305893055	0.475682878982846	0.714711116311931	0.998355723706187	0.732848484848485	0.990284426121354
PF07659.14	-1.11733234979485	-1.47810922683919	-0.63487227933988	0.959820880744832	4.34770534960673	0.186342039875402	0.405729517272928	0.636552388150431	1	0.579623376623377	0.980191120091912
PF11777.11	-1.12502941402904	-0.689859805197755	-1.42724416640972	-0.757245207318245	4.01373163994007	-0.166723129509204	0.413724187166488	0.66738586169851	1	0.664012987012987	0.999348799596965
PF15869.8	-1.82974163581396	-1.68595774629713	-1.98729143755927	-0.205665825194835	4.12427555091006	-0.0449112280567154	0.476000000890941	0.704100980669478	0.999578418695203	0.73330303030303	0.990657150224645
PF19762.2	-1.83709506222465	-1.62241174617967	-2.01019972579134	-0.447142698279111	4.41197990333368	-0.0897349949534841	0.456362426676409	0.677668539026739	1	0.690073593073593	0.995181438103509
PF14114.9	-1.76352898544479	-1.60219154298016	-1.93232997023192	-0.424620414388275	4.4024017522589	-0.10030737912013	0.450000001870557	0.694836309843662	1	0.710922077922078	0.997255596122193
PF14898.9	-1.83931741932024	-1.63180230197926	-2.06221125443322	-0.411769519486768	4.0641519414314	-0.0940982155295463	0.457333334925171	0.68939388422455	0.999347102769092	0.715878787878788	0.985222669661121
PF03349.19	-0.765371263809381	-0.94476908605338	-0.569932713561461	0.378048779465558	3.87855401634084	0.0789948261416709	0.453031314211091	0.693866864325719	0.999210788405884	0.664333333333333	0.981888106938496
PF19910.2	-1.85575318202972	-2.15701207082219	-1.55313415708881	0.63844221120407	4.23975678851907	0.137058624756059	0.433044639430472	0.640388336507085	0.996851138200424	0.620398268398268	0.965917981416511
PF16584.8	-1.8732896460877	-2.24280255609816	-1.53148876575548	0.725632946721098	4.10729011817967	0.141474681791055	0.423051302049111	0.620218333424499	0.999590048503776	0.577714285714286	0.956900537380033
PF12954.10	-1.73090474419384	-2.15852871897656	-1.18196833533306	0.87565476035343	4.29107615118591	0.186457852672128	0.402398404819022	0.587913502848119	0.99686177955067	0.541943722943723	0.946293991878539
PF20329.1	-1.03356933251396	-1.67639537717014	-0.400498471657345	1.23145977800701	3.81748303607544	0.2778048848819	0.348000006202873	0.496914820925544	0.998586085745737	0.437640692640693	0.926079233585245
PF14054.9	-1.8151247378949	-1.61235933690661	-1.98456941140035	-0.339152758212656	4.08329860673329	-0.0686455886362971	0.460666668132528	0.698982638107413	1	0.725246753246753	0.990043348145462
PF12667.10	0.807570527739368	1.22201489830529	0.260206755319724	-1.0586512171536	3.20838259751775	-0.267008146283753	0.358000005720664	0.460543384435137	1	0.509354978354978	0.999371763085399
PF17415.5	0.797001088968792	1.19430926515319	0.234816694219677	-0.999727113337252	3.4174042191314	-0.24230642974192	0.363757500446794	0.475124554761054	1	0.524779220779221	1
PF19886.2	-0.645927276902256	-0.407459555433765	-0.912190937287376	-0.188095335975009	4.252031343948	-0.0380574930893888	0.478347768956934	0.780611417910618	1	0.793030303030303	0.99855490884303
PF10503.12	-1.60573297264678	-1.66904236334965	-1.51649229013206	0.197838045962151	4.09934458427651	0.0405254067354253	0.478666667458231	0.728664312408888	0.998765203871867	0.712393939393939	0.98625392990078
PF13723.9	-1.55132469212032	-1.13670747725868	-1.95704297396782	-0.760988400909434	3.98593034424033	-0.160914275820705	0.421333336320866	0.613233102309782	0.999950898367276	0.619554112554113	0.996239766089823
PF14717.9	0.722241237678054	0.550907046633657	0.890925569320776	0.473257959490467	2.8959851607346	0.131245065265196	0.418666669760886	0.610101691335751	1	0.598225108225108	0.984155604860642
PF16820.8	0.871405600691125	0.582346530477148	1.1790706658785	0.683332653124275	4.49249129484473	0.139363236524178	0.422000002960946	0.677764781138533	1	0.609822510822511	0.997576950771116
PF05096.15	-0.239613019927152	-0.521251916155694	-0.0640992918100123	0.48499205539068	3.45306091125708	0.122820629491002	0.429333336003963	0.620544757196916	1	0.626359307359307	0.983672913775684
PF16120.8	-1.19539915277141	-0.920846554719576	-1.45376138433144	-0.412733538354302	4.0358148867966	-0.0831799853603472	0.454000001718247	0.687798114739995	1	0.712406926406926	0.994897294534475
PF09697.13	-1.24253337877359	-1.73309239160006	-0.825680440528422	0.787746016313679	4.02039781589694	0.181275252482936	0.405333336969865	0.581408606870757	0.999282947136148	0.535917748917749	0.956968780974101
PF16371.8	0.328315325294511	0.547109224340116	-0.0171685794341681	-0.573082134414417	3.09171625186403	-0.151862697978768	0.407728184745777	0.572550489638865	1	0.630038961038961	0.998552574426102
PF16370.8	0.286447475794417	0.530205903715855	-0.0996150513296072	-0.665446479639283	2.97356203651902	-0.172836625311615	0.400399737347201	0.544032396324714	1	0.617103896103896	0.99807104073686
PF16702.8	-1.88273718586344	-1.74495124124041	-2.0026864251953	-0.233701379343372	4.25635247536084	-0.0481827613654741	0.476000000890941	0.718844712542401	1	0.741675324675325	0.989148478557111
PF11790.11	-1.09520106423896	-1.13982469567478	-1.05558392768841	0.19327852579528	3.74729641805858	0.0402122451590334	0.478666667458231	0.74248946994339	1	0.714502164502165	0.983751961329699
PF17162.7	-1.02666187386569	-0.180883606700396	-2.03435485725406	-1.72911087719179	3.81743337753875	-0.397355247509349	0.301798809497187	0.363407788322625	0.999522595030054	0.365017316017316	0.988613036457204
PF17148.7	-0.753167848606211	-0.0806158214620929	-1.56431939340759	-1.31406061952991	3.84368620354908	-0.293413507570842	0.34133333986791	0.461960265536633	1	0.464675324675325	0.996274788152966
PF16313.8	-0.86431266878258	-0.267582040539935	-1.61632455161189	-1.19772856236896	3.93635290476315	-0.260091898917971	0.365089945421798	0.49213774382062	1	0.498982683982684	0.998883206608481
PF16227.8	-1.88619386916478	-1.70492873983127	-2.03368974888238	-0.297116652425887	4.31035571588514	-0.0514253010084733	0.471333334398563	0.717203057495656	1	0.731476190476191	0.991406788977231
PF12984.10	-1.80825776724659	-1.57476421191505	-2.07164926339693	-0.326570822458313	4.1898207652182	-0.0771244169834567	0.465689541581532	0.679870688492269	0.999972385739402	0.709285714285714	0.993421983007754
PF19904.2	-0.413817272583749	-0.28602121067601	-0.543251499153008	-0.267646910589827	3.38863467163977	-0.0678868235016926	0.458361094155813	0.740815128645893	1	0.757974025974026	0.994702399922082
PF14060.9	-1.34020133219509	-1.65880748953279	-1.03062324850984	0.6237689707675	3.99733341062162	0.128262267358847	0.429333336003963	0.631815315046006	1	0.588255411255411	0.960588406995983
PF16387.8	-1.79928048210177	-2.13270602718046	-1.46491530810872	0.82153335147129	4.24575332177289	0.166065081168389	0.418000003120978	0.632151000143811	0.999975853374716	0.588761904761905	0.958682936260899
PF19579.2	-1.53821890519946	-1.1092187245726	-2.01710703119058	-0.795905019911053	4.09573394455669	-0.177524169975047	0.408000003526811	0.593870101370244	0.99931034650458	0.61795670995671	0.996159496800022
PF14511.9	-0.697846738919624	-0.236649627163427	-1.09290474939288	-0.739971685935207	3.73036808528439	-0.156059607633561	0.402398404819022	0.620559325539944	1	0.612125541125541	0.999334921051371
PF13712.9	-1.85233879431103	-2.22078104487371	-1.44855316410443	0.698907419925931	4.19288558640485	0.139985343032189	0.425049969524827	0.622802696989754	0.999891907388132	0.579432900432901	0.959367366088516
PF13371.9	-0.959510049787126	-1.18250263146981	-0.77800995045586	0.321644449592692	3.76632976004816	0.070791853973264	0.457333334925171	0.719723750515911	0.999687760050861	0.684606060606061	0.986038455058318
PF16361.8	3.62826355418939	3.89002276322154	3.34932396543479	-0.663405193452144	1.92846901379851	-0.261007903322308	0.346000006301487	0.343026384057439	1	0.465025974025974	1
PF09087.14	-0.381669251811856	-0.173237070883431	-0.599311499681042	-0.359949257661358	3.12705488635358	-0.0920230450643554	0.449033979253343	0.655643062015703	1	0.688294372294372	0.995786348886853
PF10438.12	-0.349541744292519	-0.144733477485925	-0.57632770905337	-0.403007842955408	3.15299834824105	-0.0989175181044163	0.44533333538252	0.674176903564938	0.999221822810248	0.696896103896104	0.992778744364246
PF16270.8	-1.6325104534702	-2.25426947831058	-1.0050484008278	1.1676951218251	4.0109383929454	0.241507067980939	0.378414395186208	0.552529257939121	0.998864369058057	0.505012987012987	0.936354438681853
PF17138.7	-1.57039382002348	-1.63170086126347	-1.50492514603585	0.423716354828092	4.57000210680105	0.0860902980620563	0.461333334774048	0.696098887129129	1	0.67004329004329	0.98463606300843
PF17141.7	-1.49291594791244	-1.63192605605818	-1.37412301035882	0.618625515800473	4.50616567141726	0.110253653721402	0.447035311774745	0.681243548781233	1	0.649727272727273	0.982326181359506
PF14391.9	-1.80184218073927	-2.04866013288218	-1.51065479917061	0.507549547397371	4.03748918607188	0.108636055570178	0.430379749461449	0.659954123756504	0.999269634806329	0.61952380952381	0.963119740091003
PF14587.9	-1.85308945790632	-2.14181444820489	-1.5808586999107	0.605875145428711	4.28155204531597	0.12114420942175	0.437333335691362	0.661586222184961	0.999931773499613	0.627718614718615	0.973887325949383
PF11860.11	-0.846141988258459	-0.718908288819745	-1.0229653174663	-0.27738311482431	3.68136386352496	-0.0611995074103202	0.465333334623486	0.70317631075497	1	0.740103896103896	0.996140057124091
PF19808.2	-1.93899046705703	-2.32902292533792	-1.56662084272899	0.781485796429044	4.33370790247112	0.151746701611846	0.415722854640748	0.602104525906279	0.999715482265319	0.566735930735931	0.954863826341962
PF18763.4	-1.8205534818174	-1.63987057658832	-2.0135194003213	-0.283735116787944	4.27661156385335	-0.0666654297599329	0.466000001265109	0.690058862537353	1	0.71252380952381	0.995478448749829
PF19775.2	-1.87747695769363	-1.77170537596797	-1.98582173179669	-0.160401223238142	4.18993083213673	-0.0338379012352044	0.478666667458231	0.729503425451841	0.999859763142172	0.75804329004329	0.98974195328494
PF01166.21	-0.379268722038447	0.160094496319632	-0.868501109540624	-0.742707187040571	4.04654476581283	-0.165449982815118	0.40066667049685	0.623350378420743	1	0.615727272727273	0.999431178531982
PF04045.17	0.298230010495539	0.0500984093019703	0.49082090262072	0.536418605163553	3.49599440616705	0.127395974037364	0.419720189590245	0.60571665120284	1	0.608424242424243	0.986935822036604
PF06623.14	1.88861020629732	1.49562573502245	2.28359839375183	0.738384269047621	1.93383084150727	0.358754407145822	0.329333340487885	0.379751499476989	1	0.359891774891775	0.955990961976101
PF00241.23	2.68216609489394	2.22264246764651	3.00089400865364	0.96084582647938	1.65587969628227	0.540444139563395	0.256000011861867	0.187924569744329	0.999853340027024	0.195813852813853	0.876114302808191
PF04758.17	0.558714958978097	0.384329533741067	0.843896132764958	0.615030989531206	2.81523099972865	0.190638354542511	0.398666670580509	0.606911001955724	0.999962725935202	0.565073593073593	0.980945428950851
PF12301.11	-1.78097814221837	-1.60207105643298	-1.93681942672012	-0.198061223301362	4.163615290289	-0.041392465435539	0.478347768956934	0.701860459667781	0.998957397903553	0.721852813852814	0.989664860366973
PF03247.17	-1.89735750843268	-2.11801220257259	-1.55162041413047	0.652897905991971	4.25677829086981	0.133918776000475	0.434377084415154	0.653704781904628	0.999327426495685	0.613363636363636	0.968884974404229
PF00307.34	-1.54454248718547	-1.54818278450675	-1.53820867090698	0.0100088176625182	4.39136717404579	0.00127436863111631	0.499000666259482	0.758012628224355	1	0.748757575757576	0.989872622613205
PF03953.20	0.537228201133445	0.477449180119462	0.60512639148393	0.258842546145707	3.66852445586627	0.0545936543651417	0.467333334548396	0.769103776140658	1	0.697277056277056	0.997311900329343
PF06032.15	-1.80663433615483	-1.69352268208978	-1.96310133558509	-0.336290102293734	4.18659382209577	-0.0726446510969408	0.465333334623486	0.713123032677545	0.999218367891841	0.734519480519481	0.991440485671344
PF20177.1	-1.78940206659409	-1.59126401962021	-1.94909494664612	-0.3123577911138	4.14565786282318	-0.063902305356116	0.467688209061577	0.706986548497305	1	0.731168831168831	0.993776440931381
PF03272.16	-0.771638315645792	-1.45787702386464	-0.187652202086676	0.985224152085469	4.25841997051477	0.212236881593975	0.389073955014824	0.562195596404378	1	0.527722943722944	0.976566787754361
PF19335.2	-1.81088008297788	-1.69232078971104	-1.95467319464501	-0.28400421145327	4.17624573247988	-0.0546159280233912	0.47035309903515	0.693261767104532	1	0.715761904761905	0.993000432854531
PF07723.16	-1.90525777882127	-2.26478499654371	-1.54198623932698	0.804003395655692	4.33198059846356	0.161339034405688	0.423333336241206	0.626750530316343	1	0.59525974025974	0.961020297541588
PF05876.15	-0.827130568826858	0.275927845335369	-1.95405654327256	-2.05641806618373	3.79203944526943	-0.475964077108731	0.266489018374794	0.329124663707893	0.998708667994568	0.308627705627706	0.9858918511535
PF20454.1	-0.832735557326671	0.243833542332256	-2.05244842752285	-2.01207127162851	3.78056599429912	-0.463712546374933	0.27248502060596	0.336710284707959	0.998264258564046	0.308272727272727	0.987850124133055
PF03744.16	-1.50149746438644	-2.24885013156656	-0.666017223409746	1.34816518233736	4.41429665019743	0.27817459712504	0.353333339276837	0.510872616976465	0.998450777253724	0.437285714285714	0.933480025568758
PF09950.12	-1.81549017237885	-2.04779970668808	-1.59726509073802	0.42773816340159	4.0427762635675	0.093553245683329	0.451698869225096	0.654701727986604	0.999325253888015	0.632822510822511	0.97315616218116
PF16208.8	-1.87080421934556	-1.72792051234952	-2.03036678392114	-0.261049944177214	4.1940706491122	-0.0517735458352396	0.469686876541738	0.706863337981432	1	0.725974025974026	0.989859218785427
PF00038.24	-1.74953453110412	-1.57480427556089	-1.92170054157061	-0.229063973395494	4.13147059179276	-0.0450614939379042	0.47666666753275	0.693176921176798	1	0.720606060606061	0.989447127563823
PF06866.14	-1.56509196280162	-1.12107291309915	-2.00237797592367	-0.776761434650988	4.08865656141056	-0.174866088065369	0.410393074710145	0.622318303675092	0.999664511099571	0.639450216450216	0.995189852172371
PF19786.2	-1.26222722536651	-0.486164551929608	-2.02203107398707	-1.28347474804599	3.87260374030307	-0.298369750234389	0.338666673336384	0.468893871002731	1	0.478805194805195	0.991738029623283
PF09979.12	-1.96082186575265	-2.24889689764449	-1.70028480219141	0.578876759873737	4.19586494313155	0.111009614989987	0.433710861922799	0.645768108406595	1	0.617601731601732	0.963213461037521
PF13785.9	-1.91442083670952	-2.27810632780382	-1.52387021598061	0.772061855568824	4.26837739494682	0.156755221923843	0.422000002960946	0.630167070239613	0.999889223264949	0.589199134199134	0.968143171694387
PF05342.17	-1.82980710983291	-2.11227679019176	-1.56845719148986	0.589460552899428	4.16971245300059	0.110684098035765	0.431045971953661	0.654564398654132	0.99989733787938	0.61887012987013	0.973419658270027
PF09956.12	-1.78196095196713	-1.55343330977159	-2.02676670903006	-0.301170089389097	4.24533234520181	-0.06114901340058	0.46369087410161	0.692797781047172	1	0.72252380952381	0.988569230012152
PF02210.27	-1.85077602462452	-2.1749663253631	-1.47431672137771	0.73181394667609	4.32740124467382	0.131147025930695	0.428000002723133	0.629281473041357	0.99873569714832	0.589406926406926	0.96101495768051
PF12654.10	-1.34656950146203	-1.73525859511093	-1.01386407896519	0.684984112071072	3.95891056299912	0.152621635516893	0.423333336241206	0.636094879387154	0.997802982720583	0.60282683982684	0.966022783653405
PF10133.12	-1.89554753931964	-1.71419702666181	-2.07491254070941	-0.525760796182109	4.24755276670507	-0.0963774251088369	0.451032646732127	0.699571135829795	1	0.718411255411255	0.996476820224434
PF10050.12	-1.03290575101401	-0.326814095657975	-2.00731615747738	-1.55773907795541	3.54339531845438	-0.374431856211036	0.308461034285725	0.380885583391127	0.99859445134717	0.397177489177489	0.987101343201132
PF15644.9	-1.84123368019675	-1.63283515872292	-2.06834311657164	-0.350737165842783	4.06903593222558	-0.0724120098671829	0.468000001190059	0.710067890643774	1	0.727242424242424	0.991899877196672
PF14305.9	-1.64742194998635	-2.13686800010748	-1.07847910233367	0.948203430417799	4.08339512177252	0.189567693005607	0.397734847385403	0.558870906708913	0.998540455861239	0.508281385281385	0.945811721905571
PF10706.12	-1.7271199453121	-2.36823694738591	-1.08259824647667	1.16662808179194	4.34971283048852	0.245172519343486	0.36175883298481	0.546697672115955	0.998953581144593	0.496588744588745	0.942374757625314
PF02556.17	-1.85180992756181	-2.19018483596564	-1.50624903289876	0.498501972380564	4.0081513116464	0.108691561374966	0.442371754325456	0.646728255543623	0.998649679120623	0.608848484848485	0.964669379784337
PF08780.14	-1.60293890126184	-1.24634358334983	-1.99862713821558	-0.60215195052663	4.1891994310996	-0.125764383298403	0.426666669442425	0.654216365343724	1	0.66	0.99620168129076
PF08937.14	-1.58664622636369	-1.66690274915724	-1.49415152566998	0.186114959080552	4.09587735346453	0.0354908559103471	0.478347768956934	0.721464040494778	1	0.703025974025974	0.97759746954644
PF14583.9	-1.88443635497176	-2.26110324813758	-1.54432730104599	0.726799618490714	4.1108196316309	0.150085365921984	0.423051302049111	0.626191825116625	0.998374382071385	0.59687012987013	0.967327697540689
PF09505.13	-1.92638994961442	-1.73037148686753	-2.10324600739131	-0.313230505942758	4.18225082209775	-0.0617585347169077	0.468354431554951	0.708757587948255	1	0.732108225108225	0.98991781929166
PF17489.5	-1.84930315891533	-1.6056537172527	-2.04386252506285	-0.345085975466655	4.28412853084598	-0.0664914872249315	0.4633333346987	0.684987862597087	1	0.712108225108225	0.988180977096404
PF02994.17	-1.77513109981438	-1.66550576662627	-1.90491741374286	-0.185410442664293	4.16296132095628	-0.0365067619087311	0.483333333951304	0.724178657855735	0.999874686259081	0.753285714285714	0.986946678825953
PF17490.5	-1.91331994588533	-1.82002115971173	-2.00312189655971	-0.211555932649643	4.27237430255926	-0.0352549947909057	0.479333334100075	0.727613905938616	0.999610928654054	0.743800865800866	0.985996374050767
PF02128.18	-1.86881254558142	-1.75224679692949	-1.96738508877805	-0.213653585959771	4.34550237686086	-0.0426399538833599	0.477333334174568	0.721461390265068	1	0.741987012987013	0.992199536009309
PF20181.1	-1.7836930167781	-2.17786466394217	-1.36603856250509	0.691966517213111	4.12738353688077	0.147972315594887	0.423717524540984	0.626374079841295	0.997597992713784	0.574844155844156	0.954361207089542
PF08909.14	-1.54672663631149	-1.6702919218755	-1.43652094968376	0.216110576077675	4.23606228514204	0.0485107697529319	0.473017989008912	0.717033442351133	1	0.686709956709957	0.97948715856295
PF00165.26	-1.34394323491322	-0.73921250166514	-2.0056005840019	-1.0981638852446	4.07574974141866	-0.23084661995359	0.368000005255151	0.53351319653701	1	0.53704329004329	0.99458983056941
PF14436.9	-1.79937410878879	-1.68527902355411	-1.9124348980312	-0.246109225650196	4.12045260504155	-0.057459968228516	0.470666667756838	0.710246137198292	1	0.730562770562771	0.987849329003382
PF13637.9	-1.02730325394568	-0.574021220479028	-1.47377806196983	-0.894983632094955	3.71063402715025	-0.201766910428561	0.391333337557549	0.58078429833971	0.999926011969494	0.585658008658009	0.99751543883065
PF06777.14	-1.59943794752713	-1.17051351955803	-2.0263382192455	-0.663285244640129	4.07998719691293	-0.145717275257913	0.42066666968082	0.622550769250651	0.999989604772106	0.650359307359307	0.995634314095486
PF18259.4	1.41730787269954	0.710439608842151	1.78544305778111	0.570022797280806	4.32941553855933	0.128868305333421	0.422000002960946	0.590165866192262	1	0.590406926406926	0.995902083323197
PF07071.14	-1.88841232072968	-2.20479466261319	-1.57519381268731	0.626918043652658	4.18600954864333	0.130563201864838	0.429713526969265	0.645650868519195	0.999680723221472	0.607839826839827	0.956754871593391
PF06277.14	-0.507892551249188	-0.491890964468409	-0.52586189907556	-0.0151986407173412	3.66689314782157	-0.00338054275111531	0.49866666671605	0.789739155292517	1	0.767497835497836	0.992072353479156
PF10054.12	-1.8193759865144	-1.62454951520183	-2.00638752921553	-0.214882294527215	4.1552224643643	-0.042204522150311	0.474350433995858	0.699266259637728	1	0.722333333333333	0.992041741685403
PF04255.17	-1.79541054502233	-2.1254841598855	-1.48228634080586	0.669574922505303	4.34030537224156	0.12940929192482	0.424000002881386	0.627975180192901	0.999637343164308	0.589744588744589	0.960286008400608
PF11417.11	-1.83647071826678	-1.70540153233304	-1.98622186086359	-0.240598258739039	4.04361523565528	-0.0495223620443607	0.470000001115125	0.711348059535041	0.9999973929467	0.74078354978355	0.989904655479702
PF09217.13	-1.82840990906051	-1.71928790223079	-1.93715137376469	-0.138850040666962	4.20227391077332	-0.0291651007811095	0.485676216386335	0.735854738157224	1	0.754004329004329	0.990214773532307
PF09019.14	-1.83513493823886	-1.65037271531908	-2.07057599235527	-0.355633371551299	4.15128528128514	-0.0658977954689795	0.467333334548396	0.687435670479935	1	0.717909090909091	0.988911186335825
