FeatureID	rab.all	rab.win.FA	rab.win.FT	diff.btw	diff.win	effect	overlap	we.ep	we.eBH	wi.ep	wi.eBH
PF08455.13	2.17611003401121	0.76124624717642	2.63572637287762	1.76995326123542	3.19692447605033	0.491047435975011	0.282478357691991	0.19641412729378	1	0.219658008658009	0.999973479152427
PF00176.26	2.93695069329586	2.18260761902998	3.27886934504915	0.987405509068882	1.84397731967393	0.470003704113466	0.30533334183134	0.258777009536981	1	0.260917748917749	0.999792846497765
PF00271.34	5.50737495026893	5.3086003755475	5.73006688326456	0.466760775519355	0.724138560203014	0.632588640638626	0.244503677013663	0.167911690550506	1	0.165160173160173	0.994548521627086
PF01565.26	3.08755114512775	3.25194086009003	2.87045071086883	-0.298032250898846	1.21874190831853	-0.212340718619139	0.392666670834013	0.593047260461127	0.998427999233652	0.604580086580087	1
PF04030.17	-1.82121497162382	-1.4660220040563	-2.08137389593796	-0.626991370731159	4.24820799339053	-0.12792779358027	0.428666669363533	0.649273553250783	1	0.658467532467532	0.999735930735931
PF08447.15	4.06590613401359	4.14493231605708	4.0511877007248	0.0486812187799188	1.38390766640203	0.0348773933353317	0.484666667235102	0.663553525553615	1	0.821419913419913	1
PF00015.24	6.66552591587143	6.50536954738403	6.66641948557665	0.147429173361063	1.92044723777931	0.0720899378952653	0.479333334100075	0.677546448479142	1	0.85108658008658	1
PF08448.13	3.28114815581666	3.64258851141403	3.22193355664522	-0.342373947229464	1.57733397616676	-0.174694104624936	0.433710861922799	0.832016366278215	1	0.770593073593074	1
PF00512.28	6.61047523036244	6.67830574253913	6.57979085049971	-0.140136371079839	0.637322840261114	-0.211806253420441	0.399333337219243	0.448848884202537	1	0.649896103896104	1
PF02518.29	7.37460839500489	7.4573458172822	7.33610025737018	-0.145899032380248	0.66728255281509	-0.212911573394186	0.406395739763836	0.539970281585956	1	0.652809523809524	1
PF01025.22	1.49470449751078	1.39881194043056	1.67404928189297	0.0733027227994256	2.93432921942059	0.0221038750153794	0.485333333877011	0.737933736858857	1	0.777437229437229	1
PF00012.23	6.23454596459749	5.85838591161011	6.42703923370533	0.604974433112393	0.644565259129045	0.801536136860848	0.125333364978809	0.0675593069713092	1	0.0318787878787879	0.927812067203634
PF06100.14	-1.11340979487012	-1.89962690255136	-0.471245949249727	1.13164978141562	4.20945593335597	0.239833610647491	0.36933333852758	0.512597895675459	1	0.469207792207792	0.992830844088362
PF00359.25	2.29644582703224	1.68984948967985	3.05044538568384	1.33595542647678	1.60171963994142	0.774200538367831	0.181333353209282	0.118207598795183	1	0.103285714285714	0.951383041845402
PF02302.20	2.84703302592554	2.46546207772583	3.61623802260003	1.16068557807881	1.54070566992699	0.691649502450277	0.233177895211057	0.15882093097732	1	0.150861471861472	0.978363637328833
PF02378.21	4.96838554855701	4.58954367314811	5.46553422580151	0.948707736239071	0.724293968456025	1.25079932754716	0.0639574291089369	0.0139416222062048	0.994358631097558	0.0104588744588744	0.691261457454012
PF04167.16	-0.532656029849973	-0.0634240290657084	-1.02118693456763	-0.933381430179037	3.60676000805365	-0.194372147972609	0.386409065056362	0.544790822469636	1	0.585341991341991	0.999952922077922
PF00521.23	3.98981464160788	4.28167038731824	3.62058521561148	-0.632308504409774	0.760804766179684	-0.798704784740195	0.177881432759714	0.112162685741018	0.998238802029362	0.14295670995671	0.999905844155844
PF03989.16	6.35086344055707	6.67314760911955	6.00226039127845	-0.584602136804473	0.539478469829565	-1.02542594373855	0.148666692369559	0.0449799768383262	0.999701319172115	0.0605800865800866	1
PF01544.21	-0.55892823384261	-1.60384937058766	0.188028014797863	1.53759281541428	3.69409505982663	0.355265007231032	0.314000007995311	0.406510036652133	1	0.356121212121212	0.993850162532192
PF00471.23	1.00439479960372	1.26159229662621	0.760264696606274	-0.475143691684891	2.18796036396115	-0.179188725436332	0.392000004195757	0.550746089252267	1	0.61004329004329	1
PF00122.23	3.99458907957164	4.03658729811279	3.95451807873805	0.0151564991535329	1.04023898367064	0.0095252987490871	0.495669553791098	0.821272699827456	1	0.815896103896104	1
PF00702.29	3.94478060482293	3.89486104180649	4.00160275713385	0.173416637860103	0.995337139729587	0.162816905781329	0.425333336161842	0.595376247169477	1	0.603506493506494	0.999133674864341
PF10543.12	-0.571905715916015	-0.140780016872312	-1.01592549565393	-0.891104383526529	3.55364560541542	-0.217461356065383	0.389333337643233	0.534791244531223	1	0.57352380952381	1
PF10552.12	-1.88834790313549	-1.67071614980966	-2.0662604682237	-0.407520739218532	4.35719686907369	-0.0924604886374797	0.452365091718084	0.679904021386441	1	0.699926406926407	0.999571057513915
PF00692.22	0.777499023982406	0.795806387500022	0.746207909454702	0.0252547097289861	2.12016759100035	0.0105106188831629	0.493333333580291	0.751931443379452	1	0.746536796536797	0.998385401540177
PF06605.14	-1.69805254544214	-1.34174411000264	-1.93860759455376	-0.762317475702154	4.28167347346244	-0.151279168492204	0.419333336400829	0.643559599984703	1	0.664164502164502	1
PF18013.4	-0.356480955862224	0.124973925319735	-0.794917700560033	-0.859819756201355	3.85442556744883	-0.188885170033542	0.398666670580509	0.617339018852553	1	0.61517316017316	1
PF01551.25	3.27166661954569	3.5472692621045	3.01741500162037	-0.747687475580298	1.50920017393712	-0.427756780515795	0.296666675689746	0.311805505013366	1	0.366194805194805	1
PF01521.23	-1.71012051810696	-1.92895708758585	-1.53907085651202	0.209061373856143	4.50619908482334	0.0350202186184563	0.480000000741928	0.726805046150714	1	0.701995670995671	0.999818368797928
PF08282.15	3.13730952409083	3.28102240556246	2.92330073184259	-0.609396734725344	1.75925688319184	-0.313172688094729	0.368666671891333	0.406591037379811	1	0.515818181818182	1
PF01219.22	-1.89515301181388	-2.21233828331782	-1.52577101205671	0.605121999100609	4.32654089231409	0.125909139740257	0.441039309340154	0.644416550314195	1	0.607380952380952	0.996586643777658
PF00654.23	-0.379766178351828	-0.167089653831026	-0.614314694330009	-0.364309225474653	3.85535441079158	-0.0736464130452497	0.457333334925171	0.729749506723858	1	0.732809523809524	1
PF17767.4	1.71265760159866	1.98124018104087	1.48602918766005	-0.421022513873723	1.70295017733048	-0.224670793930581	0.39333333747232	0.603819129406765	1	0.593251082251082	1
PF04095.19	1.68933460398648	1.96146278408018	1.4649297551528	-0.484050618523649	1.78693849692865	-0.232834105917712	0.381745507631124	0.581168791883225	1	0.580281385281385	0.999905844155844
PF17956.4	1.58677800801744	1.77081560616532	1.44629272629141	-0.25525234210455	2.00903004855871	-0.0960416680399345	0.446369089281922	0.786275277244124	1	0.717896103896104	1
PF00583.28	3.34857811979162	3.60486906372205	3.16556925363452	-0.268615022162265	1.12995736428468	-0.171919795248316	0.413333336642635	0.821234674458513	1	0.64465367965368	1
PF00005.30	8.77074835082411	8.86136214502034	8.66847789350581	-0.055989463176747	0.586971810188804	-0.0897032027234233	0.462000001415584	0.935411188021995	1	0.874116883116883	1
PF02687.24	6.81498643390237	6.56521104375396	7.01170348258723	0.878142211330737	1.32134678550633	0.63913649390243	0.259333344934747	0.106727926995712	1	0.155969696969697	1
PF12704.10	3.96122064632882	3.7560732174017	4.04596321817035	0.311792467896479	1.28435517251019	0.215113548617066	0.408394407236809	0.423296013118098	1	0.55943722943723	1
PF08245.15	3.65262414874524	3.81660325965889	3.35038565390868	-0.417344732297509	0.882668293039771	-0.431261449998427	0.314000007995311	0.354240230936905	0.998458363576093	0.394329004329004	0.999905844155844
PF08353.13	0.677059902153425	0.0764691593012445	1.19412543927283	1.03792524329604	2.94335533700515	0.282398501441213	0.349333339470879	0.513093899452932	1	0.392601731601732	0.997626479050536
PF13328.9	3.19174939472713	3.13924189274982	3.24421819048472	0.142287671480578	1.01730418042266	0.130631792674801	0.436000002409853	0.631611753776589	1	0.64848051948052	0.999590827354464
PF04607.20	4.00336618239609	4.14810881109912	3.87202186054762	-0.35329632757607	1.0869217210984	-0.316397713573025	0.37508328274276	0.456552952957645	1	0.536380952380952	1
PF02824.24	3.82341104170864	3.73786641794038	3.94234064807772	0.203259022710697	0.941715420698635	0.205471366074049	0.412000003363445	0.613921578828571	1	0.565151515151515	0.998920892151327
PF19296.2	2.72721128252717	2.51616180789635	2.88142909554269	0.415956564054815	1.23696946831904	0.319443600533293	0.358000005720664	0.423096900409709	1	0.428935064935065	0.998133258265085
PF13291.9	3.08821475156315	3.00935164668852	3.15838150087722	0.192297496820241	1.05867680255821	0.169734232510403	0.42238507955727	0.60529677197199	1	0.604848484848485	0.999457758230421
PF13460.9	-1.33511630171257	-1.25380609044685	-1.42746989632583	-0.0542216681468055	4.49829975561377	-0.0107653188002238	0.49466666686422	0.768010354788705	1	0.783051948051948	0.999584980237154
PF13520.9	0.790158588054488	1.20016972420435	0.298615854596181	-1.1249515369225	3.51995538797054	-0.277261233135072	0.360426388010507	0.412614020569172	1	0.530822510822511	1
PF00580.24	3.33870148830512	3.13606928909952	3.55725631557382	0.48258233181627	0.952113766922499	0.412576322405045	0.293137917292776	0.274487181396916	1	0.278948051948052	0.98268253381299
PF13361.9	3.50047027213824	3.48049631519174	3.51835739245737	0.0987234246185018	0.936956338656456	0.0808300699607142	0.452365091718084	0.566227472103017	1	0.674034632034632	0.999724360487997
PF00890.27	3.93031743944721	3.65838551818724	4.09934849147352	0.578117173524044	1.16788522312059	0.438464027535686	0.294470362245698	0.241912918047399	1	0.293268398268398	0.991566511134889
PF00056.26	3.31743978862561	3.12853671507033	3.45397774034822	0.430054960734775	1.3510748147494	0.263102088153086	0.362666672168125	0.39084543474004	1	0.46338961038961	0.999079091978555
PF02866.21	3.34297985691176	3.1495015640868	3.45974123421488	0.360159783623327	1.36878461086288	0.222404399178114	0.367754835372621	0.383122983451545	1	0.478987012987013	0.999483221005913
PF00478.28	3.3592527433347	3.10014304222254	3.6715193552113	0.679577102853814	1.01195556974676	0.633099350342893	0.242000013023006	0.169172604667533	1	0.173502164502165	0.970303666471405
PF00588.22	1.88297686404843	2.197448418908	1.6317936565171	-0.609427783908632	1.62914486116323	-0.345359679379515	0.346666672935199	0.421976212518205	1	0.47978354978355	1
PF01288.23	-1.34819339197371	-1.10868759485806	-1.59484953664275	-0.438202702373131	4.0139440778176	-0.091418379339901	0.449333335229345	0.691883985715882	1	0.707670995670996	1
PF01227.25	-0.871433332013658	-1.16434408758931	-0.557123125912422	0.529086152120122	3.8272506074648	0.121303830301059	0.434000002487791	0.647891073264887	1	0.613402597402597	0.997225557782504
PF00528.25	6.67771874378297	6.75721042336272	6.60250554723278	-0.18715872135988	0.807224073488302	-0.100121605634957	0.396402402404781	0.687464313792922	1	0.61034632034632	1
PF01594.19	1.45980909419859	1.62220401067978	1.31319380854526	-0.18373657268717	2.58478098850296	-0.062336160858249	0.460359761635369	0.782418399325866	1	0.78517316017316	1
PF02776.21	2.67990627076047	2.85583531879429	2.42356334246895	-0.364657729048304	1.39079056047624	-0.250029221504703	0.37574950523133	0.474532964318453	1	0.545307359307359	1
PF00205.25	2.45857383265999	2.5246841221735	2.36367675794466	-0.197417832537668	1.42638523827414	-0.110673376364933	0.439333335613819	0.606563856249595	1	0.711056277056277	0.999978961038961
PF02775.24	7.51185690027314	7.3135289011716	7.59562885734195	0.177956397187337	0.745029386328443	0.204001066326254	0.372000005073218	0.463020158861805	1	0.450199134199134	1
PF07517.17	4.00442125808696	4.04399533367085	3.92973026554646	-0.131637698762212	0.924322451858187	-0.115290869826598	0.43637575189238	0.64691878597992	1	0.744225108225108	0.999802697302697
PF01043.23	3.97560303476784	4.02802259234956	3.85369412001375	-0.159913803059908	0.966744215161272	-0.149221086984951	0.429047304477111	0.604845243905021	1	0.700770562770563	1
PF07516.16	3.99914073163597	4.04525180977508	3.89821795341466	-0.158968106904237	0.930563343684502	-0.145206729077845	0.42238507955727	0.586628353924198	1	0.690835497835498	1
PF02810.18	4.1941533451205	4.21486649711862	4.1290278051195	-0.0838070935691819	0.849785662583342	-0.078230061888342	0.462666668057134	0.649417654951078	1	0.771493506493506	1
PF00665.29	3.66212496855529	3.77986974076073	3.57282060454021	-0.283664739759372	1.69265777854256	-0.155782569821173	0.433710861922799	0.627077753675156	1	0.717818181818182	1
PF13333.9	1.52962467625791	1.75157022277764	1.23931935634579	-0.952868729950014	3.03246759537206	-0.255130751639196	0.359760165523463	0.378281043330027	1	0.534406926406926	1
PF00872.21	2.77118502195163	2.74265982668499	2.81682100150288	-0.0630052614015089	1.4898552519983	-0.0377452407841142	0.484666667235102	0.782703980661281	1	0.837636363636364	1
PF05524.16	4.37466937616176	4.00481846836785	4.63306182235924	0.435307545151627	1.66797713150552	0.150295512850857	0.40933333680553	0.422753471899787	1	0.576831168831169	1
PF00391.26	7.65997062950086	7.66013783529934	7.65923824454983	0.0507169526182873	0.775123049686608	0.0553116333515645	0.473333334323805	0.627373524486669	1	0.794164502164502	1
PF02896.21	7.65527009748034	7.65159596509231	7.65625561834418	0.0659702710554764	0.773048863734495	0.0695898467705405	0.459333334849536	0.622254275475988	1	0.783558441558442	1
PF00977.24	1.83416157140201	2.0024705457115	1.63084090078432	-0.315132094112366	1.76036698049423	-0.127862377005746	0.419333336400829	0.71705837241138	1	0.650445887445887	0.998
PF00180.23	2.3204602803579	2.42249247363689	2.23417380472333	-0.295961364515327	1.96423259779827	-0.0986637677272821	0.42704863700083	0.725377208232572	1	0.715978354978355	1
PF00330.23	3.35793230716789	3.25171137279986	3.41677751290664	0.167650235799687	1.02444158313231	0.146715562406875	0.424666669521598	0.536772705165559	1	0.620203463203463	0.999644565960355
PF01195.22	-1.04791185467276	-0.988609258593191	-1.10993633325797	-0.17568799553525	4.02132257063614	-0.0352030366083982	0.48234510391832	0.753887735160888	1	0.771354978354978	1
PF01751.25	4.10004159122187	4.17777589510744	4.02784630343514	-0.180496321270979	0.946507386490127	-0.189800474456441	0.407728184745777	0.582605374106046	1	0.63761038961039	1
PF01131.23	3.30536961619619	3.33269374920928	3.26081547768661	-0.207429864692227	1.23369081482264	-0.135756430463841	0.437333335691362	0.580544886431178	1	0.716670995670996	1
PF01396.22	2.19231183951747	1.95969088993002	2.42004854547148	0.481101834398184	2.29990553134362	0.157864695192891	0.40866667016615	0.622489545974963	1	0.586038961038961	1
PF13495.9	0.650788363672554	0.8598948147866	0.365747489898316	-0.253206557367645	3.36164917793914	-0.0613745206085549	0.457333334925171	0.716783871009954	1	0.735320346320346	1
PF00589.25	6.28940888287712	6.39405068236502	6.15789749928625	-0.0293697714996188	0.755119649786677	-0.0363383557761017	0.48733333380277	0.884172773617488	1	0.881679653679654	1
PF07690.19	3.52177708362413	3.59212088280835	3.43785832560677	-0.122565062892142	1.16506894698556	-0.102318036594313	0.454666668359595	0.705097817385703	1	0.743987012987013	1
PF00664.26	4.05603793699804	4.07094276449214	4.04044437966805	-0.0255892787933876	0.802097451714336	-0.0291104685573312	0.48733333380277	0.78435980847419	1	0.814515151515152	1
PF04079.19	0.0457184380060278	-0.0100790649294549	0.107735417705004	0.124090903910706	2.95017515138074	0.0325136464486112	0.478347768956934	0.693634858404191	1	0.720181818181818	0.999688852813853
PF12850.10	0.643306565041164	0.402557561504501	0.848532803751308	0.505238126677871	2.04061749385414	0.187593908652391	0.390000004281288	0.491996410675617	1	0.510593073593074	0.996404246681831
PF14691.9	4.147127682692	3.9211264980512	4.45050183483002	0.522001807452713	1.04264688118432	0.458868797320627	0.290000009443632	0.311869331808385	1	0.250125541125541	0.99806490639013
PF07992.17	6.35738279804056	6.12251634251066	6.51475693339725	0.289740440485106	0.670576073317241	0.41184916122942	0.320666674289219	0.326563013529206	1	0.296497835497836	1
PF00310.24	0.51998722479306	0.21849024112611	0.763918577709354	0.382746246380808	2.8198260637552	0.110252775060628	0.438666668972974	0.707911267732511	1	0.640376623376623	1
PF04898.17	0.292839251455434	-0.370405465991862	0.778682548093798	0.994204749992151	3.38660553859863	0.240710665227785	0.363757500446794	0.479847577058994	1	0.455021645021645	0.99815708272292
PF01645.20	1.53510811986233	2.05571724620542	1.22791696839302	-0.59107125851989	2.97607038310331	-0.151907763669096	0.395736179914541	0.769869330350272	1	0.605	1
PF01493.22	0.635521542297264	0.467397347906004	0.874279603340889	0.424581551558828	2.9573444932248	0.110534474314494	0.427333336082764	0.663536338064581	1	0.629385281385281	0.999217508238031
PF00282.22	-0.547188409138338	-0.444006053956802	-0.625339779088321	-0.118289319138579	3.92639429837836	-0.0264375045130959	0.482000000667532	0.7697301673638	1	0.784588744588745	1
PF13508.10	0.32229235226808	0.822555719126031	-0.178640111220926	-0.925942143208614	2.67449748111967	-0.285201983459094	0.335109933558651	0.483760073567731	1	0.439757575757576	1
PF01321.21	3.0028070462554	2.94906973373199	3.05454257037195	0.0638218553503442	1.25411321488565	0.0487572992098254	0.471019321528573	0.780051513753571	1	0.710844155844156	1
PF03960.18	0.276724740833179	-0.488353465967387	1.16079932553959	1.56186841877849	3.01364006017209	0.433484150882966	0.252666678794869	0.320073696429285	1	0.237627705627706	0.980961196307546
PF17757.4	3.07054921329638	2.86121147262765	3.19829893086832	0.31090911080623	1.48978854908341	0.185713794785324	0.395069957424349	0.63336529580175	1	0.560995670995671	1
PF02559.19	2.82025609844118	2.90571248218713	2.75911521247004	-0.187865418371444	1.31890621438437	-0.121843298484481	0.441333335536504	0.721100226219688	1	0.722251082251082	1
PF00270.32	4.1641988402618	4.27426107627468	4.07142133721234	-0.206779515588627	0.801571687295599	-0.236538908738324	0.388666671005231	0.55670455184013	1	0.612194805194805	1
PF03461.18	1.78750283871069	1.23014613064284	2.30143093049507	0.862102675059533	2.0681644980331	0.310172402839999	0.323784151346264	0.586918065628827	1	0.339709956709957	0.999082616664728
PF05833.14	1.0325758010323	0.781973039260996	1.20058621407858	0.439381952993727	2.48168678134085	0.139029844997342	0.412391742183836	0.534365783965289	1	0.600891774891775	0.997092914438503
PF05670.16	1.05037911728532	0.807030620698284	1.20779288229377	0.481646220407545	2.4114971927266	0.168936851310854	0.398401069875784	0.48865144813093	1	0.57174025974026	0.999503875445058
PF02653.19	5.16791666376111	5.33826566442694	5.07806186525292	-0.300428338455846	1.59824257918627	-0.13245382429304	0.419720189590245	0.825920817334175	1	0.70625974025974	1
PF00224.24	3.1838718869038	3.22825223613773	3.14698042218579	-0.0908920826236024	1.1809590654194	-0.0591872046384859	0.465333334623486	0.802130921716534	1	0.786186147186147	1
PF02887.19	3.03407473630739	3.06917745167632	2.99390257678598	-0.0350849890383911	1.3249180211251	-0.0142745831694408	0.484666667235102	0.699483548793978	1	0.805753246753247	1
PF01210.26	1.18321349844021	0.874458117136938	1.57104063344528	0.686785940515	2.2880169280275	0.249768008256494	0.358666672355798	0.46019208289756	1	0.44782683982684	0.998934970528322
PF07479.17	1.1642063816044	0.817305973019263	1.54302872892303	0.774055524552253	2.2004727366889	0.287540495828093	0.345769493313153	0.450629377219233	1	0.421722943722944	0.997990335995968
PF20618.1	1.17915659686975	0.832168406557332	1.58121188424364	0.758499280708648	2.19002060184682	0.27872774475061	0.348000006202873	0.431055624538677	1	0.411606060606061	0.9974965690154
PF00483.26	7.24917450172281	7.46012560999594	7.14510079950378	-0.174719641914615	1.06531195466729	-0.120960930394578	0.437333335691362	0.790262822691394	1	0.771316017316017	1
PF00348.20	2.46677924324003	2.75207290054131	2.19370628947733	-0.687519939666912	1.72244663876791	-0.352130149511915	0.327333340594301	0.326559052640128	1	0.407761904761905	1
PF01180.24	1.24389880082569	1.21276905271345	1.26959853649296	0.173582678154377	2.52681645274852	0.0561977365882639	0.465689541581532	0.778664107983492	1	0.714796536796537	0.999973479152427
PF13421.9	1.12365805243515	0.992585474520259	1.30647592154399	0.338002512047316	2.87575690734453	0.0923735999066241	0.436666669050594	0.642491518665438	1	0.603030303030303	0.999822727272727
PF00849.25	2.90353824380638	3.03129332157385	2.81127318611033	-0.163771161943902	1.36554696465644	-0.0753457791640216	0.43970686435495	0.749347960873343	1	0.725493506493507	1
PF00690.29	2.88796291158522	2.64816605799891	3.08396830542949	0.40070194486862	1.55029625960616	0.225173554442398	0.39333333747232	0.522021728864621	1	0.53774025974026	0.999298268398268
PF00689.24	2.88407895446939	2.64140784119665	3.10479610580532	0.444140342556152	1.54994149508345	0.258446742129552	0.386000004453745	0.516592688111683	1	0.514558441558442	0.999988429752066
PF06736.14	-1.67085427569921	-1.71399587241454	-1.63611637157692	0.0424831638818857	4.21131612902582	0.00626248270166207	0.497001998778448	0.743491369818696	1	0.735683982683983	0.997735930735931
PF05382.16	-1.83061939843674	-2.21675757136646	-1.49635459295396	0.711982717882039	4.26017568514355	0.135720256881754	0.423333336241206	0.639337075570617	1	0.602636363636364	0.993711565518627
PF14657.9	1.65844426951931	1.89894715347361	1.39163855617717	-0.687181129998262	2.02660320266233	-0.263122389855118	0.357095275576019	0.390896664876542	1	0.492757575757576	1
PF14659.9	3.10267896868504	3.29181279377907	2.83723090031027	-0.441418691540511	1.24862974767081	-0.298959506686389	0.358427720549594	0.45372853703958	1	0.495761904761905	1
PF00392.24	3.98836596505286	3.74539950945927	4.19350522634779	0.511419055718509	1.11087013623382	0.342442614800188	0.278666676862012	0.254909611427113	1	0.235264069264069	0.993835034381867
PF02080.24	3.22019945256322	3.63410267996262	2.79077742492185	-0.922177483812458	1.13132476951184	-0.775926845284734	0.17854765517649	0.0916718048446678	1	0.118060606060606	0.999641774891775
PF00367.23	4.23658069925761	3.76431391686075	4.9099626589291	1.19443405236021	1.13170817175453	0.981315543138275	0.114000035385422	0.0461473211257231	1	0.0222207792207792	0.867529143565179
PF00358.23	2.8678515163672	2.87551639708472	2.84970847327266	0.105803458256485	1.61279479118054	0.0524974228116126	0.472351766515455	0.749175993079389	1	0.759294372294372	1
PF01047.25	-0.220577796309675	-0.763369449760363	0.351163463094728	1.06268018854439	3.60538509229341	0.239330490716336	0.373750837765804	0.572164751919332	1	0.473272727272727	0.999311122593228
PF00881.27	2.6521600501136	2.77043490641309	2.54622097953517	-0.237748207788004	1.77559275663205	-0.0919358146083375	0.430000002644423	0.786464098930501	1	0.702904761904762	1
PF00106.28	2.10170654278012	2.23082654866502	2.02217113559216	-0.121881175150025	1.49751843228849	-0.0688026260560397	0.469333334473424	0.763657805917629	1	0.74821645021645	1
PF13292.9	2.01119522157208	1.96004490875616	2.05930543509426	0.0581345302709018	2.23750387151521	0.0158207376782955	0.486342438879956	0.81521918619344	1	0.758350649350649	0.999792846497765
PF02779.27	4.17084836642804	4.04614421987057	4.34939451871105	0.245695342695424	0.84857581530032	0.269975160586545	0.397333337303178	0.593167935503254	1	0.528207792207792	0.999804240224385
PF02780.23	4.1868121209455	4.02506861290054	4.37825798869701	0.268554755505937	0.838434235865304	0.268920549364259	0.384410397588074	0.575961953512203	1	0.50052380952381	0.998358710006571
PF01554.21	4.68435362575704	4.775836617794	4.50465356778009	-0.256734674410112	0.82122383457708	-0.262235444584956	0.3777481726974	0.69504828726891	1	0.57574025974026	1
PF01261.27	3.54379150615655	3.653435102364	3.38666371832079	-0.31699855333552	1.11645533486812	-0.287766414780503	0.371752170300835	0.464194846351187	1	0.552636363636364	1
PF01479.28	5.27594051308531	5.45343247398568	5.16953033254171	-0.268108170031176	0.581847265937733	-0.419254942918094	0.317788149010891	0.427713963120696	1	0.400818181818182	1
PF02861.23	4.61070853011415	4.87815968564285	3.89752166179343	-0.805296114056829	1.21581042179309	-0.613835148471527	0.253333345407786	0.195078495826862	1	0.200051948051948	1
PF00004.32	5.50345499804485	5.50212817595749	5.50509409413195	0.0164796181463371	0.769568486035865	0.0154961615938377	0.492000000296372	0.851378948074363	1	0.80830303030303	1
PF17871.4	4.36457092286604	4.34682828623288	4.42875604280148	-0.00233849392718266	1.08228207344068	-0.000779853570966902	0.5	0.845019688077054	1	0.836025974025974	1
PF07724.17	5.24966388889852	5.24543675224612	5.26090370554169	0.0273891158424009	0.64822406116501	0.0434203309833825	0.482000000667532	0.838699763290798	1	0.756038961038961	1
PF10431.12	5.17414594295613	5.15517461179601	5.21005193654515	0.0557456782115207	0.704514112931186	0.0717008711504317	0.468354431554951	0.815259808877689	1	0.759705627705628	1
PF01370.24	2.25512722278117	2.76850346827062	1.56352365272026	-1.25031458461599	1.31950661930274	-0.886181563567923	0.147235202529104	0.0812981110124733	0.993965470091859	0.0911038961038961	0.998002922077922
PF13522.9	1.78254810818243	2.15322338158743	1.5372237205866	-0.502145486971385	1.60925284634475	-0.257992766687471	0.379080617675076	0.608894144817138	1	0.562008658008658	1
PF00156.30	3.68527809958113	3.81922991268954	3.51672294286885	-0.302309934976837	1.2372565028246	-0.197308239399296	0.37641572771996	0.427985016446309	1	0.575380952380952	1
PF18072.4	3.91347042247158	3.96691550020623	3.90387446741967	0.0332952841102436	1.17131196823317	0.0232396461918166	0.487008661373583	0.565096603361602	1	0.79369696969697	1
PF00586.27	2.70128794961675	2.88798019460327	2.58804001360242	-0.250363410078761	1.31931039681091	-0.161507124701598	0.418000003120978	0.704429608909636	0.999594030096616	0.674995670995671	1
PF02769.25	4.43339919006587	4.64016709707688	4.41334731723748	-0.156100632874842	1.0330595178748	-0.126227638596013	0.459027316648982	0.837365761879408	1	0.807242424242424	1
PF13507.9	3.90100789251081	3.90270652971176	3.90063158599108	0.0672623112138142	0.991599295200664	0.0545803767098245	0.472000001040299	0.649145911697765	1	0.769774891774892	1
PF01259.21	2.0804186115067	2.04299020958346	2.12326934358358	0.120112992006023	1.64046233345423	0.0499776378264409	0.458666668208064	0.675320918849521	1	0.702363636363636	0.999853620955316
PF00128.27	6.06882528748005	6.09335371008017	6.05172965874087	0.0664373233216118	0.602766721064408	0.0982406462604354	0.455029981690227	0.560289779584495	1	0.736134199134199	1
PF02806.21	4.65685915665932	4.89060630434683	4.4506265023355	-0.409807726011513	0.634832012263375	-0.603860480942228	0.244666679459601	0.245589784787142	0.999408962261875	0.254601731601732	1
PF08240.15	4.37617009833176	4.38326071748517	4.36627956033998	-0.0517649954702435	1.17692330263873	-0.0380614294069585	0.48101265893116	0.803627060986258	1	0.844450216450216	1
PF00107.29	4.37026267583194	4.37599104267824	4.36416919328075	-0.0595810567170076	1.16227762861741	-0.0418018195607907	0.479680213944031	0.811984008183885	1	0.839376623376623	1
PF06541.14	0.832317778276752	1.53874368883189	0.138834686628302	-1.16669277916945	3.015731644912	-0.306406399574057	0.314000007995311	0.513517492843838	1	0.390727272727273	0.999952922077922
PF02922.21	4.97577925610291	5.17813308130032	4.85567070212802	-0.309439199001763	0.579623601118818	-0.460920593236845	0.295333342439321	0.39493258191879	1	0.367961038961039	1
PF12848.10	3.03357102906068	3.00686584651249	3.05170243332355	0.0135456645543455	1.13797966423182	0.013852751783761	0.494337108803755	0.778031188993337	1	0.78465367965368	0.999274575367473
PF16326.8	0.697917531003284	1.48866738042736	-0.162871678349864	-1.65486089704095	2.97688266935554	-0.451948967501193	0.247168566861408	0.307567667756335	0.99893571077701	0.223705627705628	0.999905844155844
PF03577.18	1.32601012618641	1.42763117080486	1.20454669975778	-0.35070396581702	2.3534753559691	-0.110208704902382	0.429333336003963	0.521052926260678	1	0.696852813852814	1
PF11797.11	-1.89558970009222	-1.75699470544024	-2.03702975967038	-0.371657954635331	4.25244195560592	-0.08001099387125	0.463024651608331	0.715705832713631	1	0.738558441558442	0.999918660287081
PF01018.25	1.22008474742901	1.83944458791182	0.304366216830362	-1.36179904535518	3.38125358803502	-0.326868883081854	0.31978681645501	0.375841770841533	1	0.389428571428571	1
PF01926.26	4.61843192210597	4.71672681128891	4.50037542638973	-0.212614732618874	0.583576502858803	-0.345089712893915	0.351765495684751	0.446250032310189	1	0.487095238095238	1
PF09269.14	1.16529690576164	1.68422180158207	0.373425230553483	-1.1933911573001	3.18643108753818	-0.31564722049608	0.324000007440414	0.36899993139489	1	0.393887445887446	1
PF00171.25	5.19986349450117	5.42979243837067	4.91481459657399	-0.409895740956244	1.27592219564223	-0.293967478799211	0.346435715798556	0.738685607248129	1	0.468974025974026	1
PF00696.31	4.2361915397047	4.10617390114083	4.37101495838214	0.236523115061763	0.595500321288652	0.368212362892959	0.353764163143399	0.440311774652963	1	0.396909090909091	0.986252444076291
PF02881.22	3.04510861222704	3.1977526933557	2.81779782119979	-0.288403401989792	1.16493484496064	-0.235494938692344	0.395736179914541	0.568834470006732	1	0.609943722943723	1
PF00448.25	3.36816157318787	3.47379742036801	3.25953860950451	-0.158177210723261	0.998220401947854	-0.144017056800797	0.434666669128451	0.721106192198587	1	0.727497835497836	1
PF02978.22	2.59100152970324	2.82860524530972	2.27766183791384	-0.537762354322995	1.36375158359091	-0.358480809079033	0.311792146684833	0.345540659055928	1	0.427099567099567	1
PF00753.30	5.13540418045554	5.00188393028141	5.21109965454762	0.292576698215091	0.755614488993134	0.350929718204857	0.336442378526689	0.358368708768523	1	0.391134199134199	0.99883233810372
PF07521.15	4.13883659028685	4.03803194187671	4.24666415913011	0.347429130876422	0.920424565465011	0.352007388818076	0.339333339969129	0.320816435715084	1	0.387177489177489	0.997688997955441
PF17770.4	3.24000534719983	2.98200691549717	3.50440683351708	0.56310415122358	1.03555128980554	0.487956959230917	0.285143247588287	0.2939236300935	1	0.266064935064935	0.987589378904939
PF01118.27	2.46293063987607	2.66645153904811	2.19174142162883	-0.453477477041374	1.61283157058263	-0.239062989395826	0.372000005073218	0.531236907519299	1	0.550554112554113	1
PF02774.21	2.21350057614581	2.48244555968193	1.86706528319078	-0.365324146228838	1.95361787964072	-0.152522166633617	0.400000003858024	0.701286007202374	1	0.612623376623377	1
PF01081.22	0.867644692062139	-0.212401910901832	1.77139079971519	1.98377697446837	2.07894528606142	0.863598768317222	0.145333359771677	0.0805543661924656	0.996923874257142	0.063034632034632	0.866338762702537
PF01263.23	2.53579899614071	2.66578244839356	2.44884145876596	-0.163684487559956	1.63557762618596	-0.0790641667715841	0.458666668208064	0.822204542988745	1	0.792571428571429	1
PF13347.9	1.61433878701741	2.09827364367631	1.06874082061751	-1.13081888360829	2.09481467471359	-0.455781017871702	0.271152575664316	0.210221542547972	1	0.281735930735931	1
PF01232.26	1.44498520812719	1.74501602916155	1.07031040136201	-0.725305646784947	1.58299962042399	-0.386515693653679	0.304000008577276	0.341605536507714	1	0.392125541125541	1
PF08125.16	1.46286139975848	1.73615704217402	1.08197459370715	-0.659301468194193	1.59252538909019	-0.377808002555599	0.321785483900142	0.365301155629239	1	0.429424242424242	1
PF00356.24	3.46882526887983	3.55155060905924	3.37619822432576	-0.00151220364521443	1.84862019854464	-0.000806956968321964	0.499333333358025	0.75569965693997	1	0.82525974025974	1
PF13377.9	3.67971994236966	3.81018107304035	3.58759662779427	-0.131066958870983	1.6570803134578	-0.0650130669497785	0.465689541581532	0.851537791948101	1	0.806727272727273	1
PF00206.23	3.28203192177013	2.9935860737058	3.52967119550913	0.58343385499196	0.909786663896687	0.591953827878169	0.230666680719594	0.204916749389194	0.9990749551373	0.19748051948052	0.971917358963733
PF10397.12	2.00643826315404	1.90098645382447	2.17207490352955	0.271949450140719	1.57509379285821	0.160811763017031	0.426666669442425	0.690626284861357	1	0.598177489177489	0.998846651656757
PF02926.20	2.45753917990293	2.82785500142378	2.03334282164295	-0.819998828917613	1.40535672959212	-0.515938542922361	0.266489018374794	0.240023584248862	1	0.279645021645022	1
PF01170.21	1.75306826270527	1.99486299306342	1.52071386510658	-0.609183356692831	1.75641972890409	-0.320592041493715	0.353097940657105	0.427096188446682	1	0.498238095238095	1
PF05103.16	-0.633264477450587	-0.494186315666077	-0.874653797276509	-0.164431145066216	3.94284768649102	-0.0379307817151475	0.483333333951304	0.752927276417302	1	0.791662337662338	0.999988429752066
PF08230.14	-1.20790519456245	-1.48008493303856	-0.915806305776376	0.429832326576768	4.24440977579278	0.0938968432682065	0.456000001642348	0.67823380903253	1	0.656909090909091	0.999403064216889
PF00155.24	4.77806031354431	4.68350458991756	4.89047657405028	0.193593182183543	0.725308246070417	0.220650432497756	0.363333338803763	0.59005579432636	1	0.436450216450216	0.999913066525311
PF01381.25	4.95471162153882	4.99744390325525	4.91097726279539	-0.0418797602447665	0.712289916745947	-0.0619167935314628	0.474666667607353	0.788668448914339	1	0.799787878787879	1
PF01209.21	-1.41377054157862	-0.785006034501721	-1.99603016857908	-1.3038837453049	3.99758140927589	-0.284896494564824	0.362425055472068	0.506986029645385	0.998942155099515	0.52338961038961	1
PF06018.17	3.15158919624919	3.13751955649873	3.16391943665364	-0.0857777906592974	1.36928731141083	-0.0473870515565627	0.471333334398563	0.671039076600689	1	0.800948051948052	1
PF08222.14	3.15402467019413	3.15317223330768	3.15507914413965	-0.0966702222815421	1.36703739857638	-0.0543119919024939	0.467688209061577	0.669263650334725	1	0.78478354978355	1
PF12464.11	0.367885209316823	1.31271436016372	-1.08985824770912	-2.21109481150896	3.13672696908654	-0.617779336221167	0.198534327978905	0.174484047082643	1	0.148974025974026	0.999952922077922
PF00132.27	4.51657154170166	5.42328205198558	3.80631046766168	-1.53929451039072	1.31519907057047	-0.918780169347278	0.176666687249073	0.246858963409676	1	0.078974025974026	1
PF02686.18	-0.907774501553186	-1.32810167117122	-0.601870360076735	0.418458488997373	4.15796377878049	0.0909952994373399	0.444000002100421	0.673131777516267	1	0.647268398268398	0.999301948051948
PF02903.17	1.92541438445041	1.70219487093515	2.12777352182734	0.387792713439693	1.96959270704924	0.153352905313511	0.403064627309717	0.575373563684604	1	0.561597402597403	0.999453846750103
PF07274.15	-1.61740788935524	-1.68075431369098	-1.54518344654256	0.213222321880977	4.30089023089838	0.035560945950515	0.477681546463399	0.753172232395757	1	0.725670995670996	0.996
PF01425.24	0.742363788542604	0.262559248303655	1.01397427073583	0.738183153285801	2.51016038394307	0.237458461730141	0.366422390397075	0.400643678864028	1	0.45652380952381	0.996423429391336
PF01476.23	3.88796741498674	4.27368129165333	3.40875316321323	-1.01202239701406	1.05207764538601	-0.879999021048249	0.131333363254707	0.0596631575648538	0.999778087593547	0.0602640692640693	0.999547619047619
PF03610.19	2.51772672148608	2.45220307261355	2.57208528325981	0.280061927300283	2.56278412563282	0.0985798731450208	0.447333335305835	0.66452672816226	1	0.701835497835498	1
PF03830.18	4.97446446613192	5.23594352670894	4.84251454309554	-0.256953711608608	1.3635031502942	-0.128337486944929	0.42038641208195	0.863111877035072	1	0.714900432900433	1
PF03609.17	5.74502014908739	5.88867516657775	5.6036170966705	-0.403202160235543	1.3544433154779	-0.226147669696362	0.37508328274276	0.699489194926642	1	0.541497835497835	1
PF03613.17	5.02540397417332	5.33155443076728	4.84584858446178	-0.588896505973489	1.69639502271403	-0.261839061702986	0.365089945421798	0.777889037585609	1	0.523376623376623	1
PF02934.18	0.44260465901437	-0.253480069764787	1.23683209711645	1.28439749352989	3.25417170429255	0.33570998957252	0.31978681645501	0.475937305924575	1	0.339904761904762	0.996491326865522
PF02637.21	0.419389410268964	-0.318425432425033	1.22110640612056	1.36168531199618	3.23924529480499	0.365040218343755	0.309793479244992	0.472043879463776	1	0.327731601731602	0.992882582416623
PF02403.25	2.71856630231317	2.55529696022884	2.87861921932826	0.219880836806484	1.18081054329899	0.160132762009659	0.422000002960946	0.666941267540579	1	0.606138528138528	0.999785528756957
PF00587.28	5.16579565465044	5.09031721726755	5.2448903524119	0.169084617441923	0.632561651310503	0.194487091835111	0.365333338711092	0.411089660559799	1	0.456961038961039	0.996373727225156
PF12849.10	0.408214553081124	0.812608872392757	0.0377222034120912	-0.916798606766547	2.7671562639047	-0.278409595038149	0.355762830602743	0.425547565527138	1	0.499203463203463	1
PF01668.21	-0.069528263806828	-0.00190715194306623	-0.206375632178331	0.0297227344963735	3.83291396174713	0.00513443462503327	0.496335776284772	0.773485705417596	1	0.772329004329004	0.999880053548799
PF01411.22	3.85888196960675	4.03421763467812	3.69125928585153	-0.296848705405258	1.02015772322804	-0.267692873258376	0.372666671709787	0.507504933454862	1	0.530757575757576	1
PF07973.17	4.44521798678612	4.59691022348714	4.34751293745853	-0.147482378221087	1.00219505444902	-0.142498051774601	0.433333335847159	0.728628850136865	1	0.715320346320346	1
PF02272.22	4.59738732214294	4.77955530278577	4.4236512967882	-0.282626887706218	0.815183612264281	-0.318841782263643	0.373750837765804	0.525911872027779	1	0.525722943722944	1
PF13145.9	1.17936144873218	0.64623128667994	1.79162110989818	1.17986463325926	1.9610792918138	0.484742513671901	0.269820130723452	0.305633447362064	0.998164225092512	0.241134199134199	0.970863466622826
PF01596.20	0.0959486329570289	-0.766676278400436	0.765498223054428	1.59603067168302	2.95013985343475	0.455049308828913	0.255333345247989	0.297579197848791	1	0.233909090909091	0.966878963021674
PF08439.13	0.829378974142949	0.416140032901679	1.18538283935478	0.740425850740738	2.11361273591397	0.299227136499779	0.343770825857455	0.417843540643305	1	0.411532467532468	0.992384968171484
PF01432.23	2.24123567948558	2.0200619829539	2.41280487165237	0.245573339709381	1.43958354371112	0.144923716358793	0.435709529399944	0.706838025045718	1	0.631961038961039	0.999885579937304
PF06054.14	-1.76664115590081	-2.04513770793823	-1.44381711737856	0.65135513923655	4.27260822671159	0.133826644669865	0.438666668972974	0.6439289587305	1	0.610883116883117	0.996968523484685
PF01027.23	0.928898470584779	1.21027019154456	0.578071690190263	-0.460353735300161	3.36507720156167	-0.124001698657896	0.427333336082764	0.643456439690475	1	0.694632034632035	1
PF01966.25	6.34199589886085	6.43228825056072	6.28977047158567	-0.180018530656143	0.868675364898887	-0.153717469847988	0.399733514856683	0.909442436918353	1	0.606307359307359	1
PF04892.15	0.947796023614845	0.652772114759663	1.25277295721867	0.656470584963432	2.07595868629103	0.244750538199282	0.367333338619035	0.470775235328114	1	0.4614329004329	0.994730897307851
PF01264.24	0.260758230108984	0.398617367524011	0.133518532817723	-0.216987625541887	3.17906828600204	-0.0524623518763556	0.466355764074866	0.729232404648683	1	0.765251082251082	0.999838044308633
PF06335.15	-1.83085791323148	-1.68728411227741	-1.94628095372679	-0.386399706162184	4.19418745511002	-0.0835086774547163	0.462000001415584	0.711732968194705	1	0.733225108225108	0.999207792207792
PF04657.16	-1.24987025664359	-1.08163299128349	-1.46291656657736	-0.446667652683914	4.6427560727989	-0.0989404131322674	0.453697536704118	0.714080189224693	1	0.740571428571429	1
PF01761.23	0.833453652373553	1.28052513050797	0.426220065159032	-0.799191093379594	2.60169869718185	-0.259020292515324	0.356000005815711	0.560478117842867	1	0.504896103896104	1
PF09335.14	-1.11004587051181	-1.26055378153462	-0.988768032566637	0.100050555413485	4.07525246491851	0.0203538920657673	0.489333333728575	0.760588853173613	1	0.740121212121212	1
PF00497.23	2.66214441448695	2.33448047533175	2.91647043156091	0.539675489499845	1.40349869230633	0.352600353231399	0.343333339767493	0.443875359501868	1	0.412164502164502	0.998073548776577
PF02874.26	7.12096705447618	7.26396728814719	7.10616052620095	-0.0547716015427762	0.695511170572283	-0.0722118245622902	0.46502331908821	0.828173641642298	1	0.845779220779221	1
PF00006.28	7.21542748029637	7.37001947725248	7.19073115289315	-0.0707659865939676	0.65525096054365	-0.0857437295750299	0.452365091718084	0.862923013534428	1	0.796199134199134	1
PF00306.30	5.42219523246252	5.65665654301075	5.22423663058664	-0.388542220407764	0.660259260069289	-0.382893962078701	0.296469029676195	0.649212402663793	1	0.300354978354978	1
PF00213.21	3.14577364345286	3.42199536258352	2.92756233598069	-0.574599215671925	1.36593728893944	-0.389543757833717	0.32844770872428	0.343524999554477	1	0.393151515151515	1
PF00119.23	2.91558228059029	3.34015545231671	2.31188439983642	-0.931414957752611	1.43480601613583	-0.584024798445353	0.245333346069434	0.204540411651236	1	0.240207792207792	0.999952922077922
PF01694.25	0.406946702769315	0.400371940187455	0.413067702914957	0.0377299813606733	3.21240935767355	0.0102565917615444	0.493670886310086	0.799674738838093	1	0.750766233766234	1
PF01592.19	0.884206524764195	0.786872491534053	0.989889808554436	0.248499533667798	2.08984196859817	0.0975982124034591	0.443704199310853	0.631313125067828	1	0.646675324675325	0.999046598639456
PF13527.10	0.989808182488908	1.193351222373	0.690407316257938	-0.560732491122454	2.46146494635383	-0.17670464565227	0.39800000394182	0.439932897847494	1	0.58121645021645	1
PF17668.4	-1.01269147617919	-1.74195328180924	-0.309661724791408	1.34449162443047	4.07515264950493	0.27004013549991	0.359093943036492	0.516140916169529	1	0.453242424242424	0.994678148060879
PF04997.15	5.62410602828811	5.9952428034995	5.45048820013897	-0.432089223601151	0.818264447842881	-0.446374585731137	0.28914058243768	0.471554488988487	1	0.300528138528139	1
PF00623.23	6.21218539908562	6.76610726190571	6.03954779636403	-0.585204810109269	0.952777146203518	-0.557117978725167	0.272666677280535	0.395195582285493	1	0.239891774891775	1
PF04983.21	5.63645535416522	6.00152939252381	5.4740062290867	-0.410932937109788	0.827759909846665	-0.442885620270374	0.300466364541095	0.512360030185627	1	0.323978354978355	1
PF05000.20	5.64170155266062	5.99793710040049	5.47204570528703	-0.417058085067182	0.827190860455336	-0.433692752045887	0.307333341713425	0.519222740029542	1	0.332064935064935	1
PF04998.20	5.69460730109804	6.02988717569162	5.53036052746289	-0.386038690223074	0.876285546041442	-0.396396532999368	0.305796144368727	0.533401241121738	1	0.337393939393939	1
PF19200.3	0.221380377065046	-0.80441131291312	1.07602834209526	1.8567751142845	3.19471937712232	0.511451652010815	0.239840119790646	0.238017269818687	1	0.177220779220779	0.972318695009549
PF05913.14	0.2250013965741	-0.849473211903987	1.09462886111142	1.80117131031764	3.29350265068828	0.500544844078523	0.240506342250232	0.275219970032082	1	0.19017316017316	0.970287209718679
PF04563.18	5.44316538701633	5.71075653786339	5.29226336361423	-0.434933230948116	0.74611133767887	-0.478746466845477	0.268000010950104	0.427700752531081	1	0.276025974025974	1
PF04561.17	6.22852999225179	6.59163486276364	6.05071246785103	-0.547471494923347	0.658000329927701	-0.653012545257746	0.229333347513362	0.262805269714344	1	0.165350649350649	1
PF04565.19	5.45767508383176	5.72226427913543	5.29498725910313	-0.440389705276105	0.720206122866378	-0.474988170176192	0.282478357691991	0.460100682575972	1	0.293679653679654	1
PF10385.12	5.45242188364621	5.72888065646918	5.28993150264634	-0.438798608220115	0.726276561489559	-0.488803810001331	0.276482355435458	0.433293047605221	1	0.277450216450216	1
PF00562.31	5.49803575961881	5.75322079166075	5.34476117402922	-0.406469614972672	0.684482471804157	-0.463383551869454	0.288666676196259	0.491465842946452	1	0.293701298701299	1
PF04560.23	5.4904855238063	5.76043679535428	5.31136379371012	-0.454469190330468	0.759497139189111	-0.487468171035848	0.260666678165493	0.407182044953604	1	0.23974025974026	1
PF05649.16	1.78515878917835	1.89970392402733	1.69501238824792	-0.253919914911065	2.17975470037586	-0.0812638208135054	0.451032646732127	0.796795350468676	1	0.737861471861472	1
PF01431.24	1.77453853776668	1.90266290317729	1.65174639935231	-0.338191687924278	2.19146776687607	-0.102533458093571	0.433710861922799	0.791258220578765	1	0.715571428571429	1
PF01943.20	1.11178808125739	1.24011551204549	1.04538849690355	-0.251272385055957	3.75274952810175	-0.05566582499843	0.4633333346987	0.792394954779989	1	0.81252380952381	1
PF14667.9	1.29842476501742	1.39760820297176	1.15778756522785	-0.376592370996504	2.58753597627858	-0.129557054843657	0.428381081984987	0.499070135235322	1	0.677225108225108	1
PF01368.23	3.81029964050019	3.80199174754715	3.82851397242815	0.104783955370498	0.915895076582439	0.109313823902118	0.444370421803586	0.647351407287459	1	0.669311688311688	0.999853620955316
PF02833.17	1.73417375833575	1.18839407353749	2.21395378610336	1.11748827083875	2.04496594229984	0.430938269484256	0.251832124104973	0.233068600594142	1	0.197272727272727	0.98067337002986
PF01595.23	2.67533453438794	2.85184875188168	2.49598637665746	-0.316788976130159	1.48699073572127	-0.201092264742969	0.396000004026034	0.554257513870572	1	0.612350649350649	1
PF00571.31	5.53597224218188	5.3658145028763	5.66228942019626	0.327015305315598	0.734161213665985	0.417355263022735	0.32111926141832	0.275401615023174	1	0.304372294372294	0.999952922077922
PF03471.20	2.67787560283277	2.8361811795682	2.53669009853368	-0.350945534450523	1.5046560691089	-0.208445171674011	0.400000003858024	0.546805847296208	1	0.614324675324675	1
PF17760.4	2.65136536658855	2.8363294769033	2.46960287776894	-0.353695910088278	1.7338376230271	-0.12962540129651	0.410666670084409	0.830946678502366	1	0.660987012987013	1
PF17755.4	2.63582301741452	2.82401964302294	2.44831178947163	-0.373348714555654	1.66479862173517	-0.160178603755737	0.40866667016615	0.841379821843278	1	0.646705627705628	1
PF04263.19	0.1491069010794	0.281751837478425	-0.0989265552386733	-0.44214235046211	3.07105178142367	-0.113391745259325	0.435709529399944	0.570201269658936	1	0.684406926406926	0.999838044308633
PF04265.17	0.188445672842772	0.328593482102223	-0.0694529345054526	-0.448374534368771	3.06041817033132	-0.127539851171061	0.429047304477111	0.551196538099388	1	0.672064935064935	0.999384349827388
PF00582.29	0.748930847023161	0.902830573938388	0.570578572533099	-0.728274863828729	3.05709277726123	-0.212971321545268	0.404000003691644	0.50927506578866	1	0.630761904761905	1
PF19300.2	1.89963162591291	1.74848916457595	2.05559637426728	0.400752938024707	1.93931460145611	0.161760930400392	0.396402402404781	0.522682475684633	0.998933717951128	0.539874458874459	0.997049743972605
PF08352.15	4.42061975872237	4.34239192867062	4.48991262095222	0.128170063915589	0.756029137929135	0.15772636528647	0.426382414508798	0.747531141131134	1	0.620372294372294	1
PF01134.25	1.60441184418673	1.79932113872475	1.36146660694805	-0.39780682438658	2.60823762054106	-0.11646601379077	0.424666669521598	0.675470992463961	1	0.690112554112554	1
PF13932.9	1.34993572304956	1.40685382290911	1.28728531971453	-0.232999438237377	2.72001072617176	-0.0667566852332247	0.462000001415584	0.779373648370486	1	0.795484848484848	1
PF01406.22	1.80828999261894	1.69529453866666	1.86541629275863	0.125683488224855	2.05479978734661	0.0455306835127706	0.475016656489348	0.714472848949357	1	0.767437229437229	1
PF09190.14	1.69365014314062	1.72850950548782	1.65782163559915	-0.159656052919922	2.26389610161295	-0.0657097850241761	0.461333334774048	0.781893514310817	1	0.766393939393939	1
PF01138.24	4.80417046166684	5.02002109387879	4.64227460617821	-0.310321343842721	0.919155207721229	-0.334060800899204	0.366000005347005	0.509855480474665	1	0.509021645021645	1
PF03725.18	4.33505882545534	4.46035839609933	4.2247739920749	-0.214023337501178	0.897957670057021	-0.220575238488245	0.396402402404781	0.5849916455881	1	0.625995670995671	1
PF03726.17	3.64650263108206	3.86836050336622	3.40881455001913	-0.417093764909039	0.928046429489611	-0.393299379440684	0.328666673856588	0.444286347548815	1	0.421658008658009	1
PF00013.32	6.2002348766302	6.3547016046487	6.07854054968913	-0.237179312153225	0.554484369174689	-0.298764860579107	0.325333340701651	0.818609154739351	1	0.418835497835498	1
PF00575.26	7.95777578447027	8.30785932560013	7.81633567909029	-0.451337530619247	0.802962305506482	-0.430049068353347	0.286000009703439	0.632755519951211	1	0.268138528138528	1
PF00009.30	9.0094397032698	9.06991434400958	8.95204948592093	-0.110795284351685	0.559587741459504	-0.158852439381318	0.39800000394182	0.950794535312613	1	0.629402597402597	1
PF03144.28	8.91003584569446	8.94851372242718	8.8661434122485	-0.0885953278294318	0.574442425503451	-0.123009795545738	0.418666669760886	0.843351698442052	1	0.727428571428571	1
PF03143.20	8.12447406473624	8.16328259776196	8.05840020895982	-0.0999400777625796	0.595097720316576	-0.115368908808337	0.427714859492894	0.88906250483337	1	0.723891774891775	1
PF00133.25	5.12443673804446	5.14066812393601	5.11527366442547	0.0673715472710317	0.766526937498138	0.0709381265955861	0.460359761635369	0.562468481670339	1	0.729151515151515	1
PF08264.16	5.23812321705108	5.14337088057447	5.28931405714675	0.211055056492316	0.687006683350561	0.273098995774477	0.368000005255151	0.362472163396896	1	0.466887445887446	0.999751178207209
PF06827.17	-0.00604841496530018	0.234363557765487	-0.37028076379406	-0.478383354934914	3.38190467827079	-0.121878380082619	0.431333335925431	0.686775389286277	1	0.698987012987013	1
PF00091.28	3.79526166715465	3.5668536314896	3.96238788826414	0.388069332313007	1.03217548926304	0.347492633186259	0.335776156042623	0.377182811185891	1	0.399645021645022	0.999040300217024
PF12327.11	3.78213383640689	3.55445540311362	3.92818558503004	0.359376859114462	1.04067373590317	0.325133441690553	0.346666672935199	0.384804747583041	1	0.396878787878788	0.998249115784247
PF00126.30	2.40160766400327	1.85661749543647	2.71990370041239	0.961377057466729	1.76259397807279	0.448152237783811	0.257828126292976	0.191611058441297	1	0.213969696969697	0.990745754199014
PF03466.23	2.35044837136914	1.87380809651301	2.67341678091103	0.919832875396317	1.93921318449078	0.409018430223473	0.285333343080642	0.227354775855989	1	0.256168831168831	0.996835016790147
PF04055.24	5.64702057192513	5.67815395203956	5.6149862865631	-0.0878762160368165	0.509003206413629	-0.155203653446254	0.424000002881386	0.646261319810589	1	0.717233766233766	1
PF13394.9	1.81992100415093	2.38660067681077	0.497969481283505	-1.8898581892484	2.52754591020108	-0.622272114357433	0.203333350290745	0.110229558760572	1	0.144021645021645	1
PF01029.21	2.1259300973399	2.12566478254641	2.12612154552448	-0.00971305496541675	1.78872722723494	-0.00504398232371883	0.496335776284772	0.737256816978815	1	0.814147186147186	1
PF01189.20	1.32946830824758	1.0093749815541	1.65684107655214	0.346433721720953	2.17236035679137	0.118942770575755	0.432000002565979	0.759829384355224	1	0.626484848484849	0.999404519331243
PF04226.16	-0.414000041630563	-1.1883300032485	0.44950768875772	1.12116570232356	4.46474380686437	0.221493898067856	0.37574950523133	0.558502226437269	1	0.480203463203463	0.999194920662455
PF00551.22	2.7486337142165	2.6133656151977	2.84231218295497	0.331987514759288	1.3831912594124	0.136935808768357	0.38800000436728	0.411337458658699	1	0.534683982683983	0.996961628808222
PF02911.21	1.12505266766569	1.19763777508094	1.06536779576283	0.0405861787062021	3.09848593187655	0.00837317878426221	0.49300466381642	0.730509012916591	1	0.774714285714286	1
PF06983.16	-1.61340376559491	-1.66090592928941	-1.55638875309094	0.142098760755855	4.00625071355852	0.0300939438649766	0.483677548905506	0.739959499433736	1	0.714601731601732	0.999676348228043
PF12072.11	5.83827926060006	5.96452131017447	5.7592357868363	-0.200485733329012	0.595043038579711	-0.209040690148815	0.363333338803763	0.872859990685579	1	0.522839826839827	1
PF01182.23	3.47560309420795	3.75900865104484	3.3146639293534	-0.508678500408528	1.6908717589807	-0.282528477330681	0.383744175098753	0.608440809496693	1	0.583467532467532	1
PF00712.22	2.0546274393124	2.39181566847723	1.68768251740703	-0.560891653719634	2.04704374496839	-0.209697198930696	0.346435715798556	0.547084372730476	1	0.489480519480519	1
PF02767.19	2.08085613963592	2.37087371105026	1.68660499014583	-0.593052363518686	2.0994281829389	-0.20662702219288	0.359760165523463	0.575234773480362	1	0.500675324675325	1
PF02768.18	2.06176235647827	2.35953928677573	1.72653999706612	-0.538167113218516	2.04917592225072	-0.194542922718788	0.364423722934262	0.581434814141779	1	0.513	1
PF01116.23	5.96567381041945	6.18218722496967	5.8812908213949	-0.0755657115459218	0.854253891769299	-0.0829315091587569	0.464357096594903	0.79420816404008	1	0.843848484848485	1
PF03129.23	4.9040682555577	4.80322754524983	5.01029947452051	0.234892448934184	0.656667244797498	0.235212110980025	0.331333340382384	0.332731235262951	1	0.384896103896104	0.995387045058285
PF03477.19	4.40541517956127	4.62126959229449	4.31146086167006	-0.286774298224653	1.018876050387	-0.219449549586548	0.395069957424349	0.804789647013087	1	0.638532467532468	1
PF14681.9	2.05898157397977	2.24324974319102	1.82406474979344	-0.409333375376438	1.72437727098174	-0.180175718135942	0.379080617675076	0.50446767516743	1	0.556554112554113	1
PF01053.23	2.07915064823673	1.72477631741481	2.30446012395921	0.696531446105901	1.98075738891175	0.261885020669849	0.328666673856588	0.281615798574061	1	0.351554112554113	0.993178966204556
PF02646.19	-1.47487544773427	-1.85409323475719	-1.03581161858724	0.74686007632204	4.2759172137349	0.149222075989564	0.429047304477111	0.653927385861204	1	0.625424242424242	0.997639474923791
PF16745.8	0.864421490024641	1.20648914942402	0.51187105727222	-0.552914498364276	3.19240226076283	-0.134280159592069	0.40066667049685	0.682174137224726	1	0.61530303030303	1
PF03193.19	0.889525507739223	1.3251604898708	0.491523801429403	-0.664576567175396	3.19671672426318	-0.158980081368668	0.382666671265601	0.665093291805672	1	0.584251082251082	1
PF01588.23	3.94086787334139	3.84521645154491	4.04703913909369	0.206374499838289	0.695336931639794	0.268309957290615	0.374417060254251	0.558050857204597	1	0.525809523809524	0.992458421247357
PF03483.20	2.22429479861291	2.30135801564029	2.15167659865548	-0.187763618569213	1.26509591096838	-0.12764501014627	0.438666668972974	0.641763645448092	1	0.686168831168831	1
PF03484.18	2.17120569913291	2.28892128600702	2.0505338574563	-0.254821660667997	1.25316631849244	-0.194458145200148	0.406000003609039	0.575898966787985	1	0.611112554112554	1
PF17759.4	2.14118178323033	2.2544696303929	2.03899906038226	-0.215377747338594	1.29387126591932	-0.159439170123881	0.420000003040807	0.606873400478049	1	0.654935064935065	0.997918660287081
PF03147.17	2.14483155346675	2.2668486834549	2.03129223157686	-0.305432150222835	1.27310734633677	-0.213386397647163	0.396402402404781	0.571389498180564	1	0.61674025974026	1
PF02912.21	1.27860534964426	1.32121665746018	1.22531305527505	0.0595009863277598	2.12800951724754	0.0280356103831446	0.486666667160845	0.800914444208466	1	0.783220779220779	1
PF01409.23	1.24675086302778	1.28554722425584	1.20603607490977	0.00487226661646556	2.15674283679647	0.00269621660805555	0.49866666671605	0.793560875616367	1	0.782017316017316	1
PF02421.21	2.09767573976089	2.11756501796534	2.06331313920491	0.00654789364368202	1.26291516120003	0.00559613160698509	0.497668221272125	0.75599403583941	1	0.754333333333333	0.999477168644752
PF17910.4	1.95074346163512	1.88689759364594	2.02352408437303	0.195704797147747	1.30887528250267	0.130445570165914	0.431045971953661	0.643721804061703	1	0.62921645021645	0.998642927685594
PF07670.17	3.02636879364492	3.01536125626754	3.05201871706309	0.0388743142781998	1.00361670061679	0.0351644179664365	0.479333334100075	0.719265783829591	1	0.690268398268398	0.999871582365003
PF07664.15	2.08672873767898	2.11418270473156	2.05016085425861	-0.0149376962715122	1.24506976159423	-0.00816835265412334	0.495669553791098	0.750857686543071	1	0.771294372294372	0.99671824433936
PF00704.31	1.98408250225498	2.0136463238831	1.95040597527488	0.053034736592263	1.62203119418878	0.0213541033791567	0.487008661373583	0.630194959037722	1	0.750354978354978	0.999918660287081
PF02839.17	-1.62060499580244	-1.72953067095151	-1.49934417499093	0.287621367871147	4.31690964642455	0.0600189576633155	0.471019321528573	0.733533659055551	1	0.700835497835498	0.997311476566911
PF03067.18	-1.8346939788664	-2.17422926765451	-1.497979826518	0.655435664446524	4.11020419235673	0.124035861065105	0.437333335691362	0.624985109811084	0.999834712263858	0.6024329004329	0.992921623375993
PF01872.20	0.647545760211064	1.06693574510453	-0.0145232768956411	-1.1700278943785	2.57867538623646	-0.394532708439636	0.309793479244992	0.270188139234039	1	0.369333333333333	0.999952922077922
PF01336.28	4.4566531330646	4.60459536322473	4.2735460413159	-0.304146666032803	0.843402837263102	-0.323302044187558	0.346435715798556	0.490178655476824	1	0.488108225108225	1
PF00152.23	4.30439751904441	4.42681914127764	4.19540743374619	-0.181392036180812	0.934197363254084	-0.171336824334941	0.407333336887512	0.711216595641109	1	0.652636363636364	1
PF02938.17	2.61151642242199	2.72859599440229	2.43706077803648	-0.280944953547658	1.20996350072568	-0.209555316269016	0.399333337219243	0.529223219368684	1	0.606649350649351	0.997201798201798
PF13393.9	1.7706535398838	1.24482598080996	2.01993184696755	0.775129431561335	2.14443681698308	0.310585032019183	0.32600000733243	0.308377206409947	1	0.370969696969697	0.998944538831457
PF13413.9	-1.81932077086643	-1.74760546918965	-1.88786485985264	-0.311437987340457	4.45789825916863	-0.0608140546663465	0.467021986568215	0.704332073992249	1	0.741640692640693	1
PF00675.23	2.97179856594871	2.87154840419733	3.09838209090102	0.147186893956969	1.1830482074462	0.129628142224248	0.446000002023603	0.705653841789499	1	0.656333333333333	1
PF05193.24	3.50823757802441	3.47935541600891	3.54468502806948	-0.0419625456337451	1.10511991328029	-0.0350343015935593	0.481333334025656	0.756887095281308	1	0.815051948051948	1
PF03780.16	3.11842865076842	3.15332961852757	3.0921803077548	-0.0504692598919823	1.30460201772686	-0.0284236471409178	0.4840000005932	0.759990084831621	1	0.821229437229437	1
PF16363.8	4.24894449399537	4.49751094017805	4.01469189404127	-0.367126023405191	0.875368053511413	-0.381556021988334	0.34533333966786	0.460405001700392	1	0.450220779220779	1
PF10509.12	2.85783655871622	3.35697387971983	2.43539923707647	-0.948771154254983	1.15061022731532	-0.745086174343774	0.194536993376127	0.127984900771936	0.999087921552457	0.145281385281385	1
PF00288.29	3.23981273589573	3.72137374525973	2.89329438151461	-0.807871010982759	0.97963094770004	-0.783071026783895	0.189333352074701	0.113475872709587	1	0.135030303030303	0.999952922077922
PF08544.16	2.63413438624499	3.63378850486292	1.66489183404222	-1.89257452030967	1.53860606458758	-1.1276313214557	0.0980000421084133	0.0283772868156047	0.996455130529087	0.0333376623376623	0.999189393939394
PF01136.22	2.491324525355	2.64164926605371	2.24317829576695	-0.340778592859666	1.52189151507445	-0.199696546876208	0.401732182328371	0.58575094038984	1	0.629753246753247	1
PF16325.8	1.09934400157496	0.789557058946195	1.30694549396742	0.385502039033063	2.58407597567449	0.120086355934357	0.430666669284912	0.671806716970894	1	0.607645021645022	0.999683326425348
PF00687.24	4.93113319278583	5.07864539943364	4.77094039218094	-0.280463878195379	1.03170137290404	-0.212555892677489	0.362000005532558	0.694029595045188	1	0.492748917748918	1
PF01765.22	3.23290179745527	3.38357012173216	3.08387563502695	-0.302791773456428	0.900783596000451	-0.298876439656535	0.362000005532558	0.485424796883973	1	0.519818181818182	1
PF00871.20	3.59181344202616	3.57429810577268	3.59692750140486	0.157359078382183	1.31976303448647	0.106135200729912	0.445702866789121	0.571195846751746	1	0.685168831168831	1
PF14492.9	7.68076034343065	7.76235202703281	7.57484813837558	-0.150926405595606	0.632663567434786	-0.178721705260774	0.387741510035488	0.926737767731794	1	0.606939393939394	1
PF00679.27	7.73942086797894	7.81799837588555	7.63645844014678	-0.132716960638374	0.589104700151192	-0.162399975550558	0.38840773252513	0.922921558873257	1	0.612138528138528	1
PF07242.14	-1.91984552191562	-2.22288188981087	-1.58026933047008	0.610734516736291	4.34966152110311	0.118867180858829	0.435709529399944	0.661131510563483	0.999171452491077	0.627311688311688	0.991986514882673
PF04397.18	3.90439680423772	3.81089102122826	4.00463909113149	0.191164513593924	1.10837324587116	0.149863439488564	0.42438374703289	0.644858452606778	1	0.636311688311688	1
PF00480.23	3.64640334785863	3.1805362031651	3.89402195564773	0.626337013370821	1.29423253840189	0.422359636204531	0.294000009189488	0.251652432542327	1	0.261606060606061	0.995817457762755
PF00817.23	0.624295576372442	0.78326077209242	0.498835184751125	-0.301845461603132	3.80940535493806	-0.0629665821079914	0.460359761635369	0.797336232141722	1	0.797415584415584	1
PF11798.11	-1.54257618777589	-1.60787353886642	-1.45650688728557	0.194084757821906	4.27428905603523	0.0362797877222495	0.480666667383788	0.72556085916668	1	0.712294372294372	1
PF11799.11	0.603792277633704	0.779602957725919	0.474524514054322	-0.323225304592964	3.64537062413504	-0.0663601120794728	0.4633333346987	0.804129999329006	1	0.791030303030303	1
PF02729.24	2.91937344804552	2.65521462413602	3.17970097133838	0.53105098786703	1.24296619961254	0.364233054828593	0.32111926141832	0.344835531357364	1	0.341909090909091	0.996699329281979
PF00185.27	2.89913575394288	2.628115461894	3.15997665653225	0.53401754815909	1.20684880959727	0.375990451580361	0.314666674624175	0.340633887880488	1	0.328038961038961	0.993146761124124
PF01316.24	-0.165971805031818	-0.325720125619989	-0.0261878799935289	0.199241772566117	2.96806592524813	0.0526287370585378	0.472000001040299	0.745014478408558	1	0.69482683982684	1
PF02863.21	-0.183124686724681	-0.301139673908494	-0.117376371560418	0.108112593479391	3.12149417276496	0.0313949077475405	0.479333334100075	0.747023960707059	1	0.720571428571429	0.997373520568102
PF01225.28	2.4279453537832	2.72200027119209	2.11391039805203	-0.498963642625125	1.30430317727714	-0.355623927975557	0.339333339969129	0.452635456837076	1	0.477528138528139	1
PF02875.24	3.42109463564273	3.61606508625631	3.02942349097666	-0.566986868087563	1.01084285316412	-0.536692661886601	0.275333343759333	0.238771935727752	1	0.310632034632035	1
PF04321.20	1.72884836382306	2.14302502710191	1.41724626035067	-0.79893666125671	1.75809045138636	-0.364318935705794	0.304666675204241	0.345511572658094	1	0.378480519480519	0.999298268398268
PF00230.23	1.64530849204082	1.8531555376339	1.28376327869794	-0.580838308605763	2.46660688202064	-0.203001105688547	0.390406399994367	0.489485495128976	1	0.599064935064935	1
PF18073.4	0.214476284826114	0.193166847395468	0.226491330477605	0.0365143999391053	2.93485690561704	0.00692177328629414	0.495333333506188	0.70842319709494	1	0.756298701298701	0.99987400968937
PF13481.9	1.20994442473546	1.50448127342633	0.988977311826676	-0.544741554340613	2.12858757957446	-0.247234521555654	0.391072622484215	0.566587348228672	1	0.610012987012987	1
PF13541.9	1.18334855995414	1.55824696460752	0.692160676046427	-0.875411132781012	1.94548824177137	-0.367367894530831	0.30200000869719	0.313658526484906	1	0.383437229437229	1
PF01196.22	3.8679455605626	4.23511525780272	3.69242512970519	-0.621048288656024	1.42187847439346	-0.389906592594303	0.331778821140233	0.475315513667124	1	0.445718614718615	1
PF01193.27	5.14354101166315	5.20656503940328	5.04185630323625	-0.178412360529331	0.79925521224802	-0.223101159273448	0.404666670330733	0.509470022747969	1	0.645502164502164	1
PF01000.29	5.13430655268584	5.2073018585185	5.01020449079443	-0.228302454314088	0.826859992468973	-0.268701828418	0.381333337990732	0.470011004905818	1	0.604285714285714	1
PF03118.18	5.13698851578559	5.18953818265487	5.04565172418669	-0.196873045180305	0.817524610437196	-0.214735704061842	0.403333337052597	0.526538434661247	1	0.649333333333333	1
PF00411.22	4.23639682760527	4.26472204441389	4.21726044308683	0.0609971533143963	1.23548957395189	0.0350718011411015	0.478000000816395	0.635392612695445	1	0.780337662337662	1
PF01176.22	1.79322766077686	2.14544396291834	1.27734253829684	-0.887078978554682	2.53428818375473	-0.322910363441714	0.321333340919238	0.305198971830554	1	0.413012987012987	1
PF13276.9	2.35349761672176	2.39667970152631	2.27560997658995	-0.443382650386981	2.34959241552235	-0.156753766963712	0.403730849800456	0.331715082247858	1	0.6474329004329	1
PF00406.25	2.54368963429038	2.74378620194039	2.23597699390124	-0.454676683605991	1.55802937099709	-0.261702293598202	0.385076620077449	0.538144602241775	1	0.597748917748918	1
PF05191.17	2.4795493007233	2.70540858643148	2.15585634827982	-0.521218415527376	1.51536872229256	-0.299396015185499	0.363091277959396	0.480181741300984	1	0.542099567099567	1
PF00828.22	4.0414565972872	4.14623735102122	3.93825386279469	-0.10567227728886	1.05338651998297	-0.101157842682921	0.459027316648982	0.810562410039077	1	0.781082251082251	1
PF00347.26	5.69331760549295	6.12870289975062	5.30671267545952	-0.721479805867091	0.896888378415289	-0.534785898890122	0.230513005387879	0.505191572624387	1	0.150822510822511	1
PF06480.18	2.69236105903086	2.77356007863515	2.55641656905707	-0.196874651112627	1.33738371123467	-0.124345992017851	0.436666669050594	0.590752523948362	1	0.684008658008658	1
PF17862.4	3.83164596591168	3.69852843175838	3.99525900685467	0.318102310188147	0.830315013507914	0.347478588115887	0.344000006400862	0.475003700709824	1	0.40538961038961	0.997980321655968
PF01434.21	4.0362190791134	3.88347006448857	4.22510285642936	0.320252801824703	0.833566192719114	0.332779857644385	0.34133333986791	0.506387042318233	1	0.394562770562771	0.992518109366802
PF07650.20	4.94013768289455	5.23324256573887	4.4597016237047	-0.422050367970911	1.26094778309082	-0.26280017352302	0.352000006007865	0.704338219276678	1	0.492398268398268	1
PF00189.23	4.80235136380922	5.15321952899758	4.31929276653107	-0.496888839155627	1.43476152963725	-0.276802079071403	0.328666673856588	0.722060010790888	1	0.406627705627706	1
PF00237.22	4.349187013987	4.85079425920865	4.0207298092061	-0.573677316863487	1.7476222868585	-0.197159473151498	0.367088612884815	0.83790276451691	1	0.539865800865801	1
PF00573.25	4.64776786255117	4.67696342055928	4.58702118801748	-0.0345423335173791	1.59747762888964	-0.0174177494408555	0.489007328854492	0.784471167241251	1	0.857428571428572	1
PF14821.9	1.57837191574442	1.20097448819471	1.86418728766605	0.585846695805057	1.75630260509997	0.295576737723853	0.345769493313153	0.455791304862109	1	0.427233766233766	0.990380292415632
PF00291.28	3.5977002186811	3.66676649231488	3.52092346945013	-0.1306475511454	0.868640669205094	-0.133549504143743	0.433710861922799	0.655393828018811	1	0.680177489177489	1
PF04239.15	-1.59990799857145	-2.16307003251059	-1.01646772897319	1.06543563650085	4.18864586239586	0.219356708551337	0.390406399994367	0.563638344332296	1	0.507199134199134	0.992511376988769
PF01243.23	-0.84403045341616	-0.774292923023261	-0.950472249706452	-0.091507188125127	3.89416355930606	-0.0201022026062543	0.48733333380277	0.763295240382902	1	0.784242424242424	1
PF14480.9	2.62464307783663	2.68105294313491	2.58407994660286	-0.0957742799856147	1.51030529688347	-0.049376840307232	0.468000001190059	0.790957885607584	1	0.783329004329004	1
PF11490.11	1.12786267182571	1.2710891108736	0.950892665680295	-0.288527295808827	2.07354007448342	-0.127550604002924	0.442371754325456	0.694261986252727	1	0.716238095238095	1
PF02811.22	4.06633343887991	4.35620658817176	3.92879859457888	-0.242357180430944	1.06230010748566	-0.193420691161417	0.407333336887512	0.803442088367115	1	0.665822510822511	1
PF00929.27	3.29818009993202	3.38739372583574	3.21411831089945	-0.146925208715508	1.0227821588569	-0.13034379748194	0.432666669206554	0.641033773823347	1	0.685584415584416	1
PF07733.15	3.896788650105	4.13067688662783	3.82170713798009	-0.292428735409668	1.26746858162442	-0.19573659704119	0.408000003526811	0.732142660902622	1	0.676978354978355	1
PF17657.4	3.52681274216033	3.76546586693619	3.42532023103653	-0.206077490023779	1.21053069613675	-0.146104978920977	0.432378416938174	0.728590398727206	1	0.708030303030303	1
PF14579.9	3.51715801709572	3.76522762628874	3.3874210023444	-0.267293114601411	1.20485081147761	-0.19360642292558	0.412000003363445	0.717270410422616	1	0.700818181818182	1
PF02852.25	3.55436612914979	3.6079640954902	3.4870848779671	-0.107214683144615	0.873415200476437	-0.105092420448663	0.448367756760455	0.660999574240992	1	0.716974025974026	1
PF04073.18	0.972331086810332	0.750364222203889	1.19269666170162	0.464797257892978	2.48273708820546	0.146096539549662	0.416389077132241	0.670275126737622	1	0.593233766233766	0.998597261285573
PF02163.25	3.47806665264563	3.53629217454477	3.44851304275481	-0.205304645057379	1.22433449625583	-0.154646121403946	0.423051302049111	0.625069438175348	1	0.710904761904762	1
PF17820.4	2.24869112557826	2.31644971970323	2.20472857015423	-0.0396820140356473	1.58972026951392	-0.0215634095323887	0.492338441322757	0.768361364772245	1	0.805809523809524	1
PF02739.19	2.28227043525952	2.13795892651061	2.42939604883198	0.211979573819513	1.99944051846786	0.0774455783293194	0.442000002177447	0.802769221645771	1	0.674606060606061	1
PF01367.23	2.318451298296	2.1390053226419	2.48233380423728	0.224282600741023	2.00925769740094	0.0831026083937848	0.445036644296342	0.813902652524627	1	0.657116883116883	1
PF00476.23	2.44252437943966	2.33070279225992	2.58426734165047	0.187556357279231	2.01233643683423	0.064522551165643	0.452666668435606	0.76826042295872	1	0.690445887445888	1
PF01527.23	1.86061080729725	1.96928706557654	1.72726099976728	-0.268495438855212	1.69850737369619	-0.129590712487074	0.425333336161842	0.658781638385285	1	0.701450216450216	1
PF00889.22	4.19110338655523	4.54539235641418	3.76632534467468	-0.661035702297867	1.55270254622511	-0.436447031356951	0.296469029676195	0.286506049170403	1	0.323887445887446	1
PF00318.23	4.1477438455793	4.13621189881771	4.16583216421807	0.0814343291914774	1.33776480956225	0.05845445275997	0.465689541581532	0.748232736820767	1	0.772281385281385	1
PF00465.22	4.57468951222064	4.50658442321829	4.657635303194	0.239999937519666	1.06834028601653	0.218094775412241	0.382000004628139	0.55972308866905	1	0.506372294372294	0.999644565960355
PF13180.9	3.40317983093809	3.64703623826827	3.12679655014501	-0.494426950703481	0.964577598269864	-0.463643329987374	0.266000011097222	0.284143590626278	1	0.316675324675325	0.999952922077922
PF05362.16	2.59399201207819	2.82690241867245	2.40322857991761	-0.296627637893087	1.68760539896516	-0.130298972626765	0.413724187166488	0.813963258105058	1	0.661082251082251	1
PF00342.22	4.194514470199	4.03012451756982	4.55749066418863	0.53281618107661	0.88414570102296	0.520542554143347	0.268000010950104	0.256981173876796	1	0.221952380952381	0.995100251708959
PF10458.12	2.35186218797843	2.42032379433114	2.27379348288062	-0.0241346767167636	1.73267256606978	-0.0123029141125886	0.491672218829097	0.65525828322445	1	0.799497835497836	0.999853620955316
PF01938.23	1.33177364589459	1.66510067711005	1.03820934487286	-0.547721626147257	2.08254756288012	-0.234304857874669	0.380000004716091	0.557446910647755	1	0.584948051948052	1
PF05958.14	1.15731762208643	1.20140613067704	1.11805350124487	-0.317028262602795	2.62954391273515	-0.098880616003629	0.442000002177447	0.683000163027673	1	0.727212121212121	1
PF01418.20	2.27118102954696	2.41615200603747	2.10987742511888	-0.0503404827331284	1.77866327534584	-0.018156889466827	0.490666667012466	0.71371748090088	1	0.822203463203463	1
PF01380.25	4.69857288383052	5.19143505121336	4.17219520716732	-0.858754045254631	1.61823039896651	-0.41930033037526	0.280666676725781	0.51926378300107	1	0.272545454545455	1
PF02673.21	0.182734450440114	0.643161773206979	-0.716807755311643	-1.23128748529568	3.2564899523938	-0.316414000757755	0.327781486241393	0.365742065077284	1	0.446099567099567	1
PF13177.9	3.48784161120415	3.4764292999161	3.49415921758183	0.0109957729360737	1.14720205135273	0.00594005007579442	0.496335776284772	0.811809692420425	1	0.786779220779221	1
PF03951.22	1.80809940386945	2.09532503338274	1.50188708660739	-0.581679714040816	1.9533111990657	-0.226631729123192	0.36400000543947	0.460273572985158	1	0.520554112554113	0.999952922077922
PF00120.27	2.80627502432803	3.00430609728037	2.64083832453659	-0.283181634288505	1.17886994317763	-0.232743979921221	0.380000004716091	0.618082476854972	0.99987038436222	0.586471861471861	1
PF01330.24	-0.177892771121744	0.299432466105626	-0.867879408153149	-1.01219526946462	3.63364787908673	-0.239062508041419	0.358666672355798	0.484771559869834	1	0.514333333333333	1
PF14520.9	2.51974978249925	2.91441810993048	2.03699333290484	-1.13621986558159	2.27023520815184	-0.419577430404138	0.29780147463059	0.251541789037897	1	0.314190476190476	1
PF07499.16	-0.152532452026856	0.332682596713468	-0.864659515194219	-1.01432022826545	3.69492419307251	-0.224197181860535	0.363333338803763	0.504741926630911	1	0.523017316017316	0.999735930735931
PF01624.23	4.11770412924357	4.48230119628722	4.03917275962814	-0.462336173017388	2.37724132487267	-0.182107514567947	0.416000003201469	0.670000015462631	1	0.695974025974026	1
PF05188.20	1.67607328033704	1.97477821906459	1.35481681030222	-0.532153508201449	1.93271441337772	-0.221774402590345	0.369087280348433	0.678778967719213	1	0.54008658008658	1
PF05192.21	1.65936856245292	1.93034360352891	1.36804658875854	-0.50043564759615	1.94293544179626	-0.200624556149456	0.378414395186208	0.705779239968536	1	0.567805194805195	1
PF05190.21	1.64325671836249	1.92275999765287	1.328715877596	-0.500403244721059	1.95232267353729	-0.190274472954387	0.380666671353383	0.690658886162488	1	0.568991341991342	1
PF00488.24	3.07147382150414	3.44677209910536	2.48410973093883	-0.743494401661942	1.45605342705498	-0.427035093586891	0.28914058243768	0.450615946284849	1	0.316753246753247	1
PF03446.18	-0.209419839526197	-0.477249773755272	0.0933920894239497	0.71243056226286	3.45816457303095	0.174629731668946	0.396666670664582	0.608865030031172	1	0.55338961038961	0.998204669260002
PF14833.9	-0.614628657324711	-0.965836136523719	-0.249141914559378	0.756701654941062	3.97765868257893	0.149770767888952	0.416000003201469	0.635482008577566	1	0.569670995670996	0.999643020775078
PF01925.22	-0.603102426257114	-0.140900533675368	-1.01664187496894	-0.733922312821618	3.80734013268932	-0.161502160723742	0.406395739763836	0.60710876786535	1	0.61	0.999918660287081
PF00226.34	2.81266605715837	2.91659619459233	2.72835316342174	-0.172722964943062	1.40213232815899	-0.0807583054312048	0.437333335691362	0.76211334073582	1	0.6995670995671	1
PF01556.21	2.51851539431696	2.76221230316122	2.32237068699301	-0.396834360375546	1.391848892907	-0.178204213081326	0.37508328274276	0.76943454968815	1	0.536341991341991	1
PF00684.22	2.50791347098813	2.74342831081129	2.3124154020576	-0.429742468533719	1.3762577018629	-0.202846645819688	0.373333338346419	0.773241142257987	1	0.536852813852814	1
PF13537.9	2.75762912631484	2.69909729492444	2.88683439933999	0.23281436799835	1.4775927906362	0.127862674003022	0.438000002332155	0.798798658443252	1	0.649835497835498	1
PF00733.24	1.86538308322421	2.00079989023062	1.72418181845124	-0.218771986065802	1.94783655017869	-0.095121609969017	0.451032646732127	0.685326239970681	1	0.734614718614719	1
PF05257.19	1.29170135451474	1.59332130565873	0.92226218596171	-0.533901411237992	2.49328266533302	-0.200501172543595	0.399733514856683	0.580105626171662	1	0.616268398268398	1
PF13545.9	0.583089488794921	0.791094298769728	0.388827775807139	-0.343095764122193	3.15580693113495	-0.0843666412503507	0.442000002177447	0.696718677482157	1	0.717428571428571	1
PF01869.23	2.94424775911897	3.13647170264629	2.80257746096019	-0.233708561647219	1.29086601241071	-0.162616975615833	0.428000002723133	0.69970913513377	1	0.688004329004329	1
PF09989.12	1.19213003895288	1.21986008573259	1.17800223190694	0.0690756974113143	2.36387818618646	0.0240141921959322	0.486342438879956	0.700527831114519	1	0.748385281385281	1
PF06050.16	4.1696855776296	4.171366585215	4.16836484877673	-0.0132377569067277	1.26841276993648	-0.00842480771079463	0.493333333580291	0.821973095148826	1	0.861770562770563	1
PF00440.26	3.42918115103781	3.36311872944662	3.46287823315141	0.11187948149149	1.52395986902089	0.0509372789982335	0.473017989008912	0.525715472778446	1	0.761125541125541	1
PF14278.9	0.180734589730375	-0.266357326610802	0.565650895598265	0.89611642098004	2.57431593912983	0.291725337258787	0.35443038562977	0.433825475782801	1	0.436510822510823	0.994004964967955
PF17191.7	1.00630628287586	0.673058356706326	1.27537244670407	0.545211914612069	2.39608148042958	0.189428248242361	0.405063294782061	0.609572940959242	1	0.576047619047619	0.999358554488989
PF19833.2	1.19805929243418	0.866683212846542	1.52096620479216	0.57730980496348	2.22176157396697	0.223539951114856	0.390666670919393	0.558829682497107	1	0.518515151515152	0.999452943307782
PF09182.13	-1.87220180560997	-2.26058839308196	-1.43080653758018	0.621848887550021	4.21954504820296	0.129127420259887	0.434000002487791	0.643198487366405	1	0.601662337662338	0.991883612027356
PF03764.21	7.74618548486542	7.87532530344637	7.5977851163926	-0.196647109342403	0.613376677481244	-0.266821514626588	0.35666667245062	0.735408496435162	1	0.461038961038961	1
PF06800.15	-1.87781161463214	-1.74183962426667	-2.00032730956281	-0.310297081698512	4.19270957074121	-0.06147935344371	0.465689541581532	0.707197004733386	1	0.723220779220779	0.999799953213125
PF06962.15	-1.42474663390357	-1.29677502011431	-1.52449195929897	-0.307263617130091	4.31656980293873	-0.0662282922625896	0.461333334774048	0.709073646870525	1	0.740753246753247	1
PF13167.9	1.88923366867316	1.9874172727182	1.81347965140507	-0.183555630981609	1.6972896053711	-0.0752453330281816	0.451032646732127	0.792695596685705	1	0.737069264069264	1
PF16360.8	1.86444029067251	1.93007228107004	1.82016711960956	-0.13690691167748	1.78312692497514	-0.0628313960797119	0.458361094155813	0.792488818730139	1	0.759147186147186	1
PF01467.29	2.58563110848375	2.45672149346079	2.76388464177164	0.324045083000494	1.35987455802894	0.209426749695953	0.40133333713572	0.643069567424534	1	0.562679653679654	0.997790118063754
PF13649.9	2.52907967469835	2.59754258129659	2.41732505899004	-0.106862707355005	1.45748962538407	-0.0638826604661921	0.470666667756838	0.738927487384253	1	0.773666666666667	1
PF05636.14	-0.710771279487372	-0.546546044629299	-0.901072397364566	-0.348548556537297	3.76647457853767	-0.065728861199593	0.466000001265109	0.695768779063345	1	0.735285714285714	1
PF01709.23	2.05311951716921	2.0021951933285	2.08726113790939	0.14425306111999	1.5280063031822	0.0717530036022672	0.456362426676409	0.586550136167404	1	0.669190476190476	1
PF00162.22	5.72519441305016	5.51795153545885	5.85901290703702	0.137497228193947	0.952705077587224	0.126449606535596	0.464357096594903	0.848382555752443	1	0.739922077922078	1
PF02733.20	2.47185616409426	2.35598594818147	2.64227031272054	0.21420808924287	1.71516791643999	0.109568059396821	0.445702866789121	0.815892461556834	1	0.69438961038961	0.999708806818182
PF06874.14	1.89494880984911	1.69679753418992	2.04503022092145	0.445038893016354	3.09528220888464	0.111906066714035	0.42704863700083	0.623209473159474	1	0.614155844155844	1
PF01408.25	4.27633232672496	4.53621326919233	3.92824350967732	-0.579021757733885	0.816774104175087	-0.64013472294729	0.240000013198501	0.187509836047913	1	0.227012987012987	1
PF02894.20	3.92174314340394	4.189048824861	3.48138838997048	-0.677073413734813	0.940345685532012	-0.639169500471094	0.245333346069434	0.183513064029603	1	0.226948051948052	1
PF02664.18	0.266933257791266	0.250243005697793	0.280600015517689	0.0682893483516667	3.04018776049597	0.0196307360873995	0.488341106360851	0.784637684485333	1	0.763761904761905	0.999558658008658
PF00248.24	3.22725330663122	3.04795604292769	3.34655737218544	0.337015932122116	1.00112077190315	0.286063350283018	0.360666672261638	0.409375546534787	1	0.430580086580087	0.995008106661747
PF13597.9	4.19626357310121	4.51074758127268	4.07878743681259	-0.407868005560396	1.02199291466269	-0.316423417825131	0.366000005347005	0.6588986037452	1	0.526160173160173	1
PF13353.9	4.56383932826118	4.55522839098634	4.57326994060078	0.0562659265663816	0.703958039354827	0.0646592815289434	0.467021986568215	0.703391590480647	1	0.704649350649351	1
PF02361.19	0.410711861587727	1.00603059933812	-0.0292675282835466	-0.855764536383742	3.12083721319044	-0.219397053760017	0.366422390397075	0.600705150798078	1	0.530471861471861	1
PF12705.10	2.48542815708392	2.11537142894796	2.75623903203522	0.5666084075992	1.33595936985622	0.391942006398108	0.31666667451148	0.402252589373746	1	0.349770562770563	0.992245913349571
PF00163.22	4.75301919601127	4.84650845927042	4.66564245277636	-0.274873181709213	0.799554039086996	-0.337673023549239	0.362000005532558	0.415952156476839	1	0.491601731601732	1
PF09371.13	2.00041970976361	2.27333093192916	1.71173164496773	-0.613138053147502	1.80749815309318	-0.275229963502953	0.354000005911439	0.426601072289836	1	0.494125541125541	1
PF16921.8	2.00548501283631	2.29892255693838	1.68447994836725	-0.585184369035591	1.80527267746146	-0.25434595459437	0.344000006400862	0.428039009014162	1	0.494103896103896	1
PF12836.10	2.71432833292717	3.01761606537327	2.30985666228985	-0.622228071344519	1.62170825137819	-0.270050668837607	0.316455704048718	0.363740280512539	1	0.383471861471861	1
PF17674.4	2.29929171449277	2.5281207852892	2.0030420988035	-0.495999238134281	1.79266547334954	-0.194209906152954	0.364423722934262	0.436198603867352	1	0.526199134199134	1
PF08706.14	-0.54097371620134	-0.564389102336969	-0.527911574186066	-0.199654317343374	3.87942041429892	-0.0353893121971374	0.472000001040299	0.784932629565315	1	0.805952380952381	0.999952922077922
PF19263.2	-0.793284757292064	-1.00259027307158	-0.677259196359921	0.0754769716925896	4.16510957129781	0.0126435185427746	0.490000000370519	0.752322778615939	1	0.758601731601732	1
PF03288.19	-0.541654448643698	-0.472811661479018	-0.594176226029086	-0.228822949950938	3.86046000451833	-0.0480409332883289	0.473333334323805	0.775088231707967	1	0.778186147186147	0.999952922077922
PF17900.4	-1.02557846199117	-1.21217556839305	-0.789970040759937	0.406635590233869	4.52245308197199	0.0819652028909335	0.457694871662661	0.744217093105425	1	0.706177489177489	0.999562427773498
PF01433.23	-0.840599340099016	-1.02058295743178	-0.674558216144138	0.119673550661567	4.36141669382969	0.0223738294049927	0.486666667160845	0.751539083843134	1	0.729125541125541	1
PF11838.11	-1.00900277053258	-1.19395204775856	-0.820849160356645	0.26614757955762	4.35386423598512	0.0539609177491901	0.471333334398563	0.729251250590476	1	0.697199134199134	1
PF09250.14	-1.83116561640338	-2.11418473920777	-1.46443148736343	0.75156911854361	4.44201510901339	0.151990815893248	0.415056632149291	0.61946956495736	1	0.579658008658009	0.996842803945352
PF08708.14	-1.75744935387739	-2.15374021508183	-1.38156196289538	0.775296033613048	4.34954397682601	0.156096477066648	0.415333336561705	0.638736684229318	1	0.586307359307359	0.996863588759658
PF02229.19	-1.84132690733756	-1.57691794452395	-2.05181590813355	-0.411719634535913	4.1746674599634	-0.0879144713199043	0.457333334925171	0.674086373719344	1	0.696441558441558	1
PF03180.17	-0.460726887462978	0.279807035437262	-1.01302076763413	-1.04081076705744	3.94287465646493	-0.229209707856479	0.372418392789095	0.580576832981064	1	0.547536796536797	1
PF09383.13	-0.58961954537003	0.17467442280888	-1.48018314853022	-1.28509071819335	4.17738213070533	-0.262269116421113	0.371752170300835	0.536519646092806	1	0.551164502164502	1
PF01497.21	2.19495329073969	2.63044723746799	1.50474890723499	-1.1910317616185	1.57885609741214	-0.640804994390004	0.17921387759398	0.125560717920787	0.999583749571338	0.134658008658009	0.999952922077922
PF00300.25	2.02536171422574	1.75655951319537	2.23122954535984	0.411591763203588	1.71959959896706	0.199462265360841	0.394403734934204	0.531656314426383	1	0.548549783549784	0.999542604730692
PF03717.18	3.10787869312428	3.06490749759791	3.14504245317326	-0.0166073949321035	1.40405949230516	-0.0123785516760106	0.495333333506188	0.810886796781711	1	0.814554112554113	1
PF00905.25	4.1012392787474	4.35466169813012	4.0125626838031	-0.393307853510636	1.1637043062461	-0.320532165471944	0.368421057860494	0.465512030583066	1	0.556709956709957	1
PF00496.25	5.39748360716291	4.77056931763488	5.68211651057595	0.695017770238113	1.32955542815899	0.430022609786165	0.358000005720664	0.293789896698198	1	0.399562770562771	1
PF16658.8	2.37634253454874	2.25526532870089	2.50746038085526	0.333885225852756	1.28677890958564	0.238967456684915	0.386409065056362	0.531266015571282	1	0.535922077922078	0.9984917255762
PF00154.24	2.74004555157126	2.85405207035322	2.55036923434782	-0.238766191171059	1.31569693318893	-0.173337644750999	0.424000002881386	0.608535730259581	1	0.664714285714286	1
PF05675.15	-1.84140238302213	-1.53678379326328	-2.09772253150946	-0.581224174379297	4.29418189164636	-0.114216683598329	0.441333335536504	0.670780165524844	1	0.681298701298701	1
PF03595.20	-1.68666086483348	-1.74896274018948	-1.63869603867019	0.122408310888896	4.30123278923358	0.0310819272621334	0.486666667160845	0.746616113270543	1	0.728467532467532	0.999988429752066
PF02568.17	1.57533324244082	1.72299509350852	1.41491781785975	-0.34544854021502	2.01768523376981	-0.12634143928922	0.42238507955727	0.573703936570295	1	0.676952380952381	1
PF02525.20	-0.0277510735325679	0.282680677250006	-0.362945217224407	-0.797490225735815	3.45777416319038	-0.181532479649863	0.399733514856683	0.570658318486475	1	0.609471861471861	1
PF00999.24	0.613688183591761	0.862729974329612	0.433259969598533	-0.637747746244272	3.47183811286593	-0.139299069236724	0.424000002881386	0.675090049733947	1	0.722952380952381	1
PF00118.27	5.51739422817252	5.44658108687754	5.58089446906539	0.180145256585909	0.645912908364624	0.267792267525097	0.38800000436728	0.510659641883078	1	0.523008658008658	0.999978961038961
PF00072.27	7.57427158448324	7.48712198211923	7.61867198525614	0.0661773741590981	0.726700827438788	0.0890107673013439	0.474000000965574	0.754914441214912	1	0.783701298701299	1
PF00486.31	5.45184545187206	5.5654053500713	5.420976498158	-0.162404528860133	0.646955849789092	-0.243026838318639	0.410666670084409	0.543995040847471	1	0.681437229437229	1
PF06156.16	-1.91209911257983	-2.26517329491059	-1.53862754355209	0.611772557699435	4.32198980633451	0.118673416029622	0.437333335691362	0.641553073813066	0.998703654214692	0.60830303030303	0.995197947297045
PF07155.15	1.00415992162669	1.22089850765966	0.849865359700208	-0.487010640878323	3.48442192581907	-0.121761527384501	0.428000002723133	0.747295639338839	1	0.724878787878788	1
PF06418.17	1.23707403399034	0.413505418775038	1.76063993316488	1.36712184745444	2.20834051952458	0.524496490923895	0.231179227843191	0.182250629166025	1	0.177787878787879	0.967240502704867
PF00117.31	3.2284793653185	3.08388008874267	3.40219623414644	0.301454042753318	0.9946240599563	0.271140464261373	0.369087280348433	0.585165956234794	1	0.475709956709957	0.997286752646016
PF05014.18	-1.64551949315517	-2.31672936604353	-1.04832069459958	1.1022344712069	4.1325153651999	0.232444604817117	0.384410397588074	0.527461792296068	1	0.487467532467532	0.992013335912658
PF01712.22	-1.97439527702065	-1.83322782083394	-2.12856642886685	-0.316859325383356	4.23992947482759	-0.0703673717708846	0.462358429115068	0.689896396696145	1	0.714095238095238	1
PF02645.19	3.80321331909589	3.98401969909892	3.72584345870858	-0.336271182103491	1.28564790144361	-0.215678579759594	0.403730849800456	0.619692924991263	1	0.652658008658009	1
PF00216.24	3.45853100262436	3.38407414122556	3.50674190336064	0.0104552794892543	1.39875848452786	0.00701618919537144	0.495333333506188	0.738663398897045	1	0.795926406926407	1
PF04545.19	4.79498124076163	5.01033983430193	4.67919469248692	-0.291703767262783	0.589684262352153	-0.462864196070701	0.30533334183134	0.366042211218464	0.998918123809375	0.392454545454545	1
PF01832.23	2.33425775683185	2.53619652870975	1.97033849736908	-0.45813566235322	1.61428711467946	-0.242797213370373	0.380000004716091	0.490093766176222	1	0.55574025974026	1
PF00912.25	3.04041643310238	3.49492219019801	2.72550048012691	-0.828473533681843	1.29439992381073	-0.562007591660626	0.284666676458011	0.244490306449277	0.998948521701391	0.294212121212121	1
PF05697.16	4.14472092825002	4.13977342585143	4.15393910048808	-0.020184779942082	1.21399480032789	-0.0131242036728483	0.49266666693833	0.715354873372548	1	0.84374025974026	1
PF00254.31	4.20457853369319	4.18634715738925	4.2257400733033	0.134188172180846	1.20372822909262	0.106292786026089	0.450366424239179	0.795230845605789	1	0.717987012987013	1
PF05698.17	4.13922919141507	3.99723697022307	4.29611865471638	0.344287128524858	1.51564031218827	0.198501447253581	0.372000005073218	0.565787675477106	1	0.459857142857143	1
PF03979.17	2.82153596421427	2.8482089277282	2.79003479239641	-0.125468750094428	1.11472843847546	-0.108352733075688	0.450000001870557	0.713314668574739	1	0.752969696969697	0.999893742621015
PF00140.23	3.18965380319341	3.19647861584366	3.18573717320459	-0.0303206295192862	0.947876795220328	-0.0325314736127331	0.48733333380277	0.760475611696953	1	0.795025974025974	0.999804371225627
PF04542.17	5.17299024854493	5.35911746108996	5.04878820791904	-0.278051519456944	0.507614364062694	-0.523133452104281	0.277333343620393	0.304032499180416	1	0.328454545454545	0.999562337662338
PF04539.19	4.01996365503958	4.15356795320472	3.90093233308837	-0.229532252088759	0.747382982296911	-0.285070001914221	0.374000004983114	0.521398100297193	1	0.544510822510823	1
PF01327.24	-0.554236381310601	-0.890469305818219	-0.196271328995501	0.702751982587977	3.67647680074725	0.152179878298122	0.406666670248255	0.642038473229271	1	0.573614718614719	0.999249332993836
PF04851.18	5.26972689723398	5.12329803269223	5.30675728754701	0.115774744722536	0.938505822280258	0.105240995947672	0.456000001642348	0.86595731934507	1	0.731761904761905	1
PF12344.11	2.10103267733447	2.1452634634752	2.06668235112187	-0.0870748240834063	1.53510607404909	-0.0471108745953927	0.477015323969872	0.783050820271511	1	0.786450216450217	1
PF02151.22	2.41004019812237	2.36338786645398	2.4566724042166	0.0616753773630796	1.34104940213569	0.0415538381381176	0.478666667458231	0.744999348411653	1	0.713121212121212	1
PF07977.16	0.0632255747317787	0.414161822957475	-0.41314590107188	-0.794127188024201	3.05782341612283	-0.21329980265306	0.379333338078856	0.486886216194812	1	0.558220779220779	1
PF02734.20	3.73066720193048	3.91310487999525	3.6580863152238	-0.0757994439408582	1.34068978192201	-0.0357554289720965	0.47666666753275	0.55888281605576	1	0.826857142857143	1
PF01987.20	0.87934138015265	0.346391257892175	1.48305264122188	0.951814700526737	2.49066243647912	0.281797069087876	0.342438380887421	0.521996741359385	1	0.381519480519481	0.996226584455263
PF00265.21	-1.6356661236714	-2.24912078325622	-0.930116837368668	1.15563737112537	4.29318280667672	0.237449497433893	0.37466667161987	0.545734605280553	1	0.4905670995671	0.988749530438778
PF03462.21	3.52493032923399	3.74094990042983	3.29444909451923	-0.412362238145866	0.963767267715487	-0.364586296676376	0.317333341140817	0.480676343444552	1	0.401277056277056	1
PF00472.23	3.52757343189036	3.7364373074581	3.32633481499581	-0.371187562691456	0.998536395226556	-0.313875829458584	0.324666674070979	0.510755110445663	1	0.446324675324675	1
PF11967.11	-0.404030757651774	-0.504155874602983	-0.314287011596972	0.147638487945544	3.6933064421909	0.0332352408558291	0.478666667458231	0.749882606791731	1	0.717679653679654	0.999527057997646
PF02565.18	-0.439936701732016	-0.490437438205114	-0.390106953345999	0.0416205177968081	3.67970791354826	0.0124105648034183	0.493670886310086	0.755513425759521	1	0.730606060606061	0.999480997949419
PF00464.22	2.24949931619544	2.39071132490237	2.083843351627	-0.220270463655145	1.46325974152571	-0.104784908969523	0.428000002723133	0.791708412321628	1	0.652943722943723	1
PF08032.15	1.19287788765071	1.27044004790773	1.13609541347263	-0.16141137348968	1.8402266704784	-0.0791244209403897	0.470666667756838	0.741720502714605	1	0.743121212121212	1
PF00557.27	4.09854902778874	4.15039946734114	4.05045842689095	-0.161970446412297	0.884054779964924	-0.165200163306503	0.423717524540984	0.61246192609908	1	0.702800865800866	1
PF02603.19	1.99869268907149	2.19595555633421	1.83770308448636	-0.319858886939836	1.77548961682039	-0.124310685309505	0.419333336400829	0.771781412015958	1	0.679787878787879	1
PF07475.15	1.9953051365877	2.23143212021418	1.80078480922549	-0.364468946531222	1.76475779010107	-0.162435673925441	0.40066667049685	0.770988126872402	1	0.659969696969697	1
PF00393.22	-1.60392289725814	-1.68675957554946	-1.50306240239352	0.0771543280834175	4.04674937480518	0.0157954553834296	0.489007328854492	0.74326520289518	1	0.71925974025974	0.996
PF02705.19	-1.05861323710424	-0.675043256620834	-1.35625471240225	-0.689183188135932	4.6039404484464	-0.127228313755909	0.441039309340154	0.674511395424975	1	0.700623376623377	1
PF02588.18	1.91779746410286	1.69450137762698	2.10176325263939	0.288598226602272	1.61878414920389	0.15311770436342	0.42105263457369	0.734247794098636	1	0.590606060606061	0.999311260848039
PF00364.25	3.91282773066546	3.56887632975687	4.21713911146221	0.624621838867637	0.775873349859203	0.730797029941995	0.214666682338143	0.161842666342396	0.998892670469352	0.134766233766234	0.951374780657741
PF02817.20	0.385300055109754	0.0966837822397411	0.822740620404361	0.758057903917375	3.48471048594054	0.185424496825415	0.397068624895069	0.635908273083073	1	0.545965367965368	0.999306090548107
PF00198.26	0.531244689174874	0.326902606663647	0.766988051962336	0.491322921864874	3.69025594784179	0.112959030139173	0.440666668895584	0.710405918274369	1	0.627428571428571	0.999952922077922
PF12706.10	2.48894027891269	2.3680306005386	2.59841532472037	0.287464479509214	1.48459937993037	0.131027086487622	0.405063294782061	0.45885543007426	1	0.555350649350649	0.999470337388687
PF17768.4	1.53483131203847	1.34617775366172	1.66690944863582	0.392757848678336	2.08801867614093	0.142115812599456	0.42266666960106	0.528448771475626	1	0.592160173160173	0.999442754771309
PF10141.12	-1.8862045831603	-2.20678592597783	-1.49234054610712	0.767765059125869	4.3351542488639	0.150608518226744	0.421333336320866	0.620243364079371	1	0.586281385281385	0.992696371598803
PF03449.18	1.84924637035324	2.13969421240703	1.49348923115799	-0.676570711197304	1.97804907750445	-0.268797739970606	0.333777488590993	0.390953271738474	1	0.471528138528139	1
PF01272.22	1.90424359184497	2.1367538229017	1.58758626309979	-0.583238687047988	1.97868526846966	-0.234972953251971	0.362666672168125	0.404104102880806	1	0.519077922077922	1
PF13518.9	1.06063011112749	1.14085902129802	0.933675111412469	-0.0546366580256441	3.18080397148857	-0.0142405396046304	0.490339773841787	0.783021524685975	1	0.835935064935065	1
PF00676.23	1.27977070040439	0.558272123324264	2.07269334192505	1.44439129772665	2.8010444061705	0.462421618226222	0.288666676196259	0.277007398744768	1	0.237887445887446	0.996348654996649
PF02901.18	8.15634618771466	8.25964164543125	7.39289274808526	-0.65483723577106	1.07588464845893	-0.437218280670457	0.330000007119284	0.530696796092501	1	0.402835497835498	1
PF01228.24	8.16257770710123	8.24726176302657	7.38033723387607	-0.655460720325715	1.09699240409967	-0.391130941004655	0.363757500446794	0.622834441076317	1	0.503090909090909	1
PF06071.16	1.97935126653124	2.22972159967705	1.84246144722453	-0.293892362218021	2.02952181746072	-0.129189438249346	0.435333335769139	0.752807339042624	1	0.733476190476191	1
PF00694.22	2.67781095326883	2.56604278496175	2.77776693522051	0.226253337997235	1.02342629167665	0.191232214559613	0.403333337052597	0.52145509368272	1	0.542164502164502	0.993593803667391
PF00579.28	2.98230509490474	3.08035993270783	2.91098677599421	-0.133474620170021	1.11301892776301	-0.118377323075049	0.447701534267589	0.727380850995063	1	0.720012987012987	1
PF00343.23	4.79435108182331	4.9211799698696	4.65348078432387	-0.18974846066221	0.975170318412558	-0.174456329581577	0.418000003120978	0.774061632471761	1	0.686943722943723	1
PF00854.24	1.36361074202233	1.85759055313228	0.469429686462004	-1.59491660020551	3.04671656693112	-0.478564578905893	0.266000011097222	0.185762621497044	1	0.269705627705628	1
PF01654.20	-1.70566968902059	-1.89427523092074	-1.54016045008981	0.259816207065344	4.300987340836	0.0567070344509496	0.472666667682047	0.710770650708433	1	0.696835497835498	0.99951525974026
PF00149.31	3.15411444936138	3.04679404355055	3.27418763242656	0.335060219484373	1.18150850075847	0.2687438715098	0.38840773252513	0.493285694950172	1	0.515926406926407	0.996647029467692
PF14437.9	-0.599265147739723	-0.72490397406124	-0.469432254447719	0.395954568511081	3.75263479912805	0.0930059587163511	0.451698869225096	0.708947583669107	1	0.665155844155844	0.995981983162699
PF02746.19	-0.778875477766785	-0.628491902322381	-0.916880912813062	-0.345901524306024	4.18633601537628	-0.0702886955608127	0.461025984128586	0.703478041053068	1	0.761199134199134	1
PF13378.9	-0.287541886619079	-0.0234375105384945	-0.669110792738456	-0.670284252853796	3.81770434249996	-0.147795967457797	0.419053967098574	0.620280216416114	1	0.673727272727273	1
PF00378.23	4.45995505559151	4.72213908898457	4.14317710637861	-0.348517139566553	1.23041066536424	-0.274689566575824	0.393071289954061	0.587915357542097	1	0.620878787878788	1
PF13302.10	2.33019534576597	3.06008523940565	1.93093109884613	-0.926627971471053	1.82231854136557	-0.435755436728433	0.295802807199215	0.444491067642363	1	0.327623376623377	1
PF00710.23	0.784194870887468	1.06893465515619	0.55351726681969	-0.713807763303413	2.60054743940574	-0.242897367618005	0.387741510035488	0.494717580709528	1	0.580246753246753	0.999952922077922
PF17763.4	0.860806287294913	1.15381563637481	0.599585435642283	-0.725973787703145	2.5592595313042	-0.230014009543278	0.385742842566878	0.490433710842731	1	0.563779220779221	1
PF00772.24	2.37539747166826	2.81458316732254	2.07523481218962	-0.662466512481468	1.37045377680939	-0.421907540563627	0.306000008458571	0.432728004746706	1	0.382471861471861	1
PF03796.18	2.40833066729622	2.89494771314223	2.03122758265342	-0.838256452099162	1.32766346873089	-0.560481957686355	0.27248502060596	0.338779384332057	1	0.296450216450216	1
PF04760.18	4.63946394902475	4.76294397903847	4.44969596740103	-0.263165745788677	0.801083312406514	-0.293140097550366	0.373333338346419	0.569479593234171	1	0.559922077922078	1
PF11987.11	3.862219236745	3.94242537992336	3.77471747497154	-0.195379275153183	0.944746231664728	-0.189748740853227	0.418000003120978	0.629134676778514	1	0.665666666666667	1
PF08545.13	0.930650798847328	1.46002766694019	0.39743102141454	-1.08301160612692	2.22319569243003	-0.391478201038759	0.289333342819867	0.390357559829912	1	0.339445887445887	0.999952922077922
PF08541.13	0.772819733306946	1.29146030438373	0.0274980036774286	-1.27075406794727	2.57657419881593	-0.386999250595191	0.276666676999855	0.346740408982365	0.998721892603549	0.31891341991342	1
PF00289.25	0.309321097481363	-0.474112429676748	0.978141223476088	1.6142098292055	2.77108775475283	0.500194260270787	0.246502344399073	0.208106919619659	0.998870711653799	0.206692640692641	0.965520564131654
PF02786.20	3.86198225394372	3.56289010807712	3.93439921903687	0.373952298657519	1.47923233332407	0.24616495250759	0.414666669921978	0.489358909767209	1	0.615502164502165	1
PF02785.22	0.308625546887257	-0.500682833668747	0.950366179769738	1.58146683143183	2.77105899741522	0.501619711728275	0.253333345407786	0.217166074933724	0.999849693471854	0.213649350649351	0.967145326225939
PF03255.17	0.340655788771961	0.521648760089225	0.08000786344906	-0.476750626109284	2.62541710061925	-0.149065162213508	0.414390409657871	0.553873127727911	1	0.636	0.998
PF00581.23	0.462909602555161	1.07823805917254	-0.451699232577135	-1.43779708762062	3.00180820195854	-0.427601769640193	0.283810802639802	0.270888807022773	1	0.336268398268398	1
PF02583.20	-0.908667332711139	-1.67814511926428	-0.238172860769431	1.39667533485261	3.60736320838247	0.311473571000224	0.321785483900142	0.409209210386886	1	0.375298701298701	0.983618750448826
PF09334.14	4.97683030786921	4.73550681857307	5.13921200200089	0.39397628648181	0.607218853131076	0.588202680523065	0.253830791498822	0.179541179686556	1	0.17925974025974	0.991978233813068
PF19303.2	2.69647388652402	2.86034496547953	2.44408651877629	-0.363352429811918	1.14019794199226	-0.285856156516448	0.368000005255151	0.535025345922	1	0.536424242424242	1
PF13561.9	3.80814550363996	3.81513810300664	3.80715245934103	-0.0109174483874668	0.814146941751101	-0.0114785870703257	0.495003331297425	0.761709459634184	1	0.804160173160173	1
PF01960.21	0.166829866383313	0.251853988486221	0.046036827207196	-0.129540607321724	3.39181537518801	-0.0314434729320006	0.482000000667532	0.775038643891804	1	0.79374025974026	1
PF00202.24	2.17190970617984	2.13023539234643	2.2103282568053	0.102338703518108	1.61355824983466	0.054794524630785	0.477333334174568	0.795762423927206	1	0.760852813852814	1
PF14622.9	-0.519884527040455	-0.183149214207314	-0.817342531657848	-0.642460225208339	4.15148709730192	-0.126938997159058	0.432666669206554	0.682910986557633	1	0.695800865800866	1
PF00035.29	-0.546254413723929	-0.242149191709089	-0.816870022090092	-0.503730330052596	4.10866926939761	-0.102140956096079	0.442371754325456	0.705497932845096	1	0.722528138528139	1
PF00884.26	2.86742805174136	2.58564675483876	3.17457467711457	0.508308602232677	1.17657697209687	0.388699832707059	0.326666673963313	0.427179507953338	1	0.337766233766234	0.997461532403695
PF00324.24	-1.66090512890527	-1.86943433496548	-1.43458891667808	0.396560745296709	4.46362280314885	0.083496471258323	0.458666668208064	0.70286317431075	1	0.676415584415584	0.997730404347426
PF13793.9	2.92146567961178	2.93259357817549	2.91149815486173	0.00441578830499179	1.32788195047086	0.00305263159691578	0.498334443765803	0.792007670292035	1	0.796675324675325	1
PF14572.9	2.04439507527714	1.61555236444334	2.42803327318409	0.579038835000393	1.88573891995256	0.218871619852159	0.37866667144168	0.774427319793546	1	0.47978354978355	1
PF13603.9	3.81709845395439	3.89024951777637	3.7685833718105	-0.0496876260053591	0.939404933016895	-0.0490401427980713	0.478666667458231	0.752042404467516	1	0.803948051948052	1
PF00232.21	3.17430855731239	3.04256907494524	3.43194295280729	0.630081797708269	1.69596858553595	0.333667566083116	0.351333339373498	0.460483732787572	1	0.419718614718615	0.999492184629617
PF03315.18	0.0129895134475344	0.61778233522883	-0.575407128435354	-1.37819208959077	3.0983904783775	-0.366893464659401	0.296469029676195	0.359423443207827	0.998913646089989	0.396225108225108	1
PF01842.28	2.19266450874534	2.16886717690314	2.21920007561338	0.0515976183511553	1.6965091052533	0.0210621431472489	0.488341106360851	0.778386026381448	1	0.747272727272727	1
PF00403.29	3.35709076697394	3.48546275230273	3.25684571849494	0.0165083874189049	1.65045556704777	0.00894777937795605	0.495333333506188	0.685155261162248	1	0.826909090909091	1
PF03054.19	1.01703553462728	1.3955630004369	0.384902345094575	-0.970590042625509	3.01214571029826	-0.287597138014453	0.335109933558651	0.334202624577426	1	0.449748917748918	1
PF20259.1	-0.0372723885962891	0.819730175833081	-0.883672087308337	-1.37351297710013	3.64433881877331	-0.330487585187526	0.32844770872428	0.451344684987608	1	0.411281385281385	1
PF20258.1	-0.0416399292760303	0.79782154606705	-0.870627782945989	-1.353770864031	3.71782094899193	-0.311629720401494	0.32600000733243	0.444648637397606	1	0.412160173160173	1
PF01541.27	1.27425848913	1.25141200698321	1.30974011707677	-0.0205522341057307	2.13258528314709	-0.00648504124760632	0.496000000148157	0.691446808900899	1	0.775471861471862	1
PF08459.14	1.06922762363767	1.02221258069708	1.11999943139543	0.0294410913433625	2.24452559474783	0.00997091661051941	0.49266666693833	0.72830326744369	1	0.755190476190476	0.99915652494575
PF00763.26	1.77151269516399	1.4470287362124	2.01721209895306	0.632667987861204	1.86464821415405	0.306481121269215	0.344437048342602	0.447621842378493	1	0.419004329004329	0.996716815647855
PF02882.22	1.73608584757162	1.42771925550092	1.98972656994957	0.615130984551717	1.7452160223737	0.313511713142522	0.337333340071168	0.417631875715358	1	0.388909090909091	0.996313627468895
PF13742.9	1.30166643677047	1.69300302989988	0.804995361930329	-0.927523391775289	1.85399538407217	-0.402182473066838	0.293333342564796	0.299654798857043	0.999852402672547	0.338865800865801	1
PF02601.18	1.5398630582864	1.92331222369418	1.04014369370619	-0.930005229772449	1.7409325920685	-0.43082330551113	0.25666667847598	0.262236189443034	1	0.306450216450216	0.999790966386555
PF01728.22	1.07030914214657	1.05951054073896	1.0846370129798	0.0542346027360701	1.94360985378924	0.0195378026668298	0.486666667160845	0.733195949843578	1	0.729519480519481	0.999992242656672
PF03793.22	3.92156552448413	4.27334357684383	3.7111886806987	-0.688968274547314	1.58300228416241	-0.322099092943141	0.273817465548373	0.285837683213218	1	0.282264069264069	1
PF01245.23	3.44967561961769	3.37491105608453	3.4972063927603	0.20446919530855	1.1561274502865	0.10636742279933	0.419720189590245	0.438184012577886	1	0.60921645021645	0.997978961038961
PF01883.22	-0.827475053071274	-0.0608903550342266	-1.64745828672727	-1.62388825029079	3.60310366770476	-0.370526617275404	0.294000009189488	0.387904933237631	0.999227642297998	0.375995670995671	0.999562337662338
PF07730.16	0.776760903341976	1.11041486099115	0.306781806028912	-0.802891516429924	2.79498435760855	-0.243491204881169	0.371752170300835	0.422078597267805	1	0.537805194805195	1
PF00390.22	1.93537999002035	1.93465472649519	1.93946891055075	-0.132434738629839	1.79068172330818	-0.0530289967714131	0.464666667981876	0.563903012845407	1	0.766004329004329	1
PF03949.18	1.89858735928131	2.00087225340265	1.77173187306453	-0.338010054001776	1.72356666069007	-0.147419762747205	0.416666669841269	0.458341069151859	1	0.634510822510822	1
PF03390.18	-1.57117677052836	-1.76666723118254	-1.40593835128438	0.125133615280303	4.57697678758843	0.0197416586480777	0.490000000370519	0.772248841747087	1	0.736385281385281	0.999893742621015
PF00204.28	3.21545832282001	3.29830786041504	3.09930243536944	-0.256010664222088	1.16253473853784	-0.197482245086735	0.407728184745777	0.577339952802704	1	0.642961038961039	1
PF00986.24	3.17382515791064	3.26635955269824	3.04002452545931	-0.183675274248589	1.146825158526	-0.161155500172541	0.42438374703289	0.612637604167508	1	0.660367965367965	1
PF04464.17	1.49240194941723	1.60477603048509	1.31726131126521	-0.0199859435777849	2.95847059632995	-0.00455452348379299	0.496666666790129	0.816281667157871	1	0.838	1
PF12674.10	-1.40974370809734	-1.29458889983041	-1.54477322385262	-0.258294340284477	4.11126230221447	-0.0567180659667664	0.469020654048339	0.695196354687166	1	0.74287012987013	1
PF01048.23	3.74569126363219	3.77317617328849	3.7130915204252	-0.103790930270467	1.09496511333836	-0.0844996593509948	0.453031314211091	0.714643742937458	1	0.767155844155844	1
PF00877.22	4.66032469795497	4.82402277986497	4.46382537897671	-0.312362501626397	0.733536258628506	-0.39647609226635	0.31666667451148	0.374547041420086	1	0.419571428571429	0.999952922077922
PF08206.14	2.01380026084813	2.37037210447027	1.59136721715421	-0.671342687782658	2.32527256446348	-0.236070387039412	0.365089945421798	0.480126633759044	1	0.509099567099567	1
PF17876.4	2.2715452299991	2.56029006835664	1.94309153456417	-0.613018096060697	2.06274734045744	-0.239567943650376	0.359760165523463	0.450247160839348	1	0.526164502164502	1
PF00773.22	2.31483948004913	2.58750923683133	2.02398351433103	-0.481313094565803	2.20422573437591	-0.178323045320445	0.384666671178323	0.507391468685368	1	0.577155844155844	1
PF01266.27	3.23945398158036	3.29476311050736	3.16255675799919	-0.216856458547285	1.4736629821533	-0.140312938357404	0.437333335691362	0.694248237470276	1	0.718588744588745	1
PF16901.8	-1.85030164444941	-2.29554649840182	-1.52470163241996	0.670310549975573	4.14896139237599	0.13746925584645	0.427714859492894	0.63646386607539	1	0.59669696969697	0.997292428983982
PF03600.19	0.0763477780526074	0.439255092049187	-0.400667222105791	-0.879727615899659	3.12126202625625	-0.236128342787654	0.379080617675076	0.49151801077523	1	0.555186147186147	1
PF07715.18	4.99544211318105	5.5266368556732	4.60348052948967	-1.1126235397598	1.49955207264744	-0.682315132457817	0.204530329917603	0.119191948552351	1	0.125233766233766	1
PF00593.27	4.72793176863894	5.34356650037916	4.42810364240438	-1.20193442904333	1.72703484820725	-0.663456853950119	0.219333348510707	0.132176221589395	1	0.144948051948052	1
PF02787.22	2.7268510685916	2.51147735312695	2.80729510696163	0.232486951699733	1.61911417265739	0.137804401624622	0.452666668435606	0.612322996025523	1	0.692649350649351	1
PF02142.25	3.45296474623711	3.41056294252482	3.47002047880239	0.12442609214848	1.2661131509686	0.0856835627234089	0.461692206621819	0.604308846656058	1	0.729545454545455	0.999708806818182
PF10091.12	-1.32893101018716	-1.1667999274149	-1.49592542397714	-0.246843515386258	4.59046451506816	-0.0457837948431007	0.47666666753275	0.732432492730132	1	0.768320346320346	0.999871582365003
PF06165.14	1.31547015490566	1.69887696428399	0.676512994338958	-0.860701074665357	3.08246599279165	-0.22083761415335	0.371333338436713	0.520842534082225	1	0.565744588744589	1
PF17167.7	1.38939722003051	1.75982813084456	0.953287927362283	-0.695846867605253	3.04042316528416	-0.173924859282446	0.383077952609488	0.585202175505751	1	0.58895670995671	1
PF01546.31	4.28128238468149	4.40312139709743	4.14481227080189	-0.255874118299242	0.698952933319666	-0.330429936004508	0.345103270827835	0.435645504238028	1	0.47591341991342	1
PF07687.17	3.83112953156387	4.11453375217097	3.40642273123394	-0.709480298689893	0.880626880162457	-0.723001124472397	0.200666683946039	0.121085832748001	0.999396964503309	0.145930735930736	1
PF03840.17	1.16900509454312	0.803899749116154	1.49006703098732	0.580155640156159	2.48196189100432	0.190188488004696	0.373084615277418	0.578030075303039	1	0.458627705627706	0.998126835478102
PF00873.22	3.1443436560293	3.49084427393011	2.7216516699164	-1.04397328540817	1.34464094330305	-0.726367897834075	0.208000016412335	0.101141179967005	1	0.160095238095238	0.999905844155844
PF05134.16	-1.88620272240661	-2.22498777743485	-1.50315543534046	0.724226294800174	4.28867533995114	0.145848012448768	0.417333336481106	0.625117733088622	0.998934380744595	0.595125541125541	0.993975549384662
PF00293.31	2.57449872615571	2.30367369419606	2.76722541141354	0.411209722813073	1.4284182587802	0.262791308115577	0.374417060254251	0.504398339285613	1	0.464064935064935	0.998965094574415
PF13857.9	-0.149365698425321	-0.348445139811907	0.0210580568992373	0.325233592574834	3.12940681056353	0.0816089996334356	0.454666668359595	0.689204154705275	1	0.660281385281385	1
PF12796.10	0.99270978492978	0.637322747103935	1.31839237316169	0.615795615953648	2.79826557662617	0.178877937977952	0.397068624895069	0.572193401975512	1	0.515774891774892	0.999470337388687
PF00775.24	-2.01002634128052	-1.87165059654395	-2.13236289525874	-0.48407657261384	4.3082277203365	-0.0986270778728521	0.455029981690227	0.683309623592707	1	0.716108225108225	0.999978961038961
PF00361.23	1.84763911082836	2.72141423933004	1.39477506177633	-1.01310549275838	2.37311943283851	-0.418081608878143	0.32111926141832	0.385873280864213	1	0.384722943722944	1
PF07859.16	0.204373897126576	-0.358827721277193	0.623493490555232	0.968187718617779	2.88708012064144	0.277288889785353	0.341105935917739	0.453290159615047	1	0.399484848484848	0.990969585188725
PF00730.28	0.70338136856796	0.955495933530431	0.479229748184082	-0.526226792499875	3.21312881785998	-0.132938159021134	0.429047304477111	0.660587251577514	1	0.671965367965368	1
PF00633.26	0.11013474740257	0.697657353869819	-0.602242380194561	-1.1781946318541	3.9305336142372	-0.273062354547153	0.351333339373498	0.45867021032451	1	0.486025974025974	1
PF00437.23	1.40281162683377	0.904979832377945	1.78329109269486	0.826872677491936	2.82399374841968	0.25146092689186	0.346000006301487	0.510157784896652	1	0.387025974025974	0.998336151435247
PF14890.9	-1.86053872908897	-2.19701728697596	-1.44725481506758	0.721997328045812	4.36365430807096	0.149719655128361	0.418666669760886	0.622877953109279	1	0.573151515151515	0.99685611509861
PF14528.9	-1.8437005782847	-2.15047042389477	-1.52397046041556	0.532813769959686	4.25082939924264	0.113212091505063	0.445702866789121	0.657440981877566	1	0.626324675324675	0.997128422112647
PF00903.28	-0.106151302602678	-0.166520911969593	-0.00744142053691998	0.16870438259277	3.18049374144226	0.0366774174998176	0.478000000816395	0.756465617689146	1	0.712497835497836	0.997973479152427
PF05954.14	-1.17269352975548	-0.759976371751327	-1.47100192401341	-0.732486390748733	4.10410459859518	-0.163948641047184	0.414666669921978	0.654027312392549	1	0.645186147186147	1
PF10106.12	-1.84549493572058	-2.21828732662048	-1.46731794808784	0.705439721643603	4.09428589509899	0.138432433718903	0.42704863700083	0.645360541579958	1	0.605614718614719	0.996333326286188
PF20071.2	12.6648558559895	12.2938032242626	12.7148837012332	0.145523764753956	1.12236418447181	0.116267683169534	0.459333334849536	0.837714687187383	1	0.744476190476191	1
PF00115.23	-1.63082312191062	-1.68440820708425	-1.56003855652596	0.0638785664505921	4.08189175521839	0.0135097360639562	0.495003331297425	0.747398038079557	1	0.726948051948052	0.994767525353903
PF13411.9	3.53162312350942	3.20997254233608	3.74517138436585	0.557504090831847	1.01278113092669	0.440310855715886	0.264666677863006	0.229398280850438	1	0.229372294372294	0.996760206358258
PF07739.16	0.427921957805522	0.471406524135471	0.376886735476847	-0.260694104271072	3.89224111307478	-0.0511433843364514	0.471333334398563	0.746796623575125	1	0.816082251082251	0.999785528756957
PF01791.12	2.05695038982605	2.18989966190248	1.95932964760679	-0.262099429718334	1.80159059887484	-0.126419085383084	0.431045971953661	0.694136707241528	1	0.71065367965368	1
PF01156.22	-0.405755054161058	-1.50466694960107	0.367625228914449	1.59442465130974	3.68484944342939	0.373682836821401	0.305796144368727	0.385798610581591	1	0.327411255411255	0.988442465765099
PF00239.24	7.79101765360692	7.75644375799763	7.82348797576054	0.0686360886633421	0.608942102190758	0.108774380068865	0.444000002100421	0.769460484870082	1	0.704450216450217	1
PF07508.16	7.86057543019227	7.83829514092831	7.9146177139232	0.0546491215937226	0.577200059566737	0.0882258256611303	0.456000001642348	0.777352749973866	1	0.753735930735931	1
PF13408.9	7.83387835804371	7.78696224555121	7.87193566879612	0.0808275399223652	0.587290404332205	0.126159316821907	0.438666668972974	0.727824190964146	1	0.667164502164502	1
PF14287.9	7.61442555429012	7.50429638009441	7.6772197324353	0.116122561283707	0.671162826805559	0.161694745174265	0.430379749461449	0.734298906418574	1	0.627844155844156	1
PF20188.1	-1.95057539316476	-1.8450818258128	-2.03918177925613	-0.423006143312281	4.44641289025959	-0.0810598784213783	0.462000001415584	0.700198623525953	1	0.728177489177489	0.999926401230349
PF02195.21	2.42368152016531	2.5006057400388	2.35818952063638	-0.16122904227695	1.80720838111377	-0.0823170956397724	0.457028649169526	0.789151536163676	1	0.800424242424242	1
PF03432.17	2.2962209268715	2.12350741102934	2.38716199743574	0.0748162346649739	2.2867964994308	0.0312829063163792	0.488000000444701	0.846332890289353	1	0.802142857142857	1
PF13443.9	2.37134517303509	2.15892076926281	2.57412538930912	0.478562051787214	1.5595921180282	0.236400415806246	0.359093943036492	0.38938279492212	1	0.431930735930736	0.99920627084895
PF13154.9	0.757180318676711	0.495473707217977	0.865681653183802	0.119786112719211	4.14808192973365	0.0239739971558795	0.4840000005932	0.692079448159293	1	0.778649350649351	1
PF13155.9	3.06346694933873	2.95032948709205	3.14131837861986	0.115410938679433	0.986478720168336	0.111365226208841	0.453031314211091	0.698248136553694	1	0.661393939393939	0.999654591023012
PF19044.3	0.434611238841045	0.798518954833579	0.253867022668233	-0.474164288148457	4.10988743202197	-0.095992192594591	0.451032646732127	0.765929133544112	1	0.779038961038961	1
PF02534.17	1.10821193417178	1.13559785188084	1.06755058829055	-0.249365207889612	3.35161047891772	-0.0582702299556312	0.469686876541738	0.69348808845893	1	0.823207792207792	1
PF06970.14	-1.69219543066923	-1.82634937414004	-1.52265322065582	0.204298839343344	5.12820554691656	0.0351617505368862	0.480346436437592	0.766853713434	1	0.728415584415585	1
PF19481.2	-0.754976582535209	-0.688012460458062	-0.83441922265447	-0.213035340108659	4.42567235022259	-0.0405924184938233	0.474666667607353	0.734539435885512	1	0.777134199134199	1
PF00389.33	3.56395285106291	3.76922632624409	3.33475538306913	-0.288285680176047	1.35956545427277	-0.184481898622925	0.408000003526811	0.716785090103603	1	0.651311688311688	1
PF02826.22	3.58371025890563	3.78332985349896	3.3455584212789	-0.258855426647085	1.3701594483176	-0.175437344846186	0.412666670003021	0.767701515850238	1	0.699497835497836	1
PF13610.9	1.21157468838011	1.43580656084881	0.979124475906791	-0.266163440250335	3.41794908894518	-0.0686914250140945	0.458000001566609	0.809546626476765	1	0.817679653679654	1
PF02913.22	1.20287765046448	0.840218904535831	1.72440263644033	0.972328616812907	2.55130916914386	0.318226401751454	0.325782818793355	0.382111996828328	1	0.362350649350649	0.998497894870875
PF00561.23	1.39929714664358	1.30365172282002	1.46232150272919	0.0994366815017642	2.43415056166035	0.0327214318037682	0.47666666753275	0.781391814401417	1	0.721878787878788	1
PF00535.29	4.79900193985188	5.00857798114722	4.68196949605697	-0.409112921649431	0.903659647916958	-0.425457490639805	0.334000006909769	0.429610633184168	1	0.445995670995671	1
PF01281.22	1.36868536333276	1.9158206503246	0.855185113696503	-1.00067862582795	2.88076159556163	-0.290445057048967	0.309333341596675	0.449860593282327	1	0.391627705627706	1
PF03948.17	1.38663879611236	1.92082998896284	0.883824155262234	-0.886472734813625	2.79187211837365	-0.261868472661908	0.316455704048718	0.464862125020609	1	0.408337662337662	1
PF00668.23	1.9836899971645	2.28531799446807	1.53002547264562	-0.807011531482774	2.48532687781383	-0.265602897869503	0.343770825857455	0.313299630360968	1	0.422623376623377	1
PF00501.31	4.08917365142567	4.17161424449208	3.98247850061344	-0.210245806788536	0.843740717208307	-0.215708707287268	0.39466667074908	0.489632220161387	1	0.579662337662338	1
PF13193.9	2.59835146311462	2.6894680645387	2.52737988724719	-0.0969446730269148	1.81863100229677	-0.0441075098654281	0.479333334100075	0.82936382888642	1	0.838753246753247	1
PF00550.28	3.06481386276928	3.04574563422214	3.09044026068181	-0.128401344890838	1.35174993677898	-0.0907249193602696	0.460666668132528	0.67721758512713	1	0.804909090909091	1
PF00975.23	-1.89671932268633	-2.2420087346509	-1.58592039335069	0.591027799113425	4.10886626551043	0.122711649307628	0.435709529399944	0.659612919139025	1	0.611121212121212	0.996702772298275
PF01807.23	2.96756668734803	2.92932998107342	3.01035204127284	0.0710618411800326	0.968533385313726	0.0719798648559904	0.468354431554951	0.736873575325842	1	0.703190476190476	0.999770385132109
PF08275.14	2.83246955881292	2.79565390122406	2.86363702152801	0.0306238865452437	0.915332993042194	0.0304877100984193	0.48434377139911	0.740554281552656	1	0.709766233766234	0.997245083738825
PF10410.12	2.7614344193747	2.67895098307256	2.84157886199858	0.171061873074371	1.01028942999302	0.142329551009797	0.429333336003963	0.639653512963485	1	0.616251082251082	0.997789489663855
PF02661.21	2.70515097898326	2.42182514628441	2.91932324134275	0.476037211706752	1.37937514571729	0.326174341655045	0.359760165523463	0.438061088638366	1	0.437419913419913	0.998492950302089
PF00756.23	0.686600408434613	0.468101173450374	0.890775259134879	0.364403040263218	2.86244689935523	0.095248849077487	0.435043306907536	0.675134425288669	1	0.619108225108225	0.99954263464433
PF13579.9	-1.6652406023182	-1.12241243754651	-2.05730540735146	-0.954688077647887	4.18951988767449	-0.20360299291986	0.399333337219243	0.597826068474343	1	0.594160173160173	1
PF13692.9	1.17576476083898	1.13712501512456	1.22080751018312	0.123352638276325	2.40835791770194	0.0373722034822376	0.476349101476354	0.785685368307526	1	0.722536796536797	0.999952922077922
PF01979.23	4.36424119935469	4.48539218542972	4.28684529747674	-0.194225255497405	0.83320869899436	-0.202992550155146	0.392405067464063	0.542901842484991	1	0.604766233766234	1
PF02502.21	0.736976936215506	0.898117796467273	0.563396122808737	-0.315789787460546	2.43324198719312	-0.111018984825172	0.430666669284912	0.680255213336227	1	0.692662337662338	1
PF13247.9	-0.518985729529076	-1.09145874391692	-0.0211208587616101	0.96919815655797	3.51718016065991	0.241454988691083	0.359333338991004	0.515723487832587	1	0.482385281385281	0.994066677364702
PF00899.24	0.319799628171017	0.401361893109958	0.213522460811841	-0.151486101765139	3.23390451027698	-0.0349867474132822	0.475333334249142	0.779171262164711	1	0.797034632034632	0.999735930735931
PF09508.13	3.54304851954039	3.37702857720969	3.67266500124168	-0.147973346315511	1.72810977327002	-0.0925125539054429	0.468354431554951	0.644285880630214	1	0.835922077922078	1
PF17385.5	3.52304841837015	3.35287158458658	3.66010552708275	-0.182337740640118	1.758346616905	-0.116849577177357	0.466666667906746	0.657454525046707	1	0.842627705627706	1
PF17386.5	3.53397393604517	3.34759018096578	3.67619051221911	-0.118855753767121	1.7103669573913	-0.0624934617570841	0.481678881424736	0.675514831706856	1	0.848528138528139	1
PF00672.28	6.2978200451125	6.36284637416275	6.29717468857537	0.0061074179781091	1.41066574908313	0.00396843279275609	0.496666666790129	0.82016209482413	1	0.896995670995671	1
PF13426.10	1.05724887799836	-0.32057942813278	1.85550575927385	2.22251008286054	2.58464136212985	0.809633139120593	0.143237868320802	0.0799875553504555	0.998955926979353	0.0622683982683983	0.886946488204621
PF00989.28	0.931537207056078	0.0116688101023437	1.55467320668632	1.57310191569849	2.21388651232497	0.642748823419018	0.194666684700289	0.147095352883569	1	0.144909090909091	0.933265639638798
PF14690.9	1.8118862203776	1.85339701892568	1.78928049021977	0.0141055243498034	1.80104659936363	0.00723361459807745	0.497333333432102	0.664972484341417	1	0.777926406926407	1
PF01610.20	2.95011989753695	3.01437731673492	2.90675894515729	0.0988189789721279	1.5652003662307	0.05734337974644	0.465689541581532	0.648518197392715	1	0.742	1
PF02357.22	4.45715419766152	4.4284674980226	4.48084031022837	0.078671445328288	0.96738080493432	0.0715773247532396	0.467333334548396	0.792796472312553	1	0.725987012987013	1
PF00467.32	3.82517907944681	4.25963623264438	3.49381820608038	-0.67306533344548	1.62301170547398	-0.386718614571679	0.30533334183134	0.394988891934809	1	0.348060606060606	1
PF05222.18	1.5991247364904	1.42754065722632	1.74872872333507	0.189206752357784	2.00276588640638	0.0779772584250949	0.452666668435606	0.807624446661054	1	0.699627705627706	1
PF01262.24	1.64413729284311	1.47200501413343	1.82175771310096	0.228514911137363	1.98999026326871	0.085631264092587	0.452000001794314	0.782070611073632	1	0.689298701298701	1
PF01312.22	1.65485143611402	1.45439965930797	1.95800296287409	0.660964716277727	2.4186290731294	0.197211964693293	0.385333337816007	0.662078588119615	1	0.501558441558442	0.999644565960355
PF08207.15	3.38672226596297	3.41633360520854	3.36477971470906	0.0175517910425675	1.02696432539179	0.0169262636411817	0.491672218829097	0.684644828341449	1	0.777528138528139	0.999952922077922
PF01132.23	3.3967428058901	3.43980777873744	3.36610782146269	0.00663007707014884	1.00221822951309	0.00601048465436877	0.497001998778448	0.681476738492723	1	0.776818181818182	0.998
PF09285.14	3.39508999761274	3.44240386242804	3.36725586394711	0.00014098792565953	0.986708553264605	-4.86828306980391e-05	0.5	0.715991477405926	1	0.801770562770563	1
PF02915.20	5.96106578255344	6.21530578655687	5.87637083634191	-0.304676034471386	0.648914205890999	-0.410006225255626	0.335776156042623	0.429654425241226	1	0.424225108225108	1
PF03952.19	3.78826712858987	3.6865886498922	3.94580662806672	0.0326826320293332	1.59842953998377	0.0193088276400636	0.491333333654417	0.793295968163173	1	0.80682683982684	1
PF00113.25	3.79130218586605	3.70055085084562	3.9331999674357	0.0273771631011996	1.60176836088552	0.0166417339489118	0.49266666693833	0.801331179979277	1	0.816515151515152	1
PF01391.21	0.243708173419438	0.852063970393451	-0.459366345856295	-0.904747331731313	5.03190427433713	-0.168705043428495	0.40866667016615	0.634649001297675	1	0.646774891774892	1
PF12846.10	-1.30160433649438	-1.70966113905003	-0.646602444561411	0.966836410154709	4.30524189311978	0.181916857019462	0.40133333713572	0.613052053444647	1	0.549705627705628	0.999203083346166
PF02447.19	-0.56465752327517	-2.2264414749166	0.723096905069131	2.93070689429247	3.48482411388782	0.760780289059104	0.172000021325098	0.140299701156318	0.994763059849267	0.0973116883116883	0.888239963196903
PF01520.21	3.08276318809821	3.36182016946759	2.84104549360318	-0.367912695754921	1.37606926053984	-0.232894299357757	0.374417060254251	0.645275550556028	1	0.551380952380952	1
PF01346.21	-0.728213150426841	-0.0186803194726002	-1.39783885411407	-1.50103685053596	3.75491882991255	-0.33879886267283	0.327333340594301	0.44818306037711	1	0.435095238095238	1
PF04392.15	-0.545067263504764	-1.63660394259573	0.255816654862591	1.85668645614841	3.2986723902305	0.49680491888374	0.244000012850039	0.259762213227324	0.997431592908168	0.227813852813853	0.959315531819125
PF01743.23	1.02363750892871	0.646495967126167	1.41601490829293	0.741966094920436	2.32134254929658	0.2641815148023	0.359093943036492	0.559833342917203	1	0.43082683982684	0.996887459458161
PF02367.20	-1.25565365809575	-0.954918732955562	-1.62901009764563	-0.318044587114288	4.1407982887267	-0.0661709739953004	0.464000001340281	0.698071634664202	1	0.728831168831169	0.999487940630798
PF06207.14	0.9258913699549	0.315510431261646	1.28541820490675	0.970590853963444	3.1614781647933	0.243739935990329	0.36933333852758	0.47348901866723	1	0.448316017316017	0.999213084679548
PF02812.21	5.50890481537496	5.875310005811	5.33711199403128	-0.261799101000729	1.20448064053043	-0.23291146090942	0.391738844974114	0.63735524465692	1	0.62382683982684	1
PF00208.24	5.51146812744772	5.86070163414202	5.34423734948078	-0.212088126017981	1.19955140313067	-0.17668802155577	0.405063294782061	0.647606692486324	1	0.634675324675325	1
PF02597.23	-1.3618787092303	-1.67725113862499	-1.05140610006964	0.57363774203774	4.00246083861842	0.124261842363625	0.434666669128451	0.648837319544611	0.999089159266579	0.621458874458874	0.996040213474398
PF03485.19	1.85926462281304	1.798064446756	1.89387709991688	0.115732127430316	2.42317269038608	0.0380174979878543	0.478347768956934	0.678216485504716	1	0.788506493506494	1
PF00750.22	1.83889225002806	1.7654205971069	1.88493059886296	0.0513320059361551	2.36547446213753	0.0222727049899152	0.492000000296372	0.670059599470983	1	0.769220779220779	1
PF05746.18	1.91788327845326	1.77611104754769	1.97088858311214	0.195274933650373	2.38271369353444	0.0634407823680396	0.471019321528573	0.646930033424326	1	0.750515151515152	1
PF06689.16	3.33716228021293	3.41388143912159	3.26600076981575	-0.00909437147063485	1.25709233810308	-0.00567538361780072	0.494337108803755	0.747302628951264	1	0.826229437229437	1
PF00861.25	4.65940596897416	5.01295092552614	4.43539491067236	-0.502245890399656	1.70807129084767	-0.214521419972977	0.30000000881834	0.861570956884572	1	0.338831168831169	1
PF00625.24	1.41549181541292	1.19634435381767	1.58893874737662	0.421531114964812	1.77434794461285	0.215915420677061	0.38974017750457	0.551597130196401	1	0.523891774891775	0.99917362128156
PF01293.23	7.40500492152127	7.55955004593721	7.28840200531202	-0.239473263906103	0.518829848047432	-0.273413322655265	0.268487685783383	0.912983982218977	1	0.243324675324675	1
PF03734.17	2.77674228124236	2.24599453297554	3.09148582391497	0.809268157489773	1.66495341817325	0.390081927113837	0.280479690271559	0.234244590891283	1	0.244865800865801	0.996881816614461
PF02670.19	0.691784625267194	0.755979832084629	0.651282734545102	-0.131492264653924	3.65184910166683	-0.0345895798937859	0.480666667383788	0.772861458126822	1	0.832402597402597	1
PF08436.15	0.691712940905651	0.815741860017586	0.59585782837552	-0.0963044687650036	3.60846971687337	-0.0211025718798776	0.48434377139911	0.792671066288379	1	0.820441558441558	1
PF13288.9	0.652949958821764	0.764412930700646	0.597942007177527	-0.146118691579224	3.70211128424589	-0.0272851040513286	0.483333333951304	0.78593895635122	1	0.812186147186147	1
PF08503.13	-1.66353190262548	-2.15884930055724	-1.09747822174413	0.974944287841714	4.0889830620268	0.197681226642063	0.398401069875784	0.587222631878745	1	0.525831168831169	0.993944685932429
PF14602.9	0.990092684304701	1.16805652202673	0.826814812734351	-0.229679277016127	2.05433084746637	-0.0971007509755909	0.442666668818415	0.752186766469452	1	0.719350649350649	1
PF14493.9	-1.63001305290307	-1.21198409100304	-1.99590349376893	-0.816486008031813	4.34021146965247	-0.154735349495821	0.416666669841269	0.632208001835153	1	0.637285714285714	1
PF12323.11	-1.33644579886713	-1.19798299621038	-1.46698840360021	-0.214020166146478	4.17951057238284	-0.041475119134887	0.47666666753275	0.726491976371999	1	0.754060606060606	0.999408736717828
PF01385.22	-1.04293034270649	-0.945025506765999	-1.12029806364418	-0.130150682841629	3.828961898249	-0.0253203652664795	0.485333333877011	0.755764012323489	1	0.784761904761905	1
PF07282.14	1.89801118730831	1.73850971238135	2.07593867015596	0.443749727950594	1.91976518359767	0.187510437112272	0.393737512444108	0.509502233702678	1	0.518471861471862	0.998810142298669
PF13565.9	0.904581794714479	2.12704438072518	-0.134354093308755	-1.76184143056843	4.67343041136613	-0.322036514337664	0.327781486241393	0.484671851649628	1	0.419978354978355	1
PF13439.9	2.65694066884656	3.38262290040256	2.09054635874334	-1.22013955359529	1.5676576692884	-0.747914463107648	0.202666683703834	0.126129705395144	1	0.146519480519481	0.999952922077922
PF00534.23	4.8616949038522	4.7509567415846	4.91942990398516	0.0879269850364262	0.966621396062719	0.0722117110165988	0.475333334249142	0.861004314304628	1	0.763597402597403	1
PF02384.19	3.71238814711593	3.69728710453621	3.72006732318857	0.0313150394569401	0.845313079336809	0.0347769240898644	0.481333334025656	0.723763719932425	1	0.74178354978355	0.999420306965761
PF18135.4	-1.26929833008397	-1.71314887410031	-0.830245258859005	0.76478277944783	4.01869876714836	0.166856773230212	0.404397072291237	0.601660902060567	1	0.551458874458875	0.99261431364416
PF13403.9	-1.87480295042315	-2.1733010357851	-1.60889785766167	0.54544318235184	4.2174229172332	0.116250540285576	0.436666669050594	0.659248981492934	0.999137335628652	0.621766233766234	0.992411716262281
PF19514.2	-1.64223793543843	-1.69228382915111	-1.5509592811556	0.0908930503455174	4.15343435082728	0.0162668630243414	0.49466666686422	0.742244171980998	1	0.719164502164502	0.996929616911259
PF01784.21	0.351736299232643	1.25965768650411	-0.876841798965089	-2.05442862680966	2.93190843110933	-0.581344109543494	0.190666685227631	0.201544505262179	1	0.165251082251082	0.999089234784823
PF01012.24	6.85662568766023	7.02284580372721	6.76510279127886	-0.167029556248804	0.926824332789383	-0.124414515390236	0.405333336969865	0.800742001567535	1	0.651757575757576	1
PF00766.22	6.25180469724405	6.40898273705252	6.16836637891456	-0.192926932099025	0.956462637902717	-0.150743476506454	0.397734847385403	0.742941203994128	1	0.651264069264069	1
PF00459.28	-1.34123708783102	-1.17824755865804	-1.50786203497685	-0.227633083912157	3.90915374548606	-0.0514967419586722	0.472000001040299	0.719325759074456	1	0.737090909090909	0.998240638604289
PF03167.22	1.0925657241908	1.01631352979881	1.1782782894363	0.152370508161301	2.87462772453225	0.0473517448068613	0.470000001115125	0.711391853227689	1	0.70708658008658	0.999735930735931
PF00251.23	2.29954889615658	1.99421381476081	2.55009051603314	0.681502526574488	1.83324956831714	0.348205400189697	0.343104603372395	0.393771936383085	1	0.386532467532468	0.999341660220657
PF00834.22	0.0227415934589876	-0.217171611987054	0.147049383057761	0.204481795868583	4.003365414502	0.0409457889369708	0.477681546463399	0.696650889703083	1	0.728238095238095	1
PF18269.4	3.31921133679703	3.42930537452754	3.18867936311611	-0.147128569059738	1.30280490002372	-0.071923005510916	0.434000002487791	0.736764098289899	1	0.728099567099567	1
PF04860.15	-1.89803902622196	-1.65193934672362	-2.10510955067812	-0.384757532659312	4.04307488036494	-0.0829229105081876	0.456362426676409	0.7036986705004	1	0.712354978354978	0.999682285970608
PF04650.20	0.571334483662354	-0.456285105320609	1.3518016030157	1.68929863536676	3.44082731489639	0.433748792949127	0.285143247588287	0.333513367277057	1	0.265727272727273	0.99463065678
PF17965.4	2.38803502157268	0.97075905254833	4.16283054091118	1.446641528256	6.26250265595916	0.220890821218991	0.38840773252513	0.520674890715671	1	0.478692640692641	1
PF17966.4	3.22139319926608	1.65954151396644	4.58441893579327	2.40132891422379	5.81499014934306	0.382168132006821	0.324000007440414	0.308566800735259	1	0.30512987012987	1
PF00746.24	4.01455580409465	3.41269429300707	5.13441746307632	1.17846570352224	1.58840405176733	0.756282943547235	0.221333348304743	0.138302453843055	1	0.112012987012987	0.996472836520438
PF07554.16	7.00141716164064	6.66620067472576	7.07541584165217	0.481438050194377	1.48825467296233	0.22865888361714	0.372000005073218	0.289253747810529	1	0.436034632034632	1
PF07564.14	-0.907525339020112	-0.412604499076395	-1.25996128061802	-1.74478690286269	5.42949806648728	-0.295379143385045	0.381333337990732	0.487243102794628	1	0.572809523809524	1
PF01468.20	-1.13700241911249	-0.609804000935812	-1.57250855893403	-0.84258190644498	4.02359684935966	-0.171120214294582	0.398666670580509	0.606812462753578	1	0.598900432900433	1
PF20585.1	-1.84253227502241	-1.63475310129725	-2.03600757647423	-0.321812769572641	4.22761049857962	-0.0638539278071083	0.46502331908821	0.67907746651507	1	0.696796536796537	0.999952922077922
PF18957.3	0.0481126598305863	-1.0716971684097	1.50570555109147	2.59307926321975	3.43702618589693	0.652691858687565	0.193870770944221	0.177933615588621	0.997063785855259	0.110385281385281	0.948954304046807
PF08428.13	1.47409676162766	-0.593892499400156	3.29252769022921	3.51535709781052	4.24860505579701	0.754961952800381	0.175216543099913	0.116743739364422	1	0.0573290043290044	0.981422456059635
PF13102.9	2.32241465853828	2.05054403240521	2.48682686813074	0.322635323353214	1.71682384640538	0.157885771129475	0.423333336241206	0.679796141357125	1	0.624428571428571	1
PF00027.32	2.00678908960995	1.96759983869748	2.02737843921525	-0.155196981204264	2.52599648346744	-0.0526769879206072	0.479333334100075	0.804993414142077	1	0.830484848484848	1
PF00578.24	1.50988321398471	1.58139377198712	1.45979838064604	-0.156915173969582	2.1604267582849	-0.0568045249289695	0.463024651608331	0.791521725696534	1	0.791177489177489	1
PF00253.24	3.27444041317957	3.40425290713513	3.1093235691533	-0.219037254793905	1.56657771792383	-0.0954451673903853	0.414390409657871	0.841191494194004	1	0.667199134199134	1
PF18076.4	-1.53490021108476	-1.00075599916517	-1.91607904486801	-1.45657287897164	4.99180752533119	-0.262216250849795	0.37708195020865	0.531294483501518	1	0.579463203463203	1
PF02572.18	0.0453823783057254	0.646501720927334	-0.669767842995223	-1.01977246951808	3.72136608449908	-0.227139145343093	0.363091277959396	0.505091387788468	1	0.513623376623377	1
PF04313.17	3.11963936085117	3.07312233143995	3.18609635119799	0.0801250161351126	1.09684208710186	0.0533921365758794	0.47368421150238	0.800355532876193	1	0.699532467532468	1
PF18766.4	3.03014151442077	3.0210064127184	3.03891693973134	-0.000511592709351305	1.17964776099509	-0.00105383579738069	0.49966688875316	0.810779809216107	1	0.770844155844156	0.999952922077922
PF11867.11	0.902188170130504	0.00163994951132729	1.81231161885236	1.81235195326104	2.90487162438649	0.516341824554815	0.219333348510707	0.252379323646449	1	0.141255411255411	0.977820937906793
PF13491.9	1.54468584036253	1.84281576616798	1.39455424112388	-0.600100684845837	2.05469517744634	-0.230473432453518	0.373333338346419	0.492456478272449	1	0.554246753246753	0.999952922077922
PF17854.4	2.02151255899649	1.90143515248751	2.09785655337418	0.127944331647147	1.50104290270327	0.0624108793489215	0.469020654048339	0.735353491552101	1	0.724186147186147	0.999644565960355
PF01580.21	2.63245068616308	2.71853289245659	2.56114150319412	-0.162188800130424	1.8097133586062	-0.0719142906729645	0.467021986568215	0.839693682331868	1	0.820445887445887	1
PF09397.13	2.00632818499269	1.86637625191212	2.08832583718007	0.15492691205486	1.55726874505586	0.0900757102034806	0.462000001415584	0.705285870957898	1	0.701212121212121	0.999973479152427
PF05223.14	-0.726927295006593	-0.227145990317045	-1.06947816850031	-0.938749239926489	4.48467984891028	-0.176763323260829	0.403333337052597	0.644088815423843	1	0.632887445887446	1
PF00892.23	2.71849502997725	3.11705439962411	2.08542502497147	-1.12224384713952	2.21234970691179	-0.430013671455867	0.28914058243768	0.21463242921074	1	0.293510822510822	1
PF01850.24	1.73338812173721	2.16026453221303	1.10275532880828	-1.03063680822211	1.94461076625296	-0.42843942691579	0.262491683563237	0.253642909190634	1	0.287614718614719	1
PF01957.21	2.27959405597533	2.48251997321856	1.94007423880798	-0.359771832291347	2.20249818250122	-0.12331017350066	0.426666669442425	0.754303581939382	1	0.685480519480519	1
PF13187.9	3.27995441130584	3.17111665274002	3.37825072112771	0.107107296400573	1.31334276075269	0.0631789161221261	0.469020654048339	0.709769030107933	1	0.729147186147186	1
PF02662.19	1.37101277516101	1.31602630810467	1.41683445879335	0.0924053300793997	1.83890437532451	0.0393605322681778	0.47666666753275	0.710924271479895	1	0.71212987012987	0.999929781582054
PF01584.22	5.95421486440604	5.9788891257487	5.92706850526657	-0.0772357785209614	1.23003570800804	-0.0488980119077197	0.481678881424736	0.736224141021847	1	0.905212121212121	1
PF17293.5	-0.970162881999111	-0.366607883888359	-1.5117371340078	-1.09012607408697	4.56456906662987	-0.213859148544282	0.379080617675076	0.588560230677848	1	0.598502164502165	1
PF09820.12	3.91413596581863	3.43535664938316	4.37694563920043	0.868039578237841	1.52119158069161	0.482353726615696	0.282666676591126	0.297677460681192	1	0.213458874458874	0.999947395689417
PF08011.14	3.75010066336938	3.28189023940213	4.17703144863126	0.797619260680911	1.63183321537665	0.410939983917762	0.308461034285725	0.392092472588711	1	0.2655670995671	0.999973479152427
PF13676.9	0.586132647633901	1.08314748091766	-0.0650576338637165	-1.15271428144594	2.471099916112	-0.374527432426893	0.30533334183134	0.28105435253187	1	0.353450216450216	0.999952922077922
PF13310.9	1.75025725845824	1.61054323691578	1.91324772209834	0.361453524014406	2.63222329976076	0.104753212016065	0.425716192016797	0.658325213107488	1	0.600194805194805	1
PF13472.9	2.94704890114251	2.98160374352042	2.89786364931792	-0.0977859812570596	1.36112915904965	-0.0594745698667323	0.471019321528573	0.681299550001593	1	0.785255411255411	0.999853620955316
PF02706.18	0.448123495001796	0.36312082849917	0.496053944045828	0.015044051318049	2.94871484611097	0.00503742509941019	0.497668221272125	0.743414148353356	1	0.776692640692641	1
PF13807.9	0.418089305860203	0.442685226028985	0.397084983712348	-0.175384115252178	3.17415062284807	-0.0441847871534218	0.474666667607353	0.750840712019054	1	0.787930735930736	1
PF13614.9	2.97390576147126	3.00805633732435	2.95072927017346	-0.10873778069854	1.11141293513323	-0.0863817621677417	0.455696204183309	0.702266219764514	1	0.732623376623377	1
PF13715.9	4.98525449140114	5.52707454044486	4.5999223577477	-1.04447211602947	1.42572428772559	-0.696839431576882	0.205862774798181	0.13424666729541	1	0.126320346320346	1
PF14559.9	2.52696067370693	1.78757756775629	2.97133974097722	1.16079741387353	2.15477793498899	0.466310271759045	0.266666677714643	0.220242102755132	1	0.206437229437229	0.999022503479135
PF13432.9	3.45962794478336	3.8008331649478	3.15554021111441	-0.674715837209451	1.00398088587425	-0.628904500258412	0.238666679983602	0.180137001574435	1	0.209805194805195	0.999838044308633
PF01713.24	2.13869801203663	2.51576780842982	1.60852540664598	-0.885256118016426	1.99956998207718	-0.359694131888528	0.301798809497187	0.328176586156955	1	0.365324675324675	0.999201798201798
PF02743.21	3.8776779158693	3.92857232676806	3.84428784379136	-0.184465366612308	1.80348502125773	-0.0818851847577514	0.47035309903515	0.822074293543357	1	0.836415584415584	1
PF01636.26	3.09813620703064	3.383420324874	2.94968202549008	-0.615226567547918	1.57007953119423	-0.359299076025223	0.344000006400862	0.395107392641247	1	0.493904761904762	1
PF13524.9	0.0262344582208653	-0.69885951647487	0.54400166540095	1.23012305946552	3.36184957647436	0.313455110548685	0.332445043623722	0.409058413174334	1	0.391337662337662	0.998155549964128
PF05050.15	-1.68876304735412	-1.75044507672524	-1.6156183180861	0.0924892493426395	4.25112702605609	0.0209882972883414	0.488341106360851	0.745782425648022	1	0.726359307359307	0.998430574528059
PF05067.15	0.95014600779847	1.03348068090985	0.874561603407535	-0.0784478752560576	2.85459596256558	-0.0223861388099454	0.485333333877011	0.792844956252683	1	0.795675324675325	1
PF13679.9	-0.503994394294637	-0.592983466373149	-0.441049853675334	0.0289805195863906	3.96922509595168	0.0085398650647905	0.496666666790129	0.764225734744529	1	0.767554112554113	1
PF08298.14	-1.35518114225918	-1.64834819424589	-1.08268484898976	0.5471013985132	3.74865436058395	0.10901400115038	0.431333335925431	0.643117328733716	1	0.596670995670996	0.997645228275762
PF06798.15	-1.33348035391582	-1.55454291734412	-1.05825620098453	0.51045984882104	3.89974098232386	0.115560223702727	0.429333336003963	0.650831831060317	0.999962730502594	0.612203463203463	0.993290261685911
PF02254.21	2.90132316142172	3.2239890701778	2.6191950920977	-0.574146483282711	1.88971306577583	-0.200676374738254	0.323333340809957	0.629428904021782	1	0.426562770562771	1
PF01555.21	0.753753660052627	1.06362370194977	0.389175897118818	-0.800207552754418	3.03844491397921	-0.226917913558022	0.371085947812638	0.497212154046985	1	0.537709956709957	1
PF02515.20	-1.15298939921457	-1.14955680083541	-1.15308188163803	-0.00557837039954467	4.06341319940483	-0.00104731736309943	0.49866666671605	0.771606593226801	1	0.769186147186147	0.997682517482517
PF00482.26	1.66592159485781	0.98970163565325	2.09541449559953	1.1314648357261	1.87618122027229	0.513031411762824	0.252000012182198	0.208832016684518	1	0.195969696969697	0.977996187382029
PF16586.8	-1.90960096482554	-1.76198935282464	-2.02483498395475	-0.262674806737572	4.32771400758927	-0.055243163078271	0.471019321528573	0.682884387335259	1	0.721658008658009	1
PF12904.10	-1.60581156878717	-1.74943075063135	-1.50110350866317	0.19231844899012	4.24585738863898	0.0343265312430536	0.480346436437592	0.733271954358769	1	0.717155844155844	0.996897420690764
PF16886.8	4.88113605837425	4.82876434775563	4.92926658659987	0.156185077908296	1.10387951241872	0.128819402176572	0.437333335691362	0.702253535854306	1	0.653437229437229	1
PF00731.23	0.529529375344738	0.10536308909075	0.846428240229234	0.851374938765617	2.3782525913558	0.287739420965133	0.344000006400862	0.409991950511098	1	0.434445887445887	0.995150671289509
PF01909.26	0.637699651643021	1.19167472834123	-0.0335359108085242	-0.974437591761091	3.64991098801525	-0.23016115490313	0.356429053089343	0.522668072441029	1	0.501679653679654	1
PF02699.18	1.94598587109163	1.60605079476019	2.15243854739753	0.520483679144504	2.14711445189108	0.19190810154257	0.392405067464063	0.528938596287428	1	0.531493506493507	0.999978961038961
PF02618.19	2.14342454634931	1.96946475999777	2.84001379395202	0.419491372360278	3.25466357141837	0.112373867826227	0.454666668359595	0.852798314068849	1	0.718939393939394	1
PF07883.14	1.79286156720037	1.89486293655697	1.71703905846108	-0.000970393661621216	2.259481019468	-0.000209504675377764	0.5	0.582164397633511	1	0.802398268398268	1
PF02129.21	0.857915517963801	-0.0205629811508716	1.44449464175343	1.84974271799482	2.74239526857818	0.588687242752969	0.227848115569919	0.150515216434729	1	0.149991341991342	0.967983407325762
PF08530.13	0.813953828738954	-0.061503263677074	1.4660973484693	1.75533734444363	2.72528468060819	0.594707653827396	0.218521001251004	0.154154455023714	1	0.157623376623377	0.96130988352372
PF16640.8	-1.11718806530206	-1.89324704852278	-0.399291331088132	1.13493177656371	4.30143553623049	0.224291380141958	0.379333338078856	0.54921943312535	1	0.49052380952381	0.996220882714671
PF13185.9	-1.37159903953592	-1.71838936709037	-1.09078343319243	0.543480983259189	3.93859429436594	0.12563109719685	0.431045971953661	0.64228894828259	0.998193245796115	0.613731601731602	0.993653731198001
PF00990.24	4.39571334440531	4.28922176059875	4.4674620026008	-0.0918928488530018	1.1774446328663	-0.0763352197205761	0.478000000816395	0.724310882039279	1	0.839787878787879	1
PF01121.23	0.399479905310999	0.282929808199183	0.561770882211336	0.410399021890536	2.61894567709286	0.122293297717423	0.438374419369845	0.665754391348922	1	0.612580086580087	0.997959693728731
PF13414.9	0.530345878679607	2.82847254335752	-0.621093011449995	-2.73099699225757	4.39684904002635	-0.596823518005449	0.218000015316584	0.251652177770433	1	0.159164502164502	1
PF13181.9	3.45172773657128	3.65264141570909	3.19207893144048	-0.37662293792514	0.958261962779981	-0.301229749566104	0.340439713433031	0.676220098119369	1	0.44912987012987	1
PF00515.31	-0.514319550067428	-0.816212107144793	-0.0708257074780594	0.638428255465199	3.47425048230185	0.153056484459899	0.415333336561705	0.681088939511634	1	0.582978354978355	0.996280678504658
PF00308.21	1.40458834579325	1.93174722924359	0.922807173473638	-0.92253423713918	2.84008186562873	-0.271846447226834	0.337774823495102	0.457619974207945	1	0.460549783549784	1
PF08299.14	1.41356262680848	1.96000724968212	0.873271255120719	-0.963819435481025	2.82404308842261	-0.277898143415619	0.329780153690359	0.446211842106496	1	0.424658008658009	1
PF03838.17	-1.31238893976177	-1.70492622421276	-0.886840620484358	0.809165958328498	3.97243327708792	0.156072754938417	0.407333336887512	0.645452108547525	1	0.576307359307359	0.997520752181166
PF07261.14	1.76437022456622	1.4283415375134	2.14202574655996	0.884547368751009	2.20082350234431	0.336425670999073	0.305796144368727	0.269693016141259	1	0.292619047619048	0.995578667875947
PF05025.16	1.2494573947458	1.75143891264502	0.916251669979916	-0.796195774978126	2.47172200933576	-0.257220251269294	0.352666672642312	0.548368295250157	1	0.488930735930736	1
PF01820.24	1.61764018295119	2.1317466905517	0.867875358762938	-1.30206303584525	1.99117617727422	-0.559500113468397	0.192000018382905	0.139944945152304	0.999208874462106	0.160813852813853	0.998890651015651
PF07478.16	1.75155855003354	2.21412851192311	0.930185595301602	-1.31029219964659	2.00439169801778	-0.561889959878104	0.20053299528734	0.140610137223638	1	0.159982683982684	0.999905844155844
PF02092.20	-1.91960413468143	-2.1498425394338	-1.64790593205808	0.448703825754162	4.11201633879476	0.0908227897305184	0.453697536704118	0.675514725755666	1	0.642549783549784	0.995437371201835
PF01165.23	5.02032619920435	4.93064483921545	5.10754968144668	0.131073550133966	0.880883375497985	0.132577747716471	0.42105263457369	0.636100008148406	1	0.564415584415584	1
PF07702.16	1.36677366380827	1.13022959378252	1.58644710454787	0.606796595711076	2.24319622168135	0.214223213311576	0.372418392789095	0.446918552461008	1	0.475930735930736	0.995015027616668
PF00908.20	-0.418726250862564	-0.319176024725228	-0.565595980257216	-0.183910481621976	3.86476356418556	-0.0429098448969417	0.473333334323805	0.714611195218304	1	0.780290043290043	0.999763929618768
PF13450.9	1.87497271483951	2.48921146226091	1.25003459108211	-1.02777094828414	2.42863970942421	-0.309861768638573	0.332445043623722	0.550648222700233	1	0.404190476190476	1
PF03275.16	1.23503647339597	1.91507389177191	0.857115553377579	-1.00216154236348	2.54175745377251	-0.295706752664412	0.335109933558651	0.569502424783938	1	0.451290043290043	1
PF01451.24	0.899979780248368	1.00432178571628	0.772932876244885	-0.296053139248787	2.1344900600484	-0.120388440242665	0.443333335459407	0.579144385093192	1	0.693350649350649	1
PF00312.25	2.88160496150069	2.84771312260276	2.90315528851979	0.290795885851256	2.21271043497911	0.0948456563690254	0.42438374703289	0.398713243611791	1	0.652900432900433	1
PF01649.21	1.96255486614022	1.85481302041771	2.08371958204194	0.227393237064544	2.04377880240606	0.0897018432731773	0.44533333538252	0.663910855703786	1	0.677502164502165	0.99947007514788
PF03602.18	-0.609622314257195	-0.543037100535197	-0.664328343320904	-0.239151655654642	3.95404134410153	-0.0502807913684032	0.471685544022008	0.744242835096118	1	0.770883116883117	0.999853620955316
PF14490.9	1.49088861241809	1.6601317911763	1.37656017776687	-0.646808749882182	3.03831623820534	-0.165867036973187	0.413057964675142	0.678867293190963	1	0.684493506493506	1
PF13604.9	1.88636541799283	2.3815507389345	1.46077071464815	-1.09024860737363	2.68152309506502	-0.308427570953505	0.337108601010849	0.52525834613424	1	0.431774891774892	1
PF18335.4	1.48430042055163	1.63930718271874	1.37503611228373	-0.525980938662408	2.91834438140929	-0.149882073888008	0.435333335769139	0.697710846603164	1	0.700069264069264	1
PF13538.9	2.00159952709722	2.25533458783496	1.85539157688575	-0.620101991907303	2.48405245362623	-0.199980817717819	0.409060629727881	0.747595416119434	1	0.650909090909091	1
PF17774.4	-0.34515766275258	0.0081563731825236	-0.830331076784238	-0.722153601142788	3.54552498471186	-0.174759765635029	0.404397072291237	0.566113821421523	1	0.617051948051948	1
PF04472.15	1.17258796938541	1.46760220855455	0.955114674146937	-0.512322666941058	2.36015526189938	-0.163994016214282	0.397068624895069	0.635315648855904	1	0.627805194805195	1
PF02491.23	-0.774256944335197	-0.399794020488316	-1.06928911691194	-0.8523352576001	4.27987789474713	-0.166758179891162	0.411333336723907	0.645868263178602	1	0.647437229437229	1
PF14450.9	2.22745705940515	2.02925338363654	2.47067627100319	0.489743275997517	1.62093942440838	0.245589698961359	0.371085947812638	0.567645647282049	1	0.481160173160173	0.995915985210961
PF01795.22	3.32778402142494	2.76276749072619	3.70279451237324	0.929451475396622	1.56546857291737	0.509586777348889	0.233177895211057	0.204715136250158	1	0.150406926406926	0.993044914836366
PF02381.21	3.72430060205756	3.46829052096386	4.07322355516379	0.676917826774586	0.991076513258727	0.629485146810577	0.218521001251004	0.158099005965291	1	0.145181818181818	0.969082134101919
PF04085.17	1.35803490142446	1.21113189633405	1.45210356771466	0.417157216368067	2.35553584490863	0.136017506377337	0.413333336642635	0.50190922711138	1	0.59008658008658	0.994297839203851
PF06723.16	3.14472692344649	3.36173524409215	3.01877695403955	-0.396047445869787	1.49178477617752	-0.224929166900659	0.405333336969865	0.695986285951129	1	0.65512987012987	1
PF06160.15	-0.368021613600365	-1.00037439804256	0.289554137017195	1.10264567290635	3.87544930350597	0.247257205239979	0.360426388010507	0.544389890495461	1	0.453969696969697	0.997195333374759
PF01809.21	-1.27600356604884	-0.601065450769189	-2.10278817189899	-1.39474865106404	3.72242263151308	-0.326663742619712	0.323333340809957	0.438995071349498	1	0.457445887445887	1
PF02823.19	1.67178240691678	1.72524052983776	1.62713951064698	-0.0462365166859176	1.81616208966095	-0.021060744634412	0.48500999389272	0.739636302970024	1	0.793489177489178	1
PF00401.23	1.52274312575029	1.64798427758451	1.42946297009405	-0.107477493740769	1.84663223281265	-0.044275932836033	0.471333334398563	0.769051252371084	1	0.784896103896104	1
PF00231.22	4.35800337795515	4.22203836699354	4.42425453619726	0.139411177883738	1.2803172683371	0.0808458606813337	0.452666668435606	0.633273118954164	1	0.685134199134199	1
PF00430.21	3.22156943428706	3.54141930492992	3.0309760062733	-0.451739063582965	1.18011857391903	-0.205193037686479	0.336442378526689	0.812693632003818	1	0.483640692640693	1
PF00137.24	3.80371685548516	3.6271430693239	3.99652632166609	0.354597578644374	1.22664757340652	0.255647981438615	0.381745507631124	0.523731892369578	1	0.487735930735931	1
PF13630.9	1.56722023544189	1.6612329347953	1.4977336067606	-0.21466397893237	2.41316425650573	-0.0660093713484186	0.455696204183309	0.731657726999067	1	0.75674025974026	1
PF07963.15	-1.92325041822393	-2.17693132945536	-1.63380702053569	0.594343376236412	4.32086889164943	0.122017456262666	0.439040641862385	0.659310024472556	1	0.635103896103896	0.995448206954706
PF02878.19	5.12054057971764	5.07856727601762	5.15320561927921	0.0298777400841876	0.931029678759712	0.0338483104889012	0.488000000444701	0.830124022970192	1	0.798675324675325	1
PF02879.19	5.11013894806175	5.0496665445597	5.15691516726072	0.03432716007097	0.909574386737812	0.032548979152791	0.4840000005932	0.830454925872006	1	0.792580086580087	1
PF02880.19	5.10946800378291	5.04747308013206	5.1613516791451	0.0403345625463212	0.913713762106408	0.0383327948666206	0.4840000005932	0.823309592066477	1	0.783419913419913	1
PF00408.23	4.76482539523901	4.75553564677258	4.77697135660171	0.0452696056082589	0.815995849219089	0.0501534062955578	0.475682878982846	0.75032543835052	1	0.726822510822511	1
PF19293.2	1.8660602420516	1.9492820475143	1.81736905623929	-0.124570966257642	1.85509828474609	-0.0544007671784595	0.476349101476354	0.739407462865952	1	0.787545454545455	0.999952922077922
PF02457.19	1.90204726703289	1.95883355916257	1.83119274908484	-0.13020322304664	1.92523804416676	-0.0623897142214283	0.466355764074866	0.731966013405136	1	0.779316017316017	1
PF12974.10	-0.935879829058551	-1.70348930233553	-0.169305915257691	1.38138278297122	3.82425545722413	0.304140111456646	0.342438380887421	0.465528589973677	1	0.401030303030303	0.992742693963977
PF01515.22	3.72441908794584	4.1755124552817	3.55149534484598	-0.604240131652106	0.918110801628687	-0.54806247064699	0.281333343347389	0.336393386505319	1	0.315004329004329	0.999201798201798
PF00121.21	5.1756509585521	5.17505488898194	5.17645267417509	-0.0322942738129885	1.13794037523138	-0.020485633007023	0.488666667086636	0.682441903755439	1	0.877528138528139	1
PF00044.27	8.25897332441951	8.39321142772261	8.05684907190047	-0.300447994058965	0.685179349604955	-0.244358185768615	0.295136584722382	0.92973117974805	1	0.299909090909091	1
PF02800.23	8.26914176876919	8.40697126785428	8.06137449318263	-0.285812337613613	0.690160575762323	-0.247509226623948	0.292666675940256	0.927612842071434	1	0.291103896103896	1
PF04198.16	-1.83548227571507	-2.14085027076299	-1.54882444542856	0.577884760008746	4.15677867867955	0.116177647689452	0.435333335769139	0.651918258678223	1	0.606575757575758	0.996872660068812
PF00574.26	2.41668398616099	2.55133762093587	2.284213254561	-0.209708813081335	1.28212271369486	-0.134163398712771	0.436000002409853	0.708809424205188	1	0.683233766233766	1
PF10298.12	2.28460302109646	2.61122060847275	2.04901694372458	-0.418077643098896	1.99819340665528	-0.164483107448255	0.413057964675142	0.765775573111513	1	0.646445887445887	1
PF14527.9	2.3080298369181	2.63962017706678	2.09842236640174	-0.404265768196321	1.95107942011779	-0.151634669045385	0.406395739763836	0.784072875191578	1	0.645225108225108	1
PF02650.17	2.32759403627577	2.63634836164489	2.11340661420099	-0.365137661988465	1.99615841902642	-0.145384832714272	0.425716192016797	0.790014830855967	1	0.653796536796537	1
PF01933.21	-1.59088055930347	-1.25935284961593	-1.91230099967552	-0.748437883363194	4.11391687349686	-0.152588822845549	0.416000003201469	0.622772743193181	1	0.64574025974026	0.999301948051948
PF03668.18	1.05705124212814	1.62988680543315	0.423866663746369	-1.07837057134483	2.38702105406533	-0.37545254625015	0.283810802639802	0.413474133206724	1	0.330134199134199	0.999952922077922
PF03729.16	-0.232674544244341	0.817694301618575	-1.38639800799515	-1.84855731526281	4.10008983251033	-0.400551635301089	0.298000008940754	0.391465469695582	1	0.358030303030303	1
PF02482.22	4.52611371057282	4.5784639084823	4.47807707609678	-0.00812063117825179	0.845260324295976	-0.00810181231517194	0.496335776284772	0.79782906472504	1	0.828489177489177	1
PF16321.8	4.4304381138077	4.37437694439252	4.46841454705977	0.264843485329036	1.12117621393076	0.213925143732618	0.403064627309717	0.420113230101965	1	0.562116883116883	0.999952922077922
PF05389.15	2.46304825261379	2.93150253022078	2.01473560529141	-0.554183442760008	2.34793229587613	-0.196537043871001	0.372418392789095	0.730268374500883	1	0.569770562770563	1
PF00381.22	4.00973595747898	4.22020802855163	3.85391475714966	-0.441796666088922	1.83104207456525	-0.165240008579724	0.400399737347201	0.865637485311948	1	0.65221645021645	1
PF08860.13	-1.88045495064482	-1.72933716526133	-2.04158813268662	-0.45119314599672	4.39721717829029	-0.0847839736521415	0.459333334849536	0.697555998226846	1	0.712844155844156	0.999192432580803
PF01638.20	1.74550871987398	1.67616409181745	1.7992320358499	0.23481189244348	1.74071254404694	0.105942100670253	0.429713526969265	0.547766083904559	1	0.628619047619048	0.998359598142306
PF00453.21	2.45777134359748	2.33135590182771	2.54898341706072	0.280555029684522	1.84901106540134	0.11417547391659	0.42066666968082	0.557631273115733	1	0.604666666666667	0.999487940630798
PF01632.22	2.31551746383793	2.66835381222295	2.02233098735936	-0.51977981835113	1.38814104325319	-0.280737019744013	0.333777488590993	0.707695229889226	1	0.436359307359307	1
PF05198.19	2.14519040289601	1.80957048947383	2.52915601459234	0.514044768859346	1.84000901030555	0.267435387993048	0.389073955014824	0.565859475554932	1	0.520151515151515	0.999842050707382
PF00707.25	2.10418205516179	1.79976830870614	2.55679350941015	0.525894113841892	1.81312023271792	0.263523708330019	0.38333333790312	0.546134205601672	1	0.496727272727273	0.999952922077922
PF01230.26	1.06849051806087	1.50355261884038	0.537909588504635	-0.99564066214147	2.0905658708403	-0.427056452813332	0.285143247588287	0.296471111585392	1	0.356363636363636	1
PF12732.10	-1.89432687171768	-1.64261682558137	-2.13183408530938	-0.441116794113886	4.14510102986508	-0.0916721889306514	0.453333335076917	0.682604479676953	1	0.70212987012987	0.998840947914071
PF13616.9	0.402791266703799	0.141385187252022	0.60338383122283	0.25615318963236	3.67300434492268	0.0560265467890927	0.460666668132528	0.687266892490275	1	0.696593073593074	1
PF13514.9	-0.996227503151411	-1.67590665421834	-0.342114333937832	1.2173118214494	4.11192544827763	0.250641588201007	0.359333338991004	0.506960062388308	1	0.46230303030303	0.993088569451071
PF06133.14	-1.82001447510987	-1.50432031975273	-2.08900779300303	-0.470389167865869	4.21599435709568	-0.0975207947353699	0.450666668511789	0.678752669186644	0.998160305908006	0.697450216450216	0.99925487012987
PF00294.27	4.46692631830254	4.22233091949561	4.60374332596106	0.296867020534314	0.971160777153378	0.281185190549808	0.369753502836437	0.505433743381585	1	0.460398268398268	1
PF00781.27	0.993630364328313	0.554771066463701	1.23652092161342	0.763025228662833	2.70830930378161	0.233188802362381	0.362000005532558	0.375442215458866	1	0.435060606060606	0.997810536187744
PF19279.2	0.629160660889471	0.27377030952665	0.843202232184905	0.696001818753197	2.5721186784887	0.215298651791834	0.37508328274276	0.435879288342677	1	0.498718614718615	0.999203314023938
PF07537.14	-1.63272169973703	-1.71777505780179	-1.55831498601428	0.0810599573038582	4.19774252880783	0.0158544369684697	0.490000000370519	0.744282553722198	1	0.711935064935065	0.997686138875443
PF01653.21	1.94156748123497	1.498507515819	2.19315169167219	0.717445736206423	1.74168550609804	0.332765862133742	0.322451706382074	0.273072239138258	1	0.326541125541126	0.992464950689104
PF03120.19	1.92563459078378	1.57895210732216	2.15526832424842	0.578005304962467	1.79047627037955	0.276389970187806	0.344666673034318	0.335437180054295	1	0.38691341991342	0.994018353788929
PF03119.19	1.09479875101265	0.317532165810316	1.71515977849447	1.30464347802664	2.07276999907866	0.556982852710174	0.231179227843191	0.208786668116141	0.998788913545465	0.173779220779221	0.966771225549135
PF12826.10	2.21468224178761	1.85323696460225	2.41425305369904	0.62809345721527	1.56820120297605	0.362444927114384	0.32644904127593	0.32902164845788	1	0.37587012987013	0.997461519259002
PF00533.29	1.93250656557691	1.56527037919303	2.15366008143141	0.646391419787017	1.82289047877449	0.281144757795049	0.341105935917739	0.317773686281388	1	0.395445887445887	0.997079098326823
PF03176.18	-0.632415836800416	-1.64706348577545	0.390218544393175	1.43552331026702	4.48854607556789	0.280162837058841	0.364666672075246	0.496976656693653	1	0.457831168831169	0.998174629377851
PF13416.9	7.70699400289661	7.89418768747438	7.11675461220564	-0.84038593011884	1.10256566948054	-0.5407671276495	0.245836121937002	0.492915457930902	1	0.198103896103896	1
PF13245.9	0.760760688727346	0.755856649460471	0.775474283400158	0.184388228114218	2.87175007211878	0.0480824556412607	0.472000001040299	0.757958194183949	1	0.708264069264069	0.999644565960355
PF04131.17	1.8527387979172	1.81655691191242	1.88135625191166	-0.0499256956422682	2.06482156296024	-0.0168922718471554	0.490000000370519	0.769012263801156	1	0.822614718614719	1
PF03372.26	1.34596285154484	1.35200417225876	1.3414323446889	-0.0770479381107236	1.78101345024111	-0.0399085545008331	0.48301132641191	0.784600449063981	1	0.799337662337662	0.999988429752066
PF00950.20	-1.10960838610282	-1.77052390525847	-0.539717375920837	1.1057539280188	3.70671523912979	0.250605367312164	0.36175883298481	0.510282236639254	1	0.460792207792208	0.987462285819558
PF04138.17	-0.281932200174792	-0.546597927338118	-0.0696407467097444	0.421992115720279	3.70520001737105	0.0894842046060399	0.444666668741459	0.676679981248285	1	0.651047619047619	0.99915472027972
PF02527.18	-0.858825791480253	-0.61915919167354	-1.08348017265198	-0.416718691566665	3.80141690980184	-0.0946370745906265	0.450000001870557	0.669410500438608	1	0.697155844155844	1
PF02674.19	-0.803966440825008	-0.297773926925779	-1.31754308706558	-0.756219579501165	4.25542011513341	-0.141115938726465	0.42105263457369	0.63231981855908	1	0.653645021645022	0.999885579937304
PF03358.18	1.72775361816548	1.45046786815762	1.9906866486978	0.615110310758135	1.64246865184211	0.299805933097037	0.331778821140233	0.364314985974909	1	0.390225108225108	0.996581950528232
PF03123.18	0.257073835942196	0.321068679113494	0.215807094660554	-0.160336853456966	3.62089071822581	-0.0336380830291405	0.478347768956934	0.790114477708308	1	0.817255411255411	1
PF00874.23	2.7545472327375	2.93867484664742	2.62675260192245	0.128849608998095	2.48965640604319	0.0424143270104261	0.474666667607353	0.458311753550588	1	0.787632034632035	1
PF08244.15	2.26754619552156	1.92226037288019	2.52744434593348	0.622698266505195	1.89412626188635	0.315953445738386	0.355096608116218	0.4387575566827	1	0.43178354978355	0.999538308581371
PF07685.17	1.13070981291342	1.57483716687031	0.486759269890734	-1.08138557642109	2.49878430348205	-0.373002457507836	0.296469029676195	0.314480542631548	1	0.375445887445887	1
PF06115.14	-1.33049138809655	-1.68154880983933	-0.90257618382624	0.727071237651479	4.08520918824871	0.159690237189652	0.414666669921978	0.626857671856175	1	0.582264069264069	0.996048339156925
PF04914.15	-1.89674142138915	-1.70539725515486	-2.13387716144262	-0.315850482853832	4.20485974562615	-0.0691480352317853	0.467333334548396	0.679054292417299	1	0.704246753246753	0.999918660287081
PF03062.22	1.65535661473139	2.0495274382524	1.29014814800206	-0.719927821648152	2.10344118040043	-0.299731663874178	0.332000007014083	0.412727461823687	1	0.466935064935065	1
PF01470.20	-0.158393346756829	-0.212469246479055	-0.0383395067970111	0.232061376715533	3.17672118448682	0.0575534808945531	0.468354431554951	0.782331075001973	1	0.696917748917749	0.999602397602398
PF01040.21	-1.6859672698243	-2.29557130544992	-1.06740008200249	1.0083819782104	4.03621495346075	0.228220061924474	0.384666671178323	0.54783626599565	1	0.498670995670996	0.996870676328587
PF03051.18	2.0811097792128	3.22600171396432	1.1809577153219	-1.91163305297346	2.33736255358786	-0.723453954087261	0.174000021002175	0.0958202705414526	1	0.0986926406926407	1
PF00860.23	2.29041454452418	2.00610978792079	2.46554068682609	0.668630007955245	2.15015391203102	0.250612706268212	0.34533333966786	0.274642028734903	1	0.386619047619048	0.998038831754183
PF01276.23	0.581530923955889	1.01645389353685	0.262019984128439	-0.875570811017195	2.6705599851391	-0.280559312673595	0.366666671982987	0.529690318008189	1	0.533320346320346	1
PF03711.18	0.631316176412517	1.11488898962839	0.281643561267455	-0.908881328164309	2.6665399832406	-0.275706485903284	0.352666672642312	0.502258029303053	1	0.506896103896104	1
PF00011.24	-0.762812823083287	-1.6361082142116	0.0426098695770269	1.37871339153111	4.1663544433356	0.283833029181962	0.350433050712716	0.484102002793287	1	0.43378354978355	0.997751456730725
PF02096.23	2.23728184994302	1.81990356901278	2.64008365405461	1.04003160707483	1.91903350007065	0.454912194234603	0.270000010804815	0.213792247489237	1	0.20808658008658	0.992947761590667
PF00825.21	0.237828999570483	0.675166140737882	-0.0741767652790379	-0.578744751615669	3.67689591568886	-0.132001706619945	0.428000002723133	0.67781070651462	1	0.677748917748918	1
PF00468.20	1.00824704255609	1.49086810260679	0.283648917198231	-1.13497595973218	2.44406661616207	-0.379448360439861	0.273151243077072	0.351428620228423	1	0.314891774891775	0.999905844155844
PF02255.19	1.04201911911622	0.485235365873787	1.77681165566876	1.67747394178995	3.46048406798809	0.44543265787725	0.286475692537435	0.302803228758998	1	0.239844155844156	0.997622622849053
PF00383.26	1.81880849651476	2.010392173284	1.56816327976614	-0.434405581331639	2.36391391927344	-0.138773762084939	0.408394407236809	0.631584924908039	1	0.648510822510822	1
PF00398.23	1.15544835551463	0.851298598012707	1.54098995370839	0.590243944420593	2.24759777559096	0.198832914038921	0.384410397588074	0.645898897869736	1	0.497337662337662	0.998696331497063
PF06257.14	-0.477519531885481	-0.262563649093699	-0.735021984589532	-0.364177914547175	3.68411389309072	-0.0738510709218615	0.451333335153042	0.666707675595803	1	0.716038961038961	0.999524231865695
PF12804.10	1.92791227430805	2.15036510526283	1.72620346825923	-0.241346610252411	2.56819457187071	-0.0810759111162333	0.459027316648982	0.817391213016678	1	0.810212121212121	1
PF03636.18	1.35695681591686	0.907130607934701	1.61403656387192	0.55935937329319	2.98228043449801	0.153546546055303	0.411059297201336	0.621939193231631	1	0.581774891774892	1
PF03632.18	1.32815121750198	0.892399910898196	1.62092105034975	0.574705515659171	2.9929024494996	0.161094561969129	0.417333336481106	0.63999691702931	1	0.589316017316017	0.999988429752066
PF03633.18	1.34288802910291	0.898869087118803	1.64140173469535	0.593222756163976	2.95978796362074	0.163017887683274	0.413333336642635	0.625386079608851	1	0.585354978354978	0.999735930735931
PF13419.9	5.71144560451034	6.04648934422875	5.2512648905024	-1.11906024393495	1.75668261041986	-0.445113799650425	0.259826793693177	0.522441738601634	1	0.196471861471861	1
PF19276.2	-1.87698100012331	-1.66951794222619	-2.12458162585107	-0.461069870009216	4.14848644185521	-0.0968492579302029	0.449700201746251	0.665820428970324	1	0.695177489177489	0.999558902404072
PF05066.16	-1.62306374044196	-2.22353705013952	-1.0418416695596	1.04619476969923	4.00729233652646	0.249975200333758	0.37466667161987	0.551651156563698	1	0.505073593073593	0.992174983261234
PF00275.23	2.82935272857552	3.10964842378757	2.57900093035869	-0.472568594805461	1.32941062888776	-0.319952936858556	0.337774823495102	0.510415823819534	1	0.466	1
PF03547.21	0.189208643533735	0.0765645681607952	0.300915217138212	-0.0112046699561175	4.78134686905122	-0.00171259616083873	0.499333333358025	0.801308761486184	1	0.829337662337662	1
PF01197.21	2.93415401255833	2.6048357242848	3.18526675303937	0.643749768278702	1.33477883139429	0.364655490105071	0.281333343347389	0.246976491134779	1	0.249329004329004	0.990620876796274
PF01648.23	-0.379795285737162	-0.858212110829337	0.132879983264796	0.987560572527093	3.23510043575714	0.260720650048886	0.356000005815711	0.546774777443319	1	0.458445887445887	0.995513913406376
PF01168.23	1.54537604268797	1.38211080330805	1.74433875940816	0.412148107568105	2.22412429837625	0.125651749478891	0.415333336561705	0.694973130161108	1	0.581922077922078	0.999203976975406
PF00842.24	0.851109372616659	0.82012770861267	0.877542356000578	0.175117582677482	2.71998349136788	0.0423641018314045	0.47035309903515	0.702844142266189	1	0.700038961038961	0.999601973927401
PF04977.18	0.179323091739754	0.42539552620849	-0.200749221468733	-0.525587817915927	3.29093122899473	-0.139664084469635	0.418666669760886	0.586100446101525	1	0.644813852813853	1
PF01430.22	-0.0743689837429597	-0.245475411882417	0.230466282221233	0.543457308311901	3.7177017140151	0.120732765242533	0.427333336082764	0.724426900901347	1	0.642372294372294	0.999973479152427
PF01207.20	0.916132009057811	1.26222505089836	0.462940640937731	-0.639565383966208	2.85386501845516	-0.189898495184968	0.380666671353383	0.546341172897488	1	0.562909090909091	1
PF00164.28	4.41578458169237	4.36061365309274	4.46009013480882	0.198642960834841	1.18770910451839	0.128317743670871	0.424000002881386	0.46612303678917	1	0.615926406926407	1
PF00177.24	4.86625529975371	4.61982342087896	5.03665990344728	0.382167645463396	1.20928401574577	0.263779427486614	0.380413062652985	0.364997009352604	1	0.488090909090909	1
PF00338.25	3.14405898697894	3.32102294322572	3.02719959940381	-0.166480222910784	1.66386372896347	-0.0661129756102819	0.452365091718084	0.745346236151518	1	0.774012987012987	1
PF00297.25	4.52037955751973	4.49762600911654	4.55363567462169	0.0906879744531475	1.21094112694285	0.0530425107386874	0.462358429115068	0.625596445629997	1	0.738324675324675	1
PF00276.23	2.98171895871284	3.06926273680774	2.85620949790485	-0.184375861642825	1.61680402188555	-0.101887407406403	0.445036644296342	0.683162555173698	1	0.746489177489178	1
PF00181.26	4.49336678564153	4.38805217117447	4.56184626055488	0.0501772536385792	1.43306838976715	0.0332001316428934	0.488000000444701	0.736116266458676	1	0.834861471861472	1
PF03947.21	4.483794335109	4.40832069507796	4.53488706861413	0.058935451061684	1.39114155854121	0.0351977110576682	0.48301132641191	0.742676964201833	1	0.833186147186147	1
PF00252.21	4.2861313033289	4.42449348209026	4.2590852906962	-0.125999256765137	1.5857827588207	-0.0378742717986031	0.465333334623486	0.633144395177187	1	0.856333333333333	1
PF00831.26	3.63514136681402	3.62843781448937	3.63850591926872	0.0724848811750363	1.39994476794557	0.0307589860367987	0.475016656489348	0.519196715557224	1	0.783142857142857	1
PF00366.23	3.67549936813157	4.15607291863371	3.33630507446647	-0.70636970286749	2.33758587634713	-0.234029841558256	0.338000006703729	0.688588871672145	1	0.419865800865801	1
PF00238.22	4.83597976391596	5.04585575143994	4.38267514211445	-0.485670411853194	1.47359127661707	-0.320829347713462	0.308461034285725	0.52711736582819	1	0.367545454545455	1
PF17136.7	3.56628440496755	4.08649131206574	3.25327386620179	-0.643336627364731	1.66952007139742	-0.341544174954407	0.350000006105005	0.643858352235207	1	0.460012987012987	1
PF00281.22	4.76339885266505	5.35726835253331	4.38227473754716	-0.791444488174213	1.08016992780063	-0.541016591161057	0.231845450298827	0.452397394160523	1	0.171372294372294	1
PF00673.24	4.78825919393324	5.37125513742594	4.38593940442714	-0.795520593209742	1.10046975537866	-0.549338232156166	0.243333346240751	0.448905890267101	1	0.17317316017316	1
PF00410.22	3.76607525928787	4.13033080268485	3.58667381360169	-0.45299331136744	2.91350602450009	-0.118234099865726	0.372000005073218	0.814890376517765	1	0.523922077922078	1
PF00333.23	4.33768942279471	4.4962763005376	4.08813573211641	-0.329939811298982	1.07064228342261	-0.289827626565977	0.368000005255151	0.49410263635862	1	0.532649350649351	1
PF03719.18	4.36042152728714	4.49673966617203	4.09262588541175	-0.304359735927063	1.0353125670612	-0.259928249031378	0.375333338256687	0.514649413187892	1	0.537766233766234	1
PF00327.23	2.49840456197845	2.55059219296992	2.44854713124408	0.170519547543148	1.90017143857751	0.0621160467870829	0.459693539142167	0.586986932432701	1	0.722865800865801	1
PF05532.15	0.00377637698724964	-0.461140956274367	0.473187303162296	0.717877340559963	3.67577988195358	0.165480649387494	0.40933333680553	0.605139376072692	1	0.557450216450217	0.999632293080054
PF00344.23	4.50175111576815	4.79966819131233	4.30060883549218	-0.377658002081327	1.28803865921547	-0.25226897759406	0.347333339568994	0.719024897815579	1	0.446376623376623	1
PF00444.21	0.0575795322842652	-0.892100864352252	0.816867135304837	1.59583224670742	3.16060399474151	0.439212781525126	0.257333345090326	0.285376889356536	1	0.224787878787879	0.977019787685705
PF00416.25	3.99335890844187	3.64649948440657	4.26537465873882	0.599755091467465	1.27591099548972	0.444568855898046	0.313333341366566	0.31546055238631	1	0.314090909090909	0.999952922077922
PF00572.21	3.41784654949217	3.34102368021211	3.51763823872149	0.225894627845484	1.23168297999776	0.159584961784163	0.414666669921978	0.609639392206312	1	0.609757575757576	0.997735930735931
PF00380.22	2.67072949683852	2.81659035872538	2.57068491606299	-0.0271226712971027	1.886645623187	-0.010782490531197	0.493670886310086	0.608749490111988	1	0.844017316017316	1
PF01965.27	1.34016110010488	1.8243010244418	0.791835651323701	-1.0806657854612	1.98751582569401	-0.482435272627615	0.264000011246215	0.258588565990303	1	0.28034632034632	0.999562337662338
PF13671.9	-0.39526104083485	-0.277229421737492	-0.579507394524538	-0.261599040091344	3.62149588602124	-0.0565098571005578	0.472666667682047	0.672111453790412	1	0.742415584415584	1
PF00749.24	3.72472526430234	4.09631747931171	3.44177372361687	-0.76452173136183	1.07540019731307	-0.627874445625556	0.230000014116313	0.200996177724429	1	0.194142857142857	1
PF19269.2	2.44775355285778	2.88231159981338	2.08600353070546	-0.896617322899922	1.38889086409166	-0.567924122672596	0.234000013740834	0.191546440083958	0.998945141617269	0.231034632034632	0.999811688311688
PF03946.17	4.07007657568564	3.97960042454474	4.10758754047917	0.0780331998461357	1.10560476297495	0.0516775931089025	0.471019321528573	0.601831060451971	1	0.758168831168831	1
PF00298.22	4.06516801175334	3.97862898526029	4.10397775749602	0.0922667438431919	1.16400562992035	0.0573386332153473	0.470000001115125	0.612632893213742	1	0.776632034632035	1
PF00466.23	3.89057768776221	3.9906680748825	3.76245356474095	-0.24341007375005	1.45091747434574	-0.139028488134334	0.407333336887512	0.707480130800936	1	0.643792207792208	1
PF16320.8	4.7622038262732	4.78334964714407	4.73769859146112	-0.0915114705672826	0.9171716478391	-0.0887605695862947	0.456666668283751	0.679976399812399	1	0.802991341991342	1
PF00542.22	4.77674129538085	4.79909278576026	4.74491260605492	-0.0445801126594114	0.928727739950991	-0.0402914648795682	0.474350433995858	0.694191817709941	1	0.814056277056277	1
PF02575.19	-0.370575751275746	0.362087801043267	-0.989067682257338	-1.13622231263895	3.76833982372929	-0.257780923142975	0.35666667245062	0.538188216195628	1	0.506121212121212	0.999952922077922
PF02132.18	0.636016906934156	1.31879284536065	0.0223844578591805	-1.35352317481766	2.81794178299867	-0.405062016975262	0.267821463313649	0.326402654219211	1	0.311151515151515	0.99915472027972
PF13662.9	0.768080193439073	1.35679456011159	0.27616807129345	-1.1349052857387	2.42192440151402	-0.375591094525954	0.298666675566474	0.415222594661328	1	0.371987012987013	1
PF06153.14	-1.35716734118122	-2.13873693082164	-0.601206918511687	1.53470068408459	3.93883964510753	0.317367317501153	0.333777488590993	0.458392427463387	0.998989342091212	0.392545454545455	0.982894938339055
PF00814.28	1.76259937813223	2.06064224143455	1.35846864075183	-0.66191431725704	1.98726888066179	-0.269844461280162	0.346666672935199	0.385392804047681	1	0.480844155844156	1
PF00709.24	1.74296005291939	1.34572776567139	2.12412721004642	0.779313128074376	1.68967097952446	0.407438484373025	0.31845437149215	0.394553250070402	1	0.350428571428571	0.993739922729079
PF00166.24	2.42098753672521	2.20083997983577	2.63450386877346	0.372240710619304	1.51427783394879	0.218346936067268	0.395333337387533	0.623744188870883	1	0.528411255411255	0.999775649350649
PF05496.15	1.74352502427323	1.64161371890852	1.85474257561765	0.168746403942723	1.32569966346754	0.115560492681874	0.451333335153042	0.665277329969649	1	0.633562770562771	0.996720428303536
PF17864.4	0.333543210778016	0.490398325012309	0.124081200523666	-0.40573720532733	2.60897685424164	-0.111450642679973	0.427714859492894	0.621528789682225	1	0.672238095238095	1
PF05491.16	0.359912916067405	0.492919720193406	0.212732092327197	-0.317336547080826	2.67569013854686	-0.0967740316497847	0.435043306907536	0.651303480433787	1	0.695493506493506	1
PF06135.15	0.76009194196326	-0.0497631377755825	1.39364016504395	1.31178960258026	2.50875684038335	0.409883232102057	0.260493016160361	0.368885047546246	1	0.235116883116883	0.989959114635458
PF06949.14	1.56018167249848	1.63605040729653	1.44296354178268	-0.131528526906399	2.75776305703942	-0.0359993973657816	0.471019321528573	0.713441611071427	1	0.795190476190476	0.999785528756957
PF20297.1	2.08693509895464	2.4681376111248	1.5892469538652	-0.818549682403291	1.96367906882863	-0.358090809363805	0.299800142063257	0.334683226025967	1	0.369307359307359	1
PF01177.25	0.392420621156974	0.851328999239102	-0.328787350428573	-1.24009049377217	2.78161236360958	-0.377452886171771	0.314000007995311	0.307400308609222	1	0.389688311688312	1
PF01725.19	0.705438039564311	1.34628421451343	0.304091041467942	-0.971346843097071	2.69365964594408	-0.280630984975028	0.342438380887421	0.567696441370652	1	0.462177489177489	1
PF06103.14	-1.38244464525755	-1.14581058887774	-1.58409054084234	-0.486253867831607	3.9048344263917	-0.10308616677458	0.44037308684754	0.675445953685739	1	0.687515151515152	0.999822727272727
PF03009.20	2.50750260009453	2.67076739450585	2.26277244760513	-0.175931157273378	2.77124743025331	-0.0505495538654077	0.462666668057134	0.773267646035053	1	0.783380952380952	1
PF00438.23	2.39899366466643	2.65529937116662	2.07779898252357	-0.380692280763838	1.52146226399944	-0.17960279473362	0.389073955014824	0.770156018233531	1	0.581437229437229	1
PF02772.19	2.39257412042977	2.65351442499616	2.05776357574926	-0.410282316549478	1.51027275124347	-0.201805587105996	0.386409065056362	0.773079007157166	1	0.574225108225108	1
PF02773.19	2.38174257639128	2.67197728846413	2.04338056620234	-0.436753607957235	1.62849787910755	-0.187017948728499	0.387333337729382	0.749902192003983	1	0.577562770562771	0.999838044308633
PF03352.16	-0.150596688711189	0.901748681943185	-1.42013172054839	-2.30006678336396	3.34084243322632	-0.604801389859175	0.214523666565433	0.190788084399412	0.999510380869245	0.178848484848485	0.999688852813853
PF01569.24	0.440331359128786	-0.201894228978031	0.918177034709811	1.09341413678912	2.94786382526808	0.319135684053427	0.32111926141832	0.406115412320239	1	0.355593073593074	0.994835288208841
PF01895.22	3.3622298039715	3.89708280299995	2.965337871899	-0.854125675110116	1.18380712275286	-0.604862494935898	0.227181893116267	0.316530719078936	1	0.180809523809524	0.999952922077922
PF00210.27	-0.382826009058413	-0.495575083822989	-0.311390734919434	0.0415243764074535	3.3433484930332	0.0121760092420226	0.494000000222254	0.710071007503375	1	0.713489177489178	0.999003120449345
PF09364.13	0.793611000819136	0.0388365771008035	1.54020299133062	1.40739013243514	3.32510959777462	0.365780579381787	0.301798809497187	0.373888165860325	1	0.281545454545455	0.99721488408104
PF03894.18	0.801289231876767	0.0776227944153431	1.58229258591751	1.46969741876682	3.34687512741309	0.382456381150078	0.296666675689746	0.372842932778235	1	0.294095238095238	0.994309970498294
PF09363.13	0.824632099378648	0.0189172517600378	1.5681549368396	1.48527599724299	3.32958082485833	0.385263984362208	0.284477025113961	0.36671205368981	1	0.276558441558442	0.996745447399569
PF00258.28	2.94725917721849	2.53973690142207	3.33741211423788	0.785759576694099	1.54323728432501	0.406499053638587	0.257161903826699	0.307228739351186	1	0.201735930735931	0.99853344077964
PF01250.20	3.87158002222391	4.379739089962	3.60480004089928	-0.686694335807737	1.05003184878089	-0.495423544428671	0.276482355435458	0.453500645494405	1	0.277935064935065	1
PF10035.12	1.82165644611387	1.56216534673166	2.14521601785834	0.543520741292211	1.8698104572631	0.236414762057662	0.360666672261638	0.539895932995882	1	0.456852813852814	0.999097958658331
PF00829.24	2.9022933391685	3.22244170556735	2.54129438525936	-0.231949239978346	2.67120530522545	-0.0707178247794407	0.451698869225096	0.69136551017299	1	0.818619047619048	1
PF01016.22	4.12911002670194	4.33899401413111	4.00245265912224	-0.366147162754382	1.10057110093866	-0.279529628146727	0.361333338897062	0.646252369846131	1	0.508558441558442	1
PF02463.22	3.70442205334643	3.96313714365598	3.52746273490431	-0.427025699897357	0.879059400513599	-0.448888896188228	0.298467697108004	0.358372966140959	1	0.381489177489177	1
PF01192.25	0.827506791157579	0.195042319328709	1.23198812731789	0.798850405152574	2.9553263739816	0.22301196163799	0.37866667144168	0.521109799325399	1	0.475709956709957	0.999805892806253
PF00830.22	2.41243483603396	2.10617897064099	2.65072845007853	0.625975129892239	1.43906309674708	0.349982977679488	0.30000000881834	0.294021092689538	1	0.315774891774892	0.989525985213868
PF13684.9	3.47276497563719	3.77420385228809	3.35240231378829	-0.263244722983671	1.35044593690516	-0.108842897383453	0.417721522115336	0.681012090630789	1	0.699090909090909	1
PF06470.16	2.49211995776688	2.70172701268076	2.30974001950376	-0.471850039841851	1.6128726286591	-0.264898497969499	0.362666672168125	0.442640222556474	1	0.527251082251082	1
PF04297.17	-1.36504304412053	-1.44713522697345	-1.29593976442704	0.218185110193783	4.02798400799167	0.0459327271286015	0.474000000965574	0.745640465106886	1	0.716800865800866	0.998515841646276
PF00886.22	3.71071360459544	3.73980324895642	3.68448161243872	-0.204193117015534	1.1744050858906	-0.16271752088923	0.42266666960106	0.504785808013436	1	0.690952380952381	1
PF10502.12	2.31309955720011	1.91459064848634	2.73206020947771	0.859446232882465	1.47771300805046	0.514194518907393	0.267155240844119	0.253977841747621	1	0.230753246753247	0.981500321139706
PF01726.19	0.995237961909075	1.61245598350186	0.580876756764641	-0.791912637712196	3.55633903202978	-0.176150342173572	0.385333337816007	0.61755649538872	1	0.564285714285714	1
PF00717.26	1.42380863781406	2.11934819072652	0.621000099127614	-1.19166846164616	3.10921635864516	-0.338721091755398	0.295136584722382	0.42760661169107	1	0.367134199134199	1
PF03672.16	-1.91546640672702	-2.26086329044506	-1.58917419891961	0.479256657888194	4.18932066780222	0.103512181696237	0.437041974384842	0.659799866606362	1	0.61782683982684	0.99835522283696
PF13641.9	-1.35839200272989	-0.541382967887196	-2.0825682102366	-1.47612243549614	3.83426527246398	-0.340118311528495	0.32644904127593	0.438276561338744	0.998571770441954	0.445896103896104	0.999735930735931
PF01255.22	0.599355067391882	1.18796848445181	-0.0148107640217843	-1.14206162664524	2.83366455682546	-0.339351679714179	0.320453038936609	0.429097992492715	1	0.417878787878788	0.999952922077922
PF01148.23	-0.834095332268953	-0.369049831609834	-1.49265515028361	-0.981211627265774	3.81494441952125	-0.216059760188946	0.379333338078856	0.548002193479841	1	0.561744588744589	1
PF02576.20	-0.277916539262364	0.19833966368505	-0.841568476755009	-1.40988934638061	3.91242288079335	-0.308263242206449	0.349766828226818	0.466289570090013	1	0.498103896103896	1
PF17384.5	-0.945751322887265	-1.00029161104089	-0.896712779449832	0.251779707574125	3.77632773312879	0.0536743910306856	0.47368421150238	0.748670542034658	1	0.704367965367965	0.99919674744898
PF08529.14	2.33023524201124	2.43435139111182	2.24871379739304	-0.200722765496668	1.36396127933355	-0.127726378091847	0.448367756760455	0.699170832709321	1	0.720393939393939	1
PF13184.9	2.33109574397874	2.46308861027927	2.25058750038129	-0.200431576187917	1.37345473587785	-0.125037675983339	0.441705531832793	0.693393684901859	1	0.706142857142857	1
PF02033.21	0.0912469205310984	0.919530716123006	-0.865496236208787	-1.4718160000026	3.81011069932714	-0.361672988401003	0.303333341950445	0.419376852178492	1	0.379709956709957	1
PF00436.28	2.99117406701397	2.76791608635328	3.10684327391015	-0.209033883322149	1.98682017845556	-0.0922585710181299	0.46502331908821	0.736897256973362	1	0.851900432900433	1
PF12917.10	-1.89620301456112	-1.69545194471727	-2.1052321139761	-0.350035051156459	4.22596108213098	-0.0765211217649906	0.465333334623486	0.692170756274123	1	0.71574025974026	0.999853620955316
PF01628.24	0.882724532071893	0.98828332286562	0.689616113569078	-0.349898585859843	2.5325765854015	-0.106876892106649	0.434666669128451	0.565760293750146	1	0.705489177489177	1
PF06421.15	2.58265387719142	2.10391717619038	2.94970173791523	0.743377602576392	1.30131540072842	0.521121604112515	0.277148577907692	0.284670654339433	1	0.260034632034632	0.992089826985582
PF00365.23	5.18574841635001	5.20580181063821	5.17494232169252	-0.0547274290498798	0.92317676539157	-0.0372142101241494	0.477333334174568	0.628379976233764	1	0.84108658008658	1
PF14714.9	1.78480377944503	1.61368073720819	1.93495735714693	0.296400876914342	1.63490362152729	0.153398137431915	0.423717524540984	0.620672431279437	1	0.600194805194805	0.999291343349613
PF13174.9	2.48701057660813	2.53874043612806	2.41782094236256	0.00830260595367971	1.91465244634888	0.00253101609292924	0.497001998778448	0.754998801472303	1	0.798467532467533	1
PF03572.21	2.85470916980536	3.25952002535509	2.25528624189088	-1.16008186027788	1.40641436587501	-0.75714329805472	0.174000021002175	0.0839608380582798	0.999235424828108	0.111532467532468	0.99925119047619
PF01471.21	1.28300057971441	1.9881662652651	0.244956423453021	-1.37284848162627	3.94692753736229	-0.297401317743506	0.302666675323749	0.444698391179371	1	0.371073593073593	1
PF02481.18	-0.779692616682968	-0.507281175284376	-1.02795398430021	-0.590600989826557	3.94635272089493	-0.132238113909952	0.428666669363533	0.655605412273974	1	0.675922077922078	1
PF01084.23	2.86650993393369	3.05754523969027	2.75618383504608	-0.256301642738128	1.79767763666421	-0.0961790018307262	0.430666669284912	0.824470417066091	1	0.714324675324675	1
PF13396.9	0.895053420659889	1.47025405945289	0.518797619538604	-1.03120907426335	3.11490579106766	-0.254212430193709	0.360000005626285	0.607413997317189	1	0.524333333333333	1
PF13091.9	2.54572552016974	3.34743026289278	2.1430519068149	-1.01995928760992	2.59275899496466	-0.267894377682801	0.351099273198694	0.815624774282849	1	0.472722943722944	1
PF02899.20	2.36396543493945	2.23951013005256	2.53197509318909	0.17960480417667	1.78254272814621	0.0621209825193589	0.458666668208064	0.716480390074676	1	0.696623376623377	1
PF05525.16	-1.81648891256511	-1.64297487923802	-2.03138476953717	-0.393398541449272	4.0292611440129	-0.0749738295873069	0.449333335229345	0.683770769000923	0.998176783025059	0.701121212121212	0.997644565960355
PF00160.24	0.990053302658413	0.923044309757077	1.05994349344757	0.259353593320814	3.03193358055499	0.0702310841112982	0.461025984128586	0.726414648866532	1	0.708900432900433	1
PF02386.19	1.80228366712365	1.69497129316705	1.90773712385532	0.381324883841832	1.9085145680805	0.143164816623858	0.404397072291237	0.399790111491802	1	0.558800865800866	0.999165223196717
PF00082.25	3.9853280973744	3.91432935261018	4.1039521453175	0.144841882648794	1.36378628426651	0.116601245432382	0.454363759197163	0.799547638180312	1	0.715597402597403	1
PF02225.25	-1.62661593840059	-2.20949959277359	-0.990198584148703	1.20040337604503	4.2446684622829	0.242934245726755	0.379333338078856	0.551559069195152	1	0.498047619047619	0.990793371160576
PF06280.15	-0.614759631503919	-0.0852086061381456	-1.07026099870232	-0.996820346150276	4.41994959318783	-0.189357014361825	0.395069957424349	0.61665361861118	1	0.617116883116883	1
PF09136.13	-1.46442943608924	-1.84539034528367	-1.07679231881966	0.578983044760577	4.55779677043199	0.100238814181585	0.453333335076917	0.70028708083131	1	0.655627705627706	1
PF00988.25	-0.676561526232455	-0.996572202597983	-0.391508999412321	0.262288171992674	3.95019783603896	0.059456122402612	0.472000001040299	0.740182843757588	1	0.689627705627706	1
PF03441.17	-1.95019001949047	-2.19943313498517	-1.61561740216482	0.541740474436614	4.24339612828531	0.106634078345959	0.443704199310853	0.660363339923459	1	0.6265670995671	0.992343566513999
PF00395.23	4.59396154908587	4.38326622422333	5.03263953532925	0.650716360480392	1.64668067545935	0.358224801043917	0.352666672642312	0.484229006595773	1	0.380147186147186	1
PF12627.10	0.958881579037742	0.635496070910344	1.2963595472278	0.61465246587554	2.24425272093202	0.200180243811275	0.374000004983114	0.612409717544156	1	0.492683982683983	0.99880773387986
PF12146.11	2.09591401222518	2.34442843550212	1.77976659389849	-0.525561065512818	1.45431584686552	-0.314679374683582	0.353764163143399	0.415149077222904	1	0.471441558441558	1
PF13086.9	0.785632789777718	0.356131498139755	1.09368118950671	0.704262084972146	2.95491327562871	0.198315960836833	0.399333337219243	0.52580807564836	1	0.556961038961039	0.999915123586091
PF13087.9	0.867458916807688	0.656032176421508	1.05469637799886	0.23857005242794	2.25691155548936	0.103869560508418	0.452000001794314	0.743489602460812	1	0.668917748917749	0.99932964907433
PF01593.27	-0.0177824848975217	1.18521561721535	-1.12765031791953	-2.01704250716034	3.74290220183162	-0.504111855517978	0.247333345900539	0.30892817453449	1	0.248251082251082	0.999735930735931
PF00355.29	-1.63920353349267	-1.70160203350161	-1.54339905308074	0.281632386484782	4.27900030109894	0.0594922665988909	0.469333334473424	0.727897813609705	1	0.697199134199134	0.998835072090155
PF02867.18	0.235347564407491	0.369018840944515	0.148530054374226	-0.232352428161832	3.20160483100158	-0.0534612392192	0.469686876541738	0.777759535820293	1	0.767354978354978	1
PF03401.17	-1.87643851555078	-2.22897770942301	-1.39876999133133	0.706413110418638	4.40970625731693	0.132560417589374	0.428381081984987	0.62821965340521	1	0.587532467532468	0.991062356734867
PF00669.23	9.8778318141625	9.82669727560948	9.89935564113657	0.0369162472203088	1.02331717341366	0.0368490853945156	0.472666667682047	0.882141889357353	1	0.794757575757576	1
PF00700.24	9.91905135665873	9.86681183755661	9.97520427370761	0.125288939146842	1.11101317353329	0.128421011987779	0.402666670413595	0.771672978788304	1	0.548722943722944	1
PF00682.22	5.72151098566947	5.73817024375788	5.70884922450396	-0.0193596376880745	0.739141580641814	-0.018960450689577	0.490000000370519	0.713999963927342	1	0.842948051948052	1
PF02436.21	5.59566166542625	5.647503983319	5.5722163220146	-0.0637737118848856	0.740862039715167	-0.0774433345663873	0.461692206621819	0.810956559216317	1	0.80912987012987	1
PF01973.21	0.572649557158888	-1.40091738382519	1.87786227189318	3.02815541750031	3.91734844507879	0.68790535974309	0.205333350054347	0.148847607643919	1	0.103138528138528	0.988021858256616
PF02784.19	0.81973305766377	1.08552867510721	0.182653817078941	-0.640492663242279	3.25319288763402	-0.162294512717545	0.399733514856683	0.487579224914829	1	0.605519480519481	1
PF00278.25	0.789404109010446	1.17307343749856	0.116638876447126	-0.884219892240912	3.31608095350769	-0.2194135337712	0.365333338711092	0.481732917435439	1	0.528978354978355	1
PF05378.16	-0.981099299918177	-0.336426518317267	-1.62053098748976	-1.06010145072215	4.83442083307776	-0.183050593557914	0.415056632149291	0.614040647009458	1	0.645632034632035	1
PF01968.21	-0.856701518795126	-0.230201568344912	-1.43125961669173	-1.0120557805516	4.9320512490178	-0.185502846573395	0.406666670248255	0.615657107859273	1	0.64530303030303	1
PF03703.17	-0.672143082107133	-0.436833027569009	-0.987355843053703	-0.494094955293548	3.26584405317385	-0.125224677424276	0.418387744606937	0.59234966551322	1	0.637194805194805	0.997973479152427
PF13519.9	-0.805877176194584	-0.916617687270942	-0.690254223252369	0.351294475538282	4.29729858886079	0.0694405325629878	0.461025984128586	0.747066239972339	1	0.73274025974026	1
PF11638.11	1.10483480180673	1.81575678780734	0.317467799180546	-1.34881471842345	2.73973141169878	-0.406040758652281	0.275333343759333	0.372617477428371	1	0.314735930735931	1
PF20434.1	-0.0440029979551309	-0.354119572478496	0.171794111505799	0.468340848850672	3.40601234082597	0.114261734706043	0.426666669442425	0.637741882116103	1	0.629160173160173	0.999226788897377
PF19890.2	0.160446818227165	0.43707022398416	-0.0516225653626678	-0.314091483449952	4.15086910897564	-0.0690021612828685	0.459333334849536	0.741040653830928	1	0.767138528138528	1
PF08543.15	0.412586572322257	-0.753246529795341	1.50954039437736	2.18528261148296	3.02744926911848	0.625185160194959	0.190539658793144	0.196584385439785	1	0.101021645021645	0.944220672880537
PF02581.20	-0.636641546665913	-0.380381363846435	-0.927479212086701	-0.551437964052375	4.24343536890871	-0.105828869626774	0.446369089281922	0.671196150572433	1	0.727554112554113	1
PF16338.8	0.774447423371027	1.42415633257136	0.472642774495823	-1.05323907659548	3.00923007310422	-0.289998342916776	0.359333338991004	0.540534681338712	1	0.524718614718615	1
PF13802.9	1.268484610102	1.43778437605773	1.07454912282545	-0.547801226957906	2.35828233723808	-0.213306699955226	0.389333337643233	0.535535531098032	1	0.611818181818182	1
PF01055.29	6.01298039936712	5.96374748923228	6.062785463344	0.327657577476401	2.40938824330429	0.169995053085409	0.3777481726974	0.441864683255177	1	0.497064935064935	1
PF17137.7	2.04850368546388	2.96628473749664	1.70035320668446	-1.03761177459882	1.98843475705989	-0.413206983503398	0.322666674179608	0.532717688616058	1	0.391385281385281	1
PF02872.21	0.915075059496008	0.819541938081626	0.960047137030092	-0.0101328368976707	2.50009493342997	-0.00282277465529074	0.499000666259482	0.753275567229921	1	0.781497835497836	1
PF13476.9	2.17346936116384	2.00903671382364	2.37808396668779	0.343460691336659	1.43390041995364	0.189073901892399	0.395736179914541	0.64409626893201	1	0.532757575757576	0.999528777233695
PF13558.9	2.62208410195057	2.82341402748793	2.43488045009644	-0.407234553501072	1.16780653535815	-0.31571357047432	0.346435715798556	0.465777742863903	1	0.509571428571429	1
PF01773.23	-1.47752002912957	-2.06401601389505	-0.810352791679998	1.15593608669968	4.01765006102154	0.243738886022487	0.373333338346419	0.562353211246095	1	0.505502164502165	0.987221265651962
PF07662.16	-1.51074653260144	-2.26892660092058	-0.808396830767987	1.1973279840205	4.14184857278121	0.253710479775371	0.355096608116218	0.500767238986169	1	0.457683982683983	0.991165599646407
PF02574.19	1.78074764243697	1.85498833382235	1.6902903944061	-0.189805384214933	1.62301001509745	-0.0776048303951937	0.443704199310853	0.5482327926014	1	0.69304329004329	1
PF02737.21	5.33333673641484	5.51432992896408	5.18750115068689	-0.153723411564036	1.31316491068007	-0.0478142450798157	0.451333335153042	0.541989620567884	1	0.823415584415584	1
PF00725.25	5.33787525602223	5.51213876860389	5.20072851839956	-0.12237255234087	1.32144410470943	-0.0349223863757775	0.463024651608331	0.533746538413151	1	0.821865800865801	1
PF00370.24	5.58834635547177	5.36160093614002	5.79432758494089	0.495660689928529	0.956578339513436	0.523312314569271	0.230513005387879	0.155062575318854	1	0.124645021645022	0.994921716842152
PF02782.19	5.59234764769059	5.35345890654878	5.80066500251083	0.50289867950792	0.980942221888284	0.543690329549885	0.209193887007636	0.146530354055123	1	0.110450216450216	0.989447703521484
PF13192.9	-0.893853720791769	-0.496796946363071	-1.46633984352646	-0.95881598047688	3.63641397606151	-0.215498070502875	0.374417060254251	0.504730702084115	1	0.543593073593074	0.999952922077922
PF10417.12	-1.33971426012561	-1.15486676552331	-1.54786361047695	-0.304130766027886	3.98576383666507	-0.0651944001495094	0.460000001491024	0.691560930476876	1	0.714779220779221	1
PF02449.18	1.64999831797412	1.83266436918251	1.41488867597115	0.00343697580280544	2.98267867669935	0.00117527537234517	0.499000666259482	0.773433302796345	1	0.838896103896104	1
PF08532.13	1.65065514035213	1.84283123507397	1.38135308884429	-0.0233299687537896	3.14884040465459	-0.00592144875028307	0.496666666790129	0.775906525863332	1	0.839168831168831	1
PF08533.13	1.42230276435714	1.57948558314303	1.24905689919954	-0.057660022382108	3.01211317340239	-0.0122174923743373	0.494000000222254	0.787155943394597	1	0.839753246753247	1
PF17762.4	1.52498185261813	1.62030413662518	1.44154857363758	-0.0794389455768449	1.78892736662942	-0.0344772910016288	0.479333334100075	0.724245483515875	1	0.772748917748918	1
PF01676.21	4.45678756587732	4.25150358102796	4.60152652095102	0.356125024187886	0.9144050822323	0.366327374498037	0.332445043623722	0.332387741814113	1	0.343108225108225	0.999737408771195
PF02885.20	0.582049459867689	-0.28381341198186	1.54533529697835	1.61890110895913	2.94733038735668	0.467904788077863	0.252000012182198	0.322826369364981	1	0.210952380952381	0.985694849648313
PF00591.24	0.572045111464293	-0.231169008655361	1.51910839912215	1.6783946809088	2.93226565438251	0.474069066521316	0.262491683563237	0.338048444817076	1	0.231142857142857	0.985832887494888
PF07831.16	0.563854073802806	-0.251963610192297	1.43895708089207	1.60387601971645	2.8234157018674	0.477041243796224	0.265333344480009	0.347740301893804	1	0.234411255411255	0.97439506177001
PF01782.21	-1.12493371358184	-0.416859523311994	-2.14241233317137	-1.58577968268952	3.60047194214602	-0.375536198621849	0.298467697108004	0.378595334496966	1	0.404441558441558	1
PF05239.19	-0.799292211026962	-0.564221328884153	-1.08443323226559	-0.501037851404373	3.56015549256589	-0.113168929765225	0.436000002409853	0.653599076583276	1	0.691995670995671	1
PF13083.9	2.96598659837931	2.59544218386542	3.24014909251515	0.685721165559401	1.33346477784985	0.48321451646572	0.251165901640848	0.20565960372458	1	0.193380952380952	0.981704434528074
PF01715.20	-0.37879238232089	-0.327276885291824	-0.47796649204561	-0.051980222776967	3.81389525329343	-0.0123058574588587	0.49300466381642	0.748728590476634	1	0.776874458874459	1
PF01812.23	-1.26025818653024	-1.70381492716436	-0.772110309281762	0.759559741826478	3.93580204122788	0.160005070046592	0.414390409657871	0.613972098644385	1	0.549277056277056	0.993972089249057
PF00485.21	2.48771733459683	2.43182079562677	2.52814547233326	0.0969433730548568	1.14759734106505	0.073543689080058	0.461692206621819	0.656712029188576	1	0.662424242424242	0.999657024793388
PF05437.15	-1.50096025088511	-1.00373755174146	-1.95630460243995	-0.790777063102697	3.97344617996874	-0.17067898004704	0.405333336969865	0.598301945209739	1	0.61804329004329	1
PF01783.26	1.76390862440974	1.82883369010837	1.68705771784506	-0.143766646580265	2.1720665577572	-0.0507613200733957	0.467333334548396	0.756096355096886	1	0.79325974025974	1
PF02620.20	3.380489512326	3.22605277452896	3.51304966802154	0.138535487818295	1.29693145551884	0.0975936108078855	0.452000001794314	0.712312990184047	1	0.693307359307359	1
PF01149.27	-1.84018075283744	-2.16233982752211	-1.52630144665635	0.650810632797114	4.25277393917933	0.130710723530618	0.433044639430472	0.640166999508062	1	0.602324675324675	0.998932625986454
PF06831.17	-1.8515811507534	-2.18105167972656	-1.4744939962194	0.502943757116129	4.14751124440955	0.10223188444249	0.44037308684754	0.674888831678534	1	0.633839826839827	0.99277875997876
PF00085.23	3.7785642052349	3.70399920618025	3.85196065934051	0.298021231400803	1.24134167642791	0.202561939361698	0.383744175098753	0.419120808201415	1	0.518770562770563	0.999305886903066
PF03413.22	1.98076108226675	-0.229669675378281	2.48874214196888	1.84909626602441	4.22004942891888	0.390203278830315	0.309333341596675	0.305841291721223	1	0.283727272727273	0.999721357589779
PF00809.25	2.41711911904937	2.37377324684348	2.47733165104992	0.1567229906306	1.64502744629852	0.0836775481607566	0.460359761635369	0.750057042707542	1	0.71987012987013	1
PF04266.17	-1.88057802614639	-2.29859610070756	-1.4813753555498	0.701863790441254	4.19808359150589	0.149755067881492	0.422000002960946	0.636728615955692	1	0.592904761904762	0.992844644882998
PF01475.22	1.98812918048906	2.22714390871382	1.72297878403385	-0.465187879226814	2.30943934732832	-0.139267523129574	0.38840773252513	0.684893356871591	1	0.630471861471862	1
PF01268.22	4.00903743600573	3.57367810445878	4.32049821343025	0.841336170071188	1.42728092941056	0.562581122575216	0.233333347135951	0.199643552914414	1	0.15165367965368	0.998852694735725
PF02222.25	-0.398178985551345	0.346155276259291	-1.53292802987923	-1.67264583650686	3.71256177266481	-0.392042078775243	0.301132587019072	0.347843446981604	1	0.366709956709957	0.999952922077922
PF02350.22	0.697947863268913	0.171898931922582	0.975702324165226	0.94279964397303	2.98307011926156	0.271939107654936	0.357333339085605	0.368925529913154	1	0.436593073593074	0.99906237513627
PF04262.17	-0.688309474164475	-0.670852716258079	-0.718820178192815	-0.0901652877400343	3.83040391201968	-0.0185989058909753	0.488000000444701	0.743533821100006	1	0.765151515151515	0.999802697302697
PF00909.24	-1.30361246968087	-1.65493065516352	-0.876153959876674	0.788175912482815	3.94677718926446	0.160754488899856	0.404000003691644	0.58883874118052	1	0.547251082251082	0.994241261637698
PF01416.23	-0.469243064206981	0.813548964985454	-1.46555125576197	-2.10140640494069	4.49826397190563	-0.405657442981941	0.299333342192336	0.381636160603806	1	0.352805194805195	1
PF01808.21	2.33148527379126	2.25084218290186	2.43000774531713	0.21654091696497	1.67939687409969	0.0856686246624275	0.44000000225469	0.651230486852203	1	0.652164502164502	0.999362276174328
PF03976.17	2.83691606147358	2.81750175180249	2.85690797946415	0.148745536326716	1.32863355433579	0.0722710879796535	0.447701534267589	0.550556382244136	1	0.682636363636364	0.999915123586091
PF00203.24	3.69064794810182	3.98679195563353	3.45079672614498	-0.401937095322505	1.89403533187148	-0.149389354392084	0.381079285142026	0.830886375064298	1	0.587285714285714	1
PF06750.16	-1.70887997052699	-2.32622482652885	-1.08583782300338	1.03835991053964	4.10124213735123	0.220292416809968	0.378000004804562	0.524147537700396	1	0.48595670995671	0.996269363689369
PF00313.25	5.16159260423764	5.10224891472312	5.21671426823202	0.126751138198626	0.878475681409804	0.108496254701619	0.427714859492894	0.504483608900024	1	0.656077922077922	1
PF01988.22	-1.87471006303144	-2.18496693432628	-1.57935287527819	0.599920314212834	4.29764922161395	0.123438496468356	0.434666669128451	0.640265345919817	1	0.614242424242424	0.994082121508468
PF07929.14	0.315439335972138	0.229795521537621	0.416575472887649	0.113534811828327	3.24979404562296	0.0293327261686632	0.482666667309414	0.784850139935942	1	0.74538961038961	0.999988429752066
PF01270.20	-1.57295917630493	-2.18112361327677	-1.03069279778188	1.01132919366248	4.0931349408271	0.217652442313884	0.387741510035488	0.575172752210787	1	0.528813852813853	0.992814568410249
PF02133.18	1.18910216209842	1.54566416514551	1.03801070953272	-0.596300902633544	2.26303886333558	-0.227382598765044	0.406000003609039	0.658437526438513	1	0.628935064935065	1
PF02540.20	3.39470469870301	3.17738239774677	3.57371228524201	0.506769637808574	1.19909519206566	0.318795303772583	0.299333342192336	0.25349395902368	1	0.292562770562771	0.992140371257661
PF00958.25	2.80479263268905	2.49948766623166	3.00004592977603	0.546050536737246	1.27638123716023	0.382880447265914	0.32111926141832	0.320882027949882	1	0.335138528138528	0.994622220621262
PF12698.10	1.97490693671836	1.79399067595251	2.11961380131902	0.3425242350757	1.59590477537582	0.19537596552864	0.407728184745777	0.565856411273808	1	0.556220779220779	0.999781276249831
PF08402.13	4.56138094603443	4.24471300514816	4.82197718251709	0.601038750961557	1.16999264983963	0.501337915129353	0.293137917292776	0.244709374748508	1	0.237415584415584	0.99948591403537
PF03611.17	1.48566130143538	0.407800285529714	2.49794096605872	1.9560993146741	2.81229128514595	0.591124579919212	0.230000014116313	0.292339124894208	1	0.132904761904762	0.995998027306493
PF03099.22	1.10115994074697	0.979146266071165	1.25023858407279	0.193006667476493	2.15448266174133	0.0627025941428897	0.459693539142167	0.784330924353808	1	0.691181818181818	1
PF10437.12	-1.12105873852824	-1.23152330200261	-1.00538759050207	0.151694698991936	3.9778216478997	0.0404429769914424	0.479013991450479	0.742672508683547	1	0.705398268398268	0.999309984587781
PF00173.31	-1.79663723402387	-2.14344134471392	-1.3647268455891	0.815180172039479	4.39550227857594	0.174382069049648	0.415056632149291	0.61879185079842	1	0.572554112554113	0.990697277087747
PF01545.24	-0.917279101266432	-0.529719785242137	-1.44279250659062	-0.668130123678401	3.83639458914662	-0.141422076860493	0.42238507955727	0.624231840458487	1	0.658350649350649	1
PF16916.8	-1.30025786674829	-1.04533531715984	-1.59995681632304	-0.506753733012201	4.14998299656957	-0.0969428225960198	0.442000002177447	0.677162897327343	1	0.701155844155844	1
PF13412.9	2.37513472024313	2.58034353580965	2.07047744109516	-0.2816281470547	1.92553018326055	-0.109608115944325	0.433333335847159	0.79875739564661	1	0.726393939393939	1
PF01037.24	0.167478143729029	0.282370691350146	0.0526206289712503	-0.0877932412275415	3.36822303169281	-0.0177961891969787	0.48434377139911	0.772185163827994	1	0.799324675324675	1
PF00375.21	1.98247208278206	2.00138947364407	1.96787193781067	-0.0605569145372877	2.00610387377541	-0.0264303763803795	0.490000000370519	0.776958758574781	1	0.813722943722944	1
PF01087.25	2.39975236635692	2.58250849755426	2.26106281997213	-0.560377377471132	1.8892406038602	-0.265694783078731	0.38333333790312	0.525679585051415	1	0.588069264069264	1
PF02744.20	2.39750083350171	2.59423225918291	2.26656485406232	-0.521630987782499	1.84164353290169	-0.260727731427808	0.387075287545898	0.520119198878427	1	0.581484848484848	1
PF13350.9	-1.92085128192696	-2.24424653066925	-1.57159334827819	0.544165965099988	4.35496782159149	0.114736560283682	0.433044639430472	0.651553771818672	1	0.605987012987013	0.999221635006718
PF04204.19	0.365583317689757	0.421540236344192	0.289669152912887	0.0345321394526579	2.7598487652394	0.0112509743420293	0.49466666686422	0.759651478585151	1	0.745012987012987	1
PF12784.10	4.89873667761418	4.84409907472655	4.95619488545631	0.416072992305708	1.39011027936874	0.285026532221391	0.384410397588074	0.419610965473335	1	0.477030303030303	1
PF03606.18	0.906183107890334	-0.149161825434006	1.76396614495569	1.92959612064236	2.29103530176549	0.736601134544411	0.147235202529104	0.102822665047329	0.998760917120838	0.0713593073593074	0.871481591592251
PF03853.18	0.205503186399912	0.539942385890069	-0.199740453107568	-0.59033123307403	3.75560692604996	-0.13788837184354	0.430666669284912	0.642192505699108	1	0.684380952380952	1
PF19258.2	-1.03924761584285	-0.660918106997474	-1.43155347593048	-0.645312941608866	4.91331883981549	-0.112628895479521	0.441039309340154	0.703594714144427	1	0.723554112554113	1
PF01022.23	-0.475333545419699	-1.02715647837431	0.377539024944022	1.33219277817721	3.96421136045969	0.27913097027437	0.341105935917739	0.531205778143704	1	0.40969696969697	0.99828690354705
PF12822.10	1.57327769388609	2.45349162776962	0.800491733681369	-1.72371824619409	2.63746058772307	-0.565552453413105	0.242666679631739	0.298554541779223	1	0.235445887445887	1
PF03590.18	0.0583862572091389	-0.100179358730861	0.273128805904432	0.359615350418058	2.84274416078229	0.103964156895848	0.432000002565979	0.714285395370113	1	0.642393939393939	0.998723545110193
PF01641.21	-1.66359066044456	-1.75290226186846	-1.59501304948082	-0.021557809736354	4.59751496806547	-0.00702370254116739	0.496666666790129	0.770132249025294	1	0.761753246753247	0.999885579937304
PF07969.14	-0.970456133747681	-1.26841471252314	-0.654992615859203	0.658820099148892	4.05188732720545	0.136919421648969	0.427714859492894	0.68855511990516	1	0.617865800865801	0.999422219528205
PF00334.22	-1.2458463868698	-0.952691799190083	-1.53464231743112	-0.392876570946167	4.11248724060708	-0.0780977158820564	0.449700201746251	0.680876183920832	1	0.705735930735931	0.999893742621015
PF02541.19	0.0793387968664288	-0.293096681841522	0.371326264217407	0.552601779839542	3.91732767024161	0.11822310302168	0.428000002723133	0.601404470081419	1	0.596017316017316	0.999487940630798
PF02146.20	1.29846145441996	1.29977060493073	1.29647654881339	-0.0121554774971067	2.97965838251124	-0.00459770775648309	0.496335776284772	0.753418375589476	1	0.802705627705628	1
PF04203.16	3.83054679716384	3.3205506293483	4.00928183768211	0.577629918249576	1.50328441305614	0.334915151104658	0.3777481726974	0.371633220303899	1	0.476571428571429	1
PF04011.15	-1.69560903631572	-1.7525035038536	-1.62810883656807	0.185730493803504	4.13170610663062	0.0430149707669111	0.481333334025656	0.734211264137892	1	0.707619047619048	0.99926482250204
PF01435.21	-1.01557424003456	-1.22372332620997	-0.802459905542081	0.188249613582723	4.1787600153874	0.0372868240190115	0.479013991450479	0.740670177623603	1	0.70638961038961	0.999779322558319
PF04960.18	-0.876225971724653	-0.742756996817153	-1.00705906047244	-0.209974618402416	3.92070586269874	-0.0531828925771607	0.474000000965574	0.708134400110156	1	0.753419913419913	1
PF01171.23	1.14885896673843	0.589159005734413	1.57907549253313	1.13852786045434	2.27241077182991	0.405429398635853	0.273817465548373	0.243380307034446	1	0.250047619047619	0.979435750707669
PF09179.14	-1.95900899941644	-2.3399588561075	-1.53868704615143	0.80021202887197	4.23154767398844	0.146818414232886	0.415333336561705	0.61289551416111	1	0.571077922077922	0.995618773017127
PF02837.21	5.67387913741939	5.65030307511474	5.73116394824815	0.335217335240345	1.32146098122917	0.307568665869188	0.354666672546119	0.255088347754423	1	0.420021645021645	1
PF00703.24	5.65768410249394	5.62346137537943	5.74056665932708	0.375466780949836	1.34053155559661	0.355203027540853	0.332445043623722	0.224770908742145	1	0.363982683982684	1
PF02836.20	5.77679263043811	5.73552647189674	5.85056565487394	0.332239390556008	1.33470018827524	0.300286012027363	0.347101938284043	0.237942789382122	1	0.378168831168831	1
PF02929.20	4.56852819327478	4.62429980378831	4.50855019812064	0.0712014061600614	1.59691859747461	0.0388932689350753	0.477015323969872	0.70137656304442	1	0.772982683982684	1
PF01741.21	-1.8342786951984	-2.14018072351807	-1.52766176819779	0.635903152231546	4.19061233641991	0.120960094425207	0.432378416938174	0.66057812603183	1	0.615878787878788	0.99744288183269
PF03807.20	0.735193896448202	0.151535728109737	1.15130891757747	0.939649942281397	3.0891112822909	0.251012078897387	0.345769493313153	0.467609975346664	1	0.409077922077922	0.998530535436432
PF14748.9	0.682105377710529	0.0920033154947379	1.15301682929294	1.01289322730648	2.91451172519149	0.267834670803491	0.322451706382074	0.436505012371967	1	0.374965367965368	0.999618103109012
PF08343.13	-1.83799291305292	-2.15197737298074	-1.44420208332479	0.547670289094031	4.04663858163345	0.115646452771876	0.439333335613819	0.638601935954645	1	0.591709956709957	0.995034827411121
PF00317.24	-0.108902754606011	-0.286176131456759	0.0435669015112836	0.323344630863564	3.26835299716705	0.0803045252005834	0.455029981690227	0.674072539041637	1	0.676251082251082	0.999941351829988
PF12169.11	2.98815069777585	3.00581544423374	2.98164689874661	-0.0362417626026232	1.27515905284147	-0.0187475742170211	0.490666667012466	0.807352576969568	1	0.81321645021645	1
PF02223.20	-1.07151363545209	-0.846460062605494	-1.38320213156218	-0.54406054433178	4.06085255913526	-0.110149845338721	0.442371754325456	0.647640962268189	1	0.698805194805195	1
PF00590.23	2.04075334898167	1.68290711123972	2.35683373696778	0.539062999186326	2.14482964018403	0.202446499189982	0.375333338256687	0.43847508494465	1	0.457727272727273	0.99915919020254
PF13089.9	2.34319199750392	2.10321065003807	2.44947314072506	0.399101762801775	1.61388210181969	0.225635607477219	0.390406399994367	0.456802546852813	1	0.533948051948052	0.999469998204053
PF02503.20	2.33489462103536	2.14034087023384	2.44469914231164	0.387516373761878	1.56699447337086	0.19665226229574	0.399067292366211	0.463505375175893	1	0.532787878787879	0.999790966386555
PF17941.4	2.3873376631488	2.14456376838216	2.4952472360564	0.407517905902522	1.57357272097336	0.221399619833635	0.393071289954061	0.437498340648131	1	0.522831168831169	0.999064872926117
PF13090.9	2.38258265921448	2.17713617288741	2.49529213997222	0.396233685925377	1.56694737897596	0.23695278023817	0.383077952609488	0.432987130415077	1	0.515238095238095	0.997622535300763
PF00795.25	2.65153370336174	2.7429217719538	2.5545664873117	-0.11881342396322	1.20282211480991	-0.0775402378967424	0.451032646732127	0.77543368008433	1	0.74204329004329	1
PF02589.18	0.111130685774222	0.574533068422153	-0.296473658211713	-0.75382841643035	3.7132433025562	-0.168194971913915	0.404666670330733	0.624423471857155	1	0.623670995670996	1
PF13183.9	3.013361065647	2.73176369827401	3.32781129208178	0.5490787360836	1.47581303387104	0.323673475076904	0.351333339373498	0.422903378448462	1	0.394904761904762	0.997763929618768
PF02873.19	2.40798291527661	2.93736309174094	1.80828647984753	-0.947221005240631	1.6893010112269	-0.466175347582252	0.282666676591126	0.40036552011004	1	0.285242424242424	1
PF12802.10	0.153890793131471	0.337415182416982	-0.057107478268529	-0.606236021557257	2.91306781752825	-0.16756208082835	0.410000003444949	0.587716118704744	1	0.643372294372294	1
PF02274.20	0.966935186833681	0.673131820919164	1.27305717332192	0.325177524395639	2.85819085624443	0.0873130288463237	0.442666668818415	0.795199455962974	1	0.686242424242424	0.999785528756957
PF01098.22	1.95030608890824	2.56461049275702	1.45955990275253	-0.958081461635252	1.54993704758702	-0.553989760471158	0.250666678957598	0.326349476096985	0.999115135409457	0.258640692640693	1
PF00083.27	-1.12972360993407	-1.71660520399236	-0.596971912813426	1.0268906991274	3.90514064224334	0.211157117266488	0.384000004540694	0.551396835553883	1	0.506419913419913	0.998060487823813
PF00596.24	2.95795600291151	3.24561205524918	2.65823876118405	-0.490144927683688	1.41596457461819	-0.314453886346988	0.352666672642312	0.482003552007098	1	0.498489177489177	1
PF02610.18	2.74354098461751	2.88704736373741	2.56265298601641	-0.150272210489226	1.93082283892354	-0.077227857633106	0.469020654048339	0.764157746531702	1	0.816515151515152	1
PF11762.11	2.75962968079493	2.8887202741523	2.56659163219164	-0.141050287201565	1.91968663954819	-0.0752801093020022	0.469020654048339	0.763152198731907	1	0.817398268398268	1
PF04002.18	0.882696633716583	0.869058614668297	0.894844904115969	0.103816112246278	2.46729388807308	0.0337547938791226	0.47368421150238	0.703091475668852	1	0.729311688311688	0.999252297110005
PF04093.15	-0.740276597246584	-1.22050952979274	-0.22325887610879	0.967940459707497	3.66645459688357	0.220784101062842	0.391738844974114	0.557081111806016	1	0.493909090909091	0.994995034975497
PF00532.24	-1.74428703771037	-2.12901955279977	-1.35340704769409	0.634477600675146	4.16651261889825	0.118652484434315	0.429713526969265	0.649781569983857	1	0.588199134199134	0.994416457852696
PF00994.27	1.71905922378768	1.84438356205357	1.54253671622092	-0.014054878110767	2.84811994233127	-0.00352537862188463	0.49866666671605	0.704274741564084	1	0.786541125541126	1
PF18146.4	0.840673648071817	1.24821494439307	0.633411857608324	-0.341706096190187	2.68392865240193	-0.0999251076333201	0.432666669206554	0.801320706650659	1	0.713051948051948	1
PF02464.20	1.04515137580552	1.22354138589016	0.912854002063153	-0.0613421742485292	2.71361337649109	-0.0157691718351685	0.48733333380277	0.699351280466313	1	0.820744588744589	1
PF00108.26	5.83645690319734	6.02972414235604	5.76356069010351	-0.234207786747948	0.774858959025202	-0.262349617681981	0.396000004026034	0.718250496204028	1	0.607670995670996	1
PF02803.21	5.89600028898014	6.13510125856108	5.80044256109869	-0.309141583058056	0.702106736568387	-0.331021973660047	0.366000005347005	0.666859271206222	1	0.500532467532467	1
PF13344.9	-0.372758155472146	-0.442130673933927	-0.246786737212056	0.180235424731442	3.27058811739553	0.0411445159182899	0.474666667607353	0.763345369582556	1	0.702675324675325	0.999524633427412
PF13242.9	0.913671145867924	0.730405613147233	1.17552366142345	0.470997312719493	2.61491220135403	0.14098697146357	0.417055299623771	0.679225465612454	1	0.59534632034632	0.999872703659976
PF10282.12	1.11100567721753	1.14200118253276	1.06024630178733	-0.137903265711689	2.69969379296001	-0.0410968892383878	0.477015323969872	0.741063720128986	1	0.797099567099567	1
PF00266.22	3.35749399061467	3.59890754517758	3.19123077168308	-0.360224825027406	1.12243591052582	-0.283993651825412	0.364666672075246	0.581876142517249	1	0.542787878787879	1
PF05256.15	-1.84815147916813	-2.25143546724074	-1.47116729920109	0.67509437474781	4.2751624990735	0.148385204017861	0.427333336082764	0.641485860036586	0.998934380744595	0.591575757575758	0.993291606446862
PF05979.15	-0.947082829340698	-1.22620917194995	-0.611047632353736	0.603011701105377	3.51464737820889	0.140719939401889	0.418666669760886	0.647066965355197	1	0.607822510822511	0.994546098880323
PF04296.16	-0.680380657706358	-0.986437748481045	-0.348213774797899	0.600005181095717	3.67457488417186	0.1398459695558	0.422000002960946	0.634498011114428	1	0.580822510822511	0.998846465816775
PF01248.29	-1.30527945084342	-1.70084336472938	-0.965767439323335	0.745009584837655	4.16188361519464	0.163312525710317	0.412000003363445	0.640865335449683	1	0.593281385281385	0.997020328576477
PF01509.21	0.487107098283602	0.633442054802033	0.34008686725468	-0.258426120922159	4.00033995213335	-0.0564680413319591	0.464000001340281	0.753386053869631	1	0.782701298701299	1
PF16198.8	0.506876009547863	0.679496373238116	0.392507945922608	-0.244488429062777	3.88880848987787	-0.0478080131318653	0.4633333346987	0.770624731097056	1	0.776688311688312	1
PF03444.18	-1.894289908391	-1.78448834752627	-1.99396540994652	-0.25481199430655	4.10746757887844	-0.0555914786959526	0.473333334323805	0.709380050989899	1	0.735268398268398	1
PF04452.17	-0.456494346664974	-0.775995616416044	-0.0045075712525886	0.651490412763775	3.64118501038744	0.143662141537489	0.412666670003021	0.673160769516345	1	0.592	0.997754771835946
PF14698.9	1.47785024874345	0.905028549841639	1.98404776635587	1.1640729871619	2.01994330035817	0.531350522540326	0.254666678634348	0.215029352686221	0.998357825765777	0.200380952380952	0.980763601612154
PF08279.15	3.47431650645069	3.26252500469542	3.70828569467068	0.45316932810381	1.3710482888993	0.290382052585069	0.346435715798556	0.391282727444939	1	0.392774891774892	0.999668582658663
PF02237.20	0.776263024518371	0.743460816120786	0.795282321708259	-0.120036033926255	2.59166108467547	-0.037269355317983	0.476349101476354	0.67994746677567	1	0.797316017316017	1
PF16124.8	1.78396584600641	2.10428180528131	1.35261699613968	-0.830492644964397	2.15937190757279	-0.367826216799383	0.323333340809957	0.383559597654834	1	0.441190476190476	1
PF00186.22	0.113886069924388	0.376531860645714	-0.194564080072255	-0.49192543331053	3.35930007248395	-0.11453328588602	0.430666669284912	0.666253119257876	1	0.676363636363636	0.999952922077922
PF01351.21	-0.928977469658213	-0.800113973677142	-1.05574476151758	-0.339172642563068	3.84724051985185	-0.0726393187350229	0.456362426676409	0.727998959028659	1	0.746744588744589	0.999301948051948
PF00926.22	0.128243896890223	-0.0307620169062908	0.2126475430001	0.180579202184907	3.4841640921151	0.0401561415466543	0.475333334249142	0.69457412058029	1	0.723632034632035	0.999708806818182
PF00925.23	0.132532448128712	0.0145942403066366	0.195150081718751	0.166466378611283	3.46152270963528	0.040095816540275	0.474666667607353	0.697582883250638	1	0.713480519480519	1
PF09586.13	0.364449505397425	1.13551565523607	-0.355660573425196	-1.15325680801739	3.70343880733677	-0.270655252020362	0.351099273198694	0.523500872415583	1	0.465926406926407	1
PF19295.2	0.430987240911493	-0.0625408939574843	0.878740882117283	0.98413998652975	2.3433530903187	0.352156704643324	0.311792146684833	0.361570433300729	1	0.364805194805195	0.986588966181778
PF01458.20	1.49050750291047	1.10561297453457	1.78444123879453	0.758061821887208	1.88291673787032	0.323994685375179	0.320666674289219	0.332892826900323	1	0.353779220779221	0.991480803088167
PF00196.22	1.5062454953696	1.59700896877318	1.40353094957684	-0.129572326365348	1.65099345839393	-0.0748266403139088	0.467021986568215	0.690765942300343	1	0.735926406926407	0.997763929618768
PF01145.28	5.1248504214545	5.29980593109152	4.90621002024238	-0.362859433882151	0.606505990079957	-0.566044049610599	0.258666678319712	0.228319443426484	1	0.267675324675325	0.999952922077922
PF16875.8	3.24206999420997	3.34582962432563	3.13717624615437	-0.10545262792817	1.32355658097826	-0.0485040619862221	0.460000001491024	0.701001355704752	1	0.763164502164502	1
PF02065.21	3.25310350339086	3.39101148531378	3.1078713612189	-0.212688611386778	1.18240821233069	-0.140187491727709	0.426000002802118	0.776340785965312	1	0.675307359307359	1
PF16874.8	3.24248033456198	3.35434524468989	3.14576538572622	-0.131576391987562	1.24069949577819	-0.056092129869147	0.452666668435606	0.688758403311511	1	0.749961038961039	1
PF02424.18	-0.374224910527633	-0.288279947944485	-0.498597991557329	-0.307860286267848	4.01750891128501	-0.069099862065447	0.459693539142167	0.706255910111092	1	0.768151515151515	0.999853620955316
PF03787.18	-0.55265420391131	-0.960562304477522	-0.0650355711529631	0.971038111379609	3.96437392147468	0.207875998410821	0.389073955014824	0.560154787871394	1	0.504896103896104	0.998572277020449
PF01590.29	0.560750618375086	0.45502178123404	0.69186808293118	0.351112104908599	2.49978021739842	0.0961618065033516	0.436666669050594	0.684788413781041	1	0.646424242424242	0.998367260448234
PF02224.21	0.21630070944007	0.0163737165346767	0.406693543164883	0.3131113571817	3.28830859485466	0.0817846663183325	0.444666668741459	0.717697282788652	1	0.667896103896104	0.999915123586091
PF00691.23	3.47520944665923	3.64563487040192	3.27425595633643	-0.338053547507426	0.876581120301796	-0.341965545657139	0.345103270827835	0.458357674326359	0.99956113626027	0.459792207792208	1
PF00490.24	-0.860495134711099	-1.44237800141937	-0.358151625813465	0.884126950933655	3.87845761455469	0.195390187673076	0.392405067464063	0.574500136456995	1	0.51830303030303	0.998377217965689
PF13768.9	-1.89873119988193	-2.17081681974101	-1.62129798611	0.446482293271285	4.28160555311424	0.100219081431465	0.451698869225096	0.672599239940464	1	0.643034632034632	0.997546351518664
PF02569.18	0.89140493623206	-0.708958310689194	1.81772979630005	2.26383481713655	3.4179155402905	0.596843163534909	0.196535660675118	0.183102218113138	1	0.105108225108225	0.963956050772339
PF00415.21	-1.48258331796968	-2.14081406839464	-0.5415114833243	1.66001373479777	4.55759863309227	0.32024655756769	0.346666672935199	0.467550524639794	1	0.411987012987013	0.99045140331563
PF13540.9	-1.39685373336875	-0.759053539540012	-2.10240814105552	-1.07959416931441	4.06621005765071	-0.232897157107787	0.369753502836437	0.532959697811698	1	0.526510822510822	1
PF18019.4	-0.580505477648091	-1.27229096364499	-0.128542210865008	0.963632381483523	3.79286278346868	0.206076743427702	0.395069957424349	0.551078836794378	1	0.534294372294372	0.999932788860624
PF01627.26	5.57386469130176	5.64886362829675	5.53381772000892	-0.141338117146443	1.01912752041477	-0.117106969151227	0.442000002177447	0.857719601562862	1	0.807554112554113	1
PF13186.9	1.56038920998422	1.91369578789862	1.22651228827948	-0.610680767154566	1.96283300851435	-0.21945046889533	0.359093943036492	0.717923006526913	1	0.524376623376623	1
PF02638.18	-0.844824069406178	-1.68127621341376	0.249905927778709	1.80718864641895	4.03661861102166	0.401577785158371	0.30533334183134	0.429915698876199	1	0.333484848484848	0.984124871268063
PF02368.21	8.22895536343289	7.9161237345037	8.49561564014958	0.877234828377388	2.1264386878306	0.379173945473156	0.303797476932353	0.172041941326158	1	0.237502164502164	1
PF01548.20	6.19457952266649	6.34237282567442	6.14471959834386	-0.0529121384524851	0.885384295501784	-0.052112624085907	0.477333334174568	0.649640883488212	1	0.881575757575758	1
PF08502.13	1.53494787139933	1.34883746870818	1.6556509176942	0.225128595227988	2.7956337670532	0.0682208536557275	0.46369087410161	0.645732134978019	1	0.719307359307359	1
PF01702.21	1.26773010383434	1.0820732384194	1.4344230170073	0.270576639481768	2.60098975842587	0.0838922652913563	0.447035311774745	0.721522021998781	1	0.655861471861472	1
PF17912.4	7.26062399898335	7.42117301959754	7.045450688437	-0.099441942893471	1.07080513675437	-0.0763345091330819	0.468666667831736	0.906235480897795	1	0.89747619047619	1
PF03459.20	6.79556794613255	7.00888586583792	6.49102233396935	-0.298216032396208	1.20910161960478	-0.189650488942518	0.402000003774635	0.920724555224097	1	0.636380952380952	1
PF13365.9	3.4940619349603	3.42384789785374	3.58451387139058	0.172465332293602	0.953040800119929	0.152969747335578	0.424666669521598	0.749141539077802	1	0.608112554112554	0.999346984241055
PF00498.29	-0.107795976434319	0.0806365078807891	-0.334261732242705	0.154781167650559	4.39802823584298	0.0298920712334983	0.48434377139911	0.804519906089726	1	0.781757575757576	1
PF01755.20	-1.96733430904938	-1.84270698339341	-2.087473505716	-0.38682853599552	4.47362355753797	-0.0806458620799696	0.455029981690227	0.701451807492696	1	0.72882683982684	0.999952922077922
PF05420.14	-1.88902306208287	-2.29103436232262	-1.50981634474935	0.675647960391305	4.25022638688884	0.124355620935205	0.431333335925431	0.640384700166745	0.999185194549944	0.601471861471861	0.992805653720213
PF02690.18	3.36661877514438	4.07426059833339	2.83197965484567	-1.16880869265829	1.5740928811294	-0.680405277541171	0.184543656958648	0.161920059648062	1	0.0963376623376623	1
PF02558.19	-1.62305753339202	-1.63259297014876	-1.60166000667216	0.100816117960744	4.05148286507879	0.0207071223787553	0.490339773841787	0.738748414761158	1	0.706160173160173	0.996323200832574
PF08546.14	-1.98055261338412	-2.2764647523941	-1.69388510990725	0.59453464668107	4.32185650866392	0.113224546151553	0.43637575189238	0.64474345175188	1	0.601883116883117	0.99732602040418
PF04224.15	-1.9372030907424	-1.7307681175444	-2.14173390047899	-0.472212621485585	4.37504330754477	-0.101992643152049	0.455029981690227	0.680097067520225	1	0.715670995670996	1
PF03553.17	2.36352667995456	2.22862563928129	2.50728713140627	0.215600691677996	1.54170365050752	0.127732317811375	0.437041974384842	0.72285106900577	1	0.638125541125541	0.999941351829988
PF01964.21	-0.162253973656989	-0.15269303953547	-0.166721014892815	-0.00381577588725346	3.68888804440663	-0.00051265353206602	0.499333333358025	0.76985288532456	1	0.783883116883117	0.999952922077922
PF02113.18	-1.85326188617873	-1.65027138672843	-2.01671381171414	-0.368076877803483	4.20096759098063	-0.0637813475525685	0.462000001415584	0.706648186928146	1	0.722337662337662	0.99924987012987
PF13286.9	1.53039964670052	1.85183843122709	0.992225489877844	-0.773474629394176	2.23189064997682	-0.272043072183498	0.328666673856588	0.464153282339307	1	0.444186147186147	1
PF02627.23	-0.212719426422602	-1.65404039779001	1.0351553320023	2.503597143721	3.17665091171987	0.696312928085431	0.183211212113461	0.182130151950195	0.997091591512833	0.112380952380952	0.928576268717151
PF12682.10	-1.1347633604384	-1.74267060553502	-0.599564066635287	1.12378368422997	3.76987656428055	0.238448114381935	0.369087280348433	0.541961248979923	1	0.479471861471861	0.988357478198074
PF12697.10	-0.458503519013557	0.30903878233833	-1.45605235092045	-1.63159404213824	3.72723093917688	-0.384546205026568	0.294000009189488	0.373761863396166	1	0.351207792207792	0.999952922077922
PF00754.28	7.40407355909062	7.3919380024256	7.43312330968629	0.370535645768655	1.91342498312789	0.206659272122216	0.382411730120278	0.386687353975524	1	0.506056277056277	1
PF00404.21	-1.42562125012503	-0.892972490796358	-2.00758815692486	-1.06425943159625	4.14051348012563	-0.234347990265407	0.380000004716091	0.552080321002224	1	0.565359307359307	1
PF02838.18	5.51362613579726	5.34694124527451	5.73629317194612	0.443169615868067	0.949493500600529	0.430528581803212	0.294000009189488	0.27766699736338	1	0.241341991341991	0.999155742967043
PF00728.25	4.47581360426902	4.27934766781581	4.69479210973075	0.441043835312565	0.722605580037054	0.563860958238921	0.258000011704904	0.206660753060916	0.999579829458508	0.215411255411255	0.979982540265664
PF16347.8	-1.40241219980503	-1.73782291730824	-1.07755960313075	0.481390249802904	4.37021235272282	0.0995193456854133	0.456666668283751	0.705900799212261	1	0.664251082251082	0.999988429752066
PF16576.8	1.2400171406274	1.78667257016059	0.788741528913218	-1.34223468870151	2.58291305300472	-0.46520989732076	0.295333342439321	0.267205473601296	1	0.338701298701299	0.999952922077922
PF03797.22	-1.93059175950506	-2.23714288786016	-1.58062954679592	0.675602177797592	4.25276264797467	0.141610415376809	0.429333336003963	0.651872106850359	1	0.612354978354978	0.994495247666849
PF07244.18	-1.01099711108735	-0.519510558644021	-1.42256420410217	-1.04492796477605	5.10596455368554	-0.175582176028534	0.407728184745777	0.615363988787499	1	0.63682683982684	1
PF01103.26	-0.990893395190945	-1.0224719092751	-0.953467886775041	-0.0742731600292172	4.08577650429594	-0.0177875228497481	0.492338441322757	0.773659647289918	1	0.783320346320346	0.999994473611495
PF02321.21	0.733371160346539	1.44996835920167	-0.416979917003328	-1.92002905939799	4.1067029059018	-0.404530590384592	0.295333342439321	0.343635932331554	1	0.336160173160173	1
PF05221.20	1.70301987758566	1.99011457355927	1.5184417286677	-0.315598761866058	2.68255328547562	-0.0883120056224361	0.441039309340154	0.764505576299982	1	0.750246753246753	1
PF00670.24	1.51993363512828	1.71685502086052	1.40622728239375	-0.236235351432497	2.65250897324623	-0.0627867644675578	0.457333334925171	0.789377082870936	1	0.78621645021645	1
PF00144.27	-0.49427650750233	-0.869356685918046	-0.144900760707491	0.402376856856654	3.99272686698279	0.0802368617644637	0.450666668511789	0.687968432706286	1	0.670584415584416	1
PF02910.23	1.45339107989756	1.51123125998275	1.39993823075376	-0.438101078181902	2.57570084311064	-0.126424702903481	0.427714859492894	0.61765602349815	1	0.690411255411255	1
PF01325.22	-0.458839502188324	0.410467405926533	-1.10673146338372	-1.34694901751177	4.22927349588475	-0.278438737807803	0.343333339767493	0.513477598469083	1	0.495272727272727	1
PF02742.18	-0.474927645928088	0.426527171151655	-1.13018528359732	-1.34033429675002	4.18370609405968	-0.269456919510196	0.350666672739211	0.541410550616305	1	0.504220779220779	1
PF04023.17	0.941847976094201	0.951868192841079	0.921699626347644	-0.00516892574677019	2.07485685146977	-0.00213300710956063	0.499000666259482	0.73653853766028	1	0.735229437229437	0.998640187338794
PF07498.15	1.09045985725443	1.75797767256213	0.673178078187444	-0.946846663254122	2.58971268194011	-0.314266985123058	0.325333340701651	0.513466415056071	1	0.433493506493506	1
PF07497.15	2.55960269276709	2.8845502223498	2.13703145081674	-0.748132172682314	1.18568365356312	-0.576005870050907	0.242666679631739	0.222522584220579	0.999905266269251	0.244324675324675	0.999641774891775
PF07719.20	1.79868663130945	2.64939804994573	0.532898222229519	-2.37841753769992	2.7842684375546	-0.794196292994014	0.143904090685488	0.0729795526056702	1	0.068991341991342	0.998778087598676
PF11104.11	2.70624325171033	3.03748686779769	2.01877593981422	-0.949505732625129	2.28033976602666	-0.34206791953197	0.325116596310885	0.327223063455065	1	0.408372294372294	1
PF01634.21	-0.693035687239385	-0.863779270268044	-0.609934668862951	0.101447853170218	3.68459107215443	0.0222082209964768	0.485676216386335	0.721763649067456	1	0.711779220779221	0.999562427773498
PF08029.14	-1.85719827283236	-1.54090469017194	-2.12665537729086	-0.505059499145307	4.26368505447727	-0.102306145617662	0.438000002332155	0.65053772513695	1	0.683047619047619	1
PF00920.24	3.02910636986715	2.62488087981258	3.35595742528081	0.845112423538311	1.31763215994087	0.572007464575369	0.230000014116313	0.156996489876251	0.999384362796266	0.170683982683983	0.966108425215462
PF14498.9	0.724287982194263	0.582621037590807	0.898654122856083	0.408557737131743	2.78847971484197	0.106934707816867	0.42438374703289	0.646330204214629	1	0.609060606060606	0.999602397602398
PF11013.11	-1.78809944757076	-1.54984050533218	-2.00503673710047	-0.344965894308114	4.12712756326617	-0.0736527873324299	0.46369087410161	0.692803752785266	1	0.704008658008658	1
PF01740.24	-1.38019730682744	-0.703064134523093	-2.03036949550284	-1.46877719785409	4.05982515019803	-0.301067778214481	0.346666672935199	0.459283669301953	1	0.475831168831169	1
PF01531.19	-1.00284389132604	-0.225974857046497	-2.04514848503961	-1.67602443639042	3.68982782440818	-0.383681015142953	0.29180547234046	0.364351895693726	0.997615870822788	0.366623376623377	0.999641774891775
PF03814.18	-1.8670618906813	-1.73452807239601	-1.99504618167352	-0.310490257487962	4.25031811905295	-0.067714056612505	0.466355764074866	0.702363354836262	1	0.707844155844156	0.998287896337896
PF03781.19	-0.790592014083781	-1.17657134916587	-0.412986830032874	0.965715386263977	3.83031374034184	0.200785452396439	0.385333337816007	0.585370061407425	1	0.524922077922078	0.996990047265177
PF01212.24	2.34124284308049	2.48743797995885	2.18477688150488	-0.317158704467333	1.45765656989987	-0.199928128359086	0.397068624895069	0.553542161815225	1	0.620225108225108	1
PF01882.21	-0.742428193877683	-1.07551254871623	-0.418081511729762	0.496351398474415	3.59483641466967	0.120412540626111	0.438374419369845	0.660978480662896	1	0.621982683982684	0.999096421079569
PF07991.15	3.56985843295951	3.42038622753535	3.69449352772268	0.346971080274038	1.47902763999509	0.16333608421825	0.396000004026034	0.432633312458663	1	0.529	1
PF01450.22	3.55094063219565	3.40881703304279	3.67573860575008	0.31062714273522	1.51006682312716	0.154997818476541	0.392666670834013	0.420419585067065	1	0.528787878787879	1
PF16499.8	-1.39027669450164	-1.42545184861124	-1.35184418840346	0.209572839611564	4.06111770035375	0.0411291923275978	0.47666666753275	0.746291142750198	1	0.708316017316017	0.998
PF17801.4	-1.02184690820245	-0.572508568990916	-1.43714405637042	-0.847822072911614	3.83233390697281	-0.187159513345453	0.399733514856683	0.589774181600187	1	0.597844155844156	1
PF01050.21	-0.668928087845342	0.48791445487649	-1.51997464681948	-2.31162019998763	4.38355458990222	-0.454086206989603	0.284666676458011	0.358383641198398	1	0.35238961038961	1
PF06733.18	0.440929319342191	0.256071372057523	0.588262117338436	0.246158296794451	2.87891041311806	0.071962243890377	0.458000001566609	0.69347790809443	1	0.67508658008658	0.99932964907433
PF13307.9	1.49981168690347	1.25892135617952	1.6382353388346	0.29581655746151	2.41097591599319	0.109091512468096	0.441039309340154	0.594450529982969	1	0.662792207792208	1
PF01891.19	-1.8568322909692	-2.24989204376161	-1.50937710701081	0.66894058827713	4.43892901409323	0.133443156794664	0.427333336082764	0.659449353586609	0.999589350363183	0.602255411255411	0.995314593513886
PF13190.9	-1.91683969032741	-2.21501478923138	-1.59455163388774	0.604249029084152	4.22443009136028	0.123871191898065	0.435333335769139	0.660148877735813	1	0.631004329004329	0.997165623849834
PF17297.5	1.62764219434933	1.48160692068737	1.77514576471738	0.25585728711462	1.52124073237821	0.144687446172018	0.430000002644423	0.682095714930258	1	0.628761904761905	0.994319378773616
PF00821.21	1.61680119526339	1.48316917647175	1.76393787401579	0.239675963394764	1.46433827032204	0.143456013462668	0.435333335769139	0.673339523013577	1	0.625082251082251	0.993524231865695
PF01510.28	0.602497191631336	0.828156089059597	0.284088905933778	-0.293758605347959	3.07441065911817	-0.0786400287690833	0.452000001794314	0.710641519040619	1	0.738367965367965	1
PF12838.10	7.70183189309851	7.49202412371381	7.75796217185523	0.157937631544129	0.780302139282864	0.180682205899	0.395069957424349	0.543987738862055	1	0.490679653679654	1
PF12971.10	1.45449582593794	2.04593250265366	0.611219551150187	-1.2422623662261	3.34173291811337	-0.317634420330801	0.330000007119284	0.449553840304386	1	0.41904329004329	1
PF05089.15	1.48927978280231	2.03236050595558	0.717000656477132	-1.18083710405073	3.3160925133835	-0.302673977362685	0.334443711074774	0.454239912524334	1	0.424359307359307	1
PF12972.10	1.48573523848358	2.0246361295036	0.737591067046776	-1.18393793860574	3.28658407332492	-0.303816183777722	0.313333341366566	0.437590159670879	1	0.405056277056277	1
PF07085.15	1.81707385702103	1.30124089417558	2.24476731999807	0.987668605159856	2.17890819636304	0.381664927329268	0.276000010379501	0.262343212144325	1	0.240497835497836	0.9899129016451
PF16385.8	-0.997422830127269	-0.569916414110283	-1.49856750447893	-0.890544876142994	4.59029094330443	-0.178532070825294	0.411059297201336	0.61450700392025	1	0.649051948051948	1
PF01256.20	0.215397722845412	0.577237507569722	-0.238571936199791	-0.666212306122914	3.82425431226961	-0.148168690425403	0.416389077132241	0.630706137988967	1	0.672493506493506	1
PF02590.20	-1.07157143767097	-1.43008729617569	-0.679489765769286	0.668934146126476	4.04383426494821	0.145085955150307	0.427714859492894	0.639028433707684	1	0.58652380952381	0.997671223099063
PF02472.19	2.24497123601195	2.72024043523164	1.83016130274222	-1.1232321707045	2.22325676350632	-0.452807960780767	0.263157906031298	0.187853840684136	1	0.264450216450216	1
PF20511.1	0.746583381723765	2.18400961546641	0.265525334542697	-1.49661789170928	3.13909725300026	-0.370608188050586	0.313124591645342	0.538364670768277	1	0.374242424242424	1
PF12437.11	1.75790960437886	1.72977695643533	1.79889801374359	0.035774028857821	1.69905518003598	0.0164176721890148	0.487008661373583	0.780636248227488	1	0.7464329004329	0.999644565960355
PF18318.4	1.80782813909387	1.79063920680356	1.83585957405172	-0.0124169664359934	1.70558877815537	-0.0056422353572639	0.498334443765803	0.763731333674784	1	0.773714285714286	0.999584980237154
PF14849.9	-0.54039153522257	-0.223639946001167	-0.938141995656824	-0.680981115052433	3.71414349345394	-0.160227839723611	0.40866667016615	0.599788096363705	1	0.640406926406926	0.998
PF03629.21	-1.04242633969564	-0.352619545463993	-1.52125533536306	-1.41975835620074	4.42129047513331	-0.277138228035407	0.366000005347005	0.522877037982701	1	0.521272727272727	1
PF01204.21	-0.329081917147183	-0.800158902478829	0.483563865034267	1.1697349644923	3.48325915812652	0.261008515601337	0.355333339180877	0.569905205312403	1	0.431142857142857	0.997955230682181
PF02073.18	2.10530642895272	2.62547702304398	1.64266675990691	-0.894601212845434	1.48800221531473	-0.542434118354605	0.260000011550008	0.27456225001031	0.998314911193659	0.274891774891775	0.999905844155844
PF01042.24	0.490447094892307	0.96878387306998	-0.237045112963545	-1.19354472238344	2.7949627048034	-0.34656218743528	0.314000007995311	0.365635055359401	1	0.41091341991342	1
PF00924.21	1.15650420661526	1.49447500916414	0.769674854618258	-0.756924076723577	2.26906995425527	-0.255606743883631	0.351099273198694	0.546822617174987	1	0.497705627705628	0.999838044308633
PF00209.21	2.33552208457127	2.80998618713737	1.98073613050866	-0.756679584516684	2.07777800097904	-0.294456031109898	0.32711526375861	0.36964442526944	1	0.420329004329004	1
PF00109.29	2.49636586171221	2.73398702814429	2.23200384247481	-0.596958799149387	1.55772237513899	-0.332737173393483	0.340666673234893	0.4141169242351	1	0.455112554112554	1
PF02801.25	2.51672666924299	2.76536031814092	2.30209653546631	-0.5931159556611	1.57468714701291	-0.338772288285896	0.346666672935199	0.43144057770308	1	0.462597402597403	1
PF04551.17	1.14612002843256	1.73712701303452	0.106803223113645	-1.4778963454786	2.94151204121738	-0.424629348533553	0.265156573436765	0.256128599252517	1	0.257584415584416	1
PF01757.25	0.592133386611156	0.323868860634976	0.739712811561392	0.7017222750041	2.99879631555687	0.202252654636852	0.398401069875784	0.481696119391753	1	0.539324675324675	0.999321802773498
PF12715.10	-1.62690708055472	-1.0685634795852	-2.0478552466746	-1.06985432305389	4.58656787427624	-0.207912770134031	0.385333337816007	0.582171793565868	1	0.594428571428571	1
PF02492.22	1.74813032754757	1.12468531892415	2.2273289289048	1.26034186362308	1.97298379655747	0.527616862199913	0.216522333906437	0.147908669040569	1	0.139121212121212	0.960731890082213
PF00708.21	-0.967802817568199	-2.21416978689816	0.143002660090377	2.16804294545568	3.68139627682923	0.515592345118824	0.257161903826699	0.288556820223773	0.999180047080233	0.21708658008658	0.966823182266078
PF01300.21	0.643652535574508	0.203828267899096	1.16083942745593	0.863534944275631	3.15550644604042	0.224292844812908	0.361333338897062	0.601513325335457	1	0.45782683982684	0.99862973034318
PF00069.28	2.40073295150517	2.63856822324042	2.22255047527198	-0.430807889945645	1.43028184362862	-0.27351665726587	0.373333338346419	0.568729207167047	1	0.549658008658009	1
PF08305.14	4.38176407913605	4.32184925285929	4.48808363245842	0.527738697772076	2.29158718804258	0.22378466672027	0.339333339969129	0.262622862674561	1	0.376571428571429	1
PF03692.18	-1.14977538783049	-1.27515920345856	-1.01694270601009	0.228974591643469	4.07783185832289	0.0397329087031236	0.479013991450479	0.73220477364571	1	0.719090909090909	0.999333170831594
PF08238.15	4.32280211352489	4.47513978711395	4.30632995881967	-0.227485154681246	1.71617488910208	-0.134633105786282	0.455696204183309	0.733194731033416	1	0.820467532467532	1
PF04519.16	2.30392242679389	2.25377092647004	2.32099683880476	-0.0694889935038319	2.51548993285126	-0.0251761518133049	0.488341106360851	0.741578641964052	1	0.854510822510823	1
PF01120.20	1.52065321072479	1.7330099554732	1.24871634360926	-0.650378278460465	3.20656061199834	-0.160025907744768	0.406000003609039	0.597498657413087	1	0.639982683982684	1
PF13899.9	-0.333912692159051	-0.320949927935373	-0.339637233571408	0.0873288233172822	3.4045790313727	0.0176054802046665	0.49100599633544	0.745928311347571	1	0.75974025974026	0.999459722096086
PF05656.17	-1.37215555380955	-1.18264060022023	-1.55482358955213	-0.272859313753809	4.03388576128926	-0.0577738434288054	0.470000001115125	0.701796323032697	1	0.747541125541126	0.99951525974026
PF02535.25	-0.386169059915695	-0.787404907026096	0.0969573318307848	1.0325199052163	3.3329529146103	0.265308254179627	0.353333339276837	0.526858598089038	1	0.455549783549784	0.995866260004874
PF03435.21	1.18517888628824	1.40602208381778	0.951617066018953	-0.486289639818301	2.35930831924554	-0.174531616871189	0.407333336887512	0.586980289082941	1	0.628787878787879	0.999885579937304
PF16653.8	1.19015591603897	1.39256301289769	1.0180602710733	-0.461535594003649	2.35094550032389	-0.168923474907072	0.406666670248255	0.576536305554673	1	0.632965367965368	0.999785528756957
PF03755.16	1.63932879487247	1.96471958605098	1.35712255293991	-0.478121611998397	1.9216898765294	-0.186539799748041	0.383744175098753	0.782454339623021	1	0.58417316017316	1
PF08340.14	1.67387372038438	1.99077216229932	1.3902945652812	-0.459692271384882	1.92983149442511	-0.178473553684151	0.393071289954061	0.761808358987342	1	0.58225974025974	1
PF07549.17	3.60991002406848	3.65014416833528	3.48056936960632	-0.369041301812087	1.41750925539444	-0.223155118642711	0.407333336887512	0.423763266945057	1	0.635424242424242	1
PF02355.19	4.27031407262969	4.39327738449867	3.96422998241236	-0.422489828580012	1.2543364698228	-0.319266028935043	0.337333340071168	0.340873927932446	1	0.455077922077922	1
PF13202.9	-1.93179236133975	-2.18691718882035	-1.65332902640597	0.475911651887569	4.18043339758482	0.0973094073950506	0.449033979253343	0.673255894466187	1	0.631121212121212	0.994509083659562
PF13402.9	3.70431243643143	3.45557965369231	3.91101963561803	0.519515648174527	1.25284271729695	0.381058816000171	0.32711526375861	0.365469292805318	1	0.329	0.999952922077922
PF05977.16	-1.12839594056736	-1.26339074211379	-0.989940321697003	0.234222637240387	3.92175539759802	0.0512391798759974	0.46502331908821	0.724448457860659	1	0.68978354978355	0.999464476336043
PF19528.2	-1.00992215364506	-0.291666935556772	-1.51408593852116	-1.37188358101924	4.52912207083867	-0.274155601584849	0.368666671891333	0.530342878174191	1	0.51978354978355	1
PF19580.2	-0.836511625449151	0.0781893299751326	-1.6746248939971	-1.71603656198887	3.8513568630963	-0.366484205643705	0.309793479244992	0.422228398067385	1	0.395268398268398	0.999952922077922
PF03030.19	2.10086138920025	1.62665007203151	2.36340723945435	0.446851477133931	2.37432894850509	0.144976446220679	0.427714859492894	0.773700293261213	1	0.626038961038961	1
PF00425.21	-0.341232329867875	-0.153024183558878	-0.514859433910397	-0.640382924218896	3.61655780164145	-0.140402995853652	0.42038641208195	0.635125645786898	1	0.671818181818182	1
PF00697.25	-1.95889851174874	-1.85478393665433	-2.0444117911896	-0.282852777457015	4.50507185812378	-0.055717910078027	0.468666667831736	0.702926537085795	1	0.73669696969697	1
PF13088.9	2.92104829987646	2.62285615208739	3.2350517250388	0.713337665727149	1.65036909671166	0.351784629108047	0.300666675444484	0.27310235808398	1	0.295125541125541	0.998375963823856
PF00507.22	-1.34419898189747	-0.771192011979195	-2.12266372470944	-1.19347414173746	3.94759260379335	-0.259189567622915	0.360000005626285	0.499617011234451	1	0.503822510822511	1
PF01835.22	0.196588094576957	0.737602005821255	-0.421472356609335	-1.17128738773884	3.16745791327831	-0.314588633994058	0.332666673645881	0.473336546883252	1	0.452796536796537	1
PF07703.17	-1.69482613046437	-1.21275877399824	-2.11665083034396	-0.919514486757245	4.18127630436043	-0.190656831209902	0.403333337052597	0.584346280581111	1	0.600688311688312	1
PF00207.25	0.328771630240251	0.908532709491599	-0.366193487478971	-1.28634130338221	3.15681748487496	-0.358431273729045	0.302666675323749	0.41589566896347	1	0.365298701298701	1
PF17973.4	0.188682761520244	0.670879671219092	-0.375386570210933	-1.04966254561806	3.15408744652709	-0.278452312532881	0.339773490948412	0.493488326515927	1	0.450082251082251	1
PF00285.24	2.59647506345367	2.04647395123634	2.88617135663637	0.899644697214041	1.51240305018844	0.471559200124782	0.262666678013274	0.214583054521196	1	0.220186147186147	0.9935223895179
PF13482.9	-0.131735188307516	0.356967496331758	-0.520902803244488	-0.75937784073647	3.62284662311018	-0.173256665129537	0.398401069875784	0.617672810509018	1	0.617419913419913	0.999952922077922
PF05157.18	-1.57202062543476	-1.66700286799462	-1.47955951346453	0.133059437406927	4.28420986586706	0.0333480115090064	0.486342438879956	0.723404773257316	1	0.698528138528139	0.999119914879002
PF00081.25	-1.18640154443635	-1.29193201461394	-1.07356363165307	0.134562625122214	4.20187657051669	0.0346158458274548	0.48434377139911	0.752641947087522	1	0.737714285714286	0.999671108694261
PF02777.21	-1.20683387491111	-1.28706629026269	-1.11319596100021	0.093465840261703	4.09187003936645	0.0184468243607585	0.488666667086636	0.762905774472326	1	0.736822510822511	1
PF00662.23	-0.208055731887681	1.05405890952556	-1.6564227252943	-2.59742371015495	3.6702649791048	-0.613272412107389	0.219853446149311	0.197693391660297	0.998454978808789	0.16812987012987	0.999952922077922
PF01512.20	5.10312746240942	4.82492792840146	5.30784944633438	0.40351271237409	0.787162300315072	0.482653491099482	0.270000010804815	0.241105126647758	1	0.22321645021645	0.998802425586754
PF10531.12	4.71773384523168	4.67066563183905	4.78043756751714	0.033977255283216	0.77052348253958	0.0329491754904972	0.480666667383788	0.77184352445859	1	0.740367965367965	1
PF10589.12	4.00294227419053	3.34368753480413	4.33565155068651	0.809341428831571	1.18832403396812	0.626420889085915	0.244503677013663	0.160273241502818	1	0.159398268398268	0.995783793432858
PF01522.24	2.07452058081509	1.73618305599624	2.54348199278168	0.620776104145715	1.6624499115993	0.32229791567281	0.353333339276837	0.485852433107847	1	0.421709956709957	0.998088915016615
PF02470.23	-1.64918123533582	-1.6945108809106	-1.61908139441616	0.353684015581755	4.53812774498212	0.0632019230216112	0.464666667981876	0.735668559624017	1	0.70278354978355	0.996084894053315
PF06325.16	1.02167452780145	1.03781196929527	0.989240363446623	-0.108636291220896	3.26206743204283	-0.0271584012515967	0.479680213944031	0.721573455516793	1	0.839580086580087	1
PF02446.20	2.9489840006339	3.22196648586974	2.70785120148019	-0.492296311690119	1.08300932669988	-0.396484721007362	0.310666674852809	0.401787973751119	1	0.397186147186147	1
PF00919.23	3.06826276702587	3.11696297765806	3.0259804449358	-0.00808668662090906	1.64790683984148	-0.0046224321785198	0.498000000074075	0.761367290956731	1	0.817471861471862	1
PF18693.4	2.03512099949076	2.49315758838117	1.69649904469322	-0.715195467619388	2.07883956658987	-0.287007735418669	0.348434383255266	0.415205190994046	1	0.471532467532468	1
PF04408.26	-1.85111749222424	-2.15974641341374	-1.49476848592921	0.755149470557939	4.46840307419807	0.156439626818848	0.424666669521598	0.63482851953164	1	0.595095238095238	0.996555256027048
PF18565.4	4.22952166976046	4.21514402663398	4.26306635494137	0.43154961004429	2.02994982916339	0.204310086586599	0.387333337729382	0.394354658515235	1	0.502277056277056	1
PF16193.8	1.57113080343067	1.17313620591216	1.91853314183629	0.744353905007064	1.61261708011266	0.365830312848875	0.29913391958556	0.33611615779361	1	0.325324675324675	0.979844022005205
PF12002.11	1.59042450344987	1.17706424209574	1.92038636003532	0.747033809355318	1.5080927035027	0.402481096683034	0.298000008940754	0.310857843756562	1	0.302316017316017	0.983280962634399
PF02283.19	-0.507934426523642	-0.753825705544299	-0.25508441127079	0.521439004136395	3.86187107996149	0.115191706113494	0.42704863700083	0.661796061327794	1	0.634584415584416	0.999629673356946
PF01301.22	0.25941918731997	0.202647221228526	0.294592646265637	-0.0987083531015642	3.39511838535592	-0.0227977225122988	0.488341106360851	0.760762643019919	1	0.807168831168831	1
PF13505.9	-1.11280959243293	-0.581552340112975	-1.6556330596671	-1.04821653088607	4.10658336437165	-0.217574118565	0.386666671091537	0.578171430189476	1	0.58382683982684	1
PF18765.4	-1.45773290827171	-2.18937822373049	-0.637582676797803	1.33694438532412	4.37640427078348	0.262408844741567	0.356000005815711	0.503398270369088	1	0.440359307359307	0.989862610851529
PF16870.8	-1.86038707664012	-1.75486002698135	-2.00336071867805	-0.236942117978251	4.3412048520684	-0.0483156200182103	0.473017989008912	0.693507587288943	1	0.725025974025974	0.999409002361275
PF01663.25	-1.95551874443481	-1.67316844106243	-2.22855879109684	-0.701760986883109	4.46391958038946	-0.133945490172538	0.434000002487791	0.665450221175409	1	0.68217316017316	1
PF09382.13	1.58560844938781	1.87068932685982	1.17848596893378	-0.676253806452519	2.37191186509197	-0.247100950862036	0.381333337990732	0.616296948493753	1	0.585640692640693	1
PF00570.26	1.60594622515696	1.88661314190973	1.25659034997765	-0.654018344737161	2.37950780251488	-0.240010639282997	0.385742842566878	0.610476831670101	1	0.569588744588745	1
PF01643.20	0.830013530760274	1.22057539701952	0.463654383129716	-0.652054369992579	2.19269122679891	-0.246510571499081	0.371333338436713	0.577621889884082	1	0.547017316017316	1
PF07786.15	-1.77317661701512	-2.15185888531854	-1.41196888516369	0.539054129231465	4.16010785664342	0.111134423005011	0.437708196877331	0.630263309205774	1	0.594480519480519	0.985824856854532
PF04235.15	-1.64519510990197	-1.22957966058998	-2.10379243989099	-0.832239455053682	4.02779753637181	-0.17267784954655	0.406666670248255	0.588265102712857	1	0.610506493506494	0.999952922077922
PF01704.21	-0.74127773314019	-0.145758290651649	-1.15966696894269	-1.4130806326499	4.57912276381493	-0.266171215595031	0.378414395186208	0.579890443767923	1	0.56161038961039	1
PF08241.15	1.48317098733723	1.45368645875171	1.51015412774486	0.151968450596284	2.68948473569573	0.0513177201857223	0.468000001190059	0.599789993305863	1	0.701831168831169	1
PF04991.16	1.93077857807627	2.27929504715747	1.45923340131253	-0.730865671488259	2.01941520537171	-0.285569653928254	0.336000006806324	0.553761454087926	1	0.443082251082251	1
PF02698.20	0.418617986181874	-0.786316303934836	1.14684475195973	1.97445398880798	2.58315484288415	0.666342312734629	0.182544989691855	0.128748366656327	0.995715346498388	0.120709956709957	0.911350871736531
PF07726.14	0.16634715778926	1.16977486996231	-0.874223264207559	-1.86095606425022	3.21261074261361	-0.468311851183748	0.248000012511435	0.289697950000003	0.999105581867314	0.241220779220779	0.999952922077922
PF17863.4	0.189256600552057	1.18598938142752	-0.928051821012284	-1.87672232690732	3.32598920313767	-0.488946604714002	0.247333345900539	0.271709635412785	1	0.237017316017316	0.999952922077922
PF12541.11	-1.64374927597333	-1.6656533941159	-1.59960556668694	0.106990822547938	4.19619731338434	0.0239762504262099	0.488341106360851	0.736572598774244	1	0.713900432900433	0.99764646745308
PF04015.15	1.57344762195732	1.79308715936932	1.39387980036915	-0.321690115958754	2.51065310330789	-0.104510776161184	0.439040641862385	0.716379366900291	1	0.733861471861472	1
PF17785.4	-1.47079928329677	-1.48767072055938	-1.43697009920814	0.00924207089890228	4.09345805508189	0.0026418629392111	0.49866666671605	0.757686203838939	1	0.749753246753247	0.998332311631584
PF10672.12	-0.308927091336875	-0.816889464185387	0.0624848272107448	0.908323700339643	3.1101961524953	0.244763246747676	0.361092610497623	0.471851024511745	1	0.463376623376623	0.997420794885492
PF02678.19	-1.58247722952958	-2.08679270516081	-1.0746619955074	0.950799357734489	4.21792552844698	0.19918331575698	0.398666670580509	0.573320412966862	1	0.52412987012987	0.997296384626303
PF17954.4	-1.60525748156327	-2.25190435609941	-0.946109203367739	1.19011519448784	4.15610010050776	0.253632869214912	0.371333338436713	0.534203864079782	1	0.476991341991342	0.989271229745553
PF13667.9	-0.792324378168417	-0.54481619617022	-1.04344201870506	-0.538848637860793	3.907711735462	-0.115601637261209	0.426666669442425	0.669467378817602	1	0.671857142857143	1
PF07732.18	-1.29376062538647	-0.921164135763788	-1.58549863648419	-0.894367015810938	4.67073981993289	-0.157808288137714	0.414000003282288	0.650989130475241	1	0.667541125541126	0.999952922077922
PF07731.17	-1.3417052384434	-0.965153892899931	-1.65195117624537	-0.863899073651103	4.63924045180848	-0.169751297446433	0.40933333680553	0.639265567794974	1	0.674878787878788	1
PF02844.18	2.84333834844785	3.07365446668689	2.54262320826326	-0.4951777121794	1.1322006620323	-0.384700566889093	0.311125924204762	0.348120029596274	1	0.374255411255411	0.999952922077922
PF01071.22	2.83432626180779	3.06402539289271	2.54518754006992	-0.502365414302	1.07437267809069	-0.414103662505566	0.315123259087011	0.341630865270161	0.998907225214964	0.367683982683983	0.999688852813853
PF02843.19	2.80391310683374	3.0498477533949	2.4840984155961	-0.526050336903448	1.15886070886322	-0.417546773349084	0.295802807199215	0.319194953614239	1	0.352982683982684	1
PF01618.19	3.75166877430539	3.91138764735966	3.58021601753669	-0.41565961059912	0.987211653109961	-0.365319330064029	0.31978681645501	0.298162988638015	1	0.406952380952381	1
PF08323.14	4.37603512607206	4.16551237197101	4.53045784495451	0.393967327098109	1.09241353446333	0.211127759932163	0.337774823495102	0.309951049928548	1	0.364952380952381	0.99992121861269
PF10996.11	2.87550643711806	2.99104696549609	2.77228635389049	0.087626025389631	1.60527683057435	0.0467438624799058	0.477681546463399	0.68073456182172	1	0.788701298701299	1
PF14057.9	6.08133138568131	6.12956114457802	6.04746057430367	-0.0725727351509331	0.7665767645438	-0.0683918969951425	0.456666668283751	0.747068499035145	1	0.800004329004329	1
PF02086.18	-0.0466162246141639	-0.205982039381223	0.146276322209872	0.33253649041821	3.14350613160091	0.0866401020696505	0.450366424239179	0.751178088949658	1	0.674965367965368	0.998613535434496
PF03331.16	-1.40298763292343	-1.21781334958246	-1.56610357202898	-0.446637676237978	4.12458811270474	-0.0950029676726162	0.444370421803586	0.707441097065599	1	0.739541125541125	1
PF20154.2	-0.338093873315688	-0.0614664487150955	-0.573290175955104	-0.586373415420904	3.36050046722568	-0.141630253747345	0.415056632149291	0.646334361167393	1	0.665909090909091	1
PF05140.17	-1.57102497482698	-2.15118329979454	-0.886275247076277	1.21439070737036	4.37459526207811	0.235156354810269	0.380000004716091	0.547397291166976	1	0.490424242424242	0.994901511587271
PF13437.9	1.28524662788989	1.47352324033109	1.11941924241759	-0.57237334920399	2.12411420473979	-0.219800983263726	0.384410397588074	0.473006103125661	1	0.587675324675325	0.999952922077922
PF00701.25	3.51838162479692	3.22125301568282	3.71634565363679	0.0919505655168393	2.01618865534464	0.0438394351492879	0.48101265893116	0.794074321364073	1	0.802593073593074	1
PF07221.14	1.59396107992219	1.54249896464275	1.63372317394417	0.0573506715609531	1.90878174105888	0.0249263947210642	0.487008661373583	0.750248280584511	1	0.749155844155844	0.999264126498501
PF12900.10	-0.857214583225628	-1.21763197789454	-0.430726122857003	0.936952812133779	3.94112129157104	0.196586938006249	0.392666670834013	0.579230251088852	1	0.532385281385281	0.99883712320204
PF02607.20	1.54884296860133	1.55631806375327	1.54487214406216	-0.0606471189984319	1.42088418067061	-0.0369991559235897	0.48301132641191	0.724587206715494	1	0.77030303030303	0.999022704568159
PF02310.22	3.36169796836239	3.5043987267477	3.21200895704021	-0.371021885698974	0.970998941154854	-0.343846008892042	0.338000006703729	0.366369702954437	1	0.464220779220779	1
PF02965.20	-0.467520301531628	0.328171495753094	-1.5112889435038	-1.92504512778375	3.02280824228618	-0.567824049291394	0.226515670662955	0.187548247626578	0.998613450147863	0.223943722943723	0.999905844155844
PF01326.22	8.48555810935538	8.49565575136396	8.47421624493527	0.0720524953174042	0.877130511318713	0.0801659039461512	0.460666668132528	0.654844734589451	1	0.78543722943723	1
PF01642.25	2.97440380969606	3.09901524322013	2.9030225078405	-0.23671224839025	1.27067338178732	-0.192796238787295	0.413057964675142	0.661660721453363	1	0.676688311688312	1
PF13669.9	0.625365409791654	0.77587988828514	0.179356066685174	-0.431059008209663	3.23605528192877	-0.105849250135751	0.443037976818143	0.567325378860415	1	0.731255411255411	1
PF02082.23	-0.138994645622422	0.351714818506419	-0.628024467824528	-0.926630215578754	3.26829567244181	-0.244558361854308	0.366422390397075	0.537824052659525	0.999219182136692	0.521212121212121	1
PF01039.25	4.50025334643212	4.83273314130023	4.25271141819705	-0.574656017458007	1.21722420351908	-0.352608353494137	0.270666677423451	0.482816150106522	1	0.252857142857143	1
PF02075.20	-1.50499609581855	-1.46660213045277	-1.54218426863694	-0.201179944016052	4.33881504680184	-0.0412824675626833	0.481333334025656	0.737666183937331	1	0.767376623376623	1
PF04909.17	-0.923034793713478	-0.775415885332881	-1.0648386440016	-0.436344389646847	3.92569040640939	-0.0949764100077548	0.451032646732127	0.661338034262358	1	0.713800865800866	0.999988429752066
PF00303.22	1.36659908678756	1.63580390613472	1.30704094251965	-0.201371853013799	3.29773930079216	-0.0484950419236196	0.471685544022008	0.75599993194877	1	0.818121212121212	1
PF10609.12	1.56983094805918	1.67486029082957	1.42159759828547	-0.385713804191512	2.14562042465656	-0.144297764693886	0.414666669921978	0.470851981152314	1	0.652402597402597	1
PF03977.16	3.74958463289399	4.02255940898868	3.42290196456578	-0.519962257254178	1.0304122771765	-0.362034014440652	0.278481022852703	0.603441803959075	1	0.311718614718615	1
PF02684.18	-1.92193430027246	-1.72168269159215	-2.1125161590952	-0.437545987220834	4.29833778766379	-0.0787397637076865	0.463024651608331	0.684485785802503	1	0.698727272727273	0.99913859776587
PF02550.18	2.82957569894519	3.03047834652341	2.64726014982106	-0.293845136310861	1.41627235262555	-0.173397940353121	0.404397072291237	0.803324090606237	1	0.636168831168831	1
PF13336.9	2.88297329638239	3.06333770193407	2.73576068992757	-0.264037698111501	1.38114664744869	-0.165769937509607	0.42438374703289	0.736217267509374	1	0.657532467532468	1
PF00199.22	-1.93940827350314	-1.83719494001913	-2.03373146741047	-0.389303211444884	4.6042824267599	-0.0742391488460002	0.459027316648982	0.690622850307938	1	0.721774891774892	0.999952922077922
PF06628.15	-1.94539596050426	-1.81306958377914	-2.0781352028052	-0.484714197449658	4.54392419668542	-0.0873171614583504	0.455333335000962	0.690876951730511	1	0.729532467532468	1
PF19567.2	-0.466458123246922	0.373163637613061	-1.47355881525266	-1.83334752290232	3.40973724682729	-0.476116204480836	0.261825461095393	0.289997467184152	1	0.284493506493507	0.999468181818182
PF02397.19	2.36978300306494	2.47553574281808	2.26891429377246	-0.157140026870473	1.6152450874189	-0.0661463513955383	0.451698869225096	0.789248158813867	1	0.753632034632035	1
PF04932.18	0.719871233300815	0.877924757584339	0.597276582144255	-0.198899041488995	2.776268881344	-0.0591303300036912	0.462358429115068	0.776200883573669	1	0.778835497835498	1
PF00933.24	3.92883078808829	4.24009388688211	3.50009173599148	-0.748395243396047	0.850283936711287	-0.84373699264595	0.17800002037699	0.0980834514016013	0.997214260009431	0.123558441558442	0.999421103896104
PF01058.25	-1.10721094561423	-1.68663761469683	-0.539062861249271	0.734946783278975	4.4528246367651	0.138410427498051	0.430000002644423	0.631851845150728	1	0.611186147186147	0.999231729634002
PF01155.22	-1.87959755628974	-2.17370034713048	-1.54290846726521	0.649722840769051	4.28630504311761	0.126655583861396	0.437041974384842	0.651490413478524	1	0.621034632034632	0.997624457656051
PF13385.9	3.45907115537721	3.13615247385196	3.80911009889195	0.710076260810469	1.97580394325484	0.261331166140055	0.256000011861867	0.666180985480083	1	0.189073593073593	0.9997248632461
PF13004.10	-1.62182461372277	-2.25080753461053	-0.935766385725628	1.21881904575766	4.14091420803213	0.246034394274234	0.364423722934262	0.533149308449757	1	0.476831168831169	0.992877028551229
PF08534.13	0.508582122374294	0.41448743616068	0.592891369366185	0.292707162135676	2.58937099004846	0.0766904564768887	0.446369089281922	0.692698261431591	1	0.647359307359307	0.999362733880921
PF13246.9	-0.787475958108192	-0.32342534761047	-1.09335945291485	-1.18596724156546	4.44724046446271	-0.22669794624703	0.38800000436728	0.57983232638473	1	0.601121212121212	1
PF07669.14	1.69173822230483	1.94249610379432	1.48029295910922	-0.255263492675591	2.99768792360481	-0.06150995434693	0.448000001946984	0.816609385582581	1	0.774233766233766	1
PF12950.10	-1.96319656320825	-1.69519618887364	-2.22583094136504	-0.358756336635876	4.22769848046769	-0.0738924835749648	0.462000001415584	0.678253388583422	1	0.704164502164502	0.997711929987306
PF00520.34	-1.92751952123457	-1.82534985734342	-2.04484769232	-0.299940758726296	4.4757189382839	-0.0582650786590217	0.474000000965574	0.704348498407203	1	0.720558441558442	0.999811157024793
PF02548.18	-1.19765605574937	-0.748631912781315	-1.57642366223102	-0.740570930937936	4.01706191141181	-0.158643344588464	0.410666670084409	0.635704111908302	1	0.643415584415584	1
PF13905.9	-1.74440647290629	-1.47644641398625	-1.97775588026193	-0.678888006781442	4.72024049991245	-0.136476123959559	0.428381081984987	0.629391006469795	1	0.669073593073593	0.999952922077922
PF07698.14	-1.51176559089779	-1.46618990765638	-1.5613252714859	-0.0370712674911919	4.20978492779967	-0.00903533259073318	0.496666666790129	0.756569996101482	1	0.771926406926407	0.999871582365003
PF01202.25	0.352342210634288	0.711223239478307	0.0310811573874705	-0.620203401900654	2.93115478077519	-0.159228167929012	0.38840773252513	0.638830246603622	1	0.600255411255411	1
PF16355.8	4.02132441658329	4.02129826294206	4.02132441658329	0.335276148030731	2.02749077758847	0.157105978108109	0.412000003363445	0.551894332135046	1	0.590800865800866	1
PF06415.16	4.03817719122702	3.88109740234019	4.22575970988534	0.420098639427078	0.900607163472173	0.405397783452439	0.295333342439321	0.292146012374717	1	0.292354978354978	0.995115773915493
PF03061.25	0.336371191270358	0.606760666487939	0.102331310437284	-0.42327324804872	2.73781032744675	-0.121769223592567	0.430379749461449	0.734977222831847	1	0.690354978354978	1
PF00158.29	0.182135596110791	1.13495306733616	-0.609759157291026	-1.76060656102795	3.44781099454597	-0.449360229024197	0.274000010519555	0.305214307054795	1	0.303935064935065	0.999952922077922
PF02954.22	0.299609101688025	1.30900067161384	-1.57156133370552	-3.02029528056667	3.06414062916734	-0.902342057572955	0.12266669913124	0.0584590393564146	0.995552205232948	0.0646406926406926	0.998878246753247
PF02609.19	-0.851649076212688	-0.942751066273919	-0.767705252891228	0.135219932792375	4.05581543179385	0.0333695505945391	0.481678881424736	0.743744265494844	1	0.7414329004329	0.99847754757875
PF03739.17	-0.361998893306898	-0.614769023862513	-0.226128207671279	0.10888484468299	3.93380486625074	0.0283707081080523	0.48434377139911	0.734780516560481	1	0.75295670995671	1
PF01553.24	1.06397980023801	1.13629311450427	0.985132934603791	-0.0860331148564768	2.26256930038475	-0.0330849965532826	0.481333334025656	0.733696304789166	1	0.746709956709957	1
PF11412.11	-1.81775918209652	-1.55010027851147	-2.05523496475859	-0.607843069392357	4.28051433926194	-0.116273696754985	0.443704199310853	0.674756913960809	1	0.695229437229437	1
PF09180.14	2.7841008793334	3.17800292677905	2.25604600582161	-0.763726100615293	1.68185489887769	-0.30274386542273	0.323333340809957	0.681642167662858	1	0.385229437229437	1
PF01061.27	1.1911489744777	1.82527768281457	0.517357613205236	-1.15187926232722	2.30927515180168	-0.411288640068555	0.284477025113961	0.423413064060295	1	0.302731601731602	1
PF07494.14	0.00510382493908867	0.744450321693805	-0.792984359923566	-1.30164084560979	4.20011429590421	-0.27321279226923	0.367333338619035	0.506639809539795	1	0.525935064935065	1
PF14537.9	-1.84956184050659	-1.70161398922739	-2.00089802523223	-0.288422896802969	4.25034584007588	-0.0633351141228472	0.467688209061577	0.70310931533234	1	0.715064935064935	0.998603896103896
PF13287.9	1.57217807675746	3.03475322066108	0.709709599714746	-2.26325291160816	4.01121551655406	-0.517231332209438	0.223333348102116	0.249913749833011	1	0.167922077922078	1
PF12679.10	-0.117020535143381	0.0939607780185732	-0.377826076587343	-0.457276848583984	3.4376343610826	-0.116644585085374	0.437708196877331	0.664181563000869	1	0.723207792207792	1
PF13500.9	-0.534467722024925	-0.234550253686828	-0.893494568518466	-0.497583466373022	3.84799264395352	-0.0963793898662681	0.43970686435495	0.666333272353114	1	0.702385281385281	0.999301948051948
PF01235.20	4.03189375277158	4.09998315483729	3.87298912601561	0.0821421052430829	1.60841475869223	0.0397889986591348	0.48301132641191	0.753675453575132	1	0.812865800865801	1
PF13379.9	-1.41165002834794	-0.758595504166309	-2.10236229770275	-1.23126893272597	3.8453754409087	-0.272968994756651	0.35443038562977	0.507919269528028	1	0.502238095238095	1
PF00023.33	-0.797660876536011	-1.7748952421303	-0.0269870467898725	1.57053609298586	3.4829034628919	0.382935288392071	0.29600000906446	0.384391669357684	0.998833628160621	0.315	0.969362013526963
PF03950.21	2.99966458412081	3.39111340430929	2.76643011903565	-0.574757876684912	1.1996243765548	-0.397071886603944	0.301798809497187	0.513559033979323	1	0.370606060606061	1
PF17764.4	1.40241280287103	1.57582751360239	1.2172927388603	-0.405600819035864	1.90981487435292	-0.154468511897908	0.40066667049685	0.611573242573038	1	0.611181818181818	1
PF18319.4	1.4229168387151	1.58679550143411	1.23259083391445	-0.372402922794449	1.87452054207829	-0.139445270285139	0.400399737347201	0.626743718807896	1	0.623675324675325	1
PF18074.4	1.24396975091401	1.33617172847844	1.14828740595005	-0.213973784168232	1.8745192806086	-0.0746907342105048	0.442000002177447	0.678085032243514	1	0.70678354978355	1
PF00768.23	2.34489445872407	2.57585402427489	2.1439544082358	-0.413852403218333	1.54803921204459	-0.217226565660275	0.37574950523133	0.563108625354011	1	0.564645021645022	1
PF01678.22	2.05397185789855	2.05269141248997	2.05805922993899	-0.112230036162287	2.07761787689201	-0.0426576451411708	0.472666667682047	0.736658254039201	1	0.799506493506493	1
PF08281.15	3.45025391581607	3.64197057441675	3.19239408500805	-0.457099613870532	0.896480937154351	-0.464045036341473	0.294000009189488	0.274252200615242	1	0.341298701298701	1
PF13673.10	2.0066120108719	1.90196249935352	2.1291748791683	0.303672650866463	2.04969642451295	0.116916972339732	0.434666669128451	0.644095370997344	1	0.632030303030303	0.999356001408964
PF04127.18	1.54748953714527	1.47046388889597	1.59186412922184	-0.304874139499045	2.69145357317097	-0.0993138291635595	0.455333335000962	0.715288956875369	1	0.789666666666667	1
PF13376.9	-0.796158039316145	-0.636777016954515	-0.947431716448195	-0.13667245633367	4.0186790870789	-0.0309453071145384	0.48301132641191	0.75208474263284	1	0.786761904761905	0.999952922077922
PF01041.20	2.78514227602947	2.78591047686539	2.78424825922431	0.0197527979152241	1.0788517554874	0.0179171669304004	0.490000000370519	0.681924351533801	1	0.707307359307359	0.999794972785304
PF00456.24	3.41853573418603	3.41860196879384	3.41680945512038	-0.019839730163997	0.956956591694961	-0.0212223765902181	0.491672218829097	0.764169875202041	1	0.800419913419913	1
PF05343.17	1.3203944292394	0.851746738017924	1.76131441331772	1.09064348580795	2.00917654184137	0.477019084913959	0.283144580165811	0.270427465822531	0.999535494925794	0.273406926406926	0.982908132587881
PF10150.12	1.91833644260659	2.1082825219539	1.71572017317602	-0.296027560082114	1.70699063488253	-0.121628730551155	0.426382414508798	0.763600987944659	1	0.663255411255411	0.999763929618768
PF07555.16	4.7158928812593	4.56888135767235	5.02702435084208	0.558176045475173	1.52183039684192	0.324816701366035	0.32844770872428	0.483799063190952	1	0.328251082251082	1
PF06725.14	1.3424405039762	1.93214840859412	0.858900286621924	-1.23997691725414	2.11669052612499	-0.486171842939219	0.255333345247989	0.247773469567452	1	0.277155844155844	0.999201798201798
PF00218.24	-2.03156194018791	-2.29732347649867	-1.75095598926088	0.544803579295328	4.48980784134773	0.101494838445419	0.445036644296342	0.690382633496185	1	0.642320346320346	0.990383225108225
PF02021.20	-0.817892335259396	-0.30190731974474	-1.58855405824583	-1.16999474284971	3.3915426327071	-0.280491964956075	0.341772158402536	0.458448884784522	1	0.494493506493506	1
PF03819.20	1.02334930664407	1.7948460939391	0.0598320654144064	-1.57840216604077	2.67203662933624	-0.491486302637769	0.234000013740834	0.323666066883035	1	0.205536796536797	1
PF01612.23	-0.0134908656554149	-0.142247108060612	0.0589727578391441	0.00359033042238632	3.41096118052718	0.0011811419979749	0.49966688875316	0.73998426058053	1	0.760554112554113	1
PF16654.8	0.738312610598644	0.980915671355775	0.509386294770388	-0.477320382835147	3.21732543280223	-0.12161857242558	0.426666669442425	0.705612307946888	1	0.690541125541126	1
PF02517.19	2.40871423897316	2.52383894492069	2.23249608988571	-0.257056540715075	1.58197986353657	-0.103719593165642	0.427714859492894	0.500955323926619	1	0.657121212121212	1
PF19576.2	-1.88621286022103	-1.68002344258263	-2.09221306489273	-0.357826857912781	4.20502181678276	-0.0658407512918167	0.459333334849536	0.689434638363908	1	0.703597402597403	0.998764135864136
PF13444.9	-1.84622962014594	-1.61221543210686	-2.03871928885094	-0.733161247458739	4.60498215937995	-0.132793132211251	0.435043306907536	0.635915153388599	1	0.669038961038961	1
PF14238.9	-1.49379696249763	-1.64890001052499	-1.29833629379272	0.387706429581648	4.14537895428994	0.078640674565035	0.455333335000962	0.704834068716501	1	0.666441558441559	0.998545594218513
PF01613.21	2.30632257140294	2.57470766449927	1.92096770111777	-0.70283968907547	1.27384057846253	-0.50420121126003	0.271333344042284	0.242736267240426	1	0.292103896103896	0.999905844155844
PF02012.23	-1.49981411526237	-2.26777737809989	-0.514790835125808	1.89608678881521	4.77960946126063	0.351319140960888	0.325333340701651	0.41682976532585	1	0.360398268398268	0.990726363883805
PF00667.23	-0.516128294192445	-1.71742611790594	0.36157215532307	1.99622480595287	3.28656830787144	0.526134971216874	0.237333346769876	0.251705151680716	0.997855913861353	0.199675324675325	0.964050430176731
PF00175.24	3.67829091229323	3.6050004817925	3.76560363197442	0.12689212117441	1.06729801993224	0.104496438270271	0.446666668664708	0.763396769249981	1	0.664160173160173	1
PF13477.9	-0.035509656425897	-0.138099230049834	0.15852736186916	0.286379540104257	3.70969021387335	0.0607117430335342	0.464357096594903	0.764713154815548	1	0.697290043290043	1
PF10555.12	0.778620498773613	1.05629715912991	0.172879194440733	-0.798894666337614	3.1009123989698	-0.217945581430742	0.38800000436728	0.416373278891729	1	0.570709956709957	1
PF00953.24	1.43597847325554	1.72095084174512	1.11230603820188	-0.635002642991768	2.23276457948527	-0.233572454918934	0.375333338256687	0.464255255697811	1	0.532939393939394	1
PF03033.23	1.47142406744888	1.23616326871215	1.69958414632671	0.534889650857947	1.57043214378307	0.268498715257596	0.360666672261638	0.43754081221177	0.999650210229955	0.444891774891775	0.982888108655476
PF04101.19	2.13223727626002	2.07985117791472	2.19599155393613	0.117000479033901	1.24070027681258	0.0835731508591726	0.458361094155813	0.675058718545853	1	0.660233766233766	0.997397820507195
PF08478.13	-1.27052022971512	-1.5486459433407	-1.0574437837622	0.322758648146432	4.03538519586868	0.0699884253412191	0.459693539142167	0.691576778995475	1	0.683822510822511	0.999358554488989
PF13529.9	0.249222641948323	-0.058069033982334	0.56949309202402	0.695283848006948	3.39650822633804	0.180491027442233	0.397734847385403	0.625640609454659	1	0.553151515151515	0.999396822897709
PF04616.17	1.96357409234924	1.73685249886776	2.1461310993658	0.510199873065181	2.0716385349855	0.184805531137712	0.37466667161987	0.403000688019317	1	0.486926406926407	0.998440749653436
PF01128.22	0.964490169772818	0.952413409106623	0.972065522275174	0.153900808523091	2.14956108615185	0.0576603192474678	0.467021986568215	0.692971964353878	1	0.686	0.999822727272727
PF12127.11	-1.17826147337228	-0.542230849196176	-1.6582589346117	-0.993357297762283	4.30855576043038	-0.196506138591954	0.395069957424349	0.58481696864781	1	0.576649350649351	1
PF05690.17	-1.58621033520688	-2.21076679895947	-0.946629621962522	1.14606939059898	4.0260318504233	0.237786924396683	0.368421057860494	0.562277422474484	1	0.495982683982684	0.995493390588175
PF05593.17	3.02979348939287	5.65563077832783	1.41470485917105	-3.87469789899925	6.61391572530257	-0.575280764604307	0.232666680531382	0.239161957525622	1	0.167939393939394	1
PF06574.15	0.199679727552584	1.31378286110562	-0.939037278725931	-1.87736650399048	3.97916118314221	-0.427739345975474	0.26866667756814	0.335023181041335	1	0.27195670995671	1
PF01687.20	0.278317490657264	1.57694288250014	-0.903269201388959	-2.09952535676956	3.91254486175447	-0.46817803973415	0.260666678165493	0.32965321905565	1	0.240073593073593	1
PF01075.20	-1.2600814748432	-0.939887806734242	-1.57063871633329	-0.513381921268081	3.96313068528284	-0.113446502257938	0.432378416938174	0.651055633049503	1	0.663510822510822	1
PF02577.17	-1.35220227531936	-0.552079632130928	-2.15287153678277	-1.5763447265856	3.99300857679763	-0.321871876844465	0.32644904127593	0.465927368132619	1	0.450380952380952	1
PF01078.24	-0.0711051098518443	0.554951834994302	-0.967128256784886	-1.47324412054231	3.19804359403327	-0.389930454082357	0.301132587019072	0.326448777706441	1	0.365601731601732	0.999952922077922
PF13335.9	-0.0436090350180613	0.648136207343046	-0.967103742832041	-1.57256207824704	3.17900447764532	-0.42368491751454	0.286000009703439	0.335954175183667	1	0.35387012987013	1
PF02660.18	-0.392847296968175	-0.392842147016549	-0.392847296968175	0.0475979100218833	3.6655399652496	0.0102825647528864	0.495003331297425	0.758717669123231	1	0.754441558441558	0.999357733285568
PF01855.22	7.5026307984172	7.26263857501497	7.59482665061477	0.204070571515434	0.84768716995342	0.218032136953618	0.372418392789095	0.455799045613382	1	0.445463203463204	1
PF17147.7	7.44352971979134	7.19333493766479	7.53839546760374	0.219348175441625	0.879806126475852	0.237599021389539	0.368000005255151	0.462675758101051	1	0.440688311688312	1
PF01558.21	7.49172719231717	7.22228274536175	7.58391470728435	0.206143710272819	0.83244284159567	0.229965306815415	0.351099273198694	0.440282859783974	1	0.39061038961039	1
PF10371.12	7.40644132817515	7.09483294398198	7.54441118879414	0.242167801938365	0.950307474940908	0.228655230605582	0.367333338619035	0.543601303254837	1	0.395030303030303	1
PF13484.9	2.48502026585507	2.5126211410993	2.46953857182025	0.191067972089087	1.97555924482951	0.0723426146279089	0.454000001718247	0.636274050891641	1	0.704034632034632	1
PF08308.14	-0.635659942615176	-0.153490837914434	-0.894186090031346	-1.08647248043168	4.53412556186428	-0.217913101016941	0.395333337387533	0.621085535994762	1	0.625718614718615	1
PF07717.19	-1.79217592491102	-2.12175255147714	-1.42276520287989	0.822547309303038	4.22947436048643	0.155874692717819	0.418387744606937	0.646973529139842	1	0.598645021645022	0.992087394957983
PF11898.11	-1.90618593522865	-2.20157322100076	-1.50187690959373	0.848524875982863	4.48845254804378	0.161709419402549	0.416000003201469	0.619846784992303	1	0.585917748917749	0.995310007963455
PF06144.16	0.741492066779434	0.151792157392846	1.08807335687461	1.01509427207961	2.45543469324465	0.357116648546252	0.318000007770269	0.305349143932863	1	0.343246753246753	0.995624212488574
PF16353.8	4.59784744506873	4.63676191876089	4.54559247542013	0.120761517507341	1.71929347536889	0.0674022027238054	0.469333334473424	0.754574948931407	1	0.762277056277056	1
PF00916.23	-1.64398156625091	-1.2150800046814	-2.08499478719906	-1.06341134362946	4.41849139457557	-0.210203730440223	0.393071289954061	0.583705083990151	1	0.602515151515152	1
PF03772.19	-0.337512716781539	0.0651226396716496	-0.812060902358386	-0.99316003501195	3.19511428175334	-0.249843667715422	0.360666672261638	0.470405953817527	1	0.536562770562771	1
PF06826.15	2.59365387228004	2.7861263692532	2.52945387382001	-0.33373327221385	2.29531867815694	-0.120335496974015	0.450666668511789	0.798721619969881	1	0.784242424242424	1
PF08019.15	-1.95976436877798	-1.90813870528506	-2.04773315485906	-0.237034340110895	4.50699721999695	-0.0459045834098047	0.479013991450479	0.735133421804494	1	0.753125541125541	1
PF03808.16	-0.593111044232634	-0.265178558470254	-0.808065033731827	-0.799473890890544	4.51483161343346	-0.153726652872781	0.42105263457369	0.669573123712551	1	0.673380952380952	1
PF00376.26	-1.77642181326637	-1.57791407066498	-1.96000982957105	-0.71787585483487	4.71619213932488	-0.138075547358752	0.437333335691362	0.626903772111845	1	0.679316017316017	1
PF04298.15	-0.560202064268616	-0.793652039210586	-0.354625727389362	0.338607156367449	4.23061935494865	0.0573131342988825	0.462666668057134	0.725272014690165	1	0.712246753246753	0.999602397602398
PF11396.11	-1.25137112561532	-1.0091160587379	-1.47614281560345	-0.501400443663001	3.9964288104918	-0.116513225625576	0.438374419369845	0.669625389057637	1	0.691796536796537	1
PF02602.18	0.337609168009932	-0.103506246929967	0.615829955529231	0.591203383605725	3.90493154717731	0.131680124209083	0.422000002960946	0.638717634565832	1	0.636861471861472	1
PF13342.9	-1.54795180510833	-1.72213587704186	-1.38136191606574	0.321630106604939	4.90261856251322	0.0593699455749189	0.470666667756838	0.737639710604995	1	0.709748917748918	1
PF01923.21	0.53760642375649	0.104149187483162	0.954132125229078	0.695881826915373	2.95229730395976	0.177490388547123	0.400399737347201	0.638389499418794	1	0.531307359307359	0.999654132576718
PF12392.11	1.46421285396491	1.82424337405276	1.03187947465049	-0.677013508229521	2.37359573754738	-0.205030609732316	0.373333338346419	0.586995064294282	1	0.551450216450216	1
PF12419.11	0.0103447092318598	0.265705058903216	-0.379387727226376	-0.512510668782369	3.30684521987701	-0.126597028411386	0.42238507955727	0.59271633987406	0.9998644883998	0.665367965367965	0.999952922077922
PF01513.24	0.976629463530421	1.42524185276121	0.437428988544498	-0.88763405925825	2.39456403844097	-0.296886705844479	0.339107268463884	0.535334587612851	1	0.444995670995671	0.999952922077922
PF20143.2	0.936031687312576	1.45132515208805	0.265507388257276	-1.11848294318861	2.86169917641398	-0.32302027684461	0.313124591645342	0.432789818463029	1	0.371943722943723	1
PF01501.23	-1.90507878652905	-2.28892434525609	-1.53002962535041	0.625328444752539	4.23261004158678	0.133182739551625	0.430666669284912	0.643973310750142	1	0.608939393939394	0.99511881676881
PF02554.17	1.0939662785073	1.18922629411246	0.97969882124636	-0.316564290251701	3.06532778650981	-0.0742773496116351	0.450000001870557	0.796802481627055	1	0.772575757575758	1
PF13722.9	0.840335689448865	0.857071557441675	0.823293567162735	-0.0206282640590194	2.78782603942239	-0.00702444813937964	0.49466666686422	0.763210843038644	1	0.791307359307359	1
PF12801.10	1.21357753619741	1.10801553133405	1.29092833567898	0.0637180607611292	2.83822280415252	0.0151882960238477	0.492000000296372	0.766850941562838	1	0.798372294372294	1
PF00076.25	0.867980515651008	0.262033315298181	1.55459787961282	1.28613688999659	2.31798496879133	0.460038705867746	0.25666667847598	0.253962257615942	1	0.217056277056277	0.984113309309418
PF00474.20	2.315287678819	2.05348843509428	2.65221741486928	0.605948864363093	1.5139486366531	0.349927701617239	0.344666673034318	0.438858392380568	1	0.401709956709957	0.997517862922684
PF06925.14	-0.408756581283569	-1.20979671406665	0.184319631285375	1.23641610913054	3.84752983464237	0.282579387895116	0.353097940657105	0.492269045615846	1	0.450554112554113	0.993914439168289
PF01258.20	-1.56800656744378	-1.14449773216851	-1.94991628893815	-0.805717708210288	4.00008736614463	-0.172596431893239	0.411725519692567	0.605800770561046	1	0.625203463203463	0.999446333078686
PF13085.9	0.72836499294721	0.780473319710707	0.671707555711968	-0.255661196516738	3.62572313150303	-0.057014267118936	0.462000001415584	0.804207364696515	1	0.808363636363636	1
PF03186.16	-0.789935949552923	-1.23620195830284	-0.328199538483825	0.77171643695436	3.78822511145278	0.175388595531037	0.394403734934204	0.592406949942683	1	0.521177489177489	0.995392955529319
PF02371.19	6.17072958821345	6.30697914182775	6.13482795922147	-0.0519402202321633	0.899013546998802	-0.0408388046618877	0.485333333877011	0.65004205960683	1	0.895554112554113	1
PF07275.14	0.549337930542073	0.739173254748458	0.247951392798924	-0.457615601272654	2.8705900566468	-0.128285987544894	0.429333336003963	0.619688245414284	1	0.694623376623377	1
PF13560.9	0.613378193591123	0.531190004836375	0.701337742946595	0.23902014880063	2.72807821383932	0.0681709887548509	0.452365091718084	0.726511284922069	1	0.707502164502165	0.999885579937304
PF18430.4	2.65803417780448	2.47448241689524	2.82313219852716	0.411159859821457	1.59179837354906	0.175207732828071	0.391333337557549	0.433404668059803	1	0.510484848484849	0.99955531968032
PF01695.20	2.65128925761175	2.79199737982175	2.47390004855897	-0.217701149614737	1.33358942172653	-0.148660463040886	0.435709529399944	0.727719000200376	1	0.703735930735931	1
PF02311.22	2.67590445526064	3.04202626020944	2.4187585718249	-0.541260010919636	1.94117798526286	-0.276627203425749	0.37641572771996	0.549750927452586	1	0.560883116883117	1
PF12833.10	4.38770412509341	4.46194079179957	4.28794162688767	-0.254190375563756	1.15243553029095	-0.198786717264051	0.402398404819022	0.724279782712725	1	0.665064935064935	1
PF10881.11	0.232598765473194	-1.00531037141786	1.0784859148291	1.96297162896837	2.86825174588422	0.618702483403051	0.207195219680608	0.148440074607078	0.998580462881909	0.144510822510823	0.93970366753346
PF05272.14	-1.4159849843731	-1.68553455105231	-1.08955204365121	0.624972094155673	4.110915721755	0.131879609929398	0.419053967098574	0.666240000730067	1	0.626064935064935	0.994333593463761
PF03389.18	1.78161625609318	1.86419501796041	1.69830709300717	-0.0503972915331392	2.28534838098667	-0.0121282450533143	0.49100599633544	0.736129520251689	1	0.833519480519481	1
PF13655.9	-1.18381143307882	-1.59391402051967	-0.546510230772047	1.42774770316459	4.63743334482909	0.253830474216848	0.371085947812638	0.547210008781824	1	0.499658008658009	0.993837960075962
PF00078.30	3.94567125734482	4.04526292179133	3.88780964167439	0.0733006377154064	1.12453901491422	0.0619134845155259	0.480346436437592	0.694151000694039	1	0.757623376623377	1
PF08388.14	2.52512126268384	2.41838017166167	2.59835363936943	0.207445739319589	1.69170194136211	0.106003262344125	0.447701534267589	0.625352364612701	1	0.667528138528139	1
PF11940.11	-1.91619234595169	-2.25528855139738	-1.49710659458502	0.703212250371851	4.31376475847677	0.131775670173903	0.425049969524827	0.625971761946261	1	0.593277056277056	0.999216330248442
PF17432.5	-1.88757731921732	-2.25725644218839	-1.53326985011383	0.685973752068636	4.38240279976434	0.142498512062381	0.416666669841269	0.627233125010805	1	0.595	0.995596258215173
PF01205.22	-0.548160933073365	-0.502690266403772	-0.623394380466767	-0.138680487839864	3.5821527566642	-0.0316160575352201	0.4840000005932	0.766662304409476	1	0.788805194805195	1
PF04324.18	1.89563264328219	2.02666103112826	1.75778638607475	-0.227748369673295	2.22355996071948	-0.0797879474720195	0.452666668435606	0.806498610419148	1	0.778545454545455	0.999885579937304
PF08442.13	-1.94399800462891	-2.36228971153971	-1.53710742636009	0.537035205934188	4.2535523499672	0.119567104851972	0.440666668895584	0.648533291192336	0.998606414451235	0.599142857142857	0.992087117978895
PF00549.22	2.40502274461046	2.37216432146322	2.44553238960731	0.179824542718373	1.52046792453567	0.0823830812393565	0.450366424239179	0.570237533925449	1	0.668502164502165	0.999401007156109
PF13340.9	1.12001078704443	1.75447134347089	-0.0732267560399968	-1.8318325916129	2.52166109834804	-0.607758157272142	0.197201883109188	0.127103455196741	1	0.151428571428571	1
PF08774.14	-1.84815120307296	-2.1942985305678	-1.51379220997611	0.580610393662399	4.13123478702164	0.119061186446519	0.438666668972974	0.657652009200094	1	0.627948051948052	0.994247945310038
PF07228.15	0.957137707725384	0.632044471729031	1.2176967193394	0.55876791546832	2.61566078877984	0.172180968705974	0.405729517272928	0.598829132018866	1	0.530415584415584	0.999036767778346
PF13424.9	2.18742140934387	2.09014646766791	2.32265950264199	0.0996014605033801	2.24290828445196	0.0358363121634812	0.476349101476354	0.802969759378598	1	0.78069696969697	1
PF12770.10	-1.31528979595043	-1.1633978467228	-1.46097697516885	-0.416242018001372	4.05767959214073	-0.0834690584604036	0.453697536704118	0.6996556554984	1	0.71852380952381	0.998640795502002
PF04245.16	-1.49177295068727	-1.00231587053185	-2.00085591487603	-0.92671992135802	3.81070112202447	-0.208424302855053	0.392666670834013	0.567983071099069	1	0.578251082251082	1
PF03069.18	-1.85847421434497	-1.64109357756878	-2.103780015535	-0.51282395907648	4.31778252770412	-0.114621419189478	0.449700201746251	0.667621827848371	1	0.680004329004329	1
PF03880.18	0.463679447454544	1.19440988286116	-0.790132557302028	-1.77737382151261	3.24762814710067	-0.47204499221003	0.244000012850039	0.265133910523126	0.999672306064131	0.235874458874459	0.999905844155844
PF01494.22	0.475250227168815	0.473553927887139	0.479011494721829	-0.0761114668507892	2.95418979062673	-0.020017209455991	0.486666667160845	0.788269821567175	1	0.781852813852814	0.999689013689014
PF01571.24	0.0137370923386788	0.650288617788771	-0.83416889208487	-1.46938294560801	3.23431870845701	-0.365495415526475	0.300666675444484	0.33877389962219	1	0.36778354978355	1
PF08669.14	-0.318689519440371	0.182056153483087	-0.875789635909029	-0.971593909724472	3.67935526007072	-0.228977055801563	0.370000005163893	0.518737739923706	1	0.543683982683983	1
PF01734.25	1.34207294039021	1.07704405249857	1.62209503738473	0.686677037903643	3.02570980623305	0.191439319713423	0.37866667144168	0.627835177148679	1	0.503831168831169	0.999621641674477
PF02055.19	-1.49385761134121	-1.49641557355238	-1.48888347752238	0.110208076497385	4.31608034255775	0.0202010971129755	0.489333333728575	0.769267374839914	1	0.739852813852814	0.999632293080054
PF17189.7	-1.85833266472375	-2.19076249067679	-1.53792810804738	0.500448470036231	4.16195550712565	0.117309418759726	0.441333335536504	0.645631108867941	1	0.620467532467533	0.992388925141198
PF05175.17	1.23497360343637	0.938713586294104	1.5450669379742	0.774153956993407	2.38699687528199	0.270098965120725	0.351333339373498	0.418405995437303	1	0.42943722943723	0.997898855888924
PF02615.17	1.44648904224776	1.39005568128121	1.49225173759993	0.100727613905888	2.57833146543842	0.0255230112845138	0.481333334025656	0.753920795973319	1	0.725497835497836	0.999632293080054
PF04879.19	1.41102920712348	0.988841132025987	1.80973584251473	0.746896761619068	2.19404194486127	0.298438612000456	0.349766828226818	0.437255373619002	1	0.409805194805195	0.998783986537512
PF00384.25	1.50820879047796	1.24340358198738	1.74994768095321	0.52213927011667	2.14532734083188	0.178789244532306	0.399333337219243	0.527873510206567	1	0.525073593073593	0.998975918340033
PF01568.24	0.482199673849914	0.298519142047523	0.693921429756306	0.227560713776783	2.6986044604003	0.0698528902340111	0.459693539142167	0.770825989854706	1	0.686987012987013	1
PF01797.19	1.02653421668664	0.462970555312545	1.57153849226049	1.18039649469853	3.04928537042959	0.331088574687139	0.314000007995311	0.424516452545437	1	0.31982683982684	0.996774970208428
PF00563.23	3.75366431479283	3.77324606457781	3.72630488721829	-0.00665893437090048	1.33264824390322	-0.00583793089268361	0.497001998778448	0.8068831259057	1	0.841709956709957	1
PF10518.12	-1.64981470897395	-1.69494107180027	-1.61281262087778	0.0470941828277489	4.37499295107311	0.00903088464424837	0.49466666686422	0.745407606954551	1	0.72648051948052	0.99885638922481
PF14863.9	-1.65335292310221	-2.23363747052629	-1.08713696677625	1.05499233497628	4.10939800960722	0.217655030913234	0.390666670919393	0.55187635572003	1	0.525571428571429	0.988856861524718
PF04962.15	0.894860413939818	0.539984212131423	1.27291272821179	0.652036786070576	2.56304913346574	0.204355459941367	0.374417060254251	0.604236821076406	1	0.492229437229437	0.998923618241061
PF13374.9	-0.0237472493753872	0.418474101817204	-0.570456747998096	-0.988895009305733	2.81305535896172	-0.283894130148019	0.343104603372395	0.435834932228312	1	0.469012987012987	0.999952922077922
PF00698.24	0.378902934360001	0.75030315753879	-0.104777980525061	-0.604209256873125	3.41937791988077	-0.149448214165567	0.415333336561705	0.585992328338634	1	0.641471861471862	1
PF09826.12	0.0734968334414337	0.139603969172668	-0.0470667813791543	-0.172766981608429	3.29004195067119	-0.0416120973541381	0.477681546463399	0.691343690877147	1	0.762961038961039	0.999708806818182
PF00111.30	2.15257484391795	2.11555225278462	2.21114984220158	0.0808174903380845	1.95429878607648	0.0399767021493164	0.482666667309414	0.798302378473364	1	0.764212121212121	1
PF01799.23	0.405949767004889	0.483278307516669	0.298040345887081	-0.0910865859942689	3.5237003853426	-0.0228883367550767	0.488341106360851	0.713555099717364	1	0.823060606060606	0.999893742621015
PF01315.25	0.514566398465263	0.329762038786605	0.868327696881383	0.73844635440944	3.44579476686912	0.180176877897079	0.398666670580509	0.656568280425009	1	0.564290043290043	0.999310667903525
PF02738.21	0.520985145127788	0.320732947528186	0.863948813206547	0.642333483950584	3.38141733689096	0.145398640716561	0.414000003282288	0.683284876206448	1	0.577900432900433	0.999952922077922
PF20256.1	1.02010417019155	1.02279468154436	1.01686856915897	0.244987020405368	3.64637503535305	0.0540720016208092	0.464000001340281	0.782896669227891	1	0.737658008658009	1
PF02504.18	4.55388999473027	4.3964176443493	4.71890900121816	0.293530940893486	1.17192348863254	0.198366047090089	0.365756167909403	0.628551722447631	1	0.440645021645022	0.999700652343049
PF04231.16	0.24847668779789	0.113156719297273	0.372447689224662	0.0909232991241193	3.2178839188223	0.025422696956978	0.486000000518925	0.785901363895056	1	0.755887445887446	0.999408736717828
PF13305.9	-1.43380679719037	-1.28930902719131	-1.637044279825	-0.524766582509372	4.04825555564095	-0.101834608909745	0.44533333538252	0.693989757287596	1	0.723493506493507	0.999201798201798
PF01526.20	-1.30714232474356	-1.03879827552685	-1.53564785826194	-0.492681372277003	4.7114804268733	-0.0844529037196212	0.459333334849536	0.712655956003946	1	0.738627705627706	1
PF13732.9	0.488489906199662	0.161644461119537	0.77633977711705	0.403023832120331	3.22662405638639	0.104172960469339	0.448367756760455	0.665137926240588	1	0.648463203463204	1
PF00543.25	-0.793593440942834	-0.499659774588867	-1.11007039605443	-0.472446166401654	3.62623011881618	-0.104372157460383	0.428381081984987	0.640403492946122	1	0.652935064935065	0.999952922077922
PF13589.9	3.54581487201143	3.05271995411017	4.01744769088086	1.04153618397045	1.36647254538196	0.680699240945718	0.18987343636466	0.101041178618479	1	0.0835238095238095	0.971593122860057
PF01119.22	0.788465724557049	0.204978459555428	1.79095673006322	1.25279673208384	3.17020912835923	0.343677342492062	0.319120593973523	0.444071124405183	1	0.318406926406926	0.998973233186271
PF08676.14	0.846549047616901	0.199885119035049	1.73017965204413	1.20425806142338	2.95810611330255	0.338473775829551	0.323784151346264	0.438173525432802	1	0.321238095238095	0.998533650744119
PF03481.16	0.481359080639953	0.0188524392820648	0.996517325452374	0.877284149518466	3.16323288847017	0.213931151630383	0.359093943036492	0.585274133712104	1	0.448108225108225	0.997260987979473
PF14198.9	1.86947872363375	1.79681165389468	1.99460780788302	0.0460654758527355	1.91589511555778	0.0186499151309063	0.487674883867214	0.670673828892827	1	0.7894329004329	1
PF01420.22	1.96597910529148	1.61842875798409	2.33667333335651	0.303430661214259	3.96562650340751	0.0623250341846296	0.455333335000962	0.795677764334231	1	0.749545454545455	1
PF18938.3	-1.88930075198322	-1.74098618126496	-2.04136388795151	-0.166238481187374	4.20818733492666	-0.035918578200358	0.480666667383788	0.709589818800039	1	0.736917748917749	0.999838044308633
PF18651.4	-1.89604244947233	-1.70991072562228	-2.03534637826358	-0.254728619908152	4.16064801767194	-0.0526472952101344	0.469333334473424	0.699527805613835	1	0.732619047619048	0.997217012519921
PF20009.2	-1.88586047525887	-1.69486246169036	-2.09911155071186	-0.328863803241919	4.17333412049852	-0.0608015059450238	0.466666667906746	0.676085503904833	1	0.707861471861472	0.999373229043684
PF19076.3	-1.90696632925704	-1.71726940241139	-2.13606181919898	-0.294455586975468	4.22667427305958	-0.0668331551342738	0.464000001340281	0.685706644969613	1	0.713636363636364	0.998862072524653
PF04816.15	-1.8424301048462	-1.56426081980176	-2.14856019836646	-0.483591160999343	4.20094464464358	-0.100828780723296	0.44533333538252	0.664438704113238	1	0.672554112554113	0.999952922077922
PF13936.9	-0.0616674447387542	-0.00718684901252153	-0.118749796679539	0.049058515598472	3.14462254418806	0.0139964275397476	0.491333333654417	0.726030121581896	1	0.733012987012987	0.999363060179257
PF02657.18	-1.85305295939228	-1.72050925257525	-1.99235002183921	-0.192447820762656	4.01072272447531	-0.0417272738250556	0.474000000965574	0.696290241000759	1	0.723164502164502	0.999838044308633
PF14258.9	-1.98486025227471	-2.35689179722456	-1.57357713413054	0.819491354584613	4.15107314782919	0.165252118345959	0.412000003363445	0.621928192280543	1	0.577168831168831	0.994315552284155
PF13188.10	0.339818575406965	-0.0404857445368147	0.685203325892304	0.734140971262295	2.61219378554887	0.232130707280106	0.372000005073218	0.578444502620319	1	0.522627705627706	0.99636829610348
PF01928.24	-1.26812543538977	-0.56951478406793	-2.0846736291801	-1.39921441423324	3.69207095370064	-0.31185809034807	0.331333340382384	0.462355211376291	1	0.449805194805195	0.999853620955316
PF07501.15	2.16882634634399	2.54206279826697	1.90669696356059	-0.467242750311621	1.8500258259704	-0.178820173446775	0.394000004110675	0.814765206823179	1	0.598333333333333	1
PF18267.4	-0.149517240384047	-0.252444602067269	-0.0424058953412052	0.189548556778205	3.50616096580717	0.0475054025849066	0.468666667831736	0.697932409666739	1	0.702922077922078	1
PF03460.20	3.43347313475214	3.20281941995672	3.6704762160911	0.464373782498845	1.3499870691043	0.284771410035792	0.340666673234893	0.576740717187047	1	0.379350649350649	0.999745768575687
PF01077.25	3.3752309570992	3.13228134360834	3.64181977428844	0.537682689989703	1.41290322197937	0.331543618781822	0.332445043623722	0.5201307466256	1	0.363948051948052	0.999471861471862
PF06271.15	-0.183304844734929	-0.216493550837318	-0.149482654716873	-0.00537141930013796	3.63031516803997	-0.00164542121854456	0.499000666259482	0.78861413988548	1	0.778199134199134	0.999301948051948
PF01026.24	0.455889720599359	1.05561966849541	-0.181699004026905	-1.13847473065822	2.71092522792826	-0.366475309873337	0.291333342691635	0.410840236113463	1	0.383510822510823	1
PF08291.14	-1.60153816967058	-1.73224574844788	-1.47928459483884	0.0624575202078743	4.29994081627272	0.0143103719862827	0.49100599633544	0.760760069502082	1	0.730497835497836	0.999206903622693
PF09339.13	-0.50414829677772	-0.849020551830736	-0.14575907734621	0.563854585780724	3.50409251869886	0.135951191700874	0.417333336481106	0.658728249417293	1	0.584411255411255	0.99597933533115
PF01614.21	-0.455018091688941	-0.732603223873084	-0.17835196425021	0.504381756494317	3.4346391062896	0.134317121881431	0.425716192016797	0.665012600192853	1	0.608506493506494	0.99553014589766
PF11950.11	-1.88311676432942	-1.70519368099728	-2.02190010798638	-0.400779045974787	4.21652179543302	-0.0801977201905845	0.46502331908821	0.702304890356315	1	0.730584415584416	1
PF13487.9	1.99716146593926	1.99411660322936	1.99873737890808	-0.243975523090477	3.35379071281216	-0.0510149472082481	0.467021986568215	0.80042210269698	1	0.825181818181818	1
PF00309.23	-0.491027400345827	0.10303350134224	-1.1144448862175	-1.14355892524249	3.58529415182552	-0.279174107509909	0.352666672642312	0.501078207894351	1	0.48561038961039	1
PF04963.16	-0.445444827523623	0.173885972214684	-1.06581630112252	-1.05856681586206	3.60208411238125	-0.254196599336703	0.35443038562977	0.524724587377391	1	0.48530303030303	1
PF04552.16	-0.482351505158612	0.136904031131795	-1.11866281952642	-1.15148512703374	3.64954224509454	-0.271836823873845	0.352666672642312	0.502894832377074	1	0.487004329004329	1
PF00067.25	-0.567660126218279	-1.75763865807898	0.349628964678821	2.00435190115388	3.3299047232306	0.504410230932028	0.239333346590906	0.270705991708444	1	0.215757575757576	0.971131345753995
PF13533.9	-0.430298297866152	-0.794837956425229	-0.0367299910329395	0.625688631110174	3.06426392260457	0.174605079079882	0.39800000394182	0.572817634284457	1	0.514415584415584	0.995807160613445
PF13175.9	1.1132910429962	1.06612527186485	1.15696655655558	-0.198109956002941	2.92226520515564	-0.0523304267377343	0.468354431554951	0.627076313127695	1	0.78830303030303	1
PF04026.15	4.66379158171096	5.03134822180615	4.51154283773083	-0.432452553350032	1.11579133556943	-0.375622886474698	0.352431718170889	0.400312583965291	1	0.46761038961039	1
PF19302.2	3.65419717788862	3.61847319272734	3.70521270546592	0.132866385112815	1.12396777378745	0.0978493588148348	0.447035311774745	0.740023597377406	1	0.673402597402597	1
PF00764.22	2.02001591796415	2.20351337514839	1.89038327202032	-0.136303062538618	2.18907518545794	-0.0477875383551448	0.474000000965574	0.832054888141793	1	0.83121645021645	1
PF01813.20	3.7287499984285	3.49476744932364	4.00515230655302	0.525648230365587	1.3363661872898	0.352501596710782	0.355333339180877	0.460440957854163	1	0.408935064935065	0.999865577721248
PF07882.15	4.82451125892197	4.92448714592245	4.73976020130339	-0.0914224766781597	0.967561288155124	-0.084174887683213	0.452365091718084	0.855363990255759	1	0.794645021645022	1
PF02952.20	5.3696828855439	5.32516255337311	5.43360438196139	0.186859599763419	0.838203102016881	0.192867025311492	0.385333337816007	0.523937671952529	1	0.518848484848485	1
PF02632.17	-0.472245651814482	0.110872472499039	-1.10740910734474	-1.0089864865122	3.89547855575788	-0.221640108027213	0.379080617675076	0.56522148747241	1	0.558757575757576	1
PF02127.18	3.21458087958473	3.19990280608321	3.23033153117422	0.0290735139866829	0.967893261977373	0.0266846945113913	0.486666667160845	0.787099301063182	1	0.741982683982684	0.999735930735931
PF05167.15	1.70472310650277	1.84635859752842	1.48927262870736	-0.387820697627968	1.53567663990056	-0.231633430297992	0.38840773252513	0.504718958763417	1	0.589212121212121	1
PF12010.11	1.36558291269826	1.2334781582833	1.51557026971112	0.479629764882533	2.98810124938096	0.13655978073613	0.425049969524827	0.717786509288208	1	0.634930735930736	1
PF06838.14	0.0486034323002302	0.129262171504714	-0.0556165716152419	-0.225567285657045	2.96395995581065	-0.0588019039509691	0.462000001415584	0.635735986918448	1	0.760515151515151	0.999913066525311
PF13407.9	8.13834341673831	8.21867093985119	7.96004933710047	-0.52814222220455	1.19831358381722	-0.254822846688921	0.358000005720664	0.897684300062691	1	0.490341991341991	1
PF16078.8	-1.83540625835311	-1.79170357460062	-1.8661122279232	-0.175440238961431	4.26478200823859	-0.0310508417772618	0.48434377139911	0.726166563523512	1	0.745865800865801	0.999562337662338
PF13672.9	0.539683374940512	-0.214920477951456	0.982934561777317	1.18070525311943	2.74384085393001	0.35025122339438	0.320453038936609	0.304792760335274	1	0.333874458874459	0.987568573615933
PF13173.9	0.653297045687323	0.519196107786907	0.811015105862804	0.352124255534271	2.64196184764942	0.100040897426775	0.442000002177447	0.71236167568883	1	0.653991341991342	0.999988429752066
PF13635.9	0.459370680043749	0.215286501591023	0.750028148832785	0.497986438591966	2.70407509247439	0.145150940825056	0.414000003282288	0.695902214169072	1	0.580458874458875	0.999424783549783
PF01863.20	0.803339467109077	0.840765969257664	0.759260304047234	-0.0573698006475816	2.20086894271648	-0.0219502814496433	0.487674883867214	0.704230530978018	1	0.792177489177489	0.999735930735931
PF07833.14	-1.16809118986059	-1.39337048413447	-0.914730316742126	0.718198443248312	4.7702123238145	0.143815964580247	0.431712194445903	0.623742846531687	1	0.601649350649351	0.999590827354464
PF17202.7	2.15544308402061	1.19666883872837	2.73967706573452	1.57783639194635	1.66642092917076	0.824290688744481	0.136666695179472	0.0772213031340714	0.997943533937155	0.0510952380952381	0.882968236262953
PF10418.12	4.05592757485938	3.90778560724465	4.20122187819729	0.305944026967223	0.995795457559587	0.277219632156619	0.360426388010507	0.527283756483686	1	0.460952380952381	0.999328127376645
PF00290.23	-1.55599666636832	-1.57615690611075	-1.52818613248563	0.0541095020080897	3.86159656537702	0.00998321212846107	0.49266666693833	0.728119456362994	1	0.711341991341991	0.996727087629767
PF13510.9	3.98640308703888	3.71420036585381	4.23552164623672	0.554253524344269	1.22686616714248	0.371473269157291	0.303131254453829	0.328610970634845	1	0.261125541125541	0.999350742585118
PF10588.12	3.37084045095108	3.06680649377635	3.63020442576456	0.637109133671018	1.11005141662037	0.478678904386179	0.277148577907692	0.236610986402391	1	0.216891774891775	0.991125941393509
PF00037.30	6.20921874381318	5.99180433438851	6.30087482616451	0.322715974896322	0.593235560993618	0.489693527165224	0.242666679631739	0.157945863456145	1	0.181030303030303	0.986718294860723
PF01817.24	1.42631739657133	1.47361966970178	1.39262616873949	-0.240986991308676	3.32081466978176	-0.0588917617532969	0.458666668208064	0.693246457592486	1	0.796316017316017	1
PF02153.20	-0.67361861514124	-0.0966115156011265	-1.69756455929713	-1.53071797660636	3.29171496966929	-0.39412461375948	0.300466364541095	0.323087164425173	1	0.370471861471861	0.999952922077922
PF01257.22	3.73911852906543	3.4014170953375	4.22522133376039	0.733868658502514	1.05483036904846	0.63728346308624	0.221333348304743	0.162430227629297	1	0.147675324675325	0.987648068449377
PF13237.9	2.09853205891454	1.85708417689956	2.36432462775238	0.585090156940511	1.54793985119543	0.349827915606858	0.32711526375861	0.383266964833498	1	0.379415584415584	0.993464697133936
PF01496.22	5.14909030049827	5.02605578190975	5.26047837331629	0.296146497345873	1.4673072157592	0.11247362127614	0.39333333747232	0.458167305997908	1	0.503186147186147	1
PF14194.9	-0.689676939861134	-0.296145117964021	-1.04711341169878	-0.716893447979048	3.78716819520281	-0.161061529864948	0.412391742183836	0.635424797252396	1	0.644060606060606	1
PF12844.10	2.11614909009722	1.84982035704384	2.34346263184478	0.475596551874725	1.29806721197778	0.331952017250388	0.349766828226818	0.442738376981873	1	0.41791341991342	0.997317274440196
PF01967.24	-1.9152560686395	-2.18991149713145	-1.60235314082208	0.507074897340662	4.32664301358404	0.0979155414523238	0.447701534267589	0.65991130326553	1	0.632974025974026	0.99866234378758
PF01758.19	-0.712925530260128	-0.874999502667163	-0.568174355596956	0.263515756585226	3.95323421923001	0.0602249473955643	0.473017989008912	0.736283749643094	0.999409664097234	0.717593073593074	0.997632293080054
PF13623.9	1.05670476269164	1.8913225012433	0.224233589114522	-1.45497896659223	3.04305692328686	-0.395624287838457	0.268487685783383	0.403678377087206	1	0.274844155844156	0.999838044308633
PF00732.22	-1.90989681534093	-2.2262703786597	-1.57591299110128	0.616368667198546	4.33147110559271	0.11907675381045	0.433044639430472	0.660363522642558	1	0.620593073593074	0.997718313097554
PF05199.16	-1.92699904568487	-2.22788963184805	-1.65308176554507	0.621295343955103	4.2254038321622	0.123464853035433	0.432666669206554	0.653939508204665	1	0.619277056277056	0.997211996702357
PF12895.10	0.282368383193443	0.419147859911625	0.154457253673057	-0.337326050725761	3.11291090968018	-0.0924416225222566	0.438374419369845	0.708223903595794	1	0.744372294372294	1
PF18942.3	-1.89777301722009	-2.25019293044523	-1.58922324270578	0.625327445301163	4.1578040779807	0.12456996986568	0.432666669206554	0.650585618908025	1	0.612670995670996	0.993648085080919
PF10825.11	-1.52073674226327	-1.46692727898008	-1.576106394103	-0.116837953999421	4.08750269411676	-0.0254038320786131	0.48500999389272	0.750690092749749	1	0.747705627705628	0.999540462836719
PF14535.9	1.71804416522276	1.21705031486509	2.12327324729958	0.802453721902662	2.29000453353975	0.28338576499001	0.342666673134211	0.408103783084289	1	0.403307359307359	0.999688852813853
PF02771.19	6.90189610545297	7.05086455818334	6.811907399173	-0.182007369660662	0.884093394488282	-0.18981744690685	0.386409065056362	0.896958225736215	1	0.58595670995671	1
PF02770.22	6.90427157471616	7.05483741007567	6.80121594610955	-0.193212835140657	0.89605576599345	-0.187178682597767	0.386000004453745	0.897211716311576	1	0.580549783549784	1
PF00441.27	6.89728909987526	7.05280292473612	6.81136394465255	-0.173380593392831	0.876887238276922	-0.178431213173593	0.386409065056362	0.894365676723714	1	0.571961038961039	1
PF18952.3	1.29235381143408	1.29575420571371	1.29084117056437	0.104144476148645	2.21297947657064	0.0414501121920116	0.479680213944031	0.682904806431109	1	0.729298701298701	0.999562337662338
PF01547.28	7.17952937401355	7.3064222945194	7.05660520714507	-0.473810046828428	1.36287502689283	-0.304000105076371	0.339107268463884	0.65677972272283	1	0.422532467532468	1
PF07683.17	-0.251466837159939	-1.66431952671783	0.895591791735162	2.4794705206117	3.18358063251402	0.639429314568902	0.18654232423125	0.166943483527375	0.998130119029949	0.102359307359307	0.932168777343816
PF01915.25	3.5195906837586	3.79433924556955	3.03098486970158	-0.802867594723525	1.05228735706908	-0.728479441628754	0.211858776783148	0.112099989151584	1	0.160463203463203	0.999952922077922
PF00150.21	-0.137957659428654	-0.490416053679171	0.176824954650005	0.690308803553021	3.48493486462388	0.18090854992394	0.405333336969865	0.61445730188591	1	0.564476190476191	0.999283710658711
PF12161.11	2.9680875419226	3.10602808955209	2.80309011527678	-0.234120099833021	1.07500131648241	-0.186475491537507	0.403064627309717	0.59338433497844	1	0.616727272727273	1
PF18537.4	3.39003343252674	3.05161618502843	3.62385441736431	0.497047824832433	1.45494277429016	0.329743191021138	0.349100605741001	0.471005091813826	1	0.415463203463203	1
PF03598.18	3.41236771206264	3.05778232001824	3.71786159872187	0.516044146618451	1.46227890661785	0.334933735886755	0.348434383255266	0.448280074342687	1	0.392753246753247	0.999945164734594
PF19436.2	3.47618409772542	3.02859124341798	3.7626796995902	0.585465881218341	1.46552651786357	0.382714013194734	0.32600000733243	0.378742555925396	1	0.321982683982684	0.999982903363561
PF03063.23	3.13222940438092	2.8070554314914	3.35647518253051	0.497359999108199	1.64032117187735	0.308998402911041	0.359760165523463	0.488541508603508	1	0.419497835497836	0.999913066525311
PF03060.18	0.799794176556208	1.47300721774317	0.156165019099926	-1.23998654351889	3.59581398679183	-0.269603265776189	0.337333340071168	0.513293419824235	1	0.451987012987013	1
PF05598.14	4.97569928627796	4.55530871092224	5.29291757201116	0.743235472891431	0.82851965159659	0.840314735857959	0.158000023803063	0.06548072867667	1	0.0588398268398269	0.980164551513021
PF01076.22	1.38067132166075	1.48563088824185	1.1579870908704	-0.632970345272265	3.76872702412708	-0.132602455193891	0.430379749461449	0.636132957963626	1	0.740376623376623	1
PF09338.14	7.28111754234238	7.06321754191011	7.35062760253459	0.351765552554149	1.00089090166582	0.332633097699472	0.348666672836835	0.324354389973228	1	0.351082251082251	1
PF04723.17	5.11098782638303	5.01311845107001	5.30696080555255	0.345975331081436	1.15492436707653	0.203143814232497	0.374417060254251	0.368185455080524	1	0.438489177489178	1
PF19789.2	-0.0422974328534567	-0.613592600153354	0.415012319758442	1.02140433494414	3.52028748305032	0.265077161058398	0.355096608116218	0.522924810031317	1	0.441502164502165	0.99835347091949
PF13290.9	2.86983114914681	3.06513617141326	2.61044064462262	-0.792759225669283	2.17421120050692	-0.31196180173987	0.339773490948412	0.304327084586109	1	0.445904761904762	1
PF05729.15	-1.00087507383987	-0.532957443808034	-1.59861343137009	-0.96124257826467	4.08270641952327	-0.212999691530551	0.390000004281288	0.564379907280067	1	0.588662337662338	1
PF12750.10	-1.90311901168057	-2.20517467287959	-1.62689274488464	0.615135842681848	4.20551640919339	0.116608601421416	0.442371754325456	0.648590129273395	1	0.629645021645022	0.998378287230011
PF19478.2	-0.0575476201896707	-0.418363005567371	0.383931410924306	0.61989903470637	3.42219381931136	0.149221622627685	0.42238507955727	0.691180437032761	1	0.61782683982684	0.999708806818182
PF14193.9	-1.26999913352957	-1.55816208238991	-1.08530225137204	0.363619051650635	4.42404670072162	0.0650245441424852	0.460666668132528	0.73285165854877	1	0.700670995670996	0.996902917234749
PF18852.4	-1.33401978717955	-0.73649976709825	-2.03310422925427	-1.21286451529479	3.85253846021857	-0.264439042330548	0.360666672261638	0.481922581667084	0.999142830666744	0.49974025974026	1
PF08401.14	0.879703403699303	1.24449282210374	0.357938317549511	-0.841047093375033	3.08749592910472	-0.223656620413724	0.391333337557549	0.494311089020713	1	0.589614718614719	1
PF06114.16	1.52387627091264	1.34734028371072	1.68961239962363	0.274256101373936	2.12975380401974	0.100775410269904	0.451032646732127	0.73371197299729	1	0.677190476190476	0.999544796943037
PF14191.9	1.16150239975097	1.52124601971966	0.453168850643793	-1.03660684056591	3.09174489219584	-0.29315038824474	0.351333339373498	0.437140582320761	1	0.505225108225108	1
PF14195.9	1.12116819678701	1.5068844443335	0.373168398216553	-1.06748516664382	2.95465134663729	-0.304552827582431	0.356000005815711	0.421161299459236	1	0.492164502164502	1
PF12645.10	0.486535194229243	0.722200498450591	0.182877536296248	-0.582864563539783	2.40669578611983	-0.193541987130517	0.387075287545898	0.489170875890183	1	0.586212121212121	0.999745768575687
PF00301.23	3.7336980785761	3.50635778925635	3.84859019851187	0.315756765228732	1.38643639834869	0.184211735194113	0.411725519692567	0.48266777729573	1	0.58295670995671	1
PF02920.18	5.57613444413699	5.80824556097893	5.37645650240077	-0.0969497869784153	1.09689115607524	-0.0832670318534657	0.461025984128586	0.895338333955996	1	0.858164502164502	1
PF14283.9	-1.58307298900813	-1.66121330669077	-1.48760240366078	0.355201442985168	4.37054178210203	0.0666952488915943	0.467688209061577	0.717780478886057	1	0.699766233766234	0.998973822281614
PF12666.10	-0.963693876661601	-0.977906940224218	-0.944522982971997	-0.161546721518489	4.55682185115443	-0.028946102358887	0.48500999389272	0.794790759114236	1	0.811645021645022	1
PF12728.10	0.910599122874624	0.692244357034354	1.14825659763321	0.332184246095649	2.4352477517889	0.102699066036976	0.433333335847159	0.728073191271265	1	0.635580086580087	0.999893742621015
PF02545.17	0.664990469140514	0.225105245920935	1.04286018330837	0.840086433739125	2.79587044519029	0.278190807542967	0.37708195020865	0.466417890844462	1	0.473748917748918	0.999358244785517
PF13620.9	-1.37077598320553	-0.650492845760743	-2.00521712148214	-1.30856916060065	4.15882538359218	-0.276706111096466	0.358666672355798	0.525411420404051	1	0.52434632034632	0.999952922077922
PF04413.19	-1.19658389322872	-1.75597395739779	-0.559825740252524	1.11086661925272	4.46049837477853	0.224128382779388	0.382666671265601	0.575606339696452	1	0.51878354978355	0.997217778863233
PF03575.20	-1.08226734165896	-1.57905685180627	-0.617643523079442	0.938230339976776	3.85699419533982	0.200019666989906	0.383744175098753	0.566714408984611	1	0.494207792207792	0.994998226304783
PF04613.17	-1.01753091549261	-0.955213779002298	-1.06446346300025	-0.145041264342796	4.2539786461253	-0.0355178686818267	0.483333333951304	0.759774754727028	1	0.77817316017316	1
PF11028.11	0.132964948556163	0.375605510049428	-0.0604008170403061	-0.436498753446437	3.56365237607921	-0.0997626920979891	0.442666668818415	0.73707465186198	1	0.719225108225108	1
PF02417.18	-0.71930815331898	-0.678794414214151	-0.765882390235469	-0.197535334629176	4.11916839510601	-0.0422878384983809	0.477333334174568	0.761744774108287	1	0.785229437229437	0.998
PF13304.9	1.75907221461555	1.80482990141292	1.7092994939415	-0.178156483605811	1.53767740709632	-0.0998110369586537	0.450366424239179	0.600153923887661	1	0.706874458874459	0.999973479152427
PF12186.11	0.264106518432506	0.164316478000463	0.355827726182938	-0.170516606913031	3.28013789606276	-0.0482178006224717	0.477333334174568	0.675551086873198	1	0.786878787878788	1
PF01502.21	0.0819665098427667	0.191393337049149	0.017559689627868	-0.217466925728674	3.60594176303793	-0.0567075903556421	0.474000000965574	0.774213032608791	1	0.747722943722944	1
PF01503.20	0.0608179877919222	0.194312770737244	-0.0288120270314973	-0.21995885119436	3.47143533371547	-0.0523518964198087	0.466000001265109	0.772788848455078	1	0.765761904761905	1
PF08328.14	-1.7684077323325	-1.47587111968134	-1.98402764874741	-0.726474917064028	4.5685203856089	-0.133466918765881	0.438374419369845	0.630774233158551	1	0.657069264069264	1
PF12008.11	1.65995322068425	2.04235879086776	1.1103077896716	-0.978712000974934	1.89756691527526	-0.410980531126658	0.281333343347389	0.263095907865396	1	0.32878354978355	1
PF04973.15	-1.6078285377533	-2.15565706858516	-1.09481722443092	1.03457728195975	3.94342906398839	0.230215146318966	0.391333337557549	0.559444368849467	1	0.521601731601732	0.995317061203004
PF16403.8	0.679878834138968	0.00609165891120256	1.31028817584442	1.43741743674098	2.77745143421983	0.427437048476569	0.286000009703439	0.369145209288723	1	0.27652380952381	0.992126185847575
PF02190.19	2.03932571373488	2.07751822662838	2.00269924637918	0.00565425398182562	1.91402805214808	0.00118753353479079	0.498334443765803	0.718828380565118	1	0.795398268398268	0.999885579937304
PF04327.15	1.64011106788486	1.58788306018089	1.69512021173787	0.157314053873916	1.90719098271134	0.0616292067033105	0.467688209061577	0.691597521057589	1	0.702350649350649	0.999430094717313
PF01032.21	0.322607860616649	0.227831184218847	0.410073097354434	0.184537686016535	2.61407416239665	0.0569135191585044	0.466000001265109	0.705959035970439	1	0.689878787878788	0.999865988603234
PF01867.19	-1.39725703381738	-0.84757434313203	-2.06012758032665	-1.21099784511674	3.95891869349052	-0.262358415208204	0.349766828226818	0.513525018634596	1	0.518056277056277	1
PF04468.15	1.79109056372269	1.82893372008519	1.75464765510371	-0.184545297106742	1.42620630163495	-0.114591946060062	0.444666668741459	0.676310558026193	1	0.724064935064935	1
PF09491.13	-0.547243941681534	-0.0456087185002696	-1.06032780850469	-1.08946313252055	3.74751007632296	-0.239558926003687	0.358000005720664	0.515611702017632	1	0.519887445887446	1
PF07355.15	5.75827489239397	5.58860793141623	6.05622153942584	0.503317612504086	1.24523984278081	0.345541911546024	0.296469029676195	0.348727623049677	1	0.226692640692641	1
PF05544.14	4.19500248520495	3.83288280775149	4.50237378071875	0.653259738900837	1.3082920802507	0.453309785393574	0.27333334389995	0.213025782385211	1	0.207818181818182	0.997328935916334
PF19571.2	-0.635201007633573	-0.28494422666096	-1.02456497089146	-0.677567302183089	3.49453098476377	-0.151666715138553	0.412000003363445	0.616525525927932	1	0.617831168831169	0.999298268398268
PF13751.9	4.42099864413628	4.19261221058664	4.62147669902286	0.423060291979983	0.812184217055496	0.480961762047885	0.298467697108004	0.297026293666514	1	0.276658008658009	0.999252015834959
PF02604.22	1.2244505422634	1.80148574089076	0.727816404520205	-1.15428585041776	2.22131778795304	-0.44445116559495	0.283144580165811	0.261607742492525	1	0.299722943722944	0.999952922077922
PF13401.9	1.34076882900475	1.5537547333605	1.0023543206802	-0.590468263808483	2.13893855906981	-0.229587372982102	0.38333333790312	0.441816427731985	1	0.548207792207792	1
PF09299.14	0.327403321169344	0.768311079203641	-0.678371045262864	-1.31044922189334	3.64103885256856	-0.30333141750547	0.347333339568994	0.401976815438235	1	0.473398268398268	1
PF20020.2	-1.14538597468382	-1.27397214286111	-0.993223043126476	0.271024116124718	3.88940043219056	0.0534128083260178	0.466000001265109	0.716861503655463	1	0.69308658008658	0.998520384474821
PF05164.16	1.46078282455217	1.50925795826479	1.44292159341944	0.03847388985898	2.77864635388956	0.0146606735829044	0.492338441322757	0.700615684878617	1	0.773943722943723	1
PF00269.23	5.00997658601799	5.44843361492179	4.57779754631918	-0.87317310610808	1.04010259732265	-0.71077308129285	0.171885431042234	0.080175317232705	1	0.0741385281385281	1
PF02616.17	-0.506084988904835	-0.855883109460937	-0.0738337702865302	0.839662349334825	3.7422635323121	0.184049539387274	0.394000004110675	0.596104087830825	1	0.540878787878788	0.999627913826154
PF01992.19	3.64037023190073	3.59994828448211	3.67364518335382	0.0666157518122041	1.11268784054703	0.0523083009931821	0.477015323969872	0.806982072435004	1	0.77382683982684	1
PF19568.2	-1.38366972277213	-1.71789054330047	-1.09244739942067	0.482614103707816	3.99325166171438	0.103873285986921	0.434000002487791	0.652432495599752	1	0.619419913419913	0.999441212184687
PF18980.3	0.702674693030322	0.842119148578512	0.598137821897749	-0.120425768454029	3.3578173466898	-0.0253888386335744	0.486000000518925	0.760411848799275	1	0.815900432900433	1
PF01946.20	-0.0931063021042968	-1.21827357114822	0.977366762587283	2.46242707714304	3.16565291652022	0.715839498896863	0.187874769082787	0.120543357004849	0.996857038587519	0.113909090909091	0.92569894943183
PF18075.4	1.44987709957549	1.56978224269783	1.32776030173087	-0.259638373269052	2.04082246603326	-0.0970027762766135	0.44000000225469	0.579247595740085	1	0.711316017316017	1
PF12663.10	0.204844293084409	0.490419359070847	-0.0224780895953378	-0.284083706739889	3.41343528722807	-0.0617798133785354	0.458000001566609	0.744773467873173	1	0.737103896103896	1
PF13847.9	0.784570599580714	0.155141541859311	1.3740331736351	1.16452683516579	2.52205162429708	0.387502752447258	0.276482355435458	0.383795114389989	1	0.259935064935065	0.986195300201014
PF14082.9	-1.57635830845296	-1.63038609896057	-1.50935250890931	0.218711587821317	4.10467257252816	0.0472102338676527	0.481678881424736	0.732690332979253	1	0.714688311688312	0.997566511226916
PF18828.4	-0.264980308410333	-0.379675917609641	-0.0878032834289257	0.431916824193366	3.55756548805349	0.102822800347659	0.449033979253343	0.720793699265515	1	0.667	0.999621873343493
PF05713.14	0.0428761647402682	0.0712493280822581	0.0214458153671924	-0.222003086437019	3.58379180832968	-0.0436115861797707	0.480346436437592	0.770571338453753	1	0.795926406926407	1
PF13588.9	-0.0897530132112401	-0.00743189761643581	-0.130071563743514	-0.131367514555426	4.00873621035906	-0.02724118020092	0.482666667309414	0.794357286257292	1	0.814160173160173	0.999952922077922
PF08463.13	2.03325933365463	1.91353498810716	2.14622889497727	0.186710887957766	1.58173711876488	0.0999200010391015	0.451698869225096	0.712917491454007	1	0.657688311688312	1
PF13263.9	0.218011592928569	0.318889768678671	0.103667649952132	-0.0750221236484601	3.01372118438693	-0.0184257325206753	0.489673551348137	0.781131471986291	1	0.785805194805195	0.999487940630798
PF02906.17	4.40806456754094	4.36348654260069	4.45293953899903	0.158508421850422	0.773063152626425	0.202928431499093	0.411725519692567	0.552600547425969	1	0.584207792207792	0.999594857844858
PF02256.20	3.06886408293097	2.70103742602072	3.35977480669132	0.620711875734444	1.21659134851533	0.450826551750496	0.274483688019865	0.27169067393129	1	0.247818181818182	0.995215600647834
PF12687.10	-0.0363320926233852	0.0726855110704951	-0.265847338214066	-0.185776255801613	3.70401750845573	-0.0462806670375655	0.47666666753275	0.749254152284437	1	0.804709956709957	1
PF12991.10	-1.74811173533234	-1.87352779041042	-1.65376939996125	0.111475085772889	4.3696444327508	0.0195630640002538	0.48733333380277	0.75278476371723	1	0.728597402597403	0.999461419783224
PF01656.26	2.00400855393768	1.79342730582046	2.1386344231007	0.347775964129979	1.69485460590549	0.197123180025017	0.407333336887512	0.583714080503615	1	0.580017316017316	0.999573975044563
PF01609.24	5.28212837797955	5.31485045349403	5.23553407420107	-0.0857156065646132	0.618719861374023	-0.126436370165035	0.433710861922799	0.753924752967775	1	0.74265367965368	1
PF02401.21	4.78868996083748	4.8120615674358	4.76598615047144	0.0260270791340353	1.06572681996654	0.0177049186910735	0.488666667086636	0.718063376951233	1	0.818744588744589	1
PF04060.16	3.17285200194635	2.66149500306062	3.40273572594981	0.73512460039299	1.30887040809639	0.507073194972024	0.27333334389995	0.196011034962333	1	0.218930735930736	0.99174940038341
PF13375.9	4.28677591178065	4.15632203831303	4.48616838323155	0.244296252434262	0.968999263336095	0.239629859768404	0.398666670580509	0.642440355543817	1	0.566987012987013	0.999893742621015
PF14266.9	2.06483253033566	1.79018645433959	2.62661313054173	0.765812014358489	2.66043553304446	0.230163538683387	0.369087280348433	0.661189231741419	1	0.454168831168831	1
PF12685.10	0.981806212306507	1.19806793444373	0.713529173828042	-0.423175654749197	2.29978666777739	-0.150915100102855	0.415722854640748	0.565812558011949	1	0.642030303030303	1
PF03313.18	2.26049780791169	2.13309706783276	2.36728311565758	0.207292095723587	1.6988505663603	0.115363307920273	0.44000000225469	0.701308226307159	1	0.647255411255411	0.999180299683135
PF13458.9	2.09386717012348	2.23821793450761	1.92057123246894	-0.301388081350659	1.8441561517623	-0.122094869643519	0.423717524540984	0.535203754374147	1	0.688454545454545	1
PF00941.24	-1.07833819284534	-1.13453693143028	-1.03403401389372	-0.0968846892183111	4.18183315157883	-0.0211974829742004	0.488341106360851	0.782823219704276	1	0.780341991341991	1
PF03450.20	-1.32825098071217	-1.05601939369142	-1.55084284566035	-0.569305978873747	4.38561108514002	-0.119033022674249	0.434666669128451	0.675758531262426	1	0.696329004329004	0.999792846497765
PF02629.22	2.81285483045437	2.72198715776881	2.92579657378171	0.28002724770246	1.30188059803101	0.183340115690244	0.412666670003021	0.584928261806383	1	0.593454545454545	0.999918660287081
PF04199.16	-0.63635905298138	-0.904428981051879	-0.424233508250422	0.476290633411431	3.68434273056408	0.111897058760165	0.435709529399944	0.635152328185759	1	0.622995670995671	0.997332793545548
PF01311.23	1.52197784896611	1.41481213598183	1.60772428287216	0.290325341158118	1.81417719552188	0.131090364289641	0.424000002881386	0.551541756354961	1	0.593281385281385	0.998761778068811
PF12733.10	0.776812190708761	1.2998116347802	0.386015154410125	-0.837820713402372	3.23536807510504	-0.194854318552694	0.37466667161987	0.606683173084977	1	0.542580086580087	1
PF02561.17	4.17185712959391	4.01299964063279	4.24668279258086	-0.0894412535618407	3.09583619501786	-0.0261176045694099	0.481678881424736	0.751704682667122	1	0.904095238095238	1
PF02465.21	5.64387236025671	5.08646651107287	6.11518124746042	0.838718099607846	1.57736929101612	0.513561735756673	0.284477025113961	0.225399659987367	1	0.202142857142857	1
PF07195.15	6.24235233116249	5.70669701878198	6.52038002300816	0.677118626475765	1.60948971420824	0.407642474619413	0.302666675323749	0.279718038578423	1	0.253571428571429	1
PF20074.2	2.58598112543645	2.28277483823028	3.01895646377682	0.72374319751319	1.59844414534	0.342357700869904	0.303333341950445	0.324793525793608	1	0.293835497835498	0.99864376605491
PF06429.16	6.75115704391514	6.79872919724423	6.73889706672488	-0.0769000496450527	1.73215941035583	-0.0266133565907047	0.467688209061577	0.584775595529912	1	0.841329004329004	1
PF01814.26	3.03816473898105	3.15472735085796	2.92001003216888	-0.20721056040674	1.95648948460686	-0.0598277347976834	0.446000002023603	0.756313201214189	1	0.757099567099567	1
PF07194.14	5.37907011103716	5.52377708136435	5.30319365332664	-0.213140516803286	1.19273701855248	-0.117634616930413	0.424000002881386	0.83073914568177	1	0.707225108225108	1
PF02895.17	5.3785318606	5.5183838410491	5.29876905471245	-0.202512313637778	1.18409612661832	-0.120692243973986	0.423717524540984	0.81623812904388	1	0.718441558441558	1
PF01139.20	-0.234443013767877	-0.845453426073514	0.152499767099211	0.902512794519391	3.71005682840862	0.214085340123991	0.382666671265601	0.552079798671585	1	0.513441558441558	0.998420506243159
PF05076.16	-1.85094508073748	-1.58543074439867	-2.12905007423669	-0.457370394159696	4.28182701611936	-0.0928119189124342	0.459333334849536	0.675047919121272	0.998969466492793	0.698761904761905	0.999562427773498
PF09951.12	-0.747037635727884	-1.19635675817342	-0.316574550211952	0.700738421524149	3.62931294525868	0.157472126603738	0.406000003609039	0.612085068360479	1	0.554948051948052	0.98979628294854
PF12673.10	1.82201117109368	2.48695117136688	0.59914288018757	-1.79397103250374	3.25954517775437	-0.537922981060817	0.196666684444123	0.196336786517895	1	0.139268398268398	0.999952922077922
PF08220.15	2.13904196364807	2.05727821055797	2.23660458565847	0.169618231316308	1.5449431136289	0.0916496640757422	0.450666668511789	0.738908811128691	1	0.679727272727273	0.99872225501771
PF00455.25	2.05008707815107	1.92513128765885	2.14409790354661	0.197310136589625	1.59937900782921	0.118760370213936	0.435333335769139	0.678954211325322	1	0.628393939393939	0.997826169250902
PF03788.17	-1.37191576752337	-1.69248160165477	-1.10773351619382	0.575433915122458	3.91145262267582	0.11685034002139	0.437041974384842	0.637943765489177	1	0.611779220779221	0.996471658491775
PF03116.18	1.7588365769518	2.11299142234569	1.01745115162155	-1.04925772518128	2.40134512288156	-0.360781069235093	0.32711526375861	0.271156751413171	1	0.408121212121212	0.999952922077922
PF06580.16	2.39816901007516	2.44543746438046	2.35899316058217	0.04183233269399	1.59808576133483	0.0208315365538957	0.489673551348137	0.704597838869263	1	0.772212121212121	1
PF04233.17	0.0754486335030027	-0.343360431060777	0.350489269869971	0.45387820105568	3.6151236354864	0.107344904288605	0.437041974384842	0.651508798258208	1	0.647350649350649	1
PF13479.9	-1.80962559949237	-1.61406565195204	-2.03465700721174	-0.264641122802731	4.13240175146826	-0.0502774428668339	0.469333334473424	0.689599323014746	1	0.727606060606061	0.999802697302697
PF01507.22	0.952942541424014	0.586075529838594	1.26434979806722	0.620051078216196	2.60190232038914	0.185815950912263	0.370666671800271	0.540792833289333	1	0.472606060606061	0.998350591674666
PF13714.9	-1.60197610696141	-1.2022812000453	-1.9661305097946	-0.6992023698052	4.17270581991456	-0.137409210617042	0.423051302049111	0.635482102090533	1	0.647320346320346	1
PF12958.10	-1.57801789004684	-1.58673881145175	-1.56249338943341	0.105015901119812	4.48134445397464	0.0183702699711845	0.49100599633544	0.772093476474011	1	0.753090909090909	0.999885579937304
PF14236.9	-1.04800249846164	-1.30215303267547	-0.751324688515687	0.317914561923833	4.4975002914544	0.0617483607112926	0.465689541581532	0.723405211770697	1	0.694238095238095	1
PF17746.4	-0.62791287225017	0.198581832954092	-1.49044025952936	-1.51265852752811	4.13210035019519	-0.319354400147095	0.330000007119284	0.459078530348185	1	0.452341991341991	1
PF03749.16	-0.640666868957803	0.226593919723545	-1.44063692371287	-1.51121814623109	4.05655463401732	-0.339853473290189	0.331112598656842	0.443513983884741	0.998030194446941	0.442103896103896	1
PF07943.16	0.523416876654553	0.888180805803063	0.154255803353715	-0.653787426667935	3.01992587630572	-0.184755522888644	0.381333337990732	0.645136999884444	1	0.600675324675325	1
PF08769.14	0.9183283124394	1.11741574189587	0.778110976016492	-0.427934442759248	3.13841833030116	-0.112474034505773	0.428666669363533	0.702893445720809	1	0.697194805194805	1
PF08013.14	0.713354415201459	0.659914067756174	0.750943471505177	0.18969325479355	3.22217793781587	0.0384174427547161	0.480000000741928	0.704636279869878	1	0.741038961038961	1
PF01487.18	-0.359755844365345	-0.913911407863097	0.202194506974897	1.11402699282948	3.36214129730105	0.277449357394743	0.335333340174044	0.493688237629941	1	0.410701298701299	0.991250060402586
PF13320.9	3.25723736363077	2.95305016236148	3.51835783019681	0.878647798595711	2.31704433894972	0.294069316246875	0.303797476932353	0.201120377402054	1	0.266787878787879	0.99734863263413
PF02719.18	1.86001695181902	1.81856096574909	1.887510760406	0.0649146551940207	1.66160741620123	0.034846273740128	0.482000000667532	0.757475721755376	1	0.714277056277056	1
PF08485.13	-1.4863642864417	-1.43830988128378	-1.50807255602776	-0.0871410747920853	4.2131364670037	-0.0174120020931091	0.489007328854492	0.738356349402747	1	0.765991341991342	0.999988429752066
PF12911.10	2.28002481038648	2.57767130947043	1.77012056483523	-0.533818738127517	2.13789410314012	-0.195538683656676	0.382666671265601	0.657288331947646	1	0.576930735930736	1
PF07804.15	0.609348288277491	1.20221688300356	0.288781903207948	-1.12131426984039	3.06209649583025	-0.28731586035432	0.369087280348433	0.592951111953303	1	0.512008658008658	0.999952922077922
PF00801.23	-0.854916074442188	-0.991568406443346	-0.70514333041358	0.534225567299999	4.21880028415026	0.105397049686582	0.44037308684754	0.678790556061523	1	0.6524329004329	0.999741387559809
PF01113.23	0.863180393130393	0.942064960927856	0.824707197092964	-0.0549004612260271	2.57582777979794	-0.0170444612389088	0.489333333728575	0.668561208828516	1	0.782290043290043	0.999932788860624
PF05173.17	0.877887392077211	0.922948077393721	0.83958663631154	0.0636303034253132	2.72396673397166	0.0163688697157462	0.490666667012466	0.643678960146573	1	0.771095238095238	1
PF05922.19	-1.54283383035162	-0.881500303331226	-2.10776025423889	-1.218794767319	4.28148063894692	-0.235225856374483	0.38333333790312	0.574336007473459	1	0.568220779220779	1
PF07532.14	4.89024991705159	4.84608000187524	5.03235951924992	0.724663912532724	3.11350704389886	0.193607128987686	0.346000006301487	0.265803192224283	1	0.369792207792208	1
PF14284.9	-1.61325596181852	-0.960467063915361	-2.14926319101924	-1.33959232904036	4.56053764727343	-0.24878636697924	0.377333338167504	0.535226741012648	1	0.551471861471861	0.999952922077922
PF09357.13	-1.82044244565212	-2.18137501871518	-1.44356254390116	0.647672501173417	4.18141716811735	0.14087139397568	0.423051302049111	0.621315119608128	1	0.589645021645022	0.995585672485359
PF07693.17	-0.201282324670803	0.0375246447328017	-0.477301019070733	-0.45336728989744	4.13145348027112	-0.08724696293856	0.452365091718084	0.703992019406441	1	0.731593073593074	1
PF13238.9	-1.63697499883314	-1.69995410049894	-1.5793988298069	0.164504468600618	4.15758731984381	0.0334576001517301	0.48234510391832	0.736652533316711	1	0.710155844155844	0.99785143527402
PF00923.22	1.8562535680917	1.69678910533181	1.98846127264428	0.36316409185588	1.77082000475196	0.186031497475663	0.417333336481106	0.533710542189885	1	0.570809523809524	0.99947273643695
PF10991.11	-1.39367172563628	-1.71860538542511	-1.02545207317221	0.770175460118064	3.98507703793323	0.160759101368905	0.406666670248255	0.624705676281365	1	0.581861471861472	0.995610665137138
PF10926.11	-0.231017334273877	0.0281312954878574	-0.639405589600514	-0.555522672972801	3.76920558607568	-0.132624449464202	0.430000002644423	0.649695017078976	1	0.697515151515152	1
PF05673.16	0.176145427377966	-0.485919172071745	0.669152250403644	1.24829307084781	2.5882318764459	0.405346416546435	0.280666676725781	0.280029778260228	1	0.281380952380952	0.978926754111491
PF14202.9	-1.65033552224108	-1.73730206974532	-1.5439866226259	0.189389130612632	4.14795806355786	0.0336900339713543	0.48500999389272	0.733900372561498	1	0.692142857142857	0.997511164115346
PF14568.9	-0.625049990618127	-0.46664679105041	-0.845936315744526	-0.471434483078707	3.59949159293905	-0.115241416961902	0.444666668741459	0.645890467003427	0.99991937951594	0.715077922077922	1
PF14080.9	-1.38539150783626	-2.28645215728089	-0.628067110318488	1.48495349871344	3.94680230455075	0.329025044887223	0.324666674070979	0.448274037464866	0.998359413959296	0.397463203463204	0.980156146147108
PF14062.9	-1.35716933824964	-2.15951733277371	-0.665279066110894	1.34028207103481	4.039975212169	0.294729997530257	0.339773490948412	0.45912246253469	1	0.410991341991342	0.983865856707705
PF00145.20	3.12742448724914	3.3361318087514	2.81430797061804	-0.0748512691974685	2.03200625244429	-0.0331330464422227	0.48733333380277	0.875110338829288	1	0.876532467532468	1
PF00326.24	2.24690918822348	2.62176128988183	1.97629761325338	-0.66495559895606	1.82565974037047	-0.340197765897003	0.352000006007865	0.425332092287808	1	0.475510822510822	1
PF07881.15	4.81728993866606	4.93419524418317	4.71954582614827	-0.126312120025185	1.00651418495999	-0.121833057099979	0.435333335769139	0.840439205007079	1	0.768532467532468	1
PF00183.21	4.51600778819741	4.29511449771678	4.69738626406389	0.485035426822194	0.890553884230891	0.501659385143029	0.251333345569773	0.168503378594079	1	0.202034632034632	0.982221211672676
PF00639.24	0.482859215900232	1.64000094611539	-0.559656925366166	-2.05036480281015	3.61654986390338	-0.468543491716314	0.248000012511435	0.329572846798615	0.999501976019439	0.237896103896104	1
PF18998.3	4.4958730523124	4.67416801621318	4.34621760253276	-0.495188274838379	1.56225128133531	-0.319231605189718	0.367088612884815	0.356724893260229	1	0.521935064935065	1
PF20597.1	-1.85930636857242	-2.1660033722305	-1.59839698045826	0.501389785870783	4.22950739459947	0.0998633736862916	0.442666668818415	0.650302150967746	1	0.631822510822511	0.994208638810104
PF13151.9	-1.15393277761885	-0.8098574057912	-1.57888660207639	-0.708543563355855	3.57281389351404	-0.166191776426514	0.411059297201336	0.593056066601116	1	0.617554112554113	0.999838044308633
PF19553.2	-0.497730217080608	-1.09999715602392	0.0402895113795605	0.986159808753647	3.73278853140811	0.231521855511252	0.374000004983114	0.526456795686667	1	0.473887445887446	0.997006730004141
PF10646.12	1.19322434111001	1.31018413232946	0.966237169408403	-0.434669709357849	4.13466634529297	-0.0884294722446572	0.441333335536504	0.634129869147838	1	0.752398268398268	1
PF19364.2	5.09771857164866	4.98105881706659	5.21463252032219	0.138346494179054	1.19037431037312	0.102544413361779	0.447035311774745	0.798439241343919	1	0.7425670995671	1
PF00460.23	6.7316050077247	6.74332509107061	6.7284355408604	-0.0732131157535765	1.87191188079334	-0.0234852021022117	0.472000001040299	0.578336195310336	1	0.877675324675325	1
PF02028.20	-0.445954041933443	0.159324629480338	-1.30808649736269	-1.35352356646443	3.38120291044464	-0.31462157278924	0.321333340919238	0.416780857033362	1	0.416670995670996	1
PF14203.9	0.419752328388951	0.758375312340694	-0.0831538073825557	-0.796566886146982	3.04259560604912	-0.217486105019893	0.36933333852758	0.492011089208033	1	0.530593073593074	0.999952922077922
PF17295.5	-0.545051134338547	-2.23040445718143	1.94650757113503	3.67049012668536	4.1724421264316	0.787511623881912	0.172000021325098	0.145843463630697	0.995099050596016	0.0782554112554113	0.918780628215046
PF04326.17	3.49948121957952	3.59087974177464	3.32461692862319	-0.0805047094112696	1.22053677959833	-0.0601823659824603	0.47666666753275	0.826466282900467	1	0.818930735930736	0.999994473611495
PF13749.9	3.33828989015761	3.36285396000583	3.29663527945378	0.436996057138749	1.57922967393659	0.246235575444692	0.413333336642635	0.485216436082683	1	0.619792207792208	0.998
PF08002.14	-1.2585786738605	-1.61154752453143	-0.831845204077385	0.688161142696581	4.03458955884493	0.154252724358266	0.418000003120978	0.627444065490118	1	0.585562770562771	0.997851714877425
PF13702.9	-1.62084093580258	-2.26195304995408	-0.971239664421594	1.34398333219429	4.28899016886989	0.258554950915498	0.365756167909403	0.516983430135857	1	0.467831168831169	0.989126600182188
PF13586.9	1.64527096001044	0.278874088721436	3.1883803053226	2.77992431432517	2.53235358530322	1.01703243454809	0.0999334188767463	0.0468722155123984	0.996481891318691	0.0222380952380952	0.847189559611659
PF13358.9	2.302364554304	2.42218263496402	2.21565334946026	-0.324485961234857	2.52897893891263	-0.0940902754703701	0.456666668283751	0.824179629994606	1	0.799225108225108	1
PF03050.17	5.07080267772012	4.92511679435808	5.35984318492102	0.49742102894283	1.06633139385217	0.457720165097691	0.291333342691635	0.300701797678775	1	0.229857142857143	1
PF13817.9	4.25505007457545	4.32353171543336	4.1883679447618	0.149286971179894	1.43434709748944	0.0563541528329022	0.457028649169526	0.406015540972494	1	0.706385281385281	1
PF18610.4	2.66364368548489	1.11508171165196	3.56218797653549	2.47449365935029	2.34801609145648	0.940816518379594	0.0946036413669069	0.0483323939939403	1	0.0174848484848485	0.879727602262902
PF17802.4	5.50653521880686	5.42317119418048	5.70077818928572	0.0889135947688029	3.25038731487183	0.0266644371936309	0.480666667383788	0.909299182863484	1	0.874835497835498	1
PF18202.4	-1.40783588526531	-2.27415147136503	-0.337448205463576	1.99162450396156	4.45133502492638	0.382614047761967	0.320000007659312	0.424324423310317	1	0.350073593073593	0.984432620610804
PF12636.10	-1.57396790221637	-1.7697608343257	-1.33842410128679	0.460187664848087	4.34363921711582	0.092534076586614	0.446666668664708	0.687358074787368	1	0.668575757575758	0.997792846497765
PF03235.17	1.98547603506567	1.64321474840811	2.24003126440163	0.656437017115935	1.8977587283612	0.266399815802345	0.304666675204241	0.27637109147189	1	0.333060606060606	0.991109673644036
PF03652.18	1.01588889521142	0.365493599309483	1.52766187109477	1.09953936243453	3.27602592852156	0.292520489580146	0.320000007659312	0.439203554806223	1	0.345588744588745	0.999745648519588
PF13166.9	-1.52120345668789	-1.61027376524829	-1.41024739105962	0.287722877439961	4.3306957924168	0.058136440411503	0.464000001340281	0.709098973284785	1	0.688722943722944	0.999109159779614
PF17853.4	3.56454267183558	3.68808826333265	3.46887034211781	-0.121961855267937	1.49646837757176	-0.0547596819182905	0.463024651608331	0.708408386748358	1	0.809554112554113	1
PF13556.9	3.34145625648505	3.46668573915043	3.25968180152859	-0.180035908046911	1.31866618704944	-0.0789750617943451	0.440666668895584	0.719456555479026	1	0.727030303030303	1
PF02508.17	2.77070839427261	2.78758750586698	2.75909236916911	-0.0548181563843047	1.24548919583806	-0.0397330971402262	0.478347768956934	0.732257464436263	1	0.774909090909091	1
PF00793.23	1.02866647072079	1.10779742778006	0.902726052427398	-0.274136834541555	2.65084527770772	-0.0787382546317884	0.447333335305835	0.623176359323519	1	0.761012987012987	1
PF18840.4	0.579500902450307	0.264197349359645	0.943970941196762	0.786774369907322	2.97842582933147	0.220178297173619	0.36933333852758	0.553039791828112	1	0.489549783549784	0.999164195430238
PF11175.11	-1.3194532740403	-2.17844875152255	-0.341392056785427	1.71488011339632	3.88566967436053	0.371721764578023	0.313790814125779	0.423531861545685	0.999211419687361	0.355809523809524	0.988457675742098
PF03644.16	-1.21629557502235	-1.64264114137159	-0.716806048584241	1.05810726258081	4.38942569619879	0.208148906267315	0.397068624895069	0.564967985983504	1	0.53412987012987	0.994870410470109
PF18911.3	-1.69148637658389	-1.85515280777826	-1.52050270185173	0.279160320372558	4.72622853872435	0.0509832821815385	0.473017989008912	0.75601934137347	1	0.714731601731602	0.999562337662338
PF01074.25	0.670483221490687	0.928765527695973	0.19561323522175	-0.705966650927946	3.36970295257606	-0.163423918647148	0.414666669921978	0.606350426310585	1	0.681848484848485	1
PF09261.14	0.649636871497095	0.874450246078053	0.194301714939778	-0.607757741474961	3.4405301802784	-0.14532503917087	0.425049969524827	0.63898995294175	1	0.692848484848485	1
PF07748.16	0.643749451809083	0.923163918336864	0.145478313503811	-0.732406942216335	3.4762077036322	-0.171163670146997	0.417721522115336	0.577399301993773	1	0.647272727272727	1
PF17677.4	0.657107109813857	0.916212003647772	0.192446582957254	-0.666184667583786	3.4610406881252	-0.167633152328066	0.417333336481106	0.621353629596516	1	0.69669696969697	1
PF14524.9	1.34331752567271	1.28375781112211	1.38669776342976	-0.0308716280276267	2.40297584960089	-0.00801862826214529	0.494337108803755	0.79262916307997	1	0.79021645021645	1
PF02441.22	1.92025042133422	1.79881055203067	2.02446163199914	-0.00529286017660091	2.45658277724407	-0.00238058608667427	0.499333333358025	0.760259828816051	1	0.82738961038961	1
PF01229.20	-1.30335980747538	-1.24954234797907	-1.37258119617146	-0.100508541139821	4.16487653101995	-0.0205777077479686	0.490339773841787	0.753230247349424	1	0.787333333333333	0.999668719596555
PF02342.21	2.80269894928109	2.54483494716987	2.97496870854369	0.302212687156917	1.77761290226874	0.122209087601018	0.414000003282288	0.586436469503525	1	0.560510822510823	1
PF08501.14	-0.125097408630528	-0.441122700767825	0.0213901414361164	0.133037231826589	4.18954877888968	0.0266880649551391	0.483677548905506	0.701211590500023	1	0.734264069264069	1
PF18317.4	-0.567590508766423	-1.35428320993028	0.0417850372738107	1.14660254775993	3.95256034743206	0.253462017045537	0.372418392789095	0.494560443770919	1	0.459489177489178	0.999021685427589
PF02614.17	1.34199778917304	1.07397113076824	1.63422732804508	0.57921307578398	2.01373963565274	0.263123675050833	0.365089945421798	0.47424853650409	1	0.446415584415584	0.993641126408989
PF16107.8	-1.87576557061915	-2.13298540631815	-1.58075571187564	0.500966117474379	4.15067135859002	0.108840848876994	0.441333335536504	0.663334342014795	1	0.634268398268398	0.996026580000027
PF05717.16	1.23665574960995	1.47501796858775	0.710829732265618	-0.74058027891334	3.64798766865495	-0.160676187939478	0.430379749461449	0.559524578796965	1	0.731021645021645	1
PF05136.16	-1.43424437427432	-1.22861974251258	-1.6223616448928	-0.266239012342099	3.98996544364787	-0.0560424565964145	0.467333334548396	0.690908757800289	1	0.717636363636364	0.999126420454545
PF00882.21	-0.210422803851587	-1.01717553856818	0.415520149029287	1.39548116210453	3.10119318127323	0.374345900660159	0.292471694816542	0.35208944372655	0.998618788238257	0.299554112554113	0.982495556400299
PF10369.12	0.633731043474865	1.01610324229684	0.0541027329740196	-0.75364461901377	3.51150280730703	-0.166037533143062	0.402666670413595	0.580317909304556	1	0.632753246753247	1
PF16736.8	-0.656554676108015	-0.951669042228303	-0.422227853028028	0.376552920051657	3.91599976950957	0.0776583878101579	0.455696204183309	0.685381029201369	1	0.660385281385281	0.999124675324675
PF17678.4	0.278484503947078	0.68349129650815	-0.187613002833914	-1.41429723989094	3.4999967018005	-0.381541178601333	0.330000007119284	0.332542015390736	1	0.434528138528139	1
PF07971.15	0.199899209121721	0.672036237545584	-0.249028205979832	-1.50230954135864	3.48416812991427	-0.394783827983483	0.325116596310885	0.332052584206624	1	0.436203463203463	1
PF13306.9	7.7501993010052	7.61432999052046	7.79694614084546	0.355966418404502	1.70792421073434	0.217547391257027	0.38974017750457	0.355645713270018	1	0.504982683982684	1
PF03422.18	1.31789040557969	-0.0938867429657124	2.11482249630428	2.17086080650349	2.78951849855627	0.703968143426459	0.159893427809535	0.0958944863025842	0.998262456284811	0.0717316017316017	0.933197727488916
PF17851.4	-0.0889758654475834	-0.176499095735676	-0.0427940781990674	0.194935991945737	3.73545621714124	0.0457890400500809	0.477015323969872	0.74964013538576	1	0.750155844155844	1
PF02219.20	2.19811384095835	2.32259508930164	2.0865895002961	-0.171648732827159	1.29248230364672	-0.119470234947454	0.444370421803586	0.725115282371884	1	0.698186147186147	0.999978961038961
PF05683.15	1.85862188147558	1.85730664604935	1.85959175813474	0.050289599593607	2.04247794393712	0.018072258234366	0.487008661373583	0.721109739989841	1	0.771623376623377	1
PF18830.4	0.0782533617811385	0.0157409251450149	0.14471622961188	0.184501967593085	4.03996340325254	0.0389905979957578	0.474000000965574	0.800615721795717	1	0.747190476190476	1
PF14096.9	-1.8817918692873	-2.15405366598577	-1.60302753210196	0.600374411941049	4.37400735711776	0.116766604767179	0.444666668741459	0.649174202549798	1	0.620930735930736	0.997302479338843
PF07005.14	-1.09044588569042	-1.71286524939197	-0.367958061110013	1.20330100929143	3.7952659430158	0.277916139144929	0.355096608116218	0.500562377727732	1	0.441034632034632	0.996251261075103
PF17042.8	-1.02386937093763	-1.67476682267416	-0.378353083073142	1.16543395832054	3.90805790603182	0.252246360265371	0.357333339085605	0.515331900148474	0.998348679178184	0.449748917748918	0.985318357672458
PF10076.12	-1.77487723165935	-1.54280394156824	-1.98097980113324	-0.49207064174523	4.12672692688074	-0.0950793137239982	0.447701534267589	0.672493681135555	1	0.693225108225108	0.999277741677725
PF04865.17	-0.269683832227011	-0.418060323035127	-0.142478532236637	0.298651251841033	3.94716889980986	0.0629580983720269	0.458361094155813	0.708834888470167	1	0.690735930735931	0.999644565960355
PF10934.11	-1.74200498538027	-1.41536699280995	-2.02581396006073	-0.596307574224981	4.18412018318976	-0.118429636583145	0.432378416938174	0.666129004346298	1	0.684294372294372	0.999905844155844
PF08890.14	-1.79275627380344	-1.45895597816511	-2.0658193834109	-0.692609449501792	4.11517886223295	-0.138400168550609	0.434000002487791	0.639556723937843	1	0.662116883116883	0.99931328555691
PF09393.13	-0.958868222053441	-0.516372768815194	-1.44172819214566	-0.787863592226588	3.85296073759557	-0.16715729334611	0.404000003691644	0.615006873077152	1	0.620896103896104	1
PF17481.5	-0.691814200837629	-0.313746024422357	-1.10963315661574	-0.796074027614828	3.73762468434687	-0.184426002335714	0.394403734934204	0.592210923500007	1	0.613125541125541	0.999853620955316
PF04984.17	-0.747322223251208	-0.411682427626941	-1.13393300667008	-0.767988382938864	3.70628260599441	-0.168206133201272	0.410666670084409	0.616742818143496	1	0.629805194805195	1
PF17482.5	-0.783553934389447	-0.407846850457954	-1.16659571333107	-0.812968575848835	3.87095726308828	-0.183234228952752	0.398666670580509	0.58435723365778	1	0.607645021645022	1
PF06810.14	-1.44455315045501	-0.785537088281959	-2.03005572379043	-1.52436984158826	4.57428477348144	-0.305373704015962	0.347101938284043	0.481741986089062	1	0.513692640692641	1
PF05133.17	-1.60498956226888	-1.6649332436158	-1.51735902878933	0.142471543176685	4.3266562360034	0.0218540105947181	0.489007328854492	0.741731551422823	1	0.71469696969697	0.998745496215015
PF03747.17	-1.33572340984176	-2.14127741547151	-0.599463144409405	1.45225713628498	3.91492533378778	0.314055969451297	0.336442378526689	0.454359240288227	1	0.398324675324675	0.984290566215535
PF04295.16	-0.605066126379727	-0.806037787794802	-0.440576568756013	0.375813593331657	3.84237706164481	0.0744467566975792	0.458361094155813	0.682424066441354	1	0.675354978354978	1
PF18152.4	-1.57148902133783	-1.6727069702601	-1.4540181303735	0.293656471740398	4.17011980837884	0.0688785262583634	0.466000001265109	0.700538862635303	1	0.66995670995671	0.999811157024793
PF04223.15	-1.70553004396378	-1.79305667726471	-1.60548284247379	0.133586211779265	4.23334267217643	0.0312381390416756	0.48500999389272	0.731503925542461	1	0.712134199134199	0.998909159862868
PF06808.15	1.9979022409459	2.27259485470424	1.8108283343681	-0.180064090616661	2.4141744851608	-0.053980174591887	0.460000001491024	0.690024996560074	1	0.777995670995671	1
PF06130.15	3.96515461757909	3.99249339244142	3.91708305423302	-0.113979021529637	1.62401864831749	-0.0662578799549431	0.466355764074866	0.747284973670658	1	0.833225108225108	1
PF02562.19	1.98322239513189	1.93211166135538	2.01142499864731	0.129459893624863	1.48727322096791	0.0840455043172278	0.459693539142167	0.646308240421194	1	0.685874458874459	0.999251870249566
PF03354.18	-1.01759470364921	-0.556199230232392	-1.40735957430319	-0.854240409436676	3.96978203763753	-0.189303000450813	0.398401069875784	0.594429162014376	1	0.609108225108225	1
PF20441.1	-0.760223992729061	-0.176317707286225	-1.47282570552136	-1.2821548870955	3.67920600490118	-0.308004084784367	0.339333339969129	0.442900831030593	1	0.467454545454545	1
PF01557.21	-1.85137584429685	-1.62636720638752	-2.11289229626963	-0.497690782701108	4.11069757421061	-0.0973700640200886	0.437708196877331	0.668893139863896	1	0.681437229437229	0.999952922077922
PF05063.17	-1.63691691990311	-1.72440392735824	-1.52151551136582	0.416518148537457	4.46798530068665	0.0733939564151008	0.464666667981876	0.709968154587674	1	0.685281385281385	0.999676088617265
PF18789.4	-1.32576119314138	-1.21979654663035	-1.39789077580364	-0.0876575315392669	4.57935926557827	-0.0167399453659028	0.490339773841787	0.775657559520611	1	0.783692640692641	1
PF01297.20	-0.885796630652694	-0.792050632652707	-0.990681948484212	-0.180185255885476	3.50701585056718	-0.0428085884709678	0.473017989008912	0.720009600128655	1	0.746194805194805	0.999468046239475
PF02595.18	-0.916597896531819	-0.862279762012158	-0.955511732429096	-0.238563614295737	3.82203461102967	-0.0482778874557516	0.470666667756838	0.733054488983985	1	0.751995670995671	0.999994473611495
PF09913.12	0.892644811511138	0.733229067329025	1.0317535152251	0.24241931981434	2.47579640823293	0.0729514643451185	0.460359761635369	0.76833739453734	1	0.677835497835498	1
PF06180.14	-0.227236742184989	-0.494156263594792	-0.0229548809272222	0.353984436935062	4.0025172179245	0.0816628906530094	0.452666668435606	0.698634557044072	1	0.693961038961039	0.999238299881936
PF13149.9	-0.135455645608764	0.510477113262039	-0.794437667664238	-1.18168085848208	3.76820034151438	-0.257640767914079	0.334000006909769	0.482601958496023	1	0.456792207792208	1
PF06769.17	1.24411808554075	1.52387409008654	0.901224906561751	-0.577979840035789	1.97073034125895	-0.237690033587219	0.371752170300835	0.602076933939959	1	0.558861471861472	1
PF07366.15	2.66594961019746	3.6218868712926	0.265839197523698	-2.75303919418557	4.00255293113058	-0.633426821372915	0.187333352349811	0.159566563836747	1	0.0958658008658009	1
PF17179.7	2.59445297466483	2.27923168670085	2.91177013765939	0.741035177168457	1.54319958021864	0.421129052274088	0.274483688019865	0.240326739380747	1	0.251112554112554	0.981353065755726
PF14310.9	3.50504072877833	3.79806182101166	2.95447491123302	-0.881644746258847	1.04617066824367	-0.792967224617307	0.198000017609354	0.101665130904048	1	0.142493506493507	0.999688852813853
PF03473.20	-1.59411785554627	-1.70903142740708	-1.49230498794243	0.235775359392269	4.11428645522681	0.0506366737541374	0.473333334323805	0.740549214658204	1	0.697796536796537	0.998552017866738
PF20501.1	-1.10410260491896	-1.15154285789793	-1.05440357468765	0.0707882275669345	3.83605926520815	0.0133508009775304	0.493670886310086	0.761139222738157	1	0.736147186147186	0.999822727272727
PF04039.16	-1.11852956646235	-1.18774119411917	-1.0751438127215	0.0596698597936953	3.8347460118098	0.015896114392199	0.49300466381642	0.749695954674931	1	0.740454545454545	0.999885710938546
PF14322.9	3.89312827538495	4.52976639005718	3.6452890104337	-0.939111106677966	1.8641096162639	-0.472572778655894	0.283144580165811	0.341873536482788	1	0.29274025974026	1
PF07980.14	3.97969203080308	4.61637772955036	3.77899400646392	-0.883875164465053	1.7204395544763	-0.45081032514413	0.311333341481063	0.390954026604605	1	0.3465670995671	1
PF00296.23	-1.84451955980717	-2.1987562410727	-1.47950319564002	0.539477162833631	4.09114045635668	0.116573640487433	0.443037976818143	0.636233077711577	1	0.616411255411255	0.993159160205666
PF03861.17	-0.496733891500821	-0.554445029634455	-0.434879581647755	0.0600096119564926	3.45006302371534	0.0176982295170271	0.489333333728575	0.757826871188716	1	0.72295670995671	0.999903553338157
PF07949.15	3.12560462777804	3.23812149083031	2.93433310124099	-0.0462551698864511	3.59851006642509	-0.00989520488385942	0.489333333728575	0.78025749277784	1	0.861333333333333	1
PF06074.15	-1.96648257622659	-1.74556627361428	-2.14676267709168	-0.495504436343406	4.50045542448447	-0.100910883116628	0.448000001946984	0.687003429768183	1	0.704116883116883	0.999420306965761
PF07030.15	-1.67018010092728	-1.79759029739178	-1.54876924789979	0.203136259155522	4.37643581901715	0.0406849296438198	0.47666666753275	0.732285871723435	1	0.70512987012987	0.997776848286374
PF12730.10	1.97719159522998	1.66751668065014	2.12009190685041	0.251126934652524	2.14549434476957	0.102308816647194	0.457028649169526	0.688358929880229	1	0.690203463203463	1
PF01063.22	2.25169106868865	2.57758063924475	1.86549645039576	-0.655058110111083	1.27499502222921	-0.451808029961288	0.281333343347389	0.347186798745665	0.999583749571338	0.331662337662338	0.999905844155844
PF04439.15	-0.395419560968132	0.325006330857797	-1.32222741333203	-1.45272716388353	3.33644666769764	-0.357932010315573	0.29466667581433	0.376824709675889	1	0.37161038961039	1
PF06486.14	-1.33979000700923	-1.67873263754551	-0.996263523768119	0.564334732813677	4.03209348456554	0.122066033956695	0.44037308684754	0.66446182761773	1	0.626142857142857	0.99835062183203
PF01473.23	7.42241032275293	7.96081264911459	6.64526797915923	-0.704041137307359	1.89488750399327	-0.34991296251789	0.372000005073218	0.666793183587389	1	0.517536796536797	1
PF19085.3	4.21777328992601	5.81586119219384	3.41452888072569	-1.87589479676429	4.4562488986298	-0.314326786123433	0.363091277959396	0.567198722723286	1	0.488285714285714	1
PF19127.3	6.35508814706959	6.64170822398346	6.1547683400568	-0.296316274923278	1.38631736117491	-0.195431360772785	0.400000003858024	0.787165280467942	1	0.660974025974026	1
PF01183.23	1.85524569206263	2.12493593108432	1.6727774423033	-0.451551126855995	1.99658876825341	-0.199034676047379	0.404397072291237	0.606568669348862	1	0.631917748917749	1
PF20008.2	-1.67895152732997	-1.69395633903628	-1.66998332807002	0.0509411035093459	4.26726719746857	0.0105507559371549	0.49466666686422	0.752337155905456	1	0.730601731601732	0.99953014589766
PF00188.29	0.997702349565637	0.936545924237883	1.06444810783497	-0.4352497471133	3.81248742479038	-0.100383953075211	0.461333334774048	0.732534898589176	1	0.794238095238095	1
PF09479.13	5.54047243637755	5.50854424143746	6.43286328683543	1.55487267470661	2.24706563812119	0.623719159116759	0.329780153690359	0.190785757305317	1	0.310233766233766	1
PF14014.9	-1.61615387249248	-2.29423427706741	-0.856495026196687	1.42153072938416	4.3115332438447	0.275469254624948	0.352431718170889	0.506021080986096	1	0.445714285714286	0.993235999354964
PF13204.9	-1.69144224445841	-1.74477668155844	-1.64829459095248	0.0242670188696028	4.22335713917247	0.00505525857634462	0.497668221272125	0.76903236509547	1	0.761718614718615	0.99947438157081
PF13531.9	-1.29315546187087	-1.68623478264974	-0.949871725536665	0.527421879808814	4.23851802692613	0.118805713415498	0.433333335847159	0.666749845992442	1	0.61095670995671	0.998403344498261
PF12399.11	0.589924805262295	0.472705241059157	0.73336103698659	0.107999998733351	2.30936487999806	0.0367051956229356	0.479013991450479	0.74846461683748	1	0.723411255411256	0.999227116112088
PF00771.23	3.26072787939276	3.3242494409905	3.20316696621055	-0.187088914719602	0.940786140252552	-0.184530544923638	0.418387744606937	0.61799234461204	1	0.665766233766234	1
PF17391.5	1.70257148814728	1.4816237238448	1.83164200876699	0.316916609448946	2.11575382378266	0.110398105379383	0.438000002332155	0.600235218212623	1	0.621900432900433	1
PF01175.21	1.67493868660238	1.45500276860614	1.85141672952335	0.310414717943493	2.10209725788445	0.1316568446712	0.425049969524827	0.593571136526861	1	0.614861471861472	1
PF17392.5	1.68045304792009	1.47562674580553	1.8334177265582	0.346427646955132	2.04799786116156	0.14912046783499	0.413724187166488	0.594577321474313	1	0.614047619047619	0.999735930735931
PF10105.12	-1.12578457368747	-1.24516062599135	-1.00577822362558	0.248742315038681	3.97164081510709	0.0582911961955666	0.465333334623486	0.71506066779923	1	0.696744588744589	0.996623386239429
PF05895.15	-1.83229137769248	-1.57554203096878	-2.0543402036888	-0.517029607095824	4.34387136877922	-0.0973350697302243	0.446000002023603	0.684903439865852	1	0.70769696969697	1
PF12847.10	0.835741488079285	0.901831301503774	0.771463312151543	-0.14357960487871	3.86881416360553	-0.026196855869673	0.480000000741928	0.799410293702866	1	0.825658008658009	1
PF06545.14	2.36583041905807	2.32162663943185	2.41155332524228	0.205597779904999	1.51683292867017	0.0884881112557913	0.441039309340154	0.564680901492922	1	0.643805194805195	1
PF00722.24	-0.823953415214278	-0.868815011295195	-0.800050832010914	-0.246477379220182	4.07892647842851	-0.0552725600660176	0.470666667756838	0.772264844661808	1	0.790679653679654	1
PF02608.17	3.36759731100499	4.12698250512179	2.7489768839445	-1.25939622045676	2.41446229863582	-0.476616883316274	0.303797476932353	0.295888826067196	1	0.330718614718615	1
PF08874.13	-0.701498158598735	-1.16605343454112	-0.136943563985152	1.1106238258343	4.03908386233759	0.239276803522266	0.382666671265601	0.560236542594974	1	0.49743722943723	0.991002917454551
PF12395.11	-0.656449583528841	-1.24548943531951	-0.0546216297847506	1.16252666522057	4.12230423878294	0.238349399116405	0.371333338436713	0.528586198518536	1	0.468090909090909	0.995392810281357
PF09547.13	1.52475669454766	1.52292930619526	1.52773018431255	0.108117419473109	1.88959424269468	0.0488353119085761	0.474000000965574	0.663011178048778	1	0.699766233766234	0.999217975949576
PF20438.1	1.56696655174064	1.56026968899218	1.57577453740131	0.0878728125715629	1.89184153497813	0.0432195998381652	0.474350433995858	0.674205724975022	1	0.716519480519481	0.996271016563324
PF20439.1	1.55418800567941	1.53524366459836	1.58779296203385	0.148851460177894	1.83551327707084	0.0649476532563306	0.461025984128586	0.667784853836637	1	0.709406926406926	1
PF13451.9	1.1965743050066	0.8462051975025	1.62142163988371	0.933888326539035	2.1229044142221	0.389012881504736	0.308000008341047	0.339024313529539	1	0.335125541125541	0.992596325386951
PF01746.24	0.695204595340128	0.777983055163537	0.600788296993874	-0.0398830425836127	2.64513755404711	-0.0166433755431876	0.492338441322757	0.762720216803188	1	0.780813852813853	0.999885579937304
PF08903.14	0.861914839559542	0.972813738965845	0.692855162011154	-0.200018046121054	2.93506134017135	-0.0591376593963726	0.467333334548396	0.671438899070247	1	0.785670995670996	1
PF12224.11	-1.62085304477593	-1.72364534732013	-1.53685875141462	0.130253329099919	4.02478845621964	0.0301590122866195	0.485676216386335	0.743360631432081	1	0.714792207792208	0.998750488577761
PF06751.14	0.320321801450792	0.263503650347989	0.36320816938818	0.086685463592957	3.63742086545499	0.014952152628471	0.49100599633544	0.726448286674761	1	0.790142857142857	1
PF00936.22	4.93229476179052	5.11350448390075	4.671890767412	-0.476345160276157	1.39673676067631	-0.325202442573347	0.339333339969129	0.433008820471828	1	0.428874458874459	1
PF06134.14	-0.280954061554054	-0.776297075283805	0.186881313429177	0.94110464249614	3.45676726698099	0.223924011506345	0.378414395186208	0.566603768201676	1	0.498064935064935	0.996843573093573
PF05816.14	2.83279269315301	2.8685869227949	2.81962213862541	0.0293016906187855	1.56724068372989	0.0128873018383185	0.490339773841787	0.654962562627312	1	0.79895670995671	1
PF07728.17	-0.0867197124585593	-0.367252555508527	0.15317459167493	0.410484452202648	3.45432198934768	0.0944388513669838	0.445036644296342	0.643499585249927	1	0.644606060606061	0.999385064935065
PF13624.9	0.245351094089971	-0.973054413235497	0.809060294848279	1.80427017879015	2.96958444376226	0.493590822043548	0.263157906031298	0.20812171700504	1	0.231411255411255	0.980802547010503
PF01035.23	-0.231487968102416	0.188173306033481	-0.954416455586857	-1.0528849346487	3.43936426489204	-0.249718029041216	0.36400000543947	0.506519499472824	1	0.537619047619048	0.999994473611495
PF04357.16	-0.40733925650267	-0.18114662146794	-0.655408623050642	-0.740130061043504	3.90640494977592	-0.160026255041194	0.42066666968082	0.647256225533049	1	0.671779220779221	1
PF13488.9	-1.83859334873475	-1.52856535913088	-2.09618830538964	-0.56452929852975	4.50462633179179	-0.10596254463234	0.431712194445903	0.664782286452128	1	0.677363636363636	0.999978961038961
PF10415.12	0.665622590149122	0.358154436933157	1.05339499689685	0.806146936653708	2.82959307335918	0.229271378204133	0.367088612884815	0.542454524064423	1	0.465393939393939	0.997754075008234
PF02018.20	2.27823563986835	1.61091623450771	2.7479539230945	0.898107649819972	3.31283650544356	0.205247133849727	0.383077952609488	0.647649852252495	1	0.490406926406926	1
PF13517.9	-1.82391088326233	-2.2176153861754	-1.36206521272605	0.983374095495538	4.52121148282315	0.214950884871907	0.40933333680553	0.593921588251549	1	0.562281385281385	0.997763403449219
PF09414.13	-1.26868793658868	-1.68909039070248	-0.891424109348574	0.748057037014804	4.33911821749888	0.146359125428727	0.42266666960106	0.630213805719777	1	0.599640692640693	0.996336977997061
PF03916.17	-1.86156214865704	-1.67342028824224	-2.05472827476124	-0.470973315264789	4.08481322271821	-0.105911373526305	0.449700201746251	0.685041227085608	1	0.702809523809524	0.997157255443743
PF00724.23	1.90271508935093	1.91992764347054	1.88280538687783	0.0159370519127098	2.00792378378946	0.00669556869652753	0.494337108803755	0.630159446136698	1	0.74604329004329	0.999648552688633
PF17892.4	-1.85001680228664	-2.13462825085717	-1.42531353641129	0.96291470438147	4.63905976393489	0.171664829110791	0.410666670084409	0.58653094064329	1	0.562268398268398	0.989999046765399
PF17963.4	-1.88835884627589	-2.26563385042221	-1.51141634393049	0.969520639682115	5.21525173098155	0.178417813686377	0.415333336561705	0.551587716985359	1	0.566350649350649	0.998388095196978
PF18931.3	-1.96920631249778	-2.23289007358023	-1.68976493880113	0.50225002418867	4.36753406631316	0.100037162734152	0.446666668664708	0.660811102402406	1	0.631636363636364	0.995007981400477
PF04754.15	0.710877271654339	0.0142260880827578	1.13721060859265	1.12595002706686	2.63347879114747	0.373591486560644	0.307333341713425	0.301656883424787	0.999686639958007	0.311441558441558	0.993814215609199
PF10145.12	0.577628003465454	1.50997913941188	-0.949774385971951	-2.53083831104742	3.01192009066426	-0.759081979592144	0.157894760633657	0.0947964535430773	1	0.10717316017316	0.998940043290043
PF02511.18	-0.0847760958604464	0.702828195910718	-0.843009788031141	-1.40359732191027	3.5701865628931	-0.317987305089053	0.312458369165026	0.421409733030901	1	0.393398268398268	1
PF04014.21	1.40120992063884	1.47684283815795	1.30010361833983	-0.174207925091045	2.58991284543344	-0.0526500646040653	0.460359761635369	0.767782094198397	1	0.783887445887446	1
PF13346.9	-0.466014109770979	-0.180668476541734	-0.85585633819907	-0.632000842010384	3.70082396241969	-0.130312180654368	0.42438374703289	0.60186833328253	1	0.648904761904762	1
PF12837.10	-0.704424228370582	-0.455442955320298	-0.978669409276363	-0.464339091261595	3.79401763921197	-0.100469066138215	0.441039309340154	0.694978247737038	1	0.707359307359307	1
PF15937.8	-1.85260130414146	-1.67741215695113	-2.06542333839613	-0.313856270332147	4.06661300346182	-0.0667516403343694	0.469333334473424	0.699405277360661	1	0.715636363636364	0.999266526706376
PF13470.9	0.912690576556886	1.30634739892436	0.174788462788702	-0.885004197554076	2.97142164092131	-0.246974563926229	0.379333338078856	0.513766648518977	1	0.544978354978355	1
PF04221.15	2.23364149878376	2.59950124508689	1.54480778153217	-0.943068576427182	2.13727253484466	-0.350807914694674	0.315789481567806	0.30018781501518	1	0.38438961038961	1
PF05016.18	1.05544575437287	1.10011602745757	1.00307197238283	-0.108746246729654	2.48048837590578	-0.0411583534068831	0.482000000667532	0.695226674859983	1	0.792831168831169	1
PF06964.15	2.49273086258093	2.18272246727314	2.72373081504506	0.475906837710528	1.64322857060174	0.253135221200974	0.366000005347005	0.460213267434942	1	0.463580086580087	0.998531229834957
PF13007.10	4.7185570148514	4.73502196184692	4.70659755655591	0.130394665860048	1.32431890415477	0.0897102512403347	0.448666668588154	0.533981276632201	1	0.676722943722944	1
PF13643.9	-0.440215691999868	-0.693836045177113	-0.212504001408696	0.378384546826189	3.05992095216566	0.100961119749094	0.436000002409853	0.67517880591991	1	0.638108225108225	0.999120037282296
PF01583.23	-0.548488443685399	-1.33909921475976	-0.0277629665547616	1.04647761326753	3.76657578013947	0.236954509738716	0.377333338167504	0.513100094940656	1	0.489242424242424	0.995850291962939
PF03965.19	4.36325616214941	4.49619934881715	4.13657663375835	-0.581098754298396	1.64084360914548	-0.338399366503389	0.352000006007865	0.474911268652881	1	0.498809523809524	1
PF19546.2	0.766792407312864	1.2153696730758	0.0755800913863993	-1.01116366834797	3.19032585721868	-0.25893702802619	0.338666673336384	0.436354644836387	1	0.46308658008658	1
PF17761.4	2.94593714740066	3.17239742574647	2.69966100083644	-0.399262624078606	1.38009314808175	-0.24913174965772	0.375333338256687	0.573616187997169	1	0.538930735930736	1
PF06250.14	3.02200459924793	3.22136101934927	2.81205521535844	-0.366643677398894	1.27861502652309	-0.236830287077845	0.373750837765804	0.611893655753269	1	0.57661038961039	0.999682517482517
PF04509.15	5.39760147111067	5.29181132066112	5.45086128584679	0.043999916802572	0.752054978398929	0.0542960320972654	0.475016656489348	0.77615136396853	1	0.747792207792208	1
PF01052.23	4.76611480528819	4.71783836428408	4.79326774723167	0.0178135902236436	0.897433440607692	0.0173728352514859	0.490666667012466	0.791865926336573	1	0.78430303030303	1
PF04647.18	2.04622223587966	1.31278733946645	2.3241409174854	0.904449669783932	4.07443902649444	0.209135181213864	0.381079285142026	0.525333368025682	1	0.493757575757576	1
PF07697.14	-1.5631936180052	-1.5085250610427	-1.61558858382944	-0.0931938480098493	4.19143052942932	-0.0187873743933468	0.488666667086636	0.768294669178195	1	0.770549783549784	0.999884515623798
PF09424.13	0.0866319935430102	0.64554175577125	-0.233785583954346	-0.702840953595888	4.02318759211068	-0.147275252634878	0.414390409657871	0.694025385362927	1	0.66312987012987	1
PF04020.16	-1.89003924193784	-2.20367623135206	-1.57007134905234	0.449991670684295	4.33960145890791	0.0900905655398018	0.451032646732127	0.669829202231003	1	0.625718614718615	0.996419902811739
PF00462.27	0.342570052289465	0.326433206695014	0.359364609847626	0.0249268718172369	3.02482304058869	0.0077079365928605	0.49300466381642	0.768832607840877	1	0.767411255411255	0.999420306965761
PF07602.14	-1.77484134222496	-2.18568697809024	-1.43093242423467	0.650659504095395	4.07664622166666	0.128662173175635	0.429713526969265	0.640995099615836	1	0.610805194805195	0.994565393273266
PF05569.14	5.1283746344984	5.02511353838044	5.21898784263642	-0.0788922084616868	1.69457416499957	-0.046008790381024	0.486342438879956	0.676371511849429	1	0.884311688311688	1
PF13229.9	1.49838876878975	1.06765748581003	1.96484256205259	0.852906483173319	1.74126988972452	0.45341883115273	0.29713525215332	0.383271729729212	1	0.301666666666667	0.986361556566695
PF02547.18	0.93662722305155	1.22126936675935	0.659176792030065	-0.511109339454658	2.76537502861814	-0.144701535825279	0.411059297201336	0.65736984685151	1	0.648424242424242	1
PF03938.17	1.58449528287725	1.75763620466604	1.45052061007986	-0.265590717970587	2.56062438713545	-0.0767799662715593	0.449033979253343	0.770263519084458	1	0.76438961038961	1
PF11392.11	-1.14923115878521	-1.64586869998612	-0.665362620309145	0.970965234177271	3.78855820570734	0.221998255674852	0.381079285142026	0.566807610899541	1	0.522969696969697	0.992128968495185
PF09852.12	-1.88046059561551	-1.80225304994371	-1.96626621559314	-0.34804533728544	4.35252417935569	-0.0665196993437369	0.467021986568215	0.713702648912451	1	0.736445887445887	0.99951525974026
PF11985.11	-1.85063316931035	-2.21296481182437	-1.53923800739975	0.511410911034138	4.0672458115843	0.0963316493279682	0.448000001946984	0.648525734029808	1	0.620679653679654	0.999121452494873
PF13165.9	1.73224326555219	1.85774237672978	1.66178663857072	-0.209542562908768	2.70943042976177	-0.0547638357595478	0.463024651608331	0.792759435368729	1	0.788454545454545	1
PF13303.9	-0.49977471394807	-0.807963735773058	-0.244686581140139	0.50376642655123	3.81079455377899	0.109454367183158	0.431045971953661	0.656561689258123	1	0.607891774891775	0.999474131804201
PF01070.21	-0.621262458513946	-1.54387655075589	0.43200931063804	1.49579190600832	4.61195255960953	0.291706561626438	0.366666671982987	0.510149955483624	1	0.428943722943723	0.999144258742211
PF02682.19	-1.82254844846903	-1.63267151898106	-2.06190792779552	-0.379892812005785	4.23854949856307	-0.0811483800195643	0.455029981690227	0.693559726643395	1	0.723818181818182	0.999338967252843
PF03328.17	-1.9718904959409	-2.2976998654129	-1.59068702123728	0.668540096307845	4.19537435657478	0.129927242757179	0.434000002487791	0.64113815293535	1	0.603238095238095	0.997509268377484
PF14804.9	2.13736062382434	2.04452996423828	2.22388565952522	0.283101817937686	1.71867377226446	0.116770099296152	0.424666669521598	0.515422748155438	1	0.6165670995671	0.999420306965761
PF01424.25	2.16531831368557	2.07040166365432	2.23128967400619	0.278439020651223	1.66171154372444	0.116899149066058	0.423717524540984	0.50518131680442	1	0.623103896103896	0.999271621014301
PF20038.2	-1.90080440221208	-1.62009962011606	-2.14509964650839	-0.437236471830253	4.25736949511942	-0.0841693548241237	0.448666668588154	0.66708513492597	1	0.692012987012987	0.999630890806397
PF01066.24	0.855103073347111	1.00059997490616	0.782995561868044	0.0506429434618578	2.83958255960922	0.0121986417667038	0.49100599633544	0.614777387490932	1	0.776155844155844	1
PF01144.26	3.26888849853203	3.54684687349777	3.05351956340479	-0.420336982160366	1.07282446345831	-0.354948588712439	0.338441045979447	0.430262084310329	1	0.458731601731602	1
PF03746.19	-1.34928434644533	-2.2439575236487	-0.529422137141019	1.49235313909979	3.90953425560528	0.317551449211751	0.332445043623722	0.465626381817047	0.999774876621176	0.386541125541126	0.991700243906408
PF01566.21	-0.698994920025364	-0.320340906538872	-1.02281188872864	-0.847020212410298	4.19802774755958	-0.176383153048808	0.406666670248255	0.59950464038079	1	0.640904761904762	1
PF07286.15	-1.5781318245818	-1.68835266248022	-1.47164943443744	0.110792525585377	4.1956375970792	0.022501716712433	0.488341106360851	0.747531368925202	1	0.734103896103896	0.999568228056773
PF08497.13	1.00808787889868	1.0073317155855	1.00896175030568	0.0345592800611056	2.25976354703073	0.0100582509086535	0.49466666686422	0.78548869433277	1	0.763536796536797	0.999988429752066
PF11842.11	0.999280875370477	1.00772021833996	0.994417019685292	0.0154929816979879	2.32676984450501	0.00557208529161224	0.497668221272125	0.755557850554843	1	0.747047619047619	0.999838044308633
PF00215.27	1.29629820288816	1.59580793437872	0.976177875666745	-0.667857091626753	2.0080737821475	-0.283193058521615	0.344437048342602	0.405672103032604	1	0.477632034632035	1
PF00302.21	-0.448079856712221	0.38689553034412	-1.02457555530939	-1.52472872191947	3.9480594529291	-0.312125326860388	0.330000007119284	0.490168876149652	0.99899074251082	0.454701298701299	0.999838044308633
PF02754.19	2.49251329632815	2.07930978728015	2.82000092144821	0.876227841393331	2.11599498409555	0.339768255615781	0.334000006909769	0.361777333240254	1	0.343922077922078	0.999988429752066
PF15714.8	-0.18673120798085	-0.0780900470845953	-0.309378465504608	-0.123495947529211	3.42845567605761	-0.0286434256926681	0.482000000667532	0.728171797959906	0.999414931368165	0.769251082251082	0.999735930735931
PF12710.10	0.361838844032165	0.74010766926159	-0.0976185755752583	-1.01058157043962	2.67028135624708	-0.332655582344888	0.335109933558651	0.368338240606209	0.999911995521855	0.450558441558442	1
PF07873.14	-1.16010466597452	-0.841804333984229	-1.60553232784034	-0.678097484411052	3.66371399576419	-0.145656217176202	0.42038641208195	0.57897173819475	1	0.627935064935065	1
PF05170.17	-1.97589907326199	-2.22771087464365	-1.65485859326789	0.639164665641059	4.35545978308847	0.116200589331614	0.442666668818415	0.674934224018656	1	0.639467532467533	0.996360010097443
PF13493.9	-0.994443124366012	-0.953494230124322	-1.05402697456574	-0.124022252178629	3.96563456187383	-0.0233605708911423	0.48434377139911	0.751379504910646	1	0.765	1
PF13840.9	0.919948423116306	0.901783396388942	0.947324059274086	0.138560616044685	2.47330952022631	0.043006862180336	0.47368421150238	0.769793849301499	1	0.738445887445887	1
PF13860.9	0.401345174482717	0.519524391170602	0.285979530840035	-0.217305197104933	2.18315992083114	-0.0825161936305988	0.451333335153042	0.680201046631463	1	0.715307359307359	0.999550767414404
PF18934.3	-0.38107107005884	-0.137296416832101	-0.693470902263472	-0.486804569169562	3.71301705958492	-0.115564719518297	0.434666669128451	0.657438655011982	1	0.708519480519481	1
PF20458.1	-1.89654333363111	-1.65330664664663	-2.10096392515787	-0.303312711297176	4.17765555065125	-0.0643183561285962	0.466000001265109	0.695191345398626	1	0.704649350649351	0.999542735731934
PF07993.15	-0.08973806302531	-0.0259207971647486	-0.145880195018137	0.132648359639369	3.95727946795412	0.0260623528235456	0.485333333877011	0.770793786858773	1	0.763082251082251	1
PF01348.24	0.942972838521697	1.32390844894949	0.361670448214036	-1.02635587917763	2.89174848200912	-0.318612010300882	0.339107268463884	0.360193654401867	1	0.460528138528139	1
PF08495.13	2.45478652470289	2.79054101136842	2.19019908928708	-0.561332002044385	1.3186854408415	-0.358616002149942	0.319120593973523	0.449977359270461	1	0.431645021645022	1
PF10442.12	1.20087003930655	1.5005299746043	0.902437393564801	-0.65021384066326	2.16183725651273	-0.250712678183585	0.370000005163893	0.497094156504577	1	0.541632034632035	1
PF11794.11	-1.56721209928534	-1.63314904464166	-1.5033778527989	0.189287227459762	4.1539415994429	0.0389998361627732	0.481333334025656	0.735529054058106	1	0.714965367965368	0.996010391563324
PF03241.16	-1.60396637230637	-1.64750074217301	-1.57138581495099	0.173434543673612	4.21952489310704	0.0402625196046711	0.478666667458231	0.73987513919161	1	0.715194805194805	0.999735930735931
PF00857.23	-1.44083663453755	-1.46219318590311	-1.38688378660996	0.444709229669849	4.45504477000307	0.0920013852380242	0.454666668359595	0.696275475956013	1	0.675744588744589	0.99607752644117
PF13343.9	0.772822587984313	0.629955462611197	0.942024190427847	0.409756281195399	2.88499427152493	0.109693579256651	0.433333335847159	0.696539965266309	1	0.650658008658009	0.999244855144855
PF13380.9	-1.92231341173775	-2.25326932957846	-1.60473144241355	0.645110446130247	4.1990009568619	0.140680371641436	0.430379749461449	0.64129130594251	1	0.609593073593074	0.996970200987606
PF10593.12	-0.94723441163399	-1.24146542345221	-0.639082094707846	0.593329903500482	3.60211618972117	0.142066106595715	0.419053967098574	0.657516729751687	1	0.603844155844156	0.997278907017352
PF10592.12	-1.57728443980976	-2.06714042887078	-1.02657223012274	1.09343167470558	4.14485894850509	0.207898138346764	0.382666671265601	0.553831312505637	1	0.510779220779221	0.994357278267876
PF09924.12	-0.654151443988285	-0.119801375735946	-1.39056626042976	-1.16738024980596	3.86330441700532	-0.246822439792826	0.380413062652985	0.516851284112475	1	0.556186147186147	1
PF08818.14	-0.213833025025845	-0.226639469633672	-0.193492812334981	0.0317347396915038	3.03147098031552	0.0090219274122885	0.49300466381642	0.770781301229576	1	0.737701298701299	0.999033260067635
PF12681.10	-0.98731320295414	-0.793628584899382	-1.30427587969737	-0.345092437053475	3.69193921035176	-0.0776550562637064	0.459333334849536	0.661310700867027	1	0.711489177489178	0.999838044308633
PF20148.2	-0.426065603927414	0.143257182484519	-1.10847338880108	-1.23678998171735	3.63126633003012	-0.297725674300441	0.346000006301487	0.456559778907062	1	0.482748917748918	1
PF05580.15	-0.618053501894398	-0.993702154060346	-0.183208307976746	0.805968148293311	3.84151059263383	0.180121983984255	0.405729517272928	0.616155789297756	1	0.544917748917749	0.999124809551417
PF11760.11	-1.17786727320092	-0.815923521515968	-1.51385040834329	-0.616281560614259	4.03112126437519	-0.137448776733556	0.420000003040807	0.642154660243337	1	0.651419913419913	0.999792846497765
PF01890.19	-1.12623272240592	-0.762618476430511	-1.50317755351531	-0.649278202348023	3.96140461760756	-0.130789905277845	0.419333336400829	0.64733691275088	1	0.643701298701299	1
PF18991.3	0.965218959410385	0.345434612618585	1.42552640611416	0.814089365300203	2.6736493754879	0.270881260247819	0.349333339470879	0.53006174776901	1	0.44830303030303	0.998720970251601
PF13569.9	1.68792599053528	1.63406545465253	1.74924434049676	-0.0571558091659545	2.13266982637504	-0.0171053023237465	0.489007328854492	0.757585425689466	1	0.776	1
PF03448.20	1.09079929881393	1.93905725290676	0.551926774669629	-1.24047559182728	3.18290722991628	-0.303460962133563	0.329780153690359	0.592397737971088	1	0.434359307359307	1
PF01769.19	0.933971852072638	1.54844796912119	0.271608305173341	-0.97789123079783	3.40892245987851	-0.243712737365281	0.346000006301487	0.561574581018837	1	0.489255411255411	1
PF06695.14	-1.25341844895807	-0.513692053888377	-2.03599884004956	-1.30492753430635	3.84557578968199	-0.297145366707927	0.336666673438699	0.469428017658335	1	0.463090909090909	0.99951525974026
PF13595.9	-1.70136605808364	-1.81081976297472	-1.58638219934569	-0.0532983210250686	4.55492975628501	-0.0110544956210824	0.495003331297425	0.763479005272012	1	0.764359307359307	0.999763929618768
PF12225.11	-0.00618710032961278	0.00167618949284076	-0.0278813806259297	0.192430331613431	4.08265702127781	0.0402168508149875	0.476349101476354	0.766237183138777	1	0.742437229437229	0.999629673356946
PF17200.7	1.71385540232037	1.56240635294139	1.79504989882823	-0.185454316250018	3.36191157099148	-0.0450809272280942	0.48234510391832	0.805068372082188	1	0.849064935064935	1
PF11734.11	0.180163967417498	-0.376525682461652	0.625310050053572	1.04762838947437	3.05397048840305	0.276664309216305	0.351099273198694	0.473232061097498	1	0.418082251082251	0.997266557617513
PF05853.15	-0.795504084655579	0.328511503179816	-2.0217691485425	-2.14981445405284	3.79270322285543	-0.499831924044666	0.247168566861408	0.296047904646045	1	0.26838961038961	0.999905844155844
PF03551.17	0.89226984193736	1.06582324513054	0.72986614082676	-0.307327839065169	2.6789813822823	-0.0905258714357729	0.445702866789121	0.742261947401048	1	0.72078354978355	1
PF10400.12	-1.90549285104878	-2.35454281442161	-1.47287933529872	0.631463680113314	4.18359193298726	0.135327763310246	0.432000002565979	0.619062545949113	1	0.584320346320346	0.993842992303753
PF07729.15	2.36400164897932	2.32905517915352	2.40815439058272	0.189231234661234	1.50500148983662	0.0936145612945437	0.440666668895584	0.540667070966894	1	0.636411255411255	0.999201798201798
PF01386.22	0.442965307138974	0.328307620611751	0.503501411234172	0.12216147850665	3.80769551810493	0.0251503432383251	0.48500999389272	0.730454604508557	1	0.759839826839827	1
PF14693.9	0.471177158829096	0.309837762309278	0.577178358119728	0.23052106687827	3.78689761600523	0.0488796892585115	0.47035309903515	0.701692745173529	1	0.723268398268398	1
PF16199.8	-0.378200068406549	-0.115954512337048	-0.64231084169828	-0.41501642358059	3.54157690524174	-0.103688376378338	0.44037308684754	0.711977832713694	1	0.702441558441558	0.999988429752066
PF02631.19	0.13823106808408	0.51693932159152	-0.409666388127172	-0.953750492930305	2.88597747910149	-0.268188254961121	0.351099273198694	0.44669594433614	1	0.499151515151515	0.999913066525311
PF14319.9	1.8628436188745	0.725298480684925	2.38977808573881	1.70061040120258	2.67403170943612	0.514864721328105	0.238507674872341	0.142539879469296	1	0.150722943722944	0.994810040967172
PF04986.16	1.90214685476984	0.772274225029558	2.39078792844883	1.67735800812702	2.65195998774271	0.527455591608159	0.240506342250232	0.141671893182988	1	0.159324675324675	0.993977643695356
PF18974.3	-1.29921439331227	-0.939099801478974	-1.61347137365746	-0.726231199423293	4.62274117071308	-0.138407025847435	0.423717524540984	0.662901468862491	1	0.659164502164502	1
PF00092.31	1.11280992164335	1.20340143168734	1.05765398621011	-0.586478227129933	3.015645745507	-0.163864224079714	0.418387744606937	0.5698542418606	1	0.665095238095238	1
PF14489.9	-0.0337282497673295	-0.443129958659751	0.225539666151243	0.689353001179919	3.18204623495222	0.175195527642497	0.396666670664582	0.519089251916791	1	0.544445887445888	0.998556595492722
PF04383.16	-0.175743781030338	0.656953339691285	-1.42349911282638	-1.73344858496232	3.76608444296347	-0.394262968265422	0.320000007659312	0.332377155338013	1	0.363155844155844	1
PF05693.16	0.758603415065502	1.08905247248471	0.554964106488169	-0.565455685388022	3.35406459242084	-0.130754837020398	0.412666670003021	0.705036600151194	1	0.650735930735931	1
PF11897.11	1.13770359804802	1.48831125175943	0.880122584803605	-0.584231992791769	2.42800445233544	-0.19337728007219	0.385076620077449	0.696984191047108	1	0.565437229437229	1
PF12439.11	0.806103615825377	1.09192253192257	0.522357534591182	-0.576402194978043	3.36303661520387	-0.138190332172387	0.42438374703289	0.718908627120275	1	0.66130303030303	1
PF06202.17	0.794894351302783	1.15668102478015	0.493899857940244	-0.680043784960501	3.36356813300504	-0.15554427603221	0.402666670413595	0.664357929360454	1	0.619571428571429	1
PF03065.18	0.313585154367133	0.85963680072047	-0.0471477923034023	-0.99281744553786	3.01145027325112	-0.283972846381993	0.357761498062769	0.508071162018865	1	0.505238095238095	1
PF12708.10	0.7899786387106	0.328408610540152	1.21286734678435	0.905633530623766	2.78193661415508	0.238897427163548	0.352431718170889	0.501984733377991	1	0.413116883116883	0.998508886089986
PF00295.20	-1.53977085410729	-1.71312855020515	-1.36442238328207	0.295777738231355	4.3178204049192	0.0621699911676368	0.466355764074866	0.697553548424876	1	0.669095238095238	0.998494828651859
PF07495.16	-1.30933780982282	-1.69593285009483	-0.856508960961654	0.784478386283575	4.25727505065814	0.158195217000601	0.425049969524827	0.634484736156658	1	0.601372294372294	0.998511901596436
PF13636.9	-0.187511879755488	-0.412949585820541	-0.0731518376488411	0.117144427225139	3.68469239586858	0.0213802391548934	0.489673551348137	0.72420144513409	1	0.751134199134199	0.999988429752066
PF02591.18	-1.05297479896803	-0.387010930200128	-1.56365912573926	-1.47084299568144	4.55406474289834	-0.281477793219787	0.36400000543947	0.500088802105111	1	0.530367965367965	1
PF04205.17	2.0987800744242	2.31164548402001	1.87633341801519	-0.366096709959937	1.49584802859919	-0.210900484227951	0.387741510035488	0.609686529732291	1	0.595147186147186	1
PF03993.15	4.40797588670142	4.81177097253363	4.09950525511527	-0.441860187946292	2.19113833121217	-0.203690053094208	0.409726852218993	0.649270734245924	1	0.64317316017316	1
PF02308.19	-0.111939411488496	-0.377817362200632	0.247920132792212	0.727454940830135	3.46310292857757	0.16484192667889	0.397734847385403	0.639686474136349	0.99890430145158	0.549307359307359	0.997291929295829
PF13205.9	-1.57415098243619	-1.17870380171292	-2.02770030104792	-0.849559236432913	4.03750279455687	-0.17326996669422	0.408394407236809	0.587334592607887	1	0.604939393939394	0.999162569978956
PF02475.19	-0.810523695868925	-0.648419899809173	-0.988257954268098	-0.310091601045924	3.83154230135447	-0.0674907089767022	0.463024651608331	0.712909571943041	1	0.738333333333333	1
PF13368.9	0.565633033515234	0.693238712450932	0.476474313788185	-0.609161881626259	4.70185179343276	-0.116748863343475	0.436666669050594	0.744211179609439	1	0.76751948051948	1
PF01975.20	-0.959957861892072	-0.146808660807368	-2.10342197758308	-1.97760534978852	3.55922722506978	-0.488285502366681	0.2613333447812	0.271898862678877	1	0.285865800865801	1
PF06824.14	-1.58683544531773	-1.5584132376577	-1.61032647797223	-0.199665130601801	4.55943091190993	-0.0403176003770832	0.481333334025656	0.755257584738553	1	0.769614718614719	0.999763929618768
PF14128.9	-1.5789720742717	-1.69703975791519	-1.45429178269928	0.0331537906475541	4.31900606623854	0.00582124592003491	0.496666666790129	0.730584767774128	1	0.715813852813853	0.997724360487997
PF05681.17	2.52951057047027	2.52112319364533	2.54803612866948	0.0595568883150799	1.84131691541657	0.0197352054604921	0.481333334025656	0.727476086015526	1	0.758437229437229	1
PF16314.8	-1.34385334129004	-1.16849737117379	-1.55819582658949	-0.367525227453934	3.97113820041535	-0.0827922664363508	0.448000001946984	0.709663389303535	1	0.733316017316017	0.999961908904493
PF02347.19	1.21549404799353	1.28796754076347	1.14364535953926	-0.240587719240132	2.11029505311558	-0.09602296641151	0.446369089281922	0.596947173821749	1	0.720987012987013	1
PF13525.9	0.0760331966898047	-0.411938604821779	0.37283791084321	0.766926613741929	3.03415814235676	0.207516309920444	0.37641572771996	0.511073754846681	1	0.512021645021645	0.997080973880005
PF14805.9	-1.56105703607872	-2.32435720683571	-0.910303089886335	1.1950042775772	3.98956006420001	0.254014793474108	0.35666667245062	0.502428955479315	0.99950470524925	0.452372294372294	0.989550627218421
PF02405.19	-1.8531889763315	-1.72750534593776	-1.99726004931619	-0.370288842917317	4.22384956939009	-0.0645283142517443	0.467333334548396	0.712397020082894	1	0.732008658008658	1
PF01464.23	1.10096295284401	0.769721471199719	1.4250497895395	0.668407938794257	1.96424725802814	0.284830328766938	0.352666672642312	0.467139787293474	1	0.445493506493507	0.988460047369075
PF18935.3	-1.88907822249631	-2.17117857826098	-1.64686478046695	0.391645759609059	4.08871340950338	0.0706117279185511	0.460359761635369	0.66793293831216	1	0.636935064935065	0.998281382220884
PF13100.9	-0.296785542101439	0.142659988082468	-0.654256095257503	-1.08479466151176	3.66372446756064	-0.239733428162473	0.379080617675076	0.55095055081041	1	0.558502164502164	0.999952922077922
PF14134.9	-0.323655447598075	0.242068795912751	-0.651458461098708	-1.01076271828273	3.66996519247387	-0.217250379058294	0.381333337990732	0.605905834076101	1	0.581471861471861	1
PF00329.22	0.0478559024874325	0.334555997698617	-0.268308167642718	-0.963210916038854	3.71224111231102	-0.216430413956788	0.387075287545898	0.564964255312104	1	0.5975670995671	1
PF00346.22	0.193171929381127	0.691775232607325	-0.197345934522484	-1.19765352616838	3.8938828669342	-0.286349415441404	0.365089945421798	0.50130705694276	1	0.534506493506493	1
PF19838.2	-1.07986031835374	-1.76171940466831	-0.485148369350344	1.09977208213532	4.0584571574222	0.235997416160531	0.384410397588074	0.557792923386747	1	0.491887445887446	0.996828848955717
PF14123.9	-1.42547335773578	-1.20589113877324	-1.61271809719331	-0.5366042802668	4.14190432338039	-0.099586723190219	0.446000002023603	0.696853708124226	1	0.706225108225108	0.999952922077922
PF08666.15	1.56207713083034	0.913342990611118	2.10766483861764	1.1371700933755	3.40912074451699	0.307799879628641	0.309127256765295	0.400376393994457	1	0.292536796536797	0.996665958201146
PF13740.9	-0.24337415040797	0.323300355356028	-0.864756568358852	-1.12452930409084	3.91328689453954	-0.25993152748851	0.363333338803763	0.527323646516827	1	0.515090909090909	1
PF03571.18	0.0284104770128346	0.290370202678902	-0.556098356727053	-0.534301552212575	3.7604860106596	-0.105759150841287	0.439040641862385	0.637729925267518	1	0.734138528138528	1
PF02666.18	-0.554994396293177	-0.191631062052329	-0.947419767412048	-0.663160254154847	3.6822091828824	-0.161166271840172	0.420000003040807	0.598543758380717	1	0.636818181818182	1
PF08665.15	2.16309036228801	2.36477232700243	1.98239236106759	-0.450669435944519	1.67252816452474	-0.195090149752641	0.372000005073218	0.441503415198094	1	0.550038961038961	1
PF07676.15	4.54262422009587	4.87276725170208	4.25162155539754	-0.921502390224338	1.73160205553162	-0.519790446960665	0.224666681302174	0.223455432593456	1	0.167943722943723	1
PF03169.18	0.549800781473707	0.819461068835204	0.161916825914188	-0.613686388137618	2.80582008949992	-0.166631547566951	0.400000003858024	0.60807372752882	1	0.605493506493507	1
PF02749.19	-0.0794779745494889	-1.09789048036441	0.792699860820075	1.80456135792827	3.26767911968646	0.47443565759635	0.255333345247989	0.280046490461565	0.999050189758049	0.213030303030303	0.973307484902353
PF01729.22	-0.0431364787009834	-1.10694534032462	0.801656994815015	1.84694001776084	3.21705437063573	0.464301942224335	0.252666678794869	0.279147203585621	1	0.224965367965368	0.96578571353152
PF03308.19	-1.15867081863305	-1.2713093191185	-1.06103069080727	0.126723148571038	4.28071009816946	0.0245382618509236	0.486666667160845	0.762309532750584	1	0.755909090909091	1
PF05896.14	-1.26489983129202	-1.04938123064093	-1.44480574857734	-0.739551026607839	4.22266829363532	-0.141157544162668	0.430000002644423	0.658832832498334	1	0.676134199134199	1
PF11973.11	-1.33202942837497	-1.09201255389941	-1.48541228317422	-0.539808603838769	4.36392470328055	-0.118623847770865	0.44000000225469	0.690799469885555	1	0.701922077922078	1
PF00970.27	2.44335702311266	2.27722720907423	2.61193038318763	0.164191180241847	1.83155306199855	0.0631235812322823	0.456362426676409	0.785115087516417	1	0.668502164502165	1
PF07837.15	0.439576656322424	0.158783473730868	0.729503043360803	0.483707397090787	3.27998030408242	0.11626901435429	0.425333336161842	0.681297503645194	1	0.608584415584416	0.99720441052454
PF02971.17	0.449679968072481	0.204095235722254	0.72289541565196	0.435946242828755	3.11224998777451	0.11515436607778	0.430666669284912	0.703320105187225	1	0.611359307359307	0.998582425855718
PF04961.15	1.14256858792779	1.27923959245437	0.927796903461776	-0.431406380812283	2.10225404994748	-0.162200793655652	0.414390409657871	0.494818480259051	1	0.637562770562771	1
PF00221.22	1.373610551801	1.49214363271791	1.27359592775672	-0.150646321549738	1.81187413349176	-0.0636811039619045	0.462666668057134	0.797071704223485	1	0.746441558441558	1
PF04172.19	-1.3902214974336	-1.25029817183571	-1.54940284501323	-0.211545013816076	4.05338898617221	-0.0463487451984453	0.468354431554951	0.699474186265218	1	0.744935064935065	0.999173073593074
PF20600.1	-1.05832471593207	-1.08811145168255	-1.04757010194438	-0.551829145676535	4.66089574262942	-0.0999585474545718	0.451333335153042	0.731950127184858	1	0.748896103896104	1
PF06971.16	1.13052988247685	0.912978817738251	1.38600765771213	0.402134053340587	1.92618394390494	0.176431263707026	0.403333337052597	0.614658309582069	1	0.576939393939394	0.997195076945449
PF01252.21	0.996606494560132	1.04302314586085	0.949246237420459	-0.107091328418978	2.24044718494783	-0.0379989809021258	0.477681546463399	0.732232380656984	1	0.78391341991342	0.999893742621015
PF19577.2	-1.80895071295292	-2.11786026441609	-1.47135980039723	0.671171295571189	4.19440364554555	0.135366958627259	0.430379749461449	0.629926741725625	1	0.587554112554113	0.995913894335247
PF02585.20	0.562407659659647	1.12215361729323	0.0309460670793609	-1.16497871854139	4.36744344285583	-0.229019477575437	0.37708195020865	0.57531580490114	1	0.560181818181818	1
PF02498.20	-1.10784883091276	-1.1428320878982	-1.04827725698916	0.0991101221117843	3.93121468512516	0.020540531522808	0.489007328854492	0.739109988037494	1	0.711212121212121	0.99739530772258
PF09709.13	0.362983667519609	1.26234668455197	-1.0018833296724	-2.08623620418179	3.22726050299376	-0.580299906490698	0.209333349594042	0.209695617092613	1	0.175792207792208	0.999952922077922
PF20463.1	-0.700465988971548	-0.150588021941642	-1.64030801577063	-1.48023669215116	3.24124324014359	-0.383538442899219	0.305796144368727	0.347244701475098	1	0.399367965367965	0.999201798201798
PF12897.10	1.59449762709114	1.64793058704756	1.54812698675738	0.0756645344857869	2.75472063225248	0.0214291086281437	0.484666667235102	0.72089597902163	1	0.775584415584416	1
PF13734.9	1.2384237772803	1.94276811781642	0.862086180247201	-1.13568958208574	2.21545786313491	-0.443192003626984	0.30533334183134	0.347861358580469	1	0.386004329004329	1
PF01640.20	1.10922480764714	1.8980271738579	0.815109589824707	-0.917511561565783	2.61065319360756	-0.271735455726408	0.370000005163893	0.691875728554366	1	0.548251082251082	1
PF07610.14	-1.22296384552033	-0.999001151156193	-1.44694409947738	-0.700121624364082	4.77235317414932	-0.138276254742768	0.429713526969265	0.678853828671484	1	0.701380952380952	1
PF13195.9	-1.62582998870688	-1.00519986204652	-2.0405767888146	-1.18951082178122	4.72281578224038	-0.225561697250242	0.37641572771996	0.566021764463911	1	0.586238095238095	1
PF18741.4	-1.56957049683628	-0.997215167181455	-1.98554460420534	-1.26961039992453	4.70176026159701	-0.2310963771285	0.390406399994367	0.575998237362296	1	0.58230303030303	1
PF08124.14	-1.75577571404367	-1.59338297615623	-1.90457950104219	-0.397913109589449	4.29514858262473	-0.0823735945218915	0.459027316648982	0.695305511386921	1	0.721064935064935	0.999022704568159
PF02278.21	-1.80261578220938	-1.45279918334827	-2.07808102176922	-0.703127672622328	4.22494476153582	-0.131257780580051	0.429333336003963	0.669218706028847	0.99991937951594	0.678896103896104	1
PF02884.20	-1.9317813528103	-1.68122055168044	-2.1732042932966	-0.449973964360645	4.27868904890589	-0.0964229899142071	0.450666668511789	0.681752475290555	1	0.699385281385281	0.999735930735931
PF17919.4	0.329471999446811	-0.442538151253155	1.37855419324225	1.72485436486059	3.25038852030909	0.437921575253952	0.286000009703439	0.370722862654124	1	0.24387012987013	0.99168520897534
PF05368.16	-1.92873636405441	-2.27527017381166	-1.61287555845389	0.67043506229522	4.28571231027179	0.13014249306963	0.432666669206554	0.656950845681635	1	0.618138528138528	0.998634294931544
PF12320.11	-0.989527149157621	-1.22111496910383	-0.759767852258589	0.322868594326692	3.76730041612348	0.0704267011755649	0.453031314211091	0.689439199619091	1	0.650103896103896	0.998240400026039
PF07705.14	-1.06455362278766	-0.591262840930135	-1.5245448141367	-0.923828010562248	3.78217742724805	-0.205303712817913	0.392000004195757	0.591747448387155	1	0.595813852813853	1
PF08411.13	-1.91496885457405	-1.69711281125146	-2.0869601329503	-0.412703619037167	4.21389540810975	-0.0779502117962598	0.458361094155813	0.704936018949445	1	0.724930735930736	0.999952922077922
PF07331.14	-1.31640826252732	-1.66470190346499	-0.924733241228433	0.833401039108506	4.02222243224003	0.185462111273268	0.408394407236809	0.609896717737139	1	0.55517316017316	0.995461518942535
PF17651.4	0.60084173804162	0.541655405479165	0.676277368822432	0.210030199140306	2.98118210269316	0.0585258391924735	0.461692206621819	0.708248651086973	1	0.692952380952381	0.999973479152427
PF14574.9	0.734592093419498	0.734592093419498	0.734551501976061	0.0412899212633127	3.30681646566699	0.0101667330237533	0.493670886310086	0.775543931538673	1	0.781476190476191	1
PF17850.4	-1.86689615334199	-2.24975074358544	-1.49359968066364	0.4202857178426	4.13317408292038	0.0979625879313642	0.448000001946984	0.647119582317278	1	0.625658008658009	0.995058348749184
PF03721.17	1.36475365056176	1.54463827192965	1.10650558568904	-0.430290803268098	1.85158225560655	-0.20767094193512	0.392000004195757	0.534129101169469	1	0.591809523809524	1
PF00984.22	1.33554947160156	1.51655876861111	1.06265617862556	-0.450360616489458	1.84179412040045	-0.232682183243562	0.394403734934204	0.539100814257291	1	0.589212121212121	0.999952922077922
PF03720.18	1.00155882039015	1.12491604099447	0.875812247742336	-0.283871858250518	2.48849862490657	-0.0814537638589895	0.449333335229345	0.714855099988383	1	0.743311688311688	1
PF11974.11	-1.97019680358452	-1.88953537815424	-2.02925674291705	-0.234719797119312	4.72486361351398	-0.0404830695945499	0.479333334100075	0.727839418150142	1	0.762212121212121	0.999973479152427
PF17972.4	-1.94050349088418	-1.74200182562136	-2.11656732789567	-0.462189975488133	4.41660161615092	-0.0882533557702866	0.449700201746251	0.661689130685927	1	0.697865800865801	0.999333579649369
PF17962.4	-1.88291088831169	-1.76119443838655	-2.00191691175682	-0.437795867798945	4.33713552814901	-0.087538603913964	0.455333335000962	0.683414491288272	1	0.709168831168831	0.999510645748704
PF02578.18	0.364697084446751	0.781945226509168	-0.43645011187971	-1.0641050706038	3.4470314884893	-0.273702479292069	0.354000005911439	0.422339023764906	1	0.49074025974026	1
PF13489.9	0.111369875302783	0.418503096003485	-0.25369732652211	-0.431353359788663	3.56241796890047	-0.0954172076108976	0.441705531832793	0.663805432357986	1	0.70421645021645	1
PF07876.15	-1.17237800446398	-0.810454047091712	-1.65794600621867	-0.709720695912554	3.68630096128101	-0.157596269986578	0.420000003040807	0.605702957820504	1	0.647450216450216	0.999562337662338
PF14842.9	3.71757633604322	3.89761416334582	3.57224427075116	-0.192690294830691	1.01669075638534	-0.170526422923708	0.42066666968082	0.729264784988631	1	0.682705627705628	1
PF14841.9	3.72587404308987	3.91935929510017	3.56802220821613	-0.203526496532792	1.02605874523392	-0.185783475998271	0.417721522115336	0.711270286255534	1	0.657428571428571	1
PF01706.19	3.73414170580571	3.9399890261536	3.58194015656847	-0.200635262919731	0.999845213617654	-0.184253768895459	0.414666669921978	0.707723300024147	1	0.65852380952381	1
PF01888.20	-0.900675985725308	-0.502705385589198	-1.39928465283272	-0.745546252690715	3.91610905334282	-0.157528303956791	0.417055299623771	0.626665280463575	1	0.663731601731602	1
PF00584.23	1.83904141161357	2.02706005139686	1.6451198336916	-0.619189247358053	2.70552261152819	-0.184421693221329	0.402666670413595	0.599695194266268	1	0.632757575757576	1
PF03786.16	1.3505200895295	1.00464103214729	1.78709395113624	0.81681174622696	2.16537444796076	0.274283128741419	0.341105935917739	0.571226463689519	1	0.375636363636364	0.995926187041601
PF15975.8	3.68194529573823	3.9755531766541	3.28741615509897	-0.557020147371745	1.17164435419514	-0.350042788526381	0.321333340919238	0.64036870062971	1	0.374822510822511	1
PF05139.17	-1.30467675089514	-1.64140623986243	-0.86934551238526	0.850270758644518	3.87942358515533	0.183163157765787	0.404000003691644	0.630541594329404	1	0.562887445887446	0.996380232636925
PF03682.16	-1.95378391710456	-2.27355230265844	-1.58218620563446	0.704017705603031	4.27767976915487	0.13431372695017	0.429047304477111	0.651389292562202	1	0.604536796536797	0.996126088612329
PF13710.9	-0.156736484078819	-0.0189482527324234	-0.378155822224735	-0.198611002499349	3.42087114945334	-0.0556206301192785	0.475016656489348	0.702017873934663	1	0.752874458874459	0.999731786929648
PF00041.24	5.18138869879804	5.12283301384445	5.18998293571711	0.371547080558846	2.08481047448237	0.175226318231079	0.411725519692567	0.496656180589481	1	0.577012987012987	1
PF13808.9	1.36751436477093	1.1946420248962	1.61007448916071	0.768485193125561	2.58055647619352	0.256591905693288	0.373333338346419	0.488478405437646	1	0.487155844155844	0.999779453559561
PF09369.13	0.343349233139382	-0.153405668456203	0.756414792065142	1.0287075779059	3.04374612255637	0.275737288963433	0.350666672739211	0.473477190060023	1	0.432718614718615	0.998534164230118
PF00331.23	1.58128203570276	1.54597215127146	1.60604656217675	0.377611961504955	3.44969755621916	0.0885504452988392	0.450666668511789	0.612063962943933	1	0.699168831168831	1
PF13581.9	-0.335362665876324	-0.718436638554159	0.0508989270810707	0.831544048350917	3.21392247811357	0.208107422944975	0.389073955014824	0.577282039295276	1	0.51330303030303	0.993967799183532
PF01948.21	-0.228705107851365	-0.516136387405208	0.167737090095209	0.561171161713667	3.72671449801072	0.116204831992985	0.428381081984987	0.69448552383187	1	0.610402597402598	0.999521459492888
PF02748.18	-0.0421589538563012	-0.16596923609903	0.147308742717404	0.216647956103452	3.4461311142318	0.0519127734904522	0.469020654048339	0.775261768597745	1	0.71474025974026	0.99758425511903
PF05043.16	1.12344278930029	0.575845365023855	1.83148090823122	1.33998984288065	2.90996270320204	0.372402335799766	0.294000009189488	0.414538279174303	1	0.275627705627706	0.995566343026416
PF12683.10	1.66490407866896	2.24928661592892	1.0559099898051	-0.966858069788245	2.586768506506	-0.289588729944515	0.322666674179608	0.487885729772713	1	0.412424242424242	1
PF08531.13	1.19510674680315	-0.535220757702214	1.57881343825737	2.04793368439309	3.29347389915572	0.509987308127362	0.273817465548373	0.164277198579696	1	0.209476190476191	0.996159597451831
PF05592.14	1.22081792276392	-0.0605695514184088	1.63398571864862	1.62768620101512	2.84346801752572	0.468701688399323	0.279147245325478	0.197421964674326	1	0.247705627705628	0.995744884201416
PF17389.5	1.53090045166141	0.753413040749138	1.82311879748805	0.882519539582526	2.51322052340744	0.31233515063279	0.352666672642312	0.343816844030856	1	0.401645021645022	0.999913066525311
PF17390.5	1.22149619109538	-0.145505336992346	1.66932917151912	1.78772862572479	2.85561990527727	0.516180239311113	0.264490350968064	0.173531890783465	1	0.214268398268398	0.993393927780877
PF16189.8	1.6550172168642	1.63101436592636	1.69294809692832	-0.147581282993684	2.17881640430949	-0.0483896777281582	0.472666667682047	0.671921812018104	1	0.816281385281385	1
PF16188.8	1.67933270768518	1.67102221132281	1.6962363822756	-0.153707101348293	2.22798905794906	-0.0539304444676958	0.466000001265109	0.643619825561162	1	0.793813852813853	1
PF00815.23	0.505484314712059	0.743000200049254	0.260624633247262	-0.489646848285995	3.34934484919746	-0.114099493152258	0.417333336481106	0.668962247983431	1	0.682333333333333	1
PF09861.12	1.67524184482281	1.74772193117792	1.61611547319229	-0.117643173668154	2.17586262961338	-0.0449222669574931	0.473333334323805	0.801232683179051	1	0.818393939393939	1
PF13555.9	0.600250106433753	0.507586993720225	0.677091031297216	0.289209906878932	2.26926446722414	0.105818999361766	0.438374419369845	0.563853820344691	1	0.631134199134199	0.995918606198484
PF03480.16	2.0107859365856	2.10400243419791	1.83227208799272	0.033987150029108	3.34294781635713	0.00984054033755983	0.49266666693833	0.819249320499282	1	0.833727272727273	1
PF01436.24	-1.19365303843113	-2.16842209533203	0.235293548786756	2.13342144114583	4.33932948865557	0.437865305227108	0.286475692537435	0.370531416986633	0.999401263155125	0.285675324675325	0.976064537345944
PF02613.18	-1.27613080872159	-2.16585903248787	-0.242809889162996	1.77923129121877	4.29263795538608	0.390648022909405	0.313333341366566	0.427288099335523	1	0.35165367965368	0.982946826671288
PF13280.9	2.75806127117508	3.19337276205882	2.14369936417091	-1.07691253127405	1.13906983322755	-0.887176980496378	0.158666690342258	0.0914511245234766	0.993938259527154	0.112147186147186	0.99853474025974
PF01223.26	-1.88971076955389	-1.71333750771357	-2.07386985501237	-0.395601769402279	4.42355037029244	-0.0780853788136157	0.458666668208064	0.677417178634269	1	0.703264069264069	0.99954263464433
PF04216.15	-1.50414258819467	-1.53065578350711	-1.47203102789601	0.0326747944122641	4.27610401589992	0.00619285659403926	0.49866666671605	0.756982925668684	1	0.770051948051948	0.999735930735931
PF02639.17	-1.83730545977259	-1.49391179241152	-2.11593058855734	-0.492480606804595	4.32522078525434	-0.104637740808835	0.448367756760455	0.664606247424785	1	0.683536796536797	1
PF17125.8	0.364884816053764	-0.37157778438497	0.781854388391113	0.752477140397517	3.7073815862806	0.185921054962428	0.405063294782061	0.56966291801744	1	0.547225108225108	0.99927685904041
PF17126.8	-0.190622942674455	-0.443781181816281	-0.0415621121120076	0.371953133920146	3.55542075596258	0.0846340476932517	0.450366424239179	0.657828544529283	1	0.677943722943723	0.999471861471862
PF02635.18	-1.62932923256291	-2.26868369991701	-0.999392903145046	1.18698754886031	4.18203115093729	0.239571928948349	0.365089945421798	0.521005823559967	1	0.479012987012987	0.989721512977889
PF14265.9	-1.67295353389886	-1.72732047748826	-1.63669776867196	-0.0709549161675191	4.48926431439743	-0.0155111027523194	0.490000000370519	0.759268996093611	1	0.756307359307359	1
PF07396.14	-1.88888537802107	-1.68081323638359	-2.04831353361717	-0.451323261021298	4.21105449983701	-0.0868201546502513	0.458000001566609	0.691634871861395	1	0.712069264069264	0.999882172373081
PF03591.17	-0.135794245023649	0.13657039655527	-0.359157135919208	-0.383501256019969	3.53574793051104	-0.0889923325635911	0.439333335613819	0.704888893217777	1	0.695155844155844	0.999838044308633
PF14526.9	0.873479783262002	1.18907554144132	0.155540503504836	-0.970669856403133	2.8878773932243	-0.294629335035575	0.352431718170889	0.359057106270425	1	0.50125974025974	1
PF14815.9	0.0433843363323509	0.226741465850754	-0.0592924225905831	-0.28284344866785	3.27343895485444	-0.0704423444311078	0.458000001566609	0.774391029066275	1	0.754272727272727	1
PF14289.9	-1.7210029279445	-1.51864485465997	-1.93396391805654	-0.817674674652385	4.64102147956404	-0.138660412335289	0.434000002487791	0.627656617328708	1	0.675354978354978	1
PF09210.14	-1.67348618763565	-1.77629790838364	-1.57285054539716	-0.048792095439774	4.55669937098445	-0.00783158749710674	0.495333333506188	0.763604713909298	1	0.758294372294372	1
PF20030.2	-1.88712012229893	-1.72731156049593	-2.03079156426683	-0.329160850331545	4.27397658228461	-0.0619961860000392	0.470000001115125	0.703463863484401	1	0.730493506493507	0.99943741245812
PF17868.4	-1.8960153056579	-1.75824212575172	-2.04365385595842	-0.32720201387799	4.27904048661712	-0.0655665798166609	0.462358429115068	0.705630656720413	1	0.725207792207792	0.998
PF02423.18	-1.52619442841138	-0.845873647500856	-2.01891578937732	-1.11581378406593	4.17693584484408	-0.222603818492952	0.385076620077449	0.573997775130563	1	0.571965367965368	1
PF19732.2	-0.669943901106445	-0.728287280396601	-0.626927365863572	0.129888066395668	3.79826326559077	0.0296388389814671	0.479333334100075	0.716183802398234	1	0.720961038961039	0.999344183397932
PF13606.9	-1.43984300029312	-1.37529812728459	-1.48574643449761	-0.110035699423311	4.08799535702458	-0.0234861855551748	0.48434377139911	0.75677929479119	1	0.744320346320346	0.999231057258892
PF01874.19	-1.62432035906852	-1.67760883339649	-1.57909330875859	0.162673907377454	4.10092414504227	0.0317988713066329	0.482000000667532	0.732654254882885	1	0.717090909090909	0.995667773654916
PF07927.15	3.68529793235794	4.34135823930957	3.37365013586055	-0.973880365944308	1.97833620181557	-0.454504523462856	0.282000009969172	0.376128675439215	1	0.273090909090909	1
PF04228.16	-1.60611577044943	-1.14395773627749	-2.01801111784193	-0.936964055028868	4.38822967520158	-0.161079391133844	0.407333336887512	0.599603126850174	1	0.608393939393939	1
PF00759.22	-1.88263716610562	-1.64783621214978	-2.09606479575274	-0.456111059300451	4.2437062275278	-0.0895948139264253	0.454666668359595	0.6955542615507	1	0.712961038961039	0.999473781594749
PF09546.13	-1.98969820065111	-2.32331270815695	-1.62715383940862	0.580864191700925	4.23181967908119	0.120452613416332	0.439040641862385	0.639813466914164	1	0.598588744588745	0.998504098006738
PF06691.14	0.653879989305702	0.661534679517862	0.637386926364126	0.0912384570697347	2.54325811193894	0.0333330644821676	0.484666667235102	0.657543261308739	1	0.740168831168831	1
PF04389.20	-0.763442025555455	-0.403963255960524	-1.03412690431291	-0.749138904313955	4.06780377920102	-0.162389240414317	0.414000003282288	0.651333219076286	1	0.667415584415584	1
PF07934.15	-1.87846764315623	-2.21642221323175	-1.46817053238172	0.676573999517867	4.08786069549462	0.14355210513367	0.418666669760886	0.642187169338182	1	0.613337662337662	0.997967664012988
PF03705.18	3.00689343522111	3.10633791169951	2.94851301994697	-0.271434809956914	2.06117451306249	-0.0805613183270636	0.442371754325456	0.807097215651584	1	0.780662337662338	1
PF01739.21	3.01913077686547	3.10748988041501	2.9646712693282	-0.287937787851488	1.94522249878392	-0.109363724732597	0.435333335769139	0.851751750178286	1	0.741948051948052	1
PF02557.20	-0.0488669147169087	0.172360831778453	-0.294996196654959	-0.307423136305215	3.55257047506465	-0.0760775936587136	0.455029981690227	0.712902836268019	1	0.721532467532468	1
PF05201.18	-0.393554528972296	-0.452761555921763	-0.325738438612059	0.106220428788244	3.76492303588888	0.0280091065664249	0.4840000005932	0.755737380940143	1	0.739813852813853	1
PF01488.23	0.315834864842158	0.302521939854558	0.340617350947213	0.097132243358045	3.15667073580317	0.0239643963065581	0.486666667160845	0.759639907724076	1	0.75178354978355	1
PF00745.23	-1.3742549413938	-1.76414096332651	-1.07690306654271	0.575708369430409	3.99649010235176	0.121684361096374	0.434377084415154	0.640457851815016	1	0.618108225108225	0.99728649441348
PF05036.16	-0.414717744494655	-0.388821006978213	-0.438672857466771	0.0649045726700725	3.65238358584253	0.0116908584416473	0.490666667012466	0.768566898077997	1	0.752506493506494	0.999871582365003
PF00112.26	2.21565099572641	3.33839223415668	1.21411227851794	-1.89737721130445	2.28526076873404	-0.755358550762641	0.158560983024598	0.0814744368198422	1	0.0736623376623377	1
PF13483.9	1.18804881566322	0.286610880023183	2.18236064079664	1.7346349846585	2.39429904499106	0.586636045586638	0.192538326082082	0.278305901015842	0.998610726165962	0.0958398268398269	0.965650596598287
PF00545.23	-1.54704874223863	-1.16145678753881	-1.99016823219869	-0.800577747436237	4.00100884767952	-0.166351297655777	0.411059297201336	0.602726617427874	1	0.625095238095238	1
PF02265.19	-1.64155816256148	-1.67104164930379	-1.61376307274859	-0.259158463948869	4.34538992525047	-0.045064506719735	0.474350433995858	0.747423783983833	1	0.76538961038961	0.999853620955316
PF12729.10	4.9222083250798	5.19737614062419	4.89474937761947	-0.186884021092794	2.05574527635836	-0.0778496556819039	0.472000001040299	0.814090896574173	1	0.89974025974026	1
PF12081.11	-1.14652743676481	-0.0120522600366373	-2.1095515223491	-1.8146889597829	4.156806842322	-0.367638794366557	0.303333341950445	0.410684098832339	1	0.383792207792208	1
PF12080.11	-1.13670692835044	-0.0970604275432363	-2.01470746180885	-1.77606482427956	3.87603083424948	-0.383569076823918	0.306462366847782	0.4113305193592	1	0.37247619047619	0.999688852813853
PF00449.23	-1.32302597464394	-1.63515541313961	-0.986321909162781	0.576135980932495	3.98612369653888	0.115543864098819	0.44037308684754	0.648193608931145	1	0.602099567099567	0.99614443880021
PF12099.11	-1.3405904047837	-1.63059378449817	-1.05553429661496	0.362862766861568	4.22604317083748	0.0806454901814036	0.464357096594903	0.699094689557008	1	0.676090909090909	0.999913066525311
PF06969.19	-0.599015785827691	-0.50763124151125	-0.701326012954452	-0.0183192594622588	3.90293396791078	-0.00328422104895274	0.49866666671605	0.759727369096695	1	0.757450216450216	1
PF03544.17	1.57971757802281	2.78371160058144	0.337081398179835	-2.98739796187587	3.55835351752874	-0.776668778202963	0.189207213936769	0.0865664755439625	1	0.101324675324675	1
PF03631.18	-0.664807535797829	-0.0305397890569976	-1.47518915440705	-0.999932093719723	3.99032563733414	-0.220529393161415	0.378000004804562	0.555547326046641	1	0.552445887445887	1
PF07584.14	-0.228897670876815	0.244208112640787	-0.710646990101329	-1.14536285789158	4.03376291619614	-0.234625528175992	0.373750837765804	0.54108637462792	1	0.555181818181818	1
PF04402.17	0.501638472537626	1.73922834423369	-0.732574891784008	-2.44371830852223	3.58162895856131	-0.591731353424032	0.225849448209988	0.206347843905427	1	0.162229437229437	1
PF14121.9	-1.23066041811248	-0.474248555455197	-2.02821817765672	-1.48698488793568	4.0094609714772	-0.322419203951622	0.331112598656842	0.464570986364514	1	0.455948051948052	0.999471861471862
PF02261.19	-0.312716161702765	-0.0967611497293861	-0.46188888499366	-0.25158844971949	3.41068515419026	-0.0563230093687126	0.461692206621819	0.715889238976113	1	0.742038961038961	1
PF01790.21	0.494965860550077	0.389856070854093	0.576971958171388	0.301679215071386	2.5896461959576	0.0906882988015804	0.444000002100421	0.676942404062474	1	0.6604329004329	0.995962840236667
PF03486.17	1.43984344498921	1.0642147291165	1.71632673801025	0.408426733095149	2.63814090595223	0.12819412112588	0.433044639430472	0.681382388242886	1	0.623502164502165	0.999124675324675
PF01930.20	-0.708666744802731	-0.861136141331579	-0.625125819739547	0.193397752036994	3.73233395815365	0.0400602986726101	0.477333334174568	0.693946632558453	1	0.704277056277056	0.999234736912572
PF07885.19	-1.82970092551241	-2.19024247173983	-1.45100176717621	0.628695880602987	4.13787593366511	0.132054681883234	0.425333336161842	0.639445785146508	1	0.601008658008658	0.995090053987993
PF14905.9	-0.868862012788783	-1.0046129089461	-0.807613285163913	-0.300490153035472	4.58747207978338	-0.0549505022540314	0.47035309903515	0.769032126209763	1	0.790212121212121	1
PF03237.18	-1.38954655393724	-0.629048726406868	-2.05037568180086	-1.25228573324343	4.2242695218237	-0.268737856117132	0.354666672546119	0.523040002055325	0.998113526012431	0.511961038961039	1
PF00930.24	0.172447434473425	0.802340872446274	-0.532910696901181	-1.26192680114664	3.28201884835457	-0.318359003751797	0.322451706382074	0.419731364875664	1	0.414112554112554	1
PF08522.13	-1.30377949319456	-0.548292689253064	-2.04406869389842	-1.44048220009609	3.93663130165551	-0.309541706013504	0.32111926141832	0.449164342484573	1	0.44965367965368	0.999952922077922
PF12741.10	-1.36834182587691	-1.61473936134869	-1.11649842737613	0.508875258488063	3.9523806777773	0.109578131361116	0.437333335691362	0.643680103591467	1	0.608506493506494	0.996445947518749
PF07660.17	-1.52140771422529	-2.14115582179545	-0.884007035164026	1.1897139018808	4.17521680931932	0.264487626039506	0.368666671891333	0.538914412181487	1	0.488571428571429	0.987374039079158
PF14491.9	-1.59473773345467	-1.71010320285429	-1.49522740783585	0.103913200073286	4.10839999213626	0.0164423358121212	0.491333333654417	0.740796662249369	1	0.721497835497836	0.994862958253867
PF12680.10	-0.239198403361372	-0.241274287284851	-0.238396706170154	0.00440657100111519	2.80848516888328	0.000827773908511369	0.49966688875316	0.745174050428561	1	0.730458874458874	0.997291889330765
PF09992.12	-1.28894465448053	-1.61984176188405	-0.911480544433485	0.876603309794508	4.37722792046537	0.174516673895029	0.410000003444949	0.622395093817281	1	0.583818181818182	0.998607874968169
PF03816.17	2.58716604948994	2.54721311190004	2.62391148440599	0.0979993099990937	1.35106478849111	0.0528892331627502	0.464666667981876	0.581906523824711	1	0.709735930735931	0.999792846497765
PF04371.18	-1.61416524415848	-1.66295769576415	-1.56264519927188	0.132611432379163	4.04801998242618	0.025038632731155	0.48234510391832	0.734687005055686	1	0.720835497835498	0.996323400578644
PF01575.22	-1.87392734172863	-2.21443238346566	-1.4983044127555	0.7141128896181	4.21118990675272	0.135889913971594	0.428666669363533	0.643265743859995	1	0.601428571428571	0.997981120960267
PF04052.16	-1.90239171046707	-1.81155325194975	-1.97001304220816	-0.32669063855147	4.44128403923397	-0.0668102519667735	0.468000001190059	0.70685673229088	1	0.73625974025974	0.999201798201798
PF00656.25	-1.36479843317127	-1.21504030231239	-1.56247586174042	-0.296760728825378	3.97719566171524	-0.0634979788259381	0.460000001491024	0.693701382784663	1	0.733112554112554	0.999893742621015
PF03776.17	-0.701459160020122	-1.76774509254429	0.0103247725989917	1.69378202487705	3.34691861070237	0.443358053972255	0.294000009189488	0.30897264443404	0.998580036815623	0.2775670995671	0.97176582189572
PF01794.22	-1.8200950254169	-2.1796501227097	-1.50256443078153	0.680512486088024	4.37427946502188	0.124298784587174	0.428000002723133	0.65006861442091	1	0.617294372294372	0.998068369010568
PF08984.14	0.384298832157412	0.520694884251336	0.274143580614212	-0.205260877010566	3.59736540678469	-0.0458767523079147	0.470666667756838	0.781983404685155	1	0.787233766233766	1
PF04069.15	-0.158924216842716	0.910117611546576	-1.48757342396953	-2.18179384246444	3.69861675223968	-0.499474672971865	0.269333344186377	0.300356107868004	1	0.271354978354978	1
PF04230.16	1.54621347604112	0.791869338775952	2.41515927381729	1.75604832081632	2.07785652356666	0.779582529133668	0.155333357656783	0.109028993096029	1	0.0658961038961039	0.886688287871513
PF03773.16	-1.89538312639821	-1.73222349339342	-2.05628066510167	-0.431483126660543	4.18674079639814	-0.0817629496952039	0.457333334925171	0.709290481370892	1	0.716329004329004	1
PF00374.22	-1.94367036073475	-1.73964316712676	-2.12702137060325	-0.31810793520058	4.31809247864044	-0.070216587075233	0.464357096594903	0.680286367045939	1	0.695458874458874	0.998748298424137
PF03806.16	-1.82254848211673	-2.34043668429942	-1.31960984336475	0.866432780842267	4.26532765700038	0.178668320981652	0.401065959837764	0.584530493675261	1	0.537606060606061	0.986973695843737
PF03934.16	-1.84130345585187	-1.63395914549257	-2.06691366754326	-0.395409604364036	4.22743030988605	-0.0733964174773772	0.461025984128586	0.689265975039426	1	0.725796536796537	0.999148712212158
PF00677.20	-0.924779559573871	0.385662181069256	-2.13774930371902	-2.12564085830914	3.98248143660962	-0.475266016117918	0.249333345734005	0.328725468743128	0.997804385182235	0.285683982683983	0.999204112554113
PF04237.16	-0.919165408520705	-1.20882692924235	-0.611496837928949	0.642474982774416	3.66901007909329	0.139833716563902	0.411725519692567	0.649765202378893	1	0.612350649350649	0.997184386068477
PF03006.23	1.4624567653375	1.2198840350373	1.63994523758989	0.274219095407916	2.3770982646143	0.108234315627102	0.444666668741459	0.66197287640565	1	0.675164502164502	0.999992242656672
PF11276.11	-1.23487728981501	-1.15119500033628	-1.2898854983347	-0.225314963892358	4.15761598475062	-0.0448973925494231	0.474666667607353	0.735717871774478	1	0.767354978354978	0.998
PF10758.12	-1.62266811934923	-1.6659188040173	-1.58497841330351	0.0396694162400273	4.12380643166344	0.00799505634420369	0.496666666790129	0.751126344269698	1	0.733484848484849	0.999466076953227
PF13431.9	-1.80085791866464	-2.16394187843923	-1.46381898160881	0.540516352447506	4.25650488120228	0.109312938484116	0.439333335613819	0.647080329457799	1	0.609809523809524	0.995780635911411
PF00885.22	-0.956791383760941	-0.811096465346336	-1.09436352671229	-0.38716716406925	3.78412724829124	-0.0805097935158482	0.453697536704118	0.716087681062395	1	0.728467532467532	1
PF01253.25	-1.71244088221034	-1.35704267630108	-2.11696629271625	-0.772096156844788	4.18400534437907	-0.159037833756587	0.414000003282288	0.613608276195116	1	0.629948051948052	1
PF07488.15	-0.95458574836622	-0.510848441025394	-1.48949800708402	-0.912856951579985	3.77762803158569	-0.197574992608005	0.385076620077449	0.560290728246865	1	0.57274025974026	0.999952922077922
PF07477.15	-0.970236194478677	-0.529969410142549	-1.47228815901718	-0.854103282593436	3.81720140298918	-0.206532360822153	0.395333337387533	0.581383421438385	1	0.600190476190476	1
PF14504.9	-1.88067447870134	-1.64813346417077	-2.12219828400138	-0.322664692170715	4.33956143344168	-0.063024452583442	0.461333334774048	0.690130590877446	1	0.697121212121212	0.999792846497765
PF03447.19	1.03570329075142	0.83564190769859	1.23487406724775	0.344417646900231	2.14090149783796	0.132908845172988	0.42066666968082	0.725505034338939	1	0.609108225108225	0.997621504736585
PF00742.22	1.00925168869482	0.845234143865616	1.1846578189695	0.283332274881825	2.14372455993909	0.11027430625348	0.433044639430472	0.752600759116565	1	0.643419913419913	0.999111395399384
PF10112.12	0.58390999688825	0.710935885802163	0.500098962008303	-0.0184047000872862	3.19603827135041	-0.00328099606302971	0.497668221272125	0.73201989518278	1	0.797225108225108	1
PF01379.23	-0.385209822330204	-0.745469504773475	0.216061019510098	1.03708894221399	3.85511916581885	0.225528888326567	0.374417060254251	0.60872864950038	1	0.51861038961039	0.998601488732181
PF03900.18	-1.2540344114876	-1.20226037773027	-1.29949056912217	0.0649383382704292	4.05661807569305	0.0151963044534922	0.494000000222254	0.761144878489447	1	0.755108225108225	0.999151889353584
PF13521.9	-1.89710045786175	-2.20280876343378	-1.56556571527534	0.625780779465664	4.28256345733807	0.120997679058389	0.433044639430472	0.659961334473572	1	0.622649350649351	0.997025671755236
PF02624.19	-1.86143090747065	-2.16389982999413	-1.5278375397191	0.569126621879998	4.13884078577822	0.107220468178612	0.443704199310853	0.642307334395345	1	0.609285714285714	0.996011042837765
PF03963.17	4.4320972497576	4.80235630172075	4.22332416863557	-0.583847707180368	1.42566559320861	-0.350822709707921	0.338000006703729	0.550237911687809	1	0.399155844155844	1
PF13861.9	0.200079812874045	1.33575455168224	-1.0766201180263	-2.13381418460187	3.62827624548335	-0.510187675437018	0.238507674872341	0.281895138869257	1	0.223865800865801	0.999688852813853
PF11852.11	-1.83507164356586	-1.72653212078726	-1.97953776337091	-0.196126101293555	4.14299757985041	-0.0432790596023494	0.472666667682047	0.718474262476147	1	0.737008658008658	0.999952922077922
PF11138.11	-1.88322422853589	-2.20956496997671	-1.54417975190975	0.66947560017119	4.3899275320726	0.132371319629703	0.427333336082764	0.652119943024248	1	0.610545454545455	0.997008430530783
PF12508.11	-1.6499673401703	-2.2159304423956	-1.10457060279796	1.11102757663529	4.23190087503142	0.252912578687316	0.380413062652985	0.558216619675433	1	0.516632034632035	0.990262675381989
PF10117.12	-1.52659628031692	-2.05779667335329	-0.912331235808945	1.16993863625304	4.03378287454885	0.22923386842308	0.365089945421798	0.558034922938111	1	0.490887445887446	0.992346634154011
PF03382.17	-1.44990765108624	-2.18026424857816	-0.443269572123323	1.82440729811318	4.34521886069867	0.356596158455943	0.32644904127593	0.435030326124402	1	0.390874458874459	0.983163364303568
PF17883.4	-1.43483311569692	-2.20562023234153	-0.383509518423491	2.97562987320651	5.78028017126251	0.467129033588732	0.314666674624175	0.33345396301287	1	0.354385281385281	0.986781128813722
PF01935.20	-0.291682217925013	-0.565733653843365	-0.100887183993866	0.502509594817596	3.13802600762922	0.127918176287958	0.428000002723133	0.634387108783931	1	0.600848484848485	0.995935337664538
PF13542.9	-1.23015447899498	-0.993768280565528	-1.46550109207673	-0.486038183662703	4.18224095076552	-0.105020776633863	0.448666668588154	0.678139667336014	1	0.689393939393939	0.999487940630798
PF10396.12	-0.0432806432170105	0.525653859799423	-1.04613292102696	-1.55850408191873	3.30121214778314	-0.414771367353828	0.293137917292776	0.321214762850142	1	0.354103896103896	1
PF12631.10	-0.0405974780758136	0.52707331225377	-1.07602481545179	-1.50142052912645	3.18703872177742	-0.416705546247934	0.298467697108004	0.322049375510822	1	0.355025974025974	1
PF02275.21	-0.736913411916887	-0.414785884282902	-0.961510730888162	-0.631511831328319	4.0269032875169	-0.12588491926362	0.430000002644423	0.678329854198293	1	0.67030303030303	0.999853620955316
PF09822.12	-1.81898831113098	-1.59264272502091	-2.02308574378697	-0.336176564737273	4.04150584371919	-0.0725856850683719	0.461333334774048	0.696855199656746	1	0.709411255411255	0.999802697302697
PF03992.19	-1.60923893574149	-1.65675774242113	-1.5744636384431	0.134224334334885	4.11124120632634	0.0270964568805074	0.486666667160845	0.735157316199216	1	0.70978354978355	0.99735191502066
PF01008.20	-1.56975570605107	-1.43614146075453	-1.68220031645257	-0.14515902340264	4.17573616525954	-0.0287528178149585	0.485333333877011	0.761956804464862	1	0.782380952380952	0.999053949401674
PF07136.14	-0.487269422551253	-0.922691708231294	0.0424792363962201	0.836517286923249	4.05851116774986	0.168218308000204	0.398401069875784	0.612759708627856	1	0.551809523809524	0.999669773774613
PF04536.17	0.76663585702101	1.32669648331121	0.208169794779677	-0.947945351118975	2.37304833092846	-0.333571676885712	0.320453038936609	0.44473689627607	0.999461518986307	0.420047619047619	0.999952922077922
PF14253.9	-1.89309276340949	-1.76366743071062	-2.04863089263716	-0.316264806444283	4.0920965371109	-0.062406160019471	0.465333334623486	0.697119560018105	1	0.718	0.999952922077922
PF01226.20	-1.04983046414967	-1.12225024681252	-1.0107815272904	-0.27961546895599	4.35029245924322	-0.0540998130448796	0.469686876541738	0.781560910569527	1	0.800597402597403	1
PF13612.9	-0.740647951709824	-0.711134729166814	-0.772827378679137	-0.0670470109576007	4.16852801695608	-0.0111064893752537	0.492000000296372	0.753482052854535	1	0.79282683982684	1
PF07510.14	-0.758141134417677	-1.63417469807403	-0.0824903873902469	1.46455827406354	4.0610189119076	0.283470746746431	0.334666673541859	0.47763946999721	1	0.40917316017316	0.989391551750438
PF14088.9	-0.124420469427093	0.479518209133083	-0.916470948583595	-1.04751900404778	3.70705965980633	-0.252026994201975	0.361333338897062	0.497939805432941	1	0.516307359307359	1
PF01161.23	-0.311071059213112	0.659169322704829	-1.47528654599426	-1.68675286185418	4.30982319867623	-0.335931060245482	0.333777488590993	0.442451584130239	1	0.451670995670996	1
PF07722.16	1.38644501762185	1.69663693889971	0.962907878848883	-0.406585032910628	3.34672333121806	-0.095956187883882	0.441333335536504	0.655911211535796	1	0.761047619047619	1
PF03704.20	1.46580203705021	1.15639123275142	1.84853379575177	0.674297365078637	1.88386018615985	0.3051564093997	0.366422390397075	0.517569401357923	1	0.443298701298701	0.99693263016484
PF00931.25	0.201003155978086	-0.445517167434176	0.737300267451424	1.23030911433349	3.09229446480284	0.320803271993988	0.318000007770269	0.3903824870687	1	0.339861471861472	0.988317355043106
PF18655.4	-1.82055476561996	-2.15014768555317	-1.41495369747761	0.952712076756134	4.53222696796398	0.178395873392993	0.419333336400829	0.623094763690483	1	0.574632034632035	0.993818152644191
PF17936.4	-1.86466909181815	-2.24470093558616	-1.41399646067662	1.15774989123132	4.62643257688882	0.212089457285741	0.396402402404781	0.583999109345675	1	0.551774891774892	0.993517903061204
PF05616.16	-1.85219238579372	-2.17882179059671	-1.52779773090419	0.955301494013397	4.69531824815741	0.166271620594692	0.414666669921978	0.595998719992324	1	0.575666666666667	0.991535461526795
PF05168.17	-0.280790033096652	-1.06151558132757	0.400887417661723	1.29065013732587	3.56730408436005	0.298919967033679	0.335776156042623	0.46428603409566	1	0.395108225108225	0.991871551036121
PF13534.9	2.58307513676406	2.07950439479248	2.97558216545608	0.977788657332207	1.419992709662	0.613279963739544	0.214000015743663	0.141477281270877	1	0.140649350649351	0.947099878268461
PF04041.16	0.707840918843914	0.636330234570459	0.820173586431324	0.0630979936331872	4.16146618401067	0.0108775693941177	0.493670886310086	0.78535993147717	1	0.780220779220779	0.99954033290653
PF12696.10	0.327768874089787	-0.318388610140806	0.812854252762542	1.06702134266013	3.66612233492839	0.256058638026895	0.370419725324506	0.503016489450785	1	0.459731601731602	0.999818368797928
PF08842.13	-1.05261355939743	-0.537297305829841	-1.48390871777731	-0.927458077227587	4.08092034829405	-0.203876467990645	0.389073955014824	0.585828599612336	1	0.58969696969697	1
PF16249.8	-1.95682806346819	-2.27241923885222	-1.56909836574252	0.696166608751309	4.34391765200425	0.12907243979671	0.426000002802118	0.632773103357787	1	0.601588744588745	0.996295229188231
PF12988.10	-1.8986213076137	-1.81736546787972	-1.95812279720612	-0.275940105011747	4.48207544044241	-0.0611225844130493	0.465333334623486	0.7048997831344	1	0.727	1
PF13720.9	0.408360815587482	0.579876761527031	0.214943777144763	-0.413841780191753	2.54208026550864	-0.130898265351605	0.421718857065464	0.596564441900927	1	0.649761904761905	1
PF11297.11	-1.85647893085741	-1.59084158555014	-2.10249208524253	-0.44763851454135	4.25373480648372	-0.100111137935885	0.450000001870557	0.697325938929414	1	0.712796536796537	1
PF11387.11	-1.6417490664699	-1.74426375650444	-1.53162040058493	0.231529618646215	4.31552071666633	0.0464028941033382	0.472666667682047	0.726182777625043	1	0.703402597402597	0.999406877970514
PF06245.14	1.88430711389677	2.56614305689134	1.46886685564772	-0.948590118245954	1.93919451600275	-0.406286933269568	0.305796144368727	0.449627197590233	1	0.361965367965368	1
PF05685.15	1.4116516126518	0.230347512676675	1.89747997884409	1.59300869780003	2.65037936278585	0.528064235364538	0.234510340124545	0.150354245472557	1	0.157316017316017	0.976553393075138
PF08341.14	-0.286344628749424	-0.0485001624673185	-0.63804466581123	-0.570066451045856	3.72025969177536	-0.123106949060252	0.437333335691362	0.612860976006065	1	0.685549783549784	1
PF13727.9	2.45386987348124	2.67200378151578	2.32653323627737	-0.235748876425925	1.44985090152915	-0.0992422834057981	0.436000002409853	0.737054141187776	1	0.717961038961039	1
PF08668.15	2.3810240782054	2.16588225013607	2.70675414277694	0.457577189421322	1.53438989254766	0.256929499344917	0.376666671530504	0.609280836499481	1	0.470623376623377	0.999487041569875
PF14464.9	-1.85828251963633	-2.27736279508262	-1.50612382061141	0.697265876780851	4.23396177602844	0.134532541282668	0.432378416938174	0.640526961118802	1	0.597770562770563	0.992113018737705
PF00805.25	-0.925513319364106	-0.507820726655983	-1.3977373070163	-0.814998392080759	4.51780114641775	-0.170358113490021	0.419720189590245	0.639889192323386	1	0.666809523809524	1
PF03160.17	3.60402686949941	3.71523065179228	3.51659573989833	-0.448431970033392	2.037308150448	-0.206119986632116	0.40133333713572	0.532615038366791	1	0.649978354978355	1
PF12799.10	0.484154059403596	-0.996568660911346	2.58544977060962	3.45631889722595	4.36221235221001	0.740865775907774	0.18720854665671	0.135874017827121	1	0.0912467532467533	0.978785916433498
PF13855.9	-1.00290630641588	-1.65091732073817	-0.184335717678301	1.49087297929281	4.04913240802482	0.314680596422949	0.342666673134211	0.470163309348798	1	0.390186147186147	0.994685717401468
PF13308.9	0.269439877264138	0.706594616132739	-0.0518456062552195	-0.651450502857648	3.08427559927229	-0.174715192903317	0.39800000394182	0.630398670081797	1	0.60065367965368	1
PF02571.17	-0.486719952605291	-0.932832130880882	-0.0727459415712772	0.886849097434367	3.57666667808454	0.213553943520733	0.381333337990732	0.54872270882424	1	0.515367965367965	0.994398543932379
PF12894.10	-0.273550918681902	-0.930475484978507	0.319749475861241	1.3415496241678	3.26354260220728	0.362805351579774	0.310000008224679	0.368057322221606	1	0.329047619047619	0.99085802364143
PF00962.25	0.483172332450045	-0.437076067689616	1.21784301145128	1.62038329998658	3.1423840462165	0.425428403465625	0.271152575664316	0.311160923565791	1	0.231367965367965	0.9873101780543
PF02452.20	0.733147584540029	0.301228418983903	1.11106588728004	0.904293698335748	2.21420450872166	0.338697366136714	0.321333340919238	0.372657548183981	1	0.364458874458874	0.980679039054405
PF08239.14	5.03577354807128	5.02679795878683	5.03653693116406	-0.0907754060142176	1.47961700111013	-0.0466613302705094	0.483677548905506	0.824576740576543	1	0.904787878787879	1
PF00075.27	1.48977950416374	0.794554722686486	2.06927932759516	1.29539727043797	1.70287507585355	0.703481361415493	0.173884098274512	0.133400230171965	0.993571216431417	0.115891774891775	0.916062688522898
PF14516.9	1.30276343380901	1.03688606641623	1.49335383720009	0.568694579598034	2.24008224962767	0.207462573961893	0.370419725324506	0.429768290017957	1	0.497307359307359	0.992534425758124
PF01523.19	-1.62105923957236	-1.66454430163384	-1.56690442678891	0.154254002527424	4.06320532466236	0.0366862239487649	0.485333333877011	0.749360869213585	1	0.732649350649351	0.999044716747331
PF19290.2	-1.13429673574246	-1.37606732448133	-0.891981253094509	0.560700177597887	4.64334461743441	0.100249163204818	0.449700201746251	0.671595255291354	1	0.65612987012987	1
PF19289.2	0.598855934023273	0.606577763299502	0.586547020800537	0.0526480516089647	2.52700387339468	0.0179518742342484	0.494000000222254	0.772447440607784	1	0.74908658008658	0.998846364162154
PF03321.16	-0.924024261375504	-0.0312476239389161	-1.52071216330646	-1.51074343631682	4.42942630175844	-0.295277275112525	0.356429053089343	0.51958028255395	1	0.507670995670996	1
PF04025.15	-0.882578009983765	-0.534970290638477	-1.36689482172825	-0.861536151392459	4.00172485409984	-0.174273903811763	0.412666670003021	0.610756104717934	1	0.640939393939394	1
PF04012.15	-1.58618914942078	-2.13280300317134	-1.0324035158203	1.01882437838238	4.10968725979076	0.205135255840086	0.385333337816007	0.569788506315231	1	0.52334632034632	0.99228911973671
PF03601.17	1.46932150624031	0.633887727024722	2.03889650768506	1.33334278990335	2.31082878887258	0.484588780168046	0.257161903826699	0.225886114477465	1	0.205549783549784	0.994450438275929
PF00627.34	-1.61842920305234	-1.66545866912556	-1.56348709780017	0.124186970641763	4.0043355433165	0.0268935382247246	0.48500999389272	0.731217709744356	1	0.70982683982684	0.998845561226597
PF19238.2	0.823535161329612	0.676949439687771	0.955662665739053	0.309125699283594	2.10044654228484	0.129743573356411	0.433333335847159	0.621587975650471	1	0.629779220779221	0.996752291425152
PF04459.15	0.838119137490665	0.751644101704122	0.929168386252506	0.274980843469692	2.09606716877459	0.104663354901583	0.441705531832793	0.649116483219348	1	0.662515151515152	0.9988433867819
PF00883.24	-1.43948215969167	-1.28336418032081	-1.60947246781456	-0.411291156022174	3.95661939880792	-0.0981381060747781	0.453697536704118	0.689521414931233	1	0.708675324675325	0.999420306965761
PF14697.9	1.26334143860522	1.03389700814234	1.48172882738605	0.549766142697893	2.93734798069917	0.161529538753134	0.416666669841269	0.613235205489173	1	0.583930735930736	0.999735930735931
PF13509.9	0.712831590745012	0.768011608719145	0.644263887871158	-0.256046693069909	4.28269410641177	-0.04449976281657	0.469333334473424	0.765811344976112	1	0.817545454545455	1
PF17783.4	0.0732632177550547	0.192458173064268	-0.0182469268701269	-0.175738216151318	3.78900670411552	-0.0414720145749904	0.47666666753275	0.747398568535643	1	0.783649350649351	1
PF01991.21	2.62456272444045	2.05165484747265	3.23136963275596	1.14799127326914	1.49975529263372	0.652871918457945	0.205333350054347	0.235847374020576	1	0.110281385281385	0.986562984737624
PF01990.20	1.63825740662084	1.56544717932025	1.74817488988467	0.482035311256275	2.64066472298068	0.141350607575288	0.409060629727881	0.538509686368541	1	0.583731601731602	0.999918660287081
PF09084.14	3.41275013286091	3.71912774097007	3.11403931435892	-1.16474966056695	3.41793350634535	-0.310072351778616	0.337108601010849	0.455470460981284	1	0.427225108225108	1
PF02580.19	-0.950126736587391	-0.878330659250588	-1.0207886910206	-0.115976374373039	4.34412400477859	-0.0210642678991458	0.489333333728575	0.761847818249479	1	0.78821645021645	1
PF00699.23	-1.87773540097938	-2.20327006430502	-1.55335121264207	0.575862353848652	4.31957718228455	0.117200447553641	0.434000002487791	0.658455793407552	1	0.606891774891775	0.995357565905782
PF13370.9	-1.94994470167652	-2.22278472373128	-1.66902521848972	0.502531175638937	4.30000574521661	0.113622239610639	0.44037308684754	0.649644401652589	1	0.607233766233766	0.995226239583235
PF03418.17	-1.58171542647153	-1.09639756856753	-2.08546177499251	-0.996130202908365	4.18528955928592	-0.201788267870225	0.399733514856683	0.609122652039005	1	0.609922077922078	1
PF07561.14	0.447265738852877	-0.295039683403071	0.905401090816626	0.862153771828315	3.97831270761032	0.202336568906732	0.391333337557549	0.564988049192526	1	0.51452380952381	0.999735930735931
PF19864.2	1.25087315929036	1.57842367215999	0.837864897191587	-0.661515521656865	2.40625025527295	-0.21404779416771	0.355333339180877	0.578910128277479	1	0.514025974025974	1
PF02056.19	1.06857798063433	0.379113020826473	1.56243404240764	1.16819451920999	3.35458497536117	0.310074461241669	0.316000007882261	0.394057418209033	1	0.311285714285714	0.997992024656341
PF11975.11	1.02199010167806	0.286983396883467	1.55461153757545	1.22879179832537	3.42216602323098	0.303522042547166	0.310000008224679	0.391871816493183	1	0.30265367965368	0.995979442495516
PF12800.10	0.298526143197152	2.13630247360719	-1.59164609806461	-3.4352325567667	3.39274545043069	-0.96123406331469	0.109333370479514	0.0807507017320692	0.993632009196277	0.0428917748917749	0.999594696969697
PF14286.9	-0.907581235896616	-1.19853831949071	-0.631055548554369	0.571036605513468	3.60053690553767	0.141412541116034	0.418000003120978	0.624891938114258	1	0.606645021645022	0.9940180926063
PF06445.18	2.2521683448361	2.59150012000162	1.73485007687014	-1.02930032479727	2.76729913788169	-0.297123038918505	0.331112598656842	0.466066142040504	1	0.418428571428571	1
PF00079.23	-0.161974660818824	0.527956730266697	-0.667415961583386	-1.09223961491514	3.48032567498105	-0.26392488984982	0.368000005255151	0.534268653170062	1	0.506649350649351	1
PF02514.19	-1.9128334582692	-1.66339102414349	-2.1203400903757	-0.490927458800554	4.25464604153683	-0.0999079913403298	0.442666668818415	0.681152579892531	1	0.701705627705628	0.999689013689014
PF01936.21	0.44519104751321	0.334808371635852	0.580695711944688	0.18033792234374	2.47172740190481	0.0574629968133626	0.471685544022008	0.765572710436051	1	0.692450216450217	0.997708806818182
PF12872.10	0.558176532173198	0.201882086552345	1.01359436961216	0.76140165027499	3.2916916458454	0.188609432675812	0.391738844974114	0.655300421089673	1	0.537528138528139	0.999350205164104
PF05651.16	-1.21306201395301	-1.62527747553272	-0.800891236751922	0.730405145014426	4.04674649514194	0.157004884722547	0.419053967098574	0.629044709863304	1	0.590030303030303	0.997365919521756
PF01343.21	1.6357454794036	1.86829764607783	1.36693855531286	-0.723589990504275	2.5253188973309	-0.248164081924678	0.359333338991004	0.376442656844939	1	0.526835497835498	1
PF11941.11	-0.848401915334835	-1.29706294787113	-0.369296993039017	0.755082115317455	4.21722935859871	0.146420633648199	0.416389077132241	0.638649736786289	1	0.589506493506494	0.999393846444261
PF01661.24	-0.151361663132481	0.207659086993964	-0.655991349613984	-0.505011837097096	4.26229414643467	-0.109449823156962	0.445702866789121	0.666293528950588	1	0.728878787878788	1
PF13384.9	-0.420604558861275	-0.787223840891333	-0.131616720412415	0.452401428380977	4.29725860040049	0.0861798136068206	0.453697536704118	0.693166056889153	1	0.691822510822511	1
PF13189.9	3.31426654532346	3.43440864587835	3.23040651278706	-0.201350867257859	1.32155413369674	-0.124788733175457	0.435333335769139	0.81463207210795	1	0.712549783549784	1
PF13830.9	-1.88034379311836	-1.6464014060973	-2.15499165423177	-0.436146261594129	4.27568949955129	-0.0917575850893736	0.450666668511789	0.668364386578191	1	0.692406926406926	0.999777771413629
PF13349.9	0.694391702575896	0.608796479997537	0.763790119674098	0.141536510926965	2.68010052682373	0.0416107808802919	0.475016656489348	0.641559235383137	1	0.709294372294372	0.999735930735931
PF01206.20	-0.584053920922778	-1.15393485543679	-0.0884015181760462	0.99106108288941	3.46166744054084	0.236779563200305	0.369087280348433	0.524321445015301	0.998185998020084	0.467831168831169	0.994340545312962
PF11997.11	-1.05369428826056	-1.1786534622671	-0.936545670139852	0.271015480605935	3.9536604491372	0.0597672587998744	0.472351766515455	0.72569917632172	1	0.710082251082251	0.996691167638987
PF17995.4	1.56704693527128	1.09385974674653	1.97030836884799	0.902530797494935	2.35386160460076	0.314363308468524	0.300666675444484	0.346161529407902	1	0.317714285714286	0.998148812028283
PF06430.15	-1.30801974477476	-1.7173337592871	-0.847878963818414	0.617515050450895	4.71950499786017	0.112962029736864	0.43970686435495	0.648671438060242	1	0.613614718614719	0.999836524318877
PF02599.19	2.80840977973193	2.98484833918662	2.60608377261963	-0.11217219775174	2.64963263831603	-0.0369993175491091	0.480666667383788	0.792353916338611	1	0.866891774891775	1
PF12242.11	-1.8836734640531	-1.69288465424942	-2.01370754618786	-0.3295344056682	4.33694004725368	-0.0676195733395229	0.4633333346987	0.699823574628963	1	0.718294372294372	1
PF12241.11	-1.99492005293362	-1.78538360222734	-2.15557368651721	-0.475229646199522	4.36882070727947	-0.0946979696453372	0.452000001794314	0.68985087519374	1	0.708112554112554	0.999582756310029
PF07055.15	-1.91649114810496	-1.74966656581137	-2.04976998566559	-0.25681338610411	4.28422145589312	-0.054563142256395	0.468354431554951	0.702426338184425	1	0.721225108225108	1
PF05991.14	1.11052659680346	1.21346873938213	1.05500645484084	-0.217232460304468	2.92248391101684	-0.0497150454367216	0.467021986568215	0.804989202601135	1	0.775082251082251	1
PF00636.29	-0.188266492115566	-0.437891576999172	-0.00267023202861694	0.486541318895485	3.39147531644182	0.119481664281866	0.426666669442425	0.629392216153675	1	0.625636363636364	0.998934898011593
PF02542.19	-0.564511278260087	-0.612843009888493	-0.503215005069994	0.284842907180421	3.74776427012841	0.0565475993252949	0.468000001190059	0.745799036060279	1	0.713679653679654	0.99942348225238
PF14584.9	-0.574703209815675	-0.158515558474565	-1.03207180201023	-0.633353925383403	3.67028541609859	-0.147757880564621	0.411333336723907	0.604164258506254	1	0.621212121212121	1
PF03417.19	-1.40811085380801	-1.18669686097772	-1.59397019484893	-0.514618713388099	4.29530205550312	-0.105474901841502	0.440666668895584	0.667850749725946	1	0.699233766233766	1
PF12116.11	-1.74498609141472	-1.78961502177333	-1.70191875193616	0.124641583424076	4.19213000936598	0.023324382991203	0.484666667235102	0.735280220695722	1	0.723818181818182	0.997885579937304
PF02049.21	0.984564506649494	0.406713030948438	1.6581901974673	1.21205776060384	2.88615315248534	0.334225971866596	0.290000009443632	0.466939649900624	1	0.284753246753247	0.995246480708559
PF01514.20	3.39271509340669	3.51099406186918	3.3452974857108	-0.10302114052099	1.70944896436872	-0.0485645740196386	0.466666667906746	0.814956348516136	1	0.819138528138528	1
PF08345.14	3.36691014458058	3.48470553939789	3.2977099997333	-0.147913024280315	1.66571539284394	-0.0682379975838871	0.457028649169526	0.794834783482326	1	0.813290043290043	1
PF02108.19	2.73953034957985	3.27128215687061	2.36968539521786	-0.805405350678003	2.87595059648516	-0.237216306904893	0.32111926141832	0.576343153764778	1	0.386896103896104	1
PF02050.19	1.18895852984143	1.27698611975373	1.08662988204333	-0.125091069906406	2.66646005146554	-0.035623506554596	0.475016656489348	0.796242268718373	1	0.792047619047619	1
PF02120.19	5.61144943955955	5.78863299422873	5.49659781660527	-0.213679182326016	1.26204800311137	-0.138444568682957	0.42066666968082	0.85691616966643	1	0.701952380952381	1
PF12611.11	3.92252982982507	4.20179139883788	3.60998755755054	-0.431152827268996	1.8194633650727	-0.157585820149518	0.372666671709787	0.813900654767173	1	0.534160173160173	1
PF20560.1	0.27936003046447	0.643633840748048	-0.190289790427357	-0.656234346612768	3.51750241676859	-0.160731673863314	0.401065959837764	0.623564499006982	1	0.634194805194805	1
PF13677.9	3.12421237415653	3.08363393769788	3.16785335266991	0.227750713765027	1.39054763570872	0.133868995435058	0.428381081984987	0.530287782146426	1	0.6444329004329	0.999708806818182
PF02154.18	3.36860093639221	3.37294238411139	3.36659763375764	0.102619301339098	1.57899822987055	0.0443403447430622	0.478000000816395	0.535074453355797	1	0.777692640692641	1
PF04347.16	2.34993394098315	2.38881437127259	2.32296677668233	-0.114347229928404	2.15335678817226	-0.0376479344534123	0.477333334174568	0.775953385284623	1	0.813614718614719	1
PF00813.23	2.2404747643037	2.01630101445006	2.50553818383135	0.677107917888174	1.83058605525202	0.3038418079174	0.32844770872428	0.336829548991987	1	0.354813852813853	0.99958876452637
PF01313.22	-0.128875109602803	0.21126557022437	-0.679149862475771	-0.678247138090765	3.62203346635108	-0.15287157007	0.409060629727881	0.602100719203678	1	0.639121212121212	1
PF03975.16	2.26484313142919	2.17947909936846	2.33517641289042	0.200826639431084	1.56339749972486	0.11547320902372	0.442371754325456	0.669052738292794	1	0.64621645021645	0.999885579937304
PF02623.18	2.729392131165	3.03020445195439	2.57297394381203	-0.624129138948672	2.59838400272657	-0.194913488632569	0.407333336887512	0.705119107995194	1	0.637199134199134	1
PF05130.15	4.9197320515526	5.30865089616708	4.44560225854885	-0.820150785474368	1.39459512880358	-0.409248598295704	0.29713525215332	0.657074042215472	1	0.286714285714286	1
PF04316.16	3.35550651565667	3.47857890168679	3.3260115143413	0.195521090021389	2.49183819286038	0.0529239993669734	0.478000000816395	0.525634757696278	1	0.810584415584416	1
PF01339.20	2.73501776454108	2.46502080705219	2.85474834986622	0.0710668661878051	2.79505799444396	0.0204593969560314	0.49266666693833	0.736106431671177	1	0.815432900432901	1
PF07238.17	1.94119559910111	2.09935366022309	1.85363492904718	-0.152916206817171	2.11647821588306	-0.0556594346936384	0.458666668208064	0.761126172219782	1	0.771744588744589	1
PF04166.15	-1.04590479103192	-0.487799372419969	-1.46119176662743	-1.1157826568787	4.10335777919581	-0.224792529008164	0.378414395186208	0.566782656458541	1	0.561333333333333	1
PF19642.2	-0.911429717854976	-1.19933201112532	-0.623147179500913	0.58912196978999	3.44094095406029	0.143424171173631	0.42038641208195	0.635391374270108	0.998381542322263	0.578090909090909	0.995524452329861
PF01625.24	-1.56381787463068	-1.74282698435554	-1.45121772921389	-0.101796746333601	4.47443726267124	-0.0145904843209978	0.490339773841787	0.757685757680936	1	0.753735930735931	0.999913066525311
PF11611.11	-0.260124858875853	-0.67972657053655	0.154004407829677	0.764807935037302	3.32431684632638	0.198171214640477	0.387075287545898	0.584744386903066	1	0.515805194805195	0.996389631141833
PF01985.24	-0.94869569293661	-1.11271435470253	-0.751488136756719	0.360589173990078	4.06609182467745	0.0794462169692738	0.457028649169526	0.701785570628785	1	0.643809523809524	0.998482565309471
PF06107.14	-1.64978530365273	-1.3064474338721	-2.02344420503827	-0.75117087021885	4.00570566801359	-0.164126526803388	0.419720189590245	0.615059074265951	0.998574723929691	0.63012987012987	0.999735930735931
PF12821.10	-1.89964446437327	-1.67905664444075	-2.12186840003683	-0.434312473154181	4.23790151853836	-0.0872841957351551	0.450666668511789	0.673984769166045	1	0.707116883116883	0.999584980237154
PF06738.15	-1.05525653751046	-1.70690884015031	-0.416148308443961	1.1991896520394	3.91545759952491	0.26034922069537	0.357095275576019	0.4994277824097	1	0.426969696969697	0.993429037549928
PF03795.17	-0.882902852462013	0.0559049468808981	-2.0530424437487	-2.12756857226987	3.70335995355377	-0.510889453324462	0.25666667847598	0.273903371799364	0.999784928210503	0.290454545454545	0.999330627705628
PF02579.20	-0.432642743159001	-0.645992849776047	-0.262343731808674	0.387639735561205	3.15406350245611	0.107182467776849	0.438374419369845	0.672705655552305	1	0.63108658008658	0.999237909586169
PF13311.9	-0.123896765839984	0.491203215620375	-0.892423068340781	-1.15551406163422	3.46707263569418	-0.293801293777888	0.336000006806324	0.458570107388593	1	0.45582683982684	1
PF09578.13	-1.78897190853833	-1.66966401057837	-1.93116629186299	-0.332596800677967	4.32931731398555	-0.0699003953739229	0.466000001265109	0.69857655273634	1	0.728688311688312	0.999447285149385
PF13682.9	3.74017232497277	3.98581327575705	3.68130039486341	-0.243388569334408	1.95716163815659	-0.0813666827577647	0.429333336003963	0.787767945460322	1	0.725285714285714	1
PF08348.14	-0.993375978036997	-0.414423709250257	-1.53834029798232	-0.968695305755914	4.33991953113499	-0.187952992759178	0.405063294782061	0.613973926727148	1	0.624277056277056	1
PF13309.9	-0.908960785525982	-0.367428233864215	-1.49723108618514	-0.779615185471821	4.19585137013589	-0.154517040206125	0.42038641208195	0.620303414051137	1	0.638822510822511	1
PF10114.12	0.922571759149803	0.793320548279431	0.993570271613704	0.0272940561007378	3.26532420682194	0.00641264980615324	0.49866666671605	0.705001090462525	1	0.809034632034632	1
PF02110.18	-1.63239302632241	-1.70626171695909	-1.55484004313281	0.0244971835599443	4.37886154248601	0.00530946112119771	0.498000000074075	0.750579376120871	1	0.735164502164502	0.997487940630798
PF18936.3	-1.83674807521896	-1.64558806905726	-2.08056328997638	-0.408532622545011	4.17192889371104	-0.0844117207275886	0.458361094155813	0.681419884538077	1	0.70121645021645	0.999562337662338
PF04294.16	2.19399129602849	2.04219847795191	2.21612987476754	0.389902209021117	3.5180551008724	0.0982034298381607	0.446369089281922	0.437834760915131	1	0.700774891774892	1
PF12229.11	3.233998177363	2.77505252733621	3.51575763090444	0.847553795355772	1.62963890385467	0.428800798594534	0.249833456713348	0.183536040116955	1	0.188822510822511	0.99637281763502
PF08486.13	0.463170082755797	0.0517911181866229	0.886615761752117	1.02230933891687	3.13067461291983	0.269595935510141	0.346000006301487	0.473554192312564	1	0.430445887445887	0.996639367628505
PF12700.10	0.856470292162054	0.797334997854513	0.901533402130171	-0.042087013392158	3.35772393829105	-0.00948554115521457	0.49266666693833	0.800617480852388	1	0.79421645021645	1
PF20069.2	2.38479831371058	2.45208537919671	2.33017295211131	-0.739087688510695	2.57554081830599	-0.219696904372601	0.395069957424349	0.406316951923175	1	0.614861471861472	1
PF00420.27	-0.748859489900916	-0.416293637501485	-1.05252444881605	-0.505401767095823	3.92722985181776	-0.117726657317207	0.430000002644423	0.682071005818904	1	0.675493506493506	1
PF07451.14	-0.502150422087231	-0.451694912126995	-0.52146961401431	-0.053779347563049	3.85433955818163	-0.0097600563636171	0.491333333654417	0.775778158507353	1	0.782203463203463	1
PF09858.12	-1.92366057489989	-2.21765466989937	-1.58531570854373	0.479078204124694	4.20128402439599	0.10112092570592	0.442666668818415	0.65188541331077	1	0.635056277056277	0.996161300792485
PF00800.21	0.778715116197985	0.864611715193226	0.687074326573295	-0.0641071630742687	3.45393337769969	-0.0164541148664818	0.487008661373583	0.797276704241578	1	0.810961038961039	1
PF12643.10	-1.91614638096712	-1.67059750054991	-2.10425064735068	-0.377568348625818	4.14170035187011	-0.0794950069432059	0.457694871662661	0.69501054342767	1	0.718952380952381	1
PF19641.2	-1.80902510671956	-2.16346432818189	-1.48541233434973	0.709067205567593	4.28444956281267	0.143807678880686	0.426000002802118	0.653261465732206	1	0.607761904761905	0.996846943404427
PF19700.2	-1.58847256097451	-1.26816477633683	-1.86937785565984	-0.60410908473547	4.17847677229864	-0.129904382764847	0.433710861922799	0.651658109081969	1	0.673813852813853	0.998
PF15919.8	1.67705113601469	1.65453221238462	1.71221486270047	0.0525351466514854	1.97645627917661	0.0215214842577415	0.486666667160845	0.747492335089981	1	0.76721645021645	1
PF14285.9	-0.349751778596307	-0.059926226539563	-0.669253999524878	-0.589789084030681	3.65004620585565	-0.13310070553399	0.419053967098574	0.628723387784589	1	0.657290043290043	1
PF20464.1	-1.42915625238117	-1.34578113012996	-1.51036964785291	-0.242467062781965	4.51807898289981	-0.0427130708238071	0.474350433995858	0.753465324965175	1	0.793571428571429	1
PF20465.1	-1.25149708277828	-0.96673962927477	-1.52960231591114	-0.47155851928662	4.50602600320413	-0.0960021884545184	0.453697536704118	0.69920640471033	1	0.731705627705628	1
PF20473.1	-1.6935329186372	-1.24920733504907	-2.05589641181385	-0.938809968335979	4.37655067760728	-0.182963129078831	0.40933333680553	0.617859074103818	1	0.626372294372294	1
PF20466.1	-1.63312878335579	-1.2280574167207	-1.96311844735731	-0.835732491674937	4.25792813932666	-0.176295043596677	0.408000003526811	0.591638576071318	1	0.629658008658009	1
PF20467.1	-1.64392603139276	-1.2164600464659	-2.00497084689212	-0.89491550291531	4.19781099959408	-0.186789169871355	0.406000003609039	0.604092713930467	1	0.629779220779221	1
PF12637.10	-0.190225226579713	-0.0167354536423554	-0.345383658485181	-0.342538213328364	3.38315931465048	-0.0891736539843437	0.443704199310853	0.707167063015582	1	0.720406926406926	1
PF18975.3	0.526965761130557	1.00256761101984	0.158795002841968	-0.586227319539001	3.28881570752132	-0.153777020781957	0.410666670084409	0.660273604385809	1	0.652545454545455	1
PF12724.10	1.35969669528871	0.783387242575094	1.90927958719084	1.0880079114502	1.80020842625987	0.49405787353171	0.236509007497088	0.255498867168693	1	0.213601731601732	0.965098268109967
PF09719.13	0.644585049526616	1.15486975914182	0.171390606929421	-1.29565870860044	3.51003219683209	-0.311559943804179	0.342000006501016	0.440103731001063	1	0.451480519480519	1
PF13735.9	0.738011866889697	0.359503039204553	1.30078054583324	0.86281832164194	2.66791287060382	0.244813150107762	0.357095275576019	0.65193887026138	1	0.448415584415584	0.996841702302734
PF18912.3	-0.236614596510002	-0.440861071383855	-0.0497173252746617	0.290089109838832	3.88181150928715	0.0608583394928475	0.46369087410161	0.725773258297928	1	0.69925974025974	1
PF05857.14	-0.515934447396832	0.494744153720719	-1.60484645385396	-1.92645993990015	3.42503879825459	-0.485046253657385	0.256000011861867	0.294644402834532	0.99778965587424	0.264242424242424	0.999858766233766
PF06961.16	-1.56826704467922	-1.16136415690539	-1.98809271212135	-0.765250296962283	4.13244939474838	-0.15540321516643	0.42038641208195	0.612097758354003	1	0.621095238095238	0.999201798201798
PF05504.14	-1.82871689867272	-1.66531383574591	-2.02575185107812	-0.352490226978679	4.13665407942993	-0.0745230169586768	0.456000001642348	0.701122444392417	1	0.719463203463203	1
PF03323.16	-0.928741782680961	-0.826938637786426	-1.00789432149847	-0.241289649054152	3.91165361019561	-0.0503796840572782	0.475016656489348	0.732586796308823	1	0.757298701298701	0.999918660287081
PF05135.16	-1.9655473118967	-2.30559593842863	-1.61893344812938	0.597401760662804	4.30492319500579	0.124751642908106	0.437333335691362	0.655406360159711	1	0.62021645021645	0.995184366786264
PF14512.9	-1.86122801376196	-1.65742884404084	-2.04805673721398	-0.403974127395351	4.23507920512803	-0.0874079175980057	0.446369089281922	0.695905125876125	1	0.717995670995671	0.999301948051948
PF02130.20	0.360804676169002	0.0654625120047578	0.578695495447991	0.487603087024632	2.57427968515082	0.160687190814537	0.414000003282288	0.632528757812877	1	0.574874458874459	0.99863624808253
PF06898.14	-1.52828054856704	-2.35291826389684	-0.781483567772006	1.38776237006107	4.11248105461268	0.294519375893231	0.344000006400862	0.472626817525259	1	0.420580086580087	0.985852380149933
PF09670.13	-1.90638278117231	-2.25926585329522	-1.5896738034777	0.602948041956762	4.03746658979852	0.130414038697576	0.436000002409853	0.648029528538959	1	0.613090909090909	0.992927962818377
PF09579.13	0.46574889366106	0.703985042175855	0.28594097622246	-0.246135703414754	3.10498400053749	-0.0696379145161015	0.466000001265109	0.779954591012431	1	0.767437229437229	1
PF10844.11	-1.85342716541328	-1.66244255876109	-2.07177404628948	-0.471942747403927	3.98639283636531	-0.0910321646025564	0.445702866789121	0.686491125753512	1	0.703277056277056	0.999838044308633
PF20155.2	-1.46865974352054	-1.0459648495083	-1.97299877926433	-0.799456846641657	4.19375711829304	-0.169568263960113	0.409060629727881	0.60531142879546	1	0.617627705627706	1
PF05762.17	-0.0797116981323427	-0.126461780597752	-0.0227965532606653	0.191519371401494	3.84963780477779	0.0434792377208676	0.471019321528573	0.773919148116766	1	0.728168831168831	1
PF01906.20	0.348885524084259	0.950470086227681	-0.331535022266716	-1.26476485607922	3.32407982497278	-0.331225711434344	0.317333341140817	0.400291398705929	1	0.398601731601732	1
PF12571.11	-1.01663993526344	-0.527481145014439	-1.59016717586631	-0.828945035504011	3.84294781446887	-0.185636505928572	0.390000004281288	0.563868243241496	1	0.583861471861472	1
PF13884.9	-1.7115898122997	-1.4201860706162	-2.0394212013109	-0.596327457388765	4.07459781308441	-0.117683318180852	0.439040641862385	0.650677617298885	1	0.666471861471861	1
PF01244.24	0.610131727823584	1.10120122102133	-0.0223072983180899	-1.0713529263605	2.21756669105153	-0.410935214194375	0.29713525215332	0.322115441753399	1	0.348445887445887	1
PF05684.15	1.53688434283073	0.560096884171787	2.1254151840531	1.53207807264158	3.07503718835543	0.427955308720418	0.261825461095393	0.320882583495442	1	0.193008658008658	0.99466696272053
PF03612.17	-1.90244463603681	-1.6369573069442	-2.14719841037625	-0.52492900110005	4.24866375910438	-0.118521900597423	0.446000002023603	0.672217206817791	0.99994106636828	0.686831168831169	1
PF07663.14	-1.8289775676516	-1.65579356633379	-1.97047176061396	-0.269046906819976	4.18588019065041	-0.0589181105086493	0.468354431554951	0.681689872084831	1	0.710060606060606	0.999644565960355
PF03608.16	-1.93986442957392	-2.23746226660204	-1.61268971833149	0.684794422783849	4.37912591609273	0.131634781735681	0.428666669363533	0.64206870588903	1	0.610688311688312	0.996798966296249
PF14359.9	-1.57389412127871	-2.12046342804061	-1.01554818863311	1.03987779622631	4.02632527923302	0.225958285064972	0.380000004716091	0.5774185003779	1	0.531212121212121	0.988317297080725
PF14070.9	0.679430358014574	0.94637669250574	0.517888013657885	-0.26495245416962	2.44453436848269	-0.0824280407666142	0.451032646732127	0.750618486387633	1	0.726718614718615	0.999915123586091
PF09346.13	1.22479900238147	1.25442611298844	1.19633626781802	-0.0687868230888462	2.69632022733092	-0.016168382626644	0.490339773841787	0.781175932251461	1	0.811714285714286	1
PF09548.13	-1.41545073787705	-1.25087031572605	-1.54967763311297	-0.4084164279315	4.03333191097264	-0.081852623540271	0.454000001718247	0.687245986410678	1	0.716147186147186	1
PF01885.19	-1.28131334264014	-1.62874274140619	-0.940289215329009	0.558207207421156	3.91234870234812	0.121304387970334	0.424666669521598	0.631330302686728	1	0.603580086580087	0.998303591104328
PF06177.14	-0.445800530643252	-0.315851887569316	-0.548163794411631	-0.273600920223648	3.45950291587274	-0.0636546624703892	0.465333334623486	0.72779373256397	1	0.745809523809524	0.999952922077922
PF09581.13	-1.79976204947941	-2.130515427782	-1.45489418436622	0.63178866752464	4.16990146726322	0.121314591263064	0.441705531832793	0.650874334308805	1	0.615190476190476	0.995675278068284
PF17866.4	-1.43273212272808	-1.84448215434564	-1.08151375381074	0.489842377318286	5.23208011603836	0.0805200680850603	0.459693539142167	0.809529317651402	1	0.706008658008658	1
PF13228.9	0.263038896084081	-0.0899536137565633	0.520576736351432	0.584060071845459	3.48873369429369	0.134765942210297	0.42038641208195	0.639062545518621	1	0.591082251082251	0.999041558441558
PF14277.9	-1.48930435194631	-0.965304963673788	-2.07019477162634	-1.0872295460616	4.04966450683717	-0.23301728788982	0.378414395186208	0.538906030468407	1	0.548658008658009	1
PF05195.19	-0.106004355283698	-0.265335016664166	0.0766893250074672	0.0886046593374674	3.46616402302719	0.0226105577571913	0.486342438879956	0.767852330707702	1	0.717640692640693	0.999150711313187
PF13530.9	0.066270519536249	-0.0390023617868414	0.137837238596475	0.311997233946134	3.44993112700982	0.0721869409891801	0.459027316648982	0.709992811194602	1	0.696978354978355	1
PF02493.23	-0.429737684646019	1.33748343827231	-1.50971985538193	-2.14519145285858	4.94322585593545	-0.374854382761212	0.332000007014083	0.410424027413554	1	0.412891774891775	1
PF02567.19	-1.69827246196911	-1.82044784473058	-1.55925083696737	0.151493724379407	4.29827433966423	0.0259768823097272	0.48500999389272	0.732354162565495	1	0.708168831168831	0.999203976975406
PF08006.14	0.678400788559695	1.1184705968963	-0.334535680742846	-1.28609823276815	3.2907880278188	-0.34280066519426	0.323333340809957	0.350101658342527	1	0.401471861471861	1
PF02390.20	-0.116337905546916	-0.647572249661305	0.174309022704922	0.587507706942897	4.24882178511233	0.113386028868458	0.436666669050594	0.647913001850363	1	0.657424242424242	0.999603976399944
PF02570.18	-1.03431224750961	-1.33989131783274	-0.705207117818024	0.691057305569005	3.96867118733623	0.131997953245215	0.426666669442425	0.644833744176771	1	0.59521645021645	0.994550908167281
PF20250.1	3.76857178158864	3.41218552129794	3.95257917932535	0.69437269762733	1.49739994351036	0.443635705170625	0.314000007995311	0.265553838368755	1	0.302290043290043	1
PF03961.16	3.76551994699114	3.41536742546778	3.95622885497938	0.701416314889054	1.49652103806911	0.421972977792972	0.318666674399836	0.256939242530367	1	0.292225108225108	0.999610442678587
PF07523.15	-0.278121756233024	-1.18487124741537	0.527995383634509	1.63932645279117	2.94601806111584	0.480848350327541	0.252666678794869	0.294461419696101	1	0.225112554112554	0.960378780217302
PF18947.3	1.69588846728608	1.36411248088154	2.33461063484038	1.22641795554385	2.89852859453602	0.352110869231533	0.318000007770269	0.348610625333132	1	0.313354978354978	0.998329920717002
PF17848.4	-0.909363338875434	-0.908299882302402	-0.913976158906703	0.00979237596399329	3.64083454027291	0.00317240397797923	0.499000666259482	0.744710193323631	1	0.760761904761905	0.999785528756957
PF00484.22	-1.97846564791304	-2.28049833407989	-1.64521677517215	0.62830936567322	4.27668908355219	0.13362779185793	0.430666669284912	0.665163577810314	0.998007937128506	0.622670995670996	0.992505426206114
PF06912.14	-1.6890652360148	-1.82456239883424	-1.56836767349749	0.306027046308854	4.04281104855271	0.0590096856804495	0.465689541581532	0.734661917321152	1	0.696380952380952	0.999099916946165
PF01019.24	-0.92787081878728	-1.65133721057891	-0.22257986677991	1.12905595164161	3.96667770473854	0.246269107969663	0.362425055472068	0.523963279172934	1	0.449965367965368	0.994065257549306
PF09186.14	-1.23705389348899	-1.44532107318276	-1.06249916002984	0.347434400148755	3.94454010859658	0.0847172236559684	0.455029981690227	0.684225536620949	1	0.663839826839827	0.999669771121025
PF14124.9	-1.86548421015971	-1.74622315786565	-1.98155404643667	-0.287598408561113	4.16055258456205	-0.0671348014468039	0.466000001265109	0.723622321232176	1	0.746900432900433	0.999678426435069
PF02277.20	-0.694523186669758	-0.839073292319647	-0.578571521390241	0.100583843416322	3.81608584556193	0.0200425640761351	0.488341106360851	0.725620151045159	1	0.721415584415585	1
PF05065.16	-1.04963029921717	-0.612777175423215	-1.50905189339478	-0.676073729316657	4.27488292454826	-0.143638186626463	0.418387744606937	0.641556475481509	1	0.663458874458874	1
PF01844.26	-1.08190011042055	-1.26384933580289	-0.917531729691691	0.296243337950568	3.96213704452806	0.068130687056971	0.461025984128586	0.718209009769678	1	0.684930735930736	0.999493132152018
PF03419.16	-1.10161630799476	-0.737559588942706	-1.53591474871744	-0.67814785022701	4.02943278186905	-0.142028865362291	0.416666669841269	0.633037282873342	1	0.650614718614719	0.999617366866952
PF13490.9	0.23681310544657	0.665032492236464	-0.384355890836691	-0.939298103043548	3.11484529665494	-0.259008524351012	0.351099273198694	0.497311698428731	1	0.505021645021645	1
PF13711.9	-1.08860569046187	-1.18966863657374	-1.0193267346773	0.215219080380558	4.0283130152119	0.0477327314669565	0.467333334548396	0.737808028019753	1	0.693021645021645	0.99950141659711
PF05534.15	-1.65425015824668	-1.2314915358465	-2.02405725843922	-0.754854595960213	4.11938752704437	-0.159515285088902	0.410000003444949	0.619710941238504	1	0.626606060606061	1
PF02681.17	-0.701433569130343	-0.785162463515077	-0.588014395805691	0.239642253131899	3.27890799575242	0.0568892598121885	0.47035309903515	0.756095116815421	1	0.700874458874459	0.99725877758605
PF10727.12	-1.58911967109148	-1.09193548686436	-2.0878778061615	-0.904915178760457	4.09330669121545	-0.184526415360711	0.397333337303178	0.604462355218642	1	0.612982683982684	0.999952922077922
PF10728.12	-1.54616847558181	-1.13539895980777	-1.94720898414899	-0.855690835970595	4.05869588186738	-0.172127569065603	0.412000003363445	0.618970726206755	1	0.606025974025974	0.999918660287081
PF16822.8	-1.1864813184625	-0.609583790347284	-1.94119465948125	-1.30467921954445	3.69294684571493	-0.285328320019475	0.339773490948412	0.484346875860483	1	0.481272727272727	0.999905844155844
PF14689.9	-0.533790258410808	-0.669132461186608	-0.384866978328486	0.330351883161041	3.824927083887	0.0854599091351875	0.453333335076917	0.705717727567213	1	0.680372294372294	0.999735930735931
PF14501.9	4.26332832235647	3.90911859230828	4.46326938031175	0.5606829849755	0.753023353315754	0.684125316769368	0.225333347902735	0.14788247821973	1	0.153835497835498	0.963034132212582
PF13786.9	-0.741857661679303	-0.660170356408695	-0.816104582229168	-0.210466596789492	3.91050310050887	-0.0485337026652317	0.471685544022008	0.710736371620572	1	0.752670995670996	1
PF14268.9	-1.0948850653365	-0.752689930591704	-1.59349905467676	-0.746602132495574	3.95447157423368	-0.169021100219434	0.405063294782061	0.585198455826769	1	0.621380952380952	1
PF12959.10	-1.63446339255794	-1.60802937028035	-1.65955833575223	-0.0389893488532307	4.22472233841804	-0.00845685650476389	0.494337108803755	0.756215925783479	1	0.742865800865801	0.99902190592094
PF12960.10	0.846833799052543	0.491721977732043	1.2128765179197	0.78328074691067	2.93306955425583	0.226748098888778	0.380413062652985	0.571628211171077	1	0.487277056277056	0.999513047042567
PF08757.14	1.14138665459989	1.15091151357277	1.1338592654361	-0.311114311525451	3.13611189093205	-0.0759707652108109	0.461025984128586	0.811837877787048	1	0.804138528138528	1
PF13546.9	3.94223599311966	3.72343393052074	4.08867904037572	0.22685515040468	2.13043032051099	0.0837468035517925	0.44533333538252	0.585870664359836	1	0.657290043290043	1
PF20574.1	-1.21156108435067	-0.913316798779864	-1.53303862817395	-0.534128521725991	4.04566439670507	-0.112743427685399	0.435043306907536	0.642235220843089	1	0.678333333333333	1
PF19552.2	-1.67731134228458	-1.71167061431812	-1.63978588814992	0.0790695439758036	4.35515367655642	0.0175760535845363	0.493670886310086	0.758047610885745	1	0.741415584415584	0.999632995712421
PF05105.15	-1.7231537131377	-1.32489067015881	-2.0360843395374	-0.828240376740256	4.28951765638342	-0.16289946802591	0.413057964675142	0.613136138272134	1	0.628	1
PF19498.2	5.10986723253932	5.01645415353672	5.28325783160977	0.108310285229757	0.960271387456348	0.0894535112472626	0.453333335076917	0.663234615693051	1	0.700064935064935	1
PF12995.10	3.45594979845363	3.52475487584632	3.32703399057063	-0.234994748968848	1.27641375777171	-0.156561329799976	0.419333336400829	0.602716513108527	1	0.70004329004329	1
PF18843.4	-1.64309980530781	-1.77332125260001	-1.52345360664918	0.103957154236141	4.76892628930902	0.0167136969625088	0.490339773841787	0.769986876575413	1	0.734255411255411	0.999838044308633
PF18987.3	-1.6367544485058	-2.23881792359262	-1.01886796211627	1.08977641378681	4.22619116300585	0.217034967421233	0.377333338167504	0.560291062974534	1	0.505541125541126	0.995097452593788
PF14706.9	-1.50558880115282	-1.44013150187407	-1.55191481906808	-0.0204391332731682	4.24617928560117	-0.0032905700211456	0.497668221272125	0.753638572441034	1	0.741848484848485	0.999213153463526
PF17922.4	-0.787539640621463	-0.236802552792928	-1.44528127937283	-1.25691087887341	3.35174280915321	-0.307372848092172	0.334666673541859	0.448997635351465	1	0.455082251082251	0.999853620955316
PF13784.9	-1.32858273347592	-2.23556307897217	-0.320862955828543	1.91520922087054	4.22115968671972	0.387471539678023	0.305129921889803	0.400827385307227	0.999237896779966	0.335445887445887	0.974498270739471
PF12652.10	-0.0172478208018259	-0.271990176295629	0.212498623211352	0.418259805554117	3.41145511932331	0.108534253767771	0.442371754325456	0.637344834639553	1	0.635246753246753	0.999952922077922
PF12773.10	0.47083201123758	1.01831005319202	-0.1384068561103	-1.02861256422936	3.5980920823957	-0.235284040959851	0.36400000543947	0.515283027444285	1	0.521796536796537	1
PF18739.4	-1.88924792119728	-2.18716554793031	-1.53865132613653	0.720265870396353	4.41208411537024	0.144004409902812	0.428666669363533	0.621210693585493	1	0.583549783549784	0.995877148966307
PF09509.13	-0.018082087180872	0.369391584393931	-0.664070295630007	-0.564424718046114	4.3175783154237	-0.10573562103853	0.438374419369845	0.679861405770134	1	0.741515151515152	1
PF14280.9	-1.31132391426453	-1.16605838054605	-1.49235818954439	-0.221233249412209	4.36406759659635	-0.0443505948367197	0.473333334323805	0.733674123167954	1	0.770549783549784	0.999644565960355
PF12639.10	-1.26963641923306	-1.700832520932	-0.734080216855477	0.890217690403194	3.94973747656728	0.195878732958191	0.391333337557549	0.590818952483344	1	0.538813852813853	0.995624228457196
PF20296.1	-1.52365866652755	-1.50168051782254	-1.54291972149759	-0.133487721668069	4.20978456476588	-0.0296388233116846	0.486000000518925	0.762805834224633	1	0.761497835497836	0.999704032911866
PF04471.15	0.0546490749690731	-0.576567359003328	0.614728208276554	1.20731994255102	2.9030907209889	0.352298000695574	0.308666674968797	0.392920528418341	0.998660041940589	0.33587012987013	0.991560029669721
PF01371.22	-0.412971375202884	-0.294000355063293	-0.623972338597997	-0.378689906016885	3.3684820700268	-0.0926184419370919	0.447333335305835	0.622820024612607	1	0.705770562770563	1
PF13701.9	1.43618499870686	0.627968347422373	2.23286782269384	1.5831144281177	1.77608657712909	0.780266472697636	0.159893427809535	0.101417056185779	0.997961778838689	0.0800909090909091	0.881042863463919
PF04952.17	-0.995158612510435	-0.764966568028782	-1.30041173716633	-0.509509843623476	3.8264641358717	-0.108018796887916	0.43970686435495	0.631743599174946	1	0.671116883116883	0.997708806818182
PF01841.22	3.56977364045991	2.93730475356168	3.91306186897759	0.871480919761086	1.20975144763906	0.650097491620812	0.229180560478235	0.152536207138889	1	0.138203463203463	0.990077097185128
PF14403.9	-0.856388614009664	-0.667626226377005	-1.0892943674145	-0.541363149352414	3.790291373314	-0.133921294195443	0.439040641862385	0.667749213780211	1	0.696822510822511	1
PF06289.14	1.05215941404684	0.901363800139403	1.3139528089133	0.385099979970146	2.62972647811796	0.0939547395840232	0.429047304477111	0.768953034950638	1	0.635878787878788	0.999822727272727
PF20379.1	-1.73122360283424	-1.87070723890373	-1.5786523116426	0.12193685698895	4.4163673535959	0.0227470826825199	0.489673551348137	0.752975704072331	1	0.733385281385281	0.999487940630798
PF03748.17	1.01044979015776	0.809599949169264	1.08116704638818	0.313221880796624	2.80280932458872	0.0965365746091542	0.452666668435606	0.567031425864385	1	0.694385281385281	1
PF18941.3	-0.640946154635353	-0.905454316809158	-0.402095346685013	0.591190036363363	3.62430779234913	0.131850920078647	0.428381081984987	0.632030934309254	1	0.591839826839827	0.996916876639306
PF17989.4	-0.34129478232232	-0.59893387697635	-0.121332825951066	0.455641550310934	4.06951633016547	0.0914212829914999	0.451032646732127	0.712812153326903	1	0.688796536796537	0.999298268398268
PF16226.8	0.368928464677936	0.552271195304542	0.219960619439907	-0.113348578567358	3.40492509521888	-0.0284871271980567	0.484666667235102	0.785306527604388	1	0.804935064935065	1
PF11372.11	-1.36918524560757	-1.17751103495848	-1.52202193135565	-0.494146530875326	4.00814808603876	-0.0980054899960532	0.451698869225096	0.690962903650929	1	0.711428571428571	1
PF16242.8	-1.61189579204907	-1.66499114750744	-1.54362799567395	0.197289087938678	4.03338153493661	0.0423522430537317	0.479013991450479	0.726314594450596	1	0.701835497835498	0.99852909897686
PF11667.11	-0.912522039155995	-1.22322270031306	-0.615070168299549	0.575783968437512	3.78858822439468	0.127718082054368	0.42704863700083	0.661936430679254	1	0.613666666666667	0.998373164843445
PF13730.9	-1.11263890191227	-0.0836611469303428	-2.02168383338282	-1.89501280099727	4.17887746657601	-0.400061693306992	0.298000008940754	0.394977868562565	1	0.347835497835498	0.999735930735931
PF13463.9	-0.948592533233753	-0.00372274301749709	-2.0399258764763	-1.85940509683131	3.70946760188251	-0.427400559894622	0.277333343620393	0.339587303060859	0.999177621303847	0.321943722943723	1
PF14058.9	-1.66986076777588	-1.70094801493254	-1.64602565880218	-0.0250264216859746	4.19622613509324	-0.00530234788402617	0.497668221272125	0.76157869963823	1	0.744813852813853	0.999735930735931
PF07505.14	-1.94899870088542	-1.81438408094191	-2.07526418344125	-0.393626731154929	4.51256887121482	-0.0762572316288204	0.455696204183309	0.706645605387792	1	0.724095238095238	1
PF20323.1	-1.80868340107715	-2.19694726555689	-1.44062858281555	0.561833688526036	4.23745664849854	0.119614737652303	0.441333335536504	0.637399531786466	0.999900201939891	0.591809523809524	0.99224088355366
PF13783.9	-0.892134188665777	-1.34402373432514	-0.343298355917745	0.953378708752117	3.49792330530752	0.22634592534645	0.380666671353383	0.556942051602288	1	0.483168831168831	0.991452870650512
PF12957.10	-1.9230530788307	-1.85176752249808	-2.00781920357763	-0.43291200347647	4.35645166009541	-0.0827143329820358	0.454363759197163	0.700499390244267	1	0.727541125541126	0.999952922077922
PF09681.13	-1.02429785096123	-1.6354746582255	-0.378868318920342	1.21722639619623	4.11374297178433	0.248431916981347	0.3777481726974	0.535443758083505	1	0.478679653679654	0.993941506315392
PF13683.9	-0.660781525881891	-1.23670550625552	0.00495263619023323	1.15197785101171	3.70564415962914	0.248479003680804	0.356429053089343	0.531627424989654	1	0.446454545454545	0.995118454393706
PF18676.4	0.334433419410177	-0.437644354581343	0.883951114861865	1.02229884821317	3.87312804907495	0.21784269407364	0.371333338436713	0.545731950281961	1	0.472675324675325	0.998736414022277
PF09587.13	0.408619890071146	0.385037800875137	0.421111368691238	0.113018096274727	2.74342362377874	0.03057010897167	0.48101265893116	0.709895338836835	1	0.72338961038961	0.999565081940678
PF19776.2	-1.65892070672864	-1.25303605582116	-2.09494301144567	-0.840109154307214	4.09228535055888	-0.17587724653161	0.403730849800456	0.60849276487815	1	0.614	1
PF02036.20	1.49319967317636	1.81732355395888	1.02974699274743	-0.652797731509404	4.27126916072314	-0.134480381305694	0.404397072291237	0.620685640403304	1	0.644658008658009	1
PF03309.17	0.780338225967724	0.875650031141681	0.718122085150366	-0.251339214351026	2.30971661041362	-0.0738467710460867	0.452365091718084	0.694913679977355	1	0.727359307359307	1
PF12672.10	-1.30391167364086	-1.28754582525283	-1.31587170936836	-0.0342505490032581	3.86417095046389	-0.00569987613371138	0.497001998778448	0.761404040334872	1	0.757718614718615	1
PF05119.15	-1.61479763832195	-2.15272198939058	-1.03468426059198	1.02643032500416	4.03309397687825	0.20447371239133	0.384666671178323	0.564614509992047	1	0.520225108225108	0.991142292155425
PF12686.10	-1.36723116616033	-1.63272618132926	-1.05395600894827	0.599440729565017	4.0682970764205	0.122864655327591	0.434666669128451	0.655455398086149	1	0.614220779220779	0.998749581933687
PF18832.4	-1.71761699504596	-1.27023195101474	-2.10109664097423	-0.85228866850376	4.29835051023069	-0.174582655827304	0.411059297201336	0.621463000782777	1	0.649151515151515	0.999885579937304
PF04277.16	2.53912909228457	2.4176262147669	2.58813168037518	-0.0139545256972529	2.09206309675434	-0.00584069806013584	0.496335776284772	0.736833807215302	1	0.839047619047619	1
PF09827.12	-1.84762774185401	-2.21183319335077	-1.5017559631752	0.641948239458123	4.3170476853	0.125656330095427	0.434000002487791	0.654426615993063	0.998294005978253	0.612848484848485	0.993522903124952
PF08747.14	-0.496709339096253	-0.790238157041559	-0.124310355542594	0.647154813173362	3.38064526344531	0.163814999936992	0.409060629727881	0.648073701364487	1	0.580190476190476	0.996707034146716
PF15978.8	-1.43163203659933	-1.81409759258613	-1.0187265524711	0.639175150888827	4.20696993425965	0.130012051454322	0.426382414508798	0.643673294999295	1	0.6174329004329	0.998070220902735
PF06527.14	-1.3189989618752	-1.70523320692842	-0.834446717986211	0.703769392417035	4.3843340366561	0.13796242214569	0.42438374703289	0.64916537937361	1	0.607965367965368	0.997653661778513
PF08722.14	-1.87776262752466	-2.20896819331286	-1.52248996945585	0.760285856901659	4.29398474373717	0.148305487580875	0.421718857065464	0.632138336256553	1	0.600441558441558	0.993775841696509
PF08721.14	-1.84148694329064	-2.16898216589438	-1.48806824853559	0.596782414367322	4.21768002633258	0.126824774159265	0.435043306907536	0.655313509334336	1	0.620393939393939	0.994256966825971
PF18657.4	4.67215906626876	4.54480398480878	4.79528431675655	0.295031951237554	1.69391699498205	0.154699626941164	0.438666668972974	0.752202538388413	1	0.685324675324675	1
PF14205.9	-0.468351401009648	0.407976957602056	-1.39797739849186	-1.66296926273584	3.66183005282946	-0.393971308239944	0.293333342564796	0.352415460294959	1	0.349320346320346	0.999905844155844
PF08843.14	1.43603479777984	1.52296302508576	1.34074527014526	-0.161284320046193	2.12193686462794	-0.0673606458050476	0.46502331908821	0.744289588497453	1	0.766952380952381	0.999952922077922
PF13338.9	-0.871067624541171	-1.18477508782045	-0.535868406110135	0.613192701553931	3.91513223728106	0.136910023180914	0.421333336320866	0.640416786926167	1	0.606904761904762	0.998595060308959
PF18864.4	-1.66871145599396	-1.7560129259141	-1.62728889537967	0.184679294894059	4.15697093934248	0.0402147033809354	0.47666666753275	0.737490954536426	1	0.70412987012987	0.993720555054265
PF04365.16	1.02745087792691	2.02673761210711	0.143514252905235	-1.89227664326538	2.60884186401931	-0.614697534889995	0.202666683703834	0.205173963223516	0.997666628425454	0.143199134199134	0.999306226126814
PF13788.9	-1.86945407164809	-1.71245728586847	-1.995037257328	-0.252240214350174	4.0668237804093	-0.0508441628274469	0.475333334249142	0.70632462385145	1	0.743649350649351	1
PF04191.16	-1.82051512800373	-2.18424322559235	-1.47770226660709	0.657096633174447	4.17768630309048	0.116777670465313	0.431045971953661	0.626029446514325	1	0.603597402597403	0.993570767350002
PF02592.18	1.64073873405419	1.77943405790432	1.532590127243	-0.0521867833693195	2.11440066592211	-0.0224483486141874	0.486342438879956	0.634688641840538	1	0.800359307359307	1
PF06508.16	-0.212554629692991	0.562368605040072	-1.03556820501941	-1.36899240916367	3.69958327573566	-0.327706730434076	0.322451706382074	0.437025403652649	1	0.416112554112554	0.999688852813853
PF06397.15	-1.90331783622156	-2.16178943666252	-1.59839658006343	0.528101449131435	4.12561377607594	0.101116055343153	0.443704199310853	0.664355271546735	1	0.635324675324675	0.996467571901782
PF01880.21	-0.470799604467667	-0.725243517555428	-0.169071325803505	0.5112638015474	3.70114764893855	0.117562723847949	0.433710861922799	0.671569191879219	1	0.625281385281385	0.99826039694194
PF12676.10	-1.84838130164588	-1.75745203846114	-1.92620280878345	-0.348860479507466	4.2033714506884	-0.0699168910789845	0.464000001340281	0.699916789011734	1	0.727320346320346	0.997785528756957
PF06182.14	-1.5057624908902	-0.945085123792581	-2.05331361603174	-0.921240145832863	3.93371306784943	-0.207260783541959	0.386000004453745	0.553205478429274	1	0.557774891774892	0.999735930735931
PF08845.13	-1.65694269411346	-1.7330254129491	-1.57459469014373	-0.0665812228858238	4.39134346258359	-0.0134035693304993	0.49300466381642	0.76470539505439	1	0.745935064935065	0.999301948051948
PF14282.9	1.25632456278995	1.04579124420628	1.5064751990993	0.598236168695896	2.11569567882555	0.23590109472199	0.376000004893566	0.465017691850374	1	0.494558441558442	0.998505199976114
PF02659.18	-1.83051141710999	-1.64523181702855	-2.00432291009008	-0.371389912548198	4.06875706459437	-0.0770492693976462	0.46369087410161	0.696950820149139	1	0.721549783549784	0.998945036615339
PF20016.2	-1.59897470029586	-1.24218644678861	-1.98603283240494	-0.61358001860475	4.01555636445656	-0.125161573137635	0.427714859492894	0.621101814063393	0.999084848108494	0.627623376623377	0.997730404347426
PF14393.9	0.0324333110744535	-0.0168303976885946	0.126935481130936	0.0404961789708915	2.9161502240717	0.0105083926613447	0.49300466381642	0.694595160156071	1	0.740978354978355	0.999952922077922
PF14907.9	2.34067421471832	2.08947195273521	2.61670915576664	0.605115415157662	1.46367128700191	0.33303500025003	0.31666667451148	0.335654281979154	1	0.332125541125541	0.991628074136261
PF16935.8	0.545997900460631	0.229827854686701	0.812067122924811	0.517737140960413	2.40792277280427	0.167624615202159	0.401065959837764	0.658295542841321	1	0.575458874458875	0.997325377140022
PF20042.2	0.883660724264717	-0.166403573236084	1.73675709535276	2.01174101418399	2.93209389536501	0.610919162797726	0.204000016878137	0.140445171422702	1	0.121073593073593	0.95480041510755
PF07081.14	-0.235599854640907	-0.508225088054666	0.000132810831658503	0.436337474145486	3.34605225232602	0.111737229539236	0.442666668818415	0.671492115288983	1	0.630406926406926	0.999447917599642
PF20599.1	-1.33441096401581	-1.17061340740961	-1.55123453900686	-0.300817417467728	3.95364738983073	-0.0619209976814986	0.464666667981876	0.700775297104988	1	0.745857142857143	0.997524231865695
PF01699.27	-0.542809937894125	0.211494202766933	-1.51677354884451	-1.27667761944155	4.15965726976262	-0.269809738628645	0.365756167909403	0.533730870429566	1	0.542675324675325	1
PF04854.17	1.22181673499589	1.02399939186439	1.47943040178921	0.519268004647197	2.73976030416435	0.136958796436396	0.392000004195757	0.647867416729583	1	0.524896103896104	0.999510143681603
PF07007.15	-0.951238864009423	-0.980943476907592	-0.909351337554921	0.107062903781481	3.90401790409506	0.0221743573087729	0.489673551348137	0.758977650026682	1	0.723683982683983	0.999028637588394
PF01637.21	-0.00209444001915848	-0.96111819362395	0.781652322807404	1.64707809260225	3.30767608824025	0.432028891765197	0.271333344042284	0.308848184124065	1	0.265502164502165	0.984164154774342
PF03008.17	0.412321687846705	-0.552519012162989	1.09139031196485	1.48563445731942	2.96628141342173	0.425963649998895	0.260666678165493	0.3284964219061	1	0.245004329004329	0.974928080928673
PF10127.12	-0.195856012638266	0.257056741789284	-0.629525141040604	-0.679787275913533	3.96580700262999	-0.137364156336967	0.409060629727881	0.642632228594882	1	0.674112554112554	1
PF15738.8	-0.209540337355638	-0.266110570495774	-0.154959114974246	0.173254346805426	3.59247275167041	0.0412495475550668	0.474350433995858	0.734281088916902	1	0.709445887445888	1
PF18813.4	-0.901323321334782	-0.685203767979232	-1.08755443239518	-0.378191457263136	3.94358939949948	-0.0816622944345171	0.459027316648982	0.705443685641041	1	0.71691341991342	1
PF02830.21	0.0595539738810853	-0.201232593109332	0.336730940986897	0.608603465816525	3.2521944470059	0.153337465574618	0.411725519692567	0.639956618577447	1	0.574207792207792	0.997409700980503
PF14317.9	-0.416762810382368	-0.442324268416073	-0.399283476230273	0.0608342770369132	3.51197540854384	0.0145405458120031	0.490000000370519	0.779166810527301	1	0.752909090909091	0.999885579937304
PF01996.19	-0.0672756570906294	-0.254790280921432	0.0372046342170531	-0.0821591874026817	4.31313077398987	-0.0173199604775921	0.490666667012466	0.772800010449775	1	0.81125974025974	1
PF06889.14	0.583843057991676	1.31288684390633	0.0723669417559067	-1.14543896873022	3.6095190194723	-0.2817328138121	0.334443711074774	0.527050603855582	1	0.469935064935065	1
PF06463.16	-1.11419401461596	-1.22559193040477	-1.02570409593276	0.144865455846034	4.06665566547916	0.0319434559864078	0.483677548905506	0.748072618118316	1	0.728549783549784	0.998535299507871
PF07944.15	-0.195883014312311	-0.48755907635374	0.0956330658509872	0.607520913500335	3.12871027872404	0.165410039524394	0.403333337052597	0.625833013256141	1	0.55748051948052	0.998169793290203
PF13568.9	0.0469804285453632	0.640067701140139	-0.864409566875617	-1.45555719854591	3.24060116627486	-0.397023395900232	0.295333342439321	0.338435533009025	1	0.361095238095238	1
PF12675.10	0.271250846614016	0.254779141235979	0.293564433279426	-0.0705141917150787	3.89948454449234	-0.0170704011059761	0.492338441322757	0.796192075166926	1	0.812432900432901	1
PF19570.2	-1.00358045640192	-0.433064358255202	-1.50938558638623	-1.00098854046468	4.0223026612258	-0.21241210487935	0.384000004540694	0.554093154277176	1	0.576121212121212	1
PF05960.14	-0.644754628119976	0.080027374303195	-1.60423805916286	-1.65404502524832	3.52891057735157	-0.401201393558114	0.29713525215332	0.348650795485795	1	0.345757575757576	0.999905844155844
PF06956.14	-1.89586536321471	-1.72665801426889	-2.07427015537666	-0.328663392213718	4.35464665864726	-0.0631070489463644	0.467688209061577	0.680504076565819	1	0.712632034632035	1
PF06224.15	-1.82243795576573	-1.60005640545662	-2.02716148124393	-0.361038438695967	4.16951831999969	-0.0723254751252108	0.459027316648982	0.693504859934783	1	0.709298701298701	0.99963543956044
PF02348.22	1.06277470063069	-0.515138419275003	1.98373112408098	2.04187889033892	3.76774463842167	0.489945764667698	0.239333346590906	0.243889558492667	1	0.149792207792208	0.988829695511116
PF01564.20	-0.761338970796984	-0.935779171702594	-0.618710092030223	0.188374532232285	3.62015563725785	0.0535139906669008	0.471019321528573	0.712810091801909	1	0.707675324675325	0.997573975044563
PF17874.4	0.419593185630827	-0.201122882484905	0.881736880222896	1.05240989433475	2.35477947475038	0.378400474908875	0.29466667581433	0.321941032907509	0.999780442038842	0.315398268398268	0.969498844157614
PF01972.19	-1.60521198438452	-1.74074400439422	-1.49475984143279	0.124204842530714	4.47782573017662	0.0252424709737612	0.490339773841787	0.77156456332458	1	0.748281385281385	1
PF08481.13	-0.602538426676513	-1.23618564745772	0.0836106752590222	1.1479457932919	3.60691014044155	0.26516258213759	0.344437048342602	0.523548516509255	1	0.422779220779221	0.993526072918263
PF03453.20	-1.11289756307173	-0.604286987923423	-1.56987879849475	-0.732857190914122	4.43321670857488	-0.146264240679439	0.42038641208195	0.627453780505176	1	0.653645021645022	1
PF03454.18	-1.07069857315572	-0.54168450996396	-1.48655619475419	-0.676418926643499	4.29373763604558	-0.126150558678624	0.433044639430472	0.653699025078934	1	0.673112554112554	1
PF17948.4	-1.87452053318476	-1.73485913234723	-2.00143263772586	-0.316389724835074	4.4117930012069	-0.0631615957087921	0.467688209061577	0.701877203854727	1	0.738974025974026	0.999602397602398
PF08713.14	-1.68744057073992	-2.15561914818101	-1.14323845476407	1.01316960446995	4.08002927039924	0.201029505654477	0.384410397588074	0.566427327368214	1	0.520398268398268	0.989484439894761
PF17932.4	-1.42407452689128	-0.853501158162627	-2.09527958706247	-1.17255124940312	3.73916328866577	-0.249342856618834	0.354666672546119	0.479278596324124	1	0.499212121212121	0.999893742621015
PF09661.13	-1.03680856458814	-0.0331644990308728	-2.09212809487736	-1.69843878664322	3.73214726481438	-0.386413730773935	0.301798809497187	0.378808349572328	0.998905741983653	0.355666666666667	0.999838044308633
PF03412.18	-0.642371273751223	-1.60321122863752	-0.0261627741113548	1.36220527408987	3.68185786709387	0.291663955665726	0.34533333966786	0.439873902995038	1	0.397770562770563	0.996573533898821
PF13417.9	-1.96722492303985	-2.21029159776866	-1.67300167715219	0.534727144344662	4.2995095092693	0.111956739244977	0.445702866789121	0.663547520233813	1	0.620757575757576	0.996266258131061
PF18096.4	-0.892624649078975	-0.69687497346164	-1.10045472482121	-0.349552039249907	3.93693337064404	-0.0793333728821611	0.455696204183309	0.705849955299314	1	0.735134199134199	1
PF01963.20	-1.56620790387769	-1.74104753902628	-1.42651661458504	0.117170860647342	4.35138504756286	0.0228043031762029	0.489673551348137	0.744033795776248	1	0.720441558441558	0.999988429752066
PF13780.9	-1.86424297601592	-1.64947462604198	-2.08836542445303	-0.393959295798331	4.0247543098408	-0.077868554768715	0.460359761635369	0.677919488720817	1	0.707865800865801	0.999338328338328
PF00059.24	-1.91463229233065	-2.27373736179949	-1.54710965098205	0.604574267783614	4.33337862658403	0.121583709692726	0.428381081984987	0.642328477084422	1	0.604025974025974	0.994494562893826
PF18989.3	2.34293010814523	1.92205112806526	2.71826142333005	0.956656871032509	2.24573880491169	0.362681075158655	0.254000012020947	0.240724714496144	1	0.198121212121212	0.990062970368545
PF13231.9	0.0498319621192946	1.82901547769192	-1.51199349976111	-2.99388271444532	3.36477797121891	-0.778884326196294	0.143237868320802	0.118881978159637	0.998424714963718	0.0761385281385281	0.999019480519481
PF03646.18	4.01184032892732	4.26917884289672	3.79962923817288	-0.598290350111525	2.42669794694615	-0.190460676572089	0.385076620077449	0.746126122077983	1	0.561835497835498	1
PF07581.15	0.451789714505279	0.647800861283197	0.287300114676112	-0.23644068849458	3.18939122941653	-0.0608953718205395	0.461025984128586	0.744759199410373	1	0.74812987012987	1
PF19510.2	-1.11152441650753	-0.287040448097421	-1.97137710303168	-1.4933844255817	3.89190820319635	-0.343230535606248	0.314000007995311	0.415052411437015	0.999115135409457	0.410194805194805	0.999562337662338
PF02485.24	-1.88197165990896	-1.69394530458284	-2.01745539357571	-0.391323938707697	4.32289902323668	-0.0781774724172713	0.460666668132528	0.693369689455891	1	0.707705627705628	1
PF18922.3	-1.94896161769205	-2.26185693794958	-1.62351965793996	0.631241060989944	4.28782157900751	0.125482957355632	0.432000002565979	0.635817275471725	1	0.607316017316017	0.995932917635167
PF04724.16	-1.58128505665009	-1.18718223832967	-2.03415160550302	-0.745731327725573	3.76683369612933	-0.164310628839895	0.417333336481106	0.607341925616379	1	0.632	0.999597488038278
PF05523.14	-1.34570696874414	-0.482874549794266	-2.12598541051064	-1.66141852563196	4.25960341626926	-0.337900388861128	0.324666674070979	0.451372511825182	1	0.443558441558442	1
PF08759.14	-1.46567131327866	-1.35274072434053	-1.58175522810134	-0.142167116731998	4.22373819504826	-0.0273499900770348	0.4840000005932	0.750972785810659	1	0.769649350649351	1
PF14264.9	-1.49486755720176	-0.927182232780827	-2.07722895927459	-1.1726963198394	3.90730430285998	-0.238053816632479	0.374417060254251	0.531925598660393	1	0.531995670995671	0.999735930735931
PF09359.13	-1.31202942597611	-0.182414631691002	-2.05832908184548	-2.19492794263976	4.53937926403021	-0.407992825780798	0.306462366847782	0.40295300597151	1	0.403701298701299	1
PF16316.8	-1.00579530314339	-0.3170441497232	-1.49035538602812	-0.935993437871971	3.93317560817064	-0.211483293000128	0.390406399994367	0.577608028973344	1	0.566787878787879	1
PF04794.15	-0.664175653293412	-0.374503180056734	-0.932935168784174	-0.33998967281009	3.91317650274065	-0.0699181096939018	0.457028649169526	0.713663219364525	1	0.725835497835498	1
PF19554.2	-0.900101611205796	-0.721036472555019	-1.03269822204911	-0.233087010063159	3.92745473721912	-0.0583556576348489	0.47035309903515	0.727701401974085	1	0.745012987012987	1
PF13526.9	0.244273981376751	1.00390110151965	-0.537091316028563	-1.81956527382518	4.04516355729574	-0.396262856475015	0.304666675204241	0.394675698921654	1	0.390844155844156	1
PF07745.16	-1.44970450681594	-1.68519394689553	-1.18583211082121	0.811606388604613	4.43405061072804	0.139759073542833	0.421333336320866	0.670722717128099	1	0.61430303030303	0.99681247588125
PF11738.11	-0.356787414032445	-0.567652722225625	-0.218236199652341	0.376687286677055	4.24045869367113	0.0716818531742499	0.453031314211091	0.708483036415599	1	0.699108225108225	1
PF06161.14	0.769736258087934	0.699292321707329	0.828394901874325	0.148113830083898	2.64567991029606	0.0436919694318539	0.474666667607353	0.715970097285923	1	0.737458874458874	1
PF20462.1	-0.284676247024691	-0.556648753249085	0.00925826164090715	0.512424729832564	3.84563455935151	0.0992738060137676	0.433710861922799	0.686560871982982	1	0.638593073593074	0.998776963985734
PF03588.17	-1.87555562420779	-1.65671879694567	-2.08768696863204	-0.319379254375273	4.2198216154045	-0.0742310322053947	0.461692206621819	0.699019335859465	1	0.723688311688312	0.998
PF18050.4	-1.84954848804971	-2.20444911960173	-1.49429664563665	0.659922994422891	4.14793569200655	0.132766999744206	0.424666669521598	0.632124221237434	0.998725382560469	0.603181818181818	0.992879092012441
PF13474.9	-1.8553886676435	-2.27087083705335	-1.52655760057011	0.57344001835904	4.19178800978284	0.117087998649545	0.429333336003963	0.647078541728063	0.999852651462293	0.606545454545455	0.992739327374425
PF07592.14	2.00481857468382	2.98608702262443	1.54714799058106	-0.950378836616579	2.83452781392599	-0.262401713564012	0.357333339085605	0.679504793711066	1	0.464177489177489	1
PF14358.9	-1.60611591598631	-1.74912191684263	-1.48927141984822	0.20845843035351	4.18988870551396	0.0440078228749514	0.478347768956934	0.723357092857804	1	0.699017316017316	0.997791424093148
PF12669.10	-1.89886188135801	-2.22747924285796	-1.56813865171148	0.613802099618427	4.13112223566821	0.124954642744675	0.431333335925431	0.630655477270064	1	0.59782683982684	0.993411429397662
PF04434.20	0.373525143043651	-0.0218128489751717	0.73326759973529	0.780084459691463	3.05363487562712	0.212849557642882	0.385742842566878	0.557718745317738	1	0.519878787878788	0.998410475773272
PF13566.9	-1.38051747560277	-0.730844125042601	-2.02930089007001	-1.24847071239861	3.83704993449323	-0.279100109628526	0.34533333966786	0.493846532713743	1	0.505904761904762	0.999952922077922
PF06452.14	1.5470137856208	1.49707216922526	1.57091114180778	0.265185262616303	3.57098329872781	0.0644324646671025	0.457028649169526	0.626259767422278	1	0.732545454545455	0.999973479152427
PF18988.3	-1.55243274465328	-1.59099187634999	-1.49555859128538	0.262528620336409	4.01990517558565	0.05111115429159	0.468000001190059	0.723673313995843	1	0.699506493506494	0.997536996929585
PF15979.8	0.120462634330977	-1.25311377907136	0.970978932479147	2.02903165764911	3.61711612912902	0.500440173193314	0.254497013963923	0.279571140254925	1	0.212186147186147	0.981993190795815
PF17829.4	0.0662666634032805	-1.24429248535668	0.983603842669216	1.99194258427615	3.61896815243453	0.463761762644084	0.266666677714643	0.270711633423015	1	0.210376623376623	0.985395373108355
PF13366.9	0.325774040724709	0.041257719784455	0.582701075757559	0.535672224212785	2.80559993361132	0.153829256559898	0.40866667016615	0.578127013394309	1	0.55612987012987	0.998670724652864
PF08849.14	-0.634708999650646	-1.28898144866477	0.00429281284586125	1.18985130381597	3.3404059644366	0.309933314310994	0.338666673336384	0.462918800933801	1	0.398255411255411	0.985630605491164
PF13592.9	-0.983587782123319	-0.429054116466864	-1.44463668186642	-0.921916370622231	4.04772643899766	-0.201262147380261	0.379333338078856	0.571605714458535	1	0.569874458874459	0.999763929618768
PF20442.1	0.31487559316401	0.49916171924385	0.0620124798738679	-0.411092974251786	3.18074300068595	-0.0967281608252263	0.442371754325456	0.66911099594585	1	0.710865800865801	0.999487940630798
PF13337.9	0.897385726519095	1.42900466167064	0.115749513293341	-1.15297539738934	2.95291386225979	-0.329030205496964	0.317333341140817	0.358027357789022	1	0.36978354978355	1
PF13182.9	-1.29406779353387	-1.11541907238392	-1.44717304908551	-0.366228831398797	4.01265862748747	-0.0736392776770331	0.451698869225096	0.689610437805983	1	0.703545454545455	0.999994473611495
PF05017.17	-1.66369154716875	-1.78261503019237	-1.48968250891022	0.0677194113661601	5.56453363225132	0.011273194674051	0.497001998778448	0.766898356601107	1	0.750454545454545	1
PF20251.1	-0.845383970927286	-0.659828857895899	-1.05033260236025	-0.333782868445656	3.59798286732854	-0.0730341395202487	0.460359761635369	0.690365210942374	1	0.714575757575758	1
PF10923.11	-0.124776959973179	-1.03147325526397	0.479295653881297	1.48522221315481	3.1519544347169	0.389948298188589	0.307128589326967	0.363471562413197	1	0.327601731601732	0.993364529998894
PF05686.15	-1.89515435958654	-2.23017698813713	-1.58658584926456	0.550799394801635	4.35254275148437	0.108802412493849	0.449033979253343	0.678468196391468	1	0.638497835497836	0.992697443599089
PF19092.3	-1.55070411094695	-1.62690507802073	-1.46858569868006	0.0267561868566197	4.17312215815883	0.00522808457819797	0.497001998778448	0.724947241788764	0.999809087975545	0.695220779220779	0.993790827537553
PF09860.12	-1.54852602678986	-1.59636265344781	-1.50780875997647	0.259524507319772	4.17084296982483	0.0457115990322224	0.469020654048339	0.730455495093642	1	0.693450216450217	0.999365034965035
PF02445.19	-0.176082879375199	-0.512254181461591	0.316170156749474	0.699490999200315	3.91032941615331	0.146794436698948	0.415722854640748	0.662974747922481	1	0.584658008658009	0.99918680035961
PF02829.17	-0.904000478497216	-1.49678706538651	-0.426217824963534	1.00114670240869	3.99063648934729	0.22312827845301	0.370000005163893	0.540223882372295	1	0.493064935064935	0.995004247389601
PF09234.13	-0.954009110509083	-1.66572570083551	-0.190019334768551	1.46765129022385	3.94443424912544	0.309888861764043	0.336000006806324	0.475543077800406	1	0.415060606060606	0.995746352691752
PF09515.13	-1.48936721830557	-1.40043351281825	-1.53763359844419	-0.196522142344832	4.46511937328593	-0.0385774032992553	0.474350433995858	0.721323182272015	1	0.750926406926407	0.999885579937304
PF03706.16	-0.617355538879496	0.112981804092451	-1.31472009375522	-1.78433987101356	4.36598671306591	-0.354501187290911	0.336666673438699	0.431244589105421	1	0.444199134199134	1
PF16927.8	1.33392484393161	1.38750108377802	1.26620420995887	-0.152806827275739	2.03942583671327	-0.0669972943558946	0.46369087410161	0.664568780630448	1	0.751190476190476	1
PF16472.8	-0.475221898541619	-0.227157018016061	-0.637610230705111	-0.393056133659329	3.94195485180862	-0.0807491666477919	0.449033979253343	0.735865171100853	1	0.719017316017316	1
PF08367.14	2.05780582102601	2.03453380397581	2.07972314645781	0.120229830585878	1.7132817376455	0.0691292743297096	0.467021986568215	0.711490201485801	1	0.699134199134199	1
PF18907.3	-0.254407149265026	0.141744258748322	-0.586010614330713	-0.665013383467197	3.26132753865849	-0.171738728301617	0.401065959837764	0.633050473020175	1	0.621935064935065	1
PF09986.12	0.878444103375721	1.1963819383221	0.565442092204191	-1.18074962752782	3.91708166701787	-0.265410530230466	0.36933333852758	0.482487362141391	1	0.524160173160173	1
PF12725.10	-0.179550288275756	-0.524842849954785	0.0876051925968966	0.574249720249561	2.83829045269219	0.164479950766801	0.407728184745777	0.566039192714376	1	0.544281385281385	0.996182850303592
PF19275.2	-0.986923625408614	-1.51065980028458	-0.523656130309218	0.852409533438841	4.06025097375379	0.171159867123397	0.405729517272928	0.592937198177433	1	0.556428571428571	0.9981014774592
PF10021.12	-1.83962943209847	-2.22414936448462	-1.49163734930229	0.596426942072547	4.07082591473482	0.1229815587806	0.430379749461449	0.647222479393743	1	0.612497835497836	0.996335249419983
PF14478.9	-1.44833890744735	-1.00935382488242	-2.04897375600285	-0.843176566390574	3.93053259752175	-0.171380085209085	0.401732182328371	0.566901356922963	1	0.596575757575758	0.999822727272727
PF02677.17	-1.09387367802094	-0.298918759805151	-2.09319873897152	-1.73037007898796	3.54485352202471	-0.42835266346228	0.299333342192336	0.359033820355339	0.999858217470304	0.362242424242424	0.999838044308633
PF13023.9	-0.66722500799159	-0.341082882083215	-1.08175049696153	-0.59648806314051	3.68603872103349	-0.137965662625891	0.417721522115336	0.63578852497709	1	0.656268398268398	1
PF08719.14	-1.60870349360152	-1.61504778417919	-1.59288791307651	0.130692087220095	4.10178862455365	0.0242316332686953	0.48434377139911	0.747305626556519	1	0.716212121212121	0.998465523761952
PF10047.12	-1.14234690857878	-1.24911918475904	-1.03646999537288	0.18411650152081	3.76228732851965	0.0454310901779491	0.47368421150238	0.733428907767546	1	0.718025974025974	0.998569104106835
PF14020.9	-1.80859457522637	-1.60246341909381	-2.01056947365064	-0.416170798221884	4.24960174750172	-0.0907152657647613	0.453697536704118	0.671534844957874	1	0.686268398268398	1
PF20195.1	-1.45182662221979	-0.686639699292617	-2.23500633450588	-1.32442423040203	4.19696719080238	-0.286590142095467	0.352000006007865	0.501436575349787	0.999775755575801	0.505623376623377	0.999952922077922
PF19601.2	0.0525989231620985	0.481615126706807	-0.483704086987926	-0.726266196004014	3.37171399456331	-0.185578855032289	0.399333337219243	0.578561796766749	1	0.612978354978355	1
PF03799.18	-0.497971495728576	0.0794695227255842	-1.04291281034982	-0.895448723148964	3.72084422424789	-0.202648725055172	0.372418392789095	0.566240493158111	1	0.54812987012987	0.999952922077922
PF20335.1	-1.92151774390136	-2.22183003406603	-1.51950014934176	0.754756369233735	4.34809801065131	0.155125354260109	0.417055299623771	0.654154928211352	0.99949046476843	0.609251082251082	0.995230999837952
PF17117.8	-1.79998079009299	-2.2261209361605	-1.39645515353839	0.875142095351002	4.31415001951708	0.178606004273226	0.40133333713572	0.61234155559689	1	0.569238095238095	0.995878344885527
PF13739.9	-0.396742436492097	-0.27530235820523	-0.565353170911067	-0.367107317101012	3.28547502843293	-0.0950956617622423	0.443037976818143	0.650168549029278	1	0.727978354978355	1
PF16661.8	-1.51917139198521	-2.25464726403073	-0.704811242654236	1.2484623148305	4.09282629772514	0.270811712373956	0.36175883298481	0.506844640424053	1	0.456441558441558	0.983410392221781
PF19306.2	-1.89358118212682	-1.6935432282979	-2.09143426523437	-0.335625750995431	4.16319093096144	-0.0719860457483668	0.465333334623486	0.705700647492876	1	0.728545454545454	0.999976859504132
PF08494.14	-1.93672246104355	-1.71509119158145	-2.16242222309564	-0.338909343782047	4.30819791308086	-0.0680802803295263	0.461025984128586	0.688081036443442	1	0.711251082251082	0.999915123586091
PF01693.19	-1.11815237268176	-0.732641160760926	-1.51272601386691	-0.743724944473133	4.09876988174078	-0.145253210617188	0.42066666968082	0.664448473578281	1	0.668506493506493	1
PF12997.10	0.393614067654209	0.277707335556458	0.514069906288939	0.149493079090797	3.30890189963761	0.0412288506029805	0.479333334100075	0.778890724469947	1	0.749649350649351	1
PF03334.17	-1.88132853848486	-1.62739439647864	-2.06804297030971	-0.323400880244103	4.1323479231033	-0.0688246320442273	0.464000001340281	0.674814724858905	1	0.693138528138528	0.999804371225627
PF19753.2	4.75909436653737	4.54152400229464	4.78562200407961	0.361289558538652	2.08488201202355	0.144822446746372	0.449333335229345	0.581116584428071	1	0.745766233766234	1
PF10704.12	-1.95434199863511	-1.72058247465603	-2.18822105142931	-0.415931652492508	4.16418464563779	-0.0848504810215833	0.460000001491024	0.702153349979666	1	0.717917748917749	0.999735930735931
PF09365.13	-0.103240586748364	0.170287153034816	-0.4742236033308	-0.31439296901204	4.02632354971702	-0.0663727554726029	0.456362426676409	0.716936519573146	1	0.760714285714286	1
PF18560.4	-0.946103945137137	-0.809403509169002	-1.09380802380433	-0.264557348788927	3.45323182995673	-0.0646464788705894	0.462358429115068	0.673767026987429	1	0.719350649350649	0.999838044308633
PF18555.4	-1.27485762698593	-0.589085720573583	-1.92114482474807	-1.36053409412401	3.97286495656267	-0.281542811978229	0.345769493313153	0.485947851426968	1	0.488619047619048	1
PF07090.14	-1.56751171024969	-1.60846076070534	-1.53513075943287	0.0660231518365437	4.17742455262386	0.0111075805111904	0.492000000296372	0.736982895215164	1	0.693025974025974	0.997987803939666
PF11208.11	1.79481049258516	1.908742287824	1.67762820828614	-0.223076532058317	2.21671737143107	-0.079866978972726	0.449333335229345	0.653852344372129	1	0.726974025974026	1
PF11436.11	-1.92493137823437	-1.73476086203151	-2.11086073006166	-0.239543854642467	4.11282329673116	-0.0480957123744607	0.471685544022008	0.707507876745132	1	0.733380952380952	1
PF10026.12	-1.37421422323906	-1.71238164535552	-1.02529555358064	0.56180677485331	4.08716869375762	0.129782691277655	0.42704863700083	0.643438209019171	1	0.594891774891775	0.998709885286385
PF13567.9	-0.536003662854801	0.135740316466842	-1.51748279315967	-1.77354951613546	3.08150745683256	-0.503731684655643	0.256495681360653	0.214853968205441	1	0.270467532467532	0.999811688311688
PF19623.2	-0.646761897579377	-1.70172236003802	0.274809140119486	1.72768117557211	3.81687567199431	0.392275594855323	0.289333342819867	0.384282261989486	1	0.305679653679654	0.985868232106881
PF18475.4	-1.6291155823952	-2.17950249597547	-1.09242352134189	0.86843832822936	3.99259581157741	0.205534294740986	0.398666670580509	0.573580020322317	1	0.530545454545455	0.985182786594542
PF14094.9	-0.673494067006883	-1.1791485828729	-0.24649142874509	0.628005607171162	4.39832283464596	0.125112244996369	0.437333335691362	0.678083709448735	1	0.653896103896104	1
PF03885.16	-0.0174326606785922	-0.340058572678599	0.204468990562106	0.460661850919788	3.28362779437094	0.112044432989266	0.430666669284912	0.648550279964878	1	0.627095238095238	0.999486757706903
PF06968.16	1.02543738258608	0.950114042564875	1.13029918311114	-0.0502528021427437	2.90127717836715	-0.0127984227527485	0.492000000296372	0.724211896085149	1	0.795281385281385	1
PF09553.13	-1.1550349325558	-0.743506199326577	-1.52746436261793	-0.529502897872457	3.9027614196173	-0.121755123813674	0.438374419369845	0.642765624486693	1	0.663891774891775	1
PF01969.20	-0.292562621201815	-0.434392006914079	-0.126579469290321	0.246343480233457	3.1895914345362	0.0664434422999056	0.461025984128586	0.697425094692111	1	0.662012987012987	0.998062727015488
PF19845.2	-1.0017418112534	-1.04661356478206	-0.954998573691017	0.10805384537106	4.11641741678356	0.0227713427727802	0.488000000444701	0.742146822029207	1	0.714541125541126	0.999482610268988
PF19694.2	0.278288340964107	0.734226601363843	-0.502187345989921	-1.25341678707363	2.87470707682204	-0.386453815680243	0.308000008341047	0.301052187011974	1	0.382718614718615	1
PF20037.2	-1.23756980013391	-1.40341970496901	-1.06265561325973	0.297343098437083	3.97393936247853	0.0629024663062548	0.462666668057134	0.711968926724054	1	0.685969696969697	0.997979546576725
PF04074.15	1.15824835047172	0.878202474128365	1.43854170624415	0.571846003436463	2.286449773376	0.196976856456214	0.38333333790312	0.503582107572923	1	0.520606060606061	0.999535816814764
PF19610.2	1.11770502496978	0.792350729405384	1.3782230885845	0.745178035497248	3.09851563086073	0.180746024285805	0.376000004893566	0.485296827653167	1	0.473411255411255	0.999629673356946
PF09704.13	-0.283320744529612	-0.669592218697834	0.0140982078679226	0.675213115895837	3.57247662277788	0.156283219510251	0.407061962254786	0.595863191437874	1	0.589264069264069	0.998748137719483
PF05107.15	0.470135301690303	0.96679912044754	0.023021153280478	-0.753883091741979	3.12674197307142	-0.190840998747344	0.382666671265601	0.633820026028775	1	0.557506493506494	1
PF03714.17	-0.482870268853743	-1.47032569439203	0.590056796211744	1.52948302433358	4.72556959780354	0.300591120243981	0.362000005532558	0.501455734538937	1	0.447536796536797	0.999621510673235
PF10040.12	-1.38832781909037	-1.70782876198676	-1.10451017204333	0.543485731033299	4.19019979752159	0.108451588934808	0.441039309340154	0.657387300262081	1	0.63430303030303	0.997584706035862
PF12945.10	0.168699253244255	0.413292748845802	-0.0844236101272831	-0.451720501200109	3.28979739473904	-0.107789388508949	0.436666669050594	0.637930111942266	1	0.681480519480519	1
PF13750.9	-1.95383363546661	-1.74914102210703	-2.12006575154953	-0.449752081204009	4.41592686913676	-0.096290716893151	0.456000001642348	0.691075270893103	1	0.717030303030303	0.998459934489986
PF13203.9	-0.716131381054676	0.0186722482000983	-1.55865289510438	-1.3410987066771	3.67599096589039	-0.302800534591546	0.327781486241393	0.467251270462536	1	0.434809523809524	1
PF09967.12	-0.461006941643482	0.166984144780924	-1.06847561328478	-1.09963914503319	3.56948630490202	-0.249571170573471	0.354666672546119	0.543095885720555	1	0.510168831168831	1
PF09527.13	-0.212931901477148	-1.37364851500575	0.587801590278329	1.95961072040079	3.2122184349688	0.50483338189058	0.230000014116313	0.238149345461541	0.999050189758049	0.183463203463203	0.962738304021956
PF00261.23	-0.903518837526715	-1.7839532329914	0.0523289602383068	1.82258359250771	3.95243916051376	0.390057284317391	0.306666675085933	0.423640890530136	1	0.338203463203463	0.98113148872161
PF09966.12	-0.997112880876361	-1.15662226634229	-0.784508786239749	0.292185390113922	3.72993229016775	0.0707535155970607	0.461025984128586	0.709227337583439	1	0.673636363636364	1
PF07486.15	2.08154965896919	1.68878097297602	2.23297498740295	0.133973299824462	3.22874888301017	0.0382465350594015	0.478347768956934	0.684641838088806	1	0.75939393939394	1
PF19909.2	-1.11297406573995	-1.53227910062535	-0.573932478915095	1.05919738372912	4.71252351974512	0.190322026909677	0.405333336969865	0.590884899051587	1	0.538004329004329	0.999279991252065
PF17753.4	-0.830306469794285	-0.589980127792874	-1.02995093912575	-0.431412078299992	3.40267493995683	-0.116399140077391	0.435043306907536	0.6590930920364	1	0.688532467532468	1
PF04446.15	-1.71187473039018	-2.33301948755641	-1.09730636628045	1.01068618543541	3.99729806690351	0.222426552157103	0.382000004628139	0.562424804801179	1	0.505861471861472	0.988418330034136
PF14413.9	-1.61797044961216	-2.25484637213974	-1.01947231118987	1.07688789744881	4.03577053690942	0.243647573885033	0.380666671353383	0.544648624793737	0.999929765499225	0.493367965367965	0.987999825365269
PF01051.24	-0.174701791222128	-0.0968817842087484	-0.264963414307188	0.199077363985695	4.39586215742368	0.0373798667219996	0.481678881424736	0.766778907760175	1	0.775099567099567	0.999965855336716
PF11007.11	0.412678632313718	-0.395918167626433	1.1578089892733	1.45171137234886	2.9590429445692	0.393529046924447	0.266000011097222	0.350657592653767	1	0.245069264069264	0.987639417375512
PF13240.9	1.93486563291631	1.7798987778424	2.1216954895616	0.250907548679709	1.56904283686879	0.113118018983481	0.435709529399944	0.768270585911139	1	0.629727272727273	0.999822727272727
PF12746.10	-1.33873745459716	-1.68793382870603	-0.847509586434942	0.821586163340715	4.18292086138355	0.162618972306016	0.409726852218993	0.629837107283549	1	0.578432900432901	0.996928617096925
PF20582.1	0.836819539531795	0.809226635390849	0.855785113745714	0.139537714149355	2.43397893236524	0.0456547326525901	0.472000001040299	0.690922631895057	1	0.712121212121212	0.999988429752066
PF05209.16	-0.321204218463603	-0.751457698550112	0.240389117809417	0.845046867162523	3.48068879221687	0.193700116586896	0.379746840164002	0.607494557367676	1	0.514705627705628	0.997342175392812
PF03775.19	0.653653081169579	0.413203115898215	0.804929737415566	0.362632032552932	2.7834037652182	0.104881024773065	0.439040641862385	0.632024649031555	1	0.620402597402597	0.999220405610309
PF11443.11	-1.5589565786064	-1.70088027964681	-1.3714686531367	0.124108546076697	4.2032710364979	0.0312985583187008	0.48733333380277	0.727890886898281	1	0.696861471861472	0.999795238898393
PF12840.10	-0.680507381330375	-1.04014615356928	-0.351638150363804	0.62381830700166	3.9109830193223	0.131815154515085	0.425333336161842	0.642314920701699	1	0.611939393939394	0.999758403230263
PF03848.17	-1.83023809151869	-2.21412902404167	-1.46843588248715	0.709268808078137	4.23323653785762	0.14186790536059	0.425716192016797	0.643415926806837	1	0.601493506493507	0.995249871530288
PF13026.9	-0.0720805361024803	-0.0672864055644915	-0.0878038300395847	0.035889772074948	3.26198502137167	0.00774289420761553	0.49466666686422	0.732789899574786	1	0.779307359307359	0.999341099898236
PF18977.3	-1.89303660807566	-2.22624218034163	-1.56107327103546	0.667686040783567	4.36268623717697	0.132848741772054	0.430666669284912	0.648449114424037	1	0.613458874458874	0.996647969556342
PF20047.2	-0.945834104959015	-1.73354473389706	-0.207568538784405	1.39957999291592	3.81818411490365	0.32268469284039	0.330446376173551	0.463550842547239	1	0.391536796536797	0.989875314337743
PF16146.8	-1.81044731230255	-2.16766992481463	-1.49926346629294	0.543432497949142	4.06072942772338	0.114741457556671	0.433710861922799	0.658567738485515	1	0.613151515151515	0.99309937919762
PF13690.9	-0.0783680692719564	1.43978037123556	-1.47010849519552	-2.41338380408089	4.20259716141474	-0.504008423716102	0.260000011550008	0.288993592921685	1	0.244761904761905	1
PF00475.21	0.291832799197356	0.370442009075727	0.156702470715006	-0.242479034493064	2.8987898353183	-0.0664390223019383	0.460000001491024	0.601432206162322	1	0.718904761904762	0.999952922077922
PF02410.18	-0.516405054595316	-0.856666044266365	-0.203457047678653	0.507206694901212	3.77321583533151	0.107830964820203	0.431333335925431	0.663445129604252	1	0.626064935064935	0.99797275346102
PF20317.1	-1.60141860768876	-2.15766671959113	-1.04244852729062	1.01380322483377	4.24578303286825	0.205590209571774	0.392666670834013	0.56704663280022	1	0.516030303030303	0.992248563088342
PF09391.13	-1.86425046833861	-2.14754287724172	-1.5851126653994	0.620796089954668	4.22604497274253	0.127110691409358	0.436000002409853	0.666998288209935	1	0.631896103896104	0.992457980798475
PF08889.14	-1.58134601433534	-1.18980159294912	-1.97105534356203	-0.774531833933169	3.99235396195467	-0.161078414694356	0.407728184745777	0.628681949634426	1	0.616073593073593	0.999952922077922
PF13685.9	-1.32418018807813	-1.20689870529276	-1.40692759088325	-0.229077966870215	4.09854142625572	-0.0454443518352723	0.477333334174568	0.726766835088869	1	0.757246753246753	1
PF19677.2	-1.61087502200475	-1.2087714060368	-2.02424164927326	-0.702681596406831	4.07261952667821	-0.144123345879201	0.427714859492894	0.623426407642317	1	0.642341991341991	0.999913066525311
PF08020.14	-1.91911551394702	-2.2357571119661	-1.58536579588331	0.564296859692349	4.19260659250216	0.125050405305811	0.433710861922799	0.650280755243673	1	0.612987012987013	0.994152624428547
PF13578.9	-1.82481778898865	-2.22917734743378	-1.39094979147923	0.910497059946334	4.49410351169636	0.186720754118276	0.40933333680553	0.586674917703059	1	0.557805194805195	0.995455309218446
PF18982.3	-1.66874389201547	-1.24684438965748	-2.14705581003238	-0.826150002113814	4.03931261669397	-0.182546363179387	0.401732182328371	0.579000683478109	1	0.605757575757576	0.999199885927957
PF13835.9	-1.4171944886886	-0.798622153211149	-2.10148101052288	-1.18926996767911	3.8050082903032	-0.26247692057453	0.361092610497623	0.506873833997043	1	0.519134199134199	0.999913066525311
PF07429.14	-1.85607591620044	-2.14845719263939	-1.54235482837936	0.475268945377106	4.44453630608643	0.0885936239288364	0.448666668588154	0.655585799727532	1	0.629454545454545	0.997171290519057
PF17836.4	-0.753769031708867	-1.20289945312823	-0.108172410261217	1.01875476295716	3.71866352297496	0.229108530706748	0.37641572771996	0.587935553507131	1	0.476502164502165	0.997506458406446
PF11922.11	-0.291959844044505	-0.932430183257707	0.348380347598539	1.20475311614545	3.30654829553983	0.295057208434244	0.330446376173551	0.458211462758944	1	0.381246753246753	0.989770742736348
PF15609.9	-1.36888616863172	-0.749588798101907	-2.05785743440658	-1.22566988051315	3.82837265095157	-0.276439680586927	0.357095275576019	0.466064702558426	1	0.491852813852814	0.999952922077922
PF12500.11	-1.33523087032123	-0.824100122519077	-2.03556027206773	-1.18771464795939	3.78088785493654	-0.248581296057405	0.364423722934262	0.498738599922353	0.999132071580226	0.521891774891775	1
PF14018.9	-0.162978680831291	-1.6558057556961	1.34245101002855	2.61441357901975	4.15575707284501	0.554829252503447	0.232666680531382	0.263946190664343	0.998303318038806	0.153004329004329	0.977401391771398
PF15617.9	-1.82431725233353	-1.62558370594167	-1.99558853213128	-0.336886908668996	4.03133017266442	-0.0738087708161167	0.460666668132528	0.687094514606865	1	0.711818181818182	0.999467293233083
PF02675.18	-1.78279130336481	-1.51478039246954	-2.01868939123962	-0.555944118830583	4.29099343541032	-0.111501759314518	0.443037976818143	0.661736119876856	0.998939581965435	0.678484848484848	0.999988429752066
PF17284.5	-1.60270640434275	-1.66750869759238	-1.53292058541884	0.171610860590256	4.06999201688729	0.0343041563960517	0.4840000005932	0.731013662506575	1	0.699580086580087	0.998564200495335
PF00491.24	-1.19507584398966	-0.803394727652915	-1.62321956233337	-0.660036669824377	3.66835599642263	-0.137420374190095	0.418387744606937	0.602249181449731	1	0.630831168831169	0.999456080283353
PF18425.4	-1.19392974927529	-1.06736625053346	-1.331793336612	-0.262554527228169	4.02102759165834	-0.0447142888724605	0.470666667756838	0.738018788838901	1	0.76304329004329	0.999601973927401
PF20312.1	-0.624606134254811	-2.16685511538197	0.58553022536544	2.56595639150358	3.44965087740313	0.649761741993665	0.204000016878137	0.188208497610206	0.997865659689296	0.133121212121212	0.934678274068414
PF02654.18	-1.38543145809082	-0.743348422541532	-1.9586334385732	-1.32120681899524	4.21297357670803	-0.292959804129966	0.360000005626285	0.497712765871194	1	0.509419913419913	0.999952922077922
PF13687.9	-0.461443147752697	-0.392655371018523	-0.524567411295226	-0.0397363295907658	3.42011514464031	-0.0100012095715762	0.494337108803755	0.746243247564583	1	0.772844155844156	0.997952922077922
PF10096.12	-1.00637185893939	0.138313168186449	-1.93595460888006	-1.8669938932855	3.82075179402172	-0.441140582819827	0.285809470062779	0.359790211616327	1	0.329761904761905	1
PF02655.17	-0.455209188923242	0.648962890376541	-1.52272102599748	-1.91211222695546	3.54988372818184	-0.490581450083409	0.244666679459601	0.306383705516642	0.99845708089989	0.263969696969697	0.999562337662338
PF03102.17	1.07829268957627	0.347093286147532	1.76149399389022	1.44619088263969	3.31802916886855	0.357124811900989	0.284477025113961	0.355374173456702	1	0.25174025974026	0.998103947993293
PF07922.14	-1.80864946258997	-1.43138030604447	-2.1547408935456	-0.59837266467909	4.32103471578851	-0.111424145546369	0.438666668972974	0.640116527883638	1	0.655116883116883	0.999952922077922
PF14897.9	-0.960594715455088	-0.873241727281615	-1.05552490129532	-0.147061143310659	3.78795600739455	-0.034308762039522	0.478347768956934	0.735337732217042	1	0.750523809523809	1
PF10135.12	0.237255705821097	0.759350459249922	-0.0338879936776424	-0.962040582269576	3.54367335560967	-0.209555931327672	0.390666670919393	0.650653256751782	1	0.598445887445887	1
PF02981.18	-1.87651159458069	-1.5816962175136	-2.10365021329191	-0.457655823778309	4.24361411175893	-0.0964126915416669	0.445702866789121	0.664557798639899	1	0.69121645021645	0.999952922077922
PF02980.19	-1.85838942188128	-1.68291284095621	-2.03177819531101	-0.269057005690003	4.32588799199854	-0.0471002080712984	0.471685544022008	0.704991038858874	1	0.729813852813853	0.999319042258052
PF16902.8	-1.87871060493166	-1.60341349194345	-2.15571743667236	-0.451432916780184	4.32064521127458	-0.0913060487919422	0.446666668664708	0.675972971157422	1	0.692606060606061	0.998120381280689
PF09254.14	-1.23510373342914	-0.495215249395319	-2.12123965257275	-1.55149353586551	3.74970466907358	-0.34026862705303	0.325116596310885	0.437500709689898	1	0.427207792207792	1
PF00080.23	-1.90788842024405	-2.21860011218396	-1.54990013095626	0.593161649746075	4.31546213047345	0.117063096979348	0.437708196877331	0.644312963191208	1	0.611281385281385	0.995514266931752
PF17996.4	-1.38985656680245	-1.77745562906147	-0.989088680450874	0.768538561977263	4.11275130880361	0.156397001169846	0.411059297201336	0.638112942813843	1	0.593541125541126	0.994262728254404
PF04994.16	-0.286433472110147	-0.4611006350457	-0.0653096148860826	0.489234543013669	3.9292375173622	0.11126779856781	0.445702866789121	0.701887597726956	1	0.65630303030303	0.999562337662338
PF17827.4	-0.782098054410275	-1.64841553670697	-0.0351850769586628	1.49432715676189	3.65312033878956	0.365761596875596	0.320666674289219	0.402330799076288	1	0.342160173160173	0.988797506944709
PF11258.11	1.34292018836395	1.94699969456745	1.10833553922716	-0.795579471673397	2.91770798604693	-0.210576946893812	0.396402402404781	0.766557754203012	0.99987038436222	0.635090909090909	1
PF17479.5	1.3302592125009	1.93579533772435	1.06032647113111	-0.813899851179539	3.17555054392567	-0.212700208519856	0.402000003774635	0.759633940064087	1	0.639471861471862	1
PF06081.14	-1.29149642703532	-1.53569379974597	-1.10193340515936	0.26486680000714	4.19955222964905	0.045550594990733	0.474000000965574	0.715687069213667	1	0.68430303030303	0.999735930735931
PF11728.11	-1.55144059446829	-1.63537780830344	-1.46764066543283	0.101207246312837	4.06111039223219	0.0251437535187749	0.489007328854492	0.734029348018115	1	0.713792207792208	0.999201798201798
PF13289.9	-0.573283213564522	0.265074720598429	-1.46747426663779	-1.93310756104922	4.74615094626582	-0.365503373122634	0.340439713433031	0.426148692748645	1	0.428437229437229	1
PF12762.10	-1.26710688490566	-1.04697236352034	-1.48284405285994	-0.373816215184631	4.04943394693526	-0.0795026714451983	0.457694871662661	0.683123125724639	1	0.710961038961039	1
PF18984.3	2.43681380961165	2.61334343978056	2.2521812646851	-0.332373808845179	1.99725093882912	-0.112569886814235	0.410393074710145	0.666001469659006	1	0.639792207792208	1
PF18983.3	2.3425887505355	2.57261073321538	2.11234786587572	-0.4608646036092	1.87992523898086	-0.15660128464416	0.385333337816007	0.627122501481015	1	0.555341991341991	1
PF07456.14	-1.36719724355277	-1.19293206187243	-1.61886345408364	-0.234291096395485	3.9078017502465	-0.0501893983827172	0.469020654048339	0.703287579492231	1	0.724493506493507	0.999124177403624
PF07009.14	-1.22759098166984	-0.959237500943388	-1.43550325755282	-0.472312598987002	3.99601466716897	-0.0956300686752038	0.448000001946984	0.689280255434688	1	0.69925974025974	0.999988429752066
PF08876.14	-0.665797252819523	-0.877686850147448	-0.421777550409091	0.24476418306718	3.87268623177365	0.051738130691839	0.472000001040299	0.710669701733787	1	0.69161038961039	0.999644565960355
PF02016.18	-1.18245004287636	-0.441547490507764	-2.04243193279066	-1.52747994092164	3.84508980391894	-0.351255004729691	0.318666674399836	0.434118659085434	1	0.427831168831169	1
PF17676.4	-1.20914830385069	-0.430738673518002	-2.06102921808923	-1.54556358939182	3.88154699384861	-0.338617995378823	0.320000007659312	0.429408198067084	0.999590304619929	0.436246753246753	1
PF14199.9	1.48213847126285	1.90301861593003	1.10447301225765	-0.808508934100614	2.1000251997876	-0.307821794879158	0.339773490948412	0.540992334473274	1	0.455753246753247	1
PF17225.6	-1.89429480291235	-1.64008357661893	-2.07302622666487	-0.386235608077793	4.18723202372322	-0.0678986250854533	0.460000001491024	0.678809460542725	1	0.713991341991342	0.999420306965761
PF06283.14	-1.85549650701416	-2.23723974242369	-1.51308532951953	0.692511266320275	4.11250450940342	0.146913456624272	0.42066666968082	0.641668521137937	1	0.594264069264069	0.988691570782436
PF14257.9	0.0543226181944787	-0.065517258109085	0.160999361686534	0.0921819861028084	3.29779416215507	0.0231294270593371	0.486342438879956	0.74941357408327	1	0.742004329004329	0.999373229043684
PF09148.13	-0.44654342808781	-0.275822946734563	-0.677608744036499	-0.657407091425974	3.61566211946603	-0.137054335367711	0.431045971953661	0.612990415389135	1	0.683770562770563	1
PF07826.14	0.659116629034569	0.156019288687924	1.12479491943742	1.0260248662246	2.78336149013601	0.297688188072012	0.314000007995311	0.43449894970721	1	0.354064935064935	0.994541347186727
PF20260.1	-0.394573601622135	-0.751744596566831	0.0179824462968359	0.660971956520295	3.69908940512367	0.149258030548751	0.407728184745777	0.634050666996725	1	0.571415584415584	0.996708015820243
PF08487.13	-1.88536733993262	-2.21671809686142	-1.52928787726849	0.582421043499123	4.11591311715551	0.115586125654619	0.431712194445903	0.640956763933033	1	0.611199134199134	0.991544165738619
PF02156.18	-0.325702160027652	-0.473137761321603	-0.192407307304113	0.12785636503529	4.02615448180943	0.0283711406488267	0.480346436437592	0.745913375192209	1	0.729580086580087	0.999952922077922
PF08765.14	-1.159669987982	-1.2030342554901	-1.10393639308817	0.222025255873489	3.96095420247932	0.0456591623990499	0.475333334249142	0.74936599860646	1	0.716445887445887	0.999344183397932
PF20456.1	-0.214156753977723	-0.0947345805778275	-0.367894343520502	-0.401637027395938	3.17727614084615	-0.104690349143109	0.44037308684754	0.633265781317706	1	0.701718614718615	1
PF19484.2	-0.0958600236790659	0.72055008500559	-0.993613161466203	-1.51872557686358	3.39280155712888	-0.378373408334783	0.295136584722382	0.403106763615451	1	0.349874458874459	0.999905844155844
PF04018.16	-1.54797008400686	-1.45089367472588	-1.61913763222702	0.0460465902595502	4.1701847271488	0.00921906932404832	0.495003331297425	0.751476773604172	1	0.759311688311688	0.999336077998248
PF14751.9	-1.20356074568098	-0.979848453016476	-1.53289877177691	-0.259966929911862	4.04935834927812	-0.0578421926674213	0.471019321528573	0.701525676968201	1	0.746909090909091	0.999918660287081
PF01978.22	-1.85122803290291	-1.68187683040832	-2.04128794043354	-0.30589499445024	4.21232276678676	-0.0713779895147351	0.464357096594903	0.706018889720903	1	0.728103896103896	0.999289131920711
PF00246.27	0.416581229013695	-0.162587378493325	0.907403554988207	1.03512603355871	2.74828828213762	0.312206807757549	0.325782818793355	0.428097063822431	1	0.368502164502165	0.991154725483753
PF13241.9	-0.637793104293319	-1.33293252379457	0.0398811909092185	1.17537052323649	3.82856854251785	0.276254784570534	0.356000005815711	0.493122238283521	1	0.440147186147186	0.99554715666811
PF18588.4	-1.80850483394791	-1.63849642984639	-1.95513891642251	-0.554686655719421	4.50943551104473	-0.105688730742959	0.445036644296342	0.682392284091097	1	0.710549783549784	1
PF16738.8	-0.768284388348374	-1.52454076800771	-0.100829900985903	1.12239646694998	4.38461753000343	0.22339633061716	0.38840773252513	0.565173702345894	1	0.524948051948052	0.999541298701299
PF16561.8	-0.73790627177647	-1.54691761594491	-0.0924906018432763	1.18457429135187	4.38719860953258	0.231902321919127	0.384666671178323	0.550927013516957	1	0.50212987012987	0.999126303533068
PF19539.2	-1.93372625248015	-1.74330061250744	-2.13001863031968	-0.390371626424097	4.29474747761116	-0.0761907123720694	0.458000001566609	0.692695604205341	1	0.704701298701299	0.999422519854711
PF10387.12	-1.86479379215644	-1.72945954740292	-1.99370187016568	-0.322505638512887	4.15855050653771	-0.0625631003907148	0.4633333346987	0.707105180459224	1	0.721359307359307	1
PF20469.1	0.236130476141907	-0.110605621673057	0.669913641491177	0.704719509964291	2.93692871294243	0.200243342820906	0.385333337816007	0.648621929403905	1	0.495861471861472	0.998739131106988
PF14192.9	-1.72855099759936	-1.85926829679461	-1.61617053700195	0.165283641793373	4.5100901348655	0.027566614140714	0.485676216386335	0.749291741735164	1	0.727077922077922	0.999029663183251
PF03852.18	-0.430656311117872	-1.34505019639538	0.163697532439092	1.17300666588527	3.60734676163421	0.28053437110533	0.333777488590993	0.438483823197704	1	0.39382683982684	0.995164858055615
PF13005.10	3.52708645440352	3.46148025535405	3.63493910056691	0.0102715617918347	1.76879789974348	0.00270330023611832	0.498334443765803	0.757338651991555	1	0.823978354978355	1
PF01680.20	0.460602294362398	1.0801387313482	-0.0922509991607932	-1.41734132134287	3.2131755053068	-0.374405243221287	0.302666675323749	0.352193608225485	1	0.379593073593074	1
PF00350.26	-1.91660633464794	-1.77213774265362	-2.09199704784757	-0.360099912276894	4.26660690830014	-0.0736994448079624	0.457333334925171	0.712525358407135	1	0.731207792207792	0.999688852813853
PF02652.17	0.211607128505079	0.384461895634411	-0.00985759816808596	-0.404028817954587	2.99655429221819	-0.113629640453114	0.431333335925431	0.582080284138189	1	0.683709956709957	0.999347866419295
PF05183.15	-1.93088898116875	-1.77791399757929	-2.04948401038268	-0.444945901912757	4.53592436167153	-0.0878521466341462	0.457694871662661	0.679923160778555	1	0.724701298701299	1
PF01810.21	-1.25997956317924	-1.66346636871283	-0.861680049492692	0.759470802618369	4.30534358738885	0.150686504941591	0.415722854640748	0.609162549972107	1	0.57308658008658	0.997389987875621
PF12158.11	-1.63762327340984	-1.69072845786122	-1.59626607476656	0.106988358883411	3.98405070512121	0.0216398694397386	0.48733333380277	0.729602930913508	1	0.71108658008658	0.998420143180021
PF19538.2	-0.892448867455656	-0.7957864406885	-1.02095551947948	-0.28533020034694	3.58980857165495	-0.0606610476581671	0.464000001340281	0.678644812128809	1	0.722385281385281	0.998362587259899
PF20573.1	-1.80949718110654	-1.69240871593124	-1.89973169479482	-0.159558087691643	4.14231048233259	-0.0291694142503494	0.482666667309414	0.715875807127285	1	0.744238095238095	0.999785528756957
PF12650.10	-0.422856316374952	0.369199827516596	-1.55010105428287	-1.86663678239578	3.36830577217093	-0.469718729450687	0.260666678165493	0.287101999831078	0.998832604506011	0.281909090909091	1
PF20040.2	-1.6252944983506	-2.23204477996261	-0.997580448368212	1.07871420367247	4.22721414687405	0.228006699165762	0.384410397588074	0.56698612773847	0.999865379657341	0.52012987012987	0.991230608240644
PF03928.17	0.0987463878816905	0.235311106334239	-0.0623342806214922	-0.0377303498317119	3.70448085647814	-0.0119898373505926	0.49466666686422	0.7753967020174	1	0.805099567099567	0.999735930735931
PF03319.16	1.18627430195678	1.44651359314697	0.88071263709677	-0.26457560051379	2.87806705853126	-0.0667365029149442	0.455029981690227	0.771823682022119	1	0.752792207792208	1
PF18427.4	-0.872179165789975	-1.67165924704766	0.300148265615191	1.84543346703349	4.09105208521478	0.371903593534064	0.288666676196259	0.394561295579865	1	0.306125541125541	0.977467109861111
PF08841.13	-0.848988168203711	-1.71374460603823	0.396464280158301	1.91234240863523	4.02658283385153	0.419930241845856	0.284666676458011	0.398139211474702	0.998752750150524	0.299372294372294	0.983167603740073
PF02287.18	-1.65499066320711	-1.77254976615814	-1.5356951220708	0.329655762796823	4.06796788805943	0.0665963629085179	0.4633333346987	0.730801213214419	1	0.690030303030303	0.999042104883054
PF02286.18	-0.486278374607383	-0.722200552002538	-0.234463514990092	0.627591265270031	4.00933179372392	0.137632532696584	0.423717524540984	0.669277397692305	1	0.614545454545455	0.999118019600149
PF11580.11	0.605727156749454	0.656817786304356	0.516611079112534	-0.0810774240361321	3.25112034835513	-0.020485553683555	0.483677548905506	0.783912882357436	1	0.798181818181818	0.999487940630798
PF14136.9	-1.06209194284682	-0.567409189627567	-1.56426108426339	-1.14037153669183	3.79951963712411	-0.254878032259804	0.366666671982987	0.507719153565729	1	0.534168831168831	0.999735930735931
PF16657.8	2.45126200164859	2.25836721372781	2.64563754942466	0.451845325007461	1.20102805142355	0.244467413847482	0.344666673034318	0.372319705903669	1	0.410177489177489	0.996484425433051
PF20446.1	1.0680485033153	0.895717196048185	1.3300011223653	0.404709539181413	2.78629893004345	0.111557991519578	0.429047304477111	0.772821347436672	1	0.627190476190476	0.999918660287081
PF09818.12	1.06570099369709	0.92784322628888	1.2748810623846	0.407297236084132	2.88020199308494	0.101390170500669	0.434377084415154	0.776002866376464	1	0.64430303030303	1
PF02522.17	-1.3228860640784	-1.10716198114834	-1.53099292116554	-0.358418418983859	3.94373332403154	-0.0810105094044598	0.452666668435606	0.682634786732582	1	0.710406926406926	1
PF13551.9	-0.587643789357687	-0.0695638185438314	-1.4426732283614	-1.36799074691052	3.60151956779081	-0.339484211899495	0.341105935917739	0.386458306198634	1	0.448991341991342	1
PF20313.1	-1.51193644689249	-2.26958247743044	-0.716497175137663	1.27895065208934	4.11954449705545	0.273987172533427	0.356429053089343	0.497050845730858	1	0.445476190476191	0.984518584061201
PF13958.9	-1.93427007001692	-2.31488521255348	-1.5485228625005	0.684329354982663	4.2342252303133	0.145963097782062	0.424666669521598	0.63662870140436	1	0.574142857142857	0.990813548202855
PF07892.14	-0.481654813574553	0.270278067249713	-1.40971877697101	-1.34699125791782	3.68234664983193	-0.300211616922373	0.338441045979447	0.437736498894913	1	0.446077922077922	1
PF13466.9	-1.8957023015348	-1.75240772490594	-2.0408487441686	-0.305722798541342	4.43570643936361	-0.0511440897780827	0.467688209061577	0.684830020735699	1	0.713251082251082	1
PF08445.13	-0.80530351477189	-0.492988073790881	-1.0704817820237	-0.365829101008161	4.02817606769188	-0.0836717759694238	0.454363759197163	0.699236102830591	1	0.712770562770563	1
PF07179.15	1.12428557399057	1.05143536100133	1.21997422869328	0.164580540215347	1.7311393492546	0.0941862161570405	0.459693539142167	0.697843602605335	1	0.672632034632035	0.998701731222521
PF11796.11	-1.06315903652664	0.0361615651569958	-2.04308337551084	-1.81732191069602	3.79272879391261	-0.428007983415338	0.283810802639802	0.375026428909134	1	0.350545454545455	1
PF09664.13	-0.99463868721596	0.0646607684862062	-1.98425019628968	-1.84940188049429	3.84262689269065	-0.407060799060567	0.29180547234046	0.39764745876694	0.999710608679272	0.36025974025974	1
PF09660.13	-0.99517516435161	0.37683667369125	-2.03339580905244	-2.18853275587592	4.14970731861534	-0.481823076141817	0.27248502060596	0.336076838780355	1	0.297476190476191	0.999952922077922
PF18889.3	1.29535572996317	-0.902903723408562	2.58872341995813	2.03144049514109	5.32930271905561	0.356513696550163	0.325116596310885	0.398892616823011	1	0.328714285714286	0.99912888626525
PF01345.21	3.27558797405156	1.00144952164144	4.55471014011238	3.47767666132695	3.26972883627199	0.972457887705116	0.129913421347599	0.0399523056301395	1	0.0253290043290043	0.961603662849844
PF07613.14	-1.4185642936149	-1.31372429257802	-1.51173560556858	-0.341852832509701	4.52198131391452	-0.0706336320652839	0.4633333346987	0.726080474310347	1	0.757168831168831	0.999973479152427
PF14056.9	-1.56253654612439	-1.56594424970323	-1.55759907584584	0.155964109205461	4.0982993207153	0.0317429419868132	0.4840000005932	0.75100276609923	1	0.730298701298701	0.99913591813014
PF14076.9	-0.948799021443266	0.0382542532055732	-1.96653346226133	-1.81024976512714	3.78056568344024	-0.420260550633922	0.279147245325478	0.359689385707286	0.999115135409457	0.341099567099567	0.999688852813853
PF01402.24	-0.569516635153338	0.544679764812622	-2.02307952090645	-2.49174407209396	3.27670785885081	-0.683538193081328	0.183211212113461	0.150698426055805	0.998441148081948	0.147969696969697	0.999157034632035
PF05973.17	-1.3574075411246	-0.750541379014215	-2.11465742929949	-1.26198069484412	3.7809583063398	-0.268605467457417	0.361333338897062	0.463212969470057	0.999531258578315	0.489341991341991	1
PF10651.12	-1.53672192745794	-0.929768604452831	-2.12050357401645	-1.04371563620018	4.14033665816036	-0.218989128489653	0.380666671353383	0.55196280572842	1	0.56408658008658	1
PF03406.16	-1.83311098497285	-2.17077790292628	-1.51913331267032	0.613271858915906	4.23616676970036	0.118064391712343	0.436000002409853	0.654726694860799	1	0.605103896103896	0.99827169548944
PF19639.2	-0.630745614723773	0.174124299832693	-1.57185577575449	-1.43176698294595	3.82236599350718	-0.311272244807809	0.322451706382074	0.458288561859668	1	0.428212121212121	1
PF13279.9	-0.895896434313773	-0.863310198396984	-0.934212454733911	0.000810375568358168	3.75604339053189	0.000265292651254797	0.5	0.755798410828968	1	0.757229437229437	0.999601919339164
PF13391.9	-1.52143054467104	-1.0086301094423	-1.95828057857681	-0.863843724808093	4.03573894405503	-0.175285715484944	0.396666670664582	0.598831080340684	1	0.60174025974026	0.999965855336716
PF04480.15	-1.66036669245783	-1.37576561047227	-1.92881918506429	-0.568563461977544	4.13438022060713	-0.109010233857299	0.43637575189238	0.661450032037657	1	0.676575757575758	1
PF07853.14	-1.13607677311539	-1.75466122607268	-0.532982499389318	1.08485535731744	3.89341173227491	0.247065706482382	0.365333338711092	0.512275699811705	1	0.466090909090909	0.994551251186594
PF09297.14	-1.02612122915454	-1.25306986969002	-0.799792548426902	0.430996064705518	4.00110995982784	0.0943184580318816	0.454666668359595	0.712171220759528	1	0.677766233766234	0.997393240396007
PF11187.11	-0.912348760743661	-0.236851367349032	-1.57374930268514	-1.26765398227378	3.97831179282906	-0.271006754239128	0.347101938284043	0.485644724167681	0.999701319172115	0.494108225108225	1
PF07454.14	-1.55586630941396	-1.48698400523508	-1.60889500824353	-0.106119927787349	4.01963533256225	-0.0214796955773735	0.489673551348137	0.745582590174777	1	0.740995670995671	0.999326574978812
PF06782.14	-1.1517753079766	-1.58186246128949	-0.706160586439658	0.85646955062295	4.34817254829533	0.159593210498495	0.415056632149291	0.618088311280119	1	0.580701298701299	0.999326151121606
PF12670.10	-1.62108591800945	-1.19445636901808	-2.06932996541332	-0.733725462149721	3.9905233465034	-0.169633120842886	0.40933333680553	0.597984693795882	1	0.616272727272727	0.999120233710852
PF09552.13	-1.71915016770651	-1.35772616925331	-2.09999254347714	-0.678254747711892	4.22196179981796	-0.14061305731601	0.431045971953661	0.643864342406169	1	0.655186147186147	1
PF12953.10	-1.64327752619187	-1.23147632935654	-2.03818416362155	-0.734297367546461	3.88521364857173	-0.165727103677913	0.408394407236809	0.590769949593074	1	0.613627705627706	0.999735930735931
PF19499.2	1.21083023572141	1.47399198081284	0.982939675088864	-0.402520689898286	3.37616987278997	-0.0939970994229537	0.444666668741459	0.693111457279904	1	0.731	1
PF03883.17	-0.517460292380719	-0.606912235109802	-0.458829703235652	0.239393569367618	3.64955325784007	0.05836558328019	0.465689541581532	0.724051959393342	1	0.704242424242424	0.999099804813394
PF07866.14	-0.50238173466334	-0.233090309766888	-0.898960563148289	-0.532583838126754	3.82817347619297	-0.114783891413224	0.435709529399944	0.627496603300192	1	0.690961038961039	0.999562337662338
PF03862.16	-1.62971786691024	-1.21373362827334	-2.07773331867818	-0.717560872137817	3.97603409075278	-0.154638294058999	0.40933333680553	0.595295074534679	0.998351850293829	0.623203463203463	0.999893742621015
PF01174.22	-1.03363381180861	-0.358982267344797	-1.63572811726201	-1.34735290220393	4.38575517673842	-0.274681311094836	0.362000005532558	0.506384236077844	1	0.523714285714286	1
PF03932.17	0.696856696757448	0.226006589167277	0.861936272021886	0.577171440358383	2.82839613930063	0.180498499560592	0.403064627309717	0.445816013418548	1	0.524177489177489	0.998736583820395
PF12893.10	-1.86992764304227	-2.24370581490705	-1.47510165260034	0.805829665500239	4.42329009534194	0.158070350415887	0.42038641208195	0.628554723105454	1	0.601774891774892	0.99914701964702
PF18088.4	-1.32690835619611	-1.06693031081286	-1.55918196876536	-0.546961713931228	3.9920461834633	-0.108709108770303	0.440666668895584	0.660634748452673	1	0.688359307359307	1
PF11070.11	-1.65829808761699	-2.25442025838868	-1.08459836361533	1.06689558720923	4.1081238234715	0.230517143658004	0.378414395186208	0.565211503249286	0.998011761222889	0.511645021645022	0.992807250274246
PF10143.12	1.27276044472538	1.36699124070996	1.12267198072245	-0.281889222563112	2.27789239428592	-0.103237109720733	0.444666668741459	0.592560245904076	1	0.718285714285714	1
PF19830.2	-1.92442379378025	-1.71811420825253	-2.09666301146009	-0.354961687133497	4.19339834396715	-0.0670243423493812	0.46369087410161	0.694476490532017	1	0.711943722943723	0.996496662463972
PF05426.15	-1.87243619636298	-1.66073754477486	-2.03987572320623	-0.346671867430136	4.17952038982962	-0.0704758426019514	0.458666668208064	0.677686415197603	0.99906813551663	0.699718614718615	0.999040880736253
PF07940.16	-1.42005980963516	-0.866762420341129	-2.08176683331194	-1.37217744573343	4.07726788852422	-0.293528727250556	0.359333338991004	0.475219062703025	1	0.509865800865801	0.999735930735931
PF07470.16	-0.484382998606485	0.224198785842658	-1.43333183623478	-1.41657159772524	3.76295277214198	-0.31199322021427	0.313333341366566	0.420349872763859	1	0.424350649350649	1
PF13535.9	-1.71323710841174	-1.36396968813999	-1.93620307846299	-0.723879340077358	4.36301603635165	-0.136348335325789	0.427333336082764	0.647085214136051	1	0.653181818181818	1
PF18603.4	-1.66204114076154	-1.28612996789568	-1.98981690133588	-0.806350635066624	4.3427894703876	-0.148882077696176	0.421333336320866	0.634264747073211	1	0.635575757575758	1
PF08922.14	-1.2657561281029	-0.989334228903724	-1.53758347556063	-0.429387644888836	3.94370893617074	-0.0952129057180137	0.453697536704118	0.649165329433044	1	0.684484848484848	1
PF03733.16	-1.12592212332742	-1.56586531032563	-0.679579642863574	0.78169639945629	4.32944272775328	0.159829682627471	0.409060629727881	0.639677772385535	1	0.582406926406926	0.996738771504579
PF10974.11	-1.51977132007416	-1.41830009442231	-1.60700490867263	-0.157452665177475	4.20323507914653	-0.0293129181946771	0.482000000667532	0.73983117772012	1	0.757744588744589	0.999952922077922
PF12558.11	-0.726170400620395	-0.256238129367456	-1.07422328863787	-0.88461151570503	4.12552848057469	-0.184146857929333	0.401065959837764	0.627951127791318	1	0.628935064935065	1
PF01939.19	-1.10536479232111	-0.625029023304365	-1.50232452693959	-0.843599726509825	3.78691138984602	-0.190598583300889	0.395069957424349	0.608742172205655	1	0.609329004329004	1
PF13395.9	-0.896844082595933	-0.93271897835641	-0.861153457547257	0.115173132461193	4.1229031163304	0.0218455128522776	0.487674883867214	0.758688802833115	1	0.740896103896104	0.99948591403537
PF20578.1	-0.539011247034475	-0.933209878770573	-0.0855970661296253	0.6892023266116	3.63679075993384	0.152071472641406	0.410000003444949	0.620688074778649	1	0.552701298701299	0.998912056529289
PF13274.9	-0.472515549242192	0.084573830069699	-1.06299073002718	-1.06691539661218	3.35819404076402	-0.2714351551983	0.352431718170889	0.509141421352046	1	0.487004329004329	1
PF03881.17	-1.04507148112337	-1.22777666461063	-0.812081695966499	0.376085836439135	3.67383183061722	0.0872788825588337	0.448367756760455	0.694436118083027	1	0.639675324675325	0.999113006807884
PF16467.8	-1.47020731546443	-0.811766691043509	-2.10078773214334	-1.2728764071913	4.07285825447712	-0.273507824627268	0.363333338803763	0.521805088185539	1	0.518502164502164	1
PF12996.10	-0.571503408438065	-1.2384430573947	-0.0114906641209735	1.07749130237805	3.35172783589718	0.257090983416619	0.351099273198694	0.473272429096399	0.998116499370425	0.407424242424242	0.988646982965653
PF02900.21	0.0164181376692181	0.443696413790198	-0.845647683483841	-1.21045552580629	3.17201045573892	-0.337605119938614	0.337774823495102	0.360314453720431	1	0.468792207792208	1
PF01871.20	0.0111556617063764	0.440901364007726	-0.887745477202524	-1.30511817777179	3.16657851878221	-0.35900150269564	0.332000007014083	0.336940420586563	1	0.448329004329004	1
PF01970.19	0.462341060427581	1.03009434913436	-0.0123113259710124	-1.09105217857099	2.65120312640207	-0.340148713755533	0.31666667451148	0.47595978299955	1	0.424008658008658	1
PF07556.14	-0.74521237022108	-0.575566004150539	-0.880473930403531	-0.192448363743829	4.06330294508045	-0.036905467102403	0.472351766515455	0.741723879807903	1	0.773238095238095	1
PF11913.11	-1.37695165283247	-0.580294290277249	-2.04996858507729	-1.38050432202707	3.93006831537447	-0.318390898645491	0.343770825857455	0.503644754830394	0.999963599761822	0.494848484848485	1
PF19848.2	-1.39379008211354	-1.22818923276202	-1.53443644298538	-0.412719350348747	3.97498558621733	-0.0763536925136907	0.454363759197163	0.695079200955842	1	0.713900432900433	1
PF13271.9	-0.244107656706194	-0.343498722392064	-0.111369510567084	0.242365724452803	3.83781808840714	0.0485510087013181	0.467021986568215	0.764495120098848	1	0.726614718614719	0.999207077100115
PF14270.9	-0.541673962643407	-0.128100005096933	-1.05816615678889	-0.70601797030361	3.65073811922093	-0.164657368808065	0.412666670003021	0.602363097589499	1	0.639835497835498	0.999689013689014
PF09823.12	-1.02801589804471	-0.539100425760438	-1.50955539371087	-0.84212236793583	4.14955407763125	-0.170458151045384	0.404666670330733	0.593503616424865	1	0.605900432900433	1
PF16962.8	-1.18158340385331	-0.888955266436958	-1.48044957587796	-0.552843803583189	3.94970002733359	-0.113273418352091	0.437333335691362	0.654751703610425	1	0.672701298701299	0.999885579937304
PF13275.9	-1.37602771259696	-1.12820481816205	-1.61633341475115	-0.448137646699624	4.33095123550397	-0.0855744696290405	0.458666668208064	0.713673422166402	1	0.747199134199134	0.999420306965761
PF01980.19	-1.68761590750685	-1.77310713067727	-1.57649037820694	0.120061000342594	4.33250287058116	0.0292997676152748	0.48500999389272	0.740917639632722	1	0.7165670995671	1
PF10604.12	-1.76505906768018	-1.49086792667799	-2.0239354803118	-0.56172767434076	4.2545024682799	-0.111622174191721	0.434377084415154	0.676491265641914	1	0.69069696969697	0.998
PF01937.22	-1.41219888980888	-2.11748667814201	-0.580449192302314	1.36957058011225	4.09410706340058	0.306982748918742	0.348434383255266	0.507126993576698	1	0.43734632034632	0.983742944712831
PF11449.11	-0.48968944205975	-0.433389891800818	-0.541076512403295	-0.140453000551215	4.39383677648081	-0.025423672008378	0.483677548905506	0.767016376384402	1	0.806212121212121	1
PF05899.15	-1.28525254425785	-0.62533479550622	-1.91519409444085	-1.14212241370807	4.02484998723862	-0.244687095729286	0.370666671800271	0.546101207182958	0.999858217470304	0.533558441558442	1
PF01478.21	-0.893986059573829	-1.17494737642606	-0.574362023051784	0.680153519209634	3.50570023220552	0.152987706721684	0.409060629727881	0.618512018835233	1	0.579181818181818	0.996994711529239
PF18960.3	-1.30979114567245	-1.53652953014713	-1.10519401155793	0.473998950483018	4.14678586290045	0.100518878424802	0.43970686435495	0.691413250104116	1	0.674645021645022	0.998
PF09115.13	1.25694333809223	0.860052873949609	1.63875219750247	0.818577161686655	2.51003431923347	0.245438307696502	0.334666673541859	0.463945138497019	1	0.359584415584416	0.997566386485636
PF03458.16	-1.7559417449408	-1.44765098814767	-2.01741250830236	-0.458843041330765	4.2054942850787	-0.0919512628668686	0.443037976818143	0.683428607881512	1	0.689298701298701	0.999735930735931
PF13657.9	-1.10353372534153	-1.13898851805664	-1.08063351221126	0.0719731775062415	3.91991100469875	0.0126197232834833	0.491672218829097	0.749946910667861	1	0.742770562770563	0.999233713345478
PF12889.10	-0.631552240205104	0.194999610082885	-1.51289028718238	-1.46454366611207	3.9940065436259	-0.322074202370877	0.325333340701651	0.4734841824237	1	0.448329004329004	1
PF04985.17	-1.70351527545714	-1.30745420105248	-2.02479367059393	-0.645468008462686	4.26554310936363	-0.129060043358509	0.429333336003963	0.635592315406866	1	0.651367965367965	0.999420306965761
PF10662.12	0.260124881800905	0.632414266981076	-0.220951035199444	-0.870825319400931	2.59472946276055	-0.241972629851505	0.361333338897062	0.503761281776364	1	0.501844155844156	1
PF02683.18	0.341890270363213	0.654730661385343	-0.0158350868501254	-0.487912801304208	2.42035957496874	-0.157578821110275	0.412000003363445	0.657530775992577	1	0.615658008658009	1
PF08902.14	-0.361193964691595	-0.533091314188139	-0.21076110504776	0.354276966274656	3.46347078643115	0.0786679973466262	0.450366424239179	0.653426618027253	1	0.651679653679654	0.998950926704874
PF06414.15	-0.274089036176698	-0.587864287194118	0.111794329036529	0.727932872274757	3.36692866094804	0.188123084908956	0.38840773252513	0.595297385222811	1	0.517255411255411	0.996616664088347
PF13539.9	-0.127291227693286	0.0168301957932933	-0.31590420600844	-0.584938390219828	3.68183589324984	-0.127405025257189	0.435043306907536	0.645425935358688	1	0.708779220779221	0.999952922077922
PF18937.3	0.192366641128394	0.138095710509753	0.23707010670036	0.203833329477039	3.17271543594069	0.0465481886670759	0.465333334623486	0.729007372755975	1	0.715454545454546	0.99944086270872
PF18927.3	-1.82819047858761	-1.64901498013956	-2.01866984617725	-0.349479474220809	4.18453085068302	-0.0707246466073947	0.459333334849536	0.689489468401145	1	0.702536796536797	0.998774824733864
PF01220.22	-1.57957914641861	-1.06049707176352	-2.07430180051643	-1.03878461656996	4.31991837504835	-0.21671946829728	0.388666671005231	0.577763795111748	1	0.584900432900433	0.999905844155844
PF10086.12	-1.48269808983229	-1.44165965429948	-1.53768010522346	-0.038810969921574	4.24102637150866	-0.00702929400777393	0.496000000148157	0.757760125101992	1	0.739419913419913	1
PF18917.3	-1.79178336314444	-2.09595036233022	-1.50574816265631	0.640291415736058	4.28546368213776	0.127230519171149	0.430000002644423	0.64804370242088	0.999191676556543	0.612311688311688	0.991658814097827
PF11583.11	-1.83070995009603	-1.63592547464158	-2.02626211340283	-0.330958418562235	4.22461187044224	-0.0672936656882765	0.470666667756838	0.71725712248054	1	0.735679653679654	0.999915123586091
PF14196.9	-1.86675166971904	-1.76038307697367	-1.97449084153467	-0.261841688087607	4.20364324021477	-0.0509379727288143	0.478000000816395	0.713556738179077	1	0.740632034632035	0.996660502540937
PF04463.15	-0.441442888095865	-1.17763291513845	0.559174019839487	1.70811677000892	4.21582300071706	0.367852177324693	0.322666674179608	0.44944358229376	1	0.373155844155844	0.993055385943754
PF17782.4	-1.39270258921881	-1.25465591460869	-1.57626925038451	-0.35960002048477	3.99811362683005	-0.0754573685343053	0.46369087410161	0.695768100648779	1	0.731904761904762	0.997747363576331
PF04993.16	-1.53463885392015	-0.951298971031602	-2.07873772441178	-1.0517162878708	4.13995521561228	-0.220885227849654	0.380000004716091	0.563732127102207	0.99966742975679	0.570562770562771	1
PF19502.2	-0.818537774353539	-1.36370814742899	-0.345390117989608	0.732739651648478	3.91546497473972	0.151862629111785	0.414666669921978	0.603840234724085	1	0.567112554112554	0.99912703870016
PF07875.15	-0.66182635005475	-0.43778876046977	-0.98296869260294	-0.52389495004566	3.24826741389668	-0.145635925525904	0.424000002881386	0.600333927253212	1	0.660926406926407	1
PF01944.20	-0.813668674536956	-0.604729211226304	-1.07944670280258	-0.380009633493992	3.90014242887162	-0.0825664238397306	0.447035311774745	0.700744735884322	1	0.722939393939394	1
PF08378.14	-1.6052027093339	-1.20714452145146	-1.99611671895155	-0.743763438412363	3.99560450906353	-0.158834957523466	0.418387744606937	0.618804709745164	1	0.631194805194805	0.999792846497765
PF18389.4	-1.93142332890042	-2.27961026122581	-1.54249615269034	0.759320691801693	4.13100376537108	0.159959315390289	0.424000002881386	0.632899618338239	1	0.594969696969697	0.994571649856289
PF03616.17	0.0456113619235312	1.33852469715334	-0.453984899449995	-1.20658940420519	4.55315149727332	-0.227557521989186	0.382666671265601	0.635601783373608	1	0.584367965367965	1
PF04346.15	-1.39507916043909	-1.73905234249583	-1.08284171448031	0.521861428511304	4.12464633442304	0.109022375917073	0.44037308684754	0.631834022891692	1	0.605077922077922	0.995035925553097
PF18948.3	-0.962661819383467	-0.879659957161683	-1.03987536247855	0.0246414810817335	3.87470061525279	0.00553155764145275	0.49866666671605	0.747395170625874	1	0.768484848484849	0.99900707521645
PF16993.8	-1.670410070257	-2.25988979973094	-1.1271320373233	1.04785367342531	4.05980761717513	0.220834545693844	0.385333337816007	0.564259923632262	1	0.507285714285714	0.994463319466932
PF07247.15	-1.89174624573684	-2.28826122260821	-1.46298579040702	0.835718526209479	4.34737856482929	0.154361220061443	0.419053967098574	0.629937830346866	1	0.582415584415584	0.991485295582389
PF04024.15	-1.32064348068561	-1.18827966272511	-1.51360397313453	-0.158308382571693	3.83359459857821	-0.0421246539265604	0.479013991450479	0.708893919518862	1	0.735229437229437	0.997792846497765
PF13930.9	-0.605246686596637	-0.137229338575165	-1.01936914837531	-0.772679137076711	3.36560094524895	-0.189384222706082	0.397333337303178	0.584464435757019	1	0.582406926406926	1
PF04488.18	-1.38350233103996	-1.14015900841874	-1.63218841748083	-0.256303858265934	3.77718933197248	-0.0603057813357761	0.468354431554951	0.696164701547276	1	0.726454545454545	0.999201798201798
PF16161.8	0.129377330961552	-0.545109426634204	0.618640199609662	0.950595232808272	3.07679701903661	0.264627586091738	0.355762830602743	0.445782228959257	1	0.409627705627706	0.996906608276995
PF07905.14	0.375356575998503	1.20791413391283	-0.366597413840281	-1.43914246358373	3.236181491952	-0.376532470984384	0.292666675940256	0.34119675035386	1	0.354398268398268	1
PF05552.15	0.976632127456813	0.53960660426815	1.16855210600229	0.54972437940059	4.23928197605962	0.12561578943197	0.428000002723133	0.608229708275188	1	0.611766233766234	1
PF13248.9	-0.555961497263696	-0.504623381326681	-0.587670222510106	-0.0768141682900563	3.42096007455333	-0.0258066751062864	0.487008661373583	0.772744228705165	1	0.771112554112554	0.999847912446715
PF09551.13	-1.84312807996099	-2.21540177486733	-1.4856811229789	0.62019934246464	4.18894621236712	0.127216338228259	0.425716192016797	0.642754689963033	1	0.616878787878788	0.992968595613651
PF04290.15	-0.427779768885761	-0.402173525561167	-0.439810291754713	-0.388357239058382	4.37689977230143	-0.0707373406759014	0.46369087410161	0.759951956494681	1	0.764593073593074	1
PF04422.16	-1.86665276748203	-2.10898913602447	-1.61202517042665	0.531853707296043	4.22452588539899	0.10296851799597	0.446369089281922	0.656522536894678	1	0.626666666666667	0.996426782433031
PF04432.16	-1.30872781527311	-1.8058937391611	-0.855357325020305	0.84919316695201	4.16568614011021	0.169124658882471	0.417333336481106	0.638224722969692	1	0.590138528138528	0.996336298455231
PF11700.11	-1.17493832249577	-1.71655327047944	-0.644275865557216	0.880337778472449	4.49058967957295	0.168558585014634	0.42238507955727	0.62705715141081	1	0.575324675324675	0.999630890806397
PF09960.12	-0.655784117044549	-1.72925303713328	0.415266482348061	1.853938418871	3.77999900614515	0.427050211537921	0.270000010804815	0.349994307916478	0.998848330842441	0.25965367965368	0.984285044409708
PF16933.8	-1.99170384750387	-2.35739252527862	-1.62071388443169	0.581359968249838	4.12930692306647	0.121780795248249	0.440666668895584	0.647683824925718	1	0.610658008658009	0.997300711449129
PF16173.8	-1.95421615893888	-2.25866067236626	-1.65106985756696	0.587066622224598	4.30020650017978	0.104724517796326	0.439040641862385	0.657343294098782	1	0.609865800865801	0.995680454099147
PF16116.8	-1.90829928792972	-2.1713483343045	-1.6572535169169	0.574053747751607	4.41366302787868	0.111979136866862	0.440666668895584	0.680299742096556	1	0.659584415584416	0.996922951014531
PF18082.4	-0.384444508486756	-0.403365303967806	-0.364170375362045	0.0575934034786068	3.65600963957543	0.0165066546637262	0.492000000296372	0.764763566270323	1	0.743138528138528	0.999792846497765
PF18164.4	-0.327944218375356	-0.290655173072676	-0.353246945904756	0.101403605249079	3.52595937114454	0.0228550227863187	0.486666667160845	0.768050786824632	1	0.749190476190476	0.998
PF20369.1	-0.838572075650008	-1.03470252412951	-0.695109513324536	0.178965130351603	4.028146908355	0.0430389881281722	0.478000000816395	0.726333267311563	1	0.721251082251082	0.999766687480627
PF13382.9	-0.46821439606079	-0.544757137656529	-0.39853715335397	-0.0145032156353837	3.35047737407228	-0.00609911205001788	0.497333333432102	0.771608968404306	1	0.748272727272727	0.999249139724712
PF12668.10	-1.88157634375436	-1.68003092781343	-2.08018658226957	-0.371872158501508	4.35726429805461	-0.0766406341780982	0.463024651608331	0.700257173288721	1	0.704056277056277	0.997952922077922
PF02625.19	-1.84788595458151	-2.13131796708406	-1.50212135491233	0.534708038363342	4.21881490437451	0.106893686859072	0.442371754325456	0.668972499646876	1	0.633138528138528	0.993955912581115
PF13478.9	-1.8725643651263	-2.16782539902895	-1.55872544279579	0.656477445937494	4.27378166734542	0.124582912512253	0.435333335769139	0.635058333259319	1	0.606333333333333	0.998254238431658
PF00481.24	-1.61568060046399	-2.20369259153599	-1.00826967589762	1.09416846240686	4.1810339861989	0.217430533400059	0.380413062652985	0.553745260591355	1	0.50725974025974	0.993681822281577
PF01887.19	-1.31082046288015	-1.69142983739905	-1.02936630241636	0.60785574523325	3.85100960917719	0.133042879503913	0.431045971953661	0.63228854212046	1	0.614380952380952	0.998079713637948
PF20257.1	-1.28415852048778	-1.64010788036251	-0.976453509844074	0.545581595293671	3.93667737338096	0.124976635254826	0.426000002802118	0.637589597074208	1	0.613458874458874	0.998245828460217
PF10576.12	-1.90999549653181	-2.17626684913638	-1.6280799419944	0.49153940044109	4.22701315930935	0.1009596530534	0.448367756760455	0.660208131050795	1	0.628900432900433	0.994233124527277
PF16757.8	-1.09472337081449	-1.65668406322113	-0.599020199940101	0.863214290831912	3.86242948983553	0.18652687848243	0.396402402404781	0.569891656859375	1	0.523636363636364	0.996284699994824
PF02001.19	-0.912885755881402	-1.25157127883111	-0.551283894816099	0.653881381256775	3.68430856797716	0.148779648048653	0.412666670003021	0.638304693008213	1	0.588363636363636	0.99846959506742
PF14024.9	-1.94272347131111	-2.25392440218905	-1.61495464641745	0.529374820355512	4.48547305849109	0.109760289366363	0.442666668818415	0.677975013360656	1	0.630012987012987	0.997586598991761
PF16152.8	-1.34296476136467	-1.7627021016278	-0.924610740209767	0.805098804935087	4.26169375127183	0.16248515706681	0.404666670330733	0.629283119051454	1	0.577411255411255	0.998402127353224
PF18128.4	-0.122398065081563	-0.394083694212955	0.214527349675458	0.664054659366718	3.2188267308829	0.170164404788568	0.402666670413595	0.612741748173106	1	0.543151515151515	0.998321605831929
PF18133.4	-0.106173561828775	-0.382457824263799	0.218446913787898	0.667815213106965	3.11828296020313	0.173453797422514	0.390666670919393	0.630478334966962	1	0.56195670995671	0.997137819873754
PF00595.27	0.427064907122588	-0.325942966212759	1.10527229780991	1.30986065308204	3.09691575506575	0.348765492119249	0.300666675444484	0.395665954894509	1	0.306385281385281	0.995164459408723
PF04309.15	0.0851587570865249	0.181232216334455	-0.0230612347186501	-0.22528039744099	2.87503049231201	-0.0578903160304903	0.461025984128586	0.706720072362222	1	0.728718614718615	0.999915123586091
PF05336.16	-0.851124202544858	-1.70370371913986	0.119644110042809	1.58433547219944	4.00923542571367	0.339761200350018	0.32111926141832	0.459798456896503	1	0.357766233766234	0.98470857533308
PF13244.9	-1.89028301642081	-1.72705637878592	-2.07046708371684	-0.245255424860617	4.2360698513055	-0.0522160618704423	0.473017989008912	0.709269038413	1	0.724225108225108	0.999610735930736
PF02152.21	-1.28902360635757	-1.58385115052626	-1.06724259503127	0.418303284975698	4.21684060251124	0.0851969209319925	0.457333334925171	0.687357285424515	1	0.663376623376623	0.998341439657903
PF06685.14	-1.40345393963102	-1.74104838940479	-1.09923924077537	0.449341623928892	4.14305401788988	0.108298145713979	0.441039309340154	0.684058405170326	1	0.647995670995671	0.999266826465166
PF02074.18	-1.04819028366379	-1.71164320493551	-0.537543470613675	1.09103599503147	3.94272153587075	0.250471656267567	0.367333338619035	0.511447613363825	1	0.465593073593074	0.99292729015236
PF19644.2	-0.095905012317071	-0.523224781111605	1.23161001936735	2.26401701283619	4.78697718817058	0.37954330616953	0.35443038562977	0.461869088332585	1	0.388969696969697	0.99891848902489
PF07314.14	-1.58328862465576	-2.06356789891551	-1.03923089321647	0.867729693720867	3.97766362544865	0.180758862025871	0.404000003691644	0.58003094647622	1	0.534917748917749	0.992864071725156
PF00135.31	0.616438889665782	1.42786384363806	-0.636671861589538	-2.02060277545016	3.18785241096031	-0.550237055732413	0.249167234249977	0.175547920519241	1	0.219424242424242	1
PF04256.15	-1.35212729097243	-1.1435213829551	-1.57172574034106	-0.574694700909619	4.46057892747153	-0.118145487066238	0.435043306907536	0.689511987607551	1	0.703281385281385	1
PF12695.10	-1.60036447556895	-2.22691676901494	-0.937251227693462	1.30334557255904	4.39593691564478	0.273359416254245	0.366666671982987	0.51421901753582	0.998998534594295	0.470095238095238	0.993210340646946
PF14487.9	-1.87434120336996	-2.18042207805684	-1.57770051370457	0.525017568971242	4.1826374232769	0.106232653378853	0.447035311774745	0.664345131368113	1	0.631588744588745	0.995319321838858
PF10719.12	0.346861428822878	0.705321316907413	0.0363739038957425	-0.675324684978396	3.00091716188657	-0.171342132495492	0.393071289954061	0.602947350861235	1	0.589952380952381	1
PF07196.16	2.90856098042271	1.86644750883948	3.85428757429755	1.82918194667763	1.88939308764811	0.949481245709365	0.130579643680273	0.047289980192697	1	0.0332943722943723	0.931903347547292
PF13607.9	-1.89268552551066	-2.17007198801467	-1.62197148962129	0.556684447111744	4.12284302484182	0.115869677594117	0.438666668972974	0.678006312559096	1	0.632142857142857	0.998068512105933
PF01361.24	-0.21955794412526	-0.746813139637164	0.20805540954007	0.823930350481831	3.55306744275139	0.203410968433016	0.381745507631124	0.555836798147388	1	0.495709956709957	0.998455464924744
PF13250.9	-1.35887116789008	-1.67590624173722	-1.04621186943205	0.602851576542108	4.1441930252766	0.135280926590991	0.435709529399944	0.661014375502751	1	0.615051948051948	0.996786483871895
PF10544.12	-1.11613510720884	-1.16785542388093	-1.05532477726143	0.0847265201679885	4.07377061764184	0.0185525818032542	0.489007328854492	0.725826466816503	1	0.717398268398268	0.999220608339029
PF06152.14	-1.85056858896818	-1.63559239388003	-2.13175481884737	-0.31497932790858	4.13457819522696	-0.0650686349675238	0.46369087410161	0.690233847229106	1	0.708372294372294	0.998919022154316
PF06854.14	-1.50232300682804	-0.776076556932241	-2.14115448768897	-1.36554902998297	4.33751568927647	-0.260726272794501	0.363091277959396	0.513723287413846	1	0.520917748917749	1
PF03864.18	-0.774197847391994	0.0268030727345296	-1.53706392321853	-1.30216146089472	3.87873224544569	-0.286049544191577	0.332666673645881	0.488932869982675	1	0.456454545454545	1
PF19645.2	-1.81465998635194	-1.52745674243759	-2.05184110566478	-0.419490703496018	4.08292745409395	-0.0936733302106541	0.447333335305835	0.671405443448686	1	0.691904761904762	0.997735930735931
PF11167.11	0.297439016076923	0.734112756021212	-0.309441946186626	-1.24262686752752	2.67783483504896	-0.381901295762578	0.30200000869719	0.306734563296996	0.999830944503834	0.384818181818182	0.999735930735931
PF11230.11	-1.32123067334497	-1.71933269087775	-0.953317009769793	0.774004331570818	4.1890832684749	0.152535319649986	0.418666669760886	0.625802580352556	1	0.605437229437229	0.996311768007311
PF13440.9	-0.37345452675369	-0.149560553330822	-0.613670672919779	-0.480235627243614	3.37620483976771	-0.112063472861935	0.439040641862385	0.665909916923943	1	0.685134199134199	0.999041558441558
PF11185.11	-0.506986058055229	-0.337549376850085	-0.664765487810446	-0.336036241430467	3.83898102233015	-0.0718209873015577	0.449033979253343	0.762757660484246	1	0.750450216450216	0.999792846497765
PF03070.19	-1.79509645317431	-1.5169048943682	-2.06464754741188	-0.587321695041286	4.45518656327041	-0.112609035965262	0.438374419369845	0.664537147632326	1	0.678034632034632	0.99986001211707
PF08974.13	-1.25095729379687	-1.63202471223541	-0.860961082709756	0.655543733859896	4.13732209452287	0.124622303623086	0.435333335769139	0.65280988687653	1	0.600675324675325	0.998771210129583
PF01934.20	-0.878722046469058	-0.852271168717372	-0.906837882193935	-0.0932168231049264	4.1621823164872	-0.0168915826792968	0.490339773841787	0.763873894006951	1	0.786532467532468	1
PF15655.9	-1.81924510456537	-1.60238856219329	-2.01869170092325	-0.311876969421225	3.93706371589751	-0.0693421236275571	0.465333334623486	0.688309187634233	1	0.722168831168831	0.999558776117881
PF10060.12	-1.94632568464669	-2.31587909714789	-1.57121708883031	0.65240736733047	4.28962436817308	0.136920767368824	0.433044639430472	0.629094908225472	1	0.595861471861472	0.997220060384449
PF02288.18	-1.25350746469065	-1.68623614718936	-0.777509721901692	0.778210001706815	4.1415855258201	0.167295858584744	0.406666670248255	0.610508528336797	1	0.546116883116883	0.992643840023405
PF11457.11	-1.48286033677948	-1.59940630762076	-1.36735428107645	0.226354353937099	4.43176316303952	0.046502856825839	0.475333334249142	0.725711647960816	1	0.693891774891775	0.999333373491073
PF13176.9	1.01191186596135	0.759457828807968	1.2345435158436	0.531142690724047	2.77868172778734	0.164656769545	0.39333333747232	0.556408366803888	1	0.547238095238095	0.999677668196465
PF09388.13	-1.0581719410225	-1.7643761939505	-0.134368121149421	1.840059384441	4.23951149505606	0.360836764676158	0.320666674289219	0.40113658348197	1	0.357108225108225	0.988502298105096
PF02026.19	-1.86990129275155	-2.18528666304723	-1.51297991874218	0.59853174466625	4.17763166514552	0.130614825040792	0.426382414508798	0.649023627742218	1	0.616731601731602	0.997236477945898
PF12718.10	-0.947964515800319	-0.388576810424089	-1.55531684518806	-0.985015530771533	3.73481745219536	-0.222172924872041	0.366422390397075	0.516187102507948	1	0.521090909090909	0.999952922077922
PF13580.9	-0.280301609217448	0.415754006784804	-0.872812742731074	-0.958558489250443	4.22922844355597	-0.200472436920318	0.403333337052597	0.61461979871077	1	0.617025974025974	1
PF06188.15	-1.26494550567206	-1.71878537457223	-0.688523140819545	1.07081156869972	4.05937150565909	0.21672670741263	0.373333338346419	0.576143042227287	1	0.495277056277056	0.995745300543863
PF13027.9	-1.91864250027154	-1.75334794188681	-2.05633239899928	-0.290164383818366	4.16944369444764	-0.0570326801671636	0.47035309903515	0.717446301917821	1	0.742484848484849	0.999988429752066
PF03990.17	-1.76450397290484	-2.12865558788368	-1.34697349566573	0.837465098022179	4.38495461591589	0.171404467710154	0.407333336887512	0.613211894575896	1	0.570441558441559	0.994208053050168
PF18735.4	-0.353669289626053	-0.296745715561881	-0.433370616784592	-0.0386416155867586	3.36837617367378	-0.0101127263862145	0.494337108803755	0.735357109657525	0.999452817115281	0.779467532467533	0.998
PF14262.9	-1.03382060727251	0.217805922273132	-2.13192342660253	-1.9880257469003	3.9629935852896	-0.432951974162265	0.274483688019865	0.368640348975387	0.995964424913265	0.321203463203463	0.999952922077922
PF03415.17	-1.41557962479757	-2.15675175864508	-0.677447023801284	1.3074040057787	4.21864284608269	0.272516719327513	0.350433050712716	0.49980111499406	0.999937431207126	0.438813852813853	0.982151245592197
PF04071.15	-1.23592515490556	-0.91085591998401	-1.55770027042736	-0.531966807127778	3.995529663188	-0.107899845469097	0.43637575189238	0.642327673743358	1	0.662502164502164	0.999918660287081
PF11761.11	-1.48987510479871	-0.932802388220047	-2.0694582989415	-1.08116225704167	4.18621651228318	-0.240259869679035	0.3777481726974	0.552607466645187	1	0.565744588744589	1
PF18887.3	2.86764365479924	0.759892761894158	3.40445962146307	2.81447740909726	3.1050521046124	0.814061728551598	0.139333361181193	0.0602829554821123	1	0.0440606060606061	0.94130815191837
PF17118.8	-1.48901100180124	-0.918953315322719	-1.94858207840787	-1.00091179998558	4.18530877830108	-0.193014079854819	0.39800000394182	0.590631178305291	1	0.597138528138528	0.999453337360314
PF20247.1	-1.85623472385646	-2.18391805693855	-1.54520749423924	0.521176144529068	4.21123410042369	0.101912428398849	0.447333335305835	0.668805556317129	1	0.623519480519481	0.995540660483714
PF18899.3	-1.34164345482959	-1.69577549950372	-1.02862721281118	0.471137757745999	4.08685567588687	0.102546062946888	0.445036644296342	0.654883412474978	1	0.632753246753247	0.999023632593748
PF17728.4	-0.798335087450067	0.226938218019431	-1.70106305814627	-1.59593234958727	4.05594972564723	-0.348514873405921	0.32711526375861	0.443380814279685	1	0.411147186147186	1
PF06616.14	-0.705913042225625	0.299886688675617	-1.52019623441244	-1.56573409764948	3.85024398882113	-0.350258837110313	0.320000007659312	0.443565143562064	1	0.418134199134199	1
PF14378.9	-1.86984111262351	-2.29870871698524	-1.47117228361395	0.736645078674107	4.21004259148078	0.145815295058091	0.433333335847159	0.634354614815137	1	0.592536796536797	0.993421602290557
PF12476.11	-1.51683053769795	-1.67390734106322	-1.34171408381023	0.371230826689233	4.06487415876733	0.0708835552908169	0.458361094155813	0.706317863425289	1	0.66908658008658	0.998169326646079
PF09983.12	-0.462928005610991	-0.985144679539857	-0.00956184536013804	0.816501325578169	4.12405882377073	0.168291880080171	0.407061962254786	0.610332879364346	1	0.565809523809524	0.99951158008658
PF04586.20	-1.28673628953435	-2.17679789952262	-0.39708189649312	1.54993516993403	4.13526497108661	0.325615513638953	0.327781486241393	0.446858392510924	1	0.365272727272727	0.982076593322788
PF12641.10	-1.77380517481066	-2.15091302534415	-1.30052855691687	0.906656825060732	4.26584752642094	0.184779684996886	0.416389077132241	0.597701370677409	1	0.558064935064935	0.997079872200834
PF07811.15	-1.89941679695509	-2.24031736078437	-1.59132429100382	0.43476308646312	4.19518318247019	0.0985403641956829	0.44533333538252	0.66345504090563	1	0.616692640692641	0.995356266273451
PF01242.22	-1.32911488334726	-1.10892497145587	-1.59273587732324	-0.392348491477844	3.96637742533758	-0.0828713071675217	0.454363759197163	0.68833938115085	1	0.717359307359307	0.999871582365003
PF01112.21	-1.05597715769724	-1.47269445582702	-0.697306066407774	0.61360975509158	3.88542686384454	0.141924869856559	0.42704863700083	0.60602882707962	1	0.587558441558442	0.999931144592915
PF14025.9	-1.03293705216198	-1.27000960050619	-0.79364703087682	0.34507277289238	3.93834045071928	0.0772639581209981	0.458000001566609	0.705555163361503	1	0.669008658008658	0.999482414242293
PF20092.2	-1.57781899629472	-2.21486274318712	-0.895545335463702	1.20321030479031	4.0434634355113	0.260345903507999	0.370666671800271	0.523727211976078	1	0.471809523809524	0.978816809868817
PF05565.14	-1.84227927825121	-1.56110216592521	-2.06482390913045	-0.511477357331147	4.17092350446791	-0.10316109264957	0.443333335459407	0.671509893162509	1	0.682090909090909	0.999735930735931
PF16677.8	-1.7422355223529	-1.47328541693847	-1.98338082118232	-0.385006572832667	4.18354377887048	-0.080605836996487	0.454666668359595	0.683897802039361	1	0.693445887445887	0.999988429752066
PF19540.2	-1.83244902518227	-2.11803931461263	-1.51826778583494	0.407206321224755	4.31475850436369	0.0836959631257825	0.455696204183309	0.677294023995842	1	0.641515151515152	0.998529962584089
PF11202.11	-1.3191913755231	-1.70482054890868	-0.850239828872255	0.770804827552747	3.91329048928416	0.157429988888829	0.412000003363445	0.614579985564138	1	0.552679653679654	0.996957062612119
PF15608.9	-1.27576088977758	-1.73232353225238	-0.786068373360448	0.82381189786059	3.92394004520533	0.166823726537794	0.400399737347201	0.594344791495562	0.998504734907122	0.540774891774892	0.992978526039158
PF03190.18	-0.910642272507737	-1.69457496864382	-0.18813504223253	1.41501668476807	3.88462354857487	0.299719616680853	0.34133333986791	0.468963443214922	0.999359031398349	0.408242424242424	0.992985320062915
PF12646.10	-1.53420848027852	-2.21335306277933	-0.933320693210284	1.17932316220884	4.03607117180244	0.2566734104423	0.368666671891333	0.524635561519665	1	0.483800865800866	0.989761552523112
PF00719.22	-1.25271498862946	-1.5473399335779	-0.976229479235091	0.481538340105695	4.15190674904424	0.0932429930914127	0.451333335153042	0.67629171873765	1	0.656415584415584	0.999885579937304
PF09512.13	-1.86357489133436	-2.19742275343487	-1.53616114171563	0.495669077860855	4.12748730031564	0.0957187258308561	0.444000002100421	0.670592781752952	1	0.62	0.99729748720976
PF14367.9	-1.62861252427513	-2.27150559689927	-0.900210359345894	1.20018501534735	4.31539244100625	0.248328888548551	0.366000005347005	0.532827836410158	0.99955833151162	0.467458874458875	0.989105924655521
PF11848.11	-1.65060552261852	-1.72986788417985	-1.59339230832559	0.255369866915641	4.15804295606152	0.0527806105941662	0.472666667682047	0.721888144602784	1	0.706268398268398	0.999190227953864
PF06067.14	-1.92626475062877	-1.75693838953606	-2.08247554526932	-0.34281904495637	4.44058576462421	-0.0723210952618483	0.459693539142167	0.704410383489872	1	0.722311688311688	1
PF05448.15	-1.79209749970093	-1.67277658426399	-1.94906114911795	-0.158293951398957	4.06452620083304	-0.0383006067959759	0.4840000005932	0.715538665374244	1	0.723307359307359	0.99968470900757
PF11369.11	-1.63936955104847	-1.71943968088344	-1.5507499240354	0.201110129151254	3.98262586446196	0.045120721146757	0.472666667682047	0.724399644624577	1	0.702670995670996	0.99858273518051
PF12408.11	-1.84166510772253	-1.61657587461918	-2.03212831285113	-0.365596394457103	4.13195882930131	-0.0699903100378859	0.458666668208064	0.694050167619829	1	0.716437229437229	0.997393363988952
PF13420.10	-1.02613907956746	-0.739449911571412	-1.34217251042523	-0.65357907171568	4.00726894307197	-0.132265816433023	0.423717524540984	0.635592507760543	1	0.660181818181818	0.999918660287081
PF06013.15	-0.387604386659959	-0.85085829052827	-0.0534895223712812	0.671133346432902	3.6064559069457	0.149324511410482	0.412391742183836	0.605243755204123	1	0.579982683982684	0.998264989662799
PF16982.8	-1.91309253162941	-1.80500991769656	-2.01978656421783	-0.250221516765518	4.44161501719096	-0.0393880719168494	0.47666666753275	0.698346572540842	1	0.72978354978355	0.999826474060699
PF09588.13	-1.64576317775766	-1.82111840959449	-1.5172206333421	0.296730719808319	4.4344474814124	0.053671713070255	0.47035309903515	0.740247878179177	0.99949046476843	0.704285714285714	0.997487940630798
PF10066.12	-1.94739151953182	-1.7172263622153	-2.18086776241949	-0.439176077861459	4.29758025096758	-0.0838178812374261	0.455029981690227	0.688970440534239	1	0.711965367965368	1
PF18862.4	-1.90252821607256	-1.74132950283094	-2.10661675811532	-0.415100146594876	4.10538324366358	-0.0824725174610362	0.458000001566609	0.70229090787769	1	0.735160173160173	0.999735930735931
PF14133.9	-1.11908710198034	-1.19201811588848	-1.05095677746537	0.047199259076752	3.75871207605215	0.00996793450197276	0.49266666693833	0.744874243468572	1	0.719991341991342	0.99937534241097
PF14200.9	1.17528725748833	1.78214379534565	-0.480398209631892	-1.31432279740182	4.77977332501578	-0.246913543011062	0.396666670664582	0.53313921563428	1	0.624757575757576	1
PF10022.12	-1.67001052926565	-1.33037447273885	-2.05037051124817	-0.739085424369326	4.22835792626854	-0.140712054940614	0.42238507955727	0.621991538360252	1	0.629623376623377	1
PF00932.22	-0.499865766134259	-0.949179985043549	0.0115640444517746	0.901778687881494	3.63337951477782	0.212151490134123	0.373333338346419	0.573560129113098	1	0.482571428571429	0.995351720022515
PF15417.9	-1.96933593576285	-1.77078359992034	-2.1714211023566	-0.526328571725351	4.33243548742245	-0.108240062743221	0.451333335153042	0.679906997861466	1	0.703134199134199	0.999420306965761
PF14307.9	-1.61289429824656	-1.61985772421407	-1.60441057557274	0.0595407411877451	4.24393235462083	0.0111833790837617	0.495003331297425	0.746024900072812	1	0.739147186147186	0.998928169273908
PF05711.14	-1.63726260820723	-1.17647665328235	-2.0993220438987	-0.867111419153977	4.24829497890347	-0.184152780909917	0.398666670580509	0.591666226436972	0.999650669487329	0.612887445887446	1
PF03869.17	-1.60449709297122	-1.19660472218334	-2.07372662238372	-0.766216571624089	3.86710471206654	-0.176208952366626	0.411059297201336	0.579948349841888	1	0.595722943722944	1
PF18476.4	-1.80085191690977	-2.06858933966724	-1.50051099402682	0.570728404359311	4.29027304722544	0.117513282818737	0.437708196877331	0.665221071319428	1	0.624030303030303	0.995291180851623
PF08972.14	-1.64922581447002	-2.2067112160198	-1.10249799503714	1.0181256962425	4.02557539522416	0.22527840809738	0.384000004540694	0.543504081002318	1	0.504116883116883	0.991152170366592
PF14607.9	-1.37788471271102	-1.67323830277512	-1.10181751327059	0.509916504838384	3.81523185740748	0.113940960280514	0.442000002177447	0.661754389677652	1	0.612662337662338	0.999257482572189
PF14606.9	-1.42042185760826	-1.7782419692013	-1.06690853126399	0.519685246846118	3.95996851379816	0.110382606922352	0.438666668972974	0.658824445204789	0.999760812773794	0.609562770562771	0.993236419718893
PF02927.17	-1.96558270447978	-1.70496631028168	-2.22002155860326	-0.548754127159999	4.22996983856472	-0.106410859433915	0.443704199310853	0.657519550416319	1	0.682402597402597	0.999952922077922
PF05057.17	-1.24789834834298	-1.67848151422613	-0.823090895088569	0.835119731776765	3.87170892896156	0.180724151260413	0.408000003526811	0.604457099008175	1	0.548294372294372	0.996961923783641
PF12164.11	-1.29597270591022	-2.27483000316961	-0.40558417382625	1.61076379932428	3.90080341459912	0.38124314559468	0.312666674737943	0.404145722462506	0.998239165534586	0.340233766233766	0.981907705199408
PF17957.4	-1.35864858500305	-1.639822324503	-1.05478348662554	0.478088006682037	4.08034226813904	0.101253080815455	0.444666668741459	0.686243299076409	1	0.641831168831169	0.998739018204198
PF06965.15	-1.8597700366973	-1.65411988783987	-2.07768206926637	-0.359427427963682	4.24094868566621	-0.0734627633625586	0.457028649169526	0.689317537663857	1	0.712532467532468	1
PF04976.15	-1.80241393397749	-1.63752458896979	-1.94524279730105	-0.305375509318015	4.03069868282605	-0.0606964784814447	0.460359761635369	0.708546599825375	1	0.716160173160173	0.999581358641359
PF00245.23	-1.62012043736379	-0.972585634804086	-2.08941947387803	-1.56649023120123	4.73879009338688	-0.297722769826201	0.363091277959396	0.53439057142539	1	0.547255411255411	0.999735930735931
PF12892.10	2.59574025540705	-1.42681844412755	4.16194895152349	5.7968077376245	4.44677130923972	1.16477010873877	0.11933336687211	0.0222128175769749	1	0.0197359307359307	0.966174006802055
PF09972.12	-1.89076427969043	-1.7544189305295	-2.00653661238456	-0.343837021175792	4.19770055454925	-0.0730008282755309	0.461692206621819	0.693710421111454	1	0.725770562770563	0.999732244636242
PF17210.6	-0.573738001348891	-0.138066823136224	-1.02993326086686	-1.09711439123424	3.85339998443955	-0.245659418384863	0.371752170300835	0.498861310794939	1	0.54304329004329	1
PF02335.18	-1.57011436350833	-1.68107343713121	-1.48941684149375	0.147007184537499	4.28027201329634	0.0276367708952556	0.487008661373583	0.744049485740916	1	0.726406926406927	1
PF03100.18	-1.9096414128211	-1.65763310528271	-2.11841175334624	-0.449086089222394	4.44106163541428	-0.0869765476619949	0.454666668359595	0.677135370591489	0.998724611581173	0.694809523809524	1
PF00762.22	-1.68225936421776	-1.7298064721837	-1.61092640624862	0.015721146935026	4.12069882104275	0.00319267471283732	0.49866666671605	0.749036606735259	1	0.72138961038961	0.999314339734968
PF01106.20	-1.85376181407041	-2.19230370156943	-1.55061867495346	0.622613972635765	4.12708279243344	0.122776208862629	0.426382414508798	0.63795194681014	1	0.60030303030303	0.995737396187626
PF02626.18	-1.01076632093409	-0.508551957384799	-1.5634184611177	-0.859037454660767	3.88014871995757	-0.188865976523086	0.396000004026034	0.573330098421614	1	0.580753246753247	1
PF02538.17	-1.12226319805482	-0.815504058399166	-1.47753386439185	-0.969246260821671	4.76894858004685	-0.179353452429448	0.416000003201469	0.614895350940156	1	0.661787878787879	1
PF04115.15	-1.80610191780438	-1.57089101802936	-2.00670569148971	-0.453534733742116	4.37197032523147	-0.0949947214518488	0.451698869225096	0.67750898755045	1	0.690233766233766	0.999792846497765
PF14276.9	-1.95306953972631	-2.22864119710369	-1.6740104295737	0.521188621149244	4.38498344522059	0.0974565792342829	0.446000002023603	0.673153540926042	1	0.646108225108225	0.99079130855474
PF01894.20	-1.1146917668954	-1.80333132634465	-0.508666703376957	1.23612600911217	4.03027565383517	0.245966182327135	0.371752170300835	0.547724704004152	1	0.493753246753247	0.996232980392085
PF03437.18	-1.8746759446073	-2.11041915996668	-1.64043169207897	0.456344799551358	4.12685680333291	0.0930549864593656	0.452365091718084	0.671847895670035	1	0.643320346320346	0.995169850763272
PF05621.14	-1.89220104976504	-2.13219094209474	-1.58726068590765	0.54892963510718	4.23364433807233	0.116499121828982	0.44533333538252	0.673802654825473	1	0.634467532467533	0.995086439356345
PF14903.9	-1.37831359867821	-0.535143939278594	-2.03224253269638	-1.39962132638553	4.34411785580469	-0.270497576063762	0.358000005720664	0.514722214170172	1	0.523419913419913	1
PF08331.13	-1.76544019830092	-1.57129938336334	-1.89663327318111	-0.46456859685879	4.35421144562112	-0.0970768901604209	0.452365091718084	0.681943631910836	1	0.694246753246753	0.999420306965761
PF09962.12	-1.88735590088125	-1.64117409340092	-2.1158247862524	-0.275389478195095	4.17433825265915	-0.0582664689532436	0.469020654048339	0.695726702458809	1	0.703571428571429	0.999344183397932
PF19823.2	-1.55132009783437	-1.79908421534631	-1.25490731866797	0.454410056307864	4.30058362598985	0.0914199917388291	0.448367756760455	0.686957098145883	1	0.648103896103896	0.998545301946673
PF08664.13	-1.39678109189375	-1.24120622606238	-1.58860666360209	-0.455401390699699	4.23884748164341	-0.0893258062448341	0.454363759197163	0.686961035586722	1	0.710242424242424	0.999885579937304
PF16868.8	0.414770576351419	0.360915243488011	0.47155437377041	0.220851311310155	3.22732484917911	0.0473149386158571	0.467688209061577	0.773276650298048	1	0.723060606060606	0.999988429752066
PF08905.14	-1.58920119832165	-1.65100838967826	-1.50715142906547	0.148964968375584	4.04810128809313	0.0314740945833846	0.486000000518925	0.731719405877807	1	0.707082251082251	0.998381960472941
PF06506.14	-0.663945642422425	0.113455684224619	-1.60209749908137	-1.6232878389383	3.72069389195499	-0.370348400471622	0.308000008341047	0.382743797589059	1	0.375779220779221	0.999562337662338
PF13660.9	-1.63570295542571	-2.17110496713169	-1.10964823671382	0.999016262678668	3.92831644030974	0.215562433446891	0.391333337557549	0.572406408536316	1	0.529108225108225	0.995687741981444
PF05161.16	-1.51018733407345	-2.14112816349088	-0.93307612595321	1.05664143303396	4.04113548852078	0.22522517410433	0.37574950523133	0.533916262399378	1	0.486038961038961	0.991780828983987
PF19598.2	-1.90195306544372	-1.7936127954252	-2.01950098116611	-0.256359191445215	4.35957669585128	-0.0536041432459322	0.474000000965574	0.721146718981406	1	0.750069264069264	0.999785528756957
PF08218.14	-1.956371341448	-2.25438327365738	-1.64111712806086	0.609859606644232	4.30788271295873	0.116263900558384	0.434377084415154	0.660404807955531	1	0.625896103896104	0.992505512829505
PF06406.14	-1.94490801187058	-1.79432546248019	-2.06363424944265	-0.278310004810288	4.5240811212153	-0.0554857222425094	0.474000000965574	0.698710533411059	1	0.725025974025974	0.999885579937304
PF13200.9	-1.30257200362248	-1.715832432003	-0.932123118708684	0.720807822849601	4.19127570560604	0.142938496646406	0.417333336481106	0.620679967963915	1	0.581108225108225	0.998683124709392
PF17032.8	-1.72963935432389	-1.37930621775578	-2.07050606822857	-0.839701247217958	4.26101196907582	-0.171816889576592	0.40866667016615	0.587387677512981	1	0.629311688311688	1
PF14446.9	-1.87758715859061	-2.18218288637819	-1.60228950813297	0.549779965534563	4.29670316895551	0.112305474065742	0.437041974384842	0.652124581650726	1	0.612454545454545	0.992449966158782
PF10947.11	-1.84816334810658	-2.24535023313181	-1.4821959277914	0.62602499651703	4.15774481122476	0.124147187434605	0.434377084415154	0.643594126714484	1	0.608761904761905	0.994797236802242
PF10097.12	-1.63705017151991	-2.18097104082266	-1.04053094604787	1.06809591135081	4.13323579795961	0.233110810007976	0.379080617675076	0.541614255581641	1	0.501320346320346	0.993295637047739
PF17645.4	-1.92094641308279	-2.21255237959226	-1.62941115360554	0.616059840039179	4.29742110585237	0.124771158914035	0.433333335847159	0.652311543260491	1	0.607225108225108	0.993709199536478
PF10123.12	-1.94968221777242	-1.72923204669454	-2.11205737611105	-0.291321090280054	4.27434615706622	-0.0544559897727177	0.466000001265109	0.709740628263308	1	0.730965367965368	0.999511740961741
PF14532.9	-0.834271986806168	-0.133065324218565	-1.57572515380427	-1.31767689052452	4.12347825705378	-0.279907406050856	0.352431718170889	0.493355871272487	1	0.489575757575758	1
PF17209.6	-1.85910672847348	-2.18746672757177	-1.55157957372242	0.601963307064578	4.34083857732881	0.12168677922015	0.436666669050594	0.656301692354111	1	0.624549783549784	0.99941321330185
PF06262.14	-1.9374512556797	-2.21057287187726	-1.53287302789723	0.666926825604938	4.28608010986787	0.134034417986211	0.42438374703289	0.644692744079908	1	0.610839826839827	0.995115222089449
PF10263.12	-1.86104314345642	-1.59623418665195	-2.12204500896049	-0.454286982447066	4.32286740884359	-0.0897135560908398	0.457028649169526	0.669739052346023	1	0.696419913419913	0.999978961038961
PF04620.15	-1.91920197136785	-2.23240820744223	-1.5257386166895	0.71070288117749	4.37422975529116	0.139656371253523	0.425716192016797	0.65274370381975	1	0.614922077922078	0.998655906869012
PF18978.3	-1.53322382565861	-1.1066199744206	-2.00805388184219	-0.955256637011231	4.04220688417768	-0.205255929128245	0.395069957424349	0.586719674175404	1	0.587805194805195	1
PF13627.9	-1.87717791447333	-1.72337134221699	-2.04353285579905	-0.42327973842546	4.01544632703089	-0.0803953983914304	0.452365091718084	0.6807088096016	1	0.707372294372294	0.999280909090909
PF11193.11	-0.658272683338336	-0.696798531628461	-0.626650095126315	0.0307855459899464	3.6118974523861	0.00505708377296376	0.494000000222254	0.774891086264097	1	0.7655670995671	1
PF03802.17	-1.60477599603693	-1.68585060194291	-1.52395106887995	0.173232466983123	4.04050737077123	0.0347306561790823	0.478666667458231	0.736633243961796	1	0.709614718614719	0.997597641068609
PF05489.15	-1.61246041184611	-1.22221376544487	-2.04334286165441	-0.72738400268403	4.00911693349504	-0.159048694311706	0.406395739763836	0.609165530921525	0.998921303912932	0.632917748917749	0.999846664698937
PF06995.14	-1.66107421874139	-1.76682095674132	-1.5837320604627	0.0383467547280762	4.3391415076277	0.00704494883436565	0.495669553791098	0.762072135328573	1	0.746229437229437	0.999785528756957
PF09684.13	-1.45677151002066	-0.660349687369949	-2.18103145420348	-1.32344131897728	4.03785907966359	-0.271116818674974	0.354000005911439	0.517324979600584	0.99987038436222	0.516428571428571	0.999562337662338
PF13644.9	-1.60987081214572	-1.01333650421613	-2.07610252930886	-1.09285398488629	4.32305223369601	-0.211303899400048	0.392405067464063	0.582840447552324	1	0.598515151515152	1
PF18481.4	-1.65868300686457	-1.17856291364171	-2.0676172213186	-0.839932980927794	4.14950707757753	-0.167275280881955	0.40933333680553	0.608813215439546	1	0.622848484848485	1
PF19407.2	2.64231550746945	2.37572988804327	3.07395252270503	0.653715507102953	1.25701704728693	0.473433008776265	0.28914058243768	0.341992628135069	1	0.281549783549784	0.989498743466971
PF11823.11	-1.34654092160345	-1.13620584112401	-1.58895695164205	-0.372723480513898	4.17494689484122	-0.0698310476779825	0.466666667906746	0.702161566591181	1	0.715861471861472	0.999952922077922
PF07287.14	-1.68702975661385	-1.31473453033347	-2.04107517332523	-0.735396179789256	4.15548515150153	-0.1333689106615	0.428381081984987	0.622983021606178	1	0.64438961038961	1
PF04412.16	-1.82710123850036	-2.03803595831988	-1.59915051035759	0.353766272908157	4.14857471921913	0.0665518929933995	0.462358429115068	0.69203871448449	1	0.650861471861472	0.996279445019994
PF06458.15	-1.59277370582899	-2.2344053228921	-0.886355586905494	1.31314658214151	4.26052194826759	0.25524932445877	0.379080617675076	0.540910103156078	1	0.475787878787879	0.98591380347045
PF02796.18	-1.65258399651677	-1.18228887229917	-2.0897748952983	-0.968067835978581	4.25850343131004	-0.204333898344834	0.399733514856683	0.565250833109544	1	0.602813852813853	0.999735930735931
PF14249.9	-1.63538696119642	-2.20982916370598	-1.05672889688607	0.954570617607228	3.93923754732743	0.202026679981916	0.395736179914541	0.560517760991089	1	0.518367965367965	0.995330164219319
PF02667.17	-1.3158080571079	-1.6080208621109	-1.07623116870128	0.435637800600623	4.00365359681608	0.0943810439615008	0.441705531832793	0.669152500650053	1	0.647324675324675	0.990010213371048
PF11672.11	-1.9448417224697	-1.82177274524143	-2.07745757638603	-0.25939343075555	4.37917097636875	-0.0510396557425854	0.474000000965574	0.698592167648677	1	0.72047619047619	0.999535816814764
PF03956.16	-2.0306356563298	-1.71956459489615	-2.30722460948305	-0.526640901521874	4.38361549971111	-0.111798784983816	0.443333335459407	0.675591455117008	1	0.691896103896104	0.999952922077922
PF16554.8	0.676018961384814	0.77092632971095	0.564361960876058	-0.451007655944354	3.12903954823169	-0.105387123848957	0.441039309340154	0.662634511978788	1	0.727428571428571	1
PF09043.14	1.47435604341244	1.05037731600709	1.9746842996483	0.749299862568312	2.0620544210537	0.337212132798433	0.355096608116218	0.537958024886067	1	0.434151515151515	0.999759731224249
PF12544.11	0.183250889697359	0.319705007275741	-0.0728380423097308	-0.355131860155001	3.27311865989018	-0.0861407769465033	0.443333335459407	0.615860395005532	1	0.727753246753247	1
PF14246.9	-1.91286362147349	-1.72734054735809	-2.15111100559564	-0.360417258393126	4.01090265241931	-0.0774546021099513	0.456362426676409	0.686766160618989	0.998382244966968	0.69217316017316	0.998142984509131
PF03457.17	1.18468131832378	-0.366204496512321	1.96760287141726	1.53534576498173	4.50734519447601	0.321498839091356	0.334666673541859	0.442192290786434	1	0.359108225108225	0.999763929618768
PF05728.15	-1.63557326724909	-1.67117163575753	-1.57298380950388	0.145224045744052	4.17668679035343	0.0303829310045012	0.48234510391832	0.716802909931481	1	0.692329004329004	0.998524659640617
PF19605.2	-1.81410820088565	-2.12199336681384	-1.46439702462475	0.595080955511233	4.05109806587132	0.123599567466443	0.433044639430472	0.649253041561409	0.999713855981811	0.611727272727273	0.99483122833549
PF16011.8	0.032643013543634	-0.626251028974846	0.702091938830233	1.06830663856605	3.7817566738742	0.23554897043785	0.368000005255151	0.560451298049346	1	0.464056277056277	0.999893742621015
PF20122.2	-1.94729582491147	-2.31339469276492	-1.534344599873	0.736387343781253	4.27574756953259	0.148224720955233	0.428381081984987	0.632448996614659	1	0.587467532467532	0.994341524581026
PF06249.15	2.6076005320312	2.98076779900632	1.67297740582872	-1.05823901998327	2.61257882849545	-0.308745358253352	0.365089945421798	0.560966759954041	1	0.50678354978355	1
PF14588.9	-1.65186817047711	-2.27587562708934	-1.12096140336832	1.05427814922039	4.09174195352844	0.212275188787302	0.386000004453745	0.559130526754064	1	0.499324675324675	0.997051308087723
PF16481.8	-1.33334230064518	-0.634671290705108	-2.03795367993985	-1.21649164669173	4.14334925713203	-0.264915033055599	0.356000005815711	0.525310901998029	0.999830944503834	0.50395670995671	0.999735930735931
PF08359.14	-1.595379262631	-1.78715130729922	-1.37944419681451	0.347915166729662	4.33169864753521	0.0704911045773681	0.46502331908821	0.699355759240734	1	0.679683982683983	0.999432579118085
PF12787.10	-0.576384484769787	-0.48650934164898	-0.753967862913266	-0.331134513766177	3.9683761252188	-0.0670773085584566	0.461025984128586	0.70494588097601	1	0.758467532467533	1
PF16569.8	1.46723280168848	0.770971295125098	2.37978224617309	1.40323495188261	3.57348796772352	0.329051439604396	0.322451706382074	0.424892883969285	1	0.335398268398268	1
PF01633.23	-0.775231494558708	-0.494871823486197	-1.02519773920126	-0.483406571504581	3.57906876303015	-0.122773083667242	0.434000002487791	0.654540942998918	1	0.665909090909091	0.999853620955316
PF04587.18	-0.321892260784126	0.1941920020032	-0.850627488940179	-0.90055764796457	4.1055643735921	-0.196151572287804	0.384666671178323	0.577594726490777	1	0.585891774891775	1
PF07385.15	-0.553782790486167	-1.55167011825739	0.138425675095126	1.6348372544567	3.59148441754333	0.391046477530551	0.299800142063257	0.370166735578087	1	0.318190476190476	0.983217688260534
PF08484.14	-1.88824379735442	-2.32098601185976	-1.41383947716814	0.88703898186312	4.28191302623638	0.164910476197216	0.416389077132241	0.587845702388655	1	0.540809523809524	0.992581209918774
PF14486.9	-1.80645369682621	-1.51740226890377	-2.09198077818554	-0.517418911656628	4.33391352258498	-0.0950737735562326	0.442371754325456	0.658404014381137	1	0.673246753246753	0.999484219410566
PF08901.14	-1.60101180693323	-1.68892139416081	-1.50114709792604	0.217108311242805	4.13291017028538	0.0444157214590689	0.479013991450479	0.714581545549301	1	0.703930735930736	0.997918660287081
PF04279.18	-1.85844880253399	-1.63929887590101	-2.08917575541452	-0.302705436599302	4.12450914345309	-0.0645964336732691	0.460666668132528	0.686207430109846	1	0.718688311688312	0.99925487012987
PF06149.15	-1.11042129554436	-0.703542139465097	-1.6222606334812	-0.783992465361876	3.88651850354962	-0.179820488964813	0.405729517272928	0.583823504918052	1	0.595974025974026	0.999562337662338
PF06166.15	-0.818220299655445	-1.23184061346954	-0.446140010816458	0.66175605865926	4.07046754479234	0.140361972502757	0.421333336320866	0.626034567039619	1	0.586056277056277	0.998893919540389
PF18002.4	-1.15993859568788	-0.749711269349897	-1.48620476648895	-1.11960433388605	4.75529347177173	-0.205452791704808	0.403333337052597	0.577655571582915	1	0.611930735930736	1
PF05045.15	-1.69808807148825	-1.79469991207694	-1.60968249617375	0.0120536499763819	4.17971822190854	0.00220858707320964	0.49866666671605	0.761569906198216	1	0.737562770562771	0.999551655999503
PF01208.20	-1.39482448266606	-1.70256196307796	-1.12348913059645	0.451368907520306	4.33037196340425	0.0917976078418742	0.451698869225096	0.683422195452916	1	0.66174025974026	0.996980785880786
PF09106.14	-1.34800044464639	-1.68612463231046	-0.953755506308243	0.665616366353611	4.02241333947775	0.143393644571344	0.415722854640748	0.615685313908193	1	0.573186147186147	0.994975094343228
PF09107.14	-1.41617142903357	-1.70438070861613	-1.10434522576969	0.529037745177349	4.0386975036865	0.113555714948211	0.433333335847159	0.654442151047297	1	0.616575757575758	0.996339887528109
PF12390.11	-1.63218703481546	-1.036023824875	-2.09524321485055	-1.13347003677988	4.30230493149072	-0.221848257952947	0.389333337643233	0.574819680790599	1	0.584329004329004	1
PF03841.16	-1.65978273779259	-1.08878870187702	-2.10410165335846	-1.01286804526139	4.26523943600365	-0.212954652113797	0.391333337557549	0.583930717605476	1	0.58047619047619	1
PF10668.12	-1.91908038355204	-1.66906613071825	-2.14738423940409	-0.387516932565097	4.12811871123511	-0.0835061770974616	0.455333335000962	0.659539979143385	1	0.689519480519481	0.99962072283212
PF02126.21	-1.54659763064158	-2.21836180518461	-0.779417713985301	1.49333678006926	4.30132505259375	0.297872481282669	0.353097940657105	0.502924292793796	1	0.443004329004329	0.990823113196809
PF06560.14	-1.89041226493392	-2.20862259197044	-1.60485184347266	0.496065575976257	4.19314256469971	0.0970527902825953	0.447035311774745	0.659756033994054	1	0.635683982683983	0.996799140816465
PF13823.9	-0.233813057302227	0.0669926412725248	-0.521974013079825	-0.72111211279355	3.57438096956357	-0.161550485035945	0.406395739763836	0.617008891137478	1	0.629753246753247	1
PF20383.1	-1.9050115301313	-2.22478276710322	-1.53492994153603	0.600956285768993	4.32421051345387	0.118345003009667	0.437041974384842	0.652456865305602	1	0.614147186147186	0.995850721398417
PF06792.14	-1.80986053133028	-2.24283556299672	-1.39829900126175	0.797182583451663	4.2227932766843	0.170200669886178	0.413057964675142	0.634962992305209	0.999637743788578	0.597887445887446	0.99319818777484
PF03812.16	-1.85571518050238	-2.1716500749113	-1.5465674164834	0.522803413802859	4.13803909392327	0.109974911647989	0.443333335459407	0.668168450156449	1	0.639242424242424	0.999043412147917
PF16593.8	-1.27708077802325	-1.7166425351847	-0.812027595260828	0.662746730573192	4.2595087281291	0.151913793302145	0.427714859492894	0.641591069884246	1	0.604874458874459	0.996970667648503
PF16592.8	-1.25465733092027	-1.70927132054749	-0.798917984148992	0.74404699517241	4.30119967676083	0.161125995984964	0.42038641208195	0.621803186098621	1	0.585722943722944	0.996901631923029
PF16595.8	-1.2964222685541	-1.70727257015936	-0.818800195905031	0.730549236744737	4.17911894052261	0.151101004722246	0.418666669760886	0.620698992025098	1	0.574744588744589	0.997371057439451
PF09563.13	-1.63483807813804	-2.13273722293967	-1.09318605880825	0.959343977390389	4.1218429713536	0.205488321060438	0.393071289954061	0.589988320620673	1	0.538852813852814	0.987773268171578
PF09471.13	0.0615656068785917	-0.765195387361428	1.06332402846729	1.9331937327032	3.9140252739126	0.418327165945848	0.295802807199215	0.357482278503209	1	0.266818181818182	0.988773893663317
PF18742.4	-1.54439518860759	-1.53126281938753	-1.56168648532571	-0.168984725623665	4.18728434498265	-0.0324475095804927	0.48234510391832	0.754229290587044	1	0.76830303030303	0.999657024793388
PF20453.1	-1.79788608558938	-2.11865702928105	-1.52581150109782	0.503869463825344	4.14658111110369	0.103786276320491	0.439333335613819	0.638773993185922	1	0.604541125541126	0.996608406436363
PF09903.12	-1.91389682987014	-2.15798608290331	-1.66376880324376	0.639940829175595	4.16766058150561	0.13432604733451	0.435043306907536	0.659009146575744	1	0.626437229437229	0.99727707374961
PF16138.8	-1.84720579067778	-2.17497516396889	-1.50905516840743	0.616948107384639	4.06769055427041	0.131832594621593	0.43637575189238	0.634966056851408	1	0.605961038961039	0.995887528848334
PF19615.2	-1.15183924453037	-0.823726279594081	-1.60021153129353	-0.682906611478211	3.75509510724191	-0.160683495608699	0.411725519692567	0.598082343452355	1	0.621800865800866	1
PF08681.14	-1.51761074397624	-1.03875807499924	-2.02416374569948	-0.85469992836754	4.05699679556125	-0.179144929145635	0.405729517272928	0.603286051446889	1	0.61282683982684	0.999500808727489
PF16219.8	-1.13368651737045	-1.72266781587548	-0.596321514847602	1.00642267586964	3.86917370135133	0.233823118441786	0.37574950523133	0.534915785268151	1	0.484385281385281	0.99406559692621
PF09848.12	-1.78796267404539	-1.53697725452568	-1.99617562335463	-0.450663220141188	4.25955596298627	-0.101842613484256	0.449700201746251	0.675607751208502	1	0.685939393939394	0.999689013689014
PF18211.4	-1.10991568840296	-0.755925460507713	-1.50597264690452	-0.648326225725926	3.77141243260864	-0.138696431269132	0.419333336400829	0.616465909132576	1	0.653722943722944	0.999952922077922
PF13427.9	-1.27687924243325	-1.70788898540313	-0.788568642627417	0.972667770034144	3.93020523911231	0.207318918154659	0.392000004195757	0.610397463266928	0.999409664097234	0.550445887445888	0.99386929519822
PF13392.9	-1.89636520238174	-2.23069127125146	-1.58070818452027	0.551292090032046	4.19925479888951	0.114948716470042	0.433044639430472	0.645383461680569	1	0.624519480519481	0.989402440910439
PF04556.15	-1.90021875695914	-2.15374848885646	-1.61656549939297	0.598154729266045	4.29753821104029	0.133437291082998	0.432666669206554	0.657086389257429	1	0.62908658008658	0.996026819641577
PF12077.11	-1.84068774539344	-2.15825932135147	-1.51850939684853	0.507136642407437	4.32486440725898	0.0997204186232417	0.444666668741459	0.666948122210594	1	0.623212121212121	0.998607475226474
PF15723.8	-1.86666945585375	-1.6849172673879	-2.08628569564409	-0.456400861563634	4.17637579356408	-0.0893140819945359	0.457694871662661	0.690183200012875	1	0.712593073593074	0.996618731634934
PF16656.8	-1.1389950981099	-1.69906480302031	-0.580316447290582	1.22084620946184	4.29145769993813	0.241088645268074	0.378414395186208	0.567594239945024	1	0.508744588744589	0.994903346538299
PF08022.15	-1.89255447287417	-2.24195371623737	-1.54680928855875	0.591312434993783	4.24303114409735	0.126745430458671	0.434000002487791	0.655081721905216	1	0.617865800865801	0.996747536575294
PF00146.24	-1.02154118148599	-0.6253047832643	-1.51422388750317	-0.736081747450487	4.00737143190009	-0.155440266206706	0.425049969524827	0.637728447677863	1	0.671112554112554	0.999893742621015
PF05015.16	-1.3206174766209	-1.73838365913408	-0.991250514933121	0.607133927700253	4.22975978672837	0.118053051031121	0.438374419369845	0.651524154355481	1	0.618281385281385	0.999988429752066
PF03599.19	2.30635431454887	1.61674478013665	2.714419935984	1.57374673298983	2.62349817504648	0.536697485269383	0.256495681360653	0.161536147779842	1	0.182766233766234	0.995569409918399
PF14063.9	-1.2264911874622	-1.55349786241334	-0.961019931739013	0.298355637208492	4.38525441013471	0.0589089005268432	0.471019321528573	0.721122433379689	1	0.708731601731602	0.999738450834879
PF18004.4	-1.94897918783538	-1.8220730551794	-2.06976066708173	-0.553174839565167	4.5185916547948	-0.103332160903701	0.449033979253343	0.665849493899092	1	0.708926406926407	1
PF11307.11	-1.90504582034542	-2.25876170089914	-1.54479638882433	0.747195084952029	4.22717917882648	0.152022078796352	0.42266666960106	0.624230686008832	1	0.593904761904762	0.993225242699951
PF02730.18	-0.856880558747886	-0.0662018226925314	-1.5673007654679	-1.43497646789941	4.01892695399302	-0.312893282593842	0.347768160769613	0.473117039399494	1	0.470229437229437	1
PF01314.21	-0.842616347920347	-0.168925668950016	-1.51569936174142	-1.42511949007436	4.08303432163459	-0.280346541113057	0.347768160769613	0.500992051952363	1	0.505194805194805	1
PF07675.14	-0.404679367970925	0.435011905899734	-1.55551907721689	-2.13644290013225	3.08205798397782	-0.605339791760393	0.208000016412335	0.163433349100326	0.998420954842791	0.203532467532468	0.999952922077922
PF16271.8	-1.55630125417003	-1.0574005695348	-2.00978245215528	-1.0184189779789	4.1197536017827	-0.225586594389936	0.384666671178323	0.571336680281671	1	0.574731601731602	0.999518939393939
PF05402.15	-0.441896215680183	-0.134885983700524	-0.85290153613853	-0.603584613904874	3.77824771413926	-0.140911942682247	0.42066666968082	0.617452049667988	1	0.645822510822511	1
PF04893.20	-1.64436164632537	-2.23075934213341	-1.07832795596197	1.11287551902551	4.05652853372878	0.237901269728652	0.371085947812638	0.560596548582709	1	0.512770562770563	0.995379048123456
PF03279.16	-1.61605777064597	-1.20767032810437	-2.02507264648384	-0.932472376393414	4.31412155553171	-0.183164779921161	0.408394407236809	0.605755806095604	1	0.624229437229437	1
PF15495.9	-1.31705686094503	-1.02683120791874	-1.56296826999209	-0.806647457956188	4.46478434093544	-0.150131477243089	0.423717524540984	0.673169246230399	1	0.684506493506494	1
PF16889.8	-1.88764780994209	-1.71415875012317	-2.06033076760658	-0.275172964417265	4.17406302648072	-0.0592244962771234	0.466355764074866	0.690302397044487	1	0.718147186147186	0.99862210516756
PF07884.17	-1.87860979986564	-1.77724936697367	-2.02401330692478	-0.418576650745434	4.30807389668249	-0.0800664652328967	0.456666668283751	0.690546412107716	1	0.730277056277056	1
PF17650.4	-1.06426281851145	-1.18589169189054	-0.970477555423796	0.289221938875406	4.3404961891233	0.0566143581844712	0.466666667906746	0.73083366639767	1	0.703	0.999785528756957
PF02563.19	0.197483357860654	0.498823497859497	-0.048521719597046	-0.489731313321612	4.0432477554704	-0.100670982337559	0.44000000225469	0.726846218586512	1	0.733874458874459	1
PF19112.3	-1.78487574027517	-1.64908087153077	-1.94815552434142	-0.251085338730391	4.02802360697883	-0.048216002023085	0.471333334398563	0.696676995459092	0.999864205430162	0.729251082251082	0.999952922077922
PF08269.14	-0.473098233185114	0.315323152711962	-1.55937196797253	-1.77232223452401	3.5632801795589	-0.423929481822044	0.280666676725781	0.337315949094637	1	0.334454545454545	1
PF07411.15	-0.808225632414206	-0.131691030005838	-1.59006958364097	-1.29899845259246	4.32727916504637	-0.261186573561988	0.364423722934262	0.527959526987276	1	0.549718614718615	1
PF14824.9	-1.8219564586926	-2.14290450978426	-1.53231120856966	0.657803952317814	4.29664434245032	0.128996135542819	0.437333335691362	0.653032948099727	1	0.618748917748918	0.998150533311369
PF05962.14	-1.37688437292602	-1.25759810521156	-1.50000517680199	-0.190950266536218	3.90090230731878	-0.036569821384585	0.478666667458231	0.699914892010158	1	0.734714285714286	0.999409890946374
PF13726.9	-0.70261492135034	-0.805330143632528	-0.586676694540135	0.258464054632431	3.33241511037058	0.0590999663559644	0.462000001415584	0.725399215176469	1	0.68069696969697	0.997160486079108
PF19524.2	-1.66467206673934	-1.69277089421949	-1.64018861435496	0.128754585421707	4.09487952243631	0.0277383761187666	0.487674883867214	0.734463556883949	1	0.702402597402597	0.999314378106906
PF13331.9	-1.91192159566466	-2.2911919162959	-1.52069107107981	0.623932393610632	4.0241113414308	0.129347317279517	0.431333335925431	0.649525879132866	1	0.610562770562771	0.997199909993548
PF12513.11	-1.17879353673354	-1.24009719520031	-1.11304180730742	-0.025842248820493	3.90940229909738	-0.00425163052633421	0.496666666790129	0.762649338482249	1	0.747194805194805	1
PF13111.9	-1.27718090411393	-1.1358769225916	-1.48447520889095	-0.377429155021134	3.71681849023684	-0.0912789450554919	0.454666668359595	0.650555137599807	1	0.693294372294372	0.999796206425154
PF18157.4	-1.38356317209053	-1.17701146750914	-1.60847235042887	-0.410337581261677	3.781562955302	-0.0831669836798385	0.451032646732127	0.654346798600201	1	0.682367965367965	0.999010170053232
PF13032.9	-1.33900310190324	-1.19319032017011	-1.4951140490827	-0.321525658312541	3.76481593992284	-0.0671276176679045	0.458000001566609	0.693853815358517	1	0.712748917748918	0.999663006458152
PF18155.4	-1.45311554981036	-0.818753302138355	-2.05407045256824	-1.16335778281782	4.14699964943586	-0.24417715936057	0.372000005073218	0.543877731445609	1	0.542463203463203	1
PF18154.4	-1.84942712757379	-1.71592174549381	-1.97060209233268	-0.27698147620829	4.11690237307366	-0.0581832810310504	0.468000001190059	0.694055802463959	1	0.713220779220779	0.999425139577819
PF10898.11	-1.85493240416468	-2.17617792633207	-1.54582076669556	0.562299821170456	4.11515577829041	0.11733355086015	0.446666668664708	0.686859952377641	1	0.657839826839827	0.998488227727561
PF02622.18	-1.89230913664592	-1.72386760910918	-2.08173810406842	-0.362125227172536	4.16468067522491	-0.0723683212432848	0.464357096594903	0.69159027568608	1	0.709532467532468	1
PF13410.9	-2.01405740437626	-2.43516121041729	-1.5830795824278	0.704562380724301	4.26781037920269	0.149964076864445	0.42066666968082	0.614857966128511	1	0.579307359307359	0.992993711761488
PF14229.9	-1.59968865745857	-1.18606769337411	-2.02317540906034	-1.02004773203716	4.41118016696617	-0.200383658759268	0.39333333747232	0.565857519209045	1	0.594316017316017	1
PF07591.14	-1.84409937911671	-1.64583660303639	-2.0847322580094	-0.391719455451012	4.09370130443388	-0.0776645369545323	0.452365091718084	0.673944730823858	1	0.695865800865801	0.999952922077922
PF04107.16	-1.38476198671037	-1.72617717588259	-1.08498084943282	0.597442366622938	4.17240996055071	0.121321773265555	0.428000002723133	0.646063135310556	1	0.613580086580087	0.994774561171016
PF13360.9	-1.93338481374329	-2.21754046232805	-1.62104264638145	0.433105378009774	4.2374562899988	0.0909729574219791	0.455029981690227	0.673747631298426	1	0.645285714285714	0.997815408163265
PF17170.7	-1.16713353710763	-1.29508263663021	-1.04263769212714	-0.000740333516320746	4.41100173982162	-0.000334416162222958	0.49966688875316	0.772413056444558	1	0.800770562770563	1
PF02304.18	-0.334362350314478	0.213262481594033	-1.05921024796431	-1.44159305900653	3.42785142451356	-0.377375650959811	0.307333341713425	0.339234762498816	1	0.401506493506494	1
PF06368.14	-1.8191862793294	-2.15769329055859	-1.52750634775351	0.596040525883986	4.24193081358401	0.129371064641219	0.435333335769139	0.638736862475434	1	0.603134199134199	0.998380422815446
PF14349.9	0.684988720972315	0.785675133315069	0.569962422959527	-0.180197230505295	4.06023075873202	-0.0392052021234467	0.47368421150238	0.764749290776544	1	0.820943722943723	1
PF05970.17	-1.65002018328851	-1.27467976491257	-2.00268652270747	-0.836076095002113	4.29631478387839	-0.166754630464181	0.413057964675142	0.602977430508038	1	0.633800865800866	1
PF19841.2	-1.57890394026954	-1.04369647718923	-1.99728441023074	-1.06920938201414	4.43371115755371	-0.221892339513026	0.392000004195757	0.558511811972458	1	0.561800865800866	1
PF19310.2	-0.802581593269493	-0.562931567247711	-1.01751924732283	-0.54533804899391	3.89773689288153	-0.109871207157569	0.433333335847159	0.677065256059682	1	0.684969696969697	1
PF11992.11	-1.93381710586639	-1.69531546686159	-2.13530473505981	-0.472347217456664	4.30427716065855	-0.0872759146309538	0.450666668511789	0.694619576812255	1	0.700722943722944	0.999952922077922
PF05872.15	-1.02355167832321	-0.676390784736578	-1.37541074796864	-0.70615263303637	4.07862400916079	-0.139059997078231	0.424666669521598	0.649479479768784	1	0.673463203463203	1
PF16582.8	-1.83908961675915	-1.6634325030228	-2.04523437449195	-0.293786137930021	4.20185201904905	-0.0596351970908915	0.466355764074866	0.691799457322661	1	0.718246753246753	0.999703280429677
PF20091.2	-1.86131360508273	-2.20563202658491	-1.55631936299259	0.592744605598767	4.17104551286945	0.131194603687159	0.434000002487791	0.658246123993636	1	0.632593073593074	0.996786471355071
PF19190.3	-1.80246367676834	-2.22609483291117	-1.32510283069785	0.867793946658427	4.32051005798775	0.163445468668008	0.412391742183836	0.608876220292442	1	0.556450216450217	0.990262977641773
PF17810.4	-1.30742052306358	-1.2625143159407	-1.39955599560663	-0.133424436238917	4.18206943279172	-0.0233209783525182	0.4840000005932	0.754527110411805	1	0.780562770562771	0.999952922077922
PF17944.4	-1.34395856952333	-1.29126603801462	-1.3946795773985	-0.187342662561625	4.19204693163859	-0.0414504863641373	0.480000000741928	0.729150887905242	1	0.757649350649351	1
PF07332.14	-1.87111631259936	-1.73233708791538	-1.98660451148176	-0.338913003496751	4.18612505803707	-0.0751815962550642	0.459333334849536	0.721196347162706	1	0.730891774891775	0.999885579937304
PF08471.13	-1.82961756737602	-1.71587859715478	-1.91628951588226	-0.219485823354142	4.17152510301266	-0.0478191417190497	0.474000000965574	0.702853071779846	1	0.723073593073593	0.999373229043684
PF13387.9	-1.88014502697739	-1.73497733308664	-2.05338813633421	-0.190733500486477	4.10255417435691	-0.03979069010477	0.478666667458231	0.721020210965682	1	0.738017316017316	0.998806396349862
PF07681.15	-1.60084431511472	-1.0139482383621	-2.00561404474639	-1.25305812853338	4.54920786845041	-0.230787083731666	0.395069957424349	0.581059741909067	1	0.586077922077922	1
PF10017.12	-1.84342618224583	-1.60240233453129	-2.06296160236379	-0.385573687569867	4.28796110155726	-0.0762974071966494	0.458000001566609	0.689323910177177	1	0.709891774891775	0.99985143527402
PF20330.1	-1.83663101872662	-2.12913877042602	-1.53339967075015	0.572964822871316	4.19180232525896	0.116159961180427	0.437708196877331	0.680608592439342	1	0.633493506493507	0.995601564425997
PF00686.22	1.09906008862484	1.68680738661673	0.441224911186819	-1.29624536455151	3.62135257169417	-0.312084276185752	0.317121926529746	0.414252795347895	1	0.410367965367965	1
PF15632.9	-1.43884241414551	-0.66943628114256	-2.05066884693907	-1.4412570628437	4.27908133420444	-0.298371868320138	0.342438380887421	0.471432217209372	1	0.481220779220779	1
PF06835.16	-1.58359614137426	-1.12094476612387	-1.98105631065023	-1.04816286183575	4.36493898220072	-0.212802784295347	0.397333337303178	0.608617270601903	1	0.621593073593074	1
PF09314.14	-1.23304012132102	-1.55749820722906	-1.01156557650764	0.311794890322863	4.29737239708217	0.0665868868827222	0.466000001265109	0.69904518781854	1	0.682787878787879	1
PF00240.26	4.92139146523727	3.88409132370368	5.76204249116193	1.50538549972751	1.5665470234835	0.99415459757567	0.148666692369559	0.0450075966331782	1	0.0396320346320347	0.980117753247565
PF10988.11	0.109802864140774	-0.686170843797164	0.48156209413734	0.949765546702872	3.76706938059552	0.208365528759777	0.406395739763836	0.501200779256381	1	0.563017316017316	0.99957568508047
PF00463.24	-1.90238134911561	-2.21515785650531	-1.63906381287264	0.655306084986637	4.29415773147348	0.134780836220175	0.437041974384842	0.644583511699323	1	0.615822510822511	0.998213151551996
PF04728.16	-1.8446810665992	-2.20492568625595	-1.43015062218328	0.726658510078873	4.45864042012921	0.143222400692985	0.424000002881386	0.675413654038133	1	0.621458874458874	0.994583591942816
PF10799.11	-1.87955032328241	-2.18813018023975	-1.62577385214057	0.537898025204854	4.24503472307386	0.107954130976466	0.441333335536504	0.660411979796486	1	0.632978354978355	0.997721923895319
PF03741.19	-1.84458367407313	-1.77068192962963	-1.94760146908141	-0.232543513698384	4.1260404517885	-0.0514869914460213	0.471019321528573	0.721934007040935	1	0.735064935064935	0.997102805216854
PF02467.19	-1.92154284107162	-2.21976481092394	-1.54789061337015	0.631393893053672	4.26111539656298	0.119395444567655	0.436000002409853	0.652327945863036	0.999609688567168	0.615857142857143	0.992544193112663
PF04465.15	-1.91825436824159	-2.16601912388425	-1.6583508866666	0.564277694358634	4.2271791639219	0.112780842623491	0.443333335459407	0.677435704558394	1	0.636212121212121	0.996862236805275
PF04325.16	-1.83995518484658	-2.17078534758913	-1.45696052214053	0.709001431337928	4.20974236635597	0.145476751948726	0.425333336161842	0.642380617528231	1	0.603839826839827	0.997257611448372
PF05321.14	-1.82947647465492	-2.22767635005595	-1.45798986817096	0.589749894825734	4.09174789734171	0.12013655953219	0.429713526969265	0.633355632642259	0.998703654214692	0.60047619047619	0.994405103225097
PF11168.11	-1.89327970821717	-2.26656027376941	-1.55510760299582	0.676111838839059	4.39242860926393	0.13322334422455	0.42704863700083	0.639407822998186	1	0.611883116883117	0.995074072877521
PF01323.23	-1.24133093816368	-1.51889664743732	-0.921658251846497	0.541593391673493	4.05265296936251	0.109636167340423	0.435709529399944	0.660457410958085	1	0.626142857142857	0.999175957741318
PF01597.22	-1.3287405188122	-0.68347860196674	-1.90954388655013	-1.10183900650308	4.04784719935598	-0.228435589341271	0.368000005255151	0.521095317989115	0.999775755575801	0.529528138528139	0.999562337662338
PF14237.9	-0.711873852783907	-0.479553933738499	-0.91236430071901	-0.232413836835476	4.40445539822051	-0.04000691646843	0.478000000816395	0.769610321417654	1	0.805090909090909	1
PF03740.16	-0.797946267845949	0.0462420031971105	-1.30207371612077	-1.37402025489789	4.59298168830125	-0.245973659419711	0.368000005255151	0.552632052094001	1	0.527	1
PF14509.9	0.082797863769656	-0.0438705938562913	0.202021013232582	0.14453049316067	3.58495094700349	0.0345368058775821	0.480346436437592	0.744932041383547	1	0.745402597402598	1
PF07758.14	-1.82947176387648	-1.65849812720718	-1.95758567717761	-0.192975547581395	3.93324425891705	-0.0463774601339442	0.478000000816395	0.714838581072513	1	0.742948051948052	0.999301590753744
PF18895.3	-1.82286125065436	-1.59113141702479	-2.05980538854905	-0.360558298137573	4.06333115124999	-0.0737448614073177	0.454666668359595	0.680717964175324	0.998871035530422	0.716056277056277	0.999880053548799
PF18483.4	-1.8704257889903	-1.72699044345079	-2.00153739962423	-0.293657498364933	4.33217131330094	-0.0585543671178269	0.465333334623486	0.706267317768257	1	0.730675324675325	0.999838044308633
PF17041.8	-1.8440244630755	-1.67394186157874	-1.96963987770589	-0.616514336138653	4.59958879023299	-0.113742107939226	0.441333335536504	0.663961403563328	1	0.698909090909091	1
PF09330.14	-1.82251696975457	-1.7037633091151	-1.97013660515727	-0.305011130684187	4.33430308258372	-0.0608232573414845	0.466666667906746	0.710133849232418	1	0.735385281385281	0.999885710938546
PF04505.15	-0.39956091426957	0.684377015952869	-1.46187224496156	-1.75090167961023	4.15040175902252	-0.366926224479135	0.312666674737943	0.432954309639398	1	0.382735930735931	1
PF00963.21	1.32396651281807	1.44717395623377	1.20498146102981	-0.266898671670005	2.40981993367202	-0.0873612771053004	0.447035311774745	0.723248976105879	1	0.732887445887446	1
PF18731.4	-1.95508463883377	-2.32988804629902	-1.56342910764442	0.763866175909564	4.34270029552648	0.146202823504474	0.425716192016797	0.652424671023676	1	0.616662337662338	0.993641674738813
PF19952.2	-1.85772219770864	-2.11295356527635	-1.61646567646446	0.553604723686665	4.43395924423928	0.107043065309006	0.438666668972974	0.676044793324144	1	0.632991341991342	0.998374928682401
PF13103.9	-1.99041625725312	-1.88219272063873	-2.04893714134008	-0.295253417612147	4.32220074722972	-0.0597982903532736	0.47368421150238	0.707693589683616	1	0.745878787878788	1
PF04957.15	-1.89152566164963	-2.32111465741703	-1.45705351127332	0.679414427941555	4.22117954814208	0.137940635549163	0.428666669363533	0.62405021675089	1	0.586930735930736	0.996136514025861
PF02694.18	-1.93484480796836	-2.35430411461188	-1.51530292386008	0.585010287816218	4.19594216709264	0.119184488471585	0.430666669284912	0.645303910648282	1	0.597987012987013	0.992785287447728
PF16119.8	-0.489726566078179	-0.374147659091519	-0.56346384671375	-0.192655236918204	4.00671257900757	-0.0401256326481865	0.47666666753275	0.77177548433546	1	0.766437229437229	1
PF03109.19	-1.93785742027948	-2.33852878921279	-1.51404000856023	0.840257589813732	4.15634194708179	0.158031623221515	0.418000003120978	0.621722384626424	1	0.582112554112554	0.994971415806948
PF11306.11	-1.42946882449569	-1.28153746400309	-1.55572083000673	-0.249000979446415	4.21783115707887	-0.0526269534463033	0.466666667906746	0.728310719101068	1	0.754961038961039	0.999714891774892
PF00328.25	-0.973707573021766	-0.301526901613225	-1.48959172881895	-1.14103421957197	3.93516228114674	-0.247399915209264	0.368666671891333	0.538536649487678	1	0.522290043290043	1
PF11751.11	-1.58334140289261	-1.0816883531015	-2.0981044472423	-0.965923046979137	4.12039492218354	-0.201571272798498	0.395736179914541	0.577028947292621	1	0.592796536796537	0.999905844155844
PF00875.21	-1.87132223676673	-2.18034852827634	-1.51491147652255	0.526728171899227	4.30735486152435	0.105130346587709	0.438000002332155	0.665698571647626	1	0.636264069264069	0.99478241467809
PF01921.21	-1.94667998465377	-2.31039329871541	-1.5719442231275	0.60108353403719	4.30767631488243	0.120450817479851	0.43970686435495	0.645390259323146	1	0.613839826839827	0.993084944549831
PF01363.24	-1.92305485528867	-1.78674782823977	-2.04155458036007	-0.366568348150448	4.36219459898677	-0.0670368251601845	0.464666667981876	0.688589068592753	1	0.707761904761905	0.999573975044563
PF18823.4	-1.88651962992814	-2.19540938347334	-1.56033711063269	0.504080505568854	4.16919377215025	0.102675514715016	0.444000002100421	0.646990467569964	1	0.615874458874459	0.998504255390071
PF05034.16	-1.60765358795296	-1.68756625797672	-1.52050780644552	0.248768690581696	4.13728838780791	0.0477990519831399	0.472000001040299	0.708100726084199	1	0.687515151515152	0.998564633882441
PF07476.14	-1.61593411649456	-1.63482992549076	-1.59557673867012	0.090215198364219	4.04188514175209	0.0151763914829677	0.489333333728575	0.71898557683804	1	0.696597402597403	0.998787205379289
PF05547.14	-0.887629084366512	-0.707465415518151	-1.03926103439104	-0.279951923501788	3.66423288644489	-0.0597657098794668	0.468354431554951	0.707960704349383	1	0.723069264069264	0.998
PF01364.21	-1.06306390114568	-0.0962750914570174	-1.61308627685736	-1.29593297587597	4.39162848934921	-0.248107083540641	0.362000005532558	0.550521665201973	1	0.532367965367965	1
PF09674.13	-1.68425892179499	-1.71954246457138	-1.62529684481679	0.189489283024439	4.29374913649943	0.0320053175406467	0.48500999389272	0.745757875436143	1	0.721974025974026	0.999430577991646
PF04734.16	-1.65263314611964	-1.72966744015081	-1.56955321141034	0.0934661871116242	4.0661942471481	0.0203836675442797	0.491333333654417	0.739803022788995	1	0.725463203463203	0.996626923076923
PF03548.18	-1.89495538831149	-1.71193565664068	-2.09085647819166	-0.455908473517741	4.40392908192723	-0.0926137876926378	0.449700201746251	0.689176785704589	1	0.700623376623377	0.999838044308633
PF18085.4	-1.8401992154234	-1.57830304514136	-2.09937913895362	-0.411403266851463	4.11984110975905	-0.0877263211224703	0.44533333538252	0.670522452861053	1	0.691939393939394	0.999792846497765
PF04261.15	-1.32255970565848	-1.10482571485299	-1.47516607777528	-0.471735519018543	4.19613511932625	-0.0970997423703484	0.446369089281922	0.692291148858573	1	0.701441558441558	1
PF17999.4	-1.89024948206317	-2.26060272852733	-1.54618318569323	0.684586055119859	4.18063097914627	0.134542688482248	0.428666669363533	0.639739217620205	0.999703749142097	0.602748917748918	0.993531953078509
PF05985.14	-0.441843571698107	-1.02310739448649	0.0365592689583751	0.848369716667789	3.75017393677262	0.177180618410525	0.400000003858024	0.569434334219392	1	0.518939393939394	0.998574658110892
PF01710.19	-1.21476771323298	-0.813469173907415	-1.6158547964225	-0.793991321014727	4.1627355029514	-0.165392555329144	0.40933333680553	0.625249966716778	1	0.647818181818182	0.999885579937304
PF02870.18	-1.85550868838839	-1.75261401907719	-1.95028619122221	-0.323616480258204	4.34793407589533	-0.0572799074723528	0.472000001040299	0.709511515558276	1	0.727082251082251	0.998862581083857
PF09413.13	-1.64117270015978	-1.69843367472009	-1.5744179883955	-0.114629064672698	4.55382493713984	-0.0196407296682596	0.488000000444701	0.763644522420788	1	0.784233766233766	1
PF05154.19	-1.89006223016541	-1.59151604237683	-2.13990444303972	-0.582898629232024	4.53225818347979	-0.113759203506711	0.446666668664708	0.667728553292922	1	0.695064935064935	1
PF19773.2	-1.87987712454523	-2.18093103268614	-1.55262979941546	0.553012424310623	4.16431909151941	0.122656521643666	0.435333335769139	0.654238200308821	1	0.623722943722944	0.994486022004782
PF14353.9	-1.89358773525313	-2.18111401921922	-1.548020819265	0.604833182314166	4.24367497292862	0.132172134624884	0.437708196877331	0.644521057663406	1	0.604748917748918	0.99748449936411
PF13605.9	-1.82722514025191	-1.66997908666468	-1.98008601314518	-0.362605436769095	4.10181574852175	-0.0776987230821206	0.458000001566609	0.694492595898526	1	0.715597402597403	0.999312261324847
PF13148.9	-1.90645084039063	-1.80721312969106	-2.04726295808001	-0.338978509793988	4.39931230706951	-0.0572469266056191	0.466000001265109	0.71193841352963	1	0.729233766233766	0.999988429752066
PF07994.15	1.79672554403263	2.09563582336828	1.395875503587	-0.653123162865882	2.30816665378061	-0.242422007526509	0.371752170300835	0.451593511452014	1	0.53412987012987	1
PF01658.20	1.7837033286094	2.17381434262577	1.46765843627721	-0.707094458201341	2.27403016079542	-0.24857594707812	0.362000005532558	0.440891060021425	1	0.510510822510822	1
PF14294.9	1.85639206035605	3.02122162324568	1.10204856468633	-1.64494520436356	2.51806149675401	-0.602064629096104	0.238507674872341	0.169073858402776	1	0.186004329004329	1
PF00022.22	4.13093258939597	3.0465600851	5.37860039146805	1.99706166663865	1.54239454280103	1.29185082713165	0.0853333825251375	0.0103481753585146	0.999703749142097	0.0109047619047619	0.883268601351895
PF09411.13	-1.5356393076551	-1.17937966463983	-1.92372150390825	-0.716838172708732	4.14831964969356	-0.140711411349574	0.418387744606937	0.627993267840742	1	0.636121212121212	0.999420306965761
PF14394.9	-1.86831342429927	-1.7026022704792	-2.04426241728283	-0.250405966170464	4.14543846200662	-0.0472690704951666	0.472000001040299	0.725669308148039	1	0.739939393939394	0.999311476566911
PF13480.10	-1.63165854527471	-1.68340240919398	-1.58208858240658	0.0979582442131708	4.30937656516907	0.0158755909768989	0.490000000370519	0.736218729450234	1	0.717623376623377	0.999368656133467
PF02709.17	-1.87400522895114	-1.66415282710012	-2.05217883834231	-0.508232250078302	4.40432024545552	-0.104631397864563	0.453333335076917	0.682586399415181	1	0.704207792207792	1
PF10131.12	-1.89104649250589	-1.68627687764268	-2.09283456385434	-0.432132170880975	4.52372012665642	-0.0827212755436221	0.457028649169526	0.692774404560383	1	0.717636363636364	0.999735930735931
PF10101.12	-1.5179097098277	-1.47945853575279	-1.55642683211182	-0.0758635002406889	4.26301355533763	-0.0187427198182218	0.485676216386335	0.753796456433903	1	0.755861471861472	0.999755619380619
PF02239.19	-1.9028140632889	-2.06572250319654	-1.63724338611335	0.467394028678672	4.33730710461222	0.0930127287628557	0.448000001946984	0.658205478764742	1	0.631506493506494	0.997986695694202
PF13433.9	-1.83254618940464	-2.14197507968344	-1.49729846892327	0.572440113783399	4.2589491283699	0.109218889216361	0.436666669050594	0.660227091295529	1	0.616748917748918	0.997143054550993
PF14126.9	-1.83458822004044	-2.2052692703191	-1.53863634950158	0.670973659717942	4.14502810926498	0.135365963634187	0.430666669284912	0.64851403284875	1	0.608965367965368	0.996615462549039
PF18939.3	-1.7792839445766	-1.58241223499712	-1.96243919451936	-0.269604361585574	4.03258467884537	-0.0541468639953633	0.470000001115125	0.685219610636695	1	0.709359307359307	0.999298268398268
PF13428.9	-1.84835074689154	-1.70864837300273	-1.97195482437327	-0.317073355662042	4.37348880055414	-0.0592901454286226	0.467688209061577	0.711000119126104	1	0.731186147186147	0.999632293080054
PF20216.1	-1.85629670406655	-2.24295614293348	-1.48771601514156	0.666905628544305	4.21533832805017	0.126705184042858	0.428000002723133	0.628139476274512	1	0.586709956709957	0.995862645051124
PF13516.9	-1.00326742480978	-1.64540854196763	-0.167372084381615	1.48038591300296	3.93340734757021	0.326352096424384	0.331112598656842	0.459586216369468	1	0.389753246753247	0.991634590416242
PF14502.9	-1.93186056297906	-1.76783204113017	-2.11704109867654	-0.245906592278056	4.14637816363471	-0.0437379664605758	0.478666667458231	0.713821082406385	1	0.738818181818182	0.999597488038278
PF14503.9	-1.89979209859944	-1.61369832136421	-2.13821026110545	-0.390207045217459	4.17834462442586	-0.0794209318099409	0.453031314211091	0.686270805075475	0.999061032923097	0.700623376623377	0.997678426435069
PF10941.11	-1.88751364921961	-2.24767709893436	-1.54239331824493	0.567664006223825	4.16499142404389	0.117907579994453	0.43637575189238	0.655870434636104	1	0.608502164502165	0.992765561631351
PF10110.12	-1.39703010321023	-0.805769290439702	-2.12234378979172	-1.25725480619038	3.71942049047144	-0.285102283379435	0.348666672836835	0.452390221989041	0.998832604506011	0.49012987012987	0.999562337662338
PF03899.18	-1.91441173747386	-1.66738008260398	-2.14681671746443	-0.397064084698997	4.37322895769039	-0.0835406085506809	0.456666668283751	0.688165872593113	1	0.703316017316017	0.999735930735931
PF18143.4	-1.6529920812632	-1.69124952644915	-1.59674009242034	0.0727822029297531	4.24721757210887	0.0155790667525777	0.490666667012466	0.733177540487869	1	0.722103896103896	0.999790966386555
PF10882.11	-1.5925354469575	-1.68403603997575	-1.49336801892345	0.199617162400573	4.20598720246905	0.0457208600688615	0.482000000667532	0.736897289883967	1	0.717337662337662	0.999735930735931
PF00274.22	1.74357389844835	1.19567795686742	2.1342503352228	0.935765410569684	2.11153382798315	0.382383452558384	0.30533334183134	0.315093023860017	1	0.294917748917749	0.99239574427445
PF06612.14	-1.85063692801487	-2.15705975974873	-1.5193274091355	0.56253141895425	4.16464237449325	0.120066479720245	0.443704199310853	0.659027544655824	1	0.621034632034632	0.99573090764897
PF06998.14	-0.514371982894058	-0.486082839019596	-0.547150795489868	-0.0127915747603726	3.54774321710152	-0.00390440662481689	0.497333333432102	0.757824740791951	1	0.74795670995671	1
PF04454.15	-1.99461450703926	-1.80813883822822	-2.19201108910149	-0.372106348045235	4.36188406838446	-0.0730494595433657	0.462000001415584	0.701776680895147	1	0.726904761904762	1
PF08333.14	-1.85624148204947	-1.78355598668368	-1.95647685065609	-0.238912874130532	4.34379070038406	-0.0423800948552981	0.479013991450479	0.718875037308262	1	0.744571428571429	0.997893742621015
PF12727.10	-1.41246167324068	-0.787691027650321	-1.97239633054754	-1.10458374542522	4.14390102367748	-0.213713941356378	0.372418392789095	0.55766142642645	1	0.543679653679654	1
PF14508.9	0.0542530867034046	-0.13697619029424	0.180354425514826	0.165858434815471	3.5737632344862	0.0364064001323702	0.474666667607353	0.725827476247631	1	0.716796536796537	1
PF10566.12	0.0939421442392945	-0.0257107677337256	0.159214581547984	0.0745889239900182	3.63559022340752	0.0124563206343652	0.490339773841787	0.739662826952114	1	0.747025974025974	0.999838044308633
PF00891.21	-1.86651090797156	-2.26874326044566	-1.47048164611726	0.719312664035392	4.28791240205221	0.14824636366507	0.429047304477111	0.613666526022074	1	0.573484848484848	0.991447767104201
PF01020.20	-0.246389363553703	-1.83562493370482	0.861497976720743	2.48817249862767	3.61304873319749	0.58786565719294	0.235333346951534	0.221213942759402	0.999315772936771	0.163692640692641	0.974892276677768
PF10771.12	-1.19848281571443	-0.300875229421527	-2.05522106541067	-1.65854413525101	3.95102126395603	-0.348268076106325	0.311792146684833	0.432662208352497	1	0.416147186147186	1
PF00995.26	-1.85926312030945	-1.6629597327965	-2.0272942579125	-0.377469032538797	4.18825511467526	-0.0780458621727037	0.464666667981876	0.701133279494978	1	0.713493506493507	0.997066126526035
PF00429.22	-1.77683934617143	-1.48213392173226	-2.01845268450349	-0.561704913396928	4.19440004752445	-0.105617346080443	0.442000002177447	0.671259643344471	1	0.688606060606061	0.999644565960355
PF00129.21	1.92149281973802	0.876067671609247	2.82188267088882	2.04811983242778	3.11589601346968	0.61236243884842	0.193204548512871	0.129845024821288	1	0.0793073593073593	0.986923971078067
PF07654.18	3.3820798418909	2.42890959931029	4.00537971059345	1.36558963584147	2.17749887411805	0.539449095916722	0.231179227843191	0.198614325126673	1	0.131337662337662	0.99784748777562
PF20050.2	-1.61752543656614	-1.26152445262431	-2.06171737844246	-0.7757733090844	4.13221420518242	-0.152973952057201	0.417333336481106	0.617144306411763	1	0.636151515151515	0.997697236570248
PF06942.15	-1.95866998263344	-1.77445580505152	-2.14832765465453	-0.429891890734691	4.43396015300021	-0.0844707067739537	0.455696204183309	0.665332224041986	1	0.698748917748918	0.999952922077922
PF14529.9	-1.6540690611141	-1.73073626570928	-1.57559283128665	0.133189305906124	4.35217538484788	0.0221404305911215	0.489007328854492	0.726304647498147	1	0.725385281385281	0.997792846497765
PF14267.9	-1.88084000305884	-1.70891073665334	-2.04867965451314	-0.377509477468955	4.16608062648139	-0.071471068388517	0.458000001566609	0.71791691736824	0.998449458515458	0.733069264069264	0.999952922077922
PF17127.7	-1.13345468401708	-0.727312629648672	-1.57874232565169	-0.754415367262341	3.99172690134237	-0.16068133151355	0.409726852218993	0.601019481454085	1	0.628108225108225	0.999735930735931
PF20283.1	-1.26980304532942	-0.489262518207126	-2.01432548450855	-1.49726289632307	3.98356386661562	-0.329368580708926	0.337333340071168	0.454800073509335	1	0.465632034632035	0.999952922077922
PF07721.17	-1.88150240096282	-2.12374106249761	-1.57285663410171	0.556987740163772	4.27232041930318	0.119535609277721	0.441705531832793	0.674456316347287	1	0.634333333333333	0.990940852905686
PF19278.2	-0.934477867212983	-0.309490528548944	-1.50486551439062	-0.93598678498788	4.90074654904985	-0.16702686332494	0.417055299623771	0.652105978446816	1	0.663896103896104	1
PF20217.1	-1.1807785010871	-0.796099696235289	-1.55658158169201	-0.672584316244107	3.91177323721042	-0.145076559146512	0.420000003040807	0.637967412874648	1	0.655645021645022	1
PF20187.1	-1.90486900272659	-2.16976929327005	-1.58790609221353	0.515680536057857	4.26673849750737	0.100694886102838	0.444666668741459	0.651250692127932	1	0.625813852813853	0.996280834230809
PF09511.13	-1.91157501858048	-2.29287553876601	-1.49021192131255	0.622746000678327	4.11058690597062	0.130671420319354	0.42704863700083	0.639551510632432	1	0.606268398268398	0.998007662616804
PF17425.5	0.163748799253234	-0.162478665981359	0.707683930603052	0.790747472472781	3.77156300554354	0.177870071539993	0.39333333747232	0.645105353996076	1	0.533142857142857	0.998727047667651
PF05935.14	0.123190915218195	-0.190351654222154	0.61788200224199	0.751632729812821	3.80968942996047	0.167399413911545	0.40066667049685	0.677407348656919	1	0.569787878787879	0.998948733207405
PF20282.1	-1.85254917037675	-2.1447578541605	-1.56782913200524	0.473748434153705	4.15117123863509	0.102876779403533	0.441333335536504	0.666061704983985	1	0.631160173160173	0.99772217106202
PF14072.9	-1.88207595549142	-2.14301548397253	-1.56280732394633	0.552517878261403	4.22798151347401	0.118353750752014	0.44000000225469	0.64328345526645	1	0.611614718614719	0.993911948259077
PF07538.14	-1.78784244839063	-2.15094995122849	-1.4177809752207	0.572682588592119	4.21809027322884	0.129972751948785	0.434666669128451	0.649753487671804	1	0.603506493506494	0.989864542747013
PF06381.14	-1.82232352857983	-1.6889767791206	-1.99950329591398	-0.327605980445736	4.11047174442183	-0.0690122245353427	0.462666668057134	0.683712105812145	1	0.703060606060606	0.997832684102303
PF14132.9	-0.818351820168712	-0.811489806717114	-0.846694057218548	0.0448140140580415	3.94423479923836	0.00945300633380827	0.49100599633544	0.772791568138348	1	0.753073593073593	1
PF02893.23	-1.82520710356675	-1.65647167349827	-1.95626576087174	-0.254272074217213	4.12330088698755	-0.0563048505080131	0.476000000890941	0.713050133854754	1	0.73504329004329	0.999871582365003
PF14137.9	-1.90103269525607	-2.24651041137325	-1.53714757782032	0.590101749252516	4.14881807577553	0.133441899894804	0.438000002332155	0.651735622459015	1	0.610056277056277	0.994487386154814
PF20541.1	-1.95539397461926	-2.34079534967649	-1.52454053388365	0.816205912760908	4.24503765781167	0.154910859935168	0.42105263457369	0.640799314274771	1	0.599666666666667	0.994361703143656
PF12532.11	-1.27200478766618	-0.294291356273848	-2.0118101600898	-1.57881017388613	4.24585998321717	-0.32738947132861	0.316455704048718	0.459529774760627	0.99970764308976	0.446168831168831	1
PF09669.13	-1.73786760699364	-1.54570136724138	-1.9598512968296	-0.457051828783953	4.06626679570529	-0.0786525616113991	0.450366424239179	0.678666473337848	0.99899074251082	0.706554112554113	0.999838044308633
PF04965.17	-1.87602824506263	-2.2063126982538	-1.51349345103483	0.644484635937619	4.27068232154646	0.130092649099284	0.428666669363533	0.656121347414636	1	0.620571428571429	0.995480834584226
PF18818.4	-1.85199275837997	-1.6621980313905	-2.03956588887651	-0.47785110410817	4.32718758423619	-0.0934943145334372	0.452666668435606	0.683411539256046	1	0.706519480519481	0.999562337662338
PF14292.9	-1.35482116726965	-0.992866931917385	-1.69330461893478	-0.536531202167889	4.27837168154763	-0.108042864128297	0.442000002177447	0.671394671158458	1	0.684701298701299	0.999822727272727
PF16411.8	-1.6048353795585	-1.87295077575884	-1.31763124840376	0.644901021021406	4.58127743748845	0.117166474511667	0.441333335536504	0.669231467299196	1	0.633181818181818	0.997976454037718
PF19509.2	-1.62930120760301	-1.70391668572948	-1.53960342945111	0.166821794633965	4.32738149473655	0.0330977280267244	0.484666667235102	0.728840526198332	1	0.706450216450216	0.999885579937304
PF14300.9	-1.87296039107759	-2.17040998743664	-1.59596087161756	0.51551519607893	4.18770014935855	0.110558236340144	0.437708196877331	0.649975056932876	1	0.623012987012987	0.995946395073497
PF04335.16	-1.92751122339832	-1.87641798204399	-1.96966907342235	-0.370458410910385	4.55878812216127	-0.0701529659151391	0.4633333346987	0.692242459660805	1	0.7324329004329	0.999952922077922
PF07432.16	-1.82105670611363	-1.7306403661395	-1.91387047892616	-0.289417314116466	4.20349582047594	-0.0552185691999525	0.473333334323805	0.698007172455508	1	0.731281385281385	0.999915123586091
PF14125.9	-1.89631674035726	-1.60791199509204	-2.12424502527007	-0.629810521682872	4.40250213321006	-0.122011825478348	0.433710861922799	0.668573909404847	1	0.687385281385281	0.999885579937304
PF07075.14	-1.52504910185683	-0.985095828996623	-2.0671370029524	-1.07299320386832	4.29481272023306	-0.211028559606047	0.387075287545898	0.5624176140408	1	0.577272727272727	1
PF03825.19	-1.22980270466474	-0.419845740507071	-2.06858030800031	-1.61768104765639	3.88566501217471	-0.368157399611511	0.320666674289219	0.415522770834289	1	0.416051948051948	1
PF06321.14	-1.55410851819524	-0.97471600724299	-2.0117539163618	-1.34972744289815	4.89302967175043	-0.241937654037847	0.380000004716091	0.536996529876471	1	0.561341991341991	1
PF14684.9	1.64076477923626	2.14616907002836	1.23989827706185	-1.03505993345266	2.03648461145496	-0.446031994189075	0.291333342691635	0.377201042793827	1	0.343021645021645	1
PF14685.9	0.718134936838083	1.34788190149498	0.158226169262575	-1.30043811301115	3.1117352592743	-0.360622859642074	0.300666675444484	0.425198148645472	1	0.35352380952381	1
PF05117.15	-1.85717716612517	-1.66031539635477	-2.06107839900583	-0.358152478475652	4.06450707774704	-0.0722304672309488	0.457028649169526	0.693300085321083	1	0.702398268398268	0.999708806818182
PF14900.9	3.0603497504763	2.97633600609427	3.12387000328797	-0.306278475109781	2.1136630879988	-0.137323271891347	0.443333335459407	0.668082992755637	1	0.782060606060606	1
PF13201.9	1.72601963931533	2.36767823179191	1.08136942199732	-1.41897868910433	2.18505477583772	-0.56018880493071	0.236509007497088	0.164427354192376	1	0.207744588744589	1
PF15283.9	-1.87164393164844	-1.70030212423176	-2.03379403651703	-0.511944710395945	4.38787871740658	-0.101278826140292	0.446666668664708	0.667796774537348	1	0.699419913419913	0.999988429752066
PF05258.15	-1.80562809874948	-1.5744351189934	-2.04198002680364	-0.383845791078546	4.1393524089695	-0.0787321910365296	0.457333334925171	0.679211265284519	1	0.704761904761905	0.999589551691247
PF14371.9	-1.83326678880668	-1.68393018901303	-1.98676325774807	-0.330149558386412	4.18665385507987	-0.0647043606060774	0.465689541581532	0.709893289460244	1	0.727705627705628	0.999482610268988
PF09112.13	-1.86586233648487	-1.79307738140942	-1.92583914001271	-0.115208151482492	4.22583594098569	-0.0268979387211696	0.488000000444701	0.74013450275759	0.999183718292341	0.752203463203463	0.99761725556935
PF09113.13	-1.91586969513609	-1.78159287372193	-2.05945463457958	-0.374024629967302	4.25432561817951	-0.0735857999199576	0.459333334849536	0.711995097621347	1	0.740056277056277	1
PF14052.9	-1.57529669867712	-1.09528894984106	-1.99908033719635	-1.00535896862064	4.4342227506245	-0.192722942696035	0.402666670413595	0.60288470688927	1	0.615709956709957	0.998
PF16217.8	-1.48290201942209	-0.825656162699534	-2.13216175635276	-1.21377470531941	4.15915357021675	-0.259710698372546	0.368000005255151	0.517758706582383	1	0.53087012987013	1
PF13584.9	-1.48164659598032	-1.44333492442739	-1.51355822893559	-0.165567234399943	4.26628450488186	-0.0323861498797126	0.48101265893116	0.755015736607882	1	0.774575757575758	0.999893742621015
PF11644.11	-1.59889039567686	-1.18360614760078	-2.02774832962883	-0.839561371936425	4.1534072063678	-0.167583133514355	0.407728184745777	0.598512099393715	0.998602896594622	0.614891774891775	0.999994473611495
PF16585.8	-1.4901026534343	-0.94442045787238	-1.97599772005713	-1.0266823459807	4.10274174142371	-0.227704621671815	0.382666671265601	0.589906874933224	1	0.599965367965368	1
PF19755.2	-0.736321313778985	-0.729656816968316	-0.750345393136745	-0.463497911022565	4.56931965491242	-0.0824460550062321	0.456666668283751	0.735767245877873	1	0.757718614718615	1
PF19573.2	-1.56417561438142	-1.62177980394021	-1.50128250426033	-0.0811698914147341	4.60775363474305	-0.017487354863242	0.490339773841787	0.75002023045496	1	0.774103896103896	1
PF12864.10	-1.41616789398627	-0.781153677930748	-2.13113797025103	-1.27407734426197	4.05671920448158	-0.267119394803323	0.360666672261638	0.492183984540427	1	0.507965367965368	1
PF16115.8	-1.39590872835895	-0.770191278925918	-2.06054240832959	-1.21251349187915	4.01283076570578	-0.266948049035681	0.358666672355798	0.5173800696246	1	0.507406926406926	1
PF17116.8	-1.06775512495558	-1.12296225134101	-1.01297385441995	0.149361604464838	4.24326723739518	0.0279732040127868	0.48434377139911	0.756524437005568	1	0.74808658008658	0.999317853795689
PF18174.4	-1.86347320213084	-1.63920555622451	-2.04954569638507	-0.432848649627231	4.18360873140628	-0.0860097727953815	0.455696204183309	0.684959944068674	1	0.705935064935065	0.999918660287081
PF18175.4	-1.91056980752707	-1.724132595374	-2.06137142604354	-0.371024002596835	4.32321181582404	-0.0662032836125568	0.462358429115068	0.688568622988378	1	0.708705627705628	0.9987220582824
PF06293.17	-1.89305157719462	-1.54289269233153	-2.19198147433831	-0.731280028004615	4.42995534007287	-0.157726655126706	0.420000003040807	0.650575370167886	1	0.669757575757576	1
PF09640.13	-1.26582413395788	-0.466718324572239	-1.99151230516572	-1.52362907993132	4.00662117627085	-0.321973735043642	0.32111926141832	0.475164052146658	1	0.463852813852814	0.999952922077922
PF18347.4	-1.25847627843991	-1.61478820831531	-0.880641542778134	0.694494861872892	4.21989352699068	0.135718282830526	0.426382414508798	0.63784567403533	1	0.592190476190476	0.995257082444698
PF14902.9	-1.40230866919435	-1.78221645982253	-1.06791279875908	0.572079874207975	4.21661598152532	0.109959081867742	0.438666668972974	0.662633166891135	1	0.628467532467533	0.999013145512001
PF11325.11	-1.6045838687263	-1.20207864107711	-1.95647119724712	-0.722191320411359	3.96457088907882	-0.140517826853793	0.413333336642635	0.590732191275416	1	0.624649350649351	0.999773958509023
PF14092.9	-1.38754894828915	-1.11037861635189	-1.68517716781081	-0.430488661387372	4.14085021293198	-0.093469729971568	0.449700201746251	0.684636033847461	1	0.707670995670996	1
PF16352.8	-1.97162791129676	-1.88979212934311	-2.04783885395218	-0.302374380290712	4.43729459130321	-0.0636994400071908	0.470000001115125	0.713606473358106	1	0.741121212121212	1
PF11810.11	0.186581077957222	1.08520182986222	-0.869754899689521	-1.91709860593279	3.15069166725673	-0.524790676603628	0.232666680531382	0.233306383505403	0.99726744814091	0.216948051948052	0.999688852813853
PF07959.15	-1.24105676197333	-0.949524059917384	-1.43858386225211	-0.869578030011378	4.63269021886952	-0.156225517308831	0.42038641208195	0.651661792621821	1	0.677025974025974	1
PF07813.15	-1.88807936789984	-1.70438859623981	-2.02910233479221	-0.359768683717625	4.27830720500177	-0.072062852188391	0.461333334774048	0.706536922196083	1	0.723809523809524	0.999544883727694
PF02253.18	-0.880543412420694	-0.659165867399905	-1.03370271942143	-0.442182958282612	3.92718815329661	-0.0979987925362101	0.451333335153042	0.695624545690274	1	0.703463203463203	1
PF03724.19	0.100206080244739	1.62372247770178	-1.3685128215747	-2.84372413203723	3.77265433494142	-0.644363111855908	0.194000018120103	0.180303613201072	1	0.121588744588745	0.999688852813853
PF17145.7	-1.72721055235576	-1.27773340323453	-2.18237415604879	-0.957582517786928	4.28039078473001	-0.190980621598376	0.403730849800456	0.599380842826532	0.999864205430162	0.603683982683983	0.999905844155844
PF19572.2	-1.96950967100595	-1.83601123866054	-2.08237990082687	-0.402501459501553	4.36305196798643	-0.0730271885711489	0.457028649169526	0.687277662422107	1	0.722320346320346	0.999918660287081
PF19515.2	-1.8993229855889	-2.24805969251472	-1.64947853353742	0.692814708255209	4.40133536719854	0.13324624418712	0.429047304477111	0.665706759425627	1	0.630562770562771	0.994786689848115
PF08885.14	-1.96053146233843	-1.83898331581493	-2.11069660467151	-0.402790064085929	4.56693215670935	-0.0794116066563065	0.458000001566609	0.708026153394664	1	0.725601731601732	0.999874805194805
PF14129.9	-1.37609101300163	-1.04538452372018	-1.65250460828415	-0.62233804576249	4.12511071715532	-0.123570080137742	0.430000002644423	0.655368481322565	1	0.670012987012987	0.998
PF18348.4	-1.96040977905786	-1.70541019907583	-2.17644319477249	-0.562074937686224	4.38463029657111	-0.114284014653097	0.44000000225469	0.660858818465619	1	0.680199134199134	1
PF16109.8	-1.03505704216317	-0.583946636955513	-1.5220718096802	-0.918853158685152	3.85679783610307	-0.187631610792324	0.387075287545898	0.568733454872218	1	0.591359307359307	1
PF13562.9	-1.3903964580142	-1.19890736018672	-1.59890344547498	-0.391552128004747	4.09447911540262	-0.0822930041440099	0.455696204183309	0.694229295010912	1	0.713722943722944	0.997913066525311
PF07313.15	-1.64462913177325	-1.74793948523585	-1.5507043112666	0.230234792001133	4.26191228739654	0.0499290116258172	0.473017989008912	0.737433744736846	1	0.713532467532468	0.998919497439713
PF18451.4	-1.64863305288886	-1.27922704869203	-2.01179583358364	-0.885005347932067	4.23352677593609	-0.174536669408004	0.414390409657871	0.627919732620467	1	0.650606060606061	1
PF07022.16	-1.98132359304998	-1.81367495172808	-2.14908230135437	-0.414558099093529	4.36452074691924	-0.0773867525786222	0.457028649169526	0.68836322468207	1	0.713428571428571	0.997487940630798
PF06123.15	-1.66164909163356	-0.954536182036583	-2.17117884654469	-1.59100049210349	4.85178007647609	-0.289481756223459	0.362000005532558	0.509028052431674	1	0.529727272727273	1
PF13404.9	-1.86995780970805	-1.66334800425411	-2.04759436913411	-0.297840695021436	4.30117552701488	-0.0653681744537943	0.468666667831736	0.700109784939143	1	0.726584415584416	0.999790966386555
PF07659.14	-1.52750376966741	-2.24251799059087	-0.663898459433542	1.45399072109845	4.14367073908407	0.307516974398549	0.344666673034318	0.478837404245918	1	0.415714285714286	0.983568979121631
PF11777.11	-1.87456032656857	-1.61956411460302	-2.07561412885626	-0.628155499607453	4.47191489522467	-0.12977372276953	0.438666668972974	0.649352394433773	1	0.681038961038961	0.999952922077922
PF15869.8	-1.89115931240253	-1.75992357914615	-2.00577589427585	-0.430511634482496	4.47584132362058	-0.0854300526034674	0.459027316648982	0.694111190549489	1	0.712857142857143	0.998908247596559
PF19762.2	-1.8644616740439	-1.639312038769	-2.08044208855203	-0.362112710010146	4.13289457267929	-0.0799872757466972	0.46502331908821	0.699952626615314	1	0.712190476190476	0.997346984241055
PF06441.15	-1.88503821524324	-2.17116631661008	-1.62784459829004	0.55556103693087	4.12714771219132	0.111199985037288	0.44037308684754	0.648893767110758	1	0.631398268398268	0.998476939244349
PF14898.9	-1.86482571485615	-1.71316271809191	-2.0224382714968	-0.249301772995963	4.10701022991004	-0.0570558401216182	0.47368421150238	0.708002063802429	1	0.723722943722944	0.999589428402306
PF03349.19	-0.879408829458226	-1.21312275998118	-0.556081797202388	0.536770929784057	3.89637460614627	0.119122845883462	0.441705531832793	0.687085579540088	1	0.626580086580087	0.998946607091968
PF19910.2	-1.2795165812826	-0.548173862080076	-2.01981605892868	-1.43784285305943	3.9549151307875	-0.292154144353216	0.345103270827835	0.474957470151087	1	0.466722943722944	1
PF16584.8	-1.79398778637292	-2.14181135902353	-1.52477900229431	0.483263983519483	4.0606937971305	0.096628069454773	0.448367756760455	0.666781568434922	1	0.630718614718615	0.994398359676713
PF12954.10	-1.44859683243501	-0.794443255179527	-2.04549253486162	-1.37708611499892	4.03782848983585	-0.301625155920737	0.359333338991004	0.502921356025455	1	0.520380952380952	0.999905844155844
PF20329.1	-1.53108592517463	-0.955606797537643	-2.04298849966627	-1.00257169123247	4.22566446076864	-0.20405920212508	0.387333337729382	0.576251689821697	1	0.575718614718615	1
PF12667.10	0.839958998968748	1.2212793029532	0.419901889740829	-0.799886518254139	2.21928124038043	-0.256876491479326	0.345769493313153	0.50171792861285	1	0.481515151515152	1
PF17415.5	0.823625880779352	1.20205033941937	0.462790398193864	-0.672262446976666	2.21342916036097	-0.237767435311283	0.357333339085605	0.544457388218216	1	0.512982683982684	1
PF19886.2	-1.40166500788299	-1.41305429952481	-1.37845392305274	0.0552764862190456	4.19760088460774	0.0117652053302372	0.493670886310086	0.750277494314778	1	0.734852813852814	0.999735930735931
PF10503.12	-1.68098085855623	-1.72757631415591	-1.63062550460746	0.173075048926664	4.33628110554801	0.0355668075506833	0.482000000667532	0.733701686847694	1	0.716493506493507	0.999792846497765
PF13723.9	-1.89032485630106	-1.75777270480681	-1.9919087064502	-0.170170295183452	4.21208266549702	-0.0385849492939801	0.479680213944031	0.718546191942403	1	0.737965367965368	0.995735930735931
PF14717.9	0.0449803770356834	0.851650403213183	-0.661405598264904	-1.26546321703768	3.52552901662467	-0.304520991103522	0.325333340701651	0.483051730343086	1	0.412069264069264	0.999562337662338
PF16820.8	1.60013754931971	1.31966965996994	1.82157993236123	-0.370920217804063	4.05550612579729	-0.0725567678765597	0.46369087410161	0.751866833370502	1	0.832428571428571	1
PF05096.15	-1.54455876489942	-0.930515826930864	-2.15197747648619	-1.06458817003588	4.03277002946541	-0.224253947900708	0.382666671265601	0.554761100771529	1	0.567965367965368	1
PF16120.8	-1.31796796965262	-1.70554088441155	-0.892497041812947	0.70038924157358	4.06665635713224	0.144699204517433	0.423333336241206	0.624052700371755	1	0.598069264069264	0.999325242488923
PF09697.13	-1.59871197673358	-1.15865252539381	-2.04247652127831	-0.71826108794312	3.99434052591419	-0.142237212344988	0.425333336161842	0.610727948608006	1	0.625467532467533	1
PF15892.8	-1.59762091380777	-1.68626209574268	-1.52044470752532	0.146040859389114	4.19296332130337	0.030399560232808	0.485676216386335	0.745481931288997	1	0.725718614718615	0.999487940630798
PF16371.8	-0.0614845008858644	-1.17391814492585	0.860801597980541	1.86909106751767	3.20975994403781	0.51755768756883	0.235333346951534	0.275263071494717	1	0.201406926406926	0.975446649286568
PF16370.8	-0.112320829172396	-1.26613101229184	0.787005567445284	1.92362047227224	3.38419059552938	0.493528292509374	0.242505009630695	0.266938545836263	0.998801561131875	0.19338961038961	0.970227709609591
PF16702.8	-1.63369582106382	-1.66766033563981	-1.59274439522626	0.10789824453089	4.03554581807227	0.0280562838111951	0.488341106360851	0.732593894165045	1	0.712709956709957	0.999017795004039
PF11790.11	-1.93912459959584	-1.73777526479142	-2.15047067670534	-0.32255322725622	4.20208697256785	-0.0644773817009609	0.466355764074866	0.692365746492171	1	0.712636363636364	1
PF17162.7	-0.581457948132897	-0.180856311631646	-1.07452736992601	-0.820067530450765	3.44708834770909	-0.198706864407399	0.394403734934204	0.568430926934654	1	0.571588744588745	0.999952922077922
PF17148.7	-0.305224028321903	-0.176840728088523	-0.464021587018419	-0.326349914386754	3.52491017585904	-0.0763388458753788	0.459693539142167	0.714068875672181	1	0.751727272727273	1
PF16313.8	-0.307485304915943	-0.150458784201591	-0.468878234884892	-0.287327604315202	3.3084169298308	-0.0656080227912923	0.459027316648982	0.691843042175963	1	0.739056277056277	0.999853620955316
PF13859.9	-1.877337676203	-1.72777762118805	-2.03128529630256	-0.373905791718092	4.16070603818423	-0.0780371167245892	0.460000001491024	0.708308491440082	1	0.734155844155844	1
PF16227.8	-1.68719907876267	-1.70915824045818	-1.66018506501928	0.14686263370076	4.1398506511247	0.029188281205624	0.48301132641191	0.731963155084262	1	0.706424242424243	0.998841570747165
PF12984.10	-1.61932741744014	-2.21922093031481	-1.01584616019927	1.0242705644932	3.98016522005109	0.218145890838558	0.38840773252513	0.540163808725925	1	0.495787878787879	0.987617884934218
PF14386.9	-1.6235385769458	-1.65480153533329	-1.57521485421284	0.138665334392519	4.26790017333735	0.0237424329388844	0.486000000518925	0.755398560729002	0.999962730502594	0.726030303030303	0.997544578969418
PF19904.2	-0.412012588534238	0.00361033095108265	-0.829174504008307	-0.630817305609777	4.09196245624372	-0.128967466590355	0.424666669521598	0.648774098799961	1	0.670662337662338	1
PF14060.9	-1.88737937171562	-2.25894619845804	-1.53702772321576	0.761921306965675	4.24668149584224	0.145299314043223	0.416389077132241	0.64513774969652	1	0.619341991341991	0.994370627503014
PF16387.8	-0.716611665855293	-0.655617662640591	-0.816292524636701	-0.19837967893475	3.82369011958928	-0.0423911872644143	0.475016656489348	0.697670981334854	1	0.736493506493507	0.999893742621015
PF19579.2	-1.88467731332824	-2.26885415334488	-1.49428081492012	0.602896061282996	4.13762717004232	0.113242809030918	0.435709529399944	0.64046563551874	1	0.606662337662338	0.996852175007837
PF14511.9	-1.05328582452222	-0.521003963971657	-1.49104248314352	-0.907754490251122	3.66449773892854	-0.210944372399396	0.385333337816007	0.57663131062194	1	0.565424242424242	0.999838044308633
PF14055.9	-1.84778255948701	-2.26786958786332	-1.53163080997781	0.583976203452062	4.23595766579786	0.121575512067572	0.433044639430472	0.639719306584074	1	0.609082251082251	0.997709314816458
PF13712.9	-1.60232269536021	-1.64183539891147	-1.55344123237753	-0.0446955392910944	4.18206993025962	-0.0102033705773214	0.494337108803755	0.756925517948698	1	0.746731601731602	0.999632995712421
PF13944.9	-1.88274314649767	-2.26640054471991	-1.55524425989422	0.656184547930893	4.27556817640868	0.136881901068661	0.432378416938174	0.644703186879148	1	0.606532467532468	0.998274854366413
PF16361.8	3.29421708575062	2.82708789821741	3.59485698695441	0.734562221621722	1.96753555506839	0.328038246360257	0.338666673336384	0.446268702236368	1	0.35469696969697	1
PF09087.14	-1.91969635106797	-1.75407325931241	-2.0489439595016	-0.253794984053409	4.32025194881602	-0.0560573242672388	0.474350433995858	0.711210565416391	1	0.738796536796537	0.999358554488989
PF10438.12	-1.87534896408984	-1.68378983569037	-2.09640822228267	-0.539294495286801	4.25164610205095	-0.109200390819269	0.448666668588154	0.683701036275252	1	0.703926406926407	0.997952922077922
PF16270.8	-1.81124960943902	-2.14649417341092	-1.47150513033512	0.695135529093846	4.12482557890358	0.133702594403542	0.430666669284912	0.647849944681455	1	0.604194805194805	0.99695950241004
PF17138.7	-1.92882372383174	-1.6600919508001	-2.14497053749962	-0.455542688281394	4.17729880646295	-0.0852922692363017	0.455333335000962	0.680523844903973	1	0.697839826839827	0.99787400968937
PF17141.7	-1.89674552387043	-1.71904948792061	-2.05144622043997	-0.342972259164043	4.17611614441499	-0.0721406566485667	0.461692206621819	0.699988890007515	1	0.713943722943723	1
PF14391.9	-1.79227762996112	-1.62661563190708	-1.98021439302125	-0.33297870680219	4.03562490236098	-0.0689007150950899	0.462666668057134	0.697483918181527	1	0.719316017316017	0.999083797155226
PF16269.8	-1.62590701572204	-1.59560654403254	-1.66218887701552	0.012473178015763	4.03237147587696	0.00210472192035256	0.498000000074075	0.74850493493453	1	0.731714285714286	0.998054287327579
PF03092.19	-1.91066455410273	-2.19967636173785	-1.56793140038771	0.529640008246608	4.28453893329757	0.102719392100898	0.443704199310853	0.661258610800117	1	0.623268398268398	0.997525812165775
PF14587.9	-1.93786645475149	-2.23809401336653	-1.61781119529141	0.528920064913475	4.14253953322729	0.120985772108821	0.436666669050594	0.661146152046694	1	0.627536796536797	0.996734165832934
PF11860.11	-1.11737237816592	-0.799234252968967	-1.53541366420525	-0.711209916214907	3.84967327485966	-0.169276492040452	0.419720189590245	0.596777734983066	1	0.640692640692641	1
PF19808.2	-2.00497925940492	-1.88097414114481	-2.10830788583872	-0.308586227684559	4.41385313602056	-0.0623407352848386	0.467688209061577	0.721400123921941	1	0.737290043290043	1
PF03837.17	-1.81281957437298	-2.12581714110328	-1.51431366374425	0.726182550236669	4.26380737821055	0.137360242340905	0.432378416938174	0.642570519047898	1	0.604554112554113	0.995011572376467
PF18763.4	-1.84164761473566	-2.21511653258044	-1.54530121235313	0.734520743078247	4.18076105147304	0.150948317207461	0.421718857065464	0.638244575772423	1	0.606329004329004	0.993162686578151
PF06863.15	-1.89003148569506	-1.73419925103215	-2.02093122281565	-0.369106320486797	4.32655517584313	-0.0715021626113972	0.460666668132528	0.69921261817505	0.998382244966968	0.720900432900433	0.999201798201798
PF06742.14	-1.86935933650474	-1.71709802001487	-2.05139163290445	-0.27607292970266	4.39548081006111	-0.0520709834533009	0.469333334473424	0.700241663378387	1	0.728510822510823	1
PF14417.9	-1.85774038876977	-2.14450053630538	-1.52365669178629	0.642250486167159	4.28381992274794	0.125812056226761	0.435333335769139	0.660966792336604	1	0.628177489177489	0.993841075911876
PF16375.8	-1.96249283399133	-2.25776143839374	-1.67810324628676	0.546148326388861	4.14559849908866	0.110207481849991	0.440666668895584	0.659822761497158	1	0.62252380952381	0.998653775645208
PF20620.1	-1.98629348923843	-2.30479611102907	-1.59804300512959	0.711403347238975	4.331843657528	0.142576677969238	0.429713526969265	0.637994244640865	1	0.605757575757576	0.995927593235545
PF16255.8	-1.94686164410507	-1.84101231697941	-2.06345147652442	-0.417014850983872	4.44000785710206	-0.0753431916640734	0.460666668132528	0.703121330828519	1	0.726800865800866	1
PF19512.2	-1.95096584378618	-2.2585785034626	-1.66638957887373	0.573950384567754	4.38808590723771	0.114657942276665	0.43970686435495	0.654447798049115	1	0.614554112554113	0.998832990341222
PF01166.21	0.339738574746886	-0.221179411473756	1.09923901242188	1.26553191460899	3.3808454315867	0.304029468387212	0.312000008109442	0.486756859817322	1	0.331021645021645	0.991034309701454
PF04045.17	0.811845448611911	0.171468675308935	1.25158081978656	1.13595922695739	2.71415950565546	0.356661201308565	0.309793479244992	0.314703896086347	1	0.322865800865801	0.994750845878362
PF06623.14	2.16390472674954	1.59364962337275	2.96487907260573	1.11144775442679	2.40993781064623	0.376773532572402	0.325333340701651	0.369432485700635	1	0.326051948051948	0.999915123586091
PF00241.23	3.74470290953555	3.15559898217327	4.14087765712947	0.823566919716492	1.61471722318624	0.46842693882507	0.309793479244992	0.315113036238425	1	0.25374025974026	1
PF04758.17	1.32264674068353	0.875622508675701	1.77217185652392	0.92088083234747	2.55672046297989	0.308270150311843	0.339107268463884	0.387393755069327	1	0.38878354978355	0.998823682050675
PF12301.11	-1.87311227220059	-2.20675378858938	-1.52586292595021	0.579098440037402	4.39372701723801	0.121240131648679	0.441039309340154	0.650428459274203	1	0.604813852813853	0.996925749548826
PF03247.17	-1.10818302288228	-1.77517233479919	-0.584619050083117	1.01781780792145	4.11681345246159	0.19852622359069	0.387741510035488	0.558593357386853	1	0.516324675324675	0.999232197765522
PF00307.34	-1.65307355739703	-2.17333451447781	-1.07908538917738	1.05604212769029	4.15398292815524	0.210159201174171	0.381745507631124	0.571522549833299	1	0.525385281385281	0.994530403458257
PF03953.20	0.917907985103013	0.364953681832329	1.33698072941472	1.21475991014799	2.69646465936623	0.365916545293321	0.296469029676195	0.281486607275224	1	0.292995670995671	0.993326142614243
PF20177.1	-1.95357591888843	-1.74924419715515	-2.1673508920231	-0.43426573765087	4.41963393924679	-0.0863903994520935	0.452000001794314	0.662852729716886	1	0.693627705627706	0.999632293080054
PF06877.14	-1.87329510063234	-2.20311967296686	-1.57419824113187	0.440860545592023	4.28049225955611	0.0879278172859901	0.448666668588154	0.660705126620779	1	0.634705627705628	0.995518970417946
PF03272.16	0.0858928791503093	-0.422170182270663	0.478098530785365	0.794988887357825	3.44577588073161	0.185296176195535	0.391738844974114	0.583817502081806	1	0.530363636363636	0.999790966386555
PF13700.9	-1.31850706441596	-1.11106230397869	-1.44892641518501	-0.326851194958489	4.7174995890925	-0.061633778104674	0.468666667831736	0.748931848559503	1	0.780363636363636	0.999893742621015
PF08877.13	-1.85758583755654	-2.25622035094439	-1.45883986317728	0.680494004783442	4.10225848670775	0.136724615825524	0.428000002723133	0.63861638174446	1	0.594792207792208	0.990821048829808
PF05876.15	-1.21509183857548	-0.954097668121116	-1.54058195484805	-0.453629485145325	3.88800299575288	-0.104006461454872	0.442666668818415	0.658271695071778	1	0.682324675324675	0.999585692995529
PF20454.1	-1.27810731619219	-0.973998766808029	-1.53111220637724	-0.425780371826036	3.80533066169646	-0.105086901119348	0.438374419369845	0.673371067536616	1	0.690515151515152	0.999856242767134
PF20342.1	-1.8797845264684	-1.71275915007784	-2.05790376904376	-0.375013579339648	4.20778292341601	-0.0814976697014095	0.456362426676409	0.664738430972731	1	0.701155844155844	0.999785528756957
PF03744.16	-1.88127959307666	-1.62613888329778	-2.09078085969228	-0.521198509687704	4.41168148917197	-0.102083897211432	0.448666668588154	0.662908051430492	1	0.689082251082251	1
PF09950.12	-1.47127364780793	-0.947586144256023	-2.027288744517	-0.977600694251447	4.08430524632658	-0.201336508202121	0.380000004716091	0.581149858865335	1	0.588385281385281	0.999885579937304
PF16208.8	-1.29013809966235	-2.1979113285001	-0.433356743746649	1.60048008662241	3.9515686733814	0.338114770499885	0.325782818793355	0.427891522525385	1	0.359354978354978	0.983215401888967
PF00038.24	-1.25915703489348	-2.24452202998817	-0.364985416367951	1.7427464212096	4.10758729262222	0.381688343529991	0.298467697108004	0.389464542299574	0.999900201939891	0.319761904761905	0.984576119616097
PF18216.4	-1.2140280116155	-0.930071591817591	-1.55699427392735	-0.402961810677091	4.4414900354009	-0.0799156303584717	0.466666667906746	0.704728378172195	1	0.736614718614719	0.99924987012987
PF19786.2	-1.09401871581903	-0.773065559689949	-1.49776501488241	-0.44429854035239	3.87159080443582	-0.094894824794164	0.454000001718247	0.663868344102712	1	0.698800865800866	1
PF16280.8	-1.85443280802432	-1.70033534558145	-2.03910532075867	-0.235734033098384	4.17821055868957	-0.0487474850660687	0.472000001040299	0.703655315046896	1	0.732489177489178	0.999286203914238
PF17924.4	-1.82923093345784	-1.61536151493413	-2.06305307629647	-0.546072006783787	4.16979452736491	-0.109522848750651	0.44533333538252	0.668031737484325	1	0.688238095238095	0.999735930735931
PF09979.12	-1.57445715285805	-1.55714305563553	-1.57991843718305	0.0365396707201313	4.06142060560448	0.0050307990025291	0.495669553791098	0.754357875989203	1	0.722268398268398	0.999635971993867
PF13785.9	-1.66937818253408	-1.71347296253953	-1.61743780982088	0.17132687861689	4.13580677265929	0.0389565620959811	0.479680213944031	0.744938709461734	1	0.72712987012987	0.997314552150684
PF10133.12	-1.9555577167403	-2.24879257759809	-1.60673141027912	0.495382627187654	4.39788820767579	0.100836342142173	0.443333335459407	0.67593121192676	1	0.628497835497836	0.992051023406533
PF10050.12	-1.67870901482567	-1.72098591974602	-1.63040072441813	0.0453027340924406	4.17072499810457	0.00883922567091158	0.493670886310086	0.756751152391047	1	0.729108225108225	1
PF14305.9	-1.88203220548031	-1.63054121721713	-2.14992435760649	-0.495054083446482	4.12756381513829	-0.102495860545915	0.443333335459407	0.653405614634809	1	0.679333333333333	1
PF10706.12	-1.60977723375664	-1.71851990526015	-1.47154068974636	0.198608691153779	4.20821058070234	0.0433232367570463	0.478666667458231	0.730217491328652	1	0.704380952380952	0.999784648890315
PF02556.17	-1.88785705386051	-1.6547409040262	-2.16044067171371	-0.417547192023881	4.28985594553167	-0.0813548468858434	0.456362426676409	0.67282762385464	1	0.694575757575758	0.999885579937304
PF08937.14	-1.40630533095819	-1.29584260454203	-1.51486008975301	-0.23493284243378	4.12948580595199	-0.0488300111400033	0.473333334323805	0.716226904050585	1	0.75765367965368	1
PF11518.11	-1.85223332163176	-1.68719696573628	-1.99881956682596	-0.320793855213179	4.21519782358434	-0.0703677073595477	0.465689541581532	0.679995905631867	1	0.710264069264069	0.998
PF01779.20	-1.07407542740729	-1.8191196152034	-0.324114763634213	1.28040172380135	4.14458459331687	0.262823135649986	0.368421057860494	0.520100956122591	1	0.466411255411255	0.993254990545045
PF13619.9	-1.78512296740333	-1.59682819331893	-1.97366786060224	-0.331379376351569	4.02264703614394	-0.0693838158933779	0.464666667981876	0.691051341110936	1	0.719974025974026	0.999735930735931
PF19880.2	-1.84319053824998	-2.14640011458002	-1.52054386306822	0.502989531005829	4.23892816563365	0.100905413482802	0.442371754325456	0.673137710722797	1	0.633242424242424	0.993682930378942
PF08909.14	-1.82635158735013	-2.17412689998725	-1.47165470753299	0.642338606563514	4.35529117039332	0.139947134385156	0.429713526969265	0.639208637389289	1	0.591541125541126	0.994988905285383
PF00165.26	-1.70511509655087	-1.30630342568405	-2.10048862055299	-0.86875594888943	4.38034126123126	-0.160950396696483	0.411059297201336	0.618353530356758	0.998686233270299	0.627380952380952	0.999735930735931
PF14436.9	-1.14456602254209	-1.72833406772266	-0.555316569927423	1.09271957399533	4.09896050634707	0.221291083166936	0.37866667144168	0.569667668323534	1	0.509679653679654	0.995649916275572
PF13637.9	-1.59358103636112	-2.19904185553816	-1.03410275742436	0.967174524158889	4.04110581336197	0.217812154649064	0.38974017750457	0.556050142832269	1	0.502471861471862	0.985821808237281
PF20202.1	-1.63626214703751	-1.66276142459701	-1.61732376225507	0.159742572948234	4.0903653601286	0.0353497036475097	0.481333334025656	0.739673454842334	1	0.712181818181818	0.999140450067174
PF06777.14	-1.64918532311293	-1.70207502712152	-1.59949183304252	-0.00994954292816796	4.21577254642852	-0.00187957963361378	0.499000666259482	0.746811505011589	1	0.726844155844156	0.99954745419699
PF18259.4	-0.501421096357267	0.283223548313428	-1.32494938671664	-1.51543840926533	4.24401149820314	-0.323316544773006	0.330666673750784	0.487567799215184	1	0.470142857142857	1
PF07071.14	-1.90737649131234	-1.69285580337191	-2.12422158273891	-0.452121114557563	4.08865451563518	-0.0940179979458443	0.453333335076917	0.686867824101887	1	0.709238095238095	0.998582425855718
PF05035.15	-1.15025432088674	-0.463439758956812	-2.08461698108067	-1.51746979697516	3.45106472693733	-0.378541839510253	0.301798809497187	0.364618792259561	0.9996085037449	0.393510822510823	0.999201798201798
PF06277.14	-0.738913159840435	-0.518582202029775	-1.00249715320728	-0.550128896980833	3.98401327250679	-0.115589475405302	0.431045971953661	0.659935642014203	1	0.684402597402597	1
PF10054.12	-1.59826752493041	-1.61970725370689	-1.57397077721189	0.14537332772198	4.29836840986717	0.0310044242023825	0.483677548905506	0.740315945795334	1	0.719670995670996	0.998746664358028
PF19266.2	-1.76446525302633	-1.40882987159933	-2.08289826461079	-0.536303627280952	4.05066245609555	-0.11560273125706	0.441039309340154	0.64724561638623	1	0.660774891774892	0.999201798201798
PF15657.9	-1.90625583243296	-1.73127211663594	-2.06232311684968	-0.330706383731714	4.13850729665437	-0.0706921136330186	0.461692206621819	0.693989722540031	1	0.711614718614719	0.999582756310029
PF10140.12	-1.70848155361719	-1.35390760409219	-2.08303444957956	-0.668347503187496	4.22282783460079	-0.139982673568385	0.426666669442425	0.650399297273441	1	0.659398268398268	0.999952922077922
PF18612.4	-1.87227705577013	-2.13239729430551	-1.60181090989368	0.607223764329117	4.15576918208914	0.128014431686015	0.435333335769139	0.655391067939457	1	0.618922077922078	0.995655138870055
PF16074.8	-1.84260785767397	-2.2773509218871	-1.40738736374198	0.765915384363309	4.35801819045893	0.150259735889595	0.418666669760886	0.62209750708868	0.999852651462293	0.57791341991342	0.990150976521827
PF04010.16	-1.86984847219751	-1.67376641713475	-2.06347126195013	-0.545833587791069	4.08755325947401	-0.110695838368361	0.444666668741459	0.708845558034847	1	0.717212121212121	1
PF13208.9	-1.86656185566353	-1.68738361126912	-2.07324381627604	-0.374320776385535	4.26397410938924	-0.0732984416606743	0.460000001491024	0.693216048262733	1	0.710831168831169	0.997557809999355
PF15615.9	-1.84962447307567	-1.71797316309095	-1.95977472527598	-0.267968021151311	4.21803241417427	-0.0532273524737274	0.471333334398563	0.69978670280864	1	0.721484848484849	0.999433920027341
PF14550.9	-1.5930400064333	-1.67037668621784	-1.51427571149841	0.187823612774024	4.19493488273161	0.0371564363191012	0.476349101476354	0.727727330461638	1	0.706705627705628	0.999832975626721
PF11417.11	-1.7976706013554	-2.16957289728568	-1.498258847268	0.667791610240764	4.16314548110127	0.127625502194619	0.430666669284912	0.643819613955084	1	0.603865800865801	0.992522831364334
PF11874.11	-1.91655782742953	-2.24467311027373	-1.59130817790812	0.624005725385611	4.34919300182904	0.114218446746963	0.439040641862385	0.649491752692665	1	0.612212121212121	0.998420724237641
