FeatureID	rab.all	rab.win.FT	rab.win.NA	diff.btw	diff.win	effect	overlap	we.ep	we.eBH	wi.ep	wi.eBH
PF08455.13	1.09883636397129	1.74721678407495	0.854494470621137	1.03971920590325	2.12760196367426	-0.429487968612993	0.313124591645342	0.305344663598488	0.854975632313892	0.326481918081918	0.854594162660961
PF00176.26	3.47733024769591	2.35362560319949	3.91882085498649	-1.5655118581153	1.64494983122823	0.890633967210912	0.168554319004588	0.0487638092218612	0.680276507235898	0.0341082917082917	0.317965597819059
PF00271.34	5.96559155271497	5.64679726083105	6.13395831502283	-0.538093729206492	0.507309605543282	1.03315169045264	0.092604974877976	0.0144369788907879	0.401745997635904	0.015617982017982	0.168522507068109
PF01565.26	2.75245580468726	2.7283268174449	2.76223352562027	-0.0457360219087795	1.29638121716009	0.0303731420812264	0.485676216386335	0.726711679544447	0.994848994089143	0.744973426573427	0.98540639119566
PF08447.15	4.39284848739216	4.80224371776599	4.23431259299256	0.621322659852842	0.89597791922501	-0.579230979030894	0.221333348304743	0.147679327205744	0.755632871299914	0.126602597402597	0.678792987137677
PF00015.24	7.13266813419605	7.32210070799621	7.02695727585863	0.494714993271877	0.740866855813853	-0.686155984015065	0.206528997239166	0.0583264382480861	0.582966592171458	0.0904727272727273	0.633639586847109
PF08448.13	3.70873950093153	4.40282651223589	3.40300083013692	1.07012567247142	0.997467329646094	-1.02286853314066	0.11792141970925	0.0308111810512355	0.375117318202328	0.0339452547452547	0.368196023371413
PF00512.28	7.33560755505983	7.15319811760863	7.39425048808252	-0.224876841569317	0.474221152502922	0.458449842577588	0.309793479244992	0.265847361689135	0.978111331898649	0.247545254745255	0.869688116344167
PF02518.29	8.0476836255697	8.13824718607986	8.03059260976718	0.109732956845872	0.418772373161543	-0.229856912158311	0.407728184745777	0.684217004185803	0.998734837819391	0.615429370629371	0.995087543218002
PF01025.22	2.24672828998362	1.73121427885444	2.58271444921662	-1.21621027371506	2.44135463836167	0.438970189293747	0.264000011246215	0.165108324445824	0.926564561583559	0.188670929070929	0.727125482704652
PF00012.23	6.65980159935441	6.29063887793635	7.35237532378097	-0.717056879321471	1.57649066219771	0.3974184939091	0.354000005911439	0.334795512407258	1	0.304294905094905	0.992028312353773
PF06100.14	1.13004812135481	-0.497048476244568	1.80997571828297	-2.23058525825024	3.17347835569316	0.621583101749583	0.211192554338625	0.129501613845482	0.835541516145684	0.0898125874125874	0.484855742529319
PF00359.25	1.42870698316391	1.82695033282605	1.16246952081427	0.831035555816647	2.78664991799698	-0.247380147044961	0.368000005255151	0.50528490520345	0.956441426470939	0.501054945054945	0.969062665127984
PF02302.20	2.59191985935579	3.13120025581977	2.27348362223336	0.82985168271754	3.2609105227498	-0.214853865615808	0.378000004804562	0.55137653309362	0.986985760541132	0.490056743256743	0.99253176959528
PF02378.21	5.01459189354363	5.40682537606004	4.03691259308214	1.20023379825195	1.39668984396582	-0.6156627741696	0.338000006703729	0.134874109740245	0.819701635776724	0.329473726273726	0.997905795117795
PF04167.16	-0.825378620189391	-0.493825342909535	-1.04325896824548	0.493764674426791	3.77632070367294	-0.10969938323153	0.439040641862385	0.661416740603796	0.96563142344791	0.693721878121878	0.975416833030525
PF00521.23	4.36017117166113	4.04321425702315	4.49738253442655	-0.435294545801911	0.7679407505908	0.552887307258251	0.267821463313649	0.219313750541355	0.890231666136602	0.21832007992008	0.681659235826426
PF03989.16	6.35157450992992	5.89440513534823	6.45886513340172	-0.49673864423557	0.816862175677763	0.642450098066043	0.238000013376591	0.150058125468678	0.944288209870972	0.107402997002997	0.633864268426025
PF01544.21	0.338256728062219	-0.0352964427548166	0.504584697591927	-0.412927755161724	3.36169117971169	0.0942325366986819	0.445036644296342	0.666602011970295	0.994362659985156	0.624106293706294	0.962046112476757
PF00471.23	2.23702415048774	2.10230295707694	2.34801526680908	-0.313884147550861	2.38950197958105	0.0987091122450467	0.435709529399944	0.733275210533879	0.998966506355161	0.634222977022977	0.984984796561872
PF00122.23	4.55033037613672	4.18875330647944	4.83932408218748	-0.637190211409169	0.885905143066835	0.700524302056243	0.187874769082787	0.0673040682152626	0.716437629570863	0.0708731268731269	0.431814696482526
PF00702.29	4.53372916711775	4.22899142976866	4.88292566025839	-0.618038202298608	0.919818094672735	0.651418637919208	0.215189889012032	0.0898067313573359	0.773921518432798	0.0987588411588412	0.530558917588285
PF10543.12	-0.442814211725177	-0.233689496134485	-0.536324398963607	0.382094815496415	3.76227434766995	-0.0887171753023547	0.457028649169526	0.702805531703864	0.974318441540374	0.694497502497503	0.971598860471771
PF00692.22	1.2868296587689	1.53517891174053	1.05243556568956	0.441614948376959	1.96854805333188	-0.195321749885624	0.405729517272928	0.549396314323962	0.948467453740862	0.587627172827173	0.961142126601453
PF06605.14	-0.45714989635119	-0.529759255456152	-0.410737694405134	-0.325394936285911	4.28849234072635	0.0624372580493397	0.466000001265109	0.723280022883964	0.996579491008582	0.714890709290709	0.98054141276587
PF18013.4	-0.134413908663222	-0.394135645216951	-0.0110625804422897	-0.199186421390095	3.91046111214171	0.0450315866371929	0.479333334100075	0.758401681884116	0.990433014457804	0.75987972027972	0.987942455390996
PF01551.25	4.2921193579343	4.24883272525122	4.34221123843819	-0.108393475246789	0.832318268162917	0.125451396843479	0.448000001946984	0.740265149252241	0.99815888536475	0.684945454545455	0.986773423150421
PF01521.23	-2.34436555477745	-1.60448116172185	-2.80460672599459	1.22000563087452	4.42946024153383	-0.230834646922076	0.37866667144168	0.514410424614331	0.893656962442562	0.528443156843157	0.898184394365636
PF08282.15	3.15872895744996	2.92207780396916	3.26991787275398	-0.47071403892955	1.17563170067394	0.386496981930626	0.327333340594301	0.263674419807855	0.928439657045614	0.335845754245754	0.799920500355349
PF01219.22	-1.88210476798553	-1.60033064018581	-2.04257010396323	0.433508428089232	4.13677580453857	-0.0948928370500451	0.452666668435606	0.639364313751415	0.940452689677766	0.664606193806194	0.95217833497126
PF00654.23	1.27860470699783	0.886772952813973	1.44963442879058	-0.521906114089922	2.35738469403161	0.189074407268857	0.392000004195757	0.48848277080562	0.986548369112777	0.511991608391608	0.909042576307047
PF17767.4	1.97342335182782	0.878632921185141	2.23286944171106	-1.29897444267604	2.15203098269178	0.486874045908937	0.255829458894841	0.173298150822762	0.915432301561376	0.179488911088911	0.640124240924587
PF04095.19	1.87001823765169	0.870087006877812	2.13152293027802	-1.15874789930109	2.18153023763314	0.445501509743859	0.292666675940256	0.209138780583389	0.941062685115327	0.22487992007992	0.711862622219742
PF17956.4	1.81551932728529	0.897221690971232	2.04795341076766	-1.06962331198771	2.32366655981623	0.38128284194798	0.290473027388758	0.284429932270081	0.959960183869666	0.27183976023976	0.77300576964548
PF00583.28	4.38076314633784	3.74426508348496	4.686757829042	-0.942365703228058	0.872893984332564	1.04870440574608	0.110592974649019	0.026759027933326	0.502262868956167	0.0175672327672328	0.191552358564785
PF00005.30	9.16336451435183	9.0941410567975	9.19078615316388	-0.0647678725456693	0.801643747721866	0.0795035777875647	0.461025984128586	0.625298875017404	1	0.774256143856144	1
PF02687.24	6.93569721646998	6.52422463380745	7.37666907071314	-0.969397505932252	1.07798800971127	0.87820375385234	0.142571645957507	0.0295968293359781	0.621627533917598	0.0196915084915085	0.253881346712681
PF12704.10	4.75238914659631	3.94139395870072	4.99619923213634	-1.05210564169761	1.1026003562881	0.886282306509252	0.160559650203506	0.0476718517900689	0.683236647592544	0.0348587412587413	0.318656578354792
PF08245.15	4.54309568100622	3.94684079443565	4.73878302397676	-0.818198017713042	0.79421556039314	0.960545722203904	0.118000033985092	0.053605313776373	0.680926899348106	0.0223568431568432	0.209280561253991
PF08353.13	-0.233329054250042	-0.016563328398119	-0.317580684303985	0.249691359917247	3.02122550346463	-0.0639478830291964	0.466000001265109	0.770195250439182	0.981577478775988	0.731504495504495	0.979342680440802
PF13328.9	3.75953355460322	3.38935871991341	3.9159618678392	-0.617531365718797	1.14428312271273	0.465197394556745	0.275816132963409	0.185483398173855	0.929578892758629	0.1966997002997	0.709832707769281
PF04607.20	4.38869902973568	4.28781636803998	4.41499027911317	-0.0847858589318884	0.977982628927416	0.0804560268576428	0.469686876541738	0.772587697224407	0.999361343474511	0.750141458541459	0.999045325331093
PF02824.24	4.48112626613165	3.91275332259741	4.68779970590422	-0.736851543264065	0.925860549932565	0.714372208669088	0.20053299528734	0.0903246553086627	0.808344088269232	0.0757106893106893	0.470809798903651
PF19296.2	3.40632990585233	3.13167735920034	3.57849268750588	-0.513390843420272	1.16035846465783	0.396902177791317	0.309127256765295	0.256675044807189	0.950778901930974	0.271297102897103	0.792523694234415
PF13291.9	3.67508963955691	3.16615055325568	3.86014004325326	-0.718397121490125	1.15418940780574	0.560038345139456	0.239333346590906	0.144257628315486	0.887671461227817	0.130807992007992	0.593764142925091
PF13460.9	-2.196372181285	-1.01832448342662	-2.82822600910212	1.8511848337318	4.01855500937011	-0.400865664431776	0.310000008224679	0.364829041315006	0.801850139771275	0.341142057942058	0.798642177447616
PF13520.9	1.27217059241576	0.543335871221182	1.53664228246636	-1.04247654359121	2.35787902684595	0.367198490563842	0.293137917292776	0.273500113971673	0.944912688765852	0.286724475524475	0.753377752637202
PF00580.24	3.72620320786891	3.59134884930981	3.78869407910524	-0.361821580652165	1.24902280855984	0.210707405647528	0.376000004893566	0.348281231900389	0.991571429563715	0.455164835164835	0.923954580892086
PF13361.9	4.0370914150199	3.704132291233	4.18126246477144	-0.639613537375352	1.17478557740731	0.467694176144615	0.282666676591126	0.178342751975686	0.932654301589875	0.192367632367632	0.737859274311638
PF00890.27	4.34870214509097	4.45874641323936	4.13278493908151	0.286112212137042	1.07016514543922	-0.263905047515873	0.382666671265601	0.450841510283273	0.972074144739899	0.530557442557443	0.979407665315098
PF00056.26	3.52021885628159	3.27966728284155	3.67442305463512	-0.506219697670495	1.04638608419897	0.452728286256949	0.293804139769162	0.226086430879153	0.896248822726772	0.261649150849151	0.755914171606656
PF02866.21	3.52699529401942	3.29445853279944	3.67842417729371	-0.513812349689339	1.01788788838063	0.491114080017787	0.306666675085933	0.242083976116144	0.897469853491988	0.284815584415584	0.758002821697283
PF00478.28	3.79869001929992	3.7722804670675	3.81975143705729	-0.061120596666056	0.917247828481337	0.0600825868877893	0.470666667756838	0.722343921735724	0.993263616238402	0.708522677322677	0.970465212939135
PF00588.22	2.36751649997515	1.7823196850358	2.59842765739051	-0.871998854737976	1.33726503872801	0.529667399323926	0.228514338023909	0.162849812170193	0.878168625308738	0.148366833166833	0.538540848257581
PF01288.23	0.276176049851743	-0.928234582084715	0.7022082244886	-1.44256786197557	3.20969215723439	0.394540641585557	0.294470362245698	0.330610719556263	0.935215223884101	0.264007192807193	0.719077120610273
PF01227.25	0.48029420956124	-0.317975380183122	0.741366938969983	-0.981199218300795	2.75369283436595	0.307721387668746	0.333111266107309	0.360971835152424	0.958488491457472	0.378131468531469	0.801130613603474
PF00528.25	7.50674580338937	6.68791011711511	7.64286791595996	-1.01953263758861	1.09943959233939	0.928454293868923	0.14856764727563	0.0169073121646328	0.534049529565582	0.0181122877122877	0.247873257594016
PF01594.19	2.73184904538301	1.73903218500518	2.9376532066351	-1.17401563466936	2.00142412036316	0.494681381566199	0.2613333447812	0.167971419248814	0.929782020784741	0.17631968031968	0.692292514744671
PF02776.21	3.87183883398836	3.19049911345408	4.05870656934457	-0.849224852814181	1.13581562974956	0.600436489891817	0.208527664564848	0.115799251602125	0.863372976314959	0.0886409590409591	0.485169235622667
PF00205.25	3.68809467653546	3.15112320091713	3.89071879750921	-0.747039888144928	1.09945664567432	0.617464196394431	0.211858776783148	0.129745001122609	0.875430858297118	0.111144055944056	0.519343934482248
PF02775.24	8.04735345556479	7.73178256512527	8.10004763247504	-0.546783814746783	0.977526717893003	0.567307942410403	0.294000009189488	0.116379423764956	0.929678982633148	0.184267732267732	0.878756631511324
PF07517.17	4.34920319815499	4.36635563226927	4.34188771345055	0.0419135894073346	0.835348619186416	-0.0354600450677767	0.478347768956934	0.767133383356223	0.993215371582173	0.78521038961039	0.990939033283811
PF01043.23	4.33936633189698	4.32397648581815	4.34352361752813	-0.0034769243197097	0.847478655634459	0.00290791556387745	0.497333333432102	0.726628306498298	0.99857661474876	0.796375224775225	0.993135382166488
PF07516.16	4.33955298134515	4.31590200871385	4.34761516438648	0.0194672613852633	0.901846159298689	-0.0151176780763922	0.494337108803755	0.772468257156389	0.995813295290589	0.808401998001998	0.993205671466286
PF02810.18	4.67096703243428	4.53361491965704	4.72016812409623	-0.221299025666442	0.796236575347018	0.244752686857163	0.385742842566878	0.443069764539556	0.993255462725479	0.48887952047952	0.945752749325023
PF00665.29	4.28780908717714	3.70338830694217	4.91458632615863	-1.45965824096817	1.61063463434348	0.842462877263218	0.146000026288657	0.0402453703327229	0.650854274327282	0.0270521478521479	0.281801069570417
PF13333.9	2.71647270992311	2.4710999099178	2.83122059441271	-0.473434581265749	1.76076032566056	0.240746120430941	0.373084615277418	0.447349000374877	0.991276885489433	0.464591008991009	0.94537702028894
PF00872.21	3.52899620590917	2.39365070732925	4.06783175174225	-2.07976724482043	1.97258509990843	0.997453788603069	0.0973333757691051	0.0374274173875639	0.612010215189897	0.00928671328671332	0.143953683464027
PF05524.16	4.4016253238754	5.38916653646442	3.28941662191918	2.03323922436304	1.10634251714635	-1.70198514854094	0.0213193327233724	0.000450899560709586	0.0871975822819671	0.00129310689310689	0.111446264038639
PF00391.26	8.10445105535093	8.11477057367747	8.09174637450019	0.0156832690181536	0.903551841765815	-0.0165719787594819	0.489333333728575	0.751113149454294	1	0.901974025974026	1
PF02896.21	8.10365958688862	8.1154944060061	8.08950880361742	0.0127116127455764	0.899214284533243	-0.0106713343976047	0.493333333580291	0.733741827299128	1	0.907009390609391	1
PF00977.24	2.55302346165709	2.54394049961469	2.55809950779702	-0.0458066291606771	1.29402528851197	0.0305621495115932	0.485676216386335	0.768770466581806	0.996673612097783	0.751402197802198	0.982756252043519
PF00180.23	3.30633892124108	2.89472508151717	3.49391548791447	-0.586180362843287	1.26325878097043	0.409968491800852	0.313124591645342	0.253133295885367	0.958018424289285	0.265862937062937	0.7916168050331
PF00330.23	3.75632264561407	3.71878854250485	3.77715117878833	-0.101355166854412	0.898893625100859	0.0914952053774269	0.449700201746251	0.629451895019745	0.99350580490207	0.657787412587413	0.962234602555259
PF01195.22	-0.672177132608492	-0.926612467454244	-0.594479757241068	-0.0332360744461564	3.61002469662599	0.00770760115554914	0.495333333506188	0.750115734590677	0.988700032550651	0.749643956043956	0.977722675519217
PF01751.25	4.90883903251557	4.69150224451982	5.40542599572779	-0.60228052192191	0.831691359485432	0.692668786647698	0.237333346769876	0.0965749010384743	0.787748283778296	0.118005194805195	0.607666077424218
PF01131.23	4.19993284292336	3.73294806795331	4.89569206319479	-1.03967720900118	1.25456796166092	0.747817104856058	0.205333350054347	0.0727756196136965	0.765944070772507	0.0676347652347653	0.47859687648338
PF01396.22	3.20587460599899	2.3495462393839	3.78128561913894	-1.44428574687285	2.4271305530751	0.488557797419707	0.240506342250232	0.144063699336156	0.94541745691492	0.105584815184815	0.60315914291502
PF13495.9	1.82307399007023	0.780285774276718	2.33882004443519	-1.44227637455154	2.26744104547847	0.544563461325868	0.233844117667644	0.153047145660084	0.896090796481882	0.128126673326673	0.574973182998629
PF00589.25	6.78921525347663	6.72447576072746	6.81292310690417	-0.329790728166055	0.908877018905537	0.335748241762	0.351765495684751	0.398536771789924	0.999296903343794	0.353506493506493	0.988304711932776
PF07690.19	4.50269886276303	3.75866181529375	4.85094102803124	-1.19486674945147	1.24732661097896	0.940820063677945	0.127333364386494	0.0214497347414077	0.524654197926704	0.0205746253746254	0.230734352808475
PF00664.26	5.61129745765453	4.28422991806207	5.89006929868051	-1.63068959760426	0.674753758548067	2.35707049187715	0.00133676857876842	0.00169262206949336	0.181471946560354	3.35664335664374e-05	0.00183432503793852
PF04079.19	-0.101436834660635	-0.953660311035903	0.183227355414108	-0.947448803075814	3.53147410615654	0.21276158186689	0.387075287545898	0.53261889849843	0.981084072697074	0.469633166833167	0.895103097059817
PF12850.10	2.07727311257519	1.45838465565857	2.33291324895936	-0.880972337155924	1.63245467009972	0.470313660312011	0.260493016160361	0.222848688544513	0.916862590496876	0.217217182817183	0.668109149989421
PF14691.9	4.63206800204683	4.8856382857598	4.49004708329722	0.373482002902834	0.909922771804004	-0.378393596696053	0.338000006703729	0.361876719567944	0.933258967825073	0.378286113886114	0.939490574758685
PF07992.17	5.95703494507053	6.6613993281233	5.63946367947974	0.957307847309135	0.613887330222269	-1.31155538559608	0.127914754360888	0.00792325329751202	0.246787492633749	0.0209270729270729	0.363103140597328
PF00310.24	3.61747496726531	0.726402506145043	4.57771076206099	-4.04684397823716	2.32259911885533	1.69448967405261	0.00333471545279261	0.00701429297466559	0.287518515536494	7.11288711288867e-05	0.00518530243877802
PF04898.17	3.41512516356508	0.398467094475018	4.41942992358664	-4.08089575769938	2.38972596711726	1.68839190846562	0.0160002846278131	0.00775221361876984	0.303913423873241	0.000352447552447592	0.0191308790463574
PF01645.20	3.73179558872465	1.98381270269774	4.65103047316951	-2.87032253854335	1.82373543551621	1.55011966980243	0.0153336305422315	0.0120560142075796	0.330787937719716	0.000405994005994043	0.0214016572315168
PF01493.22	3.5551109558714	0.846257548436957	4.51528881989406	-3.76057989977598	2.38929982843181	1.50060471802909	0.0139909986346186	0.0100024999196322	0.339534108649079	0.000357242757242803	0.0218686235605478
PF00282.22	-1.05103798657188	-1.53217617556004	-0.696759775884786	-0.774902968962627	4.40645844229444	0.146089725305206	0.42066666968082	0.616794500295722	0.986235443983225	0.572417582417582	0.936500174433579
PF13508.10	1.56283709001166	1.48533200154381	1.59172029472507	-0.12170114120908	1.58097918200727	0.0640010270432417	0.460359761635369	0.607101081996555	0.989525280904914	0.667216783216783	0.943923122469887
PF01321.21	2.95682399392844	3.19287949844957	2.86109731582373	0.33871606955362	1.28495651999597	-0.24240930575231	0.390000004281288	0.577229035238481	0.970114868613633	0.59173986013986	0.969696274633609
PF03960.18	1.08224417385124	0.568515686968151	1.72030360288406	-1.34997488170608	3.21570920339955	0.378679170034614	0.31666667451148	0.368306171279484	0.966032104262987	0.300102697302697	0.849341211759102
PF17757.4	3.75129488777455	3.17723364999686	3.93497592386951	-0.753168394293914	0.829255665498001	0.815630876913888	0.183333352916913	0.0995258709178052	0.731122439007631	0.0889214785214786	0.402180504880759
PF02559.19	3.25926743369621	2.94728912901805	3.37750374956567	-0.420449238928573	0.802281807599209	0.456211383090826	0.286475692537435	0.286795447768259	0.881834727655656	0.286851548451548	0.690331719243941
PF00270.32	4.87261987474428	4.5015201432494	5.14630440956111	-0.651587268876197	0.806764834540797	0.775751097737604	0.189333352074701	0.0720934435285412	0.732749559938166	0.0637994005994006	0.428448746775838
PF03461.18	2.62925906307144	1.89111725194761	2.96823975162783	-1.08236024937684	1.20561377430764	0.81951621513311	0.182544989691855	0.0989240467375919	0.736845701963905	0.0834865134865135	0.414333301433437
PF05833.14	1.1079124839931	1.16120548046301	1.09108424712594	0.12372949284041	1.96382120915883	-0.0517042016309464	0.475333334249142	0.763139544381862	0.98943245620063	0.767902097902098	0.987465568330757
PF05670.16	1.10766436085191	1.16266931026211	1.08401715243189	0.122196954237314	2.02605079394799	-0.047843941301938	0.475333334249142	0.762172920453275	0.980288659520273	0.762566233766234	0.978968363938052
PF02653.19	5.38654757137711	5.44345814068398	5.3533402955945	0.0839001887847584	1.11674941453957	-0.0712305532204107	0.47035309903515	0.806617660680077	1	0.823794205794206	1
PF00224.24	3.11855724396057	3.0581635025827	3.16995750810769	-0.423131102819346	1.60202742798957	0.251076019335743	0.384410397588074	0.380102720449866	0.982795462089482	0.488607792207792	0.943581678909825
PF02887.19	3.09442733208892	3.03495861764064	3.12703652354416	-0.474019817895162	1.55649653945796	0.261714662390258	0.386666671091537	0.39746686497539	0.982950827147647	0.501507292707293	0.943027473969853
PF01210.26	1.54465104137672	0.757196059563872	1.85475990075519	-1.14074797640559	1.94853955500444	0.483190838115796	0.250499679176972	0.182490462690713	0.901423917840778	0.178154645354645	0.618774942650138
PF07479.17	1.52751584185561	0.711929408690933	1.83613714925873	-1.18275620755509	2.02011080528278	0.481893357689742	0.241172564710104	0.187038894805041	0.896961455508015	0.184387212787213	0.620480940072851
PF20618.1	1.44508946857512	0.729529026240165	1.73191864064332	-1.11550852589717	2.07925805414271	0.429964125125283	0.265333344480009	0.213410352079286	0.916726887252055	0.209246753246753	0.666528266063793
PF00483.26	7.13529305389948	7.53533519422524	6.42585618462217	0.970276808694032	1.15349698130844	-0.816768561547637	0.197868105543786	0.0413810212366243	0.520484850596528	0.0637418581418581	0.607676801992441
PF00348.20	2.51343052601936	2.63527930252056	2.45147236735034	0.206397456711437	1.61221428422041	-0.110234847234011	0.441333335536504	0.705772291616875	0.98501185372788	0.692903496503496	0.982908296295041
PF01180.24	2.03068965686053	1.35147619659937	2.42950475753665	-1.07415429376934	1.66751372043397	0.548892343485679	0.228000014308458	0.176667167927122	0.871684370363254	0.145025774225774	0.55901007361922
PF13421.9	1.74169763458989	2.33840648672761	1.51212216856472	0.850793255755776	1.48457031574153	-0.474011716266597	0.278481022852703	0.284862864931729	0.812194760939619	0.25667012987013	0.78384751609275
PF00849.25	3.28225709791694	2.50566932257663	3.58924126461149	-1.04454430490391	1.07907562626296	0.877497574206101	0.152000024998601	0.0641624080637575	0.678983157840725	0.0463444555444556	0.31861192129447
PF00690.29	3.54074279690317	3.40802102912253	3.60542994312881	-0.292396648320909	1.15739880554991	0.226470522243177	0.396000004026034	0.488043659901103	0.99302622941586	0.525234765234765	0.950027707133036
PF00689.24	3.55041426464191	3.39393733024644	3.6129439081328	-0.295889043926892	1.1466900537096	0.234465191616239	0.389073955014824	0.491408836127919	0.991472929486397	0.51310969030969	0.950260682466047
PF06736.14	-2.33984725622219	-1.46533368321033	-2.80391878507753	1.39178589551309	4.02125483516415	-0.280124912273199	0.347333339568994	0.449124278956047	0.853450245397352	0.445674325674326	0.846136987066356
PF14657.9	2.460536511182	0.476081921829437	3.58823769045997	-3.26809144945027	2.55438958572438	1.20097720154912	0.0453032284582995	0.0206236409241037	0.483379807310158	0.00234565434565438	0.0646450896895056
PF14659.9	4.35915448061751	3.42689919753598	5.1643808625185	-1.7907405680386	1.75203478807503	0.894228058387039	0.117333367545311	0.0663930408175079	0.743552156241007	0.0114757242757243	0.182772496874777
PF06146.15	-2.32607366043454	-1.45073837247589	-2.87484950206255	1.46455673768762	4.09451832937473	-0.309908052308566	0.335109933558651	0.455816181402283	0.855632321390705	0.443051748251748	0.857752823525696
PF00392.24	4.36338384638988	4.33077195760204	4.38834893788812	-0.04951164970538	0.919238894183041	0.0401095847074304	0.474000000965574	0.794550978958002	0.999606157059485	0.768345254745255	0.993381494936547
PF02080.24	3.75060040109681	3.61505677575115	3.78677108811615	-0.281603163823521	1.59570957863319	0.137373032190644	0.432000002565979	0.482286697276647	0.999740607463093	0.654647352647353	0.992956702060704
PF00367.23	4.55145738582975	4.86462379434244	3.47160458425901	1.26272088903147	1.28583224373052	-0.658864662740573	0.29180547234046	0.130978481384718	0.796802706107566	0.216612187812188	0.958591245975871
PF00358.23	2.60698849988582	1.88335648366936	2.82386837410834	-0.967309760353802	2.38338639248413	0.335093325964019	0.335333340174044	0.333807483394952	0.993906176069055	0.320178621378621	0.901051058492769
PF01047.25	0.955995021655156	0.297618192432499	1.2572872478821	-0.983692845123951	2.22640623844616	0.336731293220518	0.299333342192336	0.276523947678982	0.94575793133721	0.295753846153846	0.742176142192616
PF00881.27	3.2310254797861	2.64548096322438	3.51938822415101	-1.12501745801916	1.53763334989269	0.612654836012041	0.193204548512871	0.113982111725517	0.868561015330861	0.0684539460539461	0.431739885705859
PF00106.28	2.73361476410267	2.34555241691157	2.87078607341627	-0.614639097773154	1.43006146546111	0.391844189101765	0.31845437149215	0.282760188013125	0.951186437396095	0.319038961038961	0.81718771598831
PF13292.9	2.40908872477574	2.35694879433954	2.44182710290522	-0.179666475743817	1.4098821939948	0.0840900979647169	0.441039309340154	0.542236097071895	0.995464761512187	0.640086713286713	0.950821898115179
PF02779.27	4.51929113108966	4.2437951037551	4.91993681916825	-0.705417543457909	1.19924668443525	0.496613100374565	0.259160571226217	0.156950148040415	0.928423955816266	0.138156243756244	0.677735536566331
PF02780.23	4.50608223448686	4.22022014449091	4.90216332501904	-0.717408724198854	1.23291422420794	0.510050689784974	0.270486353193786	0.155978522622134	0.927254995738338	0.134245754245754	0.668912790038691
PF01554.21	6.25230207428633	5.18819515995857	6.62708821243876	-1.60715120708164	0.861104849286776	1.81061857667615	0.0100004582078925	0.0025416050494961	0.221107116067681	0.00027412587412592	0.0187458675971398
PF01261.27	4.07163208605945	3.14725032462054	4.49617268690708	-1.32584624512699	0.996497869574659	1.268597154658	0.0813333852153608	0.0149690780511923	0.418776006594287	0.00812147852147855	0.125099682495611
PF01479.28	5.48375853765679	5.87751729599151	5.39304865052047	0.453761707585445	0.70408464996177	-0.544534897939525	0.275149910491543	0.21004903966251	0.830364164984712	0.212500699300699	0.814210130169544
PF02861.23	5.26489767294696	5.07242613918618	5.49013782389813	-0.566568722939182	1.03997782727524	0.538222872134942	0.273151243077072	0.145388995616312	0.900809975759842	0.170037162837163	0.742116900087126
PF00004.32	6.02230580698919	5.78420667694197	6.15586332397625	-0.452358906920266	0.732676417593996	0.58647696139158	0.244503677013663	0.110961506441552	0.877125095764107	0.11547012987013	0.624136998910243
PF17871.4	4.76473243750925	4.55657738874706	5.0412720256682	-0.651925555582129	1.00876206127473	0.600286156901184	0.271818798135041	0.103441734704146	0.839757534765359	0.173747852147852	0.735840978094314
PF07724.17	5.56357839902499	5.52653657721878	5.61828629856545	-0.335476206637209	0.880457959030595	0.359370089511235	0.374417060254251	0.310713609480337	0.982822886559902	0.43382977022977	0.968846792944283
PF10431.12	5.48440200195923	5.44779817123309	5.54573733878865	-0.36693967279322	0.884923543454483	0.378410741380255	0.353097940657105	0.249460831557615	0.971101363845014	0.400011588411588	0.948819003100242
PF01370.24	3.29779181978159	2.89417622974224	3.66431282563883	-0.895260035752682	1.73440454658629	0.434985462078588	0.275816132963409	0.206040943442869	0.961086364169819	0.174115084915085	0.708616017908572
PF13522.9	3.14275206872498	2.77675676928751	3.3166970442258	-0.488785542668668	1.16630231421791	0.394192648495011	0.322451706382074	0.315079788057748	0.94852852392949	0.312843156843157	0.791533965590501
PF00156.30	4.3836266810024	4.06615481416814	4.53712470968505	-0.695113808163573	1.1491588651773	0.584030646897243	0.235333346951534	0.0982714564693734	0.817837345974721	0.129691108891109	0.562711338430156
PF18072.4	4.38813729918358	4.63339765619634	4.24742740954008	0.255125542450564	1.01625224361073	-0.246477100038696	0.391072622484215	0.529459116146939	0.977390938522042	0.540816383616384	0.979965903449911
PF00586.27	2.88327216481192	3.06126673962499	2.82156885289578	0.199357453596362	0.962032134264196	-0.1832589083357	0.414390409657871	0.687012040403959	0.948214195981359	0.61591008991009	0.939282506221454
PF02769.25	5.10722625846518	5.11325959120545	5.10425449339796	0.00398514559180718	0.740280432453989	-0.00554911938324111	0.498000000074075	0.828327927532618	0.997909832202978	0.835018181818182	0.996879796522009
PF13507.9	4.50387510329582	4.70480215909937	4.43125878028148	0.250904709238064	0.988708879305349	-0.22666673367954	0.399733514856683	0.619928615514662	0.992003475252271	0.577272727272727	0.988745818722937
PF01259.21	2.29357827328855	2.23110389860059	2.3156696823642	-0.15580682610972	1.25410690331794	0.108592300773249	0.450000001870557	0.621567394575286	0.987583752743211	0.651646353646354	0.939844499655779
PF00128.27	6.47679228211526	6.36478944235625	6.55839602272539	-0.171332336412565	0.489298267255744	0.324022263402943	0.347333339568994	0.395583435411019	0.984396668956311	0.386654945054945	0.925301170414667
PF02806.21	4.9855318343847	5.22209353658539	4.81289878051126	0.411426190566246	0.676374768235178	-0.544954154692801	0.269333344186377	0.191296635656428	0.785395707553986	0.219056543456543	0.807599478363221
PF08240.15	3.49525756823858	4.37684595728477	3.01949132286523	1.37135627426343	1.21445414231068	-0.99534366382251	0.137333361677552	0.0314013705937732	0.40669549681556	0.0378413586413586	0.430005541190393
PF00107.29	3.48916002415816	4.40546233543385	2.99201061237896	1.42239453132803	1.19041225036014	-1.07176308609034	0.127248532035853	0.025421287958193	0.367032807624352	0.0305126873126873	0.395221425086314
PF06541.14	2.64193215222327	2.38837224516159	2.82197686415209	-0.416313187749502	1.54263546300562	0.235018553146678	0.380666671353383	0.572806035315332	0.988527297565323	0.479146853146853	0.924065714114089
PF02922.21	5.34490204852225	5.45715136193946	5.26497713347815	0.166125591471736	0.570653794808578	-0.276425250000279	0.3777481726974	0.510911926505289	0.949917499753198	0.527535664335664	0.954588105298376
PF12848.10	3.98232954750012	3.45054306514997	4.21432309039943	-0.653743238811741	1.22427860073007	0.5040766174038	0.275149910491543	0.200551940724816	0.941581614470154	0.192862337662338	0.743328338988925
PF16326.8	1.56271803412221	1.48478310461882	1.60495609622311	-0.0349391291029733	2.22563099253474	0.0129105059070394	0.492000000296372	0.724311541040446	0.991080273169096	0.754264935064935	0.979951517047799
PF03577.18	1.3585785988698	0.426592989011475	1.74193486957674	-1.44150114300832	2.35058418273761	0.557008649106515	0.211192554338625	0.137550628355951	0.854858708244535	0.125112087912088	0.525386895704498
PF01018.25	2.12285104856427	2.28215412831654	2.03800052120091	0.115766415455744	1.57904542673005	-0.0448485508479707	0.472351766515455	0.727062114998466	0.99084076424514	0.763026573426573	0.989763014056088
PF01926.26	5.20288508466806	5.14190614821614	5.21870197681332	-0.148447312745053	0.699525255279473	0.17435512390395	0.411725519692567	0.387880903825389	0.995754975253442	0.558006393606394	0.944535256983865
PF09269.14	1.80460307294688	1.99053966780995	1.727371676843	0.12497264011192	1.80147993105831	-0.0564043148967873	0.469686876541738	0.762225032642089	0.994880939648916	0.756438361638362	0.992250710906634
PF00171.25	4.37918330773702	5.14106080799959	3.65151373870291	1.32239621577976	1.01902553482724	-1.27773957789425	0.0840000500603321	0.00631615503656183	0.207265836426811	0.0095952047952048	0.237751639324097
PF00696.31	4.53769097801968	4.36630015626708	4.61513398803672	-0.276878987138011	0.808029537124122	0.318101521389586	0.34133333986791	0.374030706707323	0.974348658843408	0.395126473526474	0.88143556619367
PF02881.22	3.33868539166532	3.54559254996138	3.18857194353246	0.222758923405091	1.0255980750361	-0.196977680209952	0.410666670084409	0.609434865355876	0.962542175121808	0.61754005994006	0.97513090867574
PF00448.25	3.76270864052956	3.95189687895775	3.5772486429751	0.21662137793672	0.864259414185707	-0.240159698034416	0.398666670580509	0.562775957138817	0.950653657065804	0.564756843156843	0.964255130510561
PF02978.22	3.01832731581181	3.20704365609104	2.88146408664382	0.282993846441233	1.10637759251136	-0.234463672904858	0.398401069875784	0.54632912305977	0.938390834453831	0.570231768231768	0.951955311775953
PF00753.30	5.41380860562238	5.47361891381323	5.37965390011098	0.047681271476498	0.615921561398332	-0.0698974257725949	0.469020654048339	0.808318489850679	0.999486309455263	0.765593206793207	0.99476639722293
PF07521.15	4.17416562948753	4.55548078531137	3.92739180867414	0.629784442231365	0.760876548248659	-0.734768233416555	0.214000015743663	0.0988992073889678	0.610104567419938	0.112334865134865	0.633409481105321
PF17770.4	3.1252352541624	3.34832401699162	3.01837052158284	0.298550788761274	0.984008441985014	-0.281540570308645	0.368421057860494	0.488123350921259	0.9081853502746	0.513002997002997	0.91650117673632
PF01118.27	3.31290607154011	2.7466068081106	3.58020720516403	-0.863524202976601	1.14919534031234	0.614596683199811	0.179880100012175	0.134640492121345	0.871633800490813	0.0771812187812188	0.406146232649065
PF02774.21	3.19312447639367	2.50566476078907	3.41937165976052	-0.912765791219045	1.16268413671409	0.617043593648989	0.177215210343661	0.12921628891404	0.859185979748578	0.0771456543456544	0.390297089314067
PF01081.22	2.42357980791643	0.793709483220423	3.01897488170748	-2.10801192809777	1.7532972837181	1.11284313832418	0.076000055905587	0.0373927081348107	0.565177577169243	0.0088679320679321	0.116579943523217
PF01263.23	3.26234512728877	3.23858849826088	3.27315907089653	-0.0998293073201166	1.17076366467818	0.0727913098906037	0.464666667981876	0.64837879185541	0.9976648985218	0.712746853146853	0.982107527233367
PF13347.9	3.02806311247729	2.1148907901368	3.28624383408163	-1.35759353457552	1.84425095241078	0.646501383063782	0.237175229955208	0.110116355120326	0.842350624804659	0.112976223776224	0.578471760087109
PF01232.26	2.73030988126208	1.78555570272143	3.06955611665755	-1.36593229608088	1.4917153156387	0.784033520920864	0.126666697915236	0.0804551649227589	0.749924805061187	0.0371924075924076	0.270196531219238
PF08125.16	2.74923967066158	1.82685872832726	3.07649818092266	-1.33583977935663	1.51889232560963	0.752717022989509	0.154000024590135	0.0900158122557686	0.769892107635737	0.0436575424575425	0.293977208850614
PF00356.24	3.96408394378148	3.2184606773472	4.29662426321745	-1.09363709544483	1.06970143536259	0.947660696468999	0.145236535418953	0.0520200048245864	0.666681700956984	0.0334553446553447	0.291090893958907
PF13377.9	4.43814423381603	3.76136857483819	4.73102911566881	-1.0344647675382	0.928837033408625	1.04135785137351	0.115333368241392	0.0316188039032981	0.553394903921274	0.0191592407592408	0.202021433224898
PF00206.23	3.82305959032743	3.8381048074612	3.81487138767845	0.029243516221551	0.975541114848006	-0.0269272689017086	0.487008661373583	0.745969817949744	0.993546599453631	0.78121958041958	0.991609556293951
PF10397.12	2.8566804146851	3.30401377938282	2.66993669378007	0.53830456894213	1.18856257099129	-0.382351307482005	0.322000007549368	0.494989893183988	0.924443124401275	0.371924075924076	0.907514833627669
PF02926.20	2.72962995209789	3.03211157289635	2.60033337911525	0.415366025916081	1.17033425140766	-0.31955202297213	0.346000006301487	0.451284005768538	0.909690365677614	0.452229370629371	0.906984834727786
PF01170.21	2.19911401155381	2.95170502470298	1.82557134384758	1.11037618918068	1.14086331920786	-0.882123353125198	0.172551653452205	0.0917540802009516	0.499314997096007	0.0883160839160839	0.488421974861239
PF05103.16	-0.458614280162894	-0.487275266007281	-0.45015478423251	0.0431284776595566	3.39380952758969	-0.00766408805783626	0.494337108803755	0.751638648631814	0.985485593941228	0.760702897102897	0.970038472064289
PF08230.14	-0.505875714853049	-1.54952423340402	0.0558669096360669	-1.56871758343612	4.05366953903974	0.348193904635983	0.327781486241393	0.386421600225919	0.939658185381106	0.341124075924076	0.799715141231066
PF00155.24	5.1030207776444	5.12547258438867	5.09448356036406	-0.148928853695343	0.965485181198487	0.149670543636005	0.443333335459407	0.556189202010624	0.999055373659447	0.662758841158841	0.991830469071654
PF01381.25	5.71723600529421	5.06052498258452	6.48436296060105	-1.39372477578419	0.787877761181328	1.59264753922698	0.0766667220389347	0.00183474539395848	0.201174696754466	0.00480959040959044	0.110025734662539
PF01209.21	-0.363761878271087	-0.00528563233191193	-0.541965642536619	0.542960268741249	3.53728827705897	-0.119913410896582	0.42238507955727	0.665159804007809	0.965202085201579	0.648949050949051	0.969168553800765
PF06018.17	3.32347809096929	3.99365473512578	2.70554464672938	1.30606654513634	1.32972623332709	-0.893888976679369	0.141905423595621	0.0236825556052653	0.365746669484962	0.0344951048951049	0.411401106315547
PF08222.14	3.30439455077239	4.02988266162319	2.70718589760761	1.34007256061918	1.39199728444381	-0.900182292262106	0.134000029203452	0.0226951949527504	0.352535971509089	0.0315516483516484	0.387234736372319
PF12464.11	0.976271472953972	1.40494612642833	0.828720702435418	0.522333132683381	2.27668920328369	-0.168359507142761	0.395069957424349	0.729982518222925	0.977119194363533	0.570192607392607	0.958446788185867
PF00132.27	4.79658797064424	5.35752747081154	4.66556934080309	0.544619398290909	1.09682604092327	-0.457478212014853	0.328666673856588	0.33245758656038	0.940379172333202	0.334527072927073	0.934246391573679
PF02686.18	-0.230921238568202	-0.949520511191776	0.061826190152801	-0.813264033739579	3.02185543378087	0.219404101147369	0.369087280348433	0.467106898158003	0.969147818515078	0.444047952047952	0.846630838143462
PF02903.17	2.31935089531717	2.47372127135015	2.22487734529352	0.378608859169606	1.63905939035665	-0.199183221787231	0.386000004453745	0.467728311173293	0.943545949638643	0.535278321678322	0.944813167597305
PF01425.24	1.33021892331985	-0.505897654832522	1.9678779660653	-2.34052836694033	3.00954510196077	0.668513320825172	0.177881432759714	0.148341119837554	0.834492024020659	0.0560591408591409	0.380219354597711
PF01476.23	4.87595726999577	4.113753352831	5.13461404221285	-1.09707178224215	1.22226370013148	0.875393644606291	0.107928085623509	0.038916479837022	0.644839558428885	0.0156723276723277	0.189318507845392
PF03610.19	2.47346732305233	2.92316334028814	2.10836688749599	0.86199840862298	2.08345114176119	-0.387530277860166	0.319120593973523	0.391002380643373	0.957129205055545	0.358296103896104	0.934703286503211
PF03830.18	3.96258439456609	5.24198166973739	2.99467781610942	2.1327359512247	2.16279052042855	-0.921226901496663	0.183211212113461	0.0246891641644136	0.403745142883893	0.0491452547452548	0.532762956185031
PF03609.17	4.54158780167728	6.11076663170418	3.59564615968975	2.33442099928178	1.89929473150277	-1.24228921929425	0.0833333838382552	0.00375993816246381	0.201322266776417	0.00797122877122877	0.239931904145193
PF03613.17	4.1630182226082	5.46865459246064	2.81017016007722	2.53069053227213	1.83880635942991	-1.27880106241363	0.0953333767782991	0.00389062512746663	0.203107460315379	0.00856903096903097	0.251577319251468
PF02934.18	1.6341122212083	-0.0983691258357915	2.20985489923694	-2.53871143102914	2.80908276540434	0.812128648143929	0.136666695179472	0.0635922268394047	0.71368960973606	0.0374145854145854	0.282649663148708
PF02637.21	1.61553347885677	-0.0614179223868128	2.20362609007218	-2.52780526126595	2.7699346588245	0.809457230314269	0.143237868320802	0.0575449085009211	0.701463230910699	0.0352423576423577	0.282678991912924
PF02403.25	3.35327218038269	3.37005465016326	3.35054179166597	-0.0442623703542031	1.09541374395974	0.0314322647326172	0.483677548905506	0.663508681566652	0.999505169733198	0.766623376623377	0.98543426282245
PF00587.28	5.74978450301281	5.44976981098374	5.83519706781326	-0.351876079132476	0.667135390263133	0.446572909816127	0.289333342819867	0.235990267576091	0.97434812427952	0.212616183816184	0.75476973913346
PF12849.10	1.31619501721101	-0.109085763683469	1.88109063179433	-2.06084319659097	2.96575372337153	0.623884789115933	0.196535660675118	0.126052030001078	0.840568468974688	0.0922653346653347	0.481566553402616
PF01668.21	0.850929060297084	0.956479869578343	0.798135769388131	0.215981975865295	2.31038843695612	-0.0803590461763806	0.457694871662661	0.756050307093676	0.981190840523205	0.710391608391608	0.977888466553579
PF01411.22	4.26849520528095	4.08072102313577	4.31186163396631	-0.236282594703194	1.00972756787862	0.193477096401675	0.390666670919393	0.55012359202647	0.9998064343108	0.522902297702298	0.954771739633822
PF07973.17	5.09944703163517	4.6620797143608	5.23067300208585	-0.532555619598797	0.813662569160194	0.576655208992409	0.25666667847598	0.166852827714348	0.928483819591708	0.148227372627373	0.66566720336964
PF02272.22	5.09021501119866	4.78215882325942	5.21943761859921	-0.421560910351984	0.721859732190327	0.511623804308972	0.283810802639802	0.324391760322575	0.989713960049667	0.191993606393606	0.743560128450798
PF13145.9	0.0618645874508479	1.13235370354611	-0.318464689262846	1.24554303839697	3.14271210673982	-0.319154184694166	0.328666673856588	0.500199640586069	0.909723852622568	0.403751848151848	0.894922700871006
PF01596.20	-0.604382160989416	-1.02464870986921	-0.40371579494684	-0.629464654734091	3.84701089655992	0.1329550556675	0.428666669363533	0.598606994603108	0.983795986956455	0.593257142857143	0.930180336701313
PF08439.13	2.02162994543812	-0.0339505027643741	2.54120680270891	-2.58467679250294	2.44136753776641	0.973958017855011	0.0919387527251792	0.0490140413403151	0.659059004822869	0.0166881118881119	0.169513034065682
PF01432.23	3.54491379286481	2.58490650914843	3.95925954912871	-1.40884651807502	1.10205113537782	1.22345335110565	0.0752832009845602	0.0207475376109757	0.461335596569425	0.00829330669330672	0.117572947835507
PF01027.23	0.357872666362819	0.621590274773903	0.244574665492744	0.0720419801078505	3.12723959806974	-0.0190434536585034	0.490666667012466	0.765684857243832	0.986104879312512	0.794783216783217	0.991044799205256
PF01966.25	6.79787344971525	6.98189091117553	6.74972768433798	0.287753125481879	0.750888240872396	-0.353180685039174	0.353097940657105	0.370562685903941	0.982135039677419	0.431386213786214	0.983444244180533
PF04892.15	2.07855404043504	1.37079638566488	2.28047111640463	-1.02861004106004	2.03501082538512	0.395645227032588	0.294000009189488	0.211607362054593	0.948500199706026	0.247453346653347	0.749648895686986
PF01264.24	0.65692774893233	-0.150182376545134	0.949573524132179	-0.852094906591407	3.23302188950438	0.217963325023894	0.367754835372621	0.505324938649532	0.986688280456341	0.441221178821179	0.89319101380035
PF04657.16	-1.79077093601927	-1.49129480355553	-1.96630970144979	0.558643078824974	4.19296219549074	-0.119236619426529	0.44037308684754	0.654786334495898	0.950537819084554	0.65926033966034	0.956020486821561
PF01761.23	1.62339620484819	1.08855232334369	1.78594916018897	-0.689027467684995	2.06144502346952	0.273254778681139	0.346000006301487	0.319287182280795	0.980032194736298	0.371582017982018	0.848640925839725
PF09335.14	0.0970258290490946	-0.100338315345383	0.158778342066176	-0.162687447647082	2.87669123139384	0.0397001070998667	0.481333334025656	0.715292100920264	0.989219262665004	0.715204795204795	0.966716417983416
PF00497.23	3.8270732552774	2.78887317878601	4.27060510132643	-1.4930574672307	1.08453450213557	1.29125108645869	0.050666753163632	0.0245196406222722	0.501009922040345	0.00382497502497505	0.0698907845850856
PF02874.26	7.44273709210242	7.5820740179342	7.37751631904458	0.310864365042216	0.822059439781285	-0.331901253641012	0.338666673336384	0.254919528866453	0.982846231022712	0.359870529470529	0.976562964266862
PF00006.28	7.53193739508532	7.66435617896378	7.4661913016888	0.281596544694653	0.731781140958476	-0.332218753575919	0.325782818793355	0.254187862607147	0.975939797034616	0.327782617382617	0.958957957248374
PF00306.30	5.58219825570631	5.87011248301762	5.45491394639334	0.465335142597831	0.962363821873456	-0.481083565602603	0.256495681360653	0.147451539303413	0.813713444299445	0.188197002997003	0.783356499253344
PF00213.21	3.99599944076477	4.35630471312875	3.82822917382682	0.494947679437909	1.18645235999367	-0.395514871261092	0.331778821140233	0.342185712990429	0.927196056794939	0.360634965034965	0.936283794563913
PF00119.23	3.66478476614873	3.52945325793075	3.74826506616508	-0.330666469917322	1.48498884972271	0.205935980760737	0.399733514856683	0.500217592970545	0.99794220131346	0.539664735264735	0.973839275602063
PF01694.25	0.985917851440496	0.3960491696015	1.15767735989916	-0.770665312550424	2.32984754595811	0.25756821147283	0.364666672075246	0.364966462197925	0.97331003970139	0.435683516483516	0.864047503855339
PF01592.19	2.68871792765042	1.63168351505965	3.61304321814678	-2.04276750825404	1.89267775067611	1.0087061769957	0.0993333748000427	0.0313508063057614	0.547117448097	0.013572027972028	0.166197732266073
PF13527.10	1.65935914659221	1.17309545639387	1.83431181930155	-0.665055352922402	2.38784322258445	0.237885133292174	0.367088612884815	0.425042312427224	0.988410040262949	0.438646153846154	0.91199209634747
PF17668.4	-1.46299122601196	-1.36059962316638	-1.52212564843628	-0.185051278605612	4.54228902989437	0.0341942450398627	0.48101265893116	0.750816174537843	0.990577242054427	0.742372427572427	0.97192998058969
PF04997.15	5.98346337779218	6.13059384636309	5.91005842921429	0.213923088597464	0.662731465630219	-0.289489909742691	0.379333338078856	0.4842639703661	0.974739927217684	0.47896983016983	0.974364780137476
PF00623.23	6.73308637823664	6.79413680361175	6.71874160479131	0.0729167419678882	0.635166913594613	-0.0985707300978386	0.453697536704118	0.858686521652147	0.999707414867243	0.80473006993007	0.999678772322348
PF04983.21	5.99889469934481	6.17520059232427	5.9152909351892	0.257451003873959	0.67617363970855	-0.353799704364651	0.350000006105005	0.414922077561278	0.959511550048902	0.424011988011988	0.963758036211607
PF05000.20	5.99030715417206	6.16111742974575	5.90687201070326	0.249052169321382	0.637087105045512	-0.363571314016379	0.340666673234893	0.409900540186672	0.961778897562846	0.427372627372627	0.965388420698069
PF04998.20	6.00865390724723	6.19551084918445	5.9197161294517	0.259465583779218	0.652821512814995	-0.36228990893097	0.348666672836835	0.418632245740271	0.964207164173361	0.407337462537463	0.956927302251385
PF19200.3	-1.28798557572108	-0.202283542286	-1.92604937990435	1.7275223348322	4.23467033155147	-0.347662259325256	0.32111926141832	0.375301353108328	0.847128055777	0.358891108891109	0.854250080249661
PF05913.14	-1.43291930343907	-0.256855387121957	-2.04700336905858	1.84377183043263	4.41826481237768	-0.373512308826001	0.32711526375861	0.391080273183499	0.855809217754204	0.375377822177822	0.860087431675131
PF04563.18	5.87209922771724	5.93602920196928	5.81166597023519	0.165075920562962	0.644325755920576	-0.227540358013217	0.39333333747232	0.552337605338069	0.979204446221517	0.608165834165834	0.987680919808176
PF04561.17	6.718641897255	6.84330493120529	6.46308172981312	0.22255745326243	0.647223375508242	-0.330718608346802	0.370000005163893	0.412414758603129	0.982026828390202	0.471946853146853	0.994878677101105
PF04565.19	5.86520858462995	5.92267437231929	5.81414837608744	0.107394621733364	0.629735575810348	-0.155378543502646	0.431045971953661	0.568157500727061	0.982852473107692	0.634948251748252	0.990609452194131
PF10385.12	5.86596030575723	5.92703310250122	5.82044878182726	0.115603164602243	0.626111122093919	-0.170274237183956	0.42438374703289	0.597805230131002	0.983470784996577	0.658148251748252	0.990782694280707
PF00562.31	5.89273493582983	5.94979105335918	5.84717356853687	0.139409666141174	0.642821071906035	-0.206169036541823	0.401065959837764	0.56333580067112	0.981689548007447	0.619848151848152	0.988665984339766
PF04560.23	5.87145450695359	5.91146308160574	5.84147492141896	0.119169970743618	0.640432672527925	-0.171485951277138	0.42105263457369	0.612321289385878	0.987979671747774	0.670355644355644	0.992997401681119
PF05649.16	1.62820285942369	1.19931682086001	1.76873016786177	-0.961934768440138	2.80362097161538	0.279931452165912	0.363333338803763	0.317216521360901	0.989442565101589	0.384242557442557	0.910294227572802
PF01431.24	1.59870415845844	1.04328439764852	1.75661201182518	-1.07238661719767	2.93243473043963	0.311855069941587	0.354000005911439	0.297048291423083	0.985851119934411	0.364063536463536	0.908496504365818
PF01943.20	2.90833755609953	1.89540427832414	3.21648350526039	-1.40598435866522	1.25279626066652	1.02426502876431	0.104000039348607	0.0391220715995125	0.590511568433099	0.0210621378621379	0.184775923568629
PF14667.9	2.97793846428865	1.60853267037804	3.35741712523881	-1.80639129283438	1.32236664135737	1.24401192534057	0.0586667406622703	0.018087800464764	0.451071240820224	0.00647912087912091	0.0851651783098814
PF01368.23	4.26765248222063	3.94332007587581	4.44573559630664	-0.467113046529287	0.904481520854429	0.453191868432808	0.287808137487236	0.221407511895906	0.925542634267086	0.216694105894106	0.727663918064235
PF02833.17	1.52939925903147	1.66690157932669	1.44796965051071	0.135169523740676	2.09802831405045	-0.0453741203024923	0.467688209061577	0.807245130950184	0.992648129326921	0.753103696303696	0.995184282320481
PF01595.23	3.47410886169072	3.27785626890129	3.60014611581678	-0.31287734974176	1.20976171173619	0.237756394843537	0.386000004453745	0.488053145619781	0.990355484343897	0.472005194805195	0.931709234963902
PF00571.31	5.96973761746458	5.83711486876688	6.11753736046973	-0.263675019388237	0.647742209326486	0.392595883930606	0.320453038936609	0.334040181628059	0.97514741279876	0.293063336663337	0.870754432942001
PF03471.20	3.52626237117689	3.30601694196155	3.65329089982084	-0.336413056690473	1.23892308669016	0.2350104889128	0.381333337990732	0.477291763913746	0.990766040428306	0.457206393606394	0.937481352982911
PF17760.4	3.35890959379162	2.98634221158622	3.48041102228854	-0.511144864268384	0.992847555136064	0.481095622000192	0.284000009835547	0.25975440242314	0.919083893704814	0.249746253746254	0.715755208692208
PF17755.4	3.47377881331093	3.03568044723255	3.62791477738982	-0.598634164350043	0.94475368183416	0.534104333203965	0.260666678165493	0.210531838193522	0.898410200369325	0.196913486513487	0.663679947175544
PF04263.19	0.671020839301714	0.151516416366913	0.870188872081584	-0.7626739811661	2.22612183172461	0.265777858066063	0.353097940657105	0.368392974422393	0.9662771802616	0.40665974025974	0.826055920039903
PF04265.17	0.53554552856226	0.137873007219866	0.667623574370082	-0.606621086624215	2.12541118180143	0.220823397253578	0.373084615277418	0.427709907471348	0.966190892638332	0.49846033966034	0.856214284987022
PF00582.29	1.60700979033205	1.10367860033599	1.93485518702922	-1.04188156152002	2.08307640757543	0.454410403705172	0.287141915012254	0.276517719231393	0.921737221771007	0.255301898101898	0.725653610317099
PF19300.2	2.61567297872926	2.00598453360408	2.85901024510898	-0.942599955577685	1.75630867017433	0.460741733180538	0.263824128499574	0.183851524921988	0.929665011060222	0.183653946053946	0.699033345416474
PF08352.15	4.52602395569397	4.47031553703039	4.57159462746629	-0.10409162393841	0.859625152417793	0.110070008235652	0.455029981690227	0.73350552544162	0.998286961438493	0.711986413586414	0.988159645224099
PF01134.25	2.48256007018166	1.23363041211986	2.78061732256276	-1.36837952695704	2.01411381964321	0.602482266048397	0.220519668599033	0.145599415071651	0.874186897605354	0.122566233766234	0.530559243942657
PF13932.9	2.16565915653511	1.22820255500501	2.44716046885028	-1.10801342936504	1.95999007302354	0.502968660724233	0.267333344332271	0.205778683286257	0.917422157510967	0.190618181818182	0.668938841740257
PF01406.22	2.6527725154586	2.88650259171768	2.56978696137852	0.316489953448373	1.0609335410918	-0.266418738499654	0.376000004893566	0.562098042796785	0.927862107635605	0.536589010989011	0.912281411949815
PF09190.14	2.33896495094364	2.73564215046491	2.19473584583512	0.536835163226532	1.14652419075989	-0.42277150612287	0.320453038936609	0.408085211887405	0.864683398661314	0.387922877122877	0.851306986638667
PF01138.24	5.64755714044746	5.00897049292301	5.86441082262109	-0.842305485526804	0.814237715395606	0.970587715795738	0.147235202529104	0.0485036288608417	0.698308046643833	0.0260811188811189	0.278603364265945
PF03725.18	5.07403934812209	4.48492880571922	5.3068499840212	-0.875294719365717	0.878951245873283	0.959823081680761	0.140000027685467	0.0344351553274002	0.613728642319817	0.0224295704295705	0.252128368399696
PF03726.17	4.43210232635242	3.86422797362085	4.65056063183517	-0.812610011358506	0.894817431695542	0.843510973023554	0.176666687249073	0.0759575033364104	0.753359932634415	0.0504383616383617	0.368810302541771
PF00013.32	6.57258624358656	6.55723487792025	6.57899156118725	0.0131408834150104	0.691744169457824	-0.0156816123569254	0.490339773841787	0.750893908091667	0.998875755073103	0.868454345654346	0.999130650259973
PF00575.26	8.32059843199017	8.38441311986257	8.27464920788836	0.112145120330386	0.706755016849497	-0.146759305260519	0.425333336161842	0.53655434938054	1	0.693293506493506	1
PF00009.30	9.17576313750144	9.25354166559211	9.13633516885257	0.0416783292174667	0.78271524293334	-0.0533911209648213	0.471019321528573	0.63501308020624	1	0.861667132867133	1
PF03144.28	9.06591255943471	9.18888668102882	8.98056574964491	0.110384663817781	0.864728780402796	-0.105599798801842	0.446369089281922	0.511295001349409	1	0.772536263736264	1
PF03143.20	8.32118233103866	8.32980296990102	8.31450439689753	-0.022928668792833	0.917235259263339	0.0175652381488181	0.486000000518925	0.867988183295642	1	0.87897022977023	1
PF00133.25	5.77666675764023	5.46794559166759	5.95482513029403	-0.461919450639477	0.526526196952346	0.841075893584792	0.164000022691599	0.0556927301975754	0.664683059784111	0.0485394605394606	0.349903707302528
PF08264.16	5.82713816474869	5.54388147218852	5.99067408821371	-0.441006835944008	0.516981254840148	0.803059923255649	0.171333354767662	0.0685206154077968	0.70205927402737	0.0600431568431569	0.384507898318088
PF06827.17	1.75755704185195	0.163493314100487	2.11536543023335	-1.85538699313411	2.48970695790622	0.630324707288594	0.183333352916913	0.105547574675548	0.822133404901166	0.0738661338661339	0.400366497502436
PF00091.28	3.65871828140344	3.58016119931263	3.69053086252949	0.00125731987323707	1.39044594706878	-0.00115434255843688	0.49966688875316	0.834281900054718	0.998535207221402	0.810068331668332	0.997250874758987
PF12327.11	3.66932222942709	3.57434910909111	3.71072036478271	-0.0197557869524676	1.36452108107352	0.0117804334461405	0.493333333580291	0.803682748008515	0.999656634459533	0.80358961038961	0.997480611974621
PF00126.30	3.15176940832441	2.82093969958528	3.36654461874376	-0.515246317840272	1.31306636986364	0.284746285044298	0.318000007770269	0.306549946560463	0.966658177374676	0.308372827172827	0.787991960383035
PF03466.23	3.16111286540181	2.85013692732869	3.34145608928713	-0.438106974063897	1.3229046521991	0.241284141956579	0.340666673234893	0.339936709820953	0.98038276263887	0.360938261738262	0.840134675073225
PF04055.24	6.27051597375256	6.31597621457741	6.25528082263897	0.0305767536133761	0.453659759631397	-0.0610440052467842	0.471019321528573	0.835410989069056	0.995572536438704	0.773729070929071	0.993825047464414
PF13394.9	2.48466070648308	1.962701352701	2.64606004995504	-0.687495853785105	1.12718418952787	0.531923690914392	0.257333345090326	0.195477809895384	0.869577561652804	0.205033766233766	0.618386090990705
PF01029.21	2.22124997628816	2.22397034070677	2.22003531399382	-0.0592582657522964	1.30315210217259	0.0287115730739539	0.48500999389272	0.583025204318751	0.995882993678321	0.710350849150849	0.968463481258495
PF01189.20	2.33394234063926	2.22531641899214	2.38259804793993	-0.200049310862725	1.6717199678953	0.0910841277760221	0.449333335229345	0.600918389624241	0.996314267442575	0.693084515484515	0.966349571203455
PF04226.16	-0.859162171009635	-0.422576297337767	-1.07508628563403	0.548188437178399	3.89017139895529	-0.113539248432227	0.434377084415154	0.629531498357303	0.967019811451763	0.641492907092907	0.971771320837777
PF00551.22	2.83786618069971	3.24920587623325	2.66572407529129	0.564706538315146	1.1025882020327	-0.394317013204408	0.291139249864532	0.52651676373985	0.927821266675158	0.283218781218781	0.829417126853312
PF02911.21	1.55908366141686	2.35578266854917	1.21048426779988	1.18291348199877	1.64773251641548	-0.647071252040595	0.230513005387879	0.199174168416401	0.717700999497586	0.165943256743257	0.683540322229272
PF06983.16	-1.33010405822606	-0.532822780973225	-1.91093853211085	1.3238468297714	3.80742358913485	-0.283592580534111	0.339107268463884	0.428309944997656	0.863447925568533	0.425094105894106	0.866747658388973
PF12072.11	6.07326350120682	6.31707128588344	6.00267332912306	0.336927706268634	0.866999046628413	-0.348984550706138	0.344666673034318	0.330281070792505	0.967631790151145	0.381728671328671	0.97501646458715
PF01182.23	3.34035056971358	4.92330806027459	2.67387550185388	2.30848123839494	1.73698991470596	-1.27031593654236	0.0780000543327781	0.00616508725805545	0.220025700600263	0.00766033966033966	0.223769960359437
PF00712.22	2.07591202567273	1.73883162801989	2.23633805629909	-0.581966232182957	1.82922996426116	0.258550907572379	0.346666672935199	0.360130786066841	0.975711290828539	0.372759240759241	0.862224953123386
PF02767.19	2.04707146142676	1.52965688302261	2.26645396785364	-0.824260717086642	1.89592514382697	0.345697260276204	0.317121926529746	0.308834384618252	0.9588354766522	0.308175424575425	0.800262081315428
PF02768.18	2.05919429160096	1.50078230020365	2.27497742444944	-0.769106187969328	1.88518351535992	0.346981010883708	0.32644904127593	0.298520729146899	0.954118711376667	0.29721998001998	0.794589252313062
PF01116.23	6.22689584427226	6.49553202736595	6.06936234709835	0.241156368164131	1.12831534776357	-0.192439231015648	0.407333336887512	0.468639758624197	0.999557471557836	0.63993046953047	0.999517904002114
PF03129.23	5.50149876187139	5.19676476367904	5.58562065272735	-0.377003056677673	0.605882430110569	0.520249705297981	0.267333344332271	0.199487455805198	0.951479860110265	0.165931268731269	0.672976057863748
PF03477.19	4.76560603683597	4.95262561901682	4.6616652594895	0.266540640568849	0.598238672155033	-0.396774874883	0.327333340594301	0.457325343555009	0.912497162464651	0.394507892107892	0.89516666097052
PF14681.9	1.85605172025863	1.86661335816975	1.84967974983145	-0.0573354648410032	2.27847528402131	0.0186030748942769	0.489673551348137	0.654478136574608	0.997387452098294	0.776700899100899	0.992849707151965
PF01053.23	3.24563751084932	2.35319953147335	3.56355197705776	-1.20158727588371	1.78865752669356	0.568885918408166	0.201333350531476	0.124327636798522	0.883661353265045	0.0676927072927073	0.437574187412258
PF02646.19	-1.52183484861769	-1.53807849575896	-1.5160126037669	0.060257695883732	4.23124147332183	-0.0131791825292856	0.492338441322757	0.738112753025455	0.980804006327755	0.760482717282717	0.97320962361833
PF16745.8	0.899612112139899	0.69801587683199	0.951426934373516	-0.345041301650612	2.27841061613096	0.12062177714439	0.446666668664708	0.557590921735177	0.993948355766418	0.649958441558442	0.954354763542996
PF03193.19	0.94845074626945	0.623169348659469	1.03500622667144	-0.401990586611492	2.26650662075781	0.13714188250156	0.426000002802118	0.514382284391893	0.988804709766805	0.598876323676324	0.945470278692882
PF01588.23	4.43954621514115	4.19406879589657	4.55945395517512	-0.448943344214782	0.757191912157131	0.550554278668029	0.256000011861867	0.153244157855066	0.860980075837084	0.169016183816184	0.630717492911412
PF03483.20	3.15879591991815	2.59415179896371	3.41478565747043	-0.827566734555571	1.37123694854091	0.546334636434853	0.242000013023006	0.167950644116726	0.890865931055001	0.163809390609391	0.616605297113201
PF03484.18	3.060514042845	2.57662071202554	3.25214380556943	-0.680100681386496	1.35126842926166	0.444675194686955	0.285333343080642	0.223647785801064	0.937592649610588	0.234129070929071	0.741022173403279
PF17759.4	3.0602322763953	2.62795269072868	3.23926403545322	-0.643225919117573	1.34899962670086	0.404723314713959	0.293804139769162	0.231182685790109	0.938943827940324	0.238864335664336	0.749936869677949
PF03147.17	3.05543746601296	2.59131199196953	3.24556175438532	-0.674675607019796	1.37585588577334	0.41553237246668	0.301333342070768	0.234907645081408	0.941790402214536	0.244201798201798	0.758629558719801
PF02912.21	2.27735483849833	1.18873851969079	2.61255188661184	-1.41807788854703	2.07259219237998	0.564404693035402	0.207861442122503	0.124815736014708	0.869489467792822	0.102177022977023	0.499508092978152
PF01409.23	2.29456325448012	1.19824302290744	2.62126386030712	-1.41379182525128	2.13720637161169	0.551811060798636	0.210000016185558	0.126293360433425	0.867985939091705	0.101966433566434	0.493261586843296
PF02421.21	3.24046881634208	2.2665073667705	3.65347693580173	-1.33596369894186	1.27251468736018	1.00729346957935	0.10059964108487	0.042364613480187	0.613263397855339	0.021775024975025	0.202592795015438
PF17910.4	3.2308417020604	2.2803339342579	3.61419097918938	-1.30494530757134	1.32985269263819	0.919709255804134	0.126582309712805	0.0496464141756024	0.646716801356969	0.0299796203796204	0.248050599115999
PF07670.17	4.2260409925795	3.2591524745674	4.65820808973712	-1.3635874436163	1.10668264885716	1.19464538437947	0.0826667176232844	0.0237732876906309	0.517740627371844	0.00791208791208794	0.125591241977845
PF07664.15	3.24189775221673	2.2433383502613	3.6225254095409	-1.3199430646015	1.27110538661212	0.925354968803998	0.126582309712805	0.0455052244764316	0.625546345301133	0.0237218781218782	0.222187199556343
PF00704.31	2.38711582709175	1.99802266321403	2.55522005552135	-0.524851190425986	1.42275758510283	0.344665416580602	0.346000006301487	0.390657151939478	0.960262103151129	0.401184015984016	0.838089600040333
PF02839.17	-1.64668689061676	-1.5213146399566	-1.76109923020173	0.30112247905579	4.20424190692997	-0.0638371024912549	0.462666668057134	0.659289014804051	0.962082894977517	0.695894505494505	0.973630158880644
PF03067.18	-2.39988072279174	-0.949154404736148	-3.1558653026284	2.12562498345575	4.21225273349173	-0.455355300161846	0.283333343213252	0.318258824428748	0.771107080679435	0.299567632367632	0.767755997359578
PF01872.20	1.15484605859164	0.791620419443762	1.32061424773621	-0.448445693757144	2.37918175110389	0.161270757135438	0.416389077132241	0.527114301630217	0.992295638127906	0.549088511488511	0.941711789194295
PF01336.28	5.44784969159056	5.27236162173267	5.53907442778272	-0.283230668198216	0.816772956732631	0.321570998945148	0.337333340071168	0.286029828846904	0.986840562968684	0.342319280719281	0.882527932607023
PF00152.23	5.30802714789597	5.12801841389951	5.42521470708076	-0.30300091248617	0.867760991809142	0.31050831193385	0.337774823495102	0.274170128120055	0.987172641311127	0.334521878121878	0.877295629481111
PF02938.17	3.6671878317422	3.39576193305424	3.82830310359623	-0.50237939531107	1.11574391911772	0.408546569143888	0.30000000881834	0.236265416874448	0.949127427719642	0.259460539460539	0.763018879997307
PF13393.9	2.85030901312396	2.43964009471152	3.00712675380856	-0.532030509036383	1.16643936409429	0.416320105571813	0.315333341253158	0.302426263302554	0.928802650707353	0.314025574425574	0.772120057147137
PF13413.9	-1.50663700438154	-0.518348301735672	-2.00253612939598	1.6360784744429	4.08479603984474	-0.337958180581423	0.334000006909769	0.416084184559138	0.865379993850092	0.384790809190809	0.861644136701817
PF00675.23	3.80806379180676	3.77737626300459	3.82549757945848	-0.0371682555597346	1.23938200894001	0.0314089010960382	0.486000000518925	0.81831406535734	0.999382707527998	0.771851348651349	0.993438360067403
PF05193.24	4.13642030629079	4.06456527074136	4.15148869520117	-0.239347392455179	1.31780750788284	0.168589093769835	0.419720189590245	0.533589556202534	0.997978858205263	0.58364035964036	0.984792775325928
PF03780.16	2.86274623922056	3.326996367245	2.49997323969159	0.836273307029569	1.3762357580395	-0.563522259969493	0.238666679983602	0.123473951791995	0.68430423418952	0.162188611388611	0.72239935742308
PF16363.8	4.78999890303556	5.06070776737338	4.67091373138143	0.360389423488458	0.782561569626781	-0.326467215997767	0.325782818793355	0.699142441655638	0.989906953936511	0.37043036963037	0.938742350574034
PF10509.12	3.30670170643989	3.32160360883865	3.29327533294974	0.0106220109783495	1.07539639677163	-0.00952401205026287	0.496000000148157	0.801085193100886	0.994399963181503	0.787031368631369	0.989493694309039
PF00288.29	3.64402227714018	3.57500296474544	3.68687174668364	-0.107652542899602	0.997575275062691	0.0914987681363719	0.455333335000962	0.656870968192198	0.996180866773861	0.674173026973027	0.976433132764843
PF08544.16	3.32334175972853	3.50036573927396	3.14321234864676	0.290982463598293	1.14667370060477	-0.218298101565932	0.407333336887512	0.572671789611641	0.976137259301274	0.602668531468531	0.981083330295595
PF01136.22	3.08060490427511	2.90128882770833	3.1349062771543	-0.177074501214515	0.98903813786028	0.155334794983447	0.429047304477111	0.635342301487464	0.993929711209338	0.592254145854146	0.930199742459478
PF16325.8	1.57761326485887	1.72393569425546	1.51101528009308	0.209590995544747	1.48186280696737	-0.131762336768772	0.435709529399944	0.687662682674091	0.96773691591895	0.66877002997003	0.963966231722669
PF00687.24	5.10779542640469	5.1751367161972	4.9883615525343	-0.0360089494964182	0.989298867946457	0.0276185810103512	0.488341106360851	0.853199345018086	0.999589728824723	0.80392007992008	0.999831636743919
PF01765.22	2.9585936256747	3.16239472070682	2.79658492151921	0.37995594253913	1.10040782901706	-0.306686769307014	0.36175883298481	0.419525931449467	0.912569467455624	0.482967432567433	0.935505392248678
PF00871.20	4.23819190951128	3.94617622253163	4.38195251945368	-0.39172666273465	1.10602353004215	0.32607275178822	0.349333339470879	0.402829526902668	0.988457439671323	0.364983416583417	0.90245632289297
PF14492.9	7.74432158644765	7.97454872671364	7.66976887251321	0.366418792319707	0.579695199424423	-0.551409486277935	0.240666679806384	0.0867510249132613	0.698400157961513	0.125484115884116	0.737329134820576
PF00679.27	7.83592408529896	8.04080934751166	7.77498149980514	0.343751765292021	0.552429182157474	-0.575577909729739	0.264000011246215	0.114008410330322	0.775000709088118	0.18239040959041	0.830756812675803
PF04397.18	5.16815397140074	3.78169612684307	5.79351522983066	-1.95274283808896	0.858736860076163	2.17924468519575	0.0200002267476028	0.000553522851609654	0.0997126850691988	0.000427572427572475	0.0247514387332406
PF00480.23	3.52674663776119	3.59852418370727	3.49588199120551	0.0550269622559201	1.04435958790538	-0.0386812185842279	0.475682878982846	0.72756954119548	0.994204470446253	0.786184615384615	0.990520040631757
PF00817.23	1.94474026051252	1.1466622072413	2.41933991376474	-1.24390866196953	1.65134198448739	0.66593493381298	0.18866668549913	0.110949014351231	0.784986755520643	0.085625974025974	0.436587911811052
PF11798.11	-2.14256402135275	-1.57433211735882	-2.46328663641411	0.987092653571819	4.26039563364298	-0.191390383256026	0.40133333713572	0.572482287630287	0.911198501165335	0.574326073926074	0.919311159363672
PF11799.11	1.95734173310971	1.16748711166623	2.41764940051014	-1.20616130245931	1.6603313352344	0.661546673964867	0.191333351804978	0.126178448028273	0.793105823623492	0.103369430569431	0.460947065585241
PF02729.24	3.28399316596943	3.00282226858035	3.42838356292429	-0.440443341851924	1.04951642991055	0.365201619477982	0.322451706382074	0.332156920625825	0.949684750490526	0.321862537462537	0.79810728550526
PF00185.27	3.28708882428574	2.99594725566108	3.43786523682133	-0.431063878564992	1.00618442942572	0.374097489846449	0.325333340701651	0.336594038984476	0.94515458471112	0.323162437562438	0.777617508668589
PF01316.24	0.181947017628733	0.562856314442511	-0.00410546685472024	0.592941187979326	2.5889936088521	-0.185399878956764	0.39333333747232	0.616916746446231	0.946665131189375	0.569163636363636	0.937275123324675
PF02863.21	0.160046093064318	0.577845168603745	-0.0116703498885178	0.525237978744551	2.60894537576913	-0.162283850290687	0.405729517272928	0.629154740201596	0.956479474286149	0.565018981018981	0.94330063218109
PF01225.28	3.1423747435584	2.34402356404774	3.45660405237213	-1.16408988400163	1.48558396763817	0.640275943241557	0.17455032068683	0.107529672764127	0.846511111955077	0.059988011988012	0.38857610883121
PF02875.24	4.15103428364666	3.54337209435224	4.37431804101099	-0.880747155662515	0.956590207785939	0.813699784048642	0.129333363812067	0.0699084215649455	0.749242100769903	0.0302817182817183	0.250913676760823
PF04321.20	2.40117524632446	2.36093294140262	2.41197409985471	-0.0584726232874075	1.24802306575072	0.043242573697144	0.48434377139911	0.693206734718945	0.991683920080288	0.742774025974026	0.970004900430634
PF00230.23	1.53746849727511	2.41043144248446	1.05925670160696	1.3947871763774	2.78733305893026	-0.429779275213485	0.288666676196259	0.332511963974361	0.884178073788631	0.25897022977023	0.863177612652294
PF18073.4	1.61656437594059	1.26157829614865	1.7146100733468	-0.454145980908788	2.33889779366544	0.153334751894245	0.425049969524827	0.508108153753812	0.9978603461174	0.59528991008991	0.95658799558019
PF13481.9	3.06834293709559	1.65725026897343	4.04428606911369	-2.25898122532241	2.19759024078212	0.941667304588634	0.113257863723011	0.0391206756775898	0.627348451393457	0.0129438561438562	0.181554170776541
PF13541.9	1.98801643582262	1.67963857489756	2.06282501191237	-0.307523625947372	2.42411071255704	0.0969558646550116	0.447701534267589	0.530616156449109	0.998591374758268	0.663273926073926	0.981244177192198
PF01196.22	4.58278079515883	5.06201422510645	4.35433125278723	0.635693838402304	1.17732481511727	-0.454075713264009	0.265822795905675	0.157430641233051	0.831461788744735	0.18950969030969	0.836756177911457
PF01193.27	5.63209497230824	5.68375417033297	5.60201390711133	0.145496194167411	0.841731161298699	-0.146013998865364	0.419053967098574	0.544241809703652	0.998648979034957	0.668803596403596	0.996029097199514
PF01000.29	5.63542458338038	5.6869016449253	5.60221230065557	0.161700859738231	0.809733728868522	-0.1625367712708	0.414666669921978	0.534312196862424	0.997616741730567	0.653951648351648	0.994581339482364
PF03118.18	5.63742308127671	5.69569141154189	5.60377313665844	0.126829928038917	0.806814535082252	-0.130293958704065	0.42704863700083	0.549718572708958	0.996184515719068	0.661154845154845	0.992403722837688
PF00411.22	4.58109280171254	4.26474017158715	4.72050720134341	-0.400843745921198	1.04324238706209	0.350999722092228	0.336000006806324	0.393905435156914	0.991761029953583	0.315897302697303	0.878751494084911
PF01176.22	1.60015802066068	1.32031848506292	1.69817709094333	-0.425701507627553	1.99716775329525	0.158529853982244	0.403333337052597	0.420223153489065	0.99127576562615	0.509286713286713	0.921249392320017
PF13276.9	2.78610445241523	2.61198983082659	2.88285391911867	-0.466339788017213	1.70999083430635	0.242137308326623	0.387741510035488	0.532626732156507	0.994077753866201	0.518076723276723	0.960170666361304
PF00406.25	2.96907305784801	2.63890529896994	3.0542769879576	-0.437148141124298	2.57293901153796	0.141192318441786	0.411059297201336	0.492452484570765	0.998997822714465	0.53032007992008	0.974275520368741
PF05191.17	2.78553512999835	2.37394950935716	2.94514349268548	-0.645012874650525	2.28142873459335	0.219891877390113	0.37508328274276	0.455595501849863	0.998886534851666	0.4283000999001	0.940630392860336
PF00828.22	4.61471473211557	4.66501712303191	4.59506249210388	0.0995885572625177	0.850763953977146	-0.10797666655983	0.442000002177447	0.629623468702198	0.987683028063089	0.730806793206793	0.98272558110779
PF00347.26	6.25500570314469	6.49088578194303	6.08566840239171	0.451310663082105	0.927587359874912	-0.421180780660995	0.272666677280535	0.145252123248027	0.849009464994953	0.217659140859141	0.893527274997011
PF06480.18	3.67033694157322	3.08671721247353	3.82569356489153	-0.750617671416941	1.01023465284242	0.655064765139227	0.208000016412335	0.124176713546506	0.851163699529513	0.0944807192807193	0.480678269044256
PF17862.4	4.49002824178327	4.23382432697867	4.59366505957772	-0.395869124541394	0.806308128843512	0.403872946877284	0.282000009969172	0.229188351078138	0.94709797010108	0.229076523476523	0.717173251741852
PF01434.21	4.54755902431476	4.44012564172931	4.59803455459132	-0.213413631209071	0.756636818081216	0.204559968189807	0.37708195020865	0.385137122790039	0.988377131966506	0.492565834165834	0.916260819006572
PF07650.20	5.35229246104723	5.37508392432225	5.33428475534074	0.00916795677687876	0.933269710993134	-0.00621306719716558	0.497333333432102	0.813598588353609	0.999010721812506	0.843131268731269	0.99943295758084
PF00189.23	5.15685877269367	5.14836696951325	5.1662388491295	-0.0390837148015626	1.01127419975883	0.0372032276610179	0.477333334174568	0.855372804478806	0.99961537469382	0.772075524475524	0.99864703051464
PF00237.22	4.52700376945436	4.63500811411434	4.46458152180383	0.121019351717251	1.25617866773626	-0.0904430934950473	0.449700201746251	0.764313114172947	0.996369228087958	0.746706093906094	0.997015147555496
PF00573.25	4.51842025835563	4.81450522186007	4.32617560105513	0.53389177360372	1.12713946095803	-0.470950449842243	0.287808137487236	0.242357900828584	0.855025644039661	0.264742057942058	0.882421654648949
PF14821.9	2.18299409268705	1.7940188455278	2.39824962237024	-0.581391217852754	2.11661570967015	0.211719525153917	0.369087280348433	0.395879628969206	0.987500583896315	0.417704695304695	0.891670220884746
PF00291.28	4.19431666703681	3.25573002276776	4.50057383857395	-1.46442251142554	1.17817668865491	1.09068158310166	0.0353334595596343	0.059518013486839	0.716321668294166	0.00210189810189813	0.0477151968458973
PF04239.15	-1.96177971234533	-1.37702012254516	-2.28304369140739	0.898494524346281	4.07184183407242	-0.20061251609299	0.393071289954061	0.550268809681595	0.912330709337443	0.557184415584416	0.914418535303227
PF01243.23	0.952426777897823	-0.319426669324358	1.37426849310528	-1.43660625307313	3.35661249984273	0.385891326087769	0.291333342691635	0.341992171176108	0.956301397707421	0.262396003996004	0.757234484999698
PF14480.9	2.53924097900529	2.90327559654092	2.45121181965012	0.355404467595716	1.53062409056793	-0.178844124524297	0.40933333680553	0.748203734103873	0.984449509500269	0.625706293706294	0.975380112472301
PF11490.11	1.10027138655938	1.37537020795727	0.94934142982247	0.397395839061852	1.83454348921421	-0.174430006714667	0.412000003363445	0.685429567946436	0.953579457881857	0.608416383616384	0.952900803607133
PF02811.22	4.63427689967537	4.56489808003802	4.64792155042025	-0.0755730200508733	0.712338604081537	0.0911058045458333	0.460666668132528	0.661804272352534	0.999480121057899	0.703921278721279	0.982710793449969
PF00929.27	3.51331422877932	3.70616739421586	3.44645778149257	0.203597725231439	1.14631751043973	-0.141567287457941	0.425049969524827	0.825074025281643	0.99461013134822	0.68178981018981	0.986233019142849
PF07733.15	4.41579333412352	4.65343827202598	4.37343219955788	0.247770712732604	0.800072917166963	-0.251195176019014	0.394403734934204	0.638502310107823	0.982759972246515	0.571981618381618	0.972988321265975
PF17657.4	4.14115013193498	4.11138101728113	4.14784515239063	-0.0242584301005522	0.853702709149554	0.0276909202796003	0.488000000444701	0.708306092946295	0.99889809594484	0.768832367632368	0.988263844902911
PF14579.9	4.09321238801805	4.06594418433111	4.09944335267318	-0.00424316408244074	0.84554213236561	0.00450549258870364	0.499000666259482	0.732042141531495	0.995129605462838	0.763902097902098	0.987100614071666
PF02852.25	3.21360050632003	3.86870848591055	2.99586792001044	0.793369813661999	1.02113638169125	-0.666807094727139	0.239840119790646	0.217262850715838	0.752898873625184	0.170063136863137	0.721949383519304
PF04073.18	1.75491761379329	1.28634122960915	1.8899654995717	-0.599756540599516	2.15372560807032	0.209614429818954	0.384000004540694	0.385619136888625	0.991088330261648	0.47372987012987	0.911178475507563
PF02163.25	3.92641382346933	4.12070409330002	3.83267411355614	0.223350484547377	1.0444400194418	-0.0967227277509272	0.418000003120978	0.671482322849402	0.999630897134409	0.622455544455544	0.99283522608564
PF17820.4	3.27259065477876	3.14999184162498	3.32338793850764	-0.192104781027258	1.24524115101757	0.132161504196154	0.43637575189238	0.620177039765517	0.997838701342285	0.609814585414585	0.979217862091464
PF02739.19	2.98836181214502	2.73315078586211	3.13629595773162	-0.456093226274028	1.15337773020811	0.348353717830271	0.329113931207269	0.331487599072875	0.949794193273235	0.35564955044955	0.804799285504322
PF01367.23	3.00817746470731	2.70166217841539	3.17756859382829	-0.512107599478481	1.17909544020987	0.356400035743083	0.311125924204762	0.314075713004946	0.933672896026547	0.317373826173826	0.788842273669002
PF00476.23	3.42090990676474	2.75170642172048	4.01730358493224	-1.15885532353109	1.078576740713	1.03933276618865	0.125333364978809	0.030791151142371	0.498803883555502	0.0280807192807193	0.249342800861919
PF01527.23	2.58968969647414	1.90754647586467	2.80748724585151	-0.950561773583358	1.64870496935642	0.484033040390405	0.272666677280535	0.203903454352787	0.932420619130943	0.19813026973027	0.690634978142874
PF00889.22	4.85528859857287	4.83372910103026	4.86422256697543	-0.0142149371515679	1.07585935714641	0.012474437505319	0.494000000222254	0.791109609059997	1	0.821805394605395	0.998816982238451
PF00318.23	5.06307210667076	5.06886553615889	5.05981605837017	-0.0334275206860042	0.724007298487368	0.0437397736584746	0.48101265893116	0.80520010303302	0.997115371439594	0.760497902097902	0.990011121991935
PF00465.22	4.55773516353603	4.69440821626415	4.51181837489672	0.161636015426834	1.02910618437492	-0.14862065878769	0.431045971953661	0.636047221870706	0.990252923541798	0.668004395604396	0.994512750254897
PF13180.9	3.49162884868355	3.75024425568537	3.37842954692045	0.290166936885143	0.978931084438557	-0.152743612063412	0.3777481726974	0.740673733460287	0.99842148148346	0.480769230769231	0.951550009580948
PF05362.16	2.87060047288724	3.10442952381822	2.77581641283473	0.325309004821394	1.23611620775525	-0.212120877435412	0.398666670580509	0.672083782263968	0.975571103434287	0.564252147852148	0.948765330755174
PF00342.22	4.76545875883668	4.90769696834341	4.59596083202119	0.22110136551351	1.03220562477329	-0.20104245011454	0.406395739763836	0.541535162887315	0.982388190597041	0.610447952047952	0.99086467902538
PF10458.12	3.43509059080247	3.12745915210021	3.65405031901614	-0.455297409626983	1.00503544711924	0.421073279304603	0.329333340487885	0.358545525004192	0.932765035235914	0.323962837162837	0.804399218285416
PF01938.23	2.52964242022436	2.05001724975898	2.75807391777763	-0.688757020081972	1.4963695264526	0.363916334254246	0.296469029676195	0.314317382417138	0.95489244503214	0.275746253746254	0.747072300991912
PF05958.14	2.85670555047334	2.65957653106719	3.00943336588906	-0.262081342626588	1.4732356248888	0.170909551905187	0.423717524540984	0.644085299418531	0.994149531479134	0.588159040959041	0.960503296382223
PF01418.20	2.33508749954979	3.31630410048813	1.95424887314409	1.34512071563084	1.01510959518382	-1.26763301979164	0.0953333767782991	0.0319653506423211	0.325092247712317	0.0254841158841159	0.29762453241732
PF01380.25	5.01258074807383	5.21658621495521	4.89305990921152	0.390716119131913	0.681715856842362	-0.534753596179916	0.276482355435458	0.202834624686294	0.788269108326092	0.242220579420579	0.807805510318156
PF02673.21	0.801692766297486	0.547555316886442	1.01705954498897	-0.697589956882969	3.00875703629684	0.196178046552806	0.396666670664582	0.507792711920892	0.992509682701675	0.522425974025974	0.942149010585209
PF13177.9	3.53330006082104	3.76275847617688	3.45009831615096	0.248821289023752	1.13771765590644	-0.159167429808749	0.409060629727881	0.831959755040586	0.995943899207419	0.606240559440559	0.979147825993367
PF03951.22	3.17352880392163	2.88953299548699	3.29695965128336	-0.708084572177587	1.56866437875335	0.432916099454902	0.308666674968797	0.176490425877339	0.920793360744019	0.261597202797203	0.789594798480825
PF00120.27	4.83269442552292	3.61732521424825	6.04150125809184	-2.37030794634197	1.61863394193061	1.43832059456813	0.0393334462153316	0.00131776714311728	0.182811990003014	0.00133946053946057	0.0536477447347449
PF01330.24	0.256745093843509	-0.486336422258012	0.652659856802212	-1.1199668927945	3.0833816028567	0.307263853450405	0.332666673645881	0.409579695073763	0.967132418203314	0.356778021978022	0.825296692761505
PF14520.9	3.51640592346414	3.79343419387446	3.26912740378375	0.47798190605941	0.913819814464195	-0.490117276799801	0.30000000881834	0.265701353723351	0.804073646431599	0.298646153846154	0.83101182205626
PF07499.16	0.257951294158858	-0.466565301372288	0.637775058614689	-1.05400533764437	3.06180921403976	0.293559665094322	0.342666673134211	0.414868387604663	0.962992594124848	0.37896023976024	0.820759267395627
PF01624.23	3.11111551476083	2.80409211314943	3.47608188194924	-0.774713529666522	1.75011043110256	0.433789168237663	0.313124591645342	0.271867299023418	0.969085616334849	0.286061538461538	0.836096090820507
PF05188.20	2.26505096015769	1.70382271650503	2.44441630396881	-0.78325783786559	1.41608897768346	0.470668768432811	0.27981346779843	0.226435783281215	0.90587423534786	0.238649350649351	0.701878850555668
PF05192.21	2.33118494895639	1.73787593302775	2.54156145132802	-0.90014565234966	1.51048362447208	0.528167835339652	0.2613333447812	0.197977031184397	0.877353528068889	0.207769430569431	0.650625623688059
PF05190.21	2.28932696154828	1.66060231935842	2.4916306378037	-0.820350301240891	1.43117491384579	0.514242178263963	0.255163236429263	0.188950955797027	0.866037910115017	0.190735664335664	0.626013423361894
PF00488.24	3.75175820742689	3.45985353781361	3.85407885454674	-0.398061680908359	0.969106786018469	0.345130815363069	0.330000007119284	0.313293997503723	0.962699134059215	0.338734865134865	0.809589237515193
PF03446.18	-0.374650302428852	-0.78389937480247	-0.216656270745542	-0.476761184212746	3.41859706472269	0.124872839308371	0.433710861922799	0.602098946687975	0.992720746812934	0.625161638361638	0.942533752577792
PF14833.9	-0.505818738912584	-0.912880270359037	-0.360608802383272	-0.36210555820561	3.41462896377694	0.0850172891526022	0.455333335000962	0.627490773295878	0.992795249003034	0.648252947052947	0.945499218655377
PF01925.22	0.644337274105705	-1.01054349525852	1.26361369782711	-2.15763271928528	2.88870297450896	0.64658579185659	0.206528997239166	0.135874445442032	0.820156020182419	0.0993886113886114	0.471707760886635
PF00226.34	3.91680529840092	3.0391402925466	4.7159595462053	-1.41651697943839	1.68067262368585	0.814320095598772	0.194000018120103	0.0618252107217619	0.740926735958411	0.0555828171828172	0.434767737836577
PF01556.21	3.59286954385055	2.52804369507679	4.65358286258995	-1.69185214815107	2.04644039746448	0.804421738559761	0.195869438241581	0.0585633375438796	0.73388139746557	0.0527904095904096	0.417966068561673
PF00684.22	3.58435397583665	2.49448839883127	4.60053142263123	-1.5578280021237	1.99275537042009	0.766433714183368	0.207195219680608	0.0746146347728595	0.781403471533603	0.0634005994005994	0.465554491396489
PF13537.9	4.22981725372837	2.86416357963873	4.57240444947636	-2.10923113851394	2.27233878240787	0.859313532831231	0.124666698513706	0.0499816079743459	0.706587497887087	0.0128727272727273	0.192159248453378
PF00733.24	3.34346923866987	2.69471644437213	3.5654212526852	-1.10475493760917	2.79394264528068	0.368901811235596	0.30533334183134	0.307113377848255	0.991354177380345	0.230391208791209	0.8543951061705
PF05257.19	3.48274154932712	1.21088044607793	4.19087143284191	-2.89377913408469	2.3865412215544	1.1312526065947	0.074616979018176	0.0279706917718943	0.566490959382773	0.00495344655344659	0.106543253352038
PF13545.9	1.9926622133952	1.51350425190287	2.19749994155905	-0.684397553581356	1.96857073178821	0.260550898826186	0.330446376173551	0.313818885897592	0.971177892925262	0.363607992007992	0.825478105744275
PF01869.23	3.90904770744709	3.58786846781285	4.05261220795159	-0.644889561515481	1.45641563018925	0.334210006714347	0.29180547234046	0.197062541623561	0.970173561433531	0.219719080919081	0.740747625744551
PF09989.12	2.59872991955754	1.98580411584677	2.8958717988513	-0.930436741927381	1.87183421325404	0.404448625396699	0.245836121937002	0.182373047155562	0.9425087552164	0.160948251748252	0.629279163775382
PF06050.16	3.98921465470788	4.45299093402137	3.8011862117835	0.656435967312219	1.19607243897335	-0.523317415935269	0.286475692537435	0.244771660802942	0.88102169883675	0.273306693306693	0.87535624890419
PF00440.26	4.54599499815596	4.23847838199093	4.74014566226174	-0.461540537552564	0.768215717231993	0.528659047968224	0.272666677280535	0.22440498851355	0.88857423181907	0.182162637362637	0.682286229102217
PF14278.9	0.564943294764325	-0.161545377677601	0.890269201698295	-0.978714387698659	3.05122552129021	0.280938125809364	0.333777488590993	0.421337911150188	0.973012927656731	0.361814985014985	0.827179967803559
PF17191.7	1.75574178996926	1.4770709701048	1.95657920944482	-0.373404234571193	1.73797904005613	0.200744702418771	0.401732182328371	0.574655489232575	0.978895631385116	0.522794005994006	0.911199771276473
PF19833.2	1.83040962199144	1.50212002730677	2.07236991038276	-0.554706479913057	1.70727652467301	0.289987173949548	0.36933333852758	0.493118606692029	0.972345302385184	0.443974825174825	0.882600159032177
PF09182.13	-2.35280351200093	-1.54792104455445	-2.79553423402386	1.21395831015006	4.25887133077902	-0.247237174606464	0.358666672355798	0.464481991639528	0.870394444490307	0.468506293706294	0.873910918295598
PF03764.21	7.80902698209325	8.01852638635777	7.71915247280707	0.372988342722312	0.577091284398843	-0.566890596275339	0.242505009630695	0.0922139883693251	0.712544960094814	0.140465134865135	0.773395922984618
PF06800.15	-2.4089687051797	-1.53018607292805	-2.84096976537898	1.28251262684895	4.29994622884221	-0.249822733510848	0.365756167909403	0.485045143370674	0.877172497119961	0.470531068931069	0.876330043206994
PF06962.15	-2.3854417664182	-1.5336592936178	-2.82702484182238	1.26423372582784	4.2589974609768	-0.256592884384853	0.366422390397075	0.478059539436719	0.882237420639734	0.483874925074925	0.883655407404314
PF13167.9	2.39317694894732	2.49917930643246	2.34145548228415	0.13206994732333	1.8493358166123	-0.0540685276850775	0.473333334323805	0.701936788652513	0.999513560663249	0.777383816183816	0.993926447537743
PF16360.8	2.40042427336571	2.56692968806206	2.33613942221295	0.125911835276136	1.94813605342156	-0.0446312929076629	0.469333334473424	0.691452391215756	0.997907780304149	0.770296103896104	0.993559206036124
PF01467.29	3.08363862568681	3.26017784623218	3.00929831925093	0.173541995199805	1.02510965138516	-0.129393130200647	0.426666669442425	0.766524895905562	0.994755000948512	0.647205594405594	0.97444340067413
PF13649.9	3.20873709580989	2.58906118795067	3.42086432056461	-0.798021367129626	2.44920059714022	0.261237348805746	0.351099273198694	0.263563336462707	0.995770754170659	0.341003796203796	0.916976267855618
PF05636.14	1.14782146882074	0.157753311277675	1.53979546035665	-1.4805884468286	2.33503269770361	0.519700479594012	0.230000014116313	0.172375530676458	0.879328376070357	0.147367832167832	0.550817647101674
PF01709.23	2.7857534898646	2.97937516856466	2.70383750600657	0.345342463193663	1.36894533560833	-0.222608543138929	0.397333337303178	0.592225474749361	0.967127712150013	0.581901698301698	0.963811354530792
PF00162.22	6.12875713435326	6.67970058400417	5.89343396407782	0.8186952670582	0.889373357363098	-0.869202475932653	0.154000024590135	0.0300034881010322	0.42995708216839	0.0392647352647353	0.447367078785056
PF02733.20	1.04560964524392	2.62257244879943	0.229545995732706	2.53766646250032	1.83878137609139	-1.28195697521756	0.0399734619457231	0.0103518918112879	0.247052988753819	0.00466093906093906	0.157474969832314
PF06874.14	2.32130252205692	3.58061683769675	1.64195092626255	1.92100719105566	1.34388580475972	-1.37743734426467	0.0553334121000818	0.00558318905444495	0.184004007705595	0.00577422577422577	0.180839833152439
PF01408.25	4.4505842507935	4.46174352081249	4.4408466961147	-0.0457304403754755	0.930861855260491	0.0494947217453685	0.472000001040299	0.786556226582315	0.999422961309147	0.781347052947053	0.9947532563492
PF02894.20	3.91011068253332	3.77924760031627	3.99553181210864	-0.356836422520211	1.17101746579722	0.275467583114966	0.370419725324506	0.404081382974305	0.985965342107722	0.443818981018981	0.9268878465276
PF02664.18	0.890596739218237	0.381465772117301	1.21415245492935	-0.832492289705203	2.62516218384566	0.272641740852067	0.350433050712716	0.374526908960684	0.968919984349666	0.380548251748252	0.848717276667654
PF00248.24	4.23879650313389	3.70879312929794	4.44397947518236	-0.756305787113942	0.951754514182362	0.665978183948222	0.175882765513751	0.104352548984434	0.830434282680922	0.0576559440559441	0.369733684753671
PF13597.9	4.61877166858069	4.82326376455332	4.50870359619183	0.28499103595438	0.573666330420733	-0.435515049647593	0.303797476932353	0.391477373450086	0.86306239420323	0.345792607392607	0.858839328052332
PF13353.9	4.4638431620572	4.63330865219661	4.29581137594908	0.242500787851206	0.92975477385095	-0.239772997990473	0.399067292366211	0.640772715862237	0.992385537339755	0.599810989010989	0.99087562496085
PF02361.19	1.63023759745127	0.281911018482973	2.02694832546677	-1.78661845072387	2.0261322679082	0.785185542560333	0.160559650203506	0.0889913615627075	0.756794829495507	0.0638689310689311	0.350550569087819
PF12705.10	3.20916772271525	2.47451536901253	3.34245321212087	-0.995683468407664	1.7775963725112	0.462467384425358	0.265333344480009	0.149838875717823	0.937860709241531	0.18735984015984	0.701776385777993
PF00163.22	4.99910874914264	5.57435803745013	4.84785058471318	0.709748676193951	0.739101530905846	-0.768235406812273	0.174000021002175	0.0792880211810174	0.603368894178892	0.0685394605394605	0.538969347222575
PF09371.13	2.49222295631707	2.66731449401563	2.41839843008044	0.176265372620304	1.27214319091222	-0.0822330571717229	0.443333335459407	0.713017441261993	0.985687016540682	0.65257022977023	0.967320868137187
PF16921.8	2.46608409230547	2.62107298355981	2.39932960545107	0.178948147133511	1.30405275023108	-0.0865387882462816	0.441039309340154	0.703245600931432	0.988508350988513	0.687671528471528	0.976464830976762
PF12836.10	2.98271627918025	3.19364794830883	2.85592833267371	0.361614325490754	0.988549197381285	-0.322873135390704	0.349766828226818	0.445496346099528	0.889274258541414	0.452676523476523	0.893254658560814
PF17674.4	3.01579854088128	3.12828408478781	2.94897094422175	0.0797151378395213	1.34828505173528	-0.0392583931761497	0.471685544022008	0.649946920558972	0.999347434804366	0.776861938061938	0.994431566106855
PF08706.14	0.817772515777588	-0.511892685938378	1.27947779709357	-1.67327971688162	3.50260692128874	0.423719554005907	0.283333343213252	0.305185129103093	0.947760813177878	0.229291508491508	0.740451160559772
PF19263.2	1.02460030650717	-0.521007303295502	1.63773722537347	-2.08338601781901	3.39188980300802	0.522368255634655	0.234666680346029	0.194590781556222	0.893477522410014	0.122884315684316	0.58537373824047
PF03288.19	0.328250528574279	-0.44118983514293	0.646439605527	-1.0040379457077	3.36553868715623	0.258284730803012	0.36400000543947	0.461707240365721	0.973245100325654	0.440431968031968	0.874917358202616
PF17900.4	-1.60191529640925	-0.964776545857983	-1.96427230063146	0.804410111018107	4.47427203809966	-0.165261194998571	0.417055299623771	0.612426859777094	0.960208426876908	0.587035364635365	0.950727502702787
PF01433.23	0.211215800118143	-0.586658890898899	0.88045818590072	-1.3850029935961	3.58877814258145	0.329328255118481	0.334000006909769	0.436274552224637	0.964747964182915	0.311684715284715	0.828842403522489
PF11838.11	-1.71710241226937	-0.971813930223223	-2.2433773270825	1.10986973697292	4.59228641842153	-0.207995090351827	0.391738844974114	0.548967956513575	0.938385962544057	0.534320879120879	0.935468514387894
PF02229.19	-1.64953121358251	-1.54097683398891	-1.74027091237859	0.23932623939139	4.30585488580456	-0.0383895223851415	0.478000000816395	0.687474412929044	0.968334029870882	0.743430969030969	0.980055105370028
PF03180.17	1.2377750191545	1.5411233051365	1.02903277691905	0.316799387174176	2.30126736367644	-0.102891810991824	0.446000002023603	0.765070660454077	0.988499089123108	0.687194405594406	0.98735422770445
PF09383.13	1.23734737134866	0.473721960439973	1.5400485155459	-1.21286567620569	2.46619978545664	0.432768995162174	0.260666678165493	0.207380549645751	0.906774927516171	0.210161838161838	0.663891952509599
PF01497.21	1.91306721418174	2.40760346385057	1.66529742931556	0.874604165474207	1.83151963753508	-0.423947338358033	0.304666675204241	0.325683062441006	0.845602876469011	0.33765034965035	0.853616167811695
PF00300.25	2.42469012208335	2.2932209837115	2.5208960436264	-0.163211004870067	1.45284283694238	0.101059035402219	0.450666668511789	0.704423923025439	0.996051524368035	0.676556243756244	0.975146465069879
PF03717.18	3.91966575777854	4.23453558705153	3.8643927763932	0.357843145173941	1.08285960210026	-0.28053822624599	0.370419725324506	0.592600018007708	0.970924435325197	0.524752447552448	0.958201756888212
PF00905.25	4.80570923559003	5.04565473989599	4.75753427460968	0.292901062587126	0.737208964626131	-0.318674025940145	0.364666672075246	0.659889040623627	0.971216622089073	0.502685714285714	0.954331646706251
PF00496.25	5.95307923049668	6.01472637407093	5.93804851775872	-0.0517276767974479	1.23988655671053	0.039769292576241	0.48500999389272	0.83760503406469	1	0.864427972027972	1
PF16658.8	2.78028908861478	2.70061216845946	2.81711455331278	-0.166938605953978	1.58536607904062	0.0748727659841375	0.453333335076917	0.565662664600704	0.998753214717683	0.704433166833167	0.980908451829074
PF00154.24	2.55117534851846	2.48875929717082	2.57885006986229	-0.2064602527632	1.31381319694477	0.150226403749417	0.429713526969265	0.561922826715786	0.99227248913981	0.628496303696304	0.958742339579258
PF02568.17	1.61620879989069	1.19265896079028	1.77358973502543	-0.705916488962123	2.33802236516831	0.238312780322632	0.354666672546119	0.359063608829847	0.97572890309247	0.420807992007992	0.882993479145715
PF02525.20	0.301368397536989	0.860573121187826	-0.0618780819497413	0.943935234429267	2.53469006961832	-0.281660243521635	0.34133333986791	0.425569596286473	0.895385051819107	0.400335264735265	0.890693580813733
PF00999.24	2.09747857148922	1.00496488968256	2.86951197471274	-1.83617266265715	2.36063590426774	0.690780662479435	0.160000023423704	0.102394408972377	0.813875795377121	0.0445866133866134	0.349861360477464
PF00118.27	6.26887316518457	6.15849265673118	6.84734041564442	-0.425408263087951	1.49635691148918	0.257487309867719	0.407333336887512	0.636693142388616	1	0.568512287712288	1
PF00072.27	8.28751138892686	8.17894791092042	8.31512608564965	-0.156333993394245	0.426091407264407	0.335985240643901	0.360000005626285	0.367211610844853	0.99936101421532	0.378554245754246	0.966428216770705
PF00486.31	5.90499642289972	5.42134884001464	6.17672368378619	-0.833706624546401	0.709778376793343	1.15383581521922	0.0926667115241484	0.00917090225745637	0.375204412082081	0.00682197802197805	0.129692929493635
PF07155.15	1.89471335033537	1.76840472373586	1.97860160415437	-0.261794180530901	1.63701119916215	0.127772429454267	0.430379749461449	0.614663036673338	0.988460459318804	0.601434565434565	0.945098535696201
PF06418.17	2.93112540882021	1.18404586642047	3.52315465726872	-2.46226634975651	1.73210124953828	1.28878284416476	0.0440001003752454	0.0179452938167457	0.416123315891614	0.00241518481518485	0.059293371348177
PF00117.31	4.39499360613202	3.23252493973216	4.73687522354926	-1.61215127575622	0.980464098170498	1.62285655832058	0.0193335680652169	0.00645351582048013	0.283399897475806	0.000979820179820205	0.0279750934751565
PF05014.18	-2.02090916943151	-1.58241618384009	-2.30176587313208	0.831527562522941	4.41650522024186	-0.164303492480029	0.42105263457369	0.584425409570833	0.943036761378842	0.61184015984016	0.952075911330116
PF01712.22	-2.26069374262801	-1.41736522296455	-2.76033310511339	1.34439445434277	4.23951059867361	-0.267146922730487	0.365089945421798	0.480760102553604	0.870718494604168	0.470757242757243	0.87671356803541
PF02645.19	4.33464669821447	5.05353327517235	3.87988932396345	0.980570927915035	1.22790855936906	-0.767484895242567	0.210000016185558	0.0919499295774387	0.62915140574647	0.0926969030969031	0.639322619142991
PF00216.24	4.08173345646721	3.93443391824594	4.13604504716128	-0.449919614889142	1.56943563841565	0.264431270910604	0.371752170300835	0.289130164973945	0.988379130186812	0.445755444555445	0.948417537765654
PF04545.19	4.98795527546389	5.16093309020611	4.92577058776177	0.21006280317308	0.662665114153977	-0.285208912793473	0.372666671709787	0.517789534805392	0.959498320599527	0.493068931068931	0.945821792196063
PF01832.23	3.23264276694562	2.34069004105416	3.70855509240897	-1.40307895049608	1.25722903983048	1.05307041500486	0.0912725305776584	0.0324044533185817	0.546339206658879	0.0154893106893107	0.162970215511645
PF00912.25	3.19099082493092	3.61865235455291	3.03973380274929	0.485500824427027	1.26265657595619	-0.304650855466418	0.339333339969129	0.593245326541199	0.956478940509151	0.403456943056943	0.93963599949503
PF05697.16	4.23789873536773	4.6001809122176	3.85817020979484	0.726083266431797	1.08719018290301	-0.629106484305074	0.256495681360653	0.159571065297735	0.765819185499693	0.169789410589411	0.765898261310027
PF00254.31	4.49261605137433	4.74689230165879	4.2207129431688	0.520783726292679	0.912370930042241	-0.547093744174194	0.276000010379501	0.169866351859359	0.763889379989457	0.215845754245754	0.823235148305285
PF05698.17	4.21199842352961	4.64240204377455	3.92367828005426	0.788699203702245	1.07064859060608	-0.724086347486828	0.199866772850687	0.0683112098627918	0.556796181336884	0.100495104895105	0.634762203185364
PF03979.17	3.08278356452246	3.42730543806118	2.96924956466695	0.454058435537866	1.13027993747949	-0.361606407366518	0.347101938284043	0.463876676674726	0.928508806982326	0.444054345654346	0.913423905995574
PF00140.23	3.44815732663675	3.433330075666	3.45458517914189	-0.000982962034275836	1.1472175342956	0.00112140638733533	0.49966688875316	0.734342160074239	0.998522298789928	0.764023576423576	0.995845240593537
PF04542.17	5.65088821942415	5.83991752478137	5.55174985633691	0.238033687505967	0.513065850732223	-0.385678130987337	0.335333340174044	0.507932335622149	0.943140705935019	0.378873526473526	0.922632053566922
PF04539.19	4.32136723497469	4.33626046997982	4.3176062981849	0.0570339794870005	0.800629946273743	-0.0641320620076034	0.468666667831736	0.786583655341571	0.994667426818373	0.805100899100899	0.991362600092186
PF01327.24	0.898064425215431	-0.435725648469146	1.29009316582544	-1.67753632818798	2.68543667264936	0.544952956169768	0.226515670662955	0.170317132009989	0.865349451692985	0.160788411588412	0.554690387494043
PF04851.18	5.39116196873322	5.07290091297748	5.61458862620616	-0.584147962787102	1.06395354050367	0.514333497284178	0.269333344186377	0.130062641507751	0.905820967578578	0.15410989010989	0.738046739321548
PF12344.11	2.81456042237105	2.59454727359334	2.9039523335333	-0.272456505958226	1.3033859792898	0.183631183563999	0.413333336642635	0.559557014557324	0.985669242055936	0.544914685314685	0.922988480881423
PF02151.22	3.3892592382844	3.0873176762215	3.49169079898575	-0.393600899773613	1.08980248426648	0.322949101798667	0.365089945421798	0.393398562587982	0.973997746480056	0.434280919080919	0.882157780909685
PF07977.16	1.22448469234589	0.945001305320978	1.39208981278603	-0.653455780090836	2.42376414686904	0.22248541674061	0.389073955014824	0.43816504610543	0.982983732555892	0.49281038961039	0.91141755366364
PF02734.20	3.64079074710079	4.25780010828227	3.17498558513277	1.02044983798702	1.12520723829264	-0.782723108993943	0.192538326082082	0.0752420121150743	0.602566565400986	0.0681574425574426	0.56714245272638
PF01987.20	1.40317254395016	1.50766848746181	1.3388947137685	0.186917398103125	1.74014388338945	-0.0897930050818931	0.456666668283751	0.697831641482043	0.965445873924145	0.708311288711289	0.969544858570441
PF00265.21	-0.275134780469794	-0.495660659407142	-0.185449946011824	-0.0692599142763832	3.42301943887335	0.0143388799419583	0.490000000370519	0.711014860220839	0.989156885985411	0.724474725274725	0.96976813443628
PF03462.21	3.81430794066785	4.21825791486374	3.72433351733413	0.408614727209863	1.03230692994063	-0.296671065130955	0.359760165523463	0.659207944942226	0.97463315831583	0.458665334665335	0.960199715262119
PF00472.23	3.81340014150526	4.17411956906524	3.7235869340805	0.349717388034226	1.01510019642453	-0.264925069880026	0.38333333790312	0.701388079956274	0.985936250721483	0.518182617382617	0.975199238149183
PF11967.11	0.346538408340096	-0.356640839618287	0.833282510091383	-1.28572676429738	2.90857246461003	0.365801761336377	0.30533334183134	0.317674430316661	0.944441206324423	0.293331068931069	0.771743849842809
PF02565.18	0.338623697441824	-0.471471605283369	0.868623481270919	-1.38950062432366	3.03326795284414	0.404577478932053	0.300666675444484	0.284564426687372	0.936098192137474	0.267908891108891	0.745367530695273
PF00464.22	2.65967997164223	2.8551590819769	2.57318964325292	0.207681931725453	1.32332064988579	-0.134908524973088	0.431333335925431	0.749021304887846	0.984890781346074	0.681335464535465	0.981383593806375
PF08032.15	1.33381243814686	0.675324512052596	1.52437620827566	-0.801517051218313	2.50043474965119	0.255001021043531	0.341105935917739	0.357730502697361	0.970447527562087	0.392851948051948	0.850637276238457
PF00557.27	4.44931983586445	4.39519970687863	4.4697855170497	-0.0260019008737054	0.841032868735396	0.0267987937108978	0.486000000518925	0.818296734582875	0.998181729738998	0.785677522477522	0.994449796860214
PF02603.19	1.95528364975353	2.4799243410332	1.69337467476928	0.604559316706387	1.62567574428753	-0.341283457114188	0.34533333966786	0.450942080242621	0.919456340880004	0.423925274725275	0.918761494745478
PF07475.15	1.96494866898315	2.41217576633495	1.69850339779056	0.586375261570829	1.6289632150654	-0.332172666197959	0.358000005720664	0.479862184826557	0.913494002169426	0.445575624375624	0.917248498363381
PF00393.22	-2.29096980365574	-1.48685572623461	-2.80872339533129	1.11712856104621	4.29840966156101	-0.228510609151524	0.38333333790312	0.488268974771884	0.906784306027655	0.504957842157842	0.917462807299219
PF02705.19	-0.524579416744301	-1.41192620193316	-0.142215098233653	-1.01070131526996	3.58223693173096	0.232322465106964	0.374417060254251	0.512393703015177	0.967543954156563	0.450091508491508	0.852961340467625
PF02588.18	2.4322841896892	2.22756692318505	2.54654445922378	-0.255289974543221	1.59517622099406	0.151695614253736	0.429713526969265	0.598891809763033	0.994297073559939	0.607283116883117	0.959700601109425
PF00364.25	4.153280967267	4.35264235445697	4.0796849240557	0.243274599101349	0.829165068661175	-0.273417579504283	0.380413062652985	0.584317426897735	0.971220375718218	0.537352647352647	0.961853714001484
PF02817.20	0.220774683512096	0.195525516739891	0.240677017557125	-0.166535873781667	3.50478380771936	0.0360606233646966	0.477333334174568	0.733440491549661	0.998287312266271	0.737840959040959	0.987570678677327
PF00198.26	0.247114286235004	0.228965794550909	0.261508567595408	-0.179533171728286	3.5718900065853	0.0395456204867639	0.477333334174568	0.757571909370089	0.996845011519976	0.745927272727273	0.987342776477576
PF12706.10	2.76309731021982	2.78505905006882	2.75364347092526	0.116396875348199	1.52200774368312	-0.0664784639970965	0.460000001491024	0.676816596349994	0.983041684261893	0.741287112887113	0.986118017198082
PF17768.4	1.90089782889573	1.2003254111868	2.26111471569764	-1.07082160694035	2.11860905147596	0.441180757702142	0.287333342949525	0.237965424380481	0.941698936286084	0.231068131868132	0.729262857564027
PF03449.18	2.27119557954207	2.73940778135569	2.05465199534091	0.632495167526608	1.46959524225208	-0.289793928642571	0.316455704048718	0.695219774815322	0.960526840156856	0.346803196803197	0.896148853777819
PF01272.22	2.27751298419481	2.75953305502211	2.07814372472074	0.646901346828566	1.47592723309962	-0.299530064872584	0.320666674289219	0.671319482793947	0.965298855533521	0.347775024975025	0.89566159752126
PF13518.9	1.02117586572014	0.873828145341363	1.08920470112845	-0.0443534628972735	2.65492941834008	0.00736829910536401	0.49266666693833	0.728644862575629	0.993790029767866	0.782661338661339	0.983503050206816
PF00676.23	1.016409831186	1.50832628468256	0.564952046057625	0.9316713392607	2.14660460644563	-0.341108935833146	0.322666674179608	0.295557374186608	0.858510446569194	0.391846153846154	0.892091519725869
PF02901.18	7.77048650851513	8.4609272315411	7.60088227779237	0.807221460753509	1.16765177997528	-0.622490026640123	0.212666682555939	0.0654389623454686	0.637364968881894	0.0844547452547453	0.682328340446783
PF01228.24	7.91527887066061	8.43143880144793	7.78512843546191	0.716010857376361	1.16691954937113	-0.542960993610466	0.236000013557345	0.0935180947460155	0.741363270323996	0.12934025974026	0.808090311009327
PF06071.16	2.4817167102788	2.82757344872798	2.39690198993871	0.30888922329233	1.66174038693473	-0.125855816169654	0.412666670003021	0.78451946917383	0.995493314249709	0.643976423576424	0.983661202306638
PF00694.22	3.14884720028517	2.92145903350214	3.23788806873856	-0.341134704573615	1.62514274884565	0.149308116341007	0.387333337729382	0.39147578700993	0.996613026851164	0.492312487512487	0.921923064587884
PF00579.28	3.55645441475935	3.41037127104662	3.58487433164111	-0.124421383417697	1.0768223019069	0.100289589384625	0.457333334925171	0.674699279580921	0.998884411759059	0.693705094905095	0.992253988461148
PF00343.23	5.33749578286474	5.4848055855523	5.27200645622735	0.0851618208875573	0.839467103931497	-0.0929815664309141	0.449700201746251	0.684559668584391	0.996075752964882	0.754200999000999	0.997089799092658
PF00854.24	1.60887668586186	0.0313505914671337	2.06202021887582	-1.60463062399266	4.10027302564704	0.381081629470541	0.286000009703439	0.378981033846786	0.972572396324654	0.197109290709291	0.747561587562389
PF01654.20	-0.153051590492942	-0.458744309414762	0.14565543372894	-0.495693217492873	3.92687913246059	0.0965051560964861	0.44533333538252	0.702340309365929	0.993201935139213	0.630536663336663	0.956663077684294
PF00149.31	4.26077393190647	3.50277399803135	4.42900075471003	-0.965825432783507	0.946975013273887	0.924905175547697	0.123917420441111	0.052993595910138	0.695127676821737	0.0301234765234766	0.245420862299765
PF14437.9	-0.237559691724809	0.890383930844254	-0.795737781682707	1.62424044375724	3.26015441968215	-0.412348127684873	0.279147245325478	0.322399650942158	0.830804180555314	0.256724075924076	0.804281270787178
PF02746.19	-0.459321568065422	-0.995902937636361	-0.279425945912559	-0.557201697652847	3.28200605800709	0.138549095475273	0.421333336320866	0.554963868111207	0.978770898356198	0.568892707292707	0.907011253543309
PF13378.9	0.207060566540391	-0.937584128917453	0.613566764513416	-1.58695437895312	2.82072452003257	0.467083338943949	0.273817465548373	0.235453973594544	0.880874032812601	0.249582017982018	0.653527042177141
PF00378.23	4.491936149521	5.00121040030844	4.13040097260871	0.819593582179022	1.16892056451846	-0.653204424737568	0.222666681502626	0.0821325107442238	0.63710146438246	0.109475324675325	0.673729995030166
PF13302.10	3.85723972051049	2.96795750241694	4.36689569362919	-1.36158460704573	1.26979963661726	1.0267033182395	0.118000033985092	0.0315946436314663	0.556431015676976	0.018017982017982	0.216166668694729
PF00710.23	1.58719637228261	1.06107846535214	1.74585487147216	-0.736161203650086	2.0268288619398	0.273450381105015	0.338441045979447	0.307322491289891	0.970337516441801	0.377886113886114	0.822013425776325
PF17763.4	1.58475191262061	1.13177416282886	1.74114814729485	-0.672432981646262	1.92314952498876	0.274764924539592	0.349766828226818	0.329677495085796	0.97127961152266	0.402827972027972	0.836705407140551
PF00772.24	2.96219131176993	3.20312366244206	2.92121701030372	0.245482537630777	1.48042202003598	-0.127128884550842	0.450666668511789	0.822130756183432	0.988811656212157	0.73391968031968	0.982747891016252
PF03796.18	2.95307654719362	3.1409664195551	2.92105506981023	0.227332403338792	1.44518505289669	-0.126602680186909	0.445036644296342	0.830475377439429	0.994153505527892	0.759907692307692	0.988839158319477
PF16555.8	-1.78690539636917	-1.53854303948455	-1.8998195481911	0.576500788502715	3.97656116484116	-0.110192394794462	0.438374419369845	0.652310326659479	0.943914761315678	0.662621378621379	0.946432500598626
PF04760.18	5.21604463916151	5.11737210302765	5.26702936612974	-0.144005974428199	1.01591169224418	0.120977618930861	0.430666669284912	0.566220166324621	1	0.639865734265734	0.997297446800144
PF11987.11	4.36216510983838	4.28899866140679	4.40815563005994	-0.133357510686955	1.01089429357292	0.104655524300145	0.447035311774745	0.617786181534647	0.999123243264276	0.679112087912088	0.987205611472544
PF08545.13	2.27969605910574	0.801732047774737	2.65000472391402	-1.94624634508331	2.14604579981034	0.798242550091162	0.159333356882476	0.0724350493335059	0.756405209765341	0.0418845154845155	0.307524268399207
PF08541.13	2.11407984988772	0.415489946437718	2.54170016838291	-2.24821313105206	2.50913472941444	0.801880116209935	0.142000027207162	0.0628931902745861	0.734513710601746	0.0338733266733267	0.279887188753955
PF00289.25	0.942001812648895	0.628162703060232	1.03711376432816	-0.442153880860358	1.86291593300906	0.176531073352619	0.40933333680553	0.463425345414906	0.971221038577452	0.536187412587413	0.884872153486484
PF02786.20	5.4088781773634	4.54955224793173	5.81759210253052	-1.22762764889184	0.874045900625415	1.34073899582031	0.066666731150539	0.00805012765440642	0.362238554200982	0.00363796203796206	0.087868269310359
PF02785.22	0.967072324787265	0.717150210166571	1.06027712388766	-0.391614506136192	1.87940784015685	0.161285773297276	0.409060629727881	0.487778425839747	0.983394380990894	0.552467132867133	0.908246600592952
PF03255.17	2.24082987794133	1.68906389332817	2.44216118447203	-0.780249089965876	1.39293421643221	0.500571345460084	0.262000011397128	0.202847568525076	0.880348893737065	0.217188811188811	0.659908977068574
PF00581.23	-0.0336261737945511	-0.294147858833568	0.0817465490165681	-0.175573658112109	3.54677531804452	0.0363453970353409	0.47666666753275	0.703466183529751	0.997121627663973	0.706438361638362	0.972318987185974
PF02583.20	-0.369910944137899	-0.469642882391947	-0.316459969344148	-0.176889241044115	3.25155923631765	0.0497524274304831	0.471685544022008	0.717263389488512	0.984505839820943	0.716413186813187	0.968247221608227
PF09334.14	5.40555577020528	5.23187396317923	5.47686380599816	-0.309848061263263	0.648324382988555	0.427574843900856	0.308461034285725	0.223304263741114	0.932399574874224	0.27078961038961	0.790334509662177
PF19303.2	3.25371630319906	2.91568187234466	3.40488687592271	-0.567992109732474	1.21978710990873	0.416742695449159	0.304000008577276	0.263706536285988	0.943862327472685	0.285294305694306	0.78035315640843
PF13561.9	4.25229494230351	3.36991533928034	4.57587012910707	-1.22690657491821	0.9832776671059	1.17369162973556	0.0446370074665438	0.0265053429546643	0.539215703120614	0.00443956043956047	0.0715447911446784
PF01960.21	1.38719360790716	1.22398140804741	1.43376807267815	-0.397577721373749	2.29978482279501	0.125073574418073	0.424000002881386	0.47693270430003	0.995705279622825	0.620275324675325	0.967727009693017
PF00202.24	2.99823291799634	2.83559005091977	3.0672686096354	-0.295671760191545	1.10116725259869	0.255177488211545	0.383077952609488	0.458026954254897	0.973671129041065	0.484976223776224	0.903444111222092
PF14622.9	1.05218572588009	0.923350623713148	1.11493524352638	-0.195569720155354	2.28676317394026	0.0622726540763196	0.466000001265109	0.607184281461153	0.994805183010019	0.703838561438561	0.968898926038314
PF00035.29	1.03141467723259	0.916521425858102	1.08329590730278	-0.234309137671493	2.36334890588258	0.079139076260828	0.459333334849536	0.594268320557636	0.997295458003155	0.694802397602398	0.970797047899197
PF00884.26	3.31991584712731	2.52798994170572	3.47019258243191	-0.9395629921141	1.8421714398369	0.373593428650584	0.310459701724815	0.246586640294283	0.986327032961456	0.264665734265734	0.817190436306892
PF00324.24	-0.791702221566302	0.705482553471994	-1.83883186241475	2.36602320650462	3.55079125472434	-0.614634929378203	0.208527664564848	0.17063529522081	0.645871482799896	0.132871528471528	0.628002471167526
PF13793.9	3.29269443544125	3.37869341844191	3.25420551432085	0.0957090970148888	1.21271266709751	-0.070427547579703	0.465333334623486	0.80095382562869	0.994591938526851	0.78577982017982	0.995943581832924
PF14572.9	2.65748697191164	2.81453572581381	2.57701485327912	0.245058729696531	1.24205624363569	-0.170693861864858	0.413724187166488	0.658607358367611	0.966349051321552	0.615101298701299	0.965939145408324
PF13603.9	4.44138873696345	4.26745164858219	4.54056698968371	-0.302860575595316	0.81697278929203	0.341644299514314	0.337333340071168	0.326566961243132	0.96342542353249	0.353417782217782	0.845282677788684
PF00232.21	2.50061506125757	2.49952305746906	2.50100564528478	-0.523244499421082	2.04152712836727	0.231520645172459	0.40133333713572	0.37180849670119	0.989255139320612	0.56403956043956	0.970853457080914
PF03315.18	-0.66949426262581	-0.175763638311167	-0.942548931759334	0.730589508717644	3.72025618103293	-0.156310542953033	0.406395739763836	0.596294291293954	0.953454546761023	0.618881518481518	0.962602748364693
PF01842.28	2.69896876708608	1.70018077585308	3.06632542542632	-1.44066858834489	1.90559242044122	0.657626505788797	0.199333350776673	0.10850070789516	0.851116111086806	0.072788011988012	0.444301026935115
PF00403.29	3.68899389369225	2.77653000940962	3.9743417224698	-1.26910989848313	1.38950100393457	0.876119669076569	0.151232536783492	0.0431901980902555	0.634431995979551	0.0356987012987013	0.304012510654503
PF03054.19	2.30407591979558	1.12042578135838	2.74365069864865	-1.72300540522614	1.64121123043111	0.921054379704025	0.115333368241392	0.053469712537343	0.637133230525143	0.025806993006993	0.205678509511184
PF20259.1	1.63386956151778	0.899754289273264	1.93168802817845	-1.02531839698035	2.22910783267554	0.382010475086042	0.287808137487236	0.25412978036062	0.936077658907373	0.247965234765235	0.723595205769927
PF20258.1	1.12356703213337	0.913845088526327	1.30897059592829	-0.50282212024128	2.68851020164085	0.159699909281423	0.413333336642635	0.540712863280135	0.994010038083673	0.558985414585415	0.950896086602459
PF01541.27	2.02855662262946	1.73191134983114	2.15965586047323	-0.521725204519605	1.65577080010917	0.234421707089199	0.365756167909403	0.370117603231358	0.97441214325975	0.448514685314685	0.863530271772403
PF08459.14	2.01734979199725	1.77274790938424	2.12225309747966	-0.428819070252078	1.66940494239649	0.19952938814551	0.384000004540694	0.389311189726296	0.982154020772005	0.482379220779221	0.893347559684224
PF00763.26	1.81647467997932	1.45407523605113	1.97712893779844	-0.589359424984099	1.63037328677363	0.276067171806383	0.348434383255266	0.372034330073472	0.971914629471443	0.401814185814186	0.852321192425816
PF02882.22	1.82072138201103	1.46810125375083	1.98454775525501	-0.579769494125269	1.60107418326139	0.291127369384265	0.351765495684751	0.38629555550035	0.958081377025568	0.399847752247752	0.835018595210735
PF13742.9	2.20189268352575	2.33877511292685	2.11891113815843	0.157927263067948	1.5586959984906	-0.0935589132982329	0.452000001794314	0.680423761198364	0.978450012645997	0.699442157842158	0.981724970594396
PF02601.18	2.69226764059039	2.51317275798775	2.78033385958596	-0.159921987253876	1.65131883327252	0.0873990703264768	0.451032646732127	0.762087016868967	0.996570003763798	0.655369430569431	0.981264239215191
PF01728.22	-0.0789443015715463	-0.327010112453832	0.0137492575928766	-0.314161535235391	2.99799227118644	0.0748193460531731	0.456000001642348	0.652699031510412	0.988267580763238	0.66595044955045	0.947365558583774
PF03793.22	4.4117149570953	4.89320847056698	4.22881874868999	0.297476980007646	1.48356847279024	-0.18976950913415	0.428381081984987	0.770478445455834	0.999178590544566	0.705975224775225	0.999085956167568
PF01245.23	3.68381341982838	3.97968125330298	3.54819809985598	0.173564704154968	1.39307072408161	-0.12023638821151	0.446369089281922	0.753556931141814	0.991464743975085	0.735383016983017	0.994701877671896
PF01883.22	0.305128612660896	0.492592109515856	0.225110142478121	0.165895035791366	2.29506727883875	-0.0587372445927553	0.469020654048339	0.766227616456063	0.972230300101189	0.716716883116883	0.968411431771283
PF07730.16	0.717803913550968	0.362471779452063	0.846153480911668	-0.359408962355258	2.82556795601572	0.101240238649805	0.452365091718084	0.621596045017036	0.998259474484554	0.649444155844156	0.968057700272653
PF00390.22	2.46842568884235	1.98718534741808	2.6965426928041	-0.769747910976102	2.1579445234597	0.298425366477164	0.312666674737943	0.286824660182689	0.981773420005869	0.287058141858142	0.798584642525146
PF03949.18	2.55809720505452	2.12178730160625	2.7272888465087	-0.580372446280669	2.25032813229389	0.210254424979368	0.355096608116218	0.330216453382277	0.991300735989882	0.398007592407592	0.882814927172921
PF00204.28	3.84343456523324	3.88848969813371	3.8215977976337	0.00575843749161908	0.784565003692626	-0.00553788060622728	0.497001998778448	0.767823693925753	0.98167937545192	0.776507892107892	0.98317339815475
PF00986.24	3.84467204316511	3.83611121392378	3.84983688962079	-0.0447607924505578	0.789381369716904	0.0463129914530229	0.477333334174568	0.697274565375242	0.992388920515528	0.694532667332667	0.9594610962678
PF04464.17	1.54319671342436	0.689339467864413	1.84112889331235	-1.24619216017478	2.52473926668385	0.414925044026255	0.294000009189488	0.216029975100847	0.946294218424948	0.240113086913087	0.743631357552989
PF12674.10	-0.388185367678627	-1.58166946153118	0.119138593647216	-1.75214237999895	3.20514190249037	0.477847536127059	0.269153908253317	0.248597115821606	0.869291941410209	0.249264735264735	0.648306794117057
PF01048.23	3.59619993057013	3.54127919442979	3.60611753823636	-0.0609268284339306	0.943921058157084	0.0559390472559133	0.477015323969872	0.652899769352252	0.995094470509598	0.72973986013986	0.980670669144782
PF00877.22	5.24274754007984	5.31512051727901	5.22487986270621	0.120819860830199	0.954157117250723	-0.0987319996828946	0.46369087410161	0.881229038395876	0.999921527090676	0.781125674325674	0.998332899279552
PF08206.14	2.09142825394149	2.07473640552219	2.11568469536249	-0.000434410766172455	1.87285129577531	0.000328489495341508	0.49966688875316	0.71924505216617	0.995562932214697	0.781544055944056	0.992426297644756
PF17876.4	2.73324940430876	2.32649712590303	2.89621145886808	-0.61010669220433	1.68450304204458	0.300952692665655	0.331778821140233	0.293745413606854	0.981919070958579	0.323595204795205	0.840878977763958
PF00773.22	2.7316722799254	2.32189578830261	2.91179360486431	-0.628298377943615	1.68097245951353	0.293874138659157	0.332666673645881	0.292502519051525	0.974545572859798	0.318411588411588	0.820986126650356
PF01266.27	2.56119144586097	3.17584000958489	2.21955528333557	0.949446541078435	1.12449850971512	-0.742733919508617	0.194536993376127	0.116291448196893	0.58093117255856	0.106583416583417	0.576456629450188
PF03600.19	0.403449475551882	-0.496116806310612	0.743490932252283	-1.16070928031827	2.61410613768845	0.385558582384451	0.309127256765295	0.287291697718856	0.921427567861386	0.28678961038961	0.717046132974579
PF03211.16	-2.356872837737	-1.49792434313713	-2.79817989070357	1.41449641016874	4.2747137257935	-0.281789840259957	0.357761498062769	0.460694457516641	0.871347519257365	0.449369430569431	0.867841372426556
PF07715.18	5.68576756232488	5.25540622652444	6.13283136652628	-0.819411010585559	1.64215434499066	0.496450462358866	0.268487685783383	0.131074787372464	0.9462698174422	0.12573986013986	0.707138836920809
PF00593.27	5.27068156943298	5.00088707601226	5.36231693151771	-0.634788833051682	1.5147372167298	0.370440540648247	0.338000006703729	0.325800916065435	0.999656790034681	0.308546653346653	0.957397013776403
PF01142.21	-2.07167946842431	-1.41818020669103	-2.44360742699497	1.13001502944695	4.17810503868679	-0.226886637826558	0.383744175098753	0.544173088723441	0.918845683572597	0.553724675324675	0.925534207892695
PF02787.22	4.37838398561528	3.52579117544819	4.73466594930385	-1.21275522464648	0.93270510597161	1.20965722304961	0.0846103094200814	0.01614397186931	0.441728317339492	0.00833886113886117	0.129229774400762
PF02142.25	4.71442945720016	4.14733421733364	5.02362733960551	-0.890429377820007	0.709712514778517	1.19839710478529	0.0853333825251375	0.0149280651019783	0.403518990714937	0.00939620379620383	0.133811021164939
PF10091.12	-0.0509783153410277	-1.03458733125757	0.369231661141826	-1.27267121333406	3.28508361420034	0.325152642816414	0.324000007440414	0.372081800105552	0.942754192934105	0.335951648351648	0.771307549650863
PF06165.14	3.720033018752	1.80651633060672	4.36830114081153	-2.49394910129182	1.22297962470213	1.87811442809009	0.0106599892937206	0.00393349693960643	0.236162292727698	0.000257342657342683	0.0144228718762553
PF17167.7	3.9444838418608	1.78846078604216	4.56139532723204	-2.75686581921637	1.2091143116667	2.22112662012135	0.00399848587424311	0.00211178151256714	0.17557158381483	7.5124875124883e-05	0.00412635267712598
PF01546.31	4.28500193916815	4.38257458036488	4.23622370277322	0.0426766173425133	0.923824103855912	-0.032256433967301	0.478666667458231	0.68488525921826	0.999027189282573	0.786222977022977	0.995128434453507
PF07687.17	3.58880960909294	3.85517431507796	3.45156228980701	0.344688308024177	0.973118980080976	-0.295800798482009	0.365756167909403	0.639304481899327	0.966843446192589	0.45262977022977	0.946689531958423
PF04956.16	-2.32205782439988	-1.46252671068077	-2.83286509539473	1.33068288901745	4.23915238853385	-0.284801418515285	0.356000005815711	0.459327137865647	0.878711358878593	0.457184415584416	0.892064968047845
PF03840.17	1.83019045485592	1.45159466947739	2.05499431452302	-0.500425199154254	2.53408024054672	0.16638194079009	0.403333337052597	0.618602975189297	0.996393330263919	0.544983416583417	0.962086568750928
PF00873.22	4.07848478112177	3.1725644647778	4.4065679118715	-1.35546936464023	1.23759564565742	1.01481353870483	0.107928085623509	0.0348150596448917	0.613830775925709	0.0122165834165835	0.177904746741123
PF00293.31	3.83969306391612	3.27521024860387	4.05255116104498	-0.924681275440508	1.19008753459218	0.731076275911722	0.194536993376127	0.0859169744341355	0.782869757465282	0.0806121878121878	0.472370139336999
PF13857.9	1.99099416211541	-0.0306001254883626	2.60141178574696	-3.03808818399963	2.56419627166613	1.11481962506686	0.067954759945389	0.0292120662983875	0.545052504147251	0.00753406593406596	0.102130638034185
PF12796.10	3.14495072388526	0.952389317195179	3.64591435726814	-2.84647982492336	2.41147733521843	1.09561370976619	0.0559627692578783	0.0344032806444305	0.615623047077772	0.00327832167832171	0.0705148411616539
PF16957.8	-2.27226135667142	-1.4352955884435	-2.78600697233023	1.3462216788449	4.37344548123175	-0.257948900073671	0.366666671982987	0.475132603221286	0.873116854446648	0.484489110889111	0.879942638056433
PF00775.24	-2.37253500871245	-1.48769804171563	-2.86423780343916	1.31036919340702	4.06540047717446	-0.275766524257164	0.355333339180877	0.477416273943265	0.867478478121978	0.469938861138861	0.866971555401654
PF00361.23	3.24319154372089	2.53676383200115	3.70908432688749	-1.35110523204146	1.91412010029308	0.623196985011318	0.18987343636466	0.0877961589151054	0.795496312136737	0.0623416583416584	0.425061758299801
PF07859.16	0.974136641415246	0.270633521365961	1.19432020587933	-0.950001680102032	2.26819681500741	0.326817577697257	0.332666673645881	0.297549796375168	0.949007643297901	0.338034765234765	0.774454759853042
PF00730.28	2.47988880815892	1.97205202308223	2.73302075362933	-0.645634365981031	1.59140079045285	0.355169644308975	0.335333340174044	0.390330000557423	0.967397783439257	0.327032167832168	0.837564193831607
PF00633.26	2.28690080430786	1.91085595117445	2.44692828863826	-0.403696243266825	1.69473591221252	0.194695922596797	0.393737512444108	0.615176838881872	0.990971960659232	0.520588211788212	0.92387453891975
PF00437.23	2.53330051339799	0.845783859015436	2.91349990055383	-2.05327294095658	1.72936489516459	1.05418977162885	0.0752832009845602	0.0437137413543738	0.631545646412862	0.0111024975024975	0.121780137752915
PF14890.9	-1.20634513597113	-1.42135505598529	-1.0066589946627	-0.53941682080074	4.46168879563129	0.0938286497865267	0.450666668511789	0.718974692083475	0.983943588082253	0.65855944055944	0.938661689696716
PF14528.9	-0.597056085403358	-1.58479390599249	0.088170579794479	-1.68543600652914	4.16679566575411	0.347590427459229	0.331333340382384	0.443180560564622	0.954334877566531	0.347023376623377	0.826405701464069
PF00903.28	-0.73415432259909	-0.199245812144155	-1.01587060703367	1.05084143845036	4.15227346171281	-0.220483565240188	0.37708195020865	0.538528700960988	0.938632550887561	0.54628971028971	0.944265532768521
PF05954.14	0.116820007349062	-1.52986528794236	0.870010640271385	-2.48606919572959	3.55010076975248	0.627026265349763	0.217188556354235	0.180749965006133	0.835788018014071	0.119387412587413	0.531347617411634
PF04717.15	-1.01575158808416	-0.91257666827209	-1.05651472599153	0.168090144523493	3.76995508940407	-0.038931259924214	0.480666667383788	0.722380727510766	0.973494707807334	0.73186013986014	0.977354847020859
PF10106.12	-2.37361287583656	-1.57494223334774	-2.81579891150249	1.28148003243112	4.08727459496753	-0.271471863234746	0.356429053089343	0.488141491392408	0.880202193498082	0.480265334665335	0.876794617038682
PF20071.2	12.4507543763575	13.3482357940694	12.1974233493197	1.72140349489436	1.77443973544204	-1.17398302862222	0.0573334091710788	0.00342794560274037	0.201572372301675	0.00255264735264735	0.154794590077128
PF00115.23	-1.68061336396334	-1.38957591919678	-1.83852751291374	0.546019928080458	4.15939969513997	-0.111913529255703	0.432666669206554	0.63144465838914	0.939245983525929	0.65106973026973	0.946322035568524
PF13411.9	4.05704586533366	3.579496260896	4.28766574786755	-0.674806060708635	0.857710395700209	0.708540899106865	0.217188556354235	0.12639631912852	0.786528149405506	0.104508291708292	0.508204868879204
PF07739.16	1.07799892468886	0.54993175044729	1.39248742512197	-1.07489605397686	2.65763039802742	0.345206027255956	0.325333340701651	0.334433903391902	0.965663448801523	0.345678321678322	0.826157386992623
PF01791.12	1.92424252958278	2.27170137484844	1.78116121094392	0.467667146327522	1.4782239728289	-0.216535341144297	0.372418392789095	0.73243485660506	0.967575189816379	0.523866933066933	0.942765388387576
PF01156.22	1.01958523851487	0.850187810062252	1.12493073862759	-0.359080380440763	2.22500269951721	0.130434903402727	0.421333336320866	0.566789319022145	0.987672418982796	0.59053946053946	0.938597421865655
PF00239.24	7.86231508768114	7.55451361530763	7.95612077869826	-0.272800631056425	1.1248495866808	0.249023549285981	0.386409065056362	0.583709890994751	1	0.452593806193806	1
PF07508.16	7.94974569969479	7.63439801432702	8.03452058091715	-0.283078239995079	1.12860909356131	0.243622240416755	0.392000004195757	0.551863688986401	1	0.460819180819181	1
PF13408.9	7.85154294816384	7.61003814782889	7.9268164715753	-0.212114333805484	1.12308945731735	0.180272920574293	0.415722854640748	0.744072844917485	1	0.58495024975025	1
PF14287.9	7.3683084970161	7.21504082885095	7.40711964021254	-0.117883616192268	1.22573701980026	0.090636437673509	0.453697536704118	0.875716524304413	1	0.739404195804196	1
PF20188.1	-0.198800645952855	-1.47767296167195	0.574660978400377	-1.76900506706492	3.72091444538468	0.414586448498309	0.283333343213252	0.358519906066993	0.932718870885165	0.239456143856144	0.725522695205069
PF02195.21	3.71638921466089	1.97014446457566	4.5786462556306	-2.7894377878819	1.54726491729643	1.7368289540769	0.0126670274360725	0.0017507556126747	0.152905425850173	0.000388411588411615	0.018559186643172
PF03432.17	3.82625389535787	1.50246424082782	5.1884823874392	-3.96136313809677	2.18447897390718	1.76572730036568	0.012658588380316	0.0046882957542662	0.22084604728678	0.00030369630369634	0.0189248569424477
PF13443.9	2.91422225556918	2.58796969725327	3.08136132636355	-0.684892726183781	1.38976204521169	0.45325805630437	0.29913391958556	0.237210573499268	0.903017056829093	0.265615184815185	0.739427196791134
PF13154.9	1.33956937886715	-0.990820200296583	2.66257316683986	-3.79537666903755	3.14221506953316	1.12299427883828	0.0859427536021693	0.0239419559204383	0.504998936855031	0.00924195804195807	0.132789635629542
PF13155.9	3.52506636860099	2.72296058937887	3.90520278867272	-1.19969677852013	1.52886658942896	0.680671179068899	0.158000023803063	0.100837092863602	0.839187229901064	0.0352167832167832	0.30258885629147
PF19044.3	2.28826982563722	-1.00047296037906	4.45741152772257	-5.40223310269435	3.31534610124698	1.57067827413662	0.0286668233958165	0.0056974635039573	0.264911863399396	0.000855144855144889	0.0358703017072527
PF02534.17	2.95245569476704	1.19724790056065	4.37539365895933	-3.58097476664617	2.81554976232516	1.15815872363546	0.0640000673914891	0.0164732429076596	0.440915115885668	0.00378501498501501	0.0916727594154054
PF06970.14	1.58194746855258	-0.865831037069744	2.6647531849963	-3.68317737572004	3.47306111173434	0.979462809286102	0.11933336687211	0.0332399465909667	0.583620627670184	0.0161622377622378	0.202462679570587
PF19481.2	1.6890169826713	-1.02018110603758	3.16918670721831	-4.28684410248012	3.54942194501369	1.13398333204893	0.0840000500603321	0.017032372008581	0.446234600882766	0.00646233766233769	0.12167293256905
PF00389.33	4.17103734690624	4.10100792765702	4.20436710224246	-0.0847051442646132	1.10801535343327	0.0491251701538021	0.471019321528573	0.565440500828755	0.999590234571834	0.722076323676324	0.989085954506273
PF02826.22	4.17785451726487	4.11362927628494	4.21120490640007	-0.139131373225479	1.12710497082298	0.0923988967413493	0.448666668588154	0.534891053600073	0.999882048296546	0.68807952047952	0.99230265083687
PF13610.9	2.57910887630966	2.32470609754058	2.86654470882003	-0.439421690405156	2.13003625045472	0.160208125358569	0.396000004026034	0.481675770537522	0.998395323533239	0.509611188811189	0.960742548355694
PF02913.22	1.86943853548832	1.23778076575235	2.19613699989045	-0.765197460261409	2.37882821876902	0.253433101111393	0.352431718170889	0.5826112307502	0.992811478626486	0.383829370629371	0.889007895648805
PF00561.23	2.26927056103603	1.86504163526824	2.41864646962609	-0.597853589141545	1.87716068786262	0.261400117477303	0.362000005532558	0.370856962241494	0.987146756238637	0.419636363636364	0.911571751601689
PF00535.29	5.86256957980941	5.49895921910292	5.95734394375275	-0.525646080720249	0.736845261429895	0.649374671688998	0.197868105543786	0.0989170562020268	0.866838227839217	0.0705582417582418	0.457353176355356
PF13018.9	-2.37786128081942	-1.41550771723505	-2.87871913092723	1.44865618618429	4.06350386978332	-0.310023216884812	0.343333339767493	0.439316790179413	0.86790743464524	0.438232567432567	0.865601824604467
PF05860.16	-2.3053565594384	-1.66382999408657	-2.72732438115649	1.04390250528297	4.21581127276421	-0.230482470661891	0.387741510035488	0.512075697114028	0.898642503311781	0.522481918081918	0.905634152313027
PF13332.9	-2.32012258195555	-1.56924504713374	-2.76171895122867	1.35881737913956	4.21113107096643	-0.280325058123056	0.349100605741001	0.489893867737084	0.873053963348983	0.484935864135864	0.86872292322045
PF01281.22	1.84029337923984	2.29935521376812	1.65211431176864	0.625381302961059	2.0952453951364	-0.204052825553079	0.363757500446794	0.591091202858574	0.970449334717677	0.454222577422577	0.93695420186897
PF03948.17	1.84344872472647	2.29683995722331	1.64274442359131	0.654972581265073	2.12352026810398	-0.210757062420595	0.359333338991004	0.581623373438191	0.967842489976895	0.472857942057942	0.935935308776901
PF00668.23	2.87787964311597	1.63262989976583	3.4176389903633	-1.82038094097096	2.46364832694458	0.674473010914876	0.215189889012032	0.0908275132781617	0.836119604965961	0.0691748251748252	0.482875009040543
PF00501.31	4.86181110210558	4.69275365016415	4.91796772078604	-0.226778329194604	0.686086407637939	0.308070441020433	0.362425055472068	0.375432663685751	0.975152207209366	0.417345854145854	0.892755087704557
PF13193.9	3.42977033128074	3.53799551546066	3.38620338612212	0.165375707513979	0.988096209340358	-0.149433409932968	0.434377084415154	0.787333913549405	0.99094906769381	0.674513086913087	0.979068383813102
PF00550.28	3.80833016925242	3.19351280235038	3.96111165669364	-0.80735798589942	1.1717227266374	0.619392555798807	0.241333346414553	0.135857577488227	0.883521901235926	0.132114285714286	0.581228034990647
PF00975.23	-2.1518051979956	-1.54036551310111	-2.46394693002027	0.926370768262205	4.10087355098881	-0.188717907619846	0.40066667049685	0.546756975884289	0.909811106043184	0.533311088911089	0.907340969690253
PF01807.23	3.35905384400422	2.71623293924207	3.6810283069174	-1.02494545369361	1.58097701942094	0.540426736999812	0.198534327978905	0.137591345922525	0.893157169277159	0.0776675324675325	0.451329385494557
PF08275.14	2.61204970407612	2.66908238399497	2.57261432575773	-0.0634016863361859	1.72409893067745	0.0260890762705892	0.485676216386335	0.667762982682754	0.998553754744626	0.778152647352647	0.992814750189868
PF10410.12	2.55302739730902	2.66943457399178	2.5015829200973	0.0692151595129094	1.71129191809655	-0.02573696419599	0.480346436437592	0.719803253198612	0.998632464334756	0.822563836163836	0.994638219741814
PF02661.21	2.91041017775978	2.28044062060989	3.3360136903735	-1.0511608138365	1.40025094152976	0.710008923337427	0.197868105543786	0.102996066781331	0.787438048038574	0.0882309690309691	0.465162078393227
PF00756.23	2.77786831121205	0.834101765764011	3.46141744281321	-2.71750336154467	2.27863070118682	1.09599347235981	0.0479681128483732	0.0306926909349861	0.571870460232096	0.00427492507492511	0.0803377219087779
PF13579.9	-0.631921229675036	-1.01551512287682	-0.254748132530278	-0.528426654648742	4.30434232233521	0.102526649953528	0.44037308684754	0.696951328433766	0.991424039380177	0.623715484515485	0.956227881511163
PF13692.9	1.14376606841174	1.36055690821042	1.01720812380935	0.517681771365035	2.54614458009281	-0.167765894729888	0.397068624895069	0.392455790457695	0.948442913789388	0.567075724275724	0.962642849726339
PF01979.23	4.96397872455026	4.78942967097761	5.15171880368376	-0.334918329920463	0.857788867665927	0.362832088638412	0.334000006909769	0.308476255867706	0.968750511973213	0.335504495504495	0.88912865467432
PF19516.2	-2.36561549387512	-1.53266958180821	-2.81456060749731	1.26399043414629	4.20008799468508	-0.260442953000171	0.371333338436713	0.476180137515211	0.87724130400234	0.467981218781219	0.869934060730209
PF02502.21	2.11410837343711	1.87508721927723	2.20957624467066	-0.236925829864667	1.66220688567066	0.115871788087199	0.431333335925431	0.555012602462283	0.995163705301592	0.597007392607393	0.949689005312354
PF13247.9	-1.04167888778361	-1.47860913884906	-0.835384900358934	-0.475842906118302	3.70913639524546	0.110477718335135	0.446000002023603	0.657481745049297	0.981731252556238	0.620896703296703	0.930823596446543
PF00899.24	1.36433624662015	1.17958836633271	1.42506543002555	-0.307294527853668	2.12850893771528	0.120264165294242	0.42704863700083	0.516977822676411	0.992511243728294	0.622095904095904	0.949196341068788
PF09508.13	3.27036627623075	4.63835313986457	2.92561240044447	1.75738299237641	0.916156215932198	-1.81506953601368	0.0273334979464926	0.00467997763750319	0.172778644376054	0.00388731268731269	0.140544744623553
PF17385.5	3.27240139678963	4.63714132077604	2.93074481101507	1.73795809653708	0.88475241206381	-1.82078990646199	0.0280001605773834	0.00439276289076559	0.173263624742533	0.00371148851148851	0.140748357407698
PF17386.5	3.26204244151938	4.64986676909247	2.91137857523825	1.77408132419369	0.923824245953096	-1.83939164307835	0.0339774797211903	0.00404822584431842	0.165977834055789	0.00338621378621379	0.137494278178944
PF04748.16	-2.18299567295415	-1.52073761034435	-2.55734252416497	1.03398227962493	4.19815767388335	-0.208368293323663	0.38800000436728	0.510287069472264	0.897879293432055	0.520653346653347	0.902749824064323
PF00672.28	6.82018791136483	6.96073915058977	6.77842066589267	0.224713397862224	0.509359123965417	-0.422580193395071	0.318666674399836	0.257961934454185	0.910684919247669	0.3505998001998	0.908992983812411
PF13426.10	0.861576118614201	0.748329363130014	0.909387880074521	0.110714917322381	3.81886877490962	-0.0231952511344738	0.48500999389272	0.801037854998843	0.995738761893405	0.818787212787213	0.993611953459586
PF00989.28	0.997499288386062	1.44729467522537	0.744799225797383	0.916304872696973	2.61772012778092	-0.290278260269083	0.327781486241393	0.272843114144905	0.876575343500205	0.372233366633367	0.888013433987836
PF14690.9	1.3423070314004	1.78979428667008	1.17017349462644	0.592352381396148	2.61401017717775	-0.181808873372144	0.401732182328371	0.758336793540247	0.981815876155524	0.59754965034965	0.974745967154475
PF01610.20	3.19725825339344	3.79291354048674	2.92783721769503	0.848557373537356	0.836108117078241	-0.936420098563466	0.158000023803063	0.0889782745043798	0.516830156976674	0.0724531468531469	0.486889918654227
PF02357.22	4.5413552924159	4.65601550193517	4.45020524815658	0.106411197413532	1.04503788425105	-0.0898882714092917	0.462000001415584	0.840490504393026	0.999114198834452	0.771484915084915	0.998803547250646
PF00467.32	4.30033723477145	4.57410529357566	4.08447303167022	0.345049310931724	1.07157448688226	-0.277797206097195	0.379333338078856	0.602814176486799	0.984329557794439	0.524952247752248	0.985247344381135
PF05222.18	1.96248956754256	2.68115528478634	1.60085963871033	1.2392123143507	2.26870178260539	-0.427500362553172	0.247168566861408	0.135142931860249	0.769278575716213	0.182168231768232	0.75408439366613
PF01262.24	1.9851006874947	2.70625758072771	1.63266447673582	1.19453564748142	2.24247188195913	-0.454515300470435	0.249833456713348	0.140659502985762	0.775177126931743	0.178056743256743	0.744420181054723
PF01312.22	2.49829826576176	2.85736118633837	2.22157725253127	0.575230290523255	1.47130592821876	-0.373720752398177	0.343770825857455	0.409098639707511	0.912934476375969	0.409099300699301	0.922976845883984
PF08207.15	4.43236900354194	4.5415589233659	4.34627524730561	0.157615041341701	1.27260749187589	-0.110150282336834	0.446000002023603	0.747383591209242	0.999735817249637	0.719881318681319	0.996336285008752
PF01132.23	4.42860422254772	4.52533514981657	4.3446405442475	0.147429649618636	1.26381348235689	-0.11282282034884	0.445702866789121	0.757612234211631	0.999325593451825	0.73183016983017	0.997298246798733
PF09285.14	4.44250618049047	4.57066611392336	4.32593954603129	0.184572525556267	1.23977819477617	-0.142765260801021	0.436000002409853	0.732575039214766	0.999979736444577	0.700788811188811	0.996760942847085
PF02915.20	6.83876064696931	7.28768019444555	5.79163426454117	1.35457108639338	1.23007135877318	-1.04713402897253	0.14856764727563	0.0109561609315401	0.299323315626944	0.0287264735264735	0.418094655767215
PF03952.19	4.32916729534377	3.83700463718067	4.82524129056389	-1.1436912169098	1.33924104750253	0.800665973429895	0.194536993376127	0.0420000557701417	0.653883272770183	0.060425974025974	0.444661355928819
PF00113.25	4.36866168756056	3.8923749076553	4.84983273954422	-1.10452516453084	1.37580737865027	0.764090216427892	0.206666683232425	0.0455240709237617	0.667355560723564	0.0664767232767233	0.469756064236015
PF01391.21	0.485947120550057	-0.878541075473056	1.23841739810817	-1.78971256728071	3.4498347842979	0.444094332926858	0.284666676458011	0.26045060541298	0.933515391424091	0.203642357642358	0.681256554174961
PF12846.10	1.39840874620293	-0.95305918875076	2.4263691100936	-3.25290812840711	3.01141554767188	0.967975900043195	0.10126586329702	0.0386264161968467	0.604787313288809	0.0152047952047952	0.180657224174435
PF02447.19	0.102245656705645	-0.445415674553124	0.467106638800759	-0.935254037212748	3.35781668583783	0.232549129735901	0.382000004628139	0.502666967890292	0.979428007030204	0.464095904095904	0.898974163167828
PF11741.11	-1.75386611447598	-1.43468273190168	-1.93069659280805	0.453358035233081	4.13396461236352	-0.0877152337236091	0.447035311774745	0.635935248163542	0.950809883858971	0.665373826173826	0.956435344975779
PF01520.21	3.58974261531927	3.60034253296658	3.58446692351063	-0.00983195666171	0.894044495961113	0.0116162307566345	0.495333333506188	0.781086039318553	0.98989746782576	0.775817782217782	0.982616539338105
PF01346.21	0.720494918827066	0.113179074633382	1.08065452938046	-0.658887272084777	3.35411814204475	0.171527411869952	0.405729517272928	0.635958373758557	0.996084036588497	0.523798201798202	0.952475089582004
PF04392.15	1.53489709071349	-0.511326521391414	2.41514219578326	-2.75547292601353	3.0659066878387	0.804300128750912	0.139333361181193	0.0611005099015503	0.699498708893739	0.0295736263736264	0.266013883314627
PF01743.23	1.2965707630514	2.09706563809923	0.824220561298104	1.26916122249479	1.57674369164563	-0.747151024128246	0.18654232423125	0.126548913650545	0.590206233764156	0.112151048951049	0.567831093973231
PF02367.20	0.163593835700327	-0.684673092234846	0.458374389992966	-1.13897571492339	3.21544761241508	0.305423923648892	0.34133333986791	0.397384358068331	0.964423839378553	0.36632047952048	0.798810243492167
PF06207.14	0.473249011237565	2.14761125535121	-1.11799037946814	3.21990774889578	2.87545157247087	-1.00928091676832	0.0833333838382552	0.0140722563614792	0.293598351769222	0.014782017982018	0.262509379802132
PF02812.21	6.20218512022665	5.91096922283202	6.31398856495919	-0.37946977666603	1.04400264224663	0.351584163080469	0.341105935917739	0.358782416088221	0.999027134460932	0.314473526473526	0.95325452632825
PF00208.24	6.19906995028981	5.88283615483896	6.31102669728275	-0.374972909590771	1.00213070010358	0.358507727362561	0.337333340071168	0.354380934099015	0.999398504886827	0.306222577422577	0.955055623544858
PF02597.23	-2.00150915377298	-1.51816593751049	-2.31829016350079	0.890281380970824	4.3138924327398	-0.176185026212699	0.411725519692567	0.559102578934648	0.913959026847116	0.585553646353646	0.928809918799045
PF03485.19	2.63401781381136	2.20744323024789	2.71961399006504	-0.554829580985288	1.60016007173885	0.247224122748596	0.353764163143399	0.291407107532186	0.982564680980076	0.4145998001998	0.858786004988822
PF00750.22	2.61955381244744	2.22079505919307	2.70076350863486	-0.556216440647241	1.57891976166383	0.256786154859972	0.354000005911439	0.287454146480477	0.981079535682589	0.412954245754246	0.865636766410237
PF05746.18	2.6036784414557	2.23427530524275	2.69660106177282	-0.528468642473554	1.59063530097929	0.248049047446577	0.348434383255266	0.296058877502693	0.980920034288219	0.417282717282717	0.873937119406758
PF06689.16	3.69687192790918	3.81562203114834	3.62285388178239	0.170360609348071	0.950432709545067	-0.164693866042114	0.418387744606937	0.64297573428499	0.972482015593618	0.654567832167832	0.970594945125544
PF18008.4	-2.1085690830001	-1.4858187566943	-2.44616967981193	1.04382030899006	4.14035358674017	-0.216391261976615	0.390000004281288	0.52060610222744	0.903433524190683	0.527547252747253	0.907178061739437
PF00861.25	4.67008748151648	4.91194168090942	4.54116369030438	0.375397003202298	0.88513507745626	-0.377708779985535	0.330446376173551	0.370420915193069	0.943159882020535	0.370335264735265	0.935674182160159
PF01384.23	-0.063930124441784	-0.705101362679417	0.263324988919582	-0.855252553992987	3.90632049020985	0.18324902053156	0.40066667049685	0.592092866167969	0.989339063252211	0.531083716283716	0.931648538720043
PF00625.24	1.47974616970391	0.61627680428151	1.93204615831071	-1.18587860682666	2.82015984693484	0.338715109480348	0.295136584722382	0.377476738388034	0.970907537462385	0.25486953046953	0.758350671254287
PF01293.23	7.49243242764565	7.87491144859006	7.24101776908108	0.626275938038374	0.918983812116459	-0.704962455537629	0.161225872598461	0.0424252007278319	0.527929672799403	0.0336	0.458873661511073
PF03734.17	2.83210688068294	2.7773963649666	2.87224569326639	-0.0127936449064903	1.33746994360995	0.00983946440097432	0.496000000148157	0.657448086326048	0.992662880373732	0.812351648351648	0.992167946770472
PF02670.19	1.7524646291272	1.49142677576468	1.88039455540625	-0.395817018277318	1.85763092046189	0.169965320376775	0.401732182328371	0.553954420258439	0.988359585607097	0.528533466533466	0.913310656313536
PF08436.15	1.75005669123975	1.48681436547787	1.90105005788009	-0.38501246774498	1.80015318267385	0.166879143290728	0.387333337729382	0.540725439044611	0.991457333749678	0.52151008991009	0.913851892106716
PF13288.9	1.76354388140062	1.48994504049069	1.88263691639886	-0.41095853362958	1.77683278790707	0.175309564473688	0.397333337303178	0.541827739726115	0.988344997183217	0.526933466533467	0.917258676281675
PF08503.13	-1.62741686240378	-1.46420146257422	-1.7620301259452	0.23217804188727	4.36277296577174	-0.0413656064395892	0.477015323969872	0.698644850759817	0.971592642148552	0.741243556443556	0.978275468040833
PF14602.9	1.88164696223508	1.23975442768458	2.08170510363186	-0.8336733937479	2.05101181219123	0.315824211986331	0.315123259087011	0.261195904764878	0.962354600028603	0.310653346653347	0.797617722473609
PF14493.9	-1.61433466905711	-0.725268851983488	-2.06563930237833	1.44110372961441	4.03129241400279	-0.298444626399624	0.339107268463884	0.43802151499207	0.857023196192426	0.436100699300699	0.855168761983159
PF12323.11	0.134067593937044	-0.960712994995893	0.543724353705253	-1.33877719356309	3.1065832148605	0.371949313273654	0.29713525215332	0.359515114795931	0.938587718906296	0.286744455544456	0.72299783349194
PF01385.22	0.519343367243215	-0.81365932828499	0.951960870498294	-1.59026885252426	3.17534105482725	0.431546254973477	0.264666677863006	0.295658493695581	0.922878147371762	0.200777222777223	0.664931799268127
PF07282.14	1.73902297317165	0.392455700503608	2.19781959116375	-1.74788262485256	2.37318818331759	0.641127305458563	0.17854765517649	0.112079221564224	0.821354489190429	0.0681170829170829	0.385932962159954
PF13565.9	2.80774558446595	2.6381726563727	2.89387272947897	-0.00127871782861799	1.76244379803917	0.0006981924765086	0.499000666259482	0.665013285952464	0.997164131517969	0.782208591408591	0.994712161725205
PF13439.9	3.59645878854761	3.62195291282584	3.58567672600419	0.0216093568491527	0.856308802712237	-0.020471782148599	0.491672218829097	0.749690166108337	0.989562137931526	0.775907292707293	0.984152557174964
PF00534.23	5.42525939103167	5.37863385922715	5.44372760491325	-0.213659458731973	0.850378414461185	0.230500439485755	0.393071289954061	0.4237397994253	0.997448861956108	0.480977422577423	0.970923514199431
PF13156.9	-2.43183880370773	-1.5164223275807	-2.9179832483658	1.57783830203731	4.28332129036337	-0.314232939518962	0.353097940657105	0.458106374673111	0.853184272303187	0.454992207792208	0.854741786248856
PF02384.19	4.32627135158895	3.71417188405746	4.54606103013513	-0.956152221935172	1.25644503509149	0.722260022388639	0.207195219680608	0.0883248022167659	0.79518188801729	0.0734505494505495	0.484446012865534
PF13403.9	-0.484532699853349	-1.50127306904955	0.257898772117789	-1.60858000739032	4.32031942769158	0.338589416715748	0.321333340919238	0.439151844668636	0.956329581038045	0.341359040959041	0.823130674764244
PF19514.2	0.775309251932908	-0.848900478412538	1.66877944278412	-2.45000627509561	3.14908801861948	0.673183649957961	0.184543656958648	0.144272107796616	0.802169784145044	0.0725714285714286	0.409932656558255
PF01784.21	0.588781952595662	1.52461827049144	0.100713595704638	1.28372820049841	2.07731392437134	-0.522460553629948	0.273817465548373	0.363880228470646	0.798384253378676	0.252561438561439	0.800330462554655
PF16575.8	-2.31747693854998	-1.43239132717106	-2.79773710568041	1.36653599454797	4.02879142829234	-0.294159517003952	0.353097940657105	0.464318364910295	0.860987211853381	0.464696103896104	0.854838736804552
PF01012.24	6.9985382453735	7.24445558240251	6.93177764684457	0.16863067515408	0.932081331435382	-0.172246835259059	0.397333337303178	0.387857937617622	0.998566374580824	0.568577822177822	0.998204010563915
PF00766.22	6.2192589884042	6.6391684003165	6.07997549045499	0.340541481817444	1.04418803347972	-0.350578366262899	0.29913391958556	0.222534262109151	0.942028471094281	0.265134865134865	0.930134721727666
PF00459.28	-0.255801284804888	-0.929967660285209	0.0683167983552542	-0.741625148773514	3.50631955688722	0.182223994633924	0.401065959837764	0.579869286703767	0.98652637636946	0.522477122877123	0.913367313586731
PF03167.22	1.50857240913483	0.150909581682205	1.75131608751861	-1.44030469879242	3.05932345668687	0.383475854686814	0.312666674737943	0.228459927575922	0.955183233837808	0.270800799200799	0.806044585317553
PF00251.23	3.13060898321397	1.37594728562379	3.7091250081271	-2.65598910758799	2.1003398676632	1.21224280122153	0.0346667954159329	0.0261048600204614	0.537051335353228	0.00207312687312691	0.0499698142787841
PF00834.22	1.55986339803944	1.16903582861598	1.79200916487321	-0.637684739663069	2.14926025091973	0.243214515585366	0.356429053089343	0.380757345877205	0.977290063221332	0.434325274725275	0.870167994187217
PF18269.4	3.84313116934926	4.01680898664369	3.74195765587437	0.332019938670538	0.86908855777378	-0.356739729598035	0.334000006909769	0.356758406553935	0.87857109497016	0.39785014985015	0.883002877936135
PF04860.15	1.03732760110248	-1.48373217959726	2.35249137071671	-3.89679739601332	3.13216749557355	1.16150630662163	0.081279199086291	0.0235156951286267	0.489727869150077	0.00803996003996007	0.11267624627246
PF04650.20	-0.97006449091551	0.324157983329446	-1.70329814145009	1.90364097737223	3.84680471713134	-0.420999457387716	0.278481022852703	0.319844290243652	0.804814678096609	0.269118081918082	0.790956641458317
PF17965.4	-2.22968566740255	0.0971816655426005	-3.22908277293924	3.95558667630077	4.98107153626739	-0.744585383669389	0.214523666565433	0.162815069107985	0.640548408886335	0.158067132867133	0.620993803775702
PF17966.4	-1.8941943454828	1.44743119124791	-3.20377150677722	4.75081722579325	4.57078326303415	-0.951535378693093	0.152666691527968	0.0827209500276275	0.487064563144121	0.0687296703296703	0.462939365848935
PF00746.24	4.22479194888453	5.1377266495651	3.93401245145374	0.973539894238836	1.59114076554815	-0.534475364918613	0.273151243077072	0.434592442702025	0.962511819263055	0.184628171828172	0.888621559237154
PF07554.16	6.35902421366523	7.55662535565204	5.65611242711659	1.90172939037426	1.48683296460357	-1.25565880913899	0.0952698635397077	0.00749995731291853	0.259813028040392	0.00827092907092907	0.250116813163672
PF07564.14	-2.09973837885811	-1.03010463697689	-2.78684359241439	2.09814751227248	6.11907800325453	-0.306667456780151	0.335109933558651	0.407047533517231	0.92324056268141	0.422116683316683	0.89918882521566
PF01468.20	-2.11555505422612	-0.878304453917534	-2.73541738105073	1.92799394358068	4.50013755717093	-0.371346663409103	0.320666674289219	0.377881385605327	0.850290797395548	0.377875324675325	0.852183796389373
PF20585.1	-1.8956377999328	-1.43657020623051	-2.16897226859199	0.831022820925369	4.0075532554888	-0.171773686347473	0.404397072291237	0.56519556528965	0.918161415519534	0.578497902097902	0.91961937490505
PF18957.3	-1.83592113842444	-0.303265850527673	-2.72677284866916	2.32355912963898	4.2127073732455	-0.475699922503202	0.2613333447812	0.291945517259906	0.762092041699752	0.275119280719281	0.761043293215009
PF08428.13	-1.84012524711354	0.858923766904599	-3.08136256606054	3.93684481122537	4.00641413220447	-0.879909566676692	0.149900092027137	0.0851919193146595	0.484674728332344	0.0635348651348651	0.44530300726665
PF01719.20	-2.09455485485504	-1.49386740115824	-2.50940185936993	0.859342645472034	4.30607339813555	-0.177278525339268	0.40933333680553	0.556956446735668	0.923934139738587	0.590981018981019	0.939805454989391
PF00910.25	-2.0874179012913	-1.54428612107471	-2.41907597518875	0.849450129643133	4.3390249686951	-0.164242316377424	0.421718857065464	0.563590617470037	0.930940732927749	0.594224175824176	0.94692401956116
PF13102.9	2.80097358098289	0.789087138550674	3.41079764862313	-2.68779471339319	2.47618475872384	1.00948022947932	0.0619587638963966	0.0381719941990759	0.632993440295104	0.00560319680319683	0.101524524075115
PF00027.32	2.68778028487127	3.18406528685496	2.54257506490513	0.672894872024392	1.53094202707384	-0.386160236383759	0.335776156042623	0.501189270673629	0.948977422729718	0.396311688311688	0.91382566823238
PF00578.24	2.00027834112735	1.2594569290125	2.2227551460103	-1.32245306977178	2.28887910757831	0.511240986153994	0.248666679122591	0.156468479495469	0.905583218264102	0.16573986013986	0.659133206656043
PF00253.24	3.67965851478113	3.30271007553477	3.88878205241322	-0.602899236558929	1.37672199183174	0.416710698061274	0.314457036606336	0.320350985980078	0.972844769614509	0.302647352647353	0.871370340435707
PF18076.4	-0.78577676015284	-1.52807361077503	0.182693199938058	-2.0754200587586	4.88899191310368	0.379873277759962	0.329333340487885	0.419875147660527	0.958902358233598	0.357265134865135	0.872193542026614
PF02572.18	0.496177277665788	1.35700343861669	0.0867538356494002	1.26406982496341	2.13080194537622	-0.468019139128434	0.260000011550008	0.305304071004075	0.774432356658026	0.231761038961039	0.730249142473317
PF04313.17	3.65118245987287	3.53830250725913	3.75557124453245	-0.22433527096054	1.55380783842066	0.127535689342789	0.441333335536504	0.728563738230609	0.999088089771905	0.694620579420579	0.994503275437717
PF18766.4	3.54265684082701	3.35192394146362	3.7469368685624	-0.339333120101217	1.61506106437403	0.193315889334786	0.407061962254786	0.580269405552217	0.99831798998452	0.540889110889111	0.980347042904807
PF11867.11	2.12553604510038	1.61240294392836	2.43131571525753	-0.964417618858149	1.96361009741448	0.414773030633796	0.296666675689746	0.269392969991463	0.949482877804453	0.254578221778222	0.767760205631639
PF13491.9	2.4038078749753	2.32464058371294	2.44443911935344	-0.105431219246173	1.70721587709266	0.044190754820653	0.469020654048339	0.64485791408836	0.996327990126312	0.716291708291708	0.97508522230394
PF17854.4	3.04956106294308	2.46836124630125	3.27714338790194	-0.727068978910562	1.32615897189763	0.497386462832034	0.267821463313649	0.230028781246102	0.916153782640121	0.200216183816184	0.677599856014678
PF01580.21	3.53723701954529	2.94776530955989	3.79324022530125	-0.916580621770109	1.14600266502204	0.737862026592303	0.196000017862304	0.0741968970302297	0.729148843952799	0.0744431568431569	0.433692491931326
PF09397.13	2.9312585414595	2.41577512633964	3.15743272663009	-0.676954993241297	1.26737631955509	0.47490184922562	0.277814800380107	0.257902672860637	0.932297374853367	0.229596803196803	0.715168353330126
PF05223.14	-0.662582981384343	1.08264856340642	-1.60426788592379	2.62560738678594	3.65319387913499	-0.621450735907509	0.219187223699967	0.176387128123172	0.65152211209377	0.149205994005994	0.642160628349402
PF00892.23	3.3602839006806	2.77895436046696	3.89691243805817	-1.1066717078597	1.34701389366361	0.766800127315148	0.18654232423125	0.0713276941067743	0.713027644073632	0.0654201798201798	0.424380298117066
PF01850.24	1.15582576132761	1.57215959807098	1.00190683952991	0.635548646144666	2.73797126179173	-0.172181351869651	0.391072622484215	0.692831158884299	0.977615995762867	0.576883116883117	0.965785095996663
PF00148.22	-2.27565415724136	-1.47344861281005	-2.80957869378238	1.42088200069656	4.1404318013208	-0.305040346890825	0.354000005911439	0.450180454519914	0.873778550560144	0.462614985014985	0.880589105838196
PF13435.9	-2.13192813319016	-1.50823724867306	-2.48714784362536	1.00102514701383	4.12494224345649	-0.201893767202844	0.387333337729382	0.526248224080407	0.904204731783954	0.539655944055944	0.9138277347018
PF13447.9	-2.29833239547841	-1.46278230281643	-2.82776016270102	1.31273817043976	4.13966976402657	-0.282121837780871	0.354666672546119	0.443855102971107	0.866168302516955	0.445526473526474	0.870303548657826
PF01957.21	2.02284730026899	2.62361873164408	1.47330268526086	1.03326401693789	1.72081684316643	-0.538526641415885	0.274483688019865	0.236356721301937	0.782019579552282	0.227208791208791	0.820089387093422
PF13187.9	3.82453049012459	3.59301394731808	4.23527984113734	-0.831556201092656	1.45825659144768	0.531395585452844	0.29780147463059	0.132759887330106	0.877609081948885	0.21648031968032	0.795252234742709
PF02662.19	1.30499296839011	2.0398369921203	0.710942089472339	1.42502404588694	3.33788563064196	-0.385415933914018	0.284666676458011	0.262644581145721	0.838131720190741	0.250078321678322	0.854105337154392
PF01584.22	6.56026401122669	7.04907396181721	6.29245697269194	0.760475818709088	0.874286437019482	-0.809260735551428	0.154000024590135	0.0342285215164272	0.461324910607439	0.0362013986013986	0.460289882693635
PF17293.5	-0.269664567131716	-0.995975289936912	0.169447614000376	-1.20983701524337	4.27458856192788	0.246609022071775	0.37708195020865	0.539458481864705	0.977332299733047	0.472771228771229	0.900612083879156
PF09820.12	3.96659935198931	3.57779829368765	4.26746918690542	-0.692381556774845	1.25359620523496	0.52216257175507	0.275149910491543	0.190079611151614	0.924165062073962	0.185222777222777	0.745801307354393
PF08011.14	3.76669448399634	3.35111387852081	4.05643404870742	-0.692912018837709	1.1986503670543	0.547962315094533	0.2613333447812	0.17657210870776	0.898712387379019	0.165867732267732	0.695161056608869
PF13676.9	1.07201134822127	-0.0929143434619322	1.76466450978238	-1.70888014334805	2.62410952330725	0.587384078844667	0.218521001251004	0.171732744020974	0.861815742554415	0.120262537462537	0.545824246740695
PF13310.9	2.66935737932777	2.1623446336584	2.81563776039237	-0.690667860551537	1.60364036266515	0.353202278138174	0.292666675940256	0.260087846241229	0.959706279348111	0.300553446553447	0.743581747894677
PF13472.9	3.86746282362236	3.09965765073526	4.25692666965648	-1.13826773863671	1.43854946760184	0.716645190973904	0.175882765513751	0.0937695685573941	0.817192481628307	0.0430617382617383	0.359865313432216
PF02706.18	0.127844651770295	-0.956583374566193	0.646468732544325	-1.71370423055892	3.03822728611307	0.488096849408206	0.262000011397128	0.215340494141627	0.88825303436239	0.207291508491508	0.643883802892514
PF13807.9	0.0520946983729322	1.38307178791941	-0.757202842763075	2.08899811622443	2.8354550514829	-0.634531297476845	0.196000017862304	0.153259832963118	0.641434955835277	0.119253546453546	0.609668786607864
PF13614.9	3.85511875311917	3.02091937796301	4.12785143352971	-1.24843563855358	1.19440544690507	0.99980013637233	0.131333363254707	0.0316665077672041	0.590115993230409	0.021759040959041	0.230602556312183
PF13715.9	5.69572271310461	5.22799930905824	5.83114134703153	-0.871687414769947	1.57002277914892	0.523223135501808	0.275149910491543	0.14976920626471	0.967165743647717	0.148756043956044	0.771711906271188
PF14559.9	3.07347558126192	2.71460852468198	3.21723328630143	-0.45413536931424	2.74168798674675	0.123735015904519	0.425333336161842	0.70246752285542	0.999842307648338	0.598198601398601	0.996339976097454
PF13432.9	3.90409230123343	3.5464231688944	4.15527364195035	-0.662747667365312	1.22979991979669	0.516396061724008	0.282666676591126	0.15118290459568	0.881042804232843	0.181355044955045	0.708072636050839
PF01713.24	2.4754031358545	2.41179436140393	2.49447836179213	-0.101290279800547	1.29205508621192	0.061888819644271	0.474350433995858	0.671307277065639	0.99357760042775	0.714911088911089	0.980351325079524
PF02743.21	4.5940863210144	4.70778904764378	4.56694414468571	0.107982246279382	0.995564228118655	-0.107198591712128	0.457028649169526	0.737730422401296	0.994221964432972	0.744239360639361	0.991708917030708
PF01636.26	3.57616200324702	3.56963523046702	3.57948977745277	0.0781232703793657	1.1986376944573	-0.05567271997034	0.471685544022008	0.755386417769764	0.993994384352167	0.780625374625375	0.993831371179527
PF13524.9	1.28134122040817	0.173100286304749	1.65581246586371	-1.46938852173735	2.77819500330506	0.440558584127392	0.270486353193786	0.205989741976395	0.91802209844239	0.201911288711289	0.67520990892471
PF05050.15	-0.289729503802419	-1.50319882745278	0.241685132574633	-1.49374320382683	3.52289138396271	0.36995851354767	0.300666675444484	0.384165848810382	0.938384919388896	0.29871008991009	0.759072358724348
PF05067.15	1.02631861850719	0.831758907866237	1.14669303038541	-0.688537924850372	3.05261309557246	0.216141752935361	0.391072622484215	0.430264919279405	0.988559314158331	0.500152247752248	0.943131582974458
PF13679.9	0.0865966045605031	0.202403306743663	-0.00155382247280045	0.201006340733138	3.2581028051036	-0.0485422262115641	0.467688209061577	0.719629486560195	0.979630286448878	0.748641358641359	0.982514981983743
PF08298.14	-1.20943968151761	0.0484271457313801	-2.20147586615252	2.02452418199146	4.49106381674504	-0.39344729829079	0.31666667451148	0.359336490731959	0.855319887235193	0.350751648351648	0.87806951649899
PF06798.15	-1.18525431396758	0.0193876413478584	-2.07556941447474	1.93233783018473	4.58132012414355	-0.351434747166279	0.32711526375861	0.366060352416604	0.870570879791912	0.355222377622378	0.892598919079889
PF02254.21	3.46742364810828	3.48739403468332	3.46147124647593	0.042032544922546	1.29395893706146	-0.0275516561416976	0.491672218829097	0.788848708782323	0.998468524185341	0.823904895104895	0.996421379698026
PF13549.9	-2.38496381378168	-1.64076894442255	-2.84041021666296	1.17250867588318	4.29285306452245	-0.220643617921695	0.379333338078856	0.513678155104904	0.891853071753267	0.504016783216783	0.895584560317651
PF01555.21	2.2037682408101	1.12034761557962	3.22973010856578	-2.15623547800486	2.90498731340759	0.674839814926091	0.186000019202966	0.0881959849104208	0.812898417759867	0.0647328671328671	0.454001608859417
PF18755.4	-2.21681964005967	-1.49727029946494	-2.56403680170485	1.18377672158756	4.07224848624106	-0.249979132231706	0.369087280348433	0.492536374434254	0.88098811919258	0.498835164835165	0.878798200577471
PF02515.20	-1.16409142021313	-0.134573120459631	-1.76481217898306	1.47162928967783	4.19304559830349	-0.301249875098769	0.334666673541859	0.421540553367842	0.876641824967337	0.413743456543457	0.893952055279927
PF00482.26	2.74811263054309	1.34893097672403	3.44593287629626	-2.00424347153673	1.86908725049531	1.00022456162304	0.112666702540539	0.044334007470797	0.627138705947015	0.0161782217782218	0.192259676175572
PF16586.8	-0.214170717417023	-0.930481754513113	0.0380595344055399	-1.02208386320892	2.96362790261484	0.263371297362864	0.363757500446794	0.402411484334408	0.958135043348063	0.440374025974026	0.825389420304878
PF12904.10	-2.32320342623975	-1.49570745911924	-2.85581556308004	1.33944905385733	4.17004064174705	-0.276538340979894	0.358000005720664	0.451147944391638	0.874200652599746	0.447514485514485	0.871113242516929
PF16886.8	4.9598613696137	5.15673364410775	4.83680652368031	0.282309070307909	1.23049863337862	-0.206626659992619	0.403333337052597	0.580284333564099	0.998205524588228	0.614139060939061	0.998376932222824
PF00731.23	1.55813081912618	1.46287377825019	1.59740262138737	-0.147777474939353	2.08681689747879	0.0585535524793163	0.466355764074866	0.601031863663184	0.996112263795171	0.697774625374625	0.97444721828136
PF01909.26	1.33097352980253	0.77009374480172	1.50054631688481	-0.729780353589249	2.63108250167291	0.214541438168443	0.383077952609488	0.389972433408049	0.984786639563495	0.469462537462537	0.919051482032414
PF02699.18	2.01328367422715	2.49801995981008	1.64675013963419	0.577477380115107	2.11750705265854	-0.210225256450535	0.390406399994367	0.667319050225599	0.978766293485618	0.572238561438561	0.985406931503171
PF02618.19	1.24658413575321	1.64108038549547	0.863330454487137	0.473379726249122	2.65872045296801	-0.14327547186933	0.423717524540984	0.599074172776093	0.974319795956141	0.64328951048951	0.985626170957408
PF07883.14	2.27862926328137	1.40225442693401	2.76655575127999	-1.48226065879735	1.80496589372285	0.682722519129203	0.183877434535728	0.106747677466973	0.797179707901525	0.0732947052947053	0.430516857179386
PF02129.21	1.26489756090224	0.300633018801502	1.5535357943717	-1.21996012766413	2.23994644385011	0.474023095057046	0.253830791498822	0.193848508382014	0.892505566231909	0.197462537462537	0.614623956565988
PF08530.13	0.0848308433710052	0.242941541132947	-0.00981564729884798	0.180867513183273	3.25415977951835	-0.0458113921967109	0.472351766515455	0.741028817823519	0.983340379596317	0.755604395604396	0.988448833043397
PF16640.8	-0.165499805679601	0.0995080925329663	-0.372175983757033	0.638964129404975	3.48436525319306	-0.136717694501028	0.414666669921978	0.584864959743107	0.94684353501813	0.611791808191808	0.94657552488422
PF13185.9	-1.24501251400524	-1.48397835340033	-1.10238893252396	-0.247947107092147	4.0424168817645	0.0474122361899708	0.472351766515455	0.720523238550865	0.990675968223299	0.694055544455544	0.950114016845978
PF00990.24	5.73945553026522	5.20581398261685	5.94003923387326	-0.747282564807139	0.745616926725469	0.970037824089277	0.13000003029109	0.0378253616871456	0.625505946603934	0.0184687312687313	0.22547558521084
PF01121.23	1.11648801392883	0.220558501522429	1.44577376857073	-1.19271307640628	2.50298341185799	0.397967137635605	0.300666675444484	0.258006872677229	0.940928487568117	0.265039360639361	0.741395926114396
PF13414.9	1.90307663163718	1.94367077349196	1.88127906607433	-0.0473075515465915	2.16170659600509	0.0151907560659466	0.489007328854492	0.729289567674845	0.994560210872971	0.804933066933067	0.996056508446012
PF13181.9	3.74718079346366	3.39375212375263	4.15273664447259	-0.873514685198021	1.55372307436994	0.512841892699188	0.265822795905675	0.13890664008721	0.904037793037397	0.157553646353646	0.715420941002434
PF00515.31	0.377955044056975	0.527409244606498	0.239597014197053	0.337058935573307	2.96775063879454	-0.0853743890263716	0.442666668818415	0.650253384165225	0.976408358564985	0.702657342657343	0.979562071983609
PF00308.21	2.10903793004378	1.53861028962668	2.36164669080587	-0.819218054035081	1.89495671540205	0.361079035256688	0.314000007995311	0.310467930714265	0.965535556826273	0.298385214785215	0.802209104127444
PF08299.14	2.07666000186892	1.56560738751432	2.32742794512657	-0.758886817924751	1.88601899746918	0.349523170022252	0.333333340277776	0.310741439333837	0.965236267022595	0.313781818181818	0.813967028265402
PF03838.17	-0.7772596257528	-0.507771330504795	-0.930727151705385	0.336749861505878	3.70763468186184	-0.0780682176700725	0.452365091718084	0.697779443668479	0.969911313746782	0.697701498501498	0.974946758594403
PF07261.14	2.66913749193267	2.4974634918234	2.78309134926672	-0.258929020909997	1.56927135124403	0.143933929756698	0.427714859492894	0.668397960137319	0.993249306326269	0.630851948051948	0.966088601099963
PF05025.16	1.03083594473696	2.12683335067114	0.445858074809029	1.72433052095438	2.36923296781372	-0.60518910266496	0.206000016643155	0.22376742755576	0.714711606533019	0.119608791208791	0.63616304862941
PF01820.24	2.14928272647091	1.16572883230251	2.40560979016803	-1.18367986842541	1.79041022021909	0.559606108578637	0.247333345900539	0.163278580222368	0.88814303541865	0.164161038961039	0.595922520464878
PF07478.16	2.16907554420584	1.16694972164366	2.42549439925076	-1.23494202410969	1.78167439034839	0.599156516824175	0.237175229955208	0.153949640237935	0.874040944852316	0.148	0.580583873948406
PF00311.20	-2.01796724590281	-1.48448719728243	-2.39159740787705	0.968964422373813	4.09066273127559	-0.195901726206955	0.404666670330733	0.553157900306327	0.921266114517721	0.569096903096903	0.926775957594354
PF01165.23	5.07410083259989	5.45550553562411	4.79889562137726	0.487301052739221	1.41704631720206	-0.299324183552854	0.358666672355798	0.655103856709799	0.999732632505731	0.41555964035964	0.988516272517547
PF07702.16	1.25888518045417	1.99872971833726	0.974527910147387	1.01882407824631	2.48844162837344	-0.316612525006408	0.333777488590993	0.448417522782142	0.941818822466273	0.3828003996004	0.920760653601946
PF00908.20	0.672865244772705	1.11011437958172	0.497460288917186	0.643813133971888	2.34960586774854	-0.187715119502707	0.384666671178323	0.625592598475331	0.95642093939827	0.526288111888112	0.933668505346727
PF13450.9	2.1152363778151	1.61127245380328	2.39627571858503	-0.699383999248429	1.81853122750165	0.310364853651516	0.318000007770269	0.408644811895453	0.974013474332703	0.31078001998002	0.80934388629249
PF03275.16	1.35642983087076	1.34011054887508	1.36194382218764	-0.03006975893563	1.80282331382349	0.0149674242172383	0.49266666693833	0.717487833904772	0.984883218139906	0.737761438561438	0.967822605754659
PF01451.24	1.00616070787487	0.0589585245457114	1.35619688240449	-1.25604087269719	2.34585386117728	0.447389630171274	0.272000010661313	0.225391626641159	0.926254391402904	0.225395004995005	0.686842341903461
PF00312.25	3.60240222008511	3.52994891560829	3.63882070597489	-0.301284419807062	1.55084558686794	0.178939073882806	0.417055299623771	0.450122785959348	0.997045977987594	0.563839360639361	0.98667656990191
PF01649.21	2.89112212147866	2.89318218859436	2.89076467717046	-0.21836039472048	1.87863070876405	0.114886832512242	0.451698869225096	0.523260519974392	0.995877243905853	0.695966033966034	0.986967613190729
PF03602.18	0.299097367197219	1.03736650290784	-0.0927860966967371	1.0542613652761	2.79829030807648	-0.33249938320378	0.334666673541859	0.44513412453583	0.891587553811561	0.394468331668332	0.883814130542746
PF14490.9	2.62584353304424	3.3238507879002	2.32063019695552	1.04850843684719	1.12578574627134	-0.856906746409401	0.151898759163447	0.0721632289372613	0.515002442603073	0.0656391608391608	0.471643082269729
PF13604.9	2.88710794857511	3.40426894133863	2.6760615906476	0.775915684653288	1.07538542650687	-0.65062941287106	0.227181893116267	0.180706071226016	0.710358514794134	0.162221378621379	0.672162340034061
PF18335.4	2.55219127764968	3.33921412220128	2.2322141434707	1.17294945748125	1.12268835634248	-0.952466540354923	0.134666695694964	0.0583338798747863	0.450783843728644	0.050396003996004	0.412835878382943
PF13538.9	3.24098450704984	3.45391813569157	3.1133772800124	0.419663827947837	1.16536476377174	-0.331629588436122	0.350000006105005	0.44100893135426	0.931022726963397	0.467307892107892	0.928530782172853
PF17774.4	0.510273078781983	0.776482743682853	0.409555167586643	0.451475603190807	2.44511562490491	-0.137143506002501	0.418000003120978	0.699314534263608	0.971620066300536	0.629707092907093	0.960636775506665
PF04472.15	1.94788130947081	2.37861068589762	1.69764730523661	0.661365063044661	1.5409290456074	-0.391243237323984	0.325333340701651	0.384251127347914	0.889115410983835	0.365421778221778	0.896893588959667
PF02491.23	-0.859706059707432	-0.672488956513777	-0.977185848405734	0.339080555538476	4.30452814533355	-0.0643009201150889	0.468000001190059	0.712913124746818	0.978813003766906	0.773184015984016	0.987918405467318
PF14450.9	2.57829257866284	2.76826499893005	2.46733527710593	0.329730133246069	1.56576255417045	-0.184971689621246	0.406000003609039	0.553164534893658	0.974578540407604	0.589948851148851	0.979432701783812
PF01795.22	2.97812015993958	3.07519220198447	2.90733982408432	0.0723581843784	1.41467060751321	-0.0437576475727024	0.474000000965574	0.77684758591789	0.998621239054263	0.76699020979021	0.993064673583639
PF02381.21	4.01774744608871	4.34374082908202	3.7061362362927	0.51998351611618	1.3484157929811	-0.375833841949398	0.338666673336384	0.358054628012061	0.939717519139129	0.381526073926074	0.951507240317914
PF04085.17	1.60261419010693	2.030980986996	1.36980182527298	0.622347975218244	1.55095131960257	-0.353954769558312	0.336666673438699	0.415648138234998	0.870588458236296	0.417887712287712	0.880560407423265
PF06723.16	4.04771054626405	4.13492501143978	4.01832951113312	0.0123272950089435	1.06746196058413	-0.0115870312573945	0.493333333580291	0.6951257972762	0.999894625081063	0.835868531468531	0.995088358002076
PF06160.15	-1.62323349010092	-0.980944145583099	-2.05855348887912	0.975649173262329	4.71427660053251	-0.187974586467727	0.403064627309717	0.587637401361908	0.955004450554153	0.591884515484515	0.959578611648105
PF01809.21	-1.17563819321707	-0.978495218990987	-1.28920977288956	0.309242219967802	3.89749590058536	-0.0635753031839211	0.464357096594903	0.658055943072316	0.960394537787231	0.696113486513486	0.969127314343968
PF02823.19	2.63420565602744	2.86361942244559	2.50731655173139	0.392810187856439	1.67821948183275	-0.230012412531437	0.396000004026034	0.59903608603772	0.971309454544188	0.615014185814186	0.978300389932777
PF00401.23	2.48681014741357	2.65248453243495	2.40891967306248	0.233895229233384	1.86050043598341	-0.110411847195843	0.451333335153042	0.786512187887643	0.993089182758957	0.751186813186813	0.994301035471402
PF00231.22	4.34402123404204	4.89510054900479	3.94391192366689	0.950717381231313	1.06015565721103	-0.82868271549766	0.187333352349811	0.0582578443866927	0.535319800809358	0.06639000999001	0.547655043503695
PF00430.21	4.09329347965318	4.4069677118137	3.76375714787495	0.512758527613473	1.27316311156012	-0.333709274812629	0.316455704048718	0.411044530043767	0.944868285962757	0.338003996003996	0.930734289039565
PF00137.24	4.14970812591156	4.05119880728045	4.19624089408116	-0.336485317330775	1.51570904026052	0.207964457405746	0.415056632149291	0.637958835555815	1	0.560362437562438	0.991511677588366
PF13630.9	2.09529909435049	2.81388493444071	1.78316140068994	1.01968228450003	2.14227643176907	-0.373399690569063	0.30200000869719	0.558533881386614	0.958056577914046	0.313905694305694	0.922309596361981
PF07963.15	3.9658878806975	-1.45166071793224	4.49740169052648	-6.14778292027071	2.66860291783922	2.22312381483138	4.67861010389608e-05	0.00394064224486938	0.239748907594436	1.59840159840208e-06	0.000147561858431468
PF02878.19	5.49955165445113	6.03277610002309	5.20940213574591	0.793394138716566	0.603073046659205	-1.27474756248657	0.0826667176232844	0.00954326647239005	0.233607266581168	0.01157002997003	0.243121438491653
PF02879.19	5.49248478938738	6.02924305041628	5.20489919730655	0.812980022541092	0.599739072591465	-1.28129634338921	0.0773333881814099	0.00802621330813662	0.225166239524776	0.0103776223776224	0.238216886103538
PF02880.19	5.49168504726519	6.03443919717711	5.21131317194734	0.796331835783109	0.590746203092085	-1.28866396757264	0.081279199086291	0.00849980523685544	0.227956952356734	0.0108195804195804	0.241970698296846
PF00408.23	4.78686243396873	5.08871069626062	4.62349295957125	0.420802632601467	0.634464660347764	-0.625527054316981	0.263824128499574	0.219045043245659	0.775062523665533	0.215336663336663	0.778688070335627
PF19293.2	1.86600563635373	1.90958474704038	1.85956974904451	-0.00328963257639536	1.94975379782924	0.00162245685341019	0.499000666259482	0.683375400558214	0.996329452491025	0.799830569430569	0.990752957580359
PF02457.19	1.87445658901826	1.96391992463726	1.84823647253318	0.0891432606386164	1.96345523233345	-0.0377192972583926	0.478666667458231	0.715293031996423	0.997372583789912	0.787577622377622	0.993811735842393
PF12974.10	-2.09121565898899	-1.52688284938589	-2.40688013214404	0.836288209456501	4.28165696314497	-0.16441149699123	0.405333336969865	0.559918256512287	0.927949948958089	0.579955244755245	0.938979132450282
PF01515.22	4.2914867506317	4.47832692296875	4.18594286407215	0.349938366561974	1.06619224223242	-0.298111840473308	0.361333338897062	0.336287107908202	0.930213585162637	0.439583216783217	0.952240126649835
PF00121.21	5.38650002903326	5.6976314933022	5.20434895699913	0.693760955840184	0.959857413451488	-0.674508782086982	0.218666681913453	0.078641135234287	0.62871507370904	0.118664135864136	0.68574212829231
PF00044.27	8.08622816110335	8.61981627095984	7.98116742616769	0.328243704289109	1.61519182896257	-0.201191535474684	0.42238507955727	0.524431682344842	1	0.674316083916084	1
PF02800.23	8.08991237304824	8.61185682665593	7.98422988090759	0.303511814865474	1.61407942329795	-0.180436684586966	0.42105263457369	0.523371135805462	1	0.666934265734266	1
PF04198.16	-0.852213509444063	-0.863868629938239	-0.850441131770626	0.0146041884884038	3.82200323586066	-0.00404064640869854	0.498000000074075	0.757721394034617	0.986269415093147	0.747520879120879	0.966540785557368
PF00574.26	3.44085057079498	2.67171926432692	3.76712503618029	-1.14024397936718	1.24046510988949	0.846514089013008	0.140000027685467	0.0509744356491235	0.667381916450993	0.031399000999001	0.267291220039829
PF10298.12	2.14673651215302	3.40172434861911	1.59898039791763	1.80292011006558	1.51411037435055	-1.13621393376942	0.106666704886963	0.0284725479056056	0.338243059661506	0.0198201798201798	0.305175305430308
PF14527.9	2.13950657349187	3.40832860449471	1.60520982943912	1.80042424792322	1.57195498375871	-1.05917560808367	0.107928085623509	0.0245756251282764	0.337143678129639	0.0217022977022977	0.315756965119295
PF02650.17	2.16139400660858	3.41705281672153	1.58259180361101	1.82873134533984	1.48897415932159	-1.170545973696	0.0932711970359358	0.0237659051205318	0.326601810886992	0.0198529470529471	0.297536508093041
PF01933.21	-1.60693261232503	-1.53225478462936	-1.65402827263422	0.029892997943751	4.39834218061888	-0.00734648096252646	0.495333333506188	0.737250737205338	0.980355889089329	0.76554005994006	0.974428869416541
PF03668.18	1.97319655441339	1.93288444793399	1.98497829013942	-0.0256767322887166	1.71641428628606	0.0139419981664624	0.494000000222254	0.716886391520346	0.991354607431761	0.751321878121878	0.986372958076487
PF03729.16	1.18260600889017	-1.00495822915797	2.10588737327477	-3.20515544122034	3.5886907709873	0.828209059352352	0.134000029203452	0.074889326715499	0.688671763812282	0.0277266733266734	0.258508886137146
PF02482.22	4.28761224235747	4.66560251984006	3.87319727768496	0.649193547354332	1.38233779364874	-0.436145777391234	0.325782818793355	0.241640526771959	0.919941607623647	0.328079120879121	0.966556145061842
PF16321.8	4.22197307511245	4.61596364791807	3.79124224676302	0.728308597491261	1.5843435012197	-0.420411354945786	0.31845437149215	0.223332501071706	0.914724075601973	0.319075724275724	0.971330415233574
PF06619.14	-2.35189169822469	-1.42947271442196	-2.81608223681702	1.3079437922341	4.26184180329156	-0.271012723382697	0.368000005255151	0.467607161965936	0.876538145333868	0.464782817182817	0.87464207463376
PF03829.16	-1.19404240816143	-1.48935998045061	-1.04473980957427	-0.364502042770074	4.06964863887882	0.0808330951200553	0.461692206621819	0.681527092072038	0.986177039614673	0.650955444555445	0.945230909003721
PF13743.9	-2.23959157146681	-1.47612116724436	-2.74587591381219	1.28681984694594	4.20778585069434	-0.273728273033212	0.360426388010507	0.4650991460601	0.864408076907936	0.4690001998002	0.880833282588167
PF05389.15	2.72909893163842	2.84663713044337	2.63747090350952	0.0363343722351095	1.70466299112662	-0.0205130257272802	0.489333333728575	0.817012950552735	0.996612985925825	0.82118001998002	0.997822725199807
PF00381.22	5.01855144051845	5.31192598260235	4.52165145496343	0.682523583863444	1.46040011546156	-0.429311779251471	0.306666675085933	0.33290836714435	0.967817771351175	0.301377022977023	0.957381735126919
PF08860.13	-2.30424218197157	-1.42993505842003	-2.81084482080767	1.28862613933254	4.17899515441168	-0.270673993018034	0.357333339085605	0.454076555663994	0.866182449040706	0.44847032967033	0.870520111027593
PF06014.14	-2.40493324336398	-1.46139102254865	-2.921622797579	1.42795417228656	4.19718704526526	-0.304818140087594	0.356429053089343	0.455477564613677	0.88012664839904	0.457114485514485	0.873919649468615
PF01638.20	2.69246477582527	1.91527284213947	2.99878265113198	-1.03375784182603	1.43401726220207	0.658976264161898	0.205196552357659	0.126263448674037	0.829059018814406	0.094624975024975	0.48730351054717
PF00453.21	3.19711933870737	3.24061900531077	3.18195895595737	0.0542577297899784	1.08219222034503	-0.0402220989488071	0.474350433995858	0.765605979341478	0.994413535650865	0.756988211788212	0.988061010824991
PF01632.22	2.75932289356533	2.58047134973801	2.8329065452102	-0.126038171249166	1.38879240745058	0.0819952885521026	0.462666668057134	0.749590275984018	0.99698892345738	0.707034165834166	0.985339984556987
PF05198.19	2.82784845270213	2.39010267126547	3.05680679317972	-0.66513612829569	1.11602433056912	0.562076943686922	0.259826793693177	0.199877426099892	0.852224224767979	0.20565994005994	0.649483125713875
PF00707.25	2.84845064595199	2.4043106981132	3.07428112997912	-0.685886727287167	1.15143302751169	0.570860412541022	0.260666678165493	0.18752207421416	0.843571186020686	0.18985974025974	0.639046099429542
PF01230.26	0.993998395849579	0.642991720004431	1.11728007786519	-0.375508463999664	3.02942710704771	0.0967277691013088	0.443704199310853	0.632653174007104	0.997883704687984	0.659296303696304	0.979309484389605
PF12732.10	-0.501423117478322	-0.951070438353111	-0.33384372119401	-0.489883824823289	2.9507382396747	0.140604783010066	0.42238507955727	0.577573285424307	0.977999065516842	0.585048151848152	0.899198588429997
PF13616.9	0.241065211696511	0.415559649224729	0.181196520827052	0.501905894389265	3.95601742946495	-0.104386605550124	0.453697536704118	0.736595862560746	0.979535349769383	0.713198401598402	0.977965227836832
PF13514.9	-1.63525601867315	-0.947065339687097	-2.01359138228423	1.15164349799735	4.2786990701122	-0.231253612995494	0.386409065056362	0.500312213122696	0.904491742669579	0.512292507492507	0.910354231422646
PF06133.14	-0.249589845284044	0.165540472975744	-0.496879720452579	0.639435543142422	3.01817411169454	-0.172581261499713	0.412000003363445	0.610706014135539	0.945005853146614	0.599653146853147	0.94414585011397
PF00294.27	4.90203065659716	4.50533163630733	5.07097126540236	-0.768856168017903	1.18554632058358	0.620767880017441	0.239840119790646	0.105576492345434	0.871905893797064	0.117755044955045	0.625076376836302
PF00781.27	1.3457221856002	1.02681332655715	1.47586962276093	-0.567806589777386	2.17126887465955	0.203270118425615	0.393737512444108	0.427083627374397	0.981494144074979	0.516767632367632	0.891184174061335
PF19279.2	0.832620277032863	-0.0460891704646276	1.15102951682895	-1.1228386009937	2.48484038523452	0.352813367233901	0.296666675689746	0.273999428430433	0.929335390148877	0.276507092907093	0.712322830523431
PF07537.14	-1.74861503637093	-1.44811980114759	-1.96291683523501	0.516793131180416	4.41821328021079	-0.0981411302708796	0.444000002100421	0.641088245282503	0.949607003473116	0.672122677322677	0.957876260779976
PF01653.21	2.29397101162244	1.83678982267191	2.54938175203137	-0.648846221230489	1.57032768576412	0.355719283316168	0.331333340382384	0.341649622741354	0.957504285075837	0.338459140859141	0.828901244764041
PF03120.19	2.30194107738367	1.84968925265422	2.55088912973753	-0.680008956148058	1.56145571706819	0.376917537655847	0.328666673856588	0.327479988853284	0.958355831164918	0.329975624375624	0.816517770972432
PF03119.19	0.54172779389686	-0.0299770751672463	0.725658615082907	-0.822383409082176	2.73435079906799	0.247577150018733	0.370419725324506	0.3922480925273	0.973255624212351	0.43785014985015	0.876757898349285
PF12826.10	2.8549354443284	2.43161196222407	3.01575223074924	-0.527912429122736	1.36704735888394	0.32559380929959	0.352666672642312	0.383708782472848	0.979125615397707	0.389483316683317	0.880174207287794
PF00533.29	2.31695724900279	1.86314957731129	2.54532374155015	-0.601114881744766	1.53762708826839	0.34675156618563	0.333777488590993	0.344448156813711	0.964401882577805	0.348029170829171	0.83795408605347
PF11148.11	-2.39125741146647	-1.4174606582267	-2.99481292243183	1.50309362517006	4.23299299700026	-0.302444255358739	0.349766828226818	0.441620347845817	0.862535479090945	0.448067932067932	0.866347753555934
PF03176.18	2.54595349369603	-1.43030279404315	3.19817235527398	-4.71524867234171	2.56895790249016	1.72594812808069	0.00599676873973881	0.0102506694460757	0.358615477608788	0.000247752247752257	0.00857078468391992
PF13416.9	7.91894932118248	8.10468770071912	7.66303474142284	0.477226974307187	0.888181992817081	-0.528170850666356	0.267155240844119	0.182655554995103	0.921134572585946	0.157178021978022	0.853855493375027
PF13245.9	1.6927851031224	0.643901055131286	2.08526374983978	-1.48331012487351	2.07922335008934	0.624506844090083	0.201199217724494	0.132586087590481	0.832294925037244	0.096632967032967	0.451835242026186
PF04131.17	0.964466618374254	1.90268438982822	0.566779540261308	1.56793957468824	3.0150173775709	-0.446503582947592	0.275333343759333	0.28005506574603	0.826084771224844	0.265435364635365	0.812209703245838
PF03372.26	1.19461097469322	0.246828502918339	1.50853412279395	-1.21984635103733	2.54619703278899	0.392787506739284	0.277814800380107	0.234371156413445	0.930254300124701	0.25116963036963	0.697535397700216
PF00950.20	-1.69487225498124	-1.03506074072282	-2.02897953697423	1.03991570512535	4.18819441779334	-0.209946171922316	0.391738844974114	0.573678860161198	0.929203287126529	0.574538261738262	0.937942011250547
PF04138.17	-0.0566512858883339	-0.482448624743822	0.152313267271213	-0.626265283082901	3.38735966096438	0.136480836159129	0.42066666968082	0.597263218486245	0.985723984912522	0.57305014985015	0.923794516794882
PF02527.18	-0.192301710937184	-0.297480181635121	-0.127775846288317	-0.0762150380948636	3.39076489942281	0.0188828356178071	0.491333333654417	0.748939793732594	0.987119042734191	0.742076723276723	0.973597326052178
PF02674.19	0.143602118863897	0.202288879631405	0.123005011893996	0.188345837781204	3.01867377312823	-0.0469108609754907	0.462000001415584	0.714358626850866	0.975018763200479	0.715216383616384	0.973334233149255
PF03358.18	2.76102100360305	2.46270970467462	2.8678995284359	-0.396414978529414	1.39986610791841	0.252946279254081	0.37508328274276	0.474198794329162	0.984154610226109	0.464003196803197	0.900226684222913
PF03123.18	-0.0137947906892375	-0.0461217834296397	0.0174417004939924	-0.0134308286132088	3.47623608098486	0.00159046349052342	0.498000000074075	0.777144952198401	0.989126926124211	0.76098021978022	0.974285162027297
PF00874.23	2.13843049269952	2.96102676426561	1.69076212656664	0.996771085625682	2.06178646067122	-0.356839955923257	0.32711526375861	0.552408214683259	0.947696144406263	0.340565434565435	0.940380574789318
PF08244.15	2.70924637185743	1.36839148844472	3.26097243464308	-2.3022479929067	2.3668985532086	0.953985456501522	0.102666706601074	0.0428505237303715	0.645493964545099	0.0147892107892108	0.167655954117725
PF07685.17	1.44321307193621	1.90336888796614	1.06418733880755	0.70650615714327	1.84876751097822	-0.352790724839791	0.350433050712716	0.448386304556225	0.924064422558789	0.438261338661339	0.939471704995846
PF06115.14	-1.27730078033596	-0.890540054397704	-1.61770378046224	0.429886889355048	4.69601711056154	-0.0776728666315142	0.462666668057134	0.689977776872283	0.981550642988633	0.754372427572428	0.9914089121608
PF04914.15	-2.08138576694662	-1.35698294722688	-2.44758377261385	1.0900481999516	4.04921140341191	-0.232802644364357	0.374417060254251	0.495835710256562	0.89735907038862	0.493096103896104	0.891534005228644
PF03062.22	2.66173446091598	0.568570104828086	3.55453854927712	-3.06268431347171	2.25876873917069	1.24333278002952	0.0326668036018307	0.0243083028618942	0.516631571163634	0.00178461538461541	0.0513522568934915
PF01470.20	-1.82361566455282	-0.900136886879529	-2.36496393631842	1.38602471971125	4.1134956883762	-0.28617274935418	0.348000006202873	0.436220688334724	0.866726937284685	0.424793206793207	0.868736080676705
PF02322.18	-1.10126398110979	-0.87804379969214	-1.28428377025971	0.345550426154629	3.86024107650944	-0.0699995458755445	0.462358429115068	0.652087217679127	0.964154347120437	0.701062937062937	0.975669151856607
PF01040.21	-1.24670846937899	-0.93273907117203	-1.45226490441513	0.533952783662143	4.14731481033216	-0.11732385193887	0.439333335613819	0.634663569716904	0.957219441567371	0.670989410589411	0.967768037754948
PF03051.18	1.91821289525108	2.51756503650292	1.66712104726123	0.769257964278863	1.90799892210965	-0.289570495812161	0.352000006007865	0.652621290754783	0.955390659534018	0.438921878121878	0.938845053867082
PF00860.23	2.56137191268829	2.26311628714131	2.67961042958947	-0.854737209112592	1.92381179110146	0.369685819223567	0.32711526375861	0.250668191524073	0.967380500936887	0.284768431568432	0.848926614106835
PF01276.23	1.74255960652668	2.3155520004361	1.50570524959697	0.660955559838921	1.92536055259353	-0.278441974433942	0.349333339470879	0.600958640071209	0.936547989335432	0.422253746253746	0.918712746813143
PF03711.18	1.71854351395551	2.24837779800102	1.49913565491245	0.675433131172952	1.90454994881319	-0.27416130714437	0.349333339470879	0.64218971809549	0.94754506257549	0.455233966033966	0.931451489957248
PF00011.24	0.652364126133359	-0.752500382391272	1.33051463356377	-2.36788791931023	3.70986768189287	0.592979616435331	0.218000015316584	0.11416334621372	0.808888935001076	0.107750649350649	0.520089687217387
PF02096.23	2.89060252383641	2.91233850101858	2.87564262175983	-0.0778348819415333	1.09061619368084	0.0650149304516526	0.466666667906746	0.67151168811448	0.992781741750649	0.72682957042957	0.970588821752895
PF00825.21	0.504554800499694	0.294137794547887	0.663648444072794	0.0841200793962056	3.8482014104954	-0.0159891715201352	0.491333333654417	0.750954466685855	0.994708967625642	0.816637762237762	0.996212916057505
PF00468.20	1.4802344305458	1.24155179164091	1.60750830649667	-0.769240120537635	2.82005428354935	0.235603980568398	0.397734847385403	0.478436247777938	0.994251076490798	0.533169230769231	0.956858610020681
PF02255.19	0.314164593124779	1.02919675160997	-0.100444218294864	0.925416507955148	4.62016608927331	-0.174757785338977	0.405729517272928	0.565880802641664	0.974910035066393	0.633440959040959	0.993144510152123
PF00383.26	2.11654737251109	2.43727818048198	1.93631718324717	0.548247004048179	1.45628137006464	-0.319043963418434	0.341772158402536	0.374810650427112	0.891381907809678	0.406797602397602	0.898527359301846
PF00398.23	1.61569803455812	1.05475260468401	1.77306954926859	-0.754062116588533	2.39706910112331	0.237169632771443	0.381333337990732	0.349927506170342	0.986567807402713	0.432372427572428	0.901091283434425
PF06257.14	-0.183251236369904	-0.439398220131237	0.0106699222588835	-0.489747257700734	3.44140831191604	0.113979041100747	0.42438374703289	0.653942842541227	0.992545142702992	0.603823776223776	0.947927528461429
PF12804.10	2.24432442567555	2.23573813763656	2.25433125905606	-0.058281972203277	1.70984256384204	0.0234119143558026	0.486000000518925	0.700779898705784	0.997645063291075	0.768865134865135	0.984628347949029
PF03636.18	-0.56576799802876	3.12782194151618	-2.13742702362585	5.31173900325872	3.81695766182034	-1.2891758954909	0.0840000500603321	0.0245134027060396	0.294658157385159	0.0107356643356643	0.234110488674068
PF03632.18	-0.572881728959953	3.13827601208899	-2.07922649542512	5.25089516902679	3.71313990541791	-1.28368464350471	0.0780000543327781	0.0201849909713676	0.271282783503357	0.0102321678321678	0.228540451214699
PF03633.18	-0.605073250390114	3.12100218769792	-2.18720188234213	5.34556250043185	3.79865557701541	-1.29691488642317	0.0800000528380184	0.0228240067315821	0.281867610044027	0.0108739260739261	0.238478392252246
PF13419.9	4.90208273441103	6.24725244405498	4.62869484847399	1.4820767730186	0.883847025476853	-1.39290305573197	0.0853333825251375	0.0152378821090608	0.318980036726364	0.0162173826173826	0.280716551108323
PF19276.2	-2.158373084325	-1.53648107223907	-2.45323592287627	1.02164521220252	4.14273976826914	-0.207793461762156	0.38840773252513	0.542821835290627	0.913323714149538	0.538482717282717	0.920569774717214
PF05066.16	-1.47695998520553	-1.48106486410032	-1.47667269131455	0.145853222866197	3.97476269182758	-0.0300466800479942	0.485333333877011	0.714340577692258	0.97297540016946	0.750049150849151	0.971939256283967
PF00275.23	3.41103321956815	3.24587922382421	3.46185547776198	-0.228631022905837	0.918865198329403	0.208519654081494	0.391333337557549	0.471253568367964	0.979522394334005	0.506577422577423	0.904408473382914
PF03547.21	1.47515046359863	1.1591921703699	1.76779361185858	-0.840124812691258	3.62529986426852	0.202736670288984	0.382000004628139	0.544644720747274	0.997691795893998	0.469901698301698	0.955711377434176
PF01197.21	3.79149427964666	3.4142948908867	3.9626028350589	-0.845017844763358	1.88099206696084	0.4677323642588	0.274000010519555	0.141532494990857	0.917375663391793	0.1823004995005	0.718725949321995
PF01648.23	1.38471629259495	1.72897794417222	1.1082631926216	0.568894917255317	1.91055514860641	-0.222896210477432	0.376000004893566	0.433473241792865	0.936132109162842	0.515884515484515	0.938701944773629
PF01168.23	2.42610054024556	1.72416241030516	2.70999893287823	-1.04393832013245	1.63669934794737	0.525688629161325	0.219187223699967	0.138887590180129	0.880904738500497	0.12035964035964	0.558038226021979
PF00842.24	1.93598111909297	1.0439455080556	2.24133962873604	-1.14777081849673	1.70699498566408	0.579371444005497	0.233177895211057	0.168040400949194	0.857123710579917	0.164197802197802	0.561526111812781
PF04977.18	0.012370029224555	-0.932427871605239	0.430538227609592	-1.3729600703161	3.26876077221063	0.371245431412346	0.311125924204762	0.345976325469299	0.941333450357151	0.320078721278721	0.772041466433141
PF01430.22	0.523477826167468	0.316567460272493	0.622302988005044	-0.277935596116642	2.52830729607579	0.090220669243679	0.444666668741459	0.679053419942814	0.989992053033245	0.633607592407592	0.942113658832555
PF01207.20	1.61794512412392	1.12207384578644	1.79558906783496	-0.417541827330697	2.30905025647255	0.133285511444119	0.412000003363445	0.662028892606055	0.996668117352572	0.527967232767233	0.942026588627991
PF00164.28	5.14364090984909	4.83959478776471	5.2638334224136	-0.413197737676795	0.697035049392788	0.432970284856585	0.257161903826699	0.535385471454175	0.998510855994369	0.159313086913087	0.645288392499615
PF00177.24	5.22096140386904	5.2528252370869	5.21631322629016	0.127593248010266	1.03275792029634	-0.123032258713055	0.439333335613819	0.780781222902678	0.999698322112505	0.734626573426573	0.999367857456228
PF00338.25	3.63398920307923	3.14936375815122	3.81830801107394	-0.627988003609671	1.45142255475927	0.410528534637995	0.315333341253158	0.27702365505623	0.97245138827202	0.278904295704296	0.846021227504694
PF00297.25	4.7278921761753	4.77076436312803	4.697521501764	-0.0399687899770429	1.1053886107732	0.0404904373819845	0.477681546463399	0.754691448594673	0.999820385303635	0.771688711288711	0.997077873070008
PF00276.23	3.35201727420198	3.39597312535054	3.32473628287009	0.0631465729367306	1.43564882677038	-0.0406925018886399	0.477681546463399	0.842516255651915	0.999008772075407	0.813482917082917	0.998584700014187
PF00181.26	4.92785282037177	4.96824356764752	4.89736251089967	0.0325382733709354	0.804687174452606	-0.0387970248017739	0.481678881424736	0.753547710159479	0.995854328418408	0.805633966033966	0.996753882167607
PF03947.21	4.93197710249617	4.98055391780353	4.9017638530529	0.0469791653975751	0.796469990000054	-0.0536236303158369	0.472351766515455	0.75862368125787	0.995738983524192	0.811666733266733	0.996631829674063
PF00252.21	4.84353532443988	4.83771896485149	4.8468385188944	0.0480092406314085	1.01738150955741	-0.0343141631334825	0.480666667383788	0.804442188887955	0.999018783581152	0.807210789210789	0.998245190897054
PF00831.26	3.67651945362861	3.77278117883353	3.62837733830966	0.16418426329751	1.14796104708924	-0.10977684305534	0.437041974384842	0.501624144665494	0.987539870396477	0.703028171828172	0.988059039969376
PF00366.23	4.10094560843084	4.36080411156484	3.96104510055004	0.506153148641029	1.0246895330927	-0.427136142191096	0.290473027388758	0.170926149987515	0.801217065770948	0.257832967032967	0.84106784986953
PF00238.22	4.93298234125557	5.12522368824637	4.76785217530738	0.378866822471311	0.841167698241926	-0.418067750477832	0.300466364541095	0.219506865127622	0.834603469724362	0.306712087912088	0.875342370200861
PF17136.7	4.01218790337595	4.308184626443	3.87322545082441	0.444523838975566	1.26816382153608	-0.309971667194902	0.339107268463884	0.390093984264069	0.93629980811104	0.395004995004995	0.944127693844917
PF00281.22	5.08510851396309	5.55346307057944	4.91818657707277	0.651091592280601	0.840853359013111	-0.664536277460604	0.216666682124016	0.17364848086502	0.798914998094951	0.115554045954046	0.708133945666891
PF00673.24	5.08991576964627	5.55354645840512	4.91281536349772	0.642111953874884	0.83523024118202	-0.677759044209432	0.214523666565433	0.160099529069048	0.780986955954609	0.11295984015984	0.684187612772523
PF00410.22	4.49782681843159	4.51177324450696	4.4910427143592	0.0859620199894096	1.04223261121147	-0.0627042947227087	0.460666668132528	0.72795949582163	0.998186594342567	0.788020779220779	0.995018564894515
PF00333.23	4.99374227425192	5.00789445638259	4.9855619454118	0.0522541704718007	0.814425266021137	-0.0544051235215722	0.468666667831736	0.750957860609964	0.996096886351302	0.810637762237762	0.998229416488052
PF03719.18	4.99494111979602	5.01443633540649	4.9794781083745	0.0405645428952859	0.825320944953152	-0.0508517317111125	0.477333334174568	0.751509455527657	0.998203384400053	0.812214985014985	0.997312810063246
PF00327.23	2.46106709483132	2.42253658644501	2.49541392246067	-0.0659834447051342	1.53568491979486	0.0366191695109795	0.478666667458231	0.80788654350552	0.996034915279717	0.750983816183816	0.985157598593464
PF05532.15	-1.93605309720564	-1.41061708821157	-2.28461786392926	0.689108809098604	4.28573605345071	-0.122742692782262	0.424666669521598	0.582604005322271	0.931809219244398	0.604527072927073	0.949731676445354
PF00344.23	5.19570468974007	4.98391580896968	5.29795840174375	-0.389867971697873	1.41836568518589	0.27514308540752	0.385742842566878	0.484963765008434	1	0.467420579420579	0.992207170889956
PF00444.21	-0.566506897381233	-0.245521707054197	-0.700570475014679	0.405731245943611	3.08843559859226	-0.10159219701578	0.439333335613819	0.728003798383222	0.959305833452053	0.67066973026973	0.95650225124525
PF00416.25	4.42765960637956	4.47750901582882	4.39874118794072	0.186568529090382	0.91110773915557	-0.201749819128198	0.414666669921978	0.461906819156443	0.958288163435621	0.613274325674326	0.972053011630745
PF00572.21	3.96109556948745	4.05802854482253	3.92910459434955	0.0745183281364072	1.24390610191218	-0.0542298699346855	0.474350433995858	0.798524919238825	0.997986485412861	0.831531268731269	0.997657707418433
PF00380.22	3.14726520231956	2.97948420914781	3.21194147278636	-0.276884198975024	1.68126772833411	0.14061567493028	0.431045971953661	0.621918962120193	0.999566255839517	0.627651148851149	0.990399616731253
PF01965.27	2.44682817316296	2.8539581939272	2.2857408855999	0.605339407144858	1.57082530878064	-0.282302363347711	0.321785483900142	0.61356514250975	0.951084754775152	0.37675004995005	0.894793549642024
PF13671.9	1.19450297224863	-0.107483556280181	1.55076195628	-1.68758276623217	2.49702392510287	0.545356930959141	0.225333347902735	0.144306925420694	0.87363664922242	0.138650549450549	0.557662908545202
PF00749.24	4.50836925148463	4.59481365742261	4.46163194549113	0.189080632012455	0.828331724171984	-0.195795469694196	0.402666670413595	0.662008818257053	0.981787587431499	0.595804195804196	0.972606303138586
PF19269.2	3.16681896265151	3.11551780682418	3.18369856401331	-0.0396465775668569	1.10018216956098	0.0353280945262712	0.48500999389272	0.737841098061301	0.997490503054871	0.763902897102897	0.987623974023481
PF03946.17	4.71572746649937	4.24163337420603	4.93484207959118	-0.695582156604417	1.14509934649697	0.486940833595841	0.19920055041454	0.192266251903855	0.966919252346832	0.0730181818181818	0.453092216144509
PF00298.22	4.70876696596386	4.23997627710067	4.92698817289639	-0.662374001183093	1.14979294691199	0.461531942360441	0.207333349822154	0.191433787952594	0.961720259587231	0.0778293706293706	0.476099997902199
PF00466.23	4.66814914308454	4.78018869269836	4.48195420664263	0.266263147983151	1.27320861911947	-0.197245024859784	0.395333337387533	0.404463489745047	0.988965149690066	0.623747452547452	0.996942362084506
PF16320.8	5.0513001288688	5.32429577745115	4.92705817274953	0.390282244001649	1.15912831830607	-0.295718298992788	0.352666672642312	0.498952599191252	0.994854815020854	0.46082957042957	0.973538245790676
PF00542.22	5.07218034143221	5.33516679914687	4.93019700686271	0.377724841956566	1.17864502748039	-0.298564052212786	0.355096608116218	0.483552632447048	0.997459727920366	0.438301698301698	0.976102462767357
PF02575.19	0.262674492219086	0.236055760759805	0.269125765041493	0.101476485475657	2.90695302377859	-0.0286629435238049	0.48434377139911	0.755431890525669	0.984150846367169	0.77560999000999	0.978264661291034
PF02132.18	1.05851820927822	1.92613244703167	0.766526054796455	1.09777562204672	2.66423532082925	-0.323773185538333	0.332445043623722	0.563740821862176	0.936338251362464	0.400411188811189	0.911006452845253
PF13662.9	1.15659771550706	1.8832525362717	0.880958387488864	0.966107743896806	2.74538422138736	-0.266414349252955	0.345769493313153	0.603603928066175	0.961194972154565	0.463428171828172	0.939869506238398
PF06153.14	-1.42842520411753	-0.988140829429967	-1.80341223190422	0.595778090814025	4.30216303911823	-0.122474273359731	0.426382414508798	0.576345970149218	0.93774008567156	0.624462337662338	0.957307394964503
PF00814.28	2.44674506999668	2.9317072855941	2.27340526943237	0.631069183644796	1.09293909140625	-0.470556244469994	0.294000009189488	0.435305974825568	0.844905565049023	0.323761838161838	0.809719635396936
PF00709.24	2.52800119998331	1.95269131506234	2.76935888212447	-0.844991919870729	1.64911693291394	0.406417487590073	0.278666676862012	0.226553397199091	0.940821094196006	0.218145454545455	0.704553223360609
PF00166.24	3.40186679946047	3.10215513792896	3.63003235261343	-0.485608061387975	1.79771248212779	0.228913933100164	0.38974017750457	0.687827066189981	0.999567573636286	0.47306013986014	0.980450530253946
PF05496.15	2.00768012477461	1.32660024211141	2.31065164629669	-0.999561821501564	1.56140596583046	0.552945878770089	0.227848115569919	0.167905111077243	0.866111741829339	0.152051948051948	0.560426249531476
PF17864.4	1.32523255311626	0.0829604592847106	1.66842759117303	-1.47373655004954	2.48665068432294	0.525875754807349	0.227848115569919	0.147681993523562	0.886461831708711	0.147585214785215	0.56393550045445
PF05491.16	1.34249293899792	0.141815288120771	1.68712395800869	-1.46307489341166	2.45388259235497	0.520963442561069	0.226000014503648	0.152662673267965	0.87745431289797	0.144034765234765	0.552416885313861
PF06135.15	1.21840279500209	1.51451555703226	1.03660824183469	0.603188300962858	2.4744221844993	-0.215291467786134	0.401065959837764	0.521189398100144	0.964865774066457	0.577702697302697	0.972203502596439
PF06949.14	1.28198458985747	1.3901296555096	1.2110530483849	0.051527756792499	2.6535642873075	-0.0131887697887663	0.490339773841787	0.798306307997033	0.997499238226139	0.807805394605395	0.996164908220993
PF20297.1	2.43083643913461	2.37330774282686	2.44546565734266	-0.0928935548848946	1.27957489331056	0.0561884412527281	0.469333334473424	0.684591631366987	0.997077960666956	0.729423376623377	0.976357815349978
PF01177.25	1.59970717607152	0.875313295463165	1.82639474970278	-0.927517083498421	2.01241824964513	0.379402264566899	0.27248502060596	0.215340507596581	0.936247885482077	0.238983416583417	0.700106590865067
PF01725.19	1.50205845028811	1.49811593689865	1.50335535281564	0.0440715218623957	1.8642675449907	-0.0192309325697195	0.488666667086636	0.742271560785485	0.987080626658135	0.782340859140859	0.982728754521226
PF06103.14	-2.21261794550524	-1.502080454527	-2.64493351079669	1.04796919756103	4.33370842547104	-0.219322417570587	0.386000004453745	0.526087965307829	0.915059043214841	0.544794405594406	0.929798084378789
PF03009.20	2.33235816160356	2.13109565878026	2.42908491824606	-0.254410429812225	1.38188615903625	0.123868496913506	0.405333336969865	0.475143867610249	0.984193646349659	0.534700899100899	0.900941479502193
PF00438.23	3.22225300697335	3.10997176028631	3.25892228769155	-0.216750932714888	1.43017409951051	0.0985883520098777	0.438374419369845	0.480659175455502	0.999255868642116	0.655832167832168	0.982991803951171
PF02772.19	3.21252020931982	3.08433162449295	3.26114270199874	-0.189032271611237	1.42547630866974	0.0884550386329949	0.434377084415154	0.463799021997024	0.999120536154221	0.639286313686314	0.978097716977455
PF02773.19	3.20474372788244	3.12429378823061	3.23837697565416	-0.161088227651253	1.43052876408319	0.0769797720839523	0.456000001642348	0.489339897952915	0.99897005875656	0.672558241758242	0.982914072392762
PF03352.16	0.784429438478784	1.77801646290352	0.010551542156314	1.85647468503265	2.17733423564218	-0.769690620512013	0.163224539789113	0.068115182034327	0.526529841457013	0.0682033966033966	0.488701959258822
PF01569.24	1.10786807668848	0.255163644444694	1.4630389804823	-1.20581221624026	2.61561424364118	0.398052756060369	0.294000009189488	0.266415771673457	0.940857260894545	0.260037962037962	0.741958410225713
PF01895.22	4.38625795926586	3.72625066713731	4.6428622994038	-0.948839230183402	0.88603727575959	0.971589632202155	0.09060630843553	0.0521674811175925	0.675598674745903	0.0163316683316684	0.175593299345799
PF00210.27	0.59846030976966	-0.485919938863512	1.10903385343684	-1.45953075953693	3.09937007711244	0.408558541937603	0.279147245325478	0.310193759149081	0.941995826587108	0.22035044955045	0.711108743228733
PF09364.13	-0.546027326474166	0.373207909094198	-0.965722585171302	1.28003904957446	4.02875731987426	-0.273863532228551	0.360000005626285	0.464770234279362	0.926007055758599	0.45224975024975	0.932636255383153
PF03894.18	-0.708241127923638	0.38317389803129	-1.27891177683974	1.54107087340516	4.22189232284566	-0.301838322399793	0.340000006601966	0.415199629499266	0.889953117823919	0.391080919080919	0.900416332991188
PF09363.13	-0.791594368395087	0.367439695358217	-1.32532703559746	1.58384769530632	4.23717198302383	-0.334606188396063	0.333111266107309	0.399530637619826	0.901202573280332	0.378491508491508	0.91012654856204
PF00258.28	3.04780277123578	2.83103196547207	3.13181337912672	-0.351594025513569	1.74798263837504	0.188288603317662	0.415056632149291	0.516679548157735	0.995848886606924	0.576598201798202	0.97254996847574
PF09168.13	-2.23376054538442	-1.46972724999473	-2.69687978670915	1.34364325025866	4.13435515016868	-0.276487596348645	0.362666672168125	0.475835054897878	0.886403607723771	0.490620579420579	0.891855647680844
PF01250.20	4.09564890830778	4.62812604406447	3.87200253842127	0.747229280467595	0.971324301528218	-0.722553004248793	0.203333350290745	0.104551498711239	0.625347782471488	0.109694305694306	0.634954810878708
PF10035.12	2.42090210281458	2.20900325378599	2.54642617435472	-0.275380578892658	1.52600661050428	0.174806151205298	0.418666669760886	0.565375469754748	0.994644745848005	0.570025574425574	0.959725059843366
PF00829.24	3.64209573742591	3.04408594946232	4.05366904591925	-1.02805519632416	1.61948404495922	0.525811871106705	0.201333350531476	0.140769507400646	0.900779235128019	0.0669130869130869	0.455588561620738
PF01016.22	4.62150364328397	4.7314150211028	4.53775662764001	0.141773109645856	1.41883627641093	-0.0769528723339489	0.455696204183309	0.740461918888401	1	0.797837762237762	1
PF02463.22	4.06231498739167	4.08877729330928	4.0491445448844	0.0332002153298872	0.760469334925151	-0.0371995362817722	0.481333334025656	0.78844931462869	0.990095463176655	0.774113886113886	0.985274811339804
PF01192.25	1.30815202412518	1.61453210594382	1.15144231832613	0.472822316708513	1.83698553894126	-0.204963618597006	0.385076620077449	0.6518450608501	0.943696131308857	0.55668011988012	0.939945399685852
PF00830.22	2.90756515317784	3.02097663639306	2.83459952053269	0.0290470313868392	2.19982473402178	-0.0146635212637005	0.495333333506188	0.822923433994831	0.999958659348198	0.837323476523476	0.99752412458404
PF13684.9	3.52759096751442	4.10102146666507	3.17257436015514	0.856403710158602	1.21528047513901	-0.608180776513101	0.244503677013663	0.177858011567001	0.79736771151201	0.138696503496503	0.743885430242259
PF06470.16	2.9288323007664	2.85415604753826	2.94803190068096	-0.0903108168832922	1.29122767433312	0.0612002908394342	0.473333334323805	0.770715299855077	0.994473489167487	0.724124675324675	0.981156576838421
PF04297.17	0.633745134232514	0.0357875027108081	0.852350205305755	-0.79110549257835	2.53673584770864	0.255848236972284	0.359093943036492	0.394379556288078	0.968796730536478	0.443626773226773	0.838606105966275
PF00886.22	4.28169848798337	3.95838185465167	4.40332476869176	-0.462045476561508	1.42865725983653	0.291396983858102	0.32844770872428	0.326829319482654	0.992476861501968	0.336485514485514	0.886111544698345
PF10502.12	1.83967391475872	1.47580313242905	2.04051492614844	-0.519674338769931	1.57714434469393	0.260841475610774	0.347101938284043	0.371290775306985	0.965986311333694	0.394511488511488	0.822553983153752
PF01726.19	0.879705697940785	1.6677038829308	0.455423418865682	1.15751503128649	2.76528529049171	-0.316999585060614	0.31978681645501	0.377673679799445	0.908504897555739	0.347709090909091	0.900551096082505
PF00717.26	1.60206438111112	1.69667970252744	1.56271667490483	0.167052197706385	2.4573051319795	-0.0441971545771438	0.468666667831736	0.760433065386317	0.99461004507075	0.756639360639361	0.993554717311468
PF03672.16	-1.77982944222333	-1.41989829282714	-2.03556928681953	0.707971418913385	4.16978494813893	-0.135861940519809	0.426382414508798	0.615635253026456	0.940546683370834	0.623193206793207	0.945059502520567
PF13641.9	0.725940619373369	-1.45486361970867	1.51926887553625	-2.81596236482353	2.92486117437074	0.873138606828392	0.131333363254707	0.0676358943572668	0.691493377302321	0.0386889110889111	0.263035412660477
PF01255.22	1.50726342598817	1.60539363308474	1.45025306162096	0.176805185671882	1.44736608511808	-0.104108060578266	0.449700201746251	0.667712664142126	0.95425924743445	0.664097902097902	0.958820991194944
PF01148.23	1.44384581366347	0.887202279926206	1.76991413436474	-0.763635588414214	2.19176990633358	0.267909817325209	0.347101938284043	0.459263636342558	0.967288332565708	0.373210789210789	0.830645827843915
PF02576.20	0.741922064671332	0.341599698359342	0.884052206830906	-0.582769705621007	2.15325497874412	0.211101515356522	0.392000004195757	0.452942901103817	0.972678686179622	0.505949250749251	0.879122773346905
PF17384.5	0.496357027459823	0.304704425131875	0.565241288844549	-0.210574401195189	2.24181794649337	0.0775707387348086	0.459027316648982	0.590734808052089	0.982178357802421	0.640222577422577	0.932355602750002
PF08529.14	3.0042894135273	3.18350623060498	2.89600801891645	0.332180373330885	1.06061402446089	-0.293663788983598	0.356429053089343	0.413355296514022	0.883300912819918	0.472621378621379	0.899484208867706
PF13184.9	3.01249253220837	3.20323854762676	2.89094153255744	0.37734186206365	1.07450050949179	-0.312144297759335	0.343104603372395	0.386302722849046	0.886113034404406	0.452426373626374	0.903237938794025
PF02033.21	0.874023014872284	0.571919568777354	1.01020290787454	-0.402244446775277	2.50619076492321	0.131753324746912	0.423333336241206	0.546693632363669	0.993881129363838	0.602116283716284	0.946018524578326
PF00436.28	3.86473107751949	3.86448167270604	3.86489790809162	-0.0346764314955594	0.862303569888116	0.0383910546288841	0.482666667309414	0.761928874282101	0.99362983817079	0.759814185814186	0.981395765454399
PF12917.10	-1.1364086100898	-1.55154288915411	-0.974680063607764	-0.40268750486768	3.62373814103089	0.102185672715781	0.452000001794314	0.639298128365179	0.983550464232647	0.63598961038961	0.916688662334386
PF01628.24	1.95576357775685	0.974609450061099	2.47912425888259	-1.84646399485998	2.76136737766754	0.604172245354823	0.226515670662955	0.113898073440699	0.847131713632171	0.104621778221778	0.540781062983208
PF06421.15	2.80951977479391	2.24647485662388	3.04172656412977	-0.810462229782874	1.46254827099085	0.46423490509879	0.259160571226217	0.193986706017877	0.927410603482934	0.170921078921079	0.627701996710217
PF04343.16	-2.20103092219765	-1.44492304540904	-2.62792102635012	1.25500298200977	4.29357769761924	-0.252896829018391	0.37866667144168	0.5078370065232	0.901228787206803	0.522016383616384	0.911310219697914
PF00365.23	5.64915180871028	5.74804772134206	5.60194064588832	0.0718898255602154	0.895156417914629	-0.0833171979981565	0.4633333346987	0.762076098205098	0.999348758181655	0.790163436563437	0.997833215511716
PF14714.9	2.35866255620535	2.12799603466443	2.46355357126325	-0.454741128851812	1.67498927539858	0.178149213266831	0.37508328274276	0.316010215211418	0.987250974109565	0.464185414585415	0.880501908192219
PF13174.9	3.32039674205364	3.35005427514298	3.30072733194262	0.0426545448345923	1.90920052180602	-0.0166077135589604	0.490000000370519	0.850790049761282	0.999846175354872	0.856011188811189	0.999752409197945
PF03572.21	3.53034843177813	3.42003980111728	3.57425791695273	-0.366661213840202	1.57726085498868	0.160347339229958	0.405729517272928	0.39064906391367	0.999035435646812	0.54154965034965	0.972485402170906
PF01471.21	1.86161679647622	0.306476118482268	2.2208701985659	-1.49010527258183	3.61918874136749	0.372160200881256	0.293804139769162	0.289728586038672	0.967883117515603	0.215052547452547	0.755778010666617
PF02481.18	0.100363617132033	-0.921622387994587	0.476197751572954	-1.380400829409	2.6634873261196	0.446450166154327	0.283333343213252	0.256416717050292	0.901686910336655	0.264813186813187	0.677391490634503
PF01084.23	3.67576713389403	3.20091991227729	3.84332983014293	-0.615862977949942	1.50572234583795	0.367845452410128	0.329780153690359	0.349241416970005	0.992779271442091	0.314699300699301	0.908854624668338
PF13396.9	2.39185062026576	2.79445072562578	2.19371714623651	0.693360167903923	1.30456418573782	-0.48205124200539	0.271152575664316	0.23865892098522	0.791655111907049	0.254087912087912	0.787582835918763
PF13091.9	3.78352620665932	4.07290873166341	3.59889002180505	0.613505383030538	0.952251147945444	-0.611645208435278	0.228000014308458	0.0959912008847269	0.62069606874647	0.157516883116883	0.669620940152659
PF02899.20	3.54766638610699	2.16598709425604	4.16507476359447	-2.14906898932243	1.70988363452419	1.16157907075822	0.052631661912321	0.027147313483272	0.528016462704903	0.00263656343656347	0.0671790055978927
PF00227.29	-1.529993311885	-1.45364845583734	-1.56866420291293	0.234714326991356	4.04724711215198	-0.0498259507834265	0.471685544022008	0.699380694669299	0.962268791972208	0.703964835164835	0.9648221703736
PF05525.16	-0.903399152076427	-0.956395892199459	-0.878870672600531	-0.119983771696234	4.15021190512729	0.0277506988841442	0.486000000518925	0.745731521446896	0.98992007217477	0.72344975024975	0.972029783527342
PF00160.24	1.56914862013336	0.437326372059269	2.04296494620273	-1.43752649783754	2.9144566898809	0.430497620929776	0.268000010950104	0.231048366304079	0.945121170726242	0.204262537462537	0.724393026147214
PF02386.19	2.77556729975253	2.31998143572145	2.93830542680841	-0.630841505544177	1.77889546244961	0.282878211698624	0.333777488590993	0.310381826698051	0.983982688420346	0.342141858141858	0.854218934412338
PF00082.25	4.17641558849852	4.535635563301	4.09656452352804	0.474245302758137	1.41992245706332	-0.190219912964481	0.350000006105005	0.839925747484652	0.999656651541453	0.429273126873127	0.975657241087654
PF06280.15	-1.46259965860062	1.32109252207203	-2.79080273679756	4.03195926778023	3.70274754187053	-1.01092733650382	0.119920086598846	0.0605408073930724	0.410423936243853	0.0393878121878122	0.363207317122878
PF09136.13	-2.06609997524911	-0.908699526957733	-2.7464576982137	1.83673152897758	4.18846782440236	-0.377068794176316	0.31666667451148	0.389596718210419	0.832808214109651	0.380606193806194	0.848274448413012
PF00988.25	1.33564797489419	0.0962335015928231	1.90768848430644	-1.73354158200468	2.39235263628082	0.622734304331659	0.20200001711741	0.126382672979009	0.828329151839613	0.0917566433566434	0.458514131154799
PF03441.17	-2.34869909452319	-1.42498144279926	-2.83161887246622	1.43838986086855	4.26603686826226	-0.277934967547791	0.350433050712716	0.471258236991625	0.865189812900706	0.455634765234765	0.86721104518131
PF00395.23	5.26981763170589	3.92875854195568	5.89875234996576	-2.06124599998824	2.57222536277497	0.773089933111106	0.151232536783492	0.0696024262263337	0.791042491333522	0.0220667332667333	0.276839643774521
PF05345.15	-2.02235264867312	-1.46928676141052	-2.38148205866428	0.912753348327936	4.54991873413455	-0.169480239143901	0.413057964675142	0.601976243575921	0.937388705350551	0.611814185814186	0.948959990536293
PF02634.18	-2.36799641876818	-1.4946972923489	-2.86338369294595	1.37283885309674	4.22049297757967	-0.281694023721475	0.349100605741001	0.46651860454798	0.86886542882692	0.448504295704296	0.85912017751611
PF12627.10	1.25041156225857	2.11597495847962	0.788274184921969	1.31047569400929	1.56020521397087	-0.785731776160048	0.185333352630487	0.116395003521523	0.56732539957933	0.0997594405594406	0.538283413205155
PF12146.11	3.62655365516922	3.0170255261059	3.85820783872393	-0.824595455417958	0.939006469688749	0.802862633265809	0.17800002037699	0.0868096044795368	0.733740905973238	0.0703752247752248	0.39291162273875
PF13086.9	1.30469499767561	-0.0186354532599102	1.7272512359174	-1.71249449065487	2.14022213875702	0.686409018660902	0.183333352916913	0.111175793316451	0.800225480720168	0.0856723276723277	0.401424821554247
PF13087.9	1.30584279851892	-0.0727930196233162	1.74548815346332	-1.75176855739958	2.26154860547561	0.678362837880186	0.181878767270915	0.110600541899681	0.803419099293423	0.0861038961038961	0.404053660031999
PF01593.27	0.683054494539911	1.51634541364484	0.379330813715348	1.26107657492643	3.22294118098845	-0.308358481186053	0.320000007659312	0.463593835544316	0.908914680615883	0.3719000999001	0.877485622076283
PF00355.29	-0.844671366736478	-0.979433178824173	-0.773061316326436	-0.067316589493954	3.87968873471875	0.0115906600486031	0.493670886310086	0.755978090741502	0.985399061044468	0.760167832167832	0.97288241804037
PF00848.22	-2.3650438767327	-1.00190218875524	-3.12406875318444	2.02516192638183	4.25909889753204	-0.439844034153926	0.284000009835547	0.315131892756741	0.768436368828833	0.296486713286713	0.764076164546028
PF02867.18	1.21580337728834	0.682159522692	1.44581467523261	-0.866855699830213	2.53737495325344	0.269084797562228	0.349766828226818	0.338153853105374	0.97201194980764	0.394408791208791	0.857575032429738
PF03401.17	-0.150594568121292	-1.06233054126499	0.235849897400389	-1.51250259596408	3.29109793607421	0.414702317512005	0.30000000881834	0.288500333996212	0.905998858763322	0.310868731268731	0.737817943223737
PF00669.23	9.49279492848356	9.87029447298517	9.27648291294132	0.21471994038846	1.35408280761829	-0.142072108922741	0.436000002409853	0.689555625209664	1	0.690436763236763	1
PF00700.24	9.44687842373158	9.81647761161789	9.15453815144771	0.261611339294952	1.38621902849154	-0.187069758511782	0.413057964675142	0.694676762601454	1	0.620317282717283	1
PF00682.22	6.12799479712433	6.32442567082881	6.02617642027973	0.470857606456786	0.721798510538765	-0.588757364482168	0.240666679806384	0.0870837496253461	0.662618594032042	0.154719280719281	0.728725341972318
PF02436.21	5.79588638599806	6.29805330733008	5.59655602850563	0.803432349630039	0.683365482293778	-1.00669295714003	0.0946036413669069	0.0188341491507214	0.345747615439002	0.0200775224775225	0.296986921239533
PF01973.21	-1.79723006696202	-0.230736943939645	-2.44704323436336	2.57539169273953	4.29230316016566	-0.53025055280296	0.270486353193786	0.264177537436879	0.771595378276085	0.262666533466533	0.756865787870031
PF02784.19	2.42903915977449	2.29921211102599	2.49059958571931	-0.159964560274637	1.42822941067159	0.0997497413069276	0.443037976818143	0.629001888064137	0.99537102060229	0.633453346653347	0.961799366918718
PF00278.25	2.41728794294557	2.13816209809128	2.51478300148849	-0.368956875726325	1.58697225955523	0.167172026915503	0.397333337303178	0.415234900294319	0.99086260851562	0.504362837162837	0.919758240564376
PF05378.16	-1.71603189174367	-0.910604814100106	-2.1411752407226	1.20693255483275	3.99430243591792	-0.26394104041538	0.363333338803763	0.492469279007692	0.90598419502271	0.488412787212787	0.912683362290554
PF01968.21	-1.64248004776876	-0.855850095239205	-2.09274952711907	1.28431065713531	3.99182758235523	-0.281755662828069	0.36175883298481	0.473030519563842	0.88208742541822	0.478752047952048	0.888225113639287
PF03703.17	-0.690157596028261	0.0410554424242369	-1.04164706870011	1.10403580441112	3.33511083716661	-0.264860472023567	0.351333339373498	0.491908622885086	0.88739455100223	0.442185414585415	0.872792609836109
PF13519.9	1.13866120580416	-0.514112622208672	2.23342102161434	-2.5677351007387	3.35731075019144	0.663964000032718	0.182666686347033	0.144477487925377	0.819290297127494	0.0567464535464536	0.40180270411042
PF13585.9	-1.17226679621024	-0.89288984113119	-1.41432438441728	0.362801439321197	4.32997251023707	-0.0735796627429967	0.462666668057134	0.668176727683231	0.973871520742726	0.728567432567433	0.987092770304487
PF11638.11	1.93002579613998	1.43940128618214	2.20477511363887	-0.859162057755981	2.16846155841481	0.315090518439299	0.322666674179608	0.296584559307092	0.973245488850615	0.3202001998002	0.836938130673619
PF20434.1	1.35296506795449	-0.496689050749551	2.16906755808887	-2.50878735934936	2.84742183740383	0.799444745716155	0.137333361677552	0.0690196686320135	0.719536944303575	0.0343488511488512	0.269773704011546
PF19890.2	0.525228762861455	0.573615761395273	0.509050318020875	0.0601665786959851	2.75205552638467	-0.0167866418303197	0.492338441322757	0.76804451627564	0.989619571103229	0.781196403596404	0.98323306830158
PF08543.15	1.66776981927986	0.575657654390352	2.10159860577411	-1.55445019073601	2.28849241885578	0.604506043823445	0.21319122167346	0.129915880539748	0.838267854036459	0.113024575424575	0.506729521718668
PF02581.20	-0.297553765964079	-0.039186728325161	-0.495947605677663	0.457165477207097	3.73196099822689	-0.0991460017115887	0.434377084415154	0.641557024783569	0.965284044092083	0.661838161838162	0.975394242677814
PF16338.8	2.56067181239071	2.44670020334243	2.58330777720859	-0.120501390796737	2.49471267320505	0.0328733666860069	0.482666667309414	0.530602486754991	0.999666208248566	0.777868131868132	0.998770546317704
PF13802.9	2.60003658498517	1.46635651547451	3.15382469141089	-1.6554182604067	1.63425247204154	0.928784303567376	0.118000033985092	0.0618922100475552	0.672913688428352	0.0253854145854146	0.221396506220201
PF01055.29	5.13434052912912	5.81980462231516	4.9180177255857	0.797193363396036	1.31252118820577	-0.509421369423473	0.271818798135041	0.339786153102306	0.95915669843135	0.204094305694306	0.893638196746544
PF17137.7	2.91977994808762	2.79170994420319	2.98053398504591	-0.112751225804331	2.03030123672548	0.0502058078667448	0.482000000667532	0.664223336087844	0.999675496866383	0.787504895104895	0.999248108940951
PF02872.21	2.05755728974872	1.58707043999287	2.22151725071291	-0.703055865243917	2.2800411754048	0.249279316575229	0.367088612884815	0.373807845701326	0.993012698871544	0.420817182817183	0.92192528089831
PF13476.9	2.67843774167629	2.63560493531066	2.72027797674537	-0.0335024255772218	1.61705885062198	0.0217903109243791	0.489673551348137	0.798334621815237	0.999398522618473	0.778740459540459	0.990651259820073
PF13558.9	2.92407495889072	3.25873082042997	2.71608376659684	0.586251874331219	1.45700765932048	-0.374552336092353	0.332000007014083	0.350706229538007	0.898614754911372	0.392595404595405	0.912940538741037
PF01773.23	-2.211477680754	-1.06280190826925	-2.82566010197609	1.89421083839607	4.262408389643	-0.394478307571981	0.319333341029517	0.373162208500468	0.829228327310159	0.367548851148851	0.827115744847007
PF07662.16	-2.10400356502324	-1.01599677090877	-2.64969147107212	1.83462038196306	4.19692612776085	-0.366648680243567	0.311792146684833	0.382997429304922	0.822237152703371	0.380781218781219	0.822959729378453
PF02574.19	2.38514843526205	2.4102874502864	2.37004049889893	0.144638917799136	1.55566936697615	-0.0773411077357126	0.455333335000962	0.686055435328772	0.989868942484624	0.742941458541459	0.990329662489952
PF02737.21	5.87354429231438	5.92831071062824	5.82552879059687	0.308608559177467	1.13288599447471	-0.255702839808772	0.398401069875784	0.385954509889467	0.99279909582332	0.562471528471528	0.998678264071412
PF00725.25	5.88381054884114	5.94127008840187	5.83934007806365	0.29123450887549	1.09763135206398	-0.246428391708157	0.402666670413595	0.368201772349753	0.990999337687112	0.555327472527472	0.997421138464339
PF00370.24	5.50250562796897	6.02655710302998	5.18464518268793	0.913277429884712	0.804435312305348	-1.12853011877942	0.0820000514155932	0.0132504983537818	0.291193220836898	0.0118849150849151	0.257812011220794
PF02782.19	5.50338325759949	6.02191517998446	5.18800342287102	0.891550173508723	0.808513670959262	-1.06943977905312	0.0840000500603321	0.0134928910444373	0.294185694628707	0.0113062937062937	0.256137724020986
PF13192.9	-1.03389174498152	-0.00494578316218597	-1.54088665446322	1.64241976572945	3.63123984884793	-0.393348133125898	0.297333342315177	0.359615153358547	0.82059154137857	0.319843756243756	0.816542838011035
PF10417.12	-0.629851240506637	-0.500682151936569	-0.710236963703359	0.330392514259894	3.63288789480718	-0.0741135310447892	0.451698869225096	0.658909113916966	0.970671661679333	0.70366033966034	0.976456801148522
PF02449.18	2.41585609365529	2.28178318809209	2.45325790593407	-0.306886281770182	2.71994576012389	0.0914948914038028	0.463024651608331	0.617063740496202	1	0.744228571428571	0.998490752023113
PF08532.13	2.47258666707873	2.3085406426577	2.52925098020196	-0.291487236472673	2.64142697421048	0.101023451475939	0.457333334925171	0.613246078514871	0.999889441115378	0.713153646353646	0.996232925340278
PF08533.13	1.77973002799381	2.24888836143165	1.59966403827907	0.399433906851505	2.83617898221962	-0.120043839727202	0.445036644296342	0.801007914734671	0.996670315717273	0.751592807192807	0.998448102637544
PF17762.4	1.73836208628282	1.64233241044962	1.77492062638629	-0.0986265425910613	1.44714411665018	0.0639362510631953	0.471019321528573	0.669055705738637	0.983239983520088	0.663588011988012	0.929004019586328
PF01676.21	4.92403566077649	5.04497044660868	4.87159745429852	0.0775142262266284	0.962536219460059	-0.0756083441788608	0.46369087410161	0.844444932443964	0.999808978676983	0.785418181818182	0.999586047094201
PF02885.20	0.939952899534828	1.1470067332167	0.837459907483053	0.275825216506063	2.08741337483238	-0.124089023390584	0.440666668895584	0.690675642098414	0.962741052309507	0.660168231768232	0.963223731000432
PF00591.24	0.920426865748614	1.12936875065559	0.80466109765928	0.310474052254944	2.06680107174463	-0.129941504601572	0.430000002644423	0.666067350769982	0.962480425102475	0.636861938061938	0.96224974506933
PF07831.16	0.582766764475164	1.07365924507262	0.304833686838309	0.856314028327771	2.27546416256103	-0.306710303419262	0.337108601010849	0.434164965878285	0.881380821190575	0.417165634365634	0.870337343922346
PF01782.21	0.512724225820065	0.239885511177715	0.622088671471419	-0.4730246699188	2.59948787542945	0.157468136639198	0.415722854640748	0.506676648670808	0.985966116481101	0.572103496503496	0.928743805392076
PF05239.19	0.709517037412271	-0.0428921360449186	0.952194890925704	-1.05614971869308	2.47977704250803	0.336557105924731	0.316000007882261	0.300461184150673	0.941050685064711	0.330606993006993	0.763506642552854
PF13083.9	3.31590878698974	3.65170311944967	3.08363981408753	0.445729513273606	1.40004002257118	-0.289737699705659	0.356000005815711	0.47366912772484	0.952059890067873	0.44607952047952	0.958822484782878
PF01715.20	0.837525941040535	0.925183309199405	0.798923768383474	0.206740264766038	1.98823778735316	-0.0849078796934825	0.460666668132528	0.654126633523659	0.975267018799013	0.711057742257742	0.972452562565272
PF01812.23	0.38503164479228	0.539585442074292	0.307085967164344	0.339004565872548	3.5999412591285	-0.0802888113280755	0.451333335153042	0.720496184743278	0.988643033640092	0.727946453546453	0.989224371213528
PF00485.21	2.79334172443465	1.81336772108565	3.10980130913592	-1.26961385778463	1.40376204837519	0.813610198048801	0.145236535418953	0.0911706796576135	0.766278567804658	0.0529182817182817	0.322972194798044
PF05437.15	-2.1181853965923	-1.49485777277304	-2.50471721433333	0.946645999430918	4.0574922728115	-0.193874047902042	0.393071289954061	0.529441679000831	0.911390648708149	0.531516083916084	0.913322908789615
PF01783.26	2.97461032643084	3.20367399779484	2.73228561944461	0.234372861625391	1.70784852612901	-0.132758663276652	0.450366424239179	0.783336456891653	0.997474840778172	0.763558441558442	0.998972134651649
PF02620.20	3.96924359375866	4.34086561212527	3.68523226578305	0.524077466040358	1.56758187106657	-0.310264241866684	0.369087280348433	0.426651322130677	0.981883372098113	0.460970629370629	0.987453409543451
PF01149.27	-2.25861787429397	-1.38926139282643	-2.77117771218612	1.21317619016987	4.46858073772002	-0.22912633813336	0.386409065056362	0.509891980886644	0.912153104737092	0.524706893106893	0.923711363772098
PF06831.17	-2.05818538137458	-1.38482497269795	-2.48435574568066	0.858128118273795	4.45075593754366	-0.166576841020534	0.417721522115336	0.573898711947647	0.930697505773209	0.588505494505494	0.950136339081538
PF00085.23	2.92327020440062	3.55214838475461	2.17714702165058	1.12456746154314	2.24759688814714	-0.417132251193565	0.35666667245062	0.303987800314894	0.965180648172718	0.435866133866134	0.998769865463564
PF03413.22	2.32710832732181	2.3207852583321	2.33383294257731	-0.0479114688252791	2.09934154853068	0.0216566104582869	0.490339773841787	0.695108615827578	0.99909014010906	0.75304015984016	0.993841371787551
PF00809.25	3.22962636177453	2.98692415732859	3.32308489443548	-0.313417491159083	1.10238489998469	0.258021344594951	0.376666671530504	0.463837749599597	0.982114422278648	0.459011788211788	0.893430546938518
PF04266.17	-1.19934458555292	-1.41150488440393	-1.0599977444738	-0.328818911236917	4.0695528517017	0.0746107167988976	0.462358429115068	0.693621404945096	0.982225236233418	0.668949050949051	0.936940553737345
PF01475.22	2.14908213164506	2.71583711203707	1.68326767024719	1.00446535556458	1.51362594946564	-0.592588156325032	0.248501011786862	0.136369173700614	0.67981195276624	0.169921678321678	0.724550422133578
PF02353.23	-1.57752616269605	-1.46428633449927	-1.61731221223289	0.30858432537034	3.94258987153179	-0.0725745514684458	0.462666668057134	0.695052165965016	0.95860170307677	0.70760959040959	0.963226204058689
PF01268.22	4.21358202757852	4.02819553822189	4.30585692025206	-0.203399090819458	1.33420506799893	0.145402094797644	0.433044639430472	0.604196362884945	0.99918391753736	0.617306293706294	0.982520983379554
PF02222.25	-0.773239306171455	-0.967250822351605	-0.64780958081567	-0.258554833979015	3.59002864823457	0.0600645017087569	0.466355764074866	0.718881047517806	0.990032760410693	0.686131068931069	0.952650162912438
PF17769.4	-2.26332265849616	-1.38126322224433	-2.78040115227762	1.437383047018	4.21120806450707	-0.290058771677285	0.342666673134211	0.455591973581317	0.868203761477174	0.452003996003996	0.872027436265389
PF02350.22	1.39446110094355	0.188078623774943	1.85052482904591	-1.56518512858486	2.97981468429183	0.453390688231592	0.254497013963923	0.279180526787304	0.947237789666366	0.155216383616384	0.62802386325816
PF04262.17	-2.15905235979171	-0.962963555529956	-2.8302577343289	2.00222343594954	4.36546679724547	-0.377020438933847	0.310000008224679	0.36521037735136	0.815319682425924	0.353620779220779	0.816776529824964
PF00909.24	2.16453522995685	-0.0119608945841039	3.41705103953745	-3.59399604297389	3.27122736908705	1.07265782314616	0.074616979018176	0.0181272126840705	0.457756295145902	0.00569030969030972	0.109939722402488
PF01416.23	1.86948011414543	1.43021810119935	1.95259333735563	-0.631347513264044	2.73589660761948	0.198853769851584	0.391738844974114	0.364856463957783	0.995260125974768	0.521499300699301	0.96575771548672
PF01808.21	2.5941332779529	2.5242916337526	2.63787095839069	-0.0788718879443913	1.19248526285448	0.0576100496541812	0.47035309903515	0.697628941690576	0.995636955750626	0.693263936063936	0.971965745108133
PF03976.17	2.09411507953438	2.81336651686975	1.82050361536878	0.924658231755332	2.55585780979032	-0.313968073528524	0.338000006703729	0.5259981608703	0.952315560147358	0.390298501498501	0.95234436728669
PF00203.24	4.19245562606932	4.0687447622617	4.24656991521925	-0.194188494055488	0.967609335316623	0.189928479958386	0.407061962254786	0.643371573814325	0.996527846439622	0.564854745254745	0.952654199043374
PF06750.16	1.7339879975319	-0.96933023143108	3.44145092998404	-4.16483217921514	3.3181351274127	1.1690011449074	0.0746667236672528	0.0180858277217704	0.453146745986553	0.00495824175824179	0.102075581215016
PF05848.14	-1.82610213107003	-1.51500436882356	-2.01353411497701	0.562672446693696	4.14554409768461	-0.123386552373517	0.443704199310853	0.633290291064149	0.948269908186608	0.651524475524475	0.953709405509907
PF17727.4	-1.88180622684218	-1.54361768109073	-2.0526416349564	0.512802309254232	4.38482995509891	-0.105611718999546	0.438666668972974	0.629689807595805	0.944286309611619	0.654549050949051	0.94891669587526
PF00313.25	5.27223630527177	5.62125183237324	4.96486384042264	0.770917293361702	1.7079369438374	-0.384545184122864	0.311792146684833	0.433794534812734	0.999993720401376	0.304065534465534	0.983655348322082
PF00939.22	-2.1767856696111	-0.964097747109337	-2.83713002097337	1.89365887779793	4.05405442688769	-0.395015017681409	0.305129921889803	0.371230360763558	0.802552896599439	0.357633966033966	0.805575051879469
PF07929.14	0.757008915564951	-0.0772291300437269	1.10765581862475	-1.03023780308262	2.76616096530395	0.292476404852274	0.32844770872428	0.429076615200181	0.969244777187506	0.329823776223776	0.796056161584689
PF01270.20	0.937103212062683	-0.496346564665466	1.65397569709768	-2.13889131180126	3.15651072723889	0.618307904076017	0.203333350290745	0.180288155635862	0.853644505956166	0.0853882117882118	0.476913035323538
PF02133.18	0.140759701406391	1.75875050566886	-0.554096092926652	2.37350091809964	2.79426294072563	-0.712211384513354	0.17854765517649	0.145351350831862	0.614325234742783	0.0789290709290709	0.537041933310659
PF04260.15	-1.39182785602509	-1.39707746760899	-1.38731563779624	0.096169868407916	3.74611045707099	-0.0233487020421949	0.489333333728575	0.752532119327167	0.97646368105389	0.743315084915085	0.968630684327663
PF02540.20	3.53614299462332	3.35214740577197	3.60611163728027	-0.328677711579262	1.08455276635761	0.198627602806061	0.349100605741001	0.308854767633075	0.986196643532987	0.405566833166833	0.837248848654141
PF00958.25	3.34412443145458	2.36713614279944	3.62585492963935	-1.27463353687299	1.2510798886832	0.901513001905642	0.0866089757029804	0.0708512980445532	0.730128641810152	0.0158697302697303	0.157153532466253
PF12698.10	3.07572071248835	2.49909318936117	3.2326175783093	-0.567827231161739	1.83815621758917	0.269486283375633	0.363757500446794	0.336294970515959	0.992453960173357	0.394978221778222	0.924751854968915
PF08402.13	4.13270421408607	4.64655965704432	3.95677608023395	0.672522108064015	1.17750460504705	-0.544764470944339	0.293137917292776	0.235075566715007	0.877771966969627	0.239482917082917	0.867172142071246
PF03611.17	0.180583630603035	1.08255198139783	-0.254915821754746	1.36406026321651	3.42469444006395	-0.331726128893305	0.313124591645342	0.437091229563693	0.914902036371057	0.354483916083916	0.892838560160338
PF03099.22	1.43806082079803	1.07762561501625	1.60336766265593	-0.505020660283935	1.68634907996662	0.266023230732338	0.37466667161987	0.455418832142842	0.956400923745549	0.461392207792208	0.844725845749975
PF10437.12	-1.19579953823204	-1.51983848208203	-1.00345803229728	-0.395956319070367	4.01709874973632	0.0962124782688681	0.457694871662661	0.688067891490666	0.988852467303706	0.651104095904096	0.941490455929384
PF01545.24	1.58867053568987	-0.054917608444522	2.23343355856665	-2.18734016069152	2.55096203652262	0.704441373709989	0.159227205416562	0.162925379284573	0.823385675563253	0.0518753246753247	0.343580331923548
PF16916.8	0.960504386508742	-0.481359163573472	1.46741813903975	-1.81622512875088	2.72435848695452	0.579156747327167	0.211192554338625	0.204760697096854	0.866514778874391	0.108407192807193	0.471557861738119
PF13412.9	3.13754488329402	2.87320174718595	3.3729037949941	-0.468985528590487	1.29607815864339	0.33593350056752	0.350666672739211	0.442394060353274	0.971835187295507	0.380441958041958	0.888032016881788
PF01037.24	1.19191756840198	0.933868108886132	1.28667191342137	-0.371970159450547	2.19112901573738	0.131708561634503	0.431045971953661	0.520274697817328	0.991821555706988	0.616278921078921	0.9433073637177
PF00375.21	2.84539855340864	2.61470372911732	3.03400464371026	-0.58898003352166	1.81732268603368	0.296012196142156	0.360666672261638	0.324280592543915	0.977428787695943	0.43078041958042	0.923778289758506
PF01087.25	2.77870395709163	3.37205006214407	2.58289315989589	0.778959574531531	1.13309401473436	-0.604418499857858	0.246502344399073	0.31534857389396	0.822168258402317	0.193955644355644	0.739465655739316
PF02744.20	2.78311696960493	3.36995673677522	2.60136664310758	0.768255089766586	1.1174604771234	-0.590147184349362	0.256000011861867	0.332478233156765	0.848488125205371	0.21362957042957	0.774266522350159
PF13350.9	-1.38893030025362	-1.42300995499135	-1.37078299022956	-0.112404901496937	4.35428391400485	0.0233111891941409	0.489333333728575	0.75755366476683	0.981786508742136	0.732496703296703	0.970100103391708
PF04204.19	1.11822283749194	0.810819473449815	1.23963639188579	-0.36978847817388	2.80643962778842	0.104340134482446	0.426382414508798	0.596824368006996	0.998391762952128	0.598445954045954	0.961523684727836
PF12784.10	5.14505491815614	5.22454034020819	5.0892638559797	0.161277801785364	0.904823191531262	-0.162853551879846	0.420000003040807	0.510761251243858	0.988893986988303	0.688708491508491	0.99552665759788
PF03606.18	-0.0223605045287538	0.487067086228778	-0.364960455011113	0.848742894859583	3.63412999021495	-0.195090065384379	0.38974017750457	0.556261279407306	0.953201728480364	0.555042157842158	0.958782358400856
PF03853.18	1.68289743635141	0.473938214060694	1.94819095502051	-1.45594361314527	2.45655918374054	0.517510072942993	0.240506342250232	0.155981448115095	0.897743383044515	0.161146453546454	0.601561520656585
PF19258.2	-2.33765519468183	-0.862590417877056	-3.05008669291313	2.35766217635505	4.29758601791087	-0.472482783589547	0.276482355435458	0.29445251528083	0.759122172039045	0.283842557442557	0.750302250325709
PF01022.23	1.35910937888253	1.51873167030193	1.30378768546126	0.2227266945375	2.32874177385853	-0.0622232076486614	0.457694871662661	0.742317739986366	0.988451415121615	0.738266133866134	0.983865536125864
PF12822.10	1.86161556094409	3.51746865244253	1.23752617785061	2.16867961083589	1.67338830246061	-1.20866174608354	0.0980000421084133	0.0213994322055716	0.311397545962765	0.0210925074925075	0.303715803312991
PF03590.18	0.991084765099725	0.333128961548893	1.40744574014115	-0.836841320716085	2.86283333156893	0.23576452275284	0.364423722934262	0.538473906461574	0.989901301819695	0.408356443556444	0.885941496726156
PF01641.21	-1.6187600112878	-0.961171306985714	-2.01142149337381	0.901614943754756	4.36575022953554	-0.17834935641968	0.403333337052597	0.551735104166772	0.940232355257082	0.581422977022977	0.952198276366545
PF07969.14	-0.512762339866186	-0.924304851611599	-0.33547150550483	-0.46641992332258	3.50578940563226	0.108220078311005	0.444000002100421	0.678621902006603	0.988567887938829	0.632710489510489	0.935686008457974
PF00334.22	-0.170010506535589	-0.354787393630512	-0.047980678849175	-0.342082860156931	3.77101464250901	0.0748284008552967	0.463024651608331	0.726948339205406	0.992757310164022	0.690288511488511	0.967355272988083
PF02541.19	1.2483499463147	1.46059490043932	1.17210852392679	0.314926292127907	2.23667186114576	-0.0996266024371715	0.439040641862385	0.808688658292026	0.985710508918124	0.672072727272727	0.975350012314453
PF02146.20	1.43665476966316	1.18250970703931	1.56578309662575	-0.516885852858962	2.1995920899406	0.18608631056744	0.395069957424349	0.433699229639806	0.992106108875872	0.491032967032967	0.922422538797617
PF04203.16	4.5065955577499	4.64954270948751	4.44369369666025	0.18731662341933	0.675471728245546	-0.211485900643404	0.391072622484215	0.723298276247604	0.981226261566994	0.563447352647353	0.962319125942662
PF04011.15	-0.527290646458413	-0.529447750543208	-0.525033448366814	-0.0788100351372698	3.99958011671402	0.0157085688791764	0.49266666693833	0.762418880715808	0.992029457717007	0.75949010989011	0.979753261964308
PF01435.21	0.301277979972214	-0.48491181594108	0.625583352622488	-1.29192774621165	3.07538306263812	0.351049174279189	0.316455704048718	0.327416842485425	0.953494717342473	0.331102097902098	0.800380527883322
PF04960.18	-1.48668272307561	-1.12967010788248	-1.68089029192028	0.764376178298255	3.98234560656963	-0.150829146180727	0.410393074710145	0.604383053675367	0.942155715279056	0.598859140859141	0.942907183688061
PF01171.23	1.8941682811149	0.981401705997033	2.11116748733586	-1.13149863936557	1.97090673690805	0.482907570024679	0.268487685783383	0.193924292747412	0.925343934173843	0.204262137862138	0.649918602748728
PF09179.14	-1.730394291228	-1.454721732113	-1.8637250605608	0.516080102488073	3.8156666069888	-0.110974131888013	0.434377084415154	0.619260433323112	0.936276507553338	0.625837762237762	0.932602913427862
PF02837.21	6.05466067598977	6.3458703846029	5.92525582233094	0.175906040806908	1.03700018914997	-0.147850252139513	0.445702866789121	0.918146857053753	1	0.754895104895105	1
PF00703.24	5.97945625383479	6.3024619128402	5.82937095721016	0.156286304928577	1.05643091203127	-0.137074616501244	0.449033979253343	0.914799142203383	1	0.764033166833167	1
PF02836.20	6.18387364000816	6.5916985174271	5.96625304524312	0.314283005747787	1.16714144492509	-0.234524450098908	0.405729517272928	0.758422864928107	1	0.593793406593407	1
PF02929.20	5.08180414525087	5.39403698299775	4.90826830513106	0.318576117074167	1.27890991495429	-0.202263367455152	0.407333336887512	0.830963052897031	0.999411429125812	0.627193206793207	0.999230374310622
PF01741.21	-0.695103354986379	-1.46903732984638	-0.407756541185931	-0.985293647613696	3.2397991822938	0.231171211134032	0.368666671891333	0.459652863097419	0.952182111972287	0.445871328671329	0.824468479043739
PF03807.20	1.33067634959226	1.37067466670307	1.30822830827707	0.0754988581019305	2.81407649103507	-0.0180226935472785	0.484666667235102	0.752553951487182	0.99346801197759	0.789201998001998	0.991426062985847
PF14748.9	1.30312712484716	1.36569274528169	1.27813923941837	0.199561794126646	2.77852323853015	-0.0474158102307813	0.458361094155813	0.710470154473047	0.989718011025687	0.715936863136863	0.987517217524725
PF00268.24	-2.34231431162441	-1.5152129519515	-2.85845356494304	1.27910189473628	4.38297548085415	-0.254637555402261	0.371085947812638	0.504025074241433	0.904804186325867	0.508240959040959	0.915333728119893
PF00317.24	0.553759434968956	0.703182197640057	0.495533733449734	0.225601879751173	3.0851115413517	-0.0650701315191981	0.458666668208064	0.781670863785067	0.986173149444156	0.744843156843157	0.985481268695917
PF12169.11	3.076115155972	3.40413740483592	2.91769600705602	0.421582267201942	1.34141805853814	-0.266369726577527	0.37708195020865	0.631175998791931	0.972004694642167	0.494102697302697	0.950994960023678
PF02223.20	-1.14299489454434	-0.0594548844852092	-1.70106395640862	1.59503585886739	3.36035217122732	-0.422094146137052	0.285143247588287	0.314052894489283	0.780512249197052	0.284040759240759	0.778080308648195
PF00590.23	2.70237065969183	2.73152731085898	2.67296831849741	-0.0192961485587233	1.34803615153358	0.017820608106099	0.497333333432102	0.750592427177923	0.994654328451399	0.763506493506493	0.985568885587153
PF13089.9	2.3039413684058	2.43554983323247	2.23348920884005	0.0898196729149374	1.82795852704144	-0.039328771038527	0.478347768956934	0.662773805509065	0.998554659422798	0.800202197802198	0.994817105268
PF02503.20	2.32318322300479	2.42994892294661	2.26248418369934	-0.00927569456405397	1.81099746312258	0.00533164113405411	0.498334443765803	0.657329182685561	0.999520049284992	0.808377222777223	0.9947538424057
PF17941.4	2.32274024452227	2.47005360606403	2.25318475962546	0.0462193155108119	1.86102369147721	-0.0179637891388987	0.492000000296372	0.669356863721854	0.999829482512759	0.821061338661339	0.995036143299812
PF13090.9	2.32439988688428	2.46069625727748	2.24670709721657	0.0132626630758068	1.86334236635948	-0.00572393861538617	0.496000000148157	0.667211880734267	0.99859330946218	0.822778421578422	0.995243009465515
PF00795.25	3.33997812421238	3.0139230874147	3.44331364275556	-0.492504721685496	1.10703220658003	0.283092028876146	0.312000008109442	0.270993410194157	0.974637023937464	0.304897502497502	0.773687389320547
PF02589.18	0.21976843222645	-0.515354675159339	0.415376809933051	-0.683286061835169	3.04141547096543	0.182746058137271	0.407333336887512	0.531277837408658	0.987609412732947	0.515225974025974	0.912952437660728
PF13183.9	2.59165704717942	2.96772179212121	2.48684464044876	0.422807216641971	1.84128212162292	-0.201675717564888	0.403333337052597	0.640040534960219	0.989402461036272	0.596718481518482	0.981634312424296
PF02873.19	1.50475975741362	2.13625390309999	1.17091570240035	0.951501114645149	1.8438274228137	-0.408497949602275	0.288666676196259	0.435067241160045	0.880288975111271	0.267068131868132	0.842824743234368
PF12802.10	1.41251751916347	0.356973251777409	1.80061429997196	-1.38799182598345	2.39082447460549	0.464798464434274	0.242000013023006	0.314266715603103	0.926366312914449	0.160905494505495	0.596617154757342
PF02566.22	-1.64990540917998	-1.5462013258577	-1.70766827782783	0.33871304695237	4.01775231019993	-0.066212469678249	0.464666667981876	0.693397719458969	0.958942668060807	0.693506493506494	0.96059695199896
PF02274.20	-0.538426511802104	-0.802895745218725	-0.412818844896513	-0.301607901523176	3.97861143327101	0.066508369942435	0.469333334473424	0.715749642681597	0.992199951036175	0.710103896103896	0.973892370982683
PF07907.14	-0.786204824046346	-1.5933682494382	-0.288049469064015	-0.98866448557948	4.25768670372933	0.198856754292549	0.38800000436728	0.585019276390723	0.978715597944085	0.492483916083916	0.882678890204416
PF01098.22	3.32393619224598	3.12916582480037	3.42076975652844	-0.337300889848722	0.985866492066648	0.3141070157769	0.360426388010507	0.388754414035859	0.959238356935169	0.428113086913087	0.872595992826027
PF00083.27	0.30338189888596	-0.950957792800323	1.09589320687129	-1.77295248910946	3.61844647215687	0.432780180541248	0.273817465548373	0.334233510464161	0.922183916843702	0.198225374625375	0.67669295585936
PF00596.24	2.84865977301068	2.93134425895315	2.82291408639912	0.134928642113507	1.60718419483878	-0.0605082834860159	0.466000001265109	0.76985299595932	0.996892900335791	0.782457142857143	0.992403755206181
PF02610.18	3.41826741660519	2.82361283144768	3.67856083875287	-0.824903109141892	1.16155241214928	0.647455570559077	0.210000016185558	0.154326131711821	0.869138694202412	0.110154645354645	0.52656255724411
PF11762.11	3.36548527286185	2.75923598229747	3.61033176392477	-0.815083095503741	1.24818068526252	0.581531009477718	0.225183225757369	0.16446333857797	0.876997671716422	0.11564995004995	0.551126553217843
PF04002.18	1.26151164174961	0.131690817790829	1.53643673696699	-1.37776814082242	2.48893858527554	0.495721391460077	0.251333345569773	0.166950416667706	0.904580867161733	0.176718481518482	0.609922403580451
PF04093.15	-0.0464112329212556	-0.892589738209774	0.283565199466521	-1.10834897699758	3.14493340690968	0.297488352557531	0.339773490948412	0.400251903915639	0.962203912806898	0.390033966033966	0.819584458656759
PF00532.24	0.417011084471432	-0.91344300215582	0.905502060445013	-1.61861251992374	3.04982999374214	0.441555024788236	0.261825461095393	0.287494694336038	0.907988814921861	0.195725474525475	0.60639810450491
PF00994.27	2.15330998497348	1.95127487420088	2.25379048724902	-0.32060627744452	1.27704026381677	0.212765449795443	0.40066667049685	0.520415011539678	0.970864577445135	0.526421178821179	0.894831397771715
PF18146.4	1.6375822034541	1.32728895252989	1.7992957668911	-0.459596857137609	1.4932218587151	0.257071756520248	0.371752170300835	0.476083966726417	0.964718762324821	0.453882917082917	0.857374579617606
PF02464.20	1.87236943433029	1.34685574533388	2.06671530922823	-0.703524207170602	1.41800723855907	0.441269800823232	0.299800142063257	0.306922213315322	0.895688212285062	0.291202797202797	0.70217917313145
PF00108.26	6.26288419640861	6.7957036489239	5.87093995312613	0.673872455097656	1.03455506878228	-0.626907960554786	0.252498346569344	0.119156829528229	0.779799009472625	0.146193806193806	0.812908184255332
PF02803.21	6.28589319981534	6.82369812805652	5.87033241347171	0.700175547156526	1.00333735468189	-0.686214253796233	0.230513005387879	0.09202406410091	0.708536590815958	0.114197802197802	0.748706291327133
PF13344.9	0.59033073947031	0.70269301818104	0.559280598693577	0.120884537946377	2.15368275188457	-0.0465648194896128	0.471685544022008	0.7070571551774	0.98167745700392	0.736457542457542	0.975376313602463
PF13242.9	1.45819091782205	1.65799136167723	1.38166764454034	0.267689539261573	1.61407857498542	-0.12166860713046	0.427333336082764	0.780617616740417	0.973132557850809	0.663851348651349	0.9623522682717
PF10282.12	1.59827974832896	1.99456229733383	1.34995317109259	0.563234435117583	1.7266348015202	-0.297604730518133	0.362000005532558	0.439001289954947	0.915858266990921	0.461533266733267	0.935256721540684
PF00266.22	4.47236014511071	4.27589919515008	4.67604580482896	-0.368273830157877	0.848677248095952	0.397364494723061	0.32600000733243	0.321038627550769	0.950695927243721	0.311627572427572	0.836258164857715
PF05979.15	-1.67639702670264	-1.03531212904675	-2.07887222492994	1.00815420321888	4.00294754258222	-0.218301739419502	0.385742842566878	0.504797033959972	0.910049763326426	0.522933866133866	0.918849629923595
PF04296.16	-0.348196161486213	0.360220108654538	-0.619324502101043	1.04637217200299	3.22313620221156	-0.251752594681003	0.356000005815711	0.535703557171112	0.934569020769355	0.462923076923077	0.918305070251888
PF01248.29	-0.0734335640654225	0.182929220648818	-0.247664541858941	0.372317441180887	3.07139793734072	-0.0975223752586128	0.443704199310853	0.646412091508631	0.973254581765677	0.665121278721279	0.978878362779922
PF01509.21	1.16791163817675	0.786073013084009	1.35134499382226	-0.485939843488659	1.89301155947477	0.219735464462521	0.382000004628139	0.540958351886253	0.975372203652433	0.484051548451548	0.867656173693118
PF16198.8	1.0453536260335	0.764783791900916	1.20766819286328	-0.314718892604072	1.9285303667684	0.130913154663911	0.423717524540984	0.593545957425238	0.984148533406341	0.574231368631369	0.913346049597178
PF03444.18	-0.820469370772284	-0.888373963078214	-0.805634138807268	-0.0989731862037022	4.04347487289813	0.0200519413322329	0.489333333728575	0.758646245592778	0.993615386379042	0.752381218781219	0.975168617633395
PF04452.17	0.788321861205679	0.761712856102228	0.7974590316002	0.0204403897027952	2.58061215159494	-0.00615907079010041	0.493333333580291	0.775591178470597	0.994432904509461	0.789958841158841	0.984898484433422
PF14698.9	2.21416027393281	1.60446755418294	2.36607808983887	-0.780567805117573	1.94758249953444	0.319700203618939	0.31666667451148	0.230972287051647	0.967259964893478	0.296486313686314	0.795482899788936
PF08279.15	3.62044850003578	3.54110497765748	3.65258533298089	-0.194628679859259	1.03131071172004	0.170542419699206	0.410393074710145	0.535120572222058	0.990213079874896	0.569520479520479	0.943581221179115
PF02237.20	0.927222056418826	1.03548041093869	0.886212624220827	0.0690202864625098	2.01214765338209	-0.0255552113119129	0.485333333877011	0.72454759615997	0.989684519206444	0.75563036963037	0.980395950224145
PF16124.8	2.17692337431466	0.449708005257262	2.56208371902931	-2.10398090752892	2.51532062622912	0.723553694288812	0.191205881222213	0.0940615780733458	0.832969037533127	0.0640687312687313	0.428516993117846
PF00186.22	0.604982645040756	0.450885441974925	0.662615095178891	-0.318042630964729	2.57364083267171	0.0992563006428613	0.449700201746251	0.537307463183495	0.991229365314527	0.624972627372627	0.947561432823824
PF01351.21	0.336461124711449	-0.478102697996389	0.796698193845122	-1.26367153828694	2.93880882956117	0.383727147628194	0.312666674737943	0.314564742844233	0.940101997180966	0.299420979020979	0.769413766610404
PF00926.22	-0.0450813179034304	-0.0643741814498044	-0.0319383796814794	0.0574354447405376	2.77450289315558	-0.0168438506787589	0.49100599633544	0.737158418160859	0.983478886017025	0.760456343656344	0.967659828154296
PF00925.23	-0.0294066671454001	0.0232093762023649	-0.0510222524531727	0.0402618931129028	2.78089228000517	-0.0129217288741153	0.493333333580291	0.758544108286957	0.974515740657556	0.749412587412587	0.971103480777559
PF09586.13	2.38686502190494	1.52278131372302	2.66247973219892	-1.16654900345862	1.7512542264329	0.533647803600589	0.217333348720104	0.143263402355072	0.891377325003308	0.11677042957043	0.510379420958593
PF07638.14	-2.35226690609052	-1.56100289539077	-2.88012778151094	1.21730936217338	4.41129723789689	-0.2278383667947	0.381079285142026	0.499685633478901	0.885956281177667	0.516617782217782	0.896316346989848
PF19295.2	0.678153144982226	-0.99399785251859	1.2990299221236	-2.40896464491861	3.34461211476663	0.66052030296648	0.201333350531476	0.107345702397144	0.785395408999572	0.0941514485514486	0.459013686753272
PF01458.20	2.27648779858887	1.79368498539284	2.46871133156556	-0.706557882626726	1.99344606981598	0.322063997712124	0.349766828226818	0.337657449430717	0.967369575526991	0.35109010989011	0.857811303768025
PF00196.22	2.22358352704004	1.85350338640254	2.42974205837035	-0.558203291569627	1.87917809381722	0.253330343293888	0.361092610497623	0.398770744165732	0.9863766981419	0.434842757242757	0.904079995391783
PF01145.28	4.9390277863252	5.69300844778043	4.57930411368534	1.03130622191095	0.932884918885006	-0.989985632745102	0.151232536783492	0.0389068061756447	0.442806367434406	0.0402533466533467	0.461820595895742
PF16875.8	3.72049928805211	3.31494032783009	3.84200761255322	-0.52928158666034	1.1897245362584	0.40115385961836	0.324450373828521	0.277586736581934	0.966323617237211	0.279093706293706	0.820041402374282
PF02065.21	3.86704149920408	3.32856441944197	4.01674628746317	-0.713400888136169	1.08732849140783	0.60341263752548	0.257828126292976	0.155525816180838	0.889959842366354	0.154290509490509	0.624384343308237
PF16874.8	3.72829853522309	3.33102208511188	3.85319335546974	-0.532342623562405	1.15385720268396	0.405183313344078	0.323333340809957	0.262596702747874	0.967249877938264	0.271047352647353	0.813554031673768
PF13596.9	-2.0696876554294	-1.51502384666432	-2.44729650916502	0.912410184318982	4.14965309233204	-0.196447193975819	0.396666670664582	0.526927363654426	0.911276669094433	0.542308891108891	0.916511702482312
PF02424.18	0.931826894694041	0.14725006264427	1.23611712188211	-0.96526767305574	2.50671692806023	0.303854717967977	0.312000008109442	0.403982032596303	0.971985054661889	0.317233966033966	0.769435564864656
PF03787.18	-1.31145249032435	-1.48066696391256	-1.21613872006789	-0.129473521682224	4.15396995911217	0.0266888101494101	0.483333333951304	0.757697694081085	0.989835811716278	0.732072327672328	0.963590358302075
PF01590.29	1.50658270278624	0.351938355317812	1.81618296537121	-1.58769329379678	2.19667197516001	0.61823168400834	0.195203215808582	0.114011400678071	0.821052788982572	0.101606393606394	0.441523663355391
PF02224.21	0.452724599139825	0.75962424889893	0.325774537866069	0.347041787176619	2.26162491081353	-0.133464580954722	0.428666669363533	0.724733224796762	0.959131573142884	0.626841958041958	0.956959002200259
PF00691.23	4.06299445785843	4.10257094572277	4.03495218832442	-0.378466816484771	1.6738304106821	0.214592311591718	0.412666670003021	0.372427429940585	0.996151862987953	0.585247952047952	0.992731374287678
PF04310.15	-2.30954564485504	-1.50507244179708	-2.83002494259364	1.37937603077882	4.14134599723794	-0.291429280677728	0.353333339276837	0.455215489956527	0.881597952590237	0.451582817182817	0.885694222336716
PF16330.8	-2.33793022664066	-1.39957056472259	-2.83396561561761	1.49712960613896	4.25421879569064	-0.293705206628335	0.350666672739211	0.446801377533197	0.872544132985159	0.444556243756244	0.870849467205457
PF00490.24	-0.198641508649485	-0.950055503055266	0.0668984571077305	-1.05647969616273	2.74415222377471	0.30967752915909	0.340439713433031	0.34526707529497	0.93759369365001	0.382976623376623	0.783462763291852
PF17931.4	-2.34266153550949	-1.54015222075898	-2.83957915202063	1.21545164168153	4.17731407319522	-0.253443742788799	0.367754835372621	0.461717154832322	0.877781072931091	0.457476523476523	0.88142135911116
PF13768.9	-1.82799422703896	-1.5536791564556	-2.00612917818496	0.420147660835976	4.18326333672057	-0.081294947534544	0.452000001794314	0.642080408914839	0.947560946698814	0.67677002997003	0.958014294757031
PF02569.18	0.459741164372355	1.1247233813005	0.154890309310957	1.03876846635235	2.71477416040751	-0.297149558115776	0.34133333986791	0.533702192325988	0.929009010716775	0.43523996003996	0.906052563829277
PF20437.1	-2.05655760865972	-1.5384338743169	-2.40482527383899	0.875406512960933	4.48575336333796	-0.171984894182769	0.404000003691644	0.559925590209827	0.915044231226198	0.575697502497503	0.919106799180159
PF13654.9	-2.06690535157067	-1.47110756333792	-2.45478244732701	0.969611950118805	4.29305485007524	-0.19562303455288	0.38974017750457	0.55064538081078	0.922522360803023	0.568416783216783	0.93640201492687
PF20436.1	-2.09637905954405	-1.58802525448896	-2.43430907702168	0.886528770252989	4.35251335720295	-0.176432077131673	0.407333336887512	0.568255895290014	0.926433230705056	0.585534065934066	0.935988506316217
PF00415.21	-1.75348294400705	-0.967950822371875	-2.31268606016025	1.12447893618019	4.64129597777238	-0.222666938202831	0.399067292366211	0.527960822500213	0.932782361466629	0.560718481518481	0.957830968083395
PF13540.9	-1.10305581855018	-1.02524435933964	-1.13721265923761	0.361523001297987	3.99473720907507	-0.0735943659626999	0.459693539142167	0.704841978179763	0.978933512762438	0.721695504495504	0.980816771371274
PF18019.4	0.29674969242878	0.307943553150724	0.28118670384228	0.140681199434333	2.91814046155702	-0.0370239117974973	0.478000000816395	0.692470789492452	0.986761246099685	0.763938461538462	0.984260431435782
PF01627.26	5.98057696973024	6.7081349639464	5.74897482973778	0.963823396519032	0.810638619051861	-1.1011501080723	0.114590308277128	0.022247360714537	0.361176338380008	0.0162493506493506	0.32671588065575
PF13646.9	-2.04904005799915	-0.865416199549998	-2.7170204411839	1.94216561143653	4.20756714179517	-0.409619698720776	0.30246503197544	0.345303134145225	0.823608582568405	0.333691108891109	0.819671000953481
PF01924.19	-2.36944458958498	-1.54979145015556	-2.79517152487023	1.26460196441568	4.13985777121609	-0.260109926941649	0.359093943036492	0.473831723832476	0.890133150684808	0.486551448551449	0.893764430459992
PF13186.9	2.12488767983167	2.5848501191712	1.9081460337921	0.62683960971835	1.65676477790669	-0.281291026243021	0.330000007119284	0.605983346768658	0.946182018849965	0.386935464535465	0.927297414900336
PF02638.18	-0.232894383834049	-0.939649227868568	0.0887617906175402	-0.800554996560093	3.45656212678061	0.200973796721396	0.38974017750457	0.545224138974759	0.977179827090282	0.496670529470529	0.886028702964149
PF02368.21	7.31812982808141	8.60918972009058	6.91875310475914	1.23907757853913	1.39145318153902	-0.838753215009356	0.19920055041454	0.0733404739386493	0.664106290996687	0.0595884115884116	0.58521594243997
PF01548.20	6.79449574679405	6.51838614171181	7.58893625488488	-0.911793899490664	0.915393876312709	0.92418781949838	0.187333352349811	0.0209242569768273	0.553852877685633	0.043749050949051	0.393691615953203
PF08502.13	2.75297095296413	1.46133301140413	2.96307925562351	-1.46998985438479	2.72749201434896	0.516007658810783	0.243333346240751	0.131352282622857	0.923958364307695	0.142462337662338	0.648192417626001
PF01702.21	1.62838134701456	-0.0447222338284803	1.96022501245634	-2.03804847806214	2.45843753277235	0.690752000483019	0.196000017862304	0.100039738041198	0.807895417719106	0.0798293706293706	0.413136277838479
PF17912.4	7.29825403708679	7.69446448703223	7.19237164805082	0.180421225646082	1.56135787632562	-0.110912606898334	0.443037976818143	0.841089109379177	1	0.756843956043956	1
PF03459.20	6.86067536991072	7.12470839115832	6.73946904538301	0.202641541940378	1.69906831571454	-0.0968100756956878	0.448367756760455	0.902291557842795	1	0.779291108891109	1
PF09549.13	-2.33392342166518	-1.438059822315	-2.84936176298764	1.36395245103756	4.19565648124073	-0.275828025686949	0.346666672935199	0.471547347431369	0.855544689384071	0.459397802197802	0.853920907706467
PF13365.9	3.46845036385642	3.0974290255494	3.54865003285247	-0.411826023858567	1.43796189521183	0.248974569646658	0.38840773252513	0.498726996293792	0.999656919206086	0.467600799200799	0.963817936571429
PF00498.29	1.47742241864813	0.56382844285795	1.88330495488255	-1.2923546841903	1.98070125498755	0.53929091058751	0.239840119790646	0.179032506822188	0.845312054473245	0.157358241758242	0.563996743653612
PF01755.20	-2.15025512982766	-1.43696392925819	-2.48559438918288	1.07122168068011	4.1792246080288	-0.228659013433485	0.389073955014824	0.52747725699872	0.888568265021874	0.524499100899101	0.891938372059588
PF02690.18	4.28704840937385	3.80810830133632	4.52490348322989	-0.709651422437338	0.992195274442178	0.650590987621452	0.180546322431067	0.108726572323653	0.850700579481816	0.0712835164835165	0.430011897657239
PF02558.19	-0.222184433176968	-1.04018547328113	0.0807148750075228	-0.981120640370689	3.23506938597191	0.257172736137293	0.358666672355798	0.430954985762325	0.963515838606962	0.419154845154845	0.835789865006177
PF08546.14	-0.454051110003126	-1.02140102449653	-0.149080866143757	-0.766498111780773	3.55909537012627	0.166184660450547	0.40933333680553	0.592859996262473	0.984998264231133	0.534051548451548	0.917936235962623
PF03553.17	3.09511936862334	2.45361699654646	3.58449294300393	-1.25337089109949	1.84580118948603	0.578405636778868	0.208000016412335	0.132771485037695	0.89102451775987	0.0765402597402598	0.482147401253562
PF01964.21	-0.0145779125326166	0.624784247018136	-0.33422936000844	1.12213148647833	3.82503491295946	-0.263111927070348	0.348434383255266	0.495810958038106	0.917462047960972	0.456563036963037	0.918195124024505
PF02113.18	-0.658950613895178	-1.54331904027685	-0.274897442634418	-1.15512749933216	3.50075541878672	0.266119491879357	0.35443038562977	0.471632971662601	0.953581068497954	0.419460939060939	0.803866166051044
PF13286.9	1.84003513461456	1.86804542416077	1.82206210900322	0.0340657275866807	2.33592805054912	-0.0104055751244318	0.489673551348137	0.815533760917033	0.997215332166535	0.805677122877123	0.994485333549125
PF02627.23	0.0716063510177989	-0.00127861213671032	0.110577847808428	0.0213524708868258	3.04877667026154	-0.00452215013600815	0.497001998778448	0.761324962019445	0.986844140820968	0.761192007992008	0.979080762012495
PF12682.10	0.539298493469827	-1.01889200062029	1.1534906294219	-2.04561608643917	3.07183883881649	0.587574979688789	0.204000016878137	0.190294700970366	0.853588675092983	0.112878721278721	0.486565071841362
PF01738.21	-2.16361869689785	-1.43140020427658	-2.54816985898943	1.12553051585666	4.18500142010087	-0.237923579030357	0.367333338619035	0.522158445795288	0.894509693261226	0.531608391608392	0.903019689911836
PF12697.10	0.814782122251061	-0.564807166705702	1.14740755828636	-1.76458886492213	2.65357083915627	0.546536971638577	0.230666680719594	0.160658068209855	0.853983374852427	0.170333666333666	0.544214205155714
PF00754.28	6.2507663487335	7.62264768386077	5.35843673419125	1.83589787372243	1.86831371805798	-0.853508897029526	0.192666684961406	0.0903037320394403	0.710987624909803	0.0638865134865135	0.608677767234981
PF00404.21	-0.380863273757956	-0.568727388428958	-0.315294498232681	-0.208603582121691	3.11539007889064	0.0477071250239443	0.471685544022008	0.652431895502681	0.992933212096877	0.690442357642358	0.959695128586288
PF11655.11	-1.37939898405517	-1.4566459959707	-1.32490920846625	-0.128019694506779	4.43874390765093	0.0288470847412285	0.486342438879956	0.750103272649047	0.986868308623011	0.714322877122877	0.95671482065485
PF02838.18	4.64159212070178	5.93465213977323	4.1433620318986	1.59894100758704	1.63652698134317	-0.843365101664935	0.192666684961406	0.104098131796824	0.694800632396223	0.0640767232767233	0.590679196618362
PF00728.25	3.78670400466742	4.73035952449264	3.22661496540063	1.47765871492716	1.48679281191219	-0.89652847652574	0.168000021992846	0.0805874267530812	0.581483571261727	0.0480375624375624	0.502490149947288
PF16347.8	-1.30303216415708	-0.814747622944866	-1.55331050876657	0.751945289719168	3.85755959232064	-0.15549707210132	0.410000003444949	0.601884757417693	0.942458730336988	0.613775424575425	0.94156414462598
PF13098.9	-2.32005505263699	-1.3864179181355	-2.88203520768683	1.33387524848114	4.35636381526408	-0.280248267497794	0.366422390397075	0.467463301544701	0.873812393703416	0.481327072927073	0.891389470171368
PF16576.8	1.81890807696371	0.625139295432971	2.49511063042831	-2.03157073039444	2.38654273321755	0.752720097920354	0.164556984587585	0.0729598111328011	0.74952871675759	0.0485466533466534	0.357779564883831
PF03797.22	-1.89945352330259	-1.05690204002748	-2.37680057890812	1.3416339844082	4.26089091641858	-0.259194765863454	0.371085947812638	0.49394584738436	0.891046036832257	0.502033166833167	0.906052215516361
PF07244.18	1.54925415935141	0.293575910501365	2.28651751567466	-1.57273626446028	4.40088341479672	0.302253154601758	0.356429053089343	0.485576087323997	0.996398293326437	0.360963836163836	0.96528311159199
PF01103.26	-0.322422977876843	-0.991405205734655	0.0950045701232254	-0.916870967777959	4.09240483797833	0.18532140152374	0.393071289954061	0.620487410416065	0.98628711127789	0.508384415584416	0.910855589280395
PF02321.21	2.35286336421941	1.38939067447989	3.32391220807868	-2.05038084499331	2.62433386894084	0.699639597433641	0.18200001977782	0.0853830691123538	0.797128310921168	0.0463376623376624	0.375960559419032
PF05221.20	3.15070156360122	2.73011802454614	3.34828901104173	-0.507372443489849	1.79443337890203	0.260681390077082	0.365089945421798	0.431976411870366	0.99357704535275	0.399513286713287	0.928347861595491
PF00670.24	2.47734377131767	2.59977459696966	2.43014596573101	0.231187222742177	1.72711462818345	-0.109127794085791	0.442000002177447	0.722254553128968	0.982515740133515	0.70113006993007	0.982091168277701
PF00144.27	2.69844109543372	0.200883838359321	3.1833379505956	-3.0686217184736	2.01646429266821	1.4028279214299	0.0206668859448284	0.0187665680564476	0.476217555907915	0.000888711288711308	0.02549431757185
PF02910.23	2.69811472781958	2.28386247279711	3.07396687538242	-1.10331264824769	2.04681445352138	0.468990749903089	0.266000011097222	0.160100521058035	0.907122541254908	0.178712487512488	0.712293180768928
PF01325.22	0.857379239954293	0.864294932708354	0.851200477540095	-0.0578923288113469	2.15221234085972	0.0165102684543017	0.489333333728575	0.64318376507257	0.993113393955798	0.743329070929071	0.976586028111957
PF02742.18	0.890297924541237	0.960632197408665	0.866561823425569	-0.0830691355398594	2.08037584736731	0.0283098769245807	0.484666667235102	0.642138345192542	0.992749220355065	0.756585414585415	0.97008282855627
PF04966.15	-2.27184392332774	-1.45029560906366	-2.76610589150456	1.37782439077719	4.07185815971203	-0.305797186674547	0.351333339373498	0.462537840318941	0.865651166203295	0.458955044955045	0.864460016536786
PF04023.17	1.75822514602738	-0.168574320048838	2.15654569753392	-2.3223500276143	2.56977309882396	0.793292333984973	0.136575644753774	0.067728596740716	0.741565233658207	0.0408999000999001	0.293452037734141
PF14376.9	-2.02343393652182	-1.41242912761009	-2.40454694449777	0.972436346768312	4.2585687739591	-0.189739199749595	0.39466667074908	0.540727469754582	0.901737688196452	0.548444755244755	0.906057119774324
PF03150.17	-2.20987782877981	-1.48848822519004	-2.69810944918988	1.25920739873854	4.16920099972788	-0.269096734294957	0.366000005347005	0.470067053265017	0.886762744725115	0.475261138861139	0.89091114583175
PF00034.24	-2.20304445569377	-1.45298228520632	-2.68067175277015	1.17949076546473	4.3735551221432	-0.23858404975974	0.370666671800271	0.502973887722138	0.885365619064684	0.503796203796204	0.89959732285857
PF07498.15	1.31387034469596	1.59325213296904	1.14069544781954	0.338643802610777	1.92425827198404	-0.141434609602781	0.424666669521598	0.68840333845393	0.960057564483019	0.640926273726274	0.966658661418193
PF07497.15	2.77427170776542	2.95833664137889	2.635314966554	0.108501318273163	1.36087912476762	-0.0520300907216175	0.460000001491024	0.71863271822144	0.997267014128227	0.722941058941059	0.994698772776418
PF07719.20	2.05494419717305	2.63110933396148	1.76255718959952	0.835321243298664	1.56947912519065	-0.486762933072612	0.296666675689746	0.30894567132236	0.837377038118435	0.280194605394605	0.83855613418254
PF00263.24	-1.5786468809794	-1.4642107475703	-1.6461799118325	0.183717407038846	4.17547189364898	-0.0406598584188856	0.480666667383788	0.729164363644671	0.981194460424255	0.763408591408591	0.976368964813464
PF11104.11	2.16125672221286	2.56431018348846	1.98201136572778	0.560983000533612	1.35606275412023	-0.348873865006809	0.32711526375861	0.506347163899471	0.919408479207217	0.398912687312687	0.904164019152023
PF01634.21	0.943240591924174	-0.0178288359217964	1.23795239945254	-1.25279732004287	2.49573742148492	0.415251184778869	0.290473027388758	0.220698378288823	0.922580751043787	0.255769030969031	0.704071179099091
PF08029.14	-1.80615170427715	-1.47700760152051	-2.02707478972507	0.609519267855481	4.2604786718751	-0.12096123602246	0.436666669050594	0.628044757715406	0.945436243419296	0.653643156843157	0.946355318232075
PF00920.24	3.60596007499815	3.26722778177665	3.82561917186029	-0.553372446273548	1.02991746281183	0.505095384472326	0.289806804913141	0.254009614014036	0.912461741488711	0.237433766233766	0.748613264854739
PF14498.9	2.03409866076219	0.311349930586587	2.74962779321539	-2.48462662807034	2.45580272708591	0.908563853533077	0.107928085623509	0.0499190227611528	0.660503244139778	0.0177046953046953	0.187245772358731
PF11013.11	-0.5418189774928	-1.00661991097459	-0.250291468426549	-0.791923307721517	3.81916725371871	0.171090120366839	0.397333337303178	0.612829520003737	0.985536529328074	0.551418981018981	0.924751260284474
PF01740.24	1.01092364094563	-0.066469811999359	1.45398694206311	-1.49149762126483	2.49077805465107	0.53287230866355	0.239840119790646	0.195083034665137	0.874924281315795	0.156989010989011	0.569388917820006
PF00432.24	-1.91387348577547	-1.46219121047817	-2.25411530762413	0.699103155139066	4.32776831359116	-0.143790736437657	0.431333335925431	0.578206573212097	0.927899658320928	0.608224575424575	0.945517606180779
PF01531.19	0.152760308547085	0.503481180402948	-0.0437316220246782	0.615676377659483	3.52722575342948	-0.142321091326932	0.413057964675142	0.593363103339201	0.959627720888329	0.618185414585415	0.963074967918531
PF03814.18	-2.16411912588043	-0.949805659559254	-2.85421086269598	1.80221055605375	4.13259570487901	-0.389818691602559	0.302666675323749	0.360900941581874	0.811610254808561	0.356925874125874	0.815131247949014
PF03781.19	0.415149334085841	0.705747976492657	0.224688385001404	0.46178746905173	2.78027915451794	-0.135543352141284	0.42266666960106	0.657111911375656	0.963288813296368	0.644133066933067	0.966288503602719
PF01212.24	2.68784889886906	2.29425782163807	2.87758505389398	-0.47724551083555	1.55672067389307	0.285523947296052	0.369753502836437	0.465304240736554	0.995313751687834	0.448570629370629	0.926580113031267
PF01882.21	1.21407427825014	0.27711418967634	1.7847264796583	-1.39142558084465	2.47007767875962	0.468292599248849	0.258666678319712	0.235855275674606	0.89949320664766	0.198081518481519	0.64744028173712
PF07991.15	4.954820201713	4.41760964568368	5.15141479531344	-0.715508679804499	1.15990964020948	0.510130055163564	0.281333343347389	0.262822421424844	0.98530255995734	0.164537862137862	0.75882272138998
PF01450.22	4.95583685306085	4.41965285991809	5.14812448266267	-0.670701452898125	1.20690690134605	0.499897994205869	0.280666676725781	0.265631435233645	0.984864279001307	0.164452347652348	0.761270066102269
PF16499.8	0.0393598638930435	-0.540652072524277	0.50258372010703	-1.02542477302863	3.60522099322523	0.25685709979533	0.363333338803763	0.52008009610604	0.979959119967837	0.429829370629371	0.884670618206195
PF17801.4	0.215737949632444	-0.0213672073177058	0.316457507279807	-0.262789663691184	2.76678393521213	0.0728885047082246	0.453333335076917	0.687391541397226	0.992643958465903	0.670091908091908	0.954395707243699
PF01050.21	1.08379949737103	2.61554862669584	0.191672089230277	2.37093907714171	2.06425784200362	-1.07763823463878	0.0826667176232844	0.0185913406277346	0.310956844066095	0.0157858141858142	0.248502252120321
PF06733.18	1.34156316165153	-0.248303885924009	1.82292004758842	-2.04790826252002	2.58164521488206	0.689808686657344	0.168554319004588	0.10184074765068	0.787421549457756	0.0657966033966034	0.367197049706485
PF13307.9	2.08219750585607	1.94908706610271	2.14602360511917	-0.0624981199078105	1.52979981350706	0.0365515308492123	0.484666667235102	0.803098676566268	0.994641956073872	0.725217182817183	0.97461453233236
PF01891.19	0.172494716573773	-0.906397629736294	0.6664345843309	-1.77944992607193	2.87224131043502	0.516314743302164	0.251165901640848	0.195445602168439	0.866817854131449	0.187353446553447	0.61261550065591
PF13190.9	-0.0141269045189159	-1.52017690850885	0.623112067869465	-2.24684428732334	3.23238804825161	0.636340806804354	0.21319122167346	0.138127439593208	0.803059785199574	0.125647952047952	0.505623292188628
PF07589.14	-2.33213430839023	-1.40939601699357	-2.93024032761723	1.55116120438297	4.32835987692188	-0.327012740398481	0.330000007119284	0.439180169412476	0.871411243315924	0.436287712287712	0.875102547729802
PF17297.5	2.04761503022776	1.46735717343676	2.41166781054736	-0.931231371504906	2.50714695855415	0.318234065951856	0.324450373828521	0.328302361172883	0.984849180452394	0.307001798201798	0.865707115533959
PF00821.21	2.04451864601086	1.44716859671333	2.42533243145083	-0.975003030797997	2.5934946675352	0.317644524661364	0.320666674289219	0.326851622179408	0.987041768105308	0.298642157842158	0.871662811795826
PF01510.28	2.76143114589835	1.22467222783672	3.6116376407798	-2.20445518352447	1.66892529781099	1.25105991452497	0.0766667220389347	0.0160972062350602	0.421437575292819	0.00711608391608395	0.117861142269469
PF12838.10	8.08104993051651	7.94376921784446	8.12298935313784	-0.390517034224748	1.0313686803407	0.416209318667798	0.354666672546119	0.230866741740429	0.997920360499216	0.336833566433566	0.989952972162877
PF12971.10	1.05844347424676	2.24796548621555	0.325147888714914	1.82969149953672	1.99303413061828	-0.862238916261121	0.165333355788429	0.0689381488753141	0.493291803139703	0.0724371628371628	0.511140955333006
PF05089.15	1.04929671375649	2.27441151469532	0.330488707376903	1.83975922906819	2.05321274508591	-0.819490772209259	0.166666688888874	0.0715230948202189	0.480422899558125	0.0723104895104895	0.499392269910185
PF12972.10	1.05795740696226	2.21792536526973	0.324975262063797	1.82572689752501	2.10017744648792	-0.795965798796954	0.165223206988197	0.0701652536320759	0.497548861743426	0.0746125874125874	0.519934697587028
PF07085.15	1.56160480790126	1.86806589136006	1.39606570411811	0.288395659862492	2.05903974978571	-0.103209915061988	0.444000002100421	0.761373990938119	0.98819422583713	0.669588011988012	0.988313583705576
PF16385.8	-0.566388107832873	0.424465338551813	-1.16716600821573	1.49272844408221	3.78363684046576	-0.359169558104412	0.309127256765295	0.373905317838204	0.865803163422982	0.348305294705295	0.862356577601231
PF01256.20	1.67220440607923	0.450953821905737	1.95942543200088	-1.46934521740986	2.53161087483829	0.487111077793812	0.252498346569344	0.158986171757017	0.903112291987945	0.164324075924076	0.60359161861398
PF02590.20	0.437716356791761	0.0685504546063385	0.654968211048588	-0.403984258790681	3.09895327795628	0.114535857115537	0.435709529399944	0.628719819814154	0.989474831820229	0.62603036963037	0.956515428302922
PF02472.19	2.90117317798797	2.55829599782796	3.05113108006521	-0.945781972402676	2.49475237065105	0.33677993564426	0.332445043623722	0.239960531930114	0.985440316356591	0.319107692307692	0.921375408087723
PF20511.1	2.17892020515762	2.32088983831517	2.04497420322522	0.270407322073457	1.46923554502695	-0.160081123752074	0.423717524540984	0.621311768718937	0.963181290534442	0.661185214785215	0.971249244091421
PF12437.11	4.26740225152667	2.27521148288458	5.77442813038777	-3.44183524281815	1.86392072233977	1.7590177724733	0.0206668859448284	0.000716089674973102	0.119107757412199	0.000604995004995049	0.0315970792017375
PF18318.4	4.35987772542475	2.28650119246913	5.7342195168843	-3.44185034718218	1.83609227277551	1.76214802474666	0.023333526999661	0.00065674791555386	0.113812606131221	0.000607392607392653	0.0314794066494334
PF14849.9	0.608901717995802	-0.272590429036932	0.876348231287999	-0.91211078475322	3.5520119988744	0.217145430352101	0.380000004716091	0.545141883039571	0.990920921152114	0.47095024975025	0.924224186226066
PF03629.21	0.886152418605906	-1.51775564230304	2.06769521666236	-3.67588743403133	3.39965404544242	0.989743187520183	0.110666703294885	0.034692549360194	0.565308344937632	0.0192919080919081	0.19851761831359
PF01204.21	-0.597714080407783	-0.444179767273114	-0.707763610220481	0.276900391443702	4.08867949905842	-0.069983445896535	0.466000001265109	0.673376330269859	0.972777654497599	0.719629170829171	0.980431369822892
PF02073.18	2.3728055625424	2.57767792006113	2.27480090447073	0.285030929972744	1.27261161456751	-0.130874210248611	0.423051302049111	0.766877606085444	0.987077267361449	0.615959240759241	0.966453781087749
PF12951.10	-1.09758050806165	-1.48256464564106	-0.681032599493948	-1.05731496468936	4.94830006485342	0.18884424961852	0.404666670330733	0.603711206293227	0.983825440207249	0.553665934065934	0.933708625279613
PF18582.4	-2.3640220310794	-1.50566079814684	-2.82935944869289	1.37291243852298	4.2121607873603	-0.289468588719605	0.348666672836835	0.471096931421886	0.885541606310704	0.483775824175824	0.887166000761474
PF01042.24	1.65426715363375	0.464343472314384	2.17958583738448	-1.41963913835159	2.79631060048665	0.444259036511602	0.268487685783383	0.210358051582616	0.92835493118228	0.179762637362637	0.670851404996354
PF09374.13	-2.32522236503099	-1.4858267581536	-2.84281115178009	1.18150599028241	4.29266371892951	-0.226120412995994	0.382000004628139	0.499586667467891	0.890433921975931	0.494020779220779	0.889948229634603
PF00924.21	2.08306897500894	1.74636284401773	2.25024686104509	-0.427887266963749	1.84740861326606	0.175375745351673	0.382411730120278	0.513231702319725	0.989929026675467	0.48284955044955	0.901391502725798
PF00209.21	3.1485446662663	3.22732503144854	3.10301478878402	0.147416712994286	1.45151794643509	-0.0961264842030878	0.455333335000962	0.729338148893533	0.991875233896242	0.752839160839161	0.995876941463814
PF00109.29	3.29312870390484	2.97827886588824	3.40018877886217	-0.734878830611269	1.9017861809103	0.315569616766694	0.330446376173551	0.254287762675727	0.980390014520384	0.318231368631369	0.869756059213466
PF02801.25	3.27904991482097	2.97164457595705	3.41258404867812	-0.796424810403405	1.92544763984609	0.313246320202621	0.324000007440414	0.255164799182565	0.982199705295288	0.313283116883117	0.857790836992449
PF04551.17	1.34953611276757	1.62623711964642	1.22899235070217	0.394477395481499	1.87349737407175	-0.164140663187773	0.411059297201336	0.716965944874757	0.974572548319379	0.613398201798202	0.964127580739381
PF01757.25	2.25404867589201	1.57198829319194	2.71079797937263	-0.947177046375034	2.06710756097164	0.392625766370579	0.288000009572812	0.287588536517696	0.957148115749231	0.230654145854146	0.747288226258534
PF12715.10	-1.98146402525906	-1.52202367054317	-2.31746497910265	0.80896412085823	4.27162627085191	-0.167105853179974	0.422000002960946	0.586652391659643	0.93956984046826	0.622551448551449	0.950015543983683
PF02492.22	2.94074045937427	1.99654300570025	3.20081549064833	-1.18890992966314	1.39036893810868	0.719437563667356	0.157333357264905	0.103406581991738	0.822195644053491	0.05800999000999	0.347143710815234
PF00708.21	-0.938760382534661	-0.96823383173828	-0.916188555091062	0.081281899134372	4.07773212303025	-0.0172354630808021	0.494337108803755	0.748074096436445	0.987121300120815	0.767915684315684	0.97822245757508
PF07503.15	-2.25184201046403	-1.49825001086625	-2.69228433998188	1.17717289068971	4.07709928439336	-0.23794961977954	0.372666671709787	0.478928048833033	0.883251506056194	0.486293306693307	0.885971306353419
PF01300.21	1.88545932851919	1.98734174228171	1.85538594289931	0.0972890608745756	1.63914841907652	-0.0372823581322232	0.471019321528573	0.702142649547644	0.983734009483149	0.772611788211788	0.983025640137551
PF17788.4	-2.27236954604988	-1.42483667279598	-2.73892308517276	1.34369105359177	4.09528354568782	-0.291713720907604	0.354000005911439	0.456310829010522	0.861788621264567	0.452143456543457	0.865493252901794
PF00069.28	3.25628580218732	3.20122414851964	3.27823675471621	-0.10966509269251	1.25317561763775	0.078098000087066	0.458361094155813	0.601868605383544	0.998594038206776	0.711393406593407	0.984515685878892
PF08305.14	3.46547507189226	4.32841080302723	2.80658776582568	1.10113865707921	1.92038556971613	-0.523889870124941	0.280666676725781	0.287855500092678	0.882176720143192	0.216635364635365	0.886117615465809
PF03692.18	-0.170010582661904	-1.05174704774634	0.182215544192105	-1.11847769256856	3.2175045200714	0.29005472994573	0.352431718170889	0.419771736744374	0.955629373812081	0.398694905094905	0.820204728770253
PF08238.15	6.64491981492273	4.48512283343901	6.98953969220051	-2.70847174802769	2.35175880448933	1.47935481106498	0.00133587799650914	0.0346178817952211	0.64875491466319	1.19880119880156e-05	0.000997425005373892
PF04519.16	2.74978583297683	2.72426936353566	2.75945574285563	-0.23549361042552	1.6942043131127	0.105024150823465	0.432666669206554	0.486314907440323	0.998999798941187	0.625166433566434	0.980643500691455
PF01120.20	1.56280611922343	1.08332960970352	1.84315946462437	-0.680795648483032	2.30895591115664	0.251796166640647	0.358666672355798	0.424328903745211	0.984211536176195	0.441254345654346	0.892390457614454
PF13899.9	0.715954700310354	1.26451131157512	0.506299199400519	0.636731676187859	2.50288035745336	-0.187824948019472	0.397333337303178	0.704201970757804	0.965547138426377	0.583812587412587	0.960254770062768
PF05656.17	-1.71907075036308	-1.43931984540288	-1.86011704548592	0.532641258525219	4.0067055167581	-0.108582485081047	0.436666669050594	0.636638664014809	0.945764031478441	0.64789010989011	0.946081226355975
PF02535.25	0.580307652200367	-0.929995085798058	1.29705271015963	-1.99665694481884	3.45155229408148	0.495711771574316	0.249167234249977	0.242470824345641	0.906923692987924	0.172729270729271	0.632566454267619
PF03435.21	1.22127107360357	1.02222761650277	1.30517032294972	-0.284009059940597	1.98970226798871	0.107668293101883	0.439040641862385	0.556144267010547	0.992509023607901	0.626792007992008	0.936904145669025
PF16653.8	1.1277784787008	1.0222084970628	1.17710018514577	-0.0696214484379674	2.29179059185189	0.0246606625207628	0.486666667160845	0.690689356868983	0.992001494841923	0.729051348651349	0.974238440534917
PF03755.16	2.22408261728575	2.80745346022747	1.91489998999296	0.832869552727029	1.55668452909514	-0.457380248632929	0.27248502060596	0.267458447975615	0.84409917733552	0.234188211788212	0.806718723633287
PF08340.14	2.26018633659942	2.85606740897707	1.94949001785465	0.827447178449127	1.49605141316815	-0.48224838966069	0.268000010950104	0.288102841776869	0.832955704117502	0.227448951048951	0.792791628592403
PF07549.17	4.10946444715784	3.90583820054767	4.29824772859843	-0.734469224753494	1.55873176890631	0.428271477232376	0.295136584722382	0.179395248742139	0.951149328069608	0.228573826173826	0.811049075198711
PF02355.19	4.7592903612965	4.67621200626901	4.8144743967776	-0.345388315880868	1.43230075506738	0.213274620376298	0.395333337387533	0.383814461484981	0.998928201370092	0.494628571428571	0.979514680306656
PF03641.17	-1.92515799803774	-1.56657712942413	-2.13732228880199	0.765110833551076	4.14769023386872	-0.153056133244107	0.419053967098574	0.584706244702992	0.927591458200575	0.601875724275724	0.930848935556632
PF13402.9	3.60777334671059	4.28081206172355	3.28785650274036	0.938962276101766	1.21323780929979	-0.666268576465833	0.210526331894529	0.148103348191604	0.71820319986656	0.0924683316683317	0.645401189610681
PF05977.16	-0.605206774193159	-0.918903067447113	-0.463440784198486	-0.220427159344747	3.48094737816316	0.0573840243356498	0.466355764074866	0.709328706482726	0.989985457482622	0.671171628371628	0.954790017853731
PF19528.2	0.7075147897124	1.65714789649294	0.265774630446833	1.29866374166751	2.79520486843709	-0.369601248815579	0.307128589326967	0.455776127087768	0.908418124005791	0.309448151848152	0.881663850426344
PF19580.2	-0.199713334449039	-0.42095800215894	-0.0289814679352007	-0.294216447669357	3.95727418341424	0.0580877450257026	0.465689541581532	0.749278297180292	0.994881316657756	0.708968231768232	0.973245456361976
PF03030.19	2.13244860867833	1.78638329226267	2.29330601345292	-0.647242229435583	1.82375533471272	0.280976043871714	0.339333339969129	0.414377829509156	0.982117254717274	0.386331268731269	0.85366291688772
PF04715.16	-0.631418196323326	-1.47483792347826	-0.237639138541965	-1.18102602109063	3.4124119051803	0.302279282283587	0.355333339180877	0.477626064819753	0.956265252115608	0.425744655344655	0.837134881290091
PF00425.21	-0.0814784401141262	-0.173028687423852	-0.0289128294161394	-0.171380640173678	3.48331001718278	0.0375025813379484	0.474350433995858	0.732315223581185	0.99042250462512	0.722837562437562	0.972203915871973
PF00697.25	-1.14911981153113	-1.53004725222773	-0.954932698126568	-0.3613743625932	4.01024166902049	0.0785833527738293	0.459027316648982	0.684023703338746	0.985385525928148	0.665706293706294	0.937741294839933
PF13088.9	2.24590950263702	3.8075980842884	1.939976896551	1.52299280863169	2.29374414608593	-0.511374986905699	0.279147245325478	0.467526042002657	0.926929063806676	0.212887112887113	0.886965711101271
PF00507.22	-0.293670211541765	-0.0707369993794584	-0.476971903743153	0.360932322185468	3.64919711097692	-0.0780546443529598	0.453031314211091	0.666490477320474	0.964213912657985	0.688675324675325	0.974588324371246
PF01835.22	1.3137940334453	1.31965397665221	1.30896013988497	0.0818032194743203	2.57560408482612	-0.0308718207035703	0.486666667160845	0.822001226720077	0.998412308995926	0.837837762237762	0.99643596911183
PF07703.17	-2.03899169990665	-1.47876035250998	-2.38369480013634	0.905817143509832	4.34800899441577	-0.179529805503072	0.399733514856683	0.542501779045684	0.920653358160643	0.573758641358641	0.933287120129926
PF00207.25	1.40361384789475	1.27510914578978	1.46705639077733	-0.111774822942943	2.49419641379786	0.0354196489325828	0.479013991450479	0.721683611314076	0.997642181036318	0.755119280719281	0.990541591619992
PF07678.17	-2.15111727991851	-1.47677079021291	-2.47928413946891	0.998369896622745	4.15350211055129	-0.213425628209083	0.392405067464063	0.522232635197007	0.890396195671641	0.535237162837163	0.892853321606415
PF17973.4	1.25058082757963	1.36056199439661	1.19148221894056	0.183489005793227	2.56923874180268	-0.060531137181543	0.469333334473424	0.795491445150019	0.99337406037119	0.785815784215784	0.994925112447561
PF00285.24	2.81292156071129	3.0074726742461	2.67627547768195	0.169090068085065	1.42444170047021	-0.104315409175933	0.443037976818143	0.710833969027585	0.988046144751561	0.703723476523476	0.989837744627224
PF13482.9	0.470785462049947	-0.206609487936539	0.81683497198451	-1.18550639048874	2.95294228910639	0.311379961212117	0.338000006703729	0.387524620296309	0.959788186076241	0.334569030969031	0.816751898631759
PF05157.18	1.3392915352089	-1.36306978972573	1.94283371488115	-3.27385463034499	2.71767801307658	1.08669476905216	0.0653333992414991	0.0335368006850388	0.561150179850114	0.0110577422577423	0.105257870551154
PF03023.17	-0.961890679757641	-0.533118908912721	-1.18043638678164	0.754447124771108	3.3860395139328	-0.182590714522441	0.402000003774635	0.58736997358094	0.937329977275579	0.589161638361638	0.928315604720804
PF00081.25	-0.567184468075435	-1.41932129259746	-0.152329020706917	-1.08411914331664	3.58320902118812	0.260983823713306	0.359333338991004	0.484691268739367	0.959973897371269	0.434302897102897	0.840366675818825
PF02777.21	-0.54970069582229	-1.33271219672771	-0.203660916971989	-0.933188740813291	3.56753181814968	0.236279928724077	0.368666671891333	0.513059652838748	0.972463913091226	0.457054545454545	0.87074296674765
PF00662.23	1.18187211964251	0.331563505729116	1.60413636110701	-1.65256605220288	3.10279214586934	0.45481572836329	0.290666676067556	0.191992898405114	0.91842877313387	0.221108891108891	0.743849211833838
PF00499.23	-0.696244587584583	-1.01983099220532	-0.483760483368589	-0.597273008181324	4.15802326717562	0.123275298849036	0.436000002409853	0.670665124950715	0.989211482294745	0.610913486513486	0.94944177844717
PF01512.20	4.66556106784762	5.31785753670129	4.2950390315497	0.98531389960403	0.841092822911429	-1.07299362178604	0.129333363812067	0.015408139467915	0.317010378669261	0.0238305694305694	0.367137900454632
PF10531.12	5.07151779592763	5.27543712492653	5.01906763536787	0.226564850030538	0.85699409939918	-0.228764550319549	0.400399737347201	0.630083712054657	0.989640279972661	0.58253946053946	0.98027017626197
PF10589.12	3.21158508336155	3.92411672641792	2.99568045971493	0.792909415423323	1.69189134077412	-0.421904098006469	0.319120593973523	0.337063683705061	0.921989985865061	0.349407392607393	0.939037318443433
PF01522.24	3.23900633089469	2.62817034979146	3.3933289829487	-0.775740881031176	1.45643602878564	0.408961910276678	0.283144580165811	0.21970500809958	0.961014489488306	0.213460939060939	0.722853470963473
PF02470.23	-0.424055747944145	0.239468546137331	-0.863569687022994	1.05749384067923	3.42802577936967	-0.263173564356569	0.351765495684751	0.438219310974014	0.889162041443679	0.426716083916084	0.889135659521376
PF06325.16	1.08261211704851	0.846398112082497	1.16744241372378	-0.353078631279767	2.01406254064357	0.138925617834991	0.415722854640748	0.50561684699991	0.990562681673022	0.586685314685315	0.93603214781918
PF02446.20	3.15399524280434	2.62939486007084	3.48757961737824	-0.886916936223601	1.13158032890062	0.720446023590622	0.183877434535728	0.0938020767785423	0.761717803799883	0.0795564435564436	0.442132830202409
PF00919.23	3.77796826811205	4.35245036806132	3.50315266866416	0.814515409262469	1.03556305870901	-0.696510763914242	0.204000016878137	0.216851867904499	0.767354671091137	0.0968907092907093	0.64276496034628
PF18693.4	2.79397687144842	3.80487644751831	2.20778455379408	1.6764527431889	1.45390028813913	-1.11753791183672	0.101333373868732	0.023593494394208	0.322861075362705	0.0194893106893107	0.299326647714658
PF04408.26	-1.78195919262457	0.119446153571699	-2.82691463569622	2.84493587764958	3.84564480046392	-0.640079359632752	0.204000016878137	0.178706537700017	0.64234781294839	0.140408391608392	0.607435325555416
PF18565.4	4.26024327756125	4.29943502400053	4.24364564585343	-0.103246715946717	1.43585819663683	0.0488031144239529	0.467021986568215	0.491599754396713	1	0.763492507492507	0.998455145973696
PF16193.8	2.16168656995203	1.25758384539269	2.48385499363272	-1.13254424159076	1.60857880085816	0.644005800250515	0.217333348720104	0.145340227721	0.815419228603567	0.133696303696304	0.516095596393278
PF12002.11	2.15810087970085	1.22002530432924	2.49793302445973	-1.16803911677244	1.57787959314776	0.661371406039427	0.210666682777509	0.12821322381764	0.784263690656247	0.126193406593407	0.486871697879067
PF02283.19	-0.636046283533823	-0.498866629724201	-0.78200924921931	0.276265096740943	4.1807431613167	-0.053270578796704	0.469333334473424	0.651980608177204	0.976006560887782	0.732897902097902	0.987946928813585
PF01301.22	1.35527244983907	0.753412995529138	1.88135879390319	-0.994585037710761	2.98405592978424	0.275276768767708	0.342666673134211	0.48412860129402	0.983522483620017	0.331005394605395	0.861148617206281
PF13505.9	0.422909655387153	0.354957164218744	0.543079455268518	-0.390208168311354	4.30071676528819	0.0800629105616864	0.458666668208064	0.812565954058608	0.999021082094917	0.697392207792208	0.990271077159514
PF18765.4	-0.381549747544408	-1.53427007997648	0.0548596344931447	-1.43061473336481	3.27216879900004	0.351581585550678	0.309127256765295	0.351431560485145	0.918531041161296	0.315246353646354	0.710005011092532
PF16870.8	-2.09268050759368	-1.44014309799888	-2.47954527360918	1.11568752484331	4.1562483204269	-0.229303605834056	0.378000004804562	0.509777466177553	0.905988628888075	0.514760839160839	0.913159186583327
PF01663.25	-0.112621410334268	-0.424616710921321	0.00649632837654224	-0.414922351146792	3.08145442342341	0.113911153808822	0.443704199310853	0.624513381474389	0.989094460463878	0.648013586413586	0.94204450431828
PF09382.13	1.95283403987759	-0.113953021148118	2.31617011812007	-2.38649041398363	2.96218703382159	0.690740192213738	0.20053299528734	0.0906187893766968	0.831920699597378	0.0610953046953047	0.425156301949709
PF00570.26	2.02449687605899	-0.0985036959625294	2.39967479116629	-2.52462578108457	2.84354422352169	0.774388254475245	0.198534327978905	0.0836270200287326	0.81853716496477	0.0606745254745255	0.41579222018379
PF01643.20	0.473665703551917	0.842010876997795	0.319780586727055	0.493141577458974	2.57398656909125	-0.155255514109021	0.405729517272928	0.66006668252167	0.964306215830817	0.590103096903097	0.954879087702669
PF07786.15	-0.59349907964933	-0.430020645840885	-0.661466134157751	0.280667849499538	3.43376937891764	-0.0604276054371242	0.459333334849536	0.702590721412177	0.967504468924779	0.710771228771229	0.967267497894193
PF04235.15	-1.82134468670691	-1.48304013996184	-2.0056125887561	0.584733454194574	4.23584404609227	-0.112962068066763	0.44000000225469	0.614536700759564	0.94979435713605	0.65213946053946	0.958074605894582
PF01704.21	1.61201515729918	1.72667677344703	1.55147268187139	0.237224352056226	2.59483698132184	-0.0641328211364215	0.455029981690227	0.777883545989272	0.993717833651016	0.751320679320679	0.992946929333378
PF08241.15	2.24749618915108	1.10452639143457	2.82454198452491	-1.53563195344297	2.18546052924111	0.644398510178939	0.198000017609354	0.117293854165188	0.842618804436827	0.0761974025974026	0.470407023691341
PF04991.16	2.92502364134053	2.14577113823993	3.4895572520631	-1.38081720028108	1.6498255199124	0.751449982734836	0.180000020074263	0.0872670672314201	0.758368993846459	0.0544735264735265	0.395278701945909
PF02698.20	1.31036156184159	1.01696949283361	1.45565801438549	-0.35300930790593	2.34929370768394	0.110057283411359	0.428000002723133	0.633876421031256	0.996790920650538	0.584784015984016	0.936680497235485
PF07726.14	1.16157999058944	0.512706640269782	1.47111769879514	-0.962242904478001	2.37764234513197	0.35520584626834	0.319333341029517	0.312600387184431	0.953257603227441	0.311044155844156	0.7939005853711
PF17863.4	1.25559312374012	0.71583514647789	1.4811732550296	-0.699346157204723	2.35147984737242	0.250995260148134	0.366000005347005	0.399749555209608	0.982715276504417	0.423504095904096	0.880747424582463
PF12541.11	0.0678563558212142	-0.528172831948731	0.35803589778973	-1.33375248948997	3.16106759698764	0.35762669457973	0.31978681645501	0.297555185961291	0.937638118837162	0.318954645354645	0.792461750797713
PF04015.15	2.40627775494356	2.98496438870258	2.16301906158184	0.884192558634424	1.23533607704518	-0.6491202214251	0.223333348102116	0.219891067579814	0.721273875287816	0.150202197802198	0.665859698090735
PF17785.4	0.113313286920975	-0.0493539823403504	0.185078051408844	-0.239089788191352	3.08270782941543	0.0689712843453359	0.466666667906746	0.689828132386303	0.993179568221793	0.694200999000999	0.971742076869079
PF10672.12	1.68574021949001	1.11055273870723	1.86497332622972	-0.79099593666721	2.07358818145395	0.291387733921771	0.340000006601966	0.294903783745935	0.970163161829049	0.370498301698302	0.827822887589445
PF13502.9	-1.09607002668255	-1.54597140122966	-0.862026545014539	-0.654009107030175	3.96661859761318	0.149372571514816	0.425333336161842	0.658000601930624	0.984276208130847	0.616199400599401	0.934308812360659
PF13667.9	-0.346895683842293	0.208901398608768	-0.689981803012047	0.85372277211963	3.65773841478792	-0.201833448865977	0.367088612884815	0.50778526267659	0.926849554636788	0.507593606393606	0.928041226268341
PF07732.18	-2.16231727220539	-1.43639315456526	-2.58216786921212	1.09950636452025	4.14242454274296	-0.232110670719787	0.378000004804562	0.524988192790478	0.905355858771292	0.517112087912088	0.907744284834538
PF00394.25	-2.34234206718473	-1.45106463119745	-2.85226551817741	1.40878591953324	4.15299777364044	-0.30610663625753	0.352000006007865	0.432615878643948	0.862642788442425	0.429432567432567	0.867321997656196
PF07731.17	-2.0627243715048	-1.5778522920594	-2.3395047441419	0.878947826245919	4.21767534547776	-0.194616079066981	0.402666670413595	0.595709036589317	0.923105262943451	0.591846953046953	0.927491344477713
PF02844.18	3.04339336724503	3.24356650865695	2.89370210217021	0.196001193409866	1.18482362100874	-0.12723957355369	0.434666669128451	0.813939964252338	0.995484156281485	0.70714005994006	0.991904316612349
PF01071.22	3.04627062458719	3.24150379783282	2.89799676640362	0.173878004755299	1.2177074731997	-0.117309110972867	0.445702866789121	0.806903008424188	0.996086057158474	0.699932067932068	0.992800899836381
PF02843.19	3.03975071131413	3.22726506568968	2.90726349243609	0.172507804649495	1.2194420259899	-0.103342600114676	0.452000001794314	0.791845080122177	0.990242796458097	0.703421778221778	0.990697544218437
PF01618.19	4.2899518665362	4.4479523355328	3.97472967750217	0.326388830598482	1.17003047009896	-0.257102486261179	0.395736179914541	0.590531834243221	0.99486099939627	0.579535664335664	0.995993886224867
PF08323.14	4.4181173394125	4.29167877650259	4.52271349011659	-0.382997069771166	1.25621947577762	0.308525879543392	0.368666671891333	0.361213178307206	0.987808228198548	0.422206993006993	0.946341775791195
PF10996.11	3.20444025953277	3.79207846220793	2.82822233554534	0.91818807395162	0.968425525221945	-0.887014869930804	0.171219208633065	0.0606644010236148	0.473307714731143	0.0691160839160839	0.512531950984828
PF14057.9	6.3719924177314	6.64203271007111	6.31522231733716	0.353733024190633	1.07754315690917	-0.277170962844688	0.36933333852758	0.341661221234645	0.99192710399199	0.499594005994006	0.995174009649227
PF02086.18	1.16004887422914	-0.94979695898633	1.9759538940352	-2.62472013234524	3.34804966917015	0.698610167643719	0.169333355100261	0.128376085468779	0.787240906770718	0.0496983016983017	0.354757941325587
PF02537.18	-2.24051702496621	-1.31502143932239	-2.80682958843781	1.40092326787211	4.30001095055996	-0.273428581350096	0.36175883298481	0.476108902378585	0.870570473676979	0.46714045954046	0.881067368087603
PF03331.16	0.526539339054561	0.883163058505747	0.364935174312509	0.33644161854357	2.86152379446046	-0.104658145235673	0.446000002023603	0.74428292528273	0.98703372789701	0.699445354645355	0.984548088117123
PF20154.2	0.910516195825405	0.162930425196171	1.14355747459358	-1.05526897912254	2.28326294883488	0.396522757690862	0.303797476932353	0.263554423657954	0.926402078832774	0.312883516483516	0.724277643421844
PF01578.23	-1.1403168919798	-0.949743783763464	-1.27592263064556	0.262939503027779	4.21455686867657	-0.0552274685127741	0.472000001040299	0.698332558783728	0.971702704115583	0.743651148851149	0.98319925960999
PF05140.17	-1.18846829995276	-1.56662231734468	-0.940986600430951	-0.35921239188273	4.0246108120707	0.0743572890596204	0.455696204183309	0.677628813299738	0.984789960887111	0.642931468531469	0.942199924416309
PF09375.13	-2.19775100999323	-1.44678306874212	-2.65710688573328	1.2052583429751	4.46647423761753	-0.23598964797569	0.375333338256687	0.512247705846253	0.897187875589132	0.523096903096903	0.913104426682757
PF13437.9	2.90665253857567	2.16116085436443	3.11921546453982	-0.774463706140513	1.68688021601879	0.408174099622636	0.301798809497187	0.277599205341967	0.960324551911978	0.272754045954046	0.811814823669587
PF00701.25	3.08114803851482	4.4266868400689	2.82374953424553	1.49425437690448	1.33904459959347	-0.864773844298649	0.211192554338625	0.143274188796382	0.732891719458506	0.108408391608392	0.659107687920294
PF07221.14	1.62036634590951	1.08957405484604	1.78702766474746	-0.641325393873152	1.76444740778889	0.291103124671241	0.353097940657105	0.38682826752786	0.973162585857665	0.40306013986014	0.842138837177222
PF12900.10	0.787562267699774	0.662649447056242	0.842507228651204	-0.0384227866411608	2.89840928398706	0.0124189193187219	0.491672218829097	0.743814282804569	0.997873712680711	0.76628011988012	0.982437850252963
PF07691.15	-0.113853176149471	-0.9675513681775	0.94667860252892	-1.84071609702653	4.54719038690072	0.355939769726617	0.331778821140233	0.428258990448144	0.964218299337746	0.315096103896104	0.854030113264689
PF02607.20	2.22718690183584	2.06273550257483	2.31618638777546	-0.100889493351761	1.7404870835227	0.0498103055852872	0.474000000965574	0.810795183595889	0.996069662665732	0.729855344655345	0.985891750568831
PF02310.22	3.9537239708822	3.76406552630729	4.05225612475421	-0.413093451922689	1.20102612397282	0.31421709652013	0.352431718170889	0.35767680960788	0.980547605893288	0.392594605394605	0.901247417605634
PF02965.20	-0.76889309383055	-0.973987650346393	-0.572129108291448	-0.34404401754542	4.39077769086461	0.0696866076184527	0.460359761635369	0.768174437285198	0.99188267152875	0.701489310689311	0.976838839757632
PF01326.22	8.94255678533992	8.87046151117381	8.99807771278924	-0.140131094900611	0.906858469618142	0.139960568484662	0.430000002644423	0.92938329365904	1	0.596177022977023	1
PF01642.25	3.57809626222741	3.45181580204493	3.66824244533774	-0.27967626954112	1.74717961016897	0.13984446412436	0.429713526969265	0.574586240356487	0.999930581759339	0.636268531468531	0.994152174833064
PF13669.9	1.27604710676756	0.741318291092303	1.52277367266919	-0.744207658206562	2.63848803343948	0.236172147588572	0.368000005255151	0.381326845655069	0.984409715195756	0.424792807192807	0.890305910126374
PF02082.23	1.05087412293975	-0.229033803499512	1.44261608729537	-1.44581782810407	3.32453165056499	0.38105008752648	0.296469029676195	0.30639868405548	0.95201636287822	0.242348051948052	0.754665018105464
PF01039.25	5.16036596050967	5.35009749166105	5.03968423457835	0.288854426376945	0.954754875479546	-0.280886823598398	0.369753502836437	0.430005771610279	0.972931507583304	0.495191608391608	0.986320596544045
PF14864.9	-2.33616658345151	-1.4756042577257	-2.8180410178337	1.3153411536402	4.26375182539686	-0.257409261899035	0.367754835372621	0.474375128972093	0.872510926985531	0.47356043956044	0.882993968567669
PF02075.20	-1.18342903675799	-1.46109030421991	-0.966326701653274	-0.426300217820643	4.25457592332363	0.0824438864995102	0.458361094155813	0.732071688068248	0.988110218493983	0.691588011988012	0.957872165215632
PF04909.17	0.387062742330612	0.456574741558652	0.34887808846764	0.213442978405866	2.44024059695026	-0.0693520732735616	0.464000001340281	0.758248864290466	0.978719618426574	0.718701298701299	0.977746514354676
PF00303.22	1.27391380621696	2.25163612734618	0.691775121352323	1.51694462899544	1.70933883442005	-0.798784349518613	0.201865440162144	0.081686292133001	0.526949170032198	0.0941098901098901	0.572697254298076
PF10609.12	1.94043776831351	1.45977970883739	2.14130703579608	-0.618583875313992	2.30291802250904	0.229286615150983	0.357095275576019	0.375044228574985	0.988162514099659	0.383614385614386	0.878325125760102
PF04845.16	-2.06075395600636	-1.38357996229867	-2.42620846876114	1.02860343164614	4.15965551970735	-0.202519935309187	0.391738844974114	0.535851120091963	0.901184612233441	0.54311968031968	0.909707695059775
PF03977.16	4.09382685205006	3.82854154721446	4.25131810292344	-0.421346480511748	1.35547904260351	0.300763080405208	0.366666671982987	0.410982656145365	0.993847358401933	0.427759040959041	0.959053156236601
PF02684.18	-1.36016628912307	-1.07976073749746	-1.50224548642128	0.45604081319053	3.80317183692392	-0.0985552810029797	0.444370421803586	0.66479950088883	0.957422412898313	0.664004795204795	0.962017300425753
PF02550.18	2.84245569615593	3.10166299279407	2.74153481369696	0.273885663078883	1.27167848896321	-0.1749801167068	0.417055299623771	0.708077439888038	0.978496729721514	0.608523076923077	0.967818590468931
PF13336.9	2.86715299936778	3.16511668688365	2.77941526916911	0.320457727518666	1.27437871967018	-0.209184357524526	0.406000003609039	0.691818749200221	0.984083252615065	0.610358041958042	0.973027396207164
PF01619.21	-2.14711061563659	-1.47429460392276	-2.536160529485	1.17495271993957	4.06430525251973	-0.249458109538439	0.376000004893566	0.501988598142029	0.905280696713928	0.511764235764236	0.903332245444776
PF00199.22	-2.24413678828956	-1.50587406396414	-2.69724135677914	1.18487772699837	4.19620370721469	-0.250170140490062	0.360000005626285	0.455124736128222	0.858510046382496	0.476325274725275	0.870230148039217
PF06628.15	-2.23924579599183	-1.50744957703539	-2.66363380179375	1.35590852292237	4.2708328134464	-0.271873247156319	0.359093943036492	0.483181278666523	0.876226941556105	0.478603796203796	0.88149448602126
PF19567.2	-0.164581273898315	-0.738653770718238	0.00118619557995459	-0.466777485402027	3.56215050436238	0.116426517705842	0.44533333538252	0.637795366888934	0.98792822963566	0.611749050949051	0.933198566087731
PF02397.19	3.09426761638434	2.76960561115152	3.19214699396283	-0.339421488827987	1.2775979310513	0.24987994303813	0.387741510035488	0.510421351724462	0.988333338608556	0.510754045954046	0.927274451661047
PF04932.18	1.72105088205838	0.545235146240671	2.20898282803735	-1.64602458562053	1.95320522696876	0.746831615244817	0.149333358892942	0.0874083969232442	0.755659805888555	0.0535668331668332	0.332650307512237
PF19805.2	-2.16911709040565	-1.49064570223032	-2.53823598669083	1.08999788878583	4.20604089744086	-0.227174972452315	0.383744175098753	0.506655534185851	0.890952582488873	0.526127472527472	0.901169353291643
PF00933.24	5.01316233744036	4.42272730239403	5.26565263260613	-0.852531039054286	1.0831443089753	0.668270892188627	0.173333354442363	0.109748319632837	0.885739521106445	0.045922077922078	0.383265255412451
PF01058.25	-0.725209536465766	-0.996264682750183	-0.556749940526053	-0.511853571686781	3.76490772737726	0.105687181262208	0.442371754325456	0.67544877873876	0.988255096965007	0.625879320679321	0.938216728558212
PF01155.22	-2.33610163278086	-1.46707093557971	-2.78463956241943	1.29438858109472	4.23603856654984	-0.289508337438783	0.358427720549594	0.476900912319444	0.869659027483017	0.475756643356643	0.863890410514701
PF13385.9	4.87909572963378	5.11593316216187	4.78170581135266	0.233170944041805	2.41724987566707	-0.0586112220685182	0.451698869225096	0.573959196460003	1	0.798187412587413	1
PF13004.10	0.031860599185884	-0.926437266003128	0.742864493212902	-1.52601013305029	4.14814174831444	0.307748499249695	0.336442378526689	0.480646089148712	0.970676488851442	0.338394805194805	0.850484318470904
PF08534.13	0.718936797757517	0.183736295946363	1.03723554384757	-0.733518130111716	2.92832237177718	0.217394051446266	0.371085947812638	0.481797956247303	0.984076027906499	0.48571988011988	0.901578154818775
PF13246.9	-0.249126380974531	-0.981227946217573	0.311241144076753	-1.10586516397226	3.89583919281533	0.227697362224969	0.37574950523133	0.561079805500223	0.97418960670363	0.444381218781219	0.87692515572509
PF07669.14	1.70110666777091	1.51889479806636	1.78882663979559	-0.366978850694562	2.39978618543305	0.115615819797193	0.425716192016797	0.526439743586229	0.996509340375486	0.592346053946054	0.960939411852502
PF12950.10	-1.22458148422234	-1.55733205484253	-1.08807269238427	-0.299097424029328	4.00455704397778	0.0679974698608325	0.468354431554951	0.710635149913232	0.985497778395808	0.686461138861139	0.95698136318679
PF00520.34	-1.52741300162484	-1.06071846539466	-1.82895702189355	0.793670119558819	4.32600309979726	-0.149150969369564	0.406666670248255	0.570158582770286	0.928114975018197	0.591002597402597	0.943195275896475
PF02548.18	-1.0898385743771	-1.47078714736608	-0.914948811228774	-0.273305596094094	3.86678827198971	0.0615179592538808	0.469686876541738	0.730201418247754	0.986760194575612	0.679758241758242	0.948275136662633
PF13905.9	-1.11333343382881	-1.44267511880618	-0.914713053301797	-0.504921452897012	4.36749449223868	0.0934492812202075	0.453031314211091	0.708574118603597	0.990386105663497	0.66136983016983	0.955290523185727
PF07698.14	-0.397037645816757	-1.52798148756109	0.119866241065892	-1.47429291343883	3.22393805996345	0.392858487873308	0.307128589326967	0.350628943961927	0.929762229141088	0.311629170829171	0.742787778197667
PF01202.25	0.769585341910179	1.26108095330594	0.614329220506531	0.553401680252426	2.20905226636497	-0.179657893601561	0.402666670413595	0.748162122460481	0.968504556064921	0.583467732267732	0.953533973582785
PF16355.8	4.14905801209787	3.94362753756448	4.25489788231327	-0.443282023210378	1.54241623472941	0.187932720350286	0.367088612884815	0.341944397220145	0.999126667934261	0.432622577422577	0.950967323723429
PF06415.16	4.56412615563225	4.42755070860676	4.62656700028711	-0.216349167964414	1.092833226959	0.177152588422542	0.39800000394182	0.561622256991119	0.998704487432684	0.527493706293706	0.955832993372621
PF03061.25	0.944810407356268	-0.840492311036863	1.61311594679224	-2.54853059911438	3.10316193663294	0.740434013464883	0.187874769082787	0.0874521211021572	0.780395845074484	0.0682941058941059	0.409976155131561
PF00158.29	1.21129844402448	0.519786657775475	1.95335144410067	-1.24826713461816	2.67480417382397	0.385629118657855	0.303797476932353	0.305169531466493	0.952174226546404	0.241278721278721	0.774648567577922
PF02954.22	0.908093616859327	0.70463016938371	1.19430601646646	-0.520703515275923	3.16818929221131	0.118349981097291	0.425333336161842	0.711535517215006	0.996375195734387	0.603413786213786	0.970988121405007
PF02609.19	-0.985176846162418	-1.54732952594307	-0.6899957778316	-0.722643105870899	3.56751290438308	0.172405030728765	0.411059297201336	0.58153401296072	0.977553009710335	0.55523956043956	0.90382566230633
PF03739.17	0.518773173221917	0.613487660949891	0.404977450107348	0.204428451363297	3.3430341754462	-0.0469213228719248	0.46502331908821	0.627844030482496	0.982685039016341	0.745965634365634	0.99222174476543
PF01553.24	1.9687127623577	1.26108597506639	2.23814975468041	-1.08272999208074	2.10681791211136	0.433427132000291	0.260666678165493	0.20908728187605	0.928472244057604	0.2036	0.646311368767419
PF11412.11	-0.923461759197261	-1.00828807644975	-0.863215149807608	-0.25428451986126	4.16671894891273	0.0527936101333016	0.475016656489348	0.755548753539959	0.991944561370991	0.735025374625375	0.966248788480374
PF09180.14	3.2519314492193	3.82507764190608	3.00591143316656	0.792098473132418	0.85503095761467	-0.824931713489781	0.177333353812666	0.114074239211839	0.558220760733428	0.0881222777222777	0.517711981735374
PF01061.27	1.78858077977242	0.501625295437535	2.18746659112628	-1.79773109455652	2.36949683637217	0.664061630499436	0.181878767270915	0.0975462446967793	0.817478893335597	0.0670113886113886	0.388281429821194
PF00494.22	-2.35565486783276	-1.48339941544496	-2.84011012244378	1.31861099810355	4.16708128672596	-0.27651528426886	0.358000005720664	0.452686487715177	0.86898510468057	0.443996403596404	0.863696597032173
PF07494.14	2.47714880877328	0.627402052639275	3.77540091998256	-3.08303484685785	3.27161243826899	0.807041698663984	0.160000023423704	0.0625177327565971	0.767910938012434	0.0312631368631369	0.305872085162438
PF14537.9	-2.02593104159089	-0.455735113177317	-2.88588375693285	2.36368044499404	4.22699421862447	-0.501733919566428	0.256495681360653	0.269124453960165	0.746228463461804	0.241084115884116	0.732739818874256
PF13287.9	3.47834659293229	2.52864907977553	4.11421464919771	-1.78203690097485	2.34132404984644	0.711360887773391	0.181878767270915	0.076623459610188	0.790123453847526	0.0458469530469531	0.388503323398485
PF12679.10	1.88133031634657	0.286597177382537	2.41282034746501	-2.13332292345473	2.66005782761736	0.765793383864726	0.158560983024598	0.0862409275315298	0.78334036764342	0.0446153846153846	0.327833060242113
PF13500.9	-0.275469928045882	0.927615816520639	-0.902908836220257	1.69627482143238	3.27029811901479	-0.448312027617564	0.262000011397128	0.313946008316829	0.810656884894422	0.241375824175824	0.793987634212693
PF01235.20	3.53195942298728	4.33043294929046	2.73597575764971	1.4456911970767	1.36621098019788	-0.891145521892197	0.166666688888874	0.0662606540236863	0.595833512731262	0.0511192807192807	0.52322284407137
PF13379.9	-0.453844094736282	-0.313795736553153	-0.502389310978321	0.228294416587174	3.04774544670139	-0.0571913103123366	0.465333334623486	0.761808221179775	0.975900093811428	0.707523676323676	0.968505009126271
PF00023.33	-1.65961341183931	-1.48047240307282	-1.77385404728336	0.0847174942727404	4.50472809644049	-0.0183641215752669	0.49100599633544	0.721182646206771	0.982555664379075	0.778976623376623	0.970957939778437
PF03950.21	3.78856193013293	3.99758995415325	3.68619611027214	0.368028090971277	0.983298451608707	-0.33962377140925	0.339107268463884	0.418844430084235	0.919896480260234	0.407596803196803	0.922020611617185
PF17764.4	2.18597757419272	2.48633514194315	2.02908131809937	0.468600471454435	1.15858009832329	-0.374094624195262	0.323333340809957	0.390258557283739	0.842362942151506	0.389647152847153	0.839304815241569
PF18319.4	2.1714162915195	2.52529033817928	2.00971828696395	0.527147628778926	1.18647579057436	-0.4034280701255	0.323117928864115	0.380005074028208	0.848084000803373	0.37622017982018	0.845133579720548
PF18074.4	1.96447858988943	2.46722310755106	1.65162816763138	0.819803267107591	1.23315562082561	-0.610828339334039	0.255333345247989	0.219074680243657	0.727646548753176	0.228482717282717	0.734919273512507
PF00768.23	3.52492173914668	3.06430981487117	3.75143269064798	-0.665128121799013	0.84105080348273	0.726256397394031	0.195333351281025	0.119431360824842	0.751840044721987	0.0972083916083916	0.467675833001426
PF01678.22	2.9733585374389	2.6178659249258	3.09114622344001	-0.512452595956201	1.90526690786063	0.225366446362898	0.372418392789095	0.385762390962606	0.994588507135219	0.438210989010989	0.931284241354813
PF08281.15	4.38299621704801	4.05647071181972	4.48709136146599	-0.512551103352545	1.07245199999973	0.452270138236995	0.299800142063257	0.243571296014164	0.962321870493531	0.233152847152847	0.763517787727368
PF13673.10	2.9647112946402	2.4154694452986	3.18809236720773	-0.727667691168755	1.57995516805013	0.429727963391691	0.281145912744863	0.218882196452584	0.941146015947244	0.208401598401598	0.715825017768406
PF04127.18	1.39484093131634	3.02262387372379	0.753220552388528	2.26951934050066	1.54915467545308	-1.34121710728178	0.0772818669404057	0.0169302327382192	0.242398930746491	0.0113886113886114	0.224516034123682
PF13376.9	1.18869757076404	1.65262463552474	0.962115304183787	0.659091488510135	2.20034998494855	-0.234398030652186	0.361333338897062	0.526072493014363	0.940341389805866	0.457230769230769	0.915539743914942
PF01041.20	3.79990653607588	3.43798458358704	3.93785253710824	-0.599208335220946	1.29053245029622	0.391619154492561	0.279147245325478	0.196219927400039	0.95452130065926	0.233961638361638	0.737595136975296
PF00456.24	3.59736554813916	3.22948184384551	3.87446441360712	-0.747564431793357	1.48660235882542	0.463167361752394	0.292000009315869	0.208445500562471	0.946942085544133	0.211856143856144	0.784044180840031
PF05343.17	0.437606601532154	1.75570788802853	-0.182858828113416	1.90871975811808	2.61824701987417	-0.609853237545293	0.217854778802425	0.212612599784722	0.723850756267698	0.135987612387612	0.662501716227638
PF10150.12	2.43298384999974	2.70353474716536	2.16428499780439	0.344014079285611	1.70791889009215	-0.147204420026165	0.411725519692567	0.763039786534119	0.98194878667298	0.626115084915085	0.98345955061221
PF07555.16	3.63719072479517	5.29820919139851	3.15286178316902	1.61604302254702	1.88416191648978	-0.751815918369553	0.222666681502626	0.169695681509353	0.795066965204977	0.0945494505494505	0.688570331716596
PF06725.14	0.212650708867042	1.7481950189915	-0.460676683075684	2.27767181554873	2.46285220946964	-0.819342126108694	0.173333354442363	0.143503173402142	0.598397088814211	0.0815192807192807	0.529719506790682
PF00218.24	-1.40830880729704	-1.48267335963313	-1.36875645055661	-0.002583142809085	3.91678990846919	0.000453128096658798	0.499333333358025	0.747102013413463	0.982960831032355	0.727927272727273	0.961804615483389
PF02021.20	-0.821882477809107	-0.468154391013601	-1.0226689997387	0.684648433644559	3.69899915200554	-0.154285747507128	0.407333336887512	0.597717179290922	0.947854644535351	0.627769430569431	0.952976340017033
PF03819.20	1.11454049759202	1.79544468544354	0.580998668176592	1.12205154759194	2.95980179564853	-0.326235307274872	0.330666673750784	0.369725151587375	0.92411439110053	0.382899100899101	0.945720165074731
PF01612.23	0.916374837293252	0.337892974297937	1.21220958360106	-0.773821413278204	2.62587048072551	0.252249649084987	0.359333338991004	0.410345837460942	0.971387257699935	0.41202037962038	0.852009700796011
PF02606.17	-0.52965679444508	-0.883547562851129	-0.350181566730572	-0.260916694079103	3.68903700480583	0.050078994832975	0.46369087410161	0.699000685845668	0.993645218909224	0.672546253746254	0.958987455955058
PF16654.8	1.87347280572691	1.96237645333248	1.83209720277506	-0.128708626823046	1.7857475811775	0.0507609686098628	0.472000001040299	0.611815057968548	0.99811709552165	0.73253986013986	0.984329506844333
PF02517.19	3.15518393364441	1.59029027474076	3.5133908066187	-2.08722408409386	1.71909620674246	1.09841608449335	0.0559627692578783	0.0339291319004975	0.569531276430696	0.00485354645354649	0.0836198410579686
PF19576.2	-0.764269766716784	-0.827088581512203	-0.72139978237263	0.041661197581325	3.79903339122456	-0.00988465448113363	0.495003331297425	0.774747868262377	0.990515539484488	0.765148051948052	0.982126091478509
PF13444.9	-0.809676735364707	-0.878997666178918	-0.777224206983299	-0.0160729825252046	3.46696751087246	0.00451729797546168	0.496000000148157	0.723477254523875	0.981594658195723	0.735826173826174	0.960033417039444
PF14238.9	-0.751833362307051	-1.59267985403318	-0.326564093094209	-1.10514100976528	4.08945131822636	0.22646090010512	0.370000005163893	0.549452741235994	0.977229008484653	0.463713486513486	0.883259515271007
PF01613.21	2.55493634103469	2.99789908265724	2.17610900022695	0.615649601917578	1.5699741855035	-0.342514661340354	0.348666672836835	0.451047209104101	0.917858216552078	0.416722077922078	0.942674551161252
PF00217.22	-1.73768227126435	-1.52319662143429	-1.87450255959672	0.425006363187769	4.04710812048022	-0.0892982629006459	0.450000001870557	0.642116826335718	0.947218083679674	0.65902977022977	0.949728025898282
PF02012.23	-0.260387318437517	-1.4890796837484	0.620311217985044	-2.54328965433834	4.93261717619836	0.45337414533526	0.29466667581433	0.298782960645808	0.926855890897839	0.251851748251748	0.775935448817954
PF00667.23	-0.557504662181598	0.981535309057213	-1.92992336316084	2.63406009636808	3.6651693107604	-0.641724487750397	0.216000015528324	0.11935686463194	0.610014461590634	0.113422177822178	0.64098627609753
PF00175.24	4.10217682181054	4.74878474830298	3.62779126139423	1.08208679921603	0.969635358886793	-1.05647040750649	0.114000035385422	0.0193751683631345	0.317566794892447	0.0178661338661339	0.30492975447393
PF13477.9	0.488287075185678	1.45336386582788	0.133602129156921	1.21519443361933	2.78744357099694	-0.340724808381452	0.311792146684833	0.477188195749925	0.899599719245119	0.357680719280719	0.872293352007304
PF10555.12	1.16547329534636	1.15258358552139	1.16918434999788	-0.00400176567659294	2.06438620898509	0.00117929153902928	0.49866666671605	0.747294884824593	0.988182440696709	0.774352447552447	0.975499754118356
PF00953.24	2.20391792111178	1.45057936343495	2.47625393915301	-1.08787003456568	1.81533490794631	0.506019126351411	0.239173897331348	0.180629496567118	0.904194212308816	0.172972627372627	0.622209817722439
PF03033.23	1.97909104300223	1.72552024584674	2.09501432552874	-0.32869101417658	1.54549096848429	0.18886316049302	0.403064627309717	0.520259261218756	0.981849350188797	0.532320479520479	0.917898318827847
PF04101.19	2.71542412155372	2.71470328235742	2.71560256481769	0.0446963516409955	1.19407504938817	-0.0332694996126235	0.481333334025656	0.765923550622509	0.98096655480369	0.762630569430569	0.979642540532177
PF08478.13	-0.751154289967148	-1.53591633293422	-0.336095437140297	-0.901121608326753	3.86457263503037	0.198472443711915	0.391072622484215	0.562176619936982	0.974321793851359	0.498264935064935	0.881404476257547
PF13529.9	2.28513571321113	0.590273126743087	2.75998987821522	-2.63497379398858	2.72744177328942	0.899801047020803	0.113257863723011	0.0464423346218321	0.661881734611682	0.0208143856143856	0.205573338474732
PF04616.17	4.21376484138061	1.98371383020291	5.2140784481381	-3.32279248044269	2.74492159034004	1.17143580883229	0.0600000722350049	0.0213473351183675	0.511615364441601	0.00247032967032968	0.0793482345992103
PF01128.22	1.29258447631936	1.24524925257757	1.30792646241024	-0.128373589861776	2.12789913148129	0.0435083828987268	0.479333334100075	0.598612763455674	0.996358107562706	0.726516683316683	0.976940542457242
PF12127.11	-1.1983328569397	-1.0364983217781	-1.29114565014185	0.263970797811993	4.15841491658946	-0.0579154208366272	0.471685544022008	0.673770598762091	0.973425360829054	0.710989410589411	0.980120059193399
PF05690.17	-0.895876992646002	-0.901337002661709	-0.888760419679799	-0.0683680798532196	3.90691101449184	0.0141465113894717	0.494000000222254	0.771913019079835	0.986801558225767	0.758176223776224	0.97081497711574
PF05593.17	7.24645007855251	7.2121138518923	7.27937826847509	-0.31657527327877	3.46764498953236	0.0725060275810472	0.413333336642635	0.309262083553763	1	0.581585614385614	1
PF06574.15	1.08806297796191	0.648312338182286	1.26428456791204	-0.57705597520992	2.70354701823931	0.154433253739177	0.398666670580509	0.579401660477089	0.994442280014457	0.513284715284715	0.92963706402828
PF01687.20	1.14069299521629	0.575097153045762	1.34184224232562	-0.649963386663737	2.74054767691827	0.19042682303431	0.38840773252513	0.557188924486281	0.989732243244521	0.483661138861139	0.913925949333451
PF01075.20	-0.26029365085536	-0.281746868743879	-0.252684050721262	0.0495717275494423	3.49080214027114	-0.0112927356518053	0.490666667012466	0.764119221432768	0.990638278227817	0.768238561438561	0.979803767128873
PF00852.22	-1.16872153376071	-1.57026354655613	-0.972244728225649	-0.370897737740773	3.86729981136922	0.0790119167903838	0.453697536704118	0.690684781167539	0.990124733232372	0.642260939060939	0.939101437267209
PF02577.17	-1.05273748006085	-0.858734805420424	-1.15468922109059	0.374656424334415	3.68442352663585	-0.0842391819727909	0.457694871662661	0.682491221003351	0.958779498894736	0.692427172827173	0.964859400660179
PF01078.24	0.325190551058148	0.311152868708803	0.33389708418472	0.0396104245516664	3.13658349670508	-0.0101215426440051	0.494000000222254	0.76793313406621	0.988035373349413	0.776834765234765	0.984137416611758
PF13335.9	0.153898137372448	-0.0882339405258978	0.266294295712491	-0.21742336414344	3.2625337852713	0.0481220365798171	0.479680213944031	0.70124988757442	0.991232703763176	0.683779020979021	0.964886754361646
PF02660.18	1.03541710516458	1.01244467396882	1.05636154754023	0.0432474124802749	2.30917917016366	-0.0182325285613076	0.491672218829097	0.759421970759285	0.988628040196414	0.787541658341658	0.987790088703066
PF01855.22	8.03119684322402	7.69773995490163	8.07781378356075	-0.549193738310354	1.01890491239305	0.569304043453313	0.29913391958556	0.121738741642095	0.941088268573144	0.195156843156843	0.902040842593572
PF17147.7	7.95244092178371	7.64740885880472	8.0046400636659	-0.581580735044875	1.05447755251343	0.552088440999645	0.303333341950445	0.120476805480366	0.937078154592399	0.192788811188811	0.893933511654851
PF01558.21	7.98758069533943	7.66281445284803	8.03449387323298	-0.565106551209424	1.04099641936266	0.561656088744728	0.302666675323749	0.126605780672559	0.942943377170783	0.202772427572428	0.909644739139494
PF10371.12	7.88143064910707	7.63379424887962	7.93952163610298	-0.469629648711689	1.06110699196299	0.494723470945501	0.317788149010891	0.170648354219232	0.982622206513055	0.229374625374625	0.941747005716523
PF13484.9	2.72781287209629	2.2939500414097	2.96150229650731	-0.589560411206239	1.78302464783763	0.299449552965327	0.371085947812638	0.45547768779254	0.994159878017019	0.418935464535464	0.929238488735246
PF08308.14	1.88500418295593	1.7527877987684	1.95413410622806	-0.0680887913111556	1.98115002156346	0.0242189301333562	0.488000000444701	0.734303830443051	0.994489847171852	0.749821778221778	0.988342859849924
PF07717.19	-1.83477896280439	0.103056308031655	-2.83551583475933	3.01887855114058	3.87600771746307	-0.673924389385351	0.198666684192755	0.159514374373063	0.618742126667533	0.129759440559441	0.59333681299366
PF11898.11	-1.84053747168704	0.0066555428278896	-2.88006699475983	2.95181086302473	3.87515855508374	-0.673929970075837	0.205196552357659	0.157832319000843	0.623542436804172	0.137625574425574	0.597007016184147
PF06144.16	1.23816676404673	0.543905186391918	1.46890969838226	-0.920946974577984	2.19709539965419	0.334723175006879	0.315333341253158	0.274752342566342	0.951229373134213	0.305408191808192	0.751336655524505
PF16353.8	5.052132657902	5.3738440019732	4.85859406900721	0.33883700733349	1.32242725623284	-0.213114122326833	0.40066667049685	0.770264616885856	1	0.576634165834166	0.999945673657198
PF00916.23	0.749180318951101	-0.577681717748174	1.33608937572071	-1.79511973783321	2.59892393585983	0.629381097174615	0.201865440162144	0.147466110675849	0.831410828232815	0.118102297702298	0.490228743453299
PF03772.19	0.616266545588122	-0.0487898368595117	0.98152546352121	-0.947136206508505	2.52017344432008	0.332405419533013	0.320000007659312	0.359558621906953	0.949983957798398	0.349045354645355	0.804599559711196
PF06826.15	3.10250100778567	2.87526965426283	3.347753244826	-0.741953701657144	1.60663665871224	0.439654504364176	0.342000006501016	0.311610370444875	0.962213043422283	0.351344255744256	0.902201636469539
PF08019.15	-1.70294288726088	-1.48934161338584	-1.82763802918111	0.565216791299049	4.0812907896109	-0.110753858725008	0.434377084415154	0.619294860864674	0.942759808081488	0.646559040959041	0.950013902754833
PF03808.16	0.216429221944547	2.13752561734841	-0.456008513086164	3.06414989769539	3.75902325005624	-0.717665476188018	0.202666683703834	0.174434765890998	0.68972365822676	0.106890709290709	0.625124049658807
PF00376.26	-0.688154225145773	-0.152080852572841	-0.929851794896039	0.70791833014438	3.50140766571508	-0.165965532311792	0.406666670248255	0.611232269667126	0.939347113836525	0.577532467532467	0.937830830531267
PF04298.15	0.846465325219056	1.34606471627948	0.478333620333156	0.801270547217022	2.38669989118357	-0.268924397781292	0.349766828226818	0.466156286495516	0.909752556956872	0.436067132867133	0.911246310000426
PF11396.11	0.143110204076686	-0.715165931128058	0.530771789428889	-1.35432549164688	3.09716794860655	0.389733774753823	0.318000007770269	0.307379242466556	0.939272379620404	0.318445154845155	0.773682949170428
PF02602.18	1.64856809612515	2.0256376613571	1.50382517382277	0.512377209193596	1.52597975827113	-0.302011611179851	0.370419725324506	0.511624537976387	0.921648227429746	0.469842157842158	0.914094796302733
PF13342.9	0.679910825129368	-0.875063288658311	1.7922586938554	-2.18373737514325	4.70774425356631	0.406365108244922	0.314666674624175	0.384087732091609	0.979679625789198	0.276363236763237	0.8687866185394
PF01923.21	0.628467317256043	0.691250074310524	0.592338160275387	0.0115837107015171	3.05932146975636	-0.0026986122067811	0.497333333432102	0.782552255998055	0.99873236325449	0.793323876123876	0.990348240321052
PF12392.11	1.9953255907323	1.68815023741346	2.09419118400811	-0.357774475597458	1.72938454278864	0.194385142697526	0.416666669841269	0.532556322814457	0.988731301699485	0.564135464535464	0.92780915357713
PF12419.11	-0.0788442660490452	0.179176313824499	-0.176624367192329	0.389463406997788	2.84043324440642	-0.115397573553036	0.435333335769139	0.717966374731635	0.964819294500178	0.657952847152847	0.95714493545485
PF01513.24	0.975948851966988	0.141906017481949	1.22577066881062	-1.09579935882203	2.37531365611021	0.39991443609487	0.294000009189488	0.24596870671587	0.936459878755598	0.268458741258741	0.717792543394712
PF20143.2	0.995517686935047	0.181895759819114	1.2672969333554	-1.06408386990803	2.3123718336761	0.367516426313285	0.29913391958556	0.254733834820464	0.93540755497941	0.281824975024975	0.73029682449984
PF01501.23	-1.70636244927805	-1.41179750100617	-1.88257006678591	0.423931361212053	4.13305605722598	-0.100842380542934	0.443037976818143	0.627319551737564	0.94747852058276	0.662240559440559	0.955533058606181
PF02554.17	3.35084607227549	0.118617240219453	4.09989870353263	-3.97571539615449	2.68983098940309	1.46457947812517	0.0286477249158083	0.0151050313327937	0.436564344448432	0.000734465534465583	0.0359596291553683
PF13722.9	3.10920409282905	0.0221888258515843	3.96392273978165	-4.00248860370105	2.55976900851938	1.50047095705544	0.0326668036018307	0.0146568920700204	0.413025809054449	0.000783216783216833	0.0370631859957821
PF12801.10	2.63644683567893	0.175041784471281	3.18482353392652	-2.94675221423852	2.6702175704562	1.01197837725768	0.0846103094200814	0.0386610278475955	0.640047295148003	0.00878721278721282	0.134858802819271
PF00076.25	-0.986390666038009	0.497860656919848	-1.93285997672152	2.22577786374712	4.02048088345973	-0.479332400893647	0.269153908253317	0.258074659651364	0.778494336351203	0.227731868131868	0.780219914996754
PF00474.20	3.36921946611688	2.29990206201072	3.8340231625145	-1.94100647538984	2.00746024250983	0.895993367765341	0.10059964108487	0.045559524314395	0.6537888882944	0.0137694305694306	0.170723746945227
PF06925.14	0.0949814379928462	-1.04418852323586	0.581476451472323	-1.27691210263266	3.69615068938039	0.306500468882983	0.331112598656842	0.428898713496686	0.96712464813478	0.330378421578422	0.813277455227229
PF01258.20	-1.59674997199062	-1.56013504406451	-1.63544069730757	0.00422736094962328	4.4664151587926	-0.000933704725662634	0.499000666259482	0.73399503037943	0.979486803815367	0.760702497502498	0.974725616472703
PF13085.9	1.21537406132763	0.907315807784351	1.3829632199325	-0.610296943995195	2.11975735857553	0.275515494936251	0.37466667161987	0.406793169095569	0.954985694271885	0.445538461538461	0.861744650239194
PF03186.16	-0.408716013650135	-0.0362126829534049	-0.618881217768209	0.557144291052778	3.52657162663778	-0.128518579353505	0.433710861922799	0.655125334541031	0.972648950129555	0.672907892107892	0.977963419410982
PF02371.19	6.8043244491496	6.48159261003689	7.56392314918782	-0.936565297401849	0.917821640831203	0.957004067078437	0.180666686641428	0.0224583937513954	0.571885077663694	0.0382881118881119	0.366131111953229
PF07275.14	2.19108957837059	0.0876535101629496	3.16219555417274	-3.27193403682892	2.80860044586378	1.03189868758108	0.0926667115241484	0.0280516139496707	0.549049095080647	0.00882557442557446	0.134697168328569
PF13560.9	1.16420729813978	0.842525065671635	1.2673082427912	-0.59586851595476	2.26469003468272	0.200571331659425	0.393737512444108	0.417329374038454	0.979864927474232	0.506729270729271	0.899863153159799
PF18430.4	2.6555464151202	2.64585090266629	2.66199710589234	-0.133165058579948	1.77199433982772	0.0540093037051863	0.464357096594903	0.569985927298837	0.999393602041854	0.738941058941059	0.990453680309658
PF01695.20	3.4829339326904	2.62711286161838	4.14483406317572	-1.73710695933262	1.84927030731872	0.82707408438011	0.153333358058484	0.0615314245445426	0.71408588905719	0.0246481518481519	0.275885314788505
PF02311.22	3.50685839018974	3.15399393616113	3.73153433533506	-0.639571387465882	1.05001682389317	0.599322414004454	0.243837454552399	0.148504759607891	0.809966626699205	0.162182217782218	0.613353034806086
PF12833.10	5.61804629665279	4.98125020220573	5.99981291618478	-1.11217105494817	0.796335157330464	1.39048802059376	0.0546303262431518	0.00328394961240966	0.250583623543195	0.00290749250749254	0.0717538786728646
PF10881.11	1.23525748849297	0.0317231481068552	1.64434357315047	-1.59109779008812	2.3057809673425	0.606324627829738	0.19920055041454	0.135029678997652	0.822600976483679	0.109573626373626	0.449409649780963
PF05272.14	1.64199526666752	-0.513427391765069	3.20834078198049	-3.81400126152534	3.14494799798412	1.12017819043818	0.0786667204928136	0.0165537870737963	0.442691754541797	0.00664215784215788	0.118482459650232
PF03389.18	3.46801997688478	2.00939935112297	4.59057839705207	-2.70193066170977	2.16396939014172	1.20510705271563	0.0659560944627577	0.0186086359361886	0.43197129363966	0.00389530469530472	0.0887127963208876
PF13655.9	1.48161131337649	0.335258475189778	2.12716777864213	-1.75423995039027	3.62647995997809	0.430162616223331	0.286475692537435	0.319945400004563	0.967504716380236	0.194401598401598	0.779144988641062
PF00078.30	4.69709539246826	4.12737615901035	5.26870488976351	-1.20999456336082	1.48626003177577	0.790381475170838	0.170666688211038	0.0390679623127283	0.662977951713306	0.0429602397602398	0.379994595502415
PF08388.14	3.37872628777312	3.11652294077101	3.74742261601857	-0.60922429331896	1.61235133078577	0.318755088865377	0.363333338803763	0.398167443075821	0.981927975958783	0.360274125874126	0.929046074208693
PF13449.9	-2.26205144419096	-1.39526533305495	-2.79126502179848	1.44140892223264	4.21026963287855	-0.289673657679755	0.351333339373498	0.452449382242021	0.87169331381601	0.466912287712288	0.884735177389
PF13224.9	-2.30635611097768	-1.53520978124316	-2.71480810207148	1.31773792519968	4.13308302138995	-0.259343990020631	0.364666672075246	0.482567128831011	0.871699779888084	0.475982817182817	0.877469389850501
PF01205.22	0.346185176631978	0.352498399375747	0.339674221096046	-0.0106443089351869	2.75870749926506	0.0037117184048525	0.498334443765803	0.734573133447083	0.986896589297303	0.76523036963037	0.979342473758201
PF04324.18	1.26921796166411	2.23609478215406	0.542047577780605	1.58297009588427	2.6613496951039	-0.517041076938157	0.223850780853185	0.222046460963209	0.754525276084426	0.134182617382617	0.696900501308284
PF08442.13	-2.38569339584543	-1.54824070792734	-2.85583594129712	1.26323055458487	4.27241177031083	-0.263283514053958	0.368000005255151	0.485562023995174	0.875672290021589	0.487068131868132	0.881763594890076
PF00549.22	1.05161158853442	2.17228350893112	0.180589415742388	2.06526762300758	2.08472676161247	-0.902002150429562	0.104666705727888	0.025934792729226	0.376000134403247	0.0268123876123876	0.322367781008852
PF13340.9	2.17457537858904	1.53050003249917	2.56378645169011	-0.990111892776776	3.01218339202116	0.271340377851935	0.369753502836437	0.431590423062481	0.999670601892282	0.394798801198801	0.960044286624293
PF08774.14	-0.357901706158907	-1.43991111211832	0.512676025511912	-1.70261978904462	4.26399283328032	0.355555839024368	0.315333341253158	0.422882587041699	0.947507213510156	0.290560639360639	0.794430404177414
PF07228.15	1.46370920495045	1.88404512314229	1.21041414989962	0.588906690083141	1.67519795540606	-0.282614265371452	0.353097940657105	0.615327677572465	0.930200654760459	0.452392807192807	0.913288119695335
PF13424.9	2.22132184273454	1.9847270124396	2.36221488416064	-0.463695536023661	1.69715451194906	0.204964870110377	0.374417060254251	0.414610701563954	0.987151316469369	0.470035964035964	0.915013037329806
PF12770.10	-0.230975253470758	-0.907726891309136	0.0522852733970884	-0.983166137481224	3.1776975608682	0.233019279060782	0.351333339373498	0.476320740200393	0.960942534990988	0.442974225774226	0.830939076019001
PF04245.16	-0.960536875475092	-0.835701761842557	-1.03133410180536	0.113942371918482	3.65115729921329	-0.0306027562036245	0.482000000667532	0.735100032375963	0.976937693873143	0.752423976023976	0.974989297029807
PF03880.18	1.27715110649858	1.55069994441179	1.18067940836359	0.306602529673667	2.4637676369109	-0.0969689400442935	0.444666668741459	0.789207969999743	0.990395875217189	0.72013986013986	0.990039107742641
PF01494.22	0.95632180184946	-0.305313097479731	1.27740080348903	-1.30448062890156	3.42436977056098	0.331407453622396	0.322666674179608	0.394142485388445	0.977410544795525	0.321911288711289	0.825455148581507
PF07187.14	-2.34737309088612	-1.49193206230544	-2.9046746096424	1.4607406148516	4.17533422920968	-0.31208930042213	0.346000006301487	0.439243833905823	0.865129015687178	0.439831368631369	0.871766681812643
PF01571.24	0.738251370607526	1.38208524747244	0.460092492848569	0.995690790423752	2.45522751763958	-0.318961634097373	0.309127256765295	0.419158728192018	0.893494723010146	0.382402397602398	0.889823475355165
PF08669.14	0.57834560866337	1.43827838300279	0.0984880773462349	1.29942291347302	2.74633347820159	-0.391975125026831	0.289333342819867	0.321132913231494	0.831445627866468	0.297508091908092	0.827089865377894
PF01734.25	1.51910909033755	1.07610145815593	1.69188626537143	-0.752183810753819	2.05413926233877	0.332771373118906	0.339107268463884	0.342114029187859	0.961370396247481	0.380839160839161	0.837082371441775
PF00211.23	-0.124591505736271	-0.90381404450622	0.36807691341128	-1.26837208966506	3.79769476180966	0.273222313072976	0.338441045979447	0.478568674927902	0.972299412518473	0.389743456543457	0.848003683946926
PF02055.19	-0.594396057242482	-1.45710683886205	-0.162499465059336	-1.00782524162366	3.86641242763439	0.21130547656109	0.372418392789095	0.56248009797739	0.971684537437209	0.479879320679321	0.855958716305133
PF17189.7	-2.2114745604696	-1.0229085253188	-2.86469861044952	1.90560615758217	4.21321410774127	-0.387493965440565	0.309333341596675	0.370184567099576	0.810805625681369	0.356801998001998	0.808131754643823
PF05175.17	1.84128119974919	1.66858816591292	1.89587100190608	-0.456950042550083	2.24858825491529	0.158161455812957	0.40866667016615	0.4510091674207	0.99870317102144	0.566331268731269	0.975845966484228
PF02615.17	0.472115538509028	1.60509837865059	-0.251528042708907	1.86013082898638	2.17010188062351	-0.790227329532972	0.167333355440424	0.0720604258715244	0.513927751134451	0.0804043956043956	0.514952817367029
PF04879.19	0.920915567784634	0.956185522374198	0.907503527169882	-0.00581140239880451	2.32708683405216	0.00167610647696525	0.499000666259482	0.685790391718737	0.98909012806386	0.77451988011988	0.98078509740886
PF00384.25	1.23418515170903	0.921154941602913	1.35737469590859	-0.452692562046692	2.2392228493996	0.160137973136283	0.403730849800456	0.448050554246009	0.98221968669198	0.533053746253746	0.912310943552664
PF01568.24	0.581151558945935	-0.433614250276278	0.998455437890407	-1.39170114497212	2.74943991671632	0.406687661585106	0.283144580165811	0.259590390685055	0.928331309546584	0.25084995004995	0.701861428761557
PF01797.19	2.37016819270313	2.49830059179009	2.21116606644057	0.0156431784638196	1.91396977326835	-0.00734434226472251	0.495669553791098	0.790463344909081	0.997636436273184	0.831978021978022	0.998310149740676
PF00563.23	4.81621951745332	4.61423922758489	4.95182205843188	-0.36647929006643	0.775806121566464	0.406748572913748	0.310000008224679	0.430226005784677	0.986440101654487	0.261808591408591	0.813967209423046
PF04168.15	0.180349978856638	-1.6072594045988	0.968674861131873	-2.71397840071161	3.5512638880681	0.656758711356705	0.193333351540474	0.148971087433826	0.803340571009833	0.0998661338661339	0.4730378158693
PF10518.12	-1.89734717228031	-1.44632244594488	-2.21169891753672	0.725129957689423	4.1445021360167	-0.14886788755854	0.424666669521598	0.598035646330337	0.937901707510834	0.610427572427572	0.942846061479382
PF14863.9	-1.54660363764943	-1.39669213652431	-1.65775787639578	0.128296342325716	4.14857174924589	-0.023935126089317	0.484666667235102	0.698074329177407	0.968831536807777	0.727393006993007	0.979555839711774
PF04962.15	2.25842706783142	0.843415791206789	2.72271006145541	-1.76860676786735	1.78622147737419	0.915848404322749	0.115333368241392	0.057220629730018	0.668101139743003	0.0276459540459541	0.220020392945745
PF13374.9	0.680235372976142	1.05143862585642	0.513668400910608	0.434517237454582	2.05522698416063	-0.169919156890771	0.413333336642635	0.678517590992275	0.952196721782423	0.601157242757243	0.948864992380733
PF16197.8	-1.70837031849335	-1.42498228289037	-1.92915333262556	0.594403247739868	4.36073199281241	-0.116328519317083	0.437708196877331	0.635496720696768	0.954726773808305	0.671855744255744	0.965794117510466
PF00698.24	2.10750446963629	0.535534342862253	2.53951754312845	-2.05831506294651	1.82181003417651	1.02952486021835	0.0753333897816093	0.0426517839769551	0.605558685447643	0.0134185814185815	0.138912801566133
PF14765.9	-1.9681430222208	-1.42572600403775	-2.33283435734669	0.859570675244556	4.26134907602364	-0.171636959919836	0.400000003858024	0.577455895338832	0.940285671899516	0.596416383616384	0.947212575680568
PF08659.13	-1.92915991973227	-1.44564427866744	-2.25328001809891	0.896660571540511	4.25996638775904	-0.189381533457057	0.40866667016615	0.554665278389099	0.92347190783629	0.592710889110889	0.936713428145292
PF09826.12	-0.574526622399857	0.188839338400034	-0.93633109288132	0.895136948438047	3.25846763875257	-0.223785476613375	0.379746840164002	0.575770150249998	0.93612325606504	0.53418981018981	0.940998839326278
PF08309.14	-2.28978417120308	-1.53598434179882	-2.74345170433305	1.2357295194264	4.10774755498265	-0.255246035203162	0.364423722934262	0.461189414629462	0.872401607273591	0.457155644355644	0.874178520377418
PF00111.30	2.20674652633895	2.30031689866892	2.15640797968636	0.192771937481433	1.50544880215714	-0.1093969262114	0.446369089281922	0.702921738053115	0.976200881085382	0.698326873126873	0.975590019909128
PF01799.23	0.226636400573422	-0.186819972111651	0.419172348557488	-0.673769822774569	3.36415970896734	0.168166583179801	0.403064627309717	0.549621617413861	0.992301669422822	0.556487512487512	0.937596464361298
PF01315.25	0.793376478184215	-0.215888092790907	1.08783695958789	-1.29881727552535	2.65200112070065	0.428769178980196	0.276000010379501	0.238147002069625	0.922542287728629	0.252234565434565	0.704945252629284
PF02738.21	0.791136379712954	-0.237348002917406	1.05312022095429	-1.30259729884771	2.72264335352005	0.395321842800975	0.287141915012254	0.239578604613946	0.920586105621519	0.259112887112887	0.713035496912811
PF20256.1	1.09583770535542	-0.127018446559026	1.42875308922611	-1.60138953798354	2.86499445024389	0.497602347745616	0.255829458894841	0.178381918457063	0.910013541534502	0.178169430569431	0.651669872137597
PF00174.22	-2.31827987879376	-1.46047935856472	-2.80093028756494	1.40916008895544	4.20472914877609	-0.288889697226708	0.350000006105005	0.471014329164358	0.867211543750556	0.459684315684316	0.860418034545064
PF03404.19	-2.35296514028894	-1.42412544905369	-2.84924416333167	1.46313474223551	4.11730691789327	-0.296225675152572	0.353333339276837	0.439382810958479	0.849690499258926	0.441173626373626	0.856619713313253
PF02504.18	3.28640119693261	4.68319950678446	2.74014073533888	1.82335560535051	1.24907787176989	-1.34392352520681	0.0946667104573886	0.0106982661620919	0.249304261590818	0.0127136863136863	0.266430019175431
PF04231.16	0.579711853279928	0.707688503326289	0.518541415061367	-0.0271016389686931	2.56486427505501	0.00925895345790374	0.496000000148157	0.667619899813882	0.988881414010578	0.761233166833167	0.975366749630318
PF13305.9	-0.609992266975341	-1.56491647314793	-0.162338042454035	-1.22367150026978	3.56701578042399	0.298643847079503	0.34533333966786	0.450786012973542	0.954407561117764	0.400292107892108	0.815039380039592
PF01526.20	-2.41380364760276	-1.43818169778731	-2.95172823946605	1.49834200214105	4.21904442163459	-0.321701413109113	0.345769493313153	0.437855707322566	0.845768344230628	0.421471328671329	0.83961257332754
PF13732.9	1.1898286807256	1.48686398760937	1.03113913799708	0.424184386551229	2.91046084538614	-0.11302382554022	0.430379749461449	0.748064154407085	0.992002389513286	0.695816183816184	0.992445402084894
PF00543.25	2.1932352625545	0.331364508175838	3.410754236287	-3.31736545163941	3.10355554381947	1.05372026992952	0.081279199086291	0.0196713604812921	0.47358268023034	0.00642077922077925	0.114683161170478
PF01877.20	-2.28598664116692	-1.35852331584813	-2.82164026168121	1.37352901241734	4.22685088091283	-0.285861900376935	0.35443038562977	0.454913842885573	0.872066888468566	0.461248751248751	0.879577801141057
PF13589.9	4.54609001738263	4.31085063882947	4.76956150529085	-0.459698667043784	1.1361236219553	0.391156881206133	0.350433050712716	0.299498732116932	0.981728979566933	0.313434965034965	0.910404169200352
PF01119.22	1.52604044842066	1.50795615887871	1.53187430033474	-0.0231585725819077	1.71787617758772	0.00962856602035008	0.496666666790129	0.733509145357398	0.994924779190293	0.745177222777223	0.978380154211788
PF08676.14	1.52874553084917	1.48249018529922	1.54186320411786	-0.0551874587141121	1.6791295986129	0.035433814842951	0.483333333951304	0.724215246845911	0.988524259476815	0.72365994005994	0.975179295760866
PF09982.12	-2.34754927958095	-1.48505719745449	-2.84234153272316	1.36227804398148	4.22245992609144	-0.284880467698713	0.359093943036492	0.451922820270952	0.865462830899479	0.451964835164835	0.866530125027501
PF03481.16	1.57797920567591	1.59123904283123	1.56826742333505	0.0421173780590802	1.90436937700922	-0.0169891923287884	0.49100599633544	0.786590482109209	0.986679480659186	0.786721278721279	0.984561495137678
PF14198.9	2.91099161730615	2.28430715358356	3.1335708981822	-0.832819465039592	1.86557421149426	0.40728434226877	0.289806804913141	0.35693346135838	0.968669382442737	0.245058141858142	0.771092764705054
PF01420.22	2.43867609948784	2.93513658918927	2.13225253237852	0.762831798711709	1.6305394432118	-0.393409449604643	0.310000008224679	0.375006714341715	0.913035826495783	0.317527272727273	0.894937585128304
PF20009.2	-2.15047429938657	-1.54888659628519	-2.47011111052021	0.95223368649671	4.1356359298328	-0.195282712473419	0.395736179914541	0.527885518441822	0.901753306896994	0.538173826173826	0.90867030048231
PF13936.9	1.35700241669897	-0.0696802128670422	1.90175227606064	-1.95784963539833	2.22346200787512	0.788691145454334	0.149333358892942	0.0773673642560589	0.722506384221129	0.05114005994006	0.315649272605454
PF02657.18	-1.18337318429322	-1.51210447254842	-0.977244234609459	-0.27284724587607	4.01863373228393	0.0632479840793222	0.464666667981876	0.714591785774131	0.98531868253522	0.679237162837163	0.940464060020476
PF14258.9	-2.45961263870298	-1.12624518873104	-3.16398848065854	1.9706424100458	4.27784929627393	-0.412815473057414	0.30000000881834	0.350358098561989	0.804356861806965	0.344055144855145	0.801647842936035
PF13415.9	-2.43658716862599	-1.55937718098628	-2.86130379575814	1.27919879768594	4.28386967131301	-0.262562894280989	0.364666672075246	0.472966944621882	0.877485794892734	0.4692003996004	0.877293185530058
PF13188.10	1.55239199592424	0.450609590226519	1.87013140847525	-1.43860434128823	2.60974576806715	0.497449873607494	0.256495681360653	0.178342362923385	0.913900153775576	0.175662337662338	0.660099294486197
PF01928.24	-1.41386223309017	-0.944654200540001	-1.69859644724334	0.839715022849316	3.92494187615215	-0.189033649470375	0.400000003858024	0.58665393258152	0.930321330362223	0.585277522477522	0.936553965272664
PF20592.1	-2.27836869394306	-1.42332944138259	-2.77021357303977	1.3478223715148	4.11385125751231	-0.269566078431819	0.354666672546119	0.4525122047172	0.863072052239496	0.455792207792208	0.874723334794767
PF07501.15	2.55065212754891	3.02571228150053	2.35532942784333	0.626763843682733	1.06027682667447	-0.484019049534467	0.290666676067556	0.38292643411708	0.821311207659748	0.284687312687313	0.790361732495582
PF18267.4	-0.426627869835515	0.468830290300821	-0.977418500698606	1.56564079826792	3.35333188447509	-0.39713411216558	0.282666676591126	0.28747107573525	0.821455090239618	0.28152967032967	0.823164445633499
PF03460.20	3.10392499658648	4.12688839505927	2.80963242744888	1.32401295011637	1.16768670362497	-1.03202885678517	0.143333360228814	0.0517148571200555	0.459456563353158	0.0534937062937063	0.449202463474922
PF01077.25	3.08242205505054	4.06376173851615	2.79651576280678	1.27977450587236	1.15511332832097	-1.00271778074895	0.143904090685488	0.0502137615051662	0.450268584902633	0.0487048951048951	0.428089603688043
PF06271.15	0.456895625814626	1.63997983924884	-0.536774661158185	1.96488112285031	3.28848668366962	-0.531822441544895	0.218666681913453	0.1944555500332	0.722984984825185	0.141862537462537	0.682486611253287
PF01026.24	0.679423499865352	0.679134032556086	0.679423499865352	0.118098137916333	2.84998766654304	-0.0315587742853615	0.48301132641191	0.719113936038594	0.988592981511649	0.794753646353646	0.988732992864116
PF08291.14	-1.9113474357993	-1.53190335995908	-2.1264170438287	0.76207309473299	3.95952331456738	-0.155190552917659	0.419720189590245	0.606549540345257	0.94364190998818	0.627821778221778	0.948606982393665
PF05099.16	-2.3639611333385	-0.974857017611297	-3.21155876094215	2.24525517068281	4.30079390228807	-0.451908315239026	0.285143247588287	0.300722356126658	0.787231081258224	0.291547652347652	0.7787223996383
PF09339.13	-1.09767869294439	-0.952438598433161	-1.20509211024148	0.247961861877632	3.83288188564987	-0.0549089384696344	0.46502331908821	0.701091601432345	0.959910410353728	0.732884715284715	0.970957363065234
PF01614.21	-1.24245191924406	-0.968531089597485	-1.46477851321187	0.554987605474767	4.03690466842156	-0.11031026690103	0.438000002332155	0.622067947216198	0.953799806836823	0.676153446553447	0.969713671050286
PF08450.15	-1.54741675723703	-1.44755914307719	-1.64783110324726	-0.0505233758308821	4.34579755790989	0.0106752106383453	0.49266666693833	0.740087451950071	0.981851889350873	0.768554245754246	0.978924258838965
PF03918.17	-2.39101046136698	-1.49902292764853	-2.94438103781677	1.43431633770466	4.22487902380208	-0.291856104523173	0.346666672935199	0.462090796444187	0.866697826033436	0.455882117882118	0.860692649730254
PF11950.11	-1.97741019872236	-0.979695090251613	-2.4867132499941	1.55917151417441	3.89015368629865	-0.33399697805442	0.324450373828521	0.406846900858942	0.831490160585865	0.392793606393606	0.834568998265815
PF13487.9	3.02979772555903	3.44268857358738	2.82659036841502	0.614700765061576	1.02103262248987	-0.564492904091548	0.252666678794869	0.226342649587184	0.736958229507679	0.228057942057942	0.737832703967427
PF04227.15	-0.448454233199729	-1.44744058808775	-0.066210182325336	-1.28312652936377	3.37121833095161	0.311354245991492	0.335109933558651	0.389090126937668	0.940536042647718	0.362042357642358	0.767736433828056
PF00309.23	0.0844651870500082	-0.312701740055256	0.334241347205677	-0.437651784495373	3.89739199369514	0.0869458951533642	0.456666668283751	0.731895304029466	0.99770205996784	0.655291108891109	0.976568872793781
PF04963.16	0.052903554618176	-0.403035011852689	0.347289760198432	-0.536703274034094	3.95563206497208	0.111646590333516	0.435043306907536	0.704625545198638	0.996349982602923	0.641712687312687	0.967147609063072
PF04552.16	-0.0443931893291234	-0.443816305551583	0.182220181296058	-0.30685260649661	4.07189596251879	0.0569839088140074	0.474000000965574	0.766185115555588	0.993947000412665	0.70866973026973	0.981762125223858
PF00067.25	-0.55184119705414	1.04588222261542	-1.98872534205084	2.71624092058993	3.79998750852861	-0.651167903824628	0.210666682777509	0.138806750384708	0.628861105550153	0.109926873126873	0.620293106185943
PF13533.9	1.28989214407117	0.909289929744338	1.54969552518339	-0.569862350473304	2.0869631705008	0.224424501720795	0.38840773252513	0.494755030172032	0.97904287529522	0.445481718281718	0.889947597605527
PF13175.9	2.4053639715709	2.34017484354057	2.44903028115425	-0.0050538001475946	1.97429334913661	0.00305189918287576	0.498334443765803	0.817412145649548	0.994992762727887	0.82366953046953	0.995539832854372
PF14716.9	-2.29934220612557	-1.51357129756783	-2.74759027622352	1.3793082590337	4.07660684852959	-0.279625062564125	0.352000006007865	0.475395980317936	0.875926459251358	0.466053146853147	0.877627172661985
PF04026.15	4.58142964040248	5.22750944195232	4.24171294720063	0.719918033145431	1.25257631553514	-0.555515391848894	0.246000012679536	0.159565654079793	0.789029927643602	0.148255744255744	0.770382559991922
PF19302.2	4.0578204475927	3.8687784428313	4.15240118932936	-0.292136315597942	0.889930121621169	0.312854722027388	0.365333338711092	0.42336907122319	0.977720704827962	0.412072327672328	0.899862854368034
PF00764.22	3.48535044329742	2.52841427974259	3.88473051770578	-1.38935124168216	1.53759637938712	0.855052998460984	0.13457697771394	0.0588770108665215	0.710814068525414	0.0273406593406594	0.261900560056975
PF01813.20	3.7926899613422	3.91216997536609	3.67020954372487	0.322143031246409	1.69172610297389	-0.183694523828723	0.407333336887512	0.52016050927061	0.986194761757617	0.604250549450549	0.994018878065777
PF07882.15	3.03849788856878	5.73516923143119	2.12848529689239	3.60717168481933	1.1624497453524	-2.85759068165205	0.00333471545279261	1.52955609945775e-05	0.0199698111717946	0.000467532467532468	0.0907002793163445
PF02952.20	5.37863466467209	5.98625162037568	4.92788086927524	1.02430715172222	0.992854477449807	-0.924549148982913	0.155896093467103	0.0229225632307582	0.392468320572887	0.0369174825174825	0.459092768562647
PF02632.17	0.321183420526159	1.99687885840543	-0.5085073767475	2.42193807265579	2.60893416097577	-0.812687343871872	0.149900092027137	0.12148573764752	0.568386136804834	0.0504743256743257	0.455972711632734
PF02127.18	3.27602762043671	3.48814000486522	3.21041458867131	0.194858844244989	1.34736046621477	-0.080461382793508	0.439040641862385	0.669777236547547	0.998407884500874	0.705399400599401	0.995904146795094
PF05167.15	2.72188269410052	2.5211483232557	2.76999589079814	-0.128655904033899	1.7323451618721	0.0757398933227425	0.464666667981876	0.704323759756419	0.999654491435962	0.743381018981019	0.989997445710109
PF12010.11	2.40427497644102	2.79142279823255	2.28587255980609	0.791057547102056	1.8603382808867	-0.404072525415598	0.342666673134211	0.342544558887988	0.904231085004414	0.425142057942058	0.91184773625021
PF06838.14	0.544285580295692	-0.291304220672472	0.802522257940812	-1.0420329678785	2.78406476415177	0.301821452140566	0.348666672836835	0.352991910321182	0.963923814768743	0.369399400599401	0.816205715731037
PF13407.9	7.44725631973416	8.49673960902077	7.00400464877439	1.45444181767382	0.867199595162193	-1.58252649220796	0.030000149545301	0.00136699976788152	0.143992593207875	0.0014993006993007	0.123088919753183
PF16078.8	-2.2895729757443	-1.5012839172076	-2.72586101669144	1.25810203141825	4.11201001237177	-0.266224824278868	0.362666672168125	0.468716538737558	0.880039920663673	0.470515084915085	0.876436094770919
PF13672.9	1.69967891326774	1.01788232301964	2.0365169334269	-0.925158139770037	1.90968194655844	0.389807754196617	0.290473027388758	0.345982617717713	0.938290179970955	0.244679320679321	0.716820449649507
PF13173.9	2.07652905795247	0.790958591305873	2.65675373195862	-1.87677737952999	1.82446279611621	0.894450809090635	0.106595641130074	0.0602411209445432	0.690005897283957	0.0217598401598402	0.199414203222544
PF13635.9	1.87134579270491	0.497655691285406	2.47818665091877	-1.83565630269177	1.93784957756129	0.852192134336147	0.13457697771394	0.0668608575515471	0.695876649699639	0.0310153846153846	0.244556665725081
PF09163.14	-2.31704271514315	-1.47885053371651	-2.82103759857328	1.39609425277194	4.12778401255247	-0.289768420595022	0.344666673034318	0.447919084837651	0.860928024780216	0.441850549450549	0.861385965732272
PF01863.20	0.588948592249932	1.43847364155094	0.175576077452806	1.22934433967261	2.83429789985066	-0.348314398032442	0.289333342819867	0.408575676664136	0.882333594554424	0.310376423576424	0.836423715714039
PF07833.14	1.86464989247331	-0.895920735707571	3.54518909368845	-4.09978574068113	3.08717261846211	1.19193145488617	0.0633334014897858	0.019424974468406	0.481556202316773	0.00389610389610392	0.0841522959812485
PF17202.7	3.33826109990357	1.29459722319765	3.7692725585445	-2.37085173922633	2.67438867516758	0.779381885463462	0.14466669325603	0.0636532483421628	0.778096011946044	0.0291292707292708	0.277067945541764
PF10418.12	4.5707154319491	4.93616935302825	4.00063479377699	0.877380920337688	0.929329994917564	-0.86198330504183	0.143904090685488	0.0223003292537322	0.371052911844511	0.0400943056943057	0.434584364208584
PF00290.23	-1.04945249603332	-1.45137294356055	-0.772280738417804	-0.597005850162152	4.07076955018801	0.129740377839121	0.426666669442425	0.675512381681885	0.988242875161177	0.619236363636364	0.933769383288968
PF13510.9	3.50642250902626	4.38769241609335	2.93318348918978	1.45916887674092	1.24189670771647	-1.10022977144128	0.119253864299886	0.0133804820127359	0.291790970958612	0.0207416583416583	0.34394180084526
PF10588.12	2.93646166315929	3.78352084997602	2.42731397503193	1.29080970892967	1.39566923188176	-0.84511385614051	0.175333354124112	0.0467789468591906	0.46986418130004	0.0554957042957043	0.497700000227511
PF00037.30	6.32739913231522	6.308770166826	6.33039753736621	-0.233720945093255	1.02043384203944	0.223734314269735	0.400399737347201	0.455914377180497	1	0.526362437562438	0.997379968479482
PF01817.24	1.92665521799586	2.01417083813053	1.8866011138776	0.0523433632387267	1.83379269125668	-0.0221197762050565	0.488666667086636	0.700560035679696	0.997585931017728	0.793195204795205	0.993168667414096
PF02153.20	0.797820533935082	-0.263476130572891	1.19043514110867	-1.57452809165841	2.62433501873441	0.497422126528303	0.235333346951534	0.166904580251376	0.872424247023454	0.176304895104895	0.599620426358229
PF16177.8	-2.31035108703417	-1.41905984305162	-2.79525379825634	1.32823653219265	4.42074344287579	-0.255290112900163	0.363757500446794	0.485736318445249	0.88163947938932	0.486465534465534	0.886673187688349
PF01257.22	3.18883021961961	3.92035057270354	2.75270691290389	1.03861465235145	1.41409124501839	-0.673977676169544	0.237841452413626	0.109281205039156	0.653776720262589	0.137538461538462	0.717438811971517
PF13237.9	2.85315895612631	2.18744451308582	3.07657757892054	-0.953422661408039	1.19785172605972	0.73371898563727	0.184543656958648	0.1105277371161	0.777102111489162	0.100853546453546	0.4380103712256
PF01496.22	4.64130503343935	5.25265484298111	4.29312129439546	0.818009232904593	1.25473108831302	-0.548892405162934	0.238000013376591	0.103024305107354	0.730237670943104	0.128156643356643	0.74147389242032
PF14194.9	0.835138520792947	-1.40468524176436	2.16418218625668	-3.38425394767079	3.44192236804714	0.879864533478593	0.136575644753774	0.0742297964848365	0.656799480927636	0.0266661338661339	0.240324672976086
PF12844.10	2.85106329708453	1.96097836742981	3.41267007913376	-1.2657482699657	1.73551541440054	0.688857617678754	0.217333348720104	0.112012975545579	0.806241942904618	0.0826541458541459	0.489985445543504
PF01967.24	-2.05612559697618	-0.880046058511523	-2.77394240143173	1.81139714340057	4.21261230419747	-0.370347166039439	0.319333341029517	0.369084452159897	0.838170159763041	0.367916883116883	0.84893861367527
PF01758.19	-1.06964630039785	-0.486593238599028	-1.35763570900635	0.897340334357859	3.87759855189667	-0.187482129668847	0.399067292366211	0.588196033198885	0.945635924033893	0.579663936063936	0.946984658335324
PF13623.9	1.59023563151806	1.53840139092683	1.63646972958116	-0.240133941045108	2.430196961203	0.0895616239436595	0.454666668359595	0.670200737261723	0.99834883591183	0.704177422577423	0.988461350958447
PF12895.10	0.338113318576105	1.74282517744808	-0.518201114738172	2.29285299110194	3.16171447594841	-0.653379140884662	0.186666685776076	0.124591343900065	0.610985451352957	0.0944355644355644	0.567295193658303
PF18942.3	-2.11415265870283	-0.90504628181843	-2.75131631022398	2.04695007619713	4.51952993812855	-0.385954719305272	0.317121926529746	0.355697145590067	0.811371942899001	0.354863536463536	0.82093308306495
PF10825.11	-0.286772004029607	-1.43987744955748	0.176176945642697	-1.47839249880741	3.21434476438773	0.406596317857984	0.30000000881834	0.318494478764317	0.90835436040962	0.296258141858142	0.699115257172531
PF14535.9	2.54723439542556	2.73089245107675	2.46446226479466	0.217009598530433	1.39829804729102	-0.126691175049892	0.437333335691362	0.760483915198343	0.984978591029577	0.663615184815185	0.979285604267158
PF02771.19	6.92297478322649	7.49079709132035	6.69348572478888	0.621170842358659	0.935487779202372	-0.726258630955046	0.175333354124112	0.0479833435825538	0.544475906118536	0.0466021978021978	0.497468653180049
PF02770.22	6.92233476977696	7.51531193477146	6.70246453255683	0.616944401530862	0.95148651292233	-0.733115145517414	0.168000021992846	0.0473674874873914	0.54238405408163	0.0466845154845155	0.498108014190801
PF00441.27	6.93499020883443	7.49775722055779	6.69927350674058	0.632127061014237	0.936655720222539	-0.749156768368598	0.156666690727797	0.0454558631888319	0.531746066180976	0.0448919080919081	0.488177452708639
PF18952.3	2.97463845880918	0.742729948756514	3.50041720843951	-2.5468888634154	3.14831578647778	0.730609096460836	0.134666695694964	0.13581006834071	0.841822289701575	0.0215016983016983	0.242756615759698
PF01547.28	7.55232019928233	7.79367702620668	6.66763037961447	1.01296912749451	1.17953001501643	-0.856797522634426	0.211192554338625	0.0299809863837643	0.452405899414984	0.0760895104895105	0.650410561075785
PF07683.17	1.027803811392	-0.300061687273669	1.31518307370903	-1.59913057102929	2.60675520655108	0.48015065618688	0.251832124104973	0.188010437294593	0.900362574638658	0.186027572427572	0.616362011873677
PF01915.25	4.77396412841194	3.12750343029083	5.06311741715533	-1.92540868378906	1.57669403084099	1.06752522742942	0.105263196650173	0.0551291258418115	0.708120080672126	0.00909570429570432	0.153015718839098
PF00150.21	2.008128437644	1.03133860777206	2.60553067037278	-1.63204747736182	2.15947658159779	0.654088891772358	0.195333351281025	0.110268109439155	0.787618891246808	0.0790969030969031	0.454170007713347
PF12161.11	3.1753320074194	2.95623091660031	3.31025323669276	-0.24933437433261	1.57979346137603	0.143656657823425	0.433333335847159	0.655504578412146	0.997487573878335	0.590424775224775	0.973018450134951
PF18537.4	2.78726398163935	3.67228546260439	2.19326593705703	1.32060014231364	1.98042843154923	-0.629742228768054	0.254000012020947	0.12066626258744	0.705696600785382	0.156831968031968	0.799650956920286
PF03598.18	2.84448644266022	3.68536689987193	2.23679017981257	1.36540546071646	1.93621470825913	-0.654327488088724	0.255163236429263	0.124595774688852	0.708685245210743	0.155566033966034	0.792151759780372
PF19436.2	2.98888143914879	3.70867178456628	2.25831525421777	1.39496132024987	1.82860094139653	-0.678862647642306	0.218521001251004	0.0650911991123787	0.570611169855351	0.114768431568432	0.710871458233984
PF03063.23	2.80765609072136	3.49868266135061	2.4551313784039	0.956700021163448	1.62191627971066	-0.543012185981604	0.268487685783383	0.24095441656994	0.843744217395018	0.223971228771229	0.848528236296358
PF03060.18	2.82702897615763	2.28012778408979	3.07178443475619	-0.951475950415606	1.52542067706915	0.575487342242156	0.245836121937002	0.151767700515476	0.862578796913962	0.155986413586414	0.63854131776837
PF05598.14	5.29315476780185	4.8543599241689	5.46066872927856	-0.76104542320954	1.04222153131025	0.678963957710586	0.204530329917603	0.0652951174526843	0.763664617010051	0.0726473526473527	0.483908677511152
PF01076.22	2.88135985832359	1.60552921113324	3.67373223054686	-2.42825036614907	2.47605217532943	0.887750732896991	0.139906756518624	0.0399069573186408	0.626676302264305	0.0217742257742258	0.245788133259863
PF09338.14	5.49134936810232	7.12268590937221	3.02926162738462	3.77956341970951	1.54534012231512	-2.04755148896197	0.0173335957010259	0.00010129911651364	0.0564234508052148	0.00105894105894106	0.111285885951943
PF04723.17	4.62915952305366	5.47089215785056	2.24883809928649	2.96001520914322	1.98350131369517	-1.13966914042769	0.127914754360888	0.00520229566706481	0.227711501993542	0.0201742257742258	0.362341249985966
PF19789.2	0.830712430602452	-0.782499936336927	1.71245442992784	-2.59722782143842	3.07615815655613	0.757892026403293	0.152564981544566	0.0812796724582845	0.719620121951429	0.0491356643356644	0.330230156184445
PF13290.9	3.61495092931153	3.08838990402196	4.60421718156101	-1.48345554549695	2.09503933779509	0.586528573013368	0.234510340124545	0.147080875585113	0.923152924762207	0.099367032967033	0.60499764994548
PF05729.15	-0.186747546293895	0.00510459722843848	-0.359750853021037	0.282411145838143	3.55401217622264	-0.0706689738592289	0.46502331908821	0.64788814209097	0.965932403661253	0.723186413586414	0.982751483182143
PF12750.10	-0.513811970190339	-1.54337614872398	-0.093669158496704	-1.3424290303719	3.60372964852971	0.299577750938854	0.341105935917739	0.429285923297523	0.946163622155984	0.382971028971029	0.806042799814227
PF19478.2	1.56249851587861	0.0346331415711614	2.26734877891192	-2.63104594369805	2.80257602800516	0.813108252040185	0.139906756518624	0.056473917259313	0.677640295170764	0.0363164835164835	0.288824755521765
PF14193.9	0.168005897479755	-1.06859852999949	0.727498306439827	-1.80899169245858	3.54916961436837	0.443882306280129	0.27248502060596	0.286815883468015	0.916419948987697	0.240560639360639	0.710943585862782
PF18852.4	-0.587745574317961	-0.973246065108778	-0.398346538693469	-0.611158110338663	3.66085263207487	0.129207943199772	0.426382414508798	0.631378764861467	0.989283089382612	0.613640759240759	0.94613082345211
PF08401.14	2.56709870160214	0.153709458676151	3.85334811454018	-3.8903639166424	2.97237521078822	1.23880603688756	0.0579614339536367	0.0161547129152874	0.435315576064056	0.00344855144855147	0.0811713771072635
PF06114.16	2.73739540604657	0.968827234140853	3.30253286562512	-2.73203185856042	2.34672598579426	1.10500617082406	0.0839440873391152	0.0272893314953268	0.537388644802128	0.00712407592407597	0.118126645834587
PF14191.9	2.73664186539157	0.52764203791646	4.25854547637974	-3.79482376966394	3.04907140337756	1.18189423636718	0.067333397126099	0.0188572259222899	0.484707887280907	0.00337822177822181	0.086864977635944
PF14195.9	2.67468009096215	1.28131461661389	3.66139794390821	-2.55956657712854	2.64379599713457	0.896849633933703	0.124583642755893	0.0399423513103166	0.611532434282054	0.0175104895104895	0.216957611279991
PF12645.10	1.1798853763149	-0.247109144272055	1.78435502005203	-2.03520352641778	3.28513429729129	0.547346809433857	0.228666680910742	0.151492334320781	0.874072186472766	0.118302497502498	0.567892271650976
PF00301.23	3.47363405148206	3.57220196117133	3.43760989452274	0.232253270791991	1.68587892138265	-0.134436247190719	0.441039309340154	0.658027991941699	0.995605033073533	0.693764635364635	0.994270884046235
PF02920.18	5.47099335609562	6.22922828115206	5.064731292042	1.05162824931679	1.13611852331181	-0.85308765464233	0.154563648694759	0.0304737559425713	0.43512394912948	0.0303744255744256	0.423932064206376
PF14283.9	1.50526569205751	-1.44963711079762	2.56258920687023	-4.28294049417228	3.08275308409054	1.32001127853847	0.0433045656236166	0.0128354943417856	0.397676427951336	0.00262537462537466	0.0609400520638724
PF12666.10	0.675086743349581	-1.47681549821273	1.73118389765489	-3.1947598270218	3.07333122019555	0.933579406151016	0.118666700427373	0.0427707338789925	0.602620344429983	0.0242749250749251	0.223691629846944
PF00042.25	-2.28233827568449	-1.43107383762051	-2.8242214629395	1.40241097105442	4.24010105922494	-0.289290753008526	0.352000006007865	0.450871048721914	0.861775941762428	0.452195804195804	0.863714491704403
PF12728.10	1.78402581777531	1.11424082141865	1.99708951647837	-0.90771189199127	2.17897717046167	0.346440763972113	0.317333341140817	0.293923460394746	0.974181301859011	0.329537262737263	0.815719642191327
PF02545.17	0.937711551246835	0.0522553492248106	1.15811136810039	-1.06537005799951	2.23036156448458	0.404172830545915	0.305129921889803	0.271296028904768	0.938801408443031	0.291944455544456	0.729471769018023
PF13620.9	0.998032041816924	-0.978235934365268	1.45973499011637	-2.76813442180312	3.02109144731086	0.864137713580161	0.141333360698472	0.0610301242892885	0.687367302142837	0.0416791208791209	0.290361930711677
PF04413.19	-0.804704338101741	-1.47005395319961	-0.444961633742452	-1.03616607253025	3.63002324644727	0.23995362117174	0.367333338619035	0.522013529533665	0.971314005883504	0.477371028971029	0.875400458085507
PF03575.20	2.21927226445932	-0.477149750862251	3.09876290816041	-4.0079007302717	3.06791306281409	1.22948101997216	0.0566289908007927	0.0153441415619938	0.421762637268288	0.00271568431568435	0.0695667409819067
PF04613.17	-0.349191561815071	-1.44288705844511	0.161250109729608	-1.49566892715224	3.77345245424135	0.32834937505309	0.315333341253158	0.427622727869853	0.948770436907266	0.348597002997003	0.795167920469438
PF11028.11	1.18066531231456	0.796188336080816	1.31019572311806	-0.633384095060782	2.60603330782335	0.19515748798854	0.385742842566878	0.390335934168005	0.985310040988164	0.478196203796204	0.913017632868881
PF02417.18	0.937386713608867	0.347836104021151	1.17786432860506	-0.791462736668687	2.17216950895955	0.291338745012804	0.350666672739211	0.393402512529838	0.965786360998363	0.407845354645355	0.825148890963866
PF13304.9	2.85814648400186	1.9875936542784	3.3847223448872	-1.37543176275199	1.81318307485404	0.672887625527935	0.172666687883334	0.0967024295888629	0.807109776217341	0.0474517482517483	0.353940575683496
PF12186.11	0.335513021579048	-0.977124904432373	1.32546547703125	-2.28689353173999	3.74125661759596	0.533663168232301	0.235176562581753	0.219526920740445	0.873948837626203	0.142985814185814	0.596891470330722
PF01502.21	1.55545275219568	1.63980847362558	1.51024869101453	0.100322486169689	1.63520228503251	-0.0574094288809252	0.47035309903515	0.796013341401329	0.987814744498256	0.771805794205794	0.985775968892856
PF01503.20	1.34918489332402	1.48171266835261	1.27555188783862	0.176944170172247	1.695370098393	-0.0957846580794599	0.453697536704118	0.731861696059781	0.977804732623987	0.695515684315684	0.977917537594993
PF08328.14	-1.50214903397402	-1.49601846879619	-1.51277760769453	0.0625486900568193	4.23395567230224	-0.00907690639249634	0.496000000148157	0.739269875915296	0.974039997009499	0.788538661338661	0.979165765043731
PF12008.11	1.13437555642219	1.48575834435495	0.81685164587806	0.808171716208183	2.18216642635326	-0.334833766007692	0.341105935917739	0.290546450463673	0.859376051761996	0.408149050949051	0.891409414903837
PF04973.15	-1.32811996157265	-1.52687383409494	-1.24140267914948	-0.121176814787129	3.65385847396356	0.0266977851344688	0.483333333951304	0.724171847658422	0.977650236195086	0.715703496503497	0.947291258035675
PF16403.8	-0.131836863844204	1.53605333122831	-1.02539544894653	2.53991366133742	3.02764097572619	-0.760979892726001	0.158560983024598	0.104694681859949	0.570223758878042	0.0657566433566434	0.490754801576016
PF02190.19	2.62259577869651	2.77514867273207	2.54925488820917	0.257499015925069	1.40694799744542	-0.159248244226687	0.421333336320866	0.691166544638119	0.97418511110838	0.652799200799201	0.970730342819031
PF04327.15	2.2522161407958	1.83247098768787	2.38378526502909	-0.447761667115036	2.10382041233911	0.188308687660006	0.408394407236809	0.555242065746894	0.998619309671733	0.553516483516483	0.97079675031891
PF01032.21	0.942886456787617	0.750720791887051	1.0194295403473	-0.197835317802576	2.82386898123367	0.047677884977608	0.466666667906746	0.693270360922079	0.997345397960649	0.700161038961039	0.976909166750789
PF01867.19	0.572483044144562	0.749427324707929	0.491837345766291	0.0931115977164012	2.99593852843122	-0.0275422768817101	0.487674883867214	0.752089928174139	0.994602025450604	0.781683916083916	0.992667612218579
PF04468.15	2.35054862358986	2.29766804451934	2.37889194653104	-0.104780963645575	1.31780690697621	0.0766779091465197	0.46502331908821	0.675544412936447	0.994697789861433	0.68937982017982	0.969912617266431
PF09491.13	-1.03343530441005	-0.969602514162956	-1.05940257611602	0.200219702852193	3.71395578633446	-0.0423316639855464	0.472000001040299	0.728974136717439	0.967353960076213	0.732015984015984	0.967009471231432
PF07355.15	4.49880251202612	5.70263214921855	2.41566711655649	3.1398593946343	1.99940193639363	-1.28483568380611	0.0799467550049923	0.00261133416032562	0.175979816055183	0.00614025974025974	0.217861220066158
PF05544.14	2.38862065178849	4.4281585118545	0.203482920799888	4.28460325950047	2.40284852078366	-1.64310199369164	0.013333675830244	0.00178649263491443	0.130242342685442	0.000788811188811189	0.100183965540289
PF19571.2	-0.553393937459157	0.657243878392951	-1.25047082352012	1.99115831234453	3.63180236595453	-0.466734166431933	0.273817465548373	0.276897063539027	0.804953698378462	0.242163436563437	0.797981389595007
PF13751.9	5.28390724139223	4.85996488699515	5.50713909348127	-0.75833873920884	1.32621724492331	0.628079793991514	0.186666685776076	0.0841195763464308	0.83592728188593	0.0522589410589411	0.407985176501001
PF02604.22	2.90992124067518	2.51460972443197	3.22650695101409	-0.647781153306012	1.69793756228838	0.306997444268595	0.322451706382074	0.36512741011367	0.987779212141012	0.288843956043956	0.844640908583405
PF13401.9	2.46753002669824	1.52625936886412	2.79085173926434	-1.32678730119935	1.51477945029026	0.826860934486441	0.171333354767662	0.076735214461677	0.689474984478256	0.0685210789210789	0.373679015336396
PF09299.14	1.82827170952614	1.28176924224894	2.28056202890491	-1.00704738283755	2.88963686484568	0.325534176759084	0.350000006105005	0.382774187023755	0.987113175440594	0.375690709290709	0.909231075373591
PF20020.2	-1.09513567406688	-1.50191357560659	-0.80244930439866	-0.562361493838918	4.13411879338261	0.116170419665169	0.430666669284912	0.667418395911902	0.988994568854628	0.616436763236763	0.940642856242414
PF05164.16	1.40572269668771	1.33436849051975	1.44727563771884	-0.260361859710262	2.60918370512163	0.073074430747889	0.460000001491024	0.613948094615948	0.997943397081446	0.707303096903097	0.981689627912859
PF00269.23	5.87643037039923	6.1168092339338	2.51760272768857	3.34723537768784	2.02681286293257	-0.748908775044146	0.333111266107309	0.0627686305924369	0.626731320020562	0.327672327672328	1
PF02616.17	0.447136935674919	0.0883232989217229	0.549923921451238	-0.461193549436117	2.30027659673847	0.143344354685431	0.42038641208195	0.481064706499177	0.983829530930088	0.563156443556444	0.907576687513267
PF01992.19	3.01673442876968	3.7405419313786	2.61038995779253	1.08528078687771	1.66829832956606	-0.592203895027215	0.242000013023006	0.144863861590014	0.75273266803181	0.144909490509491	0.754707922321228
PF19568.2	-0.5787529469297	-1.06051941296094	-0.366871175085064	-0.5350834710986	3.4935160869614	0.130150023745477	0.422000002960946	0.624333278794016	0.987853815280534	0.596620979020979	0.929780701082604
PF18980.3	1.62657388528848	1.7667404935202	1.59302526394779	0.193777719335818	2.23362920730224	-0.0619270193219426	0.470000001115125	0.697843041280984	0.99473268039794	0.768164635364635	0.990615738292181
PF01946.20	-0.451622798145524	1.08938367797923	-1.18556450749312	2.28584085958772	3.85092577566688	-0.518834613740642	0.237175229955208	0.23421090954609	0.754699749558102	0.161751448551449	0.728462676674653
PF18075.4	1.98291140407367	2.11663851628258	1.91208404956447	0.188446206879314	1.83100974025487	-0.074974883591116	0.453697536704118	0.795903093118138	0.993206261086378	0.74378981018981	0.993704640382039
PF12663.10	1.04615233767647	1.09704736037676	1.01934028100618	0.059122029903584	1.85633538193088	-0.0280000791134102	0.48301132641191	0.742573045299977	0.979841437953102	0.763331468531468	0.97361864871324
PF13847.9	1.73159913143264	1.15836679491225	2.00212674320468	-0.974336518916598	2.038827677282	0.39316862226975	0.281333343347389	0.22889610745358	0.936863126267408	0.26030969030969	0.728915782543503
PF14082.9	-2.36616899506359	-0.932974731660619	-3.16216167253083	2.17968046963211	4.14490122484328	-0.456914808894929	0.280000010104348	0.284386729927758	0.743168306241231	0.263513686313686	0.736695843286191
PF18828.4	0.837787555497289	-0.456680234856081	1.68419845903871	-2.18129317185917	3.42483466162795	0.536591182554277	0.226666681104908	0.17941909539447	0.872780578139871	0.11897982017982	0.572278683262179
PF05713.14	1.36030660939762	-0.354044929554305	2.12141069689165	-2.52461434735539	3.42426784923154	0.637423367338741	0.200666683946039	0.154452694932715	0.846026662308473	0.0700743256743257	0.438818283318453
PF13588.9	-0.0413234776530214	-1.11957506129336	0.360161460471143	-1.13698516245644	3.70338613504651	0.269445072065549	0.360426388010507	0.492756824349508	0.976790801427722	0.433823776223776	0.874444231267813
PF08463.13	1.36633140662551	1.80839544501759	1.01835962637652	0.815613668041403	1.99787177833664	-0.354413051579807	0.308666674968797	0.268687370699403	0.838137010929812	0.349952047952048	0.857967083686478
PF13263.9	0.652101875110619	0.760617209804532	0.60565179921519	-0.0237658044673772	2.28636302158737	0.00891888516701145	0.495669553791098	0.69448786608165	0.990578153067761	0.773796603396603	0.975868490697269
PF02906.17	4.39469510750134	4.85093463185517	4.15316665685442	0.648373168383098	0.770649834086484	-0.777312727699805	0.203333350290745	0.105002454304026	0.609362792725757	0.105862537462537	0.617994741443001
PF02256.20	2.68559438409543	3.6628469923113	2.20668384284658	1.37147555713959	1.41675329352888	-0.914056026408894	0.159893427809535	0.0464064103617912	0.460944499988421	0.0499252747252747	0.474959651506186
PF12687.10	1.83294260299367	-0.728036585382404	2.93263906314583	-3.81413546839883	3.20426287052019	1.13567754990519	0.0652898726632541	0.0220263828997058	0.498058150521279	0.00492867132867136	0.0968890626845189
PF13150.9	-2.30068997320374	-1.51726501815191	-2.78142090798725	1.23957751817726	4.31097773039211	-0.261013221270714	0.36175883298481	0.486028019407073	0.889646177135125	0.489124475524476	0.889448918074135
PF12991.10	-0.864404639485731	-1.53597017976077	-0.546772061338276	-0.845405756914456	3.75561460441092	0.170574843928164	0.407061962254786	0.592448457398538	0.976223787372601	0.533482117882118	0.899017018446502
PF01656.26	2.5900133859349	2.2107084730562	2.77594556802414	-0.472333575943496	1.53355873537965	0.289518743061476	0.367088612884815	0.53496036520982	0.986572374195757	0.453683116883117	0.904354983424573
PF01609.24	6.38489700943075	5.53845148449725	6.99642270325848	-1.52513347421361	0.922435821566798	1.60916785220139	0.00866719606364082	0.0037337636813363	0.269496501025437	0.000229370629370655	0.0135505853794297
PF02401.21	4.9697421428858	5.05890634237802	4.95175046438436	-0.0631255607947097	1.60724167634934	0.0394563136798273	0.481333334025656	0.850895153774814	1	0.841295104895105	1
PF04060.16	3.58052886510684	3.7053222076385	3.46393190274206	0.0680452752264378	1.33904556892074	-0.0437284107759707	0.482000000667532	0.79560874022517	0.998276464044432	0.837135664335664	0.999054483262366
PF13375.9	4.18838232787037	4.76729432750562	3.84673964117051	0.970994594114148	0.771359335948341	-1.15235946067237	0.0992671966727295	0.0119200503023892	0.262705035141552	0.0174641358641359	0.274878515329245
PF14266.9	1.57057164160815	0.0332838579418819	2.06217024843116	-1.81334083826352	3.21185154134844	0.531572154126511	0.226515670662955	0.204748107260559	0.911472784068861	0.103954445554446	0.544338842898976
PF12685.10	0.73604192990503	1.50663243261223	0.436019660683679	1.26192894962335	2.65408670911837	-0.38182712315331	0.297333342315177	0.392872258265796	0.891122934458516	0.306253746253746	0.866223229652295
PF03313.18	1.74366771471564	1.70587491018909	1.76258031220935	-0.0586030326446876	1.76229636254751	0.0234235247897166	0.48500999389272	0.688480257327111	0.991715589220878	0.735708691308691	0.97496227757396
PF13458.9	3.10149281092754	2.99352593676562	3.16221357997803	-0.140442985327041	1.8226210957688	0.0639758686697212	0.458000001566609	0.679510389685396	0.999752533231517	0.70843996003996	0.98651112089995
PF00941.24	-1.75945940623002	-1.56907502710283	-1.8821507409281	0.279773658184801	4.16264112508741	-0.0496970317773443	0.471019321528573	0.667882634042056	0.965511131726134	0.706681318681319	0.976825230152904
PF03450.20	-1.66552361882227	-1.50993222670249	-1.76534592057914	0.396374395064931	4.39516511537274	-0.0749519766507243	0.455029981690227	0.66386161411198	0.960252135425869	0.707292707292707	0.971115416843562
PF02629.22	2.29530223502804	2.71536892126023	2.0577319786307	0.660314899345757	1.33903417327429	-0.466684456284937	0.291333342691635	0.291153159800538	0.818538428603296	0.306296103896104	0.826043357073112
PF04199.16	-1.40143530683263	-0.911294234181532	-1.67757206873981	0.91246035779923	4.0819984769581	-0.185568538233022	0.40066667049685	0.565971729176273	0.927741216337426	0.570274125874126	0.933661797710309
PF01311.23	1.93634058023265	2.1768838101867	1.7400158353415	0.170726793576685	2.08240571752609	-0.0651706484073266	0.470000001115125	0.801221900177261	0.992246272148959	0.762962237762238	0.995761942781944
PF12733.10	0.324485034208262	0.194657133765999	0.353221959979959	-0.254852318481001	3.24950122391675	0.0609713165295917	0.466355764074866	0.647816337855705	0.99343008814943	0.67557962037962	0.971481148050333
PF02561.17	4.24783718540519	4.6450074669484	3.78884076737414	0.873341840059993	1.51305685122329	-0.549092139779074	0.267821463313649	0.100277148816409	0.71473604325014	0.186297702297702	0.86239464615676
PF02465.21	5.53193873270289	5.87906575121314	5.47138417743971	0.405570076847543	1.4837880287444	-0.266805310482737	0.39800000394182	0.500534501908642	0.999390602768041	0.562803196803197	0.99922015878395
PF07195.15	6.35262333868091	6.43518898962625	6.34903892537869	-0.0959485151564934	1.45236024720544	0.0644496633697442	0.472000001040299	0.825683121651175	1	0.760117482517482	1
PF20074.2	2.22898328410259	2.73056824719148	1.49861706934253	0.811740042825131	2.7465628183653	-0.262205410908581	0.414666669921978	0.582457406546094	0.996362481782072	0.636752447552448	1
PF06429.16	6.61657929979657	7.29417531279277	6.3455979701192	1.18116299122982	0.964876011171143	-1.21808718446913	0.0393072413910795	0.00536654518065405	0.227062399958673	0.00241598401598402	0.138121333910569
PF01814.26	3.06822243221455	2.90331012978782	3.13716564598022	-0.384800308033485	1.27474673585413	0.252057710992223	0.372418392789095	0.399093511620988	0.980319875287322	0.449302297702298	0.904069443600922
PF07194.14	5.81550983253025	6.63755748235018	5.55953370705312	1.07259678920479	0.841176599988465	-1.18371288919736	0.104596974415459	0.0159946371064319	0.318794639625458	0.0135688311688312	0.299650655984321
PF02895.17	5.811735215235	6.62524422259001	5.55685507317023	1.07219791967768	0.829153801690338	-1.17465823574891	0.109926752387958	0.0151820446296286	0.309520458362897	0.0134857142857143	0.298372064836426
PF01139.20	0.487439214925745	-0.479139991570955	0.8616780675902	-1.47650779175904	2.56059750308374	0.487158261286238	0.255163236429263	0.218255604089152	0.897072305266284	0.220828371628372	0.64426060214993
PF05076.16	-1.03270672048953	-0.930327161714332	-1.07853275921439	0.303740337009919	3.64111852139779	-0.073993420109578	0.464666667981876	0.718529135648147	0.970950996257027	0.70718041958042	0.968369586134942
PF09951.12	-1.0420455012263	-0.773789621303286	-1.13832252852405	0.378610117458979	3.82143354536117	-0.0829999019108758	0.455333335000962	0.698194112275845	0.966576718652889	0.69078001998002	0.963241610552778
PF12673.10	2.78442449228043	2.81530948088867	2.76927200812147	-0.0075969882675615	2.05709796148566	0.00301999826266117	0.498000000074075	0.751489873537323	1	0.834311688311688	0.99981311621404
PF08220.15	2.26197672948462	2.16967840272116	2.32266668604077	-0.0479690391533856	1.6796808375439	0.0241199364846883	0.490339773841787	0.770542958605736	0.99568632009842	0.749626773226773	0.990182427391511
PF00455.25	1.61426318432292	2.16728560299558	1.30715787866678	0.796606136930541	1.80051606273769	-0.419881508635847	0.31845437149215	0.366742083654401	0.878617973056839	0.346442757242757	0.882326592689342
PF03788.17	-1.65476729905228	-1.52582262849156	-1.70601532756892	0.400894423254352	3.83784743180943	-0.0767305053478233	0.460000001491024	0.685902275349539	0.957506697623982	0.701102097902098	0.966119939569817
PF03116.18	2.70628300033367	2.04321067227946	3.01408823610107	-0.927127772365818	1.41472683948116	0.594329683926215	0.229846782932892	0.181791787471475	0.861396259365603	0.132451148851149	0.566389258538989
PF06580.16	2.99504426715594	2.85802160234954	3.0673607635908	-0.266138637616685	1.12907707214574	0.230434238406494	0.39800000394182	0.491742576178233	0.976692456056827	0.525963636363636	0.917389193704099
PF04233.17	0.0547387526617076	-1.49875751954832	0.603696963123607	-1.92585945225991	3.21724017959415	0.494169911271574	0.241333346414553	0.244726462425193	0.871983000554515	0.183121278721279	0.588754828997684
PF03496.17	-2.19545650902023	-1.57081158253644	-2.58025915566073	0.988798537881219	4.15765055351534	-0.200602077451256	0.387333337729382	0.51311508796093	0.89880985677835	0.525664735264735	0.903719348171085
PF13479.9	-1.08532388891804	-1.48474980572642	-0.811374890990613	-0.651609453795714	4.19534245538147	0.132588027101266	0.42438374703289	0.668228742561263	0.985829614041037	0.619760639360639	0.932081182528122
PF01507.22	1.3696315772782	0.813932225458691	1.70983900645016	-0.983001147939006	2.5658498255138	0.332875352465424	0.330446376173551	0.32056378672238	0.962328401366337	0.326484315684316	0.833012461985655
PF13714.9	0.478201546350606	-0.473861570144755	0.889611792407993	-1.29793656430936	2.82516401722482	0.349836929869212	0.29466667581433	0.356711349045709	0.94104253081019	0.277528471528472	0.744763572834148
PF12958.10	0.487894480311551	-1.41268823841388	1.808529667506	-2.93149868805914	3.62834512768649	0.743562475912042	0.162558317391277	0.106482928440311	0.764359055581506	0.0535344655344656	0.371739810550025
PF14236.9	0.57507153193326	-0.946133481193213	1.07086949840316	-1.51135821008267	3.88622205935718	0.334114930576479	0.338000006703729	0.423503069058767	0.975525933994918	0.323814985014985	0.854178884658562
PF17746.4	1.25149838688415	1.06136815739963	1.31451608356098	-0.13369479080532	2.77302555312591	0.0381530962944328	0.470000001115125	0.697822711860201	0.997448360074233	0.735855744255744	0.980917588916053
PF03749.16	1.25385338738679	0.984286735521143	1.34477122527312	-0.170990310742464	2.81048618072978	0.0452337045557921	0.471685544022008	0.699130156446436	0.998402511019439	0.710024775224775	0.980972359479795
PF07943.16	1.79623306052529	1.60566576637845	1.90651304579385	-0.344447235263472	1.88269293612985	0.122589694955318	0.424666669521598	0.576374072381229	0.99247860155626	0.610660939060939	0.946129288016937
PF08769.14	1.12993485693814	0.38479244287105	1.42765068335727	-0.943812315819673	2.49214462305933	0.298667637549825	0.324666674070979	0.30154588618637	0.964867875481962	0.309342657342657	0.792565951220867
PF18144.4	-1.35841958816578	-1.45939404658929	-1.29672168646244	-0.0394103714281355	4.17225261105768	0.0065256469039195	0.496666666790129	0.738436933887204	0.982440503703218	0.751444155844156	0.970294983061639
PF08013.14	0.104180213744836	2.17898225101905	-1.17058169958019	3.31885911141285	2.4178551294423	-1.29716075805374	0.0553334121000818	0.00812659523299007	0.211854587466622	0.00698581418581419	0.181127264290412
PF01487.18	-1.39130121406439	-0.962037686003351	-1.68134250881258	0.772198750792407	3.98583669869806	-0.169980865860814	0.411725519692567	0.588418795706467	0.94723017345325	0.619675924075924	0.956732846277516
PF13320.9	2.90361829264788	3.24146046042867	2.67853903347549	0.394954599827909	1.94478120478595	-0.201583383840722	0.416666669841269	0.651774423216617	0.991415597667885	0.651432567432567	0.995075702515281
PF02719.18	2.48016493081851	1.77496948414957	2.8584478201456	-1.01249165998245	1.62788510627158	0.569595859117435	0.247834789324005	0.171266919812926	0.882588915708295	0.15471008991009	0.620754984542037
PF08485.13	-0.431433584967785	-1.46706568986354	0.254352793715812	-1.69496283008755	4.06416197505409	0.3624510154609	0.315789481567806	0.409816873595004	0.937631772532379	0.314753246753247	0.789468923187354
PF12911.10	2.3654284163025	1.96727502406158	2.64813316526032	-0.848629923275842	1.95719646815763	0.369115653372615	0.315789481567806	0.258351982035461	0.963179035384091	0.266022777222777	0.80918702630106
PF07804.15	1.32800314531144	1.89025805103337	1.13687068428408	0.738296589354592	1.57960647533952	-0.402394953848474	0.31845437149215	0.426277357684757	0.876048222742298	0.379211188811189	0.864059836633287
PF20613.1	-1.42974340415494	-1.04909146212002	-1.61506992086016	0.737882242987885	3.99562062072316	-0.167581440081156	0.415056632149291	0.6130272435774	0.952253968851138	0.6172003996004	0.955474122669899
PF00801.23	-1.44971997235374	-0.942149953867058	-1.76852015276742	0.826096407989597	3.79072250049051	-0.181277351519286	0.404000003691644	0.557915182043696	0.913799677069781	0.563464535464535	0.919886036642569
PF01113.23	1.5193324919433	1.7804352402201	1.41227921302126	0.486806979253235	2.09682855138361	-0.156764031415887	0.390000004281288	0.582577677021836	0.960592009781239	0.549273126873127	0.943259445034196
PF05173.17	1.5136159782465	1.8123060577537	1.39071107836095	0.501851451677376	2.18685037221642	-0.165165020863569	0.38974017750457	0.58082917747875	0.951003661954499	0.541889310689311	0.92976264722675
PF05922.19	-1.19610017856705	1.207600133241	-2.48159948407554	3.55652152892947	3.850271402416	-0.848556785286293	0.145902757787694	0.0880186384294449	0.493594118935902	0.0577406593406593	0.445161484997051
PF07532.14	4.11321809960024	4.47134875398643	3.79838128115191	0.470383847089172	1.96763641290658	-0.158111426748496	0.401065959837764	0.820076743614875	1	0.590018781218781	0.999882684222253
PF19191.3	-2.33603411491398	-1.5199942851892	-2.80041345509416	1.37304107523822	4.1695068144675	-0.28744474482602	0.368000005255151	0.482251972336898	0.868836706896541	0.474836763236763	0.869775301789197
PF14284.9	0.0322045785724097	-1.56977842105254	0.711922928571777	-2.12829436617929	3.79102549710507	0.496217633561289	0.248000012511435	0.294264564721729	0.896426508017923	0.190683716283716	0.642153534595226
PF09357.13	-1.85188047182698	-1.42178279991199	-2.08882323956052	0.658847587191936	4.23487339630876	-0.131780549488738	0.428666669363533	0.596936033840887	0.948803486210263	0.633286313686314	0.961088614765951
PF07693.17	-0.853321997350021	-1.45910837999954	-0.455439021506691	-0.898280774962624	3.65508442311581	0.217019788902394	0.381333337990732	0.54343569405122	0.970347094390487	0.496534265734266	0.876844393667149
PF13238.9	1.50520462561532	-0.311771063350122	1.90341884593866	-2.26014482652142	2.50452363986593	0.750459587955376	0.16655565179212	0.0811010356108151	0.781790629971566	0.0630737262737263	0.373218984612403
PF00923.22	2.5794005453099	2.20612666714948	2.8291405733528	-0.487252200439269	1.73372347505711	0.261871411106762	0.370000005163893	0.542594604786135	0.988460230034628	0.444571428571429	0.920758059451604
PF10991.11	0.406192105431146	-0.380411426742952	0.718383010010095	-0.963755327598434	3.22319472550903	0.268099070880335	0.359333338991004	0.473184888618354	0.978560175693368	0.412850749250749	0.859881823160351
PF10926.11	1.22970215646613	0.677389470801399	1.47319505193664	-1.06766970144428	3.30384629876414	0.26885814599052	0.36175883298481	0.380730572718356	0.991639239551939	0.408019180819181	0.929761491150071
PF05673.16	1.11760424178995	-0.145479428070084	1.47677367043749	-1.42777532210088	2.76483710314995	0.480370841075918	0.266666677714643	0.21432989955641	0.919728199506314	0.224969430569431	0.672736201742146
PF14202.9	0.637612012819246	0.341393015740246	0.852574373693	-0.589541196636699	3.52374762002874	0.121587829990852	0.424000002881386	0.689360588401228	0.997592299794071	0.614567432567433	0.975496559233232
PF15583.9	-2.35736585552101	-0.871521727733524	-3.09809844872443	2.12316188510752	4.22766035227929	-0.430280194061788	0.286000009703439	0.314456610585838	0.771592664873698	0.302193006993007	0.765242450941324
PF14568.9	0.80984029099864	-0.781150297740765	1.4018285673471	-2.19810039054421	3.03859458306299	0.625710135064561	0.20200001711741	0.128480990229241	0.828336294176109	0.0966801198801199	0.490234166995069
PF14080.9	-1.81612724658553	-0.757963110064662	-2.39419916963782	1.61925294397731	4.42546737746537	-0.322611405432506	0.329113931207269	0.402229888806868	0.857092936624097	0.401647152847153	0.865829499731273
PF14062.9	-0.697627562256582	-0.38411000302614	-0.844994123659613	0.513300192856101	3.39017321557259	-0.124578464584642	0.430666669284912	0.65725233349548	0.956326984414938	0.629233166833167	0.951225198424812
PF00145.20	3.75919419661203	1.71728868816108	4.47569891742804	-2.78546603186596	2.39018782278247	1.0859273679893	0.101932085513116	0.0293235102875256	0.573134687795198	0.00780579420579424	0.146376934980541
PF00326.24	3.15204771923433	2.87937577294821	3.25712164812211	-0.588543740097391	1.88330216957763	0.259423527981601	0.366000005347005	0.307537993877975	0.994614960693426	0.425884515484515	0.929790778400732
PF07881.15	3.04353284059612	5.75519653283014	2.12118160593678	3.6125525051392	1.18855966234944	-2.78887587051103	0.00133676857876842	1.6136642723137e-05	0.0201130205356142	0.000463536463536464	0.0901777505720885
PF00183.21	5.10610866971324	4.9787229531807	5.26481335137892	-0.38894148581829	1.26441255548966	0.27070598062414	0.396402402404781	0.459093320320683	0.999017899939771	0.499841358641359	0.992555676537747
PF00639.24	1.61691286101582	1.29442255204542	1.77087715590157	-0.609610748679596	2.35165344251054	0.198936328289377	0.380000004716091	0.399880305422351	0.987755465840883	0.464648551448551	0.909465346596286
PF18998.3	5.74504135350556	4.84070278973716	6.15990600634045	-1.44969729990971	1.03068312911799	1.41535866782438	0.027315287757914	0.0142330805929472	0.438054778783985	0.000680919080919125	0.0343939071239754
PF20597.1	0.87977059491567	-0.306126884717828	1.39427635674705	-1.50351604322607	3.11752151403567	0.413574526209984	0.269333344186377	0.321401802969294	0.942268764205699	0.209886513486513	0.705074959524374
PF19778.2	0.0143034359734173	-0.84874704470519	0.39121947074745	-1.01363474126702	3.79284812755166	0.242147483236131	0.370000005163893	0.498874766287061	0.977287337060217	0.453970829170829	0.884822491101883
PF13151.9	-0.410082889036106	-0.212446202184493	-0.485570319651748	0.369576724601455	3.40505487300673	-0.0907801116662497	0.449700201746251	0.758254476863188	0.978316900705921	0.70788011988012	0.977158871228551
PF19553.2	-0.274658401118365	-0.92798246675918	0.271978200595684	-1.04222132265958	4.12693980156657	0.214506675854671	0.37574950523133	0.603764035438467	0.987615817194667	0.464191408591409	0.898783644380398
PF10646.12	1.96554226953369	1.95093908953062	1.97651914187768	0.200983466172945	2.69004022787135	-0.0519994039437638	0.457694871662661	0.662203589008	0.997214944064871	0.749320679320679	0.997468644687794
PF19364.2	2.59770190764149	5.13894586985037	1.36318234133558	3.93028958822656	2.17158230824894	-1.75602587994632	0.0453334306072209	0.000530597993617512	0.0971709796142632	0.00215704295704296	0.141932722908242
PF13707.9	-0.316293894968402	-1.46444411464764	0.0782488308877589	-1.49819617470773	2.94781852101476	0.438008649309947	0.290473027388758	0.264616409996103	0.899904805041403	0.275657942057942	0.680061281878545
PF00460.23	6.52826139883402	7.28735584503383	6.28454240784037	1.30961143350579	0.996163943515497	-1.32481330027038	0.0293334863890056	0.00425514855767981	0.208983124505252	0.00218261738261738	0.133565640931262
PF02028.20	-0.879327317864176	-0.985488515725038	-0.845385156203131	0.106559970193829	3.62542966665308	-0.0257463975715575	0.489673551348137	0.756028811041381	0.98259570907518	0.761248751248751	0.982453163233709
PF14203.9	1.50804392490198	-0.227180916883234	2.09647572435744	-2.29335518428884	2.93297530784727	0.657967277153338	0.20053299528734	0.095329840960489	0.806062729125257	0.0827548451548452	0.450607281348149
PF17295.5	0.492486198212169	0.727549667724749	0.414261978755825	0.205402260200402	3.15417054472279	-0.051798772526257	0.474000000965574	0.795842862433335	0.993960024843564	0.7780999000999	0.991368880073561
PF04326.17	4.38568143874656	4.07261394904029	4.55423235371106	-0.540625879129021	1.12154545580256	0.437256020313345	0.306000008458571	0.255495990573674	0.965285825517898	0.246892707292707	0.832365678056
PF13749.9	4.36651246987762	4.11561079805647	4.57543373542927	-0.521951600354686	1.14592092438124	0.409253330373139	0.321785483900142	0.25049216805843	0.962672887185129	0.252075924075924	0.841110927490951
PF08002.14	-0.736200336935019	0.3041379660494	-1.1952918159175	1.42548875861475	3.51344760961852	-0.350197143017531	0.31666667451148	0.421117238693788	0.874038700213255	0.383660739260739	0.874011555979116
PF13702.9	0.639617831915264	-1.41623115940346	1.31276488228012	-2.65431698991519	2.98153192226364	0.834400622948239	0.139240534162582	0.0752882590168624	0.710130244150895	0.0473646353646354	0.310780448205359
PF13586.9	2.82614675101691	2.5948775587742	3.02862061471021	-0.60853637274173	1.57232588069973	0.378255960799446	0.334443711074774	0.314777531794577	0.951576260472442	0.361913286713287	0.880142268425059
PF13358.9	3.59550698553838	3.29453257570778	3.91123553788949	-0.569208297366439	1.59268157979796	0.325882075607019	0.323784151346264	0.344436105738367	0.98741799445	0.33174985014985	0.901730561480059
PF03050.17	5.37494498496826	5.62169102157778	5.15643161419884	0.456738415343719	0.835721646556509	-0.507301338395394	0.273817465548373	0.217270729198616	0.869949437902861	0.22767992007992	0.863349819192739
PF13817.9	4.32480405758941	4.78404896352337	4.09178809254184	0.659935620893946	0.944508790968817	-0.634895557631135	0.221852113499596	0.137563717805947	0.726564656756546	0.142575824175824	0.718748434786386
PF18610.4	3.3005171983303	4.3604306683028	3.01965879406093	1.27364066163711	2.36771564348292	-0.411368174642618	0.269820130723452	0.267971776254703	0.946302622668613	0.202512687312687	0.867103980092134
PF17802.4	6.89358593961358	5.93056118700857	9.03896021468914	-3.60772700506656	2.3867862066167	1.40610847641565	0.0393334462153316	0.0056490026036058	0.332800476447571	0.00107412587412591	0.0490177614614636
PF18202.4	-0.555045501587126	-1.42297573096641	1.1033430451675	-1.85434901130632	4.82761396510686	0.347894237843739	0.32844770872428	0.479228070508564	0.966203971007677	0.330117482517482	0.867298844372972
PF12636.10	-0.234959204763925	-0.249541910425174	-0.230146343639615	0.0849927265479602	3.18671577122868	-0.018983963745583	0.489007328854492	0.732743184128305	0.980321893032909	0.767677522477522	0.979801240057848
PF03235.17	2.324037351966	1.54760863585861	2.65602108190803	-1.12487068466429	2.42393746382281	0.378919663555933	0.292471694816542	0.226425648372062	0.95759514576577	0.209836563436563	0.745724888257482
PF03652.18	1.17645526385727	1.6817805178405	0.980091036319254	0.252533546854783	2.57588330577794	-0.0758598950671103	0.456666668283751	0.760401515436541	0.992369290758192	0.764987812187812	0.993193339937685
PF13166.9	-0.560350553813165	-1.45528625593549	-0.0450660927348956	-1.05679298864018	3.85169470925755	0.232681129765694	0.368421057860494	0.528718507979453	0.963666045162172	0.439478121878122	0.840273142303304
PF17853.4	3.70488726060233	4.22995322484762	3.4023425606273	0.681901301034499	1.03113323843087	-0.638923155912553	0.247834789324005	0.174792643816968	0.749518747999926	0.179976423576424	0.76358991430274
PF13556.9	3.5223609806298	3.93713361429374	3.13278378768328	0.646153513366477	1.18865859725132	-0.515136582213393	0.285809470062779	0.210987706035454	0.798981298246914	0.250572227772228	0.850125549916067
PF02508.17	3.5062507381617	3.24921011042891	3.58788265493846	-0.506822451349493	1.37059023460961	0.304045167162969	0.340000006601966	0.283712812610972	0.977610806308975	0.34708971028971	0.863605361109725
PF00793.23	2.12525922750864	1.2567488350761	2.37656617332596	-1.12815939522213	1.70691193870355	0.533005000461155	0.215189889012032	0.143474478481939	0.876780415803385	0.129388211788212	0.490963858646652
PF18840.4	2.58327053108198	0.183570624032906	3.54674577562726	-3.52235538040614	2.57008469321872	1.27085317207022	0.0506329978351641	0.0168676167125833	0.444051765743083	0.00259500499500503	0.0668492646714816
PF11175.11	-1.60302786735211	-1.41455752038653	-1.72714346957208	0.353634044993589	4.20623120059903	-0.0733646557641975	0.460666668132528	0.662757232424434	0.958674104014584	0.695569230769231	0.965628740267476
PF03644.16	-1.67021713737896	-1.4509265084948	-1.80950715384283	0.451881410797321	4.09386217183303	-0.0975686479866154	0.454363759197163	0.676798768669143	0.957957709705491	0.693432167832168	0.963820286131706
PF18911.3	-1.01883764048201	-1.05829472878828	-0.999971835267132	0.146405773654785	3.70256333416444	-0.0328107907053245	0.480000000741928	0.740395185251711	0.974707134321623	0.748840759240759	0.98044429739299
PF01074.25	1.57512433227224	1.9383324371543	1.22101091996047	0.629330514971184	2.34842201982393	-0.212838046199285	0.371085947812638	0.505286463656726	0.945433798195706	0.498534665334665	0.957009093146429
PF09261.14	1.64155264597647	2.11617039089088	1.25129669351761	0.824973106363053	2.3079554305486	-0.280679573719087	0.339107268463884	0.436686353883793	0.921519678857712	0.407717482517482	0.927054881315997
PF07748.16	1.60746558126375	1.98845223955789	1.27484879285884	0.762925948117337	2.39563037511937	-0.242250370912892	0.355762830602743	0.493210330146941	0.934934762220087	0.472049150849151	0.950284514594826
PF17677.4	1.58662169095182	1.96806362758654	1.25559416197358	0.748363294984374	2.43755633700423	-0.25292137435952	0.359093943036492	0.484937083837521	0.945537444550178	0.478588211788212	0.957145061615801
PF14524.9	1.0672295354846	1.37491507408087	0.904841714339807	0.513762328171156	2.15521150499961	-0.167036134421877	0.393071289954061	0.569202883185092	0.953092843438968	0.550972627372627	0.943196059403583
PF02441.22	1.96886801040749	3.08281227805784	1.47231690565788	1.61080510995248	1.40868061384447	-1.05236666844181	0.101333373868732	0.0253718007840918	0.335906351778958	0.0251708291708292	0.312393760648676
PF01229.20	0.793880961330849	-1.04115665527396	1.38394112462202	-2.31370038910694	3.46643447369761	0.565478371246206	0.208666683002966	0.175317726338453	0.852630629343954	0.0956675324675325	0.482438929589304
PF02342.21	1.9219750084608	2.58593446159693	1.47270781968681	1.09688121777998	1.40261997750041	-0.709784305230493	0.214666682338143	0.128247150649792	0.621151566312174	0.138170629370629	0.653310213999176
PF08501.14	1.62950992581951	1.65260376426677	1.61949872464286	0.118801804429303	1.68072401428335	-0.0558228399945013	0.476000000890941	0.740925605048396	0.976503388476606	0.753265934065934	0.981235838960717
PF18317.4	1.33631064921586	1.53341872153172	1.24460476105543	0.391541560365868	1.69218002761381	-0.207532502298691	0.398401069875784	0.559653629950168	0.938820178202331	0.578681318681319	0.939165009893586
PF02614.17	2.22771216208127	2.17673017083568	2.25244227173199	-0.18425102031424	1.44714822985221	0.105004699772241	0.447333335305835	0.616028415466687	0.991512252361356	0.668496303696304	0.962386472594274
PF16107.8	0.584176324170861	-1.09571598678366	1.16584360413823	-2.24658992732607	2.92560857343684	0.686383300882664	0.18866668549913	0.112331953841388	0.791563770763781	0.0975548451548452	0.439239227076931
PF05717.16	1.63962141615818	2.45766483835965	1.33388206392332	1.31131937856352	2.34936966069696	-0.440793060149869	0.30200000869719	0.445009322219365	0.924567898705451	0.290306093906094	0.881063367710738
PF05136.16	0.418026952318621	-1.5087556977808	1.19680121935813	-2.59159340580037	3.04451428657126	0.756708518793378	0.162558317391277	0.08478241165317	0.717134441551252	0.0596387612387613	0.35177887921131
PF00882.21	0.184997563197555	-1.49740829343881	0.750703175430302	-2.07584279387223	3.25346710421901	0.558141295776935	0.226666681104908	0.214818830936516	0.856086838975828	0.156566233766234	0.546273822885093
PF10369.12	2.22067752789999	1.95276810925952	2.33159996118752	-0.435279470528729	1.589709696789	0.229985218529211	0.390000004281288	0.433993564529685	0.978079304299118	0.486628171828172	0.906952171442247
PF16736.8	0.540472943068183	-0.970415756703994	1.17422250814927	-2.21508878961827	2.82727297816577	0.695822389642704	0.184666686058648	0.102362175475332	0.761427015225842	0.08073006993007	0.41004551437005
PF17678.4	-0.180930702501984	0.195142901187077	-0.376213734737348	0.468383705308893	3.11805034095197	-0.119263149970514	0.425716192016797	0.646189581798266	0.968340494705122	0.656587012987013	0.969765344785872
PF07971.15	-0.184388145423606	0.170188735983137	-0.372972229859627	0.400439334572688	3.1999265461888	-0.108917452560849	0.428381081984987	0.660273342372574	0.96436505359321	0.667815784215784	0.968518095158292
PF13306.9	8.31702384449272	8.20481677630451	8.37462939725849	-0.36727571735541	1.00105955387401	0.283626283274525	0.326666673963313	0.41397842058275	1	0.237009390609391	0.917606650115992
PF03422.18	2.93288750543361	2.00543087833144	3.09439363780482	-0.907802403554703	3.40358210996106	0.219101604536811	0.38800000436728	0.499999472345753	0.99929162551755	0.458705294705295	0.985354087228894
PF17851.4	2.70152896458817	0.248028699098776	3.7250663928544	-3.33040445305521	2.11750567491179	1.52174302826283	0.0159896248810776	0.0158064595855633	0.417036878503676	0.000642557442557466	0.0231074389933754
PF02219.20	2.18500665388476	2.11143214351578	2.22373372396665	-0.145459219205145	1.82038954172349	0.0589478129294035	0.467021986568215	0.634644993744561	0.997697738822944	0.7116999000999	0.979784223360088
PF05683.15	2.76418475078562	2.91426124311546	2.70803120211205	0.237625311407502	1.33253182556565	-0.152720997908996	0.430379749461449	0.736740943111177	0.983934401983935	0.676992607392607	0.983074983023376
PF18842.4	-0.948037782102763	-1.56618425680825	-0.587865403422393	-0.999014437768567	3.92260291213496	0.204819422028274	0.379746840164002	0.549274397998046	0.970055581859464	0.487983616383616	0.87950764818331
PF18830.4	1.7067056703981	-0.484528256534528	3.43709349137008	-3.67420196634569	3.35354073369455	1.0495516742639	0.0993333748000427	0.0220829901033294	0.491596590994232	0.00982377622377626	0.151777683653622
PF14096.9	-2.2833068888613	-1.41889963530824	-2.75482378145575	1.37254761360297	4.12429256132354	-0.277266373726551	0.349100605741001	0.467499751143221	0.87093750723212	0.456185014985015	0.868090892025761
PF07005.14	-1.77187167793198	-1.51425622828901	-1.95195256713628	0.514621844568576	4.16361218013227	-0.110123152108157	0.441705531832793	0.64574355874298	0.957199177167716	0.658210589410589	0.957631295665686
PF17042.8	-1.69679809139076	-1.37660383194638	-1.86741517404549	0.5897603940462	4.07398688395365	-0.122479729618419	0.431333335925431	0.611085028104313	0.949876017222242	0.632542657342657	0.959222734205754
PF10076.12	-1.18641724162516	-1.51065115024809	-1.0400732875766	-0.440443858443399	3.74908712487411	0.0945657669422712	0.444370421803586	0.68274245686593	0.986663030797156	0.660674925074925	0.940761294074413
PF04865.17	1.18824732137807	-0.842953204725486	2.04875548277148	-2.49214903380953	3.85504793991562	0.559074731027789	0.225333347902735	0.181235293169929	0.88905452015643	0.108970629370629	0.56236963608508
PF10934.11	-1.38471075918448	-1.54275071038778	-1.31472170324387	-0.148469456892299	4.16480435453935	0.0374562298238806	0.48234510391832	0.748916724258178	0.981516434355866	0.70794965034965	0.967823408022553
PF08890.14	-0.386617508233443	-0.893478832187709	-0.140376309436142	-0.905829118266703	2.93828759380312	0.278488589578699	0.364423722934262	0.429254275649511	0.953075409390859	0.454016383616384	0.834494622647338
PF09393.13	-0.0777364382198744	-1.48313473928207	0.380822376294563	-1.89870296522142	3.12429408215372	0.533616869761388	0.232511672754783	0.164302477174072	0.840245589796189	0.169157242757243	0.557259707619103
PF17481.5	1.77142243871339	-0.234765915782593	2.25178420339546	-2.45458138513458	2.95082127256158	0.724543736534974	0.18654232423125	0.0892649082981348	0.816928531502044	0.064007992007992	0.428643401981513
PF04984.17	1.91694988217629	0.938345114465709	2.27824562325423	-1.41028972645572	2.51141835328835	0.474618246196743	0.246000012679536	0.157702557046814	0.919793145780331	0.145047352647353	0.64470115726059
PF17482.5	1.90582869528584	0.901273164873804	2.23684296759763	-1.47785138312635	2.53506075014672	0.486605564795328	0.253333345407786	0.15854827132201	0.925351332529901	0.147908491508492	0.650256363040902
PF04883.15	-0.0160960640348211	-0.924967001579265	0.409335285469839	-1.35645334728482	3.38654693019863	0.330135393613141	0.32644904127593	0.383886495920644	0.956222273762387	0.342814385614386	0.810083724371023
PF06810.14	-1.0374303367162	-1.5278774355552	-0.700473650588215	-1.0048835755381	4.40238735040119	0.204586952252915	0.391072622484215	0.547627428147966	0.970664287405188	0.507121278721279	0.900041887983435
PF05133.17	-0.95590027063882	-0.944354449744219	-0.959750928344128	-0.0779830063568587	4.39161250639784	0.0165776935599953	0.493333333580291	0.757738063495483	0.994752972500766	0.747871328671329	0.982022232786664
PF04466.16	-0.879390201903131	-1.46341624796498	-0.415585604860008	-0.931990514204939	4.42110923466786	0.185869269781791	0.406000003609039	0.593455719769582	0.985210972980002	0.528802797202797	0.917631483891109
PF17288.5	-1.87892886833103	-1.48259617970464	-2.12269578971653	0.884987681347406	4.05221993564212	-0.175095318740082	0.40866667016615	0.597872312125935	0.936333772160982	0.605788211788212	0.942529341855275
PF03747.17	0.662433264353655	0.768494464852919	0.611292435035666	0.171407709834577	1.98824208073556	-0.065728042257363	0.468000001190059	0.736477050008247	0.966583254564945	0.714338461538461	0.965766278951123
PF04295.16	1.50221751601598	-0.900549718089028	2.01607668262643	-2.9060113267921	2.80420007783341	0.918210902032114	0.111259196913108	0.0513232788831464	0.671118139568758	0.0269866133866134	0.220619659750402
PF18152.4	0.576662861915408	-0.539967778609634	0.951861559274343	-1.58612455552215	2.49740045947755	0.551651300269851	0.235176562581753	0.166238620799255	0.852006898585623	0.172576223776224	0.567259304530404
PF04223.15	-1.57262111003042	-1.58176002873062	-1.56313092658519	0.00507740398573819	4.28104234770731	-0.00101580636020082	0.49966688875316	0.743831054727509	0.98138799953721	0.761077322677323	0.974268341252723
PF06808.15	1.686762406425	0.915029257600112	2.1326814337885	-1.08961390337785	2.32744420963286	0.398772191802052	0.291139249864532	0.281081020956364	0.956752538661855	0.242858741258741	0.769349478997101
PF06130.15	2.77406188135332	4.30633355867874	2.01931796451833	2.13860116894883	1.36548313108042	-1.42500700597815	0.0693333951320813	0.00529411621325243	0.193709565243333	0.00701778221778222	0.208906369053873
PF02562.19	2.04641374699901	1.86196838917974	2.1412431294286	-0.333582486993529	1.58463611673367	0.149674415047622	0.413333336642635	0.468249760025378	0.98943083081426	0.549981218781219	0.908271569606119
PF03354.18	0.667629542708108	-0.835660018311963	1.91652860096902	-2.69409489728273	3.53842355176672	0.707918617527795	0.188540991509475	0.0984000529369546	0.773494563114159	0.0717738261738262	0.438945720526731
PF20441.1	1.07856613732368	-0.699245637658771	2.24027854898535	-3.00854498422647	3.24973922899315	0.837826274489076	0.148666692369559	0.0531107666811695	0.666224186780328	0.0310681318681319	0.283673328935696
PF01557.21	-2.00008603909992	-1.45425315151415	-2.3229320578921	0.856808557856601	4.22177299936965	-0.169063403993531	0.403064627309717	0.549654832839927	0.903685305267608	0.54238001998002	0.912868580458625
PF05063.17	-0.0149745422886998	-0.927220156864193	0.599295550713801	-1.40292652005876	3.86240990223818	0.327186633472206	0.325116596310885	0.434863698195274	0.966005369451552	0.340556643356643	0.84303034877238
PF18789.4	0.113459910827969	-1.53470712257783	1.37799408827441	-2.64915782634561	4.14239244043029	0.591529528619461	0.227333347706512	0.211494566315295	0.862148258928342	0.116867132867133	0.574006451555206
PF01297.20	-0.361269476106707	-0.333605470257976	-0.376734344215001	0.141404558958524	3.38107300788415	-0.0358064311780139	0.480666667383788	0.746569044932793	0.981942238454678	0.754642957042957	0.973542236953649
PF02595.18	-0.262090820910849	0.0872800417567277	-0.38484023031766	0.553423051242926	3.04725162300819	-0.139064143209606	0.418666669760886	0.67633401622725	0.958416110705831	0.631947252747253	0.956336876100894
PF09913.12	-0.43019773492509	0.485358309105774	-0.940066521188437	1.36446301609088	2.877782792658	-0.400541228125446	0.28914058243768	0.349554656951393	0.812363512737505	0.281333866133866	0.793463275937094
PF06180.14	0.329539068883455	1.93347907015218	-0.722053309395368	2.6346731446823	2.87187029521478	-0.828545966666679	0.146000026288657	0.0414448890111471	0.431523820730567	0.046411988011988	0.430082511939485
PF13149.9	0.445213328354826	-0.266337448449457	0.972643461372376	-1.02020288550474	4.04279320643823	0.214515609286177	0.379746840164002	0.54770888070017	0.989064561135789	0.456233366633367	0.918418822502568
PF06769.17	1.44047515322346	1.70074698086073	1.35444267242824	0.286883086856561	2.27174173653439	-0.0944761844440174	0.447701534267589	0.76590392903431	0.99113213963754	0.735611588411588	0.990466993503579
PF07366.15	0.647296807987742	2.97035341510465	-0.997373435696995	3.86626151604222	2.50679352725962	-1.52065070347118	0.0200002267476028	0.00316371956419488	0.152623771672635	0.00153926073926074	0.113806506103675
PF17179.7	2.13018437831892	2.33063515082207	2.03475147223861	0.151531696463093	2.09916024068508	-0.069474140823764	0.467688209061577	0.759987161020467	0.99435664707692	0.793963236763237	0.997167275639301
PF14310.9	4.60165913089425	3.10226682598142	4.94600051896588	-1.86709497782129	1.65981178956098	0.938687452484977	0.115256530558294	0.0658519637912368	0.752975210114917	0.0115884115884116	0.180751977316685
PF03473.20	-1.86919396860297	-1.47790137509359	-2.14242367216179	0.604736176225599	4.15879396119271	-0.108053380602423	0.438000002332155	0.621889042933113	0.94146162562822	0.637789010989011	0.947881517199192
PF20501.1	0.18509475637419	-0.475748548475623	0.434446957262434	-0.889272847314893	2.7494906132883	0.279447016606412	0.353764163143399	0.402745423570119	0.959338857405361	0.42767992007992	0.831617074214058
PF04039.16	0.157603367546431	-0.502849794985616	0.425481176213482	-0.907586222088176	2.7015009515602	0.277715006715077	0.348000006202873	0.378250481009914	0.9637649083723	0.4056999000999	0.831872846922016
PF02305.20	-1.81284008737849	-1.34844062201624	-2.08799590006896	0.824480151543328	4.18592669114981	-0.160121111694403	0.417055299623771	0.581521483002912	0.930316463506778	0.609117282717283	0.943328784895506
PF14322.9	4.36878931540474	3.7851525514562	4.56666975865019	-1.30328375649251	2.26996055844987	0.487126309211043	0.231333347323201	0.123687646499213	0.923502990822304	0.0867388611388612	0.553101133177679
PF07980.14	4.52089545821161	4.01344353104833	4.75057597894426	-1.30063947042739	2.24778195212309	0.503925067843993	0.238507674872341	0.128292493035744	0.933585405380598	0.102296103896104	0.615167190942821
PF01298.21	-2.31493072326735	-1.43919150803577	-2.86801701203482	1.42024461720137	4.25618664396668	-0.282414319590892	0.350666672739211	0.44789375696173	0.864494837999547	0.456566233766234	0.875219496196771
PF02107.19	-2.24751028405653	-1.5587416711508	-2.60475690574022	1.11037524764407	4.19862229436127	-0.231802733951605	0.3777481726974	0.521641128221061	0.887608626100978	0.519466133866134	0.894083413686926
PF00296.23	-2.25890100175899	-1.03272957951602	-2.86359038726983	1.84552282188573	4.27401217549786	-0.391111979650628	0.307128589326967	0.380580494392426	0.820102381505401	0.362289310689311	0.815151961435448
PF03861.17	0.333886303369743	-0.467735965630292	0.784050358924655	-1.35004333425327	3.90183601709544	0.296748892162699	0.350000006105005	0.455048820435386	0.972203675494203	0.368008791208791	0.862026878878786
PF07949.15	3.31363374590908	3.67747719269392	3.08389813003008	0.567407263116396	1.28326615705091	-0.375810544097258	0.310666674852809	0.409010627937731	0.925049862219204	0.319962837162837	0.883773787738962
PF07352.15	-2.35804671791795	-1.60459511910628	-2.76285743803397	1.25804265589111	4.31032291986585	-0.256669746831701	0.368000005255151	0.485207243283886	0.876524083826218	0.483554045954046	0.881815584160011
PF06074.15	-1.18967413429605	-1.51164928557019	-1.01997188738574	-0.445790957247418	4.06472670593519	0.0947476660258495	0.447035311774745	0.690940168006046	0.985499292734443	0.651474125874126	0.935008738351581
PF10124.12	-0.594006018879039	-1.40083352438368	-0.1002884403103	-1.09049655568449	3.90400431274382	0.226981525440535	0.368666671891333	0.531096623933266	0.967860249316434	0.441254345654346	0.868347689258926
PF07030.15	-1.75370535190982	-1.51734590237443	-1.8774192852089	0.529485448501251	3.99638334412615	-0.102252415263407	0.446666668664708	0.647306250748739	0.952146311781801	0.674008791208791	0.958548251431634
PF12730.10	3.08427212688871	0.32026097786828	4.02926044814642	-3.72675996515996	2.49534217764673	1.44456821320935	0.020653117203242	0.0143859150152499	0.412975473862142	0.000905494505494542	0.0339142644704671
PF01063.22	3.23901349219122	2.66897913242816	3.64721911182968	-0.875604745142669	1.31124128972889	0.587714538373364	0.237333346769876	0.165061808603652	0.867462141988992	0.120886313686314	0.581943535582216
PF04439.15	0.979976874212285	1.34959935421444	0.893820270119032	0.527683287409096	2.46375719000771	-0.151382964030827	0.412666670003021	0.77948367647012	0.979399931631357	0.639617582417582	0.970433447880236
PF06486.14	-0.719561740359336	-0.991147091107726	-0.568421674103956	-0.331523011028599	3.98673446741866	0.0717064410574246	0.461333334774048	0.756458813300891	0.987219401099363	0.700795204795205	0.971218553531908
PF01473.23	5.72020631125522	7.33523583928343	4.52568112710384	2.72534106949959	1.51615451895012	-1.78423157752517	0.0279815062431525	0.000417727931055752	0.0922111273376422	0.00131308691308691	0.11914084629784
PF19085.3	3.41630515681916	4.8978128134813	2.47462725028554	2.70180745835057	2.68818483412351	-1.08557069046279	0.0640000673914891	0.00836322623830493	0.261997402678255	0.00544815184815185	0.190481372807243
PF19127.3	4.90186382319451	6.03086192409313	4.57824572249051	1.56509099829407	1.20250946049652	-1.26008821586505	0.081279199086291	0.00649135731548541	0.223993073705717	0.00839160839160839	0.232701272182351
PF01183.23	3.58031327154554	3.18244627329714	3.73302936237292	-0.59771979267018	1.11655565692625	0.38226991890963	0.258666678319712	0.207366666087637	0.958677266474125	0.191896903096903	0.630595367074362
PF04293.16	-2.27538131799224	-1.45631349299087	-2.78689445883725	1.28016707564256	4.42454154172763	-0.255442151983893	0.373084615277418	0.484448724685768	0.897034125000699	0.487257142857143	0.90754519002011
PF20008.2	-1.11857559060651	-0.472324393167641	-1.53934716037464	1.14355727408656	3.69029120925899	-0.261357964739751	0.356429053089343	0.480208437227626	0.901686382039161	0.471642757242757	0.899171927329894
PF00188.29	3.29258437918213	3.96290116319773	3.01263948262886	1.01602370188966	1.07822296613692	-0.894024758543377	0.158560983024598	0.056165286438035	0.485576940945187	0.0619396603396603	0.48263289770904
PF09479.13	6.91273242529525	5.996111482563	7.22867646887743	-1.23709823697007	0.99896044386352	1.42855144784444	0.0546303262431518	0.00263379018569058	0.252821507226277	0.001572027972028	0.0640446991626861
PF14014.9	-2.14141515273998	-1.49249341369883	-2.49940527197918	1.1811121064437	4.1436572894675	-0.242907439545774	0.37708195020865	0.530854137099815	0.899636947719755	0.514555044955045	0.895696944989762
PF04378.16	-2.01588893214317	-1.44967799863198	-2.34686516747754	1.02864496177598	4.09045172650856	-0.209836331775056	0.392666670834013	0.532242310896436	0.913479209096297	0.547364635364635	0.917891181849661
PF02951.17	-2.50173629430492	-1.14034695813319	-3.18983910854707	2.02941480649564	4.39664961832076	-0.412601477203974	0.291139249864532	0.350494457341658	0.810438752824733	0.339916883116883	0.809971022038327
PF02955.19	-2.43901289475923	-1.00778806860275	-3.25214372149393	2.32859992999359	4.35092031519947	-0.462515515160722	0.281145912744863	0.316075864622586	0.779413978560751	0.294628971028971	0.775366496280805
PF13204.9	-0.17278687576604	-1.00216405481808	0.0829732191327928	-1.03064062899415	3.07523034195802	0.290090415652786	0.344000006400862	0.38048538827247	0.950292414570146	0.419306293706294	0.817998328851588
PF13632.9	-1.69709787785204	-1.63264521522322	-1.75358118203754	-0.111197000639005	4.68627820513204	0.0212028917084263	0.489007328854492	0.752841792355031	0.987163503595209	0.745548051948052	0.97138639188755
PF13531.9	-1.8529282708364	-1.09456418101379	-2.36054140141225	1.16939385287001	4.28687306255746	-0.221198394920837	0.374000004983114	0.479771459041325	0.899907252471632	0.485808991008991	0.90726385206712
PF12399.11	0.709627829889792	-0.244487443373466	1.1172720608825	-1.32521138731444	3.32420451251077	0.345345549643035	0.320000007659312	0.353545861546367	0.962294941642775	0.284345654345654	0.797481431649073
PF00771.23	3.6604378355066	3.72524035923144	3.62601730659911	0.0230628712036154	1.14113993832036	-0.0197688642928145	0.490666667012466	0.787472195275394	0.996782830918006	0.813851748251748	0.996730610669605
PF17391.5	2.03214758739111	2.9514605997858	1.59577013247512	1.29150243712549	1.44294863916042	-0.806140877491719	0.185209879382212	0.138509972312493	0.633465402411158	0.0866141858141858	0.565319853704022
PF01175.21	2.03086997564654	2.94508296035521	1.60837454673577	1.28936167696154	1.4590423095409	-0.747436293097752	0.190539658793144	0.161343117934713	0.65425313702317	0.0957178821178821	0.579894762406978
PF17392.5	2.02214512075459	2.9338634811249	1.58952561255106	1.25484153608318	1.45247742629349	-0.744309293927193	0.179333353507797	0.148147641591226	0.636252080469765	0.0911584415584415	0.558017770939709
PF09035.13	-0.804595225980645	-1.39994420216103	-0.338043806593581	-0.929679143451041	3.9611613385232	0.192398378439144	0.393071289954061	0.587308337983472	0.97599714563879	0.502091908091908	0.899739775075551
PF10105.12	-0.144291825004717	0.194341823018455	-0.262879153938668	0.519907234070822	2.94389828840518	-0.132488142393179	0.42704863700083	0.668752642583842	0.955106042550131	0.617012187812188	0.942039840583327
PF20142.2	-2.35130758051912	-1.45311069021726	-2.83993456068863	1.44993119316912	4.24739331711094	-0.295643025942533	0.349100605741001	0.448983974772044	0.845635974806856	0.444458341658342	0.845819377075509
PF12156.11	-2.29171893514485	-1.52551522741581	-2.71663014610795	1.22420202065592	4.20014833822832	-0.248046469016128	0.357333339085605	0.470661773353987	0.878307839855977	0.483131268731269	0.886554909444363
PF05895.15	-2.20238421278865	-1.46223337948199	-2.68150421782938	1.18809077710201	4.33509633130216	-0.220711610467744	0.373084615277418	0.486076447477865	0.89588426806497	0.492051948051948	0.895429943361633
PF05662.17	-2.18855467678735	-1.42620551996291	-2.62825213853884	1.26041556563306	4.30463761403375	-0.242540876371493	0.383744175098753	0.521514894841433	0.893802987909351	0.528354845154845	0.899696310456457
PF05658.17	-2.14241319472224	-1.52693184693802	-2.56460728157017	1.00559349161451	4.55929921854286	-0.197994738976421	0.405063294782061	0.584459457965422	0.934804088301428	0.582741258741259	0.938728459214661
PF18962.3	-0.0858255897005087	-0.433188334410537	0.134616913791765	-0.391498200620704	3.9570719483159	0.0793851651242002	0.450000001870557	0.741016095423811	0.99712902604322	0.660315284715285	0.969479740626927
PF12847.10	1.00428802137346	0.99326754581659	1.00859606118965	-0.157396964884843	2.64544930056977	0.0496674756249837	0.473017989008912	0.672599631501624	0.996978669473553	0.754942257742258	0.990359912203385
PF06545.14	0.945776488690005	2.17054846084651	-0.196277900091487	2.37443133600237	2.2667155726422	-1.01223033484859	0.0720000593113852	0.0174610288528302	0.324284136847131	0.0128999000999001	0.240967298833158
PF00722.24	1.11246264676072	-0.716452539739398	1.8193676596288	-2.56968462131923	2.86841028962605	0.81870656911772	0.140572978876159	0.0693847617806596	0.706240744488787	0.0414221778221779	0.281751870456126
PF02608.17	4.24528722403102	4.43089959555895	4.18465229668639	0.392291813530798	1.08414654171438	-0.349416951179216	0.363333338803763	0.451599962970314	0.954004017775224	0.497066933066933	0.956278218882247
PF08874.13	1.54804156194115	0.150419392627715	2.19351578150367	-1.76135918210219	3.08785031949232	0.497446040581942	0.248501011786862	0.239035246680998	0.931457985389181	0.127166033966034	0.611583770907791
PF12395.11	1.52042017256908	0.250590373344281	2.16570910502585	-1.70093598082251	3.0137355800668	0.48912414128899	0.243333346240751	0.244309000153966	0.939892669510191	0.134642157842158	0.620578502782795
PF09547.13	1.95430979052554	1.45606233675545	2.27937022312862	-1.0171032101156	2.27049917207448	0.390525249787836	0.306000008458571	0.231649448960028	0.940051408664049	0.257948051948052	0.779813353086343
PF20438.1	1.9549003067854	1.4364674071427	2.29412666204412	-1.09990269064217	2.26391374571193	0.431678444820832	0.298467697108004	0.227693736749192	0.933182126856375	0.247580819180819	0.762704764688156
PF20439.1	1.95107654021001	1.46438941705967	2.27158876279331	-1.04750891295142	2.26540134679842	0.412077608977258	0.30000000881834	0.242520545048002	0.941019776410242	0.261564835164835	0.78709470662189
PF13451.9	3.22033578135266	2.64622838272992	3.54343618141764	-1.02203958394695	1.94427071300096	0.535722681821892	0.263157906031298	0.158227749126248	0.91572211027062	0.156602597402597	0.697328296002221
PF01746.24	1.735472594851	0.983265700806853	2.09164033708339	-1.09601136021616	2.1828855120516	0.429215559621961	0.266666677714643	0.226778220604863	0.927515724504512	0.193496903096903	0.665062389697936
PF08903.14	1.6149655372532	1.10591663432698	1.95096819457901	-0.852366081730442	1.99788982569187	0.361121016329244	0.310000008224679	0.340336953346257	0.94331385673674	0.296986613386613	0.769629385152113
PF12224.11	-0.0859285250343049	-1.49813996109818	0.604950132915086	-2.09965716122533	3.41812306140258	0.526363034701241	0.247168566861408	0.222398265485127	0.852872374928718	0.172388811188811	0.594262765798742
PF06751.14	-1.87230447503687	0.601109811061908	-3.12497972634124	3.54433206721936	4.03377364997281	-0.822704124353906	0.162558317391277	0.108962255491718	0.528293289621343	0.0791992007992008	0.488703120329779
PF00936.22	4.19237615324208	4.99340345771381	3.10365290971224	1.75832936894398	1.62525439815357	-0.970919643969832	0.10126586329702	0.0138577736335029	0.323377960821077	0.0120575424575425	0.277778980124949
PF06134.14	-0.792394628252916	0.243032668024378	-1.50221898966959	1.56044922366407	3.70592918695031	-0.374075835153125	0.307333341713425	0.352071574474152	0.838737726330777	0.333906493506493	0.851309136571875
PF05816.14	3.00073897062637	3.38067676658493	2.71443757861319	0.505289430131332	1.36974770758877	-0.355183415803062	0.348666672836835	0.46783717211668	0.940014656320268	0.447406993006993	0.94780759434958
PF07728.17	1.16663833966204	1.04510976839916	1.22011414694944	-0.202769745588649	1.84976091041653	0.0907958029798865	0.450366424239179	0.623223813225788	0.989830120192838	0.654895104895105	0.954240866113983
PF13624.9	-0.986117619014826	0.216852414541318	-1.47742573568698	1.71542514175623	3.88130285634526	-0.368140738630557	0.311125924204762	0.421203380474398	0.857986502107867	0.367268731268731	0.840446013495425
PF19425.2	-2.23615044714424	-1.52294384570172	-2.71737673486716	1.29727926052642	4.11001040062369	-0.286303098984635	0.363333338803763	0.475567340028775	0.875498810548301	0.480260539460539	0.882140229249725
PF07635.14	-1.83965043353187	-0.948326473889876	-2.33712397735123	1.45251560250448	4.08638558108841	-0.29094782149363	0.340439713433031	0.455824639073402	0.888317265281428	0.446260939060939	0.890873543242067
PF07626.14	-2.36328336005593	-1.03095779523817	-3.12265506490592	2.17999449070884	4.2076807663708	-0.436987962248119	0.285333343080642	0.314496770112566	0.78418528468254	0.305723076923077	0.773620142016796
PF07637.14	-2.39983117546676	-0.868709398448523	-3.20338914444677	2.31217148707195	4.19117612543547	-0.481139428440394	0.279147245325478	0.290056292349421	0.747870287168459	0.264599400599401	0.735010921442021
PF07631.14	-2.38137568758934	-0.868525914610489	-3.19826022606441	2.23205728907995	4.09520238747187	-0.469524095829554	0.27981346779843	0.293751497790029	0.774299422501408	0.282102697302697	0.759988237706109
PF07627.14	-2.41341766641733	-1.02020421919223	-3.12730268667355	2.08245244417684	4.19160961918843	-0.408864318020455	0.293804139769162	0.338918054573847	0.795120958143131	0.32681998001998	0.791046787450214
PF07624.14	-2.41566273738567	-0.947510351797721	-3.23467127844587	2.21634957267433	4.20682923341689	-0.451116191484699	0.279147245325478	0.306856648585941	0.770564720948283	0.292507092907093	0.765014338021423
PF01035.23	0.921101496790051	0.343634369230734	1.19395167130482	-0.768563251047151	2.5951112433128	0.246121214945637	0.361092610497623	0.525545293279888	0.985788677170607	0.425806993006993	0.877337142216677
PF04357.16	0.39730080325414	0.0119003530426047	0.821212871803271	-1.00306535363409	3.68707706371715	0.208456545712545	0.383744175098753	0.613404459757063	0.993204122174238	0.497926073926074	0.951604789676911
PF13488.9	-1.65830741109185	-1.45772527402729	-1.75423745603575	0.477528299300668	3.98013550826267	-0.0950562527461657	0.440666668895584	0.659199130275375	0.95424449137403	0.672807592407592	0.947107505774394
PF10415.12	0.736098459055953	1.04025619037029	0.577608211599144	0.472985962852962	2.26717509997772	-0.191357455648521	0.398401069875784	0.604996460975277	0.95514822852335	0.577548051948052	0.955866438959833
PF12345.11	-2.33235065730187	-1.48380070007555	-2.86660787584103	1.44498437770609	4.19274716418381	-0.300568027761555	0.347101938284043	0.474114205340933	0.867361192242042	0.472122277722278	0.869939983403739
PF02018.20	3.95459153336332	2.89984495649297	4.33069614052305	-1.2593376655873	2.31743324827639	0.482663824061326	0.218521001251004	0.232374729443214	0.976455301430751	0.0734017982017982	0.498142700191506
PF07995.14	-2.33440639908442	-1.46563080534173	-2.78534771717671	1.38685256970442	4.15381131644344	-0.26477933172156	0.351333339373498	0.468392229289351	0.86844758138626	0.459702697302697	0.869375325476807
PF13517.9	-0.408118823225462	-1.40733252607653	0.299290763967019	-1.33274614706337	4.06524737633602	0.27238031251234	0.350433050712716	0.499128967342601	0.971124053108874	0.37783016983017	0.853908620040277
PF09414.13	-1.16052343071438	0.272571251286547	-2.0229890706775	2.08025079518583	4.2306459421328	-0.441772391113676	0.271333344042284	0.287915959514327	0.792734778947808	0.259298701298701	0.793237231292622
PF04229.17	-0.376799609680722	-1.46291289190024	0.0285458805197427	-1.45152917262009	3.22202103373105	0.360191710355908	0.307333341713425	0.342367452965029	0.930064354015656	0.305546453546454	0.720569025421425
PF03916.17	-2.16444530327652	-1.51152293850062	-2.5259506856032	1.12371976658324	3.99939368370226	-0.249178395809943	0.377333338167504	0.525501274254848	0.895566949928116	0.534693306693307	0.897476809310954
PF00724.23	1.37320251586211	1.67133168149899	1.21727068387887	0.561504223529407	2.30350880674903	-0.204002110440835	0.401732182328371	0.623679834285508	0.963249163893506	0.566860739260739	0.953981877177806
PF02091.18	-2.3688232882669	-1.54889740899773	-2.86325288938776	1.25893449330257	4.29293272144355	-0.262336477118885	0.370419725324506	0.480277921976717	0.886031027292834	0.489391008991009	0.888504756227163
PF08787.14	-2.33941761518431	-1.53302260355321	-2.8393195204166	0.98745680170482	4.47033824597138	-0.196768270305971	0.398666670580509	0.533422887602786	0.918592787650307	0.54578981018981	0.929763980326072
PF17963.4	-2.00585522822129	-1.50020724003193	-2.35827709944815	0.747505124286963	4.2300646803995	-0.147892995443186	0.414666669921978	0.572328743165846	0.948274901079303	0.585594405594406	0.950681871156102
PF18931.3	-1.6573930096591	-1.42898962691371	-1.80073249800942	0.45728816923701	4.08505160303319	-0.104761443974663	0.448367756760455	0.640720730901987	0.946020533440858	0.663335864135864	0.950775526074098
PF04754.15	1.54301413021794	0.778552435042489	2.02829021222198	-1.06987465843075	2.1413340948713	0.454014947730078	0.265156573436765	0.286772228925367	0.924558753272415	0.225587212787213	0.715556280757934
PF10145.12	3.02316116317171	-0.80817114427505	4.1267476938029	-5.18313690754459	3.16511022735129	1.49489535291376	0.0259828514073517	0.00916138352944139	0.370518100167557	0.000620179820179858	0.0294047243602171
PF02511.18	-0.630871764225811	-0.902621139159119	-0.468251403486263	-0.328661950804864	3.59212559466241	0.0730747029261518	0.455029981690227	0.69881834804877	0.990199632951769	0.662951048951049	0.950343631055456
PF04014.21	1.81056378322503	1.80148669419332	1.81406116063099	-0.158256308055065	2.56612405022176	0.056646396795103	0.468666667831736	0.767313225972628	0.999337747769221	0.724475924075924	0.992376887079985
PF06908.14	-0.546998634979811	-1.50163067672265	-0.0525985942959757	-1.3017669420053	3.58831759526281	0.306596223621733	0.339107268463884	0.431749522998042	0.954001299685451	0.359841758241758	0.801652825149999
PF13346.9	1.58764445601364	0.392367927161623	2.05715566124421	-1.68912208803255	3.03862454869362	0.483808324987956	0.260666678165493	0.17890879011919	0.91774981034437	0.162591008991009	0.646600533661908
PF12837.10	0.502171566415659	0.256157411313727	0.566875853085761	-0.417726540044026	3.00784781227305	0.116058644090652	0.441705531832793	0.546104359855495	0.992847952725279	0.61527992007992	0.960024357811432
PF15937.8	-1.79149476685172	-1.41906985692869	-2.01530549713148	0.629319211036983	4.13888771920458	-0.117830376950407	0.435333335769139	0.622885890326368	0.940103449609652	0.634123476523476	0.947294615543367
PF13470.9	1.33348946746808	0.350711334722087	1.92514869086984	-1.51064322342189	2.49593071485262	0.53349487781651	0.233177895211057	0.159657541163938	0.872374196612333	0.138467532467532	0.562999533756125
PF04221.15	2.73628720248707	3.27242651548851	2.24941992971701	0.939018985604122	1.23534389519159	-0.696384608679316	0.216000015528324	0.120379933262505	0.606394571190588	0.127813386613387	0.648033631415001
PF05016.18	2.55774374250381	1.568711687386	2.91220828123203	-1.4077636439782	2.76425618108191	0.486809456189817	0.221333348304743	0.136527293888639	0.914800427298071	0.0992263736263737	0.540199809858552
PF06964.15	3.45278834077479	2.7581834041961	3.77186667415996	-1.08202114924098	1.84496667515515	0.54467397149524	0.248666679122591	0.143115231012619	0.883571727316697	0.119234765234765	0.59948907073269
PF13007.10	4.88048994183551	5.23457181613106	4.56960472172343	0.544888131245792	0.867081057432407	-0.570679928910439	0.27466667713935	0.187805590025415	0.822965769926295	0.192681718281718	0.83853189680624
PF13643.9	-1.75365062096691	-1.55711886784388	-1.87498864773291	0.431026552569971	4.13630993170136	-0.0849402926242756	0.453697536704118	0.647953575100207	0.960029084615455	0.670022777222777	0.956266316466637
PF01583.23	-0.759113252680481	-0.127696521777648	-1.00651719301555	1.03528149618604	3.50723243710715	-0.22526831040934	0.373084615277418	0.574753493335924	0.929992962905887	0.52479040959041	0.921319483685831
PF03965.19	5.00328365974079	4.4943890007069	5.52278728343275	-1.28299347205855	1.24425730996089	0.990935416390322	0.116000034673416	0.0144221799538551	0.46236485061457	0.0156715284715285	0.201333941185498
PF19546.2	1.85307064637567	0.455251780440564	2.4358317889987	-1.94377786769448	2.27694202992898	0.756251104640159	0.151232536783492	0.075689817036397	0.736922712312179	0.0495896103896104	0.339316213334864
PF17761.4	3.58588111876433	3.62870793831097	3.55240741541338	-0.0358750375422483	1.4430658192801	0.0178289817265299	0.487674883867214	0.842009192976298	0.99971724021206	0.792038361638362	0.994370043707454
PF06250.14	3.59935323735538	3.63416173837666	3.57708144423656	-0.0546236428512898	1.43973060855586	0.0306754724353651	0.479680213944031	0.845599093884122	1	0.784316883116883	0.993268762544099
PF04509.15	5.71842879537912	5.9519550059937	5.50610511145435	0.436932176305442	0.651081266915613	-0.532020613442655	0.211858776783148	0.105178749687711	0.734459396487892	0.117282717282717	0.66918160460967
PF01052.23	5.20017894779954	5.2768117019219	5.16202579616801	0.117492188384112	0.561908268084705	-0.147732787548913	0.399333337219243	0.42371567071127	0.968238712810762	0.585831768231768	0.95868728717686
PF04647.18	2.83693055028082	2.36755786873071	3.099364088159	-0.713269123205802	3.19535667578538	0.197351265822686	0.373084615277418	0.459128040661009	0.999831024662056	0.443995604395604	0.964187781819887
PF07697.14	-0.420436092531355	-1.56454048915902	0.122591294722	-1.52619127893236	3.42246896736774	0.391405978042998	0.311333341481063	0.335571060607085	0.924527092626841	0.292824775224775	0.734839389778434
PF09424.13	0.400421552150649	-0.993536790057076	0.843907816664488	-1.72180801081771	2.93494606093196	0.516837428282821	0.236000013557345	0.196062003162176	0.865920963421129	0.185594405594406	0.584487931768795
PF04020.16	-2.36122721147555	-1.00458786112961	-3.12186682206161	2.14341434149523	4.13500667628818	-0.468314020056168	0.27466667713935	0.318821888250398	0.766510025712709	0.303000599400599	0.756890802738428
PF00462.27	1.61568591867697	1.0876359707809	1.8528118890617	-0.724725988230396	2.65205962890143	0.209230689573667	0.357095275576019	0.491488004736757	0.993400525407367	0.381617182817183	0.895797516644813
PF07602.14	-2.10555099718657	-1.46262869984692	-2.49155894377571	1.11803976092366	4.10650406160049	-0.236848701801571	0.373084615277418	0.514646607449026	0.897580519503059	0.519478521478521	0.899939483552486
PF05569.14	6.08990045934363	4.74056565707249	6.5648760052351	-1.97626534820517	1.03922828462252	1.91435257853622	0.00200096645040079	0.000704106719844159	0.11767994016199	4.55544455544539e-05	0.00322768625452278
PF00544.22	0.210652429537168	-1.46516299182048	3.63696089904793	-3.98626277671668	5.36274023807672	0.66908945810381	0.229846782932892	0.168401192111167	0.830568339548384	0.101562437562438	0.596129552599175
PF13229.9	1.19024049119349	0.814158044539182	1.31859649667791	-0.411655678613156	2.33262286309084	0.142769938306377	0.432000002565979	0.540985502440212	0.995582075899896	0.619408191808192	0.962892343556859
PF18283.4	-0.375770211309217	-1.54945817401793	0.497509245793241	-1.63710155007432	4.17273739073496	0.327516703404807	0.319120593973523	0.441134738849459	0.948500611562522	0.29975984015984	0.795481365448932
PF02547.18	2.14013430682615	1.98954098700719	2.20306877097074	-0.159620226373175	1.71501831999884	0.075208458257152	0.452000001794314	0.56996214973192	0.996747668372913	0.650089110889111	0.959586701537957
PF13721.9	-2.32094533433439	-1.47130615327152	-2.81446498135827	1.47102178893451	4.19386917471367	-0.286874732267619	0.355333339180877	0.452183278851212	0.862132806950644	0.461068531468531	0.874747245691012
PF03938.17	1.33026555522849	0.780723922427334	1.57789081158266	-0.94416332746481	3.10417744550631	0.263901290921698	0.376666671530504	0.462341583364945	0.996281389428059	0.45699020979021	0.936930338602097
PF11392.11	-2.32662154382133	-1.62095574555084	-2.75496461513726	1.15073904527081	4.3378295656302	-0.231198658773495	0.377333338167504	0.522778297379031	0.906080585661665	0.543888511488511	0.914004786368291
PF11985.11	-2.27466115990372	-1.44222777289934	-2.76507950791367	1.37279599718396	4.37604894823028	-0.27155415531927	0.357095275576019	0.466734769338434	0.873602636352994	0.47225974025974	0.876181995619306
PF13165.9	1.93777821560972	2.2597712835486	1.71246852331708	0.420345505821629	2.51014456653034	-0.148335045352096	0.42066666968082	0.695419295281319	0.987599044709403	0.696973026973027	0.993280663878982
PF02914.18	-2.01732939328261	-1.51788835372203	-2.30915720243446	0.974182682041832	4.06644193071741	-0.202609921242589	0.394403734934204	0.553725430146633	0.917273035270903	0.568445154845155	0.920777827831264
PF13303.9	0.508832712941985	0.931406367896225	0.301269557906271	0.533834232194046	2.59201867695012	-0.165068749686888	0.405729517272928	0.634364386176873	0.960765499370039	0.585954045954046	0.949587777220559
PF14078.9	-2.33044375590346	-0.849676300814588	-3.13142650153942	2.13040309044369	4.10716736002202	-0.447045057997192	0.265156573436765	0.307118597143395	0.754281997009012	0.286567832167832	0.744019497235063
PF01070.21	-0.557478779235917	-1.56975724899974	-0.0291949224134953	-1.14495541342954	3.86714430265308	0.269430283266727	0.360666672261638	0.51775427883494	0.969441918259537	0.423576023976024	0.85377455891419
PF02682.19	-1.6374466028878	-1.40666132087805	-1.79304502750198	0.165953025641649	4.41838356752463	-0.0305346154837989	0.4840000005932	0.6974800666201	0.959483482446948	0.745216783216783	0.973217204474092
PF03328.17	-0.519531857705225	-0.559501360634758	-0.500257591694791	0.0722663129047678	3.39260927867841	-0.0156884748316831	0.49266666693833	0.74397398633926	0.981144619232764	0.760270529470529	0.974696209686632
PF14804.9	2.0158961709995	2.13563381378709	1.97533467891779	0.282692826737757	1.77020859963505	-0.113571425485032	0.434666669128451	0.783830728770586	0.987129290097721	0.706898301698302	0.978634804583682
PF01424.25	1.99077659621296	2.08369376788786	1.95892142043651	0.237860273535931	1.7743255293411	-0.100581398186061	0.444000002100421	0.797863412450475	0.988109039091308	0.730374025974026	0.982957420796947
PF03737.18	-2.32656290810866	-1.42605842278202	-2.81882454446393	1.43573233113621	4.1853675990865	-0.303782413465893	0.352666672642312	0.450736151233516	0.861464734094575	0.442381218781219	0.860333681853313
PF20038.2	-2.31150034297508	-1.50330963337859	-2.71566192363542	1.25672971052603	4.21969081376965	-0.264255467408884	0.364666672075246	0.468070499571454	0.876689246162161	0.471004595404595	0.874020268865023
PF01066.24	0.981404175063772	-0.0426402692169452	1.20517907467575	-1.4179561801786	2.69954974065184	0.4085972419139	0.32111926141832	0.277240515870605	0.957343311381573	0.310024775224775	0.794170837626884
PF01144.26	3.64857408079432	3.57485203349592	3.71486499368804	0.110877494483193	1.78865514124316	-0.0601287956253232	0.474350433995858	0.704086370856816	0.997499655766702	0.81616023976024	0.999594794846969
PF03746.19	-1.23627111201605	-0.969779269202681	-1.35867625627893	0.469745838759278	3.69558391153505	-0.104992010733955	0.444000002100421	0.657740495893681	0.952799760569477	0.64715004995005	0.948958402639064
PF01566.21	-2.19698313706069	-1.04996112395259	-2.7874347218504	1.97319360696351	4.38383131736945	-0.387273399230766	0.319333341029517	0.368724912245438	0.836169708010266	0.363765034965035	0.839279369471428
PF07286.15	-2.12327805986601	-1.15452708284098	-2.72634887705897	1.73040188576193	4.34725535573919	-0.354400437619657	0.32600000733243	0.408150020039942	0.848914612141937	0.399776623376623	0.850645490024799
PF08497.13	1.08975555484804	1.09293979233105	1.08522949037944	-0.00882969716492177	2.28229784303486	0.00301954096284677	0.497668221272125	0.646913368431918	0.991969636806631	0.749735864135864	0.976698171147297
PF11842.11	1.08354115590384	1.05886351917745	1.0904105440678	-0.0553005022515185	2.12071400646681	0.0197024633229946	0.489007328854492	0.647815293881535	0.997284119647194	0.744761638361638	0.977500074196432
PF00215.27	1.80070393287868	0.9488629783556	2.06184042069585	-1.07729628287796	1.80543446490137	0.481387345873443	0.260666678165493	0.207785230716933	0.89527556938551	0.190911488511489	0.635743625566266
PF00302.21	0.482768542517358	1.09148527768904	0.113906197413939	1.0075366999186	2.51710685892194	-0.327730752607598	0.31666667451148	0.392714269407271	0.877359068989799	0.337095704295704	0.853011944046373
PF02754.19	2.81168131719834	3.02605648107047	2.71555281861859	0.323129909117825	1.97869286816841	-0.126393777819213	0.417721522115336	0.828637035671774	0.998689018786791	0.6616999000999	0.994581579240217
PF15714.8	0.0584313303675597	0.469193226191235	-0.27785328608892	0.610862273540514	4.03320912470563	-0.129901691298856	0.428666669363533	0.596200954805014	0.968226917017826	0.643903696303696	0.982506613260901
PF12710.10	0.600254822386961	-0.828275401425437	1.00460399877723	-1.71199718417632	3.03578710013173	0.506163356953661	0.2613333447812	0.198125583777724	0.908887076205731	0.198013586413586	0.635977691478669
PF07873.14	0.372286588924182	0.397425337095662	0.357643523663112	0.089898269444002	3.0582190639921	-0.0186691160783573	0.48733333380277	0.77614253690906	0.983144464927287	0.771065334665335	0.980743293412535
PF04232.15	-1.41823596352579	-1.42594882171941	-1.41170873591256	0.0256414988485689	4.14419918584483	-0.00363356682259578	0.497668221272125	0.727866567393466	0.982341986447802	0.765015384615385	0.967324474659471
PF05170.17	-2.29786199335804	-1.41669373669236	-2.83716256272527	1.5508528370669	4.22637471564423	-0.314320685758099	0.352000006007865	0.452916115973261	0.861741529119919	0.447673126873127	0.857968695014394
PF13493.9	-0.542507990797751	0.414165541729267	-1.17636440414105	1.45752197288088	3.6516217339919	-0.330514333865193	0.329333340487885	0.408896483029911	0.897689853600262	0.400222177822178	0.921745522734202
PF13840.9	1.6080518330747	0.152126189370754	2.03044804854524	-1.92495719221128	2.55035964933976	0.68805702238154	0.17921387759398	0.104959916701849	0.804999369901147	0.0718305694305695	0.396413534557338
PF06677.15	-2.3861801365182	-1.51847628929756	-2.8382339999753	1.41688879381696	4.12032353202327	-0.298369039152133	0.355762830602743	0.463983013844238	0.857601862702101	0.446630569430569	0.855893740005583
PF13860.9	-0.274398753387207	1.73787567242486	-1.73205089037773	3.53188931960389	3.12061244307279	-1.10089376605911	0.0886667138003665	0.0147581176404425	0.281839013405568	0.0157746253746254	0.264704167045407
PF18934.3	0.989529929545094	-0.500262678236001	1.41198283744201	-1.86105604103119	2.69615127004261	0.628048686681196	0.205862774798181	0.131559110281134	0.837043608252751	0.108272927072927	0.477330490901928
PF07993.15	-0.168540137350414	1.25448787518132	-0.880219240737297	2.23065154005073	3.38408909164097	-0.56101563971118	0.228666680910742	0.210418985093804	0.719051051230211	0.152752047952048	0.683007899028383
PF07394.15	-2.35723272677426	-1.56470770234978	-2.85453864674968	1.4037992868377	4.2127339038369	-0.268443444682609	0.351333339373498	0.479733922631745	0.871977563957497	0.464654945054945	0.867199478237203
PF01348.24	1.50288041023448	-0.223225638060991	2.40808997521321	-2.84285347546208	3.56360975570265	0.721324991072672	0.171333354767662	0.110563228763951	0.788209416390972	0.048362037962038	0.377822401057983
PF08495.13	2.22541165621376	3.81111430965726	1.61783680754949	2.18776982133298	1.25805474793116	-1.62965020778158	0.0419721239830125	0.00413083899867125	0.149702357242182	0.00545054945054945	0.162685830129316
PF10442.12	0.747265528011209	2.29844888476607	-0.046018570139486	2.20858107815427	2.22971352094797	-0.825151543064987	0.153897426310237	0.147924323481811	0.58108982923969	0.0517394605394605	0.474349816634492
PF08797.14	-0.96203644037628	-0.967858729701126	-0.956939131376445	0.000397860296171615	3.73072179813922	-0.000183467105996326	0.5	0.756828345918359	0.980778751569886	0.744652947052947	0.979406395432435
PF11794.11	1.17501726362421	-0.934821800425656	1.98209197109188	-2.83148339570958	2.55109810043187	0.99658129383188	0.09060630843553	0.0402646204778094	0.58341012243076	0.0177302697302698	0.161949332205984
PF03241.16	1.17606998691742	-0.990925808593477	1.8743769781019	-2.80300735267232	2.63264976888352	0.966448719534574	0.103264529956843	0.0456649282725694	0.628738506144026	0.0188411588411589	0.180193642020252
PF00857.23	0.907384413696799	0.803247037875531	0.935126281776862	-0.130169813689108	2.46696994268045	0.0471661282672002	0.472666667682047	0.593070026060409	0.99246418259931	0.720088711288711	0.985358828525469
PF13343.9	0.353100117489972	0.563835481869803	0.260335001822223	0.289628303841964	2.61564723019404	-0.0893718777149665	0.454363759197163	0.748747245017769	0.976396698822818	0.702404795204795	0.968767835974081
PF13380.9	-2.06256680246388	-1.44445984208098	-2.40443847316154	1.02599908179966	4.07859985817262	-0.202862894065394	0.392666670834013	0.506441130127809	0.896709559426498	0.523450949050949	0.899631553751341
PF10593.12	-0.0582518921449724	-0.987672427439072	0.337803646862636	-1.23030349828515	3.25774027242172	0.347871435662541	0.336666673438699	0.370563086306098	0.95463458824485	0.347922877122877	0.808322293514833
PF10592.12	-0.646115749957836	-1.43362192847395	-0.20504480623258	-1.21314869857909	3.67382034196508	0.285219771769928	0.355096608116218	0.464123741568478	0.95930457712355	0.421525674325674	0.8417549832352
PF09924.12	0.454007504902586	0.958593038766068	0.256511565716758	0.682240518793883	2.69804470637413	-0.202453747739814	0.384000004540694	0.622640824839721	0.953435486450713	0.524666133866134	0.939559382137378
PF00487.27	-2.36408268367454	-1.51861894664362	-2.86063806208892	1.25721356868699	4.17019434771539	-0.256038217547353	0.364423722934262	0.472708725728176	0.865270991091883	0.47016983016983	0.869847970842555
PF08818.14	0.286613501973183	-0.279830670070787	0.535265017730579	-0.498493963573472	3.5842136008979	0.121177614513931	0.431045971953661	0.628196397071994	0.99599948803592	0.583108091908092	0.95031053467839
PF12681.10	0.197301526375464	1.07699160129761	-0.173514134126183	1.15237231682321	2.98046536640281	-0.313954109136214	0.327333340594301	0.458397180966565	0.892636710214476	0.367776223776224	0.873344857566957
PF20148.2	1.56383515633033	0.473910009554785	1.93687378218379	-1.51145511899255	2.53395819754764	0.50039851602329	0.250666678957598	0.176196455651528	0.913940337725008	0.164995404595405	0.626354117405788
PF05580.15	-0.469629733022807	0.996388906067761	-1.29069009528458	1.9199235687389	3.8595108493257	-0.443647435779886	0.264490350968064	0.301611418599296	0.816660407535272	0.240414385614386	0.802576403147672
PF11888.11	-1.23817041563494	-1.47057082925876	-1.12407240687507	-0.139562102161718	3.77813245009252	0.0360993190650277	0.4840000005932	0.741733848507958	0.981972221426348	0.720841158841159	0.948351993290039
PF11760.11	-0.348034057357895	-0.573631992194471	-0.222439106760077	-0.288828923832829	3.49415961706141	0.0672711460654616	0.458666668208064	0.720923366272268	0.992977607928646	0.667277922077922	0.970119136530778
PF01890.19	-0.303934441378582	-0.468249761227916	-0.18270195167052	-0.248824139700018	3.57262632776146	0.0606995473806664	0.461692206621819	0.742216858797951	0.989637365699319	0.683239160839161	0.961861519960811
PF18991.3	-0.828185711202537	0.569384053479	-1.60336909388671	2.06621320780349	3.887553643854	-0.490449987085292	0.255829458894841	0.293718987002996	0.794241222215169	0.246859140859141	0.775189425809361
PF13569.9	1.7774629696987	0.963575305611508	2.03993872298728	-1.05696887081035	2.62918162143263	0.348902337997686	0.301132587019072	0.268788524671578	0.967236961238443	0.272758041958042	0.801848039020669
PF03448.20	2.36857187308331	2.78507246597969	2.16578218661666	0.663320854387281	1.3315441143454	-0.394247916892817	0.285143247588287	0.28602017810128	0.827957539243225	0.276957042957043	0.809337173122641
PF01769.19	1.93296569589703	2.02238629021481	1.88150153495195	0.147275044382742	1.7014485420673	-0.0664100419006085	0.458666668208064	0.791030273267598	0.986423341918812	0.706732067932068	0.977970191523234
PF13442.9	-2.32141108274319	-1.46883146010899	-2.80767901627592	1.43146139201039	4.14918185304572	-0.293349894559295	0.355096608116218	0.450456437676529	0.862924120411726	0.44102977022977	0.868720892624109
PF06695.14	-0.724914603128461	-0.928464989625728	-0.62932696073926	-0.0254140969131926	3.78614853223074	0.00889398714004843	0.496335776284772	0.74753472453082	0.981792127335804	0.73121038961039	0.976793656516868
PF13595.9	-1.02928443224253	-1.08610739349801	-1.01753616049179	0.250287243500025	3.99762299339491	-0.0515878386584363	0.472351766515455	0.715938185099822	0.982910296267529	0.764402397602398	0.983054983645021
PF12225.11	-0.163560516013413	1.06059191545315	-0.730931222953114	1.6386195402227	3.00759407132249	-0.454793152029012	0.272666677280535	0.323119806304683	0.792233213256019	0.247334265734266	0.765274704203301
PF17200.7	2.22616915045375	3.54575659803185	1.65779107256306	1.92467207295424	1.47723338005741	-1.22184062566132	0.106666704886963	0.020556896760464	0.302825182887446	0.0207776223776224	0.297671733205395
PF11734.11	1.13656436427572	0.33191245862474	1.3722478295962	-1.05564467382942	2.56966469005154	0.348479629378679	0.321785483900142	0.308418117443882	0.955218784247893	0.334293306693307	0.789084962852538
PF05853.15	-0.011284176798565	0.0217075419117529	-0.0597060174725934	0.138224762632961	3.97483676765774	-0.0309568564982432	0.482666667309414	0.732163163502701	0.990367258449276	0.815842557442557	0.993304279981813
PF03551.17	1.83109330905319	1.26332760965607	2.01760700973979	-0.69377146032976	2.02958758238096	0.292527699335827	0.322451706382074	0.291043697996726	0.965381203843426	0.321084915084915	0.80143773581266
PF10400.12	-2.03456031505064	-1.59821441751047	-2.3305540743193	0.684954286299926	4.29175524476149	-0.1248615769706	0.433710861922799	0.594211677647605	0.942129243241475	0.621268331668332	0.954879184811733
PF07848.15	-2.32452633007591	-1.40114647782719	-2.90149443724205	1.58681963318327	4.39660750701402	-0.317761370736686	0.347101938284043	0.464363388602588	0.875719752756783	0.459516483516483	0.87753548806849
PF08223.14	-2.40853002195485	-1.59361228861281	-2.87290946076827	1.23814754920225	4.2401329290887	-0.251440378246045	0.367333338619035	0.495206769039432	0.89238138063968	0.500432367632368	0.899364406693638
PF07729.15	2.24581421177463	2.28706540581337	2.22141356657538	0.0162484166595416	1.87011012265572	-0.0057068924148844	0.496000000148157	0.686502915331772	0.995995351933276	0.798067132867133	0.994195834879358
PF01386.22	1.04944275884029	0.235225448711222	1.27632889688305	-0.907565089105564	3.21248329030692	0.25011569037021	0.367333338619035	0.374780638340997	0.988695762336249	0.427365434565435	0.928450611944589
PF14693.9	1.05556207112473	0.253134369426991	1.28456402282873	-0.949686287793294	3.39894134172523	0.23212797684269	0.380413062652985	0.403748768840879	0.991771835316297	0.452975024975025	0.934434353284948
PF16199.8	0.305667662053131	-0.327978428491094	0.498678511200166	-0.769537412516786	2.75293432119575	0.217377988558331	0.379333338078856	0.429380269279183	0.972926771693386	0.460672127872128	0.87171764742259
PF02631.19	0.793993919737117	-0.290831720574704	1.05727527151868	-1.35846926612249	3.15770965738948	0.343174394637551	0.348666672836835	0.346368436505238	0.976603328397851	0.368765234765235	0.857891078755487
PF14319.9	1.56054100121252	0.814320303565803	2.11309812732474	-1.45030211938044	2.40477564773787	0.508799604142961	0.245333346069434	0.162271378773068	0.894038204365751	0.133743056943057	0.598471516684453
PF04986.16	2.0900787345885	0.922158619657197	2.70344621882114	-2.01145913783017	2.42500583933451	0.749885047516099	0.147901424901736	0.0666272588799685	0.746805872565177	0.033802997002997	0.289778959610448
PF18974.3	-1.93089980483079	-0.966226628566471	-2.46919904365012	1.57098532242609	4.01387985577193	-0.34924952184481	0.332445043623722	0.401967629199936	0.842642745589035	0.399168031968032	0.841608066200572
PF13699.9	-2.36555338263584	-1.59315738679909	-2.79438856076642	1.26998948500355	4.1675795567888	-0.252961038187364	0.373333338346419	0.467277545372723	0.878775590250753	0.469995204795205	0.869763205535251
PF00092.31	1.75229522473479	0.927943451807561	2.18943697248236	-1.27772370348937	2.04633960137307	0.555577804914076	0.246666679289905	0.192312097261491	0.877092166565576	0.138326473526474	0.578128164645436
PF14489.9	1.0653344470687	1.16052243627212	1.01718679329003	-0.0625217899594457	2.31118460523115	0.0280832876536088	0.487674883867214	0.72821106526781	0.997268482528592	0.77482997002997	0.985739191785961
PF04383.16	1.71708340762442	1.4743128507819	1.82830036449772	-0.404083238775579	1.57860647758749	0.19661467483523	0.391333337557549	0.451069256674682	0.975190362742686	0.49771028971029	0.881264840966055
PF05693.16	0.0924533713154867	0.0238661764445114	0.111446034836121	0.0121932834644802	4.55884082922949	-0.00186217466458882	0.499333333358025	0.808838163111604	0.997022607607144	0.806271328671329	0.99670703025011
PF11897.11	1.77993033950243	1.32395958299075	2.04768327060043	-0.597427713300551	3.05548719881055	0.156456237034495	0.407061962254786	0.621536535115036	0.999447768770192	0.531125274725275	0.979625500468025
PF12439.11	1.64760331716861	0.728588864856122	1.99556668952292	-1.23096704868898	3.45414481873757	0.297148532825466	0.328000007225393	0.390196797477097	0.989864219378983	0.313247552447552	0.887852993637054
PF06202.17	1.82448089636227	0.764458250213115	2.19818329655548	-1.34046319467304	3.63606990011979	0.317358243581219	0.31845437149215	0.358230816902751	0.981964221249982	0.285005794205794	0.859328513891941
PF03065.18	0.818610998072139	-0.191004223577268	1.34237699049261	-1.55461422639463	3.03032045121479	0.448341109019974	0.259333344934747	0.280320236490366	0.921906257484868	0.17913046953047	0.64607095914592
PF12708.10	0.777777185612226	0.613793850300655	0.843433854938358	-0.223354915766821	2.70208546870636	0.0587073532418228	0.461025984128586	0.672663030318616	0.995877543385604	0.702797602397602	0.973981301825637
PF00295.20	0.529740025383791	-0.430015625742738	0.854376473030734	-1.35460114706563	2.41445755837557	0.473961882264163	0.270486353193786	0.243247241825243	0.883127061692834	0.246949050949051	0.627890032383983
PF01095.22	1.06082976504533	-1.03560407248186	2.61158973223811	-3.96070201514102	3.7806956488902	0.992742855420584	0.134000029203452	0.0284203614698238	0.541334734402366	0.0212579420579421	0.227238845367255
PF07495.16	0.917750123964434	0.397366362538429	1.3323756783394	-1.08763782308011	2.87621903476938	0.344561534581203	0.326666673963313	0.332759201971247	0.958542796123941	0.339264735264735	0.834638447553573
PF13636.9	1.09781385496945	0.101146735258812	1.45605508206899	-1.31540175580673	2.54987032363135	0.451639094060821	0.286000009703439	0.243158591884166	0.933331926551415	0.240927872127872	0.712632398640707
PF02591.18	-0.611830478518682	-0.931076336805437	-0.344603535089012	-0.541174260264553	4.33175736611003	0.110722373051535	0.437708196877331	0.710847561376735	0.991987228180912	0.623444955044955	0.954268214277673
PF04205.17	2.76883206275644	2.50274865964011	2.86785216687912	-0.317537151210946	1.50421986449791	0.149269092104272	0.406395739763836	0.505956566592584	0.997192596971369	0.544716083916084	0.945565917292187
PF03993.15	4.45093544658854	4.27464592153169	4.54057870407858	-0.793174617003242	3.2383937317295	0.191220124636676	0.3777481726974	0.300739323835517	0.99995093629374	0.436932667332667	0.997892174037566
PF02308.19	-0.178295705773659	-0.588622708641036	0.0329682404100087	-0.442299740742929	3.4140279899683	0.108988925914366	0.444666668741459	0.637392721867733	0.991228638007375	0.606660539460539	0.944609333062574
PF13205.9	-0.646904565770362	-1.40215159999567	-0.232191749730912	-1.15500208174614	3.74829128553096	0.260878421194512	0.365333338711092	0.502193394969944	0.963248742124644	0.449861738261738	0.854567411544855
PF12831.10	-1.32460680392976	-1.438949224014	-1.2745808521701	-0.0555368954471644	3.99369538243246	0.0102929590706103	0.49466666686422	0.749814930272801	0.980733016733954	0.754909490509491	0.974795898730772
PF10459.12	-2.37104629182799	-1.53103441370247	-2.84122705409424	1.34949661080394	4.22013139390774	-0.272523669649885	0.353333339276837	0.455359871992673	0.857519266765292	0.447445354645355	0.860396438317732
PF02475.19	-1.51121341678823	-0.392201175001478	-2.12316199680983	1.70350084533385	3.99004591743422	-0.354460275212306	0.317788149010891	0.397777412285742	0.85244396727245	0.376315684315684	0.849784840963267
PF13368.9	1.98132564957024	2.43479900692891	1.57529325246958	0.978428280624319	2.82082019821307	-0.293268334380053	0.324666674070979	0.316564815291588	0.909523956209083	0.3494001998002	0.931534846103657
PF01975.20	-0.915000810468835	-0.989566304086154	-0.897018510116682	0.0621192645113711	3.59862388938606	-0.0151335270009161	0.489007328854492	0.750464369335371	0.983540465193032	0.753847352647353	0.969003246796342
PF04390.15	-2.04959479910055	-1.49839203586516	-2.37604401801543	0.923688635732775	4.17945109040695	-0.19243969121954	0.390406399994367	0.545128456378605	0.909348266000912	0.553506093906094	0.911712661038811
PF06824.14	-1.4898511844216	-1.53944303126075	-1.45423611875953	0.0923082076801931	4.10966058911069	-0.0216702750795597	0.488666667086636	0.734475249638664	0.973091201142019	0.760148651348651	0.970225001033374
PF14128.9	-0.623508134436572	-1.00497807563729	-0.456577155460736	-0.351910766963487	3.51241088033091	0.0889854221532571	0.454363759197163	0.653762608521572	0.992220052854949	0.637305494505494	0.951445457987556
PF05681.17	2.67301406083964	3.14442110784809	2.37427946727672	0.608412890267844	1.32085351823675	-0.446372108170159	0.308000008341047	0.309001889884161	0.842530967204037	0.312842757242757	0.856296153048599
PF16314.8	-0.967719782487172	-1.46099733141275	-0.691786650059527	-0.635587871563023	3.86734850435481	0.146092104536481	0.42038641208195	0.621786068141578	0.977505553055188	0.581409390609391	0.913524628974907
PF02347.19	1.89309962224162	1.74257934651488	1.97568510135495	-0.24046941423881	1.97168018848344	0.1079570049417	0.44000000225469	0.638335967790421	0.997155005483588	0.66045954045954	0.978470258161529
PF13525.9	0.61606402232982	0.192933512527969	0.813319699953097	-0.774250806104642	2.53122160472721	0.249562408273781	0.363333338803763	0.412030650275776	0.973057746318669	0.449405394605395	0.863227620209468
PF14805.9	-2.2845150511019	-1.46441049693838	-2.74625853475729	1.21800001092071	4.06366946657106	-0.27157061671908	0.362666672168125	0.459882405903803	0.873954843207858	0.45157042957043	0.87264088592041
PF02897.18	-1.38468482933109	-1.44571887396301	-1.33476725032143	-0.25771333671142	4.57113725006425	0.0494759515896611	0.473017989008912	0.745082884166795	0.992791193846891	0.713952447552447	0.964471606329404
PF02405.19	-1.07031983982817	-0.991450586721081	-1.13774308280565	0.21027655831548	3.89554133426736	-0.0461920124654352	0.479013991450479	0.678333227553487	0.966471055835979	0.728097502497502	0.975525576852393
PF01464.23	1.48413082253628	1.63507295454004	1.41429223446615	0.0770489156278513	1.81278885793685	-0.035430573084826	0.480346436437592	0.704756834032851	0.991717544934101	0.752546653346653	0.984699803528776
PF18935.3	-0.460136236327691	-0.526504385162555	-0.424695068391118	-0.0850733514882442	3.30173957344669	0.0225365253216649	0.487008661373583	0.681634712321651	0.991745736904571	0.717567632367632	0.966206734973597
PF13100.9	-0.152443678658912	-0.723574971902175	0.180565596027612	-0.713207712518785	3.9538057880706	0.162775687622097	0.407333336887512	0.624523936921167	0.991061489625887	0.53724955044955	0.937653971879968
PF14134.9	0.590330714765962	-0.181830498595008	1.02364067003888	-1.21870309190768	3.04061117624026	0.360362805619124	0.330000007119284	0.31938596355252	0.954920153959277	0.314552247752248	0.803306749560124
PF00329.22	1.25915050494019	0.579939585170401	1.52522436704255	-1.13280562502252	2.73120096961159	0.35638512172425	0.317121926529746	0.256878725827861	0.951994839722837	0.289265934065934	0.794293612300427
PF00346.22	1.26904323873841	0.56185936484007	1.63700019575707	-1.21365325938919	2.7637753878256	0.372262696993449	0.282478357691991	0.236515872391171	0.945270533219438	0.248401998001998	0.764756959432834
PF19838.2	0.359569499245555	0.296855934783295	0.403746848078651	-0.017515584245329	2.77249979660436	0.00388469784804751	0.497668221272125	0.793951201550808	0.992147973010278	0.776340859140859	0.982566324887037
PF14123.9	-1.23049586186789	-0.942002840266416	-1.37673330511233	0.447675863467108	3.86496168900695	-0.0942786467639572	0.446666668664708	0.663515886916507	0.960858056438165	0.658575824175824	0.960632586669262
PF08666.15	2.45467195926359	1.73920326729628	2.71114313521305	-1.09582466098103	2.01131164321755	0.475307653325317	0.242000013023006	0.159002631414898	0.927228720302913	0.155713886113886	0.606793367187839
PF13740.9	0.00993576114134687	-0.95351452292829	0.654363058628707	-1.24837720214769	3.54995695541756	0.318071612372761	0.332666673645881	0.488714979862243	0.967176081416624	0.358077122877123	0.826533141444941
PF14127.9	-1.66387959487905	-1.52914240454826	-1.77305297031866	0.322429410408565	4.19933547452409	-0.0676096166210615	0.464666667981876	0.684176730208927	0.967011607532537	0.723477322677323	0.976040859164789
PF04773.16	0.212990461910382	-1.52483234833355	0.901548341949003	-2.18537740149309	3.16228200938671	0.64500062508136	0.20053299528734	0.13165179641144	0.798874522787117	0.111034565434565	0.47017200311449
PF16344.8	-0.701292238945355	-1.51472379823623	-0.26230865926198	-1.06064619443878	3.81020441886295	0.245743296840289	0.364666672075246	0.488166544486226	0.95776910510901	0.425982417582418	0.838821285187499
PF03571.18	1.13586572316464	0.197909724079653	1.49862901682578	-1.0595852968481	3.85490979995412	0.261655843350621	0.344437048342602	0.508957283219496	0.988925585173812	0.361323876123876	0.882555389550145
PF02666.18	-1.61212942582584	-1.47216895325321	-1.70728849476162	0.210030151464506	4.46578997483131	-0.0437291160521207	0.474350433995858	0.719623674657587	0.977270870385216	0.775974425574426	0.980718774854717
PF08665.15	1.39971526274214	0.492652093006678	1.93915697732966	-1.22979184528447	3.06309187112227	0.347586099544474	0.336000006806324	0.379643742803584	0.992361503600212	0.33303016983017	0.884342379487924
PF07676.15	5.21277248865039	5.42831845140147	5.16633738034129	0.114852785209726	1.56362113213414	-0.0475989715136661	0.462666668057134	0.615549958574664	1	0.846805194805195	1
PF03169.18	0.602856251266418	0.352029035872981	0.740671298167881	-0.34510093783509	2.75366008098543	0.103101999271522	0.437041974384842	0.737438097486275	0.995598160861666	0.647757442557442	0.958794489381936
PF02749.19	-0.356557571713755	-0.300349899217659	-0.395502127614903	0.00115496329546705	3.68044282659994	-0.000333805518456116	0.499000666259482	0.755644461856748	0.985404338487589	0.789007792207792	0.985963144433884
PF01729.22	0.130723999052112	-0.190841524189835	0.261106832145877	-0.429201401613819	2.78744872314316	0.118763930933978	0.431333335925431	0.564397960310444	0.989761602285409	0.601503296703297	0.936253444428512
PF03308.19	-0.216357768644216	-0.316144465456515	-0.182941397613312	4.62515307502187e-05	3.48778067284669	3.82184627000955e-06	0.5	0.758775191778174	0.990120384312269	0.766491508491508	0.977650324536788
PF05896.14	-0.428838130483495	-1.02715839116204	-0.0424967959614593	-1.1944400037246	4.14543001258033	0.261873959501184	0.370419725324506	0.475573193045075	0.976798191991455	0.430929070929071	0.892593112454088
PF11973.11	-0.417210210568991	-1.09090364067183	-0.0135353131902143	-1.31485794726282	4.09089774730039	0.292100704234926	0.361092610497623	0.462774938227032	0.969655799475818	0.411144455544456	0.875363619124448
PF00970.27	2.68428370913667	3.38717691387037	2.34083845597624	0.980588973898087	1.44459456973912	-0.587586134447115	0.223850780853185	0.273291968840413	0.82292284201645	0.140015984015984	0.724279064963055
PF07837.15	0.927187538903101	2.10841294730256	0.0116596904307356	2.105477325608	2.39096689531841	-0.810454121397933	0.12400003205072	0.0345105391877062	0.421137885935936	0.0383352647352647	0.390700932273569
PF02971.17	0.944446233896299	2.12744371999266	-0.0387529028881666	2.25599152531291	2.50566754980677	-0.82150020876929	0.119920086598846	0.0314932702187071	0.40581515792491	0.0322317682317682	0.366848565750528
PF04961.15	1.10379378011959	2.23178488447705	0.534132051729721	1.72314066292781	2.33118291150164	-0.605619284881995	0.195869438241581	0.193365963444886	0.725052166614911	0.0941330669330669	0.604426404119224
PF00221.22	0.84869058368458	1.39704312956444	0.629853196590963	0.687216515407133	2.64005285160907	-0.217336095066943	0.38974017750457	0.694367994593575	0.966273297196682	0.561334665334665	0.966398444289929
PF04172.19	-0.434526900208742	-0.721800857974755	-0.320361298858336	-0.404335827735113	3.33495183403719	0.099835652703842	0.454363759197163	0.610272195150306	0.990980721701262	0.636884315684316	0.941056714094044
PF20600.1	0.283087419544518	-0.393528026278362	0.626601266042092	-0.879230609379515	3.50457830186364	0.197793684855962	0.376666671530504	0.55038305905105	0.98405792140861	0.46234005994006	0.900568154669527
PF06971.16	1.43910595213302	0.882516405832702	1.60976452993684	-0.747767095905048	2.2773978767284	0.248803108898674	0.371085947812638	0.403480492595688	0.991978822386694	0.43027012987013	0.884344863094852
PF01252.21	1.75950796685809	0.642336594166669	2.1233046624863	-1.49234357823024	2.15963388179812	0.572771435692114	0.199866772850687	0.124710294745489	0.850357760713835	0.103320679320679	0.463781887078965
PF02585.20	0.0416882087913937	0.941904373731016	-0.226321193445029	1.69229143719163	4.38572013643141	-0.321618099310609	0.358427720549594	0.460387238226266	0.924722648892127	0.450230569430569	0.921490725909214
PF02498.20	0.537780426868957	0.189831285572926	0.808223646951184	-0.666867932724632	2.80431281737952	0.201215733236686	0.394403734934204	0.495733412409573	0.980615110606092	0.491556843156843	0.909780318716686
PF03374.17	-1.58052283717768	-1.53136279764154	-1.625037032328	0.166615305784073	4.10129186261448	-0.0340441408991167	0.481333334025656	0.698316808949162	0.954645112110707	0.729363836163836	0.966952966749158
PF18956.3	-2.24721129528751	-1.46138346503299	-2.76332145889592	1.36784649123433	4.2976214228194	-0.278382535977098	0.353764163143399	0.484063318954805	0.887369597716418	0.489321878121878	0.890190787279724
PF09709.13	1.45469018036096	1.66313724352915	1.32115970198245	0.320652614568735	2.18385779948625	-0.113924321684772	0.434377084415154	0.650674235753452	0.975357784378086	0.654211788211788	0.975780779927843
PF20463.1	0.534441848180431	-0.346432066093593	0.832711400559298	-1.3895211142408	2.68327414300682	0.443711727397087	0.282000009969172	0.237144637555526	0.919425643459167	0.261472127872128	0.706436028789168
PF12897.10	1.68541078333773	0.81670294614732	2.00405419505773	-1.24627201781337	2.1019110714875	0.524408991453273	0.238666679983602	0.176194032879601	0.895397932831066	0.165394605394605	0.612228907271115
PF13734.9	2.33937487670789	1.9388171939434	2.68427126222177	-0.660954818553556	1.57217362693154	0.369106968645824	0.331333340382384	0.367216425586184	0.950094597807499	0.312708491508492	0.820188871435499
PF01640.20	2.26957817985551	1.73464465310886	2.70211777693505	-0.826768867259567	1.65983631548471	0.459796020370382	0.296666675689746	0.325460192946688	0.929629498920875	0.248228171828172	0.763234438025929
PF07610.14	0.241449864216848	-0.986854495165938	1.11065975926715	-1.87546755272098	3.85854704241868	0.430165527323717	0.279147245325478	0.319385981848127	0.916403437907607	0.210105494505495	0.69765423108981
PF04443.15	-2.43778045003357	-0.99406742713038	-3.2099109264145	2.16229097686523	4.18819061490777	-0.445854260510421	0.292471694816542	0.304264892662771	0.764454557345381	0.289870929070929	0.756502938163561
PF13650.9	-1.41090777108572	-1.57040657043084	-1.34426534011528	-0.0180572029223329	3.88445220716367	0.00393647348948033	0.497668221272125	0.757280367501776	0.982617051755228	0.745376623376623	0.958082532100222
PF13195.9	-1.98747713098915	-1.433009685329	-2.33793379700574	1.01766962483709	4.13939020366705	-0.192018420207878	0.395333337387533	0.529730170215449	0.909277011821681	0.5364	0.916476336264733
PF18741.4	-1.89666993071287	-1.38689841678393	-2.26731885543693	0.887018543109077	4.20922868517098	-0.189226633161719	0.391072622484215	0.535274642778974	0.905952446314298	0.559194405594406	0.915658750098004
PF11784.11	-2.3111484667919	-1.45476375128813	-2.89402847332766	1.5075436472737	4.21835161591895	-0.308069777485003	0.346000006301487	0.440191040133475	0.855237888257909	0.435866933066933	0.854304366536441
PF08124.14	-2.33101246336588	-1.62797345382875	-2.78120488667007	1.15805480929223	4.18945439501298	-0.242869088403364	0.376666671530504	0.486117680507955	0.882854106821288	0.486582217782218	0.89043735805116
PF02278.21	-2.24330491334973	-1.44530753738215	-2.74988884488535	1.21767651679588	4.18346240083053	-0.258578201388397	0.364666672075246	0.460637621679029	0.875325699631786	0.466264935064935	0.878780873637225
PF02884.20	-2.33850366107177	-1.50665346234118	-2.75791157197215	1.41157132898191	4.17097381440995	-0.285197873785111	0.354000005911439	0.453220425005617	0.870314747184372	0.44838961038961	0.865991352672678
PF17919.4	0.45082871714194	1.04752982502452	0.144429070673473	0.944024066067948	2.8750929801651	-0.245773771847451	0.348666672836835	0.478089433613111	0.907708004863633	0.424807592407592	0.894441807602096
PF04453.17	-2.31177135387674	-1.43271231033706	-2.8433438690359	1.45714756671102	4.1694823364222	-0.297206999741739	0.346435715798556	0.431166047876309	0.855495628552382	0.424539460539461	0.851884334144032
PF13191.9	-2.21543608378804	-1.0651470008357	-2.86594359647812	1.79734355416639	4.21702147412631	-0.367818741678584	0.323117928864115	0.385516546675539	0.811947067968328	0.356634565434565	0.797086233566951
PF05368.16	-2.11888443272726	-1.0510633436947	-2.76284932417284	1.79641795452495	4.02519080856477	-0.383608597329629	0.30246503197544	0.357225106667537	0.800144076584978	0.349901698301698	0.7918026608955
PF12320.11	-0.183874075105122	-1.40924503293877	0.317482922532778	-1.56854522643016	3.24315269799336	0.409633279285632	0.280666676725781	0.304371086217189	0.914832520456742	0.255873326673327	0.684705769924613
PF07705.14	-0.34124316480567	-0.445048210630723	-0.2794841308844	-0.201982657079248	3.48742900513082	0.0388951541011078	0.475333334249142	0.751184261386767	0.988586446989302	0.72371948051948	0.974383809171149
PF07331.14	-0.604017690370804	-1.51121889537848	-0.023557603184976	-1.13411066943868	4.0182361292292	0.242965803672341	0.364423722934262	0.534370376119839	0.968864976028663	0.444046753246753	0.850311574855261
PF17651.4	1.13533752509524	1.21305011509964	1.09694279472641	0.352364968773784	2.4523310048837	-0.109611166615743	0.438374419369845	0.504121677150216	0.976754326992864	0.699603996003996	0.983643984017342
PF14574.9	1.78923920865162	1.90852320256863	1.69556232655289	0.402491940587614	2.41122289367549	-0.120253124101395	0.428666669363533	0.433710757257045	0.980933642111493	0.666836763236763	0.988526367305782
PF12771.10	-1.807957265925	-1.0126026746662	-2.30368328331186	1.28650318516436	4.21989772960041	-0.273810328322313	0.356000005815711	0.462082422776733	0.890109827346471	0.470785214785215	0.896402922631153
PF04632.15	-2.38644921547704	-0.984550785803383	-3.19005704344983	2.18267324099509	4.15440042001445	-0.466762366747151	0.26866667756814	0.296999535609344	0.758633341206055	0.278362437562438	0.757770783650298
PF03721.17	2.77742342916453	3.09590609334076	2.62770009595199	0.376005164621412	1.48745701885841	-0.158116145724675	0.383744175098753	0.795545691748236	0.986612416577855	0.528202597402597	0.967633598851558
PF00984.22	2.75883721077438	3.07701418406259	2.60437829248286	0.362345617491813	1.45078845362506	-0.149486356407596	0.390000004281288	0.794749085781856	0.987394750241069	0.53778981018981	0.974995745664313
PF03720.18	2.29459010985147	2.07734696641587	2.40452751655091	-0.42385632688651	2.01661949067881	0.14749942655887	0.39333333747232	0.371760593047509	0.993852736170727	0.490535864135864	0.931990389019468
PF11974.11	-2.10461942753447	-1.5414003200581	-2.46084637770078	1.09449503290128	4.30063486640849	-0.225234876672796	0.38974017750457	0.544180911275083	0.914583228627991	0.562988611388611	0.920257030701591
PF17972.4	-2.19060758108902	-1.55523539254504	-2.58399314434071	0.956609456021968	4.23409407426393	-0.19296694738466	0.399733514856683	0.539930868643507	0.915685253600481	0.542833166833167	0.926855984103987
PF17962.4	-2.11787069540895	-1.42284591554072	-2.53513077377806	1.05671068150349	4.28680796910334	-0.225770529329131	0.389073955014824	0.52573508879741	0.898441082609935	0.531418581418581	0.907116322501238
PF02578.18	0.786952350142473	0.182777912207791	1.07885308253832	-0.82003253604024	2.61138180066424	0.268957921046319	0.342666673134211	0.36557816090134	0.966807283754948	0.37304015984016	0.834037267887562
PF07661.16	-2.29816922604264	-1.51384547553331	-2.75925720712912	1.20244480781898	4.18997389489605	-0.25155577474428	0.37708195020865	0.489520038015973	0.896527823552808	0.501337862137862	0.904698068336349
PF07593.15	-2.41464762852584	-1.51718297076004	-2.90465935287101	1.47354794373068	4.27076913397605	-0.301755311354287	0.348000006202873	0.453804098525973	0.852917829092337	0.446698901098901	0.845481237561616
PF13573.9	-2.34929297674908	-1.4727379725391	-2.89820833303249	1.32414684763368	4.60642897835756	-0.25305371822971	0.376000004893566	0.538565389325583	0.924318352199041	0.542822777222777	0.930926779284619
PF13489.9	1.67253591253761	1.35035082003446	1.93346516140181	-0.590658881670002	2.59522797745964	0.186417937406629	0.37866667144168	0.462343112209775	0.992093027045945	0.469173226773227	0.923204913241953
PF07876.15	-0.947052123021548	-0.494926519849963	-1.16881551881661	0.671952252931046	3.41013475278109	-0.166319598054042	0.400000003858024	0.578168070782658	0.934378689159107	0.569154445554445	0.934543738609583
PF14842.9	4.24414075068619	4.68015513022271	4.02501061226333	0.688851495601887	0.85881337160952	-0.70452949611437	0.173333354442363	0.062049188537961	0.550342908681945	0.0697078921078921	0.532226643306094
PF14841.9	4.24111892896382	4.66102340223444	4.02262853688179	0.695229415220348	0.850421471310553	-0.719336843728718	0.185209879382212	0.0704013726124189	0.575334360426702	0.0841126873126873	0.561054686515422
PF01706.19	4.28188449026511	4.69097776109344	4.08638273369165	0.649510438687098	0.807800078377653	-0.750081669193901	0.17921387759398	0.0657972934645325	0.540133558557393	0.0797034965034965	0.534799266013024
PF01888.20	0.0648174417614591	0.927146591112217	-0.415869462504886	1.46177543048546	3.60021951553966	-0.336459122288434	0.322451706382074	0.381475841325234	0.889443183607169	0.353442957042957	0.896535077132479
PF00584.23	2.3873720614912	2.72349970854497	2.22366639547599	0.365593531401954	1.90019294951102	-0.17112134488042	0.422000002960946	0.634876798289426	0.973435392882551	0.65901978021978	0.983657995186172
PF03786.16	2.29076847200496	2.72448102115114	2.12155290006715	0.576497617555166	1.83878181224132	-0.21974378810891	0.374000004983114	0.725154072859607	0.980660788003118	0.482376023976024	0.963095639159126
PF15975.8	3.43278651564382	4.09300291947425	3.01286161177964	0.916267742616912	1.53240377206541	-0.523137802134673	0.271333344042284	0.287029500822314	0.863501324962405	0.194685314685315	0.846079188069657
PF05139.17	-2.28751108141326	-0.898268669194877	-3.11366073207162	2.10528682090359	4.05712710039882	-0.45583675425355	0.273151243077072	0.299979221744873	0.761690368905793	0.272589010989011	0.756280284023423
PF03682.16	-1.9521019809447	-1.44192535544099	-2.24854022759873	0.752737902252041	4.03108957584825	-0.162330263354661	0.404000003691644	0.579887849598467	0.927830912747236	0.584543056943057	0.922518224688441
PF13710.9	1.74853772877615	1.38596096782744	1.97604518995676	-0.594626164037271	2.00131134391081	0.255072651689366	0.360426388010507	0.459050893547276	0.982517022802334	0.42466973026973	0.877966391156092
PF13946.9	-2.37828162536244	-1.45239260167387	-2.88052727159634	1.49710097917535	4.25879710172644	-0.304094333374432	0.347768160769613	0.44429229059552	0.860220678791716	0.439182017982018	0.861839919710006
PF00041.24	4.48177744479821	5.13883693614339	4.06962867559751	1.00603773653587	1.60370481253424	-0.614890985940058	0.250666678957598	0.162510285746076	0.81466036021153	0.138742857142857	0.802062776786601
PF13808.9	3.34619336209677	2.17582361299082	3.82654920909483	-1.72531226512418	1.81943778078058	0.83038300007606	0.149333358892942	0.0673116670199986	0.753240648728654	0.0292731268731269	0.28494009231624
PF09369.13	0.759058049774864	0.540202135407029	0.82540496525946	-0.155107836913877	3.17734918065282	0.0430291606707841	0.480000000741928	0.712319227622529	0.997110349201515	0.762554245754246	0.9941756924892
PF00331.23	3.28501941317024	2.89129183975136	3.70894259161053	-1.19561689911159	2.87625120146156	0.328110637831344	0.323333340809957	0.548501759314449	0.998403683565533	0.306017582417582	0.920011110325059
PF03576.17	-2.25542523777681	-1.50457871507351	-2.69696708381237	1.13089102818503	4.40447575738981	-0.231025239873872	0.384666671178323	0.52544525567787	0.899900372189096	0.531292307692308	0.907220065448794
PF13581.9	-0.0580122905399909	0.190170085405112	-0.164006866277505	0.326131550384002	2.82933905592459	-0.098720001996016	0.450000001870557	0.711841266399386	0.967029549205477	0.682088311688312	0.962013712359095
PF01948.21	-0.532063853923522	-1.4381804177259	-0.129493696661211	-1.24561543748256	3.41303727189606	0.31489218078917	0.342438380887421	0.401293554452432	0.952433856227971	0.369672727272727	0.808741147010956
PF02748.18	0.486656272331269	0.350977409099263	0.527537103353692	-0.243568007259936	2.39165982922818	0.0795252479862886	0.457333334925171	0.540827455379123	0.991277459062049	0.664894705294705	0.945865949826207
PF05043.16	0.946480653393698	1.61916926218267	0.469606029956896	1.09201559983027	3.29091599977559	-0.275424779214664	0.32711526375861	0.44125280041898	0.906421676453346	0.370214185814186	0.902510727061063
PF12683.10	2.15008411907913	1.80584575961886	2.64605723471396	-0.581573368542549	2.17527097833738	0.236369439609073	0.387075287545898	0.687890134446204	0.995531620252904	0.490841558441558	0.960557025190424
PF05521.14	-0.458213596341242	-1.43369532436877	0.0641979281683795	-1.29931901131614	3.69204438595189	0.315916803641244	0.331333340382384	0.412220754916101	0.940584845837159	0.353521278721279	0.785394537444297
PF03713.16	-1.4865124588596	-1.52938619251512	-1.46061598835636	0.0923530096836149	4.17148099240896	-0.0165610378536686	0.487008661373583	0.71784235066155	0.972512017060555	0.755135664335664	0.97253387585852
PF06089.15	-2.37918346090785	-0.974077049252162	-3.13027133289685	2.12923997999542	4.25954725384161	-0.425543536565905	0.281145912744863	0.326564340026716	0.765842739840797	0.310268131868132	0.773457813845514
PF08531.13	1.0221185725081	0.207668367160575	1.24596169675008	-0.949792507548073	2.65665247214516	0.296397754444761	0.351099273198694	0.352385811064316	0.978786072269458	0.406622177822178	0.858585434889608
PF05592.14	1.00132006375297	0.101741400432487	1.23571707342723	-1.05087075054889	2.84645350201284	0.316803791617724	0.341105935917739	0.318016849391573	0.971826848045027	0.371063736263736	0.841544980101445
PF17389.5	1.30142949126393	0.347677370348014	1.51793411637461	-1.06290024386372	2.81362725576193	0.30909308432586	0.338441045979447	0.310684791303964	0.974560392876928	0.367933666333666	0.848155387353743
PF17390.5	0.913096679071032	0.12030529568955	1.11734643453804	-0.857034887966137	2.79620505013996	0.253543881376896	0.35666667245062	0.342883868048193	0.976616931579689	0.403617182817183	0.865852166447673
PF16189.8	2.57504152623734	2.8004909775922	2.50060888274401	0.263000564063824	1.4563431455995	-0.158035128596254	0.425716192016797	0.761278254376418	0.988876994131407	0.673002997002997	0.981441278893443
PF16188.8	2.57782310884314	2.78825959948427	2.48921609728343	0.243216988508734	1.47668463865897	-0.142405528864579	0.435333335769139	0.7723942832087	0.989793268984129	0.662790809190809	0.981805162098914
PF00815.23	1.68004855303984	0.993772803911873	1.94754951059385	-0.933608015288038	1.99895013042123	0.384847558479155	0.293804139769162	0.237810037931817	0.944841230787874	0.254316883116883	0.728133275653071
PF09861.12	2.06945296553891	2.6201073315035	1.66874256472811	1.11878299596542	1.70192374490151	-0.596940845168633	0.212000015962704	0.0902002546932904	0.606709841967961	0.134195004995005	0.640881576518633
PF13555.9	1.45939140339602	1.28128350493423	1.64019631321597	-0.260603168846213	2.39151134909274	0.0767707894488087	0.445036644296342	0.761457168438445	0.998947978739074	0.65239000999001	0.970238108529086
PF03480.16	1.95687808647287	1.68256817199219	2.15616498475932	-0.31338366914412	1.99080765258784	0.151558777474658	0.429333336003963	0.678412440821081	0.9981124308667	0.608374025974026	0.972158815226295
PF07679.19	-1.88648247549489	-1.49052011640392	-2.19782640252185	0.817345725670765	4.24262787520273	-0.169139100334823	0.412666670003021	0.588198533768897	0.929530228999099	0.61002997002997	0.938496614084322
PF01436.24	2.45188232306229	-0.102113242215059	2.87164876698656	-2.66581789311234	3.6565332345378	0.663045484475089	0.151232536783492	0.131647036774744	0.851076555324262	0.0424183816183816	0.329025876323977
PF07863.14	-0.986382201045945	-1.01082254155035	-0.971441656061611	0.0415315987325782	3.91537615030501	-0.00640048774363893	0.496000000148157	0.742615837343811	0.977262709268312	0.772972227772228	0.975358942398055
PF02613.18	-0.598654932986664	1.59345379691423	-2.01889191480055	3.7031654317615	3.73043120630661	-0.926789211533948	0.129247199016791	0.0498101715964412	0.437728919958282	0.0398265734265734	0.402932553930943
PF12411.11	-2.25691081644121	-1.07933016713926	-2.79816252326442	1.83180237372842	4.37181128385607	-0.374545063681578	0.319333341029517	0.383577591159717	0.831619067599647	0.362523476523476	0.832494922995901
PF13280.9	3.44804288701251	2.8100238475814	3.73072002210922	-0.901834301688036	1.6062374118675	0.472418162471801	0.230513005387879	0.169817905369538	0.93458319296685	0.10936023976024	0.554509704555372
PF01223.26	-1.63957400272547	-0.936768731824806	-2.09725459088411	1.10306951883628	4.11263261458388	-0.238980818369997	0.37466667161987	0.499371466460656	0.907988890036626	0.517144855144855	0.92255462761493
PF02639.17	-1.83868554624396	-0.43240630022038	-2.61472562370609	2.12752354844773	3.86757741691421	-0.487879505301844	0.262666678013274	0.282527052595629	0.763759155751878	0.256734865134865	0.748205413278438
PF17125.8	1.28108972079639	0.542701507990819	1.5735753853948	-1.00222628302152	2.23226265664954	0.371527234259541	0.305796144368727	0.290191484412175	0.945124989332761	0.284889110889111	0.75549042782157
PF17126.8	0.457189723681	-1.01561249278762	1.02451690200176	-1.91022398099635	3.42361289450418	0.47091259930436	0.259333344934747	0.258686727185834	0.915767176168262	0.193683916083916	0.634125988245334
PF02635.18	-1.98628772436185	-0.96264629474194	-2.52856970584552	1.4904287083441	3.98909657250602	-0.332520087230144	0.330666673750784	0.423097066862722	0.846769340923758	0.395911288711289	0.835847734973468
PF14265.9	-1.57275013064669	-1.43271150111768	-1.63608437065843	0.32876929244106	4.10634163017233	-0.0625798497828959	0.466666667906746	0.685713132970925	0.963764592406881	0.705357842157842	0.965586000347438
PF07396.14	0.224245639980271	-1.02741625904049	1.128215303258	-2.01403017859676	3.35413927902758	0.495487981002989	0.252498346569344	0.233997607093839	0.896146731052642	0.15184015984016	0.625363014532558
PF03591.17	0.101164149464976	0.925820636885112	-0.355172844398053	1.42615606981837	2.69442890153881	-0.447879634206447	0.277148577907692	0.310876719691716	0.814691223175227	0.290764035964036	0.804297164404935
PF12791.10	-2.14329006558328	-1.5263937677148	-2.48065096000563	0.952090588528448	4.24767202974964	-0.200822009330051	0.406000003609039	0.553272272332501	0.921849811453389	0.549303096903097	0.92060364741445
PF14526.9	2.0461890523921	1.90096329129946	2.14569232683617	-0.426847001124017	2.37015271289516	0.178267434880864	0.39800000394182	0.354297097741333	0.982106803440794	0.531313086913087	0.942852853632518
PF05635.14	-0.83285052028501	-1.47990722502254	-0.558666231546262	-0.825600591585093	3.3909929449292	0.199583939960329	0.40066667049685	0.556980945500748	0.968840688682186	0.517921278721279	0.866129638045368
PF14815.9	1.1906385914103	1.11939242148648	1.22179466679373	-0.0109992836541508	2.24428669821283	0.00443979822772881	0.498334443765803	0.733680035531046	0.993846117346166	0.761390609390609	0.980748399650986
PF14289.9	-0.412019162366442	-1.41498608527823	0.54288069986642	-1.97709047400633	4.30094807279347	0.390222235075756	0.31978681645501	0.377919378033464	0.944721436634724	0.271693506493506	0.796462101382187
PF02669.18	-2.33380030291594	-1.51113946134253	-2.77748870181701	1.23846521535623	4.52115412152495	-0.241873258674183	0.369753502836437	0.498099397156027	0.891104608518806	0.490636963036963	0.905416632960691
PF00850.22	-2.31992706478057	-1.48440885530454	-2.73477474535612	1.39512427101859	4.07468963853588	-0.290131812687903	0.346000006301487	0.454151541449415	0.867067204830337	0.450688511488511	0.862713794828946
PF03476.19	-2.32024928553878	-1.35192445394251	-2.87862492802213	1.44055214741804	4.12210160258772	-0.322461016847111	0.338441045979447	0.430779819357118	0.864624434489898	0.433166833166833	0.861895257898456
PF03206.17	-2.31792372096966	-1.39173235553946	-2.84052012753362	1.51369570310493	4.09610956756679	-0.304830849402463	0.339107268463884	0.440679995545228	0.860251503599456	0.431416183816184	0.856141422918216
PF02423.18	-0.763415554645341	-0.68741720358528	-0.810762235707173	0.248797941879306	3.63124906201687	-0.056061411721153	0.468354431554951	0.727632769967367	0.976415431257701	0.720521078921079	0.972882168217257
PF19732.2	-0.997741765391526	-0.524196392291699	-1.2989689337052	0.807858672209242	3.88950558114844	-0.165842094148564	0.405063294782061	0.557390250403813	0.936414865434694	0.600801198801199	0.955229149119148
PF13606.9	-1.76862152397927	-1.48962896195733	-1.96229281437488	0.706891855678078	4.24495166768788	-0.147303047610575	0.42266666960106	0.598917474307861	0.929961606417499	0.63128991008991	0.947752461113539
PF01874.19	-2.31904132362535	-1.43454205221193	-2.82267921267269	1.33497233460503	4.14779325790528	-0.293003228568773	0.349333339470879	0.446153677108497	0.863730903700595	0.440446753246753	0.865382036290494
PF07927.15	3.4714956102532	3.7740784001347	3.27861305884193	0.495574980720098	1.63841850079316	-0.253409099972912	0.362425055472068	0.346379766170009	0.945969635262018	0.475705494505494	0.969608571744193
PF04228.16	-2.19101783202799	-1.39545118529384	-2.65923054610889	1.31947711599427	4.23789758611293	-0.278931689021074	0.36400000543947	0.475054469860837	0.877118119664645	0.486299300699301	0.881164192387917
PF00759.22	0.939419836926527	0.793434683995905	1.03781278825134	-0.21740201916263	2.65054543058742	0.064292846074032	0.458666668208064	0.68459712417928	0.994017811494365	0.656310489510489	0.957693028003309
PF09546.13	-0.451419278255695	-0.921795439989362	-0.191252466422391	-0.598355614322196	3.37605007095423	0.156150773768229	0.409060629727881	0.595172869911823	0.986086882254525	0.544728871128871	0.915809259494325
PF06691.14	0.471528347586825	1.00281373909005	-0.0329221308056526	1.24004297095074	3.15702608563747	-0.325094138817342	0.31845437149215	0.293428589110729	0.848953617145388	0.353904495504495	0.875235867840722
PF04389.20	-0.40123827744395	-0.565087199767661	-0.338271072106169	-0.0734404502433295	3.3703286585983	0.0201734963899401	0.488341106360851	0.700978736360918	0.993903792426844	0.719932067932068	0.969646447580321
PF07934.15	-0.390847112633085	-1.41817322252968	-0.0122563730873102	-1.32469576996842	3.19657085192422	0.344759138357899	0.311125924204762	0.356676853423433	0.925138749736664	0.32278041958042	0.729679216000234
PF03705.18	3.41771185113967	3.67578497246353	3.25929772706592	0.268564055592531	1.62864021073859	-0.139294740554868	0.439040641862385	0.724772249615045	0.998993213984157	0.702929070929071	0.999483744261452
PF01739.21	3.54119941332985	3.72052254466741	3.41268845289106	0.220357642709325	1.51132129485432	-0.128590455671943	0.438000002332155	0.719040734353675	0.997769202661136	0.734587812187812	0.998203415554595
PF00902.21	-0.920935405989844	-0.889459883167695	-0.934996236850147	0.0544937309670663	3.46766052486074	-0.0145887669350309	0.493670886310086	0.754788980166509	0.981860375816717	0.75197962037962	0.966594885001403
PF02557.20	1.60390321710856	-0.484136233578633	2.01665785921061	-2.44117437805586	2.67973564864279	0.825810825147846	0.127333364386494	0.0688131972029035	0.737404615868488	0.0416127872127872	0.27048627904077
PF13199.9	-2.30572315995365	-1.41419619377045	-2.77255005660404	1.39517291643839	4.24338835204669	-0.273896811538028	0.345103270827835	0.469651246456798	0.878987182519629	0.457542857142857	0.875054991221967
PF07583.14	-2.28996630166442	-1.40470091197132	-2.75648567737205	1.3724427811327	4.04079417470472	-0.29464643193894	0.357761498062769	0.447721365640949	0.861800693630925	0.443207992007992	0.86486919187817
PF07587.14	-2.32771628591766	-1.48159144244233	-2.77682803743305	1.32737679055032	4.11985026566963	-0.2738986564462	0.357761498062769	0.479959382383871	0.869098348578412	0.469989210789211	0.868016552723156
PF00400.35	-2.22272572832037	-1.57834037604811	-2.62326614603401	0.886748977590634	4.38570380210718	-0.180804549244112	0.419720189590245	0.55519472080893	0.940221570260609	0.575187612387612	0.956185458990985
PF13602.9	-2.27033961879874	-1.39200922874986	-2.75379123596099	1.48860155989822	4.11773548425538	-0.312545767162517	0.344000006400862	0.454694535654893	0.854071503361531	0.437723476523476	0.854113817720339
PF05201.18	0.119664579268277	-0.764515977061421	0.439696798205695	-1.17222125343781	3.11425436648699	0.327659528600561	0.319120593973523	0.329877761151567	0.951905278817554	0.340956643356643	0.794528228804662
PF01488.23	1.0387617569604	1.01830269143673	1.05209993662917	0.00147989302192109	2.32513027618807	-0.000376638912997407	0.49966688875316	0.782364782550204	0.984809245766367	0.766005594405594	0.986055952750423
PF00745.23	-2.00262779557864	-0.77326501346909	-2.71073808521668	1.86019338416227	4.28192434046477	-0.387757363570161	0.32600000733243	0.387808948901391	0.833176853510162	0.379075724275724	0.842584623148547
PF05036.16	0.0792876801291467	-0.0250831003502725	0.132619285983616	-0.0449234172163635	3.11785042748563	0.0112148081449169	0.49300466381642	0.777591471288451	0.990683994881765	0.762164235764236	0.976498327105534
PF11791.11	-2.32395728547495	-1.48885198665373	-2.8547654367672	1.40276854614738	4.29993242217171	-0.29154716577311	0.363333338803763	0.465683401371565	0.864393552117689	0.45068011988012	0.87650352466482
PF06434.16	-2.29029061806901	-1.41224727306339	-2.83894563969302	1.26475017427339	4.29370333501648	-0.248932659804735	0.363333338803763	0.45487791014148	0.867265554113392	0.466127472527472	0.873551317912518
PF04076.16	-2.30853089181083	-1.60925920826591	-2.71409260668372	1.23038308655242	4.23514206141886	-0.24158654196971	0.374000004983114	0.501780394318884	0.883572620493713	0.501127672327672	0.877063615398174
PF13351.9	-1.05466293910853	-1.36847290306272	-0.887422322870163	-0.36407232050047	3.84304265705345	0.0908786064124014	0.449033979253343	0.666870346957044	0.982957419196229	0.638291308691309	0.931114189223028
PF13101.9	-0.837284166202263	-1.45683222095541	-0.466087946249393	-0.950747441435341	3.79933969146545	0.212345935049588	0.377333338167504	0.576510538400842	0.971374732778129	0.515665934065934	0.890428264105881
PF00112.26	2.10717789057895	2.18958496416895	2.06861194594047	0.0764587077376842	1.79119650003656	-0.03512564301128	0.479333334100075	0.707028004974483	0.994321299733463	0.8028999000999	0.992538007690432
PF13483.9	0.537899240664931	1.12563194872753	0.383577440936683	0.896047605800104	3.18462559738663	-0.215981031963816	0.381333337990732	0.621163163766154	0.973582295392639	0.544524675324675	0.968593228241911
PF14010.9	-2.28783562151444	-1.41806895307543	-2.86256360225523	1.44518245812244	4.24986428926145	-0.290819684443352	0.351333339373498	0.457846060400159	0.878556505301745	0.464323676323676	0.887065239881028
PF00545.23	-1.69898432061248	-1.00759641926539	-2.1270564350244	1.24026724732163	4.03011749865738	-0.255032231887704	0.369753502836437	0.502382574465577	0.909726853351722	0.496099100899101	0.911012012225132
PF02265.19	-1.35077989406577	-0.446429459818515	-1.84284984807389	1.30363937126275	3.89031295021087	-0.28467629202939	0.351765495684751	0.453595272115584	0.881955150908406	0.439576423576424	0.87715374329065
PF12729.10	5.33138893583601	5.92243283222947	4.94497998529261	1.13930018917149	0.996129477612928	-1.09652530221565	0.0880000475329704	0.0104938676711208	0.272447848402639	0.0130277722277722	0.268493840344656
PF12081.11	-0.61238096565789	0.672227646273429	-1.34631469160867	1.90918049402039	3.97723530482766	-0.429586798795174	0.285333343080642	0.308082230983986	0.815200442156753	0.284244555444555	0.822413376949063
PF12080.11	-0.601997652313407	0.699965761609447	-1.29321337141927	1.89747786966787	4.03725920042316	-0.401907013228355	0.289333342819867	0.322616028512691	0.823085020127458	0.292891508491508	0.830213872331383
PF00449.23	2.79440389913626	-0.465782301984533	3.66284355265022	-4.28644127072824	2.30024533950026	1.75335508983455	0.00866142178558842	0.00918422776779678	0.331458680727632	0.000245354645354661	0.0107561688065277
PF12099.11	0.12233297104088	-0.973322691533341	0.678078791701379	-1.58183049455946	3.4455567654057	0.38557402912552	0.29780147463059	0.326241889221608	0.930499102035976	0.293021778221778	0.756386775491162
PF06969.19	0.7687013993426	-0.972898669094915	1.29204822325213	-2.17514371269569	2.70695748106154	0.733955727374042	0.165333355788429	0.0998436169181578	0.769996005624713	0.0710045954045954	0.357623203215967
PF03544.17	2.2421332626258	2.11995619516216	2.34178579004597	-0.212129741558874	1.69493468221504	0.112803388889035	0.458361094155813	0.68718887619905	0.996259575407635	0.671998001998002	0.974196957592808
PF03631.18	0.641474869912609	-1.05020665392867	1.20465078659933	-2.28107024666894	2.91623388470299	0.705971144107618	0.18720854665671	0.110726785640319	0.786850330202855	0.0912323676323677	0.436422799413052
PF07584.14	0.953823983276908	-0.141689866889241	1.56308675611829	-1.81937654244832	2.88300183029399	0.542504443341772	0.226515670662955	0.144390042473871	0.852953438997353	0.120942657342657	0.528046987022095
PF04402.17	0.679557016418429	1.20370303133571	0.380369712507773	0.904450196657507	3.20914291335442	-0.230379894813315	0.362000005532558	0.499062039219916	0.951588820933404	0.466762837162837	0.95174422200607
PF14121.9	-1.21394705261657	-1.39884349721316	-1.10320406087924	-0.386672592124054	4.25575464745479	0.0780701094583153	0.455696204183309	0.715762097894476	0.987921377641104	0.683084915084915	0.955846625613992
PF02261.19	-1.41397070136306	-0.0971577926399165	-2.10890310574534	1.89777058451792	4.09927383205308	-0.401633912723588	0.304666675204241	0.359451420559482	0.822713250072379	0.327408991008991	0.821072865744927
PF01790.21	0.572708215409386	-0.170318587512901	0.883137801403342	-1.19008026595828	2.74387975902741	0.358246699535199	0.30246503197544	0.27682186538017	0.928356707270611	0.294777222777223	0.737716552195293
PF03486.17	1.74203739178654	1.96553808683291	1.61189925810153	0.378489798898421	1.58522193582185	-0.221957472228387	0.383077952609488	0.487669980212557	0.928654794570822	0.533114085914086	0.932616952556531
PF02544.19	-1.55063660018132	-1.47641463232591	-1.58152631894553	0.225257814207508	4.13158077044918	-0.043799787385914	0.471333334398563	0.685609491984503	0.956791759311381	0.708395204795205	0.961746089105582
PF01930.20	0.578363506375845	0.744744683456946	0.476595106483598	0.210818403389401	2.12675073530917	-0.0840539453509934	0.447333335305835	0.722980077203138	0.969762060842891	0.685754645354645	0.96924412863712
PF07885.19	-0.689391056902506	-1.37079109673169	-0.34393838052559	-0.773821135570367	3.70529400456382	0.179317401218618	0.399333337219243	0.600535359845528	0.984065520711304	0.533174425574426	0.897117351427782
PF14905.9	1.28071245168696	0.445369749421753	1.95828951111826	-1.73389555931592	3.42239863001845	0.42531503273905	0.269153908253317	0.340117646970931	0.962774885194771	0.183082517482517	0.730293907126299
PF03237.18	-1.21866945181317	-1.47531146100162	-1.07190751307912	-0.103722971813334	3.96281260319952	0.024487245195887	0.488666667086636	0.745751336433858	0.991829031977209	0.70127952047952	0.955982582298033
PF00930.24	0.957682167725395	0.355152088654266	1.3301239893209	-0.959932595111054	2.92432244578104	0.271177775799757	0.338441045979447	0.487205556932808	0.985318632549257	0.376250949050949	0.85589463312043
PF08522.13	-0.779750981640402	-0.970546697911884	-0.519125957320723	-1.20429228114421	5.19377615525078	0.220452287631814	0.412666670003021	0.617445558623916	0.99149984585033	0.598036763236763	0.965228765796284
PF12741.10	-2.06659086688247	-1.0555336524057	-2.63269930926378	1.46272012077562	4.25599719958187	-0.309580402725766	0.337333340071168	0.438649195400763	0.880376200018661	0.431424975024975	0.885793742089684
PF07660.17	0.337919297474758	0.731699590667634	0.0523937178472229	0.712818395230079	3.33797892553115	-0.188015276975911	0.392666670834013	0.529474361176721	0.95082627202393	0.59568951048951	0.966294139059737
PF14491.9	-0.495969308685187	-1.0705191707024	-0.230654366729157	-0.473059544572445	3.8402145400311	0.108702230242377	0.441705531832793	0.681077148073291	0.989994250784833	0.633112487512487	0.943963193000562
PF12680.10	-0.133720118218005	-1.39107951202276	0.471594319860943	-1.77798248985752	3.20653579485258	0.462236350418984	0.254000012020947	0.268832300438177	0.897128020002981	0.215261138861139	0.640038605503153
PF09992.12	-0.195552285673387	-0.912699525956319	0.173113358030009	-1.01729230288727	3.1756078079056	0.289392672433608	0.357095275576019	0.447657189608002	0.950523331511563	0.424863936063936	0.816542313726324
PF03816.17	3.27843667108091	2.92657041420393	3.48685703895621	-0.542435127817138	1.08309208255371	0.470646212911887	0.282478357691991	0.259577651411307	0.905676010597575	0.233743456543457	0.715580500083196
PF00479.25	-1.97893102616872	-0.932531124725979	-2.58695529181947	1.68331286447469	4.00539048863307	-0.339144228642622	0.323333340809957	0.384787084858913	0.829391623665188	0.368475124875125	0.822674994918422
PF02781.19	-2.02920764281893	-0.993598141775324	-2.53229314602441	1.53638901550993	4.09394392559319	-0.33467072122796	0.333333340277776	0.409262064260282	0.862070798069661	0.407414185814186	0.860471637596498
PF04371.18	-0.295651619550278	-0.547822113865939	-0.189795735056516	-0.254389280997804	3.27905813930604	0.0508506438511368	0.472351766515455	0.709039563316116	0.994063994340212	0.68919040959041	0.964915848064999
PF08364.14	-2.35552563410389	-1.52379590779095	-2.81344425774889	1.41527400263814	4.0586857539022	-0.294529692136226	0.342438380887421	0.467871018418272	0.871330340398856	0.454531068931069	0.872999381711852
PF01575.22	-1.58873772213851	-0.644322006851241	-2.07185434184041	1.45190957974359	4.20755202917389	-0.287577366134745	0.35666667245062	0.485681779315289	0.886320772136148	0.458676923076923	0.890139017905515
PF00656.25	-1.76992841576543	-1.48685109642086	-1.89417095633627	0.540369912631979	4.05504632699342	-0.113754855467836	0.442371754325456	0.673967427827871	0.953449303830709	0.674937462537463	0.949585074672477
PF03776.17	-0.204123776965877	-0.234101591440116	-0.190755345288955	0.194539259581924	3.72980001687734	-0.0411125914939215	0.477681546463399	0.741413388226247	0.98163661404017	0.74122037962038	0.982350197504929
PF01794.22	-2.33116351811414	-1.40055221363806	-2.86798944400287	1.4476677119939	4.24598491828327	-0.299944246517757	0.353764163143399	0.473396149348849	0.864009308821248	0.470144655344655	0.864260780216556
PF01730.19	-0.30462751107961	-1.46458531556944	0.839340384704379	-1.88970138661427	4.03748840767646	0.424110205786668	0.29713525215332	0.386098859204149	0.932822358830978	0.2549002997003	0.75030065416666
PF08984.14	1.05697418268798	2.00197477309243	0.563211705657041	1.11780535458249	2.97645445377924	-0.293199448049769	0.36933333852758	0.540777313106472	0.969738966596959	0.490149450549451	0.980623591219658
PF04069.15	-0.461114061251084	0.301381020459016	-0.725513842839793	0.894396625550369	3.17341900196236	-0.22586648709201	0.379080617675076	0.603969352439365	0.94385222568216	0.523912087912088	0.93275567763757
PF04230.16	1.47300628746248	1.70442091955004	1.41290709558208	0.342938188241392	2.20268557941723	-0.123387419345844	0.43637575189238	0.797938421308514	0.986586409577423	0.700786013986014	0.978662064403792
PF03773.16	-1.65640779273349	-1.48199128895238	-1.73830597449903	0.412826036045134	3.84959547707288	-0.0891012647457758	0.449333335229345	0.670887047664148	0.946822951039867	0.689301898101898	0.952267739786622
PF05661.15	-2.15750472104396	-1.57360104189427	-2.4953924835953	1.0813103599794	4.17477178059277	-0.214923335299019	0.393737512444108	0.562421181373029	0.909880158442629	0.552746053946054	0.909949592572585
PF00374.22	-1.81645392464583	-1.40236797256047	-2.119289977239	0.668565606572238	4.16018231170426	-0.147310088597976	0.434000002487791	0.583472825852498	0.947306400166428	0.617701098901099	0.958923276968922
PF03806.16	-0.99226816323387	-0.983993516231121	-0.996303047875193	0.0360609930618576	3.48826337346736	-0.00830710503379753	0.497668221272125	0.760322408087274	0.97516158418995	0.766133466533466	0.97171419126469
PF09963.12	-2.35052180818818	-1.58042315977279	-2.78942728742976	1.18320269724625	4.35261191844535	-0.235179995342581	0.384666671178323	0.497582297852297	0.885541468724706	0.516967032967033	0.88814356296978
PF00677.20	-0.380691217074277	0.708370406611641	-0.79233787406433	1.42685919009939	3.88907302533491	-0.290855510968346	0.337333340071168	0.46258104263829	0.910568140576854	0.392006793206793	0.907719795181123
PF04237.16	-0.719190300720574	-0.471656773630748	-0.834829185528479	0.428394849220143	3.04787885524575	-0.10584080429389	0.44000000225469	0.695617354587005	0.953074779799894	0.664762837162837	0.951022132030007
PF03006.23	1.15621329705132	1.8459757728902	0.38966990713903	1.29467096646924	2.373124476829	-0.48784928559686	0.306462366847782	0.213955875031332	0.819290398749114	0.293513686313686	0.909917725361303
PF11276.11	-0.857426620517626	-0.992133019284994	-0.776926150827053	0.0374996407572015	3.92081067825669	-0.00774377951415701	0.495003331297425	0.763380302852314	0.981437573454882	0.765826173826174	0.976002108410201
PF00529.23	-1.90857943317027	-1.47994045026828	-2.21343495691723	0.721902048548988	4.21126016896204	-0.160025741917027	0.417721522115336	0.60053759409983	0.939805186900572	0.621219180819181	0.956105706140353
PF16153.8	-0.546656628696719	-0.951673916122445	-0.239240170436585	-0.540300144491367	3.76811078519461	0.121874478209637	0.427714859492894	0.652944776280875	0.984987997798476	0.589028571428571	0.927632725995958
PF10758.12	-2.22784798639162	-1.34678132988831	-2.75027882435199	1.31622361365963	4.23508955578342	-0.260490360526849	0.362425055472068	0.482664032712854	0.881587181040605	0.47773026973027	0.88878852113629
PF13431.9	-2.32908644393925	-1.48400746435753	-2.79788751950963	1.42100024430703	4.06986389624554	-0.284570175846464	0.352000006007865	0.453581671152147	0.866836658238651	0.461155244755245	0.866779116724831
PF00885.22	-1.31074461452391	-1.00684739256935	-1.54876207640088	0.470724238818494	4.224629812685	-0.101732072866778	0.445702866789121	0.64268294983272	0.957453581615697	0.699942857142857	0.97220047261925
PF01253.25	-2.01349305331247	-1.53647642089106	-2.3219783341253	0.74932440478571	4.16270744577947	-0.150622826195393	0.420000003040807	0.583350564695116	0.935255319163312	0.623551648351648	0.946755998887331
PF03648.17	-1.67428074181667	-1.51441399044654	-1.77089503618411	0.191541345847095	4.30042277649196	-0.0396427445187782	0.48101265893116	0.720970398246998	0.980224599957846	0.762843156843157	0.984134054469627
PF07488.15	-0.0830293873672812	-1.53465094843993	0.656812387724829	-2.13584733285153	3.97931204387033	0.462077896155854	0.278000010241112	0.258291966218768	0.89459496958721	0.196571428571429	0.662659121570041
PF07477.15	-0.13426660489032	-1.54553837146064	0.697568650770175	-2.08042254437885	3.87613869074042	0.499419351439452	0.258666678319712	0.275258400805083	0.898349353685606	0.185852547452547	0.645930760190664
PF14036.9	-2.40495930021054	-0.991490150366273	-3.18048747544123	2.1237484155636	4.13408901310839	-0.450999059131088	0.279333343483091	0.313779062232326	0.771436350879904	0.312245354645355	0.760668544503422
PF06039.18	-1.73550563976271	-1.03007704106139	-2.09437285636395	1.20294067802286	4.12448062771762	-0.243630909392757	0.360000005626285	0.498852948735688	0.903148792560055	0.490464735264735	0.905035690039603
PF14504.9	-2.05383634050791	-1.49023282224083	-2.42212255838015	0.972238343804114	4.38537420177639	-0.191922301786536	0.403064627309717	0.555565002964722	0.918537299284481	0.574226573426573	0.927781092121601
PF03447.19	2.12395461048107	1.77669368293104	2.25757040391118	-0.554501668028184	1.6445475975381	0.269587160324399	0.350433050712716	0.330363441083409	0.969258230317158	0.385185214785215	0.842794219111824
PF00742.22	2.108173692715	1.80832427846917	2.23322660472097	-0.529360406265574	1.69299823341216	0.239038623729894	0.359333338991004	0.34426933994911	0.97014675030824	0.414422777222777	0.844927964280746
PF10112.12	2.14399911395409	2.31666370175581	2.0765954703282	0.172190582801484	1.80106599142248	-0.091260888102019	0.453031314211091	0.694112108934304	0.989845460207776	0.698234565434565	0.987044130348752
PF02230.19	-2.30553937968739	-0.963238927898727	-3.14805979903289	2.17616290435574	4.00111851207095	-0.44425594013945	0.273817465548373	0.307656968036161	0.745498531709361	0.290984215784216	0.736033531996327
PF07408.14	-2.46737512749107	-0.997369658016058	-3.20730967121605	2.15284639940088	4.2573445633874	-0.433362703333769	0.286000009703439	0.327578186838226	0.790355642387798	0.310996603396603	0.780572932313811
PF14542.9	-2.24105462541801	-1.50199814636863	-2.64812940106277	1.19407199577193	4.21758007919904	-0.246432493854872	0.377333338167504	0.483005139174408	0.899714123638619	0.51172947052947	0.914913843719331
PF01379.23	0.900309271200713	0.970383726532588	0.870483219514426	0.109327184372751	2.23514348113231	-0.0375309958047049	0.47368421150238	0.721511411135015	0.986074282247167	0.773091308691309	0.980475859559565
PF03900.18	-1.80449140284058	-0.988255252288547	-2.20102615416727	1.3754126693132	4.14359035386183	-0.291227753404491	0.353764163143399	0.468580144919577	0.880773643683251	0.455799400599401	0.88491791050094
PF05650.14	-2.31075970541783	-1.66116569343158	-2.72946399777962	1.13067657958193	4.54461582617981	-0.21854807029835	0.393071289954061	0.541182241163754	0.928784957191197	0.563509290709291	0.942011915444167
PF13521.9	-1.89068759379815	-1.42596885592909	-2.12566106786117	0.77529278161515	3.94034669152416	-0.19045851481788	0.405729517272928	0.579886545642363	0.928945666098436	0.571757842157842	0.931937549749719
PF02624.19	-2.39913812391159	-1.44491624280754	-2.92686294299741	1.47223864583881	4.41315913758303	-0.300310370016107	0.350433050712716	0.469158832474859	0.880459017108412	0.465706293706294	0.879479367623519
PF03963.17	3.86322616753669	4.82088292894943	3.25446800210054	1.73289863905815	1.30080568727512	-1.27771484100917	0.0553334121000818	0.00419504295067377	0.187279878662098	0.00510529470529471	0.177959499670712
PF13861.9	-1.27978517447464	0.495665164369089	-2.46050904453899	2.70981491606954	3.52076235897468	-0.686124781710266	0.174000021002175	0.14285433351813	0.568300621806622	0.096985014985015	0.521374570472417
PF17967.4	-2.25277319416008	-1.49780922396675	-2.72994310264194	1.37610459840278	4.04278143648268	-0.291783653979819	0.359760165523463	0.469198296673592	0.877514386094878	0.471235964035964	0.882800820501279
PF11852.11	-0.130853586285299	-1.53898721868023	0.552994050571862	-1.99099368718182	3.88024908378338	0.433885108337026	0.272000010661313	0.322227606286878	0.923963312852592	0.213247552447552	0.692856894825642
PF12508.11	-1.16802961131465	-1.46121222409017	-1.00057993768641	-0.368866936014425	4.12768608262414	0.0864137515005692	0.455696204183309	0.70950960906701	0.983618106816166	0.667988011988012	0.941928143741546
PF10117.12	-2.14964927217712	-0.950626853899744	-2.79828034550736	1.93223516897944	4.23793838702341	-0.404996348260476	0.29913391958556	0.355980327864828	0.80737906259692	0.337521278721279	0.810352131236081
PF07689.15	-2.04954144976676	-1.48550655128382	-2.43054266279979	0.904954116689284	4.16381604183333	-0.183971987049996	0.400399737347201	0.553510887341834	0.918261211188778	0.568488311688312	0.935002746076029
PF03382.17	0.0405245062000805	-0.645867121049903	0.299799336758533	-0.883615774360458	3.57213600644697	0.198142983234511	0.383077952609488	0.527550183376581	0.986775050128604	0.500150649350649	0.914009102300953
PF17883.4	-2.28511215431572	-0.548043023421823	-3.09315794421801	2.8393888433361	5.07122158282922	-0.517798419364716	0.255163236429263	0.234365010628132	0.734372355259297	0.243665134865135	0.709883286876824
PF01935.20	1.03243239928126	-0.204016476370048	1.87409431797744	-1.87469875432736	3.04259573884515	0.585642107351228	0.215189889012032	0.152313924277246	0.870392466909895	0.12049030969031	0.560057688181403
PF13542.9	0.0549443130162013	-1.44350651417301	0.613403255272506	-1.79643051505095	3.31151017486831	0.481706950092266	0.244666679459601	0.260928892281325	0.885250097337215	0.197975624375624	0.597064464561791
PF13719.9	-2.34916339635609	-1.49340311594228	-2.81898874563434	1.36999285129757	4.2048313379402	-0.277551193624798	0.354000005911439	0.459890740277883	0.882178969206048	0.455164435564436	0.883795344264404
PF11906.11	-2.36991712171382	-1.45234722721133	-2.88853482293406	1.52632383995202	4.23857628040054	-0.293844695734592	0.351765495684751	0.467479470905114	0.870917336720315	0.455194805194805	0.86648717281343
PF13814.9	-2.14896711196963	-1.51285742246002	-2.46857081567312	1.08415404086592	4.05735523863787	-0.2225280482554	0.383077952609488	0.514853596257464	0.901682434612836	0.518967032967033	0.903009101615581
PF10396.12	0.781776907545309	-0.057922096764262	1.20513454808842	-0.964300707245034	3.50826949010793	0.238353124135429	0.355096608116218	0.534429780488173	0.987000958889688	0.415348251748252	0.881916199578866
PF12631.10	0.748444038213109	-0.146298935386723	1.18643702540621	-0.962837478696252	3.54517536782703	0.250647199401749	0.351765495684751	0.518068378604668	0.985769445406739	0.398003196803197	0.878638902555387
PF01274.25	-2.28864576816546	-1.43473543185273	-2.76007694471282	1.32000879925243	4.0805251362988	-0.262098016785048	0.356000005815711	0.456827401166718	0.859600732551115	0.448913886113886	0.860192923446448
PF10011.12	-2.37021585362029	-1.49276990596663	-2.8235692948699	1.29352639924599	4.31182723195663	-0.262973500833187	0.363333338803763	0.497447368001621	0.897331234439118	0.497096503496503	0.895634469744898
PF02275.21	1.34128945006974	-0.0115705995944895	1.85693328664331	-2.01692281310848	2.52920131186603	0.67806672982973	0.173333354442363	0.0935354810521797	0.783284589312348	0.0663608391608392	0.380436623196513
PF09822.12	0.727960713629394	-1.51074857765117	1.58755685764667	-3.06770247212853	2.97538609864069	0.898357233535884	0.125249865072792	0.05581630958641	0.65787382725809	0.0285482517482518	0.232974202394961
PF03992.19	-1.16590748272075	-1.48703666597199	-0.956098866856684	-0.326114309864741	3.84158369038611	0.073274266095118	0.461333334774048	0.719332845759021	0.985701809768628	0.667476123876124	0.942207777735117
PF01008.20	0.109326637491074	0.428774027263517	0.0141521648866734	0.374199657253484	2.76637168496056	-0.103961565865953	0.441039309340154	0.760825783232214	0.979077498142213	0.676384415584416	0.970664474303078
PF07136.14	0.883312828070714	0.0571134250100069	1.1281299766828	-1.15025884537133	2.94638069505607	0.350245743974473	0.340000006601966	0.294834877634953	0.967580276476292	0.330422377622378	0.83794819165238
PF04536.17	1.56005616448611	1.64373926108137	1.49216208095835	0.0721405314536376	2.06219470184795	-0.0299835672569254	0.48301132641191	0.791757293233252	0.993998061333729	0.805512887112887	0.991059818073238
PF14253.9	-0.737809980194833	-1.4422600509187	-0.26907168690531	-0.807860360938609	4.03931927828681	0.175205508461507	0.399733514856683	0.603464264810467	0.980765306463055	0.535197602397602	0.91022385697132
PF01226.20	0.241974088722452	-0.368126632157844	0.510012246486922	-0.820406156768994	3.09475437755339	0.222512513053663	0.370000005163893	0.47292780159083	0.970821610829283	0.441793006993007	0.853328459317074
PF13612.9	1.25294002353968	-0.562095835079528	2.04197951176477	-2.67361456698468	3.31118208093111	0.693702866403938	0.172666687883334	0.122210060300235	0.804701220457951	0.0467692307692308	0.366528322841762
PF08028.14	-2.36647228296159	-0.985944993272111	-3.14329134272541	2.12668726831743	4.0783827555772	-0.456451067785061	0.288474359962378	0.325247125311335	0.770401641880529	0.298515084915085	0.759656519044971
PF07510.14	0.34865850090046	-1.01930197835571	0.950444421687101	-1.97717284312208	3.05083531274683	0.584759865623607	0.232000013927131	0.165774380651422	0.840323183902459	0.146647352647353	0.548962571904159
PF14088.9	-0.105963656441355	0.64484594638037	-0.439895656892693	1.26322625616371	3.30890655048646	-0.298306957354392	0.329333340487885	0.443725695227266	0.909438282156469	0.378162637362637	0.888821019056196
PF01161.23	0.977548328248961	0.892581594818012	1.0312634858819	-0.321771818923401	2.58340871403621	0.102640594474664	0.43970686435495	0.590159218546117	0.996165459653702	0.647863736263736	0.969419839622406
PF07722.16	1.25387967826776	1.66767012824884	1.09090063627862	0.415052362408666	2.0728447107729	-0.150257028878861	0.413724187166488	0.800576282513841	0.977697726773207	0.602543456543457	0.962541419722387
PF03704.20	-0.523368694568066	-0.00349001233262758	-0.7913065077631	0.801510204175757	3.35466000899439	-0.191488064326623	0.388666671005231	0.552063381264626	0.934058502643797	0.533717082917083	0.939119221622723
PF00931.25	-1.6601656660825	-0.501028219060904	-2.29545450028534	1.74291367704163	4.01554173331954	-0.373118350708962	0.307794811806282	0.358953366847682	0.822219405098817	0.332462337662338	0.815943241431183
PF14525.9	-2.33584826831635	-1.48037564865467	-2.76834415593922	1.28370007725917	4.05732498962321	-0.268249919300767	0.356000005815711	0.46765491045544	0.866747170004907	0.465213186813187	0.872132612834561
PF18655.4	-1.52023925662285	-0.935003684678721	-1.82670420790787	1.00953528851753	3.88791996196995	-0.212103057689151	0.382000004628139	0.54723735099283	0.920899865291731	0.545471728271728	0.922646621979475
PF17936.4	-1.16591477999392	-0.983110605765328	-1.24214168110087	0.172728814941006	4.54801752123714	-0.0305311813631023	0.48434377139911	0.776929674612575	0.990029090440671	0.767988411588412	0.986575164384579
PF05616.16	-1.56910776142056	-1.02448747178459	-1.85683165255265	0.916631397164973	4.05978824667341	-0.185918388243691	0.406666670248255	0.567915530533118	0.929506531226725	0.554664135864136	0.930575423010526
PF05168.17	0.292545957430991	-0.194962128967763	0.536239843098699	-0.534026737752854	3.41849145320198	0.132685132297953	0.414390409657871	0.612096704663222	0.991347170435811	0.551540459540459	0.934031014752745
PF13534.9	2.54522193393825	3.21856900042524	2.23486697688149	0.921867898799476	1.43415777393523	-0.428753011648824	0.265156573436765	0.641287915591873	0.964975285850028	0.214640559440559	0.832216153786666
PF04041.16	2.13933112564064	0.801786684047824	2.5350597259587	-1.81490665326086	1.99371888705023	0.772004114566202	0.140000027685467	0.0712632700153039	0.738717278745462	0.0374761238761239	0.279054245241059
PF14293.9	-1.15448773042231	-1.05846782688107	-1.21055729407065	0.0510461308298726	4.16304411080582	-0.0129511372988615	0.491672218829097	0.704270312524867	0.972291823617927	0.774855544455544	0.983136275871097
PF12696.10	1.12638210262897	0.564336616462644	1.51961926556013	-1.08657173802271	2.73275124353879	0.345276504210362	0.314666674624175	0.322700510512997	0.961817680011336	0.300707292707293	0.828386817729719
PF08842.13	1.31252322592656	-0.428607379082634	1.99492980864511	-2.35003209066269	2.59311785578336	0.810201110360345	0.147333359326548	0.0726137905113852	0.721724917363561	0.0415312687312688	0.289540410979991
PF16249.8	-1.19224060473266	-1.53214316496003	-0.916571656152416	-1.01701087216553	4.9428138682081	0.18608420088264	0.419720189590245	0.602217972466407	0.986395972446217	0.572962637362637	0.941319162825412
PF12988.10	-1.96911643305372	-1.50068107752623	-2.30119594037224	0.775784724059189	4.1161114467116	-0.155760419906239	0.411333336723907	0.560196462664355	0.920321571286659	0.591804595404595	0.931693644534388
PF13720.9	0.618143532142148	0.0040111850725788	0.905378199808234	-1.12072874532191	2.94080788090115	0.321834910660426	0.331778821140233	0.330766986823695	0.956835479912269	0.349927672327672	0.816138164010995
PF11297.11	-1.89040727341973	-1.44393413272487	-2.18073254573046	0.856016507835747	3.9486057129335	-0.188959105818956	0.404666670330733	0.578387407165297	0.926793733433354	0.597785414585415	0.932140279769286
PF11387.11	-0.808514047383398	-0.968854772368487	-0.729345261877315	-0.0989722829884387	3.79770345556676	0.0191620792642354	0.49100599633544	0.73214610321728	0.986222262471593	0.730592607392607	0.962224932441661
PF06245.14	2.17125659397	2.32404440708666	2.09307654323018	0.1302103297543	1.45356594139939	-0.0777475065408056	0.458361094155813	0.791556225664262	0.980364908109027	0.741224375624376	0.982065476997624
PF05685.15	2.11853956964641	2.21463659353701	2.06537397194911	-0.217603724598754	2.20510285342884	0.0724237467402547	0.462666668057134	0.608356492202667	0.998484072869118	0.718606993006993	0.990940592988265
PF08242.15	-0.350519264391816	-1.41705805480858	0.181763162090409	-1.33328033092344	3.8203123500753	0.297108267145128	0.333111266107309	0.49164536729278	0.965285626794432	0.371274325674326	0.836536846462884
PF08341.14	2.13586337773954	-0.0854846402512752	4.03729922159825	-3.9604489270673	2.8137954801344	1.39476176557407	0.0433334353306623	0.0105316709427193	0.350484466149559	0.0021706293706294	0.0598205335132588
PF13727.9	2.65895046825829	2.39112051667743	2.74706273208083	-0.278728944255144	1.32857663248804	0.190278109081792	0.413333336642635	0.59476193837017	0.992945042636551	0.562361238761239	0.953750667772835
PF17132.7	-0.0997885732167969	-0.948439948308428	0.305203367724514	-1.21032099284245	3.47360568590276	0.288639198606549	0.349333339470879	0.423159753343993	0.963066120931196	0.384463936063936	0.830163208241492
PF08668.15	2.86330430555395	2.7000092850327	2.9951965449345	-0.444431687688891	1.51474648839251	0.260425769898475	0.371085947812638	0.421294481569431	0.988981129685006	0.440723676323676	0.927746686012184
PF13572.9	-1.88658369498317	-1.54260651411142	-2.11658144690584	0.59971142439734	4.14942501609456	-0.122233894454134	0.441039309340154	0.620481513717895	0.943585024969119	0.648615384615385	0.94890809716592
PF14464.9	-2.06815168280477	-1.4630785783545	-2.44330860492761	1.08853556378226	4.1352542526984	-0.223691112640695	0.382411730120278	0.500587948896053	0.899573958697298	0.52203996003996	0.908657794250937
PF00805.25	-1.72223682228317	-1.45523393868549	-1.91234573073558	0.372211760937879	4.48375573343866	-0.0716340795255149	0.465333334623486	0.706962573209425	0.972181907211644	0.720742857142857	0.979210634516678
PF17655.4	-2.34445993430213	-1.53193094976991	-2.7555072388317	1.30459484099559	4.2105546250512	-0.26594074396679	0.365089945421798	0.485444442887468	0.879602152408679	0.483076923076923	0.872609794130512
PF03160.17	3.35579445368783	3.98725434699945	3.14626856552835	0.842101101271592	1.50546736181626	-0.503759671972741	0.290473027388758	0.257606094741205	0.884977297521226	0.253346253746254	0.871718023172356
PF12799.10	-0.423214355418837	1.58820867142103	-1.27642817536732	2.47904149164419	5.13171759558655	-0.436983892107259	0.304000008577276	0.317817411259534	0.875002433334147	0.29802957042957	0.891779390908255
PF13855.9	-0.985235373726811	-0.961098028899728	-1.00603398825352	-0.0222857223563873	4.92907135825568	0.00276274746225207	0.498334443765803	0.80482250291028	0.994778819250571	0.789729070929071	0.993109926501855
PF13308.9	-0.406336209715381	1.6526309627256	-1.47057317606544	2.87460386292519	3.57020738117215	-0.724345657057058	0.176548987928337	0.133765866189347	0.589022372764195	0.0853230769230769	0.542602006507267
PF02668.19	-2.19297318515944	-0.942921156393866	-2.84318238300293	1.93326569117432	4.19116024706621	-0.409120537717154	0.289806804913141	0.352748935442471	0.799645582205487	0.328892707292707	0.79193824559541
PF05226.14	-0.150704293146291	-1.00424872905686	0.336424858259464	-1.25003513176599	3.81680873585421	0.280900912993333	0.347101938284043	0.459459511278894	0.968827301211824	0.38325034965035	0.858232714971928
PF02571.17	0.224008286172454	0.580121980821012	-0.0189732590387406	0.441530261087057	2.89511251498944	-0.121142075948913	0.42238507955727	0.685990081983119	0.975525513708744	0.653164435564435	0.973608555006631
PF12894.10	-1.22379091008417	-1.07031171952723	-1.28969534256707	0.452818505635272	3.81947813491643	-0.100226593974047	0.446666668664708	0.682790030275765	0.961709522664833	0.679627972027972	0.960345003416784
PF00962.25	-0.0601249098885122	0.155429478551562	-0.213928779083679	0.514761225962318	3.74999573942056	-0.113907366129161	0.440666668895584	0.687752072681449	0.98247932130082	0.700395604395604	0.988334561996983
PF19305.2	-2.34045596787799	-1.36841943803777	-2.9119973656111	1.43823891757571	4.30927264892549	-0.289928711627395	0.345103270827835	0.434364673759234	0.867292749413251	0.429422577422577	0.867157695386964
PF02452.20	2.23144529899947	0.030572543348768	2.7741315037668	-2.56025756387124	2.82783695547125	0.782321470874023	0.141905423595621	0.0673535416575826	0.759091364452197	0.0326465534465535	0.276051990074492
PF08239.14	5.88980107573314	6.17346136606876	5.73188896027909	0.623742716406567	1.0949889442479	-0.533695713315601	0.301798809497187	0.18888618125011	0.901060656035761	0.248959040959041	0.933088534193048
PF00075.27	0.975296700961645	1.24301008622589	0.836856801334934	0.303417051243364	2.36412094248854	-0.0961068146248242	0.448666668588154	0.782079580901403	0.987493689096385	0.70272007992008	0.981343555159481
PF14516.9	1.64008362253627	1.00204376863314	1.99336033717262	-0.871889657118259	2.43452349101442	0.292029673487299	0.335333340174044	0.545319486268022	0.98553443381546	0.331725474525475	0.854369914013992
PF04285.15	-1.63301571004709	-0.834638495636294	-2.18901384579616	1.05627895697203	5.46177316527612	-0.183576340244184	0.414666669921978	0.597253366335847	0.97126662518364	0.620362437562438	0.980576555167029
PF01523.19	-0.722846535829927	-0.977858383700826	-0.533822676831051	-0.29061337637387	4.29677409550378	0.0626403548569899	0.466000001265109	0.741543828795299	0.993528479265542	0.695153246753247	0.972675188159443
PF19290.2	0.0294343479056636	0.0403555532412181	0.0247175220954388	0.0459144440003243	4.00001663424673	-0.00691308820166147	0.495669553791098	0.761209589275253	0.993801839787285	0.822593806193806	0.995599268394205
PF19289.2	1.04429599345733	0.0675908684819051	1.39616025742312	-1.5667775205742	2.79784860251961	0.486106218662697	0.272666677280535	0.177754192364591	0.896146515553843	0.19091028971029	0.662533008796545
PF03321.16	1.02894306275276	0.37904238265467	1.3033693904302	-1.00833571771874	2.56995915475415	0.321265555385806	0.338000006703729	0.321831540139855	0.966148363082564	0.352535864135864	0.822089915784867
PF04025.15	-0.199169621280221	0.164269187152136	-0.334855285503284	0.45477602598699	2.97898139197289	-0.117133710652	0.437041974384842	0.753980859254206	0.966092913192409	0.677415784215784	0.957959679527208
PF04012.15	-1.70376526184211	-0.975370232518392	-2.17334930576878	1.16538549779418	4.15591881031214	-0.241242582462945	0.373084615277418	0.514082562690345	0.906247980376098	0.50650989010989	0.911101546554766
PF03601.17	1.26020250727011	2.49380489858163	0.381131989332213	2.17960026721727	2.12695002282264	-0.931196924436757	0.122584975818035	0.0355025544549893	0.395711345204375	0.033381018981019	0.362246480372996
PF00627.34	-1.26179665890357	-0.875065509547793	-1.56808024539359	0.28688436151046	4.63767215747068	-0.0457106690213169	0.478666667458231	0.700820978175963	0.983924503335304	0.779472127872128	0.991583907913958
PF19238.2	1.04054925007445	1.99822746534456	0.623308849574712	1.31793698336672	2.1629072379209	-0.469354660496532	0.245169899475198	0.360233495523732	0.856306226025118	0.192883516483516	0.768410390666741
PF04459.15	1.05662251936171	1.99835337922227	0.646939393186722	1.2601984214331	2.18996321706775	-0.462513160037092	0.249833456713348	0.34234922582717	0.837569443751952	0.201871728271728	0.756494885283524
PF00883.24	-1.94869098145944	-0.295189230663424	-2.90719804142832	2.5030419278451	4.04250673603703	-0.539813104681403	0.237841452413626	0.254189048360735	0.722473047629802	0.221640759240759	0.707202225732852
PF14697.9	0.523936549102271	2.3435959861675	0.000691982527071033	2.23105321321018	2.22034800729583	-0.832398081708834	0.190539658793144	0.180531314700068	0.638222549442104	0.100455544455544	0.580161974166605
PF13509.9	1.87710737226554	2.72794949974514	1.37715864273141	1.15966938277473	1.76666632851268	-0.506932842437279	0.260493016160361	0.424878705880059	0.872647304608504	0.18268971028971	0.790457837862801
PF17783.4	1.07532645852205	1.7145123252888	0.709196540297667	0.917761137941508	1.95858058600192	-0.407021424195305	0.302666675323749	0.446988113184102	0.884034780867507	0.328928671328671	0.874654930256424
PF01991.21	2.23353774001519	2.57643780070098	1.89258286761096	0.649059129050656	1.50274970217884	-0.381961122926374	0.321785483900142	0.352933883574119	0.873965808372044	0.381980819180819	0.896953933456838
PF01990.20	1.14118864183922	1.44020620620741	0.95535636120053	0.604938578342963	3.09742832955108	-0.164845630661672	0.403064627309717	0.596372464150258	0.979628240883456	0.583667532467532	0.974697752962812
PF09084.14	2.20206646403522	5.59109171547301	1.28230273196728	4.30489409516509	1.54064454749221	-2.71964152208021	0.00133676857876842	8.42056377833422e-05	0.0322185623961931	0.000509090909090909	0.0915640894792187
PF13354.9	-1.07533822683899	-1.55910732787085	-0.766927884826005	-0.592150872796231	3.9353498693465	0.124705726326574	0.429047304477111	0.645497771324808	0.985926837742144	0.596467932067932	0.926384291469578
PF02580.19	-0.34867669558369	-0.46540987886756	-0.244327344895736	-0.0767938225422942	4.00621411863044	0.017143182016	0.490666667012466	0.770358390372377	0.990756447348275	0.74381018981019	0.980253938274863
PF00699.23	0.817666438751155	-0.790365726786157	1.60146536764871	-2.42845020947908	3.02523709949769	0.763296119119924	0.163890762187886	0.0789522858867339	0.741520387618848	0.0569926073926074	0.36075265253485
PF02293.18	0.29627264279292	-1.46598135771821	1.42937749816352	-2.72575147458446	3.86103408296611	0.651645848450117	0.206000016643155	0.172401870344266	0.82971629810339	0.0866917082917083	0.484677822024087
PF03618.17	-2.13179313063274	-1.48852057180479	-2.51648468932845	1.14422454162891	3.98723610696369	-0.249686817228846	0.368421057860494	0.496600474283719	0.888239213279951	0.49441958041958	0.887091618439973
PF08274.15	-2.01249753972458	-1.51935274012146	-2.33308581193398	0.927440646631768	4.1596334250919	-0.195272848306082	0.403064627309717	0.554198261859944	0.925583772043531	0.574018381618382	0.932231701169431
PF03831.17	-2.04557157546007	-1.41985606289389	-2.43692553374048	1.04448924701709	4.31898337025362	-0.194063173083402	0.398666670580509	0.526613586809057	0.919819757823398	0.544562237762238	0.930280509591769
PF13370.9	-0.868669235488484	-1.50989738184787	-0.54744243428385	-0.829620102590047	3.6730615492407	0.183581040553815	0.404000003691644	0.561336399922945	0.9821129018832	0.521010589410589	0.895823045378554
PF03418.17	-0.203396895498343	-0.481567997391309	-0.104462241616263	-0.346252202254911	3.04181544192919	0.095071037890451	0.451032646732127	0.616253211105546	0.989530371377721	0.644035964035964	0.948013261766801
PF07561.14	0.94523850165162	0.621036390628002	1.12751897010076	-1.08374522131237	3.13316100785128	0.291183119467991	0.349766828226818	0.435663020119231	0.983429177790746	0.411486513486513	0.90487922139702
PF13399.9	-1.83147511226776	-0.951124325023974	-2.41893633880122	1.52813478101518	4.22528185551956	-0.297944050403206	0.351099273198694	0.440855857855693	0.862728468901484	0.44244995004995	0.875691090959834
PF19864.2	1.41811644681037	1.69803268807903	1.32106974140352	0.358965624523131	1.67729582785622	-0.152582479310915	0.414666669921978	0.790660033170719	0.985106552326623	0.618593406593407	0.963556514677435
PF02056.19	0.836257517535302	-0.933331857699416	1.34417007697036	-2.24090649382371	2.65635909819348	0.741946579930087	0.176548987928337	0.100789545838644	0.784390141364577	0.0799200799200799	0.385966577533496
PF11975.11	0.858313429659041	-1.01054699285113	1.3743947378712	-2.34250145151599	2.75329050496352	0.744547836917979	0.162666689598472	0.0928971990771654	0.76802336849477	0.0716455544455545	0.360436646165751
PF12800.10	0.528246748021068	0.195925805100996	0.62825841369497	-0.53087310286344	3.18891492374621	0.140863581596384	0.431045971953661	0.540703134628347	0.996037534383129	0.629551248751249	0.970005550858487
PF12795.10	-2.38800277671544	-1.54007299561528	-2.80570283831723	1.38547951384936	4.18062875505576	-0.280507147438545	0.35443038562977	0.46058163297493	0.875125581434242	0.460130669330669	0.876623398316715
PF14286.9	1.31198926310942	0.645804527083285	1.53091398975849	-0.777034113140323	2.0848734193164	0.298125469222983	0.331112598656842	0.327119590217252	0.969563021816769	0.359420579420579	0.823437532899613
PF06445.18	2.54589518793756	2.5944892499146	2.52041795955344	-0.0986087901046382	1.74794959537584	0.0381501918979424	0.474000000965574	0.61587953355897	0.999634653267623	0.759471728271728	0.993858695109656
PF09594.13	-2.29011366061595	-1.48670769992258	-2.79562071968628	1.37097708037374	4.0263920405917	-0.299841605528593	0.35443038562977	0.459730348790815	0.8582115683615	0.447623176823177	0.861044094859567
PF00079.23	0.304124395144263	0.097042938746811	0.383734419250889	-0.0661920688648712	3.68572762556497	0.012015080816653	0.49266666693833	0.731452264146739	0.994437326356101	0.762503496503496	0.989709468122684
PF02514.19	-1.65718015248534	-0.505099756442053	-2.38104406571972	1.75362664332433	4.40606487762482	-0.37107202128125	0.319333341029517	0.35252530315905	0.83763367236179	0.361956043956044	0.859910429175983
PF01936.21	0.741670347125473	0.702180994136502	0.753854019523372	0.200820128507506	3.06328887034096	-0.0512547239258013	0.467021986568215	0.774254590826238	0.991307578520914	0.758348451548452	0.990130814533594
PF12872.10	1.21084298497517	1.13379296874241	1.23226135320944	0.0304755630613274	3.30525289053532	-0.00842674748197571	0.495669553791098	0.787204001021088	0.994688875587852	0.826412787212787	0.992019326990754
PF05651.16	-1.87168263884111	-0.988480059473702	-2.32790701524988	1.5119335209432	4.1029683609872	-0.325339987457493	0.329113931207269	0.428259783574155	0.851996107900978	0.409518081918082	0.85250980388415
PF01343.21	1.91962231414926	2.05633279080964	1.87035451042464	-0.0611382506837508	2.4832970025718	0.0197807465795181	0.48733333380277	0.552344230077072	0.999828594253796	0.799087312687313	0.995255956405785
PF11941.11	0.622561716378518	0.940206543161202	0.480903225875888	0.468009350053674	2.57683923349431	-0.138760391773535	0.416666669841269	0.685948289038317	0.967485093188964	0.615517682317682	0.958452572492156
PF01661.24	0.35586630174177	1.77888092186636	-0.366299355265641	2.0843711034438	2.8840150229826	-0.636252279006158	0.195203215808582	0.161907079479255	0.665017776817615	0.108629370629371	0.603031361228397
PF13384.9	-0.144720695755	-0.875306623927812	0.126131263829822	-0.990671116878988	2.94618479971081	0.270574415778966	0.356000005815711	0.455045422308963	0.954886240467449	0.441228771228771	0.819004983527344
PF13189.9	3.18683111433418	3.44599364632749	2.92952650086966	0.325756817635211	1.52654129837577	-0.201081114639395	0.416000003201469	0.558686679692527	0.980528846165794	0.621593606393606	0.994006782017089
PF13349.9	1.18849830390452	-0.303353723921479	1.62479499390137	-1.89993682604488	2.61641949925888	0.630689162899235	0.207195219680608	0.13576727417714	0.852513590222419	0.10864975024975	0.493539433726184
PF02306.18	-2.32763598199605	-1.55100391168803	-2.87956386237206	1.20364286662825	4.40482057240227	-0.242434117034426	0.370000005163893	0.475305532220196	0.879120826186293	0.490214985014985	0.889765190486418
PF04140.17	-2.36515912768998	-1.51993189608369	-2.85216711282905	1.39759824499397	4.21101865860055	-0.283514311276283	0.357095275576019	0.478580992036976	0.887987182388129	0.476656943056943	0.894433072124128
PF01206.20	-1.84490325258935	-0.423219545937751	-2.74810997947409	2.22491152754272	4.07895494977757	-0.458259128663135	0.26866667756814	0.290344652048462	0.761481971370665	0.256534265734266	0.763099548111131
PF05840.16	-1.60000728801687	-1.62024368061656	-1.5866953629809	0.0983555171034398	4.14035215194315	-0.0183254127897833	0.485333333877011	0.71692876566718	0.971545850228579	0.751023776223776	0.969383430011247
PF11845.11	-2.33990426810368	-1.52358386326337	-2.85804412383328	1.39203618180131	4.10196430953888	-0.306050419667889	0.347768160769613	0.440985541601731	0.859429264932734	0.446476323676324	0.855837766489558
PF11997.11	-0.682851228865045	-0.0548207168671313	-1.17781423021093	1.08436566236211	4.03274993652145	-0.236588905588178	0.381745507631124	0.509519223246488	0.937717883849843	0.552712487512487	0.961624414406095
PF17995.4	1.52969123921623	1.29722563524126	1.6401740985671	-0.313191871911778	2.50381069773319	0.11382462885547	0.439040641862385	0.599306871825507	0.995588393427705	0.642581018981019	0.96797517608296
PF18080.4	0.373528271484621	-1.02379632013232	0.955109708904655	-2.07754928913592	3.35732700758722	0.537048485789636	0.242000013023006	0.167197921834913	0.85550193768926	0.172188611388611	0.609531026096467
PF12905.10	0.376157725071409	-1.00264001812826	1.01506482713215	-2.08625079417281	3.51990024812863	0.525574051316585	0.240506342250232	0.172556827554149	0.865309811062295	0.171506893106893	0.608821693515461
PF17451.5	0.406921487005985	-0.926513769491515	0.954493273417701	-1.99002554094694	3.48907601344315	0.534967852780321	0.248000012511435	0.188013931161345	0.860714077540981	0.2	0.630060032510205
PF17974.4	0.408978741282263	-0.986005050362563	0.9843607484185	-1.95634327989169	3.49418490270601	0.502265711855373	0.244000012850039	0.177776637802818	0.869653647625466	0.179001398601399	0.615757666926582
PF06430.15	-2.4270668010567	-0.994838175748478	-3.23487882699693	2.19068124561636	4.23350102075722	-0.470515969988426	0.273817465548373	0.298829333957614	0.780543909277372	0.288481518481518	0.76065402490692
PF13689.9	-2.32800655501795	-1.50300287412269	-2.84055033622347	1.40906050454326	4.3219886514868	-0.272473837025992	0.359333338991004	0.484437853963012	0.87855946978346	0.486056343656344	0.883138599473284
PF05150.15	-2.375598825435	-1.52639797525492	-2.8908849077384	1.40431199677427	4.24296370269231	-0.279705537095323	0.347333339568994	0.474883686136013	0.878988203559343	0.467395404595405	0.884815613968075
PF02599.19	2.63622688954502	3.16129783126735	2.36833857171006	0.932036376296853	1.48117086479895	-0.581466114209793	0.239840119790646	0.153490713275823	0.704210372208175	0.197832967032967	0.708430919906859
PF00553.22	-1.66394891623816	-1.39502139444358	-1.78410839179897	0.471909254615317	3.86260439680967	-0.102667636261126	0.444370421803586	0.630339877420124	0.949872072021467	0.65255024975025	0.953880847317887
PF05991.14	1.91556613907794	2.15777066608125	1.81327308868253	0.357228734580495	1.42970037637981	-0.214700434678509	0.401065959837764	0.584166235422422	0.948978344368971	0.554468331668332	0.943484179947877
PF00636.29	-0.0926535604612626	-0.480816591971328	0.0403669852037893	-0.390433399624786	3.03275787433707	0.102622199957863	0.442666668818415	0.560847638598115	0.989991509270676	0.628334465534465	0.946576952151756
PF02542.19	0.00849147880725631	-0.983341831669511	0.340726906887429	-1.25401481025895	2.87648249907844	0.367763083697121	0.309127256765295	0.298751182753366	0.931543822810865	0.314619380619381	0.754446225931441
PF14584.9	0.163364351764814	0.616049197891558	-0.14359751032281	0.843465511696101	3.07652806231161	-0.224151358945924	0.358427720549594	0.484851953932598	0.922419332378337	0.488064335664336	0.928334056236872
PF03417.19	-1.31234308790053	-1.40338689473106	-1.24876579325638	-0.020960713888388	3.99410713789641	0.00538132111390583	0.496335776284772	0.744322234298291	0.975373291967302	0.725206393606394	0.960444568938619
PF12116.11	-1.33351734438483	-0.992519776340222	-1.49650105105537	0.665618394487406	3.66204981961714	-0.157255402467128	0.425716192016797	0.626206737425992	0.940484414305924	0.625756643356643	0.936648581540039
PF02049.21	0.797355029800062	0.800919948407858	0.796089021403493	-0.0277870683121266	3.09193079790776	0.00554168745682092	0.494000000222254	0.761517229902508	0.993085330958904	0.801552447552447	0.992758355982269
PF01514.20	3.79166411353009	4.36254389766677	3.51747201251833	0.880292699238339	0.912115530574944	-0.901986853973954	0.133333362713645	0.0405411596955877	0.421803952211244	0.050177022977023	0.42771109336342
PF08345.14	3.76780695628406	4.3316062376065	3.50069457661155	0.860601647801229	0.900580779425366	-0.88189170436619	0.145333359771677	0.0431793382885639	0.424867668431009	0.0546357642357642	0.436443093715012
PF02108.19	2.8722923954435	3.82775811360305	2.39105542909113	1.34499999542488	1.21022144814922	-1.02797989374194	0.148666692369559	0.0404065480566104	0.42404151636087	0.043996003996004	0.444369498259394
PF02050.19	1.34667561374066	2.13665137067732	0.643553189600278	1.56383816983747	2.50849250725085	-0.550769227560632	0.208527664564848	0.0932975427239144	0.637209326803857	0.110738861138861	0.619556137732689
PF02120.19	5.32182397648678	6.33164968991991	4.92246739515483	1.57395748915865	1.60678482438187	-1.00528588740328	0.112591641450156	0.0106258438442413	0.293424518933634	0.016437962037962	0.323766241882795
PF12611.11	2.69393346008697	3.61953436963844	2.19527336169742	1.57711478920084	1.46052806043995	-1.02647193140771	0.102598307733082	0.0291709112893625	0.370034153736741	0.0273934065934066	0.321022083943789
PF20560.1	1.54724771843472	1.66986479346286	1.48127139853581	0.228188572934356	2.68431685354243	-0.0665385841778542	0.456362426676409	0.710136866630489	0.990465815149322	0.73444955044955	0.987559978554708
PF13677.9	3.51990380589235	3.96238597322551	3.30263226666165	0.641282656239007	1.2325360854559	-0.48974085743722	0.270000010804815	0.267669988074122	0.850951260199208	0.237442557442557	0.844970352409307
PF02154.18	4.02161789853928	3.80865676511781	4.11114810379543	-0.276014522122234	1.00814275106818	0.243083607979938	0.374000004983114	0.517134776940331	0.991591429633629	0.440791608391608	0.903955664330843
PF04347.16	2.62327843987403	3.23313887571644	2.37109447454762	0.853593542817752	1.57997535636331	-0.46233578974108	0.263333344629637	0.264055694829216	0.827052787863574	0.214473126873127	0.805086999611396
PF00813.23	2.61072647034862	2.63869068061437	2.56870554923379	-0.14360266542886	1.94069669336209	0.0539299762231606	0.468354431554951	0.62625225488091	0.999764124026012	0.755142057942058	0.99440724969001
PF01313.22	0.532219888019648	0.553494098229993	0.523405229110685	-0.117892467656494	3.28545356907596	0.0316823981269481	0.480346436437592	0.793976708401766	0.995448673032837	0.780578221778222	0.994315851833072
PF03975.16	1.89357564639518	2.3517366277996	1.67221123999885	0.706328866759342	1.51302979669807	-0.393619510011049	0.310666674852809	0.340171619744172	0.842193869855592	0.317196403596404	0.835688410174384
PF02623.18	3.48238263916174	4.66350535286446	2.22087659699983	2.46101036610678	1.48814207405359	-1.51339948114246	0.0226517649978984	0.00121687464018584	0.128227404099744	0.0014041958041958	0.117785511924577
PF05130.15	4.48713196556187	5.67063572330159	3.96757973168614	1.65696440718118	1.19036339596418	-1.34935364561357	0.0732845351153011	0.0044720305454625	0.194367336573042	0.00722797202797203	0.217196884717046
PF04316.16	3.4066145977495	3.85702034703852	2.9317964593243	0.659125495025821	1.92216094249909	-0.34316723784287	0.335776156042623	0.353444541315793	0.923112337276	0.392638561438561	0.957235540163947
PF01339.20	3.94030508137938	3.96126350351351	3.92849420892545	0.0953712008209138	1.07089856014424	-0.0694421822822095	0.465689541581532	0.828517391122583	0.998968480389011	0.774961038961039	0.996913508505431
PF07238.17	2.45534718030388	1.66781901315608	2.82650867285687	-1.10566415282385	1.79161685850816	0.581226605495372	0.249833456713348	0.16043048896216	0.867222444118332	0.147546453546454	0.628439024314054
PF04166.15	-0.34954326195755	-0.433200184320958	-0.300708348963364	-0.0626994122626634	3.66021240355067	0.0114734563671438	0.495003331297425	0.777449302241722	0.99258731185046	0.757305494505494	0.975768927987144
PF19642.2	-0.165451339279149	0.713227356979839	-0.718575521638861	1.36210787920995	3.10078403790375	-0.367569134109813	0.299333342192336	0.347195935238609	0.842900483091857	0.300727672327672	0.830489761638035
PF01625.24	-1.59955932682794	-1.43529435074368	-1.72391278715618	0.366764802903752	4.11549857899516	-0.0710341805542535	0.460359761635369	0.65422311649928	0.961817036719699	0.68881998001998	0.969335938129813
PF20140.2	-2.07944257796211	-1.42626843002064	-2.48282769431658	1.09610887660348	4.2046157201111	-0.216108089179582	0.383744175098753	0.516277028644313	0.898931757250633	0.525873726273726	0.900918968967985
PF11611.11	0.42543493335272	-0.92567522788259	1.17727777411922	-2.28086635618513	3.4823837322977	0.57594038086571	0.238507674872341	0.187252516169311	0.857808647525536	0.128704495504496	0.565715224023701
PF01985.24	-0.81923469915892	-0.472123183438709	-1.12527029946203	0.464419870093724	3.88939551030545	-0.104418022984121	0.442371754325456	0.598668443027872	0.948796695890235	0.652081918081918	0.963996454547545
PF06107.14	-1.1006555604933	-0.968709038498797	-1.18405527477449	0.402351510973154	3.84734576700661	-0.086931159132184	0.446666668664708	0.66255237004968	0.95915354688103	0.693034965034965	0.963347633361804
PF12821.10	-1.38687814669154	-0.471334285686197	-1.84360934772533	1.38274476965064	3.74500781614385	-0.289937006056359	0.337333340071168	0.459031005734518	0.874797785863804	0.412357242757243	0.862926113387795
PF06738.15	-0.633926587625582	0.504769967857315	-1.31502992033871	1.84558854524786	3.36305920047941	-0.474205037541183	0.2613333447812	0.2654630375243	0.765511071654085	0.225452947052947	0.763015632933082
PF03795.17	-0.121729251399527	0.732982689755213	-0.425096466123248	1.35043089158152	3.51325544185498	-0.305649946522889	0.333777488590993	0.471253700452089	0.900045039406417	0.414505894105894	0.882880736882322
PF09419.13	-2.0493942434432	-1.52369091387402	-2.39127210684588	0.872411655217049	4.30375944521261	-0.170505481665834	0.406395739763836	0.561410451086059	0.916011339359358	0.591121678321678	0.934771838334961
PF02579.20	-1.00599939186445	-0.337670922743046	-1.35520792029866	1.04938587638313	3.59866897701171	-0.236185415803423	0.367333338619035	0.48230942167673	0.906923442456907	0.476516683316683	0.909249506004871
PF13311.9	-0.0163571972252141	-1.08065123857305	0.309765505587229	-1.32214607326974	3.01268101897482	0.359874872488981	0.328666673856588	0.338676793902217	0.954561104110902	0.34515044955045	0.786050142141815
PF09578.13	-0.0357419974557081	-0.904897137937684	0.415435646413559	-0.940199019627975	3.77044013948302	0.214249525895087	0.365756167909403	0.506492650983778	0.979067428204831	0.426755644355644	0.874456811709584
PF20316.1	-1.09912508864904	-1.39073285950489	-0.871738693760761	-0.515399804598641	4.52511037667357	0.103279243394031	0.452000001794314	0.701427315887979	0.993250065437491	0.65107012987013	0.956829228427273
PF13682.9	3.81478468635822	4.31486244116511	3.51187604760267	0.846948848211218	0.898574767676433	-0.8943575390715	0.148000025847422	0.0389828290590813	0.409881698391764	0.049850949050949	0.428236269216388
PF08348.14	-0.518360278607541	-0.383303857915879	-0.643253719203718	0.0744721572617468	3.78525897611765	-0.0201294127762636	0.489007328854492	0.757786243973982	0.985384635453423	0.79355004995005	0.984563065815797
PF13309.9	-0.497227459264727	-0.334737998450216	-0.611424944603605	0.0537442010232709	4.00499141330658	-0.0127882200601579	0.49300466381642	0.752901842927985	0.989662151339401	0.797146053946054	0.987119173599652
PF10114.12	2.49279462349078	2.35803023859162	2.53241346921523	-0.134847752525177	1.25784023087416	0.086228829022863	0.457694871662661	0.63360184197047	0.995417944651818	0.651288311688312	0.96288063353237
PF13515.9	-2.3336911327557	-1.62595267018684	-2.75777994311195	1.17771005265739	4.37478908603659	-0.222103154824209	0.3777481726974	0.511216647874119	0.885301589038369	0.522726073926074	0.89218985739966
PF02110.18	-0.798073973312636	-0.751582549381715	-0.818711007216892	0.199365160871293	3.3776274725298	-0.0481804455016089	0.468000001190059	0.742628527632459	0.964508082346192	0.727012987012987	0.958578221479265
PF18936.3	-1.06539676700325	-1.4044539361076	-0.884035399484167	-0.632353494297534	3.98540294247167	0.129107060707844	0.431333335925431	0.63785358749071	0.985229812334462	0.597064535464535	0.929015601017725
PF04294.16	2.28447864034744	3.09301954939768	1.96974261970053	1.12172509830533	1.13101643926241	-0.909386607556966	0.155229871080386	0.0844962457704508	0.507702522981153	0.0782245754245754	0.477834308093814
PF12229.11	3.2380828585214	3.77237348201194	2.98612340756884	0.8060644333206	0.895940089578735	-0.792759584101033	0.16655565179212	0.073977362783158	0.538746822138686	0.0784991008991009	0.494911025105733
PF08486.13	1.48244677244718	0.463246622599473	1.75256230952178	-1.26586064297552	2.3042493186073	0.449671043987187	0.2613333447812	0.20068476188714	0.912406761248091	0.203799400599401	0.657639352715943
PF12700.10	2.27143966120669	2.0082546269179	2.35594058305241	-0.390757281042637	1.8438644592881	0.166930680373536	0.402666670413595	0.432697859297117	0.994783234857625	0.543032967032967	0.948123209094816
PF20069.2	2.72240016713661	3.45027514994444	2.32880504961124	1.00836067910668	1.88332302146347	-0.382299191928814	0.274483688019865	0.622628522261634	0.968285977813434	0.22967992007992	0.865562190517809
PF00420.27	-0.371181980628106	-1.63227811295242	0.15739769350554	-1.76618238309833	3.41264180952367	0.428204432122966	0.278000010241112	0.294613874779545	0.919279654063063	0.240788811188811	0.693403686622542
PF07451.14	0.15061012753538	-0.0707411641952014	0.26460712264906	-0.264402523409774	3.18587931077759	0.064028555844353	0.462666668057134	0.760020166602256	0.992194168976342	0.711788211788212	0.979625642625595
PF09858.12	-1.26519505855517	-1.39540506986209	-1.13330462196075	-0.432822503010578	4.68403816872296	0.0866530403707202	0.462666668057134	0.716690682210096	0.990337983606838	0.687400999000999	0.955094574435107
PF00800.21	1.76845030767322	1.52296166828323	1.90442582857558	-0.441545587193478	2.05074779545053	0.156470922533547	0.395333337387533	0.401847198072811	0.990113568613072	0.50534985014985	0.920314412111943
PF12643.10	-2.35402051264305	-1.04434116375995	-3.15945871041487	2.05002185690887	4.15679454829676	-0.421091241661998	0.295136584722382	0.319436922970064	0.772517413996202	0.310406393606394	0.769599628297204
PF19641.2	-0.734216879850375	-1.36712073136314	-0.485380399347705	-0.802533618952936	3.17822021102183	0.207261121433926	0.376666671530504	0.471495548579443	0.962710052193676	0.480676123876124	0.854411424892831
PF19700.2	-1.94677915773515	-1.47974347477352	-2.17586087533692	0.637614284443051	4.11576666104012	-0.124683537870424	0.424000002881386	0.604767799829365	0.924577216935486	0.596955044955045	0.924429356193546
PF06252.15	-2.12438892844521	-1.54079565704975	-2.4573306163429	0.983011224600636	4.09421598872761	-0.218311851938213	0.383744175098753	0.54244522593794	0.908837760097551	0.538464735264735	0.914960768870436
PF11962.11	-1.91884153798011	-1.50264104575099	-2.16562568597576	0.704151558124	4.08786610278323	-0.151088886517533	0.411059297201336	0.591855201400716	0.933759476153756	0.611189210789211	0.939311207838418
PF15919.8	2.17586276871182	2.35936651010649	2.00578232717452	0.139385403941996	1.80022529418611	-0.0710226944752296	0.471019321528573	0.774471192070863	0.994739415990519	0.767381818181818	0.996002982064538
PF04531.16	-2.32464324826054	-1.36692582215834	-2.84937987906004	1.47901599947674	4.11181241473475	-0.308402533046267	0.332445043623722	0.434075725335686	0.856755037053613	0.421931268731269	0.848483395905992
PF14285.9	0.679256532322583	2.56939695148933	-0.508399054788384	3.15431960569964	2.21372420310117	-1.35299241849736	0.0512992191641998	0.00814279597125887	0.214877337494299	0.00553446553446553	0.169594087128368
PF20464.1	-0.146637264823935	-1.55767094924989	0.698221627151262	-2.16885520589854	3.97111614999095	0.46515133817294	0.263333344629637	0.299271804860704	0.894612635277677	0.208308091908092	0.665909533305567
PF20465.1	0.493353638845816	-1.37281172210344	1.17707993496149	-2.65035958154329	2.8740809187259	0.863849742965513	0.139333361181193	0.066684658763104	0.68980932424335	0.0509434565434566	0.303235821769145
PF20473.1	-0.0126350881087873	-1.55874553807893	0.760577975341829	-2.35586240731023	3.66246518896026	0.555936122375346	0.239840119790646	0.205014910187189	0.855474166824412	0.15127992007992	0.581065158652101
PF20466.1	-0.157425303417699	-1.45151500631146	0.68227535403259	-2.09996282768693	3.85996608962062	0.46918029724303	0.264490350968064	0.2843599190351	0.894968612180905	0.21150969030969	0.692774436302881
PF20467.1	-0.153493414822766	-1.49108718242997	0.678772523719659	-2.20162652545791	3.877235355816	0.468369856962756	0.272000010661313	0.288736297563465	0.908680429698097	0.206297702297702	0.683740287711358
PF12637.10	-0.283807986515374	-0.894814346706692	-0.00169886510095729	-0.85444297268857	3.31609943668424	0.205912900838058	0.391333337557549	0.533972560012726	0.986485372091442	0.524226973026973	0.918750642666816
PF02245.19	-2.29955015772259	-1.5086645175614	-2.77303215741903	1.3278866069024	4.12440683779702	-0.275436014705026	0.352431718170889	0.445156640981353	0.868764159840821	0.44944015984016	0.858832942719085
PF18975.3	0.743576015539139	0.406754927856872	0.883826292964154	-0.226239443193456	3.28632766195776	0.0552204380708685	0.466666667906746	0.727670962288391	0.997888230810504	0.703386213786214	0.981398572798003
PF12724.10	1.49106195587838	1.30851300827639	1.56054627659542	-0.140716105258975	2.47889079217829	0.042363080895277	0.468666667831736	0.710251605068901	0.999387327791973	0.709161638361638	0.980367788064604
PF09719.13	2.10760102787461	2.26311403401139	2.05493416514264	0.224296083114246	1.64138969684967	-0.0947314104803754	0.449033979253343	0.73513863562247	0.992844377979768	0.703762237762238	0.982409048702136
PF04246.15	-1.80730617691793	-1.49304361042755	-2.03780052611601	0.409745911442146	4.40132606541896	-0.0846311358400801	0.448367756760455	0.655063055366407	0.956742794882286	0.685965634365634	0.968464459864965
PF13735.9	1.08837832108088	2.10130525571695	0.508587586014179	1.58492672479482	1.71823931385416	-0.891992153967676	0.146000026288657	0.0661423911841899	0.460821266247166	0.059006993006993	0.437111208717468
PF18912.3	-0.0520507242862127	0.721254078431038	-0.388385291730895	1.1360222296039	2.72175558349942	-0.334631579480882	0.314000007995311	0.44581527442634	0.879822560753626	0.37905974025974	0.855193873378762
PF05857.14	0.460377429239177	-0.516381916582198	0.799375313621554	-1.24361781997999	2.71632141083239	0.374542017729036	0.313333341366566	0.277715255441721	0.937319755428012	0.301385014985015	0.760536946482278
PF06961.16	-0.942467851708479	-0.453385302958053	-1.19699360820683	0.942049583378724	3.59969370355692	-0.216259818550628	0.380666671353383	0.568130749867386	0.928125637540303	0.555564435564436	0.930736504205144
PF05504.14	-2.44819016491186	-1.0916809949772	-3.20724282077811	2.13670818105683	4.27183222189115	-0.447031639304824	0.286475692537435	0.312185239011679	0.791507967396775	0.306698901098901	0.780047777022745
PF03323.16	-0.0779754945988538	0.524972540070269	-0.624005968934709	1.03585037810831	3.55866064529046	-0.243838147873616	0.366422390397075	0.42696801027769	0.915503003282049	0.473673526473526	0.940879394014172
PF05135.16	-1.16366710619289	-1.53213938121341	-0.89791282256561	-0.663360908386632	4.20180190237367	0.13980470156567	0.431045971953661	0.681579671410057	0.983114355968071	0.617800599400599	0.930778078696031
PF04474.15	-1.99964522543431	-1.43873697373557	-2.29793617810238	0.899924192421917	4.29053935498259	-0.18097552176474	0.39466667074908	0.553980598175605	0.904239553146884	0.570873926073926	0.912463698698222
PF14512.9	-0.944198866170757	-1.51475409907568	-0.665534846922993	-0.618821360373296	3.84802558608141	0.138455960682258	0.416389077132241	0.621782196528378	0.979834569541253	0.582726473526473	0.906951829254441
PF10694.12	-2.32529060116287	-1.47434401175378	-2.82590870341291	1.32947706604764	4.28442245027331	-0.267841724990319	0.365333338711092	0.459505410933932	0.877580802619691	0.459624375624376	0.881484287608308
PF12647.10	-1.60993226766146	-1.44095436324535	-1.70671655166843	0.492942656028868	3.86719905519993	-0.113928143946959	0.442000002177447	0.656891489909997	0.94989570134928	0.671858941058941	0.95040897382011
PF02130.20	0.702829544238475	0.710716164266377	0.696860097228464	0.0185524649147775	2.45467707243805	-0.00458425383358303	0.496666666790129	0.759371852911887	0.991121674915343	0.780594205794206	0.983131445709074
PF06898.14	0.308863655399907	-0.243459244144726	0.506042190117482	-0.637022904323769	3.12691434727437	0.170257100027316	0.403730849800456	0.537349939544961	0.984917075771537	0.533174025974026	0.909020031552731
PF09670.13	-1.79874070000696	-1.50390109094523	-1.97643955317985	0.662074622720162	4.13926051809371	-0.13258924581937	0.433333335847159	0.622694443217088	0.938988780719309	0.655048151848152	0.949729581128875
PF09579.13	0.723644724047172	1.37436760139898	0.335341189672802	0.921848137380008	2.09735895936134	-0.378776847053054	0.323784151346264	0.459285521470558	0.872613017132939	0.357511688311688	0.866393196491376
PF10844.11	-1.13342668572741	-1.48615454358798	-0.835728016412995	-0.408699332921625	4.10025341131096	0.0952742132822497	0.451698869225096	0.701138950046776	0.987111031035263	0.647887312687313	0.94669108322243
PF20155.2	0.00959254348744309	-1.02699789848791	0.447390267420671	-1.6338550447217	3.59031710506517	0.406216345355733	0.304463699411011	0.318972824461823	0.935909932202758	0.289157642357642	0.759435592711651
PF05762.17	-0.417305867538689	0.18554273727276	-0.773974823819359	1.04902317536972	3.20629278315968	-0.252929307902793	0.349333339470879	0.494136691446469	0.894728594525947	0.461553246753247	0.88335781439297
PF01906.20	1.66984188796908	2.20747451397689	1.47285599084887	0.816162247170765	2.51626494767099	-0.251933920343317	0.353764163143399	0.618314077866925	0.967840624032853	0.42817022977023	0.946092215656533
PF12571.11	-0.496630068843205	-1.5196613830145	0.0560524303665595	-1.37801971763606	3.63421033882047	0.317617628128615	0.32711526375861	0.413070181634252	0.948757505466176	0.343037762237762	0.778630119315065
PF13884.9	0.102709221232309	-1.50666403910228	0.724374681480189	-2.06270707762368	3.33190927408198	0.5545617122508	0.234666680346029	0.239174790615144	0.867062357896068	0.166688911088911	0.55632048351849
PF01244.24	0.0543791352319651	-0.0712079039549716	0.115919748668096	-0.0891226761338606	2.93355271437501	0.0212748084594692	0.48500999389272	0.710563533547058	0.99336244132366	0.746979020979021	0.970452963955354
PF05684.15	0.0834411631109928	1.05573460664372	-0.990742707565685	1.8301576985583	3.73860679849833	-0.401334957932089	0.304666675204241	0.232130258552543	0.820750132512074	0.286786413586414	0.886210948940565
PF03612.17	-1.55078365654721	-1.44903812325936	-1.64834119421399	0.190483828957055	4.28178192586381	-0.0419382337391196	0.471685544022008	0.671079060072063	0.97079923372478	0.711825374625375	0.974288461191527
PF07663.14	-1.61269045774454	-1.51558542536948	-1.67328047912845	0.369725416515824	4.21487041556093	-0.0693877997567514	0.461692206621819	0.672292857345237	0.970084085177461	0.706396003996004	0.973713357277548
PF03608.16	-1.75481771952244	-1.51059847677974	-1.90131646210232	0.484318713608601	4.25199125023381	-0.0944971438633554	0.446369089281922	0.626058574552947	0.95152191177066	0.665252347652348	0.960559425934003
PF06923.14	-1.6797528428832	-1.41562760963209	-1.89225328550608	0.443282130432171	4.29330359592995	-0.0875009412315036	0.458666668208064	0.657819989711748	0.964756561475109	0.704213386613387	0.977624214647874
PF14359.9	0.00973357301249589	-1.47952291264232	0.651940778619804	-2.15036604643425	3.08421467850239	0.634512968837355	0.219187223699967	0.14019302364876	0.810027559201469	0.13367032967033	0.507168277370204
PF16260.8	-2.16444150745066	-1.53573674535959	-2.5493037208025	0.979121192139595	4.10411860290055	-0.210690371384875	0.396000004026034	0.5448082504486	0.91014833303197	0.546561838161838	0.916790622144915
PF14070.9	1.6844620435354	1.48026878042293	1.95347476195028	-0.613998739066941	3.54958443394759	0.15644148431372	0.414666669921978	0.673609427732166	0.999196544325531	0.574312487512487	0.982359558637762
PF09346.13	1.34449035374936	0.279414833263019	1.78169572976371	-1.38797937679866	2.61445576416835	0.437689459755606	0.253830791498822	0.292085686542719	0.940330529767352	0.158044355644356	0.611455660313405
PF09548.13	-1.27607181264207	-0.919142188304156	-1.45100385202033	0.620882039895192	3.6529425452236	-0.144039803532991	0.419720189590245	0.624178148823955	0.947407737017508	0.61532987012987	0.948814905200056
PF01885.19	-1.00729966306079	-0.404352619120111	-1.35292449229125	0.943285338667268	3.94416480715614	-0.204847539719571	0.386409065056362	0.538497804703046	0.931192044380782	0.535021778221778	0.941566232860158
PF06177.14	-0.149447686793989	-0.714845374052905	0.128648277447819	-0.918093848907509	3.63516369083689	0.216058118672674	0.377333338167504	0.513132608930605	0.981123551693366	0.462467132867133	0.905997674856339
PF09581.13	-1.67006825149698	-1.46925395583814	-1.80345736349402	0.529202911613105	4.15358240600231	-0.109250830054037	0.449700201746251	0.659504024489776	0.963553088380463	0.678687312687313	0.965090346799515
PF17866.4	-0.682081242382345	-0.917840751038771	-0.541209523890846	-0.315286402730534	3.80035787598256	0.0747048408915191	0.456000001642348	0.696159130498276	0.990455610270822	0.681096503496503	0.960992639539828
PF13228.9	1.61700722648341	1.69825116891994	1.58475879511444	-0.0431282384760667	1.8910359528978	0.0178024765531284	0.486666667160845	0.594443694046844	0.99508827583531	0.767523276723277	0.974152838859083
PF14221.9	-1.83307537630317	-1.46601705098843	-2.05158812029366	0.555398738901856	4.13867180163405	-0.120006689404417	0.428000002723133	0.624733493140672	0.945845923386694	0.648327672327672	0.953454653185508
PF14277.9	-1.19318310997268	-1.47225170568355	-1.05684092682358	-0.391713532913813	3.72989277585993	0.0871090794417103	0.452666668435606	0.669606893274309	0.980772250239511	0.649565234765235	0.926779874035038
PF05195.19	0.519856495756384	0.794707656422781	0.385809144869564	0.301183938860171	2.69593325176859	-0.0866833695619735	0.451333335153042	0.795223633632726	0.987940777658023	0.736549050949051	0.98740687551807
PF13530.9	-0.443478004101512	0.366489026869499	-0.954679417303382	1.11985164592324	3.85599794331925	-0.231395697464305	0.390406399994367	0.577557059323346	0.960307992552163	0.603209190809191	0.979677566057187
PF02493.23	-0.724220194150933	3.30310935103627	-2.25231783587021	4.76117222086869	4.50405868484884	-0.958551627857015	0.134000029203452	0.0650142305308568	0.441922424354526	0.0404171828171828	0.414457992650986
PF02567.19	-1.9318594444369	-0.956551558471391	-2.47815164984694	1.59729479489371	4.07926855138596	-0.325771623744435	0.333111266107309	0.435268136245738	0.845988930033597	0.416356443556444	0.849780804440274
PF04414.15	-2.03437692736507	-1.52189851340943	-2.37136884496524	0.905850789769707	4.21022915464396	-0.182594808200363	0.402000003774635	0.543768567214488	0.903015255646053	0.557313886113886	0.908720366876229
PF08006.14	1.47213843967778	0.650520373744457	1.7569883787698	-1.07481816877967	1.8464205530009	0.493298411832889	0.252666678794869	0.210300878725802	0.882048851476042	0.201617982017982	0.615150777157677
PF02390.20	1.03493920264832	1.18193866983775	0.979782410913372	0.140761902637893	1.91454695741389	-0.0507480541002992	0.472351766515455	0.685941668155099	0.986962663494294	0.748226973026973	0.981758228729801
PF02570.18	-2.08492964522354	-1.47010002469993	-2.50264032787549	0.964669114114226	4.3827957005179	-0.187561811622961	0.401732182328371	0.547591135742809	0.926199062584616	0.56089030969031	0.934513613521831
PF04493.17	-2.30879120595417	-1.51095098506515	-2.75748712428129	1.2666093008081	4.22140721786405	-0.259733576683924	0.366666671982987	0.492046658059195	0.883445511923139	0.491717082917083	0.887141451918995
PF20250.1	3.83110855153027	4.49227987131697	3.53171475291907	0.897766036346297	0.992837017565374	-0.802572308921389	0.183877434535728	0.0971823587976335	0.587732385421014	0.0846161838161838	0.579030815332561
PF03961.16	3.8213728952999	4.47183447506975	3.52391873141854	0.890003737336187	0.988694682607091	-0.828578035235687	0.197333351026475	0.103707713943991	0.61174542009342	0.0893362637362637	0.598042828184548
PF01469.21	-2.23656204687701	-1.49633515195503	-2.69637556631873	1.03111791359131	4.53045361550935	-0.182160599253814	0.409060629727881	0.547646789755852	0.929965349049226	0.560226573426573	0.941978163727641
PF14344.9	-1.79689435002613	-1.4634447197161	-1.9773422697407	0.488960004969456	4.10524243949511	-0.0965755326400683	0.445036644296342	0.630522162749079	0.945623675895241	0.663306293706294	0.95421130197209
PF02369.19	-2.08181349858276	-1.51242218855158	-2.39014992063471	0.915573165163882	4.26989596342811	-0.180276058091294	0.397333337303178	0.540280238700227	0.915457491111168	0.56878961038961	0.930824859764857
PF07523.15	1.41813234786009	-0.216467742647289	2.03677682410533	-2.47028717263795	2.57886450792343	0.864859798188052	0.11933336687211	0.0547111516490615	0.685479410148748	0.0265806193806194	0.233920180141916
PF18947.3	1.99606277512312	1.42288180200743	2.1369166684119	-0.538003789469577	2.51799156584961	0.170141383868337	0.411059297201336	0.457224644649949	0.997226808299619	0.517913686313686	0.972540883505609
PF17848.4	-0.0549853374963307	1.29326159770082	-0.563452662094819	1.84356715378038	2.99126481633136	-0.515374809162888	0.243837454552399	0.282541553757694	0.773135575512354	0.188764435564436	0.709582788884381
PF00484.22	-1.09518494334619	-0.98217807169859	-1.17974184290633	0.328515379748481	4.1430803079822	-0.065187552359272	0.461692206621819	0.67468787509552	0.969563359555087	0.720366433566434	0.979841366812933
PF06912.14	-1.01212982928446	-1.54223771784715	-0.677534363275956	-0.777558764729115	3.75629092699793	0.17236430337899	0.405333336969865	0.590523229517827	0.975328056770255	0.556833566433566	0.901972519034829
PF01019.24	-0.357076180683085	0.111124880908372	-0.562348357426415	0.752558438381699	2.96984535367066	-0.204093670894676	0.388666671005231	0.585621313437104	0.923526253646866	0.552975024975025	0.916933642509783
PF09186.14	0.0636107302263342	0.199352560761408	0.00505304641915671	0.181749093609855	2.70202612559198	-0.0500342393216416	0.47035309903515	0.777434291674477	0.980690592375599	0.738665334665335	0.981185431711323
PF04070.15	-0.722012803935065	-0.951534776281677	-0.585049821893677	-0.241055718164841	3.77074107885565	0.0497362547442638	0.469686876541738	0.711579483630996	0.991935884350454	0.693573226773227	0.955345965082172
PF02277.20	-0.300320505012463	0.0372385232054997	-0.446797124856017	0.541139492284318	3.49357405743947	-0.119551995861834	0.427333336082764	0.670241497002418	0.973644194500918	0.644495104895105	0.974471372506156
PF09693.13	-2.25828354260192	-1.50219251628326	-2.71484992547383	1.32039740933238	4.23621040227405	-0.272799701653774	0.366000005347005	0.473087673278355	0.883420018629688	0.474017182817183	0.892941373850762
PF05065.16	1.49002104785198	-0.420144279098611	2.39341620730524	-3.03095015740965	2.89786710922648	0.944490498218701	0.111333369707144	0.0390191676957632	0.590604582994909	0.0168743256743257	0.194506916804649
PF01844.26	0.869626845912755	-0.358661136715454	1.32968401808724	-1.50350142102059	3.05943514614541	0.430349712612187	0.293804139769162	0.315348335643967	0.941476985579438	0.232371628371628	0.725379611205194
PF03419.16	-0.243488697016668	-0.50951302241308	-0.10405425154879	-0.301600327803349	3.06461347534766	0.074384964224771	0.453031314211091	0.636511533275721	0.990652875833413	0.638676923076923	0.938198287106249
PF03750.16	-2.30688965684518	-1.44109089975898	-2.80918791912911	1.45512488706625	4.24994295221921	-0.276993931504283	0.349766828226818	0.460378775110496	0.871311147200036	0.449981618381618	0.865611554147233
PF13490.9	0.622890600345822	-0.205814509375664	1.1376867100559	-1.0722848843914	3.54208976455869	0.27777089090656	0.359333338991004	0.462657576327412	0.985044815267195	0.412074325674326	0.904576674854593
PF13711.9	-1.40824054682726	-0.961258746481535	-1.66102011966536	0.771349596372307	3.83420938244601	-0.164775615383622	0.40933333680553	0.567637361939078	0.917937216333334	0.584252547452547	0.922514233852321
PF05534.15	-0.761541218956427	-0.964554824400209	-0.638937577533937	-0.377772491248297	3.68359909122044	0.0796917867861059	0.453697536704118	0.700707255033825	0.994377899232183	0.669333866133866	0.956135581994192
PF11188.11	-1.40206662381403	-1.04912958661424	-1.55254839818987	0.679092046940045	4.01842269797392	-0.14891095947124	0.425049969524827	0.607266135888191	0.951282095232078	0.619082917082917	0.955143987371464
PF02681.17	-0.804168308789133	-0.50272177052241	-0.980191553498654	0.583309387190813	3.69032449101747	-0.120897810053243	0.42266666960106	0.607461971007376	0.949004348099218	0.614991408591409	0.954870699819368
PF10727.12	-1.82354571006666	-1.42042656283449	-2.08222704932081	0.68414682387053	4.15877220107237	-0.136690385469923	0.431712194445903	0.605823262101175	0.939657748335509	0.627120879120879	0.955407038188288
PF10728.12	-1.22522857659764	-1.45680772976156	-1.06113755557935	-0.281239930453324	4.09617133755496	0.0537182111107771	0.472351766515455	0.710287563776333	0.988856374546453	0.67735984015984	0.954451592614691
PF16822.8	-0.313672661608244	-0.0559180830735473	-0.447726630815521	0.386088317170865	3.47349381276572	-0.092404201112769	0.450666668511789	0.658581220447009	0.961623255677884	0.684392407592408	0.970419409144549
PF03592.19	-2.29290059803615	-1.52632695838957	-2.73213972894805	1.22150287494274	4.16689822331213	-0.243173585189606	0.369753502836437	0.466325565501698	0.900734962260983	0.47942977022977	0.905699844183845
PF14689.9	1.42275627655124	-0.22764222400866	2.04319516109034	-2.26831198010663	2.53848431542285	0.826440559904946	0.129333363812067	0.0646628249243561	0.711366911899231	0.031124075924076	0.247863335758885
PF14501.9	5.70279853328689	4.35594713870339	6.09570860224897	-1.89541528110932	0.941866295019809	2.02902949179493	0.00999379568058541	0.00028388947293002	0.0761055278235387	0.000195804195804229	0.0132937328639348
PF13786.9	0.684177968349275	1.25572203254636	0.477753278565568	0.831912920736557	2.68128261993494	-0.245670497506501	0.382666671265601	0.639791880609615	0.95693581235213	0.526972627372627	0.951069142621218
PF14268.9	-0.757174363078976	-0.896728268373625	-0.647203850902701	-0.134168126103713	3.83070859950445	0.0308178744639931	0.485676216386335	0.753477908930079	0.987166168252895	0.70499020979021	0.962037757563393
PF12959.10	0.223127357117994	-1.08798392188084	0.822024019119709	-2.02521850019381	3.46812602737191	0.503346464785816	0.250666678957598	0.220094786581253	0.868140693088263	0.167981218781219	0.603948291990547
PF12960.10	2.76860383274814	1.19883690137736	3.89613066970955	-2.88394521850993	3.08886070771314	0.901796993944374	0.136575644753774	0.0359204120823185	0.62101539368526	0.0200935064935065	0.241554466001129
PF08757.14	2.4289816496365	2.67981466150415	2.32305996215556	0.265200873101622	1.44972503836681	-0.128975835515335	0.414666669921978	0.781443948423401	0.989114705792764	0.622023176823177	0.975174678521958
PF13546.9	5.11807067626273	4.8731845986218	5.33216961845607	-0.739334985596181	1.53430967630015	0.497632645347564	0.294000009189488	0.186050167803009	0.971242417255088	0.200812787212787	0.83780022931134
PF20574.1	-1.15726747242921	-0.887318013933762	-1.35604661085274	0.26037401688078	4.45031948536888	-0.0529519205427088	0.47035309903515	0.693306730766294	0.973445096498391	0.756862737262737	0.986786046891893
PF19552.2	0.258934343990092	-0.904684866508582	0.804064326554456	-1.69792609153249	3.44521796117486	0.432424562263919	0.284477025113961	0.295006655085613	0.930174086160041	0.241447752247752	0.712712363618057
PF05105.15	0.530968769150639	-1.61773582706497	1.47048831319996	-3.13080618749282	3.10493258052746	0.923824207448242	0.125916087391773	0.0523134283740321	0.622522357658497	0.03720999000999	0.256495841406445
PF19498.2	5.35783394309694	5.24547886162857	5.4801915017427	-0.444842148636874	1.24944067918247	0.315102625829785	0.354666672546119	0.368725485052401	0.99836667895912	0.368343256743257	0.971300321298775
PF12995.10	4.54381163191882	3.70838766962203	5.04866642241397	-1.50005225180476	1.68817576843039	0.84138622591434	0.148666692369559	0.046790158267076	0.701789076108515	0.0216863136863137	0.25852784649944
PF18843.4	0.524198491655206	-1.52372238192517	1.80550888490724	-3.24593349118777	3.72377647550951	0.783216661882741	0.168554319004588	0.0923073044905946	0.72303287937197	0.0396123876123876	0.326116849193646
PF12962.10	-1.73883004003666	-1.42477265017319	-1.94346173740023	0.592335306046027	4.07179808583009	-0.118165999796903	0.423717524540984	0.619460776999799	0.945643156016394	0.641680719280719	0.953998057219748
PF18987.3	0.175484020029424	-0.464983841751771	0.558594391330929	-1.32025740481166	3.94444719791195	0.282666890124466	0.358427720549594	0.463593915410057	0.976094707708982	0.398364035964036	0.891046188112624
PF14706.9	1.83634570263023	1.47882233075134	2.03976476197377	-0.814369075262245	3.10080410534224	0.223509857908995	0.359093943036492	0.463636961584962	0.993408688661113	0.38967952047952	0.914181289379317
PF02281.19	0.96285990082313	-1.54984188395517	1.91144219975223	-3.56836356300729	3.62154354994253	0.921387776494827	0.11666670110807	0.0638152287476616	0.635676340468929	0.0209254745254746	0.215730337165397
PF17922.4	0.656169819307173	0.303746090703386	0.815383545996623	-0.434528981592104	2.57633056910466	0.126495337173214	0.425716192016797	0.658062198750507	0.992575856009376	0.609573226773227	0.942088273216761
PF13784.9	-1.17287017040361	-1.45522822204659	-1.06590589349984	-0.295478440198442	3.70686994272782	0.0646017922277143	0.461692206621819	0.676148027193094	0.982951364507072	0.663417782217782	0.931743034068836
PF12652.10	-0.207256094953795	0.689247710277041	-0.546055209516076	1.26372089600271	3.38306614383379	-0.306659689253949	0.334666673541859	0.504553774962255	0.913893619457884	0.422408791208791	0.905335149676813
PF12773.10	0.121701174761092	0.896878728441338	-0.383677580933823	1.10476510877107	3.09434359628475	-0.310136427302522	0.322451706382074	0.427704431249288	0.889842540099948	0.384315284715285	0.893183447434506
PF18739.4	-1.86065529285679	-1.43558169744482	-2.10242295215853	0.80848344682466	4.07499599239491	-0.170757180541956	0.407728184745777	0.596495017122823	0.920200426863427	0.606206593406593	0.929429225704439
PF09509.13	-1.93588679390616	-0.685745736940625	-2.51280078081858	1.70869108217846	4.18885436377774	-0.380118951082199	0.305129921889803	0.39022773109857	0.838757536217467	0.354621778221778	0.825468565788972
PF14280.9	-1.99538044119801	-0.622015134098376	-2.74834154985865	2.0025139484547	4.26416097813801	-0.409900860159859	0.293804139769162	0.339344551894658	0.802531575522508	0.3132	0.800636759619207
PF12639.10	-2.15754004348152	-1.5750270565991	-2.45503297955668	1.11390607507933	4.17761811348796	-0.229554807815593	0.393071289954061	0.55597695826883	0.912010937514927	0.533592807192807	0.911001299835635
PF20296.1	-2.31797055951303	-1.51971087578695	-2.73191030877355	1.32221773021545	4.10826137657393	-0.270043577032501	0.359333338991004	0.462373498931106	0.868995858143238	0.470567032967033	0.871479572475082
PF04471.15	0.836185144724144	1.16152984503638	0.666628977746358	0.508198574443745	2.82192386165841	-0.138312102147265	0.421718857065464	0.709507172541584	0.982175540346895	0.656186213786214	0.982822245771667
PF20612.1	-1.77373392629877	-1.42990355585857	-1.99854412087882	0.665696220214394	4.17510897940072	-0.144407328146326	0.416000003201469	0.60668370259519	0.937186800396869	0.615764635364635	0.939862188488596
PF01371.22	0.447150534874098	0.793054322310054	0.254385448760721	0.332169311638204	2.85576717108	-0.0956402439469788	0.442371754325456	0.702231852409688	0.977703966473368	0.677457342657343	0.979422759584891
PF13701.9	3.80429031696923	-0.0443492899852211	4.76629944308483	-4.84262846176427	2.64585838901712	1.78719467260758	0.00999379568058541	0.00799955430842739	0.317411117655467	0.000258141858141902	0.0172115891670679
PF01774.20	0.347000096857368	-1.11687560855622	0.859879126003471	-1.78343908476526	3.2981922838115	0.462141237668211	0.264000011246215	0.256153983968514	0.910113955088676	0.205936063936064	0.647462249241713
PF02814.18	0.625384542385988	-1.4043367559089	1.46755621055144	-2.67830030253504	3.25850706827477	0.748108353139174	0.157228538243752	0.115564892070082	0.757528195448984	0.0553414585414586	0.341470194311113
PF00547.21	0.312150861199767	-1.48568358957732	0.986089067935696	-2.48296916187572	3.10828631697121	0.683214326920476	0.17921387759398	0.102800544192703	0.766463470117363	0.0754849150849151	0.394175602910115
PF04952.17	1.69154373693371	-0.859039728821727	2.64312393113665	-3.57171638405413	2.81725350184799	1.24562950272397	0.0586667406622703	0.0222543507153949	0.493640322183808	0.00395444555444558	0.0822932763973563
PF08379.13	0.718400854739591	-1.46748995434026	1.4742332409691	-2.94052600821939	2.89203928529047	0.934080925553404	0.127914754360888	0.0594065919010238	0.646178404116195	0.0394405594405595	0.258262363623302
PF01841.22	3.91254180049984	3.11855337930283	4.31647133992689	-1.12682655183346	0.965090007336174	1.10821718122204	0.107928085623509	0.0281509475948029	0.534928387287572	0.0153102897102897	0.171005338939448
PF14403.9	0.732177840002959	-1.46414464635932	2.72549027239477	-3.97384144024145	4.19355351693602	0.787383581700384	0.168554319004588	0.0931344061293488	0.713366570694886	0.0407040959040959	0.350319203902287
PF06289.14	0.495993226339388	0.696601526673517	0.38371749163442	0.0170813397800433	2.9960472326322	-0.0047761989554557	0.496335776284772	0.752779269113015	0.990051677326492	0.793913686313686	0.992626101772658
PF20379.1	0.992412623543308	-0.534712267719279	1.76083677269401	-2.36622833157099	3.42195167171796	0.642163458298443	0.220519668599033	0.12174700470119	0.836348394531422	0.10231048951049	0.536586381253519
PF03748.17	1.91149807006239	2.12133796394476	1.80675955270431	0.320194563788525	1.55644148467195	-0.178907056169608	0.407061962254786	0.605497031733753	0.952615391641464	0.584066733266733	0.95262935916946
PF14190.9	-1.89307991865817	-1.46428938811908	-2.17537278305232	0.715045038287854	4.3279852598572	-0.12622598753385	0.434377084415154	0.59908196834637	0.93602781760832	0.617416183816184	0.942310706204646
PF18941.3	0.317957184715039	-0.256724388312884	0.747834323564668	-1.04656137571614	3.4031352127959	0.262059724603701	0.359760165523463	0.455754101921903	0.980977099487232	0.410971428571429	0.89120952462644
PF17989.4	1.39656595520418	0.533875278295733	1.96360797103385	-1.79194334379792	3.10590017239523	0.489457981431808	0.255163236429263	0.260423161495177	0.921295855756743	0.165675124875125	0.6704735773207
PF16226.8	0.694122125897517	0.13813939863928	0.913979454624476	-1.10387612985459	2.88097574696539	0.343089573047603	0.334666673541859	0.313849631136175	0.954140614397611	0.361058541458541	0.82644554980186
PF11372.11	-1.74130241260006	-1.5419854528487	-1.85011118873021	0.372509152389245	4.27846240104282	-0.0678247213929979	0.461692206621819	0.685194428291882	0.960157357004845	0.72251028971029	0.97255751362856
PF16242.8	-1.00461845672341	-1.00956819325867	-1.0026469108643	0.0601007020919084	3.84713607296061	-0.0152197015908025	0.493670886310086	0.742851319822584	0.984133109922116	0.787573626373626	0.982805055701166
PF11667.11	0.55110200397261	-0.69044732549574	0.978880555931279	-1.43974627224425	3.25795816952397	0.370462705961428	0.307128589326967	0.313116218145781	0.949873347405544	0.26003956043956	0.727628179992397
PF18796.4	-2.33765161614927	-1.49733756816669	-2.80391792869904	1.35550939443728	4.24517358754744	-0.270222215223683	0.360000005626285	0.478112828728375	0.877789940359282	0.48051988011988	0.884931616971339
PF13730.9	0.155832883356124	-1.04095978694104	0.921901342033036	-1.90750199014093	3.94095479794552	0.415140600579635	0.287808137487236	0.328347778692472	0.947148355907498	0.232262537462537	0.758296787748198
PF13463.9	-0.727669168582779	-0.561893224046226	-0.805573128129713	0.302761477332751	3.15956521783788	-0.0725911137542485	0.457694871662661	0.703446728726057	0.963124906039953	0.685372627372627	0.959444578747703
PF14058.9	-1.1860082250906	-1.4205762806572	-1.02434329393645	-0.254302776753037	4.07221432578671	0.0559824470274931	0.465333334623486	0.723864273259904	0.988690422410169	0.696417182817183	0.956775009151467
PF07505.14	-0.263972641079038	-0.945362910287689	0.046552861525945	-0.914686961604713	3.33542091575793	0.208986696526536	0.385076620077449	0.487887922930398	0.974541548545035	0.460021578421578	0.886345591872608
PF20323.1	-0.843350799441713	-1.37591903701975	-0.566690008325792	-0.710910866796639	3.69892463867501	0.16913328135886	0.413057964675142	0.603223436533479	0.974628667470749	0.559872127872128	0.894742441494316
PF13783.9	0.272962066894875	-1.53003367661039	1.22430593927587	-2.47595520851866	3.48128354552709	0.622187653259013	0.200666683946039	0.172094879257531	0.818565784648639	0.0999040959040959	0.46031334961961
PF12957.10	-0.0935655585377848	-0.967038968900226	0.425543660966643	-1.45039341312406	3.59990599874212	0.344335784798684	0.320000007659312	0.407607170105754	0.951148215870756	0.322780819180819	0.794729478506427
PF09681.13	0.144287453873072	-0.968537988792741	0.810762190898157	-2.19721099936846	3.85205621958745	0.504676226285578	0.270666677423451	0.230000112171149	0.900960528636704	0.185993606393606	0.66898212289483
PF13683.9	1.00251780220488	0.135020294618422	1.37391043605452	-1.24024066323675	2.69714525872942	0.387575432570755	0.298467697108004	0.29129921749229	0.940624440208525	0.251995204795205	0.729274593733284
PF18676.4	0.746216138866611	0.972753178469492	0.593748115947627	0.356701667672788	2.70638519501842	-0.105088114998654	0.437333335691362	0.70792013076197	0.979977388246154	0.681884915084915	0.978959228532762
PF09587.13	1.99872143776775	0.225994310420161	2.28294143170835	-2.14110681906957	2.80928821232547	0.644430294915441	0.206666683232425	0.10465021071111	0.861795620517074	0.104663336663337	0.534451325807752
PF19776.2	-1.20243484850676	-1.43021035712443	-1.09599034531592	-0.175903347878372	3.6721711296924	0.0389492968664588	0.478347768956934	0.709329935019785	0.984840359021372	0.686698101898102	0.936313397407263
PF19537.2	-0.834361955968944	-1.0047112899701	-0.74877086172995	-0.123320935694247	3.54133488574233	0.0308303320917971	0.48500999389272	0.721530596176614	0.990120307267434	0.708331668331668	0.960004691750032
PF07441.14	-2.09690960236878	-0.916552807511878	-2.75788042912926	1.85428323409476	4.23911879341768	-0.390449696030524	0.310666674852809	0.358580836047692	0.811154438413883	0.347712687312687	0.81331210044693
PF02036.20	1.98698202453849	2.08904923195987	1.9323206850703	0.108132920774823	1.55941470956122	-0.0468132394366215	0.467333334548396	0.703326913846639	0.993392500064174	0.743699100899101	0.984897854106415
PF03309.17	0.844519664069936	0.47228491057673	0.965682824563685	-0.507900785236707	2.53092299644895	0.170325809690961	0.412391742183836	0.453710522619603	0.98448420997386	0.542526273726274	0.91329639691882
PF10087.12	-2.31044689687603	-1.53719467262088	-2.75168143948602	1.249059795302	4.12001279253362	-0.258962687192737	0.352666672642312	0.470825230838102	0.868021814011717	0.453416983016983	0.872035553153408
PF12672.10	-1.31732789252393	-1.42145230710259	-1.24914945291689	-0.0135731571365127	3.98539737178156	0.0050683350869807	0.495669553791098	0.72598755394029	0.972214126864456	0.754372027972028	0.961470753403511
PF05119.15	-0.0786728489982789	-0.922110390533774	0.504195239201357	-1.47391467390913	3.87379659583572	0.330757188309224	0.333111266107309	0.416240255666154	0.962059116211427	0.329044555444555	0.842184569879024
PF12686.10	-0.519195872149407	-0.135850423918242	-0.735495426724097	0.631533124696825	3.94426228628756	-0.135360364293955	0.42438374703289	0.649422456583372	0.964872726153646	0.646588611388611	0.966421485440585
PF18832.4	-1.62116690629815	-1.4192256427914	-1.75600898174259	0.428688443669508	4.01784310864851	-0.0910897083600552	0.451032646732127	0.683090821574365	0.968337623760259	0.700330869130869	0.968091465974855
PF04277.16	3.41929482416251	3.86142298319877	3.19417967445746	0.74933016488799	1.16775818872641	-0.575722787795451	0.251165901640848	0.142219584782848	0.7219201074673	0.180376823176823	0.74214030369115
PF09827.12	-0.540603144253433	-1.08099512890381	-0.258633112789592	-0.517079826591691	3.84612115471846	0.108380323877855	0.433044639430472	0.674111573084344	0.98948225980805	0.620021578421578	0.950815180484903
PF08747.14	-1.13431763222034	-0.0922238370950526	-1.7077152351034	1.73337769448453	3.41296304582427	-0.428689377908731	0.285809470062779	0.333744843522122	0.789595684995109	0.29122957042957	0.760587170265859
PF15978.8	-1.28697946622457	-1.41773920726036	-1.1918338980592	-0.667381366602175	5.0354232314654	0.116034502672353	0.447701534267589	0.674299124579745	0.991274605249622	0.651312287712288	0.965729390805208
PF06527.14	-0.877906396607482	-1.41817508458442	-0.519748961546518	-1.51745002021986	4.56622647314721	0.293100235509627	0.367088612884815	0.469673228311554	0.968689861143714	0.460110689310689	0.892628808075661
PF08722.14	-1.37384991664911	-0.935991073362724	-1.769574897841	0.49134338634834	4.54455778602854	-0.0945910507943402	0.454363759197163	0.644939592742371	0.972620635938181	0.707551648351648	0.987893182097074
PF08721.14	-1.3440929500388	-0.920131477464695	-1.75454667982498	0.35674855182257	4.73689354593253	-0.0718968570721189	0.46502331908821	0.648502412023117	0.975748011501649	0.730509090909091	0.992387697276675
PF18657.4	3.88474115760715	3.49892056537709	4.0729693887746	-0.504532761832688	2.49908215805533	0.170722376247225	0.416666669841269	0.76577814962622	1	0.569252747252747	0.998917886836606
PF14205.9	0.0832626611613572	-0.95003609565409	0.446860018419499	-1.29202147044105	3.24876453161365	0.340660378034144	0.324666674070979	0.364365534472361	0.952047009542672	0.316890709290709	0.772766852002836
PF08843.14	1.9930815399143	1.579251768186	2.18044601221889	-0.442408993413385	2.14408698503988	0.171971928525886	0.397333337303178	0.653090295599753	0.997805966494488	0.545686313686314	0.960793245402405
PF13338.9	0.427764681865871	0.210375105667014	0.504604558440952	-0.193092664660536	2.85096548488847	0.0563856284683179	0.467688209061577	0.633332632251438	0.993787664250141	0.680715684315684	0.961261017771135
PF18864.4	-1.73180167469586	-0.917480249601699	-2.1782899205034	1.33326997154523	3.80841247257359	-0.29196772363092	0.349100605741001	0.462596977415648	0.876970916161852	0.445445354645355	0.881107659649335
PF14430.9	-2.04816119302057	-1.36244999938634	-2.43213287722017	1.01036537821569	4.24093503639396	-0.210394320872531	0.396402402404781	0.523347708934548	0.899432143824675	0.532892307692308	0.909348165675934
PF04365.16	1.37541109940123	2.22717343171575	0.958621843027307	1.23770641991613	2.1738564467946	-0.445008131043705	0.257828126292976	0.369763121358867	0.866976858876858	0.202657742257742	0.783925486864912
PF13788.9	-1.07857112533428	-0.887484465221988	-1.16375187580296	0.651431088194822	4.09350451503118	-0.136729507366813	0.427333336082764	0.643016398690313	0.955394970855338	0.653576423576424	0.955635356885468
PF04191.16	0.117095743602411	-1.53977057908935	0.709844547998961	-2.10152682837802	2.98124399548802	0.619007356147135	0.201199217724494	0.137789801139361	0.797805192344302	0.120341258741259	0.460927309092021
PF02592.18	2.47641686166269	2.48288259880841	2.47295181004263	-0.074322523969407	1.7462849498192	0.0465051564170753	0.478000000816395	0.776449922543153	0.999036631828462	0.745815384615385	0.989163981355896
PF06508.16	2.20745023456655	2.20858903626736	2.20701293771605	0.0708854733119058	1.76525281559008	-0.0313452232649638	0.482666667309414	0.770400549100491	0.994888505911438	0.797786613386613	0.990452726600662
PF06397.15	-1.89637704648277	-1.46924306310671	-2.11914667750075	0.723303968530697	4.02678795337149	-0.141984844641331	0.416666669841269	0.585127469637394	0.925622783430889	0.596310889110889	0.922052840629866
PF01880.21	-0.807875398072899	-0.278811552940823	-1.17514134042248	0.445739549462444	4.58707035074773	-0.0900817960035397	0.459333334849536	0.717469300382925	0.986396979604829	0.720363636363636	0.991718466008326
PF12676.10	-1.43709284844164	-1.49763749234152	-1.4045412708508	0.0243138002812744	3.80611044936941	-0.00483663819912533	0.497668221272125	0.723140363883663	0.97569111893249	0.748997002997003	0.970671795524385
PF03690.16	-2.07517524716055	-1.49290733590456	-2.40161470613897	0.945998976807568	4.34817988582601	-0.186189332793121	0.403730849800456	0.574370558869654	0.924750682871493	0.582979420579421	0.939905145596103
PF06182.14	0.687561396487442	-0.894705234751783	1.53576308051408	-2.27724985690328	3.44721748359699	0.595841849252363	0.216522333906437	0.184856218692701	0.860897712952274	0.103686713286713	0.522383869686153
PF08845.13	-0.17523753978949	-0.895458092057238	0.117152064611407	-0.946341705864846	3.04035231503319	0.233730823497763	0.356000005815711	0.444666297837509	0.955826760318736	0.415422577422577	0.816369425996686
PF14282.9	3.64803909377364	1.62964280929613	5.88500104430824	-4.75976087698902	2.38481308989563	1.67944810444963	0.0266490694741482	0.00250262498948082	0.178876569557663	0.000811188811188853	0.0379181047826111
PF02659.18	-0.810276683939845	-1.51762211054801	-0.491035064635083	-0.869356734718478	3.46114322943013	0.213164723948018	0.386409065056362	0.570668235002924	0.971342701768661	0.512937862137862	0.871486798390531
PF09605.13	-1.99190035685157	-1.55773762635875	-2.29797214341226	0.855627612860037	4.38639898702834	-0.173653913227258	0.407728184745777	0.586501190039011	0.92646910657543	0.601703896103896	0.937144406689079
PF20016.2	-2.36383434362261	-1.47200951078028	-2.86653934314844	1.4401611080782	4.1109874885499	-0.300752910908727	0.352000006007865	0.461108619572723	0.864803558291903	0.444737262737263	0.87591634697798
PF14393.9	-0.0333322119968598	-0.456843041189554	0.194227167591747	-0.714085128731138	2.91741685583826	0.195890894875802	0.39333333747232	0.493611968749131	0.97421200632227	0.511397002997003	0.89762078457656
PF09134.13	-0.192333380954694	-1.4223175800349	0.868503273653627	-2.05286479224871	3.96762869028621	0.441834484135444	0.282000009969172	0.301637800297907	0.903892184649596	0.21012987012987	0.691105539269034
PF09455.13	-1.44919489271587	-0.990989903979365	-1.70902441197334	0.74409850330489	4.01007482061611	-0.161569301491007	0.405063294782061	0.553947329796183	0.927452118420211	0.575608391608392	0.934559970813787
PF14907.9	2.16213183091985	2.94266410941542	1.33011234518129	1.46266453171612	1.80628145864656	-0.74512604557167	0.216522333906437	0.0913618960589583	0.586869107316188	0.12750969030969	0.683578819309632
PF14337.9	-2.28864774442417	-1.51916020303531	-2.7309717772513	1.09273686740079	4.40537218299823	-0.212064215555286	0.396666670664582	0.516637604607294	0.911338186136515	0.540746053946054	0.927949329885289
PF16935.8	1.36951314536385	0.921637656826912	1.68247723238783	-0.963572963944459	2.47013989664089	0.336520598836411	0.328666673856588	0.33046932121542	0.960484220226204	0.343108891108891	0.838063040586113
PF20042.2	1.02407967605789	0.714752818323524	1.1453092937035	-0.655842458424906	2.72142487379092	0.19782350166691	0.400000003858024	0.470509224639776	0.992201903662643	0.552196203796204	0.946219330775509
PF07081.14	-0.389191818961431	0.533831481752124	-0.976809478519458	1.55105973858888	3.17826394980815	-0.414830315103273	0.281333343347389	0.306369948268777	0.783868733218604	0.279587212787213	0.766802548241206
PF20599.1	-0.564342572028119	-1.46901650825073	-0.159895948584419	-1.10389846888777	3.44685469495071	0.267526878425887	0.353764163143399	0.469554119693622	0.95866701246438	0.418902697302697	0.82306221394288
PF01699.27	1.4988033726685	0.725430602252645	1.72655279131105	-0.734574743629008	3.03494461423056	0.210537071256704	0.370666671800271	0.487782363623487	0.994996237989897	0.45757042957043	0.930360596816159
PF04854.17	1.9570767064967	1.67945676882256	2.17789531380486	-0.744982825240961	2.14279486793096	0.32564109786087	0.356429053089343	0.359012706780554	0.965665207724429	0.410348851148851	0.904795183971842
PF07007.15	-1.12599035650784	0.0831079722169452	-1.93912926225467	1.83537668164233	3.9456828122545	-0.429807788476189	0.281812135218341	0.310681617833013	0.808899906738013	0.281345854145854	0.811246157528796
PF01637.21	0.256112949306826	0.253986311206063	0.257867115699736	0.0261113147995129	2.57259054370518	-0.00863748813706727	0.494000000222254	0.771352545221906	0.98740124379644	0.773422177822178	0.979835436712941
PF03008.17	0.970606242255015	1.01640879588854	0.944818890056045	0.036235718009717	2.35655685825816	-0.0143822838455757	0.490666667012466	0.766898731596718	0.992300555910464	0.802993806193806	0.990468415275927
PF10127.12	-0.679256815837692	-0.00705908788008003	-0.949742856450984	0.816496162164893	3.71811122890775	-0.184451819949412	0.399333337219243	0.592304287720742	0.94336993274538	0.572675724275724	0.943681552785649
PF03161.16	-2.35404056706848	-1.60721039499274	-2.80367192447867	1.31007876340241	4.05060708688174	-0.294602343869199	0.353333339276837	0.4683644596597	0.867550139819463	0.47392967032967	0.867294320075873
PF15738.8	0.227471760599729	1.13611124244172	-0.20068799301781	1.37117291071916	2.35102757222926	-0.504691970771632	0.253830791498822	0.306899943074327	0.798278949365496	0.239467732267732	0.776638890828611
PF18813.4	0.29045218769578	1.06947880622618	-0.133468552631088	1.14489677099396	2.74312658497915	-0.347045081799623	0.314666674624175	0.467946504375887	0.894904466268086	0.357462137862138	0.877012787773548
PF06267.15	-2.33570722552771	-1.44311884550715	-2.8187922571872	1.52421388870639	4.19821003494372	-0.30318812025157	0.340000006601966	0.473363893789856	0.861823041571089	0.445897702297702	0.862604684421281
PF02830.21	-1.32584070786052	-0.404626807244544	-1.92759362031495	1.55977031433827	3.99968223434655	-0.333623872756798	0.333333340277776	0.400373581964253	0.857064331600942	0.388043956043956	0.874392303720738
PF14317.9	0.00284228725854785	0.101165365859052	-0.0278182689768309	0.140978066720302	2.5890481912982	-0.0413871299170895	0.476000000890941	0.736419114859398	0.984985112525936	0.746278921078921	0.98247219122377
PF01996.19	0.938631087031673	0.790102348834791	1.02812222971806	-0.209125458257892	2.89417205674806	0.0674801585835912	0.46369087410161	0.717049203745274	0.995355753022072	0.722891108891109	0.985845059037507
PF06889.14	1.13080935468925	2.20067432057925	0.528193806192638	1.71140407350756	2.58518250171314	-0.599140426180133	0.18866668549913	0.179327374634497	0.70329044222391	0.0945946053946054	0.587587557147153
PF10626.12	-1.487655292283	-1.46801301572269	-1.50459622271343	0.10763245269724	4.0054406786707	-0.0249209438934986	0.488000000444701	0.702782420971565	0.971308190449302	0.754048751248751	0.96935255102427
PF12992.10	-2.30599744227728	-1.47334792653855	-2.78303985001224	1.34760951395693	4.27719451310803	-0.266559788582127	0.365089945421798	0.505435720521175	0.881460687936479	0.4905998001998	0.88686566683689
PF13226.9	-2.40455499899335	-1.56620701733628	-2.87152246213507	1.3179052866069	4.23045474600477	-0.268657702980129	0.369087280348433	0.477106729802408	0.888175946964334	0.493123276723277	0.892977549188379
PF06463.16	-1.96476246415912	-0.906991501914299	-2.50935906152313	1.72190914845648	4.30770990884321	-0.337170018550633	0.334666673541859	0.42958430990205	0.850486637528434	0.416588211788212	0.84961735779334
PF07944.15	1.96012639922273	-0.129513601351239	2.87866359324021	-2.85773818682069	2.91707395889109	0.897696306343404	0.115333368241392	0.0448594925765379	0.650482147517361	0.0157378621378622	0.190827787960161
PF13568.9	1.2460947345936	-0.0269317186691174	1.7203643291724	-1.85181963200547	2.34110708638827	0.700523364156164	0.170666688211038	0.112643133139889	0.778593488179096	0.0901446553446554	0.401146995509746
PF04738.16	-2.34378216265683	-1.51864245280721	-2.77904338532054	1.25409779283555	4.14919623155051	-0.261601718064418	0.361333338897062	0.487108213558568	0.864679572728237	0.482460739260739	0.877020471057813
PF14028.9	-2.31025675497186	-1.4024338867058	-2.76368559146043	1.35516747382033	4.21016535096377	-0.288640730902086	0.355762830602743	0.452208882360984	0.861665545200548	0.450956243756244	0.855199410942122
PF12675.10	1.45504187764414	1.00705897482412	1.66782634688057	-0.620184316921279	1.81768270545456	0.290600200675318	0.337774823495102	0.386246010096303	0.956706493297391	0.387454945054945	0.803701364914292
PF19570.2	-1.1849393036106	-1.01858766034631	-1.25138039661317	0.33733696049842	3.82366186485714	-0.0705760884291964	0.4633333346987	0.697359369839552	0.967432952439436	0.710310489510489	0.968462121262111
PF02696.17	-2.35076166322271	-1.54074259173958	-2.89126294433844	1.21355746571684	4.42193776121967	-0.23181604927532	0.37574950523133	0.498895630544382	0.882091753320474	0.498710489510489	0.895129807917839
PF05960.14	0.488483508268038	-0.0481014527357875	0.733641306275358	-0.771755838597139	2.8110750919454	0.21465422253959	0.373333338346419	0.51110118430858	0.986013143877671	0.445548051948052	0.875836186184163
PF01717.21	-2.3858573111575	-1.63323883141618	-2.75906183519854	1.21519932686756	4.17557041954359	-0.24826692629939	0.379333338078856	0.513771967351911	0.884064857744495	0.514602197802198	0.887489782086832
PF02348.22	1.60426515040521	1.57870735467629	1.61568037289334	0.0272683901919306	1.88711513040394	-0.0138137364367929	0.49466666686422	0.711148849119399	0.994414118209483	0.778067932067932	0.985317242207868
PF01564.20	0.595077160460185	0.47599695511792	0.653314857960408	-0.13186131691511	3.15774386956292	0.0353282381602969	0.478347768956934	0.764576135094673	0.994528499088741	0.745577222777223	0.97901057358723
PF17874.4	0.788605565094495	-0.052578997391735	1.10345394147345	-0.851857221957412	3.17645664441157	0.229853703088658	0.356000005815711	0.509066491681124	0.98504428948864	0.428742857142857	0.875017739278125
PF01972.19	-2.35408984362714	-1.47181323884897	-2.86718013693551	1.2813835007913	4.34504282150456	-0.255686160985571	0.353333339276837	0.463989950840949	0.878401045645843	0.463187212787213	0.875045735028185
PF08481.13	1.23654124532628	-1.52271510406103	2.3182828785678	-3.60741776022409	3.36670028389469	0.965776439666672	0.104666705727888	0.0532607667091871	0.602232592210372	0.0133586413586414	0.170214299712123
PF03453.20	-0.939876077995444	-0.363619213226147	-1.27916926547625	1.05031456201152	4.23125821099183	-0.210098979344441	0.37866667144168	0.535306007286061	0.93993719936371	0.533574425574426	0.940098962217706
PF03454.18	-0.787754307749096	-0.208623161409109	-1.16602613133486	1.05148444545006	4.04047757925829	-0.216354250573782	0.383744175098753	0.512154275960616	0.924446121521248	0.517094905094905	0.929168124926778
PF08713.14	0.404436557337502	-1.12373048802976	0.853335809686101	-1.88315628967091	3.03073288184595	0.54221627529205	0.243171232091409	0.184062190965784	0.885593231051278	0.181355044955045	0.60553144720533
PF14801.9	-2.36335253474035	-1.46928603465916	-2.80557877114373	1.39580988056871	4.18823725973029	-0.286229058805914	0.345769493313153	0.459625588979575	0.866350091285342	0.457930869130869	0.865239894302102
PF08704.13	-2.35523487953384	-1.45503890702711	-2.88948294111728	1.48088253440448	4.20575013858843	-0.291156235982293	0.346000006301487	0.436908877245189	0.849128088710389	0.432015184815185	0.844550452928468
PF17932.4	-2.16973189102053	-0.967442868521685	-2.86818855810291	1.88965701534153	4.18187916315407	-0.389209411335531	0.315789481567806	0.384781276887348	0.81663552095698	0.368762837162837	0.821247691178639
PF09661.13	-1.05259199761068	0.0702768783902732	-1.77934686959877	1.80678748355772	3.8059443171255	-0.410839260047689	0.277333343620393	0.31040387616078	0.797429962697957	0.283463336663337	0.793606621344005
PF19783.2	-2.27887096869167	-1.53114792160458	-2.75745349885009	1.32568879932329	4.24117588518289	-0.279300306656303	0.36400000543947	0.472907701288293	0.866705744718811	0.484867532467532	0.864248195885419
PF03412.18	-0.120246060208582	-0.96929699107882	0.580260456966509	-1.60285789235576	4.09279210210562	0.323404322667671	0.334666673541859	0.415242544182734	0.965875950445084	0.337265134865135	0.85231141638539
PF13417.9	-2.38392656599304	-1.56203583858656	-2.90858877599004	1.38586674607782	4.38640166246588	-0.270560975570317	0.357333339085605	0.469819904553513	0.874953589465952	0.472783216783217	0.88437268014121
PF18096.4	-1.00842974055111	-0.51702028692059	-1.30932564468686	0.798981677877785	4.0172713740837	-0.169701534039293	0.402666670413595	0.588771076787211	0.945433473158729	0.590562237762238	0.944873835295638
PF01963.20	-0.687222999076809	-1.46330055766977	-0.304586259400794	-0.978741151721167	3.72519119751069	0.226225112771066	0.376666671530504	0.49807244418632	0.955702144857344	0.455291108891109	0.849116997563319
PF19328.2	-2.29541482906393	-1.46689931463955	-2.81187907559398	1.37740917307444	4.15795618028979	-0.287926318008374	0.341105935917739	0.459054908457233	0.868346045742908	0.464344055944056	0.87584074266798
PF17203.7	-2.36260897976987	-1.60440500584218	-2.83294260553212	1.3602607371898	4.24817820103416	-0.267375095553807	0.370419725324506	0.466686366236385	0.865949363731903	0.470324075924076	0.87090520581267
PF13780.9	-2.16676258405672	-1.56228325153886	-2.53144658136541	1.04957269636847	4.15648248900225	-0.209787995835333	0.383077952609488	0.530844252576382	0.911818198226704	0.532613386613387	0.919055974918317
PF01135.22	-2.33813578275882	-1.49890547216417	-2.83220789783954	1.34596260513263	4.13544027799941	-0.27994305757863	0.367333338619035	0.463522172411747	0.861892716556047	0.453963636363636	0.862152771911638
PF00059.24	-2.15527715718518	-1.41182700233014	-2.55509243501791	1.25114547215721	4.13649100048057	-0.264773918286504	0.363333338803763	0.491690048238069	0.883539305250944	0.480891108891109	0.876530383480909
PF13977.9	-2.32029858426754	-1.42190068680508	-2.85454108239591	1.48448800184411	4.15999776689831	-0.300860357186923	0.344000006400862	0.442713957687491	0.854732752542474	0.440745654345654	0.861678981182518
PF16881.8	-2.25611818686181	-0.434981515851791	-3.15230712700533	2.67502090121607	4.03953260590214	-0.573416760554254	0.222666681502626	0.201098423804709	0.680802588478485	0.188937462537463	0.671175145634776
PF09976.12	-2.38070569079466	-1.53912231066765	-2.82394908813771	1.37378432805919	4.27911317685495	-0.262054355957196	0.352666672642312	0.48403895039682	0.886428486541429	0.468373226773227	0.886424999254967
PF04830.16	-2.34314355960467	-1.35938676771945	-2.86321102617677	1.60102835646183	4.11829574691993	-0.311497153064984	0.336666673438699	0.430016320586935	0.857473051035037	0.424360839160839	0.858321318830251
PF02171.20	-2.18779984433131	-1.49519356714748	-2.51830633500606	1.06373391666003	4.03730054215122	-0.231977881996766	0.392000004195757	0.526124698757929	0.89332102357532	0.525483316683317	0.891227790346813
PF16924.8	-1.35875675255504	-1.50993756004402	-1.26459841441619	-0.273148338459911	4.21487676839	0.0450235430504549	0.473333334323805	0.738088675668935	0.984566438563973	0.703913286713287	0.95851895340408
PF18989.3	2.27322554199605	2.46597403157869	2.21835289737088	-0.00936287163018701	1.99291748235227	0.00241234633221345	0.498000000074075	0.532794276952995	0.999513479045033	0.801622777222777	0.991907604239022
PF13231.9	2.23277142806762	1.9471136516214	2.35419194994702	-0.429210989021407	1.95810805164013	0.163334604842004	0.402000003774635	0.539871973506261	0.996670754536592	0.5220999000999	0.940967996781581
PF03646.18	3.9323876751542	5.0560114544522	2.44209603121691	2.26526515361738	1.77322321631807	-1.17199466490503	0.0939374191989484	0.00473987812844273	0.213349514490511	0.00986293706293706	0.259997749715788
PF07581.15	-0.591049297802629	-0.482403159454477	-0.653151318576908	0.122557088856946	3.63954556849473	-0.0304111121898614	0.486000000518925	0.757768166550885	0.988236900083899	0.768980619380619	0.980664341669978
PF19510.2	1.06177090835137	0.533365415526609	1.33678904680035	-0.816874562118717	2.16359551537315	0.31173500034497	0.330446376173551	0.341673974986512	0.956799666023409	0.35733026973027	0.791594043437432
PF02485.24	-2.41129500349188	-1.50508004637455	-2.90152958178766	1.44876853741389	4.30266004911203	-0.285410711665037	0.343333339767493	0.460099670951963	0.861715077924984	0.452169030969031	0.859969404493389
PF18922.3	-0.996863131961308	-1.44872828878725	-0.770877238713801	-0.425347966392343	3.82684577025562	0.0858442051971958	0.450666668511789	0.664127920368768	0.987913831601707	0.631468531468531	0.935464664185759
PF04724.16	-0.468546090474337	-0.0851216666650476	-0.628120783445249	0.694802206467119	3.42594508375917	-0.153932589647168	0.412000003363445	0.670713910370764	0.955607759930635	0.622660939060939	0.950024605622541
PF05523.14	-0.151247367672692	-1.43574152046031	0.320879622277243	-1.66508182055871	3.20791846888725	0.442630345989185	0.27466667713935	0.294215308920314	0.905994312115528	0.241773426573427	0.66593502437594
PF08759.14	0.482297839683706	-0.788680030710839	0.877862944177633	-1.66070968277775	3.29443154296976	0.457138390342028	0.284477025113961	0.285510498618452	0.923421469081009	0.238614585414585	0.697791987372214
PF14264.9	0.448744831465096	-0.877715817406704	0.999207126556068	-1.81730968716846	3.33408923645601	0.488310828057403	0.259333344934747	0.242862761724883	0.904033188370764	0.182914285714286	0.635077364651671
PF09359.13	0.494585457230258	1.85716563236375	0.0486997985352522	1.62003743911896	2.83371100143338	-0.442260423913232	0.283333343213252	0.386822877075619	0.857178552663556	0.259218381618382	0.815398303142481
PF16316.8	0.94287658116523	0.959350732566048	0.933194379793639	0.177394749668309	2.36214950735766	-0.0577537714603531	0.465689541581532	0.700878958119868	0.986450541287857	0.717157242757243	0.982965777008606
PF04794.15	0.400390803442628	0.793504619216689	0.168047784312683	0.785763891610037	2.64126159992098	-0.265867900361669	0.366000005347005	0.489379922010209	0.918517055118455	0.492003596403596	0.925020077654654
PF19554.2	0.743484673359831	0.00396041447235707	1.2633451016502	-1.15794416370577	2.77806587073845	0.331116351507781	0.312666674737943	0.417214964095647	0.956833378851945	0.303936063936064	0.784924122781743
PF13526.9	1.66729402298889	2.58738364341436	1.15528631735759	1.28304659237228	1.64472841896717	-0.627191437100226	0.219853446149311	0.350328915607287	0.788255208464309	0.132261338661339	0.676281110325596
PF07745.16	1.44961739438102	-0.522109961829942	2.29663532802649	-2.7560675344731	2.89555133340338	0.91041494846196	0.120000033319262	0.0548463461288504	0.667206787263676	0.0234733266733267	0.231408251821061
PF11738.11	0.787135121990052	0.732994618648849	0.801625311689564	-0.00154613312550111	3.12357016469666	0.000482505690095273	0.49966688875316	0.703531267379344	0.999518237118859	0.773331468531469	0.994591766824358
PF06161.14	0.767858447358261	0.412115378880961	0.980058099510158	-0.572079933006707	2.95591536934743	0.162129016164555	0.411059297201336	0.608911914576991	0.996882754744139	0.563013786213786	0.953235002910697
PF20462.1	-0.166718317611326	-0.287877496105317	-0.11976081457402	-0.0908819159133714	3.23819006336233	0.0217813169048135	0.488666667086636	0.689410725809896	0.991292192659687	0.733621978021978	0.975551862048297
PF03588.17	-1.24011377854181	-0.964962091986166	-1.39065236010775	0.564366713323451	3.84625465496659	-0.128502251824738	0.430379749461449	0.602028120840327	0.948549781215991	0.626282917082917	0.950264165330117
PF02617.20	-1.57814119398865	-1.54558379822947	-1.60134475857949	0.222229653827099	4.1204538944917	-0.0497940954501874	0.471333334398563	0.716126147204172	0.969905402948213	0.740327672327672	0.975856613064217
PF12965.10	-2.31630463337621	-1.40412885039668	-2.82336528464799	1.44685663788649	4.19196463624386	-0.298293108292849	0.356429053089343	0.471496370845631	0.856569491449344	0.463775024975025	0.8688243240177
PF10006.12	-1.39169806220434	-1.35699121492027	-1.40766250991423	0.252295424713158	3.88125984859568	-0.0540538275386904	0.467021986568215	0.722717298838346	0.96537811925948	0.717412987012987	0.964552609068342
PF18050.4	-0.643268162084481	-1.40591042161204	-0.15103405883641	-1.3479746746599	3.97622479161182	0.288122398528817	0.349333339470879	0.48445400275135	0.961631062152954	0.4088	0.847778927836686
PF13474.9	-1.51430641462391	-1.49622904281578	-1.52642119798068	0.117073519737803	4.23884309048801	-0.0251464232754341	0.48500999389272	0.735127195098102	0.977013929669484	0.764592607392607	0.975412976776771
PF07592.14	3.22123122104016	1.36924457148326	4.09761044830004	-2.75457816082963	2.40788614856602	1.06681956262486	0.0992671966727295	0.0258494344252395	0.550944969785229	0.00800719280719284	0.142188594352422
PF14358.9	-0.932650791899738	-1.36279206701889	-0.71434549676739	-0.385833028618108	3.70828889428091	0.0823636326847289	0.449333335229345	0.657584789559322	0.98067343492658	0.621762237762238	0.924294953553236
PF12669.10	-2.36645539169263	-0.93956092638944	-3.11709498250386	2.20555293820962	4.21486354263538	-0.453712831004944	0.27981346779843	0.331745047829649	0.775780846773996	0.310011588411588	0.766499246267435
PF04434.20	1.59920575911961	0.463813780798004	1.97718830935383	-1.51944571621525	2.617918729041	0.517278779208056	0.231179227843191	0.164310267896713	0.898206275293907	0.132554245754246	0.573291163033877
PF17124.8	-2.33197376083849	-1.41024635597167	-2.82614159384149	1.33687339090728	4.12347205107716	-0.261740947878352	0.350433050712716	0.464165053114804	0.870957148013201	0.443076523476523	0.869265155500523
PF13566.9	-0.021744010626521	-1.54924884535057	0.535327091893737	-1.83771372331815	3.3352235491251	0.466520458791836	0.257333345090326	0.2529770652744	0.877356625932099	0.196501898101898	0.612447284800414
PF06452.14	2.71381325759278	2.5233817231359	2.79169458141954	-0.0839997706102436	2.307698173157	0.025426611169521	0.487674883867214	0.835334865097602	0.998421439455609	0.793930869130869	0.998705467306882
PF18988.3	-0.706231655098589	-0.71443184012653	-0.704761439622061	0.145582750328961	3.51814223684311	-0.0333063423376189	0.486000000518925	0.760499999136031	0.981719689685839	0.752591408591409	0.978572856855487
PF15979.8	1.11787352089561	0.440951117112868	1.35059285441736	-0.876788549329016	2.93105460571627	0.236415097917616	0.372000005073218	0.471224465350968	0.991014599372418	0.418396403596404	0.905766717888704
PF17829.4	1.13351360919649	0.456188055533959	1.37602422833439	-0.883942371234781	2.99667809946116	0.24014907157611	0.362666672168125	0.48463347656794	0.989739847726309	0.425096903096903	0.912795426653249
PF13366.9	0.775369722832677	0.535407606294943	0.90945870382935	-0.320020858488475	3.15227994520967	0.082867349155358	0.44533333538252	0.741242974532945	0.998282407981177	0.665460539460539	0.97236867170918
PF08849.14	-0.48433421001147	-0.517197196490537	-0.475414649959452	0.104372167503789	3.49215096203618	-0.0229006498112841	0.485676216386335	0.750851702801841	0.984291330967042	0.76224975024975	0.982377749207281
PF13592.9	-0.390891318483444	-0.535894961557877	-0.273943030813135	-0.226908154514179	3.65770192369244	0.0444859768623415	0.478666667458231	0.756189104123932	0.991048855614375	0.729271128871129	0.972114657361244
PF20442.1	-0.20413816265763	0.230202323605087	-0.450097273086451	0.738434629806831	3.52770951863111	-0.189452599332911	0.387333337729382	0.536130782419707	0.938666911645445	0.529036963036963	0.939331559749996
PF13337.9	-0.0509751082911407	0.340108444278476	-0.249602556701799	0.744029724651636	3.19962130085436	-0.172591647069357	0.386409065056362	0.574155801829181	0.954131929744972	0.567000599400599	0.94699670235322
PF13182.9	-0.51312927843711	0.696532590162064	-1.39936484915421	1.98261750822052	3.57464290332629	-0.492465515187483	0.248501011786862	0.245217809999271	0.748568189468137	0.196739260739261	0.735742991597436
PF05017.17	2.20254900871121	0.27799205518012	3.14344291206964	-2.92149794004319	3.97790361938859	0.663425909069303	0.204000016878137	0.12574831704512	0.847916838985487	0.0559128871128871	0.435608089547055
PF20251.1	0.307192970806741	-0.192717807170314	0.593975100814899	-0.818761564526823	3.55856909368587	0.199661122268173	0.382666671265601	0.579945309249527	0.985726158722432	0.4959996003996	0.919468976748608
PF10923.11	0.77126280438482	0.358882244872483	0.944743975058659	-0.627883619080966	2.43518279442736	0.214076645338046	0.386000004453745	0.416902489471652	0.979045306543133	0.48508011988012	0.892511258715506
PF05686.15	-1.16055312224628	-1.01264699295669	-1.24962201293589	0.103550841217502	4.11465230237413	-0.0213595028662656	0.489333333728575	0.717561380313312	0.981142546036464	0.758811188811189	0.983176211653592
PF19092.3	-2.33610489633469	-1.28034086522958	-2.82165937933903	1.65284552877057	4.19662474809568	-0.328850213171155	0.333777488590993	0.428492839417642	0.854033616229864	0.420576623376623	0.841699344553623
PF09860.12	-0.36752137942548	-0.872920357152648	-0.0741125680995465	-0.417675606311427	3.90718167891236	0.0972560065939407	0.447333335305835	0.692596994883542	0.994809122918316	0.658358841158841	0.959202932183198
PF02445.19	-0.532992675274853	-0.560811448086347	-0.512142571009633	-0.00440931486744045	3.6384169012345	0.000631154633473872	0.49966688875316	0.757203433688992	0.980100326230459	0.755641958041958	0.976075928004174
PF02829.17	-0.892316092678141	-1.03174000495152	-0.829917118051235	0.0515766316622157	3.77045649408439	-0.00961355856339808	0.494000000222254	0.761957528200279	0.988998888515462	0.767746653346653	0.983036173735742
PF09234.13	-1.64020129983489	-1.00699960709539	-2.03644851284776	0.935080265524169	4.0780688625211	-0.206097645315816	0.395069957424349	0.541227802888531	0.923171487874633	0.552816783216783	0.936766666523152
PF09515.13	-0.775396159117919	-0.973557858022303	-0.682459179533181	-0.271713606442622	3.59217217669762	0.0643939029045908	0.468354431554951	0.74145730808506	0.989433258373579	0.701202797202797	0.957881035790884
PF07348.15	-2.06800101350825	-1.37361802735646	-2.43564638121845	1.10076180727847	4.17263553431534	-0.2186423259418	0.384000004540694	0.542275195139483	0.902406971548146	0.524576623376623	0.908503740239682
PF03706.16	1.09868603335782	-0.895074415402544	1.67867355935606	-2.4358026677702	3.21309444653105	0.67537683293087	0.170552986224705	0.138774676686342	0.815700587342007	0.0613794205794206	0.372864758769928
PF16927.8	1.78450694915938	0.967247308859489	2.13636439393522	-1.19908592525723	2.13341482640298	0.480178388320195	0.245836121937002	0.178717292418934	0.909930477435755	0.169414585414585	0.636613831751724
PF16472.8	1.04560892549181	-1.01456233955293	1.54316698211002	-2.5102057144047	2.84107880672932	0.792252370153591	0.156000024191751	0.0812681486936332	0.758249051669267	0.0601086913086913	0.357276416800737
PF08367.14	3.19553757845793	3.35013279327926	3.13284852148393	0.320056701462439	1.15188980259684	-0.204870077866688	0.38333333790312	0.381440461644409	0.948975153233694	0.521661138861139	0.940922587696224
PF18907.3	-1.27246812430207	-0.538999839737851	-1.8147764381056	1.18001486876789	4.15645286434548	-0.252116990773918	0.377333338167504	0.46793743763656	0.908477762467862	0.481544855144855	0.926040580488827
PF09986.12	2.24392783061347	2.97463422994934	1.86972053755461	1.14255114918388	1.36278580621542	-0.758350154243561	0.175882765513751	0.077763069770304	0.5349701341598	0.0788611388611389	0.514647947285473
PF12725.10	0.188666895695656	1.05460519264738	-0.296834062191919	1.29491148348015	3.34063032720553	-0.309846286274347	0.335109933558651	0.417656476473325	0.896608417255514	0.385768631368631	0.900896939752138
PF19275.2	-0.495550072794307	-1.47567096293986	0.0255663457110815	-1.15242010881628	3.95035945367104	0.233631466085678	0.362000005532558	0.526974032823625	0.971398627817465	0.415996803196803	0.858562835475455
PF10021.12	-1.63701998371514	-0.297105157873749	-2.34261261107975	1.99325879278456	3.96470668001898	-0.439719583529112	0.277148577907692	0.318255349970239	0.781954498411765	0.294923076923077	0.778996047978263
PF14478.9	-0.684609270480468	-0.017037886710443	-1.00874965402628	1.05309734511418	3.25035101815747	-0.261127385892221	0.36175883298481	0.482971273270223	0.900943597492671	0.451125274725275	0.897639078607247
PF16990.8	0.0588862280966369	-1.0060176123676	0.379882417874891	-1.29103668422203	3.1909656370303	0.345549808424709	0.31666667451148	0.384193013926076	0.942837095638482	0.346499100899101	0.763973407456184
PF02677.17	-0.0827408827397589	0.241880771673773	-0.212176197832888	0.393668086279815	2.8831074659105	-0.104893019951756	0.445702866789121	0.745818811275059	0.980790417444011	0.681348651348651	0.96876013102547
PF13023.9	-1.09464588692502	0.0462667646061812	-1.7420367924938	1.82460222205079	3.65574845301784	-0.427675400288619	0.281333343347389	0.322438696806646	0.794702280104812	0.28741018981019	0.778270890733266
PF02732.18	-2.08856572991971	-1.41544074077021	-2.48160527848973	1.14356050869054	4.03720861155513	-0.246922280133499	0.363757500446794	0.505959253258417	0.90679630852747	0.507468531468531	0.89893608230036
PF08719.14	-1.52298244924971	-0.431013824371249	-2.1777149509277	1.62348640335998	4.06069657987419	-0.341584287095065	0.318000007770269	0.379804570427101	0.845457870934771	0.363964435564436	0.844642336554567
PF18127.4	-2.29093994166056	-1.60081395719874	-2.77915498402856	1.28098799179331	4.14104083406714	-0.272635102190235	0.368000005255151	0.482794980363931	0.877274466200558	0.488392407592408	0.883478693421941
PF10047.12	-2.27464836287287	-1.49624486843564	-2.7102761440479	1.20475578437826	4.26922311854363	-0.228830101390079	0.375333338256687	0.486143834051217	0.88890427510049	0.502171428571429	0.895318741646186
PF14020.9	-2.3536003222834	-1.44937165447558	-2.83622712476824	1.48238420289263	4.25761669765459	-0.298641342150462	0.346435715798556	0.444181991747604	0.865586686204906	0.448258541458541	0.871078398878711
PF10547.12	-2.37957781186913	-1.55845023561321	-2.80692474772096	1.38487501729105	4.23393058698687	-0.267109094022463	0.362666672168125	0.475672377060875	0.885481046150489	0.465268331668332	0.875253058116942
PF00959.22	-1.84949514952151	-1.52118192676059	-2.11184045030523	0.564297856753763	4.18097218844672	-0.117655767487368	0.443037976818143	0.605373674094456	0.951438317567034	0.640595004995005	0.964069299258104
PF20195.1	-1.97601036557654	-0.937920786157711	-2.52297875200674	1.6264375641744	4.19594541487833	-0.341844936622784	0.336442378526689	0.425213135934674	0.846772782400788	0.409235164835165	0.841544986123222
PF05704.15	-2.34705256598826	-1.46540144445013	-2.89322097404799	1.46131157548998	4.18266385179925	-0.298521689357261	0.353097940657105	0.448787927690884	0.885897556018508	0.460753246753247	0.886377301714612
PF14281.9	-2.23270559766519	-1.44206230366437	-2.68496767710002	1.23591823199633	4.33478009943473	-0.25097494471792	0.371333338436713	0.485710788956326	0.879667897527469	0.507255944055944	0.885754496225832
PF19601.2	1.04550885975627	1.36010628838598	0.879262801850166	0.414427020921708	2.35411679708196	-0.128853538826258	0.413333336642635	0.650190762100556	0.970328664034706	0.627190809190809	0.966706258268503
PF03799.18	-0.613216977402989	-0.494035676162113	-0.705382221323776	0.231521122351888	3.75675580560287	-0.0520051722310095	0.467333334548396	0.67314191107721	0.977903817617298	0.729454945054945	0.985287609510808
PF20335.1	-2.20880996038416	-0.925715763182628	-2.91587350590485	2.08554572039006	4.13569312316947	-0.403505988442764	0.295333342439321	0.327969544185792	0.805283196163753	0.313737462537463	0.795556676594802
PF17117.8	-0.520690845530378	-0.979462209231931	-0.277536051653653	-0.484477323288813	3.79222861017429	0.116367001227072	0.443333335459407	0.671518477262922	0.987739328778854	0.628994605394605	0.943134464530908
PF13739.9	-0.614595840190744	-0.947562772706305	-0.479570437982161	-0.400367437468095	3.33780513222025	0.0905498611585701	0.447333335305835	0.646895526791832	0.987887890956358	0.622968631368631	0.93093979589048
PF16661.8	0.15597961675076	-0.925285014083348	0.550456907321815	-1.54698300029661	2.93544021244429	0.457724440160355	0.291333342691635	0.246899884710949	0.914544782586218	0.262798001998002	0.704319663592821
PF19306.2	0.647479685975572	-1.5179496431809	1.26355994808952	-2.68265919772536	2.83877802444688	0.851877507557946	0.13000003029109	0.0703907341816881	0.684409034236621	0.0434365634365635	0.269151407631727
PF08494.14	0.648756277898052	-1.50991675894685	1.2765971583985	-2.78145827035829	2.90394764600249	0.894624828277426	0.124583642755893	0.0664686255697866	0.675446868937831	0.0443724275724276	0.275565732804789
PF01693.19	-0.636933592547841	-0.924134484039741	-0.50140966799444	-0.413909606384349	3.53460610580707	0.0911545267380477	0.451032646732127	0.652335250124929	0.990582591086722	0.634009190809191	0.947987889646428
PF12997.10	0.655573299452325	-0.233187938371303	1.08460333805617	-1.35118863646769	2.92264937749005	0.402949417654814	0.306000008458571	0.270011834551689	0.932904770145726	0.266317282717283	0.727426358701856
PF01899.19	-0.853191959525519	-1.49510262283792	-0.640129641589384	-0.792857850285704	3.22432124818957	0.200647131355317	0.387333337729382	0.508662306493759	0.967766668129119	0.518382417582418	0.869984176668486
PF03334.17	-1.35878314055209	-1.51277612841364	-1.27330379808479	-0.0608599119027344	3.81593517061394	0.0148273343747812	0.490000000370519	0.75314693873171	0.974187001251464	0.737841758241758	0.9656834173778
PF19753.2	5.00077547666059	6.00355983485014	4.5122412234021	1.48694543937803	0.870722710902157	-1.6508103782175	0.0360001237966477	0.00161780786868352	0.124764589191127	0.00238161838161838	0.136261701837027
PF10704.12	-0.791895032457318	-0.772226245398963	-0.801986570864001	0.105711254319043	3.63582534970796	-0.0231291287816847	0.48434377139911	0.762710499645925	0.983322141455126	0.778155844155844	0.978780151547827
PF09365.13	1.81030039289651	0.185907521121705	2.43816085606035	-2.57613703499405	2.77620027497784	0.839565469954381	0.138666694678435	0.0522757730543572	0.679732095099413	0.0305374625374626	0.265800616372244
PF18560.4	-0.290828970075697	-1.4466692690283	0.214007692424958	-1.42780375537499	3.6522331908058	0.357578508305663	0.313790814125779	0.391752003255413	0.943989420525474	0.317647552447552	0.764243925899149
PF19511.2	-1.13428007222556	-1.49324682208834	-0.891381914773377	-0.525221753561679	4.23765787294155	0.106013596928789	0.44533333538252	0.682293988082494	0.988346772813798	0.634163036963037	0.946034099986666
PF18555.4	1.05288367948179	-0.212620597415394	1.88369094189798	-2.27897698542712	2.95138692959634	0.67772570884496	0.185209879382212	0.0924065843085531	0.769102081167164	0.0708539460539461	0.408261884552831
PF07090.14	0.386110683722869	-0.98460936495707	1.11654967600621	-2.01118673887265	3.30881575099601	0.517815431665636	0.237841452413626	0.219624964593534	0.878870487128996	0.145715484515485	0.578111558005901
PF11208.11	2.37100917303037	2.2470006055923	2.42059807857597	-0.240081581354581	1.37812347727927	0.152592492311579	0.424666669521598	0.525063960532993	0.981823216079583	0.591395804195804	0.926844594726497
PF18928.3	-1.07837006750267	-1.4772307484378	-0.790715674243865	-0.725735963941346	4.14735751086074	0.14991434055716	0.42266666960106	0.645730580030822	0.985449826461408	0.60248031968032	0.936526032009387
PF11436.11	-1.85020596435579	-1.54135480985297	-2.04818898102225	0.642155735606456	4.04975999474472	-0.120153911428465	0.431045971953661	0.610044953589911	0.936821673821813	0.626821178821179	0.944324470672377
PF10026.12	-0.610137323681384	-0.455115720176627	-0.684806230047767	0.315719284886428	3.62696588696996	-0.0785511466511147	0.458000001566609	0.723708889938692	0.973269727203968	0.709082917082917	0.971840635854677
PF13567.9	-0.605878435847005	-0.519870243471239	-0.646803234065407	0.188805655991989	3.43902704757985	-0.0522741734648625	0.474350433995858	0.720455140965081	0.976518036921159	0.756980619380619	0.980443021336417
PF19623.2	-0.282747397473127	-1.48812990574127	0.278733521365293	-1.5427456675535	3.39065651308344	0.39599468479994	0.290666676067556	0.318497072645326	0.923000383651522	0.269895704295704	0.729229986667434
PF18475.4	-0.758390419269278	-1.50822335207052	-0.463108609988848	-0.860938411368723	3.63956191464901	0.19805823033113	0.392666670834013	0.532717474176389	0.966440700493399	0.504932267732268	0.864111257731694
PF14094.9	0.0123643883594777	-1.04237935566263	0.457197514791818	-1.3593710331771	2.98770876240796	0.373656612892085	0.296666675689746	0.329590998653631	0.928206015708691	0.269971628371628	0.720390557385316
PF03885.16	-0.404030678666063	-0.229770402891608	-0.492639862381929	0.307953748457731	3.63685461339373	-0.0673398370835623	0.46502331908821	0.720692751712069	0.978352586279001	0.739968431568432	0.981906803651797
PF06968.16	1.98515871382481	3.32950179282718	1.51703250511429	1.73030044113828	1.64116291473407	-0.928887146949511	0.162558317391277	0.0943748753143954	0.576147288022707	0.0607896103896104	0.502910255737949
PF14107.9	-1.84640240123806	-1.48770510810357	-2.06318968577217	0.656263128549312	4.13000656365521	-0.157467352153445	0.42105263457369	0.599320965778443	0.929496399747984	0.611556843156843	0.931904239061897
PF09553.13	-1.62527575907589	-0.50140004336517	-2.22230273675702	1.75277372827969	4.01848226922068	-0.382426131283506	0.315789481567806	0.379073725220891	0.835417203599664	0.36234045954046	0.834608916299671
PF10137.12	-2.2210561038277	-1.42203968460575	-2.73131816354745	1.24862659763705	4.21648315415668	-0.259111621968271	0.368000005255151	0.471703295170164	0.875474788595273	0.49452027972028	0.8887403266813
PF01969.20	-0.822008600038238	-0.779005746149906	-0.848324203144972	0.125853875919611	3.689147012332	-0.0249207755804054	0.485676216386335	0.760217419604037	0.979095048474041	0.759224375624376	0.976138779037432
PF19845.2	-0.159357294163528	0.190684123210008	-0.400139384685542	0.567324342938658	3.36189792861129	-0.139752480901095	0.40933333680553	0.594498705396986	0.948872591598331	0.623288711288711	0.955541337932265
PF19694.2	0.685527446354547	0.847931126326851	0.599967410942026	0.202695047947262	2.55802842203468	-0.0653134366663163	0.454000001718247	0.730250111157618	0.979675972143612	0.719814585414585	0.976143041797481
PF20037.2	-0.421953070189681	0.151217966371883	-0.828454769607151	1.0505214602862	3.82819093026316	-0.232928036515759	0.36933333852758	0.512931083424178	0.931730727753966	0.510125074925075	0.939431245377712
PF12869.10	-2.12620129380724	-1.40463014819661	-2.46955372884863	1.07353192083523	4.04947831401499	-0.230468458282371	0.368421057860494	0.515827405618814	0.882033367275384	0.51946013986014	0.885293457264341
PF04074.15	0.34181748767174	1.69580920758832	-1.0117867350553	2.53981067436204	2.66345098111597	-0.915681268741576	0.113924085998685	0.0251383610220504	0.361417606446959	0.0282173826173826	0.337476065198686
PF19610.2	1.85478818168596	1.8661300839912	1.8495894143963	-0.00174973892994501	1.98687351242424	0.000612699308187627	0.5	0.788500496599848	0.995433462244398	0.817806993006993	0.991246426914464
PF09704.13	-0.2052035916421	-0.0293300418542399	-0.276202437858704	0.411873162910035	3.14107407496202	-0.102466915980576	0.43637575189238	0.664802265261585	0.968008497316938	0.663730669330669	0.968016099833237
PF05107.15	0.607950609310005	0.190331878347948	0.733193378867162	-0.554440692324872	2.46214402097453	0.177321512941059	0.40133333713572	0.475005216508964	0.988219482043532	0.550275724275724	0.914009045552942
PF03714.17	0.336316559880784	-0.47201697306677	0.825400968510456	-1.0922770271211	3.65890744380701	0.264380309695103	0.350433050712716	0.498779055095535	0.980498206463853	0.384418381618382	0.875259862905591
PF10040.12	-1.99162278785294	-1.47685501994432	-2.30944549766911	0.937371339628161	4.22931096268522	-0.198923484980803	0.39333333747232	0.55088249058104	0.924374374020386	0.563499300699301	0.931041583728657
PF12945.10	0.534302981537865	0.459863305804991	0.579236332742492	-0.0200932612579878	3.35784125650516	0.00410292935584348	0.497668221272125	0.77268644973896	0.996901301492287	0.800587012987013	0.993531556060229
PF13750.9	-1.41874361425557	-1.54564741072859	-1.36279805856848	-0.101176435682751	3.85553114206442	0.0218924239888399	0.48733333380277	0.747584794501844	0.976274335053395	0.725343056943057	0.956271400086052
PF13203.9	0.158304455031014	-0.468041150077009	0.4183833120867	-0.81347382798856	2.94749956805084	0.224105256762787	0.372418392789095	0.497297569166661	0.973750586756133	0.455403796203796	0.869762937142325
PF09967.12	0.558157989614315	-0.268669863430728	0.787070855356647	-1.06728602504095	2.51752820777295	0.365589335868116	0.315333341253158	0.295462680299132	0.948467493766851	0.337280719280719	0.771313497549682
PF09527.13	1.31425399810356	1.53389806460593	1.17716926280993	0.395960023915211	1.91360693502802	-0.167477747306713	0.406395739763836	0.557700895065459	0.956965415953812	0.624244555444555	0.965046921059983
PF10020.12	-1.10575057324522	-1.0680651673455	-1.13240757145589	0.34848216221286	4.18075200122563	-0.0688270299398194	0.46502331908821	0.702692059275064	0.97817209656841	0.752382817182817	0.984475199617535
PF19668.2	-1.98313160816834	-1.55257357359221	-2.27864744496483	0.786128616913812	4.42543878934223	-0.159890096550696	0.426382414508798	0.572763878333294	0.918874854057301	0.595775424575425	0.927006771854479
PF05194.15	-0.956863442297053	-1.49607539818617	-0.749269467459505	-0.51953348952619	3.48594996457426	0.132191022738872	0.430000002644423	0.582358812090591	0.975299930107778	0.570444355644356	0.901483227115004
PF16468.8	-2.32780642889805	-1.41484965099755	-2.83728801821909	1.3581779647031	4.41911206596335	-0.252397732146974	0.363333338803763	0.491283249527596	0.878877717061438	0.464171828171828	0.881304107380484
PF00261.23	-1.83914392401497	-1.44405224003944	-2.04719425423588	0.75365147169091	4.11255148664212	-0.152761744017314	0.413724187166488	0.597058755750114	0.931020715711566	0.599142457542458	0.935332245341925
PF09966.12	-0.597027927712742	-1.58992895906044	-0.173764228020731	-1.36603307260588	3.45592277019961	0.336168949158508	0.32844770872428	0.379028019646984	0.938667480352486	0.350610589410589	0.77935582348583
PF07486.15	2.95229832676414	3.64900121609221	2.79114470527868	0.839818004282508	1.51480141538745	-0.453230469530707	0.303333341950445	0.421453752781478	0.93483498404769	0.291121278721279	0.901533980417757
PF19909.2	-0.616464924611525	-0.962576382923398	-0.413504312562224	-0.497272574966096	4.06524145829059	0.107935394978636	0.43970686435495	0.678137448682455	0.991896245653586	0.63804995004995	0.950782236745217
PF17786.4	-0.873118311463355	-1.51258247917808	-0.504566894475635	-0.859770070767736	3.81965289928024	0.189537295945011	0.402000003774635	0.594854732724138	0.978932252944206	0.532328871128871	0.899557102959966
PF17753.4	1.3710223874422	0.0946821411443866	1.6827316271934	-1.56976183109789	2.766342179852	0.505427811025039	0.253830791498822	0.17708958005998	0.906305843380118	0.168237762237762	0.629090388380471
PF14243.9	-2.33932443351035	-1.48675246841956	-2.81182510533078	1.40856504814902	4.17176611187258	-0.291556413934408	0.345769493313153	0.459323387739808	0.860902318593259	0.445497702297702	0.858504963299805
PF04446.15	-2.32107809062802	-1.46128613346355	-2.81127031414508	1.38944655726514	4.26784562560347	-0.286316318129389	0.351765495684751	0.447199252880498	0.866754262408084	0.45798961038961	0.86348954440226
PF01051.24	0.26621466835535	1.65852887566744	-1.22807901819637	2.68818967977539	3.0595742331952	-0.795240302124022	0.160559650203506	0.0379988182258983	0.438832864186939	0.0523612387612388	0.470188515973765
PF19453.2	-2.24417954561771	-1.35755514712621	-2.72522671143542	1.30351292813088	4.00674964625171	-0.269569901277879	0.351099273198694	0.464738595601822	0.857357029410729	0.444087112887113	0.852066600773627
PF11007.11	-0.211570187069855	0.741962792837097	-0.642213958358748	1.3989282112534	2.56757344982418	-0.443361541867836	0.284666676458011	0.394309614631774	0.82846512148081	0.286199400599401	0.794849243849199
PF14104.9	-2.01339090417119	-1.52572978947509	-2.30955254951662	0.760633682277386	4.52784491336555	-0.145694858406738	0.425049969524827	0.593180643242791	0.931625938137324	0.621966433566434	0.945929925506124
PF15595.9	-2.04022089574471	-0.846959757316731	-2.7110221190429	1.84478040755357	4.35447095148722	-0.370442791051353	0.341105935917739	0.403175973406104	0.858364491115157	0.407495304695305	0.874061170769822
PF13240.9	2.25794626258704	1.82686167252327	2.41606976856292	-0.659715921870944	1.77581586873754	0.320635999028527	0.333111266107309	0.358986383772423	0.974731045743135	0.378681718281718	0.863341810459983
PF14561.9	-2.3625293613541	-1.46565231304431	-2.86192623393643	1.30512353379161	4.19942373155304	-0.25767492858089	0.361333338897062	0.457694736793153	0.867794276065515	0.463793406593407	0.870241431599393
PF12746.10	0.875995370886368	-0.190610541197242	1.11971188262166	-1.21163425565372	2.8401814901201	0.343847040980786	0.333777488590993	0.303752871866196	0.963243333896154	0.348593406593407	0.821902682551924
PF20582.1	0.814326316031396	-0.127210507220382	1.10783587014712	-1.04933519656709	2.74308956931077	0.314363880554196	0.331333340382384	0.312469431986345	0.95804107403774	0.342827972027972	0.809187673228514
PF05209.16	-0.369835993609005	-0.556484216221016	-0.24701921589634	-0.155558463065564	3.56730122989463	0.0402535740787753	0.47666666753275	0.778680621583853	0.989915736840343	0.715324675324675	0.971160327328083
PF03775.19	-0.219379656843603	-0.460815263809555	-0.0338763304306351	-0.342977955274847	3.5621437902151	0.0797024643403257	0.451032646732127	0.752770005802751	0.993798824508372	0.685553246753247	0.965598715671666
PF11443.11	-1.77729430874419	-1.47063825840551	-1.98096267418224	0.566568888321369	4.34951589248659	-0.118541836908877	0.441705531832793	0.629538070883336	0.954074512769451	0.655280719280719	0.958828207457553
PF05731.14	-1.52279946658614	-1.44132863121551	-1.5733840629769	-0.134597032416147	4.88155364910471	0.0200309662753533	0.492000000296372	0.766197992685859	0.991239362427024	0.74124995004995	0.967151376912549
PF12840.10	-0.0671655100987243	0.176497320526906	-0.206853391652546	0.471912856214298	3.49704568477672	-0.107549595178135	0.435709529399944	0.671810561768808	0.976531168869547	0.682170629370629	0.981536109185923
PF03848.17	-0.817084273824672	-0.979857293312872	-0.683276291945224	-0.0546979820259761	3.96616259881568	0.0114465735133472	0.490000000370519	0.771653956523509	0.983530385509735	0.742461138861139	0.97571150894938
PF13026.9	-0.101369504272373	0.430949034748494	-0.318903979059695	0.758066461839964	2.89429591128314	-0.205075839137629	0.397333337303178	0.667337300000137	0.95030882619857	0.57346013986014	0.938292007829954
PF18977.3	-1.72369977165454	-0.488564279861479	-2.56888903336944	1.90760435083874	3.94890130190465	-0.424111327686931	0.278666676862012	0.318816303651177	0.764440361075751	0.298163436563437	0.771408184114386
PF20047.2	-0.13308845018916	-1.43530565033433	0.474846432529912	-1.89930046311758	3.31802900975877	0.500447440367232	0.255829458894841	0.251606840109319	0.884675424333865	0.199096503496503	0.63834345161416
PF20218.1	-2.32891383841618	-1.49888904223132	-2.81089105604881	1.35397109941753	4.01178791949021	-0.27282281448252	0.36175883298481	0.459201159296035	0.862984776547566	0.468560639360639	0.864866941310259
PF16146.8	1.46977090776563	-0.901095889609578	2.79751266254268	-3.56218850151902	3.0186109368656	1.11877362423052	0.0826667176232844	0.0284028654622325	0.504372191683797	0.00824615384615388	0.129638074137145
PF13690.9	1.71469833417107	3.10603953550742	0.848307814682268	2.0984109852137	1.86897257552385	-0.99879053185995	0.137241867103627	0.0313400705720321	0.374485309653407	0.033241958041958	0.404541314921732
PF00475.21	0.750789354203246	-0.474353485573043	1.18760269243172	-1.66694054152197	2.6983353462733	0.530991547526211	0.248000012511435	0.172296633904587	0.867834483974878	0.171538061938062	0.593454724440466
PF02410.18	0.511555553964892	0.222125991770869	0.662599420643187	-0.405791500273845	3.39127527329421	0.0909230793609059	0.439333335613819	0.693446395057988	0.996028878682503	0.657075324675325	0.9661897512986
PF20317.1	-0.727800978807791	-1.41336780223872	-0.291958279283968	-0.979441452703211	3.73836032896029	0.226345793501977	0.380413062652985	0.503451938532691	0.968048801266441	0.439515684315684	0.85556912584063
PF09391.13	-0.611483965713441	-1.55678855279418	-0.195697829330395	-1.20968355956935	3.74585110404816	0.285443758010194	0.34533333966786	0.463134154973164	0.949221201413507	0.399328271728272	0.808609371703744
PF14103.9	-1.99953141073995	-1.06119269414945	-2.42433858597832	1.58016587341816	4.16114346754549	-0.330410412403889	0.342438380887421	0.442212885828358	0.873426894182446	0.43071008991009	0.868688693216235
PF08889.14	-1.06663028736685	-0.35200046735149	-1.43160627281859	1.18703148621977	3.73269978168083	-0.281493511549502	0.354000005911439	0.493369414689235	0.88937336950948	0.468246153846154	0.891923628382687
PF13685.9	0.643409637223441	-1.01379463184809	1.12895912264205	-2.12492861870209	2.90718296358442	0.654414030794617	0.197333351026475	0.120856747921986	0.811960981012236	0.102747252747253	0.45416061950474
PF19677.2	-0.382089566201214	-0.00530661154527223	-0.54092044445836	0.534925323222595	3.06047195927742	-0.155394702299477	0.42266666960106	0.643283333344575	0.95717172585444	0.598584215784216	0.951104452405323
PF08020.14	-0.580480439115154	-0.14590089795541	-0.864922046225298	0.742681255380576	3.29760446906999	-0.183842484778901	0.403730849800456	0.543782585566588	0.926830537090913	0.552983416583417	0.932961497087861
PF13578.9	-1.71566708248503	-0.787993434975907	-2.15350227676805	1.40149876985367	4.16776734575218	-0.301071250255194	0.335333340174044	0.47382762160511	0.877394542949517	0.443772627372627	0.877370513465295
PF18982.3	-0.141076220583082	-0.02289320893306	-0.195808252535734	0.139088001319725	2.74292571101381	-0.0432011078280009	0.474000000965574	0.751128034712992	0.971434155156736	0.726815984015984	0.968640493655445
PF13835.9	-1.15199824617263	-1.50352706021537	-1.00983563473607	-0.339598814530526	3.50772475723053	0.0845911696572804	0.456362426676409	0.634868057695131	0.984195492904874	0.636776823176823	0.931669883253289
PF07429.14	-2.2021160327401	-0.965397847059396	-2.88094353165462	1.7535253460316	4.16985858581756	-0.385361353014456	0.29466667581433	0.349131727554996	0.81227301256893	0.339604395604396	0.810525573049723
PF08928.13	-2.42137530897526	-1.53681850434471	-2.88088503079758	1.35471532143778	4.17830820535783	-0.283668648900889	0.355333339180877	0.484636103690567	0.87387648584419	0.473332267732268	0.875131725660516
PF08929.13	-2.36591711192083	-1.54073170828214	-2.8283128633038	1.31493559266753	4.2226950936086	-0.283431805804188	0.351765495684751	0.466640726255873	0.863202895951465	0.458485914085914	0.867404340124808
PF14433.9	-2.33536721591946	-1.50092314779467	-2.85123178689224	1.26054108749756	4.37382156078359	-0.2442837978268	0.372666671709787	0.467593512212831	0.884829473730713	0.473057342657343	0.885697837978559
PF14206.9	-2.08177280976041	-1.59415425330523	-2.36133722055206	0.836157748476621	4.17213047532166	-0.168076760990259	0.412666670003021	0.566442628237237	0.917787010145757	0.570047952047952	0.918198634298101
PF17836.4	-1.83739766082867	-0.0263974804722436	-2.85665536687441	2.47749356816115	3.83755947108284	-0.573492147600869	0.219187223699967	0.206992394876162	0.647962033821484	0.165031768231768	0.627292078481391
PF11922.11	-0.571895325249833	-0.971907740533225	-0.413010737250446	-0.405432990957642	3.54132559176812	0.093268291477199	0.445036644296342	0.648502661201302	0.987030858153991	0.644421978021978	0.938602264842919
PF15609.9	-1.91358410151877	-0.671048425460242	-2.56486276294817	1.91887534045349	4.20962247561998	-0.399553810966091	0.29780147463059	0.361605652898173	0.821047513205503	0.346187012987013	0.814193201467523
PF12500.11	-1.91187087212379	-0.622777696502272	-2.48359871350345	1.96149345849346	4.20069317304255	-0.394806513567013	0.314666674624175	0.365157980783153	0.840044937099098	0.343934865134865	0.823746241538206
PF14018.9	0.00418934335098164	-0.0346686017216138	0.0709902626716126	-0.404943177858293	4.55534518442081	0.0780473157251783	0.457694871662661	0.772880494069985	0.99767963690127	0.682533066933067	0.982355762238357
PF15617.9	-1.96040739583644	-1.40868760098037	-2.30478321830815	0.987059517983311	4.17255591187467	-0.210586991142876	0.390666670919393	0.533123745021368	0.904617041415598	0.54845954045954	0.910989792048576
PF02675.18	-1.79214132196636	-0.480759922364689	-2.53999728373147	2.04284141263814	4.12312127360178	-0.4500108002487	0.282478357691991	0.316672930972501	0.769383962167426	0.298448351648352	0.783412882779297
PF17284.5	-1.60432737831004	-1.39270514035705	-1.81130314109612	0.273511660988647	4.43310678224876	-0.0488822576189981	0.469333334473424	0.680753072291931	0.972780176288697	0.728041558441558	0.98139579974544
PF00491.24	-0.528571970709642	0.420792394338568	-0.923590223431511	1.3150165987218	3.42267520978981	-0.317576819437301	0.328666673856588	0.474770300052852	0.876924933950227	0.385395804195804	0.867759125664338
PF18425.4	0.294772167382425	-0.520171096186876	0.59750605252413	-1.05227570782917	2.7028265288389	0.317542029746622	0.328000007225393	0.336658438788653	0.95136785660621	0.350318081918082	0.789388319107774
PF20312.1	0.175905146497508	-1.48821941112157	0.775516660112469	-2.46112883363606	3.28659564980125	0.665961910605317	0.19920055041454	0.10964028950209	0.774627345429056	0.104472327672328	0.463583722210932
PF02654.18	-0.389495656174375	-0.0698504801481796	-0.569918944824531	0.40745058777918	3.16973933532969	-0.112876003973188	0.434377084415154	0.657556361700586	0.96558375387281	0.669761838161838	0.971630059299464
PF13687.9	0.0296815810103102	-0.95034833684092	0.657449589504123	-1.31057198873547	3.50209883759546	0.328388289546933	0.316000007882261	0.430893598088273	0.953897787271775	0.308986213786214	0.783402933240211
PF10096.12	-1.83993074078339	0.0687424137602139	-2.80079087962399	2.7508513369385	4.12694763831887	-0.582486117963113	0.2245170033051	0.201774641695314	0.675302335821614	0.176366033966034	0.661819724608448
PF02655.17	0.169944038980404	0.35820036144216	0.0740651218619233	0.167346260451329	3.17714392419787	-0.0440247235174756	0.476000000890941	0.757974537659336	0.988252372264432	0.75730949050949	0.989609016308274
PF03102.17	1.48053399007471	1.47195226265229	1.4877192177366	-0.137074638306458	1.98962792998481	0.0488065098569257	0.461025984128586	0.565042871521995	0.997574606267725	0.713840959040959	0.974377668797326
PF07922.14	-0.00483269444181111	-0.235692009687658	0.100338575843118	-0.33027112650918	3.10073354250336	0.0826339449481795	0.446369089281922	0.64640799479075	0.991692514872198	0.646330869130869	0.950740991859142
PF14897.9	0.196962905597182	-0.955213969154594	0.691073383341479	-1.42569562837028	3.31224492565278	0.368394715894028	0.303131254453829	0.339686815966275	0.944085804895504	0.280152647352647	0.751773789212128
PF10135.12	1.19938562106548	2.10182248610034	0.670606896968572	1.47461761190124	2.85901597669618	-0.420133829719303	0.259826793693177	0.266741055700345	0.815919203064977	0.195000599400599	0.770917797936329
PF09254.14	-2.01549256958166	-0.886697448863201	-2.6636872470835	1.69378550778495	4.50553543661915	-0.33285007919904	0.327781486241393	0.390331018888462	0.835314472954044	0.380834765234765	0.837292741552883
PF00080.23	-1.27134797361003	-1.01663636442862	-1.43102963732204	0.573191885263769	3.77631058129008	-0.109209673779506	0.436666669050594	0.620716754684632	0.955190976585276	0.637149250749251	0.961397374259562
PF17996.4	0.693760515171797	-0.59323355845103	1.15866137684118	-1.67730292687609	2.76579795636241	0.535998498991266	0.246502344399073	0.195546139952476	0.883153219855805	0.169177622377622	0.609829064711969
PF04994.16	-0.0413253117972623	0.555858357106227	-0.349721130803527	0.848278946558708	2.71768676826388	-0.263645800055327	0.365089945421798	0.534487170974616	0.912354825757218	0.472690909090909	0.891252252283296
PF17827.4	0.974940523432688	-0.180205117195126	1.43100587685249	-1.42555732896455	3.19413916921676	0.375796325206028	0.281333343347389	0.3381747263024	0.953433440000657	0.21279000999001	0.706810578072554
PF11258.11	2.64572619933878	2.60680706754381	2.6637288594744	-0.0783949327225759	1.40407606152133	0.043067209127859	0.475333334249142	0.731158333679273	0.994002114763352	0.74544015984016	0.984911590735989
PF17479.5	2.64567120149958	2.57890499175292	2.67702226949711	-0.0838219583137185	1.38331105959502	0.0515029152718839	0.476349101476354	0.720737596910687	0.996850646607731	0.726733266733267	0.980019726537243
PF06081.14	0.34129271380425	0.0179021226393612	0.546786224152381	-0.744820310615635	2.7867665610938	0.223018502659062	0.381745507631124	0.48456371932624	0.975813799550585	0.488363636363636	0.897049729098832
PF11728.11	-0.147975260463898	-0.0782815036728861	-0.198897371396856	0.17977460194237	3.44423473267962	-0.0410909538914698	0.475333334249142	0.701510974739055	0.982581632730577	0.764728071928072	0.98644519700404
PF13289.9	1.15486749403744	2.69708518354497	0.445440511762881	2.11667079324593	2.40062015060039	-0.754614486273497	0.164556984587585	0.163119754601178	0.633029218443561	0.0550657342657343	0.498919421756196
PF12762.10	1.11929525588772	1.10310537546774	1.12801604050405	-0.418077438755923	2.85905574304196	0.132743885344535	0.435333335769139	0.541132148195013	0.993272067639855	0.629399400599401	0.969937520781071
PF18984.3	2.86092468688027	2.92464295995933	2.81634708657622	0.212929109561039	1.49303510762298	-0.126319901526017	0.438666668972974	0.599480054666299	0.981677366141445	0.709564435564435	0.990579927918201
PF18983.3	2.86315608211293	2.94825821909138	2.80000831670457	0.228918066330945	1.44200530289363	-0.143108637524091	0.430666669284912	0.554786825975667	0.971653665160515	0.646604595404595	0.984891339921526
PF07456.14	0.178021162294118	-0.909692944273899	0.601472830804403	-1.53501037032936	2.86967029814011	0.454113826229718	0.265156573436765	0.240824646924783	0.912016306257277	0.235405394605395	0.664358187722799
PF07009.14	-0.475464393823572	-0.520317432149946	-0.44652576839672	-0.00272388025389869	3.22224401017676	0.000671907895489127	0.49966688875316	0.723254090801427	0.98420483958201	0.744922277722278	0.980209112175049
PF08876.14	1.25660418348884	1.70206179085251	0.989366119917235	0.58831862554389	1.93425030865504	-0.243859710084738	0.369753502836437	0.615431682824786	0.947803275801885	0.521410989010989	0.946433301477377
PF13601.9	-1.9032687054832	-1.47705293293348	-2.11709100229597	0.649191692394934	4.04331080419979	-0.145703345483692	0.424666669521598	0.610545849841167	0.937472049346769	0.621562037962038	0.945305105591837
PF13787.9	-1.16710025588848	-1.56939139805831	-0.993867990618907	-0.43087679722845	3.67949054689142	0.0964918658068581	0.450000001870557	0.652006522476724	0.988490479753616	0.631036163836164	0.930875221594784
PF02016.18	1.21786522568718	-0.840385971371787	1.69473782200871	-2.39082340072677	2.83138673038442	0.744016502619739	0.175216543099913	0.087362478710705	0.783139160672613	0.0650365634365635	0.374174267323492
PF17676.4	1.21674593480199	-0.862370667883792	1.71199035150359	-2.48551659402334	2.79304912426988	0.753688716814456	0.168000021992846	0.0825999511188632	0.773542790530871	0.0639476523476524	0.356125260568493
PF14199.9	1.38860493863116	1.43485700371426	1.37562191544823	0.123373098021927	2.24210194184538	-0.0389554927632139	0.472000001040299	0.77632418915131	0.987950329603656	0.785365434565435	0.983746481130512
PF17225.6	-0.754846016243548	-0.99343322659409	-0.605718950379112	-0.725323544405387	3.95181482916262	0.161131784421492	0.412000003363445	0.658084610461221	0.989320677574012	0.619162837162837	0.949484292478632
PF06283.14	-2.1412828170036	-1.46260189289726	-2.54236147781649	1.02396086925028	4.17256839125276	-0.212390813295313	0.385076620077449	0.503570082288228	0.894438434038277	0.520666133866134	0.909048175215319
PF14257.9	0.555528027963925	-0.980443783608408	1.00851971987944	-2.09853622104257	2.91911379207518	0.630671179708606	0.209333349594042	0.136974389705976	0.826758579009446	0.131771028971029	0.511136339764767
PF09148.13	0.724731758047435	1.16838083304245	0.477605468399112	0.592224035038075	2.35245146404509	-0.205751634825147	0.37574950523133	0.614300057962783	0.925088663208724	0.503446553446553	0.910393994964919
PF07878.14	-1.85772552222425	-1.52793059913549	-2.08157912093196	0.558681487304272	4.07103519289053	-0.119738932382797	0.432000002565979	0.607995273916098	0.937187076834307	0.638152247752248	0.949934412194606
PF07826.14	0.934676446039633	1.46668695467112	0.457251920989447	1.0981710473137	2.34742178137129	-0.404807634737939	0.294470362245698	0.221400638622437	0.819901622806097	0.311045754245754	0.855309425891331
PF20260.1	0.764717478958742	0.684178646871002	0.802491359566902	-0.0251972010673072	2.62412070555188	0.00721339793965955	0.495333333506188	0.755621226434974	0.993773981624735	0.761005794205794	0.983803610846124
PF08487.13	-1.61621552193362	-1.42924745039461	-1.72136073177408	0.417514518553607	4.2232090667637	-0.0833228363546257	0.454000001718247	0.684477982872961	0.957452398898946	0.70795044955045	0.963043938373693
PF16369.8	0.55771392039518	-0.937360047084243	1.65179190774217	-2.76323048859109	3.7502242242791	0.641933101537673	0.201865440162144	0.144458513643312	0.835245616945198	0.099162037962038	0.520162573091002
PF09212.13	-2.11430020636124	-1.50448886826315	-2.46902016066078	0.971566280749863	4.1934754230131	-0.207584991178901	0.391738844974114	0.54383516925152	0.911564326742605	0.532215384615385	0.909388253322071
PF02156.18	0.772549325549318	0.245658791301562	0.929809407533011	-0.613892056093522	2.69257636659681	0.186978826381057	0.409060629727881	0.478680627251781	0.983809883545568	0.542887912087912	0.910531768333902
PF13570.9	-1.70969932233662	-1.45897544381333	-1.89520238820433	0.413750601245422	4.29709566195211	-0.0861223436439171	0.460666668132528	0.657120465732799	0.960785999644289	0.683994405594406	0.966119752765015
PF08765.14	-0.795979180656095	-1.45522633015866	-0.422986676700763	-0.769853101243791	3.87776741839194	0.172369795702069	0.401065959837764	0.616987502944052	0.97792609208053	0.543738661338661	0.901550619688436
PF20456.1	-0.0487918706893513	-1.57809601083323	0.645363598690493	-1.75886911543758	3.53623833386403	0.453886047430967	0.273817465548373	0.311195895682868	0.901889216985346	0.216153846153846	0.658224609521362
PF19484.2	1.74103683314685	0.523341152546177	2.21177204877811	-1.62761173804187	2.11276780401544	0.677024931982	0.189333352074701	0.110865289044923	0.80554975116116	0.0755808191808192	0.415398798112705
PF04018.16	-0.0169520336374598	-0.182658523672418	0.038077289589471	-0.1916454932803	2.69077130183555	0.0643969312780497	0.46369087410161	0.599873130671175	0.989205962040012	0.683138461538461	0.944649593267434
PF14751.9	-0.131449630365567	-0.996401371361776	0.190847537814411	-1.25595004236859	3.05792186112028	0.335242140665881	0.349766828226818	0.364205009296869	0.950873137631622	0.38704975024975	0.814244289656917
PF01978.22	-1.43519969676357	-0.969623854810916	-1.73182446168906	0.702749092499384	4.10877746227898	-0.14669438609235	0.419333336400829	0.591054246491046	0.944395961108627	0.634027972027972	0.955376738567666
PF11495.11	-2.20196520793573	-0.917971936274904	-2.90805997384459	1.95102251643979	3.96748996594031	-0.438128081978736	0.286475692537435	0.33209913997933	0.785830156670747	0.324583416583417	0.778387662153223
PF00246.27	-1.05255608998858	-0.457665871778175	-1.32064979161783	0.87253880529971	3.37287764129103	-0.216876775554908	0.378414395186208	0.576101758720379	0.936554720574283	0.529275124875125	0.931150984312034
PF13241.9	-0.399079398087222	-0.953929117226652	-0.13460055052403	-0.725653197243393	3.70277440838154	0.155868087309299	0.413057964675142	0.602754747326216	0.985862502666988	0.563789010989011	0.922958716796865
PF16738.8	-0.0533029070597326	-0.466860393989644	0.208156188134712	-0.584163745456811	3.94510925650366	0.131400036494285	0.426382414508798	0.685034271190695	0.994442316050772	0.587878121878122	0.963222282681594
PF16561.8	-1.27549563038446	-1.60377398728953	-1.03766172045451	-0.564209986061104	4.58428049340356	0.11497625903645	0.440666668895584	0.673544855675906	0.989446149472321	0.640292107892108	0.94064704337398
PF19539.2	-1.08425551116532	0.127877246560673	-1.7102198214711	1.93909927220324	3.64875939040784	-0.447432347651461	0.285333343080642	0.305051319130918	0.782760546320368	0.275988411588412	0.776415087095885
PF10387.12	-1.85255483691713	-1.48701710606961	-2.13352476983361	0.606577344251718	4.24753107561946	-0.126582040118147	0.427333336082764	0.619364183589403	0.944409657516295	0.629444955044955	0.954452580252267
PF18994.3	-1.64488346071349	-1.49162650676138	-1.74533451156971	0.0991836764908705	4.41878390998741	-0.0251028343850043	0.488666667086636	0.702874551379511	0.96909694561874	0.750273726273726	0.97064772029166
PF05709.14	-0.052272499372549	-1.3993268460941	0.460123541644782	-1.8307907208385	3.44582350096487	0.499481388870711	0.262000011397128	0.253914610762854	0.874269635813537	0.217966433566434	0.62620281637922
PF20469.1	0.851117440933618	0.712555930557333	0.899594512341584	-0.18972339596558	2.41525947278339	0.0586981961356236	0.474350433995858	0.665262152085945	0.995193737846451	0.702583416583416	0.97277926721147
PF03283.16	-1.84974281139692	-1.53885090521883	-2.0399675004531	0.386513866994249	4.4235622430089	-0.0697009073951113	0.458000001566609	0.654673198262296	0.957194928834335	0.683321078921079	0.968546726202199
PF14192.9	0.180741209402946	-0.985144213053664	0.98644365241264	-1.77436433138248	3.47344302613596	0.459115343668632	0.277148577907692	0.295257568770695	0.922178470518161	0.201341858141858	0.690610293707097
PF03852.18	-1.361375287969	-0.951264700186528	-1.60799708787486	0.795047585953343	3.89116111897515	-0.174723823614915	0.410393074710145	0.587509643847322	0.926855456499655	0.586357642357642	0.924437621129879
PF09565.13	-1.2367037887079	-1.48930890282684	-1.04289235902076	-0.497092826294649	4.41642469256244	0.0969643134330059	0.443333335459407	0.735014785781374	0.98864404243815	0.679301098901099	0.953077948432202
PF06855.15	-2.12666928867318	-1.48456168203468	-2.50868095737757	0.987351769221622	4.22765751447464	-0.212984991672224	0.392666670834013	0.537997976403327	0.903477649003249	0.54145974025974	0.912792146305208
PF13005.10	3.86184576927587	4.42549023622751	3.44130998390345	0.897644053403599	1.36817069975863	-0.624460499874382	0.247834789324005	0.133311191579566	0.74939259879796	0.171633166833167	0.811591545298989
PF06094.15	-0.820843316551339	-1.48910128653116	-0.344246106414601	-0.921735913672038	4.03537073407436	0.201024333140949	0.386409065056362	0.576192397632853	0.976274235101669	0.503608391608392	0.896656713301623
PF01680.20	0.222203626297446	1.18698796356518	-0.561392072721683	1.79907796408636	3.03034830392014	-0.527865669131408	0.229180560478235	0.156517234077717	0.683234180885888	0.152174225774226	0.682487688986272
PF00350.26	-2.16020660070142	-0.10936355951002	-3.15776933221983	2.91404741976484	4.04864334694767	-0.637737035460716	0.221333348304743	0.215697625758454	0.660070937197346	0.185975224775225	0.645635261045697
PF14414.9	-2.34448842277247	-0.898997358887584	-3.16075974314813	2.24182954794854	4.10415299409506	-0.485953556389786	0.264490350968064	0.299492709722877	0.75338645192246	0.270736863136863	0.744463197631916
PF02652.17	-0.814429001905404	-0.371865055742315	-1.09396257123198	0.716410378058034	4.04427230547141	-0.147333100884614	0.416666669841269	0.61066612234599	0.961087735667874	0.631951248751249	0.968925312987873
PF05183.15	-1.87975877614337	-1.44727116498343	-2.21174660354877	0.831793887210529	4.19895475053162	-0.165899434019338	0.413724187166488	0.578241294962929	0.927139338833928	0.606437562437562	0.940558037188822
PF01810.21	-0.662143221299575	-1.44199314332059	-0.289660310541376	-0.936152997593937	3.55802097545678	0.217855435669905	0.382411730120278	0.534662829084921	0.969675639731007	0.490364035964036	0.866414925294429
PF13577.9	-1.88265346669747	-0.982214716096381	-2.45311369301082	1.55129463920321	4.16162425967152	-0.321587226155112	0.349766828226818	0.428335312049859	0.857285322907582	0.410841158841159	0.865939026444618
PF12158.11	-1.34485289173451	-1.56904286188021	-1.226461906899	-0.278652355857295	4.3943816103959	0.05017349841693	0.472000001040299	0.738133171198239	0.985588251247405	0.698425174825175	0.954495367558286
PF06353.15	-2.08473512985267	-1.43736504787663	-2.45931088648582	1.04044563676398	4.05778780640357	-0.200809741853335	0.392000004195757	0.535139427822656	0.898935116949708	0.535741058941059	0.898460965456871
PF19538.2	-0.0778301554228316	0.538941249932539	-0.288840516777586	0.87764737741283	2.74475285442748	-0.240416162813523	0.371085947812638	0.577208323793195	0.931864039040289	0.511287912087912	0.921350164612584
PF20573.1	-1.75060602283984	-1.44964717041169	-1.95135607554076	0.557494526726106	4.24058865556792	-0.116879658523974	0.433044639430472	0.635534487076038	0.953937031050987	0.670114685314685	0.962292131446133
PF12650.10	-0.565068620639273	-0.550609901942782	-0.572703630223627	0.163583577293288	3.22795899122264	-0.0428609114985336	0.477681546463399	0.755663842355982	0.980736597764149	0.745261538461538	0.972946458824884
PF20040.2	-1.48736832918436	-0.936285783565157	-1.83469112818884	0.817191203750706	4.13704162482807	-0.171860749359032	0.40933333680553	0.565206881917278	0.938011443273793	0.578991008991009	0.942459286684771
PF03928.17	0.250644872188375	1.97852130955206	-0.674365530799411	2.72936519736288	2.75859910543981	-0.865812899183175	0.127248532035853	0.102115651841191	0.517897218631962	0.0326745254745255	0.392214354216944
PF03319.16	-0.0663358511741823	2.19705038335586	-1.22523673573307	3.56841099913982	2.53113415026641	-1.28698020440485	0.0580000749061302	0.00987676550877515	0.219247763433775	0.00835324675324675	0.190297714670753
PF18427.4	-0.075590592158699	-0.877158040648629	0.61882695475284	-1.41369054098054	3.88594438522829	0.31927515582764	0.335776156042623	0.445087889176492	0.962386780510034	0.355648751248751	0.843608598345546
PF08841.13	-0.100485325575062	-0.963396451223097	0.655143909108613	-1.46184882594272	3.84719144323986	0.342086022162141	0.326666673963313	0.403059377253172	0.96396839815097	0.320706093906094	0.829270160255868
PF02287.18	-1.28628359966915	-1.47463566209782	-1.13819875569281	-0.264809086976467	4.36654033748079	0.0607251946636444	0.468666667831736	0.753896368537678	0.990550568285575	0.707702697302697	0.960352024807109
PF02286.18	1.59888333953157	-0.0517427664208103	2.18011896193389	-1.88070064286219	3.73777418769579	0.436805161180943	0.252498346569344	0.272453419637728	0.940972640590525	0.149504095904096	0.657282395260786
PF11580.11	1.39039834990308	0.988452300857997	1.66072114706822	-0.490995990528571	2.27102964642514	0.16823861926583	0.397734847385403	0.683266389151459	0.990333222386277	0.51092027972028	0.919676650240461
PF15428.9	-1.9349291043063	-1.49172225442219	-2.15062958274633	0.881063665677576	3.94517571766082	-0.177455870547551	0.405063294782061	0.57054448809493	0.923652615446257	0.577013786213786	0.925849065545591
PF14136.9	-0.908960424800489	-1.48345339593552	-0.616682710353411	-0.678793624486621	3.75646648498607	0.15837603088238	0.415333336561705	0.603988163940126	0.980765080588989	0.554102697302697	0.900426466034485
PF16657.8	1.50368951766472	2.45849789675676	1.15674997707219	1.33471949723615	1.88691596848537	-0.491051566262621	0.221185891049129	0.352967412300332	0.858911754572162	0.13761038961039	0.68948220923121
PF20446.1	1.08316513395643	1.10473149046272	1.06693618667347	-0.10862861737909	2.37930306975198	0.037018789282861	0.477333334174568	0.786195610298633	0.993826345995465	0.756689310689311	0.983262443571829
PF09818.12	1.05717175486454	1.04524652970125	1.06094688379821	-0.0578439541286455	2.31118148239313	0.0208860898319529	0.489007328854492	0.766190822246163	0.995303433932071	0.741025374625375	0.978668864244928
PF18218.4	-1.60646627656855	-1.48078535589511	-1.6992770293107	0.0166459120334794	4.56316500771414	-0.00370358496967923	0.498000000074075	0.731174308020724	0.981559616990534	0.765848551448551	0.971023582357818
PF02522.17	-1.0781110489268	-1.55598996126848	-0.883839804178755	-0.425252697137447	3.57914657686301	0.106966259354517	0.446000002023603	0.634192304883524	0.985755842575015	0.612565434565435	0.917597282231573
PF05708.15	-1.59341832363812	-1.4386589504103	-1.66982913526575	0.198840960912777	4.04743619162339	-0.050382040775519	0.478666667458231	0.673917971846043	0.963179486225239	0.700409190809191	0.969292788579872
PF12671.10	-1.74872115544272	-1.55944984720863	-1.87169054467678	0.0937335044068197	4.92984105034573	-0.0200026527254384	0.49266666693833	0.767689838060711	0.992885279097228	0.77031968031968	0.97352179116229
PF13551.9	1.02565417607107	0.379944846657	1.24178402708075	-0.844648397617711	2.47793715893989	0.284657752986566	0.336442378526689	0.330726661513884	0.963439915886161	0.363078121878122	0.815561934542485
PF10412.12	-1.92684460442661	-1.53887963920163	-2.14011896459382	0.643979173599162	4.11392509305019	-0.131945577966683	0.426666669442425	0.618198526581804	0.936546548446576	0.623131668331668	0.945493365612311
PF20313.1	-0.881024391356543	-1.45394822789075	-0.516638277941123	-0.87620030084431	4.14458347510295	0.177531446107673	0.397734847385403	0.618911118831156	0.98489787752629	0.553624375624376	0.92286535660053
PF13958.9	0.226829469269203	-0.947070510701821	0.757804401066021	-1.78080957600629	3.08687097523965	0.533726003709774	0.246502344399073	0.19099949960147	0.871273513564871	0.189437762237762	0.617179154211181
PF07892.14	-0.263499703623197	0.382809324849608	-0.564337332752579	0.913213275138144	3.22502101999546	-0.247720326399523	0.361092610497623	0.552940538186804	0.914585801636357	0.497122077922078	0.906468627058492
PF12910.10	-1.71518767328596	-1.46042077129918	-1.85224055687711	0.492549580853565	4.12684258895061	-0.101018631542275	0.442000002177447	0.629406026272081	0.951616344428065	0.669174425574426	0.961801898796999
PF13466.9	-1.84548806477543	-0.9856237275111	-2.41375234235058	1.320608871995	3.99512729512722	-0.279098643816311	0.358000005720664	0.436384052381203	0.868940830756238	0.43014025974026	0.876512885992974
PF08445.13	0.0806102432329867	-0.0887053983801094	0.163986743619909	-0.214907721256869	2.81578214828638	0.0670478381713268	0.459693539142167	0.700999882742305	0.992295406189279	0.686832367632368	0.950762104499183
PF07179.15	1.47248010830315	1.19454606236411	1.62057093470116	-0.640996863408541	2.22205898734981	0.245538135579823	0.368666671891333	0.415857167341662	0.980108608012014	0.45910969030969	0.898297787512171
PF11796.11	-1.79415037621578	-0.0929184846645867	-2.84327948430066	2.77394231741343	3.81243165668009	-0.632655698775326	0.205196552357659	0.164134811697633	0.620705876181099	0.141238761238761	0.595584374054826
PF09664.13	-1.85621607720285	-0.0492814386605582	-2.88013689524439	2.86878558182211	3.67539911133708	-0.670985052479773	0.211192554338625	0.169207589670769	0.612237105072327	0.137757042957043	0.58343896501813
PF09660.13	-0.904640556170046	1.31290309312367	-2.39064504928277	3.6763353398954	3.29621706261397	-1.05150930410024	0.0912725305776584	0.0439428408412472	0.350787541283795	0.0255952047952048	0.305443996392909
PF18889.3	3.22762006665946	3.00835580263968	3.34885230029914	-1.00670737014485	2.35865541697373	0.329654615078088	0.329113931207269	0.190748224370788	0.979574931710876	0.273614385614386	0.875771979573697
PF20623.1	-1.54647047231937	-1.47158610785849	-1.60723145312837	-0.0879216722050442	4.39834158940149	0.0158811372016489	0.49300466381642	0.725212490644375	0.983420519037168	0.757964035964036	0.958237597342641
PF01345.21	4.07760666526315	3.3040141880183	5.06844937647322	-2.45266296743044	3.23470852030495	0.697803623892175	0.148666692369559	0.0576997134577928	0.750653738784399	0.0242637362637363	0.280961310300029
PF07613.14	0.100416662912707	0.0132965426845795	0.172775301358787	0.194905265012605	4.45575995012871	-0.0380381988337311	0.477681546463399	0.723847977909643	0.990986319899338	0.79355964035964	0.99181760766175
PF14056.9	-1.38820917869183	-0.536176002848397	-1.98318091109895	1.40210153746564	3.80373433017184	-0.322392471421325	0.333777488590993	0.428585443493002	0.868977260050305	0.425601198801199	0.878600512133179
PF14076.9	-0.332928732027026	-1.07521832037928	0.0430519438288437	-0.936904882897926	3.88783505122494	0.20481414179847	0.390000004281288	0.539241269326879	0.983010716854006	0.492967432567433	0.914007804031082
PF01402.24	-1.0229958455145	0.468669002625512	-1.72860721652961	2.15391412991336	3.57971515163005	-0.503522494805599	0.253830791498822	0.266749180405018	0.743107796266614	0.218991408591409	0.7099008334939
PF05973.17	-1.43848461435167	-1.45172869915328	-1.43221238818509	0.0280966078007534	3.87579628829783	-0.00785004652320523	0.495669553791098	0.746503876585732	0.966452923725336	0.754487512487512	0.96364298120343
PF10651.12	-2.02445938496978	-0.91902813864407	-2.6474322840365	1.74899708356725	4.21060343122319	-0.36329614509124	0.321785483900142	0.399978873161619	0.82887506366806	0.380004395604396	0.828840056772169
PF19639.2	-0.221553293340867	0.582614045232483	-0.612725118741535	1.09705325065002	2.76203970327487	-0.317363961922431	0.330000007119284	0.481995613827869	0.898145371631703	0.402545854145854	0.877464892725604
PF13279.9	-1.86348396225882	-1.04941668388029	-2.3792911022536	1.34999816360043	4.41955582865441	-0.27180808575251	0.360000005626285	0.458484810944416	0.879625106005515	0.465598401598402	0.895904895648226
PF13391.9	-1.17150864509387	-0.981966940105197	-1.2602456338234	0.445147641644457	4.11233658345776	-0.0971732573799426	0.451333335153042	0.674557200456442	0.975635872616984	0.70453986013986	0.978987230690149
PF04480.15	-2.1804147501855	-1.56295816817917	-2.48786548118179	0.997881612271173	4.26024392473606	-0.213669210834413	0.393071289954061	0.560085149084433	0.915694627884284	0.547928071928072	0.913716394701035
PF07853.14	0.44978411889971	1.49654258613483	-0.142116322740355	1.58731355280681	2.3975065436469	-0.575229220567782	0.220000015108342	0.217467009895176	0.702474585323425	0.150189410589411	0.662874983227549
PF09297.14	-0.483571727421051	-0.250244740697918	-0.592129513380312	0.34569881511935	3.47363931976896	-0.0829204816329128	0.459027316648982	0.712639200940868	0.97460249140375	0.694861538461538	0.973072249398346
PF11187.11	0.511001165420957	-0.904826522901698	1.09939732083201	-1.99114979046954	2.72191267209053	0.643340620640775	0.198534327978905	0.129764341118743	0.793122960114584	0.109464535464535	0.451482055286223
PF07454.14	-0.825917230721457	-0.855387076776381	-0.795343906664114	-0.187280147373801	4.21991197420431	0.0341279072477252	0.479680213944031	0.77366963211342	0.98734475876749	0.777796203796204	0.980477937115959
PF06782.14	-1.2766348311828	-1.53580798147094	-1.11114515132014	-0.477275123121021	3.99551356236213	0.0927551741703279	0.452365091718084	0.686335612286285	0.988616331863617	0.660985814185814	0.953089270923699
PF12670.10	-1.70876559340706	-0.465419597306466	-2.42936392911649	1.92419987107614	4.02932223640584	-0.422243354785542	0.285809470062779	0.320228877320874	0.791102079826235	0.306245354645355	0.778336018549496
PF09552.13	-2.03991963710057	0.00493693905225179	-3.16338543131733	3.06376792390739	3.86312658792399	-0.699834979718417	0.194666684700289	0.156725402798902	0.602758690028074	0.119898501498501	0.563662801179536
PF12953.10	-1.25459607837367	-0.999887058232914	-1.38977847262081	0.493180848951141	3.91732712778954	-0.101281259369593	0.438666668972974	0.669471212779815	0.960319052553362	0.664232567432567	0.960487994443335
PF19499.2	0.220412796243673	1.88677143990683	-0.635134607153848	2.61477257332817	2.40858406352411	-1.04585584075702	0.0999334188767463	0.0247788561791824	0.338967916691492	0.0239192807192807	0.28963469800113
PF03883.17	0.111674435162864	0.425874317422267	-0.0476894183137349	0.572899868033345	2.63967442783357	-0.166909740193161	0.417055299623771	0.634743249096412	0.955275536493862	0.606559440559441	0.949445061717919
PF07866.14	-0.332030792092876	-0.279424423152881	-0.354270125046157	0.147516092707263	3.56065751699476	-0.0401598326516505	0.476349101476354	0.720803334504009	0.979321808976796	0.745548851148851	0.980016843139732
PF03862.16	-0.618187636708278	-0.5205410352969	-0.671533423968152	0.319005527149928	3.61617709010187	-0.0695012761452925	0.460666668132528	0.690753438153453	0.974437715040563	0.701903296703297	0.975448707809506
PF13782.9	-1.56383359870948	-1.56520229189007	-1.56314955069644	0.238457643206862	3.97341308190184	-0.0542140876369184	0.469333334473424	0.70219216360575	0.965137453138156	0.729147252747253	0.965571230001358
PF01174.22	-0.816741568914032	0.617420112057344	-1.55440693869961	2.08319997650173	3.9237550698794	-0.452456230786819	0.265333344480009	0.296106226538734	0.802370110249308	0.24004035964036	0.779037231887162
PF03932.17	-0.166563559991849	1.13500421650787	-0.620139343926373	1.71159204511712	2.68506796847546	-0.531095299852105	0.268487685783383	0.318281555678294	0.804450856173374	0.225561638361638	0.748133993838646
PF12893.10	-0.729497792707236	-0.603667039567168	-0.800608318708743	0.397283976058245	3.96947269374993	-0.0842084618882426	0.452000001794314	0.646398695053177	0.961020260501114	0.704938661338661	0.969138416462417
PF18088.4	-2.10356747457934	-1.0827598015291	-2.73018254744756	1.69609469468022	4.18734483122203	-0.364339768815624	0.318666674399836	0.395088200110329	0.832978545526355	0.395718681318681	0.834315838792556
PF11070.11	-1.73318935699007	-1.49144563224659	-1.84491090801059	0.448935790364743	3.88680539218211	-0.0988110089593038	0.445702866789121	0.641988182095893	0.946275816410879	0.653615584415584	0.9491744049768
PF08867.14	-0.195110396535647	-0.501007094041031	-0.029657338630849	-0.429610049269532	3.06850195087386	0.107599317658814	0.431333335925431	0.618116476306147	0.99065818605798	0.602712887112887	0.929517435969706
PF10143.12	0.971557666563616	1.43218868083488	0.765098677856405	0.475562650535154	2.2704815842021	-0.16297729837222	0.416666669841269	0.807082541152347	0.987613100163593	0.657390609390609	0.984514039307482
PF08645.14	-2.10387950099842	-1.49876594628948	-2.44996469701404	0.915915464700804	4.25328629687661	-0.199146618678423	0.395736179914541	0.542362216327849	0.91634162814315	0.560413586413586	0.921158899785168
PF19830.2	-1.00799822968828	0.130133540518707	-1.86463655050673	1.84107040797844	3.87004375173347	-0.435046165501632	0.295136584722382	0.290053374813943	0.791927574409169	0.281817782217782	0.800070937029079
PF05426.15	-2.34979794923686	-1.43708531212142	-2.87478443035539	1.50982681319893	4.22877437932413	-0.30981951120218	0.344000006400862	0.435902542099094	0.844714783519313	0.44593006993007	0.839717604252282
PF07940.16	-1.0838360910965	-1.52315540996536	-0.901881218936077	-0.392715323334914	3.68718075279793	0.0828145464320517	0.447701534267589	0.643487984411297	0.984750345617394	0.62214985014985	0.925290510070103
PF07470.16	1.29210161398326	-0.751551212886976	1.77818721471011	-2.53119073525702	2.89260233384001	0.772214202144982	0.160000023423704	0.0755190595931627	0.760170501730096	0.0538693306693307	0.350946579978846
PF13535.9	-0.261849940528527	-0.907456313925458	0.0798711585943854	-1.22155249793411	3.51659667032323	0.303116232668262	0.353333339276837	0.428237959714188	0.962567992474081	0.395422177822178	0.858139074279934
PF18603.4	-1.84707846511535	-0.890509518360497	-2.36505666382792	1.34016335171853	4.10588360228694	-0.28194167215553	0.357333339085605	0.453504637773238	0.882934093571296	0.455026973026973	0.892343315418997
PF08922.14	-0.0361101825001411	-0.14481274301586	0.00744949441595999	0.00205530940588794	3.1849897446213	-0.000478712618935729	0.499333333358025	0.781668213587415	0.988436947727713	0.768025174825175	0.979581499483048
PF03733.16	1.51217528938311	1.29522728937478	1.55461021198788	-0.200608572317855	2.86540806759911	0.0625270727682482	0.472351766515455	0.567627848097551	0.998935699445087	0.739281518481518	0.994267267944999
PF10974.11	-1.4873117084947	-0.81618197214495	-1.82192067014873	0.984371331726269	3.83827873696079	-0.226050673829506	0.383077952609488	0.550515594484553	0.918412250293839	0.547397802197802	0.91665081086556
PF12558.11	0.320538779581786	1.05018577513907	-0.0835956645735649	1.20711428574478	3.19454734713524	-0.315131985811898	0.336442378526689	0.456227514812571	0.915823107131939	0.409168831168831	0.918334102825716
PF01939.19	-1.73069598709138	-0.312164466645442	-2.52770626590596	2.14365216439597	4.01357621386907	-0.474491724071091	0.265822795905675	0.285623074691242	0.761383490676796	0.264117482517483	0.755218241325664
PF13395.9	-0.527294066045365	0.107687702077529	-0.90908849940865	0.885151371245159	3.46874940528537	-0.207388744841077	0.385076620077449	0.532567281213028	0.920032534258523	0.542530669330669	0.931566523926917
PF20578.1	0.00395587830718558	0.245395242918321	-0.123641443557115	0.247017432669057	2.94157975680196	-0.0678222719834594	0.461692206621819	0.760176590914047	0.982268681411777	0.714600999000999	0.984505406679895
PF13274.9	-0.59267080085564	-0.679731881191128	-0.56759543529618	0.139996628002105	3.72771391676224	-0.0301183933113811	0.48434377139911	0.766558967657599	0.97703851879876	0.763933666333666	0.979833006464552
PF16467.8	-1.99987551391197	-1.0440896456282	-2.50839505309457	1.44863374117246	4.20526952351214	-0.303426224584952	0.339333339969129	0.42083791545744	0.872395461643656	0.436367232767233	0.874514755053083
PF12996.10	0.977197989142145	0.0613679233332238	1.3334528278185	-1.19798769135602	2.73766896240779	0.376789848305716	0.314000007995311	0.295543151402942	0.94957546847653	0.29727992007992	0.772204119471831
PF02900.21	1.32599710376211	0.688217611775396	1.57247224757867	-0.959511935218641	2.36148032967576	0.325117377960484	0.331778821140233	0.287998577899833	0.961776017722572	0.309956443556444	0.807186729815354
PF01871.20	1.30084509874942	0.676104307855882	1.57912861944579	-1.09191255950167	2.48417506918514	0.367498000299363	0.306666675085933	0.27537196969125	0.950946555954625	0.286805594405594	0.782010702809915
PF01970.19	0.734541124069817	0.713812109513301	0.742006072694817	-0.0649867349561584	2.96040036580623	0.0183044623205489	0.49300466381642	0.707653211255486	0.99596047501096	0.785594005994006	0.995000570529509
PF07556.14	1.17773182656015	-0.0966979238897583	1.80993147671839	-1.64263105648644	3.77449685738943	0.359762827223797	0.323784151346264	0.356925157294256	0.982768732465656	0.27514965034965	0.852844148176283
PF11913.11	-1.7886089538587	0.128696227435247	-2.86013093843681	2.97685693390079	3.90685959152281	-0.650183174981284	0.206666683232425	0.173185631639576	0.622584411858054	0.142934265734266	0.600062135906695
PF19848.2	-0.965495305795916	-0.00894717855483229	-1.53646374250113	1.45742818306692	3.57692488073932	-0.357754225841448	0.313790814125779	0.35882883516528	0.829659571942555	0.336219380619381	0.829454277238139
PF13271.9	-0.471459326069922	-1.04670808911461	-0.23797822000234	-0.727692612456121	3.40238485768169	0.17668303031402	0.407728184745777	0.549105894805382	0.98037523567247	0.537956443556444	0.908989617541879
PF14270.9	1.11784764337578	0.739103548204747	1.26059023764436	-0.54558283182107	2.40247874437274	0.188429387788289	0.397333337303178	0.439775840149788	0.988222989434488	0.520491108891109	0.913019382414646
PF09823.12	-1.92424562286847	-0.808927696521146	-2.47828428065205	1.86537791311768	4.32591055441664	-0.361727308507968	0.313333341366566	0.396419893737106	0.838105643953292	0.376402797202797	0.841598478270915
PF04072.17	-1.59941982155547	-1.47778042862818	-1.66216997278815	0.282509353111776	4.14025589710758	-0.0621380614063814	0.468666667831736	0.726168472426532	0.972562113027918	0.748573826173826	0.978953931932367
PF14871.9	-2.12716238522825	-0.702124829582828	-2.83101906014402	2.03882725197216	4.04278317700364	-0.413520089978024	0.297333342315177	0.33605837753978	0.796056771237617	0.306682517482517	0.779225396791742
PF16962.8	-0.980452681040392	-0.19631873170398	-1.4531516415136	1.29931995936926	4.3071538036581	-0.265578662388686	0.363757500446794	0.481903057044652	0.912669652628776	0.489165234765235	0.931403782651413
PF13275.9	-1.15148468173293	-0.587185376829999	-1.47760022389757	1.02790425569299	4.21540774980179	-0.201753918441175	0.400000003858024	0.542391665611242	0.93348266811689	0.557076923076923	0.942203098341352
PF01980.19	-0.345092803355612	-1.36941264572652	0.0408201769934298	-1.32133908012543	3.16943753729486	0.364749139622514	0.316000007882261	0.358244049724927	0.932933688691683	0.321757042957043	0.738476053501882
PF10604.12	-1.38465316705408	-1.45724699670146	-1.33419199715843	-0.0856420180346795	4.23045769895042	0.016145708997403	0.491672218829097	0.762949513428685	0.983056784565477	0.738642957042957	0.971832115842198
PF04066.16	-1.41818079637005	-1.40572415790698	-1.42759224918084	0.143122487147835	3.93021146875161	-0.0318371978052457	0.485676216386335	0.707231807267361	0.967304408356834	0.736567832167832	0.967247002480578
PF01937.22	-2.15246660007143	-0.902654017897609	-2.89322580923982	1.86928667379342	4.11381926116178	-0.383422565629921	0.301333342070768	0.3528858163981	0.811281058745636	0.334137462537463	0.810227018027779
PF11449.11	0.171953317553121	0.123855495393998	0.199451195908866	0.173823862515791	3.33987467925103	-0.0413355996968601	0.475333334249142	0.747383835571172	0.982662298687585	0.77043036963037	0.98429776219197
PF05899.15	-2.3373762353292	-1.42092531693404	-2.81846942213951	1.41868072011015	4.30170938528271	-0.28801981917808	0.346435715798556	0.456525575162551	0.861508389762546	0.450055944055944	0.859691842411223
PF01478.21	1.79698004794654	-0.912737408443959	3.48819323668781	-4.23924531183235	3.29554793457095	1.19989836130745	0.0640000673914891	0.0158400928970557	0.428656757078417	0.00451468531468534	0.0944114006253533
PF18960.3	-0.354437693776353	-0.431634660274796	-0.307924517915453	-0.267166149870021	3.36916699531558	0.0602627535152582	0.469020654048339	0.713439310086849	0.987524725303955	0.703844955044955	0.968339200930856
PF09115.13	1.11297965313883	0.667871688174265	1.24639788553107	-0.486541203632194	2.77488555572697	0.138193620609822	0.419720189590245	0.590115659758792	0.997396246944326	0.594470729270729	0.959226850042682
PF03458.16	-0.892983312102689	-0.982306553191287	-0.803365985308371	0.280407681170707	4.721625146384	-0.0544004302511358	0.477681546463399	0.708594108981435	0.981204346001953	0.765542857142857	0.991168224832063
PF13657.9	-0.623931901583779	-1.4461351616997	-0.151524444033861	-1.15130006681861	3.60154514260363	0.268105627408054	0.366422390397075	0.477867540428631	0.962806723080481	0.420228171828172	0.827149209887755
PF12889.10	0.397627680716167	0.83148016973508	0.166987538322672	0.728061673084865	2.17297340098384	-0.259428807416563	0.357095275576019	0.497014519309443	0.900456281958461	0.467751048951049	0.880879458388449
PF04985.17	-0.985061919396959	-1.39981962382316	-0.690738560448508	-0.879973504673126	4.27277131623009	0.167672484877834	0.405333336969865	0.630539073365504	0.983335537453706	0.574197402597403	0.926592607740536
PF10662.12	-1.22970236628245	0.183170402877016	-2.08054742870924	2.17480187218402	3.74484860290306	-0.50065707416377	0.2613333447812	0.252960674607123	0.744465923501855	0.221548451548452	0.732612819552785
PF12450.11	-1.25597517032511	-0.892051578263112	-1.38437716345064	0.749412060711713	4.06226904264682	-0.151908936656509	0.42066666968082	0.653525423661784	0.961702572051235	0.654946253746254	0.963832856542656
PF12034.11	-1.1746838942815	-0.950871020799188	-1.2736073522235	0.643346848445907	3.98162767220654	-0.1470382541912	0.421718857065464	0.643904245347503	0.960963885249739	0.66281998001998	0.95536395829923
PF02683.18	0.895876966932261	1.24250228239707	0.739060957117188	0.517657256458863	2.46400717928141	-0.160323819447254	0.415333336561705	0.723528879447513	0.97184242302824	0.625691108891109	0.963602217723838
PF08902.14	0.357967149274639	-0.330588493685633	0.587832309903407	-0.683911313547434	2.98565571891943	0.195457259876282	0.387741510035488	0.49963243323199	0.981596168324242	0.484165434565435	0.882911069865025
PF06414.15	-0.355096486492776	-1.43177194437839	0.142688371359612	-1.56139729777649	3.29356252117372	0.396586833405198	0.298666675566474	0.323427028994464	0.918315863411162	0.295132467532468	0.722414907308996
PF13539.9	-0.214079903301368	0.112678459846332	-0.316282678051773	0.547441199163269	2.97608013750694	-0.135617356177629	0.42038641208195	0.696145146865318	0.956476537736586	0.632751248751249	0.947005523917378
PF18937.3	0.14902620918407	0.470331376860456	-0.00638564805950992	0.562386204262301	3.37790078519165	-0.125732834280975	0.428000002723133	0.65480568492556	0.966725075697388	0.651024575424575	0.965111031624623
PF12810.10	0.122714812750142	-1.56790934749101	0.936344556040562	-2.83979185901636	3.8371723822839	0.653443949845425	0.206666683232425	0.140450927511472	0.800282146230664	0.10467972027972	0.496632445464702
PF01220.22	-0.4678958643559	-1.51066933818488	-0.084333753932893	-1.2261770428809	3.30046041188196	0.314265643714381	0.336666673438699	0.3906324769966	0.94943808728967	0.371105294705295	0.791251490421156
PF10086.12	1.42926590358508	0.310972068310102	2.06049405230404	-1.64382502619843	2.91972204412125	0.485024432464774	0.23666668016346	0.252036413852217	0.931112662299222	0.121158041958042	0.568013342667151
PF18917.3	-2.13461916237366	-1.48445508998437	-2.5296363608473	1.00750186873903	4.13159506367853	-0.205632669742721	0.391333337557549	0.533836499542626	0.899478506107204	0.541021378621379	0.909586371482085
PF14196.9	-1.56664430260177	-1.45687761261667	-1.60924525851381	0.325385631150485	3.66065155758754	-0.0813814554615231	0.462358429115068	0.709587688110902	0.962810619242674	0.710427972027972	0.962764384232327
PF04463.15	-0.459244904507159	-0.987806889197003	-0.21383493006569	-0.967442748366818	3.78161558524939	0.20533802578802	0.39800000394182	0.572338116141015	0.981070739263908	0.538237362637363	0.922893916353902
PF17782.4	-0.889669067773434	-0.986298004779045	-0.823504678147598	-0.140994406462101	3.64054401865905	0.0373255502387958	0.482666667309414	0.754490567688259	0.983589075436963	0.734003596403596	0.96211477769012
PF04993.16	-0.607984935292449	0.317929806673732	-1.26872765009386	1.60641687329105	3.47743821491716	-0.397127363809994	0.288474359962378	0.312110172305277	0.818334796273117	0.287323476523477	0.815012088420235
PF19502.2	-0.653868787868478	0.321192001132142	-1.2460494214591	1.69262178963734	3.40683971931612	-0.434518827165042	0.280000010104348	0.297241568169089	0.798881808082496	0.256271728271728	0.789297155268359
PF07875.15	-0.429571532867095	-0.878813731027628	-0.251279958851146	-0.312967660887333	3.57294291874437	0.0689415241901889	0.461692206621819	0.662222700172854	0.993342279034626	0.655797802197802	0.955566333289555
PF01944.20	-0.749943087654056	-1.40076867263054	-0.294756274062497	-0.891690454117851	3.92473294816435	0.184089692966458	0.389073955014824	0.567006858560248	0.981207024757002	0.488925874125874	0.89748805951737
PF18310.4	-0.309162503900463	-1.04357206042568	-0.0947138210803411	-0.946291771716103	2.95640021579838	0.270173124210429	0.353097940657105	0.412401256333104	0.958312941399349	0.440276923076923	0.821282399159728
PF18954.3	-1.96301574623761	-1.42897684079402	-2.29353325387167	0.821817749957095	4.34784881570317	-0.166021592966774	0.415722854640748	0.58103108193841	0.92966686691579	0.617769430569431	0.946202229085304
PF08378.14	-1.48219088413643	-1.53685845676321	-1.45940586987602	-0.16166649850957	4.10305021416697	0.0341758661260869	0.484666667235102	0.740314339270676	0.99133493925059	0.728305294705295	0.962942650041293
PF02834.19	-2.29594776826756	-1.45756533522258	-2.79001964959501	1.20495877061613	4.3447490627626	-0.236720381677487	0.378414395186208	0.489625968992052	0.873538252546248	0.506599000999001	0.882082104730777
PF20610.1	-1.57352494006372	-1.48475225797338	-1.63937026529976	0.347939740571325	3.89674604245562	-0.0677470525842346	0.460000001491024	0.695105533284944	0.967233410184878	0.718732867132867	0.971135048219395
PF18389.4	-1.10201919972668	-1.5177312127036	-0.914246920624897	-0.512808474742074	3.64277509501248	0.110126338176193	0.44533333538252	0.644897466415365	0.984385106610705	0.617785014985015	0.931526128350511
PF03616.17	-1.01681893252584	0.203733355132064	-1.72018173333748	1.94490383850491	3.69506849017963	-0.451329406196343	0.270486353193786	0.295874607827889	0.788664300430003	0.255064935064935	0.776354704201045
PF04346.15	-0.922581063984501	-0.00414553453715882	-1.38296035593161	1.35722947127053	3.68778870153046	-0.30701802936374	0.332000007014083	0.450879190621679	0.878279836512578	0.40848951048951	0.868841905260643
PF10916.11	-2.31077182971962	-1.54786102297346	-2.86867753246993	1.22495101851546	4.48879065354829	-0.253275741900282	0.381079285142026	0.484067362054103	0.897780552481444	0.502113086913087	0.904024266148131
PF18948.3	-1.07468858879307	0.154174729979926	-1.74010726994236	1.86896744209113	4.07051018528068	-0.384694808941717	0.297333342315177	0.359318185833976	0.847075352842631	0.309153646353646	0.844057474318999
PF06631.14	-2.28919310295566	-1.37723063445746	-2.84487400841142	1.43044605691695	4.24488267499324	-0.283807430007126	0.347333339568994	0.430838169779549	0.862395180043415	0.431644355644356	0.857247473368064
PF07247.15	-1.39847901226586	-1.42586288111579	-1.3844831424362	0.00512442457697393	3.98220352618445	-0.00144002730879362	0.498000000074075	0.751225457438221	0.983098229715628	0.756428371628372	0.970314928435787
PF13575.9	-0.822288565136156	-1.55165317955882	-0.231712306733396	-1.32191349978883	4.18988941730355	0.264116533738396	0.357333339085605	0.508620407355401	0.963659714751298	0.437050949050949	0.869694548734526
PF05147.16	-0.814554458062567	-1.53680969633244	-0.285034857076223	-1.2886975657184	4.18352022390709	0.258264587782733	0.365756167909403	0.523937557592858	0.966191451080174	0.442222977022977	0.87780513041718
PF04024.15	-1.33956537859193	-0.710474027481528	-1.68298580253886	1.06355551461351	3.85185168090739	-0.233089682580537	0.366000005347005	0.53699811328367	0.911905491001853	0.523033366633367	0.915198037841325
PF08808.14	-2.05831594507679	-0.967512064870645	-2.67504766548638	1.52334780905284	4.34342523716986	-0.309221113684108	0.343770825857455	0.428325474147198	0.843160147349599	0.427817782217782	0.867243078441841
PF13930.9	-0.592732707327475	-0.99997052783213	-0.40672916675684	-0.511483779967714	3.60991370117223	0.109281278879358	0.438666668972974	0.638827677506466	0.989933572239479	0.619389010989011	0.939727051306631
PF04488.18	-1.63661639673711	-1.35959156086271	-1.77623361069894	0.505235253425591	3.98687862821202	-0.0993820608001802	0.44533333538252	0.644702693889045	0.956720638288128	0.673108091908092	0.967599182613014
PF19842.2	-2.38402076153166	-1.44849511547514	-2.95354969785456	1.46989425362235	4.31907295961321	-0.285043675878063	0.35443038562977	0.442133706470468	0.862887449242634	0.448968231768232	0.871602462378659
PF16161.8	1.52524444220363	0.72350350128302	1.86730933646273	-1.07882229676058	2.24053184129922	0.415103923836259	0.270486353193786	0.276495933396641	0.942501137495256	0.240919080919081	0.709903874127054
PF08707.14	-1.51570054048309	-1.46082757893722	-1.54720661576908	-0.0514002745081976	4.51921090379056	0.0113244602963015	0.492338441322757	0.750909628102796	0.993920793704414	0.753268331668332	0.972676679920683
PF07905.14	-1.04816896060295	-0.0934478499477409	-1.42266473205272	1.55918764371779	4.1486655533303	-0.325269357981129	0.340000006601966	0.454056988510655	0.904360913329813	0.423386613386613	0.902949154945293
PF05552.15	2.21938020490123	1.60397574819798	2.6117913949032	-1.3773144929131	2.86813833400331	0.442125383523815	0.279333343483091	0.181268830086884	0.949741979754405	0.212494705294705	0.804000669977713
PF13248.9	-1.88440187154921	-1.595779000724	-2.07085823542864	0.591624310955188	4.27356195601887	-0.111473132679788	0.44037308684754	0.614863405024945	0.937849150237233	0.638509090909091	0.946588356797776
PF09551.13	-1.65044944498133	-1.5085340660006	-1.73772554356673	0.304317218971632	3.92372992727247	-0.0616054381153964	0.470666667756838	0.681965999288308	0.960654005436797	0.700863936063936	0.968355956898306
PF04290.15	-1.19571939553661	-0.938507759327775	-1.32565782672137	0.394076858120799	3.7950794984544	-0.0839519891518997	0.455333335000962	0.676075112604694	0.959677463068194	0.691975224775225	0.968027377921717
PF16163.8	-2.07711716041014	-1.49102139101766	-2.4370719129662	0.970907238373045	3.96107648626771	-0.205759081769692	0.374417060254251	0.519993295593261	0.900218920457949	0.515701498501498	0.901860398703677
PF04422.16	-0.571518848814208	-1.11643575727629	-0.337643289965984	-0.512788094776679	3.73187532309738	0.120816213881514	0.433333335847159	0.623833534426401	0.993140860938618	0.595761438561438	0.945973533004247
PF04432.16	0.052828666221588	-0.545365397329589	0.249057014957041	-0.694833699214877	3.06816835400181	0.19041172209955	0.398666670580509	0.533665327997343	0.981587855453834	0.523012987012987	0.896113054080735
PF11700.11	-1.19970491104983	-0.719610909871752	-1.59406574438334	0.301854545020825	4.78135354639463	-0.0546526777627677	0.471019321528573	0.692527706389164	0.987668875947216	0.795638361638362	0.993811737692922
PF09960.12	-0.778855238796576	-0.113388917345183	-1.09200917344715	0.920996966545204	3.55141057808565	-0.200468176767995	0.378414395186208	0.568232728003164	0.930972400758108	0.546542257742258	0.929543046796589
PF16933.8	-1.22139287897227	-0.693883775139091	-1.58253803391407	0.680798199532119	4.48486536752243	-0.125566453643314	0.428000002723133	0.591643911283229	0.959358591102669	0.629103296703297	0.976718649440137
PF16173.8	-2.03209438137252	-1.49537551449585	-2.40288112318657	0.728001425195408	4.46121307121301	-0.146470695639464	0.436666669050594	0.608842143766098	0.942297935242865	0.649580819180819	0.959278926774102
PF16116.8	-1.92738116456383	-1.48738495196621	-2.28150663551653	0.615050532748822	4.41378096830636	-0.12663224519765	0.442000002177447	0.610326272020892	0.940851387924045	0.649542857142857	0.960697556341619
PF18082.4	-1.03060466270753	-1.32897002024117	-0.804867810365528	-0.468928269270466	4.02901402789938	0.0873171790318549	0.442371754325456	0.686525203885343	0.986737915034456	0.651728271728272	0.939809333588918
PF18164.4	-1.07010604434291	-1.49195439057012	-0.794638452513539	-0.523527770072858	3.96899325589339	0.119416378824623	0.432666669206554	0.660137120976551	0.985205391106387	0.612565434565435	0.924745480690246
PF07751.14	-1.12239782622336	-1.07878774481846	-1.13440918633854	0.179465538673937	3.72165923515199	-0.0411033112675009	0.475682878982846	0.753460858740234	0.974634051549264	0.754551048951049	0.97724775974589
PF12664.10	-2.15107393092481	-1.59543302693887	-2.53181513276469	0.992125275413292	4.22159393736278	-0.200750760607042	0.397333337303178	0.552866973922289	0.904635901228408	0.564716483516484	0.909988249580642
PF20369.1	-0.32005628852139	0.541920733747343	-0.595898397288587	1.24988632258936	3.45016940547441	-0.290954720954421	0.356000005815711	0.509864679055238	0.923063673800879	0.425395404595405	0.898276931225702
PF13382.9	1.08964107508784	1.35360577227051	0.987755423429901	0.45313577937261	2.31724103071939	-0.157646918517218	0.419720189590245	0.713979096365395	0.98334035543898	0.624372427572428	0.983556043083218
PF06935.14	-1.6306814592109	-1.43819378255873	-1.79340274415859	0.475363639362992	3.98942456854391	-0.0960015517170249	0.451333335153042	0.66619745738438	0.954217190001956	0.686367632367632	0.96195987781016
PF12668.10	-1.27697075057471	-0.936915694190405	-1.5729418303403	0.469786907053093	4.30899191290802	-0.0841169784315475	0.454666668359595	0.648600171291556	0.969770189453223	0.720723676323676	0.98453624097102
PF20275.1	-1.72264194441986	-1.43638259974427	-1.89140009451437	0.518377617430128	4.19785616398122	-0.117111337417988	0.440666668895584	0.63933905121104	0.953478744075467	0.663048551448551	0.960646893582575
PF20293.1	-2.34909418628565	-1.54162487622424	-2.79685743457308	1.33546210162886	4.24907108602002	-0.276203278590795	0.361092610497623	0.461251197453664	0.870416269211761	0.466472727272727	0.882207319040433
PF10088.12	-1.6455941470552	-1.59822212802474	-1.68133475691012	0.373254467083601	3.82595034586913	-0.0769291039842693	0.461692206621819	0.700674118972877	0.962572351242879	0.704387612387612	0.958970390950906
PF02625.19	-1.45078919587427	-0.981329861045452	-1.72659324939073	0.749869729512963	4.16365753084979	-0.153308893347184	0.412391742183836	0.596337396216524	0.944394052796038	0.605920479520479	0.950272229485273
PF13478.9	-1.45570411606629	-0.911069003651878	-1.78469883849615	0.803157929628717	4.24227064617939	-0.165474813989045	0.40933333680553	0.554218355546069	0.92924314646473	0.575732667332667	0.942614825914499
PF00481.24	-1.44803842437554	-1.06249478757418	-1.66361388848257	0.763064406851392	4.20026613980617	-0.16330440207988	0.418666669760886	0.603867955246277	0.943149077019343	0.615410589410589	0.946998350591348
PF01887.19	-1.9726476054556	-1.49144492285454	-2.31165203562465	0.841658955366501	4.34049215720548	-0.169473865482233	0.40866667016615	0.567669945419788	0.925593853968535	0.597196003996004	0.942233704270861
PF20257.1	-2.01243295911295	-1.51277728291786	-2.33798125001186	0.933714965198211	4.3734364686823	-0.176960036217085	0.405729517272928	0.588608980568728	0.930504392024084	0.605497302697303	0.939947925407324
PF10576.12	-1.03464159881797	-1.49958589944092	-0.796174869311771	-0.522507140973208	4.04796385128302	0.127214819611613	0.432378416938174	0.659688846253345	0.984722614619336	0.607582817182817	0.931090664656728
PF16757.8	-0.932664860013614	-0.495141277810421	-1.23706081006739	0.578768724650757	3.9384779017262	-0.126313551227343	0.430379749461449	0.595362717101946	0.948577687677199	0.640023976023976	0.97217263293112
PF02001.19	-1.62010656835511	-0.31750767604484	-2.50690025684779	2.01488007491795	4.10114783343637	-0.442709488939776	0.278000010241112	0.297520240868153	0.790614509262061	0.27582977022977	0.793578828003607
PF14024.9	-0.0690794029559285	-1.01413774505738	1.00005571715159	-1.78486597510399	3.92366255022598	0.398966558041656	0.29913391958556	0.366727944079609	0.947248845315024	0.266038361638362	0.783827165722054
PF16152.8	-0.406065778082308	-0.402299444270428	-0.409879119069351	0.0785202703794496	3.3626227923986	-0.0212193386917293	0.49100599633544	0.777857149000579	0.986440310161548	0.767317082917083	0.982593259607607
PF18128.4	0.0771073969255323	-0.500329984985189	0.281615201235769	-0.765005480418125	2.88758723699159	0.221691309343564	0.383077952609488	0.429979115222408	0.968564137392511	0.479666333666334	0.870463982960174
PF18133.4	0.0773554667849465	-0.465098228732597	0.302525222020273	-0.790525810209934	2.808472824407	0.237725495659613	0.388666671005231	0.422401510369277	0.974633138357449	0.472266933066933	0.874787663692676
PF00595.27	-0.835743847439752	0.17777278115969	-1.30281500014723	1.25447065225558	4.09515093187015	-0.267549025650619	0.359333338991004	0.508993924701565	0.929088110268579	0.490575024975025	0.930420058551835
PF04309.15	-1.64630516269332	-0.520344462688068	-2.32238640573385	1.65488743847454	3.97505978045262	-0.358198673624022	0.304666675204241	0.366970457461162	0.817298806625775	0.345280719280719	0.806677427012819
PF05336.16	-1.01903533448719	-0.762376908853799	-1.21264411742712	0.538114564987983	4.41468890184131	-0.107857977249657	0.441039309340154	0.634833983750147	0.955743239053307	0.685876123876124	0.966019906598044
PF13244.9	-1.50386517824295	-0.791802334798358	-1.93688926765147	1.12983477651911	4.13458512739588	-0.240938558921486	0.373084615277418	0.491406757329507	0.897694892237431	0.493261938061938	0.903111601154029
PF02152.21	0.0799660665603596	-0.933185309812433	0.418755515889679	-1.34723067854993	3.00487177149556	0.372062925881866	0.315123259087011	0.285855421319304	0.92408385929546	0.307576023976024	0.730217364097251
PF14399.9	-1.10867966657185	-1.43846710403431	-0.909872190360129	-0.575774094344808	3.96240509459736	0.119909725405472	0.426666669442425	0.655471005801754	0.990732410172505	0.610416783216783	0.945041949382664
PF06685.14	-0.584588190349352	-0.30736736347884	-0.729040840962994	0.817895516351839	4.24097833732512	-0.171297330858927	0.419720189590245	0.623398406131435	0.960265955324004	0.635008191808192	0.963443223615599
PF02074.18	-0.704388309445801	-0.847977280659985	-0.616168846188636	-0.297135937538646	3.64414314297141	0.0680155772518121	0.466666667906746	0.687711675323752	0.992964210672938	0.684741258741259	0.96099436453304
PF19644.2	-0.719363799250539	3.92379672909624	-1.98656259964988	5.87475254464621	4.83405937968585	-1.07606823062925	0.136666695179472	0.0495985858793483	0.444359910225801	0.0431328671328671	0.42180980861669
PF07314.14	-1.24953167535879	-1.25732901505644	-1.24717094467344	0.264139875332209	4.05657131444538	-0.0598964989359678	0.470666667756838	0.700373637962565	0.969700582386156	0.723032967032967	0.970781552559888
PF00135.31	1.23615739139423	0.485603133937184	1.5441037199064	-0.840769887081681	3.25716271714106	0.219909691693259	0.368421057860494	0.502007870330969	0.994501403266875	0.444451148851149	0.930985427438076
PF02586.17	-0.831350184658657	-1.5260129290419	-0.504839617176065	-0.547546407514012	3.85874281417525	0.127106895212619	0.433044639430472	0.622767129287599	0.980510465976117	0.576509090909091	0.910898362531996
PF04256.15	-0.360523388069279	-1.56875900424764	0.083585361797514	-1.36097309469536	3.50997786395388	0.336864670323906	0.325782818793355	0.394619424315686	0.938826179503881	0.336832767232767	0.754038083632449
PF12695.10	-2.11011751735657	-0.876375777931302	-2.81590137093615	1.67854083211156	4.29337504185612	-0.342087756704855	0.331333340382384	0.406800476966474	0.849149430393773	0.393526873126873	0.871329830338114
PF14487.9	-1.82129922869779	-1.58631143655208	-1.92603506100609	0.605281437762034	4.10524329878475	-0.121421903086432	0.42704863700083	0.632163599020257	0.945478539213479	0.655451748251748	0.950328721246241
PF10719.12	0.473836388353566	0.628513522614671	0.415676489034331	0.176718753602893	2.08241702656571	-0.0735692494024126	0.465333334623486	0.720152590586648	0.963726027385971	0.693095704295704	0.959373665865481
PF07196.16	3.32850091866058	3.37941579342248	3.26584150554006	0.0609574604885941	1.72587355565413	-0.0339282074836919	0.486342438879956	0.787374074789367	0.999906081319763	0.832869130869131	0.999559838152359
PF13607.9	-2.27507064766117	-1.44198632217277	-2.82078203595881	1.37702177250002	4.21505317074777	-0.283406797554442	0.345103270827835	0.453300455744229	0.875485741986365	0.454577422577423	0.881990647619363
PF01361.24	-0.167579402484908	0.00137550269441888	-0.255652432544767	0.307450579932062	3.14222699901301	-0.0784085988602574	0.450366424239179	0.71645681500715	0.974077833631784	0.720364835164835	0.97325495024661
PF09932.12	-1.74386296825586	-1.5553579051903	-1.88952623092431	0.424786814004304	4.09798571202611	-0.0902598333542103	0.449333335229345	0.642702457220035	0.954580804969865	0.655640759240759	0.960327700235385
PF13250.9	-2.36121800687977	-1.50629700249659	-2.87582747643598	1.44741259548396	4.3232684999847	-0.285561593043393	0.354000005911439	0.465728015935652	0.876421984675335	0.46486953046953	0.87506241154232
PF10544.12	-1.8116368130135	-0.897435143605694	-2.36972981353212	1.3390466206663	4.18444858573206	-0.288073728835848	0.349766828226818	0.43831202588843	0.867238848470835	0.438407592407592	0.872232039532613
PF06152.14	-1.14853499495793	-0.933732937166264	-1.35323272479206	0.300041739153601	4.72364208519072	-0.0560043628159184	0.472351766515455	0.747386293878862	0.990504877644294	0.739435364635365	0.984401058869908
PF20536.1	-1.42625168544784	-1.39409015283688	-1.44407554400398	0.01335908485669	4.03268005316889	-0.001966101317972	0.499000666259482	0.744459891987196	0.983539082324723	0.734644955044955	0.963150769220693
PF20378.1	-2.30010827386779	-1.45926712064711	-2.82541075691843	1.03262479661798	4.71240411611962	-0.205350473466258	0.402000003774635	0.56877528529594	0.933775304829468	0.56560999000999	0.935908365559429
PF06854.14	-0.774639813336839	-1.36695987084443	-0.461755651554076	-0.898725015291785	3.82264689848462	0.206601585652567	0.394000004110675	0.500726776294136	0.971813032042319	0.486244155844156	0.890809631613384
PF05866.14	-2.31417770047332	-1.52768614138117	-2.81495024102536	1.24643200602448	4.31142133213327	-0.262940220509719	0.368000005255151	0.487055099245067	0.894768274833254	0.501920879120879	0.909853224695045
PF03864.18	-0.0690898037227559	-0.492621109527903	0.203986606289086	-0.92071042618656	3.41773178984966	0.235837598157629	0.370000005163893	0.501460929707405	0.975456502327503	0.481418181818182	0.896347250454706
PF19645.2	-2.16847530008835	-1.46837480464988	-2.5527938458212	1.0966378276896	4.20484274669201	-0.229045188567117	0.38974017750457	0.543886729811107	0.908916802550996	0.537335464535465	0.916810774041022
PF12961.10	0.0608266978886984	-0.972375981071431	0.740667274999698	-1.28191963317776	3.97339339093161	0.284333312842214	0.347333339568994	0.489630439706064	0.979333665723177	0.375051748251748	0.865852354360583
PF11167.11	0.0100847291535784	-0.843950381239315	0.31269927884275	-0.931609474876251	3.3665664489732	0.227751321792182	0.37866667144168	0.482191751820332	0.980100084098393	0.467962037962038	0.894099743548951
PF07514.14	-2.13098009248643	-1.50202066120139	-2.50070584888832	0.899920449113355	4.11130721408117	-0.184223576693306	0.408394407236809	0.52315787204827	0.916630732974758	0.538249350649351	0.920522884184023
PF11230.11	-2.18742170361817	-1.01179890267325	-2.78637939656454	1.72782942133899	4.29140221303843	-0.357106144882997	0.312458369165026	0.37451828265499	0.839991247994379	0.35925994005994	0.826792954752172
PF16980.8	-1.2667061332949	-1.02294124537576	-1.40578353172788	0.573191429444079	3.75765326679513	-0.112805781414891	0.428381081984987	0.64138377584761	0.954936395476101	0.640057942057942	0.956357708002561
PF13440.9	0.313458836589995	-1.47893908099977	1.57453491826078	-2.82820638618568	3.33234615156906	0.804894439267153	0.164000022691599	0.0832893048129903	0.697809107224781	0.058762037962038	0.362103115502907
PF11185.11	-0.428915651597571	0.160342696228319	-0.677742029867523	0.935602946055961	3.23216119835718	-0.242434945380272	0.364666672075246	0.56077034579282	0.922960603281442	0.506034765234765	0.915030886464069
PF06056.15	-2.32126679092126	-1.48192625692901	-2.87027457886522	1.44776149217399	4.09335878143459	-0.310062992130574	0.336442378526689	0.433361055250648	0.860534535885864	0.428461538461538	0.862505437268534
PF20476.1	-1.23566759548333	-0.544848305886775	-1.54005253704234	1.07278628475488	3.78797358000162	-0.251296085134086	0.36933333852758	0.507940198840899	0.907124079396355	0.498123876123876	0.905800212649668
PF14461.9	-1.79338509974588	-1.4937278384772	-1.99191922693397	0.644679094444229	4.09045509602539	-0.128627485728352	0.429047304477111	0.616545822382066	0.944994799600575	0.638492307692308	0.94752009689247
PF18145.4	-1.71084307366569	-1.44647338883491	-1.83928609678096	0.545053561741696	4.03958174735479	-0.11364988178733	0.445036644296342	0.642645142247184	0.944451190775318	0.669036563436563	0.948124930042903
PF03070.19	-0.987907426781465	-0.77470943742127	-1.10294723438499	0.40803453307	3.79512155552829	-0.0987178837693133	0.454363759197163	0.695880992341389	0.964756306074	0.70549050949051	0.969289933181989
PF08974.13	-2.17189719600448	-1.43025772834302	-2.55723986120487	1.33353042598631	4.14290967246054	-0.277750110637698	0.36933333852758	0.493884539073071	0.886089179036173	0.493580819180819	0.886012190692522
PF01934.20	-0.635177277934923	-0.405685755787255	-0.772794283734039	0.326018940491256	3.59066575341746	-0.0772281142625816	0.460666668132528	0.688725555967407	0.977174296067592	0.703654345654346	0.982762545750776
PF15655.9	-1.03398310015108	-1.4684473939433	-0.824212150328785	-0.469016959936398	3.84678515552265	0.0901261250907655	0.446369089281922	0.653339312904433	0.983578163323048	0.621162437562437	0.930447730565316
PF02288.18	-0.192534946132101	-0.922832398304006	0.461898205787936	-1.32584865310408	3.99056514826013	0.300934805655957	0.349333339470879	0.462003174691082	0.967703733506331	0.39167032967033	0.859865652184999
PF11457.11	-0.977683271909797	-1.41306930268883	-0.764174033808896	-0.431777729845088	3.84151139649032	0.0948700523778361	0.446000002023603	0.661277220811106	0.985169411451629	0.616863936063936	0.927066534843389
PF13176.9	0.0213312317072916	-0.9862554894694	0.412025208336473	-1.09863677236625	3.59308356410181	0.271020452620113	0.348666672836835	0.482716712450563	0.973147446623664	0.397709490509491	0.845260137463423
PF09388.13	-2.28302777455232	-0.621734179526044	-3.19399235652546	2.5710315042884	4.27393186688778	-0.518049730065999	0.252666678794869	0.263429536089605	0.738359400038651	0.230559440559441	0.720766944251328
PF02026.19	-2.24822297735724	-1.50882738988032	-2.72407043700726	1.21674756881539	4.33028741068216	-0.243536511463475	0.372666671709787	0.502614630032444	0.898106506506237	0.507613586413586	0.900950944506687
PF12718.10	-1.46147766569908	-1.47694650185292	-1.45162837845537	0.191081966210819	4.05116248084742	-0.0384751422089414	0.478000000816395	0.716719595893196	0.971541977247766	0.7610001998002	0.968651540575959
PF20240.1	-1.20789694651264	-1.42163540113793	-1.12328406992003	-0.227168591185282	3.44001629396849	0.0618778436095763	0.472666667682047	0.687145208456225	0.989350308217919	0.681175224775225	0.946116037293768
PF13580.9	-0.582008132802645	-0.0193451295106115	-0.796783256751406	0.916078870169666	3.6672279106612	-0.199010242922293	0.39333333747232	0.581854152957533	0.938927742374229	0.552057942057942	0.930143283677707
PF13027.9	-2.32156965645499	-1.40722575733914	-2.81305298717556	1.35405887983014	4.16485991141069	-0.283927460734107	0.357095275576019	0.442688453392397	0.868373921067728	0.440280919080919	0.868410259321393
PF03990.17	-2.18858884263651	-1.32915323211226	-2.71404660031507	1.2830848879788	4.33035725254114	-0.254348872180209	0.365333338711092	0.487096988115917	0.885630027133533	0.500678121878122	0.897441643289049
PF18735.4	-0.930202939968511	-0.0272631290861236	-1.49567229301624	1.46240480779408	3.46528943757026	-0.358259904746827	0.30533334183134	0.347904796352805	0.819906672235358	0.325406593406593	0.81521433348043
PF13629.9	-1.57753322645658	-1.54353004671696	-1.61086246384178	0.192669987839765	4.19038834838424	-0.0401049518165019	0.479013991450479	0.694630840883802	0.966616420640168	0.734386413586414	0.974188452497809
PF14262.9	-1.71686100941873	-0.878130374870254	-2.13166055233387	1.36854877523515	4.19067534771871	-0.286197604442622	0.349333339470879	0.466044158777083	0.890086890554951	0.464273326673327	0.891006433354312
PF03415.17	-0.406489753714401	-0.0765064534508815	-0.656378422135712	0.485258504745745	3.49857995005569	-0.108864066075843	0.434000002487791	0.617590897583226	0.967305430372967	0.642915084915085	0.973399790039982
PF04071.15	-2.20620956080947	-1.03994201736615	-2.83760425408716	1.71545313323763	4.2833076628096	-0.348449025599137	0.317788149010891	0.391205438273831	0.829984884781773	0.377975224775225	0.844268251428777
PF11761.11	-2.11627686294666	-1.54272996083162	-2.43168502069173	1.0876028269128	4.21688484179619	-0.231603008310722	0.381079285142026	0.541085877274465	0.915532894044275	0.546055944055944	0.918420989319079
PF18887.3	1.85640433984539	1.8040502340729	1.8795707499803	-0.16761500624185	4.8311219291431	0.0361707846114183	0.487008661373583	0.834516298376557	1	0.836454745254745	1
PF17118.8	-2.25553119551609	-0.717374338856429	-3.05362577885151	2.21012270682527	4.06084730527352	-0.474778672676602	0.271152575664316	0.279756344230207	0.732732129779273	0.259954445554446	0.720481451671503
PF20247.1	-2.20696686772375	-1.55886510042924	-2.51584226302586	0.921666641186779	4.20249857705078	-0.18326042366537	0.397734847385403	0.565825218544089	0.906726472372719	0.557562037962038	0.906027650960507
PF18899.3	-1.11024519874521	-0.945988681630399	-1.22761802919491	0.413630378886736	3.99952610696697	-0.0853889896862548	0.446000002023603	0.660084734943365	0.958471698521601	0.688150649350649	0.96381973634409
PF17728.4	0.237042383264683	-0.249139151307906	0.417768142123263	-0.774799650045098	3.01510117591296	0.208459736128097	0.389333337643233	0.484928257051076	0.975146992718493	0.483887312687313	0.885942654771013
PF06616.14	0.274876561089856	-0.195594555158759	0.455222302039354	-0.842576379012515	3.1417953827551	0.211872068934031	0.386409065056362	0.492044717531471	0.980200800939579	0.4840999000999	0.897723566608178
PF14343.9	-1.97373517231009	-1.48404335132909	-2.27223279314964	0.921511920401273	4.23586065350939	-0.188331788431574	0.405063294782061	0.584954649091583	0.928085060342208	0.59651028971029	0.937656349919905
PF16697.8	-2.20206812735887	-1.49172926821964	-2.69540846692164	1.29472311053393	4.19254020392795	-0.242766635466701	0.378414395186208	0.485812366130847	0.89279185498388	0.502220579420579	0.903017424935344
PF14378.9	-2.33015142544934	-1.44202802417951	-2.80097980624573	1.45164316861893	4.06638816073636	-0.308954796423581	0.345103270827835	0.452349891909337	0.86071604331002	0.44449030969031	0.858857112610106
PF12476.11	-0.757620981109902	-0.894489806524631	-0.659460629120232	-0.0919054960055012	3.67557280086685	0.0239597764376484	0.486000000518925	0.748867988474528	0.986131943263354	0.738866333666334	0.965272022757437
PF09983.12	-0.00100435259865428	-0.386332044130017	0.151727482745951	-0.24949655304489	3.22339916709684	0.0670394397637257	0.463024651608331	0.692103523492754	0.996126887206847	0.67017982017982	0.965208871418152
PF04586.20	-0.0998211785234107	-1.4069745907203	0.417446501005298	-1.79131476419511	3.01458690724626	0.503369964628727	0.245169899475198	0.189427991161461	0.859233072466371	0.189476523476523	0.599881540552897
PF12641.10	-2.1355982804133	-1.52211599597357	-2.51506828766624	0.992775123544596	4.1909313759264	-0.199332187102107	0.387075287545898	0.513986077876999	0.904463486321453	0.528817182817183	0.910620875206724
PF14594.9	-0.146259206395481	-0.926685057740607	0.294426604768676	-1.1655550965256	3.55323067764155	0.261688424388969	0.346000006301487	0.482787872006404	0.967597791762205	0.379443356643357	0.843984264030437
PF01242.22	-0.74593970756744	-0.946238018847067	-0.626163820620431	-0.187578172738893	3.97258853045701	0.0417675559169283	0.472000001040299	0.744466553974071	0.991422193602578	0.721381818181818	0.975242677550387
PF07799.15	-1.62099437011943	-1.45953018423216	-1.70980257088064	0.396821570123088	4.0733358940104	-0.0824867898332705	0.448367756760455	0.659768751217826	0.951210904456451	0.697940459540459	0.961245725280466
PF06048.14	-1.75159013330878	-1.42445991905495	-1.94068432790715	0.6568157047903	4.03406505227096	-0.144629730541191	0.427333336082764	0.609236483030284	0.938234483915909	0.632897102897103	0.951834659863185
PF18662.4	-1.85531573002926	-1.4849820795236	-2.05024192433443	0.664540672833154	4.22209673508319	-0.124384958087568	0.431333335925431	0.624043653207649	0.945247521947039	0.628720479520479	0.947246753933272
PF01112.21	-1.86482974323983	0.389052896150368	-2.87372712988704	3.1704121031517	4.07914371682412	-0.702039806886731	0.206000016643155	0.166805968276045	0.6204722419181	0.134214585414585	0.591853918029462
PF14025.9	-2.06719994416581	-1.41892626983064	-2.49335036548932	1.19701133416062	4.06238892869673	-0.227069427116384	0.386666671091537	0.52801892234141	0.891331565541987	0.538969030969031	0.897053257352443
PF20092.2	-1.77042622980971	-1.57427025114292	-1.90112123927659	0.393775994536142	4.09629057213551	-0.0802670206808421	0.459027316648982	0.667787889450148	0.958722768121722	0.695110489510489	0.966262328338669
PF08863.13	-2.15665831139912	-1.53034291525846	-2.49625300065008	1.07294827547027	3.93957750628106	-0.236992407466822	0.37708195020865	0.518193136419661	0.905589715500285	0.516564635364635	0.901350635744756
PF05565.14	-2.30874739775871	-1.39409936492069	-2.85902127223227	1.5342591781914	4.30454308300284	-0.310879383856682	0.339333339969129	0.416540637987693	0.840478656232643	0.431328271728272	0.853790134078467
PF16677.8	-1.97677483465756	-1.52543998473696	-2.23590917542493	0.814142177284861	4.15146256557349	-0.173567913698559	0.406395739763836	0.579348038936652	0.927705558443551	0.583711888111888	0.930295241904257
PF19540.2	-1.89845245025425	-1.3452725856529	-2.23262298658515	0.842323557465339	4.23286385550295	-0.167422161171467	0.409060629727881	0.56952217772	0.935707336199925	0.592553846153846	0.948264218622127
PF11202.11	-1.80370027390019	-0.548899041929076	-2.61365189011151	1.87123886732121	4.01948764248637	-0.41421123686691	0.287808137487236	0.336764569561262	0.780513463363949	0.310144655344655	0.780171622495138
PF15608.9	-1.78917762027308	-0.553744870529439	-2.59410347589471	2.00355444410407	4.01565230599146	-0.421950075308865	0.288000009572812	0.323563040689655	0.776385162505544	0.31287992007992	0.779777267417211
PF03190.18	-1.40233324830561	-0.988703687238103	-1.65134094453681	0.593393558303275	4.21046479732147	-0.108075930410426	0.429713526969265	0.636121221569154	0.961620299156965	0.674883116883117	0.9735144478069
PF12646.10	-2.11079993202021	-1.45277951370807	-2.43709867561046	1.01234270900454	4.09455109484698	-0.220690249786576	0.391738844974114	0.531836070148337	0.904819350781825	0.533359440559441	0.905902887157993
PF00719.22	-1.30091319373341	-0.881884063599061	-1.53910371603615	0.826564261042702	3.93249215701609	-0.169095412365522	0.405729517272928	0.602482674251931	0.929827988401371	0.589407392607393	0.93490557545604
PF09512.13	-2.37719099654955	-1.42247005039611	-2.9408033764395	1.47577047982927	4.21343931923473	-0.311308184778362	0.340000006601966	0.427946578652453	0.864842863577657	0.42902977022977	0.859174001692436
PF14367.9	-1.65189332779619	-1.56540080640645	-1.70862801778993	0.287320959451117	4.26232791989235	-0.0623201507693825	0.464357096594903	0.693819882095025	0.965781132173848	0.727775024975025	0.972262756135179
PF03683.16	-2.37939700679497	-0.888583164640687	-3.17421233715909	2.24413728210257	4.18051643028013	-0.46712869097165	0.266666677714643	0.288053438895818	0.767173209326401	0.264235364635365	0.765076221094977
PF06067.14	-0.527337947253082	-0.904623594490373	-0.355445900184964	-0.420405711322696	3.69607552321656	0.099216401383001	0.450666668511789	0.707808816450432	0.992420695791536	0.652392007992008	0.951987201697386
PF05448.15	-1.38057296834323	-0.978108771859114	-1.60150686719474	0.723883710698236	3.99974447075322	-0.145677217620752	0.419333336400829	0.617361435289658	0.936035924192701	0.617353446553446	0.938825682999417
PF03845.16	-2.36320227886032	-1.54545825307381	-2.80094769762327	1.2948446581337	4.21281638018193	-0.262540446954739	0.366000005347005	0.474871547303402	0.877751069854337	0.47446993006993	0.883490141688879
PF11369.11	-0.854473746175612	-1.44684180953912	-0.446091747181696	-0.881519653275267	3.9376375930469	0.195453897098373	0.398401069875784	0.581306189819056	0.977609436383954	0.512919080919081	0.900173866484938
PF12408.11	0.330003131898997	-0.928264701495897	0.797631052072972	-1.63237358196269	2.79412544905439	0.512644012454863	0.253830791498822	0.191032215113386	0.863568040247167	0.182759240759241	0.596800150535983
PF13420.10	-0.887735816196374	-1.06201251845207	-0.792395169101073	-0.0674040276236649	3.97343612409522	0.0153598103740761	0.49266666693833	0.774418816928798	0.986368143188439	0.739055344655345	0.970044093653286
PF02486.22	-1.72550876229323	-1.39712083318958	-1.88323530486758	0.550982581608074	3.85763934633679	-0.114698725099664	0.433710861922799	0.6349605220981	0.945680175325835	0.638507892107892	0.943096763917016
PF13563.9	-2.16235614311423	-1.51371475304034	-2.55201890215438	1.11435715372876	4.39540699495322	-0.216653092632563	0.385742842566878	0.536797047529241	0.892096284517471	0.535621578421578	0.899291364976907
PF08817.13	-2.11001939761669	-1.45799639274725	-2.53245125174899	1.08594930072431	4.09220434310591	-0.22327468592705	0.383077952609488	0.503670776745361	0.906408576995197	0.524141858141858	0.90965402565637
PF06013.15	-1.04904870732151	-0.126306434808428	-1.50061469337958	1.41357611278362	3.5345768222194	-0.347863324582643	0.320666674289219	0.423253537713942	0.871251422358388	0.374581018981019	0.856376993283045
PF16982.8	-2.35072950815367	-1.42684070158286	-2.86213157742639	1.36653804574944	4.22393006479153	-0.281840659897129	0.353333339276837	0.443755432643943	0.858504444355247	0.447898101898102	0.861093091058715
PF09588.13	-0.559944405249681	-1.48293915972475	0.0364156751159772	-1.49400263058815	4.0039224469313	0.32031901097585	0.335776156042623	0.418656344033813	0.959125081074176	0.343264335664336	0.827544820354647
PF12760.10	-1.24985683750975	-1.55090226361263	-1.10986870956202	-0.361589341318377	3.77588409903496	0.0743636652033591	0.459333334849536	0.695435919111665	0.987100843764753	0.670011988011988	0.940706197314798
PF20063.2	-2.33196270517852	-1.52066848223215	-2.77881289938518	1.33920572932559	4.13074287658997	-0.289398608717083	0.362000005532558	0.460340731426979	0.878314966754767	0.450856343656344	0.878866101295167
PF10066.12	-1.95985684968197	-1.05411309783655	-2.48496546823497	1.46199835808803	4.10740169008827	-0.327204794494364	0.334443711074774	0.430273858480494	0.851092598001699	0.419274725274725	0.842525860120642
PF18862.4	-1.6032621018899	-1.35140938292845	-1.76325588337738	0.0209345566500403	4.66643354176047	-0.00497743980172774	0.498000000074075	0.731544859873967	0.980085503389409	0.776547452547452	0.982128342508681
PF14133.9	-1.89877219432729	-1.49265632328923	-2.11819392547087	0.733875753892824	4.06400453174026	-0.167319954741135	0.418666669760886	0.576902691863867	0.927035257430156	0.59444995004995	0.922809022826259
PF13651.9	-1.61464963952238	-1.59026749446507	-1.63328238446267	0.0110215290471363	4.24919495130651	-0.00183056378990555	0.499333333358025	0.720997027883851	0.967984009180397	0.760993006993007	0.972550343522005
PF13599.9	-0.233956752539141	-1.45398562245906	0.260763410302364	-1.68709802071919	3.37853210651653	0.425967922529752	0.274483688019865	0.295213110274033	0.893528435215213	0.263325874125874	0.676257417867961
PF06197.16	-2.29579220149577	-1.4950156426873	-2.75992445498677	1.37945547806537	4.17225119872347	-0.274307241944225	0.353764163143399	0.465860075266222	0.881402688125317	0.470241758241758	0.882376410733251
PF14200.9	2.18121572816515	1.10113978282003	2.57053639655714	-1.44887306957269	3.64473952116488	0.372224085017378	0.324450373828521	0.268559885902194	0.987021599343918	0.278351248751249	0.882280258866066
PF13218.9	-2.04227402231848	-1.4525942546449	-2.42031636483057	0.96546533273575	4.29520451549036	-0.193262505370367	0.398666670580509	0.546919403335949	0.918650303827906	0.563740659340659	0.928328335832579
PF10077.12	-2.09038053002617	-1.5423156450946	-2.39309699862159	0.901302404925036	4.37004683354946	-0.177525262316339	0.409060629727881	0.545538617648491	0.920341427619789	0.568704895104895	0.931061563799362
PF08000.14	-1.01058541896706	-1.35697564981905	-0.756295470077694	-0.592738605663929	4.20192325262206	0.121232612594219	0.438374419369845	0.685215087016548	0.986224974978152	0.616784815184815	0.940550246320732
PF10022.12	0.345149389730564	-0.928383043932948	0.811179554469919	-1.8690853219667	2.9273862251734	0.553368747031251	0.226666681104908	0.153314688086014	0.838494941880131	0.14472967032967	0.538615343095285
PF20234.1	-2.2658176982905	-1.35502382619124	-2.78476604111723	1.49062903322599	4.29384830928445	-0.324692971171213	0.343333339767493	0.428879935952227	0.859988347386574	0.44836043956044	0.866583172196845
PF09682.13	-0.844964748642543	-1.42088885336398	-0.359967593981788	-1.01931975666408	4.50492532909707	0.201807099902081	0.40933333680553	0.60171179415496	0.975017675302452	0.516337262737263	0.902258119927754
PF00932.22	1.21329621868396	0.0651716406772529	1.65565939356631	-1.66006699640865	2.58879555307222	0.571985129994269	0.230000014116313	0.148592095220792	0.859622152721505	0.119244355644356	0.551016357460211
PF15417.9	-0.528584545741662	-0.933954900077537	-0.366748707108414	-0.449787957875355	3.43615065067289	0.110898190436734	0.442666668818415	0.627470833593616	0.983971694123542	0.6097998001998	0.923037441617006
PF14307.9	-0.953144923801189	-0.915229539927171	-0.963945204086045	0.140539566623516	3.46552405541391	-0.0295052907955982	0.482666667309414	0.716204532584232	0.970268595742994	0.735231568431568	0.970744633819051
PF05711.14	-1.43352900053332	-0.95502242603496	-1.77655413192025	0.979918681297128	4.07557830939765	-0.207847443697946	0.382000004628139	0.538240151000436	0.920422968626234	0.544563036963037	0.931638287308099
PF16994.8	-1.39094299213307	-1.48202020763467	-1.32758832544312	-0.0673837359233405	3.88412278592948	0.0148577382280756	0.493333333580291	0.747076600455411	0.984058447431836	0.724438761238761	0.955452043923089
PF03869.17	-1.66949051406654	-0.947349259331124	-2.13258780428167	1.17858846065646	3.88061792176059	-0.253392108799923	0.368421057860494	0.480102772093372	0.886884826617602	0.477148051948052	0.880439328251633
PF12535.11	-1.48820852196977	-1.53683896402457	-1.46562529196349	-0.0716721390425796	4.03912640246165	0.0121498116338083	0.493670886310086	0.758947802632411	0.977377790442868	0.732383616383616	0.96274904556103
PF19501.2	-1.69827447093816	-1.44910717018394	-1.86582376278383	0.399089351676667	4.17669818839278	-0.0746285479658263	0.451333335153042	0.654857847648354	0.955993324994242	0.683671528471528	0.961631891684705
PF08958.13	-1.95699658859366	-1.49976142017219	-2.27858298213822	0.818198988135486	4.24274378711876	-0.157660168180314	0.408394407236809	0.562847521888475	0.923431135129868	0.590314485514486	0.933567963860006
PF18476.4	-2.17082454701809	-1.41865854959462	-2.63979641863746	1.21194227751987	4.13848174800206	-0.258058385655904	0.379080617675076	0.471346175161998	0.879397477133176	0.494326073926074	0.889698743790892
PF14607.9	-1.52235585303512	-1.05557164717565	-1.74661550717208	0.749771724637974	4.00812625145227	-0.158429040775952	0.416000003201469	0.590349831575852	0.933481460618455	0.600646953046953	0.939912758050785
PF14606.9	-1.46815997098467	-0.974363372035239	-1.72500466498907	0.725826266073433	4.03728724222724	-0.149718922493337	0.414666669921978	0.59268785775236	0.931146855561579	0.591582817182817	0.937430575350402
PF03205.17	-2.31275927402335	-1.46151184839979	-2.85015084086111	1.38805874333786	4.23375737793386	-0.289644336124212	0.353764163143399	0.461278368992845	0.862734448590925	0.461052947052947	0.876773982102559
PF13079.9	-2.46622156452305	-1.62420909154745	-2.96984546559191	1.44017865905432	4.31973346404423	-0.278641247124197	0.362000005532558	0.467503540221786	0.874076609569467	0.466447952047952	0.876825600472511
PF02927.17	0.90241879809043	0.695928717605597	1.03826400329161	-0.350834257282673	2.6708272613958	0.100754646386945	0.437041974384842	0.668351831559631	0.993802777121752	0.615807792207792	0.95110293123
PF05057.17	0.802042823887565	-1.04432758932438	1.61217570627222	-2.71884226435145	2.87067970619154	0.86136984486087	0.132578310689208	0.0597330336057205	0.667247238982995	0.037781018981019	0.279188570668141
PF12164.11	-1.55177597013607	-1.49697746761187	-1.59708824307519	0.15721129853601	4.04586107915693	-0.035928661976829	0.477681546463399	0.721586716516287	0.983020318569633	0.760463936063936	0.974589482963177
PF17957.4	-0.395325053219151	-1.42556130703724	0.297200284811837	-1.38120628323908	4.06522503597294	0.288751669636071	0.328666673856588	0.493075574494619	0.969682804677918	0.339020579420579	0.824731656206615
PF06686.14	-0.123632917096463	-0.242153405098329	-0.053375618670283	-0.0319588318860982	3.70661124774009	0.00450651991573031	0.497333333432102	0.782650701032415	0.98831523258426	0.76823976023976	0.985971314423965
PF06965.15	-0.835951564029992	-1.42584419000278	-0.530381950119736	-0.899471144012875	3.57717812267731	0.196955290776131	0.381745507631124	0.535406727949925	0.970091838827492	0.503662737262737	0.876576356391639
PF00245.23	0.705625434940137	-0.0155399994969638	1.02887148155625	-0.982583306361102	3.23802925002047	0.238263894050371	0.366422390397075	0.465268439250355	0.986302640349589	0.442951848151848	0.898512180156922
PF12892.10	1.99470670706017	1.4497458906055	2.16119337633719	-1.49929852937048	6.10608922817756	0.196876461947835	0.433710861922799	0.684912375077374	1	0.652700499500499	0.999929236678047
PF17210.6	2.32931770983547	1.26388807828886	2.82783613233766	-1.75606920281866	2.49010085911403	0.648670113262346	0.203197885038911	0.091241412578473	0.808095990181147	0.0783624375624376	0.479014884965822
PF06833.14	-2.33326533169716	-1.52548529584393	-2.82988391172083	1.33078293369051	4.14584843316585	-0.275412651062134	0.350666672739211	0.455585561442684	0.880546293633751	0.461241558441558	0.882272154873413
PF10620.12	-2.30392385743256	-1.37738808002668	-2.82116501271455	1.44975300458785	4.27420705509063	-0.285676955713564	0.359333338991004	0.459220982582028	0.871955802215972	0.44450989010989	0.873915332344262
PF03818.16	-2.34829174046228	-1.50617561002444	-2.82248895569983	1.42080165839575	4.23235323239807	-0.290840988520259	0.353764163143399	0.488095475714447	0.866875721461351	0.483966433566434	0.870617920525462
PF02633.17	-1.34072948480527	-1.02320170893779	-1.50588799821283	0.585219836349495	3.97337497834559	-0.12437515728935	0.424000002881386	0.623485307843088	0.946540613507797	0.625996403596404	0.952224067744535
PF03892.17	-2.29690535796242	-1.41170552631969	-2.78389922247015	1.52815964137909	4.25578756420453	-0.313229997312114	0.339333339969129	0.442117512907269	0.852441824033793	0.454306493506493	0.858402317470058
PF06675.14	-2.39716013491511	-0.924132573641121	-3.2131151232082	2.21692470678843	4.22526460518245	-0.448189646468853	0.285143247588287	0.315106653668106	0.773487236151416	0.287947652347652	0.764129171056034
PF00762.22	-2.23562334670989	-1.39127666882789	-2.77147804917759	1.43947744312906	4.21070722061018	-0.284462687401222	0.350000006105005	0.466461697210704	0.880857416777216	0.454766833166833	0.882248671731928
PF01106.20	-1.9049514743823	-1.47947909643027	-2.18949448756056	0.739116924684966	4.17603730251403	-0.151520839947313	0.414000003282288	0.582655383674717	0.919334856870604	0.592493906093906	0.926797064793268
PF02909.20	-2.29339938442337	-1.47505574758961	-2.75698316692175	1.3105232339137	4.16727706841882	-0.269732667033259	0.369087280348433	0.464001333118338	0.861901708424958	0.469448551448551	0.870039254526658
PF02626.18	-1.03082596173423	-0.964466526028411	-1.08390085499864	0.133110792294123	4.09691408956829	-0.029148201487922	0.485676216386335	0.733398978390203	0.977478519046597	0.779020979020979	0.983361275190003
PF02538.17	-2.32833822425633	-1.5218363317934	-2.8391873558776	1.28056366564139	4.55549528982487	-0.232080102252553	0.373084615277418	0.493098125275734	0.903370392622735	0.511331068931069	0.917121461345202
PF14336.9	-2.29711543142322	-1.44798599832994	-2.79464308246207	1.34354384371965	4.17534713035596	-0.280196994475091	0.358000005720664	0.488307254874066	0.862206925564931	0.487888911088911	0.880010681959521
PF01894.20	-1.35654982384575	-1.00284578506242	-1.5428251960811	0.678574246429895	3.62831744990789	-0.147578384573761	0.427333336082764	0.636389083215141	0.93909712226176	0.652585414585415	0.940907409845087
PF03437.18	-2.19259115420188	-0.990532868405087	-2.8935376430223	1.81679116968873	4.13030750292025	-0.387266995174971	0.30000000881834	0.34370654969198	0.808320952742428	0.3477002997003	0.807800643177272
PF05621.14	-0.749384518622779	-1.47386613924365	-0.231750410042815	-1.01572315005052	3.91984947278067	0.209501869334198	0.380000004716091	0.565424822708965	0.976351456100489	0.477490509490509	0.89319328359349
PF14903.9	-1.21879081645069	-0.938428999507496	-1.48030824638033	0.548646472275305	5.12967189825939	-0.0968427823458452	0.458666668208064	0.68954441199051	0.982522646278829	0.749798601398601	0.995448456605759
PF08331.13	-0.864276546105311	-1.48899632512111	-0.537602487189322	-0.879783301833914	3.46480794814996	0.225245712374525	0.390406399994367	0.530294094508892	0.970264074453916	0.487764235764236	0.877525519011788
PF09962.12	-2.36921738790583	-1.44699284560626	-2.85608334056947	1.35433553068626	4.23195271163178	-0.286717358921237	0.348434383255266	0.462990133000822	0.861590497711399	0.453931668331668	0.854087133708665
PF19823.2	-1.84538023352352	-1.4945176555594	-2.0615536690125	0.591317401007119	4.06221023671121	-0.127765181955245	0.426382414508798	0.618521232479563	0.941780370129158	0.619350649350649	0.94314776119468
PF14102.9	-2.30387050779734	-1.44746544749167	-2.82800276846069	1.41388223459479	4.16376798827558	-0.286928699099473	0.356429053089343	0.454978011520776	0.87711916138043	0.452634165834166	0.882387201113141
PF16868.8	1.13060338420408	1.39583074865312	0.954548050375305	0.342074986303893	2.4314771718584	-0.103486525453899	0.429333336003963	0.647243161316165	0.981102474711183	0.648694905094905	0.98135860971826
PF08905.14	-2.32682752089279	-1.55469516290215	-2.75147357043414	1.17131992261315	4.27589603354603	-0.230738637448651	0.376666671530504	0.508041079346121	0.896333440333469	0.516575024975025	0.908638140313747
PF06506.14	-1.50997891413549	0.248298417169937	-2.44036023321412	2.61381942151316	3.75742420986452	-0.6117419998525	0.210000016185558	0.191161375308549	0.652964450196166	0.154806793206793	0.621063475277321
PF13660.9	-2.12325092608648	-0.940434177781009	-2.74430224677837	1.81873795731096	4.04016858746954	-0.373953720049796	0.304666675204241	0.35755951926346	0.818720257419847	0.343685514485514	0.818446795311952
PF05161.16	-2.18367994307508	-0.91886595229598	-2.9361122676807	1.91884341043368	4.11333524823283	-0.387701951674092	0.296666675689746	0.349841046355124	0.795542823718426	0.333311488511489	0.7981333438081
PF18933.3	-2.45172376715695	-0.962317783990463	-3.27894437556797	2.2798202320352	4.1911261445643	-0.467049508927428	0.280000010104348	0.296936172136612	0.751804301727426	0.279733866133866	0.742811486039791
PF08139.15	-2.10877233152368	-1.51498126529014	-2.4511017580453	1.15438710021947	3.97936791115234	-0.232462848416671	0.375333338256687	0.496688414395821	0.897326755665603	0.513159240759241	0.896260918037953
PF19598.2	-2.07829328250304	-1.45236109419745	-2.43806032630414	1.06116529670641	4.29393081266366	-0.225965443822456	0.391738844974114	0.546580987304146	0.903937536701739	0.551123276723277	0.910719572599828
PF12963.10	-1.48354338213806	-1.41159231020731	-1.51950436200284	0.131693353282859	4.29536651878233	-0.0274843282261314	0.483333333951304	0.698501128891176	0.95589072808107	0.714835564435564	0.960958392251653
PF08218.14	-2.10323972169327	-1.46104450670727	-2.42504304177507	1.13834126971514	4.13185411721491	-0.220619566175352	0.380413062652985	0.534083590985721	0.901769741950659	0.528021578421578	0.899495235918255
PF05128.15	-2.39744560428475	-0.987831884014819	-3.15007122508346	2.16119243090217	4.14995870708695	-0.466824102082261	0.276482355435458	0.295367651969479	0.749977082125051	0.291444155844156	0.744492381096951
PF06406.14	-1.81272593995267	-1.42717795064012	-1.99397773304242	0.561507707677817	4.39429039783776	-0.111232898308943	0.437333335691362	0.642258541579548	0.955145043978312	0.666828371628372	0.965745166956858
PF14209.9	-1.51669462727983	-0.437325076281144	-2.0325739073808	1.68078799059283	4.03582869267884	-0.358199921481544	0.320666674289219	0.401034121940501	0.860158213696639	0.369468531468531	0.850605132445974
PF11775.11	-1.08685131322336	-1.50848029435802	-0.844772701791566	-0.685155949083978	4.11481193528033	0.136506900486064	0.42066666968082	0.666802437958278	0.98771399663122	0.625575624375624	0.935595985375509
PF19854.2	0.829195535332466	-0.430391031012512	1.55323591341857	-2.38011297836248	3.20491447165996	0.680229430945812	0.207861442122503	0.0968824656662252	0.770866740769679	0.0818277722277723	0.449296509956785
PF13200.9	-1.48195640098453	-0.86974857077824	-1.91956234964595	0.857183269522739	4.27034216046835	-0.178334044903949	0.40866667016615	0.57186750273632	0.944508093287944	0.60446993006993	0.956255950056844
PF17032.8	-2.01108848546247	-1.42642990036257	-2.39302779573492	0.97908391205621	4.16289149345101	-0.198406252829719	0.392405067464063	0.516867944818991	0.913500763063219	0.536893506493506	0.923963823898327
PF14446.9	-2.04699878384738	-1.32616006635211	-2.47867574011791	1.08391585139583	4.1835801130074	-0.21719239943897	0.372000005073218	0.516046820652079	0.887864525972704	0.510851948051948	0.895472283628634
PF10947.11	-2.30615437441275	-1.48862875072977	-2.8000432677269	1.36815399659839	4.07345974755806	-0.295801779498976	0.351333339373498	0.457395943598611	0.871765523002715	0.459710689310689	0.871237909383612
PF09639.13	-2.07572498450946	-1.39256832068723	-2.46516726502451	1.11386304403326	4.16647510227166	-0.232211327048174	0.376000004893566	0.49097970160796	0.901720131478693	0.510394805194805	0.899936619635345
PF10097.12	-1.85387306601912	-1.59566737245472	-2.00060306755316	0.377541585946876	4.38618750759291	-0.0731077011515007	0.460000001491024	0.676974038461354	0.96482952379717	0.712729270729271	0.974482629912322
PF18573.4	-1.72769701847959	-1.49956377874598	-1.90196897169122	0.506057361372569	4.08413151485782	-0.107995563299659	0.443333335459407	0.642825591079418	0.954049635401578	0.659194005994006	0.959040353214822
PF10123.12	-1.59769465120195	-1.02546343471814	-1.95950454933539	0.944416251230571	3.98358804796383	-0.201190079248082	0.397734847385403	0.555306362016734	0.924020467084198	0.561392607392607	0.934527348718417
PF14532.9	-1.59418559784153	-0.0942907649063782	-2.45499667139973	2.27263364019807	3.72036952711057	-0.523563683689778	0.229333347513362	0.240985463079327	0.696635666231922	0.208005994005994	0.681666938702992
PF17209.6	-2.27713909454421	-1.4506725948033	-2.7928203184558	1.3856077636117	4.40982670978015	-0.265475266978633	0.365333338711092	0.483558475217257	0.88197543997713	0.481969230769231	0.885968164328194
PF06262.14	-2.11904680423326	-1.00656064129398	-2.72496404123378	1.8441979818771	4.07714237641934	-0.391455814458437	0.311333341481063	0.385252510630386	0.824639389663443	0.379762637362637	0.813749210958374
PF10263.12	-1.46744380371367	-1.43396453859332	-1.48675625084834	0.104801380649241	4.33460537940408	-0.0225774955399963	0.489007328854492	0.730578160729715	0.979726051257903	0.776230569430569	0.980230989060878
PF01977.19	-2.37793205954268	-1.50388025850409	-2.83501311386744	1.37848670387136	4.23789474877447	-0.274021338892495	0.360000005626285	0.463191220304004	0.884446654132641	0.468547052947053	0.89167804494179
PF04620.15	-1.73104102695361	-1.46263459233166	-1.89719619490777	0.42048026248264	4.16324491423747	-0.0893699491988082	0.457333334925171	0.631033166653226	0.941492449803517	0.653426973026973	0.95205212811026
PF18978.3	-2.11603665205104	-1.51227606723721	-2.44783904008488	1.02259041551935	4.19300884137557	-0.218152639500197	0.386000004453745	0.53125240256594	0.904950724046544	0.548741658341658	0.91225577704774
PF13627.9	-2.10380847935612	-1.49331492592227	-2.45166784488464	1.11733298105815	4.0642039620676	-0.223721426890648	0.376666671530504	0.521491435935069	0.903338292103511	0.524485914085914	0.905929628781709
PF11193.11	-0.762790000139593	-1.06941126311055	-0.571240947570781	-0.534522573395286	3.99908831942943	0.114470945873762	0.442666668818415	0.660643126012575	0.985208765385437	0.640486713286713	0.940496381380048
PF04525.15	-1.97618416388118	-1.45142592453948	-2.36574331085267	0.813227999789573	4.20105164795658	-0.158676886437688	0.421333336320866	0.563028016754186	0.938768000433182	0.597645554445554	0.955487332306127
PF05145.15	-1.95508210514189	-1.44898878063138	-2.27745972594527	0.916200810904411	4.27195111354259	-0.185430899619958	0.401732182328371	0.540431581944929	0.926587585574542	0.570324875124875	0.934340656458784
PF05489.15	-2.06828672795946	-1.38607673261252	-2.52104215414925	0.962033592329765	4.33440641158509	-0.187349560318315	0.40066667049685	0.5354505646941	0.902877662585586	0.560660539460539	0.921250803501653
PF06995.14	-1.5937681832267	-1.48288482363793	-1.70806048295405	0.0948092309910793	4.41183689735473	-0.0183470349728717	0.49100599633544	0.7137225064313	0.981717163753899	0.775580819180819	0.983436020049301
PF09684.13	-0.128451166020043	-1.38924883594081	1.18906540606741	-2.20702374587187	4.05309790211763	0.490916626596227	0.263824128499574	0.291896911924228	0.916379373885118	0.177838961038961	0.6817469510935
PF13644.9	-0.111149706866487	-0.839554682269179	0.574229760224544	-0.716960138846898	4.77667800043435	0.142187772314639	0.434377084415154	0.67061668647611	0.997029000584222	0.600855144855145	0.97225295029255
PF18481.4	-0.353143128726866	-1.4805363471603	0.107287330501157	-1.30608061140736	3.52714335124933	0.308575360116289	0.325116596310885	0.409109310789578	0.944828502653276	0.344824375624376	0.777265949252694
PF19407.2	1.22922872975457	3.81031460786375	0.685215654078887	2.84996381247469	3.07869669652833	-0.772091817788701	0.189207213936769	0.166393176979498	0.671245414052552	0.0883012987012987	0.618597670656717
PF04143.17	-2.40745161895553	-1.50360369819549	-2.89748844402752	1.31728758458473	4.37816420241767	-0.272468375528348	0.359760165523463	0.470754282042458	0.873624371413878	0.466882717282717	0.883474759985705
PF18705.4	-2.13122812591928	-1.71387170969934	-2.39912483323491	0.706100371776604	4.31693581514605	-0.139443853212156	0.42266666960106	0.603926168214331	0.944225078457818	0.62093986013986	0.948443286290316
PF09560.13	-2.34812158072632	-1.53796003278182	-2.79062601331399	1.39293639417615	4.27674549836322	-0.284111219177068	0.357761498062769	0.477967471150262	0.890374091725745	0.478887912087912	0.891680451565722
PF11823.11	-2.11928062525619	-0.942086334735734	-2.80244530931522	1.76170748726882	4.12970122752153	-0.379501728621127	0.300666675444484	0.370518348145079	0.802285133984969	0.349046153846154	0.797863475243007
PF07287.14	-1.20704230279395	-1.55605693469747	-1.04966372202329	-0.37051332784581	3.62819130931283	0.0776322248471419	0.448666668588154	0.67744369314982	0.987316591012138	0.649279120879121	0.93717768460933
PF04412.16	-2.1864178231707	-1.64952027815929	-2.47786158119264	0.946245823911259	4.24342133502744	-0.18738820359275	0.400000003858024	0.552197488517884	0.922161792358148	0.563178821178821	0.931616971815028
PF20377.1	-1.61542913631228	-1.55692142335883	-1.67628417245469	-0.153173923238727	4.52920852459174	0.0327611544335303	0.486342438879956	0.747812470316213	0.983745217793962	0.756486713286713	0.96772066319816
PF04951.16	-2.36274387559918	-1.49286654689827	-2.84835495357201	1.32355060629829	4.34284578886131	-0.271400450588461	0.356000005815711	0.486258152702649	0.87252161811038	0.485151648351648	0.876108617411058
PF06458.15	-2.05195096966185	-1.47179151315591	-2.39945358793681	0.901531001533126	4.22537141472714	-0.189169888936058	0.394403734934204	0.554978814600054	0.915719126070928	0.562813186813187	0.922453528368439
PF14101.9	-2.12184896616632	-1.51186827443305	-2.46791228729946	1.03078798293318	4.15531204344555	-0.206416095746919	0.393071289954061	0.523986168763957	0.906441867755273	0.535902097902098	0.917491019610285
PF02796.18	-2.148401986596	-1.5984324620097	-2.52094234186899	1.05854453263764	4.25636038652503	-0.203811916849636	0.384410397588074	0.529466462293178	0.904965374311451	0.541911288711289	0.907046293599387
PF14249.9	-1.34154947397199	-1.47295823490003	-1.23801362308809	-0.217386483043512	4.11124652899435	0.0467204745086973	0.47666666753275	0.764306945251177	0.986253452356278	0.725337462537462	0.966341535388681
PF13552.9	-2.04819469841631	-1.3862497127085	-2.53351887999502	1.22331090867308	4.12829076712009	-0.231675181032492	0.380666671353383	0.505267756487984	0.899194768505426	0.509998401598402	0.902258350991894
PF02667.17	-1.12045819801006	-1.47786268849429	-0.905071115637838	-0.723149612136219	4.20262135034682	0.138755138252388	0.424666669521598	0.65347022252344	0.985959001353368	0.602792807192807	0.936886605748821
PF19595.2	-2.09147866541006	-1.54695321592963	-2.43962911553398	0.943656677599994	4.39391250498362	-0.185654697261841	0.407728184745777	0.570262068801665	0.915138930118162	0.582541058941059	0.931682219625059
PF11672.11	-2.03455557521933	-0.868601923224313	-2.69741202074371	1.69246371172166	4.2134409391147	-0.365516895822433	0.323784151346264	0.378351130260041	0.836545171543078	0.370714085914086	0.847715812810935
PF20529.1	-2.23486305304197	-1.39432078634474	-2.72165319298786	1.3428879021404	4.12115497671001	-0.271623353177847	0.359333338991004	0.474562405552948	0.863243899468132	0.467484515484515	0.868923357160912
PF03956.16	-1.86567995081591	-1.41470000700192	-2.09704135657962	0.726410815559551	4.24373921178557	-0.148754027624991	0.417055299623771	0.577550179345486	0.930834528665691	0.603977222777223	0.943013802191931
PF16554.8	0.766280987157402	0.110103181434095	1.05523377576986	-0.598199885591251	3.53986784271521	0.152161846237971	0.406000003609039	0.656979131371022	0.992951794310995	0.535886513486514	0.932011779139356
PF09043.14	1.33741269465706	0.680833680059719	1.81159020526636	-1.19816352331697	2.49683127016716	0.417693221760535	0.290000009443632	0.254139835296227	0.937169679939411	0.234945054945055	0.732538932375533
PF12544.11	0.589130644202179	-0.00740992454116718	0.96315387498161	-1.22444764196484	3.58389640495934	0.275898526623907	0.342666673134211	0.442895255256081	0.974876928779293	0.37933986013986	0.879092031141788
PF01427.20	-2.42581388055686	-0.974357514189922	-3.21528810435469	2.3145372554568	4.25477734939275	-0.464237800448101	0.276666676999855	0.313021672100771	0.766030557135543	0.297221178821179	0.769471117357106
PF14246.9	-1.42159842906705	-0.989845494797971	-1.66126947603815	0.758292538513592	3.9336242431488	-0.159448432095607	0.40933333680553	0.584944297034432	0.943821123274141	0.602263336663337	0.948511855773552
PF03457.17	-0.621233152990257	-0.918752570173461	-0.240203818576584	-0.36628744462024	5.11040994994801	0.0648914846669049	0.476349101476354	0.803103808876032	0.998253326225994	0.750001998001998	0.986905454887926
PF05728.15	-1.24225067060124	-1.4562435644384	-1.16874259122425	-0.176974294542525	3.41331091185685	0.0454547234978416	0.476000000890941	0.658601539264281	0.983057814133034	0.66945974025974	0.930896556564451
PF09529.13	-2.27805819533576	-1.36551269354804	-2.84472380045741	1.34994873893365	4.15177230311496	-0.289861779698962	0.350666672739211	0.456620205635035	0.871758529543295	0.447112487512487	0.868849908261837
PF19605.2	-2.40971141339113	-1.56963624606385	-2.87492005940028	1.30089897999549	4.3588824380589	-0.250896564634246	0.367088612884815	0.496929694834664	0.879127616144877	0.496053946053946	0.883869955845434
PF16929.8	-1.96093731675894	-0.475702514195133	-2.76550108276778	2.15392145903075	4.08412318765267	-0.470412346507405	0.268487685783383	0.283330713352182	0.763745978420664	0.262617382617383	0.761000218253048
PF15432.9	-2.16835831080399	-1.52844826440664	-2.56362390218581	1.00920333842605	4.17815999597048	-0.208621896032585	0.386409065056362	0.516085477908657	0.896483020834713	0.517844155844156	0.904177969826433
PF16011.8	-0.839930414831771	0.345003806544713	-1.47428433376303	1.72372593448581	3.83424752564795	-0.384905486145773	0.303333341950445	0.36539290994385	0.857294185930001	0.34831008991009	0.87639319044267
PF20122.2	-1.85633133054025	-1.55608043678545	-2.01931559736517	0.629114214562636	4.17489666512621	-0.126750583697103	0.432378416938174	0.637326220774663	0.950623657587643	0.643918881118881	0.953508408458474
PF18730.4	-1.74185200323756	-1.46290023894573	-1.88458737350606	0.669012784679804	4.15362380306372	-0.14165223911003	0.430379749461449	0.611354578341894	0.941569708505024	0.626527872127872	0.944063461599457
PF06249.15	0.0768000851190402	2.41427386160724	-1.90601490490518	4.27437065496091	2.92591729244523	-1.3763067734814	0.0259828514073517	0.00518956846502132	0.177605954762726	0.00248471528471528	0.130523668486103
PF19062.3	-1.91311096163812	-1.49234887447077	-2.15056238295128	0.77601814592166	4.15306892059236	-0.156404567660304	0.423333336241206	0.60937533810631	0.934577507756792	0.615128871128871	0.942246511069825
PF14588.9	-2.01782233586377	-1.44928589553022	-2.39229038256522	0.887895942128381	4.50509695393636	-0.164140845386292	0.412391742183836	0.568202509303794	0.926861319531349	0.596206993006993	0.940415766736445
PF16481.8	-2.27810236224387	-0.426728339961311	-3.22677343458558	2.71181864698854	4.13311058353681	-0.576073876410579	0.228666680910742	0.218055655877564	0.676741805585024	0.191442957042957	0.664111357030604
PF08359.14	-2.38142506538154	-1.53722841551337	-2.87051654473594	1.2541402812049	4.33870843938082	-0.243957325177947	0.36933333852758	0.478717546380017	0.872957460084161	0.489163236763237	0.873877980105963
PF12787.10	-2.00639344161247	-1.40273543110128	-2.39791399862377	1.09314056371071	4.19489799577983	-0.210106366794239	0.38800000436728	0.5262213995148	0.906780038049713	0.54340979020979	0.917339046756563
PF16569.8	2.31382989981325	4.69377380453879	1.29279156245764	2.36720608833612	2.85879311250448	-0.770222675147151	0.196535660675118	0.202092688271871	0.743670638133277	0.0741634365634366	0.614280269544782
PF01633.23	-2.16873902752064	-1.49786858217043	-2.54530973183752	1.16534524193015	3.96116616786443	-0.249343794798149	0.370666671800271	0.513194965013448	0.893914331645972	0.521721878121878	0.903706853780658
PF04587.18	-1.93435045335181	-0.468797133865327	-2.91732476802698	2.2673214639891	3.87598185931742	-0.505549121682779	0.2613333447812	0.252651162950505	0.722720846167075	0.22330989010989	0.710837180554019
PF07385.15	-0.689912701738081	-0.0818922557129014	-0.987379042608965	0.874383620497913	3.97977424846172	-0.18777198062556	0.381333337990732	0.561985387335313	0.937255482854862	0.536669330669331	0.939606037646529
PF08484.14	-0.170646075143919	-1.44045236124222	0.94853279630981	-1.97681936121795	3.79084846840389	0.458482035034209	0.274483688019865	0.308074970681918	0.919191197665459	0.20261978021978	0.699191983125239
PF14486.9	-1.13380698919829	0.923745387079068	-2.15187108415082	3.00605322427759	3.64186887313096	-0.746497200317437	0.165223206988197	0.138233843091593	0.572178339512346	0.0829662337662338	0.512839412838961
PF08901.14	-1.64683163396581	-0.953820746605836	-2.03951376032571	1.15790345331642	3.92206247102895	-0.252956524741991	0.373750837765804	0.497750260273309	0.900763045000453	0.479265134865135	0.896092510853717
PF16729.8	-1.61742476162315	-0.959771383570613	-2.02351298662511	1.17995407491069	4.10426864778158	-0.237390825064658	0.366000005347005	0.473012713776353	0.906627310755248	0.479679120879121	0.907473655559448
PF06149.15	-1.98018152465239	-0.499080057087242	-2.81072940210718	2.33926238909212	4.02211737740328	-0.50029477011237	0.265333344480009	0.268427094431612	0.737646883656392	0.234752047952048	0.725103019287632
PF06166.15	-1.81171171676706	-1.48234877157654	-2.03361496642905	0.784542731380662	3.97038368544109	-0.162233391165931	0.418666669760886	0.598965288962364	0.930881413282863	0.606628571428571	0.940626017784784
PF18002.4	1.74480881775797	4.43635844718343	1.081613657296	2.33385865683651	3.98650169465741	-0.508588924125985	0.274483688019865	0.387839628934915	0.930765105927724	0.183796203796204	0.868293112038599
PF12873.10	-2.30042474691759	-1.39206967659302	-2.84618042141551	1.43068020557573	4.24575429588453	-0.276915150882852	0.35666667245062	0.449629149151269	0.856273534885948	0.449022177822178	0.855893543251654
PF05045.15	-2.00213903044649	-0.716678697885635	-2.74324190180171	1.843436846201	4.14273894840046	-0.403110136348032	0.292471694816542	0.352728422535062	0.822485819724603	0.332787612387612	0.817245805502059
PF02596.18	-2.21715741696811	-1.53422625825535	-2.7286667250483	1.19455771738589	4.1802698030522	-0.244761751661163	0.366422390397075	0.492434468954538	0.890751090400339	0.489532067932068	0.897002671505649
PF01208.20	-1.8238981601361	-0.362968291489739	-2.51942972030876	2.24048238240875	4.17065829746027	-0.463631597915617	0.268487685783383	0.317018490664278	0.800128204895761	0.28521958041958	0.784481304474164
PF12832.10	-2.05560962677404	-1.5778383320673	-2.38923149013561	0.690360407013444	4.49404473760359	-0.136799199018452	0.427714859492894	0.591786381770912	0.937276106304666	0.623976023976024	0.948872221441572
PF09106.14	-2.42143958325375	-0.980804288584298	-3.16621163640748	2.18498114911489	4.25403785245483	-0.464494315302053	0.276666676999855	0.302630046765474	0.770180705501981	0.28361958041958	0.760895116520627
PF09107.14	-2.44675673703966	-1.17128779135404	-3.12759444941356	2.11860380142828	4.39670724743069	-0.405249823998455	0.297333342315177	0.330499007752556	0.803963632106407	0.329037762237762	0.793763918216718
PF12390.11	-2.31881476467664	-0.937472718805479	-3.1427778719277	2.17005759203694	4.12860985642591	-0.456894954087044	0.263824128499574	0.300233369614626	0.742159503354241	0.288647352647353	0.737075728160038
PF03841.16	-2.36236416478188	-0.752614122046508	-3.12973551757248	2.23196598227425	4.19998367424863	-0.466214946523197	0.261159238627766	0.28922077600008	0.740884779609278	0.267959240759241	0.729643497509021
PF10668.12	-0.954158526950595	-1.51028919974644	-0.664989653326282	-0.74749312101715	3.79121759639666	0.171907008874032	0.411059297201336	0.619658869715366	0.980163116362212	0.573127672327672	0.910633951459471
PF02126.21	-1.50207034820428	-0.93676786386752	-1.90664766185629	0.830664321454268	4.34627263570364	-0.166799041572701	0.413724187166488	0.595037099369895	0.958645240808278	0.613133266733267	0.968355293036546
PF06560.14	-2.047092546339	-1.39974321629867	-2.45364213120235	0.968867136686623	4.41246802957527	-0.19735085105967	0.391333337557549	0.535950956615463	0.919509887712993	0.548748851148851	0.924536388946346
PF13823.9	-2.23341093229014	-0.501793916440448	-3.19138828760501	2.47395706836342	3.99992557561356	-0.558355558368367	0.234666680346029	0.220875273879647	0.681878745120408	0.19606993006993	0.670885676944701
PF03812.16	-2.29682010762545	-1.37089595133176	-2.79235099254667	1.47428750562006	4.14319909605272	-0.29326093308061	0.349766828226818	0.438862732993841	0.855095336625388	0.436702097902098	0.856516623960514
PF09711.13	-2.00333664335423	-0.704440128786298	-2.76208895890175	1.92407537761378	4.14397255123082	-0.388702022304384	0.290000009443632	0.352495904008005	0.80472624307213	0.33336023976024	0.797428440261008
PF16593.8	-1.38845065400114	-1.50003483817389	-1.32432648284417	-0.135484867921272	3.99468966273577	0.0290189799142819	0.479680213944031	0.751346717091656	0.987400543620017	0.728358041958042	0.952293982549172
PF16592.8	-1.38856106805044	-1.45962755160967	-1.36760204558237	-0.165007817783799	3.91791068542561	0.0345018598352478	0.480666667383788	0.728599178990108	0.982264897444019	0.722502297702298	0.952281661694102
PF16595.8	-1.46179158410447	-1.57035341079322	-1.40220416979442	-0.125784467319134	4.12132080970598	0.0269032737384286	0.485676216386335	0.756095542604813	0.989182232417212	0.729874925074925	0.96019084323477
PF00893.22	-2.15525074832868	-1.4404691462631	-2.51845579952815	1.09090154136693	4.12439422379321	-0.223415265355734	0.386409065056362	0.515921496738203	0.881085028218221	0.514673726273726	0.879631334243114
PF14213.9	-2.02040278203115	-1.55513861308667	-2.28322633163928	0.786558739453985	4.42179401492484	-0.156018542464271	0.412391742183836	0.59098122071389	0.94032335523468	0.600782817182817	0.949668444148366
PF07580.17	-0.841759430575554	-1.42564784544738	-0.551588707619064	-0.782540898971511	3.42260020590016	0.197372282262431	0.397068624895069	0.548654940356903	0.970262640657646	0.522491908091908	0.880086856410596
PF17128.7	-1.99015586380564	-1.52089508973752	-2.30407151126284	0.937476541660681	4.15848153168468	-0.195613954702213	0.399733514856683	0.580389003953492	0.921086930234307	0.581033766233766	0.928862491259311
PF01519.19	-2.16927917147352	-0.938563453662706	-2.73985236565142	1.71539595434364	4.21540316261293	-0.349220967014118	0.321333340919238	0.402556803273877	0.830469181306546	0.381496503496503	0.817385735566104
PF09471.13	-0.598186933256589	-0.0469192800575104	-0.884839547459894	0.730562787567926	3.8778827421082	-0.157831069395443	0.403333337052597	0.600572756905983	0.948250430041783	0.580628171828172	0.951468014383775
PF18742.4	-1.9638872394579	-1.38900611167015	-2.27695187758436	0.979470468298724	4.24224145977047	-0.206956547731798	0.394403734934204	0.560791730575986	0.920467082977295	0.573120879120879	0.925727408791
PF18106.4	-1.89727206403329	-1.46208569896589	-2.14514256011	0.750020597333229	4.0082153067007	-0.166834506932274	0.42105263457369	0.570907132454555	0.926145128127877	0.58402997002997	0.926008906873297
PF18540.4	-1.92426345471683	-1.46013844659486	-2.13694732040782	0.839524852174115	3.87141315729747	-0.175161610362828	0.404000003691644	0.580877459612804	0.913403045409563	0.581257542457542	0.915605859742296
PF08878.14	-1.36817677527007	-0.986291612200602	-1.56893774201508	0.581683665813676	4.01075688913643	-0.116601948588245	0.432000002565979	0.634265706255801	0.951739213885131	0.657426573426573	0.961236758221484
PF20453.1	-2.32201482645733	-1.51563231388675	-2.75887551614869	1.24880743928659	4.23082284079756	-0.251678396733758	0.375333338256687	0.507389106571178	0.881107431871467	0.498491108891109	0.888030126530632
PF12952.10	-2.16583708963783	-0.972739120185691	-2.77760904185385	1.84397711430817	4.0873660869948	-0.376857613641855	0.312000008109442	0.365805528062783	0.819482304339525	0.345793006993007	0.821447198424669
PF12215.11	-1.99818050573159	-1.56587637888823	-2.30590446767512	0.68546749475686	4.31072730209336	-0.135741142960386	0.432378416938174	0.584307033352763	0.94961474243825	0.615374225774226	0.960664366883189
PF04685.16	-1.98955354236362	-1.54946510177377	-2.31502441755335	0.834338427222542	4.27347659755999	-0.162284601013769	0.425333336161842	0.567492819890011	0.930911988127799	0.601109290709291	0.946658581035392
PF09903.12	-1.74401325126742	-1.57084939109557	-1.81908462328801	0.321133134029665	4.14830773975834	-0.0686613615819791	0.461025984128586	0.654756770553158	0.954893398033274	0.695333066933067	0.964593011880946
PF16138.8	-2.09955482925474	-1.49657782154334	-2.47916323929383	1.05720631932036	4.10355508419369	-0.211054547840443	0.386409065056362	0.531091686458432	0.897843288319954	0.543198801198801	0.903653256417119
PF19615.2	-1.70643957392325	-0.232318767479195	-2.50983074101562	2.09957219474061	3.90155508389122	-0.483038931654515	0.270486353193786	0.30936749808301	0.768465347730434	0.263506893106893	0.744763452862882
PF09499.13	-2.30418531164136	-1.41594406850651	-2.82421920151521	1.5376426869124	4.02951174746328	-0.336641378771106	0.339107268463884	0.414791282534776	0.841802768330066	0.411603596403596	0.841236413748894
PF09837.12	-2.33797010331186	-1.47861386859032	-2.81235752992968	1.23956604352862	4.24867086129777	-0.252696869890295	0.358000005720664	0.47868497180327	0.875563447168927	0.463800599400599	0.877839969059776
PF11731.11	-2.12757273674251	-1.44817485271411	-2.48821464969311	1.09950409171627	4.07300379907411	-0.242889310179886	0.372666671709787	0.494646341694637	0.883952228180357	0.502996203796204	0.884193259994395
PF08681.14	-2.06446812141499	-1.37675552079448	-2.46443943275989	0.973268082969865	4.23414989184818	-0.202087275121823	0.38840773252513	0.530793225746726	0.905808037988926	0.537433366633367	0.917606787957549
PF18495.4	-2.129962797853	-0.937837483779655	-2.74049875317083	1.79878601147121	4.15696587796964	-0.379087212196968	0.312666674737943	0.386178084595401	0.817923844704155	0.363042957042957	0.804068810694896
PF16219.8	1.5082353388212	0.00781469669296975	2.57966420274659	-2.39917269535452	3.03137115815243	0.714872607527919	0.165889429389712	0.0878358016289662	0.785202677823551	0.0451948051948052	0.367787365182806
PF07862.14	-1.73860144106051	-1.0295479147047	-2.13194449206894	1.07545376700386	4.13815940222729	-0.224926946927142	0.380000004716091	0.524349271781189	0.916365751301631	0.5277998001998	0.914040812466089
PF09848.12	-1.77992532792806	-0.368463394714891	-2.50504823103262	2.04211274251892	3.92369456256478	-0.445506680175573	0.273151243077072	0.297922682720641	0.784391135204069	0.271475324675325	0.76836789184383
PF18211.4	-2.37892113548425	-0.790499067444025	-3.17853761793909	2.42221805110035	4.21601656155117	-0.506121048212129	0.2613333447812	0.262377139593661	0.741735652171146	0.245663936063936	0.733797440252599
PF13427.9	-0.716200178842796	-1.46940177427869	-0.399560461561102	-0.939753204732089	3.65540993692582	0.221377946522296	0.38333333790312	0.520800406893556	0.968986080064104	0.478136263736264	0.857253274412723
PF06500.14	-2.31919310505915	-1.5204477723178	-2.80812824258372	1.37769364193119	4.25385131380061	-0.285917247384627	0.354666672546119	0.468183201058844	0.865104766425841	0.482327672327672	0.874220973072909
PF14354.9	-2.35617209415519	-1.41943541031118	-2.88185528688499	1.44808436550512	4.25881106843507	-0.288219457206663	0.355333339180877	0.446852332678853	0.873999461196374	0.453323076923077	0.878817436321795
PF13392.9	-1.30615279365581	-0.865628411406865	-1.57672990638869	0.62245056217074	4.15642843037876	-0.123842358686746	0.426000002802118	0.613093062265316	0.954270317517572	0.638065934065934	0.965187063016511
PF04556.15	-1.7579192698089	-1.45614249390696	-1.90503039577267	0.481472661888507	3.9330956861273	-0.102462089994857	0.443704199310853	0.661653905650331	0.95216390254617	0.640875924075924	0.951210012441354
PF07976.15	-2.33702129016725	-1.3881505358362	-2.84227579813164	1.46728488440114	4.14090786640758	-0.308287493451307	0.340666673234893	0.438865948743074	0.857585659536267	0.424907892107892	0.855497892416552
PF14312.9	-2.32423620813102	-1.45638587715181	-2.92121834710975	1.23992368451497	4.64132964375371	-0.235982643894108	0.381079285142026	0.500989354411765	0.912751064141398	0.520209390609391	0.92775406873854
PF18541.4	-2.37247137873935	-1.54591395433246	-2.82668063161954	1.32928828138343	4.33283593655531	-0.257233482913658	0.360000005626285	0.476484103233806	0.88169340506805	0.479188811188811	0.882207249879391
PF15723.8	-2.35807270453752	-1.56747965301499	-2.83578461429165	1.34415472391368	4.30717131039099	-0.275598129493295	0.359093943036492	0.496321969283669	0.885696584230939	0.486795204795205	0.884091744291424
PF08327.14	-2.34959090771639	-1.47475411123594	-2.83125390169478	1.46022864036573	4.11795601087577	-0.289715016606446	0.349766828226818	0.462347041641646	0.873837523033611	0.446362037962038	0.873562809824563
PF16656.8	-1.73771773484445	-1.47160411212708	-1.92161639475193	0.526359161037854	3.88994841096166	-0.109806090662078	0.434666669128451	0.636808482945349	0.951642138708272	0.645207592407592	0.957471332142829
PF14827.9	-2.07902492954228	-1.41865276155596	-2.52843556785769	1.16849884413371	4.09640545089169	-0.251306448172082	0.368000005255151	0.506620594716817	0.880153698422484	0.50160999000999	0.876313241953312
PF13511.9	-2.36020848549762	-1.47588322617894	-2.79951140637874	1.31261196270488	4.06399503648005	-0.274736804106195	0.353097940657105	0.471756486506928	0.864707348192621	0.462901898101898	0.863486565034737
PF04244.16	-2.14978943666675	-1.36713640816055	-2.68781817948545	1.33518907651035	4.20591196293526	-0.267614357184834	0.353097940657105	0.472979493271219	0.86820682206099	0.468281718281718	0.865377487763828
PF00450.25	-2.33662387905081	-1.51832287251612	-2.87388789739141	1.43134045852227	4.38466098259098	-0.307965188612249	0.35443038562977	0.43567114751996	0.858410746063156	0.451618381618382	0.869783387061518
PF04916.16	-2.37893009544925	-1.59405098885052	-2.80848348692325	1.28957520405405	4.3593571618745	-0.256668524367457	0.36933333852758	0.485275060407126	0.883991332675506	0.49512007992008	0.887481606734941
PF02040.18	-2.32959902377751	-1.44668212722944	-2.87308263282629	1.37246380189733	4.10729751256238	-0.29057585898629	0.347333339568994	0.446523542428467	0.857978962973063	0.439727872127872	0.860191961685056
PF08022.15	-2.34146703938956	-1.43777481364336	-2.85036651707487	1.46976073906116	4.2987005104487	-0.294003486262623	0.360426388010507	0.467368174874025	0.862350077923332	0.474339260739261	0.867280562605025
PF00146.24	-0.561500919793401	-0.841206985550337	-0.446781116260521	-0.417747016151733	3.75983404643594	0.101119763206184	0.442371754325456	0.691832437764135	0.99025325467818	0.675286713286713	0.956674613190708
PF05015.16	-2.06844579928067	-0.494993713843354	-2.90112645661362	2.386841250833	4.12883057555135	-0.530527555705818	0.251832124104973	0.257997212853955	0.737019054862427	0.23735024975025	0.725875446429805
PF11071.11	-2.34084783509391	-1.45468452009111	-2.80974903171351	1.39247159971053	4.09385632017283	-0.295093298941637	0.350666672739211	0.461076371075323	0.858037820068367	0.455012187812188	0.861109276583478
PF01833.27	-2.18059880638004	-1.44608628238691	-2.61783419577874	0.932681767159687	4.65828797304289	-0.171587991198483	0.411725519692567	0.556284934148749	0.945190372196173	0.580465134865135	0.952522088477906
PF19081.3	-1.96558082228134	-1.49760929256446	-2.26348952889271	0.618761923067356	4.8670852565688	-0.103863567985342	0.448666668588154	0.7042577056422	0.980609672113015	0.671467332667333	0.971350228165233
PF11617.11	-2.2237601711084	-0.826082525009337	-2.94320923331895	2.43553073062636	5.25315025820551	-0.427388154721628	0.287333342949525	0.284250055158305	0.800075175189848	0.308161838161838	0.768487491824373
PF03599.19	2.08023648906598	2.37070767816248	1.89880121723351	0.332553979610421	1.62242056152946	-0.180194537758591	0.40933333680553	0.637998596383706	0.96605429174602	0.618847552447552	0.973276272483109
PF04445.16	-2.35760392337126	-1.52429588120125	-2.78749577406237	1.30576888860299	4.12686007071998	-0.271353142473311	0.367333338619035	0.482042813249367	0.881797719220106	0.467970829170829	0.877311729204044
PF02735.19	-2.32260554350675	-1.37507878712716	-2.84687199782042	1.40910125611456	4.27979704658173	-0.293210134411769	0.354000005911439	0.455343408731938	0.864091364905295	0.446444755244755	0.864360571316714
PF06739.14	-2.15456088186552	-1.5372644316508	-2.55821908807728	0.999632376760001	4.3358174040904	-0.198346297319663	0.404397072291237	0.540334587878102	0.917696618105667	0.558306893106893	0.933951668184156
PF14063.9	-0.667285011733447	-0.154364064609126	-0.995708617142053	0.684934776353421	3.87874507046051	-0.158921942647008	0.42038641208195	0.617318282362211	0.954576009888491	0.632763636363636	0.966351801523919
PF03649.16	-2.23170609803903	-1.42017406355555	-2.71372477328985	1.30302398992395	4.27800232187316	-0.25748484035341	0.367754835372621	0.469368151549867	0.866816965058262	0.481230769230769	0.8733356213819
PF18004.4	-0.709327366392436	-0.895958361304935	-0.593030018508405	-0.109108805609936	4.02226735098048	0.0255753555226868	0.485676216386335	0.778292034707316	0.990839902411924	0.734577022977023	0.974808483126751
PF07699.16	-2.16489559380968	-1.40216098414474	-2.65452308676124	1.25658132708456	4.16977213144649	-0.270331761151354	0.360426388010507	0.469903448501947	0.881083003901435	0.47646953046953	0.882597708022814
PF11307.11	-1.60915557685906	-1.51594602900775	-1.64695977147887	0.214805746485637	4.1768913375534	-0.0403050698423534	0.477681546463399	0.703633127141758	0.968198164091283	0.733147252747253	0.970261316349281
PF14819.9	-2.35550567324148	-1.49389043411514	-2.80699427078253	1.36823306756577	4.142694020222	-0.277566986686477	0.350666672739211	0.45635279346462	0.864773217307674	0.446965034965035	0.867435483326547
PF02730.18	-1.97053025991269	-0.295484278627297	-2.80220895044275	2.48310958862208	4.12328364642489	-0.530139528723558	0.251333345569773	0.257236230058034	0.712657266245118	0.227213586413586	0.70269127900323
PF01314.21	-1.92835994247141	-0.274936660059836	-2.8128759018801	2.49577344678188	4.06742404553692	-0.552329338197573	0.250499679176972	0.24748100324698	0.720305201511154	0.220095904095904	0.705943416681694
PF11827.11	-2.44128852910183	-1.63646280807569	-2.90806460773448	1.28137927938511	4.34029874000992	-0.256822171531858	0.365089945421798	0.479992888619849	0.881410718578505	0.466453546453546	0.875668007779715
PF14175.9	-2.39040465289598	-1.58322024120977	-2.86212935513558	1.31694750431218	4.22107233890339	-0.280604279398403	0.354666672546119	0.47075711795874	0.86405098762455	0.466955044955045	0.866850292045532
PF13277.9	-1.76445626194146	-1.57207084086117	-1.89909623137802	0.547123000208859	4.00141276739667	-0.116910204651856	0.438374419369845	0.65052001055681	0.948836808670235	0.674081518481518	0.957679900316622
PF07675.14	-0.214965627785196	-0.466942615024285	-0.082472708987809	-0.471867703653867	3.28079339174338	0.122541782289396	0.435709529399944	0.629381774865963	0.989439101061137	0.61694025974026	0.942770342864788
PF16271.8	-1.79841946568731	-0.975585824495719	-2.30214124821036	1.13208985911766	4.50842799724883	-0.225852705541697	0.389333337643233	0.513762270303565	0.916095052093065	0.541216383616384	0.937854693207708
PF05402.15	-1.64832169679678	-0.988758420422059	-2.03695409793789	1.12683054767005	4.20090057057918	-0.237013887520747	0.390000004281288	0.511866918018213	0.903373240078992	0.53562037962038	0.920782150964524
PF04893.20	1.5504516570804	0.249825698674957	2.00393413045515	-1.57649669666657	2.96574592460843	0.456700610759086	0.251832124104973	0.263442023423396	0.934089567007253	0.147466533466533	0.584393765644876
PF02702.20	-1.48987045368186	-1.40144668482428	-1.55239966738667	0.110929356591796	4.24482463875298	-0.0200087495294068	0.48500999389272	0.732370705286496	0.97343701751501	0.762676523476523	0.968731280455694
PF08338.14	-2.33177010645075	-1.39790145028522	-2.9181902178908	1.4574586869035	4.27253488094089	-0.290449176485977	0.348000006202873	0.461458905280903	0.866243407227793	0.467898901098901	0.866229724136288
PF03279.16	-0.680378225902607	-1.00071391347926	-0.420100321744543	-0.427163704187508	4.00490988386419	0.0862629573749806	0.440666668895584	0.727365763410935	0.991129475044937	0.651806593406593	0.966370411341489
PF11578.11	-2.31527372111912	-1.40818971406347	-2.90603809919283	1.40504198730512	4.21251320287781	-0.303155254126553	0.34533333966786	0.447680846456824	0.872831675902516	0.456493106893107	0.881175852838878
PF15495.9	-0.493916163896494	-1.02739269910841	-0.122091853265166	-0.739013001703736	3.92003972205892	0.157780021665611	0.414390409657871	0.658532071323977	0.992330658419043	0.567282717282717	0.943799203313874
PF16889.8	-1.40060579272403	-1.57964238136579	-1.32657264422005	-0.118060596463097	3.630053174351	0.0285534383056032	0.48434377139911	0.710983576678284	0.977837281169529	0.712452747252747	0.947167581084157
PF07884.17	-1.96880109797557	-1.45008916397803	-2.24435082382394	0.694355690963167	4.24366204382486	-0.154538945201448	0.42038641208195	0.589130229060056	0.940130259524614	0.603508091908092	0.946849058162515
PF17650.4	-0.908558727062599	-0.980264347812959	-0.866252505207548	-0.0991226562331118	3.7071454144514	0.0295536160151924	0.48733333380277	0.727007661006113	0.984091231553287	0.718063536463536	0.954731609386425
PF06125.14	-2.38082361957506	-1.46902112791774	-2.83752906426353	1.57963171686207	4.25322523080753	-0.306925150119768	0.347333339568994	0.466645522799096	0.868585146328977	0.443325874125874	0.864440665661766
PF18024.4	-2.31811798909126	-1.51988996362741	-2.76793624424574	1.2380930489333	4.29018242066057	-0.245426628977318	0.365333338711092	0.486758701203721	0.885084794056106	0.4935996003996	0.888031415792046
PF02563.19	1.40137776864761	0.733593793687391	1.54749572371859	-0.571309876547884	3.28532082188181	0.1377358183835	0.416000003201469	0.595461382592362	0.99826397997877	0.578376823176823	0.975786259413102
PF08269.14	-1.75473009703658	-0.0698178683613033	-2.76398629492588	2.65892696061832	3.65189022301599	-0.642087703568535	0.209193887007636	0.178016537504242	0.620743718042977	0.137132067932068	0.592971143444095
PF13738.9	-2.05882945155089	-1.52300486363103	-2.34886753890073	0.841429315577318	4.24701367892783	-0.178833734777059	0.404397072291237	0.548381287875688	0.905056737024953	0.558662937062937	0.908050751562632
PF13207.9	-1.76978518784738	-1.01915873933639	-2.19913185736217	1.19921447036735	3.97207648966546	-0.267582718524218	0.359333338991004	0.48594127729478	0.890987080314233	0.484258141858142	0.889363809385288
PF14824.9	-1.99342649802467	-1.53408618163927	-2.28495898051994	0.732269074888314	4.22442054456365	-0.146820179110566	0.42038641208195	0.570715118107389	0.938035316312415	0.587096903096903	0.937790012132353
PF05962.14	-2.3654660651922	-0.973273900395695	-3.06957904199883	2.10403333242137	4.10302554474427	-0.455225334427026	0.274483688019865	0.311772825155872	0.765771539825315	0.292648951048951	0.759913974887759
PF13726.9	-2.26732094086554	-0.185732725529155	-3.23857583721503	3.10036520497417	4.45784202676604	-0.622457578252274	0.2245170033051	0.186846718045455	0.66671294247902	0.176041958041958	0.654290346507037
PF16112.8	-2.3203569702419	-1.40664855699688	-2.80094940170166	1.40356937500954	4.14023075956729	-0.294386685261547	0.361092610497623	0.44519430655709	0.853289918785317	0.433206393606394	0.848470036799998
PF19524.2	-2.3570716957962	-1.56192116569288	-2.77426392470315	1.14151490639469	4.2869413349286	-0.219331727959123	0.377333338167504	0.520002925390043	0.897321332838603	0.501240759240759	0.898770620523286
PF02805.19	-2.17755210710903	-1.01185615033669	-2.76998071882404	1.96058322205364	4.14324819249535	-0.410897320413238	0.30200000869719	0.37393052583065	0.809583446358563	0.365688711288711	0.807949426946628
PF19875.2	-0.520378765664854	-1.54022419313491	0.0431371858415748	-1.24594270264611	4.02447426900411	0.275665936186032	0.352431718170889	0.494207382137028	0.95328361705819	0.40848031968032	0.831871637042905
PF13331.9	-1.68646847595096	-0.990053760674086	-2.04376125091103	1.15571442270184	4.22355358345284	-0.248541308184505	0.37866667144168	0.522945930252099	0.912935485894475	0.531920879120879	0.924089172332865
PF12513.11	0.306664294280922	-0.474890365786975	0.594380023910196	-0.686734334384685	3.4559647707455	0.160867383870609	0.40133333713572	0.560905129620644	0.984197582660706	0.506864735264735	0.90725583400281
PF13111.9	-1.15133229821368	-1.47151875642236	-0.889761604835091	-0.603974222342859	4.15848225278863	0.120128886073886	0.434000002487791	0.650566267163929	0.986697342658227	0.615700699300699	0.937845908957588
PF18157.4	-1.14433105646761	-1.51149996309666	-0.916193978310279	-0.568503986397498	4.23364163672528	0.109671464857111	0.436000002409853	0.673763859750906	0.99085326548135	0.623141658341658	0.949174160618893
PF13032.9	-1.12846416592883	-1.41519284992342	-0.933113127251993	-0.457756543050819	4.20165305810161	0.099665699342915	0.455029981690227	0.689243704921546	0.989838840030909	0.638103496503497	0.948209239044313
PF18155.4	-0.761063092606623	-1.36809780134219	-0.105244938443521	-1.15290359403583	4.50196048221385	0.230002490726197	0.379746840164002	0.584551739868186	0.980910394482152	0.474989410589411	0.90898316056884
PF18154.4	-1.47429451159926	-1.51057231759617	-1.46365103508895	0.0268028921175967	4.20732355222895	-0.00532556939948262	0.496335776284772	0.727131538133689	0.979522031892539	0.772097502497503	0.976274251979769
PF12083.11	-1.65958008991345	-1.3691290595044	-1.81592653118976	0.452736562279425	3.94907213493386	-0.0889694300177802	0.448367756760455	0.661100966098063	0.946158526904983	0.654741258741259	0.950525978572751
PF14431.9	-2.27989689626323	-1.38537906917273	-2.83547345327189	1.54377007701571	4.21494890563903	-0.323575994963588	0.339107268463884	0.414832952208693	0.843257675445565	0.415479320679321	0.844565078808972
PF04283.15	-2.37706308939599	-1.47294946859415	-2.95722163135484	1.4364257754292	4.33794014987027	-0.288648990891521	0.354666672546119	0.447423039813856	0.870287545835551	0.456586613386613	0.879539860505776
PF13773.9	-2.40517670423517	-1.54111336553216	-2.86893013278397	1.31973658182552	4.41066849055784	-0.265634485399292	0.363757500446794	0.484782696288314	0.8770897921485	0.475565634365634	0.881826908256507
PF06347.16	-2.23612009554077	-1.51157131997757	-2.70584874030266	1.21526543509995	4.24543898896519	-0.256403666024367	0.359093943036492	0.493019781036724	0.888136159733813	0.485091308691309	0.892955957645995
PF02622.18	-0.921100151069441	-1.46778902012212	-0.520671054816708	-0.754354082938479	4.13478004835113	0.159036894449657	0.416666669841269	0.61594187761734	0.981150584040285	0.546501898101898	0.914285902548213
PF14229.9	-1.10189325565695	-1.51050191063595	-0.653301660245858	-0.875936558696583	4.47812039237919	0.172022575063719	0.414666669921978	0.656668224434761	0.987874449366706	0.588018781218781	0.935339938864538
PF07591.14	-2.34179101830707	-1.57867054400629	-2.79239348466064	1.50955387018426	4.12650820776842	-0.318866902095001	0.349333339470879	0.465136965518158	0.89107945629477	0.463255544455544	0.891640886281097
PF14341.9	-2.38440188704142	-1.53537195433127	-2.86068912661973	1.36552917018388	4.24279985089789	-0.280819993492005	0.354000005911439	0.483485852495616	0.873523547854595	0.466267732267732	0.868000084921012
PF04107.16	-1.58992146039483	-1.4378060641531	-1.70144537138716	0.118234726941576	4.51591211980843	-0.0256169383391917	0.488341106360851	0.754531685794409	0.987429389538623	0.760352447552448	0.977413022274303
PF16231.8	-2.4064704984579	-1.58731430760825	-2.84126633765263	1.26701534157735	4.44360368585305	-0.244028006275773	0.376000004893566	0.47417492946736	0.888196318014251	0.476554645354645	0.889774267400412
PF13360.9	-2.42342800626494	-0.912237970585762	-3.27709091780549	2.24073012277402	4.13686081719405	-0.470445962313098	0.277148577907692	0.293556497349022	0.754689868094151	0.277747052947053	0.740925780443482
PF17170.7	-1.30385247359743	-0.0797442053455573	-2.28198840154267	1.92904287704267	4.10057486317767	-0.412933249488058	0.303131254453829	0.321088767689284	0.808058220008542	0.310073126873127	0.833135508131361
PF02304.18	-1.45725681841036	-0.0252369275202193	-2.15813831297233	2.12696674492202	4.09644660673554	-0.446400145391675	0.272666677280535	0.325276328167756	0.782512689060152	0.281097702297702	0.761544843962965
PF06368.14	-1.47011229197872	-1.35991722839616	-1.51565313499501	0.288624693137149	3.98675318748426	-0.0635704684410569	0.466666667906746	0.70356062093408	0.962894086267061	0.716711288711289	0.964139949798145
PF14349.9	0.628586957765707	-0.705885065239065	1.28487080682094	-2.10060097693218	3.3559438897449	0.538638908446704	0.228666680910742	0.23175310867305	0.899363706255722	0.138637762237762	0.576708557458124
PF05970.17	-0.868886464236771	-0.849022816137328	-0.876154379835161	0.160762083015643	4.13889915248811	-0.0313117115001005	0.483677548905506	0.742352862852738	0.978056302172941	0.783616383616384	0.9797755568352
PF19841.2	-0.612595784376414	-0.676357404638864	-0.574343931284525	0.0264010508469594	3.50779472402192	-0.00633553853740214	0.496000000148157	0.729255114972414	0.986298472349587	0.727658341658342	0.965677455455057
PF19310.2	0.116877757335413	1.08104049908046	-1.15303661998569	1.95156231925503	3.55341133759634	-0.489086694692215	0.251832124104973	0.146762863439779	0.675316674433679	0.172600999000999	0.730482793103418
PF11992.11	-1.86054235198812	-1.51400018720344	-2.03359563249487	0.536374028590509	4.00421661309996	-0.120032758084948	0.435043306907536	0.603678822354199	0.934336662778504	0.628071128871129	0.941755719439919
PF13844.9	-2.28572919343347	-1.45662861651439	-2.79359191114557	1.28656679077299	4.41870663433027	-0.249441583474832	0.373084615277418	0.47928210519224	0.882858949662505	0.495106893106893	0.896552795302701
PF20310.1	-2.03148562576395	-1.61034404451114	-2.33564041529322	0.829903734380482	4.46008671915035	-0.16794904812363	0.423333336241206	0.589382848849567	0.946572836288174	0.626231768231768	0.957582057788134
PF00723.24	-2.31588362258015	-1.50735497360274	-2.84787439244325	1.33932856163945	4.35950462767499	-0.267410174069236	0.362000005532558	0.474215980123747	0.872147181544058	0.4673998001998	0.874445619603248
PF00382.22	-2.27013425263898	-1.50582748160962	-2.6502193256095	1.25028888481779	4.30425503772713	-0.258339999242796	0.367333338619035	0.506167989692976	0.892651419245862	0.501854545454545	0.895281552891694
PF16263.8	-2.37860712121786	-1.64321953037512	-2.77723309613504	1.20860882082316	4.1348767074517	-0.249213379609055	0.372666671709787	0.483142025039497	0.878427015052501	0.496473126873127	0.885757579221968
PF05872.15	-0.109043517474004	-0.79713907995693	0.18361252400113	-0.537922753374154	3.84862581742677	0.124197395975358	0.431712194445903	0.629402415360377	0.990030257699362	0.594979020979021	0.943120306545777
PF16582.8	-1.30806474293616	-0.901258082620891	-1.56247431596783	0.678631976229029	4.00983896475281	-0.134998844348386	0.428381081984987	0.603847906234741	0.947355518151669	0.633432167832168	0.961180453906179
PF17092.8	-2.28880474079552	-1.51408640622078	-2.75039132055202	1.35011605863629	4.16863766218681	-0.284784588773553	0.36400000543947	0.468544952169957	0.860116798045711	0.466386813186813	0.859053772509524
PF19557.2	-2.08742794491868	-1.41479164578179	-2.45255830968971	1.01355528276414	3.99110517798971	-0.224309798626948	0.375333338256687	0.510926246142198	0.910321213916579	0.505891308691309	0.914295350678506
PF19190.3	-0.714500412087641	-0.752009981565029	-0.683333316813782	0.07283239373443	4.28763375902051	-0.0192997301274475	0.493333333580291	0.750719522940695	0.986433089930996	0.785412587412587	0.985644432022221
PF17131.7	-2.14727900837736	-1.47949681208543	-2.58794305897258	1.20078917791778	4.23668176194173	-0.243014359420204	0.378000004804562	0.525291101924663	0.908359672853788	0.52518041958042	0.907858329349941
PF02649.17	-2.26394280096672	-1.43175825399788	-2.71725470108153	1.27420070262733	4.13682915660153	-0.258222782602304	0.370419725324506	0.503535001117405	0.890667074448127	0.487351048951049	0.891766141824413
PF13454.9	-2.31033472439004	-1.51182339275687	-2.82310167868812	1.30285016672173	4.29995884100526	-0.256162185386177	0.359093943036492	0.474189177762333	0.874470927178067	0.466702497502497	0.882779769448581
PF02821.19	-2.35295887627983	-1.47729341382134	-2.80054038940432	1.24074499192959	4.18358574459885	-0.263647811030449	0.360666672261638	0.47121078734677	0.87130611264449	0.466427572427572	0.866822972295721
PF05975.15	-2.32853555808592	-1.51301211564699	-2.77473549976643	1.33066728322546	4.17324811581142	-0.263846954209628	0.355096608116218	0.469018646042251	0.883068930499851	0.45491988011988	0.875738593672966
PF10031.12	-2.31547509818639	-1.49454285140032	-2.809415516656	1.38240674737681	4.17926388680858	-0.269756068921345	0.359333338991004	0.470678491981854	0.876236595963256	0.468034365634366	0.884661970952183
PF18674.4	-2.41834957446641	-0.993423112076322	-3.15737213268461	2.15313736402436	4.26680256109139	-0.460770427245899	0.280000010104348	0.316670328298365	0.765255231081696	0.282711288711289	0.751946007170577
PF10804.11	-2.33705799832313	-1.42109958444642	-2.84968734716275	1.46287281459879	4.29098505648357	-0.308183377609464	0.349100605741001	0.438589637417578	0.857570840500883	0.450360839160839	0.863178526339775
PF00116.23	-2.3368246774965	-1.38969278838313	-2.82424001000113	1.37643826644009	4.15919496818675	-0.300701619211635	0.34533333966786	0.438014741714335	0.856110830609627	0.440441158841159	0.859976804633898
PF16591.8	-2.3360547397811	-1.39086259716995	-2.86118360770817	1.46497484658789	4.14708811643491	-0.305881291323467	0.337333340071168	0.431172668180525	0.851225864578986	0.414935064935065	0.854665670312432
PF07364.15	-2.41772953773591	-1.62706977002849	-2.8565704097978	1.31215285947383	4.34263651927299	-0.264839004564257	0.367333338619035	0.486828976868521	0.8890125867081	0.483011388611389	0.883366384823835
PF07171.15	-2.35221474811067	-1.53667292118588	-2.82901903093543	1.41230655762612	4.25210759653221	-0.295355667255574	0.351099273198694	0.447022149038217	0.864696144014198	0.454674125874126	0.861112872185864
PF00743.22	-2.10045329544019	-1.50826869148894	-2.41259565682338	1.00173403622196	4.10608992604111	-0.20559143592537	0.387075287545898	0.523017760785829	0.896045163133876	0.530045554445554	0.896501570697101
PF11924.11	-2.32679098305582	-1.46896670988409	-2.87130853319215	1.45711895622792	4.16729131938623	-0.312423006500974	0.346666672935199	0.418389783535692	0.847071497816884	0.419804595404595	0.849908247553811
PF05787.16	-2.33737890297016	-1.48940997249879	-2.83766267935886	1.28807138096297	4.19234280733412	-0.274692302764311	0.364423722934262	0.470666608555697	0.875133694388347	0.470842757242757	0.889064309584666
PF17810.4	-0.0678722669740424	-0.0636470150533821	-0.0696451031653815	0.172567449074914	3.55638726247633	-0.0355928115082718	0.477333334174568	0.735214758677032	0.990007741126001	0.787727872127872	0.990742043396376
PF17944.4	-0.0785894397828182	-0.0325789596770001	-0.121720203403318	0.134102264721287	3.69753439977308	-0.0279130585821071	0.48434377139911	0.739074212438704	0.98744072696391	0.780472727272727	0.990425839495331
PF07332.14	-1.28166387069206	-0.949642716845807	-1.4985166718367	0.536486690601526	4.1051327563366	-0.11661580461313	0.431045971953661	0.628629404045726	0.949282998199831	0.665741458541458	0.959881411445746
PF08471.13	-2.34388323593386	-1.46632812563266	-2.86534476687262	1.39063982735352	4.10587315275013	-0.276143866441752	0.360666672261638	0.468459418962803	0.87819391990981	0.462706093906094	0.880101745628443
PF13387.9	-1.12790878646601	-1.55138930999107	-0.833891742982217	-0.547159673710288	3.87575153639341	0.121454695477132	0.430379749461449	0.667657830491827	0.986325196894179	0.608134665334665	0.924865280889791
PF02416.19	-0.822859341027525	-1.44897732100561	-0.498537638898204	-0.743350887294994	3.90121824410522	0.16887139836877	0.408394407236809	0.602045199375679	0.976760925505407	0.546280919080919	0.897982718329038
PF07681.15	-1.07100574072081	-1.49850517868401	-0.761781355605887	-0.666303742321213	4.25867751088596	0.138784372151905	0.432666669206554	0.644784585576704	0.976843919596666	0.59365994005994	0.922189155685278
PF19543.2	-1.41555926171946	-1.42816525732009	-1.40127062519845	-0.187480975344353	4.41343682495721	0.0390274689413126	0.482000000667532	0.756615623525312	0.99232527147553	0.737894505494505	0.970515345139974
PF19804.2	-2.31751686261098	-1.39414007251873	-2.84292216578742	1.36653533842006	4.195199656495	-0.285948641857822	0.349100605741001	0.448632426954661	0.849901927117355	0.442894305694306	0.855311392078239
PF10092.12	-2.29974701322573	-1.37717123675044	-2.83357914729379	1.39236360129959	4.31460850774789	-0.280177808830157	0.357761498062769	0.451547797383197	0.865283405040851	0.448856343656344	0.866607720875566
PF19051.3	-2.36105209329249	-1.51117703530243	-2.86108480898292	1.42721665303377	4.07176631411212	-0.2849937249451	0.353764163143399	0.45406217297744	0.877253320020398	0.45446953046953	0.876286534275129
PF13464.9	-2.01720173220445	-0.496990445873315	-2.7603547964615	2.2582315777052	3.9958760400288	-0.496400907634168	0.268000010950104	0.273008587116094	0.743024857699341	0.25187972027972	0.733656079158615
PF00686.22	2.45051155894048	1.91376890371615	2.72387561514377	-1.0718646693929	2.52001153133893	0.347068396263062	0.297333342315177	0.234627763031355	0.973360466987142	0.2208999000999	0.778900227498463
PF15632.9	-0.888573671042384	-1.59833492223433	-0.535981846832417	-0.841984231033695	3.92305091556625	0.17788232148562	0.402000003774635	0.598942453212685	0.975492606995374	0.526634965034965	0.890822970984579
PF07559.17	-2.29962445020979	-1.3508335016223	-2.86548956726819	1.50990131667556	4.17146808537846	-0.310170264253092	0.340439713433031	0.426802553655157	0.850121107311643	0.436575824175824	0.861238894728182
PF13547.9	-2.36351124345031	-1.46133699554995	-2.86000860765931	1.46212417144485	4.22332840254886	-0.307914499813036	0.339333339969129	0.452087954604321	0.862621208702801	0.442703296703297	0.859127488717949
PF13550.9	-2.30697275723221	-1.57916707866851	-2.73776599114654	1.22322729064401	4.08277798751753	-0.246993050235382	0.364666672075246	0.507508246565815	0.880146523410368	0.487128071928072	0.880866995031017
PF06835.16	-1.26501441458914	-1.35639037843383	-1.19845541790502	-0.150757953158912	4.24495120739311	0.0285480615411337	0.486666667160845	0.755843348904113	0.98091129240939	0.730561038961039	0.970482689992071
PF12418.11	-2.40880761930967	-1.49504348945067	-2.9440982408447	1.36191719229182	4.3961626979632	-0.2727553485479	0.35666667245062	0.473290224016397	0.883159843381462	0.463752647352647	0.889447100765061
PF12806.10	-2.36828246257433	-1.54058522013418	-2.87195255908196	1.26807152158795	4.34667557205221	-0.260365715221695	0.357761498062769	0.46857144552242	0.889168596463451	0.480543456543457	0.895161799794201
PF14016.9	-2.35959449837641	-1.51290730886572	-2.83308093193661	1.3491837119648	4.18061000011135	-0.268884439465154	0.35666667245062	0.458731789449667	0.879487891695285	0.458097102897103	0.878612122273039
PF18053.4	-2.35031848546665	-1.48573350449141	-2.80714057077474	1.41457088688465	4.07632578697792	-0.290050212521971	0.350666672739211	0.449263382511477	0.855465771232661	0.434335664335664	0.85741205601645
PF10069.12	-2.43050506215691	-1.54186928131763	-2.86698858393487	1.447681577951	4.16562462213949	-0.293496088852842	0.353097940657105	0.445612389352952	0.876871122473728	0.446538261738262	0.873492481081033
PF17150.7	-2.35795286089028	-1.49168493233371	-2.84709226956612	1.34600954848095	4.20423424656025	-0.262745525936138	0.349333339470879	0.44659261549964	0.867225881943072	0.44377982017982	0.863959658306823
PF00240.26	3.5624128533852	4.76792854153964	2.71797965797031	2.11916577737979	1.82041326042886	-1.03453639902017	0.0740000575627774	0.0191673645402621	0.349490519551665	0.00658301698301698	0.212930220009886
PF07931.15	-1.85495604597824	-1.46755914309126	-2.07301820748713	0.672249785492331	3.93169774888271	-0.151175052362414	0.422000002960946	0.590725675943626	0.936517041587824	0.613701898101898	0.940165300626472
PF02233.19	-2.2637027833805	-1.44046114937378	-2.67440174640425	1.28274930731133	4.12400621562245	-0.252244563624883	0.363757500446794	0.468687809145325	0.87166775544298	0.46916963036963	0.866955014681045
PF10988.11	0.286726648013187	0.41544220700229	0.206681985695797	0.38638243611994	3.60106210658282	-0.0833142887115177	0.448000001946984	0.70771103224373	0.980885097999101	0.718484315684316	0.986404766431654
PF08421.14	-0.136637051340804	-1.4210698323761	0.946205118879836	-1.8761070880591	3.82772971683801	0.43398105076671	0.287333342949525	0.33015630762353	0.918754337059674	0.218325674325674	0.709082367485311
PF19503.2	-2.37313231255274	-1.45927328150569	-2.8530121824056	1.41521031934332	4.24100878698544	-0.300118989613363	0.347101938284043	0.458867156478609	0.862100695585023	0.456047152847153	0.85773572337907
PF11954.11	-2.38885731242785	-1.5781873093752	-2.80236438847483	1.24750336414766	4.20719342407673	-0.260648484124531	0.363333338803763	0.487101845303418	0.884130106318875	0.484797202797203	0.883375893916795
PF02388.19	-2.07594582912728	-1.50065233940203	-2.41407148035801	0.792373974554088	4.24882281897712	-0.15037896968391	0.42066666968082	0.577698260733861	0.941789653412781	0.598974625374625	0.952890889129409
PF13709.9	-1.99366174725342	-1.4928563030767	-2.31588765442596	0.863476484603008	4.18461678816958	-0.171962123037712	0.409060629727881	0.580731746457515	0.92599669866289	0.587073726273726	0.92655145179158
PF06832.15	-2.3672712312277	-1.49579451669651	-2.85441770266408	1.49387230528577	4.20888710586519	-0.307119727010408	0.349333339470879	0.454534649162731	0.863930612919892	0.452132667332667	0.867193620801388
PF10102.12	-2.20728187747884	-1.5676743147365	-2.61614984402069	1.11973206323607	4.12092368080108	-0.230700818663441	0.376666671530504	0.488966669230763	0.888570581829101	0.501654345654346	0.896400713118696
PF18140.4	-2.31149316878483	-1.53035586606843	-2.81843117928538	1.34250669797792	4.07248111314107	-0.283500031335972	0.350433050712716	0.444403116175808	0.848495333578312	0.441612787212787	0.855030395275606
PF00629.26	-2.3325613139756	-1.44964116472871	-2.88912925563242	1.43895838540956	4.21528740396386	-0.274628591563231	0.358000005720664	0.45942052878353	0.883634514691561	0.466553846153846	0.890982382525918
PF04465.15	-2.30121628483062	-1.45452698922246	-2.75720873647561	1.4486825038978	4.21516435381355	-0.28939141637409	0.351765495684751	0.461873886159193	0.874400881114713	0.46981018981019	0.877448888206403
PF18914.3	-1.86762620691329	-0.948300729316033	-2.38472535194782	1.50264221648487	4.56271928552944	-0.297898061802162	0.365756167909403	0.461444176227533	0.903651051166533	0.480839160839161	0.916750219519577
PF08899.14	-2.34576346525931	-1.57018389118462	-2.78182001991258	1.23584148890464	4.19424926627057	-0.244397742440438	0.358000005720664	0.468651503573051	0.869073708526747	0.465418581418581	0.869548713052106
PF12388.11	-2.34543963794805	-1.39897435131803	-2.84452690368521	1.4804085403857	4.25976747749991	-0.299128145313492	0.338000006703729	0.46283633733992	0.857170463849412	0.445468131868132	0.85574302191034
PF01323.23	-1.33579346059785	-0.945108781671271	-1.7486454235867	0.457998680497035	4.46877220064034	-0.083230840186313	0.456362426676409	0.653830442432825	0.973033012200576	0.72390969030969	0.98457276092184
PF05048.16	-2.36579996783024	-1.52067424110661	-2.81697074194121	1.29107103505912	4.25037667954765	-0.260267235671149	0.359093943036492	0.488109881428463	0.887065247366943	0.493921678321678	0.897008812955834
PF07752.14	-2.26980665911347	-1.53431124887587	-2.77568413031939	1.19582321950519	4.24793291864261	-0.260149042346132	0.3777481726974	0.462434504960879	0.878049727705544	0.475813786213786	0.89076835912767
PF02359.21	-2.37381303619486	-1.3931387189769	-2.89554523441131	1.49908481756456	4.25048251233658	-0.327360954189797	0.347768160769613	0.44525293556107	0.847342383852594	0.437104095904096	0.848641746851386
PF02933.20	-2.34685380374829	-1.46334414342439	-2.85456525376831	1.33950717415441	4.18777598608729	-0.275903194358023	0.362425055472068	0.461802102052109	0.861192959148722	0.453206793206793	0.857406620025167
PF01597.22	0.290810146542579	0.812318943752421	0.0126472832422753	0.812012483953178	2.79548458079546	-0.226133051498058	0.371752170300835	0.569191346009087	0.934694492038627	0.50678001998002	0.928744121898482
PF14237.9	0.684586233758117	-0.495362056607425	1.23675401233329	-1.77724133262303	2.75259451062133	0.545387526478548	0.229180560478235	0.14892828591474	0.843762966132085	0.129965634365634	0.531752751181125
PF03740.16	-1.23590007749014	-1.43964402899861	-1.1127239503131	-0.253575749846099	4.12064157380163	0.0527881060796841	0.473017989008912	0.740537423613151	0.990622356088771	0.696638561438561	0.957934737634979
PF19029.3	-2.42335495059117	-1.46140135168489	-2.99210326250062	1.5346508427368	4.40557366034068	-0.292915554389714	0.354000005911439	0.457998821578005	0.859699358333434	0.454153446553447	0.861079303204788
PF16798.8	-2.3246685229138	-1.52154451879174	-2.79096832438785	1.37439665410661	4.22893887758777	-0.275663334673235	0.362425055472068	0.481463719439946	0.870490147494561	0.481608791208791	0.881516479456096
PF14509.9	1.6355597693222	0.584714996545831	2.59577255572856	-1.99730778237568	2.35759894590212	0.732883448986143	0.171333354767662	0.08152713362193	0.736284455162058	0.0582137862137862	0.367477666344517
PF18895.3	-2.20091853687593	-1.4548966395855	-2.66086925749395	1.18549912404073	4.11939437058222	-0.234393385418689	0.368421057860494	0.488971253856907	0.871511032127895	0.487215184815185	0.878733394526082
PF10079.12	-2.38389653202185	-1.46438034000782	-2.85417802984128	1.36675555916759	4.25554881323826	-0.287862522784486	0.346666672935199	0.427731153144184	0.856501620723184	0.435100899100899	0.853544465582714
PF03710.18	-2.24615580040916	-1.39746382507784	-2.80428509535784	1.24568953137612	4.48113468001236	-0.251030984002289	0.36933333852758	0.489455490417337	0.87412925142684	0.495850949050949	0.884446522568574
PF08335.14	-2.04759204739986	-1.354651564159	-2.45892128385863	1.07016271962887	4.25319016506005	-0.226445183848794	0.396666670664582	0.506059792699666	0.902134090774743	0.510744855144855	0.912470775605289
PF04116.16	-2.30061621093639	-1.47480891783418	-2.7901446759783	1.34879158321646	4.18955931695271	-0.277613496417066	0.361333338897062	0.456717133194353	0.861529355340018	0.470243356643357	0.862791139323482
PF16743.8	-2.34550854995694	-1.46079516663449	-2.78552624340705	1.40680121509282	4.22096721059068	-0.293085916620372	0.358666672355798	0.457783152300955	0.859760913192765	0.459609190809191	0.873074195970019
PF04505.15	-0.0136541399439523	-0.045653983698986	0.00738236731629538	-0.00770024045695106	4.44235416432697	0.0020649139782141	0.49966688875316	0.745505895810169	0.992937757680428	0.802864735264735	0.994261327508028
PF02925.19	-2.34602066556622	-1.54175510492832	-2.8266406405558	1.4183606226453	4.2051314526863	-0.286108790768973	0.353764163143399	0.463877052095211	0.877648975210519	0.467046153846154	0.880307762940415
PF00963.21	1.28161780446977	1.18738008797315	1.36347176043378	-0.30519862642444	2.70905715628835	0.0864149694858569	0.446369089281922	0.690800615211309	0.999254466980624	0.653902497502497	0.987067263912912
PF01875.20	-2.3710671575632	-1.40832172119129	-2.93324086710662	1.41426190928237	4.17823138915057	-0.309439117749149	0.339333339969129	0.447032951409767	0.86912884806185	0.43606993006993	0.875324921774199
PF14169.9	-2.27772618588311	-0.997563848488288	-2.94376456295437	1.98072046292393	4.29619383752092	-0.372440084030151	0.313333341366566	0.359406373672627	0.820864947056065	0.355055344655345	0.819252532854211
PF11907.11	-2.27232332178143	-1.36684262123664	-2.85581938732185	1.42718444822667	4.19561315831604	-0.278911175700535	0.346435715798556	0.450010421198295	0.87042042207904	0.452168231768232	0.876947372687026
PF06276.15	-2.34851499376248	-1.5871833710761	-2.73267274085442	1.18404323641605	4.4084207283463	-0.233214342982612	0.367333338619035	0.507529541525336	0.894357757117008	0.516874325674326	0.894202187933442
PF11575.11	-2.267010722232	-1.40078422161228	-2.82026697778927	1.44267879414247	4.06832065806299	-0.291648894980748	0.340000006601966	0.445867744006892	0.859753399039316	0.44049030969031	0.859885146656384
PF03958.20	-2.31788863246551	-1.41593240014273	-2.83564937516204	1.47294416477205	4.03793825721688	-0.307654870299459	0.349766828226818	0.435903704139961	0.869895492015269	0.430695704295704	0.874748100623535
PF00060.29	-2.39711015043073	-1.56843431805325	-2.7855482243778	1.28395849331069	4.25178501933358	-0.252636266417054	0.368421057860494	0.502376429517457	0.885760474376922	0.490405994005994	0.886395960627185
PF19952.2	-2.29421427664488	-1.59549107001023	-2.68613299659375	1.16534263801457	4.34853020992185	-0.240366430223217	0.382411730120278	0.499578932011622	0.900649588812543	0.508973426573427	0.906974494133142
PF16119.8	-0.606506981129476	1.16899557612978	-1.61544444123759	2.77466956779591	2.96463865430207	-0.838392275974171	0.138000028177214	0.0815668876890638	0.468950527766719	0.0495352647352647	0.413557515500007
PF03109.19	-1.36516930887137	-0.968517251258003	-1.62301062072419	0.542651243142367	4.22479479429556	-0.117830728453876	0.435333335769139	0.635254595912648	0.962283088977873	0.659184815184815	0.973899388241609
PF02600.19	-2.4179890074134	-0.925214546943072	-3.20376525498774	2.25354666978795	4.10125963763167	-0.512605182443352	0.270666677423451	0.296158177311039	0.763473309190293	0.290461138861139	0.758801808355316
PF05721.16	-2.38275458341948	-1.44681022333037	-2.93753396752008	1.41715897352156	4.14237383617333	-0.28759054569658	0.352666672642312	0.42927775940364	0.864880197074548	0.441034565434565	0.872209980426762
PF11306.11	-1.91376947626361	-1.10947367673029	-2.41079272670746	1.19553079031587	4.13550164593859	-0.262615959762304	0.36175883298481	0.473591014475309	0.890518782394401	0.491085314685315	0.895146604001529
PF00328.25	-0.674704597761693	-0.972944069467824	-0.535173134953717	-0.497408082841476	3.37210641041215	0.114930629805627	0.437708196877331	0.578400103546227	0.984104884369454	0.602477522477522	0.920256676580188
PF09994.12	-2.28923948144711	-1.3990957536699	-2.72409271255212	1.461148675808	4.07792316738444	-0.296542122092443	0.343104603372395	0.461883609682755	0.864226618424701	0.445238761238761	0.853153008870899
PF04687.15	-2.08017069848722	-1.60940292207612	-2.36878699810654	0.775370428303744	4.39935134129191	-0.154303370281506	0.418666669760886	0.57750168957706	0.933326083697934	0.600071528471528	0.938280691691902
PF14098.9	-2.22952716745406	-1.45533380451793	-2.71481474614375	1.12250560562773	4.34190978713519	-0.241023808885996	0.379746840164002	0.509329907340949	0.885758367909297	0.525452547452547	0.905371750346083
PF10628.12	-0.875769095379802	-1.48225357538738	-0.438293246467804	-1.33643915270761	4.94713460430577	0.233836016075477	0.380666671353383	0.474356689520845	0.967010996447984	0.480326473526474	0.895107516278853
PF06719.16	-2.36465007733694	-1.64183509701031	-2.83455344435026	1.13292373772532	4.31729512324459	-0.223116922512643	0.36933333852758	0.494400014468805	0.884059609725739	0.50083956043956	0.892570320585049
PF11751.11	-1.86568340592392	-1.47416171920723	-2.11434735125942	0.693710879315166	4.10429973102783	-0.148708403814426	0.419333336400829	0.593570279241106	0.92966194539385	0.588368031968032	0.931518720879051
PF09923.12	-2.37085731461118	-1.53524148843614	-2.87169897827603	1.33447995533561	4.26750564020159	-0.272482531754277	0.350433050712716	0.476934066094388	0.876670104533419	0.475103296703297	0.887091495909028
PF03524.18	-2.44042221741359	-1.06005552385537	-3.17695879038199	2.20127448023496	4.27413778316956	-0.445931055250366	0.293137917292776	0.332536750484048	0.806608351782321	0.304274525474525	0.790395371890672
PF01921.21	-2.31388857297282	-1.52998690330885	-2.84876136743076	1.34017682082449	4.18226880927419	-0.27340942135263	0.359093943036492	0.464374678885694	0.879601573984768	0.471773026973027	0.882243876296198
PF05995.15	-2.33757758244823	-1.44354801095786	-2.81991790316314	1.37542091435447	4.20554692655766	-0.282313128842873	0.355096608116218	0.462976802070361	0.876147268638881	0.45235964035964	0.872761989995129
PF16118.8	-1.81574549443729	-1.37746967075758	-2.06571726522105	0.734151409404753	4.13334015798832	-0.150372239829311	0.419333336400829	0.593230711803472	0.931283161015712	0.599657542457542	0.938159390702738
PF14471.9	-1.88372452754227	-1.44984212655091	-2.16102404128186	0.808629249867218	4.20636335552372	-0.165214242785689	0.423051302049111	0.580474680800093	0.930618778179008	0.602188211788212	0.935353925158364
PF00360.23	-2.36850065806151	-1.47828371400548	-2.8388672939301	1.39257924707755	4.20821092238909	-0.287975315670744	0.346435715798556	0.441923191799348	0.865216605521558	0.433616783216783	0.866760714726998
PF18823.4	-1.86125117015815	-1.42554500046837	-2.1863053644876	0.507726140895832	4.45163617431892	-0.104455618649045	0.447035311774745	0.620178219201554	0.952197991738117	0.660710489510489	0.968660620450652
PF20169.1	-2.42802037874426	-1.02810084739111	-3.20925421186228	2.20094785579426	4.39399757747953	-0.443518087577065	0.276000010379501	0.323236518574751	0.770735824432113	0.303736263736264	0.76229962881173
PF07819.16	-1.55356646135433	-1.34141965690201	-1.66690403095815	0.564069251241978	4.12434561803825	-0.110237579838053	0.450366424239179	0.660550677480145	0.945083305788707	0.679712687312687	0.957760653833266
PF04546.16	-2.37364524611809	-1.56248956417912	-2.83563660692948	1.36654025938144	4.17963754918587	-0.272501971641216	0.365333338711092	0.484431359922109	0.865714715410794	0.468325674325674	0.871504526428148
PF05034.16	-1.49168749996374	-1.43245588067377	-1.52853767657242	0.146782354812387	4.03135700062466	-0.0313578739906549	0.486666667160845	0.712118713301771	0.964871551077958	0.729265134865135	0.96974025533006
PF07476.14	-1.62299503929077	-1.55471729453764	-1.67041976731113	0.24118700640159	3.89176009691817	-0.050513384340139	0.471019321528573	0.699684596428188	0.974636466045593	0.733135664335664	0.974166664727203
PF08443.14	-2.34272304598482	-1.6106842056936	-2.79520921045871	1.19417747400351	4.44474160404318	-0.225588473423555	0.3777481726974	0.490820122877923	0.882968940585382	0.507800599400599	0.894100387588088
PF10670.12	-2.30342784852764	-1.41080739884967	-2.87983222125596	1.45816646501932	4.2437857886523	-0.292202242639702	0.339333339969129	0.455745856953669	0.873199355620149	0.450064735264735	0.870215581427428
PF08542.14	-2.34934346073481	-1.37222935101906	-2.86743699520363	1.4154679527966	4.20241830673414	-0.291699204268191	0.344000006400862	0.43607261790756	0.855769032300127	0.426204995004995	0.854826074271373
PF18458.4	-2.38898084979759	-1.51280928602316	-2.85440691094295	1.3071125888944	4.21438100798935	-0.257504430093764	0.368000005255151	0.469237470885398	0.878573840714165	0.477497702297702	0.883542751478867
PF16203.8	-2.3750735252011	-1.50319052262459	-2.93346128614044	1.30325889375169	4.27351170501981	-0.261676304899628	0.360000005626285	0.465278361331978	0.886567774774978	0.461336663336663	0.886237762452336
PF01837.19	-2.33011724778291	-1.44763712246889	-2.79644533382379	1.46755704143377	4.06402422618604	-0.306247010374679	0.344437048342602	0.446590613757672	0.850199180161257	0.452922677322677	0.85849028836181
PF03320.16	-2.0982616241886	-1.47339161109444	-2.48646239461754	1.13130072908114	4.04487620318097	-0.260997754505512	0.374000004983114	0.509542092344824	0.904049177210068	0.52445954045954	0.907340595199324
PF11750.11	-2.34197677507133	-1.56588184682261	-2.78841886360217	1.32531034867935	4.21994881595551	-0.284005712999896	0.362666672168125	0.482721493360811	0.888933440015999	0.484572627372627	0.891292152821299
PF06439.14	-2.02806712164642	-1.44370198190899	-2.36874397753309	1.09966198697074	4.12913001657354	-0.220739678119611	0.382411730120278	0.518856247395943	0.891410350129311	0.53250949050949	0.897847023737311
PF05547.14	-1.43803305271667	-1.01875807898258	-1.68955997628564	0.790661680655819	4.14219041993188	-0.170286494119758	0.413057964675142	0.591525977246605	0.946478524727675	0.608527072927073	0.952001814211226
PF02778.17	-2.3107036557059	-1.44208664656694	-2.81762182374471	1.33797434873882	4.38662368421221	-0.26268024027471	0.371752170300835	0.46886045959995	0.893812580788723	0.497820979020979	0.905725373640507
PF01974.20	-2.31384543734871	-1.48661272800397	-2.83494931950125	1.15278805272392	4.49929831854309	-0.209332460720772	0.382000004628139	0.525896193056915	0.911977338784898	0.521441358641359	0.917302081291562
PF01364.21	0.292845794871278	0.245418146945318	0.319414384461569	-0.127055809326881	2.68182095048054	0.0346327037691088	0.482666667309414	0.69526028193829	0.99291667929801	0.731393406593407	0.967487242323224
PF13976.9	-1.43657474048485	-1.40286076130729	-1.44865275309564	0.0320791914545691	4.24115443630189	-0.00655131663148813	0.497333333432102	0.716827419521301	0.976541977686788	0.768477122877123	0.972998076907093
PF07727.17	-2.31255730925772	-1.40159592516817	-2.79463899921904	1.44118217841347	4.21024111906327	-0.286981007936995	0.355762830602743	0.452387474530253	0.857341287381397	0.456356043956044	0.862032772978904
PF18327.4	-2.36065699421932	-1.55113081154344	-2.82467440591167	1.2905963209098	4.12248618873317	-0.265662447889921	0.360000005626285	0.468216266818046	0.883340504313873	0.466872727272727	0.883091499097229
PF14850.9	-2.34808763266848	-1.4650585113054	-2.8525626795339	1.44512066567007	4.06026196504226	-0.317048608311222	0.343333339767493	0.43303344848473	0.852905762197769	0.433653946053946	0.85042458423851
PF09674.13	-1.7708820383148	-1.41177762476824	-1.9340156748598	0.565040790668906	3.88429470534795	-0.115160107074477	0.441705531832793	0.634879121251146	0.952649822631315	0.639915284715285	0.95366464953824
PF04734.16	-1.98709676928692	-0.380833884179562	-2.84162459560942	2.40746760677723	4.15821492115923	-0.5166437366854	0.261825461095393	0.25172639817543	0.718338675113024	0.237866933066933	0.709844968651115
PF12094.11	-2.31728137415781	-1.45523391639208	-2.77926102954908	1.48407610584946	4.02097258138578	-0.318927012873265	0.339333339969129	0.441201284256008	0.864019474008094	0.434739260739261	0.862575790588942
PF12401.11	-2.32777607080586	-1.45436038066802	-2.77477828261192	1.33873131934147	4.17916539825101	-0.275516551686489	0.356429053089343	0.478490689829879	0.872108730268176	0.467802997002997	0.867964402458657
PF06259.15	-2.33272400507037	-1.47157783525004	-2.86776266551051	1.34186748976995	4.23800517525999	-0.284874385381272	0.364666672075246	0.470181599880097	0.880583578477541	0.474013586413586	0.890584897266564
PF03548.18	-1.86575984396711	-1.41446079252343	-2.12318620388627	0.721087820146387	4.09547531796187	-0.144104055842633	0.416389077132241	0.59265235816314	0.9234868023	0.597869330669331	0.929870872909639
PF02676.17	-2.32929830996406	-1.58345792293426	-2.726790672679	1.24367000785148	4.11259882473605	-0.254656065586243	0.368666671891333	0.492446864419161	0.891765858559967	0.492113086913087	0.891181143199738
PF10094.12	-2.33029150839904	-1.50138521613344	-2.81617504132446	1.37647615776142	4.16177479803823	-0.285678470487499	0.355762830602743	0.461479341327984	0.852301227170967	0.456996203796204	0.85363163926908
PF17999.4	-2.03340484601732	-1.4746142030213	-2.40016041747884	0.843585205146151	4.36851644568354	-0.168351564610569	0.411725519692567	0.56780602615944	0.924279877971387	0.587483716283716	0.937842364557513
PF01218.21	-2.30154360648907	-1.43023482767558	-2.8404217962405	1.48302025675866	4.09411717741878	-0.313512171599335	0.340666673234893	0.414060999828058	0.85827534072991	0.419887312687313	0.855487690785405
PF06181.14	-2.37687595755198	-1.60460579525834	-2.7733893550057	1.29117936791329	4.05891197508344	-0.258744406925762	0.358666672355798	0.47414476017531	0.872767729959366	0.470095904095904	0.879828919776845
PF06078.14	-2.36863306930439	-1.5956351343361	-2.91049168790089	1.33029674917355	4.33023991811832	-0.261256747771603	0.360426388010507	0.467683742157752	0.882430516088208	0.473050949050949	0.888874168326755
PF05985.14	-0.77014647487475	-0.0969773345382086	-1.12636683453997	1.09194147327662	3.37586419908595	-0.246391243691479	0.344666673034318	0.460756390552765	0.895471227462497	0.448565434565435	0.889720115024454
PF01710.19	-1.03838293118873	-0.922137066782924	-1.12472681552311	0.211626050705336	3.9415512578008	-0.0550769197311014	0.472351766515455	0.698507389470713	0.972038981780008	0.730135064935065	0.980046879004139
PF18950.3	-2.25851577199679	-1.3840922812623	-2.79445572268198	1.48137360779828	4.24262379576153	-0.296460763337652	0.339773490948412	0.443397684098825	0.855699325659761	0.439033366633367	0.857916949710716
PF08433.13	-1.60732405398229	-0.975999398265089	-2.06562312600181	0.978706697853256	4.31980986976954	-0.197061264559063	0.402398404819022	0.541477356666452	0.936124019692977	0.568977822177822	0.952696698942503
PF13613.9	-2.35032578299366	-1.56218568444443	-2.85274141752096	1.44333129747064	4.24739803775752	-0.288155149361563	0.351333339373498	0.471882150531171	0.881760665457805	0.479028171828172	0.887693819396074
PF13359.9	-2.35588919165327	-1.51105326863819	-2.92543959038677	1.44437580547867	4.35317354738944	-0.276661845210964	0.344437048342602	0.458505028522361	0.863379441609154	0.448177022977023	0.863413686022815
PF02870.18	-1.18187446903812	-1.41774251913455	-1.05433128375449	-0.394266457859621	3.69957980169204	0.077146790689191	0.455696204183309	0.703566592747544	0.982143606656014	0.690465934065934	0.935610747950419
PF19448.2	-1.97051010707981	-0.972906794420211	-2.50449760389165	1.61772444724617	4.05373457727062	-0.335485412737315	0.335333340174044	0.419000020868141	0.863233140521535	0.410096703296703	0.866013201908904
PF05154.19	0.0803266792809056	-1.63069366281504	1.02806076585502	-2.69358871434809	3.6013904585597	0.669111414662877	0.202531662600285	0.141496934218349	0.799427734877838	0.0930293706293706	0.46863736953817
PF09862.12	-2.36275842029572	-1.50546325153149	-2.84195871723429	1.4087265211638	4.23558376208626	-0.290552124384747	0.346666672935199	0.450844365225011	0.85856688265109	0.45587012987013	0.861617974405444
PF14620.9	-2.35381208630647	-1.52499510503583	-2.77334578860402	1.4088244062513	4.1551654853515	-0.286727896180726	0.349766828226818	0.455682478237326	0.874220948838624	0.448382417582418	0.870783244331178
PF19773.2	-1.32503736207174	-0.906810918275177	-1.59112279472878	0.673789213568136	4.1589959354421	-0.137205887404828	0.431333335925431	0.618205795708031	0.949479801932534	0.632732467532467	0.956664130685407
PF14353.9	-2.26548572474048	-1.40684100197172	-2.79230313212928	1.15629992828102	4.68367762282006	-0.206268957295006	0.390666670919393	0.548799079977771	0.919542960876465	0.557607192807193	0.928931648769987
PF13605.9	-1.66955386422953	-1.46257338353445	-1.79657719672147	0.507099641947	4.12740900439015	-0.100294184899466	0.442000002177447	0.652659442552538	0.948530523463593	0.673128871128871	0.954668818658147
PF13571.9	-2.2560387038386	-1.46112357173983	-2.80259869040623	1.2438335613454	4.21595123637113	-0.246633122147984	0.367754835372621	0.479543334042861	0.88562777738994	0.489217582417582	0.895030426567745
PF13148.9	-0.856858938671011	-1.42543432266904	-0.52949322412331	-0.571127810347233	4.10529143595046	0.110312475793694	0.435709529399944	0.667562525055772	0.988945143962105	0.594933866133866	0.941368389989782
PF07994.15	2.90771359998003	3.07500670878634	2.81829966580052	0.426739372633208	2.19606192071776	-0.159524620092744	0.42438374703289	0.589541610274714	0.993836271560652	0.697866933066933	0.996402028507909
PF01658.20	2.90657138771046	3.09445691376099	2.8156138276699	0.354955113891048	2.17118145121355	-0.148148541791897	0.429333336003963	0.55702752642537	0.986211177687529	0.670378821178821	0.990729162596803
PF19898.2	-2.03705076412568	-1.48729878838197	-2.29463378802448	0.772206701275399	4.27146931901746	-0.152538460688229	0.419053967098574	0.597018536497578	0.928108798789453	0.605241158841159	0.939383436982205
PF14294.9	2.47334997781826	2.36101277722153	2.51960577856448	-0.170231949703405	1.85021887114955	0.070221927520751	0.454666668359595	0.603954456702683	0.998705945759978	0.703134865134865	0.986167617535961
PF00022.22	3.66062231942824	4.58827691869801	3.14054513109475	1.65781163187268	1.54626813717733	-1.03042455066439	0.105263196650173	0.0125216906081524	0.30129453610029	0.0146461538461538	0.284164798288968
PF03738.17	-1.61679168666845	-1.58311482404657	-1.63673949926477	0.109135800088616	3.95561931103478	-0.0258619363114888	0.483677548905506	0.7121838678357	0.956307747494792	0.724556243756244	0.964846115536961
PF04610.17	-2.39495381118635	-1.45917407551123	-2.91885367019301	1.36330079552285	4.22131125228227	-0.287894009635615	0.348434383255266	0.451049066334077	0.851456683960879	0.44539020979021	0.856695655264808
PF09411.13	-1.09170738347047	-1.42899905150327	-0.909292070382441	-0.35637928631151	4.13182118200822	0.075477634360537	0.459693539142167	0.70331736685	0.988194688654602	0.649870929070929	0.943621036279827
PF19451.2	-2.34722460514689	-1.48565813595692	-2.79379400005074	1.41999556145207	4.06964346493945	-0.287462756698154	0.356429053089343	0.458816880486587	0.871143309605449	0.452357242757243	0.874066783716256
PF14394.9	-2.34697916276028	-1.43427636642326	-2.83045354275433	1.42400341715925	4.17482722339371	-0.280686547530126	0.362000005532558	0.465390656740152	0.864803102127456	0.467046953046953	0.867294375727901
PF02366.21	-0.0912306278633341	-1.47010664278652	0.5025511054647	-1.78372419297969	3.44690557008919	0.45754083184987	0.264666677863006	0.269074494971034	0.901277017538769	0.215338661338661	0.645513409086883
PF13480.10	-1.68189065911787	-1.50908072193475	-1.77836048861888	0.498317841156924	4.01292358680191	-0.102649652789618	0.449033979253343	0.665666181751237	0.948080259198307	0.678242557442557	0.952219506765181
PF02709.17	-1.12949664848363	-1.46252071892823	-0.903473160133541	-0.428700526076697	4.07294408765209	0.0878869758605617	0.454363759197163	0.702019361707159	0.989502222337042	0.647754245754246	0.942592143040925
PF01472.23	-1.54586684174765	-1.51264497264914	-1.5832646530348	-0.0153625864797107	4.48000923592303	0.00302216044958547	0.497668221272125	0.75290043371417	0.982701350745207	0.753848551448551	0.972066723873977
PF09620.13	-2.22687331398445	-1.52718368476348	-2.66478325857772	1.14117696530256	4.29208975685687	-0.237624198855353	0.376666671530504	0.499608291943724	0.88317296377183	0.503534465534465	0.884488577170317
PF10101.12	-2.03643962382096	-1.53435545628954	-2.31903597110262	0.73900860328471	4.2069301088623	-0.158804304048276	0.413057964675142	0.568436220936077	0.928903341378499	0.5850001998002	0.93692318623311
PF03695.16	-2.28806187546972	-1.41374315837875	-2.78858839555473	1.3634327545941	4.01748826201543	-0.297705094422189	0.34133333986791	0.439958906658105	0.859546431472025	0.44626013986014	0.864082600432072
PF07143.14	-2.34385285834127	-1.51799536946819	-2.82422600364909	1.4115407572438	4.09993514065227	-0.285980534819257	0.356429053089343	0.462773411209	0.863385850153052	0.456217782217782	0.866085373702975
PF17186.7	-2.3199548384235	-1.50129610601457	-2.781070238323	1.24257750778884	4.26674650895177	-0.248706149885554	0.367333338619035	0.466786652552675	0.866169972305373	0.471679120879121	0.864200496312112
PF14126.9	-0.381315321729274	-1.49692574861353	0.426297473193196	-1.80634733461645	3.97866901063332	0.39650117759807	0.297333342315177	0.405857979498874	0.940714765311412	0.283155644355644	0.780942602387219
PF18939.3	-0.735909774926304	-1.44718951480305	-0.409964782864293	-0.848409564745856	3.50544634901873	0.207487817028461	0.395333337387533	0.53583771849957	0.973656014505235	0.496796403596404	0.883412543665439
PF14100.9	-2.15310136676948	-0.886214831347727	-2.79290895194793	1.95505517648568	4.12859083241428	-0.419775877027317	0.29180547234046	0.356458230797379	0.795128463008774	0.316867132867133	0.786333622862995
PF13621.9	-2.35981076690174	-1.57358233676762	-2.80028119119036	1.24511376715923	4.2179631468252	-0.249868661474988	0.371333338436713	0.485343981197337	0.876646994587681	0.49835044955045	0.888794040968037
PF18964.3	-2.37853176087786	-1.40281735670042	-2.88661534498583	1.35514437403845	4.30380024485491	-0.285184228436229	0.355096608116218	0.457426110415907	0.867307911004632	0.454117482517483	0.875664699852007
PF16976.8	-1.13412662047416	-0.960356916928013	-1.21386470052765	0.353165804145824	3.85342795008876	-0.0747271839129263	0.460666668132528	0.687894014827588	0.9656263566447	0.722825174825175	0.968832228296252
PF13428.9	-0.94437442287412	-0.957625528149776	-0.938942545947207	0.146770888821014	3.74808076672316	-0.0316741600226764	0.480346436437592	0.738486572196971	0.97812814863972	0.757010589410589	0.975425538761308
PF01914.20	-2.05180178421928	-1.55141110873997	-2.39339324317528	1.12195892488564	4.20805827764706	-0.221648740797751	0.387333337729382	0.523807104407378	0.908324277806877	0.54151048951049	0.914568455326295
PF20216.1	-2.0084316330338	-0.934849303196643	-2.55035949001015	1.71892462323758	4.25552102151663	-0.334858465469416	0.325782818793355	0.415957103205692	0.858662499893073	0.405099300699301	0.863252982597776
PF14710.9	-2.34863905083506	-1.44590363831683	-2.85141004164985	1.33717809495803	4.16793148860916	-0.280780141102662	0.342438380887421	0.427897074114017	0.849858493900801	0.436730869130869	0.859783075340102
PF11687.11	-2.03469374998047	-1.3619314954561	-2.43569031267691	1.01693844831497	4.20972621108387	-0.201392262614628	0.395333337387533	0.53009869451738	0.912203898162191	0.537582017982018	0.915718265023481
PF13516.9	-2.02951257351737	-1.51360714578705	-2.36575793787593	0.556738053815766	4.85332078676363	-0.094389398211752	0.458361094155813	0.687924102266022	0.979430913753848	0.69856023976024	0.984669358217484
PF06338.14	-2.29285651937886	-1.35306044976447	-2.79683976197736	1.37686220600858	4.19310582406634	-0.287738777494939	0.344000006400862	0.445397173515939	0.855737636430282	0.441562037962038	0.85905111499016
PF14581.9	-1.69958802060568	-1.50890465451299	-1.84725469027491	0.0270747066897341	4.72027390034817	-0.00448330870482002	0.496666666790129	0.731940897308809	0.982118767910333	0.758166233766234	0.975735961446984
PF07784.14	-2.10044604981277	-1.46044696151141	-2.47994879437841	1.00838069969616	4.140662199204	-0.203777246231316	0.396666670664582	0.524686616727411	0.901087056853335	0.536952247752248	0.905724056081967
PF14502.9	-1.71735500844866	-1.41898747519436	-1.89453023107716	0.479578142119664	4.34023993332683	-0.0884709850082982	0.450366424239179	0.643709628167563	0.966736926142541	0.69015024975025	0.98061430978803
PF14503.9	-1.85060042205995	-1.67858503432824	-1.95876043010073	0.217876504221016	4.41058980339391	-0.0340367253844569	0.477681546463399	0.700197527060414	0.970234919202876	0.750704895104895	0.978367492937897
PF10797.12	-1.43654156887602	-0.795579935748039	-1.87351646844762	0.934749875781054	4.27362687454088	-0.177867085125843	0.40933333680553	0.544105220738932	0.952290675163969	0.579338261738262	0.966908866040949
PF10941.11	-2.1469456220231	-1.36343149021686	-2.57037034879417	1.24838990547456	4.24610298204157	-0.236315695316963	0.363757500446794	0.506400999596421	0.889517249730603	0.505072127872128	0.897174259144399
PF10110.12	-1.78468413021286	-1.48228717187637	-1.93481488484518	0.363787846075218	4.44467825209972	-0.0694863399494787	0.469686876541738	0.677105531965325	0.970376807200745	0.725556843156843	0.978522068055596
PF04304.16	-2.16475045514652	-1.42267383097229	-2.55948598658442	1.18743642561797	4.14684744087798	-0.23715968992943	0.369087280348433	0.528204636305277	0.904628370560448	0.51712007992008	0.905249795280259
PF03899.18	-2.33315920650567	-1.4217195984609	-2.89602268570779	1.49419226929762	4.16212587212889	-0.298563425281137	0.347333339568994	0.456638508990476	0.870776223154914	0.450348451548452	0.864919184222153
PF18143.4	-2.09122226056838	-1.53312805563946	-2.40003947989025	0.919074499635658	4.04920437237112	-0.188645775339516	0.398401069875784	0.543781816902503	0.901967273815461	0.555680719280719	0.904059881073909
PF10882.11	-1.85215338145165	-1.44384805613611	-2.08148809774557	0.75830621382797	4.10335180683281	-0.163026848041798	0.406395739763836	0.592367281565905	0.938310866399941	0.608220979020979	0.947147825559082
PF11074.11	-2.28748120802204	-1.52898612176687	-2.78868426617118	1.10019576884298	4.38959900642783	-0.223363783344691	0.387333337729382	0.523597173847755	0.896169256422351	0.541016183816184	0.912451042781526
PF00274.22	1.43488604869045	2.78583963771618	0.801014036669264	1.73212300894837	3.09296660315373	-0.457785477853199	0.288000009572812	0.307394885581886	0.869748503330716	0.225395404595405	0.876368799015327
PF14505.9	-1.78048621589972	-1.4524474377798	-2.01141638026493	0.461736154323302	4.37438907271793	-0.0890926309366808	0.454363759197163	0.655095228908605	0.958106347579573	0.676686513486513	0.970867023577846
PF06612.14	-2.37109565891107	-1.50234694041073	-2.90801030086689	1.42733536010971	4.27795416144892	-0.287569663000812	0.363757500446794	0.457782108995907	0.87720945659044	0.462029170829171	0.87911638371459
PF03083.19	-2.3185974421063	-1.43823558092362	-2.86467811654699	1.44558525316491	4.21754731138939	-0.297621997866082	0.353097940657105	0.452599267408015	0.87674723872208	0.451912887112887	0.882718864294337
PF06998.14	-1.65164323342674	-0.490784768389593	-2.36158554128243	1.5940845079624	4.1023227414848	-0.334109224747539	0.325116596310885	0.376348895910032	0.845509760496553	0.382058741258741	0.870572099509726
PF13406.9	-2.29713588251023	-1.50085725309762	-2.78189784822972	1.45773482092733	4.06080078678756	-0.314794425939749	0.355333339180877	0.436655870306801	0.853055620283711	0.445891308691309	0.846606627891023
PF04406.17	-2.37834088736904	-1.53876650630612	-2.84659435386452	1.36842343432156	4.10184754940611	-0.292703350473371	0.352431718170889	0.45908497345824	0.863911264444729	0.462655344655345	0.863245067670636
PF04454.15	-2.36236501374771	-1.52753279374673	-2.81447527986832	1.37459293191844	4.2328833902877	-0.282905622564715	0.353333339276837	0.469616771496296	0.87285110499233	0.456581818181818	0.872858906260051
PF03971.17	-2.15565337138236	-1.43329394891092	-2.50805616086828	1.17087523054063	4.06327300627154	-0.239800328275218	0.381333337990732	0.504730705884907	0.900997616332224	0.507443356643357	0.898845331850403
PF05974.15	-2.38239313342218	-1.45312472909895	-2.86973465724386	1.37025081880378	4.13682828079071	-0.267885820823105	0.358427720549594	0.459837474392566	0.876253178375923	0.46914045954046	0.883153925689713
PF05869.14	-2.36213649619546	-1.50671479579894	-2.85340334698521	1.42211609147541	4.06124724392482	-0.298159290771463	0.350000006105005	0.468330602828452	0.887187260491065	0.464901098901099	0.88225845460095
PF13532.9	-2.34801978236462	-1.49224239678398	-2.79793380870193	1.48995596227413	4.23368702936608	-0.277796581675339	0.351099273198694	0.465643467862353	0.87842414493656	0.463450549450549	0.882883567145565
PF19649.2	-2.39909155934154	-1.50398870436145	-2.89789161436015	1.36337440381292	4.19126316848967	-0.292416959928316	0.352666672642312	0.446098234440914	0.867251113467732	0.438443956043956	0.864871388530778
PF12727.10	-1.89072866323024	-1.5678203481323	-2.05474470259066	0.619126364893863	4.20274552228792	-0.12894278451776	0.426382414508798	0.649141824863652	0.951277310333061	0.656209390609391	0.950057938999837
PF14508.9	1.66302827925745	0.655329891256526	2.58207706244154	-2.00878080950564	2.35396026370496	0.759835325446709	0.183877434535728	0.080701735498262	0.740170778411379	0.0556931068931069	0.376558196905908
PF10566.12	1.63828785490298	0.573865688924132	2.56292826204219	-1.9442626362143	2.34281390268595	0.745414253106513	0.169333355100261	0.0763260936947412	0.730401236395447	0.0510961038961039	0.364762794598953
PF00891.21	-2.12754944472607	-1.51697611167099	-2.48550963605316	0.956484765594199	4.32508817119881	-0.175262674243366	0.40133333713572	0.548411721466116	0.932291367653947	0.58331028971029	0.943846916964007
PF07586.14	-2.37555271884935	-1.46089798033994	-2.87306552489377	1.40173334893026	4.21433700861933	-0.285106532784724	0.347101938284043	0.472699575964469	0.87980487155991	0.456168631368631	0.876101467986504
PF17152.7	-2.3565990506152	-1.57345261079914	-2.83226900299822	1.33176839633637	4.27635785676535	-0.271117570264159	0.360000005626285	0.455163082742781	0.871033344621633	0.461669130869131	0.873355122148502
PF01020.20	-2.18707313675077	-1.04919725365229	-2.90916807869433	1.94108851774716	4.28612092915115	-0.405444658579508	0.298000008940754	0.362173134544487	0.816507631731567	0.349383816183816	0.822998831535208
PF10771.12	-0.34306029906141	-0.504811789145145	-0.263749601539227	-0.127397528752665	3.93874468713283	0.0320625389953853	0.4840000005932	0.760132487879295	0.991459281531832	0.728867532467532	0.980821562429899
PF00995.26	-2.31477681695711	-1.48589695259858	-2.79555746938987	1.34987675155073	4.25271714091044	-0.272487352132153	0.356429053089343	0.444638231954843	0.853723532458588	0.450678521478521	0.864241618205396
PF00429.22	-2.35779892970601	-1.56893280517741	-2.76886915984417	1.3187335147332	4.14747197493788	-0.275724733468444	0.365333338711092	0.477809790477116	0.883687939937897	0.476061138861139	0.887488444766425
PF09360.13	-2.31248247717119	-1.55959360834586	-2.7173216855373	1.19123387926284	4.24761904169551	-0.245852914866352	0.378000004804562	0.476870749285204	0.885828218729643	0.488353246753247	0.896050964390277
PF00129.21	1.94515635147573	2.96602334114057	1.262463013474	1.79858010598817	1.8173588739774	-0.922547063922001	0.151898759163447	0.0607566767589671	0.476510069130788	0.0496503496503497	0.448209765649286
PF07654.18	2.63787283033043	4.04496713458029	1.97410425014054	2.10725019181235	1.36643523409345	-1.44452304428271	0.0519654405236369	0.00617478863056407	0.193547242838765	0.0060995004995005	0.181691329207789
PF00969.22	-2.32821728231376	-1.46511630405638	-2.8305437518676	1.37439868750294	4.14729981238077	-0.273143157085767	0.352431718170889	0.472985717676553	0.878986592951939	0.467347852147852	0.884410819065748
PF20050.2	-1.66620175550504	-1.57876784250897	-1.69687454118444	0.303449650886222	4.11413484376853	-0.0613392721999252	0.466355764074866	0.698190415642299	0.971505888170409	0.727374625374625	0.973432203538132
PF17792.4	-2.40017535969965	-1.54450121612612	-2.82656791412886	1.36879039288069	4.24185298499382	-0.284980071485542	0.346000006301487	0.477901106267001	0.87928416736721	0.474556243756244	0.884681629160895
PF16350.8	-2.32704598116541	-0.934384442150595	-3.10412428854863	2.24265958268422	4.10659219635704	-0.492405767333013	0.275816132963409	0.282295707112209	0.743377112033513	0.289607192807193	0.742133077333298
PF12245.11	0.342067834564707	-1.54855928663285	1.64782053194513	-3.04931576840077	3.60602623655465	0.773010211197949	0.164000022691599	0.103488618907598	0.745911735666842	0.0580451548451549	0.380044374284554
PF05861.15	-2.27914217679651	-1.42292392232193	-2.76548441267316	1.38272453228471	4.07615210657331	-0.283702870109106	0.344666673034318	0.44347800235751	0.870038700387364	0.440654145854146	0.865690106627129
PF14529.9	-2.34254759896446	-1.51139577653396	-2.80961965361219	1.50541813379466	4.19556368310676	-0.295958468701326	0.344666673034318	0.4662694237668	0.876936567305233	0.451728271728272	0.872983214218963
PF14267.9	-1.53922169522998	-1.06865780903325	-1.84805301430588	1.00588887704863	4.29899086315896	-0.191556041266034	0.395333337387533	0.528747872238343	0.919028349351168	0.560608191808192	0.925713922332093
PF14130.9	-1.86286512711613	-0.736433178335683	-2.55499961827635	1.81010368016988	4.11048040090724	-0.384766640208806	0.311333341481063	0.379524722347582	0.817077660166618	0.364158241758242	0.818352228676563
PF17127.7	-0.867750019319449	-0.677443970492901	-0.987781978010943	0.236897254258328	4.10275534356084	-0.0466468469841212	0.475016656489348	0.704293764414276	0.974105140120509	0.736276123876124	0.98293096617787
PF20283.1	-1.6653702737724	0.169592308214243	-2.7384250583207	2.69676473200577	3.95743623744717	-0.633977578348419	0.211192554338625	0.17572789869904	0.633600432082875	0.142041958041958	0.609809257398697
PF06941.15	-2.04885718328382	-1.48810552087035	-2.4238971531087	1.02946149564579	4.20041470522262	-0.211572506190613	0.389073955014824	0.543204961753775	0.912050097731993	0.554718081918082	0.922746753983221
PF14518.9	-2.33230498904191	-1.46319309310961	-2.83879739115222	1.33805253128904	3.970899452843	-0.289613700555207	0.350666672739211	0.437560346136595	0.856130315366915	0.444417982017982	0.860065194124858
PF07721.17	-2.12647448849689	-1.47978894222661	-2.48950684565522	0.983562863139798	4.1966243045171	-0.188866440396297	0.399333337219243	0.540678949615885	0.916473937939403	0.549033366633367	0.914860864769989
PF19278.2	-1.95103099095384	-0.888769575122649	-2.51757018752405	1.53091148704434	4.32219838569019	-0.304998744914106	0.339107268463884	0.425604377998043	0.852061039275796	0.419030569430569	0.866682299776092
PF11862.11	-2.3913228618124	-1.52988532553785	-2.81863085117294	1.27400754170214	4.29671055412196	-0.244313667508554	0.363091277959396	0.483339997941659	0.876232803537699	0.473565234765235	0.873842430438824
PF09407.13	-2.23818809334662	-1.47291041144409	-2.71864625902365	1.21548025636372	4.16450017521303	-0.249328139372019	0.372666671709787	0.491066247085318	0.87923181828597	0.496376423576424	0.888082053858286
PF20217.1	-1.47805586020406	-0.874250777880035	-1.76571138201977	0.849213749262079	3.76531507065572	-0.203975511013305	0.391738844974114	0.562952770825708	0.929950231641792	0.547365834165834	0.938002311889745
PF07463.14	-1.51498799973732	-1.45622958430393	-1.56040417211633	0.341625350797496	4.03622370506412	-0.0754669264094601	0.458666668208064	0.685965483537343	0.959232550466862	0.711046953046953	0.962122448690991
PF18643.4	-0.534107574952966	-1.5154968846223	-0.0726253740863667	-1.31353792282153	3.74493632257795	0.293165918791249	0.333777488590993	0.433880337422192	0.958893360768723	0.371104495504495	0.811125339937647
PF16480.8	-0.270884131619128	-1.44173979111022	0.331471239153659	-1.82601199344308	3.8350395661474	0.404309189373835	0.297333342315177	0.335896074657109	0.929069483869472	0.25513966033966	0.727881261925541
PF06189.15	-1.92186643643514	-1.46744620748941	-2.2279865489462	0.628591474796012	4.15356142147943	-0.124707956349068	0.424666669521598	0.599853665060117	0.934667407246399	0.630795604395604	0.946723935286038
PF15652.9	-2.06367392408245	-1.53675393184033	-2.36999714882733	0.827358249159821	4.38279048130302	-0.169129852008464	0.418000003120978	0.57425106667764	0.933562823987876	0.614541058941059	0.943603293102641
PF15616.9	-2.40074765778001	-1.55393840321686	-2.84537544113469	1.37844621710945	4.3227943656779	-0.272938399186303	0.361092610497623	0.484493602805261	0.873600378471063	0.485922877122877	0.881172200437103
PF14208.9	-1.28271657335113	-1.5093244476828	-1.16887526961336	-0.215145463397127	3.89070514416557	0.044990494967013	0.47368421150238	0.725473922531254	0.986569145603052	0.693615984015984	0.958466752948387
PF20187.1	-1.06483774009745	-0.997649280795486	-1.11672147365914	0.211683496971364	3.83706813241354	-0.0432927852572815	0.476000000890941	0.685639357399721	0.974128029475286	0.735197202797203	0.977625716108946
PF14081.9	-1.90280323550679	-1.49432797836881	-2.1255684541386	0.786155157262682	4.0378327745777	-0.163777797473531	0.415333336561705	0.602750669281716	0.935499338816435	0.606998201798202	0.934112065154744
PF14022.9	-1.75330549909347	-0.875840947999349	-2.30509568334096	1.22086204776438	4.11944666101701	-0.253178174340163	0.360426388010507	0.467300271201456	0.880102620532701	0.468543856143856	0.893651448827191
PF18903.3	-2.35900202256619	-1.57767848568469	-2.89180476503415	1.44029079909536	4.18698653097343	-0.296823510027168	0.351099273198694	0.445736015112143	0.862789489966943	0.448082717282717	0.865965482811847
PF13708.9	-2.14866616968978	-1.38509103787647	-2.63328402007376	1.14791433839868	4.28325912379176	-0.241373180349735	0.373084615277418	0.503478321044565	0.906348436459129	0.522678521478521	0.916762627419822
PF14207.9	-1.92802885401036	-1.55725460834426	-2.16730975590124	0.735247213033366	4.11386396617734	-0.153703253718892	0.416389077132241	0.61679539506537	0.931899626277571	0.623868931068931	0.936269311388822
PF09511.13	-0.829940793879847	-1.44924715850279	-0.452757385940812	-0.794383920020723	3.88553054801118	0.169549131724268	0.404000003691644	0.613374054326601	0.980261183015092	0.549552447552447	0.90882030492954
PF20563.1	-2.3333403605673	-1.4408856671276	-2.84160390858337	1.30797750773595	4.28622334016107	-0.259951055201532	0.359093943036492	0.475901085742347	0.874872139059582	0.454332867132867	0.869918817989495
PF17425.5	-0.26373193318307	-0.812458860179564	0.0615404460812634	-1.18731125560475	4.44182553064216	0.240700624417417	0.392405067464063	0.52965867676497	0.989433247680858	0.484056743256743	0.931063933476966
PF05935.14	-0.223140805548462	-0.760102404207501	0.0661853632971008	-1.04577553437709	4.44489982216717	0.211122820290993	0.389333337643233	0.538424508357237	0.986135672175449	0.479964035964036	0.92754478599789
PF18756.4	-1.87810424908266	-1.5183959554059	-2.12012882908265	0.646410115133016	4.36567604027845	-0.124993423481475	0.443037976818143	0.622418157905775	0.95266751534271	0.650586213786214	0.967611952067218
PF20282.1	-1.73932855545078	-1.63618046447236	-1.80192882885088	0.242744387316814	4.31162227613772	-0.0484149380141372	0.474000000965574	0.711638177748443	0.965983702128684	0.741295104895105	0.970091319966649
PF20288.1	-2.27877213380293	-1.54069984958181	-2.76969520708841	1.1267079221963	4.25758408221421	-0.219227946201923	0.385333337816007	0.487308694583036	0.893854212507968	0.506332067932068	0.901934538491215
PF14072.9	-2.09155216801251	-1.41343610784231	-2.45786301359472	1.05602451178817	4.09062312873846	-0.230103979115629	0.370419725324506	0.492435835726312	0.88399303401376	0.496463136863137	0.890291674044325
PF03691.17	-0.745403190984715	-1.43759728259056	-0.427000289110301	-0.983497052761466	3.29584077900528	0.240033092309374	0.370419725324506	0.452342175964345	0.954967966451108	0.451495704295704	0.828110426219201
PF14163.9	-2.13641038350705	-1.46245114416427	-2.52223771887396	1.06870172706758	4.0405947484729	-0.219861016429671	0.392000004195757	0.50094870793774	0.875294812457182	0.510101098901099	0.886134445791203
PF07538.14	-2.38353593276767	-1.61628767433554	-2.82564700296777	1.208295216885	4.37551261323065	-0.247236716822347	0.381333337990732	0.491918083708222	0.893799456837385	0.50712967032967	0.900868046941467
PF07158.14	-2.33460305272796	-1.48268440519724	-2.82625241991405	1.39224053011945	4.28900736399301	-0.275187877827894	0.367333338619035	0.473488266314743	0.88643124525896	0.463927272727273	0.884674775555911
PF14132.9	-1.7520516829219	-1.51116323156548	-1.88248293290056	0.534460174658546	3.88661676595366	-0.111899255079834	0.432000002565979	0.655949604651008	0.95573761003245	0.651797802197802	0.956253672963604
PF19822.2	-2.33662983352351	-1.40148077645201	-2.86490274294588	1.64182493803148	4.23381831261685	-0.320571772708399	0.334000006909769	0.441626839415587	0.850315381546658	0.434673726273726	0.853357694914512
PF14137.9	-2.32471060032765	-1.55240913073642	-2.77200520442657	1.25988111111608	4.15908512011788	-0.245781792402618	0.368421057860494	0.48234160708605	0.882634601175842	0.489374625374625	0.884969669903979
PF20276.1	-2.29535185329349	-1.54623467956413	-2.72878553781614	1.27444182276849	4.30378185645407	-0.270277267720673	0.359760165523463	0.486453455716787	0.887680713238732	0.498045154845155	0.893498764546673
PF20289.1	-1.86464401925792	-1.53079642526729	-2.0592654568787	0.540392504322887	4.24573613186125	-0.107407720233459	0.439333335613819	0.657449429269475	0.951984839890974	0.67026013986014	0.960182418749359
PF20075.2	-0.953639941854805	-1.54619096102204	-0.598642132780808	-0.707095134828911	4.09069885197269	0.149642244548027	0.412391742183836	0.660713272566227	0.987929680253781	0.599526473526473	0.928675194670585
PF12684.10	-2.33531791996594	-1.55441745537154	-2.82392076302095	1.21830148190712	4.24177096851258	-0.268244666066383	0.36175883298481	0.492077164068289	0.889783833336919	0.489157242757243	0.890109520231621
PF20541.1	-1.35410437702482	-0.976190641029685	-1.63339027596799	0.618726161916014	4.15453735409353	-0.133797265772637	0.431333335925431	0.603917852223732	0.940483339104761	0.637647952047952	0.955902845010265
PF12532.11	-1.66192256311432	0.828327992455707	-3.09702740287192	3.79843578246157	3.54646432763962	-0.970023881324101	0.115922752842135	0.0700742508830814	0.417746762173397	0.0417158841158841	0.371400361092422
PF18812.4	-2.35207354179221	-0.943237498234858	-3.15692384910988	2.09370064148051	4.1232773594821	-0.446859747597545	0.288666676196259	0.309171218466509	0.780966743810051	0.289484515484515	0.766142049794422
PF08346.15	-2.41500418295601	-1.50907171120673	-2.87632524440902	1.39959287668833	4.16415179671174	-0.285765972680436	0.350000006105005	0.460935618097239	0.853454669564154	0.462425974025974	0.852199650798672
PF03959.16	-2.34888219760192	-1.45990941710111	-2.87062988266003	1.48979018070227	4.16132476894571	-0.297922219524177	0.347768160769613	0.462783133187581	0.874596760400773	0.456445954045954	0.888684166085278
PF16162.8	-2.06706379555073	-0.960877760841852	-2.71399095821121	1.60275860183404	4.15792959223935	-0.336081500676701	0.324450373828521	0.392338866395554	0.8392511729585	0.380280919080919	0.852047692723178
PF08942.13	-2.26641448210728	-1.53688985177494	-2.67253462459747	1.2203690407558	4.34482411194948	-0.249273323315199	0.367088612884815	0.490362769714201	0.88249301239022	0.506837162837163	0.892141140880275
PF19506.2	-2.30586097613873	-1.48867078565027	-2.84889534653346	1.43888869853367	4.17558040522355	-0.275176696699194	0.354000005911439	0.467927591883485	0.876126617918632	0.473916883116883	0.879497518140665
PF11155.11	-2.30123086467254	-0.758406354172276	-3.18386437610304	2.42475539669864	4.11575732390442	-0.506087472193377	0.246502344399073	0.27927936233562	0.735924079944761	0.25683956043956	0.721856604611219
PF18818.4	-1.77049478378933	-1.54477256219405	-1.91388359324097	0.442841819011487	4.1326092157555	-0.0969000100465227	0.450366424239179	0.648070248061304	0.95213867001432	0.676811588411588	0.959494235159687
PF17201.7	-2.18111390060818	-1.5024625576454	-2.60468745335941	1.16539212725051	4.07286025122179	-0.238116732942591	0.37508328274276	0.522245007635947	0.888627395379441	0.518107892107892	0.892654138608119
PF06763.14	-0.494475071120402	-0.996618048573964	-0.215941591703285	-0.59503976863156	4.28603200593354	0.112198170863884	0.437333335691362	0.681078229150155	0.993471084693744	0.614467532467532	0.962180175863096
PF10109.12	-0.934738245981213	-1.48926413835507	-0.597409542872626	-0.834726660240918	3.90386413606265	0.175283598010924	0.415333336561705	0.598823960655533	0.986725541275032	0.545600799200799	0.924984018783856
PF01246.23	-2.21151459828627	-0.366225993561658	-3.20663046132005	2.67385815298045	4.01480614984335	-0.583235600912681	0.244503677013663	0.21724460174761	0.663459708159974	0.193103696303696	0.64210784694746
PF01007.23	-2.31730329521984	-1.40303325711921	-2.83707609913985	1.41409083337267	4.16721300859139	-0.295310129448743	0.343333339767493	0.431656922786373	0.860973482210404	0.423705094905095	0.865531713988135
PF14292.9	1.57055473223412	0.959478764725818	1.95142532076367	-0.934752405224687	3.52339364881967	0.207585567469114	0.362000005532558	0.636575355020028	0.998665614215716	0.40647992007992	0.943451504985924
PF16411.8	0.796069453457267	-0.964519036957369	2.10310824210999	-3.2606994386534	4.04090265160835	0.714409195626515	0.183877434535728	0.103107837668631	0.784323808295972	0.0599704295704296	0.434821433529046
PF15780.8	-2.32913485703716	-1.47783617186326	-2.81256958213921	1.37863904965069	4.35460064938383	-0.25510296604474	0.367333338619035	0.462453873467504	0.883452482089146	0.452366433566434	0.889400531618262
PF13084.9	-0.975060254665573	-1.33920059779969	-0.770560785589191	-0.570973031421777	3.99965227170236	0.119730375070458	0.436666669050594	0.666583114708932	0.986714549963193	0.631237962037962	0.935828074530741
PF19509.2	-1.96485281366044	-1.47291110777687	-2.29337546539901	0.71742686998682	4.40126039289519	-0.133394233431299	0.428666669363533	0.607422761274603	0.945482575777456	0.633555644355644	0.957888799750696
PF08989.13	-1.67425699962051	-1.48862853440002	-1.77425423721258	0.378289810768559	4.10069179433841	-0.0805406588022483	0.460359761635369	0.686285212827162	0.953280396294108	0.701451348651349	0.956879883627613
PF14300.9	-2.1035141803736	-1.43053305541255	-2.50851179592368	1.0506511822128	4.22409383655849	-0.209956256251394	0.389333337643233	0.530153624864024	0.902579547434216	0.535582017982018	0.909583083281081
PF06713.14	-2.38899592855213	-1.49995999914835	-2.88549955605624	1.42643728021627	4.2577420530018	-0.284923486493861	0.349100605741001	0.451182934068779	0.858909523682188	0.449762237762238	0.862118979565545
PF14125.9	-1.65306370366333	-1.45160516094399	-1.75980328220963	0.382360274013425	4.02617911202644	-0.0864216287461131	0.451032646732127	0.651867111295847	0.950455392012468	0.669943656343656	0.957009597803001
PF19652.2	-1.84359828667466	-1.45553990774201	-2.08204798926421	0.57508070838778	4.13533773472288	-0.128956634529119	0.435043306907536	0.625169236135698	0.946658697163241	0.653234365634366	0.963486824584154
PF07075.14	-1.72807405372096	-1.4958602001618	-1.91538217486806	0.336120925490723	4.34767075903044	-0.0753975087518871	0.460666668132528	0.684622432833731	0.96794504731762	0.717801398601399	0.976775656678014
PF03825.19	-0.456017756255033	-0.151161538383745	-0.608204306731166	0.332710355062075	3.67686868419332	-0.0667030975497898	0.458361094155813	0.694666963947539	0.966971294803487	0.702457142857143	0.971979053745838
PF06321.14	-2.44424929880704	-1.01681182574616	-3.18192142702364	2.27750781874522	4.44336312100514	-0.433765577751587	0.293804139769162	0.342518709516035	0.791612507742832	0.326722077922078	0.784543359745468
PF14684.9	2.45140741605409	2.46848104085138	2.44346035113916	-0.166979509176838	1.62675257792204	0.0758857912628502	0.462000001415584	0.563706555278535	0.997180404563611	0.69356963036963	0.977133492501372
PF14685.9	0.719958942923044	-0.0784086970937574	1.03002468850157	-1.39285521140402	2.9318438463335	0.419082275103456	0.295333342439321	0.24561259935973	0.935172315961545	0.264798001998002	0.758962697327025
PF05117.15	-1.62396200311102	-1.45104631523308	-1.71855679956984	0.274450764198497	4.07763577785678	-0.0494104803763879	0.477681546463399	0.70339208269175	0.96577891194486	0.722613786213786	0.97033062479912
PF14900.9	1.29524147225554	1.9219544632809	0.975757394163358	1.28543702517153	3.48483006207397	-0.295358737344253	0.338000006703729	0.352173974642542	0.922157853698215	0.411323076923077	0.949005608412935
PF13201.9	1.04989911846469	0.830437138653848	1.1023174566204	-0.247164873430578	3.39384640322146	0.058717154759002	0.469333334473424	0.702098582241558	0.999337534258535	0.741253146853147	0.994853478284882
PF05258.15	-2.35344796796732	-1.56191450004167	-2.8317514724493	1.26914823899264	4.28590933005558	-0.243622466616424	0.361333338897062	0.500472759574002	0.885109344864043	0.489209190809191	0.885532676348046
PF14052.9	-0.424645833215136	-0.799630904519287	-0.241692870919041	-0.458713010663139	3.66230564488575	0.0921583492431848	0.449700201746251	0.66872497943773	0.993974283012982	0.65404035964036	0.960795842144444
PF16217.8	-1.34103487689372	-1.51187010846175	-1.22926997213064	-0.201696925851705	4.15848250948303	0.042623320099009	0.484666667235102	0.763968269255344	0.989738887553084	0.742526273726274	0.96792701887765
PF13584.9	0.453728197473385	-0.797507155355817	0.862500395378777	-1.63388200669883	3.35224965169392	0.392010668464863	0.292000009315869	0.292135948762793	0.942636693133579	0.262747252747253	0.746838961722814
PF11644.11	-1.67742183959798	-1.44193792148645	-1.81517504306625	0.418381259788051	4.13411618279437	-0.094537997590603	0.454363759197163	0.640834945317596	0.944620191240996	0.653251948051948	0.954996743572233
PF16585.8	-1.63990993679774	-1.40443163940078	-1.77798020334731	0.388463947355917	4.00573694514893	-0.0805331955063191	0.454666668359595	0.679882764904059	0.960066736792752	0.690035164835165	0.960245233043203
PF19755.2	0.00928070230062517	-0.0523132306460381	0.0542066536826358	-0.184822730440328	3.10997348760427	0.0556989706556533	0.467333334548396	0.707510808406329	0.99036568121635	0.683942857142857	0.965970390827038
PF19573.2	-0.725971177112503	-0.926221672880379	-0.61914123551409	-0.226140047590706	3.76110126424991	0.048692146243872	0.474666667607353	0.713723848169396	0.991828859423525	0.706701298701299	0.951944562018328
PF12864.10	-2.36157632921657	-1.49170984459356	-2.87698378709196	1.53412894854736	4.38433704941553	-0.30797117450322	0.344437048342602	0.460028668446273	0.869104812741141	0.463462537462537	0.883245358790111
PF16115.8	-0.315610303961344	-0.422096347585975	-0.255615382214612	-0.0703378737527425	3.31893674136109	0.0153368342680526	0.490666667012466	0.739861505608528	0.993813225517499	0.723564835164835	0.970859636239659
PF17116.8	-1.14693729451666	-1.50228383972448	-0.935624291249557	-0.299264955901164	3.86545099530915	0.0638208999659923	0.464666667981876	0.710838713518098	0.986612546584636	0.682426373626374	0.943439445164246
PF18174.4	-0.659581124636818	-0.977880961852677	-0.509272844219054	-0.346350467899831	3.51793262999393	0.0766294948387672	0.452365091718084	0.685327251072426	0.988442298224121	0.649775024975025	0.938934534906489
PF18175.4	-0.683245912930861	-1.02256793897886	-0.520933608836551	-0.363070213226178	3.42518241334585	0.0873512821030808	0.452000001794314	0.68503021963445	0.990162708278114	0.647023376623377	0.940707212657056
PF06293.17	-2.35884530823844	-1.46420207405327	-2.83193865032377	1.50788229696164	4.15598141952872	-0.321029464417551	0.347768160769613	0.441337175195735	0.857346055367373	0.436264135864136	0.86165397515153
PF09640.13	-1.30846783974986	-1.40019479685044	-1.23250818102851	-0.180868994927105	4.12003869129874	0.0382313666571509	0.474350433995858	0.739006043797229	0.984111658033219	0.700610989010989	0.956574428687908
PF18347.4	-0.226510595659536	0.320414348477237	-0.895584615613171	1.12117899177476	3.75742247051352	-0.240457360024279	0.349100605741001	0.408239320237544	0.894203980788228	0.458911488511488	0.931458661291544
PF04087.17	-0.91348059741201	-0.970233742013487	-0.883652175310243	-0.0924060732250114	3.50580221526094	0.0248190669740854	0.485676216386335	0.746397220642057	0.981076790603635	0.733800599400599	0.952877544426306
PF14902.9	-1.39002665715048	-0.974686156286453	-1.59603496894715	0.631796629587432	3.57155250260014	-0.147260157768152	0.416389077132241	0.601271081004553	0.93415485276026	0.597510489510489	0.928992429226781
PF14109.9	-2.38574929790619	-1.43466832668154	-2.94288363958052	1.58141394252479	4.32697320388541	-0.307412858591931	0.345769493313153	0.419405316128018	0.84667147398289	0.422505894105894	0.856419450951969
PF11325.11	-0.205106814854235	-0.301452081635663	-0.161392153387497	-0.259443571554224	3.69970351399023	0.0553721183669832	0.466000001265109	0.698179084718571	0.991865213439915	0.689053746253746	0.961927320482968
PF14092.9	-0.474800113197168	-0.915111108687357	-0.226429755761438	-0.755120419700558	3.92160160639874	0.16842997670063	0.412000003363445	0.630774955704804	0.9859611417946	0.557270729270729	0.933097487343602
PF16352.8	-0.795750997398471	-1.0647017852678	-0.591278823064314	-0.374636609909673	4.16428924974652	0.0723442949155761	0.46369087410161	0.739222714095312	0.990442938771138	0.693098901098901	0.965632044174506
PF11810.11	0.195455560837451	0.487387563869175	0.00583964357744549	0.420524039024219	3.7067410264172	-0.089898377066396	0.442371754325456	0.661565242067504	0.973305573435355	0.670044355644356	0.977025673515096
PF07959.15	-1.35929009426103	-1.46066139843003	-1.29752861066	-0.0441947907870954	4.00898673327497	0.00988430640542069	0.495333333506188	0.769728801700097	0.981727225648604	0.739320679320679	0.961468202196147
PF02253.18	-1.61395145263297	-1.43126121265539	-1.72430262103626	0.318951916802408	4.02738321120601	-0.0713499692125149	0.459333334849536	0.683295146692314	0.966105516180203	0.711706693306693	0.971354866021248
PF03724.19	0.308832253588684	-0.839913324402958	1.29150278741199	-2.05236123541623	4.05911923628292	0.41910647954822	0.289333342819867	0.33199123824042	0.940891866460536	0.211152047952048	0.746827343369321
PF17145.7	-1.2192190768219	-1.38819630517114	-1.12321313659121	0.00422758421052372	3.95396995236748	-3.71947225106033e-05	0.5	0.751932375034249	0.980160508972386	0.729038161838162	0.955860603768546
PF19572.2	-0.816363834688226	-0.911007008582662	-0.754639625801653	0.0500371508159363	3.74172783174511	-0.0115719348113185	0.494000000222254	0.739784763663401	0.982884034692058	0.764893106893107	0.971612256618581
PF19515.2	-1.79458696333176	-1.51905618773221	-1.95068024822632	0.549576968348065	4.23866525044838	-0.11559185121121	0.441039309340154	0.632930823537103	0.946932437376515	0.663122477522478	0.958484021787842
PF08885.14	-1.69131458118196	-1.53992369811149	-1.76890443930638	0.410254627470237	4.15984130370743	-0.0758462540207569	0.455333335000962	0.679878413095456	0.960012461129665	0.687433766233766	0.961837835267946
PF16266.8	-0.942342625691622	-0.884606732201905	-0.968883058411556	0.0965614531599686	3.69611613266042	-0.0235114124735461	0.489007328854492	0.754443996104485	0.970241684110322	0.763731468531469	0.975314264983868
PF14129.9	-0.835912101899123	-0.168692105203188	-1.22670264931034	1.1313535319483	4.03873526806112	-0.239463935234219	0.363333338803763	0.50253051672145	0.91670319715446	0.49217022977023	0.92044440401122
PF18348.4	-1.79332320403522	-1.51517030522233	-1.95356198468731	0.439304123105388	4.24943215830026	-0.0786067628429257	0.455333335000962	0.665575908732368	0.960542239078703	0.689138461538461	0.967749320702086
PF16109.8	-1.1682688560136	-1.47121856562809	-1.00803321815894	-0.224038337542548	3.87700548656342	0.0446923675609002	0.473017989008912	0.717286850232586	0.988174709939857	0.693804595404595	0.94593452940426
PF13562.9	-0.786111179340434	-1.5162858196797	-0.427315099722088	-1.09265395140018	3.783521269062	0.2550944253452	0.36933333852758	0.493606847996552	0.957869713953276	0.453042957042957	0.84040697571186
PF07313.15	-0.988722673197371	-0.999044990881236	-0.987275416435559	0.0282814669686715	3.78438119676501	-0.0096146710816947	0.496000000148157	0.743762978639844	0.980878387308151	0.76959040959041	0.968477112506948
PF04301.16	-1.20638146418988	-1.42304877175573	-1.0839140101278	-0.111125510541353	4.05601965184154	0.0233258946242405	0.486000000518925	0.752767695879682	0.984097433135772	0.708364035964036	0.963395675143115
PF06123.15	-1.34322863330873	-1.48325663725781	-1.18159830616319	-0.358833949200736	4.49726539603602	0.073846084974851	0.464357096594903	0.760059696262226	0.9901880806554	0.708867932067932	0.958243462483673
PF13404.9	-1.39019549340773	-1.45943674317951	-1.34333702601943	-0.338962843912344	4.23501472323441	0.0664350117347436	0.462000001415584	0.745559258272193	0.988416152177678	0.699717882117882	0.958203756668143
PF07659.14	-0.00545019470794106	-0.0961220531670346	0.0564623945621037	0.160380011206038	4.52458950236532	-0.0313836719726712	0.48301132641191	0.739573865644782	0.988073455357623	0.800555044955045	0.995070010677546
PF11777.11	-1.40475773623248	-0.926682325908414	-1.65169260047326	0.855915193582041	3.72442646742024	-0.187069264266961	0.39333333747232	0.559360493003392	0.926443143271008	0.54985014985015	0.931101492242939
PF15869.8	-2.39077584896609	-1.53821189270165	-2.84808408087053	1.31472398170914	4.2579727064229	-0.252700575207481	0.362000005532558	0.484940247298794	0.877906833421596	0.478101098901099	0.879708295432036
PF19762.2	-1.7389389407587	-1.42737120128387	-1.92091091477993	0.557670459760361	4.3536986301352	-0.116528807023398	0.443333335459407	0.638879027823407	0.950065612260282	0.653341858141858	0.957834027862339
PF14114.9	-2.07955523683305	-1.65143086651394	-2.36559042041773	0.711069127051264	4.41102471473676	-0.13616836707259	0.429713526969265	0.59751478462178	0.943205206556412	0.621745454545454	0.945062216772911
PF09851.12	-1.38029299710595	-1.37963266704141	-1.38030245123159	0.296904945836514	3.77374258875234	-0.0617454021908078	0.465689541581532	0.716175261532292	0.966009164507571	0.741807792207792	0.970398601613096
PF03922.17	-2.3321171662845	-1.48008241976254	-2.73902528344753	1.31284451410398	4.15749865303053	-0.264446561819245	0.35443038562977	0.485088795424851	0.874867307470833	0.481762637362637	0.869086679559305
PF01329.22	-2.21498059955924	-1.44281901113127	-2.64663091757937	1.35022210758983	4.18766725070292	-0.285337989873112	0.356429053089343	0.476306531819529	0.882942679830972	0.480187012987013	0.887206035651894
PF16841.8	-2.36100659517649	-1.46278606840678	-2.88180678836646	1.48434021036927	4.2576024626631	-0.288523074982908	0.344437048342602	0.463529114251129	0.869030826305876	0.453229170829171	0.877753882199693
PF14898.9	-1.92710086391279	-1.55047024710458	-2.13001289095745	0.606995671185525	4.16877681355219	-0.116206740053948	0.435333335769139	0.623588456747016	0.944631355940595	0.647986013986014	0.953015869018147
PF03349.19	0.429584969255577	-0.0963160662790328	0.658455459120382	-1.25204542886361	3.36831380899596	0.329823430844315	0.342438380887421	0.331997759723841	0.964107976825355	0.377912887112887	0.85818504309531
PF19910.2	-1.87672518210635	-0.94920826241783	-2.37618957391672	1.37400517251799	4.43793882841096	-0.271661247384	0.356429053089343	0.472015667658663	0.886267555651825	0.475115684315684	0.895783904004035
PF16584.8	-1.62015432870045	-0.988788699253925	-2.05218626028603	1.10053170371004	4.14347239893491	-0.236617619397287	0.374000004983114	0.517244175109981	0.905996861957649	0.526312087912088	0.91160603224755
PF19368.2	-0.316747500791068	-1.48041344635834	0.773109784771473	-2.12068106019641	4.36222501072833	0.433872964574047	0.283810802639802	0.341615415268643	0.927511196300793	0.241266333666334	0.753502355765553
PF12954.10	-0.591512095037806	-0.73858326077303	-0.519291602954831	-0.127116061464026	3.38630034908823	0.0277778874057673	0.48434377139911	0.736085534170942	0.990158743263405	0.724638161838162	0.966923382831917
PF20329.1	-1.94917269533464	0.191626742785008	-3.14511171200812	3.27039658570554	3.8691026648895	-0.736794754433011	0.167221874195409	0.136520040972267	0.558805212864124	0.100837162837163	0.523399498340902
PF14054.9	-1.25270141302424	-1.34514212730248	-1.20335301091072	-0.272067418656364	4.05954855163242	0.057903787718285	0.466000001265109	0.730535309638247	0.986465619910107	0.72265014985015	0.950621656891037
PF12667.10	0.600521586271702	0.614374866518274	0.595438696413657	-0.152112509749945	3.48823941138013	0.0323955285560774	0.481333334025656	0.731552682664043	0.997116245329989	0.743165634365634	0.993300407595024
PF17415.5	0.857186169375804	0.691064363857802	0.943151247366415	-0.328251694780382	3.37496024350006	0.08486525055783	0.450000001870557	0.671516699386216	0.998011069924887	0.6850001998002	0.987315625338195
PF19886.2	-1.14278971928512	-0.360834073946254	-1.59358012370086	1.4465790347587	4.3591547034246	-0.274777175129439	0.359760165523463	0.444599896812773	0.893616912644045	0.464368031968032	0.901926324488896
PF10503.12	-0.958443796113759	-0.927841043661319	-0.965552732607426	0.167586895321169	3.93985821288514	-0.0414894342399909	0.474000000965574	0.698867294640715	0.972382108294174	0.744166633366633	0.976438995400079
PF13723.9	-2.38941275321279	-1.58167462741419	-2.84424275853913	1.29045562709891	4.27400613095624	-0.255736945442935	0.367754835372621	0.493539288640012	0.871498266917795	0.499381018981019	0.880290092099308
PF14717.9	-1.24380467621747	1.45817348820517	-2.79547709922255	4.21111629775311	3.35684725847347	-1.1676869895125	0.0746667236672528	0.0354344792763278	0.300300967849011	0.013607992007992	0.244352781447338
PF16820.8	-0.991438148427815	1.65877892582225	-2.34721351364177	3.6581934239013	4.72111560234613	-0.68187186103301	0.206528997239166	0.139889161830278	0.632869606366193	0.114973426573427	0.622802877994059
PF05096.15	-1.53140952021439	0.548464180660151	-2.92712765255732	3.28766657687886	3.68312320617016	-0.800629970883964	0.151333358470399	0.0949988106072797	0.488937421910802	0.0791896103896104	0.461681666222243
PF16120.8	-1.52269640441995	-1.03090763990813	-1.77023489418655	0.845481848502079	4.11818897805539	-0.173157873827144	0.398401069875784	0.59595208965675	0.941098674444161	0.581999200799201	0.943136461934318
PF09697.13	-0.46309090037098	-0.247273523473484	-0.560652366922042	0.4629287082501	3.58546751673806	-0.111474220537981	0.445036644296342	0.68167893834257	0.975572721497642	0.695146853146853	0.97526036639515
PF15892.8	-1.46499564177345	-1.28215397172392	-1.55651488720266	0.413850834471187	4.06072895412106	-0.0840305879522706	0.452000001794314	0.686976847848204	0.96032849431022	0.700269330669331	0.964064688906439
PF16464.8	-2.01973038221553	-1.42741243537204	-2.34023945778253	0.970785535300176	4.33237421770138	-0.178026217713916	0.406666670248255	0.573741763197281	0.928716170418919	0.580875524475524	0.93853837120233
PF16371.8	0.0636358685188609	0.428911093860989	-0.167563529496602	0.628421767016841	3.79070690174362	-0.148419939642816	0.407333336887512	0.575312133309286	0.962926344407688	0.581427372627373	0.963529569022609
PF16370.8	0.00269552535673778	0.380241916591818	-0.226279764470012	0.704723414066605	3.72033316933391	-0.161197866180482	0.403064627309717	0.587196173628126	0.955513622915308	0.590454745254745	0.957647317176657
PF16702.8	-1.25687806342017	-1.56727449607549	-1.07150977468486	-0.318583720973973	3.75998993913631	0.068728863368415	0.465333334623486	0.70822716279884	0.981592576632946	0.68318961038961	0.937394535297593
PF14093.9	-1.51689639165324	-1.50461156837324	-1.55374592476769	0.157261244270581	4.34313028781016	-0.028925082695093	0.482666667309414	0.712815348727334	0.966374393683939	0.759283916083916	0.976413679077862
PF11790.11	-0.932521871352811	-0.509783530527939	-1.15145064493541	0.62152244429558	3.80312263461626	-0.142614570017262	0.420000003040807	0.610683735865278	0.953733577215573	0.627915284715285	0.963135368364787
PF17162.7	-1.2903674560623	-1.51296732630422	-1.19396287414189	-0.166280514492308	4.18016022778912	0.0325651583444315	0.48101265893116	0.738098136808688	0.976176956520243	0.701966833166833	0.957135630613197
PF17148.7	-0.534365776909619	-0.890711949032513	-0.344831717034649	-0.416315181103469	3.978072313159	0.0909997253986412	0.447333335305835	0.717741906642998	0.994270952994868	0.66976023976024	0.966748592846074
PF16313.8	-0.631504824226393	-0.947806073099947	-0.433666377799103	-0.355750790823992	3.89630627574976	0.0833623341791664	0.453697536704118	0.71569256593904	0.992221298723099	0.673856143856144	0.95777531412969
PF04342.15	-1.88639097269775	-1.48620665111751	-2.11329845283248	0.703117145671452	4.10078198760905	-0.144458476887199	0.426382414508798	0.598019950585013	0.940284248991662	0.596034765234765	0.934483351537686
PF03253.17	-1.57008093178054	-1.44129672088679	-1.65104278648765	0.0696277384462887	4.21175462805741	-0.0147222368869266	0.492000000296372	0.70536229165173	0.969617339077655	0.732433166833167	0.974580293903435
PF13859.9	-2.1155617047125	-1.49855000546923	-2.52577310234429	0.992691738560229	4.19335195976836	-0.221163870493866	0.393737512444108	0.523136736238143	0.904546174387419	0.530558241758242	0.917060702064411
PF16227.8	-2.2329953527226	-1.42781115213519	-2.7691376302676	1.17642821894233	4.49442101740546	-0.230139311725269	0.387333337729382	0.506371761297999	0.907137386450385	0.530825174825175	0.92375010375235
PF12984.10	-1.34882790475861	-1.42972242257042	-1.30523644854672	-0.226683002051265	4.26936899884601	0.0426883023635322	0.48234510391832	0.762854852012224	0.986621860481639	0.74136023976024	0.964982019176349
PF19904.2	0.569184438590906	-0.0689392776872868	0.835047901356849	-0.898517738048566	2.47808881189594	0.313101211684112	0.332000007014083	0.348318812137853	0.953511106716491	0.362081918081918	0.792072207803628
PF14060.9	-0.590308759814896	-0.570262421130579	-0.609257619005217	0.282118017410366	3.90796990040645	-0.0610209377980936	0.47035309903515	0.700340233349425	0.976247733285464	0.743556443556444	0.981061262249089
PF16387.8	-1.68959160007626	-0.84763157006496	-2.10258194908748	1.32633685958574	4.18470958252619	-0.275297181513271	0.350433050712716	0.478546344260521	0.887609175019016	0.474423576423576	0.891245411815499
PF14511.9	-1.66539080452845	-0.521145032827834	-2.50335340100217	1.85678901134857	4.09871825536455	-0.363076626563839	0.314457036606336	0.351822145168891	0.819823945313869	0.349647952047952	0.836733499428643
PF14055.9	-1.35076599736026	-1.49739693377698	-1.29607493559507	0.045090408790192	3.9026085289698	-0.00989379838480213	0.495003331297425	0.760053487184666	0.982191411022352	0.738593006993007	0.969287130220563
PF04193.17	-2.2768026476104	-1.49393279701214	-2.79116557663748	1.20066857210711	4.44040419613303	-0.240866519891351	0.370666671800271	0.511340972074348	0.904927203700044	0.516033166833167	0.919553666665325
PF13712.9	-1.21431797774653	-0.848905833738958	-1.36669229611208	0.531303411651956	3.61633537275376	-0.11665949683508	0.436666669050594	0.654740589456331	0.956970847293202	0.638017582417582	0.954755342139717
PF09919.12	-2.27976862169108	-1.44601037348947	-2.84656757394888	1.41678309829492	4.22983699972965	-0.302423228744683	0.341772158402536	0.444270665775972	0.853240844590084	0.447434565434565	0.85265479066612
PF13944.9	-2.33627369412663	-1.51222531634628	-2.77043336922084	1.13140717758152	4.40034934812425	-0.215586446633324	0.380666671353383	0.51859207088804	0.899584996743527	0.523805394605395	0.907378030778859
PF13371.9	-1.02781355491947	-0.19515096018365	-1.55212370240977	1.16166315342616	4.00093419970817	-0.254375388771598	0.365333338711092	0.475879330551387	0.901424890587841	0.464323676323676	0.913809803861764
PF16361.8	2.99048270111588	3.8447737979635	2.53693071427112	1.44112117281787	2.52079744975927	-0.48551070035303	0.217188556354235	0.30556992773718	0.852439592174072	0.107492507492507	0.689344231594088
PF09087.14	-0.983504959553736	-0.0523215594987665	-1.59244684366732	1.5967234721338	3.65625594938157	-0.368295386990642	0.306666675085933	0.360589294954455	0.835943798981714	0.342904695304695	0.844708914390996
PF10438.12	-0.922478248634257	0.0172539574656136	-1.54957664595611	1.55824278311448	3.62456194194761	-0.389581837361312	0.302666675323749	0.334556315126575	0.808541778364937	0.325927272727273	0.807530974635458
PF18990.3	-2.04423049405286	-1.39441677051619	-2.43455415880509	1.05118785057838	4.2007573443449	-0.207449305523255	0.389073955014824	0.551579566507155	0.918046422903869	0.558125474525474	0.935054768328022
PF16270.8	-1.61304260134761	-0.480905868418247	-2.21030796372677	1.66062672981822	3.8693013358067	-0.351070948546946	0.314457036606336	0.386082054497264	0.823037569151112	0.36594965034965	0.816423109651778
PF17138.7	-1.53775421952708	-0.850907429288426	-1.88944724146486	1.27720932085166	4.57088244251349	-0.242369389835332	0.386409065056362	0.509157885844368	0.919714197990763	0.527005394605395	0.930705883592431
PF17141.7	-1.51841572647566	-0.910826871062648	-1.87270837469736	1.09852989669563	4.61673371495999	-0.214589612071253	0.386000004453745	0.530107219261244	0.920455280696992	0.551312687312687	0.935003295578988
PF14391.9	-1.4771523803496	-1.02292007501034	-1.82337791821124	0.887940349088456	4.09735253712177	-0.198026976278208	0.400399737347201	0.559400441490681	0.934751560161854	0.591875324675325	0.951043856669778
PF16269.8	-1.26882614395412	-1.42209022390957	-1.17820167617264	-0.265383912962661	4.16333451442478	0.0629249978897537	0.472351766515455	0.752884433866656	0.988565794431963	0.71687992007992	0.961829738238791
PF14587.9	-2.23753832923773	-1.09557880958777	-2.85433608907069	1.76463067809177	4.14219363520198	-0.369044767795365	0.312000008109442	0.37931117579531	0.82516378503437	0.377509290709291	0.834628416329298
PF11860.11	-1.25555416977816	-0.505408072315874	-1.69155728885218	1.12143371149992	3.87736957871422	-0.256732006412365	0.369087280348433	0.486103831047423	0.901217764787771	0.489625174825175	0.909910848743007
PF19808.2	-2.11757733033551	-1.01764166922769	-2.71266662536008	1.5694347563961	4.31828384734955	-0.311422983655712	0.341772158402536	0.408460197970982	0.866182966261051	0.403340659340659	0.866540526068127
PF06356.14	-2.29342030706578	-1.56111800689985	-2.71861581131552	1.19245289425802	4.2596823906269	-0.248013343611594	0.367088612884815	0.48605292639385	0.888956533912415	0.491474525474525	0.895881902270441
PF18763.4	-1.84172104753506	-1.43915789624433	-2.14542760531088	0.579922318726943	4.39005663096947	-0.117029360483867	0.442371754325456	0.626059292563642	0.948199313344356	0.666127072927073	0.967289309314625
PF11756.11	-2.33522591269298	-1.53504054188592	-2.79905286455397	1.26653064682022	4.38080717466758	-0.248158017412921	0.376000004893566	0.475862736828344	0.874359313730915	0.474098701298701	0.882247548275346
PF19556.2	-2.39761267425632	-1.45552652219604	-2.87569768681119	1.42806473643195	4.2467476162949	-0.289833279516901	0.357333339085605	0.466893528527114	0.873604778677964	0.467616783216783	0.868636980379364
PF05695.15	-2.25501173858665	-1.45107485279979	-2.77012500019419	1.16548439665846	4.24395934326432	-0.24140839771243	0.36933333852758	0.481112074721183	0.890897589381344	0.492221378621379	0.90397425695699
PF19775.2	-2.36839451485396	-1.45852225025816	-2.84602521042849	1.35013265185124	4.05785359998882	-0.293151403447821	0.357761498062769	0.433462344184689	0.873950921002208	0.432433966033966	0.868351393816234
PF02407.19	-1.98071266297374	-1.52024470931686	-2.23866686416455	0.92080381227464	4.19464135557877	-0.181728388010587	0.402000003774635	0.581617396937524	0.919187909356679	0.595367832167832	0.924773184751048
PF16192.8	-0.097693388170863	-1.56532817804622	0.548036902295152	-1.9578031776055	3.41234345049231	0.499932392831321	0.260000011550008	0.238342958544684	0.884659647909491	0.188725674325674	0.612851476332128
PF16285.8	-2.35514333632365	-1.52703890906069	-2.79859350571776	1.37066568028693	4.28064900132844	-0.278386503452235	0.352431718170889	0.477775902152457	0.878720582997276	0.481622777222777	0.881173958766492
PF16140.8	-2.112224344616	-1.48955378953661	-2.4176632663942	0.985124612880503	4.12239243577631	-0.194870544885673	0.39466667074908	0.542518789661638	0.910627847235804	0.532536263736264	0.911280279356196
PF20423.1	-2.36829572661504	-1.59958720928285	-2.85008042364709	1.2994170839427	4.36549425725887	-0.248085834762016	0.368666671891333	0.490308642015643	0.888612934073718	0.485238361638362	0.887316396574026
PF06315.14	-2.34736720437884	-1.4468823178109	-2.85515704889144	1.36895185594094	4.37217066777027	-0.286729038971027	0.357333339085605	0.474632122540437	0.872547930839106	0.473921278721279	0.880605491528213
PF16444.8	-1.06954290519134	-1.52037256654725	-0.589615598701386	-0.886244635067384	4.64507000838578	0.166870076534511	0.412666670003021	0.649014669440693	0.979993781323197	0.576754045954046	0.921129483693545
PF10386.12	-1.46901234970802	-1.55940751290867	-1.40355911791413	0.0710295656846416	4.12713261337527	-0.0130045985207819	0.495333333506188	0.749619850826081	0.972510860073145	0.748985814185814	0.956352009429843
PF17194.7	-1.91175356164761	-1.50947672264824	-2.20324870471533	0.592814235558889	4.46850611829133	-0.11682228683973	0.443037976818143	0.616092933900935	0.953434753438204	0.654586213786214	0.966658334246234
PF11459.11	-1.90931848380956	-1.44871628276238	-2.28310473541963	0.705382591341132	4.30047105447911	-0.138862149516536	0.431333335925431	0.580462136389798	0.935106766334564	0.609101698301698	0.955048415670646
PF17236.5	-2.27955191433345	-1.42754923741365	-2.7772021949349	1.27975593874647	4.32859452326395	-0.257689459588308	0.363757500446794	0.476368410427625	0.889206829362358	0.487215984015984	0.904425116991115
PF08973.13	-1.83740197515533	-1.50157068716578	-1.98558764318069	0.59163204413085	4.04532753250846	-0.126507643240263	0.433710861922799	0.61575578443602	0.939246825362084	0.624910689310689	0.942635507135668
PF18294.4	-1.11590272410416	-1.49385827045317	-0.805703212058791	-0.87717003015115	4.71750880453454	0.163308033243616	0.417333336481106	0.643670669556748	0.985204149052283	0.598337262737263	0.933519293538621
PF07714.20	-1.95992708802163	-1.46405436730337	-2.31023319572535	0.954269002392624	4.13341535470938	-0.190941825958273	0.402000003774635	0.530159345396856	0.917320410693212	0.547935664335664	0.918985980070826
PF19527.2	-1.51107487951778	-1.51565920370027	-1.51003560432646	-0.460514628481883	4.66777077169381	0.0904974338417449	0.460000001491024	0.743544586266421	0.991189167628029	0.69836043956044	0.96832711628147
PF16151.8	-1.0621591912308	-1.54093658931943	-0.447250577862325	-1.47725791580489	5.02379676829753	0.24700967061831	0.380000004716091	0.547840013468965	0.973885303328143	0.483738661338661	0.909023928485519
PF18979.3	-1.84565199195774	-1.49516075414629	-2.02949509002835	0.700906213342726	4.14161187528105	-0.151709336322612	0.425049969524827	0.60271193715602	0.93373550667929	0.628141458541459	0.942955472714614
PF11236.11	-2.12115319588667	-1.50608974477492	-2.48348410006615	0.979264491542092	4.08387648876648	-0.204756183325913	0.391738844974114	0.541720946346528	0.90833052786491	0.539655544455544	0.911837669533661
PF01697.30	-2.40999257628921	-1.6045625248268	-2.90101929726965	1.31173813026743	4.37799913414547	-0.268629544688433	0.361333338897062	0.476635328381818	0.891156307733877	0.484338461538461	0.8950740858093
PF15562.9	-2.23705486504501	-1.3877023892635	-2.72056172881797	1.21053478022748	4.34883914925958	-0.239666759500717	0.367754835372621	0.489139170656522	0.873514452091349	0.48536983016983	0.885653555979236
PF13858.9	-1.49711933743443	-1.50980734518228	-1.49224758402966	0.0611251336572574	3.96262251976934	-0.0163828453848232	0.49300466381642	0.715535130140178	0.972764152547722	0.736531868131868	0.966451631361481
PF16375.8	-1.06446786929421	-1.50001688213935	-0.629542267178335	-1.0284591771361	4.57856222905284	0.193352364376136	0.40933333680553	0.63012509866459	0.984361184763939	0.562042757242757	0.930115225098836
PF20620.1	-1.01498574575837	-1.41208800677906	-0.589059210949589	-0.816463263980417	4.51839509144003	0.160978312630526	0.419720189590245	0.663247440403542	0.984238527254877	0.58894025974026	0.941691500045818
PF02987.19	-2.29434640637136	-1.45143032690546	-2.76154561448152	1.37503726257871	4.26066545021184	-0.281787259604468	0.356000005815711	0.479760362295547	0.875256464842924	0.506916683316683	0.883249211750528
PF16272.8	-2.23003280658297	-1.5144259630003	-2.68460935820403	1.0670153858224	4.3288018438433	-0.223702574753585	0.392405067464063	0.548466392875443	0.920796166098513	0.562718081918082	0.932204169349631
PF16255.8	-1.99495743755045	-1.43390779738218	-2.32375818894633	0.801957088225949	4.36208732768606	-0.161542377436714	0.417721522115336	0.586248685651334	0.939462511098404	0.61206953046953	0.947048585949983
PF05430.14	-2.13897841427819	-1.51748093936614	-2.4460912993454	1.07564231411332	4.23454944434659	-0.20810245216199	0.396402402404781	0.521805315235537	0.910558412758916	0.545934065934066	0.904489453271547
PF16427.8	-1.64754610385808	-1.40505503491856	-1.8380340189338	0.455123043661231	4.10827090099247	-0.0999081284054092	0.448666668588154	0.657605383397203	0.957270669529868	0.688003196803197	0.973179633600815
PF07632.14	-1.24047805057095	-1.4356968829626	-1.08141515925606	-0.396451419248605	4.43123541807003	0.0710045297598902	0.457694871662661	0.721356552460333	0.990748510135526	0.665455744255744	0.958069900368683
PF16961.8	-1.85065476896638	-1.46858591406397	-2.0413698598022	0.583655810685737	4.26188821511052	-0.11534412916514	0.438666668972974	0.635148634321508	0.95118101675616	0.659768231768232	0.964029125754834
PF18620.4	-1.38230901102522	-1.48046816516217	-1.27503864369635	-1.05759346000524	5.22077923940575	0.192559404076305	0.42066666968082	0.582343675530663	0.980111599836628	0.599984815184815	0.948270786966003
PF19529.2	-1.31799129800907	-1.58133418119717	-1.16921245384438	-0.456246479513574	4.34168673147791	0.0925868646485578	0.449700201746251	0.700600024148013	0.988860187623544	0.670862337662338	0.948634886253121
PF06537.14	-1.88114800335404	-1.46353005499595	-2.16522123870391	0.456295717598826	4.39437693021584	-0.0893387833807609	0.454000001718247	0.637769769980977	0.962921353241935	0.684565034965035	0.977524900492393
PF19569.2	-2.04066406776929	-1.58888326056301	-2.36913231257686	0.789638462569632	4.25287730887946	-0.151600843814405	0.427714859492894	0.588543579883453	0.937648249081565	0.629185614385614	0.9524142082317
PF12812.10	-1.33473076423628	-1.50646362239192	-1.21059553402786	-0.469661665067458	4.29683789971726	0.101181961077833	0.455333335000962	0.711278223549433	0.989161135855676	0.683681918081918	0.955101454303329
PF19480.2	-2.21963954173197	-1.41942274475635	-2.70164488991213	1.17283538101506	4.51726963587054	-0.232560674187749	0.391072622484215	0.537578038586019	0.93119264557368	0.543601198801199	0.939853882142987
PF18120.4	-1.47437813556161	-1.41756335378406	-1.49821714811889	0.202582646118838	4.1048748951452	-0.0458134926403806	0.478666667458231	0.718061181078198	0.974915501486275	0.749969230769231	0.973980013341388
PF19512.2	-2.29304677302708	-1.45072512227795	-2.77824828930624	1.46232899933904	4.16311129946784	-0.316497620937322	0.337108601010849	0.464501707586601	0.865024213330491	0.452882317682318	0.863442840095006
PF18847.4	-2.18860683798875	-1.45828360990405	-2.70098368913359	1.25824983940828	4.24549647125864	-0.268875463127845	0.365333338711092	0.499443927607208	0.890000808778555	0.481891308691309	0.897449655340195
PF01166.21	-0.542512431889521	-0.664549997514991	-0.490424561531572	-0.0522015296761893	3.6093875702484	0.00763967265959471	0.495003331297425	0.743746364482261	0.992050602783217	0.746363236763237	0.97260621833418
PF04045.17	-0.405242904878631	1.06328786077396	-1.25252986072497	2.32225119498209	3.42471100462691	-0.592552233169315	0.216666682124016	0.198473142652414	0.682928885863604	0.14888951048951	0.650496842593144
PF06623.14	1.37070026968285	2.74896308068658	0.599032805884533	2.3751955984117	2.10728529037263	-1.04959463155834	0.0853333825251375	0.0161636793484186	0.307094910724698	0.0134609390609391	0.238024752344884
PF00241.23	2.38285703041557	3.54998186006065	1.62876464320307	2.05727433957147	1.54282642280479	-1.28353236873556	0.0406396825646335	0.0140219448699977	0.287199595750924	0.00443476523476524	0.153748700348919
PF04758.17	-0.029183328136611	1.31292250852663	-0.995078516253287	2.43194727986338	3.50245174613359	-0.62980535822187	0.192666684961406	0.117924022606432	0.605337018940216	0.112585414585415	0.623324172902373
PF12301.11	-2.3409657682273	-1.588778644088	-2.76860282698595	1.24278316648823	4.19803722409349	-0.268204333768152	0.364423722934262	0.459517566981963	0.875898685056698	0.459824575424575	0.876992233494645
PF03247.17	-2.13134779392528	-0.923828398927648	-2.79407802096491	1.95830569095979	4.16711568686302	-0.386445467737967	0.312000008109442	0.355104923151795	0.80654742637054	0.348098301698302	0.799729293837216
PF03732.20	-2.32112529429695	-1.47505886987209	-2.81061393169846	1.44991998777565	4.26888551665475	-0.294913936910593	0.356000005815711	0.46068740274054	0.874431445682218	0.460058741258741	0.882545717499261
PF00098.26	-2.29637575354194	-1.48722340471671	-2.75218552573442	1.26785670090711	4.31812848851917	-0.247919207568419	0.373084615277418	0.502759762481803	0.872737159221545	0.492446353646354	0.874216546930379
PF00307.34	-1.82357214457862	-0.972951075856093	-2.32975309255338	1.44609781212229	4.2167827285956	-0.300027115132077	0.343333339767493	0.438556464313339	0.855113633438847	0.449006593406593	0.861288623021437
PF03953.20	-0.285612193709479	1.06910174184525	-0.831303043570452	1.92402308058578	3.55069346914875	-0.464336053665616	0.272666677280535	0.321676750031896	0.829630034399934	0.2428	0.809316493833625
PF08284.14	-2.34631015940814	-1.50858711348969	-2.91088102416728	1.23626783486987	4.27468865114826	-0.232387452313878	0.363757500446794	0.48780340082669	0.870914284585651	0.489371428571429	0.878512888285791
PF13924.9	-2.37171286058846	-1.50127529567597	-2.8712356859082	1.3910461126321	4.3357010168863	-0.254041006076501	0.366666671982987	0.462586524294661	0.87365780417372	0.471159240759241	0.881605058666633
PF07596.14	-2.39764595526809	-1.57932653345946	-2.87994396110765	1.27073977184402	4.34088894584803	-0.252038592439683	0.367333338619035	0.485865129651522	0.884041582917673	0.498878321678322	0.88522630284564
PF20177.1	-1.60150432033253	-1.39880119801594	-1.71466928379207	0.466582473965727	3.96842165111299	-0.098220052023949	0.447333335305835	0.66742501688841	0.946095946635314	0.681027372627373	0.950091491410023
PF12385.11	-1.9836931252301	-1.48557047847899	-2.25572918494666	0.71754402530361	4.26661702511114	-0.15156664310828	0.425333336161842	0.606487394638919	0.946015332106055	0.614908291708292	0.952709644045761
PF03272.16	-0.627620190159454	0.395093063714532	-1.16453146069019	1.41192499495469	3.40894160413394	-0.342845379969062	0.30533334183134	0.402285971897338	0.848713202348758	0.333962437562438	0.82309252291442
PF14041.9	-2.31413559999035	-1.44719100305502	-2.75929584627238	1.31316580539618	4.14573052536108	-0.26827802338944	0.362666672168125	0.479237411593379	0.864784571588819	0.46609030969031	0.868128157747115
PF07723.16	-2.4373764619126	-0.976746509279218	-3.21383983060995	2.27122160600603	4.41211505285329	-0.458252715988234	0.285809470062779	0.298698419327135	0.767458856357554	0.286994205794206	0.757288149897874
PF05876.15	-0.965258363936645	-1.43741706009188	-0.602631799087747	-0.62791660808413	4.34672864122608	0.126460075390006	0.425333336161842	0.651980320081301	0.984805668257064	0.577887712287712	0.927522386850656
PF20454.1	-0.906221464791285	-1.41366452953292	-0.509394642877475	-0.661651540515829	4.17032462910614	0.133212450016838	0.428381081984987	0.665642105056898	0.987583501662142	0.583277122877123	0.936490259739548
PF03744.16	-2.25022089204483	-0.30858915063636	-3.22468693423494	2.99041555557959	4.12741073679363	-0.640932702159133	0.217333348720104	0.191608004162252	0.651264434742416	0.18068971028971	0.650038219991634
PF09950.12	-2.36190575282959	-0.965197611657117	-3.15504838113244	2.12589865758257	3.94101951225019	-0.458875187981036	0.262666678013274	0.298634176872375	0.754937014431772	0.290624975024975	0.750291145046589
PF09979.12	-2.36093159200862	-0.935802419317919	-3.12267908899579	2.14417139645866	4.07979928554259	-0.461224154553819	0.273817465548373	0.30468574830822	0.747473103858447	0.282483116883117	0.740370748344589
PF13785.9	-2.36245562672328	-1.00454740105745	-3.15583346326623	2.21872057144117	4.10634263582601	-0.469809373900884	0.288666676196259	0.308608602841429	0.773938005570524	0.294284115884116	0.769177052711657
PF05342.17	-1.89427971187582	-0.966721106457149	-2.44889024460038	1.45901885360682	4.17612200112878	-0.304697793877107	0.343333339767493	0.426479252192901	0.860796058110714	0.421621178821179	0.859485752385341
PF05008.18	-1.89053456964717	-1.36835540924018	-2.17409045259538	0.811387413233132	4.12588871044889	-0.172114969182588	0.40133333713572	0.554903075870286	0.922134851243905	0.566413986013986	0.929837582591233
PF18061.4	-2.39878714090518	-1.5243833937152	-2.83910292374934	1.35319091742465	4.300860252723	-0.276003298045924	0.368666671891333	0.483050334325574	0.879691905692325	0.476245354645355	0.885273560372931
PF18070.4	-2.36408866504886	-1.58371065601678	-2.79531590424663	1.33503632025155	4.29841739421206	-0.266899193262978	0.359093943036492	0.485196392360586	0.879325479854885	0.488015984015984	0.873241605408066
PF16813.8	-2.42145250929769	-1.56906482390626	-2.86831232565385	1.4231050949035	4.2547455869572	-0.272187985822001	0.358427720549594	0.464847388103951	0.869094630627197	0.45493986013986	0.867583941727409
PF17994.4	-1.92661100233199	-1.48755616094522	-2.16635113101655	0.74576367289619	4.05288582153956	-0.142551483038299	0.415056632149291	0.591663684973142	0.931102273993427	0.608033166833167	0.934721329700083
PF02210.27	-1.34093431650206	-1.02927897723146	-1.58813427332824	0.331771815721294	4.61440887182398	-0.0658081613140486	0.466000001265109	0.695255925340883	0.981290928106563	0.740960639360639	0.991132038984217
PF12654.10	-1.60786928468333	-0.481191910230381	-2.31753484199537	1.64294623118493	4.17565173816144	-0.331542950277601	0.339773490948412	0.397191280954854	0.859007044931167	0.403416983016983	0.881322085257816
PF10133.12	-2.41668809200349	-1.48704937274568	-2.88835667321273	1.42102100487988	4.29985357473426	-0.283611463250649	0.361333338897062	0.465342702225429	0.877324697029522	0.468986213786214	0.87793045755972
PF12788.10	-2.308785721105	-1.41463006338642	-2.8381160343338	1.47225721127454	4.37847737961552	-0.290116027533047	0.353333339276837	0.479016727883729	0.876363402212172	0.465997602397602	0.871101664827127
PF10050.12	-1.84047834673384	-1.51004068911718	-2.075377062528	0.652200644346271	4.17693100842164	-0.122505390414654	0.428000002723133	0.603747560667661	0.937642421640216	0.631988011988012	0.949835869440392
PF02958.23	-2.34766909969849	-1.45373585884191	-2.85567010230853	1.33393902278972	4.22901099039421	-0.264771099272898	0.354666672546119	0.447385790276275	0.863676210456043	0.44791968031968	0.870892961233327
PF14305.9	-2.18196268988246	-0.436045062168607	-3.18294317758421	2.66708327146089	4.02774529057056	-0.579974338916323	0.225849448209988	0.203957523771502	0.671514129928494	0.182116283716284	0.6606455774487
PF10706.12	-2.2248115418819	-0.45318609189742	-3.24353015145415	2.72706150621581	4.18802623243496	-0.584893341274196	0.235333346951534	0.214771797389921	0.691610857064499	0.197888911088911	0.678004086821095
PF02556.17	-2.03407320007616	-0.944736498352675	-2.73204809718743	1.67805469199132	4.23810178550516	-0.353227942798358	0.314000007995311	0.390382737566204	0.832455830779342	0.379664335664336	0.832953665789019
PF20572.1	-1.36625984001647	-1.49350586513966	-1.2854431079477	-0.0799865486733662	3.92594041469042	0.0182002334554678	0.490000000370519	0.755468547296277	0.983056196698815	0.739976823176823	0.966869769656048
PF08937.14	-2.31712229318002	-0.929184321325496	-3.11019347688987	2.14588380261997	4.13301640007745	-0.449769318230939	0.278481022852703	0.299033552917322	0.770378432320547	0.281793406593407	0.764984501161409
PF14411.9	-2.09260076423679	-1.4715409668948	-2.51844348500245	1.01959465133546	4.16759406775294	-0.205472747407441	0.384000004540694	0.513155504090585	0.899589212462747	0.52278001998002	0.913064984008217
PF14583.9	-2.14497993802812	-0.869476622891231	-2.77937560655571	1.83029238566613	4.10094820412786	-0.399698988456586	0.30246503197544	0.349091649223869	0.810353888372376	0.333962437562438	0.798654823299253
PF14335.9	-2.30450981156351	-1.39131345130381	-2.82748365675078	1.3220725614006	4.20605034246503	-0.265991269094468	0.352666672642312	0.477281668856552	0.862396237525236	0.468757242757243	0.860480660359249
PF20197.1	-2.03383482338762	-1.47977993164365	-2.37791045341219	0.909370927611858	3.99580225944166	-0.193324144724333	0.392000004195757	0.533815315636908	0.897807373446445	0.539784215784216	0.908146197561762
PF10633.12	-2.1846211245302	-1.43861877966966	-2.63124946275624	1.26365105815129	4.23794745847387	-0.269536298532109	0.355762830602743	0.476691751323955	0.874307395980183	0.467826573426573	0.87872054226204
PF11518.11	-1.49368163323978	-1.43220985107408	-1.57153099736581	-0.216869095274914	4.65798738049736	0.0351620184853455	0.48434377139911	0.789398331934279	0.993471415367059	0.754016783216783	0.977790527180584
PF20591.1	-2.11903500934575	-1.47589422263136	-2.4853533046527	1.14442588342266	4.04044013657809	-0.247602875777444	0.365089945421798	0.492814953029993	0.898885921144586	0.494356043956044	0.903917854627446
PF09505.13	-2.3271252524883	-1.56447450838267	-2.76915041650923	1.13468586723878	4.34556242976177	-0.230726500284248	0.37866667144168	0.522927428419883	0.906405910389842	0.521077322677323	0.910123730839768
PF11383.11	-2.37498004150055	-1.43997556689203	-2.87297820778564	1.36479861939762	4.01046673276731	-0.294426793780718	0.357333339085605	0.437247782609754	0.847943373347972	0.431661538461538	0.85204686264922
PF10488.12	-2.10523913623783	-1.51637507728784	-2.49025504187656	1.06019700207967	4.16335726349606	-0.214300643257358	0.382411730120278	0.50827781678125	0.910799461794157	0.524947852147852	0.914243949615232
PF01779.20	-1.8771579859285	-1.45258899832255	-2.11224114177238	0.648148410390676	4.02944826269309	-0.139459186896147	0.425049969524827	0.60870384771993	0.938418413335489	0.623260739260739	0.94500931934216
PF08869.14	-2.32224680793021	-1.50441054597214	-2.84035697139784	1.37851933710076	4.2219737693186	-0.295676543412376	0.362425055472068	0.4592715974666	0.879966032337448	0.464527072927073	0.884021474663742
PF08823.14	-2.3457904321592	-1.37553298488353	-2.81845964569514	1.51714278148747	4.09799354192043	-0.306756703687243	0.345769493313153	0.426501283620704	0.857647891315789	0.426989410589411	0.85967206828906
PF20181.1	-2.38054704438058	-0.98431970418528	-3.11998741963139	2.12119125832702	4.21944091760762	-0.452396389357643	0.277814800380107	0.335920450805263	0.779706145427205	0.314813586413586	0.76956874761966
PF13619.9	-2.12945822916287	-1.47103029380253	-2.52596170300454	0.995230435159431	4.20853546217031	-0.196014656648594	0.391738844974114	0.523378672658044	0.905361418244768	0.529100899100899	0.909447391053059
PF13398.9	-2.35675842282863	-1.62198252783125	-2.8173015462042	1.08854930949554	4.55840347507005	-0.217428490346953	0.390000004281288	0.523860604558602	0.906608669479494	0.532115884115884	0.914130974871179
PF13910.9	-2.12463107450454	-1.51284379315375	-2.5256577369463	1.01199271896599	4.10068747058703	-0.202420896160867	0.384666671178323	0.531425104241521	0.914297774343165	0.537172827172827	0.909760591052452
PF19880.2	-0.598688477854896	-1.41835662501106	-0.0422003868486378	-1.10912136431811	3.95021597205671	0.241806948961572	0.366666671982987	0.546163204432497	0.973483625026789	0.450909090909091	0.866862614533598
PF04655.17	-1.43170945308952	-1.46081349956676	-1.41825704003585	0.101110797652247	4.1890735175383	-0.0181266379143429	0.488666667086636	0.725623183037843	0.981217895925876	0.764442757242757	0.970715798778359
PF14470.9	-1.42103147809305	-1.42963644849135	-1.41973836164876	0.161806775552118	3.92502120893279	-0.0301711696009616	0.485333333877011	0.741104610591833	0.96442993210179	0.740226973026973	0.953512007840921
PF11114.11	-2.32494977663817	-1.45420078383576	-2.80508305476113	1.4522533086073	3.99807467041574	-0.302480424699966	0.344666673034318	0.466759552554398	0.873114467107703	0.461388211788212	0.875071720337722
PF00652.25	-1.99946676362342	-1.42488809757231	-2.33570988775415	0.964030729163541	4.11395507560032	-0.1924238153489	0.383744175098753	0.533538473516257	0.897945511621115	0.542880719280719	0.906876334493218
PF08909.14	-1.66593732825646	-0.952698166472539	-2.07089182597696	1.09672788867206	3.98697103971253	-0.232417430315356	0.368421057860494	0.499495294818841	0.896310923429236	0.495823776223776	0.904889943162612
PF00165.26	-1.20315766391792	-1.48612798626694	-1.05254239296442	-0.197019147784393	3.69675214047386	0.0461106741632005	0.476349101476354	0.683608107693167	0.988233573515755	0.685887312687313	0.948756023892474
PF08950.13	-1.68904871532732	-1.52185134756259	-1.82885107881827	0.339117493411668	4.33547911497873	-0.0639709071443937	0.459693539142167	0.663648042711746	0.958624567944171	0.702244555444555	0.968109625053532
PF14436.9	-1.21550242369183	-1.4553172461263	-1.06864048291206	-0.318456744883726	4.06757469648982	0.0663346009156898	0.46369087410161	0.717088784932043	0.986087259798671	0.683010589410589	0.947721796382732
PF13637.9	0.0191444108554597	-0.959954361662281	0.389643779567639	-1.34771486567613	2.72276321279255	0.421391542738366	0.284477025113961	0.271037282272437	0.914761936870176	0.282185814185814	0.710804692316834
PF13038.9	-1.53405921488757	-1.49962541880826	-1.5703961747072	0.161191523537696	4.09238848349027	-0.0357968115233674	0.480346436437592	0.726137130743289	0.974848735905108	0.763303896103896	0.971311229827249
PF14412.9	-1.95518906320056	-1.52373356950267	-2.22293626027036	0.824545548723418	4.11594277835854	-0.167683744630833	0.410000003444949	0.565058619017515	0.924028411889056	0.574926673326673	0.925368894337007
PF20202.1	-1.18388266988513	-1.52902508659732	-0.940097442155547	-0.442658375413653	3.99499402706989	0.0915243417090806	0.444666668741459	0.679824829375687	0.987307062841307	0.642864735264735	0.93860003460151
PF06777.14	0.00638537979050824	-1.48516322521181	0.51961575380421	-1.832534076966	3.28396739135968	0.495826292823848	0.259160571226217	0.256759493117687	0.891564315712066	0.211935664335664	0.621538899593227
PF18259.4	3.5429913471797	2.33201696543454	4.03624339864333	-1.73093086652795	2.6641636342664	0.612648415309097	0.13000003029109	0.225258068940518	0.945052164523364	0.0158977022977023	0.214281125196702
PF02089.18	-1.32857821905729	-1.4816159840344	-1.23664647291593	0.0499069972432329	4.05324399396904	-0.00809857045352484	0.495333333506188	0.728954458833801	0.976669224813603	0.749402597402597	0.958356080070227
PF16949.8	-0.782047620135918	-1.53457367689938	-0.359946971935028	-0.898916083830897	3.85227052709245	0.199537074479287	0.376666671530504	0.573445479515711	0.977359020774821	0.511492507492508	0.894014095061311
PF20338.1	-2.37455758704327	-1.41933491332194	-2.85233849111781	1.37888073201245	4.12184535081007	-0.299517654468196	0.352666672642312	0.458551477755739	0.866726817358537	0.451902497502498	0.872398205505576
PF05069.16	-2.1254315147771	-1.38815139874883	-2.54978927413975	1.13248447141527	4.0760089555787	-0.24637368496737	0.381079285142026	0.514316421185796	0.897602644869128	0.503530869130869	0.90004700878941
PF07071.14	-2.39860326324611	-0.940989862856974	-3.19101107862351	2.24670310678783	4.14268045169995	-0.490801586599364	0.266489018374794	0.297090117031708	0.753883319459304	0.279835364635365	0.746655616355838
PF06277.14	-2.07662317018455	-0.0178788089463673	-3.1003303343785	2.95106790769199	3.97247438504393	-0.679130133187179	0.205196552357659	0.165742546921277	0.631811971558054	0.139177222777223	0.598366477823837
PF10364.12	-2.26494196347582	-1.44357197915629	-2.84029712495007	1.30253832944764	4.42145819105345	-0.248520325969982	0.366666671982987	0.462708882842289	0.869348251001946	0.46324955044955	0.882340648721891
PF14435.9	-2.34079623869132	-1.4440483521211	-2.85213136541096	1.47977829927735	4.25153871425943	-0.307393140124176	0.346000006301487	0.449814689169925	0.850698684978193	0.455575624375624	0.85247130371884
PF04255.17	-2.49672539543024	-0.979869216245573	-3.22645098638776	2.15835281705128	4.22469082138974	-0.438471604292518	0.290473027388758	0.328019033963601	0.758409639103905	0.310604995004995	0.757552330211647
PF18480.4	-2.33672590428379	-1.46137483863403	-2.87570646038533	1.48399427161207	4.25890782868202	-0.296342675186639	0.343104603372395	0.443008959268567	0.865796295661218	0.453476523476523	0.866306523776521
PF11721.11	-2.29307809032128	-1.38998331410748	-2.8456721679173	1.20043913644475	4.58364999830821	-0.222612649921866	0.39333333747232	0.511672314428531	0.909145163949608	0.518388411588412	0.921067229240835
PF04303.16	-2.29562436693536	-1.38963948086692	-2.84823437970861	1.39163629701669	4.23190051761857	-0.28347147788083	0.354000005911439	0.421769062450874	0.867320555609573	0.425002597402597	0.87245455262087
PF08946.13	-2.3653368272737	-1.52522386362908	-2.78127330392895	1.36743612205874	4.10312839632275	-0.289567474609757	0.355096608116218	0.455049423026853	0.871858495267666	0.45508011988012	0.868076866244452
PF13430.9	-2.39715105357613	-1.55453454417358	-2.88582439687559	1.35867189923288	4.29223077264905	-0.267114466423733	0.366422390397075	0.479794407118708	0.882718404158668	0.489393806193806	0.887122513742655
PF05990.15	-2.35560871243473	-1.53506015786425	-2.815852552121	1.3322889955909	4.13007316787055	-0.28142752140923	0.346666672935199	0.469466684357562	0.865347787255504	0.478478321678322	0.868666050282475
PF05228.16	-2.377594292779	-1.4820611493565	-2.88526303539528	1.33688457309856	4.41233516520006	-0.277635584699603	0.357761498062769	0.457687405683045	0.875379400195018	0.453639160839161	0.874005776371419
PF18953.3	-1.90165698806679	-1.40495698150626	-2.17430360693116	0.983496798742869	3.94914124165721	-0.192059614171122	0.403333337052597	0.548768371622424	0.916639403527787	0.55695984015984	0.917810070696023
PF20026.2	-1.83197969143291	-1.31370425545549	-2.14576603322608	0.81366396761177	3.94008118632395	-0.176154746719741	0.404000003691644	0.559879291723396	0.915233323687025	0.56366953046953	0.918001812448433
PF06684.14	-2.095453159375	-1.46155684247692	-2.46925447615384	1.0736149632777	4.07318346982995	-0.221451416970956	0.389073955014824	0.527678508438601	0.912052628710886	0.53525994005994	0.92125492521459
PF20374.1	-2.29131514146419	-1.51510753294205	-2.77573585632833	1.3167374882802	4.24680633274066	-0.271206601064452	0.368421057860494	0.46836530357207	0.874519523604698	0.485067332667333	0.88700474261354
PF12206.11	-2.01312291907939	-1.47595678432918	-2.37365768164735	1.02673480005128	4.26430575250556	-0.217196607266601	0.392405067464063	0.555423499171624	0.906958897657606	0.556423576423576	0.910341071133524
PF14550.9	-1.76037482119338	-1.46697020653426	-1.92341326323662	0.51415823194315	4.11425265857089	-0.104910754082061	0.443704199310853	0.656277868973002	0.956844693247972	0.68302017982018	0.966159467208531
PF19474.2	-2.16130219460928	-1.4199054464633	-2.6149199532545	1.06455198949921	4.29722013686209	-0.218806311770498	0.390666670919393	0.522928825680824	0.913943271878003	0.534362037962038	0.926777096759718
PF11417.11	-2.23670863433697	-1.36188143606154	-2.73195639645382	1.36090806098511	4.19639993423487	-0.293912047442783	0.348000006202873	0.443147445982699	0.864743013933888	0.457368231768232	0.873298696752331
PF20586.1	-1.97624928100307	-1.48903346557125	-2.3189938681362	0.921900404315539	4.2030721464946	-0.185377072028758	0.395736179914541	0.551264079697256	0.907761438650996	0.579196403596404	0.922565482597201
PF16334.8	-2.10123054436866	-1.42589870360211	-2.5061539563384	1.1221396381239	4.15944369369373	-0.237276392436156	0.384410397588074	0.507093632350851	0.896896967741901	0.513956043956044	0.905327259531499
PF17168.7	-2.12663998936222	-1.57906847276289	-2.53480524464879	1.11123674369684	4.08406027336445	-0.219987070734791	0.388666671005231	0.527036299811295	0.916192468920462	0.541050549450549	0.921231822077512
PF16335.8	-2.08302372137242	-1.40047557534593	-2.46398752782255	1.21848190023259	4.30085293322053	-0.238337135947745	0.374417060254251	0.522520770735167	0.898069780343047	0.522507892107892	0.900043259165732
PF08760.14	-2.10840524183352	-1.44375745867855	-2.48621283177812	1.00137572763504	4.08324616782359	-0.199465017422699	0.38974017750457	0.550319476992226	0.914233749897244	0.542233766233766	0.911470738067247
PF16760.8	-2.33378566105122	-1.4236090896617	-2.88418994834599	1.56562572694106	4.34742230303068	-0.319335867951544	0.347101938284043	0.461457811542064	0.870650639550801	0.459369030969031	0.880095284540481
PF13011.9	-2.34639173778786	-1.36606740250884	-2.89058622357154	1.38617216466593	4.15821970251099	-0.297830825817129	0.342000006501016	0.443171690707019	0.866682212493688	0.438045954045954	0.872678397467014
PF09832.12	-2.34416487212835	-1.48993588313896	-2.78849785599626	1.35024744324893	4.26684120151916	-0.269608346873425	0.350000006105005	0.469339524111383	0.879371190756642	0.47015024975025	0.887173613454468
